match_id,season,start_date,venue,innings,ball,batting_team,bowling_team,striker,non_striker,bowler,runs_off_bat,extras,wides,noballs,byes,legbyes,penalty,wicket_type,player_dismissed,other_wicket_type,other_player_dismissed
1205835,2019/20,2019-11-18,"Cricket Stadium, Sector-16",1,0.1,Himachal,Railways,Abhimanyu Rana,P Chopra,K Upadhyay,1,0,,,,,,,,,
1205835,2019/20,2019-11-18,"Cricket Stadium, Sector-16",1,0.2,Himachal,Railways,P Chopra,Abhimanyu Rana,K Upadhyay,1,0,,,,,,,,,
1205835,2019/20,2019-11-18,"Cricket Stadium, Sector-16",1,0.3,Himachal,Railways,Abhimanyu Rana,P Chopra,K Upadhyay,2,0,,,,,,,,,
1205835,2019/20,2019-11-18,"Cricket Stadium, Sector-16",1,0.4,Himachal,Railways,Abhimanyu Rana,P Chopra,K Upadhyay,1,0,,,,,,,,,
1205835,2019/20,2019-11-18,"Cricket Stadium, Sector-16",1,0.5,Himachal,Railways,P Chopra,Abhimanyu Rana,K Upadhyay,3,0,,,,,,,,,
1205835,2019/20,2019-11-18,"Cricket Stadium, Sector-16",1,0.6,Himachal,Railways,Abhimanyu Rana,P Chopra,K Upadhyay,1,0,,,,,,,,,
1205835,2019/20,2019-11-18,"Cricket Stadium, Sector-16",1,1.1,Himachal,Railways,Abhimanyu Rana,P Chopra,T Pradeep,1,0,,,,,,,,,
1205835,2019/20,2019-11-18,"Cricket Stadium, Sector-16",1,1.2,Himachal,Railways,P Chopra,Abhimanyu Rana,T Pradeep,0,0,,,,,,,,,
1205835,2019/20,2019-11-18,"Cricket Stadium, Sector-16",1,1.3,Himachal,Railways,P Chopra,Abhimanyu Rana,T Pradeep,1,0,,,,,,,,,
1205835,2019/20,2019-11-18,"Cricket Stadium, Sector-16",1,1.4,Himachal,Railways,Abhimanyu Rana,P Chopra,T Pradeep,0,0,,,,,,,,,
1205835,2019/20,2019-11-18,"Cricket Stadium, Sector-16",1,1.5,Himachal,Railways,Abhimanyu Rana,P Chopra,T Pradeep,1,0,,,,,,,,,
1205835,2019/20,2019-11-18,"Cricket Stadium, Sector-16",1,1.6,Himachal,Railways,P Chopra,Abhimanyu Rana,T Pradeep,4,0,,,,,,,,,
1205835,2019/20,2019-11-18,"Cricket Stadium, Sector-16",1,2.1,Himachal,Railways,Abhimanyu Rana,P Chopra,K Upadhyay,0,0,,,,,,caught,Abhimanyu Rana,,
1205835,2019/20,2019-11-18,"Cricket Stadium, Sector-16",1,2.2,Himachal,Railways,P Chopra,N A Sharma,K Upadhyay,1,0,,,,,,,,,
1205835,2019/20,2019-11-18,"Cricket Stadium, Sector-16",1,2.3,Himachal,Railways,N A Sharma,P Chopra,K Upadhyay,1,0,,,,,,,,,
1205835,2019/20,2019-11-18,"Cricket Stadium, Sector-16",1,2.4,Himachal,Railways,P Chopra,N A Sharma,K Upadhyay,1,0,,,,,,,,,
1205835,2019/20,2019-11-18,"Cricket Stadium, Sector-16",1,2.5,Himachal,Railways,N A Sharma,P Chopra,K Upadhyay,1,0,,,,,,,,,
1205835,2019/20,2019-11-18,"Cricket Stadium, Sector-16",1,2.6,Himachal,Railways,P Chopra,N A Sharma,K Upadhyay,1,0,,,,,,,,,
1205835,2019/20,2019-11-18,"Cricket Stadium, Sector-16",1,3.1,Himachal,Railways,P Chopra,N A Sharma,Himanshu Sangwan,1,0,,,,,,,,,
1205835,2019/20,2019-11-18,"Cricket Stadium, Sector-16",1,3.2,Himachal,Railways,N A Sharma,P Chopra,Himanshu Sangwan,4,0,,,,,,,,,
1205835,2019/20,2019-11-18,"Cricket Stadium, Sector-16",1,3.3,Himachal,Railways,N A Sharma,P Chopra,Himanshu Sangwan,0,0,,,,,,,,,
1205835,2019/20,2019-11-18,"Cricket Stadium, Sector-16",1,3.4,Himachal,Railways,N A Sharma,P Chopra,Himanshu Sangwan,1,0,,,,,,,,,
1205835,2019/20,2019-11-18,"Cricket Stadium, Sector-16",1,3.5,Himachal,Railways,P Chopra,N A Sharma,Himanshu Sangwan,0,0,,,,,,,,,
1205835,2019/20,2019-11-18,"Cricket Stadium, Sector-16",1,3.6,Himachal,Railways,P Chopra,N A Sharma,Himanshu Sangwan,4,0,,,,,,,,,
1205835,2019/20,2019-11-18,"Cricket Stadium, Sector-16",1,4.1,Himachal,Railways,N A Sharma,P Chopra,Harsh Tyagi,2,0,,,,,,,,,
1205835,2019/20,2019-11-18,"Cricket Stadium, Sector-16",1,4.2,Himachal,Railways,N A Sharma,P Chopra,Harsh Tyagi,0,0,,,,,,,,,
1205835,2019/20,2019-11-18,"Cricket Stadium, Sector-16",1,4.3,Himachal,Railways,N A Sharma,P Chopra,Harsh Tyagi,0,0,,,,,,,,,
1205835,2019/20,2019-11-18,"Cricket Stadium, Sector-16",1,4.4,Himachal,Railways,N A Sharma,P Chopra,Harsh Tyagi,0,0,,,,,,,,,
1205835,2019/20,2019-11-18,"Cricket Stadium, Sector-16",1,4.5,Himachal,Railways,N A Sharma,P Chopra,Harsh Tyagi,6,0,,,,,,,,,
1205835,2019/20,2019-11-18,"Cricket Stadium, Sector-16",1,4.6,Himachal,Railways,N A Sharma,P Chopra,Harsh Tyagi,0,0,,,,,,,,,
1205835,2019/20,2019-11-18,"Cricket Stadium, Sector-16",1,5.1,Himachal,Railways,P Chopra,N A Sharma,K Upadhyay,1,0,,,,,,,,,
1205835,2019/20,2019-11-18,"Cricket Stadium, Sector-16",1,5.2,Himachal,Railways,N A Sharma,P Chopra,K Upadhyay,0,1,,,,1,,,,,
1205835,2019/20,2019-11-18,"Cricket Stadium, Sector-16",1,5.3,Himachal,Railways,P Chopra,N A Sharma,K Upadhyay,0,0,,,,,,,,,
1205835,2019/20,2019-11-18,"Cricket Stadium, Sector-16",1,5.4,Himachal,Railways,P Chopra,N A Sharma,K Upadhyay,0,0,,,,,,,,,
1205835,2019/20,2019-11-18,"Cricket Stadium, Sector-16",1,5.5,Himachal,Railways,P Chopra,N A Sharma,K Upadhyay,1,0,,,,,,,,,
1205835,2019/20,2019-11-18,"Cricket Stadium, Sector-16",1,5.6,Himachal,Railways,N A Sharma,P Chopra,K Upadhyay,0,1,,,,1,,,,,
1205835,2019/20,2019-11-18,"Cricket Stadium, Sector-16",1,6.1,Himachal,Railways,N A Sharma,P Chopra,KV Sharma,1,0,,,,,,,,,
1205835,2019/20,2019-11-18,"Cricket Stadium, Sector-16",1,6.2,Himachal,Railways,P Chopra,N A Sharma,KV Sharma,0,1,,,,1,,,,,
1205835,2019/20,2019-11-18,"Cricket Stadium, Sector-16",1,6.3,Himachal,Railways,N A Sharma,P Chopra,KV Sharma,6,0,,,,,,,,,
1205835,2019/20,2019-11-18,"Cricket Stadium, Sector-16",1,6.4,Himachal,Railways,N A Sharma,P Chopra,KV Sharma,1,0,,,,,,,,,
1205835,2019/20,2019-11-18,"Cricket Stadium, Sector-16",1,6.5,Himachal,Railways,P Chopra,N A Sharma,KV Sharma,1,0,,,,,,,,,
1205835,2019/20,2019-11-18,"Cricket Stadium, Sector-16",1,6.6,Himachal,Railways,N A Sharma,P Chopra,KV Sharma,1,0,,,,,,,,,
1205835,2019/20,2019-11-18,"Cricket Stadium, Sector-16",1,7.1,Himachal,Railways,N A Sharma,P Chopra,K Upadhyay,0,0,,,,,,,,,
1205835,2019/20,2019-11-18,"Cricket Stadium, Sector-16",1,7.2,Himachal,Railways,N A Sharma,P Chopra,K Upadhyay,1,0,,,,,,,,,
1205835,2019/20,2019-11-18,"Cricket Stadium, Sector-16",1,7.3,Himachal,Railways,P Chopra,N A Sharma,K Upadhyay,1,0,,,,,,,,,
1205835,2019/20,2019-11-18,"Cricket Stadium, Sector-16",1,7.4,Himachal,Railways,N A Sharma,P Chopra,K Upadhyay,6,0,,,,,,,,,
1205835,2019/20,2019-11-18,"Cricket Stadium, Sector-16",1,7.5,Himachal,Railways,N A Sharma,P Chopra,K Upadhyay,0,0,,,,,,,,,
1205835,2019/20,2019-11-18,"Cricket Stadium, Sector-16",1,7.6,Himachal,Railways,N A Sharma,P Chopra,K Upadhyay,1,0,,,,,,,,,
1205835,2019/20,2019-11-18,"Cricket Stadium, Sector-16",1,8.1,Himachal,Railways,N A Sharma,P Chopra,Harsh Tyagi,1,0,,,,,,,,,
1205835,2019/20,2019-11-18,"Cricket Stadium, Sector-16",1,8.2,Himachal,Railways,P Chopra,N A Sharma,Harsh Tyagi,1,0,,,,,,,,,
1205835,2019/20,2019-11-18,"Cricket Stadium, Sector-16",1,8.3,Himachal,Railways,N A Sharma,P Chopra,Harsh Tyagi,1,0,,,,,,,,,
1205835,2019/20,2019-11-18,"Cricket Stadium, Sector-16",1,8.4,Himachal,Railways,P Chopra,N A Sharma,Harsh Tyagi,0,0,,,,,,,,,
1205835,2019/20,2019-11-18,"Cricket Stadium, Sector-16",1,8.5,Himachal,Railways,P Chopra,N A Sharma,Harsh Tyagi,1,0,,,,,,,,,
1205835,2019/20,2019-11-18,"Cricket Stadium, Sector-16",1,8.6,Himachal,Railways,N A Sharma,P Chopra,Harsh Tyagi,1,0,,,,,,,,,
1205835,2019/20,2019-11-18,"Cricket Stadium, Sector-16",1,9.1,Himachal,Railways,N A Sharma,P Chopra,Karthik Raman,1,0,,,,,,,,,
1205835,2019/20,2019-11-18,"Cricket Stadium, Sector-16",1,9.2,Himachal,Railways,P Chopra,N A Sharma,Karthik Raman,1,0,,,,,,,,,
1205835,2019/20,2019-11-18,"Cricket Stadium, Sector-16",1,9.3,Himachal,Railways,N A Sharma,P Chopra,Karthik Raman,1,0,,,,,,,,,
1205835,2019/20,2019-11-18,"Cricket Stadium, Sector-16",1,9.4,Himachal,Railways,P Chopra,N A Sharma,Karthik Raman,4,0,,,,,,,,,
1205835,2019/20,2019-11-18,"Cricket Stadium, Sector-16",1,9.5,Himachal,Railways,P Chopra,N A Sharma,Karthik Raman,0,1,1,,,,,,,,
1205835,2019/20,2019-11-18,"Cricket Stadium, Sector-16",1,9.6,Himachal,Railways,P Chopra,N A Sharma,Karthik Raman,4,0,,,,,,,,,
1205835,2019/20,2019-11-18,"Cricket Stadium, Sector-16",1,9.7,Himachal,Railways,P Chopra,N A Sharma,Karthik Raman,0,0,,,,,,,,,
1205835,2019/20,2019-11-18,"Cricket Stadium, Sector-16",1,10.1,Himachal,Railways,N A Sharma,P Chopra,KV Sharma,4,0,,,,,,,,,
1205835,2019/20,2019-11-18,"Cricket Stadium, Sector-16",1,10.2,Himachal,Railways,N A Sharma,P Chopra,KV Sharma,6,0,,,,,,,,,
1205835,2019/20,2019-11-18,"Cricket Stadium, Sector-16",1,10.3,Himachal,Railways,N A Sharma,P Chopra,KV Sharma,4,0,,,,,,,,,
1205835,2019/20,2019-11-18,"Cricket Stadium, Sector-16",1,10.4,Himachal,Railways,N A Sharma,P Chopra,KV Sharma,0,0,,,,,,,,,
1205835,2019/20,2019-11-18,"Cricket Stadium, Sector-16",1,10.5,Himachal,Railways,N A Sharma,P Chopra,KV Sharma,1,0,,,,,,,,,
1205835,2019/20,2019-11-18,"Cricket Stadium, Sector-16",1,10.6,Himachal,Railways,P Chopra,N A Sharma,KV Sharma,4,0,,,,,,,,,
1205835,2019/20,2019-11-18,"Cricket Stadium, Sector-16",1,11.1,Himachal,Railways,N A Sharma,P Chopra,Karthik Raman,1,0,,,,,,,,,
1205835,2019/20,2019-11-18,"Cricket Stadium, Sector-16",1,11.2,Himachal,Railways,P Chopra,N A Sharma,Karthik Raman,4,0,,,,,,,,,
1205835,2019/20,2019-11-18,"Cricket Stadium, Sector-16",1,11.3,Himachal,Railways,P Chopra,N A Sharma,Karthik Raman,1,0,,,,,,,,,
1205835,2019/20,2019-11-18,"Cricket Stadium, Sector-16",1,11.4,Himachal,Railways,N A Sharma,P Chopra,Karthik Raman,2,0,,,,,,,,,
1205835,2019/20,2019-11-18,"Cricket Stadium, Sector-16",1,11.5,Himachal,Railways,N A Sharma,P Chopra,Karthik Raman,1,0,,,,,,,,,
1205835,2019/20,2019-11-18,"Cricket Stadium, Sector-16",1,11.6,Himachal,Railways,P Chopra,N A Sharma,Karthik Raman,6,0,,,,,,,,,
1205835,2019/20,2019-11-18,"Cricket Stadium, Sector-16",1,12.1,Himachal,Railways,N A Sharma,P Chopra,Harsh Tyagi,0,0,,,,,,,,,
1205835,2019/20,2019-11-18,"Cricket Stadium, Sector-16",1,12.2,Himachal,Railways,N A Sharma,P Chopra,Harsh Tyagi,1,0,,,,,,,,,
1205835,2019/20,2019-11-18,"Cricket Stadium, Sector-16",1,12.3,Himachal,Railways,P Chopra,N A Sharma,Harsh Tyagi,0,0,,,,,,caught and bowled,P Chopra,,
1205835,2019/20,2019-11-18,"Cricket Stadium, Sector-16",1,12.4,Himachal,Railways,AR Kumar,N A Sharma,Harsh Tyagi,1,0,,,,,,,,,
1205835,2019/20,2019-11-18,"Cricket Stadium, Sector-16",1,12.5,Himachal,Railways,N A Sharma,AR Kumar,Harsh Tyagi,4,0,,,,,,,,,
1205835,2019/20,2019-11-18,"Cricket Stadium, Sector-16",1,12.6,Himachal,Railways,N A Sharma,AR Kumar,Harsh Tyagi,0,0,,,,,,,,,
1205835,2019/20,2019-11-18,"Cricket Stadium, Sector-16",1,13.1,Himachal,Railways,AR Kumar,N A Sharma,T Pradeep,1,0,,,,,,,,,
1205835,2019/20,2019-11-18,"Cricket Stadium, Sector-16",1,13.2,Himachal,Railways,N A Sharma,AR Kumar,T Pradeep,1,0,,,,,,,,,
1205835,2019/20,2019-11-18,"Cricket Stadium, Sector-16",1,13.3,Himachal,Railways,AR Kumar,N A Sharma,T Pradeep,4,0,,,,,,,,,
1205835,2019/20,2019-11-18,"Cricket Stadium, Sector-16",1,13.4,Himachal,Railways,AR Kumar,N A Sharma,T Pradeep,0,0,,,,,,,,,
1205835,2019/20,2019-11-18,"Cricket Stadium, Sector-16",1,13.5,Himachal,Railways,AR Kumar,N A Sharma,T Pradeep,1,0,,,,,,,,,
1205835,2019/20,2019-11-18,"Cricket Stadium, Sector-16",1,13.6,Himachal,Railways,N A Sharma,AR Kumar,T Pradeep,2,0,,,,,,,,,
1205835,2019/20,2019-11-18,"Cricket Stadium, Sector-16",1,14.1,Himachal,Railways,AR Kumar,N A Sharma,Harsh Tyagi,1,0,,,,,,,,,
1205835,2019/20,2019-11-18,"Cricket Stadium, Sector-16",1,14.2,Himachal,Railways,N A Sharma,AR Kumar,Harsh Tyagi,0,0,,,,,,,,,
1205835,2019/20,2019-11-18,"Cricket Stadium, Sector-16",1,14.3,Himachal,Railways,N A Sharma,AR Kumar,Harsh Tyagi,4,0,,,,,,,,,
1205835,2019/20,2019-11-18,"Cricket Stadium, Sector-16",1,14.4,Himachal,Railways,N A Sharma,AR Kumar,Harsh Tyagi,1,0,,,,,,,,,
1205835,2019/20,2019-11-18,"Cricket Stadium, Sector-16",1,14.5,Himachal,Railways,AR Kumar,N A Sharma,Harsh Tyagi,1,0,,,,,,,,,
1205835,2019/20,2019-11-18,"Cricket Stadium, Sector-16",1,14.6,Himachal,Railways,N A Sharma,AR Kumar,Harsh Tyagi,1,0,,,,,,,,,
1205835,2019/20,2019-11-18,"Cricket Stadium, Sector-16",1,15.1,Himachal,Railways,N A Sharma,AR Kumar,Himanshu Sangwan,0,0,,,,,,,,,
1205835,2019/20,2019-11-18,"Cricket Stadium, Sector-16",1,15.2,Himachal,Railways,N A Sharma,AR Kumar,Himanshu Sangwan,1,0,,,,,,,,,
1205835,2019/20,2019-11-18,"Cricket Stadium, Sector-16",1,15.3,Himachal,Railways,AR Kumar,N A Sharma,Himanshu Sangwan,1,0,,,,,,,,,
1205835,2019/20,2019-11-18,"Cricket Stadium, Sector-16",1,15.4,Himachal,Railways,N A Sharma,AR Kumar,Himanshu Sangwan,2,0,,,,,,,,,
1205835,2019/20,2019-11-18,"Cricket Stadium, Sector-16",1,15.5,Himachal,Railways,N A Sharma,AR Kumar,Himanshu Sangwan,2,0,,,,,,,,,
1205835,2019/20,2019-11-18,"Cricket Stadium, Sector-16",1,15.6,Himachal,Railways,N A Sharma,AR Kumar,Himanshu Sangwan,1,0,,,,,,,,,
1205835,2019/20,2019-11-18,"Cricket Stadium, Sector-16",1,16.1,Himachal,Railways,N A Sharma,AR Kumar,T Pradeep,0,0,,,,,,caught,N A Sharma,,
1205835,2019/20,2019-11-18,"Cricket Stadium, Sector-16",1,16.2,Himachal,Railways,AR Kumar,Pankaj Jaswal,T Pradeep,1,0,,,,,,,,,
1205835,2019/20,2019-11-18,"Cricket Stadium, Sector-16",1,16.3,Himachal,Railways,Pankaj Jaswal,AR Kumar,T Pradeep,1,0,,,,,,,,,
1205835,2019/20,2019-11-18,"Cricket Stadium, Sector-16",1,16.4,Himachal,Railways,AR Kumar,Pankaj Jaswal,T Pradeep,1,0,,,,,,run out,AR Kumar,,
1205835,2019/20,2019-11-18,"Cricket Stadium, Sector-16",1,16.5,Himachal,Railways,R Dhawan,Pankaj Jaswal,T Pradeep,4,0,,,,,,,,,
1205835,2019/20,2019-11-18,"Cricket Stadium, Sector-16",1,16.6,Himachal,Railways,R Dhawan,Pankaj Jaswal,T Pradeep,0,1,1,,,,,,,,
1205835,2019/20,2019-11-18,"Cricket Stadium, Sector-16",1,16.7,Himachal,Railways,R Dhawan,Pankaj Jaswal,T Pradeep,0,1,1,,,,,,,,
1205835,2019/20,2019-11-18,"Cricket Stadium, Sector-16",1,16.8,Himachal,Railways,R Dhawan,Pankaj Jaswal,T Pradeep,1,0,,,,,,,,,
1205835,2019/20,2019-11-18,"Cricket Stadium, Sector-16",1,17.1,Himachal,Railways,R Dhawan,Pankaj Jaswal,Himanshu Sangwan,0,0,,,,,,,,,
1205835,2019/20,2019-11-18,"Cricket Stadium, Sector-16",1,17.2,Himachal,Railways,R Dhawan,Pankaj Jaswal,Himanshu Sangwan,1,0,,,,,,,,,
1205835,2019/20,2019-11-18,"Cricket Stadium, Sector-16",1,17.3,Himachal,Railways,Pankaj Jaswal,R Dhawan,Himanshu Sangwan,1,0,,,,,,,,,
1205835,2019/20,2019-11-18,"Cricket Stadium, Sector-16",1,17.4,Himachal,Railways,R Dhawan,Pankaj Jaswal,Himanshu Sangwan,0,0,,,,,,,,,
1205835,2019/20,2019-11-18,"Cricket Stadium, Sector-16",1,17.5,Himachal,Railways,R Dhawan,Pankaj Jaswal,Himanshu Sangwan,2,0,,,,,,,,,
1205835,2019/20,2019-11-18,"Cricket Stadium, Sector-16",1,17.6,Himachal,Railways,R Dhawan,Pankaj Jaswal,Himanshu Sangwan,6,0,,,,,,,,,
1205835,2019/20,2019-11-18,"Cricket Stadium, Sector-16",1,18.1,Himachal,Railways,Pankaj Jaswal,R Dhawan,T Pradeep,0,0,,,,,,,,,
1205835,2019/20,2019-11-18,"Cricket Stadium, Sector-16",1,18.2,Himachal,Railways,Pankaj Jaswal,R Dhawan,T Pradeep,0,0,,,,,,,,,
1205835,2019/20,2019-11-18,"Cricket Stadium, Sector-16",1,18.3,Himachal,Railways,Pankaj Jaswal,R Dhawan,T Pradeep,6,0,,,,,,,,,
1205835,2019/20,2019-11-18,"Cricket Stadium, Sector-16",1,18.4,Himachal,Railways,Pankaj Jaswal,R Dhawan,T Pradeep,1,0,,,,,,,,,
1205835,2019/20,2019-11-18,"Cricket Stadium, Sector-16",1,18.5,Himachal,Railways,R Dhawan,Pankaj Jaswal,T Pradeep,1,0,,,,,,,,,
1205835,2019/20,2019-11-18,"Cricket Stadium, Sector-16",1,18.6,Himachal,Railways,Pankaj Jaswal,R Dhawan,T Pradeep,6,0,,,,,,,,,
1205835,2019/20,2019-11-18,"Cricket Stadium, Sector-16",1,19.1,Himachal,Railways,R Dhawan,Pankaj Jaswal,Himanshu Sangwan,0,0,,,,,,,,,
1205835,2019/20,2019-11-18,"Cricket Stadium, Sector-16",1,19.2,Himachal,Railways,R Dhawan,Pankaj Jaswal,Himanshu Sangwan,4,0,,,,,,,,,
1205835,2019/20,2019-11-18,"Cricket Stadium, Sector-16",1,19.3,Himachal,Railways,R Dhawan,Pankaj Jaswal,Himanshu Sangwan,4,0,,,,,,,,,
1205835,2019/20,2019-11-18,"Cricket Stadium, Sector-16",1,19.4,Himachal,Railways,R Dhawan,Pankaj Jaswal,Himanshu Sangwan,1,0,,,,,,,,,
1205835,2019/20,2019-11-18,"Cricket Stadium, Sector-16",1,19.5,Himachal,Railways,Pankaj Jaswal,R Dhawan,Himanshu Sangwan,6,0,,,,,,,,,
1205835,2019/20,2019-11-18,"Cricket Stadium, Sector-16",1,19.6,Himachal,Railways,Pankaj Jaswal,R Dhawan,Himanshu Sangwan,0,0,,,,,,,,,
1205835,2019/20,2019-11-18,"Cricket Stadium, Sector-16",2,0.1,Railways,Himachal,Mrunal Devdhar,Pratham Singh,Kanwar Abhinay,0,0,,,,,,,,,
1205835,2019/20,2019-11-18,"Cricket Stadium, Sector-16",2,0.2,Railways,Himachal,Mrunal Devdhar,Pratham Singh,Kanwar Abhinay,0,0,,,,,,,,,
1205835,2019/20,2019-11-18,"Cricket Stadium, Sector-16",2,0.3,Railways,Himachal,Mrunal Devdhar,Pratham Singh,Kanwar Abhinay,0,0,,,,,,,,,
1205835,2019/20,2019-11-18,"Cricket Stadium, Sector-16",2,0.4,Railways,Himachal,Mrunal Devdhar,Pratham Singh,Kanwar Abhinay,4,0,,,,,,,,,
1205835,2019/20,2019-11-18,"Cricket Stadium, Sector-16",2,0.5,Railways,Himachal,Mrunal Devdhar,Pratham Singh,Kanwar Abhinay,1,0,,,,,,,,,
1205835,2019/20,2019-11-18,"Cricket Stadium, Sector-16",2,0.6,Railways,Himachal,Pratham Singh,Mrunal Devdhar,Kanwar Abhinay,1,0,,,,,,,,,
1205835,2019/20,2019-11-18,"Cricket Stadium, Sector-16",2,1.1,Railways,Himachal,Pratham Singh,Mrunal Devdhar,Pankaj Jaswal,1,0,,,,,,,,,
1205835,2019/20,2019-11-18,"Cricket Stadium, Sector-16",2,1.2,Railways,Himachal,Mrunal Devdhar,Pratham Singh,Pankaj Jaswal,4,0,,,,,,,,,
1205835,2019/20,2019-11-18,"Cricket Stadium, Sector-16",2,1.3,Railways,Himachal,Mrunal Devdhar,Pratham Singh,Pankaj Jaswal,4,0,,,,,,,,,
1205835,2019/20,2019-11-18,"Cricket Stadium, Sector-16",2,1.4,Railways,Himachal,Mrunal Devdhar,Pratham Singh,Pankaj Jaswal,4,0,,,,,,,,,
1205835,2019/20,2019-11-18,"Cricket Stadium, Sector-16",2,1.5,Railways,Himachal,Mrunal Devdhar,Pratham Singh,Pankaj Jaswal,4,0,,,,,,,,,
1205835,2019/20,2019-11-18,"Cricket Stadium, Sector-16",2,1.6,Railways,Himachal,Mrunal Devdhar,Pratham Singh,Pankaj Jaswal,0,0,,,,,,,,,
1205835,2019/20,2019-11-18,"Cricket Stadium, Sector-16",2,2.1,Railways,Himachal,Pratham Singh,Mrunal Devdhar,Kanwar Abhinay,1,0,,,,,,,,,
1205835,2019/20,2019-11-18,"Cricket Stadium, Sector-16",2,2.2,Railways,Himachal,Mrunal Devdhar,Pratham Singh,Kanwar Abhinay,4,0,,,,,,,,,
1205835,2019/20,2019-11-18,"Cricket Stadium, Sector-16",2,2.3,Railways,Himachal,Mrunal Devdhar,Pratham Singh,Kanwar Abhinay,1,0,,,,,,,,,
1205835,2019/20,2019-11-18,"Cricket Stadium, Sector-16",2,2.4,Railways,Himachal,Pratham Singh,Mrunal Devdhar,Kanwar Abhinay,0,0,,,,,,,,,
1205835,2019/20,2019-11-18,"Cricket Stadium, Sector-16",2,2.5,Railways,Himachal,Pratham Singh,Mrunal Devdhar,Kanwar Abhinay,1,0,,,,,,,,,
1205835,2019/20,2019-11-18,"Cricket Stadium, Sector-16",2,2.6,Railways,Himachal,Mrunal Devdhar,Pratham Singh,Kanwar Abhinay,0,0,,,,,,,,,
1205835,2019/20,2019-11-18,"Cricket Stadium, Sector-16",2,3.1,Railways,Himachal,Pratham Singh,Mrunal Devdhar,R Dhawan,0,0,,,,,,,,,
1205835,2019/20,2019-11-18,"Cricket Stadium, Sector-16",2,3.2,Railways,Himachal,Pratham Singh,Mrunal Devdhar,R Dhawan,4,0,,,,,,,,,
1205835,2019/20,2019-11-18,"Cricket Stadium, Sector-16",2,3.3,Railways,Himachal,Pratham Singh,Mrunal Devdhar,R Dhawan,0,0,,,,,,caught,Pratham Singh,,
1205835,2019/20,2019-11-18,"Cricket Stadium, Sector-16",2,3.4,Railways,Himachal,Mrunal Devdhar,Vikrant Rajput,R Dhawan,0,0,,,,,,,,,
1205835,2019/20,2019-11-18,"Cricket Stadium, Sector-16",2,3.5,Railways,Himachal,Mrunal Devdhar,Vikrant Rajput,R Dhawan,0,0,,,,,,caught,Mrunal Devdhar,,
1205835,2019/20,2019-11-18,"Cricket Stadium, Sector-16",2,3.6,Railways,Himachal,Dinesh Mor,Vikrant Rajput,R Dhawan,0,0,,,,,,,,,
1205835,2019/20,2019-11-18,"Cricket Stadium, Sector-16",2,4.1,Railways,Himachal,Vikrant Rajput,Dinesh Mor,Ayush Jamwal,1,0,,,,,,,,,
1205835,2019/20,2019-11-18,"Cricket Stadium, Sector-16",2,4.2,Railways,Himachal,Dinesh Mor,Vikrant Rajput,Ayush Jamwal,1,0,,,,,,,,,
1205835,2019/20,2019-11-18,"Cricket Stadium, Sector-16",2,4.3,Railways,Himachal,Vikrant Rajput,Dinesh Mor,Ayush Jamwal,1,0,,,,,,,,,
1205835,2019/20,2019-11-18,"Cricket Stadium, Sector-16",2,4.4,Railways,Himachal,Dinesh Mor,Vikrant Rajput,Ayush Jamwal,4,0,,,,,,,,,
1205835,2019/20,2019-11-18,"Cricket Stadium, Sector-16",2,4.5,Railways,Himachal,Dinesh Mor,Vikrant Rajput,Ayush Jamwal,1,0,,,,,,,,,
1205835,2019/20,2019-11-18,"Cricket Stadium, Sector-16",2,4.6,Railways,Himachal,Vikrant Rajput,Dinesh Mor,Ayush Jamwal,1,0,,,,,,,,,
1205835,2019/20,2019-11-18,"Cricket Stadium, Sector-16",2,5.1,Railways,Himachal,Vikrant Rajput,Dinesh Mor,R Dhawan,0,0,,,,,,,,,
1205835,2019/20,2019-11-18,"Cricket Stadium, Sector-16",2,5.2,Railways,Himachal,Vikrant Rajput,Dinesh Mor,R Dhawan,1,0,,,,,,,,,
1205835,2019/20,2019-11-18,"Cricket Stadium, Sector-16",2,5.3,Railways,Himachal,Dinesh Mor,Vikrant Rajput,R Dhawan,0,1,1,,,,,,,,
1205835,2019/20,2019-11-18,"Cricket Stadium, Sector-16",2,5.4,Railways,Himachal,Dinesh Mor,Vikrant Rajput,R Dhawan,1,0,,,,,,,,,
1205835,2019/20,2019-11-18,"Cricket Stadium, Sector-16",2,5.5,Railways,Himachal,Vikrant Rajput,Dinesh Mor,R Dhawan,2,0,,,,,,,,,
1205835,2019/20,2019-11-18,"Cricket Stadium, Sector-16",2,5.6,Railways,Himachal,Vikrant Rajput,Dinesh Mor,R Dhawan,1,0,,,,,,,,,
1205835,2019/20,2019-11-18,"Cricket Stadium, Sector-16",2,5.7,Railways,Himachal,Dinesh Mor,Vikrant Rajput,R Dhawan,0,0,,,,,,bowled,Dinesh Mor,,
1205835,2019/20,2019-11-18,"Cricket Stadium, Sector-16",2,6.1,Railways,Himachal,Vikrant Rajput,M Ahmed,Ayush Jamwal,0,0,,,,,,,,,
1205835,2019/20,2019-11-18,"Cricket Stadium, Sector-16",2,6.2,Railways,Himachal,Vikrant Rajput,M Ahmed,Ayush Jamwal,1,0,,,,,,,,,
1205835,2019/20,2019-11-18,"Cricket Stadium, Sector-16",2,6.3,Railways,Himachal,M Ahmed,Vikrant Rajput,Ayush Jamwal,0,0,,,,,,,,,
1205835,2019/20,2019-11-18,"Cricket Stadium, Sector-16",2,6.4,Railways,Himachal,M Ahmed,Vikrant Rajput,Ayush Jamwal,0,0,,,,,,,,,
1205835,2019/20,2019-11-18,"Cricket Stadium, Sector-16",2,6.5,Railways,Himachal,M Ahmed,Vikrant Rajput,Ayush Jamwal,0,0,,,,,,,,,
1205835,2019/20,2019-11-18,"Cricket Stadium, Sector-16",2,6.6,Railways,Himachal,M Ahmed,Vikrant Rajput,Ayush Jamwal,0,0,,,,,,,,,
1205835,2019/20,2019-11-18,"Cricket Stadium, Sector-16",2,7.1,Railways,Himachal,Vikrant Rajput,M Ahmed,Pankaj Jaswal,0,0,,,,,,,,,
1205835,2019/20,2019-11-18,"Cricket Stadium, Sector-16",2,7.2,Railways,Himachal,Vikrant Rajput,M Ahmed,Pankaj Jaswal,0,0,,,,,,,,,
1205835,2019/20,2019-11-18,"Cricket Stadium, Sector-16",2,7.3,Railways,Himachal,Vikrant Rajput,M Ahmed,Pankaj Jaswal,1,0,,,,,,,,,
1205835,2019/20,2019-11-18,"Cricket Stadium, Sector-16",2,7.4,Railways,Himachal,M Ahmed,Vikrant Rajput,Pankaj Jaswal,0,0,,,,,,,,,
1205835,2019/20,2019-11-18,"Cricket Stadium, Sector-16",2,7.5,Railways,Himachal,M Ahmed,Vikrant Rajput,Pankaj Jaswal,0,0,,,,,,,,,
1205835,2019/20,2019-11-18,"Cricket Stadium, Sector-16",2,7.6,Railways,Himachal,M Ahmed,Vikrant Rajput,Pankaj Jaswal,0,0,,,,,,,,,
1205835,2019/20,2019-11-18,"Cricket Stadium, Sector-16",2,8.1,Railways,Himachal,Vikrant Rajput,M Ahmed,Akash Vasisht,4,0,,,,,,,,,
1205835,2019/20,2019-11-18,"Cricket Stadium, Sector-16",2,8.2,Railways,Himachal,Vikrant Rajput,M Ahmed,Akash Vasisht,0,0,,,,,,,,,
1205835,2019/20,2019-11-18,"Cricket Stadium, Sector-16",2,8.3,Railways,Himachal,Vikrant Rajput,M Ahmed,Akash Vasisht,4,0,,,,,,,,,
1205835,2019/20,2019-11-18,"Cricket Stadium, Sector-16",2,8.4,Railways,Himachal,Vikrant Rajput,M Ahmed,Akash Vasisht,1,0,,,,,,,,,
1205835,2019/20,2019-11-18,"Cricket Stadium, Sector-16",2,8.5,Railways,Himachal,M Ahmed,Vikrant Rajput,Akash Vasisht,0,0,,,,,,,,,
1205835,2019/20,2019-11-18,"Cricket Stadium, Sector-16",2,8.6,Railways,Himachal,M Ahmed,Vikrant Rajput,Akash Vasisht,0,0,,,,,,,,,
1205835,2019/20,2019-11-18,"Cricket Stadium, Sector-16",2,9.1,Railways,Himachal,Vikrant Rajput,M Ahmed,Pankaj Jaswal,0,0,,,,,,,,,
1205835,2019/20,2019-11-18,"Cricket Stadium, Sector-16",2,9.2,Railways,Himachal,Vikrant Rajput,M Ahmed,Pankaj Jaswal,1,0,,,,,,,,,
1205835,2019/20,2019-11-18,"Cricket Stadium, Sector-16",2,9.3,Railways,Himachal,M Ahmed,Vikrant Rajput,Pankaj Jaswal,1,0,,,,,,,,,
1205835,2019/20,2019-11-18,"Cricket Stadium, Sector-16",2,9.4,Railways,Himachal,Vikrant Rajput,M Ahmed,Pankaj Jaswal,0,0,,,,,,caught,Vikrant Rajput,,
1205835,2019/20,2019-11-18,"Cricket Stadium, Sector-16",2,9.5,Railways,Himachal,M Ahmed,KV Sharma,Pankaj Jaswal,0,0,,,,,,,,,
1205835,2019/20,2019-11-18,"Cricket Stadium, Sector-16",2,9.6,Railways,Himachal,M Ahmed,KV Sharma,Pankaj Jaswal,0,0,,,,,,,,,
1205835,2019/20,2019-11-18,"Cricket Stadium, Sector-16",2,10.1,Railways,Himachal,KV Sharma,M Ahmed,Akash Vasisht,6,0,,,,,,,,,
1205835,2019/20,2019-11-18,"Cricket Stadium, Sector-16",2,10.2,Railways,Himachal,KV Sharma,M Ahmed,Akash Vasisht,0,0,,,,,,,,,
1205835,2019/20,2019-11-18,"Cricket Stadium, Sector-16",2,10.3,Railways,Himachal,KV Sharma,M Ahmed,Akash Vasisht,2,0,,,,,,,,,
1205835,2019/20,2019-11-18,"Cricket Stadium, Sector-16",2,10.4,Railways,Himachal,KV Sharma,M Ahmed,Akash Vasisht,0,0,,,,,,,,,
1205835,2019/20,2019-11-18,"Cricket Stadium, Sector-16",2,10.5,Railways,Himachal,KV Sharma,M Ahmed,Akash Vasisht,1,0,,,,,,,,,
1205835,2019/20,2019-11-18,"Cricket Stadium, Sector-16",2,10.6,Railways,Himachal,M Ahmed,KV Sharma,Akash Vasisht,4,0,,,,,,,,,
1205835,2019/20,2019-11-18,"Cricket Stadium, Sector-16",2,11.1,Railways,Himachal,KV Sharma,M Ahmed,R Dhawan,1,0,,,,,,,,,
1205835,2019/20,2019-11-18,"Cricket Stadium, Sector-16",2,11.2,Railways,Himachal,M Ahmed,KV Sharma,R Dhawan,0,0,,,,,,,,,
1205835,2019/20,2019-11-18,"Cricket Stadium, Sector-16",2,11.3,Railways,Himachal,M Ahmed,KV Sharma,R Dhawan,4,0,,,,,,,,,
1205835,2019/20,2019-11-18,"Cricket Stadium, Sector-16",2,11.4,Railways,Himachal,M Ahmed,KV Sharma,R Dhawan,1,0,,,,,,,,,
1205835,2019/20,2019-11-18,"Cricket Stadium, Sector-16",2,11.5,Railways,Himachal,KV Sharma,M Ahmed,R Dhawan,1,0,,,,,,,,,
1205835,2019/20,2019-11-18,"Cricket Stadium, Sector-16",2,11.6,Railways,Himachal,M Ahmed,KV Sharma,R Dhawan,1,0,,,,,,,,,
1205835,2019/20,2019-11-18,"Cricket Stadium, Sector-16",2,12.1,Railways,Himachal,M Ahmed,KV Sharma,P Chopra,1,0,,,,,,,,,
1205835,2019/20,2019-11-18,"Cricket Stadium, Sector-16",2,12.2,Railways,Himachal,KV Sharma,M Ahmed,P Chopra,4,0,,,,,,,,,
1205835,2019/20,2019-11-18,"Cricket Stadium, Sector-16",2,12.3,Railways,Himachal,KV Sharma,M Ahmed,P Chopra,0,0,,,,,,,,,
1205835,2019/20,2019-11-18,"Cricket Stadium, Sector-16",2,12.4,Railways,Himachal,KV Sharma,M Ahmed,P Chopra,6,0,,,,,,,,,
1205835,2019/20,2019-11-18,"Cricket Stadium, Sector-16",2,12.5,Railways,Himachal,KV Sharma,M Ahmed,P Chopra,1,0,,,,,,,,,
1205835,2019/20,2019-11-18,"Cricket Stadium, Sector-16",2,12.6,Railways,Himachal,M Ahmed,KV Sharma,P Chopra,1,0,,,,,,,,,
1205835,2019/20,2019-11-18,"Cricket Stadium, Sector-16",2,13.1,Railways,Himachal,M Ahmed,KV Sharma,Ayush Jamwal,1,0,,,,,,,,,
1205835,2019/20,2019-11-18,"Cricket Stadium, Sector-16",2,13.2,Railways,Himachal,KV Sharma,M Ahmed,Ayush Jamwal,0,0,,,,,,caught,KV Sharma,,
1205835,2019/20,2019-11-18,"Cricket Stadium, Sector-16",2,13.3,Railways,Himachal,T Pradeep,M Ahmed,Ayush Jamwal,0,0,,,,,,,,,
1205835,2019/20,2019-11-18,"Cricket Stadium, Sector-16",2,13.4,Railways,Himachal,T Pradeep,M Ahmed,Ayush Jamwal,1,0,,,,,,,,,
1205835,2019/20,2019-11-18,"Cricket Stadium, Sector-16",2,13.5,Railways,Himachal,M Ahmed,T Pradeep,Ayush Jamwal,0,0,,,,,,,,,
1205835,2019/20,2019-11-18,"Cricket Stadium, Sector-16",2,13.6,Railways,Himachal,M Ahmed,T Pradeep,Ayush Jamwal,0,0,,,,,,caught,M Ahmed,,
1205835,2019/20,2019-11-18,"Cricket Stadium, Sector-16",2,14.1,Railways,Himachal,T Pradeep,Harsh Tyagi,Akash Vasisht,0,0,,,,,,caught,T Pradeep,,
1205835,2019/20,2019-11-18,"Cricket Stadium, Sector-16",2,14.2,Railways,Himachal,Himanshu Sangwan,Harsh Tyagi,Akash Vasisht,1,0,,,,,,,,,
1205835,2019/20,2019-11-18,"Cricket Stadium, Sector-16",2,14.3,Railways,Himachal,Harsh Tyagi,Himanshu Sangwan,Akash Vasisht,1,0,,,,,,,,,
1205835,2019/20,2019-11-18,"Cricket Stadium, Sector-16",2,14.4,Railways,Himachal,Himanshu Sangwan,Harsh Tyagi,Akash Vasisht,0,0,,,,,,,,,
1205835,2019/20,2019-11-18,"Cricket Stadium, Sector-16",2,14.5,Railways,Himachal,Himanshu Sangwan,Harsh Tyagi,Akash Vasisht,0,0,,,,,,caught and bowled,Himanshu Sangwan,,
1205835,2019/20,2019-11-18,"Cricket Stadium, Sector-16",2,14.6,Railways,Himachal,K Upadhyay,Harsh Tyagi,Akash Vasisht,0,0,,,,,,,,,
1205835,2019/20,2019-11-18,"Cricket Stadium, Sector-16",2,15.1,Railways,Himachal,Harsh Tyagi,K Upadhyay,Ayush Jamwal,0,0,,,,,,,,,
1205835,2019/20,2019-11-18,"Cricket Stadium, Sector-16",2,15.2,Railways,Himachal,Harsh Tyagi,K Upadhyay,Ayush Jamwal,1,0,,,,,,,,,
1205835,2019/20,2019-11-18,"Cricket Stadium, Sector-16",2,15.3,Railways,Himachal,K Upadhyay,Harsh Tyagi,Ayush Jamwal,0,0,,,,,,,,,
1205835,2019/20,2019-11-18,"Cricket Stadium, Sector-16",2,15.4,Railways,Himachal,K Upadhyay,Harsh Tyagi,Ayush Jamwal,1,0,,,,,,,,,
1205835,2019/20,2019-11-18,"Cricket Stadium, Sector-16",2,15.5,Railways,Himachal,Harsh Tyagi,K Upadhyay,Ayush Jamwal,1,0,,,,,,,,,
1205835,2019/20,2019-11-18,"Cricket Stadium, Sector-16",2,15.6,Railways,Himachal,K Upadhyay,Harsh Tyagi,Ayush Jamwal,0,0,,,,,,,,,
1205835,2019/20,2019-11-18,"Cricket Stadium, Sector-16",2,16.1,Railways,Himachal,Harsh Tyagi,K Upadhyay,R Dhawan,1,0,,,,,,,,,
1205835,2019/20,2019-11-18,"Cricket Stadium, Sector-16",2,16.2,Railways,Himachal,K Upadhyay,Harsh Tyagi,R Dhawan,0,0,,,,,,,,,
1205835,2019/20,2019-11-18,"Cricket Stadium, Sector-16",2,16.3,Railways,Himachal,K Upadhyay,Harsh Tyagi,R Dhawan,1,0,,,,,,,,,
1205835,2019/20,2019-11-18,"Cricket Stadium, Sector-16",2,16.4,Railways,Himachal,Harsh Tyagi,K Upadhyay,R Dhawan,0,0,,,,,,,,,
1205835,2019/20,2019-11-18,"Cricket Stadium, Sector-16",2,16.5,Railways,Himachal,Harsh Tyagi,K Upadhyay,R Dhawan,4,0,,,,,,,,,
1205835,2019/20,2019-11-18,"Cricket Stadium, Sector-16",2,16.6,Railways,Himachal,Harsh Tyagi,K Upadhyay,R Dhawan,0,0,,,,,,,,,
1205835,2019/20,2019-11-18,"Cricket Stadium, Sector-16",2,17.1,Railways,Himachal,K Upadhyay,Harsh Tyagi,Kanwar Abhinay,0,0,,,,,,,,,
1205835,2019/20,2019-11-18,"Cricket Stadium, Sector-16",2,17.2,Railways,Himachal,K Upadhyay,Harsh Tyagi,Kanwar Abhinay,4,0,,,,,,,,,
1205835,2019/20,2019-11-18,"Cricket Stadium, Sector-16",2,17.3,Railways,Himachal,K Upadhyay,Harsh Tyagi,Kanwar Abhinay,1,0,,,,,,,,,
1205835,2019/20,2019-11-18,"Cricket Stadium, Sector-16",2,17.4,Railways,Himachal,Harsh Tyagi,K Upadhyay,Kanwar Abhinay,0,1,1,,,,,,,,
1205835,2019/20,2019-11-18,"Cricket Stadium, Sector-16",2,17.5,Railways,Himachal,Harsh Tyagi,K Upadhyay,Kanwar Abhinay,0,0,,,,,,,,,
1205835,2019/20,2019-11-18,"Cricket Stadium, Sector-16",2,17.6,Railways,Himachal,Harsh Tyagi,K Upadhyay,Kanwar Abhinay,1,0,,,,,,,,,
1205835,2019/20,2019-11-18,"Cricket Stadium, Sector-16",2,17.7,Railways,Himachal,K Upadhyay,Harsh Tyagi,Kanwar Abhinay,6,0,,,,,,,,,
1205835,2019/20,2019-11-18,"Cricket Stadium, Sector-16",2,18.1,Railways,Himachal,Harsh Tyagi,K Upadhyay,Pankaj Jaswal,1,0,,,,,,,,,
1205835,2019/20,2019-11-18,"Cricket Stadium, Sector-16",2,18.2,Railways,Himachal,K Upadhyay,Harsh Tyagi,Pankaj Jaswal,1,0,,,,,,,,,
1205835,2019/20,2019-11-18,"Cricket Stadium, Sector-16",2,18.3,Railways,Himachal,Harsh Tyagi,K Upadhyay,Pankaj Jaswal,0,0,,,,,,,,,
1205835,2019/20,2019-11-18,"Cricket Stadium, Sector-16",2,18.4,Railways,Himachal,Harsh Tyagi,K Upadhyay,Pankaj Jaswal,1,0,,,,,,,,,
1205835,2019/20,2019-11-18,"Cricket Stadium, Sector-16",2,18.5,Railways,Himachal,K Upadhyay,Harsh Tyagi,Pankaj Jaswal,0,0,,,,,,caught,K Upadhyay,,
1205835,2019/20,2019-11-18,"Cricket Stadium, Sector-16",2,18.6,Railways,Himachal,Karthik Raman,Harsh Tyagi,Pankaj Jaswal,0,0,,,,,,,,,
1205835,2019/20,2019-11-18,"Cricket Stadium, Sector-16",2,19.1,Railways,Himachal,Harsh Tyagi,Karthik Raman,Kanwar Abhinay,4,0,,,,,,,,,
1205835,2019/20,2019-11-18,"Cricket Stadium, Sector-16",2,19.2,Railways,Himachal,Harsh Tyagi,Karthik Raman,Kanwar Abhinay,0,0,,,,,,,,,
1205835,2019/20,2019-11-18,"Cricket Stadium, Sector-16",2,19.3,Railways,Himachal,Harsh Tyagi,Karthik Raman,Kanwar Abhinay,0,0,,,,,,,,,
1205835,2019/20,2019-11-18,"Cricket Stadium, Sector-16",2,19.4,Railways,Himachal,Harsh Tyagi,Karthik Raman,Kanwar Abhinay,4,0,,,,,,,,,
1205835,2019/20,2019-11-18,"Cricket Stadium, Sector-16",2,19.5,Railways,Himachal,Harsh Tyagi,Karthik Raman,Kanwar Abhinay,6,0,,,,,,,,,
1205835,2019/20,2019-11-18,"Cricket Stadium, Sector-16",2,19.6,Railways,Himachal,Harsh Tyagi,Karthik Raman,Kanwar Abhinay,0,0,,,,,,,,,
