match_id,season,start_date,venue,innings,ball,batting_team,bowling_team,striker,non_striker,bowler,runs_off_bat,extras,wides,noballs,byes,legbyes,penalty,wicket_type,player_dismissed,other_wicket_type,other_player_dismissed
1205716,2019/20,2019-11-08,St'Xavier's KCA Cricket Ground,1,0.1,Tamil Nadu,Kerala,M Vijay,N Jagadeesan,S Sandeep Warrier,1,0,,,,,,,,,
1205716,2019/20,2019-11-08,St'Xavier's KCA Cricket Ground,1,0.2,Tamil Nadu,Kerala,N Jagadeesan,M Vijay,S Sandeep Warrier,1,0,,,,,,,,,
1205716,2019/20,2019-11-08,St'Xavier's KCA Cricket Ground,1,0.3,Tamil Nadu,Kerala,M Vijay,N Jagadeesan,S Sandeep Warrier,0,0,,,,,,,,,
1205716,2019/20,2019-11-08,St'Xavier's KCA Cricket Ground,1,0.4,Tamil Nadu,Kerala,M Vijay,N Jagadeesan,S Sandeep Warrier,0,0,,,,,,,,,
1205716,2019/20,2019-11-08,St'Xavier's KCA Cricket Ground,1,0.5,Tamil Nadu,Kerala,M Vijay,N Jagadeesan,S Sandeep Warrier,0,0,,,,,,,,,
1205716,2019/20,2019-11-08,St'Xavier's KCA Cricket Ground,1,0.6,Tamil Nadu,Kerala,M Vijay,N Jagadeesan,S Sandeep Warrier,0,1,1,,,,,,,,
1205716,2019/20,2019-11-08,St'Xavier's KCA Cricket Ground,1,0.7,Tamil Nadu,Kerala,M Vijay,N Jagadeesan,S Sandeep Warrier,0,0,,,,,,,,,
1205716,2019/20,2019-11-08,St'Xavier's KCA Cricket Ground,1,1.1,Tamil Nadu,Kerala,N Jagadeesan,M Vijay,Basil Thampi,0,0,,,,,,,,,
1205716,2019/20,2019-11-08,St'Xavier's KCA Cricket Ground,1,1.2,Tamil Nadu,Kerala,N Jagadeesan,M Vijay,Basil Thampi,4,0,,,,,,,,,
1205716,2019/20,2019-11-08,St'Xavier's KCA Cricket Ground,1,1.3,Tamil Nadu,Kerala,N Jagadeesan,M Vijay,Basil Thampi,1,0,,,,,,,,,
1205716,2019/20,2019-11-08,St'Xavier's KCA Cricket Ground,1,1.4,Tamil Nadu,Kerala,M Vijay,N Jagadeesan,Basil Thampi,0,0,,,,,,caught,M Vijay,,
1205716,2019/20,2019-11-08,St'Xavier's KCA Cricket Ground,1,1.5,Tamil Nadu,Kerala,N Jagadeesan,B Aparajith,Basil Thampi,0,0,,,,,,,,,
1205716,2019/20,2019-11-08,St'Xavier's KCA Cricket Ground,1,1.6,Tamil Nadu,Kerala,N Jagadeesan,B Aparajith,Basil Thampi,1,0,,,,,,,,,
1205716,2019/20,2019-11-08,St'Xavier's KCA Cricket Ground,1,2.1,Tamil Nadu,Kerala,N Jagadeesan,B Aparajith,S Sandeep Warrier,0,0,,,,,,,,,
1205716,2019/20,2019-11-08,St'Xavier's KCA Cricket Ground,1,2.2,Tamil Nadu,Kerala,N Jagadeesan,B Aparajith,S Sandeep Warrier,0,0,,,,,,,,,
1205716,2019/20,2019-11-08,St'Xavier's KCA Cricket Ground,1,2.3,Tamil Nadu,Kerala,N Jagadeesan,B Aparajith,S Sandeep Warrier,1,0,,,,,,,,,
1205716,2019/20,2019-11-08,St'Xavier's KCA Cricket Ground,1,2.4,Tamil Nadu,Kerala,B Aparajith,N Jagadeesan,S Sandeep Warrier,0,0,,,,,,,,,
1205716,2019/20,2019-11-08,St'Xavier's KCA Cricket Ground,1,2.5,Tamil Nadu,Kerala,B Aparajith,N Jagadeesan,S Sandeep Warrier,0,1,,,,1,,,,,
1205716,2019/20,2019-11-08,St'Xavier's KCA Cricket Ground,1,2.6,Tamil Nadu,Kerala,N Jagadeesan,B Aparajith,S Sandeep Warrier,0,0,,,,,,,,,
1205716,2019/20,2019-11-08,St'Xavier's KCA Cricket Ground,1,3.1,Tamil Nadu,Kerala,B Aparajith,N Jagadeesan,KM Asif,1,0,,,,,,,,,
1205716,2019/20,2019-11-08,St'Xavier's KCA Cricket Ground,1,3.2,Tamil Nadu,Kerala,N Jagadeesan,B Aparajith,KM Asif,0,0,,,,,,caught and bowled,N Jagadeesan,,
1205716,2019/20,2019-11-08,St'Xavier's KCA Cricket Ground,1,3.3,Tamil Nadu,Kerala,KD Karthik,B Aparajith,KM Asif,1,0,,,,,,,,,
1205716,2019/20,2019-11-08,St'Xavier's KCA Cricket Ground,1,3.4,Tamil Nadu,Kerala,B Aparajith,KD Karthik,KM Asif,1,0,,,,,,,,,
1205716,2019/20,2019-11-08,St'Xavier's KCA Cricket Ground,1,3.5,Tamil Nadu,Kerala,KD Karthik,B Aparajith,KM Asif,0,0,,,,,,,,,
1205716,2019/20,2019-11-08,St'Xavier's KCA Cricket Ground,1,3.6,Tamil Nadu,Kerala,KD Karthik,B Aparajith,KM Asif,0,0,,,,,,,,,
1205716,2019/20,2019-11-08,St'Xavier's KCA Cricket Ground,1,4.1,Tamil Nadu,Kerala,B Aparajith,KD Karthik,Basil Thampi,1,0,,,,,,,,,
1205716,2019/20,2019-11-08,St'Xavier's KCA Cricket Ground,1,4.2,Tamil Nadu,Kerala,KD Karthik,B Aparajith,Basil Thampi,0,0,,,,,,,,,
1205716,2019/20,2019-11-08,St'Xavier's KCA Cricket Ground,1,4.3,Tamil Nadu,Kerala,KD Karthik,B Aparajith,Basil Thampi,4,0,,,,,,,,,
1205716,2019/20,2019-11-08,St'Xavier's KCA Cricket Ground,1,4.4,Tamil Nadu,Kerala,KD Karthik,B Aparajith,Basil Thampi,2,0,,,,,,,,,
1205716,2019/20,2019-11-08,St'Xavier's KCA Cricket Ground,1,4.5,Tamil Nadu,Kerala,KD Karthik,B Aparajith,Basil Thampi,0,0,,,,,,,,,
1205716,2019/20,2019-11-08,St'Xavier's KCA Cricket Ground,1,4.6,Tamil Nadu,Kerala,KD Karthik,B Aparajith,Basil Thampi,1,0,,,,,,,,,
1205716,2019/20,2019-11-08,St'Xavier's KCA Cricket Ground,1,5.1,Tamil Nadu,Kerala,KD Karthik,B Aparajith,S Sandeep Warrier,0,0,,,,,,,,,
1205716,2019/20,2019-11-08,St'Xavier's KCA Cricket Ground,1,5.2,Tamil Nadu,Kerala,KD Karthik,B Aparajith,S Sandeep Warrier,4,0,,,,,,,,,
1205716,2019/20,2019-11-08,St'Xavier's KCA Cricket Ground,1,5.3,Tamil Nadu,Kerala,KD Karthik,B Aparajith,S Sandeep Warrier,0,0,,,,,,,,,
1205716,2019/20,2019-11-08,St'Xavier's KCA Cricket Ground,1,5.4,Tamil Nadu,Kerala,KD Karthik,B Aparajith,S Sandeep Warrier,1,0,,,,,,,,,
1205716,2019/20,2019-11-08,St'Xavier's KCA Cricket Ground,1,5.5,Tamil Nadu,Kerala,B Aparajith,KD Karthik,S Sandeep Warrier,1,0,,,,,,,,,
1205716,2019/20,2019-11-08,St'Xavier's KCA Cricket Ground,1,5.6,Tamil Nadu,Kerala,KD Karthik,B Aparajith,S Sandeep Warrier,1,0,,,,,,,,,
1205716,2019/20,2019-11-08,St'Xavier's KCA Cricket Ground,1,6.1,Tamil Nadu,Kerala,KD Karthik,B Aparajith,Jalaj S Saxena,4,0,,,,,,,,,
1205716,2019/20,2019-11-08,St'Xavier's KCA Cricket Ground,1,6.2,Tamil Nadu,Kerala,KD Karthik,B Aparajith,Jalaj S Saxena,1,0,,,,,,,,,
1205716,2019/20,2019-11-08,St'Xavier's KCA Cricket Ground,1,6.3,Tamil Nadu,Kerala,B Aparajith,KD Karthik,Jalaj S Saxena,1,0,,,,,,,,,
1205716,2019/20,2019-11-08,St'Xavier's KCA Cricket Ground,1,6.4,Tamil Nadu,Kerala,KD Karthik,B Aparajith,Jalaj S Saxena,0,0,,,,,,,,,
1205716,2019/20,2019-11-08,St'Xavier's KCA Cricket Ground,1,6.5,Tamil Nadu,Kerala,KD Karthik,B Aparajith,Jalaj S Saxena,1,0,,,,,,,,,
1205716,2019/20,2019-11-08,St'Xavier's KCA Cricket Ground,1,6.6,Tamil Nadu,Kerala,B Aparajith,KD Karthik,Jalaj S Saxena,1,0,,,,,,,,,
1205716,2019/20,2019-11-08,St'Xavier's KCA Cricket Ground,1,7.1,Tamil Nadu,Kerala,B Aparajith,KD Karthik,S Midhun,1,0,,,,,,,,,
1205716,2019/20,2019-11-08,St'Xavier's KCA Cricket Ground,1,7.2,Tamil Nadu,Kerala,KD Karthik,B Aparajith,S Midhun,0,0,,,,,,,,,
1205716,2019/20,2019-11-08,St'Xavier's KCA Cricket Ground,1,7.3,Tamil Nadu,Kerala,KD Karthik,B Aparajith,S Midhun,1,0,,,,,,,,,
1205716,2019/20,2019-11-08,St'Xavier's KCA Cricket Ground,1,7.4,Tamil Nadu,Kerala,B Aparajith,KD Karthik,S Midhun,0,0,,,,,,,,,
1205716,2019/20,2019-11-08,St'Xavier's KCA Cricket Ground,1,7.5,Tamil Nadu,Kerala,B Aparajith,KD Karthik,S Midhun,1,0,,,,,,,,,
1205716,2019/20,2019-11-08,St'Xavier's KCA Cricket Ground,1,7.6,Tamil Nadu,Kerala,KD Karthik,B Aparajith,S Midhun,1,0,,,,,,,,,
1205716,2019/20,2019-11-08,St'Xavier's KCA Cricket Ground,1,8.1,Tamil Nadu,Kerala,KD Karthik,B Aparajith,Jalaj S Saxena,1,0,,,,,,,,,
1205716,2019/20,2019-11-08,St'Xavier's KCA Cricket Ground,1,8.2,Tamil Nadu,Kerala,B Aparajith,KD Karthik,Jalaj S Saxena,4,0,,,,,,,,,
1205716,2019/20,2019-11-08,St'Xavier's KCA Cricket Ground,1,8.3,Tamil Nadu,Kerala,B Aparajith,KD Karthik,Jalaj S Saxena,1,0,,,,,,,,,
1205716,2019/20,2019-11-08,St'Xavier's KCA Cricket Ground,1,8.4,Tamil Nadu,Kerala,KD Karthik,B Aparajith,Jalaj S Saxena,0,0,,,,,,,,,
1205716,2019/20,2019-11-08,St'Xavier's KCA Cricket Ground,1,8.5,Tamil Nadu,Kerala,KD Karthik,B Aparajith,Jalaj S Saxena,1,0,,,,,,,,,
1205716,2019/20,2019-11-08,St'Xavier's KCA Cricket Ground,1,8.6,Tamil Nadu,Kerala,B Aparajith,KD Karthik,Jalaj S Saxena,1,0,,,,,,,,,
1205716,2019/20,2019-11-08,St'Xavier's KCA Cricket Ground,1,9.1,Tamil Nadu,Kerala,B Aparajith,KD Karthik,S Midhun,2,0,,,,,,,,,
1205716,2019/20,2019-11-08,St'Xavier's KCA Cricket Ground,1,9.2,Tamil Nadu,Kerala,B Aparajith,KD Karthik,S Midhun,2,0,,,,,,,,,
1205716,2019/20,2019-11-08,St'Xavier's KCA Cricket Ground,1,9.3,Tamil Nadu,Kerala,B Aparajith,KD Karthik,S Midhun,1,0,,,,,,,,,
1205716,2019/20,2019-11-08,St'Xavier's KCA Cricket Ground,1,9.4,Tamil Nadu,Kerala,KD Karthik,B Aparajith,S Midhun,6,0,,,,,,,,,
1205716,2019/20,2019-11-08,St'Xavier's KCA Cricket Ground,1,9.5,Tamil Nadu,Kerala,KD Karthik,B Aparajith,S Midhun,0,0,,,,,,,,,
1205716,2019/20,2019-11-08,St'Xavier's KCA Cricket Ground,1,9.6,Tamil Nadu,Kerala,KD Karthik,B Aparajith,S Midhun,1,0,,,,,,,,,
1205716,2019/20,2019-11-08,St'Xavier's KCA Cricket Ground,1,10.1,Tamil Nadu,Kerala,KD Karthik,B Aparajith,KM Asif,0,0,,,,,,,,,
1205716,2019/20,2019-11-08,St'Xavier's KCA Cricket Ground,1,10.2,Tamil Nadu,Kerala,KD Karthik,B Aparajith,KM Asif,1,0,,,,,,,,,
1205716,2019/20,2019-11-08,St'Xavier's KCA Cricket Ground,1,10.3,Tamil Nadu,Kerala,B Aparajith,KD Karthik,KM Asif,1,0,,,,,,,,,
1205716,2019/20,2019-11-08,St'Xavier's KCA Cricket Ground,1,10.4,Tamil Nadu,Kerala,KD Karthik,B Aparajith,KM Asif,1,0,,,,,,,,,
1205716,2019/20,2019-11-08,St'Xavier's KCA Cricket Ground,1,10.5,Tamil Nadu,Kerala,B Aparajith,KD Karthik,KM Asif,0,1,1,,,,,,,,
1205716,2019/20,2019-11-08,St'Xavier's KCA Cricket Ground,1,10.6,Tamil Nadu,Kerala,B Aparajith,KD Karthik,KM Asif,0,1,,1,,,,,,,
1205716,2019/20,2019-11-08,St'Xavier's KCA Cricket Ground,1,10.7,Tamil Nadu,Kerala,B Aparajith,KD Karthik,KM Asif,1,0,,,,,,,,,
1205716,2019/20,2019-11-08,St'Xavier's KCA Cricket Ground,1,10.8,Tamil Nadu,Kerala,KD Karthik,B Aparajith,KM Asif,0,0,,,,,,,,,
1205716,2019/20,2019-11-08,St'Xavier's KCA Cricket Ground,1,11.1,Tamil Nadu,Kerala,B Aparajith,KD Karthik,Jalaj S Saxena,1,0,,,,,,,,,
1205716,2019/20,2019-11-08,St'Xavier's KCA Cricket Ground,1,11.2,Tamil Nadu,Kerala,KD Karthik,B Aparajith,Jalaj S Saxena,0,0,,,,,,run out,KD Karthik,,
1205716,2019/20,2019-11-08,St'Xavier's KCA Cricket Ground,1,11.3,Tamil Nadu,Kerala,V Shankar,B Aparajith,Jalaj S Saxena,1,0,,,,,,,,,
1205716,2019/20,2019-11-08,St'Xavier's KCA Cricket Ground,1,11.4,Tamil Nadu,Kerala,B Aparajith,V Shankar,Jalaj S Saxena,1,0,,,,,,,,,
1205716,2019/20,2019-11-08,St'Xavier's KCA Cricket Ground,1,11.5,Tamil Nadu,Kerala,V Shankar,B Aparajith,Jalaj S Saxena,1,0,,,,,,,,,
1205716,2019/20,2019-11-08,St'Xavier's KCA Cricket Ground,1,11.6,Tamil Nadu,Kerala,B Aparajith,V Shankar,Jalaj S Saxena,1,0,,,,,,,,,
1205716,2019/20,2019-11-08,St'Xavier's KCA Cricket Ground,1,12.1,Tamil Nadu,Kerala,B Aparajith,V Shankar,S Midhun,6,0,,,,,,,,,
1205716,2019/20,2019-11-08,St'Xavier's KCA Cricket Ground,1,12.2,Tamil Nadu,Kerala,B Aparajith,V Shankar,S Midhun,4,0,,,,,,,,,
1205716,2019/20,2019-11-08,St'Xavier's KCA Cricket Ground,1,12.3,Tamil Nadu,Kerala,B Aparajith,V Shankar,S Midhun,1,0,,,,,,retired hurt,B Aparajith,,
1205716,2019/20,2019-11-08,St'Xavier's KCA Cricket Ground,1,12.4,Tamil Nadu,Kerala,V Shankar,M Shahrukh Khan,S Midhun,1,0,,,,,,,,,
1205716,2019/20,2019-11-08,St'Xavier's KCA Cricket Ground,1,12.5,Tamil Nadu,Kerala,M Shahrukh Khan,V Shankar,S Midhun,1,0,,,,,,,,,
1205716,2019/20,2019-11-08,St'Xavier's KCA Cricket Ground,1,12.6,Tamil Nadu,Kerala,V Shankar,M Shahrukh Khan,S Midhun,1,0,,,,,,,,,
1205716,2019/20,2019-11-08,St'Xavier's KCA Cricket Ground,1,13.1,Tamil Nadu,Kerala,V Shankar,M Shahrukh Khan,KM Asif,1,0,,,,,,,,,
1205716,2019/20,2019-11-08,St'Xavier's KCA Cricket Ground,1,13.2,Tamil Nadu,Kerala,M Shahrukh Khan,V Shankar,KM Asif,1,0,,,,,,,,,
1205716,2019/20,2019-11-08,St'Xavier's KCA Cricket Ground,1,13.3,Tamil Nadu,Kerala,V Shankar,M Shahrukh Khan,KM Asif,1,0,,,,,,,,,
1205716,2019/20,2019-11-08,St'Xavier's KCA Cricket Ground,1,13.4,Tamil Nadu,Kerala,M Shahrukh Khan,V Shankar,KM Asif,0,0,,,,,,,,,
1205716,2019/20,2019-11-08,St'Xavier's KCA Cricket Ground,1,13.5,Tamil Nadu,Kerala,M Shahrukh Khan,V Shankar,KM Asif,1,0,,,,,,,,,
1205716,2019/20,2019-11-08,St'Xavier's KCA Cricket Ground,1,13.6,Tamil Nadu,Kerala,V Shankar,M Shahrukh Khan,KM Asif,0,0,,,,,,,,,
1205716,2019/20,2019-11-08,St'Xavier's KCA Cricket Ground,1,14.1,Tamil Nadu,Kerala,M Shahrukh Khan,V Shankar,Jalaj S Saxena,0,0,,,,,,,,,
1205716,2019/20,2019-11-08,St'Xavier's KCA Cricket Ground,1,14.2,Tamil Nadu,Kerala,M Shahrukh Khan,V Shankar,Jalaj S Saxena,6,0,,,,,,,,,
1205716,2019/20,2019-11-08,St'Xavier's KCA Cricket Ground,1,14.3,Tamil Nadu,Kerala,M Shahrukh Khan,V Shankar,Jalaj S Saxena,4,0,,,,,,,,,
1205716,2019/20,2019-11-08,St'Xavier's KCA Cricket Ground,1,14.4,Tamil Nadu,Kerala,M Shahrukh Khan,V Shankar,Jalaj S Saxena,1,0,,,,,,,,,
1205716,2019/20,2019-11-08,St'Xavier's KCA Cricket Ground,1,14.5,Tamil Nadu,Kerala,V Shankar,M Shahrukh Khan,Jalaj S Saxena,0,1,1,,,,,,,,
1205716,2019/20,2019-11-08,St'Xavier's KCA Cricket Ground,1,14.6,Tamil Nadu,Kerala,V Shankar,M Shahrukh Khan,Jalaj S Saxena,1,0,,,,,,,,,
1205716,2019/20,2019-11-08,St'Xavier's KCA Cricket Ground,1,14.7,Tamil Nadu,Kerala,M Shahrukh Khan,V Shankar,Jalaj S Saxena,0,0,,,,,,,,,
1205716,2019/20,2019-11-08,St'Xavier's KCA Cricket Ground,1,15.1,Tamil Nadu,Kerala,V Shankar,M Shahrukh Khan,S Midhun,0,1,,,,1,,,,,
1205716,2019/20,2019-11-08,St'Xavier's KCA Cricket Ground,1,15.2,Tamil Nadu,Kerala,M Shahrukh Khan,V Shankar,S Midhun,1,0,,,,,,,,,
1205716,2019/20,2019-11-08,St'Xavier's KCA Cricket Ground,1,15.3,Tamil Nadu,Kerala,V Shankar,M Shahrukh Khan,S Midhun,4,0,,,,,,,,,
1205716,2019/20,2019-11-08,St'Xavier's KCA Cricket Ground,1,15.4,Tamil Nadu,Kerala,V Shankar,M Shahrukh Khan,S Midhun,1,0,,,,,,,,,
1205716,2019/20,2019-11-08,St'Xavier's KCA Cricket Ground,1,15.5,Tamil Nadu,Kerala,M Shahrukh Khan,V Shankar,S Midhun,0,1,,,,1,,,,,
1205716,2019/20,2019-11-08,St'Xavier's KCA Cricket Ground,1,15.6,Tamil Nadu,Kerala,V Shankar,M Shahrukh Khan,S Midhun,1,0,,,,,,,,,
1205716,2019/20,2019-11-08,St'Xavier's KCA Cricket Ground,1,16.1,Tamil Nadu,Kerala,V Shankar,M Shahrukh Khan,S Sandeep Warrier,6,0,,,,,,,,,
1205716,2019/20,2019-11-08,St'Xavier's KCA Cricket Ground,1,16.2,Tamil Nadu,Kerala,V Shankar,M Shahrukh Khan,S Sandeep Warrier,1,0,,,,,,,,,
1205716,2019/20,2019-11-08,St'Xavier's KCA Cricket Ground,1,16.3,Tamil Nadu,Kerala,M Shahrukh Khan,V Shankar,S Sandeep Warrier,0,0,,,,,,,,,
1205716,2019/20,2019-11-08,St'Xavier's KCA Cricket Ground,1,16.4,Tamil Nadu,Kerala,M Shahrukh Khan,V Shankar,S Sandeep Warrier,6,0,,,,,,,,,
1205716,2019/20,2019-11-08,St'Xavier's KCA Cricket Ground,1,16.5,Tamil Nadu,Kerala,M Shahrukh Khan,V Shankar,S Sandeep Warrier,1,0,,,,,,,,,
1205716,2019/20,2019-11-08,St'Xavier's KCA Cricket Ground,1,16.6,Tamil Nadu,Kerala,V Shankar,M Shahrukh Khan,S Sandeep Warrier,1,0,,,,,,,,,
1205716,2019/20,2019-11-08,St'Xavier's KCA Cricket Ground,1,17.1,Tamil Nadu,Kerala,V Shankar,M Shahrukh Khan,Basil Thampi,4,0,,,,,,,,,
1205716,2019/20,2019-11-08,St'Xavier's KCA Cricket Ground,1,17.2,Tamil Nadu,Kerala,V Shankar,M Shahrukh Khan,Basil Thampi,0,0,,,,,,,,,
1205716,2019/20,2019-11-08,St'Xavier's KCA Cricket Ground,1,17.3,Tamil Nadu,Kerala,V Shankar,M Shahrukh Khan,Basil Thampi,0,0,,,,,,caught,V Shankar,,
1205716,2019/20,2019-11-08,St'Xavier's KCA Cricket Ground,1,17.4,Tamil Nadu,Kerala,M Mohammed,M Shahrukh Khan,Basil Thampi,0,0,,,,,,,,,
1205716,2019/20,2019-11-08,St'Xavier's KCA Cricket Ground,1,17.5,Tamil Nadu,Kerala,M Mohammed,M Shahrukh Khan,Basil Thampi,4,0,,,,,,,,,
1205716,2019/20,2019-11-08,St'Xavier's KCA Cricket Ground,1,17.6,Tamil Nadu,Kerala,M Mohammed,M Shahrukh Khan,Basil Thampi,6,0,,,,,,,,,
1205716,2019/20,2019-11-08,St'Xavier's KCA Cricket Ground,1,18.1,Tamil Nadu,Kerala,M Shahrukh Khan,M Mohammed,KM Asif,1,0,,,,,,,,,
1205716,2019/20,2019-11-08,St'Xavier's KCA Cricket Ground,1,18.2,Tamil Nadu,Kerala,M Mohammed,M Shahrukh Khan,KM Asif,4,0,,,,,,,,,
1205716,2019/20,2019-11-08,St'Xavier's KCA Cricket Ground,1,18.3,Tamil Nadu,Kerala,M Mohammed,M Shahrukh Khan,KM Asif,1,0,,,,,,,,,
1205716,2019/20,2019-11-08,St'Xavier's KCA Cricket Ground,1,18.4,Tamil Nadu,Kerala,M Shahrukh Khan,M Mohammed,KM Asif,1,0,,,,,,,,,
1205716,2019/20,2019-11-08,St'Xavier's KCA Cricket Ground,1,18.5,Tamil Nadu,Kerala,M Mohammed,M Shahrukh Khan,KM Asif,1,0,,,,,,,,,
1205716,2019/20,2019-11-08,St'Xavier's KCA Cricket Ground,1,18.6,Tamil Nadu,Kerala,M Shahrukh Khan,M Mohammed,KM Asif,4,0,,,,,,,,,
1205716,2019/20,2019-11-08,St'Xavier's KCA Cricket Ground,1,19.1,Tamil Nadu,Kerala,M Mohammed,M Shahrukh Khan,Basil Thampi,6,0,,,,,,,,,
1205716,2019/20,2019-11-08,St'Xavier's KCA Cricket Ground,1,19.2,Tamil Nadu,Kerala,M Mohammed,M Shahrukh Khan,Basil Thampi,1,0,,,,,,,,,
1205716,2019/20,2019-11-08,St'Xavier's KCA Cricket Ground,1,19.3,Tamil Nadu,Kerala,M Shahrukh Khan,M Mohammed,Basil Thampi,0,0,,,,,,caught,M Shahrukh Khan,,
1205716,2019/20,2019-11-08,St'Xavier's KCA Cricket Ground,1,19.4,Tamil Nadu,Kerala,M Mohammed,M Ashwin,Basil Thampi,4,0,,,,,,,,,
1205716,2019/20,2019-11-08,St'Xavier's KCA Cricket Ground,1,19.5,Tamil Nadu,Kerala,M Mohammed,M Ashwin,Basil Thampi,6,1,,1,,,,,,,
1205716,2019/20,2019-11-08,St'Xavier's KCA Cricket Ground,1,19.6,Tamil Nadu,Kerala,M Mohammed,M Ashwin,Basil Thampi,1,0,,,,,,,,,
1205716,2019/20,2019-11-08,St'Xavier's KCA Cricket Ground,1,19.7,Tamil Nadu,Kerala,M Ashwin,M Mohammed,Basil Thampi,2,0,,,,,,,,,
1205716,2019/20,2019-11-08,St'Xavier's KCA Cricket Ground,2,0.1,Kerala,Tamil Nadu,RV Uthappa,Vishnu Vinod,R Sai Kishore,0,0,,,,,,,,,
1205716,2019/20,2019-11-08,St'Xavier's KCA Cricket Ground,2,0.2,Kerala,Tamil Nadu,RV Uthappa,Vishnu Vinod,R Sai Kishore,0,0,,,,,,,,,
1205716,2019/20,2019-11-08,St'Xavier's KCA Cricket Ground,2,0.3,Kerala,Tamil Nadu,RV Uthappa,Vishnu Vinod,R Sai Kishore,1,0,,,,,,,,,
1205716,2019/20,2019-11-08,St'Xavier's KCA Cricket Ground,2,0.4,Kerala,Tamil Nadu,Vishnu Vinod,RV Uthappa,R Sai Kishore,0,0,,,,,,,,,
1205716,2019/20,2019-11-08,St'Xavier's KCA Cricket Ground,2,0.5,Kerala,Tamil Nadu,Vishnu Vinod,RV Uthappa,R Sai Kishore,0,0,,,,,,,,,
1205716,2019/20,2019-11-08,St'Xavier's KCA Cricket Ground,2,0.6,Kerala,Tamil Nadu,Vishnu Vinod,RV Uthappa,R Sai Kishore,1,0,,,,,,,,,
1205716,2019/20,2019-11-08,St'Xavier's KCA Cricket Ground,2,1.1,Kerala,Tamil Nadu,Vishnu Vinod,RV Uthappa,T Natarajan,1,0,,,,,,,,,
1205716,2019/20,2019-11-08,St'Xavier's KCA Cricket Ground,2,1.2,Kerala,Tamil Nadu,RV Uthappa,Vishnu Vinod,T Natarajan,1,0,,,,,,,,,
1205716,2019/20,2019-11-08,St'Xavier's KCA Cricket Ground,2,1.3,Kerala,Tamil Nadu,Vishnu Vinod,RV Uthappa,T Natarajan,1,0,,,,,,,,,
1205716,2019/20,2019-11-08,St'Xavier's KCA Cricket Ground,2,1.4,Kerala,Tamil Nadu,RV Uthappa,Vishnu Vinod,T Natarajan,0,0,,,,,,,,,
1205716,2019/20,2019-11-08,St'Xavier's KCA Cricket Ground,2,1.5,Kerala,Tamil Nadu,RV Uthappa,Vishnu Vinod,T Natarajan,0,0,,,,,,,,,
1205716,2019/20,2019-11-08,St'Xavier's KCA Cricket Ground,2,1.6,Kerala,Tamil Nadu,RV Uthappa,Vishnu Vinod,T Natarajan,0,0,,,,,,,,,
1205716,2019/20,2019-11-08,St'Xavier's KCA Cricket Ground,2,2.1,Kerala,Tamil Nadu,Vishnu Vinod,RV Uthappa,R Sai Kishore,1,0,,,,,,,,,
1205716,2019/20,2019-11-08,St'Xavier's KCA Cricket Ground,2,2.2,Kerala,Tamil Nadu,RV Uthappa,Vishnu Vinod,R Sai Kishore,1,0,,,,,,,,,
1205716,2019/20,2019-11-08,St'Xavier's KCA Cricket Ground,2,2.3,Kerala,Tamil Nadu,Vishnu Vinod,RV Uthappa,R Sai Kishore,1,0,,,,,,,,,
1205716,2019/20,2019-11-08,St'Xavier's KCA Cricket Ground,2,2.4,Kerala,Tamil Nadu,RV Uthappa,Vishnu Vinod,R Sai Kishore,0,0,,,,,,,,,
1205716,2019/20,2019-11-08,St'Xavier's KCA Cricket Ground,2,2.5,Kerala,Tamil Nadu,RV Uthappa,Vishnu Vinod,R Sai Kishore,1,0,,,,,,,,,
1205716,2019/20,2019-11-08,St'Xavier's KCA Cricket Ground,2,2.6,Kerala,Tamil Nadu,Vishnu Vinod,RV Uthappa,R Sai Kishore,0,0,,,,,,,,,
1205716,2019/20,2019-11-08,St'Xavier's KCA Cricket Ground,2,3.1,Kerala,Tamil Nadu,RV Uthappa,Vishnu Vinod,G Periyaswamy,0,1,1,,,,,,,,
1205716,2019/20,2019-11-08,St'Xavier's KCA Cricket Ground,2,3.2,Kerala,Tamil Nadu,RV Uthappa,Vishnu Vinod,G Periyaswamy,4,0,,,,,,,,,
1205716,2019/20,2019-11-08,St'Xavier's KCA Cricket Ground,2,3.3,Kerala,Tamil Nadu,RV Uthappa,Vishnu Vinod,G Periyaswamy,1,0,,,,,,,,,
1205716,2019/20,2019-11-08,St'Xavier's KCA Cricket Ground,2,3.4,Kerala,Tamil Nadu,Vishnu Vinod,RV Uthappa,G Periyaswamy,1,0,,,,,,,,,
1205716,2019/20,2019-11-08,St'Xavier's KCA Cricket Ground,2,3.5,Kerala,Tamil Nadu,RV Uthappa,Vishnu Vinod,G Periyaswamy,0,1,1,,,,,,,,
1205716,2019/20,2019-11-08,St'Xavier's KCA Cricket Ground,2,3.6,Kerala,Tamil Nadu,RV Uthappa,Vishnu Vinod,G Periyaswamy,0,0,,,,,,caught,RV Uthappa,,
1205716,2019/20,2019-11-08,St'Xavier's KCA Cricket Ground,2,3.7,Kerala,Tamil Nadu,Rohan Kunnummal,Vishnu Vinod,G Periyaswamy,0,0,,,,,,,,,
1205716,2019/20,2019-11-08,St'Xavier's KCA Cricket Ground,2,3.8,Kerala,Tamil Nadu,Rohan Kunnummal,Vishnu Vinod,G Periyaswamy,4,0,,,,,,,,,
1205716,2019/20,2019-11-08,St'Xavier's KCA Cricket Ground,2,4.1,Kerala,Tamil Nadu,Vishnu Vinod,Rohan Kunnummal,R Sai Kishore,4,0,,,,,,,,,
1205716,2019/20,2019-11-08,St'Xavier's KCA Cricket Ground,2,4.2,Kerala,Tamil Nadu,Vishnu Vinod,Rohan Kunnummal,R Sai Kishore,4,0,,,,,,,,,
1205716,2019/20,2019-11-08,St'Xavier's KCA Cricket Ground,2,4.3,Kerala,Tamil Nadu,Vishnu Vinod,Rohan Kunnummal,R Sai Kishore,1,0,,,,,,,,,
1205716,2019/20,2019-11-08,St'Xavier's KCA Cricket Ground,2,4.4,Kerala,Tamil Nadu,Rohan Kunnummal,Vishnu Vinod,R Sai Kishore,0,0,,,,,,,,,
1205716,2019/20,2019-11-08,St'Xavier's KCA Cricket Ground,2,4.5,Kerala,Tamil Nadu,Rohan Kunnummal,Vishnu Vinod,R Sai Kishore,0,0,,,,,,,,,
1205716,2019/20,2019-11-08,St'Xavier's KCA Cricket Ground,2,4.6,Kerala,Tamil Nadu,Rohan Kunnummal,Vishnu Vinod,R Sai Kishore,1,0,,,,,,,,,
1205716,2019/20,2019-11-08,St'Xavier's KCA Cricket Ground,2,5.1,Kerala,Tamil Nadu,Rohan Kunnummal,Vishnu Vinod,T Natarajan,4,0,,,,,,,,,
1205716,2019/20,2019-11-08,St'Xavier's KCA Cricket Ground,2,5.2,Kerala,Tamil Nadu,Rohan Kunnummal,Vishnu Vinod,T Natarajan,4,0,,,,,,,,,
1205716,2019/20,2019-11-08,St'Xavier's KCA Cricket Ground,2,5.3,Kerala,Tamil Nadu,Rohan Kunnummal,Vishnu Vinod,T Natarajan,1,0,,,,,,,,,
1205716,2019/20,2019-11-08,St'Xavier's KCA Cricket Ground,2,5.4,Kerala,Tamil Nadu,Vishnu Vinod,Rohan Kunnummal,T Natarajan,1,0,,,,,,,,,
1205716,2019/20,2019-11-08,St'Xavier's KCA Cricket Ground,2,5.5,Kerala,Tamil Nadu,Rohan Kunnummal,Vishnu Vinod,T Natarajan,1,0,,,,,,,,,
1205716,2019/20,2019-11-08,St'Xavier's KCA Cricket Ground,2,5.6,Kerala,Tamil Nadu,Vishnu Vinod,Rohan Kunnummal,T Natarajan,6,0,,,,,,,,,
1205716,2019/20,2019-11-08,St'Xavier's KCA Cricket Ground,2,6.1,Kerala,Tamil Nadu,Rohan Kunnummal,Vishnu Vinod,M Ashwin,0,0,,,,,,,,,
1205716,2019/20,2019-11-08,St'Xavier's KCA Cricket Ground,2,6.2,Kerala,Tamil Nadu,Rohan Kunnummal,Vishnu Vinod,M Ashwin,0,0,,,,,,,,,
1205716,2019/20,2019-11-08,St'Xavier's KCA Cricket Ground,2,6.3,Kerala,Tamil Nadu,Rohan Kunnummal,Vishnu Vinod,M Ashwin,1,0,,,,,,,,,
1205716,2019/20,2019-11-08,St'Xavier's KCA Cricket Ground,2,6.4,Kerala,Tamil Nadu,Vishnu Vinod,Rohan Kunnummal,M Ashwin,0,0,,,,,,,,,
1205716,2019/20,2019-11-08,St'Xavier's KCA Cricket Ground,2,6.5,Kerala,Tamil Nadu,Vishnu Vinod,Rohan Kunnummal,M Ashwin,1,0,,,,,,,,,
1205716,2019/20,2019-11-08,St'Xavier's KCA Cricket Ground,2,6.6,Kerala,Tamil Nadu,Rohan Kunnummal,Vishnu Vinod,M Ashwin,1,0,,,,,,,,,
1205716,2019/20,2019-11-08,St'Xavier's KCA Cricket Ground,2,7.1,Kerala,Tamil Nadu,Rohan Kunnummal,Vishnu Vinod,M Mohammed,0,1,1,,,,,,,,
1205716,2019/20,2019-11-08,St'Xavier's KCA Cricket Ground,2,7.2,Kerala,Tamil Nadu,Rohan Kunnummal,Vishnu Vinod,M Mohammed,1,0,,,,,,,,,
1205716,2019/20,2019-11-08,St'Xavier's KCA Cricket Ground,2,7.3,Kerala,Tamil Nadu,Vishnu Vinod,Rohan Kunnummal,M Mohammed,1,0,,,,,,,,,
1205716,2019/20,2019-11-08,St'Xavier's KCA Cricket Ground,2,7.4,Kerala,Tamil Nadu,Rohan Kunnummal,Vishnu Vinod,M Mohammed,0,1,,,,1,,,,,
1205716,2019/20,2019-11-08,St'Xavier's KCA Cricket Ground,2,7.5,Kerala,Tamil Nadu,Vishnu Vinod,Rohan Kunnummal,M Mohammed,0,0,,,,,,caught,Vishnu Vinod,,
1205716,2019/20,2019-11-08,St'Xavier's KCA Cricket Ground,2,7.6,Kerala,Tamil Nadu,Rohan Kunnummal,Sachin Baby,M Mohammed,0,1,,,,1,,,,,
1205716,2019/20,2019-11-08,St'Xavier's KCA Cricket Ground,2,7.7,Kerala,Tamil Nadu,Sachin Baby,Rohan Kunnummal,M Mohammed,0,0,,,,,,,,,
1205716,2019/20,2019-11-08,St'Xavier's KCA Cricket Ground,2,8.1,Kerala,Tamil Nadu,Rohan Kunnummal,Sachin Baby,M Ashwin,0,0,,,,,,,,,
1205716,2019/20,2019-11-08,St'Xavier's KCA Cricket Ground,2,8.2,Kerala,Tamil Nadu,Rohan Kunnummal,Sachin Baby,M Ashwin,1,0,,,,,,,,,
1205716,2019/20,2019-11-08,St'Xavier's KCA Cricket Ground,2,8.3,Kerala,Tamil Nadu,Sachin Baby,Rohan Kunnummal,M Ashwin,2,0,,,,,,,,,
1205716,2019/20,2019-11-08,St'Xavier's KCA Cricket Ground,2,8.4,Kerala,Tamil Nadu,Sachin Baby,Rohan Kunnummal,M Ashwin,0,0,,,,,,,,,
1205716,2019/20,2019-11-08,St'Xavier's KCA Cricket Ground,2,8.5,Kerala,Tamil Nadu,Sachin Baby,Rohan Kunnummal,M Ashwin,1,0,,,,,,,,,
1205716,2019/20,2019-11-08,St'Xavier's KCA Cricket Ground,2,8.6,Kerala,Tamil Nadu,Rohan Kunnummal,Sachin Baby,M Ashwin,0,0,,,,,,,,,
1205716,2019/20,2019-11-08,St'Xavier's KCA Cricket Ground,2,9.1,Kerala,Tamil Nadu,Sachin Baby,Rohan Kunnummal,M Mohammed,0,0,,,,,,,,,
1205716,2019/20,2019-11-08,St'Xavier's KCA Cricket Ground,2,9.2,Kerala,Tamil Nadu,Sachin Baby,Rohan Kunnummal,M Mohammed,1,0,,,,,,,,,
1205716,2019/20,2019-11-08,St'Xavier's KCA Cricket Ground,2,9.3,Kerala,Tamil Nadu,Rohan Kunnummal,Sachin Baby,M Mohammed,1,0,,,,,,,,,
1205716,2019/20,2019-11-08,St'Xavier's KCA Cricket Ground,2,9.4,Kerala,Tamil Nadu,Sachin Baby,Rohan Kunnummal,M Mohammed,1,0,,,,,,,,,
1205716,2019/20,2019-11-08,St'Xavier's KCA Cricket Ground,2,9.5,Kerala,Tamil Nadu,Rohan Kunnummal,Sachin Baby,M Mohammed,4,0,,,,,,,,,
1205716,2019/20,2019-11-08,St'Xavier's KCA Cricket Ground,2,9.6,Kerala,Tamil Nadu,Rohan Kunnummal,Sachin Baby,M Mohammed,1,0,,,,,,,,,
1205716,2019/20,2019-11-08,St'Xavier's KCA Cricket Ground,2,10.1,Kerala,Tamil Nadu,Rohan Kunnummal,Sachin Baby,G Periyaswamy,4,0,,,,,,,,,
1205716,2019/20,2019-11-08,St'Xavier's KCA Cricket Ground,2,10.2,Kerala,Tamil Nadu,Rohan Kunnummal,Sachin Baby,G Periyaswamy,1,0,,,,,,,,,
1205716,2019/20,2019-11-08,St'Xavier's KCA Cricket Ground,2,10.3,Kerala,Tamil Nadu,Sachin Baby,Rohan Kunnummal,G Periyaswamy,1,0,,,,,,,,,
1205716,2019/20,2019-11-08,St'Xavier's KCA Cricket Ground,2,10.4,Kerala,Tamil Nadu,Rohan Kunnummal,Sachin Baby,G Periyaswamy,3,0,,,,,,,,,
1205716,2019/20,2019-11-08,St'Xavier's KCA Cricket Ground,2,10.5,Kerala,Tamil Nadu,Sachin Baby,Rohan Kunnummal,G Periyaswamy,0,0,,,,,,,,,
1205716,2019/20,2019-11-08,St'Xavier's KCA Cricket Ground,2,10.6,Kerala,Tamil Nadu,Sachin Baby,Rohan Kunnummal,G Periyaswamy,0,1,,,,1,,,,,
1205716,2019/20,2019-11-08,St'Xavier's KCA Cricket Ground,2,11.1,Kerala,Tamil Nadu,Sachin Baby,Rohan Kunnummal,M Ashwin,1,0,,,,,,,,,
1205716,2019/20,2019-11-08,St'Xavier's KCA Cricket Ground,2,11.2,Kerala,Tamil Nadu,Rohan Kunnummal,Sachin Baby,M Ashwin,1,0,,,,,,,,,
1205716,2019/20,2019-11-08,St'Xavier's KCA Cricket Ground,2,11.3,Kerala,Tamil Nadu,Sachin Baby,Rohan Kunnummal,M Ashwin,0,0,,,,,,,,,
1205716,2019/20,2019-11-08,St'Xavier's KCA Cricket Ground,2,11.4,Kerala,Tamil Nadu,Sachin Baby,Rohan Kunnummal,M Ashwin,1,0,,,,,,,,,
1205716,2019/20,2019-11-08,St'Xavier's KCA Cricket Ground,2,11.5,Kerala,Tamil Nadu,Rohan Kunnummal,Sachin Baby,M Ashwin,0,0,,,,,,caught,Rohan Kunnummal,,
1205716,2019/20,2019-11-08,St'Xavier's KCA Cricket Ground,2,11.6,Kerala,Tamil Nadu,Sachin Baby,Mohammed Azharuddeen,M Ashwin,1,0,,,,,,,,,
1205716,2019/20,2019-11-08,St'Xavier's KCA Cricket Ground,2,12.1,Kerala,Tamil Nadu,Sachin Baby,Mohammed Azharuddeen,M Mohammed,0,0,,,,,,,,,
1205716,2019/20,2019-11-08,St'Xavier's KCA Cricket Ground,2,12.2,Kerala,Tamil Nadu,Sachin Baby,Mohammed Azharuddeen,M Mohammed,1,0,,,,,,,,,
1205716,2019/20,2019-11-08,St'Xavier's KCA Cricket Ground,2,12.3,Kerala,Tamil Nadu,Mohammed Azharuddeen,Sachin Baby,M Mohammed,1,0,,,,,,,,,
1205716,2019/20,2019-11-08,St'Xavier's KCA Cricket Ground,2,12.4,Kerala,Tamil Nadu,Sachin Baby,Mohammed Azharuddeen,M Mohammed,1,0,,,,,,,,,
1205716,2019/20,2019-11-08,St'Xavier's KCA Cricket Ground,2,12.5,Kerala,Tamil Nadu,Mohammed Azharuddeen,Sachin Baby,M Mohammed,0,0,,,,,,,,,
1205716,2019/20,2019-11-08,St'Xavier's KCA Cricket Ground,2,12.6,Kerala,Tamil Nadu,Mohammed Azharuddeen,Sachin Baby,M Mohammed,0,0,,,,,,,,,
1205716,2019/20,2019-11-08,St'Xavier's KCA Cricket Ground,2,13.1,Kerala,Tamil Nadu,Sachin Baby,Mohammed Azharuddeen,M Ashwin,2,0,,,,,,,,,
1205716,2019/20,2019-11-08,St'Xavier's KCA Cricket Ground,2,13.2,Kerala,Tamil Nadu,Sachin Baby,Mohammed Azharuddeen,M Ashwin,4,0,,,,,,,,,
1205716,2019/20,2019-11-08,St'Xavier's KCA Cricket Ground,2,13.3,Kerala,Tamil Nadu,Sachin Baby,Mohammed Azharuddeen,M Ashwin,0,0,,,,,,,,,
1205716,2019/20,2019-11-08,St'Xavier's KCA Cricket Ground,2,13.4,Kerala,Tamil Nadu,Sachin Baby,Mohammed Azharuddeen,M Ashwin,2,0,,,,,,,,,
1205716,2019/20,2019-11-08,St'Xavier's KCA Cricket Ground,2,13.5,Kerala,Tamil Nadu,Sachin Baby,Mohammed Azharuddeen,M Ashwin,1,0,,,,,,,,,
1205716,2019/20,2019-11-08,St'Xavier's KCA Cricket Ground,2,13.6,Kerala,Tamil Nadu,Mohammed Azharuddeen,Sachin Baby,M Ashwin,2,0,,,,,,,,,
1205716,2019/20,2019-11-08,St'Xavier's KCA Cricket Ground,2,14.1,Kerala,Tamil Nadu,Sachin Baby,Mohammed Azharuddeen,M Mohammed,1,0,,,,,,,,,
1205716,2019/20,2019-11-08,St'Xavier's KCA Cricket Ground,2,14.2,Kerala,Tamil Nadu,Mohammed Azharuddeen,Sachin Baby,M Mohammed,0,1,,,,1,,,,,
1205716,2019/20,2019-11-08,St'Xavier's KCA Cricket Ground,2,14.3,Kerala,Tamil Nadu,Sachin Baby,Mohammed Azharuddeen,M Mohammed,4,0,,,,,,,,,
1205716,2019/20,2019-11-08,St'Xavier's KCA Cricket Ground,2,14.4,Kerala,Tamil Nadu,Sachin Baby,Mohammed Azharuddeen,M Mohammed,2,0,,,,,,,,,
1205716,2019/20,2019-11-08,St'Xavier's KCA Cricket Ground,2,14.5,Kerala,Tamil Nadu,Sachin Baby,Mohammed Azharuddeen,M Mohammed,1,0,,,,,,,,,
1205716,2019/20,2019-11-08,St'Xavier's KCA Cricket Ground,2,14.6,Kerala,Tamil Nadu,Mohammed Azharuddeen,Sachin Baby,M Mohammed,6,0,,,,,,,,,
1205716,2019/20,2019-11-08,St'Xavier's KCA Cricket Ground,2,15.1,Kerala,Tamil Nadu,Sachin Baby,Mohammed Azharuddeen,R Sai Kishore,1,0,,,,,,,,,
1205716,2019/20,2019-11-08,St'Xavier's KCA Cricket Ground,2,15.2,Kerala,Tamil Nadu,Mohammed Azharuddeen,Sachin Baby,R Sai Kishore,2,0,,,,,,,,,
1205716,2019/20,2019-11-08,St'Xavier's KCA Cricket Ground,2,15.3,Kerala,Tamil Nadu,Mohammed Azharuddeen,Sachin Baby,R Sai Kishore,0,1,,,1,,,,,,
1205716,2019/20,2019-11-08,St'Xavier's KCA Cricket Ground,2,15.4,Kerala,Tamil Nadu,Sachin Baby,Mohammed Azharuddeen,R Sai Kishore,0,0,,,,,,,,,
1205716,2019/20,2019-11-08,St'Xavier's KCA Cricket Ground,2,15.5,Kerala,Tamil Nadu,Sachin Baby,Mohammed Azharuddeen,R Sai Kishore,1,0,,,,,,,,,
1205716,2019/20,2019-11-08,St'Xavier's KCA Cricket Ground,2,15.6,Kerala,Tamil Nadu,Mohammed Azharuddeen,Sachin Baby,R Sai Kishore,0,0,,,,,,,,,
1205716,2019/20,2019-11-08,St'Xavier's KCA Cricket Ground,2,16.1,Kerala,Tamil Nadu,Sachin Baby,Mohammed Azharuddeen,G Periyaswamy,1,0,,,,,,,,,
1205716,2019/20,2019-11-08,St'Xavier's KCA Cricket Ground,2,16.2,Kerala,Tamil Nadu,Mohammed Azharuddeen,Sachin Baby,G Periyaswamy,6,0,,,,,,,,,
1205716,2019/20,2019-11-08,St'Xavier's KCA Cricket Ground,2,16.3,Kerala,Tamil Nadu,Mohammed Azharuddeen,Sachin Baby,G Periyaswamy,0,0,,,,,,caught,Mohammed Azharuddeen,,
1205716,2019/20,2019-11-08,St'Xavier's KCA Cricket Ground,2,16.4,Kerala,Tamil Nadu,Sachin Baby,Ponnan Rahul,G Periyaswamy,1,0,,,,,,,,,
1205716,2019/20,2019-11-08,St'Xavier's KCA Cricket Ground,2,16.5,Kerala,Tamil Nadu,Ponnan Rahul,Sachin Baby,G Periyaswamy,2,0,,,,,,,,,
1205716,2019/20,2019-11-08,St'Xavier's KCA Cricket Ground,2,16.6,Kerala,Tamil Nadu,Ponnan Rahul,Sachin Baby,G Periyaswamy,0,0,,,,,,,,,
1205716,2019/20,2019-11-08,St'Xavier's KCA Cricket Ground,2,17.1,Kerala,Tamil Nadu,Sachin Baby,Ponnan Rahul,T Natarajan,0,0,,,,,,lbw,Sachin Baby,,
1205716,2019/20,2019-11-08,St'Xavier's KCA Cricket Ground,2,17.2,Kerala,Tamil Nadu,Jalaj S Saxena,Ponnan Rahul,T Natarajan,2,0,,,,,,,,,
1205716,2019/20,2019-11-08,St'Xavier's KCA Cricket Ground,2,17.3,Kerala,Tamil Nadu,Jalaj S Saxena,Ponnan Rahul,T Natarajan,0,0,,,,,,,,,
1205716,2019/20,2019-11-08,St'Xavier's KCA Cricket Ground,2,17.4,Kerala,Tamil Nadu,Jalaj S Saxena,Ponnan Rahul,T Natarajan,0,0,,,,,,caught,Jalaj S Saxena,,
1205716,2019/20,2019-11-08,St'Xavier's KCA Cricket Ground,2,17.5,Kerala,Tamil Nadu,Ponnan Rahul,S Midhun,T Natarajan,0,0,,,,,,,,,
1205716,2019/20,2019-11-08,St'Xavier's KCA Cricket Ground,2,17.6,Kerala,Tamil Nadu,Ponnan Rahul,S Midhun,T Natarajan,1,0,,,,,,,,,
1205716,2019/20,2019-11-08,St'Xavier's KCA Cricket Ground,2,18.1,Kerala,Tamil Nadu,Ponnan Rahul,S Midhun,G Periyaswamy,1,0,,,,,,,,,
1205716,2019/20,2019-11-08,St'Xavier's KCA Cricket Ground,2,18.2,Kerala,Tamil Nadu,S Midhun,Ponnan Rahul,G Periyaswamy,1,0,,,,,,,,,
1205716,2019/20,2019-11-08,St'Xavier's KCA Cricket Ground,2,18.3,Kerala,Tamil Nadu,Ponnan Rahul,S Midhun,G Periyaswamy,0,0,,,,,,bowled,Ponnan Rahul,,
1205716,2019/20,2019-11-08,St'Xavier's KCA Cricket Ground,2,18.4,Kerala,Tamil Nadu,Basil Thampi,S Midhun,G Periyaswamy,0,1,,,,1,,,,,
1205716,2019/20,2019-11-08,St'Xavier's KCA Cricket Ground,2,18.5,Kerala,Tamil Nadu,S Midhun,Basil Thampi,G Periyaswamy,1,0,,,,,,,,,
1205716,2019/20,2019-11-08,St'Xavier's KCA Cricket Ground,2,18.6,Kerala,Tamil Nadu,Basil Thampi,S Midhun,G Periyaswamy,0,1,1,,,,,,,,
1205716,2019/20,2019-11-08,St'Xavier's KCA Cricket Ground,2,18.7,Kerala,Tamil Nadu,Basil Thampi,S Midhun,G Periyaswamy,1,0,,,,,,,,,
1205716,2019/20,2019-11-08,St'Xavier's KCA Cricket Ground,2,19.1,Kerala,Tamil Nadu,Basil Thampi,S Midhun,T Natarajan,0,0,,,,,,,,,
1205716,2019/20,2019-11-08,St'Xavier's KCA Cricket Ground,2,19.2,Kerala,Tamil Nadu,Basil Thampi,S Midhun,T Natarajan,0,0,,,,,,caught and bowled,Basil Thampi,,
1205716,2019/20,2019-11-08,St'Xavier's KCA Cricket Ground,2,19.3,Kerala,Tamil Nadu,KM Asif,S Midhun,T Natarajan,1,0,,,,,,,,,
1205716,2019/20,2019-11-08,St'Xavier's KCA Cricket Ground,2,19.4,Kerala,Tamil Nadu,S Midhun,KM Asif,T Natarajan,0,0,,,,,,,,,
1205716,2019/20,2019-11-08,St'Xavier's KCA Cricket Ground,2,19.5,Kerala,Tamil Nadu,S Midhun,KM Asif,T Natarajan,0,0,,,,,,,,,
1205716,2019/20,2019-11-08,St'Xavier's KCA Cricket Ground,2,19.6,Kerala,Tamil Nadu,S Midhun,KM Asif,T Natarajan,1,0,,,,,,,,,
