match_id,season,start_date,venue,innings,ball,batting_team,bowling_team,striker,non_striker,bowler,runs_off_bat,extras,wides,noballs,byes,legbyes,penalty,wicket_type,player_dismissed,other_wicket_type,other_player_dismissed
1205768,2019/20,2019-11-12,Dr. Y.S. Rajasekhara Reddy ACA VDCA Cricket Stadium,1,0.1,Andhra,Baroda,Ashwin Hebbar,KS Bharat,Swapnil Singh,2,0,,,,,,,,,
1205768,2019/20,2019-11-12,Dr. Y.S. Rajasekhara Reddy ACA VDCA Cricket Stadium,1,0.2,Andhra,Baroda,Ashwin Hebbar,KS Bharat,Swapnil Singh,0,0,,,,,,,,,
1205768,2019/20,2019-11-12,Dr. Y.S. Rajasekhara Reddy ACA VDCA Cricket Stadium,1,0.3,Andhra,Baroda,Ashwin Hebbar,KS Bharat,Swapnil Singh,0,0,,,,,,,,,
1205768,2019/20,2019-11-12,Dr. Y.S. Rajasekhara Reddy ACA VDCA Cricket Stadium,1,0.4,Andhra,Baroda,Ashwin Hebbar,KS Bharat,Swapnil Singh,0,0,,,,,,,,,
1205768,2019/20,2019-11-12,Dr. Y.S. Rajasekhara Reddy ACA VDCA Cricket Stadium,1,0.5,Andhra,Baroda,Ashwin Hebbar,KS Bharat,Swapnil Singh,4,0,,,,,,,,,
1205768,2019/20,2019-11-12,Dr. Y.S. Rajasekhara Reddy ACA VDCA Cricket Stadium,1,0.6,Andhra,Baroda,Ashwin Hebbar,KS Bharat,Swapnil Singh,2,0,,,,,,,,,
1205768,2019/20,2019-11-12,Dr. Y.S. Rajasekhara Reddy ACA VDCA Cricket Stadium,1,1.1,Andhra,Baroda,KS Bharat,Ashwin Hebbar,A Sheth,0,0,,,,,,,,,
1205768,2019/20,2019-11-12,Dr. Y.S. Rajasekhara Reddy ACA VDCA Cricket Stadium,1,1.2,Andhra,Baroda,KS Bharat,Ashwin Hebbar,A Sheth,4,0,,,,,,,,,
1205768,2019/20,2019-11-12,Dr. Y.S. Rajasekhara Reddy ACA VDCA Cricket Stadium,1,1.3,Andhra,Baroda,KS Bharat,Ashwin Hebbar,A Sheth,0,0,,,,,,,,,
1205768,2019/20,2019-11-12,Dr. Y.S. Rajasekhara Reddy ACA VDCA Cricket Stadium,1,1.4,Andhra,Baroda,KS Bharat,Ashwin Hebbar,A Sheth,4,0,,,,,,,,,
1205768,2019/20,2019-11-12,Dr. Y.S. Rajasekhara Reddy ACA VDCA Cricket Stadium,1,1.5,Andhra,Baroda,KS Bharat,Ashwin Hebbar,A Sheth,4,0,,,,,,,,,
1205768,2019/20,2019-11-12,Dr. Y.S. Rajasekhara Reddy ACA VDCA Cricket Stadium,1,1.6,Andhra,Baroda,KS Bharat,Ashwin Hebbar,A Sheth,0,0,,,,,,,,,
1205768,2019/20,2019-11-12,Dr. Y.S. Rajasekhara Reddy ACA VDCA Cricket Stadium,1,2.1,Andhra,Baroda,Ashwin Hebbar,KS Bharat,Swapnil Singh,0,0,,,,,,,,,
1205768,2019/20,2019-11-12,Dr. Y.S. Rajasekhara Reddy ACA VDCA Cricket Stadium,1,2.2,Andhra,Baroda,Ashwin Hebbar,KS Bharat,Swapnil Singh,0,0,,,,,,,,,
1205768,2019/20,2019-11-12,Dr. Y.S. Rajasekhara Reddy ACA VDCA Cricket Stadium,1,2.3,Andhra,Baroda,Ashwin Hebbar,KS Bharat,Swapnil Singh,1,0,,,,,,,,,
1205768,2019/20,2019-11-12,Dr. Y.S. Rajasekhara Reddy ACA VDCA Cricket Stadium,1,2.4,Andhra,Baroda,KS Bharat,Ashwin Hebbar,Swapnil Singh,0,0,,,,,,,,,
1205768,2019/20,2019-11-12,Dr. Y.S. Rajasekhara Reddy ACA VDCA Cricket Stadium,1,2.5,Andhra,Baroda,KS Bharat,Ashwin Hebbar,Swapnil Singh,0,0,,,,,,,,,
1205768,2019/20,2019-11-12,Dr. Y.S. Rajasekhara Reddy ACA VDCA Cricket Stadium,1,2.6,Andhra,Baroda,KS Bharat,Ashwin Hebbar,Swapnil Singh,4,0,,,,,,,,,
1205768,2019/20,2019-11-12,Dr. Y.S. Rajasekhara Reddy ACA VDCA Cricket Stadium,1,3.1,Andhra,Baroda,Ashwin Hebbar,KS Bharat,LI Meriwala,0,0,,,,,,,,,
1205768,2019/20,2019-11-12,Dr. Y.S. Rajasekhara Reddy ACA VDCA Cricket Stadium,1,3.2,Andhra,Baroda,Ashwin Hebbar,KS Bharat,LI Meriwala,1,0,,,,,,,,,
1205768,2019/20,2019-11-12,Dr. Y.S. Rajasekhara Reddy ACA VDCA Cricket Stadium,1,3.3,Andhra,Baroda,KS Bharat,Ashwin Hebbar,LI Meriwala,0,0,,,,,,,,,
1205768,2019/20,2019-11-12,Dr. Y.S. Rajasekhara Reddy ACA VDCA Cricket Stadium,1,3.4,Andhra,Baroda,KS Bharat,Ashwin Hebbar,LI Meriwala,0,0,,,,,,,,,
1205768,2019/20,2019-11-12,Dr. Y.S. Rajasekhara Reddy ACA VDCA Cricket Stadium,1,3.5,Andhra,Baroda,KS Bharat,Ashwin Hebbar,LI Meriwala,0,0,,,,,,,,,
1205768,2019/20,2019-11-12,Dr. Y.S. Rajasekhara Reddy ACA VDCA Cricket Stadium,1,3.6,Andhra,Baroda,KS Bharat,Ashwin Hebbar,LI Meriwala,1,0,,,,,,,,,
1205768,2019/20,2019-11-12,Dr. Y.S. Rajasekhara Reddy ACA VDCA Cricket Stadium,1,4.1,Andhra,Baroda,KS Bharat,Ashwin Hebbar,NA Rathva,0,0,,,,,,,,,
1205768,2019/20,2019-11-12,Dr. Y.S. Rajasekhara Reddy ACA VDCA Cricket Stadium,1,4.2,Andhra,Baroda,KS Bharat,Ashwin Hebbar,NA Rathva,4,0,,,,,,,,,
1205768,2019/20,2019-11-12,Dr. Y.S. Rajasekhara Reddy ACA VDCA Cricket Stadium,1,4.3,Andhra,Baroda,KS Bharat,Ashwin Hebbar,NA Rathva,0,0,,,,,,,,,
1205768,2019/20,2019-11-12,Dr. Y.S. Rajasekhara Reddy ACA VDCA Cricket Stadium,1,4.4,Andhra,Baroda,KS Bharat,Ashwin Hebbar,NA Rathva,0,0,,,,,,caught,KS Bharat,,
1205768,2019/20,2019-11-12,Dr. Y.S. Rajasekhara Reddy ACA VDCA Cricket Stadium,1,4.5,Andhra,Baroda,Ashwin Hebbar,Prashanth Kumar,NA Rathva,0,0,,,,,,,,,
1205768,2019/20,2019-11-12,Dr. Y.S. Rajasekhara Reddy ACA VDCA Cricket Stadium,1,4.6,Andhra,Baroda,Ashwin Hebbar,Prashanth Kumar,NA Rathva,0,0,,,,,,,,,
1205768,2019/20,2019-11-12,Dr. Y.S. Rajasekhara Reddy ACA VDCA Cricket Stadium,1,5.1,Andhra,Baroda,Prashanth Kumar,Ashwin Hebbar,LI Meriwala,0,0,,,,,,,,,
1205768,2019/20,2019-11-12,Dr. Y.S. Rajasekhara Reddy ACA VDCA Cricket Stadium,1,5.2,Andhra,Baroda,Prashanth Kumar,Ashwin Hebbar,LI Meriwala,1,0,,,,,,,,,
1205768,2019/20,2019-11-12,Dr. Y.S. Rajasekhara Reddy ACA VDCA Cricket Stadium,1,5.3,Andhra,Baroda,Ashwin Hebbar,Prashanth Kumar,LI Meriwala,0,0,,,,,,bowled,Ashwin Hebbar,,
1205768,2019/20,2019-11-12,Dr. Y.S. Rajasekhara Reddy ACA VDCA Cricket Stadium,1,5.4,Andhra,Baroda,RK Bhui,Prashanth Kumar,LI Meriwala,0,0,,,,,,caught,RK Bhui,,
1205768,2019/20,2019-11-12,Dr. Y.S. Rajasekhara Reddy ACA VDCA Cricket Stadium,1,5.5,Andhra,Baroda,Chintapalli Kranthi Kumar,Prashanth Kumar,LI Meriwala,1,0,,,,,,,,,
1205768,2019/20,2019-11-12,Dr. Y.S. Rajasekhara Reddy ACA VDCA Cricket Stadium,1,5.6,Andhra,Baroda,Prashanth Kumar,Chintapalli Kranthi Kumar,LI Meriwala,1,0,,,,,,,,,
1205768,2019/20,2019-11-12,Dr. Y.S. Rajasekhara Reddy ACA VDCA Cricket Stadium,1,6.1,Andhra,Baroda,Prashanth Kumar,Chintapalli Kranthi Kumar,NA Rathva,0,0,,,,,,,,,
1205768,2019/20,2019-11-12,Dr. Y.S. Rajasekhara Reddy ACA VDCA Cricket Stadium,1,6.2,Andhra,Baroda,Prashanth Kumar,Chintapalli Kranthi Kumar,NA Rathva,1,0,,,,,,,,,
1205768,2019/20,2019-11-12,Dr. Y.S. Rajasekhara Reddy ACA VDCA Cricket Stadium,1,6.3,Andhra,Baroda,Chintapalli Kranthi Kumar,Prashanth Kumar,NA Rathva,0,0,,,,,,,,,
1205768,2019/20,2019-11-12,Dr. Y.S. Rajasekhara Reddy ACA VDCA Cricket Stadium,1,6.4,Andhra,Baroda,Chintapalli Kranthi Kumar,Prashanth Kumar,NA Rathva,4,0,,,,,,,,,
1205768,2019/20,2019-11-12,Dr. Y.S. Rajasekhara Reddy ACA VDCA Cricket Stadium,1,6.5,Andhra,Baroda,Chintapalli Kranthi Kumar,Prashanth Kumar,NA Rathva,1,0,,,,,,,,,
1205768,2019/20,2019-11-12,Dr. Y.S. Rajasekhara Reddy ACA VDCA Cricket Stadium,1,6.6,Andhra,Baroda,Prashanth Kumar,Chintapalli Kranthi Kumar,NA Rathva,1,0,,,,,,,,,
1205768,2019/20,2019-11-12,Dr. Y.S. Rajasekhara Reddy ACA VDCA Cricket Stadium,1,7.1,Andhra,Baroda,Prashanth Kumar,Chintapalli Kranthi Kumar,RT Arothe,1,0,,,,,,,,,
1205768,2019/20,2019-11-12,Dr. Y.S. Rajasekhara Reddy ACA VDCA Cricket Stadium,1,7.2,Andhra,Baroda,Chintapalli Kranthi Kumar,Prashanth Kumar,RT Arothe,1,0,,,,,,,,,
1205768,2019/20,2019-11-12,Dr. Y.S. Rajasekhara Reddy ACA VDCA Cricket Stadium,1,7.3,Andhra,Baroda,Prashanth Kumar,Chintapalli Kranthi Kumar,RT Arothe,6,0,,,,,,,,,
1205768,2019/20,2019-11-12,Dr. Y.S. Rajasekhara Reddy ACA VDCA Cricket Stadium,1,7.4,Andhra,Baroda,Prashanth Kumar,Chintapalli Kranthi Kumar,RT Arothe,1,0,,,,,,,,,
1205768,2019/20,2019-11-12,Dr. Y.S. Rajasekhara Reddy ACA VDCA Cricket Stadium,1,7.5,Andhra,Baroda,Chintapalli Kranthi Kumar,Prashanth Kumar,RT Arothe,1,0,,,,,,,,,
1205768,2019/20,2019-11-12,Dr. Y.S. Rajasekhara Reddy ACA VDCA Cricket Stadium,1,7.6,Andhra,Baroda,Prashanth Kumar,Chintapalli Kranthi Kumar,RT Arothe,0,0,,,,,,,,,
1205768,2019/20,2019-11-12,Dr. Y.S. Rajasekhara Reddy ACA VDCA Cricket Stadium,1,8.1,Andhra,Baroda,Chintapalli Kranthi Kumar,Prashanth Kumar,Swapnil Singh,1,0,,,,,,,,,
1205768,2019/20,2019-11-12,Dr. Y.S. Rajasekhara Reddy ACA VDCA Cricket Stadium,1,8.2,Andhra,Baroda,Prashanth Kumar,Chintapalli Kranthi Kumar,Swapnil Singh,4,0,,,,,,,,,
1205768,2019/20,2019-11-12,Dr. Y.S. Rajasekhara Reddy ACA VDCA Cricket Stadium,1,8.3,Andhra,Baroda,Prashanth Kumar,Chintapalli Kranthi Kumar,Swapnil Singh,0,0,,,,,,,,,
1205768,2019/20,2019-11-12,Dr. Y.S. Rajasekhara Reddy ACA VDCA Cricket Stadium,1,8.4,Andhra,Baroda,Prashanth Kumar,Chintapalli Kranthi Kumar,Swapnil Singh,1,0,,,,,,,,,
1205768,2019/20,2019-11-12,Dr. Y.S. Rajasekhara Reddy ACA VDCA Cricket Stadium,1,8.5,Andhra,Baroda,Chintapalli Kranthi Kumar,Prashanth Kumar,Swapnil Singh,1,0,,,,,,,,,
1205768,2019/20,2019-11-12,Dr. Y.S. Rajasekhara Reddy ACA VDCA Cricket Stadium,1,8.6,Andhra,Baroda,Prashanth Kumar,Chintapalli Kranthi Kumar,Swapnil Singh,1,0,,,,,,,,,
1205768,2019/20,2019-11-12,Dr. Y.S. Rajasekhara Reddy ACA VDCA Cricket Stadium,1,9.1,Andhra,Baroda,Prashanth Kumar,Chintapalli Kranthi Kumar,DJ Hooda,6,0,,,,,,,,,
1205768,2019/20,2019-11-12,Dr. Y.S. Rajasekhara Reddy ACA VDCA Cricket Stadium,1,9.2,Andhra,Baroda,Prashanth Kumar,Chintapalli Kranthi Kumar,DJ Hooda,1,0,,,,,,,,,
1205768,2019/20,2019-11-12,Dr. Y.S. Rajasekhara Reddy ACA VDCA Cricket Stadium,1,9.3,Andhra,Baroda,Chintapalli Kranthi Kumar,Prashanth Kumar,DJ Hooda,1,0,,,,,,,,,
1205768,2019/20,2019-11-12,Dr. Y.S. Rajasekhara Reddy ACA VDCA Cricket Stadium,1,9.4,Andhra,Baroda,Prashanth Kumar,Chintapalli Kranthi Kumar,DJ Hooda,1,0,,,,,,,,,
1205768,2019/20,2019-11-12,Dr. Y.S. Rajasekhara Reddy ACA VDCA Cricket Stadium,1,9.5,Andhra,Baroda,Chintapalli Kranthi Kumar,Prashanth Kumar,DJ Hooda,1,0,,,,,,,,,
1205768,2019/20,2019-11-12,Dr. Y.S. Rajasekhara Reddy ACA VDCA Cricket Stadium,1,9.6,Andhra,Baroda,Prashanth Kumar,Chintapalli Kranthi Kumar,DJ Hooda,1,0,,,,,,,,,
1205768,2019/20,2019-11-12,Dr. Y.S. Rajasekhara Reddy ACA VDCA Cricket Stadium,1,10.1,Andhra,Baroda,Prashanth Kumar,Chintapalli Kranthi Kumar,A Sheth,2,0,,,,,,,,,
1205768,2019/20,2019-11-12,Dr. Y.S. Rajasekhara Reddy ACA VDCA Cricket Stadium,1,10.2,Andhra,Baroda,Prashanth Kumar,Chintapalli Kranthi Kumar,A Sheth,0,0,,,,,,,,,
1205768,2019/20,2019-11-12,Dr. Y.S. Rajasekhara Reddy ACA VDCA Cricket Stadium,1,10.3,Andhra,Baroda,Prashanth Kumar,Chintapalli Kranthi Kumar,A Sheth,2,0,,,,,,,,,
1205768,2019/20,2019-11-12,Dr. Y.S. Rajasekhara Reddy ACA VDCA Cricket Stadium,1,10.4,Andhra,Baroda,Prashanth Kumar,Chintapalli Kranthi Kumar,A Sheth,4,0,,,,,,,,,
1205768,2019/20,2019-11-12,Dr. Y.S. Rajasekhara Reddy ACA VDCA Cricket Stadium,1,10.5,Andhra,Baroda,Prashanth Kumar,Chintapalli Kranthi Kumar,A Sheth,0,0,,,,,,,,,
1205768,2019/20,2019-11-12,Dr. Y.S. Rajasekhara Reddy ACA VDCA Cricket Stadium,1,10.6,Andhra,Baroda,Prashanth Kumar,Chintapalli Kranthi Kumar,A Sheth,0,0,,,,,,,,,
1205768,2019/20,2019-11-12,Dr. Y.S. Rajasekhara Reddy ACA VDCA Cricket Stadium,1,11.1,Andhra,Baroda,Chintapalli Kranthi Kumar,Prashanth Kumar,NA Rathva,0,0,,,,,,,,,
1205768,2019/20,2019-11-12,Dr. Y.S. Rajasekhara Reddy ACA VDCA Cricket Stadium,1,11.2,Andhra,Baroda,Chintapalli Kranthi Kumar,Prashanth Kumar,NA Rathva,6,0,,,,,,,,,
1205768,2019/20,2019-11-12,Dr. Y.S. Rajasekhara Reddy ACA VDCA Cricket Stadium,1,11.3,Andhra,Baroda,Chintapalli Kranthi Kumar,Prashanth Kumar,NA Rathva,4,0,,,,,,,,,
1205768,2019/20,2019-11-12,Dr. Y.S. Rajasekhara Reddy ACA VDCA Cricket Stadium,1,11.4,Andhra,Baroda,Chintapalli Kranthi Kumar,Prashanth Kumar,NA Rathva,6,0,,,,,,,,,
1205768,2019/20,2019-11-12,Dr. Y.S. Rajasekhara Reddy ACA VDCA Cricket Stadium,1,11.5,Andhra,Baroda,Chintapalli Kranthi Kumar,Prashanth Kumar,NA Rathva,1,0,,,,,,,,,
1205768,2019/20,2019-11-12,Dr. Y.S. Rajasekhara Reddy ACA VDCA Cricket Stadium,1,11.6,Andhra,Baroda,Prashanth Kumar,Chintapalli Kranthi Kumar,NA Rathva,1,0,,,,,,,,,
1205768,2019/20,2019-11-12,Dr. Y.S. Rajasekhara Reddy ACA VDCA Cricket Stadium,1,12.1,Andhra,Baroda,Prashanth Kumar,Chintapalli Kranthi Kumar,A Sheth,4,0,,,,,,,,,
1205768,2019/20,2019-11-12,Dr. Y.S. Rajasekhara Reddy ACA VDCA Cricket Stadium,1,12.2,Andhra,Baroda,Prashanth Kumar,Chintapalli Kranthi Kumar,A Sheth,1,0,,,,,,,,,
1205768,2019/20,2019-11-12,Dr. Y.S. Rajasekhara Reddy ACA VDCA Cricket Stadium,1,12.3,Andhra,Baroda,Chintapalli Kranthi Kumar,Prashanth Kumar,A Sheth,1,0,,,,,,,,,
1205768,2019/20,2019-11-12,Dr. Y.S. Rajasekhara Reddy ACA VDCA Cricket Stadium,1,12.4,Andhra,Baroda,Prashanth Kumar,Chintapalli Kranthi Kumar,A Sheth,1,0,,,,,,,,,
1205768,2019/20,2019-11-12,Dr. Y.S. Rajasekhara Reddy ACA VDCA Cricket Stadium,1,12.5,Andhra,Baroda,Chintapalli Kranthi Kumar,Prashanth Kumar,A Sheth,1,0,,,,,,,,,
1205768,2019/20,2019-11-12,Dr. Y.S. Rajasekhara Reddy ACA VDCA Cricket Stadium,1,12.6,Andhra,Baroda,Prashanth Kumar,Chintapalli Kranthi Kumar,A Sheth,1,0,,,,,,,,,
1205768,2019/20,2019-11-12,Dr. Y.S. Rajasekhara Reddy ACA VDCA Cricket Stadium,1,13.1,Andhra,Baroda,Prashanth Kumar,Chintapalli Kranthi Kumar,RT Arothe,1,0,,,,,,,,,
1205768,2019/20,2019-11-12,Dr. Y.S. Rajasekhara Reddy ACA VDCA Cricket Stadium,1,13.2,Andhra,Baroda,Chintapalli Kranthi Kumar,Prashanth Kumar,RT Arothe,1,0,,,,,,,,,
1205768,2019/20,2019-11-12,Dr. Y.S. Rajasekhara Reddy ACA VDCA Cricket Stadium,1,13.3,Andhra,Baroda,Prashanth Kumar,Chintapalli Kranthi Kumar,RT Arothe,1,0,,,,,,,,,
1205768,2019/20,2019-11-12,Dr. Y.S. Rajasekhara Reddy ACA VDCA Cricket Stadium,1,13.4,Andhra,Baroda,Chintapalli Kranthi Kumar,Prashanth Kumar,RT Arothe,1,0,,,,,,,,,
1205768,2019/20,2019-11-12,Dr. Y.S. Rajasekhara Reddy ACA VDCA Cricket Stadium,1,13.5,Andhra,Baroda,Prashanth Kumar,Chintapalli Kranthi Kumar,RT Arothe,0,0,,,,,,caught,Prashanth Kumar,,
1205768,2019/20,2019-11-12,Dr. Y.S. Rajasekhara Reddy ACA VDCA Cricket Stadium,1,13.6,Andhra,Baroda,Chintapalli Kranthi Kumar,Naren Reddy,RT Arothe,0,0,,,,,,,,,
1205768,2019/20,2019-11-12,Dr. Y.S. Rajasekhara Reddy ACA VDCA Cricket Stadium,1,14.1,Andhra,Baroda,Naren Reddy,Chintapalli Kranthi Kumar,Swapnil Singh,1,0,,,,,,,,,
1205768,2019/20,2019-11-12,Dr. Y.S. Rajasekhara Reddy ACA VDCA Cricket Stadium,1,14.2,Andhra,Baroda,Chintapalli Kranthi Kumar,Naren Reddy,Swapnil Singh,6,0,,,,,,,,,
1205768,2019/20,2019-11-12,Dr. Y.S. Rajasekhara Reddy ACA VDCA Cricket Stadium,1,14.3,Andhra,Baroda,Chintapalli Kranthi Kumar,Naren Reddy,Swapnil Singh,4,0,,,,,,,,,
1205768,2019/20,2019-11-12,Dr. Y.S. Rajasekhara Reddy ACA VDCA Cricket Stadium,1,14.4,Andhra,Baroda,Chintapalli Kranthi Kumar,Naren Reddy,Swapnil Singh,4,0,,,,,,,,,
1205768,2019/20,2019-11-12,Dr. Y.S. Rajasekhara Reddy ACA VDCA Cricket Stadium,1,14.5,Andhra,Baroda,Chintapalli Kranthi Kumar,Naren Reddy,Swapnil Singh,0,0,,,,,,caught and bowled,Chintapalli Kranthi Kumar,,
1205768,2019/20,2019-11-12,Dr. Y.S. Rajasekhara Reddy ACA VDCA Cricket Stadium,1,14.6,Andhra,Baroda,K V Sasikanth,Naren Reddy,Swapnil Singh,1,0,,,,,,,,,
1205768,2019/20,2019-11-12,Dr. Y.S. Rajasekhara Reddy ACA VDCA Cricket Stadium,1,15.1,Andhra,Baroda,K V Sasikanth,Naren Reddy,RT Arothe,1,0,,,,,,,,,
1205768,2019/20,2019-11-12,Dr. Y.S. Rajasekhara Reddy ACA VDCA Cricket Stadium,1,15.2,Andhra,Baroda,Naren Reddy,K V Sasikanth,RT Arothe,1,0,,,,,,,,,
1205768,2019/20,2019-11-12,Dr. Y.S. Rajasekhara Reddy ACA VDCA Cricket Stadium,1,15.3,Andhra,Baroda,K V Sasikanth,Naren Reddy,RT Arothe,1,0,,,,,,,,,
1205768,2019/20,2019-11-12,Dr. Y.S. Rajasekhara Reddy ACA VDCA Cricket Stadium,1,15.4,Andhra,Baroda,Naren Reddy,K V Sasikanth,RT Arothe,0,0,,,,,,,,,
1205768,2019/20,2019-11-12,Dr. Y.S. Rajasekhara Reddy ACA VDCA Cricket Stadium,1,15.5,Andhra,Baroda,Naren Reddy,K V Sasikanth,RT Arothe,1,0,,,,,,,,,
1205768,2019/20,2019-11-12,Dr. Y.S. Rajasekhara Reddy ACA VDCA Cricket Stadium,1,15.6,Andhra,Baroda,K V Sasikanth,Naren Reddy,RT Arothe,1,0,,,,,,,,,
1205768,2019/20,2019-11-12,Dr. Y.S. Rajasekhara Reddy ACA VDCA Cricket Stadium,1,16.1,Andhra,Baroda,K V Sasikanth,Naren Reddy,LI Meriwala,1,0,,,,,,,,,
1205768,2019/20,2019-11-12,Dr. Y.S. Rajasekhara Reddy ACA VDCA Cricket Stadium,1,16.2,Andhra,Baroda,Naren Reddy,K V Sasikanth,LI Meriwala,0,0,,,,,,,,,
1205768,2019/20,2019-11-12,Dr. Y.S. Rajasekhara Reddy ACA VDCA Cricket Stadium,1,16.3,Andhra,Baroda,Naren Reddy,K V Sasikanth,LI Meriwala,1,0,,,,,,,,,
1205768,2019/20,2019-11-12,Dr. Y.S. Rajasekhara Reddy ACA VDCA Cricket Stadium,1,16.4,Andhra,Baroda,K V Sasikanth,Naren Reddy,LI Meriwala,1,0,,,,,,,,,
1205768,2019/20,2019-11-12,Dr. Y.S. Rajasekhara Reddy ACA VDCA Cricket Stadium,1,16.5,Andhra,Baroda,Naren Reddy,K V Sasikanth,LI Meriwala,1,0,,,,,,,,,
1205768,2019/20,2019-11-12,Dr. Y.S. Rajasekhara Reddy ACA VDCA Cricket Stadium,1,16.6,Andhra,Baroda,K V Sasikanth,Naren Reddy,LI Meriwala,0,0,,,,,,,,,
1205768,2019/20,2019-11-12,Dr. Y.S. Rajasekhara Reddy ACA VDCA Cricket Stadium,1,17.1,Andhra,Baroda,Naren Reddy,K V Sasikanth,A Sheth,1,0,,,,,,,,,
1205768,2019/20,2019-11-12,Dr. Y.S. Rajasekhara Reddy ACA VDCA Cricket Stadium,1,17.2,Andhra,Baroda,K V Sasikanth,Naren Reddy,A Sheth,1,0,,,,,,,,,
1205768,2019/20,2019-11-12,Dr. Y.S. Rajasekhara Reddy ACA VDCA Cricket Stadium,1,17.3,Andhra,Baroda,Naren Reddy,K V Sasikanth,A Sheth,1,0,,,,,,,,,
1205768,2019/20,2019-11-12,Dr. Y.S. Rajasekhara Reddy ACA VDCA Cricket Stadium,1,17.4,Andhra,Baroda,K V Sasikanth,Naren Reddy,A Sheth,1,0,,,,,,,,,
1205768,2019/20,2019-11-12,Dr. Y.S. Rajasekhara Reddy ACA VDCA Cricket Stadium,1,17.5,Andhra,Baroda,Naren Reddy,K V Sasikanth,A Sheth,4,0,,,,,,,,,
1205768,2019/20,2019-11-12,Dr. Y.S. Rajasekhara Reddy ACA VDCA Cricket Stadium,1,17.6,Andhra,Baroda,Naren Reddy,K V Sasikanth,A Sheth,1,0,,,,,,,,,
1205768,2019/20,2019-11-12,Dr. Y.S. Rajasekhara Reddy ACA VDCA Cricket Stadium,1,18.1,Andhra,Baroda,Naren Reddy,K V Sasikanth,LI Meriwala,1,0,,,,,,,,,
1205768,2019/20,2019-11-12,Dr. Y.S. Rajasekhara Reddy ACA VDCA Cricket Stadium,1,18.2,Andhra,Baroda,K V Sasikanth,Naren Reddy,LI Meriwala,0,0,,,,,,bowled,K V Sasikanth,,
1205768,2019/20,2019-11-12,Dr. Y.S. Rajasekhara Reddy ACA VDCA Cricket Stadium,1,18.3,Andhra,Baroda,Harishankar Reddy,Naren Reddy,LI Meriwala,4,0,,,,,,,,,
1205768,2019/20,2019-11-12,Dr. Y.S. Rajasekhara Reddy ACA VDCA Cricket Stadium,1,18.4,Andhra,Baroda,Harishankar Reddy,Naren Reddy,LI Meriwala,1,0,,,,,,,,,
1205768,2019/20,2019-11-12,Dr. Y.S. Rajasekhara Reddy ACA VDCA Cricket Stadium,1,18.5,Andhra,Baroda,Naren Reddy,Harishankar Reddy,LI Meriwala,6,0,,,,,,,,,
1205768,2019/20,2019-11-12,Dr. Y.S. Rajasekhara Reddy ACA VDCA Cricket Stadium,1,18.6,Andhra,Baroda,Naren Reddy,Harishankar Reddy,LI Meriwala,1,0,,,,,,,,,
1205768,2019/20,2019-11-12,Dr. Y.S. Rajasekhara Reddy ACA VDCA Cricket Stadium,1,19.1,Andhra,Baroda,Naren Reddy,Harishankar Reddy,RT Arothe,1,0,,,,,,,,,
1205768,2019/20,2019-11-12,Dr. Y.S. Rajasekhara Reddy ACA VDCA Cricket Stadium,1,19.2,Andhra,Baroda,Harishankar Reddy,Naren Reddy,RT Arothe,0,0,,,,,,,,,
1205768,2019/20,2019-11-12,Dr. Y.S. Rajasekhara Reddy ACA VDCA Cricket Stadium,1,19.3,Andhra,Baroda,Harishankar Reddy,Naren Reddy,RT Arothe,0,0,,,,,,,,,
1205768,2019/20,2019-11-12,Dr. Y.S. Rajasekhara Reddy ACA VDCA Cricket Stadium,1,19.4,Andhra,Baroda,Harishankar Reddy,Naren Reddy,RT Arothe,6,0,,,,,,,,,
1205768,2019/20,2019-11-12,Dr. Y.S. Rajasekhara Reddy ACA VDCA Cricket Stadium,1,19.5,Andhra,Baroda,Harishankar Reddy,Naren Reddy,RT Arothe,4,0,,,,,,,,,
1205768,2019/20,2019-11-12,Dr. Y.S. Rajasekhara Reddy ACA VDCA Cricket Stadium,1,19.6,Andhra,Baroda,Harishankar Reddy,Naren Reddy,RT Arothe,1,0,,,,,,,,,
1205768,2019/20,2019-11-12,Dr. Y.S. Rajasekhara Reddy ACA VDCA Cricket Stadium,2,0.1,Baroda,Andhra,KH Devdhar,Aditya Waghmode,Naren Reddy,4,0,,,,,,,,,
1205768,2019/20,2019-11-12,Dr. Y.S. Rajasekhara Reddy ACA VDCA Cricket Stadium,2,0.2,Baroda,Andhra,KH Devdhar,Aditya Waghmode,Naren Reddy,1,0,,,,,,,,,
1205768,2019/20,2019-11-12,Dr. Y.S. Rajasekhara Reddy ACA VDCA Cricket Stadium,2,0.3,Baroda,Andhra,Aditya Waghmode,KH Devdhar,Naren Reddy,0,0,,,,,,,,,
1205768,2019/20,2019-11-12,Dr. Y.S. Rajasekhara Reddy ACA VDCA Cricket Stadium,2,0.4,Baroda,Andhra,Aditya Waghmode,KH Devdhar,Naren Reddy,0,0,,,,,,,,,
1205768,2019/20,2019-11-12,Dr. Y.S. Rajasekhara Reddy ACA VDCA Cricket Stadium,2,0.5,Baroda,Andhra,Aditya Waghmode,KH Devdhar,Naren Reddy,0,0,,,,,,,,,
1205768,2019/20,2019-11-12,Dr. Y.S. Rajasekhara Reddy ACA VDCA Cricket Stadium,2,0.6,Baroda,Andhra,Aditya Waghmode,KH Devdhar,Naren Reddy,0,0,,,,,,,,,
1205768,2019/20,2019-11-12,Dr. Y.S. Rajasekhara Reddy ACA VDCA Cricket Stadium,2,1.1,Baroda,Andhra,KH Devdhar,Aditya Waghmode,Cheepurapalli Stephen,4,0,,,,,,,,,
1205768,2019/20,2019-11-12,Dr. Y.S. Rajasekhara Reddy ACA VDCA Cricket Stadium,2,1.2,Baroda,Andhra,KH Devdhar,Aditya Waghmode,Cheepurapalli Stephen,0,1,,,,1,,,,,
1205768,2019/20,2019-11-12,Dr. Y.S. Rajasekhara Reddy ACA VDCA Cricket Stadium,2,1.3,Baroda,Andhra,Aditya Waghmode,KH Devdhar,Cheepurapalli Stephen,4,0,,,,,,,,,
1205768,2019/20,2019-11-12,Dr. Y.S. Rajasekhara Reddy ACA VDCA Cricket Stadium,2,1.4,Baroda,Andhra,Aditya Waghmode,KH Devdhar,Cheepurapalli Stephen,4,0,,,,,,,,,
1205768,2019/20,2019-11-12,Dr. Y.S. Rajasekhara Reddy ACA VDCA Cricket Stadium,2,1.5,Baroda,Andhra,Aditya Waghmode,KH Devdhar,Cheepurapalli Stephen,1,0,,,,,,,,,
1205768,2019/20,2019-11-12,Dr. Y.S. Rajasekhara Reddy ACA VDCA Cricket Stadium,2,1.6,Baroda,Andhra,KH Devdhar,Aditya Waghmode,Cheepurapalli Stephen,0,0,,,,,,,,,
1205768,2019/20,2019-11-12,Dr. Y.S. Rajasekhara Reddy ACA VDCA Cricket Stadium,2,2.1,Baroda,Andhra,Aditya Waghmode,KH Devdhar,Bandaru Ayyappa,4,0,,,,,,,,,
1205768,2019/20,2019-11-12,Dr. Y.S. Rajasekhara Reddy ACA VDCA Cricket Stadium,2,2.2,Baroda,Andhra,Aditya Waghmode,KH Devdhar,Bandaru Ayyappa,6,0,,,,,,,,,
1205768,2019/20,2019-11-12,Dr. Y.S. Rajasekhara Reddy ACA VDCA Cricket Stadium,2,2.3,Baroda,Andhra,Aditya Waghmode,KH Devdhar,Bandaru Ayyappa,0,0,,,,,,,,,
1205768,2019/20,2019-11-12,Dr. Y.S. Rajasekhara Reddy ACA VDCA Cricket Stadium,2,2.4,Baroda,Andhra,Aditya Waghmode,KH Devdhar,Bandaru Ayyappa,1,0,,,,,,,,,
1205768,2019/20,2019-11-12,Dr. Y.S. Rajasekhara Reddy ACA VDCA Cricket Stadium,2,2.5,Baroda,Andhra,KH Devdhar,Aditya Waghmode,Bandaru Ayyappa,4,0,,,,,,,,,
1205768,2019/20,2019-11-12,Dr. Y.S. Rajasekhara Reddy ACA VDCA Cricket Stadium,2,2.6,Baroda,Andhra,KH Devdhar,Aditya Waghmode,Bandaru Ayyappa,0,0,,,,,,,,,
1205768,2019/20,2019-11-12,Dr. Y.S. Rajasekhara Reddy ACA VDCA Cricket Stadium,2,3.1,Baroda,Andhra,Aditya Waghmode,KH Devdhar,Naren Reddy,0,1,,,,1,,,,,
1205768,2019/20,2019-11-12,Dr. Y.S. Rajasekhara Reddy ACA VDCA Cricket Stadium,2,3.2,Baroda,Andhra,KH Devdhar,Aditya Waghmode,Naren Reddy,0,0,,,,,,,,,
1205768,2019/20,2019-11-12,Dr. Y.S. Rajasekhara Reddy ACA VDCA Cricket Stadium,2,3.3,Baroda,Andhra,KH Devdhar,Aditya Waghmode,Naren Reddy,1,0,,,,,,,,,
1205768,2019/20,2019-11-12,Dr. Y.S. Rajasekhara Reddy ACA VDCA Cricket Stadium,2,3.4,Baroda,Andhra,Aditya Waghmode,KH Devdhar,Naren Reddy,1,0,,,,,,,,,
1205768,2019/20,2019-11-12,Dr. Y.S. Rajasekhara Reddy ACA VDCA Cricket Stadium,2,3.5,Baroda,Andhra,KH Devdhar,Aditya Waghmode,Naren Reddy,4,0,,,,,,,,,
1205768,2019/20,2019-11-12,Dr. Y.S. Rajasekhara Reddy ACA VDCA Cricket Stadium,2,3.6,Baroda,Andhra,KH Devdhar,Aditya Waghmode,Naren Reddy,4,0,,,,,,,,,
1205768,2019/20,2019-11-12,Dr. Y.S. Rajasekhara Reddy ACA VDCA Cricket Stadium,2,4.1,Baroda,Andhra,Aditya Waghmode,KH Devdhar,Cheepurapalli Stephen,0,0,,,,,,,,,
1205768,2019/20,2019-11-12,Dr. Y.S. Rajasekhara Reddy ACA VDCA Cricket Stadium,2,4.2,Baroda,Andhra,Aditya Waghmode,KH Devdhar,Cheepurapalli Stephen,0,1,,,,1,,,,,
1205768,2019/20,2019-11-12,Dr. Y.S. Rajasekhara Reddy ACA VDCA Cricket Stadium,2,4.3,Baroda,Andhra,KH Devdhar,Aditya Waghmode,Cheepurapalli Stephen,2,0,,,,,,,,,
1205768,2019/20,2019-11-12,Dr. Y.S. Rajasekhara Reddy ACA VDCA Cricket Stadium,2,4.4,Baroda,Andhra,KH Devdhar,Aditya Waghmode,Cheepurapalli Stephen,0,0,,,,,,,,,
1205768,2019/20,2019-11-12,Dr. Y.S. Rajasekhara Reddy ACA VDCA Cricket Stadium,2,4.5,Baroda,Andhra,KH Devdhar,Aditya Waghmode,Cheepurapalli Stephen,0,0,,,,,,,,,
1205768,2019/20,2019-11-12,Dr. Y.S. Rajasekhara Reddy ACA VDCA Cricket Stadium,2,4.6,Baroda,Andhra,KH Devdhar,Aditya Waghmode,Cheepurapalli Stephen,0,0,,,,,,,,,
1205768,2019/20,2019-11-12,Dr. Y.S. Rajasekhara Reddy ACA VDCA Cricket Stadium,2,5.1,Baroda,Andhra,Aditya Waghmode,KH Devdhar,Bandaru Ayyappa,1,0,,,,,,,,,
1205768,2019/20,2019-11-12,Dr. Y.S. Rajasekhara Reddy ACA VDCA Cricket Stadium,2,5.2,Baroda,Andhra,KH Devdhar,Aditya Waghmode,Bandaru Ayyappa,4,0,,,,,,,,,
1205768,2019/20,2019-11-12,Dr. Y.S. Rajasekhara Reddy ACA VDCA Cricket Stadium,2,5.3,Baroda,Andhra,KH Devdhar,Aditya Waghmode,Bandaru Ayyappa,1,0,,,,,,,,,
1205768,2019/20,2019-11-12,Dr. Y.S. Rajasekhara Reddy ACA VDCA Cricket Stadium,2,5.4,Baroda,Andhra,Aditya Waghmode,KH Devdhar,Bandaru Ayyappa,1,0,,,,,,,,,
1205768,2019/20,2019-11-12,Dr. Y.S. Rajasekhara Reddy ACA VDCA Cricket Stadium,2,5.5,Baroda,Andhra,KH Devdhar,Aditya Waghmode,Bandaru Ayyappa,1,0,,,,,,,,,
1205768,2019/20,2019-11-12,Dr. Y.S. Rajasekhara Reddy ACA VDCA Cricket Stadium,2,5.6,Baroda,Andhra,Aditya Waghmode,KH Devdhar,Bandaru Ayyappa,1,0,,,,,,,,,
1205768,2019/20,2019-11-12,Dr. Y.S. Rajasekhara Reddy ACA VDCA Cricket Stadium,2,6.1,Baroda,Andhra,Aditya Waghmode,KH Devdhar,K V Sasikanth,0,0,,,,,,,,,
1205768,2019/20,2019-11-12,Dr. Y.S. Rajasekhara Reddy ACA VDCA Cricket Stadium,2,6.2,Baroda,Andhra,Aditya Waghmode,KH Devdhar,K V Sasikanth,1,0,,,,,,,,,
1205768,2019/20,2019-11-12,Dr. Y.S. Rajasekhara Reddy ACA VDCA Cricket Stadium,2,6.3,Baroda,Andhra,KH Devdhar,Aditya Waghmode,K V Sasikanth,1,0,,,,,,,,,
1205768,2019/20,2019-11-12,Dr. Y.S. Rajasekhara Reddy ACA VDCA Cricket Stadium,2,6.4,Baroda,Andhra,Aditya Waghmode,KH Devdhar,K V Sasikanth,0,0,,,,,,,,,
1205768,2019/20,2019-11-12,Dr. Y.S. Rajasekhara Reddy ACA VDCA Cricket Stadium,2,6.5,Baroda,Andhra,Aditya Waghmode,KH Devdhar,K V Sasikanth,1,0,,,,,,,,,
1205768,2019/20,2019-11-12,Dr. Y.S. Rajasekhara Reddy ACA VDCA Cricket Stadium,2,6.6,Baroda,Andhra,KH Devdhar,Aditya Waghmode,K V Sasikanth,1,0,,,,,,,,,
1205768,2019/20,2019-11-12,Dr. Y.S. Rajasekhara Reddy ACA VDCA Cricket Stadium,2,7.1,Baroda,Andhra,KH Devdhar,Aditya Waghmode,Harishankar Reddy,0,0,,,,,,,,,
1205768,2019/20,2019-11-12,Dr. Y.S. Rajasekhara Reddy ACA VDCA Cricket Stadium,2,7.2,Baroda,Andhra,KH Devdhar,Aditya Waghmode,Harishankar Reddy,6,0,,,,,,,,,
1205768,2019/20,2019-11-12,Dr. Y.S. Rajasekhara Reddy ACA VDCA Cricket Stadium,2,7.3,Baroda,Andhra,KH Devdhar,Aditya Waghmode,Harishankar Reddy,4,0,,,,,,,,,
1205768,2019/20,2019-11-12,Dr. Y.S. Rajasekhara Reddy ACA VDCA Cricket Stadium,2,7.4,Baroda,Andhra,KH Devdhar,Aditya Waghmode,Harishankar Reddy,0,4,,,,4,,,,,
1205768,2019/20,2019-11-12,Dr. Y.S. Rajasekhara Reddy ACA VDCA Cricket Stadium,2,7.5,Baroda,Andhra,KH Devdhar,Aditya Waghmode,Harishankar Reddy,0,0,,,,,,,,,
1205768,2019/20,2019-11-12,Dr. Y.S. Rajasekhara Reddy ACA VDCA Cricket Stadium,2,7.6,Baroda,Andhra,KH Devdhar,Aditya Waghmode,Harishankar Reddy,1,0,,,,,,,,,
1205768,2019/20,2019-11-12,Dr. Y.S. Rajasekhara Reddy ACA VDCA Cricket Stadium,2,8.1,Baroda,Andhra,KH Devdhar,Aditya Waghmode,K V Sasikanth,1,0,,,,,,,,,
1205768,2019/20,2019-11-12,Dr. Y.S. Rajasekhara Reddy ACA VDCA Cricket Stadium,2,8.2,Baroda,Andhra,Aditya Waghmode,KH Devdhar,K V Sasikanth,6,0,,,,,,,,,
1205768,2019/20,2019-11-12,Dr. Y.S. Rajasekhara Reddy ACA VDCA Cricket Stadium,2,8.3,Baroda,Andhra,Aditya Waghmode,KH Devdhar,K V Sasikanth,1,0,,,,,,,,,
1205768,2019/20,2019-11-12,Dr. Y.S. Rajasekhara Reddy ACA VDCA Cricket Stadium,2,8.4,Baroda,Andhra,KH Devdhar,Aditya Waghmode,K V Sasikanth,1,0,,,,,,,,,
1205768,2019/20,2019-11-12,Dr. Y.S. Rajasekhara Reddy ACA VDCA Cricket Stadium,2,8.5,Baroda,Andhra,Aditya Waghmode,KH Devdhar,K V Sasikanth,1,0,,,,,,,,,
1205768,2019/20,2019-11-12,Dr. Y.S. Rajasekhara Reddy ACA VDCA Cricket Stadium,2,8.6,Baroda,Andhra,KH Devdhar,Aditya Waghmode,K V Sasikanth,4,0,,,,,,,,,
1205768,2019/20,2019-11-12,Dr. Y.S. Rajasekhara Reddy ACA VDCA Cricket Stadium,2,9.1,Baroda,Andhra,Aditya Waghmode,KH Devdhar,Naren Reddy,1,0,,,,,,,,,
1205768,2019/20,2019-11-12,Dr. Y.S. Rajasekhara Reddy ACA VDCA Cricket Stadium,2,9.2,Baroda,Andhra,KH Devdhar,Aditya Waghmode,Naren Reddy,0,0,,,,,,,,,
1205768,2019/20,2019-11-12,Dr. Y.S. Rajasekhara Reddy ACA VDCA Cricket Stadium,2,9.3,Baroda,Andhra,KH Devdhar,Aditya Waghmode,Naren Reddy,0,0,,,,,,caught,KH Devdhar,,
1205768,2019/20,2019-11-12,Dr. Y.S. Rajasekhara Reddy ACA VDCA Cricket Stadium,2,9.4,Baroda,Andhra,DJ Hooda,Aditya Waghmode,Naren Reddy,1,0,,,,,,,,,
1205768,2019/20,2019-11-12,Dr. Y.S. Rajasekhara Reddy ACA VDCA Cricket Stadium,2,9.5,Baroda,Andhra,Aditya Waghmode,DJ Hooda,Naren Reddy,1,0,,,,,,,,,
1205768,2019/20,2019-11-12,Dr. Y.S. Rajasekhara Reddy ACA VDCA Cricket Stadium,2,9.6,Baroda,Andhra,DJ Hooda,Aditya Waghmode,Naren Reddy,6,0,,,,,,,,,
1205768,2019/20,2019-11-12,Dr. Y.S. Rajasekhara Reddy ACA VDCA Cricket Stadium,2,10.1,Baroda,Andhra,Aditya Waghmode,DJ Hooda,Manish Golamaru,1,0,,,,,,,,,
1205768,2019/20,2019-11-12,Dr. Y.S. Rajasekhara Reddy ACA VDCA Cricket Stadium,2,10.2,Baroda,Andhra,DJ Hooda,Aditya Waghmode,Manish Golamaru,2,0,,,,,,,,,
1205768,2019/20,2019-11-12,Dr. Y.S. Rajasekhara Reddy ACA VDCA Cricket Stadium,2,10.3,Baroda,Andhra,DJ Hooda,Aditya Waghmode,Manish Golamaru,0,0,,,,,,caught,DJ Hooda,,
1205768,2019/20,2019-11-12,Dr. Y.S. Rajasekhara Reddy ACA VDCA Cricket Stadium,2,10.4,Baroda,Andhra,Swapnil Singh,Aditya Waghmode,Manish Golamaru,6,0,,,,,,,,,
1205768,2019/20,2019-11-12,Dr. Y.S. Rajasekhara Reddy ACA VDCA Cricket Stadium,2,10.5,Baroda,Andhra,Swapnil Singh,Aditya Waghmode,Manish Golamaru,0,0,,,,,,,,,
1205768,2019/20,2019-11-12,Dr. Y.S. Rajasekhara Reddy ACA VDCA Cricket Stadium,2,10.6,Baroda,Andhra,Swapnil Singh,Aditya Waghmode,Manish Golamaru,1,0,,,,,,,,,
1205768,2019/20,2019-11-12,Dr. Y.S. Rajasekhara Reddy ACA VDCA Cricket Stadium,2,11.1,Baroda,Andhra,Swapnil Singh,Aditya Waghmode,Harishankar Reddy,1,0,,,,,,,,,
1205768,2019/20,2019-11-12,Dr. Y.S. Rajasekhara Reddy ACA VDCA Cricket Stadium,2,11.2,Baroda,Andhra,Aditya Waghmode,Swapnil Singh,Harishankar Reddy,4,0,,,,,,,,,
1205768,2019/20,2019-11-12,Dr. Y.S. Rajasekhara Reddy ACA VDCA Cricket Stadium,2,11.3,Baroda,Andhra,Aditya Waghmode,Swapnil Singh,Harishankar Reddy,1,0,,,,,,,,,
1205768,2019/20,2019-11-12,Dr. Y.S. Rajasekhara Reddy ACA VDCA Cricket Stadium,2,11.4,Baroda,Andhra,Swapnil Singh,Aditya Waghmode,Harishankar Reddy,0,0,,,,,,,,,
1205768,2019/20,2019-11-12,Dr. Y.S. Rajasekhara Reddy ACA VDCA Cricket Stadium,2,11.5,Baroda,Andhra,Swapnil Singh,Aditya Waghmode,Harishankar Reddy,1,0,,,,,,,,,
1205768,2019/20,2019-11-12,Dr. Y.S. Rajasekhara Reddy ACA VDCA Cricket Stadium,2,11.6,Baroda,Andhra,Aditya Waghmode,Swapnil Singh,Harishankar Reddy,0,0,,,,,,,,,
1205768,2019/20,2019-11-12,Dr. Y.S. Rajasekhara Reddy ACA VDCA Cricket Stadium,2,12.1,Baroda,Andhra,Swapnil Singh,Aditya Waghmode,Manish Golamaru,1,0,,,,,,,,,
1205768,2019/20,2019-11-12,Dr. Y.S. Rajasekhara Reddy ACA VDCA Cricket Stadium,2,12.2,Baroda,Andhra,Aditya Waghmode,Swapnil Singh,Manish Golamaru,1,0,,,,,,,,,
1205768,2019/20,2019-11-12,Dr. Y.S. Rajasekhara Reddy ACA VDCA Cricket Stadium,2,12.3,Baroda,Andhra,Swapnil Singh,Aditya Waghmode,Manish Golamaru,1,0,,,,,,,,,
1205768,2019/20,2019-11-12,Dr. Y.S. Rajasekhara Reddy ACA VDCA Cricket Stadium,2,12.4,Baroda,Andhra,Aditya Waghmode,Swapnil Singh,Manish Golamaru,1,0,,,,,,,,,
1205768,2019/20,2019-11-12,Dr. Y.S. Rajasekhara Reddy ACA VDCA Cricket Stadium,2,12.5,Baroda,Andhra,Swapnil Singh,Aditya Waghmode,Manish Golamaru,0,0,,,,,,,,,
1205768,2019/20,2019-11-12,Dr. Y.S. Rajasekhara Reddy ACA VDCA Cricket Stadium,2,12.6,Baroda,Andhra,Swapnil Singh,Aditya Waghmode,Manish Golamaru,0,0,,,,,,,,,
1205768,2019/20,2019-11-12,Dr. Y.S. Rajasekhara Reddy ACA VDCA Cricket Stadium,2,13.1,Baroda,Andhra,Aditya Waghmode,Swapnil Singh,K V Sasikanth,4,0,,,,,,,,,
1205768,2019/20,2019-11-12,Dr. Y.S. Rajasekhara Reddy ACA VDCA Cricket Stadium,2,13.2,Baroda,Andhra,Aditya Waghmode,Swapnil Singh,K V Sasikanth,1,0,,,,,,,,,
1205768,2019/20,2019-11-12,Dr. Y.S. Rajasekhara Reddy ACA VDCA Cricket Stadium,2,13.3,Baroda,Andhra,Swapnil Singh,Aditya Waghmode,K V Sasikanth,1,0,,,,,,,,,
1205768,2019/20,2019-11-12,Dr. Y.S. Rajasekhara Reddy ACA VDCA Cricket Stadium,2,13.4,Baroda,Andhra,Aditya Waghmode,Swapnil Singh,K V Sasikanth,1,0,,,,,,,,,
1205768,2019/20,2019-11-12,Dr. Y.S. Rajasekhara Reddy ACA VDCA Cricket Stadium,2,13.5,Baroda,Andhra,Swapnil Singh,Aditya Waghmode,K V Sasikanth,1,0,,,,,,,,,
1205768,2019/20,2019-11-12,Dr. Y.S. Rajasekhara Reddy ACA VDCA Cricket Stadium,2,13.6,Baroda,Andhra,Aditya Waghmode,Swapnil Singh,K V Sasikanth,1,0,,,,,,,,,
1205768,2019/20,2019-11-12,Dr. Y.S. Rajasekhara Reddy ACA VDCA Cricket Stadium,2,14.1,Baroda,Andhra,Aditya Waghmode,Swapnil Singh,Manish Golamaru,6,0,,,,,,,,,
1205768,2019/20,2019-11-12,Dr. Y.S. Rajasekhara Reddy ACA VDCA Cricket Stadium,2,14.2,Baroda,Andhra,Aditya Waghmode,Swapnil Singh,Manish Golamaru,0,0,,,,,,,,,
1205768,2019/20,2019-11-12,Dr. Y.S. Rajasekhara Reddy ACA VDCA Cricket Stadium,2,14.3,Baroda,Andhra,Aditya Waghmode,Swapnil Singh,Manish Golamaru,6,0,,,,,,,,,
1205768,2019/20,2019-11-12,Dr. Y.S. Rajasekhara Reddy ACA VDCA Cricket Stadium,2,14.4,Baroda,Andhra,Aditya Waghmode,Swapnil Singh,Manish Golamaru,0,0,,,,,,,,,
1205768,2019/20,2019-11-12,Dr. Y.S. Rajasekhara Reddy ACA VDCA Cricket Stadium,2,14.5,Baroda,Andhra,Aditya Waghmode,Swapnil Singh,Manish Golamaru,1,0,,,,,,,,,
1205768,2019/20,2019-11-12,Dr. Y.S. Rajasekhara Reddy ACA VDCA Cricket Stadium,2,14.6,Baroda,Andhra,Swapnil Singh,Aditya Waghmode,Manish Golamaru,4,0,,,,,,,,,
1205768,2019/20,2019-11-12,Dr. Y.S. Rajasekhara Reddy ACA VDCA Cricket Stadium,2,15.1,Baroda,Andhra,Aditya Waghmode,Swapnil Singh,Cheepurapalli Stephen,1,0,,,,,,,,,
1205768,2019/20,2019-11-12,Dr. Y.S. Rajasekhara Reddy ACA VDCA Cricket Stadium,2,15.2,Baroda,Andhra,Swapnil Singh,Aditya Waghmode,Cheepurapalli Stephen,0,0,,,,,,,,,
1205768,2019/20,2019-11-12,Dr. Y.S. Rajasekhara Reddy ACA VDCA Cricket Stadium,2,15.3,Baroda,Andhra,Swapnil Singh,Aditya Waghmode,Cheepurapalli Stephen,1,0,,,,,,,,,
1205768,2019/20,2019-11-12,Dr. Y.S. Rajasekhara Reddy ACA VDCA Cricket Stadium,2,15.4,Baroda,Andhra,Aditya Waghmode,Swapnil Singh,Cheepurapalli Stephen,2,0,,,,,,,,,
1205768,2019/20,2019-11-12,Dr. Y.S. Rajasekhara Reddy ACA VDCA Cricket Stadium,2,15.5,Baroda,Andhra,Aditya Waghmode,Swapnil Singh,Cheepurapalli Stephen,1,0,,,,,,,,,
1205768,2019/20,2019-11-12,Dr. Y.S. Rajasekhara Reddy ACA VDCA Cricket Stadium,2,15.6,Baroda,Andhra,Swapnil Singh,Aditya Waghmode,Cheepurapalli Stephen,0,0,,,,,,caught,Swapnil Singh,,
1205768,2019/20,2019-11-12,Dr. Y.S. Rajasekhara Reddy ACA VDCA Cricket Stadium,2,16.1,Baroda,Andhra,Aditya Waghmode,YK Pathan,Bandaru Ayyappa,1,0,,,,,,,,,
1205768,2019/20,2019-11-12,Dr. Y.S. Rajasekhara Reddy ACA VDCA Cricket Stadium,2,16.2,Baroda,Andhra,YK Pathan,Aditya Waghmode,Bandaru Ayyappa,1,0,,,,,,,,,
1205768,2019/20,2019-11-12,Dr. Y.S. Rajasekhara Reddy ACA VDCA Cricket Stadium,2,16.3,Baroda,Andhra,Aditya Waghmode,YK Pathan,Bandaru Ayyappa,4,0,,,,,,,,,
1205768,2019/20,2019-11-12,Dr. Y.S. Rajasekhara Reddy ACA VDCA Cricket Stadium,2,16.4,Baroda,Andhra,Aditya Waghmode,YK Pathan,Bandaru Ayyappa,0,0,,,,,,,,,
1205768,2019/20,2019-11-12,Dr. Y.S. Rajasekhara Reddy ACA VDCA Cricket Stadium,2,16.5,Baroda,Andhra,Aditya Waghmode,YK Pathan,Bandaru Ayyappa,0,1,1,,,,,,,,
1205768,2019/20,2019-11-12,Dr. Y.S. Rajasekhara Reddy ACA VDCA Cricket Stadium,2,16.6,Baroda,Andhra,Aditya Waghmode,YK Pathan,Bandaru Ayyappa,1,0,,,,,,,,,
1205768,2019/20,2019-11-12,Dr. Y.S. Rajasekhara Reddy ACA VDCA Cricket Stadium,2,16.7,Baroda,Andhra,YK Pathan,Aditya Waghmode,Bandaru Ayyappa,2,0,,,,,,,,,
1205768,2019/20,2019-11-12,Dr. Y.S. Rajasekhara Reddy ACA VDCA Cricket Stadium,2,17.1,Baroda,Andhra,Aditya Waghmode,YK Pathan,Cheepurapalli Stephen,1,0,,,,,,,,,
1205768,2019/20,2019-11-12,Dr. Y.S. Rajasekhara Reddy ACA VDCA Cricket Stadium,2,17.2,Baroda,Andhra,YK Pathan,Aditya Waghmode,Cheepurapalli Stephen,1,0,,,,,,,,,
1205768,2019/20,2019-11-12,Dr. Y.S. Rajasekhara Reddy ACA VDCA Cricket Stadium,2,17.3,Baroda,Andhra,Aditya Waghmode,YK Pathan,Cheepurapalli Stephen,0,0,,,,,,,,,
1205768,2019/20,2019-11-12,Dr. Y.S. Rajasekhara Reddy ACA VDCA Cricket Stadium,2,17.4,Baroda,Andhra,Aditya Waghmode,YK Pathan,Cheepurapalli Stephen,1,0,,,,,,,,,
1205768,2019/20,2019-11-12,Dr. Y.S. Rajasekhara Reddy ACA VDCA Cricket Stadium,2,17.5,Baroda,Andhra,YK Pathan,Aditya Waghmode,Cheepurapalli Stephen,1,0,,,,,,,,,
1205768,2019/20,2019-11-12,Dr. Y.S. Rajasekhara Reddy ACA VDCA Cricket Stadium,2,17.6,Baroda,Andhra,Aditya Waghmode,YK Pathan,Cheepurapalli Stephen,1,0,,,,,,,,,
1205768,2019/20,2019-11-12,Dr. Y.S. Rajasekhara Reddy ACA VDCA Cricket Stadium,2,18.1,Baroda,Andhra,Aditya Waghmode,YK Pathan,Bandaru Ayyappa,1,0,,,,,,,,,
1205768,2019/20,2019-11-12,Dr. Y.S. Rajasekhara Reddy ACA VDCA Cricket Stadium,2,18.2,Baroda,Andhra,YK Pathan,Aditya Waghmode,Bandaru Ayyappa,1,0,,,,,,,,,
1205768,2019/20,2019-11-12,Dr. Y.S. Rajasekhara Reddy ACA VDCA Cricket Stadium,2,18.3,Baroda,Andhra,Aditya Waghmode,YK Pathan,Bandaru Ayyappa,0,0,,,,,,,,,
1205768,2019/20,2019-11-12,Dr. Y.S. Rajasekhara Reddy ACA VDCA Cricket Stadium,2,18.4,Baroda,Andhra,Aditya Waghmode,YK Pathan,Bandaru Ayyappa,0,0,,,,,,,,,
1205768,2019/20,2019-11-12,Dr. Y.S. Rajasekhara Reddy ACA VDCA Cricket Stadium,2,18.5,Baroda,Andhra,Aditya Waghmode,YK Pathan,Bandaru Ayyappa,4,0,,,,,,,,,
