match_id,season,start_date,venue,innings,ball,batting_team,bowling_team,striker,non_striker,bowler,runs_off_bat,extras,wides,noballs,byes,legbyes,penalty,wicket_type,player_dismissed,other_wicket_type,other_player_dismissed
1205839,2019/20,2019-11-17,Lalbhai Contractor Stadium,1,0.1,Odisha,Nagaland,Govinda Poddar,Sandeep Pattnaik,STR Binny,1,0,,,,,,,,,
1205839,2019/20,2019-11-17,Lalbhai Contractor Stadium,1,0.2,Odisha,Nagaland,Sandeep Pattnaik,Govinda Poddar,STR Binny,0,0,,,,,,,,,
1205839,2019/20,2019-11-17,Lalbhai Contractor Stadium,1,0.3,Odisha,Nagaland,Sandeep Pattnaik,Govinda Poddar,STR Binny,0,0,,,,,,,,,
1205839,2019/20,2019-11-17,Lalbhai Contractor Stadium,1,0.4,Odisha,Nagaland,Sandeep Pattnaik,Govinda Poddar,STR Binny,0,0,,,,,,,,,
1205839,2019/20,2019-11-17,Lalbhai Contractor Stadium,1,0.5,Odisha,Nagaland,Sandeep Pattnaik,Govinda Poddar,STR Binny,1,0,,,,,,,,,
1205839,2019/20,2019-11-17,Lalbhai Contractor Stadium,1,0.6,Odisha,Nagaland,Govinda Poddar,Sandeep Pattnaik,STR Binny,2,0,,,,,,,,,
1205839,2019/20,2019-11-17,Lalbhai Contractor Stadium,1,1.1,Odisha,Nagaland,Sandeep Pattnaik,Govinda Poddar,Nagaho Chishi,0,0,,,,,,,,,
1205839,2019/20,2019-11-17,Lalbhai Contractor Stadium,1,1.2,Odisha,Nagaland,Sandeep Pattnaik,Govinda Poddar,Nagaho Chishi,0,0,,,,,,lbw,Sandeep Pattnaik,,
1205839,2019/20,2019-11-17,Lalbhai Contractor Stadium,1,1.3,Odisha,Nagaland,Subhransu Senapati,Govinda Poddar,Nagaho Chishi,0,0,,,,,,,,,
1205839,2019/20,2019-11-17,Lalbhai Contractor Stadium,1,1.4,Odisha,Nagaland,Subhransu Senapati,Govinda Poddar,Nagaho Chishi,4,0,,,,,,,,,
1205839,2019/20,2019-11-17,Lalbhai Contractor Stadium,1,1.5,Odisha,Nagaland,Subhransu Senapati,Govinda Poddar,Nagaho Chishi,1,0,,,,,,,,,
1205839,2019/20,2019-11-17,Lalbhai Contractor Stadium,1,1.6,Odisha,Nagaland,Govinda Poddar,Subhransu Senapati,Nagaho Chishi,1,0,,,,,,,,,
1205839,2019/20,2019-11-17,Lalbhai Contractor Stadium,1,2.1,Odisha,Nagaland,Govinda Poddar,Subhransu Senapati,SS Mundhe,1,0,,,,,,,,,
1205839,2019/20,2019-11-17,Lalbhai Contractor Stadium,1,2.2,Odisha,Nagaland,Subhransu Senapati,Govinda Poddar,SS Mundhe,0,0,,,,,,,,,
1205839,2019/20,2019-11-17,Lalbhai Contractor Stadium,1,2.3,Odisha,Nagaland,Subhransu Senapati,Govinda Poddar,SS Mundhe,0,0,,,,,,,,,
1205839,2019/20,2019-11-17,Lalbhai Contractor Stadium,1,2.4,Odisha,Nagaland,Subhransu Senapati,Govinda Poddar,SS Mundhe,0,0,,,,,,,,,
1205839,2019/20,2019-11-17,Lalbhai Contractor Stadium,1,2.5,Odisha,Nagaland,Subhransu Senapati,Govinda Poddar,SS Mundhe,6,0,,,,,,,,,
1205839,2019/20,2019-11-17,Lalbhai Contractor Stadium,1,2.6,Odisha,Nagaland,Subhransu Senapati,Govinda Poddar,SS Mundhe,6,0,,,,,,,,,
1205839,2019/20,2019-11-17,Lalbhai Contractor Stadium,1,3.1,Odisha,Nagaland,Govinda Poddar,Subhransu Senapati,STR Binny,0,0,,,,,,,,,
1205839,2019/20,2019-11-17,Lalbhai Contractor Stadium,1,3.2,Odisha,Nagaland,Govinda Poddar,Subhransu Senapati,STR Binny,0,0,,,,,,,,,
1205839,2019/20,2019-11-17,Lalbhai Contractor Stadium,1,3.3,Odisha,Nagaland,Govinda Poddar,Subhransu Senapati,STR Binny,4,0,,,,,,,,,
1205839,2019/20,2019-11-17,Lalbhai Contractor Stadium,1,3.4,Odisha,Nagaland,Govinda Poddar,Subhransu Senapati,STR Binny,1,0,,,,,,,,,
1205839,2019/20,2019-11-17,Lalbhai Contractor Stadium,1,3.5,Odisha,Nagaland,Subhransu Senapati,Govinda Poddar,STR Binny,0,0,,,,,,,,,
1205839,2019/20,2019-11-17,Lalbhai Contractor Stadium,1,3.6,Odisha,Nagaland,Subhransu Senapati,Govinda Poddar,STR Binny,2,0,,,,,,,,,
1205839,2019/20,2019-11-17,Lalbhai Contractor Stadium,1,4.1,Odisha,Nagaland,Govinda Poddar,Subhransu Senapati,Nagaho Chishi,1,0,,,,,,,,,
1205839,2019/20,2019-11-17,Lalbhai Contractor Stadium,1,4.2,Odisha,Nagaland,Subhransu Senapati,Govinda Poddar,Nagaho Chishi,0,1,,1,,,,,,,
1205839,2019/20,2019-11-17,Lalbhai Contractor Stadium,1,4.3,Odisha,Nagaland,Subhransu Senapati,Govinda Poddar,Nagaho Chishi,1,0,,,,,,,,,
1205839,2019/20,2019-11-17,Lalbhai Contractor Stadium,1,4.4,Odisha,Nagaland,Govinda Poddar,Subhransu Senapati,Nagaho Chishi,1,0,,,,,,,,,
1205839,2019/20,2019-11-17,Lalbhai Contractor Stadium,1,4.5,Odisha,Nagaland,Subhransu Senapati,Govinda Poddar,Nagaho Chishi,4,0,,,,,,,,,
1205839,2019/20,2019-11-17,Lalbhai Contractor Stadium,1,4.6,Odisha,Nagaland,Subhransu Senapati,Govinda Poddar,Nagaho Chishi,1,0,,,,,,,,,
1205839,2019/20,2019-11-17,Lalbhai Contractor Stadium,1,4.7,Odisha,Nagaland,Govinda Poddar,Subhransu Senapati,Nagaho Chishi,1,0,,,,,,,,,
1205839,2019/20,2019-11-17,Lalbhai Contractor Stadium,1,5.1,Odisha,Nagaland,Govinda Poddar,Subhransu Senapati,SS Mundhe,1,0,,,,,,,,,
1205839,2019/20,2019-11-17,Lalbhai Contractor Stadium,1,5.2,Odisha,Nagaland,Subhransu Senapati,Govinda Poddar,SS Mundhe,0,0,,,,,,,,,
1205839,2019/20,2019-11-17,Lalbhai Contractor Stadium,1,5.3,Odisha,Nagaland,Subhransu Senapati,Govinda Poddar,SS Mundhe,6,0,,,,,,,,,
1205839,2019/20,2019-11-17,Lalbhai Contractor Stadium,1,5.4,Odisha,Nagaland,Subhransu Senapati,Govinda Poddar,SS Mundhe,6,0,,,,,,,,,
1205839,2019/20,2019-11-17,Lalbhai Contractor Stadium,1,5.5,Odisha,Nagaland,Subhransu Senapati,Govinda Poddar,SS Mundhe,0,0,,,,,,,,,
1205839,2019/20,2019-11-17,Lalbhai Contractor Stadium,1,5.6,Odisha,Nagaland,Subhransu Senapati,Govinda Poddar,SS Mundhe,4,0,,,,,,,,,
1205839,2019/20,2019-11-17,Lalbhai Contractor Stadium,1,6.1,Odisha,Nagaland,Govinda Poddar,Subhransu Senapati,Imliwati Lemtur,0,0,,,,,,,,,
1205839,2019/20,2019-11-17,Lalbhai Contractor Stadium,1,6.2,Odisha,Nagaland,Govinda Poddar,Subhransu Senapati,Imliwati Lemtur,0,0,,,,,,,,,
1205839,2019/20,2019-11-17,Lalbhai Contractor Stadium,1,6.3,Odisha,Nagaland,Govinda Poddar,Subhransu Senapati,Imliwati Lemtur,1,0,,,,,,,,,
1205839,2019/20,2019-11-17,Lalbhai Contractor Stadium,1,6.4,Odisha,Nagaland,Subhransu Senapati,Govinda Poddar,Imliwati Lemtur,1,0,,,,,,,,,
1205839,2019/20,2019-11-17,Lalbhai Contractor Stadium,1,6.5,Odisha,Nagaland,Govinda Poddar,Subhransu Senapati,Imliwati Lemtur,1,0,,,,,,,,,
1205839,2019/20,2019-11-17,Lalbhai Contractor Stadium,1,6.6,Odisha,Nagaland,Subhransu Senapati,Govinda Poddar,Imliwati Lemtur,0,0,,,,,,bowled,Subhransu Senapati,,
1205839,2019/20,2019-11-17,Lalbhai Contractor Stadium,1,7.1,Odisha,Nagaland,Govinda Poddar,BB Samantray,Tahmeed Rahman,1,0,,,,,,,,,
1205839,2019/20,2019-11-17,Lalbhai Contractor Stadium,1,7.2,Odisha,Nagaland,BB Samantray,Govinda Poddar,Tahmeed Rahman,1,0,,,,,,,,,
1205839,2019/20,2019-11-17,Lalbhai Contractor Stadium,1,7.3,Odisha,Nagaland,Govinda Poddar,BB Samantray,Tahmeed Rahman,0,1,1,,,,,,,,
1205839,2019/20,2019-11-17,Lalbhai Contractor Stadium,1,7.4,Odisha,Nagaland,Govinda Poddar,BB Samantray,Tahmeed Rahman,0,0,,,,,,caught,Govinda Poddar,,
1205839,2019/20,2019-11-17,Lalbhai Contractor Stadium,1,7.5,Odisha,Nagaland,BB Samantray,Rajesh Dhuper,Tahmeed Rahman,1,0,,,,,,,,,
1205839,2019/20,2019-11-17,Lalbhai Contractor Stadium,1,7.6,Odisha,Nagaland,Rajesh Dhuper,BB Samantray,Tahmeed Rahman,0,0,,,,,,,,,
1205839,2019/20,2019-11-17,Lalbhai Contractor Stadium,1,7.7,Odisha,Nagaland,Rajesh Dhuper,BB Samantray,Tahmeed Rahman,1,0,,,,,,,,,
1205839,2019/20,2019-11-17,Lalbhai Contractor Stadium,1,8.1,Odisha,Nagaland,Rajesh Dhuper,BB Samantray,Imliwati Lemtur,1,0,,,,,,,,,
1205839,2019/20,2019-11-17,Lalbhai Contractor Stadium,1,8.2,Odisha,Nagaland,BB Samantray,Rajesh Dhuper,Imliwati Lemtur,0,0,,,,,,,,,
1205839,2019/20,2019-11-17,Lalbhai Contractor Stadium,1,8.3,Odisha,Nagaland,BB Samantray,Rajesh Dhuper,Imliwati Lemtur,0,1,1,,,,,,,,
1205839,2019/20,2019-11-17,Lalbhai Contractor Stadium,1,8.4,Odisha,Nagaland,BB Samantray,Rajesh Dhuper,Imliwati Lemtur,2,0,,,,,,,,,
1205839,2019/20,2019-11-17,Lalbhai Contractor Stadium,1,8.5,Odisha,Nagaland,BB Samantray,Rajesh Dhuper,Imliwati Lemtur,1,0,,,,,,,,,
1205839,2019/20,2019-11-17,Lalbhai Contractor Stadium,1,8.6,Odisha,Nagaland,Rajesh Dhuper,BB Samantray,Imliwati Lemtur,0,0,,,,,,,,,
1205839,2019/20,2019-11-17,Lalbhai Contractor Stadium,1,8.7,Odisha,Nagaland,Rajesh Dhuper,BB Samantray,Imliwati Lemtur,0,0,,,,,,,,,
1205839,2019/20,2019-11-17,Lalbhai Contractor Stadium,1,9.1,Odisha,Nagaland,BB Samantray,Rajesh Dhuper,Tahmeed Rahman,1,0,,,,,,,,,
1205839,2019/20,2019-11-17,Lalbhai Contractor Stadium,1,9.2,Odisha,Nagaland,Rajesh Dhuper,BB Samantray,Tahmeed Rahman,1,0,,,,,,,,,
1205839,2019/20,2019-11-17,Lalbhai Contractor Stadium,1,9.3,Odisha,Nagaland,BB Samantray,Rajesh Dhuper,Tahmeed Rahman,1,0,,,,,,,,,
1205839,2019/20,2019-11-17,Lalbhai Contractor Stadium,1,9.4,Odisha,Nagaland,Rajesh Dhuper,BB Samantray,Tahmeed Rahman,0,0,,,,,,,,,
1205839,2019/20,2019-11-17,Lalbhai Contractor Stadium,1,9.5,Odisha,Nagaland,Rajesh Dhuper,BB Samantray,Tahmeed Rahman,0,0,,,,,,,,,
1205839,2019/20,2019-11-17,Lalbhai Contractor Stadium,1,9.6,Odisha,Nagaland,Rajesh Dhuper,BB Samantray,Tahmeed Rahman,0,4,,,,4,,,,,
1205839,2019/20,2019-11-17,Lalbhai Contractor Stadium,1,10.1,Odisha,Nagaland,BB Samantray,Rajesh Dhuper,Imliwati Lemtur,2,0,,,,,,,,,
1205839,2019/20,2019-11-17,Lalbhai Contractor Stadium,1,10.2,Odisha,Nagaland,BB Samantray,Rajesh Dhuper,Imliwati Lemtur,0,0,,,,,,caught,BB Samantray,,
1205839,2019/20,2019-11-17,Lalbhai Contractor Stadium,1,10.3,Odisha,Nagaland,AS Raut,Rajesh Dhuper,Imliwati Lemtur,0,0,,,,,,,,,
1205839,2019/20,2019-11-17,Lalbhai Contractor Stadium,1,10.4,Odisha,Nagaland,AS Raut,Rajesh Dhuper,Imliwati Lemtur,0,0,,,,,,,,,
1205839,2019/20,2019-11-17,Lalbhai Contractor Stadium,1,10.5,Odisha,Nagaland,AS Raut,Rajesh Dhuper,Imliwati Lemtur,0,0,,,,,,,,,
1205839,2019/20,2019-11-17,Lalbhai Contractor Stadium,1,10.6,Odisha,Nagaland,AS Raut,Rajesh Dhuper,Imliwati Lemtur,0,0,,,,,,,,,
1205839,2019/20,2019-11-17,Lalbhai Contractor Stadium,1,11.1,Odisha,Nagaland,Rajesh Dhuper,AS Raut,Tahmeed Rahman,0,0,,,,,,,,,
1205839,2019/20,2019-11-17,Lalbhai Contractor Stadium,1,11.2,Odisha,Nagaland,Rajesh Dhuper,AS Raut,Tahmeed Rahman,0,0,,,,,,,,,
1205839,2019/20,2019-11-17,Lalbhai Contractor Stadium,1,11.3,Odisha,Nagaland,Rajesh Dhuper,AS Raut,Tahmeed Rahman,1,0,,,,,,,,,
1205839,2019/20,2019-11-17,Lalbhai Contractor Stadium,1,11.4,Odisha,Nagaland,AS Raut,Rajesh Dhuper,Tahmeed Rahman,0,0,,,,,,,,,
1205839,2019/20,2019-11-17,Lalbhai Contractor Stadium,1,11.5,Odisha,Nagaland,AS Raut,Rajesh Dhuper,Tahmeed Rahman,1,0,,,,,,,,,
1205839,2019/20,2019-11-17,Lalbhai Contractor Stadium,1,11.6,Odisha,Nagaland,Rajesh Dhuper,AS Raut,Tahmeed Rahman,0,0,,,,,,,,,
1205839,2019/20,2019-11-17,Lalbhai Contractor Stadium,1,12.1,Odisha,Nagaland,AS Raut,Rajesh Dhuper,Imliwati Lemtur,4,0,,,,,,,,,
1205839,2019/20,2019-11-17,Lalbhai Contractor Stadium,1,12.2,Odisha,Nagaland,AS Raut,Rajesh Dhuper,Imliwati Lemtur,0,0,,,,,,,,,
1205839,2019/20,2019-11-17,Lalbhai Contractor Stadium,1,12.3,Odisha,Nagaland,AS Raut,Rajesh Dhuper,Imliwati Lemtur,0,1,1,,,,,,,,
1205839,2019/20,2019-11-17,Lalbhai Contractor Stadium,1,12.4,Odisha,Nagaland,AS Raut,Rajesh Dhuper,Imliwati Lemtur,4,0,,,,,,,,,
1205839,2019/20,2019-11-17,Lalbhai Contractor Stadium,1,12.5,Odisha,Nagaland,AS Raut,Rajesh Dhuper,Imliwati Lemtur,1,0,,,,,,,,,
1205839,2019/20,2019-11-17,Lalbhai Contractor Stadium,1,12.6,Odisha,Nagaland,Rajesh Dhuper,AS Raut,Imliwati Lemtur,0,0,,,,,,,,,
1205839,2019/20,2019-11-17,Lalbhai Contractor Stadium,1,12.7,Odisha,Nagaland,Rajesh Dhuper,AS Raut,Imliwati Lemtur,0,0,,,,,,,,,
1205839,2019/20,2019-11-17,Lalbhai Contractor Stadium,1,13.1,Odisha,Nagaland,AS Raut,Rajesh Dhuper,Tahmeed Rahman,4,0,,,,,,,,,
1205839,2019/20,2019-11-17,Lalbhai Contractor Stadium,1,13.2,Odisha,Nagaland,AS Raut,Rajesh Dhuper,Tahmeed Rahman,4,0,,,,,,,,,
1205839,2019/20,2019-11-17,Lalbhai Contractor Stadium,1,13.3,Odisha,Nagaland,AS Raut,Rajesh Dhuper,Tahmeed Rahman,1,0,,,,,,,,,
1205839,2019/20,2019-11-17,Lalbhai Contractor Stadium,1,13.4,Odisha,Nagaland,Rajesh Dhuper,AS Raut,Tahmeed Rahman,1,0,,,,,,,,,
1205839,2019/20,2019-11-17,Lalbhai Contractor Stadium,1,13.5,Odisha,Nagaland,AS Raut,Rajesh Dhuper,Tahmeed Rahman,1,0,,,,,,,,,
1205839,2019/20,2019-11-17,Lalbhai Contractor Stadium,1,13.6,Odisha,Nagaland,Rajesh Dhuper,AS Raut,Tahmeed Rahman,0,0,,,,,,,,,
1205839,2019/20,2019-11-17,Lalbhai Contractor Stadium,1,14.1,Odisha,Nagaland,AS Raut,Rajesh Dhuper,Hokaito Zhimomi,2,0,,,,,,,,,
1205839,2019/20,2019-11-17,Lalbhai Contractor Stadium,1,14.2,Odisha,Nagaland,AS Raut,Rajesh Dhuper,Hokaito Zhimomi,1,0,,,,,,,,,
1205839,2019/20,2019-11-17,Lalbhai Contractor Stadium,1,14.3,Odisha,Nagaland,Rajesh Dhuper,AS Raut,Hokaito Zhimomi,4,0,,,,,,,,,
1205839,2019/20,2019-11-17,Lalbhai Contractor Stadium,1,14.4,Odisha,Nagaland,Rajesh Dhuper,AS Raut,Hokaito Zhimomi,2,0,,,,,,,,,
1205839,2019/20,2019-11-17,Lalbhai Contractor Stadium,1,14.5,Odisha,Nagaland,Rajesh Dhuper,AS Raut,Hokaito Zhimomi,1,0,,,,,,,,,
1205839,2019/20,2019-11-17,Lalbhai Contractor Stadium,1,14.6,Odisha,Nagaland,AS Raut,Rajesh Dhuper,Hokaito Zhimomi,0,0,,,,,,,,,
1205839,2019/20,2019-11-17,Lalbhai Contractor Stadium,1,15.1,Odisha,Nagaland,Rajesh Dhuper,AS Raut,STR Binny,1,0,,,,,,,,,
1205839,2019/20,2019-11-17,Lalbhai Contractor Stadium,1,15.2,Odisha,Nagaland,AS Raut,Rajesh Dhuper,STR Binny,0,0,,,,,,,,,
1205839,2019/20,2019-11-17,Lalbhai Contractor Stadium,1,15.3,Odisha,Nagaland,AS Raut,Rajesh Dhuper,STR Binny,1,1,,1,,,,,,,
1205839,2019/20,2019-11-17,Lalbhai Contractor Stadium,1,15.4,Odisha,Nagaland,Rajesh Dhuper,AS Raut,STR Binny,0,0,,,,,,,,,
1205839,2019/20,2019-11-17,Lalbhai Contractor Stadium,1,15.5,Odisha,Nagaland,Rajesh Dhuper,AS Raut,STR Binny,1,0,,,,,,,,,
1205839,2019/20,2019-11-17,Lalbhai Contractor Stadium,1,15.6,Odisha,Nagaland,AS Raut,Rajesh Dhuper,STR Binny,4,0,,,,,,,,,
1205839,2019/20,2019-11-17,Lalbhai Contractor Stadium,1,15.7,Odisha,Nagaland,AS Raut,Rajesh Dhuper,STR Binny,1,0,,,,,,,,,
1205839,2019/20,2019-11-17,Lalbhai Contractor Stadium,1,16.1,Odisha,Nagaland,AS Raut,Rajesh Dhuper,SS Mundhe,0,0,,,,,,,,,
1205839,2019/20,2019-11-17,Lalbhai Contractor Stadium,1,16.2,Odisha,Nagaland,AS Raut,Rajesh Dhuper,SS Mundhe,1,0,,,,,,,,,
1205839,2019/20,2019-11-17,Lalbhai Contractor Stadium,1,16.3,Odisha,Nagaland,Rajesh Dhuper,AS Raut,SS Mundhe,0,1,1,,,,,,,,
1205839,2019/20,2019-11-17,Lalbhai Contractor Stadium,1,16.4,Odisha,Nagaland,Rajesh Dhuper,AS Raut,SS Mundhe,0,0,,,,,,,,,
1205839,2019/20,2019-11-17,Lalbhai Contractor Stadium,1,16.5,Odisha,Nagaland,Rajesh Dhuper,AS Raut,SS Mundhe,1,0,,,,,,,,,
1205839,2019/20,2019-11-17,Lalbhai Contractor Stadium,1,16.6,Odisha,Nagaland,AS Raut,Rajesh Dhuper,SS Mundhe,4,0,,,,,,,,,
1205839,2019/20,2019-11-17,Lalbhai Contractor Stadium,1,16.7,Odisha,Nagaland,AS Raut,Rajesh Dhuper,SS Mundhe,0,0,,,,,,,,,
1205839,2019/20,2019-11-17,Lalbhai Contractor Stadium,1,17.1,Odisha,Nagaland,Rajesh Dhuper,AS Raut,Nagaho Chishi,0,0,,,,,,,,,
1205839,2019/20,2019-11-17,Lalbhai Contractor Stadium,1,17.2,Odisha,Nagaland,Rajesh Dhuper,AS Raut,Nagaho Chishi,1,0,,,,,,,,,
1205839,2019/20,2019-11-17,Lalbhai Contractor Stadium,1,17.3,Odisha,Nagaland,AS Raut,Rajesh Dhuper,Nagaho Chishi,0,0,,,,,,,,,
1205839,2019/20,2019-11-17,Lalbhai Contractor Stadium,1,17.4,Odisha,Nagaland,AS Raut,Rajesh Dhuper,Nagaho Chishi,1,0,,,,,,,,,
1205839,2019/20,2019-11-17,Lalbhai Contractor Stadium,1,17.5,Odisha,Nagaland,Rajesh Dhuper,AS Raut,Nagaho Chishi,0,0,,,,,,,,,
1205839,2019/20,2019-11-17,Lalbhai Contractor Stadium,1,17.6,Odisha,Nagaland,Rajesh Dhuper,AS Raut,Nagaho Chishi,6,0,,,,,,,,,
1205839,2019/20,2019-11-17,Lalbhai Contractor Stadium,1,18.1,Odisha,Nagaland,AS Raut,Rajesh Dhuper,SS Mundhe,0,0,,,,,,,,,
1205839,2019/20,2019-11-17,Lalbhai Contractor Stadium,1,18.2,Odisha,Nagaland,AS Raut,Rajesh Dhuper,SS Mundhe,1,0,,,,,,run out,AS Raut,,
1205839,2019/20,2019-11-17,Lalbhai Contractor Stadium,1,18.3,Odisha,Nagaland,Ankit Yadav,Rajesh Dhuper,SS Mundhe,2,0,,,,,,,,,
1205839,2019/20,2019-11-17,Lalbhai Contractor Stadium,1,18.4,Odisha,Nagaland,Ankit Yadav,Rajesh Dhuper,SS Mundhe,1,0,,,,,,,,,
1205839,2019/20,2019-11-17,Lalbhai Contractor Stadium,1,18.5,Odisha,Nagaland,Rajesh Dhuper,Ankit Yadav,SS Mundhe,1,0,,,,,,,,,
1205839,2019/20,2019-11-17,Lalbhai Contractor Stadium,1,18.6,Odisha,Nagaland,Ankit Yadav,Rajesh Dhuper,SS Mundhe,0,1,1,,,,,,,,
1205839,2019/20,2019-11-17,Lalbhai Contractor Stadium,1,18.7,Odisha,Nagaland,Ankit Yadav,Rajesh Dhuper,SS Mundhe,1,0,,,,,,,,,
1205839,2019/20,2019-11-17,Lalbhai Contractor Stadium,1,19.1,Odisha,Nagaland,Ankit Yadav,Rajesh Dhuper,STR Binny,0,0,,,,,,caught,Ankit Yadav,,
1205839,2019/20,2019-11-17,Lalbhai Contractor Stadium,1,19.2,Odisha,Nagaland,Prayas Singh,Rajesh Dhuper,STR Binny,2,0,,,,,,,,,
1205839,2019/20,2019-11-17,Lalbhai Contractor Stadium,1,19.3,Odisha,Nagaland,Prayas Singh,Rajesh Dhuper,STR Binny,0,0,,,,,,bowled,Prayas Singh,,
1205839,2019/20,2019-11-17,Lalbhai Contractor Stadium,1,19.4,Odisha,Nagaland,Suryakant Pradhan,Rajesh Dhuper,STR Binny,2,0,,,,,,,,,
1205839,2019/20,2019-11-17,Lalbhai Contractor Stadium,1,19.5,Odisha,Nagaland,Suryakant Pradhan,Rajesh Dhuper,STR Binny,0,1,1,,,,,,,,
1205839,2019/20,2019-11-17,Lalbhai Contractor Stadium,1,19.6,Odisha,Nagaland,Suryakant Pradhan,Rajesh Dhuper,STR Binny,1,0,,,,,,run out,Suryakant Pradhan,,
1205839,2019/20,2019-11-17,Lalbhai Contractor Stadium,1,19.7,Odisha,Nagaland,Rajesh Mohanty,Rajesh Dhuper,STR Binny,0,0,,,,,,run out,Rajesh Mohanty,,
1205839,2019/20,2019-11-17,Lalbhai Contractor Stadium,2,0.1,Nagaland,Odisha,YV Takawale,AN Longchar,Pappu Roy,0,0,,,,,,,,,
1205839,2019/20,2019-11-17,Lalbhai Contractor Stadium,2,0.2,Nagaland,Odisha,YV Takawale,AN Longchar,Pappu Roy,0,0,,,,,,,,,
1205839,2019/20,2019-11-17,Lalbhai Contractor Stadium,2,0.3,Nagaland,Odisha,YV Takawale,AN Longchar,Pappu Roy,6,0,,,,,,,,,
1205839,2019/20,2019-11-17,Lalbhai Contractor Stadium,2,0.4,Nagaland,Odisha,YV Takawale,AN Longchar,Pappu Roy,1,0,,,,,,,,,
1205839,2019/20,2019-11-17,Lalbhai Contractor Stadium,2,0.5,Nagaland,Odisha,AN Longchar,YV Takawale,Pappu Roy,4,0,,,,,,,,,
1205839,2019/20,2019-11-17,Lalbhai Contractor Stadium,2,0.6,Nagaland,Odisha,AN Longchar,YV Takawale,Pappu Roy,0,0,,,,,,,,,
1205839,2019/20,2019-11-17,Lalbhai Contractor Stadium,2,1.1,Nagaland,Odisha,YV Takawale,AN Longchar,Suryakant Pradhan,0,0,,,,,,,,,
1205839,2019/20,2019-11-17,Lalbhai Contractor Stadium,2,1.2,Nagaland,Odisha,YV Takawale,AN Longchar,Suryakant Pradhan,1,0,,,,,,,,,
1205839,2019/20,2019-11-17,Lalbhai Contractor Stadium,2,1.3,Nagaland,Odisha,AN Longchar,YV Takawale,Suryakant Pradhan,0,0,,,,,,,,,
1205839,2019/20,2019-11-17,Lalbhai Contractor Stadium,2,1.4,Nagaland,Odisha,AN Longchar,YV Takawale,Suryakant Pradhan,0,0,,,,,,,,,
1205839,2019/20,2019-11-17,Lalbhai Contractor Stadium,2,1.5,Nagaland,Odisha,AN Longchar,YV Takawale,Suryakant Pradhan,1,0,,,,,,,,,
1205839,2019/20,2019-11-17,Lalbhai Contractor Stadium,2,1.6,Nagaland,Odisha,YV Takawale,AN Longchar,Suryakant Pradhan,4,0,,,,,,,,,
1205839,2019/20,2019-11-17,Lalbhai Contractor Stadium,2,2.1,Nagaland,Odisha,AN Longchar,YV Takawale,Rajesh Mohanty,0,0,,,,,,,,,
1205839,2019/20,2019-11-17,Lalbhai Contractor Stadium,2,2.2,Nagaland,Odisha,AN Longchar,YV Takawale,Rajesh Mohanty,0,0,,,,,,,,,
1205839,2019/20,2019-11-17,Lalbhai Contractor Stadium,2,2.3,Nagaland,Odisha,AN Longchar,YV Takawale,Rajesh Mohanty,4,0,,,,,,,,,
1205839,2019/20,2019-11-17,Lalbhai Contractor Stadium,2,2.4,Nagaland,Odisha,AN Longchar,YV Takawale,Rajesh Mohanty,1,0,,,,,,,,,
1205839,2019/20,2019-11-17,Lalbhai Contractor Stadium,2,2.5,Nagaland,Odisha,YV Takawale,AN Longchar,Rajesh Mohanty,0,0,,,,,,,,,
1205839,2019/20,2019-11-17,Lalbhai Contractor Stadium,2,2.6,Nagaland,Odisha,YV Takawale,AN Longchar,Rajesh Mohanty,0,0,,,,,,,,,
1205839,2019/20,2019-11-17,Lalbhai Contractor Stadium,2,3.1,Nagaland,Odisha,AN Longchar,YV Takawale,Govinda Poddar,4,0,,,,,,,,,
1205839,2019/20,2019-11-17,Lalbhai Contractor Stadium,2,3.2,Nagaland,Odisha,AN Longchar,YV Takawale,Govinda Poddar,0,0,,,,,,,,,
1205839,2019/20,2019-11-17,Lalbhai Contractor Stadium,2,3.3,Nagaland,Odisha,AN Longchar,YV Takawale,Govinda Poddar,0,0,,,,,,caught,AN Longchar,,
1205839,2019/20,2019-11-17,Lalbhai Contractor Stadium,2,3.4,Nagaland,Odisha,SS Mundhe,YV Takawale,Govinda Poddar,0,0,,,,,,,,,
1205839,2019/20,2019-11-17,Lalbhai Contractor Stadium,2,3.5,Nagaland,Odisha,SS Mundhe,YV Takawale,Govinda Poddar,0,0,,,,,,,,,
1205839,2019/20,2019-11-17,Lalbhai Contractor Stadium,2,3.6,Nagaland,Odisha,SS Mundhe,YV Takawale,Govinda Poddar,0,0,,,,,,,,,
1205839,2019/20,2019-11-17,Lalbhai Contractor Stadium,2,4.1,Nagaland,Odisha,YV Takawale,SS Mundhe,Rajesh Mohanty,0,0,,,,,,,,,
1205839,2019/20,2019-11-17,Lalbhai Contractor Stadium,2,4.2,Nagaland,Odisha,YV Takawale,SS Mundhe,Rajesh Mohanty,2,0,,,,,,,,,
1205839,2019/20,2019-11-17,Lalbhai Contractor Stadium,2,4.3,Nagaland,Odisha,YV Takawale,SS Mundhe,Rajesh Mohanty,4,0,,,,,,,,,
1205839,2019/20,2019-11-17,Lalbhai Contractor Stadium,2,4.4,Nagaland,Odisha,YV Takawale,SS Mundhe,Rajesh Mohanty,0,1,,1,,,,,,,
1205839,2019/20,2019-11-17,Lalbhai Contractor Stadium,2,4.5,Nagaland,Odisha,YV Takawale,SS Mundhe,Rajesh Mohanty,0,0,,,,,,,,,
1205839,2019/20,2019-11-17,Lalbhai Contractor Stadium,2,4.6,Nagaland,Odisha,YV Takawale,SS Mundhe,Rajesh Mohanty,1,0,,,,,,,,,
1205839,2019/20,2019-11-17,Lalbhai Contractor Stadium,2,4.7,Nagaland,Odisha,SS Mundhe,YV Takawale,Rajesh Mohanty,2,0,,,,,,,,,
1205839,2019/20,2019-11-17,Lalbhai Contractor Stadium,2,5.1,Nagaland,Odisha,YV Takawale,SS Mundhe,Ankit Yadav,4,0,,,,,,,,,
1205839,2019/20,2019-11-17,Lalbhai Contractor Stadium,2,5.2,Nagaland,Odisha,YV Takawale,SS Mundhe,Ankit Yadav,0,0,,,,,,,,,
1205839,2019/20,2019-11-17,Lalbhai Contractor Stadium,2,5.3,Nagaland,Odisha,YV Takawale,SS Mundhe,Ankit Yadav,0,0,,,,,,,,,
1205839,2019/20,2019-11-17,Lalbhai Contractor Stadium,2,5.4,Nagaland,Odisha,YV Takawale,SS Mundhe,Ankit Yadav,1,0,,,,,,,,,
1205839,2019/20,2019-11-17,Lalbhai Contractor Stadium,2,5.5,Nagaland,Odisha,SS Mundhe,YV Takawale,Ankit Yadav,1,0,,,,,,,,,
1205839,2019/20,2019-11-17,Lalbhai Contractor Stadium,2,5.6,Nagaland,Odisha,YV Takawale,SS Mundhe,Ankit Yadav,1,0,,,,,,,,,
1205839,2019/20,2019-11-17,Lalbhai Contractor Stadium,2,6.1,Nagaland,Odisha,YV Takawale,SS Mundhe,Prayas Singh,0,0,,,,,,,,,
1205839,2019/20,2019-11-17,Lalbhai Contractor Stadium,2,6.2,Nagaland,Odisha,YV Takawale,SS Mundhe,Prayas Singh,1,0,,,,,,,,,
1205839,2019/20,2019-11-17,Lalbhai Contractor Stadium,2,6.3,Nagaland,Odisha,SS Mundhe,YV Takawale,Prayas Singh,6,0,,,,,,,,,
1205839,2019/20,2019-11-17,Lalbhai Contractor Stadium,2,6.4,Nagaland,Odisha,SS Mundhe,YV Takawale,Prayas Singh,0,0,,,,,,,,,
1205839,2019/20,2019-11-17,Lalbhai Contractor Stadium,2,6.5,Nagaland,Odisha,SS Mundhe,YV Takawale,Prayas Singh,0,0,,,,,,,,,
1205839,2019/20,2019-11-17,Lalbhai Contractor Stadium,2,6.6,Nagaland,Odisha,SS Mundhe,YV Takawale,Prayas Singh,1,0,,,,,,,,,
1205839,2019/20,2019-11-17,Lalbhai Contractor Stadium,2,7.1,Nagaland,Odisha,SS Mundhe,YV Takawale,Pappu Roy,1,0,,,,,,,,,
1205839,2019/20,2019-11-17,Lalbhai Contractor Stadium,2,7.2,Nagaland,Odisha,YV Takawale,SS Mundhe,Pappu Roy,2,0,,,,,,,,,
1205839,2019/20,2019-11-17,Lalbhai Contractor Stadium,2,7.3,Nagaland,Odisha,YV Takawale,SS Mundhe,Pappu Roy,0,1,,,,1,,,,,
1205839,2019/20,2019-11-17,Lalbhai Contractor Stadium,2,7.4,Nagaland,Odisha,SS Mundhe,YV Takawale,Pappu Roy,1,0,,,,,,,,,
1205839,2019/20,2019-11-17,Lalbhai Contractor Stadium,2,7.5,Nagaland,Odisha,YV Takawale,SS Mundhe,Pappu Roy,0,0,,,,,,,,,
1205839,2019/20,2019-11-17,Lalbhai Contractor Stadium,2,7.6,Nagaland,Odisha,YV Takawale,SS Mundhe,Pappu Roy,1,0,,,,,,,,,
1205839,2019/20,2019-11-17,Lalbhai Contractor Stadium,2,8.1,Nagaland,Odisha,YV Takawale,SS Mundhe,AS Raut,1,0,,,,,,,,,
1205839,2019/20,2019-11-17,Lalbhai Contractor Stadium,2,8.2,Nagaland,Odisha,SS Mundhe,YV Takawale,AS Raut,1,0,,,,,,,,,
1205839,2019/20,2019-11-17,Lalbhai Contractor Stadium,2,8.3,Nagaland,Odisha,YV Takawale,SS Mundhe,AS Raut,1,0,,,,,,,,,
1205839,2019/20,2019-11-17,Lalbhai Contractor Stadium,2,8.4,Nagaland,Odisha,SS Mundhe,YV Takawale,AS Raut,1,0,,,,,,,,,
1205839,2019/20,2019-11-17,Lalbhai Contractor Stadium,2,8.5,Nagaland,Odisha,YV Takawale,SS Mundhe,AS Raut,0,0,,,,,,,,,
1205839,2019/20,2019-11-17,Lalbhai Contractor Stadium,2,8.6,Nagaland,Odisha,YV Takawale,SS Mundhe,AS Raut,0,0,,,,,,bowled,YV Takawale,,
1205839,2019/20,2019-11-17,Lalbhai Contractor Stadium,2,9.1,Nagaland,Odisha,SS Mundhe,STR Binny,Govinda Poddar,1,0,,,,,,,,,
1205839,2019/20,2019-11-17,Lalbhai Contractor Stadium,2,9.2,Nagaland,Odisha,STR Binny,SS Mundhe,Govinda Poddar,1,0,,,,,,,,,
1205839,2019/20,2019-11-17,Lalbhai Contractor Stadium,2,9.3,Nagaland,Odisha,SS Mundhe,STR Binny,Govinda Poddar,1,0,,,,,,,,,
1205839,2019/20,2019-11-17,Lalbhai Contractor Stadium,2,9.4,Nagaland,Odisha,STR Binny,SS Mundhe,Govinda Poddar,1,0,,,,,,,,,
1205839,2019/20,2019-11-17,Lalbhai Contractor Stadium,2,9.5,Nagaland,Odisha,SS Mundhe,STR Binny,Govinda Poddar,4,0,,,,,,,,,
1205839,2019/20,2019-11-17,Lalbhai Contractor Stadium,2,9.6,Nagaland,Odisha,SS Mundhe,STR Binny,Govinda Poddar,0,0,,,,,,bowled,SS Mundhe,,
1205839,2019/20,2019-11-17,Lalbhai Contractor Stadium,2,10.1,Nagaland,Odisha,STR Binny,Hokaito Zhimomi,AS Raut,0,0,,,,,,,,,
1205839,2019/20,2019-11-17,Lalbhai Contractor Stadium,2,10.2,Nagaland,Odisha,STR Binny,Hokaito Zhimomi,AS Raut,0,0,,,,,,,,,
1205839,2019/20,2019-11-17,Lalbhai Contractor Stadium,2,10.3,Nagaland,Odisha,STR Binny,Hokaito Zhimomi,AS Raut,1,0,,,,,,,,,
1205839,2019/20,2019-11-17,Lalbhai Contractor Stadium,2,10.4,Nagaland,Odisha,Hokaito Zhimomi,STR Binny,AS Raut,0,0,,,,,,,,,
1205839,2019/20,2019-11-17,Lalbhai Contractor Stadium,2,10.5,Nagaland,Odisha,Hokaito Zhimomi,STR Binny,AS Raut,0,0,,,,,,,,,
1205839,2019/20,2019-11-17,Lalbhai Contractor Stadium,2,10.6,Nagaland,Odisha,Hokaito Zhimomi,STR Binny,AS Raut,1,0,,,,,,,,,
1205839,2019/20,2019-11-17,Lalbhai Contractor Stadium,2,11.1,Nagaland,Odisha,Hokaito Zhimomi,STR Binny,Pappu Roy,0,0,,,,,,lbw,Hokaito Zhimomi,,
1205839,2019/20,2019-11-17,Lalbhai Contractor Stadium,2,11.2,Nagaland,Odisha,Imliwati Lemtur,STR Binny,Pappu Roy,0,0,,,,,,bowled,Imliwati Lemtur,,
1205839,2019/20,2019-11-17,Lalbhai Contractor Stadium,2,11.3,Nagaland,Odisha,Tahmeed Rahman,STR Binny,Pappu Roy,0,0,,,,,,,,,
1205839,2019/20,2019-11-17,Lalbhai Contractor Stadium,2,11.4,Nagaland,Odisha,Tahmeed Rahman,STR Binny,Pappu Roy,0,0,,,,,,,,,
1205839,2019/20,2019-11-17,Lalbhai Contractor Stadium,2,11.5,Nagaland,Odisha,Tahmeed Rahman,STR Binny,Pappu Roy,0,0,,,,,,caught,Tahmeed Rahman,,
1205839,2019/20,2019-11-17,Lalbhai Contractor Stadium,2,11.6,Nagaland,Odisha,Mughavi Wotsa,STR Binny,Pappu Roy,0,0,,,,,,,,,
1205839,2019/20,2019-11-17,Lalbhai Contractor Stadium,2,12.1,Nagaland,Odisha,STR Binny,Mughavi Wotsa,AS Raut,6,0,,,,,,,,,
1205839,2019/20,2019-11-17,Lalbhai Contractor Stadium,2,12.2,Nagaland,Odisha,STR Binny,Mughavi Wotsa,AS Raut,1,0,,,,,,,,,
1205839,2019/20,2019-11-17,Lalbhai Contractor Stadium,2,12.3,Nagaland,Odisha,Mughavi Wotsa,STR Binny,AS Raut,1,0,,,,,,,,,
1205839,2019/20,2019-11-17,Lalbhai Contractor Stadium,2,12.4,Nagaland,Odisha,STR Binny,Mughavi Wotsa,AS Raut,0,0,,,,,,,,,
1205839,2019/20,2019-11-17,Lalbhai Contractor Stadium,2,12.5,Nagaland,Odisha,STR Binny,Mughavi Wotsa,AS Raut,6,0,,,,,,,,,
1205839,2019/20,2019-11-17,Lalbhai Contractor Stadium,2,12.6,Nagaland,Odisha,STR Binny,Mughavi Wotsa,AS Raut,1,0,,,,,,,,,
1205839,2019/20,2019-11-17,Lalbhai Contractor Stadium,2,13.1,Nagaland,Odisha,STR Binny,Mughavi Wotsa,Pappu Roy,1,0,,,,,,,,,
1205839,2019/20,2019-11-17,Lalbhai Contractor Stadium,2,13.2,Nagaland,Odisha,Mughavi Wotsa,STR Binny,Pappu Roy,1,0,,,,,,,,,
1205839,2019/20,2019-11-17,Lalbhai Contractor Stadium,2,13.3,Nagaland,Odisha,STR Binny,Mughavi Wotsa,Pappu Roy,0,0,,,,,,,,,
1205839,2019/20,2019-11-17,Lalbhai Contractor Stadium,2,13.4,Nagaland,Odisha,STR Binny,Mughavi Wotsa,Pappu Roy,2,0,,,,,,,,,
1205839,2019/20,2019-11-17,Lalbhai Contractor Stadium,2,13.5,Nagaland,Odisha,STR Binny,Mughavi Wotsa,Pappu Roy,1,0,,,,,,,,,
1205839,2019/20,2019-11-17,Lalbhai Contractor Stadium,2,13.6,Nagaland,Odisha,Mughavi Wotsa,STR Binny,Pappu Roy,0,0,,,,,,,,,
1205839,2019/20,2019-11-17,Lalbhai Contractor Stadium,2,14.1,Nagaland,Odisha,STR Binny,Mughavi Wotsa,Suryakant Pradhan,0,0,,,,,,run out,Mughavi Wotsa,,
1205839,2019/20,2019-11-17,Lalbhai Contractor Stadium,2,14.2,Nagaland,Odisha,STR Binny,Nagaho Chishi,Suryakant Pradhan,0,0,,,,,,,,,
1205839,2019/20,2019-11-17,Lalbhai Contractor Stadium,2,14.3,Nagaland,Odisha,STR Binny,Nagaho Chishi,Suryakant Pradhan,1,0,,,,,,,,,
1205839,2019/20,2019-11-17,Lalbhai Contractor Stadium,2,14.4,Nagaland,Odisha,Nagaho Chishi,STR Binny,Suryakant Pradhan,0,0,,,,,,,,,
1205839,2019/20,2019-11-17,Lalbhai Contractor Stadium,2,14.5,Nagaland,Odisha,Nagaho Chishi,STR Binny,Suryakant Pradhan,0,0,,,,,,,,,
1205839,2019/20,2019-11-17,Lalbhai Contractor Stadium,2,14.6,Nagaland,Odisha,Nagaho Chishi,STR Binny,Suryakant Pradhan,1,0,,,,,,,,,
1205839,2019/20,2019-11-17,Lalbhai Contractor Stadium,2,15.1,Nagaland,Odisha,Nagaho Chishi,STR Binny,Govinda Poddar,0,0,,,,,,,,,
1205839,2019/20,2019-11-17,Lalbhai Contractor Stadium,2,15.2,Nagaland,Odisha,Nagaho Chishi,STR Binny,Govinda Poddar,0,0,,,,,,caught,Nagaho Chishi,,
1205839,2019/20,2019-11-17,Lalbhai Contractor Stadium,2,15.3,Nagaland,Odisha,Temjentoshi Jamir,STR Binny,Govinda Poddar,0,0,,,,,,,,,
1205839,2019/20,2019-11-17,Lalbhai Contractor Stadium,2,15.4,Nagaland,Odisha,Temjentoshi Jamir,STR Binny,Govinda Poddar,1,0,,,,,,,,,
1205839,2019/20,2019-11-17,Lalbhai Contractor Stadium,2,15.5,Nagaland,Odisha,STR Binny,Temjentoshi Jamir,Govinda Poddar,4,0,,,,,,,,,
1205839,2019/20,2019-11-17,Lalbhai Contractor Stadium,2,15.6,Nagaland,Odisha,STR Binny,Temjentoshi Jamir,Govinda Poddar,4,0,,,,,,,,,
1205839,2019/20,2019-11-17,Lalbhai Contractor Stadium,2,16.1,Nagaland,Odisha,Temjentoshi Jamir,STR Binny,Suryakant Pradhan,0,0,,,,,,,,,
1205839,2019/20,2019-11-17,Lalbhai Contractor Stadium,2,16.2,Nagaland,Odisha,Temjentoshi Jamir,STR Binny,Suryakant Pradhan,1,0,,,,,,,,,
1205839,2019/20,2019-11-17,Lalbhai Contractor Stadium,2,16.3,Nagaland,Odisha,STR Binny,Temjentoshi Jamir,Suryakant Pradhan,1,0,,,,,,,,,
1205839,2019/20,2019-11-17,Lalbhai Contractor Stadium,2,16.4,Nagaland,Odisha,Temjentoshi Jamir,STR Binny,Suryakant Pradhan,0,0,,,,,,,,,
1205839,2019/20,2019-11-17,Lalbhai Contractor Stadium,2,16.5,Nagaland,Odisha,Temjentoshi Jamir,STR Binny,Suryakant Pradhan,0,0,,,,,,bowled,Temjentoshi Jamir,,
1205839,2019/20,2019-11-17,Lalbhai Contractor Stadium,2,16.6,Nagaland,Odisha,Moakumzuk Tzudir,STR Binny,Suryakant Pradhan,0,0,,,,,,bowled,Moakumzuk Tzudir,,
