match_id,season,start_date,venue,innings,ball,batting_team,bowling_team,striker,non_striker,bowler,runs_off_bat,extras,wides,noballs,byes,legbyes,penalty,wicket_type,player_dismissed,other_wicket_type,other_player_dismissed
1205721,2019/20,2019-11-08,Wankhede Stadium,1,0.1,Mizoram,Mumbai,T Kohli,Lalhmangaiha,DS Kulkarni,0,0,,,,,,,,,
1205721,2019/20,2019-11-08,Wankhede Stadium,1,0.2,Mizoram,Mumbai,T Kohli,Lalhmangaiha,DS Kulkarni,0,0,,,,,,,,,
1205721,2019/20,2019-11-08,Wankhede Stadium,1,0.3,Mizoram,Mumbai,T Kohli,Lalhmangaiha,DS Kulkarni,0,0,,,,,,,,,
1205721,2019/20,2019-11-08,Wankhede Stadium,1,0.4,Mizoram,Mumbai,T Kohli,Lalhmangaiha,DS Kulkarni,0,0,,,,,,,,,
1205721,2019/20,2019-11-08,Wankhede Stadium,1,0.5,Mizoram,Mumbai,T Kohli,Lalhmangaiha,DS Kulkarni,2,0,,,,,,,,,
1205721,2019/20,2019-11-08,Wankhede Stadium,1,0.6,Mizoram,Mumbai,T Kohli,Lalhmangaiha,DS Kulkarni,1,0,,,,,,,,,
1205721,2019/20,2019-11-08,Wankhede Stadium,1,1.1,Mizoram,Mumbai,T Kohli,Lalhmangaiha,TU Deshpande,4,0,,,,,,,,,
1205721,2019/20,2019-11-08,Wankhede Stadium,1,1.2,Mizoram,Mumbai,T Kohli,Lalhmangaiha,TU Deshpande,0,0,,,,,,,,,
1205721,2019/20,2019-11-08,Wankhede Stadium,1,1.3,Mizoram,Mumbai,T Kohli,Lalhmangaiha,TU Deshpande,0,0,,,,,,,,,
1205721,2019/20,2019-11-08,Wankhede Stadium,1,1.4,Mizoram,Mumbai,T Kohli,Lalhmangaiha,TU Deshpande,1,0,,,,,,,,,
1205721,2019/20,2019-11-08,Wankhede Stadium,1,1.5,Mizoram,Mumbai,Lalhmangaiha,T Kohli,TU Deshpande,1,0,,,,,,,,,
1205721,2019/20,2019-11-08,Wankhede Stadium,1,1.6,Mizoram,Mumbai,T Kohli,Lalhmangaiha,TU Deshpande,0,0,,,,,,,,,
1205721,2019/20,2019-11-08,Wankhede Stadium,1,2.1,Mizoram,Mumbai,Lalhmangaiha,T Kohli,DS Kulkarni,0,0,,,,,,,,,
1205721,2019/20,2019-11-08,Wankhede Stadium,1,2.2,Mizoram,Mumbai,Lalhmangaiha,T Kohli,DS Kulkarni,1,0,,,,,,,,,
1205721,2019/20,2019-11-08,Wankhede Stadium,1,2.3,Mizoram,Mumbai,T Kohli,Lalhmangaiha,DS Kulkarni,2,0,,,,,,,,,
1205721,2019/20,2019-11-08,Wankhede Stadium,1,2.4,Mizoram,Mumbai,T Kohli,Lalhmangaiha,DS Kulkarni,0,0,,,,,,,,,
1205721,2019/20,2019-11-08,Wankhede Stadium,1,2.5,Mizoram,Mumbai,T Kohli,Lalhmangaiha,DS Kulkarni,0,0,,,,,,,,,
1205721,2019/20,2019-11-08,Wankhede Stadium,1,2.6,Mizoram,Mumbai,T Kohli,Lalhmangaiha,DS Kulkarni,0,0,,,,,,,,,
1205721,2019/20,2019-11-08,Wankhede Stadium,1,3.1,Mizoram,Mumbai,Lalhmangaiha,T Kohli,SZ Mulani,0,0,,,,,,,,,
1205721,2019/20,2019-11-08,Wankhede Stadium,1,3.2,Mizoram,Mumbai,Lalhmangaiha,T Kohli,SZ Mulani,0,0,,,,,,,,,
1205721,2019/20,2019-11-08,Wankhede Stadium,1,3.3,Mizoram,Mumbai,Lalhmangaiha,T Kohli,SZ Mulani,0,0,,,,,,,,,
1205721,2019/20,2019-11-08,Wankhede Stadium,1,3.4,Mizoram,Mumbai,Lalhmangaiha,T Kohli,SZ Mulani,0,0,,,,,,,,,
1205721,2019/20,2019-11-08,Wankhede Stadium,1,3.5,Mizoram,Mumbai,Lalhmangaiha,T Kohli,SZ Mulani,0,0,,,,,,,,,
1205721,2019/20,2019-11-08,Wankhede Stadium,1,3.6,Mizoram,Mumbai,Lalhmangaiha,T Kohli,SZ Mulani,0,0,,,,,,,,,
1205721,2019/20,2019-11-08,Wankhede Stadium,1,4.1,Mizoram,Mumbai,T Kohli,Lalhmangaiha,Kruthik Hanagavadi,4,0,,,,,,,,,
1205721,2019/20,2019-11-08,Wankhede Stadium,1,4.2,Mizoram,Mumbai,T Kohli,Lalhmangaiha,Kruthik Hanagavadi,0,0,,,,,,,,,
1205721,2019/20,2019-11-08,Wankhede Stadium,1,4.3,Mizoram,Mumbai,T Kohli,Lalhmangaiha,Kruthik Hanagavadi,1,0,,,,,,,,,
1205721,2019/20,2019-11-08,Wankhede Stadium,1,4.4,Mizoram,Mumbai,Lalhmangaiha,T Kohli,Kruthik Hanagavadi,0,0,,,,,,,,,
1205721,2019/20,2019-11-08,Wankhede Stadium,1,4.5,Mizoram,Mumbai,Lalhmangaiha,T Kohli,Kruthik Hanagavadi,4,0,,,,,,,,,
1205721,2019/20,2019-11-08,Wankhede Stadium,1,4.6,Mizoram,Mumbai,Lalhmangaiha,T Kohli,Kruthik Hanagavadi,0,0,,,,,,,,,
1205721,2019/20,2019-11-08,Wankhede Stadium,1,5.1,Mizoram,Mumbai,T Kohli,Lalhmangaiha,SZ Mulani,2,0,,,,,,,,,
1205721,2019/20,2019-11-08,Wankhede Stadium,1,5.2,Mizoram,Mumbai,T Kohli,Lalhmangaiha,SZ Mulani,0,0,,,,,,,,,
1205721,2019/20,2019-11-08,Wankhede Stadium,1,5.3,Mizoram,Mumbai,T Kohli,Lalhmangaiha,SZ Mulani,4,0,,,,,,,,,
1205721,2019/20,2019-11-08,Wankhede Stadium,1,5.4,Mizoram,Mumbai,T Kohli,Lalhmangaiha,SZ Mulani,0,0,,,,,,,,,
1205721,2019/20,2019-11-08,Wankhede Stadium,1,5.5,Mizoram,Mumbai,T Kohli,Lalhmangaiha,SZ Mulani,1,0,,,,,,,,,
1205721,2019/20,2019-11-08,Wankhede Stadium,1,5.6,Mizoram,Mumbai,Lalhmangaiha,T Kohli,SZ Mulani,1,0,,,,,,,,,
1205721,2019/20,2019-11-08,Wankhede Stadium,1,6.1,Mizoram,Mumbai,Lalhmangaiha,T Kohli,Shubham Ranjane,0,0,,,,,,,,,
1205721,2019/20,2019-11-08,Wankhede Stadium,1,6.2,Mizoram,Mumbai,Lalhmangaiha,T Kohli,Shubham Ranjane,1,0,,,,,,,,,
1205721,2019/20,2019-11-08,Wankhede Stadium,1,6.3,Mizoram,Mumbai,T Kohli,Lalhmangaiha,Shubham Ranjane,1,0,,,,,,,,,
1205721,2019/20,2019-11-08,Wankhede Stadium,1,6.4,Mizoram,Mumbai,Lalhmangaiha,T Kohli,Shubham Ranjane,0,0,,,,,,,,,
1205721,2019/20,2019-11-08,Wankhede Stadium,1,6.5,Mizoram,Mumbai,Lalhmangaiha,T Kohli,Shubham Ranjane,4,0,,,,,,,,,
1205721,2019/20,2019-11-08,Wankhede Stadium,1,6.6,Mizoram,Mumbai,Lalhmangaiha,T Kohli,Shubham Ranjane,0,0,,,,,,,,,
1205721,2019/20,2019-11-08,Wankhede Stadium,1,7.1,Mizoram,Mumbai,T Kohli,Lalhmangaiha,Sujit Nayak,0,0,,,,,,,,,
1205721,2019/20,2019-11-08,Wankhede Stadium,1,7.2,Mizoram,Mumbai,T Kohli,Lalhmangaiha,Sujit Nayak,0,0,,,,,,,,,
1205721,2019/20,2019-11-08,Wankhede Stadium,1,7.3,Mizoram,Mumbai,T Kohli,Lalhmangaiha,Sujit Nayak,1,0,,,,,,,,,
1205721,2019/20,2019-11-08,Wankhede Stadium,1,7.4,Mizoram,Mumbai,Lalhmangaiha,T Kohli,Sujit Nayak,0,0,,,,,,,,,
1205721,2019/20,2019-11-08,Wankhede Stadium,1,7.5,Mizoram,Mumbai,Lalhmangaiha,T Kohli,Sujit Nayak,0,0,,,,,,,,,
1205721,2019/20,2019-11-08,Wankhede Stadium,1,7.6,Mizoram,Mumbai,Lalhmangaiha,T Kohli,Sujit Nayak,0,0,,,,,,,,,
1205721,2019/20,2019-11-08,Wankhede Stadium,1,8.1,Mizoram,Mumbai,T Kohli,Lalhmangaiha,TU Deshpande,2,0,,,,,,,,,
1205721,2019/20,2019-11-08,Wankhede Stadium,1,8.2,Mizoram,Mumbai,T Kohli,Lalhmangaiha,TU Deshpande,0,0,,,,,,,,,
1205721,2019/20,2019-11-08,Wankhede Stadium,1,8.3,Mizoram,Mumbai,T Kohli,Lalhmangaiha,TU Deshpande,0,0,,,,,,,,,
1205721,2019/20,2019-11-08,Wankhede Stadium,1,8.4,Mizoram,Mumbai,T Kohli,Lalhmangaiha,TU Deshpande,0,0,,,,,,caught,T Kohli,,
1205721,2019/20,2019-11-08,Wankhede Stadium,1,8.5,Mizoram,Mumbai,KB Pawan,Lalhmangaiha,TU Deshpande,0,0,,,,,,,,,
1205721,2019/20,2019-11-08,Wankhede Stadium,1,8.6,Mizoram,Mumbai,KB Pawan,Lalhmangaiha,TU Deshpande,0,0,,,,,,,,,
1205721,2019/20,2019-11-08,Wankhede Stadium,1,9.1,Mizoram,Mumbai,Lalhmangaiha,KB Pawan,Sujit Nayak,0,0,,,,,,,,,
1205721,2019/20,2019-11-08,Wankhede Stadium,1,9.2,Mizoram,Mumbai,Lalhmangaiha,KB Pawan,Sujit Nayak,1,0,,,,,,,,,
1205721,2019/20,2019-11-08,Wankhede Stadium,1,9.3,Mizoram,Mumbai,KB Pawan,Lalhmangaiha,Sujit Nayak,0,0,,,,,,,,,
1205721,2019/20,2019-11-08,Wankhede Stadium,1,9.4,Mizoram,Mumbai,KB Pawan,Lalhmangaiha,Sujit Nayak,0,0,,,,,,,,,
1205721,2019/20,2019-11-08,Wankhede Stadium,1,9.5,Mizoram,Mumbai,KB Pawan,Lalhmangaiha,Sujit Nayak,1,0,,,,,,,,,
1205721,2019/20,2019-11-08,Wankhede Stadium,1,9.6,Mizoram,Mumbai,Lalhmangaiha,KB Pawan,Sujit Nayak,1,0,,,,,,,,,
1205721,2019/20,2019-11-08,Wankhede Stadium,1,10.1,Mizoram,Mumbai,Lalhmangaiha,KB Pawan,Kruthik Hanagavadi,0,0,,,,,,,,,
1205721,2019/20,2019-11-08,Wankhede Stadium,1,10.2,Mizoram,Mumbai,Lalhmangaiha,KB Pawan,Kruthik Hanagavadi,0,0,,,,,,,,,
1205721,2019/20,2019-11-08,Wankhede Stadium,1,10.3,Mizoram,Mumbai,Lalhmangaiha,KB Pawan,Kruthik Hanagavadi,1,0,,,,,,,,,
1205721,2019/20,2019-11-08,Wankhede Stadium,1,10.4,Mizoram,Mumbai,KB Pawan,Lalhmangaiha,Kruthik Hanagavadi,1,0,,,,,,,,,
1205721,2019/20,2019-11-08,Wankhede Stadium,1,10.5,Mizoram,Mumbai,Lalhmangaiha,KB Pawan,Kruthik Hanagavadi,1,0,,,,,,,,,
1205721,2019/20,2019-11-08,Wankhede Stadium,1,10.6,Mizoram,Mumbai,KB Pawan,Lalhmangaiha,Kruthik Hanagavadi,4,0,,,,,,,,,
1205721,2019/20,2019-11-08,Wankhede Stadium,1,11.1,Mizoram,Mumbai,Lalhmangaiha,KB Pawan,SD Lad,0,0,,,,,,,,,
1205721,2019/20,2019-11-08,Wankhede Stadium,1,11.2,Mizoram,Mumbai,Lalhmangaiha,KB Pawan,SD Lad,0,0,,,,,,caught,Lalhmangaiha,,
1205721,2019/20,2019-11-08,Wankhede Stadium,1,11.3,Mizoram,Mumbai,Lalhruaizela,KB Pawan,SD Lad,0,0,,,,,,,,,
1205721,2019/20,2019-11-08,Wankhede Stadium,1,11.4,Mizoram,Mumbai,Lalhruaizela,KB Pawan,SD Lad,0,0,,,,,,caught,Lalhruaizela,,
1205721,2019/20,2019-11-08,Wankhede Stadium,1,11.5,Mizoram,Mumbai,Saidingliana Sailo,KB Pawan,SD Lad,0,0,,,,,,,,,
1205721,2019/20,2019-11-08,Wankhede Stadium,1,11.6,Mizoram,Mumbai,Saidingliana Sailo,KB Pawan,SD Lad,0,0,,,,,,,,,
1205721,2019/20,2019-11-08,Wankhede Stadium,1,12.1,Mizoram,Mumbai,KB Pawan,Saidingliana Sailo,SZ Mulani,0,0,,,,,,,,,
1205721,2019/20,2019-11-08,Wankhede Stadium,1,12.2,Mizoram,Mumbai,KB Pawan,Saidingliana Sailo,SZ Mulani,2,0,,,,,,,,,
1205721,2019/20,2019-11-08,Wankhede Stadium,1,12.3,Mizoram,Mumbai,KB Pawan,Saidingliana Sailo,SZ Mulani,1,0,,,,,,,,,
1205721,2019/20,2019-11-08,Wankhede Stadium,1,12.4,Mizoram,Mumbai,Saidingliana Sailo,KB Pawan,SZ Mulani,0,0,,,,,,,,,
1205721,2019/20,2019-11-08,Wankhede Stadium,1,12.5,Mizoram,Mumbai,Saidingliana Sailo,KB Pawan,SZ Mulani,0,0,,,,,,,,,
1205721,2019/20,2019-11-08,Wankhede Stadium,1,12.6,Mizoram,Mumbai,Saidingliana Sailo,KB Pawan,SZ Mulani,1,0,,,,,,,,,
1205721,2019/20,2019-11-08,Wankhede Stadium,1,13.1,Mizoram,Mumbai,Saidingliana Sailo,KB Pawan,SD Lad,4,0,,,,,,,,,
1205721,2019/20,2019-11-08,Wankhede Stadium,1,13.2,Mizoram,Mumbai,Saidingliana Sailo,KB Pawan,SD Lad,0,0,,,,,,,,,
1205721,2019/20,2019-11-08,Wankhede Stadium,1,13.3,Mizoram,Mumbai,Saidingliana Sailo,KB Pawan,SD Lad,1,0,,,,,,,,,
1205721,2019/20,2019-11-08,Wankhede Stadium,1,13.4,Mizoram,Mumbai,KB Pawan,Saidingliana Sailo,SD Lad,0,0,,,,,,,,,
1205721,2019/20,2019-11-08,Wankhede Stadium,1,13.5,Mizoram,Mumbai,KB Pawan,Saidingliana Sailo,SD Lad,1,0,,,,,,,,,
1205721,2019/20,2019-11-08,Wankhede Stadium,1,13.6,Mizoram,Mumbai,Saidingliana Sailo,KB Pawan,SD Lad,0,0,,,,,,caught,Saidingliana Sailo,,
1205721,2019/20,2019-11-08,Wankhede Stadium,1,14.1,Mizoram,Mumbai,KB Pawan,Abhay,SZ Mulani,0,0,,,,,,,,,
1205721,2019/20,2019-11-08,Wankhede Stadium,1,14.2,Mizoram,Mumbai,KB Pawan,Abhay,SZ Mulani,1,0,,,,,,,,,
1205721,2019/20,2019-11-08,Wankhede Stadium,1,14.3,Mizoram,Mumbai,Abhay,KB Pawan,SZ Mulani,0,0,,,,,,,,,
1205721,2019/20,2019-11-08,Wankhede Stadium,1,14.4,Mizoram,Mumbai,Abhay,KB Pawan,SZ Mulani,0,0,,,,,,lbw,Abhay,,
1205721,2019/20,2019-11-08,Wankhede Stadium,1,14.5,Mizoram,Mumbai,Parvez Ahmed,KB Pawan,SZ Mulani,1,0,,,,,,,,,
1205721,2019/20,2019-11-08,Wankhede Stadium,1,14.6,Mizoram,Mumbai,KB Pawan,Parvez Ahmed,SZ Mulani,0,0,,,,,,,,,
1205721,2019/20,2019-11-08,Wankhede Stadium,1,15.1,Mizoram,Mumbai,Parvez Ahmed,KB Pawan,SD Lad,0,0,,,,,,,,,
1205721,2019/20,2019-11-08,Wankhede Stadium,1,15.2,Mizoram,Mumbai,Parvez Ahmed,KB Pawan,SD Lad,1,0,,,,,,,,,
1205721,2019/20,2019-11-08,Wankhede Stadium,1,15.3,Mizoram,Mumbai,KB Pawan,Parvez Ahmed,SD Lad,0,0,,,,,,,,,
1205721,2019/20,2019-11-08,Wankhede Stadium,1,15.4,Mizoram,Mumbai,KB Pawan,Parvez Ahmed,SD Lad,0,0,,,,,,lbw,KB Pawan,,
1205721,2019/20,2019-11-08,Wankhede Stadium,1,15.5,Mizoram,Mumbai,Lalhruai Ralte,Parvez Ahmed,SD Lad,0,0,,,,,,,,,
1205721,2019/20,2019-11-08,Wankhede Stadium,1,15.6,Mizoram,Mumbai,Lalhruai Ralte,Parvez Ahmed,SD Lad,2,0,,,,,,,,,
1205721,2019/20,2019-11-08,Wankhede Stadium,1,16.1,Mizoram,Mumbai,Parvez Ahmed,Lalhruai Ralte,Jay Bista,1,0,,,,,,,,,
1205721,2019/20,2019-11-08,Wankhede Stadium,1,16.2,Mizoram,Mumbai,Lalhruai Ralte,Parvez Ahmed,Jay Bista,0,0,,,,,,,,,
1205721,2019/20,2019-11-08,Wankhede Stadium,1,16.3,Mizoram,Mumbai,Lalhruai Ralte,Parvez Ahmed,Jay Bista,1,0,,,,,,,,,
1205721,2019/20,2019-11-08,Wankhede Stadium,1,16.4,Mizoram,Mumbai,Parvez Ahmed,Lalhruai Ralte,Jay Bista,3,0,,,,,,,,,
1205721,2019/20,2019-11-08,Wankhede Stadium,1,16.5,Mizoram,Mumbai,Lalhruai Ralte,Parvez Ahmed,Jay Bista,0,0,,,,,,,,,
1205721,2019/20,2019-11-08,Wankhede Stadium,1,16.6,Mizoram,Mumbai,Lalhruai Ralte,Parvez Ahmed,Jay Bista,1,0,,,,,,,,,
1205721,2019/20,2019-11-08,Wankhede Stadium,1,17.1,Mizoram,Mumbai,Lalhruai Ralte,Parvez Ahmed,SD Lad,1,0,,,,,,,,,
1205721,2019/20,2019-11-08,Wankhede Stadium,1,17.2,Mizoram,Mumbai,Parvez Ahmed,Lalhruai Ralte,SD Lad,1,0,,,,,,,,,
1205721,2019/20,2019-11-08,Wankhede Stadium,1,17.3,Mizoram,Mumbai,Lalhruai Ralte,Parvez Ahmed,SD Lad,1,0,,,,,,,,,
1205721,2019/20,2019-11-08,Wankhede Stadium,1,17.4,Mizoram,Mumbai,Parvez Ahmed,Lalhruai Ralte,SD Lad,1,0,,,,,,,,,
1205721,2019/20,2019-11-08,Wankhede Stadium,1,17.5,Mizoram,Mumbai,Lalhruai Ralte,Parvez Ahmed,SD Lad,0,0,,,,,,caught,Lalhruai Ralte,,
1205721,2019/20,2019-11-08,Wankhede Stadium,1,17.6,Mizoram,Mumbai,Parvez Ahmed,Sumit Lama,SD Lad,0,0,,,,,,,,,
1205721,2019/20,2019-11-08,Wankhede Stadium,1,18.1,Mizoram,Mumbai,Sumit Lama,Parvez Ahmed,DS Kulkarni,1,0,,,,,,,,,
1205721,2019/20,2019-11-08,Wankhede Stadium,1,18.2,Mizoram,Mumbai,Parvez Ahmed,Sumit Lama,DS Kulkarni,1,0,,,,,,,,,
1205721,2019/20,2019-11-08,Wankhede Stadium,1,18.3,Mizoram,Mumbai,Sumit Lama,Parvez Ahmed,DS Kulkarni,1,0,,,,,,,,,
1205721,2019/20,2019-11-08,Wankhede Stadium,1,18.4,Mizoram,Mumbai,Parvez Ahmed,Sumit Lama,DS Kulkarni,0,0,,,,,,lbw,Parvez Ahmed,,
1205721,2019/20,2019-11-08,Wankhede Stadium,1,18.5,Mizoram,Mumbai,G Lalbiakvela,Sumit Lama,DS Kulkarni,1,0,,,,,,,,,
1205721,2019/20,2019-11-08,Wankhede Stadium,1,18.6,Mizoram,Mumbai,Sumit Lama,G Lalbiakvela,DS Kulkarni,0,0,,,,,,,,,
1205721,2019/20,2019-11-08,Wankhede Stadium,1,19.1,Mizoram,Mumbai,G Lalbiakvela,Sumit Lama,TU Deshpande,0,0,,,,,,bowled,G Lalbiakvela,,
1205721,2019/20,2019-11-08,Wankhede Stadium,1,19.2,Mizoram,Mumbai,Lalnunkima Varte,Sumit Lama,TU Deshpande,0,0,,,,,,,,,
1205721,2019/20,2019-11-08,Wankhede Stadium,1,19.3,Mizoram,Mumbai,Lalnunkima Varte,Sumit Lama,TU Deshpande,0,0,,,,,,run out,Lalnunkima Varte,,
1205721,2019/20,2019-11-08,Wankhede Stadium,2,0.1,Mumbai,Mizoram,Jay Bista,AP Tare,Lalhruai Ralte,0,0,,,,,,,,,
1205721,2019/20,2019-11-08,Wankhede Stadium,2,0.2,Mumbai,Mizoram,Jay Bista,AP Tare,Lalhruai Ralte,0,0,,,,,,,,,
1205721,2019/20,2019-11-08,Wankhede Stadium,2,0.3,Mumbai,Mizoram,Jay Bista,AP Tare,Lalhruai Ralte,1,0,,,,,,,,,
1205721,2019/20,2019-11-08,Wankhede Stadium,2,0.4,Mumbai,Mizoram,AP Tare,Jay Bista,Lalhruai Ralte,2,0,,,,,,,,,
1205721,2019/20,2019-11-08,Wankhede Stadium,2,0.5,Mumbai,Mizoram,AP Tare,Jay Bista,Lalhruai Ralte,0,0,,,,,,,,,
1205721,2019/20,2019-11-08,Wankhede Stadium,2,0.6,Mumbai,Mizoram,AP Tare,Jay Bista,Lalhruai Ralte,4,0,,,,,,,,,
1205721,2019/20,2019-11-08,Wankhede Stadium,2,1.1,Mumbai,Mizoram,Jay Bista,AP Tare,Lalnunkima Varte,0,0,,,,,,,,,
1205721,2019/20,2019-11-08,Wankhede Stadium,2,1.2,Mumbai,Mizoram,Jay Bista,AP Tare,Lalnunkima Varte,2,0,,,,,,,,,
1205721,2019/20,2019-11-08,Wankhede Stadium,2,1.3,Mumbai,Mizoram,Jay Bista,AP Tare,Lalnunkima Varte,2,0,,,,,,,,,
1205721,2019/20,2019-11-08,Wankhede Stadium,2,1.4,Mumbai,Mizoram,Jay Bista,AP Tare,Lalnunkima Varte,4,0,,,,,,,,,
1205721,2019/20,2019-11-08,Wankhede Stadium,2,1.5,Mumbai,Mizoram,Jay Bista,AP Tare,Lalnunkima Varte,2,0,,,,,,,,,
1205721,2019/20,2019-11-08,Wankhede Stadium,2,1.6,Mumbai,Mizoram,Jay Bista,AP Tare,Lalnunkima Varte,1,0,,,,,,,,,
1205721,2019/20,2019-11-08,Wankhede Stadium,2,2.1,Mumbai,Mizoram,Jay Bista,AP Tare,Lalhruai Ralte,6,0,,,,,,,,,
1205721,2019/20,2019-11-08,Wankhede Stadium,2,2.2,Mumbai,Mizoram,Jay Bista,AP Tare,Lalhruai Ralte,4,0,,,,,,,,,
1205721,2019/20,2019-11-08,Wankhede Stadium,2,2.3,Mumbai,Mizoram,Jay Bista,AP Tare,Lalhruai Ralte,1,0,,,,,,,,,
1205721,2019/20,2019-11-08,Wankhede Stadium,2,2.4,Mumbai,Mizoram,AP Tare,Jay Bista,Lalhruai Ralte,0,1,1,,,,,,,,
1205721,2019/20,2019-11-08,Wankhede Stadium,2,2.5,Mumbai,Mizoram,AP Tare,Jay Bista,Lalhruai Ralte,0,0,,,,,,,,,
1205721,2019/20,2019-11-08,Wankhede Stadium,2,2.6,Mumbai,Mizoram,AP Tare,Jay Bista,Lalhruai Ralte,1,0,,,,,,,,,
1205721,2019/20,2019-11-08,Wankhede Stadium,2,2.7,Mumbai,Mizoram,Jay Bista,AP Tare,Lalhruai Ralte,2,0,,,,,,,,,
1205721,2019/20,2019-11-08,Wankhede Stadium,2,3.1,Mumbai,Mizoram,AP Tare,Jay Bista,Lalnunkima Varte,0,0,,,,,,,,,
1205721,2019/20,2019-11-08,Wankhede Stadium,2,3.2,Mumbai,Mizoram,AP Tare,Jay Bista,Lalnunkima Varte,0,0,,,,,,,,,
1205721,2019/20,2019-11-08,Wankhede Stadium,2,3.3,Mumbai,Mizoram,AP Tare,Jay Bista,Lalnunkima Varte,0,0,,,,,,,,,
1205721,2019/20,2019-11-08,Wankhede Stadium,2,3.4,Mumbai,Mizoram,AP Tare,Jay Bista,Lalnunkima Varte,0,0,,,,,,,,,
1205721,2019/20,2019-11-08,Wankhede Stadium,2,3.5,Mumbai,Mizoram,AP Tare,Jay Bista,Lalnunkima Varte,2,0,,,,,,,,,
1205721,2019/20,2019-11-08,Wankhede Stadium,2,3.6,Mumbai,Mizoram,AP Tare,Jay Bista,Lalnunkima Varte,1,0,,,,,,,,,
1205721,2019/20,2019-11-08,Wankhede Stadium,2,4.1,Mumbai,Mizoram,AP Tare,Jay Bista,G Lalbiakvela,4,0,,,,,,,,,
1205721,2019/20,2019-11-08,Wankhede Stadium,2,4.2,Mumbai,Mizoram,AP Tare,Jay Bista,G Lalbiakvela,0,0,,,,,,,,,
1205721,2019/20,2019-11-08,Wankhede Stadium,2,4.3,Mumbai,Mizoram,AP Tare,Jay Bista,G Lalbiakvela,0,0,,,,,,,,,
1205721,2019/20,2019-11-08,Wankhede Stadium,2,4.4,Mumbai,Mizoram,AP Tare,Jay Bista,G Lalbiakvela,0,0,,,,,,,,,
1205721,2019/20,2019-11-08,Wankhede Stadium,2,4.5,Mumbai,Mizoram,AP Tare,Jay Bista,G Lalbiakvela,1,0,,,,,,,,,
1205721,2019/20,2019-11-08,Wankhede Stadium,2,4.6,Mumbai,Mizoram,Jay Bista,AP Tare,G Lalbiakvela,2,0,,,,,,,,,
1205721,2019/20,2019-11-08,Wankhede Stadium,2,5.1,Mumbai,Mizoram,AP Tare,Jay Bista,Lalnunkima Varte,4,0,,,,,,,,,
1205721,2019/20,2019-11-08,Wankhede Stadium,2,5.2,Mumbai,Mizoram,AP Tare,Jay Bista,Lalnunkima Varte,1,0,,,,,,,,,
1205721,2019/20,2019-11-08,Wankhede Stadium,2,5.3,Mumbai,Mizoram,Jay Bista,AP Tare,Lalnunkima Varte,0,0,,,,,,,,,
1205721,2019/20,2019-11-08,Wankhede Stadium,2,5.4,Mumbai,Mizoram,Jay Bista,AP Tare,Lalnunkima Varte,4,0,,,,,,,,,
1205721,2019/20,2019-11-08,Wankhede Stadium,2,5.5,Mumbai,Mizoram,Jay Bista,AP Tare,Lalnunkima Varte,0,0,,,,,,,,,
1205721,2019/20,2019-11-08,Wankhede Stadium,2,5.6,Mumbai,Mizoram,Jay Bista,AP Tare,Lalnunkima Varte,0,0,,,,,,,,,
1205721,2019/20,2019-11-08,Wankhede Stadium,2,6.1,Mumbai,Mizoram,AP Tare,Jay Bista,G Lalbiakvela,0,0,,,,,,,,,
1205721,2019/20,2019-11-08,Wankhede Stadium,2,6.2,Mumbai,Mizoram,AP Tare,Jay Bista,G Lalbiakvela,0,0,,,,,,,,,
1205721,2019/20,2019-11-08,Wankhede Stadium,2,6.3,Mumbai,Mizoram,AP Tare,Jay Bista,G Lalbiakvela,0,0,,,,,,,,,
1205721,2019/20,2019-11-08,Wankhede Stadium,2,6.4,Mumbai,Mizoram,AP Tare,Jay Bista,G Lalbiakvela,1,0,,,,,,,,,
1205721,2019/20,2019-11-08,Wankhede Stadium,2,6.5,Mumbai,Mizoram,Jay Bista,AP Tare,G Lalbiakvela,0,1,1,,,,,,,,
1205721,2019/20,2019-11-08,Wankhede Stadium,2,6.6,Mumbai,Mizoram,Jay Bista,AP Tare,G Lalbiakvela,2,0,,,,,,,,,
1205721,2019/20,2019-11-08,Wankhede Stadium,2,6.7,Mumbai,Mizoram,Jay Bista,AP Tare,G Lalbiakvela,4,0,,,,,,,,,
1205721,2019/20,2019-11-08,Wankhede Stadium,2,7.1,Mumbai,Mizoram,AP Tare,Jay Bista,Parvez Ahmed,0,0,,,,,,,,,
1205721,2019/20,2019-11-08,Wankhede Stadium,2,7.2,Mumbai,Mizoram,AP Tare,Jay Bista,Parvez Ahmed,1,0,,,,,,,,,
1205721,2019/20,2019-11-08,Wankhede Stadium,2,7.3,Mumbai,Mizoram,Jay Bista,AP Tare,Parvez Ahmed,4,0,,,,,,,,,
1205721,2019/20,2019-11-08,Wankhede Stadium,2,7.4,Mumbai,Mizoram,Jay Bista,AP Tare,Parvez Ahmed,6,0,,,,,,,,,
1205721,2019/20,2019-11-08,Wankhede Stadium,2,7.5,Mumbai,Mizoram,Jay Bista,AP Tare,Parvez Ahmed,1,0,,,,,,,,,
1205721,2019/20,2019-11-08,Wankhede Stadium,2,7.6,Mumbai,Mizoram,AP Tare,Jay Bista,Parvez Ahmed,0,0,,,,,,,,,
1205721,2019/20,2019-11-08,Wankhede Stadium,2,8.1,Mumbai,Mizoram,Jay Bista,AP Tare,T Kohli,6,1,,1,,,,,,,
