match_id,season,start_date,venue,innings,ball,batting_team,bowling_team,striker,non_striker,bowler,runs_off_bat,extras,wides,noballs,byes,legbyes,penalty,wicket_type,player_dismissed,other_wicket_type,other_player_dismissed
1205732,2019/20,2019-11-09,Dr. Y.S. Rajasekhara Reddy ACA VDCA Cricket Stadium,1,0.1,Baroda,Karnataka,KH Devdhar,Aditya Waghmode,J Suchith,0,0,,,,,,,,,
1205732,2019/20,2019-11-09,Dr. Y.S. Rajasekhara Reddy ACA VDCA Cricket Stadium,1,0.2,Baroda,Karnataka,KH Devdhar,Aditya Waghmode,J Suchith,1,0,,,,,,,,,
1205732,2019/20,2019-11-09,Dr. Y.S. Rajasekhara Reddy ACA VDCA Cricket Stadium,1,0.3,Baroda,Karnataka,Aditya Waghmode,KH Devdhar,J Suchith,0,0,,,,,,,,,
1205732,2019/20,2019-11-09,Dr. Y.S. Rajasekhara Reddy ACA VDCA Cricket Stadium,1,0.4,Baroda,Karnataka,Aditya Waghmode,KH Devdhar,J Suchith,4,0,,,,,,,,,
1205732,2019/20,2019-11-09,Dr. Y.S. Rajasekhara Reddy ACA VDCA Cricket Stadium,1,0.5,Baroda,Karnataka,Aditya Waghmode,KH Devdhar,J Suchith,0,0,,,,,,,,,
1205732,2019/20,2019-11-09,Dr. Y.S. Rajasekhara Reddy ACA VDCA Cricket Stadium,1,0.6,Baroda,Karnataka,Aditya Waghmode,KH Devdhar,J Suchith,4,0,,,,,,,,,
1205732,2019/20,2019-11-09,Dr. Y.S. Rajasekhara Reddy ACA VDCA Cricket Stadium,1,1.1,Baroda,Karnataka,KH Devdhar,Aditya Waghmode,A Mithun,0,0,,,,,,,,,
1205732,2019/20,2019-11-09,Dr. Y.S. Rajasekhara Reddy ACA VDCA Cricket Stadium,1,1.2,Baroda,Karnataka,KH Devdhar,Aditya Waghmode,A Mithun,0,0,,,,,,,,,
1205732,2019/20,2019-11-09,Dr. Y.S. Rajasekhara Reddy ACA VDCA Cricket Stadium,1,1.3,Baroda,Karnataka,KH Devdhar,Aditya Waghmode,A Mithun,4,0,,,,,,,,,
1205732,2019/20,2019-11-09,Dr. Y.S. Rajasekhara Reddy ACA VDCA Cricket Stadium,1,1.4,Baroda,Karnataka,KH Devdhar,Aditya Waghmode,A Mithun,1,0,,,,,,,,,
1205732,2019/20,2019-11-09,Dr. Y.S. Rajasekhara Reddy ACA VDCA Cricket Stadium,1,1.5,Baroda,Karnataka,Aditya Waghmode,KH Devdhar,A Mithun,4,0,,,,,,,,,
1205732,2019/20,2019-11-09,Dr. Y.S. Rajasekhara Reddy ACA VDCA Cricket Stadium,1,1.6,Baroda,Karnataka,Aditya Waghmode,KH Devdhar,A Mithun,0,0,,,,,,,,,
1205732,2019/20,2019-11-09,Dr. Y.S. Rajasekhara Reddy ACA VDCA Cricket Stadium,1,2.1,Baroda,Karnataka,KH Devdhar,Aditya Waghmode,Vasuki Koushik,0,0,,,,,,,,,
1205732,2019/20,2019-11-09,Dr. Y.S. Rajasekhara Reddy ACA VDCA Cricket Stadium,1,2.2,Baroda,Karnataka,KH Devdhar,Aditya Waghmode,Vasuki Koushik,1,0,,,,,,,,,
1205732,2019/20,2019-11-09,Dr. Y.S. Rajasekhara Reddy ACA VDCA Cricket Stadium,1,2.3,Baroda,Karnataka,Aditya Waghmode,KH Devdhar,Vasuki Koushik,4,0,,,,,,,,,
1205732,2019/20,2019-11-09,Dr. Y.S. Rajasekhara Reddy ACA VDCA Cricket Stadium,1,2.4,Baroda,Karnataka,Aditya Waghmode,KH Devdhar,Vasuki Koushik,0,0,,,,,,,,,
1205732,2019/20,2019-11-09,Dr. Y.S. Rajasekhara Reddy ACA VDCA Cricket Stadium,1,2.5,Baroda,Karnataka,Aditya Waghmode,KH Devdhar,Vasuki Koushik,1,0,,,,,,,,,
1205732,2019/20,2019-11-09,Dr. Y.S. Rajasekhara Reddy ACA VDCA Cricket Stadium,1,2.6,Baroda,Karnataka,KH Devdhar,Aditya Waghmode,Vasuki Koushik,0,0,,,,,,,,,
1205732,2019/20,2019-11-09,Dr. Y.S. Rajasekhara Reddy ACA VDCA Cricket Stadium,1,3.1,Baroda,Karnataka,Aditya Waghmode,KH Devdhar,A Mithun,1,0,,,,,,,,,
1205732,2019/20,2019-11-09,Dr. Y.S. Rajasekhara Reddy ACA VDCA Cricket Stadium,1,3.2,Baroda,Karnataka,KH Devdhar,Aditya Waghmode,A Mithun,1,0,,,,,,,,,
1205732,2019/20,2019-11-09,Dr. Y.S. Rajasekhara Reddy ACA VDCA Cricket Stadium,1,3.3,Baroda,Karnataka,Aditya Waghmode,KH Devdhar,A Mithun,1,0,,,,,,,,,
1205732,2019/20,2019-11-09,Dr. Y.S. Rajasekhara Reddy ACA VDCA Cricket Stadium,1,3.4,Baroda,Karnataka,KH Devdhar,Aditya Waghmode,A Mithun,6,0,,,,,,,,,
1205732,2019/20,2019-11-09,Dr. Y.S. Rajasekhara Reddy ACA VDCA Cricket Stadium,1,3.5,Baroda,Karnataka,KH Devdhar,Aditya Waghmode,A Mithun,2,0,,,,,,,,,
1205732,2019/20,2019-11-09,Dr. Y.S. Rajasekhara Reddy ACA VDCA Cricket Stadium,1,3.6,Baroda,Karnataka,KH Devdhar,Aditya Waghmode,A Mithun,2,0,,,,,,,,,
1205732,2019/20,2019-11-09,Dr. Y.S. Rajasekhara Reddy ACA VDCA Cricket Stadium,1,4.1,Baroda,Karnataka,Aditya Waghmode,KH Devdhar,Vasuki Koushik,6,0,,,,,,,,,
1205732,2019/20,2019-11-09,Dr. Y.S. Rajasekhara Reddy ACA VDCA Cricket Stadium,1,4.2,Baroda,Karnataka,Aditya Waghmode,KH Devdhar,Vasuki Koushik,4,0,,,,,,,,,
1205732,2019/20,2019-11-09,Dr. Y.S. Rajasekhara Reddy ACA VDCA Cricket Stadium,1,4.3,Baroda,Karnataka,Aditya Waghmode,KH Devdhar,Vasuki Koushik,0,0,,,,,,,,,
1205732,2019/20,2019-11-09,Dr. Y.S. Rajasekhara Reddy ACA VDCA Cricket Stadium,1,4.4,Baroda,Karnataka,Aditya Waghmode,KH Devdhar,Vasuki Koushik,0,0,,,,,,,,,
1205732,2019/20,2019-11-09,Dr. Y.S. Rajasekhara Reddy ACA VDCA Cricket Stadium,1,4.5,Baroda,Karnataka,Aditya Waghmode,KH Devdhar,Vasuki Koushik,2,0,,,,,,,,,
1205732,2019/20,2019-11-09,Dr. Y.S. Rajasekhara Reddy ACA VDCA Cricket Stadium,1,4.6,Baroda,Karnataka,Aditya Waghmode,KH Devdhar,Vasuki Koushik,0,1,1,,,,,,,,
1205732,2019/20,2019-11-09,Dr. Y.S. Rajasekhara Reddy ACA VDCA Cricket Stadium,1,4.7,Baroda,Karnataka,Aditya Waghmode,KH Devdhar,Vasuki Koushik,1,0,,,,,,,,,
1205732,2019/20,2019-11-09,Dr. Y.S. Rajasekhara Reddy ACA VDCA Cricket Stadium,1,5.1,Baroda,Karnataka,Aditya Waghmode,KH Devdhar,K Gowtham,0,0,,,,,,,,,
1205732,2019/20,2019-11-09,Dr. Y.S. Rajasekhara Reddy ACA VDCA Cricket Stadium,1,5.2,Baroda,Karnataka,Aditya Waghmode,KH Devdhar,K Gowtham,0,0,,,,,,caught,Aditya Waghmode,,
1205732,2019/20,2019-11-09,Dr. Y.S. Rajasekhara Reddy ACA VDCA Cricket Stadium,1,5.3,Baroda,Karnataka,KH Devdhar,DJ Hooda,K Gowtham,0,0,,,,,,,,,
1205732,2019/20,2019-11-09,Dr. Y.S. Rajasekhara Reddy ACA VDCA Cricket Stadium,1,5.4,Baroda,Karnataka,KH Devdhar,DJ Hooda,K Gowtham,0,0,,,,,,,,,
1205732,2019/20,2019-11-09,Dr. Y.S. Rajasekhara Reddy ACA VDCA Cricket Stadium,1,5.5,Baroda,Karnataka,KH Devdhar,DJ Hooda,K Gowtham,1,0,,,,,,,,,
1205732,2019/20,2019-11-09,Dr. Y.S. Rajasekhara Reddy ACA VDCA Cricket Stadium,1,5.6,Baroda,Karnataka,DJ Hooda,KH Devdhar,K Gowtham,1,0,,,,,,,,,
1205732,2019/20,2019-11-09,Dr. Y.S. Rajasekhara Reddy ACA VDCA Cricket Stadium,1,6.1,Baroda,Karnataka,DJ Hooda,KH Devdhar,Prateek Jain,4,0,,,,,,,,,
1205732,2019/20,2019-11-09,Dr. Y.S. Rajasekhara Reddy ACA VDCA Cricket Stadium,1,6.2,Baroda,Karnataka,DJ Hooda,KH Devdhar,Prateek Jain,1,0,,,,,,,,,
1205732,2019/20,2019-11-09,Dr. Y.S. Rajasekhara Reddy ACA VDCA Cricket Stadium,1,6.3,Baroda,Karnataka,KH Devdhar,DJ Hooda,Prateek Jain,1,0,,,,,,,,,
1205732,2019/20,2019-11-09,Dr. Y.S. Rajasekhara Reddy ACA VDCA Cricket Stadium,1,6.4,Baroda,Karnataka,DJ Hooda,KH Devdhar,Prateek Jain,4,0,,,,,,,,,
1205732,2019/20,2019-11-09,Dr. Y.S. Rajasekhara Reddy ACA VDCA Cricket Stadium,1,6.5,Baroda,Karnataka,DJ Hooda,KH Devdhar,Prateek Jain,0,0,,,,,,,,,
1205732,2019/20,2019-11-09,Dr. Y.S. Rajasekhara Reddy ACA VDCA Cricket Stadium,1,6.6,Baroda,Karnataka,DJ Hooda,KH Devdhar,Prateek Jain,2,0,,,,,,,,,
1205732,2019/20,2019-11-09,Dr. Y.S. Rajasekhara Reddy ACA VDCA Cricket Stadium,1,7.1,Baroda,Karnataka,KH Devdhar,DJ Hooda,K Gowtham,1,0,,,,,,,,,
1205732,2019/20,2019-11-09,Dr. Y.S. Rajasekhara Reddy ACA VDCA Cricket Stadium,1,7.2,Baroda,Karnataka,DJ Hooda,KH Devdhar,K Gowtham,0,0,,,,,,,,,
1205732,2019/20,2019-11-09,Dr. Y.S. Rajasekhara Reddy ACA VDCA Cricket Stadium,1,7.3,Baroda,Karnataka,DJ Hooda,KH Devdhar,K Gowtham,0,0,,,,,,,,,
1205732,2019/20,2019-11-09,Dr. Y.S. Rajasekhara Reddy ACA VDCA Cricket Stadium,1,7.4,Baroda,Karnataka,DJ Hooda,KH Devdhar,K Gowtham,0,0,,,,,,,,,
1205732,2019/20,2019-11-09,Dr. Y.S. Rajasekhara Reddy ACA VDCA Cricket Stadium,1,7.5,Baroda,Karnataka,DJ Hooda,KH Devdhar,K Gowtham,0,0,,,,,,,,,
1205732,2019/20,2019-11-09,Dr. Y.S. Rajasekhara Reddy ACA VDCA Cricket Stadium,1,7.6,Baroda,Karnataka,DJ Hooda,KH Devdhar,K Gowtham,1,0,,,,,,,,,
1205732,2019/20,2019-11-09,Dr. Y.S. Rajasekhara Reddy ACA VDCA Cricket Stadium,1,8.1,Baroda,Karnataka,DJ Hooda,KH Devdhar,J Suchith,1,0,,,,,,,,,
1205732,2019/20,2019-11-09,Dr. Y.S. Rajasekhara Reddy ACA VDCA Cricket Stadium,1,8.2,Baroda,Karnataka,KH Devdhar,DJ Hooda,J Suchith,1,0,,,,,,,,,
1205732,2019/20,2019-11-09,Dr. Y.S. Rajasekhara Reddy ACA VDCA Cricket Stadium,1,8.3,Baroda,Karnataka,DJ Hooda,KH Devdhar,J Suchith,0,0,,,,,,stumped,DJ Hooda,,
1205732,2019/20,2019-11-09,Dr. Y.S. Rajasekhara Reddy ACA VDCA Cricket Stadium,1,8.4,Baroda,Karnataka,Swapnil Singh,KH Devdhar,J Suchith,0,0,,,,,,,,,
1205732,2019/20,2019-11-09,Dr. Y.S. Rajasekhara Reddy ACA VDCA Cricket Stadium,1,8.5,Baroda,Karnataka,Swapnil Singh,KH Devdhar,J Suchith,0,0,,,,,,,,,
1205732,2019/20,2019-11-09,Dr. Y.S. Rajasekhara Reddy ACA VDCA Cricket Stadium,1,8.6,Baroda,Karnataka,Swapnil Singh,KH Devdhar,J Suchith,0,0,,,,,,,,,
1205732,2019/20,2019-11-09,Dr. Y.S. Rajasekhara Reddy ACA VDCA Cricket Stadium,1,9.1,Baroda,Karnataka,KH Devdhar,Swapnil Singh,S Gopal,0,0,,,,,,,,,
1205732,2019/20,2019-11-09,Dr. Y.S. Rajasekhara Reddy ACA VDCA Cricket Stadium,1,9.2,Baroda,Karnataka,KH Devdhar,Swapnil Singh,S Gopal,0,0,,,,,,,,,
1205732,2019/20,2019-11-09,Dr. Y.S. Rajasekhara Reddy ACA VDCA Cricket Stadium,1,9.3,Baroda,Karnataka,KH Devdhar,Swapnil Singh,S Gopal,1,0,,,,,,,,,
1205732,2019/20,2019-11-09,Dr. Y.S. Rajasekhara Reddy ACA VDCA Cricket Stadium,1,9.4,Baroda,Karnataka,Swapnil Singh,KH Devdhar,S Gopal,0,0,,,,,,,,,
1205732,2019/20,2019-11-09,Dr. Y.S. Rajasekhara Reddy ACA VDCA Cricket Stadium,1,9.5,Baroda,Karnataka,Swapnil Singh,KH Devdhar,S Gopal,0,0,,,,,,,,,
1205732,2019/20,2019-11-09,Dr. Y.S. Rajasekhara Reddy ACA VDCA Cricket Stadium,1,9.6,Baroda,Karnataka,Swapnil Singh,KH Devdhar,S Gopal,1,0,,,,,,,,,
1205732,2019/20,2019-11-09,Dr. Y.S. Rajasekhara Reddy ACA VDCA Cricket Stadium,1,10.1,Baroda,Karnataka,Swapnil Singh,KH Devdhar,J Suchith,0,0,,,,,,,,,
1205732,2019/20,2019-11-09,Dr. Y.S. Rajasekhara Reddy ACA VDCA Cricket Stadium,1,10.2,Baroda,Karnataka,Swapnil Singh,KH Devdhar,J Suchith,6,0,,,,,,,,,
1205732,2019/20,2019-11-09,Dr. Y.S. Rajasekhara Reddy ACA VDCA Cricket Stadium,1,10.3,Baroda,Karnataka,Swapnil Singh,KH Devdhar,J Suchith,1,0,,,,,,,,,
1205732,2019/20,2019-11-09,Dr. Y.S. Rajasekhara Reddy ACA VDCA Cricket Stadium,1,10.4,Baroda,Karnataka,KH Devdhar,Swapnil Singh,J Suchith,0,1,1,,,,,,,,
1205732,2019/20,2019-11-09,Dr. Y.S. Rajasekhara Reddy ACA VDCA Cricket Stadium,1,10.5,Baroda,Karnataka,KH Devdhar,Swapnil Singh,J Suchith,1,0,,,,,,,,,
1205732,2019/20,2019-11-09,Dr. Y.S. Rajasekhara Reddy ACA VDCA Cricket Stadium,1,10.6,Baroda,Karnataka,Swapnil Singh,KH Devdhar,J Suchith,1,0,,,,,,,,,
1205732,2019/20,2019-11-09,Dr. Y.S. Rajasekhara Reddy ACA VDCA Cricket Stadium,1,10.7,Baroda,Karnataka,KH Devdhar,Swapnil Singh,J Suchith,1,0,,,,,,,,,
1205732,2019/20,2019-11-09,Dr. Y.S. Rajasekhara Reddy ACA VDCA Cricket Stadium,1,11.1,Baroda,Karnataka,KH Devdhar,Swapnil Singh,S Gopal,1,0,,,,,,,,,
1205732,2019/20,2019-11-09,Dr. Y.S. Rajasekhara Reddy ACA VDCA Cricket Stadium,1,11.2,Baroda,Karnataka,Swapnil Singh,KH Devdhar,S Gopal,1,0,,,,,,,,,
1205732,2019/20,2019-11-09,Dr. Y.S. Rajasekhara Reddy ACA VDCA Cricket Stadium,1,11.3,Baroda,Karnataka,KH Devdhar,Swapnil Singh,S Gopal,0,0,,,,,,,,,
1205732,2019/20,2019-11-09,Dr. Y.S. Rajasekhara Reddy ACA VDCA Cricket Stadium,1,11.4,Baroda,Karnataka,KH Devdhar,Swapnil Singh,S Gopal,2,0,,,,,,,,,
1205732,2019/20,2019-11-09,Dr. Y.S. Rajasekhara Reddy ACA VDCA Cricket Stadium,1,11.5,Baroda,Karnataka,KH Devdhar,Swapnil Singh,S Gopal,1,0,,,,,,,,,
1205732,2019/20,2019-11-09,Dr. Y.S. Rajasekhara Reddy ACA VDCA Cricket Stadium,1,11.6,Baroda,Karnataka,Swapnil Singh,KH Devdhar,S Gopal,1,0,,,,,,,,,
1205732,2019/20,2019-11-09,Dr. Y.S. Rajasekhara Reddy ACA VDCA Cricket Stadium,1,12.1,Baroda,Karnataka,Swapnil Singh,KH Devdhar,J Suchith,0,1,,,,1,,,,,
1205732,2019/20,2019-11-09,Dr. Y.S. Rajasekhara Reddy ACA VDCA Cricket Stadium,1,12.2,Baroda,Karnataka,KH Devdhar,Swapnil Singh,J Suchith,1,0,,,,,,,,,
1205732,2019/20,2019-11-09,Dr. Y.S. Rajasekhara Reddy ACA VDCA Cricket Stadium,1,12.3,Baroda,Karnataka,Swapnil Singh,KH Devdhar,J Suchith,0,1,1,,,,,,,,
1205732,2019/20,2019-11-09,Dr. Y.S. Rajasekhara Reddy ACA VDCA Cricket Stadium,1,12.4,Baroda,Karnataka,Swapnil Singh,KH Devdhar,J Suchith,6,0,,,,,,,,,
1205732,2019/20,2019-11-09,Dr. Y.S. Rajasekhara Reddy ACA VDCA Cricket Stadium,1,12.5,Baroda,Karnataka,Swapnil Singh,KH Devdhar,J Suchith,1,0,,,,,,,,,
1205732,2019/20,2019-11-09,Dr. Y.S. Rajasekhara Reddy ACA VDCA Cricket Stadium,1,12.6,Baroda,Karnataka,KH Devdhar,Swapnil Singh,J Suchith,1,0,,,,,,,,,
1205732,2019/20,2019-11-09,Dr. Y.S. Rajasekhara Reddy ACA VDCA Cricket Stadium,1,12.7,Baroda,Karnataka,Swapnil Singh,KH Devdhar,J Suchith,1,0,,,,,,,,,
1205732,2019/20,2019-11-09,Dr. Y.S. Rajasekhara Reddy ACA VDCA Cricket Stadium,1,13.1,Baroda,Karnataka,Swapnil Singh,KH Devdhar,K Gowtham,1,0,,,,,,,,,
1205732,2019/20,2019-11-09,Dr. Y.S. Rajasekhara Reddy ACA VDCA Cricket Stadium,1,13.2,Baroda,Karnataka,KH Devdhar,Swapnil Singh,K Gowtham,1,0,,,,,,,,,
1205732,2019/20,2019-11-09,Dr. Y.S. Rajasekhara Reddy ACA VDCA Cricket Stadium,1,13.3,Baroda,Karnataka,Swapnil Singh,KH Devdhar,K Gowtham,6,0,,,,,,,,,
1205732,2019/20,2019-11-09,Dr. Y.S. Rajasekhara Reddy ACA VDCA Cricket Stadium,1,13.4,Baroda,Karnataka,Swapnil Singh,KH Devdhar,K Gowtham,4,0,,,,,,,,,
1205732,2019/20,2019-11-09,Dr. Y.S. Rajasekhara Reddy ACA VDCA Cricket Stadium,1,13.5,Baroda,Karnataka,Swapnil Singh,KH Devdhar,K Gowtham,6,0,,,,,,,,,
1205732,2019/20,2019-11-09,Dr. Y.S. Rajasekhara Reddy ACA VDCA Cricket Stadium,1,13.6,Baroda,Karnataka,Swapnil Singh,KH Devdhar,K Gowtham,0,0,,,,,,caught,Swapnil Singh,,
1205732,2019/20,2019-11-09,Dr. Y.S. Rajasekhara Reddy ACA VDCA Cricket Stadium,1,14.1,Baroda,Karnataka,YK Pathan,KH Devdhar,S Gopal,0,0,,,,,,,,,
1205732,2019/20,2019-11-09,Dr. Y.S. Rajasekhara Reddy ACA VDCA Cricket Stadium,1,14.2,Baroda,Karnataka,YK Pathan,KH Devdhar,S Gopal,0,0,,,,,,,,,
1205732,2019/20,2019-11-09,Dr. Y.S. Rajasekhara Reddy ACA VDCA Cricket Stadium,1,14.3,Baroda,Karnataka,YK Pathan,KH Devdhar,S Gopal,4,0,,,,,,,,,
1205732,2019/20,2019-11-09,Dr. Y.S. Rajasekhara Reddy ACA VDCA Cricket Stadium,1,14.4,Baroda,Karnataka,YK Pathan,KH Devdhar,S Gopal,0,0,,,,,,,,,
1205732,2019/20,2019-11-09,Dr. Y.S. Rajasekhara Reddy ACA VDCA Cricket Stadium,1,14.5,Baroda,Karnataka,YK Pathan,KH Devdhar,S Gopal,1,0,,,,,,,,,
1205732,2019/20,2019-11-09,Dr. Y.S. Rajasekhara Reddy ACA VDCA Cricket Stadium,1,14.6,Baroda,Karnataka,KH Devdhar,YK Pathan,S Gopal,6,0,,,,,,,,,
1205732,2019/20,2019-11-09,Dr. Y.S. Rajasekhara Reddy ACA VDCA Cricket Stadium,1,15.1,Baroda,Karnataka,YK Pathan,KH Devdhar,Prateek Jain,1,0,,,,,,,,,
1205732,2019/20,2019-11-09,Dr. Y.S. Rajasekhara Reddy ACA VDCA Cricket Stadium,1,15.2,Baroda,Karnataka,KH Devdhar,YK Pathan,Prateek Jain,6,0,,,,,,,,,
1205732,2019/20,2019-11-09,Dr. Y.S. Rajasekhara Reddy ACA VDCA Cricket Stadium,1,15.3,Baroda,Karnataka,KH Devdhar,YK Pathan,Prateek Jain,0,0,,,,,,,,,
1205732,2019/20,2019-11-09,Dr. Y.S. Rajasekhara Reddy ACA VDCA Cricket Stadium,1,15.4,Baroda,Karnataka,KH Devdhar,YK Pathan,Prateek Jain,1,0,,,,,,,,,
1205732,2019/20,2019-11-09,Dr. Y.S. Rajasekhara Reddy ACA VDCA Cricket Stadium,1,15.5,Baroda,Karnataka,YK Pathan,KH Devdhar,Prateek Jain,2,0,,,,,,,,,
1205732,2019/20,2019-11-09,Dr. Y.S. Rajasekhara Reddy ACA VDCA Cricket Stadium,1,15.6,Baroda,Karnataka,YK Pathan,KH Devdhar,Prateek Jain,0,0,,,,,,,,,
1205732,2019/20,2019-11-09,Dr. Y.S. Rajasekhara Reddy ACA VDCA Cricket Stadium,1,16.1,Baroda,Karnataka,KH Devdhar,YK Pathan,Vasuki Koushik,6,0,,,,,,,,,
1205732,2019/20,2019-11-09,Dr. Y.S. Rajasekhara Reddy ACA VDCA Cricket Stadium,1,16.2,Baroda,Karnataka,KH Devdhar,YK Pathan,Vasuki Koushik,1,0,,,,,,,,,
1205732,2019/20,2019-11-09,Dr. Y.S. Rajasekhara Reddy ACA VDCA Cricket Stadium,1,16.3,Baroda,Karnataka,YK Pathan,KH Devdhar,Vasuki Koushik,1,0,,,,,,,,,
1205732,2019/20,2019-11-09,Dr. Y.S. Rajasekhara Reddy ACA VDCA Cricket Stadium,1,16.4,Baroda,Karnataka,KH Devdhar,YK Pathan,Vasuki Koushik,0,0,,,,,,bowled,KH Devdhar,,
1205732,2019/20,2019-11-09,Dr. Y.S. Rajasekhara Reddy ACA VDCA Cricket Stadium,1,16.5,Baroda,Karnataka,Vishnu Solanki,YK Pathan,Vasuki Koushik,1,0,,,,,,,,,
1205732,2019/20,2019-11-09,Dr. Y.S. Rajasekhara Reddy ACA VDCA Cricket Stadium,1,16.6,Baroda,Karnataka,YK Pathan,Vishnu Solanki,Vasuki Koushik,1,0,,,,,,,,,
1205732,2019/20,2019-11-09,Dr. Y.S. Rajasekhara Reddy ACA VDCA Cricket Stadium,1,17.1,Baroda,Karnataka,YK Pathan,Vishnu Solanki,A Mithun,1,0,,,,,,,,,
1205732,2019/20,2019-11-09,Dr. Y.S. Rajasekhara Reddy ACA VDCA Cricket Stadium,1,17.2,Baroda,Karnataka,Vishnu Solanki,YK Pathan,A Mithun,1,0,,,,,,,,,
1205732,2019/20,2019-11-09,Dr. Y.S. Rajasekhara Reddy ACA VDCA Cricket Stadium,1,17.3,Baroda,Karnataka,YK Pathan,Vishnu Solanki,A Mithun,6,0,,,,,,,,,
1205732,2019/20,2019-11-09,Dr. Y.S. Rajasekhara Reddy ACA VDCA Cricket Stadium,1,17.4,Baroda,Karnataka,YK Pathan,Vishnu Solanki,A Mithun,1,0,,,,,,,,,
1205732,2019/20,2019-11-09,Dr. Y.S. Rajasekhara Reddy ACA VDCA Cricket Stadium,1,17.5,Baroda,Karnataka,Vishnu Solanki,YK Pathan,A Mithun,1,0,,,,,,,,,
1205732,2019/20,2019-11-09,Dr. Y.S. Rajasekhara Reddy ACA VDCA Cricket Stadium,1,17.6,Baroda,Karnataka,YK Pathan,Vishnu Solanki,A Mithun,0,0,,,,,,,,,
1205732,2019/20,2019-11-09,Dr. Y.S. Rajasekhara Reddy ACA VDCA Cricket Stadium,1,18.1,Baroda,Karnataka,Vishnu Solanki,YK Pathan,Vasuki Koushik,6,0,,,,,,,,,
1205732,2019/20,2019-11-09,Dr. Y.S. Rajasekhara Reddy ACA VDCA Cricket Stadium,1,18.2,Baroda,Karnataka,Vishnu Solanki,YK Pathan,Vasuki Koushik,2,0,,,,,,,,,
1205732,2019/20,2019-11-09,Dr. Y.S. Rajasekhara Reddy ACA VDCA Cricket Stadium,1,18.3,Baroda,Karnataka,Vishnu Solanki,YK Pathan,Vasuki Koushik,4,0,,,,,,,,,
1205732,2019/20,2019-11-09,Dr. Y.S. Rajasekhara Reddy ACA VDCA Cricket Stadium,1,18.4,Baroda,Karnataka,Vishnu Solanki,YK Pathan,Vasuki Koushik,2,0,,,,,,,,,
1205732,2019/20,2019-11-09,Dr. Y.S. Rajasekhara Reddy ACA VDCA Cricket Stadium,1,18.5,Baroda,Karnataka,Vishnu Solanki,YK Pathan,Vasuki Koushik,2,0,,,,,,,,,
1205732,2019/20,2019-11-09,Dr. Y.S. Rajasekhara Reddy ACA VDCA Cricket Stadium,1,18.6,Baroda,Karnataka,Vishnu Solanki,YK Pathan,Vasuki Koushik,1,0,,,,,,,,,
1205732,2019/20,2019-11-09,Dr. Y.S. Rajasekhara Reddy ACA VDCA Cricket Stadium,1,19.1,Baroda,Karnataka,Vishnu Solanki,YK Pathan,A Mithun,4,0,,,,,,,,,
1205732,2019/20,2019-11-09,Dr. Y.S. Rajasekhara Reddy ACA VDCA Cricket Stadium,1,19.2,Baroda,Karnataka,Vishnu Solanki,YK Pathan,A Mithun,1,0,,,,,,,,,
1205732,2019/20,2019-11-09,Dr. Y.S. Rajasekhara Reddy ACA VDCA Cricket Stadium,1,19.3,Baroda,Karnataka,YK Pathan,Vishnu Solanki,A Mithun,4,0,,,,,,,,,
1205732,2019/20,2019-11-09,Dr. Y.S. Rajasekhara Reddy ACA VDCA Cricket Stadium,1,19.4,Baroda,Karnataka,YK Pathan,Vishnu Solanki,A Mithun,1,0,,,,,,,,,
1205732,2019/20,2019-11-09,Dr. Y.S. Rajasekhara Reddy ACA VDCA Cricket Stadium,1,19.5,Baroda,Karnataka,Vishnu Solanki,YK Pathan,A Mithun,4,0,,,,,,,,,
1205732,2019/20,2019-11-09,Dr. Y.S. Rajasekhara Reddy ACA VDCA Cricket Stadium,1,19.6,Baroda,Karnataka,Vishnu Solanki,YK Pathan,A Mithun,6,0,,,,,,,,,
1205732,2019/20,2019-11-09,Dr. Y.S. Rajasekhara Reddy ACA VDCA Cricket Stadium,2,0.1,Karnataka,Baroda,Rohan Kadam,LUVNITH SISODIA,DJ Hooda,0,0,,,,,,,,,
1205732,2019/20,2019-11-09,Dr. Y.S. Rajasekhara Reddy ACA VDCA Cricket Stadium,2,0.2,Karnataka,Baroda,Rohan Kadam,LUVNITH SISODIA,DJ Hooda,4,0,,,,,,,,,
1205732,2019/20,2019-11-09,Dr. Y.S. Rajasekhara Reddy ACA VDCA Cricket Stadium,2,0.3,Karnataka,Baroda,Rohan Kadam,LUVNITH SISODIA,DJ Hooda,0,0,,,,,,,,,
1205732,2019/20,2019-11-09,Dr. Y.S. Rajasekhara Reddy ACA VDCA Cricket Stadium,2,0.4,Karnataka,Baroda,Rohan Kadam,LUVNITH SISODIA,DJ Hooda,1,0,,,,,,,,,
1205732,2019/20,2019-11-09,Dr. Y.S. Rajasekhara Reddy ACA VDCA Cricket Stadium,2,0.5,Karnataka,Baroda,LUVNITH SISODIA,Rohan Kadam,DJ Hooda,1,0,,,,,,,,,
1205732,2019/20,2019-11-09,Dr. Y.S. Rajasekhara Reddy ACA VDCA Cricket Stadium,2,0.6,Karnataka,Baroda,Rohan Kadam,LUVNITH SISODIA,DJ Hooda,0,0,,,,,,,,,
1205732,2019/20,2019-11-09,Dr. Y.S. Rajasekhara Reddy ACA VDCA Cricket Stadium,2,1.1,Karnataka,Baroda,LUVNITH SISODIA,Rohan Kadam,A Sheth,1,0,,,,,,,,,
1205732,2019/20,2019-11-09,Dr. Y.S. Rajasekhara Reddy ACA VDCA Cricket Stadium,2,1.2,Karnataka,Baroda,Rohan Kadam,LUVNITH SISODIA,A Sheth,6,0,,,,,,,,,
1205732,2019/20,2019-11-09,Dr. Y.S. Rajasekhara Reddy ACA VDCA Cricket Stadium,2,1.3,Karnataka,Baroda,Rohan Kadam,LUVNITH SISODIA,A Sheth,1,0,,,,,,,,,
1205732,2019/20,2019-11-09,Dr. Y.S. Rajasekhara Reddy ACA VDCA Cricket Stadium,2,1.4,Karnataka,Baroda,LUVNITH SISODIA,Rohan Kadam,A Sheth,4,0,,,,,,,,,
1205732,2019/20,2019-11-09,Dr. Y.S. Rajasekhara Reddy ACA VDCA Cricket Stadium,2,1.5,Karnataka,Baroda,LUVNITH SISODIA,Rohan Kadam,A Sheth,1,0,,,,,,,,,
1205732,2019/20,2019-11-09,Dr. Y.S. Rajasekhara Reddy ACA VDCA Cricket Stadium,2,1.6,Karnataka,Baroda,Rohan Kadam,LUVNITH SISODIA,A Sheth,0,0,,,,,,,,,
1205732,2019/20,2019-11-09,Dr. Y.S. Rajasekhara Reddy ACA VDCA Cricket Stadium,2,2.1,Karnataka,Baroda,LUVNITH SISODIA,Rohan Kadam,DJ Hooda,4,0,,,,,,,,,
1205732,2019/20,2019-11-09,Dr. Y.S. Rajasekhara Reddy ACA VDCA Cricket Stadium,2,2.2,Karnataka,Baroda,LUVNITH SISODIA,Rohan Kadam,DJ Hooda,6,0,,,,,,,,,
1205732,2019/20,2019-11-09,Dr. Y.S. Rajasekhara Reddy ACA VDCA Cricket Stadium,2,2.3,Karnataka,Baroda,LUVNITH SISODIA,Rohan Kadam,DJ Hooda,4,0,,,,,,,,,
1205732,2019/20,2019-11-09,Dr. Y.S. Rajasekhara Reddy ACA VDCA Cricket Stadium,2,2.4,Karnataka,Baroda,LUVNITH SISODIA,Rohan Kadam,DJ Hooda,1,0,,,,,,,,,
1205732,2019/20,2019-11-09,Dr. Y.S. Rajasekhara Reddy ACA VDCA Cricket Stadium,2,2.5,Karnataka,Baroda,Rohan Kadam,LUVNITH SISODIA,DJ Hooda,1,0,,,,,,,,,
1205732,2019/20,2019-11-09,Dr. Y.S. Rajasekhara Reddy ACA VDCA Cricket Stadium,2,2.6,Karnataka,Baroda,LUVNITH SISODIA,Rohan Kadam,DJ Hooda,1,0,,,,,,,,,
1205732,2019/20,2019-11-09,Dr. Y.S. Rajasekhara Reddy ACA VDCA Cricket Stadium,2,3.1,Karnataka,Baroda,LUVNITH SISODIA,Rohan Kadam,LI Meriwala,0,0,,,,,,,,,
1205732,2019/20,2019-11-09,Dr. Y.S. Rajasekhara Reddy ACA VDCA Cricket Stadium,2,3.2,Karnataka,Baroda,LUVNITH SISODIA,Rohan Kadam,LI Meriwala,0,0,,,,,,,,,
1205732,2019/20,2019-11-09,Dr. Y.S. Rajasekhara Reddy ACA VDCA Cricket Stadium,2,3.3,Karnataka,Baroda,LUVNITH SISODIA,Rohan Kadam,LI Meriwala,1,0,,,,,,,,,
1205732,2019/20,2019-11-09,Dr. Y.S. Rajasekhara Reddy ACA VDCA Cricket Stadium,2,3.4,Karnataka,Baroda,Rohan Kadam,LUVNITH SISODIA,LI Meriwala,1,0,,,,,,,,,
1205732,2019/20,2019-11-09,Dr. Y.S. Rajasekhara Reddy ACA VDCA Cricket Stadium,2,3.5,Karnataka,Baroda,LUVNITH SISODIA,Rohan Kadam,LI Meriwala,0,0,,,,,,,,,
1205732,2019/20,2019-11-09,Dr. Y.S. Rajasekhara Reddy ACA VDCA Cricket Stadium,2,3.6,Karnataka,Baroda,LUVNITH SISODIA,Rohan Kadam,LI Meriwala,1,0,,,,,,,,,
1205732,2019/20,2019-11-09,Dr. Y.S. Rajasekhara Reddy ACA VDCA Cricket Stadium,2,4.1,Karnataka,Baroda,LUVNITH SISODIA,Rohan Kadam,RT Arothe,0,1,1,,,,,,,,
1205732,2019/20,2019-11-09,Dr. Y.S. Rajasekhara Reddy ACA VDCA Cricket Stadium,2,4.2,Karnataka,Baroda,LUVNITH SISODIA,Rohan Kadam,RT Arothe,4,0,,,,,,,,,
1205732,2019/20,2019-11-09,Dr. Y.S. Rajasekhara Reddy ACA VDCA Cricket Stadium,2,4.3,Karnataka,Baroda,LUVNITH SISODIA,Rohan Kadam,RT Arothe,2,0,,,,,,,,,
1205732,2019/20,2019-11-09,Dr. Y.S. Rajasekhara Reddy ACA VDCA Cricket Stadium,2,4.4,Karnataka,Baroda,LUVNITH SISODIA,Rohan Kadam,RT Arothe,0,0,,,,,,,,,
1205732,2019/20,2019-11-09,Dr. Y.S. Rajasekhara Reddy ACA VDCA Cricket Stadium,2,4.5,Karnataka,Baroda,LUVNITH SISODIA,Rohan Kadam,RT Arothe,0,0,,,,,,,,,
1205732,2019/20,2019-11-09,Dr. Y.S. Rajasekhara Reddy ACA VDCA Cricket Stadium,2,4.6,Karnataka,Baroda,LUVNITH SISODIA,Rohan Kadam,RT Arothe,6,0,,,,,,,,,
1205732,2019/20,2019-11-09,Dr. Y.S. Rajasekhara Reddy ACA VDCA Cricket Stadium,2,4.7,Karnataka,Baroda,LUVNITH SISODIA,Rohan Kadam,RT Arothe,1,0,,,,,,,,,
1205732,2019/20,2019-11-09,Dr. Y.S. Rajasekhara Reddy ACA VDCA Cricket Stadium,2,5.1,Karnataka,Baroda,LUVNITH SISODIA,Rohan Kadam,LI Meriwala,0,0,,,,,,caught,LUVNITH SISODIA,,
1205732,2019/20,2019-11-09,Dr. Y.S. Rajasekhara Reddy ACA VDCA Cricket Stadium,2,5.2,Karnataka,Baroda,Rohan Kadam,D Padikkal,LI Meriwala,1,0,,,,,,,,,
1205732,2019/20,2019-11-09,Dr. Y.S. Rajasekhara Reddy ACA VDCA Cricket Stadium,2,5.3,Karnataka,Baroda,D Padikkal,Rohan Kadam,LI Meriwala,0,0,,,,,,,,,
1205732,2019/20,2019-11-09,Dr. Y.S. Rajasekhara Reddy ACA VDCA Cricket Stadium,2,5.4,Karnataka,Baroda,D Padikkal,Rohan Kadam,LI Meriwala,4,0,,,,,,,,,
1205732,2019/20,2019-11-09,Dr. Y.S. Rajasekhara Reddy ACA VDCA Cricket Stadium,2,5.5,Karnataka,Baroda,D Padikkal,Rohan Kadam,LI Meriwala,1,0,,,,,,,,,
1205732,2019/20,2019-11-09,Dr. Y.S. Rajasekhara Reddy ACA VDCA Cricket Stadium,2,5.6,Karnataka,Baroda,Rohan Kadam,D Padikkal,LI Meriwala,0,0,,,,,,,,,
1205732,2019/20,2019-11-09,Dr. Y.S. Rajasekhara Reddy ACA VDCA Cricket Stadium,2,6.1,Karnataka,Baroda,D Padikkal,Rohan Kadam,DJ Hooda,0,0,,,,,,caught,D Padikkal,,
1205732,2019/20,2019-11-09,Dr. Y.S. Rajasekhara Reddy ACA VDCA Cricket Stadium,2,6.2,Karnataka,Baroda,Rohan Kadam,KK Nair,DJ Hooda,2,0,,,,,,,,,
1205732,2019/20,2019-11-09,Dr. Y.S. Rajasekhara Reddy ACA VDCA Cricket Stadium,2,6.3,Karnataka,Baroda,Rohan Kadam,KK Nair,DJ Hooda,1,0,,,,,,,,,
1205732,2019/20,2019-11-09,Dr. Y.S. Rajasekhara Reddy ACA VDCA Cricket Stadium,2,6.4,Karnataka,Baroda,KK Nair,Rohan Kadam,DJ Hooda,0,0,,,,,,,,,
1205732,2019/20,2019-11-09,Dr. Y.S. Rajasekhara Reddy ACA VDCA Cricket Stadium,2,6.5,Karnataka,Baroda,KK Nair,Rohan Kadam,DJ Hooda,1,0,,,,,,,,,
1205732,2019/20,2019-11-09,Dr. Y.S. Rajasekhara Reddy ACA VDCA Cricket Stadium,2,6.6,Karnataka,Baroda,Rohan Kadam,KK Nair,DJ Hooda,2,0,,,,,,,,,
1205732,2019/20,2019-11-09,Dr. Y.S. Rajasekhara Reddy ACA VDCA Cricket Stadium,2,7.1,Karnataka,Baroda,KK Nair,Rohan Kadam,Swapnil Singh,2,0,,,,,,,,,
1205732,2019/20,2019-11-09,Dr. Y.S. Rajasekhara Reddy ACA VDCA Cricket Stadium,2,7.2,Karnataka,Baroda,KK Nair,Rohan Kadam,Swapnil Singh,0,0,,,,,,,,,
1205732,2019/20,2019-11-09,Dr. Y.S. Rajasekhara Reddy ACA VDCA Cricket Stadium,2,7.3,Karnataka,Baroda,KK Nair,Rohan Kadam,Swapnil Singh,1,0,,,,,,,,,
1205732,2019/20,2019-11-09,Dr. Y.S. Rajasekhara Reddy ACA VDCA Cricket Stadium,2,7.4,Karnataka,Baroda,Rohan Kadam,KK Nair,Swapnil Singh,4,0,,,,,,,,,
1205732,2019/20,2019-11-09,Dr. Y.S. Rajasekhara Reddy ACA VDCA Cricket Stadium,2,7.5,Karnataka,Baroda,Rohan Kadam,KK Nair,Swapnil Singh,4,0,,,,,,,,,
1205732,2019/20,2019-11-09,Dr. Y.S. Rajasekhara Reddy ACA VDCA Cricket Stadium,2,7.6,Karnataka,Baroda,Rohan Kadam,KK Nair,Swapnil Singh,1,0,,,,,,,,,
1205732,2019/20,2019-11-09,Dr. Y.S. Rajasekhara Reddy ACA VDCA Cricket Stadium,2,8.1,Karnataka,Baroda,Rohan Kadam,KK Nair,RT Arothe,0,0,,,,,,,,,
1205732,2019/20,2019-11-09,Dr. Y.S. Rajasekhara Reddy ACA VDCA Cricket Stadium,2,8.2,Karnataka,Baroda,Rohan Kadam,KK Nair,RT Arothe,1,0,,,,,,,,,
1205732,2019/20,2019-11-09,Dr. Y.S. Rajasekhara Reddy ACA VDCA Cricket Stadium,2,8.3,Karnataka,Baroda,KK Nair,Rohan Kadam,RT Arothe,0,0,,,,,,,,,
1205732,2019/20,2019-11-09,Dr. Y.S. Rajasekhara Reddy ACA VDCA Cricket Stadium,2,8.4,Karnataka,Baroda,KK Nair,Rohan Kadam,RT Arothe,0,0,,,,,,,,,
1205732,2019/20,2019-11-09,Dr. Y.S. Rajasekhara Reddy ACA VDCA Cricket Stadium,2,8.5,Karnataka,Baroda,KK Nair,Rohan Kadam,RT Arothe,1,0,,,,,,,,,
1205732,2019/20,2019-11-09,Dr. Y.S. Rajasekhara Reddy ACA VDCA Cricket Stadium,2,8.6,Karnataka,Baroda,Rohan Kadam,KK Nair,RT Arothe,4,0,,,,,,,,,
1205732,2019/20,2019-11-09,Dr. Y.S. Rajasekhara Reddy ACA VDCA Cricket Stadium,2,9.1,Karnataka,Baroda,KK Nair,Rohan Kadam,AS Karambelkar,1,0,,,,,,,,,
1205732,2019/20,2019-11-09,Dr. Y.S. Rajasekhara Reddy ACA VDCA Cricket Stadium,2,9.2,Karnataka,Baroda,Rohan Kadam,KK Nair,AS Karambelkar,1,0,,,,,,,,,
1205732,2019/20,2019-11-09,Dr. Y.S. Rajasekhara Reddy ACA VDCA Cricket Stadium,2,9.3,Karnataka,Baroda,KK Nair,Rohan Kadam,AS Karambelkar,4,0,,,,,,,,,
1205732,2019/20,2019-11-09,Dr. Y.S. Rajasekhara Reddy ACA VDCA Cricket Stadium,2,9.4,Karnataka,Baroda,KK Nair,Rohan Kadam,AS Karambelkar,1,0,,,,,,,,,
1205732,2019/20,2019-11-09,Dr. Y.S. Rajasekhara Reddy ACA VDCA Cricket Stadium,2,9.5,Karnataka,Baroda,Rohan Kadam,KK Nair,AS Karambelkar,1,0,,,,,,,,,
1205732,2019/20,2019-11-09,Dr. Y.S. Rajasekhara Reddy ACA VDCA Cricket Stadium,2,9.6,Karnataka,Baroda,KK Nair,Rohan Kadam,AS Karambelkar,1,0,,,,,,,,,
1205732,2019/20,2019-11-09,Dr. Y.S. Rajasekhara Reddy ACA VDCA Cricket Stadium,2,10.1,Karnataka,Baroda,KK Nair,Rohan Kadam,NA Rathva,1,0,,,,,,,,,
1205732,2019/20,2019-11-09,Dr. Y.S. Rajasekhara Reddy ACA VDCA Cricket Stadium,2,10.2,Karnataka,Baroda,Rohan Kadam,KK Nair,NA Rathva,0,0,,,,,,,,,
1205732,2019/20,2019-11-09,Dr. Y.S. Rajasekhara Reddy ACA VDCA Cricket Stadium,2,10.3,Karnataka,Baroda,Rohan Kadam,KK Nair,NA Rathva,4,0,,,,,,,,,
1205732,2019/20,2019-11-09,Dr. Y.S. Rajasekhara Reddy ACA VDCA Cricket Stadium,2,10.4,Karnataka,Baroda,Rohan Kadam,KK Nair,NA Rathva,1,0,,,,,,,,,
1205732,2019/20,2019-11-09,Dr. Y.S. Rajasekhara Reddy ACA VDCA Cricket Stadium,2,10.5,Karnataka,Baroda,KK Nair,Rohan Kadam,NA Rathva,1,0,,,,,,,,,
1205732,2019/20,2019-11-09,Dr. Y.S. Rajasekhara Reddy ACA VDCA Cricket Stadium,2,10.6,Karnataka,Baroda,Rohan Kadam,KK Nair,NA Rathva,0,0,,,,,,,,,
1205732,2019/20,2019-11-09,Dr. Y.S. Rajasekhara Reddy ACA VDCA Cricket Stadium,2,11.1,Karnataka,Baroda,KK Nair,Rohan Kadam,AS Karambelkar,0,0,,,,,,,,,
1205732,2019/20,2019-11-09,Dr. Y.S. Rajasekhara Reddy ACA VDCA Cricket Stadium,2,11.2,Karnataka,Baroda,KK Nair,Rohan Kadam,AS Karambelkar,6,0,,,,,,,,,
1205732,2019/20,2019-11-09,Dr. Y.S. Rajasekhara Reddy ACA VDCA Cricket Stadium,2,11.3,Karnataka,Baroda,KK Nair,Rohan Kadam,AS Karambelkar,1,0,,,,,,,,,
1205732,2019/20,2019-11-09,Dr. Y.S. Rajasekhara Reddy ACA VDCA Cricket Stadium,2,11.4,Karnataka,Baroda,Rohan Kadam,KK Nair,AS Karambelkar,4,0,,,,,,,,,
1205732,2019/20,2019-11-09,Dr. Y.S. Rajasekhara Reddy ACA VDCA Cricket Stadium,2,11.5,Karnataka,Baroda,Rohan Kadam,KK Nair,AS Karambelkar,1,0,,,,,,,,,
1205732,2019/20,2019-11-09,Dr. Y.S. Rajasekhara Reddy ACA VDCA Cricket Stadium,2,11.6,Karnataka,Baroda,KK Nair,Rohan Kadam,AS Karambelkar,1,0,,,,,,,,,
1205732,2019/20,2019-11-09,Dr. Y.S. Rajasekhara Reddy ACA VDCA Cricket Stadium,2,12.1,Karnataka,Baroda,KK Nair,Rohan Kadam,DJ Hooda,1,0,,,,,,,,,
1205732,2019/20,2019-11-09,Dr. Y.S. Rajasekhara Reddy ACA VDCA Cricket Stadium,2,12.2,Karnataka,Baroda,Rohan Kadam,KK Nair,DJ Hooda,0,0,,,,,,,,,
1205732,2019/20,2019-11-09,Dr. Y.S. Rajasekhara Reddy ACA VDCA Cricket Stadium,2,12.3,Karnataka,Baroda,Rohan Kadam,KK Nair,DJ Hooda,0,0,,,,,,,,,
1205732,2019/20,2019-11-09,Dr. Y.S. Rajasekhara Reddy ACA VDCA Cricket Stadium,2,12.4,Karnataka,Baroda,Rohan Kadam,KK Nair,DJ Hooda,1,0,,,,,,,,,
1205732,2019/20,2019-11-09,Dr. Y.S. Rajasekhara Reddy ACA VDCA Cricket Stadium,2,12.5,Karnataka,Baroda,KK Nair,Rohan Kadam,DJ Hooda,1,0,,,,,,,,,
1205732,2019/20,2019-11-09,Dr. Y.S. Rajasekhara Reddy ACA VDCA Cricket Stadium,2,12.6,Karnataka,Baroda,Rohan Kadam,KK Nair,DJ Hooda,4,0,,,,,,,,,
1205732,2019/20,2019-11-09,Dr. Y.S. Rajasekhara Reddy ACA VDCA Cricket Stadium,2,13.1,Karnataka,Baroda,KK Nair,Rohan Kadam,A Sheth,0,0,,,,,,,,,
1205732,2019/20,2019-11-09,Dr. Y.S. Rajasekhara Reddy ACA VDCA Cricket Stadium,2,13.2,Karnataka,Baroda,KK Nair,Rohan Kadam,A Sheth,6,0,,,,,,,,,
1205732,2019/20,2019-11-09,Dr. Y.S. Rajasekhara Reddy ACA VDCA Cricket Stadium,2,13.3,Karnataka,Baroda,KK Nair,Rohan Kadam,A Sheth,4,0,,,,,,,,,
1205732,2019/20,2019-11-09,Dr. Y.S. Rajasekhara Reddy ACA VDCA Cricket Stadium,2,13.4,Karnataka,Baroda,KK Nair,Rohan Kadam,A Sheth,4,0,,,,,,,,,
1205732,2019/20,2019-11-09,Dr. Y.S. Rajasekhara Reddy ACA VDCA Cricket Stadium,2,13.5,Karnataka,Baroda,KK Nair,Rohan Kadam,A Sheth,0,0,,,,,,,,,
1205732,2019/20,2019-11-09,Dr. Y.S. Rajasekhara Reddy ACA VDCA Cricket Stadium,2,13.6,Karnataka,Baroda,KK Nair,Rohan Kadam,A Sheth,0,0,,,,,,,,,
1205732,2019/20,2019-11-09,Dr. Y.S. Rajasekhara Reddy ACA VDCA Cricket Stadium,2,14.1,Karnataka,Baroda,Rohan Kadam,KK Nair,RT Arothe,1,0,,,,,,,,,
1205732,2019/20,2019-11-09,Dr. Y.S. Rajasekhara Reddy ACA VDCA Cricket Stadium,2,14.2,Karnataka,Baroda,KK Nair,Rohan Kadam,RT Arothe,1,0,,,,,,,,,
1205732,2019/20,2019-11-09,Dr. Y.S. Rajasekhara Reddy ACA VDCA Cricket Stadium,2,14.3,Karnataka,Baroda,Rohan Kadam,KK Nair,RT Arothe,1,0,,,,,,,,,
1205732,2019/20,2019-11-09,Dr. Y.S. Rajasekhara Reddy ACA VDCA Cricket Stadium,2,14.4,Karnataka,Baroda,KK Nair,Rohan Kadam,RT Arothe,1,0,,,,,,,,,
1205732,2019/20,2019-11-09,Dr. Y.S. Rajasekhara Reddy ACA VDCA Cricket Stadium,2,14.5,Karnataka,Baroda,Rohan Kadam,KK Nair,RT Arothe,1,0,,,,,,,,,
1205732,2019/20,2019-11-09,Dr. Y.S. Rajasekhara Reddy ACA VDCA Cricket Stadium,2,14.6,Karnataka,Baroda,KK Nair,Rohan Kadam,RT Arothe,1,0,,,,,,,,,
1205732,2019/20,2019-11-09,Dr. Y.S. Rajasekhara Reddy ACA VDCA Cricket Stadium,2,15.1,Karnataka,Baroda,KK Nair,Rohan Kadam,LI Meriwala,6,0,,,,,,,,,
1205732,2019/20,2019-11-09,Dr. Y.S. Rajasekhara Reddy ACA VDCA Cricket Stadium,2,15.2,Karnataka,Baroda,KK Nair,Rohan Kadam,LI Meriwala,0,0,,,,,,caught,KK Nair,,
1205732,2019/20,2019-11-09,Dr. Y.S. Rajasekhara Reddy ACA VDCA Cricket Stadium,2,15.3,Karnataka,Baroda,Pavan Deshpande,Rohan Kadam,LI Meriwala,0,0,,,,,,,,,
1205732,2019/20,2019-11-09,Dr. Y.S. Rajasekhara Reddy ACA VDCA Cricket Stadium,2,15.4,Karnataka,Baroda,Pavan Deshpande,Rohan Kadam,LI Meriwala,0,0,,,,,,bowled,Pavan Deshpande,,
1205732,2019/20,2019-11-09,Dr. Y.S. Rajasekhara Reddy ACA VDCA Cricket Stadium,2,15.5,Karnataka,Baroda,K Gowtham,Rohan Kadam,LI Meriwala,1,0,,,,,,,,,
1205732,2019/20,2019-11-09,Dr. Y.S. Rajasekhara Reddy ACA VDCA Cricket Stadium,2,15.6,Karnataka,Baroda,Rohan Kadam,K Gowtham,LI Meriwala,1,0,,,,,,,,,
1205732,2019/20,2019-11-09,Dr. Y.S. Rajasekhara Reddy ACA VDCA Cricket Stadium,2,16.1,Karnataka,Baroda,Rohan Kadam,K Gowtham,A Sheth,1,0,,,,,,,,,
1205732,2019/20,2019-11-09,Dr. Y.S. Rajasekhara Reddy ACA VDCA Cricket Stadium,2,16.2,Karnataka,Baroda,K Gowtham,Rohan Kadam,A Sheth,0,0,,,,,,caught,K Gowtham,,
1205732,2019/20,2019-11-09,Dr. Y.S. Rajasekhara Reddy ACA VDCA Cricket Stadium,2,16.3,Karnataka,Baroda,Rohan Kadam,A Mithun,A Sheth,1,0,,,,,,,,,
1205732,2019/20,2019-11-09,Dr. Y.S. Rajasekhara Reddy ACA VDCA Cricket Stadium,2,16.4,Karnataka,Baroda,A Mithun,Rohan Kadam,A Sheth,1,0,,,,,,,,,
1205732,2019/20,2019-11-09,Dr. Y.S. Rajasekhara Reddy ACA VDCA Cricket Stadium,2,16.5,Karnataka,Baroda,Rohan Kadam,A Mithun,A Sheth,0,0,,,,,,bowled,Rohan Kadam,,
1205732,2019/20,2019-11-09,Dr. Y.S. Rajasekhara Reddy ACA VDCA Cricket Stadium,2,16.6,Karnataka,Baroda,J Suchith,A Mithun,A Sheth,4,0,,,,,,,,,
1205732,2019/20,2019-11-09,Dr. Y.S. Rajasekhara Reddy ACA VDCA Cricket Stadium,2,17.1,Karnataka,Baroda,A Mithun,J Suchith,RT Arothe,1,0,,,,,,,,,
1205732,2019/20,2019-11-09,Dr. Y.S. Rajasekhara Reddy ACA VDCA Cricket Stadium,2,17.2,Karnataka,Baroda,J Suchith,A Mithun,RT Arothe,1,0,,,,,,,,,
1205732,2019/20,2019-11-09,Dr. Y.S. Rajasekhara Reddy ACA VDCA Cricket Stadium,2,17.3,Karnataka,Baroda,A Mithun,J Suchith,RT Arothe,0,0,,,,,,caught,A Mithun,,
1205732,2019/20,2019-11-09,Dr. Y.S. Rajasekhara Reddy ACA VDCA Cricket Stadium,2,17.4,Karnataka,Baroda,J Suchith,S Gopal,RT Arothe,1,0,,,,,,,,,
1205732,2019/20,2019-11-09,Dr. Y.S. Rajasekhara Reddy ACA VDCA Cricket Stadium,2,17.5,Karnataka,Baroda,S Gopal,J Suchith,RT Arothe,4,0,,,,,,,,,
1205732,2019/20,2019-11-09,Dr. Y.S. Rajasekhara Reddy ACA VDCA Cricket Stadium,2,17.6,Karnataka,Baroda,S Gopal,J Suchith,RT Arothe,1,0,,,,,,,,,
1205732,2019/20,2019-11-09,Dr. Y.S. Rajasekhara Reddy ACA VDCA Cricket Stadium,2,18.1,Karnataka,Baroda,S Gopal,J Suchith,A Sheth,1,0,,,,,,,,,
1205732,2019/20,2019-11-09,Dr. Y.S. Rajasekhara Reddy ACA VDCA Cricket Stadium,2,18.2,Karnataka,Baroda,J Suchith,S Gopal,A Sheth,1,0,,,,,,,,,
1205732,2019/20,2019-11-09,Dr. Y.S. Rajasekhara Reddy ACA VDCA Cricket Stadium,2,18.3,Karnataka,Baroda,S Gopal,J Suchith,A Sheth,4,0,,,,,,,,,
1205732,2019/20,2019-11-09,Dr. Y.S. Rajasekhara Reddy ACA VDCA Cricket Stadium,2,18.4,Karnataka,Baroda,S Gopal,J Suchith,A Sheth,4,0,,,,,,,,,
1205732,2019/20,2019-11-09,Dr. Y.S. Rajasekhara Reddy ACA VDCA Cricket Stadium,2,18.5,Karnataka,Baroda,S Gopal,J Suchith,A Sheth,4,0,,,,,,,,,
1205732,2019/20,2019-11-09,Dr. Y.S. Rajasekhara Reddy ACA VDCA Cricket Stadium,2,18.6,Karnataka,Baroda,S Gopal,J Suchith,A Sheth,2,0,,,,,,,,,
1205732,2019/20,2019-11-09,Dr. Y.S. Rajasekhara Reddy ACA VDCA Cricket Stadium,2,19.1,Karnataka,Baroda,J Suchith,S Gopal,LI Meriwala,1,0,,,,,,,,,
1205732,2019/20,2019-11-09,Dr. Y.S. Rajasekhara Reddy ACA VDCA Cricket Stadium,2,19.2,Karnataka,Baroda,S Gopal,J Suchith,LI Meriwala,0,0,,,,,,,,,
1205732,2019/20,2019-11-09,Dr. Y.S. Rajasekhara Reddy ACA VDCA Cricket Stadium,2,19.3,Karnataka,Baroda,S Gopal,J Suchith,LI Meriwala,0,0,,,,,,caught,S Gopal,,
1205732,2019/20,2019-11-09,Dr. Y.S. Rajasekhara Reddy ACA VDCA Cricket Stadium,2,19.4,Karnataka,Baroda,J Suchith,Vasuki Koushik,LI Meriwala,1,0,,,,,,,,,
1205732,2019/20,2019-11-09,Dr. Y.S. Rajasekhara Reddy ACA VDCA Cricket Stadium,2,19.5,Karnataka,Baroda,Vasuki Koushik,J Suchith,LI Meriwala,2,0,,,,,,,,,
1205732,2019/20,2019-11-09,Dr. Y.S. Rajasekhara Reddy ACA VDCA Cricket Stadium,2,19.6,Karnataka,Baroda,Vasuki Koushik,J Suchith,LI Meriwala,0,0,,,,,,bowled,Vasuki Koushik,,
