match_id,season,start_date,venue,innings,ball,batting_team,bowling_team,striker,non_striker,bowler,runs_off_bat,extras,wides,noballs,byes,legbyes,penalty,wicket_type,player_dismissed,other_wicket_type,other_player_dismissed
1205729,2019/20,2019-11-18,Wankhede Stadium,1,0.1,Assam,Bengal,Pallav Kumar Das,Swarupam Purkayastha,IC Porel,0,0,,,,,,,,,
1205729,2019/20,2019-11-18,Wankhede Stadium,1,0.2,Assam,Bengal,Pallav Kumar Das,Swarupam Purkayastha,IC Porel,0,0,,,,,,,,,
1205729,2019/20,2019-11-18,Wankhede Stadium,1,0.3,Assam,Bengal,Pallav Kumar Das,Swarupam Purkayastha,IC Porel,1,0,,,,,,,,,
1205729,2019/20,2019-11-18,Wankhede Stadium,1,0.4,Assam,Bengal,Swarupam Purkayastha,Pallav Kumar Das,IC Porel,0,0,,,,,,,,,
1205729,2019/20,2019-11-18,Wankhede Stadium,1,0.5,Assam,Bengal,Swarupam Purkayastha,Pallav Kumar Das,IC Porel,1,0,,,,,,,,,
1205729,2019/20,2019-11-18,Wankhede Stadium,1,0.6,Assam,Bengal,Pallav Kumar Das,Swarupam Purkayastha,IC Porel,0,0,,,,,,,,,
1205729,2019/20,2019-11-18,Wankhede Stadium,1,1.1,Assam,Bengal,Swarupam Purkayastha,Pallav Kumar Das,Akash Deep,0,0,,,,,,,,,
1205729,2019/20,2019-11-18,Wankhede Stadium,1,1.2,Assam,Bengal,Swarupam Purkayastha,Pallav Kumar Das,Akash Deep,0,0,,,,,,,,,
1205729,2019/20,2019-11-18,Wankhede Stadium,1,1.3,Assam,Bengal,Swarupam Purkayastha,Pallav Kumar Das,Akash Deep,4,0,,,,,,,,,
1205729,2019/20,2019-11-18,Wankhede Stadium,1,1.4,Assam,Bengal,Swarupam Purkayastha,Pallav Kumar Das,Akash Deep,1,0,,,,,,,,,
1205729,2019/20,2019-11-18,Wankhede Stadium,1,1.5,Assam,Bengal,Pallav Kumar Das,Swarupam Purkayastha,Akash Deep,4,0,,,,,,,,,
1205729,2019/20,2019-11-18,Wankhede Stadium,1,1.6,Assam,Bengal,Pallav Kumar Das,Swarupam Purkayastha,Akash Deep,0,0,,,,,,,,,
1205729,2019/20,2019-11-18,Wankhede Stadium,1,2.1,Assam,Bengal,Swarupam Purkayastha,Pallav Kumar Das,IC Porel,2,0,,,,,,,,,
1205729,2019/20,2019-11-18,Wankhede Stadium,1,2.2,Assam,Bengal,Swarupam Purkayastha,Pallav Kumar Das,IC Porel,0,0,,,,,,,,,
1205729,2019/20,2019-11-18,Wankhede Stadium,1,2.3,Assam,Bengal,Swarupam Purkayastha,Pallav Kumar Das,IC Porel,4,0,,,,,,,,,
1205729,2019/20,2019-11-18,Wankhede Stadium,1,2.4,Assam,Bengal,Swarupam Purkayastha,Pallav Kumar Das,IC Porel,0,0,,,,,,,,,
1205729,2019/20,2019-11-18,Wankhede Stadium,1,2.5,Assam,Bengal,Swarupam Purkayastha,Pallav Kumar Das,IC Porel,1,0,,,,,,,,,
1205729,2019/20,2019-11-18,Wankhede Stadium,1,2.6,Assam,Bengal,Pallav Kumar Das,Swarupam Purkayastha,IC Porel,4,0,,,,,,,,,
1205729,2019/20,2019-11-18,Wankhede Stadium,1,3.1,Assam,Bengal,Swarupam Purkayastha,Pallav Kumar Das,Akash Deep,0,0,,,,,,,,,
1205729,2019/20,2019-11-18,Wankhede Stadium,1,3.2,Assam,Bengal,Swarupam Purkayastha,Pallav Kumar Das,Akash Deep,0,0,,,,,,,,,
1205729,2019/20,2019-11-18,Wankhede Stadium,1,3.3,Assam,Bengal,Swarupam Purkayastha,Pallav Kumar Das,Akash Deep,1,0,,,,,,,,,
1205729,2019/20,2019-11-18,Wankhede Stadium,1,3.4,Assam,Bengal,Pallav Kumar Das,Swarupam Purkayastha,Akash Deep,4,0,,,,,,,,,
1205729,2019/20,2019-11-18,Wankhede Stadium,1,3.5,Assam,Bengal,Pallav Kumar Das,Swarupam Purkayastha,Akash Deep,1,0,,,,,,,,,
1205729,2019/20,2019-11-18,Wankhede Stadium,1,3.6,Assam,Bengal,Swarupam Purkayastha,Pallav Kumar Das,Akash Deep,0,0,,,,,,caught,Swarupam Purkayastha,,
1205729,2019/20,2019-11-18,Wankhede Stadium,1,4.1,Assam,Bengal,Sibsankar Roy,Pallav Kumar Das,Writtick Chatterjee,0,0,,,,,,,,,
1205729,2019/20,2019-11-18,Wankhede Stadium,1,4.2,Assam,Bengal,Sibsankar Roy,Pallav Kumar Das,Writtick Chatterjee,0,0,,,,,,,,,
1205729,2019/20,2019-11-18,Wankhede Stadium,1,4.3,Assam,Bengal,Sibsankar Roy,Pallav Kumar Das,Writtick Chatterjee,0,0,,,,,,,,,
1205729,2019/20,2019-11-18,Wankhede Stadium,1,4.4,Assam,Bengal,Sibsankar Roy,Pallav Kumar Das,Writtick Chatterjee,0,0,,,,,,,,,
1205729,2019/20,2019-11-18,Wankhede Stadium,1,4.5,Assam,Bengal,Sibsankar Roy,Pallav Kumar Das,Writtick Chatterjee,0,0,,,,,,,,,
1205729,2019/20,2019-11-18,Wankhede Stadium,1,4.6,Assam,Bengal,Sibsankar Roy,Pallav Kumar Das,Writtick Chatterjee,1,0,,,,,,,,,
1205729,2019/20,2019-11-18,Wankhede Stadium,1,5.1,Assam,Bengal,Sibsankar Roy,Pallav Kumar Das,Ravikant Singh,2,0,,,,,,,,,
1205729,2019/20,2019-11-18,Wankhede Stadium,1,5.2,Assam,Bengal,Sibsankar Roy,Pallav Kumar Das,Ravikant Singh,1,0,,,,,,,,,
1205729,2019/20,2019-11-18,Wankhede Stadium,1,5.3,Assam,Bengal,Pallav Kumar Das,Sibsankar Roy,Ravikant Singh,1,0,,,,,,,,,
1205729,2019/20,2019-11-18,Wankhede Stadium,1,5.4,Assam,Bengal,Sibsankar Roy,Pallav Kumar Das,Ravikant Singh,1,0,,,,,,,,,
1205729,2019/20,2019-11-18,Wankhede Stadium,1,5.5,Assam,Bengal,Pallav Kumar Das,Sibsankar Roy,Ravikant Singh,1,0,,,,,,,,,
1205729,2019/20,2019-11-18,Wankhede Stadium,1,5.6,Assam,Bengal,Sibsankar Roy,Pallav Kumar Das,Ravikant Singh,1,0,,,,,,,,,
1205729,2019/20,2019-11-18,Wankhede Stadium,1,6.1,Assam,Bengal,Sibsankar Roy,Pallav Kumar Das,Writtick Chatterjee,3,0,,,,,,,,,
1205729,2019/20,2019-11-18,Wankhede Stadium,1,6.2,Assam,Bengal,Pallav Kumar Das,Sibsankar Roy,Writtick Chatterjee,1,0,,,,,,,,,
1205729,2019/20,2019-11-18,Wankhede Stadium,1,6.3,Assam,Bengal,Sibsankar Roy,Pallav Kumar Das,Writtick Chatterjee,1,0,,,,,,,,,
1205729,2019/20,2019-11-18,Wankhede Stadium,1,6.4,Assam,Bengal,Pallav Kumar Das,Sibsankar Roy,Writtick Chatterjee,1,0,,,,,,,,,
1205729,2019/20,2019-11-18,Wankhede Stadium,1,6.5,Assam,Bengal,Sibsankar Roy,Pallav Kumar Das,Writtick Chatterjee,0,0,,,,,,,,,
1205729,2019/20,2019-11-18,Wankhede Stadium,1,6.6,Assam,Bengal,Sibsankar Roy,Pallav Kumar Das,Writtick Chatterjee,1,0,,,,,,,,,
1205729,2019/20,2019-11-18,Wankhede Stadium,1,7.1,Assam,Bengal,Sibsankar Roy,Pallav Kumar Das,Ravikant Singh,0,0,,,,,,,,,
1205729,2019/20,2019-11-18,Wankhede Stadium,1,7.2,Assam,Bengal,Sibsankar Roy,Pallav Kumar Das,Ravikant Singh,2,0,,,,,,,,,
1205729,2019/20,2019-11-18,Wankhede Stadium,1,7.3,Assam,Bengal,Sibsankar Roy,Pallav Kumar Das,Ravikant Singh,1,0,,,,,,,,,
1205729,2019/20,2019-11-18,Wankhede Stadium,1,7.4,Assam,Bengal,Pallav Kumar Das,Sibsankar Roy,Ravikant Singh,4,0,,,,,,,,,
1205729,2019/20,2019-11-18,Wankhede Stadium,1,7.5,Assam,Bengal,Pallav Kumar Das,Sibsankar Roy,Ravikant Singh,4,0,,,,,,,,,
1205729,2019/20,2019-11-18,Wankhede Stadium,1,7.6,Assam,Bengal,Pallav Kumar Das,Sibsankar Roy,Ravikant Singh,1,0,,,,,,,,,
1205729,2019/20,2019-11-18,Wankhede Stadium,1,8.1,Assam,Bengal,Pallav Kumar Das,Sibsankar Roy,Writtick Chatterjee,0,0,,,,,,,,,
1205729,2019/20,2019-11-18,Wankhede Stadium,1,8.2,Assam,Bengal,Pallav Kumar Das,Sibsankar Roy,Writtick Chatterjee,1,0,,,,,,,,,
1205729,2019/20,2019-11-18,Wankhede Stadium,1,8.3,Assam,Bengal,Sibsankar Roy,Pallav Kumar Das,Writtick Chatterjee,2,0,,,,,,,,,
1205729,2019/20,2019-11-18,Wankhede Stadium,1,8.4,Assam,Bengal,Sibsankar Roy,Pallav Kumar Das,Writtick Chatterjee,0,0,,,,,,,,,
1205729,2019/20,2019-11-18,Wankhede Stadium,1,8.5,Assam,Bengal,Sibsankar Roy,Pallav Kumar Das,Writtick Chatterjee,0,0,,,,,,,,,
1205729,2019/20,2019-11-18,Wankhede Stadium,1,8.6,Assam,Bengal,Sibsankar Roy,Pallav Kumar Das,Writtick Chatterjee,1,0,,,,,,,,,
1205729,2019/20,2019-11-18,Wankhede Stadium,1,9.1,Assam,Bengal,Sibsankar Roy,Pallav Kumar Das,Shahbaz Ahmed,1,0,,,,,,,,,
1205729,2019/20,2019-11-18,Wankhede Stadium,1,9.2,Assam,Bengal,Pallav Kumar Das,Sibsankar Roy,Shahbaz Ahmed,0,0,,,,,,,,,
1205729,2019/20,2019-11-18,Wankhede Stadium,1,9.3,Assam,Bengal,Pallav Kumar Das,Sibsankar Roy,Shahbaz Ahmed,1,0,,,,,,,,,
1205729,2019/20,2019-11-18,Wankhede Stadium,1,9.4,Assam,Bengal,Sibsankar Roy,Pallav Kumar Das,Shahbaz Ahmed,1,0,,,,,,,,,
1205729,2019/20,2019-11-18,Wankhede Stadium,1,9.5,Assam,Bengal,Pallav Kumar Das,Sibsankar Roy,Shahbaz Ahmed,1,0,,,,,,,,,
1205729,2019/20,2019-11-18,Wankhede Stadium,1,9.6,Assam,Bengal,Sibsankar Roy,Pallav Kumar Das,Shahbaz Ahmed,1,0,,,,,,,,,
1205729,2019/20,2019-11-18,Wankhede Stadium,1,10.1,Assam,Bengal,Sibsankar Roy,Pallav Kumar Das,Writtick Chatterjee,4,0,,,,,,,,,
1205729,2019/20,2019-11-18,Wankhede Stadium,1,10.2,Assam,Bengal,Sibsankar Roy,Pallav Kumar Das,Writtick Chatterjee,1,0,,,,,,,,,
1205729,2019/20,2019-11-18,Wankhede Stadium,1,10.3,Assam,Bengal,Pallav Kumar Das,Sibsankar Roy,Writtick Chatterjee,0,0,,,,,,lbw,Pallav Kumar Das,,
1205729,2019/20,2019-11-18,Wankhede Stadium,1,10.4,Assam,Bengal,R Parag,Sibsankar Roy,Writtick Chatterjee,0,0,,,,,,,,,
1205729,2019/20,2019-11-18,Wankhede Stadium,1,10.5,Assam,Bengal,R Parag,Sibsankar Roy,Writtick Chatterjee,1,0,,,,,,,,,
1205729,2019/20,2019-11-18,Wankhede Stadium,1,10.6,Assam,Bengal,Sibsankar Roy,R Parag,Writtick Chatterjee,2,0,,,,,,,,,
1205729,2019/20,2019-11-18,Wankhede Stadium,1,11.1,Assam,Bengal,R Parag,Sibsankar Roy,Shahbaz Ahmed,1,0,,,,,,,,,
1205729,2019/20,2019-11-18,Wankhede Stadium,1,11.2,Assam,Bengal,Sibsankar Roy,R Parag,Shahbaz Ahmed,0,0,,,,,,,,,
1205729,2019/20,2019-11-18,Wankhede Stadium,1,11.3,Assam,Bengal,Sibsankar Roy,R Parag,Shahbaz Ahmed,0,0,,,,,,,,,
1205729,2019/20,2019-11-18,Wankhede Stadium,1,11.4,Assam,Bengal,Sibsankar Roy,R Parag,Shahbaz Ahmed,1,0,,,,,,,,,
1205729,2019/20,2019-11-18,Wankhede Stadium,1,11.5,Assam,Bengal,R Parag,Sibsankar Roy,Shahbaz Ahmed,1,0,,,,,,,,,
1205729,2019/20,2019-11-18,Wankhede Stadium,1,11.6,Assam,Bengal,Sibsankar Roy,R Parag,Shahbaz Ahmed,1,0,,,,,,,,,
1205729,2019/20,2019-11-18,Wankhede Stadium,1,12.1,Assam,Bengal,Sibsankar Roy,R Parag,Akash Deep,0,0,,,,,,,,,
1205729,2019/20,2019-11-18,Wankhede Stadium,1,12.2,Assam,Bengal,Sibsankar Roy,R Parag,Akash Deep,1,0,,,,,,,,,
1205729,2019/20,2019-11-18,Wankhede Stadium,1,12.3,Assam,Bengal,R Parag,Sibsankar Roy,Akash Deep,1,0,,,,,,,,,
1205729,2019/20,2019-11-18,Wankhede Stadium,1,12.4,Assam,Bengal,Sibsankar Roy,R Parag,Akash Deep,1,0,,,,,,,,,
1205729,2019/20,2019-11-18,Wankhede Stadium,1,12.5,Assam,Bengal,R Parag,Sibsankar Roy,Akash Deep,4,0,,,,,,,,,
1205729,2019/20,2019-11-18,Wankhede Stadium,1,12.6,Assam,Bengal,R Parag,Sibsankar Roy,Akash Deep,0,2,2,,,,,,,,
1205729,2019/20,2019-11-18,Wankhede Stadium,1,12.7,Assam,Bengal,Sibsankar Roy,R Parag,Akash Deep,0,0,,,,,,,,,
1205729,2019/20,2019-11-18,Wankhede Stadium,1,13.1,Assam,Bengal,R Parag,Sibsankar Roy,Shahbaz Ahmed,1,0,,,,,,,,,
1205729,2019/20,2019-11-18,Wankhede Stadium,1,13.2,Assam,Bengal,Sibsankar Roy,R Parag,Shahbaz Ahmed,6,0,,,,,,,,,
1205729,2019/20,2019-11-18,Wankhede Stadium,1,13.3,Assam,Bengal,Sibsankar Roy,R Parag,Shahbaz Ahmed,1,0,,,,,,,,,
1205729,2019/20,2019-11-18,Wankhede Stadium,1,13.4,Assam,Bengal,R Parag,Sibsankar Roy,Shahbaz Ahmed,1,0,,,,,,,,,
1205729,2019/20,2019-11-18,Wankhede Stadium,1,13.5,Assam,Bengal,Sibsankar Roy,R Parag,Shahbaz Ahmed,1,0,,,,,,,,,
1205729,2019/20,2019-11-18,Wankhede Stadium,1,13.6,Assam,Bengal,R Parag,Sibsankar Roy,Shahbaz Ahmed,1,0,,,,,,,,,
1205729,2019/20,2019-11-18,Wankhede Stadium,1,14.1,Assam,Bengal,R Parag,Sibsankar Roy,Akash Deep,0,0,,,,,,,,,
1205729,2019/20,2019-11-18,Wankhede Stadium,1,14.2,Assam,Bengal,R Parag,Sibsankar Roy,Akash Deep,4,0,,,,,,,,,
1205729,2019/20,2019-11-18,Wankhede Stadium,1,14.3,Assam,Bengal,R Parag,Sibsankar Roy,Akash Deep,1,0,,,,,,,,,
1205729,2019/20,2019-11-18,Wankhede Stadium,1,14.4,Assam,Bengal,Sibsankar Roy,R Parag,Akash Deep,1,0,,,,,,,,,
1205729,2019/20,2019-11-18,Wankhede Stadium,1,14.5,Assam,Bengal,R Parag,Sibsankar Roy,Akash Deep,0,1,1,,,,,,,,
1205729,2019/20,2019-11-18,Wankhede Stadium,1,14.6,Assam,Bengal,R Parag,Sibsankar Roy,Akash Deep,0,0,,,,,,,,,
1205729,2019/20,2019-11-18,Wankhede Stadium,1,14.7,Assam,Bengal,R Parag,Sibsankar Roy,Akash Deep,6,0,,,,,,,,,
1205729,2019/20,2019-11-18,Wankhede Stadium,1,15.1,Assam,Bengal,Sibsankar Roy,R Parag,Shahbaz Ahmed,1,0,,,,,,,,,
1205729,2019/20,2019-11-18,Wankhede Stadium,1,15.2,Assam,Bengal,R Parag,Sibsankar Roy,Shahbaz Ahmed,6,0,,,,,,,,,
1205729,2019/20,2019-11-18,Wankhede Stadium,1,15.3,Assam,Bengal,R Parag,Sibsankar Roy,Shahbaz Ahmed,1,0,,,,,,,,,
1205729,2019/20,2019-11-18,Wankhede Stadium,1,15.4,Assam,Bengal,Sibsankar Roy,R Parag,Shahbaz Ahmed,0,0,,,,,,caught,Sibsankar Roy,,
1205729,2019/20,2019-11-18,Wankhede Stadium,1,15.5,Assam,Bengal,R Parag,Rajjakuddin Ahmed,Shahbaz Ahmed,1,0,,,,,,,,,
1205729,2019/20,2019-11-18,Wankhede Stadium,1,15.6,Assam,Bengal,Rajjakuddin Ahmed,R Parag,Shahbaz Ahmed,0,0,,,,,,,,,
1205729,2019/20,2019-11-18,Wankhede Stadium,1,16.1,Assam,Bengal,R Parag,Rajjakuddin Ahmed,IC Porel,1,0,,,,,,,,,
1205729,2019/20,2019-11-18,Wankhede Stadium,1,16.2,Assam,Bengal,Rajjakuddin Ahmed,R Parag,IC Porel,1,0,,,,,,,,,
1205729,2019/20,2019-11-18,Wankhede Stadium,1,16.3,Assam,Bengal,R Parag,Rajjakuddin Ahmed,IC Porel,0,0,,,,,,,,,
1205729,2019/20,2019-11-18,Wankhede Stadium,1,16.4,Assam,Bengal,R Parag,Rajjakuddin Ahmed,IC Porel,0,0,,,,,,bowled,R Parag,,
1205729,2019/20,2019-11-18,Wankhede Stadium,1,16.5,Assam,Bengal,Amit Sinha,Rajjakuddin Ahmed,IC Porel,0,0,,,,,,bowled,Amit Sinha,,
1205729,2019/20,2019-11-18,Wankhede Stadium,1,16.6,Assam,Bengal,Hrishikesh Tamuli,Rajjakuddin Ahmed,IC Porel,0,0,,,,,,,,,
1205729,2019/20,2019-11-18,Wankhede Stadium,1,17.1,Assam,Bengal,Rajjakuddin Ahmed,Hrishikesh Tamuli,Ravikant Singh,1,0,,,,,,,,,
1205729,2019/20,2019-11-18,Wankhede Stadium,1,17.2,Assam,Bengal,Hrishikesh Tamuli,Rajjakuddin Ahmed,Ravikant Singh,1,0,,,,,,,,,
1205729,2019/20,2019-11-18,Wankhede Stadium,1,17.3,Assam,Bengal,Rajjakuddin Ahmed,Hrishikesh Tamuli,Ravikant Singh,0,0,,,,,,caught,Rajjakuddin Ahmed,,
1205729,2019/20,2019-11-18,Wankhede Stadium,1,17.4,Assam,Bengal,AN Ahmed,Hrishikesh Tamuli,Ravikant Singh,1,0,,,,,,,,,
1205729,2019/20,2019-11-18,Wankhede Stadium,1,17.5,Assam,Bengal,Hrishikesh Tamuli,AN Ahmed,Ravikant Singh,2,0,,,,,,,,,
1205729,2019/20,2019-11-18,Wankhede Stadium,1,17.6,Assam,Bengal,Hrishikesh Tamuli,AN Ahmed,Ravikant Singh,1,0,,,,,,,,,
1205729,2019/20,2019-11-18,Wankhede Stadium,1,18.1,Assam,Bengal,Hrishikesh Tamuli,AN Ahmed,IC Porel,1,0,,,,,,,,,
1205729,2019/20,2019-11-18,Wankhede Stadium,1,18.2,Assam,Bengal,AN Ahmed,Hrishikesh Tamuli,IC Porel,0,0,,,,,,caught,AN Ahmed,,
1205729,2019/20,2019-11-18,Wankhede Stadium,1,18.3,Assam,Bengal,Hrishikesh Tamuli,Pritam Das,IC Porel,1,0,,,,,,,,,
1205729,2019/20,2019-11-18,Wankhede Stadium,1,18.4,Assam,Bengal,Pritam Das,Hrishikesh Tamuli,IC Porel,1,0,,,,,,,,,
1205729,2019/20,2019-11-18,Wankhede Stadium,1,18.5,Assam,Bengal,Hrishikesh Tamuli,Pritam Das,IC Porel,1,0,,,,,,,,,
1205729,2019/20,2019-11-18,Wankhede Stadium,1,18.6,Assam,Bengal,Pritam Das,Hrishikesh Tamuli,IC Porel,4,0,,,,,,,,,
1205729,2019/20,2019-11-18,Wankhede Stadium,1,19.1,Assam,Bengal,Hrishikesh Tamuli,Pritam Das,Ravikant Singh,1,0,,,,,,,,,
1205729,2019/20,2019-11-18,Wankhede Stadium,1,19.2,Assam,Bengal,Pritam Das,Hrishikesh Tamuli,Ravikant Singh,2,0,,,,,,,,,
1205729,2019/20,2019-11-18,Wankhede Stadium,1,19.3,Assam,Bengal,Pritam Das,Hrishikesh Tamuli,Ravikant Singh,0,0,,,,,,,,,
1205729,2019/20,2019-11-18,Wankhede Stadium,1,19.4,Assam,Bengal,Pritam Das,Hrishikesh Tamuli,Ravikant Singh,0,0,,,,,,caught,Pritam Das,,
1205729,2019/20,2019-11-18,Wankhede Stadium,1,19.5,Assam,Bengal,Hrishikesh Tamuli,Roshan Alam,Ravikant Singh,2,0,,,,,,,,,
1205729,2019/20,2019-11-18,Wankhede Stadium,1,19.6,Assam,Bengal,Hrishikesh Tamuli,Roshan Alam,Ravikant Singh,1,0,,,,,,,,,
1205729,2019/20,2019-11-18,Wankhede Stadium,2,0.1,Bengal,Assam,SP Goswami,Vivek Singh,AN Ahmed,1,0,,,,,,,,,
1205729,2019/20,2019-11-18,Wankhede Stadium,2,0.2,Bengal,Assam,Vivek Singh,SP Goswami,AN Ahmed,1,0,,,,,,,,,
1205729,2019/20,2019-11-18,Wankhede Stadium,2,0.3,Bengal,Assam,SP Goswami,Vivek Singh,AN Ahmed,1,0,,,,,,,,,
1205729,2019/20,2019-11-18,Wankhede Stadium,2,0.4,Bengal,Assam,Vivek Singh,SP Goswami,AN Ahmed,6,0,,,,,,,,,
1205729,2019/20,2019-11-18,Wankhede Stadium,2,0.5,Bengal,Assam,Vivek Singh,SP Goswami,AN Ahmed,4,0,,,,,,,,,
1205729,2019/20,2019-11-18,Wankhede Stadium,2,0.6,Bengal,Assam,Vivek Singh,SP Goswami,AN Ahmed,0,0,,,,,,,,,
1205729,2019/20,2019-11-18,Wankhede Stadium,2,1.1,Bengal,Assam,SP Goswami,Vivek Singh,Swarupam Purkayastha,1,0,,,,,,,,,
1205729,2019/20,2019-11-18,Wankhede Stadium,2,1.2,Bengal,Assam,Vivek Singh,SP Goswami,Swarupam Purkayastha,4,0,,,,,,,,,
1205729,2019/20,2019-11-18,Wankhede Stadium,2,1.3,Bengal,Assam,Vivek Singh,SP Goswami,Swarupam Purkayastha,4,0,,,,,,,,,
1205729,2019/20,2019-11-18,Wankhede Stadium,2,1.4,Bengal,Assam,Vivek Singh,SP Goswami,Swarupam Purkayastha,6,0,,,,,,,,,
1205729,2019/20,2019-11-18,Wankhede Stadium,2,1.5,Bengal,Assam,Vivek Singh,SP Goswami,Swarupam Purkayastha,2,0,,,,,,,,,
1205729,2019/20,2019-11-18,Wankhede Stadium,2,1.6,Bengal,Assam,Vivek Singh,SP Goswami,Swarupam Purkayastha,2,0,,,,,,,,,
1205729,2019/20,2019-11-18,Wankhede Stadium,2,2.1,Bengal,Assam,SP Goswami,Vivek Singh,Mrinmoy Dutta,4,0,,,,,,,,,
1205729,2019/20,2019-11-18,Wankhede Stadium,2,2.2,Bengal,Assam,SP Goswami,Vivek Singh,Mrinmoy Dutta,0,0,,,,,,,,,
1205729,2019/20,2019-11-18,Wankhede Stadium,2,2.3,Bengal,Assam,SP Goswami,Vivek Singh,Mrinmoy Dutta,2,0,,,,,,,,,
1205729,2019/20,2019-11-18,Wankhede Stadium,2,2.4,Bengal,Assam,SP Goswami,Vivek Singh,Mrinmoy Dutta,1,0,,,,,,,,,
1205729,2019/20,2019-11-18,Wankhede Stadium,2,2.5,Bengal,Assam,Vivek Singh,SP Goswami,Mrinmoy Dutta,0,0,,,,,,,,,
1205729,2019/20,2019-11-18,Wankhede Stadium,2,2.6,Bengal,Assam,Vivek Singh,SP Goswami,Mrinmoy Dutta,0,4,,,4,,,,,,
1205729,2019/20,2019-11-18,Wankhede Stadium,2,3.1,Bengal,Assam,SP Goswami,Vivek Singh,Swarupam Purkayastha,0,0,,,,,,caught,SP Goswami,,
1205729,2019/20,2019-11-18,Wankhede Stadium,2,3.2,Bengal,Assam,Vivek Singh,AR Easwaran,Swarupam Purkayastha,2,0,,,,,,,,,
1205729,2019/20,2019-11-18,Wankhede Stadium,2,3.3,Bengal,Assam,Vivek Singh,AR Easwaran,Swarupam Purkayastha,4,0,,,,,,,,,
1205729,2019/20,2019-11-18,Wankhede Stadium,2,3.4,Bengal,Assam,Vivek Singh,AR Easwaran,Swarupam Purkayastha,0,1,,1,,,,,,,
1205729,2019/20,2019-11-18,Wankhede Stadium,2,3.5,Bengal,Assam,Vivek Singh,AR Easwaran,Swarupam Purkayastha,6,0,,,,,,,,,
1205729,2019/20,2019-11-18,Wankhede Stadium,2,3.6,Bengal,Assam,Vivek Singh,AR Easwaran,Swarupam Purkayastha,0,0,,,,,,,,,
1205729,2019/20,2019-11-18,Wankhede Stadium,2,3.7,Bengal,Assam,Vivek Singh,AR Easwaran,Swarupam Purkayastha,1,0,,,,,,,,,
1205729,2019/20,2019-11-18,Wankhede Stadium,2,4.1,Bengal,Assam,Vivek Singh,AR Easwaran,Mrinmoy Dutta,0,0,,,,,,,,,
1205729,2019/20,2019-11-18,Wankhede Stadium,2,4.2,Bengal,Assam,Vivek Singh,AR Easwaran,Mrinmoy Dutta,0,0,,,,,,,,,
1205729,2019/20,2019-11-18,Wankhede Stadium,2,4.3,Bengal,Assam,Vivek Singh,AR Easwaran,Mrinmoy Dutta,1,0,,,,,,,,,
1205729,2019/20,2019-11-18,Wankhede Stadium,2,4.4,Bengal,Assam,AR Easwaran,Vivek Singh,Mrinmoy Dutta,1,0,,,,,,,,,
1205729,2019/20,2019-11-18,Wankhede Stadium,2,4.5,Bengal,Assam,Vivek Singh,AR Easwaran,Mrinmoy Dutta,0,0,,,,,,,,,
1205729,2019/20,2019-11-18,Wankhede Stadium,2,4.6,Bengal,Assam,Vivek Singh,AR Easwaran,Mrinmoy Dutta,1,0,,,,,,,,,
1205729,2019/20,2019-11-18,Wankhede Stadium,2,5.1,Bengal,Assam,Vivek Singh,AR Easwaran,Pritam Das,1,0,,,,,,,,,
1205729,2019/20,2019-11-18,Wankhede Stadium,2,5.2,Bengal,Assam,AR Easwaran,Vivek Singh,Pritam Das,0,0,,,,,,,,,
1205729,2019/20,2019-11-18,Wankhede Stadium,2,5.3,Bengal,Assam,AR Easwaran,Vivek Singh,Pritam Das,1,0,,,,,,,,,
1205729,2019/20,2019-11-18,Wankhede Stadium,2,5.4,Bengal,Assam,Vivek Singh,AR Easwaran,Pritam Das,1,0,,,,,,,,,
1205729,2019/20,2019-11-18,Wankhede Stadium,2,5.5,Bengal,Assam,AR Easwaran,Vivek Singh,Pritam Das,2,0,,,,,,,,,
1205729,2019/20,2019-11-18,Wankhede Stadium,2,5.6,Bengal,Assam,AR Easwaran,Vivek Singh,Pritam Das,1,0,,,,,,,,,
1205729,2019/20,2019-11-18,Wankhede Stadium,2,6.1,Bengal,Assam,AR Easwaran,Vivek Singh,Sibsankar Roy,2,0,,,,,,,,,
1205729,2019/20,2019-11-18,Wankhede Stadium,2,6.2,Bengal,Assam,AR Easwaran,Vivek Singh,Sibsankar Roy,1,0,,,,,,,,,
1205729,2019/20,2019-11-18,Wankhede Stadium,2,6.3,Bengal,Assam,Vivek Singh,AR Easwaran,Sibsankar Roy,0,0,,,,,,,,,
1205729,2019/20,2019-11-18,Wankhede Stadium,2,6.4,Bengal,Assam,Vivek Singh,AR Easwaran,Sibsankar Roy,0,0,,,,,,bowled,Vivek Singh,,
1205729,2019/20,2019-11-18,Wankhede Stadium,2,6.5,Bengal,Assam,MK Tiwary,AR Easwaran,Sibsankar Roy,1,0,,,,,,,,,
1205729,2019/20,2019-11-18,Wankhede Stadium,2,6.6,Bengal,Assam,AR Easwaran,MK Tiwary,Sibsankar Roy,4,0,,,,,,,,,
1205729,2019/20,2019-11-18,Wankhede Stadium,2,7.1,Bengal,Assam,MK Tiwary,AR Easwaran,Pritam Das,0,0,,,,,,,,,
1205729,2019/20,2019-11-18,Wankhede Stadium,2,7.2,Bengal,Assam,MK Tiwary,AR Easwaran,Pritam Das,1,0,,,,,,,,,
1205729,2019/20,2019-11-18,Wankhede Stadium,2,7.3,Bengal,Assam,AR Easwaran,MK Tiwary,Pritam Das,0,0,,,,,,,,,
1205729,2019/20,2019-11-18,Wankhede Stadium,2,7.4,Bengal,Assam,AR Easwaran,MK Tiwary,Pritam Das,1,0,,,,,,,,,
1205729,2019/20,2019-11-18,Wankhede Stadium,2,7.5,Bengal,Assam,MK Tiwary,AR Easwaran,Pritam Das,0,0,,,,,,,,,
1205729,2019/20,2019-11-18,Wankhede Stadium,2,7.6,Bengal,Assam,MK Tiwary,AR Easwaran,Pritam Das,0,0,,,,,,,,,
1205729,2019/20,2019-11-18,Wankhede Stadium,2,8.1,Bengal,Assam,AR Easwaran,MK Tiwary,Roshan Alam,1,0,,,,,,,,,
1205729,2019/20,2019-11-18,Wankhede Stadium,2,8.2,Bengal,Assam,MK Tiwary,AR Easwaran,Roshan Alam,2,0,,,,,,,,,
1205729,2019/20,2019-11-18,Wankhede Stadium,2,8.3,Bengal,Assam,MK Tiwary,AR Easwaran,Roshan Alam,1,0,,,,,,,,,
1205729,2019/20,2019-11-18,Wankhede Stadium,2,8.4,Bengal,Assam,AR Easwaran,MK Tiwary,Roshan Alam,0,0,,,,,,,,,
1205729,2019/20,2019-11-18,Wankhede Stadium,2,8.5,Bengal,Assam,AR Easwaran,MK Tiwary,Roshan Alam,1,0,,,,,,,,,
1205729,2019/20,2019-11-18,Wankhede Stadium,2,8.6,Bengal,Assam,MK Tiwary,AR Easwaran,Roshan Alam,0,0,,,,,,,,,
1205729,2019/20,2019-11-18,Wankhede Stadium,2,9.1,Bengal,Assam,AR Easwaran,MK Tiwary,R Parag,1,0,,,,,,,,,
1205729,2019/20,2019-11-18,Wankhede Stadium,2,9.2,Bengal,Assam,MK Tiwary,AR Easwaran,R Parag,1,0,,,,,,,,,
1205729,2019/20,2019-11-18,Wankhede Stadium,2,9.3,Bengal,Assam,AR Easwaran,MK Tiwary,R Parag,1,0,,,,,,,,,
1205729,2019/20,2019-11-18,Wankhede Stadium,2,9.4,Bengal,Assam,MK Tiwary,AR Easwaran,R Parag,1,0,,,,,,,,,
1205729,2019/20,2019-11-18,Wankhede Stadium,2,9.5,Bengal,Assam,AR Easwaran,MK Tiwary,R Parag,0,0,,,,,,,,,
1205729,2019/20,2019-11-18,Wankhede Stadium,2,9.6,Bengal,Assam,AR Easwaran,MK Tiwary,R Parag,0,0,,,,,,,,,
1205729,2019/20,2019-11-18,Wankhede Stadium,2,10.1,Bengal,Assam,MK Tiwary,AR Easwaran,Roshan Alam,0,0,,,,,,,,,
1205729,2019/20,2019-11-18,Wankhede Stadium,2,10.2,Bengal,Assam,MK Tiwary,AR Easwaran,Roshan Alam,2,0,,,,,,,,,
1205729,2019/20,2019-11-18,Wankhede Stadium,2,10.3,Bengal,Assam,MK Tiwary,AR Easwaran,Roshan Alam,0,0,,,,,,,,,
1205729,2019/20,2019-11-18,Wankhede Stadium,2,10.4,Bengal,Assam,MK Tiwary,AR Easwaran,Roshan Alam,0,0,,,,,,,,,
1205729,2019/20,2019-11-18,Wankhede Stadium,2,10.5,Bengal,Assam,MK Tiwary,AR Easwaran,Roshan Alam,1,0,,,,,,,,,
1205729,2019/20,2019-11-18,Wankhede Stadium,2,10.6,Bengal,Assam,AR Easwaran,MK Tiwary,Roshan Alam,0,0,,,,,,,,,
1205729,2019/20,2019-11-18,Wankhede Stadium,2,11.1,Bengal,Assam,MK Tiwary,AR Easwaran,R Parag,2,0,,,,,,,,,
1205729,2019/20,2019-11-18,Wankhede Stadium,2,11.2,Bengal,Assam,MK Tiwary,AR Easwaran,R Parag,0,0,,,,,,,,,
1205729,2019/20,2019-11-18,Wankhede Stadium,2,11.3,Bengal,Assam,MK Tiwary,AR Easwaran,R Parag,6,0,,,,,,,,,
1205729,2019/20,2019-11-18,Wankhede Stadium,2,11.4,Bengal,Assam,MK Tiwary,AR Easwaran,R Parag,1,0,,,,,,,,,
1205729,2019/20,2019-11-18,Wankhede Stadium,2,11.5,Bengal,Assam,AR Easwaran,MK Tiwary,R Parag,1,0,,,,,,,,,
1205729,2019/20,2019-11-18,Wankhede Stadium,2,11.6,Bengal,Assam,MK Tiwary,AR Easwaran,R Parag,1,0,,,,,,,,,
1205729,2019/20,2019-11-18,Wankhede Stadium,2,12.1,Bengal,Assam,MK Tiwary,AR Easwaran,Roshan Alam,1,0,,,,,,,,,
1205729,2019/20,2019-11-18,Wankhede Stadium,2,12.2,Bengal,Assam,AR Easwaran,MK Tiwary,Roshan Alam,2,0,,,,,,,,,
1205729,2019/20,2019-11-18,Wankhede Stadium,2,12.3,Bengal,Assam,AR Easwaran,MK Tiwary,Roshan Alam,4,0,,,,,,,,,
1205729,2019/20,2019-11-18,Wankhede Stadium,2,12.4,Bengal,Assam,AR Easwaran,MK Tiwary,Roshan Alam,1,0,,,,,,,,,
1205729,2019/20,2019-11-18,Wankhede Stadium,2,12.5,Bengal,Assam,MK Tiwary,AR Easwaran,Roshan Alam,0,0,,,,,,,,,
1205729,2019/20,2019-11-18,Wankhede Stadium,2,12.6,Bengal,Assam,MK Tiwary,AR Easwaran,Roshan Alam,1,0,,,,,,,,,
1205729,2019/20,2019-11-18,Wankhede Stadium,2,13.1,Bengal,Assam,MK Tiwary,AR Easwaran,R Parag,0,0,,,,,,,,,
1205729,2019/20,2019-11-18,Wankhede Stadium,2,13.2,Bengal,Assam,MK Tiwary,AR Easwaran,R Parag,0,0,,,,,,,,,
1205729,2019/20,2019-11-18,Wankhede Stadium,2,13.3,Bengal,Assam,MK Tiwary,AR Easwaran,R Parag,4,0,,,,,,,,,
1205729,2019/20,2019-11-18,Wankhede Stadium,2,13.4,Bengal,Assam,MK Tiwary,AR Easwaran,R Parag,0,0,,,,,,,,,
1205729,2019/20,2019-11-18,Wankhede Stadium,2,13.5,Bengal,Assam,MK Tiwary,AR Easwaran,R Parag,4,0,,,,,,,,,
1205729,2019/20,2019-11-18,Wankhede Stadium,2,13.6,Bengal,Assam,MK Tiwary,AR Easwaran,R Parag,1,0,,,,,,,,,
1205729,2019/20,2019-11-18,Wankhede Stadium,2,14.1,Bengal,Assam,MK Tiwary,AR Easwaran,Mrinmoy Dutta,0,0,,,,,,,,,
1205729,2019/20,2019-11-18,Wankhede Stadium,2,14.2,Bengal,Assam,MK Tiwary,AR Easwaran,Mrinmoy Dutta,1,0,,,,,,,,,
1205729,2019/20,2019-11-18,Wankhede Stadium,2,14.3,Bengal,Assam,AR Easwaran,MK Tiwary,Mrinmoy Dutta,1,0,,,,,,,,,
1205729,2019/20,2019-11-18,Wankhede Stadium,2,14.4,Bengal,Assam,MK Tiwary,AR Easwaran,Mrinmoy Dutta,1,0,,,,,,,,,
1205729,2019/20,2019-11-18,Wankhede Stadium,2,14.5,Bengal,Assam,AR Easwaran,MK Tiwary,Mrinmoy Dutta,0,0,,,,,,,,,
1205729,2019/20,2019-11-18,Wankhede Stadium,2,14.6,Bengal,Assam,AR Easwaran,MK Tiwary,Mrinmoy Dutta,1,0,,,,,,,,,
1205729,2019/20,2019-11-18,Wankhede Stadium,2,15.1,Bengal,Assam,AR Easwaran,MK Tiwary,Pritam Das,2,0,,,,,,,,,
1205729,2019/20,2019-11-18,Wankhede Stadium,2,15.2,Bengal,Assam,AR Easwaran,MK Tiwary,Pritam Das,1,0,,,,,,,,,
1205729,2019/20,2019-11-18,Wankhede Stadium,2,15.3,Bengal,Assam,MK Tiwary,AR Easwaran,Pritam Das,0,1,1,,,,,,,,
1205729,2019/20,2019-11-18,Wankhede Stadium,2,15.4,Bengal,Assam,MK Tiwary,AR Easwaran,Pritam Das,1,0,,,,,,,,,
1205729,2019/20,2019-11-18,Wankhede Stadium,2,15.5,Bengal,Assam,AR Easwaran,MK Tiwary,Pritam Das,1,0,,,,,,,,,
1205729,2019/20,2019-11-18,Wankhede Stadium,2,15.6,Bengal,Assam,MK Tiwary,AR Easwaran,Pritam Das,2,0,,,,,,,,,
1205729,2019/20,2019-11-18,Wankhede Stadium,2,15.7,Bengal,Assam,MK Tiwary,AR Easwaran,Pritam Das,1,0,,,,,,,,,
1205729,2019/20,2019-11-18,Wankhede Stadium,2,16.1,Bengal,Assam,MK Tiwary,AR Easwaran,AN Ahmed,4,0,,,,,,,,,
1205729,2019/20,2019-11-18,Wankhede Stadium,2,16.2,Bengal,Assam,MK Tiwary,AR Easwaran,AN Ahmed,1,0,,,,,,,,,
1205729,2019/20,2019-11-18,Wankhede Stadium,2,16.3,Bengal,Assam,AR Easwaran,MK Tiwary,AN Ahmed,1,0,,,,,,,,,
1205729,2019/20,2019-11-18,Wankhede Stadium,2,16.4,Bengal,Assam,MK Tiwary,AR Easwaran,AN Ahmed,1,0,,,,,,,,,
1205729,2019/20,2019-11-18,Wankhede Stadium,2,16.5,Bengal,Assam,AR Easwaran,MK Tiwary,AN Ahmed,4,0,,,,,,,,,
