match_id,season,start_date,venue,innings,ball,batting_team,bowling_team,striker,non_striker,bowler,runs_off_bat,extras,wides,noballs,byes,legbyes,penalty,wicket_type,player_dismissed,other_wicket_type,other_player_dismissed
1205810,2019/20,2019-11-15,Wankhede Stadium,1,0.1,Mizoram,Haryana,T Kohli,Lalhmangaiha,HV Patel,0,0,,,,,,,,,
1205810,2019/20,2019-11-15,Wankhede Stadium,1,0.2,Mizoram,Haryana,T Kohli,Lalhmangaiha,HV Patel,0,0,,,,,,,,,
1205810,2019/20,2019-11-15,Wankhede Stadium,1,0.3,Mizoram,Haryana,T Kohli,Lalhmangaiha,HV Patel,0,0,,,,,,,,,
1205810,2019/20,2019-11-15,Wankhede Stadium,1,0.4,Mizoram,Haryana,T Kohli,Lalhmangaiha,HV Patel,0,1,1,,,,,,,,
1205810,2019/20,2019-11-15,Wankhede Stadium,1,0.5,Mizoram,Haryana,T Kohli,Lalhmangaiha,HV Patel,4,0,,,,,,,,,
1205810,2019/20,2019-11-15,Wankhede Stadium,1,0.6,Mizoram,Haryana,T Kohli,Lalhmangaiha,HV Patel,0,0,,,,,,,,,
1205810,2019/20,2019-11-15,Wankhede Stadium,1,0.7,Mizoram,Haryana,T Kohli,Lalhmangaiha,HV Patel,4,0,,,,,,,,,
1205810,2019/20,2019-11-15,Wankhede Stadium,1,1.1,Mizoram,Haryana,Lalhmangaiha,T Kohli,AH Hooda,0,0,,,,,,,,,
1205810,2019/20,2019-11-15,Wankhede Stadium,1,1.2,Mizoram,Haryana,Lalhmangaiha,T Kohli,AH Hooda,1,0,,,,,,,,,
1205810,2019/20,2019-11-15,Wankhede Stadium,1,1.3,Mizoram,Haryana,T Kohli,Lalhmangaiha,AH Hooda,0,0,,,,,,,,,
1205810,2019/20,2019-11-15,Wankhede Stadium,1,1.4,Mizoram,Haryana,T Kohli,Lalhmangaiha,AH Hooda,1,0,,,,,,,,,
1205810,2019/20,2019-11-15,Wankhede Stadium,1,1.5,Mizoram,Haryana,Lalhmangaiha,T Kohli,AH Hooda,0,0,,,,,,,,,
1205810,2019/20,2019-11-15,Wankhede Stadium,1,1.6,Mizoram,Haryana,Lalhmangaiha,T Kohli,AH Hooda,0,0,,,,,,,,,
1205810,2019/20,2019-11-15,Wankhede Stadium,1,2.1,Mizoram,Haryana,T Kohli,Lalhmangaiha,RJ Balhara,1,0,,,,,,,,,
1205810,2019/20,2019-11-15,Wankhede Stadium,1,2.2,Mizoram,Haryana,Lalhmangaiha,T Kohli,RJ Balhara,0,0,,,,,,,,,
1205810,2019/20,2019-11-15,Wankhede Stadium,1,2.3,Mizoram,Haryana,Lalhmangaiha,T Kohli,RJ Balhara,0,0,,,,,,,,,
1205810,2019/20,2019-11-15,Wankhede Stadium,1,2.4,Mizoram,Haryana,Lalhmangaiha,T Kohli,RJ Balhara,4,0,,,,,,,,,
1205810,2019/20,2019-11-15,Wankhede Stadium,1,2.5,Mizoram,Haryana,Lalhmangaiha,T Kohli,RJ Balhara,4,0,,,,,,,,,
1205810,2019/20,2019-11-15,Wankhede Stadium,1,2.6,Mizoram,Haryana,Lalhmangaiha,T Kohli,RJ Balhara,0,0,,,,,,,,,
1205810,2019/20,2019-11-15,Wankhede Stadium,1,3.1,Mizoram,Haryana,T Kohli,Lalhmangaiha,AH Hooda,0,0,,,,,,,,,
1205810,2019/20,2019-11-15,Wankhede Stadium,1,3.2,Mizoram,Haryana,T Kohli,Lalhmangaiha,AH Hooda,1,0,,,,,,,,,
1205810,2019/20,2019-11-15,Wankhede Stadium,1,3.3,Mizoram,Haryana,Lalhmangaiha,T Kohli,AH Hooda,0,0,,,,,,,,,
1205810,2019/20,2019-11-15,Wankhede Stadium,1,3.4,Mizoram,Haryana,Lalhmangaiha,T Kohli,AH Hooda,1,0,,,,,,,,,
1205810,2019/20,2019-11-15,Wankhede Stadium,1,3.5,Mizoram,Haryana,T Kohli,Lalhmangaiha,AH Hooda,0,0,,,,,,,,,
1205810,2019/20,2019-11-15,Wankhede Stadium,1,3.6,Mizoram,Haryana,T Kohli,Lalhmangaiha,AH Hooda,0,0,,,,,,,,,
1205810,2019/20,2019-11-15,Wankhede Stadium,1,4.1,Mizoram,Haryana,Lalhmangaiha,T Kohli,RJ Balhara,0,0,,,,,,,,,
1205810,2019/20,2019-11-15,Wankhede Stadium,1,4.2,Mizoram,Haryana,Lalhmangaiha,T Kohli,RJ Balhara,4,0,,,,,,,,,
1205810,2019/20,2019-11-15,Wankhede Stadium,1,4.3,Mizoram,Haryana,Lalhmangaiha,T Kohli,RJ Balhara,4,0,,,,,,,,,
1205810,2019/20,2019-11-15,Wankhede Stadium,1,4.4,Mizoram,Haryana,Lalhmangaiha,T Kohli,RJ Balhara,0,0,,,,,,,,,
1205810,2019/20,2019-11-15,Wankhede Stadium,1,4.5,Mizoram,Haryana,Lalhmangaiha,T Kohli,RJ Balhara,0,0,,,,,,,,,
1205810,2019/20,2019-11-15,Wankhede Stadium,1,4.6,Mizoram,Haryana,Lalhmangaiha,T Kohli,RJ Balhara,0,0,,,,,,,,,
1205810,2019/20,2019-11-15,Wankhede Stadium,1,5.1,Mizoram,Haryana,T Kohli,Lalhmangaiha,Sumit Kumar,1,0,,,,,,,,,
1205810,2019/20,2019-11-15,Wankhede Stadium,1,5.2,Mizoram,Haryana,Lalhmangaiha,T Kohli,Sumit Kumar,0,0,,,,,,,,,
1205810,2019/20,2019-11-15,Wankhede Stadium,1,5.3,Mizoram,Haryana,Lalhmangaiha,T Kohli,Sumit Kumar,0,0,,,,,,,,,
1205810,2019/20,2019-11-15,Wankhede Stadium,1,5.4,Mizoram,Haryana,Lalhmangaiha,T Kohli,Sumit Kumar,0,0,,,,,,,,,
1205810,2019/20,2019-11-15,Wankhede Stadium,1,5.5,Mizoram,Haryana,Lalhmangaiha,T Kohli,Sumit Kumar,1,0,,,,,,,,,
1205810,2019/20,2019-11-15,Wankhede Stadium,1,5.6,Mizoram,Haryana,T Kohli,Lalhmangaiha,Sumit Kumar,0,0,,,,,,,,,
1205810,2019/20,2019-11-15,Wankhede Stadium,1,6.1,Mizoram,Haryana,Lalhmangaiha,T Kohli,YS Chahal,0,0,,,,,,,,,
1205810,2019/20,2019-11-15,Wankhede Stadium,1,6.2,Mizoram,Haryana,Lalhmangaiha,T Kohli,YS Chahal,1,0,,,,,,,,,
1205810,2019/20,2019-11-15,Wankhede Stadium,1,6.3,Mizoram,Haryana,T Kohli,Lalhmangaiha,YS Chahal,1,0,,,,,,,,,
1205810,2019/20,2019-11-15,Wankhede Stadium,1,6.4,Mizoram,Haryana,Lalhmangaiha,T Kohli,YS Chahal,1,0,,,,,,,,,
1205810,2019/20,2019-11-15,Wankhede Stadium,1,6.5,Mizoram,Haryana,T Kohli,Lalhmangaiha,YS Chahal,1,0,,,,,,,,,
1205810,2019/20,2019-11-15,Wankhede Stadium,1,6.6,Mizoram,Haryana,Lalhmangaiha,T Kohli,YS Chahal,0,0,,,,,,,,,
1205810,2019/20,2019-11-15,Wankhede Stadium,1,7.1,Mizoram,Haryana,T Kohli,Lalhmangaiha,J Yadav,1,0,,,,,,,,,
1205810,2019/20,2019-11-15,Wankhede Stadium,1,7.2,Mizoram,Haryana,Lalhmangaiha,T Kohli,J Yadav,1,0,,,,,,,,,
1205810,2019/20,2019-11-15,Wankhede Stadium,1,7.3,Mizoram,Haryana,T Kohli,Lalhmangaiha,J Yadav,1,0,,,,,,,,,
1205810,2019/20,2019-11-15,Wankhede Stadium,1,7.4,Mizoram,Haryana,Lalhmangaiha,T Kohli,J Yadav,0,0,,,,,,,,,
1205810,2019/20,2019-11-15,Wankhede Stadium,1,7.5,Mizoram,Haryana,Lalhmangaiha,T Kohli,J Yadav,0,0,,,,,,stumped,Lalhmangaiha,,
1205810,2019/20,2019-11-15,Wankhede Stadium,1,7.6,Mizoram,Haryana,KB Pawan,T Kohli,J Yadav,1,0,,,,,,,,,
1205810,2019/20,2019-11-15,Wankhede Stadium,1,8.1,Mizoram,Haryana,KB Pawan,T Kohli,YS Chahal,0,0,,,,,,,,,
1205810,2019/20,2019-11-15,Wankhede Stadium,1,8.2,Mizoram,Haryana,KB Pawan,T Kohli,YS Chahal,0,0,,,,,,,,,
1205810,2019/20,2019-11-15,Wankhede Stadium,1,8.3,Mizoram,Haryana,KB Pawan,T Kohli,YS Chahal,4,0,,,,,,,,,
1205810,2019/20,2019-11-15,Wankhede Stadium,1,8.4,Mizoram,Haryana,KB Pawan,T Kohli,YS Chahal,0,0,,,,,,,,,
1205810,2019/20,2019-11-15,Wankhede Stadium,1,8.5,Mizoram,Haryana,KB Pawan,T Kohli,YS Chahal,1,0,,,,,,,,,
1205810,2019/20,2019-11-15,Wankhede Stadium,1,8.6,Mizoram,Haryana,T Kohli,KB Pawan,YS Chahal,0,0,,,,,,,,,
1205810,2019/20,2019-11-15,Wankhede Stadium,1,9.1,Mizoram,Haryana,KB Pawan,T Kohli,J Yadav,0,0,,,,,,,,,
1205810,2019/20,2019-11-15,Wankhede Stadium,1,9.2,Mizoram,Haryana,KB Pawan,T Kohli,J Yadav,0,0,,,,,,,,,
1205810,2019/20,2019-11-15,Wankhede Stadium,1,9.3,Mizoram,Haryana,KB Pawan,T Kohli,J Yadav,0,0,,,,,,,,,
1205810,2019/20,2019-11-15,Wankhede Stadium,1,9.4,Mizoram,Haryana,KB Pawan,T Kohli,J Yadav,0,0,,,,,,,,,
1205810,2019/20,2019-11-15,Wankhede Stadium,1,9.5,Mizoram,Haryana,KB Pawan,T Kohli,J Yadav,1,0,,,,,,,,,
1205810,2019/20,2019-11-15,Wankhede Stadium,1,9.6,Mizoram,Haryana,T Kohli,KB Pawan,J Yadav,2,0,,,,,,,,,
1205810,2019/20,2019-11-15,Wankhede Stadium,1,10.1,Mizoram,Haryana,KB Pawan,T Kohli,A Mishra,1,0,,,,,,,,,
1205810,2019/20,2019-11-15,Wankhede Stadium,1,10.2,Mizoram,Haryana,T Kohli,KB Pawan,A Mishra,1,0,,,,,,,,,
1205810,2019/20,2019-11-15,Wankhede Stadium,1,10.3,Mizoram,Haryana,KB Pawan,T Kohli,A Mishra,0,0,,,,,,,,,
1205810,2019/20,2019-11-15,Wankhede Stadium,1,10.4,Mizoram,Haryana,KB Pawan,T Kohli,A Mishra,1,0,,,,,,,,,
1205810,2019/20,2019-11-15,Wankhede Stadium,1,10.5,Mizoram,Haryana,T Kohli,KB Pawan,A Mishra,0,0,,,,,,,,,
1205810,2019/20,2019-11-15,Wankhede Stadium,1,10.6,Mizoram,Haryana,T Kohli,KB Pawan,A Mishra,0,0,,,,,,,,,
1205810,2019/20,2019-11-15,Wankhede Stadium,1,11.1,Mizoram,Haryana,KB Pawan,T Kohli,J Yadav,2,0,,,,,,,,,
1205810,2019/20,2019-11-15,Wankhede Stadium,1,11.2,Mizoram,Haryana,KB Pawan,T Kohli,J Yadav,0,0,,,,,,,,,
1205810,2019/20,2019-11-15,Wankhede Stadium,1,11.3,Mizoram,Haryana,KB Pawan,T Kohli,J Yadav,1,0,,,,,,,,,
1205810,2019/20,2019-11-15,Wankhede Stadium,1,11.4,Mizoram,Haryana,T Kohli,KB Pawan,J Yadav,4,0,,,,,,,,,
1205810,2019/20,2019-11-15,Wankhede Stadium,1,11.5,Mizoram,Haryana,T Kohli,KB Pawan,J Yadav,1,0,,,,,,,,,
1205810,2019/20,2019-11-15,Wankhede Stadium,1,11.6,Mizoram,Haryana,KB Pawan,T Kohli,J Yadav,1,0,,,,,,,,,
1205810,2019/20,2019-11-15,Wankhede Stadium,1,12.1,Mizoram,Haryana,KB Pawan,T Kohli,A Mishra,0,0,,,,,,,,,
1205810,2019/20,2019-11-15,Wankhede Stadium,1,12.2,Mizoram,Haryana,KB Pawan,T Kohli,A Mishra,1,0,,,,,,,,,
1205810,2019/20,2019-11-15,Wankhede Stadium,1,12.3,Mizoram,Haryana,T Kohli,KB Pawan,A Mishra,1,0,,,,,,,,,
1205810,2019/20,2019-11-15,Wankhede Stadium,1,12.4,Mizoram,Haryana,KB Pawan,T Kohli,A Mishra,1,0,,,,,,,,,
1205810,2019/20,2019-11-15,Wankhede Stadium,1,12.5,Mizoram,Haryana,T Kohli,KB Pawan,A Mishra,1,0,,,,,,,,,
1205810,2019/20,2019-11-15,Wankhede Stadium,1,12.6,Mizoram,Haryana,KB Pawan,T Kohli,A Mishra,1,0,,,,,,,,,
1205810,2019/20,2019-11-15,Wankhede Stadium,1,13.1,Mizoram,Haryana,KB Pawan,T Kohli,YS Chahal,1,0,,,,,,,,,
1205810,2019/20,2019-11-15,Wankhede Stadium,1,13.2,Mizoram,Haryana,T Kohli,KB Pawan,YS Chahal,0,0,,,,,,caught,T Kohli,,
1205810,2019/20,2019-11-15,Wankhede Stadium,1,13.3,Mizoram,Haryana,KB Pawan,Lalhruaizela,YS Chahal,1,0,,,,,,,,,
1205810,2019/20,2019-11-15,Wankhede Stadium,1,13.4,Mizoram,Haryana,Lalhruaizela,KB Pawan,YS Chahal,0,0,,,,,,,,,
1205810,2019/20,2019-11-15,Wankhede Stadium,1,13.5,Mizoram,Haryana,Lalhruaizela,KB Pawan,YS Chahal,0,0,,,,,,,,,
1205810,2019/20,2019-11-15,Wankhede Stadium,1,13.6,Mizoram,Haryana,Lalhruaizela,KB Pawan,YS Chahal,0,0,,,,,,,,,
1205810,2019/20,2019-11-15,Wankhede Stadium,1,14.1,Mizoram,Haryana,KB Pawan,Lalhruaizela,A Mishra,0,0,,,,,,,,,
1205810,2019/20,2019-11-15,Wankhede Stadium,1,14.2,Mizoram,Haryana,KB Pawan,Lalhruaizela,A Mishra,0,1,1,,,,,,,,
1205810,2019/20,2019-11-15,Wankhede Stadium,1,14.3,Mizoram,Haryana,KB Pawan,Lalhruaizela,A Mishra,1,0,,,,,,,,,
1205810,2019/20,2019-11-15,Wankhede Stadium,1,14.4,Mizoram,Haryana,Lalhruaizela,KB Pawan,A Mishra,1,0,,,,,,,,,
1205810,2019/20,2019-11-15,Wankhede Stadium,1,14.5,Mizoram,Haryana,KB Pawan,Lalhruaizela,A Mishra,1,0,,,,,,,,,
1205810,2019/20,2019-11-15,Wankhede Stadium,1,14.6,Mizoram,Haryana,Lalhruaizela,KB Pawan,A Mishra,1,0,,,,,,,,,
1205810,2019/20,2019-11-15,Wankhede Stadium,1,14.7,Mizoram,Haryana,KB Pawan,Lalhruaizela,A Mishra,1,0,,,,,,,,,
1205810,2019/20,2019-11-15,Wankhede Stadium,1,15.1,Mizoram,Haryana,KB Pawan,Lalhruaizela,YS Chahal,1,0,,,,,,,,,
1205810,2019/20,2019-11-15,Wankhede Stadium,1,15.2,Mizoram,Haryana,Lalhruaizela,KB Pawan,YS Chahal,0,0,,,,,,,,,
1205810,2019/20,2019-11-15,Wankhede Stadium,1,15.3,Mizoram,Haryana,Lalhruaizela,KB Pawan,YS Chahal,1,0,,,,,,,,,
1205810,2019/20,2019-11-15,Wankhede Stadium,1,15.4,Mizoram,Haryana,KB Pawan,Lalhruaizela,YS Chahal,1,0,,,,,,,,,
1205810,2019/20,2019-11-15,Wankhede Stadium,1,15.5,Mizoram,Haryana,Lalhruaizela,KB Pawan,YS Chahal,1,0,,,,,,,,,
1205810,2019/20,2019-11-15,Wankhede Stadium,1,15.6,Mizoram,Haryana,KB Pawan,Lalhruaizela,YS Chahal,2,0,,,,,,,,,
1205810,2019/20,2019-11-15,Wankhede Stadium,1,16.1,Mizoram,Haryana,Lalhruaizela,KB Pawan,A Mishra,0,0,,,,,,,,,
1205810,2019/20,2019-11-15,Wankhede Stadium,1,16.2,Mizoram,Haryana,Lalhruaizela,KB Pawan,A Mishra,1,0,,,,,,,,,
1205810,2019/20,2019-11-15,Wankhede Stadium,1,16.3,Mizoram,Haryana,KB Pawan,Lalhruaizela,A Mishra,1,0,,,,,,,,,
1205810,2019/20,2019-11-15,Wankhede Stadium,1,16.4,Mizoram,Haryana,Lalhruaizela,KB Pawan,A Mishra,0,0,,,,,,,,,
1205810,2019/20,2019-11-15,Wankhede Stadium,1,16.5,Mizoram,Haryana,Lalhruaizela,KB Pawan,A Mishra,0,0,,,,,,,,,
1205810,2019/20,2019-11-15,Wankhede Stadium,1,16.6,Mizoram,Haryana,Lalhruaizela,KB Pawan,A Mishra,0,0,,,,,,,,,
1205810,2019/20,2019-11-15,Wankhede Stadium,1,17.1,Mizoram,Haryana,KB Pawan,Lalhruaizela,J Yadav,1,0,,,,,,,,,
1205810,2019/20,2019-11-15,Wankhede Stadium,1,17.2,Mizoram,Haryana,Lalhruaizela,KB Pawan,J Yadav,0,0,,,,,,,,,
1205810,2019/20,2019-11-15,Wankhede Stadium,1,17.3,Mizoram,Haryana,Lalhruaizela,KB Pawan,J Yadav,0,0,,,,,,,,,
1205810,2019/20,2019-11-15,Wankhede Stadium,1,17.4,Mizoram,Haryana,Lalhruaizela,KB Pawan,J Yadav,1,0,,,,,,,,,
1205810,2019/20,2019-11-15,Wankhede Stadium,1,17.5,Mizoram,Haryana,KB Pawan,Lalhruaizela,J Yadav,1,0,,,,,,,,,
1205810,2019/20,2019-11-15,Wankhede Stadium,1,17.6,Mizoram,Haryana,Lalhruaizela,KB Pawan,J Yadav,1,0,,,,,,,,,
1205810,2019/20,2019-11-15,Wankhede Stadium,1,18.1,Mizoram,Haryana,Lalhruaizela,KB Pawan,HV Patel,0,0,,,,,,,,,
1205810,2019/20,2019-11-15,Wankhede Stadium,1,18.2,Mizoram,Haryana,Lalhruaizela,KB Pawan,HV Patel,0,0,,,,,,run out,Lalhruaizela,,
1205810,2019/20,2019-11-15,Wankhede Stadium,1,18.3,Mizoram,Haryana,KB Pawan,Saidingliana Sailo,HV Patel,4,0,,,,,,,,,
1205810,2019/20,2019-11-15,Wankhede Stadium,1,18.4,Mizoram,Haryana,KB Pawan,Saidingliana Sailo,HV Patel,0,0,,,,,,,,,
1205810,2019/20,2019-11-15,Wankhede Stadium,1,18.5,Mizoram,Haryana,KB Pawan,Saidingliana Sailo,HV Patel,0,0,,,,,,,,,
1205810,2019/20,2019-11-15,Wankhede Stadium,1,18.6,Mizoram,Haryana,KB Pawan,Saidingliana Sailo,HV Patel,0,0,,,,,,bowled,KB Pawan,,
1205810,2019/20,2019-11-15,Wankhede Stadium,1,19.1,Mizoram,Haryana,Saidingliana Sailo,Parvez Ahmed,AH Hooda,0,0,,,,,,,,,
1205810,2019/20,2019-11-15,Wankhede Stadium,1,19.2,Mizoram,Haryana,Saidingliana Sailo,Parvez Ahmed,AH Hooda,1,0,,,,,,,,,
1205810,2019/20,2019-11-15,Wankhede Stadium,1,19.3,Mizoram,Haryana,Parvez Ahmed,Saidingliana Sailo,AH Hooda,1,0,,,,,,,,,
1205810,2019/20,2019-11-15,Wankhede Stadium,1,19.4,Mizoram,Haryana,Saidingliana Sailo,Parvez Ahmed,AH Hooda,1,0,,,,,,,,,
1205810,2019/20,2019-11-15,Wankhede Stadium,1,19.5,Mizoram,Haryana,Parvez Ahmed,Saidingliana Sailo,AH Hooda,2,0,,,,,,,,,
1205810,2019/20,2019-11-15,Wankhede Stadium,1,19.6,Mizoram,Haryana,Parvez Ahmed,Saidingliana Sailo,AH Hooda,1,0,,,,,,run out,Parvez Ahmed,,
1205810,2019/20,2019-11-15,Wankhede Stadium,2,0.1,Haryana,Mizoram,Chaitanya Bishnoi,HV Patel,Lalhruai Ralte,0,0,,,,,,,,,
1205810,2019/20,2019-11-15,Wankhede Stadium,2,0.2,Haryana,Mizoram,Chaitanya Bishnoi,HV Patel,Lalhruai Ralte,1,0,,,,,,,,,
1205810,2019/20,2019-11-15,Wankhede Stadium,2,0.3,Haryana,Mizoram,HV Patel,Chaitanya Bishnoi,Lalhruai Ralte,0,0,,,,,,,,,
1205810,2019/20,2019-11-15,Wankhede Stadium,2,0.4,Haryana,Mizoram,HV Patel,Chaitanya Bishnoi,Lalhruai Ralte,6,0,,,,,,,,,
1205810,2019/20,2019-11-15,Wankhede Stadium,2,0.5,Haryana,Mizoram,HV Patel,Chaitanya Bishnoi,Lalhruai Ralte,4,0,,,,,,,,,
1205810,2019/20,2019-11-15,Wankhede Stadium,2,0.6,Haryana,Mizoram,HV Patel,Chaitanya Bishnoi,Lalhruai Ralte,0,0,,,,,,,,,
1205810,2019/20,2019-11-15,Wankhede Stadium,2,1.1,Haryana,Mizoram,Chaitanya Bishnoi,HV Patel,Sumit Lama,1,0,,,,,,,,,
1205810,2019/20,2019-11-15,Wankhede Stadium,2,1.2,Haryana,Mizoram,HV Patel,Chaitanya Bishnoi,Sumit Lama,4,0,,,,,,,,,
1205810,2019/20,2019-11-15,Wankhede Stadium,2,1.3,Haryana,Mizoram,HV Patel,Chaitanya Bishnoi,Sumit Lama,4,0,,,,,,,,,
1205810,2019/20,2019-11-15,Wankhede Stadium,2,1.4,Haryana,Mizoram,HV Patel,Chaitanya Bishnoi,Sumit Lama,0,0,,,,,,,,,
1205810,2019/20,2019-11-15,Wankhede Stadium,2,1.5,Haryana,Mizoram,HV Patel,Chaitanya Bishnoi,Sumit Lama,4,0,,,,,,,,,
1205810,2019/20,2019-11-15,Wankhede Stadium,2,1.6,Haryana,Mizoram,HV Patel,Chaitanya Bishnoi,Sumit Lama,4,0,,,,,,,,,
1205810,2019/20,2019-11-15,Wankhede Stadium,2,2.1,Haryana,Mizoram,Chaitanya Bishnoi,HV Patel,Lalhruai Ralte,0,0,,,,,,,,,
1205810,2019/20,2019-11-15,Wankhede Stadium,2,2.2,Haryana,Mizoram,Chaitanya Bishnoi,HV Patel,Lalhruai Ralte,0,1,1,,,,,,,,
1205810,2019/20,2019-11-15,Wankhede Stadium,2,2.3,Haryana,Mizoram,Chaitanya Bishnoi,HV Patel,Lalhruai Ralte,1,0,,,,,,,,,
1205810,2019/20,2019-11-15,Wankhede Stadium,2,2.4,Haryana,Mizoram,HV Patel,Chaitanya Bishnoi,Lalhruai Ralte,0,0,,,,,,,,,
1205810,2019/20,2019-11-15,Wankhede Stadium,2,2.5,Haryana,Mizoram,HV Patel,Chaitanya Bishnoi,Lalhruai Ralte,0,0,,,,,,,,,
1205810,2019/20,2019-11-15,Wankhede Stadium,2,2.6,Haryana,Mizoram,HV Patel,Chaitanya Bishnoi,Lalhruai Ralte,6,0,,,,,,,,,
1205810,2019/20,2019-11-15,Wankhede Stadium,2,2.7,Haryana,Mizoram,HV Patel,Chaitanya Bishnoi,Lalhruai Ralte,6,0,,,,,,,,,
1205810,2019/20,2019-11-15,Wankhede Stadium,2,3.1,Haryana,Mizoram,Chaitanya Bishnoi,HV Patel,Lalnunkima Varte,4,0,,,,,,,,,
1205810,2019/20,2019-11-15,Wankhede Stadium,2,3.2,Haryana,Mizoram,Chaitanya Bishnoi,HV Patel,Lalnunkima Varte,2,0,,,,,,,,,
1205810,2019/20,2019-11-15,Wankhede Stadium,2,3.3,Haryana,Mizoram,Chaitanya Bishnoi,HV Patel,Lalnunkima Varte,1,0,,,,,,,,,
1205810,2019/20,2019-11-15,Wankhede Stadium,2,3.4,Haryana,Mizoram,HV Patel,Chaitanya Bishnoi,Lalnunkima Varte,0,0,,,,,,,,,
1205810,2019/20,2019-11-15,Wankhede Stadium,2,3.5,Haryana,Mizoram,HV Patel,Chaitanya Bishnoi,Lalnunkima Varte,1,0,,,,,,,,,
1205810,2019/20,2019-11-15,Wankhede Stadium,2,3.6,Haryana,Mizoram,Chaitanya Bishnoi,HV Patel,Lalnunkima Varte,0,0,,,,,,,,,
1205810,2019/20,2019-11-15,Wankhede Stadium,2,4.1,Haryana,Mizoram,HV Patel,Chaitanya Bishnoi,Lalhruaizela,0,0,,,,,,caught,HV Patel,,
1205810,2019/20,2019-11-15,Wankhede Stadium,2,4.2,Haryana,Mizoram,GA Singh,Chaitanya Bishnoi,Lalhruaizela,1,0,,,,,,,,,
1205810,2019/20,2019-11-15,Wankhede Stadium,2,4.3,Haryana,Mizoram,Chaitanya Bishnoi,GA Singh,Lalhruaizela,4,0,,,,,,,,,
1205810,2019/20,2019-11-15,Wankhede Stadium,2,4.4,Haryana,Mizoram,Chaitanya Bishnoi,GA Singh,Lalhruaizela,1,0,,,,,,,,,
1205810,2019/20,2019-11-15,Wankhede Stadium,2,4.5,Haryana,Mizoram,GA Singh,Chaitanya Bishnoi,Lalhruaizela,0,0,,,,,,caught and bowled,GA Singh,,
1205810,2019/20,2019-11-15,Wankhede Stadium,2,4.6,Haryana,Mizoram,PS Kumar,Chaitanya Bishnoi,Lalhruaizela,0,0,,,,,,,,,
1205810,2019/20,2019-11-15,Wankhede Stadium,2,5.1,Haryana,Mizoram,Chaitanya Bishnoi,PS Kumar,Lalnunkima Varte,0,0,,,,,,,,,
1205810,2019/20,2019-11-15,Wankhede Stadium,2,5.2,Haryana,Mizoram,Chaitanya Bishnoi,PS Kumar,Lalnunkima Varte,0,0,,,,,,,,,
1205810,2019/20,2019-11-15,Wankhede Stadium,2,5.3,Haryana,Mizoram,Chaitanya Bishnoi,PS Kumar,Lalnunkima Varte,2,0,,,,,,,,,
1205810,2019/20,2019-11-15,Wankhede Stadium,2,5.4,Haryana,Mizoram,Chaitanya Bishnoi,PS Kumar,Lalnunkima Varte,4,0,,,,,,,,,
1205810,2019/20,2019-11-15,Wankhede Stadium,2,5.5,Haryana,Mizoram,Chaitanya Bishnoi,PS Kumar,Lalnunkima Varte,1,0,,,,,,,,,
1205810,2019/20,2019-11-15,Wankhede Stadium,2,5.6,Haryana,Mizoram,PS Kumar,Chaitanya Bishnoi,Lalnunkima Varte,0,0,,,,,,,,,
1205810,2019/20,2019-11-15,Wankhede Stadium,2,6.1,Haryana,Mizoram,Chaitanya Bishnoi,PS Kumar,Lalhruaizela,1,0,,,,,,,,,
1205810,2019/20,2019-11-15,Wankhede Stadium,2,6.2,Haryana,Mizoram,PS Kumar,Chaitanya Bishnoi,Lalhruaizela,2,0,,,,,,,,,
1205810,2019/20,2019-11-15,Wankhede Stadium,2,6.3,Haryana,Mizoram,PS Kumar,Chaitanya Bishnoi,Lalhruaizela,4,0,,,,,,,,,
1205810,2019/20,2019-11-15,Wankhede Stadium,2,6.4,Haryana,Mizoram,PS Kumar,Chaitanya Bishnoi,Lalhruaizela,1,0,,,,,,,,,
1205810,2019/20,2019-11-15,Wankhede Stadium,2,6.5,Haryana,Mizoram,Chaitanya Bishnoi,PS Kumar,Lalhruaizela,1,0,,,,,,,,,
1205810,2019/20,2019-11-15,Wankhede Stadium,2,6.6,Haryana,Mizoram,PS Kumar,Chaitanya Bishnoi,Lalhruaizela,1,0,,,,,,,,,
1205810,2019/20,2019-11-15,Wankhede Stadium,2,7.1,Haryana,Mizoram,PS Kumar,Chaitanya Bishnoi,Lalhmangaiha,1,0,,,,,,,,,
1205810,2019/20,2019-11-15,Wankhede Stadium,2,7.2,Haryana,Mizoram,Chaitanya Bishnoi,PS Kumar,Lalhmangaiha,1,0,,,,,,,,,
1205810,2019/20,2019-11-15,Wankhede Stadium,2,7.3,Haryana,Mizoram,PS Kumar,Chaitanya Bishnoi,Lalhmangaiha,1,0,,,,,,,,,
1205810,2019/20,2019-11-15,Wankhede Stadium,2,7.4,Haryana,Mizoram,Chaitanya Bishnoi,PS Kumar,Lalhmangaiha,1,0,,,,,,,,,
1205810,2019/20,2019-11-15,Wankhede Stadium,2,7.5,Haryana,Mizoram,PS Kumar,Chaitanya Bishnoi,Lalhmangaiha,1,0,,,,,,,,,
1205810,2019/20,2019-11-15,Wankhede Stadium,2,7.6,Haryana,Mizoram,Chaitanya Bishnoi,PS Kumar,Lalhmangaiha,2,0,,,,,,,,,
1205810,2019/20,2019-11-15,Wankhede Stadium,2,8.1,Haryana,Mizoram,PS Kumar,Chaitanya Bishnoi,Lalhruaizela,1,0,,,,,,,,,
1205810,2019/20,2019-11-15,Wankhede Stadium,2,8.2,Haryana,Mizoram,Chaitanya Bishnoi,PS Kumar,Lalhruaizela,4,0,,,,,,,,,
1205810,2019/20,2019-11-15,Wankhede Stadium,2,8.3,Haryana,Mizoram,Chaitanya Bishnoi,PS Kumar,Lalhruaizela,4,0,,,,,,,,,
1205810,2019/20,2019-11-15,Wankhede Stadium,2,8.4,Haryana,Mizoram,Chaitanya Bishnoi,PS Kumar,Lalhruaizela,1,0,,,,,,,,,
1205810,2019/20,2019-11-15,Wankhede Stadium,2,8.5,Haryana,Mizoram,PS Kumar,Chaitanya Bishnoi,Lalhruaizela,0,0,,,,,,,,,
1205810,2019/20,2019-11-15,Wankhede Stadium,2,8.6,Haryana,Mizoram,PS Kumar,Chaitanya Bishnoi,Lalhruaizela,0,0,,,,,,caught,PS Kumar,,
1205810,2019/20,2019-11-15,Wankhede Stadium,2,9.1,Haryana,Mizoram,Chaitanya Bishnoi,RP Sharma,Lalfakzuala Renthlei,0,0,,,,,,,,,
1205810,2019/20,2019-11-15,Wankhede Stadium,2,9.2,Haryana,Mizoram,Chaitanya Bishnoi,RP Sharma,Lalfakzuala Renthlei,1,0,,,,,,,,,
1205810,2019/20,2019-11-15,Wankhede Stadium,2,9.3,Haryana,Mizoram,RP Sharma,Chaitanya Bishnoi,Lalfakzuala Renthlei,0,1,1,,,,,,,,
1205810,2019/20,2019-11-15,Wankhede Stadium,2,9.4,Haryana,Mizoram,RP Sharma,Chaitanya Bishnoi,Lalfakzuala Renthlei,1,0,,,,,,,,,
1205810,2019/20,2019-11-15,Wankhede Stadium,2,9.5,Haryana,Mizoram,Chaitanya Bishnoi,RP Sharma,Lalfakzuala Renthlei,4,0,,,,,,,,,
