match_id,season,start_date,venue,innings,ball,batting_team,bowling_team,striker,non_striker,bowler,runs_off_bat,extras,wides,noballs,byes,legbyes,penalty,wicket_type,player_dismissed,other_wicket_type,other_player_dismissed
1205806,2019/20,2019-11-15,Greenfield Stadium,1,0.1,Kerala,Rajasthan,Vishnu Vinod,Jalaj S Saxena,Tanveer Ul-Haq,0,0,,,,,,,,,
1205806,2019/20,2019-11-15,Greenfield Stadium,1,0.2,Kerala,Rajasthan,Vishnu Vinod,Jalaj S Saxena,Tanveer Ul-Haq,1,0,,,,,,,,,
1205806,2019/20,2019-11-15,Greenfield Stadium,1,0.3,Kerala,Rajasthan,Jalaj S Saxena,Vishnu Vinod,Tanveer Ul-Haq,1,0,,,,,,,,,
1205806,2019/20,2019-11-15,Greenfield Stadium,1,0.4,Kerala,Rajasthan,Vishnu Vinod,Jalaj S Saxena,Tanveer Ul-Haq,1,0,,,,,,,,,
1205806,2019/20,2019-11-15,Greenfield Stadium,1,0.5,Kerala,Rajasthan,Jalaj S Saxena,Vishnu Vinod,Tanveer Ul-Haq,1,0,,,,,,,,,
1205806,2019/20,2019-11-15,Greenfield Stadium,1,0.6,Kerala,Rajasthan,Vishnu Vinod,Jalaj S Saxena,Tanveer Ul-Haq,0,0,,,,,,,,,
1205806,2019/20,2019-11-15,Greenfield Stadium,1,1.1,Kerala,Rajasthan,Jalaj S Saxena,Vishnu Vinod,DL Chahar,0,1,,,,1,,,,,
1205806,2019/20,2019-11-15,Greenfield Stadium,1,1.2,Kerala,Rajasthan,Vishnu Vinod,Jalaj S Saxena,DL Chahar,0,0,,,,,,,,,
1205806,2019/20,2019-11-15,Greenfield Stadium,1,1.3,Kerala,Rajasthan,Vishnu Vinod,Jalaj S Saxena,DL Chahar,0,0,,,,,,,,,
1205806,2019/20,2019-11-15,Greenfield Stadium,1,1.4,Kerala,Rajasthan,Vishnu Vinod,Jalaj S Saxena,DL Chahar,4,0,,,,,,,,,
1205806,2019/20,2019-11-15,Greenfield Stadium,1,1.5,Kerala,Rajasthan,Vishnu Vinod,Jalaj S Saxena,DL Chahar,1,0,,,,,,,,,
1205806,2019/20,2019-11-15,Greenfield Stadium,1,1.6,Kerala,Rajasthan,Jalaj S Saxena,Vishnu Vinod,DL Chahar,0,0,,,,,,,,,
1205806,2019/20,2019-11-15,Greenfield Stadium,1,2.1,Kerala,Rajasthan,Vishnu Vinod,Jalaj S Saxena,Tanveer Ul-Haq,4,0,,,,,,,,,
1205806,2019/20,2019-11-15,Greenfield Stadium,1,2.2,Kerala,Rajasthan,Vishnu Vinod,Jalaj S Saxena,Tanveer Ul-Haq,1,0,,,,,,,,,
1205806,2019/20,2019-11-15,Greenfield Stadium,1,2.3,Kerala,Rajasthan,Jalaj S Saxena,Vishnu Vinod,Tanveer Ul-Haq,1,0,,,,,,,,,
1205806,2019/20,2019-11-15,Greenfield Stadium,1,2.4,Kerala,Rajasthan,Vishnu Vinod,Jalaj S Saxena,Tanveer Ul-Haq,1,0,,,,,,,,,
1205806,2019/20,2019-11-15,Greenfield Stadium,1,2.5,Kerala,Rajasthan,Jalaj S Saxena,Vishnu Vinod,Tanveer Ul-Haq,4,0,,,,,,,,,
1205806,2019/20,2019-11-15,Greenfield Stadium,1,2.6,Kerala,Rajasthan,Jalaj S Saxena,Vishnu Vinod,Tanveer Ul-Haq,4,0,,,,,,,,,
1205806,2019/20,2019-11-15,Greenfield Stadium,1,3.1,Kerala,Rajasthan,Vishnu Vinod,Jalaj S Saxena,DL Chahar,0,0,,,,,,,,,
1205806,2019/20,2019-11-15,Greenfield Stadium,1,3.2,Kerala,Rajasthan,Vishnu Vinod,Jalaj S Saxena,DL Chahar,1,0,,,,,,,,,
1205806,2019/20,2019-11-15,Greenfield Stadium,1,3.3,Kerala,Rajasthan,Jalaj S Saxena,Vishnu Vinod,DL Chahar,0,0,,,,,,,,,
1205806,2019/20,2019-11-15,Greenfield Stadium,1,3.4,Kerala,Rajasthan,Jalaj S Saxena,Vishnu Vinod,DL Chahar,0,0,,,,,,caught,Jalaj S Saxena,,
1205806,2019/20,2019-11-15,Greenfield Stadium,1,3.5,Kerala,Rajasthan,SV Samson,Vishnu Vinod,DL Chahar,1,0,,,,,,,,,
1205806,2019/20,2019-11-15,Greenfield Stadium,1,3.6,Kerala,Rajasthan,Vishnu Vinod,SV Samson,DL Chahar,0,0,,,,,,,,,
1205806,2019/20,2019-11-15,Greenfield Stadium,1,4.1,Kerala,Rajasthan,SV Samson,Vishnu Vinod,RD Chahar,6,0,,,,,,,,,
1205806,2019/20,2019-11-15,Greenfield Stadium,1,4.2,Kerala,Rajasthan,SV Samson,Vishnu Vinod,RD Chahar,0,0,,,,,,,,,
1205806,2019/20,2019-11-15,Greenfield Stadium,1,4.3,Kerala,Rajasthan,SV Samson,Vishnu Vinod,RD Chahar,4,0,,,,,,,,,
1205806,2019/20,2019-11-15,Greenfield Stadium,1,4.4,Kerala,Rajasthan,SV Samson,Vishnu Vinod,RD Chahar,2,0,,,,,,,,,
1205806,2019/20,2019-11-15,Greenfield Stadium,1,4.5,Kerala,Rajasthan,SV Samson,Vishnu Vinod,RD Chahar,1,0,,,,,,,,,
1205806,2019/20,2019-11-15,Greenfield Stadium,1,4.6,Kerala,Rajasthan,Vishnu Vinod,SV Samson,RD Chahar,1,0,,,,,,,,,
1205806,2019/20,2019-11-15,Greenfield Stadium,1,5.1,Kerala,Rajasthan,Vishnu Vinod,SV Samson,KK Ahmed,1,0,,,,,,,,,
1205806,2019/20,2019-11-15,Greenfield Stadium,1,5.2,Kerala,Rajasthan,SV Samson,Vishnu Vinod,KK Ahmed,1,0,,,,,,,,,
1205806,2019/20,2019-11-15,Greenfield Stadium,1,5.3,Kerala,Rajasthan,Vishnu Vinod,SV Samson,KK Ahmed,0,0,,,,,,,,,
1205806,2019/20,2019-11-15,Greenfield Stadium,1,5.4,Kerala,Rajasthan,Vishnu Vinod,SV Samson,KK Ahmed,1,0,,,,,,,,,
1205806,2019/20,2019-11-15,Greenfield Stadium,1,5.5,Kerala,Rajasthan,SV Samson,Vishnu Vinod,KK Ahmed,1,0,,,,,,,,,
1205806,2019/20,2019-11-15,Greenfield Stadium,1,5.6,Kerala,Rajasthan,Vishnu Vinod,SV Samson,KK Ahmed,0,0,,,,,,,,,
1205806,2019/20,2019-11-15,Greenfield Stadium,1,6.1,Kerala,Rajasthan,SV Samson,Vishnu Vinod,RD Chahar,4,0,,,,,,,,,
1205806,2019/20,2019-11-15,Greenfield Stadium,1,6.2,Kerala,Rajasthan,SV Samson,Vishnu Vinod,RD Chahar,0,0,,,,,,,,,
1205806,2019/20,2019-11-15,Greenfield Stadium,1,6.3,Kerala,Rajasthan,SV Samson,Vishnu Vinod,RD Chahar,0,0,,,,,,,,,
1205806,2019/20,2019-11-15,Greenfield Stadium,1,6.4,Kerala,Rajasthan,SV Samson,Vishnu Vinod,RD Chahar,0,0,,,,,,,,,
1205806,2019/20,2019-11-15,Greenfield Stadium,1,6.5,Kerala,Rajasthan,SV Samson,Vishnu Vinod,RD Chahar,1,0,,,,,,,,,
1205806,2019/20,2019-11-15,Greenfield Stadium,1,6.6,Kerala,Rajasthan,Vishnu Vinod,SV Samson,RD Chahar,4,0,,,,,,,,,
1205806,2019/20,2019-11-15,Greenfield Stadium,1,7.1,Kerala,Rajasthan,SV Samson,Vishnu Vinod,CP Singh,0,0,,,,,,,,,
1205806,2019/20,2019-11-15,Greenfield Stadium,1,7.2,Kerala,Rajasthan,SV Samson,Vishnu Vinod,CP Singh,0,0,,,,,,,,,
1205806,2019/20,2019-11-15,Greenfield Stadium,1,7.3,Kerala,Rajasthan,SV Samson,Vishnu Vinod,CP Singh,1,0,,,,,,,,,
1205806,2019/20,2019-11-15,Greenfield Stadium,1,7.4,Kerala,Rajasthan,Vishnu Vinod,SV Samson,CP Singh,6,0,,,,,,,,,
1205806,2019/20,2019-11-15,Greenfield Stadium,1,7.5,Kerala,Rajasthan,Vishnu Vinod,SV Samson,CP Singh,1,0,,,,,,,,,
1205806,2019/20,2019-11-15,Greenfield Stadium,1,7.6,Kerala,Rajasthan,SV Samson,Vishnu Vinod,CP Singh,1,0,,,,,,,,,
1205806,2019/20,2019-11-15,Greenfield Stadium,1,8.1,Kerala,Rajasthan,SV Samson,Vishnu Vinod,RD Chahar,0,0,,,,,,,,,
1205806,2019/20,2019-11-15,Greenfield Stadium,1,8.2,Kerala,Rajasthan,SV Samson,Vishnu Vinod,RD Chahar,1,0,,,,,,,,,
1205806,2019/20,2019-11-15,Greenfield Stadium,1,8.3,Kerala,Rajasthan,Vishnu Vinod,SV Samson,RD Chahar,0,0,,,,,,,,,
1205806,2019/20,2019-11-15,Greenfield Stadium,1,8.4,Kerala,Rajasthan,Vishnu Vinod,SV Samson,RD Chahar,1,0,,,,,,,,,
1205806,2019/20,2019-11-15,Greenfield Stadium,1,8.5,Kerala,Rajasthan,SV Samson,Vishnu Vinod,RD Chahar,1,0,,,,,,,,,
1205806,2019/20,2019-11-15,Greenfield Stadium,1,8.6,Kerala,Rajasthan,Vishnu Vinod,SV Samson,RD Chahar,4,0,,,,,,,,,
1205806,2019/20,2019-11-15,Greenfield Stadium,1,9.1,Kerala,Rajasthan,SV Samson,Vishnu Vinod,Tanveer Ul-Haq,1,0,,,,,,,,,
1205806,2019/20,2019-11-15,Greenfield Stadium,1,9.2,Kerala,Rajasthan,Vishnu Vinod,SV Samson,Tanveer Ul-Haq,1,0,,,,,,,,,
1205806,2019/20,2019-11-15,Greenfield Stadium,1,9.3,Kerala,Rajasthan,SV Samson,Vishnu Vinod,Tanveer Ul-Haq,4,0,,,,,,,,,
1205806,2019/20,2019-11-15,Greenfield Stadium,1,9.4,Kerala,Rajasthan,SV Samson,Vishnu Vinod,Tanveer Ul-Haq,1,0,,,,,,,,,
1205806,2019/20,2019-11-15,Greenfield Stadium,1,9.5,Kerala,Rajasthan,Vishnu Vinod,SV Samson,Tanveer Ul-Haq,1,0,,,,,,,,,
1205806,2019/20,2019-11-15,Greenfield Stadium,1,9.6,Kerala,Rajasthan,SV Samson,Vishnu Vinod,Tanveer Ul-Haq,1,0,,,,,,,,,
1205806,2019/20,2019-11-15,Greenfield Stadium,1,10.1,Kerala,Rajasthan,SV Samson,Vishnu Vinod,MK Lomror,1,0,,,,,,,,,
1205806,2019/20,2019-11-15,Greenfield Stadium,1,10.2,Kerala,Rajasthan,Vishnu Vinod,SV Samson,MK Lomror,0,1,1,,,,,,,,
1205806,2019/20,2019-11-15,Greenfield Stadium,1,10.3,Kerala,Rajasthan,Vishnu Vinod,SV Samson,MK Lomror,1,0,,,,,,,,,
1205806,2019/20,2019-11-15,Greenfield Stadium,1,10.4,Kerala,Rajasthan,SV Samson,Vishnu Vinod,MK Lomror,4,0,,,,,,,,,
1205806,2019/20,2019-11-15,Greenfield Stadium,1,10.5,Kerala,Rajasthan,SV Samson,Vishnu Vinod,MK Lomror,1,0,,,,,,,,,
1205806,2019/20,2019-11-15,Greenfield Stadium,1,10.6,Kerala,Rajasthan,Vishnu Vinod,SV Samson,MK Lomror,0,1,,,,1,,,,,
1205806,2019/20,2019-11-15,Greenfield Stadium,1,10.7,Kerala,Rajasthan,SV Samson,Vishnu Vinod,MK Lomror,1,0,,,,,,,,,
1205806,2019/20,2019-11-15,Greenfield Stadium,1,11.1,Kerala,Rajasthan,SV Samson,Vishnu Vinod,Tanveer Ul-Haq,1,0,,,,,,,,,
1205806,2019/20,2019-11-15,Greenfield Stadium,1,11.2,Kerala,Rajasthan,Vishnu Vinod,SV Samson,Tanveer Ul-Haq,0,0,,,,,,lbw,Vishnu Vinod,,
1205806,2019/20,2019-11-15,Greenfield Stadium,1,11.3,Kerala,Rajasthan,Sachin Baby,SV Samson,Tanveer Ul-Haq,1,0,,,,,,,,,
1205806,2019/20,2019-11-15,Greenfield Stadium,1,11.4,Kerala,Rajasthan,SV Samson,Sachin Baby,Tanveer Ul-Haq,1,0,,,,,,,,,
1205806,2019/20,2019-11-15,Greenfield Stadium,1,11.5,Kerala,Rajasthan,Sachin Baby,SV Samson,Tanveer Ul-Haq,1,0,,,,,,,,,
1205806,2019/20,2019-11-15,Greenfield Stadium,1,11.6,Kerala,Rajasthan,SV Samson,Sachin Baby,Tanveer Ul-Haq,1,0,,,,,,,,,
1205806,2019/20,2019-11-15,Greenfield Stadium,1,12.1,Kerala,Rajasthan,SV Samson,Sachin Baby,CP Singh,6,0,,,,,,,,,
1205806,2019/20,2019-11-15,Greenfield Stadium,1,12.2,Kerala,Rajasthan,SV Samson,Sachin Baby,CP Singh,1,0,,,,,,,,,
1205806,2019/20,2019-11-15,Greenfield Stadium,1,12.3,Kerala,Rajasthan,Sachin Baby,SV Samson,CP Singh,1,0,,,,,,,,,
1205806,2019/20,2019-11-15,Greenfield Stadium,1,12.4,Kerala,Rajasthan,SV Samson,Sachin Baby,CP Singh,1,0,,,,,,,,,
1205806,2019/20,2019-11-15,Greenfield Stadium,1,12.5,Kerala,Rajasthan,Sachin Baby,SV Samson,CP Singh,1,0,,,,,,,,,
1205806,2019/20,2019-11-15,Greenfield Stadium,1,12.6,Kerala,Rajasthan,SV Samson,Sachin Baby,CP Singh,0,0,,,,,,,,,
1205806,2019/20,2019-11-15,Greenfield Stadium,1,13.1,Kerala,Rajasthan,Sachin Baby,SV Samson,RD Chahar,1,0,,,,,,,,,
1205806,2019/20,2019-11-15,Greenfield Stadium,1,13.2,Kerala,Rajasthan,SV Samson,Sachin Baby,RD Chahar,1,0,,,,,,,,,
1205806,2019/20,2019-11-15,Greenfield Stadium,1,13.3,Kerala,Rajasthan,Sachin Baby,SV Samson,RD Chahar,1,0,,,,,,,,,
1205806,2019/20,2019-11-15,Greenfield Stadium,1,13.4,Kerala,Rajasthan,SV Samson,Sachin Baby,RD Chahar,0,1,,,1,,,,,,
1205806,2019/20,2019-11-15,Greenfield Stadium,1,13.5,Kerala,Rajasthan,Sachin Baby,SV Samson,RD Chahar,4,0,,,,,,,,,
1205806,2019/20,2019-11-15,Greenfield Stadium,1,13.6,Kerala,Rajasthan,Sachin Baby,SV Samson,RD Chahar,1,0,,,,,,,,,
1205806,2019/20,2019-11-15,Greenfield Stadium,1,14.1,Kerala,Rajasthan,Sachin Baby,SV Samson,MK Lomror,1,0,,,,,,,,,
1205806,2019/20,2019-11-15,Greenfield Stadium,1,14.2,Kerala,Rajasthan,SV Samson,Sachin Baby,MK Lomror,1,0,,,,,,,,,
1205806,2019/20,2019-11-15,Greenfield Stadium,1,14.3,Kerala,Rajasthan,Sachin Baby,SV Samson,MK Lomror,0,0,,,,,,,,,
1205806,2019/20,2019-11-15,Greenfield Stadium,1,14.4,Kerala,Rajasthan,Sachin Baby,SV Samson,MK Lomror,1,0,,,,,,,,,
1205806,2019/20,2019-11-15,Greenfield Stadium,1,14.5,Kerala,Rajasthan,SV Samson,Sachin Baby,MK Lomror,1,0,,,,,,,,,
1205806,2019/20,2019-11-15,Greenfield Stadium,1,14.6,Kerala,Rajasthan,Sachin Baby,SV Samson,MK Lomror,0,0,,,,,,run out,SV Samson,,
1205806,2019/20,2019-11-15,Greenfield Stadium,1,15.1,Kerala,Rajasthan,Sachin Baby,RV Uthappa,KK Ahmed,0,0,,,,,,,,,
1205806,2019/20,2019-11-15,Greenfield Stadium,1,15.2,Kerala,Rajasthan,Sachin Baby,RV Uthappa,KK Ahmed,1,0,,,,,,,,,
1205806,2019/20,2019-11-15,Greenfield Stadium,1,15.3,Kerala,Rajasthan,RV Uthappa,Sachin Baby,KK Ahmed,1,0,,,,,,,,,
1205806,2019/20,2019-11-15,Greenfield Stadium,1,15.4,Kerala,Rajasthan,Sachin Baby,RV Uthappa,KK Ahmed,1,0,,,,,,,,,
1205806,2019/20,2019-11-15,Greenfield Stadium,1,15.5,Kerala,Rajasthan,RV Uthappa,Sachin Baby,KK Ahmed,2,0,,,,,,,,,
1205806,2019/20,2019-11-15,Greenfield Stadium,1,15.6,Kerala,Rajasthan,RV Uthappa,Sachin Baby,KK Ahmed,2,0,,,,,,,,,
1205806,2019/20,2019-11-15,Greenfield Stadium,1,16.1,Kerala,Rajasthan,Sachin Baby,RV Uthappa,DL Chahar,0,0,,,,,,,,,
1205806,2019/20,2019-11-15,Greenfield Stadium,1,16.2,Kerala,Rajasthan,Sachin Baby,RV Uthappa,DL Chahar,6,0,,,,,,,,,
1205806,2019/20,2019-11-15,Greenfield Stadium,1,16.3,Kerala,Rajasthan,Sachin Baby,RV Uthappa,DL Chahar,1,0,,,,,,,,,
1205806,2019/20,2019-11-15,Greenfield Stadium,1,16.4,Kerala,Rajasthan,RV Uthappa,Sachin Baby,DL Chahar,1,0,,,,,,,,,
1205806,2019/20,2019-11-15,Greenfield Stadium,1,16.5,Kerala,Rajasthan,Sachin Baby,RV Uthappa,DL Chahar,6,0,,,,,,,,,
1205806,2019/20,2019-11-15,Greenfield Stadium,1,16.6,Kerala,Rajasthan,Sachin Baby,RV Uthappa,DL Chahar,1,0,,,,,,,,,
1205806,2019/20,2019-11-15,Greenfield Stadium,1,17.1,Kerala,Rajasthan,Sachin Baby,RV Uthappa,KK Ahmed,1,0,,,,,,,,,
1205806,2019/20,2019-11-15,Greenfield Stadium,1,17.2,Kerala,Rajasthan,RV Uthappa,Sachin Baby,KK Ahmed,1,0,,,,,,,,,
1205806,2019/20,2019-11-15,Greenfield Stadium,1,17.3,Kerala,Rajasthan,Sachin Baby,RV Uthappa,KK Ahmed,1,0,,,,,,,,,
1205806,2019/20,2019-11-15,Greenfield Stadium,1,17.4,Kerala,Rajasthan,RV Uthappa,Sachin Baby,KK Ahmed,1,0,,,,,,,,,
1205806,2019/20,2019-11-15,Greenfield Stadium,1,17.5,Kerala,Rajasthan,Sachin Baby,RV Uthappa,KK Ahmed,4,0,,,,,,,,,
1205806,2019/20,2019-11-15,Greenfield Stadium,1,17.6,Kerala,Rajasthan,Sachin Baby,RV Uthappa,KK Ahmed,6,0,,,,,,,,,
1205806,2019/20,2019-11-15,Greenfield Stadium,1,18.1,Kerala,Rajasthan,RV Uthappa,Sachin Baby,DL Chahar,1,0,,,,,,,,,
1205806,2019/20,2019-11-15,Greenfield Stadium,1,18.2,Kerala,Rajasthan,Sachin Baby,RV Uthappa,DL Chahar,2,0,,,,,,,,,
1205806,2019/20,2019-11-15,Greenfield Stadium,1,18.3,Kerala,Rajasthan,Sachin Baby,RV Uthappa,DL Chahar,0,0,,,,,,,,,
1205806,2019/20,2019-11-15,Greenfield Stadium,1,18.4,Kerala,Rajasthan,Sachin Baby,RV Uthappa,DL Chahar,4,0,,,,,,,,,
1205806,2019/20,2019-11-15,Greenfield Stadium,1,18.5,Kerala,Rajasthan,Sachin Baby,RV Uthappa,DL Chahar,0,0,,,,,,,,,
1205806,2019/20,2019-11-15,Greenfield Stadium,1,18.6,Kerala,Rajasthan,Sachin Baby,RV Uthappa,DL Chahar,0,0,,,,,,caught,Sachin Baby,,
1205806,2019/20,2019-11-15,Greenfield Stadium,1,19.1,Kerala,Rajasthan,RV Uthappa,Mohammed Azharuddeen,KK Ahmed,1,0,,,,,,,,,
1205806,2019/20,2019-11-15,Greenfield Stadium,1,19.2,Kerala,Rajasthan,Mohammed Azharuddeen,RV Uthappa,KK Ahmed,1,0,,,,,,,,,
1205806,2019/20,2019-11-15,Greenfield Stadium,1,19.3,Kerala,Rajasthan,RV Uthappa,Mohammed Azharuddeen,KK Ahmed,1,0,,,,,,,,,
1205806,2019/20,2019-11-15,Greenfield Stadium,1,19.4,Kerala,Rajasthan,Mohammed Azharuddeen,RV Uthappa,KK Ahmed,0,1,,,1,,,,,,
1205806,2019/20,2019-11-15,Greenfield Stadium,1,19.5,Kerala,Rajasthan,RV Uthappa,Mohammed Azharuddeen,KK Ahmed,0,0,,,,,,caught and bowled,RV Uthappa,,
1205806,2019/20,2019-11-15,Greenfield Stadium,1,19.6,Kerala,Rajasthan,Mohammed Azharuddeen,Akshay Chandran,KK Ahmed,0,0,,,,,,caught,Mohammed Azharuddeen,,
1205806,2019/20,2019-11-15,Greenfield Stadium,2,0.1,Rajasthan,Kerala,MN Singh,Ankit Lamba,S Sandeep Warrier,0,0,,,,,,,,,
1205806,2019/20,2019-11-15,Greenfield Stadium,2,0.2,Rajasthan,Kerala,MN Singh,Ankit Lamba,S Sandeep Warrier,0,0,,,,,,,,,
1205806,2019/20,2019-11-15,Greenfield Stadium,2,0.3,Rajasthan,Kerala,MN Singh,Ankit Lamba,S Sandeep Warrier,2,0,,,,,,,,,
1205806,2019/20,2019-11-15,Greenfield Stadium,2,0.4,Rajasthan,Kerala,MN Singh,Ankit Lamba,S Sandeep Warrier,0,0,,,,,,,,,
1205806,2019/20,2019-11-15,Greenfield Stadium,2,0.5,Rajasthan,Kerala,MN Singh,Ankit Lamba,S Sandeep Warrier,1,0,,,,,,,,,
1205806,2019/20,2019-11-15,Greenfield Stadium,2,0.6,Rajasthan,Kerala,Ankit Lamba,MN Singh,S Sandeep Warrier,0,0,,,,,,,,,
1205806,2019/20,2019-11-15,Greenfield Stadium,2,1.1,Rajasthan,Kerala,MN Singh,Ankit Lamba,KM Asif,0,0,,,,,,,,,
1205806,2019/20,2019-11-15,Greenfield Stadium,2,1.2,Rajasthan,Kerala,MN Singh,Ankit Lamba,KM Asif,0,0,,,,,,caught,MN Singh,,
1205806,2019/20,2019-11-15,Greenfield Stadium,2,1.3,Rajasthan,Kerala,R Bishnoi,Ankit Lamba,KM Asif,0,0,,,,,,,,,
1205806,2019/20,2019-11-15,Greenfield Stadium,2,1.4,Rajasthan,Kerala,R Bishnoi,Ankit Lamba,KM Asif,0,0,,,,,,,,,
1205806,2019/20,2019-11-15,Greenfield Stadium,2,1.5,Rajasthan,Kerala,R Bishnoi,Ankit Lamba,KM Asif,1,0,,,,,,,,,
1205806,2019/20,2019-11-15,Greenfield Stadium,2,1.6,Rajasthan,Kerala,Ankit Lamba,R Bishnoi,KM Asif,4,0,,,,,,,,,
1205806,2019/20,2019-11-15,Greenfield Stadium,2,2.1,Rajasthan,Kerala,R Bishnoi,Ankit Lamba,Basil Thampi,6,0,,,,,,,,,
1205806,2019/20,2019-11-15,Greenfield Stadium,2,2.2,Rajasthan,Kerala,R Bishnoi,Ankit Lamba,Basil Thampi,4,0,,,,,,,,,
1205806,2019/20,2019-11-15,Greenfield Stadium,2,2.3,Rajasthan,Kerala,R Bishnoi,Ankit Lamba,Basil Thampi,0,0,,,,,,,,,
1205806,2019/20,2019-11-15,Greenfield Stadium,2,2.4,Rajasthan,Kerala,R Bishnoi,Ankit Lamba,Basil Thampi,1,0,,,,,,,,,
1205806,2019/20,2019-11-15,Greenfield Stadium,2,2.5,Rajasthan,Kerala,Ankit Lamba,R Bishnoi,Basil Thampi,2,0,,,,,,,,,
1205806,2019/20,2019-11-15,Greenfield Stadium,2,2.6,Rajasthan,Kerala,Ankit Lamba,R Bishnoi,Basil Thampi,6,0,,,,,,,,,
1205806,2019/20,2019-11-15,Greenfield Stadium,2,3.1,Rajasthan,Kerala,R Bishnoi,Ankit Lamba,KM Asif,0,0,,,,,,,,,
1205806,2019/20,2019-11-15,Greenfield Stadium,2,3.2,Rajasthan,Kerala,R Bishnoi,Ankit Lamba,KM Asif,0,0,,,,,,,,,
1205806,2019/20,2019-11-15,Greenfield Stadium,2,3.3,Rajasthan,Kerala,R Bishnoi,Ankit Lamba,KM Asif,0,0,,,,,,,,,
1205806,2019/20,2019-11-15,Greenfield Stadium,2,3.4,Rajasthan,Kerala,R Bishnoi,Ankit Lamba,KM Asif,0,0,,,,,,,,,
1205806,2019/20,2019-11-15,Greenfield Stadium,2,3.5,Rajasthan,Kerala,R Bishnoi,Ankit Lamba,KM Asif,1,0,,,,,,,,,
1205806,2019/20,2019-11-15,Greenfield Stadium,2,3.6,Rajasthan,Kerala,Ankit Lamba,R Bishnoi,KM Asif,0,0,,,,,,,,,
1205806,2019/20,2019-11-15,Greenfield Stadium,2,4.1,Rajasthan,Kerala,R Bishnoi,Ankit Lamba,S Sandeep Warrier,1,0,,,,,,,,,
1205806,2019/20,2019-11-15,Greenfield Stadium,2,4.2,Rajasthan,Kerala,Ankit Lamba,R Bishnoi,S Sandeep Warrier,4,0,,,,,,,,,
1205806,2019/20,2019-11-15,Greenfield Stadium,2,4.3,Rajasthan,Kerala,Ankit Lamba,R Bishnoi,S Sandeep Warrier,4,0,,,,,,,,,
1205806,2019/20,2019-11-15,Greenfield Stadium,2,4.4,Rajasthan,Kerala,Ankit Lamba,R Bishnoi,S Sandeep Warrier,4,0,,,,,,,,,
1205806,2019/20,2019-11-15,Greenfield Stadium,2,4.5,Rajasthan,Kerala,Ankit Lamba,R Bishnoi,S Sandeep Warrier,1,0,,,,,,,,,
1205806,2019/20,2019-11-15,Greenfield Stadium,2,4.6,Rajasthan,Kerala,R Bishnoi,Ankit Lamba,S Sandeep Warrier,0,0,,,,,,,,,
1205806,2019/20,2019-11-15,Greenfield Stadium,2,5.1,Rajasthan,Kerala,Ankit Lamba,R Bishnoi,Akshay Chandran,1,0,,,,,,,,,
1205806,2019/20,2019-11-15,Greenfield Stadium,2,5.2,Rajasthan,Kerala,R Bishnoi,Ankit Lamba,Akshay Chandran,0,1,1,,,,,,,,
1205806,2019/20,2019-11-15,Greenfield Stadium,2,5.3,Rajasthan,Kerala,R Bishnoi,Ankit Lamba,Akshay Chandran,0,0,,,,,,,,,
1205806,2019/20,2019-11-15,Greenfield Stadium,2,5.4,Rajasthan,Kerala,R Bishnoi,Ankit Lamba,Akshay Chandran,6,0,,,,,,,,,
1205806,2019/20,2019-11-15,Greenfield Stadium,2,5.5,Rajasthan,Kerala,R Bishnoi,Ankit Lamba,Akshay Chandran,4,0,,,,,,,,,
1205806,2019/20,2019-11-15,Greenfield Stadium,2,5.6,Rajasthan,Kerala,R Bishnoi,Ankit Lamba,Akshay Chandran,1,0,,,,,,,,,
1205806,2019/20,2019-11-15,Greenfield Stadium,2,5.7,Rajasthan,Kerala,Ankit Lamba,R Bishnoi,Akshay Chandran,6,0,,,,,,,,,
1205806,2019/20,2019-11-15,Greenfield Stadium,2,6.1,Rajasthan,Kerala,R Bishnoi,Ankit Lamba,S Midhun,1,0,,,,,,,,,
1205806,2019/20,2019-11-15,Greenfield Stadium,2,6.2,Rajasthan,Kerala,Ankit Lamba,R Bishnoi,S Midhun,1,0,,,,,,,,,
1205806,2019/20,2019-11-15,Greenfield Stadium,2,6.3,Rajasthan,Kerala,R Bishnoi,Ankit Lamba,S Midhun,0,0,,,,,,,,,
1205806,2019/20,2019-11-15,Greenfield Stadium,2,6.4,Rajasthan,Kerala,R Bishnoi,Ankit Lamba,S Midhun,1,0,,,,,,,,,
1205806,2019/20,2019-11-15,Greenfield Stadium,2,6.5,Rajasthan,Kerala,Ankit Lamba,R Bishnoi,S Midhun,1,0,,,,,,,,,
1205806,2019/20,2019-11-15,Greenfield Stadium,2,6.6,Rajasthan,Kerala,R Bishnoi,Ankit Lamba,S Midhun,1,0,,,,,,,,,
1205806,2019/20,2019-11-15,Greenfield Stadium,2,7.1,Rajasthan,Kerala,R Bishnoi,Ankit Lamba,Akshay Chandran,0,0,,,,,,,,,
1205806,2019/20,2019-11-15,Greenfield Stadium,2,7.2,Rajasthan,Kerala,R Bishnoi,Ankit Lamba,Akshay Chandran,1,0,,,,,,,,,
1205806,2019/20,2019-11-15,Greenfield Stadium,2,7.3,Rajasthan,Kerala,Ankit Lamba,R Bishnoi,Akshay Chandran,1,0,,,,,,,,,
1205806,2019/20,2019-11-15,Greenfield Stadium,2,7.4,Rajasthan,Kerala,R Bishnoi,Ankit Lamba,Akshay Chandran,1,0,,,,,,,,,
1205806,2019/20,2019-11-15,Greenfield Stadium,2,7.5,Rajasthan,Kerala,Ankit Lamba,R Bishnoi,Akshay Chandran,0,0,,,,,,,,,
1205806,2019/20,2019-11-15,Greenfield Stadium,2,7.6,Rajasthan,Kerala,Ankit Lamba,R Bishnoi,Akshay Chandran,0,0,,,,,,,,,
1205806,2019/20,2019-11-15,Greenfield Stadium,2,8.1,Rajasthan,Kerala,R Bishnoi,Ankit Lamba,S Midhun,1,0,,,,,,,,,
1205806,2019/20,2019-11-15,Greenfield Stadium,2,8.2,Rajasthan,Kerala,Ankit Lamba,R Bishnoi,S Midhun,0,0,,,,,,,,,
1205806,2019/20,2019-11-15,Greenfield Stadium,2,8.3,Rajasthan,Kerala,Ankit Lamba,R Bishnoi,S Midhun,0,0,,,,,,,,,
1205806,2019/20,2019-11-15,Greenfield Stadium,2,8.4,Rajasthan,Kerala,Ankit Lamba,R Bishnoi,S Midhun,0,0,,,,,,lbw,Ankit Lamba,,
1205806,2019/20,2019-11-15,Greenfield Stadium,2,8.5,Rajasthan,Kerala,MK Lomror,R Bishnoi,S Midhun,1,0,,,,,,,,,
1205806,2019/20,2019-11-15,Greenfield Stadium,2,8.6,Rajasthan,Kerala,R Bishnoi,MK Lomror,S Midhun,1,0,,,,,,,,,
1205806,2019/20,2019-11-15,Greenfield Stadium,2,9.1,Rajasthan,Kerala,R Bishnoi,MK Lomror,Jalaj S Saxena,2,0,,,,,,,,,
1205806,2019/20,2019-11-15,Greenfield Stadium,2,9.2,Rajasthan,Kerala,R Bishnoi,MK Lomror,Jalaj S Saxena,6,0,,,,,,,,,
1205806,2019/20,2019-11-15,Greenfield Stadium,2,9.3,Rajasthan,Kerala,R Bishnoi,MK Lomror,Jalaj S Saxena,0,1,,,1,,,,,,
1205806,2019/20,2019-11-15,Greenfield Stadium,2,9.4,Rajasthan,Kerala,MK Lomror,R Bishnoi,Jalaj S Saxena,2,0,,,,,,,,,
1205806,2019/20,2019-11-15,Greenfield Stadium,2,9.5,Rajasthan,Kerala,MK Lomror,R Bishnoi,Jalaj S Saxena,0,0,,,,,,,,,
1205806,2019/20,2019-11-15,Greenfield Stadium,2,9.6,Rajasthan,Kerala,MK Lomror,R Bishnoi,Jalaj S Saxena,0,0,,,,,,,,,
1205806,2019/20,2019-11-15,Greenfield Stadium,2,10.1,Rajasthan,Kerala,R Bishnoi,MK Lomror,Akshay Chandran,0,0,,,,,,,,,
1205806,2019/20,2019-11-15,Greenfield Stadium,2,10.2,Rajasthan,Kerala,R Bishnoi,MK Lomror,Akshay Chandran,1,0,,,,,,,,,
1205806,2019/20,2019-11-15,Greenfield Stadium,2,10.3,Rajasthan,Kerala,MK Lomror,R Bishnoi,Akshay Chandran,0,0,,,,,,caught,MK Lomror,,
1205806,2019/20,2019-11-15,Greenfield Stadium,2,10.4,Rajasthan,Kerala,Arjit Gupta,R Bishnoi,Akshay Chandran,1,0,,,,,,,,,
1205806,2019/20,2019-11-15,Greenfield Stadium,2,10.5,Rajasthan,Kerala,R Bishnoi,Arjit Gupta,Akshay Chandran,1,0,,,,,,,,,
1205806,2019/20,2019-11-15,Greenfield Stadium,2,10.6,Rajasthan,Kerala,Arjit Gupta,R Bishnoi,Akshay Chandran,6,0,,,,,,,,,
1205806,2019/20,2019-11-15,Greenfield Stadium,2,11.1,Rajasthan,Kerala,R Bishnoi,Arjit Gupta,S Midhun,1,0,,,,,,,,,
1205806,2019/20,2019-11-15,Greenfield Stadium,2,11.2,Rajasthan,Kerala,Arjit Gupta,R Bishnoi,S Midhun,0,0,,,,,,,,,
1205806,2019/20,2019-11-15,Greenfield Stadium,2,11.3,Rajasthan,Kerala,Arjit Gupta,R Bishnoi,S Midhun,1,0,,,,,,,,,
1205806,2019/20,2019-11-15,Greenfield Stadium,2,11.4,Rajasthan,Kerala,R Bishnoi,Arjit Gupta,S Midhun,6,0,,,,,,,,,
1205806,2019/20,2019-11-15,Greenfield Stadium,2,11.5,Rajasthan,Kerala,R Bishnoi,Arjit Gupta,S Midhun,1,0,,,,,,,,,
1205806,2019/20,2019-11-15,Greenfield Stadium,2,11.6,Rajasthan,Kerala,Arjit Gupta,R Bishnoi,S Midhun,1,0,,,,,,,,,
1205806,2019/20,2019-11-15,Greenfield Stadium,2,12.1,Rajasthan,Kerala,Arjit Gupta,R Bishnoi,Basil Thampi,4,0,,,,,,,,,
1205806,2019/20,2019-11-15,Greenfield Stadium,2,12.2,Rajasthan,Kerala,Arjit Gupta,R Bishnoi,Basil Thampi,0,1,,,,1,,,,,
1205806,2019/20,2019-11-15,Greenfield Stadium,2,12.3,Rajasthan,Kerala,R Bishnoi,Arjit Gupta,Basil Thampi,1,0,,,,,,,,,
1205806,2019/20,2019-11-15,Greenfield Stadium,2,12.4,Rajasthan,Kerala,Arjit Gupta,R Bishnoi,Basil Thampi,0,0,,,,,,,,,
1205806,2019/20,2019-11-15,Greenfield Stadium,2,12.5,Rajasthan,Kerala,Arjit Gupta,R Bishnoi,Basil Thampi,1,0,,,,,,,,,
1205806,2019/20,2019-11-15,Greenfield Stadium,2,12.6,Rajasthan,Kerala,R Bishnoi,Arjit Gupta,Basil Thampi,1,0,,,,,,,,,
1205806,2019/20,2019-11-15,Greenfield Stadium,2,13.1,Rajasthan,Kerala,R Bishnoi,Arjit Gupta,S Midhun,1,0,,,,,,,,,
1205806,2019/20,2019-11-15,Greenfield Stadium,2,13.2,Rajasthan,Kerala,Arjit Gupta,R Bishnoi,S Midhun,1,0,,,,,,,,,
1205806,2019/20,2019-11-15,Greenfield Stadium,2,13.3,Rajasthan,Kerala,R Bishnoi,Arjit Gupta,S Midhun,1,0,,,,,,,,,
1205806,2019/20,2019-11-15,Greenfield Stadium,2,13.4,Rajasthan,Kerala,Arjit Gupta,R Bishnoi,S Midhun,6,0,,,,,,,,,
1205806,2019/20,2019-11-15,Greenfield Stadium,2,13.5,Rajasthan,Kerala,Arjit Gupta,R Bishnoi,S Midhun,1,0,,,,,,,,,
1205806,2019/20,2019-11-15,Greenfield Stadium,2,13.6,Rajasthan,Kerala,R Bishnoi,Arjit Gupta,S Midhun,0,1,1,,,,,,,,
1205806,2019/20,2019-11-15,Greenfield Stadium,2,13.7,Rajasthan,Kerala,R Bishnoi,Arjit Gupta,S Midhun,1,0,,,,,,,,,
1205806,2019/20,2019-11-15,Greenfield Stadium,2,14.1,Rajasthan,Kerala,R Bishnoi,Arjit Gupta,S Sandeep Warrier,1,0,,,,,,,,,
1205806,2019/20,2019-11-15,Greenfield Stadium,2,14.2,Rajasthan,Kerala,Arjit Gupta,R Bishnoi,S Sandeep Warrier,1,0,,,,,,,,,
1205806,2019/20,2019-11-15,Greenfield Stadium,2,14.3,Rajasthan,Kerala,R Bishnoi,Arjit Gupta,S Sandeep Warrier,0,0,,,,,,,,,
1205806,2019/20,2019-11-15,Greenfield Stadium,2,14.4,Rajasthan,Kerala,R Bishnoi,Arjit Gupta,S Sandeep Warrier,6,0,,,,,,,,,
1205806,2019/20,2019-11-15,Greenfield Stadium,2,14.5,Rajasthan,Kerala,R Bishnoi,Arjit Gupta,S Sandeep Warrier,1,0,,,,,,,,,
1205806,2019/20,2019-11-15,Greenfield Stadium,2,14.6,Rajasthan,Kerala,Arjit Gupta,R Bishnoi,S Sandeep Warrier,0,0,,,,,,,,,
1205806,2019/20,2019-11-15,Greenfield Stadium,2,15.1,Rajasthan,Kerala,R Bishnoi,Arjit Gupta,KM Asif,0,0,,,,,,,,,
1205806,2019/20,2019-11-15,Greenfield Stadium,2,15.2,Rajasthan,Kerala,R Bishnoi,Arjit Gupta,KM Asif,1,0,,,,,,,,,
1205806,2019/20,2019-11-15,Greenfield Stadium,2,15.3,Rajasthan,Kerala,Arjit Gupta,R Bishnoi,KM Asif,6,0,,,,,,,,,
1205806,2019/20,2019-11-15,Greenfield Stadium,2,15.4,Rajasthan,Kerala,Arjit Gupta,R Bishnoi,KM Asif,1,0,,,,,,,,,
1205806,2019/20,2019-11-15,Greenfield Stadium,2,15.5,Rajasthan,Kerala,R Bishnoi,Arjit Gupta,KM Asif,1,0,,,,,,,,,
1205806,2019/20,2019-11-15,Greenfield Stadium,2,15.6,Rajasthan,Kerala,Arjit Gupta,R Bishnoi,KM Asif,1,0,,,,,,,,,
1205806,2019/20,2019-11-15,Greenfield Stadium,2,16.1,Rajasthan,Kerala,Arjit Gupta,R Bishnoi,S Sandeep Warrier,0,1,,1,,,,,,,
1205806,2019/20,2019-11-15,Greenfield Stadium,2,16.2,Rajasthan,Kerala,Arjit Gupta,R Bishnoi,S Sandeep Warrier,0,0,,,,,,,,,
1205806,2019/20,2019-11-15,Greenfield Stadium,2,16.3,Rajasthan,Kerala,Arjit Gupta,R Bishnoi,S Sandeep Warrier,1,1,,1,,,,,,,
1205806,2019/20,2019-11-15,Greenfield Stadium,2,16.4,Rajasthan,Kerala,R Bishnoi,Arjit Gupta,S Sandeep Warrier,6,0,,,,,,,,,
1205806,2019/20,2019-11-15,Greenfield Stadium,2,16.5,Rajasthan,Kerala,R Bishnoi,Arjit Gupta,S Sandeep Warrier,4,0,,,,,,,,,
1205806,2019/20,2019-11-15,Greenfield Stadium,2,16.6,Rajasthan,Kerala,R Bishnoi,Arjit Gupta,S Sandeep Warrier,1,0,,,,,,,,,
1205806,2019/20,2019-11-15,Greenfield Stadium,2,16.7,Rajasthan,Kerala,Arjit Gupta,R Bishnoi,S Sandeep Warrier,6,0,,,,,,,,,
1205806,2019/20,2019-11-15,Greenfield Stadium,2,16.8,Rajasthan,Kerala,Arjit Gupta,R Bishnoi,S Sandeep Warrier,6,0,,,,,,,,,
