match_id,season,start_date,venue,innings,ball,batting_team,bowling_team,striker,non_striker,bowler,runs_off_bat,extras,wides,noballs,byes,legbyes,penalty,wicket_type,player_dismissed,other_wicket_type,other_player_dismissed
1205757,2019/20,2019-11-11,BKC Ground,1,0.1,Puducherry,Mizoram,KB Arun Karthik,Damodaran Rohit,Lalhruai Ralte,0,0,,,,,,,,,
1205757,2019/20,2019-11-11,BKC Ground,1,0.2,Puducherry,Mizoram,KB Arun Karthik,Damodaran Rohit,Lalhruai Ralte,1,0,,,,,,,,,
1205757,2019/20,2019-11-11,BKC Ground,1,0.3,Puducherry,Mizoram,Damodaran Rohit,KB Arun Karthik,Lalhruai Ralte,0,0,,,,,,,,,
1205757,2019/20,2019-11-11,BKC Ground,1,0.4,Puducherry,Mizoram,Damodaran Rohit,KB Arun Karthik,Lalhruai Ralte,1,0,,,,,,,,,
1205757,2019/20,2019-11-11,BKC Ground,1,0.5,Puducherry,Mizoram,KB Arun Karthik,Damodaran Rohit,Lalhruai Ralte,0,0,,,,,,,,,
1205757,2019/20,2019-11-11,BKC Ground,1,0.6,Puducherry,Mizoram,KB Arun Karthik,Damodaran Rohit,Lalhruai Ralte,0,0,,,,,,,,,
1205757,2019/20,2019-11-11,BKC Ground,1,1.1,Puducherry,Mizoram,Damodaran Rohit,KB Arun Karthik,Sumit Lama,0,0,,,,,,,,,
1205757,2019/20,2019-11-11,BKC Ground,1,1.2,Puducherry,Mizoram,Damodaran Rohit,KB Arun Karthik,Sumit Lama,1,0,,,,,,,,,
1205757,2019/20,2019-11-11,BKC Ground,1,1.3,Puducherry,Mizoram,KB Arun Karthik,Damodaran Rohit,Sumit Lama,0,0,,,,,,,,,
1205757,2019/20,2019-11-11,BKC Ground,1,1.4,Puducherry,Mizoram,KB Arun Karthik,Damodaran Rohit,Sumit Lama,0,0,,,,,,caught,KB Arun Karthik,,
1205757,2019/20,2019-11-11,BKC Ground,1,1.5,Puducherry,Mizoram,Damodaran Rohit,Subramanian Anand,Sumit Lama,4,0,,,,,,,,,
1205757,2019/20,2019-11-11,BKC Ground,1,1.6,Puducherry,Mizoram,Damodaran Rohit,Subramanian Anand,Sumit Lama,0,0,,,,,,,,,
1205757,2019/20,2019-11-11,BKC Ground,1,2.1,Puducherry,Mizoram,Subramanian Anand,Damodaran Rohit,Lalhruai Ralte,1,0,,,,,,,,,
1205757,2019/20,2019-11-11,BKC Ground,1,2.2,Puducherry,Mizoram,Damodaran Rohit,Subramanian Anand,Lalhruai Ralte,0,0,,,,,,,,,
1205757,2019/20,2019-11-11,BKC Ground,1,2.3,Puducherry,Mizoram,Damodaran Rohit,Subramanian Anand,Lalhruai Ralte,0,0,,,,,,,,,
1205757,2019/20,2019-11-11,BKC Ground,1,2.4,Puducherry,Mizoram,Damodaran Rohit,Subramanian Anand,Lalhruai Ralte,4,0,,,,,,,,,
1205757,2019/20,2019-11-11,BKC Ground,1,2.5,Puducherry,Mizoram,Damodaran Rohit,Subramanian Anand,Lalhruai Ralte,4,0,,,,,,,,,
1205757,2019/20,2019-11-11,BKC Ground,1,2.6,Puducherry,Mizoram,Damodaran Rohit,Subramanian Anand,Lalhruai Ralte,0,0,,,,,,,,,
1205757,2019/20,2019-11-11,BKC Ground,1,3.1,Puducherry,Mizoram,Subramanian Anand,Damodaran Rohit,Sumit Lama,0,0,,,,,,,,,
1205757,2019/20,2019-11-11,BKC Ground,1,3.2,Puducherry,Mizoram,Subramanian Anand,Damodaran Rohit,Sumit Lama,1,0,,,,,,,,,
1205757,2019/20,2019-11-11,BKC Ground,1,3.3,Puducherry,Mizoram,Damodaran Rohit,Subramanian Anand,Sumit Lama,0,0,,,,,,,,,
1205757,2019/20,2019-11-11,BKC Ground,1,3.4,Puducherry,Mizoram,Damodaran Rohit,Subramanian Anand,Sumit Lama,0,0,,,,,,,,,
1205757,2019/20,2019-11-11,BKC Ground,1,3.5,Puducherry,Mizoram,Damodaran Rohit,Subramanian Anand,Sumit Lama,0,0,,,,,,,,,
1205757,2019/20,2019-11-11,BKC Ground,1,3.6,Puducherry,Mizoram,Damodaran Rohit,Subramanian Anand,Sumit Lama,4,0,,,,,,,,,
1205757,2019/20,2019-11-11,BKC Ground,1,4.1,Puducherry,Mizoram,Subramanian Anand,Damodaran Rohit,Parvez Ahmed,4,0,,,,,,,,,
1205757,2019/20,2019-11-11,BKC Ground,1,4.2,Puducherry,Mizoram,Subramanian Anand,Damodaran Rohit,Parvez Ahmed,0,0,,,,,,,,,
1205757,2019/20,2019-11-11,BKC Ground,1,4.3,Puducherry,Mizoram,Subramanian Anand,Damodaran Rohit,Parvez Ahmed,0,0,,,,,,,,,
1205757,2019/20,2019-11-11,BKC Ground,1,4.4,Puducherry,Mizoram,Subramanian Anand,Damodaran Rohit,Parvez Ahmed,0,0,,,,,,,,,
1205757,2019/20,2019-11-11,BKC Ground,1,4.5,Puducherry,Mizoram,Subramanian Anand,Damodaran Rohit,Parvez Ahmed,0,1,1,,,,,,,,
1205757,2019/20,2019-11-11,BKC Ground,1,4.6,Puducherry,Mizoram,Subramanian Anand,Damodaran Rohit,Parvez Ahmed,4,0,,,,,,,,,
1205757,2019/20,2019-11-11,BKC Ground,1,4.7,Puducherry,Mizoram,Subramanian Anand,Damodaran Rohit,Parvez Ahmed,0,0,,,,,,,,,
1205757,2019/20,2019-11-11,BKC Ground,1,5.1,Puducherry,Mizoram,Damodaran Rohit,Subramanian Anand,Sumit Lama,1,0,,,,,,,,,
1205757,2019/20,2019-11-11,BKC Ground,1,5.2,Puducherry,Mizoram,Subramanian Anand,Damodaran Rohit,Sumit Lama,4,0,,,,,,,,,
1205757,2019/20,2019-11-11,BKC Ground,1,5.3,Puducherry,Mizoram,Subramanian Anand,Damodaran Rohit,Sumit Lama,6,0,,,,,,,,,
1205757,2019/20,2019-11-11,BKC Ground,1,5.4,Puducherry,Mizoram,Subramanian Anand,Damodaran Rohit,Sumit Lama,0,1,,1,,,,,,,
1205757,2019/20,2019-11-11,BKC Ground,1,5.5,Puducherry,Mizoram,Subramanian Anand,Damodaran Rohit,Sumit Lama,0,0,,,,,,,,,
1205757,2019/20,2019-11-11,BKC Ground,1,5.6,Puducherry,Mizoram,Subramanian Anand,Damodaran Rohit,Sumit Lama,1,0,,,,,,,,,
1205757,2019/20,2019-11-11,BKC Ground,1,5.7,Puducherry,Mizoram,Damodaran Rohit,Subramanian Anand,Sumit Lama,0,0,,,,,,,,,
1205757,2019/20,2019-11-11,BKC Ground,1,6.1,Puducherry,Mizoram,Subramanian Anand,Damodaran Rohit,Lalhmangaiha,1,0,,,,,,,,,
1205757,2019/20,2019-11-11,BKC Ground,1,6.2,Puducherry,Mizoram,Damodaran Rohit,Subramanian Anand,Lalhmangaiha,1,0,,,,,,,,,
1205757,2019/20,2019-11-11,BKC Ground,1,6.3,Puducherry,Mizoram,Subramanian Anand,Damodaran Rohit,Lalhmangaiha,0,0,,,,,,,,,
1205757,2019/20,2019-11-11,BKC Ground,1,6.4,Puducherry,Mizoram,Subramanian Anand,Damodaran Rohit,Lalhmangaiha,0,0,,,,,,,,,
1205757,2019/20,2019-11-11,BKC Ground,1,6.5,Puducherry,Mizoram,Subramanian Anand,Damodaran Rohit,Lalhmangaiha,2,0,,,,,,,,,
1205757,2019/20,2019-11-11,BKC Ground,1,6.6,Puducherry,Mizoram,Subramanian Anand,Damodaran Rohit,Lalhmangaiha,1,0,,,,,,,,,
1205757,2019/20,2019-11-11,BKC Ground,1,7.1,Puducherry,Mizoram,Subramanian Anand,Damodaran Rohit,G Lalbiakvela,0,0,,,,,,,,,
1205757,2019/20,2019-11-11,BKC Ground,1,7.2,Puducherry,Mizoram,Subramanian Anand,Damodaran Rohit,G Lalbiakvela,1,0,,,,,,,,,
1205757,2019/20,2019-11-11,BKC Ground,1,7.3,Puducherry,Mizoram,Damodaran Rohit,Subramanian Anand,G Lalbiakvela,1,0,,,,,,,,,
1205757,2019/20,2019-11-11,BKC Ground,1,7.4,Puducherry,Mizoram,Subramanian Anand,Damodaran Rohit,G Lalbiakvela,1,0,,,,,,,,,
1205757,2019/20,2019-11-11,BKC Ground,1,7.5,Puducherry,Mizoram,Damodaran Rohit,Subramanian Anand,G Lalbiakvela,4,0,,,,,,,,,
1205757,2019/20,2019-11-11,BKC Ground,1,7.6,Puducherry,Mizoram,Damodaran Rohit,Subramanian Anand,G Lalbiakvela,0,0,,,,,,,,,
1205757,2019/20,2019-11-11,BKC Ground,1,8.1,Puducherry,Mizoram,Subramanian Anand,Damodaran Rohit,Lalhmangaiha,1,0,,,,,,,,,
1205757,2019/20,2019-11-11,BKC Ground,1,8.2,Puducherry,Mizoram,Damodaran Rohit,Subramanian Anand,Lalhmangaiha,1,0,,,,,,,,,
1205757,2019/20,2019-11-11,BKC Ground,1,8.3,Puducherry,Mizoram,Subramanian Anand,Damodaran Rohit,Lalhmangaiha,0,0,,,,,,,,,
1205757,2019/20,2019-11-11,BKC Ground,1,8.4,Puducherry,Mizoram,Subramanian Anand,Damodaran Rohit,Lalhmangaiha,4,0,,,,,,,,,
1205757,2019/20,2019-11-11,BKC Ground,1,8.5,Puducherry,Mizoram,Subramanian Anand,Damodaran Rohit,Lalhmangaiha,1,0,,,,,,,,,
1205757,2019/20,2019-11-11,BKC Ground,1,8.6,Puducherry,Mizoram,Damodaran Rohit,Subramanian Anand,Lalhmangaiha,1,0,,,,,,,,,
1205757,2019/20,2019-11-11,BKC Ground,1,9.1,Puducherry,Mizoram,Damodaran Rohit,Subramanian Anand,G Lalbiakvela,4,0,,,,,,,,,
1205757,2019/20,2019-11-11,BKC Ground,1,9.2,Puducherry,Mizoram,Damodaran Rohit,Subramanian Anand,G Lalbiakvela,4,0,,,,,,,,,
1205757,2019/20,2019-11-11,BKC Ground,1,9.3,Puducherry,Mizoram,Damodaran Rohit,Subramanian Anand,G Lalbiakvela,0,0,,,,,,,,,
1205757,2019/20,2019-11-11,BKC Ground,1,9.4,Puducherry,Mizoram,Damodaran Rohit,Subramanian Anand,G Lalbiakvela,0,0,,,,,,,,,
1205757,2019/20,2019-11-11,BKC Ground,1,9.5,Puducherry,Mizoram,Damodaran Rohit,Subramanian Anand,G Lalbiakvela,4,0,,,,,,,,,
1205757,2019/20,2019-11-11,BKC Ground,1,9.6,Puducherry,Mizoram,Damodaran Rohit,Subramanian Anand,G Lalbiakvela,0,0,,,,,,,,,
1205757,2019/20,2019-11-11,BKC Ground,1,10.1,Puducherry,Mizoram,Subramanian Anand,Damodaran Rohit,Lalhmangaiha,1,0,,,,,,,,,
1205757,2019/20,2019-11-11,BKC Ground,1,10.2,Puducherry,Mizoram,Damodaran Rohit,Subramanian Anand,Lalhmangaiha,0,0,,,,,,caught,Damodaran Rohit,,
1205757,2019/20,2019-11-11,BKC Ground,1,10.3,Puducherry,Mizoram,P Dogra,Subramanian Anand,Lalhmangaiha,1,0,,,,,,,,,
1205757,2019/20,2019-11-11,BKC Ground,1,10.4,Puducherry,Mizoram,Subramanian Anand,P Dogra,Lalhmangaiha,6,0,,,,,,,,,
1205757,2019/20,2019-11-11,BKC Ground,1,10.5,Puducherry,Mizoram,Subramanian Anand,P Dogra,Lalhmangaiha,1,0,,,,,,,,,
1205757,2019/20,2019-11-11,BKC Ground,1,10.6,Puducherry,Mizoram,P Dogra,Subramanian Anand,Lalhmangaiha,3,0,,,,,,,,,
1205757,2019/20,2019-11-11,BKC Ground,1,11.1,Puducherry,Mizoram,P Dogra,Subramanian Anand,Reuben Lalhruaizela,1,0,,,,,,,,,
1205757,2019/20,2019-11-11,BKC Ground,1,11.2,Puducherry,Mizoram,Subramanian Anand,P Dogra,Reuben Lalhruaizela,1,0,,,,,,,,,
1205757,2019/20,2019-11-11,BKC Ground,1,11.3,Puducherry,Mizoram,P Dogra,Subramanian Anand,Reuben Lalhruaizela,4,0,,,,,,,,,
1205757,2019/20,2019-11-11,BKC Ground,1,11.4,Puducherry,Mizoram,P Dogra,Subramanian Anand,Reuben Lalhruaizela,0,0,,,,,,,,,
1205757,2019/20,2019-11-11,BKC Ground,1,11.5,Puducherry,Mizoram,P Dogra,Subramanian Anand,Reuben Lalhruaizela,6,0,,,,,,,,,
1205757,2019/20,2019-11-11,BKC Ground,1,11.6,Puducherry,Mizoram,P Dogra,Subramanian Anand,Reuben Lalhruaizela,1,0,,,,,,,,,
1205757,2019/20,2019-11-11,BKC Ground,1,12.1,Puducherry,Mizoram,P Dogra,Subramanian Anand,Lalhmangaiha,1,0,,,,,,,,,
1205757,2019/20,2019-11-11,BKC Ground,1,12.2,Puducherry,Mizoram,Subramanian Anand,P Dogra,Lalhmangaiha,0,0,,,,,,,,,
1205757,2019/20,2019-11-11,BKC Ground,1,12.3,Puducherry,Mizoram,Subramanian Anand,P Dogra,Lalhmangaiha,0,0,,,,,,caught,Subramanian Anand,,
1205757,2019/20,2019-11-11,BKC Ground,1,12.4,Puducherry,Mizoram,P Dogra,Marimuthu Vikneshwaran,Lalhmangaiha,1,0,,,,,,,,,
1205757,2019/20,2019-11-11,BKC Ground,1,12.5,Puducherry,Mizoram,Marimuthu Vikneshwaran,P Dogra,Lalhmangaiha,0,0,,,,,,,,,
1205757,2019/20,2019-11-11,BKC Ground,1,12.6,Puducherry,Mizoram,Marimuthu Vikneshwaran,P Dogra,Lalhmangaiha,0,0,,,,,,,,,
1205757,2019/20,2019-11-11,BKC Ground,1,13.1,Puducherry,Mizoram,P Dogra,Marimuthu Vikneshwaran,Parvez Ahmed,1,0,,,,,,,,,
1205757,2019/20,2019-11-11,BKC Ground,1,13.2,Puducherry,Mizoram,Marimuthu Vikneshwaran,P Dogra,Parvez Ahmed,1,0,,,,,,,,,
1205757,2019/20,2019-11-11,BKC Ground,1,13.3,Puducherry,Mizoram,P Dogra,Marimuthu Vikneshwaran,Parvez Ahmed,6,0,,,,,,,,,
1205757,2019/20,2019-11-11,BKC Ground,1,13.4,Puducherry,Mizoram,P Dogra,Marimuthu Vikneshwaran,Parvez Ahmed,0,0,,,,,,,,,
1205757,2019/20,2019-11-11,BKC Ground,1,13.5,Puducherry,Mizoram,P Dogra,Marimuthu Vikneshwaran,Parvez Ahmed,0,0,,,,,,,,,
1205757,2019/20,2019-11-11,BKC Ground,1,13.6,Puducherry,Mizoram,P Dogra,Marimuthu Vikneshwaran,Parvez Ahmed,6,0,,,,,,,,,
1205757,2019/20,2019-11-11,BKC Ground,1,14.1,Puducherry,Mizoram,Marimuthu Vikneshwaran,P Dogra,Lalhruaizela,0,0,,,,,,,,,
1205757,2019/20,2019-11-11,BKC Ground,1,14.2,Puducherry,Mizoram,Marimuthu Vikneshwaran,P Dogra,Lalhruaizela,1,0,,,,,,,,,
1205757,2019/20,2019-11-11,BKC Ground,1,14.3,Puducherry,Mizoram,P Dogra,Marimuthu Vikneshwaran,Lalhruaizela,0,0,,,,,,caught,P Dogra,,
1205757,2019/20,2019-11-11,BKC Ground,1,14.4,Puducherry,Mizoram,Sagar Trivedi,Marimuthu Vikneshwaran,Lalhruaizela,1,0,,,,,,,,,
1205757,2019/20,2019-11-11,BKC Ground,1,14.5,Puducherry,Mizoram,Marimuthu Vikneshwaran,Sagar Trivedi,Lalhruaizela,1,0,,,,,,,,,
1205757,2019/20,2019-11-11,BKC Ground,1,14.6,Puducherry,Mizoram,Sagar Trivedi,Marimuthu Vikneshwaran,Lalhruaizela,0,0,,,,,,,,,
1205757,2019/20,2019-11-11,BKC Ground,1,15.1,Puducherry,Mizoram,Marimuthu Vikneshwaran,Sagar Trivedi,Sumit Lama,0,0,,,,,,,,,
1205757,2019/20,2019-11-11,BKC Ground,1,15.2,Puducherry,Mizoram,Marimuthu Vikneshwaran,Sagar Trivedi,Sumit Lama,1,0,,,,,,,,,
1205757,2019/20,2019-11-11,BKC Ground,1,15.3,Puducherry,Mizoram,Sagar Trivedi,Marimuthu Vikneshwaran,Sumit Lama,1,0,,,,,,,,,
1205757,2019/20,2019-11-11,BKC Ground,1,15.4,Puducherry,Mizoram,Marimuthu Vikneshwaran,Sagar Trivedi,Sumit Lama,0,0,,,,,,caught,Marimuthu Vikneshwaran,,
1205757,2019/20,2019-11-11,BKC Ground,1,15.5,Puducherry,Mizoram,Sagar Trivedi,Fabid Ahmed,Sumit Lama,0,0,,,,,,,,,
1205757,2019/20,2019-11-11,BKC Ground,1,15.6,Puducherry,Mizoram,Sagar Trivedi,Fabid Ahmed,Sumit Lama,0,0,,,,,,caught,Sagar Trivedi,,
1205757,2019/20,2019-11-11,BKC Ground,1,16.1,Puducherry,Mizoram,R Vinay Kumar,Fabid Ahmed,Lalhruaizela,0,0,,,,,,,,,
1205757,2019/20,2019-11-11,BKC Ground,1,16.2,Puducherry,Mizoram,R Vinay Kumar,Fabid Ahmed,Lalhruaizela,1,0,,,,,,,,,
1205757,2019/20,2019-11-11,BKC Ground,1,16.3,Puducherry,Mizoram,Fabid Ahmed,R Vinay Kumar,Lalhruaizela,1,0,,,,,,,,,
1205757,2019/20,2019-11-11,BKC Ground,1,16.4,Puducherry,Mizoram,R Vinay Kumar,Fabid Ahmed,Lalhruaizela,0,0,,,,,,,,,
1205757,2019/20,2019-11-11,BKC Ground,1,16.5,Puducherry,Mizoram,R Vinay Kumar,Fabid Ahmed,Lalhruaizela,0,0,,,,,,,,,
1205757,2019/20,2019-11-11,BKC Ground,1,16.6,Puducherry,Mizoram,R Vinay Kumar,Fabid Ahmed,Lalhruaizela,1,0,,,,,,,,,
1205757,2019/20,2019-11-11,BKC Ground,1,17.1,Puducherry,Mizoram,R Vinay Kumar,Fabid Ahmed,Lalhruai Ralte,2,0,,,,,,,,,
1205757,2019/20,2019-11-11,BKC Ground,1,17.2,Puducherry,Mizoram,R Vinay Kumar,Fabid Ahmed,Lalhruai Ralte,1,0,,,,,,,,,
1205757,2019/20,2019-11-11,BKC Ground,1,17.3,Puducherry,Mizoram,Fabid Ahmed,R Vinay Kumar,Lalhruai Ralte,1,0,,,,,,,,,
1205757,2019/20,2019-11-11,BKC Ground,1,17.4,Puducherry,Mizoram,R Vinay Kumar,Fabid Ahmed,Lalhruai Ralte,1,0,,,,,,,,,
1205757,2019/20,2019-11-11,BKC Ground,1,17.5,Puducherry,Mizoram,Fabid Ahmed,R Vinay Kumar,Lalhruai Ralte,1,0,,,,,,,,,
1205757,2019/20,2019-11-11,BKC Ground,1,17.6,Puducherry,Mizoram,R Vinay Kumar,Fabid Ahmed,Lalhruai Ralte,1,0,,,,,,,,,
1205757,2019/20,2019-11-11,BKC Ground,1,18.1,Puducherry,Mizoram,R Vinay Kumar,Fabid Ahmed,Lalhruaizela,0,0,,,,,,,,,
1205757,2019/20,2019-11-11,BKC Ground,1,18.2,Puducherry,Mizoram,R Vinay Kumar,Fabid Ahmed,Lalhruaizela,1,0,,,,,,run out,Fabid Ahmed,,
1205757,2019/20,2019-11-11,BKC Ground,1,18.3,Puducherry,Mizoram,Ashith Rajiv,R Vinay Kumar,Lalhruaizela,1,0,,,,,,,,,
1205757,2019/20,2019-11-11,BKC Ground,1,18.4,Puducherry,Mizoram,R Vinay Kumar,Ashith Rajiv,Lalhruaizela,0,1,1,,,,,,,,
1205757,2019/20,2019-11-11,BKC Ground,1,18.5,Puducherry,Mizoram,R Vinay Kumar,Ashith Rajiv,Lalhruaizela,1,0,,,,,,,,,
1205757,2019/20,2019-11-11,BKC Ground,1,18.6,Puducherry,Mizoram,Ashith Rajiv,R Vinay Kumar,Lalhruaizela,1,0,,,,,,,,,
1205757,2019/20,2019-11-11,BKC Ground,1,18.7,Puducherry,Mizoram,R Vinay Kumar,Ashith Rajiv,Lalhruaizela,1,0,,,,,,,,,
1205757,2019/20,2019-11-11,BKC Ground,1,19.1,Puducherry,Mizoram,R Vinay Kumar,Ashith Rajiv,Lalhruai Ralte,6,0,,,,,,,,,
1205757,2019/20,2019-11-11,BKC Ground,1,19.2,Puducherry,Mizoram,R Vinay Kumar,Ashith Rajiv,Lalhruai Ralte,0,0,,,,,,,,,
1205757,2019/20,2019-11-11,BKC Ground,1,19.3,Puducherry,Mizoram,R Vinay Kumar,Ashith Rajiv,Lalhruai Ralte,1,0,,,,,,,,,
1205757,2019/20,2019-11-11,BKC Ground,1,19.4,Puducherry,Mizoram,Ashith Rajiv,R Vinay Kumar,Lalhruai Ralte,1,0,,,,,,,,,
1205757,2019/20,2019-11-11,BKC Ground,1,19.5,Puducherry,Mizoram,R Vinay Kumar,Ashith Rajiv,Lalhruai Ralte,4,0,,,,,,,,,
1205757,2019/20,2019-11-11,BKC Ground,1,19.6,Puducherry,Mizoram,R Vinay Kumar,Ashith Rajiv,Lalhruai Ralte,6,0,,,,,,,,,
1205757,2019/20,2019-11-11,BKC Ground,2,0.1,Mizoram,Puducherry,T Kohli,Lalhmangaiha,R Vinay Kumar,0,0,,,,,,,,,
1205757,2019/20,2019-11-11,BKC Ground,2,0.2,Mizoram,Puducherry,T Kohli,Lalhmangaiha,R Vinay Kumar,3,0,,,,,,,,,
1205757,2019/20,2019-11-11,BKC Ground,2,0.3,Mizoram,Puducherry,Lalhmangaiha,T Kohli,R Vinay Kumar,0,0,,,,,,,,,
1205757,2019/20,2019-11-11,BKC Ground,2,0.4,Mizoram,Puducherry,Lalhmangaiha,T Kohli,R Vinay Kumar,0,0,,,,,,,,,
1205757,2019/20,2019-11-11,BKC Ground,2,0.5,Mizoram,Puducherry,Lalhmangaiha,T Kohli,R Vinay Kumar,4,0,,,,,,,,,
1205757,2019/20,2019-11-11,BKC Ground,2,0.6,Mizoram,Puducherry,Lalhmangaiha,T Kohli,R Vinay Kumar,1,0,,,,,,,,,
1205757,2019/20,2019-11-11,BKC Ground,2,1.1,Mizoram,Puducherry,Lalhmangaiha,T Kohli,Fabid Ahmed,0,0,,,,,,,,,
1205757,2019/20,2019-11-11,BKC Ground,2,1.2,Mizoram,Puducherry,Lalhmangaiha,T Kohli,Fabid Ahmed,0,0,,,,,,,,,
1205757,2019/20,2019-11-11,BKC Ground,2,1.3,Mizoram,Puducherry,Lalhmangaiha,T Kohli,Fabid Ahmed,0,0,,,,,,caught,Lalhmangaiha,,
1205757,2019/20,2019-11-11,BKC Ground,2,1.4,Mizoram,Puducherry,T Kohli,Lalhruaizela,Fabid Ahmed,0,0,,,,,,,,,
1205757,2019/20,2019-11-11,BKC Ground,2,1.5,Mizoram,Puducherry,T Kohli,Lalhruaizela,Fabid Ahmed,0,0,,,,,,,,,
1205757,2019/20,2019-11-11,BKC Ground,2,1.6,Mizoram,Puducherry,T Kohli,Lalhruaizela,Fabid Ahmed,1,0,,,,,,,,,
1205757,2019/20,2019-11-11,BKC Ground,2,2.1,Mizoram,Puducherry,T Kohli,Lalhruaizela,R Vinay Kumar,1,0,,,,,,,,,
1205757,2019/20,2019-11-11,BKC Ground,2,2.2,Mizoram,Puducherry,Lalhruaizela,T Kohli,R Vinay Kumar,0,0,,,,,,,,,
1205757,2019/20,2019-11-11,BKC Ground,2,2.3,Mizoram,Puducherry,Lalhruaizela,T Kohli,R Vinay Kumar,0,0,,,,,,,,,
1205757,2019/20,2019-11-11,BKC Ground,2,2.4,Mizoram,Puducherry,Lalhruaizela,T Kohli,R Vinay Kumar,0,0,,,,,,,,,
1205757,2019/20,2019-11-11,BKC Ground,2,2.5,Mizoram,Puducherry,Lalhruaizela,T Kohli,R Vinay Kumar,0,0,,,,,,,,,
1205757,2019/20,2019-11-11,BKC Ground,2,2.6,Mizoram,Puducherry,Lalhruaizela,T Kohli,R Vinay Kumar,0,0,,,,,,,,,
1205757,2019/20,2019-11-11,BKC Ground,2,3.1,Mizoram,Puducherry,T Kohli,Lalhruaizela,Fabid Ahmed,0,0,,,,,,,,,
1205757,2019/20,2019-11-11,BKC Ground,2,3.2,Mizoram,Puducherry,T Kohli,Lalhruaizela,Fabid Ahmed,0,0,,,,,,,,,
1205757,2019/20,2019-11-11,BKC Ground,2,3.3,Mizoram,Puducherry,T Kohli,Lalhruaizela,Fabid Ahmed,0,0,,,,,,,,,
1205757,2019/20,2019-11-11,BKC Ground,2,3.4,Mizoram,Puducherry,T Kohli,Lalhruaizela,Fabid Ahmed,1,0,,,,,,,,,
1205757,2019/20,2019-11-11,BKC Ground,2,3.5,Mizoram,Puducherry,Lalhruaizela,T Kohli,Fabid Ahmed,0,0,,,,,,,,,
1205757,2019/20,2019-11-11,BKC Ground,2,3.6,Mizoram,Puducherry,Lalhruaizela,T Kohli,Fabid Ahmed,1,0,,,,,,,,,
1205757,2019/20,2019-11-11,BKC Ground,2,4.1,Mizoram,Puducherry,Lalhruaizela,T Kohli,Ashith Rajiv,0,0,,,,,,,,,
1205757,2019/20,2019-11-11,BKC Ground,2,4.2,Mizoram,Puducherry,Lalhruaizela,T Kohli,Ashith Rajiv,1,0,,,,,,,,,
1205757,2019/20,2019-11-11,BKC Ground,2,4.3,Mizoram,Puducherry,T Kohli,Lalhruaizela,Ashith Rajiv,2,0,,,,,,,,,
1205757,2019/20,2019-11-11,BKC Ground,2,4.4,Mizoram,Puducherry,T Kohli,Lalhruaizela,Ashith Rajiv,1,0,,,,,,,,,
1205757,2019/20,2019-11-11,BKC Ground,2,4.5,Mizoram,Puducherry,Lalhruaizela,T Kohli,Ashith Rajiv,1,0,,,,,,,,,
1205757,2019/20,2019-11-11,BKC Ground,2,4.6,Mizoram,Puducherry,T Kohli,Lalhruaizela,Ashith Rajiv,1,0,,,,,,,,,
1205757,2019/20,2019-11-11,BKC Ground,2,5.1,Mizoram,Puducherry,T Kohli,Lalhruaizela,Sagar Udeshi,0,0,,,,,,,,,
1205757,2019/20,2019-11-11,BKC Ground,2,5.2,Mizoram,Puducherry,T Kohli,Lalhruaizela,Sagar Udeshi,0,0,,,,,,,,,
1205757,2019/20,2019-11-11,BKC Ground,2,5.3,Mizoram,Puducherry,T Kohli,Lalhruaizela,Sagar Udeshi,0,0,,,,,,,,,
1205757,2019/20,2019-11-11,BKC Ground,2,5.4,Mizoram,Puducherry,T Kohli,Lalhruaizela,Sagar Udeshi,0,0,,,,,,,,,
1205757,2019/20,2019-11-11,BKC Ground,2,5.5,Mizoram,Puducherry,T Kohli,Lalhruaizela,Sagar Udeshi,1,0,,,,,,,,,
1205757,2019/20,2019-11-11,BKC Ground,2,5.6,Mizoram,Puducherry,Lalhruaizela,T Kohli,Sagar Udeshi,0,0,,,,,,,,,
1205757,2019/20,2019-11-11,BKC Ground,2,6.1,Mizoram,Puducherry,T Kohli,Lalhruaizela,Ashith Rajiv,4,0,,,,,,,,,
1205757,2019/20,2019-11-11,BKC Ground,2,6.2,Mizoram,Puducherry,T Kohli,Lalhruaizela,Ashith Rajiv,1,0,,,,,,,,,
1205757,2019/20,2019-11-11,BKC Ground,2,6.3,Mizoram,Puducherry,Lalhruaizela,T Kohli,Ashith Rajiv,0,0,,,,,,caught,Lalhruaizela,,
1205757,2019/20,2019-11-11,BKC Ground,2,6.4,Mizoram,Puducherry,T Kohli,KB Pawan,Ashith Rajiv,0,0,,,,,,,,,
1205757,2019/20,2019-11-11,BKC Ground,2,6.5,Mizoram,Puducherry,T Kohli,KB Pawan,Ashith Rajiv,0,0,,,,,,,,,
1205757,2019/20,2019-11-11,BKC Ground,2,6.6,Mizoram,Puducherry,T Kohli,KB Pawan,Ashith Rajiv,0,0,,,,,,,,,
1205757,2019/20,2019-11-11,BKC Ground,2,7.1,Mizoram,Puducherry,KB Pawan,T Kohli,Sagar Udeshi,1,0,,,,,,,,,
1205757,2019/20,2019-11-11,BKC Ground,2,7.2,Mizoram,Puducherry,T Kohli,KB Pawan,Sagar Udeshi,0,0,,,,,,,,,
1205757,2019/20,2019-11-11,BKC Ground,2,7.3,Mizoram,Puducherry,T Kohli,KB Pawan,Sagar Udeshi,4,0,,,,,,,,,
1205757,2019/20,2019-11-11,BKC Ground,2,7.4,Mizoram,Puducherry,T Kohli,KB Pawan,Sagar Udeshi,1,0,,,,,,,,,
1205757,2019/20,2019-11-11,BKC Ground,2,7.5,Mizoram,Puducherry,KB Pawan,T Kohli,Sagar Udeshi,0,0,,,,,,,,,
1205757,2019/20,2019-11-11,BKC Ground,2,7.6,Mizoram,Puducherry,KB Pawan,T Kohli,Sagar Udeshi,4,0,,,,,,,,,
1205757,2019/20,2019-11-11,BKC Ground,2,8.1,Mizoram,Puducherry,T Kohli,KB Pawan,A Aravinddaraj,1,0,,,,,,,,,
1205757,2019/20,2019-11-11,BKC Ground,2,8.2,Mizoram,Puducherry,KB Pawan,T Kohli,A Aravinddaraj,0,0,,,,,,,,,
1205757,2019/20,2019-11-11,BKC Ground,2,8.3,Mizoram,Puducherry,KB Pawan,T Kohli,A Aravinddaraj,0,0,,,,,,,,,
1205757,2019/20,2019-11-11,BKC Ground,2,8.4,Mizoram,Puducherry,KB Pawan,T Kohli,A Aravinddaraj,1,0,,,,,,,,,
1205757,2019/20,2019-11-11,BKC Ground,2,8.5,Mizoram,Puducherry,T Kohli,KB Pawan,A Aravinddaraj,1,0,,,,,,,,,
1205757,2019/20,2019-11-11,BKC Ground,2,8.6,Mizoram,Puducherry,KB Pawan,T Kohli,A Aravinddaraj,0,0,,,,,,,,,
1205757,2019/20,2019-11-11,BKC Ground,2,9.1,Mizoram,Puducherry,T Kohli,KB Pawan,Fabid Ahmed,1,0,,,,,,,,,
1205757,2019/20,2019-11-11,BKC Ground,2,9.2,Mizoram,Puducherry,KB Pawan,T Kohli,Fabid Ahmed,1,0,,,,,,,,,
1205757,2019/20,2019-11-11,BKC Ground,2,9.3,Mizoram,Puducherry,T Kohli,KB Pawan,Fabid Ahmed,6,0,,,,,,,,,
1205757,2019/20,2019-11-11,BKC Ground,2,9.4,Mizoram,Puducherry,T Kohli,KB Pawan,Fabid Ahmed,1,0,,,,,,,,,
1205757,2019/20,2019-11-11,BKC Ground,2,9.5,Mizoram,Puducherry,KB Pawan,T Kohli,Fabid Ahmed,1,0,,,,,,,,,
1205757,2019/20,2019-11-11,BKC Ground,2,9.6,Mizoram,Puducherry,T Kohli,KB Pawan,Fabid Ahmed,2,0,,,,,,,,,
1205757,2019/20,2019-11-11,BKC Ground,2,10.1,Mizoram,Puducherry,KB Pawan,T Kohli,A Aravinddaraj,1,0,,,,,,,,,
1205757,2019/20,2019-11-11,BKC Ground,2,10.2,Mizoram,Puducherry,T Kohli,KB Pawan,A Aravinddaraj,1,0,,,,,,,,,
1205757,2019/20,2019-11-11,BKC Ground,2,10.3,Mizoram,Puducherry,KB Pawan,T Kohli,A Aravinddaraj,1,0,,,,,,,,,
1205757,2019/20,2019-11-11,BKC Ground,2,10.4,Mizoram,Puducherry,T Kohli,KB Pawan,A Aravinddaraj,1,0,,,,,,,,,
1205757,2019/20,2019-11-11,BKC Ground,2,10.5,Mizoram,Puducherry,KB Pawan,T Kohli,A Aravinddaraj,1,0,,,,,,,,,
1205757,2019/20,2019-11-11,BKC Ground,2,10.6,Mizoram,Puducherry,T Kohli,KB Pawan,A Aravinddaraj,0,0,,,,,,,,,
1205757,2019/20,2019-11-11,BKC Ground,2,11.1,Mizoram,Puducherry,KB Pawan,T Kohli,Marimuthu Vikneshwaran,0,0,,,,,,,,,
1205757,2019/20,2019-11-11,BKC Ground,2,11.2,Mizoram,Puducherry,KB Pawan,T Kohli,Marimuthu Vikneshwaran,4,0,,,,,,,,,
1205757,2019/20,2019-11-11,BKC Ground,2,11.3,Mizoram,Puducherry,KB Pawan,T Kohli,Marimuthu Vikneshwaran,1,0,,,,,,,,,
1205757,2019/20,2019-11-11,BKC Ground,2,11.4,Mizoram,Puducherry,T Kohli,KB Pawan,Marimuthu Vikneshwaran,1,0,,,,,,,,,
1205757,2019/20,2019-11-11,BKC Ground,2,11.5,Mizoram,Puducherry,KB Pawan,T Kohli,Marimuthu Vikneshwaran,1,0,,,,,,,,,
1205757,2019/20,2019-11-11,BKC Ground,2,11.6,Mizoram,Puducherry,T Kohli,KB Pawan,Marimuthu Vikneshwaran,4,0,,,,,,,,,
1205757,2019/20,2019-11-11,BKC Ground,2,12.1,Mizoram,Puducherry,KB Pawan,T Kohli,Sagar Udeshi,0,0,,,,,,,,,
1205757,2019/20,2019-11-11,BKC Ground,2,12.2,Mizoram,Puducherry,KB Pawan,T Kohli,Sagar Udeshi,0,0,,,,,,,,,
1205757,2019/20,2019-11-11,BKC Ground,2,12.3,Mizoram,Puducherry,KB Pawan,T Kohli,Sagar Udeshi,0,0,,,,,,,,,
1205757,2019/20,2019-11-11,BKC Ground,2,12.4,Mizoram,Puducherry,KB Pawan,T Kohli,Sagar Udeshi,1,0,,,,,,,,,
1205757,2019/20,2019-11-11,BKC Ground,2,12.5,Mizoram,Puducherry,T Kohli,KB Pawan,Sagar Udeshi,1,0,,,,,,,,,
1205757,2019/20,2019-11-11,BKC Ground,2,12.6,Mizoram,Puducherry,KB Pawan,T Kohli,Sagar Udeshi,1,0,,,,,,,,,
1205757,2019/20,2019-11-11,BKC Ground,2,13.1,Mizoram,Puducherry,KB Pawan,T Kohli,Ashith Rajiv,6,0,,,,,,,,,
1205757,2019/20,2019-11-11,BKC Ground,2,13.2,Mizoram,Puducherry,KB Pawan,T Kohli,Ashith Rajiv,1,0,,,,,,,,,
1205757,2019/20,2019-11-11,BKC Ground,2,13.3,Mizoram,Puducherry,T Kohli,KB Pawan,Ashith Rajiv,1,0,,,,,,,,,
1205757,2019/20,2019-11-11,BKC Ground,2,13.4,Mizoram,Puducherry,KB Pawan,T Kohli,Ashith Rajiv,0,0,,,,,,,,,
1205757,2019/20,2019-11-11,BKC Ground,2,13.5,Mizoram,Puducherry,KB Pawan,T Kohli,Ashith Rajiv,0,0,,,,,,caught,KB Pawan,,
1205757,2019/20,2019-11-11,BKC Ground,2,13.6,Mizoram,Puducherry,T Kohli,Reuben Lalhruaizela,Ashith Rajiv,1,0,,,,,,,,,
1205757,2019/20,2019-11-11,BKC Ground,2,14.1,Mizoram,Puducherry,T Kohli,Reuben Lalhruaizela,A Aravinddaraj,1,0,,,,,,,,,
1205757,2019/20,2019-11-11,BKC Ground,2,14.2,Mizoram,Puducherry,Reuben Lalhruaizela,T Kohli,A Aravinddaraj,0,0,,,,,,,,,
1205757,2019/20,2019-11-11,BKC Ground,2,14.3,Mizoram,Puducherry,Reuben Lalhruaizela,T Kohli,A Aravinddaraj,0,0,,,,,,,,,
1205757,2019/20,2019-11-11,BKC Ground,2,14.4,Mizoram,Puducherry,Reuben Lalhruaizela,T Kohli,A Aravinddaraj,0,0,,,,,,,,,
1205757,2019/20,2019-11-11,BKC Ground,2,14.5,Mizoram,Puducherry,Reuben Lalhruaizela,T Kohli,A Aravinddaraj,1,0,,,,,,,,,
1205757,2019/20,2019-11-11,BKC Ground,2,14.6,Mizoram,Puducherry,T Kohli,Reuben Lalhruaizela,A Aravinddaraj,1,0,,,,,,,,,
1205757,2019/20,2019-11-11,BKC Ground,2,15.1,Mizoram,Puducherry,T Kohli,Reuben Lalhruaizela,Sagar Udeshi,1,0,,,,,,,,,
1205757,2019/20,2019-11-11,BKC Ground,2,15.2,Mizoram,Puducherry,Reuben Lalhruaizela,T Kohli,Sagar Udeshi,0,0,,,,,,,,,
1205757,2019/20,2019-11-11,BKC Ground,2,15.3,Mizoram,Puducherry,Reuben Lalhruaizela,T Kohli,Sagar Udeshi,0,0,,,,,,,,,
1205757,2019/20,2019-11-11,BKC Ground,2,15.4,Mizoram,Puducherry,Reuben Lalhruaizela,T Kohli,Sagar Udeshi,1,0,,,,,,,,,
1205757,2019/20,2019-11-11,BKC Ground,2,15.5,Mizoram,Puducherry,T Kohli,Reuben Lalhruaizela,Sagar Udeshi,4,0,,,,,,,,,
1205757,2019/20,2019-11-11,BKC Ground,2,15.6,Mizoram,Puducherry,T Kohli,Reuben Lalhruaizela,Sagar Udeshi,1,0,,,,,,,,,
1205757,2019/20,2019-11-11,BKC Ground,2,16.1,Mizoram,Puducherry,T Kohli,Reuben Lalhruaizela,R Vinay Kumar,1,0,,,,,,,,,
1205757,2019/20,2019-11-11,BKC Ground,2,16.2,Mizoram,Puducherry,Reuben Lalhruaizela,T Kohli,R Vinay Kumar,1,0,,,,,,,,,
1205757,2019/20,2019-11-11,BKC Ground,2,16.3,Mizoram,Puducherry,T Kohli,Reuben Lalhruaizela,R Vinay Kumar,4,0,,,,,,,,,
1205757,2019/20,2019-11-11,BKC Ground,2,16.4,Mizoram,Puducherry,T Kohli,Reuben Lalhruaizela,R Vinay Kumar,0,0,,,,,,,,,
1205757,2019/20,2019-11-11,BKC Ground,2,16.5,Mizoram,Puducherry,T Kohli,Reuben Lalhruaizela,R Vinay Kumar,1,0,,,,,,,,,
1205757,2019/20,2019-11-11,BKC Ground,2,16.6,Mizoram,Puducherry,Reuben Lalhruaizela,T Kohli,R Vinay Kumar,1,0,,,,,,run out,Reuben Lalhruaizela,,
1205757,2019/20,2019-11-11,BKC Ground,2,17.1,Mizoram,Puducherry,T Kohli,Parvez Ahmed,Ashith Rajiv,0,0,,,,,,,,,
1205757,2019/20,2019-11-11,BKC Ground,2,17.2,Mizoram,Puducherry,T Kohli,Parvez Ahmed,Ashith Rajiv,1,0,,,,,,,,,
1205757,2019/20,2019-11-11,BKC Ground,2,17.3,Mizoram,Puducherry,Parvez Ahmed,T Kohli,Ashith Rajiv,1,0,,,,,,,,,
1205757,2019/20,2019-11-11,BKC Ground,2,17.4,Mizoram,Puducherry,T Kohli,Parvez Ahmed,Ashith Rajiv,1,0,,,,,,,,,
1205757,2019/20,2019-11-11,BKC Ground,2,17.5,Mizoram,Puducherry,Parvez Ahmed,T Kohli,Ashith Rajiv,2,0,,,,,,,,,
1205757,2019/20,2019-11-11,BKC Ground,2,17.6,Mizoram,Puducherry,Parvez Ahmed,T Kohli,Ashith Rajiv,0,0,,,,,,,,,
1205757,2019/20,2019-11-11,BKC Ground,2,18.1,Mizoram,Puducherry,T Kohli,Parvez Ahmed,R Vinay Kumar,0,1,1,,,,,,,,
1205757,2019/20,2019-11-11,BKC Ground,2,18.2,Mizoram,Puducherry,T Kohli,Parvez Ahmed,R Vinay Kumar,0,0,,,,,,,,,
1205757,2019/20,2019-11-11,BKC Ground,2,18.3,Mizoram,Puducherry,T Kohli,Parvez Ahmed,R Vinay Kumar,4,0,,,,,,,,,
1205757,2019/20,2019-11-11,BKC Ground,2,18.4,Mizoram,Puducherry,T Kohli,Parvez Ahmed,R Vinay Kumar,2,0,,,,,,,,,
1205757,2019/20,2019-11-11,BKC Ground,2,18.5,Mizoram,Puducherry,T Kohli,Parvez Ahmed,R Vinay Kumar,0,0,,,,,,,,,
1205757,2019/20,2019-11-11,BKC Ground,2,18.6,Mizoram,Puducherry,T Kohli,Parvez Ahmed,R Vinay Kumar,0,1,1,,,,,,,,
1205757,2019/20,2019-11-11,BKC Ground,2,18.7,Mizoram,Puducherry,T Kohli,Parvez Ahmed,R Vinay Kumar,0,1,1,,,,,,,,
1205757,2019/20,2019-11-11,BKC Ground,2,18.8,Mizoram,Puducherry,T Kohli,Parvez Ahmed,R Vinay Kumar,1,0,,,,,,,,,
1205757,2019/20,2019-11-11,BKC Ground,2,18.9,Mizoram,Puducherry,Parvez Ahmed,T Kohli,R Vinay Kumar,2,0,,,,,,,,,
1205757,2019/20,2019-11-11,BKC Ground,2,19.1,Mizoram,Puducherry,T Kohli,Parvez Ahmed,A Aravinddaraj,2,0,,,,,,,,,
1205757,2019/20,2019-11-11,BKC Ground,2,19.2,Mizoram,Puducherry,T Kohli,Parvez Ahmed,A Aravinddaraj,6,0,,,,,,,,,
1205757,2019/20,2019-11-11,BKC Ground,2,19.3,Mizoram,Puducherry,T Kohli,Parvez Ahmed,A Aravinddaraj,1,0,,,,,,,,,
1205757,2019/20,2019-11-11,BKC Ground,2,19.4,Mizoram,Puducherry,Parvez Ahmed,T Kohli,A Aravinddaraj,1,0,,,,,,,,,
1205757,2019/20,2019-11-11,BKC Ground,2,19.5,Mizoram,Puducherry,T Kohli,Parvez Ahmed,A Aravinddaraj,1,0,,,,,,,,,
1205757,2019/20,2019-11-11,BKC Ground,2,19.6,Mizoram,Puducherry,Parvez Ahmed,T Kohli,A Aravinddaraj,1,0,,,,,,,,,
