match_id,season,start_date,venue,innings,ball,batting_team,bowling_team,striker,non_striker,bowler,runs_off_bat,extras,wides,noballs,byes,legbyes,penalty,wicket_type,player_dismissed,other_wicket_type,other_player_dismissed
1205775,2019/20,2019-11-12,BKC Ground,1,0.1,Madhya Pradesh,Mizoram,NV Ojha,Ashutosh Sharma,Lalhruai Ralte,0,0,,,,,,caught,NV Ojha,,
1205775,2019/20,2019-11-12,BKC Ground,1,0.2,Madhya Pradesh,Mizoram,RM Patidar,Ashutosh Sharma,Lalhruai Ralte,0,0,,,,,,,,,
1205775,2019/20,2019-11-12,BKC Ground,1,0.3,Madhya Pradesh,Mizoram,RM Patidar,Ashutosh Sharma,Lalhruai Ralte,0,0,,,,,,,,,
1205775,2019/20,2019-11-12,BKC Ground,1,0.4,Madhya Pradesh,Mizoram,RM Patidar,Ashutosh Sharma,Lalhruai Ralte,0,0,,,,,,,,,
1205775,2019/20,2019-11-12,BKC Ground,1,0.5,Madhya Pradesh,Mizoram,RM Patidar,Ashutosh Sharma,Lalhruai Ralte,0,0,,,,,,,,,
1205775,2019/20,2019-11-12,BKC Ground,1,0.6,Madhya Pradesh,Mizoram,RM Patidar,Ashutosh Sharma,Lalhruai Ralte,0,0,,,,,,,,,
1205775,2019/20,2019-11-12,BKC Ground,1,1.1,Madhya Pradesh,Mizoram,Ashutosh Sharma,RM Patidar,Sumit Lama,1,0,,,,,,,,,
1205775,2019/20,2019-11-12,BKC Ground,1,1.2,Madhya Pradesh,Mizoram,RM Patidar,Ashutosh Sharma,Sumit Lama,4,0,,,,,,,,,
1205775,2019/20,2019-11-12,BKC Ground,1,1.3,Madhya Pradesh,Mizoram,RM Patidar,Ashutosh Sharma,Sumit Lama,1,0,,,,,,,,,
1205775,2019/20,2019-11-12,BKC Ground,1,1.4,Madhya Pradesh,Mizoram,Ashutosh Sharma,RM Patidar,Sumit Lama,1,0,,,,,,,,,
1205775,2019/20,2019-11-12,BKC Ground,1,1.5,Madhya Pradesh,Mizoram,RM Patidar,Ashutosh Sharma,Sumit Lama,0,0,,,,,,,,,
1205775,2019/20,2019-11-12,BKC Ground,1,1.6,Madhya Pradesh,Mizoram,RM Patidar,Ashutosh Sharma,Sumit Lama,2,0,,,,,,,,,
1205775,2019/20,2019-11-12,BKC Ground,1,2.1,Madhya Pradesh,Mizoram,Ashutosh Sharma,RM Patidar,Lalhruai Ralte,0,0,,,,,,,,,
1205775,2019/20,2019-11-12,BKC Ground,1,2.2,Madhya Pradesh,Mizoram,Ashutosh Sharma,RM Patidar,Lalhruai Ralte,0,0,,,,,,,,,
1205775,2019/20,2019-11-12,BKC Ground,1,2.3,Madhya Pradesh,Mizoram,Ashutosh Sharma,RM Patidar,Lalhruai Ralte,0,0,,,,,,,,,
1205775,2019/20,2019-11-12,BKC Ground,1,2.4,Madhya Pradesh,Mizoram,Ashutosh Sharma,RM Patidar,Lalhruai Ralte,4,0,,,,,,,,,
1205775,2019/20,2019-11-12,BKC Ground,1,2.5,Madhya Pradesh,Mizoram,Ashutosh Sharma,RM Patidar,Lalhruai Ralte,0,0,,,,,,,,,
1205775,2019/20,2019-11-12,BKC Ground,1,2.6,Madhya Pradesh,Mizoram,Ashutosh Sharma,RM Patidar,Lalhruai Ralte,6,0,,,,,,,,,
1205775,2019/20,2019-11-12,BKC Ground,1,3.1,Madhya Pradesh,Mizoram,RM Patidar,Ashutosh Sharma,Sumit Lama,0,0,,,,,,,,,
1205775,2019/20,2019-11-12,BKC Ground,1,3.2,Madhya Pradesh,Mizoram,RM Patidar,Ashutosh Sharma,Sumit Lama,0,0,,,,,,,,,
1205775,2019/20,2019-11-12,BKC Ground,1,3.3,Madhya Pradesh,Mizoram,RM Patidar,Ashutosh Sharma,Sumit Lama,6,0,,,,,,,,,
1205775,2019/20,2019-11-12,BKC Ground,1,3.4,Madhya Pradesh,Mizoram,RM Patidar,Ashutosh Sharma,Sumit Lama,1,0,,,,,,,,,
1205775,2019/20,2019-11-12,BKC Ground,1,3.5,Madhya Pradesh,Mizoram,Ashutosh Sharma,RM Patidar,Sumit Lama,0,0,,,,,,,,,
1205775,2019/20,2019-11-12,BKC Ground,1,3.6,Madhya Pradesh,Mizoram,Ashutosh Sharma,RM Patidar,Sumit Lama,1,0,,,,,,,,,
1205775,2019/20,2019-11-12,BKC Ground,1,4.1,Madhya Pradesh,Mizoram,Ashutosh Sharma,RM Patidar,Lalhruai Ralte,4,0,,,,,,,,,
1205775,2019/20,2019-11-12,BKC Ground,1,4.2,Madhya Pradesh,Mizoram,Ashutosh Sharma,RM Patidar,Lalhruai Ralte,6,0,,,,,,,,,
1205775,2019/20,2019-11-12,BKC Ground,1,4.3,Madhya Pradesh,Mizoram,Ashutosh Sharma,RM Patidar,Lalhruai Ralte,0,0,,,,,,,,,
1205775,2019/20,2019-11-12,BKC Ground,1,4.4,Madhya Pradesh,Mizoram,Ashutosh Sharma,RM Patidar,Lalhruai Ralte,1,0,,,,,,,,,
1205775,2019/20,2019-11-12,BKC Ground,1,4.5,Madhya Pradesh,Mizoram,RM Patidar,Ashutosh Sharma,Lalhruai Ralte,1,0,,,,,,,,,
1205775,2019/20,2019-11-12,BKC Ground,1,4.6,Madhya Pradesh,Mizoram,Ashutosh Sharma,RM Patidar,Lalhruai Ralte,6,0,,,,,,,,,
1205775,2019/20,2019-11-12,BKC Ground,1,5.1,Madhya Pradesh,Mizoram,RM Patidar,Ashutosh Sharma,Sumit Lama,1,0,,,,,,,,,
1205775,2019/20,2019-11-12,BKC Ground,1,5.2,Madhya Pradesh,Mizoram,Ashutosh Sharma,RM Patidar,Sumit Lama,4,0,,,,,,,,,
1205775,2019/20,2019-11-12,BKC Ground,1,5.3,Madhya Pradesh,Mizoram,Ashutosh Sharma,RM Patidar,Sumit Lama,0,0,,,,,,,,,
1205775,2019/20,2019-11-12,BKC Ground,1,5.4,Madhya Pradesh,Mizoram,Ashutosh Sharma,RM Patidar,Sumit Lama,1,0,,,,,,,,,
1205775,2019/20,2019-11-12,BKC Ground,1,5.5,Madhya Pradesh,Mizoram,RM Patidar,Ashutosh Sharma,Sumit Lama,0,1,1,,,,,,,,
1205775,2019/20,2019-11-12,BKC Ground,1,5.6,Madhya Pradesh,Mizoram,RM Patidar,Ashutosh Sharma,Sumit Lama,2,0,,,,,,,,,
1205775,2019/20,2019-11-12,BKC Ground,1,5.7,Madhya Pradesh,Mizoram,RM Patidar,Ashutosh Sharma,Sumit Lama,0,0,,,,,,,,,
1205775,2019/20,2019-11-12,BKC Ground,1,6.1,Madhya Pradesh,Mizoram,Ashutosh Sharma,RM Patidar,G Lalbiakvela,1,0,,,,,,,,,
1205775,2019/20,2019-11-12,BKC Ground,1,6.2,Madhya Pradesh,Mizoram,RM Patidar,Ashutosh Sharma,G Lalbiakvela,4,0,,,,,,,,,
1205775,2019/20,2019-11-12,BKC Ground,1,6.3,Madhya Pradesh,Mizoram,RM Patidar,Ashutosh Sharma,G Lalbiakvela,0,0,,,,,,caught,RM Patidar,,
1205775,2019/20,2019-11-12,BKC Ground,1,6.4,Madhya Pradesh,Mizoram,Rishabh Chouhan,Ashutosh Sharma,G Lalbiakvela,0,1,1,,,,,,,,
1205775,2019/20,2019-11-12,BKC Ground,1,6.5,Madhya Pradesh,Mizoram,Rishabh Chouhan,Ashutosh Sharma,G Lalbiakvela,0,0,,,,,,,,,
1205775,2019/20,2019-11-12,BKC Ground,1,6.6,Madhya Pradesh,Mizoram,Rishabh Chouhan,Ashutosh Sharma,G Lalbiakvela,2,0,,,,,,,,,
1205775,2019/20,2019-11-12,BKC Ground,1,6.7,Madhya Pradesh,Mizoram,Rishabh Chouhan,Ashutosh Sharma,G Lalbiakvela,0,0,,,,,,,,,
1205775,2019/20,2019-11-12,BKC Ground,1,7.1,Madhya Pradesh,Mizoram,Ashutosh Sharma,Rishabh Chouhan,Lalhmangaiha,4,0,,,,,,,,,
1205775,2019/20,2019-11-12,BKC Ground,1,7.2,Madhya Pradesh,Mizoram,Ashutosh Sharma,Rishabh Chouhan,Lalhmangaiha,1,0,,,,,,,,,
1205775,2019/20,2019-11-12,BKC Ground,1,7.3,Madhya Pradesh,Mizoram,Rishabh Chouhan,Ashutosh Sharma,Lalhmangaiha,1,0,,,,,,,,,
1205775,2019/20,2019-11-12,BKC Ground,1,7.4,Madhya Pradesh,Mizoram,Ashutosh Sharma,Rishabh Chouhan,Lalhmangaiha,2,0,,,,,,,,,
1205775,2019/20,2019-11-12,BKC Ground,1,7.5,Madhya Pradesh,Mizoram,Ashutosh Sharma,Rishabh Chouhan,Lalhmangaiha,0,0,,,,,,,,,
1205775,2019/20,2019-11-12,BKC Ground,1,7.6,Madhya Pradesh,Mizoram,Ashutosh Sharma,Rishabh Chouhan,Lalhmangaiha,4,0,,,,,,,,,
1205775,2019/20,2019-11-12,BKC Ground,1,8.1,Madhya Pradesh,Mizoram,Rishabh Chouhan,Ashutosh Sharma,G Lalbiakvela,4,0,,,,,,,,,
1205775,2019/20,2019-11-12,BKC Ground,1,8.2,Madhya Pradesh,Mizoram,Rishabh Chouhan,Ashutosh Sharma,G Lalbiakvela,4,0,,,,,,,,,
1205775,2019/20,2019-11-12,BKC Ground,1,8.3,Madhya Pradesh,Mizoram,Rishabh Chouhan,Ashutosh Sharma,G Lalbiakvela,0,1,,,,1,,,,,
1205775,2019/20,2019-11-12,BKC Ground,1,8.4,Madhya Pradesh,Mizoram,Ashutosh Sharma,Rishabh Chouhan,G Lalbiakvela,0,0,,,,,,,,,
1205775,2019/20,2019-11-12,BKC Ground,1,8.5,Madhya Pradesh,Mizoram,Ashutosh Sharma,Rishabh Chouhan,G Lalbiakvela,0,0,,,,,,,,,
1205775,2019/20,2019-11-12,BKC Ground,1,8.6,Madhya Pradesh,Mizoram,Ashutosh Sharma,Rishabh Chouhan,G Lalbiakvela,0,0,,,,,,,,,
1205775,2019/20,2019-11-12,BKC Ground,1,9.1,Madhya Pradesh,Mizoram,Rishabh Chouhan,Ashutosh Sharma,Lalhruaizela,1,0,,,,,,,,,
1205775,2019/20,2019-11-12,BKC Ground,1,9.2,Madhya Pradesh,Mizoram,Ashutosh Sharma,Rishabh Chouhan,Lalhruaizela,0,0,,,,,,,,,
1205775,2019/20,2019-11-12,BKC Ground,1,9.3,Madhya Pradesh,Mizoram,Ashutosh Sharma,Rishabh Chouhan,Lalhruaizela,6,0,,,,,,,,,
1205775,2019/20,2019-11-12,BKC Ground,1,9.4,Madhya Pradesh,Mizoram,Ashutosh Sharma,Rishabh Chouhan,Lalhruaizela,1,0,,,,,,,,,
1205775,2019/20,2019-11-12,BKC Ground,1,9.5,Madhya Pradesh,Mizoram,Rishabh Chouhan,Ashutosh Sharma,Lalhruaizela,1,0,,,,,,,,,
1205775,2019/20,2019-11-12,BKC Ground,1,9.6,Madhya Pradesh,Mizoram,Ashutosh Sharma,Rishabh Chouhan,Lalhruaizela,4,0,,,,,,,,,
1205775,2019/20,2019-11-12,BKC Ground,1,10.1,Madhya Pradesh,Mizoram,Rishabh Chouhan,Ashutosh Sharma,G Lalbiakvela,0,0,,,,,,,,,
1205775,2019/20,2019-11-12,BKC Ground,1,10.2,Madhya Pradesh,Mizoram,Rishabh Chouhan,Ashutosh Sharma,G Lalbiakvela,1,0,,,,,,,,,
1205775,2019/20,2019-11-12,BKC Ground,1,10.3,Madhya Pradesh,Mizoram,Ashutosh Sharma,Rishabh Chouhan,G Lalbiakvela,0,0,,,,,,lbw,Ashutosh Sharma,,
1205775,2019/20,2019-11-12,BKC Ground,1,10.4,Madhya Pradesh,Mizoram,Parth Sahani,Rishabh Chouhan,G Lalbiakvela,1,0,,,,,,,,,
1205775,2019/20,2019-11-12,BKC Ground,1,10.5,Madhya Pradesh,Mizoram,Rishabh Chouhan,Parth Sahani,G Lalbiakvela,4,0,,,,,,,,,
1205775,2019/20,2019-11-12,BKC Ground,1,10.6,Madhya Pradesh,Mizoram,Rishabh Chouhan,Parth Sahani,G Lalbiakvela,1,0,,,,,,,,,
1205775,2019/20,2019-11-12,BKC Ground,1,11.1,Madhya Pradesh,Mizoram,Rishabh Chouhan,Parth Sahani,Parvez Ahmed,0,0,,,,,,,,,
1205775,2019/20,2019-11-12,BKC Ground,1,11.2,Madhya Pradesh,Mizoram,Rishabh Chouhan,Parth Sahani,Parvez Ahmed,1,0,,,,,,,,,
1205775,2019/20,2019-11-12,BKC Ground,1,11.3,Madhya Pradesh,Mizoram,Parth Sahani,Rishabh Chouhan,Parvez Ahmed,1,0,,,,,,,,,
1205775,2019/20,2019-11-12,BKC Ground,1,11.4,Madhya Pradesh,Mizoram,Rishabh Chouhan,Parth Sahani,Parvez Ahmed,6,0,,,,,,,,,
1205775,2019/20,2019-11-12,BKC Ground,1,11.5,Madhya Pradesh,Mizoram,Rishabh Chouhan,Parth Sahani,Parvez Ahmed,1,0,,,,,,,,,
1205775,2019/20,2019-11-12,BKC Ground,1,11.6,Madhya Pradesh,Mizoram,Parth Sahani,Rishabh Chouhan,Parvez Ahmed,0,0,,,,,,,,,
1205775,2019/20,2019-11-12,BKC Ground,1,12.1,Madhya Pradesh,Mizoram,Rishabh Chouhan,Parth Sahani,G Lalbiakvela,1,0,,,,,,,,,
1205775,2019/20,2019-11-12,BKC Ground,1,12.2,Madhya Pradesh,Mizoram,Parth Sahani,Rishabh Chouhan,G Lalbiakvela,1,1,,1,,,,,,,
1205775,2019/20,2019-11-12,BKC Ground,1,12.3,Madhya Pradesh,Mizoram,Rishabh Chouhan,Parth Sahani,G Lalbiakvela,1,0,,,,,,,,,
1205775,2019/20,2019-11-12,BKC Ground,1,12.4,Madhya Pradesh,Mizoram,Parth Sahani,Rishabh Chouhan,G Lalbiakvela,2,0,,,,,,,,,
1205775,2019/20,2019-11-12,BKC Ground,1,12.5,Madhya Pradesh,Mizoram,Parth Sahani,Rishabh Chouhan,G Lalbiakvela,0,0,,,,,,,,,
1205775,2019/20,2019-11-12,BKC Ground,1,12.6,Madhya Pradesh,Mizoram,Parth Sahani,Rishabh Chouhan,G Lalbiakvela,1,0,,,,,,,,,
1205775,2019/20,2019-11-12,BKC Ground,1,12.7,Madhya Pradesh,Mizoram,Rishabh Chouhan,Parth Sahani,G Lalbiakvela,1,0,,,,,,,,,
1205775,2019/20,2019-11-12,BKC Ground,1,13.1,Madhya Pradesh,Mizoram,Rishabh Chouhan,Parth Sahani,Lalhmangaiha,4,0,,,,,,,,,
1205775,2019/20,2019-11-12,BKC Ground,1,13.2,Madhya Pradesh,Mizoram,Rishabh Chouhan,Parth Sahani,Lalhmangaiha,1,0,,,,,,,,,
1205775,2019/20,2019-11-12,BKC Ground,1,13.3,Madhya Pradesh,Mizoram,Parth Sahani,Rishabh Chouhan,Lalhmangaiha,1,0,,,,,,,,,
1205775,2019/20,2019-11-12,BKC Ground,1,13.4,Madhya Pradesh,Mizoram,Rishabh Chouhan,Parth Sahani,Lalhmangaiha,1,0,,,,,,,,,
1205775,2019/20,2019-11-12,BKC Ground,1,13.5,Madhya Pradesh,Mizoram,Parth Sahani,Rishabh Chouhan,Lalhmangaiha,2,0,,,,,,,,,
1205775,2019/20,2019-11-12,BKC Ground,1,13.6,Madhya Pradesh,Mizoram,Parth Sahani,Rishabh Chouhan,Lalhmangaiha,2,0,,,,,,,,,
1205775,2019/20,2019-11-12,BKC Ground,1,14.1,Madhya Pradesh,Mizoram,Rishabh Chouhan,Parth Sahani,Reuben Lalhruaizela,0,1,1,,,,,,,,
1205775,2019/20,2019-11-12,BKC Ground,1,14.2,Madhya Pradesh,Mizoram,Rishabh Chouhan,Parth Sahani,Reuben Lalhruaizela,1,0,,,,,,,,,
1205775,2019/20,2019-11-12,BKC Ground,1,14.3,Madhya Pradesh,Mizoram,Parth Sahani,Rishabh Chouhan,Reuben Lalhruaizela,1,0,,,,,,,,,
1205775,2019/20,2019-11-12,BKC Ground,1,14.4,Madhya Pradesh,Mizoram,Rishabh Chouhan,Parth Sahani,Reuben Lalhruaizela,1,0,,,,,,,,,
1205775,2019/20,2019-11-12,BKC Ground,1,14.5,Madhya Pradesh,Mizoram,Parth Sahani,Rishabh Chouhan,Reuben Lalhruaizela,4,0,,,,,,,,,
1205775,2019/20,2019-11-12,BKC Ground,1,14.6,Madhya Pradesh,Mizoram,Parth Sahani,Rishabh Chouhan,Reuben Lalhruaizela,2,0,,,,,,,,,
1205775,2019/20,2019-11-12,BKC Ground,1,14.7,Madhya Pradesh,Mizoram,Parth Sahani,Rishabh Chouhan,Reuben Lalhruaizela,1,0,,,,,,,,,
1205775,2019/20,2019-11-12,BKC Ground,1,15.1,Madhya Pradesh,Mizoram,Parth Sahani,Rishabh Chouhan,Lalhmangaiha,0,1,1,,,,,,,,
1205775,2019/20,2019-11-12,BKC Ground,1,15.2,Madhya Pradesh,Mizoram,Parth Sahani,Rishabh Chouhan,Lalhmangaiha,1,0,,,,,,,,,
1205775,2019/20,2019-11-12,BKC Ground,1,15.3,Madhya Pradesh,Mizoram,Rishabh Chouhan,Parth Sahani,Lalhmangaiha,4,0,,,,,,,,,
1205775,2019/20,2019-11-12,BKC Ground,1,15.4,Madhya Pradesh,Mizoram,Rishabh Chouhan,Parth Sahani,Lalhmangaiha,4,0,,,,,,,,,
1205775,2019/20,2019-11-12,BKC Ground,1,15.5,Madhya Pradesh,Mizoram,Rishabh Chouhan,Parth Sahani,Lalhmangaiha,0,0,,,,,,,,,
1205775,2019/20,2019-11-12,BKC Ground,1,15.6,Madhya Pradesh,Mizoram,Rishabh Chouhan,Parth Sahani,Lalhmangaiha,4,0,,,,,,,,,
1205775,2019/20,2019-11-12,BKC Ground,1,15.7,Madhya Pradesh,Mizoram,Rishabh Chouhan,Parth Sahani,Lalhmangaiha,4,0,,,,,,,,,
1205775,2019/20,2019-11-12,BKC Ground,1,16.1,Madhya Pradesh,Mizoram,Parth Sahani,Rishabh Chouhan,Reuben Lalhruaizela,1,0,,,,,,,,,
1205775,2019/20,2019-11-12,BKC Ground,1,16.2,Madhya Pradesh,Mizoram,Rishabh Chouhan,Parth Sahani,Reuben Lalhruaizela,6,0,,,,,,,,,
1205775,2019/20,2019-11-12,BKC Ground,1,16.3,Madhya Pradesh,Mizoram,Rishabh Chouhan,Parth Sahani,Reuben Lalhruaizela,3,0,,,,,,,,,
1205775,2019/20,2019-11-12,BKC Ground,1,16.4,Madhya Pradesh,Mizoram,Parth Sahani,Rishabh Chouhan,Reuben Lalhruaizela,6,0,,,,,,,,,
1205775,2019/20,2019-11-12,BKC Ground,1,16.5,Madhya Pradesh,Mizoram,Parth Sahani,Rishabh Chouhan,Reuben Lalhruaizela,1,0,,,,,,,,,
1205775,2019/20,2019-11-12,BKC Ground,1,16.6,Madhya Pradesh,Mizoram,Rishabh Chouhan,Parth Sahani,Reuben Lalhruaizela,0,0,,,,,,caught,Rishabh Chouhan,,
1205775,2019/20,2019-11-12,BKC Ground,1,17.1,Madhya Pradesh,Mizoram,VR Iyer,Parth Sahani,T Kohli,0,0,,,,,,,,,
1205775,2019/20,2019-11-12,BKC Ground,1,17.2,Madhya Pradesh,Mizoram,VR Iyer,Parth Sahani,T Kohli,4,0,,,,,,,,,
1205775,2019/20,2019-11-12,BKC Ground,1,17.3,Madhya Pradesh,Mizoram,VR Iyer,Parth Sahani,T Kohli,1,0,,,,,,,,,
1205775,2019/20,2019-11-12,BKC Ground,1,17.4,Madhya Pradesh,Mizoram,Parth Sahani,VR Iyer,T Kohli,1,0,,,,,,,,,
1205775,2019/20,2019-11-12,BKC Ground,1,17.5,Madhya Pradesh,Mizoram,VR Iyer,Parth Sahani,T Kohli,1,0,,,,,,,,,
1205775,2019/20,2019-11-12,BKC Ground,1,17.6,Madhya Pradesh,Mizoram,Parth Sahani,VR Iyer,T Kohli,0,0,,,,,,,,,
1205775,2019/20,2019-11-12,BKC Ground,1,18.1,Madhya Pradesh,Mizoram,VR Iyer,Parth Sahani,Parvez Ahmed,1,0,,,,,,,,,
1205775,2019/20,2019-11-12,BKC Ground,1,18.2,Madhya Pradesh,Mizoram,Parth Sahani,VR Iyer,Parvez Ahmed,1,0,,,,,,,,,
1205775,2019/20,2019-11-12,BKC Ground,1,18.3,Madhya Pradesh,Mizoram,VR Iyer,Parth Sahani,Parvez Ahmed,1,0,,,,,,,,,
1205775,2019/20,2019-11-12,BKC Ground,1,18.4,Madhya Pradesh,Mizoram,Parth Sahani,VR Iyer,Parvez Ahmed,1,0,,,,,,,,,
1205775,2019/20,2019-11-12,BKC Ground,1,18.5,Madhya Pradesh,Mizoram,VR Iyer,Parth Sahani,Parvez Ahmed,6,0,,,,,,,,,
1205775,2019/20,2019-11-12,BKC Ground,1,18.6,Madhya Pradesh,Mizoram,VR Iyer,Parth Sahani,Parvez Ahmed,4,0,,,,,,,,,
1205775,2019/20,2019-11-12,BKC Ground,1,19.1,Madhya Pradesh,Mizoram,Parth Sahani,VR Iyer,T Kohli,1,0,,,,,,,,,
1205775,2019/20,2019-11-12,BKC Ground,1,19.2,Madhya Pradesh,Mizoram,VR Iyer,Parth Sahani,T Kohli,6,0,,,,,,,,,
1205775,2019/20,2019-11-12,BKC Ground,1,19.3,Madhya Pradesh,Mizoram,VR Iyer,Parth Sahani,T Kohli,6,0,,,,,,,,,
1205775,2019/20,2019-11-12,BKC Ground,1,19.4,Madhya Pradesh,Mizoram,VR Iyer,Parth Sahani,T Kohli,0,0,,,,,,,,,
1205775,2019/20,2019-11-12,BKC Ground,1,19.5,Madhya Pradesh,Mizoram,VR Iyer,Parth Sahani,T Kohli,0,0,,,,,,run out,VR Iyer,,
1205775,2019/20,2019-11-12,BKC Ground,1,19.6,Madhya Pradesh,Mizoram,Parth Sahani,Ankit Sharma,T Kohli,2,0,,,,,,,,,
1205775,2019/20,2019-11-12,BKC Ground,2,0.1,Mizoram,Madhya Pradesh,T Kohli,Lalhmangaiha,KR Sen,0,0,,,,,,,,,
1205775,2019/20,2019-11-12,BKC Ground,2,0.2,Mizoram,Madhya Pradesh,T Kohli,Lalhmangaiha,KR Sen,0,0,,,,,,,,,
1205775,2019/20,2019-11-12,BKC Ground,2,0.3,Mizoram,Madhya Pradesh,T Kohli,Lalhmangaiha,KR Sen,0,1,,,,1,,,,,
1205775,2019/20,2019-11-12,BKC Ground,2,0.4,Mizoram,Madhya Pradesh,Lalhmangaiha,T Kohli,KR Sen,0,0,,,,,,,,,
1205775,2019/20,2019-11-12,BKC Ground,2,0.5,Mizoram,Madhya Pradesh,Lalhmangaiha,T Kohli,KR Sen,0,0,,,,,,,,,
1205775,2019/20,2019-11-12,BKC Ground,2,0.6,Mizoram,Madhya Pradesh,Lalhmangaiha,T Kohli,KR Sen,0,1,1,,,,,,,,
1205775,2019/20,2019-11-12,BKC Ground,2,0.7,Mizoram,Madhya Pradesh,Lalhmangaiha,T Kohli,KR Sen,0,0,,,,,,,,,
1205775,2019/20,2019-11-12,BKC Ground,2,1.1,Mizoram,Madhya Pradesh,T Kohli,Lalhmangaiha,Gaurav Yadav,0,0,,,,,,,,,
1205775,2019/20,2019-11-12,BKC Ground,2,1.2,Mizoram,Madhya Pradesh,T Kohli,Lalhmangaiha,Gaurav Yadav,4,0,,,,,,,,,
1205775,2019/20,2019-11-12,BKC Ground,2,1.3,Mizoram,Madhya Pradesh,T Kohli,Lalhmangaiha,Gaurav Yadav,0,0,,,,,,,,,
1205775,2019/20,2019-11-12,BKC Ground,2,1.4,Mizoram,Madhya Pradesh,T Kohli,Lalhmangaiha,Gaurav Yadav,0,0,,,,,,,,,
1205775,2019/20,2019-11-12,BKC Ground,2,1.5,Mizoram,Madhya Pradesh,T Kohli,Lalhmangaiha,Gaurav Yadav,2,0,,,,,,,,,
1205775,2019/20,2019-11-12,BKC Ground,2,1.6,Mizoram,Madhya Pradesh,T Kohli,Lalhmangaiha,Gaurav Yadav,1,0,,,,,,,,,
1205775,2019/20,2019-11-12,BKC Ground,2,2.1,Mizoram,Madhya Pradesh,T Kohli,Lalhmangaiha,KR Sen,0,0,,,,,,,,,
1205775,2019/20,2019-11-12,BKC Ground,2,2.2,Mizoram,Madhya Pradesh,T Kohli,Lalhmangaiha,KR Sen,4,0,,,,,,,,,
1205775,2019/20,2019-11-12,BKC Ground,2,2.3,Mizoram,Madhya Pradesh,T Kohli,Lalhmangaiha,KR Sen,0,0,,,,,,,,,
1205775,2019/20,2019-11-12,BKC Ground,2,2.4,Mizoram,Madhya Pradesh,T Kohli,Lalhmangaiha,KR Sen,0,0,,,,,,,,,
1205775,2019/20,2019-11-12,BKC Ground,2,2.5,Mizoram,Madhya Pradesh,T Kohli,Lalhmangaiha,KR Sen,4,0,,,,,,,,,
1205775,2019/20,2019-11-12,BKC Ground,2,2.6,Mizoram,Madhya Pradesh,T Kohli,Lalhmangaiha,KR Sen,1,0,,,,,,,,,
1205775,2019/20,2019-11-12,BKC Ground,2,3.1,Mizoram,Madhya Pradesh,T Kohli,Lalhmangaiha,Gaurav Yadav,0,0,,,,,,,,,
1205775,2019/20,2019-11-12,BKC Ground,2,3.2,Mizoram,Madhya Pradesh,T Kohli,Lalhmangaiha,Gaurav Yadav,0,0,,,,,,,,,
1205775,2019/20,2019-11-12,BKC Ground,2,3.3,Mizoram,Madhya Pradesh,T Kohli,Lalhmangaiha,Gaurav Yadav,0,0,,,,,,,,,
1205775,2019/20,2019-11-12,BKC Ground,2,3.4,Mizoram,Madhya Pradesh,T Kohli,Lalhmangaiha,Gaurav Yadav,1,0,,,,,,,,,
1205775,2019/20,2019-11-12,BKC Ground,2,3.5,Mizoram,Madhya Pradesh,Lalhmangaiha,T Kohli,Gaurav Yadav,0,0,,,,,,,,,
1205775,2019/20,2019-11-12,BKC Ground,2,3.6,Mizoram,Madhya Pradesh,Lalhmangaiha,T Kohli,Gaurav Yadav,0,0,,,,,,,,,
1205775,2019/20,2019-11-12,BKC Ground,2,4.1,Mizoram,Madhya Pradesh,T Kohli,Lalhmangaiha,KR Sen,6,0,,,,,,,,,
1205775,2019/20,2019-11-12,BKC Ground,2,4.2,Mizoram,Madhya Pradesh,T Kohli,Lalhmangaiha,KR Sen,0,0,,,,,,,,,
1205775,2019/20,2019-11-12,BKC Ground,2,4.3,Mizoram,Madhya Pradesh,T Kohli,Lalhmangaiha,KR Sen,4,0,,,,,,,,,
1205775,2019/20,2019-11-12,BKC Ground,2,4.4,Mizoram,Madhya Pradesh,T Kohli,Lalhmangaiha,KR Sen,0,0,,,,,,,,,
1205775,2019/20,2019-11-12,BKC Ground,2,4.5,Mizoram,Madhya Pradesh,T Kohli,Lalhmangaiha,KR Sen,4,0,,,,,,,,,
1205775,2019/20,2019-11-12,BKC Ground,2,4.6,Mizoram,Madhya Pradesh,T Kohli,Lalhmangaiha,KR Sen,0,0,,,,,,,,,
1205775,2019/20,2019-11-12,BKC Ground,2,5.1,Mizoram,Madhya Pradesh,Lalhmangaiha,T Kohli,IC Pandey,0,0,,,,,,,,,
1205775,2019/20,2019-11-12,BKC Ground,2,5.2,Mizoram,Madhya Pradesh,Lalhmangaiha,T Kohli,IC Pandey,0,1,1,,,,,,,,
1205775,2019/20,2019-11-12,BKC Ground,2,5.3,Mizoram,Madhya Pradesh,Lalhmangaiha,T Kohli,IC Pandey,0,0,,,,,,,,,
1205775,2019/20,2019-11-12,BKC Ground,2,5.4,Mizoram,Madhya Pradesh,Lalhmangaiha,T Kohli,IC Pandey,4,0,,,,,,,,,
1205775,2019/20,2019-11-12,BKC Ground,2,5.5,Mizoram,Madhya Pradesh,Lalhmangaiha,T Kohli,IC Pandey,2,0,,,,,,,,,
1205775,2019/20,2019-11-12,BKC Ground,2,5.6,Mizoram,Madhya Pradesh,Lalhmangaiha,T Kohli,IC Pandey,1,0,,,,,,,,,
1205775,2019/20,2019-11-12,BKC Ground,2,5.7,Mizoram,Madhya Pradesh,T Kohli,Lalhmangaiha,IC Pandey,0,0,,,,,,,,,
1205775,2019/20,2019-11-12,BKC Ground,2,6.1,Mizoram,Madhya Pradesh,Lalhmangaiha,T Kohli,Ankit Sharma,0,0,,,,,,,,,
1205775,2019/20,2019-11-12,BKC Ground,2,6.2,Mizoram,Madhya Pradesh,Lalhmangaiha,T Kohli,Ankit Sharma,1,0,,,,,,,,,
1205775,2019/20,2019-11-12,BKC Ground,2,6.3,Mizoram,Madhya Pradesh,T Kohli,Lalhmangaiha,Ankit Sharma,0,0,,,,,,,,,
1205775,2019/20,2019-11-12,BKC Ground,2,6.4,Mizoram,Madhya Pradesh,T Kohli,Lalhmangaiha,Ankit Sharma,1,0,,,,,,,,,
1205775,2019/20,2019-11-12,BKC Ground,2,6.5,Mizoram,Madhya Pradesh,Lalhmangaiha,T Kohli,Ankit Sharma,0,0,,,,,,,,,
1205775,2019/20,2019-11-12,BKC Ground,2,6.6,Mizoram,Madhya Pradesh,Lalhmangaiha,T Kohli,Ankit Sharma,0,0,,,,,,,,,
1205775,2019/20,2019-11-12,BKC Ground,2,7.1,Mizoram,Madhya Pradesh,T Kohli,Lalhmangaiha,IC Pandey,0,0,,,,,,,,,
1205775,2019/20,2019-11-12,BKC Ground,2,7.2,Mizoram,Madhya Pradesh,T Kohli,Lalhmangaiha,IC Pandey,0,0,,,,,,,,,
1205775,2019/20,2019-11-12,BKC Ground,2,7.3,Mizoram,Madhya Pradesh,T Kohli,Lalhmangaiha,IC Pandey,0,0,,,,,,,,,
1205775,2019/20,2019-11-12,BKC Ground,2,7.4,Mizoram,Madhya Pradesh,T Kohli,Lalhmangaiha,IC Pandey,1,0,,,,,,,,,
1205775,2019/20,2019-11-12,BKC Ground,2,7.5,Mizoram,Madhya Pradesh,Lalhmangaiha,T Kohli,IC Pandey,0,1,,,,1,,,,,
1205775,2019/20,2019-11-12,BKC Ground,2,7.6,Mizoram,Madhya Pradesh,T Kohli,Lalhmangaiha,IC Pandey,2,0,,,,,,,,,
1205775,2019/20,2019-11-12,BKC Ground,2,8.1,Mizoram,Madhya Pradesh,Lalhmangaiha,T Kohli,Ankit Sharma,0,0,,,,,,,,,
1205775,2019/20,2019-11-12,BKC Ground,2,8.2,Mizoram,Madhya Pradesh,Lalhmangaiha,T Kohli,Ankit Sharma,1,0,,,,,,,,,
1205775,2019/20,2019-11-12,BKC Ground,2,8.3,Mizoram,Madhya Pradesh,T Kohli,Lalhmangaiha,Ankit Sharma,4,0,,,,,,,,,
1205775,2019/20,2019-11-12,BKC Ground,2,8.4,Mizoram,Madhya Pradesh,T Kohli,Lalhmangaiha,Ankit Sharma,1,0,,,,,,,,,
1205775,2019/20,2019-11-12,BKC Ground,2,8.5,Mizoram,Madhya Pradesh,Lalhmangaiha,T Kohli,Ankit Sharma,4,0,,,,,,,,,
1205775,2019/20,2019-11-12,BKC Ground,2,8.6,Mizoram,Madhya Pradesh,Lalhmangaiha,T Kohli,Ankit Sharma,0,0,,,,,,,,,
1205775,2019/20,2019-11-12,BKC Ground,2,9.1,Mizoram,Madhya Pradesh,T Kohli,Lalhmangaiha,IC Pandey,6,0,,,,,,,,,
1205775,2019/20,2019-11-12,BKC Ground,2,9.2,Mizoram,Madhya Pradesh,T Kohli,Lalhmangaiha,IC Pandey,2,0,,,,,,,,,
1205775,2019/20,2019-11-12,BKC Ground,2,9.3,Mizoram,Madhya Pradesh,T Kohli,Lalhmangaiha,IC Pandey,1,0,,,,,,,,,
1205775,2019/20,2019-11-12,BKC Ground,2,9.4,Mizoram,Madhya Pradesh,Lalhmangaiha,T Kohli,IC Pandey,3,0,,,,,,,,,
1205775,2019/20,2019-11-12,BKC Ground,2,9.5,Mizoram,Madhya Pradesh,T Kohli,Lalhmangaiha,IC Pandey,0,0,,,,,,,,,
1205775,2019/20,2019-11-12,BKC Ground,2,9.6,Mizoram,Madhya Pradesh,T Kohli,Lalhmangaiha,IC Pandey,0,0,,,,,,,,,
1205775,2019/20,2019-11-12,BKC Ground,2,10.1,Mizoram,Madhya Pradesh,Lalhmangaiha,T Kohli,Saransh Jain,2,0,,,,,,,,,
1205775,2019/20,2019-11-12,BKC Ground,2,10.2,Mizoram,Madhya Pradesh,Lalhmangaiha,T Kohli,Saransh Jain,0,0,,,,,,,,,
1205775,2019/20,2019-11-12,BKC Ground,2,10.3,Mizoram,Madhya Pradesh,Lalhmangaiha,T Kohli,Saransh Jain,1,0,,,,,,,,,
1205775,2019/20,2019-11-12,BKC Ground,2,10.4,Mizoram,Madhya Pradesh,T Kohli,Lalhmangaiha,Saransh Jain,1,0,,,,,,,,,
1205775,2019/20,2019-11-12,BKC Ground,2,10.5,Mizoram,Madhya Pradesh,Lalhmangaiha,T Kohli,Saransh Jain,1,0,,,,,,,,,
1205775,2019/20,2019-11-12,BKC Ground,2,10.6,Mizoram,Madhya Pradesh,T Kohli,Lalhmangaiha,Saransh Jain,6,0,,,,,,,,,
1205775,2019/20,2019-11-12,BKC Ground,2,11.1,Mizoram,Madhya Pradesh,Lalhmangaiha,T Kohli,Ankit Sharma,0,0,,,,,,,,,
1205775,2019/20,2019-11-12,BKC Ground,2,11.2,Mizoram,Madhya Pradesh,Lalhmangaiha,T Kohli,Ankit Sharma,1,0,,,,,,,,,
1205775,2019/20,2019-11-12,BKC Ground,2,11.3,Mizoram,Madhya Pradesh,T Kohli,Lalhmangaiha,Ankit Sharma,0,0,,,,,,,,,
1205775,2019/20,2019-11-12,BKC Ground,2,11.4,Mizoram,Madhya Pradesh,T Kohli,Lalhmangaiha,Ankit Sharma,2,0,,,,,,,,,
1205775,2019/20,2019-11-12,BKC Ground,2,11.5,Mizoram,Madhya Pradesh,T Kohli,Lalhmangaiha,Ankit Sharma,0,0,,,,,,,,,
1205775,2019/20,2019-11-12,BKC Ground,2,11.6,Mizoram,Madhya Pradesh,T Kohli,Lalhmangaiha,Ankit Sharma,1,0,,,,,,,,,
1205775,2019/20,2019-11-12,BKC Ground,2,12.1,Mizoram,Madhya Pradesh,T Kohli,Lalhmangaiha,Saransh Jain,0,0,,,,,,,,,
1205775,2019/20,2019-11-12,BKC Ground,2,12.2,Mizoram,Madhya Pradesh,T Kohli,Lalhmangaiha,Saransh Jain,0,0,,,,,,,,,
1205775,2019/20,2019-11-12,BKC Ground,2,12.3,Mizoram,Madhya Pradesh,T Kohli,Lalhmangaiha,Saransh Jain,1,0,,,,,,,,,
1205775,2019/20,2019-11-12,BKC Ground,2,12.4,Mizoram,Madhya Pradesh,Lalhmangaiha,T Kohli,Saransh Jain,1,0,,,,,,,,,
1205775,2019/20,2019-11-12,BKC Ground,2,12.5,Mizoram,Madhya Pradesh,T Kohli,Lalhmangaiha,Saransh Jain,2,0,,,,,,,,,
1205775,2019/20,2019-11-12,BKC Ground,2,12.6,Mizoram,Madhya Pradesh,T Kohli,Lalhmangaiha,Saransh Jain,1,0,,,,,,,,,
1205775,2019/20,2019-11-12,BKC Ground,2,13.1,Mizoram,Madhya Pradesh,T Kohli,Lalhmangaiha,Ankit Sharma,0,0,,,,,,,,,
1205775,2019/20,2019-11-12,BKC Ground,2,13.2,Mizoram,Madhya Pradesh,T Kohli,Lalhmangaiha,Ankit Sharma,2,0,,,,,,,,,
1205775,2019/20,2019-11-12,BKC Ground,2,13.3,Mizoram,Madhya Pradesh,T Kohli,Lalhmangaiha,Ankit Sharma,1,0,,,,,,,,,
1205775,2019/20,2019-11-12,BKC Ground,2,13.4,Mizoram,Madhya Pradesh,Lalhmangaiha,T Kohli,Ankit Sharma,0,0,,,,,,stumped,Lalhmangaiha,,
1205775,2019/20,2019-11-12,BKC Ground,2,13.5,Mizoram,Madhya Pradesh,KB Pawan,T Kohli,Ankit Sharma,0,0,,,,,,,,,
1205775,2019/20,2019-11-12,BKC Ground,2,13.6,Mizoram,Madhya Pradesh,KB Pawan,T Kohli,Ankit Sharma,2,0,,,,,,,,,
1205775,2019/20,2019-11-12,BKC Ground,2,14.1,Mizoram,Madhya Pradesh,T Kohli,KB Pawan,Saransh Jain,1,0,,,,,,,,,
1205775,2019/20,2019-11-12,BKC Ground,2,14.2,Mizoram,Madhya Pradesh,KB Pawan,T Kohli,Saransh Jain,0,0,,,,,,,,,
1205775,2019/20,2019-11-12,BKC Ground,2,14.3,Mizoram,Madhya Pradesh,KB Pawan,T Kohli,Saransh Jain,1,0,,,,,,,,,
1205775,2019/20,2019-11-12,BKC Ground,2,14.4,Mizoram,Madhya Pradesh,T Kohli,KB Pawan,Saransh Jain,4,0,,,,,,,,,
1205775,2019/20,2019-11-12,BKC Ground,2,14.5,Mizoram,Madhya Pradesh,T Kohli,KB Pawan,Saransh Jain,1,0,,,,,,,,,
1205775,2019/20,2019-11-12,BKC Ground,2,14.6,Mizoram,Madhya Pradesh,KB Pawan,T Kohli,Saransh Jain,2,0,,,,,,,,,
1205775,2019/20,2019-11-12,BKC Ground,2,15.1,Mizoram,Madhya Pradesh,T Kohli,KB Pawan,Gaurav Yadav,0,0,,,,,,,,,
1205775,2019/20,2019-11-12,BKC Ground,2,15.2,Mizoram,Madhya Pradesh,T Kohli,KB Pawan,Gaurav Yadav,1,0,,,,,,,,,
1205775,2019/20,2019-11-12,BKC Ground,2,15.3,Mizoram,Madhya Pradesh,KB Pawan,T Kohli,Gaurav Yadav,2,0,,,,,,,,,
1205775,2019/20,2019-11-12,BKC Ground,2,15.4,Mizoram,Madhya Pradesh,KB Pawan,T Kohli,Gaurav Yadav,0,1,1,,,,,,,,
1205775,2019/20,2019-11-12,BKC Ground,2,15.5,Mizoram,Madhya Pradesh,KB Pawan,T Kohli,Gaurav Yadav,0,0,,,,,,,,,
1205775,2019/20,2019-11-12,BKC Ground,2,15.6,Mizoram,Madhya Pradesh,KB Pawan,T Kohli,Gaurav Yadav,1,0,,,,,,,,,
1205775,2019/20,2019-11-12,BKC Ground,2,15.7,Mizoram,Madhya Pradesh,T Kohli,KB Pawan,Gaurav Yadav,1,0,,,,,,,,,
1205775,2019/20,2019-11-12,BKC Ground,2,16.1,Mizoram,Madhya Pradesh,T Kohli,KB Pawan,KR Sen,0,0,,,,,,,,,
1205775,2019/20,2019-11-12,BKC Ground,2,16.2,Mizoram,Madhya Pradesh,T Kohli,KB Pawan,KR Sen,0,0,,,,,,,,,
1205775,2019/20,2019-11-12,BKC Ground,2,16.3,Mizoram,Madhya Pradesh,T Kohli,KB Pawan,KR Sen,4,0,,,,,,,,,
1205775,2019/20,2019-11-12,BKC Ground,2,16.4,Mizoram,Madhya Pradesh,T Kohli,KB Pawan,KR Sen,1,0,,,,,,,,,
1205775,2019/20,2019-11-12,BKC Ground,2,16.5,Mizoram,Madhya Pradesh,KB Pawan,T Kohli,KR Sen,0,0,,,,,,,,,
1205775,2019/20,2019-11-12,BKC Ground,2,16.6,Mizoram,Madhya Pradesh,KB Pawan,T Kohli,KR Sen,2,0,,,,,,,,,
1205775,2019/20,2019-11-12,BKC Ground,2,17.1,Mizoram,Madhya Pradesh,T Kohli,KB Pawan,IC Pandey,1,0,,,,,,,,,
1205775,2019/20,2019-11-12,BKC Ground,2,17.2,Mizoram,Madhya Pradesh,KB Pawan,T Kohli,IC Pandey,1,0,,,,,,,,,
1205775,2019/20,2019-11-12,BKC Ground,2,17.3,Mizoram,Madhya Pradesh,T Kohli,KB Pawan,IC Pandey,0,1,1,,,,,,,,
1205775,2019/20,2019-11-12,BKC Ground,2,17.4,Mizoram,Madhya Pradesh,T Kohli,KB Pawan,IC Pandey,1,0,,,,,,,,,
1205775,2019/20,2019-11-12,BKC Ground,2,17.5,Mizoram,Madhya Pradesh,KB Pawan,T Kohli,IC Pandey,1,0,,,,,,,,,
1205775,2019/20,2019-11-12,BKC Ground,2,17.6,Mizoram,Madhya Pradesh,T Kohli,KB Pawan,IC Pandey,0,0,,,,,,bowled,T Kohli,,
1205775,2019/20,2019-11-12,BKC Ground,2,17.7,Mizoram,Madhya Pradesh,Lalhruaizela,KB Pawan,IC Pandey,0,1,,,,1,,,,,
1205775,2019/20,2019-11-12,BKC Ground,2,18.1,Mizoram,Madhya Pradesh,Lalhruaizela,KB Pawan,Gaurav Yadav,1,0,,,,,,,,,
1205775,2019/20,2019-11-12,BKC Ground,2,18.2,Mizoram,Madhya Pradesh,KB Pawan,Lalhruaizela,Gaurav Yadav,1,0,,,,,,,,,
1205775,2019/20,2019-11-12,BKC Ground,2,18.3,Mizoram,Madhya Pradesh,Lalhruaizela,KB Pawan,Gaurav Yadav,0,0,,,,,,,,,
1205775,2019/20,2019-11-12,BKC Ground,2,18.4,Mizoram,Madhya Pradesh,Lalhruaizela,KB Pawan,Gaurav Yadav,1,0,,,,,,,,,
1205775,2019/20,2019-11-12,BKC Ground,2,18.5,Mizoram,Madhya Pradesh,KB Pawan,Lalhruaizela,Gaurav Yadav,0,0,,,,,,,,,
1205775,2019/20,2019-11-12,BKC Ground,2,18.6,Mizoram,Madhya Pradesh,KB Pawan,Lalhruaizela,Gaurav Yadav,0,0,,,,,,,,,
1205775,2019/20,2019-11-12,BKC Ground,2,19.1,Mizoram,Madhya Pradesh,Lalhruaizela,KB Pawan,Saransh Jain,0,0,,,,,,,,,
1205775,2019/20,2019-11-12,BKC Ground,2,19.2,Mizoram,Madhya Pradesh,Lalhruaizela,KB Pawan,Saransh Jain,1,0,,,,,,,,,
1205775,2019/20,2019-11-12,BKC Ground,2,19.3,Mizoram,Madhya Pradesh,KB Pawan,Lalhruaizela,Saransh Jain,0,0,,,,,,,,,
1205775,2019/20,2019-11-12,BKC Ground,2,19.4,Mizoram,Madhya Pradesh,KB Pawan,Lalhruaizela,Saransh Jain,1,0,,,,,,,,,
1205775,2019/20,2019-11-12,BKC Ground,2,19.5,Mizoram,Madhya Pradesh,Lalhruaizela,KB Pawan,Saransh Jain,0,0,,,,,,,,,
1205775,2019/20,2019-11-12,BKC Ground,2,19.6,Mizoram,Madhya Pradesh,Lalhruaizela,KB Pawan,Saransh Jain,0,0,,,,,,,,,
