match_id,season,start_date,venue,innings,ball,batting_team,bowling_team,striker,non_striker,bowler,runs_off_bat,extras,wides,noballs,byes,legbyes,penalty,wicket_type,player_dismissed,other_wicket_type,other_player_dismissed
1205828,2019/20,2019-11-17,Wankhede Stadium,1,0.1,Mumbai,Assam,PP Shaw,AP Tare,AN Ahmed,0,0,,,,,,,,,
1205828,2019/20,2019-11-17,Wankhede Stadium,1,0.2,Mumbai,Assam,PP Shaw,AP Tare,AN Ahmed,1,0,,,,,,,,,
1205828,2019/20,2019-11-17,Wankhede Stadium,1,0.3,Mumbai,Assam,AP Tare,PP Shaw,AN Ahmed,4,0,,,,,,,,,
1205828,2019/20,2019-11-17,Wankhede Stadium,1,0.4,Mumbai,Assam,AP Tare,PP Shaw,AN Ahmed,4,0,,,,,,,,,
1205828,2019/20,2019-11-17,Wankhede Stadium,1,0.5,Mumbai,Assam,AP Tare,PP Shaw,AN Ahmed,1,0,,,,,,,,,
1205828,2019/20,2019-11-17,Wankhede Stadium,1,0.6,Mumbai,Assam,PP Shaw,AP Tare,AN Ahmed,2,0,,,,,,,,,
1205828,2019/20,2019-11-17,Wankhede Stadium,1,1.1,Mumbai,Assam,AP Tare,PP Shaw,Mrinmoy Dutta,4,0,,,,,,,,,
1205828,2019/20,2019-11-17,Wankhede Stadium,1,1.2,Mumbai,Assam,AP Tare,PP Shaw,Mrinmoy Dutta,4,0,,,,,,,,,
1205828,2019/20,2019-11-17,Wankhede Stadium,1,1.3,Mumbai,Assam,AP Tare,PP Shaw,Mrinmoy Dutta,2,0,,,,,,,,,
1205828,2019/20,2019-11-17,Wankhede Stadium,1,1.4,Mumbai,Assam,AP Tare,PP Shaw,Mrinmoy Dutta,0,0,,,,,,,,,
1205828,2019/20,2019-11-17,Wankhede Stadium,1,1.5,Mumbai,Assam,AP Tare,PP Shaw,Mrinmoy Dutta,0,0,,,,,,,,,
1205828,2019/20,2019-11-17,Wankhede Stadium,1,1.6,Mumbai,Assam,AP Tare,PP Shaw,Mrinmoy Dutta,4,0,,,,,,,,,
1205828,2019/20,2019-11-17,Wankhede Stadium,1,2.1,Mumbai,Assam,PP Shaw,AP Tare,AN Ahmed,0,1,,,,1,,,,,
1205828,2019/20,2019-11-17,Wankhede Stadium,1,2.2,Mumbai,Assam,AP Tare,PP Shaw,AN Ahmed,0,0,,,,,,,,,
1205828,2019/20,2019-11-17,Wankhede Stadium,1,2.3,Mumbai,Assam,AP Tare,PP Shaw,AN Ahmed,1,0,,,,,,,,,
1205828,2019/20,2019-11-17,Wankhede Stadium,1,2.4,Mumbai,Assam,PP Shaw,AP Tare,AN Ahmed,1,0,,,,,,,,,
1205828,2019/20,2019-11-17,Wankhede Stadium,1,2.5,Mumbai,Assam,AP Tare,PP Shaw,AN Ahmed,0,0,,,,,,,,,
1205828,2019/20,2019-11-17,Wankhede Stadium,1,2.6,Mumbai,Assam,AP Tare,PP Shaw,AN Ahmed,0,0,,,,,,,,,
1205828,2019/20,2019-11-17,Wankhede Stadium,1,3.1,Mumbai,Assam,PP Shaw,AP Tare,Pritam Das,0,0,,,,,,,,,
1205828,2019/20,2019-11-17,Wankhede Stadium,1,3.2,Mumbai,Assam,PP Shaw,AP Tare,Pritam Das,1,0,,,,,,,,,
1205828,2019/20,2019-11-17,Wankhede Stadium,1,3.3,Mumbai,Assam,AP Tare,PP Shaw,Pritam Das,0,0,,,,,,,,,
1205828,2019/20,2019-11-17,Wankhede Stadium,1,3.4,Mumbai,Assam,AP Tare,PP Shaw,Pritam Das,4,0,,,,,,,,,
1205828,2019/20,2019-11-17,Wankhede Stadium,1,3.5,Mumbai,Assam,AP Tare,PP Shaw,Pritam Das,2,0,,,,,,,,,
1205828,2019/20,2019-11-17,Wankhede Stadium,1,3.6,Mumbai,Assam,AP Tare,PP Shaw,Pritam Das,1,0,,,,,,,,,
1205828,2019/20,2019-11-17,Wankhede Stadium,1,4.1,Mumbai,Assam,AP Tare,PP Shaw,Mrinmoy Dutta,0,0,,,,,,,,,
1205828,2019/20,2019-11-17,Wankhede Stadium,1,4.2,Mumbai,Assam,AP Tare,PP Shaw,Mrinmoy Dutta,1,0,,,,,,,,,
1205828,2019/20,2019-11-17,Wankhede Stadium,1,4.3,Mumbai,Assam,PP Shaw,AP Tare,Mrinmoy Dutta,0,0,,,,,,,,,
1205828,2019/20,2019-11-17,Wankhede Stadium,1,4.4,Mumbai,Assam,PP Shaw,AP Tare,Mrinmoy Dutta,4,0,,,,,,,,,
1205828,2019/20,2019-11-17,Wankhede Stadium,1,4.5,Mumbai,Assam,PP Shaw,AP Tare,Mrinmoy Dutta,0,0,,,,,,,,,
1205828,2019/20,2019-11-17,Wankhede Stadium,1,4.6,Mumbai,Assam,PP Shaw,AP Tare,Mrinmoy Dutta,1,0,,,,,,,,,
1205828,2019/20,2019-11-17,Wankhede Stadium,1,5.1,Mumbai,Assam,PP Shaw,AP Tare,Abhilash Gogoi,1,0,,,,,,,,,
1205828,2019/20,2019-11-17,Wankhede Stadium,1,5.2,Mumbai,Assam,AP Tare,PP Shaw,Abhilash Gogoi,0,0,,,,,,,,,
1205828,2019/20,2019-11-17,Wankhede Stadium,1,5.3,Mumbai,Assam,AP Tare,PP Shaw,Abhilash Gogoi,4,0,,,,,,,,,
1205828,2019/20,2019-11-17,Wankhede Stadium,1,5.4,Mumbai,Assam,AP Tare,PP Shaw,Abhilash Gogoi,2,0,,,,,,,,,
1205828,2019/20,2019-11-17,Wankhede Stadium,1,5.5,Mumbai,Assam,AP Tare,PP Shaw,Abhilash Gogoi,1,0,,,,,,,,,
1205828,2019/20,2019-11-17,Wankhede Stadium,1,5.6,Mumbai,Assam,PP Shaw,AP Tare,Abhilash Gogoi,1,0,,,,,,,,,
1205828,2019/20,2019-11-17,Wankhede Stadium,1,6.1,Mumbai,Assam,PP Shaw,AP Tare,Pritam Das,1,0,,,,,,,,,
1205828,2019/20,2019-11-17,Wankhede Stadium,1,6.2,Mumbai,Assam,AP Tare,PP Shaw,Pritam Das,1,0,,,,,,,,,
1205828,2019/20,2019-11-17,Wankhede Stadium,1,6.3,Mumbai,Assam,PP Shaw,AP Tare,Pritam Das,4,0,,,,,,,,,
1205828,2019/20,2019-11-17,Wankhede Stadium,1,6.4,Mumbai,Assam,PP Shaw,AP Tare,Pritam Das,1,0,,,,,,,,,
1205828,2019/20,2019-11-17,Wankhede Stadium,1,6.5,Mumbai,Assam,AP Tare,PP Shaw,Pritam Das,0,0,,,,,,,,,
1205828,2019/20,2019-11-17,Wankhede Stadium,1,6.6,Mumbai,Assam,AP Tare,PP Shaw,Pritam Das,1,0,,,,,,,,,
1205828,2019/20,2019-11-17,Wankhede Stadium,1,7.1,Mumbai,Assam,AP Tare,PP Shaw,Abhilash Gogoi,1,0,,,,,,,,,
1205828,2019/20,2019-11-17,Wankhede Stadium,1,7.2,Mumbai,Assam,PP Shaw,AP Tare,Abhilash Gogoi,1,0,,,,,,,,,
1205828,2019/20,2019-11-17,Wankhede Stadium,1,7.3,Mumbai,Assam,AP Tare,PP Shaw,Abhilash Gogoi,1,0,,,,,,,,,
1205828,2019/20,2019-11-17,Wankhede Stadium,1,7.4,Mumbai,Assam,PP Shaw,AP Tare,Abhilash Gogoi,1,0,,,,,,,,,
1205828,2019/20,2019-11-17,Wankhede Stadium,1,7.5,Mumbai,Assam,AP Tare,PP Shaw,Abhilash Gogoi,4,0,,,,,,,,,
1205828,2019/20,2019-11-17,Wankhede Stadium,1,7.6,Mumbai,Assam,AP Tare,PP Shaw,Abhilash Gogoi,1,0,,,,,,,,,
1205828,2019/20,2019-11-17,Wankhede Stadium,1,8.1,Mumbai,Assam,AP Tare,PP Shaw,R Parag,1,0,,,,,,,,,
1205828,2019/20,2019-11-17,Wankhede Stadium,1,8.2,Mumbai,Assam,PP Shaw,AP Tare,R Parag,0,0,,,,,,,,,
1205828,2019/20,2019-11-17,Wankhede Stadium,1,8.3,Mumbai,Assam,PP Shaw,AP Tare,R Parag,1,0,,,,,,,,,
1205828,2019/20,2019-11-17,Wankhede Stadium,1,8.4,Mumbai,Assam,AP Tare,PP Shaw,R Parag,1,0,,,,,,,,,
1205828,2019/20,2019-11-17,Wankhede Stadium,1,8.5,Mumbai,Assam,PP Shaw,AP Tare,R Parag,1,0,,,,,,,,,
1205828,2019/20,2019-11-17,Wankhede Stadium,1,8.6,Mumbai,Assam,AP Tare,PP Shaw,R Parag,1,0,,,,,,,,,
1205828,2019/20,2019-11-17,Wankhede Stadium,1,9.1,Mumbai,Assam,AP Tare,PP Shaw,Rajjakuddin Ahmed,2,0,,,,,,,,,
1205828,2019/20,2019-11-17,Wankhede Stadium,1,9.2,Mumbai,Assam,AP Tare,PP Shaw,Rajjakuddin Ahmed,1,0,,,,,,,,,
1205828,2019/20,2019-11-17,Wankhede Stadium,1,9.3,Mumbai,Assam,PP Shaw,AP Tare,Rajjakuddin Ahmed,4,0,,,,,,,,,
1205828,2019/20,2019-11-17,Wankhede Stadium,1,9.4,Mumbai,Assam,PP Shaw,AP Tare,Rajjakuddin Ahmed,1,0,,,,,,,,,
1205828,2019/20,2019-11-17,Wankhede Stadium,1,9.5,Mumbai,Assam,AP Tare,PP Shaw,Rajjakuddin Ahmed,0,0,,,,,,,,,
1205828,2019/20,2019-11-17,Wankhede Stadium,1,9.6,Mumbai,Assam,AP Tare,PP Shaw,Rajjakuddin Ahmed,4,0,,,,,,,,,
1205828,2019/20,2019-11-17,Wankhede Stadium,1,10.1,Mumbai,Assam,PP Shaw,AP Tare,R Parag,0,0,,,,,,,,,
1205828,2019/20,2019-11-17,Wankhede Stadium,1,10.2,Mumbai,Assam,PP Shaw,AP Tare,R Parag,0,0,,,,,,,,,
1205828,2019/20,2019-11-17,Wankhede Stadium,1,10.3,Mumbai,Assam,PP Shaw,AP Tare,R Parag,4,0,,,,,,,,,
1205828,2019/20,2019-11-17,Wankhede Stadium,1,10.4,Mumbai,Assam,PP Shaw,AP Tare,R Parag,1,0,,,,,,,,,
1205828,2019/20,2019-11-17,Wankhede Stadium,1,10.5,Mumbai,Assam,AP Tare,PP Shaw,R Parag,6,0,,,,,,,,,
1205828,2019/20,2019-11-17,Wankhede Stadium,1,10.6,Mumbai,Assam,AP Tare,PP Shaw,R Parag,1,0,,,,,,,,,
1205828,2019/20,2019-11-17,Wankhede Stadium,1,11.1,Mumbai,Assam,AP Tare,PP Shaw,Abhilash Gogoi,1,0,,,,,,,,,
1205828,2019/20,2019-11-17,Wankhede Stadium,1,11.2,Mumbai,Assam,PP Shaw,AP Tare,Abhilash Gogoi,4,0,,,,,,,,,
1205828,2019/20,2019-11-17,Wankhede Stadium,1,11.3,Mumbai,Assam,PP Shaw,AP Tare,Abhilash Gogoi,6,0,,,,,,,,,
1205828,2019/20,2019-11-17,Wankhede Stadium,1,11.4,Mumbai,Assam,PP Shaw,AP Tare,Abhilash Gogoi,6,0,,,,,,,,,
1205828,2019/20,2019-11-17,Wankhede Stadium,1,11.5,Mumbai,Assam,PP Shaw,AP Tare,Abhilash Gogoi,1,0,,,,,,,,,
1205828,2019/20,2019-11-17,Wankhede Stadium,1,11.6,Mumbai,Assam,AP Tare,PP Shaw,Abhilash Gogoi,1,0,,,,,,,,,
1205828,2019/20,2019-11-17,Wankhede Stadium,1,12.1,Mumbai,Assam,AP Tare,PP Shaw,AN Ahmed,2,0,,,,,,,,,
1205828,2019/20,2019-11-17,Wankhede Stadium,1,12.2,Mumbai,Assam,AP Tare,PP Shaw,AN Ahmed,0,0,,,,,,,,,
1205828,2019/20,2019-11-17,Wankhede Stadium,1,12.3,Mumbai,Assam,AP Tare,PP Shaw,AN Ahmed,1,0,,,,,,,,,
1205828,2019/20,2019-11-17,Wankhede Stadium,1,12.4,Mumbai,Assam,PP Shaw,AP Tare,AN Ahmed,4,0,,,,,,,,,
1205828,2019/20,2019-11-17,Wankhede Stadium,1,12.5,Mumbai,Assam,PP Shaw,AP Tare,AN Ahmed,1,0,,,,,,,,,
1205828,2019/20,2019-11-17,Wankhede Stadium,1,12.6,Mumbai,Assam,AP Tare,PP Shaw,AN Ahmed,4,0,,,,,,,,,
1205828,2019/20,2019-11-17,Wankhede Stadium,1,13.1,Mumbai,Assam,PP Shaw,AP Tare,R Parag,1,0,,,,,,,,,
1205828,2019/20,2019-11-17,Wankhede Stadium,1,13.2,Mumbai,Assam,AP Tare,PP Shaw,R Parag,4,0,,,,,,,,,
1205828,2019/20,2019-11-17,Wankhede Stadium,1,13.3,Mumbai,Assam,AP Tare,PP Shaw,R Parag,4,0,,,,,,,,,
1205828,2019/20,2019-11-17,Wankhede Stadium,1,13.4,Mumbai,Assam,AP Tare,PP Shaw,R Parag,0,0,,,,,,caught,AP Tare,,
1205828,2019/20,2019-11-17,Wankhede Stadium,1,13.5,Mumbai,Assam,SA Yadav,PP Shaw,R Parag,0,0,,,,,,caught,SA Yadav,,
1205828,2019/20,2019-11-17,Wankhede Stadium,1,13.6,Mumbai,Assam,SS Iyer,PP Shaw,R Parag,1,0,,,,,,,,,
1205828,2019/20,2019-11-17,Wankhede Stadium,1,14.1,Mumbai,Assam,SS Iyer,PP Shaw,Rajjakuddin Ahmed,1,0,,,,,,,,,
1205828,2019/20,2019-11-17,Wankhede Stadium,1,14.2,Mumbai,Assam,PP Shaw,SS Iyer,Rajjakuddin Ahmed,2,0,,,,,,,,,
1205828,2019/20,2019-11-17,Wankhede Stadium,1,14.3,Mumbai,Assam,PP Shaw,SS Iyer,Rajjakuddin Ahmed,1,0,,,,,,,,,
1205828,2019/20,2019-11-17,Wankhede Stadium,1,14.4,Mumbai,Assam,SS Iyer,PP Shaw,Rajjakuddin Ahmed,1,0,,,,,,,,,
1205828,2019/20,2019-11-17,Wankhede Stadium,1,14.5,Mumbai,Assam,PP Shaw,SS Iyer,Rajjakuddin Ahmed,4,0,,,,,,,,,
1205828,2019/20,2019-11-17,Wankhede Stadium,1,14.6,Mumbai,Assam,PP Shaw,SS Iyer,Rajjakuddin Ahmed,1,0,,,,,,,,,
1205828,2019/20,2019-11-17,Wankhede Stadium,1,15.1,Mumbai,Assam,PP Shaw,SS Iyer,R Parag,0,0,,,,,,caught,PP Shaw,,
1205828,2019/20,2019-11-17,Wankhede Stadium,1,15.2,Mumbai,Assam,SS Iyer,SD Lad,R Parag,0,0,,,,,,,,,
1205828,2019/20,2019-11-17,Wankhede Stadium,1,15.3,Mumbai,Assam,SS Iyer,SD Lad,R Parag,1,0,,,,,,,,,
1205828,2019/20,2019-11-17,Wankhede Stadium,1,15.4,Mumbai,Assam,SD Lad,SS Iyer,R Parag,0,0,,,,,,,,,
1205828,2019/20,2019-11-17,Wankhede Stadium,1,15.5,Mumbai,Assam,SD Lad,SS Iyer,R Parag,1,0,,,,,,,,,
1205828,2019/20,2019-11-17,Wankhede Stadium,1,15.6,Mumbai,Assam,SS Iyer,SD Lad,R Parag,1,0,,,,,,,,,
1205828,2019/20,2019-11-17,Wankhede Stadium,1,16.1,Mumbai,Assam,SS Iyer,SD Lad,Mrinmoy Dutta,1,0,,,,,,,,,
1205828,2019/20,2019-11-17,Wankhede Stadium,1,16.2,Mumbai,Assam,SD Lad,SS Iyer,Mrinmoy Dutta,6,0,,,,,,,,,
1205828,2019/20,2019-11-17,Wankhede Stadium,1,16.3,Mumbai,Assam,SD Lad,SS Iyer,Mrinmoy Dutta,1,0,,,,,,,,,
1205828,2019/20,2019-11-17,Wankhede Stadium,1,16.4,Mumbai,Assam,SS Iyer,SD Lad,Mrinmoy Dutta,0,0,,,,,,,,,
1205828,2019/20,2019-11-17,Wankhede Stadium,1,16.5,Mumbai,Assam,SS Iyer,SD Lad,Mrinmoy Dutta,4,0,,,,,,,,,
1205828,2019/20,2019-11-17,Wankhede Stadium,1,16.6,Mumbai,Assam,SS Iyer,SD Lad,Mrinmoy Dutta,2,0,,,,,,,,,
1205828,2019/20,2019-11-17,Wankhede Stadium,1,17.1,Mumbai,Assam,SD Lad,SS Iyer,Pritam Das,1,0,,,,,,,,,
1205828,2019/20,2019-11-17,Wankhede Stadium,1,17.2,Mumbai,Assam,SS Iyer,SD Lad,Pritam Das,1,1,,1,,,,,,,
1205828,2019/20,2019-11-17,Wankhede Stadium,1,17.3,Mumbai,Assam,SD Lad,SS Iyer,Pritam Das,1,1,,1,,,,,,,
1205828,2019/20,2019-11-17,Wankhede Stadium,1,17.4,Mumbai,Assam,SS Iyer,SD Lad,Pritam Das,1,0,,,,,,,,,
1205828,2019/20,2019-11-17,Wankhede Stadium,1,17.5,Mumbai,Assam,SD Lad,SS Iyer,Pritam Das,4,0,,,,,,,,,
1205828,2019/20,2019-11-17,Wankhede Stadium,1,17.6,Mumbai,Assam,SD Lad,SS Iyer,Pritam Das,1,0,,,,,,,,,
1205828,2019/20,2019-11-17,Wankhede Stadium,1,17.7,Mumbai,Assam,SS Iyer,SD Lad,Pritam Das,1,0,,,,,,,,,
1205828,2019/20,2019-11-17,Wankhede Stadium,1,17.8,Mumbai,Assam,SD Lad,SS Iyer,Pritam Das,2,0,,,,,,,,,
1205828,2019/20,2019-11-17,Wankhede Stadium,1,18.1,Mumbai,Assam,SS Iyer,SD Lad,AN Ahmed,1,0,,,,,,,,,
1205828,2019/20,2019-11-17,Wankhede Stadium,1,18.2,Mumbai,Assam,SD Lad,SS Iyer,AN Ahmed,1,0,,,,,,,,,
1205828,2019/20,2019-11-17,Wankhede Stadium,1,18.3,Mumbai,Assam,SS Iyer,SD Lad,AN Ahmed,0,0,,,,,,caught,SS Iyer,,
1205828,2019/20,2019-11-17,Wankhede Stadium,1,18.4,Mumbai,Assam,SD Lad,S Dube,AN Ahmed,6,0,,,,,,,,,
1205828,2019/20,2019-11-17,Wankhede Stadium,1,18.5,Mumbai,Assam,SD Lad,S Dube,AN Ahmed,1,0,,,,,,,,,
1205828,2019/20,2019-11-17,Wankhede Stadium,1,18.6,Mumbai,Assam,S Dube,SD Lad,AN Ahmed,0,0,,,,,,caught,S Dube,,
1205828,2019/20,2019-11-17,Wankhede Stadium,1,19.1,Mumbai,Assam,Sujit Nayak,SD Lad,Pritam Das,4,0,,,,,,,,,
1205828,2019/20,2019-11-17,Wankhede Stadium,1,19.2,Mumbai,Assam,Sujit Nayak,SD Lad,Pritam Das,1,0,,,,,,,,,
1205828,2019/20,2019-11-17,Wankhede Stadium,1,19.3,Mumbai,Assam,SD Lad,Sujit Nayak,Pritam Das,6,0,,,,,,,,,
1205828,2019/20,2019-11-17,Wankhede Stadium,1,19.4,Mumbai,Assam,SD Lad,Sujit Nayak,Pritam Das,1,0,,,,,,,,,
1205828,2019/20,2019-11-17,Wankhede Stadium,1,19.5,Mumbai,Assam,Sujit Nayak,SD Lad,Pritam Das,4,0,,,,,,,,,
1205828,2019/20,2019-11-17,Wankhede Stadium,1,19.6,Mumbai,Assam,Sujit Nayak,SD Lad,Pritam Das,1,0,,,,,,,,,
1205828,2019/20,2019-11-17,Wankhede Stadium,2,0.1,Assam,Mumbai,Pallav Kumar Das,Hrishikesh Tamuli,DS Kulkarni,0,0,,,,,,,,,
1205828,2019/20,2019-11-17,Wankhede Stadium,2,0.2,Assam,Mumbai,Pallav Kumar Das,Hrishikesh Tamuli,DS Kulkarni,0,0,,,,,,,,,
1205828,2019/20,2019-11-17,Wankhede Stadium,2,0.3,Assam,Mumbai,Pallav Kumar Das,Hrishikesh Tamuli,DS Kulkarni,0,0,,,,,,bowled,Pallav Kumar Das,,
1205828,2019/20,2019-11-17,Wankhede Stadium,2,0.4,Assam,Mumbai,Sibsankar Roy,Hrishikesh Tamuli,DS Kulkarni,0,0,,,,,,,,,
1205828,2019/20,2019-11-17,Wankhede Stadium,2,0.5,Assam,Mumbai,Sibsankar Roy,Hrishikesh Tamuli,DS Kulkarni,4,0,,,,,,,,,
1205828,2019/20,2019-11-17,Wankhede Stadium,2,0.6,Assam,Mumbai,Sibsankar Roy,Hrishikesh Tamuli,DS Kulkarni,0,0,,,,,,,,,
1205828,2019/20,2019-11-17,Wankhede Stadium,2,1.1,Assam,Mumbai,Hrishikesh Tamuli,Sibsankar Roy,SN Thakur,1,0,,,,,,,,,
1205828,2019/20,2019-11-17,Wankhede Stadium,2,1.2,Assam,Mumbai,Sibsankar Roy,Hrishikesh Tamuli,SN Thakur,4,0,,,,,,,,,
1205828,2019/20,2019-11-17,Wankhede Stadium,2,1.3,Assam,Mumbai,Sibsankar Roy,Hrishikesh Tamuli,SN Thakur,4,0,,,,,,,,,
1205828,2019/20,2019-11-17,Wankhede Stadium,2,1.4,Assam,Mumbai,Sibsankar Roy,Hrishikesh Tamuli,SN Thakur,0,0,,,,,,,,,
1205828,2019/20,2019-11-17,Wankhede Stadium,2,1.5,Assam,Mumbai,Sibsankar Roy,Hrishikesh Tamuli,SN Thakur,1,0,,,,,,,,,
1205828,2019/20,2019-11-17,Wankhede Stadium,2,1.6,Assam,Mumbai,Hrishikesh Tamuli,Sibsankar Roy,SN Thakur,0,0,,,,,,,,,
1205828,2019/20,2019-11-17,Wankhede Stadium,2,2.1,Assam,Mumbai,Sibsankar Roy,Hrishikesh Tamuli,DS Kulkarni,0,1,,,,1,,,,,
1205828,2019/20,2019-11-17,Wankhede Stadium,2,2.2,Assam,Mumbai,Hrishikesh Tamuli,Sibsankar Roy,DS Kulkarni,1,0,,,,,,,,,
1205828,2019/20,2019-11-17,Wankhede Stadium,2,2.3,Assam,Mumbai,Sibsankar Roy,Hrishikesh Tamuli,DS Kulkarni,6,0,,,,,,,,,
1205828,2019/20,2019-11-17,Wankhede Stadium,2,2.4,Assam,Mumbai,Sibsankar Roy,Hrishikesh Tamuli,DS Kulkarni,0,0,,,,,,,,,
1205828,2019/20,2019-11-17,Wankhede Stadium,2,2.5,Assam,Mumbai,Sibsankar Roy,Hrishikesh Tamuli,DS Kulkarni,2,0,,,,,,,,,
1205828,2019/20,2019-11-17,Wankhede Stadium,2,2.6,Assam,Mumbai,Sibsankar Roy,Hrishikesh Tamuli,DS Kulkarni,1,0,,,,,,,,,
1205828,2019/20,2019-11-17,Wankhede Stadium,2,3.1,Assam,Mumbai,Sibsankar Roy,Hrishikesh Tamuli,SN Thakur,0,0,,,,,,,,,
1205828,2019/20,2019-11-17,Wankhede Stadium,2,3.2,Assam,Mumbai,Sibsankar Roy,Hrishikesh Tamuli,SN Thakur,0,0,,,,,,caught,Sibsankar Roy,,
1205828,2019/20,2019-11-17,Wankhede Stadium,2,3.3,Assam,Mumbai,Hrishikesh Tamuli,R Parag,SN Thakur,1,0,,,,,,,,,
1205828,2019/20,2019-11-17,Wankhede Stadium,2,3.4,Assam,Mumbai,R Parag,Hrishikesh Tamuli,SN Thakur,0,0,,,,,,,,,
1205828,2019/20,2019-11-17,Wankhede Stadium,2,3.5,Assam,Mumbai,R Parag,Hrishikesh Tamuli,SN Thakur,0,0,,,,,,,,,
1205828,2019/20,2019-11-17,Wankhede Stadium,2,3.6,Assam,Mumbai,R Parag,Hrishikesh Tamuli,SN Thakur,0,0,,,,,,,,,
1205828,2019/20,2019-11-17,Wankhede Stadium,2,4.1,Assam,Mumbai,Hrishikesh Tamuli,R Parag,S Dube,0,0,,,,,,,,,
1205828,2019/20,2019-11-17,Wankhede Stadium,2,4.2,Assam,Mumbai,Hrishikesh Tamuli,R Parag,S Dube,0,0,,,,,,,,,
1205828,2019/20,2019-11-17,Wankhede Stadium,2,4.3,Assam,Mumbai,Hrishikesh Tamuli,R Parag,S Dube,0,1,1,,,,,,,,
1205828,2019/20,2019-11-17,Wankhede Stadium,2,4.4,Assam,Mumbai,Hrishikesh Tamuli,R Parag,S Dube,1,0,,,,,,,,,
1205828,2019/20,2019-11-17,Wankhede Stadium,2,4.5,Assam,Mumbai,R Parag,Hrishikesh Tamuli,S Dube,0,0,,,,,,,,,
1205828,2019/20,2019-11-17,Wankhede Stadium,2,4.6,Assam,Mumbai,R Parag,Hrishikesh Tamuli,S Dube,0,0,,,,,,,,,
1205828,2019/20,2019-11-17,Wankhede Stadium,2,4.7,Assam,Mumbai,R Parag,Hrishikesh Tamuli,S Dube,0,0,,,,,,,,,
1205828,2019/20,2019-11-17,Wankhede Stadium,2,5.1,Assam,Mumbai,Hrishikesh Tamuli,R Parag,SZ Mulani,1,0,,,,,,,,,
1205828,2019/20,2019-11-17,Wankhede Stadium,2,5.2,Assam,Mumbai,R Parag,Hrishikesh Tamuli,SZ Mulani,2,0,,,,,,,,,
1205828,2019/20,2019-11-17,Wankhede Stadium,2,5.3,Assam,Mumbai,R Parag,Hrishikesh Tamuli,SZ Mulani,1,0,,,,,,,,,
1205828,2019/20,2019-11-17,Wankhede Stadium,2,5.4,Assam,Mumbai,Hrishikesh Tamuli,R Parag,SZ Mulani,0,0,,,,,,,,,
1205828,2019/20,2019-11-17,Wankhede Stadium,2,5.5,Assam,Mumbai,Hrishikesh Tamuli,R Parag,SZ Mulani,0,0,,,,,,caught,Hrishikesh Tamuli,,
1205828,2019/20,2019-11-17,Wankhede Stadium,2,5.6,Assam,Mumbai,R Parag,Amit Sinha,SZ Mulani,0,0,,,,,,,,,
1205828,2019/20,2019-11-17,Wankhede Stadium,2,6.1,Assam,Mumbai,Amit Sinha,R Parag,S Dube,0,0,,,,,,,,,
1205828,2019/20,2019-11-17,Wankhede Stadium,2,6.2,Assam,Mumbai,Amit Sinha,R Parag,S Dube,0,0,,,,,,,,,
1205828,2019/20,2019-11-17,Wankhede Stadium,2,6.3,Assam,Mumbai,Amit Sinha,R Parag,S Dube,0,0,,,,,,,,,
1205828,2019/20,2019-11-17,Wankhede Stadium,2,6.4,Assam,Mumbai,Amit Sinha,R Parag,S Dube,0,0,,,,,,,,,
1205828,2019/20,2019-11-17,Wankhede Stadium,2,6.5,Assam,Mumbai,Amit Sinha,R Parag,S Dube,0,0,,,,,,,,,
1205828,2019/20,2019-11-17,Wankhede Stadium,2,6.6,Assam,Mumbai,Amit Sinha,R Parag,S Dube,0,0,,,,,,,,,
1205828,2019/20,2019-11-17,Wankhede Stadium,2,7.1,Assam,Mumbai,R Parag,Amit Sinha,SZ Mulani,1,0,,,,,,,,,
1205828,2019/20,2019-11-17,Wankhede Stadium,2,7.2,Assam,Mumbai,Amit Sinha,R Parag,SZ Mulani,2,0,,,,,,,,,
1205828,2019/20,2019-11-17,Wankhede Stadium,2,7.3,Assam,Mumbai,Amit Sinha,R Parag,SZ Mulani,0,0,,,,,,,,,
1205828,2019/20,2019-11-17,Wankhede Stadium,2,7.4,Assam,Mumbai,Amit Sinha,R Parag,SZ Mulani,1,0,,,,,,,,,
1205828,2019/20,2019-11-17,Wankhede Stadium,2,7.5,Assam,Mumbai,R Parag,Amit Sinha,SZ Mulani,0,0,,,,,,,,,
1205828,2019/20,2019-11-17,Wankhede Stadium,2,7.6,Assam,Mumbai,R Parag,Amit Sinha,SZ Mulani,0,0,,,,,,,,,
1205828,2019/20,2019-11-17,Wankhede Stadium,2,8.1,Assam,Mumbai,Amit Sinha,R Parag,SS Iyer,6,0,,,,,,,,,
1205828,2019/20,2019-11-17,Wankhede Stadium,2,8.2,Assam,Mumbai,Amit Sinha,R Parag,SS Iyer,0,0,,,,,,,,,
1205828,2019/20,2019-11-17,Wankhede Stadium,2,8.3,Assam,Mumbai,Amit Sinha,R Parag,SS Iyer,0,0,,,,,,,,,
1205828,2019/20,2019-11-17,Wankhede Stadium,2,8.4,Assam,Mumbai,Amit Sinha,R Parag,SS Iyer,6,0,,,,,,,,,
1205828,2019/20,2019-11-17,Wankhede Stadium,2,8.5,Assam,Mumbai,Amit Sinha,R Parag,SS Iyer,0,0,,,,,,,,,
1205828,2019/20,2019-11-17,Wankhede Stadium,2,8.6,Assam,Mumbai,Amit Sinha,R Parag,SS Iyer,4,0,,,,,,,,,
1205828,2019/20,2019-11-17,Wankhede Stadium,2,9.1,Assam,Mumbai,R Parag,Amit Sinha,Sujit Nayak,1,0,,,,,,,,,
1205828,2019/20,2019-11-17,Wankhede Stadium,2,9.2,Assam,Mumbai,Amit Sinha,R Parag,Sujit Nayak,1,0,,,,,,,,,
1205828,2019/20,2019-11-17,Wankhede Stadium,2,9.3,Assam,Mumbai,R Parag,Amit Sinha,Sujit Nayak,0,0,,,,,,,,,
1205828,2019/20,2019-11-17,Wankhede Stadium,2,9.4,Assam,Mumbai,R Parag,Amit Sinha,Sujit Nayak,2,0,,,,,,,,,
1205828,2019/20,2019-11-17,Wankhede Stadium,2,9.5,Assam,Mumbai,R Parag,Amit Sinha,Sujit Nayak,1,0,,,,,,,,,
1205828,2019/20,2019-11-17,Wankhede Stadium,2,9.6,Assam,Mumbai,Amit Sinha,R Parag,Sujit Nayak,1,0,,,,,,,,,
1205828,2019/20,2019-11-17,Wankhede Stadium,2,10.1,Assam,Mumbai,Amit Sinha,R Parag,SS Iyer,1,0,,,,,,,,,
1205828,2019/20,2019-11-17,Wankhede Stadium,2,10.2,Assam,Mumbai,R Parag,Amit Sinha,SS Iyer,6,0,,,,,,,,,
1205828,2019/20,2019-11-17,Wankhede Stadium,2,10.3,Assam,Mumbai,R Parag,Amit Sinha,SS Iyer,1,0,,,,,,,,,
1205828,2019/20,2019-11-17,Wankhede Stadium,2,10.4,Assam,Mumbai,Amit Sinha,R Parag,SS Iyer,0,0,,,,,,,,,
1205828,2019/20,2019-11-17,Wankhede Stadium,2,10.5,Assam,Mumbai,Amit Sinha,R Parag,SS Iyer,0,0,,,,,,caught,Amit Sinha,,
1205828,2019/20,2019-11-17,Wankhede Stadium,2,10.6,Assam,Mumbai,R Parag,Rajjakuddin Ahmed,SS Iyer,4,0,,,,,,,,,
1205828,2019/20,2019-11-17,Wankhede Stadium,2,11.1,Assam,Mumbai,Rajjakuddin Ahmed,R Parag,Sujit Nayak,0,0,,,,,,,,,
1205828,2019/20,2019-11-17,Wankhede Stadium,2,11.2,Assam,Mumbai,Rajjakuddin Ahmed,R Parag,Sujit Nayak,6,0,,,,,,,,,
1205828,2019/20,2019-11-17,Wankhede Stadium,2,11.3,Assam,Mumbai,Rajjakuddin Ahmed,R Parag,Sujit Nayak,1,0,,,,,,,,,
1205828,2019/20,2019-11-17,Wankhede Stadium,2,11.4,Assam,Mumbai,R Parag,Rajjakuddin Ahmed,Sujit Nayak,1,0,,,,,,,,,
1205828,2019/20,2019-11-17,Wankhede Stadium,2,11.5,Assam,Mumbai,Rajjakuddin Ahmed,R Parag,Sujit Nayak,0,0,,,,,,,,,
1205828,2019/20,2019-11-17,Wankhede Stadium,2,11.6,Assam,Mumbai,Rajjakuddin Ahmed,R Parag,Sujit Nayak,0,0,,,,,,,,,
1205828,2019/20,2019-11-17,Wankhede Stadium,2,12.1,Assam,Mumbai,R Parag,Rajjakuddin Ahmed,SZ Mulani,1,0,,,,,,,,,
1205828,2019/20,2019-11-17,Wankhede Stadium,2,12.2,Assam,Mumbai,Rajjakuddin Ahmed,R Parag,SZ Mulani,0,0,,,,,,,,,
1205828,2019/20,2019-11-17,Wankhede Stadium,2,12.3,Assam,Mumbai,Rajjakuddin Ahmed,R Parag,SZ Mulani,0,0,,,,,,bowled,Rajjakuddin Ahmed,,
1205828,2019/20,2019-11-17,Wankhede Stadium,2,12.4,Assam,Mumbai,AN Ahmed,R Parag,SZ Mulani,0,0,,,,,,,,,
1205828,2019/20,2019-11-17,Wankhede Stadium,2,12.5,Assam,Mumbai,AN Ahmed,R Parag,SZ Mulani,0,0,,,,,,,,,
1205828,2019/20,2019-11-17,Wankhede Stadium,2,12.6,Assam,Mumbai,AN Ahmed,R Parag,SZ Mulani,0,0,,,,,,,,,
1205828,2019/20,2019-11-17,Wankhede Stadium,2,13.1,Assam,Mumbai,R Parag,AN Ahmed,SN Thakur,1,0,,,,,,,,,
1205828,2019/20,2019-11-17,Wankhede Stadium,2,13.2,Assam,Mumbai,AN Ahmed,R Parag,SN Thakur,2,0,,,,,,,,,
1205828,2019/20,2019-11-17,Wankhede Stadium,2,13.3,Assam,Mumbai,AN Ahmed,R Parag,SN Thakur,1,0,,,,,,,,,
1205828,2019/20,2019-11-17,Wankhede Stadium,2,13.4,Assam,Mumbai,R Parag,AN Ahmed,SN Thakur,0,1,1,,,,,,,,
1205828,2019/20,2019-11-17,Wankhede Stadium,2,13.5,Assam,Mumbai,R Parag,AN Ahmed,SN Thakur,1,0,,,,,,,,,
1205828,2019/20,2019-11-17,Wankhede Stadium,2,13.6,Assam,Mumbai,AN Ahmed,R Parag,SN Thakur,0,0,,,,,,,,,
1205828,2019/20,2019-11-17,Wankhede Stadium,2,13.7,Assam,Mumbai,AN Ahmed,R Parag,SN Thakur,0,0,,,,,,,,,
1205828,2019/20,2019-11-17,Wankhede Stadium,2,14.1,Assam,Mumbai,R Parag,AN Ahmed,SZ Mulani,0,0,,,,,,,,,
1205828,2019/20,2019-11-17,Wankhede Stadium,2,14.2,Assam,Mumbai,R Parag,AN Ahmed,SZ Mulani,1,0,,,,,,,,,
1205828,2019/20,2019-11-17,Wankhede Stadium,2,14.3,Assam,Mumbai,AN Ahmed,R Parag,SZ Mulani,0,0,,,,,,,,,
1205828,2019/20,2019-11-17,Wankhede Stadium,2,14.4,Assam,Mumbai,AN Ahmed,R Parag,SZ Mulani,1,0,,,,,,,,,
1205828,2019/20,2019-11-17,Wankhede Stadium,2,14.5,Assam,Mumbai,R Parag,AN Ahmed,SZ Mulani,0,0,,,,,,,,,
1205828,2019/20,2019-11-17,Wankhede Stadium,2,14.6,Assam,Mumbai,R Parag,AN Ahmed,SZ Mulani,4,0,,,,,,,,,
1205828,2019/20,2019-11-17,Wankhede Stadium,2,15.1,Assam,Mumbai,AN Ahmed,R Parag,DS Kulkarni,4,0,,,,,,,,,
1205828,2019/20,2019-11-17,Wankhede Stadium,2,15.2,Assam,Mumbai,AN Ahmed,R Parag,DS Kulkarni,0,0,,,,,,,,,
1205828,2019/20,2019-11-17,Wankhede Stadium,2,15.3,Assam,Mumbai,AN Ahmed,R Parag,DS Kulkarni,2,0,,,,,,,,,
1205828,2019/20,2019-11-17,Wankhede Stadium,2,15.4,Assam,Mumbai,AN Ahmed,R Parag,DS Kulkarni,0,0,,,,,,caught,AN Ahmed,,
1205828,2019/20,2019-11-17,Wankhede Stadium,2,15.5,Assam,Mumbai,Parvez Aziz,R Parag,DS Kulkarni,0,0,,,,,,,,,
1205828,2019/20,2019-11-17,Wankhede Stadium,2,15.6,Assam,Mumbai,Parvez Aziz,R Parag,DS Kulkarni,1,0,,,,,,,,,
1205828,2019/20,2019-11-17,Wankhede Stadium,2,16.1,Assam,Mumbai,Parvez Aziz,R Parag,Sujit Nayak,1,0,,,,,,,,,
1205828,2019/20,2019-11-17,Wankhede Stadium,2,16.2,Assam,Mumbai,R Parag,Parvez Aziz,Sujit Nayak,1,0,,,,,,,,,
1205828,2019/20,2019-11-17,Wankhede Stadium,2,16.3,Assam,Mumbai,Parvez Aziz,R Parag,Sujit Nayak,1,0,,,,,,,,,
1205828,2019/20,2019-11-17,Wankhede Stadium,2,16.4,Assam,Mumbai,R Parag,Parvez Aziz,Sujit Nayak,1,0,,,,,,,,,
1205828,2019/20,2019-11-17,Wankhede Stadium,2,16.5,Assam,Mumbai,Parvez Aziz,R Parag,Sujit Nayak,1,0,,,,,,,,,
1205828,2019/20,2019-11-17,Wankhede Stadium,2,16.6,Assam,Mumbai,R Parag,Parvez Aziz,Sujit Nayak,6,0,,,,,,,,,
1205828,2019/20,2019-11-17,Wankhede Stadium,2,17.1,Assam,Mumbai,Parvez Aziz,R Parag,DS Kulkarni,0,0,,,,,,,,,
1205828,2019/20,2019-11-17,Wankhede Stadium,2,17.2,Assam,Mumbai,Parvez Aziz,R Parag,DS Kulkarni,4,0,,,,,,,,,
1205828,2019/20,2019-11-17,Wankhede Stadium,2,17.3,Assam,Mumbai,Parvez Aziz,R Parag,DS Kulkarni,1,0,,,,,,,,,
1205828,2019/20,2019-11-17,Wankhede Stadium,2,17.4,Assam,Mumbai,R Parag,Parvez Aziz,DS Kulkarni,1,0,,,,,,,,,
1205828,2019/20,2019-11-17,Wankhede Stadium,2,17.5,Assam,Mumbai,Parvez Aziz,R Parag,DS Kulkarni,0,0,,,,,,,,,
1205828,2019/20,2019-11-17,Wankhede Stadium,2,17.6,Assam,Mumbai,Parvez Aziz,R Parag,DS Kulkarni,1,0,,,,,,,,,
1205828,2019/20,2019-11-17,Wankhede Stadium,2,18.1,Assam,Mumbai,Parvez Aziz,R Parag,SN Thakur,4,0,,,,,,,,,
1205828,2019/20,2019-11-17,Wankhede Stadium,2,18.2,Assam,Mumbai,Parvez Aziz,R Parag,SN Thakur,1,0,,,,,,,,,
1205828,2019/20,2019-11-17,Wankhede Stadium,2,18.3,Assam,Mumbai,R Parag,Parvez Aziz,SN Thakur,1,0,,,,,,,,,
1205828,2019/20,2019-11-17,Wankhede Stadium,2,18.4,Assam,Mumbai,Parvez Aziz,R Parag,SN Thakur,0,0,,,,,,,,,
1205828,2019/20,2019-11-17,Wankhede Stadium,2,18.5,Assam,Mumbai,Parvez Aziz,R Parag,SN Thakur,0,0,,,,,,,,,
1205828,2019/20,2019-11-17,Wankhede Stadium,2,18.6,Assam,Mumbai,Parvez Aziz,R Parag,SN Thakur,0,0,,,,,,,,,
1205828,2019/20,2019-11-17,Wankhede Stadium,2,19.1,Assam,Mumbai,R Parag,Parvez Aziz,S Dube,0,0,,,,,,caught,R Parag,,
1205828,2019/20,2019-11-17,Wankhede Stadium,2,19.2,Assam,Mumbai,Abhilash Gogoi,Parvez Aziz,S Dube,0,0,,,,,,,,,
1205828,2019/20,2019-11-17,Wankhede Stadium,2,19.3,Assam,Mumbai,Abhilash Gogoi,Parvez Aziz,S Dube,0,0,,,,,,caught,Abhilash Gogoi,,
1205828,2019/20,2019-11-17,Wankhede Stadium,2,19.4,Assam,Mumbai,Pritam Das,Parvez Aziz,S Dube,0,0,,,,,,,,,
1205828,2019/20,2019-11-17,Wankhede Stadium,2,19.5,Assam,Mumbai,Pritam Das,Parvez Aziz,S Dube,0,0,,,,,,,,,
1205828,2019/20,2019-11-17,Wankhede Stadium,2,19.6,Assam,Mumbai,Pritam Das,Parvez Aziz,S Dube,1,0,,,,,,,,,
