match_id,season,start_date,venue,innings,ball,batting_team,bowling_team,striker,non_striker,bowler,runs_off_bat,extras,wides,noballs,byes,legbyes,penalty,wicket_type,player_dismissed,other_wicket_type,other_player_dismissed
1205778,2019/20,2019-11-12,Dr. Y.S. Rajasekhara Reddy ACA VDCA Cricket Stadium,1,0.1,Goa,Uttarakhand,Aditya Kaushik,Rajashekhar Harikant,Mayank Mishra,0,0,,,,,,,,,
1205778,2019/20,2019-11-12,Dr. Y.S. Rajasekhara Reddy ACA VDCA Cricket Stadium,1,0.2,Goa,Uttarakhand,Aditya Kaushik,Rajashekhar Harikant,Mayank Mishra,0,0,,,,,,,,,
1205778,2019/20,2019-11-12,Dr. Y.S. Rajasekhara Reddy ACA VDCA Cricket Stadium,1,0.3,Goa,Uttarakhand,Aditya Kaushik,Rajashekhar Harikant,Mayank Mishra,1,0,,,,,,,,,
1205778,2019/20,2019-11-12,Dr. Y.S. Rajasekhara Reddy ACA VDCA Cricket Stadium,1,0.4,Goa,Uttarakhand,Rajashekhar Harikant,Aditya Kaushik,Mayank Mishra,0,0,,,,,,,,,
1205778,2019/20,2019-11-12,Dr. Y.S. Rajasekhara Reddy ACA VDCA Cricket Stadium,1,0.5,Goa,Uttarakhand,Rajashekhar Harikant,Aditya Kaushik,Mayank Mishra,0,0,,,,,,,,,
1205778,2019/20,2019-11-12,Dr. Y.S. Rajasekhara Reddy ACA VDCA Cricket Stadium,1,0.6,Goa,Uttarakhand,Rajashekhar Harikant,Aditya Kaushik,Mayank Mishra,0,0,,,,,,,,,
1205778,2019/20,2019-11-12,Dr. Y.S. Rajasekhara Reddy ACA VDCA Cricket Stadium,1,1.1,Goa,Uttarakhand,Aditya Kaushik,Rajashekhar Harikant,Akash Madhwal,0,1,,1,,,,,,,
1205778,2019/20,2019-11-12,Dr. Y.S. Rajasekhara Reddy ACA VDCA Cricket Stadium,1,1.2,Goa,Uttarakhand,Aditya Kaushik,Rajashekhar Harikant,Akash Madhwal,1,0,,,,,,,,,
1205778,2019/20,2019-11-12,Dr. Y.S. Rajasekhara Reddy ACA VDCA Cricket Stadium,1,1.3,Goa,Uttarakhand,Rajashekhar Harikant,Aditya Kaushik,Akash Madhwal,0,0,,,,,,,,,
1205778,2019/20,2019-11-12,Dr. Y.S. Rajasekhara Reddy ACA VDCA Cricket Stadium,1,1.4,Goa,Uttarakhand,Rajashekhar Harikant,Aditya Kaushik,Akash Madhwal,0,0,,,,,,caught,Rajashekhar Harikant,,
1205778,2019/20,2019-11-12,Dr. Y.S. Rajasekhara Reddy ACA VDCA Cricket Stadium,1,1.5,Goa,Uttarakhand,Snehal Kauthankar,Aditya Kaushik,Akash Madhwal,0,0,,,,,,,,,
1205778,2019/20,2019-11-12,Dr. Y.S. Rajasekhara Reddy ACA VDCA Cricket Stadium,1,1.6,Goa,Uttarakhand,Snehal Kauthankar,Aditya Kaushik,Akash Madhwal,1,0,,,,,,,,,
1205778,2019/20,2019-11-12,Dr. Y.S. Rajasekhara Reddy ACA VDCA Cricket Stadium,1,1.7,Goa,Uttarakhand,Aditya Kaushik,Snehal Kauthankar,Akash Madhwal,1,0,,,,,,,,,
1205778,2019/20,2019-11-12,Dr. Y.S. Rajasekhara Reddy ACA VDCA Cricket Stadium,1,2.1,Goa,Uttarakhand,Aditya Kaushik,Snehal Kauthankar,Mayank Mishra,1,0,,,,,,,,,
1205778,2019/20,2019-11-12,Dr. Y.S. Rajasekhara Reddy ACA VDCA Cricket Stadium,1,2.2,Goa,Uttarakhand,Snehal Kauthankar,Aditya Kaushik,Mayank Mishra,1,0,,,,,,,,,
1205778,2019/20,2019-11-12,Dr. Y.S. Rajasekhara Reddy ACA VDCA Cricket Stadium,1,2.3,Goa,Uttarakhand,Aditya Kaushik,Snehal Kauthankar,Mayank Mishra,0,0,,,,,,caught,Aditya Kaushik,,
1205778,2019/20,2019-11-12,Dr. Y.S. Rajasekhara Reddy ACA VDCA Cricket Stadium,1,2.4,Goa,Uttarakhand,Amit Verma,Snehal Kauthankar,Mayank Mishra,0,0,,,,,,caught,Amit Verma,,
1205778,2019/20,2019-11-12,Dr. Y.S. Rajasekhara Reddy ACA VDCA Cricket Stadium,1,2.5,Goa,Uttarakhand,SS Prabhudessai,Snehal Kauthankar,Mayank Mishra,0,0,,,,,,caught,SS Prabhudessai,,
1205778,2019/20,2019-11-12,Dr. Y.S. Rajasekhara Reddy ACA VDCA Cricket Stadium,1,2.6,Goa,Uttarakhand,Darshan Misal,Snehal Kauthankar,Mayank Mishra,0,0,,,,,,,,,
1205778,2019/20,2019-11-12,Dr. Y.S. Rajasekhara Reddy ACA VDCA Cricket Stadium,1,3.1,Goa,Uttarakhand,Snehal Kauthankar,Darshan Misal,Akash Madhwal,4,0,,,,,,,,,
1205778,2019/20,2019-11-12,Dr. Y.S. Rajasekhara Reddy ACA VDCA Cricket Stadium,1,3.2,Goa,Uttarakhand,Snehal Kauthankar,Darshan Misal,Akash Madhwal,0,0,,,,,,,,,
1205778,2019/20,2019-11-12,Dr. Y.S. Rajasekhara Reddy ACA VDCA Cricket Stadium,1,3.3,Goa,Uttarakhand,Snehal Kauthankar,Darshan Misal,Akash Madhwal,0,0,,,,,,,,,
1205778,2019/20,2019-11-12,Dr. Y.S. Rajasekhara Reddy ACA VDCA Cricket Stadium,1,3.4,Goa,Uttarakhand,Snehal Kauthankar,Darshan Misal,Akash Madhwal,4,0,,,,,,,,,
1205778,2019/20,2019-11-12,Dr. Y.S. Rajasekhara Reddy ACA VDCA Cricket Stadium,1,3.5,Goa,Uttarakhand,Snehal Kauthankar,Darshan Misal,Akash Madhwal,1,0,,,,,,,,,
1205778,2019/20,2019-11-12,Dr. Y.S. Rajasekhara Reddy ACA VDCA Cricket Stadium,1,3.6,Goa,Uttarakhand,Darshan Misal,Snehal Kauthankar,Akash Madhwal,0,0,,,,,,,,,
1205778,2019/20,2019-11-12,Dr. Y.S. Rajasekhara Reddy ACA VDCA Cricket Stadium,1,4.1,Goa,Uttarakhand,Snehal Kauthankar,Darshan Misal,Mayank Mishra,0,0,,,,,,,,,
1205778,2019/20,2019-11-12,Dr. Y.S. Rajasekhara Reddy ACA VDCA Cricket Stadium,1,4.2,Goa,Uttarakhand,Snehal Kauthankar,Darshan Misal,Mayank Mishra,0,0,,,,,,,,,
1205778,2019/20,2019-11-12,Dr. Y.S. Rajasekhara Reddy ACA VDCA Cricket Stadium,1,4.3,Goa,Uttarakhand,Snehal Kauthankar,Darshan Misal,Mayank Mishra,1,0,,,,,,,,,
1205778,2019/20,2019-11-12,Dr. Y.S. Rajasekhara Reddy ACA VDCA Cricket Stadium,1,4.4,Goa,Uttarakhand,Darshan Misal,Snehal Kauthankar,Mayank Mishra,0,0,,,,,,,,,
1205778,2019/20,2019-11-12,Dr. Y.S. Rajasekhara Reddy ACA VDCA Cricket Stadium,1,4.5,Goa,Uttarakhand,Darshan Misal,Snehal Kauthankar,Mayank Mishra,0,0,,,,,,,,,
1205778,2019/20,2019-11-12,Dr. Y.S. Rajasekhara Reddy ACA VDCA Cricket Stadium,1,4.6,Goa,Uttarakhand,Darshan Misal,Snehal Kauthankar,Mayank Mishra,1,0,,,,,,,,,
1205778,2019/20,2019-11-12,Dr. Y.S. Rajasekhara Reddy ACA VDCA Cricket Stadium,1,5.1,Goa,Uttarakhand,Darshan Misal,Snehal Kauthankar,Dikshanshu Negi,0,0,,,,,,,,,
1205778,2019/20,2019-11-12,Dr. Y.S. Rajasekhara Reddy ACA VDCA Cricket Stadium,1,5.2,Goa,Uttarakhand,Darshan Misal,Snehal Kauthankar,Dikshanshu Negi,1,0,,,,,,,,,
1205778,2019/20,2019-11-12,Dr. Y.S. Rajasekhara Reddy ACA VDCA Cricket Stadium,1,5.3,Goa,Uttarakhand,Snehal Kauthankar,Darshan Misal,Dikshanshu Negi,0,0,,,,,,,,,
1205778,2019/20,2019-11-12,Dr. Y.S. Rajasekhara Reddy ACA VDCA Cricket Stadium,1,5.4,Goa,Uttarakhand,Snehal Kauthankar,Darshan Misal,Dikshanshu Negi,0,0,,,,,,,,,
1205778,2019/20,2019-11-12,Dr. Y.S. Rajasekhara Reddy ACA VDCA Cricket Stadium,1,5.5,Goa,Uttarakhand,Snehal Kauthankar,Darshan Misal,Dikshanshu Negi,6,0,,,,,,,,,
1205778,2019/20,2019-11-12,Dr. Y.S. Rajasekhara Reddy ACA VDCA Cricket Stadium,1,5.6,Goa,Uttarakhand,Snehal Kauthankar,Darshan Misal,Dikshanshu Negi,1,0,,,,,,,,,
1205778,2019/20,2019-11-12,Dr. Y.S. Rajasekhara Reddy ACA VDCA Cricket Stadium,1,6.1,Goa,Uttarakhand,Snehal Kauthankar,Darshan Misal,Sunny Rana,0,0,,,,,,,,,
1205778,2019/20,2019-11-12,Dr. Y.S. Rajasekhara Reddy ACA VDCA Cricket Stadium,1,6.2,Goa,Uttarakhand,Snehal Kauthankar,Darshan Misal,Sunny Rana,1,0,,,,,,,,,
1205778,2019/20,2019-11-12,Dr. Y.S. Rajasekhara Reddy ACA VDCA Cricket Stadium,1,6.3,Goa,Uttarakhand,Darshan Misal,Snehal Kauthankar,Sunny Rana,1,0,,,,,,,,,
1205778,2019/20,2019-11-12,Dr. Y.S. Rajasekhara Reddy ACA VDCA Cricket Stadium,1,6.4,Goa,Uttarakhand,Snehal Kauthankar,Darshan Misal,Sunny Rana,1,0,,,,,,,,,
1205778,2019/20,2019-11-12,Dr. Y.S. Rajasekhara Reddy ACA VDCA Cricket Stadium,1,6.5,Goa,Uttarakhand,Darshan Misal,Snehal Kauthankar,Sunny Rana,1,0,,,,,,,,,
1205778,2019/20,2019-11-12,Dr. Y.S. Rajasekhara Reddy ACA VDCA Cricket Stadium,1,6.6,Goa,Uttarakhand,Snehal Kauthankar,Darshan Misal,Sunny Rana,1,0,,,,,,,,,
1205778,2019/20,2019-11-12,Dr. Y.S. Rajasekhara Reddy ACA VDCA Cricket Stadium,1,7.1,Goa,Uttarakhand,Snehal Kauthankar,Darshan Misal,Dikshanshu Negi,1,0,,,,,,,,,
1205778,2019/20,2019-11-12,Dr. Y.S. Rajasekhara Reddy ACA VDCA Cricket Stadium,1,7.2,Goa,Uttarakhand,Darshan Misal,Snehal Kauthankar,Dikshanshu Negi,0,0,,,,,,,,,
1205778,2019/20,2019-11-12,Dr. Y.S. Rajasekhara Reddy ACA VDCA Cricket Stadium,1,7.3,Goa,Uttarakhand,Darshan Misal,Snehal Kauthankar,Dikshanshu Negi,0,0,,,,,,,,,
1205778,2019/20,2019-11-12,Dr. Y.S. Rajasekhara Reddy ACA VDCA Cricket Stadium,1,7.4,Goa,Uttarakhand,Darshan Misal,Snehal Kauthankar,Dikshanshu Negi,1,0,,,,,,,,,
1205778,2019/20,2019-11-12,Dr. Y.S. Rajasekhara Reddy ACA VDCA Cricket Stadium,1,7.5,Goa,Uttarakhand,Snehal Kauthankar,Darshan Misal,Dikshanshu Negi,1,0,,,,,,,,,
1205778,2019/20,2019-11-12,Dr. Y.S. Rajasekhara Reddy ACA VDCA Cricket Stadium,1,7.6,Goa,Uttarakhand,Darshan Misal,Snehal Kauthankar,Dikshanshu Negi,1,0,,,,,,,,,
1205778,2019/20,2019-11-12,Dr. Y.S. Rajasekhara Reddy ACA VDCA Cricket Stadium,1,8.1,Goa,Uttarakhand,Darshan Misal,Snehal Kauthankar,Sunny Rana,0,0,,,,,,,,,
1205778,2019/20,2019-11-12,Dr. Y.S. Rajasekhara Reddy ACA VDCA Cricket Stadium,1,8.2,Goa,Uttarakhand,Darshan Misal,Snehal Kauthankar,Sunny Rana,0,0,,,,,,,,,
1205778,2019/20,2019-11-12,Dr. Y.S. Rajasekhara Reddy ACA VDCA Cricket Stadium,1,8.3,Goa,Uttarakhand,Darshan Misal,Snehal Kauthankar,Sunny Rana,1,0,,,,,,,,,
1205778,2019/20,2019-11-12,Dr. Y.S. Rajasekhara Reddy ACA VDCA Cricket Stadium,1,8.4,Goa,Uttarakhand,Snehal Kauthankar,Darshan Misal,Sunny Rana,1,0,,,,,,,,,
1205778,2019/20,2019-11-12,Dr. Y.S. Rajasekhara Reddy ACA VDCA Cricket Stadium,1,8.5,Goa,Uttarakhand,Darshan Misal,Snehal Kauthankar,Sunny Rana,0,0,,,,,,,,,
1205778,2019/20,2019-11-12,Dr. Y.S. Rajasekhara Reddy ACA VDCA Cricket Stadium,1,8.6,Goa,Uttarakhand,Darshan Misal,Snehal Kauthankar,Sunny Rana,1,0,,,,,,,,,
1205778,2019/20,2019-11-12,Dr. Y.S. Rajasekhara Reddy ACA VDCA Cricket Stadium,1,9.1,Goa,Uttarakhand,Darshan Misal,Snehal Kauthankar,Rahil Shah,1,0,,,,,,,,,
1205778,2019/20,2019-11-12,Dr. Y.S. Rajasekhara Reddy ACA VDCA Cricket Stadium,1,9.2,Goa,Uttarakhand,Snehal Kauthankar,Darshan Misal,Rahil Shah,1,0,,,,,,,,,
1205778,2019/20,2019-11-12,Dr. Y.S. Rajasekhara Reddy ACA VDCA Cricket Stadium,1,9.3,Goa,Uttarakhand,Darshan Misal,Snehal Kauthankar,Rahil Shah,1,0,,,,,,,,,
1205778,2019/20,2019-11-12,Dr. Y.S. Rajasekhara Reddy ACA VDCA Cricket Stadium,1,9.4,Goa,Uttarakhand,Snehal Kauthankar,Darshan Misal,Rahil Shah,1,0,,,,,,,,,
1205778,2019/20,2019-11-12,Dr. Y.S. Rajasekhara Reddy ACA VDCA Cricket Stadium,1,9.5,Goa,Uttarakhand,Darshan Misal,Snehal Kauthankar,Rahil Shah,0,0,,,,,,,,,
1205778,2019/20,2019-11-12,Dr. Y.S. Rajasekhara Reddy ACA VDCA Cricket Stadium,1,9.6,Goa,Uttarakhand,Darshan Misal,Snehal Kauthankar,Rahil Shah,1,0,,,,,,,,,
1205778,2019/20,2019-11-12,Dr. Y.S. Rajasekhara Reddy ACA VDCA Cricket Stadium,1,10.1,Goa,Uttarakhand,Darshan Misal,Snehal Kauthankar,Mayank Mishra,0,0,,,,,,caught,Darshan Misal,,
1205778,2019/20,2019-11-12,Dr. Y.S. Rajasekhara Reddy ACA VDCA Cricket Stadium,1,10.2,Goa,Uttarakhand,Snehal Kauthankar,Lakshay Garg,Mayank Mishra,0,0,,,,,,,,,
1205778,2019/20,2019-11-12,Dr. Y.S. Rajasekhara Reddy ACA VDCA Cricket Stadium,1,10.3,Goa,Uttarakhand,Snehal Kauthankar,Lakshay Garg,Mayank Mishra,0,0,,,,,,,,,
1205778,2019/20,2019-11-12,Dr. Y.S. Rajasekhara Reddy ACA VDCA Cricket Stadium,1,10.4,Goa,Uttarakhand,Snehal Kauthankar,Lakshay Garg,Mayank Mishra,1,0,,,,,,,,,
1205778,2019/20,2019-11-12,Dr. Y.S. Rajasekhara Reddy ACA VDCA Cricket Stadium,1,10.5,Goa,Uttarakhand,Lakshay Garg,Snehal Kauthankar,Mayank Mishra,0,0,,,,,,,,,
1205778,2019/20,2019-11-12,Dr. Y.S. Rajasekhara Reddy ACA VDCA Cricket Stadium,1,10.6,Goa,Uttarakhand,Lakshay Garg,Snehal Kauthankar,Mayank Mishra,0,0,,,,,,,,,
1205778,2019/20,2019-11-12,Dr. Y.S. Rajasekhara Reddy ACA VDCA Cricket Stadium,1,11.1,Goa,Uttarakhand,Snehal Kauthankar,Lakshay Garg,Rahil Shah,0,0,,,,,,,,,
1205778,2019/20,2019-11-12,Dr. Y.S. Rajasekhara Reddy ACA VDCA Cricket Stadium,1,11.2,Goa,Uttarakhand,Snehal Kauthankar,Lakshay Garg,Rahil Shah,0,0,,,,,,,,,
1205778,2019/20,2019-11-12,Dr. Y.S. Rajasekhara Reddy ACA VDCA Cricket Stadium,1,11.3,Goa,Uttarakhand,Snehal Kauthankar,Lakshay Garg,Rahil Shah,1,0,,,,,,,,,
1205778,2019/20,2019-11-12,Dr. Y.S. Rajasekhara Reddy ACA VDCA Cricket Stadium,1,11.4,Goa,Uttarakhand,Lakshay Garg,Snehal Kauthankar,Rahil Shah,0,0,,,,,,,,,
1205778,2019/20,2019-11-12,Dr. Y.S. Rajasekhara Reddy ACA VDCA Cricket Stadium,1,11.5,Goa,Uttarakhand,Lakshay Garg,Snehal Kauthankar,Rahil Shah,0,0,,,,,,,,,
1205778,2019/20,2019-11-12,Dr. Y.S. Rajasekhara Reddy ACA VDCA Cricket Stadium,1,11.6,Goa,Uttarakhand,Lakshay Garg,Snehal Kauthankar,Rahil Shah,0,0,,,,,,,,,
1205778,2019/20,2019-11-12,Dr. Y.S. Rajasekhara Reddy ACA VDCA Cricket Stadium,1,12.1,Goa,Uttarakhand,Snehal Kauthankar,Lakshay Garg,Himanshu Bisht,1,0,,,,,,,,,
1205778,2019/20,2019-11-12,Dr. Y.S. Rajasekhara Reddy ACA VDCA Cricket Stadium,1,12.2,Goa,Uttarakhand,Lakshay Garg,Snehal Kauthankar,Himanshu Bisht,0,0,,,,,,,,,
1205778,2019/20,2019-11-12,Dr. Y.S. Rajasekhara Reddy ACA VDCA Cricket Stadium,1,12.3,Goa,Uttarakhand,Lakshay Garg,Snehal Kauthankar,Himanshu Bisht,1,0,,,,,,,,,
1205778,2019/20,2019-11-12,Dr. Y.S. Rajasekhara Reddy ACA VDCA Cricket Stadium,1,12.4,Goa,Uttarakhand,Snehal Kauthankar,Lakshay Garg,Himanshu Bisht,1,0,,,,,,,,,
1205778,2019/20,2019-11-12,Dr. Y.S. Rajasekhara Reddy ACA VDCA Cricket Stadium,1,12.5,Goa,Uttarakhand,Lakshay Garg,Snehal Kauthankar,Himanshu Bisht,4,0,,,,,,,,,
1205778,2019/20,2019-11-12,Dr. Y.S. Rajasekhara Reddy ACA VDCA Cricket Stadium,1,12.6,Goa,Uttarakhand,Lakshay Garg,Snehal Kauthankar,Himanshu Bisht,4,0,,,,,,,,,
1205778,2019/20,2019-11-12,Dr. Y.S. Rajasekhara Reddy ACA VDCA Cricket Stadium,1,13.1,Goa,Uttarakhand,Snehal Kauthankar,Lakshay Garg,Rahil Shah,0,1,1,,,,,,,,
1205778,2019/20,2019-11-12,Dr. Y.S. Rajasekhara Reddy ACA VDCA Cricket Stadium,1,13.2,Goa,Uttarakhand,Snehal Kauthankar,Lakshay Garg,Rahil Shah,1,0,,,,,,,,,
1205778,2019/20,2019-11-12,Dr. Y.S. Rajasekhara Reddy ACA VDCA Cricket Stadium,1,13.3,Goa,Uttarakhand,Lakshay Garg,Snehal Kauthankar,Rahil Shah,1,0,,,,,,,,,
1205778,2019/20,2019-11-12,Dr. Y.S. Rajasekhara Reddy ACA VDCA Cricket Stadium,1,13.4,Goa,Uttarakhand,Snehal Kauthankar,Lakshay Garg,Rahil Shah,1,0,,,,,,,,,
1205778,2019/20,2019-11-12,Dr. Y.S. Rajasekhara Reddy ACA VDCA Cricket Stadium,1,13.5,Goa,Uttarakhand,Lakshay Garg,Snehal Kauthankar,Rahil Shah,0,0,,,,,,,,,
1205778,2019/20,2019-11-12,Dr. Y.S. Rajasekhara Reddy ACA VDCA Cricket Stadium,1,13.6,Goa,Uttarakhand,Lakshay Garg,Snehal Kauthankar,Rahil Shah,0,0,,,,,,,,,
1205778,2019/20,2019-11-12,Dr. Y.S. Rajasekhara Reddy ACA VDCA Cricket Stadium,1,13.7,Goa,Uttarakhand,Lakshay Garg,Snehal Kauthankar,Rahil Shah,1,0,,,,,,,,,
1205778,2019/20,2019-11-12,Dr. Y.S. Rajasekhara Reddy ACA VDCA Cricket Stadium,1,14.1,Goa,Uttarakhand,Lakshay Garg,Snehal Kauthankar,Himanshu Bisht,4,0,,,,,,,,,
1205778,2019/20,2019-11-12,Dr. Y.S. Rajasekhara Reddy ACA VDCA Cricket Stadium,1,14.2,Goa,Uttarakhand,Lakshay Garg,Snehal Kauthankar,Himanshu Bisht,1,0,,,,,,,,,
1205778,2019/20,2019-11-12,Dr. Y.S. Rajasekhara Reddy ACA VDCA Cricket Stadium,1,14.3,Goa,Uttarakhand,Snehal Kauthankar,Lakshay Garg,Himanshu Bisht,1,0,,,,,,,,,
1205778,2019/20,2019-11-12,Dr. Y.S. Rajasekhara Reddy ACA VDCA Cricket Stadium,1,14.4,Goa,Uttarakhand,Lakshay Garg,Snehal Kauthankar,Himanshu Bisht,0,0,,,,,,,,,
1205778,2019/20,2019-11-12,Dr. Y.S. Rajasekhara Reddy ACA VDCA Cricket Stadium,1,14.5,Goa,Uttarakhand,Lakshay Garg,Snehal Kauthankar,Himanshu Bisht,0,0,,,,,,,,,
1205778,2019/20,2019-11-12,Dr. Y.S. Rajasekhara Reddy ACA VDCA Cricket Stadium,1,14.6,Goa,Uttarakhand,Lakshay Garg,Snehal Kauthankar,Himanshu Bisht,0,0,,,,,,,,,
1205778,2019/20,2019-11-12,Dr. Y.S. Rajasekhara Reddy ACA VDCA Cricket Stadium,1,15.1,Goa,Uttarakhand,Snehal Kauthankar,Lakshay Garg,Rahil Shah,4,0,,,,,,,,,
1205778,2019/20,2019-11-12,Dr. Y.S. Rajasekhara Reddy ACA VDCA Cricket Stadium,1,15.2,Goa,Uttarakhand,Snehal Kauthankar,Lakshay Garg,Rahil Shah,1,0,,,,,,,,,
1205778,2019/20,2019-11-12,Dr. Y.S. Rajasekhara Reddy ACA VDCA Cricket Stadium,1,15.3,Goa,Uttarakhand,Lakshay Garg,Snehal Kauthankar,Rahil Shah,2,0,,,,,,,,,
1205778,2019/20,2019-11-12,Dr. Y.S. Rajasekhara Reddy ACA VDCA Cricket Stadium,1,15.4,Goa,Uttarakhand,Lakshay Garg,Snehal Kauthankar,Rahil Shah,0,0,,,,,,stumped,Lakshay Garg,,
1205778,2019/20,2019-11-12,Dr. Y.S. Rajasekhara Reddy ACA VDCA Cricket Stadium,1,15.5,Goa,Uttarakhand,Deepraj Gaonkar,Snehal Kauthankar,Rahil Shah,2,0,,,,,,,,,
1205778,2019/20,2019-11-12,Dr. Y.S. Rajasekhara Reddy ACA VDCA Cricket Stadium,1,15.6,Goa,Uttarakhand,Deepraj Gaonkar,Snehal Kauthankar,Rahil Shah,0,0,,,,,,caught,Deepraj Gaonkar,,
1205778,2019/20,2019-11-12,Dr. Y.S. Rajasekhara Reddy ACA VDCA Cricket Stadium,1,16.1,Goa,Uttarakhand,Snehal Kauthankar,MG Sirur,Himanshu Bisht,1,0,,,,,,,,,
1205778,2019/20,2019-11-12,Dr. Y.S. Rajasekhara Reddy ACA VDCA Cricket Stadium,1,16.2,Goa,Uttarakhand,MG Sirur,Snehal Kauthankar,Himanshu Bisht,1,0,,,,,,,,,
1205778,2019/20,2019-11-12,Dr. Y.S. Rajasekhara Reddy ACA VDCA Cricket Stadium,1,16.3,Goa,Uttarakhand,Snehal Kauthankar,MG Sirur,Himanshu Bisht,1,0,,,,,,,,,
1205778,2019/20,2019-11-12,Dr. Y.S. Rajasekhara Reddy ACA VDCA Cricket Stadium,1,16.4,Goa,Uttarakhand,MG Sirur,Snehal Kauthankar,Himanshu Bisht,1,0,,,,,,,,,
1205778,2019/20,2019-11-12,Dr. Y.S. Rajasekhara Reddy ACA VDCA Cricket Stadium,1,16.5,Goa,Uttarakhand,Snehal Kauthankar,MG Sirur,Himanshu Bisht,6,0,,,,,,,,,
1205778,2019/20,2019-11-12,Dr. Y.S. Rajasekhara Reddy ACA VDCA Cricket Stadium,1,16.6,Goa,Uttarakhand,Snehal Kauthankar,MG Sirur,Himanshu Bisht,0,0,,,,,,,,,
1205778,2019/20,2019-11-12,Dr. Y.S. Rajasekhara Reddy ACA VDCA Cricket Stadium,1,17.1,Goa,Uttarakhand,MG Sirur,Snehal Kauthankar,Sunny Rana,0,0,,,,,,lbw,MG Sirur,,
1205778,2019/20,2019-11-12,Dr. Y.S. Rajasekhara Reddy ACA VDCA Cricket Stadium,1,17.2,Goa,Uttarakhand,Heramb Parab,Snehal Kauthankar,Sunny Rana,0,0,,,,,,,,,
1205778,2019/20,2019-11-12,Dr. Y.S. Rajasekhara Reddy ACA VDCA Cricket Stadium,1,17.3,Goa,Uttarakhand,Heramb Parab,Snehal Kauthankar,Sunny Rana,6,0,,,,,,,,,
1205778,2019/20,2019-11-12,Dr. Y.S. Rajasekhara Reddy ACA VDCA Cricket Stadium,1,17.4,Goa,Uttarakhand,Heramb Parab,Snehal Kauthankar,Sunny Rana,1,0,,,,,,,,,
1205778,2019/20,2019-11-12,Dr. Y.S. Rajasekhara Reddy ACA VDCA Cricket Stadium,1,17.5,Goa,Uttarakhand,Snehal Kauthankar,Heramb Parab,Sunny Rana,1,0,,,,,,,,,
1205778,2019/20,2019-11-12,Dr. Y.S. Rajasekhara Reddy ACA VDCA Cricket Stadium,1,17.6,Goa,Uttarakhand,Heramb Parab,Snehal Kauthankar,Sunny Rana,1,0,,,,,,,,,
1205778,2019/20,2019-11-12,Dr. Y.S. Rajasekhara Reddy ACA VDCA Cricket Stadium,1,18.1,Goa,Uttarakhand,Heramb Parab,Snehal Kauthankar,Akash Madhwal,0,0,,,,,,,,,
1205778,2019/20,2019-11-12,Dr. Y.S. Rajasekhara Reddy ACA VDCA Cricket Stadium,1,18.2,Goa,Uttarakhand,Heramb Parab,Snehal Kauthankar,Akash Madhwal,4,0,,,,,,,,,
1205778,2019/20,2019-11-12,Dr. Y.S. Rajasekhara Reddy ACA VDCA Cricket Stadium,1,18.3,Goa,Uttarakhand,Heramb Parab,Snehal Kauthankar,Akash Madhwal,1,0,,,,,,,,,
1205778,2019/20,2019-11-12,Dr. Y.S. Rajasekhara Reddy ACA VDCA Cricket Stadium,1,18.4,Goa,Uttarakhand,Snehal Kauthankar,Heramb Parab,Akash Madhwal,1,0,,,,,,,,,
1205778,2019/20,2019-11-12,Dr. Y.S. Rajasekhara Reddy ACA VDCA Cricket Stadium,1,18.5,Goa,Uttarakhand,Heramb Parab,Snehal Kauthankar,Akash Madhwal,1,0,,,,,,,,,
1205778,2019/20,2019-11-12,Dr. Y.S. Rajasekhara Reddy ACA VDCA Cricket Stadium,1,18.6,Goa,Uttarakhand,Snehal Kauthankar,Heramb Parab,Akash Madhwal,4,0,,,,,,,,,
1205778,2019/20,2019-11-12,Dr. Y.S. Rajasekhara Reddy ACA VDCA Cricket Stadium,1,19.1,Goa,Uttarakhand,Heramb Parab,Snehal Kauthankar,Sunny Rana,1,0,,,,,,,,,
1205778,2019/20,2019-11-12,Dr. Y.S. Rajasekhara Reddy ACA VDCA Cricket Stadium,1,19.2,Goa,Uttarakhand,Snehal Kauthankar,Heramb Parab,Sunny Rana,4,0,,,,,,,,,
1205778,2019/20,2019-11-12,Dr. Y.S. Rajasekhara Reddy ACA VDCA Cricket Stadium,1,19.3,Goa,Uttarakhand,Snehal Kauthankar,Heramb Parab,Sunny Rana,0,0,,,,,,caught,Snehal Kauthankar,,
1205778,2019/20,2019-11-12,Dr. Y.S. Rajasekhara Reddy ACA VDCA Cricket Stadium,1,19.4,Goa,Uttarakhand,Heramb Parab,Amulya Pandrekar,Sunny Rana,1,0,,,,,,,,,
1205778,2019/20,2019-11-12,Dr. Y.S. Rajasekhara Reddy ACA VDCA Cricket Stadium,1,19.5,Goa,Uttarakhand,Amulya Pandrekar,Heramb Parab,Sunny Rana,1,0,,,,,,,,,
1205778,2019/20,2019-11-12,Dr. Y.S. Rajasekhara Reddy ACA VDCA Cricket Stadium,1,19.6,Goa,Uttarakhand,Heramb Parab,Amulya Pandrekar,Sunny Rana,6,0,,,,,,,,,
1205778,2019/20,2019-11-12,Dr. Y.S. Rajasekhara Reddy ACA VDCA Cricket Stadium,2,0.1,Uttarakhand,Goa,Dikshanshu Negi,Karanveer Kaushal,Darshan Misal,4,0,,,,,,,,,
1205778,2019/20,2019-11-12,Dr. Y.S. Rajasekhara Reddy ACA VDCA Cricket Stadium,2,0.2,Uttarakhand,Goa,Dikshanshu Negi,Karanveer Kaushal,Darshan Misal,0,0,,,,,,,,,
1205778,2019/20,2019-11-12,Dr. Y.S. Rajasekhara Reddy ACA VDCA Cricket Stadium,2,0.3,Uttarakhand,Goa,Dikshanshu Negi,Karanveer Kaushal,Darshan Misal,0,0,,,,,,,,,
1205778,2019/20,2019-11-12,Dr. Y.S. Rajasekhara Reddy ACA VDCA Cricket Stadium,2,0.4,Uttarakhand,Goa,Dikshanshu Negi,Karanveer Kaushal,Darshan Misal,0,0,,,,,,,,,
1205778,2019/20,2019-11-12,Dr. Y.S. Rajasekhara Reddy ACA VDCA Cricket Stadium,2,0.5,Uttarakhand,Goa,Dikshanshu Negi,Karanveer Kaushal,Darshan Misal,0,0,,,,,,,,,
1205778,2019/20,2019-11-12,Dr. Y.S. Rajasekhara Reddy ACA VDCA Cricket Stadium,2,0.6,Uttarakhand,Goa,Dikshanshu Negi,Karanveer Kaushal,Darshan Misal,1,0,,,,,,,,,
1205778,2019/20,2019-11-12,Dr. Y.S. Rajasekhara Reddy ACA VDCA Cricket Stadium,2,1.1,Uttarakhand,Goa,Dikshanshu Negi,Karanveer Kaushal,Amulya Pandrekar,0,0,,,,,,,,,
1205778,2019/20,2019-11-12,Dr. Y.S. Rajasekhara Reddy ACA VDCA Cricket Stadium,2,1.2,Uttarakhand,Goa,Dikshanshu Negi,Karanveer Kaushal,Amulya Pandrekar,0,0,,,,,,caught,Dikshanshu Negi,,
1205778,2019/20,2019-11-12,Dr. Y.S. Rajasekhara Reddy ACA VDCA Cricket Stadium,2,1.3,Uttarakhand,Goa,Karanveer Kaushal,TM Srivastava,Amulya Pandrekar,0,0,,,,,,,,,
1205778,2019/20,2019-11-12,Dr. Y.S. Rajasekhara Reddy ACA VDCA Cricket Stadium,2,1.4,Uttarakhand,Goa,Karanveer Kaushal,TM Srivastava,Amulya Pandrekar,0,0,,,,,,,,,
1205778,2019/20,2019-11-12,Dr. Y.S. Rajasekhara Reddy ACA VDCA Cricket Stadium,2,1.5,Uttarakhand,Goa,Karanveer Kaushal,TM Srivastava,Amulya Pandrekar,0,0,,,,,,,,,
1205778,2019/20,2019-11-12,Dr. Y.S. Rajasekhara Reddy ACA VDCA Cricket Stadium,2,1.6,Uttarakhand,Goa,Karanveer Kaushal,TM Srivastava,Amulya Pandrekar,0,0,,,,,,,,,
1205778,2019/20,2019-11-12,Dr. Y.S. Rajasekhara Reddy ACA VDCA Cricket Stadium,2,2.1,Uttarakhand,Goa,TM Srivastava,Karanveer Kaushal,Darshan Misal,1,0,,,,,,,,,
1205778,2019/20,2019-11-12,Dr. Y.S. Rajasekhara Reddy ACA VDCA Cricket Stadium,2,2.2,Uttarakhand,Goa,Karanveer Kaushal,TM Srivastava,Darshan Misal,4,0,,,,,,,,,
1205778,2019/20,2019-11-12,Dr. Y.S. Rajasekhara Reddy ACA VDCA Cricket Stadium,2,2.3,Uttarakhand,Goa,Karanveer Kaushal,TM Srivastava,Darshan Misal,0,0,,,,,,,,,
1205778,2019/20,2019-11-12,Dr. Y.S. Rajasekhara Reddy ACA VDCA Cricket Stadium,2,2.4,Uttarakhand,Goa,Karanveer Kaushal,TM Srivastava,Darshan Misal,4,0,,,,,,,,,
1205778,2019/20,2019-11-12,Dr. Y.S. Rajasekhara Reddy ACA VDCA Cricket Stadium,2,2.5,Uttarakhand,Goa,Karanveer Kaushal,TM Srivastava,Darshan Misal,0,0,,,,,,,,,
1205778,2019/20,2019-11-12,Dr. Y.S. Rajasekhara Reddy ACA VDCA Cricket Stadium,2,2.6,Uttarakhand,Goa,Karanveer Kaushal,TM Srivastava,Darshan Misal,6,0,,,,,,,,,
1205778,2019/20,2019-11-12,Dr. Y.S. Rajasekhara Reddy ACA VDCA Cricket Stadium,2,3.1,Uttarakhand,Goa,TM Srivastava,Karanveer Kaushal,Amulya Pandrekar,1,0,,,,,,,,,
1205778,2019/20,2019-11-12,Dr. Y.S. Rajasekhara Reddy ACA VDCA Cricket Stadium,2,3.2,Uttarakhand,Goa,Karanveer Kaushal,TM Srivastava,Amulya Pandrekar,0,0,,,,,,,,,
1205778,2019/20,2019-11-12,Dr. Y.S. Rajasekhara Reddy ACA VDCA Cricket Stadium,2,3.3,Uttarakhand,Goa,Karanveer Kaushal,TM Srivastava,Amulya Pandrekar,4,0,,,,,,,,,
1205778,2019/20,2019-11-12,Dr. Y.S. Rajasekhara Reddy ACA VDCA Cricket Stadium,2,3.4,Uttarakhand,Goa,Karanveer Kaushal,TM Srivastava,Amulya Pandrekar,0,0,,,,,,,,,
1205778,2019/20,2019-11-12,Dr. Y.S. Rajasekhara Reddy ACA VDCA Cricket Stadium,2,3.5,Uttarakhand,Goa,Karanveer Kaushal,TM Srivastava,Amulya Pandrekar,6,0,,,,,,,,,
1205778,2019/20,2019-11-12,Dr. Y.S. Rajasekhara Reddy ACA VDCA Cricket Stadium,2,3.6,Uttarakhand,Goa,Karanveer Kaushal,TM Srivastava,Amulya Pandrekar,0,0,,,,,,,,,
1205778,2019/20,2019-11-12,Dr. Y.S. Rajasekhara Reddy ACA VDCA Cricket Stadium,2,4.1,Uttarakhand,Goa,TM Srivastava,Karanveer Kaushal,Heramb Parab,0,0,,,,,,,,,
1205778,2019/20,2019-11-12,Dr. Y.S. Rajasekhara Reddy ACA VDCA Cricket Stadium,2,4.2,Uttarakhand,Goa,TM Srivastava,Karanveer Kaushal,Heramb Parab,1,0,,,,,,,,,
1205778,2019/20,2019-11-12,Dr. Y.S. Rajasekhara Reddy ACA VDCA Cricket Stadium,2,4.3,Uttarakhand,Goa,Karanveer Kaushal,TM Srivastava,Heramb Parab,1,0,,,,,,,,,
1205778,2019/20,2019-11-12,Dr. Y.S. Rajasekhara Reddy ACA VDCA Cricket Stadium,2,4.4,Uttarakhand,Goa,TM Srivastava,Karanveer Kaushal,Heramb Parab,4,0,,,,,,,,,
1205778,2019/20,2019-11-12,Dr. Y.S. Rajasekhara Reddy ACA VDCA Cricket Stadium,2,4.5,Uttarakhand,Goa,TM Srivastava,Karanveer Kaushal,Heramb Parab,0,0,,,,,,,,,
1205778,2019/20,2019-11-12,Dr. Y.S. Rajasekhara Reddy ACA VDCA Cricket Stadium,2,4.6,Uttarakhand,Goa,TM Srivastava,Karanveer Kaushal,Heramb Parab,0,0,,,,,,,,,
1205778,2019/20,2019-11-12,Dr. Y.S. Rajasekhara Reddy ACA VDCA Cricket Stadium,2,5.1,Uttarakhand,Goa,Karanveer Kaushal,TM Srivastava,MG Sirur,0,0,,,,,,,,,
1205778,2019/20,2019-11-12,Dr. Y.S. Rajasekhara Reddy ACA VDCA Cricket Stadium,2,5.2,Uttarakhand,Goa,Karanveer Kaushal,TM Srivastava,MG Sirur,4,0,,,,,,,,,
1205778,2019/20,2019-11-12,Dr. Y.S. Rajasekhara Reddy ACA VDCA Cricket Stadium,2,5.3,Uttarakhand,Goa,Karanveer Kaushal,TM Srivastava,MG Sirur,1,0,,,,,,,,,
1205778,2019/20,2019-11-12,Dr. Y.S. Rajasekhara Reddy ACA VDCA Cricket Stadium,2,5.4,Uttarakhand,Goa,TM Srivastava,Karanveer Kaushal,MG Sirur,0,0,,,,,,,,,
1205778,2019/20,2019-11-12,Dr. Y.S. Rajasekhara Reddy ACA VDCA Cricket Stadium,2,5.5,Uttarakhand,Goa,TM Srivastava,Karanveer Kaushal,MG Sirur,1,0,,,,,,,,,
1205778,2019/20,2019-11-12,Dr. Y.S. Rajasekhara Reddy ACA VDCA Cricket Stadium,2,5.6,Uttarakhand,Goa,Karanveer Kaushal,TM Srivastava,MG Sirur,0,0,,,,,,,,,
1205778,2019/20,2019-11-12,Dr. Y.S. Rajasekhara Reddy ACA VDCA Cricket Stadium,2,6.1,Uttarakhand,Goa,TM Srivastava,Karanveer Kaushal,Lakshay Garg,0,0,,,,,,,,,
1205778,2019/20,2019-11-12,Dr. Y.S. Rajasekhara Reddy ACA VDCA Cricket Stadium,2,6.2,Uttarakhand,Goa,TM Srivastava,Karanveer Kaushal,Lakshay Garg,0,0,,,,,,,,,
1205778,2019/20,2019-11-12,Dr. Y.S. Rajasekhara Reddy ACA VDCA Cricket Stadium,2,6.3,Uttarakhand,Goa,TM Srivastava,Karanveer Kaushal,Lakshay Garg,0,0,,,,,,,,,
1205778,2019/20,2019-11-12,Dr. Y.S. Rajasekhara Reddy ACA VDCA Cricket Stadium,2,6.4,Uttarakhand,Goa,TM Srivastava,Karanveer Kaushal,Lakshay Garg,1,0,,,,,,,,,
1205778,2019/20,2019-11-12,Dr. Y.S. Rajasekhara Reddy ACA VDCA Cricket Stadium,2,6.5,Uttarakhand,Goa,Karanveer Kaushal,TM Srivastava,Lakshay Garg,1,0,,,,,,,,,
1205778,2019/20,2019-11-12,Dr. Y.S. Rajasekhara Reddy ACA VDCA Cricket Stadium,2,6.6,Uttarakhand,Goa,TM Srivastava,Karanveer Kaushal,Lakshay Garg,1,0,,,,,,,,,
1205778,2019/20,2019-11-12,Dr. Y.S. Rajasekhara Reddy ACA VDCA Cricket Stadium,2,7.1,Uttarakhand,Goa,TM Srivastava,Karanveer Kaushal,MG Sirur,1,0,,,,,,,,,
1205778,2019/20,2019-11-12,Dr. Y.S. Rajasekhara Reddy ACA VDCA Cricket Stadium,2,7.2,Uttarakhand,Goa,Karanveer Kaushal,TM Srivastava,MG Sirur,2,0,,,,,,,,,
1205778,2019/20,2019-11-12,Dr. Y.S. Rajasekhara Reddy ACA VDCA Cricket Stadium,2,7.3,Uttarakhand,Goa,Karanveer Kaushal,TM Srivastava,MG Sirur,1,0,,,,,,,,,
1205778,2019/20,2019-11-12,Dr. Y.S. Rajasekhara Reddy ACA VDCA Cricket Stadium,2,7.4,Uttarakhand,Goa,TM Srivastava,Karanveer Kaushal,MG Sirur,0,0,,,,,,,,,
1205778,2019/20,2019-11-12,Dr. Y.S. Rajasekhara Reddy ACA VDCA Cricket Stadium,2,7.5,Uttarakhand,Goa,TM Srivastava,Karanveer Kaushal,MG Sirur,1,0,,,,,,,,,
1205778,2019/20,2019-11-12,Dr. Y.S. Rajasekhara Reddy ACA VDCA Cricket Stadium,2,7.6,Uttarakhand,Goa,Karanveer Kaushal,TM Srivastava,MG Sirur,0,0,,,,,,,,,
1205778,2019/20,2019-11-12,Dr. Y.S. Rajasekhara Reddy ACA VDCA Cricket Stadium,2,8.1,Uttarakhand,Goa,TM Srivastava,Karanveer Kaushal,Lakshay Garg,1,0,,,,,,,,,
1205778,2019/20,2019-11-12,Dr. Y.S. Rajasekhara Reddy ACA VDCA Cricket Stadium,2,8.2,Uttarakhand,Goa,Karanveer Kaushal,TM Srivastava,Lakshay Garg,0,0,,,,,,,,,
1205778,2019/20,2019-11-12,Dr. Y.S. Rajasekhara Reddy ACA VDCA Cricket Stadium,2,8.3,Uttarakhand,Goa,Karanveer Kaushal,TM Srivastava,Lakshay Garg,0,0,,,,,,,,,
1205778,2019/20,2019-11-12,Dr. Y.S. Rajasekhara Reddy ACA VDCA Cricket Stadium,2,8.4,Uttarakhand,Goa,Karanveer Kaushal,TM Srivastava,Lakshay Garg,0,0,,,,,,,,,
1205778,2019/20,2019-11-12,Dr. Y.S. Rajasekhara Reddy ACA VDCA Cricket Stadium,2,8.5,Uttarakhand,Goa,Karanveer Kaushal,TM Srivastava,Lakshay Garg,1,0,,,,,,,,,
1205778,2019/20,2019-11-12,Dr. Y.S. Rajasekhara Reddy ACA VDCA Cricket Stadium,2,8.6,Uttarakhand,Goa,TM Srivastava,Karanveer Kaushal,Lakshay Garg,0,0,,,,,,,,,
1205778,2019/20,2019-11-12,Dr. Y.S. Rajasekhara Reddy ACA VDCA Cricket Stadium,2,9.1,Uttarakhand,Goa,Karanveer Kaushal,TM Srivastava,MG Sirur,0,0,,,,,,,,,
1205778,2019/20,2019-11-12,Dr. Y.S. Rajasekhara Reddy ACA VDCA Cricket Stadium,2,9.2,Uttarakhand,Goa,Karanveer Kaushal,TM Srivastava,MG Sirur,0,0,,,,,,caught,Karanveer Kaushal,,
1205778,2019/20,2019-11-12,Dr. Y.S. Rajasekhara Reddy ACA VDCA Cricket Stadium,2,9.3,Uttarakhand,Goa,Saurabh Rawat,TM Srivastava,MG Sirur,0,0,,,,,,,,,
1205778,2019/20,2019-11-12,Dr. Y.S. Rajasekhara Reddy ACA VDCA Cricket Stadium,2,9.4,Uttarakhand,Goa,Saurabh Rawat,TM Srivastava,MG Sirur,1,0,,,,,,,,,
1205778,2019/20,2019-11-12,Dr. Y.S. Rajasekhara Reddy ACA VDCA Cricket Stadium,2,9.5,Uttarakhand,Goa,TM Srivastava,Saurabh Rawat,MG Sirur,1,0,,,,,,,,,
1205778,2019/20,2019-11-12,Dr. Y.S. Rajasekhara Reddy ACA VDCA Cricket Stadium,2,9.6,Uttarakhand,Goa,Saurabh Rawat,TM Srivastava,MG Sirur,1,0,,,,,,,,,
1205778,2019/20,2019-11-12,Dr. Y.S. Rajasekhara Reddy ACA VDCA Cricket Stadium,2,10.1,Uttarakhand,Goa,Saurabh Rawat,TM Srivastava,Lakshay Garg,0,0,,,,,,,,,
1205778,2019/20,2019-11-12,Dr. Y.S. Rajasekhara Reddy ACA VDCA Cricket Stadium,2,10.2,Uttarakhand,Goa,Saurabh Rawat,TM Srivastava,Lakshay Garg,1,0,,,,,,,,,
1205778,2019/20,2019-11-12,Dr. Y.S. Rajasekhara Reddy ACA VDCA Cricket Stadium,2,10.3,Uttarakhand,Goa,TM Srivastava,Saurabh Rawat,Lakshay Garg,1,0,,,,,,,,,
1205778,2019/20,2019-11-12,Dr. Y.S. Rajasekhara Reddy ACA VDCA Cricket Stadium,2,10.4,Uttarakhand,Goa,Saurabh Rawat,TM Srivastava,Lakshay Garg,0,0,,,,,,,,,
1205778,2019/20,2019-11-12,Dr. Y.S. Rajasekhara Reddy ACA VDCA Cricket Stadium,2,10.5,Uttarakhand,Goa,Saurabh Rawat,TM Srivastava,Lakshay Garg,1,0,,,,,,,,,
1205778,2019/20,2019-11-12,Dr. Y.S. Rajasekhara Reddy ACA VDCA Cricket Stadium,2,10.6,Uttarakhand,Goa,TM Srivastava,Saurabh Rawat,Lakshay Garg,4,0,,,,,,,,,
1205778,2019/20,2019-11-12,Dr. Y.S. Rajasekhara Reddy ACA VDCA Cricket Stadium,2,11.1,Uttarakhand,Goa,Saurabh Rawat,TM Srivastava,MG Sirur,6,0,,,,,,,,,
1205778,2019/20,2019-11-12,Dr. Y.S. Rajasekhara Reddy ACA VDCA Cricket Stadium,2,11.2,Uttarakhand,Goa,Saurabh Rawat,TM Srivastava,MG Sirur,1,0,,,,,,,,,
1205778,2019/20,2019-11-12,Dr. Y.S. Rajasekhara Reddy ACA VDCA Cricket Stadium,2,11.3,Uttarakhand,Goa,TM Srivastava,Saurabh Rawat,MG Sirur,0,0,,,,,,,,,
1205778,2019/20,2019-11-12,Dr. Y.S. Rajasekhara Reddy ACA VDCA Cricket Stadium,2,11.4,Uttarakhand,Goa,TM Srivastava,Saurabh Rawat,MG Sirur,0,0,,,,,,,,,
1205778,2019/20,2019-11-12,Dr. Y.S. Rajasekhara Reddy ACA VDCA Cricket Stadium,2,11.5,Uttarakhand,Goa,TM Srivastava,Saurabh Rawat,MG Sirur,1,0,,,,,,,,,
1205778,2019/20,2019-11-12,Dr. Y.S. Rajasekhara Reddy ACA VDCA Cricket Stadium,2,11.6,Uttarakhand,Goa,Saurabh Rawat,TM Srivastava,MG Sirur,1,0,,,,,,,,,
1205778,2019/20,2019-11-12,Dr. Y.S. Rajasekhara Reddy ACA VDCA Cricket Stadium,2,12.1,Uttarakhand,Goa,Saurabh Rawat,TM Srivastava,Darshan Misal,0,0,,,,,,,,,
1205778,2019/20,2019-11-12,Dr. Y.S. Rajasekhara Reddy ACA VDCA Cricket Stadium,2,12.2,Uttarakhand,Goa,Saurabh Rawat,TM Srivastava,Darshan Misal,0,0,,,,,,,,,
1205778,2019/20,2019-11-12,Dr. Y.S. Rajasekhara Reddy ACA VDCA Cricket Stadium,2,12.3,Uttarakhand,Goa,Saurabh Rawat,TM Srivastava,Darshan Misal,1,0,,,,,,,,,
1205778,2019/20,2019-11-12,Dr. Y.S. Rajasekhara Reddy ACA VDCA Cricket Stadium,2,12.4,Uttarakhand,Goa,TM Srivastava,Saurabh Rawat,Darshan Misal,1,0,,,,,,,,,
1205778,2019/20,2019-11-12,Dr. Y.S. Rajasekhara Reddy ACA VDCA Cricket Stadium,2,12.5,Uttarakhand,Goa,Saurabh Rawat,TM Srivastava,Darshan Misal,1,0,,,,,,,,,
1205778,2019/20,2019-11-12,Dr. Y.S. Rajasekhara Reddy ACA VDCA Cricket Stadium,2,12.6,Uttarakhand,Goa,TM Srivastava,Saurabh Rawat,Darshan Misal,0,0,,,,,,,,,
1205778,2019/20,2019-11-12,Dr. Y.S. Rajasekhara Reddy ACA VDCA Cricket Stadium,2,13.1,Uttarakhand,Goa,Saurabh Rawat,TM Srivastava,Amit Verma,1,0,,,,,,,,,
1205778,2019/20,2019-11-12,Dr. Y.S. Rajasekhara Reddy ACA VDCA Cricket Stadium,2,13.2,Uttarakhand,Goa,TM Srivastava,Saurabh Rawat,Amit Verma,4,0,,,,,,,,,
1205778,2019/20,2019-11-12,Dr. Y.S. Rajasekhara Reddy ACA VDCA Cricket Stadium,2,13.3,Uttarakhand,Goa,TM Srivastava,Saurabh Rawat,Amit Verma,0,0,,,,,,,,,
1205778,2019/20,2019-11-12,Dr. Y.S. Rajasekhara Reddy ACA VDCA Cricket Stadium,2,13.4,Uttarakhand,Goa,TM Srivastava,Saurabh Rawat,Amit Verma,1,0,,,,,,,,,
1205778,2019/20,2019-11-12,Dr. Y.S. Rajasekhara Reddy ACA VDCA Cricket Stadium,2,13.5,Uttarakhand,Goa,Saurabh Rawat,TM Srivastava,Amit Verma,1,0,,,,,,,,,
1205778,2019/20,2019-11-12,Dr. Y.S. Rajasekhara Reddy ACA VDCA Cricket Stadium,2,13.6,Uttarakhand,Goa,TM Srivastava,Saurabh Rawat,Amit Verma,4,0,,,,,,,,,
1205778,2019/20,2019-11-12,Dr. Y.S. Rajasekhara Reddy ACA VDCA Cricket Stadium,2,14.1,Uttarakhand,Goa,Saurabh Rawat,TM Srivastava,Darshan Misal,1,0,,,,,,,,,
1205778,2019/20,2019-11-12,Dr. Y.S. Rajasekhara Reddy ACA VDCA Cricket Stadium,2,14.2,Uttarakhand,Goa,TM Srivastava,Saurabh Rawat,Darshan Misal,1,0,,,,,,,,,
1205778,2019/20,2019-11-12,Dr. Y.S. Rajasekhara Reddy ACA VDCA Cricket Stadium,2,14.3,Uttarakhand,Goa,Saurabh Rawat,TM Srivastava,Darshan Misal,1,0,,,,,,,,,
1205778,2019/20,2019-11-12,Dr. Y.S. Rajasekhara Reddy ACA VDCA Cricket Stadium,2,14.4,Uttarakhand,Goa,TM Srivastava,Saurabh Rawat,Darshan Misal,6,0,,,,,,,,,
1205778,2019/20,2019-11-12,Dr. Y.S. Rajasekhara Reddy ACA VDCA Cricket Stadium,2,14.5,Uttarakhand,Goa,TM Srivastava,Saurabh Rawat,Darshan Misal,1,0,,,,,,,,,
1205778,2019/20,2019-11-12,Dr. Y.S. Rajasekhara Reddy ACA VDCA Cricket Stadium,2,14.6,Uttarakhand,Goa,Saurabh Rawat,TM Srivastava,Darshan Misal,1,0,,,,,,,,,
1205778,2019/20,2019-11-12,Dr. Y.S. Rajasekhara Reddy ACA VDCA Cricket Stadium,2,15.1,Uttarakhand,Goa,Saurabh Rawat,TM Srivastava,SS Prabhudessai,0,0,,,,,,,,,
1205778,2019/20,2019-11-12,Dr. Y.S. Rajasekhara Reddy ACA VDCA Cricket Stadium,2,15.2,Uttarakhand,Goa,Saurabh Rawat,TM Srivastava,SS Prabhudessai,4,0,,,,,,,,,
1205778,2019/20,2019-11-12,Dr. Y.S. Rajasekhara Reddy ACA VDCA Cricket Stadium,2,15.3,Uttarakhand,Goa,Saurabh Rawat,TM Srivastava,SS Prabhudessai,1,0,,,,,,,,,
1205778,2019/20,2019-11-12,Dr. Y.S. Rajasekhara Reddy ACA VDCA Cricket Stadium,2,15.4,Uttarakhand,Goa,TM Srivastava,Saurabh Rawat,SS Prabhudessai,4,0,,,,,,,,,
1205778,2019/20,2019-11-12,Dr. Y.S. Rajasekhara Reddy ACA VDCA Cricket Stadium,2,15.5,Uttarakhand,Goa,TM Srivastava,Saurabh Rawat,SS Prabhudessai,4,0,,,,,,,,,
1205778,2019/20,2019-11-12,Dr. Y.S. Rajasekhara Reddy ACA VDCA Cricket Stadium,2,15.6,Uttarakhand,Goa,TM Srivastava,Saurabh Rawat,SS Prabhudessai,1,0,,,,,,,,,
1205778,2019/20,2019-11-12,Dr. Y.S. Rajasekhara Reddy ACA VDCA Cricket Stadium,2,16.1,Uttarakhand,Goa,TM Srivastava,Saurabh Rawat,Amulya Pandrekar,1,0,,,,,,,,,
1205778,2019/20,2019-11-12,Dr. Y.S. Rajasekhara Reddy ACA VDCA Cricket Stadium,2,16.2,Uttarakhand,Goa,Saurabh Rawat,TM Srivastava,Amulya Pandrekar,1,0,,,,,,,,,
1205778,2019/20,2019-11-12,Dr. Y.S. Rajasekhara Reddy ACA VDCA Cricket Stadium,2,16.3,Uttarakhand,Goa,TM Srivastava,Saurabh Rawat,Amulya Pandrekar,1,0,,,,,,,,,
1205778,2019/20,2019-11-12,Dr. Y.S. Rajasekhara Reddy ACA VDCA Cricket Stadium,2,16.4,Uttarakhand,Goa,Saurabh Rawat,TM Srivastava,Amulya Pandrekar,6,0,,,,,,,,,
