match_id,season,start_date,venue,innings,ball,batting_team,bowling_team,striker,non_striker,bowler,runs_off_bat,extras,wides,noballs,byes,legbyes,penalty,wicket_type,player_dismissed,other_wicket_type,other_player_dismissed
1205850,2019/20,2019-11-24,C B Patel Ground,1,0.1,Punjab,Karnataka,Shubman Gill,Abhishek Sharma,RG More,0,0,,,,,,,,,
1205850,2019/20,2019-11-24,C B Patel Ground,1,0.2,Punjab,Karnataka,Shubman Gill,Abhishek Sharma,RG More,0,0,,,,,,,,,
1205850,2019/20,2019-11-24,C B Patel Ground,1,0.3,Punjab,Karnataka,Shubman Gill,Abhishek Sharma,RG More,1,0,,,,,,,,,
1205850,2019/20,2019-11-24,C B Patel Ground,1,0.4,Punjab,Karnataka,Abhishek Sharma,Shubman Gill,RG More,4,0,,,,,,,,,
1205850,2019/20,2019-11-24,C B Patel Ground,1,0.5,Punjab,Karnataka,Abhishek Sharma,Shubman Gill,RG More,0,0,,,,,,,,,
1205850,2019/20,2019-11-24,C B Patel Ground,1,0.6,Punjab,Karnataka,Abhishek Sharma,Shubman Gill,RG More,0,0,,,,,,,,,
1205850,2019/20,2019-11-24,C B Patel Ground,1,1.1,Punjab,Karnataka,Shubman Gill,Abhishek Sharma,Vasuki Koushik,4,0,,,,,,,,,
1205850,2019/20,2019-11-24,C B Patel Ground,1,1.2,Punjab,Karnataka,Shubman Gill,Abhishek Sharma,Vasuki Koushik,1,0,,,,,,,,,
1205850,2019/20,2019-11-24,C B Patel Ground,1,1.3,Punjab,Karnataka,Abhishek Sharma,Shubman Gill,Vasuki Koushik,1,0,,,,,,,,,
1205850,2019/20,2019-11-24,C B Patel Ground,1,1.4,Punjab,Karnataka,Shubman Gill,Abhishek Sharma,Vasuki Koushik,1,0,,,,,,,,,
1205850,2019/20,2019-11-24,C B Patel Ground,1,1.5,Punjab,Karnataka,Abhishek Sharma,Shubman Gill,Vasuki Koushik,0,0,,,,,,caught,Abhishek Sharma,,
1205850,2019/20,2019-11-24,C B Patel Ground,1,1.6,Punjab,Karnataka,Mandeep Singh,Shubman Gill,Vasuki Koushik,1,0,,,,,,,,,
1205850,2019/20,2019-11-24,C B Patel Ground,1,2.1,Punjab,Karnataka,Mandeep Singh,Shubman Gill,RG More,1,0,,,,,,,,,
1205850,2019/20,2019-11-24,C B Patel Ground,1,2.2,Punjab,Karnataka,Shubman Gill,Mandeep Singh,RG More,0,0,,,,,,,,,
1205850,2019/20,2019-11-24,C B Patel Ground,1,2.3,Punjab,Karnataka,Shubman Gill,Mandeep Singh,RG More,4,0,,,,,,,,,
1205850,2019/20,2019-11-24,C B Patel Ground,1,2.4,Punjab,Karnataka,Shubman Gill,Mandeep Singh,RG More,0,0,,,,,,caught,Shubman Gill,,
1205850,2019/20,2019-11-24,C B Patel Ground,1,2.5,Punjab,Karnataka,Anmolpreet Singh,Mandeep Singh,RG More,0,0,,,,,,,,,
1205850,2019/20,2019-11-24,C B Patel Ground,1,2.6,Punjab,Karnataka,Anmolpreet Singh,Mandeep Singh,RG More,1,0,,,,,,,,,
1205850,2019/20,2019-11-24,C B Patel Ground,1,3.1,Punjab,Karnataka,Anmolpreet Singh,Mandeep Singh,J Suchith,0,0,,,,,,,,,
1205850,2019/20,2019-11-24,C B Patel Ground,1,3.2,Punjab,Karnataka,Anmolpreet Singh,Mandeep Singh,J Suchith,0,0,,,,,,,,,
1205850,2019/20,2019-11-24,C B Patel Ground,1,3.3,Punjab,Karnataka,Anmolpreet Singh,Mandeep Singh,J Suchith,1,0,,,,,,,,,
1205850,2019/20,2019-11-24,C B Patel Ground,1,3.4,Punjab,Karnataka,Mandeep Singh,Anmolpreet Singh,J Suchith,0,0,,,,,,,,,
1205850,2019/20,2019-11-24,C B Patel Ground,1,3.5,Punjab,Karnataka,Mandeep Singh,Anmolpreet Singh,J Suchith,0,0,,,,,,,,,
1205850,2019/20,2019-11-24,C B Patel Ground,1,3.6,Punjab,Karnataka,Mandeep Singh,Anmolpreet Singh,J Suchith,1,0,,,,,,,,,
1205850,2019/20,2019-11-24,C B Patel Ground,1,4.1,Punjab,Karnataka,Mandeep Singh,Anmolpreet Singh,Vasuki Koushik,0,0,,,,,,,,,
1205850,2019/20,2019-11-24,C B Patel Ground,1,4.2,Punjab,Karnataka,Mandeep Singh,Anmolpreet Singh,Vasuki Koushik,4,0,,,,,,,,,
1205850,2019/20,2019-11-24,C B Patel Ground,1,4.3,Punjab,Karnataka,Mandeep Singh,Anmolpreet Singh,Vasuki Koushik,1,0,,,,,,,,,
1205850,2019/20,2019-11-24,C B Patel Ground,1,4.4,Punjab,Karnataka,Anmolpreet Singh,Mandeep Singh,Vasuki Koushik,1,0,,,,,,,,,
1205850,2019/20,2019-11-24,C B Patel Ground,1,4.5,Punjab,Karnataka,Mandeep Singh,Anmolpreet Singh,Vasuki Koushik,4,0,,,,,,,,,
1205850,2019/20,2019-11-24,C B Patel Ground,1,4.6,Punjab,Karnataka,Mandeep Singh,Anmolpreet Singh,Vasuki Koushik,4,0,,,,,,,,,
1205850,2019/20,2019-11-24,C B Patel Ground,1,5.1,Punjab,Karnataka,Anmolpreet Singh,Mandeep Singh,J Suchith,2,0,,,,,,,,,
1205850,2019/20,2019-11-24,C B Patel Ground,1,5.2,Punjab,Karnataka,Anmolpreet Singh,Mandeep Singh,J Suchith,0,0,,,,,,,,,
1205850,2019/20,2019-11-24,C B Patel Ground,1,5.3,Punjab,Karnataka,Anmolpreet Singh,Mandeep Singh,J Suchith,1,0,,,,,,,,,
1205850,2019/20,2019-11-24,C B Patel Ground,1,5.4,Punjab,Karnataka,Mandeep Singh,Anmolpreet Singh,J Suchith,4,0,,,,,,,,,
1205850,2019/20,2019-11-24,C B Patel Ground,1,5.5,Punjab,Karnataka,Mandeep Singh,Anmolpreet Singh,J Suchith,1,0,,,,,,,,,
1205850,2019/20,2019-11-24,C B Patel Ground,1,5.6,Punjab,Karnataka,Anmolpreet Singh,Mandeep Singh,J Suchith,1,0,,,,,,,,,
1205850,2019/20,2019-11-24,C B Patel Ground,1,6.1,Punjab,Karnataka,Anmolpreet Singh,Mandeep Singh,P Dubey,0,0,,,,,,,,,
1205850,2019/20,2019-11-24,C B Patel Ground,1,6.2,Punjab,Karnataka,Anmolpreet Singh,Mandeep Singh,P Dubey,1,0,,,,,,,,,
1205850,2019/20,2019-11-24,C B Patel Ground,1,6.3,Punjab,Karnataka,Mandeep Singh,Anmolpreet Singh,P Dubey,0,0,,,,,,,,,
1205850,2019/20,2019-11-24,C B Patel Ground,1,6.4,Punjab,Karnataka,Mandeep Singh,Anmolpreet Singh,P Dubey,1,0,,,,,,,,,
1205850,2019/20,2019-11-24,C B Patel Ground,1,6.5,Punjab,Karnataka,Anmolpreet Singh,Mandeep Singh,P Dubey,0,0,,,,,,,,,
1205850,2019/20,2019-11-24,C B Patel Ground,1,6.6,Punjab,Karnataka,Anmolpreet Singh,Mandeep Singh,P Dubey,1,0,,,,,,,,,
1205850,2019/20,2019-11-24,C B Patel Ground,1,7.1,Punjab,Karnataka,Anmolpreet Singh,Mandeep Singh,S Gopal,1,0,,,,,,,,,
1205850,2019/20,2019-11-24,C B Patel Ground,1,7.2,Punjab,Karnataka,Mandeep Singh,Anmolpreet Singh,S Gopal,1,0,,,,,,,,,
1205850,2019/20,2019-11-24,C B Patel Ground,1,7.3,Punjab,Karnataka,Anmolpreet Singh,Mandeep Singh,S Gopal,1,0,,,,,,,,,
1205850,2019/20,2019-11-24,C B Patel Ground,1,7.4,Punjab,Karnataka,Mandeep Singh,Anmolpreet Singh,S Gopal,4,0,,,,,,,,,
1205850,2019/20,2019-11-24,C B Patel Ground,1,7.5,Punjab,Karnataka,Mandeep Singh,Anmolpreet Singh,S Gopal,1,0,,,,,,,,,
1205850,2019/20,2019-11-24,C B Patel Ground,1,7.6,Punjab,Karnataka,Anmolpreet Singh,Mandeep Singh,S Gopal,0,0,,,,,,caught,Anmolpreet Singh,,
1205850,2019/20,2019-11-24,C B Patel Ground,1,8.1,Punjab,Karnataka,Gurkeerat Singh,Mandeep Singh,P Dubey,1,0,,,,,,,,,
1205850,2019/20,2019-11-24,C B Patel Ground,1,8.2,Punjab,Karnataka,Mandeep Singh,Gurkeerat Singh,P Dubey,0,0,,,,,,,,,
1205850,2019/20,2019-11-24,C B Patel Ground,1,8.3,Punjab,Karnataka,Mandeep Singh,Gurkeerat Singh,P Dubey,1,0,,,,,,,,,
1205850,2019/20,2019-11-24,C B Patel Ground,1,8.4,Punjab,Karnataka,Gurkeerat Singh,Mandeep Singh,P Dubey,0,0,,,,,,,,,
1205850,2019/20,2019-11-24,C B Patel Ground,1,8.5,Punjab,Karnataka,Gurkeerat Singh,Mandeep Singh,P Dubey,0,0,,,,,,,,,
1205850,2019/20,2019-11-24,C B Patel Ground,1,8.6,Punjab,Karnataka,Gurkeerat Singh,Mandeep Singh,P Dubey,0,0,,,,,,,,,
1205850,2019/20,2019-11-24,C B Patel Ground,1,9.1,Punjab,Karnataka,Mandeep Singh,Gurkeerat Singh,S Gopal,1,0,,,,,,,,,
1205850,2019/20,2019-11-24,C B Patel Ground,1,9.2,Punjab,Karnataka,Gurkeerat Singh,Mandeep Singh,S Gopal,0,0,,,,,,,,,
1205850,2019/20,2019-11-24,C B Patel Ground,1,9.3,Punjab,Karnataka,Gurkeerat Singh,Mandeep Singh,S Gopal,1,0,,,,,,,,,
1205850,2019/20,2019-11-24,C B Patel Ground,1,9.4,Punjab,Karnataka,Mandeep Singh,Gurkeerat Singh,S Gopal,0,0,,,,,,,,,
1205850,2019/20,2019-11-24,C B Patel Ground,1,9.5,Punjab,Karnataka,Mandeep Singh,Gurkeerat Singh,S Gopal,1,0,,,,,,,,,
1205850,2019/20,2019-11-24,C B Patel Ground,1,9.6,Punjab,Karnataka,Gurkeerat Singh,Mandeep Singh,S Gopal,1,0,,,,,,,,,
1205850,2019/20,2019-11-24,C B Patel Ground,1,10.1,Punjab,Karnataka,Gurkeerat Singh,Mandeep Singh,P Dubey,1,0,,,,,,,,,
1205850,2019/20,2019-11-24,C B Patel Ground,1,10.2,Punjab,Karnataka,Mandeep Singh,Gurkeerat Singh,P Dubey,1,0,,,,,,,,,
1205850,2019/20,2019-11-24,C B Patel Ground,1,10.3,Punjab,Karnataka,Gurkeerat Singh,Mandeep Singh,P Dubey,1,0,,,,,,,,,
1205850,2019/20,2019-11-24,C B Patel Ground,1,10.4,Punjab,Karnataka,Mandeep Singh,Gurkeerat Singh,P Dubey,1,0,,,,,,,,,
1205850,2019/20,2019-11-24,C B Patel Ground,1,10.5,Punjab,Karnataka,Gurkeerat Singh,Mandeep Singh,P Dubey,0,0,,,,,,,,,
1205850,2019/20,2019-11-24,C B Patel Ground,1,10.6,Punjab,Karnataka,Gurkeerat Singh,Mandeep Singh,P Dubey,4,0,,,,,,,,,
1205850,2019/20,2019-11-24,C B Patel Ground,1,11.1,Punjab,Karnataka,Mandeep Singh,Gurkeerat Singh,S Gopal,0,0,,,,,,,,,
1205850,2019/20,2019-11-24,C B Patel Ground,1,11.2,Punjab,Karnataka,Mandeep Singh,Gurkeerat Singh,S Gopal,1,0,,,,,,,,,
1205850,2019/20,2019-11-24,C B Patel Ground,1,11.3,Punjab,Karnataka,Gurkeerat Singh,Mandeep Singh,S Gopal,6,0,,,,,,,,,
1205850,2019/20,2019-11-24,C B Patel Ground,1,11.4,Punjab,Karnataka,Gurkeerat Singh,Mandeep Singh,S Gopal,0,0,,,,,,,,,
1205850,2019/20,2019-11-24,C B Patel Ground,1,11.5,Punjab,Karnataka,Gurkeerat Singh,Mandeep Singh,S Gopal,1,0,,,,,,,,,
1205850,2019/20,2019-11-24,C B Patel Ground,1,11.6,Punjab,Karnataka,Mandeep Singh,Gurkeerat Singh,S Gopal,2,0,,,,,,,,,
1205850,2019/20,2019-11-24,C B Patel Ground,1,12.1,Punjab,Karnataka,Gurkeerat Singh,Mandeep Singh,P Dubey,1,0,,,,,,,,,
1205850,2019/20,2019-11-24,C B Patel Ground,1,12.2,Punjab,Karnataka,Mandeep Singh,Gurkeerat Singh,P Dubey,0,0,,,,,,,,,
1205850,2019/20,2019-11-24,C B Patel Ground,1,12.3,Punjab,Karnataka,Mandeep Singh,Gurkeerat Singh,P Dubey,4,0,,,,,,,,,
1205850,2019/20,2019-11-24,C B Patel Ground,1,12.4,Punjab,Karnataka,Mandeep Singh,Gurkeerat Singh,P Dubey,1,0,,,,,,,,,
1205850,2019/20,2019-11-24,C B Patel Ground,1,12.5,Punjab,Karnataka,Gurkeerat Singh,Mandeep Singh,P Dubey,1,0,,,,,,,,,
1205850,2019/20,2019-11-24,C B Patel Ground,1,12.6,Punjab,Karnataka,Mandeep Singh,Gurkeerat Singh,P Dubey,1,0,,,,,,,,,
1205850,2019/20,2019-11-24,C B Patel Ground,1,13.1,Punjab,Karnataka,Mandeep Singh,Gurkeerat Singh,J Suchith,0,0,,,,,,,,,
1205850,2019/20,2019-11-24,C B Patel Ground,1,13.2,Punjab,Karnataka,Mandeep Singh,Gurkeerat Singh,J Suchith,1,0,,,,,,,,,
1205850,2019/20,2019-11-24,C B Patel Ground,1,13.3,Punjab,Karnataka,Gurkeerat Singh,Mandeep Singh,J Suchith,6,0,,,,,,,,,
1205850,2019/20,2019-11-24,C B Patel Ground,1,13.4,Punjab,Karnataka,Gurkeerat Singh,Mandeep Singh,J Suchith,1,0,,,,,,,,,
1205850,2019/20,2019-11-24,C B Patel Ground,1,13.5,Punjab,Karnataka,Mandeep Singh,Gurkeerat Singh,J Suchith,1,0,,,,,,,,,
1205850,2019/20,2019-11-24,C B Patel Ground,1,13.6,Punjab,Karnataka,Gurkeerat Singh,Mandeep Singh,J Suchith,1,0,,,,,,,,,
1205850,2019/20,2019-11-24,C B Patel Ground,1,14.1,Punjab,Karnataka,Gurkeerat Singh,Mandeep Singh,S Gopal,1,0,,,,,,,,,
1205850,2019/20,2019-11-24,C B Patel Ground,1,14.2,Punjab,Karnataka,Mandeep Singh,Gurkeerat Singh,S Gopal,0,0,,,,,,,,,
1205850,2019/20,2019-11-24,C B Patel Ground,1,14.3,Punjab,Karnataka,Mandeep Singh,Gurkeerat Singh,S Gopal,1,0,,,,,,,,,
1205850,2019/20,2019-11-24,C B Patel Ground,1,14.4,Punjab,Karnataka,Gurkeerat Singh,Mandeep Singh,S Gopal,1,0,,,,,,,,,
1205850,2019/20,2019-11-24,C B Patel Ground,1,14.5,Punjab,Karnataka,Mandeep Singh,Gurkeerat Singh,S Gopal,1,0,,,,,,,,,
1205850,2019/20,2019-11-24,C B Patel Ground,1,14.6,Punjab,Karnataka,Gurkeerat Singh,Mandeep Singh,S Gopal,1,0,,,,,,,,,
1205850,2019/20,2019-11-24,C B Patel Ground,1,15.1,Punjab,Karnataka,Gurkeerat Singh,Mandeep Singh,J Suchith,0,1,1,,,,,,,,
1205850,2019/20,2019-11-24,C B Patel Ground,1,15.2,Punjab,Karnataka,Gurkeerat Singh,Mandeep Singh,J Suchith,0,1,1,,,,,,,,
1205850,2019/20,2019-11-24,C B Patel Ground,1,15.3,Punjab,Karnataka,Gurkeerat Singh,Mandeep Singh,J Suchith,1,0,,,,,,,,,
1205850,2019/20,2019-11-24,C B Patel Ground,1,15.4,Punjab,Karnataka,Mandeep Singh,Gurkeerat Singh,J Suchith,1,0,,,,,,,,,
1205850,2019/20,2019-11-24,C B Patel Ground,1,15.5,Punjab,Karnataka,Gurkeerat Singh,Mandeep Singh,J Suchith,1,0,,,,,,,,,
1205850,2019/20,2019-11-24,C B Patel Ground,1,15.6,Punjab,Karnataka,Mandeep Singh,Gurkeerat Singh,J Suchith,4,0,,,,,,,,,
1205850,2019/20,2019-11-24,C B Patel Ground,1,15.7,Punjab,Karnataka,Mandeep Singh,Gurkeerat Singh,J Suchith,1,0,,,,,,,,,
1205850,2019/20,2019-11-24,C B Patel Ground,1,15.8,Punjab,Karnataka,Gurkeerat Singh,Mandeep Singh,J Suchith,0,1,1,,,,,,,,
1205850,2019/20,2019-11-24,C B Patel Ground,1,15.9,Punjab,Karnataka,Gurkeerat Singh,Mandeep Singh,J Suchith,1,0,,,,,,,,,
1205850,2019/20,2019-11-24,C B Patel Ground,1,16.1,Punjab,Karnataka,Gurkeerat Singh,Mandeep Singh,Vasuki Koushik,4,0,,,,,,,,,
1205850,2019/20,2019-11-24,C B Patel Ground,1,16.2,Punjab,Karnataka,Gurkeerat Singh,Mandeep Singh,Vasuki Koushik,0,2,2,,,,,,,,
1205850,2019/20,2019-11-24,C B Patel Ground,1,16.3,Punjab,Karnataka,Mandeep Singh,Gurkeerat Singh,Vasuki Koushik,6,0,,,,,,,,,
1205850,2019/20,2019-11-24,C B Patel Ground,1,16.4,Punjab,Karnataka,Mandeep Singh,Gurkeerat Singh,Vasuki Koushik,0,1,1,,,,,,,,
1205850,2019/20,2019-11-24,C B Patel Ground,1,16.5,Punjab,Karnataka,Mandeep Singh,Gurkeerat Singh,Vasuki Koushik,1,0,,,,,,,,,
1205850,2019/20,2019-11-24,C B Patel Ground,1,16.6,Punjab,Karnataka,Gurkeerat Singh,Mandeep Singh,Vasuki Koushik,0,0,,,,,,,,,
1205850,2019/20,2019-11-24,C B Patel Ground,1,16.7,Punjab,Karnataka,Gurkeerat Singh,Mandeep Singh,Vasuki Koushik,2,0,,,,,,,,,
1205850,2019/20,2019-11-24,C B Patel Ground,1,16.8,Punjab,Karnataka,Gurkeerat Singh,Mandeep Singh,Vasuki Koushik,0,0,,,,,,,,,
1205850,2019/20,2019-11-24,C B Patel Ground,1,17.1,Punjab,Karnataka,Mandeep Singh,Gurkeerat Singh,RG More,0,0,,,,,,,,,
1205850,2019/20,2019-11-24,C B Patel Ground,1,17.2,Punjab,Karnataka,Mandeep Singh,Gurkeerat Singh,RG More,6,0,,,,,,,,,
1205850,2019/20,2019-11-24,C B Patel Ground,1,17.3,Punjab,Karnataka,Mandeep Singh,Gurkeerat Singh,RG More,1,0,,,,,,,,,
1205850,2019/20,2019-11-24,C B Patel Ground,1,17.4,Punjab,Karnataka,Gurkeerat Singh,Mandeep Singh,RG More,0,0,,,,,,,,,
1205850,2019/20,2019-11-24,C B Patel Ground,1,17.5,Punjab,Karnataka,Gurkeerat Singh,Mandeep Singh,RG More,6,0,,,,,,,,,
1205850,2019/20,2019-11-24,C B Patel Ground,1,17.6,Punjab,Karnataka,Gurkeerat Singh,Mandeep Singh,RG More,0,0,,,,,,caught,Gurkeerat Singh,,
1205850,2019/20,2019-11-24,C B Patel Ground,1,18.1,Punjab,Karnataka,Mandeep Singh,Nikhil Chaudhary,Vasuki Koushik,4,0,,,,,,,,,
1205850,2019/20,2019-11-24,C B Patel Ground,1,18.2,Punjab,Karnataka,Mandeep Singh,Nikhil Chaudhary,Vasuki Koushik,4,0,,,,,,,,,
1205850,2019/20,2019-11-24,C B Patel Ground,1,18.3,Punjab,Karnataka,Mandeep Singh,Nikhil Chaudhary,Vasuki Koushik,1,0,,,,,,,,,
1205850,2019/20,2019-11-24,C B Patel Ground,1,18.4,Punjab,Karnataka,Nikhil Chaudhary,Mandeep Singh,Vasuki Koushik,4,0,,,,,,,,,
1205850,2019/20,2019-11-24,C B Patel Ground,1,18.5,Punjab,Karnataka,Nikhil Chaudhary,Mandeep Singh,Vasuki Koushik,1,0,,,,,,,,,
1205850,2019/20,2019-11-24,C B Patel Ground,1,18.6,Punjab,Karnataka,Mandeep Singh,Nikhil Chaudhary,Vasuki Koushik,1,0,,,,,,,,,
1205850,2019/20,2019-11-24,C B Patel Ground,1,19.1,Punjab,Karnataka,Mandeep Singh,Nikhil Chaudhary,RG More,0,0,,,,,,caught,Mandeep Singh,,
1205850,2019/20,2019-11-24,C B Patel Ground,1,19.2,Punjab,Karnataka,Anmol Malhotra,Nikhil Chaudhary,RG More,1,0,,,,,,,,,
1205850,2019/20,2019-11-24,C B Patel Ground,1,19.3,Punjab,Karnataka,Nikhil Chaudhary,Anmol Malhotra,RG More,2,0,,,,,,,,,
1205850,2019/20,2019-11-24,C B Patel Ground,1,19.4,Punjab,Karnataka,Nikhil Chaudhary,Anmol Malhotra,RG More,0,1,,,,1,,,,,
1205850,2019/20,2019-11-24,C B Patel Ground,1,19.5,Punjab,Karnataka,Anmol Malhotra,Nikhil Chaudhary,RG More,0,0,,,,,,caught,Anmol Malhotra,,
1205850,2019/20,2019-11-24,C B Patel Ground,1,19.6,Punjab,Karnataka,Nikhil Chaudhary,Harpreet Brar,RG More,0,1,,,1,,,,,,
1205850,2019/20,2019-11-24,C B Patel Ground,2,0.1,Karnataka,Punjab,KL Rahul,D Padikkal,Sandeep Sharma,2,0,,,,,,,,,
1205850,2019/20,2019-11-24,C B Patel Ground,2,0.2,Karnataka,Punjab,KL Rahul,D Padikkal,Sandeep Sharma,4,0,,,,,,,,,
1205850,2019/20,2019-11-24,C B Patel Ground,2,0.3,Karnataka,Punjab,KL Rahul,D Padikkal,Sandeep Sharma,0,0,,,,,,,,,
1205850,2019/20,2019-11-24,C B Patel Ground,2,0.4,Karnataka,Punjab,KL Rahul,D Padikkal,Sandeep Sharma,1,0,,,,,,,,,
1205850,2019/20,2019-11-24,C B Patel Ground,2,0.5,Karnataka,Punjab,D Padikkal,KL Rahul,Sandeep Sharma,1,0,,,,,,,,,
1205850,2019/20,2019-11-24,C B Patel Ground,2,0.6,Karnataka,Punjab,KL Rahul,D Padikkal,Sandeep Sharma,1,0,,,,,,,,,
1205850,2019/20,2019-11-24,C B Patel Ground,2,1.1,Karnataka,Punjab,KL Rahul,D Padikkal,S Kaul,6,0,,,,,,,,,
1205850,2019/20,2019-11-24,C B Patel Ground,2,1.2,Karnataka,Punjab,KL Rahul,D Padikkal,S Kaul,4,0,,,,,,,,,
1205850,2019/20,2019-11-24,C B Patel Ground,2,1.3,Karnataka,Punjab,KL Rahul,D Padikkal,S Kaul,6,0,,,,,,,,,
1205850,2019/20,2019-11-24,C B Patel Ground,2,1.4,Karnataka,Punjab,KL Rahul,D Padikkal,S Kaul,1,0,,,,,,,,,
1205850,2019/20,2019-11-24,C B Patel Ground,2,1.5,Karnataka,Punjab,D Padikkal,KL Rahul,S Kaul,1,0,,,,,,,,,
1205850,2019/20,2019-11-24,C B Patel Ground,2,1.6,Karnataka,Punjab,KL Rahul,D Padikkal,S Kaul,6,0,,,,,,,,,
1205850,2019/20,2019-11-24,C B Patel Ground,2,2.1,Karnataka,Punjab,D Padikkal,KL Rahul,Harpreet Brar,0,0,,,,,,caught,D Padikkal,,
1205850,2019/20,2019-11-24,C B Patel Ground,2,2.2,Karnataka,Punjab,KL Rahul,Rohan Kadam,Harpreet Brar,6,0,,,,,,,,,
1205850,2019/20,2019-11-24,C B Patel Ground,2,2.3,Karnataka,Punjab,KL Rahul,Rohan Kadam,Harpreet Brar,0,0,,,,,,,,,
1205850,2019/20,2019-11-24,C B Patel Ground,2,2.4,Karnataka,Punjab,KL Rahul,Rohan Kadam,Harpreet Brar,0,0,,,,,,,,,
1205850,2019/20,2019-11-24,C B Patel Ground,2,2.5,Karnataka,Punjab,KL Rahul,Rohan Kadam,Harpreet Brar,1,0,,,,,,,,,
1205850,2019/20,2019-11-24,C B Patel Ground,2,2.6,Karnataka,Punjab,Rohan Kadam,KL Rahul,Harpreet Brar,1,0,,,,,,,,,
1205850,2019/20,2019-11-24,C B Patel Ground,2,3.1,Karnataka,Punjab,Rohan Kadam,KL Rahul,Sandeep Sharma,1,0,,,,,,,,,
1205850,2019/20,2019-11-24,C B Patel Ground,2,3.2,Karnataka,Punjab,KL Rahul,Rohan Kadam,Sandeep Sharma,4,0,,,,,,,,,
1205850,2019/20,2019-11-24,C B Patel Ground,2,3.3,Karnataka,Punjab,KL Rahul,Rohan Kadam,Sandeep Sharma,1,0,,,,,,,,,
1205850,2019/20,2019-11-24,C B Patel Ground,2,3.4,Karnataka,Punjab,Rohan Kadam,KL Rahul,Sandeep Sharma,0,0,,,,,,,,,
1205850,2019/20,2019-11-24,C B Patel Ground,2,3.5,Karnataka,Punjab,Rohan Kadam,KL Rahul,Sandeep Sharma,1,0,,,,,,,,,
1205850,2019/20,2019-11-24,C B Patel Ground,2,3.6,Karnataka,Punjab,KL Rahul,Rohan Kadam,Sandeep Sharma,1,0,,,,,,,,,
1205850,2019/20,2019-11-24,C B Patel Ground,2,4.1,Karnataka,Punjab,KL Rahul,Rohan Kadam,Harpreet Brar,1,0,,,,,,,,,
1205850,2019/20,2019-11-24,C B Patel Ground,2,4.2,Karnataka,Punjab,Rohan Kadam,KL Rahul,Harpreet Brar,4,0,,,,,,,,,
1205850,2019/20,2019-11-24,C B Patel Ground,2,4.3,Karnataka,Punjab,Rohan Kadam,KL Rahul,Harpreet Brar,1,0,,,,,,,,,
1205850,2019/20,2019-11-24,C B Patel Ground,2,4.4,Karnataka,Punjab,KL Rahul,Rohan Kadam,Harpreet Brar,1,0,,,,,,,,,
1205850,2019/20,2019-11-24,C B Patel Ground,2,4.5,Karnataka,Punjab,Rohan Kadam,KL Rahul,Harpreet Brar,0,0,,,,,,,,,
1205850,2019/20,2019-11-24,C B Patel Ground,2,4.6,Karnataka,Punjab,Rohan Kadam,KL Rahul,Harpreet Brar,4,0,,,,,,,,,
1205850,2019/20,2019-11-24,C B Patel Ground,2,5.1,Karnataka,Punjab,KL Rahul,Rohan Kadam,M Markande,1,0,,,,,,,,,
1205850,2019/20,2019-11-24,C B Patel Ground,2,5.2,Karnataka,Punjab,Rohan Kadam,KL Rahul,M Markande,0,0,,,,,,,,,
1205850,2019/20,2019-11-24,C B Patel Ground,2,5.3,Karnataka,Punjab,Rohan Kadam,KL Rahul,M Markande,0,0,,,,,,,,,
1205850,2019/20,2019-11-24,C B Patel Ground,2,5.4,Karnataka,Punjab,Rohan Kadam,KL Rahul,M Markande,6,0,,,,,,,,,
1205850,2019/20,2019-11-24,C B Patel Ground,2,5.5,Karnataka,Punjab,Rohan Kadam,KL Rahul,M Markande,1,0,,,,,,,,,
1205850,2019/20,2019-11-24,C B Patel Ground,2,5.6,Karnataka,Punjab,KL Rahul,Rohan Kadam,M Markande,0,0,,,,,,,,,
1205850,2019/20,2019-11-24,C B Patel Ground,2,6.1,Karnataka,Punjab,Rohan Kadam,KL Rahul,Abhishek Sharma,1,0,,,,,,,,,
1205850,2019/20,2019-11-24,C B Patel Ground,2,6.2,Karnataka,Punjab,KL Rahul,Rohan Kadam,Abhishek Sharma,4,0,,,,,,,,,
1205850,2019/20,2019-11-24,C B Patel Ground,2,6.3,Karnataka,Punjab,KL Rahul,Rohan Kadam,Abhishek Sharma,1,0,,,,,,,,,
1205850,2019/20,2019-11-24,C B Patel Ground,2,6.4,Karnataka,Punjab,Rohan Kadam,KL Rahul,Abhishek Sharma,1,0,,,,,,,,,
1205850,2019/20,2019-11-24,C B Patel Ground,2,6.5,Karnataka,Punjab,KL Rahul,Rohan Kadam,Abhishek Sharma,1,0,,,,,,,,,
1205850,2019/20,2019-11-24,C B Patel Ground,2,6.6,Karnataka,Punjab,Rohan Kadam,KL Rahul,Abhishek Sharma,1,0,,,,,,,,,
1205850,2019/20,2019-11-24,C B Patel Ground,2,7.1,Karnataka,Punjab,Rohan Kadam,KL Rahul,M Markande,1,0,,,,,,,,,
1205850,2019/20,2019-11-24,C B Patel Ground,2,7.2,Karnataka,Punjab,KL Rahul,Rohan Kadam,M Markande,1,0,,,,,,,,,
1205850,2019/20,2019-11-24,C B Patel Ground,2,7.3,Karnataka,Punjab,Rohan Kadam,KL Rahul,M Markande,0,0,,,,,,caught,Rohan Kadam,,
1205850,2019/20,2019-11-24,C B Patel Ground,2,7.4,Karnataka,Punjab,KL Rahul,MK Pandey,M Markande,1,0,,,,,,,,,
1205850,2019/20,2019-11-24,C B Patel Ground,2,7.5,Karnataka,Punjab,MK Pandey,KL Rahul,M Markande,2,0,,,,,,,,,
1205850,2019/20,2019-11-24,C B Patel Ground,2,7.6,Karnataka,Punjab,MK Pandey,KL Rahul,M Markande,0,0,,,,,,,,,
1205850,2019/20,2019-11-24,C B Patel Ground,2,8.1,Karnataka,Punjab,KL Rahul,MK Pandey,Abhishek Sharma,0,1,1,,,,,,,,
1205850,2019/20,2019-11-24,C B Patel Ground,2,8.2,Karnataka,Punjab,KL Rahul,MK Pandey,Abhishek Sharma,4,0,,,,,,,,,
1205850,2019/20,2019-11-24,C B Patel Ground,2,8.3,Karnataka,Punjab,KL Rahul,MK Pandey,Abhishek Sharma,0,0,,,,,,,,,
1205850,2019/20,2019-11-24,C B Patel Ground,2,8.4,Karnataka,Punjab,KL Rahul,MK Pandey,Abhishek Sharma,1,0,,,,,,,,,
1205850,2019/20,2019-11-24,C B Patel Ground,2,8.5,Karnataka,Punjab,MK Pandey,KL Rahul,Abhishek Sharma,0,0,,,,,,,,,
1205850,2019/20,2019-11-24,C B Patel Ground,2,8.6,Karnataka,Punjab,MK Pandey,KL Rahul,Abhishek Sharma,0,1,,,,1,,,,,
1205850,2019/20,2019-11-24,C B Patel Ground,2,8.7,Karnataka,Punjab,KL Rahul,MK Pandey,Abhishek Sharma,1,0,,,,,,,,,
1205850,2019/20,2019-11-24,C B Patel Ground,2,9.1,Karnataka,Punjab,KL Rahul,MK Pandey,M Markande,1,0,,,,,,,,,
1205850,2019/20,2019-11-24,C B Patel Ground,2,9.2,Karnataka,Punjab,MK Pandey,KL Rahul,M Markande,0,0,,,,,,,,,
1205850,2019/20,2019-11-24,C B Patel Ground,2,9.3,Karnataka,Punjab,MK Pandey,KL Rahul,M Markande,1,0,,,,,,,,,
1205850,2019/20,2019-11-24,C B Patel Ground,2,9.4,Karnataka,Punjab,KL Rahul,MK Pandey,M Markande,1,0,,,,,,,,,
1205850,2019/20,2019-11-24,C B Patel Ground,2,9.5,Karnataka,Punjab,MK Pandey,KL Rahul,M Markande,0,0,,,,,,,,,
1205850,2019/20,2019-11-24,C B Patel Ground,2,9.6,Karnataka,Punjab,MK Pandey,KL Rahul,M Markande,1,0,,,,,,,,,
1205850,2019/20,2019-11-24,C B Patel Ground,2,10.1,Karnataka,Punjab,MK Pandey,KL Rahul,Abhishek Sharma,1,0,,,,,,,,,
1205850,2019/20,2019-11-24,C B Patel Ground,2,10.2,Karnataka,Punjab,KL Rahul,MK Pandey,Abhishek Sharma,1,0,,,,,,,,,
1205850,2019/20,2019-11-24,C B Patel Ground,2,10.3,Karnataka,Punjab,MK Pandey,KL Rahul,Abhishek Sharma,0,0,,,,,,,,,
1205850,2019/20,2019-11-24,C B Patel Ground,2,10.4,Karnataka,Punjab,MK Pandey,KL Rahul,Abhishek Sharma,6,0,,,,,,,,,
1205850,2019/20,2019-11-24,C B Patel Ground,2,10.5,Karnataka,Punjab,MK Pandey,KL Rahul,Abhishek Sharma,1,0,,,,,,,,,
1205850,2019/20,2019-11-24,C B Patel Ground,2,10.6,Karnataka,Punjab,KL Rahul,MK Pandey,Abhishek Sharma,1,0,,,,,,,,,
1205850,2019/20,2019-11-24,C B Patel Ground,2,11.1,Karnataka,Punjab,KL Rahul,MK Pandey,Harpreet Brar,1,0,,,,,,,,,
1205850,2019/20,2019-11-24,C B Patel Ground,2,11.2,Karnataka,Punjab,MK Pandey,KL Rahul,Harpreet Brar,0,0,,,,,,,,,
1205850,2019/20,2019-11-24,C B Patel Ground,2,11.3,Karnataka,Punjab,MK Pandey,KL Rahul,Harpreet Brar,0,0,,,,,,,,,
1205850,2019/20,2019-11-24,C B Patel Ground,2,11.4,Karnataka,Punjab,MK Pandey,KL Rahul,Harpreet Brar,0,0,,,,,,,,,
1205850,2019/20,2019-11-24,C B Patel Ground,2,11.5,Karnataka,Punjab,MK Pandey,KL Rahul,Harpreet Brar,0,0,,,,,,,,,
1205850,2019/20,2019-11-24,C B Patel Ground,2,11.6,Karnataka,Punjab,MK Pandey,KL Rahul,Harpreet Brar,0,0,,,,,,,,,
1205850,2019/20,2019-11-24,C B Patel Ground,2,12.1,Karnataka,Punjab,KL Rahul,MK Pandey,M Markande,1,0,,,,,,,,,
1205850,2019/20,2019-11-24,C B Patel Ground,2,12.2,Karnataka,Punjab,MK Pandey,KL Rahul,M Markande,6,0,,,,,,,,,
1205850,2019/20,2019-11-24,C B Patel Ground,2,12.3,Karnataka,Punjab,MK Pandey,KL Rahul,M Markande,6,0,,,,,,,,,
1205850,2019/20,2019-11-24,C B Patel Ground,2,12.4,Karnataka,Punjab,MK Pandey,KL Rahul,M Markande,1,0,,,,,,,,,
1205850,2019/20,2019-11-24,C B Patel Ground,2,12.5,Karnataka,Punjab,KL Rahul,MK Pandey,M Markande,1,0,,,,,,,,,
1205850,2019/20,2019-11-24,C B Patel Ground,2,12.6,Karnataka,Punjab,MK Pandey,KL Rahul,M Markande,1,0,,,,,,,,,
1205850,2019/20,2019-11-24,C B Patel Ground,2,13.1,Karnataka,Punjab,MK Pandey,KL Rahul,S Kaul,0,0,,,,,,,,,
1205850,2019/20,2019-11-24,C B Patel Ground,2,13.2,Karnataka,Punjab,MK Pandey,KL Rahul,S Kaul,1,0,,,,,,,,,
1205850,2019/20,2019-11-24,C B Patel Ground,2,13.3,Karnataka,Punjab,KL Rahul,MK Pandey,S Kaul,4,0,,,,,,,,,
1205850,2019/20,2019-11-24,C B Patel Ground,2,13.4,Karnataka,Punjab,KL Rahul,MK Pandey,S Kaul,4,0,,,,,,,,,
1205850,2019/20,2019-11-24,C B Patel Ground,2,13.5,Karnataka,Punjab,KL Rahul,MK Pandey,S Kaul,1,0,,,,,,,,,
1205850,2019/20,2019-11-24,C B Patel Ground,2,13.6,Karnataka,Punjab,MK Pandey,KL Rahul,S Kaul,1,0,,,,,,,,,
1205850,2019/20,2019-11-24,C B Patel Ground,2,14.1,Karnataka,Punjab,MK Pandey,KL Rahul,Harpreet Brar,1,0,,,,,,,,,
1205850,2019/20,2019-11-24,C B Patel Ground,2,14.2,Karnataka,Punjab,KL Rahul,MK Pandey,Harpreet Brar,1,0,,,,,,,,,
1205850,2019/20,2019-11-24,C B Patel Ground,2,14.3,Karnataka,Punjab,MK Pandey,KL Rahul,Harpreet Brar,1,0,,,,,,,,,
1205850,2019/20,2019-11-24,C B Patel Ground,2,14.4,Karnataka,Punjab,KL Rahul,MK Pandey,Harpreet Brar,1,0,,,,,,,,,
1205850,2019/20,2019-11-24,C B Patel Ground,2,14.5,Karnataka,Punjab,MK Pandey,KL Rahul,Harpreet Brar,2,0,,,,,,,,,
1205850,2019/20,2019-11-24,C B Patel Ground,2,14.6,Karnataka,Punjab,MK Pandey,KL Rahul,Harpreet Brar,1,0,,,,,,,,,
1205850,2019/20,2019-11-24,C B Patel Ground,2,15.1,Karnataka,Punjab,MK Pandey,KL Rahul,Abhishek Sharma,0,0,,,,,,caught,MK Pandey,,
1205850,2019/20,2019-11-24,C B Patel Ground,2,15.2,Karnataka,Punjab,KK Nair,KL Rahul,Abhishek Sharma,1,0,,,,,,,,,
1205850,2019/20,2019-11-24,C B Patel Ground,2,15.3,Karnataka,Punjab,KL Rahul,KK Nair,Abhishek Sharma,1,0,,,,,,,,,
1205850,2019/20,2019-11-24,C B Patel Ground,2,15.4,Karnataka,Punjab,KK Nair,KL Rahul,Abhishek Sharma,0,0,,,,,,,,,
1205850,2019/20,2019-11-24,C B Patel Ground,2,15.5,Karnataka,Punjab,KK Nair,KL Rahul,Abhishek Sharma,0,0,,,,,,,,,
1205850,2019/20,2019-11-24,C B Patel Ground,2,15.6,Karnataka,Punjab,KK Nair,KL Rahul,Abhishek Sharma,6,0,,,,,,,,,
1205850,2019/20,2019-11-24,C B Patel Ground,2,16.1,Karnataka,Punjab,KL Rahul,KK Nair,Sandeep Sharma,1,0,,,,,,,,,
1205850,2019/20,2019-11-24,C B Patel Ground,2,16.2,Karnataka,Punjab,KK Nair,KL Rahul,Sandeep Sharma,0,0,,,,,,,,,
1205850,2019/20,2019-11-24,C B Patel Ground,2,16.3,Karnataka,Punjab,KK Nair,KL Rahul,Sandeep Sharma,1,0,,,,,,,,,
1205850,2019/20,2019-11-24,C B Patel Ground,2,16.4,Karnataka,Punjab,KL Rahul,KK Nair,Sandeep Sharma,1,0,,,,,,,,,
1205850,2019/20,2019-11-24,C B Patel Ground,2,16.5,Karnataka,Punjab,KK Nair,KL Rahul,Sandeep Sharma,0,0,,,,,,,,,
1205850,2019/20,2019-11-24,C B Patel Ground,2,16.6,Karnataka,Punjab,KK Nair,KL Rahul,Sandeep Sharma,6,0,,,,,,,,,
1205850,2019/20,2019-11-24,C B Patel Ground,2,17.1,Karnataka,Punjab,KL Rahul,KK Nair,S Kaul,0,0,,,,,,,,,
1205850,2019/20,2019-11-24,C B Patel Ground,2,17.2,Karnataka,Punjab,KL Rahul,KK Nair,S Kaul,1,0,,,,,,,,,
1205850,2019/20,2019-11-24,C B Patel Ground,2,17.3,Karnataka,Punjab,KK Nair,KL Rahul,S Kaul,1,0,,,,,,,,,
1205850,2019/20,2019-11-24,C B Patel Ground,2,17.4,Karnataka,Punjab,KL Rahul,KK Nair,S Kaul,1,0,,,,,,,,,
1205850,2019/20,2019-11-24,C B Patel Ground,2,17.5,Karnataka,Punjab,KK Nair,KL Rahul,S Kaul,4,0,,,,,,,,,
1205850,2019/20,2019-11-24,C B Patel Ground,2,17.6,Karnataka,Punjab,KK Nair,KL Rahul,S Kaul,4,0,,,,,,,,,
