match_id,season,start_date,venue,innings,ball,batting_team,bowling_team,striker,non_striker,bowler,runs_off_bat,extras,wides,noballs,byes,legbyes,penalty,wicket_type,player_dismissed,other_wicket_type,other_player_dismissed
1205802,2019/20,2019-11-14,C B Patel Ground,1,0.1,Nagaland,Jharkhand,AN Longchar,Tejosel Yiethun,Utkarsh Singh,0,0,,,,,,,,,
1205802,2019/20,2019-11-14,C B Patel Ground,1,0.2,Nagaland,Jharkhand,AN Longchar,Tejosel Yiethun,Utkarsh Singh,0,0,,,,,,,,,
1205802,2019/20,2019-11-14,C B Patel Ground,1,0.3,Nagaland,Jharkhand,AN Longchar,Tejosel Yiethun,Utkarsh Singh,0,0,,,,,,,,,
1205802,2019/20,2019-11-14,C B Patel Ground,1,0.4,Nagaland,Jharkhand,AN Longchar,Tejosel Yiethun,Utkarsh Singh,0,0,,,,,,,,,
1205802,2019/20,2019-11-14,C B Patel Ground,1,0.5,Nagaland,Jharkhand,AN Longchar,Tejosel Yiethun,Utkarsh Singh,0,0,,,,,,,,,
1205802,2019/20,2019-11-14,C B Patel Ground,1,0.6,Nagaland,Jharkhand,AN Longchar,Tejosel Yiethun,Utkarsh Singh,0,0,,,,,,,,,
1205802,2019/20,2019-11-14,C B Patel Ground,1,1.1,Nagaland,Jharkhand,Tejosel Yiethun,AN Longchar,Vivekanand Tiwari,0,0,,,,,,,,,
1205802,2019/20,2019-11-14,C B Patel Ground,1,1.2,Nagaland,Jharkhand,Tejosel Yiethun,AN Longchar,Vivekanand Tiwari,0,1,,1,,,,,,,
1205802,2019/20,2019-11-14,C B Patel Ground,1,1.3,Nagaland,Jharkhand,Tejosel Yiethun,AN Longchar,Vivekanand Tiwari,6,0,,,,,,,,,
1205802,2019/20,2019-11-14,C B Patel Ground,1,1.4,Nagaland,Jharkhand,Tejosel Yiethun,AN Longchar,Vivekanand Tiwari,0,0,,,,,,,,,
1205802,2019/20,2019-11-14,C B Patel Ground,1,1.5,Nagaland,Jharkhand,Tejosel Yiethun,AN Longchar,Vivekanand Tiwari,2,0,,,,,,,,,
1205802,2019/20,2019-11-14,C B Patel Ground,1,1.6,Nagaland,Jharkhand,Tejosel Yiethun,AN Longchar,Vivekanand Tiwari,0,0,,,,,,,,,
1205802,2019/20,2019-11-14,C B Patel Ground,1,1.7,Nagaland,Jharkhand,Tejosel Yiethun,AN Longchar,Vivekanand Tiwari,0,0,,,,,,,,,
1205802,2019/20,2019-11-14,C B Patel Ground,1,2.1,Nagaland,Jharkhand,AN Longchar,Tejosel Yiethun,Utkarsh Singh,0,0,,,,,,,,,
1205802,2019/20,2019-11-14,C B Patel Ground,1,2.2,Nagaland,Jharkhand,AN Longchar,Tejosel Yiethun,Utkarsh Singh,0,0,,,,,,,,,
1205802,2019/20,2019-11-14,C B Patel Ground,1,2.3,Nagaland,Jharkhand,AN Longchar,Tejosel Yiethun,Utkarsh Singh,0,0,,,,,,bowled,AN Longchar,,
1205802,2019/20,2019-11-14,C B Patel Ground,1,2.4,Nagaland,Jharkhand,SS Mundhe,Tejosel Yiethun,Utkarsh Singh,0,0,,,,,,,,,
1205802,2019/20,2019-11-14,C B Patel Ground,1,2.5,Nagaland,Jharkhand,SS Mundhe,Tejosel Yiethun,Utkarsh Singh,0,0,,,,,,,,,
1205802,2019/20,2019-11-14,C B Patel Ground,1,2.6,Nagaland,Jharkhand,SS Mundhe,Tejosel Yiethun,Utkarsh Singh,4,0,,,,,,,,,
1205802,2019/20,2019-11-14,C B Patel Ground,1,3.1,Nagaland,Jharkhand,Tejosel Yiethun,SS Mundhe,VR Aaron,0,0,,,,,,,,,
1205802,2019/20,2019-11-14,C B Patel Ground,1,3.2,Nagaland,Jharkhand,Tejosel Yiethun,SS Mundhe,VR Aaron,0,0,,,,,,,,,
1205802,2019/20,2019-11-14,C B Patel Ground,1,3.3,Nagaland,Jharkhand,Tejosel Yiethun,SS Mundhe,VR Aaron,0,0,,,,,,,,,
1205802,2019/20,2019-11-14,C B Patel Ground,1,3.4,Nagaland,Jharkhand,Tejosel Yiethun,SS Mundhe,VR Aaron,0,0,,,,,,,,,
1205802,2019/20,2019-11-14,C B Patel Ground,1,3.5,Nagaland,Jharkhand,Tejosel Yiethun,SS Mundhe,VR Aaron,0,0,,,,,,caught,Tejosel Yiethun,,
1205802,2019/20,2019-11-14,C B Patel Ground,1,3.6,Nagaland,Jharkhand,STR Binny,SS Mundhe,VR Aaron,0,0,,,,,,,,,
1205802,2019/20,2019-11-14,C B Patel Ground,1,4.1,Nagaland,Jharkhand,SS Mundhe,STR Binny,AS Roy,0,0,,,,,,,,,
1205802,2019/20,2019-11-14,C B Patel Ground,1,4.2,Nagaland,Jharkhand,SS Mundhe,STR Binny,AS Roy,0,0,,,,,,,,,
1205802,2019/20,2019-11-14,C B Patel Ground,1,4.3,Nagaland,Jharkhand,SS Mundhe,STR Binny,AS Roy,0,0,,,,,,,,,
1205802,2019/20,2019-11-14,C B Patel Ground,1,4.4,Nagaland,Jharkhand,SS Mundhe,STR Binny,AS Roy,0,0,,,,,,,,,
1205802,2019/20,2019-11-14,C B Patel Ground,1,4.5,Nagaland,Jharkhand,SS Mundhe,STR Binny,AS Roy,0,0,,,,,,,,,
1205802,2019/20,2019-11-14,C B Patel Ground,1,4.6,Nagaland,Jharkhand,SS Mundhe,STR Binny,AS Roy,0,0,,,,,,,,,
1205802,2019/20,2019-11-14,C B Patel Ground,1,5.1,Nagaland,Jharkhand,STR Binny,SS Mundhe,VR Aaron,1,0,,,,,,,,,
1205802,2019/20,2019-11-14,C B Patel Ground,1,5.2,Nagaland,Jharkhand,SS Mundhe,STR Binny,VR Aaron,4,0,,,,,,,,,
1205802,2019/20,2019-11-14,C B Patel Ground,1,5.3,Nagaland,Jharkhand,SS Mundhe,STR Binny,VR Aaron,1,0,,,,,,,,,
1205802,2019/20,2019-11-14,C B Patel Ground,1,5.4,Nagaland,Jharkhand,STR Binny,SS Mundhe,VR Aaron,0,0,,,,,,,,,
1205802,2019/20,2019-11-14,C B Patel Ground,1,5.5,Nagaland,Jharkhand,STR Binny,SS Mundhe,VR Aaron,0,0,,,,,,,,,
1205802,2019/20,2019-11-14,C B Patel Ground,1,5.6,Nagaland,Jharkhand,STR Binny,SS Mundhe,VR Aaron,1,0,,,,,,,,,
1205802,2019/20,2019-11-14,C B Patel Ground,1,6.1,Nagaland,Jharkhand,STR Binny,SS Mundhe,AS Roy,0,0,,,,,,,,,
1205802,2019/20,2019-11-14,C B Patel Ground,1,6.2,Nagaland,Jharkhand,STR Binny,SS Mundhe,AS Roy,1,0,,,,,,,,,
1205802,2019/20,2019-11-14,C B Patel Ground,1,6.3,Nagaland,Jharkhand,SS Mundhe,STR Binny,AS Roy,0,0,,,,,,,,,
1205802,2019/20,2019-11-14,C B Patel Ground,1,6.4,Nagaland,Jharkhand,SS Mundhe,STR Binny,AS Roy,1,0,,,,,,,,,
1205802,2019/20,2019-11-14,C B Patel Ground,1,6.5,Nagaland,Jharkhand,STR Binny,SS Mundhe,AS Roy,1,0,,,,,,,,,
1205802,2019/20,2019-11-14,C B Patel Ground,1,6.6,Nagaland,Jharkhand,SS Mundhe,STR Binny,AS Roy,0,0,,,,,,,,,
1205802,2019/20,2019-11-14,C B Patel Ground,1,7.1,Nagaland,Jharkhand,STR Binny,SS Mundhe,Supriyo Chakraborty,2,0,,,,,,,,,
1205802,2019/20,2019-11-14,C B Patel Ground,1,7.2,Nagaland,Jharkhand,STR Binny,SS Mundhe,Supriyo Chakraborty,0,0,,,,,,,,,
1205802,2019/20,2019-11-14,C B Patel Ground,1,7.3,Nagaland,Jharkhand,STR Binny,SS Mundhe,Supriyo Chakraborty,1,0,,,,,,,,,
1205802,2019/20,2019-11-14,C B Patel Ground,1,7.4,Nagaland,Jharkhand,SS Mundhe,STR Binny,Supriyo Chakraborty,4,0,,,,,,,,,
1205802,2019/20,2019-11-14,C B Patel Ground,1,7.5,Nagaland,Jharkhand,SS Mundhe,STR Binny,Supriyo Chakraborty,0,0,,,,,,,,,
1205802,2019/20,2019-11-14,C B Patel Ground,1,7.6,Nagaland,Jharkhand,SS Mundhe,STR Binny,Supriyo Chakraborty,0,0,,,,,,,,,
1205802,2019/20,2019-11-14,C B Patel Ground,1,8.1,Nagaland,Jharkhand,STR Binny,SS Mundhe,Anand Singh,0,0,,,,,,,,,
1205802,2019/20,2019-11-14,C B Patel Ground,1,8.2,Nagaland,Jharkhand,STR Binny,SS Mundhe,Anand Singh,1,0,,,,,,,,,
1205802,2019/20,2019-11-14,C B Patel Ground,1,8.3,Nagaland,Jharkhand,SS Mundhe,STR Binny,Anand Singh,1,0,,,,,,,,,
1205802,2019/20,2019-11-14,C B Patel Ground,1,8.4,Nagaland,Jharkhand,STR Binny,SS Mundhe,Anand Singh,4,0,,,,,,,,,
1205802,2019/20,2019-11-14,C B Patel Ground,1,8.5,Nagaland,Jharkhand,STR Binny,SS Mundhe,Anand Singh,1,0,,,,,,,,,
1205802,2019/20,2019-11-14,C B Patel Ground,1,8.6,Nagaland,Jharkhand,SS Mundhe,STR Binny,Anand Singh,1,0,,,,,,,,,
1205802,2019/20,2019-11-14,C B Patel Ground,1,9.1,Nagaland,Jharkhand,SS Mundhe,STR Binny,Supriyo Chakraborty,6,0,,,,,,,,,
1205802,2019/20,2019-11-14,C B Patel Ground,1,9.2,Nagaland,Jharkhand,SS Mundhe,STR Binny,Supriyo Chakraborty,1,0,,,,,,,,,
1205802,2019/20,2019-11-14,C B Patel Ground,1,9.3,Nagaland,Jharkhand,STR Binny,SS Mundhe,Supriyo Chakraborty,0,0,,,,,,,,,
1205802,2019/20,2019-11-14,C B Patel Ground,1,9.4,Nagaland,Jharkhand,STR Binny,SS Mundhe,Supriyo Chakraborty,0,0,,,,,,,,,
1205802,2019/20,2019-11-14,C B Patel Ground,1,9.5,Nagaland,Jharkhand,STR Binny,SS Mundhe,Supriyo Chakraborty,4,0,,,,,,,,,
1205802,2019/20,2019-11-14,C B Patel Ground,1,9.6,Nagaland,Jharkhand,STR Binny,SS Mundhe,Supriyo Chakraborty,1,0,,,,,,,,,
1205802,2019/20,2019-11-14,C B Patel Ground,1,10.1,Nagaland,Jharkhand,STR Binny,SS Mundhe,AS Roy,0,0,,,,,,,,,
1205802,2019/20,2019-11-14,C B Patel Ground,1,10.2,Nagaland,Jharkhand,STR Binny,SS Mundhe,AS Roy,0,0,,,,,,,,,
1205802,2019/20,2019-11-14,C B Patel Ground,1,10.3,Nagaland,Jharkhand,STR Binny,SS Mundhe,AS Roy,1,0,,,,,,,,,
1205802,2019/20,2019-11-14,C B Patel Ground,1,10.4,Nagaland,Jharkhand,SS Mundhe,STR Binny,AS Roy,1,0,,,,,,,,,
1205802,2019/20,2019-11-14,C B Patel Ground,1,10.5,Nagaland,Jharkhand,STR Binny,SS Mundhe,AS Roy,1,0,,,,,,,,,
1205802,2019/20,2019-11-14,C B Patel Ground,1,10.6,Nagaland,Jharkhand,SS Mundhe,STR Binny,AS Roy,1,0,,,,,,,,,
1205802,2019/20,2019-11-14,C B Patel Ground,1,11.1,Nagaland,Jharkhand,SS Mundhe,STR Binny,Vivekanand Tiwari,6,0,,,,,,,,,
1205802,2019/20,2019-11-14,C B Patel Ground,1,11.2,Nagaland,Jharkhand,SS Mundhe,STR Binny,Vivekanand Tiwari,4,0,,,,,,,,,
1205802,2019/20,2019-11-14,C B Patel Ground,1,11.3,Nagaland,Jharkhand,SS Mundhe,STR Binny,Vivekanand Tiwari,1,0,,,,,,,,,
1205802,2019/20,2019-11-14,C B Patel Ground,1,11.4,Nagaland,Jharkhand,STR Binny,SS Mundhe,Vivekanand Tiwari,4,1,,1,,,,,,,
1205802,2019/20,2019-11-14,C B Patel Ground,1,11.5,Nagaland,Jharkhand,STR Binny,SS Mundhe,Vivekanand Tiwari,4,1,,1,,,,,,,
1205802,2019/20,2019-11-14,C B Patel Ground,1,11.6,Nagaland,Jharkhand,STR Binny,SS Mundhe,Vivekanand Tiwari,0,0,,,,,,,,,
1205802,2019/20,2019-11-14,C B Patel Ground,1,11.7,Nagaland,Jharkhand,STR Binny,SS Mundhe,Vivekanand Tiwari,1,0,,,,,,,,,
1205802,2019/20,2019-11-14,C B Patel Ground,1,11.8,Nagaland,Jharkhand,SS Mundhe,STR Binny,Vivekanand Tiwari,1,0,,,,,,,,,
1205802,2019/20,2019-11-14,C B Patel Ground,1,12.1,Nagaland,Jharkhand,SS Mundhe,STR Binny,AS Roy,1,0,,,,,,,,,
1205802,2019/20,2019-11-14,C B Patel Ground,1,12.2,Nagaland,Jharkhand,STR Binny,SS Mundhe,AS Roy,1,0,,,,,,,,,
1205802,2019/20,2019-11-14,C B Patel Ground,1,12.3,Nagaland,Jharkhand,SS Mundhe,STR Binny,AS Roy,0,0,,,,,,,,,
1205802,2019/20,2019-11-14,C B Patel Ground,1,12.4,Nagaland,Jharkhand,SS Mundhe,STR Binny,AS Roy,0,0,,,,,,,,,
1205802,2019/20,2019-11-14,C B Patel Ground,1,12.5,Nagaland,Jharkhand,SS Mundhe,STR Binny,AS Roy,1,0,,,,,,,,,
1205802,2019/20,2019-11-14,C B Patel Ground,1,12.6,Nagaland,Jharkhand,STR Binny,SS Mundhe,AS Roy,1,0,,,,,,,,,
1205802,2019/20,2019-11-14,C B Patel Ground,1,13.1,Nagaland,Jharkhand,STR Binny,SS Mundhe,Utkarsh Singh,1,0,,,,,,,,,
1205802,2019/20,2019-11-14,C B Patel Ground,1,13.2,Nagaland,Jharkhand,SS Mundhe,STR Binny,Utkarsh Singh,6,0,,,,,,,,,
1205802,2019/20,2019-11-14,C B Patel Ground,1,13.3,Nagaland,Jharkhand,SS Mundhe,STR Binny,Utkarsh Singh,1,0,,,,,,,,,
1205802,2019/20,2019-11-14,C B Patel Ground,1,13.4,Nagaland,Jharkhand,STR Binny,SS Mundhe,Utkarsh Singh,1,0,,,,,,,,,
1205802,2019/20,2019-11-14,C B Patel Ground,1,13.5,Nagaland,Jharkhand,SS Mundhe,STR Binny,Utkarsh Singh,1,0,,,,,,,,,
1205802,2019/20,2019-11-14,C B Patel Ground,1,13.6,Nagaland,Jharkhand,STR Binny,SS Mundhe,Utkarsh Singh,4,0,,,,,,,,,
1205802,2019/20,2019-11-14,C B Patel Ground,1,14.1,Nagaland,Jharkhand,SS Mundhe,STR Binny,Supriyo Chakraborty,6,0,,,,,,,,,
1205802,2019/20,2019-11-14,C B Patel Ground,1,14.2,Nagaland,Jharkhand,SS Mundhe,STR Binny,Supriyo Chakraborty,1,0,,,,,,,,,
1205802,2019/20,2019-11-14,C B Patel Ground,1,14.3,Nagaland,Jharkhand,STR Binny,SS Mundhe,Supriyo Chakraborty,1,0,,,,,,,,,
1205802,2019/20,2019-11-14,C B Patel Ground,1,14.4,Nagaland,Jharkhand,SS Mundhe,STR Binny,Supriyo Chakraborty,6,0,,,,,,,,,
1205802,2019/20,2019-11-14,C B Patel Ground,1,14.5,Nagaland,Jharkhand,SS Mundhe,STR Binny,Supriyo Chakraborty,0,0,,,,,,,,,
1205802,2019/20,2019-11-14,C B Patel Ground,1,14.6,Nagaland,Jharkhand,SS Mundhe,STR Binny,Supriyo Chakraborty,0,1,1,,,,,,,,
1205802,2019/20,2019-11-14,C B Patel Ground,1,14.7,Nagaland,Jharkhand,SS Mundhe,STR Binny,Supriyo Chakraborty,4,0,,,,,,,,,
1205802,2019/20,2019-11-14,C B Patel Ground,1,15.1,Nagaland,Jharkhand,STR Binny,SS Mundhe,Anand Singh,2,0,,,,,,,,,
1205802,2019/20,2019-11-14,C B Patel Ground,1,15.2,Nagaland,Jharkhand,STR Binny,SS Mundhe,Anand Singh,0,0,,,,,,,,,
1205802,2019/20,2019-11-14,C B Patel Ground,1,15.3,Nagaland,Jharkhand,STR Binny,SS Mundhe,Anand Singh,1,0,,,,,,,,,
1205802,2019/20,2019-11-14,C B Patel Ground,1,15.4,Nagaland,Jharkhand,SS Mundhe,STR Binny,Anand Singh,1,0,,,,,,,,,
1205802,2019/20,2019-11-14,C B Patel Ground,1,15.5,Nagaland,Jharkhand,STR Binny,SS Mundhe,Anand Singh,0,1,1,,,,,,,,
1205802,2019/20,2019-11-14,C B Patel Ground,1,15.6,Nagaland,Jharkhand,STR Binny,SS Mundhe,Anand Singh,1,0,,,,,,,,,
1205802,2019/20,2019-11-14,C B Patel Ground,1,15.7,Nagaland,Jharkhand,SS Mundhe,STR Binny,Anand Singh,1,0,,,,,,,,,
1205802,2019/20,2019-11-14,C B Patel Ground,1,16.1,Nagaland,Jharkhand,SS Mundhe,STR Binny,VR Aaron,1,0,,,,,,,,,
1205802,2019/20,2019-11-14,C B Patel Ground,1,16.2,Nagaland,Jharkhand,STR Binny,SS Mundhe,VR Aaron,0,0,,,,,,,,,
1205802,2019/20,2019-11-14,C B Patel Ground,1,16.3,Nagaland,Jharkhand,STR Binny,SS Mundhe,VR Aaron,4,0,,,,,,,,,
1205802,2019/20,2019-11-14,C B Patel Ground,1,16.4,Nagaland,Jharkhand,STR Binny,SS Mundhe,VR Aaron,1,0,,,,,,,,,
1205802,2019/20,2019-11-14,C B Patel Ground,1,16.5,Nagaland,Jharkhand,SS Mundhe,STR Binny,VR Aaron,1,0,,,,,,,,,
1205802,2019/20,2019-11-14,C B Patel Ground,1,16.6,Nagaland,Jharkhand,STR Binny,SS Mundhe,VR Aaron,1,0,,,,,,,,,
1205802,2019/20,2019-11-14,C B Patel Ground,1,17.1,Nagaland,Jharkhand,STR Binny,SS Mundhe,Anand Singh,1,0,,,,,,,,,
1205802,2019/20,2019-11-14,C B Patel Ground,1,17.2,Nagaland,Jharkhand,SS Mundhe,STR Binny,Anand Singh,0,0,,,,,,,,,
1205802,2019/20,2019-11-14,C B Patel Ground,1,17.3,Nagaland,Jharkhand,SS Mundhe,STR Binny,Anand Singh,6,0,,,,,,,,,
1205802,2019/20,2019-11-14,C B Patel Ground,1,17.4,Nagaland,Jharkhand,SS Mundhe,STR Binny,Anand Singh,0,0,,,,,,caught,SS Mundhe,,
1205802,2019/20,2019-11-14,C B Patel Ground,1,17.5,Nagaland,Jharkhand,STR Binny,YV Takawale,Anand Singh,1,0,,,,,,,,,
1205802,2019/20,2019-11-14,C B Patel Ground,1,17.6,Nagaland,Jharkhand,YV Takawale,STR Binny,Anand Singh,1,0,,,,,,,,,
1205802,2019/20,2019-11-14,C B Patel Ground,1,18.1,Nagaland,Jharkhand,YV Takawale,STR Binny,VR Aaron,0,0,,,,,,caught,YV Takawale,,
1205802,2019/20,2019-11-14,C B Patel Ground,1,18.2,Nagaland,Jharkhand,Hokaito Zhimomi,STR Binny,VR Aaron,0,1,1,,,,,,,,
1205802,2019/20,2019-11-14,C B Patel Ground,1,18.3,Nagaland,Jharkhand,Hokaito Zhimomi,STR Binny,VR Aaron,0,0,,,,,,,,,
1205802,2019/20,2019-11-14,C B Patel Ground,1,18.4,Nagaland,Jharkhand,Hokaito Zhimomi,STR Binny,VR Aaron,0,0,,,,,,bowled,Hokaito Zhimomi,,
1205802,2019/20,2019-11-14,C B Patel Ground,1,18.5,Nagaland,Jharkhand,Nagaho Chishi,STR Binny,VR Aaron,0,0,,,,,,,,,
1205802,2019/20,2019-11-14,C B Patel Ground,1,18.6,Nagaland,Jharkhand,Nagaho Chishi,STR Binny,VR Aaron,1,0,,,,,,,,,
1205802,2019/20,2019-11-14,C B Patel Ground,1,18.7,Nagaland,Jharkhand,STR Binny,Nagaho Chishi,VR Aaron,0,0,,,,,,,,,
1205802,2019/20,2019-11-14,C B Patel Ground,1,19.1,Nagaland,Jharkhand,Nagaho Chishi,STR Binny,Anand Singh,1,0,,,,,,,,,
1205802,2019/20,2019-11-14,C B Patel Ground,1,19.2,Nagaland,Jharkhand,STR Binny,Nagaho Chishi,Anand Singh,2,0,,,,,,,,,
1205802,2019/20,2019-11-14,C B Patel Ground,1,19.3,Nagaland,Jharkhand,STR Binny,Nagaho Chishi,Anand Singh,0,0,,,,,,,,,
1205802,2019/20,2019-11-14,C B Patel Ground,1,19.4,Nagaland,Jharkhand,STR Binny,Nagaho Chishi,Anand Singh,0,0,,,,,,caught,STR Binny,,
1205802,2019/20,2019-11-14,C B Patel Ground,1,19.5,Nagaland,Jharkhand,Nagaho Chishi,Imliwati Lemtur,Anand Singh,1,0,,,,,,,,,
1205802,2019/20,2019-11-14,C B Patel Ground,1,19.6,Nagaland,Jharkhand,Imliwati Lemtur,Nagaho Chishi,Anand Singh,1,0,,,,,,,,,
1205802,2019/20,2019-11-14,C B Patel Ground,2,0.1,Jharkhand,Nagaland,Anand Singh,Ishan Kishan,STR Binny,4,0,,,,,,,,,
1205802,2019/20,2019-11-14,C B Patel Ground,2,0.2,Jharkhand,Nagaland,Anand Singh,Ishan Kishan,STR Binny,0,0,,,,,,,,,
1205802,2019/20,2019-11-14,C B Patel Ground,2,0.3,Jharkhand,Nagaland,Anand Singh,Ishan Kishan,STR Binny,2,0,,,,,,,,,
1205802,2019/20,2019-11-14,C B Patel Ground,2,0.4,Jharkhand,Nagaland,Anand Singh,Ishan Kishan,STR Binny,4,0,,,,,,,,,
1205802,2019/20,2019-11-14,C B Patel Ground,2,0.5,Jharkhand,Nagaland,Anand Singh,Ishan Kishan,STR Binny,0,0,,,,,,,,,
1205802,2019/20,2019-11-14,C B Patel Ground,2,0.6,Jharkhand,Nagaland,Anand Singh,Ishan Kishan,STR Binny,2,0,,,,,,,,,
1205802,2019/20,2019-11-14,C B Patel Ground,2,1.1,Jharkhand,Nagaland,Ishan Kishan,Anand Singh,Nagaho Chishi,1,0,,,,,,,,,
1205802,2019/20,2019-11-14,C B Patel Ground,2,1.2,Jharkhand,Nagaland,Anand Singh,Ishan Kishan,Nagaho Chishi,0,0,,,,,,,,,
1205802,2019/20,2019-11-14,C B Patel Ground,2,1.3,Jharkhand,Nagaland,Anand Singh,Ishan Kishan,Nagaho Chishi,0,0,,,,,,,,,
1205802,2019/20,2019-11-14,C B Patel Ground,2,1.4,Jharkhand,Nagaland,Anand Singh,Ishan Kishan,Nagaho Chishi,0,1,,1,,,,,,,
1205802,2019/20,2019-11-14,C B Patel Ground,2,1.5,Jharkhand,Nagaland,Anand Singh,Ishan Kishan,Nagaho Chishi,0,0,,,,,,,,,
1205802,2019/20,2019-11-14,C B Patel Ground,2,1.6,Jharkhand,Nagaland,Anand Singh,Ishan Kishan,Nagaho Chishi,1,0,,,,,,,,,
1205802,2019/20,2019-11-14,C B Patel Ground,2,1.7,Jharkhand,Nagaland,Ishan Kishan,Anand Singh,Nagaho Chishi,4,0,,,,,,,,,
1205802,2019/20,2019-11-14,C B Patel Ground,2,2.1,Jharkhand,Nagaland,Anand Singh,Ishan Kishan,STR Binny,4,0,,,,,,,,,
1205802,2019/20,2019-11-14,C B Patel Ground,2,2.2,Jharkhand,Nagaland,Anand Singh,Ishan Kishan,STR Binny,4,0,,,,,,,,,
1205802,2019/20,2019-11-14,C B Patel Ground,2,2.3,Jharkhand,Nagaland,Anand Singh,Ishan Kishan,STR Binny,1,0,,,,,,,,,
1205802,2019/20,2019-11-14,C B Patel Ground,2,2.4,Jharkhand,Nagaland,Ishan Kishan,Anand Singh,STR Binny,0,0,,,,,,,,,
1205802,2019/20,2019-11-14,C B Patel Ground,2,2.5,Jharkhand,Nagaland,Ishan Kishan,Anand Singh,STR Binny,4,0,,,,,,,,,
1205802,2019/20,2019-11-14,C B Patel Ground,2,2.6,Jharkhand,Nagaland,Ishan Kishan,Anand Singh,STR Binny,0,0,,,,,,,,,
1205802,2019/20,2019-11-14,C B Patel Ground,2,3.1,Jharkhand,Nagaland,Anand Singh,Ishan Kishan,Nagaho Chishi,0,0,,,,,,,,,
1205802,2019/20,2019-11-14,C B Patel Ground,2,3.2,Jharkhand,Nagaland,Anand Singh,Ishan Kishan,Nagaho Chishi,4,0,,,,,,,,,
1205802,2019/20,2019-11-14,C B Patel Ground,2,3.3,Jharkhand,Nagaland,Anand Singh,Ishan Kishan,Nagaho Chishi,1,0,,,,,,,,,
1205802,2019/20,2019-11-14,C B Patel Ground,2,3.4,Jharkhand,Nagaland,Ishan Kishan,Anand Singh,Nagaho Chishi,1,0,,,,,,,,,
1205802,2019/20,2019-11-14,C B Patel Ground,2,3.5,Jharkhand,Nagaland,Anand Singh,Ishan Kishan,Nagaho Chishi,0,0,,,,,,,,,
1205802,2019/20,2019-11-14,C B Patel Ground,2,3.6,Jharkhand,Nagaland,Anand Singh,Ishan Kishan,Nagaho Chishi,4,0,,,,,,,,,
1205802,2019/20,2019-11-14,C B Patel Ground,2,4.1,Jharkhand,Nagaland,Ishan Kishan,Anand Singh,SS Mundhe,1,0,,,,,,,,,
1205802,2019/20,2019-11-14,C B Patel Ground,2,4.2,Jharkhand,Nagaland,Anand Singh,Ishan Kishan,SS Mundhe,0,0,,,,,,,,,
1205802,2019/20,2019-11-14,C B Patel Ground,2,4.3,Jharkhand,Nagaland,Anand Singh,Ishan Kishan,SS Mundhe,4,0,,,,,,,,,
1205802,2019/20,2019-11-14,C B Patel Ground,2,4.4,Jharkhand,Nagaland,Anand Singh,Ishan Kishan,SS Mundhe,0,0,,,,,,,,,
1205802,2019/20,2019-11-14,C B Patel Ground,2,4.5,Jharkhand,Nagaland,Anand Singh,Ishan Kishan,SS Mundhe,0,0,,,,,,,,,
1205802,2019/20,2019-11-14,C B Patel Ground,2,4.6,Jharkhand,Nagaland,Anand Singh,Ishan Kishan,SS Mundhe,0,0,,,,,,,,,
1205802,2019/20,2019-11-14,C B Patel Ground,2,5.1,Jharkhand,Nagaland,Ishan Kishan,Anand Singh,Imliwati Lemtur,0,0,,,,,,,,,
1205802,2019/20,2019-11-14,C B Patel Ground,2,5.2,Jharkhand,Nagaland,Ishan Kishan,Anand Singh,Imliwati Lemtur,1,0,,,,,,,,,
1205802,2019/20,2019-11-14,C B Patel Ground,2,5.3,Jharkhand,Nagaland,Anand Singh,Ishan Kishan,Imliwati Lemtur,1,0,,,,,,,,,
1205802,2019/20,2019-11-14,C B Patel Ground,2,5.4,Jharkhand,Nagaland,Ishan Kishan,Anand Singh,Imliwati Lemtur,0,0,,,,,,,,,
1205802,2019/20,2019-11-14,C B Patel Ground,2,5.5,Jharkhand,Nagaland,Ishan Kishan,Anand Singh,Imliwati Lemtur,0,0,,,,,,,,,
1205802,2019/20,2019-11-14,C B Patel Ground,2,5.6,Jharkhand,Nagaland,Ishan Kishan,Anand Singh,Imliwati Lemtur,1,0,,,,,,,,,
1205802,2019/20,2019-11-14,C B Patel Ground,2,6.1,Jharkhand,Nagaland,Ishan Kishan,Anand Singh,SS Mundhe,0,0,,,,,,,,,
1205802,2019/20,2019-11-14,C B Patel Ground,2,6.2,Jharkhand,Nagaland,Ishan Kishan,Anand Singh,SS Mundhe,1,0,,,,,,,,,
1205802,2019/20,2019-11-14,C B Patel Ground,2,6.3,Jharkhand,Nagaland,Anand Singh,Ishan Kishan,SS Mundhe,1,0,,,,,,,,,
1205802,2019/20,2019-11-14,C B Patel Ground,2,6.4,Jharkhand,Nagaland,Ishan Kishan,Anand Singh,SS Mundhe,0,0,,,,,,,,,
1205802,2019/20,2019-11-14,C B Patel Ground,2,6.5,Jharkhand,Nagaland,Ishan Kishan,Anand Singh,SS Mundhe,1,0,,,,,,,,,
1205802,2019/20,2019-11-14,C B Patel Ground,2,6.6,Jharkhand,Nagaland,Anand Singh,Ishan Kishan,SS Mundhe,4,0,,,,,,,,,
1205802,2019/20,2019-11-14,C B Patel Ground,2,7.1,Jharkhand,Nagaland,Ishan Kishan,Anand Singh,Tahmeed Rahman,1,0,,,,,,,,,
1205802,2019/20,2019-11-14,C B Patel Ground,2,7.2,Jharkhand,Nagaland,Anand Singh,Ishan Kishan,Tahmeed Rahman,1,0,,,,,,,,,
1205802,2019/20,2019-11-14,C B Patel Ground,2,7.3,Jharkhand,Nagaland,Ishan Kishan,Anand Singh,Tahmeed Rahman,1,0,,,,,,,,,
1205802,2019/20,2019-11-14,C B Patel Ground,2,7.4,Jharkhand,Nagaland,Anand Singh,Ishan Kishan,Tahmeed Rahman,0,0,,,,,,,,,
1205802,2019/20,2019-11-14,C B Patel Ground,2,7.5,Jharkhand,Nagaland,Anand Singh,Ishan Kishan,Tahmeed Rahman,0,0,,,,,,,,,
1205802,2019/20,2019-11-14,C B Patel Ground,2,7.6,Jharkhand,Nagaland,Anand Singh,Ishan Kishan,Tahmeed Rahman,0,1,1,,,,,,,,
1205802,2019/20,2019-11-14,C B Patel Ground,2,7.7,Jharkhand,Nagaland,Anand Singh,Ishan Kishan,Tahmeed Rahman,0,1,1,,,,,,,,
1205802,2019/20,2019-11-14,C B Patel Ground,2,7.8,Jharkhand,Nagaland,Anand Singh,Ishan Kishan,Tahmeed Rahman,0,0,,,,,,,,,
1205802,2019/20,2019-11-14,C B Patel Ground,2,8.1,Jharkhand,Nagaland,Ishan Kishan,Anand Singh,Imliwati Lemtur,0,0,,,,,,,,,
1205802,2019/20,2019-11-14,C B Patel Ground,2,8.2,Jharkhand,Nagaland,Ishan Kishan,Anand Singh,Imliwati Lemtur,4,0,,,,,,,,,
1205802,2019/20,2019-11-14,C B Patel Ground,2,8.3,Jharkhand,Nagaland,Ishan Kishan,Anand Singh,Imliwati Lemtur,0,0,,,,,,,,,
1205802,2019/20,2019-11-14,C B Patel Ground,2,8.4,Jharkhand,Nagaland,Ishan Kishan,Anand Singh,Imliwati Lemtur,1,0,,,,,,,,,
1205802,2019/20,2019-11-14,C B Patel Ground,2,8.5,Jharkhand,Nagaland,Anand Singh,Ishan Kishan,Imliwati Lemtur,0,0,,,,,,,,,
1205802,2019/20,2019-11-14,C B Patel Ground,2,8.6,Jharkhand,Nagaland,Anand Singh,Ishan Kishan,Imliwati Lemtur,1,0,,,,,,,,,
1205802,2019/20,2019-11-14,C B Patel Ground,2,9.1,Jharkhand,Nagaland,Anand Singh,Ishan Kishan,Tahmeed Rahman,0,0,,,,,,,,,
1205802,2019/20,2019-11-14,C B Patel Ground,2,9.2,Jharkhand,Nagaland,Anand Singh,Ishan Kishan,Tahmeed Rahman,1,0,,,,,,,,,
1205802,2019/20,2019-11-14,C B Patel Ground,2,9.3,Jharkhand,Nagaland,Ishan Kishan,Anand Singh,Tahmeed Rahman,4,0,,,,,,,,,
1205802,2019/20,2019-11-14,C B Patel Ground,2,9.4,Jharkhand,Nagaland,Ishan Kishan,Anand Singh,Tahmeed Rahman,1,0,,,,,,,,,
1205802,2019/20,2019-11-14,C B Patel Ground,2,9.5,Jharkhand,Nagaland,Anand Singh,Ishan Kishan,Tahmeed Rahman,0,1,,,,1,,,,,
1205802,2019/20,2019-11-14,C B Patel Ground,2,9.6,Jharkhand,Nagaland,Ishan Kishan,Anand Singh,Tahmeed Rahman,4,0,,,,,,,,,
1205802,2019/20,2019-11-14,C B Patel Ground,2,10.1,Jharkhand,Nagaland,Anand Singh,Ishan Kishan,Imliwati Lemtur,6,0,,,,,,,,,
1205802,2019/20,2019-11-14,C B Patel Ground,2,10.2,Jharkhand,Nagaland,Anand Singh,Ishan Kishan,Imliwati Lemtur,0,0,,,,,,,,,
1205802,2019/20,2019-11-14,C B Patel Ground,2,10.3,Jharkhand,Nagaland,Anand Singh,Ishan Kishan,Imliwati Lemtur,0,0,,,,,,,,,
1205802,2019/20,2019-11-14,C B Patel Ground,2,10.4,Jharkhand,Nagaland,Anand Singh,Ishan Kishan,Imliwati Lemtur,2,0,,,,,,,,,
1205802,2019/20,2019-11-14,C B Patel Ground,2,10.5,Jharkhand,Nagaland,Anand Singh,Ishan Kishan,Imliwati Lemtur,1,0,,,,,,,,,
1205802,2019/20,2019-11-14,C B Patel Ground,2,10.6,Jharkhand,Nagaland,Ishan Kishan,Anand Singh,Imliwati Lemtur,1,0,,,,,,,,,
1205802,2019/20,2019-11-14,C B Patel Ground,2,11.1,Jharkhand,Nagaland,Ishan Kishan,Anand Singh,Tahmeed Rahman,0,0,,,,,,,,,
1205802,2019/20,2019-11-14,C B Patel Ground,2,11.2,Jharkhand,Nagaland,Ishan Kishan,Anand Singh,Tahmeed Rahman,6,0,,,,,,,,,
1205802,2019/20,2019-11-14,C B Patel Ground,2,11.3,Jharkhand,Nagaland,Ishan Kishan,Anand Singh,Tahmeed Rahman,4,0,,,,,,,,,
1205802,2019/20,2019-11-14,C B Patel Ground,2,11.4,Jharkhand,Nagaland,Ishan Kishan,Anand Singh,Tahmeed Rahman,6,0,,,,,,,,,
1205802,2019/20,2019-11-14,C B Patel Ground,2,11.5,Jharkhand,Nagaland,Ishan Kishan,Anand Singh,Tahmeed Rahman,0,0,,,,,,caught,Ishan Kishan,,
1205802,2019/20,2019-11-14,C B Patel Ground,2,11.6,Jharkhand,Nagaland,Virat Singh,Anand Singh,Tahmeed Rahman,1,0,,,,,,,,,
1205802,2019/20,2019-11-14,C B Patel Ground,2,12.1,Jharkhand,Nagaland,Virat Singh,Anand Singh,Imliwati Lemtur,0,0,,,,,,,,,
1205802,2019/20,2019-11-14,C B Patel Ground,2,12.2,Jharkhand,Nagaland,Virat Singh,Anand Singh,Imliwati Lemtur,0,0,,,,,,,,,
1205802,2019/20,2019-11-14,C B Patel Ground,2,12.3,Jharkhand,Nagaland,Virat Singh,Anand Singh,Imliwati Lemtur,1,0,,,,,,,,,
1205802,2019/20,2019-11-14,C B Patel Ground,2,12.4,Jharkhand,Nagaland,Anand Singh,Virat Singh,Imliwati Lemtur,0,0,,,,,,,,,
1205802,2019/20,2019-11-14,C B Patel Ground,2,12.5,Jharkhand,Nagaland,Anand Singh,Virat Singh,Imliwati Lemtur,1,0,,,,,,,,,
1205802,2019/20,2019-11-14,C B Patel Ground,2,12.6,Jharkhand,Nagaland,Virat Singh,Anand Singh,Imliwati Lemtur,1,0,,,,,,,,,
1205802,2019/20,2019-11-14,C B Patel Ground,2,13.1,Jharkhand,Nagaland,Virat Singh,Anand Singh,Tahmeed Rahman,1,0,,,,,,,,,
1205802,2019/20,2019-11-14,C B Patel Ground,2,13.2,Jharkhand,Nagaland,Anand Singh,Virat Singh,Tahmeed Rahman,2,0,,,,,,,,,
1205802,2019/20,2019-11-14,C B Patel Ground,2,13.3,Jharkhand,Nagaland,Anand Singh,Virat Singh,Tahmeed Rahman,6,0,,,,,,,,,
1205802,2019/20,2019-11-14,C B Patel Ground,2,13.4,Jharkhand,Nagaland,Anand Singh,Virat Singh,Tahmeed Rahman,0,0,,,,,,run out,Virat Singh,,
1205802,2019/20,2019-11-14,C B Patel Ground,2,13.5,Jharkhand,Nagaland,Kumar Deobrat,Anand Singh,Tahmeed Rahman,0,0,,,,,,,,,
1205802,2019/20,2019-11-14,C B Patel Ground,2,13.6,Jharkhand,Nagaland,Kumar Deobrat,Anand Singh,Tahmeed Rahman,1,0,,,,,,,,,
1205802,2019/20,2019-11-14,C B Patel Ground,2,14.1,Jharkhand,Nagaland,Kumar Deobrat,Anand Singh,Inakato Zhimomi,0,0,,,,,,,,,
1205802,2019/20,2019-11-14,C B Patel Ground,2,14.2,Jharkhand,Nagaland,Kumar Deobrat,Anand Singh,Inakato Zhimomi,0,0,,,,,,caught,Kumar Deobrat,,
1205802,2019/20,2019-11-14,C B Patel Ground,2,14.3,Jharkhand,Nagaland,Anand Singh,Nazim Siddiqui,Inakato Zhimomi,2,0,,,,,,,,,
1205802,2019/20,2019-11-14,C B Patel Ground,2,14.4,Jharkhand,Nagaland,Anand Singh,Nazim Siddiqui,Inakato Zhimomi,4,0,,,,,,,,,
1205802,2019/20,2019-11-14,C B Patel Ground,2,14.5,Jharkhand,Nagaland,Anand Singh,Nazim Siddiqui,Inakato Zhimomi,4,0,,,,,,,,,
1205802,2019/20,2019-11-14,C B Patel Ground,2,14.6,Jharkhand,Nagaland,Anand Singh,Nazim Siddiqui,Inakato Zhimomi,1,0,,,,,,,,,
1205802,2019/20,2019-11-14,C B Patel Ground,2,15.1,Jharkhand,Nagaland,Anand Singh,Nazim Siddiqui,Nagaho Chishi,1,0,,,,,,,,,
1205802,2019/20,2019-11-14,C B Patel Ground,2,15.2,Jharkhand,Nagaland,Nazim Siddiqui,Anand Singh,Nagaho Chishi,1,0,,,,,,,,,
1205802,2019/20,2019-11-14,C B Patel Ground,2,15.3,Jharkhand,Nagaland,Anand Singh,Nazim Siddiqui,Nagaho Chishi,1,0,,,,,,,,,
1205802,2019/20,2019-11-14,C B Patel Ground,2,15.4,Jharkhand,Nagaland,Nazim Siddiqui,Anand Singh,Nagaho Chishi,4,0,,,,,,,,,
1205802,2019/20,2019-11-14,C B Patel Ground,2,15.5,Jharkhand,Nagaland,Nazim Siddiqui,Anand Singh,Nagaho Chishi,0,0,,,,,,,,,
1205802,2019/20,2019-11-14,C B Patel Ground,2,15.6,Jharkhand,Nagaland,Nazim Siddiqui,Anand Singh,Nagaho Chishi,0,0,,,,,,,,,
1205802,2019/20,2019-11-14,C B Patel Ground,2,16.1,Jharkhand,Nagaland,Anand Singh,Nazim Siddiqui,Toni Chishi,4,0,,,,,,,,,
1205802,2019/20,2019-11-14,C B Patel Ground,2,16.2,Jharkhand,Nagaland,Anand Singh,Nazim Siddiqui,Toni Chishi,0,0,,,,,,,,,
1205802,2019/20,2019-11-14,C B Patel Ground,2,16.3,Jharkhand,Nagaland,Anand Singh,Nazim Siddiqui,Toni Chishi,0,0,,,,,,,,,
1205802,2019/20,2019-11-14,C B Patel Ground,2,16.4,Jharkhand,Nagaland,Anand Singh,Nazim Siddiqui,Toni Chishi,0,0,,,,,,,,,
1205802,2019/20,2019-11-14,C B Patel Ground,2,16.5,Jharkhand,Nagaland,Anand Singh,Nazim Siddiqui,Toni Chishi,1,0,,,,,,,,,
1205802,2019/20,2019-11-14,C B Patel Ground,2,16.6,Jharkhand,Nagaland,Nazim Siddiqui,Anand Singh,Toni Chishi,1,0,,,,,,,,,
1205802,2019/20,2019-11-14,C B Patel Ground,2,17.1,Jharkhand,Nagaland,Nazim Siddiqui,Anand Singh,AN Longchar,1,0,,,,,,,,,
1205802,2019/20,2019-11-14,C B Patel Ground,2,17.2,Jharkhand,Nagaland,Anand Singh,Nazim Siddiqui,AN Longchar,0,0,,,,,,,,,
1205802,2019/20,2019-11-14,C B Patel Ground,2,17.3,Jharkhand,Nagaland,Anand Singh,Nazim Siddiqui,AN Longchar,1,0,,,,,,,,,
1205802,2019/20,2019-11-14,C B Patel Ground,2,17.4,Jharkhand,Nagaland,Nazim Siddiqui,Anand Singh,AN Longchar,0,0,,,,,,,,,
1205802,2019/20,2019-11-14,C B Patel Ground,2,17.5,Jharkhand,Nagaland,Nazim Siddiqui,Anand Singh,AN Longchar,4,0,,,,,,,,,
