match_id,season,start_date,venue,innings,ball,batting_team,bowling_team,striker,non_striker,bowler,runs_off_bat,extras,wides,noballs,byes,legbyes,penalty,wicket_type,player_dismissed,other_wicket_type,other_player_dismissed
1205718,2019/20,2019-11-08,"Cricket Stadium, Sector-16",1,0.1,Arunachal Pradesh,Chhattisgarh,Samarth Seth,Uvais Ahmad,Puneet Datey,0,0,,,,,,,,,
1205718,2019/20,2019-11-08,"Cricket Stadium, Sector-16",1,0.2,Arunachal Pradesh,Chhattisgarh,Samarth Seth,Uvais Ahmad,Puneet Datey,0,0,,,,,,,,,
1205718,2019/20,2019-11-08,"Cricket Stadium, Sector-16",1,0.3,Arunachal Pradesh,Chhattisgarh,Samarth Seth,Uvais Ahmad,Puneet Datey,0,0,,,,,,,,,
1205718,2019/20,2019-11-08,"Cricket Stadium, Sector-16",1,0.4,Arunachal Pradesh,Chhattisgarh,Samarth Seth,Uvais Ahmad,Puneet Datey,0,4,,,,4,,,,,
1205718,2019/20,2019-11-08,"Cricket Stadium, Sector-16",1,0.5,Arunachal Pradesh,Chhattisgarh,Samarth Seth,Uvais Ahmad,Puneet Datey,0,0,,,,,,,,,
1205718,2019/20,2019-11-08,"Cricket Stadium, Sector-16",1,0.6,Arunachal Pradesh,Chhattisgarh,Samarth Seth,Uvais Ahmad,Puneet Datey,0,0,,,,,,caught,Samarth Seth,,
1205718,2019/20,2019-11-08,"Cricket Stadium, Sector-16",1,1.1,Arunachal Pradesh,Chhattisgarh,Uvais Ahmad,Rahul Dalal,Pankaj Rao,0,0,,,,,,,,,
1205718,2019/20,2019-11-08,"Cricket Stadium, Sector-16",1,1.2,Arunachal Pradesh,Chhattisgarh,Uvais Ahmad,Rahul Dalal,Pankaj Rao,4,0,,,,,,,,,
1205718,2019/20,2019-11-08,"Cricket Stadium, Sector-16",1,1.3,Arunachal Pradesh,Chhattisgarh,Uvais Ahmad,Rahul Dalal,Pankaj Rao,1,0,,,,,,,,,
1205718,2019/20,2019-11-08,"Cricket Stadium, Sector-16",1,1.4,Arunachal Pradesh,Chhattisgarh,Rahul Dalal,Uvais Ahmad,Pankaj Rao,0,0,,,,,,,,,
1205718,2019/20,2019-11-08,"Cricket Stadium, Sector-16",1,1.5,Arunachal Pradesh,Chhattisgarh,Rahul Dalal,Uvais Ahmad,Pankaj Rao,1,0,,,,,,,,,
1205718,2019/20,2019-11-08,"Cricket Stadium, Sector-16",1,1.6,Arunachal Pradesh,Chhattisgarh,Uvais Ahmad,Rahul Dalal,Pankaj Rao,0,0,,,,,,caught,Uvais Ahmad,,
1205718,2019/20,2019-11-08,"Cricket Stadium, Sector-16",1,2.1,Arunachal Pradesh,Chhattisgarh,Rahul Dalal,Shashwat Kohli,Puneet Datey,0,0,,,,,,,,,
1205718,2019/20,2019-11-08,"Cricket Stadium, Sector-16",1,2.2,Arunachal Pradesh,Chhattisgarh,Rahul Dalal,Shashwat Kohli,Puneet Datey,1,0,,,,,,,,,
1205718,2019/20,2019-11-08,"Cricket Stadium, Sector-16",1,2.3,Arunachal Pradesh,Chhattisgarh,Shashwat Kohli,Rahul Dalal,Puneet Datey,4,0,,,,,,,,,
1205718,2019/20,2019-11-08,"Cricket Stadium, Sector-16",1,2.4,Arunachal Pradesh,Chhattisgarh,Shashwat Kohli,Rahul Dalal,Puneet Datey,1,0,,,,,,,,,
1205718,2019/20,2019-11-08,"Cricket Stadium, Sector-16",1,2.5,Arunachal Pradesh,Chhattisgarh,Rahul Dalal,Shashwat Kohli,Puneet Datey,1,0,,,,,,,,,
1205718,2019/20,2019-11-08,"Cricket Stadium, Sector-16",1,2.6,Arunachal Pradesh,Chhattisgarh,Shashwat Kohli,Rahul Dalal,Puneet Datey,0,1,1,,,,,,,,
1205718,2019/20,2019-11-08,"Cricket Stadium, Sector-16",1,2.7,Arunachal Pradesh,Chhattisgarh,Shashwat Kohli,Rahul Dalal,Puneet Datey,0,0,,,,,,,,,
1205718,2019/20,2019-11-08,"Cricket Stadium, Sector-16",1,3.1,Arunachal Pradesh,Chhattisgarh,Rahul Dalal,Shashwat Kohli,Shubham Singh,1,0,,,,,,,,,
1205718,2019/20,2019-11-08,"Cricket Stadium, Sector-16",1,3.2,Arunachal Pradesh,Chhattisgarh,Shashwat Kohli,Rahul Dalal,Shubham Singh,0,0,,,,,,stumped,Shashwat Kohli,,
1205718,2019/20,2019-11-08,"Cricket Stadium, Sector-16",1,3.3,Arunachal Pradesh,Chhattisgarh,Akhilesh Sahani,Rahul Dalal,Shubham Singh,1,0,,,,,,,,,
1205718,2019/20,2019-11-08,"Cricket Stadium, Sector-16",1,3.4,Arunachal Pradesh,Chhattisgarh,Rahul Dalal,Akhilesh Sahani,Shubham Singh,0,0,,,,,,,,,
1205718,2019/20,2019-11-08,"Cricket Stadium, Sector-16",1,3.5,Arunachal Pradesh,Chhattisgarh,Rahul Dalal,Akhilesh Sahani,Shubham Singh,1,0,,,,,,,,,
1205718,2019/20,2019-11-08,"Cricket Stadium, Sector-16",1,3.6,Arunachal Pradesh,Chhattisgarh,Akhilesh Sahani,Rahul Dalal,Shubham Singh,1,0,,,,,,,,,
1205718,2019/20,2019-11-08,"Cricket Stadium, Sector-16",1,4.1,Arunachal Pradesh,Chhattisgarh,Akhilesh Sahani,Rahul Dalal,Shakeeb Ahmed,0,1,1,,,,,,,,
1205718,2019/20,2019-11-08,"Cricket Stadium, Sector-16",1,4.2,Arunachal Pradesh,Chhattisgarh,Akhilesh Sahani,Rahul Dalal,Shakeeb Ahmed,1,1,,1,,,,,,,
1205718,2019/20,2019-11-08,"Cricket Stadium, Sector-16",1,4.3,Arunachal Pradesh,Chhattisgarh,Rahul Dalal,Akhilesh Sahani,Shakeeb Ahmed,4,0,,,,,,,,,
1205718,2019/20,2019-11-08,"Cricket Stadium, Sector-16",1,4.4,Arunachal Pradesh,Chhattisgarh,Rahul Dalal,Akhilesh Sahani,Shakeeb Ahmed,1,0,,,,,,,,,
1205718,2019/20,2019-11-08,"Cricket Stadium, Sector-16",1,4.5,Arunachal Pradesh,Chhattisgarh,Akhilesh Sahani,Rahul Dalal,Shakeeb Ahmed,0,0,,,,,,,,,
1205718,2019/20,2019-11-08,"Cricket Stadium, Sector-16",1,4.6,Arunachal Pradesh,Chhattisgarh,Akhilesh Sahani,Rahul Dalal,Shakeeb Ahmed,0,0,,,,,,,,,
1205718,2019/20,2019-11-08,"Cricket Stadium, Sector-16",1,4.7,Arunachal Pradesh,Chhattisgarh,Akhilesh Sahani,Rahul Dalal,Shakeeb Ahmed,6,0,,,,,,,,,
1205718,2019/20,2019-11-08,"Cricket Stadium, Sector-16",1,4.8,Arunachal Pradesh,Chhattisgarh,Akhilesh Sahani,Rahul Dalal,Shakeeb Ahmed,0,0,,,,,,bowled,Akhilesh Sahani,,
1205718,2019/20,2019-11-08,"Cricket Stadium, Sector-16",1,5.1,Arunachal Pradesh,Chhattisgarh,Rahul Dalal,Myendung Singpho,Shubham Singh,1,0,,,,,,,,,
1205718,2019/20,2019-11-08,"Cricket Stadium, Sector-16",1,5.2,Arunachal Pradesh,Chhattisgarh,Myendung Singpho,Rahul Dalal,Shubham Singh,1,0,,,,,,,,,
1205718,2019/20,2019-11-08,"Cricket Stadium, Sector-16",1,5.3,Arunachal Pradesh,Chhattisgarh,Rahul Dalal,Myendung Singpho,Shubham Singh,1,0,,,,,,,,,
1205718,2019/20,2019-11-08,"Cricket Stadium, Sector-16",1,5.4,Arunachal Pradesh,Chhattisgarh,Myendung Singpho,Rahul Dalal,Shubham Singh,1,0,,,,,,,,,
1205718,2019/20,2019-11-08,"Cricket Stadium, Sector-16",1,5.5,Arunachal Pradesh,Chhattisgarh,Rahul Dalal,Myendung Singpho,Shubham Singh,6,0,,,,,,,,,
1205718,2019/20,2019-11-08,"Cricket Stadium, Sector-16",1,5.6,Arunachal Pradesh,Chhattisgarh,Rahul Dalal,Myendung Singpho,Shubham Singh,1,0,,,,,,,,,
1205718,2019/20,2019-11-08,"Cricket Stadium, Sector-16",2,0.1,Chhattisgarh,Arunachal Pradesh,Shashank Chandrakar,Ashutosh Singh,Akhilesh Sahani,1,0,,,,,,,,,
1205718,2019/20,2019-11-08,"Cricket Stadium, Sector-16",2,0.2,Chhattisgarh,Arunachal Pradesh,Ashutosh Singh,Shashank Chandrakar,Akhilesh Sahani,0,0,,,,,,,,,
1205718,2019/20,2019-11-08,"Cricket Stadium, Sector-16",2,0.3,Chhattisgarh,Arunachal Pradesh,Ashutosh Singh,Shashank Chandrakar,Akhilesh Sahani,1,0,,,,,,,,,
1205718,2019/20,2019-11-08,"Cricket Stadium, Sector-16",2,0.4,Chhattisgarh,Arunachal Pradesh,Shashank Chandrakar,Ashutosh Singh,Akhilesh Sahani,0,0,,,,,,,,,
1205718,2019/20,2019-11-08,"Cricket Stadium, Sector-16",2,0.5,Chhattisgarh,Arunachal Pradesh,Shashank Chandrakar,Ashutosh Singh,Akhilesh Sahani,4,0,,,,,,,,,
1205718,2019/20,2019-11-08,"Cricket Stadium, Sector-16",2,0.6,Chhattisgarh,Arunachal Pradesh,Shashank Chandrakar,Ashutosh Singh,Akhilesh Sahani,1,0,,,,,,,,,
1205718,2019/20,2019-11-08,"Cricket Stadium, Sector-16",2,1.1,Chhattisgarh,Arunachal Pradesh,Shashank Chandrakar,Ashutosh Singh,Licha Tehi,2,0,,,,,,,,,
1205718,2019/20,2019-11-08,"Cricket Stadium, Sector-16",2,1.2,Chhattisgarh,Arunachal Pradesh,Shashank Chandrakar,Ashutosh Singh,Licha Tehi,2,0,,,,,,,,,
1205718,2019/20,2019-11-08,"Cricket Stadium, Sector-16",2,1.3,Chhattisgarh,Arunachal Pradesh,Shashank Chandrakar,Ashutosh Singh,Licha Tehi,4,0,,,,,,,,,
1205718,2019/20,2019-11-08,"Cricket Stadium, Sector-16",2,1.4,Chhattisgarh,Arunachal Pradesh,Shashank Chandrakar,Ashutosh Singh,Licha Tehi,4,0,,,,,,,,,
1205718,2019/20,2019-11-08,"Cricket Stadium, Sector-16",2,1.5,Chhattisgarh,Arunachal Pradesh,Shashank Chandrakar,Ashutosh Singh,Licha Tehi,2,0,,,,,,,,,
1205718,2019/20,2019-11-08,"Cricket Stadium, Sector-16",2,1.6,Chhattisgarh,Arunachal Pradesh,Shashank Chandrakar,Ashutosh Singh,Licha Tehi,0,1,,1,,,,,,,
1205718,2019/20,2019-11-08,"Cricket Stadium, Sector-16",2,1.7,Chhattisgarh,Arunachal Pradesh,Shashank Chandrakar,Ashutosh Singh,Licha Tehi,2,0,,,,,,,,,
1205718,2019/20,2019-11-08,"Cricket Stadium, Sector-16",2,2.1,Chhattisgarh,Arunachal Pradesh,Ashutosh Singh,Shashank Chandrakar,Akhilesh Sahani,1,0,,,,,,,,,
1205718,2019/20,2019-11-08,"Cricket Stadium, Sector-16",2,2.2,Chhattisgarh,Arunachal Pradesh,Shashank Chandrakar,Ashutosh Singh,Akhilesh Sahani,1,0,,,,,,,,,
1205718,2019/20,2019-11-08,"Cricket Stadium, Sector-16",2,2.3,Chhattisgarh,Arunachal Pradesh,Ashutosh Singh,Shashank Chandrakar,Akhilesh Sahani,2,0,,,,,,,,,
1205718,2019/20,2019-11-08,"Cricket Stadium, Sector-16",2,2.4,Chhattisgarh,Arunachal Pradesh,Ashutosh Singh,Shashank Chandrakar,Akhilesh Sahani,1,0,,,,,,,,,
1205718,2019/20,2019-11-08,"Cricket Stadium, Sector-16",2,2.5,Chhattisgarh,Arunachal Pradesh,Shashank Chandrakar,Ashutosh Singh,Akhilesh Sahani,1,0,,,,,,,,,
1205718,2019/20,2019-11-08,"Cricket Stadium, Sector-16",2,2.6,Chhattisgarh,Arunachal Pradesh,Ashutosh Singh,Shashank Chandrakar,Akhilesh Sahani,1,0,,,,,,,,,
1205718,2019/20,2019-11-08,"Cricket Stadium, Sector-16",2,3.1,Chhattisgarh,Arunachal Pradesh,Ashutosh Singh,Shashank Chandrakar,Myendung Singpho,0,0,,,,,,caught,Ashutosh Singh,,
1205718,2019/20,2019-11-08,"Cricket Stadium, Sector-16",2,3.2,Chhattisgarh,Arunachal Pradesh,Shashank Chandrakar,Harpreet Singh,Myendung Singpho,1,0,,,,,,,,,
1205718,2019/20,2019-11-08,"Cricket Stadium, Sector-16",2,3.3,Chhattisgarh,Arunachal Pradesh,Harpreet Singh,Shashank Chandrakar,Myendung Singpho,1,0,,,,,,,,,
1205718,2019/20,2019-11-08,"Cricket Stadium, Sector-16",2,3.4,Chhattisgarh,Arunachal Pradesh,Shashank Chandrakar,Harpreet Singh,Myendung Singpho,1,0,,,,,,,,,
1205718,2019/20,2019-11-08,"Cricket Stadium, Sector-16",2,3.5,Chhattisgarh,Arunachal Pradesh,Harpreet Singh,Shashank Chandrakar,Myendung Singpho,1,0,,,,,,,,,
1205718,2019/20,2019-11-08,"Cricket Stadium, Sector-16",2,3.6,Chhattisgarh,Arunachal Pradesh,Shashank Chandrakar,Harpreet Singh,Myendung Singpho,0,0,,,,,,,,,
1205718,2019/20,2019-11-08,"Cricket Stadium, Sector-16",2,4.1,Chhattisgarh,Arunachal Pradesh,Harpreet Singh,Shashank Chandrakar,Yab Niya,4,0,,,,,,,,,
1205718,2019/20,2019-11-08,"Cricket Stadium, Sector-16",2,4.2,Chhattisgarh,Arunachal Pradesh,Harpreet Singh,Shashank Chandrakar,Yab Niya,0,0,,,,,,,,,
1205718,2019/20,2019-11-08,"Cricket Stadium, Sector-16",2,4.3,Chhattisgarh,Arunachal Pradesh,Harpreet Singh,Shashank Chandrakar,Yab Niya,6,0,,,,,,,,,
1205718,2019/20,2019-11-08,"Cricket Stadium, Sector-16",2,4.4,Chhattisgarh,Arunachal Pradesh,Harpreet Singh,Shashank Chandrakar,Yab Niya,1,0,,,,,,,,,
1205718,2019/20,2019-11-08,"Cricket Stadium, Sector-16",2,4.5,Chhattisgarh,Arunachal Pradesh,Shashank Chandrakar,Harpreet Singh,Yab Niya,6,0,,,,,,,,,
