match_id,season,start_date,venue,innings,ball,batting_team,bowling_team,striker,non_striker,bowler,runs_off_bat,extras,wides,noballs,byes,legbyes,penalty,wicket_type,player_dismissed,other_wicket_type,other_player_dismissed
1205736,2019/20,2019-11-09,"Cricket Stadium, Sector-16",1,0.1,Arunachal Pradesh,Punjab,Uvais Ahmad,Samarth Seth,Sandeep Sharma,2,0,,,,,,,,,
1205736,2019/20,2019-11-09,"Cricket Stadium, Sector-16",1,0.2,Arunachal Pradesh,Punjab,Uvais Ahmad,Samarth Seth,Sandeep Sharma,0,0,,,,,,,,,
1205736,2019/20,2019-11-09,"Cricket Stadium, Sector-16",1,0.3,Arunachal Pradesh,Punjab,Uvais Ahmad,Samarth Seth,Sandeep Sharma,0,0,,,,,,,,,
1205736,2019/20,2019-11-09,"Cricket Stadium, Sector-16",1,0.4,Arunachal Pradesh,Punjab,Uvais Ahmad,Samarth Seth,Sandeep Sharma,0,0,,,,,,,,,
1205736,2019/20,2019-11-09,"Cricket Stadium, Sector-16",1,0.5,Arunachal Pradesh,Punjab,Uvais Ahmad,Samarth Seth,Sandeep Sharma,1,0,,,,,,,,,
1205736,2019/20,2019-11-09,"Cricket Stadium, Sector-16",1,0.6,Arunachal Pradesh,Punjab,Samarth Seth,Uvais Ahmad,Sandeep Sharma,0,0,,,,,,,,,
1205736,2019/20,2019-11-09,"Cricket Stadium, Sector-16",1,1.1,Arunachal Pradesh,Punjab,Uvais Ahmad,Samarth Seth,S Kaul,0,0,,,,,,,,,
1205736,2019/20,2019-11-09,"Cricket Stadium, Sector-16",1,1.2,Arunachal Pradesh,Punjab,Uvais Ahmad,Samarth Seth,S Kaul,4,0,,,,,,,,,
1205736,2019/20,2019-11-09,"Cricket Stadium, Sector-16",1,1.3,Arunachal Pradesh,Punjab,Uvais Ahmad,Samarth Seth,S Kaul,0,0,,,,,,,,,
1205736,2019/20,2019-11-09,"Cricket Stadium, Sector-16",1,1.4,Arunachal Pradesh,Punjab,Uvais Ahmad,Samarth Seth,S Kaul,4,0,,,,,,,,,
1205736,2019/20,2019-11-09,"Cricket Stadium, Sector-16",1,1.5,Arunachal Pradesh,Punjab,Uvais Ahmad,Samarth Seth,S Kaul,1,0,,,,,,,,,
1205736,2019/20,2019-11-09,"Cricket Stadium, Sector-16",1,1.6,Arunachal Pradesh,Punjab,Samarth Seth,Uvais Ahmad,S Kaul,1,0,,,,,,,,,
1205736,2019/20,2019-11-09,"Cricket Stadium, Sector-16",1,2.1,Arunachal Pradesh,Punjab,Samarth Seth,Uvais Ahmad,Baltej Singh,0,0,,,,,,,,,
1205736,2019/20,2019-11-09,"Cricket Stadium, Sector-16",1,2.2,Arunachal Pradesh,Punjab,Samarth Seth,Uvais Ahmad,Baltej Singh,0,0,,,,,,caught,Samarth Seth,,
1205736,2019/20,2019-11-09,"Cricket Stadium, Sector-16",1,2.3,Arunachal Pradesh,Punjab,Rahul Dalal,Uvais Ahmad,Baltej Singh,0,0,,,,,,,,,
1205736,2019/20,2019-11-09,"Cricket Stadium, Sector-16",1,2.4,Arunachal Pradesh,Punjab,Rahul Dalal,Uvais Ahmad,Baltej Singh,1,0,,,,,,,,,
1205736,2019/20,2019-11-09,"Cricket Stadium, Sector-16",1,2.5,Arunachal Pradesh,Punjab,Uvais Ahmad,Rahul Dalal,Baltej Singh,0,0,,,,,,caught,Uvais Ahmad,,
1205736,2019/20,2019-11-09,"Cricket Stadium, Sector-16",1,2.6,Arunachal Pradesh,Punjab,Akhilesh Sahani,Rahul Dalal,Baltej Singh,1,0,,,,,,,,,
1205736,2019/20,2019-11-09,"Cricket Stadium, Sector-16",1,3.1,Arunachal Pradesh,Punjab,Akhilesh Sahani,Rahul Dalal,Karan Kaila,0,0,,,,,,,,,
1205736,2019/20,2019-11-09,"Cricket Stadium, Sector-16",1,3.2,Arunachal Pradesh,Punjab,Akhilesh Sahani,Rahul Dalal,Karan Kaila,1,0,,,,,,,,,
1205736,2019/20,2019-11-09,"Cricket Stadium, Sector-16",1,3.3,Arunachal Pradesh,Punjab,Rahul Dalal,Akhilesh Sahani,Karan Kaila,1,0,,,,,,,,,
1205736,2019/20,2019-11-09,"Cricket Stadium, Sector-16",1,3.4,Arunachal Pradesh,Punjab,Akhilesh Sahani,Rahul Dalal,Karan Kaila,0,0,,,,,,,,,
1205736,2019/20,2019-11-09,"Cricket Stadium, Sector-16",1,3.5,Arunachal Pradesh,Punjab,Akhilesh Sahani,Rahul Dalal,Karan Kaila,6,0,,,,,,,,,
1205736,2019/20,2019-11-09,"Cricket Stadium, Sector-16",1,3.6,Arunachal Pradesh,Punjab,Akhilesh Sahani,Rahul Dalal,Karan Kaila,0,1,,,,1,,,,,
1205736,2019/20,2019-11-09,"Cricket Stadium, Sector-16",1,4.1,Arunachal Pradesh,Punjab,Akhilesh Sahani,Rahul Dalal,Baltej Singh,0,0,,,,,,,,,
1205736,2019/20,2019-11-09,"Cricket Stadium, Sector-16",1,4.2,Arunachal Pradesh,Punjab,Akhilesh Sahani,Rahul Dalal,Baltej Singh,0,0,,,,,,caught,Akhilesh Sahani,,
1205736,2019/20,2019-11-09,"Cricket Stadium, Sector-16",1,4.3,Arunachal Pradesh,Punjab,Shashwat Kohli,Rahul Dalal,Baltej Singh,0,0,,,,,,,,,
1205736,2019/20,2019-11-09,"Cricket Stadium, Sector-16",1,4.4,Arunachal Pradesh,Punjab,Shashwat Kohli,Rahul Dalal,Baltej Singh,4,0,,,,,,,,,
1205736,2019/20,2019-11-09,"Cricket Stadium, Sector-16",1,4.5,Arunachal Pradesh,Punjab,Shashwat Kohli,Rahul Dalal,Baltej Singh,1,0,,,,,,,,,
1205736,2019/20,2019-11-09,"Cricket Stadium, Sector-16",1,4.6,Arunachal Pradesh,Punjab,Rahul Dalal,Shashwat Kohli,Baltej Singh,4,0,,,,,,,,,
1205736,2019/20,2019-11-09,"Cricket Stadium, Sector-16",1,5.1,Arunachal Pradesh,Punjab,Shashwat Kohli,Rahul Dalal,Sandeep Sharma,1,0,,,,,,,,,
1205736,2019/20,2019-11-09,"Cricket Stadium, Sector-16",1,5.2,Arunachal Pradesh,Punjab,Rahul Dalal,Shashwat Kohli,Sandeep Sharma,0,0,,,,,,caught and bowled,Rahul Dalal,,
1205736,2019/20,2019-11-09,"Cricket Stadium, Sector-16",1,5.3,Arunachal Pradesh,Punjab,Myendung Singpho,Shashwat Kohli,Sandeep Sharma,1,0,,,,,,,,,
1205736,2019/20,2019-11-09,"Cricket Stadium, Sector-16",1,5.4,Arunachal Pradesh,Punjab,Shashwat Kohli,Myendung Singpho,Sandeep Sharma,1,0,,,,,,,,,
1205736,2019/20,2019-11-09,"Cricket Stadium, Sector-16",1,5.5,Arunachal Pradesh,Punjab,Myendung Singpho,Shashwat Kohli,Sandeep Sharma,0,0,,,,,,run out,Myendung Singpho,,
1205736,2019/20,2019-11-09,"Cricket Stadium, Sector-16",1,5.6,Arunachal Pradesh,Punjab,Shashwat Kohli,Song Tacho,Sandeep Sharma,0,0,,,,,,,,,
1205736,2019/20,2019-11-09,"Cricket Stadium, Sector-16",1,6.1,Arunachal Pradesh,Punjab,Song Tacho,Shashwat Kohli,Nikhil Chaudhary,1,0,,,,,,,,,
1205736,2019/20,2019-11-09,"Cricket Stadium, Sector-16",1,6.2,Arunachal Pradesh,Punjab,Shashwat Kohli,Song Tacho,Nikhil Chaudhary,1,0,,,,,,,,,
1205736,2019/20,2019-11-09,"Cricket Stadium, Sector-16",1,6.3,Arunachal Pradesh,Punjab,Song Tacho,Shashwat Kohli,Nikhil Chaudhary,0,0,,,,,,,,,
1205736,2019/20,2019-11-09,"Cricket Stadium, Sector-16",1,6.4,Arunachal Pradesh,Punjab,Song Tacho,Shashwat Kohli,Nikhil Chaudhary,1,0,,,,,,,,,
1205736,2019/20,2019-11-09,"Cricket Stadium, Sector-16",1,6.5,Arunachal Pradesh,Punjab,Shashwat Kohli,Song Tacho,Nikhil Chaudhary,1,0,,,,,,run out,Song Tacho,,
1205736,2019/20,2019-11-09,"Cricket Stadium, Sector-16",1,6.6,Arunachal Pradesh,Punjab,Shashwat Kohli,Yab Niya,Nikhil Chaudhary,0,0,,,,,,run out,Shashwat Kohli,,
1205736,2019/20,2019-11-09,"Cricket Stadium, Sector-16",1,7.1,Arunachal Pradesh,Punjab,Techi Neri,Yab Niya,S Kaul,1,0,,,,,,,,,
1205736,2019/20,2019-11-09,"Cricket Stadium, Sector-16",1,7.2,Arunachal Pradesh,Punjab,Yab Niya,Techi Neri,S Kaul,1,0,,,,,,,,,
1205736,2019/20,2019-11-09,"Cricket Stadium, Sector-16",1,7.3,Arunachal Pradesh,Punjab,Techi Neri,Yab Niya,S Kaul,1,0,,,,,,,,,
1205736,2019/20,2019-11-09,"Cricket Stadium, Sector-16",1,7.4,Arunachal Pradesh,Punjab,Yab Niya,Techi Neri,S Kaul,0,0,,,,,,,,,
1205736,2019/20,2019-11-09,"Cricket Stadium, Sector-16",1,7.5,Arunachal Pradesh,Punjab,Yab Niya,Techi Neri,S Kaul,0,0,,,,,,,,,
1205736,2019/20,2019-11-09,"Cricket Stadium, Sector-16",1,7.6,Arunachal Pradesh,Punjab,Yab Niya,Techi Neri,S Kaul,1,0,,,,,,,,,
1205736,2019/20,2019-11-09,"Cricket Stadium, Sector-16",2,0.1,Punjab,Arunachal Pradesh,Shubman Gill,P Simran Singh,Akhilesh Sahani,0,0,,,,,,,,,
1205736,2019/20,2019-11-09,"Cricket Stadium, Sector-16",2,0.2,Punjab,Arunachal Pradesh,Shubman Gill,P Simran Singh,Akhilesh Sahani,1,0,,,,,,,,,
1205736,2019/20,2019-11-09,"Cricket Stadium, Sector-16",2,0.3,Punjab,Arunachal Pradesh,P Simran Singh,Shubman Gill,Akhilesh Sahani,1,0,,,,,,,,,
1205736,2019/20,2019-11-09,"Cricket Stadium, Sector-16",2,0.4,Punjab,Arunachal Pradesh,Shubman Gill,P Simran Singh,Akhilesh Sahani,0,1,1,,,,,,,,
1205736,2019/20,2019-11-09,"Cricket Stadium, Sector-16",2,0.5,Punjab,Arunachal Pradesh,Shubman Gill,P Simran Singh,Akhilesh Sahani,4,0,,,,,,,,,
1205736,2019/20,2019-11-09,"Cricket Stadium, Sector-16",2,0.6,Punjab,Arunachal Pradesh,Shubman Gill,P Simran Singh,Akhilesh Sahani,4,0,,,,,,,,,
1205736,2019/20,2019-11-09,"Cricket Stadium, Sector-16",2,0.7,Punjab,Arunachal Pradesh,Shubman Gill,P Simran Singh,Akhilesh Sahani,0,0,,,,,,,,,
1205736,2019/20,2019-11-09,"Cricket Stadium, Sector-16",2,1.1,Punjab,Arunachal Pradesh,P Simran Singh,Shubman Gill,Licha Tehi,1,0,,,,,,,,,
1205736,2019/20,2019-11-09,"Cricket Stadium, Sector-16",2,1.2,Punjab,Arunachal Pradesh,Shubman Gill,P Simran Singh,Licha Tehi,1,1,,1,,,,,,,
1205736,2019/20,2019-11-09,"Cricket Stadium, Sector-16",2,1.3,Punjab,Arunachal Pradesh,P Simran Singh,Shubman Gill,Licha Tehi,4,0,,,,,,,,,
1205736,2019/20,2019-11-09,"Cricket Stadium, Sector-16",2,1.4,Punjab,Arunachal Pradesh,P Simran Singh,Shubman Gill,Licha Tehi,1,0,,,,,,,,,
1205736,2019/20,2019-11-09,"Cricket Stadium, Sector-16",2,1.5,Punjab,Arunachal Pradesh,Shubman Gill,P Simran Singh,Licha Tehi,1,0,,,,,,,,,
1205736,2019/20,2019-11-09,"Cricket Stadium, Sector-16",2,1.6,Punjab,Arunachal Pradesh,P Simran Singh,Shubman Gill,Licha Tehi,0,0,,,,,,,,,
1205736,2019/20,2019-11-09,"Cricket Stadium, Sector-16",2,1.7,Punjab,Arunachal Pradesh,P Simran Singh,Shubman Gill,Licha Tehi,4,0,,,,,,,,,
1205736,2019/20,2019-11-09,"Cricket Stadium, Sector-16",2,2.1,Punjab,Arunachal Pradesh,Shubman Gill,P Simran Singh,Kengo Bam,4,0,,,,,,,,,
1205736,2019/20,2019-11-09,"Cricket Stadium, Sector-16",2,2.2,Punjab,Arunachal Pradesh,Shubman Gill,P Simran Singh,Kengo Bam,1,0,,,,,,,,,
1205736,2019/20,2019-11-09,"Cricket Stadium, Sector-16",2,2.3,Punjab,Arunachal Pradesh,P Simran Singh,Shubman Gill,Kengo Bam,0,0,,,,,,,,,
1205736,2019/20,2019-11-09,"Cricket Stadium, Sector-16",2,2.4,Punjab,Arunachal Pradesh,P Simran Singh,Shubman Gill,Kengo Bam,1,0,,,,,,,,,
1205736,2019/20,2019-11-09,"Cricket Stadium, Sector-16",2,2.5,Punjab,Arunachal Pradesh,Shubman Gill,P Simran Singh,Kengo Bam,6,0,,,,,,,,,
1205736,2019/20,2019-11-09,"Cricket Stadium, Sector-16",2,2.6,Punjab,Arunachal Pradesh,Shubman Gill,P Simran Singh,Kengo Bam,1,0,,,,,,,,,
1205736,2019/20,2019-11-09,"Cricket Stadium, Sector-16",2,3.1,Punjab,Arunachal Pradesh,Shubman Gill,P Simran Singh,Myendung Singpho,0,1,,,,1,,,,,
1205736,2019/20,2019-11-09,"Cricket Stadium, Sector-16",2,3.2,Punjab,Arunachal Pradesh,P Simran Singh,Shubman Gill,Myendung Singpho,1,0,,,,,,,,,
1205736,2019/20,2019-11-09,"Cricket Stadium, Sector-16",2,3.3,Punjab,Arunachal Pradesh,Shubman Gill,P Simran Singh,Myendung Singpho,0,0,,,,,,,,,
1205736,2019/20,2019-11-09,"Cricket Stadium, Sector-16",2,3.4,Punjab,Arunachal Pradesh,Shubman Gill,P Simran Singh,Myendung Singpho,1,0,,,,,,,,,
1205736,2019/20,2019-11-09,"Cricket Stadium, Sector-16",2,3.5,Punjab,Arunachal Pradesh,P Simran Singh,Shubman Gill,Myendung Singpho,4,0,,,,,,,,,
1205736,2019/20,2019-11-09,"Cricket Stadium, Sector-16",2,3.6,Punjab,Arunachal Pradesh,P Simran Singh,Shubman Gill,Myendung Singpho,6,0,,,,,,,,,
