version,2.2.0
info,balls_per_over,6
info,team,Tamil Nadu
info,team,Karnataka
info,gender,male
info,season,2019/20
info,date,2019/11/21
info,event,Syed Mushtaq Ali Trophy
info,venue,Lalbhai Contractor Stadium
info,city,
info,toss_winner,Karnataka
info,toss_decision,field
info,winner,Karnataka
info,winner_wickets,9
info,player,Tamil Nadu,Hari Nishaanth
info,player,Tamil Nadu,B Aparajith
info,player,Tamil Nadu,KD Karthik
info,player,Tamil Nadu,Washington Sundar
info,player,Tamil Nadu,V Shankar
info,player,Tamil Nadu,M Shahrukh Khan
info,player,Tamil Nadu,M Mohammed
info,player,Tamil Nadu,M Ashwin
info,player,Tamil Nadu,R Sai Kishore
info,player,Tamil Nadu,G Periyaswamy
info,player,Tamil Nadu,T Natarajan
info,player,Karnataka,A Mithun
info,player,Karnataka,Vasuki Koushik
info,player,Karnataka,RG More
info,player,Karnataka,J Suchith
info,player,Karnataka,Pavan Deshpande
info,player,Karnataka,S Gopal
info,player,Karnataka,P Dubey
info,player,Karnataka,KL Rahul
info,player,Karnataka,D Padikkal
info,player,Karnataka,MK Pandey
info,player,Karnataka,KK Nair
info,registry,people,A Mithun,66cf56a5
info,registry,people,B Aparajith,5b627626
info,registry,people,D Padikkal,2c25d4f5
info,registry,people,G Periyaswamy,2e099662
info,registry,people,Hari Nishaanth,c3f37533
info,registry,people,J Suchith,4125d931
info,registry,people,KD Karthik,c03f1114
info,registry,people,KK Nair,944533a5
info,registry,people,KL Rahul,b17e2f24
info,registry,people,M Ashwin,e2db2409
info,registry,people,M Mohammed,1b7c4d69
info,registry,people,M Shahrukh Khan,7dcb9bc9
info,registry,people,MK Pandey,93b4fc78
info,registry,people,P Dubey,ed5a5510
info,registry,people,Pavan Deshpande,436b8481
info,registry,people,R Sai Kishore,c7a995d3
info,registry,people,RG More,b2b23612
info,registry,people,S Gopal,7a8bd078
info,registry,people,T Natarajan,ce794613
info,registry,people,V Shankar,0994d0ae
info,registry,people,Vasuki Koushik,f6cb1703
info,registry,people,Washington Sundar,f19ccfad
