match_id,season,start_date,venue,innings,ball,batting_team,bowling_team,striker,non_striker,bowler,runs_off_bat,extras,wides,noballs,byes,legbyes,penalty,wicket_type,player_dismissed,other_wicket_type,other_player_dismissed
1205749,2019/20,2019-11-09,Lalbhai Contractor Stadium,1,0.1,Sikkim,Nagaland,Bibek Diyali,Karma Bhutia,STR Binny,4,0,,,,,,,,,
1205749,2019/20,2019-11-09,Lalbhai Contractor Stadium,1,0.2,Sikkim,Nagaland,Bibek Diyali,Karma Bhutia,STR Binny,0,0,,,,,,,,,
1205749,2019/20,2019-11-09,Lalbhai Contractor Stadium,1,0.3,Sikkim,Nagaland,Bibek Diyali,Karma Bhutia,STR Binny,0,0,,,,,,,,,
1205749,2019/20,2019-11-09,Lalbhai Contractor Stadium,1,0.4,Sikkim,Nagaland,Bibek Diyali,Karma Bhutia,STR Binny,1,0,,,,,,,,,
1205749,2019/20,2019-11-09,Lalbhai Contractor Stadium,1,0.5,Sikkim,Nagaland,Karma Bhutia,Bibek Diyali,STR Binny,0,0,,,,,,,,,
1205749,2019/20,2019-11-09,Lalbhai Contractor Stadium,1,0.6,Sikkim,Nagaland,Karma Bhutia,Bibek Diyali,STR Binny,0,0,,,,,,,,,
1205749,2019/20,2019-11-09,Lalbhai Contractor Stadium,1,1.1,Sikkim,Nagaland,Bibek Diyali,Karma Bhutia,SS Mundhe,1,0,,,,,,,,,
1205749,2019/20,2019-11-09,Lalbhai Contractor Stadium,1,1.2,Sikkim,Nagaland,Karma Bhutia,Bibek Diyali,SS Mundhe,0,0,,,,,,,,,
1205749,2019/20,2019-11-09,Lalbhai Contractor Stadium,1,1.3,Sikkim,Nagaland,Karma Bhutia,Bibek Diyali,SS Mundhe,0,0,,,,,,,,,
1205749,2019/20,2019-11-09,Lalbhai Contractor Stadium,1,1.4,Sikkim,Nagaland,Karma Bhutia,Bibek Diyali,SS Mundhe,0,1,1,,,,,,,,
1205749,2019/20,2019-11-09,Lalbhai Contractor Stadium,1,1.5,Sikkim,Nagaland,Karma Bhutia,Bibek Diyali,SS Mundhe,2,0,,,,,,,,,
1205749,2019/20,2019-11-09,Lalbhai Contractor Stadium,1,1.6,Sikkim,Nagaland,Karma Bhutia,Bibek Diyali,SS Mundhe,1,0,,,,,,,,,
1205749,2019/20,2019-11-09,Lalbhai Contractor Stadium,1,1.7,Sikkim,Nagaland,Bibek Diyali,Karma Bhutia,SS Mundhe,0,0,,,,,,,,,
1205749,2019/20,2019-11-09,Lalbhai Contractor Stadium,1,2.1,Sikkim,Nagaland,Karma Bhutia,Bibek Diyali,STR Binny,0,0,,,,,,,,,
1205749,2019/20,2019-11-09,Lalbhai Contractor Stadium,1,2.2,Sikkim,Nagaland,Karma Bhutia,Bibek Diyali,STR Binny,0,0,,,,,,,,,
1205749,2019/20,2019-11-09,Lalbhai Contractor Stadium,1,2.3,Sikkim,Nagaland,Karma Bhutia,Bibek Diyali,STR Binny,0,0,,,,,,,,,
1205749,2019/20,2019-11-09,Lalbhai Contractor Stadium,1,2.4,Sikkim,Nagaland,Karma Bhutia,Bibek Diyali,STR Binny,1,0,,,,,,,,,
1205749,2019/20,2019-11-09,Lalbhai Contractor Stadium,1,2.5,Sikkim,Nagaland,Bibek Diyali,Karma Bhutia,STR Binny,0,0,,,,,,,,,
1205749,2019/20,2019-11-09,Lalbhai Contractor Stadium,1,2.6,Sikkim,Nagaland,Bibek Diyali,Karma Bhutia,STR Binny,4,0,,,,,,,,,
1205749,2019/20,2019-11-09,Lalbhai Contractor Stadium,1,3.1,Sikkim,Nagaland,Karma Bhutia,Bibek Diyali,SS Mundhe,0,0,,,,,,,,,
1205749,2019/20,2019-11-09,Lalbhai Contractor Stadium,1,3.2,Sikkim,Nagaland,Karma Bhutia,Bibek Diyali,SS Mundhe,0,0,,,,,,caught and bowled,Karma Bhutia,,
1205749,2019/20,2019-11-09,Lalbhai Contractor Stadium,1,3.3,Sikkim,Nagaland,Ashish Thapa,Bibek Diyali,SS Mundhe,1,0,,,,,,,,,
1205749,2019/20,2019-11-09,Lalbhai Contractor Stadium,1,3.4,Sikkim,Nagaland,Bibek Diyali,Ashish Thapa,SS Mundhe,0,0,,,,,,,,,
1205749,2019/20,2019-11-09,Lalbhai Contractor Stadium,1,3.5,Sikkim,Nagaland,Bibek Diyali,Ashish Thapa,SS Mundhe,4,0,,,,,,,,,
1205749,2019/20,2019-11-09,Lalbhai Contractor Stadium,1,3.6,Sikkim,Nagaland,Bibek Diyali,Ashish Thapa,SS Mundhe,0,0,,,,,,,,,
1205749,2019/20,2019-11-09,Lalbhai Contractor Stadium,1,4.1,Sikkim,Nagaland,Ashish Thapa,Bibek Diyali,Imliwati Lemtur,0,0,,,,,,,,,
1205749,2019/20,2019-11-09,Lalbhai Contractor Stadium,1,4.2,Sikkim,Nagaland,Ashish Thapa,Bibek Diyali,Imliwati Lemtur,1,0,,,,,,,,,
1205749,2019/20,2019-11-09,Lalbhai Contractor Stadium,1,4.3,Sikkim,Nagaland,Bibek Diyali,Ashish Thapa,Imliwati Lemtur,0,0,,,,,,,,,
1205749,2019/20,2019-11-09,Lalbhai Contractor Stadium,1,4.4,Sikkim,Nagaland,Bibek Diyali,Ashish Thapa,Imliwati Lemtur,1,0,,,,,,,,,
1205749,2019/20,2019-11-09,Lalbhai Contractor Stadium,1,4.5,Sikkim,Nagaland,Ashish Thapa,Bibek Diyali,Imliwati Lemtur,1,0,,,,,,,,,
1205749,2019/20,2019-11-09,Lalbhai Contractor Stadium,1,4.6,Sikkim,Nagaland,Bibek Diyali,Ashish Thapa,Imliwati Lemtur,0,0,,,,,,,,,
1205749,2019/20,2019-11-09,Lalbhai Contractor Stadium,1,5.1,Sikkim,Nagaland,Ashish Thapa,Bibek Diyali,Nagaho Chishi,0,0,,,,,,,,,
1205749,2019/20,2019-11-09,Lalbhai Contractor Stadium,1,5.2,Sikkim,Nagaland,Ashish Thapa,Bibek Diyali,Nagaho Chishi,0,0,,,,,,,,,
1205749,2019/20,2019-11-09,Lalbhai Contractor Stadium,1,5.3,Sikkim,Nagaland,Ashish Thapa,Bibek Diyali,Nagaho Chishi,4,0,,,,,,,,,
1205749,2019/20,2019-11-09,Lalbhai Contractor Stadium,1,5.4,Sikkim,Nagaland,Ashish Thapa,Bibek Diyali,Nagaho Chishi,1,0,,,,,,,,,
1205749,2019/20,2019-11-09,Lalbhai Contractor Stadium,1,5.5,Sikkim,Nagaland,Bibek Diyali,Ashish Thapa,Nagaho Chishi,1,0,,,,,,,,,
1205749,2019/20,2019-11-09,Lalbhai Contractor Stadium,1,5.6,Sikkim,Nagaland,Ashish Thapa,Bibek Diyali,Nagaho Chishi,0,0,,,,,,,,,
1205749,2019/20,2019-11-09,Lalbhai Contractor Stadium,1,6.1,Sikkim,Nagaland,Bibek Diyali,Ashish Thapa,Imliwati Lemtur,0,0,,,,,,,,,
1205749,2019/20,2019-11-09,Lalbhai Contractor Stadium,1,6.2,Sikkim,Nagaland,Bibek Diyali,Ashish Thapa,Imliwati Lemtur,0,0,,,,,,,,,
1205749,2019/20,2019-11-09,Lalbhai Contractor Stadium,1,6.3,Sikkim,Nagaland,Bibek Diyali,Ashish Thapa,Imliwati Lemtur,0,0,,,,,,,,,
1205749,2019/20,2019-11-09,Lalbhai Contractor Stadium,1,6.4,Sikkim,Nagaland,Bibek Diyali,Ashish Thapa,Imliwati Lemtur,0,0,,,,,,,,,
1205749,2019/20,2019-11-09,Lalbhai Contractor Stadium,1,6.5,Sikkim,Nagaland,Bibek Diyali,Ashish Thapa,Imliwati Lemtur,4,0,,,,,,,,,
1205749,2019/20,2019-11-09,Lalbhai Contractor Stadium,1,6.6,Sikkim,Nagaland,Bibek Diyali,Ashish Thapa,Imliwati Lemtur,0,0,,,,,,,,,
1205749,2019/20,2019-11-09,Lalbhai Contractor Stadium,1,7.1,Sikkim,Nagaland,Ashish Thapa,Bibek Diyali,Nagaho Chishi,1,0,,,,,,,,,
1205749,2019/20,2019-11-09,Lalbhai Contractor Stadium,1,7.2,Sikkim,Nagaland,Bibek Diyali,Ashish Thapa,Nagaho Chishi,1,0,,,,,,,,,
1205749,2019/20,2019-11-09,Lalbhai Contractor Stadium,1,7.3,Sikkim,Nagaland,Ashish Thapa,Bibek Diyali,Nagaho Chishi,1,0,,,,,,,,,
1205749,2019/20,2019-11-09,Lalbhai Contractor Stadium,1,7.4,Sikkim,Nagaland,Bibek Diyali,Ashish Thapa,Nagaho Chishi,0,0,,,,,,,,,
1205749,2019/20,2019-11-09,Lalbhai Contractor Stadium,1,7.5,Sikkim,Nagaland,Bibek Diyali,Ashish Thapa,Nagaho Chishi,1,0,,,,,,,,,
1205749,2019/20,2019-11-09,Lalbhai Contractor Stadium,1,7.6,Sikkim,Nagaland,Ashish Thapa,Bibek Diyali,Nagaho Chishi,1,0,,,,,,,,,
1205749,2019/20,2019-11-09,Lalbhai Contractor Stadium,1,8.1,Sikkim,Nagaland,Ashish Thapa,Bibek Diyali,Tahmeed Rahman,0,0,,,,,,caught,Ashish Thapa,,
1205749,2019/20,2019-11-09,Lalbhai Contractor Stadium,1,8.2,Sikkim,Nagaland,Yashpal Singh,Bibek Diyali,Tahmeed Rahman,0,0,,,,,,,,,
1205749,2019/20,2019-11-09,Lalbhai Contractor Stadium,1,8.3,Sikkim,Nagaland,Yashpal Singh,Bibek Diyali,Tahmeed Rahman,1,0,,,,,,,,,
1205749,2019/20,2019-11-09,Lalbhai Contractor Stadium,1,8.4,Sikkim,Nagaland,Bibek Diyali,Yashpal Singh,Tahmeed Rahman,1,0,,,,,,,,,
1205749,2019/20,2019-11-09,Lalbhai Contractor Stadium,1,8.5,Sikkim,Nagaland,Yashpal Singh,Bibek Diyali,Tahmeed Rahman,1,0,,,,,,,,,
1205749,2019/20,2019-11-09,Lalbhai Contractor Stadium,1,8.6,Sikkim,Nagaland,Bibek Diyali,Yashpal Singh,Tahmeed Rahman,0,0,,,,,,caught,Bibek Diyali,,
1205749,2019/20,2019-11-09,Lalbhai Contractor Stadium,1,9.1,Sikkim,Nagaland,Yashpal Singh,Iqbal Abdulla,Mughavi Wotsa,0,0,,,,,,,,,
1205749,2019/20,2019-11-09,Lalbhai Contractor Stadium,1,9.2,Sikkim,Nagaland,Yashpal Singh,Iqbal Abdulla,Mughavi Wotsa,1,0,,,,,,,,,
1205749,2019/20,2019-11-09,Lalbhai Contractor Stadium,1,9.3,Sikkim,Nagaland,Iqbal Abdulla,Yashpal Singh,Mughavi Wotsa,1,0,,,,,,,,,
1205749,2019/20,2019-11-09,Lalbhai Contractor Stadium,1,9.4,Sikkim,Nagaland,Yashpal Singh,Iqbal Abdulla,Mughavi Wotsa,1,0,,,,,,,,,
1205749,2019/20,2019-11-09,Lalbhai Contractor Stadium,1,9.5,Sikkim,Nagaland,Iqbal Abdulla,Yashpal Singh,Mughavi Wotsa,0,0,,,,,,,,,
1205749,2019/20,2019-11-09,Lalbhai Contractor Stadium,1,9.6,Sikkim,Nagaland,Iqbal Abdulla,Yashpal Singh,Mughavi Wotsa,0,0,,,,,,,,,
1205749,2019/20,2019-11-09,Lalbhai Contractor Stadium,1,10.1,Sikkim,Nagaland,Yashpal Singh,Iqbal Abdulla,Tahmeed Rahman,1,0,,,,,,,,,
1205749,2019/20,2019-11-09,Lalbhai Contractor Stadium,1,10.2,Sikkim,Nagaland,Iqbal Abdulla,Yashpal Singh,Tahmeed Rahman,1,0,,,,,,,,,
1205749,2019/20,2019-11-09,Lalbhai Contractor Stadium,1,10.3,Sikkim,Nagaland,Yashpal Singh,Iqbal Abdulla,Tahmeed Rahman,4,0,,,,,,,,,
1205749,2019/20,2019-11-09,Lalbhai Contractor Stadium,1,10.4,Sikkim,Nagaland,Yashpal Singh,Iqbal Abdulla,Tahmeed Rahman,0,0,,,,,,,,,
1205749,2019/20,2019-11-09,Lalbhai Contractor Stadium,1,10.5,Sikkim,Nagaland,Yashpal Singh,Iqbal Abdulla,Tahmeed Rahman,1,0,,,,,,,,,
1205749,2019/20,2019-11-09,Lalbhai Contractor Stadium,1,10.6,Sikkim,Nagaland,Iqbal Abdulla,Yashpal Singh,Tahmeed Rahman,4,0,,,,,,,,,
1205749,2019/20,2019-11-09,Lalbhai Contractor Stadium,1,11.1,Sikkim,Nagaland,Yashpal Singh,Iqbal Abdulla,Mughavi Wotsa,0,0,,,,,,,,,
1205749,2019/20,2019-11-09,Lalbhai Contractor Stadium,1,11.2,Sikkim,Nagaland,Yashpal Singh,Iqbal Abdulla,Mughavi Wotsa,1,0,,,,,,,,,
1205749,2019/20,2019-11-09,Lalbhai Contractor Stadium,1,11.3,Sikkim,Nagaland,Iqbal Abdulla,Yashpal Singh,Mughavi Wotsa,0,0,,,,,,,,,
1205749,2019/20,2019-11-09,Lalbhai Contractor Stadium,1,11.4,Sikkim,Nagaland,Iqbal Abdulla,Yashpal Singh,Mughavi Wotsa,0,0,,,,,,,,,
1205749,2019/20,2019-11-09,Lalbhai Contractor Stadium,1,11.5,Sikkim,Nagaland,Iqbal Abdulla,Yashpal Singh,Mughavi Wotsa,1,0,,,,,,,,,
1205749,2019/20,2019-11-09,Lalbhai Contractor Stadium,1,11.6,Sikkim,Nagaland,Yashpal Singh,Iqbal Abdulla,Mughavi Wotsa,4,0,,,,,,,,,
1205749,2019/20,2019-11-09,Lalbhai Contractor Stadium,1,12.1,Sikkim,Nagaland,Iqbal Abdulla,Yashpal Singh,Imliwati Lemtur,1,0,,,,,,,,,
1205749,2019/20,2019-11-09,Lalbhai Contractor Stadium,1,12.2,Sikkim,Nagaland,Yashpal Singh,Iqbal Abdulla,Imliwati Lemtur,1,0,,,,,,,,,
1205749,2019/20,2019-11-09,Lalbhai Contractor Stadium,1,12.3,Sikkim,Nagaland,Iqbal Abdulla,Yashpal Singh,Imliwati Lemtur,1,0,,,,,,,,,
1205749,2019/20,2019-11-09,Lalbhai Contractor Stadium,1,12.4,Sikkim,Nagaland,Yashpal Singh,Iqbal Abdulla,Imliwati Lemtur,1,0,,,,,,,,,
1205749,2019/20,2019-11-09,Lalbhai Contractor Stadium,1,12.5,Sikkim,Nagaland,Iqbal Abdulla,Yashpal Singh,Imliwati Lemtur,1,0,,,,,,,,,
1205749,2019/20,2019-11-09,Lalbhai Contractor Stadium,1,12.6,Sikkim,Nagaland,Yashpal Singh,Iqbal Abdulla,Imliwati Lemtur,1,0,,,,,,,,,
1205749,2019/20,2019-11-09,Lalbhai Contractor Stadium,1,13.1,Sikkim,Nagaland,Yashpal Singh,Iqbal Abdulla,Tahmeed Rahman,0,0,,,,,,,,,
1205749,2019/20,2019-11-09,Lalbhai Contractor Stadium,1,13.2,Sikkim,Nagaland,Yashpal Singh,Iqbal Abdulla,Tahmeed Rahman,0,0,,,,,,,,,
1205749,2019/20,2019-11-09,Lalbhai Contractor Stadium,1,13.3,Sikkim,Nagaland,Yashpal Singh,Iqbal Abdulla,Tahmeed Rahman,1,0,,,,,,,,,
1205749,2019/20,2019-11-09,Lalbhai Contractor Stadium,1,13.4,Sikkim,Nagaland,Iqbal Abdulla,Yashpal Singh,Tahmeed Rahman,1,0,,,,,,,,,
1205749,2019/20,2019-11-09,Lalbhai Contractor Stadium,1,13.5,Sikkim,Nagaland,Yashpal Singh,Iqbal Abdulla,Tahmeed Rahman,1,0,,,,,,,,,
1205749,2019/20,2019-11-09,Lalbhai Contractor Stadium,1,13.6,Sikkim,Nagaland,Iqbal Abdulla,Yashpal Singh,Tahmeed Rahman,1,0,,,,,,,,,
1205749,2019/20,2019-11-09,Lalbhai Contractor Stadium,1,14.1,Sikkim,Nagaland,Iqbal Abdulla,Yashpal Singh,Imliwati Lemtur,1,0,,,,,,,,,
1205749,2019/20,2019-11-09,Lalbhai Contractor Stadium,1,14.2,Sikkim,Nagaland,Yashpal Singh,Iqbal Abdulla,Imliwati Lemtur,1,0,,,,,,,,,
1205749,2019/20,2019-11-09,Lalbhai Contractor Stadium,1,14.3,Sikkim,Nagaland,Iqbal Abdulla,Yashpal Singh,Imliwati Lemtur,0,0,,,,,,,,,
1205749,2019/20,2019-11-09,Lalbhai Contractor Stadium,1,14.4,Sikkim,Nagaland,Iqbal Abdulla,Yashpal Singh,Imliwati Lemtur,1,0,,,,,,,,,
1205749,2019/20,2019-11-09,Lalbhai Contractor Stadium,1,14.5,Sikkim,Nagaland,Yashpal Singh,Iqbal Abdulla,Imliwati Lemtur,1,0,,,,,,,,,
1205749,2019/20,2019-11-09,Lalbhai Contractor Stadium,1,14.6,Sikkim,Nagaland,Iqbal Abdulla,Yashpal Singh,Imliwati Lemtur,1,0,,,,,,,,,
1205749,2019/20,2019-11-09,Lalbhai Contractor Stadium,1,15.1,Sikkim,Nagaland,Iqbal Abdulla,Yashpal Singh,SS Mundhe,0,0,,,,,,,,,
1205749,2019/20,2019-11-09,Lalbhai Contractor Stadium,1,15.2,Sikkim,Nagaland,Iqbal Abdulla,Yashpal Singh,SS Mundhe,2,0,,,,,,,,,
1205749,2019/20,2019-11-09,Lalbhai Contractor Stadium,1,15.3,Sikkim,Nagaland,Iqbal Abdulla,Yashpal Singh,SS Mundhe,1,0,,,,,,,,,
1205749,2019/20,2019-11-09,Lalbhai Contractor Stadium,1,15.4,Sikkim,Nagaland,Yashpal Singh,Iqbal Abdulla,SS Mundhe,0,0,,,,,,,,,
1205749,2019/20,2019-11-09,Lalbhai Contractor Stadium,1,15.5,Sikkim,Nagaland,Yashpal Singh,Iqbal Abdulla,SS Mundhe,4,0,,,,,,,,,
1205749,2019/20,2019-11-09,Lalbhai Contractor Stadium,1,15.6,Sikkim,Nagaland,Yashpal Singh,Iqbal Abdulla,SS Mundhe,4,0,,,,,,,,,
1205749,2019/20,2019-11-09,Lalbhai Contractor Stadium,1,16.1,Sikkim,Nagaland,Iqbal Abdulla,Yashpal Singh,Tahmeed Rahman,1,0,,,,,,,,,
1205749,2019/20,2019-11-09,Lalbhai Contractor Stadium,1,16.2,Sikkim,Nagaland,Yashpal Singh,Iqbal Abdulla,Tahmeed Rahman,1,0,,,,,,,,,
1205749,2019/20,2019-11-09,Lalbhai Contractor Stadium,1,16.3,Sikkim,Nagaland,Iqbal Abdulla,Yashpal Singh,Tahmeed Rahman,1,0,,,,,,,,,
1205749,2019/20,2019-11-09,Lalbhai Contractor Stadium,1,16.4,Sikkim,Nagaland,Yashpal Singh,Iqbal Abdulla,Tahmeed Rahman,1,0,,,,,,,,,
1205749,2019/20,2019-11-09,Lalbhai Contractor Stadium,1,16.5,Sikkim,Nagaland,Iqbal Abdulla,Yashpal Singh,Tahmeed Rahman,6,0,,,,,,,,,
1205749,2019/20,2019-11-09,Lalbhai Contractor Stadium,1,16.6,Sikkim,Nagaland,Iqbal Abdulla,Yashpal Singh,Tahmeed Rahman,2,0,,,,,,,,,
1205749,2019/20,2019-11-09,Lalbhai Contractor Stadium,1,17.1,Sikkim,Nagaland,Yashpal Singh,Iqbal Abdulla,STR Binny,1,0,,,,,,,,,
1205749,2019/20,2019-11-09,Lalbhai Contractor Stadium,1,17.2,Sikkim,Nagaland,Iqbal Abdulla,Yashpal Singh,STR Binny,2,0,,,,,,,,,
1205749,2019/20,2019-11-09,Lalbhai Contractor Stadium,1,17.3,Sikkim,Nagaland,Iqbal Abdulla,Yashpal Singh,STR Binny,0,0,,,,,,caught,Iqbal Abdulla,,
1205749,2019/20,2019-11-09,Lalbhai Contractor Stadium,1,17.4,Sikkim,Nagaland,Palzor Tamang,Yashpal Singh,STR Binny,1,0,,,,,,,,,
1205749,2019/20,2019-11-09,Lalbhai Contractor Stadium,1,17.5,Sikkim,Nagaland,Yashpal Singh,Palzor Tamang,STR Binny,1,0,,,,,,,,,
1205749,2019/20,2019-11-09,Lalbhai Contractor Stadium,1,17.6,Sikkim,Nagaland,Palzor Tamang,Yashpal Singh,STR Binny,4,0,,,,,,,,,
1205749,2019/20,2019-11-09,Lalbhai Contractor Stadium,1,18.1,Sikkim,Nagaland,Yashpal Singh,Palzor Tamang,SS Mundhe,0,0,,,,,,,,,
1205749,2019/20,2019-11-09,Lalbhai Contractor Stadium,1,18.2,Sikkim,Nagaland,Yashpal Singh,Palzor Tamang,SS Mundhe,1,0,,,,,,,,,
1205749,2019/20,2019-11-09,Lalbhai Contractor Stadium,1,18.3,Sikkim,Nagaland,Palzor Tamang,Yashpal Singh,SS Mundhe,0,0,,,,,,,,,
1205749,2019/20,2019-11-09,Lalbhai Contractor Stadium,1,18.4,Sikkim,Nagaland,Palzor Tamang,Yashpal Singh,SS Mundhe,1,0,,,,,,,,,
1205749,2019/20,2019-11-09,Lalbhai Contractor Stadium,1,18.5,Sikkim,Nagaland,Yashpal Singh,Palzor Tamang,SS Mundhe,6,0,,,,,,,,,
1205749,2019/20,2019-11-09,Lalbhai Contractor Stadium,1,18.6,Sikkim,Nagaland,Yashpal Singh,Palzor Tamang,SS Mundhe,0,0,,,,,,caught,Yashpal Singh,,
1205749,2019/20,2019-11-09,Lalbhai Contractor Stadium,1,19.1,Sikkim,Nagaland,Ishwar Chaudhary,Palzor Tamang,STR Binny,0,0,,,,,,,,,
1205749,2019/20,2019-11-09,Lalbhai Contractor Stadium,1,19.2,Sikkim,Nagaland,Ishwar Chaudhary,Palzor Tamang,STR Binny,1,0,,,,,,,,,
1205749,2019/20,2019-11-09,Lalbhai Contractor Stadium,1,19.3,Sikkim,Nagaland,Palzor Tamang,Ishwar Chaudhary,STR Binny,0,0,,,,,,,,,
1205749,2019/20,2019-11-09,Lalbhai Contractor Stadium,1,19.4,Sikkim,Nagaland,Palzor Tamang,Ishwar Chaudhary,STR Binny,1,0,,,,,,,,,
1205749,2019/20,2019-11-09,Lalbhai Contractor Stadium,1,19.5,Sikkim,Nagaland,Ishwar Chaudhary,Palzor Tamang,STR Binny,0,2,,,2,,,,,,
1205749,2019/20,2019-11-09,Lalbhai Contractor Stadium,1,19.6,Sikkim,Nagaland,Ishwar Chaudhary,Palzor Tamang,STR Binny,2,0,,,,,,,,,
1205749,2019/20,2019-11-09,Lalbhai Contractor Stadium,2,0.1,Nagaland,Sikkim,AN Longchar,YV Takawale,Ishwar Chaudhary,0,0,,,,,,,,,
1205749,2019/20,2019-11-09,Lalbhai Contractor Stadium,2,0.2,Nagaland,Sikkim,AN Longchar,YV Takawale,Ishwar Chaudhary,1,0,,,,,,,,,
1205749,2019/20,2019-11-09,Lalbhai Contractor Stadium,2,0.3,Nagaland,Sikkim,YV Takawale,AN Longchar,Ishwar Chaudhary,1,0,,,,,,,,,
1205749,2019/20,2019-11-09,Lalbhai Contractor Stadium,2,0.4,Nagaland,Sikkim,AN Longchar,YV Takawale,Ishwar Chaudhary,0,0,,,,,,,,,
1205749,2019/20,2019-11-09,Lalbhai Contractor Stadium,2,0.5,Nagaland,Sikkim,AN Longchar,YV Takawale,Ishwar Chaudhary,0,0,,,,,,,,,
1205749,2019/20,2019-11-09,Lalbhai Contractor Stadium,2,0.6,Nagaland,Sikkim,AN Longchar,YV Takawale,Ishwar Chaudhary,1,0,,,,,,,,,
1205749,2019/20,2019-11-09,Lalbhai Contractor Stadium,2,1.1,Nagaland,Sikkim,AN Longchar,YV Takawale,Padam Limboo,4,0,,,,,,,,,
1205749,2019/20,2019-11-09,Lalbhai Contractor Stadium,2,1.2,Nagaland,Sikkim,AN Longchar,YV Takawale,Padam Limboo,1,0,,,,,,,,,
1205749,2019/20,2019-11-09,Lalbhai Contractor Stadium,2,1.3,Nagaland,Sikkim,YV Takawale,AN Longchar,Padam Limboo,1,0,,,,,,,,,
1205749,2019/20,2019-11-09,Lalbhai Contractor Stadium,2,1.4,Nagaland,Sikkim,AN Longchar,YV Takawale,Padam Limboo,0,0,,,,,,,,,
1205749,2019/20,2019-11-09,Lalbhai Contractor Stadium,2,1.5,Nagaland,Sikkim,AN Longchar,YV Takawale,Padam Limboo,4,0,,,,,,,,,
1205749,2019/20,2019-11-09,Lalbhai Contractor Stadium,2,1.6,Nagaland,Sikkim,AN Longchar,YV Takawale,Padam Limboo,0,0,,,,,,,,,
1205749,2019/20,2019-11-09,Lalbhai Contractor Stadium,2,2.1,Nagaland,Sikkim,YV Takawale,AN Longchar,Ishwar Chaudhary,1,0,,,,,,,,,
1205749,2019/20,2019-11-09,Lalbhai Contractor Stadium,2,2.2,Nagaland,Sikkim,AN Longchar,YV Takawale,Ishwar Chaudhary,0,1,1,,,,,,,,
1205749,2019/20,2019-11-09,Lalbhai Contractor Stadium,2,2.3,Nagaland,Sikkim,AN Longchar,YV Takawale,Ishwar Chaudhary,0,0,,,,,,,,,
1205749,2019/20,2019-11-09,Lalbhai Contractor Stadium,2,2.4,Nagaland,Sikkim,AN Longchar,YV Takawale,Ishwar Chaudhary,0,0,,,,,,,,,
1205749,2019/20,2019-11-09,Lalbhai Contractor Stadium,2,2.5,Nagaland,Sikkim,AN Longchar,YV Takawale,Ishwar Chaudhary,6,0,,,,,,,,,
1205749,2019/20,2019-11-09,Lalbhai Contractor Stadium,2,2.6,Nagaland,Sikkim,AN Longchar,YV Takawale,Ishwar Chaudhary,2,0,,,,,,,,,
1205749,2019/20,2019-11-09,Lalbhai Contractor Stadium,2,2.7,Nagaland,Sikkim,AN Longchar,YV Takawale,Ishwar Chaudhary,0,0,,,,,,,,,
1205749,2019/20,2019-11-09,Lalbhai Contractor Stadium,2,3.1,Nagaland,Sikkim,YV Takawale,AN Longchar,Pritam Nirala,0,1,1,,,,,,,,
1205749,2019/20,2019-11-09,Lalbhai Contractor Stadium,2,3.2,Nagaland,Sikkim,YV Takawale,AN Longchar,Pritam Nirala,0,0,,,,,,,,,
1205749,2019/20,2019-11-09,Lalbhai Contractor Stadium,2,3.3,Nagaland,Sikkim,YV Takawale,AN Longchar,Pritam Nirala,0,0,,,,,,,,,
1205749,2019/20,2019-11-09,Lalbhai Contractor Stadium,2,3.4,Nagaland,Sikkim,YV Takawale,AN Longchar,Pritam Nirala,0,0,,,,,,,,,
1205749,2019/20,2019-11-09,Lalbhai Contractor Stadium,2,3.5,Nagaland,Sikkim,YV Takawale,AN Longchar,Pritam Nirala,4,0,,,,,,,,,
1205749,2019/20,2019-11-09,Lalbhai Contractor Stadium,2,3.6,Nagaland,Sikkim,YV Takawale,AN Longchar,Pritam Nirala,4,0,,,,,,,,,
1205749,2019/20,2019-11-09,Lalbhai Contractor Stadium,2,3.7,Nagaland,Sikkim,YV Takawale,AN Longchar,Pritam Nirala,0,0,,,,,,caught,YV Takawale,,
1205749,2019/20,2019-11-09,Lalbhai Contractor Stadium,2,4.1,Nagaland,Sikkim,AN Longchar,Rongsen Jonathan,Iqbal Abdulla,1,0,,,,,,,,,
1205749,2019/20,2019-11-09,Lalbhai Contractor Stadium,2,4.2,Nagaland,Sikkim,Rongsen Jonathan,AN Longchar,Iqbal Abdulla,0,0,,,,,,,,,
1205749,2019/20,2019-11-09,Lalbhai Contractor Stadium,2,4.3,Nagaland,Sikkim,Rongsen Jonathan,AN Longchar,Iqbal Abdulla,1,0,,,,,,,,,
1205749,2019/20,2019-11-09,Lalbhai Contractor Stadium,2,4.4,Nagaland,Sikkim,AN Longchar,Rongsen Jonathan,Iqbal Abdulla,0,0,,,,,,,,,
1205749,2019/20,2019-11-09,Lalbhai Contractor Stadium,2,4.5,Nagaland,Sikkim,AN Longchar,Rongsen Jonathan,Iqbal Abdulla,0,0,,,,,,,,,
1205749,2019/20,2019-11-09,Lalbhai Contractor Stadium,2,4.6,Nagaland,Sikkim,AN Longchar,Rongsen Jonathan,Iqbal Abdulla,0,0,,,,,,,,,
1205749,2019/20,2019-11-09,Lalbhai Contractor Stadium,2,5.1,Nagaland,Sikkim,Rongsen Jonathan,AN Longchar,Pritam Nirala,0,0,,,,,,,,,
1205749,2019/20,2019-11-09,Lalbhai Contractor Stadium,2,5.2,Nagaland,Sikkim,Rongsen Jonathan,AN Longchar,Pritam Nirala,4,0,,,,,,,,,
1205749,2019/20,2019-11-09,Lalbhai Contractor Stadium,2,5.3,Nagaland,Sikkim,Rongsen Jonathan,AN Longchar,Pritam Nirala,0,0,,,,,,,,,
1205749,2019/20,2019-11-09,Lalbhai Contractor Stadium,2,5.4,Nagaland,Sikkim,Rongsen Jonathan,AN Longchar,Pritam Nirala,1,0,,,,,,,,,
1205749,2019/20,2019-11-09,Lalbhai Contractor Stadium,2,5.5,Nagaland,Sikkim,AN Longchar,Rongsen Jonathan,Pritam Nirala,2,0,,,,,,,,,
1205749,2019/20,2019-11-09,Lalbhai Contractor Stadium,2,5.6,Nagaland,Sikkim,AN Longchar,Rongsen Jonathan,Pritam Nirala,0,0,,,,,,,,,
1205749,2019/20,2019-11-09,Lalbhai Contractor Stadium,2,6.1,Nagaland,Sikkim,Rongsen Jonathan,AN Longchar,Iqbal Abdulla,0,0,,,,,,,,,
1205749,2019/20,2019-11-09,Lalbhai Contractor Stadium,2,6.2,Nagaland,Sikkim,Rongsen Jonathan,AN Longchar,Iqbal Abdulla,0,0,,,,,,,,,
1205749,2019/20,2019-11-09,Lalbhai Contractor Stadium,2,6.3,Nagaland,Sikkim,Rongsen Jonathan,AN Longchar,Iqbal Abdulla,1,0,,,,,,,,,
1205749,2019/20,2019-11-09,Lalbhai Contractor Stadium,2,6.4,Nagaland,Sikkim,AN Longchar,Rongsen Jonathan,Iqbal Abdulla,1,0,,,,,,,,,
1205749,2019/20,2019-11-09,Lalbhai Contractor Stadium,2,6.5,Nagaland,Sikkim,Rongsen Jonathan,AN Longchar,Iqbal Abdulla,0,0,,,,,,,,,
1205749,2019/20,2019-11-09,Lalbhai Contractor Stadium,2,6.6,Nagaland,Sikkim,Rongsen Jonathan,AN Longchar,Iqbal Abdulla,0,0,,,,,,,,,
1205749,2019/20,2019-11-09,Lalbhai Contractor Stadium,2,7.1,Nagaland,Sikkim,AN Longchar,Rongsen Jonathan,Yashpal Singh,0,0,,,,,,,,,
1205749,2019/20,2019-11-09,Lalbhai Contractor Stadium,2,7.2,Nagaland,Sikkim,AN Longchar,Rongsen Jonathan,Yashpal Singh,0,1,,,,1,,,,,
1205749,2019/20,2019-11-09,Lalbhai Contractor Stadium,2,7.3,Nagaland,Sikkim,Rongsen Jonathan,AN Longchar,Yashpal Singh,0,0,,,,,,,,,
1205749,2019/20,2019-11-09,Lalbhai Contractor Stadium,2,7.4,Nagaland,Sikkim,Rongsen Jonathan,AN Longchar,Yashpal Singh,0,0,,,,,,,,,
1205749,2019/20,2019-11-09,Lalbhai Contractor Stadium,2,7.5,Nagaland,Sikkim,Rongsen Jonathan,AN Longchar,Yashpal Singh,0,1,1,,,,,,,,
1205749,2019/20,2019-11-09,Lalbhai Contractor Stadium,2,7.6,Nagaland,Sikkim,Rongsen Jonathan,AN Longchar,Yashpal Singh,0,1,1,,,,,,,,
1205749,2019/20,2019-11-09,Lalbhai Contractor Stadium,2,7.7,Nagaland,Sikkim,Rongsen Jonathan,AN Longchar,Yashpal Singh,1,0,,,,,,,,,
1205749,2019/20,2019-11-09,Lalbhai Contractor Stadium,2,7.8,Nagaland,Sikkim,AN Longchar,Rongsen Jonathan,Yashpal Singh,0,0,,,,,,,,,
1205749,2019/20,2019-11-09,Lalbhai Contractor Stadium,2,8.1,Nagaland,Sikkim,Rongsen Jonathan,AN Longchar,Palzor Tamang,0,0,,,,,,,,,
1205749,2019/20,2019-11-09,Lalbhai Contractor Stadium,2,8.2,Nagaland,Sikkim,Rongsen Jonathan,AN Longchar,Palzor Tamang,0,0,,,,,,bowled,Rongsen Jonathan,,
1205749,2019/20,2019-11-09,Lalbhai Contractor Stadium,2,8.3,Nagaland,Sikkim,STR Binny,AN Longchar,Palzor Tamang,0,0,,,,,,,,,
1205749,2019/20,2019-11-09,Lalbhai Contractor Stadium,2,8.4,Nagaland,Sikkim,STR Binny,AN Longchar,Palzor Tamang,1,0,,,,,,,,,
1205749,2019/20,2019-11-09,Lalbhai Contractor Stadium,2,8.5,Nagaland,Sikkim,AN Longchar,STR Binny,Palzor Tamang,0,0,,,,,,,,,
1205749,2019/20,2019-11-09,Lalbhai Contractor Stadium,2,8.6,Nagaland,Sikkim,AN Longchar,STR Binny,Palzor Tamang,0,0,,,,,,,,,
1205749,2019/20,2019-11-09,Lalbhai Contractor Stadium,2,9.1,Nagaland,Sikkim,STR Binny,AN Longchar,Pritam Nirala,1,0,,,,,,,,,
1205749,2019/20,2019-11-09,Lalbhai Contractor Stadium,2,9.2,Nagaland,Sikkim,AN Longchar,STR Binny,Pritam Nirala,0,0,,,,,,,,,
1205749,2019/20,2019-11-09,Lalbhai Contractor Stadium,2,9.3,Nagaland,Sikkim,AN Longchar,STR Binny,Pritam Nirala,0,0,,,,,,,,,
1205749,2019/20,2019-11-09,Lalbhai Contractor Stadium,2,9.4,Nagaland,Sikkim,AN Longchar,STR Binny,Pritam Nirala,0,0,,,,,,,,,
1205749,2019/20,2019-11-09,Lalbhai Contractor Stadium,2,9.5,Nagaland,Sikkim,AN Longchar,STR Binny,Pritam Nirala,0,0,,,,,,,,,
1205749,2019/20,2019-11-09,Lalbhai Contractor Stadium,2,9.6,Nagaland,Sikkim,AN Longchar,STR Binny,Pritam Nirala,0,0,,,,,,,,,
1205749,2019/20,2019-11-09,Lalbhai Contractor Stadium,2,10.1,Nagaland,Sikkim,STR Binny,AN Longchar,Palzor Tamang,0,0,,,,,,,,,
1205749,2019/20,2019-11-09,Lalbhai Contractor Stadium,2,10.2,Nagaland,Sikkim,STR Binny,AN Longchar,Palzor Tamang,0,0,,,,,,,,,
1205749,2019/20,2019-11-09,Lalbhai Contractor Stadium,2,10.3,Nagaland,Sikkim,STR Binny,AN Longchar,Palzor Tamang,1,0,,,,,,,,,
1205749,2019/20,2019-11-09,Lalbhai Contractor Stadium,2,10.4,Nagaland,Sikkim,AN Longchar,STR Binny,Palzor Tamang,0,0,,,,,,caught,AN Longchar,,
1205749,2019/20,2019-11-09,Lalbhai Contractor Stadium,2,10.5,Nagaland,Sikkim,SS Mundhe,STR Binny,Palzor Tamang,0,0,,,,,,,,,
1205749,2019/20,2019-11-09,Lalbhai Contractor Stadium,2,10.6,Nagaland,Sikkim,SS Mundhe,STR Binny,Palzor Tamang,1,0,,,,,,,,,
1205749,2019/20,2019-11-09,Lalbhai Contractor Stadium,2,11.1,Nagaland,Sikkim,SS Mundhe,STR Binny,Iqbal Abdulla,0,0,,,,,,,,,
1205749,2019/20,2019-11-09,Lalbhai Contractor Stadium,2,11.2,Nagaland,Sikkim,SS Mundhe,STR Binny,Iqbal Abdulla,1,0,,,,,,,,,
1205749,2019/20,2019-11-09,Lalbhai Contractor Stadium,2,11.3,Nagaland,Sikkim,STR Binny,SS Mundhe,Iqbal Abdulla,1,0,,,,,,,,,
1205749,2019/20,2019-11-09,Lalbhai Contractor Stadium,2,11.4,Nagaland,Sikkim,SS Mundhe,STR Binny,Iqbal Abdulla,1,0,,,,,,,,,
1205749,2019/20,2019-11-09,Lalbhai Contractor Stadium,2,11.5,Nagaland,Sikkim,STR Binny,SS Mundhe,Iqbal Abdulla,1,0,,,,,,,,,
1205749,2019/20,2019-11-09,Lalbhai Contractor Stadium,2,11.6,Nagaland,Sikkim,SS Mundhe,STR Binny,Iqbal Abdulla,1,0,,,,,,,,,
1205749,2019/20,2019-11-09,Lalbhai Contractor Stadium,2,12.1,Nagaland,Sikkim,SS Mundhe,STR Binny,Padam Limboo,4,0,,,,,,,,,
1205749,2019/20,2019-11-09,Lalbhai Contractor Stadium,2,12.2,Nagaland,Sikkim,SS Mundhe,STR Binny,Padam Limboo,2,0,,,,,,,,,
1205749,2019/20,2019-11-09,Lalbhai Contractor Stadium,2,12.3,Nagaland,Sikkim,SS Mundhe,STR Binny,Padam Limboo,2,0,,,,,,,,,
1205749,2019/20,2019-11-09,Lalbhai Contractor Stadium,2,12.4,Nagaland,Sikkim,SS Mundhe,STR Binny,Padam Limboo,1,0,,,,,,,,,
1205749,2019/20,2019-11-09,Lalbhai Contractor Stadium,2,12.5,Nagaland,Sikkim,STR Binny,SS Mundhe,Padam Limboo,1,0,,,,,,,,,
1205749,2019/20,2019-11-09,Lalbhai Contractor Stadium,2,12.6,Nagaland,Sikkim,SS Mundhe,STR Binny,Padam Limboo,0,0,,,,,,,,,
1205749,2019/20,2019-11-09,Lalbhai Contractor Stadium,2,13.1,Nagaland,Sikkim,STR Binny,SS Mundhe,Pritam Nirala,1,0,,,,,,,,,
1205749,2019/20,2019-11-09,Lalbhai Contractor Stadium,2,13.2,Nagaland,Sikkim,SS Mundhe,STR Binny,Pritam Nirala,4,0,,,,,,,,,
1205749,2019/20,2019-11-09,Lalbhai Contractor Stadium,2,13.3,Nagaland,Sikkim,SS Mundhe,STR Binny,Pritam Nirala,3,0,,,,,,,,,
1205749,2019/20,2019-11-09,Lalbhai Contractor Stadium,2,13.4,Nagaland,Sikkim,STR Binny,SS Mundhe,Pritam Nirala,1,0,,,,,,,,,
1205749,2019/20,2019-11-09,Lalbhai Contractor Stadium,2,13.5,Nagaland,Sikkim,SS Mundhe,STR Binny,Pritam Nirala,4,0,,,,,,,,,
1205749,2019/20,2019-11-09,Lalbhai Contractor Stadium,2,13.6,Nagaland,Sikkim,SS Mundhe,STR Binny,Pritam Nirala,1,0,,,,,,,,,
1205749,2019/20,2019-11-09,Lalbhai Contractor Stadium,2,14.1,Nagaland,Sikkim,SS Mundhe,STR Binny,Iqbal Abdulla,0,0,,,,,,,,,
1205749,2019/20,2019-11-09,Lalbhai Contractor Stadium,2,14.2,Nagaland,Sikkim,SS Mundhe,STR Binny,Iqbal Abdulla,1,0,,,,,,,,,
1205749,2019/20,2019-11-09,Lalbhai Contractor Stadium,2,14.3,Nagaland,Sikkim,STR Binny,SS Mundhe,Iqbal Abdulla,1,0,,,,,,,,,
1205749,2019/20,2019-11-09,Lalbhai Contractor Stadium,2,14.4,Nagaland,Sikkim,SS Mundhe,STR Binny,Iqbal Abdulla,1,0,,,,,,,,,
1205749,2019/20,2019-11-09,Lalbhai Contractor Stadium,2,14.5,Nagaland,Sikkim,STR Binny,SS Mundhe,Iqbal Abdulla,2,0,,,,,,,,,
1205749,2019/20,2019-11-09,Lalbhai Contractor Stadium,2,14.6,Nagaland,Sikkim,STR Binny,SS Mundhe,Iqbal Abdulla,6,0,,,,,,,,,
1205749,2019/20,2019-11-09,Lalbhai Contractor Stadium,2,15.1,Nagaland,Sikkim,SS Mundhe,STR Binny,Ishwar Chaudhary,1,0,,,,,,,,,
1205749,2019/20,2019-11-09,Lalbhai Contractor Stadium,2,15.2,Nagaland,Sikkim,STR Binny,SS Mundhe,Ishwar Chaudhary,6,0,,,,,,,,,
1205749,2019/20,2019-11-09,Lalbhai Contractor Stadium,2,15.3,Nagaland,Sikkim,STR Binny,SS Mundhe,Ishwar Chaudhary,1,0,,,,,,,,,
1205749,2019/20,2019-11-09,Lalbhai Contractor Stadium,2,15.4,Nagaland,Sikkim,SS Mundhe,STR Binny,Ishwar Chaudhary,0,0,,,,,,,,,
1205749,2019/20,2019-11-09,Lalbhai Contractor Stadium,2,15.5,Nagaland,Sikkim,SS Mundhe,STR Binny,Ishwar Chaudhary,1,0,,,,,,,,,
1205749,2019/20,2019-11-09,Lalbhai Contractor Stadium,2,15.6,Nagaland,Sikkim,STR Binny,SS Mundhe,Ishwar Chaudhary,0,1,1,,,,,,,,
1205749,2019/20,2019-11-09,Lalbhai Contractor Stadium,2,15.7,Nagaland,Sikkim,STR Binny,SS Mundhe,Ishwar Chaudhary,6,0,,,,,,,,,
1205749,2019/20,2019-11-09,Lalbhai Contractor Stadium,2,16.1,Nagaland,Sikkim,SS Mundhe,STR Binny,Palzor Tamang,1,0,,,,,,,,,
1205749,2019/20,2019-11-09,Lalbhai Contractor Stadium,2,16.2,Nagaland,Sikkim,STR Binny,SS Mundhe,Palzor Tamang,0,1,1,,,,,,,,
1205749,2019/20,2019-11-09,Lalbhai Contractor Stadium,2,16.3,Nagaland,Sikkim,STR Binny,SS Mundhe,Palzor Tamang,1,0,,,,,,,,,
1205749,2019/20,2019-11-09,Lalbhai Contractor Stadium,2,16.4,Nagaland,Sikkim,SS Mundhe,STR Binny,Palzor Tamang,0,0,,,,,,,,,
1205749,2019/20,2019-11-09,Lalbhai Contractor Stadium,2,16.5,Nagaland,Sikkim,SS Mundhe,STR Binny,Palzor Tamang,1,0,,,,,,,,,
1205749,2019/20,2019-11-09,Lalbhai Contractor Stadium,2,16.6,Nagaland,Sikkim,STR Binny,SS Mundhe,Palzor Tamang,1,0,,,,,,,,,
1205749,2019/20,2019-11-09,Lalbhai Contractor Stadium,2,16.7,Nagaland,Sikkim,SS Mundhe,STR Binny,Palzor Tamang,1,0,,,,,,,,,
1205749,2019/20,2019-11-09,Lalbhai Contractor Stadium,2,17.1,Nagaland,Sikkim,SS Mundhe,STR Binny,Dinesh Rai,1,0,,,,,,,,,
1205749,2019/20,2019-11-09,Lalbhai Contractor Stadium,2,17.2,Nagaland,Sikkim,STR Binny,SS Mundhe,Dinesh Rai,4,0,,,,,,,,,
1205749,2019/20,2019-11-09,Lalbhai Contractor Stadium,2,17.3,Nagaland,Sikkim,STR Binny,SS Mundhe,Dinesh Rai,6,0,,,,,,,,,
