match_id,season,start_date,venue,innings,ball,batting_team,bowling_team,striker,non_striker,bowler,runs_off_bat,extras,wides,noballs,byes,legbyes,penalty,wicket_type,player_dismissed,other_wicket_type,other_player_dismissed
1205855,2019/20,2019-11-25,Lalbhai Contractor Stadium,1,0.1,Punjab,Tamil Nadu,Abhishek Sharma,Shubman Gill,R Sai Kishore,1,0,,,,,,,,,
1205855,2019/20,2019-11-25,Lalbhai Contractor Stadium,1,0.2,Punjab,Tamil Nadu,Shubman Gill,Abhishek Sharma,R Sai Kishore,0,1,,,,1,,,,,
1205855,2019/20,2019-11-25,Lalbhai Contractor Stadium,1,0.3,Punjab,Tamil Nadu,Abhishek Sharma,Shubman Gill,R Sai Kishore,0,0,,,,,,lbw,Abhishek Sharma,,
1205855,2019/20,2019-11-25,Lalbhai Contractor Stadium,1,0.4,Punjab,Tamil Nadu,Mandeep Singh,Shubman Gill,R Sai Kishore,0,0,,,,,,,,,
1205855,2019/20,2019-11-25,Lalbhai Contractor Stadium,1,0.5,Punjab,Tamil Nadu,Mandeep Singh,Shubman Gill,R Sai Kishore,0,0,,,,,,,,,
1205855,2019/20,2019-11-25,Lalbhai Contractor Stadium,1,0.6,Punjab,Tamil Nadu,Mandeep Singh,Shubman Gill,R Sai Kishore,1,0,,,,,,,,,
1205855,2019/20,2019-11-25,Lalbhai Contractor Stadium,1,1.1,Punjab,Tamil Nadu,Mandeep Singh,Shubman Gill,M Siddharth,0,0,,,,,,,,,
1205855,2019/20,2019-11-25,Lalbhai Contractor Stadium,1,1.2,Punjab,Tamil Nadu,Mandeep Singh,Shubman Gill,M Siddharth,4,0,,,,,,,,,
1205855,2019/20,2019-11-25,Lalbhai Contractor Stadium,1,1.3,Punjab,Tamil Nadu,Mandeep Singh,Shubman Gill,M Siddharth,0,0,,,,,,,,,
1205855,2019/20,2019-11-25,Lalbhai Contractor Stadium,1,1.4,Punjab,Tamil Nadu,Mandeep Singh,Shubman Gill,M Siddharth,0,0,,,,,,bowled,Mandeep Singh,,
1205855,2019/20,2019-11-25,Lalbhai Contractor Stadium,1,1.5,Punjab,Tamil Nadu,Anmolpreet Singh,Shubman Gill,M Siddharth,0,0,,,,,,,,,
1205855,2019/20,2019-11-25,Lalbhai Contractor Stadium,1,1.6,Punjab,Tamil Nadu,Anmolpreet Singh,Shubman Gill,M Siddharth,0,0,,,,,,,,,
1205855,2019/20,2019-11-25,Lalbhai Contractor Stadium,1,2.1,Punjab,Tamil Nadu,Shubman Gill,Anmolpreet Singh,R Sai Kishore,0,0,,,,,,,,,
1205855,2019/20,2019-11-25,Lalbhai Contractor Stadium,1,2.2,Punjab,Tamil Nadu,Shubman Gill,Anmolpreet Singh,R Sai Kishore,1,0,,,,,,,,,
1205855,2019/20,2019-11-25,Lalbhai Contractor Stadium,1,2.3,Punjab,Tamil Nadu,Anmolpreet Singh,Shubman Gill,R Sai Kishore,0,0,,,,,,,,,
1205855,2019/20,2019-11-25,Lalbhai Contractor Stadium,1,2.4,Punjab,Tamil Nadu,Anmolpreet Singh,Shubman Gill,R Sai Kishore,4,0,,,,,,,,,
1205855,2019/20,2019-11-25,Lalbhai Contractor Stadium,1,2.5,Punjab,Tamil Nadu,Anmolpreet Singh,Shubman Gill,R Sai Kishore,1,0,,,,,,,,,
1205855,2019/20,2019-11-25,Lalbhai Contractor Stadium,1,2.6,Punjab,Tamil Nadu,Shubman Gill,Anmolpreet Singh,R Sai Kishore,0,0,,,,,,,,,
1205855,2019/20,2019-11-25,Lalbhai Contractor Stadium,1,3.1,Punjab,Tamil Nadu,Anmolpreet Singh,Shubman Gill,M Siddharth,0,0,,,,,,,,,
1205855,2019/20,2019-11-25,Lalbhai Contractor Stadium,1,3.2,Punjab,Tamil Nadu,Anmolpreet Singh,Shubman Gill,M Siddharth,0,0,,,,,,,,,
1205855,2019/20,2019-11-25,Lalbhai Contractor Stadium,1,3.3,Punjab,Tamil Nadu,Anmolpreet Singh,Shubman Gill,M Siddharth,1,0,,,,,,,,,
1205855,2019/20,2019-11-25,Lalbhai Contractor Stadium,1,3.4,Punjab,Tamil Nadu,Shubman Gill,Anmolpreet Singh,M Siddharth,0,0,,,,,,,,,
1205855,2019/20,2019-11-25,Lalbhai Contractor Stadium,1,3.5,Punjab,Tamil Nadu,Shubman Gill,Anmolpreet Singh,M Siddharth,1,0,,,,,,,,,
1205855,2019/20,2019-11-25,Lalbhai Contractor Stadium,1,3.6,Punjab,Tamil Nadu,Anmolpreet Singh,Shubman Gill,M Siddharth,0,0,,,,,,bowled,Anmolpreet Singh,,
1205855,2019/20,2019-11-25,Lalbhai Contractor Stadium,1,4.1,Punjab,Tamil Nadu,Shubman Gill,Gurkeerat Singh,R Sai Kishore,0,0,,,,,,,,,
1205855,2019/20,2019-11-25,Lalbhai Contractor Stadium,1,4.2,Punjab,Tamil Nadu,Shubman Gill,Gurkeerat Singh,R Sai Kishore,0,0,,,,,,,,,
1205855,2019/20,2019-11-25,Lalbhai Contractor Stadium,1,4.3,Punjab,Tamil Nadu,Shubman Gill,Gurkeerat Singh,R Sai Kishore,0,0,,,,,,,,,
1205855,2019/20,2019-11-25,Lalbhai Contractor Stadium,1,4.4,Punjab,Tamil Nadu,Shubman Gill,Gurkeerat Singh,R Sai Kishore,0,0,,,,,,,,,
1205855,2019/20,2019-11-25,Lalbhai Contractor Stadium,1,4.5,Punjab,Tamil Nadu,Shubman Gill,Gurkeerat Singh,R Sai Kishore,0,0,,,,,,caught,Shubman Gill,,
1205855,2019/20,2019-11-25,Lalbhai Contractor Stadium,1,4.6,Punjab,Tamil Nadu,Karan Kaila,Gurkeerat Singh,R Sai Kishore,0,0,,,,,,bowled,Karan Kaila,,
1205855,2019/20,2019-11-25,Lalbhai Contractor Stadium,1,5.1,Punjab,Tamil Nadu,Gurkeerat Singh,Harpreet Brar,Washington Sundar,1,0,,,,,,,,,
1205855,2019/20,2019-11-25,Lalbhai Contractor Stadium,1,5.2,Punjab,Tamil Nadu,Harpreet Brar,Gurkeerat Singh,Washington Sundar,0,0,,,,,,,,,
1205855,2019/20,2019-11-25,Lalbhai Contractor Stadium,1,5.3,Punjab,Tamil Nadu,Harpreet Brar,Gurkeerat Singh,Washington Sundar,0,0,,,,,,,,,
1205855,2019/20,2019-11-25,Lalbhai Contractor Stadium,1,5.4,Punjab,Tamil Nadu,Harpreet Brar,Gurkeerat Singh,Washington Sundar,0,0,,,,,,,,,
1205855,2019/20,2019-11-25,Lalbhai Contractor Stadium,1,5.5,Punjab,Tamil Nadu,Harpreet Brar,Gurkeerat Singh,Washington Sundar,1,0,,,,,,,,,
1205855,2019/20,2019-11-25,Lalbhai Contractor Stadium,1,5.6,Punjab,Tamil Nadu,Gurkeerat Singh,Harpreet Brar,Washington Sundar,0,0,,,,,,,,,
1205855,2019/20,2019-11-25,Lalbhai Contractor Stadium,1,6.1,Punjab,Tamil Nadu,Harpreet Brar,Gurkeerat Singh,R Sai Kishore,0,0,,,,,,,,,
1205855,2019/20,2019-11-25,Lalbhai Contractor Stadium,1,6.2,Punjab,Tamil Nadu,Harpreet Brar,Gurkeerat Singh,R Sai Kishore,1,0,,,,,,,,,
1205855,2019/20,2019-11-25,Lalbhai Contractor Stadium,1,6.3,Punjab,Tamil Nadu,Gurkeerat Singh,Harpreet Brar,R Sai Kishore,1,0,,,,,,,,,
1205855,2019/20,2019-11-25,Lalbhai Contractor Stadium,1,6.4,Punjab,Tamil Nadu,Harpreet Brar,Gurkeerat Singh,R Sai Kishore,0,0,,,,,,,,,
1205855,2019/20,2019-11-25,Lalbhai Contractor Stadium,1,6.5,Punjab,Tamil Nadu,Harpreet Brar,Gurkeerat Singh,R Sai Kishore,0,0,,,,,,,,,
1205855,2019/20,2019-11-25,Lalbhai Contractor Stadium,1,6.6,Punjab,Tamil Nadu,Harpreet Brar,Gurkeerat Singh,R Sai Kishore,0,0,,,,,,,,,
1205855,2019/20,2019-11-25,Lalbhai Contractor Stadium,1,7.1,Punjab,Tamil Nadu,Gurkeerat Singh,Harpreet Brar,Washington Sundar,0,0,,,,,,,,,
1205855,2019/20,2019-11-25,Lalbhai Contractor Stadium,1,7.2,Punjab,Tamil Nadu,Gurkeerat Singh,Harpreet Brar,Washington Sundar,0,0,,,,,,,,,
1205855,2019/20,2019-11-25,Lalbhai Contractor Stadium,1,7.3,Punjab,Tamil Nadu,Gurkeerat Singh,Harpreet Brar,Washington Sundar,1,0,,,,,,,,,
1205855,2019/20,2019-11-25,Lalbhai Contractor Stadium,1,7.4,Punjab,Tamil Nadu,Harpreet Brar,Gurkeerat Singh,Washington Sundar,0,0,,,,,,,,,
1205855,2019/20,2019-11-25,Lalbhai Contractor Stadium,1,7.5,Punjab,Tamil Nadu,Harpreet Brar,Gurkeerat Singh,Washington Sundar,0,0,,,,,,,,,
1205855,2019/20,2019-11-25,Lalbhai Contractor Stadium,1,7.6,Punjab,Tamil Nadu,Harpreet Brar,Gurkeerat Singh,Washington Sundar,0,0,,,,,,,,,
1205855,2019/20,2019-11-25,Lalbhai Contractor Stadium,1,8.1,Punjab,Tamil Nadu,Gurkeerat Singh,Harpreet Brar,M Siddharth,1,0,,,,,,,,,
1205855,2019/20,2019-11-25,Lalbhai Contractor Stadium,1,8.2,Punjab,Tamil Nadu,Harpreet Brar,Gurkeerat Singh,M Siddharth,0,0,,,,,,,,,
1205855,2019/20,2019-11-25,Lalbhai Contractor Stadium,1,8.3,Punjab,Tamil Nadu,Harpreet Brar,Gurkeerat Singh,M Siddharth,0,0,,,,,,,,,
1205855,2019/20,2019-11-25,Lalbhai Contractor Stadium,1,8.4,Punjab,Tamil Nadu,Harpreet Brar,Gurkeerat Singh,M Siddharth,0,0,,,,,,,,,
1205855,2019/20,2019-11-25,Lalbhai Contractor Stadium,1,8.5,Punjab,Tamil Nadu,Harpreet Brar,Gurkeerat Singh,M Siddharth,0,0,,,,,,,,,
1205855,2019/20,2019-11-25,Lalbhai Contractor Stadium,1,8.6,Punjab,Tamil Nadu,Harpreet Brar,Gurkeerat Singh,M Siddharth,0,0,,,,,,caught,Harpreet Brar,,
1205855,2019/20,2019-11-25,Lalbhai Contractor Stadium,1,9.1,Punjab,Tamil Nadu,Anmol Malhotra,Gurkeerat Singh,Washington Sundar,1,0,,,,,,,,,
1205855,2019/20,2019-11-25,Lalbhai Contractor Stadium,1,9.2,Punjab,Tamil Nadu,Gurkeerat Singh,Anmol Malhotra,Washington Sundar,1,0,,,,,,,,,
1205855,2019/20,2019-11-25,Lalbhai Contractor Stadium,1,9.3,Punjab,Tamil Nadu,Anmol Malhotra,Gurkeerat Singh,Washington Sundar,0,0,,,,,,,,,
1205855,2019/20,2019-11-25,Lalbhai Contractor Stadium,1,9.4,Punjab,Tamil Nadu,Anmol Malhotra,Gurkeerat Singh,Washington Sundar,0,0,,,,,,,,,
1205855,2019/20,2019-11-25,Lalbhai Contractor Stadium,1,9.5,Punjab,Tamil Nadu,Anmol Malhotra,Gurkeerat Singh,Washington Sundar,0,1,,,,1,,,,,
1205855,2019/20,2019-11-25,Lalbhai Contractor Stadium,1,9.6,Punjab,Tamil Nadu,Gurkeerat Singh,Anmol Malhotra,Washington Sundar,0,0,,,,,,,,,
1205855,2019/20,2019-11-25,Lalbhai Contractor Stadium,1,10.1,Punjab,Tamil Nadu,Anmol Malhotra,Gurkeerat Singh,M Siddharth,0,0,,,,,,,,,
1205855,2019/20,2019-11-25,Lalbhai Contractor Stadium,1,10.2,Punjab,Tamil Nadu,Anmol Malhotra,Gurkeerat Singh,M Siddharth,1,0,,,,,,,,,
1205855,2019/20,2019-11-25,Lalbhai Contractor Stadium,1,10.3,Punjab,Tamil Nadu,Gurkeerat Singh,Anmol Malhotra,M Siddharth,0,0,,,,,,,,,
1205855,2019/20,2019-11-25,Lalbhai Contractor Stadium,1,10.4,Punjab,Tamil Nadu,Gurkeerat Singh,Anmol Malhotra,M Siddharth,0,0,,,,,,,,,
1205855,2019/20,2019-11-25,Lalbhai Contractor Stadium,1,10.5,Punjab,Tamil Nadu,Gurkeerat Singh,Anmol Malhotra,M Siddharth,0,0,,,,,,,,,
1205855,2019/20,2019-11-25,Lalbhai Contractor Stadium,1,10.6,Punjab,Tamil Nadu,Gurkeerat Singh,Anmol Malhotra,M Siddharth,1,0,,,,,,,,,
1205855,2019/20,2019-11-25,Lalbhai Contractor Stadium,1,11.1,Punjab,Tamil Nadu,Gurkeerat Singh,Anmol Malhotra,Washington Sundar,1,0,,,,,,,,,
1205855,2019/20,2019-11-25,Lalbhai Contractor Stadium,1,11.2,Punjab,Tamil Nadu,Anmol Malhotra,Gurkeerat Singh,Washington Sundar,0,0,,,,,,,,,
1205855,2019/20,2019-11-25,Lalbhai Contractor Stadium,1,11.3,Punjab,Tamil Nadu,Anmol Malhotra,Gurkeerat Singh,Washington Sundar,0,0,,,,,,,,,
1205855,2019/20,2019-11-25,Lalbhai Contractor Stadium,1,11.4,Punjab,Tamil Nadu,Anmol Malhotra,Gurkeerat Singh,Washington Sundar,0,0,,,,,,,,,
1205855,2019/20,2019-11-25,Lalbhai Contractor Stadium,1,11.5,Punjab,Tamil Nadu,Anmol Malhotra,Gurkeerat Singh,Washington Sundar,0,0,,,,,,,,,
1205855,2019/20,2019-11-25,Lalbhai Contractor Stadium,1,11.6,Punjab,Tamil Nadu,Anmol Malhotra,Gurkeerat Singh,Washington Sundar,0,0,,,,,,,,,
1205855,2019/20,2019-11-25,Lalbhai Contractor Stadium,1,12.1,Punjab,Tamil Nadu,Gurkeerat Singh,Anmol Malhotra,M Ashwin,1,1,,1,,,,,,,
1205855,2019/20,2019-11-25,Lalbhai Contractor Stadium,1,12.2,Punjab,Tamil Nadu,Anmol Malhotra,Gurkeerat Singh,M Ashwin,0,0,,,,,,,,,
1205855,2019/20,2019-11-25,Lalbhai Contractor Stadium,1,12.3,Punjab,Tamil Nadu,Anmol Malhotra,Gurkeerat Singh,M Ashwin,6,0,,,,,,,,,
1205855,2019/20,2019-11-25,Lalbhai Contractor Stadium,1,12.4,Punjab,Tamil Nadu,Anmol Malhotra,Gurkeerat Singh,M Ashwin,1,0,,,,,,,,,
1205855,2019/20,2019-11-25,Lalbhai Contractor Stadium,1,12.5,Punjab,Tamil Nadu,Gurkeerat Singh,Anmol Malhotra,M Ashwin,2,0,,,,,,,,,
1205855,2019/20,2019-11-25,Lalbhai Contractor Stadium,1,12.6,Punjab,Tamil Nadu,Gurkeerat Singh,Anmol Malhotra,M Ashwin,0,0,,,,,,,,,
1205855,2019/20,2019-11-25,Lalbhai Contractor Stadium,1,12.7,Punjab,Tamil Nadu,Gurkeerat Singh,Anmol Malhotra,M Ashwin,6,0,,,,,,,,,
1205855,2019/20,2019-11-25,Lalbhai Contractor Stadium,1,13.1,Punjab,Tamil Nadu,Anmol Malhotra,Gurkeerat Singh,B Aparajith,1,0,,,,,,,,,
1205855,2019/20,2019-11-25,Lalbhai Contractor Stadium,1,13.2,Punjab,Tamil Nadu,Gurkeerat Singh,Anmol Malhotra,B Aparajith,1,0,,,,,,,,,
1205855,2019/20,2019-11-25,Lalbhai Contractor Stadium,1,13.3,Punjab,Tamil Nadu,Anmol Malhotra,Gurkeerat Singh,B Aparajith,0,1,1,,,,,stumped,Anmol Malhotra,,
1205855,2019/20,2019-11-25,Lalbhai Contractor Stadium,1,13.4,Punjab,Tamil Nadu,M Markande,Gurkeerat Singh,B Aparajith,1,0,,,,,,,,,
1205855,2019/20,2019-11-25,Lalbhai Contractor Stadium,1,13.5,Punjab,Tamil Nadu,Gurkeerat Singh,M Markande,B Aparajith,1,0,,,,,,,,,
1205855,2019/20,2019-11-25,Lalbhai Contractor Stadium,1,13.6,Punjab,Tamil Nadu,M Markande,Gurkeerat Singh,B Aparajith,0,0,,,,,,,,,
1205855,2019/20,2019-11-25,Lalbhai Contractor Stadium,1,13.7,Punjab,Tamil Nadu,M Markande,Gurkeerat Singh,B Aparajith,0,0,,,,,,,,,
1205855,2019/20,2019-11-25,Lalbhai Contractor Stadium,1,14.1,Punjab,Tamil Nadu,Gurkeerat Singh,M Markande,T Natarajan,1,0,,,,,,,,,
1205855,2019/20,2019-11-25,Lalbhai Contractor Stadium,1,14.2,Punjab,Tamil Nadu,M Markande,Gurkeerat Singh,T Natarajan,0,0,,,,,,,,,
1205855,2019/20,2019-11-25,Lalbhai Contractor Stadium,1,14.3,Punjab,Tamil Nadu,M Markande,Gurkeerat Singh,T Natarajan,4,0,,,,,,,,,
1205855,2019/20,2019-11-25,Lalbhai Contractor Stadium,1,14.4,Punjab,Tamil Nadu,M Markande,Gurkeerat Singh,T Natarajan,0,0,,,,,,,,,
1205855,2019/20,2019-11-25,Lalbhai Contractor Stadium,1,14.5,Punjab,Tamil Nadu,M Markande,Gurkeerat Singh,T Natarajan,1,0,,,,,,,,,
1205855,2019/20,2019-11-25,Lalbhai Contractor Stadium,1,14.6,Punjab,Tamil Nadu,Gurkeerat Singh,M Markande,T Natarajan,0,0,,,,,,,,,
1205855,2019/20,2019-11-25,Lalbhai Contractor Stadium,1,15.1,Punjab,Tamil Nadu,M Markande,Gurkeerat Singh,B Aparajith,1,0,,,,,,,,,
1205855,2019/20,2019-11-25,Lalbhai Contractor Stadium,1,15.2,Punjab,Tamil Nadu,Gurkeerat Singh,M Markande,B Aparajith,0,1,1,,,,,,,,
1205855,2019/20,2019-11-25,Lalbhai Contractor Stadium,1,15.3,Punjab,Tamil Nadu,Gurkeerat Singh,M Markande,B Aparajith,6,0,,,,,,,,,
1205855,2019/20,2019-11-25,Lalbhai Contractor Stadium,1,15.4,Punjab,Tamil Nadu,Gurkeerat Singh,M Markande,B Aparajith,0,0,,,,,,,,,
1205855,2019/20,2019-11-25,Lalbhai Contractor Stadium,1,15.5,Punjab,Tamil Nadu,Gurkeerat Singh,M Markande,B Aparajith,0,0,,,,,,,,,
1205855,2019/20,2019-11-25,Lalbhai Contractor Stadium,1,15.6,Punjab,Tamil Nadu,Gurkeerat Singh,M Markande,B Aparajith,0,0,,,,,,caught,Gurkeerat Singh,,
1205855,2019/20,2019-11-25,Lalbhai Contractor Stadium,1,15.7,Punjab,Tamil Nadu,M Markande,Sandeep Sharma,B Aparajith,1,0,,,,,,,,,
1205855,2019/20,2019-11-25,Lalbhai Contractor Stadium,1,16.1,Punjab,Tamil Nadu,M Markande,Sandeep Sharma,T Natarajan,0,0,,,,,,,,,
1205855,2019/20,2019-11-25,Lalbhai Contractor Stadium,1,16.2,Punjab,Tamil Nadu,M Markande,Sandeep Sharma,T Natarajan,0,0,,,,,,,,,
1205855,2019/20,2019-11-25,Lalbhai Contractor Stadium,1,16.3,Punjab,Tamil Nadu,M Markande,Sandeep Sharma,T Natarajan,0,0,,,,,,,,,
1205855,2019/20,2019-11-25,Lalbhai Contractor Stadium,1,16.4,Punjab,Tamil Nadu,M Markande,Sandeep Sharma,T Natarajan,0,0,,,,,,,,,
1205855,2019/20,2019-11-25,Lalbhai Contractor Stadium,1,16.5,Punjab,Tamil Nadu,M Markande,Sandeep Sharma,T Natarajan,0,0,,,,,,,,,
1205855,2019/20,2019-11-25,Lalbhai Contractor Stadium,1,16.6,Punjab,Tamil Nadu,M Markande,Sandeep Sharma,T Natarajan,1,0,,,,,,,,,
1205855,2019/20,2019-11-25,Lalbhai Contractor Stadium,1,17.1,Punjab,Tamil Nadu,M Markande,Sandeep Sharma,B Aparajith,1,0,,,,,,,,,
1205855,2019/20,2019-11-25,Lalbhai Contractor Stadium,1,17.2,Punjab,Tamil Nadu,Sandeep Sharma,M Markande,B Aparajith,0,0,,,,,,,,,
1205855,2019/20,2019-11-25,Lalbhai Contractor Stadium,1,17.3,Punjab,Tamil Nadu,Sandeep Sharma,M Markande,B Aparajith,1,0,,,,,,,,,
1205855,2019/20,2019-11-25,Lalbhai Contractor Stadium,1,17.4,Punjab,Tamil Nadu,M Markande,Sandeep Sharma,B Aparajith,0,0,,,,,,,,,
1205855,2019/20,2019-11-25,Lalbhai Contractor Stadium,1,17.5,Punjab,Tamil Nadu,M Markande,Sandeep Sharma,B Aparajith,4,0,,,,,,,,,
1205855,2019/20,2019-11-25,Lalbhai Contractor Stadium,1,17.6,Punjab,Tamil Nadu,M Markande,Sandeep Sharma,B Aparajith,1,0,,,,,,,,,
1205855,2019/20,2019-11-25,Lalbhai Contractor Stadium,1,18.1,Punjab,Tamil Nadu,M Markande,Sandeep Sharma,T Natarajan,1,0,,,,,,,,,
1205855,2019/20,2019-11-25,Lalbhai Contractor Stadium,1,18.2,Punjab,Tamil Nadu,Sandeep Sharma,M Markande,T Natarajan,1,0,,,,,,,,,
1205855,2019/20,2019-11-25,Lalbhai Contractor Stadium,1,18.3,Punjab,Tamil Nadu,M Markande,Sandeep Sharma,T Natarajan,2,0,,,,,,,,,
1205855,2019/20,2019-11-25,Lalbhai Contractor Stadium,1,18.4,Punjab,Tamil Nadu,M Markande,Sandeep Sharma,T Natarajan,1,0,,,,,,,,,
1205855,2019/20,2019-11-25,Lalbhai Contractor Stadium,1,18.5,Punjab,Tamil Nadu,Sandeep Sharma,M Markande,T Natarajan,0,0,,,,,,,,,
1205855,2019/20,2019-11-25,Lalbhai Contractor Stadium,1,18.6,Punjab,Tamil Nadu,Sandeep Sharma,M Markande,T Natarajan,1,0,,,,,,,,,
1205855,2019/20,2019-11-25,Lalbhai Contractor Stadium,1,19.1,Punjab,Tamil Nadu,Sandeep Sharma,M Markande,M Mohammed,1,0,,,,,,,,,
1205855,2019/20,2019-11-25,Lalbhai Contractor Stadium,1,19.2,Punjab,Tamil Nadu,M Markande,Sandeep Sharma,M Mohammed,4,0,,,,,,,,,
1205855,2019/20,2019-11-25,Lalbhai Contractor Stadium,1,19.3,Punjab,Tamil Nadu,M Markande,Sandeep Sharma,M Mohammed,1,0,,,,,,,,,
1205855,2019/20,2019-11-25,Lalbhai Contractor Stadium,1,19.4,Punjab,Tamil Nadu,Sandeep Sharma,M Markande,M Mohammed,1,0,,,,,,,,,
1205855,2019/20,2019-11-25,Lalbhai Contractor Stadium,1,19.5,Punjab,Tamil Nadu,M Markande,Sandeep Sharma,M Mohammed,6,0,,,,,,,,,
1205855,2019/20,2019-11-25,Lalbhai Contractor Stadium,1,19.6,Punjab,Tamil Nadu,M Markande,Sandeep Sharma,M Mohammed,3,0,,,,,,,,,
1205855,2019/20,2019-11-25,Lalbhai Contractor Stadium,2,0.1,Tamil Nadu,Punjab,Hari Nishaanth,M Shahrukh Khan,Harpreet Brar,0,0,,,,,,,,,
1205855,2019/20,2019-11-25,Lalbhai Contractor Stadium,2,0.2,Tamil Nadu,Punjab,Hari Nishaanth,M Shahrukh Khan,Harpreet Brar,0,1,,,1,,,,,,
1205855,2019/20,2019-11-25,Lalbhai Contractor Stadium,2,0.3,Tamil Nadu,Punjab,M Shahrukh Khan,Hari Nishaanth,Harpreet Brar,0,0,,,,,,,,,
1205855,2019/20,2019-11-25,Lalbhai Contractor Stadium,2,0.4,Tamil Nadu,Punjab,M Shahrukh Khan,Hari Nishaanth,Harpreet Brar,0,0,,,,,,,,,
1205855,2019/20,2019-11-25,Lalbhai Contractor Stadium,2,0.5,Tamil Nadu,Punjab,M Shahrukh Khan,Hari Nishaanth,Harpreet Brar,0,0,,,,,,,,,
1205855,2019/20,2019-11-25,Lalbhai Contractor Stadium,2,0.6,Tamil Nadu,Punjab,M Shahrukh Khan,Hari Nishaanth,Harpreet Brar,4,0,,,,,,,,,
1205855,2019/20,2019-11-25,Lalbhai Contractor Stadium,2,1.1,Tamil Nadu,Punjab,Hari Nishaanth,M Shahrukh Khan,Karan Kaila,4,0,,,,,,,,,
1205855,2019/20,2019-11-25,Lalbhai Contractor Stadium,2,1.2,Tamil Nadu,Punjab,Hari Nishaanth,M Shahrukh Khan,Karan Kaila,0,0,,,,,,,,,
1205855,2019/20,2019-11-25,Lalbhai Contractor Stadium,2,1.3,Tamil Nadu,Punjab,Hari Nishaanth,M Shahrukh Khan,Karan Kaila,1,0,,,,,,,,,
1205855,2019/20,2019-11-25,Lalbhai Contractor Stadium,2,1.4,Tamil Nadu,Punjab,M Shahrukh Khan,Hari Nishaanth,Karan Kaila,0,0,,,,,,,,,
1205855,2019/20,2019-11-25,Lalbhai Contractor Stadium,2,1.5,Tamil Nadu,Punjab,M Shahrukh Khan,Hari Nishaanth,Karan Kaila,1,0,,,,,,,,,
1205855,2019/20,2019-11-25,Lalbhai Contractor Stadium,2,1.6,Tamil Nadu,Punjab,Hari Nishaanth,M Shahrukh Khan,Karan Kaila,1,0,,,,,,,,,
1205855,2019/20,2019-11-25,Lalbhai Contractor Stadium,2,2.1,Tamil Nadu,Punjab,Hari Nishaanth,M Shahrukh Khan,Harpreet Brar,4,0,,,,,,,,,
1205855,2019/20,2019-11-25,Lalbhai Contractor Stadium,2,2.2,Tamil Nadu,Punjab,Hari Nishaanth,M Shahrukh Khan,Harpreet Brar,6,0,,,,,,,,,
1205855,2019/20,2019-11-25,Lalbhai Contractor Stadium,2,2.3,Tamil Nadu,Punjab,Hari Nishaanth,M Shahrukh Khan,Harpreet Brar,0,0,,,,,,stumped,Hari Nishaanth,,
1205855,2019/20,2019-11-25,Lalbhai Contractor Stadium,2,2.4,Tamil Nadu,Punjab,Washington Sundar,M Shahrukh Khan,Harpreet Brar,1,0,,,,,,,,,
1205855,2019/20,2019-11-25,Lalbhai Contractor Stadium,2,2.5,Tamil Nadu,Punjab,M Shahrukh Khan,Washington Sundar,Harpreet Brar,2,0,,,,,,,,,
1205855,2019/20,2019-11-25,Lalbhai Contractor Stadium,2,2.6,Tamil Nadu,Punjab,M Shahrukh Khan,Washington Sundar,Harpreet Brar,0,0,,,,,,,,,
1205855,2019/20,2019-11-25,Lalbhai Contractor Stadium,2,3.1,Tamil Nadu,Punjab,Washington Sundar,M Shahrukh Khan,M Markande,1,0,,,,,,,,,
1205855,2019/20,2019-11-25,Lalbhai Contractor Stadium,2,3.2,Tamil Nadu,Punjab,M Shahrukh Khan,Washington Sundar,M Markande,0,0,,,,,,caught,M Shahrukh Khan,,
1205855,2019/20,2019-11-25,Lalbhai Contractor Stadium,2,3.3,Tamil Nadu,Punjab,B Aparajith,Washington Sundar,M Markande,0,0,,,,,,,,,
1205855,2019/20,2019-11-25,Lalbhai Contractor Stadium,2,3.4,Tamil Nadu,Punjab,B Aparajith,Washington Sundar,M Markande,0,0,,,,,,,,,
1205855,2019/20,2019-11-25,Lalbhai Contractor Stadium,2,3.5,Tamil Nadu,Punjab,B Aparajith,Washington Sundar,M Markande,0,0,,,,,,,,,
1205855,2019/20,2019-11-25,Lalbhai Contractor Stadium,2,3.6,Tamil Nadu,Punjab,B Aparajith,Washington Sundar,M Markande,0,0,,,,,,caught,B Aparajith,,
1205855,2019/20,2019-11-25,Lalbhai Contractor Stadium,2,4.1,Tamil Nadu,Punjab,Washington Sundar,KD Karthik,Karan Kaila,1,0,,,,,,,,,
1205855,2019/20,2019-11-25,Lalbhai Contractor Stadium,2,4.2,Tamil Nadu,Punjab,KD Karthik,Washington Sundar,Karan Kaila,1,0,,,,,,,,,
1205855,2019/20,2019-11-25,Lalbhai Contractor Stadium,2,4.3,Tamil Nadu,Punjab,Washington Sundar,KD Karthik,Karan Kaila,1,0,,,,,,,,,
1205855,2019/20,2019-11-25,Lalbhai Contractor Stadium,2,4.4,Tamil Nadu,Punjab,KD Karthik,Washington Sundar,Karan Kaila,0,0,,,,,,,,,
1205855,2019/20,2019-11-25,Lalbhai Contractor Stadium,2,4.5,Tamil Nadu,Punjab,KD Karthik,Washington Sundar,Karan Kaila,0,0,,,,,,,,,
1205855,2019/20,2019-11-25,Lalbhai Contractor Stadium,2,4.6,Tamil Nadu,Punjab,KD Karthik,Washington Sundar,Karan Kaila,0,0,,,,,,,,,
1205855,2019/20,2019-11-25,Lalbhai Contractor Stadium,2,5.1,Tamil Nadu,Punjab,Washington Sundar,KD Karthik,M Markande,6,0,,,,,,,,,
1205855,2019/20,2019-11-25,Lalbhai Contractor Stadium,2,5.2,Tamil Nadu,Punjab,Washington Sundar,KD Karthik,M Markande,0,0,,,,,,,,,
1205855,2019/20,2019-11-25,Lalbhai Contractor Stadium,2,5.3,Tamil Nadu,Punjab,Washington Sundar,KD Karthik,M Markande,2,0,,,,,,,,,
1205855,2019/20,2019-11-25,Lalbhai Contractor Stadium,2,5.4,Tamil Nadu,Punjab,Washington Sundar,KD Karthik,M Markande,1,0,,,,,,,,,
1205855,2019/20,2019-11-25,Lalbhai Contractor Stadium,2,5.5,Tamil Nadu,Punjab,KD Karthik,Washington Sundar,M Markande,0,0,,,,,,,,,
1205855,2019/20,2019-11-25,Lalbhai Contractor Stadium,2,5.6,Tamil Nadu,Punjab,KD Karthik,Washington Sundar,M Markande,0,0,,,,,,,,,
1205855,2019/20,2019-11-25,Lalbhai Contractor Stadium,2,6.1,Tamil Nadu,Punjab,Washington Sundar,KD Karthik,Karan Kaila,1,0,,,,,,,,,
1205855,2019/20,2019-11-25,Lalbhai Contractor Stadium,2,6.2,Tamil Nadu,Punjab,KD Karthik,Washington Sundar,Karan Kaila,0,0,,,,,,,,,
1205855,2019/20,2019-11-25,Lalbhai Contractor Stadium,2,6.3,Tamil Nadu,Punjab,KD Karthik,Washington Sundar,Karan Kaila,1,0,,,,,,,,,
1205855,2019/20,2019-11-25,Lalbhai Contractor Stadium,2,6.4,Tamil Nadu,Punjab,Washington Sundar,KD Karthik,Karan Kaila,1,0,,,,,,,,,
1205855,2019/20,2019-11-25,Lalbhai Contractor Stadium,2,6.5,Tamil Nadu,Punjab,KD Karthik,Washington Sundar,Karan Kaila,0,0,,,,,,,,,
1205855,2019/20,2019-11-25,Lalbhai Contractor Stadium,2,6.6,Tamil Nadu,Punjab,KD Karthik,Washington Sundar,Karan Kaila,0,0,,,,,,,,,
1205855,2019/20,2019-11-25,Lalbhai Contractor Stadium,2,7.1,Tamil Nadu,Punjab,Washington Sundar,KD Karthik,M Markande,1,0,,,,,,,,,
1205855,2019/20,2019-11-25,Lalbhai Contractor Stadium,2,7.2,Tamil Nadu,Punjab,KD Karthik,Washington Sundar,M Markande,0,0,,,,,,,,,
1205855,2019/20,2019-11-25,Lalbhai Contractor Stadium,2,7.3,Tamil Nadu,Punjab,KD Karthik,Washington Sundar,M Markande,1,0,,,,,,,,,
1205855,2019/20,2019-11-25,Lalbhai Contractor Stadium,2,7.4,Tamil Nadu,Punjab,Washington Sundar,KD Karthik,M Markande,0,0,,,,,,,,,
1205855,2019/20,2019-11-25,Lalbhai Contractor Stadium,2,7.5,Tamil Nadu,Punjab,Washington Sundar,KD Karthik,M Markande,1,0,,,,,,,,,
1205855,2019/20,2019-11-25,Lalbhai Contractor Stadium,2,7.6,Tamil Nadu,Punjab,KD Karthik,Washington Sundar,M Markande,0,0,,,,,,,,,
1205855,2019/20,2019-11-25,Lalbhai Contractor Stadium,2,8.1,Tamil Nadu,Punjab,Washington Sundar,KD Karthik,Harpreet Brar,1,0,,,,,,,,,
1205855,2019/20,2019-11-25,Lalbhai Contractor Stadium,2,8.2,Tamil Nadu,Punjab,KD Karthik,Washington Sundar,Harpreet Brar,0,1,1,,,,,,,,
1205855,2019/20,2019-11-25,Lalbhai Contractor Stadium,2,8.3,Tamil Nadu,Punjab,KD Karthik,Washington Sundar,Harpreet Brar,1,0,,,,,,,,,
1205855,2019/20,2019-11-25,Lalbhai Contractor Stadium,2,8.4,Tamil Nadu,Punjab,Washington Sundar,KD Karthik,Harpreet Brar,1,0,,,,,,,,,
1205855,2019/20,2019-11-25,Lalbhai Contractor Stadium,2,8.5,Tamil Nadu,Punjab,KD Karthik,Washington Sundar,Harpreet Brar,0,0,,,,,,caught,KD Karthik,,
1205855,2019/20,2019-11-25,Lalbhai Contractor Stadium,2,8.6,Tamil Nadu,Punjab,V Shankar,Washington Sundar,Harpreet Brar,0,0,,,,,,,,,
1205855,2019/20,2019-11-25,Lalbhai Contractor Stadium,2,8.7,Tamil Nadu,Punjab,V Shankar,Washington Sundar,Harpreet Brar,0,0,,,,,,,,,
1205855,2019/20,2019-11-25,Lalbhai Contractor Stadium,2,9.1,Tamil Nadu,Punjab,Washington Sundar,V Shankar,M Markande,1,0,,,,,,,,,
1205855,2019/20,2019-11-25,Lalbhai Contractor Stadium,2,9.2,Tamil Nadu,Punjab,V Shankar,Washington Sundar,M Markande,0,0,,,,,,,,,
1205855,2019/20,2019-11-25,Lalbhai Contractor Stadium,2,9.3,Tamil Nadu,Punjab,V Shankar,Washington Sundar,M Markande,0,0,,,,,,,,,
1205855,2019/20,2019-11-25,Lalbhai Contractor Stadium,2,9.4,Tamil Nadu,Punjab,V Shankar,Washington Sundar,M Markande,0,0,,,,,,,,,
1205855,2019/20,2019-11-25,Lalbhai Contractor Stadium,2,9.5,Tamil Nadu,Punjab,V Shankar,Washington Sundar,M Markande,4,0,,,,,,,,,
1205855,2019/20,2019-11-25,Lalbhai Contractor Stadium,2,9.6,Tamil Nadu,Punjab,V Shankar,Washington Sundar,M Markande,0,0,,,,,,,,,
1205855,2019/20,2019-11-25,Lalbhai Contractor Stadium,2,10.1,Tamil Nadu,Punjab,Washington Sundar,V Shankar,Harpreet Brar,1,0,,,,,,,,,
1205855,2019/20,2019-11-25,Lalbhai Contractor Stadium,2,10.2,Tamil Nadu,Punjab,V Shankar,Washington Sundar,Harpreet Brar,0,0,,,,,,,,,
1205855,2019/20,2019-11-25,Lalbhai Contractor Stadium,2,10.3,Tamil Nadu,Punjab,V Shankar,Washington Sundar,Harpreet Brar,0,0,,,,,,,,,
1205855,2019/20,2019-11-25,Lalbhai Contractor Stadium,2,10.4,Tamil Nadu,Punjab,V Shankar,Washington Sundar,Harpreet Brar,0,0,,,,,,,,,
1205855,2019/20,2019-11-25,Lalbhai Contractor Stadium,2,10.5,Tamil Nadu,Punjab,V Shankar,Washington Sundar,Harpreet Brar,0,0,,,,,,,,,
1205855,2019/20,2019-11-25,Lalbhai Contractor Stadium,2,10.6,Tamil Nadu,Punjab,V Shankar,Washington Sundar,Harpreet Brar,1,0,,,,,,,,,
1205855,2019/20,2019-11-25,Lalbhai Contractor Stadium,2,11.1,Tamil Nadu,Punjab,V Shankar,Washington Sundar,Gurkeerat Singh,0,0,,,,,,,,,
1205855,2019/20,2019-11-25,Lalbhai Contractor Stadium,2,11.2,Tamil Nadu,Punjab,V Shankar,Washington Sundar,Gurkeerat Singh,1,0,,,,,,,,,
1205855,2019/20,2019-11-25,Lalbhai Contractor Stadium,2,11.3,Tamil Nadu,Punjab,Washington Sundar,V Shankar,Gurkeerat Singh,1,0,,,,,,,,,
1205855,2019/20,2019-11-25,Lalbhai Contractor Stadium,2,11.4,Tamil Nadu,Punjab,V Shankar,Washington Sundar,Gurkeerat Singh,1,0,,,,,,,,,
1205855,2019/20,2019-11-25,Lalbhai Contractor Stadium,2,11.5,Tamil Nadu,Punjab,Washington Sundar,V Shankar,Gurkeerat Singh,0,0,,,,,,,,,
1205855,2019/20,2019-11-25,Lalbhai Contractor Stadium,2,11.6,Tamil Nadu,Punjab,Washington Sundar,V Shankar,Gurkeerat Singh,1,0,,,,,,,,,
1205855,2019/20,2019-11-25,Lalbhai Contractor Stadium,2,12.1,Tamil Nadu,Punjab,Washington Sundar,V Shankar,Abhishek Sharma,1,0,,,,,,,,,
1205855,2019/20,2019-11-25,Lalbhai Contractor Stadium,2,12.2,Tamil Nadu,Punjab,V Shankar,Washington Sundar,Abhishek Sharma,1,0,,,,,,,,,
1205855,2019/20,2019-11-25,Lalbhai Contractor Stadium,2,12.3,Tamil Nadu,Punjab,Washington Sundar,V Shankar,Abhishek Sharma,0,1,,,,1,,,,,
1205855,2019/20,2019-11-25,Lalbhai Contractor Stadium,2,12.4,Tamil Nadu,Punjab,V Shankar,Washington Sundar,Abhishek Sharma,0,0,,,,,,,,,
1205855,2019/20,2019-11-25,Lalbhai Contractor Stadium,2,12.5,Tamil Nadu,Punjab,V Shankar,Washington Sundar,Abhishek Sharma,1,0,,,,,,,,,
1205855,2019/20,2019-11-25,Lalbhai Contractor Stadium,2,12.6,Tamil Nadu,Punjab,Washington Sundar,V Shankar,Abhishek Sharma,0,0,,,,,,,,,
1205855,2019/20,2019-11-25,Lalbhai Contractor Stadium,2,13.1,Tamil Nadu,Punjab,V Shankar,Washington Sundar,Gurkeerat Singh,1,0,,,,,,,,,
1205855,2019/20,2019-11-25,Lalbhai Contractor Stadium,2,13.2,Tamil Nadu,Punjab,Washington Sundar,V Shankar,Gurkeerat Singh,0,0,,,,,,,,,
1205855,2019/20,2019-11-25,Lalbhai Contractor Stadium,2,13.3,Tamil Nadu,Punjab,Washington Sundar,V Shankar,Gurkeerat Singh,0,0,,,,,,,,,
1205855,2019/20,2019-11-25,Lalbhai Contractor Stadium,2,13.4,Tamil Nadu,Punjab,Washington Sundar,V Shankar,Gurkeerat Singh,1,0,,,,,,,,,
1205855,2019/20,2019-11-25,Lalbhai Contractor Stadium,2,13.5,Tamil Nadu,Punjab,V Shankar,Washington Sundar,Gurkeerat Singh,0,1,1,,,,,,,,
1205855,2019/20,2019-11-25,Lalbhai Contractor Stadium,2,13.6,Tamil Nadu,Punjab,V Shankar,Washington Sundar,Gurkeerat Singh,1,0,,,,,,,,,
1205855,2019/20,2019-11-25,Lalbhai Contractor Stadium,2,13.7,Tamil Nadu,Punjab,Washington Sundar,V Shankar,Gurkeerat Singh,0,0,,,,,,,,,
1205855,2019/20,2019-11-25,Lalbhai Contractor Stadium,2,14.1,Tamil Nadu,Punjab,V Shankar,Washington Sundar,Abhishek Sharma,1,0,,,,,,,,,
1205855,2019/20,2019-11-25,Lalbhai Contractor Stadium,2,14.2,Tamil Nadu,Punjab,Washington Sundar,V Shankar,Abhishek Sharma,1,0,,,,,,,,,
1205855,2019/20,2019-11-25,Lalbhai Contractor Stadium,2,14.3,Tamil Nadu,Punjab,V Shankar,Washington Sundar,Abhishek Sharma,0,0,,,,,,,,,
1205855,2019/20,2019-11-25,Lalbhai Contractor Stadium,2,14.4,Tamil Nadu,Punjab,V Shankar,Washington Sundar,Abhishek Sharma,1,0,,,,,,,,,
1205855,2019/20,2019-11-25,Lalbhai Contractor Stadium,2,14.5,Tamil Nadu,Punjab,Washington Sundar,V Shankar,Abhishek Sharma,0,0,,,,,,,,,
1205855,2019/20,2019-11-25,Lalbhai Contractor Stadium,2,14.6,Tamil Nadu,Punjab,Washington Sundar,V Shankar,Abhishek Sharma,1,0,,,,,,,,,
1205855,2019/20,2019-11-25,Lalbhai Contractor Stadium,2,15.1,Tamil Nadu,Punjab,Washington Sundar,V Shankar,Gurkeerat Singh,1,0,,,,,,,,,
1205855,2019/20,2019-11-25,Lalbhai Contractor Stadium,2,15.2,Tamil Nadu,Punjab,V Shankar,Washington Sundar,Gurkeerat Singh,0,1,1,,,,,,,,
1205855,2019/20,2019-11-25,Lalbhai Contractor Stadium,2,15.3,Tamil Nadu,Punjab,V Shankar,Washington Sundar,Gurkeerat Singh,1,0,,,,,,,,,
1205855,2019/20,2019-11-25,Lalbhai Contractor Stadium,2,15.4,Tamil Nadu,Punjab,Washington Sundar,V Shankar,Gurkeerat Singh,1,0,,,,,,,,,
1205855,2019/20,2019-11-25,Lalbhai Contractor Stadium,2,15.5,Tamil Nadu,Punjab,V Shankar,Washington Sundar,Gurkeerat Singh,1,0,,,,,,,,,
1205855,2019/20,2019-11-25,Lalbhai Contractor Stadium,2,15.6,Tamil Nadu,Punjab,Washington Sundar,V Shankar,Gurkeerat Singh,1,0,,,,,,,,,
1205855,2019/20,2019-11-25,Lalbhai Contractor Stadium,2,15.7,Tamil Nadu,Punjab,V Shankar,Washington Sundar,Gurkeerat Singh,1,0,,,,,,,,,
1205855,2019/20,2019-11-25,Lalbhai Contractor Stadium,2,16.1,Tamil Nadu,Punjab,V Shankar,Washington Sundar,Karan Kaila,0,0,,,,,,,,,
1205855,2019/20,2019-11-25,Lalbhai Contractor Stadium,2,16.2,Tamil Nadu,Punjab,V Shankar,Washington Sundar,Karan Kaila,1,0,,,,,,,,,
1205855,2019/20,2019-11-25,Lalbhai Contractor Stadium,2,16.3,Tamil Nadu,Punjab,Washington Sundar,V Shankar,Karan Kaila,0,0,,,,,,,,,
1205855,2019/20,2019-11-25,Lalbhai Contractor Stadium,2,16.4,Tamil Nadu,Punjab,Washington Sundar,V Shankar,Karan Kaila,0,0,,,,,,,,,
1205855,2019/20,2019-11-25,Lalbhai Contractor Stadium,2,16.5,Tamil Nadu,Punjab,Washington Sundar,V Shankar,Karan Kaila,0,0,,,,,,,,,
1205855,2019/20,2019-11-25,Lalbhai Contractor Stadium,2,16.6,Tamil Nadu,Punjab,Washington Sundar,V Shankar,Karan Kaila,1,0,,,,,,,,,
1205855,2019/20,2019-11-25,Lalbhai Contractor Stadium,2,17.1,Tamil Nadu,Punjab,Washington Sundar,V Shankar,Gurkeerat Singh,2,0,,,,,,,,,
1205855,2019/20,2019-11-25,Lalbhai Contractor Stadium,2,17.2,Tamil Nadu,Punjab,Washington Sundar,V Shankar,Gurkeerat Singh,2,0,,,,,,,,,
1205855,2019/20,2019-11-25,Lalbhai Contractor Stadium,2,17.3,Tamil Nadu,Punjab,Washington Sundar,V Shankar,Gurkeerat Singh,2,0,,,,,,,,,
1205855,2019/20,2019-11-25,Lalbhai Contractor Stadium,2,17.4,Tamil Nadu,Punjab,Washington Sundar,V Shankar,Gurkeerat Singh,1,0,,,,,,,,,
1205855,2019/20,2019-11-25,Lalbhai Contractor Stadium,2,17.5,Tamil Nadu,Punjab,V Shankar,Washington Sundar,Gurkeerat Singh,1,0,,,,,,,,,
1205855,2019/20,2019-11-25,Lalbhai Contractor Stadium,2,17.6,Tamil Nadu,Punjab,Washington Sundar,V Shankar,Gurkeerat Singh,2,0,,,,,,,,,
1205855,2019/20,2019-11-25,Lalbhai Contractor Stadium,2,18.1,Tamil Nadu,Punjab,V Shankar,Washington Sundar,Abhishek Sharma,0,0,,,,,,,,,
1205855,2019/20,2019-11-25,Lalbhai Contractor Stadium,2,18.2,Tamil Nadu,Punjab,V Shankar,Washington Sundar,Abhishek Sharma,2,0,,,,,,,,,
1205855,2019/20,2019-11-25,Lalbhai Contractor Stadium,2,18.3,Tamil Nadu,Punjab,V Shankar,Washington Sundar,Abhishek Sharma,0,0,,,,,,,,,
1205855,2019/20,2019-11-25,Lalbhai Contractor Stadium,2,18.4,Tamil Nadu,Punjab,V Shankar,Washington Sundar,Abhishek Sharma,0,0,,,,,,caught,V Shankar,,
1205855,2019/20,2019-11-25,Lalbhai Contractor Stadium,2,18.5,Tamil Nadu,Punjab,Washington Sundar,M Mohammed,Abhishek Sharma,1,0,,,,,,,,,
1205855,2019/20,2019-11-25,Lalbhai Contractor Stadium,2,18.6,Tamil Nadu,Punjab,M Mohammed,Washington Sundar,Abhishek Sharma,0,0,,,,,,caught,M Mohammed,,
1205855,2019/20,2019-11-25,Lalbhai Contractor Stadium,2,19.1,Tamil Nadu,Punjab,M Siddharth,Washington Sundar,S Kaul,0,0,,,,,,,,,
1205855,2019/20,2019-11-25,Lalbhai Contractor Stadium,2,19.2,Tamil Nadu,Punjab,M Siddharth,Washington Sundar,S Kaul,1,0,,,,,,,,,
1205855,2019/20,2019-11-25,Lalbhai Contractor Stadium,2,19.3,Tamil Nadu,Punjab,Washington Sundar,M Siddharth,S Kaul,4,0,,,,,,,,,
