match_id,season,start_date,venue,innings,ball,batting_team,bowling_team,striker,non_striker,bowler,runs_off_bat,extras,wides,noballs,byes,legbyes,penalty,wicket_type,player_dismissed,other_wicket_type,other_player_dismissed
1205720,2019/20,2019-11-18,BKC Ground,1,0.1,Haryana,Meghalaya,Chaitanya Bishnoi,HV Patel,Abhay Negi,4,0,,,,,,,,,
1205720,2019/20,2019-11-18,BKC Ground,1,0.2,Haryana,Meghalaya,Chaitanya Bishnoi,HV Patel,Abhay Negi,1,0,,,,,,,,,
1205720,2019/20,2019-11-18,BKC Ground,1,0.3,Haryana,Meghalaya,HV Patel,Chaitanya Bishnoi,Abhay Negi,0,0,,,,,,,,,
1205720,2019/20,2019-11-18,BKC Ground,1,0.4,Haryana,Meghalaya,HV Patel,Chaitanya Bishnoi,Abhay Negi,4,0,,,,,,,,,
1205720,2019/20,2019-11-18,BKC Ground,1,0.5,Haryana,Meghalaya,HV Patel,Chaitanya Bishnoi,Abhay Negi,1,0,,,,,,,,,
1205720,2019/20,2019-11-18,BKC Ground,1,0.6,Haryana,Meghalaya,Chaitanya Bishnoi,HV Patel,Abhay Negi,1,0,,,,,,,,,
1205720,2019/20,2019-11-18,BKC Ground,1,1.1,Haryana,Meghalaya,Chaitanya Bishnoi,HV Patel,Chengkam Sangma,0,0,,,,,,,,,
1205720,2019/20,2019-11-18,BKC Ground,1,1.2,Haryana,Meghalaya,Chaitanya Bishnoi,HV Patel,Chengkam Sangma,0,0,,,,,,,,,
1205720,2019/20,2019-11-18,BKC Ground,1,1.3,Haryana,Meghalaya,Chaitanya Bishnoi,HV Patel,Chengkam Sangma,0,0,,,,,,,,,
1205720,2019/20,2019-11-18,BKC Ground,1,1.4,Haryana,Meghalaya,Chaitanya Bishnoi,HV Patel,Chengkam Sangma,1,0,,,,,,,,,
1205720,2019/20,2019-11-18,BKC Ground,1,1.5,Haryana,Meghalaya,HV Patel,Chaitanya Bishnoi,Chengkam Sangma,0,0,,,,,,,,,
1205720,2019/20,2019-11-18,BKC Ground,1,1.6,Haryana,Meghalaya,HV Patel,Chaitanya Bishnoi,Chengkam Sangma,6,0,,,,,,,,,
1205720,2019/20,2019-11-18,BKC Ground,1,2.1,Haryana,Meghalaya,Chaitanya Bishnoi,HV Patel,Abhay Negi,3,0,,,,,,,,,
1205720,2019/20,2019-11-18,BKC Ground,1,2.2,Haryana,Meghalaya,HV Patel,Chaitanya Bishnoi,Abhay Negi,0,1,1,,,,,,,,
1205720,2019/20,2019-11-18,BKC Ground,1,2.3,Haryana,Meghalaya,HV Patel,Chaitanya Bishnoi,Abhay Negi,0,0,,,,,,,,,
1205720,2019/20,2019-11-18,BKC Ground,1,2.4,Haryana,Meghalaya,HV Patel,Chaitanya Bishnoi,Abhay Negi,0,1,1,,,,,,,,
1205720,2019/20,2019-11-18,BKC Ground,1,2.5,Haryana,Meghalaya,HV Patel,Chaitanya Bishnoi,Abhay Negi,0,1,,,,1,,,,,
1205720,2019/20,2019-11-18,BKC Ground,1,2.6,Haryana,Meghalaya,Chaitanya Bishnoi,HV Patel,Abhay Negi,0,0,,,,,,,,,
1205720,2019/20,2019-11-18,BKC Ground,1,2.7,Haryana,Meghalaya,Chaitanya Bishnoi,HV Patel,Abhay Negi,0,2,,,,2,,,,,
1205720,2019/20,2019-11-18,BKC Ground,1,2.8,Haryana,Meghalaya,Chaitanya Bishnoi,HV Patel,Abhay Negi,4,0,,,,,,,,,
1205720,2019/20,2019-11-18,BKC Ground,1,3.1,Haryana,Meghalaya,HV Patel,Chaitanya Bishnoi,Chengkam Sangma,0,0,,,,,,,,,
1205720,2019/20,2019-11-18,BKC Ground,1,3.2,Haryana,Meghalaya,HV Patel,Chaitanya Bishnoi,Chengkam Sangma,1,0,,,,,,,,,
1205720,2019/20,2019-11-18,BKC Ground,1,3.3,Haryana,Meghalaya,Chaitanya Bishnoi,HV Patel,Chengkam Sangma,2,0,,,,,,,,,
1205720,2019/20,2019-11-18,BKC Ground,1,3.4,Haryana,Meghalaya,Chaitanya Bishnoi,HV Patel,Chengkam Sangma,0,0,,,,,,bowled,Chaitanya Bishnoi,,
1205720,2019/20,2019-11-18,BKC Ground,1,3.5,Haryana,Meghalaya,Himanshu Rana,HV Patel,Chengkam Sangma,0,1,1,,,,,,,,
1205720,2019/20,2019-11-18,BKC Ground,1,3.6,Haryana,Meghalaya,Himanshu Rana,HV Patel,Chengkam Sangma,0,0,,,,,,,,,
1205720,2019/20,2019-11-18,BKC Ground,1,3.7,Haryana,Meghalaya,Himanshu Rana,HV Patel,Chengkam Sangma,1,0,,,,,,,,,
1205720,2019/20,2019-11-18,BKC Ground,1,4.1,Haryana,Meghalaya,Himanshu Rana,HV Patel,R Sanjay Yadav,0,1,1,,,,,,,,
1205720,2019/20,2019-11-18,BKC Ground,1,4.2,Haryana,Meghalaya,Himanshu Rana,HV Patel,R Sanjay Yadav,0,0,,,,,,,,,
1205720,2019/20,2019-11-18,BKC Ground,1,4.3,Haryana,Meghalaya,Himanshu Rana,HV Patel,R Sanjay Yadav,0,0,,,,,,bowled,Himanshu Rana,,
1205720,2019/20,2019-11-18,BKC Ground,1,4.4,Haryana,Meghalaya,Pramod Chandila,HV Patel,R Sanjay Yadav,0,0,,,,,,,,,
1205720,2019/20,2019-11-18,BKC Ground,1,4.5,Haryana,Meghalaya,Pramod Chandila,HV Patel,R Sanjay Yadav,0,0,,,,,,,,,
1205720,2019/20,2019-11-18,BKC Ground,1,4.6,Haryana,Meghalaya,Pramod Chandila,HV Patel,R Sanjay Yadav,0,0,,,,,,,,,
1205720,2019/20,2019-11-18,BKC Ground,1,4.7,Haryana,Meghalaya,Pramod Chandila,HV Patel,R Sanjay Yadav,0,0,,,,,,,,,
1205720,2019/20,2019-11-18,BKC Ground,1,5.1,Haryana,Meghalaya,HV Patel,Pramod Chandila,Chengkam Sangma,1,0,,,,,,,,,
1205720,2019/20,2019-11-18,BKC Ground,1,5.2,Haryana,Meghalaya,Pramod Chandila,HV Patel,Chengkam Sangma,4,0,,,,,,,,,
1205720,2019/20,2019-11-18,BKC Ground,1,5.3,Haryana,Meghalaya,Pramod Chandila,HV Patel,Chengkam Sangma,0,0,,,,,,,,,
1205720,2019/20,2019-11-18,BKC Ground,1,5.4,Haryana,Meghalaya,Pramod Chandila,HV Patel,Chengkam Sangma,4,0,,,,,,,,,
1205720,2019/20,2019-11-18,BKC Ground,1,5.5,Haryana,Meghalaya,Pramod Chandila,HV Patel,Chengkam Sangma,2,0,,,,,,,,,
1205720,2019/20,2019-11-18,BKC Ground,1,5.6,Haryana,Meghalaya,Pramod Chandila,HV Patel,Chengkam Sangma,0,0,,,,,,,,,
1205720,2019/20,2019-11-18,BKC Ground,1,6.1,Haryana,Meghalaya,HV Patel,Pramod Chandila,R Sanjay Yadav,0,0,,,,,,,,,
1205720,2019/20,2019-11-18,BKC Ground,1,6.2,Haryana,Meghalaya,HV Patel,Pramod Chandila,R Sanjay Yadav,1,0,,,,,,,,,
1205720,2019/20,2019-11-18,BKC Ground,1,6.3,Haryana,Meghalaya,Pramod Chandila,HV Patel,R Sanjay Yadav,4,0,,,,,,,,,
1205720,2019/20,2019-11-18,BKC Ground,1,6.4,Haryana,Meghalaya,Pramod Chandila,HV Patel,R Sanjay Yadav,0,0,,,,,,,,,
1205720,2019/20,2019-11-18,BKC Ground,1,6.5,Haryana,Meghalaya,Pramod Chandila,HV Patel,R Sanjay Yadav,1,0,,,,,,,,,
1205720,2019/20,2019-11-18,BKC Ground,1,6.6,Haryana,Meghalaya,HV Patel,Pramod Chandila,R Sanjay Yadav,1,0,,,,,,,,,
1205720,2019/20,2019-11-18,BKC Ground,1,7.1,Haryana,Meghalaya,HV Patel,Pramod Chandila,RR Biswa,6,0,,,,,,,,,
1205720,2019/20,2019-11-18,BKC Ground,1,7.2,Haryana,Meghalaya,HV Patel,Pramod Chandila,RR Biswa,6,0,,,,,,,,,
1205720,2019/20,2019-11-18,BKC Ground,1,7.3,Haryana,Meghalaya,HV Patel,Pramod Chandila,RR Biswa,0,1,1,,,,,,,,
1205720,2019/20,2019-11-18,BKC Ground,1,7.4,Haryana,Meghalaya,HV Patel,Pramod Chandila,RR Biswa,1,0,,,,,,,,,
1205720,2019/20,2019-11-18,BKC Ground,1,7.5,Haryana,Meghalaya,Pramod Chandila,HV Patel,RR Biswa,1,0,,,,,,,,,
1205720,2019/20,2019-11-18,BKC Ground,1,7.6,Haryana,Meghalaya,HV Patel,Pramod Chandila,RR Biswa,6,0,,,,,,,,,
1205720,2019/20,2019-11-18,BKC Ground,1,7.7,Haryana,Meghalaya,HV Patel,Pramod Chandila,RR Biswa,6,0,,,,,,,,,
1205720,2019/20,2019-11-18,BKC Ground,1,8.1,Haryana,Meghalaya,Pramod Chandila,HV Patel,Swarajeet Das,1,0,,,,,,,,,
1205720,2019/20,2019-11-18,BKC Ground,1,8.2,Haryana,Meghalaya,HV Patel,Pramod Chandila,Swarajeet Das,1,0,,,,,,,,,
1205720,2019/20,2019-11-18,BKC Ground,1,8.3,Haryana,Meghalaya,Pramod Chandila,HV Patel,Swarajeet Das,1,0,,,,,,,,,
1205720,2019/20,2019-11-18,BKC Ground,1,8.4,Haryana,Meghalaya,HV Patel,Pramod Chandila,Swarajeet Das,0,0,,,,,,,,,
1205720,2019/20,2019-11-18,BKC Ground,1,8.5,Haryana,Meghalaya,HV Patel,Pramod Chandila,Swarajeet Das,1,0,,,,,,,,,
1205720,2019/20,2019-11-18,BKC Ground,1,8.6,Haryana,Meghalaya,Pramod Chandila,HV Patel,Swarajeet Das,1,0,,,,,,,,,
1205720,2019/20,2019-11-18,BKC Ground,1,9.1,Haryana,Meghalaya,Pramod Chandila,HV Patel,Amiangshu Sen,0,0,,,,,,bowled,Pramod Chandila,,
1205720,2019/20,2019-11-18,BKC Ground,1,9.2,Haryana,Meghalaya,RP Sharma,HV Patel,Amiangshu Sen,1,0,,,,,,,,,
1205720,2019/20,2019-11-18,BKC Ground,1,9.3,Haryana,Meghalaya,HV Patel,RP Sharma,Amiangshu Sen,1,0,,,,,,,,,
1205720,2019/20,2019-11-18,BKC Ground,1,9.4,Haryana,Meghalaya,RP Sharma,HV Patel,Amiangshu Sen,0,0,,,,,,caught and bowled,RP Sharma,,
1205720,2019/20,2019-11-18,BKC Ground,1,9.5,Haryana,Meghalaya,Sumit Kumar,HV Patel,Amiangshu Sen,1,0,,,,,,,,,
1205720,2019/20,2019-11-18,BKC Ground,1,9.6,Haryana,Meghalaya,HV Patel,Sumit Kumar,Amiangshu Sen,1,0,,,,,,,,,
1205720,2019/20,2019-11-18,BKC Ground,1,10.1,Haryana,Meghalaya,HV Patel,Sumit Kumar,Swarajeet Das,4,0,,,,,,,,,
1205720,2019/20,2019-11-18,BKC Ground,1,10.2,Haryana,Meghalaya,HV Patel,Sumit Kumar,Swarajeet Das,6,0,,,,,,,,,
1205720,2019/20,2019-11-18,BKC Ground,1,10.3,Haryana,Meghalaya,HV Patel,Sumit Kumar,Swarajeet Das,1,0,,,,,,,,,
1205720,2019/20,2019-11-18,BKC Ground,1,10.4,Haryana,Meghalaya,Sumit Kumar,HV Patel,Swarajeet Das,0,0,,,,,,,,,
1205720,2019/20,2019-11-18,BKC Ground,1,10.5,Haryana,Meghalaya,Sumit Kumar,HV Patel,Swarajeet Das,1,0,,,,,,,,,
1205720,2019/20,2019-11-18,BKC Ground,1,10.6,Haryana,Meghalaya,HV Patel,Sumit Kumar,Swarajeet Das,1,0,,,,,,,,,
1205720,2019/20,2019-11-18,BKC Ground,1,11.1,Haryana,Meghalaya,HV Patel,Sumit Kumar,Amiangshu Sen,4,0,,,,,,,,,
1205720,2019/20,2019-11-18,BKC Ground,1,11.2,Haryana,Meghalaya,HV Patel,Sumit Kumar,Amiangshu Sen,0,0,,,,,,,,,
1205720,2019/20,2019-11-18,BKC Ground,1,11.3,Haryana,Meghalaya,HV Patel,Sumit Kumar,Amiangshu Sen,4,0,,,,,,,,,
1205720,2019/20,2019-11-18,BKC Ground,1,11.4,Haryana,Meghalaya,HV Patel,Sumit Kumar,Amiangshu Sen,2,0,,,,,,,,,
1205720,2019/20,2019-11-18,BKC Ground,1,11.5,Haryana,Meghalaya,HV Patel,Sumit Kumar,Amiangshu Sen,4,0,,,,,,,,,
1205720,2019/20,2019-11-18,BKC Ground,1,11.6,Haryana,Meghalaya,HV Patel,Sumit Kumar,Amiangshu Sen,1,0,,,,,,,,,
1205720,2019/20,2019-11-18,BKC Ground,1,12.1,Haryana,Meghalaya,HV Patel,Sumit Kumar,A Singhania,0,0,,,,,,,,,
1205720,2019/20,2019-11-18,BKC Ground,1,12.2,Haryana,Meghalaya,HV Patel,Sumit Kumar,A Singhania,1,0,,,,,,,,,
1205720,2019/20,2019-11-18,BKC Ground,1,12.3,Haryana,Meghalaya,Sumit Kumar,HV Patel,A Singhania,1,0,,,,,,,,,
1205720,2019/20,2019-11-18,BKC Ground,1,12.4,Haryana,Meghalaya,HV Patel,Sumit Kumar,A Singhania,2,0,,,,,,,,,
1205720,2019/20,2019-11-18,BKC Ground,1,12.5,Haryana,Meghalaya,HV Patel,Sumit Kumar,A Singhania,6,0,,,,,,,,,
1205720,2019/20,2019-11-18,BKC Ground,1,12.6,Haryana,Meghalaya,HV Patel,Sumit Kumar,A Singhania,1,0,,,,,,,,,
1205720,2019/20,2019-11-18,BKC Ground,1,13.1,Haryana,Meghalaya,HV Patel,Sumit Kumar,Kilco R Marak,1,0,,,,,,,,,
1205720,2019/20,2019-11-18,BKC Ground,1,13.2,Haryana,Meghalaya,Sumit Kumar,HV Patel,Kilco R Marak,0,0,,,,,,,,,
1205720,2019/20,2019-11-18,BKC Ground,1,13.3,Haryana,Meghalaya,Sumit Kumar,HV Patel,Kilco R Marak,0,0,,,,,,,,,
1205720,2019/20,2019-11-18,BKC Ground,1,13.4,Haryana,Meghalaya,Sumit Kumar,HV Patel,Kilco R Marak,1,0,,,,,,,,,
1205720,2019/20,2019-11-18,BKC Ground,1,13.5,Haryana,Meghalaya,HV Patel,Sumit Kumar,Kilco R Marak,0,0,,,,,,caught,HV Patel,,
1205720,2019/20,2019-11-18,BKC Ground,1,13.6,Haryana,Meghalaya,Sumit Kumar,R Tewatia,Kilco R Marak,1,0,,,,,,,,,
1205720,2019/20,2019-11-18,BKC Ground,1,14.1,Haryana,Meghalaya,Sumit Kumar,R Tewatia,R Sanjay Yadav,0,4,,,,4,,,,,
1205720,2019/20,2019-11-18,BKC Ground,1,14.2,Haryana,Meghalaya,Sumit Kumar,R Tewatia,R Sanjay Yadav,0,0,,,,,,,,,
1205720,2019/20,2019-11-18,BKC Ground,1,14.3,Haryana,Meghalaya,Sumit Kumar,R Tewatia,R Sanjay Yadav,1,0,,,,,,,,,
1205720,2019/20,2019-11-18,BKC Ground,1,14.4,Haryana,Meghalaya,R Tewatia,Sumit Kumar,R Sanjay Yadav,4,0,,,,,,,,,
1205720,2019/20,2019-11-18,BKC Ground,1,14.5,Haryana,Meghalaya,R Tewatia,Sumit Kumar,R Sanjay Yadav,1,0,,,,,,,,,
1205720,2019/20,2019-11-18,BKC Ground,1,14.6,Haryana,Meghalaya,Sumit Kumar,R Tewatia,R Sanjay Yadav,0,0,,,,,,,,,
1205720,2019/20,2019-11-18,BKC Ground,1,15.1,Haryana,Meghalaya,R Tewatia,Sumit Kumar,Kilco R Marak,1,0,,,,,,,,,
1205720,2019/20,2019-11-18,BKC Ground,1,15.2,Haryana,Meghalaya,Sumit Kumar,R Tewatia,Kilco R Marak,2,0,,,,,,,,,
1205720,2019/20,2019-11-18,BKC Ground,1,15.3,Haryana,Meghalaya,Sumit Kumar,R Tewatia,Swarajeet Das,6,0,,,,,,,,,
1205720,2019/20,2019-11-18,BKC Ground,1,15.4,Haryana,Meghalaya,Sumit Kumar,R Tewatia,Swarajeet Das,4,0,,,,,,,,,
1205720,2019/20,2019-11-18,BKC Ground,1,15.5,Haryana,Meghalaya,Sumit Kumar,R Tewatia,Swarajeet Das,1,0,,,,,,,,,
1205720,2019/20,2019-11-18,BKC Ground,1,15.6,Haryana,Meghalaya,R Tewatia,Sumit Kumar,Swarajeet Das,1,0,,,,,,,,,
1205720,2019/20,2019-11-18,BKC Ground,1,16.1,Haryana,Meghalaya,R Tewatia,Sumit Kumar,R Sanjay Yadav,1,0,,,,,,,,,
1205720,2019/20,2019-11-18,BKC Ground,1,16.2,Haryana,Meghalaya,Sumit Kumar,R Tewatia,R Sanjay Yadav,6,0,,,,,,,,,
1205720,2019/20,2019-11-18,BKC Ground,1,16.3,Haryana,Meghalaya,Sumit Kumar,R Tewatia,R Sanjay Yadav,0,0,,,,,,caught and bowled,Sumit Kumar,,
1205720,2019/20,2019-11-18,BKC Ground,1,16.4,Haryana,Meghalaya,R Tewatia,A Mishra,R Sanjay Yadav,1,0,,,,,,,,,
1205720,2019/20,2019-11-18,BKC Ground,1,16.5,Haryana,Meghalaya,A Mishra,R Tewatia,R Sanjay Yadav,1,0,,,,,,,,,
1205720,2019/20,2019-11-18,BKC Ground,1,16.6,Haryana,Meghalaya,R Tewatia,A Mishra,R Sanjay Yadav,1,0,,,,,,,,,
1205720,2019/20,2019-11-18,BKC Ground,1,17.1,Haryana,Meghalaya,R Tewatia,A Mishra,Abhay Negi,0,0,,,,,,,,,
1205720,2019/20,2019-11-18,BKC Ground,1,17.2,Haryana,Meghalaya,R Tewatia,A Mishra,Abhay Negi,1,0,,,,,,,,,
1205720,2019/20,2019-11-18,BKC Ground,1,17.3,Haryana,Meghalaya,A Mishra,R Tewatia,Abhay Negi,4,0,,,,,,,,,
1205720,2019/20,2019-11-18,BKC Ground,1,17.4,Haryana,Meghalaya,A Mishra,R Tewatia,Abhay Negi,0,0,,,,,,,,,
1205720,2019/20,2019-11-18,BKC Ground,1,17.5,Haryana,Meghalaya,A Mishra,R Tewatia,Abhay Negi,1,0,,,,,,,,,
1205720,2019/20,2019-11-18,BKC Ground,1,17.6,Haryana,Meghalaya,R Tewatia,A Mishra,Abhay Negi,6,0,,,,,,,,,
1205720,2019/20,2019-11-18,BKC Ground,1,18.1,Haryana,Meghalaya,A Mishra,R Tewatia,Chengkam Sangma,0,1,1,,,,,,,,
1205720,2019/20,2019-11-18,BKC Ground,1,18.2,Haryana,Meghalaya,A Mishra,R Tewatia,Chengkam Sangma,1,0,,,,,,,,,
1205720,2019/20,2019-11-18,BKC Ground,1,18.3,Haryana,Meghalaya,R Tewatia,A Mishra,Chengkam Sangma,0,0,,,,,,,,,
1205720,2019/20,2019-11-18,BKC Ground,1,18.4,Haryana,Meghalaya,R Tewatia,A Mishra,Chengkam Sangma,1,0,,,,,,,,,
1205720,2019/20,2019-11-18,BKC Ground,1,18.5,Haryana,Meghalaya,A Mishra,R Tewatia,Chengkam Sangma,1,0,,,,,,,,,
1205720,2019/20,2019-11-18,BKC Ground,1,18.6,Haryana,Meghalaya,R Tewatia,A Mishra,Chengkam Sangma,1,0,,,,,,,,,
1205720,2019/20,2019-11-18,BKC Ground,1,18.7,Haryana,Meghalaya,A Mishra,R Tewatia,Chengkam Sangma,1,0,,,,,,,,,
1205720,2019/20,2019-11-18,BKC Ground,1,19.1,Haryana,Meghalaya,A Mishra,R Tewatia,Abhay Negi,4,0,,,,,,,,,
1205720,2019/20,2019-11-18,BKC Ground,1,19.2,Haryana,Meghalaya,A Mishra,R Tewatia,Abhay Negi,0,0,,,,,,,,,
1205720,2019/20,2019-11-18,BKC Ground,1,19.3,Haryana,Meghalaya,A Mishra,R Tewatia,Abhay Negi,1,0,,,,,,,,,
1205720,2019/20,2019-11-18,BKC Ground,1,19.4,Haryana,Meghalaya,R Tewatia,A Mishra,Abhay Negi,6,0,,,,,,,,,
1205720,2019/20,2019-11-18,BKC Ground,1,19.5,Haryana,Meghalaya,R Tewatia,A Mishra,Abhay Negi,2,0,,,,,,,,,
1205720,2019/20,2019-11-18,BKC Ground,1,19.6,Haryana,Meghalaya,R Tewatia,A Mishra,Abhay Negi,4,0,,,,,,,,,
1205720,2019/20,2019-11-18,BKC Ground,2,0.1,Meghalaya,Haryana,RR Biswa,Punit Bisht,HV Patel,1,0,,,,,,,,,
1205720,2019/20,2019-11-18,BKC Ground,2,0.2,Meghalaya,Haryana,Punit Bisht,RR Biswa,HV Patel,0,0,,,,,,,,,
1205720,2019/20,2019-11-18,BKC Ground,2,0.3,Meghalaya,Haryana,Punit Bisht,RR Biswa,HV Patel,0,0,,,,,,,,,
1205720,2019/20,2019-11-18,BKC Ground,2,0.4,Meghalaya,Haryana,Punit Bisht,RR Biswa,HV Patel,0,1,1,,,,,,,,
1205720,2019/20,2019-11-18,BKC Ground,2,0.5,Meghalaya,Haryana,Punit Bisht,RR Biswa,HV Patel,1,0,,,,,,,,,
1205720,2019/20,2019-11-18,BKC Ground,2,0.6,Meghalaya,Haryana,RR Biswa,Punit Bisht,HV Patel,1,0,,,,,,,,,
1205720,2019/20,2019-11-18,BKC Ground,2,0.7,Meghalaya,Haryana,Punit Bisht,RR Biswa,HV Patel,0,0,,,,,,caught,Punit Bisht,,
1205720,2019/20,2019-11-18,BKC Ground,2,1.1,Meghalaya,Haryana,RR Biswa,Amiangshu Sen,AH Hooda,0,0,,,,,,,,,
1205720,2019/20,2019-11-18,BKC Ground,2,1.2,Meghalaya,Haryana,RR Biswa,Amiangshu Sen,AH Hooda,0,0,,,,,,,,,
1205720,2019/20,2019-11-18,BKC Ground,2,1.3,Meghalaya,Haryana,RR Biswa,Amiangshu Sen,AH Hooda,0,0,,,,,,,,,
1205720,2019/20,2019-11-18,BKC Ground,2,1.4,Meghalaya,Haryana,RR Biswa,Amiangshu Sen,AH Hooda,0,0,,,,,,,,,
1205720,2019/20,2019-11-18,BKC Ground,2,1.5,Meghalaya,Haryana,RR Biswa,Amiangshu Sen,AH Hooda,0,0,,,,,,caught,RR Biswa,,
1205720,2019/20,2019-11-18,BKC Ground,2,1.6,Meghalaya,Haryana,DB Ravi Teja,Amiangshu Sen,AH Hooda,0,0,,,,,,,,,
1205720,2019/20,2019-11-18,BKC Ground,2,2.1,Meghalaya,Haryana,Amiangshu Sen,DB Ravi Teja,HV Patel,1,0,,,,,,,,,
1205720,2019/20,2019-11-18,BKC Ground,2,2.2,Meghalaya,Haryana,DB Ravi Teja,Amiangshu Sen,HV Patel,0,0,,,,,,,,,
1205720,2019/20,2019-11-18,BKC Ground,2,2.3,Meghalaya,Haryana,DB Ravi Teja,Amiangshu Sen,HV Patel,1,0,,,,,,,,,
1205720,2019/20,2019-11-18,BKC Ground,2,2.4,Meghalaya,Haryana,Amiangshu Sen,DB Ravi Teja,HV Patel,1,0,,,,,,,,,
1205720,2019/20,2019-11-18,BKC Ground,2,2.5,Meghalaya,Haryana,DB Ravi Teja,Amiangshu Sen,HV Patel,0,0,,,,,,,,,
1205720,2019/20,2019-11-18,BKC Ground,2,2.6,Meghalaya,Haryana,DB Ravi Teja,Amiangshu Sen,HV Patel,1,0,,,,,,,,,
1205720,2019/20,2019-11-18,BKC Ground,2,3.1,Meghalaya,Haryana,DB Ravi Teja,Amiangshu Sen,AH Hooda,0,0,,,,,,,,,
1205720,2019/20,2019-11-18,BKC Ground,2,3.2,Meghalaya,Haryana,DB Ravi Teja,Amiangshu Sen,AH Hooda,0,0,,,,,,,,,
1205720,2019/20,2019-11-18,BKC Ground,2,3.3,Meghalaya,Haryana,DB Ravi Teja,Amiangshu Sen,AH Hooda,0,0,,,,,,,,,
1205720,2019/20,2019-11-18,BKC Ground,2,3.4,Meghalaya,Haryana,DB Ravi Teja,Amiangshu Sen,AH Hooda,0,0,,,,,,,,,
1205720,2019/20,2019-11-18,BKC Ground,2,3.5,Meghalaya,Haryana,DB Ravi Teja,Amiangshu Sen,AH Hooda,2,0,,,,,,,,,
1205720,2019/20,2019-11-18,BKC Ground,2,3.6,Meghalaya,Haryana,DB Ravi Teja,Amiangshu Sen,AH Hooda,0,0,,,,,,,,,
1205720,2019/20,2019-11-18,BKC Ground,2,4.1,Meghalaya,Haryana,Amiangshu Sen,DB Ravi Teja,Sumit Kumar,1,0,,,,,,,,,
1205720,2019/20,2019-11-18,BKC Ground,2,4.2,Meghalaya,Haryana,DB Ravi Teja,Amiangshu Sen,Sumit Kumar,0,0,,,,,,,,,
1205720,2019/20,2019-11-18,BKC Ground,2,4.3,Meghalaya,Haryana,DB Ravi Teja,Amiangshu Sen,Sumit Kumar,0,0,,,,,,,,,
1205720,2019/20,2019-11-18,BKC Ground,2,4.4,Meghalaya,Haryana,DB Ravi Teja,Amiangshu Sen,Sumit Kumar,1,0,,,,,,,,,
1205720,2019/20,2019-11-18,BKC Ground,2,4.5,Meghalaya,Haryana,Amiangshu Sen,DB Ravi Teja,Sumit Kumar,0,0,,,,,,,,,
1205720,2019/20,2019-11-18,BKC Ground,2,4.6,Meghalaya,Haryana,Amiangshu Sen,DB Ravi Teja,Sumit Kumar,0,0,,,,,,,,,
1205720,2019/20,2019-11-18,BKC Ground,2,5.1,Meghalaya,Haryana,DB Ravi Teja,Amiangshu Sen,Vipin Kumar,0,0,,,,,,,,,
1205720,2019/20,2019-11-18,BKC Ground,2,5.2,Meghalaya,Haryana,DB Ravi Teja,Amiangshu Sen,Vipin Kumar,1,0,,,,,,,,,
1205720,2019/20,2019-11-18,BKC Ground,2,5.3,Meghalaya,Haryana,Amiangshu Sen,DB Ravi Teja,Vipin Kumar,0,0,,,,,,,,,
1205720,2019/20,2019-11-18,BKC Ground,2,5.4,Meghalaya,Haryana,Amiangshu Sen,DB Ravi Teja,Vipin Kumar,0,0,,,,,,,,,
1205720,2019/20,2019-11-18,BKC Ground,2,5.5,Meghalaya,Haryana,Amiangshu Sen,DB Ravi Teja,Vipin Kumar,0,0,,,,,,,,,
1205720,2019/20,2019-11-18,BKC Ground,2,5.6,Meghalaya,Haryana,Amiangshu Sen,DB Ravi Teja,Vipin Kumar,0,1,1,,,,,,,,
1205720,2019/20,2019-11-18,BKC Ground,2,5.7,Meghalaya,Haryana,Amiangshu Sen,DB Ravi Teja,Vipin Kumar,4,0,,,,,,,,,
1205720,2019/20,2019-11-18,BKC Ground,2,6.1,Meghalaya,Haryana,DB Ravi Teja,Amiangshu Sen,Sumit Kumar,0,0,,,,,,,,,
1205720,2019/20,2019-11-18,BKC Ground,2,6.2,Meghalaya,Haryana,DB Ravi Teja,Amiangshu Sen,Sumit Kumar,4,0,,,,,,,,,
1205720,2019/20,2019-11-18,BKC Ground,2,6.3,Meghalaya,Haryana,DB Ravi Teja,Amiangshu Sen,Sumit Kumar,4,0,,,,,,,,,
1205720,2019/20,2019-11-18,BKC Ground,2,6.4,Meghalaya,Haryana,DB Ravi Teja,Amiangshu Sen,Sumit Kumar,1,0,,,,,,,,,
1205720,2019/20,2019-11-18,BKC Ground,2,6.5,Meghalaya,Haryana,Amiangshu Sen,DB Ravi Teja,Sumit Kumar,0,0,,,,,,,,,
1205720,2019/20,2019-11-18,BKC Ground,2,6.6,Meghalaya,Haryana,Amiangshu Sen,DB Ravi Teja,Sumit Kumar,0,0,,,,,,run out,Amiangshu Sen,,
1205720,2019/20,2019-11-18,BKC Ground,2,7.1,Meghalaya,Haryana,R Sanjay Yadav,DB Ravi Teja,Vipin Kumar,1,0,,,,,,,,,
1205720,2019/20,2019-11-18,BKC Ground,2,7.2,Meghalaya,Haryana,DB Ravi Teja,R Sanjay Yadav,Vipin Kumar,1,0,,,,,,,,,
1205720,2019/20,2019-11-18,BKC Ground,2,7.3,Meghalaya,Haryana,R Sanjay Yadav,DB Ravi Teja,Vipin Kumar,0,0,,,,,,,,,
1205720,2019/20,2019-11-18,BKC Ground,2,7.4,Meghalaya,Haryana,R Sanjay Yadav,DB Ravi Teja,Vipin Kumar,0,0,,,,,,,,,
1205720,2019/20,2019-11-18,BKC Ground,2,7.5,Meghalaya,Haryana,R Sanjay Yadav,DB Ravi Teja,Vipin Kumar,1,0,,,,,,,,,
1205720,2019/20,2019-11-18,BKC Ground,2,7.6,Meghalaya,Haryana,DB Ravi Teja,R Sanjay Yadav,Vipin Kumar,1,0,,,,,,,,,
1205720,2019/20,2019-11-18,BKC Ground,2,8.1,Meghalaya,Haryana,DB Ravi Teja,R Sanjay Yadav,YS Chahal,0,0,,,,,,,,,
1205720,2019/20,2019-11-18,BKC Ground,2,8.2,Meghalaya,Haryana,DB Ravi Teja,R Sanjay Yadav,YS Chahal,0,0,,,,,,,,,
1205720,2019/20,2019-11-18,BKC Ground,2,8.3,Meghalaya,Haryana,DB Ravi Teja,R Sanjay Yadav,YS Chahal,0,0,,,,,,,,,
1205720,2019/20,2019-11-18,BKC Ground,2,8.4,Meghalaya,Haryana,DB Ravi Teja,R Sanjay Yadav,YS Chahal,4,0,,,,,,,,,
1205720,2019/20,2019-11-18,BKC Ground,2,8.5,Meghalaya,Haryana,DB Ravi Teja,R Sanjay Yadav,YS Chahal,0,0,,,,,,caught,DB Ravi Teja,,
1205720,2019/20,2019-11-18,BKC Ground,2,8.6,Meghalaya,Haryana,Swarajeet Das,R Sanjay Yadav,YS Chahal,0,0,,,,,,,,,
1205720,2019/20,2019-11-18,BKC Ground,2,9.1,Meghalaya,Haryana,R Sanjay Yadav,Swarajeet Das,A Mishra,1,0,,,,,,,,,
1205720,2019/20,2019-11-18,BKC Ground,2,9.2,Meghalaya,Haryana,Swarajeet Das,R Sanjay Yadav,A Mishra,0,0,,,,,,,,,
1205720,2019/20,2019-11-18,BKC Ground,2,9.3,Meghalaya,Haryana,Swarajeet Das,R Sanjay Yadav,A Mishra,0,0,,,,,,,,,
1205720,2019/20,2019-11-18,BKC Ground,2,9.4,Meghalaya,Haryana,Swarajeet Das,R Sanjay Yadav,A Mishra,0,0,,,,,,,,,
1205720,2019/20,2019-11-18,BKC Ground,2,9.5,Meghalaya,Haryana,Swarajeet Das,R Sanjay Yadav,A Mishra,0,0,,,,,,,,,
1205720,2019/20,2019-11-18,BKC Ground,2,9.6,Meghalaya,Haryana,Swarajeet Das,R Sanjay Yadav,A Mishra,0,1,1,,,,,,,,
1205720,2019/20,2019-11-18,BKC Ground,2,9.7,Meghalaya,Haryana,Swarajeet Das,R Sanjay Yadav,A Mishra,1,0,,,,,,,,,
1205720,2019/20,2019-11-18,BKC Ground,2,10.1,Meghalaya,Haryana,Swarajeet Das,R Sanjay Yadav,YS Chahal,2,0,,,,,,,,,
1205720,2019/20,2019-11-18,BKC Ground,2,10.2,Meghalaya,Haryana,Swarajeet Das,R Sanjay Yadav,YS Chahal,0,0,,,,,,,,,
1205720,2019/20,2019-11-18,BKC Ground,2,10.3,Meghalaya,Haryana,Swarajeet Das,R Sanjay Yadav,YS Chahal,1,0,,,,,,,,,
1205720,2019/20,2019-11-18,BKC Ground,2,10.4,Meghalaya,Haryana,R Sanjay Yadav,Swarajeet Das,YS Chahal,1,0,,,,,,,,,
1205720,2019/20,2019-11-18,BKC Ground,2,10.5,Meghalaya,Haryana,Swarajeet Das,R Sanjay Yadav,YS Chahal,1,0,,,,,,,,,
1205720,2019/20,2019-11-18,BKC Ground,2,10.6,Meghalaya,Haryana,R Sanjay Yadav,Swarajeet Das,YS Chahal,0,0,,,,,,,,,
1205720,2019/20,2019-11-18,BKC Ground,2,11.1,Meghalaya,Haryana,Swarajeet Das,R Sanjay Yadav,A Mishra,0,0,,,,,,bowled,Swarajeet Das,,
1205720,2019/20,2019-11-18,BKC Ground,2,11.2,Meghalaya,Haryana,Abhay Negi,R Sanjay Yadav,A Mishra,0,0,,,,,,,,,
1205720,2019/20,2019-11-18,BKC Ground,2,11.3,Meghalaya,Haryana,Abhay Negi,R Sanjay Yadav,A Mishra,0,0,,,,,,,,,
1205720,2019/20,2019-11-18,BKC Ground,2,11.4,Meghalaya,Haryana,Abhay Negi,R Sanjay Yadav,A Mishra,1,0,,,,,,,,,
1205720,2019/20,2019-11-18,BKC Ground,2,11.5,Meghalaya,Haryana,R Sanjay Yadav,Abhay Negi,A Mishra,1,0,,,,,,,,,
1205720,2019/20,2019-11-18,BKC Ground,2,11.6,Meghalaya,Haryana,Abhay Negi,R Sanjay Yadav,A Mishra,1,0,,,,,,,,,
1205720,2019/20,2019-11-18,BKC Ground,2,12.1,Meghalaya,Haryana,Abhay Negi,R Sanjay Yadav,YS Chahal,1,0,,,,,,,,,
1205720,2019/20,2019-11-18,BKC Ground,2,12.2,Meghalaya,Haryana,R Sanjay Yadav,Abhay Negi,YS Chahal,4,0,,,,,,,,,
1205720,2019/20,2019-11-18,BKC Ground,2,12.3,Meghalaya,Haryana,R Sanjay Yadav,Abhay Negi,YS Chahal,1,0,,,,,,,,,
1205720,2019/20,2019-11-18,BKC Ground,2,12.4,Meghalaya,Haryana,Abhay Negi,R Sanjay Yadav,YS Chahal,1,0,,,,,,,,,
1205720,2019/20,2019-11-18,BKC Ground,2,12.5,Meghalaya,Haryana,R Sanjay Yadav,Abhay Negi,YS Chahal,0,0,,,,,,,,,
1205720,2019/20,2019-11-18,BKC Ground,2,12.6,Meghalaya,Haryana,R Sanjay Yadav,Abhay Negi,YS Chahal,0,0,,,,,,,,,
1205720,2019/20,2019-11-18,BKC Ground,2,13.1,Meghalaya,Haryana,Abhay Negi,R Sanjay Yadav,A Mishra,1,0,,,,,,,,,
1205720,2019/20,2019-11-18,BKC Ground,2,13.2,Meghalaya,Haryana,R Sanjay Yadav,Abhay Negi,A Mishra,0,0,,,,,,,,,
1205720,2019/20,2019-11-18,BKC Ground,2,13.3,Meghalaya,Haryana,R Sanjay Yadav,Abhay Negi,A Mishra,2,0,,,,,,,,,
1205720,2019/20,2019-11-18,BKC Ground,2,13.4,Meghalaya,Haryana,R Sanjay Yadav,Abhay Negi,A Mishra,1,0,,,,,,,,,
1205720,2019/20,2019-11-18,BKC Ground,2,13.5,Meghalaya,Haryana,Abhay Negi,R Sanjay Yadav,A Mishra,6,0,,,,,,,,,
1205720,2019/20,2019-11-18,BKC Ground,2,13.6,Meghalaya,Haryana,Abhay Negi,R Sanjay Yadav,A Mishra,0,0,,,,,,,,,
1205720,2019/20,2019-11-18,BKC Ground,2,14.1,Meghalaya,Haryana,R Sanjay Yadav,Abhay Negi,YS Chahal,6,0,,,,,,,,,
1205720,2019/20,2019-11-18,BKC Ground,2,14.2,Meghalaya,Haryana,R Sanjay Yadav,Abhay Negi,YS Chahal,0,0,,,,,,,,,
1205720,2019/20,2019-11-18,BKC Ground,2,14.3,Meghalaya,Haryana,R Sanjay Yadav,Abhay Negi,YS Chahal,1,0,,,,,,,,,
1205720,2019/20,2019-11-18,BKC Ground,2,14.4,Meghalaya,Haryana,Abhay Negi,R Sanjay Yadav,YS Chahal,0,0,,,,,,,,,
1205720,2019/20,2019-11-18,BKC Ground,2,14.5,Meghalaya,Haryana,Abhay Negi,R Sanjay Yadav,YS Chahal,6,0,,,,,,,,,
1205720,2019/20,2019-11-18,BKC Ground,2,14.6,Meghalaya,Haryana,Abhay Negi,R Sanjay Yadav,YS Chahal,0,0,,,,,,,,,
1205720,2019/20,2019-11-18,BKC Ground,2,15.1,Meghalaya,Haryana,R Sanjay Yadav,Abhay Negi,HV Patel,0,0,,,,,,,,,
1205720,2019/20,2019-11-18,BKC Ground,2,15.2,Meghalaya,Haryana,R Sanjay Yadav,Abhay Negi,HV Patel,1,0,,,,,,,,,
1205720,2019/20,2019-11-18,BKC Ground,2,15.3,Meghalaya,Haryana,Abhay Negi,R Sanjay Yadav,HV Patel,1,0,,,,,,,,,
1205720,2019/20,2019-11-18,BKC Ground,2,15.4,Meghalaya,Haryana,R Sanjay Yadav,Abhay Negi,HV Patel,0,0,,,,,,caught,R Sanjay Yadav,,
1205720,2019/20,2019-11-18,BKC Ground,2,15.5,Meghalaya,Haryana,BB Dey,Abhay Negi,HV Patel,0,0,,,,,,,,,
1205720,2019/20,2019-11-18,BKC Ground,2,15.6,Meghalaya,Haryana,BB Dey,Abhay Negi,HV Patel,4,0,,,,,,,,,
1205720,2019/20,2019-11-18,BKC Ground,2,16.1,Meghalaya,Haryana,Abhay Negi,BB Dey,A Mishra,1,0,,,,,,,,,
1205720,2019/20,2019-11-18,BKC Ground,2,16.2,Meghalaya,Haryana,BB Dey,Abhay Negi,A Mishra,1,0,,,,,,,,,
1205720,2019/20,2019-11-18,BKC Ground,2,16.3,Meghalaya,Haryana,Abhay Negi,BB Dey,A Mishra,1,0,,,,,,,,,
1205720,2019/20,2019-11-18,BKC Ground,2,16.4,Meghalaya,Haryana,BB Dey,Abhay Negi,A Mishra,0,0,,,,,,,,,
1205720,2019/20,2019-11-18,BKC Ground,2,16.5,Meghalaya,Haryana,BB Dey,Abhay Negi,A Mishra,0,0,,,,,,,,,
1205720,2019/20,2019-11-18,BKC Ground,2,16.6,Meghalaya,Haryana,BB Dey,Abhay Negi,A Mishra,2,0,,,,,,,,,
1205720,2019/20,2019-11-18,BKC Ground,2,17.1,Meghalaya,Haryana,Abhay Negi,BB Dey,HV Patel,1,0,,,,,,,,,
1205720,2019/20,2019-11-18,BKC Ground,2,17.2,Meghalaya,Haryana,BB Dey,Abhay Negi,HV Patel,2,0,,,,,,,,,
1205720,2019/20,2019-11-18,BKC Ground,2,17.3,Meghalaya,Haryana,BB Dey,Abhay Negi,HV Patel,0,0,,,,,,,,,
1205720,2019/20,2019-11-18,BKC Ground,2,17.4,Meghalaya,Haryana,BB Dey,Abhay Negi,HV Patel,1,0,,,,,,,,,
1205720,2019/20,2019-11-18,BKC Ground,2,17.5,Meghalaya,Haryana,Abhay Negi,BB Dey,HV Patel,4,0,,,,,,,,,
1205720,2019/20,2019-11-18,BKC Ground,2,17.6,Meghalaya,Haryana,Abhay Negi,BB Dey,HV Patel,0,0,,,,,,caught,Abhay Negi,,
1205720,2019/20,2019-11-18,BKC Ground,2,18.1,Meghalaya,Haryana,BB Dey,A Singhania,AH Hooda,0,0,,,,,,,,,
1205720,2019/20,2019-11-18,BKC Ground,2,18.2,Meghalaya,Haryana,BB Dey,A Singhania,AH Hooda,0,0,,,,,,,,,
1205720,2019/20,2019-11-18,BKC Ground,2,18.3,Meghalaya,Haryana,BB Dey,A Singhania,AH Hooda,0,0,,,,,,,,,
1205720,2019/20,2019-11-18,BKC Ground,2,18.4,Meghalaya,Haryana,BB Dey,A Singhania,AH Hooda,1,0,,,,,,,,,
1205720,2019/20,2019-11-18,BKC Ground,2,18.5,Meghalaya,Haryana,A Singhania,BB Dey,AH Hooda,0,0,,,,,,,,,
1205720,2019/20,2019-11-18,BKC Ground,2,18.6,Meghalaya,Haryana,A Singhania,BB Dey,AH Hooda,1,0,,,,,,,,,
1205720,2019/20,2019-11-18,BKC Ground,2,19.1,Meghalaya,Haryana,A Singhania,BB Dey,R Tewatia,6,0,,,,,,,,,
1205720,2019/20,2019-11-18,BKC Ground,2,19.2,Meghalaya,Haryana,A Singhania,BB Dey,R Tewatia,0,0,,,,,,bowled,A Singhania,,
1205720,2019/20,2019-11-18,BKC Ground,2,19.3,Meghalaya,Haryana,Chengkam Sangma,BB Dey,R Tewatia,0,0,,,,,,bowled,Chengkam Sangma,,
