match_id,season,start_date,venue,innings,ball,batting_team,bowling_team,striker,non_striker,bowler,runs_off_bat,extras,wides,noballs,byes,legbyes,penalty,wicket_type,player_dismissed,other_wicket_type,other_player_dismissed
1205770,2019/20,2019-11-12,Greenfield Stadium,1,0.1,Kerala,Manipur,Vishnu Vinod,Rohan Kunnummal,Thomas Moirangthem,0,0,,,,,,,,,
1205770,2019/20,2019-11-12,Greenfield Stadium,1,0.2,Kerala,Manipur,Vishnu Vinod,Rohan Kunnummal,Thomas Moirangthem,0,0,,,,,,,,,
1205770,2019/20,2019-11-12,Greenfield Stadium,1,0.3,Kerala,Manipur,Vishnu Vinod,Rohan Kunnummal,Thomas Moirangthem,6,0,,,,,,,,,
1205770,2019/20,2019-11-12,Greenfield Stadium,1,0.4,Kerala,Manipur,Vishnu Vinod,Rohan Kunnummal,Thomas Moirangthem,1,0,,,,,,,,,
1205770,2019/20,2019-11-12,Greenfield Stadium,1,0.5,Kerala,Manipur,Rohan Kunnummal,Vishnu Vinod,Thomas Moirangthem,1,0,,,,,,,,,
1205770,2019/20,2019-11-12,Greenfield Stadium,1,0.6,Kerala,Manipur,Vishnu Vinod,Rohan Kunnummal,Thomas Moirangthem,0,0,,,,,,,,,
1205770,2019/20,2019-11-12,Greenfield Stadium,1,1.1,Kerala,Manipur,Rohan Kunnummal,Vishnu Vinod,Bishworjit Konthoujam,0,1,1,,,,,,,,
1205770,2019/20,2019-11-12,Greenfield Stadium,1,1.2,Kerala,Manipur,Rohan Kunnummal,Vishnu Vinod,Bishworjit Konthoujam,0,0,,,,,,,,,
1205770,2019/20,2019-11-12,Greenfield Stadium,1,1.3,Kerala,Manipur,Rohan Kunnummal,Vishnu Vinod,Bishworjit Konthoujam,0,0,,,,,,,,,
1205770,2019/20,2019-11-12,Greenfield Stadium,1,1.4,Kerala,Manipur,Rohan Kunnummal,Vishnu Vinod,Bishworjit Konthoujam,1,0,,,,,,,,,
1205770,2019/20,2019-11-12,Greenfield Stadium,1,1.5,Kerala,Manipur,Vishnu Vinod,Rohan Kunnummal,Bishworjit Konthoujam,0,0,,,,,,,,,
1205770,2019/20,2019-11-12,Greenfield Stadium,1,1.6,Kerala,Manipur,Vishnu Vinod,Rohan Kunnummal,Bishworjit Konthoujam,1,0,,,,,,,,,
1205770,2019/20,2019-11-12,Greenfield Stadium,1,1.7,Kerala,Manipur,Rohan Kunnummal,Vishnu Vinod,Bishworjit Konthoujam,1,0,,,,,,,,,
1205770,2019/20,2019-11-12,Greenfield Stadium,1,2.1,Kerala,Manipur,Rohan Kunnummal,Vishnu Vinod,Thomas Moirangthem,0,0,,,,,,,,,
1205770,2019/20,2019-11-12,Greenfield Stadium,1,2.2,Kerala,Manipur,Rohan Kunnummal,Vishnu Vinod,Thomas Moirangthem,0,0,,,,,,,,,
1205770,2019/20,2019-11-12,Greenfield Stadium,1,2.3,Kerala,Manipur,Rohan Kunnummal,Vishnu Vinod,Thomas Moirangthem,0,0,,,,,,,,,
1205770,2019/20,2019-11-12,Greenfield Stadium,1,2.4,Kerala,Manipur,Rohan Kunnummal,Vishnu Vinod,Thomas Moirangthem,0,0,,,,,,,,,
1205770,2019/20,2019-11-12,Greenfield Stadium,1,2.5,Kerala,Manipur,Rohan Kunnummal,Vishnu Vinod,Thomas Moirangthem,4,0,,,,,,,,,
1205770,2019/20,2019-11-12,Greenfield Stadium,1,2.6,Kerala,Manipur,Rohan Kunnummal,Vishnu Vinod,Thomas Moirangthem,1,0,,,,,,,,,
1205770,2019/20,2019-11-12,Greenfield Stadium,1,3.1,Kerala,Manipur,Rohan Kunnummal,Vishnu Vinod,Somorjit Salam,1,0,,,,,,,,,
1205770,2019/20,2019-11-12,Greenfield Stadium,1,3.2,Kerala,Manipur,Vishnu Vinod,Rohan Kunnummal,Somorjit Salam,1,0,,,,,,,,,
1205770,2019/20,2019-11-12,Greenfield Stadium,1,3.3,Kerala,Manipur,Rohan Kunnummal,Vishnu Vinod,Somorjit Salam,0,0,,,,,,,,,
1205770,2019/20,2019-11-12,Greenfield Stadium,1,3.4,Kerala,Manipur,Rohan Kunnummal,Vishnu Vinod,Somorjit Salam,1,0,,,,,,,,,
1205770,2019/20,2019-11-12,Greenfield Stadium,1,3.5,Kerala,Manipur,Vishnu Vinod,Rohan Kunnummal,Somorjit Salam,4,0,,,,,,,,,
1205770,2019/20,2019-11-12,Greenfield Stadium,1,3.6,Kerala,Manipur,Vishnu Vinod,Rohan Kunnummal,Somorjit Salam,4,0,,,,,,,,,
1205770,2019/20,2019-11-12,Greenfield Stadium,1,4.1,Kerala,Manipur,Rohan Kunnummal,Vishnu Vinod,Kangabam Singh,0,0,,,,,,,,,
1205770,2019/20,2019-11-12,Greenfield Stadium,1,4.2,Kerala,Manipur,Rohan Kunnummal,Vishnu Vinod,Kangabam Singh,0,0,,,,,,caught,Rohan Kunnummal,,
1205770,2019/20,2019-11-12,Greenfield Stadium,1,4.3,Kerala,Manipur,SV Samson,Vishnu Vinod,Kangabam Singh,4,0,,,,,,,,,
1205770,2019/20,2019-11-12,Greenfield Stadium,1,4.4,Kerala,Manipur,SV Samson,Vishnu Vinod,Kangabam Singh,0,0,,,,,,,,,
1205770,2019/20,2019-11-12,Greenfield Stadium,1,4.5,Kerala,Manipur,SV Samson,Vishnu Vinod,Kangabam Singh,0,0,,,,,,,,,
1205770,2019/20,2019-11-12,Greenfield Stadium,1,4.6,Kerala,Manipur,SV Samson,Vishnu Vinod,Kangabam Singh,1,0,,,,,,,,,
1205770,2019/20,2019-11-12,Greenfield Stadium,1,5.1,Kerala,Manipur,SV Samson,Vishnu Vinod,Bishworjit Konthoujam,0,0,,,,,,,,,
1205770,2019/20,2019-11-12,Greenfield Stadium,1,5.2,Kerala,Manipur,SV Samson,Vishnu Vinod,Bishworjit Konthoujam,4,0,,,,,,,,,
1205770,2019/20,2019-11-12,Greenfield Stadium,1,5.3,Kerala,Manipur,SV Samson,Vishnu Vinod,Bishworjit Konthoujam,1,0,,,,,,,,,
1205770,2019/20,2019-11-12,Greenfield Stadium,1,5.4,Kerala,Manipur,Vishnu Vinod,SV Samson,Bishworjit Konthoujam,1,0,,,,,,,,,
1205770,2019/20,2019-11-12,Greenfield Stadium,1,5.5,Kerala,Manipur,SV Samson,Vishnu Vinod,Bishworjit Konthoujam,0,0,,,,,,,,,
1205770,2019/20,2019-11-12,Greenfield Stadium,1,5.6,Kerala,Manipur,SV Samson,Vishnu Vinod,Bishworjit Konthoujam,0,0,,,,,,,,,
1205770,2019/20,2019-11-12,Greenfield Stadium,1,6.1,Kerala,Manipur,Vishnu Vinod,SV Samson,Kangabam Singh,1,0,,,,,,,,,
1205770,2019/20,2019-11-12,Greenfield Stadium,1,6.2,Kerala,Manipur,SV Samson,Vishnu Vinod,Kangabam Singh,1,0,,,,,,,,,
1205770,2019/20,2019-11-12,Greenfield Stadium,1,6.3,Kerala,Manipur,Vishnu Vinod,SV Samson,Kangabam Singh,0,0,,,,,,,,,
1205770,2019/20,2019-11-12,Greenfield Stadium,1,6.4,Kerala,Manipur,Vishnu Vinod,SV Samson,Kangabam Singh,1,0,,,,,,,,,
1205770,2019/20,2019-11-12,Greenfield Stadium,1,6.5,Kerala,Manipur,SV Samson,Vishnu Vinod,Kangabam Singh,1,0,,,,,,,,,
1205770,2019/20,2019-11-12,Greenfield Stadium,1,6.6,Kerala,Manipur,Vishnu Vinod,SV Samson,Kangabam Singh,1,0,,,,,,,,,
1205770,2019/20,2019-11-12,Greenfield Stadium,1,7.1,Kerala,Manipur,Vishnu Vinod,SV Samson,Lamabam Singh,1,0,,,,,,,,,
1205770,2019/20,2019-11-12,Greenfield Stadium,1,7.2,Kerala,Manipur,SV Samson,Vishnu Vinod,Lamabam Singh,0,0,,,,,,,,,
1205770,2019/20,2019-11-12,Greenfield Stadium,1,7.3,Kerala,Manipur,SV Samson,Vishnu Vinod,Lamabam Singh,0,0,,,,,,,,,
1205770,2019/20,2019-11-12,Greenfield Stadium,1,7.4,Kerala,Manipur,SV Samson,Vishnu Vinod,Lamabam Singh,0,0,,,,,,bowled,SV Samson,,
1205770,2019/20,2019-11-12,Greenfield Stadium,1,7.5,Kerala,Manipur,Sachin Baby,Vishnu Vinod,Lamabam Singh,1,0,,,,,,,,,
1205770,2019/20,2019-11-12,Greenfield Stadium,1,7.6,Kerala,Manipur,Vishnu Vinod,Sachin Baby,Lamabam Singh,1,0,,,,,,,,,
1205770,2019/20,2019-11-12,Greenfield Stadium,1,8.1,Kerala,Manipur,Vishnu Vinod,Sachin Baby,Kangabam Singh,1,0,,,,,,,,,
1205770,2019/20,2019-11-12,Greenfield Stadium,1,8.2,Kerala,Manipur,Sachin Baby,Vishnu Vinod,Kangabam Singh,4,0,,,,,,,,,
1205770,2019/20,2019-11-12,Greenfield Stadium,1,8.3,Kerala,Manipur,Sachin Baby,Vishnu Vinod,Kangabam Singh,1,0,,,,,,,,,
1205770,2019/20,2019-11-12,Greenfield Stadium,1,8.4,Kerala,Manipur,Vishnu Vinod,Sachin Baby,Kangabam Singh,1,0,,,,,,,,,
1205770,2019/20,2019-11-12,Greenfield Stadium,1,8.5,Kerala,Manipur,Sachin Baby,Vishnu Vinod,Kangabam Singh,0,0,,,,,,,,,
1205770,2019/20,2019-11-12,Greenfield Stadium,1,8.6,Kerala,Manipur,Sachin Baby,Vishnu Vinod,Kangabam Singh,1,0,,,,,,,,,
1205770,2019/20,2019-11-12,Greenfield Stadium,1,9.1,Kerala,Manipur,Sachin Baby,Vishnu Vinod,Lamabam Singh,1,0,,,,,,,,,
1205770,2019/20,2019-11-12,Greenfield Stadium,1,9.2,Kerala,Manipur,Vishnu Vinod,Sachin Baby,Lamabam Singh,0,0,,,,,,lbw,Vishnu Vinod,,
1205770,2019/20,2019-11-12,Greenfield Stadium,1,9.3,Kerala,Manipur,RV Uthappa,Sachin Baby,Lamabam Singh,0,0,,,,,,,,,
1205770,2019/20,2019-11-12,Greenfield Stadium,1,9.4,Kerala,Manipur,RV Uthappa,Sachin Baby,Lamabam Singh,0,0,,,,,,,,,
1205770,2019/20,2019-11-12,Greenfield Stadium,1,9.5,Kerala,Manipur,RV Uthappa,Sachin Baby,Lamabam Singh,1,0,,,,,,,,,
1205770,2019/20,2019-11-12,Greenfield Stadium,1,9.6,Kerala,Manipur,Sachin Baby,RV Uthappa,Lamabam Singh,1,0,,,,,,,,,
1205770,2019/20,2019-11-12,Greenfield Stadium,1,10.1,Kerala,Manipur,Sachin Baby,RV Uthappa,Somorjit Salam,1,0,,,,,,,,,
1205770,2019/20,2019-11-12,Greenfield Stadium,1,10.2,Kerala,Manipur,RV Uthappa,Sachin Baby,Somorjit Salam,1,0,,,,,,,,,
1205770,2019/20,2019-11-12,Greenfield Stadium,1,10.3,Kerala,Manipur,Sachin Baby,RV Uthappa,Somorjit Salam,1,0,,,,,,,,,
1205770,2019/20,2019-11-12,Greenfield Stadium,1,10.4,Kerala,Manipur,RV Uthappa,Sachin Baby,Somorjit Salam,6,1,,1,,,,,,,
1205770,2019/20,2019-11-12,Greenfield Stadium,1,10.5,Kerala,Manipur,RV Uthappa,Sachin Baby,Somorjit Salam,1,0,,,,,,,,,
1205770,2019/20,2019-11-12,Greenfield Stadium,1,10.6,Kerala,Manipur,Sachin Baby,RV Uthappa,Somorjit Salam,2,0,,,,,,,,,
1205770,2019/20,2019-11-12,Greenfield Stadium,1,10.7,Kerala,Manipur,Sachin Baby,RV Uthappa,Somorjit Salam,1,0,,,,,,,,,
1205770,2019/20,2019-11-12,Greenfield Stadium,1,11.1,Kerala,Manipur,Sachin Baby,RV Uthappa,Lamabam Singh,2,0,,,,,,,,,
1205770,2019/20,2019-11-12,Greenfield Stadium,1,11.2,Kerala,Manipur,Sachin Baby,RV Uthappa,Lamabam Singh,1,0,,,,,,,,,
1205770,2019/20,2019-11-12,Greenfield Stadium,1,11.3,Kerala,Manipur,RV Uthappa,Sachin Baby,Lamabam Singh,0,0,,,,,,,,,
1205770,2019/20,2019-11-12,Greenfield Stadium,1,11.4,Kerala,Manipur,RV Uthappa,Sachin Baby,Lamabam Singh,1,0,,,,,,,,,
1205770,2019/20,2019-11-12,Greenfield Stadium,1,11.5,Kerala,Manipur,Sachin Baby,RV Uthappa,Lamabam Singh,0,0,,,,,,,,,
1205770,2019/20,2019-11-12,Greenfield Stadium,1,11.6,Kerala,Manipur,Sachin Baby,RV Uthappa,Lamabam Singh,1,0,,,,,,,,,
1205770,2019/20,2019-11-12,Greenfield Stadium,1,12.1,Kerala,Manipur,Sachin Baby,RV Uthappa,Sultan Karim,0,0,,,,,,,,,
1205770,2019/20,2019-11-12,Greenfield Stadium,1,12.2,Kerala,Manipur,Sachin Baby,RV Uthappa,Sultan Karim,0,0,,,,,,,,,
1205770,2019/20,2019-11-12,Greenfield Stadium,1,12.3,Kerala,Manipur,Sachin Baby,RV Uthappa,Sultan Karim,0,1,,1,,,,,,,
1205770,2019/20,2019-11-12,Greenfield Stadium,1,12.4,Kerala,Manipur,Sachin Baby,RV Uthappa,Sultan Karim,6,0,,,,,,,,,
1205770,2019/20,2019-11-12,Greenfield Stadium,1,12.5,Kerala,Manipur,Sachin Baby,RV Uthappa,Sultan Karim,4,0,,,,,,,,,
1205770,2019/20,2019-11-12,Greenfield Stadium,1,12.6,Kerala,Manipur,Sachin Baby,RV Uthappa,Sultan Karim,1,0,,,,,,,,,
1205770,2019/20,2019-11-12,Greenfield Stadium,1,12.7,Kerala,Manipur,RV Uthappa,Sachin Baby,Sultan Karim,0,0,,,,,,,,,
1205770,2019/20,2019-11-12,Greenfield Stadium,1,13.1,Kerala,Manipur,Sachin Baby,RV Uthappa,Lamabam Singh,1,0,,,,,,,,,
1205770,2019/20,2019-11-12,Greenfield Stadium,1,13.2,Kerala,Manipur,RV Uthappa,Sachin Baby,Lamabam Singh,1,0,,,,,,,,,
1205770,2019/20,2019-11-12,Greenfield Stadium,1,13.3,Kerala,Manipur,Sachin Baby,RV Uthappa,Lamabam Singh,1,0,,,,,,,,,
1205770,2019/20,2019-11-12,Greenfield Stadium,1,13.4,Kerala,Manipur,RV Uthappa,Sachin Baby,Lamabam Singh,0,0,,,,,,,,,
1205770,2019/20,2019-11-12,Greenfield Stadium,1,13.5,Kerala,Manipur,RV Uthappa,Sachin Baby,Lamabam Singh,1,0,,,,,,,,,
1205770,2019/20,2019-11-12,Greenfield Stadium,1,13.6,Kerala,Manipur,Sachin Baby,RV Uthappa,Lamabam Singh,1,0,,,,,,,,,
1205770,2019/20,2019-11-12,Greenfield Stadium,1,14.1,Kerala,Manipur,Sachin Baby,RV Uthappa,Nitesh Sedai,4,0,,,,,,,,,
1205770,2019/20,2019-11-12,Greenfield Stadium,1,14.2,Kerala,Manipur,Sachin Baby,RV Uthappa,Nitesh Sedai,0,0,,,,,,,,,
1205770,2019/20,2019-11-12,Greenfield Stadium,1,14.3,Kerala,Manipur,Sachin Baby,RV Uthappa,Nitesh Sedai,1,0,,,,,,,,,
1205770,2019/20,2019-11-12,Greenfield Stadium,1,14.4,Kerala,Manipur,RV Uthappa,Sachin Baby,Nitesh Sedai,0,0,,,,,,,,,
1205770,2019/20,2019-11-12,Greenfield Stadium,1,14.5,Kerala,Manipur,RV Uthappa,Sachin Baby,Nitesh Sedai,1,0,,,,,,,,,
1205770,2019/20,2019-11-12,Greenfield Stadium,1,14.6,Kerala,Manipur,Sachin Baby,RV Uthappa,Nitesh Sedai,4,0,,,,,,,,,
1205770,2019/20,2019-11-12,Greenfield Stadium,1,15.1,Kerala,Manipur,RV Uthappa,Sachin Baby,Kangabam Singh,0,0,,,,,,,,,
1205770,2019/20,2019-11-12,Greenfield Stadium,1,15.2,Kerala,Manipur,RV Uthappa,Sachin Baby,Kangabam Singh,1,0,,,,,,,,,
1205770,2019/20,2019-11-12,Greenfield Stadium,1,15.3,Kerala,Manipur,Sachin Baby,RV Uthappa,Kangabam Singh,1,0,,,,,,,,,
1205770,2019/20,2019-11-12,Greenfield Stadium,1,15.4,Kerala,Manipur,RV Uthappa,Sachin Baby,Kangabam Singh,1,0,,,,,,,,,
1205770,2019/20,2019-11-12,Greenfield Stadium,1,15.5,Kerala,Manipur,Sachin Baby,RV Uthappa,Kangabam Singh,0,0,,,,,,,,,
1205770,2019/20,2019-11-12,Greenfield Stadium,1,15.6,Kerala,Manipur,Sachin Baby,RV Uthappa,Kangabam Singh,0,1,,,1,,,,,,
1205770,2019/20,2019-11-12,Greenfield Stadium,1,16.1,Kerala,Manipur,Sachin Baby,RV Uthappa,Thomas Moirangthem,1,0,,,,,,,,,
1205770,2019/20,2019-11-12,Greenfield Stadium,1,16.2,Kerala,Manipur,RV Uthappa,Sachin Baby,Thomas Moirangthem,1,0,,,,,,,,,
1205770,2019/20,2019-11-12,Greenfield Stadium,1,16.3,Kerala,Manipur,Sachin Baby,RV Uthappa,Thomas Moirangthem,4,0,,,,,,,,,
1205770,2019/20,2019-11-12,Greenfield Stadium,1,16.4,Kerala,Manipur,Sachin Baby,RV Uthappa,Thomas Moirangthem,1,0,,,,,,,,,
1205770,2019/20,2019-11-12,Greenfield Stadium,1,16.5,Kerala,Manipur,RV Uthappa,Sachin Baby,Thomas Moirangthem,4,0,,,,,,,,,
1205770,2019/20,2019-11-12,Greenfield Stadium,1,16.6,Kerala,Manipur,RV Uthappa,Sachin Baby,Thomas Moirangthem,1,0,,,,,,,,,
1205770,2019/20,2019-11-12,Greenfield Stadium,1,17.1,Kerala,Manipur,RV Uthappa,Sachin Baby,Bishworjit Konthoujam,1,0,,,,,,,,,
1205770,2019/20,2019-11-12,Greenfield Stadium,1,17.2,Kerala,Manipur,Sachin Baby,RV Uthappa,Bishworjit Konthoujam,0,0,,,,,,bowled,Sachin Baby,,
1205770,2019/20,2019-11-12,Greenfield Stadium,1,17.3,Kerala,Manipur,Mohammed Azharuddeen,RV Uthappa,Bishworjit Konthoujam,4,0,,,,,,,,,
1205770,2019/20,2019-11-12,Greenfield Stadium,1,17.4,Kerala,Manipur,Mohammed Azharuddeen,RV Uthappa,Bishworjit Konthoujam,1,0,,,,,,,,,
1205770,2019/20,2019-11-12,Greenfield Stadium,1,17.5,Kerala,Manipur,RV Uthappa,Mohammed Azharuddeen,Bishworjit Konthoujam,1,0,,,,,,,,,
1205770,2019/20,2019-11-12,Greenfield Stadium,1,17.6,Kerala,Manipur,Mohammed Azharuddeen,RV Uthappa,Bishworjit Konthoujam,0,1,1,,,,,,,,
1205770,2019/20,2019-11-12,Greenfield Stadium,1,17.7,Kerala,Manipur,Mohammed Azharuddeen,RV Uthappa,Bishworjit Konthoujam,6,0,,,,,,,,,
1205770,2019/20,2019-11-12,Greenfield Stadium,1,18.1,Kerala,Manipur,RV Uthappa,Mohammed Azharuddeen,Thomas Moirangthem,6,0,,,,,,,,,
1205770,2019/20,2019-11-12,Greenfield Stadium,1,18.2,Kerala,Manipur,RV Uthappa,Mohammed Azharuddeen,Thomas Moirangthem,0,0,,,,,,caught,RV Uthappa,,
1205770,2019/20,2019-11-12,Greenfield Stadium,1,18.3,Kerala,Manipur,Mohammed Azharuddeen,Jalaj S Saxena,Thomas Moirangthem,0,1,,,,1,,,,,
1205770,2019/20,2019-11-12,Greenfield Stadium,1,18.4,Kerala,Manipur,Jalaj S Saxena,Mohammed Azharuddeen,Thomas Moirangthem,4,0,,,,,,,,,
1205770,2019/20,2019-11-12,Greenfield Stadium,1,18.5,Kerala,Manipur,Jalaj S Saxena,Mohammed Azharuddeen,Thomas Moirangthem,0,0,,,,,,caught,Jalaj S Saxena,,
1205770,2019/20,2019-11-12,Greenfield Stadium,1,18.6,Kerala,Manipur,Basil Thampi,Mohammed Azharuddeen,Thomas Moirangthem,0,0,,,,,,bowled,Basil Thampi,,
1205770,2019/20,2019-11-12,Greenfield Stadium,1,19.1,Kerala,Manipur,Mohammed Azharuddeen,S Midhun,Bishworjit Konthoujam,0,0,,,,,,,,,
1205770,2019/20,2019-11-12,Greenfield Stadium,1,19.2,Kerala,Manipur,Mohammed Azharuddeen,S Midhun,Bishworjit Konthoujam,4,0,,,,,,,,,
1205770,2019/20,2019-11-12,Greenfield Stadium,1,19.3,Kerala,Manipur,Mohammed Azharuddeen,S Midhun,Bishworjit Konthoujam,0,0,,,,,,caught,Mohammed Azharuddeen,,
1205770,2019/20,2019-11-12,Greenfield Stadium,1,19.4,Kerala,Manipur,S Midhun,MD Nidheesh,Bishworjit Konthoujam,0,0,,,,,,caught,S Midhun,,
1205770,2019/20,2019-11-12,Greenfield Stadium,1,19.5,Kerala,Manipur,KM Asif,MD Nidheesh,Bishworjit Konthoujam,0,0,,,,,,,,,
1205770,2019/20,2019-11-12,Greenfield Stadium,1,19.6,Kerala,Manipur,KM Asif,MD Nidheesh,Bishworjit Konthoujam,0,0,,,,,,,,,
1205770,2019/20,2019-11-12,Greenfield Stadium,2,0.1,Manipur,Kerala,B Rahman,Al Bashid Muhammed,Basil Thampi,0,0,,,,,,,,,
1205770,2019/20,2019-11-12,Greenfield Stadium,2,0.2,Manipur,Kerala,B Rahman,Al Bashid Muhammed,Basil Thampi,0,0,,,,,,,,,
1205770,2019/20,2019-11-12,Greenfield Stadium,2,0.3,Manipur,Kerala,B Rahman,Al Bashid Muhammed,Basil Thampi,0,0,,,,,,,,,
1205770,2019/20,2019-11-12,Greenfield Stadium,2,0.4,Manipur,Kerala,B Rahman,Al Bashid Muhammed,Basil Thampi,0,0,,,,,,,,,
1205770,2019/20,2019-11-12,Greenfield Stadium,2,0.5,Manipur,Kerala,B Rahman,Al Bashid Muhammed,Basil Thampi,0,0,,,,,,,,,
1205770,2019/20,2019-11-12,Greenfield Stadium,2,0.6,Manipur,Kerala,B Rahman,Al Bashid Muhammed,Basil Thampi,0,0,,,,,,,,,
1205770,2019/20,2019-11-12,Greenfield Stadium,2,1.1,Manipur,Kerala,Al Bashid Muhammed,B Rahman,MD Nidheesh,0,5,5,,,,,,,,
1205770,2019/20,2019-11-12,Greenfield Stadium,2,1.2,Manipur,Kerala,Al Bashid Muhammed,B Rahman,MD Nidheesh,0,0,,,,,,,,,
1205770,2019/20,2019-11-12,Greenfield Stadium,2,1.3,Manipur,Kerala,Al Bashid Muhammed,B Rahman,MD Nidheesh,1,0,,,,,,,,,
1205770,2019/20,2019-11-12,Greenfield Stadium,2,1.4,Manipur,Kerala,B Rahman,Al Bashid Muhammed,MD Nidheesh,0,0,,,,,,,,,
1205770,2019/20,2019-11-12,Greenfield Stadium,2,1.5,Manipur,Kerala,B Rahman,Al Bashid Muhammed,MD Nidheesh,2,0,,,,,,,,,
1205770,2019/20,2019-11-12,Greenfield Stadium,2,1.6,Manipur,Kerala,B Rahman,Al Bashid Muhammed,MD Nidheesh,0,0,,,,,,,,,
1205770,2019/20,2019-11-12,Greenfield Stadium,2,1.7,Manipur,Kerala,B Rahman,Al Bashid Muhammed,MD Nidheesh,0,0,,,,,,,,,
1205770,2019/20,2019-11-12,Greenfield Stadium,2,2.1,Manipur,Kerala,Al Bashid Muhammed,B Rahman,KM Asif,0,1,1,,,,,,,,
1205770,2019/20,2019-11-12,Greenfield Stadium,2,2.2,Manipur,Kerala,Al Bashid Muhammed,B Rahman,KM Asif,0,0,,,,,,,,,
1205770,2019/20,2019-11-12,Greenfield Stadium,2,2.3,Manipur,Kerala,Al Bashid Muhammed,B Rahman,KM Asif,1,0,,,,,,,,,
1205770,2019/20,2019-11-12,Greenfield Stadium,2,2.4,Manipur,Kerala,B Rahman,Al Bashid Muhammed,KM Asif,0,1,1,,,,,,,,
1205770,2019/20,2019-11-12,Greenfield Stadium,2,2.5,Manipur,Kerala,B Rahman,Al Bashid Muhammed,KM Asif,1,0,,,,,,,,,
1205770,2019/20,2019-11-12,Greenfield Stadium,2,2.6,Manipur,Kerala,Al Bashid Muhammed,B Rahman,KM Asif,0,0,,,,,,,,,
1205770,2019/20,2019-11-12,Greenfield Stadium,2,2.7,Manipur,Kerala,Al Bashid Muhammed,B Rahman,KM Asif,0,0,,,,,,,,,
1205770,2019/20,2019-11-12,Greenfield Stadium,2,2.8,Manipur,Kerala,Al Bashid Muhammed,B Rahman,KM Asif,0,0,,,,,,,,,
1205770,2019/20,2019-11-12,Greenfield Stadium,2,3.1,Manipur,Kerala,B Rahman,Al Bashid Muhammed,Jalaj S Saxena,1,0,,,,,,,,,
1205770,2019/20,2019-11-12,Greenfield Stadium,2,3.2,Manipur,Kerala,Al Bashid Muhammed,B Rahman,Jalaj S Saxena,1,0,,,,,,,,,
1205770,2019/20,2019-11-12,Greenfield Stadium,2,3.3,Manipur,Kerala,B Rahman,Al Bashid Muhammed,Jalaj S Saxena,0,0,,,,,,,,,
1205770,2019/20,2019-11-12,Greenfield Stadium,2,3.4,Manipur,Kerala,B Rahman,Al Bashid Muhammed,Jalaj S Saxena,0,0,,,,,,,,,
1205770,2019/20,2019-11-12,Greenfield Stadium,2,3.5,Manipur,Kerala,B Rahman,Al Bashid Muhammed,Jalaj S Saxena,0,0,,,,,,run out,Al Bashid Muhammed,,
1205770,2019/20,2019-11-12,Greenfield Stadium,2,3.6,Manipur,Kerala,Narsingh Yadav,B Rahman,Jalaj S Saxena,0,0,,,,,,lbw,Narsingh Yadav,,
1205770,2019/20,2019-11-12,Greenfield Stadium,2,4.1,Manipur,Kerala,B Rahman,Nitesh Sedai,Sachin Baby,0,0,,,,,,,,,
1205770,2019/20,2019-11-12,Greenfield Stadium,2,4.2,Manipur,Kerala,B Rahman,Nitesh Sedai,Sachin Baby,0,0,,,,,,,,,
1205770,2019/20,2019-11-12,Greenfield Stadium,2,4.3,Manipur,Kerala,B Rahman,Nitesh Sedai,Sachin Baby,2,0,,,,,,,,,
1205770,2019/20,2019-11-12,Greenfield Stadium,2,4.4,Manipur,Kerala,B Rahman,Nitesh Sedai,Sachin Baby,0,0,,,,,,,,,
1205770,2019/20,2019-11-12,Greenfield Stadium,2,4.5,Manipur,Kerala,B Rahman,Nitesh Sedai,Sachin Baby,4,0,,,,,,,,,
1205770,2019/20,2019-11-12,Greenfield Stadium,2,4.6,Manipur,Kerala,B Rahman,Nitesh Sedai,Sachin Baby,0,0,,,,,,,,,
1205770,2019/20,2019-11-12,Greenfield Stadium,2,5.1,Manipur,Kerala,Nitesh Sedai,B Rahman,MD Nidheesh,0,0,,,,,,,,,
1205770,2019/20,2019-11-12,Greenfield Stadium,2,5.2,Manipur,Kerala,Nitesh Sedai,B Rahman,MD Nidheesh,0,0,,,,,,,,,
1205770,2019/20,2019-11-12,Greenfield Stadium,2,5.3,Manipur,Kerala,Nitesh Sedai,B Rahman,MD Nidheesh,0,0,,,,,,,,,
1205770,2019/20,2019-11-12,Greenfield Stadium,2,5.4,Manipur,Kerala,Nitesh Sedai,B Rahman,MD Nidheesh,0,0,,,,,,,,,
1205770,2019/20,2019-11-12,Greenfield Stadium,2,5.5,Manipur,Kerala,Nitesh Sedai,B Rahman,MD Nidheesh,0,0,,,,,,,,,
1205770,2019/20,2019-11-12,Greenfield Stadium,2,5.6,Manipur,Kerala,Nitesh Sedai,B Rahman,MD Nidheesh,0,0,,,,,,,,,
1205770,2019/20,2019-11-12,Greenfield Stadium,2,6.1,Manipur,Kerala,B Rahman,Nitesh Sedai,S Midhun,0,0,,,,,,bowled,B Rahman,,
1205770,2019/20,2019-11-12,Greenfield Stadium,2,6.2,Manipur,Kerala,Kangabam Singh,Nitesh Sedai,S Midhun,0,0,,,,,,,,,
1205770,2019/20,2019-11-12,Greenfield Stadium,2,6.3,Manipur,Kerala,Kangabam Singh,Nitesh Sedai,S Midhun,0,0,,,,,,,,,
1205770,2019/20,2019-11-12,Greenfield Stadium,2,6.4,Manipur,Kerala,Kangabam Singh,Nitesh Sedai,S Midhun,0,0,,,,,,caught,Kangabam Singh,,
1205770,2019/20,2019-11-12,Greenfield Stadium,2,6.5,Manipur,Kerala,Johnson Singh,Nitesh Sedai,S Midhun,0,0,,,,,,,,,
1205770,2019/20,2019-11-12,Greenfield Stadium,2,6.6,Manipur,Kerala,Johnson Singh,Nitesh Sedai,S Midhun,0,0,,,,,,,,,
1205770,2019/20,2019-11-12,Greenfield Stadium,2,7.1,Manipur,Kerala,Nitesh Sedai,Johnson Singh,Jalaj S Saxena,1,0,,,,,,,,,
1205770,2019/20,2019-11-12,Greenfield Stadium,2,7.2,Manipur,Kerala,Johnson Singh,Nitesh Sedai,Jalaj S Saxena,0,0,,,,,,,,,
1205770,2019/20,2019-11-12,Greenfield Stadium,2,7.3,Manipur,Kerala,Johnson Singh,Nitesh Sedai,Jalaj S Saxena,0,0,,,,,,,,,
1205770,2019/20,2019-11-12,Greenfield Stadium,2,7.4,Manipur,Kerala,Johnson Singh,Nitesh Sedai,Jalaj S Saxena,0,0,,,,,,,,,
1205770,2019/20,2019-11-12,Greenfield Stadium,2,7.5,Manipur,Kerala,Johnson Singh,Nitesh Sedai,Jalaj S Saxena,0,0,,,,,,,,,
1205770,2019/20,2019-11-12,Greenfield Stadium,2,7.6,Manipur,Kerala,Johnson Singh,Nitesh Sedai,Jalaj S Saxena,0,0,,,,,,,,,
1205770,2019/20,2019-11-12,Greenfield Stadium,2,8.1,Manipur,Kerala,Nitesh Sedai,Johnson Singh,S Midhun,0,0,,,,,,,,,
1205770,2019/20,2019-11-12,Greenfield Stadium,2,8.2,Manipur,Kerala,Nitesh Sedai,Johnson Singh,S Midhun,1,0,,,,,,,,,
1205770,2019/20,2019-11-12,Greenfield Stadium,2,8.3,Manipur,Kerala,Johnson Singh,Nitesh Sedai,S Midhun,1,0,,,,,,,,,
1205770,2019/20,2019-11-12,Greenfield Stadium,2,8.4,Manipur,Kerala,Nitesh Sedai,Johnson Singh,S Midhun,0,0,,,,,,,,,
1205770,2019/20,2019-11-12,Greenfield Stadium,2,8.5,Manipur,Kerala,Nitesh Sedai,Johnson Singh,S Midhun,0,0,,,,,,,,,
1205770,2019/20,2019-11-12,Greenfield Stadium,2,8.6,Manipur,Kerala,Nitesh Sedai,Johnson Singh,S Midhun,0,0,,,,,,caught,Nitesh Sedai,,
1205770,2019/20,2019-11-12,Greenfield Stadium,2,9.1,Manipur,Kerala,Johnson Singh,Sultan Karim,Jalaj S Saxena,0,0,,,,,,,,,
1205770,2019/20,2019-11-12,Greenfield Stadium,2,9.2,Manipur,Kerala,Johnson Singh,Sultan Karim,Jalaj S Saxena,0,0,,,,,,,,,
1205770,2019/20,2019-11-12,Greenfield Stadium,2,9.3,Manipur,Kerala,Johnson Singh,Sultan Karim,Jalaj S Saxena,0,0,,,,,,,,,
1205770,2019/20,2019-11-12,Greenfield Stadium,2,9.4,Manipur,Kerala,Johnson Singh,Sultan Karim,Jalaj S Saxena,0,0,,,,,,,,,
1205770,2019/20,2019-11-12,Greenfield Stadium,2,9.5,Manipur,Kerala,Johnson Singh,Sultan Karim,Jalaj S Saxena,1,0,,,,,,,,,
1205770,2019/20,2019-11-12,Greenfield Stadium,2,9.6,Manipur,Kerala,Sultan Karim,Johnson Singh,Jalaj S Saxena,0,0,,,,,,,,,
1205770,2019/20,2019-11-12,Greenfield Stadium,2,10.1,Manipur,Kerala,Johnson Singh,Sultan Karim,S Midhun,0,0,,,,,,,,,
1205770,2019/20,2019-11-12,Greenfield Stadium,2,10.2,Manipur,Kerala,Johnson Singh,Sultan Karim,S Midhun,1,0,,,,,,,,,
1205770,2019/20,2019-11-12,Greenfield Stadium,2,10.3,Manipur,Kerala,Sultan Karim,Johnson Singh,S Midhun,0,0,,,,,,,,,
1205770,2019/20,2019-11-12,Greenfield Stadium,2,10.4,Manipur,Kerala,Sultan Karim,Johnson Singh,S Midhun,1,0,,,,,,,,,
1205770,2019/20,2019-11-12,Greenfield Stadium,2,10.5,Manipur,Kerala,Johnson Singh,Sultan Karim,S Midhun,0,0,,,,,,,,,
1205770,2019/20,2019-11-12,Greenfield Stadium,2,10.6,Manipur,Kerala,Johnson Singh,Sultan Karim,S Midhun,0,0,,,,,,,,,
1205770,2019/20,2019-11-12,Greenfield Stadium,2,11.1,Manipur,Kerala,Sultan Karim,Johnson Singh,Jalaj S Saxena,1,0,,,,,,,,,
1205770,2019/20,2019-11-12,Greenfield Stadium,2,11.2,Manipur,Kerala,Johnson Singh,Sultan Karim,Jalaj S Saxena,0,0,,,,,,,,,
1205770,2019/20,2019-11-12,Greenfield Stadium,2,11.3,Manipur,Kerala,Johnson Singh,Sultan Karim,Jalaj S Saxena,0,0,,,,,,,,,
1205770,2019/20,2019-11-12,Greenfield Stadium,2,11.4,Manipur,Kerala,Johnson Singh,Sultan Karim,Jalaj S Saxena,4,0,,,,,,,,,
1205770,2019/20,2019-11-12,Greenfield Stadium,2,11.5,Manipur,Kerala,Johnson Singh,Sultan Karim,Jalaj S Saxena,0,0,,,,,,,,,
1205770,2019/20,2019-11-12,Greenfield Stadium,2,11.6,Manipur,Kerala,Johnson Singh,Sultan Karim,Jalaj S Saxena,0,0,,,,,,,,,
1205770,2019/20,2019-11-12,Greenfield Stadium,2,12.1,Manipur,Kerala,Sultan Karim,Johnson Singh,Basil Thampi,1,0,,,,,,,,,
1205770,2019/20,2019-11-12,Greenfield Stadium,2,12.2,Manipur,Kerala,Johnson Singh,Sultan Karim,Basil Thampi,0,0,,,,,,,,,
1205770,2019/20,2019-11-12,Greenfield Stadium,2,12.3,Manipur,Kerala,Johnson Singh,Sultan Karim,Basil Thampi,4,0,,,,,,,,,
1205770,2019/20,2019-11-12,Greenfield Stadium,2,12.4,Manipur,Kerala,Johnson Singh,Sultan Karim,Basil Thampi,0,0,,,,,,,,,
1205770,2019/20,2019-11-12,Greenfield Stadium,2,12.5,Manipur,Kerala,Johnson Singh,Sultan Karim,Basil Thampi,0,0,,,,,,,,,
1205770,2019/20,2019-11-12,Greenfield Stadium,2,12.6,Manipur,Kerala,Johnson Singh,Sultan Karim,Basil Thampi,1,0,,,,,,,,,
1205770,2019/20,2019-11-12,Greenfield Stadium,2,13.1,Manipur,Kerala,Johnson Singh,Sultan Karim,Sachin Baby,1,0,,,,,,,,,
1205770,2019/20,2019-11-12,Greenfield Stadium,2,13.2,Manipur,Kerala,Sultan Karim,Johnson Singh,Sachin Baby,1,0,,,,,,,,,
1205770,2019/20,2019-11-12,Greenfield Stadium,2,13.3,Manipur,Kerala,Johnson Singh,Sultan Karim,Sachin Baby,0,0,,,,,,,,,
1205770,2019/20,2019-11-12,Greenfield Stadium,2,13.4,Manipur,Kerala,Johnson Singh,Sultan Karim,Sachin Baby,0,0,,,,,,,,,
1205770,2019/20,2019-11-12,Greenfield Stadium,2,13.5,Manipur,Kerala,Johnson Singh,Sultan Karim,Sachin Baby,1,0,,,,,,,,,
1205770,2019/20,2019-11-12,Greenfield Stadium,2,13.6,Manipur,Kerala,Sultan Karim,Johnson Singh,Sachin Baby,1,0,,,,,,,,,
1205770,2019/20,2019-11-12,Greenfield Stadium,2,14.1,Manipur,Kerala,Sultan Karim,Johnson Singh,Vishnu Vinod,1,0,,,,,,,,,
1205770,2019/20,2019-11-12,Greenfield Stadium,2,14.2,Manipur,Kerala,Johnson Singh,Sultan Karim,Vishnu Vinod,0,0,,,,,,,,,
1205770,2019/20,2019-11-12,Greenfield Stadium,2,14.3,Manipur,Kerala,Johnson Singh,Sultan Karim,Vishnu Vinod,1,0,,,,,,,,,
1205770,2019/20,2019-11-12,Greenfield Stadium,2,14.4,Manipur,Kerala,Sultan Karim,Johnson Singh,Vishnu Vinod,1,0,,,,,,,,,
1205770,2019/20,2019-11-12,Greenfield Stadium,2,14.5,Manipur,Kerala,Johnson Singh,Sultan Karim,Vishnu Vinod,4,0,,,,,,,,,
1205770,2019/20,2019-11-12,Greenfield Stadium,2,14.6,Manipur,Kerala,Johnson Singh,Sultan Karim,Vishnu Vinod,0,0,,,,,,,,,
1205770,2019/20,2019-11-12,Greenfield Stadium,2,15.1,Manipur,Kerala,Sultan Karim,Johnson Singh,Sachin Baby,0,0,,,,,,,,,
1205770,2019/20,2019-11-12,Greenfield Stadium,2,15.2,Manipur,Kerala,Sultan Karim,Johnson Singh,Sachin Baby,1,0,,,,,,,,,
1205770,2019/20,2019-11-12,Greenfield Stadium,2,15.3,Manipur,Kerala,Johnson Singh,Sultan Karim,Sachin Baby,6,0,,,,,,,,,
1205770,2019/20,2019-11-12,Greenfield Stadium,2,15.4,Manipur,Kerala,Johnson Singh,Sultan Karim,Sachin Baby,0,0,,,,,,,,,
1205770,2019/20,2019-11-12,Greenfield Stadium,2,15.5,Manipur,Kerala,Johnson Singh,Sultan Karim,Sachin Baby,1,0,,,,,,,,,
1205770,2019/20,2019-11-12,Greenfield Stadium,2,15.6,Manipur,Kerala,Sultan Karim,Johnson Singh,Sachin Baby,1,0,,,,,,,,,
1205770,2019/20,2019-11-12,Greenfield Stadium,2,16.1,Manipur,Kerala,Sultan Karim,Johnson Singh,Basil Thampi,0,0,,,,,,,,,
1205770,2019/20,2019-11-12,Greenfield Stadium,2,16.2,Manipur,Kerala,Sultan Karim,Johnson Singh,Basil Thampi,1,0,,,,,,,,,
1205770,2019/20,2019-11-12,Greenfield Stadium,2,16.3,Manipur,Kerala,Johnson Singh,Sultan Karim,Basil Thampi,0,0,,,,,,,,,
1205770,2019/20,2019-11-12,Greenfield Stadium,2,16.4,Manipur,Kerala,Johnson Singh,Sultan Karim,Basil Thampi,1,0,,,,,,,,,
1205770,2019/20,2019-11-12,Greenfield Stadium,2,16.5,Manipur,Kerala,Sultan Karim,Johnson Singh,Basil Thampi,0,0,,,,,,,,,
1205770,2019/20,2019-11-12,Greenfield Stadium,2,16.6,Manipur,Kerala,Sultan Karim,Johnson Singh,Basil Thampi,1,0,,,,,,,,,
1205770,2019/20,2019-11-12,Greenfield Stadium,2,17.1,Manipur,Kerala,Sultan Karim,Johnson Singh,Sachin Baby,0,0,,,,,,,,,
1205770,2019/20,2019-11-12,Greenfield Stadium,2,17.2,Manipur,Kerala,Sultan Karim,Johnson Singh,Sachin Baby,0,0,,,,,,,,,
1205770,2019/20,2019-11-12,Greenfield Stadium,2,17.3,Manipur,Kerala,Sultan Karim,Johnson Singh,Sachin Baby,0,0,,,,,,caught,Sultan Karim,,
1205770,2019/20,2019-11-12,Greenfield Stadium,2,17.4,Manipur,Kerala,Thomas Moirangthem,Johnson Singh,Sachin Baby,2,0,,,,,,,,,
1205770,2019/20,2019-11-12,Greenfield Stadium,2,17.5,Manipur,Kerala,Thomas Moirangthem,Johnson Singh,Sachin Baby,0,0,,,,,,,,,
1205770,2019/20,2019-11-12,Greenfield Stadium,2,17.6,Manipur,Kerala,Thomas Moirangthem,Johnson Singh,Sachin Baby,0,0,,,,,,,,,
1205770,2019/20,2019-11-12,Greenfield Stadium,2,18.1,Manipur,Kerala,Johnson Singh,Thomas Moirangthem,S Midhun,0,0,,,,,,,,,
1205770,2019/20,2019-11-12,Greenfield Stadium,2,18.2,Manipur,Kerala,Johnson Singh,Thomas Moirangthem,S Midhun,0,0,,,,,,bowled,Johnson Singh,,
1205770,2019/20,2019-11-12,Greenfield Stadium,2,18.3,Manipur,Kerala,Somorjit Salam,Thomas Moirangthem,S Midhun,0,0,,,,,,,,,
1205770,2019/20,2019-11-12,Greenfield Stadium,2,18.4,Manipur,Kerala,Somorjit Salam,Thomas Moirangthem,S Midhun,0,0,,,,,,,,,
1205770,2019/20,2019-11-12,Greenfield Stadium,2,18.5,Manipur,Kerala,Somorjit Salam,Thomas Moirangthem,S Midhun,1,0,,,,,,,,,
1205770,2019/20,2019-11-12,Greenfield Stadium,2,18.6,Manipur,Kerala,Thomas Moirangthem,Somorjit Salam,S Midhun,0,0,,,,,,,,,
1205770,2019/20,2019-11-12,Greenfield Stadium,2,19.1,Manipur,Kerala,Somorjit Salam,Thomas Moirangthem,MD Nidheesh,0,0,,,,,,,,,
1205770,2019/20,2019-11-12,Greenfield Stadium,2,19.2,Manipur,Kerala,Somorjit Salam,Thomas Moirangthem,MD Nidheesh,6,0,,,,,,,,,
1205770,2019/20,2019-11-12,Greenfield Stadium,2,19.3,Manipur,Kerala,Somorjit Salam,Thomas Moirangthem,MD Nidheesh,4,0,,,,,,,,,
1205770,2019/20,2019-11-12,Greenfield Stadium,2,19.4,Manipur,Kerala,Somorjit Salam,Thomas Moirangthem,MD Nidheesh,0,0,,,,,,,,,
1205770,2019/20,2019-11-12,Greenfield Stadium,2,19.5,Manipur,Kerala,Somorjit Salam,Thomas Moirangthem,MD Nidheesh,1,0,,,,,,,,,
1205770,2019/20,2019-11-12,Greenfield Stadium,2,19.6,Manipur,Kerala,Thomas Moirangthem,Somorjit Salam,MD Nidheesh,0,0,,,,,,,,,
