match_id,season,start_date,venue,innings,ball,batting_team,bowling_team,striker,non_striker,bowler,runs_off_bat,extras,wides,noballs,byes,legbyes,penalty,wicket_type,player_dismissed,other_wicket_type,other_player_dismissed
1205853,2019/20,2019-11-25,Lalbhai Contractor Stadium,1,0.1,Maharashtra,Rajasthan,RD Gaikwad,VH Zol,DL Chahar,0,0,,,,,,,,,
1205853,2019/20,2019-11-25,Lalbhai Contractor Stadium,1,0.2,Maharashtra,Rajasthan,RD Gaikwad,VH Zol,DL Chahar,0,0,,,,,,,,,
1205853,2019/20,2019-11-25,Lalbhai Contractor Stadium,1,0.3,Maharashtra,Rajasthan,RD Gaikwad,VH Zol,DL Chahar,4,0,,,,,,,,,
1205853,2019/20,2019-11-25,Lalbhai Contractor Stadium,1,0.4,Maharashtra,Rajasthan,RD Gaikwad,VH Zol,DL Chahar,0,0,,,,,,,,,
1205853,2019/20,2019-11-25,Lalbhai Contractor Stadium,1,0.5,Maharashtra,Rajasthan,RD Gaikwad,VH Zol,DL Chahar,1,0,,,,,,,,,
1205853,2019/20,2019-11-25,Lalbhai Contractor Stadium,1,0.6,Maharashtra,Rajasthan,VH Zol,RD Gaikwad,DL Chahar,0,0,,,,,,,,,
1205853,2019/20,2019-11-25,Lalbhai Contractor Stadium,1,1.1,Maharashtra,Rajasthan,RD Gaikwad,VH Zol,KK Ahmed,1,0,,,,,,,,,
1205853,2019/20,2019-11-25,Lalbhai Contractor Stadium,1,1.2,Maharashtra,Rajasthan,VH Zol,RD Gaikwad,KK Ahmed,1,0,,,,,,,,,
1205853,2019/20,2019-11-25,Lalbhai Contractor Stadium,1,1.3,Maharashtra,Rajasthan,RD Gaikwad,VH Zol,KK Ahmed,0,0,,,,,,,,,
1205853,2019/20,2019-11-25,Lalbhai Contractor Stadium,1,1.4,Maharashtra,Rajasthan,RD Gaikwad,VH Zol,KK Ahmed,0,0,,,,,,,,,
1205853,2019/20,2019-11-25,Lalbhai Contractor Stadium,1,1.5,Maharashtra,Rajasthan,RD Gaikwad,VH Zol,KK Ahmed,4,0,,,,,,,,,
1205853,2019/20,2019-11-25,Lalbhai Contractor Stadium,1,1.6,Maharashtra,Rajasthan,RD Gaikwad,VH Zol,KK Ahmed,4,0,,,,,,,,,
1205853,2019/20,2019-11-25,Lalbhai Contractor Stadium,1,2.1,Maharashtra,Rajasthan,VH Zol,RD Gaikwad,DL Chahar,1,0,,,,,,,,,
1205853,2019/20,2019-11-25,Lalbhai Contractor Stadium,1,2.2,Maharashtra,Rajasthan,RD Gaikwad,VH Zol,DL Chahar,1,0,,,,,,,,,
1205853,2019/20,2019-11-25,Lalbhai Contractor Stadium,1,2.3,Maharashtra,Rajasthan,VH Zol,RD Gaikwad,DL Chahar,1,0,,,,,,,,,
1205853,2019/20,2019-11-25,Lalbhai Contractor Stadium,1,2.4,Maharashtra,Rajasthan,RD Gaikwad,VH Zol,DL Chahar,1,0,,,,,,,,,
1205853,2019/20,2019-11-25,Lalbhai Contractor Stadium,1,2.5,Maharashtra,Rajasthan,VH Zol,RD Gaikwad,DL Chahar,0,0,,,,,,,,,
1205853,2019/20,2019-11-25,Lalbhai Contractor Stadium,1,2.6,Maharashtra,Rajasthan,VH Zol,RD Gaikwad,DL Chahar,0,0,,,,,,,,,
1205853,2019/20,2019-11-25,Lalbhai Contractor Stadium,1,3.1,Maharashtra,Rajasthan,RD Gaikwad,VH Zol,RD Chahar,0,0,,,,,,,,,
1205853,2019/20,2019-11-25,Lalbhai Contractor Stadium,1,3.2,Maharashtra,Rajasthan,RD Gaikwad,VH Zol,RD Chahar,1,0,,,,,,,,,
1205853,2019/20,2019-11-25,Lalbhai Contractor Stadium,1,3.3,Maharashtra,Rajasthan,VH Zol,RD Gaikwad,RD Chahar,0,0,,,,,,,,,
1205853,2019/20,2019-11-25,Lalbhai Contractor Stadium,1,3.4,Maharashtra,Rajasthan,VH Zol,RD Gaikwad,RD Chahar,0,0,,,,,,,,,
1205853,2019/20,2019-11-25,Lalbhai Contractor Stadium,1,3.5,Maharashtra,Rajasthan,VH Zol,RD Gaikwad,RD Chahar,1,0,,,,,,,,,
1205853,2019/20,2019-11-25,Lalbhai Contractor Stadium,1,3.6,Maharashtra,Rajasthan,RD Gaikwad,VH Zol,RD Chahar,0,0,,,,,,caught,RD Gaikwad,,
1205853,2019/20,2019-11-25,Lalbhai Contractor Stadium,1,4.1,Maharashtra,Rajasthan,KM Jadhav,VH Zol,A Choudhary,4,0,,,,,,,,,
1205853,2019/20,2019-11-25,Lalbhai Contractor Stadium,1,4.2,Maharashtra,Rajasthan,KM Jadhav,VH Zol,A Choudhary,1,0,,,,,,,,,
1205853,2019/20,2019-11-25,Lalbhai Contractor Stadium,1,4.3,Maharashtra,Rajasthan,VH Zol,KM Jadhav,A Choudhary,1,0,,,,,,,,,
1205853,2019/20,2019-11-25,Lalbhai Contractor Stadium,1,4.4,Maharashtra,Rajasthan,KM Jadhav,VH Zol,A Choudhary,1,0,,,,,,,,,
1205853,2019/20,2019-11-25,Lalbhai Contractor Stadium,1,4.5,Maharashtra,Rajasthan,VH Zol,KM Jadhav,A Choudhary,1,0,,,,,,,,,
1205853,2019/20,2019-11-25,Lalbhai Contractor Stadium,1,4.6,Maharashtra,Rajasthan,KM Jadhav,VH Zol,A Choudhary,0,0,,,,,,,,,
1205853,2019/20,2019-11-25,Lalbhai Contractor Stadium,1,5.1,Maharashtra,Rajasthan,VH Zol,KM Jadhav,RD Chahar,0,0,,,,,,bowled,VH Zol,,
1205853,2019/20,2019-11-25,Lalbhai Contractor Stadium,1,5.2,Maharashtra,Rajasthan,Naushad Shaikh,KM Jadhav,RD Chahar,0,0,,,,,,,,,
1205853,2019/20,2019-11-25,Lalbhai Contractor Stadium,1,5.3,Maharashtra,Rajasthan,Naushad Shaikh,KM Jadhav,RD Chahar,0,0,,,,,,,,,
1205853,2019/20,2019-11-25,Lalbhai Contractor Stadium,1,5.4,Maharashtra,Rajasthan,Naushad Shaikh,KM Jadhav,RD Chahar,1,0,,,,,,,,,
1205853,2019/20,2019-11-25,Lalbhai Contractor Stadium,1,5.5,Maharashtra,Rajasthan,KM Jadhav,Naushad Shaikh,RD Chahar,0,0,,,,,,,,,
1205853,2019/20,2019-11-25,Lalbhai Contractor Stadium,1,5.6,Maharashtra,Rajasthan,KM Jadhav,Naushad Shaikh,RD Chahar,0,0,,,,,,,,,
1205853,2019/20,2019-11-25,Lalbhai Contractor Stadium,1,6.1,Maharashtra,Rajasthan,Naushad Shaikh,KM Jadhav,CP Singh,0,0,,,,,,caught,Naushad Shaikh,,
1205853,2019/20,2019-11-25,Lalbhai Contractor Stadium,1,6.2,Maharashtra,Rajasthan,Azim Kazi,KM Jadhav,CP Singh,1,0,,,,,,,,,
1205853,2019/20,2019-11-25,Lalbhai Contractor Stadium,1,6.3,Maharashtra,Rajasthan,KM Jadhav,Azim Kazi,CP Singh,4,0,,,,,,,,,
1205853,2019/20,2019-11-25,Lalbhai Contractor Stadium,1,6.4,Maharashtra,Rajasthan,KM Jadhav,Azim Kazi,CP Singh,0,0,,,,,,lbw,KM Jadhav,,
1205853,2019/20,2019-11-25,Lalbhai Contractor Stadium,1,6.5,Maharashtra,Rajasthan,RA Tripathi,Azim Kazi,CP Singh,1,0,,,,,,,,,
1205853,2019/20,2019-11-25,Lalbhai Contractor Stadium,1,6.6,Maharashtra,Rajasthan,Azim Kazi,RA Tripathi,CP Singh,0,0,,,,,,,,,
1205853,2019/20,2019-11-25,Lalbhai Contractor Stadium,1,7.1,Maharashtra,Rajasthan,RA Tripathi,Azim Kazi,RD Chahar,0,0,,,,,,,,,
1205853,2019/20,2019-11-25,Lalbhai Contractor Stadium,1,7.2,Maharashtra,Rajasthan,RA Tripathi,Azim Kazi,RD Chahar,0,0,,,,,,,,,
1205853,2019/20,2019-11-25,Lalbhai Contractor Stadium,1,7.3,Maharashtra,Rajasthan,RA Tripathi,Azim Kazi,RD Chahar,0,0,,,,,,,,,
1205853,2019/20,2019-11-25,Lalbhai Contractor Stadium,1,7.4,Maharashtra,Rajasthan,RA Tripathi,Azim Kazi,RD Chahar,0,0,,,,,,,,,
1205853,2019/20,2019-11-25,Lalbhai Contractor Stadium,1,7.5,Maharashtra,Rajasthan,RA Tripathi,Azim Kazi,RD Chahar,0,0,,,,,,,,,
1205853,2019/20,2019-11-25,Lalbhai Contractor Stadium,1,7.6,Maharashtra,Rajasthan,RA Tripathi,Azim Kazi,RD Chahar,0,0,,,,,,,,,
1205853,2019/20,2019-11-25,Lalbhai Contractor Stadium,1,8.1,Maharashtra,Rajasthan,Azim Kazi,RA Tripathi,MK Lomror,0,0,,,,,,,,,
1205853,2019/20,2019-11-25,Lalbhai Contractor Stadium,1,8.2,Maharashtra,Rajasthan,Azim Kazi,RA Tripathi,MK Lomror,0,0,,,,,,,,,
1205853,2019/20,2019-11-25,Lalbhai Contractor Stadium,1,8.3,Maharashtra,Rajasthan,Azim Kazi,RA Tripathi,MK Lomror,0,1,,,,1,,,,,
1205853,2019/20,2019-11-25,Lalbhai Contractor Stadium,1,8.4,Maharashtra,Rajasthan,RA Tripathi,Azim Kazi,MK Lomror,1,0,,,,,,,,,
1205853,2019/20,2019-11-25,Lalbhai Contractor Stadium,1,8.5,Maharashtra,Rajasthan,Azim Kazi,RA Tripathi,MK Lomror,0,0,,,,,,,,,
1205853,2019/20,2019-11-25,Lalbhai Contractor Stadium,1,8.6,Maharashtra,Rajasthan,Azim Kazi,RA Tripathi,MK Lomror,0,0,,,,,,,,,
1205853,2019/20,2019-11-25,Lalbhai Contractor Stadium,1,9.1,Maharashtra,Rajasthan,RA Tripathi,Azim Kazi,CP Singh,0,0,,,,,,,,,
1205853,2019/20,2019-11-25,Lalbhai Contractor Stadium,1,9.2,Maharashtra,Rajasthan,RA Tripathi,Azim Kazi,CP Singh,1,0,,,,,,,,,
1205853,2019/20,2019-11-25,Lalbhai Contractor Stadium,1,9.3,Maharashtra,Rajasthan,Azim Kazi,RA Tripathi,CP Singh,1,0,,,,,,,,,
1205853,2019/20,2019-11-25,Lalbhai Contractor Stadium,1,9.4,Maharashtra,Rajasthan,RA Tripathi,Azim Kazi,CP Singh,0,0,,,,,,stumped,RA Tripathi,,
1205853,2019/20,2019-11-25,Lalbhai Contractor Stadium,1,9.5,Maharashtra,Rajasthan,NS Naik,Azim Kazi,CP Singh,0,0,,,,,,,,,
1205853,2019/20,2019-11-25,Lalbhai Contractor Stadium,1,9.6,Maharashtra,Rajasthan,NS Naik,Azim Kazi,CP Singh,2,0,,,,,,,,,
1205853,2019/20,2019-11-25,Lalbhai Contractor Stadium,1,10.1,Maharashtra,Rajasthan,Azim Kazi,NS Naik,MK Lomror,1,0,,,,,,,,,
1205853,2019/20,2019-11-25,Lalbhai Contractor Stadium,1,10.2,Maharashtra,Rajasthan,NS Naik,Azim Kazi,MK Lomror,2,0,,,,,,,,,
1205853,2019/20,2019-11-25,Lalbhai Contractor Stadium,1,10.3,Maharashtra,Rajasthan,NS Naik,Azim Kazi,MK Lomror,0,0,,,,,,,,,
1205853,2019/20,2019-11-25,Lalbhai Contractor Stadium,1,10.4,Maharashtra,Rajasthan,NS Naik,Azim Kazi,MK Lomror,0,0,,,,,,,,,
1205853,2019/20,2019-11-25,Lalbhai Contractor Stadium,1,10.5,Maharashtra,Rajasthan,NS Naik,Azim Kazi,MK Lomror,0,1,,,,1,,,,,
1205853,2019/20,2019-11-25,Lalbhai Contractor Stadium,1,10.6,Maharashtra,Rajasthan,Azim Kazi,NS Naik,MK Lomror,0,0,,,,,,,,,
1205853,2019/20,2019-11-25,Lalbhai Contractor Stadium,1,11.1,Maharashtra,Rajasthan,NS Naik,Azim Kazi,CP Singh,0,0,,,,,,,,,
1205853,2019/20,2019-11-25,Lalbhai Contractor Stadium,1,11.2,Maharashtra,Rajasthan,NS Naik,Azim Kazi,CP Singh,1,0,,,,,,,,,
1205853,2019/20,2019-11-25,Lalbhai Contractor Stadium,1,11.3,Maharashtra,Rajasthan,Azim Kazi,NS Naik,CP Singh,1,0,,,,,,,,,
1205853,2019/20,2019-11-25,Lalbhai Contractor Stadium,1,11.4,Maharashtra,Rajasthan,NS Naik,Azim Kazi,CP Singh,1,0,,,,,,,,,
1205853,2019/20,2019-11-25,Lalbhai Contractor Stadium,1,11.5,Maharashtra,Rajasthan,Azim Kazi,NS Naik,CP Singh,4,0,,,,,,,,,
1205853,2019/20,2019-11-25,Lalbhai Contractor Stadium,1,11.6,Maharashtra,Rajasthan,Azim Kazi,NS Naik,CP Singh,0,0,,,,,,,,,
1205853,2019/20,2019-11-25,Lalbhai Contractor Stadium,1,12.1,Maharashtra,Rajasthan,NS Naik,Azim Kazi,MK Lomror,1,0,,,,,,,,,
1205853,2019/20,2019-11-25,Lalbhai Contractor Stadium,1,12.2,Maharashtra,Rajasthan,Azim Kazi,NS Naik,MK Lomror,1,0,,,,,,,,,
1205853,2019/20,2019-11-25,Lalbhai Contractor Stadium,1,12.3,Maharashtra,Rajasthan,NS Naik,Azim Kazi,MK Lomror,0,0,,,,,,,,,
1205853,2019/20,2019-11-25,Lalbhai Contractor Stadium,1,12.4,Maharashtra,Rajasthan,NS Naik,Azim Kazi,MK Lomror,0,0,,,,,,,,,
1205853,2019/20,2019-11-25,Lalbhai Contractor Stadium,1,12.5,Maharashtra,Rajasthan,NS Naik,Azim Kazi,MK Lomror,0,0,,,,,,,,,
1205853,2019/20,2019-11-25,Lalbhai Contractor Stadium,1,12.6,Maharashtra,Rajasthan,NS Naik,Azim Kazi,MK Lomror,1,0,,,,,,,,,
1205853,2019/20,2019-11-25,Lalbhai Contractor Stadium,1,13.1,Maharashtra,Rajasthan,NS Naik,Azim Kazi,CP Singh,1,0,,,,,,,,,
1205853,2019/20,2019-11-25,Lalbhai Contractor Stadium,1,13.2,Maharashtra,Rajasthan,Azim Kazi,NS Naik,CP Singh,0,0,,,,,,,,,
1205853,2019/20,2019-11-25,Lalbhai Contractor Stadium,1,13.3,Maharashtra,Rajasthan,Azim Kazi,NS Naik,CP Singh,1,0,,,,,,,,,
1205853,2019/20,2019-11-25,Lalbhai Contractor Stadium,1,13.4,Maharashtra,Rajasthan,NS Naik,Azim Kazi,CP Singh,1,0,,,,,,,,,
1205853,2019/20,2019-11-25,Lalbhai Contractor Stadium,1,13.5,Maharashtra,Rajasthan,Azim Kazi,NS Naik,CP Singh,0,0,,,,,,,,,
1205853,2019/20,2019-11-25,Lalbhai Contractor Stadium,1,13.6,Maharashtra,Rajasthan,Azim Kazi,NS Naik,CP Singh,1,0,,,,,,,,,
1205853,2019/20,2019-11-25,Lalbhai Contractor Stadium,1,14.1,Maharashtra,Rajasthan,Azim Kazi,NS Naik,MK Lomror,0,0,,,,,,,,,
1205853,2019/20,2019-11-25,Lalbhai Contractor Stadium,1,14.2,Maharashtra,Rajasthan,Azim Kazi,NS Naik,MK Lomror,0,0,,,,,,,,,
1205853,2019/20,2019-11-25,Lalbhai Contractor Stadium,1,14.3,Maharashtra,Rajasthan,Azim Kazi,NS Naik,MK Lomror,0,0,,,,,,,,,
1205853,2019/20,2019-11-25,Lalbhai Contractor Stadium,1,14.4,Maharashtra,Rajasthan,Azim Kazi,NS Naik,MK Lomror,0,0,,,,,,,,,
1205853,2019/20,2019-11-25,Lalbhai Contractor Stadium,1,14.5,Maharashtra,Rajasthan,Azim Kazi,NS Naik,MK Lomror,1,0,,,,,,,,,
1205853,2019/20,2019-11-25,Lalbhai Contractor Stadium,1,14.6,Maharashtra,Rajasthan,NS Naik,Azim Kazi,MK Lomror,0,0,,,,,,,,,
1205853,2019/20,2019-11-25,Lalbhai Contractor Stadium,1,15.1,Maharashtra,Rajasthan,Azim Kazi,NS Naik,KK Ahmed,4,0,,,,,,,,,
1205853,2019/20,2019-11-25,Lalbhai Contractor Stadium,1,15.2,Maharashtra,Rajasthan,Azim Kazi,NS Naik,KK Ahmed,1,0,,,,,,,,,
1205853,2019/20,2019-11-25,Lalbhai Contractor Stadium,1,15.3,Maharashtra,Rajasthan,NS Naik,Azim Kazi,KK Ahmed,1,0,,,,,,,,,
1205853,2019/20,2019-11-25,Lalbhai Contractor Stadium,1,15.4,Maharashtra,Rajasthan,Azim Kazi,NS Naik,KK Ahmed,0,1,1,,,,,,,,
1205853,2019/20,2019-11-25,Lalbhai Contractor Stadium,1,15.5,Maharashtra,Rajasthan,Azim Kazi,NS Naik,KK Ahmed,1,0,,,,,,,,,
1205853,2019/20,2019-11-25,Lalbhai Contractor Stadium,1,15.6,Maharashtra,Rajasthan,NS Naik,Azim Kazi,KK Ahmed,0,0,,,,,,,,,
1205853,2019/20,2019-11-25,Lalbhai Contractor Stadium,1,15.7,Maharashtra,Rajasthan,NS Naik,Azim Kazi,KK Ahmed,1,0,,,,,,,,,
1205853,2019/20,2019-11-25,Lalbhai Contractor Stadium,1,16.1,Maharashtra,Rajasthan,NS Naik,Azim Kazi,DL Chahar,1,0,,,,,,,,,
1205853,2019/20,2019-11-25,Lalbhai Contractor Stadium,1,16.2,Maharashtra,Rajasthan,Azim Kazi,NS Naik,DL Chahar,0,0,,,,,,caught,Azim Kazi,,
1205853,2019/20,2019-11-25,Lalbhai Contractor Stadium,1,16.3,Maharashtra,Rajasthan,NS Naik,VV Gite,DL Chahar,1,0,,,,,,,,,
1205853,2019/20,2019-11-25,Lalbhai Contractor Stadium,1,16.4,Maharashtra,Rajasthan,VV Gite,NS Naik,DL Chahar,0,0,,,,,,,,,
1205853,2019/20,2019-11-25,Lalbhai Contractor Stadium,1,16.5,Maharashtra,Rajasthan,VV Gite,NS Naik,DL Chahar,4,0,,,,,,,,,
1205853,2019/20,2019-11-25,Lalbhai Contractor Stadium,1,16.6,Maharashtra,Rajasthan,VV Gite,NS Naik,DL Chahar,4,0,,,,,,,,,
1205853,2019/20,2019-11-25,Lalbhai Contractor Stadium,1,17.1,Maharashtra,Rajasthan,NS Naik,VV Gite,A Choudhary,4,0,,,,,,,,,
1205853,2019/20,2019-11-25,Lalbhai Contractor Stadium,1,17.2,Maharashtra,Rajasthan,NS Naik,VV Gite,A Choudhary,4,0,,,,,,,,,
1205853,2019/20,2019-11-25,Lalbhai Contractor Stadium,1,17.3,Maharashtra,Rajasthan,NS Naik,VV Gite,A Choudhary,0,0,,,,,,run out,VV Gite,,
1205853,2019/20,2019-11-25,Lalbhai Contractor Stadium,1,17.4,Maharashtra,Rajasthan,SM Kazi,NS Naik,A Choudhary,1,0,,,,,,,,,
1205853,2019/20,2019-11-25,Lalbhai Contractor Stadium,1,17.5,Maharashtra,Rajasthan,NS Naik,SM Kazi,A Choudhary,1,0,,,,,,,,,
1205853,2019/20,2019-11-25,Lalbhai Contractor Stadium,1,17.6,Maharashtra,Rajasthan,SM Kazi,NS Naik,A Choudhary,1,0,,,,,,,,,
1205853,2019/20,2019-11-25,Lalbhai Contractor Stadium,1,18.1,Maharashtra,Rajasthan,SM Kazi,NS Naik,RD Chahar,0,0,,,,,,,,,
1205853,2019/20,2019-11-25,Lalbhai Contractor Stadium,1,18.2,Maharashtra,Rajasthan,SM Kazi,NS Naik,RD Chahar,0,0,,,,,,,,,
1205853,2019/20,2019-11-25,Lalbhai Contractor Stadium,1,18.3,Maharashtra,Rajasthan,SM Kazi,NS Naik,RD Chahar,1,0,,,,,,,,,
1205853,2019/20,2019-11-25,Lalbhai Contractor Stadium,1,18.4,Maharashtra,Rajasthan,NS Naik,SM Kazi,RD Chahar,0,0,,,,,,lbw,NS Naik,,
1205853,2019/20,2019-11-25,Lalbhai Contractor Stadium,1,18.5,Maharashtra,Rajasthan,Satyajeet Bachhav,SM Kazi,RD Chahar,1,0,,,,,,,,,
1205853,2019/20,2019-11-25,Lalbhai Contractor Stadium,1,18.6,Maharashtra,Rajasthan,SM Kazi,Satyajeet Bachhav,RD Chahar,0,0,,,,,,,,,
1205853,2019/20,2019-11-25,Lalbhai Contractor Stadium,1,19.1,Maharashtra,Rajasthan,Satyajeet Bachhav,SM Kazi,DL Chahar,2,0,,,,,,,,,
1205853,2019/20,2019-11-25,Lalbhai Contractor Stadium,1,19.2,Maharashtra,Rajasthan,Satyajeet Bachhav,SM Kazi,DL Chahar,0,0,,,,,,,,,
1205853,2019/20,2019-11-25,Lalbhai Contractor Stadium,1,19.3,Maharashtra,Rajasthan,Satyajeet Bachhav,SM Kazi,DL Chahar,2,0,,,,,,,,,
1205853,2019/20,2019-11-25,Lalbhai Contractor Stadium,1,19.4,Maharashtra,Rajasthan,Satyajeet Bachhav,SM Kazi,DL Chahar,0,0,,,,,,,,,
1205853,2019/20,2019-11-25,Lalbhai Contractor Stadium,1,19.5,Maharashtra,Rajasthan,Satyajeet Bachhav,SM Kazi,DL Chahar,1,0,,,,,,,,,
1205853,2019/20,2019-11-25,Lalbhai Contractor Stadium,1,19.6,Maharashtra,Rajasthan,SM Kazi,Satyajeet Bachhav,DL Chahar,1,0,,,,,,run out,Satyajeet Bachhav,,
1205853,2019/20,2019-11-25,Lalbhai Contractor Stadium,2,0.1,Rajasthan,Maharashtra,MN Singh,Ankit Lamba,SM Fallah,1,0,,,,,,,,,
1205853,2019/20,2019-11-25,Lalbhai Contractor Stadium,2,0.2,Rajasthan,Maharashtra,Ankit Lamba,MN Singh,SM Fallah,4,0,,,,,,,,,
1205853,2019/20,2019-11-25,Lalbhai Contractor Stadium,2,0.3,Rajasthan,Maharashtra,Ankit Lamba,MN Singh,SM Fallah,0,0,,,,,,,,,
1205853,2019/20,2019-11-25,Lalbhai Contractor Stadium,2,0.4,Rajasthan,Maharashtra,Ankit Lamba,MN Singh,SM Fallah,0,0,,,,,,,,,
1205853,2019/20,2019-11-25,Lalbhai Contractor Stadium,2,0.5,Rajasthan,Maharashtra,Ankit Lamba,MN Singh,SM Fallah,0,0,,,,,,,,,
1205853,2019/20,2019-11-25,Lalbhai Contractor Stadium,2,0.6,Rajasthan,Maharashtra,Ankit Lamba,MN Singh,SM Fallah,0,0,,,,,,,,,
1205853,2019/20,2019-11-25,Lalbhai Contractor Stadium,2,1.1,Rajasthan,Maharashtra,MN Singh,Ankit Lamba,Satyajeet Bachhav,1,0,,,,,,,,,
1205853,2019/20,2019-11-25,Lalbhai Contractor Stadium,2,1.2,Rajasthan,Maharashtra,Ankit Lamba,MN Singh,Satyajeet Bachhav,0,0,,,,,,,,,
1205853,2019/20,2019-11-25,Lalbhai Contractor Stadium,2,1.3,Rajasthan,Maharashtra,Ankit Lamba,MN Singh,Satyajeet Bachhav,6,0,,,,,,,,,
1205853,2019/20,2019-11-25,Lalbhai Contractor Stadium,2,1.4,Rajasthan,Maharashtra,Ankit Lamba,MN Singh,Satyajeet Bachhav,4,0,,,,,,,,,
1205853,2019/20,2019-11-25,Lalbhai Contractor Stadium,2,1.5,Rajasthan,Maharashtra,Ankit Lamba,MN Singh,Satyajeet Bachhav,4,0,,,,,,,,,
1205853,2019/20,2019-11-25,Lalbhai Contractor Stadium,2,1.6,Rajasthan,Maharashtra,Ankit Lamba,MN Singh,Satyajeet Bachhav,0,0,,,,,,,,,
1205853,2019/20,2019-11-25,Lalbhai Contractor Stadium,2,2.1,Rajasthan,Maharashtra,MN Singh,Ankit Lamba,SM Fallah,0,0,,,,,,,,,
1205853,2019/20,2019-11-25,Lalbhai Contractor Stadium,2,2.2,Rajasthan,Maharashtra,MN Singh,Ankit Lamba,SM Fallah,1,0,,,,,,,,,
1205853,2019/20,2019-11-25,Lalbhai Contractor Stadium,2,2.3,Rajasthan,Maharashtra,Ankit Lamba,MN Singh,SM Fallah,6,0,,,,,,,,,
1205853,2019/20,2019-11-25,Lalbhai Contractor Stadium,2,2.4,Rajasthan,Maharashtra,Ankit Lamba,MN Singh,SM Fallah,0,0,,,,,,,,,
1205853,2019/20,2019-11-25,Lalbhai Contractor Stadium,2,2.5,Rajasthan,Maharashtra,Ankit Lamba,MN Singh,SM Fallah,1,0,,,,,,,,,
1205853,2019/20,2019-11-25,Lalbhai Contractor Stadium,2,2.6,Rajasthan,Maharashtra,MN Singh,Ankit Lamba,SM Fallah,0,0,,,,,,,,,
1205853,2019/20,2019-11-25,Lalbhai Contractor Stadium,2,3.1,Rajasthan,Maharashtra,Ankit Lamba,MN Singh,Azim Kazi,0,0,,,,,,,,,
1205853,2019/20,2019-11-25,Lalbhai Contractor Stadium,2,3.2,Rajasthan,Maharashtra,Ankit Lamba,MN Singh,Azim Kazi,0,0,,,,,,,,,
1205853,2019/20,2019-11-25,Lalbhai Contractor Stadium,2,3.3,Rajasthan,Maharashtra,Ankit Lamba,MN Singh,Azim Kazi,1,0,,,,,,,,,
1205853,2019/20,2019-11-25,Lalbhai Contractor Stadium,2,3.4,Rajasthan,Maharashtra,MN Singh,Ankit Lamba,Azim Kazi,1,0,,,,,,,,,
1205853,2019/20,2019-11-25,Lalbhai Contractor Stadium,2,3.5,Rajasthan,Maharashtra,Ankit Lamba,MN Singh,Azim Kazi,0,0,,,,,,,,,
1205853,2019/20,2019-11-25,Lalbhai Contractor Stadium,2,3.6,Rajasthan,Maharashtra,Ankit Lamba,MN Singh,Azim Kazi,2,0,,,,,,,,,
1205853,2019/20,2019-11-25,Lalbhai Contractor Stadium,2,4.1,Rajasthan,Maharashtra,MN Singh,Ankit Lamba,Satyajeet Bachhav,0,0,,,,,,,,,
1205853,2019/20,2019-11-25,Lalbhai Contractor Stadium,2,4.2,Rajasthan,Maharashtra,MN Singh,Ankit Lamba,Satyajeet Bachhav,0,1,,,,1,,,,,
1205853,2019/20,2019-11-25,Lalbhai Contractor Stadium,2,4.3,Rajasthan,Maharashtra,Ankit Lamba,MN Singh,Satyajeet Bachhav,0,0,,,,,,,,,
1205853,2019/20,2019-11-25,Lalbhai Contractor Stadium,2,4.4,Rajasthan,Maharashtra,Ankit Lamba,MN Singh,Satyajeet Bachhav,0,1,1,,,,,,,,
1205853,2019/20,2019-11-25,Lalbhai Contractor Stadium,2,4.5,Rajasthan,Maharashtra,Ankit Lamba,MN Singh,Satyajeet Bachhav,4,0,,,,,,,,,
1205853,2019/20,2019-11-25,Lalbhai Contractor Stadium,2,4.6,Rajasthan,Maharashtra,Ankit Lamba,MN Singh,Satyajeet Bachhav,0,0,,,,,,,,,
1205853,2019/20,2019-11-25,Lalbhai Contractor Stadium,2,4.7,Rajasthan,Maharashtra,Ankit Lamba,MN Singh,Satyajeet Bachhav,1,0,,,,,,,,,
1205853,2019/20,2019-11-25,Lalbhai Contractor Stadium,2,5.1,Rajasthan,Maharashtra,Ankit Lamba,MN Singh,Azim Kazi,0,0,,,,,,caught,Ankit Lamba,,
1205853,2019/20,2019-11-25,Lalbhai Contractor Stadium,2,5.2,Rajasthan,Maharashtra,MK Lomror,MN Singh,Azim Kazi,1,0,,,,,,,,,
1205853,2019/20,2019-11-25,Lalbhai Contractor Stadium,2,5.3,Rajasthan,Maharashtra,MN Singh,MK Lomror,Azim Kazi,0,0,,,,,,,,,
1205853,2019/20,2019-11-25,Lalbhai Contractor Stadium,2,5.4,Rajasthan,Maharashtra,MN Singh,MK Lomror,Azim Kazi,1,0,,,,,,,,,
1205853,2019/20,2019-11-25,Lalbhai Contractor Stadium,2,5.5,Rajasthan,Maharashtra,MK Lomror,MN Singh,Azim Kazi,1,0,,,,,,,,,
1205853,2019/20,2019-11-25,Lalbhai Contractor Stadium,2,5.6,Rajasthan,Maharashtra,MN Singh,MK Lomror,Azim Kazi,1,0,,,,,,,,,
1205853,2019/20,2019-11-25,Lalbhai Contractor Stadium,2,6.1,Rajasthan,Maharashtra,MN Singh,MK Lomror,SM Kazi,0,0,,,,,,caught,MN Singh,,
1205853,2019/20,2019-11-25,Lalbhai Contractor Stadium,2,6.2,Rajasthan,Maharashtra,MK Lomror,R Bishnoi,SM Kazi,0,0,,,,,,,,,
1205853,2019/20,2019-11-25,Lalbhai Contractor Stadium,2,6.3,Rajasthan,Maharashtra,MK Lomror,R Bishnoi,SM Kazi,0,0,,,,,,,,,
1205853,2019/20,2019-11-25,Lalbhai Contractor Stadium,2,6.4,Rajasthan,Maharashtra,MK Lomror,R Bishnoi,SM Kazi,1,0,,,,,,,,,
1205853,2019/20,2019-11-25,Lalbhai Contractor Stadium,2,6.5,Rajasthan,Maharashtra,R Bishnoi,MK Lomror,SM Kazi,1,0,,,,,,,,,
1205853,2019/20,2019-11-25,Lalbhai Contractor Stadium,2,6.6,Rajasthan,Maharashtra,MK Lomror,R Bishnoi,SM Kazi,0,0,,,,,,,,,
1205853,2019/20,2019-11-25,Lalbhai Contractor Stadium,2,7.1,Rajasthan,Maharashtra,R Bishnoi,MK Lomror,Azim Kazi,0,0,,,,,,,,,
1205853,2019/20,2019-11-25,Lalbhai Contractor Stadium,2,7.2,Rajasthan,Maharashtra,R Bishnoi,MK Lomror,Azim Kazi,0,0,,,,,,,,,
1205853,2019/20,2019-11-25,Lalbhai Contractor Stadium,2,7.3,Rajasthan,Maharashtra,R Bishnoi,MK Lomror,Azim Kazi,0,0,,,,,,,,,
1205853,2019/20,2019-11-25,Lalbhai Contractor Stadium,2,7.4,Rajasthan,Maharashtra,R Bishnoi,MK Lomror,Azim Kazi,1,0,,,,,,,,,
1205853,2019/20,2019-11-25,Lalbhai Contractor Stadium,2,7.5,Rajasthan,Maharashtra,MK Lomror,R Bishnoi,Azim Kazi,0,0,,,,,,,,,
1205853,2019/20,2019-11-25,Lalbhai Contractor Stadium,2,7.6,Rajasthan,Maharashtra,MK Lomror,R Bishnoi,Azim Kazi,3,0,,,,,,,,,
1205853,2019/20,2019-11-25,Lalbhai Contractor Stadium,2,8.1,Rajasthan,Maharashtra,MK Lomror,R Bishnoi,SM Kazi,1,0,,,,,,,,,
1205853,2019/20,2019-11-25,Lalbhai Contractor Stadium,2,8.2,Rajasthan,Maharashtra,R Bishnoi,MK Lomror,SM Kazi,0,0,,,,,,,,,
1205853,2019/20,2019-11-25,Lalbhai Contractor Stadium,2,8.3,Rajasthan,Maharashtra,R Bishnoi,MK Lomror,SM Kazi,1,0,,,,,,,,,
1205853,2019/20,2019-11-25,Lalbhai Contractor Stadium,2,8.4,Rajasthan,Maharashtra,MK Lomror,R Bishnoi,SM Kazi,0,0,,,,,,,,,
1205853,2019/20,2019-11-25,Lalbhai Contractor Stadium,2,8.5,Rajasthan,Maharashtra,MK Lomror,R Bishnoi,SM Kazi,1,0,,,,,,,,,
1205853,2019/20,2019-11-25,Lalbhai Contractor Stadium,2,8.6,Rajasthan,Maharashtra,R Bishnoi,MK Lomror,SM Kazi,0,0,,,,,,,,,
1205853,2019/20,2019-11-25,Lalbhai Contractor Stadium,2,9.1,Rajasthan,Maharashtra,MK Lomror,R Bishnoi,Satyajeet Bachhav,0,0,,,,,,,,,
1205853,2019/20,2019-11-25,Lalbhai Contractor Stadium,2,9.2,Rajasthan,Maharashtra,MK Lomror,R Bishnoi,Satyajeet Bachhav,0,0,,,,,,,,,
1205853,2019/20,2019-11-25,Lalbhai Contractor Stadium,2,9.3,Rajasthan,Maharashtra,MK Lomror,R Bishnoi,Satyajeet Bachhav,1,0,,,,,,,,,
1205853,2019/20,2019-11-25,Lalbhai Contractor Stadium,2,9.4,Rajasthan,Maharashtra,R Bishnoi,MK Lomror,Satyajeet Bachhav,0,0,,,,,,,,,
1205853,2019/20,2019-11-25,Lalbhai Contractor Stadium,2,9.5,Rajasthan,Maharashtra,R Bishnoi,MK Lomror,Satyajeet Bachhav,0,0,,,,,,,,,
1205853,2019/20,2019-11-25,Lalbhai Contractor Stadium,2,9.6,Rajasthan,Maharashtra,R Bishnoi,MK Lomror,Satyajeet Bachhav,0,0,,,,,,caught,R Bishnoi,,
1205853,2019/20,2019-11-25,Lalbhai Contractor Stadium,2,10.1,Rajasthan,Maharashtra,MK Lomror,Arjit Gupta,VV Gite,1,0,,,,,,,,,
1205853,2019/20,2019-11-25,Lalbhai Contractor Stadium,2,10.2,Rajasthan,Maharashtra,Arjit Gupta,MK Lomror,VV Gite,1,0,,,,,,,,,
1205853,2019/20,2019-11-25,Lalbhai Contractor Stadium,2,10.3,Rajasthan,Maharashtra,MK Lomror,Arjit Gupta,VV Gite,0,0,,,,,,,,,
1205853,2019/20,2019-11-25,Lalbhai Contractor Stadium,2,10.4,Rajasthan,Maharashtra,MK Lomror,Arjit Gupta,VV Gite,1,0,,,,,,,,,
1205853,2019/20,2019-11-25,Lalbhai Contractor Stadium,2,10.5,Rajasthan,Maharashtra,Arjit Gupta,MK Lomror,VV Gite,4,0,,,,,,,,,
1205853,2019/20,2019-11-25,Lalbhai Contractor Stadium,2,10.6,Rajasthan,Maharashtra,Arjit Gupta,MK Lomror,VV Gite,0,0,,,,,,,,,
1205853,2019/20,2019-11-25,Lalbhai Contractor Stadium,2,11.1,Rajasthan,Maharashtra,MK Lomror,Arjit Gupta,Naushad Shaikh,1,0,,,,,,,,,
1205853,2019/20,2019-11-25,Lalbhai Contractor Stadium,2,11.2,Rajasthan,Maharashtra,Arjit Gupta,MK Lomror,Naushad Shaikh,0,0,,,,,,,,,
1205853,2019/20,2019-11-25,Lalbhai Contractor Stadium,2,11.3,Rajasthan,Maharashtra,Arjit Gupta,MK Lomror,Naushad Shaikh,0,0,,,,,,,,,
1205853,2019/20,2019-11-25,Lalbhai Contractor Stadium,2,11.4,Rajasthan,Maharashtra,Arjit Gupta,MK Lomror,Naushad Shaikh,0,0,,,,,,,,,
1205853,2019/20,2019-11-25,Lalbhai Contractor Stadium,2,11.5,Rajasthan,Maharashtra,Arjit Gupta,MK Lomror,Naushad Shaikh,0,0,,,,,,stumped,Arjit Gupta,,
1205853,2019/20,2019-11-25,Lalbhai Contractor Stadium,2,11.6,Rajasthan,Maharashtra,SF Khan,MK Lomror,Naushad Shaikh,0,0,,,,,,,,,
1205853,2019/20,2019-11-25,Lalbhai Contractor Stadium,2,12.1,Rajasthan,Maharashtra,MK Lomror,SF Khan,SM Kazi,0,0,,,,,,,,,
1205853,2019/20,2019-11-25,Lalbhai Contractor Stadium,2,12.2,Rajasthan,Maharashtra,MK Lomror,SF Khan,SM Kazi,0,0,,,,,,,,,
1205853,2019/20,2019-11-25,Lalbhai Contractor Stadium,2,12.3,Rajasthan,Maharashtra,MK Lomror,SF Khan,SM Kazi,0,0,,,,,,,,,
1205853,2019/20,2019-11-25,Lalbhai Contractor Stadium,2,12.4,Rajasthan,Maharashtra,MK Lomror,SF Khan,SM Kazi,0,0,,,,,,,,,
1205853,2019/20,2019-11-25,Lalbhai Contractor Stadium,2,12.5,Rajasthan,Maharashtra,MK Lomror,SF Khan,SM Kazi,2,0,,,,,,,,,
1205853,2019/20,2019-11-25,Lalbhai Contractor Stadium,2,12.6,Rajasthan,Maharashtra,MK Lomror,SF Khan,SM Kazi,1,0,,,,,,,,,
1205853,2019/20,2019-11-25,Lalbhai Contractor Stadium,2,13.1,Rajasthan,Maharashtra,MK Lomror,SF Khan,Naushad Shaikh,1,0,,,,,,,,,
1205853,2019/20,2019-11-25,Lalbhai Contractor Stadium,2,13.2,Rajasthan,Maharashtra,SF Khan,MK Lomror,Naushad Shaikh,0,0,,,,,,,,,
1205853,2019/20,2019-11-25,Lalbhai Contractor Stadium,2,13.3,Rajasthan,Maharashtra,SF Khan,MK Lomror,Naushad Shaikh,1,0,,,,,,,,,
1205853,2019/20,2019-11-25,Lalbhai Contractor Stadium,2,13.4,Rajasthan,Maharashtra,MK Lomror,SF Khan,Naushad Shaikh,1,0,,,,,,,,,
1205853,2019/20,2019-11-25,Lalbhai Contractor Stadium,2,13.5,Rajasthan,Maharashtra,SF Khan,MK Lomror,Naushad Shaikh,0,0,,,,,,,,,
1205853,2019/20,2019-11-25,Lalbhai Contractor Stadium,2,13.6,Rajasthan,Maharashtra,SF Khan,MK Lomror,Naushad Shaikh,4,0,,,,,,,,,
1205853,2019/20,2019-11-25,Lalbhai Contractor Stadium,2,14.1,Rajasthan,Maharashtra,MK Lomror,SF Khan,SM Kazi,0,0,,,,,,,,,
1205853,2019/20,2019-11-25,Lalbhai Contractor Stadium,2,14.2,Rajasthan,Maharashtra,MK Lomror,SF Khan,SM Kazi,4,0,,,,,,,,,
1205853,2019/20,2019-11-25,Lalbhai Contractor Stadium,2,14.3,Rajasthan,Maharashtra,MK Lomror,SF Khan,SM Kazi,0,0,,,,,,,,,
1205853,2019/20,2019-11-25,Lalbhai Contractor Stadium,2,14.4,Rajasthan,Maharashtra,MK Lomror,SF Khan,SM Kazi,1,0,,,,,,,,,
1205853,2019/20,2019-11-25,Lalbhai Contractor Stadium,2,14.5,Rajasthan,Maharashtra,SF Khan,MK Lomror,SM Kazi,0,0,,,,,,,,,
1205853,2019/20,2019-11-25,Lalbhai Contractor Stadium,2,14.6,Rajasthan,Maharashtra,SF Khan,MK Lomror,SM Kazi,0,0,,,,,,,,,
1205853,2019/20,2019-11-25,Lalbhai Contractor Stadium,2,15.1,Rajasthan,Maharashtra,MK Lomror,SF Khan,Satyajeet Bachhav,6,0,,,,,,,,,
1205853,2019/20,2019-11-25,Lalbhai Contractor Stadium,2,15.2,Rajasthan,Maharashtra,MK Lomror,SF Khan,Satyajeet Bachhav,1,0,,,,,,,,,
1205853,2019/20,2019-11-25,Lalbhai Contractor Stadium,2,15.3,Rajasthan,Maharashtra,SF Khan,MK Lomror,Satyajeet Bachhav,0,0,,,,,,,,,
1205853,2019/20,2019-11-25,Lalbhai Contractor Stadium,2,15.4,Rajasthan,Maharashtra,SF Khan,MK Lomror,Satyajeet Bachhav,2,0,,,,,,,,,
1205853,2019/20,2019-11-25,Lalbhai Contractor Stadium,2,15.5,Rajasthan,Maharashtra,SF Khan,MK Lomror,Satyajeet Bachhav,6,0,,,,,,,,,
1205853,2019/20,2019-11-25,Lalbhai Contractor Stadium,2,15.6,Rajasthan,Maharashtra,SF Khan,MK Lomror,Satyajeet Bachhav,4,0,,,,,,,,,
1205853,2019/20,2019-11-25,Lalbhai Contractor Stadium,2,16.1,Rajasthan,Maharashtra,MK Lomror,SF Khan,Azim Kazi,0,0,,,,,,,,,
1205853,2019/20,2019-11-25,Lalbhai Contractor Stadium,2,16.2,Rajasthan,Maharashtra,MK Lomror,SF Khan,Azim Kazi,6,0,,,,,,,,,
