version,2.2.0
info,balls_per_over,6
info,team,Bihar
info,team,Andhra
info,gender,male
info,season,2019/20
info,date,2019/11/08
info,event,Syed Mushtaq Ali Trophy
info,venue,Dr P.V.G. Raju ACA Sports Complex
info,city,
info,toss_winner,Andhra
info,toss_decision,field
info,winner,Andhra
info,winner_wickets,10
info,player,Bihar,Anshuman Gautam
info,player,Bihar,Shasheem Rathour
info,player,Bihar,Babul Kumar
info,player,Bihar,MD Rahmatullah
info,player,Bihar,Rajesh Singh
info,player,Bihar,Sarfaraz Ashraf
info,player,Bihar,Vivek Kumar
info,player,Bihar,Asfan Khan
info,player,Bihar,Ashutosh Aman
info,player,Bihar,Shivam Kumar
info,player,Bihar,Vipul Krishna
info,player,Andhra,Girinath Reddy
info,player,Andhra,Cheepurapalli Stephen
info,player,Andhra,Bandaru Ayyappa
info,player,Andhra,K V Sasikanth
info,player,Andhra,Dasari Swaroop Kumar
info,player,Andhra,Naren Reddy
info,player,Andhra,GH Vihari
info,player,Andhra,Ashwin Hebbar
info,player,Andhra,RK Bhui
info,player,Andhra,Prashanth Kumar
info,player,Andhra,KS Bharat
info,registry,people,Anshuman Gautam,8ea5d605
info,registry,people,Asfan Khan,fc3d382b
info,registry,people,Ashutosh Aman,4948a916
info,registry,people,Ashwin Hebbar,b11d8647
info,registry,people,Babul Kumar,85e6ccde
info,registry,people,Bandaru Ayyappa,cb4f31e2
info,registry,people,Cheepurapalli Stephen,48bf9d5c
info,registry,people,Dasari Swaroop Kumar,a082d97a
info,registry,people,GH Vihari,94253925
info,registry,people,Girinath Reddy,5d3d423a
info,registry,people,K V Sasikanth,bf6e03ea
info,registry,people,KS Bharat,44a89551
info,registry,people,MD Rahmatullah,c10a99ec
info,registry,people,Naren Reddy,a7b20d59
info,registry,people,Prashanth Kumar,1f0b8f44
info,registry,people,RK Bhui,b63e358a
info,registry,people,Rajesh Singh,985b57b1
info,registry,people,Sarfaraz Ashraf,8be36d3e
info,registry,people,Shasheem Rathour,c478e8e7
info,registry,people,Shivam Kumar,f81005c4
info,registry,people,Vipul Krishna,cb127a5b
info,registry,people,Vivek Kumar,a97c96bf
