match_id,season,start_date,venue,innings,ball,batting_team,bowling_team,striker,non_striker,bowler,runs_off_bat,extras,wides,noballs,byes,legbyes,penalty,wicket_type,player_dismissed,other_wicket_type,other_player_dismissed
1205856,2019/20,2019-11-27,C B Patel Ground,1,0.1,Rajasthan,Delhi,MN Singh,Ankit Lamba,Simarjeet Singh,0,0,,,,,,caught,MN Singh,,
1205856,2019/20,2019-11-27,C B Patel Ground,1,0.2,Rajasthan,Delhi,R Bishnoi,Ankit Lamba,Simarjeet Singh,0,0,,,,,,,,,
1205856,2019/20,2019-11-27,C B Patel Ground,1,0.3,Rajasthan,Delhi,R Bishnoi,Ankit Lamba,Simarjeet Singh,0,0,,,,,,,,,
1205856,2019/20,2019-11-27,C B Patel Ground,1,0.4,Rajasthan,Delhi,R Bishnoi,Ankit Lamba,Simarjeet Singh,0,0,,,,,,,,,
1205856,2019/20,2019-11-27,C B Patel Ground,1,0.5,Rajasthan,Delhi,R Bishnoi,Ankit Lamba,Simarjeet Singh,0,0,,,,,,,,,
1205856,2019/20,2019-11-27,C B Patel Ground,1,0.6,Rajasthan,Delhi,R Bishnoi,Ankit Lamba,Simarjeet Singh,0,0,,,,,,,,,
1205856,2019/20,2019-11-27,C B Patel Ground,1,1.1,Rajasthan,Delhi,Ankit Lamba,R Bishnoi,Vikas Mishra,0,1,1,,,,,,,,
1205856,2019/20,2019-11-27,C B Patel Ground,1,1.2,Rajasthan,Delhi,Ankit Lamba,R Bishnoi,Vikas Mishra,0,0,,,,,,,,,
1205856,2019/20,2019-11-27,C B Patel Ground,1,1.3,Rajasthan,Delhi,Ankit Lamba,R Bishnoi,Vikas Mishra,0,0,,,,,,,,,
1205856,2019/20,2019-11-27,C B Patel Ground,1,1.4,Rajasthan,Delhi,Ankit Lamba,R Bishnoi,Vikas Mishra,4,0,,,,,,,,,
1205856,2019/20,2019-11-27,C B Patel Ground,1,1.5,Rajasthan,Delhi,Ankit Lamba,R Bishnoi,Vikas Mishra,0,0,,,,,,,,,
1205856,2019/20,2019-11-27,C B Patel Ground,1,1.6,Rajasthan,Delhi,Ankit Lamba,R Bishnoi,Vikas Mishra,0,0,,,,,,,,,
1205856,2019/20,2019-11-27,C B Patel Ground,1,1.7,Rajasthan,Delhi,Ankit Lamba,R Bishnoi,Vikas Mishra,0,0,,,,,,,,,
1205856,2019/20,2019-11-27,C B Patel Ground,1,2.1,Rajasthan,Delhi,R Bishnoi,Ankit Lamba,Simarjeet Singh,0,0,,,,,,,,,
1205856,2019/20,2019-11-27,C B Patel Ground,1,2.2,Rajasthan,Delhi,R Bishnoi,Ankit Lamba,Simarjeet Singh,2,0,,,,,,,,,
1205856,2019/20,2019-11-27,C B Patel Ground,1,2.3,Rajasthan,Delhi,R Bishnoi,Ankit Lamba,Simarjeet Singh,0,0,,,,,,,,,
1205856,2019/20,2019-11-27,C B Patel Ground,1,2.4,Rajasthan,Delhi,R Bishnoi,Ankit Lamba,Simarjeet Singh,6,0,,,,,,,,,
1205856,2019/20,2019-11-27,C B Patel Ground,1,2.5,Rajasthan,Delhi,R Bishnoi,Ankit Lamba,Simarjeet Singh,6,0,,,,,,,,,
1205856,2019/20,2019-11-27,C B Patel Ground,1,2.6,Rajasthan,Delhi,R Bishnoi,Ankit Lamba,Simarjeet Singh,1,0,,,,,,,,,
1205856,2019/20,2019-11-27,C B Patel Ground,1,3.1,Rajasthan,Delhi,R Bishnoi,Ankit Lamba,Vikas Mishra,0,0,,,,,,,,,
1205856,2019/20,2019-11-27,C B Patel Ground,1,3.2,Rajasthan,Delhi,R Bishnoi,Ankit Lamba,Vikas Mishra,0,0,,,,,,,,,
1205856,2019/20,2019-11-27,C B Patel Ground,1,3.3,Rajasthan,Delhi,R Bishnoi,Ankit Lamba,Vikas Mishra,0,3,3,,,,,,,,
1205856,2019/20,2019-11-27,C B Patel Ground,1,3.4,Rajasthan,Delhi,R Bishnoi,Ankit Lamba,Vikas Mishra,1,0,,,,,,,,,
1205856,2019/20,2019-11-27,C B Patel Ground,1,3.5,Rajasthan,Delhi,Ankit Lamba,R Bishnoi,Vikas Mishra,0,0,,,,,,,,,
1205856,2019/20,2019-11-27,C B Patel Ground,1,3.6,Rajasthan,Delhi,Ankit Lamba,R Bishnoi,Vikas Mishra,0,0,,,,,,,,,
1205856,2019/20,2019-11-27,C B Patel Ground,1,3.7,Rajasthan,Delhi,Ankit Lamba,R Bishnoi,Vikas Mishra,0,0,,,,,,,,,
1205856,2019/20,2019-11-27,C B Patel Ground,1,4.1,Rajasthan,Delhi,R Bishnoi,Ankit Lamba,Varun Sood,2,0,,,,,,,,,
1205856,2019/20,2019-11-27,C B Patel Ground,1,4.2,Rajasthan,Delhi,R Bishnoi,Ankit Lamba,Varun Sood,0,0,,,,,,,,,
1205856,2019/20,2019-11-27,C B Patel Ground,1,4.3,Rajasthan,Delhi,R Bishnoi,Ankit Lamba,Varun Sood,1,0,,,,,,,,,
1205856,2019/20,2019-11-27,C B Patel Ground,1,4.4,Rajasthan,Delhi,Ankit Lamba,R Bishnoi,Varun Sood,0,0,,,,,,,,,
1205856,2019/20,2019-11-27,C B Patel Ground,1,4.5,Rajasthan,Delhi,Ankit Lamba,R Bishnoi,Varun Sood,1,0,,,,,,,,,
1205856,2019/20,2019-11-27,C B Patel Ground,1,4.6,Rajasthan,Delhi,R Bishnoi,Ankit Lamba,Varun Sood,1,0,,,,,,,,,
1205856,2019/20,2019-11-27,C B Patel Ground,1,5.1,Rajasthan,Delhi,R Bishnoi,Ankit Lamba,Vikas Mishra,0,0,,,,,,,,,
1205856,2019/20,2019-11-27,C B Patel Ground,1,5.2,Rajasthan,Delhi,R Bishnoi,Ankit Lamba,Vikas Mishra,4,0,,,,,,,,,
1205856,2019/20,2019-11-27,C B Patel Ground,1,5.3,Rajasthan,Delhi,R Bishnoi,Ankit Lamba,Vikas Mishra,4,0,,,,,,,,,
1205856,2019/20,2019-11-27,C B Patel Ground,1,5.4,Rajasthan,Delhi,R Bishnoi,Ankit Lamba,Vikas Mishra,0,0,,,,,,,,,
1205856,2019/20,2019-11-27,C B Patel Ground,1,5.5,Rajasthan,Delhi,R Bishnoi,Ankit Lamba,Vikas Mishra,0,0,,,,,,,,,
1205856,2019/20,2019-11-27,C B Patel Ground,1,5.6,Rajasthan,Delhi,R Bishnoi,Ankit Lamba,Vikas Mishra,1,0,,,,,,,,,
1205856,2019/20,2019-11-27,C B Patel Ground,1,6.1,Rajasthan,Delhi,R Bishnoi,Ankit Lamba,Varun Sood,0,0,,,,,,,,,
1205856,2019/20,2019-11-27,C B Patel Ground,1,6.2,Rajasthan,Delhi,R Bishnoi,Ankit Lamba,Varun Sood,0,0,,,,,,,,,
1205856,2019/20,2019-11-27,C B Patel Ground,1,6.3,Rajasthan,Delhi,R Bishnoi,Ankit Lamba,Varun Sood,4,0,,,,,,,,,
1205856,2019/20,2019-11-27,C B Patel Ground,1,6.4,Rajasthan,Delhi,R Bishnoi,Ankit Lamba,Varun Sood,1,0,,,,,,,,,
1205856,2019/20,2019-11-27,C B Patel Ground,1,6.5,Rajasthan,Delhi,Ankit Lamba,R Bishnoi,Varun Sood,0,0,,,,,,,,,
1205856,2019/20,2019-11-27,C B Patel Ground,1,6.6,Rajasthan,Delhi,Ankit Lamba,R Bishnoi,Varun Sood,0,0,,,,,,caught,Ankit Lamba,,
1205856,2019/20,2019-11-27,C B Patel Ground,1,7.1,Rajasthan,Delhi,R Bishnoi,MK Lomror,Suboth Bhati,1,0,,,,,,,,,
1205856,2019/20,2019-11-27,C B Patel Ground,1,7.2,Rajasthan,Delhi,MK Lomror,R Bishnoi,Suboth Bhati,0,0,,,,,,,,,
1205856,2019/20,2019-11-27,C B Patel Ground,1,7.3,Rajasthan,Delhi,MK Lomror,R Bishnoi,Suboth Bhati,0,0,,,,,,,,,
1205856,2019/20,2019-11-27,C B Patel Ground,1,7.4,Rajasthan,Delhi,MK Lomror,R Bishnoi,Suboth Bhati,0,0,,,,,,caught,MK Lomror,,
1205856,2019/20,2019-11-27,C B Patel Ground,1,7.5,Rajasthan,Delhi,Arjit Gupta,R Bishnoi,Suboth Bhati,0,0,,,,,,,,,
1205856,2019/20,2019-11-27,C B Patel Ground,1,7.6,Rajasthan,Delhi,Arjit Gupta,R Bishnoi,Suboth Bhati,0,0,,,,,,,,,
1205856,2019/20,2019-11-27,C B Patel Ground,1,8.1,Rajasthan,Delhi,R Bishnoi,Arjit Gupta,N Rana,0,0,,,,,,,,,
1205856,2019/20,2019-11-27,C B Patel Ground,1,8.2,Rajasthan,Delhi,R Bishnoi,Arjit Gupta,N Rana,1,0,,,,,,,,,
1205856,2019/20,2019-11-27,C B Patel Ground,1,8.3,Rajasthan,Delhi,Arjit Gupta,R Bishnoi,N Rana,4,0,,,,,,,,,
1205856,2019/20,2019-11-27,C B Patel Ground,1,8.4,Rajasthan,Delhi,Arjit Gupta,R Bishnoi,N Rana,1,0,,,,,,,,,
1205856,2019/20,2019-11-27,C B Patel Ground,1,8.5,Rajasthan,Delhi,R Bishnoi,Arjit Gupta,N Rana,0,0,,,,,,,,,
1205856,2019/20,2019-11-27,C B Patel Ground,1,8.6,Rajasthan,Delhi,R Bishnoi,Arjit Gupta,N Rana,0,0,,,,,,bowled,R Bishnoi,,
1205856,2019/20,2019-11-27,C B Patel Ground,1,9.1,Rajasthan,Delhi,Arjit Gupta,SF Khan,Suboth Bhati,0,0,,,,,,caught,Arjit Gupta,,
1205856,2019/20,2019-11-27,C B Patel Ground,1,9.2,Rajasthan,Delhi,DL Chahar,SF Khan,Suboth Bhati,0,0,,,,,,,,,
1205856,2019/20,2019-11-27,C B Patel Ground,1,9.3,Rajasthan,Delhi,DL Chahar,SF Khan,Suboth Bhati,0,0,,,,,,,,,
1205856,2019/20,2019-11-27,C B Patel Ground,1,9.4,Rajasthan,Delhi,DL Chahar,SF Khan,Suboth Bhati,1,0,,,,,,,,,
1205856,2019/20,2019-11-27,C B Patel Ground,1,9.5,Rajasthan,Delhi,SF Khan,DL Chahar,Suboth Bhati,1,0,,,,,,,,,
1205856,2019/20,2019-11-27,C B Patel Ground,1,9.6,Rajasthan,Delhi,DL Chahar,SF Khan,Suboth Bhati,0,0,,,,,,,,,
1205856,2019/20,2019-11-27,C B Patel Ground,1,10.1,Rajasthan,Delhi,SF Khan,DL Chahar,N Rana,1,0,,,,,,,,,
1205856,2019/20,2019-11-27,C B Patel Ground,1,10.2,Rajasthan,Delhi,DL Chahar,SF Khan,N Rana,0,0,,,,,,,,,
1205856,2019/20,2019-11-27,C B Patel Ground,1,10.3,Rajasthan,Delhi,DL Chahar,SF Khan,N Rana,0,0,,,,,,,,,
1205856,2019/20,2019-11-27,C B Patel Ground,1,10.4,Rajasthan,Delhi,DL Chahar,SF Khan,N Rana,0,0,,,,,,,,,
1205856,2019/20,2019-11-27,C B Patel Ground,1,10.5,Rajasthan,Delhi,DL Chahar,SF Khan,N Rana,0,0,,,,,,,,,
1205856,2019/20,2019-11-27,C B Patel Ground,1,10.6,Rajasthan,Delhi,DL Chahar,SF Khan,N Rana,0,0,,,,,,,,,
1205856,2019/20,2019-11-27,C B Patel Ground,1,11.1,Rajasthan,Delhi,SF Khan,DL Chahar,Varun Sood,0,0,,,,,,,,,
1205856,2019/20,2019-11-27,C B Patel Ground,1,11.2,Rajasthan,Delhi,SF Khan,DL Chahar,Varun Sood,1,0,,,,,,,,,
1205856,2019/20,2019-11-27,C B Patel Ground,1,11.3,Rajasthan,Delhi,DL Chahar,SF Khan,Varun Sood,0,0,,,,,,,,,
1205856,2019/20,2019-11-27,C B Patel Ground,1,11.4,Rajasthan,Delhi,DL Chahar,SF Khan,Varun Sood,0,0,,,,,,,,,
1205856,2019/20,2019-11-27,C B Patel Ground,1,11.5,Rajasthan,Delhi,DL Chahar,SF Khan,Varun Sood,1,0,,,,,,,,,
1205856,2019/20,2019-11-27,C B Patel Ground,1,11.6,Rajasthan,Delhi,SF Khan,DL Chahar,Varun Sood,1,0,,,,,,,,,
1205856,2019/20,2019-11-27,C B Patel Ground,1,12.1,Rajasthan,Delhi,SF Khan,DL Chahar,N Rana,0,0,,,,,,,,,
1205856,2019/20,2019-11-27,C B Patel Ground,1,12.2,Rajasthan,Delhi,SF Khan,DL Chahar,N Rana,1,0,,,,,,,,,
1205856,2019/20,2019-11-27,C B Patel Ground,1,12.3,Rajasthan,Delhi,DL Chahar,SF Khan,N Rana,1,0,,,,,,,,,
1205856,2019/20,2019-11-27,C B Patel Ground,1,12.4,Rajasthan,Delhi,SF Khan,DL Chahar,N Rana,1,0,,,,,,,,,
1205856,2019/20,2019-11-27,C B Patel Ground,1,12.5,Rajasthan,Delhi,DL Chahar,SF Khan,N Rana,0,0,,,,,,,,,
1205856,2019/20,2019-11-27,C B Patel Ground,1,12.6,Rajasthan,Delhi,DL Chahar,SF Khan,N Rana,0,0,,,,,,,,,
1205856,2019/20,2019-11-27,C B Patel Ground,1,13.1,Rajasthan,Delhi,SF Khan,DL Chahar,Vikas Mishra,1,0,,,,,,,,,
1205856,2019/20,2019-11-27,C B Patel Ground,1,13.2,Rajasthan,Delhi,DL Chahar,SF Khan,Vikas Mishra,0,0,,,,,,,,,
1205856,2019/20,2019-11-27,C B Patel Ground,1,13.3,Rajasthan,Delhi,DL Chahar,SF Khan,Vikas Mishra,0,0,,,,,,,,,
1205856,2019/20,2019-11-27,C B Patel Ground,1,13.4,Rajasthan,Delhi,DL Chahar,SF Khan,Vikas Mishra,0,0,,,,,,,,,
1205856,2019/20,2019-11-27,C B Patel Ground,1,13.5,Rajasthan,Delhi,DL Chahar,SF Khan,Vikas Mishra,1,0,,,,,,,,,
1205856,2019/20,2019-11-27,C B Patel Ground,1,13.6,Rajasthan,Delhi,SF Khan,DL Chahar,Vikas Mishra,6,0,,,,,,,,,
1205856,2019/20,2019-11-27,C B Patel Ground,1,14.1,Rajasthan,Delhi,DL Chahar,SF Khan,Lalit Yadav,0,0,,,,,,,,,
1205856,2019/20,2019-11-27,C B Patel Ground,1,14.2,Rajasthan,Delhi,DL Chahar,SF Khan,Lalit Yadav,1,0,,,,,,,,,
1205856,2019/20,2019-11-27,C B Patel Ground,1,14.3,Rajasthan,Delhi,SF Khan,DL Chahar,Lalit Yadav,0,0,,,,,,,,,
1205856,2019/20,2019-11-27,C B Patel Ground,1,14.4,Rajasthan,Delhi,SF Khan,DL Chahar,Lalit Yadav,1,0,,,,,,,,,
1205856,2019/20,2019-11-27,C B Patel Ground,1,14.5,Rajasthan,Delhi,DL Chahar,SF Khan,Lalit Yadav,1,0,,,,,,,,,
1205856,2019/20,2019-11-27,C B Patel Ground,1,14.6,Rajasthan,Delhi,SF Khan,DL Chahar,Lalit Yadav,1,0,,,,,,,,,
1205856,2019/20,2019-11-27,C B Patel Ground,1,15.1,Rajasthan,Delhi,SF Khan,DL Chahar,Varun Sood,6,0,,,,,,,,,
1205856,2019/20,2019-11-27,C B Patel Ground,1,15.2,Rajasthan,Delhi,SF Khan,DL Chahar,Varun Sood,1,0,,,,,,,,,
1205856,2019/20,2019-11-27,C B Patel Ground,1,15.3,Rajasthan,Delhi,DL Chahar,SF Khan,Varun Sood,0,1,,,,1,,,,,
1205856,2019/20,2019-11-27,C B Patel Ground,1,15.4,Rajasthan,Delhi,SF Khan,DL Chahar,Varun Sood,1,0,,,,,,,,,
1205856,2019/20,2019-11-27,C B Patel Ground,1,15.5,Rajasthan,Delhi,DL Chahar,SF Khan,Varun Sood,0,0,,,,,,,,,
1205856,2019/20,2019-11-27,C B Patel Ground,1,15.6,Rajasthan,Delhi,DL Chahar,SF Khan,Varun Sood,1,0,,,,,,,,,
1205856,2019/20,2019-11-27,C B Patel Ground,1,16.1,Rajasthan,Delhi,DL Chahar,SF Khan,Lalit Yadav,6,0,,,,,,,,,
1205856,2019/20,2019-11-27,C B Patel Ground,1,16.2,Rajasthan,Delhi,DL Chahar,SF Khan,Lalit Yadav,1,0,,,,,,,,,
1205856,2019/20,2019-11-27,C B Patel Ground,1,16.3,Rajasthan,Delhi,SF Khan,DL Chahar,Lalit Yadav,0,0,,,,,,caught,SF Khan,,
1205856,2019/20,2019-11-27,C B Patel Ground,1,16.4,Rajasthan,Delhi,CP Singh,DL Chahar,Lalit Yadav,1,0,,,,,,,,,
1205856,2019/20,2019-11-27,C B Patel Ground,1,16.5,Rajasthan,Delhi,DL Chahar,CP Singh,Lalit Yadav,6,0,,,,,,,,,
1205856,2019/20,2019-11-27,C B Patel Ground,1,16.6,Rajasthan,Delhi,DL Chahar,CP Singh,Lalit Yadav,6,0,,,,,,,,,
1205856,2019/20,2019-11-27,C B Patel Ground,1,17.1,Rajasthan,Delhi,CP Singh,DL Chahar,Suboth Bhati,1,0,,,,,,,,,
1205856,2019/20,2019-11-27,C B Patel Ground,1,17.2,Rajasthan,Delhi,DL Chahar,CP Singh,Suboth Bhati,0,0,,,,,,,,,
1205856,2019/20,2019-11-27,C B Patel Ground,1,17.3,Rajasthan,Delhi,DL Chahar,CP Singh,Suboth Bhati,1,0,,,,,,,,,
1205856,2019/20,2019-11-27,C B Patel Ground,1,17.4,Rajasthan,Delhi,CP Singh,DL Chahar,Suboth Bhati,1,0,,,,,,,,,
1205856,2019/20,2019-11-27,C B Patel Ground,1,17.5,Rajasthan,Delhi,DL Chahar,CP Singh,Suboth Bhati,1,0,,,,,,,,,
1205856,2019/20,2019-11-27,C B Patel Ground,1,17.6,Rajasthan,Delhi,CP Singh,DL Chahar,Suboth Bhati,0,0,,,,,,,,,
1205856,2019/20,2019-11-27,C B Patel Ground,1,18.1,Rajasthan,Delhi,DL Chahar,CP Singh,N Rana,6,0,,,,,,,,,
1205856,2019/20,2019-11-27,C B Patel Ground,1,18.2,Rajasthan,Delhi,DL Chahar,CP Singh,N Rana,1,0,,,,,,,,,
1205856,2019/20,2019-11-27,C B Patel Ground,1,18.3,Rajasthan,Delhi,CP Singh,DL Chahar,N Rana,0,0,,,,,,caught,CP Singh,,
1205856,2019/20,2019-11-27,C B Patel Ground,1,18.4,Rajasthan,Delhi,RD Chahar,DL Chahar,N Rana,1,0,,,,,,,,,
1205856,2019/20,2019-11-27,C B Patel Ground,1,18.5,Rajasthan,Delhi,DL Chahar,RD Chahar,N Rana,6,0,,,,,,,,,
1205856,2019/20,2019-11-27,C B Patel Ground,1,18.6,Rajasthan,Delhi,DL Chahar,RD Chahar,N Rana,1,0,,,,,,,,,
1205856,2019/20,2019-11-27,C B Patel Ground,1,19.1,Rajasthan,Delhi,DL Chahar,RD Chahar,Suboth Bhati,6,0,,,,,,,,,
1205856,2019/20,2019-11-27,C B Patel Ground,1,19.2,Rajasthan,Delhi,DL Chahar,RD Chahar,Suboth Bhati,6,0,,,,,,,,,
1205856,2019/20,2019-11-27,C B Patel Ground,1,19.3,Rajasthan,Delhi,DL Chahar,RD Chahar,Suboth Bhati,0,0,,,,,,,,,
1205856,2019/20,2019-11-27,C B Patel Ground,1,19.4,Rajasthan,Delhi,DL Chahar,RD Chahar,Suboth Bhati,0,0,,,,,,,,,
1205856,2019/20,2019-11-27,C B Patel Ground,1,19.5,Rajasthan,Delhi,DL Chahar,RD Chahar,Suboth Bhati,0,0,,,,,,,,,
1205856,2019/20,2019-11-27,C B Patel Ground,1,19.6,Rajasthan,Delhi,DL Chahar,RD Chahar,Suboth Bhati,1,0,,,,,,,,,
1205856,2019/20,2019-11-27,C B Patel Ground,2,0.1,Delhi,Rajasthan,RR Pant,Kunwar Bidhuri,DL Chahar,1,0,,,,,,,,,
1205856,2019/20,2019-11-27,C B Patel Ground,2,0.2,Delhi,Rajasthan,Kunwar Bidhuri,RR Pant,DL Chahar,0,1,1,,,,,,,,
1205856,2019/20,2019-11-27,C B Patel Ground,2,0.3,Delhi,Rajasthan,Kunwar Bidhuri,RR Pant,DL Chahar,0,0,,,,,,,,,
1205856,2019/20,2019-11-27,C B Patel Ground,2,0.4,Delhi,Rajasthan,Kunwar Bidhuri,RR Pant,DL Chahar,0,0,,,,,,,,,
1205856,2019/20,2019-11-27,C B Patel Ground,2,0.5,Delhi,Rajasthan,Kunwar Bidhuri,RR Pant,DL Chahar,0,0,,,,,,,,,
1205856,2019/20,2019-11-27,C B Patel Ground,2,0.6,Delhi,Rajasthan,Kunwar Bidhuri,RR Pant,DL Chahar,0,0,,,,,,,,,
1205856,2019/20,2019-11-27,C B Patel Ground,2,0.7,Delhi,Rajasthan,Kunwar Bidhuri,RR Pant,DL Chahar,4,0,,,,,,,,,
1205856,2019/20,2019-11-27,C B Patel Ground,2,1.1,Delhi,Rajasthan,RR Pant,Kunwar Bidhuri,A Choudhary,4,0,,,,,,,,,
1205856,2019/20,2019-11-27,C B Patel Ground,2,1.2,Delhi,Rajasthan,RR Pant,Kunwar Bidhuri,A Choudhary,1,0,,,,,,,,,
1205856,2019/20,2019-11-27,C B Patel Ground,2,1.3,Delhi,Rajasthan,Kunwar Bidhuri,RR Pant,A Choudhary,0,0,,,,,,caught,Kunwar Bidhuri,,
1205856,2019/20,2019-11-27,C B Patel Ground,2,1.4,Delhi,Rajasthan,Anuj Rawat,RR Pant,A Choudhary,0,4,,,,4,,,,,
1205856,2019/20,2019-11-27,C B Patel Ground,2,1.5,Delhi,Rajasthan,Anuj Rawat,RR Pant,A Choudhary,0,0,,,,,,,,,
1205856,2019/20,2019-11-27,C B Patel Ground,2,1.6,Delhi,Rajasthan,Anuj Rawat,RR Pant,A Choudhary,0,0,,,,,,,,,
1205856,2019/20,2019-11-27,C B Patel Ground,2,2.1,Delhi,Rajasthan,RR Pant,Anuj Rawat,KK Ahmed,1,0,,,,,,,,,
1205856,2019/20,2019-11-27,C B Patel Ground,2,2.2,Delhi,Rajasthan,Anuj Rawat,RR Pant,KK Ahmed,0,0,,,,,,,,,
1205856,2019/20,2019-11-27,C B Patel Ground,2,2.3,Delhi,Rajasthan,Anuj Rawat,RR Pant,KK Ahmed,3,0,,,,,,,,,
1205856,2019/20,2019-11-27,C B Patel Ground,2,2.4,Delhi,Rajasthan,RR Pant,Anuj Rawat,KK Ahmed,1,0,,,,,,,,,
1205856,2019/20,2019-11-27,C B Patel Ground,2,2.5,Delhi,Rajasthan,Anuj Rawat,RR Pant,KK Ahmed,1,0,,,,,,,,,
1205856,2019/20,2019-11-27,C B Patel Ground,2,2.6,Delhi,Rajasthan,RR Pant,Anuj Rawat,KK Ahmed,4,0,,,,,,,,,
1205856,2019/20,2019-11-27,C B Patel Ground,2,3.1,Delhi,Rajasthan,Anuj Rawat,RR Pant,A Choudhary,1,0,,,,,,,,,
1205856,2019/20,2019-11-27,C B Patel Ground,2,3.2,Delhi,Rajasthan,RR Pant,Anuj Rawat,A Choudhary,0,0,,,,,,,,,
1205856,2019/20,2019-11-27,C B Patel Ground,2,3.3,Delhi,Rajasthan,RR Pant,Anuj Rawat,A Choudhary,6,0,,,,,,,,,
1205856,2019/20,2019-11-27,C B Patel Ground,2,3.4,Delhi,Rajasthan,RR Pant,Anuj Rawat,A Choudhary,0,0,,,,,,,,,
1205856,2019/20,2019-11-27,C B Patel Ground,2,3.5,Delhi,Rajasthan,RR Pant,Anuj Rawat,A Choudhary,0,0,,,,,,,,,
1205856,2019/20,2019-11-27,C B Patel Ground,2,3.6,Delhi,Rajasthan,RR Pant,Anuj Rawat,A Choudhary,0,0,,,,,,,,,
1205856,2019/20,2019-11-27,C B Patel Ground,2,4.1,Delhi,Rajasthan,Anuj Rawat,RR Pant,Arjit Gupta,0,0,,,,,,stumped,Anuj Rawat,,
1205856,2019/20,2019-11-27,C B Patel Ground,2,4.2,Delhi,Rajasthan,DR Shorey,RR Pant,Arjit Gupta,0,0,,,,,,,,,
1205856,2019/20,2019-11-27,C B Patel Ground,2,4.3,Delhi,Rajasthan,DR Shorey,RR Pant,Arjit Gupta,0,0,,,,,,,,,
1205856,2019/20,2019-11-27,C B Patel Ground,2,4.4,Delhi,Rajasthan,DR Shorey,RR Pant,Arjit Gupta,0,0,,,,,,,,,
1205856,2019/20,2019-11-27,C B Patel Ground,2,4.5,Delhi,Rajasthan,DR Shorey,RR Pant,Arjit Gupta,1,0,,,,,,,,,
1205856,2019/20,2019-11-27,C B Patel Ground,2,4.6,Delhi,Rajasthan,RR Pant,DR Shorey,Arjit Gupta,1,0,,,,,,,,,
1205856,2019/20,2019-11-27,C B Patel Ground,2,5.1,Delhi,Rajasthan,RR Pant,DR Shorey,RD Chahar,1,0,,,,,,,,,
1205856,2019/20,2019-11-27,C B Patel Ground,2,5.2,Delhi,Rajasthan,DR Shorey,RR Pant,RD Chahar,4,0,,,,,,,,,
1205856,2019/20,2019-11-27,C B Patel Ground,2,5.3,Delhi,Rajasthan,DR Shorey,RR Pant,RD Chahar,0,0,,,,,,caught,DR Shorey,,
1205856,2019/20,2019-11-27,C B Patel Ground,2,5.4,Delhi,Rajasthan,N Rana,RR Pant,RD Chahar,1,0,,,,,,,,,
1205856,2019/20,2019-11-27,C B Patel Ground,2,5.5,Delhi,Rajasthan,RR Pant,N Rana,RD Chahar,4,0,,,,,,,,,
1205856,2019/20,2019-11-27,C B Patel Ground,2,5.6,Delhi,Rajasthan,RR Pant,N Rana,RD Chahar,0,0,,,,,,,,,
1205856,2019/20,2019-11-27,C B Patel Ground,2,6.1,Delhi,Rajasthan,N Rana,RR Pant,Arjit Gupta,1,0,,,,,,,,,
1205856,2019/20,2019-11-27,C B Patel Ground,2,6.2,Delhi,Rajasthan,RR Pant,N Rana,Arjit Gupta,0,0,,,,,,,,,
1205856,2019/20,2019-11-27,C B Patel Ground,2,6.3,Delhi,Rajasthan,RR Pant,N Rana,Arjit Gupta,1,0,,,,,,,,,
1205856,2019/20,2019-11-27,C B Patel Ground,2,6.4,Delhi,Rajasthan,N Rana,RR Pant,Arjit Gupta,0,0,,,,,,lbw,N Rana,,
1205856,2019/20,2019-11-27,C B Patel Ground,2,6.5,Delhi,Rajasthan,Himmat Singh,RR Pant,Arjit Gupta,0,0,,,,,,,,,
1205856,2019/20,2019-11-27,C B Patel Ground,2,6.6,Delhi,Rajasthan,Himmat Singh,RR Pant,Arjit Gupta,0,0,,,,,,,,,
1205856,2019/20,2019-11-27,C B Patel Ground,2,7.1,Delhi,Rajasthan,RR Pant,Himmat Singh,DL Chahar,1,0,,,,,,,,,
1205856,2019/20,2019-11-27,C B Patel Ground,2,7.2,Delhi,Rajasthan,Himmat Singh,RR Pant,DL Chahar,1,0,,,,,,,,,
1205856,2019/20,2019-11-27,C B Patel Ground,2,7.3,Delhi,Rajasthan,RR Pant,Himmat Singh,DL Chahar,0,0,,,,,,,,,
1205856,2019/20,2019-11-27,C B Patel Ground,2,7.4,Delhi,Rajasthan,RR Pant,Himmat Singh,DL Chahar,0,0,,,,,,,,,
1205856,2019/20,2019-11-27,C B Patel Ground,2,7.5,Delhi,Rajasthan,RR Pant,Himmat Singh,DL Chahar,0,0,,,,,,,,,
1205856,2019/20,2019-11-27,C B Patel Ground,2,7.6,Delhi,Rajasthan,RR Pant,Himmat Singh,DL Chahar,1,0,,,,,,,,,
1205856,2019/20,2019-11-27,C B Patel Ground,2,8.1,Delhi,Rajasthan,RR Pant,Himmat Singh,Arjit Gupta,1,0,,,,,,,,,
1205856,2019/20,2019-11-27,C B Patel Ground,2,8.2,Delhi,Rajasthan,Himmat Singh,RR Pant,Arjit Gupta,0,0,,,,,,,,,
1205856,2019/20,2019-11-27,C B Patel Ground,2,8.3,Delhi,Rajasthan,Himmat Singh,RR Pant,Arjit Gupta,1,0,,,,,,,,,
1205856,2019/20,2019-11-27,C B Patel Ground,2,8.4,Delhi,Rajasthan,RR Pant,Himmat Singh,Arjit Gupta,0,0,,,,,,,,,
1205856,2019/20,2019-11-27,C B Patel Ground,2,8.5,Delhi,Rajasthan,RR Pant,Himmat Singh,Arjit Gupta,0,0,,,,,,,,,
1205856,2019/20,2019-11-27,C B Patel Ground,2,8.6,Delhi,Rajasthan,RR Pant,Himmat Singh,Arjit Gupta,2,0,,,,,,,,,
1205856,2019/20,2019-11-27,C B Patel Ground,2,9.1,Delhi,Rajasthan,Himmat Singh,RR Pant,DL Chahar,0,0,,,,,,,,,
1205856,2019/20,2019-11-27,C B Patel Ground,2,9.2,Delhi,Rajasthan,Himmat Singh,RR Pant,DL Chahar,0,0,,,,,,,,,
1205856,2019/20,2019-11-27,C B Patel Ground,2,9.3,Delhi,Rajasthan,Himmat Singh,RR Pant,DL Chahar,0,0,,,,,,,,,
1205856,2019/20,2019-11-27,C B Patel Ground,2,9.4,Delhi,Rajasthan,Himmat Singh,RR Pant,DL Chahar,0,0,,,,,,,,,
1205856,2019/20,2019-11-27,C B Patel Ground,2,9.5,Delhi,Rajasthan,Himmat Singh,RR Pant,DL Chahar,0,0,,,,,,,,,
1205856,2019/20,2019-11-27,C B Patel Ground,2,9.6,Delhi,Rajasthan,Himmat Singh,RR Pant,DL Chahar,0,0,,,,,,,,,
1205856,2019/20,2019-11-27,C B Patel Ground,2,10.1,Delhi,Rajasthan,RR Pant,Himmat Singh,Arjit Gupta,0,0,,,,,,lbw,RR Pant,,
1205856,2019/20,2019-11-27,C B Patel Ground,2,10.2,Delhi,Rajasthan,Lalit Yadav,Himmat Singh,Arjit Gupta,1,0,,,,,,,,,
1205856,2019/20,2019-11-27,C B Patel Ground,2,10.3,Delhi,Rajasthan,Himmat Singh,Lalit Yadav,Arjit Gupta,1,0,,,,,,,,,
1205856,2019/20,2019-11-27,C B Patel Ground,2,10.4,Delhi,Rajasthan,Lalit Yadav,Himmat Singh,Arjit Gupta,1,0,,,,,,,,,
1205856,2019/20,2019-11-27,C B Patel Ground,2,10.5,Delhi,Rajasthan,Himmat Singh,Lalit Yadav,Arjit Gupta,1,0,,,,,,,,,
1205856,2019/20,2019-11-27,C B Patel Ground,2,10.6,Delhi,Rajasthan,Lalit Yadav,Himmat Singh,Arjit Gupta,0,0,,,,,,,,,
1205856,2019/20,2019-11-27,C B Patel Ground,2,11.1,Delhi,Rajasthan,Himmat Singh,Lalit Yadav,RD Chahar,1,0,,,,,,,,,
1205856,2019/20,2019-11-27,C B Patel Ground,2,11.2,Delhi,Rajasthan,Lalit Yadav,Himmat Singh,RD Chahar,1,0,,,,,,,,,
1205856,2019/20,2019-11-27,C B Patel Ground,2,11.3,Delhi,Rajasthan,Himmat Singh,Lalit Yadav,RD Chahar,1,0,,,,,,,,,
1205856,2019/20,2019-11-27,C B Patel Ground,2,11.4,Delhi,Rajasthan,Lalit Yadav,Himmat Singh,RD Chahar,1,0,,,,,,,,,
1205856,2019/20,2019-11-27,C B Patel Ground,2,11.5,Delhi,Rajasthan,Himmat Singh,Lalit Yadav,RD Chahar,0,0,,,,,,caught,Himmat Singh,,
1205856,2019/20,2019-11-27,C B Patel Ground,2,11.6,Delhi,Rajasthan,Varun Sood,Lalit Yadav,RD Chahar,0,0,,,,,,,,,
1205856,2019/20,2019-11-27,C B Patel Ground,2,12.1,Delhi,Rajasthan,Lalit Yadav,Varun Sood,CP Singh,1,0,,,,,,,,,
1205856,2019/20,2019-11-27,C B Patel Ground,2,12.2,Delhi,Rajasthan,Varun Sood,Lalit Yadav,CP Singh,0,1,1,,,,,,,,
1205856,2019/20,2019-11-27,C B Patel Ground,2,12.3,Delhi,Rajasthan,Varun Sood,Lalit Yadav,CP Singh,1,0,,,,,,,,,
1205856,2019/20,2019-11-27,C B Patel Ground,2,12.4,Delhi,Rajasthan,Lalit Yadav,Varun Sood,CP Singh,1,0,,,,,,,,,
1205856,2019/20,2019-11-27,C B Patel Ground,2,12.5,Delhi,Rajasthan,Varun Sood,Lalit Yadav,CP Singh,0,0,,,,,,,,,
1205856,2019/20,2019-11-27,C B Patel Ground,2,12.6,Delhi,Rajasthan,Varun Sood,Lalit Yadav,CP Singh,1,0,,,,,,,,,
1205856,2019/20,2019-11-27,C B Patel Ground,2,12.7,Delhi,Rajasthan,Lalit Yadav,Varun Sood,CP Singh,1,0,,,,,,,,,
1205856,2019/20,2019-11-27,C B Patel Ground,2,13.1,Delhi,Rajasthan,Lalit Yadav,Varun Sood,RD Chahar,1,0,,,,,,,,,
1205856,2019/20,2019-11-27,C B Patel Ground,2,13.2,Delhi,Rajasthan,Varun Sood,Lalit Yadav,RD Chahar,1,0,,,,,,,,,
1205856,2019/20,2019-11-27,C B Patel Ground,2,13.3,Delhi,Rajasthan,Lalit Yadav,Varun Sood,RD Chahar,0,0,,,,,,,,,
1205856,2019/20,2019-11-27,C B Patel Ground,2,13.4,Delhi,Rajasthan,Lalit Yadav,Varun Sood,RD Chahar,6,0,,,,,,,,,
1205856,2019/20,2019-11-27,C B Patel Ground,2,13.5,Delhi,Rajasthan,Lalit Yadav,Varun Sood,RD Chahar,0,0,,,,,,,,,
1205856,2019/20,2019-11-27,C B Patel Ground,2,13.6,Delhi,Rajasthan,Lalit Yadav,Varun Sood,RD Chahar,1,0,,,,,,,,,
1205856,2019/20,2019-11-27,C B Patel Ground,2,14.1,Delhi,Rajasthan,Lalit Yadav,Varun Sood,A Choudhary,0,1,1,,,,,,,,
1205856,2019/20,2019-11-27,C B Patel Ground,2,14.2,Delhi,Rajasthan,Lalit Yadav,Varun Sood,A Choudhary,4,0,,,,,,,,,
1205856,2019/20,2019-11-27,C B Patel Ground,2,14.3,Delhi,Rajasthan,Lalit Yadav,Varun Sood,A Choudhary,0,0,,,,,,,,,
1205856,2019/20,2019-11-27,C B Patel Ground,2,14.4,Delhi,Rajasthan,Lalit Yadav,Varun Sood,A Choudhary,4,0,,,,,,,,,
1205856,2019/20,2019-11-27,C B Patel Ground,2,14.5,Delhi,Rajasthan,Lalit Yadav,Varun Sood,A Choudhary,1,0,,,,,,,,,
1205856,2019/20,2019-11-27,C B Patel Ground,2,14.6,Delhi,Rajasthan,Varun Sood,Lalit Yadav,A Choudhary,1,0,,,,,,,,,
1205856,2019/20,2019-11-27,C B Patel Ground,2,14.7,Delhi,Rajasthan,Lalit Yadav,Varun Sood,A Choudhary,1,0,,,,,,,,,
1205856,2019/20,2019-11-27,C B Patel Ground,2,15.1,Delhi,Rajasthan,Lalit Yadav,Varun Sood,RD Chahar,0,0,,,,,,,,,
1205856,2019/20,2019-11-27,C B Patel Ground,2,15.2,Delhi,Rajasthan,Lalit Yadav,Varun Sood,RD Chahar,2,0,,,,,,,,,
1205856,2019/20,2019-11-27,C B Patel Ground,2,15.3,Delhi,Rajasthan,Lalit Yadav,Varun Sood,RD Chahar,0,0,,,,,,,,,
1205856,2019/20,2019-11-27,C B Patel Ground,2,15.4,Delhi,Rajasthan,Lalit Yadav,Varun Sood,RD Chahar,1,0,,,,,,,,,
1205856,2019/20,2019-11-27,C B Patel Ground,2,15.5,Delhi,Rajasthan,Varun Sood,Lalit Yadav,RD Chahar,0,0,,,,,,,,,
1205856,2019/20,2019-11-27,C B Patel Ground,2,15.6,Delhi,Rajasthan,Varun Sood,Lalit Yadav,RD Chahar,0,0,,,,,,,,,
1205856,2019/20,2019-11-27,C B Patel Ground,2,16.1,Delhi,Rajasthan,Lalit Yadav,Varun Sood,KK Ahmed,2,0,,,,,,,,,
1205856,2019/20,2019-11-27,C B Patel Ground,2,16.2,Delhi,Rajasthan,Lalit Yadav,Varun Sood,KK Ahmed,0,0,,,,,,caught and bowled,Lalit Yadav,,
1205856,2019/20,2019-11-27,C B Patel Ground,2,16.3,Delhi,Rajasthan,Suboth Bhati,Varun Sood,KK Ahmed,0,1,,,,1,,,,,
1205856,2019/20,2019-11-27,C B Patel Ground,2,16.4,Delhi,Rajasthan,Varun Sood,Suboth Bhati,KK Ahmed,0,0,,,,,,,,,
1205856,2019/20,2019-11-27,C B Patel Ground,2,16.5,Delhi,Rajasthan,Varun Sood,Suboth Bhati,KK Ahmed,1,0,,,,,,,,,
1205856,2019/20,2019-11-27,C B Patel Ground,2,16.6,Delhi,Rajasthan,Suboth Bhati,Varun Sood,KK Ahmed,0,0,,,,,,,,,
1205856,2019/20,2019-11-27,C B Patel Ground,2,17.1,Delhi,Rajasthan,Varun Sood,Suboth Bhati,DL Chahar,0,0,,,,,,,,,
1205856,2019/20,2019-11-27,C B Patel Ground,2,17.2,Delhi,Rajasthan,Varun Sood,Suboth Bhati,DL Chahar,4,0,,,,,,,,,
1205856,2019/20,2019-11-27,C B Patel Ground,2,17.3,Delhi,Rajasthan,Varun Sood,Suboth Bhati,DL Chahar,1,0,,,,,,,,,
1205856,2019/20,2019-11-27,C B Patel Ground,2,17.4,Delhi,Rajasthan,Suboth Bhati,Varun Sood,DL Chahar,6,0,,,,,,,,,
1205856,2019/20,2019-11-27,C B Patel Ground,2,17.5,Delhi,Rajasthan,Suboth Bhati,Varun Sood,DL Chahar,6,0,,,,,,,,,
1205856,2019/20,2019-11-27,C B Patel Ground,2,17.6,Delhi,Rajasthan,Suboth Bhati,Varun Sood,DL Chahar,1,0,,,,,,,,,
1205856,2019/20,2019-11-27,C B Patel Ground,2,18.1,Delhi,Rajasthan,Suboth Bhati,Varun Sood,KK Ahmed,1,0,,,,,,,,,
1205856,2019/20,2019-11-27,C B Patel Ground,2,18.2,Delhi,Rajasthan,Varun Sood,Suboth Bhati,KK Ahmed,4,0,,,,,,,,,
1205856,2019/20,2019-11-27,C B Patel Ground,2,18.3,Delhi,Rajasthan,Varun Sood,Suboth Bhati,KK Ahmed,0,0,,,,,,,,,
1205856,2019/20,2019-11-27,C B Patel Ground,2,18.4,Delhi,Rajasthan,Varun Sood,Suboth Bhati,KK Ahmed,1,0,,,,,,,,,
1205856,2019/20,2019-11-27,C B Patel Ground,2,18.5,Delhi,Rajasthan,Suboth Bhati,Varun Sood,KK Ahmed,0,0,,,,,,bowled,Suboth Bhati,,
1205856,2019/20,2019-11-27,C B Patel Ground,2,18.6,Delhi,Rajasthan,Simarjeet Singh,Varun Sood,KK Ahmed,1,0,,,,,,,,,
1205856,2019/20,2019-11-27,C B Patel Ground,2,19.1,Delhi,Rajasthan,Simarjeet Singh,Varun Sood,A Choudhary,0,1,1,,,,,,,,
1205856,2019/20,2019-11-27,C B Patel Ground,2,19.2,Delhi,Rajasthan,Simarjeet Singh,Varun Sood,A Choudhary,0,0,,,,,,caught,Simarjeet Singh,,
1205856,2019/20,2019-11-27,C B Patel Ground,2,19.3,Delhi,Rajasthan,Varun Sood,Vikas Mishra,A Choudhary,0,0,,,,,,,,,
1205856,2019/20,2019-11-27,C B Patel Ground,2,19.4,Delhi,Rajasthan,Varun Sood,Vikas Mishra,A Choudhary,2,0,,,,,,,,,
1205856,2019/20,2019-11-27,C B Patel Ground,2,19.5,Delhi,Rajasthan,Varun Sood,Vikas Mishra,A Choudhary,1,0,,,,,,,,,
1205856,2019/20,2019-11-27,C B Patel Ground,2,19.6,Delhi,Rajasthan,Vikas Mishra,Varun Sood,A Choudhary,1,0,,,,,,,,,
1205856,2019/20,2019-11-27,C B Patel Ground,2,19.7,Delhi,Rajasthan,Varun Sood,Vikas Mishra,A Choudhary,6,0,,,,,,,,,
