match_id,season,start_date,venue,innings,ball,batting_team,bowling_team,striker,non_striker,bowler,runs_off_bat,extras,wides,noballs,byes,legbyes,penalty,wicket_type,player_dismissed,other_wicket_type,other_player_dismissed
1205854,2019/20,2019-11-25,C B Patel Ground,1,0.1,Karnataka,Mumbai,KL Rahul,D Padikkal,SZ Mulani,0,0,,,,,,,,,
1205854,2019/20,2019-11-25,C B Patel Ground,1,0.2,Karnataka,Mumbai,KL Rahul,D Padikkal,SZ Mulani,0,0,,,,,,stumped,KL Rahul,,
1205854,2019/20,2019-11-25,C B Patel Ground,1,0.3,Karnataka,Mumbai,MK Pandey,D Padikkal,SZ Mulani,1,0,,,,,,,,,
1205854,2019/20,2019-11-25,C B Patel Ground,1,0.4,Karnataka,Mumbai,D Padikkal,MK Pandey,SZ Mulani,0,1,1,,,,,,,,
1205854,2019/20,2019-11-25,C B Patel Ground,1,0.5,Karnataka,Mumbai,D Padikkal,MK Pandey,SZ Mulani,0,0,,,,,,,,,
1205854,2019/20,2019-11-25,C B Patel Ground,1,0.6,Karnataka,Mumbai,D Padikkal,MK Pandey,SZ Mulani,1,0,,,,,,,,,
1205854,2019/20,2019-11-25,C B Patel Ground,1,0.7,Karnataka,Mumbai,MK Pandey,D Padikkal,SZ Mulani,1,0,,,,,,,,,
1205854,2019/20,2019-11-25,C B Patel Ground,1,1.1,Karnataka,Mumbai,MK Pandey,D Padikkal,SN Thakur,0,0,,,,,,,,,
1205854,2019/20,2019-11-25,C B Patel Ground,1,1.2,Karnataka,Mumbai,MK Pandey,D Padikkal,SN Thakur,0,0,,,,,,,,,
1205854,2019/20,2019-11-25,C B Patel Ground,1,1.3,Karnataka,Mumbai,MK Pandey,D Padikkal,SN Thakur,2,0,,,,,,,,,
1205854,2019/20,2019-11-25,C B Patel Ground,1,1.4,Karnataka,Mumbai,MK Pandey,D Padikkal,SN Thakur,0,0,,,,,,bowled,MK Pandey,,
1205854,2019/20,2019-11-25,C B Patel Ground,1,1.5,Karnataka,Mumbai,KK Nair,D Padikkal,SN Thakur,0,0,,,,,,,,,
1205854,2019/20,2019-11-25,C B Patel Ground,1,1.6,Karnataka,Mumbai,KK Nair,D Padikkal,SN Thakur,0,0,,,,,,,,,
1205854,2019/20,2019-11-25,C B Patel Ground,1,2.1,Karnataka,Mumbai,D Padikkal,KK Nair,SZ Mulani,1,0,,,,,,,,,
1205854,2019/20,2019-11-25,C B Patel Ground,1,2.2,Karnataka,Mumbai,KK Nair,D Padikkal,SZ Mulani,1,0,,,,,,,,,
1205854,2019/20,2019-11-25,C B Patel Ground,1,2.3,Karnataka,Mumbai,D Padikkal,KK Nair,SZ Mulani,1,0,,,,,,,,,
1205854,2019/20,2019-11-25,C B Patel Ground,1,2.4,Karnataka,Mumbai,KK Nair,D Padikkal,SZ Mulani,0,0,,,,,,,,,
1205854,2019/20,2019-11-25,C B Patel Ground,1,2.5,Karnataka,Mumbai,KK Nair,D Padikkal,SZ Mulani,0,0,,,,,,,,,
1205854,2019/20,2019-11-25,C B Patel Ground,1,2.6,Karnataka,Mumbai,KK Nair,D Padikkal,SZ Mulani,1,0,,,,,,,,,
1205854,2019/20,2019-11-25,C B Patel Ground,1,3.1,Karnataka,Mumbai,KK Nair,D Padikkal,SN Thakur,1,0,,,,,,,,,
1205854,2019/20,2019-11-25,C B Patel Ground,1,3.2,Karnataka,Mumbai,D Padikkal,KK Nair,SN Thakur,2,0,,,,,,,,,
1205854,2019/20,2019-11-25,C B Patel Ground,1,3.3,Karnataka,Mumbai,D Padikkal,KK Nair,SN Thakur,1,0,,,,,,,,,
1205854,2019/20,2019-11-25,C B Patel Ground,1,3.4,Karnataka,Mumbai,KK Nair,D Padikkal,SN Thakur,0,0,,,,,,,,,
1205854,2019/20,2019-11-25,C B Patel Ground,1,3.5,Karnataka,Mumbai,KK Nair,D Padikkal,SN Thakur,4,0,,,,,,,,,
1205854,2019/20,2019-11-25,C B Patel Ground,1,3.6,Karnataka,Mumbai,KK Nair,D Padikkal,SN Thakur,1,0,,,,,,,,,
1205854,2019/20,2019-11-25,C B Patel Ground,1,4.1,Karnataka,Mumbai,KK Nair,D Padikkal,S Dube,0,0,,,,,,caught,KK Nair,,
1205854,2019/20,2019-11-25,C B Patel Ground,1,4.2,Karnataka,Mumbai,D Padikkal,Rohan Kadam,S Dube,0,0,,,,,,,,,
1205854,2019/20,2019-11-25,C B Patel Ground,1,4.3,Karnataka,Mumbai,D Padikkal,Rohan Kadam,S Dube,4,0,,,,,,,,,
1205854,2019/20,2019-11-25,C B Patel Ground,1,4.4,Karnataka,Mumbai,D Padikkal,Rohan Kadam,S Dube,4,0,,,,,,,,,
1205854,2019/20,2019-11-25,C B Patel Ground,1,4.5,Karnataka,Mumbai,D Padikkal,Rohan Kadam,S Dube,1,0,,,,,,,,,
1205854,2019/20,2019-11-25,C B Patel Ground,1,4.6,Karnataka,Mumbai,Rohan Kadam,D Padikkal,S Dube,4,0,,,,,,,,,
1205854,2019/20,2019-11-25,C B Patel Ground,1,5.1,Karnataka,Mumbai,D Padikkal,Rohan Kadam,SD Lad,0,0,,,,,,,,,
1205854,2019/20,2019-11-25,C B Patel Ground,1,5.2,Karnataka,Mumbai,D Padikkal,Rohan Kadam,SD Lad,0,0,,,,,,,,,
1205854,2019/20,2019-11-25,C B Patel Ground,1,5.3,Karnataka,Mumbai,D Padikkal,Rohan Kadam,SD Lad,1,0,,,,,,,,,
1205854,2019/20,2019-11-25,C B Patel Ground,1,5.4,Karnataka,Mumbai,Rohan Kadam,D Padikkal,SD Lad,1,0,,,,,,,,,
1205854,2019/20,2019-11-25,C B Patel Ground,1,5.5,Karnataka,Mumbai,D Padikkal,Rohan Kadam,SD Lad,0,0,,,,,,,,,
1205854,2019/20,2019-11-25,C B Patel Ground,1,5.6,Karnataka,Mumbai,D Padikkal,Rohan Kadam,SD Lad,4,0,,,,,,,,,
1205854,2019/20,2019-11-25,C B Patel Ground,1,6.1,Karnataka,Mumbai,Rohan Kadam,D Padikkal,DS Kulkarni,0,0,,,,,,,,,
1205854,2019/20,2019-11-25,C B Patel Ground,1,6.2,Karnataka,Mumbai,Rohan Kadam,D Padikkal,DS Kulkarni,1,0,,,,,,,,,
1205854,2019/20,2019-11-25,C B Patel Ground,1,6.3,Karnataka,Mumbai,D Padikkal,Rohan Kadam,DS Kulkarni,1,0,,,,,,,,,
1205854,2019/20,2019-11-25,C B Patel Ground,1,6.4,Karnataka,Mumbai,Rohan Kadam,D Padikkal,DS Kulkarni,1,0,,,,,,,,,
1205854,2019/20,2019-11-25,C B Patel Ground,1,6.5,Karnataka,Mumbai,D Padikkal,Rohan Kadam,DS Kulkarni,1,0,,,,,,,,,
1205854,2019/20,2019-11-25,C B Patel Ground,1,6.6,Karnataka,Mumbai,Rohan Kadam,D Padikkal,DS Kulkarni,1,0,,,,,,,,,
1205854,2019/20,2019-11-25,C B Patel Ground,1,7.1,Karnataka,Mumbai,Rohan Kadam,D Padikkal,SD Lad,0,0,,,,,,,,,
1205854,2019/20,2019-11-25,C B Patel Ground,1,7.2,Karnataka,Mumbai,Rohan Kadam,D Padikkal,SD Lad,0,0,,,,,,,,,
1205854,2019/20,2019-11-25,C B Patel Ground,1,7.3,Karnataka,Mumbai,Rohan Kadam,D Padikkal,SD Lad,0,1,1,,,,,,,,
1205854,2019/20,2019-11-25,C B Patel Ground,1,7.4,Karnataka,Mumbai,Rohan Kadam,D Padikkal,SD Lad,0,0,,,,,,,,,
1205854,2019/20,2019-11-25,C B Patel Ground,1,7.5,Karnataka,Mumbai,Rohan Kadam,D Padikkal,SD Lad,0,0,,,,,,,,,
1205854,2019/20,2019-11-25,C B Patel Ground,1,7.6,Karnataka,Mumbai,Rohan Kadam,D Padikkal,SD Lad,1,0,,,,,,,,,
1205854,2019/20,2019-11-25,C B Patel Ground,1,7.7,Karnataka,Mumbai,D Padikkal,Rohan Kadam,SD Lad,1,0,,,,,,,,,
1205854,2019/20,2019-11-25,C B Patel Ground,1,8.1,Karnataka,Mumbai,D Padikkal,Rohan Kadam,DS Kulkarni,0,0,,,,,,,,,
1205854,2019/20,2019-11-25,C B Patel Ground,1,8.2,Karnataka,Mumbai,D Padikkal,Rohan Kadam,DS Kulkarni,6,0,,,,,,,,,
1205854,2019/20,2019-11-25,C B Patel Ground,1,8.3,Karnataka,Mumbai,D Padikkal,Rohan Kadam,DS Kulkarni,0,1,1,,,,,,,,
1205854,2019/20,2019-11-25,C B Patel Ground,1,8.4,Karnataka,Mumbai,D Padikkal,Rohan Kadam,DS Kulkarni,1,0,,,,,,,,,
1205854,2019/20,2019-11-25,C B Patel Ground,1,8.5,Karnataka,Mumbai,Rohan Kadam,D Padikkal,DS Kulkarni,0,0,,,,,,,,,
1205854,2019/20,2019-11-25,C B Patel Ground,1,8.6,Karnataka,Mumbai,Rohan Kadam,D Padikkal,DS Kulkarni,0,0,,,,,,,,,
1205854,2019/20,2019-11-25,C B Patel Ground,1,8.7,Karnataka,Mumbai,Rohan Kadam,D Padikkal,DS Kulkarni,1,0,,,,,,,,,
1205854,2019/20,2019-11-25,C B Patel Ground,1,9.1,Karnataka,Mumbai,Rohan Kadam,D Padikkal,SD Lad,1,0,,,,,,,,,
1205854,2019/20,2019-11-25,C B Patel Ground,1,9.2,Karnataka,Mumbai,D Padikkal,Rohan Kadam,SD Lad,0,0,,,,,,,,,
1205854,2019/20,2019-11-25,C B Patel Ground,1,9.3,Karnataka,Mumbai,D Padikkal,Rohan Kadam,SD Lad,0,2,2,,,,,,,,
1205854,2019/20,2019-11-25,C B Patel Ground,1,9.4,Karnataka,Mumbai,Rohan Kadam,D Padikkal,SD Lad,4,0,,,,,,,,,
1205854,2019/20,2019-11-25,C B Patel Ground,1,9.5,Karnataka,Mumbai,Rohan Kadam,D Padikkal,SD Lad,0,0,,,,,,,,,
1205854,2019/20,2019-11-25,C B Patel Ground,1,9.6,Karnataka,Mumbai,Rohan Kadam,D Padikkal,SD Lad,1,0,,,,,,,,,
1205854,2019/20,2019-11-25,C B Patel Ground,1,9.7,Karnataka,Mumbai,D Padikkal,Rohan Kadam,SD Lad,4,0,,,,,,,,,
1205854,2019/20,2019-11-25,C B Patel Ground,1,10.1,Karnataka,Mumbai,Rohan Kadam,D Padikkal,SS Iyer,0,0,,,,,,,,,
1205854,2019/20,2019-11-25,C B Patel Ground,1,10.2,Karnataka,Mumbai,Rohan Kadam,D Padikkal,SS Iyer,4,0,,,,,,,,,
1205854,2019/20,2019-11-25,C B Patel Ground,1,10.3,Karnataka,Mumbai,Rohan Kadam,D Padikkal,SS Iyer,1,0,,,,,,,,,
1205854,2019/20,2019-11-25,C B Patel Ground,1,10.4,Karnataka,Mumbai,D Padikkal,Rohan Kadam,SS Iyer,1,0,,,,,,,,,
1205854,2019/20,2019-11-25,C B Patel Ground,1,10.5,Karnataka,Mumbai,Rohan Kadam,D Padikkal,SS Iyer,0,0,,,,,,,,,
1205854,2019/20,2019-11-25,C B Patel Ground,1,10.6,Karnataka,Mumbai,Rohan Kadam,D Padikkal,SS Iyer,0,0,,,,,,,,,
1205854,2019/20,2019-11-25,C B Patel Ground,1,11.1,Karnataka,Mumbai,D Padikkal,Rohan Kadam,S Dube,1,0,,,,,,,,,
1205854,2019/20,2019-11-25,C B Patel Ground,1,11.2,Karnataka,Mumbai,Rohan Kadam,D Padikkal,S Dube,1,0,,,,,,,,,
1205854,2019/20,2019-11-25,C B Patel Ground,1,11.3,Karnataka,Mumbai,D Padikkal,Rohan Kadam,S Dube,1,0,,,,,,,,,
1205854,2019/20,2019-11-25,C B Patel Ground,1,11.4,Karnataka,Mumbai,Rohan Kadam,D Padikkal,S Dube,1,0,,,,,,,,,
1205854,2019/20,2019-11-25,C B Patel Ground,1,11.5,Karnataka,Mumbai,D Padikkal,Rohan Kadam,S Dube,0,0,,,,,,,,,
1205854,2019/20,2019-11-25,C B Patel Ground,1,11.6,Karnataka,Mumbai,D Padikkal,Rohan Kadam,S Dube,1,0,,,,,,,,,
1205854,2019/20,2019-11-25,C B Patel Ground,1,12.1,Karnataka,Mumbai,D Padikkal,Rohan Kadam,SS Iyer,0,0,,,,,,,,,
1205854,2019/20,2019-11-25,C B Patel Ground,1,12.2,Karnataka,Mumbai,D Padikkal,Rohan Kadam,SS Iyer,6,0,,,,,,,,,
1205854,2019/20,2019-11-25,C B Patel Ground,1,12.3,Karnataka,Mumbai,D Padikkal,Rohan Kadam,SS Iyer,1,0,,,,,,,,,
1205854,2019/20,2019-11-25,C B Patel Ground,1,12.4,Karnataka,Mumbai,Rohan Kadam,D Padikkal,SS Iyer,0,1,,,1,,,,,,
1205854,2019/20,2019-11-25,C B Patel Ground,1,12.5,Karnataka,Mumbai,D Padikkal,Rohan Kadam,SS Iyer,6,0,,,,,,,,,
1205854,2019/20,2019-11-25,C B Patel Ground,1,12.6,Karnataka,Mumbai,D Padikkal,Rohan Kadam,SS Iyer,6,0,,,,,,,,,
1205854,2019/20,2019-11-25,C B Patel Ground,1,13.1,Karnataka,Mumbai,Rohan Kadam,D Padikkal,S Dube,1,0,,,,,,,,,
1205854,2019/20,2019-11-25,C B Patel Ground,1,13.2,Karnataka,Mumbai,D Padikkal,Rohan Kadam,S Dube,0,0,,,,,,caught,D Padikkal,,
1205854,2019/20,2019-11-25,C B Patel Ground,1,13.3,Karnataka,Mumbai,Rohan Kadam,Pavan Deshpande,S Dube,1,0,,,,,,,,,
1205854,2019/20,2019-11-25,C B Patel Ground,1,13.4,Karnataka,Mumbai,Pavan Deshpande,Rohan Kadam,S Dube,0,0,,,,,,,,,
1205854,2019/20,2019-11-25,C B Patel Ground,1,13.5,Karnataka,Mumbai,Pavan Deshpande,Rohan Kadam,S Dube,1,0,,,,,,,,,
1205854,2019/20,2019-11-25,C B Patel Ground,1,13.6,Karnataka,Mumbai,Rohan Kadam,Pavan Deshpande,S Dube,1,0,,,,,,,,,
1205854,2019/20,2019-11-25,C B Patel Ground,1,14.1,Karnataka,Mumbai,Rohan Kadam,Pavan Deshpande,Shubham Ranjane,4,0,,,,,,,,,
1205854,2019/20,2019-11-25,C B Patel Ground,1,14.2,Karnataka,Mumbai,Rohan Kadam,Pavan Deshpande,Shubham Ranjane,1,0,,,,,,,,,
1205854,2019/20,2019-11-25,C B Patel Ground,1,14.3,Karnataka,Mumbai,Pavan Deshpande,Rohan Kadam,Shubham Ranjane,1,0,,,,,,,,,
1205854,2019/20,2019-11-25,C B Patel Ground,1,14.4,Karnataka,Mumbai,Rohan Kadam,Pavan Deshpande,Shubham Ranjane,1,0,,,,,,,,,
1205854,2019/20,2019-11-25,C B Patel Ground,1,14.5,Karnataka,Mumbai,Pavan Deshpande,Rohan Kadam,Shubham Ranjane,1,0,,,,,,,,,
1205854,2019/20,2019-11-25,C B Patel Ground,1,14.6,Karnataka,Mumbai,Rohan Kadam,Pavan Deshpande,Shubham Ranjane,1,0,,,,,,,,,
1205854,2019/20,2019-11-25,C B Patel Ground,1,15.1,Karnataka,Mumbai,Rohan Kadam,Pavan Deshpande,S Dube,1,0,,,,,,,,,
1205854,2019/20,2019-11-25,C B Patel Ground,1,15.2,Karnataka,Mumbai,Pavan Deshpande,Rohan Kadam,S Dube,4,0,,,,,,,,,
1205854,2019/20,2019-11-25,C B Patel Ground,1,15.3,Karnataka,Mumbai,Pavan Deshpande,Rohan Kadam,S Dube,4,0,,,,,,,,,
1205854,2019/20,2019-11-25,C B Patel Ground,1,15.4,Karnataka,Mumbai,Pavan Deshpande,Rohan Kadam,S Dube,1,0,,,,,,,,,
1205854,2019/20,2019-11-25,C B Patel Ground,1,15.5,Karnataka,Mumbai,Rohan Kadam,Pavan Deshpande,S Dube,6,0,,,,,,,,,
1205854,2019/20,2019-11-25,C B Patel Ground,1,15.6,Karnataka,Mumbai,Rohan Kadam,Pavan Deshpande,S Dube,1,0,,,,,,,,,
1205854,2019/20,2019-11-25,C B Patel Ground,1,16.1,Karnataka,Mumbai,Rohan Kadam,Pavan Deshpande,DS Kulkarni,6,0,,,,,,,,,
1205854,2019/20,2019-11-25,C B Patel Ground,1,16.2,Karnataka,Mumbai,Rohan Kadam,Pavan Deshpande,DS Kulkarni,1,0,,,,,,,,,
1205854,2019/20,2019-11-25,C B Patel Ground,1,16.3,Karnataka,Mumbai,Pavan Deshpande,Rohan Kadam,DS Kulkarni,1,0,,,,,,run out,Pavan Deshpande,,
1205854,2019/20,2019-11-25,C B Patel Ground,1,16.4,Karnataka,Mumbai,K Gowtham,Rohan Kadam,DS Kulkarni,0,0,,,,,,,,,
1205854,2019/20,2019-11-25,C B Patel Ground,1,16.5,Karnataka,Mumbai,K Gowtham,Rohan Kadam,DS Kulkarni,1,0,,,,,,,,,
1205854,2019/20,2019-11-25,C B Patel Ground,1,16.6,Karnataka,Mumbai,Rohan Kadam,K Gowtham,DS Kulkarni,1,0,,,,,,,,,
1205854,2019/20,2019-11-25,C B Patel Ground,1,17.1,Karnataka,Mumbai,Rohan Kadam,K Gowtham,SN Thakur,6,0,,,,,,,,,
1205854,2019/20,2019-11-25,C B Patel Ground,1,17.2,Karnataka,Mumbai,Rohan Kadam,K Gowtham,SN Thakur,4,0,,,,,,,,,
1205854,2019/20,2019-11-25,C B Patel Ground,1,17.3,Karnataka,Mumbai,Rohan Kadam,K Gowtham,SN Thakur,1,0,,,,,,,,,
1205854,2019/20,2019-11-25,C B Patel Ground,1,17.4,Karnataka,Mumbai,K Gowtham,Rohan Kadam,SN Thakur,0,0,,,,,,,,,
1205854,2019/20,2019-11-25,C B Patel Ground,1,17.5,Karnataka,Mumbai,K Gowtham,Rohan Kadam,SN Thakur,4,0,,,,,,,,,
1205854,2019/20,2019-11-25,C B Patel Ground,1,17.6,Karnataka,Mumbai,K Gowtham,Rohan Kadam,SN Thakur,1,0,,,,,,,,,
1205854,2019/20,2019-11-25,C B Patel Ground,1,18.1,Karnataka,Mumbai,K Gowtham,Rohan Kadam,DS Kulkarni,1,0,,,,,,,,,
1205854,2019/20,2019-11-25,C B Patel Ground,1,18.2,Karnataka,Mumbai,Rohan Kadam,K Gowtham,DS Kulkarni,4,0,,,,,,,,,
1205854,2019/20,2019-11-25,C B Patel Ground,1,18.3,Karnataka,Mumbai,Rohan Kadam,K Gowtham,DS Kulkarni,2,0,,,,,,,,,
1205854,2019/20,2019-11-25,C B Patel Ground,1,18.4,Karnataka,Mumbai,Rohan Kadam,K Gowtham,DS Kulkarni,4,0,,,,,,,,,
1205854,2019/20,2019-11-25,C B Patel Ground,1,18.5,Karnataka,Mumbai,Rohan Kadam,K Gowtham,DS Kulkarni,1,0,,,,,,,,,
1205854,2019/20,2019-11-25,C B Patel Ground,1,18.6,Karnataka,Mumbai,K Gowtham,Rohan Kadam,DS Kulkarni,0,0,,,,,,,,,
1205854,2019/20,2019-11-25,C B Patel Ground,1,19.1,Karnataka,Mumbai,Rohan Kadam,K Gowtham,SN Thakur,0,0,,,,,,caught,Rohan Kadam,,
1205854,2019/20,2019-11-25,C B Patel Ground,1,19.2,Karnataka,Mumbai,P Dubey,K Gowtham,SN Thakur,0,1,,,,1,,,,,
1205854,2019/20,2019-11-25,C B Patel Ground,1,19.3,Karnataka,Mumbai,K Gowtham,P Dubey,SN Thakur,1,0,,,,,,,,,
1205854,2019/20,2019-11-25,C B Patel Ground,1,19.4,Karnataka,Mumbai,P Dubey,K Gowtham,SN Thakur,0,1,,,1,,,,,,
1205854,2019/20,2019-11-25,C B Patel Ground,1,19.5,Karnataka,Mumbai,K Gowtham,P Dubey,SN Thakur,0,1,,,1,,,,,,
1205854,2019/20,2019-11-25,C B Patel Ground,1,19.6,Karnataka,Mumbai,P Dubey,K Gowtham,SN Thakur,1,0,,,,,,,,,
1205854,2019/20,2019-11-25,C B Patel Ground,2,0.1,Mumbai,Karnataka,PP Shaw,AP Tare,A Mithun,0,0,,,,,,,,,
1205854,2019/20,2019-11-25,C B Patel Ground,2,0.2,Mumbai,Karnataka,PP Shaw,AP Tare,A Mithun,0,0,,,,,,,,,
1205854,2019/20,2019-11-25,C B Patel Ground,2,0.3,Mumbai,Karnataka,PP Shaw,AP Tare,A Mithun,6,0,,,,,,,,,
1205854,2019/20,2019-11-25,C B Patel Ground,2,0.4,Mumbai,Karnataka,PP Shaw,AP Tare,A Mithun,1,0,,,,,,,,,
1205854,2019/20,2019-11-25,C B Patel Ground,2,0.5,Mumbai,Karnataka,AP Tare,PP Shaw,A Mithun,0,0,,,,,,,,,
1205854,2019/20,2019-11-25,C B Patel Ground,2,0.6,Mumbai,Karnataka,AP Tare,PP Shaw,A Mithun,0,0,,,,,,,,,
1205854,2019/20,2019-11-25,C B Patel Ground,2,1.1,Mumbai,Karnataka,PP Shaw,AP Tare,RG More,0,0,,,,,,,,,
1205854,2019/20,2019-11-25,C B Patel Ground,2,1.2,Mumbai,Karnataka,PP Shaw,AP Tare,RG More,1,0,,,,,,,,,
1205854,2019/20,2019-11-25,C B Patel Ground,2,1.3,Mumbai,Karnataka,AP Tare,PP Shaw,RG More,4,0,,,,,,,,,
1205854,2019/20,2019-11-25,C B Patel Ground,2,1.4,Mumbai,Karnataka,AP Tare,PP Shaw,RG More,4,0,,,,,,,,,
1205854,2019/20,2019-11-25,C B Patel Ground,2,1.5,Mumbai,Karnataka,AP Tare,PP Shaw,RG More,4,0,,,,,,,,,
1205854,2019/20,2019-11-25,C B Patel Ground,2,1.6,Mumbai,Karnataka,AP Tare,PP Shaw,RG More,0,0,,,,,,caught,AP Tare,,
1205854,2019/20,2019-11-25,C B Patel Ground,2,2.1,Mumbai,Karnataka,PP Shaw,SS Iyer,A Mithun,0,0,,,,,,,,,
1205854,2019/20,2019-11-25,C B Patel Ground,2,2.2,Mumbai,Karnataka,PP Shaw,SS Iyer,A Mithun,4,0,,,,,,,,,
1205854,2019/20,2019-11-25,C B Patel Ground,2,2.3,Mumbai,Karnataka,PP Shaw,SS Iyer,A Mithun,2,0,,,,,,,,,
1205854,2019/20,2019-11-25,C B Patel Ground,2,2.4,Mumbai,Karnataka,PP Shaw,SS Iyer,A Mithun,4,0,,,,,,,,,
1205854,2019/20,2019-11-25,C B Patel Ground,2,2.5,Mumbai,Karnataka,PP Shaw,SS Iyer,A Mithun,1,0,,,,,,,,,
1205854,2019/20,2019-11-25,C B Patel Ground,2,2.6,Mumbai,Karnataka,SS Iyer,PP Shaw,A Mithun,0,0,,,,,,,,,
1205854,2019/20,2019-11-25,C B Patel Ground,2,3.1,Mumbai,Karnataka,PP Shaw,SS Iyer,RG More,6,0,,,,,,,,,
1205854,2019/20,2019-11-25,C B Patel Ground,2,3.2,Mumbai,Karnataka,PP Shaw,SS Iyer,RG More,1,0,,,,,,,,,
1205854,2019/20,2019-11-25,C B Patel Ground,2,3.3,Mumbai,Karnataka,SS Iyer,PP Shaw,RG More,1,0,,,,,,,,,
1205854,2019/20,2019-11-25,C B Patel Ground,2,3.4,Mumbai,Karnataka,PP Shaw,SS Iyer,RG More,0,0,,,,,,,,,
1205854,2019/20,2019-11-25,C B Patel Ground,2,3.5,Mumbai,Karnataka,PP Shaw,SS Iyer,RG More,0,0,,,,,,,,,
1205854,2019/20,2019-11-25,C B Patel Ground,2,3.6,Mumbai,Karnataka,PP Shaw,SS Iyer,RG More,4,0,,,,,,,,,
1205854,2019/20,2019-11-25,C B Patel Ground,2,4.1,Mumbai,Karnataka,SS Iyer,PP Shaw,P Dubey,1,0,,,,,,,,,
1205854,2019/20,2019-11-25,C B Patel Ground,2,4.2,Mumbai,Karnataka,PP Shaw,SS Iyer,P Dubey,0,0,,,,,,caught,PP Shaw,,
1205854,2019/20,2019-11-25,C B Patel Ground,2,4.3,Mumbai,Karnataka,SA Yadav,SS Iyer,P Dubey,0,0,,,,,,,,,
1205854,2019/20,2019-11-25,C B Patel Ground,2,4.4,Mumbai,Karnataka,SA Yadav,SS Iyer,P Dubey,1,0,,,,,,,,,
1205854,2019/20,2019-11-25,C B Patel Ground,2,4.5,Mumbai,Karnataka,SS Iyer,SA Yadav,P Dubey,0,0,,,,,,,,,
1205854,2019/20,2019-11-25,C B Patel Ground,2,4.6,Mumbai,Karnataka,SS Iyer,SA Yadav,P Dubey,4,0,,,,,,,,,
1205854,2019/20,2019-11-25,C B Patel Ground,2,5.1,Mumbai,Karnataka,SA Yadav,SS Iyer,K Gowtham,2,0,,,,,,,,,
1205854,2019/20,2019-11-25,C B Patel Ground,2,5.2,Mumbai,Karnataka,SA Yadav,SS Iyer,K Gowtham,2,0,,,,,,,,,
1205854,2019/20,2019-11-25,C B Patel Ground,2,5.3,Mumbai,Karnataka,SA Yadav,SS Iyer,K Gowtham,1,0,,,,,,,,,
1205854,2019/20,2019-11-25,C B Patel Ground,2,5.4,Mumbai,Karnataka,SS Iyer,SA Yadav,K Gowtham,0,0,,,,,,,,,
1205854,2019/20,2019-11-25,C B Patel Ground,2,5.5,Mumbai,Karnataka,SS Iyer,SA Yadav,K Gowtham,0,0,,,,,,,,,
1205854,2019/20,2019-11-25,C B Patel Ground,2,5.6,Mumbai,Karnataka,SS Iyer,SA Yadav,K Gowtham,1,0,,,,,,,,,
1205854,2019/20,2019-11-25,C B Patel Ground,2,6.1,Mumbai,Karnataka,SS Iyer,SA Yadav,P Dubey,1,0,,,,,,,,,
1205854,2019/20,2019-11-25,C B Patel Ground,2,6.2,Mumbai,Karnataka,SA Yadav,SS Iyer,P Dubey,0,0,,,,,,,,,
1205854,2019/20,2019-11-25,C B Patel Ground,2,6.3,Mumbai,Karnataka,SA Yadav,SS Iyer,P Dubey,1,0,,,,,,,,,
1205854,2019/20,2019-11-25,C B Patel Ground,2,6.4,Mumbai,Karnataka,SS Iyer,SA Yadav,P Dubey,1,0,,,,,,,,,
1205854,2019/20,2019-11-25,C B Patel Ground,2,6.5,Mumbai,Karnataka,SA Yadav,SS Iyer,P Dubey,4,0,,,,,,,,,
1205854,2019/20,2019-11-25,C B Patel Ground,2,6.6,Mumbai,Karnataka,SA Yadav,SS Iyer,P Dubey,0,0,,,,,,,,,
1205854,2019/20,2019-11-25,C B Patel Ground,2,7.1,Mumbai,Karnataka,SS Iyer,SA Yadav,K Gowtham,1,0,,,,,,,,,
1205854,2019/20,2019-11-25,C B Patel Ground,2,7.2,Mumbai,Karnataka,SA Yadav,SS Iyer,K Gowtham,1,0,,,,,,,,,
1205854,2019/20,2019-11-25,C B Patel Ground,2,7.3,Mumbai,Karnataka,SS Iyer,SA Yadav,K Gowtham,0,0,,,,,,,,,
1205854,2019/20,2019-11-25,C B Patel Ground,2,7.4,Mumbai,Karnataka,SS Iyer,SA Yadav,K Gowtham,1,0,,,,,,,,,
1205854,2019/20,2019-11-25,C B Patel Ground,2,7.5,Mumbai,Karnataka,SA Yadav,SS Iyer,K Gowtham,1,0,,,,,,,,,
1205854,2019/20,2019-11-25,C B Patel Ground,2,7.6,Mumbai,Karnataka,SS Iyer,SA Yadav,K Gowtham,0,0,,,,,,,,,
1205854,2019/20,2019-11-25,C B Patel Ground,2,8.1,Mumbai,Karnataka,SA Yadav,SS Iyer,S Gopal,0,0,,,,,,,,,
1205854,2019/20,2019-11-25,C B Patel Ground,2,8.2,Mumbai,Karnataka,SA Yadav,SS Iyer,S Gopal,0,0,,,,,,,,,
1205854,2019/20,2019-11-25,C B Patel Ground,2,8.3,Mumbai,Karnataka,SA Yadav,SS Iyer,S Gopal,1,0,,,,,,,,,
1205854,2019/20,2019-11-25,C B Patel Ground,2,8.4,Mumbai,Karnataka,SS Iyer,SA Yadav,S Gopal,0,0,,,,,,,,,
1205854,2019/20,2019-11-25,C B Patel Ground,2,8.5,Mumbai,Karnataka,SS Iyer,SA Yadav,S Gopal,1,0,,,,,,,,,
1205854,2019/20,2019-11-25,C B Patel Ground,2,8.6,Mumbai,Karnataka,SA Yadav,SS Iyer,S Gopal,1,0,,,,,,,,,
1205854,2019/20,2019-11-25,C B Patel Ground,2,9.1,Mumbai,Karnataka,SA Yadav,SS Iyer,P Dubey,6,0,,,,,,,,,
1205854,2019/20,2019-11-25,C B Patel Ground,2,9.2,Mumbai,Karnataka,SA Yadav,SS Iyer,P Dubey,4,0,,,,,,,,,
1205854,2019/20,2019-11-25,C B Patel Ground,2,9.3,Mumbai,Karnataka,SA Yadav,SS Iyer,P Dubey,0,1,1,,,,,,,,
1205854,2019/20,2019-11-25,C B Patel Ground,2,9.4,Mumbai,Karnataka,SA Yadav,SS Iyer,P Dubey,4,0,,,,,,,,,
1205854,2019/20,2019-11-25,C B Patel Ground,2,9.5,Mumbai,Karnataka,SA Yadav,SS Iyer,P Dubey,2,0,,,,,,,,,
1205854,2019/20,2019-11-25,C B Patel Ground,2,9.6,Mumbai,Karnataka,SA Yadav,SS Iyer,P Dubey,1,0,,,,,,,,,
1205854,2019/20,2019-11-25,C B Patel Ground,2,9.7,Mumbai,Karnataka,SS Iyer,SA Yadav,P Dubey,1,0,,,,,,,,,
1205854,2019/20,2019-11-25,C B Patel Ground,2,10.1,Mumbai,Karnataka,SS Iyer,SA Yadav,S Gopal,1,0,,,,,,,,,
1205854,2019/20,2019-11-25,C B Patel Ground,2,10.2,Mumbai,Karnataka,SA Yadav,SS Iyer,S Gopal,0,0,,,,,,,,,
1205854,2019/20,2019-11-25,C B Patel Ground,2,10.3,Mumbai,Karnataka,SA Yadav,SS Iyer,S Gopal,1,0,,,,,,,,,
1205854,2019/20,2019-11-25,C B Patel Ground,2,10.4,Mumbai,Karnataka,SS Iyer,SA Yadav,S Gopal,0,0,,,,,,,,,
1205854,2019/20,2019-11-25,C B Patel Ground,2,10.5,Mumbai,Karnataka,SS Iyer,SA Yadav,S Gopal,0,0,,,,,,caught,SS Iyer,,
1205854,2019/20,2019-11-25,C B Patel Ground,2,10.6,Mumbai,Karnataka,S Dube,SA Yadav,S Gopal,0,0,,,,,,,,,
1205854,2019/20,2019-11-25,C B Patel Ground,2,11.1,Mumbai,Karnataka,SA Yadav,S Dube,K Gowtham,1,0,,,,,,,,,
1205854,2019/20,2019-11-25,C B Patel Ground,2,11.2,Mumbai,Karnataka,S Dube,SA Yadav,K Gowtham,1,0,,,,,,,,,
1205854,2019/20,2019-11-25,C B Patel Ground,2,11.3,Mumbai,Karnataka,SA Yadav,S Dube,K Gowtham,1,0,,,,,,,,,
1205854,2019/20,2019-11-25,C B Patel Ground,2,11.4,Mumbai,Karnataka,S Dube,SA Yadav,K Gowtham,0,0,,,,,,,,,
1205854,2019/20,2019-11-25,C B Patel Ground,2,11.5,Mumbai,Karnataka,S Dube,SA Yadav,K Gowtham,0,0,,,,,,,,,
1205854,2019/20,2019-11-25,C B Patel Ground,2,11.6,Mumbai,Karnataka,S Dube,SA Yadav,K Gowtham,1,0,,,,,,,,,
1205854,2019/20,2019-11-25,C B Patel Ground,2,12.1,Mumbai,Karnataka,S Dube,SA Yadav,S Gopal,1,0,,,,,,,,,
1205854,2019/20,2019-11-25,C B Patel Ground,2,12.2,Mumbai,Karnataka,SA Yadav,S Dube,S Gopal,6,0,,,,,,,,,
1205854,2019/20,2019-11-25,C B Patel Ground,2,12.3,Mumbai,Karnataka,SA Yadav,S Dube,S Gopal,0,0,,,,,,,,,
1205854,2019/20,2019-11-25,C B Patel Ground,2,12.4,Mumbai,Karnataka,SA Yadav,S Dube,S Gopal,1,0,,,,,,,,,
1205854,2019/20,2019-11-25,C B Patel Ground,2,12.5,Mumbai,Karnataka,S Dube,SA Yadav,S Gopal,6,0,,,,,,,,,
1205854,2019/20,2019-11-25,C B Patel Ground,2,12.6,Mumbai,Karnataka,S Dube,SA Yadav,S Gopal,0,0,,,,,,,,,
1205854,2019/20,2019-11-25,C B Patel Ground,2,13.1,Mumbai,Karnataka,SA Yadav,S Dube,Pavan Deshpande,0,0,,,,,,,,,
1205854,2019/20,2019-11-25,C B Patel Ground,2,13.2,Mumbai,Karnataka,SA Yadav,S Dube,Pavan Deshpande,1,0,,,,,,,,,
1205854,2019/20,2019-11-25,C B Patel Ground,2,13.3,Mumbai,Karnataka,S Dube,SA Yadav,Pavan Deshpande,1,0,,,,,,,,,
1205854,2019/20,2019-11-25,C B Patel Ground,2,13.4,Mumbai,Karnataka,SA Yadav,S Dube,Pavan Deshpande,0,0,,,,,,,,,
1205854,2019/20,2019-11-25,C B Patel Ground,2,13.5,Mumbai,Karnataka,SA Yadav,S Dube,Pavan Deshpande,0,0,,,,,,,,,
1205854,2019/20,2019-11-25,C B Patel Ground,2,13.6,Mumbai,Karnataka,SA Yadav,S Dube,Pavan Deshpande,1,0,,,,,,,,,
1205854,2019/20,2019-11-25,C B Patel Ground,2,14.1,Mumbai,Karnataka,SA Yadav,S Dube,K Gowtham,6,0,,,,,,,,,
1205854,2019/20,2019-11-25,C B Patel Ground,2,14.2,Mumbai,Karnataka,SA Yadav,S Dube,K Gowtham,0,0,,,,,,,,,
1205854,2019/20,2019-11-25,C B Patel Ground,2,14.3,Mumbai,Karnataka,SA Yadav,S Dube,K Gowtham,0,0,,,,,,,,,
1205854,2019/20,2019-11-25,C B Patel Ground,2,14.4,Mumbai,Karnataka,SA Yadav,S Dube,K Gowtham,1,0,,,,,,,,,
1205854,2019/20,2019-11-25,C B Patel Ground,2,14.5,Mumbai,Karnataka,S Dube,SA Yadav,K Gowtham,0,0,,,,,,,,,
1205854,2019/20,2019-11-25,C B Patel Ground,2,14.6,Mumbai,Karnataka,S Dube,SA Yadav,K Gowtham,1,0,,,,,,,,,
1205854,2019/20,2019-11-25,C B Patel Ground,2,15.1,Mumbai,Karnataka,S Dube,SA Yadav,Pavan Deshpande,0,0,,,,,,,,,
1205854,2019/20,2019-11-25,C B Patel Ground,2,15.2,Mumbai,Karnataka,S Dube,SA Yadav,Pavan Deshpande,1,0,,,,,,,,,
1205854,2019/20,2019-11-25,C B Patel Ground,2,15.3,Mumbai,Karnataka,SA Yadav,S Dube,Pavan Deshpande,1,0,,,,,,,,,
1205854,2019/20,2019-11-25,C B Patel Ground,2,15.4,Mumbai,Karnataka,S Dube,SA Yadav,Pavan Deshpande,1,0,,,,,,,,,
1205854,2019/20,2019-11-25,C B Patel Ground,2,15.5,Mumbai,Karnataka,SA Yadav,S Dube,Pavan Deshpande,4,0,,,,,,,,,
1205854,2019/20,2019-11-25,C B Patel Ground,2,15.6,Mumbai,Karnataka,SA Yadav,S Dube,Pavan Deshpande,1,0,,,,,,,,,
1205854,2019/20,2019-11-25,C B Patel Ground,2,16.1,Mumbai,Karnataka,SA Yadav,S Dube,A Mithun,1,0,,,,,,,,,
1205854,2019/20,2019-11-25,C B Patel Ground,2,16.2,Mumbai,Karnataka,S Dube,SA Yadav,A Mithun,1,0,,,,,,,,,
1205854,2019/20,2019-11-25,C B Patel Ground,2,16.3,Mumbai,Karnataka,SA Yadav,S Dube,A Mithun,4,0,,,,,,,,,
1205854,2019/20,2019-11-25,C B Patel Ground,2,16.4,Mumbai,Karnataka,SA Yadav,S Dube,A Mithun,0,0,,,,,,,,,
1205854,2019/20,2019-11-25,C B Patel Ground,2,16.5,Mumbai,Karnataka,SA Yadav,S Dube,A Mithun,6,0,,,,,,,,,
1205854,2019/20,2019-11-25,C B Patel Ground,2,16.6,Mumbai,Karnataka,SA Yadav,S Dube,A Mithun,1,0,,,,,,,,,
1205854,2019/20,2019-11-25,C B Patel Ground,2,17.1,Mumbai,Karnataka,SA Yadav,S Dube,RG More,0,0,,,,,,,,,
1205854,2019/20,2019-11-25,C B Patel Ground,2,17.2,Mumbai,Karnataka,SA Yadav,S Dube,RG More,4,0,,,,,,,,,
1205854,2019/20,2019-11-25,C B Patel Ground,2,17.3,Mumbai,Karnataka,SA Yadav,S Dube,RG More,4,0,,,,,,,,,
1205854,2019/20,2019-11-25,C B Patel Ground,2,17.4,Mumbai,Karnataka,SA Yadav,S Dube,RG More,4,0,,,,,,,,,
1205854,2019/20,2019-11-25,C B Patel Ground,2,17.5,Mumbai,Karnataka,SA Yadav,S Dube,RG More,4,0,,,,,,,,,
1205854,2019/20,2019-11-25,C B Patel Ground,2,17.6,Mumbai,Karnataka,SA Yadav,S Dube,RG More,0,0,,,,,,,,,
1205854,2019/20,2019-11-25,C B Patel Ground,2,18.1,Mumbai,Karnataka,S Dube,SA Yadav,A Mithun,6,0,,,,,,,,,
1205854,2019/20,2019-11-25,C B Patel Ground,2,18.2,Mumbai,Karnataka,S Dube,SA Yadav,A Mithun,1,0,,,,,,,,,
1205854,2019/20,2019-11-25,C B Patel Ground,2,18.3,Mumbai,Karnataka,SA Yadav,S Dube,A Mithun,0,1,1,,,,,,,,
1205854,2019/20,2019-11-25,C B Patel Ground,2,18.4,Mumbai,Karnataka,SA Yadav,S Dube,A Mithun,1,0,,,,,,,,,
1205854,2019/20,2019-11-25,C B Patel Ground,2,18.5,Mumbai,Karnataka,S Dube,SA Yadav,A Mithun,1,0,,,,,,,,,
1205854,2019/20,2019-11-25,C B Patel Ground,2,18.6,Mumbai,Karnataka,SA Yadav,S Dube,A Mithun,4,0,,,,,,,,,
1205854,2019/20,2019-11-25,C B Patel Ground,2,18.7,Mumbai,Karnataka,SA Yadav,S Dube,A Mithun,4,0,,,,,,,,,
