match_id,season,start_date,venue,innings,ball,batting_team,bowling_team,striker,non_striker,bowler,runs_off_bat,extras,wides,noballs,byes,legbyes,penalty,wicket_type,player_dismissed,other_wicket_type,other_player_dismissed
1205795,2019/20,2019-11-14,Lalbhai Contractor Stadium,1,0.1,Sikkim,Gujarat,Bibek Diyali,Ashish Thapa,Roosh Kalaria,1,0,,,,,,,,,
1205795,2019/20,2019-11-14,Lalbhai Contractor Stadium,1,0.2,Sikkim,Gujarat,Ashish Thapa,Bibek Diyali,Roosh Kalaria,0,0,,,,,,,,,
1205795,2019/20,2019-11-14,Lalbhai Contractor Stadium,1,0.3,Sikkim,Gujarat,Ashish Thapa,Bibek Diyali,Roosh Kalaria,1,0,,,,,,,,,
1205795,2019/20,2019-11-14,Lalbhai Contractor Stadium,1,0.4,Sikkim,Gujarat,Bibek Diyali,Ashish Thapa,Roosh Kalaria,1,0,,,,,,,,,
1205795,2019/20,2019-11-14,Lalbhai Contractor Stadium,1,0.5,Sikkim,Gujarat,Ashish Thapa,Bibek Diyali,Roosh Kalaria,0,0,,,,,,,,,
1205795,2019/20,2019-11-14,Lalbhai Contractor Stadium,1,0.6,Sikkim,Gujarat,Ashish Thapa,Bibek Diyali,Roosh Kalaria,0,0,,,,,,,,,
1205795,2019/20,2019-11-14,Lalbhai Contractor Stadium,1,1.1,Sikkim,Gujarat,Bibek Diyali,Ashish Thapa,Chintan Gaja,0,0,,,,,,,,,
1205795,2019/20,2019-11-14,Lalbhai Contractor Stadium,1,1.2,Sikkim,Gujarat,Bibek Diyali,Ashish Thapa,Chintan Gaja,1,0,,,,,,,,,
1205795,2019/20,2019-11-14,Lalbhai Contractor Stadium,1,1.3,Sikkim,Gujarat,Ashish Thapa,Bibek Diyali,Chintan Gaja,0,0,,,,,,,,,
1205795,2019/20,2019-11-14,Lalbhai Contractor Stadium,1,1.4,Sikkim,Gujarat,Ashish Thapa,Bibek Diyali,Chintan Gaja,0,0,,,,,,,,,
1205795,2019/20,2019-11-14,Lalbhai Contractor Stadium,1,1.5,Sikkim,Gujarat,Ashish Thapa,Bibek Diyali,Chintan Gaja,1,0,,,,,,,,,
1205795,2019/20,2019-11-14,Lalbhai Contractor Stadium,1,1.6,Sikkim,Gujarat,Bibek Diyali,Ashish Thapa,Chintan Gaja,0,0,,,,,,,,,
1205795,2019/20,2019-11-14,Lalbhai Contractor Stadium,1,2.1,Sikkim,Gujarat,Ashish Thapa,Bibek Diyali,Roosh Kalaria,4,0,,,,,,,,,
1205795,2019/20,2019-11-14,Lalbhai Contractor Stadium,1,2.2,Sikkim,Gujarat,Ashish Thapa,Bibek Diyali,Roosh Kalaria,1,0,,,,,,,,,
1205795,2019/20,2019-11-14,Lalbhai Contractor Stadium,1,2.3,Sikkim,Gujarat,Bibek Diyali,Ashish Thapa,Roosh Kalaria,0,0,,,,,,,,,
1205795,2019/20,2019-11-14,Lalbhai Contractor Stadium,1,2.4,Sikkim,Gujarat,Bibek Diyali,Ashish Thapa,Roosh Kalaria,0,0,,,,,,,,,
1205795,2019/20,2019-11-14,Lalbhai Contractor Stadium,1,2.5,Sikkim,Gujarat,Bibek Diyali,Ashish Thapa,Roosh Kalaria,4,0,,,,,,,,,
1205795,2019/20,2019-11-14,Lalbhai Contractor Stadium,1,2.6,Sikkim,Gujarat,Bibek Diyali,Ashish Thapa,Roosh Kalaria,0,0,,,,,,,,,
1205795,2019/20,2019-11-14,Lalbhai Contractor Stadium,1,3.1,Sikkim,Gujarat,Ashish Thapa,Bibek Diyali,Tejas Patel,0,1,,,,1,,,,,
1205795,2019/20,2019-11-14,Lalbhai Contractor Stadium,1,3.2,Sikkim,Gujarat,Bibek Diyali,Ashish Thapa,Tejas Patel,0,0,,,,,,,,,
1205795,2019/20,2019-11-14,Lalbhai Contractor Stadium,1,3.3,Sikkim,Gujarat,Bibek Diyali,Ashish Thapa,Tejas Patel,0,0,,,,,,,,,
1205795,2019/20,2019-11-14,Lalbhai Contractor Stadium,1,3.4,Sikkim,Gujarat,Bibek Diyali,Ashish Thapa,Tejas Patel,0,0,,,,,,,,,
1205795,2019/20,2019-11-14,Lalbhai Contractor Stadium,1,3.5,Sikkim,Gujarat,Bibek Diyali,Ashish Thapa,Tejas Patel,1,0,,,,,,,,,
1205795,2019/20,2019-11-14,Lalbhai Contractor Stadium,1,3.6,Sikkim,Gujarat,Ashish Thapa,Bibek Diyali,Tejas Patel,0,0,,,,,,,,,
1205795,2019/20,2019-11-14,Lalbhai Contractor Stadium,1,4.1,Sikkim,Gujarat,Bibek Diyali,Ashish Thapa,Chintan Gaja,1,0,,,,,,,,,
1205795,2019/20,2019-11-14,Lalbhai Contractor Stadium,1,4.2,Sikkim,Gujarat,Ashish Thapa,Bibek Diyali,Chintan Gaja,0,0,,,,,,,,,
1205795,2019/20,2019-11-14,Lalbhai Contractor Stadium,1,4.3,Sikkim,Gujarat,Ashish Thapa,Bibek Diyali,Chintan Gaja,0,0,,,,,,,,,
1205795,2019/20,2019-11-14,Lalbhai Contractor Stadium,1,4.4,Sikkim,Gujarat,Ashish Thapa,Bibek Diyali,Chintan Gaja,1,0,,,,,,,,,
1205795,2019/20,2019-11-14,Lalbhai Contractor Stadium,1,4.5,Sikkim,Gujarat,Bibek Diyali,Ashish Thapa,Chintan Gaja,0,0,,,,,,,,,
1205795,2019/20,2019-11-14,Lalbhai Contractor Stadium,1,4.6,Sikkim,Gujarat,Bibek Diyali,Ashish Thapa,Chintan Gaja,0,0,,,,,,,,,
1205795,2019/20,2019-11-14,Lalbhai Contractor Stadium,1,5.1,Sikkim,Gujarat,Ashish Thapa,Bibek Diyali,Tejas Patel,0,0,,,,,,,,,
1205795,2019/20,2019-11-14,Lalbhai Contractor Stadium,1,5.2,Sikkim,Gujarat,Ashish Thapa,Bibek Diyali,Tejas Patel,1,0,,,,,,,,,
1205795,2019/20,2019-11-14,Lalbhai Contractor Stadium,1,5.3,Sikkim,Gujarat,Bibek Diyali,Ashish Thapa,Tejas Patel,0,0,,,,,,,,,
1205795,2019/20,2019-11-14,Lalbhai Contractor Stadium,1,5.4,Sikkim,Gujarat,Bibek Diyali,Ashish Thapa,Tejas Patel,0,0,,,,,,,,,
1205795,2019/20,2019-11-14,Lalbhai Contractor Stadium,1,5.5,Sikkim,Gujarat,Bibek Diyali,Ashish Thapa,Tejas Patel,0,0,,,,,,,,,
1205795,2019/20,2019-11-14,Lalbhai Contractor Stadium,1,5.6,Sikkim,Gujarat,Bibek Diyali,Ashish Thapa,Tejas Patel,1,0,,,,,,,,,
1205795,2019/20,2019-11-14,Lalbhai Contractor Stadium,1,6.1,Sikkim,Gujarat,Bibek Diyali,Ashish Thapa,AR Patel,0,0,,,,,,,,,
1205795,2019/20,2019-11-14,Lalbhai Contractor Stadium,1,6.2,Sikkim,Gujarat,Bibek Diyali,Ashish Thapa,AR Patel,1,0,,,,,,,,,
1205795,2019/20,2019-11-14,Lalbhai Contractor Stadium,1,6.3,Sikkim,Gujarat,Ashish Thapa,Bibek Diyali,AR Patel,1,0,,,,,,,,,
1205795,2019/20,2019-11-14,Lalbhai Contractor Stadium,1,6.4,Sikkim,Gujarat,Bibek Diyali,Ashish Thapa,AR Patel,0,0,,,,,,caught,Bibek Diyali,,
1205795,2019/20,2019-11-14,Lalbhai Contractor Stadium,1,6.5,Sikkim,Gujarat,Ashish Thapa,Yashpal Singh,AR Patel,1,0,,,,,,,,,
1205795,2019/20,2019-11-14,Lalbhai Contractor Stadium,1,6.6,Sikkim,Gujarat,Yashpal Singh,Ashish Thapa,AR Patel,0,0,,,,,,,,,
1205795,2019/20,2019-11-14,Lalbhai Contractor Stadium,1,7.1,Sikkim,Gujarat,Ashish Thapa,Yashpal Singh,PP Chawla,0,0,,,,,,,,,
1205795,2019/20,2019-11-14,Lalbhai Contractor Stadium,1,7.2,Sikkim,Gujarat,Ashish Thapa,Yashpal Singh,PP Chawla,0,0,,,,,,,,,
1205795,2019/20,2019-11-14,Lalbhai Contractor Stadium,1,7.3,Sikkim,Gujarat,Ashish Thapa,Yashpal Singh,PP Chawla,1,0,,,,,,,,,
1205795,2019/20,2019-11-14,Lalbhai Contractor Stadium,1,7.4,Sikkim,Gujarat,Yashpal Singh,Ashish Thapa,PP Chawla,0,0,,,,,,bowled,Yashpal Singh,,
1205795,2019/20,2019-11-14,Lalbhai Contractor Stadium,1,7.5,Sikkim,Gujarat,Iqbal Abdulla,Ashish Thapa,PP Chawla,0,0,,,,,,,,,
1205795,2019/20,2019-11-14,Lalbhai Contractor Stadium,1,7.6,Sikkim,Gujarat,Iqbal Abdulla,Ashish Thapa,PP Chawla,0,0,,,,,,,,,
1205795,2019/20,2019-11-14,Lalbhai Contractor Stadium,1,8.1,Sikkim,Gujarat,Ashish Thapa,Iqbal Abdulla,AR Patel,0,0,,,,,,,,,
1205795,2019/20,2019-11-14,Lalbhai Contractor Stadium,1,8.2,Sikkim,Gujarat,Ashish Thapa,Iqbal Abdulla,AR Patel,0,0,,,,,,lbw,Ashish Thapa,,
1205795,2019/20,2019-11-14,Lalbhai Contractor Stadium,1,8.3,Sikkim,Gujarat,Palzor Tamang,Iqbal Abdulla,AR Patel,0,0,,,,,,,,,
1205795,2019/20,2019-11-14,Lalbhai Contractor Stadium,1,8.4,Sikkim,Gujarat,Palzor Tamang,Iqbal Abdulla,AR Patel,0,0,,,,,,,,,
1205795,2019/20,2019-11-14,Lalbhai Contractor Stadium,1,8.5,Sikkim,Gujarat,Palzor Tamang,Iqbal Abdulla,AR Patel,0,0,,,,,,,,,
1205795,2019/20,2019-11-14,Lalbhai Contractor Stadium,1,8.6,Sikkim,Gujarat,Palzor Tamang,Iqbal Abdulla,AR Patel,0,0,,,,,,,,,
1205795,2019/20,2019-11-14,Lalbhai Contractor Stadium,1,9.1,Sikkim,Gujarat,Iqbal Abdulla,Palzor Tamang,PP Chawla,1,0,,,,,,,,,
1205795,2019/20,2019-11-14,Lalbhai Contractor Stadium,1,9.2,Sikkim,Gujarat,Palzor Tamang,Iqbal Abdulla,PP Chawla,0,0,,,,,,,,,
1205795,2019/20,2019-11-14,Lalbhai Contractor Stadium,1,9.3,Sikkim,Gujarat,Palzor Tamang,Iqbal Abdulla,PP Chawla,0,0,,,,,,,,,
1205795,2019/20,2019-11-14,Lalbhai Contractor Stadium,1,9.4,Sikkim,Gujarat,Palzor Tamang,Iqbal Abdulla,PP Chawla,0,0,,,,,,,,,
1205795,2019/20,2019-11-14,Lalbhai Contractor Stadium,1,9.5,Sikkim,Gujarat,Palzor Tamang,Iqbal Abdulla,PP Chawla,1,0,,,,,,,,,
1205795,2019/20,2019-11-14,Lalbhai Contractor Stadium,1,9.6,Sikkim,Gujarat,Iqbal Abdulla,Palzor Tamang,PP Chawla,1,0,,,,,,,,,
1205795,2019/20,2019-11-14,Lalbhai Contractor Stadium,1,10.1,Sikkim,Gujarat,Iqbal Abdulla,Palzor Tamang,AR Patel,0,0,,,,,,,,,
1205795,2019/20,2019-11-14,Lalbhai Contractor Stadium,1,10.2,Sikkim,Gujarat,Iqbal Abdulla,Palzor Tamang,AR Patel,1,0,,,,,,,,,
1205795,2019/20,2019-11-14,Lalbhai Contractor Stadium,1,10.3,Sikkim,Gujarat,Palzor Tamang,Iqbal Abdulla,AR Patel,1,0,,,,,,,,,
1205795,2019/20,2019-11-14,Lalbhai Contractor Stadium,1,10.4,Sikkim,Gujarat,Iqbal Abdulla,Palzor Tamang,AR Patel,4,0,,,,,,,,,
1205795,2019/20,2019-11-14,Lalbhai Contractor Stadium,1,10.5,Sikkim,Gujarat,Iqbal Abdulla,Palzor Tamang,AR Patel,2,0,,,,,,,,,
1205795,2019/20,2019-11-14,Lalbhai Contractor Stadium,1,10.6,Sikkim,Gujarat,Iqbal Abdulla,Palzor Tamang,AR Patel,1,0,,,,,,,,,
1205795,2019/20,2019-11-14,Lalbhai Contractor Stadium,1,11.1,Sikkim,Gujarat,Iqbal Abdulla,Palzor Tamang,PP Chawla,0,0,,,,,,stumped,Iqbal Abdulla,,
1205795,2019/20,2019-11-14,Lalbhai Contractor Stadium,1,11.2,Sikkim,Gujarat,Jahan Uddin,Palzor Tamang,PP Chawla,0,0,,,,,,,,,
1205795,2019/20,2019-11-14,Lalbhai Contractor Stadium,1,11.3,Sikkim,Gujarat,Jahan Uddin,Palzor Tamang,PP Chawla,0,0,,,,,,,,,
1205795,2019/20,2019-11-14,Lalbhai Contractor Stadium,1,11.4,Sikkim,Gujarat,Jahan Uddin,Palzor Tamang,PP Chawla,0,0,,,,,,,,,
1205795,2019/20,2019-11-14,Lalbhai Contractor Stadium,1,11.5,Sikkim,Gujarat,Jahan Uddin,Palzor Tamang,PP Chawla,0,0,,,,,,,,,
1205795,2019/20,2019-11-14,Lalbhai Contractor Stadium,1,11.6,Sikkim,Gujarat,Jahan Uddin,Palzor Tamang,PP Chawla,0,0,,,,,,,,,
1205795,2019/20,2019-11-14,Lalbhai Contractor Stadium,1,12.1,Sikkim,Gujarat,Palzor Tamang,Jahan Uddin,AR Patel,0,0,,,,,,,,,
1205795,2019/20,2019-11-14,Lalbhai Contractor Stadium,1,12.2,Sikkim,Gujarat,Palzor Tamang,Jahan Uddin,AR Patel,0,0,,,,,,,,,
1205795,2019/20,2019-11-14,Lalbhai Contractor Stadium,1,12.3,Sikkim,Gujarat,Palzor Tamang,Jahan Uddin,AR Patel,1,0,,,,,,,,,
1205795,2019/20,2019-11-14,Lalbhai Contractor Stadium,1,12.4,Sikkim,Gujarat,Jahan Uddin,Palzor Tamang,AR Patel,1,0,,,,,,,,,
1205795,2019/20,2019-11-14,Lalbhai Contractor Stadium,1,12.5,Sikkim,Gujarat,Palzor Tamang,Jahan Uddin,AR Patel,0,0,,,,,,,,,
1205795,2019/20,2019-11-14,Lalbhai Contractor Stadium,1,12.6,Sikkim,Gujarat,Palzor Tamang,Jahan Uddin,AR Patel,1,0,,,,,,,,,
1205795,2019/20,2019-11-14,Lalbhai Contractor Stadium,1,13.1,Sikkim,Gujarat,Palzor Tamang,Jahan Uddin,PP Chawla,0,0,,,,,,,,,
1205795,2019/20,2019-11-14,Lalbhai Contractor Stadium,1,13.2,Sikkim,Gujarat,Palzor Tamang,Jahan Uddin,PP Chawla,0,0,,,,,,,,,
1205795,2019/20,2019-11-14,Lalbhai Contractor Stadium,1,13.3,Sikkim,Gujarat,Palzor Tamang,Jahan Uddin,PP Chawla,0,0,,,,,,bowled,Palzor Tamang,,
1205795,2019/20,2019-11-14,Lalbhai Contractor Stadium,1,13.4,Sikkim,Gujarat,Karma Bhutia,Jahan Uddin,PP Chawla,0,0,,,,,,,,,
1205795,2019/20,2019-11-14,Lalbhai Contractor Stadium,1,13.5,Sikkim,Gujarat,Karma Bhutia,Jahan Uddin,PP Chawla,0,1,,,,1,,,,,
1205795,2019/20,2019-11-14,Lalbhai Contractor Stadium,1,13.6,Sikkim,Gujarat,Jahan Uddin,Karma Bhutia,PP Chawla,0,0,,,,,,,,,
1205795,2019/20,2019-11-14,Lalbhai Contractor Stadium,1,14.1,Sikkim,Gujarat,Karma Bhutia,Jahan Uddin,Roosh Kalaria,0,0,,,,,,,,,
1205795,2019/20,2019-11-14,Lalbhai Contractor Stadium,1,14.2,Sikkim,Gujarat,Karma Bhutia,Jahan Uddin,Roosh Kalaria,0,0,,,,,,,,,
1205795,2019/20,2019-11-14,Lalbhai Contractor Stadium,1,14.3,Sikkim,Gujarat,Karma Bhutia,Jahan Uddin,Roosh Kalaria,0,0,,,,,,,,,
1205795,2019/20,2019-11-14,Lalbhai Contractor Stadium,1,14.4,Sikkim,Gujarat,Karma Bhutia,Jahan Uddin,Roosh Kalaria,0,0,,,,,,,,,
1205795,2019/20,2019-11-14,Lalbhai Contractor Stadium,1,14.5,Sikkim,Gujarat,Karma Bhutia,Jahan Uddin,Roosh Kalaria,0,0,,,,,,,,,
1205795,2019/20,2019-11-14,Lalbhai Contractor Stadium,1,14.6,Sikkim,Gujarat,Karma Bhutia,Jahan Uddin,Roosh Kalaria,0,0,,,,,,,,,
1205795,2019/20,2019-11-14,Lalbhai Contractor Stadium,1,15.1,Sikkim,Gujarat,Jahan Uddin,Karma Bhutia,Tejas Patel,0,0,,,,,,bowled,Jahan Uddin,,
1205795,2019/20,2019-11-14,Lalbhai Contractor Stadium,1,15.2,Sikkim,Gujarat,Ishwar Chaudhary,Karma Bhutia,Tejas Patel,0,0,,,,,,,,,
1205795,2019/20,2019-11-14,Lalbhai Contractor Stadium,1,15.3,Sikkim,Gujarat,Ishwar Chaudhary,Karma Bhutia,Tejas Patel,1,0,,,,,,,,,
1205795,2019/20,2019-11-14,Lalbhai Contractor Stadium,1,15.4,Sikkim,Gujarat,Karma Bhutia,Ishwar Chaudhary,Tejas Patel,0,0,,,,,,,,,
1205795,2019/20,2019-11-14,Lalbhai Contractor Stadium,1,15.5,Sikkim,Gujarat,Karma Bhutia,Ishwar Chaudhary,Tejas Patel,0,0,,,,,,,,,
1205795,2019/20,2019-11-14,Lalbhai Contractor Stadium,1,15.6,Sikkim,Gujarat,Karma Bhutia,Ishwar Chaudhary,Tejas Patel,0,0,,,,,,,,,
1205795,2019/20,2019-11-14,Lalbhai Contractor Stadium,1,16.1,Sikkim,Gujarat,Ishwar Chaudhary,Karma Bhutia,Chintan Gaja,0,0,,,,,,caught and bowled,Ishwar Chaudhary,,
1205795,2019/20,2019-11-14,Lalbhai Contractor Stadium,1,16.2,Sikkim,Gujarat,Prabesh Gurung,Karma Bhutia,Chintan Gaja,0,0,,,,,,,,,
1205795,2019/20,2019-11-14,Lalbhai Contractor Stadium,1,16.3,Sikkim,Gujarat,Prabesh Gurung,Karma Bhutia,Chintan Gaja,0,0,,,,,,,,,
1205795,2019/20,2019-11-14,Lalbhai Contractor Stadium,1,16.4,Sikkim,Gujarat,Prabesh Gurung,Karma Bhutia,Chintan Gaja,1,0,,,,,,,,,
1205795,2019/20,2019-11-14,Lalbhai Contractor Stadium,1,16.5,Sikkim,Gujarat,Karma Bhutia,Prabesh Gurung,Chintan Gaja,1,0,,,,,,,,,
1205795,2019/20,2019-11-14,Lalbhai Contractor Stadium,1,16.6,Sikkim,Gujarat,Prabesh Gurung,Karma Bhutia,Chintan Gaja,1,0,,,,,,,,,
1205795,2019/20,2019-11-14,Lalbhai Contractor Stadium,1,17.1,Sikkim,Gujarat,Prabesh Gurung,Karma Bhutia,Tejas Patel,0,1,1,,,,,,,,
1205795,2019/20,2019-11-14,Lalbhai Contractor Stadium,1,17.2,Sikkim,Gujarat,Prabesh Gurung,Karma Bhutia,Tejas Patel,0,0,,,,,,,,,
1205795,2019/20,2019-11-14,Lalbhai Contractor Stadium,1,17.3,Sikkim,Gujarat,Prabesh Gurung,Karma Bhutia,Tejas Patel,0,0,,,,,,,,,
1205795,2019/20,2019-11-14,Lalbhai Contractor Stadium,1,17.4,Sikkim,Gujarat,Prabesh Gurung,Karma Bhutia,Tejas Patel,0,0,,,,,,,,,
1205795,2019/20,2019-11-14,Lalbhai Contractor Stadium,1,17.5,Sikkim,Gujarat,Prabesh Gurung,Karma Bhutia,Tejas Patel,1,0,,,,,,,,,
1205795,2019/20,2019-11-14,Lalbhai Contractor Stadium,1,17.6,Sikkim,Gujarat,Karma Bhutia,Prabesh Gurung,Tejas Patel,0,0,,,,,,bowled,Karma Bhutia,,
1205795,2019/20,2019-11-14,Lalbhai Contractor Stadium,1,18.1,Sikkim,Gujarat,Prabesh Gurung,Anil Subba,Chintan Gaja,0,0,,,,,,caught,Prabesh Gurung,,
1205795,2019/20,2019-11-14,Lalbhai Contractor Stadium,1,18.2,Sikkim,Gujarat,Pritam Nirala,Anil Subba,Chintan Gaja,0,0,,,,,,,,,
1205795,2019/20,2019-11-14,Lalbhai Contractor Stadium,1,18.3,Sikkim,Gujarat,Pritam Nirala,Anil Subba,Chintan Gaja,0,0,,,,,,,,,
1205795,2019/20,2019-11-14,Lalbhai Contractor Stadium,1,18.4,Sikkim,Gujarat,Pritam Nirala,Anil Subba,Chintan Gaja,1,0,,,,,,,,,
1205795,2019/20,2019-11-14,Lalbhai Contractor Stadium,1,18.5,Sikkim,Gujarat,Anil Subba,Pritam Nirala,Chintan Gaja,0,0,,,,,,,,,
1205795,2019/20,2019-11-14,Lalbhai Contractor Stadium,1,18.6,Sikkim,Gujarat,Anil Subba,Pritam Nirala,Chintan Gaja,0,0,,,,,,,,,
1205795,2019/20,2019-11-14,Lalbhai Contractor Stadium,1,19.1,Sikkim,Gujarat,Pritam Nirala,Anil Subba,Roosh Kalaria,0,0,,,,,,,,,
1205795,2019/20,2019-11-14,Lalbhai Contractor Stadium,1,19.2,Sikkim,Gujarat,Pritam Nirala,Anil Subba,Roosh Kalaria,2,0,,,,,,,,,
1205795,2019/20,2019-11-14,Lalbhai Contractor Stadium,1,19.3,Sikkim,Gujarat,Pritam Nirala,Anil Subba,Roosh Kalaria,0,0,,,,,,bowled,Pritam Nirala,,
1205795,2019/20,2019-11-14,Lalbhai Contractor Stadium,2,0.1,Gujarat,Sikkim,Priyank Panchal,Urvil Patel,Iqbal Abdulla,2,0,,,,,,,,,
1205795,2019/20,2019-11-14,Lalbhai Contractor Stadium,2,0.2,Gujarat,Sikkim,Priyank Panchal,Urvil Patel,Iqbal Abdulla,0,0,,,,,,,,,
1205795,2019/20,2019-11-14,Lalbhai Contractor Stadium,2,0.3,Gujarat,Sikkim,Priyank Panchal,Urvil Patel,Iqbal Abdulla,0,0,,,,,,,,,
1205795,2019/20,2019-11-14,Lalbhai Contractor Stadium,2,0.4,Gujarat,Sikkim,Priyank Panchal,Urvil Patel,Iqbal Abdulla,1,0,,,,,,,,,
1205795,2019/20,2019-11-14,Lalbhai Contractor Stadium,2,0.5,Gujarat,Sikkim,Urvil Patel,Priyank Panchal,Iqbal Abdulla,4,0,,,,,,,,,
1205795,2019/20,2019-11-14,Lalbhai Contractor Stadium,2,0.6,Gujarat,Sikkim,Urvil Patel,Priyank Panchal,Iqbal Abdulla,0,0,,,,,,,,,
1205795,2019/20,2019-11-14,Lalbhai Contractor Stadium,2,1.1,Gujarat,Sikkim,Priyank Panchal,Urvil Patel,Palzor Tamang,4,0,,,,,,,,,
1205795,2019/20,2019-11-14,Lalbhai Contractor Stadium,2,1.2,Gujarat,Sikkim,Priyank Panchal,Urvil Patel,Palzor Tamang,0,0,,,,,,,,,
1205795,2019/20,2019-11-14,Lalbhai Contractor Stadium,2,1.3,Gujarat,Sikkim,Priyank Panchal,Urvil Patel,Palzor Tamang,4,0,,,,,,,,,
1205795,2019/20,2019-11-14,Lalbhai Contractor Stadium,2,1.4,Gujarat,Sikkim,Priyank Panchal,Urvil Patel,Palzor Tamang,1,0,,,,,,,,,
1205795,2019/20,2019-11-14,Lalbhai Contractor Stadium,2,1.5,Gujarat,Sikkim,Urvil Patel,Priyank Panchal,Palzor Tamang,0,0,,,,,,,,,
1205795,2019/20,2019-11-14,Lalbhai Contractor Stadium,2,1.6,Gujarat,Sikkim,Urvil Patel,Priyank Panchal,Palzor Tamang,4,0,,,,,,,,,
1205795,2019/20,2019-11-14,Lalbhai Contractor Stadium,2,2.1,Gujarat,Sikkim,Priyank Panchal,Urvil Patel,Ishwar Chaudhary,1,0,,,,,,,,,
1205795,2019/20,2019-11-14,Lalbhai Contractor Stadium,2,2.2,Gujarat,Sikkim,Urvil Patel,Priyank Panchal,Ishwar Chaudhary,4,0,,,,,,,,,
1205795,2019/20,2019-11-14,Lalbhai Contractor Stadium,2,2.3,Gujarat,Sikkim,Urvil Patel,Priyank Panchal,Ishwar Chaudhary,4,0,,,,,,,,,
1205795,2019/20,2019-11-14,Lalbhai Contractor Stadium,2,2.4,Gujarat,Sikkim,Urvil Patel,Priyank Panchal,Ishwar Chaudhary,1,0,,,,,,,,,
1205795,2019/20,2019-11-14,Lalbhai Contractor Stadium,2,2.5,Gujarat,Sikkim,Priyank Panchal,Urvil Patel,Ishwar Chaudhary,0,0,,,,,,,,,
1205795,2019/20,2019-11-14,Lalbhai Contractor Stadium,2,2.6,Gujarat,Sikkim,Priyank Panchal,Urvil Patel,Ishwar Chaudhary,4,0,,,,,,,,,
1205795,2019/20,2019-11-14,Lalbhai Contractor Stadium,2,3.1,Gujarat,Sikkim,Urvil Patel,Priyank Panchal,Prabesh Gurung,0,1,1,,,,,,,,
1205795,2019/20,2019-11-14,Lalbhai Contractor Stadium,2,3.2,Gujarat,Sikkim,Urvil Patel,Priyank Panchal,Prabesh Gurung,0,0,,,,,,,,,
1205795,2019/20,2019-11-14,Lalbhai Contractor Stadium,2,3.3,Gujarat,Sikkim,Urvil Patel,Priyank Panchal,Prabesh Gurung,4,0,,,,,,,,,
1205795,2019/20,2019-11-14,Lalbhai Contractor Stadium,2,3.4,Gujarat,Sikkim,Urvil Patel,Priyank Panchal,Prabesh Gurung,4,0,,,,,,,,,
1205795,2019/20,2019-11-14,Lalbhai Contractor Stadium,2,3.5,Gujarat,Sikkim,Urvil Patel,Priyank Panchal,Prabesh Gurung,1,0,,,,,,,,,
1205795,2019/20,2019-11-14,Lalbhai Contractor Stadium,2,3.6,Gujarat,Sikkim,Priyank Panchal,Urvil Patel,Prabesh Gurung,3,0,,,,,,,,,
1205795,2019/20,2019-11-14,Lalbhai Contractor Stadium,2,3.7,Gujarat,Sikkim,Urvil Patel,Priyank Panchal,Prabesh Gurung,0,0,,,,,,caught,Urvil Patel,,
1205795,2019/20,2019-11-14,Lalbhai Contractor Stadium,2,4.1,Gujarat,Sikkim,RV Patel,Priyank Panchal,Anil Subba,1,0,,,,,,,,,
1205795,2019/20,2019-11-14,Lalbhai Contractor Stadium,2,4.2,Gujarat,Sikkim,Priyank Panchal,RV Patel,Anil Subba,2,0,,,,,,,,,
