match_id,season,start_date,venue,innings,ball,batting_team,bowling_team,striker,non_striker,bowler,runs_off_bat,extras,wides,noballs,byes,legbyes,penalty,wicket_type,player_dismissed,other_wicket_type,other_player_dismissed
1205797,2019/20,2019-11-14,Greenfield Stadium,1,0.1,Manipur,Tamil Nadu,P Prafullomani,B Rahman,G Periyaswamy,0,1,1,,,,,,,,
1205797,2019/20,2019-11-14,Greenfield Stadium,1,0.2,Manipur,Tamil Nadu,P Prafullomani,B Rahman,G Periyaswamy,4,0,,,,,,,,,
1205797,2019/20,2019-11-14,Greenfield Stadium,1,0.3,Manipur,Tamil Nadu,P Prafullomani,B Rahman,G Periyaswamy,0,0,,,,,,,,,
1205797,2019/20,2019-11-14,Greenfield Stadium,1,0.4,Manipur,Tamil Nadu,P Prafullomani,B Rahman,G Periyaswamy,1,0,,,,,,,,,
1205797,2019/20,2019-11-14,Greenfield Stadium,1,0.5,Manipur,Tamil Nadu,B Rahman,P Prafullomani,G Periyaswamy,0,0,,,,,,,,,
1205797,2019/20,2019-11-14,Greenfield Stadium,1,0.6,Manipur,Tamil Nadu,B Rahman,P Prafullomani,G Periyaswamy,0,0,,,,,,,,,
1205797,2019/20,2019-11-14,Greenfield Stadium,1,0.7,Manipur,Tamil Nadu,B Rahman,P Prafullomani,G Periyaswamy,0,0,,,,,,,,,
1205797,2019/20,2019-11-14,Greenfield Stadium,1,1.1,Manipur,Tamil Nadu,P Prafullomani,B Rahman,R Sai Kishore,0,0,,,,,,,,,
1205797,2019/20,2019-11-14,Greenfield Stadium,1,1.2,Manipur,Tamil Nadu,P Prafullomani,B Rahman,R Sai Kishore,1,0,,,,,,,,,
1205797,2019/20,2019-11-14,Greenfield Stadium,1,1.3,Manipur,Tamil Nadu,B Rahman,P Prafullomani,R Sai Kishore,0,1,,,,1,,,,,
1205797,2019/20,2019-11-14,Greenfield Stadium,1,1.4,Manipur,Tamil Nadu,P Prafullomani,B Rahman,R Sai Kishore,1,0,,,,,,,,,
1205797,2019/20,2019-11-14,Greenfield Stadium,1,1.5,Manipur,Tamil Nadu,B Rahman,P Prafullomani,R Sai Kishore,0,0,,,,,,,,,
1205797,2019/20,2019-11-14,Greenfield Stadium,1,1.6,Manipur,Tamil Nadu,B Rahman,P Prafullomani,R Sai Kishore,0,0,,,,,,,,,
1205797,2019/20,2019-11-14,Greenfield Stadium,1,2.1,Manipur,Tamil Nadu,P Prafullomani,B Rahman,T Natarajan,0,1,1,,,,,,,,
1205797,2019/20,2019-11-14,Greenfield Stadium,1,2.2,Manipur,Tamil Nadu,P Prafullomani,B Rahman,T Natarajan,0,0,,,,,,,,,
1205797,2019/20,2019-11-14,Greenfield Stadium,1,2.3,Manipur,Tamil Nadu,P Prafullomani,B Rahman,T Natarajan,0,0,,,,,,,,,
1205797,2019/20,2019-11-14,Greenfield Stadium,1,2.4,Manipur,Tamil Nadu,P Prafullomani,B Rahman,T Natarajan,0,0,,,,,,,,,
1205797,2019/20,2019-11-14,Greenfield Stadium,1,2.5,Manipur,Tamil Nadu,P Prafullomani,B Rahman,T Natarajan,0,0,,,,,,,,,
1205797,2019/20,2019-11-14,Greenfield Stadium,1,2.6,Manipur,Tamil Nadu,P Prafullomani,B Rahman,T Natarajan,0,0,,,,,,,,,
1205797,2019/20,2019-11-14,Greenfield Stadium,1,2.7,Manipur,Tamil Nadu,P Prafullomani,B Rahman,T Natarajan,0,0,,,,,,,,,
1205797,2019/20,2019-11-14,Greenfield Stadium,1,3.1,Manipur,Tamil Nadu,B Rahman,P Prafullomani,Washington Sundar,1,0,,,,,,,,,
1205797,2019/20,2019-11-14,Greenfield Stadium,1,3.2,Manipur,Tamil Nadu,P Prafullomani,B Rahman,Washington Sundar,1,0,,,,,,,,,
1205797,2019/20,2019-11-14,Greenfield Stadium,1,3.3,Manipur,Tamil Nadu,B Rahman,P Prafullomani,Washington Sundar,0,0,,,,,,,,,
1205797,2019/20,2019-11-14,Greenfield Stadium,1,3.4,Manipur,Tamil Nadu,B Rahman,P Prafullomani,Washington Sundar,1,0,,,,,,,,,
1205797,2019/20,2019-11-14,Greenfield Stadium,1,3.5,Manipur,Tamil Nadu,P Prafullomani,B Rahman,Washington Sundar,0,0,,,,,,,,,
1205797,2019/20,2019-11-14,Greenfield Stadium,1,3.6,Manipur,Tamil Nadu,P Prafullomani,B Rahman,Washington Sundar,0,0,,,,,,,,,
1205797,2019/20,2019-11-14,Greenfield Stadium,1,4.1,Manipur,Tamil Nadu,B Rahman,P Prafullomani,R Sai Kishore,0,1,1,,,,,,,,
1205797,2019/20,2019-11-14,Greenfield Stadium,1,4.2,Manipur,Tamil Nadu,B Rahman,P Prafullomani,R Sai Kishore,0,0,,,,,,,,,
1205797,2019/20,2019-11-14,Greenfield Stadium,1,4.3,Manipur,Tamil Nadu,B Rahman,P Prafullomani,R Sai Kishore,1,0,,,,,,,,,
1205797,2019/20,2019-11-14,Greenfield Stadium,1,4.4,Manipur,Tamil Nadu,P Prafullomani,B Rahman,R Sai Kishore,0,0,,,,,,,,,
1205797,2019/20,2019-11-14,Greenfield Stadium,1,4.5,Manipur,Tamil Nadu,P Prafullomani,B Rahman,R Sai Kishore,0,0,,,,,,caught,P Prafullomani,,
1205797,2019/20,2019-11-14,Greenfield Stadium,1,4.6,Manipur,Tamil Nadu,B Rahman,Al Bashid Muhammed,R Sai Kishore,0,0,,,,,,caught,B Rahman,,
1205797,2019/20,2019-11-14,Greenfield Stadium,1,4.7,Manipur,Tamil Nadu,Johnson Singh,Al Bashid Muhammed,R Sai Kishore,0,0,,,,,,,,,
1205797,2019/20,2019-11-14,Greenfield Stadium,1,5.1,Manipur,Tamil Nadu,Al Bashid Muhammed,Johnson Singh,T Natarajan,1,0,,,,,,,,,
1205797,2019/20,2019-11-14,Greenfield Stadium,1,5.2,Manipur,Tamil Nadu,Johnson Singh,Al Bashid Muhammed,T Natarajan,1,0,,,,,,,,,
1205797,2019/20,2019-11-14,Greenfield Stadium,1,5.3,Manipur,Tamil Nadu,Al Bashid Muhammed,Johnson Singh,T Natarajan,0,0,,,,,,,,,
1205797,2019/20,2019-11-14,Greenfield Stadium,1,5.4,Manipur,Tamil Nadu,Al Bashid Muhammed,Johnson Singh,T Natarajan,0,0,,,,,,,,,
1205797,2019/20,2019-11-14,Greenfield Stadium,1,5.5,Manipur,Tamil Nadu,Al Bashid Muhammed,Johnson Singh,T Natarajan,1,0,,,,,,,,,
1205797,2019/20,2019-11-14,Greenfield Stadium,1,5.6,Manipur,Tamil Nadu,Johnson Singh,Al Bashid Muhammed,T Natarajan,0,0,,,,,,,,,
1205797,2019/20,2019-11-14,Greenfield Stadium,1,6.1,Manipur,Tamil Nadu,Al Bashid Muhammed,Johnson Singh,R Sai Kishore,0,0,,,,,,,,,
1205797,2019/20,2019-11-14,Greenfield Stadium,1,6.2,Manipur,Tamil Nadu,Al Bashid Muhammed,Johnson Singh,R Sai Kishore,0,0,,,,,,,,,
1205797,2019/20,2019-11-14,Greenfield Stadium,1,6.3,Manipur,Tamil Nadu,Al Bashid Muhammed,Johnson Singh,R Sai Kishore,0,0,,,,,,,,,
1205797,2019/20,2019-11-14,Greenfield Stadium,1,6.4,Manipur,Tamil Nadu,Al Bashid Muhammed,Johnson Singh,R Sai Kishore,0,0,,,,,,,,,
1205797,2019/20,2019-11-14,Greenfield Stadium,1,6.5,Manipur,Tamil Nadu,Al Bashid Muhammed,Johnson Singh,R Sai Kishore,0,0,,,,,,,,,
1205797,2019/20,2019-11-14,Greenfield Stadium,1,6.6,Manipur,Tamil Nadu,Al Bashid Muhammed,Johnson Singh,R Sai Kishore,0,0,,,,,,,,,
1205797,2019/20,2019-11-14,Greenfield Stadium,1,7.1,Manipur,Tamil Nadu,Johnson Singh,Al Bashid Muhammed,M Ashwin,0,0,,,,,,,,,
1205797,2019/20,2019-11-14,Greenfield Stadium,1,7.2,Manipur,Tamil Nadu,Johnson Singh,Al Bashid Muhammed,M Ashwin,0,1,,,1,,,,,,
1205797,2019/20,2019-11-14,Greenfield Stadium,1,7.3,Manipur,Tamil Nadu,Al Bashid Muhammed,Johnson Singh,M Ashwin,0,0,,,,,,,,,
1205797,2019/20,2019-11-14,Greenfield Stadium,1,7.4,Manipur,Tamil Nadu,Al Bashid Muhammed,Johnson Singh,M Ashwin,0,0,,,,,,,,,
1205797,2019/20,2019-11-14,Greenfield Stadium,1,7.5,Manipur,Tamil Nadu,Al Bashid Muhammed,Johnson Singh,M Ashwin,0,0,,,,,,,,,
1205797,2019/20,2019-11-14,Greenfield Stadium,1,7.6,Manipur,Tamil Nadu,Al Bashid Muhammed,Johnson Singh,M Ashwin,0,0,,,,,,,,,
1205797,2019/20,2019-11-14,Greenfield Stadium,1,8.1,Manipur,Tamil Nadu,Johnson Singh,Al Bashid Muhammed,R Sai Kishore,0,0,,,,,,run out,Johnson Singh,,
1205797,2019/20,2019-11-14,Greenfield Stadium,1,8.2,Manipur,Tamil Nadu,Kangabam Singh,Al Bashid Muhammed,R Sai Kishore,0,0,,,,,,,,,
1205797,2019/20,2019-11-14,Greenfield Stadium,1,8.3,Manipur,Tamil Nadu,Kangabam Singh,Al Bashid Muhammed,R Sai Kishore,0,0,,,,,,,,,
1205797,2019/20,2019-11-14,Greenfield Stadium,1,8.4,Manipur,Tamil Nadu,Kangabam Singh,Al Bashid Muhammed,R Sai Kishore,1,0,,,,,,,,,
1205797,2019/20,2019-11-14,Greenfield Stadium,1,8.5,Manipur,Tamil Nadu,Al Bashid Muhammed,Kangabam Singh,R Sai Kishore,0,0,,,,,,,,,
1205797,2019/20,2019-11-14,Greenfield Stadium,1,8.6,Manipur,Tamil Nadu,Al Bashid Muhammed,Kangabam Singh,R Sai Kishore,1,0,,,,,,,,,
1205797,2019/20,2019-11-14,Greenfield Stadium,1,9.1,Manipur,Tamil Nadu,Al Bashid Muhammed,Kangabam Singh,M Ashwin,0,1,,,,1,,,,,
1205797,2019/20,2019-11-14,Greenfield Stadium,1,9.2,Manipur,Tamil Nadu,Kangabam Singh,Al Bashid Muhammed,M Ashwin,0,0,,,,,,,,,
1205797,2019/20,2019-11-14,Greenfield Stadium,1,9.3,Manipur,Tamil Nadu,Kangabam Singh,Al Bashid Muhammed,M Ashwin,1,0,,,,,,,,,
1205797,2019/20,2019-11-14,Greenfield Stadium,1,9.4,Manipur,Tamil Nadu,Al Bashid Muhammed,Kangabam Singh,M Ashwin,1,0,,,,,,,,,
1205797,2019/20,2019-11-14,Greenfield Stadium,1,9.5,Manipur,Tamil Nadu,Kangabam Singh,Al Bashid Muhammed,M Ashwin,2,0,,,,,,,,,
1205797,2019/20,2019-11-14,Greenfield Stadium,1,9.6,Manipur,Tamil Nadu,Kangabam Singh,Al Bashid Muhammed,M Ashwin,0,0,,,,,,,,,
1205797,2019/20,2019-11-14,Greenfield Stadium,1,10.1,Manipur,Tamil Nadu,Al Bashid Muhammed,Kangabam Singh,Washington Sundar,1,0,,,,,,,,,
1205797,2019/20,2019-11-14,Greenfield Stadium,1,10.2,Manipur,Tamil Nadu,Kangabam Singh,Al Bashid Muhammed,Washington Sundar,1,0,,,,,,,,,
1205797,2019/20,2019-11-14,Greenfield Stadium,1,10.3,Manipur,Tamil Nadu,Al Bashid Muhammed,Kangabam Singh,Washington Sundar,1,0,,,,,,,,,
1205797,2019/20,2019-11-14,Greenfield Stadium,1,10.4,Manipur,Tamil Nadu,Kangabam Singh,Al Bashid Muhammed,Washington Sundar,1,0,,,,,,,,,
1205797,2019/20,2019-11-14,Greenfield Stadium,1,10.5,Manipur,Tamil Nadu,Al Bashid Muhammed,Kangabam Singh,Washington Sundar,0,0,,,,,,,,,
1205797,2019/20,2019-11-14,Greenfield Stadium,1,10.6,Manipur,Tamil Nadu,Al Bashid Muhammed,Kangabam Singh,Washington Sundar,0,0,,,,,,,,,
1205797,2019/20,2019-11-14,Greenfield Stadium,1,11.1,Manipur,Tamil Nadu,Kangabam Singh,Al Bashid Muhammed,M Ashwin,1,0,,,,,,,,,
1205797,2019/20,2019-11-14,Greenfield Stadium,1,11.2,Manipur,Tamil Nadu,Al Bashid Muhammed,Kangabam Singh,M Ashwin,0,0,,,,,,,,,
1205797,2019/20,2019-11-14,Greenfield Stadium,1,11.3,Manipur,Tamil Nadu,Al Bashid Muhammed,Kangabam Singh,M Ashwin,0,0,,,,,,,,,
1205797,2019/20,2019-11-14,Greenfield Stadium,1,11.4,Manipur,Tamil Nadu,Al Bashid Muhammed,Kangabam Singh,M Ashwin,0,0,,,,,,caught,Al Bashid Muhammed,,
1205797,2019/20,2019-11-14,Greenfield Stadium,1,11.5,Manipur,Tamil Nadu,Sultan Karim,Kangabam Singh,M Ashwin,0,0,,,,,,,,,
1205797,2019/20,2019-11-14,Greenfield Stadium,1,11.6,Manipur,Tamil Nadu,Sultan Karim,Kangabam Singh,M Ashwin,0,0,,,,,,,,,
1205797,2019/20,2019-11-14,Greenfield Stadium,1,12.1,Manipur,Tamil Nadu,Kangabam Singh,Sultan Karim,Washington Sundar,0,1,,,,1,,,,,
1205797,2019/20,2019-11-14,Greenfield Stadium,1,12.2,Manipur,Tamil Nadu,Sultan Karim,Kangabam Singh,Washington Sundar,1,0,,,,,,,,,
1205797,2019/20,2019-11-14,Greenfield Stadium,1,12.3,Manipur,Tamil Nadu,Kangabam Singh,Sultan Karim,Washington Sundar,0,0,,,,,,,,,
1205797,2019/20,2019-11-14,Greenfield Stadium,1,12.4,Manipur,Tamil Nadu,Kangabam Singh,Sultan Karim,Washington Sundar,0,0,,,,,,,,,
1205797,2019/20,2019-11-14,Greenfield Stadium,1,12.5,Manipur,Tamil Nadu,Kangabam Singh,Sultan Karim,Washington Sundar,1,0,,,,,,,,,
1205797,2019/20,2019-11-14,Greenfield Stadium,1,12.6,Manipur,Tamil Nadu,Sultan Karim,Kangabam Singh,Washington Sundar,1,0,,,,,,,,,
1205797,2019/20,2019-11-14,Greenfield Stadium,1,13.1,Manipur,Tamil Nadu,Sultan Karim,Kangabam Singh,M Ashwin,1,0,,,,,,,,,
1205797,2019/20,2019-11-14,Greenfield Stadium,1,13.2,Manipur,Tamil Nadu,Kangabam Singh,Sultan Karim,M Ashwin,0,0,,,,,,,,,
1205797,2019/20,2019-11-14,Greenfield Stadium,1,13.3,Manipur,Tamil Nadu,Kangabam Singh,Sultan Karim,M Ashwin,0,0,,,,,,,,,
1205797,2019/20,2019-11-14,Greenfield Stadium,1,13.4,Manipur,Tamil Nadu,Kangabam Singh,Sultan Karim,M Ashwin,0,0,,,,,,stumped,Kangabam Singh,,
1205797,2019/20,2019-11-14,Greenfield Stadium,1,13.5,Manipur,Tamil Nadu,Nitesh Sedai,Sultan Karim,M Ashwin,0,0,,,,,,caught,Nitesh Sedai,,
1205797,2019/20,2019-11-14,Greenfield Stadium,1,13.6,Manipur,Tamil Nadu,Homendro Kabrambam,Sultan Karim,M Ashwin,2,0,,,,,,,,,
1205797,2019/20,2019-11-14,Greenfield Stadium,1,14.1,Manipur,Tamil Nadu,Sultan Karim,Homendro Kabrambam,Washington Sundar,1,0,,,,,,,,,
1205797,2019/20,2019-11-14,Greenfield Stadium,1,14.2,Manipur,Tamil Nadu,Homendro Kabrambam,Sultan Karim,Washington Sundar,0,0,,,,,,,,,
1205797,2019/20,2019-11-14,Greenfield Stadium,1,14.3,Manipur,Tamil Nadu,Homendro Kabrambam,Sultan Karim,Washington Sundar,0,0,,,,,,,,,
1205797,2019/20,2019-11-14,Greenfield Stadium,1,14.4,Manipur,Tamil Nadu,Homendro Kabrambam,Sultan Karim,Washington Sundar,1,0,,,,,,,,,
1205797,2019/20,2019-11-14,Greenfield Stadium,1,14.5,Manipur,Tamil Nadu,Sultan Karim,Homendro Kabrambam,Washington Sundar,0,0,,,,,,,,,
1205797,2019/20,2019-11-14,Greenfield Stadium,1,14.6,Manipur,Tamil Nadu,Sultan Karim,Homendro Kabrambam,Washington Sundar,1,0,,,,,,,,,
1205797,2019/20,2019-11-14,Greenfield Stadium,1,15.1,Manipur,Tamil Nadu,Sultan Karim,Homendro Kabrambam,G Periyaswamy,0,0,,,,,,,,,
1205797,2019/20,2019-11-14,Greenfield Stadium,1,15.2,Manipur,Tamil Nadu,Sultan Karim,Homendro Kabrambam,G Periyaswamy,1,0,,,,,,,,,
1205797,2019/20,2019-11-14,Greenfield Stadium,1,15.3,Manipur,Tamil Nadu,Homendro Kabrambam,Sultan Karim,G Periyaswamy,0,0,,,,,,,,,
1205797,2019/20,2019-11-14,Greenfield Stadium,1,15.4,Manipur,Tamil Nadu,Homendro Kabrambam,Sultan Karim,G Periyaswamy,4,0,,,,,,,,,
1205797,2019/20,2019-11-14,Greenfield Stadium,1,15.5,Manipur,Tamil Nadu,Homendro Kabrambam,Sultan Karim,G Periyaswamy,1,0,,,,,,,,,
1205797,2019/20,2019-11-14,Greenfield Stadium,1,15.6,Manipur,Tamil Nadu,Sultan Karim,Homendro Kabrambam,G Periyaswamy,0,0,,,,,,,,,
1205797,2019/20,2019-11-14,Greenfield Stadium,1,16.1,Manipur,Tamil Nadu,Homendro Kabrambam,Sultan Karim,T Natarajan,1,0,,,,,,,,,
1205797,2019/20,2019-11-14,Greenfield Stadium,1,16.2,Manipur,Tamil Nadu,Sultan Karim,Homendro Kabrambam,T Natarajan,0,0,,,,,,,,,
1205797,2019/20,2019-11-14,Greenfield Stadium,1,16.3,Manipur,Tamil Nadu,Sultan Karim,Homendro Kabrambam,T Natarajan,1,0,,,,,,,,,
1205797,2019/20,2019-11-14,Greenfield Stadium,1,16.4,Manipur,Tamil Nadu,Homendro Kabrambam,Sultan Karim,T Natarajan,0,0,,,,,,caught,Homendro Kabrambam,,
1205797,2019/20,2019-11-14,Greenfield Stadium,1,16.5,Manipur,Tamil Nadu,Sultan Karim,Somorjit Salam,T Natarajan,1,0,,,,,,,,,
1205797,2019/20,2019-11-14,Greenfield Stadium,1,16.6,Manipur,Tamil Nadu,Somorjit Salam,Sultan Karim,T Natarajan,0,0,,,,,,bowled,Somorjit Salam,,
1205797,2019/20,2019-11-14,Greenfield Stadium,1,17.1,Manipur,Tamil Nadu,Sultan Karim,Thomas Moirangthem,G Periyaswamy,0,0,,,,,,bowled,Sultan Karim,,
1205797,2019/20,2019-11-14,Greenfield Stadium,1,17.2,Manipur,Tamil Nadu,Bishworjit Konthoujam,Thomas Moirangthem,G Periyaswamy,1,0,,,,,,,,,
1205797,2019/20,2019-11-14,Greenfield Stadium,1,17.3,Manipur,Tamil Nadu,Thomas Moirangthem,Bishworjit Konthoujam,G Periyaswamy,1,0,,,,,,,,,
1205797,2019/20,2019-11-14,Greenfield Stadium,1,17.4,Manipur,Tamil Nadu,Bishworjit Konthoujam,Thomas Moirangthem,G Periyaswamy,1,0,,,,,,,,,
1205797,2019/20,2019-11-14,Greenfield Stadium,1,17.5,Manipur,Tamil Nadu,Thomas Moirangthem,Bishworjit Konthoujam,G Periyaswamy,1,0,,,,,,,,,
1205797,2019/20,2019-11-14,Greenfield Stadium,1,17.6,Manipur,Tamil Nadu,Bishworjit Konthoujam,Thomas Moirangthem,G Periyaswamy,0,0,,,,,,,,,
1205797,2019/20,2019-11-14,Greenfield Stadium,1,18.1,Manipur,Tamil Nadu,Thomas Moirangthem,Bishworjit Konthoujam,T Natarajan,0,0,,,,,,,,,
1205797,2019/20,2019-11-14,Greenfield Stadium,1,18.2,Manipur,Tamil Nadu,Thomas Moirangthem,Bishworjit Konthoujam,T Natarajan,0,1,,,,1,,,,,
1205797,2019/20,2019-11-14,Greenfield Stadium,1,18.3,Manipur,Tamil Nadu,Bishworjit Konthoujam,Thomas Moirangthem,T Natarajan,0,0,,,,,,,,,
1205797,2019/20,2019-11-14,Greenfield Stadium,1,18.4,Manipur,Tamil Nadu,Bishworjit Konthoujam,Thomas Moirangthem,T Natarajan,0,0,,,,,,lbw,Bishworjit Konthoujam,,
1205797,2019/20,2019-11-14,Greenfield Stadium,2,0.1,Tamil Nadu,Manipur,M Vijay,Washington Sundar,Homendro Kabrambam,0,0,,,,,,,,,
1205797,2019/20,2019-11-14,Greenfield Stadium,2,0.2,Tamil Nadu,Manipur,M Vijay,Washington Sundar,Homendro Kabrambam,4,0,,,,,,,,,
1205797,2019/20,2019-11-14,Greenfield Stadium,2,0.3,Tamil Nadu,Manipur,M Vijay,Washington Sundar,Homendro Kabrambam,0,0,,,,,,,,,
1205797,2019/20,2019-11-14,Greenfield Stadium,2,0.4,Tamil Nadu,Manipur,M Vijay,Washington Sundar,Homendro Kabrambam,4,0,,,,,,,,,
1205797,2019/20,2019-11-14,Greenfield Stadium,2,0.5,Tamil Nadu,Manipur,M Vijay,Washington Sundar,Homendro Kabrambam,6,0,,,,,,,,,
1205797,2019/20,2019-11-14,Greenfield Stadium,2,0.6,Tamil Nadu,Manipur,M Vijay,Washington Sundar,Homendro Kabrambam,0,1,1,,,,,,,,
1205797,2019/20,2019-11-14,Greenfield Stadium,2,0.7,Tamil Nadu,Manipur,M Vijay,Washington Sundar,Homendro Kabrambam,1,0,,,,,,,,,
1205797,2019/20,2019-11-14,Greenfield Stadium,2,1.1,Tamil Nadu,Manipur,M Vijay,Washington Sundar,Thomas Moirangthem,0,0,,,,,,,,,
1205797,2019/20,2019-11-14,Greenfield Stadium,2,1.2,Tamil Nadu,Manipur,M Vijay,Washington Sundar,Thomas Moirangthem,6,0,,,,,,,,,
1205797,2019/20,2019-11-14,Greenfield Stadium,2,1.3,Tamil Nadu,Manipur,M Vijay,Washington Sundar,Thomas Moirangthem,0,0,,,,,,,,,
1205797,2019/20,2019-11-14,Greenfield Stadium,2,1.4,Tamil Nadu,Manipur,M Vijay,Washington Sundar,Thomas Moirangthem,6,0,,,,,,,,,
1205797,2019/20,2019-11-14,Greenfield Stadium,2,1.5,Tamil Nadu,Manipur,M Vijay,Washington Sundar,Thomas Moirangthem,1,0,,,,,,,,,
1205797,2019/20,2019-11-14,Greenfield Stadium,2,1.6,Tamil Nadu,Manipur,Washington Sundar,M Vijay,Thomas Moirangthem,0,0,,,,,,,,,
1205797,2019/20,2019-11-14,Greenfield Stadium,2,2.1,Tamil Nadu,Manipur,M Vijay,Washington Sundar,Somorjit Salam,4,0,,,,,,,,,
1205797,2019/20,2019-11-14,Greenfield Stadium,2,2.2,Tamil Nadu,Manipur,M Vijay,Washington Sundar,Somorjit Salam,1,0,,,,,,,,,
1205797,2019/20,2019-11-14,Greenfield Stadium,2,2.3,Tamil Nadu,Manipur,Washington Sundar,M Vijay,Somorjit Salam,0,0,,,,,,,,,
1205797,2019/20,2019-11-14,Greenfield Stadium,2,2.4,Tamil Nadu,Manipur,Washington Sundar,M Vijay,Somorjit Salam,0,0,,,,,,,,,
1205797,2019/20,2019-11-14,Greenfield Stadium,2,2.5,Tamil Nadu,Manipur,Washington Sundar,M Vijay,Somorjit Salam,1,0,,,,,,,,,
1205797,2019/20,2019-11-14,Greenfield Stadium,2,2.6,Tamil Nadu,Manipur,M Vijay,Washington Sundar,Somorjit Salam,0,0,,,,,,,,,
1205797,2019/20,2019-11-14,Greenfield Stadium,2,3.1,Tamil Nadu,Manipur,Washington Sundar,M Vijay,Bishworjit Konthoujam,0,1,1,,,,,,,,
1205797,2019/20,2019-11-14,Greenfield Stadium,2,3.2,Tamil Nadu,Manipur,Washington Sundar,M Vijay,Bishworjit Konthoujam,0,0,,,,,,,,,
1205797,2019/20,2019-11-14,Greenfield Stadium,2,3.3,Tamil Nadu,Manipur,Washington Sundar,M Vijay,Bishworjit Konthoujam,0,4,,,,4,,,,,
1205797,2019/20,2019-11-14,Greenfield Stadium,2,3.4,Tamil Nadu,Manipur,Washington Sundar,M Vijay,Bishworjit Konthoujam,4,0,,,,,,,,,
1205797,2019/20,2019-11-14,Greenfield Stadium,2,3.5,Tamil Nadu,Manipur,Washington Sundar,M Vijay,Bishworjit Konthoujam,6,0,,,,,,,,,
1205797,2019/20,2019-11-14,Greenfield Stadium,2,3.6,Tamil Nadu,Manipur,Washington Sundar,M Vijay,Bishworjit Konthoujam,0,0,,,,,,run out,M Vijay,,
1205797,2019/20,2019-11-14,Greenfield Stadium,2,3.7,Tamil Nadu,Manipur,M Mohammed,Washington Sundar,Bishworjit Konthoujam,4,0,,,,,,,,,
1205797,2019/20,2019-11-14,Greenfield Stadium,2,4.1,Tamil Nadu,Manipur,Washington Sundar,M Mohammed,Somorjit Salam,4,0,,,,,,,,,
