match_id,season,start_date,venue,innings,ball,batting_team,bowling_team,striker,non_striker,bowler,runs_off_bat,extras,wides,noballs,byes,legbyes,penalty,wicket_type,player_dismissed,other_wicket_type,other_player_dismissed
1205747,2019/20,2019-11-09,Wankhede Stadium,1,0.1,Haryana,Mumbai,Shivam Chauhan,HV Patel,SZ Mulani,0,0,,,,,,,,,
1205747,2019/20,2019-11-09,Wankhede Stadium,1,0.2,Haryana,Mumbai,Shivam Chauhan,HV Patel,SZ Mulani,4,0,,,,,,,,,
1205747,2019/20,2019-11-09,Wankhede Stadium,1,0.3,Haryana,Mumbai,Shivam Chauhan,HV Patel,SZ Mulani,0,0,,,,,,,,,
1205747,2019/20,2019-11-09,Wankhede Stadium,1,0.4,Haryana,Mumbai,Shivam Chauhan,HV Patel,SZ Mulani,1,0,,,,,,,,,
1205747,2019/20,2019-11-09,Wankhede Stadium,1,0.5,Haryana,Mumbai,HV Patel,Shivam Chauhan,SZ Mulani,0,0,,,,,,,,,
1205747,2019/20,2019-11-09,Wankhede Stadium,1,0.6,Haryana,Mumbai,HV Patel,Shivam Chauhan,SZ Mulani,0,0,,,,,,,,,
1205747,2019/20,2019-11-09,Wankhede Stadium,1,1.1,Haryana,Mumbai,Shivam Chauhan,HV Patel,DS Kulkarni,0,0,,,,,,,,,
1205747,2019/20,2019-11-09,Wankhede Stadium,1,1.2,Haryana,Mumbai,Shivam Chauhan,HV Patel,DS Kulkarni,0,0,,,,,,,,,
1205747,2019/20,2019-11-09,Wankhede Stadium,1,1.3,Haryana,Mumbai,Shivam Chauhan,HV Patel,DS Kulkarni,0,0,,,,,,,,,
1205747,2019/20,2019-11-09,Wankhede Stadium,1,1.4,Haryana,Mumbai,Shivam Chauhan,HV Patel,DS Kulkarni,0,0,,,,,,,,,
1205747,2019/20,2019-11-09,Wankhede Stadium,1,1.5,Haryana,Mumbai,Shivam Chauhan,HV Patel,DS Kulkarni,1,0,,,,,,,,,
1205747,2019/20,2019-11-09,Wankhede Stadium,1,1.6,Haryana,Mumbai,HV Patel,Shivam Chauhan,DS Kulkarni,0,0,,,,,,,,,
1205747,2019/20,2019-11-09,Wankhede Stadium,1,2.1,Haryana,Mumbai,Shivam Chauhan,HV Patel,Dhrumil Matkar,4,0,,,,,,,,,
1205747,2019/20,2019-11-09,Wankhede Stadium,1,2.2,Haryana,Mumbai,Shivam Chauhan,HV Patel,Dhrumil Matkar,0,1,,,,1,,,,,
1205747,2019/20,2019-11-09,Wankhede Stadium,1,2.3,Haryana,Mumbai,HV Patel,Shivam Chauhan,Dhrumil Matkar,1,0,,,,,,,,,
1205747,2019/20,2019-11-09,Wankhede Stadium,1,2.4,Haryana,Mumbai,Shivam Chauhan,HV Patel,Dhrumil Matkar,0,0,,,,,,,,,
1205747,2019/20,2019-11-09,Wankhede Stadium,1,2.5,Haryana,Mumbai,Shivam Chauhan,HV Patel,Dhrumil Matkar,1,0,,,,,,,,,
1205747,2019/20,2019-11-09,Wankhede Stadium,1,2.6,Haryana,Mumbai,HV Patel,Shivam Chauhan,Dhrumil Matkar,0,0,,,,,,,,,
1205747,2019/20,2019-11-09,Wankhede Stadium,1,3.1,Haryana,Mumbai,Shivam Chauhan,HV Patel,DS Kulkarni,0,0,,,,,,,,,
1205747,2019/20,2019-11-09,Wankhede Stadium,1,3.2,Haryana,Mumbai,Shivam Chauhan,HV Patel,DS Kulkarni,0,0,,,,,,,,,
1205747,2019/20,2019-11-09,Wankhede Stadium,1,3.3,Haryana,Mumbai,Shivam Chauhan,HV Patel,DS Kulkarni,6,0,,,,,,,,,
1205747,2019/20,2019-11-09,Wankhede Stadium,1,3.4,Haryana,Mumbai,Shivam Chauhan,HV Patel,DS Kulkarni,0,0,,,,,,,,,
1205747,2019/20,2019-11-09,Wankhede Stadium,1,3.5,Haryana,Mumbai,Shivam Chauhan,HV Patel,DS Kulkarni,0,4,,,4,,,,,,
1205747,2019/20,2019-11-09,Wankhede Stadium,1,3.6,Haryana,Mumbai,Shivam Chauhan,HV Patel,DS Kulkarni,0,0,,,,,,,,,
1205747,2019/20,2019-11-09,Wankhede Stadium,1,4.1,Haryana,Mumbai,HV Patel,Shivam Chauhan,TU Deshpande,1,0,,,,,,,,,
1205747,2019/20,2019-11-09,Wankhede Stadium,1,4.2,Haryana,Mumbai,Shivam Chauhan,HV Patel,TU Deshpande,0,0,,,,,,,,,
1205747,2019/20,2019-11-09,Wankhede Stadium,1,4.3,Haryana,Mumbai,Shivam Chauhan,HV Patel,TU Deshpande,1,0,,,,,,,,,
1205747,2019/20,2019-11-09,Wankhede Stadium,1,4.4,Haryana,Mumbai,HV Patel,Shivam Chauhan,TU Deshpande,0,0,,,,,,,,,
1205747,2019/20,2019-11-09,Wankhede Stadium,1,4.5,Haryana,Mumbai,HV Patel,Shivam Chauhan,TU Deshpande,0,0,,,,,,,,,
1205747,2019/20,2019-11-09,Wankhede Stadium,1,4.6,Haryana,Mumbai,HV Patel,Shivam Chauhan,TU Deshpande,1,0,,,,,,,,,
1205747,2019/20,2019-11-09,Wankhede Stadium,1,5.1,Haryana,Mumbai,HV Patel,Shivam Chauhan,SZ Mulani,0,0,,,,,,,,,
1205747,2019/20,2019-11-09,Wankhede Stadium,1,5.2,Haryana,Mumbai,HV Patel,Shivam Chauhan,SZ Mulani,4,0,,,,,,,,,
1205747,2019/20,2019-11-09,Wankhede Stadium,1,5.3,Haryana,Mumbai,HV Patel,Shivam Chauhan,SZ Mulani,1,0,,,,,,,,,
1205747,2019/20,2019-11-09,Wankhede Stadium,1,5.4,Haryana,Mumbai,Shivam Chauhan,HV Patel,SZ Mulani,2,0,,,,,,,,,
1205747,2019/20,2019-11-09,Wankhede Stadium,1,5.5,Haryana,Mumbai,Shivam Chauhan,HV Patel,SZ Mulani,0,1,,,,1,,,,,
1205747,2019/20,2019-11-09,Wankhede Stadium,1,5.6,Haryana,Mumbai,HV Patel,Shivam Chauhan,SZ Mulani,0,1,1,,,,,,,,
1205747,2019/20,2019-11-09,Wankhede Stadium,1,5.7,Haryana,Mumbai,HV Patel,Shivam Chauhan,SZ Mulani,1,0,,,,,,,,,
1205747,2019/20,2019-11-09,Wankhede Stadium,1,6.1,Haryana,Mumbai,HV Patel,Shivam Chauhan,Dhrumil Matkar,6,0,,,,,,,,,
1205747,2019/20,2019-11-09,Wankhede Stadium,1,6.2,Haryana,Mumbai,HV Patel,Shivam Chauhan,Dhrumil Matkar,0,1,1,,,,,,,,
1205747,2019/20,2019-11-09,Wankhede Stadium,1,6.3,Haryana,Mumbai,HV Patel,Shivam Chauhan,Dhrumil Matkar,0,0,,,,,,,,,
1205747,2019/20,2019-11-09,Wankhede Stadium,1,6.4,Haryana,Mumbai,HV Patel,Shivam Chauhan,Dhrumil Matkar,6,0,,,,,,,,,
1205747,2019/20,2019-11-09,Wankhede Stadium,1,6.5,Haryana,Mumbai,HV Patel,Shivam Chauhan,Dhrumil Matkar,0,0,,,,,,,,,
1205747,2019/20,2019-11-09,Wankhede Stadium,1,6.6,Haryana,Mumbai,HV Patel,Shivam Chauhan,Dhrumil Matkar,1,0,,,,,,,,,
1205747,2019/20,2019-11-09,Wankhede Stadium,1,6.7,Haryana,Mumbai,Shivam Chauhan,HV Patel,Dhrumil Matkar,1,0,,,,,,,,,
1205747,2019/20,2019-11-09,Wankhede Stadium,1,7.1,Haryana,Mumbai,Shivam Chauhan,HV Patel,Shubham Ranjane,1,0,,,,,,,,,
1205747,2019/20,2019-11-09,Wankhede Stadium,1,7.2,Haryana,Mumbai,HV Patel,Shivam Chauhan,Shubham Ranjane,1,0,,,,,,,,,
1205747,2019/20,2019-11-09,Wankhede Stadium,1,7.3,Haryana,Mumbai,Shivam Chauhan,HV Patel,Shubham Ranjane,1,0,,,,,,,,,
1205747,2019/20,2019-11-09,Wankhede Stadium,1,7.4,Haryana,Mumbai,HV Patel,Shivam Chauhan,Shubham Ranjane,1,0,,,,,,,,,
1205747,2019/20,2019-11-09,Wankhede Stadium,1,7.5,Haryana,Mumbai,Shivam Chauhan,HV Patel,Shubham Ranjane,1,0,,,,,,,,,
1205747,2019/20,2019-11-09,Wankhede Stadium,1,7.6,Haryana,Mumbai,HV Patel,Shivam Chauhan,Shubham Ranjane,1,0,,,,,,,,,
1205747,2019/20,2019-11-09,Wankhede Stadium,1,8.1,Haryana,Mumbai,HV Patel,Shivam Chauhan,TU Deshpande,0,0,,,,,,,,,
1205747,2019/20,2019-11-09,Wankhede Stadium,1,8.2,Haryana,Mumbai,HV Patel,Shivam Chauhan,TU Deshpande,4,0,,,,,,,,,
1205747,2019/20,2019-11-09,Wankhede Stadium,1,8.3,Haryana,Mumbai,HV Patel,Shivam Chauhan,TU Deshpande,1,0,,,,,,,,,
1205747,2019/20,2019-11-09,Wankhede Stadium,1,8.4,Haryana,Mumbai,Shivam Chauhan,HV Patel,TU Deshpande,4,0,,,,,,,,,
1205747,2019/20,2019-11-09,Wankhede Stadium,1,8.5,Haryana,Mumbai,Shivam Chauhan,HV Patel,TU Deshpande,0,0,,,,,,caught,Shivam Chauhan,,
1205747,2019/20,2019-11-09,Wankhede Stadium,1,8.6,Haryana,Mumbai,HV Patel,Chaitanya Bishnoi,TU Deshpande,1,0,,,,,,,,,
1205747,2019/20,2019-11-09,Wankhede Stadium,1,9.1,Haryana,Mumbai,HV Patel,Chaitanya Bishnoi,Shubham Ranjane,2,0,,,,,,,,,
1205747,2019/20,2019-11-09,Wankhede Stadium,1,9.2,Haryana,Mumbai,HV Patel,Chaitanya Bishnoi,Shubham Ranjane,0,0,,,,,,caught,HV Patel,,
1205747,2019/20,2019-11-09,Wankhede Stadium,1,9.3,Haryana,Mumbai,Himanshu Rana,Chaitanya Bishnoi,Shubham Ranjane,0,0,,,,,,,,,
1205747,2019/20,2019-11-09,Wankhede Stadium,1,9.4,Haryana,Mumbai,Himanshu Rana,Chaitanya Bishnoi,Shubham Ranjane,0,0,,,,,,,,,
1205747,2019/20,2019-11-09,Wankhede Stadium,1,9.5,Haryana,Mumbai,Himanshu Rana,Chaitanya Bishnoi,Shubham Ranjane,1,0,,,,,,,,,
1205747,2019/20,2019-11-09,Wankhede Stadium,1,9.6,Haryana,Mumbai,Chaitanya Bishnoi,Himanshu Rana,Shubham Ranjane,0,0,,,,,,,,,
1205747,2019/20,2019-11-09,Wankhede Stadium,1,10.1,Haryana,Mumbai,Himanshu Rana,Chaitanya Bishnoi,Dhrumil Matkar,4,0,,,,,,,,,
1205747,2019/20,2019-11-09,Wankhede Stadium,1,10.2,Haryana,Mumbai,Himanshu Rana,Chaitanya Bishnoi,Dhrumil Matkar,0,0,,,,,,,,,
1205747,2019/20,2019-11-09,Wankhede Stadium,1,10.3,Haryana,Mumbai,Himanshu Rana,Chaitanya Bishnoi,Dhrumil Matkar,1,0,,,,,,,,,
1205747,2019/20,2019-11-09,Wankhede Stadium,1,10.4,Haryana,Mumbai,Chaitanya Bishnoi,Himanshu Rana,Dhrumil Matkar,2,0,,,,,,,,,
1205747,2019/20,2019-11-09,Wankhede Stadium,1,10.5,Haryana,Mumbai,Chaitanya Bishnoi,Himanshu Rana,Dhrumil Matkar,1,0,,,,,,,,,
1205747,2019/20,2019-11-09,Wankhede Stadium,1,10.6,Haryana,Mumbai,Himanshu Rana,Chaitanya Bishnoi,Dhrumil Matkar,0,0,,,,,,lbw,Himanshu Rana,,
1205747,2019/20,2019-11-09,Wankhede Stadium,1,11.1,Haryana,Mumbai,Chaitanya Bishnoi,Sumit Kumar,Shubham Ranjane,1,0,,,,,,,,,
1205747,2019/20,2019-11-09,Wankhede Stadium,1,11.2,Haryana,Mumbai,Sumit Kumar,Chaitanya Bishnoi,Shubham Ranjane,1,0,,,,,,,,,
1205747,2019/20,2019-11-09,Wankhede Stadium,1,11.3,Haryana,Mumbai,Chaitanya Bishnoi,Sumit Kumar,Shubham Ranjane,1,0,,,,,,,,,
1205747,2019/20,2019-11-09,Wankhede Stadium,1,11.4,Haryana,Mumbai,Sumit Kumar,Chaitanya Bishnoi,Shubham Ranjane,0,0,,,,,,,,,
1205747,2019/20,2019-11-09,Wankhede Stadium,1,11.5,Haryana,Mumbai,Sumit Kumar,Chaitanya Bishnoi,Shubham Ranjane,0,0,,,,,,,,,
1205747,2019/20,2019-11-09,Wankhede Stadium,1,11.6,Haryana,Mumbai,Sumit Kumar,Chaitanya Bishnoi,Shubham Ranjane,0,0,,,,,,,,,
1205747,2019/20,2019-11-09,Wankhede Stadium,1,12.1,Haryana,Mumbai,Chaitanya Bishnoi,Sumit Kumar,SZ Mulani,1,0,,,,,,,,,
1205747,2019/20,2019-11-09,Wankhede Stadium,1,12.2,Haryana,Mumbai,Sumit Kumar,Chaitanya Bishnoi,SZ Mulani,1,0,,,,,,,,,
1205747,2019/20,2019-11-09,Wankhede Stadium,1,12.3,Haryana,Mumbai,Chaitanya Bishnoi,Sumit Kumar,SZ Mulani,0,0,,,,,,,,,
1205747,2019/20,2019-11-09,Wankhede Stadium,1,12.4,Haryana,Mumbai,Chaitanya Bishnoi,Sumit Kumar,SZ Mulani,4,0,,,,,,,,,
1205747,2019/20,2019-11-09,Wankhede Stadium,1,12.5,Haryana,Mumbai,Chaitanya Bishnoi,Sumit Kumar,SZ Mulani,1,0,,,,,,,,,
1205747,2019/20,2019-11-09,Wankhede Stadium,1,12.6,Haryana,Mumbai,Sumit Kumar,Chaitanya Bishnoi,SZ Mulani,6,0,,,,,,,,,
1205747,2019/20,2019-11-09,Wankhede Stadium,1,13.1,Haryana,Mumbai,Chaitanya Bishnoi,Sumit Kumar,Shubham Ranjane,1,0,,,,,,,,,
1205747,2019/20,2019-11-09,Wankhede Stadium,1,13.2,Haryana,Mumbai,Sumit Kumar,Chaitanya Bishnoi,Shubham Ranjane,1,0,,,,,,,,,
1205747,2019/20,2019-11-09,Wankhede Stadium,1,13.3,Haryana,Mumbai,Chaitanya Bishnoi,Sumit Kumar,Shubham Ranjane,1,0,,,,,,,,,
1205747,2019/20,2019-11-09,Wankhede Stadium,1,13.4,Haryana,Mumbai,Sumit Kumar,Chaitanya Bishnoi,Shubham Ranjane,1,0,,,,,,,,,
1205747,2019/20,2019-11-09,Wankhede Stadium,1,13.5,Haryana,Mumbai,Chaitanya Bishnoi,Sumit Kumar,Shubham Ranjane,0,0,,,,,,,,,
1205747,2019/20,2019-11-09,Wankhede Stadium,1,13.6,Haryana,Mumbai,Chaitanya Bishnoi,Sumit Kumar,Shubham Ranjane,1,0,,,,,,,,,
1205747,2019/20,2019-11-09,Wankhede Stadium,1,14.1,Haryana,Mumbai,Chaitanya Bishnoi,Sumit Kumar,SZ Mulani,0,0,,,,,,,,,
1205747,2019/20,2019-11-09,Wankhede Stadium,1,14.2,Haryana,Mumbai,Chaitanya Bishnoi,Sumit Kumar,SZ Mulani,0,0,,,,,,,,,
1205747,2019/20,2019-11-09,Wankhede Stadium,1,14.3,Haryana,Mumbai,Chaitanya Bishnoi,Sumit Kumar,SZ Mulani,1,0,,,,,,,,,
1205747,2019/20,2019-11-09,Wankhede Stadium,1,14.4,Haryana,Mumbai,Sumit Kumar,Chaitanya Bishnoi,SZ Mulani,1,0,,,,,,,,,
1205747,2019/20,2019-11-09,Wankhede Stadium,1,14.5,Haryana,Mumbai,Chaitanya Bishnoi,Sumit Kumar,SZ Mulani,1,0,,,,,,,,,
1205747,2019/20,2019-11-09,Wankhede Stadium,1,14.6,Haryana,Mumbai,Sumit Kumar,Chaitanya Bishnoi,SZ Mulani,0,0,,,,,,,,,
1205747,2019/20,2019-11-09,Wankhede Stadium,1,15.1,Haryana,Mumbai,Chaitanya Bishnoi,Sumit Kumar,DS Kulkarni,6,0,,,,,,,,,
1205747,2019/20,2019-11-09,Wankhede Stadium,1,15.2,Haryana,Mumbai,Chaitanya Bishnoi,Sumit Kumar,DS Kulkarni,1,0,,,,,,,,,
1205747,2019/20,2019-11-09,Wankhede Stadium,1,15.3,Haryana,Mumbai,Sumit Kumar,Chaitanya Bishnoi,DS Kulkarni,0,0,,,,,,caught,Sumit Kumar,,
1205747,2019/20,2019-11-09,Wankhede Stadium,1,15.4,Haryana,Mumbai,R Tewatia,Chaitanya Bishnoi,DS Kulkarni,0,0,,,,,,,,,
1205747,2019/20,2019-11-09,Wankhede Stadium,1,15.5,Haryana,Mumbai,R Tewatia,Chaitanya Bishnoi,DS Kulkarni,0,0,,,,,,,,,
1205747,2019/20,2019-11-09,Wankhede Stadium,1,15.6,Haryana,Mumbai,R Tewatia,Chaitanya Bishnoi,DS Kulkarni,1,0,,,,,,,,,
1205747,2019/20,2019-11-09,Wankhede Stadium,1,16.1,Haryana,Mumbai,R Tewatia,Chaitanya Bishnoi,SD Lad,1,0,,,,,,,,,
1205747,2019/20,2019-11-09,Wankhede Stadium,1,16.2,Haryana,Mumbai,Chaitanya Bishnoi,R Tewatia,SD Lad,2,0,,,,,,,,,
1205747,2019/20,2019-11-09,Wankhede Stadium,1,16.3,Haryana,Mumbai,Chaitanya Bishnoi,R Tewatia,SD Lad,1,0,,,,,,,,,
1205747,2019/20,2019-11-09,Wankhede Stadium,1,16.4,Haryana,Mumbai,R Tewatia,Chaitanya Bishnoi,SD Lad,4,0,,,,,,,,,
1205747,2019/20,2019-11-09,Wankhede Stadium,1,16.5,Haryana,Mumbai,R Tewatia,Chaitanya Bishnoi,SD Lad,1,0,,,,,,,,,
1205747,2019/20,2019-11-09,Wankhede Stadium,1,16.6,Haryana,Mumbai,Chaitanya Bishnoi,R Tewatia,SD Lad,0,1,1,,,,,,,,
1205747,2019/20,2019-11-09,Wankhede Stadium,1,16.7,Haryana,Mumbai,Chaitanya Bishnoi,R Tewatia,SD Lad,0,1,1,,,,,,,,
1205747,2019/20,2019-11-09,Wankhede Stadium,1,16.8,Haryana,Mumbai,Chaitanya Bishnoi,R Tewatia,SD Lad,1,0,,,,,,,,,
1205747,2019/20,2019-11-09,Wankhede Stadium,1,17.1,Haryana,Mumbai,Chaitanya Bishnoi,R Tewatia,TU Deshpande,0,0,,,,,,caught,Chaitanya Bishnoi,,
1205747,2019/20,2019-11-09,Wankhede Stadium,1,17.2,Haryana,Mumbai,Arun Chaprana,R Tewatia,TU Deshpande,1,0,,,,,,,,,
1205747,2019/20,2019-11-09,Wankhede Stadium,1,17.3,Haryana,Mumbai,R Tewatia,Arun Chaprana,TU Deshpande,2,0,,,,,,,,,
1205747,2019/20,2019-11-09,Wankhede Stadium,1,17.4,Haryana,Mumbai,R Tewatia,Arun Chaprana,TU Deshpande,1,0,,,,,,,,,
1205747,2019/20,2019-11-09,Wankhede Stadium,1,17.5,Haryana,Mumbai,Arun Chaprana,R Tewatia,TU Deshpande,0,0,,,,,,,,,
1205747,2019/20,2019-11-09,Wankhede Stadium,1,17.6,Haryana,Mumbai,Arun Chaprana,R Tewatia,TU Deshpande,0,0,,,,,,,,,
1205747,2019/20,2019-11-09,Wankhede Stadium,1,18.1,Haryana,Mumbai,R Tewatia,Arun Chaprana,DS Kulkarni,0,0,,,,,,,,,
1205747,2019/20,2019-11-09,Wankhede Stadium,1,18.2,Haryana,Mumbai,R Tewatia,Arun Chaprana,DS Kulkarni,1,0,,,,,,,,,
1205747,2019/20,2019-11-09,Wankhede Stadium,1,18.3,Haryana,Mumbai,Arun Chaprana,R Tewatia,DS Kulkarni,4,0,,,,,,,,,
1205747,2019/20,2019-11-09,Wankhede Stadium,1,18.4,Haryana,Mumbai,Arun Chaprana,R Tewatia,DS Kulkarni,0,1,1,,,,,,,,
1205747,2019/20,2019-11-09,Wankhede Stadium,1,18.5,Haryana,Mumbai,Arun Chaprana,R Tewatia,DS Kulkarni,1,0,,,,,,,,,
1205747,2019/20,2019-11-09,Wankhede Stadium,1,18.6,Haryana,Mumbai,R Tewatia,Arun Chaprana,DS Kulkarni,6,0,,,,,,,,,
1205747,2019/20,2019-11-09,Wankhede Stadium,1,18.7,Haryana,Mumbai,R Tewatia,Arun Chaprana,DS Kulkarni,4,0,,,,,,,,,
1205747,2019/20,2019-11-09,Wankhede Stadium,1,19.1,Haryana,Mumbai,Arun Chaprana,R Tewatia,TU Deshpande,1,0,,,,,,,,,
1205747,2019/20,2019-11-09,Wankhede Stadium,1,19.2,Haryana,Mumbai,R Tewatia,Arun Chaprana,TU Deshpande,6,0,,,,,,,,,
1205747,2019/20,2019-11-09,Wankhede Stadium,1,19.3,Haryana,Mumbai,R Tewatia,Arun Chaprana,TU Deshpande,0,0,,,,,,,,,
1205747,2019/20,2019-11-09,Wankhede Stadium,1,19.4,Haryana,Mumbai,R Tewatia,Arun Chaprana,TU Deshpande,1,0,,,,,,,,,
1205747,2019/20,2019-11-09,Wankhede Stadium,1,19.5,Haryana,Mumbai,Arun Chaprana,R Tewatia,TU Deshpande,1,0,,,,,,,,,
1205747,2019/20,2019-11-09,Wankhede Stadium,1,19.6,Haryana,Mumbai,R Tewatia,Arun Chaprana,TU Deshpande,1,0,,,,,,,,,
1205747,2019/20,2019-11-09,Wankhede Stadium,2,0.1,Mumbai,Haryana,Jay Bista,AP Tare,Arun Chaprana,0,0,,,,,,,,,
1205747,2019/20,2019-11-09,Wankhede Stadium,2,0.2,Mumbai,Haryana,Jay Bista,AP Tare,Arun Chaprana,0,0,,,,,,,,,
1205747,2019/20,2019-11-09,Wankhede Stadium,2,0.3,Mumbai,Haryana,Jay Bista,AP Tare,Arun Chaprana,0,1,1,,,,,,,,
1205747,2019/20,2019-11-09,Wankhede Stadium,2,0.4,Mumbai,Haryana,Jay Bista,AP Tare,Arun Chaprana,0,1,,,,1,,,,,
1205747,2019/20,2019-11-09,Wankhede Stadium,2,0.5,Mumbai,Haryana,AP Tare,Jay Bista,Arun Chaprana,0,0,,,,,,,,,
1205747,2019/20,2019-11-09,Wankhede Stadium,2,0.6,Mumbai,Haryana,AP Tare,Jay Bista,Arun Chaprana,1,0,,,,,,,,,
1205747,2019/20,2019-11-09,Wankhede Stadium,2,0.7,Mumbai,Haryana,Jay Bista,AP Tare,Arun Chaprana,0,0,,,,,,,,,
1205747,2019/20,2019-11-09,Wankhede Stadium,2,1.1,Mumbai,Haryana,AP Tare,Jay Bista,HV Patel,1,0,,,,,,,,,
1205747,2019/20,2019-11-09,Wankhede Stadium,2,1.2,Mumbai,Haryana,Jay Bista,AP Tare,HV Patel,0,1,1,,,,,,,,
1205747,2019/20,2019-11-09,Wankhede Stadium,2,1.3,Mumbai,Haryana,Jay Bista,AP Tare,HV Patel,4,0,,,,,,,,,
1205747,2019/20,2019-11-09,Wankhede Stadium,2,1.4,Mumbai,Haryana,Jay Bista,AP Tare,HV Patel,0,0,,,,,,,,,
1205747,2019/20,2019-11-09,Wankhede Stadium,2,1.5,Mumbai,Haryana,Jay Bista,AP Tare,HV Patel,2,0,,,,,,,,,
1205747,2019/20,2019-11-09,Wankhede Stadium,2,1.6,Mumbai,Haryana,Jay Bista,AP Tare,HV Patel,0,0,,,,,,,,,
1205747,2019/20,2019-11-09,Wankhede Stadium,2,1.7,Mumbai,Haryana,Jay Bista,AP Tare,HV Patel,0,0,,,,,,,,,
1205747,2019/20,2019-11-09,Wankhede Stadium,2,2.1,Mumbai,Haryana,AP Tare,Jay Bista,Arun Chaprana,1,0,,,,,,,,,
1205747,2019/20,2019-11-09,Wankhede Stadium,2,2.2,Mumbai,Haryana,Jay Bista,AP Tare,Arun Chaprana,0,1,1,,,,,,,,
1205747,2019/20,2019-11-09,Wankhede Stadium,2,2.3,Mumbai,Haryana,Jay Bista,AP Tare,Arun Chaprana,4,0,,,,,,,,,
1205747,2019/20,2019-11-09,Wankhede Stadium,2,2.4,Mumbai,Haryana,Jay Bista,AP Tare,Arun Chaprana,0,0,,,,,,,,,
1205747,2019/20,2019-11-09,Wankhede Stadium,2,2.5,Mumbai,Haryana,Jay Bista,AP Tare,Arun Chaprana,1,0,,,,,,,,,
1205747,2019/20,2019-11-09,Wankhede Stadium,2,2.6,Mumbai,Haryana,AP Tare,Jay Bista,Arun Chaprana,1,0,,,,,,,,,
1205747,2019/20,2019-11-09,Wankhede Stadium,2,2.7,Mumbai,Haryana,Jay Bista,AP Tare,Arun Chaprana,2,0,,,,,,,,,
1205747,2019/20,2019-11-09,Wankhede Stadium,2,3.1,Mumbai,Haryana,AP Tare,Jay Bista,A Mishra,4,0,,,,,,,,,
1205747,2019/20,2019-11-09,Wankhede Stadium,2,3.2,Mumbai,Haryana,AP Tare,Jay Bista,A Mishra,1,0,,,,,,,,,
1205747,2019/20,2019-11-09,Wankhede Stadium,2,3.3,Mumbai,Haryana,Jay Bista,AP Tare,A Mishra,0,0,,,,,,caught,Jay Bista,,
1205747,2019/20,2019-11-09,Wankhede Stadium,2,3.4,Mumbai,Haryana,AP Tare,SA Yadav,A Mishra,1,0,,,,,,,,,
1205747,2019/20,2019-11-09,Wankhede Stadium,2,3.5,Mumbai,Haryana,SA Yadav,AP Tare,A Mishra,4,0,,,,,,,,,
1205747,2019/20,2019-11-09,Wankhede Stadium,2,3.6,Mumbai,Haryana,SA Yadav,AP Tare,A Mishra,1,0,,,,,,,,,
1205747,2019/20,2019-11-09,Wankhede Stadium,2,4.1,Mumbai,Haryana,SA Yadav,AP Tare,HV Patel,4,0,,,,,,,,,
1205747,2019/20,2019-11-09,Wankhede Stadium,2,4.2,Mumbai,Haryana,SA Yadav,AP Tare,HV Patel,4,0,,,,,,,,,
1205747,2019/20,2019-11-09,Wankhede Stadium,2,4.3,Mumbai,Haryana,SA Yadav,AP Tare,HV Patel,0,0,,,,,,,,,
1205747,2019/20,2019-11-09,Wankhede Stadium,2,4.4,Mumbai,Haryana,SA Yadav,AP Tare,HV Patel,1,0,,,,,,,,,
1205747,2019/20,2019-11-09,Wankhede Stadium,2,4.5,Mumbai,Haryana,AP Tare,SA Yadav,HV Patel,0,0,,,,,,,,,
1205747,2019/20,2019-11-09,Wankhede Stadium,2,4.6,Mumbai,Haryana,AP Tare,SA Yadav,HV Patel,0,0,,,,,,,,,
1205747,2019/20,2019-11-09,Wankhede Stadium,2,5.1,Mumbai,Haryana,SA Yadav,AP Tare,R Tewatia,1,0,,,,,,,,,
1205747,2019/20,2019-11-09,Wankhede Stadium,2,5.2,Mumbai,Haryana,AP Tare,SA Yadav,R Tewatia,4,0,,,,,,,,,
1205747,2019/20,2019-11-09,Wankhede Stadium,2,5.3,Mumbai,Haryana,AP Tare,SA Yadav,R Tewatia,1,0,,,,,,,,,
1205747,2019/20,2019-11-09,Wankhede Stadium,2,5.4,Mumbai,Haryana,SA Yadav,AP Tare,R Tewatia,1,0,,,,,,,,,
1205747,2019/20,2019-11-09,Wankhede Stadium,2,5.5,Mumbai,Haryana,AP Tare,SA Yadav,R Tewatia,0,1,1,,,,,,,,
1205747,2019/20,2019-11-09,Wankhede Stadium,2,5.6,Mumbai,Haryana,AP Tare,SA Yadav,R Tewatia,1,0,,,,,,,,,
1205747,2019/20,2019-11-09,Wankhede Stadium,2,5.7,Mumbai,Haryana,SA Yadav,AP Tare,R Tewatia,4,0,,,,,,,,,
1205747,2019/20,2019-11-09,Wankhede Stadium,2,6.1,Mumbai,Haryana,AP Tare,SA Yadav,Sumit Kumar,4,0,,,,,,,,,
1205747,2019/20,2019-11-09,Wankhede Stadium,2,6.2,Mumbai,Haryana,AP Tare,SA Yadav,Sumit Kumar,4,0,,,,,,,,,
1205747,2019/20,2019-11-09,Wankhede Stadium,2,6.3,Mumbai,Haryana,AP Tare,SA Yadav,Sumit Kumar,4,0,,,,,,,,,
1205747,2019/20,2019-11-09,Wankhede Stadium,2,6.4,Mumbai,Haryana,AP Tare,SA Yadav,Sumit Kumar,1,0,,,,,,,,,
1205747,2019/20,2019-11-09,Wankhede Stadium,2,6.5,Mumbai,Haryana,SA Yadav,AP Tare,Sumit Kumar,1,0,,,,,,,,,
1205747,2019/20,2019-11-09,Wankhede Stadium,2,6.6,Mumbai,Haryana,AP Tare,SA Yadav,Sumit Kumar,1,0,,,,,,,,,
1205747,2019/20,2019-11-09,Wankhede Stadium,2,7.1,Mumbai,Haryana,AP Tare,SA Yadav,J Yadav,2,0,,,,,,,,,
1205747,2019/20,2019-11-09,Wankhede Stadium,2,7.2,Mumbai,Haryana,AP Tare,SA Yadav,J Yadav,1,0,,,,,,,,,
1205747,2019/20,2019-11-09,Wankhede Stadium,2,7.3,Mumbai,Haryana,SA Yadav,AP Tare,J Yadav,4,0,,,,,,,,,
1205747,2019/20,2019-11-09,Wankhede Stadium,2,7.4,Mumbai,Haryana,SA Yadav,AP Tare,J Yadav,0,0,,,,,,,,,
1205747,2019/20,2019-11-09,Wankhede Stadium,2,7.5,Mumbai,Haryana,SA Yadav,AP Tare,J Yadav,1,0,,,,,,,,,
1205747,2019/20,2019-11-09,Wankhede Stadium,2,7.6,Mumbai,Haryana,AP Tare,SA Yadav,J Yadav,0,0,,,,,,,,,
1205747,2019/20,2019-11-09,Wankhede Stadium,2,8.1,Mumbai,Haryana,SA Yadav,AP Tare,Chaitanya Bishnoi,0,0,,,,,,,,,
1205747,2019/20,2019-11-09,Wankhede Stadium,2,8.2,Mumbai,Haryana,SA Yadav,AP Tare,Chaitanya Bishnoi,1,0,,,,,,,,,
1205747,2019/20,2019-11-09,Wankhede Stadium,2,8.3,Mumbai,Haryana,AP Tare,SA Yadav,Chaitanya Bishnoi,4,0,,,,,,,,,
1205747,2019/20,2019-11-09,Wankhede Stadium,2,8.4,Mumbai,Haryana,AP Tare,SA Yadav,Chaitanya Bishnoi,0,0,,,,,,,,,
1205747,2019/20,2019-11-09,Wankhede Stadium,2,8.5,Mumbai,Haryana,AP Tare,SA Yadav,Chaitanya Bishnoi,1,0,,,,,,,,,
1205747,2019/20,2019-11-09,Wankhede Stadium,2,8.6,Mumbai,Haryana,SA Yadav,AP Tare,Chaitanya Bishnoi,1,0,,,,,,,,,
1205747,2019/20,2019-11-09,Wankhede Stadium,2,9.1,Mumbai,Haryana,SA Yadav,AP Tare,J Yadav,4,0,,,,,,,,,
1205747,2019/20,2019-11-09,Wankhede Stadium,2,9.2,Mumbai,Haryana,SA Yadav,AP Tare,J Yadav,1,0,,,,,,,,,
1205747,2019/20,2019-11-09,Wankhede Stadium,2,9.3,Mumbai,Haryana,AP Tare,SA Yadav,J Yadav,1,0,,,,,,,,,
1205747,2019/20,2019-11-09,Wankhede Stadium,2,9.4,Mumbai,Haryana,SA Yadav,AP Tare,J Yadav,1,0,,,,,,,,,
1205747,2019/20,2019-11-09,Wankhede Stadium,2,9.5,Mumbai,Haryana,AP Tare,SA Yadav,J Yadav,0,0,,,,,,,,,
1205747,2019/20,2019-11-09,Wankhede Stadium,2,9.6,Mumbai,Haryana,AP Tare,SA Yadav,J Yadav,0,0,,,,,,,,,
1205747,2019/20,2019-11-09,Wankhede Stadium,2,10.1,Mumbai,Haryana,SA Yadav,AP Tare,Arun Chaprana,4,0,,,,,,,,,
1205747,2019/20,2019-11-09,Wankhede Stadium,2,10.2,Mumbai,Haryana,SA Yadav,AP Tare,Arun Chaprana,4,0,,,,,,,,,
1205747,2019/20,2019-11-09,Wankhede Stadium,2,10.3,Mumbai,Haryana,SA Yadav,AP Tare,Arun Chaprana,1,0,,,,,,,,,
1205747,2019/20,2019-11-09,Wankhede Stadium,2,10.4,Mumbai,Haryana,AP Tare,SA Yadav,Arun Chaprana,0,0,,,,,,caught,AP Tare,,
1205747,2019/20,2019-11-09,Wankhede Stadium,2,10.5,Mumbai,Haryana,SD Lad,SA Yadav,Arun Chaprana,0,0,,,,,,,,,
1205747,2019/20,2019-11-09,Wankhede Stadium,2,10.6,Mumbai,Haryana,SD Lad,SA Yadav,Arun Chaprana,4,0,,,,,,,,,
1205747,2019/20,2019-11-09,Wankhede Stadium,2,11.1,Mumbai,Haryana,SA Yadav,SD Lad,A Mishra,1,0,,,,,,,,,
1205747,2019/20,2019-11-09,Wankhede Stadium,2,11.2,Mumbai,Haryana,SD Lad,SA Yadav,A Mishra,1,0,,,,,,,,,
1205747,2019/20,2019-11-09,Wankhede Stadium,2,11.3,Mumbai,Haryana,SA Yadav,SD Lad,A Mishra,6,0,,,,,,,,,
1205747,2019/20,2019-11-09,Wankhede Stadium,2,11.4,Mumbai,Haryana,SA Yadav,SD Lad,A Mishra,1,0,,,,,,,,,
1205747,2019/20,2019-11-09,Wankhede Stadium,2,11.5,Mumbai,Haryana,SD Lad,SA Yadav,A Mishra,1,0,,,,,,,,,
1205747,2019/20,2019-11-09,Wankhede Stadium,2,11.6,Mumbai,Haryana,SA Yadav,SD Lad,A Mishra,6,0,,,,,,,,,
1205747,2019/20,2019-11-09,Wankhede Stadium,2,12.1,Mumbai,Haryana,SD Lad,SA Yadav,R Tewatia,1,0,,,,,,,,,
1205747,2019/20,2019-11-09,Wankhede Stadium,2,12.2,Mumbai,Haryana,SA Yadav,SD Lad,R Tewatia,0,0,,,,,,,,,
1205747,2019/20,2019-11-09,Wankhede Stadium,2,12.3,Mumbai,Haryana,SA Yadav,SD Lad,R Tewatia,4,0,,,,,,,,,
1205747,2019/20,2019-11-09,Wankhede Stadium,2,12.4,Mumbai,Haryana,SA Yadav,SD Lad,R Tewatia,0,0,,,,,,,,,
1205747,2019/20,2019-11-09,Wankhede Stadium,2,12.5,Mumbai,Haryana,SA Yadav,SD Lad,R Tewatia,1,0,,,,,,,,,
1205747,2019/20,2019-11-09,Wankhede Stadium,2,12.6,Mumbai,Haryana,SD Lad,SA Yadav,R Tewatia,1,0,,,,,,,,,
1205747,2019/20,2019-11-09,Wankhede Stadium,2,13.1,Mumbai,Haryana,SD Lad,SA Yadav,A Mishra,1,0,,,,,,,,,
1205747,2019/20,2019-11-09,Wankhede Stadium,2,13.2,Mumbai,Haryana,SA Yadav,SD Lad,A Mishra,6,0,,,,,,,,,
1205747,2019/20,2019-11-09,Wankhede Stadium,2,13.3,Mumbai,Haryana,SA Yadav,SD Lad,A Mishra,4,0,,,,,,,,,
1205747,2019/20,2019-11-09,Wankhede Stadium,2,13.4,Mumbai,Haryana,SA Yadav,SD Lad,A Mishra,0,0,,,,,,,,,
1205747,2019/20,2019-11-09,Wankhede Stadium,2,13.5,Mumbai,Haryana,SA Yadav,SD Lad,A Mishra,1,0,,,,,,,,,
1205747,2019/20,2019-11-09,Wankhede Stadium,2,13.6,Mumbai,Haryana,SD Lad,SA Yadav,A Mishra,1,0,,,,,,,,,
1205747,2019/20,2019-11-09,Wankhede Stadium,2,14.1,Mumbai,Haryana,SD Lad,SA Yadav,R Tewatia,1,0,,,,,,,,,
1205747,2019/20,2019-11-09,Wankhede Stadium,2,14.2,Mumbai,Haryana,SA Yadav,SD Lad,R Tewatia,2,0,,,,,,,,,
1205747,2019/20,2019-11-09,Wankhede Stadium,2,14.3,Mumbai,Haryana,SA Yadav,SD Lad,R Tewatia,1,0,,,,,,,,,
1205747,2019/20,2019-11-09,Wankhede Stadium,2,14.4,Mumbai,Haryana,SD Lad,SA Yadav,R Tewatia,0,0,,,,,,,,,
1205747,2019/20,2019-11-09,Wankhede Stadium,2,14.5,Mumbai,Haryana,SD Lad,SA Yadav,R Tewatia,0,0,,,,,,,,,
1205747,2019/20,2019-11-09,Wankhede Stadium,2,14.6,Mumbai,Haryana,SD Lad,SA Yadav,R Tewatia,4,0,,,,,,,,,
1205747,2019/20,2019-11-09,Wankhede Stadium,2,15.1,Mumbai,Haryana,SA Yadav,SD Lad,Arun Chaprana,4,0,,,,,,,,,
1205747,2019/20,2019-11-09,Wankhede Stadium,2,15.2,Mumbai,Haryana,SA Yadav,SD Lad,Arun Chaprana,1,0,,,,,,,,,
1205747,2019/20,2019-11-09,Wankhede Stadium,2,15.3,Mumbai,Haryana,SD Lad,SA Yadav,Arun Chaprana,0,0,,,,,,,,,
1205747,2019/20,2019-11-09,Wankhede Stadium,2,15.4,Mumbai,Haryana,SD Lad,SA Yadav,Arun Chaprana,1,0,,,,,,,,,
