match_id,season,start_date,venue,innings,ball,batting_team,bowling_team,striker,non_striker,bowler,runs_off_bat,extras,wides,noballs,byes,legbyes,penalty,wicket_type,player_dismissed,other_wicket_type,other_player_dismissed
1205751,2019/20,2019-11-11,Dr. Y.S. Rajasekhara Reddy ACA VDCA Cricket Stadium,1,0.1,Services,Bihar,Nakul Verma,Ravi Chauhan,Vivek Kumar,0,0,,,,,,,,,
1205751,2019/20,2019-11-11,Dr. Y.S. Rajasekhara Reddy ACA VDCA Cricket Stadium,1,0.2,Services,Bihar,Nakul Verma,Ravi Chauhan,Vivek Kumar,1,0,,,,,,,,,
1205751,2019/20,2019-11-11,Dr. Y.S. Rajasekhara Reddy ACA VDCA Cricket Stadium,1,0.3,Services,Bihar,Ravi Chauhan,Nakul Verma,Vivek Kumar,4,0,,,,,,,,,
1205751,2019/20,2019-11-11,Dr. Y.S. Rajasekhara Reddy ACA VDCA Cricket Stadium,1,0.4,Services,Bihar,Ravi Chauhan,Nakul Verma,Vivek Kumar,0,0,,,,,,,,,
1205751,2019/20,2019-11-11,Dr. Y.S. Rajasekhara Reddy ACA VDCA Cricket Stadium,1,0.5,Services,Bihar,Ravi Chauhan,Nakul Verma,Vivek Kumar,0,0,,,,,,,,,
1205751,2019/20,2019-11-11,Dr. Y.S. Rajasekhara Reddy ACA VDCA Cricket Stadium,1,0.6,Services,Bihar,Ravi Chauhan,Nakul Verma,Vivek Kumar,0,0,,,,,,,,,
1205751,2019/20,2019-11-11,Dr. Y.S. Rajasekhara Reddy ACA VDCA Cricket Stadium,1,1.1,Services,Bihar,Nakul Verma,Ravi Chauhan,Shashi Shekhar,0,0,,,,,,,,,
1205751,2019/20,2019-11-11,Dr. Y.S. Rajasekhara Reddy ACA VDCA Cricket Stadium,1,1.2,Services,Bihar,Nakul Verma,Ravi Chauhan,Shashi Shekhar,0,0,,,,,,,,,
1205751,2019/20,2019-11-11,Dr. Y.S. Rajasekhara Reddy ACA VDCA Cricket Stadium,1,1.3,Services,Bihar,Nakul Verma,Ravi Chauhan,Shashi Shekhar,0,0,,,,,,,,,
1205751,2019/20,2019-11-11,Dr. Y.S. Rajasekhara Reddy ACA VDCA Cricket Stadium,1,1.4,Services,Bihar,Nakul Verma,Ravi Chauhan,Shashi Shekhar,0,0,,,,,,,,,
1205751,2019/20,2019-11-11,Dr. Y.S. Rajasekhara Reddy ACA VDCA Cricket Stadium,1,1.5,Services,Bihar,Nakul Verma,Ravi Chauhan,Shashi Shekhar,4,0,,,,,,,,,
1205751,2019/20,2019-11-11,Dr. Y.S. Rajasekhara Reddy ACA VDCA Cricket Stadium,1,1.6,Services,Bihar,Nakul Verma,Ravi Chauhan,Shashi Shekhar,4,0,,,,,,,,,
1205751,2019/20,2019-11-11,Dr. Y.S. Rajasekhara Reddy ACA VDCA Cricket Stadium,1,2.1,Services,Bihar,Ravi Chauhan,Nakul Verma,Vivek Kumar,1,1,,1,,,,,,,
1205751,2019/20,2019-11-11,Dr. Y.S. Rajasekhara Reddy ACA VDCA Cricket Stadium,1,2.2,Services,Bihar,Nakul Verma,Ravi Chauhan,Vivek Kumar,1,0,,,,,,,,,
1205751,2019/20,2019-11-11,Dr. Y.S. Rajasekhara Reddy ACA VDCA Cricket Stadium,1,2.3,Services,Bihar,Ravi Chauhan,Nakul Verma,Vivek Kumar,1,0,,,,,,,,,
1205751,2019/20,2019-11-11,Dr. Y.S. Rajasekhara Reddy ACA VDCA Cricket Stadium,1,2.4,Services,Bihar,Nakul Verma,Ravi Chauhan,Vivek Kumar,4,0,,,,,,,,,
1205751,2019/20,2019-11-11,Dr. Y.S. Rajasekhara Reddy ACA VDCA Cricket Stadium,1,2.5,Services,Bihar,Nakul Verma,Ravi Chauhan,Vivek Kumar,4,0,,,,,,,,,
1205751,2019/20,2019-11-11,Dr. Y.S. Rajasekhara Reddy ACA VDCA Cricket Stadium,1,2.6,Services,Bihar,Nakul Verma,Ravi Chauhan,Vivek Kumar,1,0,,,,,,,,,
1205751,2019/20,2019-11-11,Dr. Y.S. Rajasekhara Reddy ACA VDCA Cricket Stadium,1,2.7,Services,Bihar,Ravi Chauhan,Nakul Verma,Vivek Kumar,4,0,,,,,,,,,
1205751,2019/20,2019-11-11,Dr. Y.S. Rajasekhara Reddy ACA VDCA Cricket Stadium,1,3.1,Services,Bihar,Nakul Verma,Ravi Chauhan,Shashi Shekhar,1,0,,,,,,,,,
1205751,2019/20,2019-11-11,Dr. Y.S. Rajasekhara Reddy ACA VDCA Cricket Stadium,1,3.2,Services,Bihar,Ravi Chauhan,Nakul Verma,Shashi Shekhar,0,0,,,,,,,,,
1205751,2019/20,2019-11-11,Dr. Y.S. Rajasekhara Reddy ACA VDCA Cricket Stadium,1,3.3,Services,Bihar,Ravi Chauhan,Nakul Verma,Shashi Shekhar,0,0,,,,,,,,,
1205751,2019/20,2019-11-11,Dr. Y.S. Rajasekhara Reddy ACA VDCA Cricket Stadium,1,3.4,Services,Bihar,Ravi Chauhan,Nakul Verma,Shashi Shekhar,2,0,,,,,,,,,
1205751,2019/20,2019-11-11,Dr. Y.S. Rajasekhara Reddy ACA VDCA Cricket Stadium,1,3.5,Services,Bihar,Ravi Chauhan,Nakul Verma,Shashi Shekhar,0,0,,,,,,,,,
1205751,2019/20,2019-11-11,Dr. Y.S. Rajasekhara Reddy ACA VDCA Cricket Stadium,1,3.6,Services,Bihar,Ravi Chauhan,Nakul Verma,Shashi Shekhar,1,0,,,,,,,,,
1205751,2019/20,2019-11-11,Dr. Y.S. Rajasekhara Reddy ACA VDCA Cricket Stadium,1,4.1,Services,Bihar,Ravi Chauhan,Nakul Verma,Rajesh Singh,1,0,,,,,,,,,
1205751,2019/20,2019-11-11,Dr. Y.S. Rajasekhara Reddy ACA VDCA Cricket Stadium,1,4.2,Services,Bihar,Nakul Verma,Ravi Chauhan,Rajesh Singh,1,0,,,,,,,,,
1205751,2019/20,2019-11-11,Dr. Y.S. Rajasekhara Reddy ACA VDCA Cricket Stadium,1,4.3,Services,Bihar,Ravi Chauhan,Nakul Verma,Rajesh Singh,0,0,,,,,,,,,
1205751,2019/20,2019-11-11,Dr. Y.S. Rajasekhara Reddy ACA VDCA Cricket Stadium,1,4.4,Services,Bihar,Ravi Chauhan,Nakul Verma,Rajesh Singh,1,0,,,,,,,,,
1205751,2019/20,2019-11-11,Dr. Y.S. Rajasekhara Reddy ACA VDCA Cricket Stadium,1,4.5,Services,Bihar,Nakul Verma,Ravi Chauhan,Rajesh Singh,0,0,,,,,,,,,
1205751,2019/20,2019-11-11,Dr. Y.S. Rajasekhara Reddy ACA VDCA Cricket Stadium,1,4.6,Services,Bihar,Nakul Verma,Ravi Chauhan,Rajesh Singh,6,0,,,,,,,,,
1205751,2019/20,2019-11-11,Dr. Y.S. Rajasekhara Reddy ACA VDCA Cricket Stadium,1,5.1,Services,Bihar,Ravi Chauhan,Nakul Verma,Shashi Shekhar,0,0,,,,,,,,,
1205751,2019/20,2019-11-11,Dr. Y.S. Rajasekhara Reddy ACA VDCA Cricket Stadium,1,5.2,Services,Bihar,Ravi Chauhan,Nakul Verma,Shashi Shekhar,1,0,,,,,,,,,
1205751,2019/20,2019-11-11,Dr. Y.S. Rajasekhara Reddy ACA VDCA Cricket Stadium,1,5.3,Services,Bihar,Nakul Verma,Ravi Chauhan,Shashi Shekhar,0,0,,,,,,caught,Nakul Verma,,
1205751,2019/20,2019-11-11,Dr. Y.S. Rajasekhara Reddy ACA VDCA Cricket Stadium,1,5.4,Services,Bihar,Aanshul Gupta,Ravi Chauhan,Shashi Shekhar,1,0,,,,,,,,,
1205751,2019/20,2019-11-11,Dr. Y.S. Rajasekhara Reddy ACA VDCA Cricket Stadium,1,5.5,Services,Bihar,Ravi Chauhan,Aanshul Gupta,Shashi Shekhar,1,0,,,,,,,,,
1205751,2019/20,2019-11-11,Dr. Y.S. Rajasekhara Reddy ACA VDCA Cricket Stadium,1,5.6,Services,Bihar,Aanshul Gupta,Ravi Chauhan,Shashi Shekhar,1,0,,,,,,,,,
1205751,2019/20,2019-11-11,Dr. Y.S. Rajasekhara Reddy ACA VDCA Cricket Stadium,1,6.1,Services,Bihar,Aanshul Gupta,Ravi Chauhan,Ashutosh Aman,1,0,,,,,,,,,
1205751,2019/20,2019-11-11,Dr. Y.S. Rajasekhara Reddy ACA VDCA Cricket Stadium,1,6.2,Services,Bihar,Ravi Chauhan,Aanshul Gupta,Ashutosh Aman,0,0,,,,,,,,,
1205751,2019/20,2019-11-11,Dr. Y.S. Rajasekhara Reddy ACA VDCA Cricket Stadium,1,6.3,Services,Bihar,Ravi Chauhan,Aanshul Gupta,Ashutosh Aman,0,0,,,,,,,,,
1205751,2019/20,2019-11-11,Dr. Y.S. Rajasekhara Reddy ACA VDCA Cricket Stadium,1,6.4,Services,Bihar,Ravi Chauhan,Aanshul Gupta,Ashutosh Aman,1,0,,,,,,,,,
1205751,2019/20,2019-11-11,Dr. Y.S. Rajasekhara Reddy ACA VDCA Cricket Stadium,1,6.5,Services,Bihar,Aanshul Gupta,Ravi Chauhan,Ashutosh Aman,6,0,,,,,,,,,
1205751,2019/20,2019-11-11,Dr. Y.S. Rajasekhara Reddy ACA VDCA Cricket Stadium,1,6.6,Services,Bihar,Aanshul Gupta,Ravi Chauhan,Ashutosh Aman,1,0,,,,,,,,,
1205751,2019/20,2019-11-11,Dr. Y.S. Rajasekhara Reddy ACA VDCA Cricket Stadium,1,7.1,Services,Bihar,Aanshul Gupta,Ravi Chauhan,Shivam Kumar,1,0,,,,,,,,,
1205751,2019/20,2019-11-11,Dr. Y.S. Rajasekhara Reddy ACA VDCA Cricket Stadium,1,7.2,Services,Bihar,Ravi Chauhan,Aanshul Gupta,Shivam Kumar,0,0,,,,,,,,,
1205751,2019/20,2019-11-11,Dr. Y.S. Rajasekhara Reddy ACA VDCA Cricket Stadium,1,7.3,Services,Bihar,Ravi Chauhan,Aanshul Gupta,Shivam Kumar,4,0,,,,,,,,,
1205751,2019/20,2019-11-11,Dr. Y.S. Rajasekhara Reddy ACA VDCA Cricket Stadium,1,7.4,Services,Bihar,Ravi Chauhan,Aanshul Gupta,Shivam Kumar,1,0,,,,,,,,,
1205751,2019/20,2019-11-11,Dr. Y.S. Rajasekhara Reddy ACA VDCA Cricket Stadium,1,7.5,Services,Bihar,Aanshul Gupta,Ravi Chauhan,Shivam Kumar,1,0,,,,,,,,,
1205751,2019/20,2019-11-11,Dr. Y.S. Rajasekhara Reddy ACA VDCA Cricket Stadium,1,7.6,Services,Bihar,Ravi Chauhan,Aanshul Gupta,Shivam Kumar,1,0,,,,,,,,,
1205751,2019/20,2019-11-11,Dr. Y.S. Rajasekhara Reddy ACA VDCA Cricket Stadium,1,8.1,Services,Bihar,Ravi Chauhan,Aanshul Gupta,Ashutosh Aman,1,0,,,,,,,,,
1205751,2019/20,2019-11-11,Dr. Y.S. Rajasekhara Reddy ACA VDCA Cricket Stadium,1,8.2,Services,Bihar,Aanshul Gupta,Ravi Chauhan,Ashutosh Aman,1,0,,,,,,,,,
1205751,2019/20,2019-11-11,Dr. Y.S. Rajasekhara Reddy ACA VDCA Cricket Stadium,1,8.3,Services,Bihar,Ravi Chauhan,Aanshul Gupta,Ashutosh Aman,4,0,,,,,,,,,
1205751,2019/20,2019-11-11,Dr. Y.S. Rajasekhara Reddy ACA VDCA Cricket Stadium,1,8.4,Services,Bihar,Ravi Chauhan,Aanshul Gupta,Ashutosh Aman,1,0,,,,,,,,,
1205751,2019/20,2019-11-11,Dr. Y.S. Rajasekhara Reddy ACA VDCA Cricket Stadium,1,8.5,Services,Bihar,Aanshul Gupta,Ravi Chauhan,Ashutosh Aman,2,0,,,,,,,,,
1205751,2019/20,2019-11-11,Dr. Y.S. Rajasekhara Reddy ACA VDCA Cricket Stadium,1,8.6,Services,Bihar,Aanshul Gupta,Ravi Chauhan,Ashutosh Aman,1,0,,,,,,,,,
1205751,2019/20,2019-11-11,Dr. Y.S. Rajasekhara Reddy ACA VDCA Cricket Stadium,1,9.1,Services,Bihar,Aanshul Gupta,Ravi Chauhan,Shivam Kumar,1,0,,,,,,,,,
1205751,2019/20,2019-11-11,Dr. Y.S. Rajasekhara Reddy ACA VDCA Cricket Stadium,1,9.2,Services,Bihar,Ravi Chauhan,Aanshul Gupta,Shivam Kumar,0,0,,,,,,,,,
1205751,2019/20,2019-11-11,Dr. Y.S. Rajasekhara Reddy ACA VDCA Cricket Stadium,1,9.3,Services,Bihar,Ravi Chauhan,Aanshul Gupta,Shivam Kumar,4,0,,,,,,,,,
1205751,2019/20,2019-11-11,Dr. Y.S. Rajasekhara Reddy ACA VDCA Cricket Stadium,1,9.4,Services,Bihar,Ravi Chauhan,Aanshul Gupta,Shivam Kumar,0,0,,,,,,,,,
1205751,2019/20,2019-11-11,Dr. Y.S. Rajasekhara Reddy ACA VDCA Cricket Stadium,1,9.5,Services,Bihar,Ravi Chauhan,Aanshul Gupta,Shivam Kumar,4,0,,,,,,,,,
1205751,2019/20,2019-11-11,Dr. Y.S. Rajasekhara Reddy ACA VDCA Cricket Stadium,1,9.6,Services,Bihar,Ravi Chauhan,Aanshul Gupta,Shivam Kumar,1,0,,,,,,,,,
1205751,2019/20,2019-11-11,Dr. Y.S. Rajasekhara Reddy ACA VDCA Cricket Stadium,1,10.1,Services,Bihar,Ravi Chauhan,Aanshul Gupta,Ashutosh Aman,2,0,,,,,,,,,
1205751,2019/20,2019-11-11,Dr. Y.S. Rajasekhara Reddy ACA VDCA Cricket Stadium,1,10.2,Services,Bihar,Ravi Chauhan,Aanshul Gupta,Ashutosh Aman,1,0,,,,,,,,,
1205751,2019/20,2019-11-11,Dr. Y.S. Rajasekhara Reddy ACA VDCA Cricket Stadium,1,10.3,Services,Bihar,Aanshul Gupta,Ravi Chauhan,Ashutosh Aman,1,0,,,,,,,,,
1205751,2019/20,2019-11-11,Dr. Y.S. Rajasekhara Reddy ACA VDCA Cricket Stadium,1,10.4,Services,Bihar,Ravi Chauhan,Aanshul Gupta,Ashutosh Aman,1,0,,,,,,,,,
1205751,2019/20,2019-11-11,Dr. Y.S. Rajasekhara Reddy ACA VDCA Cricket Stadium,1,10.5,Services,Bihar,Aanshul Gupta,Ravi Chauhan,Ashutosh Aman,1,0,,,,,,,,,
1205751,2019/20,2019-11-11,Dr. Y.S. Rajasekhara Reddy ACA VDCA Cricket Stadium,1,10.6,Services,Bihar,Ravi Chauhan,Aanshul Gupta,Ashutosh Aman,1,0,,,,,,,,,
1205751,2019/20,2019-11-11,Dr. Y.S. Rajasekhara Reddy ACA VDCA Cricket Stadium,1,11.1,Services,Bihar,Ravi Chauhan,Aanshul Gupta,Shivam Kumar,4,0,,,,,,,,,
1205751,2019/20,2019-11-11,Dr. Y.S. Rajasekhara Reddy ACA VDCA Cricket Stadium,1,11.2,Services,Bihar,Ravi Chauhan,Aanshul Gupta,Shivam Kumar,1,0,,,,,,,,,
1205751,2019/20,2019-11-11,Dr. Y.S. Rajasekhara Reddy ACA VDCA Cricket Stadium,1,11.3,Services,Bihar,Aanshul Gupta,Ravi Chauhan,Shivam Kumar,1,0,,,,,,,,,
1205751,2019/20,2019-11-11,Dr. Y.S. Rajasekhara Reddy ACA VDCA Cricket Stadium,1,11.4,Services,Bihar,Ravi Chauhan,Aanshul Gupta,Shivam Kumar,1,0,,,,,,,,,
1205751,2019/20,2019-11-11,Dr. Y.S. Rajasekhara Reddy ACA VDCA Cricket Stadium,1,11.5,Services,Bihar,Aanshul Gupta,Ravi Chauhan,Shivam Kumar,1,0,,,,,,,,,
1205751,2019/20,2019-11-11,Dr. Y.S. Rajasekhara Reddy ACA VDCA Cricket Stadium,1,11.6,Services,Bihar,Ravi Chauhan,Aanshul Gupta,Shivam Kumar,0,0,,,,,,,,,
1205751,2019/20,2019-11-11,Dr. Y.S. Rajasekhara Reddy ACA VDCA Cricket Stadium,1,12.1,Services,Bihar,Aanshul Gupta,Ravi Chauhan,Sarfaraz Ashraf,1,0,,,,,,,,,
1205751,2019/20,2019-11-11,Dr. Y.S. Rajasekhara Reddy ACA VDCA Cricket Stadium,1,12.2,Services,Bihar,Ravi Chauhan,Aanshul Gupta,Sarfaraz Ashraf,1,0,,,,,,,,,
1205751,2019/20,2019-11-11,Dr. Y.S. Rajasekhara Reddy ACA VDCA Cricket Stadium,1,12.3,Services,Bihar,Aanshul Gupta,Ravi Chauhan,Sarfaraz Ashraf,1,0,,,,,,,,,
1205751,2019/20,2019-11-11,Dr. Y.S. Rajasekhara Reddy ACA VDCA Cricket Stadium,1,12.4,Services,Bihar,Ravi Chauhan,Aanshul Gupta,Sarfaraz Ashraf,0,0,,,,,,,,,
1205751,2019/20,2019-11-11,Dr. Y.S. Rajasekhara Reddy ACA VDCA Cricket Stadium,1,12.5,Services,Bihar,Ravi Chauhan,Aanshul Gupta,Sarfaraz Ashraf,2,0,,,,,,,,,
1205751,2019/20,2019-11-11,Dr. Y.S. Rajasekhara Reddy ACA VDCA Cricket Stadium,1,12.6,Services,Bihar,Ravi Chauhan,Aanshul Gupta,Sarfaraz Ashraf,1,0,,,,,,,,,
1205751,2019/20,2019-11-11,Dr. Y.S. Rajasekhara Reddy ACA VDCA Cricket Stadium,1,13.1,Services,Bihar,Ravi Chauhan,Aanshul Gupta,Rajesh Singh,1,0,,,,,,,,,
1205751,2019/20,2019-11-11,Dr. Y.S. Rajasekhara Reddy ACA VDCA Cricket Stadium,1,13.2,Services,Bihar,Aanshul Gupta,Ravi Chauhan,Rajesh Singh,1,0,,,,,,,,,
1205751,2019/20,2019-11-11,Dr. Y.S. Rajasekhara Reddy ACA VDCA Cricket Stadium,1,13.3,Services,Bihar,Ravi Chauhan,Aanshul Gupta,Rajesh Singh,4,0,,,,,,,,,
1205751,2019/20,2019-11-11,Dr. Y.S. Rajasekhara Reddy ACA VDCA Cricket Stadium,1,13.4,Services,Bihar,Ravi Chauhan,Aanshul Gupta,Rajesh Singh,1,0,,,,,,,,,
1205751,2019/20,2019-11-11,Dr. Y.S. Rajasekhara Reddy ACA VDCA Cricket Stadium,1,13.5,Services,Bihar,Aanshul Gupta,Ravi Chauhan,Rajesh Singh,2,0,,,,,,,,,
1205751,2019/20,2019-11-11,Dr. Y.S. Rajasekhara Reddy ACA VDCA Cricket Stadium,1,13.6,Services,Bihar,Aanshul Gupta,Ravi Chauhan,Rajesh Singh,1,0,,,,,,,,,
1205751,2019/20,2019-11-11,Dr. Y.S. Rajasekhara Reddy ACA VDCA Cricket Stadium,1,14.1,Services,Bihar,Aanshul Gupta,Ravi Chauhan,Sarfaraz Ashraf,1,0,,,,,,,,,
1205751,2019/20,2019-11-11,Dr. Y.S. Rajasekhara Reddy ACA VDCA Cricket Stadium,1,14.2,Services,Bihar,Ravi Chauhan,Aanshul Gupta,Sarfaraz Ashraf,1,0,,,,,,,,,
1205751,2019/20,2019-11-11,Dr. Y.S. Rajasekhara Reddy ACA VDCA Cricket Stadium,1,14.3,Services,Bihar,Aanshul Gupta,Ravi Chauhan,Sarfaraz Ashraf,2,0,,,,,,,,,
1205751,2019/20,2019-11-11,Dr. Y.S. Rajasekhara Reddy ACA VDCA Cricket Stadium,1,14.4,Services,Bihar,Aanshul Gupta,Ravi Chauhan,Sarfaraz Ashraf,0,0,,,,,,stumped,Aanshul Gupta,,
1205751,2019/20,2019-11-11,Dr. Y.S. Rajasekhara Reddy ACA VDCA Cricket Stadium,1,14.5,Services,Bihar,Vikas Hathwala,Ravi Chauhan,Sarfaraz Ashraf,1,0,,,,,,,,,
1205751,2019/20,2019-11-11,Dr. Y.S. Rajasekhara Reddy ACA VDCA Cricket Stadium,1,14.6,Services,Bihar,Ravi Chauhan,Vikas Hathwala,Sarfaraz Ashraf,1,0,,,,,,,,,
1205751,2019/20,2019-11-11,Dr. Y.S. Rajasekhara Reddy ACA VDCA Cricket Stadium,1,15.1,Services,Bihar,Ravi Chauhan,Vikas Hathwala,Rajesh Singh,1,0,,,,,,,,,
1205751,2019/20,2019-11-11,Dr. Y.S. Rajasekhara Reddy ACA VDCA Cricket Stadium,1,15.2,Services,Bihar,Vikas Hathwala,Ravi Chauhan,Rajesh Singh,1,0,,,,,,,,,
1205751,2019/20,2019-11-11,Dr. Y.S. Rajasekhara Reddy ACA VDCA Cricket Stadium,1,15.3,Services,Bihar,Ravi Chauhan,Vikas Hathwala,Rajesh Singh,6,0,,,,,,,,,
1205751,2019/20,2019-11-11,Dr. Y.S. Rajasekhara Reddy ACA VDCA Cricket Stadium,1,15.4,Services,Bihar,Ravi Chauhan,Vikas Hathwala,Rajesh Singh,2,0,,,,,,,,,
1205751,2019/20,2019-11-11,Dr. Y.S. Rajasekhara Reddy ACA VDCA Cricket Stadium,1,15.5,Services,Bihar,Ravi Chauhan,Vikas Hathwala,Rajesh Singh,0,0,,,,,,caught,Ravi Chauhan,,
1205751,2019/20,2019-11-11,Dr. Y.S. Rajasekhara Reddy ACA VDCA Cricket Stadium,1,15.6,Services,Bihar,Rajat Paliwal,Vikas Hathwala,Rajesh Singh,4,0,,,,,,,,,
1205751,2019/20,2019-11-11,Dr. Y.S. Rajasekhara Reddy ACA VDCA Cricket Stadium,1,16.1,Services,Bihar,Vikas Hathwala,Rajat Paliwal,Sarfaraz Ashraf,4,0,,,,,,,,,
1205751,2019/20,2019-11-11,Dr. Y.S. Rajasekhara Reddy ACA VDCA Cricket Stadium,1,16.2,Services,Bihar,Vikas Hathwala,Rajat Paliwal,Sarfaraz Ashraf,1,0,,,,,,,,,
1205751,2019/20,2019-11-11,Dr. Y.S. Rajasekhara Reddy ACA VDCA Cricket Stadium,1,16.3,Services,Bihar,Rajat Paliwal,Vikas Hathwala,Sarfaraz Ashraf,4,0,,,,,,,,,
1205751,2019/20,2019-11-11,Dr. Y.S. Rajasekhara Reddy ACA VDCA Cricket Stadium,1,16.4,Services,Bihar,Rajat Paliwal,Vikas Hathwala,Sarfaraz Ashraf,1,0,,,,,,,,,
1205751,2019/20,2019-11-11,Dr. Y.S. Rajasekhara Reddy ACA VDCA Cricket Stadium,1,16.5,Services,Bihar,Vikas Hathwala,Rajat Paliwal,Sarfaraz Ashraf,0,0,,,,,,caught,Vikas Hathwala,,
1205751,2019/20,2019-11-11,Dr. Y.S. Rajasekhara Reddy ACA VDCA Cricket Stadium,1,16.6,Services,Bihar,Nakul Sharma,Rajat Paliwal,Sarfaraz Ashraf,2,0,,,,,,,,,
1205751,2019/20,2019-11-11,Dr. Y.S. Rajasekhara Reddy ACA VDCA Cricket Stadium,1,17.1,Services,Bihar,Rajat Paliwal,Nakul Sharma,Vivek Kumar,1,0,,,,,,,,,
1205751,2019/20,2019-11-11,Dr. Y.S. Rajasekhara Reddy ACA VDCA Cricket Stadium,1,17.2,Services,Bihar,Nakul Sharma,Rajat Paliwal,Vivek Kumar,1,0,,,,,,run out,Nakul Sharma,,
1205751,2019/20,2019-11-11,Dr. Y.S. Rajasekhara Reddy ACA VDCA Cricket Stadium,1,17.3,Services,Bihar,Diwesh Pathania,Rajat Paliwal,Vivek Kumar,1,0,,,,,,,,,
1205751,2019/20,2019-11-11,Dr. Y.S. Rajasekhara Reddy ACA VDCA Cricket Stadium,1,17.4,Services,Bihar,Rajat Paliwal,Diwesh Pathania,Vivek Kumar,1,0,,,,,,,,,
1205751,2019/20,2019-11-11,Dr. Y.S. Rajasekhara Reddy ACA VDCA Cricket Stadium,1,17.5,Services,Bihar,Diwesh Pathania,Rajat Paliwal,Vivek Kumar,1,0,,,,,,,,,
1205751,2019/20,2019-11-11,Dr. Y.S. Rajasekhara Reddy ACA VDCA Cricket Stadium,1,17.6,Services,Bihar,Rajat Paliwal,Diwesh Pathania,Vivek Kumar,2,0,,,,,,,,,
1205751,2019/20,2019-11-11,Dr. Y.S. Rajasekhara Reddy ACA VDCA Cricket Stadium,1,18.1,Services,Bihar,Diwesh Pathania,Rajat Paliwal,Sarfaraz Ashraf,6,0,,,,,,,,,
1205751,2019/20,2019-11-11,Dr. Y.S. Rajasekhara Reddy ACA VDCA Cricket Stadium,1,18.2,Services,Bihar,Diwesh Pathania,Rajat Paliwal,Sarfaraz Ashraf,0,1,1,,,,,,,,
1205751,2019/20,2019-11-11,Dr. Y.S. Rajasekhara Reddy ACA VDCA Cricket Stadium,1,18.3,Services,Bihar,Diwesh Pathania,Rajat Paliwal,Sarfaraz Ashraf,1,0,,,,,,,,,
1205751,2019/20,2019-11-11,Dr. Y.S. Rajasekhara Reddy ACA VDCA Cricket Stadium,1,18.4,Services,Bihar,Rajat Paliwal,Diwesh Pathania,Sarfaraz Ashraf,2,0,,,,,,,,,
1205751,2019/20,2019-11-11,Dr. Y.S. Rajasekhara Reddy ACA VDCA Cricket Stadium,1,18.5,Services,Bihar,Rajat Paliwal,Diwesh Pathania,Sarfaraz Ashraf,0,0,,,,,,caught,Rajat Paliwal,,
1205751,2019/20,2019-11-11,Dr. Y.S. Rajasekhara Reddy ACA VDCA Cricket Stadium,1,18.6,Services,Bihar,Diwesh Pathania,Mohit Kumar,Sarfaraz Ashraf,1,0,,,,,,,,,
1205751,2019/20,2019-11-11,Dr. Y.S. Rajasekhara Reddy ACA VDCA Cricket Stadium,1,18.7,Services,Bihar,Mohit Kumar,Diwesh Pathania,Sarfaraz Ashraf,0,0,,,,,,,,,
1205751,2019/20,2019-11-11,Dr. Y.S. Rajasekhara Reddy ACA VDCA Cricket Stadium,1,19.1,Services,Bihar,Diwesh Pathania,Mohit Kumar,Vivek Kumar,6,0,,,,,,,,,
1205751,2019/20,2019-11-11,Dr. Y.S. Rajasekhara Reddy ACA VDCA Cricket Stadium,1,19.2,Services,Bihar,Diwesh Pathania,Mohit Kumar,Vivek Kumar,6,0,,,,,,,,,
1205751,2019/20,2019-11-11,Dr. Y.S. Rajasekhara Reddy ACA VDCA Cricket Stadium,1,19.3,Services,Bihar,Diwesh Pathania,Mohit Kumar,Vivek Kumar,2,0,,,,,,,,,
1205751,2019/20,2019-11-11,Dr. Y.S. Rajasekhara Reddy ACA VDCA Cricket Stadium,1,19.4,Services,Bihar,Diwesh Pathania,Mohit Kumar,Vivek Kumar,1,0,,,,,,,,,
1205751,2019/20,2019-11-11,Dr. Y.S. Rajasekhara Reddy ACA VDCA Cricket Stadium,1,19.5,Services,Bihar,Mohit Kumar,Diwesh Pathania,Vivek Kumar,4,0,,,,,,,,,
1205751,2019/20,2019-11-11,Dr. Y.S. Rajasekhara Reddy ACA VDCA Cricket Stadium,1,19.6,Services,Bihar,Mohit Kumar,Diwesh Pathania,Vivek Kumar,0,0,,,,,,caught,Mohit Kumar,,
1205751,2019/20,2019-11-11,Dr. Y.S. Rajasekhara Reddy ACA VDCA Cricket Stadium,2,0.1,Bihar,Services,Eshaan Ravi,Babul Kumar,Diwesh Pathania,0,0,,,,,,,,,
1205751,2019/20,2019-11-11,Dr. Y.S. Rajasekhara Reddy ACA VDCA Cricket Stadium,2,0.2,Bihar,Services,Eshaan Ravi,Babul Kumar,Diwesh Pathania,0,0,,,,,,,,,
1205751,2019/20,2019-11-11,Dr. Y.S. Rajasekhara Reddy ACA VDCA Cricket Stadium,2,0.3,Bihar,Services,Eshaan Ravi,Babul Kumar,Diwesh Pathania,4,0,,,,,,,,,
1205751,2019/20,2019-11-11,Dr. Y.S. Rajasekhara Reddy ACA VDCA Cricket Stadium,2,0.4,Bihar,Services,Eshaan Ravi,Babul Kumar,Diwesh Pathania,0,0,,,,,,caught,Eshaan Ravi,,
1205751,2019/20,2019-11-11,Dr. Y.S. Rajasekhara Reddy ACA VDCA Cricket Stadium,2,0.5,Bihar,Services,Babul Kumar,Shasheem Rathour,Diwesh Pathania,1,0,,,,,,,,,
1205751,2019/20,2019-11-11,Dr. Y.S. Rajasekhara Reddy ACA VDCA Cricket Stadium,2,0.6,Bihar,Services,Shasheem Rathour,Babul Kumar,Diwesh Pathania,0,0,,,,,,,,,
1205751,2019/20,2019-11-11,Dr. Y.S. Rajasekhara Reddy ACA VDCA Cricket Stadium,2,1.1,Bihar,Services,Babul Kumar,Shasheem Rathour,Varun Choudhary,1,0,,,,,,,,,
1205751,2019/20,2019-11-11,Dr. Y.S. Rajasekhara Reddy ACA VDCA Cricket Stadium,2,1.2,Bihar,Services,Shasheem Rathour,Babul Kumar,Varun Choudhary,0,0,,,,,,,,,
1205751,2019/20,2019-11-11,Dr. Y.S. Rajasekhara Reddy ACA VDCA Cricket Stadium,2,1.3,Bihar,Services,Shasheem Rathour,Babul Kumar,Varun Choudhary,0,0,,,,,,,,,
1205751,2019/20,2019-11-11,Dr. Y.S. Rajasekhara Reddy ACA VDCA Cricket Stadium,2,1.4,Bihar,Services,Shasheem Rathour,Babul Kumar,Varun Choudhary,1,0,,,,,,,,,
1205751,2019/20,2019-11-11,Dr. Y.S. Rajasekhara Reddy ACA VDCA Cricket Stadium,2,1.5,Bihar,Services,Babul Kumar,Shasheem Rathour,Varun Choudhary,4,0,,,,,,,,,
1205751,2019/20,2019-11-11,Dr. Y.S. Rajasekhara Reddy ACA VDCA Cricket Stadium,2,1.6,Bihar,Services,Babul Kumar,Shasheem Rathour,Varun Choudhary,1,0,,,,,,,,,
1205751,2019/20,2019-11-11,Dr. Y.S. Rajasekhara Reddy ACA VDCA Cricket Stadium,2,2.1,Bihar,Services,Babul Kumar,Shasheem Rathour,Diwesh Pathania,1,0,,,,,,,,,
1205751,2019/20,2019-11-11,Dr. Y.S. Rajasekhara Reddy ACA VDCA Cricket Stadium,2,2.2,Bihar,Services,Shasheem Rathour,Babul Kumar,Diwesh Pathania,2,0,,,,,,,,,
1205751,2019/20,2019-11-11,Dr. Y.S. Rajasekhara Reddy ACA VDCA Cricket Stadium,2,2.3,Bihar,Services,Shasheem Rathour,Babul Kumar,Diwesh Pathania,0,0,,,,,,,,,
1205751,2019/20,2019-11-11,Dr. Y.S. Rajasekhara Reddy ACA VDCA Cricket Stadium,2,2.4,Bihar,Services,Shasheem Rathour,Babul Kumar,Diwesh Pathania,1,0,,,,,,,,,
1205751,2019/20,2019-11-11,Dr. Y.S. Rajasekhara Reddy ACA VDCA Cricket Stadium,2,2.5,Bihar,Services,Babul Kumar,Shasheem Rathour,Diwesh Pathania,4,0,,,,,,,,,
1205751,2019/20,2019-11-11,Dr. Y.S. Rajasekhara Reddy ACA VDCA Cricket Stadium,2,2.6,Bihar,Services,Babul Kumar,Shasheem Rathour,Diwesh Pathania,0,0,,,,,,,,,
1205751,2019/20,2019-11-11,Dr. Y.S. Rajasekhara Reddy ACA VDCA Cricket Stadium,2,3.1,Bihar,Services,Shasheem Rathour,Babul Kumar,Varun Choudhary,0,0,,,,,,,,,
1205751,2019/20,2019-11-11,Dr. Y.S. Rajasekhara Reddy ACA VDCA Cricket Stadium,2,3.2,Bihar,Services,Shasheem Rathour,Babul Kumar,Varun Choudhary,0,0,,,,,,caught and bowled,Shasheem Rathour,,
1205751,2019/20,2019-11-11,Dr. Y.S. Rajasekhara Reddy ACA VDCA Cricket Stadium,2,3.3,Bihar,Services,MD Rahmatullah,Babul Kumar,Varun Choudhary,0,0,,,,,,,,,
1205751,2019/20,2019-11-11,Dr. Y.S. Rajasekhara Reddy ACA VDCA Cricket Stadium,2,3.4,Bihar,Services,MD Rahmatullah,Babul Kumar,Varun Choudhary,1,0,,,,,,,,,
1205751,2019/20,2019-11-11,Dr. Y.S. Rajasekhara Reddy ACA VDCA Cricket Stadium,2,3.5,Bihar,Services,Babul Kumar,MD Rahmatullah,Varun Choudhary,4,0,,,,,,,,,
1205751,2019/20,2019-11-11,Dr. Y.S. Rajasekhara Reddy ACA VDCA Cricket Stadium,2,3.6,Bihar,Services,Babul Kumar,MD Rahmatullah,Varun Choudhary,0,0,,,,,,,,,
1205751,2019/20,2019-11-11,Dr. Y.S. Rajasekhara Reddy ACA VDCA Cricket Stadium,2,4.1,Bihar,Services,MD Rahmatullah,Babul Kumar,Diwesh Pathania,1,0,,,,,,,,,
1205751,2019/20,2019-11-11,Dr. Y.S. Rajasekhara Reddy ACA VDCA Cricket Stadium,2,4.2,Bihar,Services,Babul Kumar,MD Rahmatullah,Diwesh Pathania,0,0,,,,,,,,,
1205751,2019/20,2019-11-11,Dr. Y.S. Rajasekhara Reddy ACA VDCA Cricket Stadium,2,4.3,Bihar,Services,Babul Kumar,MD Rahmatullah,Diwesh Pathania,4,0,,,,,,,,,
1205751,2019/20,2019-11-11,Dr. Y.S. Rajasekhara Reddy ACA VDCA Cricket Stadium,2,4.4,Bihar,Services,Babul Kumar,MD Rahmatullah,Diwesh Pathania,0,0,,,,,,,,,
1205751,2019/20,2019-11-11,Dr. Y.S. Rajasekhara Reddy ACA VDCA Cricket Stadium,2,4.5,Bihar,Services,Babul Kumar,MD Rahmatullah,Diwesh Pathania,1,0,,,,,,,,,
1205751,2019/20,2019-11-11,Dr. Y.S. Rajasekhara Reddy ACA VDCA Cricket Stadium,2,4.6,Bihar,Services,MD Rahmatullah,Babul Kumar,Diwesh Pathania,0,0,,,,,,caught,MD Rahmatullah,,
1205751,2019/20,2019-11-11,Dr. Y.S. Rajasekhara Reddy ACA VDCA Cricket Stadium,2,5.1,Bihar,Services,Rajesh Singh,Babul Kumar,Mohit Kumar,0,0,,,,,,,,,
1205751,2019/20,2019-11-11,Dr. Y.S. Rajasekhara Reddy ACA VDCA Cricket Stadium,2,5.2,Bihar,Services,Rajesh Singh,Babul Kumar,Mohit Kumar,2,0,,,,,,,,,
1205751,2019/20,2019-11-11,Dr. Y.S. Rajasekhara Reddy ACA VDCA Cricket Stadium,2,5.3,Bihar,Services,Rajesh Singh,Babul Kumar,Mohit Kumar,1,0,,,,,,,,,
1205751,2019/20,2019-11-11,Dr. Y.S. Rajasekhara Reddy ACA VDCA Cricket Stadium,2,5.4,Bihar,Services,Babul Kumar,Rajesh Singh,Mohit Kumar,0,0,,,,,,caught,Babul Kumar,,
1205751,2019/20,2019-11-11,Dr. Y.S. Rajasekhara Reddy ACA VDCA Cricket Stadium,2,5.5,Bihar,Services,Asfan Khan,Rajesh Singh,Mohit Kumar,0,0,,,,,,,,,
1205751,2019/20,2019-11-11,Dr. Y.S. Rajasekhara Reddy ACA VDCA Cricket Stadium,2,5.6,Bihar,Services,Asfan Khan,Rajesh Singh,Mohit Kumar,0,0,,,,,,,,,
1205751,2019/20,2019-11-11,Dr. Y.S. Rajasekhara Reddy ACA VDCA Cricket Stadium,2,6.1,Bihar,Services,Rajesh Singh,Asfan Khan,Pulkit Narang,0,0,,,,,,,,,
1205751,2019/20,2019-11-11,Dr. Y.S. Rajasekhara Reddy ACA VDCA Cricket Stadium,2,6.2,Bihar,Services,Rajesh Singh,Asfan Khan,Pulkit Narang,1,0,,,,,,,,,
1205751,2019/20,2019-11-11,Dr. Y.S. Rajasekhara Reddy ACA VDCA Cricket Stadium,2,6.3,Bihar,Services,Asfan Khan,Rajesh Singh,Pulkit Narang,1,0,,,,,,,,,
1205751,2019/20,2019-11-11,Dr. Y.S. Rajasekhara Reddy ACA VDCA Cricket Stadium,2,6.4,Bihar,Services,Rajesh Singh,Asfan Khan,Pulkit Narang,1,0,,,,,,,,,
1205751,2019/20,2019-11-11,Dr. Y.S. Rajasekhara Reddy ACA VDCA Cricket Stadium,2,6.5,Bihar,Services,Asfan Khan,Rajesh Singh,Pulkit Narang,0,0,,,,,,,,,
1205751,2019/20,2019-11-11,Dr. Y.S. Rajasekhara Reddy ACA VDCA Cricket Stadium,2,6.6,Bihar,Services,Asfan Khan,Rajesh Singh,Pulkit Narang,1,0,,,,,,,,,
1205751,2019/20,2019-11-11,Dr. Y.S. Rajasekhara Reddy ACA VDCA Cricket Stadium,2,7.1,Bihar,Services,Asfan Khan,Rajesh Singh,Mohit Kumar,0,0,,,,,,,,,
1205751,2019/20,2019-11-11,Dr. Y.S. Rajasekhara Reddy ACA VDCA Cricket Stadium,2,7.2,Bihar,Services,Asfan Khan,Rajesh Singh,Mohit Kumar,0,0,,,,,,,,,
1205751,2019/20,2019-11-11,Dr. Y.S. Rajasekhara Reddy ACA VDCA Cricket Stadium,2,7.3,Bihar,Services,Asfan Khan,Rajesh Singh,Mohit Kumar,1,0,,,,,,,,,
1205751,2019/20,2019-11-11,Dr. Y.S. Rajasekhara Reddy ACA VDCA Cricket Stadium,2,7.4,Bihar,Services,Rajesh Singh,Asfan Khan,Mohit Kumar,1,0,,,,,,,,,
1205751,2019/20,2019-11-11,Dr. Y.S. Rajasekhara Reddy ACA VDCA Cricket Stadium,2,7.5,Bihar,Services,Asfan Khan,Rajesh Singh,Mohit Kumar,0,0,,,,,,,,,
1205751,2019/20,2019-11-11,Dr. Y.S. Rajasekhara Reddy ACA VDCA Cricket Stadium,2,7.6,Bihar,Services,Asfan Khan,Rajesh Singh,Mohit Kumar,1,0,,,,,,,,,
1205751,2019/20,2019-11-11,Dr. Y.S. Rajasekhara Reddy ACA VDCA Cricket Stadium,2,8.1,Bihar,Services,Asfan Khan,Rajesh Singh,Pulkit Narang,0,0,,,,,,caught,Asfan Khan,,
1205751,2019/20,2019-11-11,Dr. Y.S. Rajasekhara Reddy ACA VDCA Cricket Stadium,2,8.2,Bihar,Services,Sarfaraz Ashraf,Rajesh Singh,Pulkit Narang,0,0,,,,,,,,,
1205751,2019/20,2019-11-11,Dr. Y.S. Rajasekhara Reddy ACA VDCA Cricket Stadium,2,8.3,Bihar,Services,Sarfaraz Ashraf,Rajesh Singh,Pulkit Narang,4,0,,,,,,,,,
1205751,2019/20,2019-11-11,Dr. Y.S. Rajasekhara Reddy ACA VDCA Cricket Stadium,2,8.4,Bihar,Services,Sarfaraz Ashraf,Rajesh Singh,Pulkit Narang,0,0,,,,,,,,,
1205751,2019/20,2019-11-11,Dr. Y.S. Rajasekhara Reddy ACA VDCA Cricket Stadium,2,8.5,Bihar,Services,Sarfaraz Ashraf,Rajesh Singh,Pulkit Narang,0,0,,,,,,,,,
1205751,2019/20,2019-11-11,Dr. Y.S. Rajasekhara Reddy ACA VDCA Cricket Stadium,2,8.6,Bihar,Services,Sarfaraz Ashraf,Rajesh Singh,Pulkit Narang,1,0,,,,,,,,,
1205751,2019/20,2019-11-11,Dr. Y.S. Rajasekhara Reddy ACA VDCA Cricket Stadium,2,9.1,Bihar,Services,Sarfaraz Ashraf,Rajesh Singh,Rajat Paliwal,0,0,,,,,,,,,
1205751,2019/20,2019-11-11,Dr. Y.S. Rajasekhara Reddy ACA VDCA Cricket Stadium,2,9.2,Bihar,Services,Sarfaraz Ashraf,Rajesh Singh,Rajat Paliwal,1,0,,,,,,,,,
1205751,2019/20,2019-11-11,Dr. Y.S. Rajasekhara Reddy ACA VDCA Cricket Stadium,2,9.3,Bihar,Services,Rajesh Singh,Sarfaraz Ashraf,Rajat Paliwal,1,0,,,,,,,,,
1205751,2019/20,2019-11-11,Dr. Y.S. Rajasekhara Reddy ACA VDCA Cricket Stadium,2,9.4,Bihar,Services,Sarfaraz Ashraf,Rajesh Singh,Rajat Paliwal,1,0,,,,,,,,,
1205751,2019/20,2019-11-11,Dr. Y.S. Rajasekhara Reddy ACA VDCA Cricket Stadium,2,9.5,Bihar,Services,Rajesh Singh,Sarfaraz Ashraf,Rajat Paliwal,1,0,,,,,,,,,
1205751,2019/20,2019-11-11,Dr. Y.S. Rajasekhara Reddy ACA VDCA Cricket Stadium,2,9.6,Bihar,Services,Sarfaraz Ashraf,Rajesh Singh,Rajat Paliwal,0,0,,,,,,,,,
1205751,2019/20,2019-11-11,Dr. Y.S. Rajasekhara Reddy ACA VDCA Cricket Stadium,2,10.1,Bihar,Services,Rajesh Singh,Sarfaraz Ashraf,Pulkit Narang,0,0,,,,,,,,,
1205751,2019/20,2019-11-11,Dr. Y.S. Rajasekhara Reddy ACA VDCA Cricket Stadium,2,10.2,Bihar,Services,Rajesh Singh,Sarfaraz Ashraf,Pulkit Narang,0,0,,,,,,,,,
1205751,2019/20,2019-11-11,Dr. Y.S. Rajasekhara Reddy ACA VDCA Cricket Stadium,2,10.3,Bihar,Services,Rajesh Singh,Sarfaraz Ashraf,Pulkit Narang,0,0,,,,,,,,,
1205751,2019/20,2019-11-11,Dr. Y.S. Rajasekhara Reddy ACA VDCA Cricket Stadium,2,10.4,Bihar,Services,Rajesh Singh,Sarfaraz Ashraf,Pulkit Narang,1,0,,,,,,,,,
1205751,2019/20,2019-11-11,Dr. Y.S. Rajasekhara Reddy ACA VDCA Cricket Stadium,2,10.5,Bihar,Services,Sarfaraz Ashraf,Rajesh Singh,Pulkit Narang,1,0,,,,,,,,,
1205751,2019/20,2019-11-11,Dr. Y.S. Rajasekhara Reddy ACA VDCA Cricket Stadium,2,10.6,Bihar,Services,Rajesh Singh,Sarfaraz Ashraf,Pulkit Narang,0,0,,,,,,,,,
1205751,2019/20,2019-11-11,Dr. Y.S. Rajasekhara Reddy ACA VDCA Cricket Stadium,2,11.1,Bihar,Services,Sarfaraz Ashraf,Rajesh Singh,Rajat Paliwal,0,0,,,,,,,,,
1205751,2019/20,2019-11-11,Dr. Y.S. Rajasekhara Reddy ACA VDCA Cricket Stadium,2,11.2,Bihar,Services,Sarfaraz Ashraf,Rajesh Singh,Rajat Paliwal,1,0,,,,,,,,,
1205751,2019/20,2019-11-11,Dr. Y.S. Rajasekhara Reddy ACA VDCA Cricket Stadium,2,11.3,Bihar,Services,Rajesh Singh,Sarfaraz Ashraf,Rajat Paliwal,0,0,,,,,,,,,
1205751,2019/20,2019-11-11,Dr. Y.S. Rajasekhara Reddy ACA VDCA Cricket Stadium,2,11.4,Bihar,Services,Rajesh Singh,Sarfaraz Ashraf,Rajat Paliwal,0,0,,,,,,caught,Rajesh Singh,,
1205751,2019/20,2019-11-11,Dr. Y.S. Rajasekhara Reddy ACA VDCA Cricket Stadium,2,11.5,Bihar,Services,Ashutosh Aman,Sarfaraz Ashraf,Rajat Paliwal,1,0,,,,,,,,,
1205751,2019/20,2019-11-11,Dr. Y.S. Rajasekhara Reddy ACA VDCA Cricket Stadium,2,11.6,Bihar,Services,Sarfaraz Ashraf,Ashutosh Aman,Rajat Paliwal,0,0,,,,,,,,,
1205751,2019/20,2019-11-11,Dr. Y.S. Rajasekhara Reddy ACA VDCA Cricket Stadium,2,12.1,Bihar,Services,Ashutosh Aman,Sarfaraz Ashraf,Vikas Yadav,1,0,,,,,,,,,
1205751,2019/20,2019-11-11,Dr. Y.S. Rajasekhara Reddy ACA VDCA Cricket Stadium,2,12.2,Bihar,Services,Sarfaraz Ashraf,Ashutosh Aman,Vikas Yadav,0,0,,,,,,,,,
1205751,2019/20,2019-11-11,Dr. Y.S. Rajasekhara Reddy ACA VDCA Cricket Stadium,2,12.3,Bihar,Services,Sarfaraz Ashraf,Ashutosh Aman,Vikas Yadav,1,0,,,,,,,,,
1205751,2019/20,2019-11-11,Dr. Y.S. Rajasekhara Reddy ACA VDCA Cricket Stadium,2,12.4,Bihar,Services,Ashutosh Aman,Sarfaraz Ashraf,Vikas Yadav,0,0,,,,,,,,,
1205751,2019/20,2019-11-11,Dr. Y.S. Rajasekhara Reddy ACA VDCA Cricket Stadium,2,12.5,Bihar,Services,Ashutosh Aman,Sarfaraz Ashraf,Vikas Yadav,0,0,,,,,,,,,
1205751,2019/20,2019-11-11,Dr. Y.S. Rajasekhara Reddy ACA VDCA Cricket Stadium,2,12.6,Bihar,Services,Ashutosh Aman,Sarfaraz Ashraf,Vikas Yadav,0,0,,,,,,,,,
1205751,2019/20,2019-11-11,Dr. Y.S. Rajasekhara Reddy ACA VDCA Cricket Stadium,2,13.1,Bihar,Services,Sarfaraz Ashraf,Ashutosh Aman,Rajat Paliwal,0,0,,,,,,,,,
1205751,2019/20,2019-11-11,Dr. Y.S. Rajasekhara Reddy ACA VDCA Cricket Stadium,2,13.2,Bihar,Services,Sarfaraz Ashraf,Ashutosh Aman,Rajat Paliwal,1,0,,,,,,,,,
1205751,2019/20,2019-11-11,Dr. Y.S. Rajasekhara Reddy ACA VDCA Cricket Stadium,2,13.3,Bihar,Services,Ashutosh Aman,Sarfaraz Ashraf,Rajat Paliwal,1,0,,,,,,,,,
1205751,2019/20,2019-11-11,Dr. Y.S. Rajasekhara Reddy ACA VDCA Cricket Stadium,2,13.4,Bihar,Services,Sarfaraz Ashraf,Ashutosh Aman,Rajat Paliwal,1,0,,,,,,,,,
1205751,2019/20,2019-11-11,Dr. Y.S. Rajasekhara Reddy ACA VDCA Cricket Stadium,2,13.5,Bihar,Services,Ashutosh Aman,Sarfaraz Ashraf,Rajat Paliwal,1,0,,,,,,,,,
1205751,2019/20,2019-11-11,Dr. Y.S. Rajasekhara Reddy ACA VDCA Cricket Stadium,2,13.6,Bihar,Services,Sarfaraz Ashraf,Ashutosh Aman,Rajat Paliwal,1,0,,,,,,,,,
1205751,2019/20,2019-11-11,Dr. Y.S. Rajasekhara Reddy ACA VDCA Cricket Stadium,2,14.1,Bihar,Services,Sarfaraz Ashraf,Ashutosh Aman,Vikas Yadav,1,0,,,,,,,,,
1205751,2019/20,2019-11-11,Dr. Y.S. Rajasekhara Reddy ACA VDCA Cricket Stadium,2,14.2,Bihar,Services,Ashutosh Aman,Sarfaraz Ashraf,Vikas Yadav,4,0,,,,,,,,,
1205751,2019/20,2019-11-11,Dr. Y.S. Rajasekhara Reddy ACA VDCA Cricket Stadium,2,14.3,Bihar,Services,Ashutosh Aman,Sarfaraz Ashraf,Vikas Yadav,1,0,,,,,,,,,
1205751,2019/20,2019-11-11,Dr. Y.S. Rajasekhara Reddy ACA VDCA Cricket Stadium,2,14.4,Bihar,Services,Sarfaraz Ashraf,Ashutosh Aman,Vikas Yadav,1,0,,,,,,,,,
1205751,2019/20,2019-11-11,Dr. Y.S. Rajasekhara Reddy ACA VDCA Cricket Stadium,2,14.5,Bihar,Services,Ashutosh Aman,Sarfaraz Ashraf,Vikas Yadav,1,0,,,,,,,,,
1205751,2019/20,2019-11-11,Dr. Y.S. Rajasekhara Reddy ACA VDCA Cricket Stadium,2,14.6,Bihar,Services,Sarfaraz Ashraf,Ashutosh Aman,Vikas Yadav,0,0,,,,,,caught,Sarfaraz Ashraf,,
1205751,2019/20,2019-11-11,Dr. Y.S. Rajasekhara Reddy ACA VDCA Cricket Stadium,2,15.1,Bihar,Services,Ashutosh Aman,Vivek Kumar,Pulkit Narang,1,0,,,,,,,,,
1205751,2019/20,2019-11-11,Dr. Y.S. Rajasekhara Reddy ACA VDCA Cricket Stadium,2,15.2,Bihar,Services,Vivek Kumar,Ashutosh Aman,Pulkit Narang,0,0,,,,,,,,,
1205751,2019/20,2019-11-11,Dr. Y.S. Rajasekhara Reddy ACA VDCA Cricket Stadium,2,15.3,Bihar,Services,Vivek Kumar,Ashutosh Aman,Pulkit Narang,1,0,,,,,,,,,
1205751,2019/20,2019-11-11,Dr. Y.S. Rajasekhara Reddy ACA VDCA Cricket Stadium,2,15.4,Bihar,Services,Ashutosh Aman,Vivek Kumar,Pulkit Narang,1,0,,,,,,,,,
1205751,2019/20,2019-11-11,Dr. Y.S. Rajasekhara Reddy ACA VDCA Cricket Stadium,2,15.5,Bihar,Services,Vivek Kumar,Ashutosh Aman,Pulkit Narang,0,0,,,,,,,,,
1205751,2019/20,2019-11-11,Dr. Y.S. Rajasekhara Reddy ACA VDCA Cricket Stadium,2,15.6,Bihar,Services,Vivek Kumar,Ashutosh Aman,Pulkit Narang,0,4,,,4,,,,,,
1205751,2019/20,2019-11-11,Dr. Y.S. Rajasekhara Reddy ACA VDCA Cricket Stadium,2,16.1,Bihar,Services,Ashutosh Aman,Vivek Kumar,Vikas Yadav,1,0,,,,,,,,,
1205751,2019/20,2019-11-11,Dr. Y.S. Rajasekhara Reddy ACA VDCA Cricket Stadium,2,16.2,Bihar,Services,Vivek Kumar,Ashutosh Aman,Vikas Yadav,1,0,,,,,,,,,
1205751,2019/20,2019-11-11,Dr. Y.S. Rajasekhara Reddy ACA VDCA Cricket Stadium,2,16.3,Bihar,Services,Ashutosh Aman,Vivek Kumar,Vikas Yadav,1,0,,,,,,,,,
1205751,2019/20,2019-11-11,Dr. Y.S. Rajasekhara Reddy ACA VDCA Cricket Stadium,2,16.4,Bihar,Services,Vivek Kumar,Ashutosh Aman,Vikas Yadav,1,0,,,,,,,,,
1205751,2019/20,2019-11-11,Dr. Y.S. Rajasekhara Reddy ACA VDCA Cricket Stadium,2,16.5,Bihar,Services,Ashutosh Aman,Vivek Kumar,Vikas Yadav,1,0,,,,,,,,,
1205751,2019/20,2019-11-11,Dr. Y.S. Rajasekhara Reddy ACA VDCA Cricket Stadium,2,16.6,Bihar,Services,Vivek Kumar,Ashutosh Aman,Vikas Yadav,0,0,,,,,,caught,Vivek Kumar,,
1205751,2019/20,2019-11-11,Dr. Y.S. Rajasekhara Reddy ACA VDCA Cricket Stadium,2,17.1,Bihar,Services,Ashutosh Aman,Shivam Kumar,Mohit Kumar,1,0,,,,,,,,,
1205751,2019/20,2019-11-11,Dr. Y.S. Rajasekhara Reddy ACA VDCA Cricket Stadium,2,17.2,Bihar,Services,Shivam Kumar,Ashutosh Aman,Mohit Kumar,1,0,,,,,,,,,
1205751,2019/20,2019-11-11,Dr. Y.S. Rajasekhara Reddy ACA VDCA Cricket Stadium,2,17.3,Bihar,Services,Ashutosh Aman,Shivam Kumar,Mohit Kumar,1,0,,,,,,,,,
1205751,2019/20,2019-11-11,Dr. Y.S. Rajasekhara Reddy ACA VDCA Cricket Stadium,2,17.4,Bihar,Services,Shivam Kumar,Ashutosh Aman,Mohit Kumar,0,0,,,,,,,,,
1205751,2019/20,2019-11-11,Dr. Y.S. Rajasekhara Reddy ACA VDCA Cricket Stadium,2,17.5,Bihar,Services,Shivam Kumar,Ashutosh Aman,Mohit Kumar,0,0,,,,,,,,,
1205751,2019/20,2019-11-11,Dr. Y.S. Rajasekhara Reddy ACA VDCA Cricket Stadium,2,17.6,Bihar,Services,Shivam Kumar,Ashutosh Aman,Mohit Kumar,1,0,,,,,,,,,
1205751,2019/20,2019-11-11,Dr. Y.S. Rajasekhara Reddy ACA VDCA Cricket Stadium,2,18.1,Bihar,Services,Shivam Kumar,Ashutosh Aman,Vikas Yadav,0,0,,,,,,,,,
1205751,2019/20,2019-11-11,Dr. Y.S. Rajasekhara Reddy ACA VDCA Cricket Stadium,2,18.2,Bihar,Services,Shivam Kumar,Ashutosh Aman,Vikas Yadav,1,0,,,,,,,,,
1205751,2019/20,2019-11-11,Dr. Y.S. Rajasekhara Reddy ACA VDCA Cricket Stadium,2,18.3,Bihar,Services,Ashutosh Aman,Shivam Kumar,Vikas Yadav,0,0,,,,,,,,,
1205751,2019/20,2019-11-11,Dr. Y.S. Rajasekhara Reddy ACA VDCA Cricket Stadium,2,18.4,Bihar,Services,Ashutosh Aman,Shivam Kumar,Vikas Yadav,1,0,,,,,,,,,
1205751,2019/20,2019-11-11,Dr. Y.S. Rajasekhara Reddy ACA VDCA Cricket Stadium,2,18.5,Bihar,Services,Shivam Kumar,Ashutosh Aman,Vikas Yadav,0,0,,,,,,,,,
1205751,2019/20,2019-11-11,Dr. Y.S. Rajasekhara Reddy ACA VDCA Cricket Stadium,2,18.6,Bihar,Services,Shivam Kumar,Ashutosh Aman,Vikas Yadav,0,0,,,,,,,,,
1205751,2019/20,2019-11-11,Dr. Y.S. Rajasekhara Reddy ACA VDCA Cricket Stadium,2,19.1,Bihar,Services,Ashutosh Aman,Shivam Kumar,Varun Choudhary,1,0,,,,,,,,,
1205751,2019/20,2019-11-11,Dr. Y.S. Rajasekhara Reddy ACA VDCA Cricket Stadium,2,19.2,Bihar,Services,Shivam Kumar,Ashutosh Aman,Varun Choudhary,0,0,,,,,,,,,
1205751,2019/20,2019-11-11,Dr. Y.S. Rajasekhara Reddy ACA VDCA Cricket Stadium,2,19.3,Bihar,Services,Shivam Kumar,Ashutosh Aman,Varun Choudhary,1,0,,,,,,,,,
1205751,2019/20,2019-11-11,Dr. Y.S. Rajasekhara Reddy ACA VDCA Cricket Stadium,2,19.4,Bihar,Services,Ashutosh Aman,Shivam Kumar,Varun Choudhary,1,0,,,,,,,,,
1205751,2019/20,2019-11-11,Dr. Y.S. Rajasekhara Reddy ACA VDCA Cricket Stadium,2,19.5,Bihar,Services,Shivam Kumar,Ashutosh Aman,Varun Choudhary,0,0,,,,,,caught,Shivam Kumar,,
1205751,2019/20,2019-11-11,Dr. Y.S. Rajasekhara Reddy ACA VDCA Cricket Stadium,2,19.6,Bihar,Services,Shashi Shekhar,Ashutosh Aman,Varun Choudhary,0,0,,,,,,,,,
