match_id,season,start_date,venue,innings,ball,batting_team,bowling_team,striker,non_striker,bowler,runs_off_bat,extras,wides,noballs,byes,legbyes,penalty,wicket_type,player_dismissed,other_wicket_type,other_player_dismissed
1205791,2019/20,2019-11-14,"GSSS, Sector 26",1,0.1,Railways,Punjab,Mrunal Devdhar,Pratham Singh,Sandeep Sharma,0,0,,,,,,,,,
1205791,2019/20,2019-11-14,"GSSS, Sector 26",1,0.2,Railways,Punjab,Mrunal Devdhar,Pratham Singh,Sandeep Sharma,0,0,,,,,,,,,
1205791,2019/20,2019-11-14,"GSSS, Sector 26",1,0.3,Railways,Punjab,Mrunal Devdhar,Pratham Singh,Sandeep Sharma,1,0,,,,,,,,,
1205791,2019/20,2019-11-14,"GSSS, Sector 26",1,0.4,Railways,Punjab,Pratham Singh,Mrunal Devdhar,Sandeep Sharma,4,0,,,,,,,,,
1205791,2019/20,2019-11-14,"GSSS, Sector 26",1,0.5,Railways,Punjab,Pratham Singh,Mrunal Devdhar,Sandeep Sharma,0,0,,,,,,,,,
1205791,2019/20,2019-11-14,"GSSS, Sector 26",1,0.6,Railways,Punjab,Pratham Singh,Mrunal Devdhar,Sandeep Sharma,1,0,,,,,,,,,
1205791,2019/20,2019-11-14,"GSSS, Sector 26",1,1.1,Railways,Punjab,Pratham Singh,Mrunal Devdhar,Baltej Singh,1,0,,,,,,,,,
1205791,2019/20,2019-11-14,"GSSS, Sector 26",1,1.2,Railways,Punjab,Mrunal Devdhar,Pratham Singh,Baltej Singh,0,0,,,,,,,,,
1205791,2019/20,2019-11-14,"GSSS, Sector 26",1,1.3,Railways,Punjab,Mrunal Devdhar,Pratham Singh,Baltej Singh,0,0,,,,,,,,,
1205791,2019/20,2019-11-14,"GSSS, Sector 26",1,1.4,Railways,Punjab,Mrunal Devdhar,Pratham Singh,Baltej Singh,1,0,,,,,,,,,
1205791,2019/20,2019-11-14,"GSSS, Sector 26",1,1.5,Railways,Punjab,Pratham Singh,Mrunal Devdhar,Baltej Singh,0,0,,,,,,,,,
1205791,2019/20,2019-11-14,"GSSS, Sector 26",1,1.6,Railways,Punjab,Pratham Singh,Mrunal Devdhar,Baltej Singh,6,0,,,,,,,,,
1205791,2019/20,2019-11-14,"GSSS, Sector 26",1,2.1,Railways,Punjab,Mrunal Devdhar,Pratham Singh,Sandeep Sharma,1,0,,,,,,,,,
1205791,2019/20,2019-11-14,"GSSS, Sector 26",1,2.2,Railways,Punjab,Pratham Singh,Mrunal Devdhar,Sandeep Sharma,1,0,,,,,,,,,
1205791,2019/20,2019-11-14,"GSSS, Sector 26",1,2.3,Railways,Punjab,Mrunal Devdhar,Pratham Singh,Sandeep Sharma,0,0,,,,,,,,,
1205791,2019/20,2019-11-14,"GSSS, Sector 26",1,2.4,Railways,Punjab,Mrunal Devdhar,Pratham Singh,Sandeep Sharma,4,0,,,,,,,,,
1205791,2019/20,2019-11-14,"GSSS, Sector 26",1,2.5,Railways,Punjab,Mrunal Devdhar,Pratham Singh,Sandeep Sharma,4,0,,,,,,,,,
1205791,2019/20,2019-11-14,"GSSS, Sector 26",1,2.6,Railways,Punjab,Mrunal Devdhar,Pratham Singh,Sandeep Sharma,0,0,,,,,,,,,
1205791,2019/20,2019-11-14,"GSSS, Sector 26",1,3.1,Railways,Punjab,Pratham Singh,Mrunal Devdhar,Baltej Singh,2,0,,,,,,,,,
1205791,2019/20,2019-11-14,"GSSS, Sector 26",1,3.2,Railways,Punjab,Pratham Singh,Mrunal Devdhar,Baltej Singh,1,0,,,,,,,,,
1205791,2019/20,2019-11-14,"GSSS, Sector 26",1,3.3,Railways,Punjab,Mrunal Devdhar,Pratham Singh,Baltej Singh,1,0,,,,,,,,,
1205791,2019/20,2019-11-14,"GSSS, Sector 26",1,3.4,Railways,Punjab,Pratham Singh,Mrunal Devdhar,Baltej Singh,1,0,,,,,,,,,
1205791,2019/20,2019-11-14,"GSSS, Sector 26",1,3.5,Railways,Punjab,Mrunal Devdhar,Pratham Singh,Baltej Singh,4,0,,,,,,,,,
1205791,2019/20,2019-11-14,"GSSS, Sector 26",1,3.6,Railways,Punjab,Mrunal Devdhar,Pratham Singh,Baltej Singh,6,0,,,,,,,,,
1205791,2019/20,2019-11-14,"GSSS, Sector 26",1,4.1,Railways,Punjab,Pratham Singh,Mrunal Devdhar,S Kaul,1,0,,,,,,,,,
1205791,2019/20,2019-11-14,"GSSS, Sector 26",1,4.2,Railways,Punjab,Mrunal Devdhar,Pratham Singh,S Kaul,1,0,,,,,,,,,
1205791,2019/20,2019-11-14,"GSSS, Sector 26",1,4.3,Railways,Punjab,Pratham Singh,Mrunal Devdhar,S Kaul,1,0,,,,,,,,,
1205791,2019/20,2019-11-14,"GSSS, Sector 26",1,4.4,Railways,Punjab,Mrunal Devdhar,Pratham Singh,S Kaul,1,0,,,,,,,,,
1205791,2019/20,2019-11-14,"GSSS, Sector 26",1,4.5,Railways,Punjab,Pratham Singh,Mrunal Devdhar,S Kaul,6,0,,,,,,,,,
1205791,2019/20,2019-11-14,"GSSS, Sector 26",1,4.6,Railways,Punjab,Pratham Singh,Mrunal Devdhar,S Kaul,0,0,,,,,,caught,Pratham Singh,,
1205791,2019/20,2019-11-14,"GSSS, Sector 26",1,5.1,Railways,Punjab,Vikrant Rajput,Mrunal Devdhar,M Markande,1,0,,,,,,,,,
1205791,2019/20,2019-11-14,"GSSS, Sector 26",1,5.2,Railways,Punjab,Mrunal Devdhar,Vikrant Rajput,M Markande,1,0,,,,,,,,,
1205791,2019/20,2019-11-14,"GSSS, Sector 26",1,5.3,Railways,Punjab,Vikrant Rajput,Mrunal Devdhar,M Markande,0,0,,,,,,,,,
1205791,2019/20,2019-11-14,"GSSS, Sector 26",1,5.4,Railways,Punjab,Vikrant Rajput,Mrunal Devdhar,M Markande,1,0,,,,,,,,,
1205791,2019/20,2019-11-14,"GSSS, Sector 26",1,5.5,Railways,Punjab,Mrunal Devdhar,Vikrant Rajput,M Markande,1,0,,,,,,,,,
1205791,2019/20,2019-11-14,"GSSS, Sector 26",1,5.6,Railways,Punjab,Vikrant Rajput,Mrunal Devdhar,M Markande,1,0,,,,,,,,,
1205791,2019/20,2019-11-14,"GSSS, Sector 26",1,6.1,Railways,Punjab,Vikrant Rajput,Mrunal Devdhar,Harpreet Brar,1,0,,,,,,,,,
1205791,2019/20,2019-11-14,"GSSS, Sector 26",1,6.2,Railways,Punjab,Mrunal Devdhar,Vikrant Rajput,Harpreet Brar,1,0,,,,,,,,,
1205791,2019/20,2019-11-14,"GSSS, Sector 26",1,6.3,Railways,Punjab,Vikrant Rajput,Mrunal Devdhar,Harpreet Brar,0,0,,,,,,,,,
1205791,2019/20,2019-11-14,"GSSS, Sector 26",1,6.4,Railways,Punjab,Vikrant Rajput,Mrunal Devdhar,Harpreet Brar,1,0,,,,,,,,,
1205791,2019/20,2019-11-14,"GSSS, Sector 26",1,6.5,Railways,Punjab,Mrunal Devdhar,Vikrant Rajput,Harpreet Brar,0,2,2,,,,,,,,
1205791,2019/20,2019-11-14,"GSSS, Sector 26",1,6.6,Railways,Punjab,Vikrant Rajput,Mrunal Devdhar,Harpreet Brar,1,0,,,,,,,,,
1205791,2019/20,2019-11-14,"GSSS, Sector 26",1,6.7,Railways,Punjab,Mrunal Devdhar,Vikrant Rajput,Harpreet Brar,2,0,,,,,,,,,
1205791,2019/20,2019-11-14,"GSSS, Sector 26",1,7.1,Railways,Punjab,Vikrant Rajput,Mrunal Devdhar,M Markande,1,0,,,,,,,,,
1205791,2019/20,2019-11-14,"GSSS, Sector 26",1,7.2,Railways,Punjab,Mrunal Devdhar,Vikrant Rajput,M Markande,0,0,,,,,,,,,
1205791,2019/20,2019-11-14,"GSSS, Sector 26",1,7.3,Railways,Punjab,Mrunal Devdhar,Vikrant Rajput,M Markande,1,0,,,,,,,,,
1205791,2019/20,2019-11-14,"GSSS, Sector 26",1,7.4,Railways,Punjab,Vikrant Rajput,Mrunal Devdhar,M Markande,0,1,1,,,,,,,,
1205791,2019/20,2019-11-14,"GSSS, Sector 26",1,7.5,Railways,Punjab,Vikrant Rajput,Mrunal Devdhar,M Markande,2,0,,,,,,,,,
1205791,2019/20,2019-11-14,"GSSS, Sector 26",1,7.6,Railways,Punjab,Vikrant Rajput,Mrunal Devdhar,M Markande,1,0,,,,,,,,,
1205791,2019/20,2019-11-14,"GSSS, Sector 26",1,7.7,Railways,Punjab,Mrunal Devdhar,Vikrant Rajput,M Markande,1,0,,,,,,,,,
1205791,2019/20,2019-11-14,"GSSS, Sector 26",1,8.1,Railways,Punjab,Mrunal Devdhar,Vikrant Rajput,Harpreet Brar,1,0,,,,,,,,,
1205791,2019/20,2019-11-14,"GSSS, Sector 26",1,8.2,Railways,Punjab,Vikrant Rajput,Mrunal Devdhar,Harpreet Brar,0,0,,,,,,,,,
1205791,2019/20,2019-11-14,"GSSS, Sector 26",1,8.3,Railways,Punjab,Vikrant Rajput,Mrunal Devdhar,Harpreet Brar,6,0,,,,,,,,,
1205791,2019/20,2019-11-14,"GSSS, Sector 26",1,8.4,Railways,Punjab,Vikrant Rajput,Mrunal Devdhar,Harpreet Brar,2,0,,,,,,,,,
1205791,2019/20,2019-11-14,"GSSS, Sector 26",1,8.5,Railways,Punjab,Vikrant Rajput,Mrunal Devdhar,Harpreet Brar,1,0,,,,,,,,,
1205791,2019/20,2019-11-14,"GSSS, Sector 26",1,8.6,Railways,Punjab,Mrunal Devdhar,Vikrant Rajput,Harpreet Brar,1,0,,,,,,,,,
1205791,2019/20,2019-11-14,"GSSS, Sector 26",1,9.1,Railways,Punjab,Mrunal Devdhar,Vikrant Rajput,Baltej Singh,1,0,,,,,,,,,
1205791,2019/20,2019-11-14,"GSSS, Sector 26",1,9.2,Railways,Punjab,Vikrant Rajput,Mrunal Devdhar,Baltej Singh,0,0,,,,,,,,,
1205791,2019/20,2019-11-14,"GSSS, Sector 26",1,9.3,Railways,Punjab,Vikrant Rajput,Mrunal Devdhar,Baltej Singh,0,0,,,,,,,,,
1205791,2019/20,2019-11-14,"GSSS, Sector 26",1,9.4,Railways,Punjab,Vikrant Rajput,Mrunal Devdhar,Baltej Singh,1,0,,,,,,,,,
1205791,2019/20,2019-11-14,"GSSS, Sector 26",1,9.5,Railways,Punjab,Mrunal Devdhar,Vikrant Rajput,Baltej Singh,1,0,,,,,,,,,
1205791,2019/20,2019-11-14,"GSSS, Sector 26",1,9.6,Railways,Punjab,Vikrant Rajput,Mrunal Devdhar,Baltej Singh,1,0,,,,,,,,,
1205791,2019/20,2019-11-14,"GSSS, Sector 26",1,10.1,Railways,Punjab,Vikrant Rajput,Mrunal Devdhar,Mandeep Singh,1,0,,,,,,,,,
1205791,2019/20,2019-11-14,"GSSS, Sector 26",1,10.2,Railways,Punjab,Mrunal Devdhar,Vikrant Rajput,Mandeep Singh,1,0,,,,,,,,,
1205791,2019/20,2019-11-14,"GSSS, Sector 26",1,10.3,Railways,Punjab,Vikrant Rajput,Mrunal Devdhar,Mandeep Singh,1,0,,,,,,,,,
1205791,2019/20,2019-11-14,"GSSS, Sector 26",1,10.4,Railways,Punjab,Mrunal Devdhar,Vikrant Rajput,Mandeep Singh,0,0,,,,,,,,,
1205791,2019/20,2019-11-14,"GSSS, Sector 26",1,10.5,Railways,Punjab,Mrunal Devdhar,Vikrant Rajput,Mandeep Singh,0,0,,,,,,,,,
1205791,2019/20,2019-11-14,"GSSS, Sector 26",1,10.6,Railways,Punjab,Mrunal Devdhar,Vikrant Rajput,Mandeep Singh,1,0,,,,,,,,,
1205791,2019/20,2019-11-14,"GSSS, Sector 26",1,11.1,Railways,Punjab,Mrunal Devdhar,Vikrant Rajput,M Markande,0,0,,,,,,caught,Mrunal Devdhar,,
1205791,2019/20,2019-11-14,"GSSS, Sector 26",1,11.2,Railways,Punjab,M Ahmed,Vikrant Rajput,M Markande,0,2,,,,2,,,,,
1205791,2019/20,2019-11-14,"GSSS, Sector 26",1,11.3,Railways,Punjab,M Ahmed,Vikrant Rajput,M Markande,0,1,1,,,,,,,,
1205791,2019/20,2019-11-14,"GSSS, Sector 26",1,11.4,Railways,Punjab,M Ahmed,Vikrant Rajput,M Markande,6,0,,,,,,,,,
1205791,2019/20,2019-11-14,"GSSS, Sector 26",1,11.5,Railways,Punjab,M Ahmed,Vikrant Rajput,M Markande,1,0,,,,,,,,,
1205791,2019/20,2019-11-14,"GSSS, Sector 26",1,11.6,Railways,Punjab,Vikrant Rajput,M Ahmed,M Markande,0,0,,,,,,,,,
1205791,2019/20,2019-11-14,"GSSS, Sector 26",1,11.7,Railways,Punjab,Vikrant Rajput,M Ahmed,M Markande,1,0,,,,,,,,,
1205791,2019/20,2019-11-14,"GSSS, Sector 26",1,12.1,Railways,Punjab,Vikrant Rajput,M Ahmed,S Kaul,0,0,,,,,,,,,
1205791,2019/20,2019-11-14,"GSSS, Sector 26",1,12.2,Railways,Punjab,Vikrant Rajput,M Ahmed,S Kaul,0,1,1,,,,,,,,
1205791,2019/20,2019-11-14,"GSSS, Sector 26",1,12.3,Railways,Punjab,Vikrant Rajput,M Ahmed,S Kaul,0,0,,,,,,,,,
1205791,2019/20,2019-11-14,"GSSS, Sector 26",1,12.4,Railways,Punjab,Vikrant Rajput,M Ahmed,S Kaul,1,0,,,,,,,,,
1205791,2019/20,2019-11-14,"GSSS, Sector 26",1,12.5,Railways,Punjab,M Ahmed,Vikrant Rajput,S Kaul,0,0,,,,,,,,,
1205791,2019/20,2019-11-14,"GSSS, Sector 26",1,12.6,Railways,Punjab,M Ahmed,Vikrant Rajput,S Kaul,0,1,1,,,,,,,,
1205791,2019/20,2019-11-14,"GSSS, Sector 26",1,12.7,Railways,Punjab,M Ahmed,Vikrant Rajput,S Kaul,0,0,,,,,,,,,
1205791,2019/20,2019-11-14,"GSSS, Sector 26",1,12.8,Railways,Punjab,M Ahmed,Vikrant Rajput,S Kaul,0,0,,,,,,,,,
1205791,2019/20,2019-11-14,"GSSS, Sector 26",1,13.1,Railways,Punjab,Vikrant Rajput,M Ahmed,M Markande,1,0,,,,,,,,,
1205791,2019/20,2019-11-14,"GSSS, Sector 26",1,13.2,Railways,Punjab,M Ahmed,Vikrant Rajput,M Markande,0,1,,,,1,,,,,
1205791,2019/20,2019-11-14,"GSSS, Sector 26",1,13.3,Railways,Punjab,Vikrant Rajput,M Ahmed,M Markande,6,0,,,,,,,,,
1205791,2019/20,2019-11-14,"GSSS, Sector 26",1,13.4,Railways,Punjab,Vikrant Rajput,M Ahmed,M Markande,1,0,,,,,,,,,
1205791,2019/20,2019-11-14,"GSSS, Sector 26",1,13.5,Railways,Punjab,M Ahmed,Vikrant Rajput,M Markande,6,0,,,,,,,,,
1205791,2019/20,2019-11-14,"GSSS, Sector 26",1,13.6,Railways,Punjab,M Ahmed,Vikrant Rajput,M Markande,6,0,,,,,,,,,
1205791,2019/20,2019-11-14,"GSSS, Sector 26",1,14.1,Railways,Punjab,Vikrant Rajput,M Ahmed,Mandeep Singh,0,0,,,,,,caught,Vikrant Rajput,,
1205791,2019/20,2019-11-14,"GSSS, Sector 26",1,14.2,Railways,Punjab,KV Sharma,M Ahmed,Mandeep Singh,2,0,,,,,,,,,
1205791,2019/20,2019-11-14,"GSSS, Sector 26",1,14.3,Railways,Punjab,KV Sharma,M Ahmed,Mandeep Singh,0,0,,,,,,,,,
1205791,2019/20,2019-11-14,"GSSS, Sector 26",1,14.4,Railways,Punjab,KV Sharma,M Ahmed,Mandeep Singh,0,0,,,,,,,,,
1205791,2019/20,2019-11-14,"GSSS, Sector 26",1,14.5,Railways,Punjab,KV Sharma,M Ahmed,Mandeep Singh,6,0,,,,,,,,,
1205791,2019/20,2019-11-14,"GSSS, Sector 26",1,14.6,Railways,Punjab,KV Sharma,M Ahmed,Mandeep Singh,1,0,,,,,,,,,
1205791,2019/20,2019-11-14,"GSSS, Sector 26",1,15.1,Railways,Punjab,KV Sharma,M Ahmed,Baltej Singh,4,0,,,,,,,,,
1205791,2019/20,2019-11-14,"GSSS, Sector 26",1,15.2,Railways,Punjab,KV Sharma,M Ahmed,Baltej Singh,0,1,,,,1,,,,,
1205791,2019/20,2019-11-14,"GSSS, Sector 26",1,15.3,Railways,Punjab,M Ahmed,KV Sharma,Baltej Singh,1,0,,,,,,,,,
1205791,2019/20,2019-11-14,"GSSS, Sector 26",1,15.4,Railways,Punjab,KV Sharma,M Ahmed,Baltej Singh,1,0,,,,,,,,,
1205791,2019/20,2019-11-14,"GSSS, Sector 26",1,15.5,Railways,Punjab,M Ahmed,KV Sharma,Baltej Singh,0,0,,,,,,,,,
1205791,2019/20,2019-11-14,"GSSS, Sector 26",1,15.6,Railways,Punjab,M Ahmed,KV Sharma,Baltej Singh,1,0,,,,,,,,,
1205791,2019/20,2019-11-14,"GSSS, Sector 26",1,16.1,Railways,Punjab,M Ahmed,KV Sharma,S Kaul,1,0,,,,,,,,,
1205791,2019/20,2019-11-14,"GSSS, Sector 26",1,16.2,Railways,Punjab,KV Sharma,M Ahmed,S Kaul,0,0,,,,,,caught,KV Sharma,,
1205791,2019/20,2019-11-14,"GSSS, Sector 26",1,16.3,Railways,Punjab,M Ahmed,T Pradeep,S Kaul,0,1,,,,1,,,,,
1205791,2019/20,2019-11-14,"GSSS, Sector 26",1,16.4,Railways,Punjab,T Pradeep,M Ahmed,S Kaul,1,0,,,,,,,,,
1205791,2019/20,2019-11-14,"GSSS, Sector 26",1,16.5,Railways,Punjab,M Ahmed,T Pradeep,S Kaul,1,0,,,,,,,,,
1205791,2019/20,2019-11-14,"GSSS, Sector 26",1,16.6,Railways,Punjab,T Pradeep,M Ahmed,S Kaul,1,0,,,,,,,,,
1205791,2019/20,2019-11-14,"GSSS, Sector 26",1,17.1,Railways,Punjab,T Pradeep,M Ahmed,Sandeep Sharma,1,0,,,,,,,,,
1205791,2019/20,2019-11-14,"GSSS, Sector 26",1,17.2,Railways,Punjab,M Ahmed,T Pradeep,Sandeep Sharma,0,1,,,,1,,,,,
1205791,2019/20,2019-11-14,"GSSS, Sector 26",1,17.3,Railways,Punjab,T Pradeep,M Ahmed,Sandeep Sharma,0,0,,,,,,,,,
1205791,2019/20,2019-11-14,"GSSS, Sector 26",1,17.4,Railways,Punjab,T Pradeep,M Ahmed,Sandeep Sharma,1,0,,,,,,,,,
1205791,2019/20,2019-11-14,"GSSS, Sector 26",1,17.5,Railways,Punjab,M Ahmed,T Pradeep,Sandeep Sharma,4,0,,,,,,,,,
1205791,2019/20,2019-11-14,"GSSS, Sector 26",1,17.6,Railways,Punjab,M Ahmed,T Pradeep,Sandeep Sharma,0,0,,,,,,,,,
1205791,2019/20,2019-11-14,"GSSS, Sector 26",1,18.1,Railways,Punjab,T Pradeep,M Ahmed,S Kaul,0,0,,,,,,caught,T Pradeep,,
1205791,2019/20,2019-11-14,"GSSS, Sector 26",1,18.2,Railways,Punjab,M Ahmed,KP Kakad,S Kaul,0,0,,,,,,run out,KP Kakad,,
1205791,2019/20,2019-11-14,"GSSS, Sector 26",1,18.3,Railways,Punjab,Harsh Tyagi,M Ahmed,S Kaul,0,0,,,,,,,,,
1205791,2019/20,2019-11-14,"GSSS, Sector 26",1,18.4,Railways,Punjab,Harsh Tyagi,M Ahmed,S Kaul,0,0,,,,,,caught,Harsh Tyagi,,
1205791,2019/20,2019-11-14,"GSSS, Sector 26",1,18.5,Railways,Punjab,Dinesh Mor,M Ahmed,S Kaul,1,0,,,,,,,,,
1205791,2019/20,2019-11-14,"GSSS, Sector 26",1,18.6,Railways,Punjab,M Ahmed,Dinesh Mor,S Kaul,1,0,,,,,,,,,
1205791,2019/20,2019-11-14,"GSSS, Sector 26",1,19.1,Railways,Punjab,M Ahmed,Dinesh Mor,Sandeep Sharma,4,0,,,,,,,,,
1205791,2019/20,2019-11-14,"GSSS, Sector 26",1,19.2,Railways,Punjab,M Ahmed,Dinesh Mor,Sandeep Sharma,0,0,,,,,,lbw,M Ahmed,,
1205791,2019/20,2019-11-14,"GSSS, Sector 26",1,19.3,Railways,Punjab,Himanshu Sangwan,Dinesh Mor,Sandeep Sharma,2,0,,,,,,,,,
1205791,2019/20,2019-11-14,"GSSS, Sector 26",1,19.4,Railways,Punjab,Himanshu Sangwan,Dinesh Mor,Sandeep Sharma,0,0,,,,,,,,,
1205791,2019/20,2019-11-14,"GSSS, Sector 26",1,19.5,Railways,Punjab,Himanshu Sangwan,Dinesh Mor,Sandeep Sharma,6,0,,,,,,,,,
1205791,2019/20,2019-11-14,"GSSS, Sector 26",1,19.6,Railways,Punjab,Himanshu Sangwan,Dinesh Mor,Sandeep Sharma,0,1,,,1,,,,,,
1205791,2019/20,2019-11-14,"GSSS, Sector 26",2,0.1,Punjab,Railways,Abhishek Sharma,P Simran Singh,T Pradeep,1,0,,,,,,,,,
1205791,2019/20,2019-11-14,"GSSS, Sector 26",2,0.2,Punjab,Railways,P Simran Singh,Abhishek Sharma,T Pradeep,0,0,,,,,,,,,
1205791,2019/20,2019-11-14,"GSSS, Sector 26",2,0.3,Punjab,Railways,P Simran Singh,Abhishek Sharma,T Pradeep,1,0,,,,,,,,,
1205791,2019/20,2019-11-14,"GSSS, Sector 26",2,0.4,Punjab,Railways,Abhishek Sharma,P Simran Singh,T Pradeep,0,0,,,,,,,,,
1205791,2019/20,2019-11-14,"GSSS, Sector 26",2,0.5,Punjab,Railways,Abhishek Sharma,P Simran Singh,T Pradeep,0,0,,,,,,,,,
1205791,2019/20,2019-11-14,"GSSS, Sector 26",2,0.6,Punjab,Railways,Abhishek Sharma,P Simran Singh,T Pradeep,4,0,,,,,,,,,
1205791,2019/20,2019-11-14,"GSSS, Sector 26",2,1.1,Punjab,Railways,P Simran Singh,Abhishek Sharma,Himanshu Sangwan,0,0,,,,,,,,,
1205791,2019/20,2019-11-14,"GSSS, Sector 26",2,1.2,Punjab,Railways,P Simran Singh,Abhishek Sharma,Himanshu Sangwan,0,0,,,,,,caught,P Simran Singh,,
1205791,2019/20,2019-11-14,"GSSS, Sector 26",2,1.3,Punjab,Railways,Anmolpreet Singh,Abhishek Sharma,Himanshu Sangwan,2,0,,,,,,,,,
1205791,2019/20,2019-11-14,"GSSS, Sector 26",2,1.4,Punjab,Railways,Anmolpreet Singh,Abhishek Sharma,Himanshu Sangwan,0,0,,,,,,,,,
1205791,2019/20,2019-11-14,"GSSS, Sector 26",2,1.5,Punjab,Railways,Anmolpreet Singh,Abhishek Sharma,Himanshu Sangwan,1,0,,,,,,,,,
1205791,2019/20,2019-11-14,"GSSS, Sector 26",2,1.6,Punjab,Railways,Abhishek Sharma,Anmolpreet Singh,Himanshu Sangwan,0,0,,,,,,,,,
1205791,2019/20,2019-11-14,"GSSS, Sector 26",2,2.1,Punjab,Railways,Anmolpreet Singh,Abhishek Sharma,Karthik Raman,1,0,,,,,,,,,
1205791,2019/20,2019-11-14,"GSSS, Sector 26",2,2.2,Punjab,Railways,Abhishek Sharma,Anmolpreet Singh,Karthik Raman,4,0,,,,,,,,,
1205791,2019/20,2019-11-14,"GSSS, Sector 26",2,2.3,Punjab,Railways,Abhishek Sharma,Anmolpreet Singh,Karthik Raman,0,0,,,,,,,,,
1205791,2019/20,2019-11-14,"GSSS, Sector 26",2,2.4,Punjab,Railways,Abhishek Sharma,Anmolpreet Singh,Karthik Raman,4,0,,,,,,,,,
1205791,2019/20,2019-11-14,"GSSS, Sector 26",2,2.5,Punjab,Railways,Abhishek Sharma,Anmolpreet Singh,Karthik Raman,0,0,,,,,,caught,Abhishek Sharma,,
1205791,2019/20,2019-11-14,"GSSS, Sector 26",2,2.6,Punjab,Railways,Mandeep Singh,Anmolpreet Singh,Karthik Raman,0,0,,,,,,,,,
1205791,2019/20,2019-11-14,"GSSS, Sector 26",2,3.1,Punjab,Railways,Anmolpreet Singh,Mandeep Singh,Harsh Tyagi,1,0,,,,,,,,,
1205791,2019/20,2019-11-14,"GSSS, Sector 26",2,3.2,Punjab,Railways,Mandeep Singh,Anmolpreet Singh,Harsh Tyagi,1,0,,,,,,,,,
1205791,2019/20,2019-11-14,"GSSS, Sector 26",2,3.3,Punjab,Railways,Anmolpreet Singh,Mandeep Singh,Harsh Tyagi,0,0,,,,,,,,,
1205791,2019/20,2019-11-14,"GSSS, Sector 26",2,3.4,Punjab,Railways,Anmolpreet Singh,Mandeep Singh,Harsh Tyagi,1,0,,,,,,,,,
1205791,2019/20,2019-11-14,"GSSS, Sector 26",2,3.5,Punjab,Railways,Mandeep Singh,Anmolpreet Singh,Harsh Tyagi,1,0,,,,,,,,,
1205791,2019/20,2019-11-14,"GSSS, Sector 26",2,3.6,Punjab,Railways,Anmolpreet Singh,Mandeep Singh,Harsh Tyagi,0,0,,,,,,,,,
1205791,2019/20,2019-11-14,"GSSS, Sector 26",2,4.1,Punjab,Railways,Mandeep Singh,Anmolpreet Singh,Himanshu Sangwan,1,0,,,,,,,,,
1205791,2019/20,2019-11-14,"GSSS, Sector 26",2,4.2,Punjab,Railways,Anmolpreet Singh,Mandeep Singh,Himanshu Sangwan,1,0,,,,,,,,,
1205791,2019/20,2019-11-14,"GSSS, Sector 26",2,4.3,Punjab,Railways,Mandeep Singh,Anmolpreet Singh,Himanshu Sangwan,1,0,,,,,,,,,
1205791,2019/20,2019-11-14,"GSSS, Sector 26",2,4.4,Punjab,Railways,Anmolpreet Singh,Mandeep Singh,Himanshu Sangwan,6,0,,,,,,,,,
1205791,2019/20,2019-11-14,"GSSS, Sector 26",2,4.5,Punjab,Railways,Anmolpreet Singh,Mandeep Singh,Himanshu Sangwan,0,0,,,,,,,,,
1205791,2019/20,2019-11-14,"GSSS, Sector 26",2,4.6,Punjab,Railways,Anmolpreet Singh,Mandeep Singh,Himanshu Sangwan,4,0,,,,,,,,,
1205791,2019/20,2019-11-14,"GSSS, Sector 26",2,5.1,Punjab,Railways,Mandeep Singh,Anmolpreet Singh,Harsh Tyagi,4,0,,,,,,,,,
1205791,2019/20,2019-11-14,"GSSS, Sector 26",2,5.2,Punjab,Railways,Mandeep Singh,Anmolpreet Singh,Harsh Tyagi,1,0,,,,,,,,,
1205791,2019/20,2019-11-14,"GSSS, Sector 26",2,5.3,Punjab,Railways,Anmolpreet Singh,Mandeep Singh,Harsh Tyagi,0,0,,,,,,,,,
1205791,2019/20,2019-11-14,"GSSS, Sector 26",2,5.4,Punjab,Railways,Anmolpreet Singh,Mandeep Singh,Harsh Tyagi,1,0,,,,,,,,,
1205791,2019/20,2019-11-14,"GSSS, Sector 26",2,5.5,Punjab,Railways,Mandeep Singh,Anmolpreet Singh,Harsh Tyagi,0,0,,,,,,caught,Mandeep Singh,,
1205791,2019/20,2019-11-14,"GSSS, Sector 26",2,5.6,Punjab,Railways,Gurkeerat Singh,Anmolpreet Singh,Harsh Tyagi,0,0,,,,,,,,,
1205791,2019/20,2019-11-14,"GSSS, Sector 26",2,6.1,Punjab,Railways,Anmolpreet Singh,Gurkeerat Singh,KV Sharma,0,1,,,,1,,,,,
1205791,2019/20,2019-11-14,"GSSS, Sector 26",2,6.2,Punjab,Railways,Gurkeerat Singh,Anmolpreet Singh,KV Sharma,1,0,,,,,,,,,
1205791,2019/20,2019-11-14,"GSSS, Sector 26",2,6.3,Punjab,Railways,Anmolpreet Singh,Gurkeerat Singh,KV Sharma,1,0,,,,,,,,,
1205791,2019/20,2019-11-14,"GSSS, Sector 26",2,6.4,Punjab,Railways,Gurkeerat Singh,Anmolpreet Singh,KV Sharma,1,0,,,,,,,,,
1205791,2019/20,2019-11-14,"GSSS, Sector 26",2,6.5,Punjab,Railways,Anmolpreet Singh,Gurkeerat Singh,KV Sharma,4,0,,,,,,,,,
1205791,2019/20,2019-11-14,"GSSS, Sector 26",2,6.6,Punjab,Railways,Anmolpreet Singh,Gurkeerat Singh,KV Sharma,1,0,,,,,,,,,
1205791,2019/20,2019-11-14,"GSSS, Sector 26",2,7.1,Punjab,Railways,Anmolpreet Singh,Gurkeerat Singh,Harsh Tyagi,0,0,,,,,,,,,
1205791,2019/20,2019-11-14,"GSSS, Sector 26",2,7.2,Punjab,Railways,Anmolpreet Singh,Gurkeerat Singh,Harsh Tyagi,0,0,,,,,,,,,
1205791,2019/20,2019-11-14,"GSSS, Sector 26",2,7.3,Punjab,Railways,Anmolpreet Singh,Gurkeerat Singh,Harsh Tyagi,0,0,,,,,,,,,
1205791,2019/20,2019-11-14,"GSSS, Sector 26",2,7.4,Punjab,Railways,Anmolpreet Singh,Gurkeerat Singh,Harsh Tyagi,1,0,,,,,,,,,
1205791,2019/20,2019-11-14,"GSSS, Sector 26",2,7.5,Punjab,Railways,Gurkeerat Singh,Anmolpreet Singh,Harsh Tyagi,4,0,,,,,,,,,
1205791,2019/20,2019-11-14,"GSSS, Sector 26",2,7.6,Punjab,Railways,Gurkeerat Singh,Anmolpreet Singh,Harsh Tyagi,0,0,,,,,,,,,
1205791,2019/20,2019-11-14,"GSSS, Sector 26",2,8.1,Punjab,Railways,Anmolpreet Singh,Gurkeerat Singh,KV Sharma,1,0,,,,,,,,,
1205791,2019/20,2019-11-14,"GSSS, Sector 26",2,8.2,Punjab,Railways,Gurkeerat Singh,Anmolpreet Singh,KV Sharma,1,0,,,,,,,,,
1205791,2019/20,2019-11-14,"GSSS, Sector 26",2,8.3,Punjab,Railways,Anmolpreet Singh,Gurkeerat Singh,KV Sharma,4,0,,,,,,,,,
1205791,2019/20,2019-11-14,"GSSS, Sector 26",2,8.4,Punjab,Railways,Anmolpreet Singh,Gurkeerat Singh,KV Sharma,1,0,,,,,,,,,
1205791,2019/20,2019-11-14,"GSSS, Sector 26",2,8.5,Punjab,Railways,Gurkeerat Singh,Anmolpreet Singh,KV Sharma,0,0,,,,,,,,,
1205791,2019/20,2019-11-14,"GSSS, Sector 26",2,8.6,Punjab,Railways,Gurkeerat Singh,Anmolpreet Singh,KV Sharma,1,0,,,,,,,,,
1205791,2019/20,2019-11-14,"GSSS, Sector 26",2,9.1,Punjab,Railways,Gurkeerat Singh,Anmolpreet Singh,Harsh Tyagi,0,0,,,,,,,,,
1205791,2019/20,2019-11-14,"GSSS, Sector 26",2,9.2,Punjab,Railways,Gurkeerat Singh,Anmolpreet Singh,Harsh Tyagi,0,0,,,,,,,,,
1205791,2019/20,2019-11-14,"GSSS, Sector 26",2,9.3,Punjab,Railways,Gurkeerat Singh,Anmolpreet Singh,Harsh Tyagi,0,0,,,,,,,,,
1205791,2019/20,2019-11-14,"GSSS, Sector 26",2,9.4,Punjab,Railways,Gurkeerat Singh,Anmolpreet Singh,Harsh Tyagi,0,0,,,,,,,,,
1205791,2019/20,2019-11-14,"GSSS, Sector 26",2,9.5,Punjab,Railways,Gurkeerat Singh,Anmolpreet Singh,Harsh Tyagi,0,0,,,,,,,,,
1205791,2019/20,2019-11-14,"GSSS, Sector 26",2,9.6,Punjab,Railways,Gurkeerat Singh,Anmolpreet Singh,Harsh Tyagi,0,0,,,,,,,,,
1205791,2019/20,2019-11-14,"GSSS, Sector 26",2,10.1,Punjab,Railways,Anmolpreet Singh,Gurkeerat Singh,T Pradeep,0,0,,,,,,,,,
1205791,2019/20,2019-11-14,"GSSS, Sector 26",2,10.2,Punjab,Railways,Anmolpreet Singh,Gurkeerat Singh,T Pradeep,1,0,,,,,,,,,
1205791,2019/20,2019-11-14,"GSSS, Sector 26",2,10.3,Punjab,Railways,Gurkeerat Singh,Anmolpreet Singh,T Pradeep,1,0,,,,,,,,,
1205791,2019/20,2019-11-14,"GSSS, Sector 26",2,10.4,Punjab,Railways,Anmolpreet Singh,Gurkeerat Singh,T Pradeep,1,0,,,,,,,,,
1205791,2019/20,2019-11-14,"GSSS, Sector 26",2,10.5,Punjab,Railways,Gurkeerat Singh,Anmolpreet Singh,T Pradeep,4,0,,,,,,,,,
1205791,2019/20,2019-11-14,"GSSS, Sector 26",2,10.6,Punjab,Railways,Gurkeerat Singh,Anmolpreet Singh,T Pradeep,0,0,,,,,,,,,
1205791,2019/20,2019-11-14,"GSSS, Sector 26",2,11.1,Punjab,Railways,Anmolpreet Singh,Gurkeerat Singh,KV Sharma,1,0,,,,,,,,,
1205791,2019/20,2019-11-14,"GSSS, Sector 26",2,11.2,Punjab,Railways,Gurkeerat Singh,Anmolpreet Singh,KV Sharma,6,0,,,,,,,,,
1205791,2019/20,2019-11-14,"GSSS, Sector 26",2,11.3,Punjab,Railways,Gurkeerat Singh,Anmolpreet Singh,KV Sharma,0,0,,,,,,,,,
1205791,2019/20,2019-11-14,"GSSS, Sector 26",2,11.4,Punjab,Railways,Gurkeerat Singh,Anmolpreet Singh,KV Sharma,1,0,,,,,,,,,
1205791,2019/20,2019-11-14,"GSSS, Sector 26",2,11.5,Punjab,Railways,Anmolpreet Singh,Gurkeerat Singh,KV Sharma,2,0,,,,,,,,,
1205791,2019/20,2019-11-14,"GSSS, Sector 26",2,11.6,Punjab,Railways,Anmolpreet Singh,Gurkeerat Singh,KV Sharma,0,0,,,,,,,,,
1205791,2019/20,2019-11-14,"GSSS, Sector 26",2,12.1,Punjab,Railways,Gurkeerat Singh,Anmolpreet Singh,KP Kakad,1,0,,,,,,,,,
1205791,2019/20,2019-11-14,"GSSS, Sector 26",2,12.2,Punjab,Railways,Anmolpreet Singh,Gurkeerat Singh,KP Kakad,1,0,,,,,,,,,
1205791,2019/20,2019-11-14,"GSSS, Sector 26",2,12.3,Punjab,Railways,Gurkeerat Singh,Anmolpreet Singh,KP Kakad,1,0,,,,,,,,,
1205791,2019/20,2019-11-14,"GSSS, Sector 26",2,12.4,Punjab,Railways,Anmolpreet Singh,Gurkeerat Singh,KP Kakad,6,0,,,,,,,,,
1205791,2019/20,2019-11-14,"GSSS, Sector 26",2,12.5,Punjab,Railways,Anmolpreet Singh,Gurkeerat Singh,KP Kakad,1,0,,,,,,,,,
1205791,2019/20,2019-11-14,"GSSS, Sector 26",2,12.6,Punjab,Railways,Gurkeerat Singh,Anmolpreet Singh,KP Kakad,1,0,,,,,,,,,
1205791,2019/20,2019-11-14,"GSSS, Sector 26",2,13.1,Punjab,Railways,Gurkeerat Singh,Anmolpreet Singh,Karthik Raman,6,0,,,,,,,,,
1205791,2019/20,2019-11-14,"GSSS, Sector 26",2,13.2,Punjab,Railways,Gurkeerat Singh,Anmolpreet Singh,Karthik Raman,1,0,,,,,,,,,
1205791,2019/20,2019-11-14,"GSSS, Sector 26",2,13.3,Punjab,Railways,Anmolpreet Singh,Gurkeerat Singh,Karthik Raman,1,0,,,,,,,,,
1205791,2019/20,2019-11-14,"GSSS, Sector 26",2,13.4,Punjab,Railways,Gurkeerat Singh,Anmolpreet Singh,Karthik Raman,0,0,,,,,,lbw,Gurkeerat Singh,,
1205791,2019/20,2019-11-14,"GSSS, Sector 26",2,13.5,Punjab,Railways,Sharad Lumba,Anmolpreet Singh,Karthik Raman,1,0,,,,,,,,,
1205791,2019/20,2019-11-14,"GSSS, Sector 26",2,13.6,Punjab,Railways,Anmolpreet Singh,Sharad Lumba,Karthik Raman,1,0,,,,,,,,,
1205791,2019/20,2019-11-14,"GSSS, Sector 26",2,14.1,Punjab,Railways,Anmolpreet Singh,Sharad Lumba,Himanshu Sangwan,1,0,,,,,,,,,
1205791,2019/20,2019-11-14,"GSSS, Sector 26",2,14.2,Punjab,Railways,Sharad Lumba,Anmolpreet Singh,Himanshu Sangwan,0,0,,,,,,,,,
1205791,2019/20,2019-11-14,"GSSS, Sector 26",2,14.3,Punjab,Railways,Sharad Lumba,Anmolpreet Singh,Himanshu Sangwan,1,0,,,,,,,,,
1205791,2019/20,2019-11-14,"GSSS, Sector 26",2,14.4,Punjab,Railways,Anmolpreet Singh,Sharad Lumba,Himanshu Sangwan,4,0,,,,,,,,,
1205791,2019/20,2019-11-14,"GSSS, Sector 26",2,14.5,Punjab,Railways,Anmolpreet Singh,Sharad Lumba,Himanshu Sangwan,2,0,,,,,,,,,
1205791,2019/20,2019-11-14,"GSSS, Sector 26",2,14.6,Punjab,Railways,Anmolpreet Singh,Sharad Lumba,Himanshu Sangwan,0,0,,,,,,,,,
1205791,2019/20,2019-11-14,"GSSS, Sector 26",2,15.1,Punjab,Railways,Sharad Lumba,Anmolpreet Singh,Karthik Raman,4,0,,,,,,,,,
1205791,2019/20,2019-11-14,"GSSS, Sector 26",2,15.2,Punjab,Railways,Sharad Lumba,Anmolpreet Singh,Karthik Raman,1,0,,,,,,,,,
1205791,2019/20,2019-11-14,"GSSS, Sector 26",2,15.3,Punjab,Railways,Anmolpreet Singh,Sharad Lumba,Karthik Raman,1,0,,,,,,,,,
1205791,2019/20,2019-11-14,"GSSS, Sector 26",2,15.4,Punjab,Railways,Sharad Lumba,Anmolpreet Singh,Karthik Raman,1,0,,,,,,,,,
1205791,2019/20,2019-11-14,"GSSS, Sector 26",2,15.5,Punjab,Railways,Anmolpreet Singh,Sharad Lumba,Karthik Raman,0,0,,,,,,,,,
1205791,2019/20,2019-11-14,"GSSS, Sector 26",2,15.6,Punjab,Railways,Anmolpreet Singh,Sharad Lumba,Karthik Raman,1,0,,,,,,,,,
1205791,2019/20,2019-11-14,"GSSS, Sector 26",2,16.1,Punjab,Railways,Anmolpreet Singh,Sharad Lumba,T Pradeep,6,0,,,,,,,,,
1205791,2019/20,2019-11-14,"GSSS, Sector 26",2,16.2,Punjab,Railways,Anmolpreet Singh,Sharad Lumba,T Pradeep,4,0,,,,,,,,,
1205791,2019/20,2019-11-14,"GSSS, Sector 26",2,16.3,Punjab,Railways,Anmolpreet Singh,Sharad Lumba,T Pradeep,1,0,,,,,,,,,
1205791,2019/20,2019-11-14,"GSSS, Sector 26",2,16.4,Punjab,Railways,Sharad Lumba,Anmolpreet Singh,T Pradeep,1,0,,,,,,,,,
1205791,2019/20,2019-11-14,"GSSS, Sector 26",2,16.5,Punjab,Railways,Anmolpreet Singh,Sharad Lumba,T Pradeep,1,0,,,,,,,,,
1205791,2019/20,2019-11-14,"GSSS, Sector 26",2,16.6,Punjab,Railways,Sharad Lumba,Anmolpreet Singh,T Pradeep,0,0,,,,,,caught,Sharad Lumba,,
1205791,2019/20,2019-11-14,"GSSS, Sector 26",2,17.1,Punjab,Railways,Harpreet Brar,Anmolpreet Singh,Himanshu Sangwan,1,0,,,,,,,,,
1205791,2019/20,2019-11-14,"GSSS, Sector 26",2,17.2,Punjab,Railways,Anmolpreet Singh,Harpreet Brar,Himanshu Sangwan,1,0,,,,,,,,,
1205791,2019/20,2019-11-14,"GSSS, Sector 26",2,17.3,Punjab,Railways,Harpreet Brar,Anmolpreet Singh,Himanshu Sangwan,1,0,,,,,,,,,
1205791,2019/20,2019-11-14,"GSSS, Sector 26",2,17.4,Punjab,Railways,Anmolpreet Singh,Harpreet Brar,Himanshu Sangwan,6,0,,,,,,,,,
1205791,2019/20,2019-11-14,"GSSS, Sector 26",2,17.5,Punjab,Railways,Anmolpreet Singh,Harpreet Brar,Himanshu Sangwan,1,0,,,,,,,,,
1205791,2019/20,2019-11-14,"GSSS, Sector 26",2,17.6,Punjab,Railways,Harpreet Brar,Anmolpreet Singh,Himanshu Sangwan,1,0,,,,,,,,,
1205791,2019/20,2019-11-14,"GSSS, Sector 26",2,18.1,Punjab,Railways,Harpreet Brar,Anmolpreet Singh,Karthik Raman,6,0,,,,,,,,,
1205791,2019/20,2019-11-14,"GSSS, Sector 26",2,18.2,Punjab,Railways,Harpreet Brar,Anmolpreet Singh,Karthik Raman,4,0,,,,,,,,,
1205791,2019/20,2019-11-14,"GSSS, Sector 26",2,18.3,Punjab,Railways,Harpreet Brar,Anmolpreet Singh,Karthik Raman,1,0,,,,,,,,,
1205791,2019/20,2019-11-14,"GSSS, Sector 26",2,18.4,Punjab,Railways,Anmolpreet Singh,Harpreet Brar,Karthik Raman,1,0,,,,,,,,,
1205791,2019/20,2019-11-14,"GSSS, Sector 26",2,18.5,Punjab,Railways,Harpreet Brar,Anmolpreet Singh,Karthik Raman,0,0,,,,,,caught,Harpreet Brar,,
1205791,2019/20,2019-11-14,"GSSS, Sector 26",2,18.6,Punjab,Railways,Anmolpreet Singh,M Markande,Karthik Raman,1,0,,,,,,,,,
1205791,2019/20,2019-11-14,"GSSS, Sector 26",2,19.1,Punjab,Railways,Anmolpreet Singh,M Markande,T Pradeep,6,0,,,,,,,,,
1205791,2019/20,2019-11-14,"GSSS, Sector 26",2,19.2,Punjab,Railways,Anmolpreet Singh,M Markande,T Pradeep,1,0,,,,,,,,,
1205791,2019/20,2019-11-14,"GSSS, Sector 26",2,19.3,Punjab,Railways,M Markande,Anmolpreet Singh,T Pradeep,0,0,,,,,,,,,
1205791,2019/20,2019-11-14,"GSSS, Sector 26",2,19.4,Punjab,Railways,M Markande,Anmolpreet Singh,T Pradeep,1,0,,,,,,,,,
1205791,2019/20,2019-11-14,"GSSS, Sector 26",2,19.5,Punjab,Railways,Anmolpreet Singh,M Markande,T Pradeep,0,0,,,,,,,,,
1205791,2019/20,2019-11-14,"GSSS, Sector 26",2,19.6,Punjab,Railways,Anmolpreet Singh,M Markande,T Pradeep,0,0,,,,,,run out,Anmolpreet Singh,,
