match_id,season,start_date,venue,innings,ball,batting_team,bowling_team,striker,non_striker,bowler,runs_off_bat,extras,wides,noballs,byes,legbyes,penalty,wicket_type,player_dismissed,other_wicket_type,other_player_dismissed
1205764,2019/20,2019-11-11,Wankhede Stadium,1,0.1,Madhya Pradesh,Mumbai,NV Ojha,Ashutosh Sharma,DS Kulkarni,0,0,,,,,,run out,Ashutosh Sharma,,
1205764,2019/20,2019-11-11,Wankhede Stadium,1,0.2,Madhya Pradesh,Mumbai,NV Ojha,RM Patidar,DS Kulkarni,0,0,,,,,,,,,
1205764,2019/20,2019-11-11,Wankhede Stadium,1,0.3,Madhya Pradesh,Mumbai,NV Ojha,RM Patidar,DS Kulkarni,0,4,,,,4,,,,,
1205764,2019/20,2019-11-11,Wankhede Stadium,1,0.4,Madhya Pradesh,Mumbai,NV Ojha,RM Patidar,DS Kulkarni,0,0,,,,,,,,,
1205764,2019/20,2019-11-11,Wankhede Stadium,1,0.5,Madhya Pradesh,Mumbai,NV Ojha,RM Patidar,DS Kulkarni,0,0,,,,,,,,,
1205764,2019/20,2019-11-11,Wankhede Stadium,1,0.6,Madhya Pradesh,Mumbai,NV Ojha,RM Patidar,DS Kulkarni,1,0,,,,,,,,,
1205764,2019/20,2019-11-11,Wankhede Stadium,1,1.1,Madhya Pradesh,Mumbai,NV Ojha,RM Patidar,TU Deshpande,0,0,,,,,,,,,
1205764,2019/20,2019-11-11,Wankhede Stadium,1,1.2,Madhya Pradesh,Mumbai,NV Ojha,RM Patidar,TU Deshpande,1,0,,,,,,,,,
1205764,2019/20,2019-11-11,Wankhede Stadium,1,1.3,Madhya Pradesh,Mumbai,RM Patidar,NV Ojha,TU Deshpande,4,0,,,,,,,,,
1205764,2019/20,2019-11-11,Wankhede Stadium,1,1.4,Madhya Pradesh,Mumbai,RM Patidar,NV Ojha,TU Deshpande,4,0,,,,,,,,,
1205764,2019/20,2019-11-11,Wankhede Stadium,1,1.5,Madhya Pradesh,Mumbai,RM Patidar,NV Ojha,TU Deshpande,0,0,,,,,,,,,
1205764,2019/20,2019-11-11,Wankhede Stadium,1,1.6,Madhya Pradesh,Mumbai,RM Patidar,NV Ojha,TU Deshpande,1,0,,,,,,,,,
1205764,2019/20,2019-11-11,Wankhede Stadium,1,2.1,Madhya Pradesh,Mumbai,RM Patidar,NV Ojha,SZ Mulani,0,0,,,,,,,,,
1205764,2019/20,2019-11-11,Wankhede Stadium,1,2.2,Madhya Pradesh,Mumbai,RM Patidar,NV Ojha,SZ Mulani,0,1,1,,,,,,,,
1205764,2019/20,2019-11-11,Wankhede Stadium,1,2.3,Madhya Pradesh,Mumbai,RM Patidar,NV Ojha,SZ Mulani,1,0,,,,,,,,,
1205764,2019/20,2019-11-11,Wankhede Stadium,1,2.4,Madhya Pradesh,Mumbai,NV Ojha,RM Patidar,SZ Mulani,0,0,,,,,,,,,
1205764,2019/20,2019-11-11,Wankhede Stadium,1,2.5,Madhya Pradesh,Mumbai,NV Ojha,RM Patidar,SZ Mulani,4,0,,,,,,,,,
1205764,2019/20,2019-11-11,Wankhede Stadium,1,2.6,Madhya Pradesh,Mumbai,NV Ojha,RM Patidar,SZ Mulani,2,0,,,,,,,,,
1205764,2019/20,2019-11-11,Wankhede Stadium,1,2.7,Madhya Pradesh,Mumbai,NV Ojha,RM Patidar,SZ Mulani,0,0,,,,,,,,,
1205764,2019/20,2019-11-11,Wankhede Stadium,1,3.1,Madhya Pradesh,Mumbai,RM Patidar,NV Ojha,DS Kulkarni,0,0,,,,,,,,,
1205764,2019/20,2019-11-11,Wankhede Stadium,1,3.2,Madhya Pradesh,Mumbai,RM Patidar,NV Ojha,DS Kulkarni,1,0,,,,,,,,,
1205764,2019/20,2019-11-11,Wankhede Stadium,1,3.3,Madhya Pradesh,Mumbai,NV Ojha,RM Patidar,DS Kulkarni,4,0,,,,,,,,,
1205764,2019/20,2019-11-11,Wankhede Stadium,1,3.4,Madhya Pradesh,Mumbai,NV Ojha,RM Patidar,DS Kulkarni,0,0,,,,,,,,,
1205764,2019/20,2019-11-11,Wankhede Stadium,1,3.5,Madhya Pradesh,Mumbai,NV Ojha,RM Patidar,DS Kulkarni,6,0,,,,,,,,,
1205764,2019/20,2019-11-11,Wankhede Stadium,1,3.6,Madhya Pradesh,Mumbai,NV Ojha,RM Patidar,DS Kulkarni,4,0,,,,,,,,,
1205764,2019/20,2019-11-11,Wankhede Stadium,1,4.1,Madhya Pradesh,Mumbai,RM Patidar,NV Ojha,SZ Mulani,1,0,,,,,,,,,
1205764,2019/20,2019-11-11,Wankhede Stadium,1,4.2,Madhya Pradesh,Mumbai,NV Ojha,RM Patidar,SZ Mulani,0,0,,,,,,bowled,NV Ojha,,
1205764,2019/20,2019-11-11,Wankhede Stadium,1,4.3,Madhya Pradesh,Mumbai,Parth Sahani,RM Patidar,SZ Mulani,0,0,,,,,,,,,
1205764,2019/20,2019-11-11,Wankhede Stadium,1,4.4,Madhya Pradesh,Mumbai,Parth Sahani,RM Patidar,SZ Mulani,0,0,,,,,,,,,
1205764,2019/20,2019-11-11,Wankhede Stadium,1,4.5,Madhya Pradesh,Mumbai,Parth Sahani,RM Patidar,SZ Mulani,0,0,,,,,,,,,
1205764,2019/20,2019-11-11,Wankhede Stadium,1,4.6,Madhya Pradesh,Mumbai,Parth Sahani,RM Patidar,SZ Mulani,1,0,,,,,,,,,
1205764,2019/20,2019-11-11,Wankhede Stadium,1,5.1,Madhya Pradesh,Mumbai,Parth Sahani,RM Patidar,TU Deshpande,0,0,,,,,,,,,
1205764,2019/20,2019-11-11,Wankhede Stadium,1,5.2,Madhya Pradesh,Mumbai,Parth Sahani,RM Patidar,TU Deshpande,0,0,,,,,,,,,
1205764,2019/20,2019-11-11,Wankhede Stadium,1,5.3,Madhya Pradesh,Mumbai,Parth Sahani,RM Patidar,TU Deshpande,4,0,,,,,,,,,
1205764,2019/20,2019-11-11,Wankhede Stadium,1,5.4,Madhya Pradesh,Mumbai,Parth Sahani,RM Patidar,TU Deshpande,1,0,,,,,,,,,
1205764,2019/20,2019-11-11,Wankhede Stadium,1,5.5,Madhya Pradesh,Mumbai,RM Patidar,Parth Sahani,TU Deshpande,4,0,,,,,,,,,
1205764,2019/20,2019-11-11,Wankhede Stadium,1,5.6,Madhya Pradesh,Mumbai,RM Patidar,Parth Sahani,TU Deshpande,4,0,,,,,,,,,
1205764,2019/20,2019-11-11,Wankhede Stadium,1,6.1,Madhya Pradesh,Mumbai,Parth Sahani,RM Patidar,Sujit Nayak,1,0,,,,,,,,,
1205764,2019/20,2019-11-11,Wankhede Stadium,1,6.2,Madhya Pradesh,Mumbai,RM Patidar,Parth Sahani,Sujit Nayak,1,0,,,,,,,,,
1205764,2019/20,2019-11-11,Wankhede Stadium,1,6.3,Madhya Pradesh,Mumbai,Parth Sahani,RM Patidar,Sujit Nayak,2,0,,,,,,,,,
1205764,2019/20,2019-11-11,Wankhede Stadium,1,6.4,Madhya Pradesh,Mumbai,Parth Sahani,RM Patidar,Sujit Nayak,1,0,,,,,,,,,
1205764,2019/20,2019-11-11,Wankhede Stadium,1,6.5,Madhya Pradesh,Mumbai,RM Patidar,Parth Sahani,Sujit Nayak,1,0,,,,,,,,,
1205764,2019/20,2019-11-11,Wankhede Stadium,1,6.6,Madhya Pradesh,Mumbai,Parth Sahani,RM Patidar,Sujit Nayak,1,0,,,,,,,,,
1205764,2019/20,2019-11-11,Wankhede Stadium,1,7.1,Madhya Pradesh,Mumbai,Parth Sahani,RM Patidar,Atif Attarwala,1,0,,,,,,,,,
1205764,2019/20,2019-11-11,Wankhede Stadium,1,7.2,Madhya Pradesh,Mumbai,RM Patidar,Parth Sahani,Atif Attarwala,1,0,,,,,,,,,
1205764,2019/20,2019-11-11,Wankhede Stadium,1,7.3,Madhya Pradesh,Mumbai,Parth Sahani,RM Patidar,Atif Attarwala,1,0,,,,,,,,,
1205764,2019/20,2019-11-11,Wankhede Stadium,1,7.4,Madhya Pradesh,Mumbai,RM Patidar,Parth Sahani,Atif Attarwala,1,0,,,,,,,,,
1205764,2019/20,2019-11-11,Wankhede Stadium,1,7.5,Madhya Pradesh,Mumbai,Parth Sahani,RM Patidar,Atif Attarwala,1,0,,,,,,,,,
1205764,2019/20,2019-11-11,Wankhede Stadium,1,7.6,Madhya Pradesh,Mumbai,RM Patidar,Parth Sahani,Atif Attarwala,1,0,,,,,,,,,
1205764,2019/20,2019-11-11,Wankhede Stadium,1,8.1,Madhya Pradesh,Mumbai,RM Patidar,Parth Sahani,Sujit Nayak,0,0,,,,,,caught,RM Patidar,,
1205764,2019/20,2019-11-11,Wankhede Stadium,1,8.2,Madhya Pradesh,Mumbai,Anand Bais,Parth Sahani,Sujit Nayak,0,0,,,,,,,,,
1205764,2019/20,2019-11-11,Wankhede Stadium,1,8.3,Madhya Pradesh,Mumbai,Anand Bais,Parth Sahani,Sujit Nayak,1,0,,,,,,,,,
1205764,2019/20,2019-11-11,Wankhede Stadium,1,8.4,Madhya Pradesh,Mumbai,Parth Sahani,Anand Bais,Sujit Nayak,0,0,,,,,,,,,
1205764,2019/20,2019-11-11,Wankhede Stadium,1,8.5,Madhya Pradesh,Mumbai,Parth Sahani,Anand Bais,Sujit Nayak,0,0,,,,,,,,,
1205764,2019/20,2019-11-11,Wankhede Stadium,1,8.6,Madhya Pradesh,Mumbai,Parth Sahani,Anand Bais,Sujit Nayak,1,0,,,,,,,,,
1205764,2019/20,2019-11-11,Wankhede Stadium,1,9.1,Madhya Pradesh,Mumbai,Parth Sahani,Anand Bais,Atif Attarwala,1,0,,,,,,,,,
1205764,2019/20,2019-11-11,Wankhede Stadium,1,9.2,Madhya Pradesh,Mumbai,Anand Bais,Parth Sahani,Atif Attarwala,1,0,,,,,,,,,
1205764,2019/20,2019-11-11,Wankhede Stadium,1,9.3,Madhya Pradesh,Mumbai,Parth Sahani,Anand Bais,Atif Attarwala,0,0,,,,,,,,,
1205764,2019/20,2019-11-11,Wankhede Stadium,1,9.4,Madhya Pradesh,Mumbai,Parth Sahani,Anand Bais,Atif Attarwala,0,0,,,,,,,,,
1205764,2019/20,2019-11-11,Wankhede Stadium,1,9.5,Madhya Pradesh,Mumbai,Parth Sahani,Anand Bais,Atif Attarwala,0,0,,,,,,,,,
1205764,2019/20,2019-11-11,Wankhede Stadium,1,9.6,Madhya Pradesh,Mumbai,Parth Sahani,Anand Bais,Atif Attarwala,2,0,,,,,,,,,
1205764,2019/20,2019-11-11,Wankhede Stadium,1,10.1,Madhya Pradesh,Mumbai,Anand Bais,Parth Sahani,Sujit Nayak,1,0,,,,,,,,,
1205764,2019/20,2019-11-11,Wankhede Stadium,1,10.2,Madhya Pradesh,Mumbai,Parth Sahani,Anand Bais,Sujit Nayak,6,0,,,,,,,,,
1205764,2019/20,2019-11-11,Wankhede Stadium,1,10.3,Madhya Pradesh,Mumbai,Parth Sahani,Anand Bais,Sujit Nayak,4,0,,,,,,,,,
1205764,2019/20,2019-11-11,Wankhede Stadium,1,10.4,Madhya Pradesh,Mumbai,Parth Sahani,Anand Bais,Sujit Nayak,4,0,,,,,,,,,
1205764,2019/20,2019-11-11,Wankhede Stadium,1,10.5,Madhya Pradesh,Mumbai,Parth Sahani,Anand Bais,Sujit Nayak,1,0,,,,,,,,,
1205764,2019/20,2019-11-11,Wankhede Stadium,1,10.6,Madhya Pradesh,Mumbai,Anand Bais,Parth Sahani,Sujit Nayak,1,0,,,,,,,,,
1205764,2019/20,2019-11-11,Wankhede Stadium,1,11.1,Madhya Pradesh,Mumbai,Anand Bais,Parth Sahani,Shubham Ranjane,1,0,,,,,,,,,
1205764,2019/20,2019-11-11,Wankhede Stadium,1,11.2,Madhya Pradesh,Mumbai,Parth Sahani,Anand Bais,Shubham Ranjane,1,0,,,,,,,,,
1205764,2019/20,2019-11-11,Wankhede Stadium,1,11.3,Madhya Pradesh,Mumbai,Anand Bais,Parth Sahani,Shubham Ranjane,1,0,,,,,,,,,
1205764,2019/20,2019-11-11,Wankhede Stadium,1,11.4,Madhya Pradesh,Mumbai,Parth Sahani,Anand Bais,Shubham Ranjane,1,0,,,,,,,,,
1205764,2019/20,2019-11-11,Wankhede Stadium,1,11.5,Madhya Pradesh,Mumbai,Anand Bais,Parth Sahani,Shubham Ranjane,1,0,,,,,,,,,
1205764,2019/20,2019-11-11,Wankhede Stadium,1,11.6,Madhya Pradesh,Mumbai,Parth Sahani,Anand Bais,Shubham Ranjane,1,0,,,,,,,,,
1205764,2019/20,2019-11-11,Wankhede Stadium,1,12.1,Madhya Pradesh,Mumbai,Parth Sahani,Anand Bais,Atif Attarwala,1,0,,,,,,,,,
1205764,2019/20,2019-11-11,Wankhede Stadium,1,12.2,Madhya Pradesh,Mumbai,Anand Bais,Parth Sahani,Atif Attarwala,1,0,,,,,,,,,
1205764,2019/20,2019-11-11,Wankhede Stadium,1,12.3,Madhya Pradesh,Mumbai,Parth Sahani,Anand Bais,Atif Attarwala,2,0,,,,,,,,,
1205764,2019/20,2019-11-11,Wankhede Stadium,1,12.4,Madhya Pradesh,Mumbai,Parth Sahani,Anand Bais,Atif Attarwala,1,0,,,,,,,,,
1205764,2019/20,2019-11-11,Wankhede Stadium,1,12.5,Madhya Pradesh,Mumbai,Anand Bais,Parth Sahani,Atif Attarwala,1,0,,,,,,,,,
1205764,2019/20,2019-11-11,Wankhede Stadium,1,12.6,Madhya Pradesh,Mumbai,Parth Sahani,Anand Bais,Atif Attarwala,1,0,,,,,,,,,
1205764,2019/20,2019-11-11,Wankhede Stadium,1,13.1,Madhya Pradesh,Mumbai,Parth Sahani,Anand Bais,Shubham Ranjane,6,0,,,,,,,,,
1205764,2019/20,2019-11-11,Wankhede Stadium,1,13.2,Madhya Pradesh,Mumbai,Parth Sahani,Anand Bais,Shubham Ranjane,0,0,,,,,,bowled,Parth Sahani,,
1205764,2019/20,2019-11-11,Wankhede Stadium,1,13.3,Madhya Pradesh,Mumbai,VR Iyer,Anand Bais,Shubham Ranjane,1,0,,,,,,,,,
1205764,2019/20,2019-11-11,Wankhede Stadium,1,13.4,Madhya Pradesh,Mumbai,Anand Bais,VR Iyer,Shubham Ranjane,1,0,,,,,,,,,
1205764,2019/20,2019-11-11,Wankhede Stadium,1,13.5,Madhya Pradesh,Mumbai,VR Iyer,Anand Bais,Shubham Ranjane,1,0,,,,,,,,,
1205764,2019/20,2019-11-11,Wankhede Stadium,1,13.6,Madhya Pradesh,Mumbai,Anand Bais,VR Iyer,Shubham Ranjane,1,0,,,,,,,,,
1205764,2019/20,2019-11-11,Wankhede Stadium,1,14.1,Madhya Pradesh,Mumbai,Anand Bais,VR Iyer,SZ Mulani,1,0,,,,,,,,,
1205764,2019/20,2019-11-11,Wankhede Stadium,1,14.2,Madhya Pradesh,Mumbai,VR Iyer,Anand Bais,SZ Mulani,0,0,,,,,,,,,
1205764,2019/20,2019-11-11,Wankhede Stadium,1,14.3,Madhya Pradesh,Mumbai,VR Iyer,Anand Bais,SZ Mulani,2,0,,,,,,,,,
1205764,2019/20,2019-11-11,Wankhede Stadium,1,14.4,Madhya Pradesh,Mumbai,VR Iyer,Anand Bais,SZ Mulani,2,0,,,,,,,,,
1205764,2019/20,2019-11-11,Wankhede Stadium,1,14.5,Madhya Pradesh,Mumbai,VR Iyer,Anand Bais,SZ Mulani,1,0,,,,,,,,,
1205764,2019/20,2019-11-11,Wankhede Stadium,1,14.6,Madhya Pradesh,Mumbai,Anand Bais,VR Iyer,SZ Mulani,1,0,,,,,,,,,
1205764,2019/20,2019-11-11,Wankhede Stadium,1,15.1,Madhya Pradesh,Mumbai,Anand Bais,VR Iyer,Shubham Ranjane,1,0,,,,,,,,,
1205764,2019/20,2019-11-11,Wankhede Stadium,1,15.2,Madhya Pradesh,Mumbai,VR Iyer,Anand Bais,Shubham Ranjane,2,0,,,,,,,,,
1205764,2019/20,2019-11-11,Wankhede Stadium,1,15.3,Madhya Pradesh,Mumbai,VR Iyer,Anand Bais,Shubham Ranjane,0,0,,,,,,,,,
1205764,2019/20,2019-11-11,Wankhede Stadium,1,15.4,Madhya Pradesh,Mumbai,VR Iyer,Anand Bais,Shubham Ranjane,1,0,,,,,,,,,
1205764,2019/20,2019-11-11,Wankhede Stadium,1,15.5,Madhya Pradesh,Mumbai,Anand Bais,VR Iyer,Shubham Ranjane,2,0,,,,,,,,,
1205764,2019/20,2019-11-11,Wankhede Stadium,1,15.6,Madhya Pradesh,Mumbai,Anand Bais,VR Iyer,Shubham Ranjane,0,1,1,,,,,,,,
1205764,2019/20,2019-11-11,Wankhede Stadium,1,15.7,Madhya Pradesh,Mumbai,Anand Bais,VR Iyer,Shubham Ranjane,1,0,,,,,,,,,
1205764,2019/20,2019-11-11,Wankhede Stadium,1,16.1,Madhya Pradesh,Mumbai,Anand Bais,VR Iyer,DS Kulkarni,1,0,,,,,,,,,
1205764,2019/20,2019-11-11,Wankhede Stadium,1,16.2,Madhya Pradesh,Mumbai,VR Iyer,Anand Bais,DS Kulkarni,1,0,,,,,,,,,
1205764,2019/20,2019-11-11,Wankhede Stadium,1,16.3,Madhya Pradesh,Mumbai,Anand Bais,VR Iyer,DS Kulkarni,1,0,,,,,,,,,
1205764,2019/20,2019-11-11,Wankhede Stadium,1,16.4,Madhya Pradesh,Mumbai,VR Iyer,Anand Bais,DS Kulkarni,1,0,,,,,,,,,
1205764,2019/20,2019-11-11,Wankhede Stadium,1,16.5,Madhya Pradesh,Mumbai,Anand Bais,VR Iyer,DS Kulkarni,2,0,,,,,,,,,
1205764,2019/20,2019-11-11,Wankhede Stadium,1,16.6,Madhya Pradesh,Mumbai,Anand Bais,VR Iyer,DS Kulkarni,1,0,,,,,,,,,
1205764,2019/20,2019-11-11,Wankhede Stadium,1,17.1,Madhya Pradesh,Mumbai,Anand Bais,VR Iyer,TU Deshpande,0,0,,,,,,,,,
1205764,2019/20,2019-11-11,Wankhede Stadium,1,17.2,Madhya Pradesh,Mumbai,Anand Bais,VR Iyer,TU Deshpande,1,0,,,,,,,,,
1205764,2019/20,2019-11-11,Wankhede Stadium,1,17.3,Madhya Pradesh,Mumbai,VR Iyer,Anand Bais,TU Deshpande,0,1,,,,1,,,,,
1205764,2019/20,2019-11-11,Wankhede Stadium,1,17.4,Madhya Pradesh,Mumbai,Anand Bais,VR Iyer,TU Deshpande,1,0,,,,,,,,,
1205764,2019/20,2019-11-11,Wankhede Stadium,1,17.5,Madhya Pradesh,Mumbai,VR Iyer,Anand Bais,TU Deshpande,2,0,,,,,,,,,
1205764,2019/20,2019-11-11,Wankhede Stadium,1,17.6,Madhya Pradesh,Mumbai,VR Iyer,Anand Bais,TU Deshpande,1,0,,,,,,,,,
1205764,2019/20,2019-11-11,Wankhede Stadium,1,18.1,Madhya Pradesh,Mumbai,VR Iyer,Anand Bais,DS Kulkarni,1,0,,,,,,,,,
1205764,2019/20,2019-11-11,Wankhede Stadium,1,18.2,Madhya Pradesh,Mumbai,Anand Bais,VR Iyer,DS Kulkarni,1,0,,,,,,,,,
1205764,2019/20,2019-11-11,Wankhede Stadium,1,18.3,Madhya Pradesh,Mumbai,VR Iyer,Anand Bais,DS Kulkarni,6,0,,,,,,,,,
1205764,2019/20,2019-11-11,Wankhede Stadium,1,18.4,Madhya Pradesh,Mumbai,VR Iyer,Anand Bais,DS Kulkarni,1,0,,,,,,,,,
1205764,2019/20,2019-11-11,Wankhede Stadium,1,18.5,Madhya Pradesh,Mumbai,Anand Bais,VR Iyer,DS Kulkarni,4,0,,,,,,,,,
1205764,2019/20,2019-11-11,Wankhede Stadium,1,18.6,Madhya Pradesh,Mumbai,Anand Bais,VR Iyer,DS Kulkarni,0,0,,,,,,,,,
1205764,2019/20,2019-11-11,Wankhede Stadium,1,19.1,Madhya Pradesh,Mumbai,VR Iyer,Anand Bais,TU Deshpande,1,0,,,,,,,,,
1205764,2019/20,2019-11-11,Wankhede Stadium,1,19.2,Madhya Pradesh,Mumbai,Anand Bais,VR Iyer,TU Deshpande,1,0,,,,,,,,,
1205764,2019/20,2019-11-11,Wankhede Stadium,1,19.3,Madhya Pradesh,Mumbai,VR Iyer,Anand Bais,TU Deshpande,0,0,,,,,,bowled,VR Iyer,,
1205764,2019/20,2019-11-11,Wankhede Stadium,1,19.4,Madhya Pradesh,Mumbai,Ankit Sharma,Anand Bais,TU Deshpande,1,0,,,,,,,,,
1205764,2019/20,2019-11-11,Wankhede Stadium,1,19.5,Madhya Pradesh,Mumbai,Anand Bais,Ankit Sharma,TU Deshpande,1,0,,,,,,,,,
1205764,2019/20,2019-11-11,Wankhede Stadium,1,19.6,Madhya Pradesh,Mumbai,Ankit Sharma,Anand Bais,TU Deshpande,2,0,,,,,,,,,
1205764,2019/20,2019-11-11,Wankhede Stadium,2,0.1,Mumbai,Madhya Pradesh,Jay Bista,AP Tare,Gaurav Yadav,0,0,,,,,,,,,
1205764,2019/20,2019-11-11,Wankhede Stadium,2,0.2,Mumbai,Madhya Pradesh,Jay Bista,AP Tare,Gaurav Yadav,1,0,,,,,,,,,
1205764,2019/20,2019-11-11,Wankhede Stadium,2,0.3,Mumbai,Madhya Pradesh,AP Tare,Jay Bista,Gaurav Yadav,0,0,,,,,,,,,
1205764,2019/20,2019-11-11,Wankhede Stadium,2,0.4,Mumbai,Madhya Pradesh,AP Tare,Jay Bista,Gaurav Yadav,0,0,,,,,,,,,
1205764,2019/20,2019-11-11,Wankhede Stadium,2,0.5,Mumbai,Madhya Pradesh,AP Tare,Jay Bista,Gaurav Yadav,0,0,,,,,,,,,
1205764,2019/20,2019-11-11,Wankhede Stadium,2,0.6,Mumbai,Madhya Pradesh,AP Tare,Jay Bista,Gaurav Yadav,0,0,,,,,,,,,
1205764,2019/20,2019-11-11,Wankhede Stadium,2,1.1,Mumbai,Madhya Pradesh,Jay Bista,AP Tare,IC Pandey,0,0,,,,,,,,,
1205764,2019/20,2019-11-11,Wankhede Stadium,2,1.2,Mumbai,Madhya Pradesh,Jay Bista,AP Tare,IC Pandey,4,0,,,,,,,,,
1205764,2019/20,2019-11-11,Wankhede Stadium,2,1.3,Mumbai,Madhya Pradesh,Jay Bista,AP Tare,IC Pandey,1,0,,,,,,,,,
1205764,2019/20,2019-11-11,Wankhede Stadium,2,1.4,Mumbai,Madhya Pradesh,AP Tare,Jay Bista,IC Pandey,4,0,,,,,,,,,
1205764,2019/20,2019-11-11,Wankhede Stadium,2,1.5,Mumbai,Madhya Pradesh,AP Tare,Jay Bista,IC Pandey,0,0,,,,,,,,,
1205764,2019/20,2019-11-11,Wankhede Stadium,2,1.6,Mumbai,Madhya Pradesh,AP Tare,Jay Bista,IC Pandey,1,0,,,,,,,,,
1205764,2019/20,2019-11-11,Wankhede Stadium,2,2.1,Mumbai,Madhya Pradesh,AP Tare,Jay Bista,Gaurav Yadav,0,0,,,,,,,,,
1205764,2019/20,2019-11-11,Wankhede Stadium,2,2.2,Mumbai,Madhya Pradesh,AP Tare,Jay Bista,Gaurav Yadav,1,0,,,,,,,,,
1205764,2019/20,2019-11-11,Wankhede Stadium,2,2.3,Mumbai,Madhya Pradesh,Jay Bista,AP Tare,Gaurav Yadav,0,0,,,,,,,,,
1205764,2019/20,2019-11-11,Wankhede Stadium,2,2.4,Mumbai,Madhya Pradesh,Jay Bista,AP Tare,Gaurav Yadav,6,0,,,,,,,,,
1205764,2019/20,2019-11-11,Wankhede Stadium,2,2.5,Mumbai,Madhya Pradesh,Jay Bista,AP Tare,Gaurav Yadav,0,0,,,,,,,,,
1205764,2019/20,2019-11-11,Wankhede Stadium,2,2.6,Mumbai,Madhya Pradesh,Jay Bista,AP Tare,Gaurav Yadav,0,0,,,,,,,,,
1205764,2019/20,2019-11-11,Wankhede Stadium,2,3.1,Mumbai,Madhya Pradesh,AP Tare,Jay Bista,Ankit Sharma,0,0,,,,,,,,,
1205764,2019/20,2019-11-11,Wankhede Stadium,2,3.2,Mumbai,Madhya Pradesh,AP Tare,Jay Bista,Ankit Sharma,0,1,,,,1,,,,,
1205764,2019/20,2019-11-11,Wankhede Stadium,2,3.3,Mumbai,Madhya Pradesh,Jay Bista,AP Tare,Ankit Sharma,0,0,,,,,,,,,
1205764,2019/20,2019-11-11,Wankhede Stadium,2,3.4,Mumbai,Madhya Pradesh,Jay Bista,AP Tare,Ankit Sharma,4,0,,,,,,,,,
1205764,2019/20,2019-11-11,Wankhede Stadium,2,3.5,Mumbai,Madhya Pradesh,Jay Bista,AP Tare,Ankit Sharma,4,0,,,,,,,,,
1205764,2019/20,2019-11-11,Wankhede Stadium,2,3.6,Mumbai,Madhya Pradesh,Jay Bista,AP Tare,Ankit Sharma,1,0,,,,,,,,,
1205764,2019/20,2019-11-11,Wankhede Stadium,2,4.1,Mumbai,Madhya Pradesh,Jay Bista,AP Tare,Saransh Jain,4,0,,,,,,,,,
1205764,2019/20,2019-11-11,Wankhede Stadium,2,4.2,Mumbai,Madhya Pradesh,Jay Bista,AP Tare,Saransh Jain,1,0,,,,,,,,,
1205764,2019/20,2019-11-11,Wankhede Stadium,2,4.3,Mumbai,Madhya Pradesh,AP Tare,Jay Bista,Saransh Jain,1,0,,,,,,,,,
1205764,2019/20,2019-11-11,Wankhede Stadium,2,4.4,Mumbai,Madhya Pradesh,Jay Bista,AP Tare,Saransh Jain,4,0,,,,,,,,,
1205764,2019/20,2019-11-11,Wankhede Stadium,2,4.5,Mumbai,Madhya Pradesh,Jay Bista,AP Tare,Saransh Jain,1,0,,,,,,,,,
1205764,2019/20,2019-11-11,Wankhede Stadium,2,4.6,Mumbai,Madhya Pradesh,AP Tare,Jay Bista,Saransh Jain,4,0,,,,,,,,,
1205764,2019/20,2019-11-11,Wankhede Stadium,2,5.1,Mumbai,Madhya Pradesh,Jay Bista,AP Tare,IC Pandey,1,0,,,,,,,,,
1205764,2019/20,2019-11-11,Wankhede Stadium,2,5.2,Mumbai,Madhya Pradesh,AP Tare,Jay Bista,IC Pandey,0,0,,,,,,,,,
1205764,2019/20,2019-11-11,Wankhede Stadium,2,5.3,Mumbai,Madhya Pradesh,AP Tare,Jay Bista,IC Pandey,2,0,,,,,,,,,
1205764,2019/20,2019-11-11,Wankhede Stadium,2,5.4,Mumbai,Madhya Pradesh,AP Tare,Jay Bista,IC Pandey,4,0,,,,,,,,,
1205764,2019/20,2019-11-11,Wankhede Stadium,2,5.5,Mumbai,Madhya Pradesh,AP Tare,Jay Bista,IC Pandey,0,0,,,,,,,,,
1205764,2019/20,2019-11-11,Wankhede Stadium,2,5.6,Mumbai,Madhya Pradesh,AP Tare,Jay Bista,IC Pandey,1,0,,,,,,,,,
1205764,2019/20,2019-11-11,Wankhede Stadium,2,6.1,Mumbai,Madhya Pradesh,AP Tare,Jay Bista,Ankit Sharma,1,0,,,,,,,,,
1205764,2019/20,2019-11-11,Wankhede Stadium,2,6.2,Mumbai,Madhya Pradesh,Jay Bista,AP Tare,Ankit Sharma,1,0,,,,,,,,,
1205764,2019/20,2019-11-11,Wankhede Stadium,2,6.3,Mumbai,Madhya Pradesh,AP Tare,Jay Bista,Ankit Sharma,1,0,,,,,,,,,
1205764,2019/20,2019-11-11,Wankhede Stadium,2,6.4,Mumbai,Madhya Pradesh,Jay Bista,AP Tare,Ankit Sharma,1,0,,,,,,,,,
1205764,2019/20,2019-11-11,Wankhede Stadium,2,6.5,Mumbai,Madhya Pradesh,AP Tare,Jay Bista,Ankit Sharma,4,0,,,,,,,,,
1205764,2019/20,2019-11-11,Wankhede Stadium,2,6.6,Mumbai,Madhya Pradesh,AP Tare,Jay Bista,Ankit Sharma,1,0,,,,,,,,,
1205764,2019/20,2019-11-11,Wankhede Stadium,2,7.1,Mumbai,Madhya Pradesh,AP Tare,Jay Bista,KR Sen,1,0,,,,,,,,,
1205764,2019/20,2019-11-11,Wankhede Stadium,2,7.2,Mumbai,Madhya Pradesh,Jay Bista,AP Tare,KR Sen,1,0,,,,,,,,,
1205764,2019/20,2019-11-11,Wankhede Stadium,2,7.3,Mumbai,Madhya Pradesh,AP Tare,Jay Bista,KR Sen,1,0,,,,,,,,,
1205764,2019/20,2019-11-11,Wankhede Stadium,2,7.4,Mumbai,Madhya Pradesh,Jay Bista,AP Tare,KR Sen,6,0,,,,,,,,,
1205764,2019/20,2019-11-11,Wankhede Stadium,2,7.5,Mumbai,Madhya Pradesh,Jay Bista,AP Tare,KR Sen,0,0,,,,,,,,,
1205764,2019/20,2019-11-11,Wankhede Stadium,2,7.6,Mumbai,Madhya Pradesh,Jay Bista,AP Tare,KR Sen,1,0,,,,,,,,,
1205764,2019/20,2019-11-11,Wankhede Stadium,2,8.1,Mumbai,Madhya Pradesh,Jay Bista,AP Tare,Saransh Jain,6,0,,,,,,,,,
1205764,2019/20,2019-11-11,Wankhede Stadium,2,8.2,Mumbai,Madhya Pradesh,Jay Bista,AP Tare,Saransh Jain,1,0,,,,,,,,,
1205764,2019/20,2019-11-11,Wankhede Stadium,2,8.3,Mumbai,Madhya Pradesh,AP Tare,Jay Bista,Saransh Jain,4,0,,,,,,,,,
1205764,2019/20,2019-11-11,Wankhede Stadium,2,8.4,Mumbai,Madhya Pradesh,AP Tare,Jay Bista,Saransh Jain,0,0,,,,,,,,,
1205764,2019/20,2019-11-11,Wankhede Stadium,2,8.5,Mumbai,Madhya Pradesh,AP Tare,Jay Bista,Saransh Jain,1,0,,,,,,,,,
1205764,2019/20,2019-11-11,Wankhede Stadium,2,8.6,Mumbai,Madhya Pradesh,Jay Bista,AP Tare,Saransh Jain,2,0,,,,,,,,,
1205764,2019/20,2019-11-11,Wankhede Stadium,2,9.1,Mumbai,Madhya Pradesh,AP Tare,Jay Bista,KR Sen,1,0,,,,,,,,,
1205764,2019/20,2019-11-11,Wankhede Stadium,2,9.2,Mumbai,Madhya Pradesh,Jay Bista,AP Tare,KR Sen,1,0,,,,,,,,,
1205764,2019/20,2019-11-11,Wankhede Stadium,2,9.3,Mumbai,Madhya Pradesh,AP Tare,Jay Bista,KR Sen,4,0,,,,,,,,,
1205764,2019/20,2019-11-11,Wankhede Stadium,2,9.4,Mumbai,Madhya Pradesh,AP Tare,Jay Bista,KR Sen,1,0,,,,,,,,,
1205764,2019/20,2019-11-11,Wankhede Stadium,2,9.5,Mumbai,Madhya Pradesh,Jay Bista,AP Tare,KR Sen,0,0,,,,,,,,,
1205764,2019/20,2019-11-11,Wankhede Stadium,2,9.6,Mumbai,Madhya Pradesh,Jay Bista,AP Tare,KR Sen,1,0,,,,,,,,,
1205764,2019/20,2019-11-11,Wankhede Stadium,2,10.1,Mumbai,Madhya Pradesh,Jay Bista,AP Tare,Ankit Sharma,4,0,,,,,,,,,
1205764,2019/20,2019-11-11,Wankhede Stadium,2,10.2,Mumbai,Madhya Pradesh,Jay Bista,AP Tare,Ankit Sharma,0,0,,,,,,,,,
1205764,2019/20,2019-11-11,Wankhede Stadium,2,10.3,Mumbai,Madhya Pradesh,Jay Bista,AP Tare,Ankit Sharma,6,0,,,,,,,,,
1205764,2019/20,2019-11-11,Wankhede Stadium,2,10.4,Mumbai,Madhya Pradesh,Jay Bista,AP Tare,Ankit Sharma,1,0,,,,,,,,,
1205764,2019/20,2019-11-11,Wankhede Stadium,2,10.5,Mumbai,Madhya Pradesh,AP Tare,Jay Bista,Ankit Sharma,1,0,,,,,,,,,
1205764,2019/20,2019-11-11,Wankhede Stadium,2,10.6,Mumbai,Madhya Pradesh,Jay Bista,AP Tare,Ankit Sharma,4,0,,,,,,,,,
1205764,2019/20,2019-11-11,Wankhede Stadium,2,11.1,Mumbai,Madhya Pradesh,AP Tare,Jay Bista,KR Sen,0,0,,,,,,,,,
1205764,2019/20,2019-11-11,Wankhede Stadium,2,11.2,Mumbai,Madhya Pradesh,AP Tare,Jay Bista,KR Sen,2,0,,,,,,,,,
1205764,2019/20,2019-11-11,Wankhede Stadium,2,11.3,Mumbai,Madhya Pradesh,AP Tare,Jay Bista,KR Sen,1,0,,,,,,,,,
1205764,2019/20,2019-11-11,Wankhede Stadium,2,11.4,Mumbai,Madhya Pradesh,Jay Bista,AP Tare,KR Sen,0,0,,,,,,caught,Jay Bista,,
1205764,2019/20,2019-11-11,Wankhede Stadium,2,11.5,Mumbai,Madhya Pradesh,AP Tare,SA Yadav,KR Sen,4,0,,,,,,,,,
1205764,2019/20,2019-11-11,Wankhede Stadium,2,11.6,Mumbai,Madhya Pradesh,AP Tare,SA Yadav,KR Sen,4,0,,,,,,,,,
1205764,2019/20,2019-11-11,Wankhede Stadium,2,12.1,Mumbai,Madhya Pradesh,SA Yadav,AP Tare,Gaurav Yadav,4,0,,,,,,,,,
1205764,2019/20,2019-11-11,Wankhede Stadium,2,12.2,Mumbai,Madhya Pradesh,SA Yadav,AP Tare,Gaurav Yadav,0,1,1,,,,,,,,
1205764,2019/20,2019-11-11,Wankhede Stadium,2,12.3,Mumbai,Madhya Pradesh,SA Yadav,AP Tare,Gaurav Yadav,1,0,,,,,,,,,
1205764,2019/20,2019-11-11,Wankhede Stadium,2,12.4,Mumbai,Madhya Pradesh,AP Tare,SA Yadav,Gaurav Yadav,1,0,,,,,,,,,
1205764,2019/20,2019-11-11,Wankhede Stadium,2,12.5,Mumbai,Madhya Pradesh,SA Yadav,AP Tare,Gaurav Yadav,0,0,,,,,,,,,
1205764,2019/20,2019-11-11,Wankhede Stadium,2,12.6,Mumbai,Madhya Pradesh,SA Yadav,AP Tare,Gaurav Yadav,1,0,,,,,,,,,
1205764,2019/20,2019-11-11,Wankhede Stadium,2,12.7,Mumbai,Madhya Pradesh,AP Tare,SA Yadav,Gaurav Yadav,0,0,,,,,,,,,
1205764,2019/20,2019-11-11,Wankhede Stadium,2,13.1,Mumbai,Madhya Pradesh,SA Yadav,AP Tare,Ankit Sharma,4,0,,,,,,,,,
1205764,2019/20,2019-11-11,Wankhede Stadium,2,13.2,Mumbai,Madhya Pradesh,SA Yadav,AP Tare,Ankit Sharma,2,0,,,,,,,,,
1205764,2019/20,2019-11-11,Wankhede Stadium,2,13.3,Mumbai,Madhya Pradesh,SA Yadav,AP Tare,Ankit Sharma,4,0,,,,,,,,,
1205764,2019/20,2019-11-11,Wankhede Stadium,2,13.4,Mumbai,Madhya Pradesh,SA Yadav,AP Tare,Ankit Sharma,1,0,,,,,,,,,
1205764,2019/20,2019-11-11,Wankhede Stadium,2,13.5,Mumbai,Madhya Pradesh,AP Tare,SA Yadav,Ankit Sharma,0,0,,,,,,,,,
1205764,2019/20,2019-11-11,Wankhede Stadium,2,13.6,Mumbai,Madhya Pradesh,AP Tare,SA Yadav,Ankit Sharma,4,0,,,,,,,,,
1205764,2019/20,2019-11-11,Wankhede Stadium,2,14.1,Mumbai,Madhya Pradesh,SA Yadav,AP Tare,IC Pandey,1,0,,,,,,,,,
1205764,2019/20,2019-11-11,Wankhede Stadium,2,14.2,Mumbai,Madhya Pradesh,AP Tare,SA Yadav,IC Pandey,1,0,,,,,,,,,
1205764,2019/20,2019-11-11,Wankhede Stadium,2,14.3,Mumbai,Madhya Pradesh,SA Yadav,AP Tare,IC Pandey,1,0,,,,,,,,,
1205764,2019/20,2019-11-11,Wankhede Stadium,2,14.4,Mumbai,Madhya Pradesh,AP Tare,SA Yadav,IC Pandey,0,0,,,,,,,,,
1205764,2019/20,2019-11-11,Wankhede Stadium,2,14.5,Mumbai,Madhya Pradesh,AP Tare,SA Yadav,IC Pandey,0,0,,,,,,,,,
1205764,2019/20,2019-11-11,Wankhede Stadium,2,14.6,Mumbai,Madhya Pradesh,AP Tare,SA Yadav,IC Pandey,1,0,,,,,,,,,
1205764,2019/20,2019-11-11,Wankhede Stadium,2,15.1,Mumbai,Madhya Pradesh,AP Tare,SA Yadav,Gaurav Yadav,1,0,,,,,,,,,
1205764,2019/20,2019-11-11,Wankhede Stadium,2,15.2,Mumbai,Madhya Pradesh,SA Yadav,AP Tare,Gaurav Yadav,1,0,,,,,,,,,
1205764,2019/20,2019-11-11,Wankhede Stadium,2,15.3,Mumbai,Madhya Pradesh,AP Tare,SA Yadav,Gaurav Yadav,0,1,1,,,,,,,,
1205764,2019/20,2019-11-11,Wankhede Stadium,2,15.4,Mumbai,Madhya Pradesh,AP Tare,SA Yadav,Gaurav Yadav,4,0,,,,,,,,,
1205764,2019/20,2019-11-11,Wankhede Stadium,2,15.5,Mumbai,Madhya Pradesh,AP Tare,SA Yadav,Gaurav Yadav,6,0,,,,,,,,,
1205764,2019/20,2019-11-11,Wankhede Stadium,2,15.6,Mumbai,Madhya Pradesh,AP Tare,SA Yadav,Gaurav Yadav,6,0,,,,,,,,,
