match_id,season,start_date,venue,innings,ball,batting_team,bowling_team,striker,non_striker,bowler,runs_off_bat,extras,wides,noballs,byes,legbyes,penalty,wicket_type,player_dismissed,other_wicket_type,other_player_dismissed
1205774,2019/20,2019-11-12,Wankhede Stadium,1,0.1,Assam,Meghalaya,Pallav Kumar Das,Swarupam Purkayastha,RR Biswa,0,0,,,,,,caught,Pallav Kumar Das,,
1205774,2019/20,2019-11-12,Wankhede Stadium,1,0.2,Assam,Meghalaya,Swarupam Purkayastha,Sibsankar Roy,RR Biswa,4,0,,,,,,,,,
1205774,2019/20,2019-11-12,Wankhede Stadium,1,0.3,Assam,Meghalaya,Swarupam Purkayastha,Sibsankar Roy,RR Biswa,0,0,,,,,,,,,
1205774,2019/20,2019-11-12,Wankhede Stadium,1,0.4,Assam,Meghalaya,Swarupam Purkayastha,Sibsankar Roy,RR Biswa,0,0,,,,,,,,,
1205774,2019/20,2019-11-12,Wankhede Stadium,1,0.5,Assam,Meghalaya,Swarupam Purkayastha,Sibsankar Roy,RR Biswa,0,0,,,,,,,,,
1205774,2019/20,2019-11-12,Wankhede Stadium,1,0.6,Assam,Meghalaya,Swarupam Purkayastha,Sibsankar Roy,RR Biswa,0,0,,,,,,,,,
1205774,2019/20,2019-11-12,Wankhede Stadium,1,1.1,Assam,Meghalaya,Sibsankar Roy,Swarupam Purkayastha,Abhay Negi,0,0,,,,,,,,,
1205774,2019/20,2019-11-12,Wankhede Stadium,1,1.2,Assam,Meghalaya,Sibsankar Roy,Swarupam Purkayastha,Abhay Negi,1,0,,,,,,,,,
1205774,2019/20,2019-11-12,Wankhede Stadium,1,1.3,Assam,Meghalaya,Swarupam Purkayastha,Sibsankar Roy,Abhay Negi,0,0,,,,,,,,,
1205774,2019/20,2019-11-12,Wankhede Stadium,1,1.4,Assam,Meghalaya,Swarupam Purkayastha,Sibsankar Roy,Abhay Negi,0,0,,,,,,,,,
1205774,2019/20,2019-11-12,Wankhede Stadium,1,1.5,Assam,Meghalaya,Swarupam Purkayastha,Sibsankar Roy,Abhay Negi,1,0,,,,,,,,,
1205774,2019/20,2019-11-12,Wankhede Stadium,1,1.6,Assam,Meghalaya,Sibsankar Roy,Swarupam Purkayastha,Abhay Negi,0,0,,,,,,,,,
1205774,2019/20,2019-11-12,Wankhede Stadium,1,2.1,Assam,Meghalaya,Swarupam Purkayastha,Sibsankar Roy,R Sanjay Yadav,0,0,,,,,,,,,
1205774,2019/20,2019-11-12,Wankhede Stadium,1,2.2,Assam,Meghalaya,Swarupam Purkayastha,Sibsankar Roy,R Sanjay Yadav,0,0,,,,,,lbw,Swarupam Purkayastha,,
1205774,2019/20,2019-11-12,Wankhede Stadium,1,2.3,Assam,Meghalaya,R Parag,Sibsankar Roy,R Sanjay Yadav,0,0,,,,,,,,,
1205774,2019/20,2019-11-12,Wankhede Stadium,1,2.4,Assam,Meghalaya,R Parag,Sibsankar Roy,R Sanjay Yadav,0,0,,,,,,,,,
1205774,2019/20,2019-11-12,Wankhede Stadium,1,2.5,Assam,Meghalaya,R Parag,Sibsankar Roy,R Sanjay Yadav,0,0,,,,,,,,,
1205774,2019/20,2019-11-12,Wankhede Stadium,1,2.6,Assam,Meghalaya,R Parag,Sibsankar Roy,R Sanjay Yadav,0,0,,,,,,,,,
1205774,2019/20,2019-11-12,Wankhede Stadium,1,3.1,Assam,Meghalaya,Sibsankar Roy,R Parag,RR Biswa,0,0,,,,,,,,,
1205774,2019/20,2019-11-12,Wankhede Stadium,1,3.2,Assam,Meghalaya,Sibsankar Roy,R Parag,RR Biswa,0,0,,,,,,,,,
1205774,2019/20,2019-11-12,Wankhede Stadium,1,3.3,Assam,Meghalaya,Sibsankar Roy,R Parag,RR Biswa,0,0,,,,,,,,,
1205774,2019/20,2019-11-12,Wankhede Stadium,1,3.4,Assam,Meghalaya,Sibsankar Roy,R Parag,RR Biswa,1,0,,,,,,,,,
1205774,2019/20,2019-11-12,Wankhede Stadium,1,3.5,Assam,Meghalaya,R Parag,Sibsankar Roy,RR Biswa,0,0,,,,,,,,,
1205774,2019/20,2019-11-12,Wankhede Stadium,1,3.6,Assam,Meghalaya,R Parag,Sibsankar Roy,RR Biswa,0,0,,,,,,,,,
1205774,2019/20,2019-11-12,Wankhede Stadium,1,4.1,Assam,Meghalaya,Sibsankar Roy,R Parag,Abhay Negi,4,0,,,,,,,,,
1205774,2019/20,2019-11-12,Wankhede Stadium,1,4.2,Assam,Meghalaya,Sibsankar Roy,R Parag,Abhay Negi,0,0,,,,,,,,,
1205774,2019/20,2019-11-12,Wankhede Stadium,1,4.3,Assam,Meghalaya,Sibsankar Roy,R Parag,Abhay Negi,1,0,,,,,,,,,
1205774,2019/20,2019-11-12,Wankhede Stadium,1,4.4,Assam,Meghalaya,R Parag,Sibsankar Roy,Abhay Negi,0,1,1,,,,,,,,
1205774,2019/20,2019-11-12,Wankhede Stadium,1,4.5,Assam,Meghalaya,R Parag,Sibsankar Roy,Abhay Negi,1,0,,,,,,,,,
1205774,2019/20,2019-11-12,Wankhede Stadium,1,4.6,Assam,Meghalaya,Sibsankar Roy,R Parag,Abhay Negi,0,0,,,,,,,,,
1205774,2019/20,2019-11-12,Wankhede Stadium,1,4.7,Assam,Meghalaya,Sibsankar Roy,R Parag,Abhay Negi,1,0,,,,,,,,,
1205774,2019/20,2019-11-12,Wankhede Stadium,1,5.1,Assam,Meghalaya,Sibsankar Roy,R Parag,RR Biswa,1,0,,,,,,,,,
1205774,2019/20,2019-11-12,Wankhede Stadium,1,5.2,Assam,Meghalaya,R Parag,Sibsankar Roy,RR Biswa,0,0,,,,,,,,,
1205774,2019/20,2019-11-12,Wankhede Stadium,1,5.3,Assam,Meghalaya,R Parag,Sibsankar Roy,RR Biswa,1,0,,,,,,,,,
1205774,2019/20,2019-11-12,Wankhede Stadium,1,5.4,Assam,Meghalaya,Sibsankar Roy,R Parag,RR Biswa,1,0,,,,,,,,,
1205774,2019/20,2019-11-12,Wankhede Stadium,1,5.5,Assam,Meghalaya,R Parag,Sibsankar Roy,RR Biswa,0,0,,,,,,bowled,R Parag,,
1205774,2019/20,2019-11-12,Wankhede Stadium,1,5.6,Assam,Meghalaya,Wasiqur Rahman,Sibsankar Roy,RR Biswa,1,0,,,,,,,,,
1205774,2019/20,2019-11-12,Wankhede Stadium,1,6.1,Assam,Meghalaya,Wasiqur Rahman,Sibsankar Roy,A Singhania,0,0,,,,,,,,,
1205774,2019/20,2019-11-12,Wankhede Stadium,1,6.2,Assam,Meghalaya,Wasiqur Rahman,Sibsankar Roy,A Singhania,0,1,,,,1,,,,,
1205774,2019/20,2019-11-12,Wankhede Stadium,1,6.3,Assam,Meghalaya,Sibsankar Roy,Wasiqur Rahman,A Singhania,2,0,,,,,,,,,
1205774,2019/20,2019-11-12,Wankhede Stadium,1,6.4,Assam,Meghalaya,Sibsankar Roy,Wasiqur Rahman,A Singhania,4,0,,,,,,,,,
1205774,2019/20,2019-11-12,Wankhede Stadium,1,6.5,Assam,Meghalaya,Sibsankar Roy,Wasiqur Rahman,A Singhania,1,0,,,,,,,,,
1205774,2019/20,2019-11-12,Wankhede Stadium,1,6.6,Assam,Meghalaya,Wasiqur Rahman,Sibsankar Roy,A Singhania,1,0,,,,,,,,,
1205774,2019/20,2019-11-12,Wankhede Stadium,1,7.1,Assam,Meghalaya,Wasiqur Rahman,Sibsankar Roy,R Sanjay Yadav,0,0,,,,,,,,,
1205774,2019/20,2019-11-12,Wankhede Stadium,1,7.2,Assam,Meghalaya,Wasiqur Rahman,Sibsankar Roy,R Sanjay Yadav,0,0,,,,,,,,,
1205774,2019/20,2019-11-12,Wankhede Stadium,1,7.3,Assam,Meghalaya,Wasiqur Rahman,Sibsankar Roy,R Sanjay Yadav,0,0,,,,,,,,,
1205774,2019/20,2019-11-12,Wankhede Stadium,1,7.4,Assam,Meghalaya,Wasiqur Rahman,Sibsankar Roy,R Sanjay Yadav,0,0,,,,,,,,,
1205774,2019/20,2019-11-12,Wankhede Stadium,1,7.5,Assam,Meghalaya,Wasiqur Rahman,Sibsankar Roy,R Sanjay Yadav,0,0,,,,,,,,,
1205774,2019/20,2019-11-12,Wankhede Stadium,1,7.6,Assam,Meghalaya,Wasiqur Rahman,Sibsankar Roy,R Sanjay Yadav,0,0,,,,,,bowled,Wasiqur Rahman,,
1205774,2019/20,2019-11-12,Wankhede Stadium,1,8.1,Assam,Meghalaya,Sibsankar Roy,Hrishikesh Tamuli,BB Dey,0,0,,,,,,,,,
1205774,2019/20,2019-11-12,Wankhede Stadium,1,8.2,Assam,Meghalaya,Sibsankar Roy,Hrishikesh Tamuli,BB Dey,1,0,,,,,,,,,
1205774,2019/20,2019-11-12,Wankhede Stadium,1,8.3,Assam,Meghalaya,Hrishikesh Tamuli,Sibsankar Roy,BB Dey,0,1,1,,,,,,,,
1205774,2019/20,2019-11-12,Wankhede Stadium,1,8.4,Assam,Meghalaya,Hrishikesh Tamuli,Sibsankar Roy,BB Dey,1,0,,,,,,,,,
1205774,2019/20,2019-11-12,Wankhede Stadium,1,8.5,Assam,Meghalaya,Sibsankar Roy,Hrishikesh Tamuli,BB Dey,0,0,,,,,,,,,
1205774,2019/20,2019-11-12,Wankhede Stadium,1,8.6,Assam,Meghalaya,Sibsankar Roy,Hrishikesh Tamuli,BB Dey,1,0,,,,,,,,,
1205774,2019/20,2019-11-12,Wankhede Stadium,1,8.7,Assam,Meghalaya,Hrishikesh Tamuli,Sibsankar Roy,BB Dey,0,0,,,,,,,,,
1205774,2019/20,2019-11-12,Wankhede Stadium,1,9.1,Assam,Meghalaya,Sibsankar Roy,Hrishikesh Tamuli,RR Biswa,0,0,,,,,,,,,
1205774,2019/20,2019-11-12,Wankhede Stadium,1,9.2,Assam,Meghalaya,Sibsankar Roy,Hrishikesh Tamuli,RR Biswa,1,0,,,,,,,,,
1205774,2019/20,2019-11-12,Wankhede Stadium,1,9.3,Assam,Meghalaya,Hrishikesh Tamuli,Sibsankar Roy,RR Biswa,1,0,,,,,,,,,
1205774,2019/20,2019-11-12,Wankhede Stadium,1,9.4,Assam,Meghalaya,Sibsankar Roy,Hrishikesh Tamuli,RR Biswa,1,0,,,,,,,,,
1205774,2019/20,2019-11-12,Wankhede Stadium,1,9.5,Assam,Meghalaya,Hrishikesh Tamuli,Sibsankar Roy,RR Biswa,1,0,,,,,,,,,
1205774,2019/20,2019-11-12,Wankhede Stadium,1,9.6,Assam,Meghalaya,Sibsankar Roy,Hrishikesh Tamuli,RR Biswa,1,0,,,,,,,,,
1205774,2019/20,2019-11-12,Wankhede Stadium,1,10.1,Assam,Meghalaya,Sibsankar Roy,Hrishikesh Tamuli,BB Dey,1,0,,,,,,,,,
1205774,2019/20,2019-11-12,Wankhede Stadium,1,10.2,Assam,Meghalaya,Hrishikesh Tamuli,Sibsankar Roy,BB Dey,0,0,,,,,,,,,
1205774,2019/20,2019-11-12,Wankhede Stadium,1,10.3,Assam,Meghalaya,Hrishikesh Tamuli,Sibsankar Roy,BB Dey,0,0,,,,,,,,,
1205774,2019/20,2019-11-12,Wankhede Stadium,1,10.4,Assam,Meghalaya,Hrishikesh Tamuli,Sibsankar Roy,BB Dey,0,0,,,,,,,,,
1205774,2019/20,2019-11-12,Wankhede Stadium,1,10.5,Assam,Meghalaya,Hrishikesh Tamuli,Sibsankar Roy,BB Dey,0,0,,,,,,,,,
1205774,2019/20,2019-11-12,Wankhede Stadium,1,10.6,Assam,Meghalaya,Hrishikesh Tamuli,Sibsankar Roy,BB Dey,0,0,,,,,,,,,
1205774,2019/20,2019-11-12,Wankhede Stadium,1,11.1,Assam,Meghalaya,Sibsankar Roy,Hrishikesh Tamuli,Kilco R Marak,1,0,,,,,,,,,
1205774,2019/20,2019-11-12,Wankhede Stadium,1,11.2,Assam,Meghalaya,Hrishikesh Tamuli,Sibsankar Roy,Kilco R Marak,1,0,,,,,,,,,
1205774,2019/20,2019-11-12,Wankhede Stadium,1,11.3,Assam,Meghalaya,Sibsankar Roy,Hrishikesh Tamuli,Kilco R Marak,1,0,,,,,,,,,
1205774,2019/20,2019-11-12,Wankhede Stadium,1,11.4,Assam,Meghalaya,Hrishikesh Tamuli,Sibsankar Roy,Kilco R Marak,0,0,,,,,,,,,
1205774,2019/20,2019-11-12,Wankhede Stadium,1,11.5,Assam,Meghalaya,Hrishikesh Tamuli,Sibsankar Roy,Kilco R Marak,1,0,,,,,,,,,
1205774,2019/20,2019-11-12,Wankhede Stadium,1,11.6,Assam,Meghalaya,Sibsankar Roy,Hrishikesh Tamuli,Kilco R Marak,1,0,,,,,,,,,
1205774,2019/20,2019-11-12,Wankhede Stadium,1,12.1,Assam,Meghalaya,Sibsankar Roy,Hrishikesh Tamuli,BB Dey,1,0,,,,,,,,,
1205774,2019/20,2019-11-12,Wankhede Stadium,1,12.2,Assam,Meghalaya,Hrishikesh Tamuli,Sibsankar Roy,BB Dey,0,0,,,,,,caught,Hrishikesh Tamuli,,
1205774,2019/20,2019-11-12,Wankhede Stadium,1,12.3,Assam,Meghalaya,Rajjakuddin Ahmed,Sibsankar Roy,BB Dey,0,0,,,,,,,,,
1205774,2019/20,2019-11-12,Wankhede Stadium,1,12.4,Assam,Meghalaya,Rajjakuddin Ahmed,Sibsankar Roy,BB Dey,4,0,,,,,,,,,
1205774,2019/20,2019-11-12,Wankhede Stadium,1,12.5,Assam,Meghalaya,Rajjakuddin Ahmed,Sibsankar Roy,BB Dey,1,0,,,,,,,,,
1205774,2019/20,2019-11-12,Wankhede Stadium,1,12.6,Assam,Meghalaya,Sibsankar Roy,Rajjakuddin Ahmed,BB Dey,1,0,,,,,,,,,
1205774,2019/20,2019-11-12,Wankhede Stadium,1,13.1,Assam,Meghalaya,Sibsankar Roy,Rajjakuddin Ahmed,Kilco R Marak,1,0,,,,,,,,,
1205774,2019/20,2019-11-12,Wankhede Stadium,1,13.2,Assam,Meghalaya,Rajjakuddin Ahmed,Sibsankar Roy,Kilco R Marak,0,0,,,,,,,,,
1205774,2019/20,2019-11-12,Wankhede Stadium,1,13.3,Assam,Meghalaya,Rajjakuddin Ahmed,Sibsankar Roy,Kilco R Marak,0,0,,,,,,caught,Rajjakuddin Ahmed,,
1205774,2019/20,2019-11-12,Wankhede Stadium,1,13.4,Assam,Meghalaya,AN Ahmed,Sibsankar Roy,Kilco R Marak,1,0,,,,,,,,,
1205774,2019/20,2019-11-12,Wankhede Stadium,1,13.5,Assam,Meghalaya,Sibsankar Roy,AN Ahmed,Kilco R Marak,0,0,,,,,,,,,
1205774,2019/20,2019-11-12,Wankhede Stadium,1,13.6,Assam,Meghalaya,Sibsankar Roy,AN Ahmed,Kilco R Marak,1,0,,,,,,,,,
1205774,2019/20,2019-11-12,Wankhede Stadium,1,14.1,Assam,Meghalaya,Sibsankar Roy,AN Ahmed,BB Dey,2,0,,,,,,,,,
1205774,2019/20,2019-11-12,Wankhede Stadium,1,14.2,Assam,Meghalaya,Sibsankar Roy,AN Ahmed,BB Dey,4,0,,,,,,,,,
1205774,2019/20,2019-11-12,Wankhede Stadium,1,14.3,Assam,Meghalaya,Sibsankar Roy,AN Ahmed,BB Dey,1,0,,,,,,,,,
1205774,2019/20,2019-11-12,Wankhede Stadium,1,14.4,Assam,Meghalaya,AN Ahmed,Sibsankar Roy,BB Dey,6,0,,,,,,,,,
1205774,2019/20,2019-11-12,Wankhede Stadium,1,14.5,Assam,Meghalaya,AN Ahmed,Sibsankar Roy,BB Dey,1,0,,,,,,,,,
1205774,2019/20,2019-11-12,Wankhede Stadium,1,14.6,Assam,Meghalaya,Sibsankar Roy,AN Ahmed,BB Dey,4,0,,,,,,,,,
1205774,2019/20,2019-11-12,Wankhede Stadium,1,15.1,Assam,Meghalaya,AN Ahmed,Sibsankar Roy,R Sanjay Yadav,1,0,,,,,,,,,
1205774,2019/20,2019-11-12,Wankhede Stadium,1,15.2,Assam,Meghalaya,Sibsankar Roy,AN Ahmed,R Sanjay Yadav,1,0,,,,,,,,,
1205774,2019/20,2019-11-12,Wankhede Stadium,1,15.3,Assam,Meghalaya,AN Ahmed,Sibsankar Roy,R Sanjay Yadav,1,0,,,,,,,,,
1205774,2019/20,2019-11-12,Wankhede Stadium,1,15.4,Assam,Meghalaya,Sibsankar Roy,AN Ahmed,R Sanjay Yadav,1,0,,,,,,,,,
1205774,2019/20,2019-11-12,Wankhede Stadium,1,15.5,Assam,Meghalaya,AN Ahmed,Sibsankar Roy,R Sanjay Yadav,1,0,,,,,,,,,
1205774,2019/20,2019-11-12,Wankhede Stadium,1,15.6,Assam,Meghalaya,Sibsankar Roy,AN Ahmed,R Sanjay Yadav,0,1,1,,,,,,,,
1205774,2019/20,2019-11-12,Wankhede Stadium,1,15.7,Assam,Meghalaya,Sibsankar Roy,AN Ahmed,R Sanjay Yadav,1,0,,,,,,,,,
1205774,2019/20,2019-11-12,Wankhede Stadium,1,16.1,Assam,Meghalaya,Sibsankar Roy,AN Ahmed,Abhay Negi,1,0,,,,,,,,,
1205774,2019/20,2019-11-12,Wankhede Stadium,1,16.2,Assam,Meghalaya,AN Ahmed,Sibsankar Roy,Abhay Negi,4,0,,,,,,,,,
1205774,2019/20,2019-11-12,Wankhede Stadium,1,16.3,Assam,Meghalaya,AN Ahmed,Sibsankar Roy,Abhay Negi,0,0,,,,,,,,,
1205774,2019/20,2019-11-12,Wankhede Stadium,1,16.4,Assam,Meghalaya,AN Ahmed,Sibsankar Roy,Abhay Negi,2,0,,,,,,,,,
1205774,2019/20,2019-11-12,Wankhede Stadium,1,16.5,Assam,Meghalaya,AN Ahmed,Sibsankar Roy,Abhay Negi,1,0,,,,,,,,,
1205774,2019/20,2019-11-12,Wankhede Stadium,1,16.6,Assam,Meghalaya,Sibsankar Roy,AN Ahmed,Abhay Negi,1,0,,,,,,,,,
1205774,2019/20,2019-11-12,Wankhede Stadium,1,17.1,Assam,Meghalaya,Sibsankar Roy,AN Ahmed,R Sanjay Yadav,1,0,,,,,,,,,
1205774,2019/20,2019-11-12,Wankhede Stadium,1,17.2,Assam,Meghalaya,AN Ahmed,Sibsankar Roy,R Sanjay Yadav,0,0,,,,,,,,,
1205774,2019/20,2019-11-12,Wankhede Stadium,1,17.3,Assam,Meghalaya,AN Ahmed,Sibsankar Roy,R Sanjay Yadav,2,0,,,,,,,,,
1205774,2019/20,2019-11-12,Wankhede Stadium,1,17.4,Assam,Meghalaya,AN Ahmed,Sibsankar Roy,R Sanjay Yadav,0,0,,,,,,,,,
1205774,2019/20,2019-11-12,Wankhede Stadium,1,17.5,Assam,Meghalaya,AN Ahmed,Sibsankar Roy,R Sanjay Yadav,1,0,,,,,,,,,
1205774,2019/20,2019-11-12,Wankhede Stadium,1,17.6,Assam,Meghalaya,Sibsankar Roy,AN Ahmed,R Sanjay Yadav,0,1,1,,,,,,,,
1205774,2019/20,2019-11-12,Wankhede Stadium,1,17.7,Assam,Meghalaya,Sibsankar Roy,AN Ahmed,R Sanjay Yadav,2,0,,,,,,,,,
1205774,2019/20,2019-11-12,Wankhede Stadium,1,18.1,Assam,Meghalaya,AN Ahmed,Sibsankar Roy,Abhay Negi,1,0,,,,,,,,,
1205774,2019/20,2019-11-12,Wankhede Stadium,1,18.2,Assam,Meghalaya,Sibsankar Roy,AN Ahmed,Abhay Negi,1,0,,,,,,,,,
1205774,2019/20,2019-11-12,Wankhede Stadium,1,18.3,Assam,Meghalaya,AN Ahmed,Sibsankar Roy,Abhay Negi,1,0,,,,,,,,,
1205774,2019/20,2019-11-12,Wankhede Stadium,1,18.4,Assam,Meghalaya,Sibsankar Roy,AN Ahmed,Abhay Negi,0,0,,,,,,caught,Sibsankar Roy,,
1205774,2019/20,2019-11-12,Wankhede Stadium,1,18.5,Assam,Meghalaya,Abhilash Gogoi,AN Ahmed,Abhay Negi,1,0,,,,,,,,,
1205774,2019/20,2019-11-12,Wankhede Stadium,1,18.6,Assam,Meghalaya,AN Ahmed,Abhilash Gogoi,Abhay Negi,1,0,,,,,,,,,
1205774,2019/20,2019-11-12,Wankhede Stadium,1,19.1,Assam,Meghalaya,AN Ahmed,Abhilash Gogoi,Kilco R Marak,1,0,,,,,,,,,
1205774,2019/20,2019-11-12,Wankhede Stadium,1,19.2,Assam,Meghalaya,Abhilash Gogoi,AN Ahmed,Kilco R Marak,1,0,,,,,,,,,
1205774,2019/20,2019-11-12,Wankhede Stadium,1,19.3,Assam,Meghalaya,AN Ahmed,Abhilash Gogoi,Kilco R Marak,1,0,,,,,,,,,
1205774,2019/20,2019-11-12,Wankhede Stadium,1,19.4,Assam,Meghalaya,Abhilash Gogoi,AN Ahmed,Kilco R Marak,2,0,,,,,,,,,
1205774,2019/20,2019-11-12,Wankhede Stadium,1,19.5,Assam,Meghalaya,Abhilash Gogoi,AN Ahmed,Kilco R Marak,4,0,,,,,,,,,
1205774,2019/20,2019-11-12,Wankhede Stadium,1,19.6,Assam,Meghalaya,Abhilash Gogoi,AN Ahmed,Kilco R Marak,0,0,,,,,,,,,
1205774,2019/20,2019-11-12,Wankhede Stadium,2,0.1,Meghalaya,Assam,RR Biswa,Punit Bisht,Abhilash Gogoi,0,0,,,,,,,,,
1205774,2019/20,2019-11-12,Wankhede Stadium,2,0.2,Meghalaya,Assam,RR Biswa,Punit Bisht,Abhilash Gogoi,0,0,,,,,,,,,
1205774,2019/20,2019-11-12,Wankhede Stadium,2,0.3,Meghalaya,Assam,RR Biswa,Punit Bisht,Abhilash Gogoi,0,0,,,,,,,,,
1205774,2019/20,2019-11-12,Wankhede Stadium,2,0.4,Meghalaya,Assam,RR Biswa,Punit Bisht,Abhilash Gogoi,0,0,,,,,,,,,
1205774,2019/20,2019-11-12,Wankhede Stadium,2,0.5,Meghalaya,Assam,RR Biswa,Punit Bisht,Abhilash Gogoi,1,0,,,,,,,,,
1205774,2019/20,2019-11-12,Wankhede Stadium,2,0.6,Meghalaya,Assam,Punit Bisht,RR Biswa,Abhilash Gogoi,0,0,,,,,,,,,
1205774,2019/20,2019-11-12,Wankhede Stadium,2,1.1,Meghalaya,Assam,RR Biswa,Punit Bisht,Pritam Das,0,0,,,,,,,,,
1205774,2019/20,2019-11-12,Wankhede Stadium,2,1.2,Meghalaya,Assam,RR Biswa,Punit Bisht,Pritam Das,0,0,,,,,,,,,
1205774,2019/20,2019-11-12,Wankhede Stadium,2,1.3,Meghalaya,Assam,RR Biswa,Punit Bisht,Pritam Das,0,0,,,,,,,,,
1205774,2019/20,2019-11-12,Wankhede Stadium,2,1.4,Meghalaya,Assam,RR Biswa,Punit Bisht,Pritam Das,1,0,,,,,,,,,
1205774,2019/20,2019-11-12,Wankhede Stadium,2,1.5,Meghalaya,Assam,Punit Bisht,RR Biswa,Pritam Das,0,0,,,,,,,,,
1205774,2019/20,2019-11-12,Wankhede Stadium,2,1.6,Meghalaya,Assam,Punit Bisht,RR Biswa,Pritam Das,1,0,,,,,,,,,
1205774,2019/20,2019-11-12,Wankhede Stadium,2,2.1,Meghalaya,Assam,Punit Bisht,RR Biswa,Abhilash Gogoi,1,0,,,,,,,,,
1205774,2019/20,2019-11-12,Wankhede Stadium,2,2.2,Meghalaya,Assam,RR Biswa,Punit Bisht,Abhilash Gogoi,4,0,,,,,,,,,
1205774,2019/20,2019-11-12,Wankhede Stadium,2,2.3,Meghalaya,Assam,RR Biswa,Punit Bisht,Abhilash Gogoi,0,0,,,,,,,,,
1205774,2019/20,2019-11-12,Wankhede Stadium,2,2.4,Meghalaya,Assam,RR Biswa,Punit Bisht,Abhilash Gogoi,1,0,,,,,,,,,
1205774,2019/20,2019-11-12,Wankhede Stadium,2,2.5,Meghalaya,Assam,Punit Bisht,RR Biswa,Abhilash Gogoi,2,0,,,,,,,,,
1205774,2019/20,2019-11-12,Wankhede Stadium,2,2.6,Meghalaya,Assam,Punit Bisht,RR Biswa,Abhilash Gogoi,0,0,,,,,,,,,
1205774,2019/20,2019-11-12,Wankhede Stadium,2,3.1,Meghalaya,Assam,RR Biswa,Punit Bisht,Pritam Das,1,0,,,,,,,,,
1205774,2019/20,2019-11-12,Wankhede Stadium,2,3.2,Meghalaya,Assam,Punit Bisht,RR Biswa,Pritam Das,0,0,,,,,,,,,
1205774,2019/20,2019-11-12,Wankhede Stadium,2,3.3,Meghalaya,Assam,Punit Bisht,RR Biswa,Pritam Das,4,0,,,,,,,,,
1205774,2019/20,2019-11-12,Wankhede Stadium,2,3.4,Meghalaya,Assam,Punit Bisht,RR Biswa,Pritam Das,0,1,1,,,,,,,,
1205774,2019/20,2019-11-12,Wankhede Stadium,2,3.5,Meghalaya,Assam,Punit Bisht,RR Biswa,Pritam Das,4,0,,,,,,,,,
1205774,2019/20,2019-11-12,Wankhede Stadium,2,3.6,Meghalaya,Assam,Punit Bisht,RR Biswa,Pritam Das,4,0,,,,,,,,,
1205774,2019/20,2019-11-12,Wankhede Stadium,2,3.7,Meghalaya,Assam,Punit Bisht,RR Biswa,Pritam Das,1,0,,,,,,,,,
1205774,2019/20,2019-11-12,Wankhede Stadium,2,4.1,Meghalaya,Assam,Punit Bisht,RR Biswa,AN Ahmed,6,0,,,,,,,,,
1205774,2019/20,2019-11-12,Wankhede Stadium,2,4.2,Meghalaya,Assam,Punit Bisht,RR Biswa,AN Ahmed,4,0,,,,,,,,,
1205774,2019/20,2019-11-12,Wankhede Stadium,2,4.3,Meghalaya,Assam,Punit Bisht,RR Biswa,AN Ahmed,1,0,,,,,,,,,
1205774,2019/20,2019-11-12,Wankhede Stadium,2,4.4,Meghalaya,Assam,RR Biswa,Punit Bisht,AN Ahmed,0,0,,,,,,,,,
1205774,2019/20,2019-11-12,Wankhede Stadium,2,4.5,Meghalaya,Assam,RR Biswa,Punit Bisht,AN Ahmed,0,0,,,,,,,,,
1205774,2019/20,2019-11-12,Wankhede Stadium,2,4.6,Meghalaya,Assam,RR Biswa,Punit Bisht,AN Ahmed,0,0,,,,,,,,,
1205774,2019/20,2019-11-12,Wankhede Stadium,2,5.1,Meghalaya,Assam,Punit Bisht,RR Biswa,R Parag,1,0,,,,,,,,,
1205774,2019/20,2019-11-12,Wankhede Stadium,2,5.2,Meghalaya,Assam,RR Biswa,Punit Bisht,R Parag,4,0,,,,,,,,,
1205774,2019/20,2019-11-12,Wankhede Stadium,2,5.3,Meghalaya,Assam,RR Biswa,Punit Bisht,R Parag,2,0,,,,,,,,,
1205774,2019/20,2019-11-12,Wankhede Stadium,2,5.4,Meghalaya,Assam,RR Biswa,Punit Bisht,R Parag,0,0,,,,,,,,,
1205774,2019/20,2019-11-12,Wankhede Stadium,2,5.5,Meghalaya,Assam,RR Biswa,Punit Bisht,R Parag,0,0,,,,,,,,,
1205774,2019/20,2019-11-12,Wankhede Stadium,2,5.6,Meghalaya,Assam,RR Biswa,Punit Bisht,R Parag,4,0,,,,,,,,,
1205774,2019/20,2019-11-12,Wankhede Stadium,2,6.1,Meghalaya,Assam,Punit Bisht,RR Biswa,Roshan Alam,4,0,,,,,,,,,
1205774,2019/20,2019-11-12,Wankhede Stadium,2,6.2,Meghalaya,Assam,Punit Bisht,RR Biswa,Roshan Alam,0,0,,,,,,,,,
1205774,2019/20,2019-11-12,Wankhede Stadium,2,6.3,Meghalaya,Assam,Punit Bisht,RR Biswa,Roshan Alam,1,0,,,,,,,,,
1205774,2019/20,2019-11-12,Wankhede Stadium,2,6.4,Meghalaya,Assam,RR Biswa,Punit Bisht,Roshan Alam,0,0,,,,,,,,,
1205774,2019/20,2019-11-12,Wankhede Stadium,2,6.5,Meghalaya,Assam,RR Biswa,Punit Bisht,Roshan Alam,0,0,,,,,,,,,
1205774,2019/20,2019-11-12,Wankhede Stadium,2,6.6,Meghalaya,Assam,RR Biswa,Punit Bisht,Roshan Alam,0,0,,,,,,,,,
1205774,2019/20,2019-11-12,Wankhede Stadium,2,7.1,Meghalaya,Assam,Punit Bisht,RR Biswa,Abhilash Gogoi,1,0,,,,,,,,,
1205774,2019/20,2019-11-12,Wankhede Stadium,2,7.2,Meghalaya,Assam,RR Biswa,Punit Bisht,Abhilash Gogoi,0,0,,,,,,,,,
1205774,2019/20,2019-11-12,Wankhede Stadium,2,7.3,Meghalaya,Assam,RR Biswa,Punit Bisht,Abhilash Gogoi,1,0,,,,,,,,,
1205774,2019/20,2019-11-12,Wankhede Stadium,2,7.4,Meghalaya,Assam,Punit Bisht,RR Biswa,Abhilash Gogoi,1,0,,,,,,,,,
1205774,2019/20,2019-11-12,Wankhede Stadium,2,7.5,Meghalaya,Assam,RR Biswa,Punit Bisht,Abhilash Gogoi,0,0,,,,,,,,,
1205774,2019/20,2019-11-12,Wankhede Stadium,2,7.6,Meghalaya,Assam,RR Biswa,Punit Bisht,Abhilash Gogoi,0,0,,,,,,,,,
1205774,2019/20,2019-11-12,Wankhede Stadium,2,8.1,Meghalaya,Assam,Punit Bisht,RR Biswa,Roshan Alam,4,0,,,,,,,,,
1205774,2019/20,2019-11-12,Wankhede Stadium,2,8.2,Meghalaya,Assam,Punit Bisht,RR Biswa,Roshan Alam,2,0,,,,,,,,,
1205774,2019/20,2019-11-12,Wankhede Stadium,2,8.3,Meghalaya,Assam,Punit Bisht,RR Biswa,Roshan Alam,0,0,,,,,,caught,Punit Bisht,,
1205774,2019/20,2019-11-12,Wankhede Stadium,2,8.4,Meghalaya,Assam,DB Ravi Teja,RR Biswa,Roshan Alam,1,0,,,,,,,,,
1205774,2019/20,2019-11-12,Wankhede Stadium,2,8.5,Meghalaya,Assam,RR Biswa,DB Ravi Teja,Roshan Alam,4,0,,,,,,,,,
1205774,2019/20,2019-11-12,Wankhede Stadium,2,8.6,Meghalaya,Assam,RR Biswa,DB Ravi Teja,Roshan Alam,0,0,,,,,,,,,
1205774,2019/20,2019-11-12,Wankhede Stadium,2,9.1,Meghalaya,Assam,DB Ravi Teja,RR Biswa,R Parag,1,0,,,,,,,,,
1205774,2019/20,2019-11-12,Wankhede Stadium,2,9.2,Meghalaya,Assam,RR Biswa,DB Ravi Teja,R Parag,0,0,,,,,,,,,
1205774,2019/20,2019-11-12,Wankhede Stadium,2,9.3,Meghalaya,Assam,RR Biswa,DB Ravi Teja,R Parag,0,0,,,,,,,,,
1205774,2019/20,2019-11-12,Wankhede Stadium,2,9.4,Meghalaya,Assam,RR Biswa,DB Ravi Teja,R Parag,0,0,,,,,,,,,
1205774,2019/20,2019-11-12,Wankhede Stadium,2,9.5,Meghalaya,Assam,RR Biswa,DB Ravi Teja,R Parag,0,0,,,,,,,,,
1205774,2019/20,2019-11-12,Wankhede Stadium,2,9.6,Meghalaya,Assam,RR Biswa,DB Ravi Teja,R Parag,1,0,,,,,,,,,
1205774,2019/20,2019-11-12,Wankhede Stadium,2,10.1,Meghalaya,Assam,RR Biswa,DB Ravi Teja,Abhilash Gogoi,0,0,,,,,,,,,
1205774,2019/20,2019-11-12,Wankhede Stadium,2,10.2,Meghalaya,Assam,RR Biswa,DB Ravi Teja,Abhilash Gogoi,1,0,,,,,,,,,
1205774,2019/20,2019-11-12,Wankhede Stadium,2,10.3,Meghalaya,Assam,DB Ravi Teja,RR Biswa,Abhilash Gogoi,0,0,,,,,,run out,RR Biswa,,
1205774,2019/20,2019-11-12,Wankhede Stadium,2,10.4,Meghalaya,Assam,R Sanjay Yadav,DB Ravi Teja,Abhilash Gogoi,0,0,,,,,,,,,
1205774,2019/20,2019-11-12,Wankhede Stadium,2,10.5,Meghalaya,Assam,R Sanjay Yadav,DB Ravi Teja,Abhilash Gogoi,0,0,,,,,,caught,R Sanjay Yadav,,
1205774,2019/20,2019-11-12,Wankhede Stadium,2,10.6,Meghalaya,Assam,Amiangshu Sen,DB Ravi Teja,Abhilash Gogoi,0,0,,,,,,,,,
1205774,2019/20,2019-11-12,Wankhede Stadium,2,11.1,Meghalaya,Assam,DB Ravi Teja,Amiangshu Sen,R Parag,1,0,,,,,,,,,
1205774,2019/20,2019-11-12,Wankhede Stadium,2,11.2,Meghalaya,Assam,Amiangshu Sen,DB Ravi Teja,R Parag,1,0,,,,,,,,,
1205774,2019/20,2019-11-12,Wankhede Stadium,2,11.3,Meghalaya,Assam,DB Ravi Teja,Amiangshu Sen,R Parag,0,1,,,,1,,,,,
1205774,2019/20,2019-11-12,Wankhede Stadium,2,11.4,Meghalaya,Assam,Amiangshu Sen,DB Ravi Teja,R Parag,0,0,,,,,,,,,
1205774,2019/20,2019-11-12,Wankhede Stadium,2,11.5,Meghalaya,Assam,Amiangshu Sen,DB Ravi Teja,R Parag,0,0,,,,,,,,,
1205774,2019/20,2019-11-12,Wankhede Stadium,2,11.6,Meghalaya,Assam,Amiangshu Sen,DB Ravi Teja,R Parag,0,0,,,,,,,,,
1205774,2019/20,2019-11-12,Wankhede Stadium,2,12.1,Meghalaya,Assam,DB Ravi Teja,Amiangshu Sen,Roshan Alam,1,0,,,,,,,,,
1205774,2019/20,2019-11-12,Wankhede Stadium,2,12.2,Meghalaya,Assam,Amiangshu Sen,DB Ravi Teja,Roshan Alam,0,0,,,,,,,,,
1205774,2019/20,2019-11-12,Wankhede Stadium,2,12.3,Meghalaya,Assam,Amiangshu Sen,DB Ravi Teja,Roshan Alam,2,0,,,,,,,,,
1205774,2019/20,2019-11-12,Wankhede Stadium,2,12.4,Meghalaya,Assam,Amiangshu Sen,DB Ravi Teja,Roshan Alam,2,0,,,,,,,,,
1205774,2019/20,2019-11-12,Wankhede Stadium,2,12.5,Meghalaya,Assam,Amiangshu Sen,DB Ravi Teja,Roshan Alam,1,0,,,,,,,,,
1205774,2019/20,2019-11-12,Wankhede Stadium,2,12.6,Meghalaya,Assam,DB Ravi Teja,Amiangshu Sen,Roshan Alam,1,0,,,,,,,,,
1205774,2019/20,2019-11-12,Wankhede Stadium,2,13.1,Meghalaya,Assam,DB Ravi Teja,Amiangshu Sen,Pritam Das,2,0,,,,,,,,,
1205774,2019/20,2019-11-12,Wankhede Stadium,2,13.2,Meghalaya,Assam,DB Ravi Teja,Amiangshu Sen,Pritam Das,1,0,,,,,,,,,
1205774,2019/20,2019-11-12,Wankhede Stadium,2,13.3,Meghalaya,Assam,Amiangshu Sen,DB Ravi Teja,Pritam Das,2,0,,,,,,,,,
1205774,2019/20,2019-11-12,Wankhede Stadium,2,13.4,Meghalaya,Assam,Amiangshu Sen,DB Ravi Teja,Pritam Das,1,0,,,,,,,,,
1205774,2019/20,2019-11-12,Wankhede Stadium,2,13.5,Meghalaya,Assam,DB Ravi Teja,Amiangshu Sen,Pritam Das,1,0,,,,,,,,,
1205774,2019/20,2019-11-12,Wankhede Stadium,2,13.6,Meghalaya,Assam,Amiangshu Sen,DB Ravi Teja,Pritam Das,0,0,,,,,,,,,
1205774,2019/20,2019-11-12,Wankhede Stadium,2,14.1,Meghalaya,Assam,DB Ravi Teja,Amiangshu Sen,Swarupam Purkayastha,1,0,,,,,,,,,
1205774,2019/20,2019-11-12,Wankhede Stadium,2,14.2,Meghalaya,Assam,Amiangshu Sen,DB Ravi Teja,Swarupam Purkayastha,1,0,,,,,,,,,
1205774,2019/20,2019-11-12,Wankhede Stadium,2,14.3,Meghalaya,Assam,DB Ravi Teja,Amiangshu Sen,Swarupam Purkayastha,0,0,,,,,,caught,DB Ravi Teja,,
1205774,2019/20,2019-11-12,Wankhede Stadium,2,14.4,Meghalaya,Assam,Mark Ingty,Amiangshu Sen,Swarupam Purkayastha,1,0,,,,,,,,,
1205774,2019/20,2019-11-12,Wankhede Stadium,2,14.5,Meghalaya,Assam,Amiangshu Sen,Mark Ingty,Swarupam Purkayastha,1,0,,,,,,,,,
1205774,2019/20,2019-11-12,Wankhede Stadium,2,14.6,Meghalaya,Assam,Mark Ingty,Amiangshu Sen,Swarupam Purkayastha,0,0,,,,,,,,,
1205774,2019/20,2019-11-12,Wankhede Stadium,2,15.1,Meghalaya,Assam,Amiangshu Sen,Mark Ingty,Roshan Alam,0,0,,,,,,,,,
1205774,2019/20,2019-11-12,Wankhede Stadium,2,15.2,Meghalaya,Assam,Amiangshu Sen,Mark Ingty,Roshan Alam,0,0,,,,,,,,,
1205774,2019/20,2019-11-12,Wankhede Stadium,2,15.3,Meghalaya,Assam,Amiangshu Sen,Mark Ingty,Roshan Alam,0,0,,,,,,,,,
1205774,2019/20,2019-11-12,Wankhede Stadium,2,15.4,Meghalaya,Assam,Amiangshu Sen,Mark Ingty,Roshan Alam,0,0,,,,,,,,,
1205774,2019/20,2019-11-12,Wankhede Stadium,2,15.5,Meghalaya,Assam,Amiangshu Sen,Mark Ingty,Roshan Alam,1,0,,,,,,,,,
1205774,2019/20,2019-11-12,Wankhede Stadium,2,15.6,Meghalaya,Assam,Mark Ingty,Amiangshu Sen,Roshan Alam,1,0,,,,,,,,,
1205774,2019/20,2019-11-12,Wankhede Stadium,2,16.1,Meghalaya,Assam,Mark Ingty,Amiangshu Sen,Swarupam Purkayastha,1,0,,,,,,,,,
1205774,2019/20,2019-11-12,Wankhede Stadium,2,16.2,Meghalaya,Assam,Amiangshu Sen,Mark Ingty,Swarupam Purkayastha,2,0,,,,,,,,,
1205774,2019/20,2019-11-12,Wankhede Stadium,2,16.3,Meghalaya,Assam,Amiangshu Sen,Mark Ingty,Swarupam Purkayastha,0,0,,,,,,,,,
1205774,2019/20,2019-11-12,Wankhede Stadium,2,16.4,Meghalaya,Assam,Amiangshu Sen,Mark Ingty,Swarupam Purkayastha,0,0,,,,,,caught,Amiangshu Sen,,
1205774,2019/20,2019-11-12,Wankhede Stadium,2,16.5,Meghalaya,Assam,Mark Ingty,Abhay Negi,Swarupam Purkayastha,1,0,,,,,,,,,
1205774,2019/20,2019-11-12,Wankhede Stadium,2,16.6,Meghalaya,Assam,Abhay Negi,Mark Ingty,Swarupam Purkayastha,1,0,,,,,,,,,
1205774,2019/20,2019-11-12,Wankhede Stadium,2,17.1,Meghalaya,Assam,Abhay Negi,Mark Ingty,R Parag,0,0,,,,,,,,,
1205774,2019/20,2019-11-12,Wankhede Stadium,2,17.2,Meghalaya,Assam,Abhay Negi,Mark Ingty,R Parag,2,0,,,,,,,,,
1205774,2019/20,2019-11-12,Wankhede Stadium,2,17.3,Meghalaya,Assam,Abhay Negi,Mark Ingty,R Parag,1,0,,,,,,,,,
1205774,2019/20,2019-11-12,Wankhede Stadium,2,17.4,Meghalaya,Assam,Mark Ingty,Abhay Negi,R Parag,1,0,,,,,,,,,
1205774,2019/20,2019-11-12,Wankhede Stadium,2,17.5,Meghalaya,Assam,Abhay Negi,Mark Ingty,R Parag,0,0,,,,,,,,,
1205774,2019/20,2019-11-12,Wankhede Stadium,2,17.6,Meghalaya,Assam,Abhay Negi,Mark Ingty,R Parag,0,0,,,,,,,,,
1205774,2019/20,2019-11-12,Wankhede Stadium,2,18.1,Meghalaya,Assam,Mark Ingty,Abhay Negi,Swarupam Purkayastha,2,0,,,,,,,,,
1205774,2019/20,2019-11-12,Wankhede Stadium,2,18.2,Meghalaya,Assam,Mark Ingty,Abhay Negi,Swarupam Purkayastha,0,0,,,,,,caught,Mark Ingty,,
1205774,2019/20,2019-11-12,Wankhede Stadium,2,18.3,Meghalaya,Assam,Abhay Negi,Swarajeet Das,Swarupam Purkayastha,1,0,,,,,,,,,
1205774,2019/20,2019-11-12,Wankhede Stadium,2,18.4,Meghalaya,Assam,Swarajeet Das,Abhay Negi,Swarupam Purkayastha,1,0,,,,,,,,,
1205774,2019/20,2019-11-12,Wankhede Stadium,2,18.5,Meghalaya,Assam,Abhay Negi,Swarajeet Das,Swarupam Purkayastha,4,0,,,,,,,,,
