match_id,season,start_date,venue,innings,ball,batting_team,bowling_team,striker,non_striker,bowler,runs_off_bat,extras,wides,noballs,byes,legbyes,penalty,wicket_type,player_dismissed,other_wicket_type,other_player_dismissed
1205833,2019/20,2019-11-17,Greenfield Stadium,1,0.1,Tamil Nadu,Vidarbha,Washington Sundar,M Vijay,RN Gurbani,1,0,,,,,,,,,
1205833,2019/20,2019-11-17,Greenfield Stadium,1,0.2,Tamil Nadu,Vidarbha,M Vijay,Washington Sundar,RN Gurbani,0,0,,,,,,,,,
1205833,2019/20,2019-11-17,Greenfield Stadium,1,0.3,Tamil Nadu,Vidarbha,M Vijay,Washington Sundar,RN Gurbani,0,0,,,,,,,,,
1205833,2019/20,2019-11-17,Greenfield Stadium,1,0.4,Tamil Nadu,Vidarbha,M Vijay,Washington Sundar,RN Gurbani,0,0,,,,,,,,,
1205833,2019/20,2019-11-17,Greenfield Stadium,1,0.5,Tamil Nadu,Vidarbha,M Vijay,Washington Sundar,RN Gurbani,0,1,1,,,,,,,,
1205833,2019/20,2019-11-17,Greenfield Stadium,1,0.6,Tamil Nadu,Vidarbha,M Vijay,Washington Sundar,RN Gurbani,1,0,,,,,,,,,
1205833,2019/20,2019-11-17,Greenfield Stadium,1,0.7,Tamil Nadu,Vidarbha,Washington Sundar,M Vijay,RN Gurbani,0,0,,,,,,,,,
1205833,2019/20,2019-11-17,Greenfield Stadium,1,1.1,Tamil Nadu,Vidarbha,M Vijay,Washington Sundar,Yash Thakur,4,0,,,,,,,,,
1205833,2019/20,2019-11-17,Greenfield Stadium,1,1.2,Tamil Nadu,Vidarbha,M Vijay,Washington Sundar,Yash Thakur,0,0,,,,,,,,,
1205833,2019/20,2019-11-17,Greenfield Stadium,1,1.3,Tamil Nadu,Vidarbha,M Vijay,Washington Sundar,Yash Thakur,0,0,,,,,,,,,
1205833,2019/20,2019-11-17,Greenfield Stadium,1,1.4,Tamil Nadu,Vidarbha,M Vijay,Washington Sundar,Yash Thakur,2,0,,,,,,,,,
1205833,2019/20,2019-11-17,Greenfield Stadium,1,1.5,Tamil Nadu,Vidarbha,M Vijay,Washington Sundar,Yash Thakur,0,0,,,,,,bowled,M Vijay,,
1205833,2019/20,2019-11-17,Greenfield Stadium,1,1.6,Tamil Nadu,Vidarbha,B Aparajith,Washington Sundar,Yash Thakur,0,0,,,,,,,,,
1205833,2019/20,2019-11-17,Greenfield Stadium,1,2.1,Tamil Nadu,Vidarbha,Washington Sundar,B Aparajith,RN Gurbani,1,0,,,,,,,,,
1205833,2019/20,2019-11-17,Greenfield Stadium,1,2.2,Tamil Nadu,Vidarbha,B Aparajith,Washington Sundar,RN Gurbani,0,0,,,,,,,,,
1205833,2019/20,2019-11-17,Greenfield Stadium,1,2.3,Tamil Nadu,Vidarbha,B Aparajith,Washington Sundar,RN Gurbani,0,0,,,,,,,,,
1205833,2019/20,2019-11-17,Greenfield Stadium,1,2.4,Tamil Nadu,Vidarbha,B Aparajith,Washington Sundar,RN Gurbani,6,0,,,,,,,,,
1205833,2019/20,2019-11-17,Greenfield Stadium,1,2.5,Tamil Nadu,Vidarbha,B Aparajith,Washington Sundar,RN Gurbani,0,1,1,,,,,,,,
1205833,2019/20,2019-11-17,Greenfield Stadium,1,2.6,Tamil Nadu,Vidarbha,B Aparajith,Washington Sundar,RN Gurbani,1,0,,,,,,,,,
1205833,2019/20,2019-11-17,Greenfield Stadium,1,2.7,Tamil Nadu,Vidarbha,Washington Sundar,B Aparajith,RN Gurbani,1,0,,,,,,,,,
1205833,2019/20,2019-11-17,Greenfield Stadium,1,3.1,Tamil Nadu,Vidarbha,Washington Sundar,B Aparajith,Yash Thakur,1,0,,,,,,,,,
1205833,2019/20,2019-11-17,Greenfield Stadium,1,3.2,Tamil Nadu,Vidarbha,B Aparajith,Washington Sundar,Yash Thakur,1,0,,,,,,,,,
1205833,2019/20,2019-11-17,Greenfield Stadium,1,3.3,Tamil Nadu,Vidarbha,Washington Sundar,B Aparajith,Yash Thakur,1,0,,,,,,,,,
1205833,2019/20,2019-11-17,Greenfield Stadium,1,3.4,Tamil Nadu,Vidarbha,B Aparajith,Washington Sundar,Yash Thakur,1,0,,,,,,,,,
1205833,2019/20,2019-11-17,Greenfield Stadium,1,3.5,Tamil Nadu,Vidarbha,Washington Sundar,B Aparajith,Yash Thakur,0,0,,,,,,caught,Washington Sundar,,
1205833,2019/20,2019-11-17,Greenfield Stadium,1,3.6,Tamil Nadu,Vidarbha,KD Karthik,B Aparajith,Yash Thakur,1,0,,,,,,,,,
1205833,2019/20,2019-11-17,Greenfield Stadium,1,4.1,Tamil Nadu,Vidarbha,KD Karthik,B Aparajith,DG Nalkande,0,0,,,,,,,,,
1205833,2019/20,2019-11-17,Greenfield Stadium,1,4.2,Tamil Nadu,Vidarbha,KD Karthik,B Aparajith,DG Nalkande,2,0,,,,,,,,,
1205833,2019/20,2019-11-17,Greenfield Stadium,1,4.3,Tamil Nadu,Vidarbha,KD Karthik,B Aparajith,DG Nalkande,1,0,,,,,,,,,
1205833,2019/20,2019-11-17,Greenfield Stadium,1,4.4,Tamil Nadu,Vidarbha,B Aparajith,KD Karthik,DG Nalkande,0,0,,,,,,,,,
1205833,2019/20,2019-11-17,Greenfield Stadium,1,4.5,Tamil Nadu,Vidarbha,B Aparajith,KD Karthik,DG Nalkande,1,0,,,,,,,,,
1205833,2019/20,2019-11-17,Greenfield Stadium,1,4.6,Tamil Nadu,Vidarbha,KD Karthik,B Aparajith,DG Nalkande,0,1,1,,,,,,,,
1205833,2019/20,2019-11-17,Greenfield Stadium,1,4.7,Tamil Nadu,Vidarbha,KD Karthik,B Aparajith,DG Nalkande,1,0,,,,,,,,,
1205833,2019/20,2019-11-17,Greenfield Stadium,1,5.1,Tamil Nadu,Vidarbha,KD Karthik,B Aparajith,RN Gurbani,0,0,,,,,,,,,
1205833,2019/20,2019-11-17,Greenfield Stadium,1,5.2,Tamil Nadu,Vidarbha,KD Karthik,B Aparajith,RN Gurbani,2,0,,,,,,,,,
1205833,2019/20,2019-11-17,Greenfield Stadium,1,5.3,Tamil Nadu,Vidarbha,KD Karthik,B Aparajith,RN Gurbani,4,0,,,,,,,,,
1205833,2019/20,2019-11-17,Greenfield Stadium,1,5.4,Tamil Nadu,Vidarbha,KD Karthik,B Aparajith,RN Gurbani,0,0,,,,,,,,,
1205833,2019/20,2019-11-17,Greenfield Stadium,1,5.5,Tamil Nadu,Vidarbha,KD Karthik,B Aparajith,RN Gurbani,1,0,,,,,,,,,
1205833,2019/20,2019-11-17,Greenfield Stadium,1,5.6,Tamil Nadu,Vidarbha,B Aparajith,KD Karthik,RN Gurbani,1,0,,,,,,,,,
1205833,2019/20,2019-11-17,Greenfield Stadium,1,6.1,Tamil Nadu,Vidarbha,B Aparajith,KD Karthik,DG Nalkande,4,0,,,,,,,,,
1205833,2019/20,2019-11-17,Greenfield Stadium,1,6.2,Tamil Nadu,Vidarbha,B Aparajith,KD Karthik,DG Nalkande,1,0,,,,,,,,,
1205833,2019/20,2019-11-17,Greenfield Stadium,1,6.3,Tamil Nadu,Vidarbha,KD Karthik,B Aparajith,DG Nalkande,0,0,,,,,,,,,
1205833,2019/20,2019-11-17,Greenfield Stadium,1,6.4,Tamil Nadu,Vidarbha,KD Karthik,B Aparajith,DG Nalkande,4,0,,,,,,,,,
1205833,2019/20,2019-11-17,Greenfield Stadium,1,6.5,Tamil Nadu,Vidarbha,KD Karthik,B Aparajith,DG Nalkande,1,0,,,,,,,,,
1205833,2019/20,2019-11-17,Greenfield Stadium,1,6.6,Tamil Nadu,Vidarbha,B Aparajith,KD Karthik,DG Nalkande,1,0,,,,,,,,,
1205833,2019/20,2019-11-17,Greenfield Stadium,1,7.1,Tamil Nadu,Vidarbha,B Aparajith,KD Karthik,Akshay Wakhare,1,0,,,,,,,,,
1205833,2019/20,2019-11-17,Greenfield Stadium,1,7.2,Tamil Nadu,Vidarbha,KD Karthik,B Aparajith,Akshay Wakhare,1,0,,,,,,,,,
1205833,2019/20,2019-11-17,Greenfield Stadium,1,7.3,Tamil Nadu,Vidarbha,B Aparajith,KD Karthik,Akshay Wakhare,2,0,,,,,,,,,
1205833,2019/20,2019-11-17,Greenfield Stadium,1,7.4,Tamil Nadu,Vidarbha,B Aparajith,KD Karthik,Akshay Wakhare,1,0,,,,,,,,,
1205833,2019/20,2019-11-17,Greenfield Stadium,1,7.5,Tamil Nadu,Vidarbha,KD Karthik,B Aparajith,Akshay Wakhare,4,0,,,,,,,,,
1205833,2019/20,2019-11-17,Greenfield Stadium,1,7.6,Tamil Nadu,Vidarbha,KD Karthik,B Aparajith,Akshay Wakhare,1,0,,,,,,,,,
1205833,2019/20,2019-11-17,Greenfield Stadium,1,8.1,Tamil Nadu,Vidarbha,KD Karthik,B Aparajith,Akshay Karnewar,2,0,,,,,,,,,
1205833,2019/20,2019-11-17,Greenfield Stadium,1,8.2,Tamil Nadu,Vidarbha,KD Karthik,B Aparajith,Akshay Karnewar,1,0,,,,,,,,,
1205833,2019/20,2019-11-17,Greenfield Stadium,1,8.3,Tamil Nadu,Vidarbha,B Aparajith,KD Karthik,Akshay Karnewar,1,0,,,,,,,,,
1205833,2019/20,2019-11-17,Greenfield Stadium,1,8.4,Tamil Nadu,Vidarbha,KD Karthik,B Aparajith,Akshay Karnewar,0,0,,,,,,,,,
1205833,2019/20,2019-11-17,Greenfield Stadium,1,8.5,Tamil Nadu,Vidarbha,KD Karthik,B Aparajith,Akshay Karnewar,1,0,,,,,,,,,
1205833,2019/20,2019-11-17,Greenfield Stadium,1,8.6,Tamil Nadu,Vidarbha,B Aparajith,KD Karthik,Akshay Karnewar,1,0,,,,,,,,,
1205833,2019/20,2019-11-17,Greenfield Stadium,1,9.1,Tamil Nadu,Vidarbha,B Aparajith,KD Karthik,Akshay Wakhare,1,0,,,,,,,,,
1205833,2019/20,2019-11-17,Greenfield Stadium,1,9.2,Tamil Nadu,Vidarbha,KD Karthik,B Aparajith,Akshay Wakhare,6,0,,,,,,,,,
1205833,2019/20,2019-11-17,Greenfield Stadium,1,9.3,Tamil Nadu,Vidarbha,KD Karthik,B Aparajith,Akshay Wakhare,6,0,,,,,,,,,
1205833,2019/20,2019-11-17,Greenfield Stadium,1,9.4,Tamil Nadu,Vidarbha,KD Karthik,B Aparajith,Akshay Wakhare,0,0,,,,,,,,,
1205833,2019/20,2019-11-17,Greenfield Stadium,1,9.5,Tamil Nadu,Vidarbha,KD Karthik,B Aparajith,Akshay Wakhare,4,0,,,,,,,,,
1205833,2019/20,2019-11-17,Greenfield Stadium,1,9.6,Tamil Nadu,Vidarbha,KD Karthik,B Aparajith,Akshay Wakhare,1,0,,,,,,,,,
1205833,2019/20,2019-11-17,Greenfield Stadium,1,10.1,Tamil Nadu,Vidarbha,KD Karthik,B Aparajith,Akshay Karnewar,1,0,,,,,,,,,
1205833,2019/20,2019-11-17,Greenfield Stadium,1,10.2,Tamil Nadu,Vidarbha,B Aparajith,KD Karthik,Akshay Karnewar,1,0,,,,,,,,,
1205833,2019/20,2019-11-17,Greenfield Stadium,1,10.3,Tamil Nadu,Vidarbha,KD Karthik,B Aparajith,Akshay Karnewar,1,0,,,,,,,,,
1205833,2019/20,2019-11-17,Greenfield Stadium,1,10.4,Tamil Nadu,Vidarbha,B Aparajith,KD Karthik,Akshay Karnewar,6,0,,,,,,,,,
1205833,2019/20,2019-11-17,Greenfield Stadium,1,10.5,Tamil Nadu,Vidarbha,B Aparajith,KD Karthik,Akshay Karnewar,0,0,,,,,,,,,
1205833,2019/20,2019-11-17,Greenfield Stadium,1,10.6,Tamil Nadu,Vidarbha,B Aparajith,KD Karthik,Akshay Karnewar,2,0,,,,,,,,,
1205833,2019/20,2019-11-17,Greenfield Stadium,1,11.1,Tamil Nadu,Vidarbha,KD Karthik,B Aparajith,Akshay Wakhare,4,0,,,,,,,,,
1205833,2019/20,2019-11-17,Greenfield Stadium,1,11.2,Tamil Nadu,Vidarbha,KD Karthik,B Aparajith,Akshay Wakhare,6,0,,,,,,,,,
1205833,2019/20,2019-11-17,Greenfield Stadium,1,11.3,Tamil Nadu,Vidarbha,KD Karthik,B Aparajith,Akshay Wakhare,1,0,,,,,,,,,
1205833,2019/20,2019-11-17,Greenfield Stadium,1,11.4,Tamil Nadu,Vidarbha,B Aparajith,KD Karthik,Akshay Wakhare,0,0,,,,,,,,,
1205833,2019/20,2019-11-17,Greenfield Stadium,1,11.5,Tamil Nadu,Vidarbha,B Aparajith,KD Karthik,Akshay Wakhare,0,0,,,,,,,,,
1205833,2019/20,2019-11-17,Greenfield Stadium,1,11.6,Tamil Nadu,Vidarbha,B Aparajith,KD Karthik,Akshay Wakhare,0,0,,,,,,,,,
1205833,2019/20,2019-11-17,Greenfield Stadium,1,12.1,Tamil Nadu,Vidarbha,KD Karthik,B Aparajith,Akshay Karnewar,1,0,,,,,,,,,
1205833,2019/20,2019-11-17,Greenfield Stadium,1,12.2,Tamil Nadu,Vidarbha,B Aparajith,KD Karthik,Akshay Karnewar,0,0,,,,,,stumped,B Aparajith,,
1205833,2019/20,2019-11-17,Greenfield Stadium,1,12.3,Tamil Nadu,Vidarbha,V Shankar,KD Karthik,Akshay Karnewar,4,0,,,,,,,,,
1205833,2019/20,2019-11-17,Greenfield Stadium,1,12.4,Tamil Nadu,Vidarbha,V Shankar,KD Karthik,Akshay Karnewar,1,0,,,,,,,,,
1205833,2019/20,2019-11-17,Greenfield Stadium,1,12.5,Tamil Nadu,Vidarbha,KD Karthik,V Shankar,Akshay Karnewar,0,0,,,,,,bowled,KD Karthik,,
1205833,2019/20,2019-11-17,Greenfield Stadium,1,12.6,Tamil Nadu,Vidarbha,M Shahrukh Khan,V Shankar,Akshay Karnewar,0,0,,,,,,,,,
1205833,2019/20,2019-11-17,Greenfield Stadium,1,13.1,Tamil Nadu,Vidarbha,V Shankar,M Shahrukh Khan,Akshay Wakhare,0,0,,,,,,,,,
1205833,2019/20,2019-11-17,Greenfield Stadium,1,13.2,Tamil Nadu,Vidarbha,V Shankar,M Shahrukh Khan,Akshay Wakhare,0,0,,,,,,,,,
1205833,2019/20,2019-11-17,Greenfield Stadium,1,13.3,Tamil Nadu,Vidarbha,V Shankar,M Shahrukh Khan,Akshay Wakhare,0,0,,,,,,,,,
1205833,2019/20,2019-11-17,Greenfield Stadium,1,13.4,Tamil Nadu,Vidarbha,V Shankar,M Shahrukh Khan,Akshay Wakhare,1,0,,,,,,,,,
1205833,2019/20,2019-11-17,Greenfield Stadium,1,13.5,Tamil Nadu,Vidarbha,M Shahrukh Khan,V Shankar,Akshay Wakhare,0,0,,,,,,,,,
1205833,2019/20,2019-11-17,Greenfield Stadium,1,13.6,Tamil Nadu,Vidarbha,M Shahrukh Khan,V Shankar,Akshay Wakhare,1,0,,,,,,,,,
1205833,2019/20,2019-11-17,Greenfield Stadium,1,14.1,Tamil Nadu,Vidarbha,M Shahrukh Khan,V Shankar,Akshay Karnewar,0,0,,,,,,,,,
1205833,2019/20,2019-11-17,Greenfield Stadium,1,14.2,Tamil Nadu,Vidarbha,M Shahrukh Khan,V Shankar,Akshay Karnewar,0,0,,,,,,,,,
1205833,2019/20,2019-11-17,Greenfield Stadium,1,14.3,Tamil Nadu,Vidarbha,M Shahrukh Khan,V Shankar,Akshay Karnewar,1,0,,,,,,,,,
1205833,2019/20,2019-11-17,Greenfield Stadium,1,14.4,Tamil Nadu,Vidarbha,V Shankar,M Shahrukh Khan,Akshay Karnewar,1,0,,,,,,,,,
1205833,2019/20,2019-11-17,Greenfield Stadium,1,14.5,Tamil Nadu,Vidarbha,M Shahrukh Khan,V Shankar,Akshay Karnewar,1,0,,,,,,,,,
1205833,2019/20,2019-11-17,Greenfield Stadium,1,14.6,Tamil Nadu,Vidarbha,V Shankar,M Shahrukh Khan,Akshay Karnewar,1,0,,,,,,,,,
1205833,2019/20,2019-11-17,Greenfield Stadium,1,15.1,Tamil Nadu,Vidarbha,V Shankar,M Shahrukh Khan,DG Nalkande,0,0,,,,,,,,,
1205833,2019/20,2019-11-17,Greenfield Stadium,1,15.2,Tamil Nadu,Vidarbha,V Shankar,M Shahrukh Khan,DG Nalkande,6,0,,,,,,,,,
1205833,2019/20,2019-11-17,Greenfield Stadium,1,15.3,Tamil Nadu,Vidarbha,V Shankar,M Shahrukh Khan,DG Nalkande,1,0,,,,,,,,,
1205833,2019/20,2019-11-17,Greenfield Stadium,1,15.4,Tamil Nadu,Vidarbha,M Shahrukh Khan,V Shankar,DG Nalkande,1,0,,,,,,,,,
1205833,2019/20,2019-11-17,Greenfield Stadium,1,15.5,Tamil Nadu,Vidarbha,V Shankar,M Shahrukh Khan,DG Nalkande,1,0,,,,,,,,,
1205833,2019/20,2019-11-17,Greenfield Stadium,1,15.6,Tamil Nadu,Vidarbha,M Shahrukh Khan,V Shankar,DG Nalkande,0,0,,,,,,,,,
1205833,2019/20,2019-11-17,Greenfield Stadium,1,16.1,Tamil Nadu,Vidarbha,V Shankar,M Shahrukh Khan,RN Gurbani,6,0,,,,,,,,,
1205833,2019/20,2019-11-17,Greenfield Stadium,1,16.2,Tamil Nadu,Vidarbha,V Shankar,M Shahrukh Khan,RN Gurbani,1,0,,,,,,,,,
1205833,2019/20,2019-11-17,Greenfield Stadium,1,16.3,Tamil Nadu,Vidarbha,M Shahrukh Khan,V Shankar,RN Gurbani,6,0,,,,,,,,,
1205833,2019/20,2019-11-17,Greenfield Stadium,1,16.4,Tamil Nadu,Vidarbha,M Shahrukh Khan,V Shankar,RN Gurbani,0,0,,,,,,,,,
1205833,2019/20,2019-11-17,Greenfield Stadium,1,16.5,Tamil Nadu,Vidarbha,M Shahrukh Khan,V Shankar,RN Gurbani,1,0,,,,,,,,,
1205833,2019/20,2019-11-17,Greenfield Stadium,1,16.6,Tamil Nadu,Vidarbha,V Shankar,M Shahrukh Khan,RN Gurbani,1,0,,,,,,,,,
1205833,2019/20,2019-11-17,Greenfield Stadium,1,17.1,Tamil Nadu,Vidarbha,V Shankar,M Shahrukh Khan,Yash Thakur,2,0,,,,,,,,,
1205833,2019/20,2019-11-17,Greenfield Stadium,1,17.2,Tamil Nadu,Vidarbha,V Shankar,M Shahrukh Khan,Yash Thakur,0,0,,,,,,caught,V Shankar,,
1205833,2019/20,2019-11-17,Greenfield Stadium,1,17.3,Tamil Nadu,Vidarbha,M Mohammed,M Shahrukh Khan,Yash Thakur,1,0,,,,,,,,,
1205833,2019/20,2019-11-17,Greenfield Stadium,1,17.4,Tamil Nadu,Vidarbha,M Shahrukh Khan,M Mohammed,Yash Thakur,1,0,,,,,,,,,
1205833,2019/20,2019-11-17,Greenfield Stadium,1,17.5,Tamil Nadu,Vidarbha,M Mohammed,M Shahrukh Khan,Yash Thakur,1,0,,,,,,,,,
1205833,2019/20,2019-11-17,Greenfield Stadium,1,17.6,Tamil Nadu,Vidarbha,M Shahrukh Khan,M Mohammed,Yash Thakur,1,0,,,,,,,,,
1205833,2019/20,2019-11-17,Greenfield Stadium,1,18.1,Tamil Nadu,Vidarbha,M Shahrukh Khan,M Mohammed,DG Nalkande,6,0,,,,,,,,,
1205833,2019/20,2019-11-17,Greenfield Stadium,1,18.2,Tamil Nadu,Vidarbha,M Shahrukh Khan,M Mohammed,DG Nalkande,0,0,,,,,,caught,M Shahrukh Khan,,
1205833,2019/20,2019-11-17,Greenfield Stadium,1,18.3,Tamil Nadu,Vidarbha,M Mohammed,M Ashwin,DG Nalkande,1,0,,,,,,,,,
1205833,2019/20,2019-11-17,Greenfield Stadium,1,18.4,Tamil Nadu,Vidarbha,M Ashwin,M Mohammed,DG Nalkande,6,0,,,,,,,,,
1205833,2019/20,2019-11-17,Greenfield Stadium,1,18.5,Tamil Nadu,Vidarbha,M Ashwin,M Mohammed,DG Nalkande,1,0,,,,,,,,,
1205833,2019/20,2019-11-17,Greenfield Stadium,1,18.6,Tamil Nadu,Vidarbha,M Mohammed,M Ashwin,DG Nalkande,0,0,,,,,,caught,M Mohammed,,
1205833,2019/20,2019-11-17,Greenfield Stadium,1,19.1,Tamil Nadu,Vidarbha,M Ashwin,R Sai Kishore,Yash Thakur,0,1,,,,1,,,,,
1205833,2019/20,2019-11-17,Greenfield Stadium,1,19.2,Tamil Nadu,Vidarbha,R Sai Kishore,M Ashwin,Yash Thakur,1,0,,,,,,,,,
1205833,2019/20,2019-11-17,Greenfield Stadium,1,19.3,Tamil Nadu,Vidarbha,M Ashwin,R Sai Kishore,Yash Thakur,1,0,,,,,,,,,
1205833,2019/20,2019-11-17,Greenfield Stadium,1,19.4,Tamil Nadu,Vidarbha,R Sai Kishore,M Ashwin,Yash Thakur,1,0,,,,,,,,,
1205833,2019/20,2019-11-17,Greenfield Stadium,1,19.5,Tamil Nadu,Vidarbha,M Ashwin,R Sai Kishore,Yash Thakur,2,0,,,,,,,,,
1205833,2019/20,2019-11-17,Greenfield Stadium,1,19.6,Tamil Nadu,Vidarbha,M Ashwin,R Sai Kishore,Yash Thakur,1,0,,,,,,run out,R Sai Kishore,,
1205833,2019/20,2019-11-17,Greenfield Stadium,2,0.1,Vidarbha,Tamil Nadu,JM Sharma,AV Kolhar,R Sai Kishore,0,0,,,,,,,,,
1205833,2019/20,2019-11-17,Greenfield Stadium,2,0.2,Vidarbha,Tamil Nadu,JM Sharma,AV Kolhar,R Sai Kishore,0,0,,,,,,,,,
1205833,2019/20,2019-11-17,Greenfield Stadium,2,0.3,Vidarbha,Tamil Nadu,JM Sharma,AV Kolhar,R Sai Kishore,0,0,,,,,,caught,JM Sharma,,
1205833,2019/20,2019-11-17,Greenfield Stadium,2,0.4,Vidarbha,Tamil Nadu,AV Kolhar,SU Shrivastava,R Sai Kishore,2,0,,,,,,,,,
1205833,2019/20,2019-11-17,Greenfield Stadium,2,0.5,Vidarbha,Tamil Nadu,AV Kolhar,SU Shrivastava,R Sai Kishore,0,0,,,,,,,,,
1205833,2019/20,2019-11-17,Greenfield Stadium,2,0.6,Vidarbha,Tamil Nadu,AV Kolhar,SU Shrivastava,R Sai Kishore,0,0,,,,,,,,,
1205833,2019/20,2019-11-17,Greenfield Stadium,2,1.1,Vidarbha,Tamil Nadu,SU Shrivastava,AV Kolhar,T Natarajan,1,0,,,,,,,,,
1205833,2019/20,2019-11-17,Greenfield Stadium,2,1.2,Vidarbha,Tamil Nadu,AV Kolhar,SU Shrivastava,T Natarajan,1,0,,,,,,,,,
1205833,2019/20,2019-11-17,Greenfield Stadium,2,1.3,Vidarbha,Tamil Nadu,SU Shrivastava,AV Kolhar,T Natarajan,0,0,,,,,,,,,
1205833,2019/20,2019-11-17,Greenfield Stadium,2,1.4,Vidarbha,Tamil Nadu,SU Shrivastava,AV Kolhar,T Natarajan,0,0,,,,,,,,,
1205833,2019/20,2019-11-17,Greenfield Stadium,2,1.5,Vidarbha,Tamil Nadu,SU Shrivastava,AV Kolhar,T Natarajan,2,0,,,,,,,,,
1205833,2019/20,2019-11-17,Greenfield Stadium,2,1.6,Vidarbha,Tamil Nadu,SU Shrivastava,AV Kolhar,T Natarajan,1,0,,,,,,,,,
1205833,2019/20,2019-11-17,Greenfield Stadium,2,2.1,Vidarbha,Tamil Nadu,SU Shrivastava,AV Kolhar,R Sai Kishore,0,0,,,,,,,,,
1205833,2019/20,2019-11-17,Greenfield Stadium,2,2.2,Vidarbha,Tamil Nadu,SU Shrivastava,AV Kolhar,R Sai Kishore,4,0,,,,,,,,,
1205833,2019/20,2019-11-17,Greenfield Stadium,2,2.3,Vidarbha,Tamil Nadu,SU Shrivastava,AV Kolhar,R Sai Kishore,0,1,1,,,,,,,,
1205833,2019/20,2019-11-17,Greenfield Stadium,2,2.4,Vidarbha,Tamil Nadu,SU Shrivastava,AV Kolhar,R Sai Kishore,0,0,,,,,,,,,
1205833,2019/20,2019-11-17,Greenfield Stadium,2,2.5,Vidarbha,Tamil Nadu,SU Shrivastava,AV Kolhar,R Sai Kishore,0,0,,,,,,,,,
1205833,2019/20,2019-11-17,Greenfield Stadium,2,2.6,Vidarbha,Tamil Nadu,SU Shrivastava,AV Kolhar,R Sai Kishore,1,0,,,,,,,,,
1205833,2019/20,2019-11-17,Greenfield Stadium,2,2.7,Vidarbha,Tamil Nadu,AV Kolhar,SU Shrivastava,R Sai Kishore,0,0,,,,,,,,,
1205833,2019/20,2019-11-17,Greenfield Stadium,2,3.1,Vidarbha,Tamil Nadu,SU Shrivastava,AV Kolhar,Washington Sundar,2,0,,,,,,,,,
1205833,2019/20,2019-11-17,Greenfield Stadium,2,3.2,Vidarbha,Tamil Nadu,SU Shrivastava,AV Kolhar,Washington Sundar,0,0,,,,,,,,,
1205833,2019/20,2019-11-17,Greenfield Stadium,2,3.3,Vidarbha,Tamil Nadu,SU Shrivastava,AV Kolhar,Washington Sundar,2,0,,,,,,,,,
1205833,2019/20,2019-11-17,Greenfield Stadium,2,3.4,Vidarbha,Tamil Nadu,SU Shrivastava,AV Kolhar,Washington Sundar,1,0,,,,,,,,,
1205833,2019/20,2019-11-17,Greenfield Stadium,2,3.5,Vidarbha,Tamil Nadu,AV Kolhar,SU Shrivastava,Washington Sundar,0,0,,,,,,,,,
1205833,2019/20,2019-11-17,Greenfield Stadium,2,3.6,Vidarbha,Tamil Nadu,AV Kolhar,SU Shrivastava,Washington Sundar,0,0,,,,,,caught,AV Kolhar,,
1205833,2019/20,2019-11-17,Greenfield Stadium,2,4.1,Vidarbha,Tamil Nadu,Akshay Wadkar,SU Shrivastava,T Natarajan,0,0,,,,,,,,,
1205833,2019/20,2019-11-17,Greenfield Stadium,2,4.2,Vidarbha,Tamil Nadu,Akshay Wadkar,SU Shrivastava,T Natarajan,1,0,,,,,,,,,
1205833,2019/20,2019-11-17,Greenfield Stadium,2,4.3,Vidarbha,Tamil Nadu,SU Shrivastava,Akshay Wadkar,T Natarajan,0,0,,,,,,,,,
1205833,2019/20,2019-11-17,Greenfield Stadium,2,4.4,Vidarbha,Tamil Nadu,SU Shrivastava,Akshay Wadkar,T Natarajan,0,0,,,,,,,,,
1205833,2019/20,2019-11-17,Greenfield Stadium,2,4.5,Vidarbha,Tamil Nadu,SU Shrivastava,Akshay Wadkar,T Natarajan,0,0,,,,,,,,,
1205833,2019/20,2019-11-17,Greenfield Stadium,2,4.6,Vidarbha,Tamil Nadu,SU Shrivastava,Akshay Wadkar,T Natarajan,0,0,,,,,,caught,SU Shrivastava,,
1205833,2019/20,2019-11-17,Greenfield Stadium,2,5.1,Vidarbha,Tamil Nadu,Akshay Wadkar,Ganesh Satish,V Shankar,2,0,,,,,,,,,
1205833,2019/20,2019-11-17,Greenfield Stadium,2,5.2,Vidarbha,Tamil Nadu,Akshay Wadkar,Ganesh Satish,V Shankar,0,0,,,,,,,,,
1205833,2019/20,2019-11-17,Greenfield Stadium,2,5.3,Vidarbha,Tamil Nadu,Akshay Wadkar,Ganesh Satish,V Shankar,1,0,,,,,,,,,
1205833,2019/20,2019-11-17,Greenfield Stadium,2,5.4,Vidarbha,Tamil Nadu,Ganesh Satish,Akshay Wadkar,V Shankar,0,0,,,,,,,,,
1205833,2019/20,2019-11-17,Greenfield Stadium,2,5.5,Vidarbha,Tamil Nadu,Ganesh Satish,Akshay Wadkar,V Shankar,1,0,,,,,,,,,
1205833,2019/20,2019-11-17,Greenfield Stadium,2,5.6,Vidarbha,Tamil Nadu,Akshay Wadkar,Ganesh Satish,V Shankar,0,0,,,,,,,,,
1205833,2019/20,2019-11-17,Greenfield Stadium,2,6.1,Vidarbha,Tamil Nadu,Ganesh Satish,Akshay Wadkar,M Ashwin,1,0,,,,,,,,,
1205833,2019/20,2019-11-17,Greenfield Stadium,2,6.2,Vidarbha,Tamil Nadu,Akshay Wadkar,Ganesh Satish,M Ashwin,1,0,,,,,,,,,
1205833,2019/20,2019-11-17,Greenfield Stadium,2,6.3,Vidarbha,Tamil Nadu,Ganesh Satish,Akshay Wadkar,M Ashwin,1,0,,,,,,,,,
1205833,2019/20,2019-11-17,Greenfield Stadium,2,6.4,Vidarbha,Tamil Nadu,Akshay Wadkar,Ganesh Satish,M Ashwin,1,0,,,,,,,,,
1205833,2019/20,2019-11-17,Greenfield Stadium,2,6.5,Vidarbha,Tamil Nadu,Ganesh Satish,Akshay Wadkar,M Ashwin,0,0,,,,,,,,,
1205833,2019/20,2019-11-17,Greenfield Stadium,2,6.6,Vidarbha,Tamil Nadu,Ganesh Satish,Akshay Wadkar,M Ashwin,1,0,,,,,,,,,
1205833,2019/20,2019-11-17,Greenfield Stadium,2,7.1,Vidarbha,Tamil Nadu,Ganesh Satish,Akshay Wadkar,V Shankar,0,0,,,,,,caught,Ganesh Satish,,
1205833,2019/20,2019-11-17,Greenfield Stadium,2,7.2,Vidarbha,Tamil Nadu,Akshay Wadkar,Akshay Karnewar,V Shankar,0,0,,,,,,,,,
1205833,2019/20,2019-11-17,Greenfield Stadium,2,7.3,Vidarbha,Tamil Nadu,Akshay Wadkar,Akshay Karnewar,V Shankar,0,0,,,,,,,,,
1205833,2019/20,2019-11-17,Greenfield Stadium,2,7.4,Vidarbha,Tamil Nadu,Akshay Wadkar,Akshay Karnewar,V Shankar,1,0,,,,,,,,,
1205833,2019/20,2019-11-17,Greenfield Stadium,2,7.5,Vidarbha,Tamil Nadu,Akshay Karnewar,Akshay Wadkar,V Shankar,0,0,,,,,,,,,
1205833,2019/20,2019-11-17,Greenfield Stadium,2,7.6,Vidarbha,Tamil Nadu,Akshay Karnewar,Akshay Wadkar,V Shankar,0,0,,,,,,caught,Akshay Karnewar,,
1205833,2019/20,2019-11-17,Greenfield Stadium,2,8.1,Vidarbha,Tamil Nadu,Tushar Gill,Akshay Wadkar,M Mohammed,0,0,,,,,,,,,
1205833,2019/20,2019-11-17,Greenfield Stadium,2,8.2,Vidarbha,Tamil Nadu,Tushar Gill,Akshay Wadkar,M Mohammed,1,0,,,,,,,,,
1205833,2019/20,2019-11-17,Greenfield Stadium,2,8.3,Vidarbha,Tamil Nadu,Akshay Wadkar,Tushar Gill,M Mohammed,1,0,,,,,,,,,
1205833,2019/20,2019-11-17,Greenfield Stadium,2,8.4,Vidarbha,Tamil Nadu,Tushar Gill,Akshay Wadkar,M Mohammed,1,0,,,,,,,,,
1205833,2019/20,2019-11-17,Greenfield Stadium,2,8.5,Vidarbha,Tamil Nadu,Akshay Wadkar,Tushar Gill,M Mohammed,1,0,,,,,,,,,
1205833,2019/20,2019-11-17,Greenfield Stadium,2,8.6,Vidarbha,Tamil Nadu,Tushar Gill,Akshay Wadkar,M Mohammed,1,0,,,,,,,,,
1205833,2019/20,2019-11-17,Greenfield Stadium,2,9.1,Vidarbha,Tamil Nadu,Tushar Gill,Akshay Wadkar,V Shankar,1,0,,,,,,,,,
1205833,2019/20,2019-11-17,Greenfield Stadium,2,9.2,Vidarbha,Tamil Nadu,Akshay Wadkar,Tushar Gill,V Shankar,4,0,,,,,,,,,
1205833,2019/20,2019-11-17,Greenfield Stadium,2,9.3,Vidarbha,Tamil Nadu,Akshay Wadkar,Tushar Gill,V Shankar,0,0,,,,,,run out,Akshay Wadkar,,
1205833,2019/20,2019-11-17,Greenfield Stadium,2,9.4,Vidarbha,Tamil Nadu,Tushar Gill,DG Nalkande,V Shankar,1,0,,,,,,,,,
1205833,2019/20,2019-11-17,Greenfield Stadium,2,9.5,Vidarbha,Tamil Nadu,DG Nalkande,Tushar Gill,V Shankar,0,0,,,,,,,,,
1205833,2019/20,2019-11-17,Greenfield Stadium,2,9.6,Vidarbha,Tamil Nadu,DG Nalkande,Tushar Gill,V Shankar,0,0,,,,,,,,,
1205833,2019/20,2019-11-17,Greenfield Stadium,2,10.1,Vidarbha,Tamil Nadu,Tushar Gill,DG Nalkande,M Mohammed,1,0,,,,,,,,,
1205833,2019/20,2019-11-17,Greenfield Stadium,2,10.2,Vidarbha,Tamil Nadu,DG Nalkande,Tushar Gill,M Mohammed,1,0,,,,,,,,,
1205833,2019/20,2019-11-17,Greenfield Stadium,2,10.3,Vidarbha,Tamil Nadu,Tushar Gill,DG Nalkande,M Mohammed,1,0,,,,,,,,,
1205833,2019/20,2019-11-17,Greenfield Stadium,2,10.4,Vidarbha,Tamil Nadu,DG Nalkande,Tushar Gill,M Mohammed,2,0,,,,,,,,,
1205833,2019/20,2019-11-17,Greenfield Stadium,2,10.5,Vidarbha,Tamil Nadu,DG Nalkande,Tushar Gill,M Mohammed,0,0,,,,,,caught,DG Nalkande,,
1205833,2019/20,2019-11-17,Greenfield Stadium,2,10.6,Vidarbha,Tamil Nadu,Tushar Gill,RN Gurbani,M Mohammed,1,0,,,,,,,,,
1205833,2019/20,2019-11-17,Greenfield Stadium,2,11.1,Vidarbha,Tamil Nadu,Tushar Gill,RN Gurbani,V Shankar,1,0,,,,,,,,,
1205833,2019/20,2019-11-17,Greenfield Stadium,2,11.2,Vidarbha,Tamil Nadu,RN Gurbani,Tushar Gill,V Shankar,0,0,,,,,,,,,
1205833,2019/20,2019-11-17,Greenfield Stadium,2,11.3,Vidarbha,Tamil Nadu,RN Gurbani,Tushar Gill,V Shankar,0,0,,,,,,caught,RN Gurbani,,
1205833,2019/20,2019-11-17,Greenfield Stadium,2,11.4,Vidarbha,Tamil Nadu,Yash Thakur,Tushar Gill,V Shankar,0,0,,,,,,,,,
1205833,2019/20,2019-11-17,Greenfield Stadium,2,11.5,Vidarbha,Tamil Nadu,Yash Thakur,Tushar Gill,V Shankar,0,0,,,,,,,,,
1205833,2019/20,2019-11-17,Greenfield Stadium,2,11.6,Vidarbha,Tamil Nadu,Yash Thakur,Tushar Gill,V Shankar,0,0,,,,,,,,,
1205833,2019/20,2019-11-17,Greenfield Stadium,2,12.1,Vidarbha,Tamil Nadu,Tushar Gill,Yash Thakur,R Sai Kishore,0,0,,,,,,,,,
1205833,2019/20,2019-11-17,Greenfield Stadium,2,12.2,Vidarbha,Tamil Nadu,Tushar Gill,Yash Thakur,R Sai Kishore,1,0,,,,,,,,,
1205833,2019/20,2019-11-17,Greenfield Stadium,2,12.3,Vidarbha,Tamil Nadu,Yash Thakur,Tushar Gill,R Sai Kishore,0,0,,,,,,,,,
1205833,2019/20,2019-11-17,Greenfield Stadium,2,12.4,Vidarbha,Tamil Nadu,Yash Thakur,Tushar Gill,R Sai Kishore,0,0,,,,,,,,,
1205833,2019/20,2019-11-17,Greenfield Stadium,2,12.5,Vidarbha,Tamil Nadu,Yash Thakur,Tushar Gill,R Sai Kishore,0,0,,,,,,,,,
1205833,2019/20,2019-11-17,Greenfield Stadium,2,12.6,Vidarbha,Tamil Nadu,Yash Thakur,Tushar Gill,R Sai Kishore,0,0,,,,,,,,,
1205833,2019/20,2019-11-17,Greenfield Stadium,2,13.1,Vidarbha,Tamil Nadu,Tushar Gill,Yash Thakur,M Ashwin,4,0,,,,,,,,,
1205833,2019/20,2019-11-17,Greenfield Stadium,2,13.2,Vidarbha,Tamil Nadu,Tushar Gill,Yash Thakur,M Ashwin,1,0,,,,,,,,,
1205833,2019/20,2019-11-17,Greenfield Stadium,2,13.3,Vidarbha,Tamil Nadu,Yash Thakur,Tushar Gill,M Ashwin,0,0,,,,,,,,,
1205833,2019/20,2019-11-17,Greenfield Stadium,2,13.4,Vidarbha,Tamil Nadu,Yash Thakur,Tushar Gill,M Ashwin,1,0,,,,,,,,,
1205833,2019/20,2019-11-17,Greenfield Stadium,2,13.5,Vidarbha,Tamil Nadu,Tushar Gill,Yash Thakur,M Ashwin,1,0,,,,,,,,,
1205833,2019/20,2019-11-17,Greenfield Stadium,2,13.6,Vidarbha,Tamil Nadu,Yash Thakur,Tushar Gill,M Ashwin,0,0,,,,,,,,,
1205833,2019/20,2019-11-17,Greenfield Stadium,2,14.1,Vidarbha,Tamil Nadu,Tushar Gill,Yash Thakur,R Sai Kishore,0,0,,,,,,,,,
1205833,2019/20,2019-11-17,Greenfield Stadium,2,14.2,Vidarbha,Tamil Nadu,Tushar Gill,Yash Thakur,R Sai Kishore,0,0,,,,,,,,,
1205833,2019/20,2019-11-17,Greenfield Stadium,2,14.3,Vidarbha,Tamil Nadu,Tushar Gill,Yash Thakur,R Sai Kishore,0,0,,,,,,caught,Tushar Gill,,
1205833,2019/20,2019-11-17,Greenfield Stadium,2,14.4,Vidarbha,Tamil Nadu,Akshay Wakhare,Yash Thakur,R Sai Kishore,0,0,,,,,,,,,
1205833,2019/20,2019-11-17,Greenfield Stadium,2,14.5,Vidarbha,Tamil Nadu,Akshay Wakhare,Yash Thakur,R Sai Kishore,0,0,,,,,,bowled,Akshay Wakhare,,
