match_id,season,start_date,venue,innings,ball,batting_team,bowling_team,striker,non_striker,bowler,runs_off_bat,extras,wides,noballs,byes,legbyes,penalty,wicket_type,player_dismissed,other_wicket_type,other_player_dismissed
1205857,2019/20,2019-11-27,Lalbhai Contractor Stadium,1,0.1,Maharashtra,Haryana,RD Gaikwad,VH Zol,HV Patel,1,0,,,,,,,,,
1205857,2019/20,2019-11-27,Lalbhai Contractor Stadium,1,0.2,Maharashtra,Haryana,VH Zol,RD Gaikwad,HV Patel,2,0,,,,,,,,,
1205857,2019/20,2019-11-27,Lalbhai Contractor Stadium,1,0.3,Maharashtra,Haryana,VH Zol,RD Gaikwad,HV Patel,0,0,,,,,,,,,
1205857,2019/20,2019-11-27,Lalbhai Contractor Stadium,1,0.4,Maharashtra,Haryana,VH Zol,RD Gaikwad,HV Patel,0,0,,,,,,,,,
1205857,2019/20,2019-11-27,Lalbhai Contractor Stadium,1,0.5,Maharashtra,Haryana,VH Zol,RD Gaikwad,HV Patel,4,0,,,,,,,,,
1205857,2019/20,2019-11-27,Lalbhai Contractor Stadium,1,0.6,Maharashtra,Haryana,VH Zol,RD Gaikwad,HV Patel,1,0,,,,,,,,,
1205857,2019/20,2019-11-27,Lalbhai Contractor Stadium,1,1.1,Maharashtra,Haryana,VH Zol,RD Gaikwad,AH Hooda,1,0,,,,,,,,,
1205857,2019/20,2019-11-27,Lalbhai Contractor Stadium,1,1.2,Maharashtra,Haryana,RD Gaikwad,VH Zol,AH Hooda,0,0,,,,,,,,,
1205857,2019/20,2019-11-27,Lalbhai Contractor Stadium,1,1.3,Maharashtra,Haryana,RD Gaikwad,VH Zol,AH Hooda,1,0,,,,,,,,,
1205857,2019/20,2019-11-27,Lalbhai Contractor Stadium,1,1.4,Maharashtra,Haryana,VH Zol,RD Gaikwad,AH Hooda,0,1,,,,1,,,,,
1205857,2019/20,2019-11-27,Lalbhai Contractor Stadium,1,1.5,Maharashtra,Haryana,RD Gaikwad,VH Zol,AH Hooda,1,0,,,,,,,,,
1205857,2019/20,2019-11-27,Lalbhai Contractor Stadium,1,1.6,Maharashtra,Haryana,VH Zol,RD Gaikwad,AH Hooda,0,0,,,,,,,,,
1205857,2019/20,2019-11-27,Lalbhai Contractor Stadium,1,2.1,Maharashtra,Haryana,RD Gaikwad,VH Zol,HV Patel,0,0,,,,,,,,,
1205857,2019/20,2019-11-27,Lalbhai Contractor Stadium,1,2.2,Maharashtra,Haryana,RD Gaikwad,VH Zol,HV Patel,1,0,,,,,,,,,
1205857,2019/20,2019-11-27,Lalbhai Contractor Stadium,1,2.3,Maharashtra,Haryana,VH Zol,RD Gaikwad,HV Patel,4,0,,,,,,,,,
1205857,2019/20,2019-11-27,Lalbhai Contractor Stadium,1,2.4,Maharashtra,Haryana,VH Zol,RD Gaikwad,HV Patel,1,0,,,,,,,,,
1205857,2019/20,2019-11-27,Lalbhai Contractor Stadium,1,2.5,Maharashtra,Haryana,RD Gaikwad,VH Zol,HV Patel,4,0,,,,,,,,,
1205857,2019/20,2019-11-27,Lalbhai Contractor Stadium,1,2.6,Maharashtra,Haryana,RD Gaikwad,VH Zol,HV Patel,6,0,,,,,,,,,
1205857,2019/20,2019-11-27,Lalbhai Contractor Stadium,1,3.1,Maharashtra,Haryana,VH Zol,RD Gaikwad,AH Hooda,0,0,,,,,,,,,
1205857,2019/20,2019-11-27,Lalbhai Contractor Stadium,1,3.2,Maharashtra,Haryana,VH Zol,RD Gaikwad,AH Hooda,2,0,,,,,,,,,
1205857,2019/20,2019-11-27,Lalbhai Contractor Stadium,1,3.3,Maharashtra,Haryana,VH Zol,RD Gaikwad,AH Hooda,0,0,,,,,,,,,
1205857,2019/20,2019-11-27,Lalbhai Contractor Stadium,1,3.4,Maharashtra,Haryana,VH Zol,RD Gaikwad,AH Hooda,1,0,,,,,,,,,
1205857,2019/20,2019-11-27,Lalbhai Contractor Stadium,1,3.5,Maharashtra,Haryana,RD Gaikwad,VH Zol,AH Hooda,4,0,,,,,,,,,
1205857,2019/20,2019-11-27,Lalbhai Contractor Stadium,1,3.6,Maharashtra,Haryana,RD Gaikwad,VH Zol,AH Hooda,1,0,,,,,,,,,
1205857,2019/20,2019-11-27,Lalbhai Contractor Stadium,1,4.1,Maharashtra,Haryana,RD Gaikwad,VH Zol,YS Chahal,0,0,,,,,,,,,
1205857,2019/20,2019-11-27,Lalbhai Contractor Stadium,1,4.2,Maharashtra,Haryana,RD Gaikwad,VH Zol,YS Chahal,0,0,,,,,,,,,
1205857,2019/20,2019-11-27,Lalbhai Contractor Stadium,1,4.3,Maharashtra,Haryana,RD Gaikwad,VH Zol,YS Chahal,4,0,,,,,,,,,
1205857,2019/20,2019-11-27,Lalbhai Contractor Stadium,1,4.4,Maharashtra,Haryana,RD Gaikwad,VH Zol,YS Chahal,4,0,,,,,,,,,
1205857,2019/20,2019-11-27,Lalbhai Contractor Stadium,1,4.5,Maharashtra,Haryana,RD Gaikwad,VH Zol,YS Chahal,0,0,,,,,,caught,RD Gaikwad,,
1205857,2019/20,2019-11-27,Lalbhai Contractor Stadium,1,4.6,Maharashtra,Haryana,KM Jadhav,VH Zol,YS Chahal,0,0,,,,,,,,,
1205857,2019/20,2019-11-27,Lalbhai Contractor Stadium,1,5.1,Maharashtra,Haryana,VH Zol,KM Jadhav,Sumit Kumar,0,0,,,,,,,,,
1205857,2019/20,2019-11-27,Lalbhai Contractor Stadium,1,5.2,Maharashtra,Haryana,VH Zol,KM Jadhav,Sumit Kumar,1,0,,,,,,,,,
1205857,2019/20,2019-11-27,Lalbhai Contractor Stadium,1,5.3,Maharashtra,Haryana,KM Jadhav,VH Zol,Sumit Kumar,0,0,,,,,,,,,
1205857,2019/20,2019-11-27,Lalbhai Contractor Stadium,1,5.4,Maharashtra,Haryana,KM Jadhav,VH Zol,Sumit Kumar,0,0,,,,,,bowled,KM Jadhav,,
1205857,2019/20,2019-11-27,Lalbhai Contractor Stadium,1,5.5,Maharashtra,Haryana,RA Tripathi,VH Zol,Sumit Kumar,4,0,,,,,,,,,
1205857,2019/20,2019-11-27,Lalbhai Contractor Stadium,1,5.6,Maharashtra,Haryana,RA Tripathi,VH Zol,Sumit Kumar,1,0,,,,,,,,,
1205857,2019/20,2019-11-27,Lalbhai Contractor Stadium,1,6.1,Maharashtra,Haryana,RA Tripathi,VH Zol,YS Chahal,0,0,,,,,,,,,
1205857,2019/20,2019-11-27,Lalbhai Contractor Stadium,1,6.2,Maharashtra,Haryana,RA Tripathi,VH Zol,YS Chahal,2,0,,,,,,,,,
1205857,2019/20,2019-11-27,Lalbhai Contractor Stadium,1,6.3,Maharashtra,Haryana,RA Tripathi,VH Zol,YS Chahal,0,0,,,,,,,,,
1205857,2019/20,2019-11-27,Lalbhai Contractor Stadium,1,6.4,Maharashtra,Haryana,RA Tripathi,VH Zol,YS Chahal,0,0,,,,,,,,,
1205857,2019/20,2019-11-27,Lalbhai Contractor Stadium,1,6.5,Maharashtra,Haryana,RA Tripathi,VH Zol,YS Chahal,0,0,,,,,,,,,
1205857,2019/20,2019-11-27,Lalbhai Contractor Stadium,1,6.6,Maharashtra,Haryana,RA Tripathi,VH Zol,YS Chahal,1,0,,,,,,,,,
1205857,2019/20,2019-11-27,Lalbhai Contractor Stadium,1,7.1,Maharashtra,Haryana,RA Tripathi,VH Zol,Sumit Kumar,0,0,,,,,,,,,
1205857,2019/20,2019-11-27,Lalbhai Contractor Stadium,1,7.2,Maharashtra,Haryana,RA Tripathi,VH Zol,Sumit Kumar,2,0,,,,,,,,,
1205857,2019/20,2019-11-27,Lalbhai Contractor Stadium,1,7.3,Maharashtra,Haryana,RA Tripathi,VH Zol,Sumit Kumar,0,0,,,,,,,,,
1205857,2019/20,2019-11-27,Lalbhai Contractor Stadium,1,7.4,Maharashtra,Haryana,RA Tripathi,VH Zol,Sumit Kumar,1,0,,,,,,,,,
1205857,2019/20,2019-11-27,Lalbhai Contractor Stadium,1,7.5,Maharashtra,Haryana,VH Zol,RA Tripathi,Sumit Kumar,0,0,,,,,,,,,
1205857,2019/20,2019-11-27,Lalbhai Contractor Stadium,1,7.6,Maharashtra,Haryana,VH Zol,RA Tripathi,Sumit Kumar,0,0,,,,,,,,,
1205857,2019/20,2019-11-27,Lalbhai Contractor Stadium,1,8.1,Maharashtra,Haryana,RA Tripathi,VH Zol,YS Chahal,2,0,,,,,,,,,
1205857,2019/20,2019-11-27,Lalbhai Contractor Stadium,1,8.2,Maharashtra,Haryana,RA Tripathi,VH Zol,YS Chahal,0,0,,,,,,,,,
1205857,2019/20,2019-11-27,Lalbhai Contractor Stadium,1,8.3,Maharashtra,Haryana,RA Tripathi,VH Zol,YS Chahal,1,0,,,,,,,,,
1205857,2019/20,2019-11-27,Lalbhai Contractor Stadium,1,8.4,Maharashtra,Haryana,VH Zol,RA Tripathi,YS Chahal,1,0,,,,,,,,,
1205857,2019/20,2019-11-27,Lalbhai Contractor Stadium,1,8.5,Maharashtra,Haryana,RA Tripathi,VH Zol,YS Chahal,0,0,,,,,,,,,
1205857,2019/20,2019-11-27,Lalbhai Contractor Stadium,1,8.6,Maharashtra,Haryana,RA Tripathi,VH Zol,YS Chahal,1,0,,,,,,,,,
1205857,2019/20,2019-11-27,Lalbhai Contractor Stadium,1,9.1,Maharashtra,Haryana,RA Tripathi,VH Zol,J Yadav,1,0,,,,,,,,,
1205857,2019/20,2019-11-27,Lalbhai Contractor Stadium,1,9.2,Maharashtra,Haryana,VH Zol,RA Tripathi,J Yadav,1,0,,,,,,,,,
1205857,2019/20,2019-11-27,Lalbhai Contractor Stadium,1,9.3,Maharashtra,Haryana,RA Tripathi,VH Zol,J Yadav,0,0,,,,,,,,,
1205857,2019/20,2019-11-27,Lalbhai Contractor Stadium,1,9.4,Maharashtra,Haryana,RA Tripathi,VH Zol,J Yadav,6,0,,,,,,,,,
1205857,2019/20,2019-11-27,Lalbhai Contractor Stadium,1,9.5,Maharashtra,Haryana,RA Tripathi,VH Zol,J Yadav,1,0,,,,,,,,,
1205857,2019/20,2019-11-27,Lalbhai Contractor Stadium,1,9.6,Maharashtra,Haryana,VH Zol,RA Tripathi,J Yadav,0,1,,,,1,,,,,
1205857,2019/20,2019-11-27,Lalbhai Contractor Stadium,1,10.1,Maharashtra,Haryana,VH Zol,RA Tripathi,A Mishra,0,0,,,,,,,,,
1205857,2019/20,2019-11-27,Lalbhai Contractor Stadium,1,10.2,Maharashtra,Haryana,VH Zol,RA Tripathi,A Mishra,1,0,,,,,,,,,
1205857,2019/20,2019-11-27,Lalbhai Contractor Stadium,1,10.3,Maharashtra,Haryana,RA Tripathi,VH Zol,A Mishra,1,0,,,,,,,,,
1205857,2019/20,2019-11-27,Lalbhai Contractor Stadium,1,10.4,Maharashtra,Haryana,VH Zol,RA Tripathi,A Mishra,2,0,,,,,,,,,
1205857,2019/20,2019-11-27,Lalbhai Contractor Stadium,1,10.5,Maharashtra,Haryana,VH Zol,RA Tripathi,A Mishra,1,0,,,,,,,,,
1205857,2019/20,2019-11-27,Lalbhai Contractor Stadium,1,10.6,Maharashtra,Haryana,RA Tripathi,VH Zol,A Mishra,1,0,,,,,,,,,
1205857,2019/20,2019-11-27,Lalbhai Contractor Stadium,1,11.1,Maharashtra,Haryana,RA Tripathi,VH Zol,J Yadav,1,0,,,,,,,,,
1205857,2019/20,2019-11-27,Lalbhai Contractor Stadium,1,11.2,Maharashtra,Haryana,VH Zol,RA Tripathi,J Yadav,1,0,,,,,,,,,
1205857,2019/20,2019-11-27,Lalbhai Contractor Stadium,1,11.3,Maharashtra,Haryana,RA Tripathi,VH Zol,J Yadav,1,0,,,,,,,,,
1205857,2019/20,2019-11-27,Lalbhai Contractor Stadium,1,11.4,Maharashtra,Haryana,VH Zol,RA Tripathi,J Yadav,2,0,,,,,,,,,
1205857,2019/20,2019-11-27,Lalbhai Contractor Stadium,1,11.5,Maharashtra,Haryana,VH Zol,RA Tripathi,J Yadav,4,0,,,,,,,,,
1205857,2019/20,2019-11-27,Lalbhai Contractor Stadium,1,11.6,Maharashtra,Haryana,VH Zol,RA Tripathi,J Yadav,1,0,,,,,,,,,
1205857,2019/20,2019-11-27,Lalbhai Contractor Stadium,1,12.1,Maharashtra,Haryana,VH Zol,RA Tripathi,A Mishra,0,0,,,,,,,,,
1205857,2019/20,2019-11-27,Lalbhai Contractor Stadium,1,12.2,Maharashtra,Haryana,VH Zol,RA Tripathi,A Mishra,0,0,,,,,,,,,
1205857,2019/20,2019-11-27,Lalbhai Contractor Stadium,1,12.3,Maharashtra,Haryana,VH Zol,RA Tripathi,A Mishra,1,0,,,,,,,,,
1205857,2019/20,2019-11-27,Lalbhai Contractor Stadium,1,12.4,Maharashtra,Haryana,RA Tripathi,VH Zol,A Mishra,1,0,,,,,,,,,
1205857,2019/20,2019-11-27,Lalbhai Contractor Stadium,1,12.5,Maharashtra,Haryana,VH Zol,RA Tripathi,A Mishra,2,0,,,,,,,,,
1205857,2019/20,2019-11-27,Lalbhai Contractor Stadium,1,12.6,Maharashtra,Haryana,VH Zol,RA Tripathi,A Mishra,1,0,,,,,,,,,
1205857,2019/20,2019-11-27,Lalbhai Contractor Stadium,1,13.1,Maharashtra,Haryana,VH Zol,RA Tripathi,Sumit Kumar,0,0,,,,,,,,,
1205857,2019/20,2019-11-27,Lalbhai Contractor Stadium,1,13.2,Maharashtra,Haryana,VH Zol,RA Tripathi,Sumit Kumar,1,0,,,,,,,,,
1205857,2019/20,2019-11-27,Lalbhai Contractor Stadium,1,13.3,Maharashtra,Haryana,RA Tripathi,VH Zol,Sumit Kumar,2,0,,,,,,,,,
1205857,2019/20,2019-11-27,Lalbhai Contractor Stadium,1,13.4,Maharashtra,Haryana,RA Tripathi,VH Zol,Sumit Kumar,4,0,,,,,,,,,
1205857,2019/20,2019-11-27,Lalbhai Contractor Stadium,1,13.5,Maharashtra,Haryana,RA Tripathi,VH Zol,Sumit Kumar,6,0,,,,,,,,,
1205857,2019/20,2019-11-27,Lalbhai Contractor Stadium,1,13.6,Maharashtra,Haryana,RA Tripathi,VH Zol,Sumit Kumar,1,0,,,,,,,,,
1205857,2019/20,2019-11-27,Lalbhai Contractor Stadium,1,14.1,Maharashtra,Haryana,RA Tripathi,VH Zol,A Mishra,1,0,,,,,,,,,
1205857,2019/20,2019-11-27,Lalbhai Contractor Stadium,1,14.2,Maharashtra,Haryana,VH Zol,RA Tripathi,A Mishra,0,0,,,,,,,,,
1205857,2019/20,2019-11-27,Lalbhai Contractor Stadium,1,14.3,Maharashtra,Haryana,VH Zol,RA Tripathi,A Mishra,1,0,,,,,,,,,
1205857,2019/20,2019-11-27,Lalbhai Contractor Stadium,1,14.4,Maharashtra,Haryana,RA Tripathi,VH Zol,A Mishra,6,0,,,,,,,,,
1205857,2019/20,2019-11-27,Lalbhai Contractor Stadium,1,14.5,Maharashtra,Haryana,RA Tripathi,VH Zol,A Mishra,0,1,1,,,,,,,,
1205857,2019/20,2019-11-27,Lalbhai Contractor Stadium,1,14.6,Maharashtra,Haryana,RA Tripathi,VH Zol,A Mishra,1,0,,,,,,,,,
1205857,2019/20,2019-11-27,Lalbhai Contractor Stadium,1,14.7,Maharashtra,Haryana,VH Zol,RA Tripathi,A Mishra,1,1,,1,,,,,,,
1205857,2019/20,2019-11-27,Lalbhai Contractor Stadium,1,14.8,Maharashtra,Haryana,RA Tripathi,VH Zol,A Mishra,4,0,,,,,,,,,
1205857,2019/20,2019-11-27,Lalbhai Contractor Stadium,1,15.1,Maharashtra,Haryana,VH Zol,RA Tripathi,Sumit Kumar,0,0,,,,,,caught,VH Zol,,
1205857,2019/20,2019-11-27,Lalbhai Contractor Stadium,1,15.2,Maharashtra,Haryana,RA Tripathi,Naushad Shaikh,Sumit Kumar,2,0,,,,,,,,,
1205857,2019/20,2019-11-27,Lalbhai Contractor Stadium,1,15.3,Maharashtra,Haryana,RA Tripathi,Naushad Shaikh,Sumit Kumar,6,0,,,,,,,,,
1205857,2019/20,2019-11-27,Lalbhai Contractor Stadium,1,15.4,Maharashtra,Haryana,RA Tripathi,Naushad Shaikh,Sumit Kumar,0,0,,,,,,caught,RA Tripathi,,
1205857,2019/20,2019-11-27,Lalbhai Contractor Stadium,1,15.5,Maharashtra,Haryana,NS Naik,Naushad Shaikh,Sumit Kumar,1,0,,,,,,,,,
1205857,2019/20,2019-11-27,Lalbhai Contractor Stadium,1,15.6,Maharashtra,Haryana,Naushad Shaikh,NS Naik,Sumit Kumar,0,0,,,,,,,,,
1205857,2019/20,2019-11-27,Lalbhai Contractor Stadium,1,16.1,Maharashtra,Haryana,NS Naik,Naushad Shaikh,A Mishra,1,0,,,,,,,,,
1205857,2019/20,2019-11-27,Lalbhai Contractor Stadium,1,16.2,Maharashtra,Haryana,Naushad Shaikh,NS Naik,A Mishra,1,0,,,,,,,,,
1205857,2019/20,2019-11-27,Lalbhai Contractor Stadium,1,16.3,Maharashtra,Haryana,NS Naik,Naushad Shaikh,A Mishra,4,0,,,,,,,,,
1205857,2019/20,2019-11-27,Lalbhai Contractor Stadium,1,16.4,Maharashtra,Haryana,NS Naik,Naushad Shaikh,A Mishra,1,0,,,,,,,,,
1205857,2019/20,2019-11-27,Lalbhai Contractor Stadium,1,16.5,Maharashtra,Haryana,Naushad Shaikh,NS Naik,A Mishra,0,0,,,,,,,,,
1205857,2019/20,2019-11-27,Lalbhai Contractor Stadium,1,16.6,Maharashtra,Haryana,Naushad Shaikh,NS Naik,A Mishra,1,0,,,,,,,,,
1205857,2019/20,2019-11-27,Lalbhai Contractor Stadium,1,17.1,Maharashtra,Haryana,Naushad Shaikh,NS Naik,HV Patel,1,0,,,,,,,,,
1205857,2019/20,2019-11-27,Lalbhai Contractor Stadium,1,17.2,Maharashtra,Haryana,NS Naik,Naushad Shaikh,HV Patel,0,0,,,,,,caught,NS Naik,,
1205857,2019/20,2019-11-27,Lalbhai Contractor Stadium,1,17.3,Maharashtra,Haryana,Azim Kazi,Naushad Shaikh,HV Patel,0,0,,,,,,,,,
1205857,2019/20,2019-11-27,Lalbhai Contractor Stadium,1,17.4,Maharashtra,Haryana,Azim Kazi,Naushad Shaikh,HV Patel,6,0,,,,,,,,,
1205857,2019/20,2019-11-27,Lalbhai Contractor Stadium,1,17.5,Maharashtra,Haryana,Azim Kazi,Naushad Shaikh,HV Patel,0,0,,,,,,,,,
1205857,2019/20,2019-11-27,Lalbhai Contractor Stadium,1,17.6,Maharashtra,Haryana,Azim Kazi,Naushad Shaikh,HV Patel,2,0,,,,,,,,,
1205857,2019/20,2019-11-27,Lalbhai Contractor Stadium,1,18.1,Maharashtra,Haryana,Naushad Shaikh,Azim Kazi,AH Hooda,1,0,,,,,,,,,
1205857,2019/20,2019-11-27,Lalbhai Contractor Stadium,1,18.2,Maharashtra,Haryana,Azim Kazi,Naushad Shaikh,AH Hooda,2,0,,,,,,,,,
1205857,2019/20,2019-11-27,Lalbhai Contractor Stadium,1,18.3,Maharashtra,Haryana,Azim Kazi,Naushad Shaikh,AH Hooda,0,1,,,,1,,,,,
1205857,2019/20,2019-11-27,Lalbhai Contractor Stadium,1,18.4,Maharashtra,Haryana,Naushad Shaikh,Azim Kazi,AH Hooda,1,0,,,,,,,,,
1205857,2019/20,2019-11-27,Lalbhai Contractor Stadium,1,18.5,Maharashtra,Haryana,Azim Kazi,Naushad Shaikh,AH Hooda,2,0,,,,,,,,,
1205857,2019/20,2019-11-27,Lalbhai Contractor Stadium,1,18.6,Maharashtra,Haryana,Azim Kazi,Naushad Shaikh,AH Hooda,2,0,,,,,,,,,
1205857,2019/20,2019-11-27,Lalbhai Contractor Stadium,1,19.1,Maharashtra,Haryana,Naushad Shaikh,Azim Kazi,HV Patel,1,0,,,,,,,,,
1205857,2019/20,2019-11-27,Lalbhai Contractor Stadium,1,19.2,Maharashtra,Haryana,Azim Kazi,Naushad Shaikh,HV Patel,0,0,,,,,,,,,
1205857,2019/20,2019-11-27,Lalbhai Contractor Stadium,1,19.3,Maharashtra,Haryana,Azim Kazi,Naushad Shaikh,HV Patel,0,0,,,,,,,,,
1205857,2019/20,2019-11-27,Lalbhai Contractor Stadium,1,19.4,Maharashtra,Haryana,Azim Kazi,Naushad Shaikh,HV Patel,1,0,,,,,,,,,
1205857,2019/20,2019-11-27,Lalbhai Contractor Stadium,1,19.5,Maharashtra,Haryana,Naushad Shaikh,Azim Kazi,HV Patel,6,0,,,,,,,,,
1205857,2019/20,2019-11-27,Lalbhai Contractor Stadium,1,19.6,Maharashtra,Haryana,Naushad Shaikh,Azim Kazi,HV Patel,2,0,,,,,,,,,
1205857,2019/20,2019-11-27,Lalbhai Contractor Stadium,2,0.1,Haryana,Maharashtra,Chaitanya Bishnoi,HV Patel,SM Fallah,0,0,,,,,,bowled,Chaitanya Bishnoi,,
1205857,2019/20,2019-11-27,Lalbhai Contractor Stadium,2,0.2,Haryana,Maharashtra,Shivam Chauhan,HV Patel,SM Fallah,0,0,,,,,,,,,
1205857,2019/20,2019-11-27,Lalbhai Contractor Stadium,2,0.3,Haryana,Maharashtra,Shivam Chauhan,HV Patel,SM Fallah,0,0,,,,,,,,,
1205857,2019/20,2019-11-27,Lalbhai Contractor Stadium,2,0.4,Haryana,Maharashtra,Shivam Chauhan,HV Patel,SM Fallah,0,0,,,,,,,,,
1205857,2019/20,2019-11-27,Lalbhai Contractor Stadium,2,0.5,Haryana,Maharashtra,Shivam Chauhan,HV Patel,SM Fallah,0,0,,,,,,,,,
1205857,2019/20,2019-11-27,Lalbhai Contractor Stadium,2,0.6,Haryana,Maharashtra,Shivam Chauhan,HV Patel,SM Fallah,1,0,,,,,,,,,
1205857,2019/20,2019-11-27,Lalbhai Contractor Stadium,2,1.1,Haryana,Maharashtra,Shivam Chauhan,HV Patel,DR Deshmukh,1,1,,1,,,,,,,
1205857,2019/20,2019-11-27,Lalbhai Contractor Stadium,2,1.2,Haryana,Maharashtra,HV Patel,Shivam Chauhan,DR Deshmukh,1,0,,,,,,,,,
1205857,2019/20,2019-11-27,Lalbhai Contractor Stadium,2,1.3,Haryana,Maharashtra,Shivam Chauhan,HV Patel,DR Deshmukh,0,0,,,,,,,,,
1205857,2019/20,2019-11-27,Lalbhai Contractor Stadium,2,1.4,Haryana,Maharashtra,Shivam Chauhan,HV Patel,DR Deshmukh,4,0,,,,,,,,,
1205857,2019/20,2019-11-27,Lalbhai Contractor Stadium,2,1.5,Haryana,Maharashtra,Shivam Chauhan,HV Patel,DR Deshmukh,1,0,,,,,,,,,
1205857,2019/20,2019-11-27,Lalbhai Contractor Stadium,2,1.6,Haryana,Maharashtra,HV Patel,Shivam Chauhan,DR Deshmukh,4,0,,,,,,,,,
1205857,2019/20,2019-11-27,Lalbhai Contractor Stadium,2,1.7,Haryana,Maharashtra,HV Patel,Shivam Chauhan,DR Deshmukh,4,0,,,,,,,,,
1205857,2019/20,2019-11-27,Lalbhai Contractor Stadium,2,2.1,Haryana,Maharashtra,Shivam Chauhan,HV Patel,SM Fallah,1,0,,,,,,,,,
1205857,2019/20,2019-11-27,Lalbhai Contractor Stadium,2,2.2,Haryana,Maharashtra,HV Patel,Shivam Chauhan,SM Fallah,1,0,,,,,,,,,
1205857,2019/20,2019-11-27,Lalbhai Contractor Stadium,2,2.3,Haryana,Maharashtra,Shivam Chauhan,HV Patel,SM Fallah,0,0,,,,,,,,,
1205857,2019/20,2019-11-27,Lalbhai Contractor Stadium,2,2.4,Haryana,Maharashtra,Shivam Chauhan,HV Patel,SM Fallah,0,0,,,,,,,,,
1205857,2019/20,2019-11-27,Lalbhai Contractor Stadium,2,2.5,Haryana,Maharashtra,Shivam Chauhan,HV Patel,SM Fallah,0,1,1,,,,,,,,
1205857,2019/20,2019-11-27,Lalbhai Contractor Stadium,2,2.6,Haryana,Maharashtra,Shivam Chauhan,HV Patel,SM Fallah,0,0,,,,,,,,,
1205857,2019/20,2019-11-27,Lalbhai Contractor Stadium,2,2.7,Haryana,Maharashtra,Shivam Chauhan,HV Patel,SM Fallah,0,0,,,,,,,,,
1205857,2019/20,2019-11-27,Lalbhai Contractor Stadium,2,3.1,Haryana,Maharashtra,HV Patel,Shivam Chauhan,Satyajeet Bachhav,1,0,,,,,,,,,
1205857,2019/20,2019-11-27,Lalbhai Contractor Stadium,2,3.2,Haryana,Maharashtra,Shivam Chauhan,HV Patel,Satyajeet Bachhav,0,0,,,,,,,,,
1205857,2019/20,2019-11-27,Lalbhai Contractor Stadium,2,3.3,Haryana,Maharashtra,Shivam Chauhan,HV Patel,Satyajeet Bachhav,0,0,,,,,,,,,
1205857,2019/20,2019-11-27,Lalbhai Contractor Stadium,2,3.4,Haryana,Maharashtra,Shivam Chauhan,HV Patel,Satyajeet Bachhav,0,0,,,,,,,,,
1205857,2019/20,2019-11-27,Lalbhai Contractor Stadium,2,3.5,Haryana,Maharashtra,Shivam Chauhan,HV Patel,Satyajeet Bachhav,0,0,,,,,,,,,
1205857,2019/20,2019-11-27,Lalbhai Contractor Stadium,2,3.6,Haryana,Maharashtra,Shivam Chauhan,HV Patel,Satyajeet Bachhav,0,4,,,4,,,,,,
1205857,2019/20,2019-11-27,Lalbhai Contractor Stadium,2,4.1,Haryana,Maharashtra,HV Patel,Shivam Chauhan,Azim Kazi,0,0,,,,,,,,,
1205857,2019/20,2019-11-27,Lalbhai Contractor Stadium,2,4.2,Haryana,Maharashtra,HV Patel,Shivam Chauhan,Azim Kazi,6,0,,,,,,,,,
1205857,2019/20,2019-11-27,Lalbhai Contractor Stadium,2,4.3,Haryana,Maharashtra,HV Patel,Shivam Chauhan,Azim Kazi,0,1,,,,1,,,,,
1205857,2019/20,2019-11-27,Lalbhai Contractor Stadium,2,4.4,Haryana,Maharashtra,Shivam Chauhan,HV Patel,Azim Kazi,4,0,,,,,,,,,
1205857,2019/20,2019-11-27,Lalbhai Contractor Stadium,2,4.5,Haryana,Maharashtra,Shivam Chauhan,HV Patel,Azim Kazi,0,1,,,,1,,,,,
1205857,2019/20,2019-11-27,Lalbhai Contractor Stadium,2,4.6,Haryana,Maharashtra,HV Patel,Shivam Chauhan,Azim Kazi,4,0,,,,,,,,,
1205857,2019/20,2019-11-27,Lalbhai Contractor Stadium,2,5.1,Haryana,Maharashtra,Shivam Chauhan,HV Patel,Satyajeet Bachhav,4,0,,,,,,,,,
1205857,2019/20,2019-11-27,Lalbhai Contractor Stadium,2,5.2,Haryana,Maharashtra,Shivam Chauhan,HV Patel,Satyajeet Bachhav,1,0,,,,,,,,,
1205857,2019/20,2019-11-27,Lalbhai Contractor Stadium,2,5.3,Haryana,Maharashtra,HV Patel,Shivam Chauhan,Satyajeet Bachhav,1,0,,,,,,,,,
1205857,2019/20,2019-11-27,Lalbhai Contractor Stadium,2,5.4,Haryana,Maharashtra,Shivam Chauhan,HV Patel,Satyajeet Bachhav,1,0,,,,,,,,,
1205857,2019/20,2019-11-27,Lalbhai Contractor Stadium,2,5.5,Haryana,Maharashtra,HV Patel,Shivam Chauhan,Satyajeet Bachhav,0,0,,,,,,bowled,HV Patel,,
1205857,2019/20,2019-11-27,Lalbhai Contractor Stadium,2,5.6,Haryana,Maharashtra,Himanshu Rana,Shivam Chauhan,Satyajeet Bachhav,0,0,,,,,,,,,
1205857,2019/20,2019-11-27,Lalbhai Contractor Stadium,2,6.1,Haryana,Maharashtra,Shivam Chauhan,Himanshu Rana,DR Deshmukh,1,0,,,,,,,,,
1205857,2019/20,2019-11-27,Lalbhai Contractor Stadium,2,6.2,Haryana,Maharashtra,Himanshu Rana,Shivam Chauhan,DR Deshmukh,0,0,,,,,,,,,
1205857,2019/20,2019-11-27,Lalbhai Contractor Stadium,2,6.3,Haryana,Maharashtra,Himanshu Rana,Shivam Chauhan,DR Deshmukh,0,0,,,,,,,,,
1205857,2019/20,2019-11-27,Lalbhai Contractor Stadium,2,6.4,Haryana,Maharashtra,Himanshu Rana,Shivam Chauhan,DR Deshmukh,2,0,,,,,,,,,
1205857,2019/20,2019-11-27,Lalbhai Contractor Stadium,2,6.5,Haryana,Maharashtra,Himanshu Rana,Shivam Chauhan,DR Deshmukh,2,0,,,,,,,,,
1205857,2019/20,2019-11-27,Lalbhai Contractor Stadium,2,6.6,Haryana,Maharashtra,Himanshu Rana,Shivam Chauhan,DR Deshmukh,1,0,,,,,,,,,
1205857,2019/20,2019-11-27,Lalbhai Contractor Stadium,2,7.1,Haryana,Maharashtra,Himanshu Rana,Shivam Chauhan,SM Kazi,4,0,,,,,,,,,
1205857,2019/20,2019-11-27,Lalbhai Contractor Stadium,2,7.2,Haryana,Maharashtra,Himanshu Rana,Shivam Chauhan,SM Kazi,2,0,,,,,,,,,
1205857,2019/20,2019-11-27,Lalbhai Contractor Stadium,2,7.3,Haryana,Maharashtra,Himanshu Rana,Shivam Chauhan,SM Kazi,1,0,,,,,,,,,
1205857,2019/20,2019-11-27,Lalbhai Contractor Stadium,2,7.4,Haryana,Maharashtra,Shivam Chauhan,Himanshu Rana,SM Kazi,1,0,,,,,,,,,
1205857,2019/20,2019-11-27,Lalbhai Contractor Stadium,2,7.5,Haryana,Maharashtra,Himanshu Rana,Shivam Chauhan,SM Kazi,1,0,,,,,,,,,
1205857,2019/20,2019-11-27,Lalbhai Contractor Stadium,2,7.6,Haryana,Maharashtra,Shivam Chauhan,Himanshu Rana,SM Kazi,1,0,,,,,,,,,
1205857,2019/20,2019-11-27,Lalbhai Contractor Stadium,2,8.1,Haryana,Maharashtra,Shivam Chauhan,Himanshu Rana,Azim Kazi,4,0,,,,,,,,,
1205857,2019/20,2019-11-27,Lalbhai Contractor Stadium,2,8.2,Haryana,Maharashtra,Shivam Chauhan,Himanshu Rana,Azim Kazi,0,0,,,,,,,,,
1205857,2019/20,2019-11-27,Lalbhai Contractor Stadium,2,8.3,Haryana,Maharashtra,Shivam Chauhan,Himanshu Rana,Azim Kazi,1,0,,,,,,,,,
1205857,2019/20,2019-11-27,Lalbhai Contractor Stadium,2,8.4,Haryana,Maharashtra,Himanshu Rana,Shivam Chauhan,Azim Kazi,1,0,,,,,,,,,
1205857,2019/20,2019-11-27,Lalbhai Contractor Stadium,2,8.5,Haryana,Maharashtra,Shivam Chauhan,Himanshu Rana,Azim Kazi,1,0,,,,,,,,,
1205857,2019/20,2019-11-27,Lalbhai Contractor Stadium,2,8.6,Haryana,Maharashtra,Himanshu Rana,Shivam Chauhan,Azim Kazi,1,0,,,,,,,,,
1205857,2019/20,2019-11-27,Lalbhai Contractor Stadium,2,9.1,Haryana,Maharashtra,Himanshu Rana,Shivam Chauhan,SM Kazi,0,0,,,,,,,,,
1205857,2019/20,2019-11-27,Lalbhai Contractor Stadium,2,9.2,Haryana,Maharashtra,Himanshu Rana,Shivam Chauhan,SM Kazi,1,0,,,,,,,,,
1205857,2019/20,2019-11-27,Lalbhai Contractor Stadium,2,9.3,Haryana,Maharashtra,Shivam Chauhan,Himanshu Rana,SM Kazi,0,0,,,,,,,,,
1205857,2019/20,2019-11-27,Lalbhai Contractor Stadium,2,9.4,Haryana,Maharashtra,Shivam Chauhan,Himanshu Rana,SM Kazi,1,0,,,,,,,,,
1205857,2019/20,2019-11-27,Lalbhai Contractor Stadium,2,9.5,Haryana,Maharashtra,Himanshu Rana,Shivam Chauhan,SM Kazi,1,0,,,,,,,,,
1205857,2019/20,2019-11-27,Lalbhai Contractor Stadium,2,9.6,Haryana,Maharashtra,Shivam Chauhan,Himanshu Rana,SM Kazi,5,0,,,,,,,,,
1205857,2019/20,2019-11-27,Lalbhai Contractor Stadium,2,10.1,Haryana,Maharashtra,Shivam Chauhan,Himanshu Rana,Azim Kazi,0,0,,,,,,caught,Shivam Chauhan,,
1205857,2019/20,2019-11-27,Lalbhai Contractor Stadium,2,10.2,Haryana,Maharashtra,R Tewatia,Himanshu Rana,Azim Kazi,1,0,,,,,,,,,
1205857,2019/20,2019-11-27,Lalbhai Contractor Stadium,2,10.3,Haryana,Maharashtra,Himanshu Rana,R Tewatia,Azim Kazi,1,0,,,,,,,,,
1205857,2019/20,2019-11-27,Lalbhai Contractor Stadium,2,10.4,Haryana,Maharashtra,R Tewatia,Himanshu Rana,Azim Kazi,0,0,,,,,,,,,
1205857,2019/20,2019-11-27,Lalbhai Contractor Stadium,2,10.5,Haryana,Maharashtra,R Tewatia,Himanshu Rana,Azim Kazi,0,0,,,,,,,,,
1205857,2019/20,2019-11-27,Lalbhai Contractor Stadium,2,10.6,Haryana,Maharashtra,R Tewatia,Himanshu Rana,Azim Kazi,2,0,,,,,,,,,
1205857,2019/20,2019-11-27,Lalbhai Contractor Stadium,2,11.1,Haryana,Maharashtra,Himanshu Rana,R Tewatia,SM Kazi,1,0,,,,,,,,,
1205857,2019/20,2019-11-27,Lalbhai Contractor Stadium,2,11.2,Haryana,Maharashtra,R Tewatia,Himanshu Rana,SM Kazi,1,0,,,,,,,,,
1205857,2019/20,2019-11-27,Lalbhai Contractor Stadium,2,11.3,Haryana,Maharashtra,Himanshu Rana,R Tewatia,SM Kazi,0,0,,,,,,,,,
1205857,2019/20,2019-11-27,Lalbhai Contractor Stadium,2,11.4,Haryana,Maharashtra,Himanshu Rana,R Tewatia,SM Kazi,0,0,,,,,,,,,
1205857,2019/20,2019-11-27,Lalbhai Contractor Stadium,2,11.5,Haryana,Maharashtra,Himanshu Rana,R Tewatia,SM Kazi,1,0,,,,,,,,,
1205857,2019/20,2019-11-27,Lalbhai Contractor Stadium,2,11.6,Haryana,Maharashtra,R Tewatia,Himanshu Rana,SM Kazi,4,0,,,,,,,,,
1205857,2019/20,2019-11-27,Lalbhai Contractor Stadium,2,12.1,Haryana,Maharashtra,Himanshu Rana,R Tewatia,Satyajeet Bachhav,1,0,,,,,,,,,
1205857,2019/20,2019-11-27,Lalbhai Contractor Stadium,2,12.2,Haryana,Maharashtra,R Tewatia,Himanshu Rana,Satyajeet Bachhav,1,0,,,,,,,,,
1205857,2019/20,2019-11-27,Lalbhai Contractor Stadium,2,12.3,Haryana,Maharashtra,Himanshu Rana,R Tewatia,Satyajeet Bachhav,1,0,,,,,,,,,
1205857,2019/20,2019-11-27,Lalbhai Contractor Stadium,2,12.4,Haryana,Maharashtra,R Tewatia,Himanshu Rana,Satyajeet Bachhav,0,0,,,,,,,,,
1205857,2019/20,2019-11-27,Lalbhai Contractor Stadium,2,12.5,Haryana,Maharashtra,R Tewatia,Himanshu Rana,Satyajeet Bachhav,4,0,,,,,,,,,
1205857,2019/20,2019-11-27,Lalbhai Contractor Stadium,2,12.6,Haryana,Maharashtra,R Tewatia,Himanshu Rana,Satyajeet Bachhav,4,0,,,,,,,,,
1205857,2019/20,2019-11-27,Lalbhai Contractor Stadium,2,13.1,Haryana,Maharashtra,Himanshu Rana,R Tewatia,Naushad Shaikh,1,0,,,,,,,,,
1205857,2019/20,2019-11-27,Lalbhai Contractor Stadium,2,13.2,Haryana,Maharashtra,R Tewatia,Himanshu Rana,Naushad Shaikh,6,0,,,,,,,,,
1205857,2019/20,2019-11-27,Lalbhai Contractor Stadium,2,13.3,Haryana,Maharashtra,R Tewatia,Himanshu Rana,Naushad Shaikh,4,0,,,,,,,,,
1205857,2019/20,2019-11-27,Lalbhai Contractor Stadium,2,13.4,Haryana,Maharashtra,R Tewatia,Himanshu Rana,Naushad Shaikh,1,0,,,,,,,,,
1205857,2019/20,2019-11-27,Lalbhai Contractor Stadium,2,13.5,Haryana,Maharashtra,Himanshu Rana,R Tewatia,Naushad Shaikh,1,0,,,,,,run out,R Tewatia,,
1205857,2019/20,2019-11-27,Lalbhai Contractor Stadium,2,13.6,Haryana,Maharashtra,Sumit Kumar,Himanshu Rana,Naushad Shaikh,2,0,,,,,,,,,
1205857,2019/20,2019-11-27,Lalbhai Contractor Stadium,2,14.1,Haryana,Maharashtra,Himanshu Rana,Sumit Kumar,Satyajeet Bachhav,0,0,,,,,,,,,
1205857,2019/20,2019-11-27,Lalbhai Contractor Stadium,2,14.2,Haryana,Maharashtra,Himanshu Rana,Sumit Kumar,Satyajeet Bachhav,0,0,,,,,,,,,
1205857,2019/20,2019-11-27,Lalbhai Contractor Stadium,2,14.3,Haryana,Maharashtra,Himanshu Rana,Sumit Kumar,Satyajeet Bachhav,1,0,,,,,,,,,
1205857,2019/20,2019-11-27,Lalbhai Contractor Stadium,2,14.4,Haryana,Maharashtra,Sumit Kumar,Himanshu Rana,Satyajeet Bachhav,1,0,,,,,,,,,
1205857,2019/20,2019-11-27,Lalbhai Contractor Stadium,2,14.5,Haryana,Maharashtra,Himanshu Rana,Sumit Kumar,Satyajeet Bachhav,0,0,,,,,,,,,
1205857,2019/20,2019-11-27,Lalbhai Contractor Stadium,2,14.6,Haryana,Maharashtra,Himanshu Rana,Sumit Kumar,Satyajeet Bachhav,1,0,,,,,,,,,
1205857,2019/20,2019-11-27,Lalbhai Contractor Stadium,2,15.1,Haryana,Maharashtra,Himanshu Rana,Sumit Kumar,SM Kazi,1,0,,,,,,,,,
1205857,2019/20,2019-11-27,Lalbhai Contractor Stadium,2,15.2,Haryana,Maharashtra,Sumit Kumar,Himanshu Rana,SM Kazi,1,0,,,,,,,,,
1205857,2019/20,2019-11-27,Lalbhai Contractor Stadium,2,15.3,Haryana,Maharashtra,Himanshu Rana,Sumit Kumar,SM Kazi,1,0,,,,,,,,,
1205857,2019/20,2019-11-27,Lalbhai Contractor Stadium,2,15.4,Haryana,Maharashtra,Sumit Kumar,Himanshu Rana,SM Kazi,1,0,,,,,,,,,
1205857,2019/20,2019-11-27,Lalbhai Contractor Stadium,2,15.5,Haryana,Maharashtra,Himanshu Rana,Sumit Kumar,SM Kazi,0,0,,,,,,caught,Himanshu Rana,,
1205857,2019/20,2019-11-27,Lalbhai Contractor Stadium,2,15.6,Haryana,Maharashtra,JH Saroha,Sumit Kumar,SM Kazi,1,0,,,,,,,,,
1205857,2019/20,2019-11-27,Lalbhai Contractor Stadium,2,16.1,Haryana,Maharashtra,JH Saroha,Sumit Kumar,Azim Kazi,6,0,,,,,,,,,
1205857,2019/20,2019-11-27,Lalbhai Contractor Stadium,2,16.2,Haryana,Maharashtra,JH Saroha,Sumit Kumar,Azim Kazi,0,1,1,,,,,,,,
1205857,2019/20,2019-11-27,Lalbhai Contractor Stadium,2,16.3,Haryana,Maharashtra,JH Saroha,Sumit Kumar,Azim Kazi,4,0,,,,,,,,,
1205857,2019/20,2019-11-27,Lalbhai Contractor Stadium,2,16.4,Haryana,Maharashtra,JH Saroha,Sumit Kumar,Azim Kazi,1,0,,,,,,,,,
1205857,2019/20,2019-11-27,Lalbhai Contractor Stadium,2,16.5,Haryana,Maharashtra,Sumit Kumar,JH Saroha,Azim Kazi,1,0,,,,,,,,,
1205857,2019/20,2019-11-27,Lalbhai Contractor Stadium,2,16.6,Haryana,Maharashtra,JH Saroha,Sumit Kumar,Azim Kazi,2,0,,,,,,,,,
1205857,2019/20,2019-11-27,Lalbhai Contractor Stadium,2,16.7,Haryana,Maharashtra,JH Saroha,Sumit Kumar,Azim Kazi,0,0,,,,,,caught,JH Saroha,,
1205857,2019/20,2019-11-27,Lalbhai Contractor Stadium,2,17.1,Haryana,Maharashtra,Sumit Kumar,A Mishra,SM Fallah,1,0,,,,,,,,,
1205857,2019/20,2019-11-27,Lalbhai Contractor Stadium,2,17.2,Haryana,Maharashtra,A Mishra,Sumit Kumar,SM Fallah,0,1,,,,1,,,,,
1205857,2019/20,2019-11-27,Lalbhai Contractor Stadium,2,17.3,Haryana,Maharashtra,Sumit Kumar,A Mishra,SM Fallah,4,0,,,,,,,,,
1205857,2019/20,2019-11-27,Lalbhai Contractor Stadium,2,17.4,Haryana,Maharashtra,Sumit Kumar,A Mishra,SM Fallah,1,0,,,,,,,,,
1205857,2019/20,2019-11-27,Lalbhai Contractor Stadium,2,17.5,Haryana,Maharashtra,A Mishra,Sumit Kumar,SM Fallah,1,0,,,,,,,,,
1205857,2019/20,2019-11-27,Lalbhai Contractor Stadium,2,17.6,Haryana,Maharashtra,Sumit Kumar,A Mishra,SM Fallah,1,0,,,,,,,,,
1205857,2019/20,2019-11-27,Lalbhai Contractor Stadium,2,18.1,Haryana,Maharashtra,Sumit Kumar,A Mishra,DR Deshmukh,4,0,,,,,,,,,
1205857,2019/20,2019-11-27,Lalbhai Contractor Stadium,2,18.2,Haryana,Maharashtra,Sumit Kumar,A Mishra,DR Deshmukh,1,0,,,,,,,,,
1205857,2019/20,2019-11-27,Lalbhai Contractor Stadium,2,18.3,Haryana,Maharashtra,A Mishra,Sumit Kumar,DR Deshmukh,2,0,,,,,,,,,
1205857,2019/20,2019-11-27,Lalbhai Contractor Stadium,2,18.4,Haryana,Maharashtra,A Mishra,Sumit Kumar,DR Deshmukh,1,0,,,,,,,,,
1205857,2019/20,2019-11-27,Lalbhai Contractor Stadium,2,18.5,Haryana,Maharashtra,Sumit Kumar,A Mishra,DR Deshmukh,0,0,,,,,,,,,
1205857,2019/20,2019-11-27,Lalbhai Contractor Stadium,2,18.6,Haryana,Maharashtra,Sumit Kumar,A Mishra,DR Deshmukh,0,0,,,,,,caught,Sumit Kumar,,
1205857,2019/20,2019-11-27,Lalbhai Contractor Stadium,2,19.1,Haryana,Maharashtra,J Yadav,A Mishra,SM Fallah,1,0,,,,,,,,,
1205857,2019/20,2019-11-27,Lalbhai Contractor Stadium,2,19.2,Haryana,Maharashtra,A Mishra,J Yadav,SM Fallah,0,0,,,,,,,,,
1205857,2019/20,2019-11-27,Lalbhai Contractor Stadium,2,19.3,Haryana,Maharashtra,A Mishra,J Yadav,SM Fallah,1,0,,,,,,,,,
1205857,2019/20,2019-11-27,Lalbhai Contractor Stadium,2,19.4,Haryana,Maharashtra,J Yadav,A Mishra,SM Fallah,1,0,,,,,,,,,
1205857,2019/20,2019-11-27,Lalbhai Contractor Stadium,2,19.5,Haryana,Maharashtra,A Mishra,J Yadav,SM Fallah,4,0,,,,,,,,,
1205857,2019/20,2019-11-27,Lalbhai Contractor Stadium,2,19.6,Haryana,Maharashtra,A Mishra,J Yadav,SM Fallah,1,0,,,,,,,,,
