match_id,season,start_date,venue,innings,ball,batting_team,bowling_team,striker,non_striker,bowler,runs_off_bat,extras,wides,noballs,byes,legbyes,penalty,wicket_type,player_dismissed,other_wicket_type,other_player_dismissed
1205773,2019/20,2019-11-12,"GSSS, Sector 26",1,0.1,Chhattisgarh,Maharashtra,Shashank Chandrakar,Ashutosh Singh,SM Fallah,0,0,,,,,,,,,
1205773,2019/20,2019-11-12,"GSSS, Sector 26",1,0.2,Chhattisgarh,Maharashtra,Shashank Chandrakar,Ashutosh Singh,SM Fallah,0,0,,,,,,,,,
1205773,2019/20,2019-11-12,"GSSS, Sector 26",1,0.3,Chhattisgarh,Maharashtra,Shashank Chandrakar,Ashutosh Singh,SM Fallah,1,0,,,,,,,,,
1205773,2019/20,2019-11-12,"GSSS, Sector 26",1,0.4,Chhattisgarh,Maharashtra,Ashutosh Singh,Shashank Chandrakar,SM Fallah,1,0,,,,,,,,,
1205773,2019/20,2019-11-12,"GSSS, Sector 26",1,0.5,Chhattisgarh,Maharashtra,Shashank Chandrakar,Ashutosh Singh,SM Fallah,1,0,,,,,,,,,
1205773,2019/20,2019-11-12,"GSSS, Sector 26",1,0.6,Chhattisgarh,Maharashtra,Ashutosh Singh,Shashank Chandrakar,SM Fallah,1,0,,,,,,,,,
1205773,2019/20,2019-11-12,"GSSS, Sector 26",1,1.1,Chhattisgarh,Maharashtra,Ashutosh Singh,Shashank Chandrakar,Mukesh Choudhary,0,0,,,,,,,,,
1205773,2019/20,2019-11-12,"GSSS, Sector 26",1,1.2,Chhattisgarh,Maharashtra,Ashutosh Singh,Shashank Chandrakar,Mukesh Choudhary,1,0,,,,,,,,,
1205773,2019/20,2019-11-12,"GSSS, Sector 26",1,1.3,Chhattisgarh,Maharashtra,Shashank Chandrakar,Ashutosh Singh,Mukesh Choudhary,2,0,,,,,,,,,
1205773,2019/20,2019-11-12,"GSSS, Sector 26",1,1.4,Chhattisgarh,Maharashtra,Shashank Chandrakar,Ashutosh Singh,Mukesh Choudhary,0,0,,,,,,,,,
1205773,2019/20,2019-11-12,"GSSS, Sector 26",1,1.5,Chhattisgarh,Maharashtra,Shashank Chandrakar,Ashutosh Singh,Mukesh Choudhary,0,1,1,,,,,,,,
1205773,2019/20,2019-11-12,"GSSS, Sector 26",1,1.6,Chhattisgarh,Maharashtra,Shashank Chandrakar,Ashutosh Singh,Mukesh Choudhary,4,0,,,,,,,,,
1205773,2019/20,2019-11-12,"GSSS, Sector 26",1,1.7,Chhattisgarh,Maharashtra,Shashank Chandrakar,Ashutosh Singh,Mukesh Choudhary,4,0,,,,,,,,,
1205773,2019/20,2019-11-12,"GSSS, Sector 26",1,2.1,Chhattisgarh,Maharashtra,Ashutosh Singh,Shashank Chandrakar,DR Deshmukh,0,0,,,,,,,,,
1205773,2019/20,2019-11-12,"GSSS, Sector 26",1,2.2,Chhattisgarh,Maharashtra,Ashutosh Singh,Shashank Chandrakar,DR Deshmukh,1,0,,,,,,,,,
1205773,2019/20,2019-11-12,"GSSS, Sector 26",1,2.3,Chhattisgarh,Maharashtra,Shashank Chandrakar,Ashutosh Singh,DR Deshmukh,0,0,,,,,,,,,
1205773,2019/20,2019-11-12,"GSSS, Sector 26",1,2.4,Chhattisgarh,Maharashtra,Shashank Chandrakar,Ashutosh Singh,DR Deshmukh,0,0,,,,,,,,,
1205773,2019/20,2019-11-12,"GSSS, Sector 26",1,2.5,Chhattisgarh,Maharashtra,Shashank Chandrakar,Ashutosh Singh,DR Deshmukh,6,0,,,,,,,,,
1205773,2019/20,2019-11-12,"GSSS, Sector 26",1,2.6,Chhattisgarh,Maharashtra,Shashank Chandrakar,Ashutosh Singh,DR Deshmukh,1,0,,,,,,,,,
1205773,2019/20,2019-11-12,"GSSS, Sector 26",1,3.1,Chhattisgarh,Maharashtra,Shashank Chandrakar,Ashutosh Singh,SM Fallah,0,0,,,,,,,,,
1205773,2019/20,2019-11-12,"GSSS, Sector 26",1,3.2,Chhattisgarh,Maharashtra,Shashank Chandrakar,Ashutosh Singh,SM Fallah,0,0,,,,,,,,,
1205773,2019/20,2019-11-12,"GSSS, Sector 26",1,3.3,Chhattisgarh,Maharashtra,Shashank Chandrakar,Ashutosh Singh,SM Fallah,2,0,,,,,,,,,
1205773,2019/20,2019-11-12,"GSSS, Sector 26",1,3.4,Chhattisgarh,Maharashtra,Shashank Chandrakar,Ashutosh Singh,SM Fallah,0,0,,,,,,,,,
1205773,2019/20,2019-11-12,"GSSS, Sector 26",1,3.5,Chhattisgarh,Maharashtra,Shashank Chandrakar,Ashutosh Singh,SM Fallah,1,0,,,,,,,,,
1205773,2019/20,2019-11-12,"GSSS, Sector 26",1,3.6,Chhattisgarh,Maharashtra,Ashutosh Singh,Shashank Chandrakar,SM Fallah,1,0,,,,,,,,,
1205773,2019/20,2019-11-12,"GSSS, Sector 26",1,4.1,Chhattisgarh,Maharashtra,Ashutosh Singh,Shashank Chandrakar,DR Deshmukh,0,0,,,,,,,,,
1205773,2019/20,2019-11-12,"GSSS, Sector 26",1,4.2,Chhattisgarh,Maharashtra,Ashutosh Singh,Shashank Chandrakar,DR Deshmukh,2,0,,,,,,,,,
1205773,2019/20,2019-11-12,"GSSS, Sector 26",1,4.3,Chhattisgarh,Maharashtra,Ashutosh Singh,Shashank Chandrakar,DR Deshmukh,0,0,,,,,,,,,
1205773,2019/20,2019-11-12,"GSSS, Sector 26",1,4.4,Chhattisgarh,Maharashtra,Ashutosh Singh,Shashank Chandrakar,DR Deshmukh,0,0,,,,,,,,,
1205773,2019/20,2019-11-12,"GSSS, Sector 26",1,4.5,Chhattisgarh,Maharashtra,Ashutosh Singh,Shashank Chandrakar,DR Deshmukh,1,0,,,,,,,,,
1205773,2019/20,2019-11-12,"GSSS, Sector 26",1,4.6,Chhattisgarh,Maharashtra,Shashank Chandrakar,Ashutosh Singh,DR Deshmukh,4,0,,,,,,,,,
1205773,2019/20,2019-11-12,"GSSS, Sector 26",1,5.1,Chhattisgarh,Maharashtra,Ashutosh Singh,Shashank Chandrakar,Satyajeet Bachhav,1,0,,,,,,,,,
1205773,2019/20,2019-11-12,"GSSS, Sector 26",1,5.2,Chhattisgarh,Maharashtra,Shashank Chandrakar,Ashutosh Singh,Satyajeet Bachhav,1,0,,,,,,,,,
1205773,2019/20,2019-11-12,"GSSS, Sector 26",1,5.3,Chhattisgarh,Maharashtra,Ashutosh Singh,Shashank Chandrakar,Satyajeet Bachhav,0,0,,,,,,,,,
1205773,2019/20,2019-11-12,"GSSS, Sector 26",1,5.4,Chhattisgarh,Maharashtra,Ashutosh Singh,Shashank Chandrakar,Satyajeet Bachhav,1,0,,,,,,,,,
1205773,2019/20,2019-11-12,"GSSS, Sector 26",1,5.5,Chhattisgarh,Maharashtra,Shashank Chandrakar,Ashutosh Singh,Satyajeet Bachhav,0,0,,,,,,,,,
1205773,2019/20,2019-11-12,"GSSS, Sector 26",1,5.6,Chhattisgarh,Maharashtra,Shashank Chandrakar,Ashutosh Singh,Satyajeet Bachhav,6,0,,,,,,,,,
1205773,2019/20,2019-11-12,"GSSS, Sector 26",1,6.1,Chhattisgarh,Maharashtra,Ashutosh Singh,Shashank Chandrakar,Azim Kazi,1,0,,,,,,,,,
1205773,2019/20,2019-11-12,"GSSS, Sector 26",1,6.2,Chhattisgarh,Maharashtra,Shashank Chandrakar,Ashutosh Singh,Azim Kazi,6,0,,,,,,,,,
1205773,2019/20,2019-11-12,"GSSS, Sector 26",1,6.3,Chhattisgarh,Maharashtra,Shashank Chandrakar,Ashutosh Singh,Azim Kazi,4,0,,,,,,,,,
1205773,2019/20,2019-11-12,"GSSS, Sector 26",1,6.4,Chhattisgarh,Maharashtra,Shashank Chandrakar,Ashutosh Singh,Azim Kazi,1,0,,,,,,,,,
1205773,2019/20,2019-11-12,"GSSS, Sector 26",1,6.5,Chhattisgarh,Maharashtra,Ashutosh Singh,Shashank Chandrakar,Azim Kazi,1,0,,,,,,,,,
1205773,2019/20,2019-11-12,"GSSS, Sector 26",1,6.6,Chhattisgarh,Maharashtra,Shashank Chandrakar,Ashutosh Singh,Azim Kazi,0,0,,,,,,,,,
1205773,2019/20,2019-11-12,"GSSS, Sector 26",1,7.1,Chhattisgarh,Maharashtra,Ashutosh Singh,Shashank Chandrakar,Satyajeet Bachhav,1,0,,,,,,,,,
1205773,2019/20,2019-11-12,"GSSS, Sector 26",1,7.2,Chhattisgarh,Maharashtra,Shashank Chandrakar,Ashutosh Singh,Satyajeet Bachhav,1,0,,,,,,,,,
1205773,2019/20,2019-11-12,"GSSS, Sector 26",1,7.3,Chhattisgarh,Maharashtra,Ashutosh Singh,Shashank Chandrakar,Satyajeet Bachhav,0,0,,,,,,,,,
1205773,2019/20,2019-11-12,"GSSS, Sector 26",1,7.4,Chhattisgarh,Maharashtra,Ashutosh Singh,Shashank Chandrakar,Satyajeet Bachhav,0,0,,,,,,,,,
1205773,2019/20,2019-11-12,"GSSS, Sector 26",1,7.5,Chhattisgarh,Maharashtra,Ashutosh Singh,Shashank Chandrakar,Satyajeet Bachhav,0,0,,,,,,bowled,Ashutosh Singh,,
1205773,2019/20,2019-11-12,"GSSS, Sector 26",1,7.6,Chhattisgarh,Maharashtra,Harpreet Singh,Shashank Chandrakar,Satyajeet Bachhav,1,0,,,,,,,,,
1205773,2019/20,2019-11-12,"GSSS, Sector 26",1,8.1,Chhattisgarh,Maharashtra,Harpreet Singh,Shashank Chandrakar,RA Tripathi,2,0,,,,,,,,,
1205773,2019/20,2019-11-12,"GSSS, Sector 26",1,8.2,Chhattisgarh,Maharashtra,Harpreet Singh,Shashank Chandrakar,RA Tripathi,1,0,,,,,,,,,
1205773,2019/20,2019-11-12,"GSSS, Sector 26",1,8.3,Chhattisgarh,Maharashtra,Shashank Chandrakar,Harpreet Singh,RA Tripathi,4,0,,,,,,,,,
1205773,2019/20,2019-11-12,"GSSS, Sector 26",1,8.4,Chhattisgarh,Maharashtra,Shashank Chandrakar,Harpreet Singh,RA Tripathi,1,0,,,,,,,,,
1205773,2019/20,2019-11-12,"GSSS, Sector 26",1,8.5,Chhattisgarh,Maharashtra,Harpreet Singh,Shashank Chandrakar,RA Tripathi,1,0,,,,,,,,,
1205773,2019/20,2019-11-12,"GSSS, Sector 26",1,8.6,Chhattisgarh,Maharashtra,Shashank Chandrakar,Harpreet Singh,RA Tripathi,0,0,,,,,,,,,
1205773,2019/20,2019-11-12,"GSSS, Sector 26",1,9.1,Chhattisgarh,Maharashtra,Harpreet Singh,Shashank Chandrakar,Satyajeet Bachhav,0,0,,,,,,,,,
1205773,2019/20,2019-11-12,"GSSS, Sector 26",1,9.2,Chhattisgarh,Maharashtra,Harpreet Singh,Shashank Chandrakar,Satyajeet Bachhav,1,0,,,,,,,,,
1205773,2019/20,2019-11-12,"GSSS, Sector 26",1,9.3,Chhattisgarh,Maharashtra,Shashank Chandrakar,Harpreet Singh,Satyajeet Bachhav,0,1,,,,1,,,,,
1205773,2019/20,2019-11-12,"GSSS, Sector 26",1,9.4,Chhattisgarh,Maharashtra,Harpreet Singh,Shashank Chandrakar,Satyajeet Bachhav,1,0,,,,,,,,,
1205773,2019/20,2019-11-12,"GSSS, Sector 26",1,9.5,Chhattisgarh,Maharashtra,Shashank Chandrakar,Harpreet Singh,Satyajeet Bachhav,0,0,,,,,,,,,
1205773,2019/20,2019-11-12,"GSSS, Sector 26",1,9.6,Chhattisgarh,Maharashtra,Shashank Chandrakar,Harpreet Singh,Satyajeet Bachhav,0,0,,,,,,,,,
1205773,2019/20,2019-11-12,"GSSS, Sector 26",1,10.1,Chhattisgarh,Maharashtra,Harpreet Singh,Shashank Chandrakar,RA Tripathi,2,0,,,,,,,,,
1205773,2019/20,2019-11-12,"GSSS, Sector 26",1,10.2,Chhattisgarh,Maharashtra,Harpreet Singh,Shashank Chandrakar,RA Tripathi,4,0,,,,,,,,,
1205773,2019/20,2019-11-12,"GSSS, Sector 26",1,10.3,Chhattisgarh,Maharashtra,Harpreet Singh,Shashank Chandrakar,RA Tripathi,0,0,,,,,,,,,
1205773,2019/20,2019-11-12,"GSSS, Sector 26",1,10.4,Chhattisgarh,Maharashtra,Harpreet Singh,Shashank Chandrakar,RA Tripathi,1,0,,,,,,,,,
1205773,2019/20,2019-11-12,"GSSS, Sector 26",1,10.5,Chhattisgarh,Maharashtra,Shashank Chandrakar,Harpreet Singh,RA Tripathi,6,0,,,,,,,,,
1205773,2019/20,2019-11-12,"GSSS, Sector 26",1,10.6,Chhattisgarh,Maharashtra,Shashank Chandrakar,Harpreet Singh,RA Tripathi,6,0,,,,,,,,,
1205773,2019/20,2019-11-12,"GSSS, Sector 26",1,11.1,Chhattisgarh,Maharashtra,Harpreet Singh,Shashank Chandrakar,Satyajeet Bachhav,2,0,,,,,,,,,
1205773,2019/20,2019-11-12,"GSSS, Sector 26",1,11.2,Chhattisgarh,Maharashtra,Harpreet Singh,Shashank Chandrakar,Satyajeet Bachhav,1,0,,,,,,,,,
1205773,2019/20,2019-11-12,"GSSS, Sector 26",1,11.3,Chhattisgarh,Maharashtra,Shashank Chandrakar,Harpreet Singh,Satyajeet Bachhav,2,0,,,,,,,,,
1205773,2019/20,2019-11-12,"GSSS, Sector 26",1,11.4,Chhattisgarh,Maharashtra,Shashank Chandrakar,Harpreet Singh,Satyajeet Bachhav,1,0,,,,,,,,,
1205773,2019/20,2019-11-12,"GSSS, Sector 26",1,11.5,Chhattisgarh,Maharashtra,Harpreet Singh,Shashank Chandrakar,Satyajeet Bachhav,0,5,5,,,,,,,,
1205773,2019/20,2019-11-12,"GSSS, Sector 26",1,11.6,Chhattisgarh,Maharashtra,Harpreet Singh,Shashank Chandrakar,Satyajeet Bachhav,0,0,,,,,,,,,
1205773,2019/20,2019-11-12,"GSSS, Sector 26",1,11.7,Chhattisgarh,Maharashtra,Harpreet Singh,Shashank Chandrakar,Satyajeet Bachhav,1,0,,,,,,,,,
1205773,2019/20,2019-11-12,"GSSS, Sector 26",1,12.1,Chhattisgarh,Maharashtra,Harpreet Singh,Shashank Chandrakar,Mukesh Choudhary,2,0,,,,,,,,,
1205773,2019/20,2019-11-12,"GSSS, Sector 26",1,12.2,Chhattisgarh,Maharashtra,Harpreet Singh,Shashank Chandrakar,Mukesh Choudhary,1,0,,,,,,,,,
1205773,2019/20,2019-11-12,"GSSS, Sector 26",1,12.3,Chhattisgarh,Maharashtra,Shashank Chandrakar,Harpreet Singh,Mukesh Choudhary,1,0,,,,,,,,,
1205773,2019/20,2019-11-12,"GSSS, Sector 26",1,12.4,Chhattisgarh,Maharashtra,Harpreet Singh,Shashank Chandrakar,Mukesh Choudhary,4,0,,,,,,,,,
1205773,2019/20,2019-11-12,"GSSS, Sector 26",1,12.5,Chhattisgarh,Maharashtra,Harpreet Singh,Shashank Chandrakar,Mukesh Choudhary,4,0,,,,,,,,,
1205773,2019/20,2019-11-12,"GSSS, Sector 26",1,12.6,Chhattisgarh,Maharashtra,Harpreet Singh,Shashank Chandrakar,Mukesh Choudhary,1,0,,,,,,,,,
1205773,2019/20,2019-11-12,"GSSS, Sector 26",1,13.1,Chhattisgarh,Maharashtra,Harpreet Singh,Shashank Chandrakar,DR Deshmukh,1,0,,,,,,,,,
1205773,2019/20,2019-11-12,"GSSS, Sector 26",1,13.2,Chhattisgarh,Maharashtra,Shashank Chandrakar,Harpreet Singh,DR Deshmukh,2,0,,,,,,,,,
1205773,2019/20,2019-11-12,"GSSS, Sector 26",1,13.3,Chhattisgarh,Maharashtra,Shashank Chandrakar,Harpreet Singh,DR Deshmukh,1,0,,,,,,,,,
1205773,2019/20,2019-11-12,"GSSS, Sector 26",1,13.4,Chhattisgarh,Maharashtra,Harpreet Singh,Shashank Chandrakar,DR Deshmukh,6,0,,,,,,,,,
1205773,2019/20,2019-11-12,"GSSS, Sector 26",1,13.5,Chhattisgarh,Maharashtra,Harpreet Singh,Shashank Chandrakar,DR Deshmukh,0,0,,,,,,,,,
1205773,2019/20,2019-11-12,"GSSS, Sector 26",1,13.6,Chhattisgarh,Maharashtra,Harpreet Singh,Shashank Chandrakar,DR Deshmukh,4,0,,,,,,,,,
1205773,2019/20,2019-11-12,"GSSS, Sector 26",1,14.1,Chhattisgarh,Maharashtra,Shashank Chandrakar,Harpreet Singh,SM Fallah,1,0,,,,,,,,,
1205773,2019/20,2019-11-12,"GSSS, Sector 26",1,14.2,Chhattisgarh,Maharashtra,Harpreet Singh,Shashank Chandrakar,SM Fallah,1,0,,,,,,,,,
1205773,2019/20,2019-11-12,"GSSS, Sector 26",1,14.3,Chhattisgarh,Maharashtra,Shashank Chandrakar,Harpreet Singh,SM Fallah,1,0,,,,,,,,,
1205773,2019/20,2019-11-12,"GSSS, Sector 26",1,14.4,Chhattisgarh,Maharashtra,Harpreet Singh,Shashank Chandrakar,SM Fallah,2,0,,,,,,,,,
1205773,2019/20,2019-11-12,"GSSS, Sector 26",1,14.5,Chhattisgarh,Maharashtra,Harpreet Singh,Shashank Chandrakar,SM Fallah,1,0,,,,,,,,,
1205773,2019/20,2019-11-12,"GSSS, Sector 26",1,14.6,Chhattisgarh,Maharashtra,Shashank Chandrakar,Harpreet Singh,SM Fallah,1,0,,,,,,,,,
1205773,2019/20,2019-11-12,"GSSS, Sector 26",1,15.1,Chhattisgarh,Maharashtra,Shashank Chandrakar,Harpreet Singh,Azim Kazi,1,0,,,,,,,,,
1205773,2019/20,2019-11-12,"GSSS, Sector 26",1,15.2,Chhattisgarh,Maharashtra,Harpreet Singh,Shashank Chandrakar,Azim Kazi,0,0,,,,,,,,,
1205773,2019/20,2019-11-12,"GSSS, Sector 26",1,15.3,Chhattisgarh,Maharashtra,Harpreet Singh,Shashank Chandrakar,Azim Kazi,2,0,,,,,,,,,
1205773,2019/20,2019-11-12,"GSSS, Sector 26",1,15.4,Chhattisgarh,Maharashtra,Harpreet Singh,Shashank Chandrakar,Azim Kazi,2,0,,,,,,,,,
1205773,2019/20,2019-11-12,"GSSS, Sector 26",1,15.5,Chhattisgarh,Maharashtra,Harpreet Singh,Shashank Chandrakar,Azim Kazi,1,0,,,,,,,,,
1205773,2019/20,2019-11-12,"GSSS, Sector 26",1,15.6,Chhattisgarh,Maharashtra,Shashank Chandrakar,Harpreet Singh,Azim Kazi,1,0,,,,,,,,,
1205773,2019/20,2019-11-12,"GSSS, Sector 26",1,16.1,Chhattisgarh,Maharashtra,Shashank Chandrakar,Harpreet Singh,Mukesh Choudhary,1,0,,,,,,,,,
1205773,2019/20,2019-11-12,"GSSS, Sector 26",1,16.2,Chhattisgarh,Maharashtra,Harpreet Singh,Shashank Chandrakar,Mukesh Choudhary,6,0,,,,,,,,,
1205773,2019/20,2019-11-12,"GSSS, Sector 26",1,16.3,Chhattisgarh,Maharashtra,Harpreet Singh,Shashank Chandrakar,Mukesh Choudhary,0,0,,,,,,,,,
1205773,2019/20,2019-11-12,"GSSS, Sector 26",1,16.4,Chhattisgarh,Maharashtra,Harpreet Singh,Shashank Chandrakar,Mukesh Choudhary,0,1,1,,,,,,,,
1205773,2019/20,2019-11-12,"GSSS, Sector 26",1,16.5,Chhattisgarh,Maharashtra,Harpreet Singh,Shashank Chandrakar,Mukesh Choudhary,1,0,,,,,,,,,
1205773,2019/20,2019-11-12,"GSSS, Sector 26",1,16.6,Chhattisgarh,Maharashtra,Shashank Chandrakar,Harpreet Singh,Mukesh Choudhary,1,0,,,,,,,,,
1205773,2019/20,2019-11-12,"GSSS, Sector 26",1,16.7,Chhattisgarh,Maharashtra,Harpreet Singh,Shashank Chandrakar,Mukesh Choudhary,6,0,,,,,,,,,
1205773,2019/20,2019-11-12,"GSSS, Sector 26",1,17.1,Chhattisgarh,Maharashtra,Shashank Chandrakar,Harpreet Singh,DR Deshmukh,4,0,,,,,,,,,
1205773,2019/20,2019-11-12,"GSSS, Sector 26",1,17.2,Chhattisgarh,Maharashtra,Shashank Chandrakar,Harpreet Singh,DR Deshmukh,0,0,,,,,,caught,Shashank Chandrakar,,
1205773,2019/20,2019-11-12,"GSSS, Sector 26",1,17.3,Chhattisgarh,Maharashtra,Harpreet Singh,Shashank Singh,DR Deshmukh,1,0,,,,,,,,,
1205773,2019/20,2019-11-12,"GSSS, Sector 26",1,17.4,Chhattisgarh,Maharashtra,Shashank Singh,Harpreet Singh,DR Deshmukh,1,0,,,,,,,,,
1205773,2019/20,2019-11-12,"GSSS, Sector 26",1,17.5,Chhattisgarh,Maharashtra,Harpreet Singh,Shashank Singh,DR Deshmukh,2,0,,,,,,,,,
1205773,2019/20,2019-11-12,"GSSS, Sector 26",1,17.6,Chhattisgarh,Maharashtra,Harpreet Singh,Shashank Singh,DR Deshmukh,2,0,,,,,,,,,
1205773,2019/20,2019-11-12,"GSSS, Sector 26",1,18.1,Chhattisgarh,Maharashtra,Shashank Singh,Harpreet Singh,SM Fallah,1,0,,,,,,,,,
1205773,2019/20,2019-11-12,"GSSS, Sector 26",1,18.2,Chhattisgarh,Maharashtra,Harpreet Singh,Shashank Singh,SM Fallah,4,0,,,,,,,,,
1205773,2019/20,2019-11-12,"GSSS, Sector 26",1,18.3,Chhattisgarh,Maharashtra,Harpreet Singh,Shashank Singh,SM Fallah,2,0,,,,,,,,,
1205773,2019/20,2019-11-12,"GSSS, Sector 26",1,18.4,Chhattisgarh,Maharashtra,Harpreet Singh,Shashank Singh,SM Fallah,1,0,,,,,,,,,
1205773,2019/20,2019-11-12,"GSSS, Sector 26",1,18.5,Chhattisgarh,Maharashtra,Shashank Singh,Harpreet Singh,SM Fallah,0,0,,,,,,caught,Shashank Singh,,
1205773,2019/20,2019-11-12,"GSSS, Sector 26",1,18.6,Chhattisgarh,Maharashtra,Vishal Kushwah,Harpreet Singh,SM Fallah,4,0,,,,,,,,,
1205773,2019/20,2019-11-12,"GSSS, Sector 26",1,19.1,Chhattisgarh,Maharashtra,Harpreet Singh,Vishal Kushwah,Mukesh Choudhary,2,0,,,,,,,,,
1205773,2019/20,2019-11-12,"GSSS, Sector 26",1,19.2,Chhattisgarh,Maharashtra,Harpreet Singh,Vishal Kushwah,Mukesh Choudhary,0,0,,,,,,,,,
1205773,2019/20,2019-11-12,"GSSS, Sector 26",1,19.3,Chhattisgarh,Maharashtra,Harpreet Singh,Vishal Kushwah,Mukesh Choudhary,4,0,,,,,,,,,
1205773,2019/20,2019-11-12,"GSSS, Sector 26",1,19.4,Chhattisgarh,Maharashtra,Harpreet Singh,Vishal Kushwah,Mukesh Choudhary,6,0,,,,,,,,,
1205773,2019/20,2019-11-12,"GSSS, Sector 26",1,19.5,Chhattisgarh,Maharashtra,Harpreet Singh,Vishal Kushwah,Mukesh Choudhary,1,0,,,,,,,,,
1205773,2019/20,2019-11-12,"GSSS, Sector 26",1,19.6,Chhattisgarh,Maharashtra,Vishal Kushwah,Harpreet Singh,Mukesh Choudhary,6,0,,,,,,,,,
1205773,2019/20,2019-11-12,"GSSS, Sector 26",2,0.1,Maharashtra,Chhattisgarh,RD Gaikwad,RA Tripathi,Pankaj Rao,1,0,,,,,,,,,
1205773,2019/20,2019-11-12,"GSSS, Sector 26",2,0.2,Maharashtra,Chhattisgarh,RA Tripathi,RD Gaikwad,Pankaj Rao,1,0,,,,,,,,,
1205773,2019/20,2019-11-12,"GSSS, Sector 26",2,0.3,Maharashtra,Chhattisgarh,RD Gaikwad,RA Tripathi,Pankaj Rao,1,0,,,,,,,,,
1205773,2019/20,2019-11-12,"GSSS, Sector 26",2,0.4,Maharashtra,Chhattisgarh,RA Tripathi,RD Gaikwad,Pankaj Rao,0,1,1,,,,,,,,
1205773,2019/20,2019-11-12,"GSSS, Sector 26",2,0.5,Maharashtra,Chhattisgarh,RA Tripathi,RD Gaikwad,Pankaj Rao,0,0,,,,,,,,,
1205773,2019/20,2019-11-12,"GSSS, Sector 26",2,0.6,Maharashtra,Chhattisgarh,RA Tripathi,RD Gaikwad,Pankaj Rao,0,0,,,,,,,,,
1205773,2019/20,2019-11-12,"GSSS, Sector 26",2,0.7,Maharashtra,Chhattisgarh,RA Tripathi,RD Gaikwad,Pankaj Rao,0,0,,,,,,,,,
1205773,2019/20,2019-11-12,"GSSS, Sector 26",2,1.1,Maharashtra,Chhattisgarh,RD Gaikwad,RA Tripathi,Puneet Datey,1,0,,,,,,,,,
1205773,2019/20,2019-11-12,"GSSS, Sector 26",2,1.2,Maharashtra,Chhattisgarh,RA Tripathi,RD Gaikwad,Puneet Datey,1,0,,,,,,,,,
1205773,2019/20,2019-11-12,"GSSS, Sector 26",2,1.3,Maharashtra,Chhattisgarh,RD Gaikwad,RA Tripathi,Puneet Datey,1,0,,,,,,,,,
1205773,2019/20,2019-11-12,"GSSS, Sector 26",2,1.4,Maharashtra,Chhattisgarh,RA Tripathi,RD Gaikwad,Puneet Datey,1,0,,,,,,,,,
1205773,2019/20,2019-11-12,"GSSS, Sector 26",2,1.5,Maharashtra,Chhattisgarh,RD Gaikwad,RA Tripathi,Puneet Datey,0,0,,,,,,,,,
1205773,2019/20,2019-11-12,"GSSS, Sector 26",2,1.6,Maharashtra,Chhattisgarh,RD Gaikwad,RA Tripathi,Puneet Datey,0,1,1,,,,,,,,
1205773,2019/20,2019-11-12,"GSSS, Sector 26",2,1.7,Maharashtra,Chhattisgarh,RD Gaikwad,RA Tripathi,Puneet Datey,0,0,,,,,,,,,
1205773,2019/20,2019-11-12,"GSSS, Sector 26",2,2.1,Maharashtra,Chhattisgarh,RA Tripathi,RD Gaikwad,Pankaj Rao,4,0,,,,,,,,,
1205773,2019/20,2019-11-12,"GSSS, Sector 26",2,2.2,Maharashtra,Chhattisgarh,RA Tripathi,RD Gaikwad,Pankaj Rao,0,1,,,,1,,,,,
1205773,2019/20,2019-11-12,"GSSS, Sector 26",2,2.3,Maharashtra,Chhattisgarh,RD Gaikwad,RA Tripathi,Pankaj Rao,1,0,,,,,,,,,
1205773,2019/20,2019-11-12,"GSSS, Sector 26",2,2.4,Maharashtra,Chhattisgarh,RA Tripathi,RD Gaikwad,Pankaj Rao,1,0,,,,,,,,,
1205773,2019/20,2019-11-12,"GSSS, Sector 26",2,2.5,Maharashtra,Chhattisgarh,RD Gaikwad,RA Tripathi,Pankaj Rao,0,0,,,,,,,,,
1205773,2019/20,2019-11-12,"GSSS, Sector 26",2,2.6,Maharashtra,Chhattisgarh,RD Gaikwad,RA Tripathi,Pankaj Rao,1,0,,,,,,,,,
1205773,2019/20,2019-11-12,"GSSS, Sector 26",2,3.1,Maharashtra,Chhattisgarh,RD Gaikwad,RA Tripathi,Puneet Datey,1,0,,,,,,,,,
1205773,2019/20,2019-11-12,"GSSS, Sector 26",2,3.2,Maharashtra,Chhattisgarh,RA Tripathi,RD Gaikwad,Puneet Datey,0,0,,,,,,caught,RA Tripathi,,
1205773,2019/20,2019-11-12,"GSSS, Sector 26",2,3.3,Maharashtra,Chhattisgarh,SM Gugale,RD Gaikwad,Puneet Datey,0,0,,,,,,,,,
1205773,2019/20,2019-11-12,"GSSS, Sector 26",2,3.4,Maharashtra,Chhattisgarh,SM Gugale,RD Gaikwad,Puneet Datey,0,0,,,,,,,,,
1205773,2019/20,2019-11-12,"GSSS, Sector 26",2,3.5,Maharashtra,Chhattisgarh,SM Gugale,RD Gaikwad,Puneet Datey,2,0,,,,,,,,,
1205773,2019/20,2019-11-12,"GSSS, Sector 26",2,3.6,Maharashtra,Chhattisgarh,SM Gugale,RD Gaikwad,Puneet Datey,0,0,,,,,,,,,
1205773,2019/20,2019-11-12,"GSSS, Sector 26",2,4.1,Maharashtra,Chhattisgarh,RD Gaikwad,SM Gugale,Shashank Singh,4,0,,,,,,,,,
1205773,2019/20,2019-11-12,"GSSS, Sector 26",2,4.2,Maharashtra,Chhattisgarh,RD Gaikwad,SM Gugale,Shashank Singh,4,0,,,,,,,,,
1205773,2019/20,2019-11-12,"GSSS, Sector 26",2,4.3,Maharashtra,Chhattisgarh,RD Gaikwad,SM Gugale,Shashank Singh,4,0,,,,,,,,,
1205773,2019/20,2019-11-12,"GSSS, Sector 26",2,4.4,Maharashtra,Chhattisgarh,RD Gaikwad,SM Gugale,Shashank Singh,1,0,,,,,,,,,
1205773,2019/20,2019-11-12,"GSSS, Sector 26",2,4.5,Maharashtra,Chhattisgarh,SM Gugale,RD Gaikwad,Shashank Singh,4,0,,,,,,,,,
1205773,2019/20,2019-11-12,"GSSS, Sector 26",2,4.6,Maharashtra,Chhattisgarh,SM Gugale,RD Gaikwad,Shashank Singh,1,0,,,,,,,,,
1205773,2019/20,2019-11-12,"GSSS, Sector 26",2,5.1,Maharashtra,Chhattisgarh,SM Gugale,RD Gaikwad,Shubham Singh,4,0,,,,,,,,,
1205773,2019/20,2019-11-12,"GSSS, Sector 26",2,5.2,Maharashtra,Chhattisgarh,SM Gugale,RD Gaikwad,Shubham Singh,0,0,,,,,,caught,SM Gugale,,
1205773,2019/20,2019-11-12,"GSSS, Sector 26",2,5.3,Maharashtra,Chhattisgarh,Naushad Shaikh,RD Gaikwad,Shubham Singh,1,0,,,,,,,,,
1205773,2019/20,2019-11-12,"GSSS, Sector 26",2,5.4,Maharashtra,Chhattisgarh,RD Gaikwad,Naushad Shaikh,Shubham Singh,1,0,,,,,,,,,
1205773,2019/20,2019-11-12,"GSSS, Sector 26",2,5.5,Maharashtra,Chhattisgarh,Naushad Shaikh,RD Gaikwad,Shubham Singh,1,0,,,,,,,,,
1205773,2019/20,2019-11-12,"GSSS, Sector 26",2,5.6,Maharashtra,Chhattisgarh,RD Gaikwad,Naushad Shaikh,Shubham Singh,0,0,,,,,,,,,
1205773,2019/20,2019-11-12,"GSSS, Sector 26",2,6.1,Maharashtra,Chhattisgarh,Naushad Shaikh,RD Gaikwad,Shashank Singh,1,0,,,,,,,,,
1205773,2019/20,2019-11-12,"GSSS, Sector 26",2,6.2,Maharashtra,Chhattisgarh,RD Gaikwad,Naushad Shaikh,Shashank Singh,1,0,,,,,,,,,
1205773,2019/20,2019-11-12,"GSSS, Sector 26",2,6.3,Maharashtra,Chhattisgarh,Naushad Shaikh,RD Gaikwad,Shashank Singh,4,0,,,,,,,,,
1205773,2019/20,2019-11-12,"GSSS, Sector 26",2,6.4,Maharashtra,Chhattisgarh,Naushad Shaikh,RD Gaikwad,Shashank Singh,1,0,,,,,,,,,
1205773,2019/20,2019-11-12,"GSSS, Sector 26",2,6.5,Maharashtra,Chhattisgarh,RD Gaikwad,Naushad Shaikh,Shashank Singh,1,0,,,,,,,,,
1205773,2019/20,2019-11-12,"GSSS, Sector 26",2,6.6,Maharashtra,Chhattisgarh,Naushad Shaikh,RD Gaikwad,Shashank Singh,1,0,,,,,,,,,
1205773,2019/20,2019-11-12,"GSSS, Sector 26",2,7.1,Maharashtra,Chhattisgarh,Naushad Shaikh,RD Gaikwad,Shubham Singh,2,0,,,,,,,,,
1205773,2019/20,2019-11-12,"GSSS, Sector 26",2,7.2,Maharashtra,Chhattisgarh,Naushad Shaikh,RD Gaikwad,Shubham Singh,2,0,,,,,,,,,
1205773,2019/20,2019-11-12,"GSSS, Sector 26",2,7.3,Maharashtra,Chhattisgarh,Naushad Shaikh,RD Gaikwad,Shubham Singh,2,0,,,,,,,,,
1205773,2019/20,2019-11-12,"GSSS, Sector 26",2,7.4,Maharashtra,Chhattisgarh,Naushad Shaikh,RD Gaikwad,Shubham Singh,0,0,,,,,,,,,
1205773,2019/20,2019-11-12,"GSSS, Sector 26",2,7.5,Maharashtra,Chhattisgarh,Naushad Shaikh,RD Gaikwad,Shubham Singh,4,0,,,,,,,,,
1205773,2019/20,2019-11-12,"GSSS, Sector 26",2,7.6,Maharashtra,Chhattisgarh,Naushad Shaikh,RD Gaikwad,Shubham Singh,1,0,,,,,,,,,
1205773,2019/20,2019-11-12,"GSSS, Sector 26",2,8.1,Maharashtra,Chhattisgarh,Naushad Shaikh,RD Gaikwad,Ajay Mandal,1,0,,,,,,,,,
1205773,2019/20,2019-11-12,"GSSS, Sector 26",2,8.2,Maharashtra,Chhattisgarh,RD Gaikwad,Naushad Shaikh,Ajay Mandal,1,0,,,,,,,,,
1205773,2019/20,2019-11-12,"GSSS, Sector 26",2,8.3,Maharashtra,Chhattisgarh,Naushad Shaikh,RD Gaikwad,Ajay Mandal,6,0,,,,,,,,,
1205773,2019/20,2019-11-12,"GSSS, Sector 26",2,8.4,Maharashtra,Chhattisgarh,Naushad Shaikh,RD Gaikwad,Ajay Mandal,1,0,,,,,,,,,
1205773,2019/20,2019-11-12,"GSSS, Sector 26",2,8.5,Maharashtra,Chhattisgarh,RD Gaikwad,Naushad Shaikh,Ajay Mandal,4,0,,,,,,,,,
1205773,2019/20,2019-11-12,"GSSS, Sector 26",2,8.6,Maharashtra,Chhattisgarh,RD Gaikwad,Naushad Shaikh,Ajay Mandal,1,0,,,,,,,,,
1205773,2019/20,2019-11-12,"GSSS, Sector 26",2,9.1,Maharashtra,Chhattisgarh,RD Gaikwad,Naushad Shaikh,Sumit Ruikar,1,0,,,,,,,,,
1205773,2019/20,2019-11-12,"GSSS, Sector 26",2,9.2,Maharashtra,Chhattisgarh,Naushad Shaikh,RD Gaikwad,Sumit Ruikar,4,0,,,,,,,,,
1205773,2019/20,2019-11-12,"GSSS, Sector 26",2,9.3,Maharashtra,Chhattisgarh,Naushad Shaikh,RD Gaikwad,Sumit Ruikar,1,0,,,,,,,,,
1205773,2019/20,2019-11-12,"GSSS, Sector 26",2,9.4,Maharashtra,Chhattisgarh,RD Gaikwad,Naushad Shaikh,Sumit Ruikar,1,0,,,,,,,,,
1205773,2019/20,2019-11-12,"GSSS, Sector 26",2,9.5,Maharashtra,Chhattisgarh,Naushad Shaikh,RD Gaikwad,Sumit Ruikar,1,0,,,,,,,,,
1205773,2019/20,2019-11-12,"GSSS, Sector 26",2,9.6,Maharashtra,Chhattisgarh,RD Gaikwad,Naushad Shaikh,Sumit Ruikar,1,0,,,,,,,,,
1205773,2019/20,2019-11-12,"GSSS, Sector 26",2,10.1,Maharashtra,Chhattisgarh,RD Gaikwad,Naushad Shaikh,Shashank Singh,0,0,,,,,,,,,
1205773,2019/20,2019-11-12,"GSSS, Sector 26",2,10.2,Maharashtra,Chhattisgarh,RD Gaikwad,Naushad Shaikh,Shashank Singh,6,0,,,,,,,,,
1205773,2019/20,2019-11-12,"GSSS, Sector 26",2,10.3,Maharashtra,Chhattisgarh,RD Gaikwad,Naushad Shaikh,Shashank Singh,1,0,,,,,,,,,
1205773,2019/20,2019-11-12,"GSSS, Sector 26",2,10.4,Maharashtra,Chhattisgarh,Naushad Shaikh,RD Gaikwad,Shashank Singh,4,0,,,,,,,,,
1205773,2019/20,2019-11-12,"GSSS, Sector 26",2,10.5,Maharashtra,Chhattisgarh,Naushad Shaikh,RD Gaikwad,Shashank Singh,4,0,,,,,,,,,
1205773,2019/20,2019-11-12,"GSSS, Sector 26",2,10.6,Maharashtra,Chhattisgarh,Naushad Shaikh,RD Gaikwad,Shashank Singh,1,0,,,,,,,,,
1205773,2019/20,2019-11-12,"GSSS, Sector 26",2,11.1,Maharashtra,Chhattisgarh,Naushad Shaikh,RD Gaikwad,Sumit Ruikar,6,0,,,,,,,,,
1205773,2019/20,2019-11-12,"GSSS, Sector 26",2,11.2,Maharashtra,Chhattisgarh,Naushad Shaikh,RD Gaikwad,Sumit Ruikar,1,0,,,,,,,,,
1205773,2019/20,2019-11-12,"GSSS, Sector 26",2,11.3,Maharashtra,Chhattisgarh,RD Gaikwad,Naushad Shaikh,Sumit Ruikar,1,0,,,,,,,,,
1205773,2019/20,2019-11-12,"GSSS, Sector 26",2,11.4,Maharashtra,Chhattisgarh,Naushad Shaikh,RD Gaikwad,Sumit Ruikar,1,0,,,,,,,,,
1205773,2019/20,2019-11-12,"GSSS, Sector 26",2,11.5,Maharashtra,Chhattisgarh,RD Gaikwad,Naushad Shaikh,Sumit Ruikar,6,0,,,,,,,,,
1205773,2019/20,2019-11-12,"GSSS, Sector 26",2,11.6,Maharashtra,Chhattisgarh,RD Gaikwad,Naushad Shaikh,Sumit Ruikar,1,0,,,,,,,,,
1205773,2019/20,2019-11-12,"GSSS, Sector 26",2,12.1,Maharashtra,Chhattisgarh,RD Gaikwad,Naushad Shaikh,Pankaj Rao,2,0,,,,,,,,,
1205773,2019/20,2019-11-12,"GSSS, Sector 26",2,12.2,Maharashtra,Chhattisgarh,RD Gaikwad,Naushad Shaikh,Pankaj Rao,1,0,,,,,,,,,
1205773,2019/20,2019-11-12,"GSSS, Sector 26",2,12.3,Maharashtra,Chhattisgarh,Naushad Shaikh,RD Gaikwad,Pankaj Rao,1,0,,,,,,,,,
1205773,2019/20,2019-11-12,"GSSS, Sector 26",2,12.4,Maharashtra,Chhattisgarh,RD Gaikwad,Naushad Shaikh,Pankaj Rao,1,0,,,,,,,,,
1205773,2019/20,2019-11-12,"GSSS, Sector 26",2,12.5,Maharashtra,Chhattisgarh,Naushad Shaikh,RD Gaikwad,Pankaj Rao,0,0,,,,,,caught,Naushad Shaikh,,
1205773,2019/20,2019-11-12,"GSSS, Sector 26",2,12.6,Maharashtra,Chhattisgarh,RD Gaikwad,Azim Kazi,Pankaj Rao,2,0,,,,,,,,,
1205773,2019/20,2019-11-12,"GSSS, Sector 26",2,13.1,Maharashtra,Chhattisgarh,Azim Kazi,RD Gaikwad,Ajay Mandal,0,0,,,,,,,,,
1205773,2019/20,2019-11-12,"GSSS, Sector 26",2,13.2,Maharashtra,Chhattisgarh,Azim Kazi,RD Gaikwad,Ajay Mandal,0,0,,,,,,caught,Azim Kazi,,
1205773,2019/20,2019-11-12,"GSSS, Sector 26",2,13.3,Maharashtra,Chhattisgarh,RD Gaikwad,NS Naik,Ajay Mandal,1,0,,,,,,,,,
1205773,2019/20,2019-11-12,"GSSS, Sector 26",2,13.4,Maharashtra,Chhattisgarh,NS Naik,RD Gaikwad,Ajay Mandal,0,0,,,,,,,,,
1205773,2019/20,2019-11-12,"GSSS, Sector 26",2,13.5,Maharashtra,Chhattisgarh,NS Naik,RD Gaikwad,Ajay Mandal,0,0,,,,,,stumped,NS Naik,,
1205773,2019/20,2019-11-12,"GSSS, Sector 26",2,13.6,Maharashtra,Chhattisgarh,KM Jadhav,RD Gaikwad,Ajay Mandal,1,0,,,,,,,,,
1205773,2019/20,2019-11-12,"GSSS, Sector 26",2,14.1,Maharashtra,Chhattisgarh,KM Jadhav,RD Gaikwad,Shubham Singh,0,0,,,,,,,,,
1205773,2019/20,2019-11-12,"GSSS, Sector 26",2,14.2,Maharashtra,Chhattisgarh,KM Jadhav,RD Gaikwad,Shubham Singh,1,0,,,,,,,,,
1205773,2019/20,2019-11-12,"GSSS, Sector 26",2,14.3,Maharashtra,Chhattisgarh,RD Gaikwad,KM Jadhav,Shubham Singh,0,0,,,,,,,,,
1205773,2019/20,2019-11-12,"GSSS, Sector 26",2,14.4,Maharashtra,Chhattisgarh,RD Gaikwad,KM Jadhav,Shubham Singh,6,0,,,,,,,,,
1205773,2019/20,2019-11-12,"GSSS, Sector 26",2,14.5,Maharashtra,Chhattisgarh,RD Gaikwad,KM Jadhav,Shubham Singh,1,0,,,,,,,,,
1205773,2019/20,2019-11-12,"GSSS, Sector 26",2,14.6,Maharashtra,Chhattisgarh,KM Jadhav,RD Gaikwad,Shubham Singh,1,0,,,,,,,,,
1205773,2019/20,2019-11-12,"GSSS, Sector 26",2,15.1,Maharashtra,Chhattisgarh,KM Jadhav,RD Gaikwad,Ajay Mandal,1,0,,,,,,,,,
1205773,2019/20,2019-11-12,"GSSS, Sector 26",2,15.2,Maharashtra,Chhattisgarh,RD Gaikwad,KM Jadhav,Ajay Mandal,0,0,,,,,,,,,
1205773,2019/20,2019-11-12,"GSSS, Sector 26",2,15.3,Maharashtra,Chhattisgarh,RD Gaikwad,KM Jadhav,Ajay Mandal,0,0,,,,,,,,,
1205773,2019/20,2019-11-12,"GSSS, Sector 26",2,15.4,Maharashtra,Chhattisgarh,RD Gaikwad,KM Jadhav,Ajay Mandal,0,0,,,,,,caught,RD Gaikwad,,
1205773,2019/20,2019-11-12,"GSSS, Sector 26",2,15.5,Maharashtra,Chhattisgarh,Satyajeet Bachhav,KM Jadhav,Ajay Mandal,1,0,,,,,,,,,
1205773,2019/20,2019-11-12,"GSSS, Sector 26",2,15.6,Maharashtra,Chhattisgarh,KM Jadhav,Satyajeet Bachhav,Ajay Mandal,1,0,,,,,,,,,
1205773,2019/20,2019-11-12,"GSSS, Sector 26",2,16.1,Maharashtra,Chhattisgarh,KM Jadhav,Satyajeet Bachhav,Sumit Ruikar,1,0,,,,,,,,,
1205773,2019/20,2019-11-12,"GSSS, Sector 26",2,16.2,Maharashtra,Chhattisgarh,Satyajeet Bachhav,KM Jadhav,Sumit Ruikar,1,0,,,,,,,,,
1205773,2019/20,2019-11-12,"GSSS, Sector 26",2,16.3,Maharashtra,Chhattisgarh,KM Jadhav,Satyajeet Bachhav,Sumit Ruikar,0,0,,,,,,,,,
1205773,2019/20,2019-11-12,"GSSS, Sector 26",2,16.4,Maharashtra,Chhattisgarh,KM Jadhav,Satyajeet Bachhav,Sumit Ruikar,0,0,,,,,,,,,
1205773,2019/20,2019-11-12,"GSSS, Sector 26",2,16.5,Maharashtra,Chhattisgarh,KM Jadhav,Satyajeet Bachhav,Sumit Ruikar,0,0,,,,,,,,,
1205773,2019/20,2019-11-12,"GSSS, Sector 26",2,16.6,Maharashtra,Chhattisgarh,KM Jadhav,Satyajeet Bachhav,Sumit Ruikar,1,0,,,,,,,,,
1205773,2019/20,2019-11-12,"GSSS, Sector 26",2,17.1,Maharashtra,Chhattisgarh,KM Jadhav,Satyajeet Bachhav,Puneet Datey,0,0,,,,,,caught,KM Jadhav,,
1205773,2019/20,2019-11-12,"GSSS, Sector 26",2,17.2,Maharashtra,Chhattisgarh,DR Deshmukh,Satyajeet Bachhav,Puneet Datey,1,0,,,,,,,,,
1205773,2019/20,2019-11-12,"GSSS, Sector 26",2,17.3,Maharashtra,Chhattisgarh,Satyajeet Bachhav,DR Deshmukh,Puneet Datey,4,0,,,,,,,,,
1205773,2019/20,2019-11-12,"GSSS, Sector 26",2,17.4,Maharashtra,Chhattisgarh,Satyajeet Bachhav,DR Deshmukh,Puneet Datey,0,1,,,,1,,,,,
1205773,2019/20,2019-11-12,"GSSS, Sector 26",2,17.5,Maharashtra,Chhattisgarh,DR Deshmukh,Satyajeet Bachhav,Puneet Datey,2,0,,,,,,,,,
1205773,2019/20,2019-11-12,"GSSS, Sector 26",2,17.6,Maharashtra,Chhattisgarh,DR Deshmukh,Satyajeet Bachhav,Puneet Datey,6,0,,,,,,,,,
1205773,2019/20,2019-11-12,"GSSS, Sector 26",2,18.1,Maharashtra,Chhattisgarh,Satyajeet Bachhav,DR Deshmukh,Pankaj Rao,0,0,,,,,,caught,Satyajeet Bachhav,,
1205773,2019/20,2019-11-12,"GSSS, Sector 26",2,18.2,Maharashtra,Chhattisgarh,DR Deshmukh,Mukesh Choudhary,Pankaj Rao,1,0,,,,,,,,,
1205773,2019/20,2019-11-12,"GSSS, Sector 26",2,18.3,Maharashtra,Chhattisgarh,Mukesh Choudhary,DR Deshmukh,Pankaj Rao,1,0,,,,,,,,,
1205773,2019/20,2019-11-12,"GSSS, Sector 26",2,18.4,Maharashtra,Chhattisgarh,DR Deshmukh,Mukesh Choudhary,Pankaj Rao,0,0,,,,,,bowled,DR Deshmukh,,
1205773,2019/20,2019-11-12,"GSSS, Sector 26",2,18.5,Maharashtra,Chhattisgarh,SM Fallah,Mukesh Choudhary,Pankaj Rao,0,0,,,,,,,,,
1205773,2019/20,2019-11-12,"GSSS, Sector 26",2,18.6,Maharashtra,Chhattisgarh,SM Fallah,Mukesh Choudhary,Pankaj Rao,0,0,,,,,,,,,
1205773,2019/20,2019-11-12,"GSSS, Sector 26",2,19.1,Maharashtra,Chhattisgarh,Mukesh Choudhary,SM Fallah,Puneet Datey,0,0,,,,,,,,,
1205773,2019/20,2019-11-12,"GSSS, Sector 26",2,19.2,Maharashtra,Chhattisgarh,Mukesh Choudhary,SM Fallah,Puneet Datey,0,1,1,,,,,,,,
1205773,2019/20,2019-11-12,"GSSS, Sector 26",2,19.3,Maharashtra,Chhattisgarh,Mukesh Choudhary,SM Fallah,Puneet Datey,1,0,,,,,,,,,
1205773,2019/20,2019-11-12,"GSSS, Sector 26",2,19.4,Maharashtra,Chhattisgarh,SM Fallah,Mukesh Choudhary,Puneet Datey,1,0,,,,,,,,,
1205773,2019/20,2019-11-12,"GSSS, Sector 26",2,19.5,Maharashtra,Chhattisgarh,Mukesh Choudhary,SM Fallah,Puneet Datey,4,0,,,,,,,,,
1205773,2019/20,2019-11-12,"GSSS, Sector 26",2,19.6,Maharashtra,Chhattisgarh,Mukesh Choudhary,SM Fallah,Puneet Datey,0,0,,,,,,,,,
1205773,2019/20,2019-11-12,"GSSS, Sector 26",2,19.7,Maharashtra,Chhattisgarh,Mukesh Choudhary,SM Fallah,Puneet Datey,0,0,,,,,,bowled,Mukesh Choudhary,,
