match_id,season,start_date,venue,innings,ball,batting_team,bowling_team,striker,non_striker,bowler,runs_off_bat,extras,wides,noballs,byes,legbyes,penalty,wicket_type,player_dismissed,other_wicket_type,other_player_dismissed
1205837,2019/20,2019-11-17,BKC Ground,1,0.1,Madhya Pradesh,Haryana,NV Ojha,Ashutosh Sharma,HV Patel,1,0,,,,,,,,,
1205837,2019/20,2019-11-17,BKC Ground,1,0.2,Madhya Pradesh,Haryana,Ashutosh Sharma,NV Ojha,HV Patel,0,0,,,,,,,,,
1205837,2019/20,2019-11-17,BKC Ground,1,0.3,Madhya Pradesh,Haryana,Ashutosh Sharma,NV Ojha,HV Patel,4,0,,,,,,,,,
1205837,2019/20,2019-11-17,BKC Ground,1,0.4,Madhya Pradesh,Haryana,Ashutosh Sharma,NV Ojha,HV Patel,0,0,,,,,,,,,
1205837,2019/20,2019-11-17,BKC Ground,1,0.5,Madhya Pradesh,Haryana,Ashutosh Sharma,NV Ojha,HV Patel,0,0,,,,,,,,,
1205837,2019/20,2019-11-17,BKC Ground,1,0.6,Madhya Pradesh,Haryana,Ashutosh Sharma,NV Ojha,HV Patel,1,0,,,,,,,,,
1205837,2019/20,2019-11-17,BKC Ground,1,1.1,Madhya Pradesh,Haryana,Ashutosh Sharma,NV Ojha,AH Hooda,1,0,,,,,,,,,
1205837,2019/20,2019-11-17,BKC Ground,1,1.2,Madhya Pradesh,Haryana,NV Ojha,Ashutosh Sharma,AH Hooda,0,0,,,,,,,,,
1205837,2019/20,2019-11-17,BKC Ground,1,1.3,Madhya Pradesh,Haryana,NV Ojha,Ashutosh Sharma,AH Hooda,1,0,,,,,,,,,
1205837,2019/20,2019-11-17,BKC Ground,1,1.4,Madhya Pradesh,Haryana,Ashutosh Sharma,NV Ojha,AH Hooda,0,0,,,,,,,,,
1205837,2019/20,2019-11-17,BKC Ground,1,1.5,Madhya Pradesh,Haryana,Ashutosh Sharma,NV Ojha,AH Hooda,4,0,,,,,,,,,
1205837,2019/20,2019-11-17,BKC Ground,1,1.6,Madhya Pradesh,Haryana,Ashutosh Sharma,NV Ojha,AH Hooda,1,0,,,,,,,,,
1205837,2019/20,2019-11-17,BKC Ground,1,2.1,Madhya Pradesh,Haryana,Ashutosh Sharma,NV Ojha,HV Patel,0,0,,,,,,caught,Ashutosh Sharma,,
1205837,2019/20,2019-11-17,BKC Ground,1,2.2,Madhya Pradesh,Haryana,NV Ojha,RM Patidar,HV Patel,2,0,,,,,,,,,
1205837,2019/20,2019-11-17,BKC Ground,1,2.3,Madhya Pradesh,Haryana,NV Ojha,RM Patidar,HV Patel,1,0,,,,,,,,,
1205837,2019/20,2019-11-17,BKC Ground,1,2.4,Madhya Pradesh,Haryana,RM Patidar,NV Ojha,HV Patel,2,0,,,,,,,,,
1205837,2019/20,2019-11-17,BKC Ground,1,2.5,Madhya Pradesh,Haryana,RM Patidar,NV Ojha,HV Patel,1,0,,,,,,,,,
1205837,2019/20,2019-11-17,BKC Ground,1,2.6,Madhya Pradesh,Haryana,NV Ojha,RM Patidar,HV Patel,0,0,,,,,,,,,
1205837,2019/20,2019-11-17,BKC Ground,1,3.1,Madhya Pradesh,Haryana,RM Patidar,NV Ojha,AH Hooda,0,0,,,,,,,,,
1205837,2019/20,2019-11-17,BKC Ground,1,3.2,Madhya Pradesh,Haryana,RM Patidar,NV Ojha,AH Hooda,1,0,,,,,,,,,
1205837,2019/20,2019-11-17,BKC Ground,1,3.3,Madhya Pradesh,Haryana,NV Ojha,RM Patidar,AH Hooda,0,0,,,,,,,,,
1205837,2019/20,2019-11-17,BKC Ground,1,3.4,Madhya Pradesh,Haryana,NV Ojha,RM Patidar,AH Hooda,4,0,,,,,,,,,
1205837,2019/20,2019-11-17,BKC Ground,1,3.5,Madhya Pradesh,Haryana,NV Ojha,RM Patidar,AH Hooda,1,0,,,,,,,,,
1205837,2019/20,2019-11-17,BKC Ground,1,3.6,Madhya Pradesh,Haryana,RM Patidar,NV Ojha,AH Hooda,0,0,,,,,,,,,
1205837,2019/20,2019-11-17,BKC Ground,1,4.1,Madhya Pradesh,Haryana,NV Ojha,RM Patidar,YS Chahal,0,0,,,,,,,,,
1205837,2019/20,2019-11-17,BKC Ground,1,4.2,Madhya Pradesh,Haryana,NV Ojha,RM Patidar,YS Chahal,1,0,,,,,,,,,
1205837,2019/20,2019-11-17,BKC Ground,1,4.3,Madhya Pradesh,Haryana,RM Patidar,NV Ojha,YS Chahal,4,0,,,,,,,,,
1205837,2019/20,2019-11-17,BKC Ground,1,4.4,Madhya Pradesh,Haryana,RM Patidar,NV Ojha,YS Chahal,1,0,,,,,,,,,
1205837,2019/20,2019-11-17,BKC Ground,1,4.5,Madhya Pradesh,Haryana,NV Ojha,RM Patidar,YS Chahal,1,0,,,,,,,,,
1205837,2019/20,2019-11-17,BKC Ground,1,4.6,Madhya Pradesh,Haryana,RM Patidar,NV Ojha,YS Chahal,2,0,,,,,,,,,
1205837,2019/20,2019-11-17,BKC Ground,1,5.1,Madhya Pradesh,Haryana,NV Ojha,RM Patidar,Sumit Kumar,1,0,,,,,,,,,
1205837,2019/20,2019-11-17,BKC Ground,1,5.2,Madhya Pradesh,Haryana,RM Patidar,NV Ojha,Sumit Kumar,1,0,,,,,,,,,
1205837,2019/20,2019-11-17,BKC Ground,1,5.3,Madhya Pradesh,Haryana,NV Ojha,RM Patidar,Sumit Kumar,0,0,,,,,,,,,
1205837,2019/20,2019-11-17,BKC Ground,1,5.4,Madhya Pradesh,Haryana,NV Ojha,RM Patidar,Sumit Kumar,1,0,,,,,,,,,
1205837,2019/20,2019-11-17,BKC Ground,1,5.5,Madhya Pradesh,Haryana,RM Patidar,NV Ojha,Sumit Kumar,1,0,,,,,,,,,
1205837,2019/20,2019-11-17,BKC Ground,1,5.6,Madhya Pradesh,Haryana,NV Ojha,RM Patidar,Sumit Kumar,1,0,,,,,,,,,
1205837,2019/20,2019-11-17,BKC Ground,1,6.1,Madhya Pradesh,Haryana,NV Ojha,RM Patidar,YS Chahal,0,0,,,,,,,,,
1205837,2019/20,2019-11-17,BKC Ground,1,6.2,Madhya Pradesh,Haryana,NV Ojha,RM Patidar,YS Chahal,1,0,,,,,,,,,
1205837,2019/20,2019-11-17,BKC Ground,1,6.3,Madhya Pradesh,Haryana,RM Patidar,NV Ojha,YS Chahal,1,0,,,,,,,,,
1205837,2019/20,2019-11-17,BKC Ground,1,6.4,Madhya Pradesh,Haryana,NV Ojha,RM Patidar,YS Chahal,1,0,,,,,,,,,
1205837,2019/20,2019-11-17,BKC Ground,1,6.5,Madhya Pradesh,Haryana,RM Patidar,NV Ojha,YS Chahal,1,0,,,,,,,,,
1205837,2019/20,2019-11-17,BKC Ground,1,6.6,Madhya Pradesh,Haryana,NV Ojha,RM Patidar,YS Chahal,1,0,,,,,,,,,
1205837,2019/20,2019-11-17,BKC Ground,1,7.1,Madhya Pradesh,Haryana,NV Ojha,RM Patidar,Sumit Kumar,1,0,,,,,,,,,
1205837,2019/20,2019-11-17,BKC Ground,1,7.2,Madhya Pradesh,Haryana,RM Patidar,NV Ojha,Sumit Kumar,1,0,,,,,,,,,
1205837,2019/20,2019-11-17,BKC Ground,1,7.3,Madhya Pradesh,Haryana,NV Ojha,RM Patidar,Sumit Kumar,0,0,,,,,,caught,NV Ojha,,
1205837,2019/20,2019-11-17,BKC Ground,1,7.4,Madhya Pradesh,Haryana,RM Patidar,VR Iyer,Sumit Kumar,1,0,,,,,,,,,
1205837,2019/20,2019-11-17,BKC Ground,1,7.5,Madhya Pradesh,Haryana,VR Iyer,RM Patidar,Sumit Kumar,1,0,,,,,,,,,
1205837,2019/20,2019-11-17,BKC Ground,1,7.6,Madhya Pradesh,Haryana,RM Patidar,VR Iyer,Sumit Kumar,1,0,,,,,,,,,
1205837,2019/20,2019-11-17,BKC Ground,1,8.1,Madhya Pradesh,Haryana,RM Patidar,VR Iyer,J Yadav,0,0,,,,,,,,,
1205837,2019/20,2019-11-17,BKC Ground,1,8.2,Madhya Pradesh,Haryana,RM Patidar,VR Iyer,J Yadav,0,0,,,,,,,,,
1205837,2019/20,2019-11-17,BKC Ground,1,8.3,Madhya Pradesh,Haryana,RM Patidar,VR Iyer,J Yadav,1,0,,,,,,,,,
1205837,2019/20,2019-11-17,BKC Ground,1,8.4,Madhya Pradesh,Haryana,VR Iyer,RM Patidar,J Yadav,1,0,,,,,,,,,
1205837,2019/20,2019-11-17,BKC Ground,1,8.5,Madhya Pradesh,Haryana,RM Patidar,VR Iyer,J Yadav,1,0,,,,,,,,,
1205837,2019/20,2019-11-17,BKC Ground,1,8.6,Madhya Pradesh,Haryana,VR Iyer,RM Patidar,J Yadav,1,0,,,,,,,,,
1205837,2019/20,2019-11-17,BKC Ground,1,9.1,Madhya Pradesh,Haryana,VR Iyer,RM Patidar,Sumit Kumar,0,0,,,,,,,,,
1205837,2019/20,2019-11-17,BKC Ground,1,9.2,Madhya Pradesh,Haryana,VR Iyer,RM Patidar,Sumit Kumar,1,0,,,,,,,,,
1205837,2019/20,2019-11-17,BKC Ground,1,9.3,Madhya Pradesh,Haryana,RM Patidar,VR Iyer,Sumit Kumar,1,0,,,,,,,,,
1205837,2019/20,2019-11-17,BKC Ground,1,9.4,Madhya Pradesh,Haryana,VR Iyer,RM Patidar,Sumit Kumar,1,0,,,,,,,,,
1205837,2019/20,2019-11-17,BKC Ground,1,9.5,Madhya Pradesh,Haryana,RM Patidar,VR Iyer,Sumit Kumar,1,0,,,,,,,,,
1205837,2019/20,2019-11-17,BKC Ground,1,9.6,Madhya Pradesh,Haryana,VR Iyer,RM Patidar,Sumit Kumar,1,0,,,,,,,,,
1205837,2019/20,2019-11-17,BKC Ground,1,10.1,Madhya Pradesh,Haryana,VR Iyer,RM Patidar,J Yadav,1,0,,,,,,,,,
1205837,2019/20,2019-11-17,BKC Ground,1,10.2,Madhya Pradesh,Haryana,RM Patidar,VR Iyer,J Yadav,0,1,1,,,,,,,,
1205837,2019/20,2019-11-17,BKC Ground,1,10.3,Madhya Pradesh,Haryana,RM Patidar,VR Iyer,J Yadav,1,0,,,,,,,,,
1205837,2019/20,2019-11-17,BKC Ground,1,10.4,Madhya Pradesh,Haryana,VR Iyer,RM Patidar,J Yadav,1,0,,,,,,,,,
1205837,2019/20,2019-11-17,BKC Ground,1,10.5,Madhya Pradesh,Haryana,RM Patidar,VR Iyer,J Yadav,1,0,,,,,,,,,
1205837,2019/20,2019-11-17,BKC Ground,1,10.6,Madhya Pradesh,Haryana,VR Iyer,RM Patidar,J Yadav,1,0,,,,,,,,,
1205837,2019/20,2019-11-17,BKC Ground,1,10.7,Madhya Pradesh,Haryana,RM Patidar,VR Iyer,J Yadav,2,0,,,,,,,,,
1205837,2019/20,2019-11-17,BKC Ground,1,11.1,Madhya Pradesh,Haryana,VR Iyer,RM Patidar,Sumit Kumar,1,0,,,,,,,,,
1205837,2019/20,2019-11-17,BKC Ground,1,11.2,Madhya Pradesh,Haryana,RM Patidar,VR Iyer,Sumit Kumar,1,0,,,,,,,,,
1205837,2019/20,2019-11-17,BKC Ground,1,11.3,Madhya Pradesh,Haryana,VR Iyer,RM Patidar,Sumit Kumar,1,0,,,,,,,,,
1205837,2019/20,2019-11-17,BKC Ground,1,11.4,Madhya Pradesh,Haryana,RM Patidar,VR Iyer,Sumit Kumar,6,0,,,,,,,,,
1205837,2019/20,2019-11-17,BKC Ground,1,11.5,Madhya Pradesh,Haryana,RM Patidar,VR Iyer,Sumit Kumar,1,0,,,,,,,,,
1205837,2019/20,2019-11-17,BKC Ground,1,11.6,Madhya Pradesh,Haryana,VR Iyer,RM Patidar,Sumit Kumar,1,0,,,,,,,,,
1205837,2019/20,2019-11-17,BKC Ground,1,12.1,Madhya Pradesh,Haryana,VR Iyer,RM Patidar,A Mishra,1,0,,,,,,,,,
1205837,2019/20,2019-11-17,BKC Ground,1,12.2,Madhya Pradesh,Haryana,RM Patidar,VR Iyer,A Mishra,4,0,,,,,,,,,
1205837,2019/20,2019-11-17,BKC Ground,1,12.3,Madhya Pradesh,Haryana,RM Patidar,VR Iyer,A Mishra,1,0,,,,,,,,,
1205837,2019/20,2019-11-17,BKC Ground,1,12.4,Madhya Pradesh,Haryana,VR Iyer,RM Patidar,A Mishra,0,0,,,,,,,,,
1205837,2019/20,2019-11-17,BKC Ground,1,12.5,Madhya Pradesh,Haryana,VR Iyer,RM Patidar,A Mishra,1,0,,,,,,,,,
1205837,2019/20,2019-11-17,BKC Ground,1,12.6,Madhya Pradesh,Haryana,RM Patidar,VR Iyer,A Mishra,6,0,,,,,,,,,
1205837,2019/20,2019-11-17,BKC Ground,1,13.1,Madhya Pradesh,Haryana,VR Iyer,RM Patidar,J Yadav,0,0,,,,,,,,,
1205837,2019/20,2019-11-17,BKC Ground,1,13.2,Madhya Pradesh,Haryana,VR Iyer,RM Patidar,J Yadav,1,0,,,,,,,,,
1205837,2019/20,2019-11-17,BKC Ground,1,13.3,Madhya Pradesh,Haryana,RM Patidar,VR Iyer,J Yadav,1,0,,,,,,,,,
1205837,2019/20,2019-11-17,BKC Ground,1,13.4,Madhya Pradesh,Haryana,VR Iyer,RM Patidar,J Yadav,1,0,,,,,,,,,
1205837,2019/20,2019-11-17,BKC Ground,1,13.5,Madhya Pradesh,Haryana,RM Patidar,VR Iyer,J Yadav,1,0,,,,,,,,,
1205837,2019/20,2019-11-17,BKC Ground,1,13.6,Madhya Pradesh,Haryana,VR Iyer,RM Patidar,J Yadav,1,0,,,,,,,,,
1205837,2019/20,2019-11-17,BKC Ground,1,14.1,Madhya Pradesh,Haryana,VR Iyer,RM Patidar,A Mishra,3,0,,,,,,,,,
1205837,2019/20,2019-11-17,BKC Ground,1,14.2,Madhya Pradesh,Haryana,RM Patidar,VR Iyer,A Mishra,1,0,,,,,,,,,
1205837,2019/20,2019-11-17,BKC Ground,1,14.3,Madhya Pradesh,Haryana,VR Iyer,RM Patidar,A Mishra,1,0,,,,,,,,,
1205837,2019/20,2019-11-17,BKC Ground,1,14.4,Madhya Pradesh,Haryana,RM Patidar,VR Iyer,A Mishra,0,0,,,,,,,,,
1205837,2019/20,2019-11-17,BKC Ground,1,14.5,Madhya Pradesh,Haryana,RM Patidar,VR Iyer,A Mishra,1,0,,,,,,,,,
1205837,2019/20,2019-11-17,BKC Ground,1,14.6,Madhya Pradesh,Haryana,VR Iyer,RM Patidar,A Mishra,0,0,,,,,,,,,
1205837,2019/20,2019-11-17,BKC Ground,1,15.1,Madhya Pradesh,Haryana,RM Patidar,VR Iyer,AH Hooda,6,0,,,,,,,,,
1205837,2019/20,2019-11-17,BKC Ground,1,15.2,Madhya Pradesh,Haryana,RM Patidar,VR Iyer,AH Hooda,2,0,,,,,,,,,
1205837,2019/20,2019-11-17,BKC Ground,1,15.3,Madhya Pradesh,Haryana,RM Patidar,VR Iyer,AH Hooda,0,0,,,,,,,,,
1205837,2019/20,2019-11-17,BKC Ground,1,15.4,Madhya Pradesh,Haryana,RM Patidar,VR Iyer,AH Hooda,6,0,,,,,,,,,
1205837,2019/20,2019-11-17,BKC Ground,1,15.5,Madhya Pradesh,Haryana,RM Patidar,VR Iyer,AH Hooda,6,0,,,,,,,,,
1205837,2019/20,2019-11-17,BKC Ground,1,15.6,Madhya Pradesh,Haryana,RM Patidar,VR Iyer,AH Hooda,0,1,1,,,,,,,,
1205837,2019/20,2019-11-17,BKC Ground,1,15.7,Madhya Pradesh,Haryana,RM Patidar,VR Iyer,AH Hooda,0,0,,,,,,caught,RM Patidar,,
1205837,2019/20,2019-11-17,BKC Ground,1,16.1,Madhya Pradesh,Haryana,Parth Sahani,VR Iyer,J Yadav,0,0,,,,,,,,,
1205837,2019/20,2019-11-17,BKC Ground,1,16.2,Madhya Pradesh,Haryana,Parth Sahani,VR Iyer,J Yadav,1,0,,,,,,,,,
1205837,2019/20,2019-11-17,BKC Ground,1,16.3,Madhya Pradesh,Haryana,VR Iyer,Parth Sahani,J Yadav,1,0,,,,,,,,,
1205837,2019/20,2019-11-17,BKC Ground,1,16.4,Madhya Pradesh,Haryana,Parth Sahani,VR Iyer,J Yadav,1,0,,,,,,,,,
1205837,2019/20,2019-11-17,BKC Ground,1,16.5,Madhya Pradesh,Haryana,VR Iyer,Parth Sahani,J Yadav,4,0,,,,,,,,,
1205837,2019/20,2019-11-17,BKC Ground,1,16.6,Madhya Pradesh,Haryana,VR Iyer,Parth Sahani,J Yadav,1,0,,,,,,,,,
1205837,2019/20,2019-11-17,BKC Ground,1,17.1,Madhya Pradesh,Haryana,VR Iyer,Parth Sahani,HV Patel,1,0,,,,,,,,,
1205837,2019/20,2019-11-17,BKC Ground,1,17.2,Madhya Pradesh,Haryana,Parth Sahani,VR Iyer,HV Patel,1,0,,,,,,,,,
1205837,2019/20,2019-11-17,BKC Ground,1,17.3,Madhya Pradesh,Haryana,VR Iyer,Parth Sahani,HV Patel,0,0,,,,,,,,,
1205837,2019/20,2019-11-17,BKC Ground,1,17.4,Madhya Pradesh,Haryana,VR Iyer,Parth Sahani,HV Patel,6,0,,,,,,,,,
1205837,2019/20,2019-11-17,BKC Ground,1,17.5,Madhya Pradesh,Haryana,VR Iyer,Parth Sahani,HV Patel,0,0,,,,,,caught,VR Iyer,,
1205837,2019/20,2019-11-17,BKC Ground,1,17.6,Madhya Pradesh,Haryana,Parth Sahani,Rishabh Chouhan,HV Patel,0,0,,,,,,bowled,Parth Sahani,,
1205837,2019/20,2019-11-17,BKC Ground,1,18.1,Madhya Pradesh,Haryana,Rishabh Chouhan,Ankit Sharma,AH Hooda,1,0,,,,,,,,,
1205837,2019/20,2019-11-17,BKC Ground,1,18.2,Madhya Pradesh,Haryana,Ankit Sharma,Rishabh Chouhan,AH Hooda,1,0,,,,,,,,,
1205837,2019/20,2019-11-17,BKC Ground,1,18.3,Madhya Pradesh,Haryana,Rishabh Chouhan,Ankit Sharma,AH Hooda,0,0,,,,,,,,,
1205837,2019/20,2019-11-17,BKC Ground,1,18.4,Madhya Pradesh,Haryana,Rishabh Chouhan,Ankit Sharma,AH Hooda,2,0,,,,,,,,,
1205837,2019/20,2019-11-17,BKC Ground,1,18.5,Madhya Pradesh,Haryana,Rishabh Chouhan,Ankit Sharma,AH Hooda,1,0,,,,,,,,,
1205837,2019/20,2019-11-17,BKC Ground,1,18.6,Madhya Pradesh,Haryana,Ankit Sharma,Rishabh Chouhan,AH Hooda,0,0,,,,,,caught,Ankit Sharma,,
1205837,2019/20,2019-11-17,BKC Ground,1,19.1,Madhya Pradesh,Haryana,Rishabh Chouhan,IC Pandey,HV Patel,1,0,,,,,,,,,
1205837,2019/20,2019-11-17,BKC Ground,1,19.2,Madhya Pradesh,Haryana,IC Pandey,Rishabh Chouhan,HV Patel,0,1,,,,1,,,,,
1205837,2019/20,2019-11-17,BKC Ground,1,19.3,Madhya Pradesh,Haryana,Rishabh Chouhan,IC Pandey,HV Patel,6,0,,,,,,,,,
1205837,2019/20,2019-11-17,BKC Ground,1,19.4,Madhya Pradesh,Haryana,Rishabh Chouhan,IC Pandey,HV Patel,6,0,,,,,,,,,
1205837,2019/20,2019-11-17,BKC Ground,1,19.5,Madhya Pradesh,Haryana,Rishabh Chouhan,IC Pandey,HV Patel,1,0,,,,,,,,,
1205837,2019/20,2019-11-17,BKC Ground,1,19.6,Madhya Pradesh,Haryana,IC Pandey,Rishabh Chouhan,HV Patel,0,1,,,1,,,,,,
1205837,2019/20,2019-11-17,BKC Ground,2,0.1,Haryana,Madhya Pradesh,Chaitanya Bishnoi,HV Patel,Gaurav Yadav,0,0,,,,,,,,,
1205837,2019/20,2019-11-17,BKC Ground,2,0.2,Haryana,Madhya Pradesh,Chaitanya Bishnoi,HV Patel,Gaurav Yadav,1,0,,,,,,,,,
1205837,2019/20,2019-11-17,BKC Ground,2,0.3,Haryana,Madhya Pradesh,HV Patel,Chaitanya Bishnoi,Gaurav Yadav,0,0,,,,,,bowled,HV Patel,,
1205837,2019/20,2019-11-17,BKC Ground,2,0.4,Haryana,Madhya Pradesh,Shivam Chauhan,Chaitanya Bishnoi,Gaurav Yadav,4,0,,,,,,,,,
1205837,2019/20,2019-11-17,BKC Ground,2,0.5,Haryana,Madhya Pradesh,Shivam Chauhan,Chaitanya Bishnoi,Gaurav Yadav,4,0,,,,,,,,,
1205837,2019/20,2019-11-17,BKC Ground,2,0.6,Haryana,Madhya Pradesh,Shivam Chauhan,Chaitanya Bishnoi,Gaurav Yadav,4,0,,,,,,,,,
1205837,2019/20,2019-11-17,BKC Ground,2,1.1,Haryana,Madhya Pradesh,Chaitanya Bishnoi,Shivam Chauhan,IC Pandey,0,1,,,,1,,,,,
1205837,2019/20,2019-11-17,BKC Ground,2,1.2,Haryana,Madhya Pradesh,Shivam Chauhan,Chaitanya Bishnoi,IC Pandey,1,0,,,,,,,,,
1205837,2019/20,2019-11-17,BKC Ground,2,1.3,Haryana,Madhya Pradesh,Chaitanya Bishnoi,Shivam Chauhan,IC Pandey,0,0,,,,,,,,,
1205837,2019/20,2019-11-17,BKC Ground,2,1.4,Haryana,Madhya Pradesh,Chaitanya Bishnoi,Shivam Chauhan,IC Pandey,0,0,,,,,,,,,
1205837,2019/20,2019-11-17,BKC Ground,2,1.5,Haryana,Madhya Pradesh,Chaitanya Bishnoi,Shivam Chauhan,IC Pandey,0,1,,,,1,,,,,
1205837,2019/20,2019-11-17,BKC Ground,2,1.6,Haryana,Madhya Pradesh,Shivam Chauhan,Chaitanya Bishnoi,IC Pandey,0,1,1,,,,,,,,
1205837,2019/20,2019-11-17,BKC Ground,2,1.7,Haryana,Madhya Pradesh,Shivam Chauhan,Chaitanya Bishnoi,IC Pandey,4,0,,,,,,,,,
1205837,2019/20,2019-11-17,BKC Ground,2,2.1,Haryana,Madhya Pradesh,Chaitanya Bishnoi,Shivam Chauhan,Avesh Khan,0,0,,,,,,,,,
1205837,2019/20,2019-11-17,BKC Ground,2,2.2,Haryana,Madhya Pradesh,Chaitanya Bishnoi,Shivam Chauhan,Avesh Khan,6,0,,,,,,,,,
1205837,2019/20,2019-11-17,BKC Ground,2,2.3,Haryana,Madhya Pradesh,Chaitanya Bishnoi,Shivam Chauhan,Avesh Khan,1,0,,,,,,,,,
1205837,2019/20,2019-11-17,BKC Ground,2,2.4,Haryana,Madhya Pradesh,Shivam Chauhan,Chaitanya Bishnoi,Avesh Khan,1,0,,,,,,,,,
1205837,2019/20,2019-11-17,BKC Ground,2,2.5,Haryana,Madhya Pradesh,Chaitanya Bishnoi,Shivam Chauhan,Avesh Khan,0,0,,,,,,,,,
1205837,2019/20,2019-11-17,BKC Ground,2,2.6,Haryana,Madhya Pradesh,Chaitanya Bishnoi,Shivam Chauhan,Avesh Khan,0,0,,,,,,,,,
1205837,2019/20,2019-11-17,BKC Ground,2,3.1,Haryana,Madhya Pradesh,Shivam Chauhan,Chaitanya Bishnoi,Gaurav Yadav,0,0,,,,,,,,,
1205837,2019/20,2019-11-17,BKC Ground,2,3.2,Haryana,Madhya Pradesh,Shivam Chauhan,Chaitanya Bishnoi,Gaurav Yadav,1,0,,,,,,,,,
1205837,2019/20,2019-11-17,BKC Ground,2,3.3,Haryana,Madhya Pradesh,Chaitanya Bishnoi,Shivam Chauhan,Gaurav Yadav,0,0,,,,,,,,,
1205837,2019/20,2019-11-17,BKC Ground,2,3.4,Haryana,Madhya Pradesh,Chaitanya Bishnoi,Shivam Chauhan,Gaurav Yadav,0,0,,,,,,caught,Chaitanya Bishnoi,,
1205837,2019/20,2019-11-17,BKC Ground,2,3.5,Haryana,Madhya Pradesh,Himanshu Rana,Shivam Chauhan,Gaurav Yadav,4,0,,,,,,,,,
1205837,2019/20,2019-11-17,BKC Ground,2,3.6,Haryana,Madhya Pradesh,Himanshu Rana,Shivam Chauhan,Gaurav Yadav,0,0,,,,,,,,,
1205837,2019/20,2019-11-17,BKC Ground,2,4.1,Haryana,Madhya Pradesh,Shivam Chauhan,Himanshu Rana,Ankit Sharma,1,0,,,,,,,,,
1205837,2019/20,2019-11-17,BKC Ground,2,4.2,Haryana,Madhya Pradesh,Himanshu Rana,Shivam Chauhan,Ankit Sharma,0,0,,,,,,,,,
1205837,2019/20,2019-11-17,BKC Ground,2,4.3,Haryana,Madhya Pradesh,Himanshu Rana,Shivam Chauhan,Ankit Sharma,1,0,,,,,,,,,
1205837,2019/20,2019-11-17,BKC Ground,2,4.4,Haryana,Madhya Pradesh,Shivam Chauhan,Himanshu Rana,Ankit Sharma,4,0,,,,,,,,,
1205837,2019/20,2019-11-17,BKC Ground,2,4.5,Haryana,Madhya Pradesh,Shivam Chauhan,Himanshu Rana,Ankit Sharma,4,0,,,,,,,,,
1205837,2019/20,2019-11-17,BKC Ground,2,4.6,Haryana,Madhya Pradesh,Shivam Chauhan,Himanshu Rana,Ankit Sharma,0,0,,,,,,,,,
1205837,2019/20,2019-11-17,BKC Ground,2,5.1,Haryana,Madhya Pradesh,Himanshu Rana,Shivam Chauhan,Avesh Khan,0,0,,,,,,,,,
1205837,2019/20,2019-11-17,BKC Ground,2,5.2,Haryana,Madhya Pradesh,Himanshu Rana,Shivam Chauhan,Avesh Khan,1,0,,,,,,,,,
1205837,2019/20,2019-11-17,BKC Ground,2,5.3,Haryana,Madhya Pradesh,Shivam Chauhan,Himanshu Rana,Avesh Khan,0,0,,,,,,,,,
1205837,2019/20,2019-11-17,BKC Ground,2,5.4,Haryana,Madhya Pradesh,Shivam Chauhan,Himanshu Rana,Avesh Khan,0,0,,,,,,,,,
1205837,2019/20,2019-11-17,BKC Ground,2,5.5,Haryana,Madhya Pradesh,Shivam Chauhan,Himanshu Rana,Avesh Khan,2,0,,,,,,,,,
1205837,2019/20,2019-11-17,BKC Ground,2,5.6,Haryana,Madhya Pradesh,Shivam Chauhan,Himanshu Rana,Avesh Khan,4,0,,,,,,,,,
1205837,2019/20,2019-11-17,BKC Ground,2,6.1,Haryana,Madhya Pradesh,Himanshu Rana,Shivam Chauhan,IC Pandey,4,0,,,,,,,,,
1205837,2019/20,2019-11-17,BKC Ground,2,6.2,Haryana,Madhya Pradesh,Himanshu Rana,Shivam Chauhan,IC Pandey,0,0,,,,,,,,,
1205837,2019/20,2019-11-17,BKC Ground,2,6.3,Haryana,Madhya Pradesh,Himanshu Rana,Shivam Chauhan,IC Pandey,0,0,,,,,,,,,
1205837,2019/20,2019-11-17,BKC Ground,2,6.4,Haryana,Madhya Pradesh,Himanshu Rana,Shivam Chauhan,IC Pandey,0,0,,,,,,,,,
1205837,2019/20,2019-11-17,BKC Ground,2,6.5,Haryana,Madhya Pradesh,Himanshu Rana,Shivam Chauhan,IC Pandey,1,0,,,,,,,,,
1205837,2019/20,2019-11-17,BKC Ground,2,6.6,Haryana,Madhya Pradesh,Shivam Chauhan,Himanshu Rana,IC Pandey,0,0,,,,,,,,,
1205837,2019/20,2019-11-17,BKC Ground,2,7.1,Haryana,Madhya Pradesh,Himanshu Rana,Shivam Chauhan,Ankit Sharma,0,0,,,,,,,,,
1205837,2019/20,2019-11-17,BKC Ground,2,7.2,Haryana,Madhya Pradesh,Himanshu Rana,Shivam Chauhan,Ankit Sharma,0,0,,,,,,,,,
1205837,2019/20,2019-11-17,BKC Ground,2,7.3,Haryana,Madhya Pradesh,Himanshu Rana,Shivam Chauhan,Ankit Sharma,1,0,,,,,,,,,
1205837,2019/20,2019-11-17,BKC Ground,2,7.4,Haryana,Madhya Pradesh,Shivam Chauhan,Himanshu Rana,Ankit Sharma,4,0,,,,,,,,,
1205837,2019/20,2019-11-17,BKC Ground,2,7.5,Haryana,Madhya Pradesh,Shivam Chauhan,Himanshu Rana,Ankit Sharma,2,0,,,,,,,,,
1205837,2019/20,2019-11-17,BKC Ground,2,7.6,Haryana,Madhya Pradesh,Shivam Chauhan,Himanshu Rana,Ankit Sharma,1,0,,,,,,,,,
1205837,2019/20,2019-11-17,BKC Ground,2,8.1,Haryana,Madhya Pradesh,Shivam Chauhan,Himanshu Rana,IC Pandey,0,0,,,,,,,,,
1205837,2019/20,2019-11-17,BKC Ground,2,8.2,Haryana,Madhya Pradesh,Shivam Chauhan,Himanshu Rana,IC Pandey,0,0,,,,,,caught,Shivam Chauhan,,
1205837,2019/20,2019-11-17,BKC Ground,2,8.3,Haryana,Madhya Pradesh,RP Sharma,Himanshu Rana,IC Pandey,1,0,,,,,,,,,
1205837,2019/20,2019-11-17,BKC Ground,2,8.4,Haryana,Madhya Pradesh,Himanshu Rana,RP Sharma,IC Pandey,4,0,,,,,,,,,
1205837,2019/20,2019-11-17,BKC Ground,2,8.5,Haryana,Madhya Pradesh,Himanshu Rana,RP Sharma,IC Pandey,1,0,,,,,,,,,
1205837,2019/20,2019-11-17,BKC Ground,2,8.6,Haryana,Madhya Pradesh,RP Sharma,Himanshu Rana,IC Pandey,4,0,,,,,,,,,
1205837,2019/20,2019-11-17,BKC Ground,2,9.1,Haryana,Madhya Pradesh,Himanshu Rana,RP Sharma,Ankit Sharma,1,0,,,,,,,,,
1205837,2019/20,2019-11-17,BKC Ground,2,9.2,Haryana,Madhya Pradesh,RP Sharma,Himanshu Rana,Ankit Sharma,1,0,,,,,,,,,
1205837,2019/20,2019-11-17,BKC Ground,2,9.3,Haryana,Madhya Pradesh,Himanshu Rana,RP Sharma,Ankit Sharma,1,0,,,,,,,,,
1205837,2019/20,2019-11-17,BKC Ground,2,9.4,Haryana,Madhya Pradesh,RP Sharma,Himanshu Rana,Ankit Sharma,1,0,,,,,,,,,
1205837,2019/20,2019-11-17,BKC Ground,2,9.5,Haryana,Madhya Pradesh,Himanshu Rana,RP Sharma,Ankit Sharma,1,0,,,,,,,,,
1205837,2019/20,2019-11-17,BKC Ground,2,9.6,Haryana,Madhya Pradesh,RP Sharma,Himanshu Rana,Ankit Sharma,0,0,,,,,,,,,
1205837,2019/20,2019-11-17,BKC Ground,2,10.1,Haryana,Madhya Pradesh,Himanshu Rana,RP Sharma,Parth Sahani,4,0,,,,,,,,,
1205837,2019/20,2019-11-17,BKC Ground,2,10.2,Haryana,Madhya Pradesh,Himanshu Rana,RP Sharma,Parth Sahani,1,0,,,,,,,,,
1205837,2019/20,2019-11-17,BKC Ground,2,10.3,Haryana,Madhya Pradesh,RP Sharma,Himanshu Rana,Parth Sahani,0,0,,,,,,,,,
1205837,2019/20,2019-11-17,BKC Ground,2,10.4,Haryana,Madhya Pradesh,RP Sharma,Himanshu Rana,Parth Sahani,0,1,,,,1,,,,,
1205837,2019/20,2019-11-17,BKC Ground,2,10.5,Haryana,Madhya Pradesh,Himanshu Rana,RP Sharma,Parth Sahani,0,0,,,,,,,,,
1205837,2019/20,2019-11-17,BKC Ground,2,10.6,Haryana,Madhya Pradesh,Himanshu Rana,RP Sharma,Parth Sahani,0,0,,,,,,caught,Himanshu Rana,,
1205837,2019/20,2019-11-17,BKC Ground,2,11.1,Haryana,Madhya Pradesh,RP Sharma,R Tewatia,Saransh Jain,1,0,,,,,,,,,
1205837,2019/20,2019-11-17,BKC Ground,2,11.2,Haryana,Madhya Pradesh,R Tewatia,RP Sharma,Saransh Jain,1,0,,,,,,,,,
1205837,2019/20,2019-11-17,BKC Ground,2,11.3,Haryana,Madhya Pradesh,RP Sharma,R Tewatia,Saransh Jain,4,0,,,,,,,,,
1205837,2019/20,2019-11-17,BKC Ground,2,11.4,Haryana,Madhya Pradesh,RP Sharma,R Tewatia,Saransh Jain,1,0,,,,,,,,,
1205837,2019/20,2019-11-17,BKC Ground,2,11.5,Haryana,Madhya Pradesh,R Tewatia,RP Sharma,Saransh Jain,1,0,,,,,,,,,
1205837,2019/20,2019-11-17,BKC Ground,2,11.6,Haryana,Madhya Pradesh,RP Sharma,R Tewatia,Saransh Jain,2,0,,,,,,,,,
1205837,2019/20,2019-11-17,BKC Ground,2,12.1,Haryana,Madhya Pradesh,R Tewatia,RP Sharma,Parth Sahani,0,0,,,,,,caught,R Tewatia,,
1205837,2019/20,2019-11-17,BKC Ground,2,12.2,Haryana,Madhya Pradesh,Sumit Kumar,RP Sharma,Parth Sahani,0,0,,,,,,,,,
1205837,2019/20,2019-11-17,BKC Ground,2,12.3,Haryana,Madhya Pradesh,Sumit Kumar,RP Sharma,Parth Sahani,4,0,,,,,,,,,
1205837,2019/20,2019-11-17,BKC Ground,2,12.4,Haryana,Madhya Pradesh,Sumit Kumar,RP Sharma,Parth Sahani,0,0,,,,,,,,,
1205837,2019/20,2019-11-17,BKC Ground,2,12.5,Haryana,Madhya Pradesh,Sumit Kumar,RP Sharma,Parth Sahani,0,0,,,,,,,,,
1205837,2019/20,2019-11-17,BKC Ground,2,12.6,Haryana,Madhya Pradesh,Sumit Kumar,RP Sharma,Parth Sahani,0,0,,,,,,,,,
1205837,2019/20,2019-11-17,BKC Ground,2,13.1,Haryana,Madhya Pradesh,RP Sharma,Sumit Kumar,Ankit Sharma,1,0,,,,,,,,,
1205837,2019/20,2019-11-17,BKC Ground,2,13.2,Haryana,Madhya Pradesh,Sumit Kumar,RP Sharma,Ankit Sharma,0,0,,,,,,,,,
1205837,2019/20,2019-11-17,BKC Ground,2,13.3,Haryana,Madhya Pradesh,Sumit Kumar,RP Sharma,Ankit Sharma,1,0,,,,,,,,,
1205837,2019/20,2019-11-17,BKC Ground,2,13.4,Haryana,Madhya Pradesh,RP Sharma,Sumit Kumar,Ankit Sharma,1,0,,,,,,,,,
1205837,2019/20,2019-11-17,BKC Ground,2,13.5,Haryana,Madhya Pradesh,Sumit Kumar,RP Sharma,Ankit Sharma,0,0,,,,,,,,,
1205837,2019/20,2019-11-17,BKC Ground,2,13.6,Haryana,Madhya Pradesh,Sumit Kumar,RP Sharma,Ankit Sharma,1,0,,,,,,,,,
1205837,2019/20,2019-11-17,BKC Ground,2,14.1,Haryana,Madhya Pradesh,Sumit Kumar,RP Sharma,Parth Sahani,0,0,,,,,,,,,
1205837,2019/20,2019-11-17,BKC Ground,2,14.2,Haryana,Madhya Pradesh,Sumit Kumar,RP Sharma,Parth Sahani,0,0,,,,,,,,,
1205837,2019/20,2019-11-17,BKC Ground,2,14.3,Haryana,Madhya Pradesh,Sumit Kumar,RP Sharma,Parth Sahani,1,0,,,,,,,,,
1205837,2019/20,2019-11-17,BKC Ground,2,14.4,Haryana,Madhya Pradesh,RP Sharma,Sumit Kumar,Parth Sahani,1,0,,,,,,,,,
1205837,2019/20,2019-11-17,BKC Ground,2,14.5,Haryana,Madhya Pradesh,Sumit Kumar,RP Sharma,Parth Sahani,0,0,,,,,,,,,
1205837,2019/20,2019-11-17,BKC Ground,2,14.6,Haryana,Madhya Pradesh,Sumit Kumar,RP Sharma,Parth Sahani,6,0,,,,,,,,,
1205837,2019/20,2019-11-17,BKC Ground,2,15.1,Haryana,Madhya Pradesh,RP Sharma,Sumit Kumar,Avesh Khan,4,0,,,,,,,,,
1205837,2019/20,2019-11-17,BKC Ground,2,15.2,Haryana,Madhya Pradesh,RP Sharma,Sumit Kumar,Avesh Khan,1,0,,,,,,,,,
1205837,2019/20,2019-11-17,BKC Ground,2,15.3,Haryana,Madhya Pradesh,Sumit Kumar,RP Sharma,Avesh Khan,0,0,,,,,,,,,
1205837,2019/20,2019-11-17,BKC Ground,2,15.4,Haryana,Madhya Pradesh,Sumit Kumar,RP Sharma,Avesh Khan,1,0,,,,,,,,,
1205837,2019/20,2019-11-17,BKC Ground,2,15.5,Haryana,Madhya Pradesh,RP Sharma,Sumit Kumar,Avesh Khan,6,0,,,,,,,,,
1205837,2019/20,2019-11-17,BKC Ground,2,15.6,Haryana,Madhya Pradesh,RP Sharma,Sumit Kumar,Avesh Khan,1,0,,,,,,,,,
1205837,2019/20,2019-11-17,BKC Ground,2,16.1,Haryana,Madhya Pradesh,RP Sharma,Sumit Kumar,Gaurav Yadav,0,1,1,,,,,,,,
1205837,2019/20,2019-11-17,BKC Ground,2,16.2,Haryana,Madhya Pradesh,RP Sharma,Sumit Kumar,Gaurav Yadav,1,0,,,,,,,,,
1205837,2019/20,2019-11-17,BKC Ground,2,16.3,Haryana,Madhya Pradesh,Sumit Kumar,RP Sharma,Gaurav Yadav,4,0,,,,,,,,,
1205837,2019/20,2019-11-17,BKC Ground,2,16.4,Haryana,Madhya Pradesh,Sumit Kumar,RP Sharma,Gaurav Yadav,0,0,,,,,,,,,
1205837,2019/20,2019-11-17,BKC Ground,2,16.5,Haryana,Madhya Pradesh,Sumit Kumar,RP Sharma,Gaurav Yadav,2,0,,,,,,,,,
1205837,2019/20,2019-11-17,BKC Ground,2,16.6,Haryana,Madhya Pradesh,Sumit Kumar,RP Sharma,Gaurav Yadav,1,0,,,,,,,,,
1205837,2019/20,2019-11-17,BKC Ground,2,16.7,Haryana,Madhya Pradesh,RP Sharma,Sumit Kumar,Gaurav Yadav,4,0,,,,,,,,,
1205837,2019/20,2019-11-17,BKC Ground,2,17.1,Haryana,Madhya Pradesh,Sumit Kumar,RP Sharma,IC Pandey,1,0,,,,,,,,,
1205837,2019/20,2019-11-17,BKC Ground,2,17.2,Haryana,Madhya Pradesh,RP Sharma,Sumit Kumar,IC Pandey,1,0,,,,,,,,,
1205837,2019/20,2019-11-17,BKC Ground,2,17.3,Haryana,Madhya Pradesh,Sumit Kumar,RP Sharma,IC Pandey,1,0,,,,,,,,,
1205837,2019/20,2019-11-17,BKC Ground,2,17.4,Haryana,Madhya Pradesh,RP Sharma,Sumit Kumar,IC Pandey,1,0,,,,,,,,,
1205837,2019/20,2019-11-17,BKC Ground,2,17.5,Haryana,Madhya Pradesh,Sumit Kumar,RP Sharma,IC Pandey,1,0,,,,,,,,,
1205837,2019/20,2019-11-17,BKC Ground,2,17.6,Haryana,Madhya Pradesh,RP Sharma,Sumit Kumar,IC Pandey,0,0,,,,,,caught,RP Sharma,,
1205837,2019/20,2019-11-17,BKC Ground,2,18.1,Haryana,Madhya Pradesh,Sumit Kumar,A Mishra,Avesh Khan,0,0,,,,,,,,,
1205837,2019/20,2019-11-17,BKC Ground,2,18.2,Haryana,Madhya Pradesh,Sumit Kumar,A Mishra,Avesh Khan,6,0,,,,,,,,,
1205837,2019/20,2019-11-17,BKC Ground,2,18.3,Haryana,Madhya Pradesh,Sumit Kumar,A Mishra,Avesh Khan,6,0,,,,,,,,,
1205837,2019/20,2019-11-17,BKC Ground,2,18.4,Haryana,Madhya Pradesh,Sumit Kumar,A Mishra,Avesh Khan,4,0,,,,,,,,,
1205837,2019/20,2019-11-17,BKC Ground,2,18.5,Haryana,Madhya Pradesh,Sumit Kumar,A Mishra,Avesh Khan,4,0,,,,,,,,,
