match_id,season,start_date,venue,innings,ball,batting_team,bowling_team,striker,non_striker,bowler,runs_off_bat,extras,wides,noballs,byes,legbyes,penalty,wicket_type,player_dismissed,other_wicket_type,other_player_dismissed
1205842,2019/20,2019-11-21,Lalbhai Contractor Stadium,1,0.1,Tamil Nadu,Karnataka,Hari Nishaanth,B Aparajith,A Mithun,0,0,,,,,,,,,
1205842,2019/20,2019-11-21,Lalbhai Contractor Stadium,1,0.2,Tamil Nadu,Karnataka,Hari Nishaanth,B Aparajith,A Mithun,0,0,,,,,,,,,
1205842,2019/20,2019-11-21,Lalbhai Contractor Stadium,1,0.3,Tamil Nadu,Karnataka,Hari Nishaanth,B Aparajith,A Mithun,0,0,,,,,,,,,
1205842,2019/20,2019-11-21,Lalbhai Contractor Stadium,1,0.4,Tamil Nadu,Karnataka,Hari Nishaanth,B Aparajith,A Mithun,4,0,,,,,,,,,
1205842,2019/20,2019-11-21,Lalbhai Contractor Stadium,1,0.5,Tamil Nadu,Karnataka,Hari Nishaanth,B Aparajith,A Mithun,0,0,,,,,,,,,
1205842,2019/20,2019-11-21,Lalbhai Contractor Stadium,1,0.6,Tamil Nadu,Karnataka,Hari Nishaanth,B Aparajith,A Mithun,1,0,,,,,,,,,
1205842,2019/20,2019-11-21,Lalbhai Contractor Stadium,1,1.1,Tamil Nadu,Karnataka,Hari Nishaanth,B Aparajith,Vasuki Koushik,0,0,,,,,,,,,
1205842,2019/20,2019-11-21,Lalbhai Contractor Stadium,1,1.2,Tamil Nadu,Karnataka,Hari Nishaanth,B Aparajith,Vasuki Koushik,0,0,,,,,,,,,
1205842,2019/20,2019-11-21,Lalbhai Contractor Stadium,1,1.3,Tamil Nadu,Karnataka,Hari Nishaanth,B Aparajith,Vasuki Koushik,0,0,,,,,,,,,
1205842,2019/20,2019-11-21,Lalbhai Contractor Stadium,1,1.4,Tamil Nadu,Karnataka,Hari Nishaanth,B Aparajith,Vasuki Koushik,1,0,,,,,,,,,
1205842,2019/20,2019-11-21,Lalbhai Contractor Stadium,1,1.5,Tamil Nadu,Karnataka,B Aparajith,Hari Nishaanth,Vasuki Koushik,0,0,,,,,,,,,
1205842,2019/20,2019-11-21,Lalbhai Contractor Stadium,1,1.6,Tamil Nadu,Karnataka,B Aparajith,Hari Nishaanth,Vasuki Koushik,2,0,,,,,,,,,
1205842,2019/20,2019-11-21,Lalbhai Contractor Stadium,1,2.1,Tamil Nadu,Karnataka,Hari Nishaanth,B Aparajith,A Mithun,0,0,,,,,,,,,
1205842,2019/20,2019-11-21,Lalbhai Contractor Stadium,1,2.2,Tamil Nadu,Karnataka,Hari Nishaanth,B Aparajith,A Mithun,0,0,,,,,,,,,
1205842,2019/20,2019-11-21,Lalbhai Contractor Stadium,1,2.3,Tamil Nadu,Karnataka,Hari Nishaanth,B Aparajith,A Mithun,4,0,,,,,,,,,
1205842,2019/20,2019-11-21,Lalbhai Contractor Stadium,1,2.4,Tamil Nadu,Karnataka,Hari Nishaanth,B Aparajith,A Mithun,0,0,,,,,,,,,
1205842,2019/20,2019-11-21,Lalbhai Contractor Stadium,1,2.5,Tamil Nadu,Karnataka,Hari Nishaanth,B Aparajith,A Mithun,1,0,,,,,,,,,
1205842,2019/20,2019-11-21,Lalbhai Contractor Stadium,1,2.6,Tamil Nadu,Karnataka,B Aparajith,Hari Nishaanth,A Mithun,4,0,,,,,,,,,
1205842,2019/20,2019-11-21,Lalbhai Contractor Stadium,1,3.1,Tamil Nadu,Karnataka,Hari Nishaanth,B Aparajith,RG More,0,1,,,,1,,,,,
1205842,2019/20,2019-11-21,Lalbhai Contractor Stadium,1,3.2,Tamil Nadu,Karnataka,B Aparajith,Hari Nishaanth,RG More,0,0,,,,,,,,,
1205842,2019/20,2019-11-21,Lalbhai Contractor Stadium,1,3.3,Tamil Nadu,Karnataka,B Aparajith,Hari Nishaanth,RG More,2,0,,,,,,,,,
1205842,2019/20,2019-11-21,Lalbhai Contractor Stadium,1,3.4,Tamil Nadu,Karnataka,B Aparajith,Hari Nishaanth,RG More,0,0,,,,,,,,,
1205842,2019/20,2019-11-21,Lalbhai Contractor Stadium,1,3.5,Tamil Nadu,Karnataka,B Aparajith,Hari Nishaanth,RG More,1,0,,,,,,,,,
1205842,2019/20,2019-11-21,Lalbhai Contractor Stadium,1,3.6,Tamil Nadu,Karnataka,Hari Nishaanth,B Aparajith,RG More,4,0,,,,,,,,,
1205842,2019/20,2019-11-21,Lalbhai Contractor Stadium,1,4.1,Tamil Nadu,Karnataka,B Aparajith,Hari Nishaanth,Vasuki Koushik,0,0,,,,,,,,,
1205842,2019/20,2019-11-21,Lalbhai Contractor Stadium,1,4.2,Tamil Nadu,Karnataka,B Aparajith,Hari Nishaanth,Vasuki Koushik,0,0,,,,,,,,,
1205842,2019/20,2019-11-21,Lalbhai Contractor Stadium,1,4.3,Tamil Nadu,Karnataka,B Aparajith,Hari Nishaanth,Vasuki Koushik,0,0,,,,,,,,,
1205842,2019/20,2019-11-21,Lalbhai Contractor Stadium,1,4.4,Tamil Nadu,Karnataka,B Aparajith,Hari Nishaanth,Vasuki Koushik,0,0,,,,,,,,,
1205842,2019/20,2019-11-21,Lalbhai Contractor Stadium,1,4.5,Tamil Nadu,Karnataka,B Aparajith,Hari Nishaanth,Vasuki Koushik,0,0,,,,,,,,,
1205842,2019/20,2019-11-21,Lalbhai Contractor Stadium,1,4.6,Tamil Nadu,Karnataka,B Aparajith,Hari Nishaanth,Vasuki Koushik,1,0,,,,,,,,,
1205842,2019/20,2019-11-21,Lalbhai Contractor Stadium,1,5.1,Tamil Nadu,Karnataka,B Aparajith,Hari Nishaanth,RG More,0,0,,,,,,,,,
1205842,2019/20,2019-11-21,Lalbhai Contractor Stadium,1,5.2,Tamil Nadu,Karnataka,B Aparajith,Hari Nishaanth,RG More,0,0,,,,,,caught,B Aparajith,,
1205842,2019/20,2019-11-21,Lalbhai Contractor Stadium,1,5.3,Tamil Nadu,Karnataka,KD Karthik,Hari Nishaanth,RG More,0,0,,,,,,,,,
1205842,2019/20,2019-11-21,Lalbhai Contractor Stadium,1,5.4,Tamil Nadu,Karnataka,KD Karthik,Hari Nishaanth,RG More,0,0,,,,,,run out,Hari Nishaanth,,
1205842,2019/20,2019-11-21,Lalbhai Contractor Stadium,1,5.5,Tamil Nadu,Karnataka,KD Karthik,Washington Sundar,RG More,0,0,,,,,,,,,
1205842,2019/20,2019-11-21,Lalbhai Contractor Stadium,1,5.6,Tamil Nadu,Karnataka,KD Karthik,Washington Sundar,RG More,1,0,,,,,,,,,
1205842,2019/20,2019-11-21,Lalbhai Contractor Stadium,1,6.1,Tamil Nadu,Karnataka,KD Karthik,Washington Sundar,J Suchith,0,0,,,,,,,,,
1205842,2019/20,2019-11-21,Lalbhai Contractor Stadium,1,6.2,Tamil Nadu,Karnataka,KD Karthik,Washington Sundar,J Suchith,1,0,,,,,,,,,
1205842,2019/20,2019-11-21,Lalbhai Contractor Stadium,1,6.3,Tamil Nadu,Karnataka,Washington Sundar,KD Karthik,J Suchith,1,0,,,,,,,,,
1205842,2019/20,2019-11-21,Lalbhai Contractor Stadium,1,6.4,Tamil Nadu,Karnataka,KD Karthik,Washington Sundar,J Suchith,1,0,,,,,,,,,
1205842,2019/20,2019-11-21,Lalbhai Contractor Stadium,1,6.5,Tamil Nadu,Karnataka,Washington Sundar,KD Karthik,J Suchith,0,0,,,,,,,,,
1205842,2019/20,2019-11-21,Lalbhai Contractor Stadium,1,6.6,Tamil Nadu,Karnataka,Washington Sundar,KD Karthik,J Suchith,4,0,,,,,,,,,
1205842,2019/20,2019-11-21,Lalbhai Contractor Stadium,1,7.1,Tamil Nadu,Karnataka,KD Karthik,Washington Sundar,Pavan Deshpande,6,0,,,,,,,,,
1205842,2019/20,2019-11-21,Lalbhai Contractor Stadium,1,7.2,Tamil Nadu,Karnataka,KD Karthik,Washington Sundar,Pavan Deshpande,4,0,,,,,,,,,
1205842,2019/20,2019-11-21,Lalbhai Contractor Stadium,1,7.3,Tamil Nadu,Karnataka,KD Karthik,Washington Sundar,Pavan Deshpande,1,0,,,,,,,,,
1205842,2019/20,2019-11-21,Lalbhai Contractor Stadium,1,7.4,Tamil Nadu,Karnataka,Washington Sundar,KD Karthik,Pavan Deshpande,1,0,,,,,,,,,
1205842,2019/20,2019-11-21,Lalbhai Contractor Stadium,1,7.5,Tamil Nadu,Karnataka,KD Karthik,Washington Sundar,Pavan Deshpande,1,0,,,,,,,,,
1205842,2019/20,2019-11-21,Lalbhai Contractor Stadium,1,7.6,Tamil Nadu,Karnataka,Washington Sundar,KD Karthik,Pavan Deshpande,2,0,,,,,,,,,
1205842,2019/20,2019-11-21,Lalbhai Contractor Stadium,1,8.1,Tamil Nadu,Karnataka,KD Karthik,Washington Sundar,J Suchith,1,0,,,,,,,,,
1205842,2019/20,2019-11-21,Lalbhai Contractor Stadium,1,8.2,Tamil Nadu,Karnataka,Washington Sundar,KD Karthik,J Suchith,0,0,,,,,,,,,
1205842,2019/20,2019-11-21,Lalbhai Contractor Stadium,1,8.3,Tamil Nadu,Karnataka,Washington Sundar,KD Karthik,J Suchith,0,0,,,,,,,,,
1205842,2019/20,2019-11-21,Lalbhai Contractor Stadium,1,8.4,Tamil Nadu,Karnataka,Washington Sundar,KD Karthik,J Suchith,4,0,,,,,,,,,
1205842,2019/20,2019-11-21,Lalbhai Contractor Stadium,1,8.5,Tamil Nadu,Karnataka,Washington Sundar,KD Karthik,J Suchith,1,0,,,,,,,,,
1205842,2019/20,2019-11-21,Lalbhai Contractor Stadium,1,8.6,Tamil Nadu,Karnataka,KD Karthik,Washington Sundar,J Suchith,1,0,,,,,,,,,
1205842,2019/20,2019-11-21,Lalbhai Contractor Stadium,1,9.1,Tamil Nadu,Karnataka,KD Karthik,Washington Sundar,S Gopal,4,0,,,,,,,,,
1205842,2019/20,2019-11-21,Lalbhai Contractor Stadium,1,9.2,Tamil Nadu,Karnataka,KD Karthik,Washington Sundar,S Gopal,4,0,,,,,,,,,
1205842,2019/20,2019-11-21,Lalbhai Contractor Stadium,1,9.3,Tamil Nadu,Karnataka,KD Karthik,Washington Sundar,S Gopal,1,0,,,,,,,,,
1205842,2019/20,2019-11-21,Lalbhai Contractor Stadium,1,9.4,Tamil Nadu,Karnataka,Washington Sundar,KD Karthik,S Gopal,1,0,,,,,,,,,
1205842,2019/20,2019-11-21,Lalbhai Contractor Stadium,1,9.5,Tamil Nadu,Karnataka,KD Karthik,Washington Sundar,S Gopal,4,0,,,,,,,,,
1205842,2019/20,2019-11-21,Lalbhai Contractor Stadium,1,9.6,Tamil Nadu,Karnataka,KD Karthik,Washington Sundar,S Gopal,1,0,,,,,,,,,
1205842,2019/20,2019-11-21,Lalbhai Contractor Stadium,1,10.1,Tamil Nadu,Karnataka,KD Karthik,Washington Sundar,J Suchith,1,0,,,,,,,,,
1205842,2019/20,2019-11-21,Lalbhai Contractor Stadium,1,10.2,Tamil Nadu,Karnataka,Washington Sundar,KD Karthik,J Suchith,1,0,,,,,,,,,
1205842,2019/20,2019-11-21,Lalbhai Contractor Stadium,1,10.3,Tamil Nadu,Karnataka,KD Karthik,Washington Sundar,J Suchith,1,0,,,,,,,,,
1205842,2019/20,2019-11-21,Lalbhai Contractor Stadium,1,10.4,Tamil Nadu,Karnataka,Washington Sundar,KD Karthik,J Suchith,1,0,,,,,,,,,
1205842,2019/20,2019-11-21,Lalbhai Contractor Stadium,1,10.5,Tamil Nadu,Karnataka,KD Karthik,Washington Sundar,J Suchith,0,0,,,,,,,,,
1205842,2019/20,2019-11-21,Lalbhai Contractor Stadium,1,10.6,Tamil Nadu,Karnataka,KD Karthik,Washington Sundar,J Suchith,1,0,,,,,,,,,
1205842,2019/20,2019-11-21,Lalbhai Contractor Stadium,1,11.1,Tamil Nadu,Karnataka,KD Karthik,Washington Sundar,S Gopal,0,1,,,,1,,,,,
1205842,2019/20,2019-11-21,Lalbhai Contractor Stadium,1,11.2,Tamil Nadu,Karnataka,Washington Sundar,KD Karthik,S Gopal,1,0,,,,,,,,,
1205842,2019/20,2019-11-21,Lalbhai Contractor Stadium,1,11.3,Tamil Nadu,Karnataka,KD Karthik,Washington Sundar,S Gopal,2,0,,,,,,,,,
1205842,2019/20,2019-11-21,Lalbhai Contractor Stadium,1,11.4,Tamil Nadu,Karnataka,KD Karthik,Washington Sundar,S Gopal,4,0,,,,,,,,,
1205842,2019/20,2019-11-21,Lalbhai Contractor Stadium,1,11.5,Tamil Nadu,Karnataka,KD Karthik,Washington Sundar,S Gopal,1,0,,,,,,,,,
1205842,2019/20,2019-11-21,Lalbhai Contractor Stadium,1,11.6,Tamil Nadu,Karnataka,Washington Sundar,KD Karthik,S Gopal,6,0,,,,,,,,,
1205842,2019/20,2019-11-21,Lalbhai Contractor Stadium,1,12.1,Tamil Nadu,Karnataka,KD Karthik,Washington Sundar,P Dubey,1,0,,,,,,,,,
1205842,2019/20,2019-11-21,Lalbhai Contractor Stadium,1,12.2,Tamil Nadu,Karnataka,Washington Sundar,KD Karthik,P Dubey,2,0,,,,,,,,,
1205842,2019/20,2019-11-21,Lalbhai Contractor Stadium,1,12.3,Tamil Nadu,Karnataka,Washington Sundar,KD Karthik,P Dubey,4,0,,,,,,,,,
1205842,2019/20,2019-11-21,Lalbhai Contractor Stadium,1,12.4,Tamil Nadu,Karnataka,Washington Sundar,KD Karthik,P Dubey,1,0,,,,,,,,,
1205842,2019/20,2019-11-21,Lalbhai Contractor Stadium,1,12.5,Tamil Nadu,Karnataka,KD Karthik,Washington Sundar,P Dubey,1,0,,,,,,,,,
1205842,2019/20,2019-11-21,Lalbhai Contractor Stadium,1,12.6,Tamil Nadu,Karnataka,Washington Sundar,KD Karthik,P Dubey,1,0,,,,,,,,,
1205842,2019/20,2019-11-21,Lalbhai Contractor Stadium,1,13.1,Tamil Nadu,Karnataka,Washington Sundar,KD Karthik,RG More,1,0,,,,,,,,,
1205842,2019/20,2019-11-21,Lalbhai Contractor Stadium,1,13.2,Tamil Nadu,Karnataka,KD Karthik,Washington Sundar,RG More,0,0,,,,,,caught,KD Karthik,,
1205842,2019/20,2019-11-21,Lalbhai Contractor Stadium,1,13.3,Tamil Nadu,Karnataka,Washington Sundar,V Shankar,RG More,1,0,,,,,,,,,
1205842,2019/20,2019-11-21,Lalbhai Contractor Stadium,1,13.4,Tamil Nadu,Karnataka,V Shankar,Washington Sundar,RG More,0,0,,,,,,,,,
1205842,2019/20,2019-11-21,Lalbhai Contractor Stadium,1,13.5,Tamil Nadu,Karnataka,V Shankar,Washington Sundar,RG More,1,0,,,,,,,,,
1205842,2019/20,2019-11-21,Lalbhai Contractor Stadium,1,13.6,Tamil Nadu,Karnataka,Washington Sundar,V Shankar,RG More,1,0,,,,,,,,,
1205842,2019/20,2019-11-21,Lalbhai Contractor Stadium,1,14.1,Tamil Nadu,Karnataka,Washington Sundar,V Shankar,J Suchith,1,0,,,,,,,,,
1205842,2019/20,2019-11-21,Lalbhai Contractor Stadium,1,14.2,Tamil Nadu,Karnataka,V Shankar,Washington Sundar,J Suchith,0,0,,,,,,,,,
1205842,2019/20,2019-11-21,Lalbhai Contractor Stadium,1,14.3,Tamil Nadu,Karnataka,V Shankar,Washington Sundar,J Suchith,1,0,,,,,,,,,
1205842,2019/20,2019-11-21,Lalbhai Contractor Stadium,1,14.4,Tamil Nadu,Karnataka,Washington Sundar,V Shankar,J Suchith,2,0,,,,,,,,,
1205842,2019/20,2019-11-21,Lalbhai Contractor Stadium,1,14.5,Tamil Nadu,Karnataka,Washington Sundar,V Shankar,J Suchith,2,0,,,,,,,,,
1205842,2019/20,2019-11-21,Lalbhai Contractor Stadium,1,14.6,Tamil Nadu,Karnataka,Washington Sundar,V Shankar,J Suchith,0,0,,,,,,caught,Washington Sundar,,
1205842,2019/20,2019-11-21,Lalbhai Contractor Stadium,1,15.1,Tamil Nadu,Karnataka,V Shankar,M Shahrukh Khan,S Gopal,1,0,,,,,,,,,
1205842,2019/20,2019-11-21,Lalbhai Contractor Stadium,1,15.2,Tamil Nadu,Karnataka,M Shahrukh Khan,V Shankar,S Gopal,1,0,,,,,,,,,
1205842,2019/20,2019-11-21,Lalbhai Contractor Stadium,1,15.3,Tamil Nadu,Karnataka,V Shankar,M Shahrukh Khan,S Gopal,1,0,,,,,,,,,
1205842,2019/20,2019-11-21,Lalbhai Contractor Stadium,1,15.4,Tamil Nadu,Karnataka,M Shahrukh Khan,V Shankar,S Gopal,0,0,,,,,,,,,
1205842,2019/20,2019-11-21,Lalbhai Contractor Stadium,1,15.5,Tamil Nadu,Karnataka,M Shahrukh Khan,V Shankar,S Gopal,0,0,,,,,,bowled,M Shahrukh Khan,,
1205842,2019/20,2019-11-21,Lalbhai Contractor Stadium,1,15.6,Tamil Nadu,Karnataka,M Mohammed,V Shankar,S Gopal,0,0,,,,,,,,,
1205842,2019/20,2019-11-21,Lalbhai Contractor Stadium,1,16.1,Tamil Nadu,Karnataka,V Shankar,M Mohammed,A Mithun,4,0,,,,,,,,,
1205842,2019/20,2019-11-21,Lalbhai Contractor Stadium,1,16.2,Tamil Nadu,Karnataka,V Shankar,M Mohammed,A Mithun,2,0,,,,,,,,,
1205842,2019/20,2019-11-21,Lalbhai Contractor Stadium,1,16.3,Tamil Nadu,Karnataka,V Shankar,M Mohammed,A Mithun,1,0,,,,,,,,,
1205842,2019/20,2019-11-21,Lalbhai Contractor Stadium,1,16.4,Tamil Nadu,Karnataka,M Mohammed,V Shankar,A Mithun,2,0,,,,,,,,,
1205842,2019/20,2019-11-21,Lalbhai Contractor Stadium,1,16.5,Tamil Nadu,Karnataka,M Mohammed,V Shankar,A Mithun,1,0,,,,,,,,,
1205842,2019/20,2019-11-21,Lalbhai Contractor Stadium,1,16.6,Tamil Nadu,Karnataka,V Shankar,M Mohammed,A Mithun,2,0,,,,,,,,,
1205842,2019/20,2019-11-21,Lalbhai Contractor Stadium,1,17.1,Tamil Nadu,Karnataka,M Mohammed,V Shankar,Vasuki Koushik,6,0,,,,,,,,,
1205842,2019/20,2019-11-21,Lalbhai Contractor Stadium,1,17.2,Tamil Nadu,Karnataka,M Mohammed,V Shankar,Vasuki Koushik,2,0,,,,,,,,,
1205842,2019/20,2019-11-21,Lalbhai Contractor Stadium,1,17.3,Tamil Nadu,Karnataka,M Mohammed,V Shankar,Vasuki Koushik,2,0,,,,,,,,,
1205842,2019/20,2019-11-21,Lalbhai Contractor Stadium,1,17.4,Tamil Nadu,Karnataka,M Mohammed,V Shankar,Vasuki Koushik,0,0,,,,,,caught,M Mohammed,,
1205842,2019/20,2019-11-21,Lalbhai Contractor Stadium,1,17.5,Tamil Nadu,Karnataka,M Ashwin,V Shankar,Vasuki Koushik,0,0,,,,,,,,,
1205842,2019/20,2019-11-21,Lalbhai Contractor Stadium,1,17.6,Tamil Nadu,Karnataka,M Ashwin,V Shankar,Vasuki Koushik,1,0,,,,,,,,,
1205842,2019/20,2019-11-21,Lalbhai Contractor Stadium,1,18.1,Tamil Nadu,Karnataka,M Ashwin,V Shankar,RG More,0,0,,,,,,,,,
1205842,2019/20,2019-11-21,Lalbhai Contractor Stadium,1,18.2,Tamil Nadu,Karnataka,M Ashwin,V Shankar,RG More,1,0,,,,,,,,,
1205842,2019/20,2019-11-21,Lalbhai Contractor Stadium,1,18.3,Tamil Nadu,Karnataka,V Shankar,M Ashwin,RG More,0,0,,,,,,,,,
1205842,2019/20,2019-11-21,Lalbhai Contractor Stadium,1,18.4,Tamil Nadu,Karnataka,V Shankar,M Ashwin,RG More,4,0,,,,,,,,,
1205842,2019/20,2019-11-21,Lalbhai Contractor Stadium,1,18.5,Tamil Nadu,Karnataka,V Shankar,M Ashwin,RG More,4,0,,,,,,,,,
1205842,2019/20,2019-11-21,Lalbhai Contractor Stadium,1,18.6,Tamil Nadu,Karnataka,V Shankar,M Ashwin,RG More,4,0,,,,,,,,,
1205842,2019/20,2019-11-21,Lalbhai Contractor Stadium,1,19.1,Tamil Nadu,Karnataka,M Ashwin,V Shankar,Vasuki Koushik,1,0,,,,,,,,,
1205842,2019/20,2019-11-21,Lalbhai Contractor Stadium,1,19.2,Tamil Nadu,Karnataka,V Shankar,M Ashwin,Vasuki Koushik,0,0,,,,,,caught,V Shankar,,
1205842,2019/20,2019-11-21,Lalbhai Contractor Stadium,1,19.3,Tamil Nadu,Karnataka,M Ashwin,R Sai Kishore,Vasuki Koushik,0,2,2,,,,,,,,
1205842,2019/20,2019-11-21,Lalbhai Contractor Stadium,1,19.4,Tamil Nadu,Karnataka,R Sai Kishore,M Ashwin,Vasuki Koushik,1,0,,,,,,,,,
1205842,2019/20,2019-11-21,Lalbhai Contractor Stadium,1,19.5,Tamil Nadu,Karnataka,M Ashwin,R Sai Kishore,Vasuki Koushik,1,0,,,,,,,,,
1205842,2019/20,2019-11-21,Lalbhai Contractor Stadium,1,19.6,Tamil Nadu,Karnataka,R Sai Kishore,M Ashwin,Vasuki Koushik,1,0,,,,,,,,,
1205842,2019/20,2019-11-21,Lalbhai Contractor Stadium,1,19.7,Tamil Nadu,Karnataka,M Ashwin,R Sai Kishore,Vasuki Koushik,2,0,,,,,,,,,
1205842,2019/20,2019-11-21,Lalbhai Contractor Stadium,2,0.1,Karnataka,Tamil Nadu,KL Rahul,D Padikkal,Washington Sundar,4,0,,,,,,,,,
1205842,2019/20,2019-11-21,Lalbhai Contractor Stadium,2,0.2,Karnataka,Tamil Nadu,KL Rahul,D Padikkal,Washington Sundar,1,0,,,,,,,,,
1205842,2019/20,2019-11-21,Lalbhai Contractor Stadium,2,0.3,Karnataka,Tamil Nadu,D Padikkal,KL Rahul,Washington Sundar,0,0,,,,,,,,,
1205842,2019/20,2019-11-21,Lalbhai Contractor Stadium,2,0.4,Karnataka,Tamil Nadu,D Padikkal,KL Rahul,Washington Sundar,1,0,,,,,,,,,
1205842,2019/20,2019-11-21,Lalbhai Contractor Stadium,2,0.5,Karnataka,Tamil Nadu,KL Rahul,D Padikkal,Washington Sundar,4,0,,,,,,,,,
1205842,2019/20,2019-11-21,Lalbhai Contractor Stadium,2,0.6,Karnataka,Tamil Nadu,KL Rahul,D Padikkal,Washington Sundar,1,0,,,,,,,,,
1205842,2019/20,2019-11-21,Lalbhai Contractor Stadium,2,1.1,Karnataka,Tamil Nadu,KL Rahul,D Padikkal,T Natarajan,0,0,,,,,,,,,
1205842,2019/20,2019-11-21,Lalbhai Contractor Stadium,2,1.2,Karnataka,Tamil Nadu,KL Rahul,D Padikkal,T Natarajan,0,1,1,,,,,,,,
1205842,2019/20,2019-11-21,Lalbhai Contractor Stadium,2,1.3,Karnataka,Tamil Nadu,KL Rahul,D Padikkal,T Natarajan,1,0,,,,,,,,,
1205842,2019/20,2019-11-21,Lalbhai Contractor Stadium,2,1.4,Karnataka,Tamil Nadu,D Padikkal,KL Rahul,T Natarajan,0,0,,,,,,,,,
1205842,2019/20,2019-11-21,Lalbhai Contractor Stadium,2,1.5,Karnataka,Tamil Nadu,D Padikkal,KL Rahul,T Natarajan,4,0,,,,,,,,,
1205842,2019/20,2019-11-21,Lalbhai Contractor Stadium,2,1.6,Karnataka,Tamil Nadu,D Padikkal,KL Rahul,T Natarajan,0,0,,,,,,,,,
1205842,2019/20,2019-11-21,Lalbhai Contractor Stadium,2,1.7,Karnataka,Tamil Nadu,D Padikkal,KL Rahul,T Natarajan,0,0,,,,,,,,,
1205842,2019/20,2019-11-21,Lalbhai Contractor Stadium,2,2.1,Karnataka,Tamil Nadu,KL Rahul,D Padikkal,R Sai Kishore,0,0,,,,,,,,,
1205842,2019/20,2019-11-21,Lalbhai Contractor Stadium,2,2.2,Karnataka,Tamil Nadu,KL Rahul,D Padikkal,R Sai Kishore,1,0,,,,,,,,,
1205842,2019/20,2019-11-21,Lalbhai Contractor Stadium,2,2.3,Karnataka,Tamil Nadu,D Padikkal,KL Rahul,R Sai Kishore,4,0,,,,,,,,,
1205842,2019/20,2019-11-21,Lalbhai Contractor Stadium,2,2.4,Karnataka,Tamil Nadu,D Padikkal,KL Rahul,R Sai Kishore,1,0,,,,,,,,,
1205842,2019/20,2019-11-21,Lalbhai Contractor Stadium,2,2.5,Karnataka,Tamil Nadu,KL Rahul,D Padikkal,R Sai Kishore,0,0,,,,,,,,,
1205842,2019/20,2019-11-21,Lalbhai Contractor Stadium,2,2.6,Karnataka,Tamil Nadu,KL Rahul,D Padikkal,R Sai Kishore,1,0,,,,,,,,,
1205842,2019/20,2019-11-21,Lalbhai Contractor Stadium,2,3.1,Karnataka,Tamil Nadu,KL Rahul,D Padikkal,T Natarajan,0,0,,,,,,,,,
1205842,2019/20,2019-11-21,Lalbhai Contractor Stadium,2,3.2,Karnataka,Tamil Nadu,KL Rahul,D Padikkal,T Natarajan,4,0,,,,,,,,,
1205842,2019/20,2019-11-21,Lalbhai Contractor Stadium,2,3.3,Karnataka,Tamil Nadu,KL Rahul,D Padikkal,T Natarajan,1,0,,,,,,,,,
1205842,2019/20,2019-11-21,Lalbhai Contractor Stadium,2,3.4,Karnataka,Tamil Nadu,D Padikkal,KL Rahul,T Natarajan,4,0,,,,,,,,,
1205842,2019/20,2019-11-21,Lalbhai Contractor Stadium,2,3.5,Karnataka,Tamil Nadu,D Padikkal,KL Rahul,T Natarajan,1,0,,,,,,,,,
1205842,2019/20,2019-11-21,Lalbhai Contractor Stadium,2,3.6,Karnataka,Tamil Nadu,KL Rahul,D Padikkal,T Natarajan,0,0,,,,,,,,,
1205842,2019/20,2019-11-21,Lalbhai Contractor Stadium,2,4.1,Karnataka,Tamil Nadu,D Padikkal,KL Rahul,R Sai Kishore,0,0,,,,,,,,,
1205842,2019/20,2019-11-21,Lalbhai Contractor Stadium,2,4.2,Karnataka,Tamil Nadu,D Padikkal,KL Rahul,R Sai Kishore,1,0,,,,,,,,,
1205842,2019/20,2019-11-21,Lalbhai Contractor Stadium,2,4.3,Karnataka,Tamil Nadu,KL Rahul,D Padikkal,R Sai Kishore,4,0,,,,,,,,,
1205842,2019/20,2019-11-21,Lalbhai Contractor Stadium,2,4.4,Karnataka,Tamil Nadu,KL Rahul,D Padikkal,R Sai Kishore,4,0,,,,,,,,,
1205842,2019/20,2019-11-21,Lalbhai Contractor Stadium,2,4.5,Karnataka,Tamil Nadu,KL Rahul,D Padikkal,R Sai Kishore,1,0,,,,,,,,,
1205842,2019/20,2019-11-21,Lalbhai Contractor Stadium,2,4.6,Karnataka,Tamil Nadu,D Padikkal,KL Rahul,R Sai Kishore,6,0,,,,,,,,,
1205842,2019/20,2019-11-21,Lalbhai Contractor Stadium,2,5.1,Karnataka,Tamil Nadu,KL Rahul,D Padikkal,V Shankar,1,0,,,,,,,,,
1205842,2019/20,2019-11-21,Lalbhai Contractor Stadium,2,5.2,Karnataka,Tamil Nadu,D Padikkal,KL Rahul,V Shankar,4,0,,,,,,,,,
1205842,2019/20,2019-11-21,Lalbhai Contractor Stadium,2,5.3,Karnataka,Tamil Nadu,D Padikkal,KL Rahul,V Shankar,4,0,,,,,,,,,
1205842,2019/20,2019-11-21,Lalbhai Contractor Stadium,2,5.4,Karnataka,Tamil Nadu,D Padikkal,KL Rahul,V Shankar,0,0,,,,,,,,,
1205842,2019/20,2019-11-21,Lalbhai Contractor Stadium,2,5.5,Karnataka,Tamil Nadu,D Padikkal,KL Rahul,V Shankar,0,0,,,,,,,,,
1205842,2019/20,2019-11-21,Lalbhai Contractor Stadium,2,5.6,Karnataka,Tamil Nadu,D Padikkal,KL Rahul,V Shankar,6,0,,,,,,,,,
1205842,2019/20,2019-11-21,Lalbhai Contractor Stadium,2,6.1,Karnataka,Tamil Nadu,KL Rahul,D Padikkal,M Ashwin,0,0,,,,,,,,,
1205842,2019/20,2019-11-21,Lalbhai Contractor Stadium,2,6.2,Karnataka,Tamil Nadu,KL Rahul,D Padikkal,M Ashwin,2,0,,,,,,,,,
1205842,2019/20,2019-11-21,Lalbhai Contractor Stadium,2,6.3,Karnataka,Tamil Nadu,KL Rahul,D Padikkal,M Ashwin,2,0,,,,,,,,,
1205842,2019/20,2019-11-21,Lalbhai Contractor Stadium,2,6.4,Karnataka,Tamil Nadu,KL Rahul,D Padikkal,M Ashwin,1,0,,,,,,,,,
1205842,2019/20,2019-11-21,Lalbhai Contractor Stadium,2,6.5,Karnataka,Tamil Nadu,D Padikkal,KL Rahul,M Ashwin,0,0,,,,,,,,,
1205842,2019/20,2019-11-21,Lalbhai Contractor Stadium,2,6.6,Karnataka,Tamil Nadu,D Padikkal,KL Rahul,M Ashwin,0,0,,,,,,caught,D Padikkal,,
1205842,2019/20,2019-11-21,Lalbhai Contractor Stadium,2,7.1,Karnataka,Tamil Nadu,KL Rahul,MK Pandey,R Sai Kishore,0,1,,,,1,,,,,
1205842,2019/20,2019-11-21,Lalbhai Contractor Stadium,2,7.2,Karnataka,Tamil Nadu,MK Pandey,KL Rahul,R Sai Kishore,0,0,,,,,,,,,
1205842,2019/20,2019-11-21,Lalbhai Contractor Stadium,2,7.3,Karnataka,Tamil Nadu,MK Pandey,KL Rahul,R Sai Kishore,0,0,,,,,,,,,
1205842,2019/20,2019-11-21,Lalbhai Contractor Stadium,2,7.4,Karnataka,Tamil Nadu,MK Pandey,KL Rahul,R Sai Kishore,0,0,,,,,,,,,
1205842,2019/20,2019-11-21,Lalbhai Contractor Stadium,2,7.5,Karnataka,Tamil Nadu,MK Pandey,KL Rahul,R Sai Kishore,1,0,,,,,,,,,
1205842,2019/20,2019-11-21,Lalbhai Contractor Stadium,2,7.6,Karnataka,Tamil Nadu,KL Rahul,MK Pandey,R Sai Kishore,1,0,,,,,,,,,
1205842,2019/20,2019-11-21,Lalbhai Contractor Stadium,2,8.1,Karnataka,Tamil Nadu,KL Rahul,MK Pandey,M Ashwin,0,0,,,,,,,,,
1205842,2019/20,2019-11-21,Lalbhai Contractor Stadium,2,8.2,Karnataka,Tamil Nadu,KL Rahul,MK Pandey,M Ashwin,2,0,,,,,,,,,
1205842,2019/20,2019-11-21,Lalbhai Contractor Stadium,2,8.3,Karnataka,Tamil Nadu,KL Rahul,MK Pandey,M Ashwin,1,0,,,,,,,,,
1205842,2019/20,2019-11-21,Lalbhai Contractor Stadium,2,8.4,Karnataka,Tamil Nadu,MK Pandey,KL Rahul,M Ashwin,0,0,,,,,,,,,
1205842,2019/20,2019-11-21,Lalbhai Contractor Stadium,2,8.5,Karnataka,Tamil Nadu,MK Pandey,KL Rahul,M Ashwin,1,0,,,,,,,,,
1205842,2019/20,2019-11-21,Lalbhai Contractor Stadium,2,8.6,Karnataka,Tamil Nadu,KL Rahul,MK Pandey,M Ashwin,0,0,,,,,,,,,
1205842,2019/20,2019-11-21,Lalbhai Contractor Stadium,2,9.1,Karnataka,Tamil Nadu,MK Pandey,KL Rahul,R Sai Kishore,6,0,,,,,,,,,
1205842,2019/20,2019-11-21,Lalbhai Contractor Stadium,2,9.2,Karnataka,Tamil Nadu,MK Pandey,KL Rahul,R Sai Kishore,1,0,,,,,,,,,
1205842,2019/20,2019-11-21,Lalbhai Contractor Stadium,2,9.3,Karnataka,Tamil Nadu,KL Rahul,MK Pandey,R Sai Kishore,1,0,,,,,,,,,
1205842,2019/20,2019-11-21,Lalbhai Contractor Stadium,2,9.4,Karnataka,Tamil Nadu,MK Pandey,KL Rahul,R Sai Kishore,0,0,,,,,,,,,
1205842,2019/20,2019-11-21,Lalbhai Contractor Stadium,2,9.5,Karnataka,Tamil Nadu,MK Pandey,KL Rahul,R Sai Kishore,0,0,,,,,,,,,
1205842,2019/20,2019-11-21,Lalbhai Contractor Stadium,2,9.6,Karnataka,Tamil Nadu,MK Pandey,KL Rahul,R Sai Kishore,0,0,,,,,,,,,
1205842,2019/20,2019-11-21,Lalbhai Contractor Stadium,2,10.1,Karnataka,Tamil Nadu,KL Rahul,MK Pandey,M Ashwin,0,0,,,,,,,,,
1205842,2019/20,2019-11-21,Lalbhai Contractor Stadium,2,10.2,Karnataka,Tamil Nadu,KL Rahul,MK Pandey,M Ashwin,2,0,,,,,,,,,
1205842,2019/20,2019-11-21,Lalbhai Contractor Stadium,2,10.3,Karnataka,Tamil Nadu,KL Rahul,MK Pandey,M Ashwin,1,0,,,,,,,,,
1205842,2019/20,2019-11-21,Lalbhai Contractor Stadium,2,10.4,Karnataka,Tamil Nadu,MK Pandey,KL Rahul,M Ashwin,0,0,,,,,,,,,
1205842,2019/20,2019-11-21,Lalbhai Contractor Stadium,2,10.5,Karnataka,Tamil Nadu,MK Pandey,KL Rahul,M Ashwin,1,0,,,,,,,,,
1205842,2019/20,2019-11-21,Lalbhai Contractor Stadium,2,10.6,Karnataka,Tamil Nadu,KL Rahul,MK Pandey,M Ashwin,4,0,,,,,,,,,
1205842,2019/20,2019-11-21,Lalbhai Contractor Stadium,2,11.1,Karnataka,Tamil Nadu,MK Pandey,KL Rahul,M Mohammed,1,0,,,,,,,,,
1205842,2019/20,2019-11-21,Lalbhai Contractor Stadium,2,11.2,Karnataka,Tamil Nadu,KL Rahul,MK Pandey,M Mohammed,1,0,,,,,,,,,
1205842,2019/20,2019-11-21,Lalbhai Contractor Stadium,2,11.3,Karnataka,Tamil Nadu,MK Pandey,KL Rahul,M Mohammed,1,0,,,,,,,,,
1205842,2019/20,2019-11-21,Lalbhai Contractor Stadium,2,11.4,Karnataka,Tamil Nadu,KL Rahul,MK Pandey,M Mohammed,1,0,,,,,,,,,
1205842,2019/20,2019-11-21,Lalbhai Contractor Stadium,2,11.5,Karnataka,Tamil Nadu,MK Pandey,KL Rahul,M Mohammed,4,0,,,,,,,,,
1205842,2019/20,2019-11-21,Lalbhai Contractor Stadium,2,11.6,Karnataka,Tamil Nadu,MK Pandey,KL Rahul,M Mohammed,0,0,,,,,,,,,
1205842,2019/20,2019-11-21,Lalbhai Contractor Stadium,2,12.1,Karnataka,Tamil Nadu,KL Rahul,MK Pandey,M Ashwin,1,0,,,,,,,,,
1205842,2019/20,2019-11-21,Lalbhai Contractor Stadium,2,12.2,Karnataka,Tamil Nadu,MK Pandey,KL Rahul,M Ashwin,4,0,,,,,,,,,
1205842,2019/20,2019-11-21,Lalbhai Contractor Stadium,2,12.3,Karnataka,Tamil Nadu,MK Pandey,KL Rahul,M Ashwin,1,0,,,,,,,,,
1205842,2019/20,2019-11-21,Lalbhai Contractor Stadium,2,12.4,Karnataka,Tamil Nadu,KL Rahul,MK Pandey,M Ashwin,2,0,,,,,,,,,
1205842,2019/20,2019-11-21,Lalbhai Contractor Stadium,2,12.5,Karnataka,Tamil Nadu,KL Rahul,MK Pandey,M Ashwin,1,0,,,,,,,,,
1205842,2019/20,2019-11-21,Lalbhai Contractor Stadium,2,12.6,Karnataka,Tamil Nadu,MK Pandey,KL Rahul,M Ashwin,1,0,,,,,,,,,
1205842,2019/20,2019-11-21,Lalbhai Contractor Stadium,2,13.1,Karnataka,Tamil Nadu,MK Pandey,KL Rahul,M Mohammed,0,0,,,,,,,,,
1205842,2019/20,2019-11-21,Lalbhai Contractor Stadium,2,13.2,Karnataka,Tamil Nadu,MK Pandey,KL Rahul,M Mohammed,0,0,,,,,,,,,
1205842,2019/20,2019-11-21,Lalbhai Contractor Stadium,2,13.3,Karnataka,Tamil Nadu,MK Pandey,KL Rahul,M Mohammed,1,0,,,,,,,,,
1205842,2019/20,2019-11-21,Lalbhai Contractor Stadium,2,13.4,Karnataka,Tamil Nadu,KL Rahul,MK Pandey,M Mohammed,2,0,,,,,,,,,
1205842,2019/20,2019-11-21,Lalbhai Contractor Stadium,2,13.5,Karnataka,Tamil Nadu,KL Rahul,MK Pandey,M Mohammed,1,0,,,,,,,,,
1205842,2019/20,2019-11-21,Lalbhai Contractor Stadium,2,13.6,Karnataka,Tamil Nadu,MK Pandey,KL Rahul,M Mohammed,1,0,,,,,,,,,
1205842,2019/20,2019-11-21,Lalbhai Contractor Stadium,2,14.1,Karnataka,Tamil Nadu,MK Pandey,KL Rahul,G Periyaswamy,4,0,,,,,,,,,
1205842,2019/20,2019-11-21,Lalbhai Contractor Stadium,2,14.2,Karnataka,Tamil Nadu,MK Pandey,KL Rahul,G Periyaswamy,1,0,,,,,,,,,
1205842,2019/20,2019-11-21,Lalbhai Contractor Stadium,2,14.3,Karnataka,Tamil Nadu,KL Rahul,MK Pandey,G Periyaswamy,0,0,,,,,,,,,
1205842,2019/20,2019-11-21,Lalbhai Contractor Stadium,2,14.4,Karnataka,Tamil Nadu,KL Rahul,MK Pandey,G Periyaswamy,0,1,1,,,,,,,,
1205842,2019/20,2019-11-21,Lalbhai Contractor Stadium,2,14.5,Karnataka,Tamil Nadu,KL Rahul,MK Pandey,G Periyaswamy,2,0,,,,,,,,,
1205842,2019/20,2019-11-21,Lalbhai Contractor Stadium,2,14.6,Karnataka,Tamil Nadu,KL Rahul,MK Pandey,G Periyaswamy,1,0,,,,,,,,,
1205842,2019/20,2019-11-21,Lalbhai Contractor Stadium,2,14.7,Karnataka,Tamil Nadu,MK Pandey,KL Rahul,G Periyaswamy,1,0,,,,,,,,,
1205842,2019/20,2019-11-21,Lalbhai Contractor Stadium,2,15.1,Karnataka,Tamil Nadu,MK Pandey,KL Rahul,M Mohammed,6,0,,,,,,,,,
1205842,2019/20,2019-11-21,Lalbhai Contractor Stadium,2,15.2,Karnataka,Tamil Nadu,MK Pandey,KL Rahul,M Mohammed,4,1,,1,,,,,,,
1205842,2019/20,2019-11-21,Lalbhai Contractor Stadium,2,15.3,Karnataka,Tamil Nadu,MK Pandey,KL Rahul,M Mohammed,6,0,,,,,,,,,
1205842,2019/20,2019-11-21,Lalbhai Contractor Stadium,2,15.4,Karnataka,Tamil Nadu,MK Pandey,KL Rahul,M Mohammed,4,0,,,,,,,,,
1205842,2019/20,2019-11-21,Lalbhai Contractor Stadium,2,15.5,Karnataka,Tamil Nadu,MK Pandey,KL Rahul,M Mohammed,1,0,,,,,,,,,
1205842,2019/20,2019-11-21,Lalbhai Contractor Stadium,2,15.6,Karnataka,Tamil Nadu,KL Rahul,MK Pandey,M Mohammed,0,0,,,,,,,,,
1205842,2019/20,2019-11-21,Lalbhai Contractor Stadium,2,15.7,Karnataka,Tamil Nadu,KL Rahul,MK Pandey,M Mohammed,6,0,,,,,,,,,
1205842,2019/20,2019-11-21,Lalbhai Contractor Stadium,2,16.1,Karnataka,Tamil Nadu,MK Pandey,KL Rahul,G Periyaswamy,1,0,,,,,,,,,
1205842,2019/20,2019-11-21,Lalbhai Contractor Stadium,2,16.2,Karnataka,Tamil Nadu,KL Rahul,MK Pandey,G Periyaswamy,6,0,,,,,,,,,
