match_id,season,start_date,venue,innings,ball,batting_team,bowling_team,striker,non_striker,bowler,runs_off_bat,extras,wides,noballs,byes,legbyes,penalty,wicket_type,player_dismissed,other_wicket_type,other_player_dismissed
1205780,2019/20,2019-11-12,"Cricket Stadium, Sector-16",1,0.1,Himachal,Punjab,Abhimanyu Rana,P Chopra,Sandeep Sharma,0,0,,,,,,,,,
1205780,2019/20,2019-11-12,"Cricket Stadium, Sector-16",1,0.2,Himachal,Punjab,Abhimanyu Rana,P Chopra,Sandeep Sharma,0,0,,,,,,,,,
1205780,2019/20,2019-11-12,"Cricket Stadium, Sector-16",1,0.3,Himachal,Punjab,Abhimanyu Rana,P Chopra,Sandeep Sharma,0,0,,,,,,,,,
1205780,2019/20,2019-11-12,"Cricket Stadium, Sector-16",1,0.4,Himachal,Punjab,Abhimanyu Rana,P Chopra,Sandeep Sharma,0,0,,,,,,bowled,Abhimanyu Rana,,
1205780,2019/20,2019-11-12,"Cricket Stadium, Sector-16",1,0.5,Himachal,Punjab,AKS Bains,P Chopra,Sandeep Sharma,0,0,,,,,,,,,
1205780,2019/20,2019-11-12,"Cricket Stadium, Sector-16",1,0.6,Himachal,Punjab,AKS Bains,P Chopra,Sandeep Sharma,0,0,,,,,,,,,
1205780,2019/20,2019-11-12,"Cricket Stadium, Sector-16",1,1.1,Himachal,Punjab,P Chopra,AKS Bains,Harpreet Brar,0,0,,,,,,,,,
1205780,2019/20,2019-11-12,"Cricket Stadium, Sector-16",1,1.2,Himachal,Punjab,P Chopra,AKS Bains,Harpreet Brar,1,0,,,,,,,,,
1205780,2019/20,2019-11-12,"Cricket Stadium, Sector-16",1,1.3,Himachal,Punjab,AKS Bains,P Chopra,Harpreet Brar,4,0,,,,,,,,,
1205780,2019/20,2019-11-12,"Cricket Stadium, Sector-16",1,1.4,Himachal,Punjab,AKS Bains,P Chopra,Harpreet Brar,0,0,,,,,,,,,
1205780,2019/20,2019-11-12,"Cricket Stadium, Sector-16",1,1.5,Himachal,Punjab,AKS Bains,P Chopra,Harpreet Brar,1,0,,,,,,,,,
1205780,2019/20,2019-11-12,"Cricket Stadium, Sector-16",1,1.6,Himachal,Punjab,P Chopra,AKS Bains,Harpreet Brar,0,0,,,,,,,,,
1205780,2019/20,2019-11-12,"Cricket Stadium, Sector-16",1,2.1,Himachal,Punjab,AKS Bains,P Chopra,Sandeep Sharma,0,0,,,,,,lbw,AKS Bains,,
1205780,2019/20,2019-11-12,"Cricket Stadium, Sector-16",1,2.2,Himachal,Punjab,EC Sen,P Chopra,Sandeep Sharma,0,0,,,,,,,,,
1205780,2019/20,2019-11-12,"Cricket Stadium, Sector-16",1,2.3,Himachal,Punjab,EC Sen,P Chopra,Sandeep Sharma,0,0,,,,,,,,,
1205780,2019/20,2019-11-12,"Cricket Stadium, Sector-16",1,2.4,Himachal,Punjab,EC Sen,P Chopra,Sandeep Sharma,0,0,,,,,,,,,
1205780,2019/20,2019-11-12,"Cricket Stadium, Sector-16",1,2.5,Himachal,Punjab,EC Sen,P Chopra,Sandeep Sharma,0,0,,,,,,,,,
1205780,2019/20,2019-11-12,"Cricket Stadium, Sector-16",1,2.6,Himachal,Punjab,EC Sen,P Chopra,Sandeep Sharma,0,0,,,,,,,,,
1205780,2019/20,2019-11-12,"Cricket Stadium, Sector-16",1,3.1,Himachal,Punjab,P Chopra,EC Sen,Harpreet Brar,1,0,,,,,,,,,
1205780,2019/20,2019-11-12,"Cricket Stadium, Sector-16",1,3.2,Himachal,Punjab,EC Sen,P Chopra,Harpreet Brar,0,0,,,,,,,,,
1205780,2019/20,2019-11-12,"Cricket Stadium, Sector-16",1,3.3,Himachal,Punjab,EC Sen,P Chopra,Harpreet Brar,4,0,,,,,,,,,
1205780,2019/20,2019-11-12,"Cricket Stadium, Sector-16",1,3.4,Himachal,Punjab,EC Sen,P Chopra,Harpreet Brar,0,0,,,,,,,,,
1205780,2019/20,2019-11-12,"Cricket Stadium, Sector-16",1,3.5,Himachal,Punjab,EC Sen,P Chopra,Harpreet Brar,1,0,,,,,,,,,
1205780,2019/20,2019-11-12,"Cricket Stadium, Sector-16",1,3.6,Himachal,Punjab,P Chopra,EC Sen,Harpreet Brar,1,0,,,,,,,,,
1205780,2019/20,2019-11-12,"Cricket Stadium, Sector-16",1,4.1,Himachal,Punjab,P Chopra,EC Sen,S Kaul,1,0,,,,,,,,,
1205780,2019/20,2019-11-12,"Cricket Stadium, Sector-16",1,4.2,Himachal,Punjab,EC Sen,P Chopra,S Kaul,4,0,,,,,,,,,
1205780,2019/20,2019-11-12,"Cricket Stadium, Sector-16",1,4.3,Himachal,Punjab,EC Sen,P Chopra,S Kaul,0,0,,,,,,caught,EC Sen,,
1205780,2019/20,2019-11-12,"Cricket Stadium, Sector-16",1,4.4,Himachal,Punjab,P Chopra,AR Kumar,S Kaul,0,0,,,,,,,,,
1205780,2019/20,2019-11-12,"Cricket Stadium, Sector-16",1,4.5,Himachal,Punjab,P Chopra,AR Kumar,S Kaul,0,0,,,,,,,,,
1205780,2019/20,2019-11-12,"Cricket Stadium, Sector-16",1,4.6,Himachal,Punjab,P Chopra,AR Kumar,S Kaul,0,0,,,,,,,,,
1205780,2019/20,2019-11-12,"Cricket Stadium, Sector-16",1,5.1,Himachal,Punjab,AR Kumar,P Chopra,Karan Kaila,4,0,,,,,,,,,
1205780,2019/20,2019-11-12,"Cricket Stadium, Sector-16",1,5.2,Himachal,Punjab,AR Kumar,P Chopra,Karan Kaila,1,0,,,,,,,,,
1205780,2019/20,2019-11-12,"Cricket Stadium, Sector-16",1,5.3,Himachal,Punjab,P Chopra,AR Kumar,Karan Kaila,0,0,,,,,,,,,
1205780,2019/20,2019-11-12,"Cricket Stadium, Sector-16",1,5.4,Himachal,Punjab,P Chopra,AR Kumar,Karan Kaila,0,0,,,,,,,,,
1205780,2019/20,2019-11-12,"Cricket Stadium, Sector-16",1,5.5,Himachal,Punjab,P Chopra,AR Kumar,Karan Kaila,1,0,,,,,,,,,
1205780,2019/20,2019-11-12,"Cricket Stadium, Sector-16",1,5.6,Himachal,Punjab,AR Kumar,P Chopra,Karan Kaila,0,0,,,,,,,,,
1205780,2019/20,2019-11-12,"Cricket Stadium, Sector-16",1,6.1,Himachal,Punjab,P Chopra,AR Kumar,M Markande,1,0,,,,,,,,,
1205780,2019/20,2019-11-12,"Cricket Stadium, Sector-16",1,6.2,Himachal,Punjab,AR Kumar,P Chopra,M Markande,0,0,,,,,,,,,
1205780,2019/20,2019-11-12,"Cricket Stadium, Sector-16",1,6.3,Himachal,Punjab,AR Kumar,P Chopra,M Markande,0,0,,,,,,,,,
1205780,2019/20,2019-11-12,"Cricket Stadium, Sector-16",1,6.4,Himachal,Punjab,AR Kumar,P Chopra,M Markande,0,0,,,,,,,,,
1205780,2019/20,2019-11-12,"Cricket Stadium, Sector-16",1,6.5,Himachal,Punjab,AR Kumar,P Chopra,M Markande,2,0,,,,,,,,,
1205780,2019/20,2019-11-12,"Cricket Stadium, Sector-16",1,6.6,Himachal,Punjab,AR Kumar,P Chopra,M Markande,0,0,,,,,,,,,
1205780,2019/20,2019-11-12,"Cricket Stadium, Sector-16",1,7.1,Himachal,Punjab,P Chopra,AR Kumar,Karan Kaila,1,0,,,,,,,,,
1205780,2019/20,2019-11-12,"Cricket Stadium, Sector-16",1,7.2,Himachal,Punjab,AR Kumar,P Chopra,Karan Kaila,0,0,,,,,,bowled,AR Kumar,,
1205780,2019/20,2019-11-12,"Cricket Stadium, Sector-16",1,7.3,Himachal,Punjab,R Dhawan,P Chopra,Karan Kaila,1,0,,,,,,,,,
1205780,2019/20,2019-11-12,"Cricket Stadium, Sector-16",1,7.4,Himachal,Punjab,P Chopra,R Dhawan,Karan Kaila,0,0,,,,,,,,,
1205780,2019/20,2019-11-12,"Cricket Stadium, Sector-16",1,7.5,Himachal,Punjab,P Chopra,R Dhawan,Karan Kaila,0,0,,,,,,,,,
1205780,2019/20,2019-11-12,"Cricket Stadium, Sector-16",1,7.6,Himachal,Punjab,P Chopra,R Dhawan,Karan Kaila,0,0,,,,,,,,,
1205780,2019/20,2019-11-12,"Cricket Stadium, Sector-16",1,8.1,Himachal,Punjab,R Dhawan,P Chopra,M Markande,1,0,,,,,,,,,
1205780,2019/20,2019-11-12,"Cricket Stadium, Sector-16",1,8.2,Himachal,Punjab,P Chopra,R Dhawan,M Markande,1,0,,,,,,,,,
1205780,2019/20,2019-11-12,"Cricket Stadium, Sector-16",1,8.3,Himachal,Punjab,R Dhawan,P Chopra,M Markande,0,0,,,,,,,,,
1205780,2019/20,2019-11-12,"Cricket Stadium, Sector-16",1,8.4,Himachal,Punjab,R Dhawan,P Chopra,M Markande,0,0,,,,,,,,,
1205780,2019/20,2019-11-12,"Cricket Stadium, Sector-16",1,8.5,Himachal,Punjab,R Dhawan,P Chopra,M Markande,0,0,,,,,,,,,
1205780,2019/20,2019-11-12,"Cricket Stadium, Sector-16",1,8.6,Himachal,Punjab,R Dhawan,P Chopra,M Markande,2,0,,,,,,,,,
1205780,2019/20,2019-11-12,"Cricket Stadium, Sector-16",1,9.1,Himachal,Punjab,P Chopra,R Dhawan,Harpreet Brar,1,0,,,,,,,,,
1205780,2019/20,2019-11-12,"Cricket Stadium, Sector-16",1,9.2,Himachal,Punjab,R Dhawan,P Chopra,Harpreet Brar,0,0,,,,,,,,,
1205780,2019/20,2019-11-12,"Cricket Stadium, Sector-16",1,9.3,Himachal,Punjab,R Dhawan,P Chopra,Harpreet Brar,0,1,1,,,,,,,,
1205780,2019/20,2019-11-12,"Cricket Stadium, Sector-16",1,9.4,Himachal,Punjab,R Dhawan,P Chopra,Harpreet Brar,0,0,,,,,,,,,
1205780,2019/20,2019-11-12,"Cricket Stadium, Sector-16",1,9.5,Himachal,Punjab,R Dhawan,P Chopra,Harpreet Brar,0,0,,,,,,caught,R Dhawan,,
1205780,2019/20,2019-11-12,"Cricket Stadium, Sector-16",1,9.6,Himachal,Punjab,P Chopra,N A Sharma,Harpreet Brar,1,0,,,,,,,,,
1205780,2019/20,2019-11-12,"Cricket Stadium, Sector-16",1,9.7,Himachal,Punjab,N A Sharma,P Chopra,Harpreet Brar,1,0,,,,,,,,,
1205780,2019/20,2019-11-12,"Cricket Stadium, Sector-16",1,10.1,Himachal,Punjab,N A Sharma,P Chopra,M Markande,1,0,,,,,,,,,
1205780,2019/20,2019-11-12,"Cricket Stadium, Sector-16",1,10.2,Himachal,Punjab,P Chopra,N A Sharma,M Markande,1,0,,,,,,,,,
1205780,2019/20,2019-11-12,"Cricket Stadium, Sector-16",1,10.3,Himachal,Punjab,N A Sharma,P Chopra,M Markande,2,0,,,,,,,,,
1205780,2019/20,2019-11-12,"Cricket Stadium, Sector-16",1,10.4,Himachal,Punjab,N A Sharma,P Chopra,M Markande,0,4,,,4,,,,,,
1205780,2019/20,2019-11-12,"Cricket Stadium, Sector-16",1,10.5,Himachal,Punjab,N A Sharma,P Chopra,M Markande,0,0,,,,,,,,,
1205780,2019/20,2019-11-12,"Cricket Stadium, Sector-16",1,10.6,Himachal,Punjab,N A Sharma,P Chopra,M Markande,1,0,,,,,,,,,
1205780,2019/20,2019-11-12,"Cricket Stadium, Sector-16",1,11.1,Himachal,Punjab,N A Sharma,P Chopra,S Kaul,1,0,,,,,,,,,
1205780,2019/20,2019-11-12,"Cricket Stadium, Sector-16",1,11.2,Himachal,Punjab,P Chopra,N A Sharma,S Kaul,4,0,,,,,,,,,
1205780,2019/20,2019-11-12,"Cricket Stadium, Sector-16",1,11.3,Himachal,Punjab,P Chopra,N A Sharma,S Kaul,0,0,,,,,,,,,
1205780,2019/20,2019-11-12,"Cricket Stadium, Sector-16",1,11.4,Himachal,Punjab,P Chopra,N A Sharma,S Kaul,4,0,,,,,,,,,
1205780,2019/20,2019-11-12,"Cricket Stadium, Sector-16",1,11.5,Himachal,Punjab,P Chopra,N A Sharma,S Kaul,2,0,,,,,,,,,
1205780,2019/20,2019-11-12,"Cricket Stadium, Sector-16",1,11.6,Himachal,Punjab,P Chopra,N A Sharma,S Kaul,2,0,,,,,,,,,
1205780,2019/20,2019-11-12,"Cricket Stadium, Sector-16",1,12.1,Himachal,Punjab,N A Sharma,P Chopra,M Markande,0,0,,,,,,caught,N A Sharma,,
1205780,2019/20,2019-11-12,"Cricket Stadium, Sector-16",1,12.2,Himachal,Punjab,P Chopra,Ayush Jamwal,M Markande,0,0,,,,,,,,,
1205780,2019/20,2019-11-12,"Cricket Stadium, Sector-16",1,12.3,Himachal,Punjab,P Chopra,Ayush Jamwal,M Markande,1,0,,,,,,,,,
1205780,2019/20,2019-11-12,"Cricket Stadium, Sector-16",1,12.4,Himachal,Punjab,Ayush Jamwal,P Chopra,M Markande,0,0,,,,,,,,,
1205780,2019/20,2019-11-12,"Cricket Stadium, Sector-16",1,12.5,Himachal,Punjab,Ayush Jamwal,P Chopra,M Markande,0,0,,,,,,,,,
1205780,2019/20,2019-11-12,"Cricket Stadium, Sector-16",1,12.6,Himachal,Punjab,Ayush Jamwal,P Chopra,M Markande,0,0,,,,,,,,,
1205780,2019/20,2019-11-12,"Cricket Stadium, Sector-16",1,13.1,Himachal,Punjab,P Chopra,Ayush Jamwal,Karan Kaila,2,0,,,,,,,,,
1205780,2019/20,2019-11-12,"Cricket Stadium, Sector-16",1,13.2,Himachal,Punjab,P Chopra,Ayush Jamwal,Karan Kaila,0,0,,,,,,,,,
1205780,2019/20,2019-11-12,"Cricket Stadium, Sector-16",1,13.3,Himachal,Punjab,P Chopra,Ayush Jamwal,Karan Kaila,1,0,,,,,,,,,
1205780,2019/20,2019-11-12,"Cricket Stadium, Sector-16",1,13.4,Himachal,Punjab,Ayush Jamwal,P Chopra,Karan Kaila,1,0,,,,,,,,,
1205780,2019/20,2019-11-12,"Cricket Stadium, Sector-16",1,13.5,Himachal,Punjab,P Chopra,Ayush Jamwal,Karan Kaila,4,0,,,,,,,,,
1205780,2019/20,2019-11-12,"Cricket Stadium, Sector-16",1,13.6,Himachal,Punjab,P Chopra,Ayush Jamwal,Karan Kaila,1,0,,,,,,,,,
1205780,2019/20,2019-11-12,"Cricket Stadium, Sector-16",1,14.1,Himachal,Punjab,P Chopra,Ayush Jamwal,Harpreet Brar,1,0,,,,,,,,,
1205780,2019/20,2019-11-12,"Cricket Stadium, Sector-16",1,14.2,Himachal,Punjab,Ayush Jamwal,P Chopra,Harpreet Brar,0,0,,,,,,bowled,Ayush Jamwal,,
1205780,2019/20,2019-11-12,"Cricket Stadium, Sector-16",1,14.3,Himachal,Punjab,Mayank Dagar,P Chopra,Harpreet Brar,0,0,,,,,,,,,
1205780,2019/20,2019-11-12,"Cricket Stadium, Sector-16",1,14.4,Himachal,Punjab,Mayank Dagar,P Chopra,Harpreet Brar,0,0,,,,,,,,,
1205780,2019/20,2019-11-12,"Cricket Stadium, Sector-16",1,14.5,Himachal,Punjab,Mayank Dagar,P Chopra,Harpreet Brar,0,0,,,,,,,,,
1205780,2019/20,2019-11-12,"Cricket Stadium, Sector-16",1,14.6,Himachal,Punjab,Mayank Dagar,P Chopra,Harpreet Brar,0,0,,,,,,,,,
1205780,2019/20,2019-11-12,"Cricket Stadium, Sector-16",1,15.1,Himachal,Punjab,P Chopra,Mayank Dagar,Karan Kaila,0,0,,,,,,,,,
1205780,2019/20,2019-11-12,"Cricket Stadium, Sector-16",1,15.2,Himachal,Punjab,P Chopra,Mayank Dagar,Karan Kaila,0,0,,,,,,,,,
1205780,2019/20,2019-11-12,"Cricket Stadium, Sector-16",1,15.3,Himachal,Punjab,P Chopra,Mayank Dagar,Karan Kaila,0,0,,,,,,,,,
1205780,2019/20,2019-11-12,"Cricket Stadium, Sector-16",1,15.4,Himachal,Punjab,P Chopra,Mayank Dagar,Karan Kaila,1,0,,,,,,,,,
1205780,2019/20,2019-11-12,"Cricket Stadium, Sector-16",1,15.5,Himachal,Punjab,Mayank Dagar,P Chopra,Karan Kaila,1,0,,,,,,,,,
1205780,2019/20,2019-11-12,"Cricket Stadium, Sector-16",1,15.6,Himachal,Punjab,P Chopra,Mayank Dagar,Karan Kaila,0,0,,,,,,,,,
1205780,2019/20,2019-11-12,"Cricket Stadium, Sector-16",1,16.1,Himachal,Punjab,Mayank Dagar,P Chopra,Sandeep Sharma,0,0,,,,,,,,,
1205780,2019/20,2019-11-12,"Cricket Stadium, Sector-16",1,16.2,Himachal,Punjab,Mayank Dagar,P Chopra,Sandeep Sharma,1,0,,,,,,,,,
1205780,2019/20,2019-11-12,"Cricket Stadium, Sector-16",1,16.3,Himachal,Punjab,P Chopra,Mayank Dagar,Sandeep Sharma,1,0,,,,,,,,,
1205780,2019/20,2019-11-12,"Cricket Stadium, Sector-16",1,16.4,Himachal,Punjab,Mayank Dagar,P Chopra,Sandeep Sharma,0,0,,,,,,lbw,Mayank Dagar,,
1205780,2019/20,2019-11-12,"Cricket Stadium, Sector-16",1,16.5,Himachal,Punjab,Pankaj Jaswal,P Chopra,Sandeep Sharma,0,0,,,,,,,,,
1205780,2019/20,2019-11-12,"Cricket Stadium, Sector-16",1,16.6,Himachal,Punjab,Pankaj Jaswal,P Chopra,Sandeep Sharma,0,0,,,,,,,,,
1205780,2019/20,2019-11-12,"Cricket Stadium, Sector-16",1,17.1,Himachal,Punjab,P Chopra,Pankaj Jaswal,S Kaul,0,0,,,,,,,,,
1205780,2019/20,2019-11-12,"Cricket Stadium, Sector-16",1,17.2,Himachal,Punjab,P Chopra,Pankaj Jaswal,S Kaul,0,0,,,,,,,,,
1205780,2019/20,2019-11-12,"Cricket Stadium, Sector-16",1,17.3,Himachal,Punjab,P Chopra,Pankaj Jaswal,S Kaul,2,0,,,,,,,,,
1205780,2019/20,2019-11-12,"Cricket Stadium, Sector-16",1,17.4,Himachal,Punjab,P Chopra,Pankaj Jaswal,S Kaul,1,0,,,,,,,,,
1205780,2019/20,2019-11-12,"Cricket Stadium, Sector-16",1,17.5,Himachal,Punjab,Pankaj Jaswal,P Chopra,S Kaul,1,0,,,,,,,,,
1205780,2019/20,2019-11-12,"Cricket Stadium, Sector-16",1,17.6,Himachal,Punjab,P Chopra,Pankaj Jaswal,S Kaul,1,0,,,,,,,,,
1205780,2019/20,2019-11-12,"Cricket Stadium, Sector-16",1,18.1,Himachal,Punjab,P Chopra,Pankaj Jaswal,Sandeep Sharma,4,0,,,,,,,,,
1205780,2019/20,2019-11-12,"Cricket Stadium, Sector-16",1,18.2,Himachal,Punjab,P Chopra,Pankaj Jaswal,Sandeep Sharma,1,0,,,,,,,,,
1205780,2019/20,2019-11-12,"Cricket Stadium, Sector-16",1,18.3,Himachal,Punjab,Pankaj Jaswal,P Chopra,Sandeep Sharma,0,0,,,,,,caught,Pankaj Jaswal,,
1205780,2019/20,2019-11-12,"Cricket Stadium, Sector-16",1,18.4,Himachal,Punjab,P Chopra,Kanwar Abhinay,Sandeep Sharma,0,0,,,,,,,,,
1205780,2019/20,2019-11-12,"Cricket Stadium, Sector-16",1,18.5,Himachal,Punjab,P Chopra,Kanwar Abhinay,Sandeep Sharma,0,0,,,,,,,,,
1205780,2019/20,2019-11-12,"Cricket Stadium, Sector-16",1,18.6,Himachal,Punjab,P Chopra,Kanwar Abhinay,Sandeep Sharma,1,0,,,,,,,,,
1205780,2019/20,2019-11-12,"Cricket Stadium, Sector-16",1,19.1,Himachal,Punjab,P Chopra,Kanwar Abhinay,S Kaul,0,0,,,,,,,,,
1205780,2019/20,2019-11-12,"Cricket Stadium, Sector-16",1,19.2,Himachal,Punjab,P Chopra,Kanwar Abhinay,S Kaul,0,0,,,,,,,,,
1205780,2019/20,2019-11-12,"Cricket Stadium, Sector-16",1,19.3,Himachal,Punjab,P Chopra,Kanwar Abhinay,S Kaul,0,0,,,,,,,,,
1205780,2019/20,2019-11-12,"Cricket Stadium, Sector-16",1,19.4,Himachal,Punjab,P Chopra,Kanwar Abhinay,S Kaul,0,0,,,,,,,,,
1205780,2019/20,2019-11-12,"Cricket Stadium, Sector-16",1,19.5,Himachal,Punjab,P Chopra,Kanwar Abhinay,S Kaul,1,0,,,,,,,,,
1205780,2019/20,2019-11-12,"Cricket Stadium, Sector-16",1,19.6,Himachal,Punjab,Kanwar Abhinay,P Chopra,S Kaul,1,0,,,,,,,,,
1205780,2019/20,2019-11-12,"Cricket Stadium, Sector-16",2,0.1,Punjab,Himachal,Abhishek Sharma,P Simran Singh,Ayush Jamwal,0,0,,,,,,,,,
1205780,2019/20,2019-11-12,"Cricket Stadium, Sector-16",2,0.2,Punjab,Himachal,Abhishek Sharma,P Simran Singh,Ayush Jamwal,4,0,,,,,,,,,
1205780,2019/20,2019-11-12,"Cricket Stadium, Sector-16",2,0.3,Punjab,Himachal,Abhishek Sharma,P Simran Singh,Ayush Jamwal,1,0,,,,,,,,,
1205780,2019/20,2019-11-12,"Cricket Stadium, Sector-16",2,0.4,Punjab,Himachal,P Simran Singh,Abhishek Sharma,Ayush Jamwal,0,0,,,,,,,,,
1205780,2019/20,2019-11-12,"Cricket Stadium, Sector-16",2,0.5,Punjab,Himachal,P Simran Singh,Abhishek Sharma,Ayush Jamwal,0,0,,,,,,,,,
1205780,2019/20,2019-11-12,"Cricket Stadium, Sector-16",2,0.6,Punjab,Himachal,P Simran Singh,Abhishek Sharma,Ayush Jamwal,0,0,,,,,,,,,
1205780,2019/20,2019-11-12,"Cricket Stadium, Sector-16",2,1.1,Punjab,Himachal,Abhishek Sharma,P Simran Singh,Kanwar Abhinay,1,0,,,,,,,,,
1205780,2019/20,2019-11-12,"Cricket Stadium, Sector-16",2,1.2,Punjab,Himachal,P Simran Singh,Abhishek Sharma,Kanwar Abhinay,4,0,,,,,,,,,
1205780,2019/20,2019-11-12,"Cricket Stadium, Sector-16",2,1.3,Punjab,Himachal,P Simran Singh,Abhishek Sharma,Kanwar Abhinay,0,0,,,,,,,,,
1205780,2019/20,2019-11-12,"Cricket Stadium, Sector-16",2,1.4,Punjab,Himachal,P Simran Singh,Abhishek Sharma,Kanwar Abhinay,0,0,,,,,,,,,
1205780,2019/20,2019-11-12,"Cricket Stadium, Sector-16",2,1.5,Punjab,Himachal,P Simran Singh,Abhishek Sharma,Kanwar Abhinay,0,0,,,,,,,,,
1205780,2019/20,2019-11-12,"Cricket Stadium, Sector-16",2,1.6,Punjab,Himachal,P Simran Singh,Abhishek Sharma,Kanwar Abhinay,4,0,,,,,,,,,
1205780,2019/20,2019-11-12,"Cricket Stadium, Sector-16",2,2.1,Punjab,Himachal,Abhishek Sharma,P Simran Singh,Pankaj Jaswal,4,0,,,,,,,,,
1205780,2019/20,2019-11-12,"Cricket Stadium, Sector-16",2,2.2,Punjab,Himachal,Abhishek Sharma,P Simran Singh,Pankaj Jaswal,0,0,,,,,,,,,
1205780,2019/20,2019-11-12,"Cricket Stadium, Sector-16",2,2.3,Punjab,Himachal,Abhishek Sharma,P Simran Singh,Pankaj Jaswal,4,0,,,,,,,,,
1205780,2019/20,2019-11-12,"Cricket Stadium, Sector-16",2,2.4,Punjab,Himachal,Abhishek Sharma,P Simran Singh,Pankaj Jaswal,2,0,,,,,,,,,
1205780,2019/20,2019-11-12,"Cricket Stadium, Sector-16",2,2.5,Punjab,Himachal,Abhishek Sharma,P Simran Singh,Pankaj Jaswal,0,0,,,,,,lbw,Abhishek Sharma,,
1205780,2019/20,2019-11-12,"Cricket Stadium, Sector-16",2,2.6,Punjab,Himachal,Anmolpreet Singh,P Simran Singh,Pankaj Jaswal,0,0,,,,,,,,,
1205780,2019/20,2019-11-12,"Cricket Stadium, Sector-16",2,3.1,Punjab,Himachal,P Simran Singh,Anmolpreet Singh,R Dhawan,6,0,,,,,,,,,
1205780,2019/20,2019-11-12,"Cricket Stadium, Sector-16",2,3.2,Punjab,Himachal,P Simran Singh,Anmolpreet Singh,R Dhawan,0,0,,,,,,,,,
1205780,2019/20,2019-11-12,"Cricket Stadium, Sector-16",2,3.3,Punjab,Himachal,P Simran Singh,Anmolpreet Singh,R Dhawan,4,0,,,,,,,,,
1205780,2019/20,2019-11-12,"Cricket Stadium, Sector-16",2,3.4,Punjab,Himachal,P Simran Singh,Anmolpreet Singh,R Dhawan,4,0,,,,,,,,,
1205780,2019/20,2019-11-12,"Cricket Stadium, Sector-16",2,3.5,Punjab,Himachal,P Simran Singh,Anmolpreet Singh,R Dhawan,1,0,,,,,,,,,
1205780,2019/20,2019-11-12,"Cricket Stadium, Sector-16",2,3.6,Punjab,Himachal,Anmolpreet Singh,P Simran Singh,R Dhawan,0,0,,,,,,,,,
1205780,2019/20,2019-11-12,"Cricket Stadium, Sector-16",2,4.1,Punjab,Himachal,P Simran Singh,Anmolpreet Singh,Ayush Jamwal,0,0,,,,,,,,,
1205780,2019/20,2019-11-12,"Cricket Stadium, Sector-16",2,4.2,Punjab,Himachal,P Simran Singh,Anmolpreet Singh,Ayush Jamwal,4,0,,,,,,,,,
1205780,2019/20,2019-11-12,"Cricket Stadium, Sector-16",2,4.3,Punjab,Himachal,P Simran Singh,Anmolpreet Singh,Ayush Jamwal,0,0,,,,,,,,,
1205780,2019/20,2019-11-12,"Cricket Stadium, Sector-16",2,4.4,Punjab,Himachal,P Simran Singh,Anmolpreet Singh,Ayush Jamwal,1,0,,,,,,,,,
1205780,2019/20,2019-11-12,"Cricket Stadium, Sector-16",2,4.5,Punjab,Himachal,Anmolpreet Singh,P Simran Singh,Ayush Jamwal,0,0,,,,,,,,,
1205780,2019/20,2019-11-12,"Cricket Stadium, Sector-16",2,4.6,Punjab,Himachal,Anmolpreet Singh,P Simran Singh,Ayush Jamwal,0,0,,,,,,,,,
1205780,2019/20,2019-11-12,"Cricket Stadium, Sector-16",2,5.1,Punjab,Himachal,P Simran Singh,Anmolpreet Singh,Pankaj Jaswal,6,0,,,,,,,,,
1205780,2019/20,2019-11-12,"Cricket Stadium, Sector-16",2,5.2,Punjab,Himachal,P Simran Singh,Anmolpreet Singh,Pankaj Jaswal,4,0,,,,,,,,,
1205780,2019/20,2019-11-12,"Cricket Stadium, Sector-16",2,5.3,Punjab,Himachal,P Simran Singh,Anmolpreet Singh,Pankaj Jaswal,4,0,,,,,,,,,
1205780,2019/20,2019-11-12,"Cricket Stadium, Sector-16",2,5.4,Punjab,Himachal,P Simran Singh,Anmolpreet Singh,Pankaj Jaswal,2,0,,,,,,,,,
1205780,2019/20,2019-11-12,"Cricket Stadium, Sector-16",2,5.5,Punjab,Himachal,P Simran Singh,Anmolpreet Singh,Pankaj Jaswal,0,0,,,,,,,,,
1205780,2019/20,2019-11-12,"Cricket Stadium, Sector-16",2,5.6,Punjab,Himachal,P Simran Singh,Anmolpreet Singh,Pankaj Jaswal,0,0,,,,,,,,,
1205780,2019/20,2019-11-12,"Cricket Stadium, Sector-16",2,6.1,Punjab,Himachal,Anmolpreet Singh,P Simran Singh,Mayank Dagar,1,0,,,,,,,,,
1205780,2019/20,2019-11-12,"Cricket Stadium, Sector-16",2,6.2,Punjab,Himachal,P Simran Singh,Anmolpreet Singh,Mayank Dagar,1,0,,,,,,,,,
1205780,2019/20,2019-11-12,"Cricket Stadium, Sector-16",2,6.3,Punjab,Himachal,Anmolpreet Singh,P Simran Singh,Mayank Dagar,1,0,,,,,,,,,
1205780,2019/20,2019-11-12,"Cricket Stadium, Sector-16",2,6.4,Punjab,Himachal,P Simran Singh,Anmolpreet Singh,Mayank Dagar,1,0,,,,,,,,,
1205780,2019/20,2019-11-12,"Cricket Stadium, Sector-16",2,6.5,Punjab,Himachal,Anmolpreet Singh,P Simran Singh,Mayank Dagar,0,0,,,,,,,,,
1205780,2019/20,2019-11-12,"Cricket Stadium, Sector-16",2,6.6,Punjab,Himachal,Anmolpreet Singh,P Simran Singh,Mayank Dagar,0,0,,,,,,,,,
1205780,2019/20,2019-11-12,"Cricket Stadium, Sector-16",2,7.1,Punjab,Himachal,P Simran Singh,Anmolpreet Singh,Ayush Jamwal,1,0,,,,,,,,,
1205780,2019/20,2019-11-12,"Cricket Stadium, Sector-16",2,7.2,Punjab,Himachal,Anmolpreet Singh,P Simran Singh,Ayush Jamwal,0,0,,,,,,caught,Anmolpreet Singh,,
1205780,2019/20,2019-11-12,"Cricket Stadium, Sector-16",2,7.3,Punjab,Himachal,Gurkeerat Singh,P Simran Singh,Ayush Jamwal,1,0,,,,,,,,,
1205780,2019/20,2019-11-12,"Cricket Stadium, Sector-16",2,7.4,Punjab,Himachal,P Simran Singh,Gurkeerat Singh,Ayush Jamwal,0,1,1,,,,,,,,
1205780,2019/20,2019-11-12,"Cricket Stadium, Sector-16",2,7.5,Punjab,Himachal,P Simran Singh,Gurkeerat Singh,Ayush Jamwal,1,0,,,,,,,,,
1205780,2019/20,2019-11-12,"Cricket Stadium, Sector-16",2,7.6,Punjab,Himachal,Gurkeerat Singh,P Simran Singh,Ayush Jamwal,0,0,,,,,,,,,
1205780,2019/20,2019-11-12,"Cricket Stadium, Sector-16",2,7.7,Punjab,Himachal,Gurkeerat Singh,P Simran Singh,Ayush Jamwal,0,0,,,,,,,,,
1205780,2019/20,2019-11-12,"Cricket Stadium, Sector-16",2,8.1,Punjab,Himachal,P Simran Singh,Gurkeerat Singh,Mayank Dagar,0,0,,,,,,,,,
1205780,2019/20,2019-11-12,"Cricket Stadium, Sector-16",2,8.2,Punjab,Himachal,P Simran Singh,Gurkeerat Singh,Mayank Dagar,6,0,,,,,,,,,
1205780,2019/20,2019-11-12,"Cricket Stadium, Sector-16",2,8.3,Punjab,Himachal,P Simran Singh,Gurkeerat Singh,Mayank Dagar,0,0,,,,,,,,,
1205780,2019/20,2019-11-12,"Cricket Stadium, Sector-16",2,8.4,Punjab,Himachal,P Simran Singh,Gurkeerat Singh,Mayank Dagar,1,0,,,,,,,,,
1205780,2019/20,2019-11-12,"Cricket Stadium, Sector-16",2,8.5,Punjab,Himachal,Gurkeerat Singh,P Simran Singh,Mayank Dagar,1,0,,,,,,,,,
1205780,2019/20,2019-11-12,"Cricket Stadium, Sector-16",2,8.6,Punjab,Himachal,P Simran Singh,Gurkeerat Singh,Mayank Dagar,2,0,,,,,,,,,
1205780,2019/20,2019-11-12,"Cricket Stadium, Sector-16",2,9.1,Punjab,Himachal,Gurkeerat Singh,P Simran Singh,Ayush Jamwal,6,0,,,,,,,,,
1205780,2019/20,2019-11-12,"Cricket Stadium, Sector-16",2,9.2,Punjab,Himachal,Gurkeerat Singh,P Simran Singh,Ayush Jamwal,0,0,,,,,,,,,
1205780,2019/20,2019-11-12,"Cricket Stadium, Sector-16",2,9.3,Punjab,Himachal,Gurkeerat Singh,P Simran Singh,Ayush Jamwal,6,0,,,,,,,,,
