match_id,season,start_date,venue,innings,ball,batting_team,bowling_team,striker,non_striker,bowler,runs_off_bat,extras,wides,noballs,byes,legbyes,penalty,wicket_type,player_dismissed,other_wicket_type,other_player_dismissed
1205813,2019/20,2019-11-15,C B Patel Ground,1,0.1,Odisha,Gujarat,Govinda Poddar,Sandeep Pattnaik,Roosh Kalaria,0,0,,,,,,,,,
1205813,2019/20,2019-11-15,C B Patel Ground,1,0.2,Odisha,Gujarat,Govinda Poddar,Sandeep Pattnaik,Roosh Kalaria,0,0,,,,,,,,,
1205813,2019/20,2019-11-15,C B Patel Ground,1,0.3,Odisha,Gujarat,Govinda Poddar,Sandeep Pattnaik,Roosh Kalaria,0,0,,,,,,,,,
1205813,2019/20,2019-11-15,C B Patel Ground,1,0.4,Odisha,Gujarat,Govinda Poddar,Sandeep Pattnaik,Roosh Kalaria,4,0,,,,,,,,,
1205813,2019/20,2019-11-15,C B Patel Ground,1,0.5,Odisha,Gujarat,Govinda Poddar,Sandeep Pattnaik,Roosh Kalaria,0,0,,,,,,,,,
1205813,2019/20,2019-11-15,C B Patel Ground,1,0.6,Odisha,Gujarat,Govinda Poddar,Sandeep Pattnaik,Roosh Kalaria,4,0,,,,,,,,,
1205813,2019/20,2019-11-15,C B Patel Ground,1,1.1,Odisha,Gujarat,Sandeep Pattnaik,Govinda Poddar,Chintan Gaja,1,0,,,,,,,,,
1205813,2019/20,2019-11-15,C B Patel Ground,1,1.2,Odisha,Gujarat,Govinda Poddar,Sandeep Pattnaik,Chintan Gaja,4,0,,,,,,,,,
1205813,2019/20,2019-11-15,C B Patel Ground,1,1.3,Odisha,Gujarat,Govinda Poddar,Sandeep Pattnaik,Chintan Gaja,0,0,,,,,,,,,
1205813,2019/20,2019-11-15,C B Patel Ground,1,1.4,Odisha,Gujarat,Govinda Poddar,Sandeep Pattnaik,Chintan Gaja,1,0,,,,,,,,,
1205813,2019/20,2019-11-15,C B Patel Ground,1,1.5,Odisha,Gujarat,Sandeep Pattnaik,Govinda Poddar,Chintan Gaja,0,0,,,,,,,,,
1205813,2019/20,2019-11-15,C B Patel Ground,1,1.6,Odisha,Gujarat,Sandeep Pattnaik,Govinda Poddar,Chintan Gaja,0,0,,,,,,,,,
1205813,2019/20,2019-11-15,C B Patel Ground,1,2.1,Odisha,Gujarat,Govinda Poddar,Sandeep Pattnaik,Roosh Kalaria,0,0,,,,,,caught,Govinda Poddar,,
1205813,2019/20,2019-11-15,C B Patel Ground,1,2.2,Odisha,Gujarat,Subhransu Senapati,Sandeep Pattnaik,Roosh Kalaria,1,0,,,,,,,,,
1205813,2019/20,2019-11-15,C B Patel Ground,1,2.3,Odisha,Gujarat,Sandeep Pattnaik,Subhransu Senapati,Roosh Kalaria,0,0,,,,,,,,,
1205813,2019/20,2019-11-15,C B Patel Ground,1,2.4,Odisha,Gujarat,Sandeep Pattnaik,Subhransu Senapati,Roosh Kalaria,1,0,,,,,,,,,
1205813,2019/20,2019-11-15,C B Patel Ground,1,2.5,Odisha,Gujarat,Subhransu Senapati,Sandeep Pattnaik,Roosh Kalaria,0,0,,,,,,,,,
1205813,2019/20,2019-11-15,C B Patel Ground,1,2.6,Odisha,Gujarat,Subhransu Senapati,Sandeep Pattnaik,Roosh Kalaria,1,0,,,,,,,,,
1205813,2019/20,2019-11-15,C B Patel Ground,1,3.1,Odisha,Gujarat,Subhransu Senapati,Sandeep Pattnaik,A Nagwaswalla,0,0,,,,,,,,,
1205813,2019/20,2019-11-15,C B Patel Ground,1,3.2,Odisha,Gujarat,Subhransu Senapati,Sandeep Pattnaik,A Nagwaswalla,1,0,,,,,,,,,
1205813,2019/20,2019-11-15,C B Patel Ground,1,3.3,Odisha,Gujarat,Sandeep Pattnaik,Subhransu Senapati,A Nagwaswalla,0,0,,,,,,bowled,Sandeep Pattnaik,,
1205813,2019/20,2019-11-15,C B Patel Ground,1,3.4,Odisha,Gujarat,BB Samantray,Subhransu Senapati,A Nagwaswalla,0,0,,,,,,,,,
1205813,2019/20,2019-11-15,C B Patel Ground,1,3.5,Odisha,Gujarat,BB Samantray,Subhransu Senapati,A Nagwaswalla,0,0,,,,,,,,,
1205813,2019/20,2019-11-15,C B Patel Ground,1,3.6,Odisha,Gujarat,BB Samantray,Subhransu Senapati,A Nagwaswalla,0,0,,,,,,,,,
1205813,2019/20,2019-11-15,C B Patel Ground,1,4.1,Odisha,Gujarat,Subhransu Senapati,BB Samantray,Chintan Gaja,1,0,,,,,,,,,
1205813,2019/20,2019-11-15,C B Patel Ground,1,4.2,Odisha,Gujarat,BB Samantray,Subhransu Senapati,Chintan Gaja,1,0,,,,,,,,,
1205813,2019/20,2019-11-15,C B Patel Ground,1,4.3,Odisha,Gujarat,Subhransu Senapati,BB Samantray,Chintan Gaja,6,0,,,,,,,,,
1205813,2019/20,2019-11-15,C B Patel Ground,1,4.4,Odisha,Gujarat,Subhransu Senapati,BB Samantray,Chintan Gaja,4,0,,,,,,,,,
1205813,2019/20,2019-11-15,C B Patel Ground,1,4.5,Odisha,Gujarat,Subhransu Senapati,BB Samantray,Chintan Gaja,6,0,,,,,,,,,
1205813,2019/20,2019-11-15,C B Patel Ground,1,4.6,Odisha,Gujarat,Subhransu Senapati,BB Samantray,Chintan Gaja,0,0,,,,,,,,,
1205813,2019/20,2019-11-15,C B Patel Ground,1,5.1,Odisha,Gujarat,BB Samantray,Subhransu Senapati,A Nagwaswalla,2,0,,,,,,,,,
1205813,2019/20,2019-11-15,C B Patel Ground,1,5.2,Odisha,Gujarat,BB Samantray,Subhransu Senapati,A Nagwaswalla,4,0,,,,,,,,,
1205813,2019/20,2019-11-15,C B Patel Ground,1,5.3,Odisha,Gujarat,BB Samantray,Subhransu Senapati,A Nagwaswalla,1,0,,,,,,,,,
1205813,2019/20,2019-11-15,C B Patel Ground,1,5.4,Odisha,Gujarat,Subhransu Senapati,BB Samantray,A Nagwaswalla,0,0,,,,,,,,,
1205813,2019/20,2019-11-15,C B Patel Ground,1,5.5,Odisha,Gujarat,Subhransu Senapati,BB Samantray,A Nagwaswalla,6,0,,,,,,,,,
1205813,2019/20,2019-11-15,C B Patel Ground,1,5.6,Odisha,Gujarat,Subhransu Senapati,BB Samantray,A Nagwaswalla,1,0,,,,,,,,,
1205813,2019/20,2019-11-15,C B Patel Ground,1,6.1,Odisha,Gujarat,Subhransu Senapati,BB Samantray,AR Patel,0,0,,,,,,,,,
1205813,2019/20,2019-11-15,C B Patel Ground,1,6.2,Odisha,Gujarat,Subhransu Senapati,BB Samantray,AR Patel,0,0,,,,,,,,,
1205813,2019/20,2019-11-15,C B Patel Ground,1,6.3,Odisha,Gujarat,Subhransu Senapati,BB Samantray,AR Patel,2,0,,,,,,,,,
1205813,2019/20,2019-11-15,C B Patel Ground,1,6.4,Odisha,Gujarat,Subhransu Senapati,BB Samantray,AR Patel,1,0,,,,,,,,,
1205813,2019/20,2019-11-15,C B Patel Ground,1,6.5,Odisha,Gujarat,BB Samantray,Subhransu Senapati,AR Patel,0,0,,,,,,,,,
1205813,2019/20,2019-11-15,C B Patel Ground,1,6.6,Odisha,Gujarat,BB Samantray,Subhransu Senapati,AR Patel,1,0,,,,,,,,,
1205813,2019/20,2019-11-15,C B Patel Ground,1,7.1,Odisha,Gujarat,BB Samantray,Subhransu Senapati,PP Chawla,0,0,,,,,,,,,
1205813,2019/20,2019-11-15,C B Patel Ground,1,7.2,Odisha,Gujarat,BB Samantray,Subhransu Senapati,PP Chawla,1,0,,,,,,,,,
1205813,2019/20,2019-11-15,C B Patel Ground,1,7.3,Odisha,Gujarat,Subhransu Senapati,BB Samantray,PP Chawla,1,0,,,,,,,,,
1205813,2019/20,2019-11-15,C B Patel Ground,1,7.4,Odisha,Gujarat,BB Samantray,Subhransu Senapati,PP Chawla,1,0,,,,,,,,,
1205813,2019/20,2019-11-15,C B Patel Ground,1,7.5,Odisha,Gujarat,Subhransu Senapati,BB Samantray,PP Chawla,0,0,,,,,,,,,
1205813,2019/20,2019-11-15,C B Patel Ground,1,7.6,Odisha,Gujarat,Subhransu Senapati,BB Samantray,PP Chawla,0,0,,,,,,,,,
1205813,2019/20,2019-11-15,C B Patel Ground,1,8.1,Odisha,Gujarat,BB Samantray,Subhransu Senapati,AR Patel,4,0,,,,,,,,,
1205813,2019/20,2019-11-15,C B Patel Ground,1,8.2,Odisha,Gujarat,BB Samantray,Subhransu Senapati,AR Patel,0,0,,,,,,,,,
1205813,2019/20,2019-11-15,C B Patel Ground,1,8.3,Odisha,Gujarat,BB Samantray,Subhransu Senapati,AR Patel,1,0,,,,,,,,,
1205813,2019/20,2019-11-15,C B Patel Ground,1,8.4,Odisha,Gujarat,Subhransu Senapati,BB Samantray,AR Patel,1,0,,,,,,,,,
1205813,2019/20,2019-11-15,C B Patel Ground,1,8.5,Odisha,Gujarat,BB Samantray,Subhransu Senapati,AR Patel,0,0,,,,,,,,,
1205813,2019/20,2019-11-15,C B Patel Ground,1,8.6,Odisha,Gujarat,BB Samantray,Subhransu Senapati,AR Patel,1,0,,,,,,,,,
1205813,2019/20,2019-11-15,C B Patel Ground,1,9.1,Odisha,Gujarat,BB Samantray,Subhransu Senapati,PP Chawla,1,0,,,,,,,,,
1205813,2019/20,2019-11-15,C B Patel Ground,1,9.2,Odisha,Gujarat,Subhransu Senapati,BB Samantray,PP Chawla,0,0,,,,,,caught,Subhransu Senapati,,
1205813,2019/20,2019-11-15,C B Patel Ground,1,9.3,Odisha,Gujarat,BB Samantray,AS Raut,PP Chawla,0,0,,,,,,,,,
1205813,2019/20,2019-11-15,C B Patel Ground,1,9.4,Odisha,Gujarat,BB Samantray,AS Raut,PP Chawla,1,0,,,,,,,,,
1205813,2019/20,2019-11-15,C B Patel Ground,1,9.5,Odisha,Gujarat,AS Raut,BB Samantray,PP Chawla,0,0,,,,,,,,,
1205813,2019/20,2019-11-15,C B Patel Ground,1,9.6,Odisha,Gujarat,AS Raut,BB Samantray,PP Chawla,0,0,,,,,,,,,
1205813,2019/20,2019-11-15,C B Patel Ground,1,10.1,Odisha,Gujarat,BB Samantray,AS Raut,AR Patel,0,0,,,,,,,,,
1205813,2019/20,2019-11-15,C B Patel Ground,1,10.2,Odisha,Gujarat,BB Samantray,AS Raut,AR Patel,1,0,,,,,,,,,
1205813,2019/20,2019-11-15,C B Patel Ground,1,10.3,Odisha,Gujarat,AS Raut,BB Samantray,AR Patel,1,0,,,,,,,,,
1205813,2019/20,2019-11-15,C B Patel Ground,1,10.4,Odisha,Gujarat,BB Samantray,AS Raut,AR Patel,4,0,,,,,,,,,
1205813,2019/20,2019-11-15,C B Patel Ground,1,10.5,Odisha,Gujarat,BB Samantray,AS Raut,AR Patel,0,0,,,,,,,,,
1205813,2019/20,2019-11-15,C B Patel Ground,1,10.6,Odisha,Gujarat,BB Samantray,AS Raut,AR Patel,1,0,,,,,,,,,
1205813,2019/20,2019-11-15,C B Patel Ground,1,11.1,Odisha,Gujarat,BB Samantray,AS Raut,Chintan Gaja,4,0,,,,,,,,,
1205813,2019/20,2019-11-15,C B Patel Ground,1,11.2,Odisha,Gujarat,BB Samantray,AS Raut,Chintan Gaja,1,0,,,,,,,,,
1205813,2019/20,2019-11-15,C B Patel Ground,1,11.3,Odisha,Gujarat,AS Raut,BB Samantray,Chintan Gaja,0,0,,,,,,,,,
1205813,2019/20,2019-11-15,C B Patel Ground,1,11.4,Odisha,Gujarat,AS Raut,BB Samantray,Chintan Gaja,1,0,,,,,,,,,
1205813,2019/20,2019-11-15,C B Patel Ground,1,11.5,Odisha,Gujarat,BB Samantray,AS Raut,Chintan Gaja,1,0,,,,,,,,,
1205813,2019/20,2019-11-15,C B Patel Ground,1,11.6,Odisha,Gujarat,AS Raut,BB Samantray,Chintan Gaja,0,0,,,,,,run out,BB Samantray,,
1205813,2019/20,2019-11-15,C B Patel Ground,1,12.1,Odisha,Gujarat,Ankit Yadav,AS Raut,A Nagwaswalla,1,0,,,,,,,,,
1205813,2019/20,2019-11-15,C B Patel Ground,1,12.2,Odisha,Gujarat,AS Raut,Ankit Yadav,A Nagwaswalla,2,0,,,,,,,,,
1205813,2019/20,2019-11-15,C B Patel Ground,1,12.3,Odisha,Gujarat,AS Raut,Ankit Yadav,A Nagwaswalla,1,0,,,,,,,,,
1205813,2019/20,2019-11-15,C B Patel Ground,1,12.4,Odisha,Gujarat,Ankit Yadav,AS Raut,A Nagwaswalla,1,0,,,,,,,,,
1205813,2019/20,2019-11-15,C B Patel Ground,1,12.5,Odisha,Gujarat,AS Raut,Ankit Yadav,A Nagwaswalla,1,0,,,,,,,,,
1205813,2019/20,2019-11-15,C B Patel Ground,1,12.6,Odisha,Gujarat,Ankit Yadav,AS Raut,A Nagwaswalla,2,0,,,,,,,,,
1205813,2019/20,2019-11-15,C B Patel Ground,1,13.1,Odisha,Gujarat,AS Raut,Ankit Yadav,PP Chawla,1,0,,,,,,,,,
1205813,2019/20,2019-11-15,C B Patel Ground,1,13.2,Odisha,Gujarat,Ankit Yadav,AS Raut,PP Chawla,0,0,,,,,,,,,
1205813,2019/20,2019-11-15,C B Patel Ground,1,13.3,Odisha,Gujarat,Ankit Yadav,AS Raut,PP Chawla,0,0,,,,,,,,,
1205813,2019/20,2019-11-15,C B Patel Ground,1,13.4,Odisha,Gujarat,Ankit Yadav,AS Raut,PP Chawla,2,0,,,,,,,,,
1205813,2019/20,2019-11-15,C B Patel Ground,1,13.5,Odisha,Gujarat,Ankit Yadav,AS Raut,PP Chawla,0,0,,,,,,bowled,Ankit Yadav,,
1205813,2019/20,2019-11-15,C B Patel Ground,1,13.6,Odisha,Gujarat,Prabin Luha,AS Raut,PP Chawla,0,0,,,,,,,,,
1205813,2019/20,2019-11-15,C B Patel Ground,1,14.1,Odisha,Gujarat,AS Raut,Prabin Luha,AR Patel,0,0,,,,,,caught,AS Raut,,
1205813,2019/20,2019-11-15,C B Patel Ground,1,14.2,Odisha,Gujarat,Suryakant Pradhan,Prabin Luha,AR Patel,1,0,,,,,,,,,
1205813,2019/20,2019-11-15,C B Patel Ground,1,14.3,Odisha,Gujarat,Prabin Luha,Suryakant Pradhan,AR Patel,1,0,,,,,,,,,
1205813,2019/20,2019-11-15,C B Patel Ground,1,14.4,Odisha,Gujarat,Suryakant Pradhan,Prabin Luha,AR Patel,0,0,,,,,,,,,
1205813,2019/20,2019-11-15,C B Patel Ground,1,14.5,Odisha,Gujarat,Suryakant Pradhan,Prabin Luha,AR Patel,1,0,,,,,,,,,
1205813,2019/20,2019-11-15,C B Patel Ground,1,14.6,Odisha,Gujarat,Prabin Luha,Suryakant Pradhan,AR Patel,0,0,,,,,,,,,
1205813,2019/20,2019-11-15,C B Patel Ground,1,15.1,Odisha,Gujarat,Suryakant Pradhan,Prabin Luha,PP Chawla,0,0,,,,,,,,,
1205813,2019/20,2019-11-15,C B Patel Ground,1,15.2,Odisha,Gujarat,Suryakant Pradhan,Prabin Luha,PP Chawla,0,0,,,,,,caught,Suryakant Pradhan,,
1205813,2019/20,2019-11-15,C B Patel Ground,1,15.3,Odisha,Gujarat,Rajesh Mohanty,Prabin Luha,PP Chawla,0,0,,,,,,,,,
1205813,2019/20,2019-11-15,C B Patel Ground,1,15.4,Odisha,Gujarat,Rajesh Mohanty,Prabin Luha,PP Chawla,0,0,,,,,,,,,
1205813,2019/20,2019-11-15,C B Patel Ground,1,15.5,Odisha,Gujarat,Rajesh Mohanty,Prabin Luha,PP Chawla,0,0,,,,,,,,,
1205813,2019/20,2019-11-15,C B Patel Ground,1,15.6,Odisha,Gujarat,Rajesh Mohanty,Prabin Luha,PP Chawla,1,0,,,,,,,,,
1205813,2019/20,2019-11-15,C B Patel Ground,1,16.1,Odisha,Gujarat,Rajesh Mohanty,Prabin Luha,Roosh Kalaria,2,0,,,,,,,,,
1205813,2019/20,2019-11-15,C B Patel Ground,1,16.2,Odisha,Gujarat,Rajesh Mohanty,Prabin Luha,Roosh Kalaria,1,0,,,,,,,,,
1205813,2019/20,2019-11-15,C B Patel Ground,1,16.3,Odisha,Gujarat,Prabin Luha,Rajesh Mohanty,Roosh Kalaria,0,0,,,,,,,,,
1205813,2019/20,2019-11-15,C B Patel Ground,1,16.4,Odisha,Gujarat,Prabin Luha,Rajesh Mohanty,Roosh Kalaria,0,0,,,,,,,,,
1205813,2019/20,2019-11-15,C B Patel Ground,1,16.5,Odisha,Gujarat,Prabin Luha,Rajesh Mohanty,Roosh Kalaria,0,0,,,,,,,,,
1205813,2019/20,2019-11-15,C B Patel Ground,1,16.6,Odisha,Gujarat,Prabin Luha,Rajesh Mohanty,Roosh Kalaria,0,0,,,,,,caught,Prabin Luha,,
1205813,2019/20,2019-11-15,C B Patel Ground,1,17.1,Odisha,Gujarat,Debabrata Pradhan,Rajesh Mohanty,Chintan Gaja,1,0,,,,,,,,,
1205813,2019/20,2019-11-15,C B Patel Ground,1,17.2,Odisha,Gujarat,Rajesh Mohanty,Debabrata Pradhan,Chintan Gaja,0,0,,,,,,,,,
1205813,2019/20,2019-11-15,C B Patel Ground,1,17.3,Odisha,Gujarat,Rajesh Mohanty,Debabrata Pradhan,Chintan Gaja,0,0,,,,,,,,,
1205813,2019/20,2019-11-15,C B Patel Ground,1,17.4,Odisha,Gujarat,Rajesh Mohanty,Debabrata Pradhan,Chintan Gaja,0,0,,,,,,caught,Rajesh Mohanty,,
1205813,2019/20,2019-11-15,C B Patel Ground,1,17.5,Odisha,Gujarat,Debabrata Pradhan,Pappu Roy,Chintan Gaja,0,0,,,,,,,,,
1205813,2019/20,2019-11-15,C B Patel Ground,1,17.6,Odisha,Gujarat,Debabrata Pradhan,Pappu Roy,Chintan Gaja,1,0,,,,,,,,,
1205813,2019/20,2019-11-15,C B Patel Ground,1,18.1,Odisha,Gujarat,Debabrata Pradhan,Pappu Roy,Roosh Kalaria,0,0,,,,,,,,,
1205813,2019/20,2019-11-15,C B Patel Ground,1,18.2,Odisha,Gujarat,Debabrata Pradhan,Pappu Roy,Roosh Kalaria,1,0,,,,,,,,,
1205813,2019/20,2019-11-15,C B Patel Ground,1,18.3,Odisha,Gujarat,Pappu Roy,Debabrata Pradhan,Roosh Kalaria,0,0,,,,,,,,,
1205813,2019/20,2019-11-15,C B Patel Ground,1,18.4,Odisha,Gujarat,Pappu Roy,Debabrata Pradhan,Roosh Kalaria,0,0,,,,,,caught,Pappu Roy,,
1205813,2019/20,2019-11-15,C B Patel Ground,2,0.1,Gujarat,Odisha,PA Patel,Priyank Panchal,Rajesh Mohanty,2,0,,,,,,,,,
1205813,2019/20,2019-11-15,C B Patel Ground,2,0.2,Gujarat,Odisha,PA Patel,Priyank Panchal,Rajesh Mohanty,1,0,,,,,,,,,
1205813,2019/20,2019-11-15,C B Patel Ground,2,0.3,Gujarat,Odisha,Priyank Panchal,PA Patel,Rajesh Mohanty,0,0,,,,,,,,,
1205813,2019/20,2019-11-15,C B Patel Ground,2,0.4,Gujarat,Odisha,Priyank Panchal,PA Patel,Rajesh Mohanty,1,0,,,,,,,,,
1205813,2019/20,2019-11-15,C B Patel Ground,2,0.5,Gujarat,Odisha,PA Patel,Priyank Panchal,Rajesh Mohanty,0,0,,,,,,caught,PA Patel,,
1205813,2019/20,2019-11-15,C B Patel Ground,2,0.6,Gujarat,Odisha,Urvil Patel,Priyank Panchal,Rajesh Mohanty,0,0,,,,,,,,,
1205813,2019/20,2019-11-15,C B Patel Ground,2,1.1,Gujarat,Odisha,Priyank Panchal,Urvil Patel,Suryakant Pradhan,1,0,,,,,,,,,
1205813,2019/20,2019-11-15,C B Patel Ground,2,1.2,Gujarat,Odisha,Urvil Patel,Priyank Panchal,Suryakant Pradhan,0,0,,,,,,,,,
1205813,2019/20,2019-11-15,C B Patel Ground,2,1.3,Gujarat,Odisha,Urvil Patel,Priyank Panchal,Suryakant Pradhan,0,0,,,,,,,,,
1205813,2019/20,2019-11-15,C B Patel Ground,2,1.4,Gujarat,Odisha,Urvil Patel,Priyank Panchal,Suryakant Pradhan,0,0,,,,,,caught,Urvil Patel,,
1205813,2019/20,2019-11-15,C B Patel Ground,2,1.5,Gujarat,Odisha,BH Merai,Priyank Panchal,Suryakant Pradhan,1,0,,,,,,,,,
1205813,2019/20,2019-11-15,C B Patel Ground,2,1.6,Gujarat,Odisha,Priyank Panchal,BH Merai,Suryakant Pradhan,0,0,,,,,,,,,
1205813,2019/20,2019-11-15,C B Patel Ground,2,2.1,Gujarat,Odisha,BH Merai,Priyank Panchal,Rajesh Mohanty,4,0,,,,,,,,,
1205813,2019/20,2019-11-15,C B Patel Ground,2,2.2,Gujarat,Odisha,BH Merai,Priyank Panchal,Rajesh Mohanty,0,1,,1,,,,,,,
1205813,2019/20,2019-11-15,C B Patel Ground,2,2.3,Gujarat,Odisha,BH Merai,Priyank Panchal,Rajesh Mohanty,4,0,,,,,,,,,
1205813,2019/20,2019-11-15,C B Patel Ground,2,2.4,Gujarat,Odisha,BH Merai,Priyank Panchal,Rajesh Mohanty,0,0,,,,,,,,,
1205813,2019/20,2019-11-15,C B Patel Ground,2,2.5,Gujarat,Odisha,BH Merai,Priyank Panchal,Rajesh Mohanty,0,0,,,,,,,,,
1205813,2019/20,2019-11-15,C B Patel Ground,2,2.6,Gujarat,Odisha,BH Merai,Priyank Panchal,Rajesh Mohanty,1,0,,,,,,,,,
1205813,2019/20,2019-11-15,C B Patel Ground,2,2.7,Gujarat,Odisha,Priyank Panchal,BH Merai,Rajesh Mohanty,0,0,,,,,,,,,
1205813,2019/20,2019-11-15,C B Patel Ground,2,3.1,Gujarat,Odisha,BH Merai,Priyank Panchal,Suryakant Pradhan,1,0,,,,,,,,,
1205813,2019/20,2019-11-15,C B Patel Ground,2,3.2,Gujarat,Odisha,Priyank Panchal,BH Merai,Suryakant Pradhan,6,0,,,,,,,,,
1205813,2019/20,2019-11-15,C B Patel Ground,2,3.3,Gujarat,Odisha,Priyank Panchal,BH Merai,Suryakant Pradhan,0,0,,,,,,,,,
1205813,2019/20,2019-11-15,C B Patel Ground,2,3.4,Gujarat,Odisha,Priyank Panchal,BH Merai,Suryakant Pradhan,0,0,,,,,,,,,
1205813,2019/20,2019-11-15,C B Patel Ground,2,3.5,Gujarat,Odisha,Priyank Panchal,BH Merai,Suryakant Pradhan,4,0,,,,,,,,,
1205813,2019/20,2019-11-15,C B Patel Ground,2,3.6,Gujarat,Odisha,Priyank Panchal,BH Merai,Suryakant Pradhan,6,0,,,,,,,,,
1205813,2019/20,2019-11-15,C B Patel Ground,2,4.1,Gujarat,Odisha,BH Merai,Priyank Panchal,Ankit Yadav,1,0,,,,,,,,,
1205813,2019/20,2019-11-15,C B Patel Ground,2,4.2,Gujarat,Odisha,Priyank Panchal,BH Merai,Ankit Yadav,1,0,,,,,,,,,
1205813,2019/20,2019-11-15,C B Patel Ground,2,4.3,Gujarat,Odisha,BH Merai,Priyank Panchal,Ankit Yadav,1,0,,,,,,,,,
1205813,2019/20,2019-11-15,C B Patel Ground,2,4.4,Gujarat,Odisha,Priyank Panchal,BH Merai,Ankit Yadav,1,0,,,,,,,,,
1205813,2019/20,2019-11-15,C B Patel Ground,2,4.5,Gujarat,Odisha,BH Merai,Priyank Panchal,Ankit Yadav,1,0,,,,,,,,,
1205813,2019/20,2019-11-15,C B Patel Ground,2,4.6,Gujarat,Odisha,Priyank Panchal,BH Merai,Ankit Yadav,4,0,,,,,,,,,
1205813,2019/20,2019-11-15,C B Patel Ground,2,5.1,Gujarat,Odisha,BH Merai,Priyank Panchal,Pappu Roy,0,0,,,,,,,,,
1205813,2019/20,2019-11-15,C B Patel Ground,2,5.2,Gujarat,Odisha,BH Merai,Priyank Panchal,Pappu Roy,1,0,,,,,,,,,
1205813,2019/20,2019-11-15,C B Patel Ground,2,5.3,Gujarat,Odisha,Priyank Panchal,BH Merai,Pappu Roy,4,0,,,,,,,,,
1205813,2019/20,2019-11-15,C B Patel Ground,2,5.4,Gujarat,Odisha,Priyank Panchal,BH Merai,Pappu Roy,1,0,,,,,,,,,
1205813,2019/20,2019-11-15,C B Patel Ground,2,5.5,Gujarat,Odisha,BH Merai,Priyank Panchal,Pappu Roy,1,0,,,,,,,,,
1205813,2019/20,2019-11-15,C B Patel Ground,2,5.6,Gujarat,Odisha,Priyank Panchal,BH Merai,Pappu Roy,1,0,,,,,,,,,
1205813,2019/20,2019-11-15,C B Patel Ground,2,6.1,Gujarat,Odisha,Priyank Panchal,BH Merai,AS Raut,1,0,,,,,,,,,
1205813,2019/20,2019-11-15,C B Patel Ground,2,6.2,Gujarat,Odisha,BH Merai,Priyank Panchal,AS Raut,1,0,,,,,,,,,
1205813,2019/20,2019-11-15,C B Patel Ground,2,6.3,Gujarat,Odisha,Priyank Panchal,BH Merai,AS Raut,0,0,,,,,,,,,
1205813,2019/20,2019-11-15,C B Patel Ground,2,6.4,Gujarat,Odisha,Priyank Panchal,BH Merai,AS Raut,2,0,,,,,,,,,
1205813,2019/20,2019-11-15,C B Patel Ground,2,6.5,Gujarat,Odisha,Priyank Panchal,BH Merai,AS Raut,1,0,,,,,,,,,
1205813,2019/20,2019-11-15,C B Patel Ground,2,6.6,Gujarat,Odisha,BH Merai,Priyank Panchal,AS Raut,1,0,,,,,,,,,
1205813,2019/20,2019-11-15,C B Patel Ground,2,7.1,Gujarat,Odisha,BH Merai,Priyank Panchal,Pappu Roy,1,0,,,,,,,,,
1205813,2019/20,2019-11-15,C B Patel Ground,2,7.2,Gujarat,Odisha,Priyank Panchal,BH Merai,Pappu Roy,0,0,,,,,,,,,
1205813,2019/20,2019-11-15,C B Patel Ground,2,7.3,Gujarat,Odisha,Priyank Panchal,BH Merai,Pappu Roy,1,0,,,,,,,,,
1205813,2019/20,2019-11-15,C B Patel Ground,2,7.4,Gujarat,Odisha,BH Merai,Priyank Panchal,Pappu Roy,1,0,,,,,,,,,
1205813,2019/20,2019-11-15,C B Patel Ground,2,7.5,Gujarat,Odisha,Priyank Panchal,BH Merai,Pappu Roy,1,0,,,,,,,,,
1205813,2019/20,2019-11-15,C B Patel Ground,2,7.6,Gujarat,Odisha,BH Merai,Priyank Panchal,Pappu Roy,1,0,,,,,,,,,
1205813,2019/20,2019-11-15,C B Patel Ground,2,8.1,Gujarat,Odisha,BH Merai,Priyank Panchal,AS Raut,4,0,,,,,,,,,
1205813,2019/20,2019-11-15,C B Patel Ground,2,8.2,Gujarat,Odisha,BH Merai,Priyank Panchal,AS Raut,1,0,,,,,,,,,
1205813,2019/20,2019-11-15,C B Patel Ground,2,8.3,Gujarat,Odisha,Priyank Panchal,BH Merai,AS Raut,1,0,,,,,,,,,
1205813,2019/20,2019-11-15,C B Patel Ground,2,8.4,Gujarat,Odisha,BH Merai,Priyank Panchal,AS Raut,0,0,,,,,,,,,
1205813,2019/20,2019-11-15,C B Patel Ground,2,8.5,Gujarat,Odisha,BH Merai,Priyank Panchal,AS Raut,1,0,,,,,,,,,
1205813,2019/20,2019-11-15,C B Patel Ground,2,8.6,Gujarat,Odisha,Priyank Panchal,BH Merai,AS Raut,0,0,,,,,,caught,Priyank Panchal,,
1205813,2019/20,2019-11-15,C B Patel Ground,2,9.1,Gujarat,Odisha,AR Patel,BH Merai,Govinda Poddar,0,0,,,,,,caught,AR Patel,,
1205813,2019/20,2019-11-15,C B Patel Ground,2,9.2,Gujarat,Odisha,Chirag Gandhi,BH Merai,Govinda Poddar,1,0,,,,,,,,,
1205813,2019/20,2019-11-15,C B Patel Ground,2,9.3,Gujarat,Odisha,BH Merai,Chirag Gandhi,Govinda Poddar,0,0,,,,,,,,,
1205813,2019/20,2019-11-15,C B Patel Ground,2,9.4,Gujarat,Odisha,BH Merai,Chirag Gandhi,Govinda Poddar,1,0,,,,,,,,,
1205813,2019/20,2019-11-15,C B Patel Ground,2,9.5,Gujarat,Odisha,Chirag Gandhi,BH Merai,Govinda Poddar,1,0,,,,,,,,,
1205813,2019/20,2019-11-15,C B Patel Ground,2,9.6,Gujarat,Odisha,BH Merai,Chirag Gandhi,Govinda Poddar,1,0,,,,,,,,,
1205813,2019/20,2019-11-15,C B Patel Ground,2,10.1,Gujarat,Odisha,BH Merai,Chirag Gandhi,AS Raut,0,0,,,,,,,,,
1205813,2019/20,2019-11-15,C B Patel Ground,2,10.2,Gujarat,Odisha,BH Merai,Chirag Gandhi,AS Raut,0,0,,,,,,,,,
1205813,2019/20,2019-11-15,C B Patel Ground,2,10.3,Gujarat,Odisha,BH Merai,Chirag Gandhi,AS Raut,1,0,,,,,,,,,
1205813,2019/20,2019-11-15,C B Patel Ground,2,10.4,Gujarat,Odisha,Chirag Gandhi,BH Merai,AS Raut,0,0,,,,,,,,,
1205813,2019/20,2019-11-15,C B Patel Ground,2,10.5,Gujarat,Odisha,Chirag Gandhi,BH Merai,AS Raut,1,0,,,,,,,,,
1205813,2019/20,2019-11-15,C B Patel Ground,2,10.6,Gujarat,Odisha,BH Merai,Chirag Gandhi,AS Raut,1,0,,,,,,,,,
1205813,2019/20,2019-11-15,C B Patel Ground,2,11.1,Gujarat,Odisha,BH Merai,Chirag Gandhi,Pappu Roy,0,0,,,,,,,,,
1205813,2019/20,2019-11-15,C B Patel Ground,2,11.2,Gujarat,Odisha,BH Merai,Chirag Gandhi,Pappu Roy,1,0,,,,,,,,,
1205813,2019/20,2019-11-15,C B Patel Ground,2,11.3,Gujarat,Odisha,Chirag Gandhi,BH Merai,Pappu Roy,1,0,,,,,,,,,
1205813,2019/20,2019-11-15,C B Patel Ground,2,11.4,Gujarat,Odisha,BH Merai,Chirag Gandhi,Pappu Roy,1,0,,,,,,,,,
1205813,2019/20,2019-11-15,C B Patel Ground,2,11.5,Gujarat,Odisha,Chirag Gandhi,BH Merai,Pappu Roy,1,0,,,,,,,,,
1205813,2019/20,2019-11-15,C B Patel Ground,2,11.6,Gujarat,Odisha,BH Merai,Chirag Gandhi,Pappu Roy,0,0,,,,,,,,,
1205813,2019/20,2019-11-15,C B Patel Ground,2,12.1,Gujarat,Odisha,Chirag Gandhi,BH Merai,Govinda Poddar,0,0,,,,,,,,,
1205813,2019/20,2019-11-15,C B Patel Ground,2,12.2,Gujarat,Odisha,Chirag Gandhi,BH Merai,Govinda Poddar,1,0,,,,,,,,,
1205813,2019/20,2019-11-15,C B Patel Ground,2,12.3,Gujarat,Odisha,BH Merai,Chirag Gandhi,Govinda Poddar,2,0,,,,,,,,,
1205813,2019/20,2019-11-15,C B Patel Ground,2,12.4,Gujarat,Odisha,BH Merai,Chirag Gandhi,Govinda Poddar,0,0,,,,,,,,,
1205813,2019/20,2019-11-15,C B Patel Ground,2,12.5,Gujarat,Odisha,BH Merai,Chirag Gandhi,Govinda Poddar,1,0,,,,,,,,,
1205813,2019/20,2019-11-15,C B Patel Ground,2,12.6,Gujarat,Odisha,Chirag Gandhi,BH Merai,Govinda Poddar,0,0,,,,,,,,,
1205813,2019/20,2019-11-15,C B Patel Ground,2,13.1,Gujarat,Odisha,BH Merai,Chirag Gandhi,Pappu Roy,1,0,,,,,,,,,
1205813,2019/20,2019-11-15,C B Patel Ground,2,13.2,Gujarat,Odisha,Chirag Gandhi,BH Merai,Pappu Roy,0,0,,,,,,,,,
1205813,2019/20,2019-11-15,C B Patel Ground,2,13.3,Gujarat,Odisha,Chirag Gandhi,BH Merai,Pappu Roy,0,0,,,,,,,,,
1205813,2019/20,2019-11-15,C B Patel Ground,2,13.4,Gujarat,Odisha,Chirag Gandhi,BH Merai,Pappu Roy,1,0,,,,,,,,,
1205813,2019/20,2019-11-15,C B Patel Ground,2,13.5,Gujarat,Odisha,BH Merai,Chirag Gandhi,Pappu Roy,0,0,,,,,,,,,
1205813,2019/20,2019-11-15,C B Patel Ground,2,13.6,Gujarat,Odisha,BH Merai,Chirag Gandhi,Pappu Roy,1,0,,,,,,,,,
1205813,2019/20,2019-11-15,C B Patel Ground,2,14.1,Gujarat,Odisha,BH Merai,Chirag Gandhi,Govinda Poddar,1,0,,,,,,,,,
1205813,2019/20,2019-11-15,C B Patel Ground,2,14.2,Gujarat,Odisha,Chirag Gandhi,BH Merai,Govinda Poddar,1,0,,,,,,,,,
1205813,2019/20,2019-11-15,C B Patel Ground,2,14.3,Gujarat,Odisha,BH Merai,Chirag Gandhi,Govinda Poddar,1,0,,,,,,,,,
1205813,2019/20,2019-11-15,C B Patel Ground,2,14.4,Gujarat,Odisha,Chirag Gandhi,BH Merai,Govinda Poddar,1,0,,,,,,,,,
1205813,2019/20,2019-11-15,C B Patel Ground,2,14.5,Gujarat,Odisha,BH Merai,Chirag Gandhi,Govinda Poddar,1,0,,,,,,,,,
1205813,2019/20,2019-11-15,C B Patel Ground,2,14.6,Gujarat,Odisha,Chirag Gandhi,BH Merai,Govinda Poddar,2,0,,,,,,,,,
1205813,2019/20,2019-11-15,C B Patel Ground,2,15.1,Gujarat,Odisha,BH Merai,Chirag Gandhi,AS Raut,1,0,,,,,,,,,
1205813,2019/20,2019-11-15,C B Patel Ground,2,15.2,Gujarat,Odisha,Chirag Gandhi,BH Merai,AS Raut,1,0,,,,,,,,,
1205813,2019/20,2019-11-15,C B Patel Ground,2,15.3,Gujarat,Odisha,BH Merai,Chirag Gandhi,AS Raut,1,0,,,,,,,,,
1205813,2019/20,2019-11-15,C B Patel Ground,2,15.4,Gujarat,Odisha,Chirag Gandhi,BH Merai,AS Raut,0,0,,,,,,,,,
1205813,2019/20,2019-11-15,C B Patel Ground,2,15.5,Gujarat,Odisha,Chirag Gandhi,BH Merai,AS Raut,1,0,,,,,,,,,
1205813,2019/20,2019-11-15,C B Patel Ground,2,15.6,Gujarat,Odisha,BH Merai,Chirag Gandhi,AS Raut,1,0,,,,,,,,,
1205813,2019/20,2019-11-15,C B Patel Ground,2,16.1,Gujarat,Odisha,BH Merai,Chirag Gandhi,Suryakant Pradhan,4,0,,,,,,,,,
