match_id,season,start_date,venue,innings,ball,batting_team,bowling_team,striker,non_striker,bowler,runs_off_bat,extras,wides,noballs,byes,legbyes,penalty,wicket_type,player_dismissed,other_wicket_type,other_player_dismissed
1205790,2019/20,2019-11-14,"Cricket Stadium, Sector-16",1,0.1,Chhattisgarh,Chandigarh,Shashank Chandrakar,Ashutosh Singh,Shreshth Nirmohi,4,0,,,,,,,,,
1205790,2019/20,2019-11-14,"Cricket Stadium, Sector-16",1,0.2,Chhattisgarh,Chandigarh,Shashank Chandrakar,Ashutosh Singh,Shreshth Nirmohi,1,0,,,,,,,,,
1205790,2019/20,2019-11-14,"Cricket Stadium, Sector-16",1,0.3,Chhattisgarh,Chandigarh,Ashutosh Singh,Shashank Chandrakar,Shreshth Nirmohi,0,0,,,,,,,,,
1205790,2019/20,2019-11-14,"Cricket Stadium, Sector-16",1,0.4,Chhattisgarh,Chandigarh,Ashutosh Singh,Shashank Chandrakar,Shreshth Nirmohi,4,0,,,,,,,,,
1205790,2019/20,2019-11-14,"Cricket Stadium, Sector-16",1,0.5,Chhattisgarh,Chandigarh,Ashutosh Singh,Shashank Chandrakar,Shreshth Nirmohi,1,0,,,,,,,,,
1205790,2019/20,2019-11-14,"Cricket Stadium, Sector-16",1,0.6,Chhattisgarh,Chandigarh,Shashank Chandrakar,Ashutosh Singh,Shreshth Nirmohi,0,1,,,,1,,,,,
1205790,2019/20,2019-11-14,"Cricket Stadium, Sector-16",1,1.1,Chhattisgarh,Chandigarh,Shashank Chandrakar,Ashutosh Singh,Jaskaran Singh,4,0,,,,,,,,,
1205790,2019/20,2019-11-14,"Cricket Stadium, Sector-16",1,1.2,Chhattisgarh,Chandigarh,Shashank Chandrakar,Ashutosh Singh,Jaskaran Singh,2,0,,,,,,,,,
1205790,2019/20,2019-11-14,"Cricket Stadium, Sector-16",1,1.3,Chhattisgarh,Chandigarh,Shashank Chandrakar,Ashutosh Singh,Jaskaran Singh,0,0,,,,,,caught,Shashank Chandrakar,,
1205790,2019/20,2019-11-14,"Cricket Stadium, Sector-16",1,1.4,Chhattisgarh,Chandigarh,Harpreet Singh,Ashutosh Singh,Jaskaran Singh,0,0,,,,,,,,,
1205790,2019/20,2019-11-14,"Cricket Stadium, Sector-16",1,1.5,Chhattisgarh,Chandigarh,Harpreet Singh,Ashutosh Singh,Jaskaran Singh,0,0,,,,,,,,,
1205790,2019/20,2019-11-14,"Cricket Stadium, Sector-16",1,1.6,Chhattisgarh,Chandigarh,Harpreet Singh,Ashutosh Singh,Jaskaran Singh,0,0,,,,,,,,,
1205790,2019/20,2019-11-14,"Cricket Stadium, Sector-16",1,2.1,Chhattisgarh,Chandigarh,Ashutosh Singh,Harpreet Singh,Shreshth Nirmohi,1,0,,,,,,,,,
1205790,2019/20,2019-11-14,"Cricket Stadium, Sector-16",1,2.2,Chhattisgarh,Chandigarh,Harpreet Singh,Ashutosh Singh,Shreshth Nirmohi,0,0,,,,,,,,,
1205790,2019/20,2019-11-14,"Cricket Stadium, Sector-16",1,2.3,Chhattisgarh,Chandigarh,Harpreet Singh,Ashutosh Singh,Shreshth Nirmohi,0,0,,,,,,,,,
1205790,2019/20,2019-11-14,"Cricket Stadium, Sector-16",1,2.4,Chhattisgarh,Chandigarh,Harpreet Singh,Ashutosh Singh,Shreshth Nirmohi,0,0,,,,,,,,,
1205790,2019/20,2019-11-14,"Cricket Stadium, Sector-16",1,2.5,Chhattisgarh,Chandigarh,Harpreet Singh,Ashutosh Singh,Shreshth Nirmohi,0,0,,,,,,,,,
1205790,2019/20,2019-11-14,"Cricket Stadium, Sector-16",1,2.6,Chhattisgarh,Chandigarh,Harpreet Singh,Ashutosh Singh,Shreshth Nirmohi,0,0,,,,,,,,,
1205790,2019/20,2019-11-14,"Cricket Stadium, Sector-16",1,3.1,Chhattisgarh,Chandigarh,Ashutosh Singh,Harpreet Singh,Jaskaran Singh,1,0,,,,,,,,,
1205790,2019/20,2019-11-14,"Cricket Stadium, Sector-16",1,3.2,Chhattisgarh,Chandigarh,Harpreet Singh,Ashutosh Singh,Jaskaran Singh,1,0,,,,,,,,,
1205790,2019/20,2019-11-14,"Cricket Stadium, Sector-16",1,3.3,Chhattisgarh,Chandigarh,Ashutosh Singh,Harpreet Singh,Jaskaran Singh,0,0,,,,,,,,,
1205790,2019/20,2019-11-14,"Cricket Stadium, Sector-16",1,3.4,Chhattisgarh,Chandigarh,Ashutosh Singh,Harpreet Singh,Jaskaran Singh,0,0,,,,,,,,,
1205790,2019/20,2019-11-14,"Cricket Stadium, Sector-16",1,3.5,Chhattisgarh,Chandigarh,Ashutosh Singh,Harpreet Singh,Jaskaran Singh,0,0,,,,,,,,,
1205790,2019/20,2019-11-14,"Cricket Stadium, Sector-16",1,3.6,Chhattisgarh,Chandigarh,Ashutosh Singh,Harpreet Singh,Jaskaran Singh,0,0,,,,,,bowled,Ashutosh Singh,,
1205790,2019/20,2019-11-14,"Cricket Stadium, Sector-16",1,4.1,Chhattisgarh,Chandigarh,Harpreet Singh,Amandeep Khare,Bipul Sharma,0,0,,,,,,,,,
1205790,2019/20,2019-11-14,"Cricket Stadium, Sector-16",1,4.2,Chhattisgarh,Chandigarh,Harpreet Singh,Amandeep Khare,Bipul Sharma,1,0,,,,,,,,,
1205790,2019/20,2019-11-14,"Cricket Stadium, Sector-16",1,4.3,Chhattisgarh,Chandigarh,Amandeep Khare,Harpreet Singh,Bipul Sharma,2,0,,,,,,,,,
1205790,2019/20,2019-11-14,"Cricket Stadium, Sector-16",1,4.4,Chhattisgarh,Chandigarh,Amandeep Khare,Harpreet Singh,Bipul Sharma,1,0,,,,,,,,,
1205790,2019/20,2019-11-14,"Cricket Stadium, Sector-16",1,4.5,Chhattisgarh,Chandigarh,Harpreet Singh,Amandeep Khare,Bipul Sharma,0,2,2,,,,,,,,
1205790,2019/20,2019-11-14,"Cricket Stadium, Sector-16",1,4.6,Chhattisgarh,Chandigarh,Amandeep Khare,Harpreet Singh,Bipul Sharma,0,0,,,,,,,,,
1205790,2019/20,2019-11-14,"Cricket Stadium, Sector-16",1,4.7,Chhattisgarh,Chandigarh,Amandeep Khare,Harpreet Singh,Bipul Sharma,0,0,,,,,,caught,Amandeep Khare,,
1205790,2019/20,2019-11-14,"Cricket Stadium, Sector-16",1,5.1,Chhattisgarh,Chandigarh,Harpreet Singh,Shashank Singh,Anirudh Kanwar,0,0,,,,,,,,,
1205790,2019/20,2019-11-14,"Cricket Stadium, Sector-16",1,5.2,Chhattisgarh,Chandigarh,Harpreet Singh,Shashank Singh,Anirudh Kanwar,0,0,,,,,,,,,
1205790,2019/20,2019-11-14,"Cricket Stadium, Sector-16",1,5.3,Chhattisgarh,Chandigarh,Harpreet Singh,Shashank Singh,Anirudh Kanwar,1,0,,,,,,,,,
1205790,2019/20,2019-11-14,"Cricket Stadium, Sector-16",1,5.4,Chhattisgarh,Chandigarh,Shashank Singh,Harpreet Singh,Anirudh Kanwar,4,0,,,,,,,,,
1205790,2019/20,2019-11-14,"Cricket Stadium, Sector-16",1,5.5,Chhattisgarh,Chandigarh,Shashank Singh,Harpreet Singh,Anirudh Kanwar,2,0,,,,,,,,,
1205790,2019/20,2019-11-14,"Cricket Stadium, Sector-16",1,5.6,Chhattisgarh,Chandigarh,Shashank Singh,Harpreet Singh,Anirudh Kanwar,2,0,,,,,,,,,
1205790,2019/20,2019-11-14,"Cricket Stadium, Sector-16",1,6.1,Chhattisgarh,Chandigarh,Harpreet Singh,Shashank Singh,Bipul Sharma,4,0,,,,,,,,,
1205790,2019/20,2019-11-14,"Cricket Stadium, Sector-16",1,6.2,Chhattisgarh,Chandigarh,Harpreet Singh,Shashank Singh,Bipul Sharma,1,0,,,,,,,,,
1205790,2019/20,2019-11-14,"Cricket Stadium, Sector-16",1,6.3,Chhattisgarh,Chandigarh,Shashank Singh,Harpreet Singh,Bipul Sharma,0,0,,,,,,,,,
1205790,2019/20,2019-11-14,"Cricket Stadium, Sector-16",1,6.4,Chhattisgarh,Chandigarh,Shashank Singh,Harpreet Singh,Bipul Sharma,0,0,,,,,,,,,
1205790,2019/20,2019-11-14,"Cricket Stadium, Sector-16",1,6.5,Chhattisgarh,Chandigarh,Shashank Singh,Harpreet Singh,Bipul Sharma,0,0,,,,,,,,,
1205790,2019/20,2019-11-14,"Cricket Stadium, Sector-16",1,6.6,Chhattisgarh,Chandigarh,Shashank Singh,Harpreet Singh,Bipul Sharma,1,0,,,,,,,,,
1205790,2019/20,2019-11-14,"Cricket Stadium, Sector-16",1,7.1,Chhattisgarh,Chandigarh,Shashank Singh,Harpreet Singh,Anirudh Kanwar,0,0,,,,,,,,,
1205790,2019/20,2019-11-14,"Cricket Stadium, Sector-16",1,7.2,Chhattisgarh,Chandigarh,Shashank Singh,Harpreet Singh,Anirudh Kanwar,1,0,,,,,,,,,
1205790,2019/20,2019-11-14,"Cricket Stadium, Sector-16",1,7.3,Chhattisgarh,Chandigarh,Harpreet Singh,Shashank Singh,Anirudh Kanwar,0,0,,,,,,,,,
1205790,2019/20,2019-11-14,"Cricket Stadium, Sector-16",1,7.4,Chhattisgarh,Chandigarh,Harpreet Singh,Shashank Singh,Anirudh Kanwar,2,0,,,,,,,,,
1205790,2019/20,2019-11-14,"Cricket Stadium, Sector-16",1,7.5,Chhattisgarh,Chandigarh,Harpreet Singh,Shashank Singh,Anirudh Kanwar,1,0,,,,,,,,,
1205790,2019/20,2019-11-14,"Cricket Stadium, Sector-16",1,7.6,Chhattisgarh,Chandigarh,Shashank Singh,Harpreet Singh,Anirudh Kanwar,2,0,,,,,,,,,
1205790,2019/20,2019-11-14,"Cricket Stadium, Sector-16",1,8.1,Chhattisgarh,Chandigarh,Harpreet Singh,Shashank Singh,Bipul Sharma,0,0,,,,,,,,,
1205790,2019/20,2019-11-14,"Cricket Stadium, Sector-16",1,8.2,Chhattisgarh,Chandigarh,Harpreet Singh,Shashank Singh,Bipul Sharma,1,0,,,,,,,,,
1205790,2019/20,2019-11-14,"Cricket Stadium, Sector-16",1,8.3,Chhattisgarh,Chandigarh,Shashank Singh,Harpreet Singh,Bipul Sharma,0,0,,,,,,,,,
1205790,2019/20,2019-11-14,"Cricket Stadium, Sector-16",1,8.4,Chhattisgarh,Chandigarh,Shashank Singh,Harpreet Singh,Bipul Sharma,0,0,,,,,,,,,
1205790,2019/20,2019-11-14,"Cricket Stadium, Sector-16",1,8.5,Chhattisgarh,Chandigarh,Shashank Singh,Harpreet Singh,Bipul Sharma,1,0,,,,,,,,,
1205790,2019/20,2019-11-14,"Cricket Stadium, Sector-16",1,8.6,Chhattisgarh,Chandigarh,Harpreet Singh,Shashank Singh,Bipul Sharma,1,0,,,,,,,,,
1205790,2019/20,2019-11-14,"Cricket Stadium, Sector-16",1,9.1,Chhattisgarh,Chandigarh,Harpreet Singh,Shashank Singh,Gaurav Gambhir,1,0,,,,,,,,,
1205790,2019/20,2019-11-14,"Cricket Stadium, Sector-16",1,9.2,Chhattisgarh,Chandigarh,Shashank Singh,Harpreet Singh,Gaurav Gambhir,1,0,,,,,,,,,
1205790,2019/20,2019-11-14,"Cricket Stadium, Sector-16",1,9.3,Chhattisgarh,Chandigarh,Harpreet Singh,Shashank Singh,Gaurav Gambhir,4,0,,,,,,,,,
1205790,2019/20,2019-11-14,"Cricket Stadium, Sector-16",1,9.4,Chhattisgarh,Chandigarh,Harpreet Singh,Shashank Singh,Gaurav Gambhir,0,0,,,,,,,,,
1205790,2019/20,2019-11-14,"Cricket Stadium, Sector-16",1,9.5,Chhattisgarh,Chandigarh,Harpreet Singh,Shashank Singh,Gaurav Gambhir,1,0,,,,,,,,,
1205790,2019/20,2019-11-14,"Cricket Stadium, Sector-16",1,9.6,Chhattisgarh,Chandigarh,Shashank Singh,Harpreet Singh,Gaurav Gambhir,0,0,,,,,,,,,
1205790,2019/20,2019-11-14,"Cricket Stadium, Sector-16",1,10.1,Chhattisgarh,Chandigarh,Harpreet Singh,Shashank Singh,Gurinder Singh,4,0,,,,,,,,,
1205790,2019/20,2019-11-14,"Cricket Stadium, Sector-16",1,10.2,Chhattisgarh,Chandigarh,Harpreet Singh,Shashank Singh,Gurinder Singh,1,0,,,,,,,,,
1205790,2019/20,2019-11-14,"Cricket Stadium, Sector-16",1,10.3,Chhattisgarh,Chandigarh,Shashank Singh,Harpreet Singh,Gurinder Singh,0,0,,,,,,,,,
1205790,2019/20,2019-11-14,"Cricket Stadium, Sector-16",1,10.4,Chhattisgarh,Chandigarh,Shashank Singh,Harpreet Singh,Gurinder Singh,0,0,,,,,,,,,
1205790,2019/20,2019-11-14,"Cricket Stadium, Sector-16",1,10.5,Chhattisgarh,Chandigarh,Shashank Singh,Harpreet Singh,Gurinder Singh,4,0,,,,,,,,,
1205790,2019/20,2019-11-14,"Cricket Stadium, Sector-16",1,10.6,Chhattisgarh,Chandigarh,Shashank Singh,Harpreet Singh,Gurinder Singh,1,0,,,,,,,,,
1205790,2019/20,2019-11-14,"Cricket Stadium, Sector-16",1,11.1,Chhattisgarh,Chandigarh,Shashank Singh,Harpreet Singh,Gaurav Gambhir,0,0,,,,,,caught,Shashank Singh,,
1205790,2019/20,2019-11-14,"Cricket Stadium, Sector-16",1,11.2,Chhattisgarh,Chandigarh,Vishal Kushwah,Harpreet Singh,Gaurav Gambhir,0,0,,,,,,,,,
1205790,2019/20,2019-11-14,"Cricket Stadium, Sector-16",1,11.3,Chhattisgarh,Chandigarh,Vishal Kushwah,Harpreet Singh,Gaurav Gambhir,1,0,,,,,,,,,
1205790,2019/20,2019-11-14,"Cricket Stadium, Sector-16",1,11.4,Chhattisgarh,Chandigarh,Harpreet Singh,Vishal Kushwah,Gaurav Gambhir,0,0,,,,,,,,,
1205790,2019/20,2019-11-14,"Cricket Stadium, Sector-16",1,11.5,Chhattisgarh,Chandigarh,Harpreet Singh,Vishal Kushwah,Gaurav Gambhir,0,0,,,,,,,,,
1205790,2019/20,2019-11-14,"Cricket Stadium, Sector-16",1,11.6,Chhattisgarh,Chandigarh,Harpreet Singh,Vishal Kushwah,Gaurav Gambhir,1,0,,,,,,,,,
1205790,2019/20,2019-11-14,"Cricket Stadium, Sector-16",1,12.1,Chhattisgarh,Chandigarh,Harpreet Singh,Vishal Kushwah,Gurinder Singh,2,0,,,,,,,,,
1205790,2019/20,2019-11-14,"Cricket Stadium, Sector-16",1,12.2,Chhattisgarh,Chandigarh,Harpreet Singh,Vishal Kushwah,Gurinder Singh,0,4,,,4,,,,,,
1205790,2019/20,2019-11-14,"Cricket Stadium, Sector-16",1,12.3,Chhattisgarh,Chandigarh,Harpreet Singh,Vishal Kushwah,Gurinder Singh,1,0,,,,,,,,,
1205790,2019/20,2019-11-14,"Cricket Stadium, Sector-16",1,12.4,Chhattisgarh,Chandigarh,Vishal Kushwah,Harpreet Singh,Gurinder Singh,0,0,,,,,,,,,
1205790,2019/20,2019-11-14,"Cricket Stadium, Sector-16",1,12.5,Chhattisgarh,Chandigarh,Vishal Kushwah,Harpreet Singh,Gurinder Singh,0,0,,,,,,,,,
1205790,2019/20,2019-11-14,"Cricket Stadium, Sector-16",1,12.6,Chhattisgarh,Chandigarh,Vishal Kushwah,Harpreet Singh,Gurinder Singh,2,0,,,,,,,,,
1205790,2019/20,2019-11-14,"Cricket Stadium, Sector-16",1,13.1,Chhattisgarh,Chandigarh,Harpreet Singh,Vishal Kushwah,Gaurav Gambhir,4,0,,,,,,,,,
1205790,2019/20,2019-11-14,"Cricket Stadium, Sector-16",1,13.2,Chhattisgarh,Chandigarh,Harpreet Singh,Vishal Kushwah,Gaurav Gambhir,2,0,,,,,,,,,
1205790,2019/20,2019-11-14,"Cricket Stadium, Sector-16",1,13.3,Chhattisgarh,Chandigarh,Harpreet Singh,Vishal Kushwah,Gaurav Gambhir,1,0,,,,,,,,,
1205790,2019/20,2019-11-14,"Cricket Stadium, Sector-16",1,13.4,Chhattisgarh,Chandigarh,Vishal Kushwah,Harpreet Singh,Gaurav Gambhir,0,0,,,,,,,,,
1205790,2019/20,2019-11-14,"Cricket Stadium, Sector-16",1,13.5,Chhattisgarh,Chandigarh,Vishal Kushwah,Harpreet Singh,Gaurav Gambhir,0,0,,,,,,,,,
1205790,2019/20,2019-11-14,"Cricket Stadium, Sector-16",1,13.6,Chhattisgarh,Chandigarh,Vishal Kushwah,Harpreet Singh,Gaurav Gambhir,0,0,,,,,,,,,
1205790,2019/20,2019-11-14,"Cricket Stadium, Sector-16",1,14.1,Chhattisgarh,Chandigarh,Harpreet Singh,Vishal Kushwah,Gurinder Singh,0,0,,,,,,,,,
1205790,2019/20,2019-11-14,"Cricket Stadium, Sector-16",1,14.2,Chhattisgarh,Chandigarh,Harpreet Singh,Vishal Kushwah,Gurinder Singh,1,0,,,,,,,,,
1205790,2019/20,2019-11-14,"Cricket Stadium, Sector-16",1,14.3,Chhattisgarh,Chandigarh,Vishal Kushwah,Harpreet Singh,Gurinder Singh,0,0,,,,,,,,,
1205790,2019/20,2019-11-14,"Cricket Stadium, Sector-16",1,14.4,Chhattisgarh,Chandigarh,Vishal Kushwah,Harpreet Singh,Gurinder Singh,1,0,,,,,,,,,
1205790,2019/20,2019-11-14,"Cricket Stadium, Sector-16",1,14.5,Chhattisgarh,Chandigarh,Harpreet Singh,Vishal Kushwah,Gurinder Singh,1,0,,,,,,,,,
1205790,2019/20,2019-11-14,"Cricket Stadium, Sector-16",1,14.6,Chhattisgarh,Chandigarh,Vishal Kushwah,Harpreet Singh,Gurinder Singh,1,0,,,,,,,,,
1205790,2019/20,2019-11-14,"Cricket Stadium, Sector-16",1,15.1,Chhattisgarh,Chandigarh,Vishal Kushwah,Harpreet Singh,Anirudh Kanwar,1,0,,,,,,,,,
1205790,2019/20,2019-11-14,"Cricket Stadium, Sector-16",1,15.2,Chhattisgarh,Chandigarh,Harpreet Singh,Vishal Kushwah,Anirudh Kanwar,6,0,,,,,,,,,
1205790,2019/20,2019-11-14,"Cricket Stadium, Sector-16",1,15.3,Chhattisgarh,Chandigarh,Harpreet Singh,Vishal Kushwah,Anirudh Kanwar,1,0,,,,,,,,,
1205790,2019/20,2019-11-14,"Cricket Stadium, Sector-16",1,15.4,Chhattisgarh,Chandigarh,Vishal Kushwah,Harpreet Singh,Anirudh Kanwar,1,0,,,,,,,,,
1205790,2019/20,2019-11-14,"Cricket Stadium, Sector-16",1,15.5,Chhattisgarh,Chandigarh,Harpreet Singh,Vishal Kushwah,Anirudh Kanwar,0,0,,,,,,caught,Harpreet Singh,,
1205790,2019/20,2019-11-14,"Cricket Stadium, Sector-16",1,15.6,Chhattisgarh,Chandigarh,Vishal Kushwah,Ajay Mandal,Anirudh Kanwar,0,0,,,,,,,,,
1205790,2019/20,2019-11-14,"Cricket Stadium, Sector-16",1,16.1,Chhattisgarh,Chandigarh,Ajay Mandal,Vishal Kushwah,Jaskaran Singh,0,0,,,,,,caught,Ajay Mandal,,
1205790,2019/20,2019-11-14,"Cricket Stadium, Sector-16",1,16.2,Chhattisgarh,Chandigarh,Shakeeb Ahmed,Vishal Kushwah,Jaskaran Singh,1,0,,,,,,,,,
1205790,2019/20,2019-11-14,"Cricket Stadium, Sector-16",1,16.3,Chhattisgarh,Chandigarh,Vishal Kushwah,Shakeeb Ahmed,Jaskaran Singh,6,0,,,,,,,,,
1205790,2019/20,2019-11-14,"Cricket Stadium, Sector-16",1,16.4,Chhattisgarh,Chandigarh,Vishal Kushwah,Shakeeb Ahmed,Jaskaran Singh,1,0,,,,,,,,,
1205790,2019/20,2019-11-14,"Cricket Stadium, Sector-16",1,16.5,Chhattisgarh,Chandigarh,Shakeeb Ahmed,Vishal Kushwah,Jaskaran Singh,1,0,,,,,,,,,
1205790,2019/20,2019-11-14,"Cricket Stadium, Sector-16",1,16.6,Chhattisgarh,Chandigarh,Vishal Kushwah,Shakeeb Ahmed,Jaskaran Singh,2,0,,,,,,,,,
1205790,2019/20,2019-11-14,"Cricket Stadium, Sector-16",1,17.1,Chhattisgarh,Chandigarh,Shakeeb Ahmed,Vishal Kushwah,Shreshth Nirmohi,1,1,,1,,,,,,,
1205790,2019/20,2019-11-14,"Cricket Stadium, Sector-16",1,17.2,Chhattisgarh,Chandigarh,Vishal Kushwah,Shakeeb Ahmed,Shreshth Nirmohi,6,0,,,,,,,,,
1205790,2019/20,2019-11-14,"Cricket Stadium, Sector-16",1,17.3,Chhattisgarh,Chandigarh,Vishal Kushwah,Shakeeb Ahmed,Shreshth Nirmohi,2,0,,,,,,,,,
1205790,2019/20,2019-11-14,"Cricket Stadium, Sector-16",1,17.4,Chhattisgarh,Chandigarh,Vishal Kushwah,Shakeeb Ahmed,Shreshth Nirmohi,0,0,,,,,,,,,
1205790,2019/20,2019-11-14,"Cricket Stadium, Sector-16",1,17.5,Chhattisgarh,Chandigarh,Vishal Kushwah,Shakeeb Ahmed,Shreshth Nirmohi,1,0,,,,,,,,,
1205790,2019/20,2019-11-14,"Cricket Stadium, Sector-16",1,17.6,Chhattisgarh,Chandigarh,Shakeeb Ahmed,Vishal Kushwah,Shreshth Nirmohi,0,0,,,,,,,,,
1205790,2019/20,2019-11-14,"Cricket Stadium, Sector-16",1,17.7,Chhattisgarh,Chandigarh,Shakeeb Ahmed,Vishal Kushwah,Shreshth Nirmohi,0,0,,,,,,,,,
1205790,2019/20,2019-11-14,"Cricket Stadium, Sector-16",1,18.1,Chhattisgarh,Chandigarh,Vishal Kushwah,Shakeeb Ahmed,Jaskaran Singh,2,0,,,,,,,,,
1205790,2019/20,2019-11-14,"Cricket Stadium, Sector-16",1,18.2,Chhattisgarh,Chandigarh,Vishal Kushwah,Shakeeb Ahmed,Jaskaran Singh,1,0,,,,,,,,,
1205790,2019/20,2019-11-14,"Cricket Stadium, Sector-16",1,18.3,Chhattisgarh,Chandigarh,Shakeeb Ahmed,Vishal Kushwah,Jaskaran Singh,0,0,,,,,,,,,
1205790,2019/20,2019-11-14,"Cricket Stadium, Sector-16",1,18.4,Chhattisgarh,Chandigarh,Shakeeb Ahmed,Vishal Kushwah,Jaskaran Singh,4,0,,,,,,,,,
1205790,2019/20,2019-11-14,"Cricket Stadium, Sector-16",1,18.5,Chhattisgarh,Chandigarh,Shakeeb Ahmed,Vishal Kushwah,Jaskaran Singh,1,0,,,,,,,,,
1205790,2019/20,2019-11-14,"Cricket Stadium, Sector-16",1,18.6,Chhattisgarh,Chandigarh,Vishal Kushwah,Shakeeb Ahmed,Jaskaran Singh,4,0,,,,,,,,,
1205790,2019/20,2019-11-14,"Cricket Stadium, Sector-16",1,19.1,Chhattisgarh,Chandigarh,Shakeeb Ahmed,Vishal Kushwah,Shreshth Nirmohi,1,0,,,,,,,,,
1205790,2019/20,2019-11-14,"Cricket Stadium, Sector-16",1,19.2,Chhattisgarh,Chandigarh,Vishal Kushwah,Shakeeb Ahmed,Shreshth Nirmohi,6,0,,,,,,,,,
1205790,2019/20,2019-11-14,"Cricket Stadium, Sector-16",1,19.3,Chhattisgarh,Chandigarh,Vishal Kushwah,Shakeeb Ahmed,Shreshth Nirmohi,6,0,,,,,,,,,
1205790,2019/20,2019-11-14,"Cricket Stadium, Sector-16",1,19.4,Chhattisgarh,Chandigarh,Vishal Kushwah,Shakeeb Ahmed,Shreshth Nirmohi,6,0,,,,,,,,,
1205790,2019/20,2019-11-14,"Cricket Stadium, Sector-16",1,19.5,Chhattisgarh,Chandigarh,Vishal Kushwah,Shakeeb Ahmed,Shreshth Nirmohi,4,0,,,,,,,,,
1205790,2019/20,2019-11-14,"Cricket Stadium, Sector-16",1,19.6,Chhattisgarh,Chandigarh,Vishal Kushwah,Shakeeb Ahmed,Shreshth Nirmohi,6,0,,,,,,,,,
1205790,2019/20,2019-11-14,"Cricket Stadium, Sector-16",2,0.1,Chandigarh,Chhattisgarh,M Vohra,Shivam Bhambri,Pankaj Rao,0,0,,,,,,,,,
1205790,2019/20,2019-11-14,"Cricket Stadium, Sector-16",2,0.2,Chandigarh,Chhattisgarh,M Vohra,Shivam Bhambri,Pankaj Rao,0,0,,,,,,,,,
1205790,2019/20,2019-11-14,"Cricket Stadium, Sector-16",2,0.3,Chandigarh,Chhattisgarh,M Vohra,Shivam Bhambri,Pankaj Rao,0,0,,,,,,,,,
1205790,2019/20,2019-11-14,"Cricket Stadium, Sector-16",2,0.4,Chandigarh,Chhattisgarh,M Vohra,Shivam Bhambri,Pankaj Rao,1,0,,,,,,,,,
1205790,2019/20,2019-11-14,"Cricket Stadium, Sector-16",2,0.5,Chandigarh,Chhattisgarh,Shivam Bhambri,M Vohra,Pankaj Rao,0,0,,,,,,,,,
1205790,2019/20,2019-11-14,"Cricket Stadium, Sector-16",2,0.6,Chandigarh,Chhattisgarh,Shivam Bhambri,M Vohra,Pankaj Rao,0,0,,,,,,,,,
1205790,2019/20,2019-11-14,"Cricket Stadium, Sector-16",2,1.1,Chandigarh,Chhattisgarh,M Vohra,Shivam Bhambri,Shakeeb Ahmed,0,0,,,,,,,,,
1205790,2019/20,2019-11-14,"Cricket Stadium, Sector-16",2,1.2,Chandigarh,Chhattisgarh,M Vohra,Shivam Bhambri,Shakeeb Ahmed,0,1,,,1,,,,,,
1205790,2019/20,2019-11-14,"Cricket Stadium, Sector-16",2,1.3,Chandigarh,Chhattisgarh,Shivam Bhambri,M Vohra,Shakeeb Ahmed,0,0,,,,,,,,,
1205790,2019/20,2019-11-14,"Cricket Stadium, Sector-16",2,1.4,Chandigarh,Chhattisgarh,Shivam Bhambri,M Vohra,Shakeeb Ahmed,4,0,,,,,,,,,
1205790,2019/20,2019-11-14,"Cricket Stadium, Sector-16",2,1.5,Chandigarh,Chhattisgarh,Shivam Bhambri,M Vohra,Shakeeb Ahmed,4,0,,,,,,,,,
1205790,2019/20,2019-11-14,"Cricket Stadium, Sector-16",2,1.6,Chandigarh,Chhattisgarh,Shivam Bhambri,M Vohra,Shakeeb Ahmed,6,0,,,,,,,,,
1205790,2019/20,2019-11-14,"Cricket Stadium, Sector-16",2,2.1,Chandigarh,Chhattisgarh,M Vohra,Shivam Bhambri,Pankaj Rao,0,0,,,,,,,,,
1205790,2019/20,2019-11-14,"Cricket Stadium, Sector-16",2,2.2,Chandigarh,Chhattisgarh,M Vohra,Shivam Bhambri,Pankaj Rao,2,0,,,,,,,,,
1205790,2019/20,2019-11-14,"Cricket Stadium, Sector-16",2,2.3,Chandigarh,Chhattisgarh,M Vohra,Shivam Bhambri,Pankaj Rao,1,0,,,,,,,,,
1205790,2019/20,2019-11-14,"Cricket Stadium, Sector-16",2,2.4,Chandigarh,Chhattisgarh,Shivam Bhambri,M Vohra,Pankaj Rao,0,0,,,,,,,,,
1205790,2019/20,2019-11-14,"Cricket Stadium, Sector-16",2,2.5,Chandigarh,Chhattisgarh,Shivam Bhambri,M Vohra,Pankaj Rao,1,0,,,,,,,,,
1205790,2019/20,2019-11-14,"Cricket Stadium, Sector-16",2,2.6,Chandigarh,Chhattisgarh,M Vohra,Shivam Bhambri,Pankaj Rao,6,0,,,,,,,,,
1205790,2019/20,2019-11-14,"Cricket Stadium, Sector-16",2,3.1,Chandigarh,Chhattisgarh,Shivam Bhambri,M Vohra,Shubham Singh,0,0,,,,,,,,,
1205790,2019/20,2019-11-14,"Cricket Stadium, Sector-16",2,3.2,Chandigarh,Chhattisgarh,Shivam Bhambri,M Vohra,Shubham Singh,1,0,,,,,,,,,
1205790,2019/20,2019-11-14,"Cricket Stadium, Sector-16",2,3.3,Chandigarh,Chhattisgarh,M Vohra,Shivam Bhambri,Shubham Singh,1,0,,,,,,,,,
1205790,2019/20,2019-11-14,"Cricket Stadium, Sector-16",2,3.4,Chandigarh,Chhattisgarh,Shivam Bhambri,M Vohra,Shubham Singh,0,0,,,,,,,,,
1205790,2019/20,2019-11-14,"Cricket Stadium, Sector-16",2,3.5,Chandigarh,Chhattisgarh,Shivam Bhambri,M Vohra,Shubham Singh,0,0,,,,,,,,,
1205790,2019/20,2019-11-14,"Cricket Stadium, Sector-16",2,3.6,Chandigarh,Chhattisgarh,Shivam Bhambri,M Vohra,Shubham Singh,2,0,,,,,,,,,
1205790,2019/20,2019-11-14,"Cricket Stadium, Sector-16",2,4.1,Chandigarh,Chhattisgarh,M Vohra,Shivam Bhambri,Sumit Ruikar,0,0,,,,,,,,,
1205790,2019/20,2019-11-14,"Cricket Stadium, Sector-16",2,4.2,Chandigarh,Chhattisgarh,M Vohra,Shivam Bhambri,Sumit Ruikar,0,0,,,,,,,,,
1205790,2019/20,2019-11-14,"Cricket Stadium, Sector-16",2,4.3,Chandigarh,Chhattisgarh,M Vohra,Shivam Bhambri,Sumit Ruikar,1,0,,,,,,,,,
1205790,2019/20,2019-11-14,"Cricket Stadium, Sector-16",2,4.4,Chandigarh,Chhattisgarh,Shivam Bhambri,M Vohra,Sumit Ruikar,1,0,,,,,,,,,
1205790,2019/20,2019-11-14,"Cricket Stadium, Sector-16",2,4.5,Chandigarh,Chhattisgarh,M Vohra,Shivam Bhambri,Sumit Ruikar,1,0,,,,,,,,,
1205790,2019/20,2019-11-14,"Cricket Stadium, Sector-16",2,4.6,Chandigarh,Chhattisgarh,Shivam Bhambri,M Vohra,Sumit Ruikar,2,0,,,,,,,,,
1205790,2019/20,2019-11-14,"Cricket Stadium, Sector-16",2,5.1,Chandigarh,Chhattisgarh,M Vohra,Shivam Bhambri,Shubham Singh,0,0,,,,,,,,,
1205790,2019/20,2019-11-14,"Cricket Stadium, Sector-16",2,5.2,Chandigarh,Chhattisgarh,M Vohra,Shivam Bhambri,Shubham Singh,4,0,,,,,,,,,
1205790,2019/20,2019-11-14,"Cricket Stadium, Sector-16",2,5.3,Chandigarh,Chhattisgarh,M Vohra,Shivam Bhambri,Shubham Singh,0,0,,,,,,,,,
1205790,2019/20,2019-11-14,"Cricket Stadium, Sector-16",2,5.4,Chandigarh,Chhattisgarh,M Vohra,Shivam Bhambri,Shubham Singh,1,0,,,,,,,,,
1205790,2019/20,2019-11-14,"Cricket Stadium, Sector-16",2,5.5,Chandigarh,Chhattisgarh,Shivam Bhambri,M Vohra,Shubham Singh,6,0,,,,,,,,,
1205790,2019/20,2019-11-14,"Cricket Stadium, Sector-16",2,5.6,Chandigarh,Chhattisgarh,Shivam Bhambri,M Vohra,Shubham Singh,0,0,,,,,,,,,
1205790,2019/20,2019-11-14,"Cricket Stadium, Sector-16",2,6.1,Chandigarh,Chhattisgarh,M Vohra,Shivam Bhambri,Sumit Ruikar,0,0,,,,,,,,,
1205790,2019/20,2019-11-14,"Cricket Stadium, Sector-16",2,6.2,Chandigarh,Chhattisgarh,M Vohra,Shivam Bhambri,Sumit Ruikar,0,0,,,,,,,,,
1205790,2019/20,2019-11-14,"Cricket Stadium, Sector-16",2,6.3,Chandigarh,Chhattisgarh,M Vohra,Shivam Bhambri,Sumit Ruikar,0,0,,,,,,,,,
1205790,2019/20,2019-11-14,"Cricket Stadium, Sector-16",2,6.4,Chandigarh,Chhattisgarh,M Vohra,Shivam Bhambri,Sumit Ruikar,1,0,,,,,,,,,
1205790,2019/20,2019-11-14,"Cricket Stadium, Sector-16",2,6.5,Chandigarh,Chhattisgarh,Shivam Bhambri,M Vohra,Sumit Ruikar,0,0,,,,,,,,,
1205790,2019/20,2019-11-14,"Cricket Stadium, Sector-16",2,6.6,Chandigarh,Chhattisgarh,Shivam Bhambri,M Vohra,Sumit Ruikar,0,0,,,,,,,,,
1205790,2019/20,2019-11-14,"Cricket Stadium, Sector-16",2,7.1,Chandigarh,Chhattisgarh,M Vohra,Shivam Bhambri,Ajay Mandal,1,0,,,,,,,,,
1205790,2019/20,2019-11-14,"Cricket Stadium, Sector-16",2,7.2,Chandigarh,Chhattisgarh,Shivam Bhambri,M Vohra,Ajay Mandal,0,0,,,,,,,,,
1205790,2019/20,2019-11-14,"Cricket Stadium, Sector-16",2,7.3,Chandigarh,Chhattisgarh,Shivam Bhambri,M Vohra,Ajay Mandal,0,0,,,,,,,,,
1205790,2019/20,2019-11-14,"Cricket Stadium, Sector-16",2,7.4,Chandigarh,Chhattisgarh,Shivam Bhambri,M Vohra,Ajay Mandal,0,0,,,,,,,,,
1205790,2019/20,2019-11-14,"Cricket Stadium, Sector-16",2,7.5,Chandigarh,Chhattisgarh,Shivam Bhambri,M Vohra,Ajay Mandal,1,0,,,,,,,,,
1205790,2019/20,2019-11-14,"Cricket Stadium, Sector-16",2,7.6,Chandigarh,Chhattisgarh,M Vohra,Shivam Bhambri,Ajay Mandal,1,0,,,,,,,,,
1205790,2019/20,2019-11-14,"Cricket Stadium, Sector-16",2,8.1,Chandigarh,Chhattisgarh,M Vohra,Shivam Bhambri,Sumit Ruikar,0,0,,,,,,,,,
1205790,2019/20,2019-11-14,"Cricket Stadium, Sector-16",2,8.2,Chandigarh,Chhattisgarh,M Vohra,Shivam Bhambri,Sumit Ruikar,1,0,,,,,,,,,
1205790,2019/20,2019-11-14,"Cricket Stadium, Sector-16",2,8.3,Chandigarh,Chhattisgarh,Shivam Bhambri,M Vohra,Sumit Ruikar,0,0,,,,,,,,,
1205790,2019/20,2019-11-14,"Cricket Stadium, Sector-16",2,8.4,Chandigarh,Chhattisgarh,Shivam Bhambri,M Vohra,Sumit Ruikar,0,0,,,,,,caught,Shivam Bhambri,,
1205790,2019/20,2019-11-14,"Cricket Stadium, Sector-16",2,8.5,Chandigarh,Chhattisgarh,M Vohra,Bipul Sharma,Sumit Ruikar,0,0,,,,,,,,,
1205790,2019/20,2019-11-14,"Cricket Stadium, Sector-16",2,8.6,Chandigarh,Chhattisgarh,M Vohra,Bipul Sharma,Sumit Ruikar,0,0,,,,,,,,,
1205790,2019/20,2019-11-14,"Cricket Stadium, Sector-16",2,9.1,Chandigarh,Chhattisgarh,Bipul Sharma,M Vohra,Ajay Mandal,0,0,,,,,,,,,
1205790,2019/20,2019-11-14,"Cricket Stadium, Sector-16",2,9.2,Chandigarh,Chhattisgarh,Bipul Sharma,M Vohra,Ajay Mandal,1,0,,,,,,,,,
1205790,2019/20,2019-11-14,"Cricket Stadium, Sector-16",2,9.3,Chandigarh,Chhattisgarh,M Vohra,Bipul Sharma,Ajay Mandal,1,0,,,,,,,,,
1205790,2019/20,2019-11-14,"Cricket Stadium, Sector-16",2,9.4,Chandigarh,Chhattisgarh,Bipul Sharma,M Vohra,Ajay Mandal,0,0,,,,,,,,,
1205790,2019/20,2019-11-14,"Cricket Stadium, Sector-16",2,9.5,Chandigarh,Chhattisgarh,Bipul Sharma,M Vohra,Ajay Mandal,1,0,,,,,,,,,
1205790,2019/20,2019-11-14,"Cricket Stadium, Sector-16",2,9.6,Chandigarh,Chhattisgarh,M Vohra,Bipul Sharma,Ajay Mandal,4,0,,,,,,,,,
1205790,2019/20,2019-11-14,"Cricket Stadium, Sector-16",2,10.1,Chandigarh,Chhattisgarh,Bipul Sharma,M Vohra,Shubham Singh,0,0,,,,,,,,,
1205790,2019/20,2019-11-14,"Cricket Stadium, Sector-16",2,10.2,Chandigarh,Chhattisgarh,Bipul Sharma,M Vohra,Shubham Singh,1,0,,,,,,,,,
1205790,2019/20,2019-11-14,"Cricket Stadium, Sector-16",2,10.3,Chandigarh,Chhattisgarh,M Vohra,Bipul Sharma,Shubham Singh,6,0,,,,,,,,,
1205790,2019/20,2019-11-14,"Cricket Stadium, Sector-16",2,10.4,Chandigarh,Chhattisgarh,M Vohra,Bipul Sharma,Shubham Singh,0,0,,,,,,,,,
1205790,2019/20,2019-11-14,"Cricket Stadium, Sector-16",2,10.5,Chandigarh,Chhattisgarh,M Vohra,Bipul Sharma,Shubham Singh,0,0,,,,,,caught,M Vohra,,
1205790,2019/20,2019-11-14,"Cricket Stadium, Sector-16",2,10.6,Chandigarh,Chhattisgarh,Gaurav Puri,Bipul Sharma,Shubham Singh,1,0,,,,,,,,,
1205790,2019/20,2019-11-14,"Cricket Stadium, Sector-16",2,11.1,Chandigarh,Chhattisgarh,Gaurav Puri,Bipul Sharma,Shashank Singh,0,0,,,,,,,,,
1205790,2019/20,2019-11-14,"Cricket Stadium, Sector-16",2,11.2,Chandigarh,Chhattisgarh,Gaurav Puri,Bipul Sharma,Shashank Singh,1,0,,,,,,,,,
1205790,2019/20,2019-11-14,"Cricket Stadium, Sector-16",2,11.3,Chandigarh,Chhattisgarh,Bipul Sharma,Gaurav Puri,Shashank Singh,0,0,,,,,,,,,
1205790,2019/20,2019-11-14,"Cricket Stadium, Sector-16",2,11.4,Chandigarh,Chhattisgarh,Bipul Sharma,Gaurav Puri,Shashank Singh,4,0,,,,,,,,,
1205790,2019/20,2019-11-14,"Cricket Stadium, Sector-16",2,11.5,Chandigarh,Chhattisgarh,Bipul Sharma,Gaurav Puri,Shashank Singh,1,0,,,,,,,,,
1205790,2019/20,2019-11-14,"Cricket Stadium, Sector-16",2,11.6,Chandigarh,Chhattisgarh,Gaurav Puri,Bipul Sharma,Shashank Singh,4,0,,,,,,,,,
1205790,2019/20,2019-11-14,"Cricket Stadium, Sector-16",2,12.1,Chandigarh,Chhattisgarh,Bipul Sharma,Gaurav Puri,Shubham Singh,6,0,,,,,,,,,
1205790,2019/20,2019-11-14,"Cricket Stadium, Sector-16",2,12.2,Chandigarh,Chhattisgarh,Bipul Sharma,Gaurav Puri,Shubham Singh,4,0,,,,,,,,,
1205790,2019/20,2019-11-14,"Cricket Stadium, Sector-16",2,12.3,Chandigarh,Chhattisgarh,Bipul Sharma,Gaurav Puri,Shubham Singh,1,0,,,,,,,,,
1205790,2019/20,2019-11-14,"Cricket Stadium, Sector-16",2,12.4,Chandigarh,Chhattisgarh,Gaurav Puri,Bipul Sharma,Shubham Singh,6,0,,,,,,,,,
1205790,2019/20,2019-11-14,"Cricket Stadium, Sector-16",2,12.5,Chandigarh,Chhattisgarh,Gaurav Puri,Bipul Sharma,Shubham Singh,1,0,,,,,,,,,
1205790,2019/20,2019-11-14,"Cricket Stadium, Sector-16",2,12.6,Chandigarh,Chhattisgarh,Bipul Sharma,Gaurav Puri,Shubham Singh,0,1,,,,1,,,,,
1205790,2019/20,2019-11-14,"Cricket Stadium, Sector-16",2,13.1,Chandigarh,Chhattisgarh,Bipul Sharma,Gaurav Puri,Shakeeb Ahmed,2,0,,,,,,,,,
1205790,2019/20,2019-11-14,"Cricket Stadium, Sector-16",2,13.2,Chandigarh,Chhattisgarh,Bipul Sharma,Gaurav Puri,Shakeeb Ahmed,4,0,,,,,,,,,
1205790,2019/20,2019-11-14,"Cricket Stadium, Sector-16",2,13.3,Chandigarh,Chhattisgarh,Bipul Sharma,Gaurav Puri,Shakeeb Ahmed,1,0,,,,,,,,,
1205790,2019/20,2019-11-14,"Cricket Stadium, Sector-16",2,13.4,Chandigarh,Chhattisgarh,Gaurav Puri,Bipul Sharma,Shakeeb Ahmed,2,0,,,,,,,,,
1205790,2019/20,2019-11-14,"Cricket Stadium, Sector-16",2,13.5,Chandigarh,Chhattisgarh,Gaurav Puri,Bipul Sharma,Shakeeb Ahmed,4,0,,,,,,,,,
1205790,2019/20,2019-11-14,"Cricket Stadium, Sector-16",2,13.6,Chandigarh,Chhattisgarh,Gaurav Puri,Bipul Sharma,Shakeeb Ahmed,0,0,,,,,,caught,Gaurav Puri,,
1205790,2019/20,2019-11-14,"Cricket Stadium, Sector-16",2,14.1,Chandigarh,Chhattisgarh,Jaskaran Singh,Bipul Sharma,Ajay Mandal,1,0,,,,,,,,,
1205790,2019/20,2019-11-14,"Cricket Stadium, Sector-16",2,14.2,Chandigarh,Chhattisgarh,Bipul Sharma,Jaskaran Singh,Ajay Mandal,0,1,1,,,,,,,,
1205790,2019/20,2019-11-14,"Cricket Stadium, Sector-16",2,14.3,Chandigarh,Chhattisgarh,Bipul Sharma,Jaskaran Singh,Ajay Mandal,6,0,,,,,,,,,
1205790,2019/20,2019-11-14,"Cricket Stadium, Sector-16",2,14.4,Chandigarh,Chhattisgarh,Bipul Sharma,Jaskaran Singh,Ajay Mandal,1,0,,,,,,,,,
1205790,2019/20,2019-11-14,"Cricket Stadium, Sector-16",2,14.5,Chandigarh,Chhattisgarh,Jaskaran Singh,Bipul Sharma,Ajay Mandal,0,0,,,,,,,,,
1205790,2019/20,2019-11-14,"Cricket Stadium, Sector-16",2,14.6,Chandigarh,Chhattisgarh,Jaskaran Singh,Bipul Sharma,Ajay Mandal,1,0,,,,,,,,,
1205790,2019/20,2019-11-14,"Cricket Stadium, Sector-16",2,14.7,Chandigarh,Chhattisgarh,Bipul Sharma,Jaskaran Singh,Ajay Mandal,4,0,,,,,,,,,
1205790,2019/20,2019-11-14,"Cricket Stadium, Sector-16",2,15.1,Chandigarh,Chhattisgarh,Jaskaran Singh,Bipul Sharma,Pankaj Rao,1,0,,,,,,,,,
1205790,2019/20,2019-11-14,"Cricket Stadium, Sector-16",2,15.2,Chandigarh,Chhattisgarh,Bipul Sharma,Jaskaran Singh,Pankaj Rao,1,0,,,,,,,,,
1205790,2019/20,2019-11-14,"Cricket Stadium, Sector-16",2,15.3,Chandigarh,Chhattisgarh,Jaskaran Singh,Bipul Sharma,Pankaj Rao,4,0,,,,,,,,,
1205790,2019/20,2019-11-14,"Cricket Stadium, Sector-16",2,15.4,Chandigarh,Chhattisgarh,Jaskaran Singh,Bipul Sharma,Pankaj Rao,1,0,,,,,,,,,
1205790,2019/20,2019-11-14,"Cricket Stadium, Sector-16",2,15.5,Chandigarh,Chhattisgarh,Bipul Sharma,Jaskaran Singh,Pankaj Rao,2,0,,,,,,,,,
1205790,2019/20,2019-11-14,"Cricket Stadium, Sector-16",2,15.6,Chandigarh,Chhattisgarh,Bipul Sharma,Jaskaran Singh,Pankaj Rao,1,0,,,,,,,,,
1205790,2019/20,2019-11-14,"Cricket Stadium, Sector-16",2,16.1,Chandigarh,Chhattisgarh,Bipul Sharma,Jaskaran Singh,Sumit Ruikar,4,0,,,,,,,,,
1205790,2019/20,2019-11-14,"Cricket Stadium, Sector-16",2,16.2,Chandigarh,Chhattisgarh,Bipul Sharma,Jaskaran Singh,Sumit Ruikar,1,0,,,,,,,,,
1205790,2019/20,2019-11-14,"Cricket Stadium, Sector-16",2,16.3,Chandigarh,Chhattisgarh,Jaskaran Singh,Bipul Sharma,Sumit Ruikar,1,0,,,,,,,,,
1205790,2019/20,2019-11-14,"Cricket Stadium, Sector-16",2,16.4,Chandigarh,Chhattisgarh,Bipul Sharma,Jaskaran Singh,Sumit Ruikar,0,4,,,4,,,,,,
1205790,2019/20,2019-11-14,"Cricket Stadium, Sector-16",2,16.5,Chandigarh,Chhattisgarh,Bipul Sharma,Jaskaran Singh,Sumit Ruikar,1,0,,,,,,,,,
1205790,2019/20,2019-11-14,"Cricket Stadium, Sector-16",2,16.6,Chandigarh,Chhattisgarh,Jaskaran Singh,Bipul Sharma,Sumit Ruikar,0,0,,,,,,caught and bowled,Jaskaran Singh,,
1205790,2019/20,2019-11-14,"Cricket Stadium, Sector-16",2,17.1,Chandigarh,Chhattisgarh,Bipul Sharma,Jaskaranvir Singh Sohi,Shakeeb Ahmed,1,0,,,,,,,,,
1205790,2019/20,2019-11-14,"Cricket Stadium, Sector-16",2,17.2,Chandigarh,Chhattisgarh,Jaskaranvir Singh Sohi,Bipul Sharma,Shakeeb Ahmed,2,0,,,,,,,,,
1205790,2019/20,2019-11-14,"Cricket Stadium, Sector-16",2,17.3,Chandigarh,Chhattisgarh,Jaskaranvir Singh Sohi,Bipul Sharma,Shakeeb Ahmed,1,0,,,,,,,,,
1205790,2019/20,2019-11-14,"Cricket Stadium, Sector-16",2,17.4,Chandigarh,Chhattisgarh,Bipul Sharma,Jaskaranvir Singh Sohi,Shakeeb Ahmed,1,0,,,,,,,,,
1205790,2019/20,2019-11-14,"Cricket Stadium, Sector-16",2,17.5,Chandigarh,Chhattisgarh,Jaskaranvir Singh Sohi,Bipul Sharma,Shakeeb Ahmed,0,1,,,,1,,,,,
1205790,2019/20,2019-11-14,"Cricket Stadium, Sector-16",2,17.6,Chandigarh,Chhattisgarh,Bipul Sharma,Jaskaranvir Singh Sohi,Shakeeb Ahmed,1,0,,,,,,,,,
1205790,2019/20,2019-11-14,"Cricket Stadium, Sector-16",2,18.1,Chandigarh,Chhattisgarh,Bipul Sharma,Jaskaranvir Singh Sohi,Ajay Mandal,1,0,,,,,,,,,
1205790,2019/20,2019-11-14,"Cricket Stadium, Sector-16",2,18.2,Chandigarh,Chhattisgarh,Jaskaranvir Singh Sohi,Bipul Sharma,Ajay Mandal,1,0,,,,,,,,,
1205790,2019/20,2019-11-14,"Cricket Stadium, Sector-16",2,18.3,Chandigarh,Chhattisgarh,Bipul Sharma,Jaskaranvir Singh Sohi,Ajay Mandal,4,0,,,,,,,,,
1205790,2019/20,2019-11-14,"Cricket Stadium, Sector-16",2,18.4,Chandigarh,Chhattisgarh,Bipul Sharma,Jaskaranvir Singh Sohi,Ajay Mandal,1,0,,,,,,,,,
1205790,2019/20,2019-11-14,"Cricket Stadium, Sector-16",2,18.5,Chandigarh,Chhattisgarh,Jaskaranvir Singh Sohi,Bipul Sharma,Ajay Mandal,1,0,,,,,,,,,
1205790,2019/20,2019-11-14,"Cricket Stadium, Sector-16",2,18.6,Chandigarh,Chhattisgarh,Bipul Sharma,Jaskaranvir Singh Sohi,Ajay Mandal,6,0,,,,,,,,,
