match_id,season,start_date,venue,innings,ball,batting_team,bowling_team,striker,non_striker,bowler,runs_off_bat,extras,wides,noballs,byes,legbyes,penalty,wicket_type,player_dismissed,other_wicket_type,other_player_dismissed
1205742,2019/20,2019-11-09,Dr. Y.S. Rajasekhara Reddy ACA VDCA Cricket Stadium,1,0.1,Uttarakhand,Services,Karanveer Kaushal,Harshit Bisht,Diwesh Pathania,1,0,,,,,,,,,
1205742,2019/20,2019-11-09,Dr. Y.S. Rajasekhara Reddy ACA VDCA Cricket Stadium,1,0.2,Uttarakhand,Services,Harshit Bisht,Karanveer Kaushal,Diwesh Pathania,0,0,,,,,,,,,
1205742,2019/20,2019-11-09,Dr. Y.S. Rajasekhara Reddy ACA VDCA Cricket Stadium,1,0.3,Uttarakhand,Services,Harshit Bisht,Karanveer Kaushal,Diwesh Pathania,0,0,,,,,,,,,
1205742,2019/20,2019-11-09,Dr. Y.S. Rajasekhara Reddy ACA VDCA Cricket Stadium,1,0.4,Uttarakhand,Services,Harshit Bisht,Karanveer Kaushal,Diwesh Pathania,0,0,,,,,,,,,
1205742,2019/20,2019-11-09,Dr. Y.S. Rajasekhara Reddy ACA VDCA Cricket Stadium,1,0.5,Uttarakhand,Services,Harshit Bisht,Karanveer Kaushal,Diwesh Pathania,0,0,,,,,,,,,
1205742,2019/20,2019-11-09,Dr. Y.S. Rajasekhara Reddy ACA VDCA Cricket Stadium,1,0.6,Uttarakhand,Services,Harshit Bisht,Karanveer Kaushal,Diwesh Pathania,1,0,,,,,,,,,
1205742,2019/20,2019-11-09,Dr. Y.S. Rajasekhara Reddy ACA VDCA Cricket Stadium,1,1.1,Uttarakhand,Services,Harshit Bisht,Karanveer Kaushal,Varun Choudhary,0,0,,,,,,,,,
1205742,2019/20,2019-11-09,Dr. Y.S. Rajasekhara Reddy ACA VDCA Cricket Stadium,1,1.2,Uttarakhand,Services,Harshit Bisht,Karanveer Kaushal,Varun Choudhary,1,0,,,,,,,,,
1205742,2019/20,2019-11-09,Dr. Y.S. Rajasekhara Reddy ACA VDCA Cricket Stadium,1,1.3,Uttarakhand,Services,Karanveer Kaushal,Harshit Bisht,Varun Choudhary,0,0,,,,,,,,,
1205742,2019/20,2019-11-09,Dr. Y.S. Rajasekhara Reddy ACA VDCA Cricket Stadium,1,1.4,Uttarakhand,Services,Karanveer Kaushal,Harshit Bisht,Varun Choudhary,0,0,,,,,,,,,
1205742,2019/20,2019-11-09,Dr. Y.S. Rajasekhara Reddy ACA VDCA Cricket Stadium,1,1.5,Uttarakhand,Services,Karanveer Kaushal,Harshit Bisht,Varun Choudhary,0,0,,,,,,,,,
1205742,2019/20,2019-11-09,Dr. Y.S. Rajasekhara Reddy ACA VDCA Cricket Stadium,1,1.6,Uttarakhand,Services,Karanveer Kaushal,Harshit Bisht,Varun Choudhary,0,0,,,,,,,,,
1205742,2019/20,2019-11-09,Dr. Y.S. Rajasekhara Reddy ACA VDCA Cricket Stadium,1,2.1,Uttarakhand,Services,Harshit Bisht,Karanveer Kaushal,Diwesh Pathania,4,0,,,,,,,,,
1205742,2019/20,2019-11-09,Dr. Y.S. Rajasekhara Reddy ACA VDCA Cricket Stadium,1,2.2,Uttarakhand,Services,Harshit Bisht,Karanveer Kaushal,Diwesh Pathania,1,0,,,,,,,,,
1205742,2019/20,2019-11-09,Dr. Y.S. Rajasekhara Reddy ACA VDCA Cricket Stadium,1,2.3,Uttarakhand,Services,Karanveer Kaushal,Harshit Bisht,Diwesh Pathania,0,0,,,,,,,,,
1205742,2019/20,2019-11-09,Dr. Y.S. Rajasekhara Reddy ACA VDCA Cricket Stadium,1,2.4,Uttarakhand,Services,Karanveer Kaushal,Harshit Bisht,Diwesh Pathania,0,0,,,,,,bowled,Karanveer Kaushal,,
1205742,2019/20,2019-11-09,Dr. Y.S. Rajasekhara Reddy ACA VDCA Cricket Stadium,1,2.5,Uttarakhand,Services,TM Srivastava,Harshit Bisht,Diwesh Pathania,0,0,,,,,,,,,
1205742,2019/20,2019-11-09,Dr. Y.S. Rajasekhara Reddy ACA VDCA Cricket Stadium,1,2.6,Uttarakhand,Services,TM Srivastava,Harshit Bisht,Diwesh Pathania,0,0,,,,,,,,,
1205742,2019/20,2019-11-09,Dr. Y.S. Rajasekhara Reddy ACA VDCA Cricket Stadium,1,3.1,Uttarakhand,Services,Harshit Bisht,TM Srivastava,Varun Choudhary,0,0,,,,,,,,,
1205742,2019/20,2019-11-09,Dr. Y.S. Rajasekhara Reddy ACA VDCA Cricket Stadium,1,3.2,Uttarakhand,Services,Harshit Bisht,TM Srivastava,Varun Choudhary,0,0,,,,,,,,,
1205742,2019/20,2019-11-09,Dr. Y.S. Rajasekhara Reddy ACA VDCA Cricket Stadium,1,3.3,Uttarakhand,Services,Harshit Bisht,TM Srivastava,Varun Choudhary,0,0,,,,,,,,,
1205742,2019/20,2019-11-09,Dr. Y.S. Rajasekhara Reddy ACA VDCA Cricket Stadium,1,3.4,Uttarakhand,Services,Harshit Bisht,TM Srivastava,Varun Choudhary,0,0,,,,,,,,,
1205742,2019/20,2019-11-09,Dr. Y.S. Rajasekhara Reddy ACA VDCA Cricket Stadium,1,3.5,Uttarakhand,Services,Harshit Bisht,TM Srivastava,Varun Choudhary,6,0,,,,,,,,,
1205742,2019/20,2019-11-09,Dr. Y.S. Rajasekhara Reddy ACA VDCA Cricket Stadium,1,3.6,Uttarakhand,Services,Harshit Bisht,TM Srivastava,Varun Choudhary,0,1,1,,,,,,,,
1205742,2019/20,2019-11-09,Dr. Y.S. Rajasekhara Reddy ACA VDCA Cricket Stadium,1,3.7,Uttarakhand,Services,Harshit Bisht,TM Srivastava,Varun Choudhary,0,0,,,,,,,,,
1205742,2019/20,2019-11-09,Dr. Y.S. Rajasekhara Reddy ACA VDCA Cricket Stadium,1,4.1,Uttarakhand,Services,TM Srivastava,Harshit Bisht,Diwesh Pathania,0,0,,,,,,,,,
1205742,2019/20,2019-11-09,Dr. Y.S. Rajasekhara Reddy ACA VDCA Cricket Stadium,1,4.2,Uttarakhand,Services,TM Srivastava,Harshit Bisht,Diwesh Pathania,0,0,,,,,,,,,
1205742,2019/20,2019-11-09,Dr. Y.S. Rajasekhara Reddy ACA VDCA Cricket Stadium,1,4.3,Uttarakhand,Services,TM Srivastava,Harshit Bisht,Diwesh Pathania,1,0,,,,,,,,,
1205742,2019/20,2019-11-09,Dr. Y.S. Rajasekhara Reddy ACA VDCA Cricket Stadium,1,4.4,Uttarakhand,Services,Harshit Bisht,TM Srivastava,Diwesh Pathania,4,0,,,,,,,,,
1205742,2019/20,2019-11-09,Dr. Y.S. Rajasekhara Reddy ACA VDCA Cricket Stadium,1,4.5,Uttarakhand,Services,Harshit Bisht,TM Srivastava,Diwesh Pathania,1,0,,,,,,,,,
1205742,2019/20,2019-11-09,Dr. Y.S. Rajasekhara Reddy ACA VDCA Cricket Stadium,1,4.6,Uttarakhand,Services,TM Srivastava,Harshit Bisht,Diwesh Pathania,0,0,,,,,,,,,
1205742,2019/20,2019-11-09,Dr. Y.S. Rajasekhara Reddy ACA VDCA Cricket Stadium,1,5.1,Uttarakhand,Services,Harshit Bisht,TM Srivastava,Mohit Kumar,0,0,,,,,,,,,
1205742,2019/20,2019-11-09,Dr. Y.S. Rajasekhara Reddy ACA VDCA Cricket Stadium,1,5.2,Uttarakhand,Services,Harshit Bisht,TM Srivastava,Mohit Kumar,0,0,,,,,,,,,
1205742,2019/20,2019-11-09,Dr. Y.S. Rajasekhara Reddy ACA VDCA Cricket Stadium,1,5.3,Uttarakhand,Services,Harshit Bisht,TM Srivastava,Mohit Kumar,0,0,,,,,,,,,
1205742,2019/20,2019-11-09,Dr. Y.S. Rajasekhara Reddy ACA VDCA Cricket Stadium,1,5.4,Uttarakhand,Services,Harshit Bisht,TM Srivastava,Mohit Kumar,1,0,,,,,,,,,
1205742,2019/20,2019-11-09,Dr. Y.S. Rajasekhara Reddy ACA VDCA Cricket Stadium,1,5.5,Uttarakhand,Services,TM Srivastava,Harshit Bisht,Mohit Kumar,2,0,,,,,,,,,
1205742,2019/20,2019-11-09,Dr. Y.S. Rajasekhara Reddy ACA VDCA Cricket Stadium,1,5.6,Uttarakhand,Services,TM Srivastava,Harshit Bisht,Mohit Kumar,4,0,,,,,,,,,
1205742,2019/20,2019-11-09,Dr. Y.S. Rajasekhara Reddy ACA VDCA Cricket Stadium,1,6.1,Uttarakhand,Services,Harshit Bisht,TM Srivastava,Pulkit Narang,0,0,,,,,,,,,
1205742,2019/20,2019-11-09,Dr. Y.S. Rajasekhara Reddy ACA VDCA Cricket Stadium,1,6.2,Uttarakhand,Services,Harshit Bisht,TM Srivastava,Pulkit Narang,1,0,,,,,,,,,
1205742,2019/20,2019-11-09,Dr. Y.S. Rajasekhara Reddy ACA VDCA Cricket Stadium,1,6.3,Uttarakhand,Services,TM Srivastava,Harshit Bisht,Pulkit Narang,0,0,,,,,,,,,
1205742,2019/20,2019-11-09,Dr. Y.S. Rajasekhara Reddy ACA VDCA Cricket Stadium,1,6.4,Uttarakhand,Services,TM Srivastava,Harshit Bisht,Pulkit Narang,4,0,,,,,,,,,
1205742,2019/20,2019-11-09,Dr. Y.S. Rajasekhara Reddy ACA VDCA Cricket Stadium,1,6.5,Uttarakhand,Services,TM Srivastava,Harshit Bisht,Pulkit Narang,1,0,,,,,,,,,
1205742,2019/20,2019-11-09,Dr. Y.S. Rajasekhara Reddy ACA VDCA Cricket Stadium,1,6.6,Uttarakhand,Services,Harshit Bisht,TM Srivastava,Pulkit Narang,1,0,,,,,,,,,
1205742,2019/20,2019-11-09,Dr. Y.S. Rajasekhara Reddy ACA VDCA Cricket Stadium,1,7.1,Uttarakhand,Services,Harshit Bisht,TM Srivastava,Mohit Kumar,1,0,,,,,,,,,
1205742,2019/20,2019-11-09,Dr. Y.S. Rajasekhara Reddy ACA VDCA Cricket Stadium,1,7.2,Uttarakhand,Services,TM Srivastava,Harshit Bisht,Mohit Kumar,1,0,,,,,,,,,
1205742,2019/20,2019-11-09,Dr. Y.S. Rajasekhara Reddy ACA VDCA Cricket Stadium,1,7.3,Uttarakhand,Services,Harshit Bisht,TM Srivastava,Mohit Kumar,1,0,,,,,,,,,
1205742,2019/20,2019-11-09,Dr. Y.S. Rajasekhara Reddy ACA VDCA Cricket Stadium,1,7.4,Uttarakhand,Services,TM Srivastava,Harshit Bisht,Mohit Kumar,2,0,,,,,,,,,
1205742,2019/20,2019-11-09,Dr. Y.S. Rajasekhara Reddy ACA VDCA Cricket Stadium,1,7.5,Uttarakhand,Services,TM Srivastava,Harshit Bisht,Mohit Kumar,1,0,,,,,,,,,
1205742,2019/20,2019-11-09,Dr. Y.S. Rajasekhara Reddy ACA VDCA Cricket Stadium,1,7.6,Uttarakhand,Services,Harshit Bisht,TM Srivastava,Mohit Kumar,0,0,,,,,,,,,
1205742,2019/20,2019-11-09,Dr. Y.S. Rajasekhara Reddy ACA VDCA Cricket Stadium,1,8.1,Uttarakhand,Services,TM Srivastava,Harshit Bisht,Vikas Yadav,0,0,,,,,,,,,
1205742,2019/20,2019-11-09,Dr. Y.S. Rajasekhara Reddy ACA VDCA Cricket Stadium,1,8.2,Uttarakhand,Services,TM Srivastava,Harshit Bisht,Vikas Yadav,4,0,,,,,,,,,
1205742,2019/20,2019-11-09,Dr. Y.S. Rajasekhara Reddy ACA VDCA Cricket Stadium,1,8.3,Uttarakhand,Services,TM Srivastava,Harshit Bisht,Vikas Yadav,0,0,,,,,,,,,
1205742,2019/20,2019-11-09,Dr. Y.S. Rajasekhara Reddy ACA VDCA Cricket Stadium,1,8.4,Uttarakhand,Services,TM Srivastava,Harshit Bisht,Vikas Yadav,1,0,,,,,,,,,
1205742,2019/20,2019-11-09,Dr. Y.S. Rajasekhara Reddy ACA VDCA Cricket Stadium,1,8.5,Uttarakhand,Services,Harshit Bisht,TM Srivastava,Vikas Yadav,0,0,,,,,,,,,
1205742,2019/20,2019-11-09,Dr. Y.S. Rajasekhara Reddy ACA VDCA Cricket Stadium,1,8.6,Uttarakhand,Services,Harshit Bisht,TM Srivastava,Vikas Yadav,1,0,,,,,,,,,
1205742,2019/20,2019-11-09,Dr. Y.S. Rajasekhara Reddy ACA VDCA Cricket Stadium,1,9.1,Uttarakhand,Services,Harshit Bisht,TM Srivastava,Pulkit Narang,4,0,,,,,,,,,
1205742,2019/20,2019-11-09,Dr. Y.S. Rajasekhara Reddy ACA VDCA Cricket Stadium,1,9.2,Uttarakhand,Services,Harshit Bisht,TM Srivastava,Pulkit Narang,0,0,,,,,,,,,
1205742,2019/20,2019-11-09,Dr. Y.S. Rajasekhara Reddy ACA VDCA Cricket Stadium,1,9.3,Uttarakhand,Services,Harshit Bisht,TM Srivastava,Pulkit Narang,0,0,,,,,,caught,Harshit Bisht,,
1205742,2019/20,2019-11-09,Dr. Y.S. Rajasekhara Reddy ACA VDCA Cricket Stadium,1,9.4,Uttarakhand,Services,TM Srivastava,Saurabh Rawat,Pulkit Narang,0,0,,,,,,,,,
1205742,2019/20,2019-11-09,Dr. Y.S. Rajasekhara Reddy ACA VDCA Cricket Stadium,1,9.5,Uttarakhand,Services,TM Srivastava,Saurabh Rawat,Pulkit Narang,0,0,,,,,,,,,
1205742,2019/20,2019-11-09,Dr. Y.S. Rajasekhara Reddy ACA VDCA Cricket Stadium,1,9.6,Uttarakhand,Services,TM Srivastava,Saurabh Rawat,Pulkit Narang,0,0,,,,,,,,,
1205742,2019/20,2019-11-09,Dr. Y.S. Rajasekhara Reddy ACA VDCA Cricket Stadium,1,10.1,Uttarakhand,Services,Saurabh Rawat,TM Srivastava,Vikas Yadav,1,0,,,,,,,,,
1205742,2019/20,2019-11-09,Dr. Y.S. Rajasekhara Reddy ACA VDCA Cricket Stadium,1,10.2,Uttarakhand,Services,TM Srivastava,Saurabh Rawat,Vikas Yadav,0,0,,,,,,,,,
1205742,2019/20,2019-11-09,Dr. Y.S. Rajasekhara Reddy ACA VDCA Cricket Stadium,1,10.3,Uttarakhand,Services,TM Srivastava,Saurabh Rawat,Vikas Yadav,4,0,,,,,,,,,
1205742,2019/20,2019-11-09,Dr. Y.S. Rajasekhara Reddy ACA VDCA Cricket Stadium,1,10.4,Uttarakhand,Services,TM Srivastava,Saurabh Rawat,Vikas Yadav,1,0,,,,,,,,,
1205742,2019/20,2019-11-09,Dr. Y.S. Rajasekhara Reddy ACA VDCA Cricket Stadium,1,10.5,Uttarakhand,Services,Saurabh Rawat,TM Srivastava,Vikas Yadav,1,0,,,,,,,,,
1205742,2019/20,2019-11-09,Dr. Y.S. Rajasekhara Reddy ACA VDCA Cricket Stadium,1,10.6,Uttarakhand,Services,TM Srivastava,Saurabh Rawat,Vikas Yadav,1,0,,,,,,,,,
1205742,2019/20,2019-11-09,Dr. Y.S. Rajasekhara Reddy ACA VDCA Cricket Stadium,1,11.1,Uttarakhand,Services,TM Srivastava,Saurabh Rawat,Pulkit Narang,1,0,,,,,,,,,
1205742,2019/20,2019-11-09,Dr. Y.S. Rajasekhara Reddy ACA VDCA Cricket Stadium,1,11.2,Uttarakhand,Services,Saurabh Rawat,TM Srivastava,Pulkit Narang,0,0,,,,,,,,,
1205742,2019/20,2019-11-09,Dr. Y.S. Rajasekhara Reddy ACA VDCA Cricket Stadium,1,11.3,Uttarakhand,Services,Saurabh Rawat,TM Srivastava,Pulkit Narang,0,0,,,,,,,,,
1205742,2019/20,2019-11-09,Dr. Y.S. Rajasekhara Reddy ACA VDCA Cricket Stadium,1,11.4,Uttarakhand,Services,Saurabh Rawat,TM Srivastava,Pulkit Narang,4,0,,,,,,,,,
1205742,2019/20,2019-11-09,Dr. Y.S. Rajasekhara Reddy ACA VDCA Cricket Stadium,1,11.5,Uttarakhand,Services,Saurabh Rawat,TM Srivastava,Pulkit Narang,0,0,,,,,,,,,
1205742,2019/20,2019-11-09,Dr. Y.S. Rajasekhara Reddy ACA VDCA Cricket Stadium,1,11.6,Uttarakhand,Services,Saurabh Rawat,TM Srivastava,Pulkit Narang,1,0,,,,,,,,,
1205742,2019/20,2019-11-09,Dr. Y.S. Rajasekhara Reddy ACA VDCA Cricket Stadium,1,12.1,Uttarakhand,Services,Saurabh Rawat,TM Srivastava,Vikas Yadav,1,0,,,,,,,,,
1205742,2019/20,2019-11-09,Dr. Y.S. Rajasekhara Reddy ACA VDCA Cricket Stadium,1,12.2,Uttarakhand,Services,TM Srivastava,Saurabh Rawat,Vikas Yadav,6,0,,,,,,,,,
1205742,2019/20,2019-11-09,Dr. Y.S. Rajasekhara Reddy ACA VDCA Cricket Stadium,1,12.3,Uttarakhand,Services,TM Srivastava,Saurabh Rawat,Vikas Yadav,1,0,,,,,,,,,
1205742,2019/20,2019-11-09,Dr. Y.S. Rajasekhara Reddy ACA VDCA Cricket Stadium,1,12.4,Uttarakhand,Services,Saurabh Rawat,TM Srivastava,Vikas Yadav,0,0,,,,,,,,,
1205742,2019/20,2019-11-09,Dr. Y.S. Rajasekhara Reddy ACA VDCA Cricket Stadium,1,12.5,Uttarakhand,Services,Saurabh Rawat,TM Srivastava,Vikas Yadav,0,1,1,,,,,,,,
1205742,2019/20,2019-11-09,Dr. Y.S. Rajasekhara Reddy ACA VDCA Cricket Stadium,1,12.6,Uttarakhand,Services,Saurabh Rawat,TM Srivastava,Vikas Yadav,1,0,,,,,,,,,
1205742,2019/20,2019-11-09,Dr. Y.S. Rajasekhara Reddy ACA VDCA Cricket Stadium,1,12.7,Uttarakhand,Services,TM Srivastava,Saurabh Rawat,Vikas Yadav,6,0,,,,,,,,,
1205742,2019/20,2019-11-09,Dr. Y.S. Rajasekhara Reddy ACA VDCA Cricket Stadium,1,13.1,Uttarakhand,Services,Saurabh Rawat,TM Srivastava,Pulkit Narang,1,0,,,,,,,,,
1205742,2019/20,2019-11-09,Dr. Y.S. Rajasekhara Reddy ACA VDCA Cricket Stadium,1,13.2,Uttarakhand,Services,TM Srivastava,Saurabh Rawat,Pulkit Narang,0,1,1,,,,,,,,
1205742,2019/20,2019-11-09,Dr. Y.S. Rajasekhara Reddy ACA VDCA Cricket Stadium,1,13.3,Uttarakhand,Services,TM Srivastava,Saurabh Rawat,Pulkit Narang,1,0,,,,,,,,,
1205742,2019/20,2019-11-09,Dr. Y.S. Rajasekhara Reddy ACA VDCA Cricket Stadium,1,13.4,Uttarakhand,Services,Saurabh Rawat,TM Srivastava,Pulkit Narang,1,0,,,,,,,,,
1205742,2019/20,2019-11-09,Dr. Y.S. Rajasekhara Reddy ACA VDCA Cricket Stadium,1,13.5,Uttarakhand,Services,TM Srivastava,Saurabh Rawat,Pulkit Narang,0,1,1,,,,,,,,
1205742,2019/20,2019-11-09,Dr. Y.S. Rajasekhara Reddy ACA VDCA Cricket Stadium,1,13.6,Uttarakhand,Services,TM Srivastava,Saurabh Rawat,Pulkit Narang,1,0,,,,,,,,,
1205742,2019/20,2019-11-09,Dr. Y.S. Rajasekhara Reddy ACA VDCA Cricket Stadium,1,13.7,Uttarakhand,Services,Saurabh Rawat,TM Srivastava,Pulkit Narang,0,0,,,,,,caught,Saurabh Rawat,,
1205742,2019/20,2019-11-09,Dr. Y.S. Rajasekhara Reddy ACA VDCA Cricket Stadium,1,13.8,Uttarakhand,Services,Avneesh Sudha,TM Srivastava,Pulkit Narang,1,0,,,,,,,,,
1205742,2019/20,2019-11-09,Dr. Y.S. Rajasekhara Reddy ACA VDCA Cricket Stadium,1,14.1,Uttarakhand,Services,Avneesh Sudha,TM Srivastava,Mohit Kumar,0,0,,,,,,,,,
1205742,2019/20,2019-11-09,Dr. Y.S. Rajasekhara Reddy ACA VDCA Cricket Stadium,1,14.2,Uttarakhand,Services,Avneesh Sudha,TM Srivastava,Mohit Kumar,0,0,,,,,,,,,
1205742,2019/20,2019-11-09,Dr. Y.S. Rajasekhara Reddy ACA VDCA Cricket Stadium,1,14.3,Uttarakhand,Services,Avneesh Sudha,TM Srivastava,Mohit Kumar,0,0,,,,,,,,,
1205742,2019/20,2019-11-09,Dr. Y.S. Rajasekhara Reddy ACA VDCA Cricket Stadium,1,14.4,Uttarakhand,Services,Avneesh Sudha,TM Srivastava,Mohit Kumar,0,0,,,,,,,,,
1205742,2019/20,2019-11-09,Dr. Y.S. Rajasekhara Reddy ACA VDCA Cricket Stadium,1,14.5,Uttarakhand,Services,Avneesh Sudha,TM Srivastava,Mohit Kumar,1,0,,,,,,,,,
1205742,2019/20,2019-11-09,Dr. Y.S. Rajasekhara Reddy ACA VDCA Cricket Stadium,1,14.6,Uttarakhand,Services,TM Srivastava,Avneesh Sudha,Mohit Kumar,1,0,,,,,,,,,
1205742,2019/20,2019-11-09,Dr. Y.S. Rajasekhara Reddy ACA VDCA Cricket Stadium,1,15.1,Uttarakhand,Services,TM Srivastava,Avneesh Sudha,Varun Choudhary,0,0,,,,,,,,,
1205742,2019/20,2019-11-09,Dr. Y.S. Rajasekhara Reddy ACA VDCA Cricket Stadium,1,15.2,Uttarakhand,Services,TM Srivastava,Avneesh Sudha,Varun Choudhary,4,0,,,,,,,,,
1205742,2019/20,2019-11-09,Dr. Y.S. Rajasekhara Reddy ACA VDCA Cricket Stadium,1,15.3,Uttarakhand,Services,TM Srivastava,Avneesh Sudha,Varun Choudhary,1,0,,,,,,,,,
1205742,2019/20,2019-11-09,Dr. Y.S. Rajasekhara Reddy ACA VDCA Cricket Stadium,1,15.4,Uttarakhand,Services,Avneesh Sudha,TM Srivastava,Varun Choudhary,2,0,,,,,,,,,
1205742,2019/20,2019-11-09,Dr. Y.S. Rajasekhara Reddy ACA VDCA Cricket Stadium,1,15.5,Uttarakhand,Services,Avneesh Sudha,TM Srivastava,Varun Choudhary,1,0,,,,,,,,,
1205742,2019/20,2019-11-09,Dr. Y.S. Rajasekhara Reddy ACA VDCA Cricket Stadium,1,15.6,Uttarakhand,Services,TM Srivastava,Avneesh Sudha,Varun Choudhary,1,0,,,,,,,,,
1205742,2019/20,2019-11-09,Dr. Y.S. Rajasekhara Reddy ACA VDCA Cricket Stadium,1,16.1,Uttarakhand,Services,TM Srivastava,Avneesh Sudha,Vikas Yadav,2,0,,,,,,,,,
1205742,2019/20,2019-11-09,Dr. Y.S. Rajasekhara Reddy ACA VDCA Cricket Stadium,1,16.2,Uttarakhand,Services,TM Srivastava,Avneesh Sudha,Vikas Yadav,1,0,,,,,,,,,
1205742,2019/20,2019-11-09,Dr. Y.S. Rajasekhara Reddy ACA VDCA Cricket Stadium,1,16.3,Uttarakhand,Services,Avneesh Sudha,TM Srivastava,Vikas Yadav,0,0,,,,,,caught,Avneesh Sudha,,
1205742,2019/20,2019-11-09,Dr. Y.S. Rajasekhara Reddy ACA VDCA Cricket Stadium,1,16.4,Uttarakhand,Services,TM Srivastava,Dikshanshu Negi,Vikas Yadav,1,0,,,,,,,,,
1205742,2019/20,2019-11-09,Dr. Y.S. Rajasekhara Reddy ACA VDCA Cricket Stadium,1,16.5,Uttarakhand,Services,Dikshanshu Negi,TM Srivastava,Vikas Yadav,1,0,,,,,,,,,
1205742,2019/20,2019-11-09,Dr. Y.S. Rajasekhara Reddy ACA VDCA Cricket Stadium,1,16.6,Uttarakhand,Services,TM Srivastava,Dikshanshu Negi,Vikas Yadav,1,0,,,,,,,,,
1205742,2019/20,2019-11-09,Dr. Y.S. Rajasekhara Reddy ACA VDCA Cricket Stadium,1,17.1,Uttarakhand,Services,TM Srivastava,Dikshanshu Negi,Diwesh Pathania,1,0,,,,,,,,,
1205742,2019/20,2019-11-09,Dr. Y.S. Rajasekhara Reddy ACA VDCA Cricket Stadium,1,17.2,Uttarakhand,Services,Dikshanshu Negi,TM Srivastava,Diwesh Pathania,1,0,,,,,,,,,
1205742,2019/20,2019-11-09,Dr. Y.S. Rajasekhara Reddy ACA VDCA Cricket Stadium,1,17.3,Uttarakhand,Services,TM Srivastava,Dikshanshu Negi,Diwesh Pathania,1,0,,,,,,,,,
1205742,2019/20,2019-11-09,Dr. Y.S. Rajasekhara Reddy ACA VDCA Cricket Stadium,1,17.4,Uttarakhand,Services,Dikshanshu Negi,TM Srivastava,Diwesh Pathania,1,0,,,,,,,,,
1205742,2019/20,2019-11-09,Dr. Y.S. Rajasekhara Reddy ACA VDCA Cricket Stadium,1,17.5,Uttarakhand,Services,TM Srivastava,Dikshanshu Negi,Diwesh Pathania,4,0,,,,,,,,,
1205742,2019/20,2019-11-09,Dr. Y.S. Rajasekhara Reddy ACA VDCA Cricket Stadium,1,17.6,Uttarakhand,Services,TM Srivastava,Dikshanshu Negi,Diwesh Pathania,0,0,,,,,,,,,
1205742,2019/20,2019-11-09,Dr. Y.S. Rajasekhara Reddy ACA VDCA Cricket Stadium,1,18.1,Uttarakhand,Services,Dikshanshu Negi,TM Srivastava,Mohit Kumar,6,0,,,,,,,,,
1205742,2019/20,2019-11-09,Dr. Y.S. Rajasekhara Reddy ACA VDCA Cricket Stadium,1,18.2,Uttarakhand,Services,Dikshanshu Negi,TM Srivastava,Mohit Kumar,0,1,,1,,,,,,,
1205742,2019/20,2019-11-09,Dr. Y.S. Rajasekhara Reddy ACA VDCA Cricket Stadium,1,18.3,Uttarakhand,Services,Dikshanshu Negi,TM Srivastava,Mohit Kumar,1,0,,,,,,,,,
1205742,2019/20,2019-11-09,Dr. Y.S. Rajasekhara Reddy ACA VDCA Cricket Stadium,1,18.4,Uttarakhand,Services,TM Srivastava,Dikshanshu Negi,Mohit Kumar,6,0,,,,,,,,,
1205742,2019/20,2019-11-09,Dr. Y.S. Rajasekhara Reddy ACA VDCA Cricket Stadium,1,18.5,Uttarakhand,Services,TM Srivastava,Dikshanshu Negi,Mohit Kumar,0,0,,,,,,caught,TM Srivastava,,
1205742,2019/20,2019-11-09,Dr. Y.S. Rajasekhara Reddy ACA VDCA Cricket Stadium,1,18.6,Uttarakhand,Services,Himanshu Bisht,Dikshanshu Negi,Mohit Kumar,1,0,,,,,,,,,
1205742,2019/20,2019-11-09,Dr. Y.S. Rajasekhara Reddy ACA VDCA Cricket Stadium,1,18.7,Uttarakhand,Services,Dikshanshu Negi,Himanshu Bisht,Mohit Kumar,1,0,,,,,,,,,
1205742,2019/20,2019-11-09,Dr. Y.S. Rajasekhara Reddy ACA VDCA Cricket Stadium,1,19.1,Uttarakhand,Services,Dikshanshu Negi,Himanshu Bisht,Varun Choudhary,0,0,,,,,,caught,Dikshanshu Negi,,
1205742,2019/20,2019-11-09,Dr. Y.S. Rajasekhara Reddy ACA VDCA Cricket Stadium,1,19.2,Uttarakhand,Services,Mayank Mishra,Himanshu Bisht,Varun Choudhary,0,0,,,,,,,,,
1205742,2019/20,2019-11-09,Dr. Y.S. Rajasekhara Reddy ACA VDCA Cricket Stadium,1,19.3,Uttarakhand,Services,Mayank Mishra,Himanshu Bisht,Varun Choudhary,0,0,,,,,,caught,Mayank Mishra,,
1205742,2019/20,2019-11-09,Dr. Y.S. Rajasekhara Reddy ACA VDCA Cricket Stadium,1,19.4,Uttarakhand,Services,Himanshu Bisht,Rahil Shah,Varun Choudhary,0,2,,,,2,,,,,
1205742,2019/20,2019-11-09,Dr. Y.S. Rajasekhara Reddy ACA VDCA Cricket Stadium,1,19.5,Uttarakhand,Services,Himanshu Bisht,Rahil Shah,Varun Choudhary,1,0,,,,,,run out,Himanshu Bisht,,
1205742,2019/20,2019-11-09,Dr. Y.S. Rajasekhara Reddy ACA VDCA Cricket Stadium,1,19.6,Uttarakhand,Services,Pradeep Chamoli,Rahil Shah,Varun Choudhary,2,0,,,,,,,,,
1205742,2019/20,2019-11-09,Dr. Y.S. Rajasekhara Reddy ACA VDCA Cricket Stadium,2,0.1,Services,Uttarakhand,Nakul Verma,Ravi Chauhan,Mayank Mishra,0,0,,,,,,,,,
1205742,2019/20,2019-11-09,Dr. Y.S. Rajasekhara Reddy ACA VDCA Cricket Stadium,2,0.2,Services,Uttarakhand,Nakul Verma,Ravi Chauhan,Mayank Mishra,1,0,,,,,,,,,
1205742,2019/20,2019-11-09,Dr. Y.S. Rajasekhara Reddy ACA VDCA Cricket Stadium,2,0.3,Services,Uttarakhand,Ravi Chauhan,Nakul Verma,Mayank Mishra,1,0,,,,,,,,,
1205742,2019/20,2019-11-09,Dr. Y.S. Rajasekhara Reddy ACA VDCA Cricket Stadium,2,0.4,Services,Uttarakhand,Nakul Verma,Ravi Chauhan,Mayank Mishra,1,0,,,,,,,,,
1205742,2019/20,2019-11-09,Dr. Y.S. Rajasekhara Reddy ACA VDCA Cricket Stadium,2,0.5,Services,Uttarakhand,Ravi Chauhan,Nakul Verma,Mayank Mishra,0,0,,,,,,,,,
1205742,2019/20,2019-11-09,Dr. Y.S. Rajasekhara Reddy ACA VDCA Cricket Stadium,2,0.6,Services,Uttarakhand,Ravi Chauhan,Nakul Verma,Mayank Mishra,0,1,,,1,,,,,,
1205742,2019/20,2019-11-09,Dr. Y.S. Rajasekhara Reddy ACA VDCA Cricket Stadium,2,1.1,Services,Uttarakhand,Ravi Chauhan,Nakul Verma,Pradeep Chamoli,1,0,,,,,,,,,
1205742,2019/20,2019-11-09,Dr. Y.S. Rajasekhara Reddy ACA VDCA Cricket Stadium,2,1.2,Services,Uttarakhand,Nakul Verma,Ravi Chauhan,Pradeep Chamoli,0,0,,,,,,,,,
1205742,2019/20,2019-11-09,Dr. Y.S. Rajasekhara Reddy ACA VDCA Cricket Stadium,2,1.3,Services,Uttarakhand,Nakul Verma,Ravi Chauhan,Pradeep Chamoli,1,0,,,,,,,,,
1205742,2019/20,2019-11-09,Dr. Y.S. Rajasekhara Reddy ACA VDCA Cricket Stadium,2,1.4,Services,Uttarakhand,Ravi Chauhan,Nakul Verma,Pradeep Chamoli,1,0,,,,,,,,,
1205742,2019/20,2019-11-09,Dr. Y.S. Rajasekhara Reddy ACA VDCA Cricket Stadium,2,1.5,Services,Uttarakhand,Nakul Verma,Ravi Chauhan,Pradeep Chamoli,0,0,,,,,,,,,
1205742,2019/20,2019-11-09,Dr. Y.S. Rajasekhara Reddy ACA VDCA Cricket Stadium,2,1.6,Services,Uttarakhand,Nakul Verma,Ravi Chauhan,Pradeep Chamoli,4,0,,,,,,,,,
1205742,2019/20,2019-11-09,Dr. Y.S. Rajasekhara Reddy ACA VDCA Cricket Stadium,2,2.1,Services,Uttarakhand,Ravi Chauhan,Nakul Verma,Mayank Mishra,0,0,,,,,,,,,
1205742,2019/20,2019-11-09,Dr. Y.S. Rajasekhara Reddy ACA VDCA Cricket Stadium,2,2.2,Services,Uttarakhand,Ravi Chauhan,Nakul Verma,Mayank Mishra,2,0,,,,,,,,,
1205742,2019/20,2019-11-09,Dr. Y.S. Rajasekhara Reddy ACA VDCA Cricket Stadium,2,2.3,Services,Uttarakhand,Ravi Chauhan,Nakul Verma,Mayank Mishra,1,0,,,,,,,,,
1205742,2019/20,2019-11-09,Dr. Y.S. Rajasekhara Reddy ACA VDCA Cricket Stadium,2,2.4,Services,Uttarakhand,Nakul Verma,Ravi Chauhan,Mayank Mishra,6,0,,,,,,,,,
1205742,2019/20,2019-11-09,Dr. Y.S. Rajasekhara Reddy ACA VDCA Cricket Stadium,2,2.5,Services,Uttarakhand,Nakul Verma,Ravi Chauhan,Mayank Mishra,1,0,,,,,,,,,
1205742,2019/20,2019-11-09,Dr. Y.S. Rajasekhara Reddy ACA VDCA Cricket Stadium,2,2.6,Services,Uttarakhand,Ravi Chauhan,Nakul Verma,Mayank Mishra,2,0,,,,,,,,,
1205742,2019/20,2019-11-09,Dr. Y.S. Rajasekhara Reddy ACA VDCA Cricket Stadium,2,3.1,Services,Uttarakhand,Nakul Verma,Ravi Chauhan,Pradeep Chamoli,1,0,,,,,,,,,
1205742,2019/20,2019-11-09,Dr. Y.S. Rajasekhara Reddy ACA VDCA Cricket Stadium,2,3.2,Services,Uttarakhand,Ravi Chauhan,Nakul Verma,Pradeep Chamoli,6,0,,,,,,,,,
1205742,2019/20,2019-11-09,Dr. Y.S. Rajasekhara Reddy ACA VDCA Cricket Stadium,2,3.3,Services,Uttarakhand,Ravi Chauhan,Nakul Verma,Pradeep Chamoli,4,0,,,,,,,,,
1205742,2019/20,2019-11-09,Dr. Y.S. Rajasekhara Reddy ACA VDCA Cricket Stadium,2,3.4,Services,Uttarakhand,Ravi Chauhan,Nakul Verma,Pradeep Chamoli,4,0,,,,,,,,,
1205742,2019/20,2019-11-09,Dr. Y.S. Rajasekhara Reddy ACA VDCA Cricket Stadium,2,3.5,Services,Uttarakhand,Ravi Chauhan,Nakul Verma,Pradeep Chamoli,1,0,,,,,,,,,
1205742,2019/20,2019-11-09,Dr. Y.S. Rajasekhara Reddy ACA VDCA Cricket Stadium,2,3.6,Services,Uttarakhand,Nakul Verma,Ravi Chauhan,Pradeep Chamoli,1,0,,,,,,,,,
1205742,2019/20,2019-11-09,Dr. Y.S. Rajasekhara Reddy ACA VDCA Cricket Stadium,2,4.1,Services,Uttarakhand,Nakul Verma,Ravi Chauhan,Dikshanshu Negi,1,0,,,,,,,,,
1205742,2019/20,2019-11-09,Dr. Y.S. Rajasekhara Reddy ACA VDCA Cricket Stadium,2,4.2,Services,Uttarakhand,Ravi Chauhan,Nakul Verma,Dikshanshu Negi,1,0,,,,,,,,,
1205742,2019/20,2019-11-09,Dr. Y.S. Rajasekhara Reddy ACA VDCA Cricket Stadium,2,4.3,Services,Uttarakhand,Nakul Verma,Ravi Chauhan,Dikshanshu Negi,0,0,,,,,,,,,
1205742,2019/20,2019-11-09,Dr. Y.S. Rajasekhara Reddy ACA VDCA Cricket Stadium,2,4.4,Services,Uttarakhand,Nakul Verma,Ravi Chauhan,Dikshanshu Negi,1,0,,,,,,,,,
1205742,2019/20,2019-11-09,Dr. Y.S. Rajasekhara Reddy ACA VDCA Cricket Stadium,2,4.5,Services,Uttarakhand,Ravi Chauhan,Nakul Verma,Dikshanshu Negi,1,0,,,,,,,,,
1205742,2019/20,2019-11-09,Dr. Y.S. Rajasekhara Reddy ACA VDCA Cricket Stadium,2,4.6,Services,Uttarakhand,Nakul Verma,Ravi Chauhan,Dikshanshu Negi,0,0,,,,,,bowled,Nakul Verma,,
1205742,2019/20,2019-11-09,Dr. Y.S. Rajasekhara Reddy ACA VDCA Cricket Stadium,2,5.1,Services,Uttarakhand,Ravi Chauhan,Aanshul Gupta,Rahil Shah,1,0,,,,,,,,,
1205742,2019/20,2019-11-09,Dr. Y.S. Rajasekhara Reddy ACA VDCA Cricket Stadium,2,5.2,Services,Uttarakhand,Aanshul Gupta,Ravi Chauhan,Rahil Shah,0,1,,,,1,,,,,
1205742,2019/20,2019-11-09,Dr. Y.S. Rajasekhara Reddy ACA VDCA Cricket Stadium,2,5.3,Services,Uttarakhand,Ravi Chauhan,Aanshul Gupta,Rahil Shah,0,0,,,,,,,,,
1205742,2019/20,2019-11-09,Dr. Y.S. Rajasekhara Reddy ACA VDCA Cricket Stadium,2,5.4,Services,Uttarakhand,Ravi Chauhan,Aanshul Gupta,Rahil Shah,1,0,,,,,,,,,
1205742,2019/20,2019-11-09,Dr. Y.S. Rajasekhara Reddy ACA VDCA Cricket Stadium,2,5.5,Services,Uttarakhand,Aanshul Gupta,Ravi Chauhan,Rahil Shah,0,0,,,,,,,,,
1205742,2019/20,2019-11-09,Dr. Y.S. Rajasekhara Reddy ACA VDCA Cricket Stadium,2,5.6,Services,Uttarakhand,Aanshul Gupta,Ravi Chauhan,Rahil Shah,0,0,,,,,,,,,
1205742,2019/20,2019-11-09,Dr. Y.S. Rajasekhara Reddy ACA VDCA Cricket Stadium,2,6.1,Services,Uttarakhand,Ravi Chauhan,Aanshul Gupta,Dikshanshu Negi,1,0,,,,,,,,,
1205742,2019/20,2019-11-09,Dr. Y.S. Rajasekhara Reddy ACA VDCA Cricket Stadium,2,6.2,Services,Uttarakhand,Aanshul Gupta,Ravi Chauhan,Dikshanshu Negi,1,0,,,,,,,,,
1205742,2019/20,2019-11-09,Dr. Y.S. Rajasekhara Reddy ACA VDCA Cricket Stadium,2,6.3,Services,Uttarakhand,Ravi Chauhan,Aanshul Gupta,Dikshanshu Negi,0,0,,,,,,,,,
1205742,2019/20,2019-11-09,Dr. Y.S. Rajasekhara Reddy ACA VDCA Cricket Stadium,2,6.4,Services,Uttarakhand,Ravi Chauhan,Aanshul Gupta,Dikshanshu Negi,4,0,,,,,,,,,
1205742,2019/20,2019-11-09,Dr. Y.S. Rajasekhara Reddy ACA VDCA Cricket Stadium,2,6.5,Services,Uttarakhand,Ravi Chauhan,Aanshul Gupta,Dikshanshu Negi,4,0,,,,,,,,,
1205742,2019/20,2019-11-09,Dr. Y.S. Rajasekhara Reddy ACA VDCA Cricket Stadium,2,6.6,Services,Uttarakhand,Ravi Chauhan,Aanshul Gupta,Dikshanshu Negi,1,0,,,,,,,,,
1205742,2019/20,2019-11-09,Dr. Y.S. Rajasekhara Reddy ACA VDCA Cricket Stadium,2,7.1,Services,Uttarakhand,Ravi Chauhan,Aanshul Gupta,Rahil Shah,0,0,,,,,,,,,
1205742,2019/20,2019-11-09,Dr. Y.S. Rajasekhara Reddy ACA VDCA Cricket Stadium,2,7.2,Services,Uttarakhand,Ravi Chauhan,Aanshul Gupta,Rahil Shah,2,0,,,,,,,,,
1205742,2019/20,2019-11-09,Dr. Y.S. Rajasekhara Reddy ACA VDCA Cricket Stadium,2,7.3,Services,Uttarakhand,Ravi Chauhan,Aanshul Gupta,Rahil Shah,1,0,,,,,,,,,
1205742,2019/20,2019-11-09,Dr. Y.S. Rajasekhara Reddy ACA VDCA Cricket Stadium,2,7.4,Services,Uttarakhand,Aanshul Gupta,Ravi Chauhan,Rahil Shah,4,0,,,,,,,,,
1205742,2019/20,2019-11-09,Dr. Y.S. Rajasekhara Reddy ACA VDCA Cricket Stadium,2,7.5,Services,Uttarakhand,Aanshul Gupta,Ravi Chauhan,Rahil Shah,1,0,,,,,,,,,
1205742,2019/20,2019-11-09,Dr. Y.S. Rajasekhara Reddy ACA VDCA Cricket Stadium,2,7.6,Services,Uttarakhand,Ravi Chauhan,Aanshul Gupta,Rahil Shah,1,0,,,,,,,,,
1205742,2019/20,2019-11-09,Dr. Y.S. Rajasekhara Reddy ACA VDCA Cricket Stadium,2,8.1,Services,Uttarakhand,Ravi Chauhan,Aanshul Gupta,Akash Madhwal,1,0,,,,,,,,,
1205742,2019/20,2019-11-09,Dr. Y.S. Rajasekhara Reddy ACA VDCA Cricket Stadium,2,8.2,Services,Uttarakhand,Aanshul Gupta,Ravi Chauhan,Akash Madhwal,0,0,,,,,,,,,
1205742,2019/20,2019-11-09,Dr. Y.S. Rajasekhara Reddy ACA VDCA Cricket Stadium,2,8.3,Services,Uttarakhand,Aanshul Gupta,Ravi Chauhan,Akash Madhwal,0,0,,,,,,,,,
1205742,2019/20,2019-11-09,Dr. Y.S. Rajasekhara Reddy ACA VDCA Cricket Stadium,2,8.4,Services,Uttarakhand,Aanshul Gupta,Ravi Chauhan,Akash Madhwal,1,0,,,,,,,,,
1205742,2019/20,2019-11-09,Dr. Y.S. Rajasekhara Reddy ACA VDCA Cricket Stadium,2,8.5,Services,Uttarakhand,Ravi Chauhan,Aanshul Gupta,Akash Madhwal,0,0,,,,,,,,,
1205742,2019/20,2019-11-09,Dr. Y.S. Rajasekhara Reddy ACA VDCA Cricket Stadium,2,8.6,Services,Uttarakhand,Ravi Chauhan,Aanshul Gupta,Akash Madhwal,4,0,,,,,,,,,
1205742,2019/20,2019-11-09,Dr. Y.S. Rajasekhara Reddy ACA VDCA Cricket Stadium,2,9.1,Services,Uttarakhand,Aanshul Gupta,Ravi Chauhan,Rahil Shah,0,0,,,,,,caught,Aanshul Gupta,,
1205742,2019/20,2019-11-09,Dr. Y.S. Rajasekhara Reddy ACA VDCA Cricket Stadium,2,9.2,Services,Uttarakhand,Rajat Paliwal,Ravi Chauhan,Rahil Shah,1,0,,,,,,,,,
1205742,2019/20,2019-11-09,Dr. Y.S. Rajasekhara Reddy ACA VDCA Cricket Stadium,2,9.3,Services,Uttarakhand,Ravi Chauhan,Rajat Paliwal,Rahil Shah,0,0,,,,,,,,,
1205742,2019/20,2019-11-09,Dr. Y.S. Rajasekhara Reddy ACA VDCA Cricket Stadium,2,9.4,Services,Uttarakhand,Ravi Chauhan,Rajat Paliwal,Rahil Shah,1,0,,,,,,,,,
1205742,2019/20,2019-11-09,Dr. Y.S. Rajasekhara Reddy ACA VDCA Cricket Stadium,2,9.5,Services,Uttarakhand,Rajat Paliwal,Ravi Chauhan,Rahil Shah,0,0,,,,,,,,,
1205742,2019/20,2019-11-09,Dr. Y.S. Rajasekhara Reddy ACA VDCA Cricket Stadium,2,9.6,Services,Uttarakhand,Rajat Paliwal,Ravi Chauhan,Rahil Shah,1,0,,,,,,,,,
1205742,2019/20,2019-11-09,Dr. Y.S. Rajasekhara Reddy ACA VDCA Cricket Stadium,2,10.1,Services,Uttarakhand,Rajat Paliwal,Ravi Chauhan,Akash Madhwal,1,0,,,,,,,,,
1205742,2019/20,2019-11-09,Dr. Y.S. Rajasekhara Reddy ACA VDCA Cricket Stadium,2,10.2,Services,Uttarakhand,Ravi Chauhan,Rajat Paliwal,Akash Madhwal,1,0,,,,,,,,,
1205742,2019/20,2019-11-09,Dr. Y.S. Rajasekhara Reddy ACA VDCA Cricket Stadium,2,10.3,Services,Uttarakhand,Rajat Paliwal,Ravi Chauhan,Akash Madhwal,0,0,,,,,,,,,
1205742,2019/20,2019-11-09,Dr. Y.S. Rajasekhara Reddy ACA VDCA Cricket Stadium,2,10.4,Services,Uttarakhand,Rajat Paliwal,Ravi Chauhan,Akash Madhwal,1,0,,,,,,,,,
1205742,2019/20,2019-11-09,Dr. Y.S. Rajasekhara Reddy ACA VDCA Cricket Stadium,2,10.5,Services,Uttarakhand,Ravi Chauhan,Rajat Paliwal,Akash Madhwal,0,0,,,,,,,,,
1205742,2019/20,2019-11-09,Dr. Y.S. Rajasekhara Reddy ACA VDCA Cricket Stadium,2,10.6,Services,Uttarakhand,Ravi Chauhan,Rajat Paliwal,Akash Madhwal,2,0,,,,,,,,,
1205742,2019/20,2019-11-09,Dr. Y.S. Rajasekhara Reddy ACA VDCA Cricket Stadium,2,11.1,Services,Uttarakhand,Rajat Paliwal,Ravi Chauhan,Rahil Shah,1,0,,,,,,,,,
1205742,2019/20,2019-11-09,Dr. Y.S. Rajasekhara Reddy ACA VDCA Cricket Stadium,2,11.2,Services,Uttarakhand,Ravi Chauhan,Rajat Paliwal,Rahil Shah,2,0,,,,,,,,,
1205742,2019/20,2019-11-09,Dr. Y.S. Rajasekhara Reddy ACA VDCA Cricket Stadium,2,11.3,Services,Uttarakhand,Ravi Chauhan,Rajat Paliwal,Rahil Shah,1,0,,,,,,,,,
1205742,2019/20,2019-11-09,Dr. Y.S. Rajasekhara Reddy ACA VDCA Cricket Stadium,2,11.4,Services,Uttarakhand,Rajat Paliwal,Ravi Chauhan,Rahil Shah,1,0,,,,,,,,,
1205742,2019/20,2019-11-09,Dr. Y.S. Rajasekhara Reddy ACA VDCA Cricket Stadium,2,11.5,Services,Uttarakhand,Ravi Chauhan,Rajat Paliwal,Rahil Shah,1,0,,,,,,,,,
1205742,2019/20,2019-11-09,Dr. Y.S. Rajasekhara Reddy ACA VDCA Cricket Stadium,2,11.6,Services,Uttarakhand,Rajat Paliwal,Ravi Chauhan,Rahil Shah,1,0,,,,,,,,,
1205742,2019/20,2019-11-09,Dr. Y.S. Rajasekhara Reddy ACA VDCA Cricket Stadium,2,12.1,Services,Uttarakhand,Rajat Paliwal,Ravi Chauhan,Dikshanshu Negi,1,0,,,,,,,,,
1205742,2019/20,2019-11-09,Dr. Y.S. Rajasekhara Reddy ACA VDCA Cricket Stadium,2,12.2,Services,Uttarakhand,Ravi Chauhan,Rajat Paliwal,Dikshanshu Negi,2,0,,,,,,,,,
1205742,2019/20,2019-11-09,Dr. Y.S. Rajasekhara Reddy ACA VDCA Cricket Stadium,2,12.3,Services,Uttarakhand,Ravi Chauhan,Rajat Paliwal,Dikshanshu Negi,1,0,,,,,,,,,
1205742,2019/20,2019-11-09,Dr. Y.S. Rajasekhara Reddy ACA VDCA Cricket Stadium,2,12.4,Services,Uttarakhand,Rajat Paliwal,Ravi Chauhan,Dikshanshu Negi,1,0,,,,,,,,,
1205742,2019/20,2019-11-09,Dr. Y.S. Rajasekhara Reddy ACA VDCA Cricket Stadium,2,12.5,Services,Uttarakhand,Ravi Chauhan,Rajat Paliwal,Dikshanshu Negi,0,0,,,,,,,,,
1205742,2019/20,2019-11-09,Dr. Y.S. Rajasekhara Reddy ACA VDCA Cricket Stadium,2,12.6,Services,Uttarakhand,Ravi Chauhan,Rajat Paliwal,Dikshanshu Negi,1,0,,,,,,,,,
1205742,2019/20,2019-11-09,Dr. Y.S. Rajasekhara Reddy ACA VDCA Cricket Stadium,2,13.1,Services,Uttarakhand,Ravi Chauhan,Rajat Paliwal,Himanshu Bisht,0,0,,,,,,,,,
1205742,2019/20,2019-11-09,Dr. Y.S. Rajasekhara Reddy ACA VDCA Cricket Stadium,2,13.2,Services,Uttarakhand,Ravi Chauhan,Rajat Paliwal,Himanshu Bisht,1,0,,,,,,,,,
1205742,2019/20,2019-11-09,Dr. Y.S. Rajasekhara Reddy ACA VDCA Cricket Stadium,2,13.3,Services,Uttarakhand,Rajat Paliwal,Ravi Chauhan,Himanshu Bisht,1,0,,,,,,,,,
1205742,2019/20,2019-11-09,Dr. Y.S. Rajasekhara Reddy ACA VDCA Cricket Stadium,2,13.4,Services,Uttarakhand,Ravi Chauhan,Rajat Paliwal,Himanshu Bisht,4,0,,,,,,,,,
1205742,2019/20,2019-11-09,Dr. Y.S. Rajasekhara Reddy ACA VDCA Cricket Stadium,2,13.5,Services,Uttarakhand,Ravi Chauhan,Rajat Paliwal,Himanshu Bisht,1,0,,,,,,,,,
1205742,2019/20,2019-11-09,Dr. Y.S. Rajasekhara Reddy ACA VDCA Cricket Stadium,2,13.6,Services,Uttarakhand,Rajat Paliwal,Ravi Chauhan,Himanshu Bisht,0,0,,,,,,,,,
1205742,2019/20,2019-11-09,Dr. Y.S. Rajasekhara Reddy ACA VDCA Cricket Stadium,2,14.1,Services,Uttarakhand,Ravi Chauhan,Rajat Paliwal,Dikshanshu Negi,1,0,,,,,,,,,
1205742,2019/20,2019-11-09,Dr. Y.S. Rajasekhara Reddy ACA VDCA Cricket Stadium,2,14.2,Services,Uttarakhand,Rajat Paliwal,Ravi Chauhan,Dikshanshu Negi,6,0,,,,,,,,,
1205742,2019/20,2019-11-09,Dr. Y.S. Rajasekhara Reddy ACA VDCA Cricket Stadium,2,14.3,Services,Uttarakhand,Rajat Paliwal,Ravi Chauhan,Dikshanshu Negi,1,0,,,,,,,,,
1205742,2019/20,2019-11-09,Dr. Y.S. Rajasekhara Reddy ACA VDCA Cricket Stadium,2,14.4,Services,Uttarakhand,Ravi Chauhan,Rajat Paliwal,Dikshanshu Negi,1,0,,,,,,,,,
1205742,2019/20,2019-11-09,Dr. Y.S. Rajasekhara Reddy ACA VDCA Cricket Stadium,2,14.5,Services,Uttarakhand,Rajat Paliwal,Ravi Chauhan,Dikshanshu Negi,2,0,,,,,,,,,
1205742,2019/20,2019-11-09,Dr. Y.S. Rajasekhara Reddy ACA VDCA Cricket Stadium,2,14.6,Services,Uttarakhand,Rajat Paliwal,Ravi Chauhan,Dikshanshu Negi,1,0,,,,,,,,,
1205742,2019/20,2019-11-09,Dr. Y.S. Rajasekhara Reddy ACA VDCA Cricket Stadium,2,15.1,Services,Uttarakhand,Rajat Paliwal,Ravi Chauhan,Himanshu Bisht,0,0,,,,,,,,,
1205742,2019/20,2019-11-09,Dr. Y.S. Rajasekhara Reddy ACA VDCA Cricket Stadium,2,15.2,Services,Uttarakhand,Rajat Paliwal,Ravi Chauhan,Himanshu Bisht,1,0,,,,,,,,,
1205742,2019/20,2019-11-09,Dr. Y.S. Rajasekhara Reddy ACA VDCA Cricket Stadium,2,15.3,Services,Uttarakhand,Ravi Chauhan,Rajat Paliwal,Himanshu Bisht,1,0,,,,,,,,,
1205742,2019/20,2019-11-09,Dr. Y.S. Rajasekhara Reddy ACA VDCA Cricket Stadium,2,15.4,Services,Uttarakhand,Rajat Paliwal,Ravi Chauhan,Himanshu Bisht,0,0,,,,,,run out,Ravi Chauhan,,
1205742,2019/20,2019-11-09,Dr. Y.S. Rajasekhara Reddy ACA VDCA Cricket Stadium,2,15.5,Services,Uttarakhand,Rajat Paliwal,Vikas Hathwala,Himanshu Bisht,1,0,,,,,,,,,
1205742,2019/20,2019-11-09,Dr. Y.S. Rajasekhara Reddy ACA VDCA Cricket Stadium,2,15.6,Services,Uttarakhand,Vikas Hathwala,Rajat Paliwal,Himanshu Bisht,0,0,,,,,,,,,
1205742,2019/20,2019-11-09,Dr. Y.S. Rajasekhara Reddy ACA VDCA Cricket Stadium,2,16.1,Services,Uttarakhand,Rajat Paliwal,Vikas Hathwala,Mayank Mishra,1,0,,,,,,,,,
1205742,2019/20,2019-11-09,Dr. Y.S. Rajasekhara Reddy ACA VDCA Cricket Stadium,2,16.2,Services,Uttarakhand,Vikas Hathwala,Rajat Paliwal,Mayank Mishra,1,0,,,,,,,,,
1205742,2019/20,2019-11-09,Dr. Y.S. Rajasekhara Reddy ACA VDCA Cricket Stadium,2,16.3,Services,Uttarakhand,Rajat Paliwal,Vikas Hathwala,Mayank Mishra,1,0,,,,,,,,,
1205742,2019/20,2019-11-09,Dr. Y.S. Rajasekhara Reddy ACA VDCA Cricket Stadium,2,16.4,Services,Uttarakhand,Vikas Hathwala,Rajat Paliwal,Mayank Mishra,1,0,,,,,,,,,
1205742,2019/20,2019-11-09,Dr. Y.S. Rajasekhara Reddy ACA VDCA Cricket Stadium,2,16.5,Services,Uttarakhand,Rajat Paliwal,Vikas Hathwala,Mayank Mishra,4,0,,,,,,,,,
1205742,2019/20,2019-11-09,Dr. Y.S. Rajasekhara Reddy ACA VDCA Cricket Stadium,2,16.6,Services,Uttarakhand,Rajat Paliwal,Vikas Hathwala,Mayank Mishra,1,0,,,,,,,,,
1205742,2019/20,2019-11-09,Dr. Y.S. Rajasekhara Reddy ACA VDCA Cricket Stadium,2,17.1,Services,Uttarakhand,Rajat Paliwal,Vikas Hathwala,Himanshu Bisht,1,0,,,,,,,,,
1205742,2019/20,2019-11-09,Dr. Y.S. Rajasekhara Reddy ACA VDCA Cricket Stadium,2,17.2,Services,Uttarakhand,Vikas Hathwala,Rajat Paliwal,Himanshu Bisht,2,0,,,,,,,,,
1205742,2019/20,2019-11-09,Dr. Y.S. Rajasekhara Reddy ACA VDCA Cricket Stadium,2,17.3,Services,Uttarakhand,Vikas Hathwala,Rajat Paliwal,Himanshu Bisht,0,0,,,,,,stumped,Vikas Hathwala,,
1205742,2019/20,2019-11-09,Dr. Y.S. Rajasekhara Reddy ACA VDCA Cricket Stadium,2,17.4,Services,Uttarakhand,Nakul Sharma,Rajat Paliwal,Himanshu Bisht,0,0,,,,,,,,,
1205742,2019/20,2019-11-09,Dr. Y.S. Rajasekhara Reddy ACA VDCA Cricket Stadium,2,17.5,Services,Uttarakhand,Nakul Sharma,Rajat Paliwal,Himanshu Bisht,0,0,,,,,,,,,
1205742,2019/20,2019-11-09,Dr. Y.S. Rajasekhara Reddy ACA VDCA Cricket Stadium,2,17.6,Services,Uttarakhand,Nakul Sharma,Rajat Paliwal,Himanshu Bisht,1,0,,,,,,,,,
1205742,2019/20,2019-11-09,Dr. Y.S. Rajasekhara Reddy ACA VDCA Cricket Stadium,2,18.1,Services,Uttarakhand,Nakul Sharma,Rajat Paliwal,Mayank Mishra,1,0,,,,,,,,,
1205742,2019/20,2019-11-09,Dr. Y.S. Rajasekhara Reddy ACA VDCA Cricket Stadium,2,18.2,Services,Uttarakhand,Rajat Paliwal,Nakul Sharma,Mayank Mishra,1,0,,,,,,,,,
1205742,2019/20,2019-11-09,Dr. Y.S. Rajasekhara Reddy ACA VDCA Cricket Stadium,2,18.3,Services,Uttarakhand,Nakul Sharma,Rajat Paliwal,Mayank Mishra,0,0,,,,,,,,,
1205742,2019/20,2019-11-09,Dr. Y.S. Rajasekhara Reddy ACA VDCA Cricket Stadium,2,18.4,Services,Uttarakhand,Nakul Sharma,Rajat Paliwal,Mayank Mishra,0,0,,,,,,,,,
1205742,2019/20,2019-11-09,Dr. Y.S. Rajasekhara Reddy ACA VDCA Cricket Stadium,2,18.5,Services,Uttarakhand,Nakul Sharma,Rajat Paliwal,Mayank Mishra,6,0,,,,,,,,,
