match_id,season,start_date,venue,innings,ball,batting_team,bowling_team,striker,non_striker,bowler,runs_off_bat,extras,wides,noballs,byes,legbyes,penalty,wicket_type,player_dismissed,other_wicket_type,other_player_dismissed
1205724,2019/20,2019-11-08,Dr. Y.S. Rajasekhara Reddy ACA VDCA Cricket Stadium,1,0.1,Baroda,Goa,KH Devdhar,Aditya Waghmode,Heramb Parab,1,0,,,,,,,,,
1205724,2019/20,2019-11-08,Dr. Y.S. Rajasekhara Reddy ACA VDCA Cricket Stadium,1,0.2,Baroda,Goa,Aditya Waghmode,KH Devdhar,Heramb Parab,1,0,,,,,,,,,
1205724,2019/20,2019-11-08,Dr. Y.S. Rajasekhara Reddy ACA VDCA Cricket Stadium,1,0.3,Baroda,Goa,KH Devdhar,Aditya Waghmode,Heramb Parab,1,0,,,,,,,,,
1205724,2019/20,2019-11-08,Dr. Y.S. Rajasekhara Reddy ACA VDCA Cricket Stadium,1,0.4,Baroda,Goa,Aditya Waghmode,KH Devdhar,Heramb Parab,0,0,,,,,,,,,
1205724,2019/20,2019-11-08,Dr. Y.S. Rajasekhara Reddy ACA VDCA Cricket Stadium,1,0.5,Baroda,Goa,Aditya Waghmode,KH Devdhar,Heramb Parab,4,0,,,,,,,,,
1205724,2019/20,2019-11-08,Dr. Y.S. Rajasekhara Reddy ACA VDCA Cricket Stadium,1,0.6,Baroda,Goa,Aditya Waghmode,KH Devdhar,Heramb Parab,6,0,,,,,,,,,
1205724,2019/20,2019-11-08,Dr. Y.S. Rajasekhara Reddy ACA VDCA Cricket Stadium,1,1.1,Baroda,Goa,KH Devdhar,Aditya Waghmode,Lakshay Garg,0,0,,,,,,,,,
1205724,2019/20,2019-11-08,Dr. Y.S. Rajasekhara Reddy ACA VDCA Cricket Stadium,1,1.2,Baroda,Goa,KH Devdhar,Aditya Waghmode,Lakshay Garg,0,0,,,,,,run out,Aditya Waghmode,,
1205724,2019/20,2019-11-08,Dr. Y.S. Rajasekhara Reddy ACA VDCA Cricket Stadium,1,1.3,Baroda,Goa,KH Devdhar,DJ Hooda,Lakshay Garg,0,0,,,,,,caught,KH Devdhar,,
1205724,2019/20,2019-11-08,Dr. Y.S. Rajasekhara Reddy ACA VDCA Cricket Stadium,1,1.4,Baroda,Goa,DJ Hooda,Swapnil Singh,Lakshay Garg,1,0,,,,,,,,,
1205724,2019/20,2019-11-08,Dr. Y.S. Rajasekhara Reddy ACA VDCA Cricket Stadium,1,1.5,Baroda,Goa,Swapnil Singh,DJ Hooda,Lakshay Garg,4,0,,,,,,,,,
1205724,2019/20,2019-11-08,Dr. Y.S. Rajasekhara Reddy ACA VDCA Cricket Stadium,1,1.6,Baroda,Goa,Swapnil Singh,DJ Hooda,Lakshay Garg,0,0,,,,,,,,,
1205724,2019/20,2019-11-08,Dr. Y.S. Rajasekhara Reddy ACA VDCA Cricket Stadium,1,2.1,Baroda,Goa,DJ Hooda,Swapnil Singh,Heramb Parab,1,0,,,,,,,,,
1205724,2019/20,2019-11-08,Dr. Y.S. Rajasekhara Reddy ACA VDCA Cricket Stadium,1,2.2,Baroda,Goa,Swapnil Singh,DJ Hooda,Heramb Parab,0,0,,,,,,,,,
1205724,2019/20,2019-11-08,Dr. Y.S. Rajasekhara Reddy ACA VDCA Cricket Stadium,1,2.3,Baroda,Goa,Swapnil Singh,DJ Hooda,Heramb Parab,0,0,,,,,,,,,
1205724,2019/20,2019-11-08,Dr. Y.S. Rajasekhara Reddy ACA VDCA Cricket Stadium,1,2.4,Baroda,Goa,Swapnil Singh,DJ Hooda,Heramb Parab,1,0,,,,,,,,,
1205724,2019/20,2019-11-08,Dr. Y.S. Rajasekhara Reddy ACA VDCA Cricket Stadium,1,2.5,Baroda,Goa,DJ Hooda,Swapnil Singh,Heramb Parab,4,0,,,,,,,,,
1205724,2019/20,2019-11-08,Dr. Y.S. Rajasekhara Reddy ACA VDCA Cricket Stadium,1,2.6,Baroda,Goa,DJ Hooda,Swapnil Singh,Heramb Parab,0,0,,,,,,,,,
1205724,2019/20,2019-11-08,Dr. Y.S. Rajasekhara Reddy ACA VDCA Cricket Stadium,1,3.1,Baroda,Goa,Swapnil Singh,DJ Hooda,Lakshay Garg,1,0,,,,,,,,,
1205724,2019/20,2019-11-08,Dr. Y.S. Rajasekhara Reddy ACA VDCA Cricket Stadium,1,3.2,Baroda,Goa,DJ Hooda,Swapnil Singh,Lakshay Garg,1,0,,,,,,,,,
1205724,2019/20,2019-11-08,Dr. Y.S. Rajasekhara Reddy ACA VDCA Cricket Stadium,1,3.3,Baroda,Goa,Swapnil Singh,DJ Hooda,Lakshay Garg,0,0,,,,,,,,,
1205724,2019/20,2019-11-08,Dr. Y.S. Rajasekhara Reddy ACA VDCA Cricket Stadium,1,3.4,Baroda,Goa,Swapnil Singh,DJ Hooda,Lakshay Garg,2,0,,,,,,,,,
1205724,2019/20,2019-11-08,Dr. Y.S. Rajasekhara Reddy ACA VDCA Cricket Stadium,1,3.5,Baroda,Goa,Swapnil Singh,DJ Hooda,Lakshay Garg,0,0,,,,,,,,,
1205724,2019/20,2019-11-08,Dr. Y.S. Rajasekhara Reddy ACA VDCA Cricket Stadium,1,3.6,Baroda,Goa,Swapnil Singh,DJ Hooda,Lakshay Garg,0,0,,,,,,,,,
1205724,2019/20,2019-11-08,Dr. Y.S. Rajasekhara Reddy ACA VDCA Cricket Stadium,1,4.1,Baroda,Goa,DJ Hooda,Swapnil Singh,Heramb Parab,1,0,,,,,,,,,
1205724,2019/20,2019-11-08,Dr. Y.S. Rajasekhara Reddy ACA VDCA Cricket Stadium,1,4.2,Baroda,Goa,Swapnil Singh,DJ Hooda,Heramb Parab,4,0,,,,,,,,,
1205724,2019/20,2019-11-08,Dr. Y.S. Rajasekhara Reddy ACA VDCA Cricket Stadium,1,4.3,Baroda,Goa,Swapnil Singh,DJ Hooda,Heramb Parab,1,0,,,,,,,,,
1205724,2019/20,2019-11-08,Dr. Y.S. Rajasekhara Reddy ACA VDCA Cricket Stadium,1,4.4,Baroda,Goa,DJ Hooda,Swapnil Singh,Heramb Parab,4,0,,,,,,,,,
1205724,2019/20,2019-11-08,Dr. Y.S. Rajasekhara Reddy ACA VDCA Cricket Stadium,1,4.5,Baroda,Goa,DJ Hooda,Swapnil Singh,Heramb Parab,0,1,1,,,,,,,,
1205724,2019/20,2019-11-08,Dr. Y.S. Rajasekhara Reddy ACA VDCA Cricket Stadium,1,4.6,Baroda,Goa,DJ Hooda,Swapnil Singh,Heramb Parab,0,0,,,,,,,,,
1205724,2019/20,2019-11-08,Dr. Y.S. Rajasekhara Reddy ACA VDCA Cricket Stadium,1,4.7,Baroda,Goa,DJ Hooda,Swapnil Singh,Heramb Parab,1,0,,,,,,,,,
1205724,2019/20,2019-11-08,Dr. Y.S. Rajasekhara Reddy ACA VDCA Cricket Stadium,1,5.1,Baroda,Goa,DJ Hooda,Swapnil Singh,Darshan Misal,0,0,,,,,,,,,
1205724,2019/20,2019-11-08,Dr. Y.S. Rajasekhara Reddy ACA VDCA Cricket Stadium,1,5.2,Baroda,Goa,DJ Hooda,Swapnil Singh,Darshan Misal,0,0,,,,,,,,,
1205724,2019/20,2019-11-08,Dr. Y.S. Rajasekhara Reddy ACA VDCA Cricket Stadium,1,5.3,Baroda,Goa,DJ Hooda,Swapnil Singh,Darshan Misal,6,0,,,,,,,,,
1205724,2019/20,2019-11-08,Dr. Y.S. Rajasekhara Reddy ACA VDCA Cricket Stadium,1,5.4,Baroda,Goa,DJ Hooda,Swapnil Singh,Darshan Misal,1,0,,,,,,,,,
1205724,2019/20,2019-11-08,Dr. Y.S. Rajasekhara Reddy ACA VDCA Cricket Stadium,1,5.5,Baroda,Goa,Swapnil Singh,DJ Hooda,Darshan Misal,1,0,,,,,,,,,
1205724,2019/20,2019-11-08,Dr. Y.S. Rajasekhara Reddy ACA VDCA Cricket Stadium,1,5.6,Baroda,Goa,DJ Hooda,Swapnil Singh,Darshan Misal,1,0,,,,,,,,,
1205724,2019/20,2019-11-08,Dr. Y.S. Rajasekhara Reddy ACA VDCA Cricket Stadium,1,6.1,Baroda,Goa,DJ Hooda,Swapnil Singh,Deepraj Gaonkar,1,0,,,,,,,,,
1205724,2019/20,2019-11-08,Dr. Y.S. Rajasekhara Reddy ACA VDCA Cricket Stadium,1,6.2,Baroda,Goa,Swapnil Singh,DJ Hooda,Deepraj Gaonkar,1,0,,,,,,,,,
1205724,2019/20,2019-11-08,Dr. Y.S. Rajasekhara Reddy ACA VDCA Cricket Stadium,1,6.3,Baroda,Goa,DJ Hooda,Swapnil Singh,Deepraj Gaonkar,1,0,,,,,,,,,
1205724,2019/20,2019-11-08,Dr. Y.S. Rajasekhara Reddy ACA VDCA Cricket Stadium,1,6.4,Baroda,Goa,Swapnil Singh,DJ Hooda,Deepraj Gaonkar,1,0,,,,,,,,,
1205724,2019/20,2019-11-08,Dr. Y.S. Rajasekhara Reddy ACA VDCA Cricket Stadium,1,6.5,Baroda,Goa,DJ Hooda,Swapnil Singh,Deepraj Gaonkar,2,0,,,,,,,,,
1205724,2019/20,2019-11-08,Dr. Y.S. Rajasekhara Reddy ACA VDCA Cricket Stadium,1,6.6,Baroda,Goa,DJ Hooda,Swapnil Singh,Deepraj Gaonkar,4,0,,,,,,,,,
1205724,2019/20,2019-11-08,Dr. Y.S. Rajasekhara Reddy ACA VDCA Cricket Stadium,1,7.1,Baroda,Goa,Swapnil Singh,DJ Hooda,Darshan Misal,1,0,,,,,,,,,
1205724,2019/20,2019-11-08,Dr. Y.S. Rajasekhara Reddy ACA VDCA Cricket Stadium,1,7.2,Baroda,Goa,DJ Hooda,Swapnil Singh,Darshan Misal,4,0,,,,,,,,,
1205724,2019/20,2019-11-08,Dr. Y.S. Rajasekhara Reddy ACA VDCA Cricket Stadium,1,7.3,Baroda,Goa,DJ Hooda,Swapnil Singh,Darshan Misal,1,0,,,,,,,,,
1205724,2019/20,2019-11-08,Dr. Y.S. Rajasekhara Reddy ACA VDCA Cricket Stadium,1,7.4,Baroda,Goa,Swapnil Singh,DJ Hooda,Darshan Misal,1,0,,,,,,,,,
1205724,2019/20,2019-11-08,Dr. Y.S. Rajasekhara Reddy ACA VDCA Cricket Stadium,1,7.5,Baroda,Goa,DJ Hooda,Swapnil Singh,Darshan Misal,0,0,,,,,,caught,DJ Hooda,,
1205724,2019/20,2019-11-08,Dr. Y.S. Rajasekhara Reddy ACA VDCA Cricket Stadium,1,7.6,Baroda,Goa,Swapnil Singh,YK Pathan,Darshan Misal,0,0,,,,,,,,,
1205724,2019/20,2019-11-08,Dr. Y.S. Rajasekhara Reddy ACA VDCA Cricket Stadium,1,8.1,Baroda,Goa,YK Pathan,Swapnil Singh,Amulya Pandrekar,0,0,,,,,,,,,
1205724,2019/20,2019-11-08,Dr. Y.S. Rajasekhara Reddy ACA VDCA Cricket Stadium,1,8.2,Baroda,Goa,YK Pathan,Swapnil Singh,Amulya Pandrekar,0,0,,,,,,bowled,YK Pathan,,
1205724,2019/20,2019-11-08,Dr. Y.S. Rajasekhara Reddy ACA VDCA Cricket Stadium,1,8.3,Baroda,Goa,NA Rathva,Swapnil Singh,Amulya Pandrekar,1,0,,,,,,,,,
1205724,2019/20,2019-11-08,Dr. Y.S. Rajasekhara Reddy ACA VDCA Cricket Stadium,1,8.4,Baroda,Goa,Swapnil Singh,NA Rathva,Amulya Pandrekar,1,0,,,,,,,,,
1205724,2019/20,2019-11-08,Dr. Y.S. Rajasekhara Reddy ACA VDCA Cricket Stadium,1,8.5,Baroda,Goa,NA Rathva,Swapnil Singh,Amulya Pandrekar,0,0,,,,,,,,,
1205724,2019/20,2019-11-08,Dr. Y.S. Rajasekhara Reddy ACA VDCA Cricket Stadium,1,8.6,Baroda,Goa,NA Rathva,Swapnil Singh,Amulya Pandrekar,1,0,,,,,,,,,
1205724,2019/20,2019-11-08,Dr. Y.S. Rajasekhara Reddy ACA VDCA Cricket Stadium,1,9.1,Baroda,Goa,NA Rathva,Swapnil Singh,Amit Verma,0,0,,,,,,caught,NA Rathva,,
1205724,2019/20,2019-11-08,Dr. Y.S. Rajasekhara Reddy ACA VDCA Cricket Stadium,1,9.2,Baroda,Goa,Vishnu Solanki,Swapnil Singh,Amit Verma,1,0,,,,,,,,,
1205724,2019/20,2019-11-08,Dr. Y.S. Rajasekhara Reddy ACA VDCA Cricket Stadium,1,9.3,Baroda,Goa,Swapnil Singh,Vishnu Solanki,Amit Verma,1,0,,,,,,,,,
1205724,2019/20,2019-11-08,Dr. Y.S. Rajasekhara Reddy ACA VDCA Cricket Stadium,1,9.4,Baroda,Goa,Vishnu Solanki,Swapnil Singh,Amit Verma,1,0,,,,,,,,,
1205724,2019/20,2019-11-08,Dr. Y.S. Rajasekhara Reddy ACA VDCA Cricket Stadium,1,9.5,Baroda,Goa,Swapnil Singh,Vishnu Solanki,Amit Verma,0,0,,,,,,,,,
1205724,2019/20,2019-11-08,Dr. Y.S. Rajasekhara Reddy ACA VDCA Cricket Stadium,1,9.6,Baroda,Goa,Swapnil Singh,Vishnu Solanki,Amit Verma,0,0,,,,,,,,,
1205724,2019/20,2019-11-08,Dr. Y.S. Rajasekhara Reddy ACA VDCA Cricket Stadium,1,10.1,Baroda,Goa,Vishnu Solanki,Swapnil Singh,Amulya Pandrekar,1,0,,,,,,,,,
1205724,2019/20,2019-11-08,Dr. Y.S. Rajasekhara Reddy ACA VDCA Cricket Stadium,1,10.2,Baroda,Goa,Swapnil Singh,Vishnu Solanki,Amulya Pandrekar,1,0,,,,,,,,,
1205724,2019/20,2019-11-08,Dr. Y.S. Rajasekhara Reddy ACA VDCA Cricket Stadium,1,10.3,Baroda,Goa,Vishnu Solanki,Swapnil Singh,Amulya Pandrekar,1,0,,,,,,,,,
1205724,2019/20,2019-11-08,Dr. Y.S. Rajasekhara Reddy ACA VDCA Cricket Stadium,1,10.4,Baroda,Goa,Swapnil Singh,Vishnu Solanki,Amulya Pandrekar,1,0,,,,,,,,,
1205724,2019/20,2019-11-08,Dr. Y.S. Rajasekhara Reddy ACA VDCA Cricket Stadium,1,10.5,Baroda,Goa,Vishnu Solanki,Swapnil Singh,Amulya Pandrekar,1,0,,,,,,,,,
1205724,2019/20,2019-11-08,Dr. Y.S. Rajasekhara Reddy ACA VDCA Cricket Stadium,1,10.6,Baroda,Goa,Swapnil Singh,Vishnu Solanki,Amulya Pandrekar,1,0,,,,,,,,,
1205724,2019/20,2019-11-08,Dr. Y.S. Rajasekhara Reddy ACA VDCA Cricket Stadium,1,11.1,Baroda,Goa,Swapnil Singh,Vishnu Solanki,Amit Verma,1,0,,,,,,,,,
1205724,2019/20,2019-11-08,Dr. Y.S. Rajasekhara Reddy ACA VDCA Cricket Stadium,1,11.2,Baroda,Goa,Vishnu Solanki,Swapnil Singh,Amit Verma,0,0,,,,,,,,,
1205724,2019/20,2019-11-08,Dr. Y.S. Rajasekhara Reddy ACA VDCA Cricket Stadium,1,11.3,Baroda,Goa,Vishnu Solanki,Swapnil Singh,Amit Verma,1,0,,,,,,,,,
1205724,2019/20,2019-11-08,Dr. Y.S. Rajasekhara Reddy ACA VDCA Cricket Stadium,1,11.4,Baroda,Goa,Swapnil Singh,Vishnu Solanki,Amit Verma,0,0,,,,,,,,,
1205724,2019/20,2019-11-08,Dr. Y.S. Rajasekhara Reddy ACA VDCA Cricket Stadium,1,11.5,Baroda,Goa,Swapnil Singh,Vishnu Solanki,Amit Verma,1,0,,,,,,,,,
1205724,2019/20,2019-11-08,Dr. Y.S. Rajasekhara Reddy ACA VDCA Cricket Stadium,1,11.6,Baroda,Goa,Vishnu Solanki,Swapnil Singh,Amit Verma,1,0,,,,,,,,,
1205724,2019/20,2019-11-08,Dr. Y.S. Rajasekhara Reddy ACA VDCA Cricket Stadium,1,12.1,Baroda,Goa,Vishnu Solanki,Swapnil Singh,Amulya Pandrekar,1,0,,,,,,,,,
1205724,2019/20,2019-11-08,Dr. Y.S. Rajasekhara Reddy ACA VDCA Cricket Stadium,1,12.2,Baroda,Goa,Swapnil Singh,Vishnu Solanki,Amulya Pandrekar,1,0,,,,,,,,,
1205724,2019/20,2019-11-08,Dr. Y.S. Rajasekhara Reddy ACA VDCA Cricket Stadium,1,12.3,Baroda,Goa,Vishnu Solanki,Swapnil Singh,Amulya Pandrekar,1,0,,,,,,,,,
1205724,2019/20,2019-11-08,Dr. Y.S. Rajasekhara Reddy ACA VDCA Cricket Stadium,1,12.4,Baroda,Goa,Swapnil Singh,Vishnu Solanki,Amulya Pandrekar,6,0,,,,,,,,,
1205724,2019/20,2019-11-08,Dr. Y.S. Rajasekhara Reddy ACA VDCA Cricket Stadium,1,12.5,Baroda,Goa,Swapnil Singh,Vishnu Solanki,Amulya Pandrekar,1,0,,,,,,,,,
1205724,2019/20,2019-11-08,Dr. Y.S. Rajasekhara Reddy ACA VDCA Cricket Stadium,1,12.6,Baroda,Goa,Vishnu Solanki,Swapnil Singh,Amulya Pandrekar,1,0,,,,,,,,,
1205724,2019/20,2019-11-08,Dr. Y.S. Rajasekhara Reddy ACA VDCA Cricket Stadium,1,13.1,Baroda,Goa,Vishnu Solanki,Swapnil Singh,Amit Verma,0,0,,,,,,,,,
1205724,2019/20,2019-11-08,Dr. Y.S. Rajasekhara Reddy ACA VDCA Cricket Stadium,1,13.2,Baroda,Goa,Vishnu Solanki,Swapnil Singh,Amit Verma,1,0,,,,,,,,,
1205724,2019/20,2019-11-08,Dr. Y.S. Rajasekhara Reddy ACA VDCA Cricket Stadium,1,13.3,Baroda,Goa,Swapnil Singh,Vishnu Solanki,Amit Verma,1,0,,,,,,,,,
1205724,2019/20,2019-11-08,Dr. Y.S. Rajasekhara Reddy ACA VDCA Cricket Stadium,1,13.4,Baroda,Goa,Vishnu Solanki,Swapnil Singh,Amit Verma,0,0,,,,,,,,,
1205724,2019/20,2019-11-08,Dr. Y.S. Rajasekhara Reddy ACA VDCA Cricket Stadium,1,13.5,Baroda,Goa,Vishnu Solanki,Swapnil Singh,Amit Verma,0,0,,,,,,,,,
1205724,2019/20,2019-11-08,Dr. Y.S. Rajasekhara Reddy ACA VDCA Cricket Stadium,1,13.6,Baroda,Goa,Vishnu Solanki,Swapnil Singh,Amit Verma,0,0,,,,,,,,,
1205724,2019/20,2019-11-08,Dr. Y.S. Rajasekhara Reddy ACA VDCA Cricket Stadium,1,14.1,Baroda,Goa,Swapnil Singh,Vishnu Solanki,Darshan Misal,1,0,,,,,,,,,
1205724,2019/20,2019-11-08,Dr. Y.S. Rajasekhara Reddy ACA VDCA Cricket Stadium,1,14.2,Baroda,Goa,Vishnu Solanki,Swapnil Singh,Darshan Misal,1,0,,,,,,,,,
1205724,2019/20,2019-11-08,Dr. Y.S. Rajasekhara Reddy ACA VDCA Cricket Stadium,1,14.3,Baroda,Goa,Swapnil Singh,Vishnu Solanki,Darshan Misal,1,0,,,,,,,,,
1205724,2019/20,2019-11-08,Dr. Y.S. Rajasekhara Reddy ACA VDCA Cricket Stadium,1,14.4,Baroda,Goa,Vishnu Solanki,Swapnil Singh,Darshan Misal,4,0,,,,,,,,,
1205724,2019/20,2019-11-08,Dr. Y.S. Rajasekhara Reddy ACA VDCA Cricket Stadium,1,14.5,Baroda,Goa,Vishnu Solanki,Swapnil Singh,Darshan Misal,1,0,,,,,,,,,
1205724,2019/20,2019-11-08,Dr. Y.S. Rajasekhara Reddy ACA VDCA Cricket Stadium,1,14.6,Baroda,Goa,Swapnil Singh,Vishnu Solanki,Darshan Misal,6,0,,,,,,,,,
1205724,2019/20,2019-11-08,Dr. Y.S. Rajasekhara Reddy ACA VDCA Cricket Stadium,1,15.1,Baroda,Goa,Vishnu Solanki,Swapnil Singh,Amit Verma,1,0,,,,,,,,,
1205724,2019/20,2019-11-08,Dr. Y.S. Rajasekhara Reddy ACA VDCA Cricket Stadium,1,15.2,Baroda,Goa,Swapnil Singh,Vishnu Solanki,Amit Verma,1,0,,,,,,,,,
1205724,2019/20,2019-11-08,Dr. Y.S. Rajasekhara Reddy ACA VDCA Cricket Stadium,1,15.3,Baroda,Goa,Vishnu Solanki,Swapnil Singh,Amit Verma,6,0,,,,,,,,,
1205724,2019/20,2019-11-08,Dr. Y.S. Rajasekhara Reddy ACA VDCA Cricket Stadium,1,15.4,Baroda,Goa,Vishnu Solanki,Swapnil Singh,Amit Verma,1,0,,,,,,,,,
1205724,2019/20,2019-11-08,Dr. Y.S. Rajasekhara Reddy ACA VDCA Cricket Stadium,1,15.5,Baroda,Goa,Swapnil Singh,Vishnu Solanki,Amit Verma,1,0,,,,,,,,,
1205724,2019/20,2019-11-08,Dr. Y.S. Rajasekhara Reddy ACA VDCA Cricket Stadium,1,15.6,Baroda,Goa,Vishnu Solanki,Swapnil Singh,Amit Verma,0,0,,,,,,caught,Vishnu Solanki,,
1205724,2019/20,2019-11-08,Dr. Y.S. Rajasekhara Reddy ACA VDCA Cricket Stadium,1,16.1,Baroda,Goa,Swapnil Singh,AS Karambelkar,Deepraj Gaonkar,1,0,,,,,,,,,
1205724,2019/20,2019-11-08,Dr. Y.S. Rajasekhara Reddy ACA VDCA Cricket Stadium,1,16.2,Baroda,Goa,AS Karambelkar,Swapnil Singh,Deepraj Gaonkar,1,0,,,,,,,,,
1205724,2019/20,2019-11-08,Dr. Y.S. Rajasekhara Reddy ACA VDCA Cricket Stadium,1,16.3,Baroda,Goa,Swapnil Singh,AS Karambelkar,Deepraj Gaonkar,1,0,,,,,,,,,
1205724,2019/20,2019-11-08,Dr. Y.S. Rajasekhara Reddy ACA VDCA Cricket Stadium,1,16.4,Baroda,Goa,AS Karambelkar,Swapnil Singh,Deepraj Gaonkar,1,0,,,,,,,,,
1205724,2019/20,2019-11-08,Dr. Y.S. Rajasekhara Reddy ACA VDCA Cricket Stadium,1,16.5,Baroda,Goa,Swapnil Singh,AS Karambelkar,Deepraj Gaonkar,1,0,,,,,,,,,
1205724,2019/20,2019-11-08,Dr. Y.S. Rajasekhara Reddy ACA VDCA Cricket Stadium,1,16.6,Baroda,Goa,AS Karambelkar,Swapnil Singh,Deepraj Gaonkar,1,0,,,,,,,,,
1205724,2019/20,2019-11-08,Dr. Y.S. Rajasekhara Reddy ACA VDCA Cricket Stadium,1,17.1,Baroda,Goa,AS Karambelkar,Swapnil Singh,Lakshay Garg,1,0,,,,,,,,,
1205724,2019/20,2019-11-08,Dr. Y.S. Rajasekhara Reddy ACA VDCA Cricket Stadium,1,17.2,Baroda,Goa,Swapnil Singh,AS Karambelkar,Lakshay Garg,1,0,,,,,,,,,
1205724,2019/20,2019-11-08,Dr. Y.S. Rajasekhara Reddy ACA VDCA Cricket Stadium,1,17.3,Baroda,Goa,AS Karambelkar,Swapnil Singh,Lakshay Garg,4,0,,,,,,,,,
1205724,2019/20,2019-11-08,Dr. Y.S. Rajasekhara Reddy ACA VDCA Cricket Stadium,1,17.4,Baroda,Goa,AS Karambelkar,Swapnil Singh,Lakshay Garg,1,0,,,,,,,,,
1205724,2019/20,2019-11-08,Dr. Y.S. Rajasekhara Reddy ACA VDCA Cricket Stadium,1,17.5,Baroda,Goa,Swapnil Singh,AS Karambelkar,Lakshay Garg,1,0,,,,,,,,,
1205724,2019/20,2019-11-08,Dr. Y.S. Rajasekhara Reddy ACA VDCA Cricket Stadium,1,17.6,Baroda,Goa,AS Karambelkar,Swapnil Singh,Lakshay Garg,1,0,,,,,,,,,
1205724,2019/20,2019-11-08,Dr. Y.S. Rajasekhara Reddy ACA VDCA Cricket Stadium,1,18.1,Baroda,Goa,AS Karambelkar,Swapnil Singh,Deepraj Gaonkar,1,0,,,,,,,,,
1205724,2019/20,2019-11-08,Dr. Y.S. Rajasekhara Reddy ACA VDCA Cricket Stadium,1,18.2,Baroda,Goa,Swapnil Singh,AS Karambelkar,Deepraj Gaonkar,1,0,,,,,,,,,
1205724,2019/20,2019-11-08,Dr. Y.S. Rajasekhara Reddy ACA VDCA Cricket Stadium,1,18.3,Baroda,Goa,AS Karambelkar,Swapnil Singh,Deepraj Gaonkar,1,0,,,,,,,,,
1205724,2019/20,2019-11-08,Dr. Y.S. Rajasekhara Reddy ACA VDCA Cricket Stadium,1,18.4,Baroda,Goa,Swapnil Singh,AS Karambelkar,Deepraj Gaonkar,0,0,,,,,,caught,Swapnil Singh,,
1205724,2019/20,2019-11-08,Dr. Y.S. Rajasekhara Reddy ACA VDCA Cricket Stadium,1,18.5,Baroda,Goa,A Sheth,AS Karambelkar,Deepraj Gaonkar,2,0,,,,,,,,,
1205724,2019/20,2019-11-08,Dr. Y.S. Rajasekhara Reddy ACA VDCA Cricket Stadium,1,18.6,Baroda,Goa,A Sheth,AS Karambelkar,Deepraj Gaonkar,1,0,,,,,,,,,
1205724,2019/20,2019-11-08,Dr. Y.S. Rajasekhara Reddy ACA VDCA Cricket Stadium,1,19.1,Baroda,Goa,A Sheth,AS Karambelkar,Lakshay Garg,0,0,,,,,,,,,
1205724,2019/20,2019-11-08,Dr. Y.S. Rajasekhara Reddy ACA VDCA Cricket Stadium,1,19.2,Baroda,Goa,A Sheth,AS Karambelkar,Lakshay Garg,6,0,,,,,,,,,
1205724,2019/20,2019-11-08,Dr. Y.S. Rajasekhara Reddy ACA VDCA Cricket Stadium,1,19.3,Baroda,Goa,A Sheth,AS Karambelkar,Lakshay Garg,1,0,,,,,,,,,
1205724,2019/20,2019-11-08,Dr. Y.S. Rajasekhara Reddy ACA VDCA Cricket Stadium,1,19.4,Baroda,Goa,AS Karambelkar,A Sheth,Lakshay Garg,0,0,,,,,,caught,AS Karambelkar,,
1205724,2019/20,2019-11-08,Dr. Y.S. Rajasekhara Reddy ACA VDCA Cricket Stadium,1,19.5,Baroda,Goa,RT Arothe,A Sheth,Lakshay Garg,0,0,,,,,,run out,RT Arothe,,
1205724,2019/20,2019-11-08,Dr. Y.S. Rajasekhara Reddy ACA VDCA Cricket Stadium,1,19.6,Baroda,Goa,A Sheth,LI Meriwala,Lakshay Garg,2,0,,,,,,,,,
1205724,2019/20,2019-11-08,Dr. Y.S. Rajasekhara Reddy ACA VDCA Cricket Stadium,2,0.1,Goa,Baroda,Aditya Kaushik,Rajashekhar Harikant,A Sheth,1,0,,,,,,,,,
1205724,2019/20,2019-11-08,Dr. Y.S. Rajasekhara Reddy ACA VDCA Cricket Stadium,2,0.2,Goa,Baroda,Rajashekhar Harikant,Aditya Kaushik,A Sheth,1,0,,,,,,,,,
1205724,2019/20,2019-11-08,Dr. Y.S. Rajasekhara Reddy ACA VDCA Cricket Stadium,2,0.3,Goa,Baroda,Aditya Kaushik,Rajashekhar Harikant,A Sheth,0,0,,,,,,,,,
1205724,2019/20,2019-11-08,Dr. Y.S. Rajasekhara Reddy ACA VDCA Cricket Stadium,2,0.4,Goa,Baroda,Aditya Kaushik,Rajashekhar Harikant,A Sheth,1,0,,,,,,,,,
1205724,2019/20,2019-11-08,Dr. Y.S. Rajasekhara Reddy ACA VDCA Cricket Stadium,2,0.5,Goa,Baroda,Rajashekhar Harikant,Aditya Kaushik,A Sheth,1,0,,,,,,,,,
1205724,2019/20,2019-11-08,Dr. Y.S. Rajasekhara Reddy ACA VDCA Cricket Stadium,2,0.6,Goa,Baroda,Aditya Kaushik,Rajashekhar Harikant,A Sheth,0,0,,,,,,,,,
1205724,2019/20,2019-11-08,Dr. Y.S. Rajasekhara Reddy ACA VDCA Cricket Stadium,2,1.1,Goa,Baroda,Rajashekhar Harikant,Aditya Kaushik,LI Meriwala,1,0,,,,,,,,,
1205724,2019/20,2019-11-08,Dr. Y.S. Rajasekhara Reddy ACA VDCA Cricket Stadium,2,1.2,Goa,Baroda,Aditya Kaushik,Rajashekhar Harikant,LI Meriwala,0,0,,,,,,,,,
1205724,2019/20,2019-11-08,Dr. Y.S. Rajasekhara Reddy ACA VDCA Cricket Stadium,2,1.3,Goa,Baroda,Aditya Kaushik,Rajashekhar Harikant,LI Meriwala,1,0,,,,,,,,,
1205724,2019/20,2019-11-08,Dr. Y.S. Rajasekhara Reddy ACA VDCA Cricket Stadium,2,1.4,Goa,Baroda,Rajashekhar Harikant,Aditya Kaushik,LI Meriwala,0,0,,,,,,caught,Rajashekhar Harikant,,
1205724,2019/20,2019-11-08,Dr. Y.S. Rajasekhara Reddy ACA VDCA Cricket Stadium,2,1.5,Goa,Baroda,Snehal Kauthankar,Aditya Kaushik,LI Meriwala,1,0,,,,,,,,,
1205724,2019/20,2019-11-08,Dr. Y.S. Rajasekhara Reddy ACA VDCA Cricket Stadium,2,1.6,Goa,Baroda,Aditya Kaushik,Snehal Kauthankar,LI Meriwala,0,0,,,,,,,,,
1205724,2019/20,2019-11-08,Dr. Y.S. Rajasekhara Reddy ACA VDCA Cricket Stadium,2,2.1,Goa,Baroda,Snehal Kauthankar,Aditya Kaushik,A Sheth,0,0,,,,,,caught,Snehal Kauthankar,,
1205724,2019/20,2019-11-08,Dr. Y.S. Rajasekhara Reddy ACA VDCA Cricket Stadium,2,2.2,Goa,Baroda,Amit Verma,Aditya Kaushik,A Sheth,0,0,,,,,,,,,
1205724,2019/20,2019-11-08,Dr. Y.S. Rajasekhara Reddy ACA VDCA Cricket Stadium,2,2.3,Goa,Baroda,Amit Verma,Aditya Kaushik,A Sheth,1,0,,,,,,,,,
1205724,2019/20,2019-11-08,Dr. Y.S. Rajasekhara Reddy ACA VDCA Cricket Stadium,2,2.4,Goa,Baroda,Aditya Kaushik,Amit Verma,A Sheth,1,0,,,,,,,,,
1205724,2019/20,2019-11-08,Dr. Y.S. Rajasekhara Reddy ACA VDCA Cricket Stadium,2,2.5,Goa,Baroda,Amit Verma,Aditya Kaushik,A Sheth,6,0,,,,,,,,,
1205724,2019/20,2019-11-08,Dr. Y.S. Rajasekhara Reddy ACA VDCA Cricket Stadium,2,2.6,Goa,Baroda,Amit Verma,Aditya Kaushik,A Sheth,4,0,,,,,,,,,
1205724,2019/20,2019-11-08,Dr. Y.S. Rajasekhara Reddy ACA VDCA Cricket Stadium,2,3.1,Goa,Baroda,Aditya Kaushik,Amit Verma,Swapnil Singh,0,0,,,,,,,,,
1205724,2019/20,2019-11-08,Dr. Y.S. Rajasekhara Reddy ACA VDCA Cricket Stadium,2,3.2,Goa,Baroda,Aditya Kaushik,Amit Verma,Swapnil Singh,1,0,,,,,,,,,
1205724,2019/20,2019-11-08,Dr. Y.S. Rajasekhara Reddy ACA VDCA Cricket Stadium,2,3.3,Goa,Baroda,Amit Verma,Aditya Kaushik,Swapnil Singh,0,0,,,,,,,,,
1205724,2019/20,2019-11-08,Dr. Y.S. Rajasekhara Reddy ACA VDCA Cricket Stadium,2,3.4,Goa,Baroda,Amit Verma,Aditya Kaushik,Swapnil Singh,4,0,,,,,,,,,
1205724,2019/20,2019-11-08,Dr. Y.S. Rajasekhara Reddy ACA VDCA Cricket Stadium,2,3.5,Goa,Baroda,Amit Verma,Aditya Kaushik,Swapnil Singh,0,0,,,,,,lbw,Amit Verma,,
1205724,2019/20,2019-11-08,Dr. Y.S. Rajasekhara Reddy ACA VDCA Cricket Stadium,2,3.6,Goa,Baroda,SS Prabhudessai,Aditya Kaushik,Swapnil Singh,1,0,,,,,,,,,
1205724,2019/20,2019-11-08,Dr. Y.S. Rajasekhara Reddy ACA VDCA Cricket Stadium,2,4.1,Goa,Baroda,SS Prabhudessai,Aditya Kaushik,LI Meriwala,0,0,,,,,,,,,
1205724,2019/20,2019-11-08,Dr. Y.S. Rajasekhara Reddy ACA VDCA Cricket Stadium,2,4.2,Goa,Baroda,SS Prabhudessai,Aditya Kaushik,LI Meriwala,1,0,,,,,,,,,
1205724,2019/20,2019-11-08,Dr. Y.S. Rajasekhara Reddy ACA VDCA Cricket Stadium,2,4.3,Goa,Baroda,Aditya Kaushik,SS Prabhudessai,LI Meriwala,4,0,,,,,,,,,
1205724,2019/20,2019-11-08,Dr. Y.S. Rajasekhara Reddy ACA VDCA Cricket Stadium,2,4.4,Goa,Baroda,Aditya Kaushik,SS Prabhudessai,LI Meriwala,1,0,,,,,,,,,
1205724,2019/20,2019-11-08,Dr. Y.S. Rajasekhara Reddy ACA VDCA Cricket Stadium,2,4.5,Goa,Baroda,SS Prabhudessai,Aditya Kaushik,LI Meriwala,1,0,,,,,,,,,
1205724,2019/20,2019-11-08,Dr. Y.S. Rajasekhara Reddy ACA VDCA Cricket Stadium,2,4.6,Goa,Baroda,Aditya Kaushik,SS Prabhudessai,LI Meriwala,0,0,,,,,,,,,
1205724,2019/20,2019-11-08,Dr. Y.S. Rajasekhara Reddy ACA VDCA Cricket Stadium,2,5.1,Goa,Baroda,SS Prabhudessai,Aditya Kaushik,Swapnil Singh,0,0,,,,,,,,,
1205724,2019/20,2019-11-08,Dr. Y.S. Rajasekhara Reddy ACA VDCA Cricket Stadium,2,5.2,Goa,Baroda,SS Prabhudessai,Aditya Kaushik,Swapnil Singh,0,0,,,,,,,,,
1205724,2019/20,2019-11-08,Dr. Y.S. Rajasekhara Reddy ACA VDCA Cricket Stadium,2,5.3,Goa,Baroda,SS Prabhudessai,Aditya Kaushik,Swapnil Singh,1,0,,,,,,,,,
1205724,2019/20,2019-11-08,Dr. Y.S. Rajasekhara Reddy ACA VDCA Cricket Stadium,2,5.4,Goa,Baroda,Aditya Kaushik,SS Prabhudessai,Swapnil Singh,0,0,,,,,,,,,
1205724,2019/20,2019-11-08,Dr. Y.S. Rajasekhara Reddy ACA VDCA Cricket Stadium,2,5.5,Goa,Baroda,Aditya Kaushik,SS Prabhudessai,Swapnil Singh,1,0,,,,,,,,,
1205724,2019/20,2019-11-08,Dr. Y.S. Rajasekhara Reddy ACA VDCA Cricket Stadium,2,5.6,Goa,Baroda,SS Prabhudessai,Aditya Kaushik,Swapnil Singh,4,0,,,,,,,,,
1205724,2019/20,2019-11-08,Dr. Y.S. Rajasekhara Reddy ACA VDCA Cricket Stadium,2,6.1,Goa,Baroda,Aditya Kaushik,SS Prabhudessai,NA Rathva,1,0,,,,,,,,,
1205724,2019/20,2019-11-08,Dr. Y.S. Rajasekhara Reddy ACA VDCA Cricket Stadium,2,6.2,Goa,Baroda,SS Prabhudessai,Aditya Kaushik,NA Rathva,0,0,,,,,,,,,
1205724,2019/20,2019-11-08,Dr. Y.S. Rajasekhara Reddy ACA VDCA Cricket Stadium,2,6.3,Goa,Baroda,SS Prabhudessai,Aditya Kaushik,NA Rathva,1,0,,,,,,,,,
1205724,2019/20,2019-11-08,Dr. Y.S. Rajasekhara Reddy ACA VDCA Cricket Stadium,2,6.4,Goa,Baroda,Aditya Kaushik,SS Prabhudessai,NA Rathva,1,0,,,,,,,,,
1205724,2019/20,2019-11-08,Dr. Y.S. Rajasekhara Reddy ACA VDCA Cricket Stadium,2,6.5,Goa,Baroda,SS Prabhudessai,Aditya Kaushik,NA Rathva,0,0,,,,,,,,,
1205724,2019/20,2019-11-08,Dr. Y.S. Rajasekhara Reddy ACA VDCA Cricket Stadium,2,6.6,Goa,Baroda,SS Prabhudessai,Aditya Kaushik,NA Rathva,1,0,,,,,,,,,
1205724,2019/20,2019-11-08,Dr. Y.S. Rajasekhara Reddy ACA VDCA Cricket Stadium,2,7.1,Goa,Baroda,SS Prabhudessai,Aditya Kaushik,Swapnil Singh,1,0,,,,,,,,,
1205724,2019/20,2019-11-08,Dr. Y.S. Rajasekhara Reddy ACA VDCA Cricket Stadium,2,7.2,Goa,Baroda,Aditya Kaushik,SS Prabhudessai,Swapnil Singh,1,0,,,,,,,,,
1205724,2019/20,2019-11-08,Dr. Y.S. Rajasekhara Reddy ACA VDCA Cricket Stadium,2,7.3,Goa,Baroda,SS Prabhudessai,Aditya Kaushik,Swapnil Singh,1,0,,,,,,,,,
1205724,2019/20,2019-11-08,Dr. Y.S. Rajasekhara Reddy ACA VDCA Cricket Stadium,2,7.4,Goa,Baroda,Aditya Kaushik,SS Prabhudessai,Swapnil Singh,0,0,,,,,,,,,
1205724,2019/20,2019-11-08,Dr. Y.S. Rajasekhara Reddy ACA VDCA Cricket Stadium,2,7.5,Goa,Baroda,Aditya Kaushik,SS Prabhudessai,Swapnil Singh,1,0,,,,,,,,,
1205724,2019/20,2019-11-08,Dr. Y.S. Rajasekhara Reddy ACA VDCA Cricket Stadium,2,7.6,Goa,Baroda,SS Prabhudessai,Aditya Kaushik,Swapnil Singh,1,0,,,,,,,,,
1205724,2019/20,2019-11-08,Dr. Y.S. Rajasekhara Reddy ACA VDCA Cricket Stadium,2,8.1,Goa,Baroda,SS Prabhudessai,Aditya Kaushik,NA Rathva,1,0,,,,,,,,,
1205724,2019/20,2019-11-08,Dr. Y.S. Rajasekhara Reddy ACA VDCA Cricket Stadium,2,8.2,Goa,Baroda,Aditya Kaushik,SS Prabhudessai,NA Rathva,4,0,,,,,,,,,
1205724,2019/20,2019-11-08,Dr. Y.S. Rajasekhara Reddy ACA VDCA Cricket Stadium,2,8.3,Goa,Baroda,Aditya Kaushik,SS Prabhudessai,NA Rathva,4,0,,,,,,,,,
1205724,2019/20,2019-11-08,Dr. Y.S. Rajasekhara Reddy ACA VDCA Cricket Stadium,2,8.4,Goa,Baroda,Aditya Kaushik,SS Prabhudessai,NA Rathva,1,0,,,,,,,,,
1205724,2019/20,2019-11-08,Dr. Y.S. Rajasekhara Reddy ACA VDCA Cricket Stadium,2,8.5,Goa,Baroda,SS Prabhudessai,Aditya Kaushik,NA Rathva,0,0,,,,,,,,,
1205724,2019/20,2019-11-08,Dr. Y.S. Rajasekhara Reddy ACA VDCA Cricket Stadium,2,8.6,Goa,Baroda,SS Prabhudessai,Aditya Kaushik,NA Rathva,1,0,,,,,,,,,
1205724,2019/20,2019-11-08,Dr. Y.S. Rajasekhara Reddy ACA VDCA Cricket Stadium,2,9.1,Goa,Baroda,SS Prabhudessai,Aditya Kaushik,RT Arothe,0,0,,,,,,,,,
1205724,2019/20,2019-11-08,Dr. Y.S. Rajasekhara Reddy ACA VDCA Cricket Stadium,2,9.2,Goa,Baroda,SS Prabhudessai,Aditya Kaushik,RT Arothe,0,0,,,,,,,,,
1205724,2019/20,2019-11-08,Dr. Y.S. Rajasekhara Reddy ACA VDCA Cricket Stadium,2,9.3,Goa,Baroda,SS Prabhudessai,Aditya Kaushik,RT Arothe,4,0,,,,,,,,,
1205724,2019/20,2019-11-08,Dr. Y.S. Rajasekhara Reddy ACA VDCA Cricket Stadium,2,9.4,Goa,Baroda,SS Prabhudessai,Aditya Kaushik,RT Arothe,1,0,,,,,,,,,
1205724,2019/20,2019-11-08,Dr. Y.S. Rajasekhara Reddy ACA VDCA Cricket Stadium,2,9.5,Goa,Baroda,Aditya Kaushik,SS Prabhudessai,RT Arothe,1,0,,,,,,,,,
1205724,2019/20,2019-11-08,Dr. Y.S. Rajasekhara Reddy ACA VDCA Cricket Stadium,2,9.6,Goa,Baroda,SS Prabhudessai,Aditya Kaushik,RT Arothe,1,0,,,,,,,,,
1205724,2019/20,2019-11-08,Dr. Y.S. Rajasekhara Reddy ACA VDCA Cricket Stadium,2,10.1,Goa,Baroda,SS Prabhudessai,Aditya Kaushik,NA Rathva,1,0,,,,,,,,,
1205724,2019/20,2019-11-08,Dr. Y.S. Rajasekhara Reddy ACA VDCA Cricket Stadium,2,10.2,Goa,Baroda,Aditya Kaushik,SS Prabhudessai,NA Rathva,0,1,1,,,,,,,,
1205724,2019/20,2019-11-08,Dr. Y.S. Rajasekhara Reddy ACA VDCA Cricket Stadium,2,10.3,Goa,Baroda,Aditya Kaushik,SS Prabhudessai,NA Rathva,6,0,,,,,,,,,
1205724,2019/20,2019-11-08,Dr. Y.S. Rajasekhara Reddy ACA VDCA Cricket Stadium,2,10.4,Goa,Baroda,Aditya Kaushik,SS Prabhudessai,NA Rathva,1,0,,,,,,,,,
1205724,2019/20,2019-11-08,Dr. Y.S. Rajasekhara Reddy ACA VDCA Cricket Stadium,2,10.5,Goa,Baroda,SS Prabhudessai,Aditya Kaushik,NA Rathva,0,0,,,,,,,,,
1205724,2019/20,2019-11-08,Dr. Y.S. Rajasekhara Reddy ACA VDCA Cricket Stadium,2,10.6,Goa,Baroda,SS Prabhudessai,Aditya Kaushik,NA Rathva,6,0,,,,,,,,,
1205724,2019/20,2019-11-08,Dr. Y.S. Rajasekhara Reddy ACA VDCA Cricket Stadium,2,10.7,Goa,Baroda,SS Prabhudessai,Aditya Kaushik,NA Rathva,0,0,,,,,,,,,
1205724,2019/20,2019-11-08,Dr. Y.S. Rajasekhara Reddy ACA VDCA Cricket Stadium,2,11.1,Goa,Baroda,Aditya Kaushik,SS Prabhudessai,AS Karambelkar,0,0,,,,,,,,,
1205724,2019/20,2019-11-08,Dr. Y.S. Rajasekhara Reddy ACA VDCA Cricket Stadium,2,11.2,Goa,Baroda,Aditya Kaushik,SS Prabhudessai,AS Karambelkar,1,0,,,,,,,,,
1205724,2019/20,2019-11-08,Dr. Y.S. Rajasekhara Reddy ACA VDCA Cricket Stadium,2,11.3,Goa,Baroda,SS Prabhudessai,Aditya Kaushik,AS Karambelkar,1,0,,,,,,,,,
1205724,2019/20,2019-11-08,Dr. Y.S. Rajasekhara Reddy ACA VDCA Cricket Stadium,2,11.4,Goa,Baroda,Aditya Kaushik,SS Prabhudessai,AS Karambelkar,1,0,,,,,,,,,
1205724,2019/20,2019-11-08,Dr. Y.S. Rajasekhara Reddy ACA VDCA Cricket Stadium,2,11.5,Goa,Baroda,SS Prabhudessai,Aditya Kaushik,AS Karambelkar,6,0,,,,,,,,,
1205724,2019/20,2019-11-08,Dr. Y.S. Rajasekhara Reddy ACA VDCA Cricket Stadium,2,11.6,Goa,Baroda,SS Prabhudessai,Aditya Kaushik,AS Karambelkar,1,0,,,,,,,,,
1205724,2019/20,2019-11-08,Dr. Y.S. Rajasekhara Reddy ACA VDCA Cricket Stadium,2,12.1,Goa,Baroda,SS Prabhudessai,Aditya Kaushik,RT Arothe,1,0,,,,,,,,,
1205724,2019/20,2019-11-08,Dr. Y.S. Rajasekhara Reddy ACA VDCA Cricket Stadium,2,12.2,Goa,Baroda,Aditya Kaushik,SS Prabhudessai,RT Arothe,1,0,,,,,,,,,
1205724,2019/20,2019-11-08,Dr. Y.S. Rajasekhara Reddy ACA VDCA Cricket Stadium,2,12.3,Goa,Baroda,SS Prabhudessai,Aditya Kaushik,RT Arothe,1,0,,,,,,,,,
1205724,2019/20,2019-11-08,Dr. Y.S. Rajasekhara Reddy ACA VDCA Cricket Stadium,2,12.4,Goa,Baroda,Aditya Kaushik,SS Prabhudessai,RT Arothe,1,0,,,,,,,,,
1205724,2019/20,2019-11-08,Dr. Y.S. Rajasekhara Reddy ACA VDCA Cricket Stadium,2,12.5,Goa,Baroda,SS Prabhudessai,Aditya Kaushik,RT Arothe,0,0,,,,,,,,,
1205724,2019/20,2019-11-08,Dr. Y.S. Rajasekhara Reddy ACA VDCA Cricket Stadium,2,12.6,Goa,Baroda,SS Prabhudessai,Aditya Kaushik,RT Arothe,0,0,,,,,,,,,
1205724,2019/20,2019-11-08,Dr. Y.S. Rajasekhara Reddy ACA VDCA Cricket Stadium,2,13.1,Goa,Baroda,Aditya Kaushik,SS Prabhudessai,A Sheth,0,0,,,,,,lbw,Aditya Kaushik,,
1205724,2019/20,2019-11-08,Dr. Y.S. Rajasekhara Reddy ACA VDCA Cricket Stadium,2,13.2,Goa,Baroda,Deepraj Gaonkar,SS Prabhudessai,A Sheth,1,0,,,,,,,,,
1205724,2019/20,2019-11-08,Dr. Y.S. Rajasekhara Reddy ACA VDCA Cricket Stadium,2,13.3,Goa,Baroda,SS Prabhudessai,Deepraj Gaonkar,A Sheth,1,0,,,,,,,,,
1205724,2019/20,2019-11-08,Dr. Y.S. Rajasekhara Reddy ACA VDCA Cricket Stadium,2,13.4,Goa,Baroda,Deepraj Gaonkar,SS Prabhudessai,A Sheth,1,0,,,,,,,,,
1205724,2019/20,2019-11-08,Dr. Y.S. Rajasekhara Reddy ACA VDCA Cricket Stadium,2,13.5,Goa,Baroda,SS Prabhudessai,Deepraj Gaonkar,A Sheth,1,0,,,,,,,,,
1205724,2019/20,2019-11-08,Dr. Y.S. Rajasekhara Reddy ACA VDCA Cricket Stadium,2,13.6,Goa,Baroda,Deepraj Gaonkar,SS Prabhudessai,A Sheth,0,0,,,,,,caught,Deepraj Gaonkar,,
1205724,2019/20,2019-11-08,Dr. Y.S. Rajasekhara Reddy ACA VDCA Cricket Stadium,2,14.1,Goa,Baroda,SS Prabhudessai,Darshan Misal,LI Meriwala,1,0,,,,,,,,,
1205724,2019/20,2019-11-08,Dr. Y.S. Rajasekhara Reddy ACA VDCA Cricket Stadium,2,14.2,Goa,Baroda,Darshan Misal,SS Prabhudessai,LI Meriwala,1,0,,,,,,,,,
1205724,2019/20,2019-11-08,Dr. Y.S. Rajasekhara Reddy ACA VDCA Cricket Stadium,2,14.3,Goa,Baroda,SS Prabhudessai,Darshan Misal,LI Meriwala,1,0,,,,,,,,,
1205724,2019/20,2019-11-08,Dr. Y.S. Rajasekhara Reddy ACA VDCA Cricket Stadium,2,14.4,Goa,Baroda,Darshan Misal,SS Prabhudessai,LI Meriwala,0,0,,,,,,,,,
1205724,2019/20,2019-11-08,Dr. Y.S. Rajasekhara Reddy ACA VDCA Cricket Stadium,2,14.5,Goa,Baroda,Darshan Misal,SS Prabhudessai,LI Meriwala,1,0,,,,,,,,,
1205724,2019/20,2019-11-08,Dr. Y.S. Rajasekhara Reddy ACA VDCA Cricket Stadium,2,14.6,Goa,Baroda,SS Prabhudessai,Darshan Misal,LI Meriwala,2,0,,,,,,,,,
1205724,2019/20,2019-11-08,Dr. Y.S. Rajasekhara Reddy ACA VDCA Cricket Stadium,2,15.1,Goa,Baroda,Darshan Misal,SS Prabhudessai,RT Arothe,1,0,,,,,,,,,
1205724,2019/20,2019-11-08,Dr. Y.S. Rajasekhara Reddy ACA VDCA Cricket Stadium,2,15.2,Goa,Baroda,SS Prabhudessai,Darshan Misal,RT Arothe,1,0,,,,,,,,,
1205724,2019/20,2019-11-08,Dr. Y.S. Rajasekhara Reddy ACA VDCA Cricket Stadium,2,15.3,Goa,Baroda,Darshan Misal,SS Prabhudessai,RT Arothe,2,0,,,,,,,,,
1205724,2019/20,2019-11-08,Dr. Y.S. Rajasekhara Reddy ACA VDCA Cricket Stadium,2,15.4,Goa,Baroda,Darshan Misal,SS Prabhudessai,RT Arothe,1,0,,,,,,,,,
1205724,2019/20,2019-11-08,Dr. Y.S. Rajasekhara Reddy ACA VDCA Cricket Stadium,2,15.5,Goa,Baroda,SS Prabhudessai,Darshan Misal,RT Arothe,1,0,,,,,,,,,
1205724,2019/20,2019-11-08,Dr. Y.S. Rajasekhara Reddy ACA VDCA Cricket Stadium,2,15.6,Goa,Baroda,Darshan Misal,SS Prabhudessai,RT Arothe,1,0,,,,,,,,,
1205724,2019/20,2019-11-08,Dr. Y.S. Rajasekhara Reddy ACA VDCA Cricket Stadium,2,16.1,Goa,Baroda,Darshan Misal,SS Prabhudessai,A Sheth,0,0,,,,,,,,,
1205724,2019/20,2019-11-08,Dr. Y.S. Rajasekhara Reddy ACA VDCA Cricket Stadium,2,16.2,Goa,Baroda,Darshan Misal,SS Prabhudessai,A Sheth,1,0,,,,,,,,,
1205724,2019/20,2019-11-08,Dr. Y.S. Rajasekhara Reddy ACA VDCA Cricket Stadium,2,16.3,Goa,Baroda,SS Prabhudessai,Darshan Misal,A Sheth,1,0,,,,,,,,,
1205724,2019/20,2019-11-08,Dr. Y.S. Rajasekhara Reddy ACA VDCA Cricket Stadium,2,16.4,Goa,Baroda,Darshan Misal,SS Prabhudessai,A Sheth,6,0,,,,,,,,,
1205724,2019/20,2019-11-08,Dr. Y.S. Rajasekhara Reddy ACA VDCA Cricket Stadium,2,16.5,Goa,Baroda,Darshan Misal,SS Prabhudessai,A Sheth,1,0,,,,,,,,,
1205724,2019/20,2019-11-08,Dr. Y.S. Rajasekhara Reddy ACA VDCA Cricket Stadium,2,16.6,Goa,Baroda,SS Prabhudessai,Darshan Misal,A Sheth,0,0,,,,,,,,,
1205724,2019/20,2019-11-08,Dr. Y.S. Rajasekhara Reddy ACA VDCA Cricket Stadium,2,17.1,Goa,Baroda,Darshan Misal,SS Prabhudessai,LI Meriwala,1,0,,,,,,,,,
1205724,2019/20,2019-11-08,Dr. Y.S. Rajasekhara Reddy ACA VDCA Cricket Stadium,2,17.2,Goa,Baroda,SS Prabhudessai,Darshan Misal,LI Meriwala,1,0,,,,,,,,,
1205724,2019/20,2019-11-08,Dr. Y.S. Rajasekhara Reddy ACA VDCA Cricket Stadium,2,17.3,Goa,Baroda,Darshan Misal,SS Prabhudessai,LI Meriwala,1,0,,,,,,,,,
1205724,2019/20,2019-11-08,Dr. Y.S. Rajasekhara Reddy ACA VDCA Cricket Stadium,2,17.4,Goa,Baroda,SS Prabhudessai,Darshan Misal,LI Meriwala,2,0,,,,,,,,,
1205724,2019/20,2019-11-08,Dr. Y.S. Rajasekhara Reddy ACA VDCA Cricket Stadium,2,17.5,Goa,Baroda,SS Prabhudessai,Darshan Misal,LI Meriwala,4,0,,,,,,,,,
1205724,2019/20,2019-11-08,Dr. Y.S. Rajasekhara Reddy ACA VDCA Cricket Stadium,2,17.6,Goa,Baroda,SS Prabhudessai,Darshan Misal,LI Meriwala,4,0,,,,,,,,,
1205724,2019/20,2019-11-08,Dr. Y.S. Rajasekhara Reddy ACA VDCA Cricket Stadium,2,18.1,Goa,Baroda,Darshan Misal,SS Prabhudessai,RT Arothe,4,0,,,,,,,,,
1205724,2019/20,2019-11-08,Dr. Y.S. Rajasekhara Reddy ACA VDCA Cricket Stadium,2,18.2,Goa,Baroda,Darshan Misal,SS Prabhudessai,RT Arothe,2,0,,,,,,,,,
1205724,2019/20,2019-11-08,Dr. Y.S. Rajasekhara Reddy ACA VDCA Cricket Stadium,2,18.3,Goa,Baroda,Darshan Misal,SS Prabhudessai,RT Arothe,4,0,,,,,,,,,
1205724,2019/20,2019-11-08,Dr. Y.S. Rajasekhara Reddy ACA VDCA Cricket Stadium,2,18.4,Goa,Baroda,Darshan Misal,SS Prabhudessai,RT Arothe,0,0,,,,,,,,,
1205724,2019/20,2019-11-08,Dr. Y.S. Rajasekhara Reddy ACA VDCA Cricket Stadium,2,18.5,Goa,Baroda,Darshan Misal,SS Prabhudessai,RT Arothe,0,0,,,,,,caught,Darshan Misal,,
1205724,2019/20,2019-11-08,Dr. Y.S. Rajasekhara Reddy ACA VDCA Cricket Stadium,2,18.6,Goa,Baroda,Lakshay Garg,SS Prabhudessai,RT Arothe,0,0,,,,,,,,,
1205724,2019/20,2019-11-08,Dr. Y.S. Rajasekhara Reddy ACA VDCA Cricket Stadium,2,19.1,Goa,Baroda,SS Prabhudessai,Lakshay Garg,Swapnil Singh,1,0,,,,,,,,,
1205724,2019/20,2019-11-08,Dr. Y.S. Rajasekhara Reddy ACA VDCA Cricket Stadium,2,19.2,Goa,Baroda,Lakshay Garg,SS Prabhudessai,Swapnil Singh,1,0,,,,,,,,,
1205724,2019/20,2019-11-08,Dr. Y.S. Rajasekhara Reddy ACA VDCA Cricket Stadium,2,19.3,Goa,Baroda,SS Prabhudessai,Lakshay Garg,Swapnil Singh,1,0,,,,,,,,,
1205724,2019/20,2019-11-08,Dr. Y.S. Rajasekhara Reddy ACA VDCA Cricket Stadium,2,19.4,Goa,Baroda,Lakshay Garg,SS Prabhudessai,Swapnil Singh,6,0,,,,,,,,,
