match_id,season,start_date,venue,innings,ball,batting_team,bowling_team,striker,non_striker,bowler,runs_off_bat,extras,wides,noballs,byes,legbyes,penalty,wicket_type,player_dismissed,other_wicket_type,other_player_dismissed
1205821,2019/20,2019-11-15,Lalbhai Contractor Stadium,1,0.1,Sikkim,Saurashtra,Bibek Diyali,Yashpal Singh,JD Unadkat,0,0,,,,,,,,,
1205821,2019/20,2019-11-15,Lalbhai Contractor Stadium,1,0.2,Sikkim,Saurashtra,Bibek Diyali,Yashpal Singh,JD Unadkat,0,0,,,,,,,,,
1205821,2019/20,2019-11-15,Lalbhai Contractor Stadium,1,0.3,Sikkim,Saurashtra,Bibek Diyali,Yashpal Singh,JD Unadkat,0,0,,,,,,caught,Bibek Diyali,,
1205821,2019/20,2019-11-15,Lalbhai Contractor Stadium,1,0.4,Sikkim,Saurashtra,Ashish Thapa,Yashpal Singh,JD Unadkat,0,0,,,,,,,,,
1205821,2019/20,2019-11-15,Lalbhai Contractor Stadium,1,0.5,Sikkim,Saurashtra,Ashish Thapa,Yashpal Singh,JD Unadkat,0,0,,,,,,,,,
1205821,2019/20,2019-11-15,Lalbhai Contractor Stadium,1,0.6,Sikkim,Saurashtra,Ashish Thapa,Yashpal Singh,JD Unadkat,0,0,,,,,,,,,
1205821,2019/20,2019-11-15,Lalbhai Contractor Stadium,1,1.1,Sikkim,Saurashtra,Yashpal Singh,Ashish Thapa,K D Patel,1,0,,,,,,,,,
1205821,2019/20,2019-11-15,Lalbhai Contractor Stadium,1,1.2,Sikkim,Saurashtra,Ashish Thapa,Yashpal Singh,K D Patel,1,0,,,,,,,,,
1205821,2019/20,2019-11-15,Lalbhai Contractor Stadium,1,1.3,Sikkim,Saurashtra,Yashpal Singh,Ashish Thapa,K D Patel,1,0,,,,,,,,,
1205821,2019/20,2019-11-15,Lalbhai Contractor Stadium,1,1.4,Sikkim,Saurashtra,Ashish Thapa,Yashpal Singh,K D Patel,4,0,,,,,,,,,
1205821,2019/20,2019-11-15,Lalbhai Contractor Stadium,1,1.5,Sikkim,Saurashtra,Ashish Thapa,Yashpal Singh,K D Patel,0,0,,,,,,,,,
1205821,2019/20,2019-11-15,Lalbhai Contractor Stadium,1,1.6,Sikkim,Saurashtra,Ashish Thapa,Yashpal Singh,K D Patel,1,0,,,,,,,,,
1205821,2019/20,2019-11-15,Lalbhai Contractor Stadium,1,2.1,Sikkim,Saurashtra,Ashish Thapa,Yashpal Singh,JD Unadkat,0,0,,,,,,caught,Ashish Thapa,,
1205821,2019/20,2019-11-15,Lalbhai Contractor Stadium,1,2.2,Sikkim,Saurashtra,Iqbal Abdulla,Yashpal Singh,JD Unadkat,2,0,,,,,,,,,
1205821,2019/20,2019-11-15,Lalbhai Contractor Stadium,1,2.3,Sikkim,Saurashtra,Iqbal Abdulla,Yashpal Singh,JD Unadkat,0,0,,,,,,,,,
1205821,2019/20,2019-11-15,Lalbhai Contractor Stadium,1,2.4,Sikkim,Saurashtra,Iqbal Abdulla,Yashpal Singh,JD Unadkat,0,0,,,,,,,,,
1205821,2019/20,2019-11-15,Lalbhai Contractor Stadium,1,2.5,Sikkim,Saurashtra,Iqbal Abdulla,Yashpal Singh,JD Unadkat,1,0,,,,,,,,,
1205821,2019/20,2019-11-15,Lalbhai Contractor Stadium,1,2.6,Sikkim,Saurashtra,Yashpal Singh,Iqbal Abdulla,JD Unadkat,1,0,,,,,,,,,
1205821,2019/20,2019-11-15,Lalbhai Contractor Stadium,1,3.1,Sikkim,Saurashtra,Yashpal Singh,Iqbal Abdulla,K D Patel,1,0,,,,,,,,,
1205821,2019/20,2019-11-15,Lalbhai Contractor Stadium,1,3.2,Sikkim,Saurashtra,Iqbal Abdulla,Yashpal Singh,K D Patel,0,0,,,,,,,,,
1205821,2019/20,2019-11-15,Lalbhai Contractor Stadium,1,3.3,Sikkim,Saurashtra,Iqbal Abdulla,Yashpal Singh,K D Patel,1,0,,,,,,,,,
1205821,2019/20,2019-11-15,Lalbhai Contractor Stadium,1,3.4,Sikkim,Saurashtra,Yashpal Singh,Iqbal Abdulla,K D Patel,1,0,,,,,,,,,
1205821,2019/20,2019-11-15,Lalbhai Contractor Stadium,1,3.5,Sikkim,Saurashtra,Iqbal Abdulla,Yashpal Singh,K D Patel,1,0,,,,,,,,,
1205821,2019/20,2019-11-15,Lalbhai Contractor Stadium,1,3.6,Sikkim,Saurashtra,Yashpal Singh,Iqbal Abdulla,K D Patel,1,0,,,,,,,,,
1205821,2019/20,2019-11-15,Lalbhai Contractor Stadium,1,4.1,Sikkim,Saurashtra,Yashpal Singh,Iqbal Abdulla,Dharmendrasinh Jadeja,0,0,,,,,,,,,
1205821,2019/20,2019-11-15,Lalbhai Contractor Stadium,1,4.2,Sikkim,Saurashtra,Yashpal Singh,Iqbal Abdulla,Dharmendrasinh Jadeja,0,0,,,,,,,,,
1205821,2019/20,2019-11-15,Lalbhai Contractor Stadium,1,4.3,Sikkim,Saurashtra,Yashpal Singh,Iqbal Abdulla,Dharmendrasinh Jadeja,0,0,,,,,,,,,
1205821,2019/20,2019-11-15,Lalbhai Contractor Stadium,1,4.4,Sikkim,Saurashtra,Yashpal Singh,Iqbal Abdulla,Dharmendrasinh Jadeja,1,0,,,,,,,,,
1205821,2019/20,2019-11-15,Lalbhai Contractor Stadium,1,4.5,Sikkim,Saurashtra,Iqbal Abdulla,Yashpal Singh,Dharmendrasinh Jadeja,4,0,,,,,,,,,
1205821,2019/20,2019-11-15,Lalbhai Contractor Stadium,1,4.6,Sikkim,Saurashtra,Iqbal Abdulla,Yashpal Singh,Dharmendrasinh Jadeja,0,0,,,,,,,,,
1205821,2019/20,2019-11-15,Lalbhai Contractor Stadium,1,5.1,Sikkim,Saurashtra,Yashpal Singh,Iqbal Abdulla,C Sakariya,0,0,,,,,,,,,
1205821,2019/20,2019-11-15,Lalbhai Contractor Stadium,1,5.2,Sikkim,Saurashtra,Yashpal Singh,Iqbal Abdulla,C Sakariya,0,0,,,,,,,,,
1205821,2019/20,2019-11-15,Lalbhai Contractor Stadium,1,5.3,Sikkim,Saurashtra,Yashpal Singh,Iqbal Abdulla,C Sakariya,1,0,,,,,,,,,
1205821,2019/20,2019-11-15,Lalbhai Contractor Stadium,1,5.4,Sikkim,Saurashtra,Iqbal Abdulla,Yashpal Singh,C Sakariya,1,0,,,,,,,,,
1205821,2019/20,2019-11-15,Lalbhai Contractor Stadium,1,5.5,Sikkim,Saurashtra,Yashpal Singh,Iqbal Abdulla,C Sakariya,0,1,1,,,,,,,,
1205821,2019/20,2019-11-15,Lalbhai Contractor Stadium,1,5.6,Sikkim,Saurashtra,Yashpal Singh,Iqbal Abdulla,C Sakariya,4,0,,,,,,,,,
1205821,2019/20,2019-11-15,Lalbhai Contractor Stadium,1,5.7,Sikkim,Saurashtra,Yashpal Singh,Iqbal Abdulla,C Sakariya,0,0,,,,,,,,,
1205821,2019/20,2019-11-15,Lalbhai Contractor Stadium,1,6.1,Sikkim,Saurashtra,Iqbal Abdulla,Yashpal Singh,Dharmendrasinh Jadeja,0,0,,,,,,,,,
1205821,2019/20,2019-11-15,Lalbhai Contractor Stadium,1,6.2,Sikkim,Saurashtra,Iqbal Abdulla,Yashpal Singh,Dharmendrasinh Jadeja,1,0,,,,,,,,,
1205821,2019/20,2019-11-15,Lalbhai Contractor Stadium,1,6.3,Sikkim,Saurashtra,Yashpal Singh,Iqbal Abdulla,Dharmendrasinh Jadeja,0,0,,,,,,,,,
1205821,2019/20,2019-11-15,Lalbhai Contractor Stadium,1,6.4,Sikkim,Saurashtra,Yashpal Singh,Iqbal Abdulla,Dharmendrasinh Jadeja,0,0,,,,,,,,,
1205821,2019/20,2019-11-15,Lalbhai Contractor Stadium,1,6.5,Sikkim,Saurashtra,Yashpal Singh,Iqbal Abdulla,Dharmendrasinh Jadeja,0,0,,,,,,,,,
1205821,2019/20,2019-11-15,Lalbhai Contractor Stadium,1,6.6,Sikkim,Saurashtra,Yashpal Singh,Iqbal Abdulla,Dharmendrasinh Jadeja,6,0,,,,,,,,,
1205821,2019/20,2019-11-15,Lalbhai Contractor Stadium,1,7.1,Sikkim,Saurashtra,Iqbal Abdulla,Yashpal Singh,C Sakariya,1,0,,,,,,,,,
1205821,2019/20,2019-11-15,Lalbhai Contractor Stadium,1,7.2,Sikkim,Saurashtra,Yashpal Singh,Iqbal Abdulla,C Sakariya,0,0,,,,,,,,,
1205821,2019/20,2019-11-15,Lalbhai Contractor Stadium,1,7.3,Sikkim,Saurashtra,Yashpal Singh,Iqbal Abdulla,C Sakariya,6,0,,,,,,,,,
1205821,2019/20,2019-11-15,Lalbhai Contractor Stadium,1,7.4,Sikkim,Saurashtra,Yashpal Singh,Iqbal Abdulla,C Sakariya,1,0,,,,,,,,,
1205821,2019/20,2019-11-15,Lalbhai Contractor Stadium,1,7.5,Sikkim,Saurashtra,Iqbal Abdulla,Yashpal Singh,C Sakariya,1,0,,,,,,,,,
1205821,2019/20,2019-11-15,Lalbhai Contractor Stadium,1,7.6,Sikkim,Saurashtra,Yashpal Singh,Iqbal Abdulla,C Sakariya,1,0,,,,,,,,,
1205821,2019/20,2019-11-15,Lalbhai Contractor Stadium,1,8.1,Sikkim,Saurashtra,Yashpal Singh,Iqbal Abdulla,Dharmendrasinh Jadeja,0,0,,,,,,,,,
1205821,2019/20,2019-11-15,Lalbhai Contractor Stadium,1,8.2,Sikkim,Saurashtra,Yashpal Singh,Iqbal Abdulla,Dharmendrasinh Jadeja,1,0,,,,,,,,,
1205821,2019/20,2019-11-15,Lalbhai Contractor Stadium,1,8.3,Sikkim,Saurashtra,Iqbal Abdulla,Yashpal Singh,Dharmendrasinh Jadeja,0,0,,,,,,,,,
1205821,2019/20,2019-11-15,Lalbhai Contractor Stadium,1,8.4,Sikkim,Saurashtra,Iqbal Abdulla,Yashpal Singh,Dharmendrasinh Jadeja,0,0,,,,,,,,,
1205821,2019/20,2019-11-15,Lalbhai Contractor Stadium,1,8.5,Sikkim,Saurashtra,Iqbal Abdulla,Yashpal Singh,Dharmendrasinh Jadeja,1,0,,,,,,,,,
1205821,2019/20,2019-11-15,Lalbhai Contractor Stadium,1,8.6,Sikkim,Saurashtra,Yashpal Singh,Iqbal Abdulla,Dharmendrasinh Jadeja,1,0,,,,,,,,,
1205821,2019/20,2019-11-15,Lalbhai Contractor Stadium,1,9.1,Sikkim,Saurashtra,Yashpal Singh,Iqbal Abdulla,V M Jivrajani,0,0,,,,,,,,,
1205821,2019/20,2019-11-15,Lalbhai Contractor Stadium,1,9.2,Sikkim,Saurashtra,Yashpal Singh,Iqbal Abdulla,V M Jivrajani,1,0,,,,,,,,,
1205821,2019/20,2019-11-15,Lalbhai Contractor Stadium,1,9.3,Sikkim,Saurashtra,Iqbal Abdulla,Yashpal Singh,V M Jivrajani,0,0,,,,,,,,,
1205821,2019/20,2019-11-15,Lalbhai Contractor Stadium,1,9.4,Sikkim,Saurashtra,Iqbal Abdulla,Yashpal Singh,V M Jivrajani,0,0,,,,,,,,,
1205821,2019/20,2019-11-15,Lalbhai Contractor Stadium,1,9.5,Sikkim,Saurashtra,Iqbal Abdulla,Yashpal Singh,V M Jivrajani,1,0,,,,,,,,,
1205821,2019/20,2019-11-15,Lalbhai Contractor Stadium,1,9.6,Sikkim,Saurashtra,Yashpal Singh,Iqbal Abdulla,V M Jivrajani,1,0,,,,,,,,,
1205821,2019/20,2019-11-15,Lalbhai Contractor Stadium,1,10.1,Sikkim,Saurashtra,Yashpal Singh,Iqbal Abdulla,PN Mankad,1,0,,,,,,,,,
1205821,2019/20,2019-11-15,Lalbhai Contractor Stadium,1,10.2,Sikkim,Saurashtra,Iqbal Abdulla,Yashpal Singh,PN Mankad,1,0,,,,,,,,,
1205821,2019/20,2019-11-15,Lalbhai Contractor Stadium,1,10.3,Sikkim,Saurashtra,Yashpal Singh,Iqbal Abdulla,PN Mankad,1,0,,,,,,,,,
1205821,2019/20,2019-11-15,Lalbhai Contractor Stadium,1,10.4,Sikkim,Saurashtra,Iqbal Abdulla,Yashpal Singh,PN Mankad,1,0,,,,,,,,,
1205821,2019/20,2019-11-15,Lalbhai Contractor Stadium,1,10.5,Sikkim,Saurashtra,Yashpal Singh,Iqbal Abdulla,PN Mankad,1,0,,,,,,,,,
1205821,2019/20,2019-11-15,Lalbhai Contractor Stadium,1,10.6,Sikkim,Saurashtra,Iqbal Abdulla,Yashpal Singh,PN Mankad,1,0,,,,,,,,,
1205821,2019/20,2019-11-15,Lalbhai Contractor Stadium,1,11.1,Sikkim,Saurashtra,Iqbal Abdulla,Yashpal Singh,V M Jivrajani,0,4,,,4,,,,,,
1205821,2019/20,2019-11-15,Lalbhai Contractor Stadium,1,11.2,Sikkim,Saurashtra,Iqbal Abdulla,Yashpal Singh,V M Jivrajani,0,0,,,,,,bowled,Iqbal Abdulla,,
1205821,2019/20,2019-11-15,Lalbhai Contractor Stadium,1,11.3,Sikkim,Saurashtra,Palzor Tamang,Yashpal Singh,V M Jivrajani,1,0,,,,,,,,,
1205821,2019/20,2019-11-15,Lalbhai Contractor Stadium,1,11.4,Sikkim,Saurashtra,Yashpal Singh,Palzor Tamang,V M Jivrajani,0,0,,,,,,,,,
1205821,2019/20,2019-11-15,Lalbhai Contractor Stadium,1,11.5,Sikkim,Saurashtra,Yashpal Singh,Palzor Tamang,V M Jivrajani,4,0,,,,,,,,,
1205821,2019/20,2019-11-15,Lalbhai Contractor Stadium,1,11.6,Sikkim,Saurashtra,Yashpal Singh,Palzor Tamang,V M Jivrajani,1,0,,,,,,,,,
1205821,2019/20,2019-11-15,Lalbhai Contractor Stadium,1,12.1,Sikkim,Saurashtra,Yashpal Singh,Palzor Tamang,Arpit Vasavada,1,0,,,,,,,,,
1205821,2019/20,2019-11-15,Lalbhai Contractor Stadium,1,12.2,Sikkim,Saurashtra,Palzor Tamang,Yashpal Singh,Arpit Vasavada,0,0,,,,,,,,,
1205821,2019/20,2019-11-15,Lalbhai Contractor Stadium,1,12.3,Sikkim,Saurashtra,Palzor Tamang,Yashpal Singh,Arpit Vasavada,0,0,,,,,,,,,
1205821,2019/20,2019-11-15,Lalbhai Contractor Stadium,1,12.4,Sikkim,Saurashtra,Palzor Tamang,Yashpal Singh,Arpit Vasavada,0,0,,,,,,,,,
1205821,2019/20,2019-11-15,Lalbhai Contractor Stadium,1,12.5,Sikkim,Saurashtra,Palzor Tamang,Yashpal Singh,Arpit Vasavada,0,0,,,,,,,,,
1205821,2019/20,2019-11-15,Lalbhai Contractor Stadium,1,12.6,Sikkim,Saurashtra,Palzor Tamang,Yashpal Singh,Arpit Vasavada,0,0,,,,,,,,,
1205821,2019/20,2019-11-15,Lalbhai Contractor Stadium,1,13.1,Sikkim,Saurashtra,Yashpal Singh,Palzor Tamang,V M Jivrajani,1,0,,,,,,,,,
1205821,2019/20,2019-11-15,Lalbhai Contractor Stadium,1,13.2,Sikkim,Saurashtra,Palzor Tamang,Yashpal Singh,V M Jivrajani,0,0,,,,,,,,,
1205821,2019/20,2019-11-15,Lalbhai Contractor Stadium,1,13.3,Sikkim,Saurashtra,Palzor Tamang,Yashpal Singh,V M Jivrajani,0,0,,,,,,,,,
1205821,2019/20,2019-11-15,Lalbhai Contractor Stadium,1,13.4,Sikkim,Saurashtra,Palzor Tamang,Yashpal Singh,V M Jivrajani,0,0,,,,,,,,,
1205821,2019/20,2019-11-15,Lalbhai Contractor Stadium,1,13.5,Sikkim,Saurashtra,Palzor Tamang,Yashpal Singh,V M Jivrajani,1,0,,,,,,,,,
1205821,2019/20,2019-11-15,Lalbhai Contractor Stadium,1,13.6,Sikkim,Saurashtra,Yashpal Singh,Palzor Tamang,V M Jivrajani,1,0,,,,,,,,,
1205821,2019/20,2019-11-15,Lalbhai Contractor Stadium,1,14.1,Sikkim,Saurashtra,Yashpal Singh,Palzor Tamang,C Sakariya,0,0,,,,,,caught and bowled,Yashpal Singh,,
1205821,2019/20,2019-11-15,Lalbhai Contractor Stadium,1,14.2,Sikkim,Saurashtra,Dinesh Rai,Palzor Tamang,C Sakariya,0,0,,,,,,,,,
1205821,2019/20,2019-11-15,Lalbhai Contractor Stadium,1,14.3,Sikkim,Saurashtra,Dinesh Rai,Palzor Tamang,C Sakariya,3,0,,,,,,,,,
1205821,2019/20,2019-11-15,Lalbhai Contractor Stadium,1,14.4,Sikkim,Saurashtra,Palzor Tamang,Dinesh Rai,C Sakariya,0,0,,,,,,,,,
1205821,2019/20,2019-11-15,Lalbhai Contractor Stadium,1,14.5,Sikkim,Saurashtra,Palzor Tamang,Dinesh Rai,C Sakariya,0,0,,,,,,,,,
1205821,2019/20,2019-11-15,Lalbhai Contractor Stadium,1,14.6,Sikkim,Saurashtra,Palzor Tamang,Dinesh Rai,C Sakariya,0,0,,,,,,,,,
1205821,2019/20,2019-11-15,Lalbhai Contractor Stadium,1,15.1,Sikkim,Saurashtra,Dinesh Rai,Palzor Tamang,Dharmendrasinh Jadeja,1,0,,,,,,,,,
1205821,2019/20,2019-11-15,Lalbhai Contractor Stadium,1,15.2,Sikkim,Saurashtra,Palzor Tamang,Dinesh Rai,Dharmendrasinh Jadeja,0,0,,,,,,,,,
1205821,2019/20,2019-11-15,Lalbhai Contractor Stadium,1,15.3,Sikkim,Saurashtra,Palzor Tamang,Dinesh Rai,Dharmendrasinh Jadeja,0,0,,,,,,,,,
1205821,2019/20,2019-11-15,Lalbhai Contractor Stadium,1,15.4,Sikkim,Saurashtra,Palzor Tamang,Dinesh Rai,Dharmendrasinh Jadeja,0,2,,,,2,,,,,
1205821,2019/20,2019-11-15,Lalbhai Contractor Stadium,1,15.5,Sikkim,Saurashtra,Palzor Tamang,Dinesh Rai,Dharmendrasinh Jadeja,2,0,,,,,,,,,
1205821,2019/20,2019-11-15,Lalbhai Contractor Stadium,1,15.6,Sikkim,Saurashtra,Palzor Tamang,Dinesh Rai,Dharmendrasinh Jadeja,0,0,,,,,,,,,
1205821,2019/20,2019-11-15,Lalbhai Contractor Stadium,1,16.1,Sikkim,Saurashtra,Dinesh Rai,Palzor Tamang,K D Patel,1,0,,,,,,,,,
1205821,2019/20,2019-11-15,Lalbhai Contractor Stadium,1,16.2,Sikkim,Saurashtra,Palzor Tamang,Dinesh Rai,K D Patel,4,0,,,,,,,,,
1205821,2019/20,2019-11-15,Lalbhai Contractor Stadium,1,16.3,Sikkim,Saurashtra,Palzor Tamang,Dinesh Rai,K D Patel,0,0,,,,,,caught,Palzor Tamang,,
1205821,2019/20,2019-11-15,Lalbhai Contractor Stadium,1,16.4,Sikkim,Saurashtra,Dinesh Rai,Sabin Chettri,K D Patel,1,0,,,,,,,,,
1205821,2019/20,2019-11-15,Lalbhai Contractor Stadium,1,16.5,Sikkim,Saurashtra,Sabin Chettri,Dinesh Rai,K D Patel,1,0,,,,,,,,,
1205821,2019/20,2019-11-15,Lalbhai Contractor Stadium,1,16.6,Sikkim,Saurashtra,Dinesh Rai,Sabin Chettri,K D Patel,1,1,,1,,,,,,,
1205821,2019/20,2019-11-15,Lalbhai Contractor Stadium,1,16.7,Sikkim,Saurashtra,Sabin Chettri,Dinesh Rai,K D Patel,0,0,,,,,,,,,
1205821,2019/20,2019-11-15,Lalbhai Contractor Stadium,1,17.1,Sikkim,Saurashtra,Dinesh Rai,Sabin Chettri,V M Jivrajani,1,0,,,,,,,,,
1205821,2019/20,2019-11-15,Lalbhai Contractor Stadium,1,17.2,Sikkim,Saurashtra,Sabin Chettri,Dinesh Rai,V M Jivrajani,1,0,,,,,,,,,
1205821,2019/20,2019-11-15,Lalbhai Contractor Stadium,1,17.3,Sikkim,Saurashtra,Dinesh Rai,Sabin Chettri,V M Jivrajani,1,0,,,,,,,,,
1205821,2019/20,2019-11-15,Lalbhai Contractor Stadium,1,17.4,Sikkim,Saurashtra,Sabin Chettri,Dinesh Rai,V M Jivrajani,1,0,,,,,,,,,
1205821,2019/20,2019-11-15,Lalbhai Contractor Stadium,1,17.5,Sikkim,Saurashtra,Dinesh Rai,Sabin Chettri,V M Jivrajani,1,0,,,,,,,,,
1205821,2019/20,2019-11-15,Lalbhai Contractor Stadium,1,17.6,Sikkim,Saurashtra,Sabin Chettri,Dinesh Rai,V M Jivrajani,0,0,,,,,,bowled,Sabin Chettri,,
1205821,2019/20,2019-11-15,Lalbhai Contractor Stadium,1,18.1,Sikkim,Saurashtra,Dinesh Rai,Jahan Uddin,JD Unadkat,0,0,,,,,,,,,
1205821,2019/20,2019-11-15,Lalbhai Contractor Stadium,1,18.2,Sikkim,Saurashtra,Dinesh Rai,Jahan Uddin,JD Unadkat,0,0,,,,,,,,,
1205821,2019/20,2019-11-15,Lalbhai Contractor Stadium,1,18.3,Sikkim,Saurashtra,Dinesh Rai,Jahan Uddin,JD Unadkat,1,0,,,,,,run out,Dinesh Rai,,
1205821,2019/20,2019-11-15,Lalbhai Contractor Stadium,1,18.4,Sikkim,Saurashtra,Ishwar Chaudhary,Jahan Uddin,JD Unadkat,0,0,,,,,,bowled,Ishwar Chaudhary,,
1205821,2019/20,2019-11-15,Lalbhai Contractor Stadium,1,18.5,Sikkim,Saurashtra,Prabesh Gurung,Jahan Uddin,JD Unadkat,0,0,,,,,,,,,
1205821,2019/20,2019-11-15,Lalbhai Contractor Stadium,1,18.6,Sikkim,Saurashtra,Prabesh Gurung,Jahan Uddin,JD Unadkat,0,0,,,,,,bowled,Prabesh Gurung,,
1205821,2019/20,2019-11-15,Lalbhai Contractor Stadium,1,19.1,Sikkim,Saurashtra,Jahan Uddin,Pritam Nirala,C Sakariya,1,0,,,,,,,,,
1205821,2019/20,2019-11-15,Lalbhai Contractor Stadium,1,19.2,Sikkim,Saurashtra,Pritam Nirala,Jahan Uddin,C Sakariya,0,0,,,,,,run out,Pritam Nirala,,
1205821,2019/20,2019-11-15,Lalbhai Contractor Stadium,2,0.1,Saurashtra,Sikkim,H Desai,Arpit Vasavada,Ishwar Chaudhary,0,1,1,,,,,,,,
1205821,2019/20,2019-11-15,Lalbhai Contractor Stadium,2,0.2,Saurashtra,Sikkim,H Desai,Arpit Vasavada,Ishwar Chaudhary,0,0,,,,,,,,,
1205821,2019/20,2019-11-15,Lalbhai Contractor Stadium,2,0.3,Saurashtra,Sikkim,H Desai,Arpit Vasavada,Ishwar Chaudhary,4,0,,,,,,,,,
1205821,2019/20,2019-11-15,Lalbhai Contractor Stadium,2,0.4,Saurashtra,Sikkim,H Desai,Arpit Vasavada,Ishwar Chaudhary,0,1,1,,,,,,,,
1205821,2019/20,2019-11-15,Lalbhai Contractor Stadium,2,0.5,Saurashtra,Sikkim,H Desai,Arpit Vasavada,Ishwar Chaudhary,1,1,,1,,,,,,,
1205821,2019/20,2019-11-15,Lalbhai Contractor Stadium,2,0.6,Saurashtra,Sikkim,Arpit Vasavada,H Desai,Ishwar Chaudhary,6,0,,,,,,,,,
1205821,2019/20,2019-11-15,Lalbhai Contractor Stadium,2,0.7,Saurashtra,Sikkim,Arpit Vasavada,H Desai,Ishwar Chaudhary,0,0,,,,,,,,,
1205821,2019/20,2019-11-15,Lalbhai Contractor Stadium,2,0.8,Saurashtra,Sikkim,Arpit Vasavada,H Desai,Ishwar Chaudhary,0,0,,,,,,,,,
1205821,2019/20,2019-11-15,Lalbhai Contractor Stadium,2,0.9,Saurashtra,Sikkim,Arpit Vasavada,H Desai,Ishwar Chaudhary,1,0,,,,,,,,,
1205821,2019/20,2019-11-15,Lalbhai Contractor Stadium,2,1.1,Saurashtra,Sikkim,Arpit Vasavada,H Desai,Palzor Tamang,0,0,,,,,,,,,
1205821,2019/20,2019-11-15,Lalbhai Contractor Stadium,2,1.2,Saurashtra,Sikkim,Arpit Vasavada,H Desai,Palzor Tamang,0,0,,,,,,,,,
1205821,2019/20,2019-11-15,Lalbhai Contractor Stadium,2,1.3,Saurashtra,Sikkim,Arpit Vasavada,H Desai,Palzor Tamang,4,0,,,,,,,,,
1205821,2019/20,2019-11-15,Lalbhai Contractor Stadium,2,1.4,Saurashtra,Sikkim,Arpit Vasavada,H Desai,Palzor Tamang,0,0,,,,,,,,,
1205821,2019/20,2019-11-15,Lalbhai Contractor Stadium,2,1.5,Saurashtra,Sikkim,Arpit Vasavada,H Desai,Palzor Tamang,1,0,,,,,,,,,
1205821,2019/20,2019-11-15,Lalbhai Contractor Stadium,2,1.6,Saurashtra,Sikkim,H Desai,Arpit Vasavada,Palzor Tamang,0,0,,,,,,,,,
1205821,2019/20,2019-11-15,Lalbhai Contractor Stadium,2,2.1,Saurashtra,Sikkim,Arpit Vasavada,H Desai,Pritam Nirala,0,0,,,,,,,,,
1205821,2019/20,2019-11-15,Lalbhai Contractor Stadium,2,2.2,Saurashtra,Sikkim,Arpit Vasavada,H Desai,Pritam Nirala,4,0,,,,,,,,,
1205821,2019/20,2019-11-15,Lalbhai Contractor Stadium,2,2.3,Saurashtra,Sikkim,Arpit Vasavada,H Desai,Pritam Nirala,0,0,,,,,,,,,
1205821,2019/20,2019-11-15,Lalbhai Contractor Stadium,2,2.4,Saurashtra,Sikkim,Arpit Vasavada,H Desai,Pritam Nirala,1,0,,,,,,,,,
1205821,2019/20,2019-11-15,Lalbhai Contractor Stadium,2,2.5,Saurashtra,Sikkim,H Desai,Arpit Vasavada,Pritam Nirala,0,0,,,,,,,,,
1205821,2019/20,2019-11-15,Lalbhai Contractor Stadium,2,2.6,Saurashtra,Sikkim,H Desai,Arpit Vasavada,Pritam Nirala,1,0,,,,,,,,,
1205821,2019/20,2019-11-15,Lalbhai Contractor Stadium,2,3.1,Saurashtra,Sikkim,H Desai,Arpit Vasavada,Palzor Tamang,0,0,,,,,,,,,
1205821,2019/20,2019-11-15,Lalbhai Contractor Stadium,2,3.2,Saurashtra,Sikkim,H Desai,Arpit Vasavada,Palzor Tamang,4,0,,,,,,,,,
1205821,2019/20,2019-11-15,Lalbhai Contractor Stadium,2,3.3,Saurashtra,Sikkim,H Desai,Arpit Vasavada,Palzor Tamang,0,0,,,,,,,,,
1205821,2019/20,2019-11-15,Lalbhai Contractor Stadium,2,3.4,Saurashtra,Sikkim,H Desai,Arpit Vasavada,Palzor Tamang,1,0,,,,,,,,,
1205821,2019/20,2019-11-15,Lalbhai Contractor Stadium,2,3.5,Saurashtra,Sikkim,Arpit Vasavada,H Desai,Palzor Tamang,4,0,,,,,,,,,
1205821,2019/20,2019-11-15,Lalbhai Contractor Stadium,2,3.6,Saurashtra,Sikkim,Arpit Vasavada,H Desai,Palzor Tamang,1,0,,,,,,,,,
1205821,2019/20,2019-11-15,Lalbhai Contractor Stadium,2,4.1,Saurashtra,Sikkim,Arpit Vasavada,H Desai,Pritam Nirala,4,0,,,,,,,,,
1205821,2019/20,2019-11-15,Lalbhai Contractor Stadium,2,4.2,Saurashtra,Sikkim,Arpit Vasavada,H Desai,Pritam Nirala,0,0,,,,,,,,,
1205821,2019/20,2019-11-15,Lalbhai Contractor Stadium,2,4.3,Saurashtra,Sikkim,Arpit Vasavada,H Desai,Pritam Nirala,1,0,,,,,,,,,
1205821,2019/20,2019-11-15,Lalbhai Contractor Stadium,2,4.4,Saurashtra,Sikkim,H Desai,Arpit Vasavada,Pritam Nirala,4,0,,,,,,,,,
1205821,2019/20,2019-11-15,Lalbhai Contractor Stadium,2,4.5,Saurashtra,Sikkim,H Desai,Arpit Vasavada,Pritam Nirala,1,0,,,,,,,,,
1205821,2019/20,2019-11-15,Lalbhai Contractor Stadium,2,4.6,Saurashtra,Sikkim,Arpit Vasavada,H Desai,Pritam Nirala,0,0,,,,,,,,,
1205821,2019/20,2019-11-15,Lalbhai Contractor Stadium,2,5.1,Saurashtra,Sikkim,H Desai,Arpit Vasavada,Iqbal Abdulla,1,0,,,,,,,,,
1205821,2019/20,2019-11-15,Lalbhai Contractor Stadium,2,5.2,Saurashtra,Sikkim,Arpit Vasavada,H Desai,Iqbal Abdulla,0,0,,,,,,,,,
1205821,2019/20,2019-11-15,Lalbhai Contractor Stadium,2,5.3,Saurashtra,Sikkim,Arpit Vasavada,H Desai,Iqbal Abdulla,4,0,,,,,,,,,
1205821,2019/20,2019-11-15,Lalbhai Contractor Stadium,2,5.4,Saurashtra,Sikkim,Arpit Vasavada,H Desai,Iqbal Abdulla,0,0,,,,,,caught,Arpit Vasavada,,
1205821,2019/20,2019-11-15,Lalbhai Contractor Stadium,2,5.5,Saurashtra,Sikkim,H Desai,Samarth Vyas,Iqbal Abdulla,0,0,,,,,,,,,
1205821,2019/20,2019-11-15,Lalbhai Contractor Stadium,2,5.6,Saurashtra,Sikkim,H Desai,Samarth Vyas,Iqbal Abdulla,1,0,,,,,,,,,
1205821,2019/20,2019-11-15,Lalbhai Contractor Stadium,2,6.1,Saurashtra,Sikkim,H Desai,Samarth Vyas,Dinesh Rai,0,0,,,,,,,,,
1205821,2019/20,2019-11-15,Lalbhai Contractor Stadium,2,6.2,Saurashtra,Sikkim,H Desai,Samarth Vyas,Dinesh Rai,1,0,,,,,,,,,
1205821,2019/20,2019-11-15,Lalbhai Contractor Stadium,2,6.3,Saurashtra,Sikkim,Samarth Vyas,H Desai,Dinesh Rai,1,0,,,,,,,,,
1205821,2019/20,2019-11-15,Lalbhai Contractor Stadium,2,6.4,Saurashtra,Sikkim,H Desai,Samarth Vyas,Dinesh Rai,0,0,,,,,,,,,
1205821,2019/20,2019-11-15,Lalbhai Contractor Stadium,2,6.5,Saurashtra,Sikkim,H Desai,Samarth Vyas,Dinesh Rai,0,0,,,,,,,,,
1205821,2019/20,2019-11-15,Lalbhai Contractor Stadium,2,6.6,Saurashtra,Sikkim,H Desai,Samarth Vyas,Dinesh Rai,0,0,,,,,,caught,H Desai,,
1205821,2019/20,2019-11-15,Lalbhai Contractor Stadium,2,7.1,Saurashtra,Sikkim,Samarth Vyas,D Chauhan,Iqbal Abdulla,1,0,,,,,,,,,
1205821,2019/20,2019-11-15,Lalbhai Contractor Stadium,2,7.2,Saurashtra,Sikkim,D Chauhan,Samarth Vyas,Iqbal Abdulla,0,0,,,,,,,,,
1205821,2019/20,2019-11-15,Lalbhai Contractor Stadium,2,7.3,Saurashtra,Sikkim,D Chauhan,Samarth Vyas,Iqbal Abdulla,0,0,,,,,,,,,
1205821,2019/20,2019-11-15,Lalbhai Contractor Stadium,2,7.4,Saurashtra,Sikkim,D Chauhan,Samarth Vyas,Iqbal Abdulla,1,0,,,,,,,,,
1205821,2019/20,2019-11-15,Lalbhai Contractor Stadium,2,7.5,Saurashtra,Sikkim,Samarth Vyas,D Chauhan,Iqbal Abdulla,6,0,,,,,,,,,
1205821,2019/20,2019-11-15,Lalbhai Contractor Stadium,2,7.6,Saurashtra,Sikkim,Samarth Vyas,D Chauhan,Iqbal Abdulla,1,0,,,,,,,,,
1205821,2019/20,2019-11-15,Lalbhai Contractor Stadium,2,8.1,Saurashtra,Sikkim,Samarth Vyas,D Chauhan,Dinesh Rai,0,0,,,,,,caught,Samarth Vyas,,
1205821,2019/20,2019-11-15,Lalbhai Contractor Stadium,2,8.2,Saurashtra,Sikkim,D Chauhan,SP Jackson,Dinesh Rai,1,0,,,,,,,,,
1205821,2019/20,2019-11-15,Lalbhai Contractor Stadium,2,8.3,Saurashtra,Sikkim,SP Jackson,D Chauhan,Dinesh Rai,1,0,,,,,,,,,
1205821,2019/20,2019-11-15,Lalbhai Contractor Stadium,2,8.4,Saurashtra,Sikkim,D Chauhan,SP Jackson,Dinesh Rai,2,0,,,,,,,,,
1205821,2019/20,2019-11-15,Lalbhai Contractor Stadium,2,8.5,Saurashtra,Sikkim,D Chauhan,SP Jackson,Dinesh Rai,0,0,,,,,,,,,
1205821,2019/20,2019-11-15,Lalbhai Contractor Stadium,2,8.6,Saurashtra,Sikkim,D Chauhan,SP Jackson,Dinesh Rai,1,0,,,,,,,,,
1205821,2019/20,2019-11-15,Lalbhai Contractor Stadium,2,9.1,Saurashtra,Sikkim,D Chauhan,SP Jackson,Iqbal Abdulla,0,0,,,,,,,,,
1205821,2019/20,2019-11-15,Lalbhai Contractor Stadium,2,9.2,Saurashtra,Sikkim,D Chauhan,SP Jackson,Iqbal Abdulla,0,0,,,,,,,,,
1205821,2019/20,2019-11-15,Lalbhai Contractor Stadium,2,9.3,Saurashtra,Sikkim,D Chauhan,SP Jackson,Iqbal Abdulla,1,0,,,,,,,,,
1205821,2019/20,2019-11-15,Lalbhai Contractor Stadium,2,9.4,Saurashtra,Sikkim,SP Jackson,D Chauhan,Iqbal Abdulla,1,0,,,,,,,,,
1205821,2019/20,2019-11-15,Lalbhai Contractor Stadium,2,9.5,Saurashtra,Sikkim,D Chauhan,SP Jackson,Iqbal Abdulla,2,0,,,,,,,,,
1205821,2019/20,2019-11-15,Lalbhai Contractor Stadium,2,9.6,Saurashtra,Sikkim,D Chauhan,SP Jackson,Iqbal Abdulla,0,0,,,,,,,,,
1205821,2019/20,2019-11-15,Lalbhai Contractor Stadium,2,10.1,Saurashtra,Sikkim,SP Jackson,D Chauhan,Dinesh Rai,1,0,,,,,,,,,
1205821,2019/20,2019-11-15,Lalbhai Contractor Stadium,2,10.2,Saurashtra,Sikkim,D Chauhan,SP Jackson,Dinesh Rai,1,0,,,,,,,,,
1205821,2019/20,2019-11-15,Lalbhai Contractor Stadium,2,10.3,Saurashtra,Sikkim,SP Jackson,D Chauhan,Dinesh Rai,0,0,,,,,,,,,
1205821,2019/20,2019-11-15,Lalbhai Contractor Stadium,2,10.4,Saurashtra,Sikkim,SP Jackson,D Chauhan,Dinesh Rai,0,0,,,,,,,,,
1205821,2019/20,2019-11-15,Lalbhai Contractor Stadium,2,10.5,Saurashtra,Sikkim,SP Jackson,D Chauhan,Dinesh Rai,0,0,,,,,,,,,
1205821,2019/20,2019-11-15,Lalbhai Contractor Stadium,2,10.6,Saurashtra,Sikkim,SP Jackson,D Chauhan,Dinesh Rai,1,0,,,,,,,,,
1205821,2019/20,2019-11-15,Lalbhai Contractor Stadium,2,11.1,Saurashtra,Sikkim,SP Jackson,D Chauhan,Iqbal Abdulla,1,0,,,,,,,,,
1205821,2019/20,2019-11-15,Lalbhai Contractor Stadium,2,11.2,Saurashtra,Sikkim,D Chauhan,SP Jackson,Iqbal Abdulla,0,0,,,,,,run out,SP Jackson,,
1205821,2019/20,2019-11-15,Lalbhai Contractor Stadium,2,11.3,Saurashtra,Sikkim,D Chauhan,PN Mankad,Iqbal Abdulla,1,0,,,,,,,,,
1205821,2019/20,2019-11-15,Lalbhai Contractor Stadium,2,11.4,Saurashtra,Sikkim,PN Mankad,D Chauhan,Iqbal Abdulla,0,0,,,,,,,,,
1205821,2019/20,2019-11-15,Lalbhai Contractor Stadium,2,11.5,Saurashtra,Sikkim,PN Mankad,D Chauhan,Iqbal Abdulla,1,0,,,,,,,,,
1205821,2019/20,2019-11-15,Lalbhai Contractor Stadium,2,11.6,Saurashtra,Sikkim,D Chauhan,PN Mankad,Iqbal Abdulla,0,0,,,,,,,,,
1205821,2019/20,2019-11-15,Lalbhai Contractor Stadium,2,12.1,Saurashtra,Sikkim,PN Mankad,D Chauhan,Dinesh Rai,0,0,,,,,,,,,
1205821,2019/20,2019-11-15,Lalbhai Contractor Stadium,2,12.2,Saurashtra,Sikkim,PN Mankad,D Chauhan,Dinesh Rai,1,0,,,,,,,,,
1205821,2019/20,2019-11-15,Lalbhai Contractor Stadium,2,12.3,Saurashtra,Sikkim,D Chauhan,PN Mankad,Dinesh Rai,2,0,,,,,,,,,
1205821,2019/20,2019-11-15,Lalbhai Contractor Stadium,2,12.4,Saurashtra,Sikkim,D Chauhan,PN Mankad,Dinesh Rai,1,0,,,,,,,,,
1205821,2019/20,2019-11-15,Lalbhai Contractor Stadium,2,12.5,Saurashtra,Sikkim,PN Mankad,D Chauhan,Dinesh Rai,1,0,,,,,,,,,
1205821,2019/20,2019-11-15,Lalbhai Contractor Stadium,2,12.6,Saurashtra,Sikkim,D Chauhan,PN Mankad,Dinesh Rai,0,0,,,,,,,,,
1205821,2019/20,2019-11-15,Lalbhai Contractor Stadium,2,13.1,Saurashtra,Sikkim,PN Mankad,D Chauhan,Yashpal Singh,1,0,,,,,,,,,
1205821,2019/20,2019-11-15,Lalbhai Contractor Stadium,2,13.2,Saurashtra,Sikkim,D Chauhan,PN Mankad,Yashpal Singh,1,0,,,,,,,,,
1205821,2019/20,2019-11-15,Lalbhai Contractor Stadium,2,13.3,Saurashtra,Sikkim,PN Mankad,D Chauhan,Yashpal Singh,0,0,,,,,,,,,
1205821,2019/20,2019-11-15,Lalbhai Contractor Stadium,2,13.4,Saurashtra,Sikkim,PN Mankad,D Chauhan,Yashpal Singh,1,0,,,,,,,,,
1205821,2019/20,2019-11-15,Lalbhai Contractor Stadium,2,13.5,Saurashtra,Sikkim,D Chauhan,PN Mankad,Yashpal Singh,1,0,,,,,,,,,
1205821,2019/20,2019-11-15,Lalbhai Contractor Stadium,2,13.6,Saurashtra,Sikkim,PN Mankad,D Chauhan,Yashpal Singh,0,0,,,,,,,,,
1205821,2019/20,2019-11-15,Lalbhai Contractor Stadium,2,14.1,Saurashtra,Sikkim,D Chauhan,PN Mankad,Prabesh Gurung,1,0,,,,,,,,,
1205821,2019/20,2019-11-15,Lalbhai Contractor Stadium,2,14.2,Saurashtra,Sikkim,PN Mankad,D Chauhan,Prabesh Gurung,2,0,,,,,,,,,
1205821,2019/20,2019-11-15,Lalbhai Contractor Stadium,2,14.3,Saurashtra,Sikkim,PN Mankad,D Chauhan,Prabesh Gurung,1,0,,,,,,,,,
1205821,2019/20,2019-11-15,Lalbhai Contractor Stadium,2,14.4,Saurashtra,Sikkim,D Chauhan,PN Mankad,Prabesh Gurung,0,0,,,,,,,,,
1205821,2019/20,2019-11-15,Lalbhai Contractor Stadium,2,14.5,Saurashtra,Sikkim,D Chauhan,PN Mankad,Prabesh Gurung,1,0,,,,,,,,,
1205821,2019/20,2019-11-15,Lalbhai Contractor Stadium,2,14.6,Saurashtra,Sikkim,PN Mankad,D Chauhan,Prabesh Gurung,0,1,,,,1,,,,,
1205821,2019/20,2019-11-15,Lalbhai Contractor Stadium,2,15.1,Saurashtra,Sikkim,PN Mankad,D Chauhan,Yashpal Singh,2,0,,,,,,,,,
1205821,2019/20,2019-11-15,Lalbhai Contractor Stadium,2,15.2,Saurashtra,Sikkim,PN Mankad,D Chauhan,Yashpal Singh,0,0,,,,,,,,,
1205821,2019/20,2019-11-15,Lalbhai Contractor Stadium,2,15.3,Saurashtra,Sikkim,PN Mankad,D Chauhan,Yashpal Singh,0,0,,,,,,,,,
1205821,2019/20,2019-11-15,Lalbhai Contractor Stadium,2,15.4,Saurashtra,Sikkim,PN Mankad,D Chauhan,Yashpal Singh,1,0,,,,,,,,,
1205821,2019/20,2019-11-15,Lalbhai Contractor Stadium,2,15.5,Saurashtra,Sikkim,D Chauhan,PN Mankad,Yashpal Singh,1,0,,,,,,,,,
