match_id,season,start_date,venue,innings,ball,batting_team,bowling_team,striker,non_striker,bowler,runs_off_bat,extras,wides,noballs,byes,legbyes,penalty,wicket_type,player_dismissed,other_wicket_type,other_player_dismissed
1205725,2019/20,2019-11-08,Greenfield Stadium,1,0.1,Rajasthan,Manipur,MN Singh,Ankit Lamba,Homendro Kabrambam,0,0,,,,,,,,,
1205725,2019/20,2019-11-08,Greenfield Stadium,1,0.2,Rajasthan,Manipur,MN Singh,Ankit Lamba,Homendro Kabrambam,0,0,,,,,,,,,
1205725,2019/20,2019-11-08,Greenfield Stadium,1,0.3,Rajasthan,Manipur,MN Singh,Ankit Lamba,Homendro Kabrambam,1,0,,,,,,,,,
1205725,2019/20,2019-11-08,Greenfield Stadium,1,0.4,Rajasthan,Manipur,Ankit Lamba,MN Singh,Homendro Kabrambam,4,0,,,,,,,,,
1205725,2019/20,2019-11-08,Greenfield Stadium,1,0.5,Rajasthan,Manipur,Ankit Lamba,MN Singh,Homendro Kabrambam,1,0,,,,,,,,,
1205725,2019/20,2019-11-08,Greenfield Stadium,1,0.6,Rajasthan,Manipur,MN Singh,Ankit Lamba,Homendro Kabrambam,2,0,,,,,,,,,
1205725,2019/20,2019-11-08,Greenfield Stadium,1,1.1,Rajasthan,Manipur,Ankit Lamba,MN Singh,Rex Rajkumar,0,0,,,,,,,,,
1205725,2019/20,2019-11-08,Greenfield Stadium,1,1.2,Rajasthan,Manipur,Ankit Lamba,MN Singh,Rex Rajkumar,0,0,,,,,,,,,
1205725,2019/20,2019-11-08,Greenfield Stadium,1,1.3,Rajasthan,Manipur,Ankit Lamba,MN Singh,Rex Rajkumar,4,0,,,,,,,,,
1205725,2019/20,2019-11-08,Greenfield Stadium,1,1.4,Rajasthan,Manipur,Ankit Lamba,MN Singh,Rex Rajkumar,0,0,,,,,,,,,
1205725,2019/20,2019-11-08,Greenfield Stadium,1,1.5,Rajasthan,Manipur,Ankit Lamba,MN Singh,Rex Rajkumar,0,0,,,,,,,,,
1205725,2019/20,2019-11-08,Greenfield Stadium,1,1.6,Rajasthan,Manipur,Ankit Lamba,MN Singh,Rex Rajkumar,0,0,,,,,,,,,
1205725,2019/20,2019-11-08,Greenfield Stadium,1,2.1,Rajasthan,Manipur,MN Singh,Ankit Lamba,Homendro Kabrambam,0,0,,,,,,,,,
1205725,2019/20,2019-11-08,Greenfield Stadium,1,2.2,Rajasthan,Manipur,MN Singh,Ankit Lamba,Homendro Kabrambam,4,0,,,,,,,,,
1205725,2019/20,2019-11-08,Greenfield Stadium,1,2.3,Rajasthan,Manipur,MN Singh,Ankit Lamba,Homendro Kabrambam,2,0,,,,,,,,,
1205725,2019/20,2019-11-08,Greenfield Stadium,1,2.4,Rajasthan,Manipur,MN Singh,Ankit Lamba,Homendro Kabrambam,1,0,,,,,,,,,
1205725,2019/20,2019-11-08,Greenfield Stadium,1,2.5,Rajasthan,Manipur,Ankit Lamba,MN Singh,Homendro Kabrambam,4,0,,,,,,,,,
1205725,2019/20,2019-11-08,Greenfield Stadium,1,2.6,Rajasthan,Manipur,Ankit Lamba,MN Singh,Homendro Kabrambam,0,0,,,,,,,,,
1205725,2019/20,2019-11-08,Greenfield Stadium,1,3.1,Rajasthan,Manipur,MN Singh,Ankit Lamba,Rex Rajkumar,0,0,,,,,,,,,
1205725,2019/20,2019-11-08,Greenfield Stadium,1,3.2,Rajasthan,Manipur,MN Singh,Ankit Lamba,Rex Rajkumar,0,0,,,,,,,,,
1205725,2019/20,2019-11-08,Greenfield Stadium,1,3.3,Rajasthan,Manipur,MN Singh,Ankit Lamba,Rex Rajkumar,0,0,,,,,,,,,
1205725,2019/20,2019-11-08,Greenfield Stadium,1,3.4,Rajasthan,Manipur,MN Singh,Ankit Lamba,Rex Rajkumar,0,0,,,,,,,,,
1205725,2019/20,2019-11-08,Greenfield Stadium,1,3.5,Rajasthan,Manipur,MN Singh,Ankit Lamba,Rex Rajkumar,4,0,,,,,,,,,
1205725,2019/20,2019-11-08,Greenfield Stadium,1,3.6,Rajasthan,Manipur,MN Singh,Ankit Lamba,Rex Rajkumar,2,0,,,,,,,,,
1205725,2019/20,2019-11-08,Greenfield Stadium,1,4.1,Rajasthan,Manipur,Ankit Lamba,MN Singh,Bishworjit Konthoujam,0,0,,,,,,,,,
1205725,2019/20,2019-11-08,Greenfield Stadium,1,4.2,Rajasthan,Manipur,Ankit Lamba,MN Singh,Bishworjit Konthoujam,1,0,,,,,,,,,
1205725,2019/20,2019-11-08,Greenfield Stadium,1,4.3,Rajasthan,Manipur,MN Singh,Ankit Lamba,Bishworjit Konthoujam,0,0,,,,,,,,,
1205725,2019/20,2019-11-08,Greenfield Stadium,1,4.4,Rajasthan,Manipur,MN Singh,Ankit Lamba,Bishworjit Konthoujam,2,0,,,,,,,,,
1205725,2019/20,2019-11-08,Greenfield Stadium,1,4.5,Rajasthan,Manipur,MN Singh,Ankit Lamba,Bishworjit Konthoujam,4,0,,,,,,,,,
1205725,2019/20,2019-11-08,Greenfield Stadium,1,4.6,Rajasthan,Manipur,MN Singh,Ankit Lamba,Bishworjit Konthoujam,0,0,,,,,,,,,
1205725,2019/20,2019-11-08,Greenfield Stadium,1,5.1,Rajasthan,Manipur,Ankit Lamba,MN Singh,Kangabam Singh,0,0,,,,,,,,,
1205725,2019/20,2019-11-08,Greenfield Stadium,1,5.2,Rajasthan,Manipur,Ankit Lamba,MN Singh,Kangabam Singh,0,0,,,,,,,,,
1205725,2019/20,2019-11-08,Greenfield Stadium,1,5.3,Rajasthan,Manipur,Ankit Lamba,MN Singh,Kangabam Singh,1,0,,,,,,,,,
1205725,2019/20,2019-11-08,Greenfield Stadium,1,5.4,Rajasthan,Manipur,MN Singh,Ankit Lamba,Kangabam Singh,4,0,,,,,,,,,
1205725,2019/20,2019-11-08,Greenfield Stadium,1,5.5,Rajasthan,Manipur,MN Singh,Ankit Lamba,Kangabam Singh,2,0,,,,,,,,,
1205725,2019/20,2019-11-08,Greenfield Stadium,1,5.6,Rajasthan,Manipur,MN Singh,Ankit Lamba,Kangabam Singh,4,0,,,,,,,,,
1205725,2019/20,2019-11-08,Greenfield Stadium,1,6.1,Rajasthan,Manipur,Ankit Lamba,MN Singh,Bishworjit Konthoujam,2,0,,,,,,,,,
1205725,2019/20,2019-11-08,Greenfield Stadium,1,6.2,Rajasthan,Manipur,Ankit Lamba,MN Singh,Bishworjit Konthoujam,1,0,,,,,,,,,
1205725,2019/20,2019-11-08,Greenfield Stadium,1,6.3,Rajasthan,Manipur,MN Singh,Ankit Lamba,Bishworjit Konthoujam,0,0,,,,,,,,,
1205725,2019/20,2019-11-08,Greenfield Stadium,1,6.4,Rajasthan,Manipur,MN Singh,Ankit Lamba,Bishworjit Konthoujam,0,0,,,,,,,,,
1205725,2019/20,2019-11-08,Greenfield Stadium,1,6.5,Rajasthan,Manipur,MN Singh,Ankit Lamba,Bishworjit Konthoujam,1,0,,,,,,,,,
1205725,2019/20,2019-11-08,Greenfield Stadium,1,6.6,Rajasthan,Manipur,Ankit Lamba,MN Singh,Bishworjit Konthoujam,0,0,,,,,,,,,
1205725,2019/20,2019-11-08,Greenfield Stadium,1,7.1,Rajasthan,Manipur,MN Singh,Ankit Lamba,Lamabam Singh,2,0,,,,,,,,,
1205725,2019/20,2019-11-08,Greenfield Stadium,1,7.2,Rajasthan,Manipur,MN Singh,Ankit Lamba,Lamabam Singh,1,0,,,,,,,,,
1205725,2019/20,2019-11-08,Greenfield Stadium,1,7.3,Rajasthan,Manipur,Ankit Lamba,MN Singh,Lamabam Singh,1,0,,,,,,,,,
1205725,2019/20,2019-11-08,Greenfield Stadium,1,7.4,Rajasthan,Manipur,MN Singh,Ankit Lamba,Lamabam Singh,1,0,,,,,,,,,
1205725,2019/20,2019-11-08,Greenfield Stadium,1,7.5,Rajasthan,Manipur,Ankit Lamba,MN Singh,Lamabam Singh,1,0,,,,,,,,,
1205725,2019/20,2019-11-08,Greenfield Stadium,1,7.6,Rajasthan,Manipur,MN Singh,Ankit Lamba,Lamabam Singh,4,0,,,,,,,,,
1205725,2019/20,2019-11-08,Greenfield Stadium,1,8.1,Rajasthan,Manipur,Ankit Lamba,MN Singh,Kangabam Singh,4,0,,,,,,,,,
1205725,2019/20,2019-11-08,Greenfield Stadium,1,8.2,Rajasthan,Manipur,Ankit Lamba,MN Singh,Kangabam Singh,1,0,,,,,,,,,
1205725,2019/20,2019-11-08,Greenfield Stadium,1,8.3,Rajasthan,Manipur,MN Singh,Ankit Lamba,Kangabam Singh,0,0,,,,,,,,,
1205725,2019/20,2019-11-08,Greenfield Stadium,1,8.4,Rajasthan,Manipur,MN Singh,Ankit Lamba,Kangabam Singh,2,0,,,,,,,,,
1205725,2019/20,2019-11-08,Greenfield Stadium,1,8.5,Rajasthan,Manipur,MN Singh,Ankit Lamba,Kangabam Singh,4,0,,,,,,,,,
1205725,2019/20,2019-11-08,Greenfield Stadium,1,8.6,Rajasthan,Manipur,MN Singh,Ankit Lamba,Kangabam Singh,0,0,,,,,,,,,
1205725,2019/20,2019-11-08,Greenfield Stadium,1,9.1,Rajasthan,Manipur,Ankit Lamba,MN Singh,Lamabam Singh,1,0,,,,,,,,,
1205725,2019/20,2019-11-08,Greenfield Stadium,1,9.2,Rajasthan,Manipur,MN Singh,Ankit Lamba,Lamabam Singh,0,0,,,,,,,,,
1205725,2019/20,2019-11-08,Greenfield Stadium,1,9.3,Rajasthan,Manipur,MN Singh,Ankit Lamba,Lamabam Singh,4,0,,,,,,,,,
1205725,2019/20,2019-11-08,Greenfield Stadium,1,9.4,Rajasthan,Manipur,MN Singh,Ankit Lamba,Lamabam Singh,0,0,,,,,,,,,
1205725,2019/20,2019-11-08,Greenfield Stadium,1,9.5,Rajasthan,Manipur,MN Singh,Ankit Lamba,Lamabam Singh,1,0,,,,,,,,,
1205725,2019/20,2019-11-08,Greenfield Stadium,1,9.6,Rajasthan,Manipur,Ankit Lamba,MN Singh,Lamabam Singh,0,0,,,,,,,,,
1205725,2019/20,2019-11-08,Greenfield Stadium,1,10.1,Rajasthan,Manipur,MN Singh,Ankit Lamba,Nitesh Sedai,1,0,,,,,,,,,
1205725,2019/20,2019-11-08,Greenfield Stadium,1,10.2,Rajasthan,Manipur,Ankit Lamba,MN Singh,Nitesh Sedai,1,0,,,,,,,,,
1205725,2019/20,2019-11-08,Greenfield Stadium,1,10.3,Rajasthan,Manipur,MN Singh,Ankit Lamba,Nitesh Sedai,1,0,,,,,,,,,
1205725,2019/20,2019-11-08,Greenfield Stadium,1,10.4,Rajasthan,Manipur,Ankit Lamba,MN Singh,Nitesh Sedai,2,0,,,,,,,,,
1205725,2019/20,2019-11-08,Greenfield Stadium,1,10.5,Rajasthan,Manipur,Ankit Lamba,MN Singh,Nitesh Sedai,0,0,,,,,,,,,
1205725,2019/20,2019-11-08,Greenfield Stadium,1,10.6,Rajasthan,Manipur,Ankit Lamba,MN Singh,Nitesh Sedai,1,0,,,,,,,,,
1205725,2019/20,2019-11-08,Greenfield Stadium,1,11.1,Rajasthan,Manipur,Ankit Lamba,MN Singh,Homendro Kabrambam,1,0,,,,,,,,,
1205725,2019/20,2019-11-08,Greenfield Stadium,1,11.2,Rajasthan,Manipur,MN Singh,Ankit Lamba,Homendro Kabrambam,0,0,,,,,,,,,
1205725,2019/20,2019-11-08,Greenfield Stadium,1,11.3,Rajasthan,Manipur,MN Singh,Ankit Lamba,Homendro Kabrambam,1,0,,,,,,,,,
1205725,2019/20,2019-11-08,Greenfield Stadium,1,11.4,Rajasthan,Manipur,Ankit Lamba,MN Singh,Homendro Kabrambam,1,0,,,,,,,,,
1205725,2019/20,2019-11-08,Greenfield Stadium,1,11.5,Rajasthan,Manipur,MN Singh,Ankit Lamba,Homendro Kabrambam,1,0,,,,,,,,,
1205725,2019/20,2019-11-08,Greenfield Stadium,1,11.6,Rajasthan,Manipur,Ankit Lamba,MN Singh,Homendro Kabrambam,1,0,,,,,,,,,
1205725,2019/20,2019-11-08,Greenfield Stadium,1,12.1,Rajasthan,Manipur,Ankit Lamba,MN Singh,Nitesh Sedai,4,0,,,,,,,,,
1205725,2019/20,2019-11-08,Greenfield Stadium,1,12.2,Rajasthan,Manipur,Ankit Lamba,MN Singh,Nitesh Sedai,1,0,,,,,,,,,
1205725,2019/20,2019-11-08,Greenfield Stadium,1,12.3,Rajasthan,Manipur,MN Singh,Ankit Lamba,Nitesh Sedai,6,0,,,,,,,,,
1205725,2019/20,2019-11-08,Greenfield Stadium,1,12.4,Rajasthan,Manipur,MN Singh,Ankit Lamba,Nitesh Sedai,2,0,,,,,,,,,
1205725,2019/20,2019-11-08,Greenfield Stadium,1,12.5,Rajasthan,Manipur,MN Singh,Ankit Lamba,Nitesh Sedai,6,0,,,,,,,,,
1205725,2019/20,2019-11-08,Greenfield Stadium,1,12.6,Rajasthan,Manipur,MN Singh,Ankit Lamba,Nitesh Sedai,1,0,,,,,,,,,
1205725,2019/20,2019-11-08,Greenfield Stadium,1,13.1,Rajasthan,Manipur,MN Singh,Ankit Lamba,Rex Rajkumar,1,0,,,,,,,,,
1205725,2019/20,2019-11-08,Greenfield Stadium,1,13.2,Rajasthan,Manipur,Ankit Lamba,MN Singh,Rex Rajkumar,1,0,,,,,,,,,
1205725,2019/20,2019-11-08,Greenfield Stadium,1,13.3,Rajasthan,Manipur,MN Singh,Ankit Lamba,Rex Rajkumar,1,0,,,,,,,,,
1205725,2019/20,2019-11-08,Greenfield Stadium,1,13.4,Rajasthan,Manipur,Ankit Lamba,MN Singh,Rex Rajkumar,2,0,,,,,,,,,
1205725,2019/20,2019-11-08,Greenfield Stadium,1,13.5,Rajasthan,Manipur,Ankit Lamba,MN Singh,Rex Rajkumar,1,0,,,,,,,,,
1205725,2019/20,2019-11-08,Greenfield Stadium,1,13.6,Rajasthan,Manipur,MN Singh,Ankit Lamba,Rex Rajkumar,1,0,,,,,,,,,
1205725,2019/20,2019-11-08,Greenfield Stadium,1,14.1,Rajasthan,Manipur,MN Singh,Ankit Lamba,Bishworjit Konthoujam,1,0,,,,,,,,,
1205725,2019/20,2019-11-08,Greenfield Stadium,1,14.2,Rajasthan,Manipur,Ankit Lamba,MN Singh,Bishworjit Konthoujam,1,0,,,,,,,,,
1205725,2019/20,2019-11-08,Greenfield Stadium,1,14.3,Rajasthan,Manipur,MN Singh,Ankit Lamba,Bishworjit Konthoujam,2,0,,,,,,,,,
1205725,2019/20,2019-11-08,Greenfield Stadium,1,14.4,Rajasthan,Manipur,MN Singh,Ankit Lamba,Bishworjit Konthoujam,0,0,,,,,,caught,MN Singh,,
1205725,2019/20,2019-11-08,Greenfield Stadium,1,14.5,Rajasthan,Manipur,Ankit Lamba,MK Lomror,Bishworjit Konthoujam,1,0,,,,,,,,,
1205725,2019/20,2019-11-08,Greenfield Stadium,1,14.6,Rajasthan,Manipur,MK Lomror,Ankit Lamba,Bishworjit Konthoujam,0,0,,,,,,,,,
1205725,2019/20,2019-11-08,Greenfield Stadium,1,15.1,Rajasthan,Manipur,Ankit Lamba,MK Lomror,Sultan Karim,0,1,1,,,,,,,,
1205725,2019/20,2019-11-08,Greenfield Stadium,1,15.2,Rajasthan,Manipur,Ankit Lamba,MK Lomror,Sultan Karim,4,0,,,,,,,,,
1205725,2019/20,2019-11-08,Greenfield Stadium,1,15.3,Rajasthan,Manipur,Ankit Lamba,MK Lomror,Sultan Karim,1,0,,,,,,,,,
1205725,2019/20,2019-11-08,Greenfield Stadium,1,15.4,Rajasthan,Manipur,MK Lomror,Ankit Lamba,Sultan Karim,0,0,,,,,,,,,
1205725,2019/20,2019-11-08,Greenfield Stadium,1,15.5,Rajasthan,Manipur,MK Lomror,Ankit Lamba,Sultan Karim,0,0,,,,,,,,,
1205725,2019/20,2019-11-08,Greenfield Stadium,1,15.6,Rajasthan,Manipur,MK Lomror,Ankit Lamba,Sultan Karim,1,0,,,,,,,,,
1205725,2019/20,2019-11-08,Greenfield Stadium,1,15.7,Rajasthan,Manipur,Ankit Lamba,MK Lomror,Sultan Karim,0,0,,,,,,caught,Ankit Lamba,,
1205725,2019/20,2019-11-08,Greenfield Stadium,1,16.1,Rajasthan,Manipur,MK Lomror,Aditya Garhwal,Rex Rajkumar,1,0,,,,,,,,,
1205725,2019/20,2019-11-08,Greenfield Stadium,1,16.2,Rajasthan,Manipur,Aditya Garhwal,MK Lomror,Rex Rajkumar,0,1,,,,1,,,,,
1205725,2019/20,2019-11-08,Greenfield Stadium,1,16.3,Rajasthan,Manipur,MK Lomror,Aditya Garhwal,Rex Rajkumar,0,0,,,,,,,,,
1205725,2019/20,2019-11-08,Greenfield Stadium,1,16.4,Rajasthan,Manipur,MK Lomror,Aditya Garhwal,Rex Rajkumar,6,0,,,,,,,,,
1205725,2019/20,2019-11-08,Greenfield Stadium,1,16.5,Rajasthan,Manipur,MK Lomror,Aditya Garhwal,Rex Rajkumar,1,0,,,,,,,,,
1205725,2019/20,2019-11-08,Greenfield Stadium,1,16.6,Rajasthan,Manipur,Aditya Garhwal,MK Lomror,Rex Rajkumar,1,0,,,,,,,,,
1205725,2019/20,2019-11-08,Greenfield Stadium,1,17.1,Rajasthan,Manipur,Aditya Garhwal,MK Lomror,Sultan Karim,0,0,,,,,,caught and bowled,Aditya Garhwal,,
1205725,2019/20,2019-11-08,Greenfield Stadium,1,17.2,Rajasthan,Manipur,Arjit Gupta,MK Lomror,Sultan Karim,2,0,,,,,,,,,
1205725,2019/20,2019-11-08,Greenfield Stadium,1,17.3,Rajasthan,Manipur,Arjit Gupta,MK Lomror,Sultan Karim,1,0,,,,,,,,,
1205725,2019/20,2019-11-08,Greenfield Stadium,1,17.4,Rajasthan,Manipur,MK Lomror,Arjit Gupta,Sultan Karim,1,0,,,,,,,,,
1205725,2019/20,2019-11-08,Greenfield Stadium,1,17.5,Rajasthan,Manipur,Arjit Gupta,MK Lomror,Sultan Karim,1,0,,,,,,,,,
1205725,2019/20,2019-11-08,Greenfield Stadium,1,17.6,Rajasthan,Manipur,MK Lomror,Arjit Gupta,Sultan Karim,1,0,,,,,,,,,
1205725,2019/20,2019-11-08,Greenfield Stadium,1,18.1,Rajasthan,Manipur,MK Lomror,Arjit Gupta,Bishworjit Konthoujam,1,0,,,,,,,,,
1205725,2019/20,2019-11-08,Greenfield Stadium,1,18.2,Rajasthan,Manipur,Arjit Gupta,MK Lomror,Bishworjit Konthoujam,4,0,,,,,,,,,
1205725,2019/20,2019-11-08,Greenfield Stadium,1,18.3,Rajasthan,Manipur,Arjit Gupta,MK Lomror,Bishworjit Konthoujam,1,0,,,,,,,,,
1205725,2019/20,2019-11-08,Greenfield Stadium,1,18.4,Rajasthan,Manipur,MK Lomror,Arjit Gupta,Bishworjit Konthoujam,0,0,,,,,,,,,
1205725,2019/20,2019-11-08,Greenfield Stadium,1,18.5,Rajasthan,Manipur,MK Lomror,Arjit Gupta,Bishworjit Konthoujam,0,1,,,,1,,,,,
1205725,2019/20,2019-11-08,Greenfield Stadium,1,18.6,Rajasthan,Manipur,Arjit Gupta,MK Lomror,Bishworjit Konthoujam,0,0,,,,,,,,,
1205725,2019/20,2019-11-08,Greenfield Stadium,1,19.1,Rajasthan,Manipur,MK Lomror,Arjit Gupta,Sultan Karim,6,0,,,,,,,,,
1205725,2019/20,2019-11-08,Greenfield Stadium,1,19.2,Rajasthan,Manipur,MK Lomror,Arjit Gupta,Sultan Karim,1,0,,,,,,,,,
1205725,2019/20,2019-11-08,Greenfield Stadium,1,19.3,Rajasthan,Manipur,Arjit Gupta,MK Lomror,Sultan Karim,6,0,,,,,,,,,
1205725,2019/20,2019-11-08,Greenfield Stadium,1,19.4,Rajasthan,Manipur,Arjit Gupta,MK Lomror,Sultan Karim,0,0,,,,,,caught,Arjit Gupta,,
1205725,2019/20,2019-11-08,Greenfield Stadium,1,19.5,Rajasthan,Manipur,MK Lomror,R Bishnoi,Sultan Karim,1,0,,,,,,,,,
1205725,2019/20,2019-11-08,Greenfield Stadium,1,19.6,Rajasthan,Manipur,R Bishnoi,MK Lomror,Sultan Karim,6,0,,,,,,,,,
1205725,2019/20,2019-11-08,Greenfield Stadium,2,0.1,Manipur,Rajasthan,P Prafullomani,Al Bashid Muhammed,Tanveer Ul-Haq,0,0,,,,,,bowled,P Prafullomani,,
1205725,2019/20,2019-11-08,Greenfield Stadium,2,0.2,Manipur,Rajasthan,Narsingh Yadav,Al Bashid Muhammed,Tanveer Ul-Haq,0,0,,,,,,lbw,Narsingh Yadav,,
1205725,2019/20,2019-11-08,Greenfield Stadium,2,0.3,Manipur,Rajasthan,Johnson Singh,Al Bashid Muhammed,Tanveer Ul-Haq,0,0,,,,,,,,,
1205725,2019/20,2019-11-08,Greenfield Stadium,2,0.4,Manipur,Rajasthan,Johnson Singh,Al Bashid Muhammed,Tanveer Ul-Haq,0,0,,,,,,bowled,Johnson Singh,,
1205725,2019/20,2019-11-08,Greenfield Stadium,2,0.5,Manipur,Rajasthan,Kangabam Singh,Al Bashid Muhammed,Tanveer Ul-Haq,0,0,,,,,,,,,
1205725,2019/20,2019-11-08,Greenfield Stadium,2,0.6,Manipur,Rajasthan,Kangabam Singh,Al Bashid Muhammed,Tanveer Ul-Haq,0,0,,,,,,,,,
1205725,2019/20,2019-11-08,Greenfield Stadium,2,1.1,Manipur,Rajasthan,Al Bashid Muhammed,Kangabam Singh,A Choudhary,0,0,,,,,,,,,
1205725,2019/20,2019-11-08,Greenfield Stadium,2,1.2,Manipur,Rajasthan,Al Bashid Muhammed,Kangabam Singh,A Choudhary,0,0,,,,,,,,,
1205725,2019/20,2019-11-08,Greenfield Stadium,2,1.3,Manipur,Rajasthan,Al Bashid Muhammed,Kangabam Singh,A Choudhary,0,0,,,,,,,,,
1205725,2019/20,2019-11-08,Greenfield Stadium,2,1.4,Manipur,Rajasthan,Al Bashid Muhammed,Kangabam Singh,A Choudhary,1,0,,,,,,,,,
1205725,2019/20,2019-11-08,Greenfield Stadium,2,1.5,Manipur,Rajasthan,Kangabam Singh,Al Bashid Muhammed,A Choudhary,0,0,,,,,,,,,
1205725,2019/20,2019-11-08,Greenfield Stadium,2,1.6,Manipur,Rajasthan,Kangabam Singh,Al Bashid Muhammed,A Choudhary,1,0,,,,,,,,,
1205725,2019/20,2019-11-08,Greenfield Stadium,2,2.1,Manipur,Rajasthan,Kangabam Singh,Al Bashid Muhammed,Tanveer Ul-Haq,1,0,,,,,,,,,
1205725,2019/20,2019-11-08,Greenfield Stadium,2,2.2,Manipur,Rajasthan,Al Bashid Muhammed,Kangabam Singh,Tanveer Ul-Haq,0,0,,,,,,,,,
1205725,2019/20,2019-11-08,Greenfield Stadium,2,2.3,Manipur,Rajasthan,Al Bashid Muhammed,Kangabam Singh,Tanveer Ul-Haq,0,0,,,,,,caught,Al Bashid Muhammed,,
1205725,2019/20,2019-11-08,Greenfield Stadium,2,2.4,Manipur,Rajasthan,Sultan Karim,Kangabam Singh,Tanveer Ul-Haq,0,0,,,,,,,,,
1205725,2019/20,2019-11-08,Greenfield Stadium,2,2.5,Manipur,Rajasthan,Sultan Karim,Kangabam Singh,Tanveer Ul-Haq,0,0,,,,,,,,,
1205725,2019/20,2019-11-08,Greenfield Stadium,2,2.6,Manipur,Rajasthan,Sultan Karim,Kangabam Singh,Tanveer Ul-Haq,0,0,,,,,,,,,
1205725,2019/20,2019-11-08,Greenfield Stadium,2,3.1,Manipur,Rajasthan,Kangabam Singh,Sultan Karim,A Choudhary,4,0,,,,,,,,,
1205725,2019/20,2019-11-08,Greenfield Stadium,2,3.2,Manipur,Rajasthan,Kangabam Singh,Sultan Karim,A Choudhary,0,0,,,,,,,,,
1205725,2019/20,2019-11-08,Greenfield Stadium,2,3.3,Manipur,Rajasthan,Kangabam Singh,Sultan Karim,A Choudhary,0,0,,,,,,,,,
1205725,2019/20,2019-11-08,Greenfield Stadium,2,3.4,Manipur,Rajasthan,Kangabam Singh,Sultan Karim,A Choudhary,0,0,,,,,,,,,
1205725,2019/20,2019-11-08,Greenfield Stadium,2,3.5,Manipur,Rajasthan,Kangabam Singh,Sultan Karim,A Choudhary,0,0,,,,,,,,,
1205725,2019/20,2019-11-08,Greenfield Stadium,2,3.6,Manipur,Rajasthan,Kangabam Singh,Sultan Karim,A Choudhary,1,0,,,,,,,,,
1205725,2019/20,2019-11-08,Greenfield Stadium,2,4.1,Manipur,Rajasthan,Kangabam Singh,Sultan Karim,Tanveer Ul-Haq,0,0,,,,,,,,,
1205725,2019/20,2019-11-08,Greenfield Stadium,2,4.2,Manipur,Rajasthan,Kangabam Singh,Sultan Karim,Tanveer Ul-Haq,0,0,,,,,,,,,
1205725,2019/20,2019-11-08,Greenfield Stadium,2,4.3,Manipur,Rajasthan,Kangabam Singh,Sultan Karim,Tanveer Ul-Haq,0,0,,,,,,,,,
1205725,2019/20,2019-11-08,Greenfield Stadium,2,4.4,Manipur,Rajasthan,Kangabam Singh,Sultan Karim,Tanveer Ul-Haq,0,0,,,,,,,,,
1205725,2019/20,2019-11-08,Greenfield Stadium,2,4.5,Manipur,Rajasthan,Kangabam Singh,Sultan Karim,Tanveer Ul-Haq,1,0,,,,,,,,,
1205725,2019/20,2019-11-08,Greenfield Stadium,2,4.6,Manipur,Rajasthan,Sultan Karim,Kangabam Singh,Tanveer Ul-Haq,0,0,,,,,,,,,
1205725,2019/20,2019-11-08,Greenfield Stadium,2,5.1,Manipur,Rajasthan,Kangabam Singh,Sultan Karim,AR Lamba,0,0,,,,,,,,,
1205725,2019/20,2019-11-08,Greenfield Stadium,2,5.2,Manipur,Rajasthan,Kangabam Singh,Sultan Karim,AR Lamba,1,0,,,,,,,,,
1205725,2019/20,2019-11-08,Greenfield Stadium,2,5.3,Manipur,Rajasthan,Sultan Karim,Kangabam Singh,AR Lamba,1,0,,,,,,,,,
1205725,2019/20,2019-11-08,Greenfield Stadium,2,5.4,Manipur,Rajasthan,Kangabam Singh,Sultan Karim,AR Lamba,0,0,,,,,,,,,
1205725,2019/20,2019-11-08,Greenfield Stadium,2,5.5,Manipur,Rajasthan,Kangabam Singh,Sultan Karim,AR Lamba,1,0,,,,,,,,,
1205725,2019/20,2019-11-08,Greenfield Stadium,2,5.6,Manipur,Rajasthan,Sultan Karim,Kangabam Singh,AR Lamba,0,0,,,,,,,,,
1205725,2019/20,2019-11-08,Greenfield Stadium,2,6.1,Manipur,Rajasthan,Kangabam Singh,Sultan Karim,CP Singh,0,0,,,,,,,,,
1205725,2019/20,2019-11-08,Greenfield Stadium,2,6.2,Manipur,Rajasthan,Kangabam Singh,Sultan Karim,CP Singh,1,0,,,,,,,,,
1205725,2019/20,2019-11-08,Greenfield Stadium,2,6.3,Manipur,Rajasthan,Sultan Karim,Kangabam Singh,CP Singh,0,0,,,,,,stumped,Sultan Karim,,
1205725,2019/20,2019-11-08,Greenfield Stadium,2,6.4,Manipur,Rajasthan,Nitesh Sedai,Kangabam Singh,CP Singh,0,1,,,,1,,,,,
1205725,2019/20,2019-11-08,Greenfield Stadium,2,6.5,Manipur,Rajasthan,Kangabam Singh,Nitesh Sedai,CP Singh,0,0,,,,,,,,,
1205725,2019/20,2019-11-08,Greenfield Stadium,2,6.6,Manipur,Rajasthan,Kangabam Singh,Nitesh Sedai,CP Singh,0,0,,,,,,,,,
1205725,2019/20,2019-11-08,Greenfield Stadium,2,7.1,Manipur,Rajasthan,Nitesh Sedai,Kangabam Singh,AR Lamba,0,0,,,,,,,,,
1205725,2019/20,2019-11-08,Greenfield Stadium,2,7.2,Manipur,Rajasthan,Nitesh Sedai,Kangabam Singh,AR Lamba,1,0,,,,,,,,,
1205725,2019/20,2019-11-08,Greenfield Stadium,2,7.3,Manipur,Rajasthan,Kangabam Singh,Nitesh Sedai,AR Lamba,0,0,,,,,,,,,
1205725,2019/20,2019-11-08,Greenfield Stadium,2,7.4,Manipur,Rajasthan,Kangabam Singh,Nitesh Sedai,AR Lamba,1,0,,,,,,,,,
1205725,2019/20,2019-11-08,Greenfield Stadium,2,7.5,Manipur,Rajasthan,Nitesh Sedai,Kangabam Singh,AR Lamba,0,0,,,,,,,,,
1205725,2019/20,2019-11-08,Greenfield Stadium,2,7.6,Manipur,Rajasthan,Nitesh Sedai,Kangabam Singh,AR Lamba,0,0,,,,,,caught,Nitesh Sedai,,
1205725,2019/20,2019-11-08,Greenfield Stadium,2,8.1,Manipur,Rajasthan,Kangabam Singh,Homendro Kabrambam,CP Singh,1,0,,,,,,,,,
1205725,2019/20,2019-11-08,Greenfield Stadium,2,8.2,Manipur,Rajasthan,Homendro Kabrambam,Kangabam Singh,CP Singh,0,0,,,,,,,,,
1205725,2019/20,2019-11-08,Greenfield Stadium,2,8.3,Manipur,Rajasthan,Homendro Kabrambam,Kangabam Singh,CP Singh,6,0,,,,,,,,,
1205725,2019/20,2019-11-08,Greenfield Stadium,2,8.4,Manipur,Rajasthan,Homendro Kabrambam,Kangabam Singh,CP Singh,0,0,,,,,,,,,
1205725,2019/20,2019-11-08,Greenfield Stadium,2,8.5,Manipur,Rajasthan,Homendro Kabrambam,Kangabam Singh,CP Singh,0,0,,,,,,,,,
1205725,2019/20,2019-11-08,Greenfield Stadium,2,8.6,Manipur,Rajasthan,Homendro Kabrambam,Kangabam Singh,CP Singh,1,0,,,,,,,,,
1205725,2019/20,2019-11-08,Greenfield Stadium,2,9.1,Manipur,Rajasthan,Homendro Kabrambam,Kangabam Singh,Ravi Bishnoi,0,0,,,,,,,,,
1205725,2019/20,2019-11-08,Greenfield Stadium,2,9.2,Manipur,Rajasthan,Homendro Kabrambam,Kangabam Singh,Ravi Bishnoi,0,0,,,,,,,,,
1205725,2019/20,2019-11-08,Greenfield Stadium,2,9.3,Manipur,Rajasthan,Homendro Kabrambam,Kangabam Singh,Ravi Bishnoi,0,0,,,,,,,,,
1205725,2019/20,2019-11-08,Greenfield Stadium,2,9.4,Manipur,Rajasthan,Homendro Kabrambam,Kangabam Singh,Ravi Bishnoi,1,0,,,,,,,,,
1205725,2019/20,2019-11-08,Greenfield Stadium,2,9.5,Manipur,Rajasthan,Kangabam Singh,Homendro Kabrambam,Ravi Bishnoi,0,0,,,,,,,,,
1205725,2019/20,2019-11-08,Greenfield Stadium,2,9.6,Manipur,Rajasthan,Kangabam Singh,Homendro Kabrambam,Ravi Bishnoi,0,0,,,,,,,,,
1205725,2019/20,2019-11-08,Greenfield Stadium,2,10.1,Manipur,Rajasthan,Homendro Kabrambam,Kangabam Singh,CP Singh,0,0,,,,,,,,,
1205725,2019/20,2019-11-08,Greenfield Stadium,2,10.2,Manipur,Rajasthan,Homendro Kabrambam,Kangabam Singh,CP Singh,0,0,,,,,,,,,
1205725,2019/20,2019-11-08,Greenfield Stadium,2,10.3,Manipur,Rajasthan,Homendro Kabrambam,Kangabam Singh,CP Singh,0,0,,,,,,,,,
1205725,2019/20,2019-11-08,Greenfield Stadium,2,10.4,Manipur,Rajasthan,Homendro Kabrambam,Kangabam Singh,CP Singh,0,0,,,,,,,,,
1205725,2019/20,2019-11-08,Greenfield Stadium,2,10.5,Manipur,Rajasthan,Homendro Kabrambam,Kangabam Singh,CP Singh,1,0,,,,,,,,,
1205725,2019/20,2019-11-08,Greenfield Stadium,2,10.6,Manipur,Rajasthan,Kangabam Singh,Homendro Kabrambam,CP Singh,1,0,,,,,,,,,
1205725,2019/20,2019-11-08,Greenfield Stadium,2,11.1,Manipur,Rajasthan,Kangabam Singh,Homendro Kabrambam,Ravi Bishnoi,4,0,,,,,,,,,
1205725,2019/20,2019-11-08,Greenfield Stadium,2,11.2,Manipur,Rajasthan,Kangabam Singh,Homendro Kabrambam,Ravi Bishnoi,6,0,,,,,,,,,
1205725,2019/20,2019-11-08,Greenfield Stadium,2,11.3,Manipur,Rajasthan,Kangabam Singh,Homendro Kabrambam,Ravi Bishnoi,1,0,,,,,,,,,
1205725,2019/20,2019-11-08,Greenfield Stadium,2,11.4,Manipur,Rajasthan,Homendro Kabrambam,Kangabam Singh,Ravi Bishnoi,0,0,,,,,,caught,Homendro Kabrambam,,
1205725,2019/20,2019-11-08,Greenfield Stadium,2,11.5,Manipur,Rajasthan,Kangabam Singh,Rex Rajkumar,Ravi Bishnoi,0,0,,,,,,,,,
1205725,2019/20,2019-11-08,Greenfield Stadium,2,11.6,Manipur,Rajasthan,Kangabam Singh,Rex Rajkumar,Ravi Bishnoi,1,0,,,,,,,,,
1205725,2019/20,2019-11-08,Greenfield Stadium,2,12.1,Manipur,Rajasthan,Kangabam Singh,Rex Rajkumar,CP Singh,1,0,,,,,,,,,
1205725,2019/20,2019-11-08,Greenfield Stadium,2,12.2,Manipur,Rajasthan,Rex Rajkumar,Kangabam Singh,CP Singh,0,0,,,,,,,,,
1205725,2019/20,2019-11-08,Greenfield Stadium,2,12.3,Manipur,Rajasthan,Rex Rajkumar,Kangabam Singh,CP Singh,0,0,,,,,,,,,
1205725,2019/20,2019-11-08,Greenfield Stadium,2,12.4,Manipur,Rajasthan,Rex Rajkumar,Kangabam Singh,CP Singh,1,0,,,,,,,,,
1205725,2019/20,2019-11-08,Greenfield Stadium,2,12.5,Manipur,Rajasthan,Kangabam Singh,Rex Rajkumar,CP Singh,0,0,,,,,,,,,
1205725,2019/20,2019-11-08,Greenfield Stadium,2,12.6,Manipur,Rajasthan,Kangabam Singh,Rex Rajkumar,CP Singh,1,0,,,,,,,,,
1205725,2019/20,2019-11-08,Greenfield Stadium,2,13.1,Manipur,Rajasthan,Kangabam Singh,Rex Rajkumar,Ravi Bishnoi,1,0,,,,,,,,,
1205725,2019/20,2019-11-08,Greenfield Stadium,2,13.2,Manipur,Rajasthan,Rex Rajkumar,Kangabam Singh,Ravi Bishnoi,1,0,,,,,,,,,
1205725,2019/20,2019-11-08,Greenfield Stadium,2,13.3,Manipur,Rajasthan,Kangabam Singh,Rex Rajkumar,Ravi Bishnoi,0,0,,,,,,,,,
1205725,2019/20,2019-11-08,Greenfield Stadium,2,13.4,Manipur,Rajasthan,Kangabam Singh,Rex Rajkumar,Ravi Bishnoi,4,0,,,,,,,,,
1205725,2019/20,2019-11-08,Greenfield Stadium,2,13.5,Manipur,Rajasthan,Kangabam Singh,Rex Rajkumar,Ravi Bishnoi,2,0,,,,,,,,,
1205725,2019/20,2019-11-08,Greenfield Stadium,2,13.6,Manipur,Rajasthan,Kangabam Singh,Rex Rajkumar,Ravi Bishnoi,0,0,,,,,,,,,
1205725,2019/20,2019-11-08,Greenfield Stadium,2,14.1,Manipur,Rajasthan,Rex Rajkumar,Kangabam Singh,Tanveer Ul-Haq,0,0,,,,,,,,,
1205725,2019/20,2019-11-08,Greenfield Stadium,2,14.2,Manipur,Rajasthan,Rex Rajkumar,Kangabam Singh,Tanveer Ul-Haq,0,0,,,,,,,,,
1205725,2019/20,2019-11-08,Greenfield Stadium,2,14.3,Manipur,Rajasthan,Rex Rajkumar,Kangabam Singh,Tanveer Ul-Haq,1,0,,,,,,,,,
1205725,2019/20,2019-11-08,Greenfield Stadium,2,14.4,Manipur,Rajasthan,Kangabam Singh,Rex Rajkumar,Tanveer Ul-Haq,2,0,,,,,,,,,
1205725,2019/20,2019-11-08,Greenfield Stadium,2,14.5,Manipur,Rajasthan,Kangabam Singh,Rex Rajkumar,Tanveer Ul-Haq,1,0,,,,,,,,,
1205725,2019/20,2019-11-08,Greenfield Stadium,2,14.6,Manipur,Rajasthan,Rex Rajkumar,Kangabam Singh,Tanveer Ul-Haq,1,0,,,,,,,,,
1205725,2019/20,2019-11-08,Greenfield Stadium,2,15.1,Manipur,Rajasthan,Rex Rajkumar,Kangabam Singh,Ravi Bishnoi,0,0,,,,,,caught,Rex Rajkumar,,
1205725,2019/20,2019-11-08,Greenfield Stadium,2,15.2,Manipur,Rajasthan,Bishworjit Konthoujam,Kangabam Singh,Ravi Bishnoi,0,0,,,,,,,,,
1205725,2019/20,2019-11-08,Greenfield Stadium,2,15.3,Manipur,Rajasthan,Bishworjit Konthoujam,Kangabam Singh,Ravi Bishnoi,0,0,,,,,,,,,
1205725,2019/20,2019-11-08,Greenfield Stadium,2,15.4,Manipur,Rajasthan,Bishworjit Konthoujam,Kangabam Singh,Ravi Bishnoi,0,0,,,,,,,,,
1205725,2019/20,2019-11-08,Greenfield Stadium,2,15.5,Manipur,Rajasthan,Bishworjit Konthoujam,Kangabam Singh,Ravi Bishnoi,1,0,,,,,,,,,
1205725,2019/20,2019-11-08,Greenfield Stadium,2,15.6,Manipur,Rajasthan,Kangabam Singh,Bishworjit Konthoujam,Ravi Bishnoi,1,0,,,,,,,,,
1205725,2019/20,2019-11-08,Greenfield Stadium,2,16.1,Manipur,Rajasthan,Kangabam Singh,Bishworjit Konthoujam,A Choudhary,0,0,,,,,,,,,
1205725,2019/20,2019-11-08,Greenfield Stadium,2,16.2,Manipur,Rajasthan,Kangabam Singh,Bishworjit Konthoujam,A Choudhary,0,0,,,,,,,,,
1205725,2019/20,2019-11-08,Greenfield Stadium,2,16.3,Manipur,Rajasthan,Kangabam Singh,Bishworjit Konthoujam,A Choudhary,1,1,,1,,,,,,,
1205725,2019/20,2019-11-08,Greenfield Stadium,2,16.4,Manipur,Rajasthan,Bishworjit Konthoujam,Kangabam Singh,A Choudhary,0,0,,,,,,,,,
1205725,2019/20,2019-11-08,Greenfield Stadium,2,16.5,Manipur,Rajasthan,Bishworjit Konthoujam,Kangabam Singh,A Choudhary,0,0,,,,,,,,,
1205725,2019/20,2019-11-08,Greenfield Stadium,2,16.6,Manipur,Rajasthan,Bishworjit Konthoujam,Kangabam Singh,A Choudhary,0,0,,,,,,bowled,Bishworjit Konthoujam,,
1205725,2019/20,2019-11-08,Greenfield Stadium,2,16.7,Manipur,Rajasthan,Lamabam Singh,Kangabam Singh,A Choudhary,0,0,,,,,,,,,
1205725,2019/20,2019-11-08,Greenfield Stadium,2,17.1,Manipur,Rajasthan,Kangabam Singh,Lamabam Singh,AR Lamba,0,0,,,,,,,,,
1205725,2019/20,2019-11-08,Greenfield Stadium,2,17.2,Manipur,Rajasthan,Kangabam Singh,Lamabam Singh,AR Lamba,0,0,,,,,,,,,
1205725,2019/20,2019-11-08,Greenfield Stadium,2,17.3,Manipur,Rajasthan,Kangabam Singh,Lamabam Singh,AR Lamba,0,0,,,,,,,,,
1205725,2019/20,2019-11-08,Greenfield Stadium,2,17.4,Manipur,Rajasthan,Kangabam Singh,Lamabam Singh,AR Lamba,0,0,,,,,,,,,
1205725,2019/20,2019-11-08,Greenfield Stadium,2,17.5,Manipur,Rajasthan,Kangabam Singh,Lamabam Singh,AR Lamba,1,0,,,,,,,,,
1205725,2019/20,2019-11-08,Greenfield Stadium,2,17.6,Manipur,Rajasthan,Lamabam Singh,Kangabam Singh,AR Lamba,0,0,,,,,,,,,
1205725,2019/20,2019-11-08,Greenfield Stadium,2,18.1,Manipur,Rajasthan,Kangabam Singh,Lamabam Singh,A Choudhary,0,0,,,,,,,,,
1205725,2019/20,2019-11-08,Greenfield Stadium,2,18.2,Manipur,Rajasthan,Kangabam Singh,Lamabam Singh,A Choudhary,0,0,,,,,,,,,
1205725,2019/20,2019-11-08,Greenfield Stadium,2,18.3,Manipur,Rajasthan,Kangabam Singh,Lamabam Singh,A Choudhary,2,0,,,,,,,,,
1205725,2019/20,2019-11-08,Greenfield Stadium,2,18.4,Manipur,Rajasthan,Kangabam Singh,Lamabam Singh,A Choudhary,0,0,,,,,,,,,
1205725,2019/20,2019-11-08,Greenfield Stadium,2,18.5,Manipur,Rajasthan,Kangabam Singh,Lamabam Singh,A Choudhary,1,0,,,,,,,,,
1205725,2019/20,2019-11-08,Greenfield Stadium,2,18.6,Manipur,Rajasthan,Lamabam Singh,Kangabam Singh,A Choudhary,0,0,,,,,,,,,
1205725,2019/20,2019-11-08,Greenfield Stadium,2,19.1,Manipur,Rajasthan,Kangabam Singh,Lamabam Singh,AR Lamba,6,0,,,,,,,,,
1205725,2019/20,2019-11-08,Greenfield Stadium,2,19.2,Manipur,Rajasthan,Kangabam Singh,Lamabam Singh,AR Lamba,0,0,,,,,,,,,
1205725,2019/20,2019-11-08,Greenfield Stadium,2,19.3,Manipur,Rajasthan,Kangabam Singh,Lamabam Singh,AR Lamba,0,0,,,,,,,,,
1205725,2019/20,2019-11-08,Greenfield Stadium,2,19.4,Manipur,Rajasthan,Kangabam Singh,Lamabam Singh,AR Lamba,4,0,,,,,,,,,
1205725,2019/20,2019-11-08,Greenfield Stadium,2,19.5,Manipur,Rajasthan,Kangabam Singh,Lamabam Singh,AR Lamba,0,0,,,,,,,,,
1205725,2019/20,2019-11-08,Greenfield Stadium,2,19.6,Manipur,Rajasthan,Kangabam Singh,Lamabam Singh,AR Lamba,1,0,,,,,,,,,
