match_id,season,start_date,venue,innings,ball,batting_team,bowling_team,striker,non_striker,bowler,runs_off_bat,extras,wides,noballs,byes,legbyes,penalty,wicket_type,player_dismissed,other_wicket_type,other_player_dismissed
1244383,2020/21,2021-01-18,Alur Cricket Stadium III,1,0.1,Punjab,Tripura,P Simran Singh,Abhishek Sharma,Manisankar Murasingh,4,0,,,,,,,,,
1244383,2020/21,2021-01-18,Alur Cricket Stadium III,1,0.2,Punjab,Tripura,P Simran Singh,Abhishek Sharma,Manisankar Murasingh,0,0,,,,,,,,,
1244383,2020/21,2021-01-18,Alur Cricket Stadium III,1,0.3,Punjab,Tripura,P Simran Singh,Abhishek Sharma,Manisankar Murasingh,0,0,,,,,,,,,
1244383,2020/21,2021-01-18,Alur Cricket Stadium III,1,0.4,Punjab,Tripura,P Simran Singh,Abhishek Sharma,Manisankar Murasingh,1,0,,,,,,,,,
1244383,2020/21,2021-01-18,Alur Cricket Stadium III,1,0.5,Punjab,Tripura,Abhishek Sharma,P Simran Singh,Manisankar Murasingh,0,0,,,,,,,,,
1244383,2020/21,2021-01-18,Alur Cricket Stadium III,1,0.6,Punjab,Tripura,Abhishek Sharma,P Simran Singh,Manisankar Murasingh,0,0,,,,,,,,,
1244383,2020/21,2021-01-18,Alur Cricket Stadium III,1,1.1,Punjab,Tripura,P Simran Singh,Abhishek Sharma,Ajay Sarkar,1,0,,,,,,,,,
1244383,2020/21,2021-01-18,Alur Cricket Stadium III,1,1.2,Punjab,Tripura,Abhishek Sharma,P Simran Singh,Ajay Sarkar,0,1,1,,,,,,,,
1244383,2020/21,2021-01-18,Alur Cricket Stadium III,1,1.3,Punjab,Tripura,Abhishek Sharma,P Simran Singh,Ajay Sarkar,0,0,,,,,,,,,
1244383,2020/21,2021-01-18,Alur Cricket Stadium III,1,1.4,Punjab,Tripura,Abhishek Sharma,P Simran Singh,Ajay Sarkar,0,0,,,,,,bowled,Abhishek Sharma,,
1244383,2020/21,2021-01-18,Alur Cricket Stadium III,1,1.5,Punjab,Tripura,Mandeep Singh,P Simran Singh,Ajay Sarkar,0,0,,,,,,,,,
1244383,2020/21,2021-01-18,Alur Cricket Stadium III,1,1.6,Punjab,Tripura,Mandeep Singh,P Simran Singh,Ajay Sarkar,1,0,,,,,,,,,
1244383,2020/21,2021-01-18,Alur Cricket Stadium III,1,1.7,Punjab,Tripura,P Simran Singh,Mandeep Singh,Ajay Sarkar,0,0,,,,,,,,,
1244383,2020/21,2021-01-18,Alur Cricket Stadium III,1,2.1,Punjab,Tripura,Mandeep Singh,P Simran Singh,Manisankar Murasingh,0,0,,,,,,,,,
1244383,2020/21,2021-01-18,Alur Cricket Stadium III,1,2.2,Punjab,Tripura,Mandeep Singh,P Simran Singh,Manisankar Murasingh,0,0,,,,,,,,,
1244383,2020/21,2021-01-18,Alur Cricket Stadium III,1,2.3,Punjab,Tripura,Mandeep Singh,P Simran Singh,Manisankar Murasingh,0,1,,,,1,,,,,
1244383,2020/21,2021-01-18,Alur Cricket Stadium III,1,2.4,Punjab,Tripura,P Simran Singh,Mandeep Singh,Manisankar Murasingh,0,0,,,,,,,,,
1244383,2020/21,2021-01-18,Alur Cricket Stadium III,1,2.5,Punjab,Tripura,P Simran Singh,Mandeep Singh,Manisankar Murasingh,0,1,,1,,,,,,,
1244383,2020/21,2021-01-18,Alur Cricket Stadium III,1,2.6,Punjab,Tripura,P Simran Singh,Mandeep Singh,Manisankar Murasingh,1,0,,,,,,,,,
1244383,2020/21,2021-01-18,Alur Cricket Stadium III,1,2.7,Punjab,Tripura,Mandeep Singh,P Simran Singh,Manisankar Murasingh,1,0,,,,,,,,,
1244383,2020/21,2021-01-18,Alur Cricket Stadium III,1,3.1,Punjab,Tripura,Mandeep Singh,P Simran Singh,Ajay Sarkar,0,0,,,,,,,,,
1244383,2020/21,2021-01-18,Alur Cricket Stadium III,1,3.2,Punjab,Tripura,Mandeep Singh,P Simran Singh,Ajay Sarkar,0,0,,,,,,,,,
1244383,2020/21,2021-01-18,Alur Cricket Stadium III,1,3.3,Punjab,Tripura,Mandeep Singh,P Simran Singh,Ajay Sarkar,4,0,,,,,,,,,
1244383,2020/21,2021-01-18,Alur Cricket Stadium III,1,3.4,Punjab,Tripura,Mandeep Singh,P Simran Singh,Ajay Sarkar,6,0,,,,,,,,,
1244383,2020/21,2021-01-18,Alur Cricket Stadium III,1,3.5,Punjab,Tripura,Mandeep Singh,P Simran Singh,Ajay Sarkar,0,0,,,,,,,,,
1244383,2020/21,2021-01-18,Alur Cricket Stadium III,1,3.6,Punjab,Tripura,Mandeep Singh,P Simran Singh,Ajay Sarkar,1,0,,,,,,,,,
1244383,2020/21,2021-01-18,Alur Cricket Stadium III,1,4.1,Punjab,Tripura,Mandeep Singh,P Simran Singh,Manisankar Murasingh,0,0,,,,,,,,,
1244383,2020/21,2021-01-18,Alur Cricket Stadium III,1,4.2,Punjab,Tripura,Mandeep Singh,P Simran Singh,Manisankar Murasingh,1,0,,,,,,,,,
1244383,2020/21,2021-01-18,Alur Cricket Stadium III,1,4.3,Punjab,Tripura,P Simran Singh,Mandeep Singh,Manisankar Murasingh,1,0,,,,,,,,,
1244383,2020/21,2021-01-18,Alur Cricket Stadium III,1,4.4,Punjab,Tripura,Mandeep Singh,P Simran Singh,Manisankar Murasingh,0,0,,,,,,,,,
1244383,2020/21,2021-01-18,Alur Cricket Stadium III,1,4.5,Punjab,Tripura,Mandeep Singh,P Simran Singh,Manisankar Murasingh,6,0,,,,,,,,,
1244383,2020/21,2021-01-18,Alur Cricket Stadium III,1,4.6,Punjab,Tripura,Mandeep Singh,P Simran Singh,Manisankar Murasingh,1,0,,,,,,,,,
1244383,2020/21,2021-01-18,Alur Cricket Stadium III,1,5.1,Punjab,Tripura,Mandeep Singh,P Simran Singh,Ajay Sarkar,0,0,,,,,,,,,
1244383,2020/21,2021-01-18,Alur Cricket Stadium III,1,5.2,Punjab,Tripura,Mandeep Singh,P Simran Singh,Ajay Sarkar,1,0,,,,,,,,,
1244383,2020/21,2021-01-18,Alur Cricket Stadium III,1,5.3,Punjab,Tripura,P Simran Singh,Mandeep Singh,Ajay Sarkar,0,0,,,,,,,,,
1244383,2020/21,2021-01-18,Alur Cricket Stadium III,1,5.4,Punjab,Tripura,P Simran Singh,Mandeep Singh,Ajay Sarkar,0,0,,,,,,,,,
1244383,2020/21,2021-01-18,Alur Cricket Stadium III,1,5.5,Punjab,Tripura,P Simran Singh,Mandeep Singh,Ajay Sarkar,1,0,,,,,,,,,
1244383,2020/21,2021-01-18,Alur Cricket Stadium III,1,5.6,Punjab,Tripura,Mandeep Singh,P Simran Singh,Ajay Sarkar,1,0,,,,,,,,,
1244383,2020/21,2021-01-18,Alur Cricket Stadium III,1,6.1,Punjab,Tripura,Mandeep Singh,P Simran Singh,Saurabh Das,1,0,,,,,,,,,
1244383,2020/21,2021-01-18,Alur Cricket Stadium III,1,6.2,Punjab,Tripura,P Simran Singh,Mandeep Singh,Saurabh Das,0,0,,,,,,caught,P Simran Singh,,
1244383,2020/21,2021-01-18,Alur Cricket Stadium III,1,6.3,Punjab,Tripura,Mandeep Singh,Gurkeerat Singh,Saurabh Das,1,0,,,,,,,,,
1244383,2020/21,2021-01-18,Alur Cricket Stadium III,1,6.4,Punjab,Tripura,Gurkeerat Singh,Mandeep Singh,Saurabh Das,0,0,,,,,,,,,
1244383,2020/21,2021-01-18,Alur Cricket Stadium III,1,6.5,Punjab,Tripura,Gurkeerat Singh,Mandeep Singh,Saurabh Das,1,0,,,,,,,,,
1244383,2020/21,2021-01-18,Alur Cricket Stadium III,1,6.6,Punjab,Tripura,Mandeep Singh,Gurkeerat Singh,Saurabh Das,0,1,,,,1,,,,,
1244383,2020/21,2021-01-18,Alur Cricket Stadium III,1,7.1,Punjab,Tripura,Mandeep Singh,Gurkeerat Singh,Pratyush Singh,1,0,,,,,,,,,
1244383,2020/21,2021-01-18,Alur Cricket Stadium III,1,7.2,Punjab,Tripura,Gurkeerat Singh,Mandeep Singh,Pratyush Singh,1,0,,,,,,,,,
1244383,2020/21,2021-01-18,Alur Cricket Stadium III,1,7.3,Punjab,Tripura,Mandeep Singh,Gurkeerat Singh,Pratyush Singh,2,0,,,,,,,,,
1244383,2020/21,2021-01-18,Alur Cricket Stadium III,1,7.4,Punjab,Tripura,Mandeep Singh,Gurkeerat Singh,Pratyush Singh,1,0,,,,,,,,,
1244383,2020/21,2021-01-18,Alur Cricket Stadium III,1,7.5,Punjab,Tripura,Gurkeerat Singh,Mandeep Singh,Pratyush Singh,1,0,,,,,,,,,
1244383,2020/21,2021-01-18,Alur Cricket Stadium III,1,7.6,Punjab,Tripura,Mandeep Singh,Gurkeerat Singh,Pratyush Singh,1,0,,,,,,,,,
1244383,2020/21,2021-01-18,Alur Cricket Stadium III,1,8.1,Punjab,Tripura,Mandeep Singh,Gurkeerat Singh,Saurabh Das,0,0,,,,,,,,,
1244383,2020/21,2021-01-18,Alur Cricket Stadium III,1,8.2,Punjab,Tripura,Mandeep Singh,Gurkeerat Singh,Saurabh Das,1,0,,,,,,,,,
1244383,2020/21,2021-01-18,Alur Cricket Stadium III,1,8.3,Punjab,Tripura,Gurkeerat Singh,Mandeep Singh,Saurabh Das,1,0,,,,,,,,,
1244383,2020/21,2021-01-18,Alur Cricket Stadium III,1,8.4,Punjab,Tripura,Mandeep Singh,Gurkeerat Singh,Saurabh Das,4,0,,,,,,,,,
1244383,2020/21,2021-01-18,Alur Cricket Stadium III,1,8.5,Punjab,Tripura,Mandeep Singh,Gurkeerat Singh,Saurabh Das,1,0,,,,,,,,,
1244383,2020/21,2021-01-18,Alur Cricket Stadium III,1,8.6,Punjab,Tripura,Gurkeerat Singh,Mandeep Singh,Saurabh Das,0,0,,,,,,,,,
1244383,2020/21,2021-01-18,Alur Cricket Stadium III,1,9.1,Punjab,Tripura,Mandeep Singh,Gurkeerat Singh,Pratyush Singh,1,0,,,,,,,,,
1244383,2020/21,2021-01-18,Alur Cricket Stadium III,1,9.2,Punjab,Tripura,Gurkeerat Singh,Mandeep Singh,Pratyush Singh,1,0,,,,,,,,,
1244383,2020/21,2021-01-18,Alur Cricket Stadium III,1,9.3,Punjab,Tripura,Mandeep Singh,Gurkeerat Singh,Pratyush Singh,1,0,,,,,,,,,
1244383,2020/21,2021-01-18,Alur Cricket Stadium III,1,9.4,Punjab,Tripura,Gurkeerat Singh,Mandeep Singh,Pratyush Singh,0,0,,,,,,,,,
1244383,2020/21,2021-01-18,Alur Cricket Stadium III,1,9.5,Punjab,Tripura,Gurkeerat Singh,Mandeep Singh,Pratyush Singh,0,0,,,,,,,,,
1244383,2020/21,2021-01-18,Alur Cricket Stadium III,1,9.6,Punjab,Tripura,Gurkeerat Singh,Mandeep Singh,Pratyush Singh,0,0,,,,,,,,,
1244383,2020/21,2021-01-18,Alur Cricket Stadium III,1,10.1,Punjab,Tripura,Mandeep Singh,Gurkeerat Singh,Saurabh Das,1,0,,,,,,,,,
1244383,2020/21,2021-01-18,Alur Cricket Stadium III,1,10.2,Punjab,Tripura,Gurkeerat Singh,Mandeep Singh,Saurabh Das,4,0,,,,,,,,,
1244383,2020/21,2021-01-18,Alur Cricket Stadium III,1,10.3,Punjab,Tripura,Gurkeerat Singh,Mandeep Singh,Saurabh Das,0,0,,,,,,,,,
1244383,2020/21,2021-01-18,Alur Cricket Stadium III,1,10.4,Punjab,Tripura,Gurkeerat Singh,Mandeep Singh,Saurabh Das,0,0,,,,,,,,,
1244383,2020/21,2021-01-18,Alur Cricket Stadium III,1,10.5,Punjab,Tripura,Gurkeerat Singh,Mandeep Singh,Saurabh Das,1,0,,,,,,,,,
1244383,2020/21,2021-01-18,Alur Cricket Stadium III,1,10.6,Punjab,Tripura,Mandeep Singh,Gurkeerat Singh,Saurabh Das,0,0,,,,,,,,,
1244383,2020/21,2021-01-18,Alur Cricket Stadium III,1,11.1,Punjab,Tripura,Gurkeerat Singh,Mandeep Singh,Pratyush Singh,6,0,,,,,,,,,
1244383,2020/21,2021-01-18,Alur Cricket Stadium III,1,11.2,Punjab,Tripura,Gurkeerat Singh,Mandeep Singh,Pratyush Singh,0,0,,,,,,,,,
1244383,2020/21,2021-01-18,Alur Cricket Stadium III,1,11.3,Punjab,Tripura,Gurkeerat Singh,Mandeep Singh,Pratyush Singh,1,0,,,,,,,,,
1244383,2020/21,2021-01-18,Alur Cricket Stadium III,1,11.4,Punjab,Tripura,Mandeep Singh,Gurkeerat Singh,Pratyush Singh,1,0,,,,,,,,,
1244383,2020/21,2021-01-18,Alur Cricket Stadium III,1,11.5,Punjab,Tripura,Gurkeerat Singh,Mandeep Singh,Pratyush Singh,1,0,,,,,,,,,
1244383,2020/21,2021-01-18,Alur Cricket Stadium III,1,11.6,Punjab,Tripura,Mandeep Singh,Gurkeerat Singh,Pratyush Singh,3,0,,,,,,,,,
1244383,2020/21,2021-01-18,Alur Cricket Stadium III,1,12.1,Punjab,Tripura,Mandeep Singh,Gurkeerat Singh,U U Bose,0,0,,,,,,,,,
1244383,2020/21,2021-01-18,Alur Cricket Stadium III,1,12.2,Punjab,Tripura,Mandeep Singh,Gurkeerat Singh,U U Bose,1,0,,,,,,,,,
1244383,2020/21,2021-01-18,Alur Cricket Stadium III,1,12.3,Punjab,Tripura,Gurkeerat Singh,Mandeep Singh,U U Bose,1,0,,,,,,,,,
1244383,2020/21,2021-01-18,Alur Cricket Stadium III,1,12.4,Punjab,Tripura,Mandeep Singh,Gurkeerat Singh,U U Bose,1,0,,,,,,,,,
1244383,2020/21,2021-01-18,Alur Cricket Stadium III,1,12.5,Punjab,Tripura,Gurkeerat Singh,Mandeep Singh,U U Bose,1,0,,,,,,,,,
1244383,2020/21,2021-01-18,Alur Cricket Stadium III,1,12.6,Punjab,Tripura,Mandeep Singh,Gurkeerat Singh,U U Bose,1,0,,,,,,,,,
1244383,2020/21,2021-01-18,Alur Cricket Stadium III,1,13.1,Punjab,Tripura,Mandeep Singh,Gurkeerat Singh,Pratyush Singh,1,0,,,,,,,,,
1244383,2020/21,2021-01-18,Alur Cricket Stadium III,1,13.2,Punjab,Tripura,Gurkeerat Singh,Mandeep Singh,Pratyush Singh,4,0,,,,,,,,,
1244383,2020/21,2021-01-18,Alur Cricket Stadium III,1,13.3,Punjab,Tripura,Gurkeerat Singh,Mandeep Singh,Pratyush Singh,1,0,,,,,,,,,
1244383,2020/21,2021-01-18,Alur Cricket Stadium III,1,13.4,Punjab,Tripura,Mandeep Singh,Gurkeerat Singh,Pratyush Singh,1,0,,,,,,,,,
1244383,2020/21,2021-01-18,Alur Cricket Stadium III,1,13.5,Punjab,Tripura,Gurkeerat Singh,Mandeep Singh,Pratyush Singh,4,0,,,,,,,,,
1244383,2020/21,2021-01-18,Alur Cricket Stadium III,1,13.6,Punjab,Tripura,Gurkeerat Singh,Mandeep Singh,Pratyush Singh,6,0,,,,,,,,,
1244383,2020/21,2021-01-18,Alur Cricket Stadium III,1,14.1,Punjab,Tripura,Mandeep Singh,Gurkeerat Singh,Saurabh Das,4,0,,,,,,,,,
1244383,2020/21,2021-01-18,Alur Cricket Stadium III,1,14.2,Punjab,Tripura,Mandeep Singh,Gurkeerat Singh,Saurabh Das,4,0,,,,,,,,,
1244383,2020/21,2021-01-18,Alur Cricket Stadium III,1,14.3,Punjab,Tripura,Mandeep Singh,Gurkeerat Singh,Saurabh Das,1,0,,,,,,,,,
1244383,2020/21,2021-01-18,Alur Cricket Stadium III,1,14.4,Punjab,Tripura,Gurkeerat Singh,Mandeep Singh,Saurabh Das,6,0,,,,,,,,,
1244383,2020/21,2021-01-18,Alur Cricket Stadium III,1,14.5,Punjab,Tripura,Gurkeerat Singh,Mandeep Singh,Saurabh Das,1,0,,,,,,,,,
1244383,2020/21,2021-01-18,Alur Cricket Stadium III,1,14.6,Punjab,Tripura,Mandeep Singh,Gurkeerat Singh,Saurabh Das,4,0,,,,,,,,,
1244383,2020/21,2021-01-18,Alur Cricket Stadium III,1,15.1,Punjab,Tripura,Gurkeerat Singh,Mandeep Singh,U U Bose,1,0,,,,,,,,,
1244383,2020/21,2021-01-18,Alur Cricket Stadium III,1,15.2,Punjab,Tripura,Mandeep Singh,Gurkeerat Singh,U U Bose,1,0,,,,,,,,,
1244383,2020/21,2021-01-18,Alur Cricket Stadium III,1,15.3,Punjab,Tripura,Gurkeerat Singh,Mandeep Singh,U U Bose,6,0,,,,,,,,,
1244383,2020/21,2021-01-18,Alur Cricket Stadium III,1,15.4,Punjab,Tripura,Gurkeerat Singh,Mandeep Singh,U U Bose,1,0,,,,,,,,,
1244383,2020/21,2021-01-18,Alur Cricket Stadium III,1,15.5,Punjab,Tripura,Mandeep Singh,Gurkeerat Singh,U U Bose,0,0,,,,,,,,,
1244383,2020/21,2021-01-18,Alur Cricket Stadium III,1,15.6,Punjab,Tripura,Mandeep Singh,Gurkeerat Singh,U U Bose,1,0,,,,,,,,,
1244383,2020/21,2021-01-18,Alur Cricket Stadium III,1,16.1,Punjab,Tripura,Mandeep Singh,Gurkeerat Singh,Ajay Sarkar,1,0,,,,,,,,,
1244383,2020/21,2021-01-18,Alur Cricket Stadium III,1,16.2,Punjab,Tripura,Gurkeerat Singh,Mandeep Singh,Ajay Sarkar,1,0,,,,,,,,,
1244383,2020/21,2021-01-18,Alur Cricket Stadium III,1,16.3,Punjab,Tripura,Mandeep Singh,Gurkeerat Singh,Ajay Sarkar,4,0,,,,,,,,,
1244383,2020/21,2021-01-18,Alur Cricket Stadium III,1,16.4,Punjab,Tripura,Mandeep Singh,Gurkeerat Singh,Ajay Sarkar,0,0,,,,,,,,,
1244383,2020/21,2021-01-18,Alur Cricket Stadium III,1,16.5,Punjab,Tripura,Mandeep Singh,Gurkeerat Singh,Ajay Sarkar,1,0,,,,,,,,,
1244383,2020/21,2021-01-18,Alur Cricket Stadium III,1,16.6,Punjab,Tripura,Gurkeerat Singh,Mandeep Singh,Ajay Sarkar,6,0,,,,,,,,,
1244383,2020/21,2021-01-18,Alur Cricket Stadium III,1,17.1,Punjab,Tripura,Mandeep Singh,Gurkeerat Singh,Sankar Paul,1,0,,,,,,,,,
1244383,2020/21,2021-01-18,Alur Cricket Stadium III,1,17.2,Punjab,Tripura,Gurkeerat Singh,Mandeep Singh,Sankar Paul,6,0,,,,,,,,,
1244383,2020/21,2021-01-18,Alur Cricket Stadium III,1,17.3,Punjab,Tripura,Gurkeerat Singh,Mandeep Singh,Sankar Paul,0,0,,,,,,caught and bowled,Gurkeerat Singh,,
1244383,2020/21,2021-01-18,Alur Cricket Stadium III,1,17.4,Punjab,Tripura,Mandeep Singh,Anmolpreet Singh,Sankar Paul,4,0,,,,,,,,,
1244383,2020/21,2021-01-18,Alur Cricket Stadium III,1,17.5,Punjab,Tripura,Mandeep Singh,Anmolpreet Singh,Sankar Paul,0,1,1,,,,,,,,
1244383,2020/21,2021-01-18,Alur Cricket Stadium III,1,17.6,Punjab,Tripura,Mandeep Singh,Anmolpreet Singh,Sankar Paul,0,1,1,,,,,,,,
1244383,2020/21,2021-01-18,Alur Cricket Stadium III,1,17.7,Punjab,Tripura,Mandeep Singh,Anmolpreet Singh,Sankar Paul,6,0,,,,,,,,,
1244383,2020/21,2021-01-18,Alur Cricket Stadium III,1,17.8,Punjab,Tripura,Mandeep Singh,Anmolpreet Singh,Sankar Paul,2,0,,,,,,,,,
1244383,2020/21,2021-01-18,Alur Cricket Stadium III,1,18.1,Punjab,Tripura,Anmolpreet Singh,Mandeep Singh,U U Bose,2,0,,,,,,,,,
1244383,2020/21,2021-01-18,Alur Cricket Stadium III,1,18.2,Punjab,Tripura,Anmolpreet Singh,Mandeep Singh,U U Bose,1,0,,,,,,,,,
1244383,2020/21,2021-01-18,Alur Cricket Stadium III,1,18.3,Punjab,Tripura,Mandeep Singh,Anmolpreet Singh,U U Bose,0,0,,,,,,,,,
1244383,2020/21,2021-01-18,Alur Cricket Stadium III,1,18.4,Punjab,Tripura,Mandeep Singh,Anmolpreet Singh,U U Bose,2,0,,,,,,,,,
1244383,2020/21,2021-01-18,Alur Cricket Stadium III,1,18.5,Punjab,Tripura,Mandeep Singh,Anmolpreet Singh,U U Bose,4,0,,,,,,,,,
1244383,2020/21,2021-01-18,Alur Cricket Stadium III,1,18.6,Punjab,Tripura,Mandeep Singh,Anmolpreet Singh,U U Bose,0,0,,,,,,,,,
1244383,2020/21,2021-01-18,Alur Cricket Stadium III,1,19.1,Punjab,Tripura,Anmolpreet Singh,Mandeep Singh,Manisankar Murasingh,1,0,,,,,,,,,
1244383,2020/21,2021-01-18,Alur Cricket Stadium III,1,19.2,Punjab,Tripura,Mandeep Singh,Anmolpreet Singh,Manisankar Murasingh,0,0,,,,,,,,,
1244383,2020/21,2021-01-18,Alur Cricket Stadium III,1,19.3,Punjab,Tripura,Mandeep Singh,Anmolpreet Singh,Manisankar Murasingh,4,0,,,,,,,,,
1244383,2020/21,2021-01-18,Alur Cricket Stadium III,1,19.4,Punjab,Tripura,Mandeep Singh,Anmolpreet Singh,Manisankar Murasingh,6,0,,,,,,,,,
1244383,2020/21,2021-01-18,Alur Cricket Stadium III,1,19.5,Punjab,Tripura,Mandeep Singh,Anmolpreet Singh,Manisankar Murasingh,1,0,,,,,,,,,
1244383,2020/21,2021-01-18,Alur Cricket Stadium III,1,19.6,Punjab,Tripura,Anmolpreet Singh,Mandeep Singh,Manisankar Murasingh,2,0,,,,,,,,,
1244383,2020/21,2021-01-18,Alur Cricket Stadium III,2,0.1,Tripura,Punjab,U U Bose,JR Banik,Sandeep Sharma,0,0,,,,,,,,,
1244383,2020/21,2021-01-18,Alur Cricket Stadium III,2,0.2,Tripura,Punjab,U U Bose,JR Banik,Sandeep Sharma,0,0,,,,,,,,,
1244383,2020/21,2021-01-18,Alur Cricket Stadium III,2,0.3,Tripura,Punjab,U U Bose,JR Banik,Sandeep Sharma,1,0,,,,,,,,,
1244383,2020/21,2021-01-18,Alur Cricket Stadium III,2,0.4,Tripura,Punjab,JR Banik,U U Bose,Sandeep Sharma,0,0,,,,,,,,,
1244383,2020/21,2021-01-18,Alur Cricket Stadium III,2,0.5,Tripura,Punjab,JR Banik,U U Bose,Sandeep Sharma,2,0,,,,,,,,,
1244383,2020/21,2021-01-18,Alur Cricket Stadium III,2,0.6,Tripura,Punjab,JR Banik,U U Bose,Sandeep Sharma,0,0,,,,,,,,,
1244383,2020/21,2021-01-18,Alur Cricket Stadium III,2,1.1,Tripura,Punjab,U U Bose,JR Banik,Baltej Singh,0,0,,,,,,,,,
1244383,2020/21,2021-01-18,Alur Cricket Stadium III,2,1.2,Tripura,Punjab,U U Bose,JR Banik,Baltej Singh,4,0,,,,,,,,,
1244383,2020/21,2021-01-18,Alur Cricket Stadium III,2,1.3,Tripura,Punjab,U U Bose,JR Banik,Baltej Singh,4,0,,,,,,,,,
1244383,2020/21,2021-01-18,Alur Cricket Stadium III,2,1.4,Tripura,Punjab,U U Bose,JR Banik,Baltej Singh,4,0,,,,,,,,,
1244383,2020/21,2021-01-18,Alur Cricket Stadium III,2,1.5,Tripura,Punjab,U U Bose,JR Banik,Baltej Singh,4,0,,,,,,,,,
1244383,2020/21,2021-01-18,Alur Cricket Stadium III,2,1.6,Tripura,Punjab,U U Bose,JR Banik,Baltej Singh,4,0,,,,,,,,,
1244383,2020/21,2021-01-18,Alur Cricket Stadium III,2,2.1,Tripura,Punjab,JR Banik,U U Bose,Sandeep Sharma,0,0,,,,,,,,,
1244383,2020/21,2021-01-18,Alur Cricket Stadium III,2,2.2,Tripura,Punjab,JR Banik,U U Bose,Sandeep Sharma,0,0,,,,,,,,,
1244383,2020/21,2021-01-18,Alur Cricket Stadium III,2,2.3,Tripura,Punjab,JR Banik,U U Bose,Sandeep Sharma,4,0,,,,,,,,,
1244383,2020/21,2021-01-18,Alur Cricket Stadium III,2,2.4,Tripura,Punjab,JR Banik,U U Bose,Sandeep Sharma,0,0,,,,,,,,,
1244383,2020/21,2021-01-18,Alur Cricket Stadium III,2,2.5,Tripura,Punjab,JR Banik,U U Bose,Sandeep Sharma,0,0,,,,,,,,,
1244383,2020/21,2021-01-18,Alur Cricket Stadium III,2,2.6,Tripura,Punjab,JR Banik,U U Bose,Sandeep Sharma,0,0,,,,,,,,,
1244383,2020/21,2021-01-18,Alur Cricket Stadium III,2,3.1,Tripura,Punjab,U U Bose,JR Banik,Arshdeep Singh,0,0,,,,,,,,,
1244383,2020/21,2021-01-18,Alur Cricket Stadium III,2,3.2,Tripura,Punjab,U U Bose,JR Banik,Arshdeep Singh,4,0,,,,,,,,,
1244383,2020/21,2021-01-18,Alur Cricket Stadium III,2,3.3,Tripura,Punjab,U U Bose,JR Banik,Arshdeep Singh,0,0,,,,,,,,,
1244383,2020/21,2021-01-18,Alur Cricket Stadium III,2,3.4,Tripura,Punjab,U U Bose,JR Banik,Arshdeep Singh,1,0,,,,,,,,,
1244383,2020/21,2021-01-18,Alur Cricket Stadium III,2,3.5,Tripura,Punjab,JR Banik,U U Bose,Arshdeep Singh,0,0,,,,,,,,,
1244383,2020/21,2021-01-18,Alur Cricket Stadium III,2,3.6,Tripura,Punjab,JR Banik,U U Bose,Arshdeep Singh,0,0,,,,,,,,,
1244383,2020/21,2021-01-18,Alur Cricket Stadium III,2,4.1,Tripura,Punjab,U U Bose,JR Banik,Sandeep Sharma,1,0,,,,,,,,,
1244383,2020/21,2021-01-18,Alur Cricket Stadium III,2,4.2,Tripura,Punjab,JR Banik,U U Bose,Sandeep Sharma,0,0,,,,,,,,,
1244383,2020/21,2021-01-18,Alur Cricket Stadium III,2,4.3,Tripura,Punjab,JR Banik,U U Bose,Sandeep Sharma,0,0,,,,,,caught,JR Banik,,
1244383,2020/21,2021-01-18,Alur Cricket Stadium III,2,4.4,Tripura,Punjab,U U Bose,Pratyush Singh,Sandeep Sharma,4,0,,,,,,,,,
1244383,2020/21,2021-01-18,Alur Cricket Stadium III,2,4.5,Tripura,Punjab,U U Bose,Pratyush Singh,Sandeep Sharma,0,0,,,,,,,,,
1244383,2020/21,2021-01-18,Alur Cricket Stadium III,2,4.6,Tripura,Punjab,U U Bose,Pratyush Singh,Sandeep Sharma,0,0,,,,,,,,,
1244383,2020/21,2021-01-18,Alur Cricket Stadium III,2,5.1,Tripura,Punjab,Pratyush Singh,U U Bose,Arshdeep Singh,0,0,,,,,,,,,
1244383,2020/21,2021-01-18,Alur Cricket Stadium III,2,5.2,Tripura,Punjab,Pratyush Singh,U U Bose,Arshdeep Singh,0,0,,,,,,,,,
1244383,2020/21,2021-01-18,Alur Cricket Stadium III,2,5.3,Tripura,Punjab,Pratyush Singh,U U Bose,Arshdeep Singh,0,0,,,,,,caught,Pratyush Singh,,
1244383,2020/21,2021-01-18,Alur Cricket Stadium III,2,5.4,Tripura,Punjab,Milind Kumar,U U Bose,Arshdeep Singh,1,0,,,,,,,,,
1244383,2020/21,2021-01-18,Alur Cricket Stadium III,2,5.5,Tripura,Punjab,U U Bose,Milind Kumar,Arshdeep Singh,1,0,,,,,,,,,
1244383,2020/21,2021-01-18,Alur Cricket Stadium III,2,5.6,Tripura,Punjab,Milind Kumar,U U Bose,Arshdeep Singh,0,0,,,,,,,,,
1244383,2020/21,2021-01-18,Alur Cricket Stadium III,2,6.1,Tripura,Punjab,U U Bose,Milind Kumar,Harpreet Brar,0,0,,,,,,,,,
1244383,2020/21,2021-01-18,Alur Cricket Stadium III,2,6.2,Tripura,Punjab,U U Bose,Milind Kumar,Harpreet Brar,0,0,,,,,,,,,
1244383,2020/21,2021-01-18,Alur Cricket Stadium III,2,6.3,Tripura,Punjab,U U Bose,Milind Kumar,Harpreet Brar,1,0,,,,,,,,,
1244383,2020/21,2021-01-18,Alur Cricket Stadium III,2,6.4,Tripura,Punjab,Milind Kumar,U U Bose,Harpreet Brar,1,0,,,,,,,,,
1244383,2020/21,2021-01-18,Alur Cricket Stadium III,2,6.5,Tripura,Punjab,U U Bose,Milind Kumar,Harpreet Brar,1,0,,,,,,,,,
1244383,2020/21,2021-01-18,Alur Cricket Stadium III,2,6.6,Tripura,Punjab,Milind Kumar,U U Bose,Harpreet Brar,0,0,,,,,,,,,
1244383,2020/21,2021-01-18,Alur Cricket Stadium III,2,7.1,Tripura,Punjab,U U Bose,Milind Kumar,Baltej Singh,0,0,,,,,,,,,
1244383,2020/21,2021-01-18,Alur Cricket Stadium III,2,7.2,Tripura,Punjab,U U Bose,Milind Kumar,Baltej Singh,1,0,,,,,,,,,
1244383,2020/21,2021-01-18,Alur Cricket Stadium III,2,7.3,Tripura,Punjab,Milind Kumar,U U Bose,Baltej Singh,0,0,,,,,,,,,
1244383,2020/21,2021-01-18,Alur Cricket Stadium III,2,7.4,Tripura,Punjab,Milind Kumar,U U Bose,Baltej Singh,1,0,,,,,,,,,
1244383,2020/21,2021-01-18,Alur Cricket Stadium III,2,7.5,Tripura,Punjab,U U Bose,Milind Kumar,Baltej Singh,6,0,,,,,,,,,
1244383,2020/21,2021-01-18,Alur Cricket Stadium III,2,7.6,Tripura,Punjab,U U Bose,Milind Kumar,Baltej Singh,4,0,,,,,,,,,
1244383,2020/21,2021-01-18,Alur Cricket Stadium III,2,8.1,Tripura,Punjab,Milind Kumar,U U Bose,Harpreet Brar,1,0,,,,,,,,,
1244383,2020/21,2021-01-18,Alur Cricket Stadium III,2,8.2,Tripura,Punjab,U U Bose,Milind Kumar,Harpreet Brar,0,0,,,,,,,,,
1244383,2020/21,2021-01-18,Alur Cricket Stadium III,2,8.3,Tripura,Punjab,U U Bose,Milind Kumar,Harpreet Brar,0,0,,,,,,,,,
1244383,2020/21,2021-01-18,Alur Cricket Stadium III,2,8.4,Tripura,Punjab,U U Bose,Milind Kumar,Harpreet Brar,1,0,,,,,,,,,
1244383,2020/21,2021-01-18,Alur Cricket Stadium III,2,8.5,Tripura,Punjab,Milind Kumar,U U Bose,Harpreet Brar,0,0,,,,,,,,,
1244383,2020/21,2021-01-18,Alur Cricket Stadium III,2,8.6,Tripura,Punjab,Milind Kumar,U U Bose,Harpreet Brar,0,0,,,,,,,,,
1244383,2020/21,2021-01-18,Alur Cricket Stadium III,2,9.1,Tripura,Punjab,U U Bose,Milind Kumar,M Markande,0,0,,,,,,,,,
1244383,2020/21,2021-01-18,Alur Cricket Stadium III,2,9.2,Tripura,Punjab,U U Bose,Milind Kumar,M Markande,1,0,,,,,,,,,
1244383,2020/21,2021-01-18,Alur Cricket Stadium III,2,9.3,Tripura,Punjab,Milind Kumar,U U Bose,M Markande,0,0,,,,,,,,,
1244383,2020/21,2021-01-18,Alur Cricket Stadium III,2,9.4,Tripura,Punjab,Milind Kumar,U U Bose,M Markande,6,0,,,,,,,,,
1244383,2020/21,2021-01-18,Alur Cricket Stadium III,2,9.5,Tripura,Punjab,Milind Kumar,U U Bose,M Markande,1,0,,,,,,,,,
1244383,2020/21,2021-01-18,Alur Cricket Stadium III,2,9.6,Tripura,Punjab,U U Bose,Milind Kumar,M Markande,1,0,,,,,,,,,
1244383,2020/21,2021-01-18,Alur Cricket Stadium III,2,10.1,Tripura,Punjab,U U Bose,Milind Kumar,Harpreet Brar,0,0,,,,,,,,,
1244383,2020/21,2021-01-18,Alur Cricket Stadium III,2,10.2,Tripura,Punjab,U U Bose,Milind Kumar,Harpreet Brar,1,0,,,,,,,,,
1244383,2020/21,2021-01-18,Alur Cricket Stadium III,2,10.3,Tripura,Punjab,Milind Kumar,U U Bose,Harpreet Brar,6,0,,,,,,,,,
1244383,2020/21,2021-01-18,Alur Cricket Stadium III,2,10.4,Tripura,Punjab,Milind Kumar,U U Bose,Harpreet Brar,4,0,,,,,,,,,
1244383,2020/21,2021-01-18,Alur Cricket Stadium III,2,10.5,Tripura,Punjab,Milind Kumar,U U Bose,Harpreet Brar,0,0,,,,,,,,,
1244383,2020/21,2021-01-18,Alur Cricket Stadium III,2,10.6,Tripura,Punjab,Milind Kumar,U U Bose,Harpreet Brar,1,0,,,,,,,,,
1244383,2020/21,2021-01-18,Alur Cricket Stadium III,2,11.1,Tripura,Punjab,Milind Kumar,U U Bose,Baltej Singh,2,0,,,,,,,,,
1244383,2020/21,2021-01-18,Alur Cricket Stadium III,2,11.2,Tripura,Punjab,Milind Kumar,U U Bose,Baltej Singh,1,0,,,,,,,,,
1244383,2020/21,2021-01-18,Alur Cricket Stadium III,2,11.3,Tripura,Punjab,U U Bose,Milind Kumar,Baltej Singh,0,0,,,,,,,,,
1244383,2020/21,2021-01-18,Alur Cricket Stadium III,2,11.4,Tripura,Punjab,U U Bose,Milind Kumar,Baltej Singh,1,0,,,,,,,,,
1244383,2020/21,2021-01-18,Alur Cricket Stadium III,2,11.5,Tripura,Punjab,Milind Kumar,U U Bose,Baltej Singh,1,0,,,,,,,,,
1244383,2020/21,2021-01-18,Alur Cricket Stadium III,2,11.6,Tripura,Punjab,U U Bose,Milind Kumar,Baltej Singh,0,0,,,,,,caught,U U Bose,,
1244383,2020/21,2021-01-18,Alur Cricket Stadium III,2,12.1,Tripura,Punjab,Manisankar Murasingh,Milind Kumar,M Markande,1,0,,,,,,,,,
1244383,2020/21,2021-01-18,Alur Cricket Stadium III,2,12.2,Tripura,Punjab,Milind Kumar,Manisankar Murasingh,M Markande,1,0,,,,,,,,,
1244383,2020/21,2021-01-18,Alur Cricket Stadium III,2,12.3,Tripura,Punjab,Manisankar Murasingh,Milind Kumar,M Markande,1,0,,,,,,,,,
1244383,2020/21,2021-01-18,Alur Cricket Stadium III,2,12.4,Tripura,Punjab,Milind Kumar,Manisankar Murasingh,M Markande,1,0,,,,,,,,,
1244383,2020/21,2021-01-18,Alur Cricket Stadium III,2,12.5,Tripura,Punjab,Manisankar Murasingh,Milind Kumar,M Markande,0,0,,,,,,,,,
1244383,2020/21,2021-01-18,Alur Cricket Stadium III,2,12.6,Tripura,Punjab,Manisankar Murasingh,Milind Kumar,M Markande,1,0,,,,,,,,,
1244383,2020/21,2021-01-18,Alur Cricket Stadium III,2,13.1,Tripura,Punjab,Manisankar Murasingh,Milind Kumar,Harpreet Brar,0,0,,,,,,,,,
1244383,2020/21,2021-01-18,Alur Cricket Stadium III,2,13.2,Tripura,Punjab,Manisankar Murasingh,Milind Kumar,Harpreet Brar,0,0,,,,,,caught,Manisankar Murasingh,,
1244383,2020/21,2021-01-18,Alur Cricket Stadium III,2,13.3,Tripura,Punjab,Milind Kumar,Rajat Dey,Harpreet Brar,1,0,,,,,,,,,
1244383,2020/21,2021-01-18,Alur Cricket Stadium III,2,13.4,Tripura,Punjab,Rajat Dey,Milind Kumar,Harpreet Brar,0,0,,,,,,,,,
1244383,2020/21,2021-01-18,Alur Cricket Stadium III,2,13.5,Tripura,Punjab,Rajat Dey,Milind Kumar,Harpreet Brar,4,0,,,,,,,,,
1244383,2020/21,2021-01-18,Alur Cricket Stadium III,2,13.6,Tripura,Punjab,Rajat Dey,Milind Kumar,Harpreet Brar,4,0,,,,,,,,,
1244383,2020/21,2021-01-18,Alur Cricket Stadium III,2,14.1,Tripura,Punjab,Milind Kumar,Rajat Dey,M Markande,1,0,,,,,,,,,
1244383,2020/21,2021-01-18,Alur Cricket Stadium III,2,14.2,Tripura,Punjab,Rajat Dey,Milind Kumar,M Markande,1,0,,,,,,,,,
1244383,2020/21,2021-01-18,Alur Cricket Stadium III,2,14.3,Tripura,Punjab,Milind Kumar,Rajat Dey,M Markande,0,0,,,,,,,,,
1244383,2020/21,2021-01-18,Alur Cricket Stadium III,2,14.4,Tripura,Punjab,Milind Kumar,Rajat Dey,M Markande,1,0,,,,,,,,,
1244383,2020/21,2021-01-18,Alur Cricket Stadium III,2,14.5,Tripura,Punjab,Rajat Dey,Milind Kumar,M Markande,4,0,,,,,,,,,
1244383,2020/21,2021-01-18,Alur Cricket Stadium III,2,14.6,Tripura,Punjab,Rajat Dey,Milind Kumar,M Markande,0,0,,,,,,,,,
1244383,2020/21,2021-01-18,Alur Cricket Stadium III,2,15.1,Tripura,Punjab,Milind Kumar,Rajat Dey,Baltej Singh,1,0,,,,,,,,,
1244383,2020/21,2021-01-18,Alur Cricket Stadium III,2,15.2,Tripura,Punjab,Rajat Dey,Milind Kumar,Baltej Singh,1,0,,,,,,,,,
1244383,2020/21,2021-01-18,Alur Cricket Stadium III,2,15.3,Tripura,Punjab,Milind Kumar,Rajat Dey,Baltej Singh,4,0,,,,,,,,,
1244383,2020/21,2021-01-18,Alur Cricket Stadium III,2,15.4,Tripura,Punjab,Milind Kumar,Rajat Dey,Baltej Singh,1,0,,,,,,,,,
1244383,2020/21,2021-01-18,Alur Cricket Stadium III,2,15.5,Tripura,Punjab,Rajat Dey,Milind Kumar,Baltej Singh,4,0,,,,,,,,,
1244383,2020/21,2021-01-18,Alur Cricket Stadium III,2,15.6,Tripura,Punjab,Rajat Dey,Milind Kumar,Baltej Singh,1,0,,,,,,,,,
1244383,2020/21,2021-01-18,Alur Cricket Stadium III,2,16.1,Tripura,Punjab,Rajat Dey,Milind Kumar,M Markande,1,0,,,,,,,,,
1244383,2020/21,2021-01-18,Alur Cricket Stadium III,2,16.2,Tripura,Punjab,Milind Kumar,Rajat Dey,M Markande,0,0,,,,,,,,,
1244383,2020/21,2021-01-18,Alur Cricket Stadium III,2,16.3,Tripura,Punjab,Milind Kumar,Rajat Dey,M Markande,1,0,,,,,,,,,
1244383,2020/21,2021-01-18,Alur Cricket Stadium III,2,16.4,Tripura,Punjab,Rajat Dey,Milind Kumar,M Markande,1,0,,,,,,,,,
1244383,2020/21,2021-01-18,Alur Cricket Stadium III,2,16.5,Tripura,Punjab,Milind Kumar,Rajat Dey,M Markande,2,0,,,,,,,,,
1244383,2020/21,2021-01-18,Alur Cricket Stadium III,2,16.6,Tripura,Punjab,Milind Kumar,Rajat Dey,M Markande,6,0,,,,,,,,,
1244383,2020/21,2021-01-18,Alur Cricket Stadium III,2,17.1,Tripura,Punjab,Rajat Dey,Milind Kumar,Arshdeep Singh,1,0,,,,,,,,,
1244383,2020/21,2021-01-18,Alur Cricket Stadium III,2,17.2,Tripura,Punjab,Milind Kumar,Rajat Dey,Arshdeep Singh,1,0,,,,,,,,,
1244383,2020/21,2021-01-18,Alur Cricket Stadium III,2,17.3,Tripura,Punjab,Rajat Dey,Milind Kumar,Arshdeep Singh,1,0,,,,,,,,,
1244383,2020/21,2021-01-18,Alur Cricket Stadium III,2,17.4,Tripura,Punjab,Milind Kumar,Rajat Dey,Arshdeep Singh,1,0,,,,,,,,,
1244383,2020/21,2021-01-18,Alur Cricket Stadium III,2,17.5,Tripura,Punjab,Rajat Dey,Milind Kumar,Arshdeep Singh,1,0,,,,,,,,,
1244383,2020/21,2021-01-18,Alur Cricket Stadium III,2,17.6,Tripura,Punjab,Milind Kumar,Rajat Dey,Arshdeep Singh,4,0,,,,,,,,,
1244383,2020/21,2021-01-18,Alur Cricket Stadium III,2,18.1,Tripura,Punjab,Rajat Dey,Milind Kumar,Sandeep Sharma,1,0,,,,,,,,,
1244383,2020/21,2021-01-18,Alur Cricket Stadium III,2,18.2,Tripura,Punjab,Milind Kumar,Rajat Dey,Sandeep Sharma,1,0,,,,,,,,,
1244383,2020/21,2021-01-18,Alur Cricket Stadium III,2,18.3,Tripura,Punjab,Rajat Dey,Milind Kumar,Sandeep Sharma,0,0,,,,,,,,,
1244383,2020/21,2021-01-18,Alur Cricket Stadium III,2,18.4,Tripura,Punjab,Rajat Dey,Milind Kumar,Sandeep Sharma,4,0,,,,,,,,,
1244383,2020/21,2021-01-18,Alur Cricket Stadium III,2,18.5,Tripura,Punjab,Rajat Dey,Milind Kumar,Sandeep Sharma,1,0,,,,,,,,,
1244383,2020/21,2021-01-18,Alur Cricket Stadium III,2,18.6,Tripura,Punjab,Milind Kumar,Rajat Dey,Sandeep Sharma,2,0,,,,,,,,,
1244383,2020/21,2021-01-18,Alur Cricket Stadium III,2,19.1,Tripura,Punjab,Rajat Dey,Milind Kumar,Arshdeep Singh,1,0,,,,,,,,,
1244383,2020/21,2021-01-18,Alur Cricket Stadium III,2,19.2,Tripura,Punjab,Milind Kumar,Rajat Dey,Arshdeep Singh,1,0,,,,,,,,,
1244383,2020/21,2021-01-18,Alur Cricket Stadium III,2,19.3,Tripura,Punjab,Rajat Dey,Milind Kumar,Arshdeep Singh,6,0,,,,,,,,,
1244383,2020/21,2021-01-18,Alur Cricket Stadium III,2,19.4,Tripura,Punjab,Rajat Dey,Milind Kumar,Arshdeep Singh,1,0,,,,,,,,,
1244383,2020/21,2021-01-18,Alur Cricket Stadium III,2,19.5,Tripura,Punjab,Milind Kumar,Rajat Dey,Arshdeep Singh,4,0,,,,,,,,,
1244383,2020/21,2021-01-18,Alur Cricket Stadium III,2,19.6,Tripura,Punjab,Milind Kumar,Rajat Dey,Arshdeep Singh,4,0,,,,,,,,,
