match_id,season,start_date,venue,innings,ball,batting_team,bowling_team,striker,non_striker,bowler,runs_off_bat,extras,wides,noballs,byes,legbyes,penalty,wicket_type,player_dismissed,other_wicket_type,other_player_dismissed
1244348,2020/21,2021-01-14,Eden Gardens,1,0.1,Odisha,Tamil Nadu,Gourav Choudhury,Rajesh Dhuper,S Sandeep Warrier,0,0,,,,,,,,,
1244348,2020/21,2021-01-14,Eden Gardens,1,0.2,Odisha,Tamil Nadu,Gourav Choudhury,Rajesh Dhuper,S Sandeep Warrier,0,0,,,,,,,,,
1244348,2020/21,2021-01-14,Eden Gardens,1,0.3,Odisha,Tamil Nadu,Gourav Choudhury,Rajesh Dhuper,S Sandeep Warrier,0,0,,,,,,,,,
1244348,2020/21,2021-01-14,Eden Gardens,1,0.4,Odisha,Tamil Nadu,Gourav Choudhury,Rajesh Dhuper,S Sandeep Warrier,1,0,,,,,,,,,
1244348,2020/21,2021-01-14,Eden Gardens,1,0.5,Odisha,Tamil Nadu,Rajesh Dhuper,Gourav Choudhury,S Sandeep Warrier,0,0,,,,,,,,,
1244348,2020/21,2021-01-14,Eden Gardens,1,0.6,Odisha,Tamil Nadu,Rajesh Dhuper,Gourav Choudhury,S Sandeep Warrier,0,0,,,,,,,,,
1244348,2020/21,2021-01-14,Eden Gardens,1,1.1,Odisha,Tamil Nadu,Gourav Choudhury,Rajesh Dhuper,Aswin Crist,4,0,,,,,,,,,
1244348,2020/21,2021-01-14,Eden Gardens,1,1.2,Odisha,Tamil Nadu,Gourav Choudhury,Rajesh Dhuper,Aswin Crist,6,0,,,,,,,,,
1244348,2020/21,2021-01-14,Eden Gardens,1,1.3,Odisha,Tamil Nadu,Gourav Choudhury,Rajesh Dhuper,Aswin Crist,2,0,,,,,,,,,
1244348,2020/21,2021-01-14,Eden Gardens,1,1.4,Odisha,Tamil Nadu,Gourav Choudhury,Rajesh Dhuper,Aswin Crist,4,0,,,,,,,,,
1244348,2020/21,2021-01-14,Eden Gardens,1,1.5,Odisha,Tamil Nadu,Gourav Choudhury,Rajesh Dhuper,Aswin Crist,1,0,,,,,,,,,
1244348,2020/21,2021-01-14,Eden Gardens,1,1.6,Odisha,Tamil Nadu,Rajesh Dhuper,Gourav Choudhury,Aswin Crist,0,1,,,,1,,,,,
1244348,2020/21,2021-01-14,Eden Gardens,1,2.1,Odisha,Tamil Nadu,Rajesh Dhuper,Gourav Choudhury,S Sandeep Warrier,4,0,,,,,,,,,
1244348,2020/21,2021-01-14,Eden Gardens,1,2.2,Odisha,Tamil Nadu,Rajesh Dhuper,Gourav Choudhury,S Sandeep Warrier,4,0,,,,,,,,,
1244348,2020/21,2021-01-14,Eden Gardens,1,2.3,Odisha,Tamil Nadu,Rajesh Dhuper,Gourav Choudhury,S Sandeep Warrier,0,1,1,,,,,,,,
1244348,2020/21,2021-01-14,Eden Gardens,1,2.4,Odisha,Tamil Nadu,Rajesh Dhuper,Gourav Choudhury,S Sandeep Warrier,1,0,,,,,,,,,
1244348,2020/21,2021-01-14,Eden Gardens,1,2.5,Odisha,Tamil Nadu,Gourav Choudhury,Rajesh Dhuper,S Sandeep Warrier,0,0,,,,,,,,,
1244348,2020/21,2021-01-14,Eden Gardens,1,2.6,Odisha,Tamil Nadu,Gourav Choudhury,Rajesh Dhuper,S Sandeep Warrier,0,0,,,,,,,,,
1244348,2020/21,2021-01-14,Eden Gardens,1,2.7,Odisha,Tamil Nadu,Gourav Choudhury,Rajesh Dhuper,S Sandeep Warrier,1,0,,,,,,,,,
1244348,2020/21,2021-01-14,Eden Gardens,1,3.1,Odisha,Tamil Nadu,Gourav Choudhury,Rajesh Dhuper,R Sai Kishore,0,4,,,4,,,,,,
1244348,2020/21,2021-01-14,Eden Gardens,1,3.2,Odisha,Tamil Nadu,Gourav Choudhury,Rajesh Dhuper,R Sai Kishore,0,0,,,,,,bowled,Gourav Choudhury,,
1244348,2020/21,2021-01-14,Eden Gardens,1,3.3,Odisha,Tamil Nadu,Govinda Poddar,Rajesh Dhuper,R Sai Kishore,0,0,,,,,,,,,
1244348,2020/21,2021-01-14,Eden Gardens,1,3.4,Odisha,Tamil Nadu,Govinda Poddar,Rajesh Dhuper,R Sai Kishore,0,0,,,,,,,,,
1244348,2020/21,2021-01-14,Eden Gardens,1,3.5,Odisha,Tamil Nadu,Govinda Poddar,Rajesh Dhuper,R Sai Kishore,2,0,,,,,,,,,
1244348,2020/21,2021-01-14,Eden Gardens,1,3.6,Odisha,Tamil Nadu,Govinda Poddar,Rajesh Dhuper,R Sai Kishore,0,0,,,,,,,,,
1244348,2020/21,2021-01-14,Eden Gardens,1,4.1,Odisha,Tamil Nadu,Rajesh Dhuper,Govinda Poddar,S Sandeep Warrier,1,0,,,,,,,,,
1244348,2020/21,2021-01-14,Eden Gardens,1,4.2,Odisha,Tamil Nadu,Govinda Poddar,Rajesh Dhuper,S Sandeep Warrier,0,0,,,,,,,,,
1244348,2020/21,2021-01-14,Eden Gardens,1,4.3,Odisha,Tamil Nadu,Govinda Poddar,Rajesh Dhuper,S Sandeep Warrier,0,0,,,,,,,,,
1244348,2020/21,2021-01-14,Eden Gardens,1,4.4,Odisha,Tamil Nadu,Govinda Poddar,Rajesh Dhuper,S Sandeep Warrier,4,0,,,,,,,,,
1244348,2020/21,2021-01-14,Eden Gardens,1,4.5,Odisha,Tamil Nadu,Govinda Poddar,Rajesh Dhuper,S Sandeep Warrier,2,0,,,,,,,,,
1244348,2020/21,2021-01-14,Eden Gardens,1,4.6,Odisha,Tamil Nadu,Govinda Poddar,Rajesh Dhuper,S Sandeep Warrier,0,0,,,,,,caught,Govinda Poddar,,
1244348,2020/21,2021-01-14,Eden Gardens,1,5.1,Odisha,Tamil Nadu,Rajesh Dhuper,Subhransu Senapati,R Sai Kishore,0,0,,,,,,,,,
1244348,2020/21,2021-01-14,Eden Gardens,1,5.2,Odisha,Tamil Nadu,Rajesh Dhuper,Subhransu Senapati,R Sai Kishore,0,0,,,,,,,,,
1244348,2020/21,2021-01-14,Eden Gardens,1,5.3,Odisha,Tamil Nadu,Rajesh Dhuper,Subhransu Senapati,R Sai Kishore,0,0,,,,,,,,,
1244348,2020/21,2021-01-14,Eden Gardens,1,5.4,Odisha,Tamil Nadu,Rajesh Dhuper,Subhransu Senapati,R Sai Kishore,0,0,,,,,,,,,
1244348,2020/21,2021-01-14,Eden Gardens,1,5.5,Odisha,Tamil Nadu,Rajesh Dhuper,Subhransu Senapati,R Sai Kishore,1,0,,,,,,,,,
1244348,2020/21,2021-01-14,Eden Gardens,1,5.6,Odisha,Tamil Nadu,Subhransu Senapati,Rajesh Dhuper,R Sai Kishore,0,0,,,,,,,,,
1244348,2020/21,2021-01-14,Eden Gardens,1,6.1,Odisha,Tamil Nadu,Rajesh Dhuper,Subhransu Senapati,M Ashwin,0,0,,,,,,,,,
1244348,2020/21,2021-01-14,Eden Gardens,1,6.2,Odisha,Tamil Nadu,Rajesh Dhuper,Subhransu Senapati,M Ashwin,1,0,,,,,,,,,
1244348,2020/21,2021-01-14,Eden Gardens,1,6.3,Odisha,Tamil Nadu,Subhransu Senapati,Rajesh Dhuper,M Ashwin,1,0,,,,,,,,,
1244348,2020/21,2021-01-14,Eden Gardens,1,6.4,Odisha,Tamil Nadu,Rajesh Dhuper,Subhransu Senapati,M Ashwin,0,0,,,,,,,,,
1244348,2020/21,2021-01-14,Eden Gardens,1,6.5,Odisha,Tamil Nadu,Rajesh Dhuper,Subhransu Senapati,M Ashwin,1,0,,,,,,,,,
1244348,2020/21,2021-01-14,Eden Gardens,1,6.6,Odisha,Tamil Nadu,Subhransu Senapati,Rajesh Dhuper,M Ashwin,1,0,,,,,,,,,
1244348,2020/21,2021-01-14,Eden Gardens,1,7.1,Odisha,Tamil Nadu,Subhransu Senapati,Rajesh Dhuper,R Sai Kishore,1,0,,,,,,,,,
1244348,2020/21,2021-01-14,Eden Gardens,1,7.2,Odisha,Tamil Nadu,Rajesh Dhuper,Subhransu Senapati,R Sai Kishore,1,0,,,,,,,,,
1244348,2020/21,2021-01-14,Eden Gardens,1,7.3,Odisha,Tamil Nadu,Subhransu Senapati,Rajesh Dhuper,R Sai Kishore,1,0,,,,,,,,,
1244348,2020/21,2021-01-14,Eden Gardens,1,7.4,Odisha,Tamil Nadu,Rajesh Dhuper,Subhransu Senapati,R Sai Kishore,0,0,,,,,,,,,
1244348,2020/21,2021-01-14,Eden Gardens,1,7.5,Odisha,Tamil Nadu,Rajesh Dhuper,Subhransu Senapati,R Sai Kishore,1,0,,,,,,,,,
1244348,2020/21,2021-01-14,Eden Gardens,1,7.6,Odisha,Tamil Nadu,Subhransu Senapati,Rajesh Dhuper,R Sai Kishore,1,0,,,,,,,,,
1244348,2020/21,2021-01-14,Eden Gardens,1,8.1,Odisha,Tamil Nadu,Subhransu Senapati,Rajesh Dhuper,Aswin Crist,1,0,,,,,,,,,
1244348,2020/21,2021-01-14,Eden Gardens,1,8.2,Odisha,Tamil Nadu,Rajesh Dhuper,Subhransu Senapati,Aswin Crist,1,0,,,,,,,,,
1244348,2020/21,2021-01-14,Eden Gardens,1,8.3,Odisha,Tamil Nadu,Subhransu Senapati,Rajesh Dhuper,Aswin Crist,0,0,,,,,,,,,
1244348,2020/21,2021-01-14,Eden Gardens,1,8.4,Odisha,Tamil Nadu,Subhransu Senapati,Rajesh Dhuper,Aswin Crist,2,0,,,,,,,,,
1244348,2020/21,2021-01-14,Eden Gardens,1,8.5,Odisha,Tamil Nadu,Subhransu Senapati,Rajesh Dhuper,Aswin Crist,0,0,,,,,,,,,
1244348,2020/21,2021-01-14,Eden Gardens,1,8.6,Odisha,Tamil Nadu,Subhransu Senapati,Rajesh Dhuper,Aswin Crist,1,0,,,,,,,,,
1244348,2020/21,2021-01-14,Eden Gardens,1,9.1,Odisha,Tamil Nadu,Subhransu Senapati,Rajesh Dhuper,M Mohammed,4,0,,,,,,,,,
1244348,2020/21,2021-01-14,Eden Gardens,1,9.2,Odisha,Tamil Nadu,Subhransu Senapati,Rajesh Dhuper,M Mohammed,1,0,,,,,,,,,
1244348,2020/21,2021-01-14,Eden Gardens,1,9.3,Odisha,Tamil Nadu,Rajesh Dhuper,Subhransu Senapati,M Mohammed,0,0,,,,,,,,,
1244348,2020/21,2021-01-14,Eden Gardens,1,9.4,Odisha,Tamil Nadu,Rajesh Dhuper,Subhransu Senapati,M Mohammed,1,0,,,,,,,,,
1244348,2020/21,2021-01-14,Eden Gardens,1,9.5,Odisha,Tamil Nadu,Subhransu Senapati,Rajesh Dhuper,M Mohammed,2,0,,,,,,,,,
1244348,2020/21,2021-01-14,Eden Gardens,1,9.6,Odisha,Tamil Nadu,Subhransu Senapati,Rajesh Dhuper,M Mohammed,0,0,,,,,,,,,
1244348,2020/21,2021-01-14,Eden Gardens,1,10.1,Odisha,Tamil Nadu,Rajesh Dhuper,Subhransu Senapati,M Ashwin,0,0,,,,,,,,,
1244348,2020/21,2021-01-14,Eden Gardens,1,10.2,Odisha,Tamil Nadu,Rajesh Dhuper,Subhransu Senapati,M Ashwin,1,0,,,,,,,,,
1244348,2020/21,2021-01-14,Eden Gardens,1,10.3,Odisha,Tamil Nadu,Subhransu Senapati,Rajesh Dhuper,M Ashwin,0,0,,,,,,,,,
1244348,2020/21,2021-01-14,Eden Gardens,1,10.4,Odisha,Tamil Nadu,Subhransu Senapati,Rajesh Dhuper,M Ashwin,4,0,,,,,,,,,
1244348,2020/21,2021-01-14,Eden Gardens,1,10.5,Odisha,Tamil Nadu,Subhransu Senapati,Rajesh Dhuper,M Ashwin,0,0,,,,,,caught,Subhransu Senapati,,
1244348,2020/21,2021-01-14,Eden Gardens,1,10.6,Odisha,Tamil Nadu,BB Samantray,Rajesh Dhuper,M Ashwin,1,0,,,,,,,,,
1244348,2020/21,2021-01-14,Eden Gardens,1,11.1,Odisha,Tamil Nadu,BB Samantray,Rajesh Dhuper,M Mohammed,0,0,,,,,,,,,
1244348,2020/21,2021-01-14,Eden Gardens,1,11.2,Odisha,Tamil Nadu,BB Samantray,Rajesh Dhuper,M Mohammed,0,0,,,,,,,,,
1244348,2020/21,2021-01-14,Eden Gardens,1,11.3,Odisha,Tamil Nadu,BB Samantray,Rajesh Dhuper,M Mohammed,0,0,,,,,,,,,
1244348,2020/21,2021-01-14,Eden Gardens,1,11.4,Odisha,Tamil Nadu,BB Samantray,Rajesh Dhuper,M Mohammed,0,0,,,,,,,,,
1244348,2020/21,2021-01-14,Eden Gardens,1,11.5,Odisha,Tamil Nadu,BB Samantray,Rajesh Dhuper,M Mohammed,1,0,,,,,,,,,
1244348,2020/21,2021-01-14,Eden Gardens,1,11.6,Odisha,Tamil Nadu,Rajesh Dhuper,BB Samantray,M Mohammed,4,0,,,,,,,,,
1244348,2020/21,2021-01-14,Eden Gardens,1,12.1,Odisha,Tamil Nadu,BB Samantray,Rajesh Dhuper,Aswin Crist,1,0,,,,,,,,,
1244348,2020/21,2021-01-14,Eden Gardens,1,12.2,Odisha,Tamil Nadu,Rajesh Dhuper,BB Samantray,Aswin Crist,0,0,,,,,,caught,Rajesh Dhuper,,
1244348,2020/21,2021-01-14,Eden Gardens,1,12.3,Odisha,Tamil Nadu,BB Samantray,Ankit Yadav,Aswin Crist,4,0,,,,,,,,,
1244348,2020/21,2021-01-14,Eden Gardens,1,12.4,Odisha,Tamil Nadu,BB Samantray,Ankit Yadav,Aswin Crist,0,0,,,,,,caught,BB Samantray,,
1244348,2020/21,2021-01-14,Eden Gardens,1,12.5,Odisha,Tamil Nadu,Sarbeswar Mohanty,Ankit Yadav,Aswin Crist,0,0,,,,,,,,,
1244348,2020/21,2021-01-14,Eden Gardens,1,12.6,Odisha,Tamil Nadu,Sarbeswar Mohanty,Ankit Yadav,Aswin Crist,0,0,,,,,,,,,
1244348,2020/21,2021-01-14,Eden Gardens,1,13.1,Odisha,Tamil Nadu,Ankit Yadav,Sarbeswar Mohanty,R Sai Kishore,0,0,,,,,,,,,
1244348,2020/21,2021-01-14,Eden Gardens,1,13.2,Odisha,Tamil Nadu,Ankit Yadav,Sarbeswar Mohanty,R Sai Kishore,1,0,,,,,,,,,
1244348,2020/21,2021-01-14,Eden Gardens,1,13.3,Odisha,Tamil Nadu,Sarbeswar Mohanty,Ankit Yadav,R Sai Kishore,0,0,,,,,,,,,
1244348,2020/21,2021-01-14,Eden Gardens,1,13.4,Odisha,Tamil Nadu,Sarbeswar Mohanty,Ankit Yadav,R Sai Kishore,1,0,,,,,,,,,
1244348,2020/21,2021-01-14,Eden Gardens,1,13.5,Odisha,Tamil Nadu,Ankit Yadav,Sarbeswar Mohanty,R Sai Kishore,1,0,,,,,,,,,
1244348,2020/21,2021-01-14,Eden Gardens,1,13.6,Odisha,Tamil Nadu,Sarbeswar Mohanty,Ankit Yadav,R Sai Kishore,1,0,,,,,,,,,
1244348,2020/21,2021-01-14,Eden Gardens,1,14.1,Odisha,Tamil Nadu,Sarbeswar Mohanty,Ankit Yadav,Aswin Crist,4,0,,,,,,,,,
1244348,2020/21,2021-01-14,Eden Gardens,1,14.2,Odisha,Tamil Nadu,Sarbeswar Mohanty,Ankit Yadav,Aswin Crist,0,0,,,,,,,,,
1244348,2020/21,2021-01-14,Eden Gardens,1,14.3,Odisha,Tamil Nadu,Sarbeswar Mohanty,Ankit Yadav,Aswin Crist,1,0,,,,,,,,,
1244348,2020/21,2021-01-14,Eden Gardens,1,14.4,Odisha,Tamil Nadu,Ankit Yadav,Sarbeswar Mohanty,Aswin Crist,0,0,,,,,,,,,
1244348,2020/21,2021-01-14,Eden Gardens,1,14.5,Odisha,Tamil Nadu,Ankit Yadav,Sarbeswar Mohanty,Aswin Crist,1,0,,,,,,,,,
1244348,2020/21,2021-01-14,Eden Gardens,1,14.6,Odisha,Tamil Nadu,Sarbeswar Mohanty,Ankit Yadav,Aswin Crist,1,0,,,,,,,,,
1244348,2020/21,2021-01-14,Eden Gardens,1,15.1,Odisha,Tamil Nadu,Sarbeswar Mohanty,Ankit Yadav,M Ashwin,0,1,,,,1,,,,,
1244348,2020/21,2021-01-14,Eden Gardens,1,15.2,Odisha,Tamil Nadu,Ankit Yadav,Sarbeswar Mohanty,M Ashwin,1,0,,,,,,,,,
1244348,2020/21,2021-01-14,Eden Gardens,1,15.3,Odisha,Tamil Nadu,Sarbeswar Mohanty,Ankit Yadav,M Ashwin,1,0,,,,,,,,,
1244348,2020/21,2021-01-14,Eden Gardens,1,15.4,Odisha,Tamil Nadu,Ankit Yadav,Sarbeswar Mohanty,M Ashwin,0,0,,,,,,bowled,Ankit Yadav,,
1244348,2020/21,2021-01-14,Eden Gardens,1,15.5,Odisha,Tamil Nadu,Suryakant Pradhan,Sarbeswar Mohanty,M Ashwin,1,0,,,,,,,,,
1244348,2020/21,2021-01-14,Eden Gardens,1,15.6,Odisha,Tamil Nadu,Sarbeswar Mohanty,Suryakant Pradhan,M Ashwin,0,0,,,,,,,,,
1244348,2020/21,2021-01-14,Eden Gardens,1,16.1,Odisha,Tamil Nadu,Suryakant Pradhan,Sarbeswar Mohanty,S Sandeep Warrier,6,0,,,,,,,,,
1244348,2020/21,2021-01-14,Eden Gardens,1,16.2,Odisha,Tamil Nadu,Suryakant Pradhan,Sarbeswar Mohanty,S Sandeep Warrier,1,0,,,,,,,,,
1244348,2020/21,2021-01-14,Eden Gardens,1,16.3,Odisha,Tamil Nadu,Sarbeswar Mohanty,Suryakant Pradhan,S Sandeep Warrier,1,0,,,,,,,,,
1244348,2020/21,2021-01-14,Eden Gardens,1,16.4,Odisha,Tamil Nadu,Suryakant Pradhan,Sarbeswar Mohanty,S Sandeep Warrier,4,0,,,,,,,,,
1244348,2020/21,2021-01-14,Eden Gardens,1,16.5,Odisha,Tamil Nadu,Suryakant Pradhan,Sarbeswar Mohanty,S Sandeep Warrier,1,0,,,,,,,,,
1244348,2020/21,2021-01-14,Eden Gardens,1,16.6,Odisha,Tamil Nadu,Sarbeswar Mohanty,Suryakant Pradhan,S Sandeep Warrier,2,0,,,,,,,,,
1244348,2020/21,2021-01-14,Eden Gardens,1,17.1,Odisha,Tamil Nadu,Suryakant Pradhan,Sarbeswar Mohanty,M Mohammed,1,0,,,,,,,,,
1244348,2020/21,2021-01-14,Eden Gardens,1,17.2,Odisha,Tamil Nadu,Sarbeswar Mohanty,Suryakant Pradhan,M Mohammed,1,0,,,,,,,,,
1244348,2020/21,2021-01-14,Eden Gardens,1,17.3,Odisha,Tamil Nadu,Suryakant Pradhan,Sarbeswar Mohanty,M Mohammed,6,0,,,,,,,,,
1244348,2020/21,2021-01-14,Eden Gardens,1,17.4,Odisha,Tamil Nadu,Suryakant Pradhan,Sarbeswar Mohanty,M Mohammed,1,0,,,,,,,,,
1244348,2020/21,2021-01-14,Eden Gardens,1,17.5,Odisha,Tamil Nadu,Sarbeswar Mohanty,Suryakant Pradhan,M Mohammed,2,0,,,,,,,,,
1244348,2020/21,2021-01-14,Eden Gardens,1,17.6,Odisha,Tamil Nadu,Sarbeswar Mohanty,Suryakant Pradhan,M Mohammed,1,0,,,,,,,,,
1244348,2020/21,2021-01-14,Eden Gardens,1,18.1,Odisha,Tamil Nadu,Sarbeswar Mohanty,Suryakant Pradhan,M Ashwin,0,0,,,,,,,,,
1244348,2020/21,2021-01-14,Eden Gardens,1,18.2,Odisha,Tamil Nadu,Sarbeswar Mohanty,Suryakant Pradhan,M Ashwin,0,0,,,,,,lbw,Sarbeswar Mohanty,,
1244348,2020/21,2021-01-14,Eden Gardens,1,18.3,Odisha,Tamil Nadu,Rajesh Mohanty,Suryakant Pradhan,M Ashwin,0,0,,,,,,,,,
1244348,2020/21,2021-01-14,Eden Gardens,1,18.4,Odisha,Tamil Nadu,Rajesh Mohanty,Suryakant Pradhan,M Ashwin,0,0,,,,,,,,,
1244348,2020/21,2021-01-14,Eden Gardens,1,18.5,Odisha,Tamil Nadu,Rajesh Mohanty,Suryakant Pradhan,M Ashwin,2,0,,,,,,,,,
1244348,2020/21,2021-01-14,Eden Gardens,1,18.6,Odisha,Tamil Nadu,Rajesh Mohanty,Suryakant Pradhan,M Ashwin,1,0,,,,,,,,,
1244348,2020/21,2021-01-14,Eden Gardens,1,19.1,Odisha,Tamil Nadu,Rajesh Mohanty,Suryakant Pradhan,M Mohammed,0,0,,,,,,,,,
1244348,2020/21,2021-01-14,Eden Gardens,1,19.2,Odisha,Tamil Nadu,Rajesh Mohanty,Suryakant Pradhan,M Mohammed,1,0,,,,,,,,,
1244348,2020/21,2021-01-14,Eden Gardens,1,19.3,Odisha,Tamil Nadu,Suryakant Pradhan,Rajesh Mohanty,M Mohammed,2,0,,,,,,,,,
1244348,2020/21,2021-01-14,Eden Gardens,1,19.4,Odisha,Tamil Nadu,Suryakant Pradhan,Rajesh Mohanty,M Mohammed,0,0,,,,,,caught,Suryakant Pradhan,,
1244348,2020/21,2021-01-14,Eden Gardens,1,19.5,Odisha,Tamil Nadu,Rajesh Mohanty,Ankitkar Jaiswal,M Mohammed,0,0,,,,,,caught,Rajesh Mohanty,,
1244348,2020/21,2021-01-14,Eden Gardens,1,19.6,Odisha,Tamil Nadu,Ankitkar Jaiswal,Pappu Roy,M Mohammed,2,0,,,,,,,,,
1244348,2020/21,2021-01-14,Eden Gardens,2,0.1,Tamil Nadu,Odisha,Hari Nishaanth,N Jagadeesan,Pappu Roy,0,0,,,,,,,,,
1244348,2020/21,2021-01-14,Eden Gardens,2,0.2,Tamil Nadu,Odisha,Hari Nishaanth,N Jagadeesan,Pappu Roy,2,0,,,,,,,,,
1244348,2020/21,2021-01-14,Eden Gardens,2,0.3,Tamil Nadu,Odisha,Hari Nishaanth,N Jagadeesan,Pappu Roy,0,0,,,,,,,,,
1244348,2020/21,2021-01-14,Eden Gardens,2,0.4,Tamil Nadu,Odisha,Hari Nishaanth,N Jagadeesan,Pappu Roy,1,0,,,,,,,,,
1244348,2020/21,2021-01-14,Eden Gardens,2,0.5,Tamil Nadu,Odisha,N Jagadeesan,Hari Nishaanth,Pappu Roy,2,0,,,,,,,,,
1244348,2020/21,2021-01-14,Eden Gardens,2,0.6,Tamil Nadu,Odisha,N Jagadeesan,Hari Nishaanth,Pappu Roy,0,0,,,,,,,,,
1244348,2020/21,2021-01-14,Eden Gardens,2,1.1,Tamil Nadu,Odisha,Hari Nishaanth,N Jagadeesan,Suryakant Pradhan,1,0,,,,,,,,,
1244348,2020/21,2021-01-14,Eden Gardens,2,1.2,Tamil Nadu,Odisha,N Jagadeesan,Hari Nishaanth,Suryakant Pradhan,0,0,,,,,,,,,
1244348,2020/21,2021-01-14,Eden Gardens,2,1.3,Tamil Nadu,Odisha,N Jagadeesan,Hari Nishaanth,Suryakant Pradhan,1,0,,,,,,,,,
1244348,2020/21,2021-01-14,Eden Gardens,2,1.4,Tamil Nadu,Odisha,Hari Nishaanth,N Jagadeesan,Suryakant Pradhan,0,0,,,,,,,,,
1244348,2020/21,2021-01-14,Eden Gardens,2,1.5,Tamil Nadu,Odisha,Hari Nishaanth,N Jagadeesan,Suryakant Pradhan,0,0,,,,,,,,,
1244348,2020/21,2021-01-14,Eden Gardens,2,1.6,Tamil Nadu,Odisha,Hari Nishaanth,N Jagadeesan,Suryakant Pradhan,4,0,,,,,,,,,
1244348,2020/21,2021-01-14,Eden Gardens,2,2.1,Tamil Nadu,Odisha,N Jagadeesan,Hari Nishaanth,Govinda Poddar,0,0,,,,,,,,,
1244348,2020/21,2021-01-14,Eden Gardens,2,2.2,Tamil Nadu,Odisha,N Jagadeesan,Hari Nishaanth,Govinda Poddar,1,0,,,,,,,,,
1244348,2020/21,2021-01-14,Eden Gardens,2,2.3,Tamil Nadu,Odisha,Hari Nishaanth,N Jagadeesan,Govinda Poddar,1,0,,,,,,,,,
1244348,2020/21,2021-01-14,Eden Gardens,2,2.4,Tamil Nadu,Odisha,N Jagadeesan,Hari Nishaanth,Govinda Poddar,4,0,,,,,,,,,
1244348,2020/21,2021-01-14,Eden Gardens,2,2.5,Tamil Nadu,Odisha,N Jagadeesan,Hari Nishaanth,Govinda Poddar,0,0,,,,,,,,,
1244348,2020/21,2021-01-14,Eden Gardens,2,2.6,Tamil Nadu,Odisha,N Jagadeesan,Hari Nishaanth,Govinda Poddar,4,0,,,,,,,,,
1244348,2020/21,2021-01-14,Eden Gardens,2,3.1,Tamil Nadu,Odisha,Hari Nishaanth,N Jagadeesan,Rajesh Mohanty,4,0,,,,,,,,,
1244348,2020/21,2021-01-14,Eden Gardens,2,3.2,Tamil Nadu,Odisha,Hari Nishaanth,N Jagadeesan,Rajesh Mohanty,1,0,,,,,,,,,
1244348,2020/21,2021-01-14,Eden Gardens,2,3.3,Tamil Nadu,Odisha,N Jagadeesan,Hari Nishaanth,Rajesh Mohanty,1,0,,,,,,,,,
1244348,2020/21,2021-01-14,Eden Gardens,2,3.4,Tamil Nadu,Odisha,Hari Nishaanth,N Jagadeesan,Rajesh Mohanty,0,0,,,,,,,,,
1244348,2020/21,2021-01-14,Eden Gardens,2,3.5,Tamil Nadu,Odisha,Hari Nishaanth,N Jagadeesan,Rajesh Mohanty,1,0,,,,,,,,,
1244348,2020/21,2021-01-14,Eden Gardens,2,3.6,Tamil Nadu,Odisha,N Jagadeesan,Hari Nishaanth,Rajesh Mohanty,6,0,,,,,,,,,
1244348,2020/21,2021-01-14,Eden Gardens,2,4.1,Tamil Nadu,Odisha,Hari Nishaanth,N Jagadeesan,Pappu Roy,4,0,,,,,,,,,
1244348,2020/21,2021-01-14,Eden Gardens,2,4.2,Tamil Nadu,Odisha,Hari Nishaanth,N Jagadeesan,Pappu Roy,6,0,,,,,,,,,
1244348,2020/21,2021-01-14,Eden Gardens,2,4.3,Tamil Nadu,Odisha,Hari Nishaanth,N Jagadeesan,Pappu Roy,0,0,,,,,,,,,
1244348,2020/21,2021-01-14,Eden Gardens,2,4.4,Tamil Nadu,Odisha,Hari Nishaanth,N Jagadeesan,Pappu Roy,0,0,,,,,,,,,
1244348,2020/21,2021-01-14,Eden Gardens,2,4.5,Tamil Nadu,Odisha,Hari Nishaanth,N Jagadeesan,Pappu Roy,0,0,,,,,,,,,
1244348,2020/21,2021-01-14,Eden Gardens,2,4.6,Tamil Nadu,Odisha,Hari Nishaanth,N Jagadeesan,Pappu Roy,4,0,,,,,,,,,
1244348,2020/21,2021-01-14,Eden Gardens,2,5.1,Tamil Nadu,Odisha,N Jagadeesan,Hari Nishaanth,Ankitkar Jaiswal,0,0,,,,,,,,,
1244348,2020/21,2021-01-14,Eden Gardens,2,5.2,Tamil Nadu,Odisha,N Jagadeesan,Hari Nishaanth,Ankitkar Jaiswal,0,0,,,,,,,,,
1244348,2020/21,2021-01-14,Eden Gardens,2,5.3,Tamil Nadu,Odisha,N Jagadeesan,Hari Nishaanth,Ankitkar Jaiswal,4,0,,,,,,,,,
1244348,2020/21,2021-01-14,Eden Gardens,2,5.4,Tamil Nadu,Odisha,N Jagadeesan,Hari Nishaanth,Ankitkar Jaiswal,2,0,,,,,,,,,
1244348,2020/21,2021-01-14,Eden Gardens,2,5.5,Tamil Nadu,Odisha,N Jagadeesan,Hari Nishaanth,Ankitkar Jaiswal,1,0,,,,,,,,,
1244348,2020/21,2021-01-14,Eden Gardens,2,5.6,Tamil Nadu,Odisha,Hari Nishaanth,N Jagadeesan,Ankitkar Jaiswal,0,0,,,,,,,,,
1244348,2020/21,2021-01-14,Eden Gardens,2,6.1,Tamil Nadu,Odisha,N Jagadeesan,Hari Nishaanth,Pappu Roy,1,0,,,,,,,,,
1244348,2020/21,2021-01-14,Eden Gardens,2,6.2,Tamil Nadu,Odisha,Hari Nishaanth,N Jagadeesan,Pappu Roy,0,0,,,,,,,,,
1244348,2020/21,2021-01-14,Eden Gardens,2,6.3,Tamil Nadu,Odisha,Hari Nishaanth,N Jagadeesan,Pappu Roy,0,0,,,,,,caught,Hari Nishaanth,,
1244348,2020/21,2021-01-14,Eden Gardens,2,6.4,Tamil Nadu,Odisha,N Jagadeesan,KB Arun Karthik,Pappu Roy,0,0,,,,,,,,,
1244348,2020/21,2021-01-14,Eden Gardens,2,6.5,Tamil Nadu,Odisha,N Jagadeesan,KB Arun Karthik,Pappu Roy,1,0,,,,,,,,,
1244348,2020/21,2021-01-14,Eden Gardens,2,6.6,Tamil Nadu,Odisha,KB Arun Karthik,N Jagadeesan,Pappu Roy,0,0,,,,,,,,,
1244348,2020/21,2021-01-14,Eden Gardens,2,7.1,Tamil Nadu,Odisha,N Jagadeesan,KB Arun Karthik,Suryakant Pradhan,1,0,,,,,,,,,
1244348,2020/21,2021-01-14,Eden Gardens,2,7.2,Tamil Nadu,Odisha,KB Arun Karthik,N Jagadeesan,Suryakant Pradhan,1,0,,,,,,,,,
1244348,2020/21,2021-01-14,Eden Gardens,2,7.3,Tamil Nadu,Odisha,N Jagadeesan,KB Arun Karthik,Suryakant Pradhan,4,0,,,,,,,,,
1244348,2020/21,2021-01-14,Eden Gardens,2,7.4,Tamil Nadu,Odisha,N Jagadeesan,KB Arun Karthik,Suryakant Pradhan,1,0,,,,,,,,,
1244348,2020/21,2021-01-14,Eden Gardens,2,7.5,Tamil Nadu,Odisha,KB Arun Karthik,N Jagadeesan,Suryakant Pradhan,0,0,,,,,,,,,
1244348,2020/21,2021-01-14,Eden Gardens,2,7.6,Tamil Nadu,Odisha,KB Arun Karthik,N Jagadeesan,Suryakant Pradhan,0,0,,,,,,,,,
1244348,2020/21,2021-01-14,Eden Gardens,2,8.1,Tamil Nadu,Odisha,N Jagadeesan,KB Arun Karthik,Ankitkar Jaiswal,1,0,,,,,,,,,
1244348,2020/21,2021-01-14,Eden Gardens,2,8.2,Tamil Nadu,Odisha,KB Arun Karthik,N Jagadeesan,Ankitkar Jaiswal,1,0,,,,,,,,,
1244348,2020/21,2021-01-14,Eden Gardens,2,8.3,Tamil Nadu,Odisha,N Jagadeesan,KB Arun Karthik,Ankitkar Jaiswal,0,0,,,,,,,,,
1244348,2020/21,2021-01-14,Eden Gardens,2,8.4,Tamil Nadu,Odisha,N Jagadeesan,KB Arun Karthik,Ankitkar Jaiswal,0,0,,,,,,,,,
1244348,2020/21,2021-01-14,Eden Gardens,2,8.5,Tamil Nadu,Odisha,N Jagadeesan,KB Arun Karthik,Ankitkar Jaiswal,0,0,,,,,,,,,
1244348,2020/21,2021-01-14,Eden Gardens,2,8.6,Tamil Nadu,Odisha,N Jagadeesan,KB Arun Karthik,Ankitkar Jaiswal,1,0,,,,,,,,,
1244348,2020/21,2021-01-14,Eden Gardens,2,9.1,Tamil Nadu,Odisha,N Jagadeesan,KB Arun Karthik,Govinda Poddar,6,0,,,,,,,,,
1244348,2020/21,2021-01-14,Eden Gardens,2,9.2,Tamil Nadu,Odisha,N Jagadeesan,KB Arun Karthik,Govinda Poddar,1,0,,,,,,,,,
1244348,2020/21,2021-01-14,Eden Gardens,2,9.3,Tamil Nadu,Odisha,KB Arun Karthik,N Jagadeesan,Govinda Poddar,1,0,,,,,,,,,
1244348,2020/21,2021-01-14,Eden Gardens,2,9.4,Tamil Nadu,Odisha,N Jagadeesan,KB Arun Karthik,Govinda Poddar,6,0,,,,,,,,,
1244348,2020/21,2021-01-14,Eden Gardens,2,9.5,Tamil Nadu,Odisha,N Jagadeesan,KB Arun Karthik,Govinda Poddar,1,0,,,,,,,,,
1244348,2020/21,2021-01-14,Eden Gardens,2,9.6,Tamil Nadu,Odisha,KB Arun Karthik,N Jagadeesan,Govinda Poddar,1,0,,,,,,,,,
1244348,2020/21,2021-01-14,Eden Gardens,2,10.1,Tamil Nadu,Odisha,KB Arun Karthik,N Jagadeesan,Rajesh Mohanty,0,0,,,,,,,,,
1244348,2020/21,2021-01-14,Eden Gardens,2,10.2,Tamil Nadu,Odisha,KB Arun Karthik,N Jagadeesan,Rajesh Mohanty,1,0,,,,,,,,,
1244348,2020/21,2021-01-14,Eden Gardens,2,10.3,Tamil Nadu,Odisha,N Jagadeesan,KB Arun Karthik,Rajesh Mohanty,1,0,,,,,,,,,
1244348,2020/21,2021-01-14,Eden Gardens,2,10.4,Tamil Nadu,Odisha,KB Arun Karthik,N Jagadeesan,Rajesh Mohanty,4,0,,,,,,,,,
1244348,2020/21,2021-01-14,Eden Gardens,2,10.5,Tamil Nadu,Odisha,KB Arun Karthik,N Jagadeesan,Rajesh Mohanty,0,0,,,,,,,,,
1244348,2020/21,2021-01-14,Eden Gardens,2,10.6,Tamil Nadu,Odisha,KB Arun Karthik,N Jagadeesan,Rajesh Mohanty,4,0,,,,,,,,,
1244348,2020/21,2021-01-14,Eden Gardens,2,11.1,Tamil Nadu,Odisha,N Jagadeesan,KB Arun Karthik,Ankitkar Jaiswal,2,0,,,,,,,,,
1244348,2020/21,2021-01-14,Eden Gardens,2,11.2,Tamil Nadu,Odisha,N Jagadeesan,KB Arun Karthik,Ankitkar Jaiswal,1,0,,,,,,,,,
1244348,2020/21,2021-01-14,Eden Gardens,2,11.3,Tamil Nadu,Odisha,KB Arun Karthik,N Jagadeesan,Ankitkar Jaiswal,1,0,,,,,,,,,
1244348,2020/21,2021-01-14,Eden Gardens,2,11.4,Tamil Nadu,Odisha,N Jagadeesan,KB Arun Karthik,Ankitkar Jaiswal,1,0,,,,,,,,,
1244348,2020/21,2021-01-14,Eden Gardens,2,11.5,Tamil Nadu,Odisha,KB Arun Karthik,N Jagadeesan,Ankitkar Jaiswal,0,0,,,,,,,,,
1244348,2020/21,2021-01-14,Eden Gardens,2,11.6,Tamil Nadu,Odisha,KB Arun Karthik,N Jagadeesan,Ankitkar Jaiswal,6,0,,,,,,,,,
1244348,2020/21,2021-01-14,Eden Gardens,2,12.1,Tamil Nadu,Odisha,N Jagadeesan,KB Arun Karthik,Ankit Yadav,6,0,,,,,,,,,
1244348,2020/21,2021-01-14,Eden Gardens,2,12.2,Tamil Nadu,Odisha,N Jagadeesan,KB Arun Karthik,Ankit Yadav,0,0,,,,,,,,,
1244348,2020/21,2021-01-14,Eden Gardens,2,12.3,Tamil Nadu,Odisha,N Jagadeesan,KB Arun Karthik,Ankit Yadav,0,0,,,,,,caught,N Jagadeesan,,
1244348,2020/21,2021-01-14,Eden Gardens,2,12.4,Tamil Nadu,Odisha,M Shahrukh Khan,KB Arun Karthik,Ankit Yadav,0,0,,,,,,,,,
1244348,2020/21,2021-01-14,Eden Gardens,2,12.5,Tamil Nadu,Odisha,M Shahrukh Khan,KB Arun Karthik,Ankit Yadav,1,0,,,,,,,,,
1244348,2020/21,2021-01-14,Eden Gardens,2,12.6,Tamil Nadu,Odisha,KB Arun Karthik,M Shahrukh Khan,Ankit Yadav,1,0,,,,,,,,,
1244348,2020/21,2021-01-14,Eden Gardens,2,13.1,Tamil Nadu,Odisha,KB Arun Karthik,M Shahrukh Khan,Pappu Roy,1,0,,,,,,,,,
1244348,2020/21,2021-01-14,Eden Gardens,2,13.2,Tamil Nadu,Odisha,M Shahrukh Khan,KB Arun Karthik,Pappu Roy,0,0,,,,,,,,,
1244348,2020/21,2021-01-14,Eden Gardens,2,13.3,Tamil Nadu,Odisha,M Shahrukh Khan,KB Arun Karthik,Pappu Roy,0,0,,,,,,,,,
1244348,2020/21,2021-01-14,Eden Gardens,2,13.4,Tamil Nadu,Odisha,M Shahrukh Khan,KB Arun Karthik,Pappu Roy,0,0,,,,,,,,,
1244348,2020/21,2021-01-14,Eden Gardens,2,13.5,Tamil Nadu,Odisha,M Shahrukh Khan,KB Arun Karthik,Pappu Roy,6,0,,,,,,,,,
1244348,2020/21,2021-01-14,Eden Gardens,2,13.6,Tamil Nadu,Odisha,M Shahrukh Khan,KB Arun Karthik,Pappu Roy,4,0,,,,,,,,,
1244348,2020/21,2021-01-14,Eden Gardens,2,14.1,Tamil Nadu,Odisha,KB Arun Karthik,M Shahrukh Khan,Ankit Yadav,0,0,,,,,,,,,
1244348,2020/21,2021-01-14,Eden Gardens,2,14.2,Tamil Nadu,Odisha,KB Arun Karthik,M Shahrukh Khan,Ankit Yadav,1,0,,,,,,,,,
1244348,2020/21,2021-01-14,Eden Gardens,2,14.3,Tamil Nadu,Odisha,M Shahrukh Khan,KB Arun Karthik,Ankit Yadav,1,0,,,,,,,,,
1244348,2020/21,2021-01-14,Eden Gardens,2,14.4,Tamil Nadu,Odisha,KB Arun Karthik,M Shahrukh Khan,Ankit Yadav,1,0,,,,,,,,,
1244348,2020/21,2021-01-14,Eden Gardens,2,14.5,Tamil Nadu,Odisha,M Shahrukh Khan,KB Arun Karthik,Ankit Yadav,6,0,,,,,,,,,
1244348,2020/21,2021-01-14,Eden Gardens,2,14.6,Tamil Nadu,Odisha,M Shahrukh Khan,KB Arun Karthik,Ankit Yadav,0,0,,,,,,,,,
1244348,2020/21,2021-01-14,Eden Gardens,2,15.1,Tamil Nadu,Odisha,KB Arun Karthik,M Shahrukh Khan,Ankitkar Jaiswal,4,0,,,,,,,,,
