match_id,season,start_date,venue,innings,ball,batting_team,bowling_team,striker,non_striker,bowler,runs_off_bat,extras,wides,noballs,byes,legbyes,penalty,wicket_type,player_dismissed,other_wicket_type,other_player_dismissed
1244318,2020/21,2021-01-11,Sharad Pawar Cricket Academy BKC,1,0.1,Andhra,Haryana,KS Bharat,Prashanth Kumar,MM Sharma,0,0,,,,,,,,,
1244318,2020/21,2021-01-11,Sharad Pawar Cricket Academy BKC,1,0.2,Andhra,Haryana,KS Bharat,Prashanth Kumar,MM Sharma,1,0,,,,,,,,,
1244318,2020/21,2021-01-11,Sharad Pawar Cricket Academy BKC,1,0.3,Andhra,Haryana,Prashanth Kumar,KS Bharat,MM Sharma,0,0,,,,,,,,,
1244318,2020/21,2021-01-11,Sharad Pawar Cricket Academy BKC,1,0.4,Andhra,Haryana,Prashanth Kumar,KS Bharat,MM Sharma,1,0,,,,,,,,,
1244318,2020/21,2021-01-11,Sharad Pawar Cricket Academy BKC,1,0.5,Andhra,Haryana,KS Bharat,Prashanth Kumar,MM Sharma,1,0,,,,,,,,,
1244318,2020/21,2021-01-11,Sharad Pawar Cricket Academy BKC,1,0.6,Andhra,Haryana,Prashanth Kumar,KS Bharat,MM Sharma,0,0,,,,,,,,,
1244318,2020/21,2021-01-11,Sharad Pawar Cricket Academy BKC,1,1.1,Andhra,Haryana,KS Bharat,Prashanth Kumar,Arun Chaprana,0,0,,,,,,,,,
1244318,2020/21,2021-01-11,Sharad Pawar Cricket Academy BKC,1,1.2,Andhra,Haryana,KS Bharat,Prashanth Kumar,Arun Chaprana,4,0,,,,,,,,,
1244318,2020/21,2021-01-11,Sharad Pawar Cricket Academy BKC,1,1.3,Andhra,Haryana,KS Bharat,Prashanth Kumar,Arun Chaprana,4,0,,,,,,,,,
1244318,2020/21,2021-01-11,Sharad Pawar Cricket Academy BKC,1,1.4,Andhra,Haryana,KS Bharat,Prashanth Kumar,Arun Chaprana,2,0,,,,,,,,,
1244318,2020/21,2021-01-11,Sharad Pawar Cricket Academy BKC,1,1.5,Andhra,Haryana,KS Bharat,Prashanth Kumar,Arun Chaprana,4,0,,,,,,,,,
1244318,2020/21,2021-01-11,Sharad Pawar Cricket Academy BKC,1,1.6,Andhra,Haryana,KS Bharat,Prashanth Kumar,Arun Chaprana,4,0,,,,,,,,,
1244318,2020/21,2021-01-11,Sharad Pawar Cricket Academy BKC,1,2.1,Andhra,Haryana,Prashanth Kumar,KS Bharat,MM Sharma,6,0,,,,,,,,,
1244318,2020/21,2021-01-11,Sharad Pawar Cricket Academy BKC,1,2.2,Andhra,Haryana,Prashanth Kumar,KS Bharat,MM Sharma,1,0,,,,,,,,,
1244318,2020/21,2021-01-11,Sharad Pawar Cricket Academy BKC,1,2.3,Andhra,Haryana,KS Bharat,Prashanth Kumar,MM Sharma,1,0,,,,,,,,,
1244318,2020/21,2021-01-11,Sharad Pawar Cricket Academy BKC,1,2.4,Andhra,Haryana,Prashanth Kumar,KS Bharat,MM Sharma,0,0,,,,,,,,,
1244318,2020/21,2021-01-11,Sharad Pawar Cricket Academy BKC,1,2.5,Andhra,Haryana,Prashanth Kumar,KS Bharat,MM Sharma,0,0,,,,,,,,,
1244318,2020/21,2021-01-11,Sharad Pawar Cricket Academy BKC,1,2.6,Andhra,Haryana,Prashanth Kumar,KS Bharat,MM Sharma,2,0,,,,,,,,,
1244318,2020/21,2021-01-11,Sharad Pawar Cricket Academy BKC,1,3.1,Andhra,Haryana,KS Bharat,Prashanth Kumar,J Yadav,1,0,,,,,,,,,
1244318,2020/21,2021-01-11,Sharad Pawar Cricket Academy BKC,1,3.2,Andhra,Haryana,Prashanth Kumar,KS Bharat,J Yadav,0,0,,,,,,,,,
1244318,2020/21,2021-01-11,Sharad Pawar Cricket Academy BKC,1,3.3,Andhra,Haryana,Prashanth Kumar,KS Bharat,J Yadav,1,0,,,,,,,,,
1244318,2020/21,2021-01-11,Sharad Pawar Cricket Academy BKC,1,3.4,Andhra,Haryana,KS Bharat,Prashanth Kumar,J Yadav,0,0,,,,,,,,,
1244318,2020/21,2021-01-11,Sharad Pawar Cricket Academy BKC,1,3.5,Andhra,Haryana,KS Bharat,Prashanth Kumar,J Yadav,0,0,,,,,,,,,
1244318,2020/21,2021-01-11,Sharad Pawar Cricket Academy BKC,1,3.6,Andhra,Haryana,KS Bharat,Prashanth Kumar,J Yadav,0,1,1,,,,,,,,
1244318,2020/21,2021-01-11,Sharad Pawar Cricket Academy BKC,1,3.7,Andhra,Haryana,KS Bharat,Prashanth Kumar,J Yadav,1,0,,,,,,,,,
1244318,2020/21,2021-01-11,Sharad Pawar Cricket Academy BKC,1,4.1,Andhra,Haryana,KS Bharat,Prashanth Kumar,Sumit Kumar,0,0,,,,,,,,,
1244318,2020/21,2021-01-11,Sharad Pawar Cricket Academy BKC,1,4.2,Andhra,Haryana,KS Bharat,Prashanth Kumar,Sumit Kumar,0,0,,,,,,caught,KS Bharat,,
1244318,2020/21,2021-01-11,Sharad Pawar Cricket Academy BKC,1,4.3,Andhra,Haryana,Prashanth Kumar,RK Bhui,Sumit Kumar,0,0,,,,,,,,,
1244318,2020/21,2021-01-11,Sharad Pawar Cricket Academy BKC,1,4.4,Andhra,Haryana,Prashanth Kumar,RK Bhui,Sumit Kumar,1,0,,,,,,,,,
1244318,2020/21,2021-01-11,Sharad Pawar Cricket Academy BKC,1,4.5,Andhra,Haryana,RK Bhui,Prashanth Kumar,Sumit Kumar,0,0,,,,,,,,,
1244318,2020/21,2021-01-11,Sharad Pawar Cricket Academy BKC,1,4.6,Andhra,Haryana,RK Bhui,Prashanth Kumar,Sumit Kumar,0,0,,,,,,,,,
1244318,2020/21,2021-01-11,Sharad Pawar Cricket Academy BKC,1,5.1,Andhra,Haryana,Prashanth Kumar,RK Bhui,J Yadav,0,0,,,,,,,,,
1244318,2020/21,2021-01-11,Sharad Pawar Cricket Academy BKC,1,5.2,Andhra,Haryana,Prashanth Kumar,RK Bhui,J Yadav,1,0,,,,,,,,,
1244318,2020/21,2021-01-11,Sharad Pawar Cricket Academy BKC,1,5.3,Andhra,Haryana,RK Bhui,Prashanth Kumar,J Yadav,0,0,,,,,,,,,
1244318,2020/21,2021-01-11,Sharad Pawar Cricket Academy BKC,1,5.4,Andhra,Haryana,RK Bhui,Prashanth Kumar,J Yadav,0,0,,,,,,,,,
1244318,2020/21,2021-01-11,Sharad Pawar Cricket Academy BKC,1,5.5,Andhra,Haryana,RK Bhui,Prashanth Kumar,J Yadav,1,0,,,,,,,,,
1244318,2020/21,2021-01-11,Sharad Pawar Cricket Academy BKC,1,5.6,Andhra,Haryana,Prashanth Kumar,RK Bhui,J Yadav,0,0,,,,,,,,,
1244318,2020/21,2021-01-11,Sharad Pawar Cricket Academy BKC,1,6.1,Andhra,Haryana,RK Bhui,Prashanth Kumar,Sumit Kumar,0,0,,,,,,,,,
1244318,2020/21,2021-01-11,Sharad Pawar Cricket Academy BKC,1,6.2,Andhra,Haryana,RK Bhui,Prashanth Kumar,Sumit Kumar,0,0,,,,,,,,,
1244318,2020/21,2021-01-11,Sharad Pawar Cricket Academy BKC,1,6.3,Andhra,Haryana,RK Bhui,Prashanth Kumar,Sumit Kumar,1,0,,,,,,,,,
1244318,2020/21,2021-01-11,Sharad Pawar Cricket Academy BKC,1,6.4,Andhra,Haryana,Prashanth Kumar,RK Bhui,Sumit Kumar,1,0,,,,,,,,,
1244318,2020/21,2021-01-11,Sharad Pawar Cricket Academy BKC,1,6.5,Andhra,Haryana,RK Bhui,Prashanth Kumar,Sumit Kumar,1,0,,,,,,,,,
1244318,2020/21,2021-01-11,Sharad Pawar Cricket Academy BKC,1,6.6,Andhra,Haryana,Prashanth Kumar,RK Bhui,Sumit Kumar,1,0,,,,,,,,,
1244318,2020/21,2021-01-11,Sharad Pawar Cricket Academy BKC,1,7.1,Andhra,Haryana,Prashanth Kumar,RK Bhui,YS Chahal,0,0,,,,,,,,,
1244318,2020/21,2021-01-11,Sharad Pawar Cricket Academy BKC,1,7.2,Andhra,Haryana,Prashanth Kumar,RK Bhui,YS Chahal,0,0,,,,,,,,,
1244318,2020/21,2021-01-11,Sharad Pawar Cricket Academy BKC,1,7.3,Andhra,Haryana,Prashanth Kumar,RK Bhui,YS Chahal,0,0,,,,,,,,,
1244318,2020/21,2021-01-11,Sharad Pawar Cricket Academy BKC,1,7.4,Andhra,Haryana,Prashanth Kumar,RK Bhui,YS Chahal,0,0,,,,,,,,,
1244318,2020/21,2021-01-11,Sharad Pawar Cricket Academy BKC,1,7.5,Andhra,Haryana,Prashanth Kumar,RK Bhui,YS Chahal,1,0,,,,,,,,,
1244318,2020/21,2021-01-11,Sharad Pawar Cricket Academy BKC,1,7.6,Andhra,Haryana,RK Bhui,Prashanth Kumar,YS Chahal,0,0,,,,,,,,,
1244318,2020/21,2021-01-11,Sharad Pawar Cricket Academy BKC,1,8.1,Andhra,Haryana,Prashanth Kumar,RK Bhui,R Tewatia,0,0,,,,,,,,,
1244318,2020/21,2021-01-11,Sharad Pawar Cricket Academy BKC,1,8.2,Andhra,Haryana,Prashanth Kumar,RK Bhui,R Tewatia,1,0,,,,,,,,,
1244318,2020/21,2021-01-11,Sharad Pawar Cricket Academy BKC,1,8.3,Andhra,Haryana,RK Bhui,Prashanth Kumar,R Tewatia,0,0,,,,,,,,,
1244318,2020/21,2021-01-11,Sharad Pawar Cricket Academy BKC,1,8.4,Andhra,Haryana,RK Bhui,Prashanth Kumar,R Tewatia,1,0,,,,,,,,,
1244318,2020/21,2021-01-11,Sharad Pawar Cricket Academy BKC,1,8.5,Andhra,Haryana,Prashanth Kumar,RK Bhui,R Tewatia,0,0,,,,,,,,,
1244318,2020/21,2021-01-11,Sharad Pawar Cricket Academy BKC,1,8.6,Andhra,Haryana,Prashanth Kumar,RK Bhui,R Tewatia,0,0,,,,,,,,,
1244318,2020/21,2021-01-11,Sharad Pawar Cricket Academy BKC,1,9.1,Andhra,Haryana,RK Bhui,Prashanth Kumar,YS Chahal,0,0,,,,,,,,,
1244318,2020/21,2021-01-11,Sharad Pawar Cricket Academy BKC,1,9.2,Andhra,Haryana,RK Bhui,Prashanth Kumar,YS Chahal,0,0,,,,,,,,,
1244318,2020/21,2021-01-11,Sharad Pawar Cricket Academy BKC,1,9.3,Andhra,Haryana,RK Bhui,Prashanth Kumar,YS Chahal,1,0,,,,,,,,,
1244318,2020/21,2021-01-11,Sharad Pawar Cricket Academy BKC,1,9.4,Andhra,Haryana,Prashanth Kumar,RK Bhui,YS Chahal,2,0,,,,,,,,,
1244318,2020/21,2021-01-11,Sharad Pawar Cricket Academy BKC,1,9.5,Andhra,Haryana,Prashanth Kumar,RK Bhui,YS Chahal,0,0,,,,,,,,,
1244318,2020/21,2021-01-11,Sharad Pawar Cricket Academy BKC,1,9.6,Andhra,Haryana,Prashanth Kumar,RK Bhui,YS Chahal,0,0,,,,,,,,,
1244318,2020/21,2021-01-11,Sharad Pawar Cricket Academy BKC,1,10.1,Andhra,Haryana,RK Bhui,Prashanth Kumar,R Tewatia,0,0,,,,,,,,,
1244318,2020/21,2021-01-11,Sharad Pawar Cricket Academy BKC,1,10.2,Andhra,Haryana,RK Bhui,Prashanth Kumar,R Tewatia,1,0,,,,,,,,,
1244318,2020/21,2021-01-11,Sharad Pawar Cricket Academy BKC,1,10.3,Andhra,Haryana,Prashanth Kumar,RK Bhui,R Tewatia,0,0,,,,,,,,,
1244318,2020/21,2021-01-11,Sharad Pawar Cricket Academy BKC,1,10.4,Andhra,Haryana,Prashanth Kumar,RK Bhui,R Tewatia,1,0,,,,,,,,,
1244318,2020/21,2021-01-11,Sharad Pawar Cricket Academy BKC,1,10.5,Andhra,Haryana,RK Bhui,Prashanth Kumar,R Tewatia,1,0,,,,,,,,,
1244318,2020/21,2021-01-11,Sharad Pawar Cricket Academy BKC,1,10.6,Andhra,Haryana,Prashanth Kumar,RK Bhui,R Tewatia,1,0,,,,,,,,,
1244318,2020/21,2021-01-11,Sharad Pawar Cricket Academy BKC,1,11.1,Andhra,Haryana,Prashanth Kumar,RK Bhui,J Yadav,0,0,,,,,,caught and bowled,Prashanth Kumar,,
1244318,2020/21,2021-01-11,Sharad Pawar Cricket Academy BKC,1,11.2,Andhra,Haryana,Ashwin Hebbar,RK Bhui,J Yadav,1,0,,,,,,,,,
1244318,2020/21,2021-01-11,Sharad Pawar Cricket Academy BKC,1,11.3,Andhra,Haryana,RK Bhui,Ashwin Hebbar,J Yadav,1,0,,,,,,,,,
1244318,2020/21,2021-01-11,Sharad Pawar Cricket Academy BKC,1,11.4,Andhra,Haryana,Ashwin Hebbar,RK Bhui,J Yadav,1,0,,,,,,,,,
1244318,2020/21,2021-01-11,Sharad Pawar Cricket Academy BKC,1,11.5,Andhra,Haryana,RK Bhui,Ashwin Hebbar,J Yadav,1,0,,,,,,,,,
1244318,2020/21,2021-01-11,Sharad Pawar Cricket Academy BKC,1,11.6,Andhra,Haryana,Ashwin Hebbar,RK Bhui,J Yadav,1,0,,,,,,,,,
1244318,2020/21,2021-01-11,Sharad Pawar Cricket Academy BKC,1,12.1,Andhra,Haryana,Ashwin Hebbar,RK Bhui,R Tewatia,1,0,,,,,,,,,
1244318,2020/21,2021-01-11,Sharad Pawar Cricket Academy BKC,1,12.2,Andhra,Haryana,RK Bhui,Ashwin Hebbar,R Tewatia,1,0,,,,,,,,,
1244318,2020/21,2021-01-11,Sharad Pawar Cricket Academy BKC,1,12.3,Andhra,Haryana,Ashwin Hebbar,RK Bhui,R Tewatia,1,0,,,,,,,,,
1244318,2020/21,2021-01-11,Sharad Pawar Cricket Academy BKC,1,12.4,Andhra,Haryana,RK Bhui,Ashwin Hebbar,R Tewatia,1,0,,,,,,,,,
1244318,2020/21,2021-01-11,Sharad Pawar Cricket Academy BKC,1,12.5,Andhra,Haryana,Ashwin Hebbar,RK Bhui,R Tewatia,1,0,,,,,,,,,
1244318,2020/21,2021-01-11,Sharad Pawar Cricket Academy BKC,1,12.6,Andhra,Haryana,RK Bhui,Ashwin Hebbar,R Tewatia,1,0,,,,,,,,,
1244318,2020/21,2021-01-11,Sharad Pawar Cricket Academy BKC,1,13.1,Andhra,Haryana,RK Bhui,Ashwin Hebbar,J Yadav,0,0,,,,,,,,,
1244318,2020/21,2021-01-11,Sharad Pawar Cricket Academy BKC,1,13.2,Andhra,Haryana,RK Bhui,Ashwin Hebbar,J Yadav,1,0,,,,,,,,,
1244318,2020/21,2021-01-11,Sharad Pawar Cricket Academy BKC,1,13.3,Andhra,Haryana,Ashwin Hebbar,RK Bhui,J Yadav,0,0,,,,,,,,,
1244318,2020/21,2021-01-11,Sharad Pawar Cricket Academy BKC,1,13.4,Andhra,Haryana,Ashwin Hebbar,RK Bhui,J Yadav,0,0,,,,,,,,,
1244318,2020/21,2021-01-11,Sharad Pawar Cricket Academy BKC,1,13.5,Andhra,Haryana,Ashwin Hebbar,RK Bhui,J Yadav,0,0,,,,,,caught,Ashwin Hebbar,,
1244318,2020/21,2021-01-11,Sharad Pawar Cricket Academy BKC,1,13.6,Andhra,Haryana,AT Rayudu,RK Bhui,J Yadav,1,0,,,,,,,,,
1244318,2020/21,2021-01-11,Sharad Pawar Cricket Academy BKC,1,14.1,Andhra,Haryana,AT Rayudu,RK Bhui,R Tewatia,0,0,,,,,,,,,
1244318,2020/21,2021-01-11,Sharad Pawar Cricket Academy BKC,1,14.2,Andhra,Haryana,AT Rayudu,RK Bhui,R Tewatia,0,0,,,,,,,,,
1244318,2020/21,2021-01-11,Sharad Pawar Cricket Academy BKC,1,14.3,Andhra,Haryana,AT Rayudu,RK Bhui,R Tewatia,1,0,,,,,,,,,
1244318,2020/21,2021-01-11,Sharad Pawar Cricket Academy BKC,1,14.4,Andhra,Haryana,RK Bhui,AT Rayudu,R Tewatia,1,0,,,,,,,,,
1244318,2020/21,2021-01-11,Sharad Pawar Cricket Academy BKC,1,14.5,Andhra,Haryana,AT Rayudu,RK Bhui,R Tewatia,1,0,,,,,,,,,
1244318,2020/21,2021-01-11,Sharad Pawar Cricket Academy BKC,1,14.6,Andhra,Haryana,RK Bhui,AT Rayudu,R Tewatia,0,0,,,,,,,,,
1244318,2020/21,2021-01-11,Sharad Pawar Cricket Academy BKC,1,15.1,Andhra,Haryana,AT Rayudu,RK Bhui,YS Chahal,6,0,,,,,,,,,
1244318,2020/21,2021-01-11,Sharad Pawar Cricket Academy BKC,1,15.2,Andhra,Haryana,AT Rayudu,RK Bhui,YS Chahal,1,0,,,,,,,,,
1244318,2020/21,2021-01-11,Sharad Pawar Cricket Academy BKC,1,15.3,Andhra,Haryana,RK Bhui,AT Rayudu,YS Chahal,6,0,,,,,,,,,
1244318,2020/21,2021-01-11,Sharad Pawar Cricket Academy BKC,1,15.4,Andhra,Haryana,RK Bhui,AT Rayudu,YS Chahal,0,0,,,,,,,,,
1244318,2020/21,2021-01-11,Sharad Pawar Cricket Academy BKC,1,15.5,Andhra,Haryana,RK Bhui,AT Rayudu,YS Chahal,1,0,,,,,,,,,
1244318,2020/21,2021-01-11,Sharad Pawar Cricket Academy BKC,1,15.6,Andhra,Haryana,AT Rayudu,RK Bhui,YS Chahal,1,0,,,,,,,,,
1244318,2020/21,2021-01-11,Sharad Pawar Cricket Academy BKC,1,16.1,Andhra,Haryana,AT Rayudu,RK Bhui,MM Sharma,1,0,,,,,,,,,
1244318,2020/21,2021-01-11,Sharad Pawar Cricket Academy BKC,1,16.2,Andhra,Haryana,RK Bhui,AT Rayudu,MM Sharma,2,0,,,,,,,,,
1244318,2020/21,2021-01-11,Sharad Pawar Cricket Academy BKC,1,16.3,Andhra,Haryana,RK Bhui,AT Rayudu,MM Sharma,4,0,,,,,,,,,
1244318,2020/21,2021-01-11,Sharad Pawar Cricket Academy BKC,1,16.4,Andhra,Haryana,RK Bhui,AT Rayudu,MM Sharma,1,0,,,,,,,,,
1244318,2020/21,2021-01-11,Sharad Pawar Cricket Academy BKC,1,16.5,Andhra,Haryana,AT Rayudu,RK Bhui,MM Sharma,1,0,,,,,,,,,
1244318,2020/21,2021-01-11,Sharad Pawar Cricket Academy BKC,1,16.6,Andhra,Haryana,RK Bhui,AT Rayudu,MM Sharma,6,0,,,,,,,,,
1244318,2020/21,2021-01-11,Sharad Pawar Cricket Academy BKC,1,17.1,Andhra,Haryana,AT Rayudu,RK Bhui,YS Chahal,0,0,,,,,,caught,AT Rayudu,,
1244318,2020/21,2021-01-11,Sharad Pawar Cricket Academy BKC,1,17.2,Andhra,Haryana,Naren Reddy,RK Bhui,YS Chahal,0,0,,,,,,,,,
1244318,2020/21,2021-01-11,Sharad Pawar Cricket Academy BKC,1,17.3,Andhra,Haryana,Naren Reddy,RK Bhui,YS Chahal,0,0,,,,,,caught,Naren Reddy,,
1244318,2020/21,2021-01-11,Sharad Pawar Cricket Academy BKC,1,17.4,Andhra,Haryana,RK Bhui,Girinath Reddy,YS Chahal,1,0,,,,,,,,,
1244318,2020/21,2021-01-11,Sharad Pawar Cricket Academy BKC,1,17.5,Andhra,Haryana,Girinath Reddy,RK Bhui,YS Chahal,0,0,,,,,,,,,
1244318,2020/21,2021-01-11,Sharad Pawar Cricket Academy BKC,1,17.6,Andhra,Haryana,Girinath Reddy,RK Bhui,YS Chahal,1,0,,,,,,,,,
1244318,2020/21,2021-01-11,Sharad Pawar Cricket Academy BKC,1,18.1,Andhra,Haryana,Girinath Reddy,RK Bhui,MM Sharma,0,0,,,,,,,,,
1244318,2020/21,2021-01-11,Sharad Pawar Cricket Academy BKC,1,18.2,Andhra,Haryana,Girinath Reddy,RK Bhui,MM Sharma,1,0,,,,,,,,,
1244318,2020/21,2021-01-11,Sharad Pawar Cricket Academy BKC,1,18.3,Andhra,Haryana,RK Bhui,Girinath Reddy,MM Sharma,1,0,,,,,,,,,
1244318,2020/21,2021-01-11,Sharad Pawar Cricket Academy BKC,1,18.4,Andhra,Haryana,Girinath Reddy,RK Bhui,MM Sharma,0,0,,,,,,,,,
1244318,2020/21,2021-01-11,Sharad Pawar Cricket Academy BKC,1,18.5,Andhra,Haryana,Girinath Reddy,RK Bhui,MM Sharma,1,0,,,,,,,,,
1244318,2020/21,2021-01-11,Sharad Pawar Cricket Academy BKC,1,18.6,Andhra,Haryana,RK Bhui,Girinath Reddy,MM Sharma,1,0,,,,,,,,,
1244318,2020/21,2021-01-11,Sharad Pawar Cricket Academy BKC,1,19.1,Andhra,Haryana,RK Bhui,Girinath Reddy,Arun Chaprana,0,0,,,,,,,,,
1244318,2020/21,2021-01-11,Sharad Pawar Cricket Academy BKC,1,19.2,Andhra,Haryana,RK Bhui,Girinath Reddy,Arun Chaprana,0,0,,,,,,,,,
1244318,2020/21,2021-01-11,Sharad Pawar Cricket Academy BKC,1,19.3,Andhra,Haryana,RK Bhui,Girinath Reddy,Arun Chaprana,1,0,,,,,,,,,
1244318,2020/21,2021-01-11,Sharad Pawar Cricket Academy BKC,1,19.4,Andhra,Haryana,Girinath Reddy,RK Bhui,Arun Chaprana,1,0,,,,,,,,,
1244318,2020/21,2021-01-11,Sharad Pawar Cricket Academy BKC,1,19.5,Andhra,Haryana,RK Bhui,Girinath Reddy,Arun Chaprana,1,0,,,,,,,,,
1244318,2020/21,2021-01-11,Sharad Pawar Cricket Academy BKC,1,19.6,Andhra,Haryana,Girinath Reddy,RK Bhui,Arun Chaprana,0,0,,,,,,run out,RK Bhui,,
1244318,2020/21,2021-01-11,Sharad Pawar Cricket Academy BKC,2,0.1,Haryana,Andhra,Chaitanya Bishnoi,GA Singh,Cheepurapalli Stephen,0,0,,,,,,,,,
1244318,2020/21,2021-01-11,Sharad Pawar Cricket Academy BKC,2,0.2,Haryana,Andhra,Chaitanya Bishnoi,GA Singh,Cheepurapalli Stephen,1,0,,,,,,,,,
1244318,2020/21,2021-01-11,Sharad Pawar Cricket Academy BKC,2,0.3,Haryana,Andhra,GA Singh,Chaitanya Bishnoi,Cheepurapalli Stephen,0,0,,,,,,,,,
1244318,2020/21,2021-01-11,Sharad Pawar Cricket Academy BKC,2,0.4,Haryana,Andhra,GA Singh,Chaitanya Bishnoi,Cheepurapalli Stephen,0,0,,,,,,caught,GA Singh,,
1244318,2020/21,2021-01-11,Sharad Pawar Cricket Academy BKC,2,0.5,Haryana,Andhra,Chaitanya Bishnoi,Himanshu Rana,Cheepurapalli Stephen,0,0,,,,,,,,,
1244318,2020/21,2021-01-11,Sharad Pawar Cricket Academy BKC,2,0.6,Haryana,Andhra,Chaitanya Bishnoi,Himanshu Rana,Cheepurapalli Stephen,0,0,,,,,,,,,
1244318,2020/21,2021-01-11,Sharad Pawar Cricket Academy BKC,2,1.1,Haryana,Andhra,Himanshu Rana,Chaitanya Bishnoi,K V Sasikanth,0,1,1,,,,,,,,
1244318,2020/21,2021-01-11,Sharad Pawar Cricket Academy BKC,2,1.2,Haryana,Andhra,Himanshu Rana,Chaitanya Bishnoi,K V Sasikanth,0,1,1,,,,,,,,
1244318,2020/21,2021-01-11,Sharad Pawar Cricket Academy BKC,2,1.3,Haryana,Andhra,Himanshu Rana,Chaitanya Bishnoi,K V Sasikanth,0,1,1,,,,,,,,
1244318,2020/21,2021-01-11,Sharad Pawar Cricket Academy BKC,2,1.4,Haryana,Andhra,Himanshu Rana,Chaitanya Bishnoi,K V Sasikanth,1,0,,,,,,,,,
1244318,2020/21,2021-01-11,Sharad Pawar Cricket Academy BKC,2,1.5,Haryana,Andhra,Chaitanya Bishnoi,Himanshu Rana,K V Sasikanth,0,0,,,,,,,,,
1244318,2020/21,2021-01-11,Sharad Pawar Cricket Academy BKC,2,1.6,Haryana,Andhra,Chaitanya Bishnoi,Himanshu Rana,K V Sasikanth,2,0,,,,,,,,,
1244318,2020/21,2021-01-11,Sharad Pawar Cricket Academy BKC,2,1.7,Haryana,Andhra,Chaitanya Bishnoi,Himanshu Rana,K V Sasikanth,1,0,,,,,,,,,
1244318,2020/21,2021-01-11,Sharad Pawar Cricket Academy BKC,2,1.8,Haryana,Andhra,Himanshu Rana,Chaitanya Bishnoi,K V Sasikanth,1,0,,,,,,,,,
1244318,2020/21,2021-01-11,Sharad Pawar Cricket Academy BKC,2,1.9,Haryana,Andhra,Chaitanya Bishnoi,Himanshu Rana,K V Sasikanth,0,0,,,,,,,,,
1244318,2020/21,2021-01-11,Sharad Pawar Cricket Academy BKC,2,2.1,Haryana,Andhra,Himanshu Rana,Chaitanya Bishnoi,Cheepurapalli Stephen,1,0,,,,,,,,,
1244318,2020/21,2021-01-11,Sharad Pawar Cricket Academy BKC,2,2.2,Haryana,Andhra,Chaitanya Bishnoi,Himanshu Rana,Cheepurapalli Stephen,4,0,,,,,,,,,
1244318,2020/21,2021-01-11,Sharad Pawar Cricket Academy BKC,2,2.3,Haryana,Andhra,Chaitanya Bishnoi,Himanshu Rana,Cheepurapalli Stephen,0,0,,,,,,,,,
1244318,2020/21,2021-01-11,Sharad Pawar Cricket Academy BKC,2,2.4,Haryana,Andhra,Chaitanya Bishnoi,Himanshu Rana,Cheepurapalli Stephen,0,1,1,,,,,,,,
1244318,2020/21,2021-01-11,Sharad Pawar Cricket Academy BKC,2,2.5,Haryana,Andhra,Chaitanya Bishnoi,Himanshu Rana,Cheepurapalli Stephen,1,0,,,,,,,,,
1244318,2020/21,2021-01-11,Sharad Pawar Cricket Academy BKC,2,2.6,Haryana,Andhra,Himanshu Rana,Chaitanya Bishnoi,Cheepurapalli Stephen,0,0,,,,,,,,,
1244318,2020/21,2021-01-11,Sharad Pawar Cricket Academy BKC,2,2.7,Haryana,Andhra,Himanshu Rana,Chaitanya Bishnoi,Cheepurapalli Stephen,0,0,,,,,,,,,
1244318,2020/21,2021-01-11,Sharad Pawar Cricket Academy BKC,2,3.1,Haryana,Andhra,Chaitanya Bishnoi,Himanshu Rana,Shoaib Mohammed Khan,0,0,,,,,,,,,
1244318,2020/21,2021-01-11,Sharad Pawar Cricket Academy BKC,2,3.2,Haryana,Andhra,Chaitanya Bishnoi,Himanshu Rana,Shoaib Mohammed Khan,0,0,,,,,,,,,
1244318,2020/21,2021-01-11,Sharad Pawar Cricket Academy BKC,2,3.3,Haryana,Andhra,Chaitanya Bishnoi,Himanshu Rana,Shoaib Mohammed Khan,1,0,,,,,,,,,
1244318,2020/21,2021-01-11,Sharad Pawar Cricket Academy BKC,2,3.4,Haryana,Andhra,Himanshu Rana,Chaitanya Bishnoi,Shoaib Mohammed Khan,0,0,,,,,,,,,
1244318,2020/21,2021-01-11,Sharad Pawar Cricket Academy BKC,2,3.5,Haryana,Andhra,Himanshu Rana,Chaitanya Bishnoi,Shoaib Mohammed Khan,1,0,,,,,,,,,
1244318,2020/21,2021-01-11,Sharad Pawar Cricket Academy BKC,2,3.6,Haryana,Andhra,Chaitanya Bishnoi,Himanshu Rana,Shoaib Mohammed Khan,1,0,,,,,,,,,
1244318,2020/21,2021-01-11,Sharad Pawar Cricket Academy BKC,2,4.1,Haryana,Andhra,Chaitanya Bishnoi,Himanshu Rana,Girinath Reddy,1,0,,,,,,,,,
1244318,2020/21,2021-01-11,Sharad Pawar Cricket Academy BKC,2,4.2,Haryana,Andhra,Himanshu Rana,Chaitanya Bishnoi,Girinath Reddy,0,0,,,,,,,,,
1244318,2020/21,2021-01-11,Sharad Pawar Cricket Academy BKC,2,4.3,Haryana,Andhra,Himanshu Rana,Chaitanya Bishnoi,Girinath Reddy,0,0,,,,,,,,,
1244318,2020/21,2021-01-11,Sharad Pawar Cricket Academy BKC,2,4.4,Haryana,Andhra,Himanshu Rana,Chaitanya Bishnoi,Girinath Reddy,2,0,,,,,,,,,
1244318,2020/21,2021-01-11,Sharad Pawar Cricket Academy BKC,2,4.5,Haryana,Andhra,Himanshu Rana,Chaitanya Bishnoi,Girinath Reddy,0,0,,,,,,caught,Himanshu Rana,,
1244318,2020/21,2021-01-11,Sharad Pawar Cricket Academy BKC,2,4.6,Haryana,Andhra,Chaitanya Bishnoi,Shivam Chauhan,Girinath Reddy,1,0,,,,,,,,,
1244318,2020/21,2021-01-11,Sharad Pawar Cricket Academy BKC,2,5.1,Haryana,Andhra,Chaitanya Bishnoi,Shivam Chauhan,Shoaib Mohammed Khan,0,0,,,,,,,,,
1244318,2020/21,2021-01-11,Sharad Pawar Cricket Academy BKC,2,5.2,Haryana,Andhra,Chaitanya Bishnoi,Shivam Chauhan,Shoaib Mohammed Khan,1,0,,,,,,,,,
1244318,2020/21,2021-01-11,Sharad Pawar Cricket Academy BKC,2,5.3,Haryana,Andhra,Shivam Chauhan,Chaitanya Bishnoi,Shoaib Mohammed Khan,0,0,,,,,,,,,
1244318,2020/21,2021-01-11,Sharad Pawar Cricket Academy BKC,2,5.4,Haryana,Andhra,Shivam Chauhan,Chaitanya Bishnoi,Shoaib Mohammed Khan,0,0,,,,,,,,,
1244318,2020/21,2021-01-11,Sharad Pawar Cricket Academy BKC,2,5.5,Haryana,Andhra,Shivam Chauhan,Chaitanya Bishnoi,Shoaib Mohammed Khan,4,0,,,,,,,,,
1244318,2020/21,2021-01-11,Sharad Pawar Cricket Academy BKC,2,5.6,Haryana,Andhra,Shivam Chauhan,Chaitanya Bishnoi,Shoaib Mohammed Khan,1,0,,,,,,,,,
1244318,2020/21,2021-01-11,Sharad Pawar Cricket Academy BKC,2,6.1,Haryana,Andhra,Shivam Chauhan,Chaitanya Bishnoi,Girinath Reddy,0,0,,,,,,,,,
1244318,2020/21,2021-01-11,Sharad Pawar Cricket Academy BKC,2,6.2,Haryana,Andhra,Shivam Chauhan,Chaitanya Bishnoi,Girinath Reddy,0,0,,,,,,,,,
1244318,2020/21,2021-01-11,Sharad Pawar Cricket Academy BKC,2,6.3,Haryana,Andhra,Shivam Chauhan,Chaitanya Bishnoi,Girinath Reddy,1,0,,,,,,,,,
1244318,2020/21,2021-01-11,Sharad Pawar Cricket Academy BKC,2,6.4,Haryana,Andhra,Chaitanya Bishnoi,Shivam Chauhan,Girinath Reddy,1,0,,,,,,,,,
1244318,2020/21,2021-01-11,Sharad Pawar Cricket Academy BKC,2,6.5,Haryana,Andhra,Shivam Chauhan,Chaitanya Bishnoi,Girinath Reddy,1,0,,,,,,,,,
1244318,2020/21,2021-01-11,Sharad Pawar Cricket Academy BKC,2,6.6,Haryana,Andhra,Chaitanya Bishnoi,Shivam Chauhan,Girinath Reddy,6,0,,,,,,,,,
1244318,2020/21,2021-01-11,Sharad Pawar Cricket Academy BKC,2,7.1,Haryana,Andhra,Shivam Chauhan,Chaitanya Bishnoi,Ashwin Hebbar,0,5,5,,,,,,,,
1244318,2020/21,2021-01-11,Sharad Pawar Cricket Academy BKC,2,7.2,Haryana,Andhra,Shivam Chauhan,Chaitanya Bishnoi,Ashwin Hebbar,1,0,,,,,,,,,
1244318,2020/21,2021-01-11,Sharad Pawar Cricket Academy BKC,2,7.3,Haryana,Andhra,Chaitanya Bishnoi,Shivam Chauhan,Ashwin Hebbar,1,0,,,,,,,,,
1244318,2020/21,2021-01-11,Sharad Pawar Cricket Academy BKC,2,7.4,Haryana,Andhra,Shivam Chauhan,Chaitanya Bishnoi,Ashwin Hebbar,4,0,,,,,,,,,
1244318,2020/21,2021-01-11,Sharad Pawar Cricket Academy BKC,2,7.5,Haryana,Andhra,Shivam Chauhan,Chaitanya Bishnoi,Ashwin Hebbar,0,0,,,,,,,,,
1244318,2020/21,2021-01-11,Sharad Pawar Cricket Academy BKC,2,7.6,Haryana,Andhra,Shivam Chauhan,Chaitanya Bishnoi,Ashwin Hebbar,1,0,,,,,,,,,
1244318,2020/21,2021-01-11,Sharad Pawar Cricket Academy BKC,2,7.7,Haryana,Andhra,Chaitanya Bishnoi,Shivam Chauhan,Ashwin Hebbar,1,0,,,,,,,,,
1244318,2020/21,2021-01-11,Sharad Pawar Cricket Academy BKC,2,8.1,Haryana,Andhra,Chaitanya Bishnoi,Shivam Chauhan,Lalith Mohan,1,0,,,,,,,,,
1244318,2020/21,2021-01-11,Sharad Pawar Cricket Academy BKC,2,8.2,Haryana,Andhra,Shivam Chauhan,Chaitanya Bishnoi,Lalith Mohan,0,0,,,,,,,,,
1244318,2020/21,2021-01-11,Sharad Pawar Cricket Academy BKC,2,8.3,Haryana,Andhra,Shivam Chauhan,Chaitanya Bishnoi,Lalith Mohan,4,0,,,,,,,,,
1244318,2020/21,2021-01-11,Sharad Pawar Cricket Academy BKC,2,8.4,Haryana,Andhra,Shivam Chauhan,Chaitanya Bishnoi,Lalith Mohan,0,0,,,,,,,,,
1244318,2020/21,2021-01-11,Sharad Pawar Cricket Academy BKC,2,8.5,Haryana,Andhra,Shivam Chauhan,Chaitanya Bishnoi,Lalith Mohan,0,0,,,,,,,,,
1244318,2020/21,2021-01-11,Sharad Pawar Cricket Academy BKC,2,8.6,Haryana,Andhra,Shivam Chauhan,Chaitanya Bishnoi,Lalith Mohan,1,0,,,,,,,,,
1244318,2020/21,2021-01-11,Sharad Pawar Cricket Academy BKC,2,9.1,Haryana,Andhra,Shivam Chauhan,Chaitanya Bishnoi,Cheepurapalli Stephen,2,0,,,,,,,,,
1244318,2020/21,2021-01-11,Sharad Pawar Cricket Academy BKC,2,9.2,Haryana,Andhra,Shivam Chauhan,Chaitanya Bishnoi,Cheepurapalli Stephen,0,0,,,,,,,,,
1244318,2020/21,2021-01-11,Sharad Pawar Cricket Academy BKC,2,9.3,Haryana,Andhra,Shivam Chauhan,Chaitanya Bishnoi,Cheepurapalli Stephen,2,0,,,,,,,,,
1244318,2020/21,2021-01-11,Sharad Pawar Cricket Academy BKC,2,9.4,Haryana,Andhra,Shivam Chauhan,Chaitanya Bishnoi,Cheepurapalli Stephen,0,0,,,,,,,,,
1244318,2020/21,2021-01-11,Sharad Pawar Cricket Academy BKC,2,9.5,Haryana,Andhra,Shivam Chauhan,Chaitanya Bishnoi,Cheepurapalli Stephen,1,0,,,,,,,,,
1244318,2020/21,2021-01-11,Sharad Pawar Cricket Academy BKC,2,9.6,Haryana,Andhra,Chaitanya Bishnoi,Shivam Chauhan,Cheepurapalli Stephen,0,0,,,,,,,,,
1244318,2020/21,2021-01-11,Sharad Pawar Cricket Academy BKC,2,10.1,Haryana,Andhra,Shivam Chauhan,Chaitanya Bishnoi,Lalith Mohan,4,0,,,,,,,,,
1244318,2020/21,2021-01-11,Sharad Pawar Cricket Academy BKC,2,10.2,Haryana,Andhra,Shivam Chauhan,Chaitanya Bishnoi,Lalith Mohan,0,0,,,,,,,,,
1244318,2020/21,2021-01-11,Sharad Pawar Cricket Academy BKC,2,10.3,Haryana,Andhra,Shivam Chauhan,Chaitanya Bishnoi,Lalith Mohan,1,0,,,,,,,,,
1244318,2020/21,2021-01-11,Sharad Pawar Cricket Academy BKC,2,10.4,Haryana,Andhra,Chaitanya Bishnoi,Shivam Chauhan,Lalith Mohan,1,0,,,,,,,,,
1244318,2020/21,2021-01-11,Sharad Pawar Cricket Academy BKC,2,10.5,Haryana,Andhra,Shivam Chauhan,Chaitanya Bishnoi,Lalith Mohan,4,0,,,,,,,,,
1244318,2020/21,2021-01-11,Sharad Pawar Cricket Academy BKC,2,10.6,Haryana,Andhra,Shivam Chauhan,Chaitanya Bishnoi,Lalith Mohan,0,4,,,4,,,,,,
1244318,2020/21,2021-01-11,Sharad Pawar Cricket Academy BKC,2,11.1,Haryana,Andhra,Chaitanya Bishnoi,Shivam Chauhan,Shoaib Mohammed Khan,1,0,,,,,,,,,
1244318,2020/21,2021-01-11,Sharad Pawar Cricket Academy BKC,2,11.2,Haryana,Andhra,Shivam Chauhan,Chaitanya Bishnoi,Shoaib Mohammed Khan,0,0,,,,,,,,,
1244318,2020/21,2021-01-11,Sharad Pawar Cricket Academy BKC,2,11.3,Haryana,Andhra,Shivam Chauhan,Chaitanya Bishnoi,Shoaib Mohammed Khan,2,0,,,,,,,,,
1244318,2020/21,2021-01-11,Sharad Pawar Cricket Academy BKC,2,11.4,Haryana,Andhra,Shivam Chauhan,Chaitanya Bishnoi,Shoaib Mohammed Khan,0,0,,,,,,,,,
1244318,2020/21,2021-01-11,Sharad Pawar Cricket Academy BKC,2,11.5,Haryana,Andhra,Shivam Chauhan,Chaitanya Bishnoi,Shoaib Mohammed Khan,1,0,,,,,,,,,
1244318,2020/21,2021-01-11,Sharad Pawar Cricket Academy BKC,2,11.6,Haryana,Andhra,Chaitanya Bishnoi,Shivam Chauhan,Shoaib Mohammed Khan,0,0,,,,,,,,,
1244318,2020/21,2021-01-11,Sharad Pawar Cricket Academy BKC,2,12.1,Haryana,Andhra,Shivam Chauhan,Chaitanya Bishnoi,Lalith Mohan,0,0,,,,,,,,,
1244318,2020/21,2021-01-11,Sharad Pawar Cricket Academy BKC,2,12.2,Haryana,Andhra,Shivam Chauhan,Chaitanya Bishnoi,Lalith Mohan,0,0,,,,,,caught,Shivam Chauhan,,
1244318,2020/21,2021-01-11,Sharad Pawar Cricket Academy BKC,2,12.3,Haryana,Andhra,RP Sharma,Chaitanya Bishnoi,Lalith Mohan,0,0,,,,,,,,,
1244318,2020/21,2021-01-11,Sharad Pawar Cricket Academy BKC,2,12.4,Haryana,Andhra,RP Sharma,Chaitanya Bishnoi,Lalith Mohan,1,0,,,,,,,,,
1244318,2020/21,2021-01-11,Sharad Pawar Cricket Academy BKC,2,12.5,Haryana,Andhra,Chaitanya Bishnoi,RP Sharma,Lalith Mohan,1,0,,,,,,,,,
1244318,2020/21,2021-01-11,Sharad Pawar Cricket Academy BKC,2,12.6,Haryana,Andhra,RP Sharma,Chaitanya Bishnoi,Lalith Mohan,0,0,,,,,,,,,
1244318,2020/21,2021-01-11,Sharad Pawar Cricket Academy BKC,2,13.1,Haryana,Andhra,Chaitanya Bishnoi,RP Sharma,Shoaib Mohammed Khan,1,0,,,,,,,,,
1244318,2020/21,2021-01-11,Sharad Pawar Cricket Academy BKC,2,13.2,Haryana,Andhra,RP Sharma,Chaitanya Bishnoi,Shoaib Mohammed Khan,1,0,,,,,,,,,
1244318,2020/21,2021-01-11,Sharad Pawar Cricket Academy BKC,2,13.3,Haryana,Andhra,Chaitanya Bishnoi,RP Sharma,Shoaib Mohammed Khan,4,0,,,,,,,,,
1244318,2020/21,2021-01-11,Sharad Pawar Cricket Academy BKC,2,13.4,Haryana,Andhra,Chaitanya Bishnoi,RP Sharma,Shoaib Mohammed Khan,0,0,,,,,,,,,
1244318,2020/21,2021-01-11,Sharad Pawar Cricket Academy BKC,2,13.5,Haryana,Andhra,Chaitanya Bishnoi,RP Sharma,Shoaib Mohammed Khan,1,0,,,,,,,,,
1244318,2020/21,2021-01-11,Sharad Pawar Cricket Academy BKC,2,13.6,Haryana,Andhra,RP Sharma,Chaitanya Bishnoi,Shoaib Mohammed Khan,4,0,,,,,,,,,
1244318,2020/21,2021-01-11,Sharad Pawar Cricket Academy BKC,2,14.1,Haryana,Andhra,Chaitanya Bishnoi,RP Sharma,Lalith Mohan,0,0,,,,,,,,,
1244318,2020/21,2021-01-11,Sharad Pawar Cricket Academy BKC,2,14.2,Haryana,Andhra,Chaitanya Bishnoi,RP Sharma,Lalith Mohan,4,0,,,,,,,,,
1244318,2020/21,2021-01-11,Sharad Pawar Cricket Academy BKC,2,14.3,Haryana,Andhra,Chaitanya Bishnoi,RP Sharma,Lalith Mohan,1,0,,,,,,,,,
1244318,2020/21,2021-01-11,Sharad Pawar Cricket Academy BKC,2,14.4,Haryana,Andhra,RP Sharma,Chaitanya Bishnoi,Lalith Mohan,1,0,,,,,,,,,
1244318,2020/21,2021-01-11,Sharad Pawar Cricket Academy BKC,2,14.5,Haryana,Andhra,Chaitanya Bishnoi,RP Sharma,Lalith Mohan,1,0,,,,,,,,,
1244318,2020/21,2021-01-11,Sharad Pawar Cricket Academy BKC,2,14.6,Haryana,Andhra,RP Sharma,Chaitanya Bishnoi,Lalith Mohan,4,0,,,,,,,,,
1244318,2020/21,2021-01-11,Sharad Pawar Cricket Academy BKC,2,15.1,Haryana,Andhra,Chaitanya Bishnoi,RP Sharma,Naren Reddy,2,0,,,,,,,,,
1244318,2020/21,2021-01-11,Sharad Pawar Cricket Academy BKC,2,15.2,Haryana,Andhra,Chaitanya Bishnoi,RP Sharma,Naren Reddy,1,0,,,,,,,,,
1244318,2020/21,2021-01-11,Sharad Pawar Cricket Academy BKC,2,15.3,Haryana,Andhra,RP Sharma,Chaitanya Bishnoi,Naren Reddy,0,0,,,,,,,,,
1244318,2020/21,2021-01-11,Sharad Pawar Cricket Academy BKC,2,15.4,Haryana,Andhra,RP Sharma,Chaitanya Bishnoi,Naren Reddy,0,0,,,,,,caught,RP Sharma,,
1244318,2020/21,2021-01-11,Sharad Pawar Cricket Academy BKC,2,15.5,Haryana,Andhra,Sumit Kumar,Chaitanya Bishnoi,Naren Reddy,1,0,,,,,,,,,
