match_id,season,start_date,venue,innings,ball,batting_team,bowling_team,striker,non_striker,bowler,runs_off_bat,extras,wides,noballs,byes,legbyes,penalty,wicket_type,player_dismissed,other_wicket_type,other_player_dismissed
1244355,2020/21,2021-01-15,Holkar Stadium,1,0.1,Saurashtra,Goa,H Desai,AA Barot,Darshan Misal,0,0,,,,,,,,,
1244355,2020/21,2021-01-15,Holkar Stadium,1,0.2,Saurashtra,Goa,H Desai,AA Barot,Darshan Misal,1,0,,,,,,,,,
1244355,2020/21,2021-01-15,Holkar Stadium,1,0.3,Saurashtra,Goa,AA Barot,H Desai,Darshan Misal,0,0,,,,,,,,,
1244355,2020/21,2021-01-15,Holkar Stadium,1,0.4,Saurashtra,Goa,AA Barot,H Desai,Darshan Misal,4,0,,,,,,,,,
1244355,2020/21,2021-01-15,Holkar Stadium,1,0.5,Saurashtra,Goa,AA Barot,H Desai,Darshan Misal,1,0,,,,,,,,,
1244355,2020/21,2021-01-15,Holkar Stadium,1,0.6,Saurashtra,Goa,H Desai,AA Barot,Darshan Misal,1,0,,,,,,,,,
1244355,2020/21,2021-01-15,Holkar Stadium,1,1.1,Saurashtra,Goa,H Desai,AA Barot,AB Dinda,0,0,,,,,,,,,
1244355,2020/21,2021-01-15,Holkar Stadium,1,1.2,Saurashtra,Goa,H Desai,AA Barot,AB Dinda,0,0,,,,,,,,,
1244355,2020/21,2021-01-15,Holkar Stadium,1,1.3,Saurashtra,Goa,H Desai,AA Barot,AB Dinda,0,0,,,,,,,,,
1244355,2020/21,2021-01-15,Holkar Stadium,1,1.4,Saurashtra,Goa,H Desai,AA Barot,AB Dinda,0,0,,,,,,,,,
1244355,2020/21,2021-01-15,Holkar Stadium,1,1.5,Saurashtra,Goa,H Desai,AA Barot,AB Dinda,0,0,,,,,,,,,
1244355,2020/21,2021-01-15,Holkar Stadium,1,1.6,Saurashtra,Goa,H Desai,AA Barot,AB Dinda,2,0,,,,,,,,,
1244355,2020/21,2021-01-15,Holkar Stadium,1,2.1,Saurashtra,Goa,AA Barot,H Desai,Lakshay Garg,4,0,,,,,,,,,
1244355,2020/21,2021-01-15,Holkar Stadium,1,2.2,Saurashtra,Goa,AA Barot,H Desai,Lakshay Garg,1,0,,,,,,,,,
1244355,2020/21,2021-01-15,Holkar Stadium,1,2.3,Saurashtra,Goa,H Desai,AA Barot,Lakshay Garg,1,0,,,,,,,,,
1244355,2020/21,2021-01-15,Holkar Stadium,1,2.4,Saurashtra,Goa,AA Barot,H Desai,Lakshay Garg,1,0,,,,,,,,,
1244355,2020/21,2021-01-15,Holkar Stadium,1,2.5,Saurashtra,Goa,H Desai,AA Barot,Lakshay Garg,1,0,,,,,,,,,
1244355,2020/21,2021-01-15,Holkar Stadium,1,2.6,Saurashtra,Goa,AA Barot,H Desai,Lakshay Garg,4,0,,,,,,,,,
1244355,2020/21,2021-01-15,Holkar Stadium,1,3.1,Saurashtra,Goa,H Desai,AA Barot,AB Dinda,0,0,,,,,,caught,H Desai,,
1244355,2020/21,2021-01-15,Holkar Stadium,1,3.2,Saurashtra,Goa,Samarth Vyas,AA Barot,AB Dinda,1,0,,,,,,,,,
1244355,2020/21,2021-01-15,Holkar Stadium,1,3.3,Saurashtra,Goa,AA Barot,Samarth Vyas,AB Dinda,4,0,,,,,,,,,
1244355,2020/21,2021-01-15,Holkar Stadium,1,3.4,Saurashtra,Goa,AA Barot,Samarth Vyas,AB Dinda,4,0,,,,,,,,,
1244355,2020/21,2021-01-15,Holkar Stadium,1,3.5,Saurashtra,Goa,AA Barot,Samarth Vyas,AB Dinda,4,0,,,,,,,,,
1244355,2020/21,2021-01-15,Holkar Stadium,1,3.6,Saurashtra,Goa,AA Barot,Samarth Vyas,AB Dinda,1,0,,,,,,,,,
1244355,2020/21,2021-01-15,Holkar Stadium,1,4.1,Saurashtra,Goa,AA Barot,Samarth Vyas,Lakshay Garg,0,1,1,,,,,,,,
1244355,2020/21,2021-01-15,Holkar Stadium,1,4.2,Saurashtra,Goa,AA Barot,Samarth Vyas,Lakshay Garg,1,0,,,,,,,,,
1244355,2020/21,2021-01-15,Holkar Stadium,1,4.3,Saurashtra,Goa,Samarth Vyas,AA Barot,Lakshay Garg,0,0,,,,,,,,,
1244355,2020/21,2021-01-15,Holkar Stadium,1,4.4,Saurashtra,Goa,Samarth Vyas,AA Barot,Lakshay Garg,0,0,,,,,,,,,
1244355,2020/21,2021-01-15,Holkar Stadium,1,4.5,Saurashtra,Goa,Samarth Vyas,AA Barot,Lakshay Garg,0,0,,,,,,,,,
1244355,2020/21,2021-01-15,Holkar Stadium,1,4.6,Saurashtra,Goa,Samarth Vyas,AA Barot,Lakshay Garg,0,0,,,,,,,,,
1244355,2020/21,2021-01-15,Holkar Stadium,1,4.7,Saurashtra,Goa,Samarth Vyas,AA Barot,Lakshay Garg,1,0,,,,,,,,,
1244355,2020/21,2021-01-15,Holkar Stadium,1,5.1,Saurashtra,Goa,Samarth Vyas,AA Barot,Deepraj Gaonkar,4,0,,,,,,,,,
1244355,2020/21,2021-01-15,Holkar Stadium,1,5.2,Saurashtra,Goa,Samarth Vyas,AA Barot,Deepraj Gaonkar,0,0,,,,,,,,,
1244355,2020/21,2021-01-15,Holkar Stadium,1,5.3,Saurashtra,Goa,Samarth Vyas,AA Barot,Deepraj Gaonkar,1,0,,,,,,,,,
1244355,2020/21,2021-01-15,Holkar Stadium,1,5.4,Saurashtra,Goa,AA Barot,Samarth Vyas,Deepraj Gaonkar,1,0,,,,,,,,,
1244355,2020/21,2021-01-15,Holkar Stadium,1,5.5,Saurashtra,Goa,Samarth Vyas,AA Barot,Deepraj Gaonkar,1,0,,,,,,,,,
1244355,2020/21,2021-01-15,Holkar Stadium,1,5.6,Saurashtra,Goa,AA Barot,Samarth Vyas,Deepraj Gaonkar,1,0,,,,,,,,,
1244355,2020/21,2021-01-15,Holkar Stadium,1,6.1,Saurashtra,Goa,AA Barot,Samarth Vyas,Darshan Misal,1,0,,,,,,,,,
1244355,2020/21,2021-01-15,Holkar Stadium,1,6.2,Saurashtra,Goa,Samarth Vyas,AA Barot,Darshan Misal,0,0,,,,,,,,,
1244355,2020/21,2021-01-15,Holkar Stadium,1,6.3,Saurashtra,Goa,Samarth Vyas,AA Barot,Darshan Misal,1,0,,,,,,,,,
1244355,2020/21,2021-01-15,Holkar Stadium,1,6.4,Saurashtra,Goa,AA Barot,Samarth Vyas,Darshan Misal,0,0,,,,,,,,,
1244355,2020/21,2021-01-15,Holkar Stadium,1,6.5,Saurashtra,Goa,AA Barot,Samarth Vyas,Darshan Misal,1,0,,,,,,,,,
1244355,2020/21,2021-01-15,Holkar Stadium,1,6.6,Saurashtra,Goa,Samarth Vyas,AA Barot,Darshan Misal,1,0,,,,,,,,,
1244355,2020/21,2021-01-15,Holkar Stadium,1,7.1,Saurashtra,Goa,Samarth Vyas,AA Barot,Amit Verma,1,0,,,,,,,,,
1244355,2020/21,2021-01-15,Holkar Stadium,1,7.2,Saurashtra,Goa,AA Barot,Samarth Vyas,Amit Verma,1,0,,,,,,,,,
1244355,2020/21,2021-01-15,Holkar Stadium,1,7.3,Saurashtra,Goa,Samarth Vyas,AA Barot,Amit Verma,4,0,,,,,,,,,
1244355,2020/21,2021-01-15,Holkar Stadium,1,7.4,Saurashtra,Goa,Samarth Vyas,AA Barot,Amit Verma,1,0,,,,,,,,,
1244355,2020/21,2021-01-15,Holkar Stadium,1,7.5,Saurashtra,Goa,AA Barot,Samarth Vyas,Amit Verma,6,0,,,,,,,,,
1244355,2020/21,2021-01-15,Holkar Stadium,1,7.6,Saurashtra,Goa,AA Barot,Samarth Vyas,Amit Verma,4,0,,,,,,,,,
1244355,2020/21,2021-01-15,Holkar Stadium,1,8.1,Saurashtra,Goa,Samarth Vyas,AA Barot,Deepraj Gaonkar,1,0,,,,,,,,,
1244355,2020/21,2021-01-15,Holkar Stadium,1,8.2,Saurashtra,Goa,AA Barot,Samarth Vyas,Deepraj Gaonkar,1,0,,,,,,,,,
1244355,2020/21,2021-01-15,Holkar Stadium,1,8.3,Saurashtra,Goa,Samarth Vyas,AA Barot,Deepraj Gaonkar,1,0,,,,,,,,,
1244355,2020/21,2021-01-15,Holkar Stadium,1,8.4,Saurashtra,Goa,AA Barot,Samarth Vyas,Deepraj Gaonkar,1,0,,,,,,,,,
1244355,2020/21,2021-01-15,Holkar Stadium,1,8.5,Saurashtra,Goa,Samarth Vyas,AA Barot,Deepraj Gaonkar,1,0,,,,,,,,,
1244355,2020/21,2021-01-15,Holkar Stadium,1,8.6,Saurashtra,Goa,AA Barot,Samarth Vyas,Deepraj Gaonkar,1,0,,,,,,,,,
1244355,2020/21,2021-01-15,Holkar Stadium,1,9.1,Saurashtra,Goa,AA Barot,Samarth Vyas,SS Prabhudessai,0,1,1,,,,,,,,
1244355,2020/21,2021-01-15,Holkar Stadium,1,9.2,Saurashtra,Goa,AA Barot,Samarth Vyas,SS Prabhudessai,1,0,,,,,,,,,
1244355,2020/21,2021-01-15,Holkar Stadium,1,9.3,Saurashtra,Goa,Samarth Vyas,AA Barot,SS Prabhudessai,1,0,,,,,,,,,
1244355,2020/21,2021-01-15,Holkar Stadium,1,9.4,Saurashtra,Goa,AA Barot,Samarth Vyas,SS Prabhudessai,1,0,,,,,,,,,
1244355,2020/21,2021-01-15,Holkar Stadium,1,9.5,Saurashtra,Goa,Samarth Vyas,AA Barot,SS Prabhudessai,0,0,,,,,,,,,
1244355,2020/21,2021-01-15,Holkar Stadium,1,9.6,Saurashtra,Goa,Samarth Vyas,AA Barot,SS Prabhudessai,1,0,,,,,,,,,
1244355,2020/21,2021-01-15,Holkar Stadium,1,9.7,Saurashtra,Goa,AA Barot,Samarth Vyas,SS Prabhudessai,1,0,,,,,,,,,
1244355,2020/21,2021-01-15,Holkar Stadium,1,10.1,Saurashtra,Goa,AA Barot,Samarth Vyas,Deepraj Gaonkar,6,0,,,,,,,,,
1244355,2020/21,2021-01-15,Holkar Stadium,1,10.2,Saurashtra,Goa,AA Barot,Samarth Vyas,Deepraj Gaonkar,6,0,,,,,,,,,
1244355,2020/21,2021-01-15,Holkar Stadium,1,10.3,Saurashtra,Goa,AA Barot,Samarth Vyas,Deepraj Gaonkar,4,0,,,,,,,,,
1244355,2020/21,2021-01-15,Holkar Stadium,1,10.4,Saurashtra,Goa,AA Barot,Samarth Vyas,Deepraj Gaonkar,6,0,,,,,,,,,
1244355,2020/21,2021-01-15,Holkar Stadium,1,10.5,Saurashtra,Goa,AA Barot,Samarth Vyas,Deepraj Gaonkar,4,0,,,,,,,,,
1244355,2020/21,2021-01-15,Holkar Stadium,1,10.6,Saurashtra,Goa,AA Barot,Samarth Vyas,Deepraj Gaonkar,1,0,,,,,,,,,
1244355,2020/21,2021-01-15,Holkar Stadium,1,11.1,Saurashtra,Goa,AA Barot,Samarth Vyas,Darshan Misal,1,0,,,,,,,,,
1244355,2020/21,2021-01-15,Holkar Stadium,1,11.2,Saurashtra,Goa,Samarth Vyas,AA Barot,Darshan Misal,6,0,,,,,,,,,
1244355,2020/21,2021-01-15,Holkar Stadium,1,11.3,Saurashtra,Goa,Samarth Vyas,AA Barot,Darshan Misal,1,0,,,,,,,,,
1244355,2020/21,2021-01-15,Holkar Stadium,1,11.4,Saurashtra,Goa,AA Barot,Samarth Vyas,Darshan Misal,1,0,,,,,,,,,
1244355,2020/21,2021-01-15,Holkar Stadium,1,11.5,Saurashtra,Goa,Samarth Vyas,AA Barot,Darshan Misal,1,0,,,,,,,,,
1244355,2020/21,2021-01-15,Holkar Stadium,1,11.6,Saurashtra,Goa,AA Barot,Samarth Vyas,Darshan Misal,1,0,,,,,,,,,
1244355,2020/21,2021-01-15,Holkar Stadium,1,12.1,Saurashtra,Goa,AA Barot,Samarth Vyas,Lakshay Garg,2,0,,,,,,,,,
1244355,2020/21,2021-01-15,Holkar Stadium,1,12.2,Saurashtra,Goa,AA Barot,Samarth Vyas,Lakshay Garg,1,0,,,,,,,,,
1244355,2020/21,2021-01-15,Holkar Stadium,1,12.3,Saurashtra,Goa,Samarth Vyas,AA Barot,Lakshay Garg,6,0,,,,,,,,,
1244355,2020/21,2021-01-15,Holkar Stadium,1,12.4,Saurashtra,Goa,Samarth Vyas,AA Barot,Lakshay Garg,0,0,,,,,,,,,
1244355,2020/21,2021-01-15,Holkar Stadium,1,12.5,Saurashtra,Goa,Samarth Vyas,AA Barot,Lakshay Garg,6,0,,,,,,,,,
1244355,2020/21,2021-01-15,Holkar Stadium,1,12.6,Saurashtra,Goa,Samarth Vyas,AA Barot,Lakshay Garg,0,0,,,,,,caught,Samarth Vyas,,
1244355,2020/21,2021-01-15,Holkar Stadium,1,13.1,Saurashtra,Goa,AA Barot,PN Mankad,SS Prabhudessai,1,0,,,,,,,,,
1244355,2020/21,2021-01-15,Holkar Stadium,1,13.2,Saurashtra,Goa,PN Mankad,AA Barot,SS Prabhudessai,1,0,,,,,,,,,
1244355,2020/21,2021-01-15,Holkar Stadium,1,13.3,Saurashtra,Goa,AA Barot,PN Mankad,SS Prabhudessai,1,0,,,,,,,,,
1244355,2020/21,2021-01-15,Holkar Stadium,1,13.4,Saurashtra,Goa,PN Mankad,AA Barot,SS Prabhudessai,4,0,,,,,,,,,
1244355,2020/21,2021-01-15,Holkar Stadium,1,13.5,Saurashtra,Goa,PN Mankad,AA Barot,SS Prabhudessai,1,0,,,,,,,,,
1244355,2020/21,2021-01-15,Holkar Stadium,1,13.6,Saurashtra,Goa,AA Barot,PN Mankad,SS Prabhudessai,1,0,,,,,,,,,
1244355,2020/21,2021-01-15,Holkar Stadium,1,14.1,Saurashtra,Goa,AA Barot,PN Mankad,Deepraj Gaonkar,6,0,,,,,,,,,
1244355,2020/21,2021-01-15,Holkar Stadium,1,14.2,Saurashtra,Goa,AA Barot,PN Mankad,Deepraj Gaonkar,1,0,,,,,,,,,
1244355,2020/21,2021-01-15,Holkar Stadium,1,14.3,Saurashtra,Goa,PN Mankad,AA Barot,Deepraj Gaonkar,4,0,,,,,,,,,
1244355,2020/21,2021-01-15,Holkar Stadium,1,14.4,Saurashtra,Goa,PN Mankad,AA Barot,Deepraj Gaonkar,4,0,,,,,,,,,
1244355,2020/21,2021-01-15,Holkar Stadium,1,14.5,Saurashtra,Goa,PN Mankad,AA Barot,Deepraj Gaonkar,1,0,,,,,,,,,
1244355,2020/21,2021-01-15,Holkar Stadium,1,14.6,Saurashtra,Goa,AA Barot,PN Mankad,Deepraj Gaonkar,6,0,,,,,,,,,
1244355,2020/21,2021-01-15,Holkar Stadium,1,15.1,Saurashtra,Goa,PN Mankad,AA Barot,SS Prabhudessai,1,0,,,,,,,,,
1244355,2020/21,2021-01-15,Holkar Stadium,1,15.2,Saurashtra,Goa,AA Barot,PN Mankad,SS Prabhudessai,1,0,,,,,,,,,
1244355,2020/21,2021-01-15,Holkar Stadium,1,15.3,Saurashtra,Goa,PN Mankad,AA Barot,SS Prabhudessai,0,1,1,,,,,,,,
1244355,2020/21,2021-01-15,Holkar Stadium,1,15.4,Saurashtra,Goa,PN Mankad,AA Barot,SS Prabhudessai,1,0,,,,,,,,,
1244355,2020/21,2021-01-15,Holkar Stadium,1,15.5,Saurashtra,Goa,AA Barot,PN Mankad,SS Prabhudessai,2,0,,,,,,,,,
1244355,2020/21,2021-01-15,Holkar Stadium,1,15.6,Saurashtra,Goa,AA Barot,PN Mankad,SS Prabhudessai,2,0,,,,,,,,,
1244355,2020/21,2021-01-15,Holkar Stadium,1,15.7,Saurashtra,Goa,AA Barot,PN Mankad,SS Prabhudessai,6,0,,,,,,,,,
1244355,2020/21,2021-01-15,Holkar Stadium,1,16.1,Saurashtra,Goa,PN Mankad,AA Barot,AB Dinda,1,0,,,,,,,,,
1244355,2020/21,2021-01-15,Holkar Stadium,1,16.2,Saurashtra,Goa,AA Barot,PN Mankad,AB Dinda,1,0,,,,,,,,,
1244355,2020/21,2021-01-15,Holkar Stadium,1,16.3,Saurashtra,Goa,PN Mankad,AA Barot,AB Dinda,0,0,,,,,,,,,
1244355,2020/21,2021-01-15,Holkar Stadium,1,16.4,Saurashtra,Goa,PN Mankad,AA Barot,AB Dinda,2,0,,,,,,,,,
1244355,2020/21,2021-01-15,Holkar Stadium,1,16.5,Saurashtra,Goa,PN Mankad,AA Barot,AB Dinda,0,0,,,,,,lbw,PN Mankad,,
1244355,2020/21,2021-01-15,Holkar Stadium,1,16.6,Saurashtra,Goa,Parth Chauhan,AA Barot,AB Dinda,4,0,,,,,,,,,
1244355,2020/21,2021-01-15,Holkar Stadium,1,17.1,Saurashtra,Goa,AA Barot,Parth Chauhan,Lakshay Garg,4,0,,,,,,,,,
1244355,2020/21,2021-01-15,Holkar Stadium,1,17.2,Saurashtra,Goa,AA Barot,Parth Chauhan,Lakshay Garg,4,0,,,,,,,,,
1244355,2020/21,2021-01-15,Holkar Stadium,1,17.3,Saurashtra,Goa,AA Barot,Parth Chauhan,Lakshay Garg,1,0,,,,,,,,,
1244355,2020/21,2021-01-15,Holkar Stadium,1,17.4,Saurashtra,Goa,Parth Chauhan,AA Barot,Lakshay Garg,1,0,,,,,,,,,
1244355,2020/21,2021-01-15,Holkar Stadium,1,17.5,Saurashtra,Goa,AA Barot,Parth Chauhan,Lakshay Garg,1,0,,,,,,,,,
1244355,2020/21,2021-01-15,Holkar Stadium,1,17.6,Saurashtra,Goa,Parth Chauhan,AA Barot,Lakshay Garg,1,0,,,,,,,,,
1244355,2020/21,2021-01-15,Holkar Stadium,1,18.1,Saurashtra,Goa,Parth Chauhan,AA Barot,AB Dinda,0,1,,,1,,,,,,
1244355,2020/21,2021-01-15,Holkar Stadium,1,18.2,Saurashtra,Goa,AA Barot,Parth Chauhan,AB Dinda,1,0,,,,,,run out,AA Barot,,
1244355,2020/21,2021-01-15,Holkar Stadium,1,18.3,Saurashtra,Goa,Chirag Jani,Parth Chauhan,AB Dinda,1,0,,,,,,,,,
1244355,2020/21,2021-01-15,Holkar Stadium,1,18.4,Saurashtra,Goa,Parth Chauhan,Chirag Jani,AB Dinda,2,0,,,,,,,,,
1244355,2020/21,2021-01-15,Holkar Stadium,1,18.5,Saurashtra,Goa,Parth Chauhan,Chirag Jani,AB Dinda,4,0,,,,,,,,,
1244355,2020/21,2021-01-15,Holkar Stadium,1,18.6,Saurashtra,Goa,Parth Chauhan,Chirag Jani,AB Dinda,0,0,,,,,,,,,
1244355,2020/21,2021-01-15,Holkar Stadium,1,19.1,Saurashtra,Goa,Chirag Jani,Parth Chauhan,Darshan Misal,1,0,,,,,,,,,
1244355,2020/21,2021-01-15,Holkar Stadium,1,19.2,Saurashtra,Goa,Parth Chauhan,Chirag Jani,Darshan Misal,0,0,,,,,,,,,
1244355,2020/21,2021-01-15,Holkar Stadium,1,19.3,Saurashtra,Goa,Parth Chauhan,Chirag Jani,Darshan Misal,1,0,,,,,,,,,
1244355,2020/21,2021-01-15,Holkar Stadium,1,19.4,Saurashtra,Goa,Chirag Jani,Parth Chauhan,Darshan Misal,6,0,,,,,,,,,
1244355,2020/21,2021-01-15,Holkar Stadium,1,19.5,Saurashtra,Goa,Chirag Jani,Parth Chauhan,Darshan Misal,0,0,,,,,,run out,Parth Chauhan,,
1244355,2020/21,2021-01-15,Holkar Stadium,1,19.6,Saurashtra,Goa,Chirag Jani,Arpit Vasavada,Darshan Misal,1,0,,,,,,,,,
1244355,2020/21,2021-01-15,Holkar Stadium,2,0.1,Goa,Saurashtra,Vaibhav Govekar,Aditya Kaushik,JD Unadkat,0,0,,,,,,,,,
1244355,2020/21,2021-01-15,Holkar Stadium,2,0.2,Goa,Saurashtra,Vaibhav Govekar,Aditya Kaushik,JD Unadkat,0,0,,,,,,,,,
1244355,2020/21,2021-01-15,Holkar Stadium,2,0.3,Goa,Saurashtra,Vaibhav Govekar,Aditya Kaushik,JD Unadkat,0,0,,,,,,caught,Vaibhav Govekar,,
1244355,2020/21,2021-01-15,Holkar Stadium,2,0.4,Goa,Saurashtra,Aditya Kaushik,Lakshay Garg,JD Unadkat,0,1,1,,,,,,,,
1244355,2020/21,2021-01-15,Holkar Stadium,2,0.5,Goa,Saurashtra,Aditya Kaushik,Lakshay Garg,JD Unadkat,1,0,,,,,,,,,
1244355,2020/21,2021-01-15,Holkar Stadium,2,0.6,Goa,Saurashtra,Lakshay Garg,Aditya Kaushik,JD Unadkat,0,0,,,,,,,,,
1244355,2020/21,2021-01-15,Holkar Stadium,2,0.7,Goa,Saurashtra,Lakshay Garg,Aditya Kaushik,JD Unadkat,1,0,,,,,,,,,
1244355,2020/21,2021-01-15,Holkar Stadium,2,1.1,Goa,Saurashtra,Lakshay Garg,Aditya Kaushik,C Sakariya,2,0,,,,,,,,,
1244355,2020/21,2021-01-15,Holkar Stadium,2,1.2,Goa,Saurashtra,Lakshay Garg,Aditya Kaushik,C Sakariya,0,0,,,,,,,,,
1244355,2020/21,2021-01-15,Holkar Stadium,2,1.3,Goa,Saurashtra,Lakshay Garg,Aditya Kaushik,C Sakariya,0,1,1,,,,,,,,
1244355,2020/21,2021-01-15,Holkar Stadium,2,1.4,Goa,Saurashtra,Lakshay Garg,Aditya Kaushik,C Sakariya,0,0,,,,,,caught and bowled,Lakshay Garg,,
1244355,2020/21,2021-01-15,Holkar Stadium,2,1.5,Goa,Saurashtra,Snehal Kauthankar,Aditya Kaushik,C Sakariya,0,0,,,,,,,,,
1244355,2020/21,2021-01-15,Holkar Stadium,2,1.6,Goa,Saurashtra,Snehal Kauthankar,Aditya Kaushik,C Sakariya,1,0,,,,,,,,,
1244355,2020/21,2021-01-15,Holkar Stadium,2,1.7,Goa,Saurashtra,Aditya Kaushik,Snehal Kauthankar,C Sakariya,0,0,,,,,,,,,
1244355,2020/21,2021-01-15,Holkar Stadium,2,2.1,Goa,Saurashtra,Snehal Kauthankar,Aditya Kaushik,JD Unadkat,4,0,,,,,,,,,
1244355,2020/21,2021-01-15,Holkar Stadium,2,2.2,Goa,Saurashtra,Snehal Kauthankar,Aditya Kaushik,JD Unadkat,0,0,,,,,,,,,
1244355,2020/21,2021-01-15,Holkar Stadium,2,2.3,Goa,Saurashtra,Snehal Kauthankar,Aditya Kaushik,JD Unadkat,1,0,,,,,,,,,
1244355,2020/21,2021-01-15,Holkar Stadium,2,2.4,Goa,Saurashtra,Aditya Kaushik,Snehal Kauthankar,JD Unadkat,0,0,,,,,,,,,
1244355,2020/21,2021-01-15,Holkar Stadium,2,2.5,Goa,Saurashtra,Aditya Kaushik,Snehal Kauthankar,JD Unadkat,1,0,,,,,,,,,
1244355,2020/21,2021-01-15,Holkar Stadium,2,2.6,Goa,Saurashtra,Snehal Kauthankar,Aditya Kaushik,JD Unadkat,4,0,,,,,,,,,
1244355,2020/21,2021-01-15,Holkar Stadium,2,3.1,Goa,Saurashtra,Aditya Kaushik,Snehal Kauthankar,Chirag Jani,4,0,,,,,,,,,
1244355,2020/21,2021-01-15,Holkar Stadium,2,3.2,Goa,Saurashtra,Aditya Kaushik,Snehal Kauthankar,Chirag Jani,4,0,,,,,,,,,
1244355,2020/21,2021-01-15,Holkar Stadium,2,3.3,Goa,Saurashtra,Aditya Kaushik,Snehal Kauthankar,Chirag Jani,1,0,,,,,,,,,
1244355,2020/21,2021-01-15,Holkar Stadium,2,3.4,Goa,Saurashtra,Snehal Kauthankar,Aditya Kaushik,Chirag Jani,0,0,,,,,,,,,
1244355,2020/21,2021-01-15,Holkar Stadium,2,3.5,Goa,Saurashtra,Snehal Kauthankar,Aditya Kaushik,Chirag Jani,1,0,,,,,,,,,
1244355,2020/21,2021-01-15,Holkar Stadium,2,3.6,Goa,Saurashtra,Aditya Kaushik,Snehal Kauthankar,Chirag Jani,1,0,,,,,,,,,
1244355,2020/21,2021-01-15,Holkar Stadium,2,4.1,Goa,Saurashtra,Aditya Kaushik,Snehal Kauthankar,C Sakariya,1,0,,,,,,,,,
1244355,2020/21,2021-01-15,Holkar Stadium,2,4.2,Goa,Saurashtra,Snehal Kauthankar,Aditya Kaushik,C Sakariya,0,0,,,,,,,,,
1244355,2020/21,2021-01-15,Holkar Stadium,2,4.3,Goa,Saurashtra,Snehal Kauthankar,Aditya Kaushik,C Sakariya,0,0,,,,,,,,,
1244355,2020/21,2021-01-15,Holkar Stadium,2,4.4,Goa,Saurashtra,Snehal Kauthankar,Aditya Kaushik,C Sakariya,0,0,,,,,,,,,
1244355,2020/21,2021-01-15,Holkar Stadium,2,4.5,Goa,Saurashtra,Snehal Kauthankar,Aditya Kaushik,C Sakariya,0,0,,,,,,,,,
1244355,2020/21,2021-01-15,Holkar Stadium,2,4.6,Goa,Saurashtra,Snehal Kauthankar,Aditya Kaushik,C Sakariya,0,0,,,,,,,,,
1244355,2020/21,2021-01-15,Holkar Stadium,2,5.1,Goa,Saurashtra,Aditya Kaushik,Snehal Kauthankar,Dharmendrasinh Jadeja,1,0,,,,,,,,,
1244355,2020/21,2021-01-15,Holkar Stadium,2,5.2,Goa,Saurashtra,Snehal Kauthankar,Aditya Kaushik,Dharmendrasinh Jadeja,1,0,,,,,,,,,
1244355,2020/21,2021-01-15,Holkar Stadium,2,5.3,Goa,Saurashtra,Aditya Kaushik,Snehal Kauthankar,Dharmendrasinh Jadeja,4,0,,,,,,,,,
1244355,2020/21,2021-01-15,Holkar Stadium,2,5.4,Goa,Saurashtra,Aditya Kaushik,Snehal Kauthankar,Dharmendrasinh Jadeja,1,0,,,,,,,,,
1244355,2020/21,2021-01-15,Holkar Stadium,2,5.5,Goa,Saurashtra,Snehal Kauthankar,Aditya Kaushik,Dharmendrasinh Jadeja,4,0,,,,,,,,,
1244355,2020/21,2021-01-15,Holkar Stadium,2,5.6,Goa,Saurashtra,Snehal Kauthankar,Aditya Kaushik,Dharmendrasinh Jadeja,0,0,,,,,,,,,
1244355,2020/21,2021-01-15,Holkar Stadium,2,6.1,Goa,Saurashtra,Aditya Kaushik,Snehal Kauthankar,Chirag Jani,1,0,,,,,,,,,
1244355,2020/21,2021-01-15,Holkar Stadium,2,6.2,Goa,Saurashtra,Snehal Kauthankar,Aditya Kaushik,Chirag Jani,0,0,,,,,,,,,
1244355,2020/21,2021-01-15,Holkar Stadium,2,6.3,Goa,Saurashtra,Snehal Kauthankar,Aditya Kaushik,Chirag Jani,0,0,,,,,,,,,
1244355,2020/21,2021-01-15,Holkar Stadium,2,6.4,Goa,Saurashtra,Snehal Kauthankar,Aditya Kaushik,Chirag Jani,0,0,,,,,,caught,Snehal Kauthankar,,
1244355,2020/21,2021-01-15,Holkar Stadium,2,6.5,Goa,Saurashtra,Amit Verma,Aditya Kaushik,Chirag Jani,1,0,,,,,,,,,
1244355,2020/21,2021-01-15,Holkar Stadium,2,6.6,Goa,Saurashtra,Aditya Kaushik,Amit Verma,Chirag Jani,0,0,,,,,,,,,
1244355,2020/21,2021-01-15,Holkar Stadium,2,7.1,Goa,Saurashtra,Amit Verma,Aditya Kaushik,Dharmendrasinh Jadeja,1,0,,,,,,,,,
1244355,2020/21,2021-01-15,Holkar Stadium,2,7.2,Goa,Saurashtra,Aditya Kaushik,Amit Verma,Dharmendrasinh Jadeja,1,0,,,,,,,,,
1244355,2020/21,2021-01-15,Holkar Stadium,2,7.3,Goa,Saurashtra,Amit Verma,Aditya Kaushik,Dharmendrasinh Jadeja,1,0,,,,,,,,,
1244355,2020/21,2021-01-15,Holkar Stadium,2,7.4,Goa,Saurashtra,Aditya Kaushik,Amit Verma,Dharmendrasinh Jadeja,1,0,,,,,,,,,
1244355,2020/21,2021-01-15,Holkar Stadium,2,7.5,Goa,Saurashtra,Amit Verma,Aditya Kaushik,Dharmendrasinh Jadeja,2,0,,,,,,,,,
1244355,2020/21,2021-01-15,Holkar Stadium,2,7.6,Goa,Saurashtra,Amit Verma,Aditya Kaushik,Dharmendrasinh Jadeja,1,0,,,,,,,,,
1244355,2020/21,2021-01-15,Holkar Stadium,2,8.1,Goa,Saurashtra,Amit Verma,Aditya Kaushik,PN Mankad,1,0,,,,,,,,,
1244355,2020/21,2021-01-15,Holkar Stadium,2,8.2,Goa,Saurashtra,Aditya Kaushik,Amit Verma,PN Mankad,0,0,,,,,,caught,Aditya Kaushik,,
1244355,2020/21,2021-01-15,Holkar Stadium,2,8.3,Goa,Saurashtra,Amit Verma,SS Prabhudessai,PN Mankad,6,0,,,,,,,,,
1244355,2020/21,2021-01-15,Holkar Stadium,2,8.4,Goa,Saurashtra,Amit Verma,SS Prabhudessai,PN Mankad,1,0,,,,,,,,,
1244355,2020/21,2021-01-15,Holkar Stadium,2,8.5,Goa,Saurashtra,SS Prabhudessai,Amit Verma,PN Mankad,1,0,,,,,,,,,
1244355,2020/21,2021-01-15,Holkar Stadium,2,8.6,Goa,Saurashtra,Amit Verma,SS Prabhudessai,PN Mankad,1,0,,,,,,,,,
1244355,2020/21,2021-01-15,Holkar Stadium,2,9.1,Goa,Saurashtra,Amit Verma,SS Prabhudessai,Dharmendrasinh Jadeja,1,0,,,,,,,,,
1244355,2020/21,2021-01-15,Holkar Stadium,2,9.2,Goa,Saurashtra,SS Prabhudessai,Amit Verma,Dharmendrasinh Jadeja,0,0,,,,,,caught,SS Prabhudessai,,
1244355,2020/21,2021-01-15,Holkar Stadium,2,9.3,Goa,Saurashtra,Eknath Kerkar,Amit Verma,Dharmendrasinh Jadeja,0,0,,,,,,,,,
1244355,2020/21,2021-01-15,Holkar Stadium,2,9.4,Goa,Saurashtra,Eknath Kerkar,Amit Verma,Dharmendrasinh Jadeja,0,0,,,,,,,,,
1244355,2020/21,2021-01-15,Holkar Stadium,2,9.5,Goa,Saurashtra,Eknath Kerkar,Amit Verma,Dharmendrasinh Jadeja,4,0,,,,,,,,,
1244355,2020/21,2021-01-15,Holkar Stadium,2,9.6,Goa,Saurashtra,Eknath Kerkar,Amit Verma,Dharmendrasinh Jadeja,1,0,,,,,,,,,
1244355,2020/21,2021-01-15,Holkar Stadium,2,10.1,Goa,Saurashtra,Eknath Kerkar,Amit Verma,PN Mankad,1,0,,,,,,,,,
1244355,2020/21,2021-01-15,Holkar Stadium,2,10.2,Goa,Saurashtra,Amit Verma,Eknath Kerkar,PN Mankad,1,0,,,,,,,,,
1244355,2020/21,2021-01-15,Holkar Stadium,2,10.3,Goa,Saurashtra,Eknath Kerkar,Amit Verma,PN Mankad,1,0,,,,,,,,,
1244355,2020/21,2021-01-15,Holkar Stadium,2,10.4,Goa,Saurashtra,Amit Verma,Eknath Kerkar,PN Mankad,1,0,,,,,,,,,
1244355,2020/21,2021-01-15,Holkar Stadium,2,10.5,Goa,Saurashtra,Eknath Kerkar,Amit Verma,PN Mankad,0,0,,,,,,,,,
1244355,2020/21,2021-01-15,Holkar Stadium,2,10.6,Goa,Saurashtra,Eknath Kerkar,Amit Verma,PN Mankad,1,0,,,,,,,,,
1244355,2020/21,2021-01-15,Holkar Stadium,2,11.1,Goa,Saurashtra,Eknath Kerkar,Amit Verma,Dharmendrasinh Jadeja,1,0,,,,,,,,,
1244355,2020/21,2021-01-15,Holkar Stadium,2,11.2,Goa,Saurashtra,Amit Verma,Eknath Kerkar,Dharmendrasinh Jadeja,1,0,,,,,,,,,
1244355,2020/21,2021-01-15,Holkar Stadium,2,11.3,Goa,Saurashtra,Eknath Kerkar,Amit Verma,Dharmendrasinh Jadeja,0,0,,,,,,,,,
1244355,2020/21,2021-01-15,Holkar Stadium,2,11.4,Goa,Saurashtra,Eknath Kerkar,Amit Verma,Dharmendrasinh Jadeja,0,0,,,,,,,,,
1244355,2020/21,2021-01-15,Holkar Stadium,2,11.5,Goa,Saurashtra,Eknath Kerkar,Amit Verma,Dharmendrasinh Jadeja,1,0,,,,,,,,,
1244355,2020/21,2021-01-15,Holkar Stadium,2,11.6,Goa,Saurashtra,Amit Verma,Eknath Kerkar,Dharmendrasinh Jadeja,1,0,,,,,,,,,
1244355,2020/21,2021-01-15,Holkar Stadium,2,12.1,Goa,Saurashtra,Amit Verma,Eknath Kerkar,PN Mankad,1,0,,,,,,,,,
1244355,2020/21,2021-01-15,Holkar Stadium,2,12.2,Goa,Saurashtra,Eknath Kerkar,Amit Verma,PN Mankad,6,0,,,,,,,,,
1244355,2020/21,2021-01-15,Holkar Stadium,2,12.3,Goa,Saurashtra,Eknath Kerkar,Amit Verma,PN Mankad,1,0,,,,,,,,,
1244355,2020/21,2021-01-15,Holkar Stadium,2,12.4,Goa,Saurashtra,Amit Verma,Eknath Kerkar,PN Mankad,0,1,1,,,,,,,,
1244355,2020/21,2021-01-15,Holkar Stadium,2,12.5,Goa,Saurashtra,Amit Verma,Eknath Kerkar,PN Mankad,1,0,,,,,,,,,
1244355,2020/21,2021-01-15,Holkar Stadium,2,12.6,Goa,Saurashtra,Eknath Kerkar,Amit Verma,PN Mankad,4,0,,,,,,,,,
1244355,2020/21,2021-01-15,Holkar Stadium,2,12.7,Goa,Saurashtra,Eknath Kerkar,Amit Verma,PN Mankad,1,0,,,,,,,,,
1244355,2020/21,2021-01-15,Holkar Stadium,2,13.1,Goa,Saurashtra,Eknath Kerkar,Amit Verma,Chirag Jani,1,0,,,,,,,,,
1244355,2020/21,2021-01-15,Holkar Stadium,2,13.2,Goa,Saurashtra,Amit Verma,Eknath Kerkar,Chirag Jani,1,0,,,,,,,,,
1244355,2020/21,2021-01-15,Holkar Stadium,2,13.3,Goa,Saurashtra,Eknath Kerkar,Amit Verma,Chirag Jani,1,0,,,,,,,,,
1244355,2020/21,2021-01-15,Holkar Stadium,2,13.4,Goa,Saurashtra,Amit Verma,Eknath Kerkar,Chirag Jani,0,0,,,,,,caught,Amit Verma,,
1244355,2020/21,2021-01-15,Holkar Stadium,2,13.5,Goa,Saurashtra,Darshan Misal,Eknath Kerkar,Chirag Jani,1,0,,,,,,,,,
1244355,2020/21,2021-01-15,Holkar Stadium,2,13.6,Goa,Saurashtra,Eknath Kerkar,Darshan Misal,Chirag Jani,1,0,,,,,,,,,
1244355,2020/21,2021-01-15,Holkar Stadium,2,14.1,Goa,Saurashtra,Eknath Kerkar,Darshan Misal,C Sakariya,1,0,,,,,,,,,
1244355,2020/21,2021-01-15,Holkar Stadium,2,14.2,Goa,Saurashtra,Darshan Misal,Eknath Kerkar,C Sakariya,1,0,,,,,,,,,
1244355,2020/21,2021-01-15,Holkar Stadium,2,14.3,Goa,Saurashtra,Eknath Kerkar,Darshan Misal,C Sakariya,1,0,,,,,,,,,
1244355,2020/21,2021-01-15,Holkar Stadium,2,14.4,Goa,Saurashtra,Darshan Misal,Eknath Kerkar,C Sakariya,1,0,,,,,,,,,
1244355,2020/21,2021-01-15,Holkar Stadium,2,14.5,Goa,Saurashtra,Eknath Kerkar,Darshan Misal,C Sakariya,1,0,,,,,,,,,
1244355,2020/21,2021-01-15,Holkar Stadium,2,14.6,Goa,Saurashtra,Darshan Misal,Eknath Kerkar,C Sakariya,0,0,,,,,,,,,
1244355,2020/21,2021-01-15,Holkar Stadium,2,15.1,Goa,Saurashtra,Eknath Kerkar,Darshan Misal,JD Unadkat,1,0,,,,,,,,,
1244355,2020/21,2021-01-15,Holkar Stadium,2,15.2,Goa,Saurashtra,Darshan Misal,Eknath Kerkar,JD Unadkat,0,0,,,,,,bowled,Darshan Misal,,
1244355,2020/21,2021-01-15,Holkar Stadium,2,15.3,Goa,Saurashtra,Deepraj Gaonkar,Eknath Kerkar,JD Unadkat,1,0,,,,,,,,,
1244355,2020/21,2021-01-15,Holkar Stadium,2,15.4,Goa,Saurashtra,Eknath Kerkar,Deepraj Gaonkar,JD Unadkat,0,0,,,,,,,,,
1244355,2020/21,2021-01-15,Holkar Stadium,2,15.5,Goa,Saurashtra,Eknath Kerkar,Deepraj Gaonkar,JD Unadkat,0,0,,,,,,,,,
1244355,2020/21,2021-01-15,Holkar Stadium,2,15.6,Goa,Saurashtra,Eknath Kerkar,Deepraj Gaonkar,JD Unadkat,1,0,,,,,,,,,
1244355,2020/21,2021-01-15,Holkar Stadium,2,16.1,Goa,Saurashtra,Eknath Kerkar,Deepraj Gaonkar,C Sakariya,0,1,,1,,,,,,,
1244355,2020/21,2021-01-15,Holkar Stadium,2,16.2,Goa,Saurashtra,Eknath Kerkar,Deepraj Gaonkar,C Sakariya,1,0,,,,,,,,,
1244355,2020/21,2021-01-15,Holkar Stadium,2,16.3,Goa,Saurashtra,Deepraj Gaonkar,Eknath Kerkar,C Sakariya,1,0,,,,,,,,,
1244355,2020/21,2021-01-15,Holkar Stadium,2,16.4,Goa,Saurashtra,Eknath Kerkar,Deepraj Gaonkar,C Sakariya,1,0,,,,,,,,,
1244355,2020/21,2021-01-15,Holkar Stadium,2,16.5,Goa,Saurashtra,Deepraj Gaonkar,Eknath Kerkar,C Sakariya,0,0,,,,,,,,,
1244355,2020/21,2021-01-15,Holkar Stadium,2,16.6,Goa,Saurashtra,Deepraj Gaonkar,Eknath Kerkar,C Sakariya,1,0,,,,,,,,,
1244355,2020/21,2021-01-15,Holkar Stadium,2,16.7,Goa,Saurashtra,Eknath Kerkar,Deepraj Gaonkar,C Sakariya,0,0,,,,,,caught,Eknath Kerkar,,
1244355,2020/21,2021-01-15,Holkar Stadium,2,17.1,Goa,Saurashtra,Deepraj Gaonkar,MG Sirur,JD Unadkat,6,0,,,,,,,,,
1244355,2020/21,2021-01-15,Holkar Stadium,2,17.2,Goa,Saurashtra,Deepraj Gaonkar,MG Sirur,JD Unadkat,4,0,,,,,,,,,
1244355,2020/21,2021-01-15,Holkar Stadium,2,17.3,Goa,Saurashtra,Deepraj Gaonkar,MG Sirur,JD Unadkat,0,0,,,,,,,,,
1244355,2020/21,2021-01-15,Holkar Stadium,2,17.4,Goa,Saurashtra,Deepraj Gaonkar,MG Sirur,JD Unadkat,1,0,,,,,,,,,
1244355,2020/21,2021-01-15,Holkar Stadium,2,17.5,Goa,Saurashtra,MG Sirur,Deepraj Gaonkar,JD Unadkat,1,0,,,,,,,,,
1244355,2020/21,2021-01-15,Holkar Stadium,2,17.6,Goa,Saurashtra,Deepraj Gaonkar,MG Sirur,JD Unadkat,0,0,,,,,,caught,Deepraj Gaonkar,,
1244355,2020/21,2021-01-15,Holkar Stadium,2,18.1,Goa,Saurashtra,AB Dinda,MG Sirur,Chirag Jani,1,0,,,,,,,,,
1244355,2020/21,2021-01-15,Holkar Stadium,2,18.2,Goa,Saurashtra,MG Sirur,AB Dinda,Chirag Jani,4,0,,,,,,,,,
1244355,2020/21,2021-01-15,Holkar Stadium,2,18.3,Goa,Saurashtra,MG Sirur,AB Dinda,Chirag Jani,1,0,,,,,,,,,
1244355,2020/21,2021-01-15,Holkar Stadium,2,18.4,Goa,Saurashtra,AB Dinda,MG Sirur,Chirag Jani,0,0,,,,,,caught,AB Dinda,,
