match_id,season,start_date,venue,innings,ball,batting_team,bowling_team,striker,non_striker,bowler,runs_off_bat,extras,wides,noballs,byes,legbyes,penalty,wicket_type,player_dismissed,other_wicket_type,other_player_dismissed
1244336,2020/21,2021-01-13,Holkar Stadium,1,0.1,Rajasthan,Madhya Pradesh,MN Singh,Ankit Lamba,IC Pandey,0,0,,,,,,,,,
1244336,2020/21,2021-01-13,Holkar Stadium,1,0.2,Rajasthan,Madhya Pradesh,MN Singh,Ankit Lamba,IC Pandey,4,0,,,,,,,,,
1244336,2020/21,2021-01-13,Holkar Stadium,1,0.3,Rajasthan,Madhya Pradesh,MN Singh,Ankit Lamba,IC Pandey,4,0,,,,,,,,,
1244336,2020/21,2021-01-13,Holkar Stadium,1,0.4,Rajasthan,Madhya Pradesh,MN Singh,Ankit Lamba,IC Pandey,0,0,,,,,,,,,
1244336,2020/21,2021-01-13,Holkar Stadium,1,0.5,Rajasthan,Madhya Pradesh,MN Singh,Ankit Lamba,IC Pandey,0,0,,,,,,,,,
1244336,2020/21,2021-01-13,Holkar Stadium,1,0.6,Rajasthan,Madhya Pradesh,MN Singh,Ankit Lamba,IC Pandey,2,0,,,,,,,,,
1244336,2020/21,2021-01-13,Holkar Stadium,1,1.1,Rajasthan,Madhya Pradesh,Ankit Lamba,MN Singh,Avesh Khan,0,0,,,,,,,,,
1244336,2020/21,2021-01-13,Holkar Stadium,1,1.2,Rajasthan,Madhya Pradesh,Ankit Lamba,MN Singh,Avesh Khan,0,0,,,,,,,,,
1244336,2020/21,2021-01-13,Holkar Stadium,1,1.3,Rajasthan,Madhya Pradesh,Ankit Lamba,MN Singh,Avesh Khan,0,0,,,,,,,,,
1244336,2020/21,2021-01-13,Holkar Stadium,1,1.4,Rajasthan,Madhya Pradesh,Ankit Lamba,MN Singh,Avesh Khan,0,0,,,,,,,,,
1244336,2020/21,2021-01-13,Holkar Stadium,1,1.5,Rajasthan,Madhya Pradesh,Ankit Lamba,MN Singh,Avesh Khan,0,0,,,,,,,,,
1244336,2020/21,2021-01-13,Holkar Stadium,1,1.6,Rajasthan,Madhya Pradesh,Ankit Lamba,MN Singh,Avesh Khan,2,0,,,,,,,,,
1244336,2020/21,2021-01-13,Holkar Stadium,1,2.1,Rajasthan,Madhya Pradesh,MN Singh,Ankit Lamba,IC Pandey,0,0,,,,,,,,,
1244336,2020/21,2021-01-13,Holkar Stadium,1,2.2,Rajasthan,Madhya Pradesh,MN Singh,Ankit Lamba,IC Pandey,1,0,,,,,,,,,
1244336,2020/21,2021-01-13,Holkar Stadium,1,2.3,Rajasthan,Madhya Pradesh,Ankit Lamba,MN Singh,IC Pandey,2,0,,,,,,,,,
1244336,2020/21,2021-01-13,Holkar Stadium,1,2.4,Rajasthan,Madhya Pradesh,Ankit Lamba,MN Singh,IC Pandey,0,1,1,,,,,,,,
1244336,2020/21,2021-01-13,Holkar Stadium,1,2.5,Rajasthan,Madhya Pradesh,Ankit Lamba,MN Singh,IC Pandey,1,0,,,,,,,,,
1244336,2020/21,2021-01-13,Holkar Stadium,1,2.6,Rajasthan,Madhya Pradesh,MN Singh,Ankit Lamba,IC Pandey,0,0,,,,,,,,,
1244336,2020/21,2021-01-13,Holkar Stadium,1,2.7,Rajasthan,Madhya Pradesh,MN Singh,Ankit Lamba,IC Pandey,1,0,,,,,,,,,
1244336,2020/21,2021-01-13,Holkar Stadium,1,3.1,Rajasthan,Madhya Pradesh,MN Singh,Ankit Lamba,Avesh Khan,0,0,,,,,,,,,
1244336,2020/21,2021-01-13,Holkar Stadium,1,3.2,Rajasthan,Madhya Pradesh,MN Singh,Ankit Lamba,Avesh Khan,0,0,,,,,,caught,MN Singh,,
1244336,2020/21,2021-01-13,Holkar Stadium,1,3.3,Rajasthan,Madhya Pradesh,R Bishnoi,Ankit Lamba,Avesh Khan,4,0,,,,,,,,,
1244336,2020/21,2021-01-13,Holkar Stadium,1,3.4,Rajasthan,Madhya Pradesh,R Bishnoi,Ankit Lamba,Avesh Khan,0,0,,,,,,,,,
1244336,2020/21,2021-01-13,Holkar Stadium,1,3.5,Rajasthan,Madhya Pradesh,R Bishnoi,Ankit Lamba,Avesh Khan,4,0,,,,,,,,,
1244336,2020/21,2021-01-13,Holkar Stadium,1,3.6,Rajasthan,Madhya Pradesh,R Bishnoi,Ankit Lamba,Avesh Khan,1,0,,,,,,,,,
1244336,2020/21,2021-01-13,Holkar Stadium,1,4.1,Rajasthan,Madhya Pradesh,R Bishnoi,Ankit Lamba,KR Sen,0,0,,,,,,caught,R Bishnoi,,
1244336,2020/21,2021-01-13,Holkar Stadium,1,4.2,Rajasthan,Madhya Pradesh,AL Menaria,Ankit Lamba,KR Sen,1,0,,,,,,,,,
1244336,2020/21,2021-01-13,Holkar Stadium,1,4.3,Rajasthan,Madhya Pradesh,Ankit Lamba,AL Menaria,KR Sen,1,0,,,,,,,,,
1244336,2020/21,2021-01-13,Holkar Stadium,1,4.4,Rajasthan,Madhya Pradesh,AL Menaria,Ankit Lamba,KR Sen,0,0,,,,,,,,,
1244336,2020/21,2021-01-13,Holkar Stadium,1,4.5,Rajasthan,Madhya Pradesh,AL Menaria,Ankit Lamba,KR Sen,4,0,,,,,,,,,
1244336,2020/21,2021-01-13,Holkar Stadium,1,4.6,Rajasthan,Madhya Pradesh,AL Menaria,Ankit Lamba,KR Sen,1,0,,,,,,,,,
1244336,2020/21,2021-01-13,Holkar Stadium,1,5.1,Rajasthan,Madhya Pradesh,AL Menaria,Ankit Lamba,IC Pandey,1,0,,,,,,,,,
1244336,2020/21,2021-01-13,Holkar Stadium,1,5.2,Rajasthan,Madhya Pradesh,Ankit Lamba,AL Menaria,IC Pandey,1,0,,,,,,,,,
1244336,2020/21,2021-01-13,Holkar Stadium,1,5.3,Rajasthan,Madhya Pradesh,AL Menaria,Ankit Lamba,IC Pandey,0,0,,,,,,,,,
1244336,2020/21,2021-01-13,Holkar Stadium,1,5.4,Rajasthan,Madhya Pradesh,AL Menaria,Ankit Lamba,IC Pandey,6,0,,,,,,,,,
1244336,2020/21,2021-01-13,Holkar Stadium,1,5.5,Rajasthan,Madhya Pradesh,AL Menaria,Ankit Lamba,IC Pandey,0,0,,,,,,caught,AL Menaria,,
1244336,2020/21,2021-01-13,Holkar Stadium,1,5.6,Rajasthan,Madhya Pradesh,MK Lomror,Ankit Lamba,IC Pandey,0,0,,,,,,,,,
1244336,2020/21,2021-01-13,Holkar Stadium,1,6.1,Rajasthan,Madhya Pradesh,Ankit Lamba,MK Lomror,KR Sen,1,0,,,,,,,,,
1244336,2020/21,2021-01-13,Holkar Stadium,1,6.2,Rajasthan,Madhya Pradesh,MK Lomror,Ankit Lamba,KR Sen,4,0,,,,,,,,,
1244336,2020/21,2021-01-13,Holkar Stadium,1,6.3,Rajasthan,Madhya Pradesh,MK Lomror,Ankit Lamba,KR Sen,1,0,,,,,,,,,
1244336,2020/21,2021-01-13,Holkar Stadium,1,6.4,Rajasthan,Madhya Pradesh,Ankit Lamba,MK Lomror,KR Sen,1,0,,,,,,,,,
1244336,2020/21,2021-01-13,Holkar Stadium,1,6.5,Rajasthan,Madhya Pradesh,MK Lomror,Ankit Lamba,KR Sen,1,0,,,,,,,,,
1244336,2020/21,2021-01-13,Holkar Stadium,1,6.6,Rajasthan,Madhya Pradesh,Ankit Lamba,MK Lomror,KR Sen,2,0,,,,,,,,,
1244336,2020/21,2021-01-13,Holkar Stadium,1,7.1,Rajasthan,Madhya Pradesh,MK Lomror,Ankit Lamba,VR Iyer,0,0,,,,,,,,,
1244336,2020/21,2021-01-13,Holkar Stadium,1,7.2,Rajasthan,Madhya Pradesh,MK Lomror,Ankit Lamba,VR Iyer,1,0,,,,,,,,,
1244336,2020/21,2021-01-13,Holkar Stadium,1,7.3,Rajasthan,Madhya Pradesh,Ankit Lamba,MK Lomror,VR Iyer,0,0,,,,,,,,,
1244336,2020/21,2021-01-13,Holkar Stadium,1,7.4,Rajasthan,Madhya Pradesh,Ankit Lamba,MK Lomror,VR Iyer,0,0,,,,,,,,,
1244336,2020/21,2021-01-13,Holkar Stadium,1,7.5,Rajasthan,Madhya Pradesh,Ankit Lamba,MK Lomror,VR Iyer,4,0,,,,,,,,,
1244336,2020/21,2021-01-13,Holkar Stadium,1,7.6,Rajasthan,Madhya Pradesh,Ankit Lamba,MK Lomror,VR Iyer,4,0,,,,,,,,,
1244336,2020/21,2021-01-13,Holkar Stadium,1,8.1,Rajasthan,Madhya Pradesh,MK Lomror,Ankit Lamba,Ankit Sharma,1,0,,,,,,,,,
1244336,2020/21,2021-01-13,Holkar Stadium,1,8.2,Rajasthan,Madhya Pradesh,Ankit Lamba,MK Lomror,Ankit Sharma,1,0,,,,,,,,,
1244336,2020/21,2021-01-13,Holkar Stadium,1,8.3,Rajasthan,Madhya Pradesh,MK Lomror,Ankit Lamba,Ankit Sharma,6,0,,,,,,,,,
1244336,2020/21,2021-01-13,Holkar Stadium,1,8.4,Rajasthan,Madhya Pradesh,MK Lomror,Ankit Lamba,Ankit Sharma,4,0,,,,,,,,,
1244336,2020/21,2021-01-13,Holkar Stadium,1,8.5,Rajasthan,Madhya Pradesh,MK Lomror,Ankit Lamba,Ankit Sharma,1,0,,,,,,,,,
1244336,2020/21,2021-01-13,Holkar Stadium,1,8.6,Rajasthan,Madhya Pradesh,Ankit Lamba,MK Lomror,Ankit Sharma,1,0,,,,,,,,,
1244336,2020/21,2021-01-13,Holkar Stadium,1,9.1,Rajasthan,Madhya Pradesh,Ankit Lamba,MK Lomror,VR Iyer,4,0,,,,,,,,,
1244336,2020/21,2021-01-13,Holkar Stadium,1,9.2,Rajasthan,Madhya Pradesh,Ankit Lamba,MK Lomror,VR Iyer,0,0,,,,,,,,,
1244336,2020/21,2021-01-13,Holkar Stadium,1,9.3,Rajasthan,Madhya Pradesh,Ankit Lamba,MK Lomror,VR Iyer,1,0,,,,,,,,,
1244336,2020/21,2021-01-13,Holkar Stadium,1,9.4,Rajasthan,Madhya Pradesh,MK Lomror,Ankit Lamba,VR Iyer,1,0,,,,,,,,,
1244336,2020/21,2021-01-13,Holkar Stadium,1,9.5,Rajasthan,Madhya Pradesh,Ankit Lamba,MK Lomror,VR Iyer,1,0,,,,,,,,,
1244336,2020/21,2021-01-13,Holkar Stadium,1,9.6,Rajasthan,Madhya Pradesh,MK Lomror,Ankit Lamba,VR Iyer,0,0,,,,,,,,,
1244336,2020/21,2021-01-13,Holkar Stadium,1,10.1,Rajasthan,Madhya Pradesh,Ankit Lamba,MK Lomror,Ankit Sharma,1,0,,,,,,,,,
1244336,2020/21,2021-01-13,Holkar Stadium,1,10.2,Rajasthan,Madhya Pradesh,MK Lomror,Ankit Lamba,Ankit Sharma,6,0,,,,,,,,,
1244336,2020/21,2021-01-13,Holkar Stadium,1,10.3,Rajasthan,Madhya Pradesh,MK Lomror,Ankit Lamba,Ankit Sharma,1,0,,,,,,,,,
1244336,2020/21,2021-01-13,Holkar Stadium,1,10.4,Rajasthan,Madhya Pradesh,Ankit Lamba,MK Lomror,Ankit Sharma,1,0,,,,,,,,,
1244336,2020/21,2021-01-13,Holkar Stadium,1,10.5,Rajasthan,Madhya Pradesh,MK Lomror,Ankit Lamba,Ankit Sharma,6,0,,,,,,,,,
1244336,2020/21,2021-01-13,Holkar Stadium,1,10.6,Rajasthan,Madhya Pradesh,MK Lomror,Ankit Lamba,Ankit Sharma,4,0,,,,,,,,,
1244336,2020/21,2021-01-13,Holkar Stadium,1,11.1,Rajasthan,Madhya Pradesh,Ankit Lamba,MK Lomror,VR Iyer,1,0,,,,,,,,,
1244336,2020/21,2021-01-13,Holkar Stadium,1,11.2,Rajasthan,Madhya Pradesh,MK Lomror,Ankit Lamba,VR Iyer,4,0,,,,,,,,,
1244336,2020/21,2021-01-13,Holkar Stadium,1,11.3,Rajasthan,Madhya Pradesh,MK Lomror,Ankit Lamba,VR Iyer,0,0,,,,,,,,,
1244336,2020/21,2021-01-13,Holkar Stadium,1,11.4,Rajasthan,Madhya Pradesh,MK Lomror,Ankit Lamba,VR Iyer,1,0,,,,,,,,,
1244336,2020/21,2021-01-13,Holkar Stadium,1,11.5,Rajasthan,Madhya Pradesh,Ankit Lamba,MK Lomror,VR Iyer,1,0,,,,,,,,,
1244336,2020/21,2021-01-13,Holkar Stadium,1,11.6,Rajasthan,Madhya Pradesh,MK Lomror,Ankit Lamba,VR Iyer,1,0,,,,,,,,,
1244336,2020/21,2021-01-13,Holkar Stadium,1,12.1,Rajasthan,Madhya Pradesh,MK Lomror,Ankit Lamba,Mihir Hirwani,1,0,,,,,,,,,
1244336,2020/21,2021-01-13,Holkar Stadium,1,12.2,Rajasthan,Madhya Pradesh,Ankit Lamba,MK Lomror,Mihir Hirwani,1,0,,,,,,,,,
1244336,2020/21,2021-01-13,Holkar Stadium,1,12.3,Rajasthan,Madhya Pradesh,MK Lomror,Ankit Lamba,Mihir Hirwani,2,0,,,,,,,,,
1244336,2020/21,2021-01-13,Holkar Stadium,1,12.4,Rajasthan,Madhya Pradesh,MK Lomror,Ankit Lamba,Mihir Hirwani,2,0,,,,,,,,,
1244336,2020/21,2021-01-13,Holkar Stadium,1,12.5,Rajasthan,Madhya Pradesh,MK Lomror,Ankit Lamba,Mihir Hirwani,1,0,,,,,,,,,
1244336,2020/21,2021-01-13,Holkar Stadium,1,12.6,Rajasthan,Madhya Pradesh,Ankit Lamba,MK Lomror,Mihir Hirwani,0,0,,,,,,,,,
1244336,2020/21,2021-01-13,Holkar Stadium,1,13.1,Rajasthan,Madhya Pradesh,MK Lomror,Ankit Lamba,VR Iyer,1,0,,,,,,,,,
1244336,2020/21,2021-01-13,Holkar Stadium,1,13.2,Rajasthan,Madhya Pradesh,Ankit Lamba,MK Lomror,VR Iyer,0,0,,,,,,caught,Ankit Lamba,,
1244336,2020/21,2021-01-13,Holkar Stadium,1,13.3,Rajasthan,Madhya Pradesh,MK Lomror,Arjit Gupta,VR Iyer,1,0,,,,,,,,,
1244336,2020/21,2021-01-13,Holkar Stadium,1,13.4,Rajasthan,Madhya Pradesh,Arjit Gupta,MK Lomror,VR Iyer,0,0,,,,,,,,,
1244336,2020/21,2021-01-13,Holkar Stadium,1,13.5,Rajasthan,Madhya Pradesh,Arjit Gupta,MK Lomror,VR Iyer,0,0,,,,,,,,,
1244336,2020/21,2021-01-13,Holkar Stadium,1,13.6,Rajasthan,Madhya Pradesh,Arjit Gupta,MK Lomror,VR Iyer,1,0,,,,,,,,,
1244336,2020/21,2021-01-13,Holkar Stadium,1,14.1,Rajasthan,Madhya Pradesh,Arjit Gupta,MK Lomror,Mihir Hirwani,1,0,,,,,,,,,
1244336,2020/21,2021-01-13,Holkar Stadium,1,14.2,Rajasthan,Madhya Pradesh,MK Lomror,Arjit Gupta,Mihir Hirwani,0,0,,,,,,caught,MK Lomror,,
1244336,2020/21,2021-01-13,Holkar Stadium,1,14.3,Rajasthan,Madhya Pradesh,Arjit Gupta,DL Chahar,Mihir Hirwani,1,0,,,,,,,,,
1244336,2020/21,2021-01-13,Holkar Stadium,1,14.4,Rajasthan,Madhya Pradesh,DL Chahar,Arjit Gupta,Mihir Hirwani,0,0,,,,,,,,,
1244336,2020/21,2021-01-13,Holkar Stadium,1,14.5,Rajasthan,Madhya Pradesh,DL Chahar,Arjit Gupta,Mihir Hirwani,1,0,,,,,,,,,
1244336,2020/21,2021-01-13,Holkar Stadium,1,14.6,Rajasthan,Madhya Pradesh,Arjit Gupta,DL Chahar,Mihir Hirwani,6,0,,,,,,,,,
1244336,2020/21,2021-01-13,Holkar Stadium,1,15.1,Rajasthan,Madhya Pradesh,DL Chahar,Arjit Gupta,IC Pandey,1,0,,,,,,,,,
1244336,2020/21,2021-01-13,Holkar Stadium,1,15.2,Rajasthan,Madhya Pradesh,Arjit Gupta,DL Chahar,IC Pandey,1,0,,,,,,,,,
1244336,2020/21,2021-01-13,Holkar Stadium,1,15.3,Rajasthan,Madhya Pradesh,DL Chahar,Arjit Gupta,IC Pandey,1,0,,,,,,,,,
1244336,2020/21,2021-01-13,Holkar Stadium,1,15.4,Rajasthan,Madhya Pradesh,Arjit Gupta,DL Chahar,IC Pandey,0,0,,,,,,,,,
1244336,2020/21,2021-01-13,Holkar Stadium,1,15.5,Rajasthan,Madhya Pradesh,Arjit Gupta,DL Chahar,IC Pandey,1,0,,,,,,,,,
1244336,2020/21,2021-01-13,Holkar Stadium,1,15.6,Rajasthan,Madhya Pradesh,DL Chahar,Arjit Gupta,IC Pandey,1,0,,,,,,,,,
1244336,2020/21,2021-01-13,Holkar Stadium,1,16.1,Rajasthan,Madhya Pradesh,DL Chahar,Arjit Gupta,Avesh Khan,2,0,,,,,,,,,
1244336,2020/21,2021-01-13,Holkar Stadium,1,16.2,Rajasthan,Madhya Pradesh,DL Chahar,Arjit Gupta,Avesh Khan,0,0,,,,,,bowled,DL Chahar,,
1244336,2020/21,2021-01-13,Holkar Stadium,1,16.3,Rajasthan,Madhya Pradesh,RD Chahar,Arjit Gupta,Avesh Khan,0,0,,,,,,,,,
1244336,2020/21,2021-01-13,Holkar Stadium,1,16.4,Rajasthan,Madhya Pradesh,RD Chahar,Arjit Gupta,Avesh Khan,1,0,,,,,,,,,
1244336,2020/21,2021-01-13,Holkar Stadium,1,16.5,Rajasthan,Madhya Pradesh,Arjit Gupta,RD Chahar,Avesh Khan,0,0,,,,,,caught,Arjit Gupta,,
1244336,2020/21,2021-01-13,Holkar Stadium,1,16.6,Rajasthan,Madhya Pradesh,RD Chahar,Ravi Bishnoi,Avesh Khan,4,0,,,,,,,,,
1244336,2020/21,2021-01-13,Holkar Stadium,1,17.1,Rajasthan,Madhya Pradesh,Ravi Bishnoi,RD Chahar,KR Sen,0,0,,,,,,caught,Ravi Bishnoi,,
1244336,2020/21,2021-01-13,Holkar Stadium,1,17.2,Rajasthan,Madhya Pradesh,A Choudhary,RD Chahar,KR Sen,0,0,,,,,,,,,
1244336,2020/21,2021-01-13,Holkar Stadium,1,17.3,Rajasthan,Madhya Pradesh,A Choudhary,RD Chahar,KR Sen,1,0,,,,,,,,,
1244336,2020/21,2021-01-13,Holkar Stadium,1,17.4,Rajasthan,Madhya Pradesh,RD Chahar,A Choudhary,KR Sen,1,0,,,,,,,,,
1244336,2020/21,2021-01-13,Holkar Stadium,1,17.5,Rajasthan,Madhya Pradesh,A Choudhary,RD Chahar,KR Sen,0,0,,,,,,,,,
1244336,2020/21,2021-01-13,Holkar Stadium,1,17.6,Rajasthan,Madhya Pradesh,A Choudhary,RD Chahar,KR Sen,1,0,,,,,,,,,
1244336,2020/21,2021-01-13,Holkar Stadium,1,18.1,Rajasthan,Madhya Pradesh,A Choudhary,RD Chahar,Avesh Khan,1,0,,,,,,,,,
1244336,2020/21,2021-01-13,Holkar Stadium,1,18.2,Rajasthan,Madhya Pradesh,RD Chahar,A Choudhary,Avesh Khan,0,0,,,,,,bowled,RD Chahar,,
1244336,2020/21,2021-01-13,Holkar Stadium,1,18.3,Rajasthan,Madhya Pradesh,KK Ahmed,A Choudhary,Avesh Khan,0,0,,,,,,,,,
1244336,2020/21,2021-01-13,Holkar Stadium,1,18.4,Rajasthan,Madhya Pradesh,KK Ahmed,A Choudhary,Avesh Khan,1,0,,,,,,,,,
1244336,2020/21,2021-01-13,Holkar Stadium,1,18.5,Rajasthan,Madhya Pradesh,A Choudhary,KK Ahmed,Avesh Khan,1,0,,,,,,,,,
1244336,2020/21,2021-01-13,Holkar Stadium,1,18.6,Rajasthan,Madhya Pradesh,KK Ahmed,A Choudhary,Avesh Khan,1,0,,,,,,,,,
1244336,2020/21,2021-01-13,Holkar Stadium,1,19.1,Rajasthan,Madhya Pradesh,KK Ahmed,A Choudhary,KR Sen,0,1,1,,,,,,,,
1244336,2020/21,2021-01-13,Holkar Stadium,1,19.2,Rajasthan,Madhya Pradesh,KK Ahmed,A Choudhary,KR Sen,0,0,,,,,,,,,
1244336,2020/21,2021-01-13,Holkar Stadium,1,19.3,Rajasthan,Madhya Pradesh,KK Ahmed,A Choudhary,KR Sen,0,0,,,,,,caught,KK Ahmed,,
1244336,2020/21,2021-01-13,Holkar Stadium,2,0.1,Madhya Pradesh,Rajasthan,Arpit Gaud,VR Iyer,DL Chahar,0,0,,,,,,,,,
1244336,2020/21,2021-01-13,Holkar Stadium,2,0.2,Madhya Pradesh,Rajasthan,Arpit Gaud,VR Iyer,DL Chahar,0,0,,,,,,,,,
1244336,2020/21,2021-01-13,Holkar Stadium,2,0.3,Madhya Pradesh,Rajasthan,Arpit Gaud,VR Iyer,DL Chahar,0,0,,,,,,,,,
1244336,2020/21,2021-01-13,Holkar Stadium,2,0.4,Madhya Pradesh,Rajasthan,Arpit Gaud,VR Iyer,DL Chahar,1,0,,,,,,,,,
1244336,2020/21,2021-01-13,Holkar Stadium,2,0.5,Madhya Pradesh,Rajasthan,VR Iyer,Arpit Gaud,DL Chahar,0,0,,,,,,,,,
1244336,2020/21,2021-01-13,Holkar Stadium,2,0.6,Madhya Pradesh,Rajasthan,VR Iyer,Arpit Gaud,DL Chahar,0,0,,,,,,,,,
1244336,2020/21,2021-01-13,Holkar Stadium,2,1.1,Madhya Pradesh,Rajasthan,Arpit Gaud,VR Iyer,A Choudhary,0,0,,,,,,,,,
1244336,2020/21,2021-01-13,Holkar Stadium,2,1.2,Madhya Pradesh,Rajasthan,Arpit Gaud,VR Iyer,A Choudhary,0,0,,,,,,,,,
1244336,2020/21,2021-01-13,Holkar Stadium,2,1.3,Madhya Pradesh,Rajasthan,Arpit Gaud,VR Iyer,A Choudhary,0,0,,,,,,,,,
1244336,2020/21,2021-01-13,Holkar Stadium,2,1.4,Madhya Pradesh,Rajasthan,Arpit Gaud,VR Iyer,A Choudhary,1,0,,,,,,,,,
1244336,2020/21,2021-01-13,Holkar Stadium,2,1.5,Madhya Pradesh,Rajasthan,VR Iyer,Arpit Gaud,A Choudhary,1,0,,,,,,,,,
1244336,2020/21,2021-01-13,Holkar Stadium,2,1.6,Madhya Pradesh,Rajasthan,Arpit Gaud,VR Iyer,A Choudhary,4,0,,,,,,,,,
1244336,2020/21,2021-01-13,Holkar Stadium,2,2.1,Madhya Pradesh,Rajasthan,VR Iyer,Arpit Gaud,DL Chahar,4,0,,,,,,,,,
1244336,2020/21,2021-01-13,Holkar Stadium,2,2.2,Madhya Pradesh,Rajasthan,VR Iyer,Arpit Gaud,DL Chahar,4,0,,,,,,,,,
1244336,2020/21,2021-01-13,Holkar Stadium,2,2.3,Madhya Pradesh,Rajasthan,VR Iyer,Arpit Gaud,DL Chahar,0,0,,,,,,,,,
1244336,2020/21,2021-01-13,Holkar Stadium,2,2.4,Madhya Pradesh,Rajasthan,VR Iyer,Arpit Gaud,DL Chahar,4,0,,,,,,,,,
1244336,2020/21,2021-01-13,Holkar Stadium,2,2.5,Madhya Pradesh,Rajasthan,VR Iyer,Arpit Gaud,DL Chahar,0,0,,,,,,,,,
1244336,2020/21,2021-01-13,Holkar Stadium,2,2.6,Madhya Pradesh,Rajasthan,VR Iyer,Arpit Gaud,DL Chahar,1,0,,,,,,,,,
1244336,2020/21,2021-01-13,Holkar Stadium,2,3.1,Madhya Pradesh,Rajasthan,VR Iyer,Arpit Gaud,A Choudhary,4,0,,,,,,,,,
1244336,2020/21,2021-01-13,Holkar Stadium,2,3.2,Madhya Pradesh,Rajasthan,VR Iyer,Arpit Gaud,A Choudhary,0,0,,,,,,,,,
1244336,2020/21,2021-01-13,Holkar Stadium,2,3.3,Madhya Pradesh,Rajasthan,VR Iyer,Arpit Gaud,A Choudhary,2,0,,,,,,,,,
1244336,2020/21,2021-01-13,Holkar Stadium,2,3.4,Madhya Pradesh,Rajasthan,VR Iyer,Arpit Gaud,A Choudhary,0,0,,,,,,,,,
1244336,2020/21,2021-01-13,Holkar Stadium,2,3.5,Madhya Pradesh,Rajasthan,VR Iyer,Arpit Gaud,A Choudhary,1,0,,,,,,,,,
1244336,2020/21,2021-01-13,Holkar Stadium,2,3.6,Madhya Pradesh,Rajasthan,Arpit Gaud,VR Iyer,A Choudhary,0,0,,,,,,,,,
1244336,2020/21,2021-01-13,Holkar Stadium,2,4.1,Madhya Pradesh,Rajasthan,VR Iyer,Arpit Gaud,KK Ahmed,1,0,,,,,,,,,
1244336,2020/21,2021-01-13,Holkar Stadium,2,4.2,Madhya Pradesh,Rajasthan,Arpit Gaud,VR Iyer,KK Ahmed,0,0,,,,,,,,,
1244336,2020/21,2021-01-13,Holkar Stadium,2,4.3,Madhya Pradesh,Rajasthan,Arpit Gaud,VR Iyer,KK Ahmed,0,0,,,,,,,,,
1244336,2020/21,2021-01-13,Holkar Stadium,2,4.4,Madhya Pradesh,Rajasthan,Arpit Gaud,VR Iyer,KK Ahmed,0,0,,,,,,,,,
1244336,2020/21,2021-01-13,Holkar Stadium,2,4.5,Madhya Pradesh,Rajasthan,Arpit Gaud,VR Iyer,KK Ahmed,0,0,,,,,,,,,
1244336,2020/21,2021-01-13,Holkar Stadium,2,4.6,Madhya Pradesh,Rajasthan,Arpit Gaud,VR Iyer,KK Ahmed,6,0,,,,,,,,,
1244336,2020/21,2021-01-13,Holkar Stadium,2,5.1,Madhya Pradesh,Rajasthan,VR Iyer,Arpit Gaud,RD Chahar,0,0,,,,,,,,,
1244336,2020/21,2021-01-13,Holkar Stadium,2,5.2,Madhya Pradesh,Rajasthan,VR Iyer,Arpit Gaud,RD Chahar,1,0,,,,,,,,,
1244336,2020/21,2021-01-13,Holkar Stadium,2,5.3,Madhya Pradesh,Rajasthan,Arpit Gaud,VR Iyer,RD Chahar,1,0,,,,,,,,,
1244336,2020/21,2021-01-13,Holkar Stadium,2,5.4,Madhya Pradesh,Rajasthan,VR Iyer,Arpit Gaud,RD Chahar,4,0,,,,,,,,,
1244336,2020/21,2021-01-13,Holkar Stadium,2,5.5,Madhya Pradesh,Rajasthan,VR Iyer,Arpit Gaud,RD Chahar,0,0,,,,,,caught,VR Iyer,,
1244336,2020/21,2021-01-13,Holkar Stadium,2,5.6,Madhya Pradesh,Rajasthan,RM Patidar,Arpit Gaud,RD Chahar,0,0,,,,,,caught,RM Patidar,,
1244336,2020/21,2021-01-13,Holkar Stadium,2,6.1,Madhya Pradesh,Rajasthan,Parth Sahani,Arpit Gaud,KK Ahmed,1,0,,,,,,,,,
1244336,2020/21,2021-01-13,Holkar Stadium,2,6.2,Madhya Pradesh,Rajasthan,Arpit Gaud,Parth Sahani,KK Ahmed,1,0,,,,,,,,,
1244336,2020/21,2021-01-13,Holkar Stadium,2,6.3,Madhya Pradesh,Rajasthan,Parth Sahani,Arpit Gaud,KK Ahmed,0,1,1,,,,,,,,
1244336,2020/21,2021-01-13,Holkar Stadium,2,6.4,Madhya Pradesh,Rajasthan,Parth Sahani,Arpit Gaud,KK Ahmed,0,0,,,,,,,,,
1244336,2020/21,2021-01-13,Holkar Stadium,2,6.5,Madhya Pradesh,Rajasthan,Parth Sahani,Arpit Gaud,KK Ahmed,1,0,,,,,,,,,
1244336,2020/21,2021-01-13,Holkar Stadium,2,6.6,Madhya Pradesh,Rajasthan,Arpit Gaud,Parth Sahani,KK Ahmed,0,0,,,,,,,,,
1244336,2020/21,2021-01-13,Holkar Stadium,2,6.7,Madhya Pradesh,Rajasthan,Arpit Gaud,Parth Sahani,KK Ahmed,1,0,,,,,,,,,
1244336,2020/21,2021-01-13,Holkar Stadium,2,7.1,Madhya Pradesh,Rajasthan,Arpit Gaud,Parth Sahani,RD Chahar,0,0,,,,,,caught,Arpit Gaud,,
1244336,2020/21,2021-01-13,Holkar Stadium,2,7.2,Madhya Pradesh,Rajasthan,Parth Sahani,Avesh Khan,RD Chahar,0,1,,,,1,,,,,
1244336,2020/21,2021-01-13,Holkar Stadium,2,7.3,Madhya Pradesh,Rajasthan,Avesh Khan,Parth Sahani,RD Chahar,0,0,,,,,,bowled,Avesh Khan,,
1244336,2020/21,2021-01-13,Holkar Stadium,2,7.4,Madhya Pradesh,Rajasthan,Rakesh Thakur,Parth Sahani,RD Chahar,1,0,,,,,,,,,
1244336,2020/21,2021-01-13,Holkar Stadium,2,7.5,Madhya Pradesh,Rajasthan,Parth Sahani,Rakesh Thakur,RD Chahar,0,0,,,,,,,,,
1244336,2020/21,2021-01-13,Holkar Stadium,2,7.6,Madhya Pradesh,Rajasthan,Parth Sahani,Rakesh Thakur,RD Chahar,0,0,,,,,,run out,Rakesh Thakur,,
1244336,2020/21,2021-01-13,Holkar Stadium,2,8.1,Madhya Pradesh,Rajasthan,Parth Sahani,Rishabh Chouhan,Ravi Bishnoi,0,0,,,,,,,,,
1244336,2020/21,2021-01-13,Holkar Stadium,2,8.2,Madhya Pradesh,Rajasthan,Parth Sahani,Rishabh Chouhan,Ravi Bishnoi,1,0,,,,,,,,,
1244336,2020/21,2021-01-13,Holkar Stadium,2,8.3,Madhya Pradesh,Rajasthan,Rishabh Chouhan,Parth Sahani,Ravi Bishnoi,1,0,,,,,,,,,
1244336,2020/21,2021-01-13,Holkar Stadium,2,8.4,Madhya Pradesh,Rajasthan,Parth Sahani,Rishabh Chouhan,Ravi Bishnoi,0,0,,,,,,,,,
1244336,2020/21,2021-01-13,Holkar Stadium,2,8.5,Madhya Pradesh,Rajasthan,Parth Sahani,Rishabh Chouhan,Ravi Bishnoi,0,0,,,,,,,,,
1244336,2020/21,2021-01-13,Holkar Stadium,2,8.6,Madhya Pradesh,Rajasthan,Parth Sahani,Rishabh Chouhan,Ravi Bishnoi,1,0,,,,,,,,,
1244336,2020/21,2021-01-13,Holkar Stadium,2,9.1,Madhya Pradesh,Rajasthan,Parth Sahani,Rishabh Chouhan,RD Chahar,1,0,,,,,,,,,
1244336,2020/21,2021-01-13,Holkar Stadium,2,9.2,Madhya Pradesh,Rajasthan,Rishabh Chouhan,Parth Sahani,RD Chahar,0,0,,,,,,,,,
1244336,2020/21,2021-01-13,Holkar Stadium,2,9.3,Madhya Pradesh,Rajasthan,Rishabh Chouhan,Parth Sahani,RD Chahar,0,0,,,,,,stumped,Rishabh Chouhan,,
1244336,2020/21,2021-01-13,Holkar Stadium,2,9.4,Madhya Pradesh,Rajasthan,Ankit Sharma,Parth Sahani,RD Chahar,0,0,,,,,,,,,
1244336,2020/21,2021-01-13,Holkar Stadium,2,9.5,Madhya Pradesh,Rajasthan,Ankit Sharma,Parth Sahani,RD Chahar,1,0,,,,,,,,,
1244336,2020/21,2021-01-13,Holkar Stadium,2,9.6,Madhya Pradesh,Rajasthan,Parth Sahani,Ankit Sharma,RD Chahar,1,0,,,,,,,,,
1244336,2020/21,2021-01-13,Holkar Stadium,2,10.1,Madhya Pradesh,Rajasthan,Parth Sahani,Ankit Sharma,Ravi Bishnoi,1,0,,,,,,,,,
1244336,2020/21,2021-01-13,Holkar Stadium,2,10.2,Madhya Pradesh,Rajasthan,Ankit Sharma,Parth Sahani,Ravi Bishnoi,0,0,,,,,,,,,
1244336,2020/21,2021-01-13,Holkar Stadium,2,10.3,Madhya Pradesh,Rajasthan,Ankit Sharma,Parth Sahani,Ravi Bishnoi,0,0,,,,,,,,,
1244336,2020/21,2021-01-13,Holkar Stadium,2,10.4,Madhya Pradesh,Rajasthan,Ankit Sharma,Parth Sahani,Ravi Bishnoi,0,0,,,,,,,,,
1244336,2020/21,2021-01-13,Holkar Stadium,2,10.5,Madhya Pradesh,Rajasthan,Ankit Sharma,Parth Sahani,Ravi Bishnoi,0,0,,,,,,,,,
1244336,2020/21,2021-01-13,Holkar Stadium,2,10.6,Madhya Pradesh,Rajasthan,Ankit Sharma,Parth Sahani,Ravi Bishnoi,0,0,,,,,,,,,
1244336,2020/21,2021-01-13,Holkar Stadium,2,11.1,Madhya Pradesh,Rajasthan,Parth Sahani,Ankit Sharma,RD Chahar,1,0,,,,,,,,,
1244336,2020/21,2021-01-13,Holkar Stadium,2,11.2,Madhya Pradesh,Rajasthan,Ankit Sharma,Parth Sahani,RD Chahar,0,1,,,,1,,,,,
1244336,2020/21,2021-01-13,Holkar Stadium,2,11.3,Madhya Pradesh,Rajasthan,Parth Sahani,Ankit Sharma,RD Chahar,0,0,,,,,,,,,
1244336,2020/21,2021-01-13,Holkar Stadium,2,11.4,Madhya Pradesh,Rajasthan,Parth Sahani,Ankit Sharma,RD Chahar,2,0,,,,,,,,,
1244336,2020/21,2021-01-13,Holkar Stadium,2,11.5,Madhya Pradesh,Rajasthan,Parth Sahani,Ankit Sharma,RD Chahar,1,0,,,,,,,,,
1244336,2020/21,2021-01-13,Holkar Stadium,2,11.6,Madhya Pradesh,Rajasthan,Ankit Sharma,Parth Sahani,RD Chahar,0,0,,,,,,,,,
1244336,2020/21,2021-01-13,Holkar Stadium,2,12.1,Madhya Pradesh,Rajasthan,Parth Sahani,Ankit Sharma,Ravi Bishnoi,1,0,,,,,,,,,
1244336,2020/21,2021-01-13,Holkar Stadium,2,12.2,Madhya Pradesh,Rajasthan,Ankit Sharma,Parth Sahani,Ravi Bishnoi,0,0,,,,,,,,,
1244336,2020/21,2021-01-13,Holkar Stadium,2,12.3,Madhya Pradesh,Rajasthan,Ankit Sharma,Parth Sahani,Ravi Bishnoi,0,0,,,,,,,,,
1244336,2020/21,2021-01-13,Holkar Stadium,2,12.4,Madhya Pradesh,Rajasthan,Ankit Sharma,Parth Sahani,Ravi Bishnoi,1,0,,,,,,,,,
1244336,2020/21,2021-01-13,Holkar Stadium,2,12.5,Madhya Pradesh,Rajasthan,Parth Sahani,Ankit Sharma,Ravi Bishnoi,1,0,,,,,,,,,
1244336,2020/21,2021-01-13,Holkar Stadium,2,12.6,Madhya Pradesh,Rajasthan,Ankit Sharma,Parth Sahani,Ravi Bishnoi,1,0,,,,,,,,,
1244336,2020/21,2021-01-13,Holkar Stadium,2,13.1,Madhya Pradesh,Rajasthan,Ankit Sharma,Parth Sahani,KK Ahmed,0,0,,,,,,,,,
1244336,2020/21,2021-01-13,Holkar Stadium,2,13.2,Madhya Pradesh,Rajasthan,Ankit Sharma,Parth Sahani,KK Ahmed,2,0,,,,,,,,,
1244336,2020/21,2021-01-13,Holkar Stadium,2,13.3,Madhya Pradesh,Rajasthan,Ankit Sharma,Parth Sahani,KK Ahmed,0,0,,,,,,,,,
1244336,2020/21,2021-01-13,Holkar Stadium,2,13.4,Madhya Pradesh,Rajasthan,Ankit Sharma,Parth Sahani,KK Ahmed,1,0,,,,,,,,,
1244336,2020/21,2021-01-13,Holkar Stadium,2,13.5,Madhya Pradesh,Rajasthan,Parth Sahani,Ankit Sharma,KK Ahmed,4,0,,,,,,,,,
1244336,2020/21,2021-01-13,Holkar Stadium,2,13.6,Madhya Pradesh,Rajasthan,Parth Sahani,Ankit Sharma,KK Ahmed,0,0,,,,,,,,,
1244336,2020/21,2021-01-13,Holkar Stadium,2,14.1,Madhya Pradesh,Rajasthan,Ankit Sharma,Parth Sahani,Ravi Bishnoi,1,0,,,,,,,,,
1244336,2020/21,2021-01-13,Holkar Stadium,2,14.2,Madhya Pradesh,Rajasthan,Parth Sahani,Ankit Sharma,Ravi Bishnoi,1,0,,,,,,,,,
1244336,2020/21,2021-01-13,Holkar Stadium,2,14.3,Madhya Pradesh,Rajasthan,Ankit Sharma,Parth Sahani,Ravi Bishnoi,1,0,,,,,,,,,
1244336,2020/21,2021-01-13,Holkar Stadium,2,14.4,Madhya Pradesh,Rajasthan,Parth Sahani,Ankit Sharma,Ravi Bishnoi,1,0,,,,,,,,,
1244336,2020/21,2021-01-13,Holkar Stadium,2,14.5,Madhya Pradesh,Rajasthan,Ankit Sharma,Parth Sahani,Ravi Bishnoi,1,0,,,,,,,,,
1244336,2020/21,2021-01-13,Holkar Stadium,2,14.6,Madhya Pradesh,Rajasthan,Parth Sahani,Ankit Sharma,Ravi Bishnoi,4,0,,,,,,,,,
1244336,2020/21,2021-01-13,Holkar Stadium,2,15.1,Madhya Pradesh,Rajasthan,Ankit Sharma,Parth Sahani,A Choudhary,1,0,,,,,,,,,
1244336,2020/21,2021-01-13,Holkar Stadium,2,15.2,Madhya Pradesh,Rajasthan,Parth Sahani,Ankit Sharma,A Choudhary,1,0,,,,,,,,,
1244336,2020/21,2021-01-13,Holkar Stadium,2,15.3,Madhya Pradesh,Rajasthan,Ankit Sharma,Parth Sahani,A Choudhary,1,0,,,,,,,,,
1244336,2020/21,2021-01-13,Holkar Stadium,2,15.4,Madhya Pradesh,Rajasthan,Parth Sahani,Ankit Sharma,A Choudhary,6,0,,,,,,,,,
1244336,2020/21,2021-01-13,Holkar Stadium,2,15.5,Madhya Pradesh,Rajasthan,Parth Sahani,Ankit Sharma,A Choudhary,4,0,,,,,,,,,
1244336,2020/21,2021-01-13,Holkar Stadium,2,15.6,Madhya Pradesh,Rajasthan,Parth Sahani,Ankit Sharma,A Choudhary,1,0,,,,,,,,,
1244336,2020/21,2021-01-13,Holkar Stadium,2,16.1,Madhya Pradesh,Rajasthan,Parth Sahani,Ankit Sharma,DL Chahar,0,1,1,,,,,,,,
1244336,2020/21,2021-01-13,Holkar Stadium,2,16.2,Madhya Pradesh,Rajasthan,Parth Sahani,Ankit Sharma,DL Chahar,1,0,,,,,,,,,
1244336,2020/21,2021-01-13,Holkar Stadium,2,16.3,Madhya Pradesh,Rajasthan,Ankit Sharma,Parth Sahani,DL Chahar,1,0,,,,,,,,,
1244336,2020/21,2021-01-13,Holkar Stadium,2,16.4,Madhya Pradesh,Rajasthan,Parth Sahani,Ankit Sharma,DL Chahar,1,0,,,,,,,,,
1244336,2020/21,2021-01-13,Holkar Stadium,2,16.5,Madhya Pradesh,Rajasthan,Ankit Sharma,Parth Sahani,DL Chahar,1,0,,,,,,,,,
1244336,2020/21,2021-01-13,Holkar Stadium,2,16.6,Madhya Pradesh,Rajasthan,Parth Sahani,Ankit Sharma,DL Chahar,4,0,,,,,,,,,
1244336,2020/21,2021-01-13,Holkar Stadium,2,16.7,Madhya Pradesh,Rajasthan,Parth Sahani,Ankit Sharma,DL Chahar,0,0,,,,,,,,,
1244336,2020/21,2021-01-13,Holkar Stadium,2,17.1,Madhya Pradesh,Rajasthan,Ankit Sharma,Parth Sahani,A Choudhary,0,0,,,,,,caught,Ankit Sharma,,
1244336,2020/21,2021-01-13,Holkar Stadium,2,17.2,Madhya Pradesh,Rajasthan,Parth Sahani,IC Pandey,A Choudhary,1,0,,,,,,,,,
1244336,2020/21,2021-01-13,Holkar Stadium,2,17.3,Madhya Pradesh,Rajasthan,IC Pandey,Parth Sahani,A Choudhary,0,0,,,,,,,,,
1244336,2020/21,2021-01-13,Holkar Stadium,2,17.4,Madhya Pradesh,Rajasthan,IC Pandey,Parth Sahani,A Choudhary,1,0,,,,,,,,,
1244336,2020/21,2021-01-13,Holkar Stadium,2,17.5,Madhya Pradesh,Rajasthan,Parth Sahani,IC Pandey,A Choudhary,6,0,,,,,,,,,
1244336,2020/21,2021-01-13,Holkar Stadium,2,17.6,Madhya Pradesh,Rajasthan,Parth Sahani,IC Pandey,A Choudhary,1,0,,,,,,,,,
1244336,2020/21,2021-01-13,Holkar Stadium,2,18.1,Madhya Pradesh,Rajasthan,Parth Sahani,IC Pandey,DL Chahar,1,0,,,,,,,,,
1244336,2020/21,2021-01-13,Holkar Stadium,2,18.2,Madhya Pradesh,Rajasthan,IC Pandey,Parth Sahani,DL Chahar,1,0,,,,,,,,,
1244336,2020/21,2021-01-13,Holkar Stadium,2,18.3,Madhya Pradesh,Rajasthan,Parth Sahani,IC Pandey,DL Chahar,2,0,,,,,,,,,
1244336,2020/21,2021-01-13,Holkar Stadium,2,18.4,Madhya Pradesh,Rajasthan,Parth Sahani,IC Pandey,DL Chahar,6,0,,,,,,,,,
1244336,2020/21,2021-01-13,Holkar Stadium,2,18.5,Madhya Pradesh,Rajasthan,Parth Sahani,IC Pandey,DL Chahar,6,0,,,,,,,,,
1244336,2020/21,2021-01-13,Holkar Stadium,2,18.6,Madhya Pradesh,Rajasthan,Parth Sahani,IC Pandey,DL Chahar,1,0,,,,,,,,,
1244336,2020/21,2021-01-13,Holkar Stadium,2,19.1,Madhya Pradesh,Rajasthan,Parth Sahani,IC Pandey,KK Ahmed,2,0,,,,,,,,,
1244336,2020/21,2021-01-13,Holkar Stadium,2,19.2,Madhya Pradesh,Rajasthan,Parth Sahani,IC Pandey,KK Ahmed,0,0,,,,,,,,,
1244336,2020/21,2021-01-13,Holkar Stadium,2,19.3,Madhya Pradesh,Rajasthan,Parth Sahani,IC Pandey,KK Ahmed,6,0,,,,,,,,,
1244336,2020/21,2021-01-13,Holkar Stadium,2,19.4,Madhya Pradesh,Rajasthan,Parth Sahani,IC Pandey,KK Ahmed,1,0,,,,,,run out,Parth Sahani,,
1244336,2020/21,2021-01-13,Holkar Stadium,2,19.5,Madhya Pradesh,Rajasthan,Mihir Hirwani,IC Pandey,KK Ahmed,0,0,,,,,,,,,
1244336,2020/21,2021-01-13,Holkar Stadium,2,19.6,Madhya Pradesh,Rajasthan,Mihir Hirwani,IC Pandey,KK Ahmed,1,0,,,,,,,,,
