match_id,season,start_date,venue,innings,ball,batting_team,bowling_team,striker,non_striker,bowler,runs_off_bat,extras,wides,noballs,byes,legbyes,penalty,wicket_type,player_dismissed,other_wicket_type,other_player_dismissed
1244356,2020/21,2021-01-15,Wankhede Stadium,1,0.1,Delhi,Kerala,S Dhawan,Hiten Dalal,Basil Thampi,2,0,,,,,,,,,
1244356,2020/21,2021-01-15,Wankhede Stadium,1,0.2,Delhi,Kerala,S Dhawan,Hiten Dalal,Basil Thampi,1,0,,,,,,,,,
1244356,2020/21,2021-01-15,Wankhede Stadium,1,0.3,Delhi,Kerala,Hiten Dalal,S Dhawan,Basil Thampi,0,0,,,,,,,,,
1244356,2020/21,2021-01-15,Wankhede Stadium,1,0.4,Delhi,Kerala,Hiten Dalal,S Dhawan,Basil Thampi,1,0,,,,,,,,,
1244356,2020/21,2021-01-15,Wankhede Stadium,1,0.5,Delhi,Kerala,S Dhawan,Hiten Dalal,Basil Thampi,0,0,,,,,,,,,
1244356,2020/21,2021-01-15,Wankhede Stadium,1,0.6,Delhi,Kerala,S Dhawan,Hiten Dalal,Basil Thampi,0,0,,,,,,,,,
1244356,2020/21,2021-01-15,Wankhede Stadium,1,1.1,Delhi,Kerala,Hiten Dalal,S Dhawan,S Sreesanth,4,0,,,,,,,,,
1244356,2020/21,2021-01-15,Wankhede Stadium,1,1.2,Delhi,Kerala,Hiten Dalal,S Dhawan,S Sreesanth,0,0,,,,,,,,,
1244356,2020/21,2021-01-15,Wankhede Stadium,1,1.3,Delhi,Kerala,Hiten Dalal,S Dhawan,S Sreesanth,1,0,,,,,,,,,
1244356,2020/21,2021-01-15,Wankhede Stadium,1,1.4,Delhi,Kerala,S Dhawan,Hiten Dalal,S Sreesanth,4,0,,,,,,,,,
1244356,2020/21,2021-01-15,Wankhede Stadium,1,1.5,Delhi,Kerala,S Dhawan,Hiten Dalal,S Sreesanth,0,0,,,,,,,,,
1244356,2020/21,2021-01-15,Wankhede Stadium,1,1.6,Delhi,Kerala,S Dhawan,Hiten Dalal,S Sreesanth,4,0,,,,,,,,,
1244356,2020/21,2021-01-15,Wankhede Stadium,1,2.1,Delhi,Kerala,Hiten Dalal,S Dhawan,Jalaj S Saxena,1,0,,,,,,,,,
1244356,2020/21,2021-01-15,Wankhede Stadium,1,2.2,Delhi,Kerala,S Dhawan,Hiten Dalal,Jalaj S Saxena,0,0,,,,,,,,,
1244356,2020/21,2021-01-15,Wankhede Stadium,1,2.3,Delhi,Kerala,S Dhawan,Hiten Dalal,Jalaj S Saxena,4,0,,,,,,,,,
1244356,2020/21,2021-01-15,Wankhede Stadium,1,2.4,Delhi,Kerala,S Dhawan,Hiten Dalal,Jalaj S Saxena,0,0,,,,,,,,,
1244356,2020/21,2021-01-15,Wankhede Stadium,1,2.5,Delhi,Kerala,S Dhawan,Hiten Dalal,Jalaj S Saxena,6,0,,,,,,,,,
1244356,2020/21,2021-01-15,Wankhede Stadium,1,2.6,Delhi,Kerala,S Dhawan,Hiten Dalal,Jalaj S Saxena,2,0,,,,,,,,,
1244356,2020/21,2021-01-15,Wankhede Stadium,1,3.1,Delhi,Kerala,Hiten Dalal,S Dhawan,KM Asif,4,0,,,,,,,,,
1244356,2020/21,2021-01-15,Wankhede Stadium,1,3.2,Delhi,Kerala,Hiten Dalal,S Dhawan,KM Asif,0,0,,,,,,,,,
1244356,2020/21,2021-01-15,Wankhede Stadium,1,3.3,Delhi,Kerala,Hiten Dalal,S Dhawan,KM Asif,0,0,,,,,,,,,
1244356,2020/21,2021-01-15,Wankhede Stadium,1,3.4,Delhi,Kerala,Hiten Dalal,S Dhawan,KM Asif,0,0,,,,,,,,,
1244356,2020/21,2021-01-15,Wankhede Stadium,1,3.5,Delhi,Kerala,Hiten Dalal,S Dhawan,KM Asif,0,0,,,,,,caught,Hiten Dalal,,
1244356,2020/21,2021-01-15,Wankhede Stadium,1,3.6,Delhi,Kerala,Himmat Singh,S Dhawan,KM Asif,0,0,,,,,,,,,
1244356,2020/21,2021-01-15,Wankhede Stadium,1,4.1,Delhi,Kerala,S Dhawan,Himmat Singh,Basil Thampi,6,0,,,,,,,,,
1244356,2020/21,2021-01-15,Wankhede Stadium,1,4.2,Delhi,Kerala,S Dhawan,Himmat Singh,Basil Thampi,1,0,,,,,,,,,
1244356,2020/21,2021-01-15,Wankhede Stadium,1,4.3,Delhi,Kerala,Himmat Singh,S Dhawan,Basil Thampi,0,0,,,,,,,,,
1244356,2020/21,2021-01-15,Wankhede Stadium,1,4.4,Delhi,Kerala,Himmat Singh,S Dhawan,Basil Thampi,0,0,,,,,,,,,
1244356,2020/21,2021-01-15,Wankhede Stadium,1,4.5,Delhi,Kerala,Himmat Singh,S Dhawan,Basil Thampi,4,0,,,,,,,,,
1244356,2020/21,2021-01-15,Wankhede Stadium,1,4.6,Delhi,Kerala,Himmat Singh,S Dhawan,Basil Thampi,0,0,,,,,,,,,
1244356,2020/21,2021-01-15,Wankhede Stadium,1,5.1,Delhi,Kerala,S Dhawan,Himmat Singh,KM Asif,1,0,,,,,,,,,
1244356,2020/21,2021-01-15,Wankhede Stadium,1,5.2,Delhi,Kerala,Himmat Singh,S Dhawan,KM Asif,1,0,,,,,,,,,
1244356,2020/21,2021-01-15,Wankhede Stadium,1,5.3,Delhi,Kerala,S Dhawan,Himmat Singh,KM Asif,1,0,,,,,,,,,
1244356,2020/21,2021-01-15,Wankhede Stadium,1,5.4,Delhi,Kerala,Himmat Singh,S Dhawan,KM Asif,0,1,,,,1,,,,,
1244356,2020/21,2021-01-15,Wankhede Stadium,1,5.5,Delhi,Kerala,S Dhawan,Himmat Singh,KM Asif,1,0,,,,,,,,,
1244356,2020/21,2021-01-15,Wankhede Stadium,1,5.6,Delhi,Kerala,Himmat Singh,S Dhawan,KM Asif,6,0,,,,,,,,,
1244356,2020/21,2021-01-15,Wankhede Stadium,1,6.1,Delhi,Kerala,S Dhawan,Himmat Singh,S Sreesanth,1,0,,,,,,,,,
1244356,2020/21,2021-01-15,Wankhede Stadium,1,6.2,Delhi,Kerala,Himmat Singh,S Dhawan,S Sreesanth,1,0,,,,,,,,,
1244356,2020/21,2021-01-15,Wankhede Stadium,1,6.3,Delhi,Kerala,S Dhawan,Himmat Singh,S Sreesanth,0,1,,,,1,,,,,
1244356,2020/21,2021-01-15,Wankhede Stadium,1,6.4,Delhi,Kerala,Himmat Singh,S Dhawan,S Sreesanth,4,0,,,,,,,,,
1244356,2020/21,2021-01-15,Wankhede Stadium,1,6.5,Delhi,Kerala,Himmat Singh,S Dhawan,S Sreesanth,2,0,,,,,,,,,
1244356,2020/21,2021-01-15,Wankhede Stadium,1,6.6,Delhi,Kerala,Himmat Singh,S Dhawan,S Sreesanth,1,0,,,,,,,,,
1244356,2020/21,2021-01-15,Wankhede Stadium,1,7.1,Delhi,Kerala,Himmat Singh,S Dhawan,S Midhun,1,0,,,,,,,,,
1244356,2020/21,2021-01-15,Wankhede Stadium,1,7.2,Delhi,Kerala,S Dhawan,Himmat Singh,S Midhun,1,0,,,,,,,,,
1244356,2020/21,2021-01-15,Wankhede Stadium,1,7.3,Delhi,Kerala,Himmat Singh,S Dhawan,S Midhun,6,0,,,,,,,,,
1244356,2020/21,2021-01-15,Wankhede Stadium,1,7.4,Delhi,Kerala,Himmat Singh,S Dhawan,S Midhun,0,0,,,,,,bowled,Himmat Singh,,
1244356,2020/21,2021-01-15,Wankhede Stadium,1,7.5,Delhi,Kerala,N Rana,S Dhawan,S Midhun,1,0,,,,,,,,,
1244356,2020/21,2021-01-15,Wankhede Stadium,1,7.6,Delhi,Kerala,S Dhawan,N Rana,S Midhun,1,0,,,,,,,,,
1244356,2020/21,2021-01-15,Wankhede Stadium,1,8.1,Delhi,Kerala,S Dhawan,N Rana,Jalaj S Saxena,1,0,,,,,,,,,
1244356,2020/21,2021-01-15,Wankhede Stadium,1,8.2,Delhi,Kerala,N Rana,S Dhawan,Jalaj S Saxena,1,0,,,,,,,,,
1244356,2020/21,2021-01-15,Wankhede Stadium,1,8.3,Delhi,Kerala,S Dhawan,N Rana,Jalaj S Saxena,1,0,,,,,,,,,
1244356,2020/21,2021-01-15,Wankhede Stadium,1,8.4,Delhi,Kerala,N Rana,S Dhawan,Jalaj S Saxena,6,0,,,,,,,,,
1244356,2020/21,2021-01-15,Wankhede Stadium,1,8.5,Delhi,Kerala,N Rana,S Dhawan,Jalaj S Saxena,1,0,,,,,,,,,
1244356,2020/21,2021-01-15,Wankhede Stadium,1,8.6,Delhi,Kerala,S Dhawan,N Rana,Jalaj S Saxena,1,0,,,,,,,,,
1244356,2020/21,2021-01-15,Wankhede Stadium,1,9.1,Delhi,Kerala,S Dhawan,N Rana,S Midhun,1,0,,,,,,,,,
1244356,2020/21,2021-01-15,Wankhede Stadium,1,9.2,Delhi,Kerala,N Rana,S Dhawan,S Midhun,4,0,,,,,,,,,
1244356,2020/21,2021-01-15,Wankhede Stadium,1,9.3,Delhi,Kerala,N Rana,S Dhawan,S Midhun,1,0,,,,,,,,,
1244356,2020/21,2021-01-15,Wankhede Stadium,1,9.4,Delhi,Kerala,S Dhawan,N Rana,S Midhun,2,0,,,,,,,,,
1244356,2020/21,2021-01-15,Wankhede Stadium,1,9.5,Delhi,Kerala,S Dhawan,N Rana,S Midhun,0,1,1,,,,,,,,
1244356,2020/21,2021-01-15,Wankhede Stadium,1,9.6,Delhi,Kerala,S Dhawan,N Rana,S Midhun,0,0,,,,,,,,,
1244356,2020/21,2021-01-15,Wankhede Stadium,1,9.7,Delhi,Kerala,S Dhawan,N Rana,S Midhun,1,0,,,,,,,,,
1244356,2020/21,2021-01-15,Wankhede Stadium,1,10.1,Delhi,Kerala,S Dhawan,N Rana,Jalaj S Saxena,2,0,,,,,,,,,
1244356,2020/21,2021-01-15,Wankhede Stadium,1,10.2,Delhi,Kerala,S Dhawan,N Rana,Jalaj S Saxena,2,0,,,,,,,,,
1244356,2020/21,2021-01-15,Wankhede Stadium,1,10.3,Delhi,Kerala,S Dhawan,N Rana,Jalaj S Saxena,1,0,,,,,,,,,
1244356,2020/21,2021-01-15,Wankhede Stadium,1,10.4,Delhi,Kerala,N Rana,S Dhawan,Jalaj S Saxena,0,0,,,,,,,,,
1244356,2020/21,2021-01-15,Wankhede Stadium,1,10.5,Delhi,Kerala,N Rana,S Dhawan,Jalaj S Saxena,0,0,,,,,,,,,
1244356,2020/21,2021-01-15,Wankhede Stadium,1,10.6,Delhi,Kerala,N Rana,S Dhawan,Jalaj S Saxena,1,0,,,,,,,,,
1244356,2020/21,2021-01-15,Wankhede Stadium,1,11.1,Delhi,Kerala,N Rana,S Dhawan,S Sreesanth,1,0,,,,,,,,,
1244356,2020/21,2021-01-15,Wankhede Stadium,1,11.2,Delhi,Kerala,S Dhawan,N Rana,S Sreesanth,1,0,,,,,,,,,
1244356,2020/21,2021-01-15,Wankhede Stadium,1,11.3,Delhi,Kerala,N Rana,S Dhawan,S Sreesanth,0,0,,,,,,caught,N Rana,,
1244356,2020/21,2021-01-15,Wankhede Stadium,1,11.4,Delhi,Kerala,S Dhawan,Lalit Yadav,S Sreesanth,1,0,,,,,,,,,
1244356,2020/21,2021-01-15,Wankhede Stadium,1,11.5,Delhi,Kerala,Lalit Yadav,S Dhawan,S Sreesanth,6,0,,,,,,,,,
1244356,2020/21,2021-01-15,Wankhede Stadium,1,11.6,Delhi,Kerala,Lalit Yadav,S Dhawan,S Sreesanth,1,0,,,,,,,,,
1244356,2020/21,2021-01-15,Wankhede Stadium,1,12.1,Delhi,Kerala,Lalit Yadav,S Dhawan,Jalaj S Saxena,2,0,,,,,,,,,
1244356,2020/21,2021-01-15,Wankhede Stadium,1,12.2,Delhi,Kerala,Lalit Yadav,S Dhawan,Jalaj S Saxena,1,0,,,,,,,,,
1244356,2020/21,2021-01-15,Wankhede Stadium,1,12.3,Delhi,Kerala,S Dhawan,Lalit Yadav,Jalaj S Saxena,0,0,,,,,,,,,
1244356,2020/21,2021-01-15,Wankhede Stadium,1,12.4,Delhi,Kerala,S Dhawan,Lalit Yadav,Jalaj S Saxena,4,0,,,,,,,,,
1244356,2020/21,2021-01-15,Wankhede Stadium,1,12.5,Delhi,Kerala,S Dhawan,Lalit Yadav,Jalaj S Saxena,0,0,,,,,,,,,
1244356,2020/21,2021-01-15,Wankhede Stadium,1,12.6,Delhi,Kerala,S Dhawan,Lalit Yadav,Jalaj S Saxena,1,0,,,,,,,,,
1244356,2020/21,2021-01-15,Wankhede Stadium,1,13.1,Delhi,Kerala,S Dhawan,Lalit Yadav,S Midhun,4,0,,,,,,,,,
1244356,2020/21,2021-01-15,Wankhede Stadium,1,13.2,Delhi,Kerala,S Dhawan,Lalit Yadav,S Midhun,0,0,,,,,,,,,
1244356,2020/21,2021-01-15,Wankhede Stadium,1,13.3,Delhi,Kerala,S Dhawan,Lalit Yadav,S Midhun,4,0,,,,,,,,,
1244356,2020/21,2021-01-15,Wankhede Stadium,1,13.4,Delhi,Kerala,S Dhawan,Lalit Yadav,S Midhun,1,0,,,,,,,,,
1244356,2020/21,2021-01-15,Wankhede Stadium,1,13.5,Delhi,Kerala,Lalit Yadav,S Dhawan,S Midhun,1,0,,,,,,,,,
1244356,2020/21,2021-01-15,Wankhede Stadium,1,13.6,Delhi,Kerala,S Dhawan,Lalit Yadav,S Midhun,4,0,,,,,,,,,
1244356,2020/21,2021-01-15,Wankhede Stadium,1,14.1,Delhi,Kerala,Lalit Yadav,S Dhawan,Basil Thampi,1,0,,,,,,,,,
1244356,2020/21,2021-01-15,Wankhede Stadium,1,14.2,Delhi,Kerala,S Dhawan,Lalit Yadav,Basil Thampi,1,0,,,,,,,,,
1244356,2020/21,2021-01-15,Wankhede Stadium,1,14.3,Delhi,Kerala,Lalit Yadav,S Dhawan,Basil Thampi,0,0,,,,,,,,,
1244356,2020/21,2021-01-15,Wankhede Stadium,1,14.4,Delhi,Kerala,Lalit Yadav,S Dhawan,Basil Thampi,4,0,,,,,,,,,
1244356,2020/21,2021-01-15,Wankhede Stadium,1,14.5,Delhi,Kerala,Lalit Yadav,S Dhawan,Basil Thampi,4,0,,,,,,,,,
1244356,2020/21,2021-01-15,Wankhede Stadium,1,14.6,Delhi,Kerala,Lalit Yadav,S Dhawan,Basil Thampi,1,0,,,,,,,,,
1244356,2020/21,2021-01-15,Wankhede Stadium,1,15.1,Delhi,Kerala,Lalit Yadav,S Dhawan,S Midhun,1,0,,,,,,,,,
1244356,2020/21,2021-01-15,Wankhede Stadium,1,15.2,Delhi,Kerala,S Dhawan,Lalit Yadav,S Midhun,1,0,,,,,,,,,
1244356,2020/21,2021-01-15,Wankhede Stadium,1,15.3,Delhi,Kerala,Lalit Yadav,S Dhawan,S Midhun,1,0,,,,,,,,,
1244356,2020/21,2021-01-15,Wankhede Stadium,1,15.4,Delhi,Kerala,S Dhawan,Lalit Yadav,S Midhun,6,0,,,,,,,,,
1244356,2020/21,2021-01-15,Wankhede Stadium,1,15.5,Delhi,Kerala,S Dhawan,Lalit Yadav,S Midhun,0,0,,,,,,,,,
1244356,2020/21,2021-01-15,Wankhede Stadium,1,15.6,Delhi,Kerala,S Dhawan,Lalit Yadav,S Midhun,1,0,,,,,,,,,
1244356,2020/21,2021-01-15,Wankhede Stadium,1,16.1,Delhi,Kerala,S Dhawan,Lalit Yadav,S Sreesanth,0,0,,,,,,caught,S Dhawan,,
1244356,2020/21,2021-01-15,Wankhede Stadium,1,16.2,Delhi,Kerala,Anuj Rawat,Lalit Yadav,S Sreesanth,0,0,,,,,,,,,
1244356,2020/21,2021-01-15,Wankhede Stadium,1,16.3,Delhi,Kerala,Anuj Rawat,Lalit Yadav,S Sreesanth,6,0,,,,,,,,,
1244356,2020/21,2021-01-15,Wankhede Stadium,1,16.4,Delhi,Kerala,Anuj Rawat,Lalit Yadav,S Sreesanth,1,0,,,,,,,,,
1244356,2020/21,2021-01-15,Wankhede Stadium,1,16.5,Delhi,Kerala,Lalit Yadav,Anuj Rawat,S Sreesanth,1,0,,,,,,,,,
1244356,2020/21,2021-01-15,Wankhede Stadium,1,16.6,Delhi,Kerala,Anuj Rawat,Lalit Yadav,S Sreesanth,6,0,,,,,,,,,
1244356,2020/21,2021-01-15,Wankhede Stadium,1,17.1,Delhi,Kerala,Lalit Yadav,Anuj Rawat,KM Asif,0,0,,,,,,,,,
1244356,2020/21,2021-01-15,Wankhede Stadium,1,17.2,Delhi,Kerala,Lalit Yadav,Anuj Rawat,KM Asif,4,0,,,,,,,,,
1244356,2020/21,2021-01-15,Wankhede Stadium,1,17.3,Delhi,Kerala,Lalit Yadav,Anuj Rawat,KM Asif,4,0,,,,,,,,,
1244356,2020/21,2021-01-15,Wankhede Stadium,1,17.4,Delhi,Kerala,Lalit Yadav,Anuj Rawat,KM Asif,4,0,,,,,,,,,
1244356,2020/21,2021-01-15,Wankhede Stadium,1,17.5,Delhi,Kerala,Lalit Yadav,Anuj Rawat,KM Asif,0,0,,,,,,,,,
1244356,2020/21,2021-01-15,Wankhede Stadium,1,17.6,Delhi,Kerala,Lalit Yadav,Anuj Rawat,KM Asif,0,0,,,,,,,,,
1244356,2020/21,2021-01-15,Wankhede Stadium,1,18.1,Delhi,Kerala,Anuj Rawat,Lalit Yadav,Basil Thampi,1,0,,,,,,,,,
1244356,2020/21,2021-01-15,Wankhede Stadium,1,18.2,Delhi,Kerala,Lalit Yadav,Anuj Rawat,Basil Thampi,6,0,,,,,,,,,
1244356,2020/21,2021-01-15,Wankhede Stadium,1,18.3,Delhi,Kerala,Lalit Yadav,Anuj Rawat,Sachin Baby,1,0,,,,,,,,,
1244356,2020/21,2021-01-15,Wankhede Stadium,1,18.4,Delhi,Kerala,Anuj Rawat,Lalit Yadav,Sachin Baby,6,0,,,,,,,,,
1244356,2020/21,2021-01-15,Wankhede Stadium,1,18.5,Delhi,Kerala,Anuj Rawat,Lalit Yadav,Sachin Baby,1,0,,,,,,,,,
1244356,2020/21,2021-01-15,Wankhede Stadium,1,18.6,Delhi,Kerala,Lalit Yadav,Anuj Rawat,Sachin Baby,2,0,,,,,,,,,
1244356,2020/21,2021-01-15,Wankhede Stadium,1,19.1,Delhi,Kerala,Anuj Rawat,Lalit Yadav,KM Asif,1,0,,,,,,,,,
1244356,2020/21,2021-01-15,Wankhede Stadium,1,19.2,Delhi,Kerala,Lalit Yadav,Anuj Rawat,KM Asif,1,0,,,,,,,,,
1244356,2020/21,2021-01-15,Wankhede Stadium,1,19.3,Delhi,Kerala,Anuj Rawat,Lalit Yadav,KM Asif,4,0,,,,,,,,,
1244356,2020/21,2021-01-15,Wankhede Stadium,1,19.4,Delhi,Kerala,Anuj Rawat,Lalit Yadav,KM Asif,1,0,,,,,,,,,
1244356,2020/21,2021-01-15,Wankhede Stadium,1,19.5,Delhi,Kerala,Lalit Yadav,Anuj Rawat,KM Asif,0,0,,,,,,,,,
1244356,2020/21,2021-01-15,Wankhede Stadium,1,19.6,Delhi,Kerala,Lalit Yadav,Anuj Rawat,KM Asif,6,0,,,,,,,,,
1244356,2020/21,2021-01-15,Wankhede Stadium,2,0.1,Kerala,Delhi,RV Uthappa,Mohammed Azharuddeen,I Sharma,0,0,,,,,,,,,
1244356,2020/21,2021-01-15,Wankhede Stadium,2,0.2,Kerala,Delhi,RV Uthappa,Mohammed Azharuddeen,I Sharma,1,0,,,,,,,,,
1244356,2020/21,2021-01-15,Wankhede Stadium,2,0.3,Kerala,Delhi,Mohammed Azharuddeen,RV Uthappa,I Sharma,0,0,,,,,,caught,Mohammed Azharuddeen,,
1244356,2020/21,2021-01-15,Wankhede Stadium,2,0.4,Kerala,Delhi,SV Samson,RV Uthappa,I Sharma,4,0,,,,,,,,,
1244356,2020/21,2021-01-15,Wankhede Stadium,2,0.5,Kerala,Delhi,SV Samson,RV Uthappa,I Sharma,0,0,,,,,,,,,
1244356,2020/21,2021-01-15,Wankhede Stadium,2,0.6,Kerala,Delhi,SV Samson,RV Uthappa,I Sharma,0,0,,,,,,,,,
1244356,2020/21,2021-01-15,Wankhede Stadium,2,1.1,Kerala,Delhi,RV Uthappa,SV Samson,Simarjeet Singh,0,0,,,,,,,,,
1244356,2020/21,2021-01-15,Wankhede Stadium,2,1.2,Kerala,Delhi,RV Uthappa,SV Samson,Simarjeet Singh,1,0,,,,,,,,,
1244356,2020/21,2021-01-15,Wankhede Stadium,2,1.3,Kerala,Delhi,SV Samson,RV Uthappa,Simarjeet Singh,6,0,,,,,,,,,
1244356,2020/21,2021-01-15,Wankhede Stadium,2,1.4,Kerala,Delhi,SV Samson,RV Uthappa,Simarjeet Singh,0,0,,,,,,,,,
1244356,2020/21,2021-01-15,Wankhede Stadium,2,1.5,Kerala,Delhi,SV Samson,RV Uthappa,Simarjeet Singh,0,0,,,,,,,,,
1244356,2020/21,2021-01-15,Wankhede Stadium,2,1.6,Kerala,Delhi,SV Samson,RV Uthappa,Simarjeet Singh,4,0,,,,,,,,,
1244356,2020/21,2021-01-15,Wankhede Stadium,2,2.1,Kerala,Delhi,RV Uthappa,SV Samson,I Sharma,4,0,,,,,,,,,
1244356,2020/21,2021-01-15,Wankhede Stadium,2,2.2,Kerala,Delhi,RV Uthappa,SV Samson,I Sharma,0,0,,,,,,,,,
1244356,2020/21,2021-01-15,Wankhede Stadium,2,2.3,Kerala,Delhi,RV Uthappa,SV Samson,I Sharma,0,0,,,,,,,,,
1244356,2020/21,2021-01-15,Wankhede Stadium,2,2.4,Kerala,Delhi,RV Uthappa,SV Samson,I Sharma,1,0,,,,,,,,,
1244356,2020/21,2021-01-15,Wankhede Stadium,2,2.5,Kerala,Delhi,SV Samson,RV Uthappa,I Sharma,1,0,,,,,,,,,
1244356,2020/21,2021-01-15,Wankhede Stadium,2,2.6,Kerala,Delhi,RV Uthappa,SV Samson,I Sharma,6,0,,,,,,,,,
1244356,2020/21,2021-01-15,Wankhede Stadium,2,3.1,Kerala,Delhi,SV Samson,RV Uthappa,PJ Sangwan,1,0,,,,,,,,,
1244356,2020/21,2021-01-15,Wankhede Stadium,2,3.2,Kerala,Delhi,RV Uthappa,SV Samson,PJ Sangwan,1,0,,,,,,,,,
1244356,2020/21,2021-01-15,Wankhede Stadium,2,3.3,Kerala,Delhi,SV Samson,RV Uthappa,PJ Sangwan,0,0,,,,,,caught and bowled,SV Samson,,
1244356,2020/21,2021-01-15,Wankhede Stadium,2,3.4,Kerala,Delhi,RV Uthappa,Sachin Baby,PJ Sangwan,1,0,,,,,,,,,
1244356,2020/21,2021-01-15,Wankhede Stadium,2,3.5,Kerala,Delhi,Sachin Baby,RV Uthappa,PJ Sangwan,0,0,,,,,,,,,
1244356,2020/21,2021-01-15,Wankhede Stadium,2,3.6,Kerala,Delhi,Sachin Baby,RV Uthappa,PJ Sangwan,4,0,,,,,,,,,
1244356,2020/21,2021-01-15,Wankhede Stadium,2,4.1,Kerala,Delhi,RV Uthappa,Sachin Baby,Simarjeet Singh,1,0,,,,,,,,,
1244356,2020/21,2021-01-15,Wankhede Stadium,2,4.2,Kerala,Delhi,Sachin Baby,RV Uthappa,Simarjeet Singh,0,0,,,,,,,,,
1244356,2020/21,2021-01-15,Wankhede Stadium,2,4.3,Kerala,Delhi,Sachin Baby,RV Uthappa,Simarjeet Singh,4,0,,,,,,,,,
1244356,2020/21,2021-01-15,Wankhede Stadium,2,4.4,Kerala,Delhi,Sachin Baby,RV Uthappa,Simarjeet Singh,4,0,,,,,,,,,
1244356,2020/21,2021-01-15,Wankhede Stadium,2,4.5,Kerala,Delhi,Sachin Baby,RV Uthappa,Simarjeet Singh,1,0,,,,,,,,,
1244356,2020/21,2021-01-15,Wankhede Stadium,2,4.6,Kerala,Delhi,RV Uthappa,Sachin Baby,Simarjeet Singh,1,0,,,,,,,,,
1244356,2020/21,2021-01-15,Wankhede Stadium,2,5.1,Kerala,Delhi,RV Uthappa,Sachin Baby,PJ Sangwan,0,0,,,,,,,,,
1244356,2020/21,2021-01-15,Wankhede Stadium,2,5.2,Kerala,Delhi,RV Uthappa,Sachin Baby,PJ Sangwan,1,0,,,,,,,,,
1244356,2020/21,2021-01-15,Wankhede Stadium,2,5.3,Kerala,Delhi,Sachin Baby,RV Uthappa,PJ Sangwan,1,0,,,,,,,,,
1244356,2020/21,2021-01-15,Wankhede Stadium,2,5.4,Kerala,Delhi,RV Uthappa,Sachin Baby,PJ Sangwan,0,0,,,,,,,,,
1244356,2020/21,2021-01-15,Wankhede Stadium,2,5.5,Kerala,Delhi,RV Uthappa,Sachin Baby,PJ Sangwan,6,0,,,,,,,,,
1244356,2020/21,2021-01-15,Wankhede Stadium,2,5.6,Kerala,Delhi,RV Uthappa,Sachin Baby,PJ Sangwan,4,0,,,,,,,,,
1244356,2020/21,2021-01-15,Wankhede Stadium,2,6.1,Kerala,Delhi,Sachin Baby,RV Uthappa,P Negi,1,0,,,,,,,,,
1244356,2020/21,2021-01-15,Wankhede Stadium,2,6.2,Kerala,Delhi,RV Uthappa,Sachin Baby,P Negi,1,0,,,,,,,,,
1244356,2020/21,2021-01-15,Wankhede Stadium,2,6.3,Kerala,Delhi,Sachin Baby,RV Uthappa,P Negi,1,0,,,,,,,,,
1244356,2020/21,2021-01-15,Wankhede Stadium,2,6.4,Kerala,Delhi,RV Uthappa,Sachin Baby,P Negi,0,0,,,,,,,,,
1244356,2020/21,2021-01-15,Wankhede Stadium,2,6.5,Kerala,Delhi,RV Uthappa,Sachin Baby,P Negi,3,0,,,,,,,,,
1244356,2020/21,2021-01-15,Wankhede Stadium,2,6.6,Kerala,Delhi,Sachin Baby,RV Uthappa,P Negi,6,0,,,,,,,,,
1244356,2020/21,2021-01-15,Wankhede Stadium,2,7.1,Kerala,Delhi,RV Uthappa,Sachin Baby,Lalit Yadav,0,0,,,,,,,,,
1244356,2020/21,2021-01-15,Wankhede Stadium,2,7.2,Kerala,Delhi,RV Uthappa,Sachin Baby,Lalit Yadav,1,0,,,,,,,,,
1244356,2020/21,2021-01-15,Wankhede Stadium,2,7.3,Kerala,Delhi,Sachin Baby,RV Uthappa,Lalit Yadav,0,0,,,,,,caught and bowled,Sachin Baby,,
1244356,2020/21,2021-01-15,Wankhede Stadium,2,7.4,Kerala,Delhi,Vishnu Vinod,RV Uthappa,Lalit Yadav,1,0,,,,,,,,,
1244356,2020/21,2021-01-15,Wankhede Stadium,2,7.5,Kerala,Delhi,RV Uthappa,Vishnu Vinod,Lalit Yadav,1,0,,,,,,,,,
1244356,2020/21,2021-01-15,Wankhede Stadium,2,7.6,Kerala,Delhi,Vishnu Vinod,RV Uthappa,Lalit Yadav,1,0,,,,,,,,,
1244356,2020/21,2021-01-15,Wankhede Stadium,2,8.1,Kerala,Delhi,Vishnu Vinod,RV Uthappa,P Negi,1,0,,,,,,,,,
1244356,2020/21,2021-01-15,Wankhede Stadium,2,8.2,Kerala,Delhi,RV Uthappa,Vishnu Vinod,P Negi,0,0,,,,,,,,,
1244356,2020/21,2021-01-15,Wankhede Stadium,2,8.3,Kerala,Delhi,RV Uthappa,Vishnu Vinod,P Negi,0,0,,,,,,,,,
1244356,2020/21,2021-01-15,Wankhede Stadium,2,8.4,Kerala,Delhi,RV Uthappa,Vishnu Vinod,P Negi,6,0,,,,,,,,,
1244356,2020/21,2021-01-15,Wankhede Stadium,2,8.5,Kerala,Delhi,RV Uthappa,Vishnu Vinod,P Negi,6,0,,,,,,,,,
1244356,2020/21,2021-01-15,Wankhede Stadium,2,8.6,Kerala,Delhi,RV Uthappa,Vishnu Vinod,P Negi,0,0,,,,,,,,,
1244356,2020/21,2021-01-15,Wankhede Stadium,2,9.1,Kerala,Delhi,Vishnu Vinod,RV Uthappa,Lalit Yadav,1,0,,,,,,,,,
1244356,2020/21,2021-01-15,Wankhede Stadium,2,9.2,Kerala,Delhi,RV Uthappa,Vishnu Vinod,Lalit Yadav,1,0,,,,,,,,,
1244356,2020/21,2021-01-15,Wankhede Stadium,2,9.3,Kerala,Delhi,Vishnu Vinod,RV Uthappa,Lalit Yadav,1,0,,,,,,,,,
1244356,2020/21,2021-01-15,Wankhede Stadium,2,9.4,Kerala,Delhi,RV Uthappa,Vishnu Vinod,Lalit Yadav,1,0,,,,,,,,,
1244356,2020/21,2021-01-15,Wankhede Stadium,2,9.5,Kerala,Delhi,Vishnu Vinod,RV Uthappa,Lalit Yadav,4,0,,,,,,,,,
1244356,2020/21,2021-01-15,Wankhede Stadium,2,9.6,Kerala,Delhi,Vishnu Vinod,RV Uthappa,Lalit Yadav,0,0,,,,,,,,,
1244356,2020/21,2021-01-15,Wankhede Stadium,2,10.1,Kerala,Delhi,RV Uthappa,Vishnu Vinod,PJ Sangwan,0,0,,,,,,,,,
1244356,2020/21,2021-01-15,Wankhede Stadium,2,10.2,Kerala,Delhi,RV Uthappa,Vishnu Vinod,PJ Sangwan,1,0,,,,,,,,,
1244356,2020/21,2021-01-15,Wankhede Stadium,2,10.3,Kerala,Delhi,Vishnu Vinod,RV Uthappa,PJ Sangwan,0,0,,,,,,,,,
1244356,2020/21,2021-01-15,Wankhede Stadium,2,10.4,Kerala,Delhi,Vishnu Vinod,RV Uthappa,PJ Sangwan,1,0,,,,,,,,,
1244356,2020/21,2021-01-15,Wankhede Stadium,2,10.5,Kerala,Delhi,RV Uthappa,Vishnu Vinod,PJ Sangwan,2,0,,,,,,,,,
1244356,2020/21,2021-01-15,Wankhede Stadium,2,10.6,Kerala,Delhi,RV Uthappa,Vishnu Vinod,PJ Sangwan,6,0,,,,,,,,,
1244356,2020/21,2021-01-15,Wankhede Stadium,2,11.1,Kerala,Delhi,Vishnu Vinod,RV Uthappa,P Negi,0,0,,,,,,,,,
1244356,2020/21,2021-01-15,Wankhede Stadium,2,11.2,Kerala,Delhi,Vishnu Vinod,RV Uthappa,P Negi,2,0,,,,,,,,,
1244356,2020/21,2021-01-15,Wankhede Stadium,2,11.3,Kerala,Delhi,Vishnu Vinod,RV Uthappa,P Negi,6,0,,,,,,,,,
1244356,2020/21,2021-01-15,Wankhede Stadium,2,11.4,Kerala,Delhi,Vishnu Vinod,RV Uthappa,P Negi,2,0,,,,,,,,,
1244356,2020/21,2021-01-15,Wankhede Stadium,2,11.5,Kerala,Delhi,Vishnu Vinod,RV Uthappa,P Negi,6,0,,,,,,,,,
1244356,2020/21,2021-01-15,Wankhede Stadium,2,11.6,Kerala,Delhi,Vishnu Vinod,RV Uthappa,P Negi,1,0,,,,,,,,,
1244356,2020/21,2021-01-15,Wankhede Stadium,2,12.1,Kerala,Delhi,Vishnu Vinod,RV Uthappa,I Sharma,0,1,1,,,,,,,,
1244356,2020/21,2021-01-15,Wankhede Stadium,2,12.2,Kerala,Delhi,Vishnu Vinod,RV Uthappa,I Sharma,4,0,,,,,,,,,
1244356,2020/21,2021-01-15,Wankhede Stadium,2,12.3,Kerala,Delhi,Vishnu Vinod,RV Uthappa,I Sharma,1,0,,,,,,,,,
1244356,2020/21,2021-01-15,Wankhede Stadium,2,12.4,Kerala,Delhi,RV Uthappa,Vishnu Vinod,I Sharma,0,5,,1,4,,,,,,
1244356,2020/21,2021-01-15,Wankhede Stadium,2,12.5,Kerala,Delhi,RV Uthappa,Vishnu Vinod,I Sharma,2,0,,,,,,,,,
1244356,2020/21,2021-01-15,Wankhede Stadium,2,12.6,Kerala,Delhi,RV Uthappa,Vishnu Vinod,I Sharma,1,0,,,,,,,,,
1244356,2020/21,2021-01-15,Wankhede Stadium,2,12.7,Kerala,Delhi,Vishnu Vinod,RV Uthappa,I Sharma,0,1,,1,,,,,,,
1244356,2020/21,2021-01-15,Wankhede Stadium,2,12.8,Kerala,Delhi,Vishnu Vinod,RV Uthappa,I Sharma,6,0,,,,,,,,,
1244356,2020/21,2021-01-15,Wankhede Stadium,2,12.9,Kerala,Delhi,Vishnu Vinod,RV Uthappa,I Sharma,1,0,,,,,,,,,
1244356,2020/21,2021-01-15,Wankhede Stadium,2,13.1,Kerala,Delhi,Vishnu Vinod,RV Uthappa,Lalit Yadav,1,0,,,,,,,,,
1244356,2020/21,2021-01-15,Wankhede Stadium,2,13.2,Kerala,Delhi,RV Uthappa,Vishnu Vinod,Lalit Yadav,1,0,,,,,,,,,
1244356,2020/21,2021-01-15,Wankhede Stadium,2,13.3,Kerala,Delhi,Vishnu Vinod,RV Uthappa,Lalit Yadav,2,0,,,,,,,,,
1244356,2020/21,2021-01-15,Wankhede Stadium,2,13.4,Kerala,Delhi,Vishnu Vinod,RV Uthappa,Lalit Yadav,1,0,,,,,,,,,
1244356,2020/21,2021-01-15,Wankhede Stadium,2,13.5,Kerala,Delhi,RV Uthappa,Vishnu Vinod,Lalit Yadav,1,0,,,,,,,,,
1244356,2020/21,2021-01-15,Wankhede Stadium,2,13.6,Kerala,Delhi,Vishnu Vinod,RV Uthappa,Lalit Yadav,4,0,,,,,,,,,
1244356,2020/21,2021-01-15,Wankhede Stadium,2,14.1,Kerala,Delhi,RV Uthappa,Vishnu Vinod,Simarjeet Singh,4,0,,,,,,,,,
1244356,2020/21,2021-01-15,Wankhede Stadium,2,14.2,Kerala,Delhi,RV Uthappa,Vishnu Vinod,Simarjeet Singh,6,0,,,,,,,,,
1244356,2020/21,2021-01-15,Wankhede Stadium,2,14.3,Kerala,Delhi,RV Uthappa,Vishnu Vinod,Simarjeet Singh,2,0,,,,,,,,,
1244356,2020/21,2021-01-15,Wankhede Stadium,2,14.4,Kerala,Delhi,RV Uthappa,Vishnu Vinod,Simarjeet Singh,0,0,,,,,,,,,
1244356,2020/21,2021-01-15,Wankhede Stadium,2,14.5,Kerala,Delhi,RV Uthappa,Vishnu Vinod,Simarjeet Singh,1,0,,,,,,,,,
1244356,2020/21,2021-01-15,Wankhede Stadium,2,14.6,Kerala,Delhi,Vishnu Vinod,RV Uthappa,Simarjeet Singh,1,0,,,,,,,,,
1244356,2020/21,2021-01-15,Wankhede Stadium,2,15.1,Kerala,Delhi,Vishnu Vinod,RV Uthappa,Lalit Yadav,6,0,,,,,,,,,
1244356,2020/21,2021-01-15,Wankhede Stadium,2,15.2,Kerala,Delhi,Vishnu Vinod,RV Uthappa,Lalit Yadav,2,0,,,,,,,,,
1244356,2020/21,2021-01-15,Wankhede Stadium,2,15.3,Kerala,Delhi,Vishnu Vinod,RV Uthappa,Lalit Yadav,1,0,,,,,,,,,
1244356,2020/21,2021-01-15,Wankhede Stadium,2,15.4,Kerala,Delhi,RV Uthappa,Vishnu Vinod,Lalit Yadav,1,0,,,,,,,,,
1244356,2020/21,2021-01-15,Wankhede Stadium,2,15.5,Kerala,Delhi,Vishnu Vinod,RV Uthappa,Lalit Yadav,1,0,,,,,,,,,
1244356,2020/21,2021-01-15,Wankhede Stadium,2,15.6,Kerala,Delhi,RV Uthappa,Vishnu Vinod,Lalit Yadav,0,0,,,,,,,,,
1244356,2020/21,2021-01-15,Wankhede Stadium,2,16.1,Kerala,Delhi,Vishnu Vinod,RV Uthappa,PJ Sangwan,1,0,,,,,,,,,
1244356,2020/21,2021-01-15,Wankhede Stadium,2,16.2,Kerala,Delhi,RV Uthappa,Vishnu Vinod,PJ Sangwan,1,0,,,,,,,,,
1244356,2020/21,2021-01-15,Wankhede Stadium,2,16.3,Kerala,Delhi,Vishnu Vinod,RV Uthappa,PJ Sangwan,6,0,,,,,,,,,
1244356,2020/21,2021-01-15,Wankhede Stadium,2,16.4,Kerala,Delhi,Vishnu Vinod,RV Uthappa,PJ Sangwan,1,0,,,,,,,,,
1244356,2020/21,2021-01-15,Wankhede Stadium,2,16.5,Kerala,Delhi,RV Uthappa,Vishnu Vinod,PJ Sangwan,0,0,,,,,,,,,
1244356,2020/21,2021-01-15,Wankhede Stadium,2,16.6,Kerala,Delhi,RV Uthappa,Vishnu Vinod,PJ Sangwan,1,0,,,,,,,,,
1244356,2020/21,2021-01-15,Wankhede Stadium,2,17.1,Kerala,Delhi,RV Uthappa,Vishnu Vinod,Simarjeet Singh,6,1,,1,,,,,,,
1244356,2020/21,2021-01-15,Wankhede Stadium,2,17.2,Kerala,Delhi,RV Uthappa,Vishnu Vinod,Simarjeet Singh,1,0,,,,,,,,,
1244356,2020/21,2021-01-15,Wankhede Stadium,2,17.3,Kerala,Delhi,Vishnu Vinod,RV Uthappa,Simarjeet Singh,0,0,,,,,,,,,
1244356,2020/21,2021-01-15,Wankhede Stadium,2,17.4,Kerala,Delhi,Vishnu Vinod,RV Uthappa,Simarjeet Singh,1,0,,,,,,,,,
1244356,2020/21,2021-01-15,Wankhede Stadium,2,17.5,Kerala,Delhi,RV Uthappa,Vishnu Vinod,Simarjeet Singh,6,0,,,,,,,,,
1244356,2020/21,2021-01-15,Wankhede Stadium,2,17.6,Kerala,Delhi,RV Uthappa,Vishnu Vinod,Simarjeet Singh,0,0,,,,,,caught,RV Uthappa,,
1244356,2020/21,2021-01-15,Wankhede Stadium,2,17.7,Kerala,Delhi,Vishnu Vinod,Salman Nizar,Simarjeet Singh,1,0,,,,,,,,,
1244356,2020/21,2021-01-15,Wankhede Stadium,2,18.1,Kerala,Delhi,Vishnu Vinod,Salman Nizar,I Sharma,0,0,,,,,,,,,
1244356,2020/21,2021-01-15,Wankhede Stadium,2,18.2,Kerala,Delhi,Vishnu Vinod,Salman Nizar,I Sharma,2,0,,,,,,,,,
1244356,2020/21,2021-01-15,Wankhede Stadium,2,18.3,Kerala,Delhi,Vishnu Vinod,Salman Nizar,I Sharma,1,0,,,,,,,,,
1244356,2020/21,2021-01-15,Wankhede Stadium,2,18.4,Kerala,Delhi,Salman Nizar,Vishnu Vinod,I Sharma,0,0,,,,,,,,,
1244356,2020/21,2021-01-15,Wankhede Stadium,2,18.5,Kerala,Delhi,Salman Nizar,Vishnu Vinod,I Sharma,4,0,,,,,,,,,
1244356,2020/21,2021-01-15,Wankhede Stadium,2,18.6,Kerala,Delhi,Salman Nizar,Vishnu Vinod,I Sharma,6,0,,,,,,,,,
