match_id,season,start_date,venue,innings,ball,batting_team,bowling_team,striker,non_striker,bowler,runs_off_bat,extras,wides,noballs,byes,legbyes,penalty,wicket_type,player_dismissed,other_wicket_type,other_player_dismissed
1244307,2020/21,2021-01-10,Alur Cricket Stadium II,1,0.1,Punjab,Uttar Pradesh,P Simran Singh,Abhishek Sharma,B Kumar,0,0,,,,,,,,,
1244307,2020/21,2021-01-10,Alur Cricket Stadium II,1,0.2,Punjab,Uttar Pradesh,P Simran Singh,Abhishek Sharma,B Kumar,0,0,,,,,,,,,
1244307,2020/21,2021-01-10,Alur Cricket Stadium II,1,0.3,Punjab,Uttar Pradesh,P Simran Singh,Abhishek Sharma,B Kumar,4,0,,,,,,,,,
1244307,2020/21,2021-01-10,Alur Cricket Stadium II,1,0.4,Punjab,Uttar Pradesh,P Simran Singh,Abhishek Sharma,B Kumar,0,0,,,,,,,,,
1244307,2020/21,2021-01-10,Alur Cricket Stadium II,1,0.5,Punjab,Uttar Pradesh,P Simran Singh,Abhishek Sharma,B Kumar,0,0,,,,,,,,,
1244307,2020/21,2021-01-10,Alur Cricket Stadium II,1,0.6,Punjab,Uttar Pradesh,P Simran Singh,Abhishek Sharma,B Kumar,4,0,,,,,,,,,
1244307,2020/21,2021-01-10,Alur Cricket Stadium II,1,1.1,Punjab,Uttar Pradesh,Abhishek Sharma,P Simran Singh,AS Rajpoot,0,0,,,,,,,,,
1244307,2020/21,2021-01-10,Alur Cricket Stadium II,1,1.2,Punjab,Uttar Pradesh,Abhishek Sharma,P Simran Singh,AS Rajpoot,0,0,,,,,,,,,
1244307,2020/21,2021-01-10,Alur Cricket Stadium II,1,1.3,Punjab,Uttar Pradesh,Abhishek Sharma,P Simran Singh,AS Rajpoot,0,0,,,,,,,,,
1244307,2020/21,2021-01-10,Alur Cricket Stadium II,1,1.4,Punjab,Uttar Pradesh,Abhishek Sharma,P Simran Singh,AS Rajpoot,0,0,,,,,,,,,
1244307,2020/21,2021-01-10,Alur Cricket Stadium II,1,1.5,Punjab,Uttar Pradesh,Abhishek Sharma,P Simran Singh,AS Rajpoot,0,0,,,,,,,,,
1244307,2020/21,2021-01-10,Alur Cricket Stadium II,1,1.6,Punjab,Uttar Pradesh,Abhishek Sharma,P Simran Singh,AS Rajpoot,0,0,,,,,,,,,
1244307,2020/21,2021-01-10,Alur Cricket Stadium II,1,2.1,Punjab,Uttar Pradesh,P Simran Singh,Abhishek Sharma,B Kumar,0,0,,,,,,,,,
1244307,2020/21,2021-01-10,Alur Cricket Stadium II,1,2.2,Punjab,Uttar Pradesh,P Simran Singh,Abhishek Sharma,B Kumar,1,0,,,,,,,,,
1244307,2020/21,2021-01-10,Alur Cricket Stadium II,1,2.3,Punjab,Uttar Pradesh,Abhishek Sharma,P Simran Singh,B Kumar,1,0,,,,,,,,,
1244307,2020/21,2021-01-10,Alur Cricket Stadium II,1,2.4,Punjab,Uttar Pradesh,P Simran Singh,Abhishek Sharma,B Kumar,0,0,,,,,,,,,
1244307,2020/21,2021-01-10,Alur Cricket Stadium II,1,2.5,Punjab,Uttar Pradesh,P Simran Singh,Abhishek Sharma,B Kumar,1,0,,,,,,,,,
1244307,2020/21,2021-01-10,Alur Cricket Stadium II,1,2.6,Punjab,Uttar Pradesh,Abhishek Sharma,P Simran Singh,B Kumar,0,0,,,,,,,,,
1244307,2020/21,2021-01-10,Alur Cricket Stadium II,1,3.1,Punjab,Uttar Pradesh,P Simran Singh,Abhishek Sharma,AS Rajpoot,1,0,,,,,,,,,
1244307,2020/21,2021-01-10,Alur Cricket Stadium II,1,3.2,Punjab,Uttar Pradesh,Abhishek Sharma,P Simran Singh,AS Rajpoot,0,0,,,,,,,,,
1244307,2020/21,2021-01-10,Alur Cricket Stadium II,1,3.3,Punjab,Uttar Pradesh,Abhishek Sharma,P Simran Singh,AS Rajpoot,0,0,,,,,,caught,Abhishek Sharma,,
1244307,2020/21,2021-01-10,Alur Cricket Stadium II,1,3.4,Punjab,Uttar Pradesh,Mandeep Singh,P Simran Singh,AS Rajpoot,0,0,,,,,,,,,
1244307,2020/21,2021-01-10,Alur Cricket Stadium II,1,3.5,Punjab,Uttar Pradesh,Mandeep Singh,P Simran Singh,AS Rajpoot,0,0,,,,,,,,,
1244307,2020/21,2021-01-10,Alur Cricket Stadium II,1,3.6,Punjab,Uttar Pradesh,Mandeep Singh,P Simran Singh,AS Rajpoot,0,0,,,,,,,,,
1244307,2020/21,2021-01-10,Alur Cricket Stadium II,1,4.1,Punjab,Uttar Pradesh,P Simran Singh,Mandeep Singh,Shivam Mavi,0,0,,,,,,,,,
1244307,2020/21,2021-01-10,Alur Cricket Stadium II,1,4.2,Punjab,Uttar Pradesh,P Simran Singh,Mandeep Singh,Shivam Mavi,1,0,,,,,,,,,
1244307,2020/21,2021-01-10,Alur Cricket Stadium II,1,4.3,Punjab,Uttar Pradesh,Mandeep Singh,P Simran Singh,Shivam Mavi,1,0,,,,,,,,,
1244307,2020/21,2021-01-10,Alur Cricket Stadium II,1,4.4,Punjab,Uttar Pradesh,P Simran Singh,Mandeep Singh,Shivam Mavi,0,0,,,,,,,,,
1244307,2020/21,2021-01-10,Alur Cricket Stadium II,1,4.5,Punjab,Uttar Pradesh,P Simran Singh,Mandeep Singh,Shivam Mavi,0,0,,,,,,,,,
1244307,2020/21,2021-01-10,Alur Cricket Stadium II,1,4.6,Punjab,Uttar Pradesh,P Simran Singh,Mandeep Singh,Shivam Mavi,0,0,,,,,,,,,
1244307,2020/21,2021-01-10,Alur Cricket Stadium II,1,5.1,Punjab,Uttar Pradesh,Mandeep Singh,P Simran Singh,AS Rajpoot,4,0,,,,,,,,,
1244307,2020/21,2021-01-10,Alur Cricket Stadium II,1,5.2,Punjab,Uttar Pradesh,Mandeep Singh,P Simran Singh,AS Rajpoot,4,0,,,,,,,,,
1244307,2020/21,2021-01-10,Alur Cricket Stadium II,1,5.3,Punjab,Uttar Pradesh,Mandeep Singh,P Simran Singh,AS Rajpoot,0,0,,,,,,caught,Mandeep Singh,,
1244307,2020/21,2021-01-10,Alur Cricket Stadium II,1,5.4,Punjab,Uttar Pradesh,Gurkeerat Singh,P Simran Singh,AS Rajpoot,4,0,,,,,,,,,
1244307,2020/21,2021-01-10,Alur Cricket Stadium II,1,5.5,Punjab,Uttar Pradesh,Gurkeerat Singh,P Simran Singh,AS Rajpoot,6,0,,,,,,,,,
1244307,2020/21,2021-01-10,Alur Cricket Stadium II,1,5.6,Punjab,Uttar Pradesh,Gurkeerat Singh,P Simran Singh,AS Rajpoot,3,0,,,,,,,,,
1244307,2020/21,2021-01-10,Alur Cricket Stadium II,1,6.1,Punjab,Uttar Pradesh,Gurkeerat Singh,P Simran Singh,Shivam Mavi,1,0,,,,,,,,,
1244307,2020/21,2021-01-10,Alur Cricket Stadium II,1,6.2,Punjab,Uttar Pradesh,P Simran Singh,Gurkeerat Singh,Shivam Mavi,1,0,,,,,,,,,
1244307,2020/21,2021-01-10,Alur Cricket Stadium II,1,6.3,Punjab,Uttar Pradesh,Gurkeerat Singh,P Simran Singh,Shivam Mavi,1,0,,,,,,,,,
1244307,2020/21,2021-01-10,Alur Cricket Stadium II,1,6.4,Punjab,Uttar Pradesh,P Simran Singh,Gurkeerat Singh,Shivam Mavi,1,0,,,,,,,,,
1244307,2020/21,2021-01-10,Alur Cricket Stadium II,1,6.5,Punjab,Uttar Pradesh,Gurkeerat Singh,P Simran Singh,Shivam Mavi,1,0,,,,,,,,,
1244307,2020/21,2021-01-10,Alur Cricket Stadium II,1,6.6,Punjab,Uttar Pradesh,P Simran Singh,Gurkeerat Singh,Shivam Mavi,1,0,,,,,,,,,
1244307,2020/21,2021-01-10,Alur Cricket Stadium II,1,7.1,Punjab,Uttar Pradesh,P Simran Singh,Gurkeerat Singh,Shiva Singh,1,0,,,,,,,,,
1244307,2020/21,2021-01-10,Alur Cricket Stadium II,1,7.2,Punjab,Uttar Pradesh,Gurkeerat Singh,P Simran Singh,Shiva Singh,0,0,,,,,,,,,
1244307,2020/21,2021-01-10,Alur Cricket Stadium II,1,7.3,Punjab,Uttar Pradesh,Gurkeerat Singh,P Simran Singh,Shiva Singh,0,0,,,,,,,,,
1244307,2020/21,2021-01-10,Alur Cricket Stadium II,1,7.4,Punjab,Uttar Pradesh,Gurkeerat Singh,P Simran Singh,Shiva Singh,0,0,,,,,,,,,
1244307,2020/21,2021-01-10,Alur Cricket Stadium II,1,7.5,Punjab,Uttar Pradesh,Gurkeerat Singh,P Simran Singh,Shiva Singh,0,0,,,,,,,,,
1244307,2020/21,2021-01-10,Alur Cricket Stadium II,1,7.6,Punjab,Uttar Pradesh,Gurkeerat Singh,P Simran Singh,Shiva Singh,0,0,,,,,,,,,
1244307,2020/21,2021-01-10,Alur Cricket Stadium II,1,8.1,Punjab,Uttar Pradesh,P Simran Singh,Gurkeerat Singh,Shanu Saini,1,0,,,,,,,,,
1244307,2020/21,2021-01-10,Alur Cricket Stadium II,1,8.2,Punjab,Uttar Pradesh,Gurkeerat Singh,P Simran Singh,Shanu Saini,1,0,,,,,,,,,
1244307,2020/21,2021-01-10,Alur Cricket Stadium II,1,8.3,Punjab,Uttar Pradesh,P Simran Singh,Gurkeerat Singh,Shanu Saini,0,0,,,,,,,,,
1244307,2020/21,2021-01-10,Alur Cricket Stadium II,1,8.4,Punjab,Uttar Pradesh,P Simran Singh,Gurkeerat Singh,Shanu Saini,1,0,,,,,,,,,
1244307,2020/21,2021-01-10,Alur Cricket Stadium II,1,8.5,Punjab,Uttar Pradesh,Gurkeerat Singh,P Simran Singh,Shanu Saini,0,0,,,,,,caught,Gurkeerat Singh,,
1244307,2020/21,2021-01-10,Alur Cricket Stadium II,1,8.6,Punjab,Uttar Pradesh,Anmolpreet Singh,P Simran Singh,Shanu Saini,0,0,,,,,,,,,
1244307,2020/21,2021-01-10,Alur Cricket Stadium II,1,9.1,Punjab,Uttar Pradesh,P Simran Singh,Anmolpreet Singh,Shiva Singh,1,0,,,,,,,,,
1244307,2020/21,2021-01-10,Alur Cricket Stadium II,1,9.2,Punjab,Uttar Pradesh,Anmolpreet Singh,P Simran Singh,Shiva Singh,1,0,,,,,,,,,
1244307,2020/21,2021-01-10,Alur Cricket Stadium II,1,9.3,Punjab,Uttar Pradesh,P Simran Singh,Anmolpreet Singh,Shiva Singh,1,0,,,,,,,,,
1244307,2020/21,2021-01-10,Alur Cricket Stadium II,1,9.4,Punjab,Uttar Pradesh,Anmolpreet Singh,P Simran Singh,Shiva Singh,0,0,,,,,,,,,
1244307,2020/21,2021-01-10,Alur Cricket Stadium II,1,9.5,Punjab,Uttar Pradesh,Anmolpreet Singh,P Simran Singh,Shiva Singh,0,0,,,,,,,,,
1244307,2020/21,2021-01-10,Alur Cricket Stadium II,1,9.6,Punjab,Uttar Pradesh,Anmolpreet Singh,P Simran Singh,Shiva Singh,0,0,,,,,,,,,
1244307,2020/21,2021-01-10,Alur Cricket Stadium II,1,10.1,Punjab,Uttar Pradesh,P Simran Singh,Anmolpreet Singh,Shanu Saini,0,0,,,,,,,,,
1244307,2020/21,2021-01-10,Alur Cricket Stadium II,1,10.2,Punjab,Uttar Pradesh,P Simran Singh,Anmolpreet Singh,Shanu Saini,2,0,,,,,,,,,
1244307,2020/21,2021-01-10,Alur Cricket Stadium II,1,10.3,Punjab,Uttar Pradesh,P Simran Singh,Anmolpreet Singh,Shanu Saini,1,0,,,,,,,,,
1244307,2020/21,2021-01-10,Alur Cricket Stadium II,1,10.4,Punjab,Uttar Pradesh,Anmolpreet Singh,P Simran Singh,Shanu Saini,1,0,,,,,,,,,
1244307,2020/21,2021-01-10,Alur Cricket Stadium II,1,10.5,Punjab,Uttar Pradesh,P Simran Singh,Anmolpreet Singh,Shanu Saini,1,0,,,,,,,,,
1244307,2020/21,2021-01-10,Alur Cricket Stadium II,1,10.6,Punjab,Uttar Pradesh,Anmolpreet Singh,P Simran Singh,Shanu Saini,1,0,,,,,,,,,
1244307,2020/21,2021-01-10,Alur Cricket Stadium II,1,11.1,Punjab,Uttar Pradesh,Anmolpreet Singh,P Simran Singh,Shiva Singh,1,0,,,,,,,,,
1244307,2020/21,2021-01-10,Alur Cricket Stadium II,1,11.2,Punjab,Uttar Pradesh,P Simran Singh,Anmolpreet Singh,Shiva Singh,1,0,,,,,,,,,
1244307,2020/21,2021-01-10,Alur Cricket Stadium II,1,11.3,Punjab,Uttar Pradesh,Anmolpreet Singh,P Simran Singh,Shiva Singh,0,0,,,,,,,,,
1244307,2020/21,2021-01-10,Alur Cricket Stadium II,1,11.4,Punjab,Uttar Pradesh,Anmolpreet Singh,P Simran Singh,Shiva Singh,4,0,,,,,,,,,
1244307,2020/21,2021-01-10,Alur Cricket Stadium II,1,11.5,Punjab,Uttar Pradesh,Anmolpreet Singh,P Simran Singh,Shiva Singh,1,0,,,,,,,,,
1244307,2020/21,2021-01-10,Alur Cricket Stadium II,1,11.6,Punjab,Uttar Pradesh,P Simran Singh,Anmolpreet Singh,Shiva Singh,1,0,,,,,,,,,
1244307,2020/21,2021-01-10,Alur Cricket Stadium II,1,12.1,Punjab,Uttar Pradesh,P Simran Singh,Anmolpreet Singh,Shanu Saini,0,0,,,,,,,,,
1244307,2020/21,2021-01-10,Alur Cricket Stadium II,1,12.2,Punjab,Uttar Pradesh,P Simran Singh,Anmolpreet Singh,Shanu Saini,0,0,,,,,,,,,
1244307,2020/21,2021-01-10,Alur Cricket Stadium II,1,12.3,Punjab,Uttar Pradesh,P Simran Singh,Anmolpreet Singh,Shanu Saini,0,0,,,,,,,,,
1244307,2020/21,2021-01-10,Alur Cricket Stadium II,1,12.4,Punjab,Uttar Pradesh,P Simran Singh,Anmolpreet Singh,Shanu Saini,1,0,,,,,,,,,
1244307,2020/21,2021-01-10,Alur Cricket Stadium II,1,12.5,Punjab,Uttar Pradesh,Anmolpreet Singh,P Simran Singh,Shanu Saini,0,0,,,,,,,,,
1244307,2020/21,2021-01-10,Alur Cricket Stadium II,1,12.6,Punjab,Uttar Pradesh,Anmolpreet Singh,P Simran Singh,Shanu Saini,4,0,,,,,,,,,
1244307,2020/21,2021-01-10,Alur Cricket Stadium II,1,13.1,Punjab,Uttar Pradesh,P Simran Singh,Anmolpreet Singh,Shivam Mavi,6,0,,,,,,,,,
1244307,2020/21,2021-01-10,Alur Cricket Stadium II,1,13.2,Punjab,Uttar Pradesh,P Simran Singh,Anmolpreet Singh,Shivam Mavi,4,0,,,,,,,,,
1244307,2020/21,2021-01-10,Alur Cricket Stadium II,1,13.3,Punjab,Uttar Pradesh,P Simran Singh,Anmolpreet Singh,Shivam Mavi,4,0,,,,,,,,,
1244307,2020/21,2021-01-10,Alur Cricket Stadium II,1,13.4,Punjab,Uttar Pradesh,P Simran Singh,Anmolpreet Singh,Shivam Mavi,1,0,,,,,,,,,
1244307,2020/21,2021-01-10,Alur Cricket Stadium II,1,13.5,Punjab,Uttar Pradesh,Anmolpreet Singh,P Simran Singh,Shivam Mavi,1,0,,,,,,,,,
1244307,2020/21,2021-01-10,Alur Cricket Stadium II,1,13.6,Punjab,Uttar Pradesh,P Simran Singh,Anmolpreet Singh,Shivam Mavi,1,0,,,,,,,,,
1244307,2020/21,2021-01-10,Alur Cricket Stadium II,1,14.1,Punjab,Uttar Pradesh,P Simran Singh,Anmolpreet Singh,Shiva Singh,0,0,,,,,,caught,P Simran Singh,,
1244307,2020/21,2021-01-10,Alur Cricket Stadium II,1,14.2,Punjab,Uttar Pradesh,Ramandeep Singh,Anmolpreet Singh,Shiva Singh,1,0,,,,,,,,,
1244307,2020/21,2021-01-10,Alur Cricket Stadium II,1,14.3,Punjab,Uttar Pradesh,Anmolpreet Singh,Ramandeep Singh,Shiva Singh,1,0,,,,,,,,,
1244307,2020/21,2021-01-10,Alur Cricket Stadium II,1,14.4,Punjab,Uttar Pradesh,Ramandeep Singh,Anmolpreet Singh,Shiva Singh,4,0,,,,,,,,,
1244307,2020/21,2021-01-10,Alur Cricket Stadium II,1,14.5,Punjab,Uttar Pradesh,Ramandeep Singh,Anmolpreet Singh,Shiva Singh,1,0,,,,,,,,,
1244307,2020/21,2021-01-10,Alur Cricket Stadium II,1,14.6,Punjab,Uttar Pradesh,Anmolpreet Singh,Ramandeep Singh,Shiva Singh,0,0,,,,,,,,,
1244307,2020/21,2021-01-10,Alur Cricket Stadium II,1,15.1,Punjab,Uttar Pradesh,Ramandeep Singh,Anmolpreet Singh,Shanu Saini,1,0,,,,,,,,,
1244307,2020/21,2021-01-10,Alur Cricket Stadium II,1,15.2,Punjab,Uttar Pradesh,Anmolpreet Singh,Ramandeep Singh,Shanu Saini,1,0,,,,,,,,,
1244307,2020/21,2021-01-10,Alur Cricket Stadium II,1,15.3,Punjab,Uttar Pradesh,Ramandeep Singh,Anmolpreet Singh,Shanu Saini,0,0,,,,,,,,,
1244307,2020/21,2021-01-10,Alur Cricket Stadium II,1,15.4,Punjab,Uttar Pradesh,Ramandeep Singh,Anmolpreet Singh,Shanu Saini,1,0,,,,,,,,,
1244307,2020/21,2021-01-10,Alur Cricket Stadium II,1,15.5,Punjab,Uttar Pradesh,Anmolpreet Singh,Ramandeep Singh,Shanu Saini,6,0,,,,,,,,,
1244307,2020/21,2021-01-10,Alur Cricket Stadium II,1,15.6,Punjab,Uttar Pradesh,Anmolpreet Singh,Ramandeep Singh,Shanu Saini,1,0,,,,,,,,,
1244307,2020/21,2021-01-10,Alur Cricket Stadium II,1,16.1,Punjab,Uttar Pradesh,Anmolpreet Singh,Ramandeep Singh,AS Rajpoot,1,0,,,,,,,,,
1244307,2020/21,2021-01-10,Alur Cricket Stadium II,1,16.2,Punjab,Uttar Pradesh,Ramandeep Singh,Anmolpreet Singh,AS Rajpoot,1,0,,,,,,,,,
1244307,2020/21,2021-01-10,Alur Cricket Stadium II,1,16.3,Punjab,Uttar Pradesh,Anmolpreet Singh,Ramandeep Singh,AS Rajpoot,1,0,,,,,,,,,
1244307,2020/21,2021-01-10,Alur Cricket Stadium II,1,16.4,Punjab,Uttar Pradesh,Ramandeep Singh,Anmolpreet Singh,AS Rajpoot,1,0,,,,,,,,,
1244307,2020/21,2021-01-10,Alur Cricket Stadium II,1,16.5,Punjab,Uttar Pradesh,Anmolpreet Singh,Ramandeep Singh,AS Rajpoot,1,0,,,,,,,,,
1244307,2020/21,2021-01-10,Alur Cricket Stadium II,1,16.6,Punjab,Uttar Pradesh,Ramandeep Singh,Anmolpreet Singh,AS Rajpoot,1,0,,,,,,,,,
1244307,2020/21,2021-01-10,Alur Cricket Stadium II,1,17.1,Punjab,Uttar Pradesh,Ramandeep Singh,Anmolpreet Singh,B Kumar,0,0,,,,,,caught,Ramandeep Singh,,
1244307,2020/21,2021-01-10,Alur Cricket Stadium II,1,17.2,Punjab,Uttar Pradesh,Anmolpreet Singh,Harpreet Brar,B Kumar,1,0,,,,,,,,,
1244307,2020/21,2021-01-10,Alur Cricket Stadium II,1,17.3,Punjab,Uttar Pradesh,Harpreet Brar,Anmolpreet Singh,B Kumar,0,0,,,,,,,,,
1244307,2020/21,2021-01-10,Alur Cricket Stadium II,1,17.4,Punjab,Uttar Pradesh,Harpreet Brar,Anmolpreet Singh,B Kumar,0,0,,,,,,,,,
1244307,2020/21,2021-01-10,Alur Cricket Stadium II,1,17.5,Punjab,Uttar Pradesh,Harpreet Brar,Anmolpreet Singh,B Kumar,1,0,,,,,,,,,
1244307,2020/21,2021-01-10,Alur Cricket Stadium II,1,17.6,Punjab,Uttar Pradesh,Anmolpreet Singh,Harpreet Brar,B Kumar,1,0,,,,,,,,,
1244307,2020/21,2021-01-10,Alur Cricket Stadium II,1,18.1,Punjab,Uttar Pradesh,Anmolpreet Singh,Harpreet Brar,Shivam Mavi,6,0,,,,,,,,,
1244307,2020/21,2021-01-10,Alur Cricket Stadium II,1,18.2,Punjab,Uttar Pradesh,Anmolpreet Singh,Harpreet Brar,Shivam Mavi,1,0,,,,,,,,,
1244307,2020/21,2021-01-10,Alur Cricket Stadium II,1,18.3,Punjab,Uttar Pradesh,Harpreet Brar,Anmolpreet Singh,Shivam Mavi,4,0,,,,,,,,,
1244307,2020/21,2021-01-10,Alur Cricket Stadium II,1,18.4,Punjab,Uttar Pradesh,Harpreet Brar,Anmolpreet Singh,Shivam Mavi,0,0,,,,,,,,,
1244307,2020/21,2021-01-10,Alur Cricket Stadium II,1,18.5,Punjab,Uttar Pradesh,Harpreet Brar,Anmolpreet Singh,Shivam Mavi,4,0,,,,,,,,,
1244307,2020/21,2021-01-10,Alur Cricket Stadium II,1,18.6,Punjab,Uttar Pradesh,Harpreet Brar,Anmolpreet Singh,Shivam Mavi,0,0,,,,,,,,,
1244307,2020/21,2021-01-10,Alur Cricket Stadium II,1,19.1,Punjab,Uttar Pradesh,Anmolpreet Singh,Harpreet Brar,B Kumar,0,0,,,,,,caught,Anmolpreet Singh,,
1244307,2020/21,2021-01-10,Alur Cricket Stadium II,1,19.2,Punjab,Uttar Pradesh,Harpreet Brar,M Markande,B Kumar,6,0,,,,,,,,,
1244307,2020/21,2021-01-10,Alur Cricket Stadium II,1,19.3,Punjab,Uttar Pradesh,Harpreet Brar,M Markande,B Kumar,0,0,,,,,,,,,
1244307,2020/21,2021-01-10,Alur Cricket Stadium II,1,19.4,Punjab,Uttar Pradesh,Harpreet Brar,M Markande,B Kumar,0,1,,,1,,,,,,
1244307,2020/21,2021-01-10,Alur Cricket Stadium II,1,19.5,Punjab,Uttar Pradesh,M Markande,Harpreet Brar,B Kumar,0,1,1,,,,,,,,
1244307,2020/21,2021-01-10,Alur Cricket Stadium II,1,19.6,Punjab,Uttar Pradesh,M Markande,Harpreet Brar,B Kumar,0,0,,,,,,caught,M Markande,,
1244307,2020/21,2021-01-10,Alur Cricket Stadium II,1,19.7,Punjab,Uttar Pradesh,Harpreet Brar,Sandeep Sharma,B Kumar,1,0,,,,,,,,,
1244307,2020/21,2021-01-10,Alur Cricket Stadium II,2,0.1,Uttar Pradesh,Punjab,Madhav Kaushik,Dhruv Jurel,Sandeep Sharma,0,0,,,,,,,,,
1244307,2020/21,2021-01-10,Alur Cricket Stadium II,2,0.2,Uttar Pradesh,Punjab,Madhav Kaushik,Dhruv Jurel,Sandeep Sharma,0,0,,,,,,,,,
1244307,2020/21,2021-01-10,Alur Cricket Stadium II,2,0.3,Uttar Pradesh,Punjab,Madhav Kaushik,Dhruv Jurel,Sandeep Sharma,0,0,,,,,,,,,
1244307,2020/21,2021-01-10,Alur Cricket Stadium II,2,0.4,Uttar Pradesh,Punjab,Madhav Kaushik,Dhruv Jurel,Sandeep Sharma,1,0,,,,,,,,,
1244307,2020/21,2021-01-10,Alur Cricket Stadium II,2,0.5,Uttar Pradesh,Punjab,Dhruv Jurel,Madhav Kaushik,Sandeep Sharma,0,0,,,,,,,,,
1244307,2020/21,2021-01-10,Alur Cricket Stadium II,2,0.6,Uttar Pradesh,Punjab,Dhruv Jurel,Madhav Kaushik,Sandeep Sharma,0,0,,,,,,,,,
1244307,2020/21,2021-01-10,Alur Cricket Stadium II,2,1.1,Uttar Pradesh,Punjab,Madhav Kaushik,Dhruv Jurel,Arshdeep Singh,0,0,,,,,,,,,
1244307,2020/21,2021-01-10,Alur Cricket Stadium II,2,1.2,Uttar Pradesh,Punjab,Madhav Kaushik,Dhruv Jurel,Arshdeep Singh,0,0,,,,,,,,,
1244307,2020/21,2021-01-10,Alur Cricket Stadium II,2,1.3,Uttar Pradesh,Punjab,Madhav Kaushik,Dhruv Jurel,Arshdeep Singh,0,0,,,,,,,,,
1244307,2020/21,2021-01-10,Alur Cricket Stadium II,2,1.4,Uttar Pradesh,Punjab,Madhav Kaushik,Dhruv Jurel,Arshdeep Singh,0,0,,,,,,,,,
1244307,2020/21,2021-01-10,Alur Cricket Stadium II,2,1.5,Uttar Pradesh,Punjab,Madhav Kaushik,Dhruv Jurel,Arshdeep Singh,1,0,,,,,,,,,
1244307,2020/21,2021-01-10,Alur Cricket Stadium II,2,1.6,Uttar Pradesh,Punjab,Dhruv Jurel,Madhav Kaushik,Arshdeep Singh,1,0,,,,,,,,,
1244307,2020/21,2021-01-10,Alur Cricket Stadium II,2,2.1,Uttar Pradesh,Punjab,Dhruv Jurel,Madhav Kaushik,Sandeep Sharma,1,0,,,,,,,,,
1244307,2020/21,2021-01-10,Alur Cricket Stadium II,2,2.2,Uttar Pradesh,Punjab,Madhav Kaushik,Dhruv Jurel,Sandeep Sharma,1,0,,,,,,,,,
1244307,2020/21,2021-01-10,Alur Cricket Stadium II,2,2.3,Uttar Pradesh,Punjab,Dhruv Jurel,Madhav Kaushik,Sandeep Sharma,0,0,,,,,,,,,
1244307,2020/21,2021-01-10,Alur Cricket Stadium II,2,2.4,Uttar Pradesh,Punjab,Dhruv Jurel,Madhav Kaushik,Sandeep Sharma,1,0,,,,,,,,,
1244307,2020/21,2021-01-10,Alur Cricket Stadium II,2,2.5,Uttar Pradesh,Punjab,Madhav Kaushik,Dhruv Jurel,Sandeep Sharma,0,0,,,,,,,,,
1244307,2020/21,2021-01-10,Alur Cricket Stadium II,2,2.6,Uttar Pradesh,Punjab,Madhav Kaushik,Dhruv Jurel,Sandeep Sharma,0,1,1,,,,,,,,
1244307,2020/21,2021-01-10,Alur Cricket Stadium II,2,2.7,Uttar Pradesh,Punjab,Madhav Kaushik,Dhruv Jurel,Sandeep Sharma,2,0,,,,,,,,,
1244307,2020/21,2021-01-10,Alur Cricket Stadium II,2,3.1,Uttar Pradesh,Punjab,Dhruv Jurel,Madhav Kaushik,S Kaul,0,0,,,,,,,,,
1244307,2020/21,2021-01-10,Alur Cricket Stadium II,2,3.2,Uttar Pradesh,Punjab,Dhruv Jurel,Madhav Kaushik,S Kaul,1,0,,,,,,,,,
1244307,2020/21,2021-01-10,Alur Cricket Stadium II,2,3.3,Uttar Pradesh,Punjab,Madhav Kaushik,Dhruv Jurel,S Kaul,1,0,,,,,,,,,
1244307,2020/21,2021-01-10,Alur Cricket Stadium II,2,3.4,Uttar Pradesh,Punjab,Dhruv Jurel,Madhav Kaushik,S Kaul,0,0,,,,,,,,,
1244307,2020/21,2021-01-10,Alur Cricket Stadium II,2,3.5,Uttar Pradesh,Punjab,Dhruv Jurel,Madhav Kaushik,S Kaul,0,0,,,,,,,,,
1244307,2020/21,2021-01-10,Alur Cricket Stadium II,2,3.6,Uttar Pradesh,Punjab,Dhruv Jurel,Madhav Kaushik,S Kaul,6,0,,,,,,,,,
1244307,2020/21,2021-01-10,Alur Cricket Stadium II,2,4.1,Uttar Pradesh,Punjab,Madhav Kaushik,Dhruv Jurel,Arshdeep Singh,6,0,,,,,,,,,
1244307,2020/21,2021-01-10,Alur Cricket Stadium II,2,4.2,Uttar Pradesh,Punjab,Madhav Kaushik,Dhruv Jurel,Arshdeep Singh,4,0,,,,,,,,,
1244307,2020/21,2021-01-10,Alur Cricket Stadium II,2,4.3,Uttar Pradesh,Punjab,Madhav Kaushik,Dhruv Jurel,Arshdeep Singh,0,0,,,,,,,,,
1244307,2020/21,2021-01-10,Alur Cricket Stadium II,2,4.4,Uttar Pradesh,Punjab,Madhav Kaushik,Dhruv Jurel,Arshdeep Singh,4,0,,,,,,,,,
1244307,2020/21,2021-01-10,Alur Cricket Stadium II,2,4.5,Uttar Pradesh,Punjab,Madhav Kaushik,Dhruv Jurel,Arshdeep Singh,1,0,,,,,,,,,
1244307,2020/21,2021-01-10,Alur Cricket Stadium II,2,4.6,Uttar Pradesh,Punjab,Dhruv Jurel,Madhav Kaushik,Arshdeep Singh,1,0,,,,,,,,,
1244307,2020/21,2021-01-10,Alur Cricket Stadium II,2,5.1,Uttar Pradesh,Punjab,Dhruv Jurel,Madhav Kaushik,Harpreet Brar,0,0,,,,,,run out,Madhav Kaushik,,
1244307,2020/21,2021-01-10,Alur Cricket Stadium II,2,5.2,Uttar Pradesh,Punjab,Dhruv Jurel,SK Raina,Harpreet Brar,0,0,,,,,,,,,
1244307,2020/21,2021-01-10,Alur Cricket Stadium II,2,5.3,Uttar Pradesh,Punjab,Dhruv Jurel,SK Raina,Harpreet Brar,1,0,,,,,,,,,
1244307,2020/21,2021-01-10,Alur Cricket Stadium II,2,5.4,Uttar Pradesh,Punjab,SK Raina,Dhruv Jurel,Harpreet Brar,0,0,,,,,,,,,
1244307,2020/21,2021-01-10,Alur Cricket Stadium II,2,5.5,Uttar Pradesh,Punjab,SK Raina,Dhruv Jurel,Harpreet Brar,6,0,,,,,,,,,
1244307,2020/21,2021-01-10,Alur Cricket Stadium II,2,5.6,Uttar Pradesh,Punjab,SK Raina,Dhruv Jurel,Harpreet Brar,0,1,,,,1,,,,,
1244307,2020/21,2021-01-10,Alur Cricket Stadium II,2,6.1,Uttar Pradesh,Punjab,SK Raina,Dhruv Jurel,S Kaul,0,0,,,,,,,,,
1244307,2020/21,2021-01-10,Alur Cricket Stadium II,2,6.2,Uttar Pradesh,Punjab,SK Raina,Dhruv Jurel,S Kaul,4,0,,,,,,,,,
1244307,2020/21,2021-01-10,Alur Cricket Stadium II,2,6.3,Uttar Pradesh,Punjab,SK Raina,Dhruv Jurel,S Kaul,0,0,,,,,,,,,
1244307,2020/21,2021-01-10,Alur Cricket Stadium II,2,6.4,Uttar Pradesh,Punjab,SK Raina,Dhruv Jurel,S Kaul,2,0,,,,,,,,,
1244307,2020/21,2021-01-10,Alur Cricket Stadium II,2,6.5,Uttar Pradesh,Punjab,SK Raina,Dhruv Jurel,S Kaul,1,0,,,,,,,,,
1244307,2020/21,2021-01-10,Alur Cricket Stadium II,2,6.6,Uttar Pradesh,Punjab,Dhruv Jurel,SK Raina,S Kaul,1,0,,,,,,,,,
1244307,2020/21,2021-01-10,Alur Cricket Stadium II,2,7.1,Uttar Pradesh,Punjab,Dhruv Jurel,SK Raina,M Markande,0,0,,,,,,,,,
1244307,2020/21,2021-01-10,Alur Cricket Stadium II,2,7.2,Uttar Pradesh,Punjab,Dhruv Jurel,SK Raina,M Markande,1,0,,,,,,,,,
1244307,2020/21,2021-01-10,Alur Cricket Stadium II,2,7.3,Uttar Pradesh,Punjab,SK Raina,Dhruv Jurel,M Markande,1,0,,,,,,,,,
1244307,2020/21,2021-01-10,Alur Cricket Stadium II,2,7.4,Uttar Pradesh,Punjab,Dhruv Jurel,SK Raina,M Markande,1,0,,,,,,,,,
1244307,2020/21,2021-01-10,Alur Cricket Stadium II,2,7.5,Uttar Pradesh,Punjab,SK Raina,Dhruv Jurel,M Markande,0,0,,,,,,,,,
1244307,2020/21,2021-01-10,Alur Cricket Stadium II,2,7.6,Uttar Pradesh,Punjab,SK Raina,Dhruv Jurel,M Markande,0,0,,,,,,,,,
1244307,2020/21,2021-01-10,Alur Cricket Stadium II,2,8.1,Uttar Pradesh,Punjab,Dhruv Jurel,SK Raina,Gurkeerat Singh,1,0,,,,,,,,,
1244307,2020/21,2021-01-10,Alur Cricket Stadium II,2,8.2,Uttar Pradesh,Punjab,SK Raina,Dhruv Jurel,Gurkeerat Singh,1,0,,,,,,,,,
1244307,2020/21,2021-01-10,Alur Cricket Stadium II,2,8.3,Uttar Pradesh,Punjab,Dhruv Jurel,SK Raina,Gurkeerat Singh,1,0,,,,,,,,,
1244307,2020/21,2021-01-10,Alur Cricket Stadium II,2,8.4,Uttar Pradesh,Punjab,SK Raina,Dhruv Jurel,Gurkeerat Singh,0,0,,,,,,,,,
1244307,2020/21,2021-01-10,Alur Cricket Stadium II,2,8.5,Uttar Pradesh,Punjab,SK Raina,Dhruv Jurel,Gurkeerat Singh,4,0,,,,,,,,,
1244307,2020/21,2021-01-10,Alur Cricket Stadium II,2,8.6,Uttar Pradesh,Punjab,SK Raina,Dhruv Jurel,Gurkeerat Singh,0,0,,,,,,,,,
1244307,2020/21,2021-01-10,Alur Cricket Stadium II,2,9.1,Uttar Pradesh,Punjab,Dhruv Jurel,SK Raina,M Markande,1,0,,,,,,,,,
1244307,2020/21,2021-01-10,Alur Cricket Stadium II,2,9.2,Uttar Pradesh,Punjab,SK Raina,Dhruv Jurel,M Markande,1,0,,,,,,,,,
1244307,2020/21,2021-01-10,Alur Cricket Stadium II,2,9.3,Uttar Pradesh,Punjab,Dhruv Jurel,SK Raina,M Markande,1,0,,,,,,,,,
1244307,2020/21,2021-01-10,Alur Cricket Stadium II,2,9.4,Uttar Pradesh,Punjab,SK Raina,Dhruv Jurel,M Markande,0,0,,,,,,,,,
1244307,2020/21,2021-01-10,Alur Cricket Stadium II,2,9.5,Uttar Pradesh,Punjab,SK Raina,Dhruv Jurel,M Markande,1,0,,,,,,,,,
1244307,2020/21,2021-01-10,Alur Cricket Stadium II,2,9.6,Uttar Pradesh,Punjab,Dhruv Jurel,SK Raina,M Markande,1,0,,,,,,,,,
1244307,2020/21,2021-01-10,Alur Cricket Stadium II,2,10.1,Uttar Pradesh,Punjab,Dhruv Jurel,SK Raina,Gurkeerat Singh,1,0,,,,,,,,,
1244307,2020/21,2021-01-10,Alur Cricket Stadium II,2,10.2,Uttar Pradesh,Punjab,SK Raina,Dhruv Jurel,Gurkeerat Singh,1,0,,,,,,,,,
1244307,2020/21,2021-01-10,Alur Cricket Stadium II,2,10.3,Uttar Pradesh,Punjab,Dhruv Jurel,SK Raina,Gurkeerat Singh,0,0,,,,,,,,,
1244307,2020/21,2021-01-10,Alur Cricket Stadium II,2,10.4,Uttar Pradesh,Punjab,Dhruv Jurel,SK Raina,Gurkeerat Singh,0,0,,,,,,,,,
1244307,2020/21,2021-01-10,Alur Cricket Stadium II,2,10.5,Uttar Pradesh,Punjab,Dhruv Jurel,SK Raina,Gurkeerat Singh,1,0,,,,,,,,,
1244307,2020/21,2021-01-10,Alur Cricket Stadium II,2,10.6,Uttar Pradesh,Punjab,SK Raina,Dhruv Jurel,Gurkeerat Singh,1,0,,,,,,,,,
1244307,2020/21,2021-01-10,Alur Cricket Stadium II,2,11.1,Uttar Pradesh,Punjab,SK Raina,Dhruv Jurel,M Markande,0,0,,,,,,,,,
1244307,2020/21,2021-01-10,Alur Cricket Stadium II,2,11.2,Uttar Pradesh,Punjab,SK Raina,Dhruv Jurel,M Markande,0,0,,,,,,,,,
1244307,2020/21,2021-01-10,Alur Cricket Stadium II,2,11.3,Uttar Pradesh,Punjab,SK Raina,Dhruv Jurel,M Markande,1,0,,,,,,,,,
1244307,2020/21,2021-01-10,Alur Cricket Stadium II,2,11.4,Uttar Pradesh,Punjab,Dhruv Jurel,SK Raina,M Markande,1,0,,,,,,,,,
1244307,2020/21,2021-01-10,Alur Cricket Stadium II,2,11.5,Uttar Pradesh,Punjab,SK Raina,Dhruv Jurel,M Markande,0,0,,,,,,,,,
1244307,2020/21,2021-01-10,Alur Cricket Stadium II,2,11.6,Uttar Pradesh,Punjab,SK Raina,Dhruv Jurel,M Markande,1,0,,,,,,,,,
1244307,2020/21,2021-01-10,Alur Cricket Stadium II,2,12.1,Uttar Pradesh,Punjab,SK Raina,Dhruv Jurel,S Kaul,1,0,,,,,,,,,
1244307,2020/21,2021-01-10,Alur Cricket Stadium II,2,12.2,Uttar Pradesh,Punjab,Dhruv Jurel,SK Raina,S Kaul,0,0,,,,,,caught,Dhruv Jurel,,
1244307,2020/21,2021-01-10,Alur Cricket Stadium II,2,12.3,Uttar Pradesh,Punjab,PK Garg,SK Raina,S Kaul,0,0,,,,,,,,,
1244307,2020/21,2021-01-10,Alur Cricket Stadium II,2,12.4,Uttar Pradesh,Punjab,PK Garg,SK Raina,S Kaul,0,0,,,,,,,,,
1244307,2020/21,2021-01-10,Alur Cricket Stadium II,2,12.5,Uttar Pradesh,Punjab,PK Garg,SK Raina,S Kaul,1,0,,,,,,,,,
1244307,2020/21,2021-01-10,Alur Cricket Stadium II,2,12.6,Uttar Pradesh,Punjab,SK Raina,PK Garg,S Kaul,1,0,,,,,,,,,
1244307,2020/21,2021-01-10,Alur Cricket Stadium II,2,13.1,Uttar Pradesh,Punjab,SK Raina,PK Garg,M Markande,0,0,,,,,,,,,
1244307,2020/21,2021-01-10,Alur Cricket Stadium II,2,13.2,Uttar Pradesh,Punjab,SK Raina,PK Garg,M Markande,6,0,,,,,,,,,
1244307,2020/21,2021-01-10,Alur Cricket Stadium II,2,13.3,Uttar Pradesh,Punjab,SK Raina,PK Garg,M Markande,0,0,,,,,,,,,
1244307,2020/21,2021-01-10,Alur Cricket Stadium II,2,13.4,Uttar Pradesh,Punjab,SK Raina,PK Garg,M Markande,0,0,,,,,,,,,
1244307,2020/21,2021-01-10,Alur Cricket Stadium II,2,13.5,Uttar Pradesh,Punjab,SK Raina,PK Garg,M Markande,0,0,,,,,,,,,
1244307,2020/21,2021-01-10,Alur Cricket Stadium II,2,13.6,Uttar Pradesh,Punjab,SK Raina,PK Garg,M Markande,0,0,,,,,,,,,
1244307,2020/21,2021-01-10,Alur Cricket Stadium II,2,14.1,Uttar Pradesh,Punjab,PK Garg,SK Raina,Sandeep Sharma,1,0,,,,,,,,,
1244307,2020/21,2021-01-10,Alur Cricket Stadium II,2,14.2,Uttar Pradesh,Punjab,SK Raina,PK Garg,Sandeep Sharma,1,0,,,,,,,,,
1244307,2020/21,2021-01-10,Alur Cricket Stadium II,2,14.3,Uttar Pradesh,Punjab,PK Garg,SK Raina,Sandeep Sharma,1,0,,,,,,,,,
1244307,2020/21,2021-01-10,Alur Cricket Stadium II,2,14.4,Uttar Pradesh,Punjab,SK Raina,PK Garg,Sandeep Sharma,1,0,,,,,,,,,
1244307,2020/21,2021-01-10,Alur Cricket Stadium II,2,14.5,Uttar Pradesh,Punjab,PK Garg,SK Raina,Sandeep Sharma,1,0,,,,,,,,,
1244307,2020/21,2021-01-10,Alur Cricket Stadium II,2,14.6,Uttar Pradesh,Punjab,SK Raina,PK Garg,Sandeep Sharma,1,0,,,,,,,,,
1244307,2020/21,2021-01-10,Alur Cricket Stadium II,2,15.1,Uttar Pradesh,Punjab,SK Raina,PK Garg,Arshdeep Singh,1,0,,,,,,,,,
1244307,2020/21,2021-01-10,Alur Cricket Stadium II,2,15.2,Uttar Pradesh,Punjab,PK Garg,SK Raina,Arshdeep Singh,0,0,,,,,,,,,
1244307,2020/21,2021-01-10,Alur Cricket Stadium II,2,15.3,Uttar Pradesh,Punjab,PK Garg,SK Raina,Arshdeep Singh,0,0,,,,,,caught,PK Garg,,
1244307,2020/21,2021-01-10,Alur Cricket Stadium II,2,15.4,Uttar Pradesh,Punjab,RK Singh,SK Raina,Arshdeep Singh,0,1,,,,1,,,,,
1244307,2020/21,2021-01-10,Alur Cricket Stadium II,2,15.5,Uttar Pradesh,Punjab,SK Raina,RK Singh,Arshdeep Singh,1,0,,,,,,,,,
1244307,2020/21,2021-01-10,Alur Cricket Stadium II,2,15.6,Uttar Pradesh,Punjab,RK Singh,SK Raina,Arshdeep Singh,0,0,,,,,,,,,
1244307,2020/21,2021-01-10,Alur Cricket Stadium II,2,16.1,Uttar Pradesh,Punjab,SK Raina,RK Singh,Ramandeep Singh,1,0,,,,,,,,,
1244307,2020/21,2021-01-10,Alur Cricket Stadium II,2,16.2,Uttar Pradesh,Punjab,RK Singh,SK Raina,Ramandeep Singh,1,0,,,,,,,,,
1244307,2020/21,2021-01-10,Alur Cricket Stadium II,2,16.3,Uttar Pradesh,Punjab,SK Raina,RK Singh,Ramandeep Singh,1,0,,,,,,,,,
1244307,2020/21,2021-01-10,Alur Cricket Stadium II,2,16.4,Uttar Pradesh,Punjab,RK Singh,SK Raina,Ramandeep Singh,2,0,,,,,,,,,
1244307,2020/21,2021-01-10,Alur Cricket Stadium II,2,16.5,Uttar Pradesh,Punjab,RK Singh,SK Raina,Ramandeep Singh,0,0,,,,,,,,,
1244307,2020/21,2021-01-10,Alur Cricket Stadium II,2,16.6,Uttar Pradesh,Punjab,RK Singh,SK Raina,Ramandeep Singh,1,0,,,,,,,,,
1244307,2020/21,2021-01-10,Alur Cricket Stadium II,2,17.1,Uttar Pradesh,Punjab,RK Singh,SK Raina,Arshdeep Singh,1,0,,,,,,,,,
1244307,2020/21,2021-01-10,Alur Cricket Stadium II,2,17.2,Uttar Pradesh,Punjab,SK Raina,RK Singh,Arshdeep Singh,0,1,1,,,,,,,,
1244307,2020/21,2021-01-10,Alur Cricket Stadium II,2,17.3,Uttar Pradesh,Punjab,SK Raina,RK Singh,Arshdeep Singh,2,0,,,,,,,,,
1244307,2020/21,2021-01-10,Alur Cricket Stadium II,2,17.4,Uttar Pradesh,Punjab,SK Raina,RK Singh,Arshdeep Singh,1,0,,,,,,,,,
1244307,2020/21,2021-01-10,Alur Cricket Stadium II,2,17.5,Uttar Pradesh,Punjab,RK Singh,SK Raina,Arshdeep Singh,1,0,,,,,,,,,
1244307,2020/21,2021-01-10,Alur Cricket Stadium II,2,17.6,Uttar Pradesh,Punjab,SK Raina,RK Singh,Arshdeep Singh,2,0,,,,,,,,,
1244307,2020/21,2021-01-10,Alur Cricket Stadium II,2,17.7,Uttar Pradesh,Punjab,SK Raina,RK Singh,Arshdeep Singh,0,5,5,,,,,,,,
1244307,2020/21,2021-01-10,Alur Cricket Stadium II,2,17.8,Uttar Pradesh,Punjab,SK Raina,RK Singh,Arshdeep Singh,1,0,,,,,,,,,
1244307,2020/21,2021-01-10,Alur Cricket Stadium II,2,18.1,Uttar Pradesh,Punjab,SK Raina,RK Singh,S Kaul,1,0,,,,,,,,,
1244307,2020/21,2021-01-10,Alur Cricket Stadium II,2,18.2,Uttar Pradesh,Punjab,RK Singh,SK Raina,S Kaul,0,0,,,,,,caught,RK Singh,,
1244307,2020/21,2021-01-10,Alur Cricket Stadium II,2,18.3,Uttar Pradesh,Punjab,SK Raina,KS Sharma,S Kaul,1,0,,,,,,,,,
1244307,2020/21,2021-01-10,Alur Cricket Stadium II,2,18.4,Uttar Pradesh,Punjab,KS Sharma,SK Raina,S Kaul,1,0,,,,,,,,,
1244307,2020/21,2021-01-10,Alur Cricket Stadium II,2,18.5,Uttar Pradesh,Punjab,SK Raina,KS Sharma,S Kaul,0,0,,,,,,,,,
1244307,2020/21,2021-01-10,Alur Cricket Stadium II,2,18.6,Uttar Pradesh,Punjab,SK Raina,KS Sharma,S Kaul,6,0,,,,,,,,,
1244307,2020/21,2021-01-10,Alur Cricket Stadium II,2,19.1,Uttar Pradesh,Punjab,KS Sharma,SK Raina,Sandeep Sharma,1,0,,,,,,,,,
1244307,2020/21,2021-01-10,Alur Cricket Stadium II,2,19.2,Uttar Pradesh,Punjab,SK Raina,KS Sharma,Sandeep Sharma,1,0,,,,,,,,,
1244307,2020/21,2021-01-10,Alur Cricket Stadium II,2,19.3,Uttar Pradesh,Punjab,KS Sharma,SK Raina,Sandeep Sharma,1,0,,,,,,,,,
1244307,2020/21,2021-01-10,Alur Cricket Stadium II,2,19.4,Uttar Pradesh,Punjab,SK Raina,KS Sharma,Sandeep Sharma,1,0,,,,,,,,,
1244307,2020/21,2021-01-10,Alur Cricket Stadium II,2,19.5,Uttar Pradesh,Punjab,KS Sharma,SK Raina,Sandeep Sharma,0,0,,,,,,bowled,KS Sharma,,
1244307,2020/21,2021-01-10,Alur Cricket Stadium II,2,19.6,Uttar Pradesh,Punjab,B Kumar,SK Raina,Sandeep Sharma,1,0,,,,,,,,,
