match_id,season,start_date,venue,innings,ball,batting_team,bowling_team,striker,non_striker,bowler,runs_off_bat,extras,wides,noballs,byes,legbyes,penalty,wicket_type,player_dismissed,other_wicket_type,other_player_dismissed
1244361,2020/21,2021-01-15,IC-Gurunanak College Ground,1,0.1,Nagaland,Sikkim,Rongsen Jonathan,Chetan Bist,Anureet Singh,0,0,,,,,,,,,
1244361,2020/21,2021-01-15,IC-Gurunanak College Ground,1,0.2,Nagaland,Sikkim,Rongsen Jonathan,Chetan Bist,Anureet Singh,1,0,,,,,,,,,
1244361,2020/21,2021-01-15,IC-Gurunanak College Ground,1,0.3,Nagaland,Sikkim,Chetan Bist,Rongsen Jonathan,Anureet Singh,0,0,,,,,,,,,
1244361,2020/21,2021-01-15,IC-Gurunanak College Ground,1,0.4,Nagaland,Sikkim,Chetan Bist,Rongsen Jonathan,Anureet Singh,0,0,,,,,,,,,
1244361,2020/21,2021-01-15,IC-Gurunanak College Ground,1,0.5,Nagaland,Sikkim,Chetan Bist,Rongsen Jonathan,Anureet Singh,0,0,,,,,,,,,
1244361,2020/21,2021-01-15,IC-Gurunanak College Ground,1,0.6,Nagaland,Sikkim,Chetan Bist,Rongsen Jonathan,Anureet Singh,0,1,,,,1,,,,,
1244361,2020/21,2021-01-15,IC-Gurunanak College Ground,1,1.1,Nagaland,Sikkim,Chetan Bist,Rongsen Jonathan,Palzor Tamang,2,0,,,,,,,,,
1244361,2020/21,2021-01-15,IC-Gurunanak College Ground,1,1.2,Nagaland,Sikkim,Chetan Bist,Rongsen Jonathan,Palzor Tamang,0,0,,,,,,,,,
1244361,2020/21,2021-01-15,IC-Gurunanak College Ground,1,1.3,Nagaland,Sikkim,Chetan Bist,Rongsen Jonathan,Palzor Tamang,1,0,,,,,,,,,
1244361,2020/21,2021-01-15,IC-Gurunanak College Ground,1,1.4,Nagaland,Sikkim,Rongsen Jonathan,Chetan Bist,Palzor Tamang,0,0,,,,,,,,,
1244361,2020/21,2021-01-15,IC-Gurunanak College Ground,1,1.5,Nagaland,Sikkim,Rongsen Jonathan,Chetan Bist,Palzor Tamang,0,0,,,,,,,,,
1244361,2020/21,2021-01-15,IC-Gurunanak College Ground,1,1.6,Nagaland,Sikkim,Rongsen Jonathan,Chetan Bist,Palzor Tamang,0,0,,,,,,,,,
1244361,2020/21,2021-01-15,IC-Gurunanak College Ground,1,2.1,Nagaland,Sikkim,Chetan Bist,Rongsen Jonathan,Anureet Singh,1,0,,,,,,,,,
1244361,2020/21,2021-01-15,IC-Gurunanak College Ground,1,2.2,Nagaland,Sikkim,Rongsen Jonathan,Chetan Bist,Anureet Singh,1,0,,,,,,,,,
1244361,2020/21,2021-01-15,IC-Gurunanak College Ground,1,2.3,Nagaland,Sikkim,Chetan Bist,Rongsen Jonathan,Anureet Singh,1,0,,,,,,,,,
1244361,2020/21,2021-01-15,IC-Gurunanak College Ground,1,2.4,Nagaland,Sikkim,Rongsen Jonathan,Chetan Bist,Anureet Singh,1,0,,,,,,,,,
1244361,2020/21,2021-01-15,IC-Gurunanak College Ground,1,2.5,Nagaland,Sikkim,Chetan Bist,Rongsen Jonathan,Anureet Singh,4,0,,,,,,,,,
1244361,2020/21,2021-01-15,IC-Gurunanak College Ground,1,2.6,Nagaland,Sikkim,Chetan Bist,Rongsen Jonathan,Anureet Singh,1,0,,,,,,,,,
1244361,2020/21,2021-01-15,IC-Gurunanak College Ground,1,3.1,Nagaland,Sikkim,Chetan Bist,Rongsen Jonathan,Palzor Tamang,1,0,,,,,,,,,
1244361,2020/21,2021-01-15,IC-Gurunanak College Ground,1,3.2,Nagaland,Sikkim,Rongsen Jonathan,Chetan Bist,Palzor Tamang,4,0,,,,,,,,,
1244361,2020/21,2021-01-15,IC-Gurunanak College Ground,1,3.3,Nagaland,Sikkim,Rongsen Jonathan,Chetan Bist,Palzor Tamang,1,0,,,,,,,,,
1244361,2020/21,2021-01-15,IC-Gurunanak College Ground,1,3.4,Nagaland,Sikkim,Chetan Bist,Rongsen Jonathan,Palzor Tamang,1,0,,,,,,,,,
1244361,2020/21,2021-01-15,IC-Gurunanak College Ground,1,3.5,Nagaland,Sikkim,Rongsen Jonathan,Chetan Bist,Palzor Tamang,1,0,,,,,,,,,
1244361,2020/21,2021-01-15,IC-Gurunanak College Ground,1,3.6,Nagaland,Sikkim,Chetan Bist,Rongsen Jonathan,Palzor Tamang,0,0,,,,,,,,,
1244361,2020/21,2021-01-15,IC-Gurunanak College Ground,1,4.1,Nagaland,Sikkim,Rongsen Jonathan,Chetan Bist,Mandup Bhutia,0,0,,,,,,,,,
1244361,2020/21,2021-01-15,IC-Gurunanak College Ground,1,4.2,Nagaland,Sikkim,Rongsen Jonathan,Chetan Bist,Mandup Bhutia,4,0,,,,,,,,,
1244361,2020/21,2021-01-15,IC-Gurunanak College Ground,1,4.3,Nagaland,Sikkim,Rongsen Jonathan,Chetan Bist,Mandup Bhutia,1,0,,,,,,,,,
1244361,2020/21,2021-01-15,IC-Gurunanak College Ground,1,4.4,Nagaland,Sikkim,Chetan Bist,Rongsen Jonathan,Mandup Bhutia,0,0,,,,,,,,,
1244361,2020/21,2021-01-15,IC-Gurunanak College Ground,1,4.5,Nagaland,Sikkim,Chetan Bist,Rongsen Jonathan,Mandup Bhutia,1,0,,,,,,,,,
1244361,2020/21,2021-01-15,IC-Gurunanak College Ground,1,4.6,Nagaland,Sikkim,Rongsen Jonathan,Chetan Bist,Mandup Bhutia,1,0,,,,,,,,,
1244361,2020/21,2021-01-15,IC-Gurunanak College Ground,1,5.1,Nagaland,Sikkim,Rongsen Jonathan,Chetan Bist,Varun Sood,0,0,,,,,,,,,
1244361,2020/21,2021-01-15,IC-Gurunanak College Ground,1,5.2,Nagaland,Sikkim,Rongsen Jonathan,Chetan Bist,Varun Sood,0,0,,,,,,,,,
1244361,2020/21,2021-01-15,IC-Gurunanak College Ground,1,5.3,Nagaland,Sikkim,Rongsen Jonathan,Chetan Bist,Varun Sood,1,0,,,,,,run out,Chetan Bist,,
1244361,2020/21,2021-01-15,IC-Gurunanak College Ground,1,5.4,Nagaland,Sikkim,Rongsen Jonathan,SS Mundhe,Varun Sood,1,0,,,,,,,,,
1244361,2020/21,2021-01-15,IC-Gurunanak College Ground,1,5.5,Nagaland,Sikkim,SS Mundhe,Rongsen Jonathan,Varun Sood,0,0,,,,,,,,,
1244361,2020/21,2021-01-15,IC-Gurunanak College Ground,1,5.6,Nagaland,Sikkim,SS Mundhe,Rongsen Jonathan,Varun Sood,0,0,,,,,,,,,
1244361,2020/21,2021-01-15,IC-Gurunanak College Ground,1,6.1,Nagaland,Sikkim,Rongsen Jonathan,SS Mundhe,Mandup Bhutia,1,0,,,,,,,,,
1244361,2020/21,2021-01-15,IC-Gurunanak College Ground,1,6.2,Nagaland,Sikkim,SS Mundhe,Rongsen Jonathan,Mandup Bhutia,1,0,,,,,,,,,
1244361,2020/21,2021-01-15,IC-Gurunanak College Ground,1,6.3,Nagaland,Sikkim,Rongsen Jonathan,SS Mundhe,Mandup Bhutia,0,0,,,,,,,,,
1244361,2020/21,2021-01-15,IC-Gurunanak College Ground,1,6.4,Nagaland,Sikkim,Rongsen Jonathan,SS Mundhe,Mandup Bhutia,2,0,,,,,,,,,
1244361,2020/21,2021-01-15,IC-Gurunanak College Ground,1,6.5,Nagaland,Sikkim,Rongsen Jonathan,SS Mundhe,Mandup Bhutia,0,0,,,,,,,,,
1244361,2020/21,2021-01-15,IC-Gurunanak College Ground,1,6.6,Nagaland,Sikkim,Rongsen Jonathan,SS Mundhe,Mandup Bhutia,4,0,,,,,,,,,
1244361,2020/21,2021-01-15,IC-Gurunanak College Ground,1,7.1,Nagaland,Sikkim,SS Mundhe,Rongsen Jonathan,Ajay Pradhan,0,0,,,,,,,,,
1244361,2020/21,2021-01-15,IC-Gurunanak College Ground,1,7.2,Nagaland,Sikkim,SS Mundhe,Rongsen Jonathan,Ajay Pradhan,1,0,,,,,,,,,
1244361,2020/21,2021-01-15,IC-Gurunanak College Ground,1,7.3,Nagaland,Sikkim,Rongsen Jonathan,SS Mundhe,Ajay Pradhan,1,0,,,,,,,,,
1244361,2020/21,2021-01-15,IC-Gurunanak College Ground,1,7.4,Nagaland,Sikkim,SS Mundhe,Rongsen Jonathan,Ajay Pradhan,1,0,,,,,,,,,
1244361,2020/21,2021-01-15,IC-Gurunanak College Ground,1,7.5,Nagaland,Sikkim,Rongsen Jonathan,SS Mundhe,Ajay Pradhan,1,0,,,,,,,,,
1244361,2020/21,2021-01-15,IC-Gurunanak College Ground,1,7.6,Nagaland,Sikkim,SS Mundhe,Rongsen Jonathan,Ajay Pradhan,1,0,,,,,,,,,
1244361,2020/21,2021-01-15,IC-Gurunanak College Ground,1,8.1,Nagaland,Sikkim,SS Mundhe,Rongsen Jonathan,Rajiv Darjee,6,0,,,,,,,,,
1244361,2020/21,2021-01-15,IC-Gurunanak College Ground,1,8.2,Nagaland,Sikkim,SS Mundhe,Rongsen Jonathan,Rajiv Darjee,1,0,,,,,,,,,
1244361,2020/21,2021-01-15,IC-Gurunanak College Ground,1,8.3,Nagaland,Sikkim,Rongsen Jonathan,SS Mundhe,Rajiv Darjee,0,0,,,,,,,,,
1244361,2020/21,2021-01-15,IC-Gurunanak College Ground,1,8.4,Nagaland,Sikkim,Rongsen Jonathan,SS Mundhe,Rajiv Darjee,0,0,,,,,,,,,
1244361,2020/21,2021-01-15,IC-Gurunanak College Ground,1,8.5,Nagaland,Sikkim,Rongsen Jonathan,SS Mundhe,Rajiv Darjee,1,0,,,,,,,,,
1244361,2020/21,2021-01-15,IC-Gurunanak College Ground,1,8.6,Nagaland,Sikkim,SS Mundhe,Rongsen Jonathan,Rajiv Darjee,1,0,,,,,,,,,
1244361,2020/21,2021-01-15,IC-Gurunanak College Ground,1,9.1,Nagaland,Sikkim,SS Mundhe,Rongsen Jonathan,Ajay Pradhan,0,0,,,,,,,,,
1244361,2020/21,2021-01-15,IC-Gurunanak College Ground,1,9.2,Nagaland,Sikkim,SS Mundhe,Rongsen Jonathan,Ajay Pradhan,1,0,,,,,,,,,
1244361,2020/21,2021-01-15,IC-Gurunanak College Ground,1,9.3,Nagaland,Sikkim,Rongsen Jonathan,SS Mundhe,Ajay Pradhan,6,0,,,,,,,,,
1244361,2020/21,2021-01-15,IC-Gurunanak College Ground,1,9.4,Nagaland,Sikkim,Rongsen Jonathan,SS Mundhe,Ajay Pradhan,4,0,,,,,,,,,
1244361,2020/21,2021-01-15,IC-Gurunanak College Ground,1,9.5,Nagaland,Sikkim,Rongsen Jonathan,SS Mundhe,Ajay Pradhan,1,0,,,,,,,,,
1244361,2020/21,2021-01-15,IC-Gurunanak College Ground,1,9.6,Nagaland,Sikkim,SS Mundhe,Rongsen Jonathan,Ajay Pradhan,6,0,,,,,,,,,
1244361,2020/21,2021-01-15,IC-Gurunanak College Ground,1,10.1,Nagaland,Sikkim,Rongsen Jonathan,SS Mundhe,Rajiv Darjee,4,0,,,,,,,,,
1244361,2020/21,2021-01-15,IC-Gurunanak College Ground,1,10.2,Nagaland,Sikkim,Rongsen Jonathan,SS Mundhe,Rajiv Darjee,1,0,,,,,,,,,
1244361,2020/21,2021-01-15,IC-Gurunanak College Ground,1,10.3,Nagaland,Sikkim,SS Mundhe,Rongsen Jonathan,Rajiv Darjee,1,0,,,,,,,,,
1244361,2020/21,2021-01-15,IC-Gurunanak College Ground,1,10.4,Nagaland,Sikkim,Rongsen Jonathan,SS Mundhe,Rajiv Darjee,1,0,,,,,,,,,
1244361,2020/21,2021-01-15,IC-Gurunanak College Ground,1,10.5,Nagaland,Sikkim,SS Mundhe,Rongsen Jonathan,Rajiv Darjee,1,0,,,,,,,,,
1244361,2020/21,2021-01-15,IC-Gurunanak College Ground,1,10.6,Nagaland,Sikkim,Rongsen Jonathan,SS Mundhe,Rajiv Darjee,6,0,,,,,,,,,
1244361,2020/21,2021-01-15,IC-Gurunanak College Ground,1,11.1,Nagaland,Sikkim,SS Mundhe,Rongsen Jonathan,Palzor Tamang,4,0,,,,,,,,,
1244361,2020/21,2021-01-15,IC-Gurunanak College Ground,1,11.2,Nagaland,Sikkim,SS Mundhe,Rongsen Jonathan,Palzor Tamang,4,0,,,,,,,,,
1244361,2020/21,2021-01-15,IC-Gurunanak College Ground,1,11.3,Nagaland,Sikkim,SS Mundhe,Rongsen Jonathan,Palzor Tamang,1,0,,,,,,,,,
1244361,2020/21,2021-01-15,IC-Gurunanak College Ground,1,11.4,Nagaland,Sikkim,Rongsen Jonathan,SS Mundhe,Palzor Tamang,4,0,,,,,,,,,
1244361,2020/21,2021-01-15,IC-Gurunanak College Ground,1,11.5,Nagaland,Sikkim,Rongsen Jonathan,SS Mundhe,Palzor Tamang,1,0,,,,,,,,,
1244361,2020/21,2021-01-15,IC-Gurunanak College Ground,1,11.6,Nagaland,Sikkim,SS Mundhe,Rongsen Jonathan,Palzor Tamang,1,0,,,,,,,,,
1244361,2020/21,2021-01-15,IC-Gurunanak College Ground,1,12.1,Nagaland,Sikkim,SS Mundhe,Rongsen Jonathan,Mandup Bhutia,4,0,,,,,,,,,
1244361,2020/21,2021-01-15,IC-Gurunanak College Ground,1,12.2,Nagaland,Sikkim,SS Mundhe,Rongsen Jonathan,Mandup Bhutia,6,0,,,,,,,,,
1244361,2020/21,2021-01-15,IC-Gurunanak College Ground,1,12.3,Nagaland,Sikkim,SS Mundhe,Rongsen Jonathan,Mandup Bhutia,4,0,,,,,,,,,
1244361,2020/21,2021-01-15,IC-Gurunanak College Ground,1,12.4,Nagaland,Sikkim,SS Mundhe,Rongsen Jonathan,Mandup Bhutia,1,0,,,,,,,,,
1244361,2020/21,2021-01-15,IC-Gurunanak College Ground,1,12.5,Nagaland,Sikkim,Rongsen Jonathan,SS Mundhe,Mandup Bhutia,1,0,,,,,,,,,
1244361,2020/21,2021-01-15,IC-Gurunanak College Ground,1,12.6,Nagaland,Sikkim,SS Mundhe,Rongsen Jonathan,Mandup Bhutia,6,0,,,,,,,,,
1244361,2020/21,2021-01-15,IC-Gurunanak College Ground,1,13.1,Nagaland,Sikkim,Rongsen Jonathan,SS Mundhe,Ajay Pradhan,0,0,,,,,,caught,Rongsen Jonathan,,
1244361,2020/21,2021-01-15,IC-Gurunanak College Ground,1,13.2,Nagaland,Sikkim,SS Mundhe,STR Binny,Ajay Pradhan,0,0,,,,,,,,,
1244361,2020/21,2021-01-15,IC-Gurunanak College Ground,1,13.3,Nagaland,Sikkim,SS Mundhe,STR Binny,Ajay Pradhan,0,0,,,,,,,,,
1244361,2020/21,2021-01-15,IC-Gurunanak College Ground,1,13.4,Nagaland,Sikkim,SS Mundhe,STR Binny,Ajay Pradhan,2,0,,,,,,,,,
1244361,2020/21,2021-01-15,IC-Gurunanak College Ground,1,13.5,Nagaland,Sikkim,SS Mundhe,STR Binny,Ajay Pradhan,0,0,,,,,,caught,SS Mundhe,,
1244361,2020/21,2021-01-15,IC-Gurunanak College Ground,1,13.6,Nagaland,Sikkim,STR Binny,Hokaito Zhimomi,Ajay Pradhan,1,0,,,,,,,,,
1244361,2020/21,2021-01-15,IC-Gurunanak College Ground,1,14.1,Nagaland,Sikkim,STR Binny,Hokaito Zhimomi,Varun Sood,1,0,,,,,,,,,
1244361,2020/21,2021-01-15,IC-Gurunanak College Ground,1,14.2,Nagaland,Sikkim,Hokaito Zhimomi,STR Binny,Varun Sood,0,0,,,,,,,,,
1244361,2020/21,2021-01-15,IC-Gurunanak College Ground,1,14.3,Nagaland,Sikkim,Hokaito Zhimomi,STR Binny,Varun Sood,1,0,,,,,,,,,
1244361,2020/21,2021-01-15,IC-Gurunanak College Ground,1,14.4,Nagaland,Sikkim,STR Binny,Hokaito Zhimomi,Varun Sood,1,0,,,,,,,,,
1244361,2020/21,2021-01-15,IC-Gurunanak College Ground,1,14.5,Nagaland,Sikkim,Hokaito Zhimomi,STR Binny,Varun Sood,2,0,,,,,,,,,
1244361,2020/21,2021-01-15,IC-Gurunanak College Ground,1,14.6,Nagaland,Sikkim,Hokaito Zhimomi,STR Binny,Varun Sood,1,0,,,,,,,,,
1244361,2020/21,2021-01-15,IC-Gurunanak College Ground,1,15.1,Nagaland,Sikkim,Hokaito Zhimomi,STR Binny,Ajay Pradhan,0,0,,,,,,,,,
1244361,2020/21,2021-01-15,IC-Gurunanak College Ground,1,15.2,Nagaland,Sikkim,Hokaito Zhimomi,STR Binny,Ajay Pradhan,6,0,,,,,,,,,
1244361,2020/21,2021-01-15,IC-Gurunanak College Ground,1,15.3,Nagaland,Sikkim,Hokaito Zhimomi,STR Binny,Ajay Pradhan,0,0,,,,,,,,,
1244361,2020/21,2021-01-15,IC-Gurunanak College Ground,1,15.4,Nagaland,Sikkim,Hokaito Zhimomi,STR Binny,Ajay Pradhan,1,0,,,,,,,,,
1244361,2020/21,2021-01-15,IC-Gurunanak College Ground,1,15.5,Nagaland,Sikkim,STR Binny,Hokaito Zhimomi,Ajay Pradhan,0,0,,,,,,,,,
1244361,2020/21,2021-01-15,IC-Gurunanak College Ground,1,15.6,Nagaland,Sikkim,STR Binny,Hokaito Zhimomi,Ajay Pradhan,1,0,,,,,,,,,
1244361,2020/21,2021-01-15,IC-Gurunanak College Ground,1,16.1,Nagaland,Sikkim,STR Binny,Hokaito Zhimomi,Varun Sood,4,0,,,,,,,,,
1244361,2020/21,2021-01-15,IC-Gurunanak College Ground,1,16.2,Nagaland,Sikkim,STR Binny,Hokaito Zhimomi,Varun Sood,1,0,,,,,,,,,
1244361,2020/21,2021-01-15,IC-Gurunanak College Ground,1,16.3,Nagaland,Sikkim,Hokaito Zhimomi,STR Binny,Varun Sood,0,0,,,,,,,,,
1244361,2020/21,2021-01-15,IC-Gurunanak College Ground,1,16.4,Nagaland,Sikkim,Hokaito Zhimomi,STR Binny,Varun Sood,0,0,,,,,,,,,
1244361,2020/21,2021-01-15,IC-Gurunanak College Ground,1,16.5,Nagaland,Sikkim,Hokaito Zhimomi,STR Binny,Varun Sood,0,0,,,,,,,,,
1244361,2020/21,2021-01-15,IC-Gurunanak College Ground,1,16.6,Nagaland,Sikkim,Hokaito Zhimomi,STR Binny,Varun Sood,0,0,,,,,,,,,
1244361,2020/21,2021-01-15,IC-Gurunanak College Ground,1,17.1,Nagaland,Sikkim,STR Binny,Hokaito Zhimomi,Anureet Singh,4,0,,,,,,,,,
1244361,2020/21,2021-01-15,IC-Gurunanak College Ground,1,17.2,Nagaland,Sikkim,STR Binny,Hokaito Zhimomi,Anureet Singh,1,0,,,,,,,,,
1244361,2020/21,2021-01-15,IC-Gurunanak College Ground,1,17.3,Nagaland,Sikkim,Hokaito Zhimomi,STR Binny,Anureet Singh,0,0,,,,,,,,,
1244361,2020/21,2021-01-15,IC-Gurunanak College Ground,1,17.4,Nagaland,Sikkim,Hokaito Zhimomi,STR Binny,Anureet Singh,0,0,,,,,,,,,
1244361,2020/21,2021-01-15,IC-Gurunanak College Ground,1,17.5,Nagaland,Sikkim,Hokaito Zhimomi,STR Binny,Anureet Singh,1,0,,,,,,,,,
1244361,2020/21,2021-01-15,IC-Gurunanak College Ground,1,17.6,Nagaland,Sikkim,STR Binny,Hokaito Zhimomi,Anureet Singh,0,1,,,,1,,,,,
1244361,2020/21,2021-01-15,IC-Gurunanak College Ground,1,18.1,Nagaland,Sikkim,STR Binny,Hokaito Zhimomi,Varun Sood,2,0,,,,,,,,,
1244361,2020/21,2021-01-15,IC-Gurunanak College Ground,1,18.2,Nagaland,Sikkim,STR Binny,Hokaito Zhimomi,Varun Sood,6,0,,,,,,,,,
1244361,2020/21,2021-01-15,IC-Gurunanak College Ground,1,18.3,Nagaland,Sikkim,STR Binny,Hokaito Zhimomi,Varun Sood,6,0,,,,,,,,,
1244361,2020/21,2021-01-15,IC-Gurunanak College Ground,1,18.4,Nagaland,Sikkim,STR Binny,Hokaito Zhimomi,Varun Sood,1,0,,,,,,,,,
1244361,2020/21,2021-01-15,IC-Gurunanak College Ground,1,18.5,Nagaland,Sikkim,Hokaito Zhimomi,STR Binny,Varun Sood,4,0,,,,,,,,,
1244361,2020/21,2021-01-15,IC-Gurunanak College Ground,1,18.6,Nagaland,Sikkim,Hokaito Zhimomi,STR Binny,Varun Sood,0,0,,,,,,,,,
1244361,2020/21,2021-01-15,IC-Gurunanak College Ground,1,19.1,Nagaland,Sikkim,STR Binny,Hokaito Zhimomi,Anureet Singh,1,0,,,,,,,,,
1244361,2020/21,2021-01-15,IC-Gurunanak College Ground,1,19.2,Nagaland,Sikkim,Hokaito Zhimomi,STR Binny,Anureet Singh,0,0,,,,,,,,,
1244361,2020/21,2021-01-15,IC-Gurunanak College Ground,1,19.3,Nagaland,Sikkim,Hokaito Zhimomi,STR Binny,Anureet Singh,0,0,,,,,,,,,
1244361,2020/21,2021-01-15,IC-Gurunanak College Ground,1,19.4,Nagaland,Sikkim,Hokaito Zhimomi,STR Binny,Anureet Singh,1,0,,,,,,,,,
1244361,2020/21,2021-01-15,IC-Gurunanak College Ground,1,19.5,Nagaland,Sikkim,STR Binny,Hokaito Zhimomi,Anureet Singh,0,0,,,,,,caught,STR Binny,,
1244361,2020/21,2021-01-15,IC-Gurunanak College Ground,1,19.6,Nagaland,Sikkim,Hokaito Zhimomi,Hem Chetri,Anureet Singh,4,0,,,,,,,,,
1244361,2020/21,2021-01-15,IC-Gurunanak College Ground,2,0.1,Sikkim,Nagaland,Nilesh Lamichaney,Ashish Thapa,STR Binny,0,0,,,,,,,,,
1244361,2020/21,2021-01-15,IC-Gurunanak College Ground,2,0.2,Sikkim,Nagaland,Nilesh Lamichaney,Ashish Thapa,STR Binny,1,0,,,,,,,,,
1244361,2020/21,2021-01-15,IC-Gurunanak College Ground,2,0.3,Sikkim,Nagaland,Ashish Thapa,Nilesh Lamichaney,STR Binny,1,0,,,,,,,,,
1244361,2020/21,2021-01-15,IC-Gurunanak College Ground,2,0.4,Sikkim,Nagaland,Nilesh Lamichaney,Ashish Thapa,STR Binny,0,0,,,,,,,,,
1244361,2020/21,2021-01-15,IC-Gurunanak College Ground,2,0.5,Sikkim,Nagaland,Nilesh Lamichaney,Ashish Thapa,STR Binny,0,0,,,,,,caught,Nilesh Lamichaney,,
1244361,2020/21,2021-01-15,IC-Gurunanak College Ground,2,0.6,Sikkim,Nagaland,Robin Bist,Ashish Thapa,STR Binny,0,0,,,,,,,,,
1244361,2020/21,2021-01-15,IC-Gurunanak College Ground,2,1.1,Sikkim,Nagaland,Ashish Thapa,Robin Bist,Nagaho Chishi,1,0,,,,,,,,,
1244361,2020/21,2021-01-15,IC-Gurunanak College Ground,2,1.2,Sikkim,Nagaland,Robin Bist,Ashish Thapa,Nagaho Chishi,0,0,,,,,,,,,
1244361,2020/21,2021-01-15,IC-Gurunanak College Ground,2,1.3,Sikkim,Nagaland,Robin Bist,Ashish Thapa,Nagaho Chishi,0,0,,,,,,,,,
1244361,2020/21,2021-01-15,IC-Gurunanak College Ground,2,1.4,Sikkim,Nagaland,Robin Bist,Ashish Thapa,Nagaho Chishi,2,0,,,,,,,,,
1244361,2020/21,2021-01-15,IC-Gurunanak College Ground,2,1.5,Sikkim,Nagaland,Robin Bist,Ashish Thapa,Nagaho Chishi,0,0,,,,,,caught and bowled,Robin Bist,,
1244361,2020/21,2021-01-15,IC-Gurunanak College Ground,2,1.6,Sikkim,Nagaland,Lee Yong Lepcha,Ashish Thapa,Nagaho Chishi,0,0,,,,,,,,,
1244361,2020/21,2021-01-15,IC-Gurunanak College Ground,2,2.1,Sikkim,Nagaland,Ashish Thapa,Lee Yong Lepcha,STR Binny,0,0,,,,,,,,,
1244361,2020/21,2021-01-15,IC-Gurunanak College Ground,2,2.2,Sikkim,Nagaland,Ashish Thapa,Lee Yong Lepcha,STR Binny,5,0,,,,,,,,,
1244361,2020/21,2021-01-15,IC-Gurunanak College Ground,2,2.3,Sikkim,Nagaland,Lee Yong Lepcha,Ashish Thapa,STR Binny,4,0,,,,,,,,,
1244361,2020/21,2021-01-15,IC-Gurunanak College Ground,2,2.4,Sikkim,Nagaland,Lee Yong Lepcha,Ashish Thapa,STR Binny,1,0,,,,,,,,,
1244361,2020/21,2021-01-15,IC-Gurunanak College Ground,2,2.5,Sikkim,Nagaland,Ashish Thapa,Lee Yong Lepcha,STR Binny,1,0,,,,,,,,,
1244361,2020/21,2021-01-15,IC-Gurunanak College Ground,2,2.6,Sikkim,Nagaland,Lee Yong Lepcha,Ashish Thapa,STR Binny,0,0,,,,,,,,,
1244361,2020/21,2021-01-15,IC-Gurunanak College Ground,2,3.1,Sikkim,Nagaland,Ashish Thapa,Lee Yong Lepcha,Nagaho Chishi,0,0,,,,,,,,,
1244361,2020/21,2021-01-15,IC-Gurunanak College Ground,2,3.2,Sikkim,Nagaland,Ashish Thapa,Lee Yong Lepcha,Nagaho Chishi,1,0,,,,,,,,,
1244361,2020/21,2021-01-15,IC-Gurunanak College Ground,2,3.3,Sikkim,Nagaland,Lee Yong Lepcha,Ashish Thapa,Nagaho Chishi,0,0,,,,,,,,,
1244361,2020/21,2021-01-15,IC-Gurunanak College Ground,2,3.4,Sikkim,Nagaland,Lee Yong Lepcha,Ashish Thapa,Nagaho Chishi,0,0,,,,,,run out,Ashish Thapa,,
1244361,2020/21,2021-01-15,IC-Gurunanak College Ground,2,3.5,Sikkim,Nagaland,Palzor Tamang,Lee Yong Lepcha,Nagaho Chishi,0,0,,,,,,,,,
1244361,2020/21,2021-01-15,IC-Gurunanak College Ground,2,3.6,Sikkim,Nagaland,Palzor Tamang,Lee Yong Lepcha,Nagaho Chishi,0,0,,,,,,,,,
1244361,2020/21,2021-01-15,IC-Gurunanak College Ground,2,4.1,Sikkim,Nagaland,Lee Yong Lepcha,Palzor Tamang,SS Mundhe,1,0,,,,,,,,,
1244361,2020/21,2021-01-15,IC-Gurunanak College Ground,2,4.2,Sikkim,Nagaland,Palzor Tamang,Lee Yong Lepcha,SS Mundhe,0,0,,,,,,,,,
1244361,2020/21,2021-01-15,IC-Gurunanak College Ground,2,4.3,Sikkim,Nagaland,Palzor Tamang,Lee Yong Lepcha,SS Mundhe,0,0,,,,,,,,,
1244361,2020/21,2021-01-15,IC-Gurunanak College Ground,2,4.4,Sikkim,Nagaland,Palzor Tamang,Lee Yong Lepcha,SS Mundhe,0,0,,,,,,caught,Palzor Tamang,,
1244361,2020/21,2021-01-15,IC-Gurunanak College Ground,2,4.5,Sikkim,Nagaland,Varun Sood,Lee Yong Lepcha,SS Mundhe,1,0,,,,,,,,,
1244361,2020/21,2021-01-15,IC-Gurunanak College Ground,2,4.6,Sikkim,Nagaland,Lee Yong Lepcha,Varun Sood,SS Mundhe,0,0,,,,,,,,,
1244361,2020/21,2021-01-15,IC-Gurunanak College Ground,2,5.1,Sikkim,Nagaland,Varun Sood,Lee Yong Lepcha,Tahmeed Rahman,0,0,,,,,,,,,
1244361,2020/21,2021-01-15,IC-Gurunanak College Ground,2,5.2,Sikkim,Nagaland,Varun Sood,Lee Yong Lepcha,Tahmeed Rahman,0,0,,,,,,,,,
1244361,2020/21,2021-01-15,IC-Gurunanak College Ground,2,5.3,Sikkim,Nagaland,Varun Sood,Lee Yong Lepcha,Tahmeed Rahman,0,0,,,,,,,,,
1244361,2020/21,2021-01-15,IC-Gurunanak College Ground,2,5.4,Sikkim,Nagaland,Varun Sood,Lee Yong Lepcha,Tahmeed Rahman,0,0,,,,,,,,,
1244361,2020/21,2021-01-15,IC-Gurunanak College Ground,2,5.5,Sikkim,Nagaland,Varun Sood,Lee Yong Lepcha,Tahmeed Rahman,1,0,,,,,,,,,
1244361,2020/21,2021-01-15,IC-Gurunanak College Ground,2,5.6,Sikkim,Nagaland,Lee Yong Lepcha,Varun Sood,Tahmeed Rahman,0,0,,,,,,,,,
1244361,2020/21,2021-01-15,IC-Gurunanak College Ground,2,6.1,Sikkim,Nagaland,Varun Sood,Lee Yong Lepcha,SS Mundhe,1,0,,,,,,,,,
1244361,2020/21,2021-01-15,IC-Gurunanak College Ground,2,6.2,Sikkim,Nagaland,Lee Yong Lepcha,Varun Sood,SS Mundhe,0,1,1,,,,,,,,
1244361,2020/21,2021-01-15,IC-Gurunanak College Ground,2,6.3,Sikkim,Nagaland,Lee Yong Lepcha,Varun Sood,SS Mundhe,0,1,,,,1,,,,,
1244361,2020/21,2021-01-15,IC-Gurunanak College Ground,2,6.4,Sikkim,Nagaland,Varun Sood,Lee Yong Lepcha,SS Mundhe,0,0,,,,,,,,,
1244361,2020/21,2021-01-15,IC-Gurunanak College Ground,2,6.5,Sikkim,Nagaland,Varun Sood,Lee Yong Lepcha,SS Mundhe,1,0,,,,,,,,,
1244361,2020/21,2021-01-15,IC-Gurunanak College Ground,2,6.6,Sikkim,Nagaland,Lee Yong Lepcha,Varun Sood,SS Mundhe,1,0,,,,,,,,,
1244361,2020/21,2021-01-15,IC-Gurunanak College Ground,2,6.7,Sikkim,Nagaland,Varun Sood,Lee Yong Lepcha,SS Mundhe,0,0,,,,,,,,,
1244361,2020/21,2021-01-15,IC-Gurunanak College Ground,2,7.1,Sikkim,Nagaland,Lee Yong Lepcha,Varun Sood,Tahmeed Rahman,0,1,1,,,,,stumped,Lee Yong Lepcha,,
1244361,2020/21,2021-01-15,IC-Gurunanak College Ground,2,7.2,Sikkim,Nagaland,Anureet Singh,Varun Sood,Tahmeed Rahman,1,0,,,,,,,,,
1244361,2020/21,2021-01-15,IC-Gurunanak College Ground,2,7.3,Sikkim,Nagaland,Varun Sood,Anureet Singh,Tahmeed Rahman,1,0,,,,,,,,,
1244361,2020/21,2021-01-15,IC-Gurunanak College Ground,2,7.4,Sikkim,Nagaland,Anureet Singh,Varun Sood,Tahmeed Rahman,1,0,,,,,,,,,
1244361,2020/21,2021-01-15,IC-Gurunanak College Ground,2,7.5,Sikkim,Nagaland,Varun Sood,Anureet Singh,Tahmeed Rahman,1,0,,,,,,,,,
1244361,2020/21,2021-01-15,IC-Gurunanak College Ground,2,7.6,Sikkim,Nagaland,Anureet Singh,Varun Sood,Tahmeed Rahman,0,0,,,,,,,,,
1244361,2020/21,2021-01-15,IC-Gurunanak College Ground,2,7.7,Sikkim,Nagaland,Anureet Singh,Varun Sood,Tahmeed Rahman,6,0,,,,,,,,,
1244361,2020/21,2021-01-15,IC-Gurunanak College Ground,2,8.1,Sikkim,Nagaland,Varun Sood,Anureet Singh,Khrievitso Kense,1,0,,,,,,,,,
1244361,2020/21,2021-01-15,IC-Gurunanak College Ground,2,8.2,Sikkim,Nagaland,Anureet Singh,Varun Sood,Khrievitso Kense,0,0,,,,,,,,,
1244361,2020/21,2021-01-15,IC-Gurunanak College Ground,2,8.3,Sikkim,Nagaland,Anureet Singh,Varun Sood,Khrievitso Kense,0,0,,,,,,,,,
1244361,2020/21,2021-01-15,IC-Gurunanak College Ground,2,8.4,Sikkim,Nagaland,Anureet Singh,Varun Sood,Khrievitso Kense,0,0,,,,,,,,,
1244361,2020/21,2021-01-15,IC-Gurunanak College Ground,2,8.5,Sikkim,Nagaland,Anureet Singh,Varun Sood,Khrievitso Kense,0,0,,,,,,,,,
1244361,2020/21,2021-01-15,IC-Gurunanak College Ground,2,8.6,Sikkim,Nagaland,Anureet Singh,Varun Sood,Khrievitso Kense,0,0,,,,,,,,,
1244361,2020/21,2021-01-15,IC-Gurunanak College Ground,2,9.1,Sikkim,Nagaland,Varun Sood,Anureet Singh,Joshua Ozukum,0,0,,,,,,caught,Varun Sood,,
1244361,2020/21,2021-01-15,IC-Gurunanak College Ground,2,9.2,Sikkim,Nagaland,Mandup Bhutia,Anureet Singh,Joshua Ozukum,1,0,,,,,,,,,
1244361,2020/21,2021-01-15,IC-Gurunanak College Ground,2,9.3,Sikkim,Nagaland,Anureet Singh,Mandup Bhutia,Joshua Ozukum,6,0,,,,,,,,,
1244361,2020/21,2021-01-15,IC-Gurunanak College Ground,2,9.4,Sikkim,Nagaland,Anureet Singh,Mandup Bhutia,Joshua Ozukum,0,0,,,,,,,,,
1244361,2020/21,2021-01-15,IC-Gurunanak College Ground,2,9.5,Sikkim,Nagaland,Anureet Singh,Mandup Bhutia,Joshua Ozukum,0,0,,,,,,,,,
1244361,2020/21,2021-01-15,IC-Gurunanak College Ground,2,9.6,Sikkim,Nagaland,Anureet Singh,Mandup Bhutia,Joshua Ozukum,1,0,,,,,,,,,
1244361,2020/21,2021-01-15,IC-Gurunanak College Ground,2,10.1,Sikkim,Nagaland,Anureet Singh,Mandup Bhutia,Khrievitso Kense,1,0,,,,,,,,,
1244361,2020/21,2021-01-15,IC-Gurunanak College Ground,2,10.2,Sikkim,Nagaland,Mandup Bhutia,Anureet Singh,Khrievitso Kense,0,0,,,,,,bowled,Mandup Bhutia,,
1244361,2020/21,2021-01-15,IC-Gurunanak College Ground,2,10.3,Sikkim,Nagaland,Md Saptula,Anureet Singh,Khrievitso Kense,0,0,,,,,,lbw,Md Saptula,,
1244361,2020/21,2021-01-15,IC-Gurunanak College Ground,2,10.4,Sikkim,Nagaland,Rajiv Darjee,Anureet Singh,Khrievitso Kense,0,1,1,,,,,,,,
1244361,2020/21,2021-01-15,IC-Gurunanak College Ground,2,10.5,Sikkim,Nagaland,Rajiv Darjee,Anureet Singh,Khrievitso Kense,0,0,,,,,,,,,
1244361,2020/21,2021-01-15,IC-Gurunanak College Ground,2,10.6,Sikkim,Nagaland,Rajiv Darjee,Anureet Singh,Khrievitso Kense,4,0,,,,,,,,,
1244361,2020/21,2021-01-15,IC-Gurunanak College Ground,2,10.7,Sikkim,Nagaland,Rajiv Darjee,Anureet Singh,Khrievitso Kense,0,0,,,,,,,,,
1244361,2020/21,2021-01-15,IC-Gurunanak College Ground,2,11.1,Sikkim,Nagaland,Anureet Singh,Rajiv Darjee,Tahmeed Rahman,4,0,,,,,,,,,
1244361,2020/21,2021-01-15,IC-Gurunanak College Ground,2,11.2,Sikkim,Nagaland,Anureet Singh,Rajiv Darjee,Tahmeed Rahman,0,0,,,,,,,,,
1244361,2020/21,2021-01-15,IC-Gurunanak College Ground,2,11.3,Sikkim,Nagaland,Anureet Singh,Rajiv Darjee,Tahmeed Rahman,0,0,,,,,,,,,
1244361,2020/21,2021-01-15,IC-Gurunanak College Ground,2,11.4,Sikkim,Nagaland,Anureet Singh,Rajiv Darjee,Tahmeed Rahman,0,0,,,,,,,,,
1244361,2020/21,2021-01-15,IC-Gurunanak College Ground,2,11.5,Sikkim,Nagaland,Anureet Singh,Rajiv Darjee,Tahmeed Rahman,0,0,,,,,,,,,
1244361,2020/21,2021-01-15,IC-Gurunanak College Ground,2,11.6,Sikkim,Nagaland,Anureet Singh,Rajiv Darjee,Tahmeed Rahman,1,0,,,,,,,,,
1244361,2020/21,2021-01-15,IC-Gurunanak College Ground,2,12.1,Sikkim,Nagaland,Anureet Singh,Rajiv Darjee,Khrievitso Kense,0,0,,,,,,,,,
1244361,2020/21,2021-01-15,IC-Gurunanak College Ground,2,12.2,Sikkim,Nagaland,Anureet Singh,Rajiv Darjee,Khrievitso Kense,4,0,,,,,,,,,
1244361,2020/21,2021-01-15,IC-Gurunanak College Ground,2,12.3,Sikkim,Nagaland,Anureet Singh,Rajiv Darjee,Khrievitso Kense,6,0,,,,,,,,,
1244361,2020/21,2021-01-15,IC-Gurunanak College Ground,2,12.4,Sikkim,Nagaland,Anureet Singh,Rajiv Darjee,Khrievitso Kense,4,0,,,,,,,,,
1244361,2020/21,2021-01-15,IC-Gurunanak College Ground,2,12.5,Sikkim,Nagaland,Anureet Singh,Rajiv Darjee,Khrievitso Kense,6,0,,,,,,,,,
1244361,2020/21,2021-01-15,IC-Gurunanak College Ground,2,12.6,Sikkim,Nagaland,Anureet Singh,Rajiv Darjee,Khrievitso Kense,0,0,,,,,,run out,Anureet Singh,,
1244361,2020/21,2021-01-15,IC-Gurunanak College Ground,2,13.1,Sikkim,Nagaland,Rajiv Darjee,Ajay Pradhan,STR Binny,0,0,,,,,,,,,
1244361,2020/21,2021-01-15,IC-Gurunanak College Ground,2,13.2,Sikkim,Nagaland,Rajiv Darjee,Ajay Pradhan,STR Binny,0,0,,,,,,,,,
1244361,2020/21,2021-01-15,IC-Gurunanak College Ground,2,13.3,Sikkim,Nagaland,Rajiv Darjee,Ajay Pradhan,STR Binny,0,0,,,,,,,,,
1244361,2020/21,2021-01-15,IC-Gurunanak College Ground,2,13.4,Sikkim,Nagaland,Rajiv Darjee,Ajay Pradhan,STR Binny,0,0,,,,,,,,,
1244361,2020/21,2021-01-15,IC-Gurunanak College Ground,2,13.5,Sikkim,Nagaland,Rajiv Darjee,Ajay Pradhan,STR Binny,0,0,,,,,,,,,
1244361,2020/21,2021-01-15,IC-Gurunanak College Ground,2,13.6,Sikkim,Nagaland,Rajiv Darjee,Ajay Pradhan,STR Binny,0,0,,,,,,,,,
1244361,2020/21,2021-01-15,IC-Gurunanak College Ground,2,14.1,Sikkim,Nagaland,Ajay Pradhan,Rajiv Darjee,Khrievitso Kense,0,0,,,,,,,,,
1244361,2020/21,2021-01-15,IC-Gurunanak College Ground,2,14.2,Sikkim,Nagaland,Ajay Pradhan,Rajiv Darjee,Khrievitso Kense,0,0,,,,,,bowled,Ajay Pradhan,,
