match_id,season,start_date,venue,innings,ball,batting_team,bowling_team,striker,non_striker,bowler,runs_off_bat,extras,wides,noballs,byes,legbyes,penalty,wicket_type,player_dismissed,other_wicket_type,other_player_dismissed
1244401,2020/21,2021-01-26,"Narendra Modi Stadium Ground 'A', Motera",1,0.1,Karnataka,Punjab,D Padikkal,KK Nair,Sandeep Sharma,0,0,,,,,,,,,
1244401,2020/21,2021-01-26,"Narendra Modi Stadium Ground 'A', Motera",1,0.2,Karnataka,Punjab,D Padikkal,KK Nair,Sandeep Sharma,0,0,,,,,,,,,
1244401,2020/21,2021-01-26,"Narendra Modi Stadium Ground 'A', Motera",1,0.3,Karnataka,Punjab,D Padikkal,KK Nair,Sandeep Sharma,1,0,,,,,,,,,
1244401,2020/21,2021-01-26,"Narendra Modi Stadium Ground 'A', Motera",1,0.4,Karnataka,Punjab,KK Nair,D Padikkal,Sandeep Sharma,4,0,,,,,,,,,
1244401,2020/21,2021-01-26,"Narendra Modi Stadium Ground 'A', Motera",1,0.5,Karnataka,Punjab,KK Nair,D Padikkal,Sandeep Sharma,0,0,,,,,,,,,
1244401,2020/21,2021-01-26,"Narendra Modi Stadium Ground 'A', Motera",1,0.6,Karnataka,Punjab,KK Nair,D Padikkal,Sandeep Sharma,1,0,,,,,,,,,
1244401,2020/21,2021-01-26,"Narendra Modi Stadium Ground 'A', Motera",1,1.1,Karnataka,Punjab,KK Nair,D Padikkal,Arshdeep Singh,0,0,,,,,,,,,
1244401,2020/21,2021-01-26,"Narendra Modi Stadium Ground 'A', Motera",1,1.2,Karnataka,Punjab,KK Nair,D Padikkal,Arshdeep Singh,3,0,,,,,,,,,
1244401,2020/21,2021-01-26,"Narendra Modi Stadium Ground 'A', Motera",1,1.3,Karnataka,Punjab,D Padikkal,KK Nair,Arshdeep Singh,0,1,1,,,,,,,,
1244401,2020/21,2021-01-26,"Narendra Modi Stadium Ground 'A', Motera",1,1.4,Karnataka,Punjab,D Padikkal,KK Nair,Arshdeep Singh,1,0,,,,,,,,,
1244401,2020/21,2021-01-26,"Narendra Modi Stadium Ground 'A', Motera",1,1.5,Karnataka,Punjab,KK Nair,D Padikkal,Arshdeep Singh,0,0,,,,,,,,,
1244401,2020/21,2021-01-26,"Narendra Modi Stadium Ground 'A', Motera",1,1.6,Karnataka,Punjab,KK Nair,D Padikkal,Arshdeep Singh,4,0,,,,,,,,,
1244401,2020/21,2021-01-26,"Narendra Modi Stadium Ground 'A', Motera",1,1.7,Karnataka,Punjab,KK Nair,D Padikkal,Arshdeep Singh,0,0,,,,,,,,,
1244401,2020/21,2021-01-26,"Narendra Modi Stadium Ground 'A', Motera",1,2.1,Karnataka,Punjab,D Padikkal,KK Nair,Sandeep Sharma,4,0,,,,,,,,,
1244401,2020/21,2021-01-26,"Narendra Modi Stadium Ground 'A', Motera",1,2.2,Karnataka,Punjab,D Padikkal,KK Nair,Sandeep Sharma,0,0,,,,,,,,,
1244401,2020/21,2021-01-26,"Narendra Modi Stadium Ground 'A', Motera",1,2.3,Karnataka,Punjab,D Padikkal,KK Nair,Sandeep Sharma,4,0,,,,,,,,,
1244401,2020/21,2021-01-26,"Narendra Modi Stadium Ground 'A', Motera",1,2.4,Karnataka,Punjab,D Padikkal,KK Nair,Sandeep Sharma,1,0,,,,,,,,,
1244401,2020/21,2021-01-26,"Narendra Modi Stadium Ground 'A', Motera",1,2.5,Karnataka,Punjab,KK Nair,D Padikkal,Sandeep Sharma,0,0,,,,,,caught,KK Nair,,
1244401,2020/21,2021-01-26,"Narendra Modi Stadium Ground 'A', Motera",1,2.6,Karnataka,Punjab,BR Sharath,D Padikkal,Sandeep Sharma,2,0,,,,,,,,,
1244401,2020/21,2021-01-26,"Narendra Modi Stadium Ground 'A', Motera",1,3.1,Karnataka,Punjab,D Padikkal,BR Sharath,S Kaul,0,0,,,,,,,,,
1244401,2020/21,2021-01-26,"Narendra Modi Stadium Ground 'A', Motera",1,3.2,Karnataka,Punjab,D Padikkal,BR Sharath,S Kaul,0,0,,,,,,caught,D Padikkal,,
1244401,2020/21,2021-01-26,"Narendra Modi Stadium Ground 'A', Motera",1,3.3,Karnataka,Punjab,Pavan Deshpande,BR Sharath,S Kaul,0,0,,,,,,,,,
1244401,2020/21,2021-01-26,"Narendra Modi Stadium Ground 'A', Motera",1,3.4,Karnataka,Punjab,Pavan Deshpande,BR Sharath,S Kaul,0,0,,,,,,caught,Pavan Deshpande,,
1244401,2020/21,2021-01-26,"Narendra Modi Stadium Ground 'A', Motera",1,3.5,Karnataka,Punjab,Aniruddha Joshi,BR Sharath,S Kaul,0,0,,,,,,,,,
1244401,2020/21,2021-01-26,"Narendra Modi Stadium Ground 'A', Motera",1,3.6,Karnataka,Punjab,Aniruddha Joshi,BR Sharath,S Kaul,0,0,,,,,,,,,
1244401,2020/21,2021-01-26,"Narendra Modi Stadium Ground 'A', Motera",1,4.1,Karnataka,Punjab,BR Sharath,Aniruddha Joshi,Arshdeep Singh,0,0,,,,,,,,,
1244401,2020/21,2021-01-26,"Narendra Modi Stadium Ground 'A', Motera",1,4.2,Karnataka,Punjab,BR Sharath,Aniruddha Joshi,Arshdeep Singh,0,0,,,,,,caught,BR Sharath,,
1244401,2020/21,2021-01-26,"Narendra Modi Stadium Ground 'A', Motera",1,4.3,Karnataka,Punjab,S Gopal,Aniruddha Joshi,Arshdeep Singh,0,0,,,,,,,,,
1244401,2020/21,2021-01-26,"Narendra Modi Stadium Ground 'A', Motera",1,4.4,Karnataka,Punjab,S Gopal,Aniruddha Joshi,Arshdeep Singh,2,0,,,,,,,,,
1244401,2020/21,2021-01-26,"Narendra Modi Stadium Ground 'A', Motera",1,4.5,Karnataka,Punjab,S Gopal,Aniruddha Joshi,Arshdeep Singh,4,0,,,,,,,,,
1244401,2020/21,2021-01-26,"Narendra Modi Stadium Ground 'A', Motera",1,4.6,Karnataka,Punjab,S Gopal,Aniruddha Joshi,Arshdeep Singh,0,0,,,,,,,,,
1244401,2020/21,2021-01-26,"Narendra Modi Stadium Ground 'A', Motera",1,5.1,Karnataka,Punjab,Aniruddha Joshi,S Gopal,S Kaul,0,0,,,,,,,,,
1244401,2020/21,2021-01-26,"Narendra Modi Stadium Ground 'A', Motera",1,5.2,Karnataka,Punjab,Aniruddha Joshi,S Gopal,S Kaul,0,0,,,,,,,,,
1244401,2020/21,2021-01-26,"Narendra Modi Stadium Ground 'A', Motera",1,5.3,Karnataka,Punjab,Aniruddha Joshi,S Gopal,S Kaul,1,0,,,,,,,,,
1244401,2020/21,2021-01-26,"Narendra Modi Stadium Ground 'A', Motera",1,5.4,Karnataka,Punjab,S Gopal,Aniruddha Joshi,S Kaul,0,0,,,,,,,,,
1244401,2020/21,2021-01-26,"Narendra Modi Stadium Ground 'A', Motera",1,5.5,Karnataka,Punjab,S Gopal,Aniruddha Joshi,S Kaul,0,0,,,,,,,,,
1244401,2020/21,2021-01-26,"Narendra Modi Stadium Ground 'A', Motera",1,5.6,Karnataka,Punjab,S Gopal,Aniruddha Joshi,S Kaul,4,0,,,,,,,,,
1244401,2020/21,2021-01-26,"Narendra Modi Stadium Ground 'A', Motera",1,6.1,Karnataka,Punjab,Aniruddha Joshi,S Gopal,Harpreet Brar,0,0,,,,,,,,,
1244401,2020/21,2021-01-26,"Narendra Modi Stadium Ground 'A', Motera",1,6.2,Karnataka,Punjab,Aniruddha Joshi,S Gopal,Harpreet Brar,1,0,,,,,,,,,
1244401,2020/21,2021-01-26,"Narendra Modi Stadium Ground 'A', Motera",1,6.3,Karnataka,Punjab,S Gopal,Aniruddha Joshi,Harpreet Brar,1,0,,,,,,,,,
1244401,2020/21,2021-01-26,"Narendra Modi Stadium Ground 'A', Motera",1,6.4,Karnataka,Punjab,Aniruddha Joshi,S Gopal,Harpreet Brar,1,0,,,,,,,,,
1244401,2020/21,2021-01-26,"Narendra Modi Stadium Ground 'A', Motera",1,6.5,Karnataka,Punjab,S Gopal,Aniruddha Joshi,Harpreet Brar,1,0,,,,,,,,,
1244401,2020/21,2021-01-26,"Narendra Modi Stadium Ground 'A', Motera",1,6.6,Karnataka,Punjab,Aniruddha Joshi,S Gopal,Harpreet Brar,1,0,,,,,,,,,
1244401,2020/21,2021-01-26,"Narendra Modi Stadium Ground 'A', Motera",1,7.1,Karnataka,Punjab,Aniruddha Joshi,S Gopal,Ramandeep Singh,2,0,,,,,,,,,
1244401,2020/21,2021-01-26,"Narendra Modi Stadium Ground 'A', Motera",1,7.2,Karnataka,Punjab,Aniruddha Joshi,S Gopal,Ramandeep Singh,1,0,,,,,,,,,
1244401,2020/21,2021-01-26,"Narendra Modi Stadium Ground 'A', Motera",1,7.3,Karnataka,Punjab,S Gopal,Aniruddha Joshi,Ramandeep Singh,1,0,,,,,,,,,
1244401,2020/21,2021-01-26,"Narendra Modi Stadium Ground 'A', Motera",1,7.4,Karnataka,Punjab,Aniruddha Joshi,S Gopal,Ramandeep Singh,4,0,,,,,,,,,
1244401,2020/21,2021-01-26,"Narendra Modi Stadium Ground 'A', Motera",1,7.5,Karnataka,Punjab,Aniruddha Joshi,S Gopal,Ramandeep Singh,1,0,,,,,,,,,
1244401,2020/21,2021-01-26,"Narendra Modi Stadium Ground 'A', Motera",1,7.6,Karnataka,Punjab,S Gopal,Aniruddha Joshi,Ramandeep Singh,0,0,,,,,,caught,S Gopal,,
1244401,2020/21,2021-01-26,"Narendra Modi Stadium Ground 'A', Motera",1,8.1,Karnataka,Punjab,Aniruddha Joshi,J Suchith,S Kaul,0,0,,,,,,,,,
1244401,2020/21,2021-01-26,"Narendra Modi Stadium Ground 'A', Motera",1,8.2,Karnataka,Punjab,Aniruddha Joshi,J Suchith,S Kaul,0,0,,,,,,,,,
1244401,2020/21,2021-01-26,"Narendra Modi Stadium Ground 'A', Motera",1,8.3,Karnataka,Punjab,Aniruddha Joshi,J Suchith,S Kaul,4,0,,,,,,,,,
1244401,2020/21,2021-01-26,"Narendra Modi Stadium Ground 'A', Motera",1,8.4,Karnataka,Punjab,Aniruddha Joshi,J Suchith,S Kaul,1,0,,,,,,,,,
1244401,2020/21,2021-01-26,"Narendra Modi Stadium Ground 'A', Motera",1,8.5,Karnataka,Punjab,J Suchith,Aniruddha Joshi,S Kaul,0,0,,,,,,,,,
1244401,2020/21,2021-01-26,"Narendra Modi Stadium Ground 'A', Motera",1,8.6,Karnataka,Punjab,J Suchith,Aniruddha Joshi,S Kaul,4,0,,,,,,,,,
1244401,2020/21,2021-01-26,"Narendra Modi Stadium Ground 'A', Motera",1,9.1,Karnataka,Punjab,Aniruddha Joshi,J Suchith,Ramandeep Singh,1,0,,,,,,,,,
1244401,2020/21,2021-01-26,"Narendra Modi Stadium Ground 'A', Motera",1,9.2,Karnataka,Punjab,J Suchith,Aniruddha Joshi,Ramandeep Singh,0,1,1,,,,,,,,
1244401,2020/21,2021-01-26,"Narendra Modi Stadium Ground 'A', Motera",1,9.3,Karnataka,Punjab,J Suchith,Aniruddha Joshi,Ramandeep Singh,1,0,,,,,,,,,
1244401,2020/21,2021-01-26,"Narendra Modi Stadium Ground 'A', Motera",1,9.4,Karnataka,Punjab,Aniruddha Joshi,J Suchith,Ramandeep Singh,0,0,,,,,,,,,
1244401,2020/21,2021-01-26,"Narendra Modi Stadium Ground 'A', Motera",1,9.5,Karnataka,Punjab,Aniruddha Joshi,J Suchith,Ramandeep Singh,2,0,,,,,,,,,
1244401,2020/21,2021-01-26,"Narendra Modi Stadium Ground 'A', Motera",1,9.6,Karnataka,Punjab,Aniruddha Joshi,J Suchith,Ramandeep Singh,1,0,,,,,,,,,
1244401,2020/21,2021-01-26,"Narendra Modi Stadium Ground 'A', Motera",1,9.7,Karnataka,Punjab,J Suchith,Aniruddha Joshi,Ramandeep Singh,0,0,,,,,,,,,
1244401,2020/21,2021-01-26,"Narendra Modi Stadium Ground 'A', Motera",1,10.1,Karnataka,Punjab,Aniruddha Joshi,J Suchith,M Markande,1,0,,,,,,,,,
1244401,2020/21,2021-01-26,"Narendra Modi Stadium Ground 'A', Motera",1,10.2,Karnataka,Punjab,J Suchith,Aniruddha Joshi,M Markande,1,0,,,,,,,,,
1244401,2020/21,2021-01-26,"Narendra Modi Stadium Ground 'A', Motera",1,10.3,Karnataka,Punjab,Aniruddha Joshi,J Suchith,M Markande,1,0,,,,,,,,,
1244401,2020/21,2021-01-26,"Narendra Modi Stadium Ground 'A', Motera",1,10.4,Karnataka,Punjab,J Suchith,Aniruddha Joshi,M Markande,1,0,,,,,,,,,
1244401,2020/21,2021-01-26,"Narendra Modi Stadium Ground 'A', Motera",1,10.5,Karnataka,Punjab,Aniruddha Joshi,J Suchith,M Markande,1,0,,,,,,,,,
1244401,2020/21,2021-01-26,"Narendra Modi Stadium Ground 'A', Motera",1,10.6,Karnataka,Punjab,J Suchith,Aniruddha Joshi,M Markande,1,0,,,,,,,,,
1244401,2020/21,2021-01-26,"Narendra Modi Stadium Ground 'A', Motera",1,11.1,Karnataka,Punjab,J Suchith,Aniruddha Joshi,Ramandeep Singh,0,0,,,,,,,,,
1244401,2020/21,2021-01-26,"Narendra Modi Stadium Ground 'A', Motera",1,11.2,Karnataka,Punjab,J Suchith,Aniruddha Joshi,Ramandeep Singh,0,0,,,,,,,,,
1244401,2020/21,2021-01-26,"Narendra Modi Stadium Ground 'A', Motera",1,11.3,Karnataka,Punjab,J Suchith,Aniruddha Joshi,Ramandeep Singh,0,0,,,,,,caught,J Suchith,,
1244401,2020/21,2021-01-26,"Narendra Modi Stadium Ground 'A', Motera",1,11.4,Karnataka,Punjab,P Dubey,Aniruddha Joshi,Ramandeep Singh,1,0,,,,,,,,,
1244401,2020/21,2021-01-26,"Narendra Modi Stadium Ground 'A', Motera",1,11.5,Karnataka,Punjab,Aniruddha Joshi,P Dubey,Ramandeep Singh,0,0,,,,,,,,,
1244401,2020/21,2021-01-26,"Narendra Modi Stadium Ground 'A', Motera",1,11.6,Karnataka,Punjab,Aniruddha Joshi,P Dubey,Ramandeep Singh,0,0,,,,,,,,,
1244401,2020/21,2021-01-26,"Narendra Modi Stadium Ground 'A', Motera",1,12.1,Karnataka,Punjab,P Dubey,Aniruddha Joshi,M Markande,0,0,,,,,,,,,
1244401,2020/21,2021-01-26,"Narendra Modi Stadium Ground 'A', Motera",1,12.2,Karnataka,Punjab,P Dubey,Aniruddha Joshi,M Markande,1,0,,,,,,,,,
1244401,2020/21,2021-01-26,"Narendra Modi Stadium Ground 'A', Motera",1,12.3,Karnataka,Punjab,Aniruddha Joshi,P Dubey,M Markande,0,0,,,,,,,,,
1244401,2020/21,2021-01-26,"Narendra Modi Stadium Ground 'A', Motera",1,12.4,Karnataka,Punjab,Aniruddha Joshi,P Dubey,M Markande,0,0,,,,,,,,,
1244401,2020/21,2021-01-26,"Narendra Modi Stadium Ground 'A', Motera",1,12.5,Karnataka,Punjab,Aniruddha Joshi,P Dubey,M Markande,1,0,,,,,,,,,
1244401,2020/21,2021-01-26,"Narendra Modi Stadium Ground 'A', Motera",1,12.6,Karnataka,Punjab,P Dubey,Aniruddha Joshi,M Markande,1,0,,,,,,,,,
1244401,2020/21,2021-01-26,"Narendra Modi Stadium Ground 'A', Motera",1,13.1,Karnataka,Punjab,P Dubey,Aniruddha Joshi,Ramandeep Singh,0,0,,,,,,,,,
1244401,2020/21,2021-01-26,"Narendra Modi Stadium Ground 'A', Motera",1,13.2,Karnataka,Punjab,P Dubey,Aniruddha Joshi,Ramandeep Singh,1,0,,,,,,,,,
1244401,2020/21,2021-01-26,"Narendra Modi Stadium Ground 'A', Motera",1,13.3,Karnataka,Punjab,Aniruddha Joshi,P Dubey,Ramandeep Singh,0,0,,,,,,,,,
1244401,2020/21,2021-01-26,"Narendra Modi Stadium Ground 'A', Motera",1,13.4,Karnataka,Punjab,Aniruddha Joshi,P Dubey,Ramandeep Singh,0,0,,,,,,,,,
1244401,2020/21,2021-01-26,"Narendra Modi Stadium Ground 'A', Motera",1,13.5,Karnataka,Punjab,Aniruddha Joshi,P Dubey,Ramandeep Singh,1,0,,,,,,,,,
1244401,2020/21,2021-01-26,"Narendra Modi Stadium Ground 'A', Motera",1,13.6,Karnataka,Punjab,P Dubey,Aniruddha Joshi,Ramandeep Singh,4,0,,,,,,,,,
1244401,2020/21,2021-01-26,"Narendra Modi Stadium Ground 'A', Motera",1,14.1,Karnataka,Punjab,Aniruddha Joshi,P Dubey,M Markande,1,0,,,,,,,,,
1244401,2020/21,2021-01-26,"Narendra Modi Stadium Ground 'A', Motera",1,14.2,Karnataka,Punjab,P Dubey,Aniruddha Joshi,M Markande,1,0,,,,,,,,,
1244401,2020/21,2021-01-26,"Narendra Modi Stadium Ground 'A', Motera",1,14.3,Karnataka,Punjab,Aniruddha Joshi,P Dubey,M Markande,0,0,,,,,,bowled,Aniruddha Joshi,,
1244401,2020/21,2021-01-26,"Narendra Modi Stadium Ground 'A', Motera",1,14.4,Karnataka,Punjab,A Mithun,P Dubey,M Markande,0,0,,,,,,,,,
1244401,2020/21,2021-01-26,"Narendra Modi Stadium Ground 'A', Motera",1,14.5,Karnataka,Punjab,A Mithun,P Dubey,M Markande,0,0,,,,,,,,,
1244401,2020/21,2021-01-26,"Narendra Modi Stadium Ground 'A', Motera",1,14.6,Karnataka,Punjab,A Mithun,P Dubey,M Markande,1,0,,,,,,,,,
1244401,2020/21,2021-01-26,"Narendra Modi Stadium Ground 'A', Motera",1,15.1,Karnataka,Punjab,A Mithun,P Dubey,Arshdeep Singh,0,0,,,,,,,,,
1244401,2020/21,2021-01-26,"Narendra Modi Stadium Ground 'A', Motera",1,15.2,Karnataka,Punjab,A Mithun,P Dubey,Arshdeep Singh,0,0,,,,,,,,,
1244401,2020/21,2021-01-26,"Narendra Modi Stadium Ground 'A', Motera",1,15.3,Karnataka,Punjab,A Mithun,P Dubey,Arshdeep Singh,1,0,,,,,,,,,
1244401,2020/21,2021-01-26,"Narendra Modi Stadium Ground 'A', Motera",1,15.4,Karnataka,Punjab,P Dubey,A Mithun,Arshdeep Singh,0,0,,,,,,bowled,P Dubey,,
1244401,2020/21,2021-01-26,"Narendra Modi Stadium Ground 'A', Motera",1,15.5,Karnataka,Punjab,Vasuki Koushik,A Mithun,Arshdeep Singh,0,0,,,,,,,,,
1244401,2020/21,2021-01-26,"Narendra Modi Stadium Ground 'A', Motera",1,15.6,Karnataka,Punjab,Vasuki Koushik,A Mithun,Arshdeep Singh,0,0,,,,,,,,,
1244401,2020/21,2021-01-26,"Narendra Modi Stadium Ground 'A', Motera",1,16.1,Karnataka,Punjab,A Mithun,Vasuki Koushik,S Kaul,0,0,,,,,,,,,
1244401,2020/21,2021-01-26,"Narendra Modi Stadium Ground 'A', Motera",1,16.2,Karnataka,Punjab,A Mithun,Vasuki Koushik,S Kaul,0,0,,,,,,caught and bowled,A Mithun,,
1244401,2020/21,2021-01-26,"Narendra Modi Stadium Ground 'A', Motera",1,16.3,Karnataka,Punjab,M Prasidh Krishna,Vasuki Koushik,S Kaul,0,0,,,,,,,,,
1244401,2020/21,2021-01-26,"Narendra Modi Stadium Ground 'A', Motera",1,16.4,Karnataka,Punjab,M Prasidh Krishna,Vasuki Koushik,S Kaul,0,0,,,,,,,,,
1244401,2020/21,2021-01-26,"Narendra Modi Stadium Ground 'A', Motera",1,16.5,Karnataka,Punjab,M Prasidh Krishna,Vasuki Koushik,S Kaul,1,0,,,,,,,,,
1244401,2020/21,2021-01-26,"Narendra Modi Stadium Ground 'A', Motera",1,16.6,Karnataka,Punjab,Vasuki Koushik,M Prasidh Krishna,S Kaul,0,0,,,,,,,,,
1244401,2020/21,2021-01-26,"Narendra Modi Stadium Ground 'A', Motera",1,17.1,Karnataka,Punjab,M Prasidh Krishna,Vasuki Koushik,Sandeep Sharma,0,0,,,,,,,,,
1244401,2020/21,2021-01-26,"Narendra Modi Stadium Ground 'A', Motera",1,17.2,Karnataka,Punjab,M Prasidh Krishna,Vasuki Koushik,Sandeep Sharma,0,0,,,,,,caught and bowled,M Prasidh Krishna,,
1244401,2020/21,2021-01-26,"Narendra Modi Stadium Ground 'A', Motera",2,0.1,Punjab,Karnataka,Abhishek Sharma,P Simran Singh,A Mithun,0,0,,,,,,,,,
1244401,2020/21,2021-01-26,"Narendra Modi Stadium Ground 'A', Motera",2,0.2,Punjab,Karnataka,Abhishek Sharma,P Simran Singh,A Mithun,0,0,,,,,,,,,
1244401,2020/21,2021-01-26,"Narendra Modi Stadium Ground 'A', Motera",2,0.3,Punjab,Karnataka,Abhishek Sharma,P Simran Singh,A Mithun,4,0,,,,,,,,,
1244401,2020/21,2021-01-26,"Narendra Modi Stadium Ground 'A', Motera",2,0.4,Punjab,Karnataka,Abhishek Sharma,P Simran Singh,A Mithun,0,0,,,,,,,,,
1244401,2020/21,2021-01-26,"Narendra Modi Stadium Ground 'A', Motera",2,0.5,Punjab,Karnataka,Abhishek Sharma,P Simran Singh,A Mithun,0,0,,,,,,,,,
1244401,2020/21,2021-01-26,"Narendra Modi Stadium Ground 'A', Motera",2,0.6,Punjab,Karnataka,Abhishek Sharma,P Simran Singh,A Mithun,0,0,,,,,,caught,Abhishek Sharma,,
1244401,2020/21,2021-01-26,"Narendra Modi Stadium Ground 'A', Motera",2,1.1,Punjab,Karnataka,P Simran Singh,Mandeep Singh,M Prasidh Krishna,0,0,,,,,,,,,
1244401,2020/21,2021-01-26,"Narendra Modi Stadium Ground 'A', Motera",2,1.2,Punjab,Karnataka,P Simran Singh,Mandeep Singh,M Prasidh Krishna,4,0,,,,,,,,,
1244401,2020/21,2021-01-26,"Narendra Modi Stadium Ground 'A', Motera",2,1.3,Punjab,Karnataka,P Simran Singh,Mandeep Singh,M Prasidh Krishna,0,0,,,,,,,,,
1244401,2020/21,2021-01-26,"Narendra Modi Stadium Ground 'A', Motera",2,1.4,Punjab,Karnataka,P Simran Singh,Mandeep Singh,M Prasidh Krishna,0,0,,,,,,,,,
1244401,2020/21,2021-01-26,"Narendra Modi Stadium Ground 'A', Motera",2,1.5,Punjab,Karnataka,P Simran Singh,Mandeep Singh,M Prasidh Krishna,1,0,,,,,,,,,
1244401,2020/21,2021-01-26,"Narendra Modi Stadium Ground 'A', Motera",2,1.6,Punjab,Karnataka,Mandeep Singh,P Simran Singh,M Prasidh Krishna,0,0,,,,,,,,,
1244401,2020/21,2021-01-26,"Narendra Modi Stadium Ground 'A', Motera",2,2.1,Punjab,Karnataka,P Simran Singh,Mandeep Singh,A Mithun,2,0,,,,,,,,,
1244401,2020/21,2021-01-26,"Narendra Modi Stadium Ground 'A', Motera",2,2.2,Punjab,Karnataka,P Simran Singh,Mandeep Singh,A Mithun,1,0,,,,,,,,,
1244401,2020/21,2021-01-26,"Narendra Modi Stadium Ground 'A', Motera",2,2.3,Punjab,Karnataka,Mandeep Singh,P Simran Singh,A Mithun,0,0,,,,,,,,,
1244401,2020/21,2021-01-26,"Narendra Modi Stadium Ground 'A', Motera",2,2.4,Punjab,Karnataka,Mandeep Singh,P Simran Singh,A Mithun,0,0,,,,,,,,,
1244401,2020/21,2021-01-26,"Narendra Modi Stadium Ground 'A', Motera",2,2.5,Punjab,Karnataka,Mandeep Singh,P Simran Singh,A Mithun,0,0,,,,,,,,,
1244401,2020/21,2021-01-26,"Narendra Modi Stadium Ground 'A', Motera",2,2.6,Punjab,Karnataka,Mandeep Singh,P Simran Singh,A Mithun,4,0,,,,,,,,,
1244401,2020/21,2021-01-26,"Narendra Modi Stadium Ground 'A', Motera",2,3.1,Punjab,Karnataka,P Simran Singh,Mandeep Singh,Vasuki Koushik,0,0,,,,,,,,,
1244401,2020/21,2021-01-26,"Narendra Modi Stadium Ground 'A', Motera",2,3.2,Punjab,Karnataka,P Simran Singh,Mandeep Singh,Vasuki Koushik,2,0,,,,,,,,,
1244401,2020/21,2021-01-26,"Narendra Modi Stadium Ground 'A', Motera",2,3.3,Punjab,Karnataka,P Simran Singh,Mandeep Singh,Vasuki Koushik,0,0,,,,,,,,,
1244401,2020/21,2021-01-26,"Narendra Modi Stadium Ground 'A', Motera",2,3.4,Punjab,Karnataka,P Simran Singh,Mandeep Singh,Vasuki Koushik,0,0,,,,,,,,,
1244401,2020/21,2021-01-26,"Narendra Modi Stadium Ground 'A', Motera",2,3.5,Punjab,Karnataka,P Simran Singh,Mandeep Singh,Vasuki Koushik,6,0,,,,,,,,,
1244401,2020/21,2021-01-26,"Narendra Modi Stadium Ground 'A', Motera",2,3.6,Punjab,Karnataka,P Simran Singh,Mandeep Singh,Vasuki Koushik,0,0,,,,,,,,,
1244401,2020/21,2021-01-26,"Narendra Modi Stadium Ground 'A', Motera",2,4.1,Punjab,Karnataka,Mandeep Singh,P Simran Singh,M Prasidh Krishna,0,0,,,,,,,,,
1244401,2020/21,2021-01-26,"Narendra Modi Stadium Ground 'A', Motera",2,4.2,Punjab,Karnataka,Mandeep Singh,P Simran Singh,M Prasidh Krishna,0,0,,,,,,,,,
1244401,2020/21,2021-01-26,"Narendra Modi Stadium Ground 'A', Motera",2,4.3,Punjab,Karnataka,Mandeep Singh,P Simran Singh,M Prasidh Krishna,1,0,,,,,,,,,
1244401,2020/21,2021-01-26,"Narendra Modi Stadium Ground 'A', Motera",2,4.4,Punjab,Karnataka,P Simran Singh,Mandeep Singh,M Prasidh Krishna,0,0,,,,,,,,,
1244401,2020/21,2021-01-26,"Narendra Modi Stadium Ground 'A', Motera",2,4.5,Punjab,Karnataka,P Simran Singh,Mandeep Singh,M Prasidh Krishna,6,0,,,,,,,,,
1244401,2020/21,2021-01-26,"Narendra Modi Stadium Ground 'A', Motera",2,4.6,Punjab,Karnataka,P Simran Singh,Mandeep Singh,M Prasidh Krishna,0,0,,,,,,,,,
1244401,2020/21,2021-01-26,"Narendra Modi Stadium Ground 'A', Motera",2,5.1,Punjab,Karnataka,Mandeep Singh,P Simran Singh,Vasuki Koushik,0,0,,,,,,,,,
1244401,2020/21,2021-01-26,"Narendra Modi Stadium Ground 'A', Motera",2,5.2,Punjab,Karnataka,Mandeep Singh,P Simran Singh,Vasuki Koushik,4,0,,,,,,,,,
1244401,2020/21,2021-01-26,"Narendra Modi Stadium Ground 'A', Motera",2,5.3,Punjab,Karnataka,Mandeep Singh,P Simran Singh,Vasuki Koushik,4,0,,,,,,,,,
1244401,2020/21,2021-01-26,"Narendra Modi Stadium Ground 'A', Motera",2,5.4,Punjab,Karnataka,Mandeep Singh,P Simran Singh,Vasuki Koushik,0,0,,,,,,,,,
1244401,2020/21,2021-01-26,"Narendra Modi Stadium Ground 'A', Motera",2,5.5,Punjab,Karnataka,Mandeep Singh,P Simran Singh,Vasuki Koushik,0,0,,,,,,,,,
1244401,2020/21,2021-01-26,"Narendra Modi Stadium Ground 'A', Motera",2,5.6,Punjab,Karnataka,Mandeep Singh,P Simran Singh,Vasuki Koushik,1,0,,,,,,,,,
1244401,2020/21,2021-01-26,"Narendra Modi Stadium Ground 'A', Motera",2,6.1,Punjab,Karnataka,Mandeep Singh,P Simran Singh,S Gopal,0,1,,,,1,,,,,
1244401,2020/21,2021-01-26,"Narendra Modi Stadium Ground 'A', Motera",2,6.2,Punjab,Karnataka,P Simran Singh,Mandeep Singh,S Gopal,1,0,,,,,,,,,
1244401,2020/21,2021-01-26,"Narendra Modi Stadium Ground 'A', Motera",2,6.3,Punjab,Karnataka,Mandeep Singh,P Simran Singh,S Gopal,1,0,,,,,,,,,
1244401,2020/21,2021-01-26,"Narendra Modi Stadium Ground 'A', Motera",2,6.4,Punjab,Karnataka,P Simran Singh,Mandeep Singh,S Gopal,1,0,,,,,,,,,
1244401,2020/21,2021-01-26,"Narendra Modi Stadium Ground 'A', Motera",2,6.5,Punjab,Karnataka,Mandeep Singh,P Simran Singh,S Gopal,1,0,,,,,,,,,
1244401,2020/21,2021-01-26,"Narendra Modi Stadium Ground 'A', Motera",2,6.6,Punjab,Karnataka,P Simran Singh,Mandeep Singh,S Gopal,1,0,,,,,,,,,
1244401,2020/21,2021-01-26,"Narendra Modi Stadium Ground 'A', Motera",2,7.1,Punjab,Karnataka,P Simran Singh,Mandeep Singh,P Dubey,0,0,,,,,,,,,
1244401,2020/21,2021-01-26,"Narendra Modi Stadium Ground 'A', Motera",2,7.2,Punjab,Karnataka,P Simran Singh,Mandeep Singh,P Dubey,1,0,,,,,,,,,
1244401,2020/21,2021-01-26,"Narendra Modi Stadium Ground 'A', Motera",2,7.3,Punjab,Karnataka,Mandeep Singh,P Simran Singh,P Dubey,1,0,,,,,,,,,
1244401,2020/21,2021-01-26,"Narendra Modi Stadium Ground 'A', Motera",2,7.4,Punjab,Karnataka,P Simran Singh,Mandeep Singh,P Dubey,2,0,,,,,,,,,
1244401,2020/21,2021-01-26,"Narendra Modi Stadium Ground 'A', Motera",2,7.5,Punjab,Karnataka,P Simran Singh,Mandeep Singh,P Dubey,1,0,,,,,,,,,
1244401,2020/21,2021-01-26,"Narendra Modi Stadium Ground 'A', Motera",2,7.6,Punjab,Karnataka,Mandeep Singh,P Simran Singh,P Dubey,4,0,,,,,,,,,
1244401,2020/21,2021-01-26,"Narendra Modi Stadium Ground 'A', Motera",2,8.1,Punjab,Karnataka,P Simran Singh,Mandeep Singh,S Gopal,2,0,,,,,,,,,
1244401,2020/21,2021-01-26,"Narendra Modi Stadium Ground 'A', Motera",2,8.2,Punjab,Karnataka,P Simran Singh,Mandeep Singh,S Gopal,0,0,,,,,,,,,
1244401,2020/21,2021-01-26,"Narendra Modi Stadium Ground 'A', Motera",2,8.3,Punjab,Karnataka,P Simran Singh,Mandeep Singh,S Gopal,1,0,,,,,,,,,
1244401,2020/21,2021-01-26,"Narendra Modi Stadium Ground 'A', Motera",2,8.4,Punjab,Karnataka,Mandeep Singh,P Simran Singh,S Gopal,0,0,,,,,,,,,
1244401,2020/21,2021-01-26,"Narendra Modi Stadium Ground 'A', Motera",2,8.5,Punjab,Karnataka,Mandeep Singh,P Simran Singh,S Gopal,1,0,,,,,,,,,
1244401,2020/21,2021-01-26,"Narendra Modi Stadium Ground 'A', Motera",2,8.6,Punjab,Karnataka,P Simran Singh,Mandeep Singh,S Gopal,1,0,,,,,,,,,
1244401,2020/21,2021-01-26,"Narendra Modi Stadium Ground 'A', Motera",2,9.1,Punjab,Karnataka,P Simran Singh,Mandeep Singh,J Suchith,1,0,,,,,,,,,
1244401,2020/21,2021-01-26,"Narendra Modi Stadium Ground 'A', Motera",2,9.2,Punjab,Karnataka,Mandeep Singh,P Simran Singh,J Suchith,0,0,,,,,,,,,
1244401,2020/21,2021-01-26,"Narendra Modi Stadium Ground 'A', Motera",2,9.3,Punjab,Karnataka,Mandeep Singh,P Simran Singh,J Suchith,0,0,,,,,,,,,
1244401,2020/21,2021-01-26,"Narendra Modi Stadium Ground 'A', Motera",2,9.4,Punjab,Karnataka,Mandeep Singh,P Simran Singh,J Suchith,1,0,,,,,,,,,
1244401,2020/21,2021-01-26,"Narendra Modi Stadium Ground 'A', Motera",2,9.5,Punjab,Karnataka,P Simran Singh,Mandeep Singh,J Suchith,1,0,,,,,,,,,
1244401,2020/21,2021-01-26,"Narendra Modi Stadium Ground 'A', Motera",2,9.6,Punjab,Karnataka,Mandeep Singh,P Simran Singh,J Suchith,1,0,,,,,,,,,
1244401,2020/21,2021-01-26,"Narendra Modi Stadium Ground 'A', Motera",2,10.1,Punjab,Karnataka,Mandeep Singh,P Simran Singh,M Prasidh Krishna,0,0,,,,,,,,,
1244401,2020/21,2021-01-26,"Narendra Modi Stadium Ground 'A', Motera",2,10.2,Punjab,Karnataka,Mandeep Singh,P Simran Singh,M Prasidh Krishna,2,0,,,,,,,,,
1244401,2020/21,2021-01-26,"Narendra Modi Stadium Ground 'A', Motera",2,10.3,Punjab,Karnataka,Mandeep Singh,P Simran Singh,M Prasidh Krishna,6,0,,,,,,,,,
1244401,2020/21,2021-01-26,"Narendra Modi Stadium Ground 'A', Motera",2,10.4,Punjab,Karnataka,Mandeep Singh,P Simran Singh,M Prasidh Krishna,0,0,,,,,,,,,
1244401,2020/21,2021-01-26,"Narendra Modi Stadium Ground 'A', Motera",2,10.5,Punjab,Karnataka,Mandeep Singh,P Simran Singh,M Prasidh Krishna,2,0,,,,,,,,,
1244401,2020/21,2021-01-26,"Narendra Modi Stadium Ground 'A', Motera",2,10.6,Punjab,Karnataka,Mandeep Singh,P Simran Singh,M Prasidh Krishna,0,0,,,,,,,,,
1244401,2020/21,2021-01-26,"Narendra Modi Stadium Ground 'A', Motera",2,11.1,Punjab,Karnataka,P Simran Singh,Mandeep Singh,J Suchith,0,0,,,,,,,,,
1244401,2020/21,2021-01-26,"Narendra Modi Stadium Ground 'A', Motera",2,11.2,Punjab,Karnataka,P Simran Singh,Mandeep Singh,J Suchith,4,0,,,,,,,,,
1244401,2020/21,2021-01-26,"Narendra Modi Stadium Ground 'A', Motera",2,11.3,Punjab,Karnataka,P Simran Singh,Mandeep Singh,J Suchith,0,0,,,,,,,,,
1244401,2020/21,2021-01-26,"Narendra Modi Stadium Ground 'A', Motera",2,11.4,Punjab,Karnataka,P Simran Singh,Mandeep Singh,J Suchith,0,0,,,,,,,,,
1244401,2020/21,2021-01-26,"Narendra Modi Stadium Ground 'A', Motera",2,11.5,Punjab,Karnataka,P Simran Singh,Mandeep Singh,J Suchith,2,0,,,,,,,,,
1244401,2020/21,2021-01-26,"Narendra Modi Stadium Ground 'A', Motera",2,11.6,Punjab,Karnataka,P Simran Singh,Mandeep Singh,J Suchith,2,0,,,,,,,,,
1244401,2020/21,2021-01-26,"Narendra Modi Stadium Ground 'A', Motera",2,12.1,Punjab,Karnataka,Mandeep Singh,P Simran Singh,S Gopal,0,0,,,,,,,,,
1244401,2020/21,2021-01-26,"Narendra Modi Stadium Ground 'A', Motera",2,12.2,Punjab,Karnataka,Mandeep Singh,P Simran Singh,S Gopal,1,0,,,,,,,,,
1244401,2020/21,2021-01-26,"Narendra Modi Stadium Ground 'A', Motera",2,12.3,Punjab,Karnataka,P Simran Singh,Mandeep Singh,S Gopal,0,0,,,,,,,,,
1244401,2020/21,2021-01-26,"Narendra Modi Stadium Ground 'A', Motera",2,12.4,Punjab,Karnataka,P Simran Singh,Mandeep Singh,S Gopal,6,0,,,,,,,,,
