match_id,season,start_date,venue,innings,ball,batting_team,bowling_team,striker,non_striker,bowler,runs_off_bat,extras,wides,noballs,byes,legbyes,penalty,wicket_type,player_dismissed,other_wicket_type,other_player_dismissed
1244313,2020/21,2021-01-10,F B Colony Ground,1,0.1,Himachal,Chhattisgarh,RI Thakur,P Chopra,V Pratap Singh,0,0,,,,,,,,,
1244313,2020/21,2021-01-10,F B Colony Ground,1,0.2,Himachal,Chhattisgarh,RI Thakur,P Chopra,V Pratap Singh,0,0,,,,,,,,,
1244313,2020/21,2021-01-10,F B Colony Ground,1,0.3,Himachal,Chhattisgarh,RI Thakur,P Chopra,V Pratap Singh,1,0,,,,,,,,,
1244313,2020/21,2021-01-10,F B Colony Ground,1,0.4,Himachal,Chhattisgarh,P Chopra,RI Thakur,V Pratap Singh,0,0,,,,,,,,,
1244313,2020/21,2021-01-10,F B Colony Ground,1,0.5,Himachal,Chhattisgarh,P Chopra,RI Thakur,V Pratap Singh,0,0,,,,,,,,,
1244313,2020/21,2021-01-10,F B Colony Ground,1,0.6,Himachal,Chhattisgarh,P Chopra,RI Thakur,V Pratap Singh,1,0,,,,,,,,,
1244313,2020/21,2021-01-10,F B Colony Ground,1,1.1,Himachal,Chhattisgarh,P Chopra,RI Thakur,Ravi Kiran,0,0,,,,,,,,,
1244313,2020/21,2021-01-10,F B Colony Ground,1,1.2,Himachal,Chhattisgarh,P Chopra,RI Thakur,Ravi Kiran,0,0,,,,,,,,,
1244313,2020/21,2021-01-10,F B Colony Ground,1,1.3,Himachal,Chhattisgarh,P Chopra,RI Thakur,Ravi Kiran,1,0,,,,,,,,,
1244313,2020/21,2021-01-10,F B Colony Ground,1,1.4,Himachal,Chhattisgarh,RI Thakur,P Chopra,Ravi Kiran,0,0,,,,,,,,,
1244313,2020/21,2021-01-10,F B Colony Ground,1,1.5,Himachal,Chhattisgarh,RI Thakur,P Chopra,Ravi Kiran,0,0,,,,,,,,,
1244313,2020/21,2021-01-10,F B Colony Ground,1,1.6,Himachal,Chhattisgarh,RI Thakur,P Chopra,Ravi Kiran,2,0,,,,,,,,,
1244313,2020/21,2021-01-10,F B Colony Ground,1,2.1,Himachal,Chhattisgarh,P Chopra,RI Thakur,V Pratap Singh,1,0,,,,,,,,,
1244313,2020/21,2021-01-10,F B Colony Ground,1,2.2,Himachal,Chhattisgarh,RI Thakur,P Chopra,V Pratap Singh,0,0,,,,,,,,,
1244313,2020/21,2021-01-10,F B Colony Ground,1,2.3,Himachal,Chhattisgarh,RI Thakur,P Chopra,V Pratap Singh,1,0,,,,,,,,,
1244313,2020/21,2021-01-10,F B Colony Ground,1,2.4,Himachal,Chhattisgarh,P Chopra,RI Thakur,V Pratap Singh,1,0,,,,,,,,,
1244313,2020/21,2021-01-10,F B Colony Ground,1,2.5,Himachal,Chhattisgarh,RI Thakur,P Chopra,V Pratap Singh,4,0,,,,,,,,,
1244313,2020/21,2021-01-10,F B Colony Ground,1,2.6,Himachal,Chhattisgarh,RI Thakur,P Chopra,V Pratap Singh,4,0,,,,,,,,,
1244313,2020/21,2021-01-10,F B Colony Ground,1,3.1,Himachal,Chhattisgarh,P Chopra,RI Thakur,AG Rao,0,0,,,,,,,,,
1244313,2020/21,2021-01-10,F B Colony Ground,1,3.2,Himachal,Chhattisgarh,P Chopra,RI Thakur,AG Rao,0,1,1,,,,,,,,
1244313,2020/21,2021-01-10,F B Colony Ground,1,3.3,Himachal,Chhattisgarh,P Chopra,RI Thakur,AG Rao,0,0,,,,,,,,,
1244313,2020/21,2021-01-10,F B Colony Ground,1,3.4,Himachal,Chhattisgarh,P Chopra,RI Thakur,AG Rao,6,0,,,,,,,,,
1244313,2020/21,2021-01-10,F B Colony Ground,1,3.5,Himachal,Chhattisgarh,P Chopra,RI Thakur,AG Rao,1,0,,,,,,,,,
1244313,2020/21,2021-01-10,F B Colony Ground,1,3.6,Himachal,Chhattisgarh,RI Thakur,P Chopra,AG Rao,0,1,,,,1,,,,,
1244313,2020/21,2021-01-10,F B Colony Ground,1,3.7,Himachal,Chhattisgarh,P Chopra,RI Thakur,AG Rao,0,1,1,,,,,,,,
1244313,2020/21,2021-01-10,F B Colony Ground,1,3.8,Himachal,Chhattisgarh,P Chopra,RI Thakur,AG Rao,1,0,,,,,,,,,
1244313,2020/21,2021-01-10,F B Colony Ground,1,4.1,Himachal,Chhattisgarh,P Chopra,RI Thakur,Ajay Mandal,0,0,,,,,,,,,
1244313,2020/21,2021-01-10,F B Colony Ground,1,4.2,Himachal,Chhattisgarh,P Chopra,RI Thakur,Ajay Mandal,1,0,,,,,,,,,
1244313,2020/21,2021-01-10,F B Colony Ground,1,4.3,Himachal,Chhattisgarh,RI Thakur,P Chopra,Ajay Mandal,1,0,,,,,,,,,
1244313,2020/21,2021-01-10,F B Colony Ground,1,4.4,Himachal,Chhattisgarh,P Chopra,RI Thakur,Ajay Mandal,1,0,,,,,,,,,
1244313,2020/21,2021-01-10,F B Colony Ground,1,4.5,Himachal,Chhattisgarh,RI Thakur,P Chopra,Ajay Mandal,4,0,,,,,,,,,
1244313,2020/21,2021-01-10,F B Colony Ground,1,4.6,Himachal,Chhattisgarh,RI Thakur,P Chopra,Ajay Mandal,1,0,,,,,,,,,
1244313,2020/21,2021-01-10,F B Colony Ground,1,5.1,Himachal,Chhattisgarh,RI Thakur,P Chopra,Ravi Kiran,4,0,,,,,,,,,
1244313,2020/21,2021-01-10,F B Colony Ground,1,5.2,Himachal,Chhattisgarh,RI Thakur,P Chopra,Ravi Kiran,0,0,,,,,,,,,
1244313,2020/21,2021-01-10,F B Colony Ground,1,5.3,Himachal,Chhattisgarh,RI Thakur,P Chopra,Ravi Kiran,0,0,,,,,,,,,
1244313,2020/21,2021-01-10,F B Colony Ground,1,5.4,Himachal,Chhattisgarh,RI Thakur,P Chopra,Ravi Kiran,0,0,,,,,,,,,
1244313,2020/21,2021-01-10,F B Colony Ground,1,5.5,Himachal,Chhattisgarh,RI Thakur,P Chopra,Ravi Kiran,1,0,,,,,,,,,
1244313,2020/21,2021-01-10,F B Colony Ground,1,5.6,Himachal,Chhattisgarh,P Chopra,RI Thakur,Ravi Kiran,4,0,,,,,,,,,
1244313,2020/21,2021-01-10,F B Colony Ground,1,6.1,Himachal,Chhattisgarh,RI Thakur,P Chopra,Sumit Ruikar,1,0,,,,,,,,,
1244313,2020/21,2021-01-10,F B Colony Ground,1,6.2,Himachal,Chhattisgarh,P Chopra,RI Thakur,Sumit Ruikar,0,0,,,,,,,,,
1244313,2020/21,2021-01-10,F B Colony Ground,1,6.3,Himachal,Chhattisgarh,P Chopra,RI Thakur,Sumit Ruikar,0,0,,,,,,,,,
1244313,2020/21,2021-01-10,F B Colony Ground,1,6.4,Himachal,Chhattisgarh,P Chopra,RI Thakur,Sumit Ruikar,1,0,,,,,,,,,
1244313,2020/21,2021-01-10,F B Colony Ground,1,6.5,Himachal,Chhattisgarh,RI Thakur,P Chopra,Sumit Ruikar,1,0,,,,,,,,,
1244313,2020/21,2021-01-10,F B Colony Ground,1,6.6,Himachal,Chhattisgarh,P Chopra,RI Thakur,Sumit Ruikar,1,0,,,,,,,,,
1244313,2020/21,2021-01-10,F B Colony Ground,1,7.1,Himachal,Chhattisgarh,P Chopra,RI Thakur,Shashank Singh,0,0,,,,,,,,,
1244313,2020/21,2021-01-10,F B Colony Ground,1,7.2,Himachal,Chhattisgarh,P Chopra,RI Thakur,Shashank Singh,1,0,,,,,,,,,
1244313,2020/21,2021-01-10,F B Colony Ground,1,7.3,Himachal,Chhattisgarh,RI Thakur,P Chopra,Shashank Singh,6,0,,,,,,,,,
1244313,2020/21,2021-01-10,F B Colony Ground,1,7.4,Himachal,Chhattisgarh,RI Thakur,P Chopra,Shashank Singh,4,0,,,,,,,,,
1244313,2020/21,2021-01-10,F B Colony Ground,1,7.5,Himachal,Chhattisgarh,RI Thakur,P Chopra,Shashank Singh,1,0,,,,,,,,,
1244313,2020/21,2021-01-10,F B Colony Ground,1,7.6,Himachal,Chhattisgarh,P Chopra,RI Thakur,Shashank Singh,0,1,,,,1,,,,,
1244313,2020/21,2021-01-10,F B Colony Ground,1,8.1,Himachal,Chhattisgarh,P Chopra,RI Thakur,Sumit Ruikar,0,0,,,,,,,,,
1244313,2020/21,2021-01-10,F B Colony Ground,1,8.2,Himachal,Chhattisgarh,P Chopra,RI Thakur,Sumit Ruikar,6,0,,,,,,,,,
1244313,2020/21,2021-01-10,F B Colony Ground,1,8.3,Himachal,Chhattisgarh,P Chopra,RI Thakur,Sumit Ruikar,1,0,,,,,,,,,
1244313,2020/21,2021-01-10,F B Colony Ground,1,8.4,Himachal,Chhattisgarh,RI Thakur,P Chopra,Sumit Ruikar,1,0,,,,,,,,,
1244313,2020/21,2021-01-10,F B Colony Ground,1,8.5,Himachal,Chhattisgarh,P Chopra,RI Thakur,Sumit Ruikar,0,1,,,,1,,,,,
1244313,2020/21,2021-01-10,F B Colony Ground,1,8.6,Himachal,Chhattisgarh,RI Thakur,P Chopra,Sumit Ruikar,0,0,,,,,,,,,
1244313,2020/21,2021-01-10,F B Colony Ground,1,9.1,Himachal,Chhattisgarh,P Chopra,RI Thakur,Ajay Mandal,0,0,,,,,,,,,
1244313,2020/21,2021-01-10,F B Colony Ground,1,9.2,Himachal,Chhattisgarh,P Chopra,RI Thakur,Ajay Mandal,0,0,,,,,,caught,P Chopra,,
1244313,2020/21,2021-01-10,F B Colony Ground,1,9.3,Himachal,Chhattisgarh,AR Kumar,RI Thakur,Ajay Mandal,1,0,,,,,,,,,
1244313,2020/21,2021-01-10,F B Colony Ground,1,9.4,Himachal,Chhattisgarh,RI Thakur,AR Kumar,Ajay Mandal,1,0,,,,,,,,,
1244313,2020/21,2021-01-10,F B Colony Ground,1,9.5,Himachal,Chhattisgarh,AR Kumar,RI Thakur,Ajay Mandal,1,0,,,,,,,,,
1244313,2020/21,2021-01-10,F B Colony Ground,1,9.6,Himachal,Chhattisgarh,RI Thakur,AR Kumar,Ajay Mandal,6,0,,,,,,,,,
1244313,2020/21,2021-01-10,F B Colony Ground,1,10.1,Himachal,Chhattisgarh,AR Kumar,RI Thakur,Sumit Ruikar,0,0,,,,,,,,,
1244313,2020/21,2021-01-10,F B Colony Ground,1,10.2,Himachal,Chhattisgarh,AR Kumar,RI Thakur,Sumit Ruikar,1,0,,,,,,,,,
1244313,2020/21,2021-01-10,F B Colony Ground,1,10.3,Himachal,Chhattisgarh,RI Thakur,AR Kumar,Sumit Ruikar,6,0,,,,,,,,,
1244313,2020/21,2021-01-10,F B Colony Ground,1,10.4,Himachal,Chhattisgarh,RI Thakur,AR Kumar,Sumit Ruikar,2,0,,,,,,,,,
1244313,2020/21,2021-01-10,F B Colony Ground,1,10.5,Himachal,Chhattisgarh,RI Thakur,AR Kumar,Sumit Ruikar,0,0,,,,,,,,,
1244313,2020/21,2021-01-10,F B Colony Ground,1,10.6,Himachal,Chhattisgarh,RI Thakur,AR Kumar,Sumit Ruikar,1,0,,,,,,,,,
1244313,2020/21,2021-01-10,F B Colony Ground,1,11.1,Himachal,Chhattisgarh,RI Thakur,AR Kumar,Vishal Kushwah,0,1,,,,1,,,,,
1244313,2020/21,2021-01-10,F B Colony Ground,1,11.2,Himachal,Chhattisgarh,AR Kumar,RI Thakur,Vishal Kushwah,4,0,,,,,,,,,
1244313,2020/21,2021-01-10,F B Colony Ground,1,11.3,Himachal,Chhattisgarh,AR Kumar,RI Thakur,Vishal Kushwah,1,0,,,,,,,,,
1244313,2020/21,2021-01-10,F B Colony Ground,1,11.4,Himachal,Chhattisgarh,RI Thakur,AR Kumar,Vishal Kushwah,0,0,,,,,,,,,
1244313,2020/21,2021-01-10,F B Colony Ground,1,11.5,Himachal,Chhattisgarh,RI Thakur,AR Kumar,Vishal Kushwah,0,0,,,,,,,,,
1244313,2020/21,2021-01-10,F B Colony Ground,1,11.6,Himachal,Chhattisgarh,RI Thakur,AR Kumar,Vishal Kushwah,0,0,,,,,,caught,RI Thakur,,
1244313,2020/21,2021-01-10,F B Colony Ground,1,12.1,Himachal,Chhattisgarh,AR Kumar,Akash Vasisht,AG Rao,1,0,,,,,,,,,
1244313,2020/21,2021-01-10,F B Colony Ground,1,12.2,Himachal,Chhattisgarh,Akash Vasisht,AR Kumar,AG Rao,2,0,,,,,,,,,
1244313,2020/21,2021-01-10,F B Colony Ground,1,12.3,Himachal,Chhattisgarh,Akash Vasisht,AR Kumar,AG Rao,1,0,,,,,,,,,
1244313,2020/21,2021-01-10,F B Colony Ground,1,12.4,Himachal,Chhattisgarh,AR Kumar,Akash Vasisht,AG Rao,1,0,,,,,,,,,
1244313,2020/21,2021-01-10,F B Colony Ground,1,12.5,Himachal,Chhattisgarh,Akash Vasisht,AR Kumar,AG Rao,0,0,,,,,,,,,
1244313,2020/21,2021-01-10,F B Colony Ground,1,12.6,Himachal,Chhattisgarh,Akash Vasisht,AR Kumar,AG Rao,0,1,1,,,,,,,,
1244313,2020/21,2021-01-10,F B Colony Ground,1,12.7,Himachal,Chhattisgarh,Akash Vasisht,AR Kumar,AG Rao,1,0,,,,,,,,,
1244313,2020/21,2021-01-10,F B Colony Ground,1,13.1,Himachal,Chhattisgarh,Akash Vasisht,AR Kumar,Vishal Kushwah,1,0,,,,,,,,,
1244313,2020/21,2021-01-10,F B Colony Ground,1,13.2,Himachal,Chhattisgarh,AR Kumar,Akash Vasisht,Vishal Kushwah,1,0,,,,,,,,,
1244313,2020/21,2021-01-10,F B Colony Ground,1,13.3,Himachal,Chhattisgarh,Akash Vasisht,AR Kumar,Vishal Kushwah,2,0,,,,,,,,,
1244313,2020/21,2021-01-10,F B Colony Ground,1,13.4,Himachal,Chhattisgarh,Akash Vasisht,AR Kumar,Vishal Kushwah,1,0,,,,,,,,,
1244313,2020/21,2021-01-10,F B Colony Ground,1,13.5,Himachal,Chhattisgarh,AR Kumar,Akash Vasisht,Vishal Kushwah,0,0,,,,,,caught,AR Kumar,,
1244313,2020/21,2021-01-10,F B Colony Ground,1,13.6,Himachal,Chhattisgarh,R Dhawan,Akash Vasisht,Vishal Kushwah,1,0,,,,,,,,,
1244313,2020/21,2021-01-10,F B Colony Ground,1,14.1,Himachal,Chhattisgarh,R Dhawan,Akash Vasisht,AG Rao,0,0,,,,,,caught,R Dhawan,,
1244313,2020/21,2021-01-10,F B Colony Ground,1,14.2,Himachal,Chhattisgarh,N A Sharma,Akash Vasisht,AG Rao,0,0,,,,,,,,,
1244313,2020/21,2021-01-10,F B Colony Ground,1,14.3,Himachal,Chhattisgarh,N A Sharma,Akash Vasisht,AG Rao,4,0,,,,,,,,,
1244313,2020/21,2021-01-10,F B Colony Ground,1,14.4,Himachal,Chhattisgarh,N A Sharma,Akash Vasisht,AG Rao,1,0,,,,,,,,,
1244313,2020/21,2021-01-10,F B Colony Ground,1,14.5,Himachal,Chhattisgarh,Akash Vasisht,N A Sharma,AG Rao,1,0,,,,,,,,,
1244313,2020/21,2021-01-10,F B Colony Ground,1,14.6,Himachal,Chhattisgarh,N A Sharma,Akash Vasisht,AG Rao,1,0,,,,,,,,,
1244313,2020/21,2021-01-10,F B Colony Ground,1,15.1,Himachal,Chhattisgarh,N A Sharma,Akash Vasisht,Vishal Kushwah,0,0,,,,,,,,,
1244313,2020/21,2021-01-10,F B Colony Ground,1,15.2,Himachal,Chhattisgarh,N A Sharma,Akash Vasisht,Vishal Kushwah,0,0,,,,,,caught,N A Sharma,,
1244313,2020/21,2021-01-10,F B Colony Ground,1,15.3,Himachal,Chhattisgarh,EC Sen,Akash Vasisht,Vishal Kushwah,1,0,,,,,,,,,
1244313,2020/21,2021-01-10,F B Colony Ground,1,15.4,Himachal,Chhattisgarh,Akash Vasisht,EC Sen,Vishal Kushwah,1,0,,,,,,,,,
1244313,2020/21,2021-01-10,F B Colony Ground,1,15.5,Himachal,Chhattisgarh,EC Sen,Akash Vasisht,Vishal Kushwah,4,0,,,,,,,,,
1244313,2020/21,2021-01-10,F B Colony Ground,1,15.6,Himachal,Chhattisgarh,EC Sen,Akash Vasisht,Vishal Kushwah,1,0,,,,,,,,,
1244313,2020/21,2021-01-10,F B Colony Ground,1,16.1,Himachal,Chhattisgarh,EC Sen,Akash Vasisht,V Pratap Singh,1,0,,,,,,,,,
1244313,2020/21,2021-01-10,F B Colony Ground,1,16.2,Himachal,Chhattisgarh,Akash Vasisht,EC Sen,V Pratap Singh,1,0,,,,,,,,,
1244313,2020/21,2021-01-10,F B Colony Ground,1,16.3,Himachal,Chhattisgarh,EC Sen,Akash Vasisht,V Pratap Singh,1,0,,,,,,,,,
1244313,2020/21,2021-01-10,F B Colony Ground,1,16.4,Himachal,Chhattisgarh,Akash Vasisht,EC Sen,V Pratap Singh,2,0,,,,,,,,,
1244313,2020/21,2021-01-10,F B Colony Ground,1,16.5,Himachal,Chhattisgarh,Akash Vasisht,EC Sen,V Pratap Singh,0,1,,,1,,,,,,
1244313,2020/21,2021-01-10,F B Colony Ground,1,16.6,Himachal,Chhattisgarh,EC Sen,Akash Vasisht,V Pratap Singh,0,1,1,,,,,,,,
1244313,2020/21,2021-01-10,F B Colony Ground,1,16.7,Himachal,Chhattisgarh,EC Sen,Akash Vasisht,V Pratap Singh,0,1,1,,,,,,,,
1244313,2020/21,2021-01-10,F B Colony Ground,1,16.8,Himachal,Chhattisgarh,EC Sen,Akash Vasisht,V Pratap Singh,0,1,,,,1,,,,,
1244313,2020/21,2021-01-10,F B Colony Ground,1,17.1,Himachal,Chhattisgarh,EC Sen,Akash Vasisht,Ravi Kiran,6,0,,,,,,,,,
1244313,2020/21,2021-01-10,F B Colony Ground,1,17.2,Himachal,Chhattisgarh,EC Sen,Akash Vasisht,Ravi Kiran,1,0,,,,,,,,,
1244313,2020/21,2021-01-10,F B Colony Ground,1,17.3,Himachal,Chhattisgarh,Akash Vasisht,EC Sen,Ravi Kiran,1,0,,,,,,,,,
1244313,2020/21,2021-01-10,F B Colony Ground,1,17.4,Himachal,Chhattisgarh,EC Sen,Akash Vasisht,Ravi Kiran,2,0,,,,,,,,,
1244313,2020/21,2021-01-10,F B Colony Ground,1,17.5,Himachal,Chhattisgarh,EC Sen,Akash Vasisht,Ravi Kiran,0,0,,,,,,,,,
1244313,2020/21,2021-01-10,F B Colony Ground,1,17.6,Himachal,Chhattisgarh,EC Sen,Akash Vasisht,Ravi Kiran,1,0,,,,,,,,,
1244313,2020/21,2021-01-10,F B Colony Ground,1,18.1,Himachal,Chhattisgarh,EC Sen,Akash Vasisht,V Pratap Singh,6,0,,,,,,,,,
1244313,2020/21,2021-01-10,F B Colony Ground,1,18.2,Himachal,Chhattisgarh,EC Sen,Akash Vasisht,V Pratap Singh,2,0,,,,,,,,,
1244313,2020/21,2021-01-10,F B Colony Ground,1,18.3,Himachal,Chhattisgarh,EC Sen,Akash Vasisht,V Pratap Singh,1,0,,,,,,,,,
1244313,2020/21,2021-01-10,F B Colony Ground,1,18.4,Himachal,Chhattisgarh,Akash Vasisht,EC Sen,V Pratap Singh,4,0,,,,,,,,,
1244313,2020/21,2021-01-10,F B Colony Ground,1,18.5,Himachal,Chhattisgarh,Akash Vasisht,EC Sen,V Pratap Singh,1,0,,,,,,,,,
1244313,2020/21,2021-01-10,F B Colony Ground,1,18.6,Himachal,Chhattisgarh,EC Sen,Akash Vasisht,V Pratap Singh,4,0,,,,,,,,,
1244313,2020/21,2021-01-10,F B Colony Ground,1,19.1,Himachal,Chhattisgarh,Akash Vasisht,EC Sen,Ravi Kiran,1,0,,,,,,,,,
1244313,2020/21,2021-01-10,F B Colony Ground,1,19.2,Himachal,Chhattisgarh,EC Sen,Akash Vasisht,Ravi Kiran,1,0,,,,,,,,,
1244313,2020/21,2021-01-10,F B Colony Ground,1,19.3,Himachal,Chhattisgarh,Akash Vasisht,EC Sen,Ravi Kiran,4,0,,,,,,,,,
1244313,2020/21,2021-01-10,F B Colony Ground,1,19.4,Himachal,Chhattisgarh,Akash Vasisht,EC Sen,Ravi Kiran,1,0,,,,,,,,,
1244313,2020/21,2021-01-10,F B Colony Ground,1,19.5,Himachal,Chhattisgarh,EC Sen,Akash Vasisht,Ravi Kiran,6,0,,,,,,,,,
1244313,2020/21,2021-01-10,F B Colony Ground,1,19.6,Himachal,Chhattisgarh,EC Sen,Akash Vasisht,Ravi Kiran,0,0,,,,,,,,,
1244313,2020/21,2021-01-10,F B Colony Ground,2,0.1,Chhattisgarh,Himachal,Shashank Chandrakar,Shashank Singh,R Dhawan,0,0,,,,,,,,,
1244313,2020/21,2021-01-10,F B Colony Ground,2,0.2,Chhattisgarh,Himachal,Shashank Chandrakar,Shashank Singh,R Dhawan,0,0,,,,,,,,,
1244313,2020/21,2021-01-10,F B Colony Ground,2,0.3,Chhattisgarh,Himachal,Shashank Chandrakar,Shashank Singh,R Dhawan,1,0,,,,,,,,,
1244313,2020/21,2021-01-10,F B Colony Ground,2,0.4,Chhattisgarh,Himachal,Shashank Singh,Shashank Chandrakar,R Dhawan,0,0,,,,,,,,,
1244313,2020/21,2021-01-10,F B Colony Ground,2,0.5,Chhattisgarh,Himachal,Shashank Singh,Shashank Chandrakar,R Dhawan,1,0,,,,,,,,,
1244313,2020/21,2021-01-10,F B Colony Ground,2,0.6,Chhattisgarh,Himachal,Shashank Chandrakar,Shashank Singh,R Dhawan,1,0,,,,,,,,,
1244313,2020/21,2021-01-10,F B Colony Ground,2,1.1,Chhattisgarh,Himachal,Shashank Chandrakar,Shashank Singh,VG Arora,1,0,,,,,,,,,
1244313,2020/21,2021-01-10,F B Colony Ground,2,1.2,Chhattisgarh,Himachal,Shashank Singh,Shashank Chandrakar,VG Arora,0,0,,,,,,lbw,Shashank Singh,,
1244313,2020/21,2021-01-10,F B Colony Ground,2,1.3,Chhattisgarh,Himachal,Harpreet Singh,Shashank Chandrakar,VG Arora,1,0,,,,,,,,,
1244313,2020/21,2021-01-10,F B Colony Ground,2,1.4,Chhattisgarh,Himachal,Shashank Chandrakar,Harpreet Singh,VG Arora,4,0,,,,,,,,,
1244313,2020/21,2021-01-10,F B Colony Ground,2,1.5,Chhattisgarh,Himachal,Shashank Chandrakar,Harpreet Singh,VG Arora,0,0,,,,,,,,,
1244313,2020/21,2021-01-10,F B Colony Ground,2,1.6,Chhattisgarh,Himachal,Shashank Chandrakar,Harpreet Singh,VG Arora,0,0,,,,,,,,,
1244313,2020/21,2021-01-10,F B Colony Ground,2,2.1,Chhattisgarh,Himachal,Harpreet Singh,Shashank Chandrakar,R Dhawan,0,0,,,,,,,,,
1244313,2020/21,2021-01-10,F B Colony Ground,2,2.2,Chhattisgarh,Himachal,Harpreet Singh,Shashank Chandrakar,R Dhawan,0,0,,,,,,lbw,Harpreet Singh,,
1244313,2020/21,2021-01-10,F B Colony Ground,2,2.3,Chhattisgarh,Himachal,Amandeep Khare,Shashank Chandrakar,R Dhawan,1,0,,,,,,,,,
1244313,2020/21,2021-01-10,F B Colony Ground,2,2.4,Chhattisgarh,Himachal,Shashank Chandrakar,Amandeep Khare,R Dhawan,0,0,,,,,,,,,
1244313,2020/21,2021-01-10,F B Colony Ground,2,2.5,Chhattisgarh,Himachal,Shashank Chandrakar,Amandeep Khare,R Dhawan,2,0,,,,,,,,,
1244313,2020/21,2021-01-10,F B Colony Ground,2,2.6,Chhattisgarh,Himachal,Shashank Chandrakar,Amandeep Khare,R Dhawan,0,0,,,,,,,,,
1244313,2020/21,2021-01-10,F B Colony Ground,2,3.1,Chhattisgarh,Himachal,Amandeep Khare,Shashank Chandrakar,VG Arora,1,0,,,,,,,,,
1244313,2020/21,2021-01-10,F B Colony Ground,2,3.2,Chhattisgarh,Himachal,Shashank Chandrakar,Amandeep Khare,VG Arora,0,0,,,,,,,,,
1244313,2020/21,2021-01-10,F B Colony Ground,2,3.3,Chhattisgarh,Himachal,Shashank Chandrakar,Amandeep Khare,VG Arora,0,0,,,,,,lbw,Shashank Chandrakar,,
1244313,2020/21,2021-01-10,F B Colony Ground,2,3.4,Chhattisgarh,Himachal,Ajay Mandal,Amandeep Khare,VG Arora,1,0,,,,,,,,,
1244313,2020/21,2021-01-10,F B Colony Ground,2,3.5,Chhattisgarh,Himachal,Amandeep Khare,Ajay Mandal,VG Arora,0,0,,,,,,,,,
1244313,2020/21,2021-01-10,F B Colony Ground,2,3.6,Chhattisgarh,Himachal,Amandeep Khare,Ajay Mandal,VG Arora,0,0,,,,,,,,,
1244313,2020/21,2021-01-10,F B Colony Ground,2,4.1,Chhattisgarh,Himachal,Ajay Mandal,Amandeep Khare,Pankaj Jaswal,1,0,,,,,,,,,
1244313,2020/21,2021-01-10,F B Colony Ground,2,4.2,Chhattisgarh,Himachal,Amandeep Khare,Ajay Mandal,Pankaj Jaswal,1,0,,,,,,,,,
1244313,2020/21,2021-01-10,F B Colony Ground,2,4.3,Chhattisgarh,Himachal,Ajay Mandal,Amandeep Khare,Pankaj Jaswal,1,0,,,,,,,,,
1244313,2020/21,2021-01-10,F B Colony Ground,2,4.4,Chhattisgarh,Himachal,Amandeep Khare,Ajay Mandal,Pankaj Jaswal,4,0,,,,,,,,,
1244313,2020/21,2021-01-10,F B Colony Ground,2,4.5,Chhattisgarh,Himachal,Amandeep Khare,Ajay Mandal,Pankaj Jaswal,2,0,,,,,,,,,
1244313,2020/21,2021-01-10,F B Colony Ground,2,4.6,Chhattisgarh,Himachal,Amandeep Khare,Ajay Mandal,Pankaj Jaswal,1,0,,,,,,,,,
1244313,2020/21,2021-01-10,F B Colony Ground,2,5.1,Chhattisgarh,Himachal,Amandeep Khare,Ajay Mandal,Mayank Dagar,0,0,,,,,,,,,
1244313,2020/21,2021-01-10,F B Colony Ground,2,5.2,Chhattisgarh,Himachal,Amandeep Khare,Ajay Mandal,Mayank Dagar,0,0,,,,,,,,,
1244313,2020/21,2021-01-10,F B Colony Ground,2,5.3,Chhattisgarh,Himachal,Amandeep Khare,Ajay Mandal,Mayank Dagar,4,0,,,,,,,,,
1244313,2020/21,2021-01-10,F B Colony Ground,2,5.4,Chhattisgarh,Himachal,Amandeep Khare,Ajay Mandal,Mayank Dagar,0,0,,,,,,,,,
1244313,2020/21,2021-01-10,F B Colony Ground,2,5.5,Chhattisgarh,Himachal,Amandeep Khare,Ajay Mandal,Mayank Dagar,1,0,,,,,,,,,
1244313,2020/21,2021-01-10,F B Colony Ground,2,5.6,Chhattisgarh,Himachal,Ajay Mandal,Amandeep Khare,Mayank Dagar,0,0,,,,,,,,,
1244313,2020/21,2021-01-10,F B Colony Ground,2,6.1,Chhattisgarh,Himachal,Amandeep Khare,Ajay Mandal,Ayush Jamwal,0,2,2,,,,,,,,
1244313,2020/21,2021-01-10,F B Colony Ground,2,6.2,Chhattisgarh,Himachal,Ajay Mandal,Amandeep Khare,Ayush Jamwal,1,0,,,,,,,,,
1244313,2020/21,2021-01-10,F B Colony Ground,2,6.3,Chhattisgarh,Himachal,Amandeep Khare,Ajay Mandal,Ayush Jamwal,0,0,,,,,,run out,Ajay Mandal,,
1244313,2020/21,2021-01-10,F B Colony Ground,2,6.4,Chhattisgarh,Himachal,Amandeep Khare,AG Rao,Ayush Jamwal,1,0,,,,,,,,,
1244313,2020/21,2021-01-10,F B Colony Ground,2,6.5,Chhattisgarh,Himachal,AG Rao,Amandeep Khare,Ayush Jamwal,1,0,,,,,,,,,
1244313,2020/21,2021-01-10,F B Colony Ground,2,6.6,Chhattisgarh,Himachal,Amandeep Khare,AG Rao,Ayush Jamwal,1,0,,,,,,,,,
1244313,2020/21,2021-01-10,F B Colony Ground,2,6.7,Chhattisgarh,Himachal,AG Rao,Amandeep Khare,Ayush Jamwal,1,0,,,,,,,,,
1244313,2020/21,2021-01-10,F B Colony Ground,2,7.1,Chhattisgarh,Himachal,AG Rao,Amandeep Khare,Mayank Dagar,1,0,,,,,,,,,
1244313,2020/21,2021-01-10,F B Colony Ground,2,7.2,Chhattisgarh,Himachal,Amandeep Khare,AG Rao,Mayank Dagar,0,0,,,,,,,,,
1244313,2020/21,2021-01-10,F B Colony Ground,2,7.3,Chhattisgarh,Himachal,Amandeep Khare,AG Rao,Mayank Dagar,0,0,,,,,,,,,
1244313,2020/21,2021-01-10,F B Colony Ground,2,7.4,Chhattisgarh,Himachal,Amandeep Khare,AG Rao,Mayank Dagar,0,0,,,,,,,,,
1244313,2020/21,2021-01-10,F B Colony Ground,2,7.5,Chhattisgarh,Himachal,Amandeep Khare,AG Rao,Mayank Dagar,1,0,,,,,,,,,
1244313,2020/21,2021-01-10,F B Colony Ground,2,7.6,Chhattisgarh,Himachal,AG Rao,Amandeep Khare,Mayank Dagar,0,0,,,,,,,,,
1244313,2020/21,2021-01-10,F B Colony Ground,2,8.1,Chhattisgarh,Himachal,Amandeep Khare,AG Rao,Ayush Jamwal,1,0,,,,,,,,,
1244313,2020/21,2021-01-10,F B Colony Ground,2,8.2,Chhattisgarh,Himachal,AG Rao,Amandeep Khare,Ayush Jamwal,4,0,,,,,,,,,
1244313,2020/21,2021-01-10,F B Colony Ground,2,8.3,Chhattisgarh,Himachal,AG Rao,Amandeep Khare,Ayush Jamwal,1,0,,,,,,,,,
1244313,2020/21,2021-01-10,F B Colony Ground,2,8.4,Chhattisgarh,Himachal,Amandeep Khare,AG Rao,Ayush Jamwal,1,0,,,,,,,,,
1244313,2020/21,2021-01-10,F B Colony Ground,2,8.5,Chhattisgarh,Himachal,AG Rao,Amandeep Khare,Ayush Jamwal,1,0,,,,,,,,,
1244313,2020/21,2021-01-10,F B Colony Ground,2,8.6,Chhattisgarh,Himachal,Amandeep Khare,AG Rao,Ayush Jamwal,1,0,,,,,,,,,
1244313,2020/21,2021-01-10,F B Colony Ground,2,9.1,Chhattisgarh,Himachal,Amandeep Khare,AG Rao,Mayank Dagar,0,1,,,1,,,,,,
1244313,2020/21,2021-01-10,F B Colony Ground,2,9.2,Chhattisgarh,Himachal,AG Rao,Amandeep Khare,Mayank Dagar,1,0,,,,,,,,,
1244313,2020/21,2021-01-10,F B Colony Ground,2,9.3,Chhattisgarh,Himachal,Amandeep Khare,AG Rao,Mayank Dagar,2,0,,,,,,,,,
1244313,2020/21,2021-01-10,F B Colony Ground,2,9.4,Chhattisgarh,Himachal,Amandeep Khare,AG Rao,Mayank Dagar,1,0,,,,,,,,,
1244313,2020/21,2021-01-10,F B Colony Ground,2,9.5,Chhattisgarh,Himachal,AG Rao,Amandeep Khare,Mayank Dagar,0,0,,,,,,,,,
1244313,2020/21,2021-01-10,F B Colony Ground,2,9.6,Chhattisgarh,Himachal,AG Rao,Amandeep Khare,Mayank Dagar,0,0,,,,,,caught and bowled,AG Rao,,
1244313,2020/21,2021-01-10,F B Colony Ground,2,10.1,Chhattisgarh,Himachal,Amandeep Khare,Vishal Kushwah,Pankaj Jaswal,1,0,,,,,,,,,
1244313,2020/21,2021-01-10,F B Colony Ground,2,10.2,Chhattisgarh,Himachal,Vishal Kushwah,Amandeep Khare,Pankaj Jaswal,2,0,,,,,,,,,
1244313,2020/21,2021-01-10,F B Colony Ground,2,10.3,Chhattisgarh,Himachal,Vishal Kushwah,Amandeep Khare,Pankaj Jaswal,0,0,,,,,,,,,
1244313,2020/21,2021-01-10,F B Colony Ground,2,10.4,Chhattisgarh,Himachal,Vishal Kushwah,Amandeep Khare,Pankaj Jaswal,1,0,,,,,,,,,
1244313,2020/21,2021-01-10,F B Colony Ground,2,10.5,Chhattisgarh,Himachal,Amandeep Khare,Vishal Kushwah,Pankaj Jaswal,0,0,,,,,,,,,
1244313,2020/21,2021-01-10,F B Colony Ground,2,10.6,Chhattisgarh,Himachal,Amandeep Khare,Vishal Kushwah,Pankaj Jaswal,0,0,,,,,,,,,
1244313,2020/21,2021-01-10,F B Colony Ground,2,11.1,Chhattisgarh,Himachal,Vishal Kushwah,Amandeep Khare,Mayank Dagar,0,0,,,,,,,,,
1244313,2020/21,2021-01-10,F B Colony Ground,2,11.2,Chhattisgarh,Himachal,Vishal Kushwah,Amandeep Khare,Mayank Dagar,0,0,,,,,,,,,
1244313,2020/21,2021-01-10,F B Colony Ground,2,11.3,Chhattisgarh,Himachal,Vishal Kushwah,Amandeep Khare,Mayank Dagar,0,0,,,,,,,,,
1244313,2020/21,2021-01-10,F B Colony Ground,2,11.4,Chhattisgarh,Himachal,Vishal Kushwah,Amandeep Khare,Mayank Dagar,0,0,,,,,,,,,
1244313,2020/21,2021-01-10,F B Colony Ground,2,11.5,Chhattisgarh,Himachal,Vishal Kushwah,Amandeep Khare,Mayank Dagar,0,0,,,,,,,,,
1244313,2020/21,2021-01-10,F B Colony Ground,2,11.6,Chhattisgarh,Himachal,Vishal Kushwah,Amandeep Khare,Mayank Dagar,0,0,,,,,,,,,
1244313,2020/21,2021-01-10,F B Colony Ground,2,12.1,Chhattisgarh,Himachal,Amandeep Khare,Vishal Kushwah,Pankaj Jaswal,2,0,,,,,,,,,
1244313,2020/21,2021-01-10,F B Colony Ground,2,12.2,Chhattisgarh,Himachal,Amandeep Khare,Vishal Kushwah,Pankaj Jaswal,6,0,,,,,,,,,
1244313,2020/21,2021-01-10,F B Colony Ground,2,12.3,Chhattisgarh,Himachal,Amandeep Khare,Vishal Kushwah,Pankaj Jaswal,4,0,,,,,,,,,
1244313,2020/21,2021-01-10,F B Colony Ground,2,12.4,Chhattisgarh,Himachal,Amandeep Khare,Vishal Kushwah,Pankaj Jaswal,0,0,,,,,,,,,
1244313,2020/21,2021-01-10,F B Colony Ground,2,12.5,Chhattisgarh,Himachal,Amandeep Khare,Vishal Kushwah,Pankaj Jaswal,1,0,,,,,,,,,
1244313,2020/21,2021-01-10,F B Colony Ground,2,12.6,Chhattisgarh,Himachal,Vishal Kushwah,Amandeep Khare,Pankaj Jaswal,4,0,,,,,,,,,
1244313,2020/21,2021-01-10,F B Colony Ground,2,13.1,Chhattisgarh,Himachal,Amandeep Khare,Vishal Kushwah,Ayush Jamwal,4,0,,,,,,,,,
1244313,2020/21,2021-01-10,F B Colony Ground,2,13.2,Chhattisgarh,Himachal,Amandeep Khare,Vishal Kushwah,Ayush Jamwal,1,0,,,,,,,,,
1244313,2020/21,2021-01-10,F B Colony Ground,2,13.3,Chhattisgarh,Himachal,Vishal Kushwah,Amandeep Khare,Ayush Jamwal,1,0,,,,,,,,,
1244313,2020/21,2021-01-10,F B Colony Ground,2,13.4,Chhattisgarh,Himachal,Amandeep Khare,Vishal Kushwah,Ayush Jamwal,1,0,,,,,,,,,
1244313,2020/21,2021-01-10,F B Colony Ground,2,13.5,Chhattisgarh,Himachal,Vishal Kushwah,Amandeep Khare,Ayush Jamwal,1,0,,,,,,,,,
1244313,2020/21,2021-01-10,F B Colony Ground,2,13.6,Chhattisgarh,Himachal,Amandeep Khare,Vishal Kushwah,Ayush Jamwal,6,0,,,,,,,,,
1244313,2020/21,2021-01-10,F B Colony Ground,2,14.1,Chhattisgarh,Himachal,Vishal Kushwah,Amandeep Khare,R Dhawan,1,0,,,,,,,,,
1244313,2020/21,2021-01-10,F B Colony Ground,2,14.2,Chhattisgarh,Himachal,Amandeep Khare,Vishal Kushwah,R Dhawan,1,0,,,,,,,,,
1244313,2020/21,2021-01-10,F B Colony Ground,2,14.3,Chhattisgarh,Himachal,Vishal Kushwah,Amandeep Khare,R Dhawan,0,0,,,,,,,,,
1244313,2020/21,2021-01-10,F B Colony Ground,2,14.4,Chhattisgarh,Himachal,Vishal Kushwah,Amandeep Khare,R Dhawan,1,0,,,,,,,,,
1244313,2020/21,2021-01-10,F B Colony Ground,2,14.5,Chhattisgarh,Himachal,Amandeep Khare,Vishal Kushwah,R Dhawan,1,0,,,,,,,,,
1244313,2020/21,2021-01-10,F B Colony Ground,2,14.6,Chhattisgarh,Himachal,Vishal Kushwah,Amandeep Khare,R Dhawan,0,0,,,,,,bowled,Vishal Kushwah,,
1244313,2020/21,2021-01-10,F B Colony Ground,2,15.1,Chhattisgarh,Himachal,Amandeep Khare,Sumit Ruikar,Ayush Jamwal,0,0,,,,,,,,,
1244313,2020/21,2021-01-10,F B Colony Ground,2,15.2,Chhattisgarh,Himachal,Amandeep Khare,Sumit Ruikar,Ayush Jamwal,0,0,,,,,,,,,
1244313,2020/21,2021-01-10,F B Colony Ground,2,15.3,Chhattisgarh,Himachal,Amandeep Khare,Sumit Ruikar,Ayush Jamwal,0,1,1,,,,,,,,
1244313,2020/21,2021-01-10,F B Colony Ground,2,15.4,Chhattisgarh,Himachal,Amandeep Khare,Sumit Ruikar,Ayush Jamwal,1,0,,,,,,,,,
1244313,2020/21,2021-01-10,F B Colony Ground,2,15.5,Chhattisgarh,Himachal,Sumit Ruikar,Amandeep Khare,Ayush Jamwal,1,0,,,,,,,,,
1244313,2020/21,2021-01-10,F B Colony Ground,2,15.6,Chhattisgarh,Himachal,Amandeep Khare,Sumit Ruikar,Ayush Jamwal,6,0,,,,,,,,,
1244313,2020/21,2021-01-10,F B Colony Ground,2,15.7,Chhattisgarh,Himachal,Amandeep Khare,Sumit Ruikar,Ayush Jamwal,1,0,,,,,,,,,
1244313,2020/21,2021-01-10,F B Colony Ground,2,16.1,Chhattisgarh,Himachal,Amandeep Khare,Sumit Ruikar,VG Arora,0,1,1,,,,,,,,
1244313,2020/21,2021-01-10,F B Colony Ground,2,16.2,Chhattisgarh,Himachal,Amandeep Khare,Sumit Ruikar,VG Arora,0,0,,,,,,,,,
1244313,2020/21,2021-01-10,F B Colony Ground,2,16.3,Chhattisgarh,Himachal,Amandeep Khare,Sumit Ruikar,VG Arora,1,0,,,,,,,,,
1244313,2020/21,2021-01-10,F B Colony Ground,2,16.4,Chhattisgarh,Himachal,Sumit Ruikar,Amandeep Khare,VG Arora,0,1,,,,1,,,,,
1244313,2020/21,2021-01-10,F B Colony Ground,2,16.5,Chhattisgarh,Himachal,Amandeep Khare,Sumit Ruikar,VG Arora,1,0,,,,,,,,,
1244313,2020/21,2021-01-10,F B Colony Ground,2,16.6,Chhattisgarh,Himachal,Sumit Ruikar,Amandeep Khare,VG Arora,1,0,,,,,,,,,
1244313,2020/21,2021-01-10,F B Colony Ground,2,16.7,Chhattisgarh,Himachal,Amandeep Khare,Sumit Ruikar,VG Arora,1,0,,,,,,,,,
1244313,2020/21,2021-01-10,F B Colony Ground,2,17.1,Chhattisgarh,Himachal,Amandeep Khare,Sumit Ruikar,Pankaj Jaswal,1,0,,,,,,,,,
1244313,2020/21,2021-01-10,F B Colony Ground,2,17.2,Chhattisgarh,Himachal,Sumit Ruikar,Amandeep Khare,Pankaj Jaswal,1,0,,,,,,,,,
1244313,2020/21,2021-01-10,F B Colony Ground,2,17.3,Chhattisgarh,Himachal,Amandeep Khare,Sumit Ruikar,Pankaj Jaswal,1,0,,,,,,,,,
1244313,2020/21,2021-01-10,F B Colony Ground,2,17.4,Chhattisgarh,Himachal,Sumit Ruikar,Amandeep Khare,Pankaj Jaswal,0,0,,,,,,caught,Sumit Ruikar,,
1244313,2020/21,2021-01-10,F B Colony Ground,2,17.5,Chhattisgarh,Himachal,Amandeep Khare,MSS Hussain,Pankaj Jaswal,0,0,,,,,,,,,
1244313,2020/21,2021-01-10,F B Colony Ground,2,17.6,Chhattisgarh,Himachal,Amandeep Khare,MSS Hussain,Pankaj Jaswal,1,0,,,,,,,,,
1244313,2020/21,2021-01-10,F B Colony Ground,2,18.1,Chhattisgarh,Himachal,Amandeep Khare,MSS Hussain,VG Arora,1,0,,,,,,,,,
1244313,2020/21,2021-01-10,F B Colony Ground,2,18.2,Chhattisgarh,Himachal,MSS Hussain,Amandeep Khare,VG Arora,4,0,,,,,,,,,
1244313,2020/21,2021-01-10,F B Colony Ground,2,18.3,Chhattisgarh,Himachal,MSS Hussain,Amandeep Khare,VG Arora,1,0,,,,,,,,,
1244313,2020/21,2021-01-10,F B Colony Ground,2,18.4,Chhattisgarh,Himachal,Amandeep Khare,MSS Hussain,VG Arora,1,0,,,,,,,,,
1244313,2020/21,2021-01-10,F B Colony Ground,2,18.5,Chhattisgarh,Himachal,MSS Hussain,Amandeep Khare,VG Arora,1,0,,,,,,,,,
1244313,2020/21,2021-01-10,F B Colony Ground,2,18.6,Chhattisgarh,Himachal,Amandeep Khare,MSS Hussain,VG Arora,0,1,1,,,,,,,,
1244313,2020/21,2021-01-10,F B Colony Ground,2,18.7,Chhattisgarh,Himachal,Amandeep Khare,MSS Hussain,VG Arora,2,0,,,,,,,,,
1244313,2020/21,2021-01-10,F B Colony Ground,2,19.1,Chhattisgarh,Himachal,MSS Hussain,Amandeep Khare,R Dhawan,0,1,1,,,,,,,,
1244313,2020/21,2021-01-10,F B Colony Ground,2,19.2,Chhattisgarh,Himachal,MSS Hussain,Amandeep Khare,R Dhawan,0,0,,,,,,caught,MSS Hussain,,
1244313,2020/21,2021-01-10,F B Colony Ground,2,19.3,Chhattisgarh,Himachal,Amandeep Khare,V Pratap Singh,R Dhawan,6,0,,,,,,,,,
1244313,2020/21,2021-01-10,F B Colony Ground,2,19.4,Chhattisgarh,Himachal,Amandeep Khare,V Pratap Singh,R Dhawan,6,0,,,,,,,,,
1244313,2020/21,2021-01-10,F B Colony Ground,2,19.5,Chhattisgarh,Himachal,Amandeep Khare,V Pratap Singh,R Dhawan,4,0,,,,,,,,,
1244313,2020/21,2021-01-10,F B Colony Ground,2,19.6,Chhattisgarh,Himachal,Amandeep Khare,V Pratap Singh,R Dhawan,1,0,,,,,,,,,
1244313,2020/21,2021-01-10,F B Colony Ground,2,19.7,Chhattisgarh,Himachal,V Pratap Singh,Amandeep Khare,R Dhawan,1,0,,,,,,,,,
