match_id,season,start_date,venue,innings,ball,batting_team,bowling_team,striker,non_striker,bowler,runs_off_bat,extras,wides,noballs,byes,legbyes,penalty,wicket_type,player_dismissed,other_wicket_type,other_player_dismissed
1244380,2020/21,2021-01-17,IC-Gurunanak College Ground,1,0.1,Chandigarh,Sikkim,M Vohra,Arslan Khan,Varun Sood,0,0,,,,,,,,,
1244380,2020/21,2021-01-17,IC-Gurunanak College Ground,1,0.2,Chandigarh,Sikkim,M Vohra,Arslan Khan,Varun Sood,4,0,,,,,,,,,
1244380,2020/21,2021-01-17,IC-Gurunanak College Ground,1,0.3,Chandigarh,Sikkim,M Vohra,Arslan Khan,Varun Sood,1,0,,,,,,,,,
1244380,2020/21,2021-01-17,IC-Gurunanak College Ground,1,0.4,Chandigarh,Sikkim,Arslan Khan,M Vohra,Varun Sood,2,0,,,,,,,,,
1244380,2020/21,2021-01-17,IC-Gurunanak College Ground,1,0.5,Chandigarh,Sikkim,Arslan Khan,M Vohra,Varun Sood,4,0,,,,,,,,,
1244380,2020/21,2021-01-17,IC-Gurunanak College Ground,1,0.6,Chandigarh,Sikkim,Arslan Khan,M Vohra,Varun Sood,0,0,,,,,,,,,
1244380,2020/21,2021-01-17,IC-Gurunanak College Ground,1,1.1,Chandigarh,Sikkim,M Vohra,Arslan Khan,Anureet Singh,0,0,,,,,,,,,
1244380,2020/21,2021-01-17,IC-Gurunanak College Ground,1,1.2,Chandigarh,Sikkim,M Vohra,Arslan Khan,Anureet Singh,4,0,,,,,,,,,
1244380,2020/21,2021-01-17,IC-Gurunanak College Ground,1,1.3,Chandigarh,Sikkim,M Vohra,Arslan Khan,Anureet Singh,0,0,,,,,,,,,
1244380,2020/21,2021-01-17,IC-Gurunanak College Ground,1,1.4,Chandigarh,Sikkim,M Vohra,Arslan Khan,Anureet Singh,1,0,,,,,,,,,
1244380,2020/21,2021-01-17,IC-Gurunanak College Ground,1,1.5,Chandigarh,Sikkim,Arslan Khan,M Vohra,Anureet Singh,1,0,,,,,,,,,
1244380,2020/21,2021-01-17,IC-Gurunanak College Ground,1,1.6,Chandigarh,Sikkim,M Vohra,Arslan Khan,Anureet Singh,4,0,,,,,,,,,
1244380,2020/21,2021-01-17,IC-Gurunanak College Ground,1,2.1,Chandigarh,Sikkim,Arslan Khan,M Vohra,Varun Sood,1,0,,,,,,,,,
1244380,2020/21,2021-01-17,IC-Gurunanak College Ground,1,2.2,Chandigarh,Sikkim,M Vohra,Arslan Khan,Varun Sood,0,0,,,,,,,,,
1244380,2020/21,2021-01-17,IC-Gurunanak College Ground,1,2.3,Chandigarh,Sikkim,M Vohra,Arslan Khan,Varun Sood,0,0,,,,,,,,,
1244380,2020/21,2021-01-17,IC-Gurunanak College Ground,1,2.4,Chandigarh,Sikkim,M Vohra,Arslan Khan,Varun Sood,1,0,,,,,,,,,
1244380,2020/21,2021-01-17,IC-Gurunanak College Ground,1,2.5,Chandigarh,Sikkim,Arslan Khan,M Vohra,Varun Sood,4,0,,,,,,,,,
1244380,2020/21,2021-01-17,IC-Gurunanak College Ground,1,2.6,Chandigarh,Sikkim,Arslan Khan,M Vohra,Varun Sood,6,0,,,,,,,,,
1244380,2020/21,2021-01-17,IC-Gurunanak College Ground,1,3.1,Chandigarh,Sikkim,M Vohra,Arslan Khan,Palzor Tamang,4,0,,,,,,,,,
1244380,2020/21,2021-01-17,IC-Gurunanak College Ground,1,3.2,Chandigarh,Sikkim,M Vohra,Arslan Khan,Palzor Tamang,0,0,,,,,,bowled,M Vohra,,
1244380,2020/21,2021-01-17,IC-Gurunanak College Ground,1,3.3,Chandigarh,Sikkim,Shivam Bhambri,Arslan Khan,Palzor Tamang,4,0,,,,,,,,,
1244380,2020/21,2021-01-17,IC-Gurunanak College Ground,1,3.4,Chandigarh,Sikkim,Shivam Bhambri,Arslan Khan,Palzor Tamang,0,0,,,,,,,,,
1244380,2020/21,2021-01-17,IC-Gurunanak College Ground,1,3.5,Chandigarh,Sikkim,Shivam Bhambri,Arslan Khan,Palzor Tamang,4,0,,,,,,,,,
1244380,2020/21,2021-01-17,IC-Gurunanak College Ground,1,3.6,Chandigarh,Sikkim,Shivam Bhambri,Arslan Khan,Palzor Tamang,0,0,,,,,,,,,
1244380,2020/21,2021-01-17,IC-Gurunanak College Ground,1,4.1,Chandigarh,Sikkim,Arslan Khan,Shivam Bhambri,Nitesh Gupta,1,0,,,,,,,,,
1244380,2020/21,2021-01-17,IC-Gurunanak College Ground,1,4.2,Chandigarh,Sikkim,Shivam Bhambri,Arslan Khan,Nitesh Gupta,1,0,,,,,,,,,
1244380,2020/21,2021-01-17,IC-Gurunanak College Ground,1,4.3,Chandigarh,Sikkim,Arslan Khan,Shivam Bhambri,Nitesh Gupta,0,0,,,,,,caught,Arslan Khan,,
1244380,2020/21,2021-01-17,IC-Gurunanak College Ground,1,4.4,Chandigarh,Sikkim,Ankit Kaushik,Shivam Bhambri,Nitesh Gupta,0,1,1,,,,,,,,
1244380,2020/21,2021-01-17,IC-Gurunanak College Ground,1,4.5,Chandigarh,Sikkim,Ankit Kaushik,Shivam Bhambri,Nitesh Gupta,1,0,,,,,,,,,
1244380,2020/21,2021-01-17,IC-Gurunanak College Ground,1,4.6,Chandigarh,Sikkim,Shivam Bhambri,Ankit Kaushik,Nitesh Gupta,0,0,,,,,,,,,
1244380,2020/21,2021-01-17,IC-Gurunanak College Ground,1,4.7,Chandigarh,Sikkim,Shivam Bhambri,Ankit Kaushik,Nitesh Gupta,0,0,,,,,,,,,
1244380,2020/21,2021-01-17,IC-Gurunanak College Ground,1,5.1,Chandigarh,Sikkim,Ankit Kaushik,Shivam Bhambri,Anureet Singh,1,0,,,,,,,,,
1244380,2020/21,2021-01-17,IC-Gurunanak College Ground,1,5.2,Chandigarh,Sikkim,Shivam Bhambri,Ankit Kaushik,Anureet Singh,1,0,,,,,,,,,
1244380,2020/21,2021-01-17,IC-Gurunanak College Ground,1,5.3,Chandigarh,Sikkim,Ankit Kaushik,Shivam Bhambri,Anureet Singh,0,0,,,,,,,,,
1244380,2020/21,2021-01-17,IC-Gurunanak College Ground,1,5.4,Chandigarh,Sikkim,Ankit Kaushik,Shivam Bhambri,Anureet Singh,0,0,,,,,,,,,
1244380,2020/21,2021-01-17,IC-Gurunanak College Ground,1,5.5,Chandigarh,Sikkim,Ankit Kaushik,Shivam Bhambri,Anureet Singh,1,0,,,,,,,,,
1244380,2020/21,2021-01-17,IC-Gurunanak College Ground,1,5.6,Chandigarh,Sikkim,Shivam Bhambri,Ankit Kaushik,Anureet Singh,1,0,,,,,,,,,
1244380,2020/21,2021-01-17,IC-Gurunanak College Ground,1,6.1,Chandigarh,Sikkim,Shivam Bhambri,Ankit Kaushik,Nitesh Gupta,1,0,,,,,,,,,
1244380,2020/21,2021-01-17,IC-Gurunanak College Ground,1,6.2,Chandigarh,Sikkim,Ankit Kaushik,Shivam Bhambri,Nitesh Gupta,1,0,,,,,,,,,
1244380,2020/21,2021-01-17,IC-Gurunanak College Ground,1,6.3,Chandigarh,Sikkim,Shivam Bhambri,Ankit Kaushik,Nitesh Gupta,1,0,,,,,,,,,
1244380,2020/21,2021-01-17,IC-Gurunanak College Ground,1,6.4,Chandigarh,Sikkim,Ankit Kaushik,Shivam Bhambri,Nitesh Gupta,1,0,,,,,,,,,
1244380,2020/21,2021-01-17,IC-Gurunanak College Ground,1,6.5,Chandigarh,Sikkim,Shivam Bhambri,Ankit Kaushik,Nitesh Gupta,0,0,,,,,,,,,
1244380,2020/21,2021-01-17,IC-Gurunanak College Ground,1,6.6,Chandigarh,Sikkim,Shivam Bhambri,Ankit Kaushik,Nitesh Gupta,0,2,2,,,,,,,,
1244380,2020/21,2021-01-17,IC-Gurunanak College Ground,1,6.7,Chandigarh,Sikkim,Ankit Kaushik,Shivam Bhambri,Nitesh Gupta,1,0,,,,,,,,,
1244380,2020/21,2021-01-17,IC-Gurunanak College Ground,1,7.1,Chandigarh,Sikkim,Ankit Kaushik,Shivam Bhambri,Rajiv Darjee,0,0,,,,,,,,,
1244380,2020/21,2021-01-17,IC-Gurunanak College Ground,1,7.2,Chandigarh,Sikkim,Ankit Kaushik,Shivam Bhambri,Rajiv Darjee,1,0,,,,,,,,,
1244380,2020/21,2021-01-17,IC-Gurunanak College Ground,1,7.3,Chandigarh,Sikkim,Shivam Bhambri,Ankit Kaushik,Rajiv Darjee,6,0,,,,,,,,,
1244380,2020/21,2021-01-17,IC-Gurunanak College Ground,1,7.4,Chandigarh,Sikkim,Shivam Bhambri,Ankit Kaushik,Rajiv Darjee,1,0,,,,,,,,,
1244380,2020/21,2021-01-17,IC-Gurunanak College Ground,1,7.5,Chandigarh,Sikkim,Ankit Kaushik,Shivam Bhambri,Rajiv Darjee,2,0,,,,,,,,,
1244380,2020/21,2021-01-17,IC-Gurunanak College Ground,1,7.6,Chandigarh,Sikkim,Ankit Kaushik,Shivam Bhambri,Rajiv Darjee,1,0,,,,,,,,,
1244380,2020/21,2021-01-17,IC-Gurunanak College Ground,1,8.1,Chandigarh,Sikkim,Ankit Kaushik,Shivam Bhambri,Nitesh Gupta,1,0,,,,,,,,,
1244380,2020/21,2021-01-17,IC-Gurunanak College Ground,1,8.2,Chandigarh,Sikkim,Shivam Bhambri,Ankit Kaushik,Nitesh Gupta,1,0,,,,,,,,,
1244380,2020/21,2021-01-17,IC-Gurunanak College Ground,1,8.3,Chandigarh,Sikkim,Ankit Kaushik,Shivam Bhambri,Nitesh Gupta,0,0,,,,,,caught,Ankit Kaushik,,
1244380,2020/21,2021-01-17,IC-Gurunanak College Ground,1,8.4,Chandigarh,Sikkim,Bipul Sharma,Shivam Bhambri,Nitesh Gupta,1,0,,,,,,,,,
1244380,2020/21,2021-01-17,IC-Gurunanak College Ground,1,8.5,Chandigarh,Sikkim,Shivam Bhambri,Bipul Sharma,Nitesh Gupta,1,0,,,,,,,,,
1244380,2020/21,2021-01-17,IC-Gurunanak College Ground,1,8.6,Chandigarh,Sikkim,Bipul Sharma,Shivam Bhambri,Nitesh Gupta,1,0,,,,,,,,,
1244380,2020/21,2021-01-17,IC-Gurunanak College Ground,1,9.1,Chandigarh,Sikkim,Bipul Sharma,Shivam Bhambri,Rajiv Darjee,1,0,,,,,,,,,
1244380,2020/21,2021-01-17,IC-Gurunanak College Ground,1,9.2,Chandigarh,Sikkim,Shivam Bhambri,Bipul Sharma,Rajiv Darjee,4,0,,,,,,,,,
1244380,2020/21,2021-01-17,IC-Gurunanak College Ground,1,9.3,Chandigarh,Sikkim,Shivam Bhambri,Bipul Sharma,Rajiv Darjee,0,1,,,,1,,,,,
1244380,2020/21,2021-01-17,IC-Gurunanak College Ground,1,9.4,Chandigarh,Sikkim,Bipul Sharma,Shivam Bhambri,Rajiv Darjee,1,0,,,,,,,,,
1244380,2020/21,2021-01-17,IC-Gurunanak College Ground,1,9.5,Chandigarh,Sikkim,Shivam Bhambri,Bipul Sharma,Rajiv Darjee,1,0,,,,,,,,,
1244380,2020/21,2021-01-17,IC-Gurunanak College Ground,1,9.6,Chandigarh,Sikkim,Bipul Sharma,Shivam Bhambri,Rajiv Darjee,6,0,,,,,,,,,
1244380,2020/21,2021-01-17,IC-Gurunanak College Ground,1,10.1,Chandigarh,Sikkim,Shivam Bhambri,Bipul Sharma,Nitesh Gupta,1,0,,,,,,,,,
1244380,2020/21,2021-01-17,IC-Gurunanak College Ground,1,10.2,Chandigarh,Sikkim,Bipul Sharma,Shivam Bhambri,Nitesh Gupta,0,0,,,,,,,,,
1244380,2020/21,2021-01-17,IC-Gurunanak College Ground,1,10.3,Chandigarh,Sikkim,Bipul Sharma,Shivam Bhambri,Nitesh Gupta,0,0,,,,,,,,,
1244380,2020/21,2021-01-17,IC-Gurunanak College Ground,1,10.4,Chandigarh,Sikkim,Bipul Sharma,Shivam Bhambri,Nitesh Gupta,1,0,,,,,,,,,
1244380,2020/21,2021-01-17,IC-Gurunanak College Ground,1,10.5,Chandigarh,Sikkim,Shivam Bhambri,Bipul Sharma,Nitesh Gupta,4,0,,,,,,,,,
1244380,2020/21,2021-01-17,IC-Gurunanak College Ground,1,10.6,Chandigarh,Sikkim,Shivam Bhambri,Bipul Sharma,Nitesh Gupta,1,0,,,,,,,,,
1244380,2020/21,2021-01-17,IC-Gurunanak College Ground,1,11.1,Chandigarh,Sikkim,Shivam Bhambri,Bipul Sharma,Palzor Tamang,0,0,,,,,,,,,
1244380,2020/21,2021-01-17,IC-Gurunanak College Ground,1,11.2,Chandigarh,Sikkim,Shivam Bhambri,Bipul Sharma,Palzor Tamang,1,0,,,,,,,,,
1244380,2020/21,2021-01-17,IC-Gurunanak College Ground,1,11.3,Chandigarh,Sikkim,Bipul Sharma,Shivam Bhambri,Palzor Tamang,4,0,,,,,,,,,
1244380,2020/21,2021-01-17,IC-Gurunanak College Ground,1,11.4,Chandigarh,Sikkim,Bipul Sharma,Shivam Bhambri,Palzor Tamang,2,0,,,,,,,,,
1244380,2020/21,2021-01-17,IC-Gurunanak College Ground,1,11.5,Chandigarh,Sikkim,Bipul Sharma,Shivam Bhambri,Palzor Tamang,1,0,,,,,,,,,
1244380,2020/21,2021-01-17,IC-Gurunanak College Ground,1,11.6,Chandigarh,Sikkim,Shivam Bhambri,Bipul Sharma,Palzor Tamang,1,0,,,,,,,,,
1244380,2020/21,2021-01-17,IC-Gurunanak College Ground,1,12.1,Chandigarh,Sikkim,Shivam Bhambri,Bipul Sharma,Mandup Bhutia,1,0,,,,,,,,,
1244380,2020/21,2021-01-17,IC-Gurunanak College Ground,1,12.2,Chandigarh,Sikkim,Bipul Sharma,Shivam Bhambri,Mandup Bhutia,0,0,,,,,,,,,
1244380,2020/21,2021-01-17,IC-Gurunanak College Ground,1,12.3,Chandigarh,Sikkim,Bipul Sharma,Shivam Bhambri,Mandup Bhutia,1,0,,,,,,,,,
1244380,2020/21,2021-01-17,IC-Gurunanak College Ground,1,12.4,Chandigarh,Sikkim,Shivam Bhambri,Bipul Sharma,Mandup Bhutia,2,0,,,,,,,,,
1244380,2020/21,2021-01-17,IC-Gurunanak College Ground,1,12.5,Chandigarh,Sikkim,Shivam Bhambri,Bipul Sharma,Mandup Bhutia,0,0,,,,,,,,,
1244380,2020/21,2021-01-17,IC-Gurunanak College Ground,1,12.6,Chandigarh,Sikkim,Shivam Bhambri,Bipul Sharma,Mandup Bhutia,1,0,,,,,,,,,
1244380,2020/21,2021-01-17,IC-Gurunanak College Ground,1,13.1,Chandigarh,Sikkim,Shivam Bhambri,Bipul Sharma,Palzor Tamang,1,0,,,,,,,,,
1244380,2020/21,2021-01-17,IC-Gurunanak College Ground,1,13.2,Chandigarh,Sikkim,Bipul Sharma,Shivam Bhambri,Palzor Tamang,6,0,,,,,,,,,
1244380,2020/21,2021-01-17,IC-Gurunanak College Ground,1,13.3,Chandigarh,Sikkim,Bipul Sharma,Shivam Bhambri,Palzor Tamang,2,0,,,,,,,,,
1244380,2020/21,2021-01-17,IC-Gurunanak College Ground,1,13.4,Chandigarh,Sikkim,Bipul Sharma,Shivam Bhambri,Palzor Tamang,0,0,,,,,,,,,
1244380,2020/21,2021-01-17,IC-Gurunanak College Ground,1,13.5,Chandigarh,Sikkim,Bipul Sharma,Shivam Bhambri,Palzor Tamang,1,0,,,,,,,,,
1244380,2020/21,2021-01-17,IC-Gurunanak College Ground,1,13.6,Chandigarh,Sikkim,Shivam Bhambri,Bipul Sharma,Palzor Tamang,1,0,,,,,,,,,
1244380,2020/21,2021-01-17,IC-Gurunanak College Ground,1,14.1,Chandigarh,Sikkim,Shivam Bhambri,Bipul Sharma,Mandup Bhutia,4,0,,,,,,,,,
1244380,2020/21,2021-01-17,IC-Gurunanak College Ground,1,14.2,Chandigarh,Sikkim,Shivam Bhambri,Bipul Sharma,Mandup Bhutia,1,0,,,,,,,,,
1244380,2020/21,2021-01-17,IC-Gurunanak College Ground,1,14.3,Chandigarh,Sikkim,Bipul Sharma,Shivam Bhambri,Mandup Bhutia,6,0,,,,,,,,,
1244380,2020/21,2021-01-17,IC-Gurunanak College Ground,1,14.4,Chandigarh,Sikkim,Bipul Sharma,Shivam Bhambri,Mandup Bhutia,1,0,,,,,,,,,
1244380,2020/21,2021-01-17,IC-Gurunanak College Ground,1,14.5,Chandigarh,Sikkim,Shivam Bhambri,Bipul Sharma,Mandup Bhutia,4,0,,,,,,,,,
1244380,2020/21,2021-01-17,IC-Gurunanak College Ground,1,14.6,Chandigarh,Sikkim,Shivam Bhambri,Bipul Sharma,Mandup Bhutia,1,0,,,,,,,,,
1244380,2020/21,2021-01-17,IC-Gurunanak College Ground,1,15.1,Chandigarh,Sikkim,Shivam Bhambri,Bipul Sharma,Varun Sood,0,0,,,,,,,,,
1244380,2020/21,2021-01-17,IC-Gurunanak College Ground,1,15.2,Chandigarh,Sikkim,Shivam Bhambri,Bipul Sharma,Varun Sood,1,0,,,,,,,,,
1244380,2020/21,2021-01-17,IC-Gurunanak College Ground,1,15.3,Chandigarh,Sikkim,Bipul Sharma,Shivam Bhambri,Varun Sood,6,0,,,,,,,,,
1244380,2020/21,2021-01-17,IC-Gurunanak College Ground,1,15.4,Chandigarh,Sikkim,Bipul Sharma,Shivam Bhambri,Varun Sood,1,0,,,,,,,,,
1244380,2020/21,2021-01-17,IC-Gurunanak College Ground,1,15.5,Chandigarh,Sikkim,Shivam Bhambri,Bipul Sharma,Varun Sood,1,0,,,,,,,,,
1244380,2020/21,2021-01-17,IC-Gurunanak College Ground,1,15.6,Chandigarh,Sikkim,Bipul Sharma,Shivam Bhambri,Varun Sood,0,0,,,,,,caught,Bipul Sharma,,
1244380,2020/21,2021-01-17,IC-Gurunanak College Ground,1,16.1,Chandigarh,Sikkim,Shivam Bhambri,Gurinder Singh,Anureet Singh,4,0,,,,,,,,,
1244380,2020/21,2021-01-17,IC-Gurunanak College Ground,1,16.2,Chandigarh,Sikkim,Shivam Bhambri,Gurinder Singh,Anureet Singh,1,0,,,,,,,,,
1244380,2020/21,2021-01-17,IC-Gurunanak College Ground,1,16.3,Chandigarh,Sikkim,Gurinder Singh,Shivam Bhambri,Anureet Singh,1,0,,,,,,,,,
1244380,2020/21,2021-01-17,IC-Gurunanak College Ground,1,16.4,Chandigarh,Sikkim,Shivam Bhambri,Gurinder Singh,Anureet Singh,2,0,,,,,,,,,
1244380,2020/21,2021-01-17,IC-Gurunanak College Ground,1,16.5,Chandigarh,Sikkim,Shivam Bhambri,Gurinder Singh,Anureet Singh,4,0,,,,,,,,,
1244380,2020/21,2021-01-17,IC-Gurunanak College Ground,1,16.6,Chandigarh,Sikkim,Shivam Bhambri,Gurinder Singh,Anureet Singh,1,0,,,,,,,,,
1244380,2020/21,2021-01-17,IC-Gurunanak College Ground,1,17.1,Chandigarh,Sikkim,Shivam Bhambri,Gurinder Singh,Varun Sood,6,0,,,,,,,,,
1244380,2020/21,2021-01-17,IC-Gurunanak College Ground,1,17.2,Chandigarh,Sikkim,Shivam Bhambri,Gurinder Singh,Varun Sood,4,0,,,,,,,,,
1244380,2020/21,2021-01-17,IC-Gurunanak College Ground,1,17.3,Chandigarh,Sikkim,Shivam Bhambri,Gurinder Singh,Varun Sood,0,0,,,,,,caught,Shivam Bhambri,,
1244380,2020/21,2021-01-17,IC-Gurunanak College Ground,1,17.4,Chandigarh,Sikkim,Jaskaran Singh,Gurinder Singh,Varun Sood,0,0,,,,,,,,,
1244380,2020/21,2021-01-17,IC-Gurunanak College Ground,1,17.5,Chandigarh,Sikkim,Jaskaran Singh,Gurinder Singh,Varun Sood,0,0,,,,,,,,,
1244380,2020/21,2021-01-17,IC-Gurunanak College Ground,1,17.6,Chandigarh,Sikkim,Jaskaran Singh,Gurinder Singh,Varun Sood,0,0,,,,,,,,,
1244380,2020/21,2021-01-17,IC-Gurunanak College Ground,1,18.1,Chandigarh,Sikkim,Gurinder Singh,Jaskaran Singh,Anureet Singh,2,0,,,,,,,,,
1244380,2020/21,2021-01-17,IC-Gurunanak College Ground,1,18.2,Chandigarh,Sikkim,Gurinder Singh,Jaskaran Singh,Anureet Singh,6,0,,,,,,,,,
1244380,2020/21,2021-01-17,IC-Gurunanak College Ground,1,18.3,Chandigarh,Sikkim,Gurinder Singh,Jaskaran Singh,Anureet Singh,1,0,,,,,,,,,
1244380,2020/21,2021-01-17,IC-Gurunanak College Ground,1,18.4,Chandigarh,Sikkim,Jaskaran Singh,Gurinder Singh,Anureet Singh,6,0,,,,,,,,,
1244380,2020/21,2021-01-17,IC-Gurunanak College Ground,1,18.5,Chandigarh,Sikkim,Jaskaran Singh,Gurinder Singh,Anureet Singh,0,1,,,,1,,,,,
1244380,2020/21,2021-01-17,IC-Gurunanak College Ground,1,18.6,Chandigarh,Sikkim,Gurinder Singh,Jaskaran Singh,Anureet Singh,1,0,,,,,,,,,
1244380,2020/21,2021-01-17,IC-Gurunanak College Ground,1,19.1,Chandigarh,Sikkim,Gurinder Singh,Jaskaran Singh,Palzor Tamang,6,0,,,,,,,,,
1244380,2020/21,2021-01-17,IC-Gurunanak College Ground,1,19.2,Chandigarh,Sikkim,Gurinder Singh,Jaskaran Singh,Palzor Tamang,4,0,,,,,,,,,
1244380,2020/21,2021-01-17,IC-Gurunanak College Ground,1,19.3,Chandigarh,Sikkim,Gurinder Singh,Jaskaran Singh,Palzor Tamang,1,0,,,,,,,,,
1244380,2020/21,2021-01-17,IC-Gurunanak College Ground,1,19.4,Chandigarh,Sikkim,Jaskaran Singh,Gurinder Singh,Palzor Tamang,4,0,,,,,,,,,
1244380,2020/21,2021-01-17,IC-Gurunanak College Ground,1,19.5,Chandigarh,Sikkim,Jaskaran Singh,Gurinder Singh,Palzor Tamang,1,0,,,,,,,,,
1244380,2020/21,2021-01-17,IC-Gurunanak College Ground,1,19.6,Chandigarh,Sikkim,Gurinder Singh,Jaskaran Singh,Palzor Tamang,0,0,,,,,,caught,Gurinder Singh,,
1244380,2020/21,2021-01-17,IC-Gurunanak College Ground,2,0.1,Sikkim,Chandigarh,Ashish Thapa,Bibek Diyali,Bipul Sharma,0,0,,,,,,,,,
1244380,2020/21,2021-01-17,IC-Gurunanak College Ground,2,0.2,Sikkim,Chandigarh,Ashish Thapa,Bibek Diyali,Bipul Sharma,0,0,,,,,,,,,
1244380,2020/21,2021-01-17,IC-Gurunanak College Ground,2,0.3,Sikkim,Chandigarh,Ashish Thapa,Bibek Diyali,Bipul Sharma,0,0,,,,,,,,,
1244380,2020/21,2021-01-17,IC-Gurunanak College Ground,2,0.4,Sikkim,Chandigarh,Ashish Thapa,Bibek Diyali,Bipul Sharma,0,0,,,,,,,,,
1244380,2020/21,2021-01-17,IC-Gurunanak College Ground,2,0.5,Sikkim,Chandigarh,Ashish Thapa,Bibek Diyali,Bipul Sharma,1,0,,,,,,,,,
1244380,2020/21,2021-01-17,IC-Gurunanak College Ground,2,0.6,Sikkim,Chandigarh,Bibek Diyali,Ashish Thapa,Bipul Sharma,1,0,,,,,,,,,
1244380,2020/21,2021-01-17,IC-Gurunanak College Ground,2,1.1,Sikkim,Chandigarh,Bibek Diyali,Ashish Thapa,Jagjit Singh,0,0,,,,,,,,,
1244380,2020/21,2021-01-17,IC-Gurunanak College Ground,2,1.2,Sikkim,Chandigarh,Bibek Diyali,Ashish Thapa,Jagjit Singh,0,0,,,,,,,,,
1244380,2020/21,2021-01-17,IC-Gurunanak College Ground,2,1.3,Sikkim,Chandigarh,Bibek Diyali,Ashish Thapa,Jagjit Singh,0,0,,,,,,,,,
1244380,2020/21,2021-01-17,IC-Gurunanak College Ground,2,1.4,Sikkim,Chandigarh,Bibek Diyali,Ashish Thapa,Jagjit Singh,0,0,,,,,,,,,
1244380,2020/21,2021-01-17,IC-Gurunanak College Ground,2,1.5,Sikkim,Chandigarh,Bibek Diyali,Ashish Thapa,Jagjit Singh,0,0,,,,,,,,,
1244380,2020/21,2021-01-17,IC-Gurunanak College Ground,2,1.6,Sikkim,Chandigarh,Bibek Diyali,Ashish Thapa,Jagjit Singh,2,0,,,,,,,,,
1244380,2020/21,2021-01-17,IC-Gurunanak College Ground,2,2.1,Sikkim,Chandigarh,Ashish Thapa,Bibek Diyali,Bipul Sharma,1,0,,,,,,,,,
1244380,2020/21,2021-01-17,IC-Gurunanak College Ground,2,2.2,Sikkim,Chandigarh,Bibek Diyali,Ashish Thapa,Bipul Sharma,1,0,,,,,,,,,
1244380,2020/21,2021-01-17,IC-Gurunanak College Ground,2,2.3,Sikkim,Chandigarh,Ashish Thapa,Bibek Diyali,Bipul Sharma,0,0,,,,,,caught,Ashish Thapa,,
1244380,2020/21,2021-01-17,IC-Gurunanak College Ground,2,2.4,Sikkim,Chandigarh,Lee Yong Lepcha,Bibek Diyali,Bipul Sharma,0,0,,,,,,,,,
1244380,2020/21,2021-01-17,IC-Gurunanak College Ground,2,2.5,Sikkim,Chandigarh,Lee Yong Lepcha,Bibek Diyali,Bipul Sharma,0,0,,,,,,,,,
1244380,2020/21,2021-01-17,IC-Gurunanak College Ground,2,2.6,Sikkim,Chandigarh,Lee Yong Lepcha,Bibek Diyali,Bipul Sharma,0,0,,,,,,,,,
1244380,2020/21,2021-01-17,IC-Gurunanak College Ground,2,3.1,Sikkim,Chandigarh,Bibek Diyali,Lee Yong Lepcha,Jagjit Singh,0,0,,,,,,,,,
1244380,2020/21,2021-01-17,IC-Gurunanak College Ground,2,3.2,Sikkim,Chandigarh,Bibek Diyali,Lee Yong Lepcha,Jagjit Singh,1,0,,,,,,,,,
1244380,2020/21,2021-01-17,IC-Gurunanak College Ground,2,3.3,Sikkim,Chandigarh,Lee Yong Lepcha,Bibek Diyali,Jagjit Singh,0,0,,,,,,,,,
1244380,2020/21,2021-01-17,IC-Gurunanak College Ground,2,3.4,Sikkim,Chandigarh,Lee Yong Lepcha,Bibek Diyali,Jagjit Singh,1,0,,,,,,,,,
1244380,2020/21,2021-01-17,IC-Gurunanak College Ground,2,3.5,Sikkim,Chandigarh,Bibek Diyali,Lee Yong Lepcha,Jagjit Singh,0,0,,,,,,,,,
1244380,2020/21,2021-01-17,IC-Gurunanak College Ground,2,3.6,Sikkim,Chandigarh,Bibek Diyali,Lee Yong Lepcha,Jagjit Singh,1,0,,,,,,,,,
1244380,2020/21,2021-01-17,IC-Gurunanak College Ground,2,4.1,Sikkim,Chandigarh,Bibek Diyali,Lee Yong Lepcha,Bipul Sharma,0,0,,,,,,caught,Bibek Diyali,,
1244380,2020/21,2021-01-17,IC-Gurunanak College Ground,2,4.2,Sikkim,Chandigarh,Lee Yong Lepcha,Varun Sood,Bipul Sharma,0,0,,,,,,,,,
1244380,2020/21,2021-01-17,IC-Gurunanak College Ground,2,4.3,Sikkim,Chandigarh,Lee Yong Lepcha,Varun Sood,Bipul Sharma,0,0,,,,,,,,,
1244380,2020/21,2021-01-17,IC-Gurunanak College Ground,2,4.4,Sikkim,Chandigarh,Lee Yong Lepcha,Varun Sood,Bipul Sharma,0,0,,,,,,,,,
1244380,2020/21,2021-01-17,IC-Gurunanak College Ground,2,4.5,Sikkim,Chandigarh,Lee Yong Lepcha,Varun Sood,Bipul Sharma,0,0,,,,,,,,,
1244380,2020/21,2021-01-17,IC-Gurunanak College Ground,2,4.6,Sikkim,Chandigarh,Lee Yong Lepcha,Varun Sood,Bipul Sharma,1,0,,,,,,,,,
1244380,2020/21,2021-01-17,IC-Gurunanak College Ground,2,5.1,Sikkim,Chandigarh,Lee Yong Lepcha,Varun Sood,Jaskaran Singh,0,0,,,,,,,,,
1244380,2020/21,2021-01-17,IC-Gurunanak College Ground,2,5.2,Sikkim,Chandigarh,Lee Yong Lepcha,Varun Sood,Jaskaran Singh,0,0,,,,,,,,,
1244380,2020/21,2021-01-17,IC-Gurunanak College Ground,2,5.3,Sikkim,Chandigarh,Lee Yong Lepcha,Varun Sood,Jaskaran Singh,0,0,,,,,,,,,
1244380,2020/21,2021-01-17,IC-Gurunanak College Ground,2,5.4,Sikkim,Chandigarh,Lee Yong Lepcha,Varun Sood,Jaskaran Singh,0,1,,1,,,,,,,
1244380,2020/21,2021-01-17,IC-Gurunanak College Ground,2,5.5,Sikkim,Chandigarh,Lee Yong Lepcha,Varun Sood,Jaskaran Singh,0,0,,,,,,,,,
1244380,2020/21,2021-01-17,IC-Gurunanak College Ground,2,5.6,Sikkim,Chandigarh,Lee Yong Lepcha,Varun Sood,Jaskaran Singh,0,0,,,,,,,,,
1244380,2020/21,2021-01-17,IC-Gurunanak College Ground,2,5.7,Sikkim,Chandigarh,Lee Yong Lepcha,Varun Sood,Jaskaran Singh,0,0,,,,,,,,,
1244380,2020/21,2021-01-17,IC-Gurunanak College Ground,2,6.1,Sikkim,Chandigarh,Varun Sood,Lee Yong Lepcha,Gaurav Gambhir,0,0,,,,,,,,,
1244380,2020/21,2021-01-17,IC-Gurunanak College Ground,2,6.2,Sikkim,Chandigarh,Varun Sood,Lee Yong Lepcha,Gaurav Gambhir,4,0,,,,,,,,,
1244380,2020/21,2021-01-17,IC-Gurunanak College Ground,2,6.3,Sikkim,Chandigarh,Varun Sood,Lee Yong Lepcha,Gaurav Gambhir,1,0,,,,,,,,,
1244380,2020/21,2021-01-17,IC-Gurunanak College Ground,2,6.4,Sikkim,Chandigarh,Lee Yong Lepcha,Varun Sood,Gaurav Gambhir,1,0,,,,,,,,,
1244380,2020/21,2021-01-17,IC-Gurunanak College Ground,2,6.5,Sikkim,Chandigarh,Varun Sood,Lee Yong Lepcha,Gaurav Gambhir,1,0,,,,,,,,,
1244380,2020/21,2021-01-17,IC-Gurunanak College Ground,2,6.6,Sikkim,Chandigarh,Lee Yong Lepcha,Varun Sood,Gaurav Gambhir,0,0,,,,,,,,,
1244380,2020/21,2021-01-17,IC-Gurunanak College Ground,2,7.1,Sikkim,Chandigarh,Varun Sood,Lee Yong Lepcha,Jaskaran Singh,0,0,,,,,,,,,
1244380,2020/21,2021-01-17,IC-Gurunanak College Ground,2,7.2,Sikkim,Chandigarh,Varun Sood,Lee Yong Lepcha,Jaskaran Singh,1,0,,,,,,,,,
1244380,2020/21,2021-01-17,IC-Gurunanak College Ground,2,7.3,Sikkim,Chandigarh,Lee Yong Lepcha,Varun Sood,Jaskaran Singh,0,0,,,,,,,,,
1244380,2020/21,2021-01-17,IC-Gurunanak College Ground,2,7.4,Sikkim,Chandigarh,Lee Yong Lepcha,Varun Sood,Jaskaran Singh,0,0,,,,,,,,,
1244380,2020/21,2021-01-17,IC-Gurunanak College Ground,2,7.5,Sikkim,Chandigarh,Lee Yong Lepcha,Varun Sood,Jaskaran Singh,1,0,,,,,,,,,
1244380,2020/21,2021-01-17,IC-Gurunanak College Ground,2,7.6,Sikkim,Chandigarh,Varun Sood,Lee Yong Lepcha,Jaskaran Singh,0,0,,,,,,,,,
1244380,2020/21,2021-01-17,IC-Gurunanak College Ground,2,8.1,Sikkim,Chandigarh,Lee Yong Lepcha,Varun Sood,Gaurav Gambhir,0,0,,,,,,,,,
1244380,2020/21,2021-01-17,IC-Gurunanak College Ground,2,8.2,Sikkim,Chandigarh,Lee Yong Lepcha,Varun Sood,Gaurav Gambhir,1,0,,,,,,,,,
1244380,2020/21,2021-01-17,IC-Gurunanak College Ground,2,8.3,Sikkim,Chandigarh,Varun Sood,Lee Yong Lepcha,Gaurav Gambhir,1,0,,,,,,,,,
1244380,2020/21,2021-01-17,IC-Gurunanak College Ground,2,8.4,Sikkim,Chandigarh,Lee Yong Lepcha,Varun Sood,Gaurav Gambhir,0,0,,,,,,,,,
1244380,2020/21,2021-01-17,IC-Gurunanak College Ground,2,8.5,Sikkim,Chandigarh,Lee Yong Lepcha,Varun Sood,Gaurav Gambhir,1,0,,,,,,,,,
1244380,2020/21,2021-01-17,IC-Gurunanak College Ground,2,8.6,Sikkim,Chandigarh,Varun Sood,Lee Yong Lepcha,Gaurav Gambhir,1,0,,,,,,,,,
1244380,2020/21,2021-01-17,IC-Gurunanak College Ground,2,9.1,Sikkim,Chandigarh,Varun Sood,Lee Yong Lepcha,Gurinder Singh,0,0,,,,,,,,,
1244380,2020/21,2021-01-17,IC-Gurunanak College Ground,2,9.2,Sikkim,Chandigarh,Varun Sood,Lee Yong Lepcha,Gurinder Singh,0,0,,,,,,,,,
1244380,2020/21,2021-01-17,IC-Gurunanak College Ground,2,9.3,Sikkim,Chandigarh,Varun Sood,Lee Yong Lepcha,Gurinder Singh,0,1,1,,,,,,,,
1244380,2020/21,2021-01-17,IC-Gurunanak College Ground,2,9.4,Sikkim,Chandigarh,Varun Sood,Lee Yong Lepcha,Gurinder Singh,1,0,,,,,,,,,
1244380,2020/21,2021-01-17,IC-Gurunanak College Ground,2,9.5,Sikkim,Chandigarh,Lee Yong Lepcha,Varun Sood,Gurinder Singh,1,0,,,,,,,,,
1244380,2020/21,2021-01-17,IC-Gurunanak College Ground,2,9.6,Sikkim,Chandigarh,Varun Sood,Lee Yong Lepcha,Gurinder Singh,6,0,,,,,,,,,
1244380,2020/21,2021-01-17,IC-Gurunanak College Ground,2,9.7,Sikkim,Chandigarh,Varun Sood,Lee Yong Lepcha,Gurinder Singh,1,0,,,,,,,,,
1244380,2020/21,2021-01-17,IC-Gurunanak College Ground,2,10.1,Sikkim,Chandigarh,Varun Sood,Lee Yong Lepcha,Gaurav Gambhir,0,0,,,,,,,,,
1244380,2020/21,2021-01-17,IC-Gurunanak College Ground,2,10.2,Sikkim,Chandigarh,Varun Sood,Lee Yong Lepcha,Gaurav Gambhir,1,0,,,,,,,,,
1244380,2020/21,2021-01-17,IC-Gurunanak College Ground,2,10.3,Sikkim,Chandigarh,Lee Yong Lepcha,Varun Sood,Gaurav Gambhir,0,0,,,,,,,,,
1244380,2020/21,2021-01-17,IC-Gurunanak College Ground,2,10.4,Sikkim,Chandigarh,Lee Yong Lepcha,Varun Sood,Gaurav Gambhir,0,0,,,,,,,,,
1244380,2020/21,2021-01-17,IC-Gurunanak College Ground,2,10.5,Sikkim,Chandigarh,Lee Yong Lepcha,Varun Sood,Gaurav Gambhir,1,0,,,,,,,,,
1244380,2020/21,2021-01-17,IC-Gurunanak College Ground,2,10.6,Sikkim,Chandigarh,Varun Sood,Lee Yong Lepcha,Gaurav Gambhir,0,0,,,,,,,,,
1244380,2020/21,2021-01-17,IC-Gurunanak College Ground,2,11.1,Sikkim,Chandigarh,Lee Yong Lepcha,Varun Sood,Gurinder Singh,1,0,,,,,,,,,
1244380,2020/21,2021-01-17,IC-Gurunanak College Ground,2,11.2,Sikkim,Chandigarh,Varun Sood,Lee Yong Lepcha,Gurinder Singh,1,0,,,,,,,,,
1244380,2020/21,2021-01-17,IC-Gurunanak College Ground,2,11.3,Sikkim,Chandigarh,Lee Yong Lepcha,Varun Sood,Gurinder Singh,0,0,,,,,,,,,
1244380,2020/21,2021-01-17,IC-Gurunanak College Ground,2,11.4,Sikkim,Chandigarh,Lee Yong Lepcha,Varun Sood,Gurinder Singh,0,0,,,,,,stumped,Lee Yong Lepcha,,
1244380,2020/21,2021-01-17,IC-Gurunanak College Ground,2,11.5,Sikkim,Chandigarh,Palzor Tamang,Varun Sood,Gurinder Singh,1,0,,,,,,,,,
1244380,2020/21,2021-01-17,IC-Gurunanak College Ground,2,11.6,Sikkim,Chandigarh,Varun Sood,Palzor Tamang,Gurinder Singh,0,0,,,,,,,,,
1244380,2020/21,2021-01-17,IC-Gurunanak College Ground,2,12.1,Sikkim,Chandigarh,Palzor Tamang,Varun Sood,Gaurav Gambhir,0,1,,,,1,,,,,
1244380,2020/21,2021-01-17,IC-Gurunanak College Ground,2,12.2,Sikkim,Chandigarh,Varun Sood,Palzor Tamang,Gaurav Gambhir,0,0,,,,,,,,,
1244380,2020/21,2021-01-17,IC-Gurunanak College Ground,2,12.3,Sikkim,Chandigarh,Varun Sood,Palzor Tamang,Gaurav Gambhir,0,0,,,,,,,,,
1244380,2020/21,2021-01-17,IC-Gurunanak College Ground,2,12.4,Sikkim,Chandigarh,Varun Sood,Palzor Tamang,Gaurav Gambhir,0,0,,,,,,,,,
1244380,2020/21,2021-01-17,IC-Gurunanak College Ground,2,12.5,Sikkim,Chandigarh,Varun Sood,Palzor Tamang,Gaurav Gambhir,1,0,,,,,,,,,
1244380,2020/21,2021-01-17,IC-Gurunanak College Ground,2,12.6,Sikkim,Chandigarh,Palzor Tamang,Varun Sood,Gaurav Gambhir,1,0,,,,,,,,,
1244380,2020/21,2021-01-17,IC-Gurunanak College Ground,2,13.1,Sikkim,Chandigarh,Palzor Tamang,Varun Sood,Gurinder Singh,0,0,,,,,,,,,
1244380,2020/21,2021-01-17,IC-Gurunanak College Ground,2,13.2,Sikkim,Chandigarh,Palzor Tamang,Varun Sood,Gurinder Singh,0,0,,,,,,,,,
1244380,2020/21,2021-01-17,IC-Gurunanak College Ground,2,13.3,Sikkim,Chandigarh,Palzor Tamang,Varun Sood,Gurinder Singh,4,0,,,,,,,,,
1244380,2020/21,2021-01-17,IC-Gurunanak College Ground,2,13.4,Sikkim,Chandigarh,Palzor Tamang,Varun Sood,Gurinder Singh,0,0,,,,,,,,,
1244380,2020/21,2021-01-17,IC-Gurunanak College Ground,2,13.5,Sikkim,Chandigarh,Palzor Tamang,Varun Sood,Gurinder Singh,0,0,,,,,,,,,
1244380,2020/21,2021-01-17,IC-Gurunanak College Ground,2,13.6,Sikkim,Chandigarh,Palzor Tamang,Varun Sood,Gurinder Singh,0,0,,,,,,,,,
1244380,2020/21,2021-01-17,IC-Gurunanak College Ground,2,14.1,Sikkim,Chandigarh,Varun Sood,Palzor Tamang,Bhagmender Lather,1,0,,,,,,,,,
1244380,2020/21,2021-01-17,IC-Gurunanak College Ground,2,14.2,Sikkim,Chandigarh,Palzor Tamang,Varun Sood,Bhagmender Lather,0,0,,,,,,,,,
1244380,2020/21,2021-01-17,IC-Gurunanak College Ground,2,14.3,Sikkim,Chandigarh,Palzor Tamang,Varun Sood,Bhagmender Lather,0,0,,,,,,,,,
1244380,2020/21,2021-01-17,IC-Gurunanak College Ground,2,14.4,Sikkim,Chandigarh,Palzor Tamang,Varun Sood,Bhagmender Lather,1,0,,,,,,,,,
1244380,2020/21,2021-01-17,IC-Gurunanak College Ground,2,14.5,Sikkim,Chandigarh,Varun Sood,Palzor Tamang,Bhagmender Lather,1,0,,,,,,,,,
1244380,2020/21,2021-01-17,IC-Gurunanak College Ground,2,14.6,Sikkim,Chandigarh,Palzor Tamang,Varun Sood,Bhagmender Lather,0,0,,,,,,,,,
1244380,2020/21,2021-01-17,IC-Gurunanak College Ground,2,15.1,Sikkim,Chandigarh,Varun Sood,Palzor Tamang,Gurinder Singh,0,0,,,,,,,,,
1244380,2020/21,2021-01-17,IC-Gurunanak College Ground,2,15.2,Sikkim,Chandigarh,Varun Sood,Palzor Tamang,Gurinder Singh,1,0,,,,,,,,,
1244380,2020/21,2021-01-17,IC-Gurunanak College Ground,2,15.3,Sikkim,Chandigarh,Palzor Tamang,Varun Sood,Gurinder Singh,0,0,,,,,,,,,
1244380,2020/21,2021-01-17,IC-Gurunanak College Ground,2,15.4,Sikkim,Chandigarh,Palzor Tamang,Varun Sood,Gurinder Singh,1,0,,,,,,,,,
1244380,2020/21,2021-01-17,IC-Gurunanak College Ground,2,15.5,Sikkim,Chandigarh,Varun Sood,Palzor Tamang,Gurinder Singh,1,0,,,,,,,,,
1244380,2020/21,2021-01-17,IC-Gurunanak College Ground,2,15.6,Sikkim,Chandigarh,Palzor Tamang,Varun Sood,Gurinder Singh,1,0,,,,,,,,,
1244380,2020/21,2021-01-17,IC-Gurunanak College Ground,2,16.1,Sikkim,Chandigarh,Palzor Tamang,Varun Sood,Bhagmender Lather,1,0,,,,,,,,,
1244380,2020/21,2021-01-17,IC-Gurunanak College Ground,2,16.2,Sikkim,Chandigarh,Varun Sood,Palzor Tamang,Bhagmender Lather,0,0,,,,,,,,,
1244380,2020/21,2021-01-17,IC-Gurunanak College Ground,2,16.3,Sikkim,Chandigarh,Varun Sood,Palzor Tamang,Bhagmender Lather,6,0,,,,,,,,,
1244380,2020/21,2021-01-17,IC-Gurunanak College Ground,2,16.4,Sikkim,Chandigarh,Varun Sood,Palzor Tamang,Bhagmender Lather,1,0,,,,,,,,,
1244380,2020/21,2021-01-17,IC-Gurunanak College Ground,2,16.5,Sikkim,Chandigarh,Palzor Tamang,Varun Sood,Bhagmender Lather,0,0,,,,,,caught,Palzor Tamang,,
1244380,2020/21,2021-01-17,IC-Gurunanak College Ground,2,16.6,Sikkim,Chandigarh,Anureet Singh,Varun Sood,Bhagmender Lather,0,0,,,,,,,,,
1244380,2020/21,2021-01-17,IC-Gurunanak College Ground,2,17.1,Sikkim,Chandigarh,Varun Sood,Anureet Singh,Jaskaran Singh,1,0,,,,,,,,,
1244380,2020/21,2021-01-17,IC-Gurunanak College Ground,2,17.2,Sikkim,Chandigarh,Anureet Singh,Varun Sood,Jaskaran Singh,4,0,,,,,,,,,
1244380,2020/21,2021-01-17,IC-Gurunanak College Ground,2,17.3,Sikkim,Chandigarh,Anureet Singh,Varun Sood,Jaskaran Singh,0,1,,,,1,,,,,
1244380,2020/21,2021-01-17,IC-Gurunanak College Ground,2,17.4,Sikkim,Chandigarh,Varun Sood,Anureet Singh,Jaskaran Singh,0,0,,,,,,,,,
1244380,2020/21,2021-01-17,IC-Gurunanak College Ground,2,17.5,Sikkim,Chandigarh,Varun Sood,Anureet Singh,Jaskaran Singh,0,0,,,,,,,,,
1244380,2020/21,2021-01-17,IC-Gurunanak College Ground,2,17.6,Sikkim,Chandigarh,Varun Sood,Anureet Singh,Jaskaran Singh,0,0,,,,,,,,,
1244380,2020/21,2021-01-17,IC-Gurunanak College Ground,2,18.1,Sikkim,Chandigarh,Anureet Singh,Varun Sood,Bhagmender Lather,0,0,,,,,,,,,
1244380,2020/21,2021-01-17,IC-Gurunanak College Ground,2,18.2,Sikkim,Chandigarh,Anureet Singh,Varun Sood,Bhagmender Lather,0,0,,,,,,,,,
1244380,2020/21,2021-01-17,IC-Gurunanak College Ground,2,18.3,Sikkim,Chandigarh,Anureet Singh,Varun Sood,Bhagmender Lather,1,0,,,,,,,,,
1244380,2020/21,2021-01-17,IC-Gurunanak College Ground,2,18.4,Sikkim,Chandigarh,Varun Sood,Anureet Singh,Bhagmender Lather,0,1,1,,,,,,,,
1244380,2020/21,2021-01-17,IC-Gurunanak College Ground,2,18.5,Sikkim,Chandigarh,Varun Sood,Anureet Singh,Bhagmender Lather,1,0,,,,,,,,,
1244380,2020/21,2021-01-17,IC-Gurunanak College Ground,2,18.6,Sikkim,Chandigarh,Anureet Singh,Varun Sood,Bhagmender Lather,0,0,,,,,,,,,
1244380,2020/21,2021-01-17,IC-Gurunanak College Ground,2,18.7,Sikkim,Chandigarh,Anureet Singh,Varun Sood,Bhagmender Lather,0,0,,,,,,,,,
1244380,2020/21,2021-01-17,IC-Gurunanak College Ground,2,19.1,Sikkim,Chandigarh,Varun Sood,Anureet Singh,Jagjit Singh,0,0,,,,,,,,,
1244380,2020/21,2021-01-17,IC-Gurunanak College Ground,2,19.2,Sikkim,Chandigarh,Varun Sood,Anureet Singh,Jagjit Singh,1,0,,,,,,,,,
1244380,2020/21,2021-01-17,IC-Gurunanak College Ground,2,19.3,Sikkim,Chandigarh,Anureet Singh,Varun Sood,Jagjit Singh,0,0,,,,,,,,,
1244380,2020/21,2021-01-17,IC-Gurunanak College Ground,2,19.4,Sikkim,Chandigarh,Anureet Singh,Varun Sood,Jagjit Singh,0,0,,,,,,,,,
1244380,2020/21,2021-01-17,IC-Gurunanak College Ground,2,19.5,Sikkim,Chandigarh,Anureet Singh,Varun Sood,Jagjit Singh,0,1,1,,,,,,,,
1244380,2020/21,2021-01-17,IC-Gurunanak College Ground,2,19.6,Sikkim,Chandigarh,Anureet Singh,Varun Sood,Jagjit Singh,1,0,,,,,,,,,
1244380,2020/21,2021-01-17,IC-Gurunanak College Ground,2,19.7,Sikkim,Chandigarh,Varun Sood,Anureet Singh,Jagjit Singh,0,0,,,,,,,,,
