match_id,season,start_date,venue,innings,ball,batting_team,bowling_team,striker,non_striker,bowler,runs_off_bat,extras,wides,noballs,byes,legbyes,penalty,wicket_type,player_dismissed,other_wicket_type,other_player_dismissed
1244398,2020/21,2021-01-19,Sri Ramachandra Medical College,1,0.1,Sikkim,Meghalaya,Nilesh Lamichaney,Varun Sood,Abhay Negi,2,0,,,,,,,,,
1244398,2020/21,2021-01-19,Sri Ramachandra Medical College,1,0.2,Sikkim,Meghalaya,Nilesh Lamichaney,Varun Sood,Abhay Negi,0,0,,,,,,,,,
1244398,2020/21,2021-01-19,Sri Ramachandra Medical College,1,0.3,Sikkim,Meghalaya,Nilesh Lamichaney,Varun Sood,Abhay Negi,0,0,,,,,,,,,
1244398,2020/21,2021-01-19,Sri Ramachandra Medical College,1,0.4,Sikkim,Meghalaya,Nilesh Lamichaney,Varun Sood,Abhay Negi,0,0,,,,,,,,,
1244398,2020/21,2021-01-19,Sri Ramachandra Medical College,1,0.5,Sikkim,Meghalaya,Nilesh Lamichaney,Varun Sood,Abhay Negi,0,0,,,,,,,,,
1244398,2020/21,2021-01-19,Sri Ramachandra Medical College,1,0.6,Sikkim,Meghalaya,Nilesh Lamichaney,Varun Sood,Abhay Negi,1,0,,,,,,,,,
1244398,2020/21,2021-01-19,Sri Ramachandra Medical College,1,1.1,Sikkim,Meghalaya,Nilesh Lamichaney,Varun Sood,R Sanjay Yadav,0,0,,,,,,,,,
1244398,2020/21,2021-01-19,Sri Ramachandra Medical College,1,1.2,Sikkim,Meghalaya,Nilesh Lamichaney,Varun Sood,R Sanjay Yadav,0,0,,,,,,,,,
1244398,2020/21,2021-01-19,Sri Ramachandra Medical College,1,1.3,Sikkim,Meghalaya,Nilesh Lamichaney,Varun Sood,R Sanjay Yadav,0,0,,,,,,,,,
1244398,2020/21,2021-01-19,Sri Ramachandra Medical College,1,1.4,Sikkim,Meghalaya,Nilesh Lamichaney,Varun Sood,R Sanjay Yadav,0,0,,,,,,bowled,Nilesh Lamichaney,,
1244398,2020/21,2021-01-19,Sri Ramachandra Medical College,1,1.5,Sikkim,Meghalaya,Robin Bist,Varun Sood,R Sanjay Yadav,0,0,,,,,,,,,
1244398,2020/21,2021-01-19,Sri Ramachandra Medical College,1,1.6,Sikkim,Meghalaya,Robin Bist,Varun Sood,R Sanjay Yadav,0,0,,,,,,,,,
1244398,2020/21,2021-01-19,Sri Ramachandra Medical College,1,2.1,Sikkim,Meghalaya,Varun Sood,Robin Bist,Abhay Negi,0,0,,,,,,,,,
1244398,2020/21,2021-01-19,Sri Ramachandra Medical College,1,2.2,Sikkim,Meghalaya,Varun Sood,Robin Bist,Abhay Negi,0,0,,,,,,,,,
1244398,2020/21,2021-01-19,Sri Ramachandra Medical College,1,2.3,Sikkim,Meghalaya,Varun Sood,Robin Bist,Abhay Negi,5,0,,,,,,,,,
1244398,2020/21,2021-01-19,Sri Ramachandra Medical College,1,2.4,Sikkim,Meghalaya,Robin Bist,Varun Sood,Abhay Negi,0,0,,,,,,,,,
1244398,2020/21,2021-01-19,Sri Ramachandra Medical College,1,2.5,Sikkim,Meghalaya,Robin Bist,Varun Sood,Abhay Negi,0,0,,,,,,,,,
1244398,2020/21,2021-01-19,Sri Ramachandra Medical College,1,2.6,Sikkim,Meghalaya,Robin Bist,Varun Sood,Abhay Negi,0,0,,,,,,,,,
1244398,2020/21,2021-01-19,Sri Ramachandra Medical College,1,3.1,Sikkim,Meghalaya,Varun Sood,Robin Bist,Akash Choudhary,4,0,,,,,,,,,
1244398,2020/21,2021-01-19,Sri Ramachandra Medical College,1,3.2,Sikkim,Meghalaya,Varun Sood,Robin Bist,Akash Choudhary,1,0,,,,,,,,,
1244398,2020/21,2021-01-19,Sri Ramachandra Medical College,1,3.3,Sikkim,Meghalaya,Robin Bist,Varun Sood,Akash Choudhary,0,0,,,,,,,,,
1244398,2020/21,2021-01-19,Sri Ramachandra Medical College,1,3.4,Sikkim,Meghalaya,Robin Bist,Varun Sood,Akash Choudhary,0,0,,,,,,,,,
1244398,2020/21,2021-01-19,Sri Ramachandra Medical College,1,3.5,Sikkim,Meghalaya,Robin Bist,Varun Sood,Akash Choudhary,0,0,,,,,,,,,
1244398,2020/21,2021-01-19,Sri Ramachandra Medical College,1,3.6,Sikkim,Meghalaya,Robin Bist,Varun Sood,Akash Choudhary,0,0,,,,,,,,,
1244398,2020/21,2021-01-19,Sri Ramachandra Medical College,1,4.1,Sikkim,Meghalaya,Varun Sood,Robin Bist,Chengkam Sangma,0,0,,,,,,,,,
1244398,2020/21,2021-01-19,Sri Ramachandra Medical College,1,4.2,Sikkim,Meghalaya,Varun Sood,Robin Bist,Chengkam Sangma,0,0,,,,,,,,,
1244398,2020/21,2021-01-19,Sri Ramachandra Medical College,1,4.3,Sikkim,Meghalaya,Varun Sood,Robin Bist,Chengkam Sangma,1,0,,,,,,,,,
1244398,2020/21,2021-01-19,Sri Ramachandra Medical College,1,4.4,Sikkim,Meghalaya,Robin Bist,Varun Sood,Chengkam Sangma,1,0,,,,,,,,,
1244398,2020/21,2021-01-19,Sri Ramachandra Medical College,1,4.5,Sikkim,Meghalaya,Varun Sood,Robin Bist,Chengkam Sangma,0,0,,,,,,,,,
1244398,2020/21,2021-01-19,Sri Ramachandra Medical College,1,4.6,Sikkim,Meghalaya,Varun Sood,Robin Bist,Chengkam Sangma,0,0,,,,,,,,,
1244398,2020/21,2021-01-19,Sri Ramachandra Medical College,1,5.1,Sikkim,Meghalaya,Robin Bist,Varun Sood,Akash Choudhary,0,1,1,,,,,,,,
1244398,2020/21,2021-01-19,Sri Ramachandra Medical College,1,5.2,Sikkim,Meghalaya,Robin Bist,Varun Sood,Akash Choudhary,0,0,,,,,,caught,Robin Bist,,
1244398,2020/21,2021-01-19,Sri Ramachandra Medical College,1,5.3,Sikkim,Meghalaya,Anureet Singh,Varun Sood,Akash Choudhary,0,0,,,,,,,,,
1244398,2020/21,2021-01-19,Sri Ramachandra Medical College,1,5.4,Sikkim,Meghalaya,Anureet Singh,Varun Sood,Akash Choudhary,4,0,,,,,,,,,
1244398,2020/21,2021-01-19,Sri Ramachandra Medical College,1,5.5,Sikkim,Meghalaya,Anureet Singh,Varun Sood,Akash Choudhary,0,0,,,,,,,,,
1244398,2020/21,2021-01-19,Sri Ramachandra Medical College,1,5.6,Sikkim,Meghalaya,Anureet Singh,Varun Sood,Akash Choudhary,0,0,,,,,,,,,
1244398,2020/21,2021-01-19,Sri Ramachandra Medical College,1,5.7,Sikkim,Meghalaya,Anureet Singh,Varun Sood,Akash Choudhary,0,1,1,,,,,,,,
1244398,2020/21,2021-01-19,Sri Ramachandra Medical College,1,5.8,Sikkim,Meghalaya,Anureet Singh,Varun Sood,Akash Choudhary,0,0,,,,,,,,,
1244398,2020/21,2021-01-19,Sri Ramachandra Medical College,1,6.1,Sikkim,Meghalaya,Varun Sood,Anureet Singh,R Sanjay Yadav,1,0,,,,,,,,,
1244398,2020/21,2021-01-19,Sri Ramachandra Medical College,1,6.2,Sikkim,Meghalaya,Anureet Singh,Varun Sood,R Sanjay Yadav,1,0,,,,,,,,,
1244398,2020/21,2021-01-19,Sri Ramachandra Medical College,1,6.3,Sikkim,Meghalaya,Varun Sood,Anureet Singh,R Sanjay Yadav,0,0,,,,,,,,,
1244398,2020/21,2021-01-19,Sri Ramachandra Medical College,1,6.4,Sikkim,Meghalaya,Varun Sood,Anureet Singh,R Sanjay Yadav,6,0,,,,,,,,,
1244398,2020/21,2021-01-19,Sri Ramachandra Medical College,1,6.5,Sikkim,Meghalaya,Varun Sood,Anureet Singh,R Sanjay Yadav,1,0,,,,,,,,,
1244398,2020/21,2021-01-19,Sri Ramachandra Medical College,1,6.6,Sikkim,Meghalaya,Anureet Singh,Varun Sood,R Sanjay Yadav,0,0,,,,,,,,,
1244398,2020/21,2021-01-19,Sri Ramachandra Medical College,1,7.1,Sikkim,Meghalaya,Varun Sood,Anureet Singh,Chengkam Sangma,1,0,,,,,,,,,
1244398,2020/21,2021-01-19,Sri Ramachandra Medical College,1,7.2,Sikkim,Meghalaya,Anureet Singh,Varun Sood,Chengkam Sangma,0,0,,,,,,,,,
1244398,2020/21,2021-01-19,Sri Ramachandra Medical College,1,7.3,Sikkim,Meghalaya,Anureet Singh,Varun Sood,Chengkam Sangma,0,0,,,,,,,,,
1244398,2020/21,2021-01-19,Sri Ramachandra Medical College,1,7.4,Sikkim,Meghalaya,Anureet Singh,Varun Sood,Chengkam Sangma,0,0,,,,,,caught,Anureet Singh,,
1244398,2020/21,2021-01-19,Sri Ramachandra Medical College,1,7.5,Sikkim,Meghalaya,Varun Sood,Palzor Tamang,Chengkam Sangma,0,0,,,,,,,,,
1244398,2020/21,2021-01-19,Sri Ramachandra Medical College,1,7.6,Sikkim,Meghalaya,Varun Sood,Palzor Tamang,Chengkam Sangma,1,0,,,,,,,,,
1244398,2020/21,2021-01-19,Sri Ramachandra Medical College,1,8.1,Sikkim,Meghalaya,Varun Sood,Palzor Tamang,Punit Bisht,1,0,,,,,,,,,
1244398,2020/21,2021-01-19,Sri Ramachandra Medical College,1,8.2,Sikkim,Meghalaya,Palzor Tamang,Varun Sood,Punit Bisht,0,0,,,,,,,,,
1244398,2020/21,2021-01-19,Sri Ramachandra Medical College,1,8.3,Sikkim,Meghalaya,Palzor Tamang,Varun Sood,Punit Bisht,0,0,,,,,,,,,
1244398,2020/21,2021-01-19,Sri Ramachandra Medical College,1,8.4,Sikkim,Meghalaya,Palzor Tamang,Varun Sood,Punit Bisht,0,0,,,,,,,,,
1244398,2020/21,2021-01-19,Sri Ramachandra Medical College,1,8.5,Sikkim,Meghalaya,Palzor Tamang,Varun Sood,Punit Bisht,4,0,,,,,,,,,
1244398,2020/21,2021-01-19,Sri Ramachandra Medical College,1,8.6,Sikkim,Meghalaya,Palzor Tamang,Varun Sood,Punit Bisht,6,0,,,,,,,,,
1244398,2020/21,2021-01-19,Sri Ramachandra Medical College,1,9.1,Sikkim,Meghalaya,Varun Sood,Palzor Tamang,Chengkam Sangma,0,0,,,,,,,,,
1244398,2020/21,2021-01-19,Sri Ramachandra Medical College,1,9.2,Sikkim,Meghalaya,Varun Sood,Palzor Tamang,Chengkam Sangma,4,0,,,,,,,,,
1244398,2020/21,2021-01-19,Sri Ramachandra Medical College,1,9.3,Sikkim,Meghalaya,Varun Sood,Palzor Tamang,Chengkam Sangma,0,0,,,,,,,,,
1244398,2020/21,2021-01-19,Sri Ramachandra Medical College,1,9.4,Sikkim,Meghalaya,Varun Sood,Palzor Tamang,Chengkam Sangma,0,0,,,,,,,,,
1244398,2020/21,2021-01-19,Sri Ramachandra Medical College,1,9.5,Sikkim,Meghalaya,Varun Sood,Palzor Tamang,Chengkam Sangma,0,0,,,,,,,,,
1244398,2020/21,2021-01-19,Sri Ramachandra Medical College,1,9.6,Sikkim,Meghalaya,Varun Sood,Palzor Tamang,Chengkam Sangma,0,0,,,,,,,,,
1244398,2020/21,2021-01-19,Sri Ramachandra Medical College,1,10.1,Sikkim,Meghalaya,Palzor Tamang,Varun Sood,Dippu Sangma,0,0,,,,,,,,,
1244398,2020/21,2021-01-19,Sri Ramachandra Medical College,1,10.2,Sikkim,Meghalaya,Palzor Tamang,Varun Sood,Dippu Sangma,0,0,,,,,,caught,Palzor Tamang,,
1244398,2020/21,2021-01-19,Sri Ramachandra Medical College,1,10.3,Sikkim,Meghalaya,Ashish Thapa,Varun Sood,Dippu Sangma,0,0,,,,,,,,,
1244398,2020/21,2021-01-19,Sri Ramachandra Medical College,1,10.4,Sikkim,Meghalaya,Ashish Thapa,Varun Sood,Dippu Sangma,0,0,,,,,,,,,
1244398,2020/21,2021-01-19,Sri Ramachandra Medical College,1,10.5,Sikkim,Meghalaya,Ashish Thapa,Varun Sood,Dippu Sangma,0,0,,,,,,,,,
1244398,2020/21,2021-01-19,Sri Ramachandra Medical College,1,10.6,Sikkim,Meghalaya,Ashish Thapa,Varun Sood,Dippu Sangma,0,0,,,,,,,,,
1244398,2020/21,2021-01-19,Sri Ramachandra Medical College,1,11.1,Sikkim,Meghalaya,Varun Sood,Ashish Thapa,Chengkam Sangma,0,0,,,,,,,,,
1244398,2020/21,2021-01-19,Sri Ramachandra Medical College,1,11.2,Sikkim,Meghalaya,Varun Sood,Ashish Thapa,Chengkam Sangma,1,0,,,,,,,,,
1244398,2020/21,2021-01-19,Sri Ramachandra Medical College,1,11.3,Sikkim,Meghalaya,Ashish Thapa,Varun Sood,Chengkam Sangma,0,1,1,,,,,,,,
1244398,2020/21,2021-01-19,Sri Ramachandra Medical College,1,11.4,Sikkim,Meghalaya,Ashish Thapa,Varun Sood,Chengkam Sangma,0,0,,,,,,,,,
1244398,2020/21,2021-01-19,Sri Ramachandra Medical College,1,11.5,Sikkim,Meghalaya,Ashish Thapa,Varun Sood,Chengkam Sangma,0,0,,,,,,,,,
1244398,2020/21,2021-01-19,Sri Ramachandra Medical College,1,11.6,Sikkim,Meghalaya,Ashish Thapa,Varun Sood,Chengkam Sangma,1,0,,,,,,,,,
1244398,2020/21,2021-01-19,Sri Ramachandra Medical College,1,11.7,Sikkim,Meghalaya,Varun Sood,Ashish Thapa,Chengkam Sangma,1,0,,,,,,,,,
1244398,2020/21,2021-01-19,Sri Ramachandra Medical College,1,12.1,Sikkim,Meghalaya,Varun Sood,Ashish Thapa,Dippu Sangma,0,0,,,,,,,,,
1244398,2020/21,2021-01-19,Sri Ramachandra Medical College,1,12.2,Sikkim,Meghalaya,Varun Sood,Ashish Thapa,Dippu Sangma,1,0,,,,,,,,,
1244398,2020/21,2021-01-19,Sri Ramachandra Medical College,1,12.3,Sikkim,Meghalaya,Ashish Thapa,Varun Sood,Dippu Sangma,0,1,,,,1,,,,,
1244398,2020/21,2021-01-19,Sri Ramachandra Medical College,1,12.4,Sikkim,Meghalaya,Varun Sood,Ashish Thapa,Dippu Sangma,4,0,,,,,,,,,
1244398,2020/21,2021-01-19,Sri Ramachandra Medical College,1,12.5,Sikkim,Meghalaya,Varun Sood,Ashish Thapa,Dippu Sangma,1,0,,,,,,,,,
1244398,2020/21,2021-01-19,Sri Ramachandra Medical College,1,12.6,Sikkim,Meghalaya,Ashish Thapa,Varun Sood,Dippu Sangma,0,0,,,,,,,,,
1244398,2020/21,2021-01-19,Sri Ramachandra Medical College,1,13.1,Sikkim,Meghalaya,Varun Sood,Ashish Thapa,Akash Choudhary,2,0,,,,,,,,,
1244398,2020/21,2021-01-19,Sri Ramachandra Medical College,1,13.2,Sikkim,Meghalaya,Varun Sood,Ashish Thapa,Akash Choudhary,1,0,,,,,,,,,
1244398,2020/21,2021-01-19,Sri Ramachandra Medical College,1,13.3,Sikkim,Meghalaya,Ashish Thapa,Varun Sood,Akash Choudhary,4,0,,,,,,,,,
1244398,2020/21,2021-01-19,Sri Ramachandra Medical College,1,13.4,Sikkim,Meghalaya,Ashish Thapa,Varun Sood,Akash Choudhary,1,0,,,,,,,,,
1244398,2020/21,2021-01-19,Sri Ramachandra Medical College,1,13.5,Sikkim,Meghalaya,Varun Sood,Ashish Thapa,Akash Choudhary,1,0,,,,,,,,,
1244398,2020/21,2021-01-19,Sri Ramachandra Medical College,1,13.6,Sikkim,Meghalaya,Ashish Thapa,Varun Sood,Akash Choudhary,0,0,,,,,,,,,
1244398,2020/21,2021-01-19,Sri Ramachandra Medical College,1,14.1,Sikkim,Meghalaya,Varun Sood,Ashish Thapa,R Sanjay Yadav,0,1,1,,,,,,,,
1244398,2020/21,2021-01-19,Sri Ramachandra Medical College,1,14.2,Sikkim,Meghalaya,Varun Sood,Ashish Thapa,R Sanjay Yadav,0,0,,,,,,,,,
1244398,2020/21,2021-01-19,Sri Ramachandra Medical College,1,14.3,Sikkim,Meghalaya,Varun Sood,Ashish Thapa,R Sanjay Yadav,1,0,,,,,,,,,
1244398,2020/21,2021-01-19,Sri Ramachandra Medical College,1,14.4,Sikkim,Meghalaya,Ashish Thapa,Varun Sood,R Sanjay Yadav,1,0,,,,,,,,,
1244398,2020/21,2021-01-19,Sri Ramachandra Medical College,1,14.5,Sikkim,Meghalaya,Varun Sood,Ashish Thapa,R Sanjay Yadav,1,0,,,,,,,,,
1244398,2020/21,2021-01-19,Sri Ramachandra Medical College,1,14.6,Sikkim,Meghalaya,Ashish Thapa,Varun Sood,R Sanjay Yadav,0,0,,,,,,,,,
1244398,2020/21,2021-01-19,Sri Ramachandra Medical College,1,14.7,Sikkim,Meghalaya,Ashish Thapa,Varun Sood,R Sanjay Yadav,0,0,,,,,,lbw,Ashish Thapa,,
1244398,2020/21,2021-01-19,Sri Ramachandra Medical College,1,15.1,Sikkim,Meghalaya,Varun Sood,Mandup Bhutia,Akash Choudhary,0,0,,,,,,,,,
1244398,2020/21,2021-01-19,Sri Ramachandra Medical College,1,15.2,Sikkim,Meghalaya,Varun Sood,Mandup Bhutia,Akash Choudhary,1,0,,,,,,,,,
1244398,2020/21,2021-01-19,Sri Ramachandra Medical College,1,15.3,Sikkim,Meghalaya,Mandup Bhutia,Varun Sood,Akash Choudhary,0,0,,,,,,,,,
1244398,2020/21,2021-01-19,Sri Ramachandra Medical College,1,15.4,Sikkim,Meghalaya,Mandup Bhutia,Varun Sood,Akash Choudhary,4,0,,,,,,,,,
1244398,2020/21,2021-01-19,Sri Ramachandra Medical College,1,15.5,Sikkim,Meghalaya,Mandup Bhutia,Varun Sood,Akash Choudhary,0,0,,,,,,,,,
1244398,2020/21,2021-01-19,Sri Ramachandra Medical College,1,15.6,Sikkim,Meghalaya,Mandup Bhutia,Varun Sood,Akash Choudhary,1,0,,,,,,,,,
1244398,2020/21,2021-01-19,Sri Ramachandra Medical College,1,16.1,Sikkim,Meghalaya,Mandup Bhutia,Varun Sood,R Sanjay Yadav,0,0,,,,,,,,,
1244398,2020/21,2021-01-19,Sri Ramachandra Medical College,1,16.2,Sikkim,Meghalaya,Mandup Bhutia,Varun Sood,R Sanjay Yadav,0,0,,,,,,,,,
1244398,2020/21,2021-01-19,Sri Ramachandra Medical College,1,16.3,Sikkim,Meghalaya,Mandup Bhutia,Varun Sood,R Sanjay Yadav,0,0,,,,,,,,,
1244398,2020/21,2021-01-19,Sri Ramachandra Medical College,1,16.4,Sikkim,Meghalaya,Mandup Bhutia,Varun Sood,R Sanjay Yadav,6,0,,,,,,,,,
1244398,2020/21,2021-01-19,Sri Ramachandra Medical College,1,16.5,Sikkim,Meghalaya,Mandup Bhutia,Varun Sood,R Sanjay Yadav,4,0,,,,,,,,,
1244398,2020/21,2021-01-19,Sri Ramachandra Medical College,1,16.6,Sikkim,Meghalaya,Mandup Bhutia,Varun Sood,R Sanjay Yadav,1,0,,,,,,,,,
1244398,2020/21,2021-01-19,Sri Ramachandra Medical College,1,17.1,Sikkim,Meghalaya,Mandup Bhutia,Varun Sood,Abhay Negi,0,1,,,,1,,,,,
1244398,2020/21,2021-01-19,Sri Ramachandra Medical College,1,17.2,Sikkim,Meghalaya,Varun Sood,Mandup Bhutia,Abhay Negi,1,0,,,,,,,,,
1244398,2020/21,2021-01-19,Sri Ramachandra Medical College,1,17.3,Sikkim,Meghalaya,Mandup Bhutia,Varun Sood,Abhay Negi,0,0,,,,,,,,,
1244398,2020/21,2021-01-19,Sri Ramachandra Medical College,1,17.4,Sikkim,Meghalaya,Mandup Bhutia,Varun Sood,Abhay Negi,1,0,,,,,,,,,
1244398,2020/21,2021-01-19,Sri Ramachandra Medical College,1,17.5,Sikkim,Meghalaya,Varun Sood,Mandup Bhutia,Abhay Negi,0,0,,,,,,,,,
1244398,2020/21,2021-01-19,Sri Ramachandra Medical College,1,17.6,Sikkim,Meghalaya,Varun Sood,Mandup Bhutia,Abhay Negi,1,0,,,,,,,,,
1244398,2020/21,2021-01-19,Sri Ramachandra Medical College,1,18.1,Sikkim,Meghalaya,Varun Sood,Mandup Bhutia,Dippu Sangma,0,0,,,,,,,,,
1244398,2020/21,2021-01-19,Sri Ramachandra Medical College,1,18.2,Sikkim,Meghalaya,Varun Sood,Mandup Bhutia,Dippu Sangma,1,0,,,,,,,,,
1244398,2020/21,2021-01-19,Sri Ramachandra Medical College,1,18.3,Sikkim,Meghalaya,Mandup Bhutia,Varun Sood,Dippu Sangma,0,0,,,,,,,,,
1244398,2020/21,2021-01-19,Sri Ramachandra Medical College,1,18.4,Sikkim,Meghalaya,Mandup Bhutia,Varun Sood,Dippu Sangma,0,0,,,,,,,,,
1244398,2020/21,2021-01-19,Sri Ramachandra Medical College,1,18.5,Sikkim,Meghalaya,Mandup Bhutia,Varun Sood,Dippu Sangma,1,0,,,,,,,,,
1244398,2020/21,2021-01-19,Sri Ramachandra Medical College,1,18.6,Sikkim,Meghalaya,Varun Sood,Mandup Bhutia,Dippu Sangma,1,0,,,,,,,,,
1244398,2020/21,2021-01-19,Sri Ramachandra Medical College,1,19.1,Sikkim,Meghalaya,Varun Sood,Mandup Bhutia,Abhay Negi,1,0,,,,,,,,,
1244398,2020/21,2021-01-19,Sri Ramachandra Medical College,1,19.2,Sikkim,Meghalaya,Mandup Bhutia,Varun Sood,Abhay Negi,1,0,,,,,,,,,
1244398,2020/21,2021-01-19,Sri Ramachandra Medical College,1,19.3,Sikkim,Meghalaya,Varun Sood,Mandup Bhutia,Abhay Negi,0,0,,,,,,,,,
1244398,2020/21,2021-01-19,Sri Ramachandra Medical College,1,19.4,Sikkim,Meghalaya,Varun Sood,Mandup Bhutia,Abhay Negi,4,0,,,,,,,,,
1244398,2020/21,2021-01-19,Sri Ramachandra Medical College,1,19.5,Sikkim,Meghalaya,Varun Sood,Mandup Bhutia,Abhay Negi,6,0,,,,,,,,,
1244398,2020/21,2021-01-19,Sri Ramachandra Medical College,1,19.6,Sikkim,Meghalaya,Varun Sood,Mandup Bhutia,Abhay Negi,4,0,,,,,,,,,
1244398,2020/21,2021-01-19,Sri Ramachandra Medical College,2,0.1,Meghalaya,Sikkim,Rohit Shah,DB Ravi Teja,Anureet Singh,0,1,1,,,,,,,,
1244398,2020/21,2021-01-19,Sri Ramachandra Medical College,2,0.2,Meghalaya,Sikkim,Rohit Shah,DB Ravi Teja,Anureet Singh,0,4,,,,4,,,,,
1244398,2020/21,2021-01-19,Sri Ramachandra Medical College,2,0.3,Meghalaya,Sikkim,Rohit Shah,DB Ravi Teja,Anureet Singh,0,0,,,,,,,,,
1244398,2020/21,2021-01-19,Sri Ramachandra Medical College,2,0.4,Meghalaya,Sikkim,Rohit Shah,DB Ravi Teja,Anureet Singh,4,0,,,,,,,,,
1244398,2020/21,2021-01-19,Sri Ramachandra Medical College,2,0.5,Meghalaya,Sikkim,Rohit Shah,DB Ravi Teja,Anureet Singh,0,0,,,,,,,,,
1244398,2020/21,2021-01-19,Sri Ramachandra Medical College,2,0.6,Meghalaya,Sikkim,Rohit Shah,DB Ravi Teja,Anureet Singh,0,0,,,,,,,,,
1244398,2020/21,2021-01-19,Sri Ramachandra Medical College,2,0.7,Meghalaya,Sikkim,Rohit Shah,DB Ravi Teja,Anureet Singh,0,0,,,,,,,,,
1244398,2020/21,2021-01-19,Sri Ramachandra Medical College,2,1.1,Meghalaya,Sikkim,DB Ravi Teja,Rohit Shah,Varun Sood,0,0,,,,,,,,,
1244398,2020/21,2021-01-19,Sri Ramachandra Medical College,2,1.2,Meghalaya,Sikkim,DB Ravi Teja,Rohit Shah,Varun Sood,0,0,,,,,,,,,
1244398,2020/21,2021-01-19,Sri Ramachandra Medical College,2,1.3,Meghalaya,Sikkim,DB Ravi Teja,Rohit Shah,Varun Sood,1,0,,,,,,,,,
1244398,2020/21,2021-01-19,Sri Ramachandra Medical College,2,1.4,Meghalaya,Sikkim,Rohit Shah,DB Ravi Teja,Varun Sood,1,0,,,,,,,,,
1244398,2020/21,2021-01-19,Sri Ramachandra Medical College,2,1.5,Meghalaya,Sikkim,DB Ravi Teja,Rohit Shah,Varun Sood,1,0,,,,,,,,,
1244398,2020/21,2021-01-19,Sri Ramachandra Medical College,2,1.6,Meghalaya,Sikkim,Rohit Shah,DB Ravi Teja,Varun Sood,0,0,,,,,,,,,
1244398,2020/21,2021-01-19,Sri Ramachandra Medical College,2,2.1,Meghalaya,Sikkim,DB Ravi Teja,Rohit Shah,Anureet Singh,0,0,,,,,,,,,
1244398,2020/21,2021-01-19,Sri Ramachandra Medical College,2,2.2,Meghalaya,Sikkim,DB Ravi Teja,Rohit Shah,Anureet Singh,0,0,,,,,,,,,
1244398,2020/21,2021-01-19,Sri Ramachandra Medical College,2,2.3,Meghalaya,Sikkim,DB Ravi Teja,Rohit Shah,Anureet Singh,1,0,,,,,,,,,
1244398,2020/21,2021-01-19,Sri Ramachandra Medical College,2,2.4,Meghalaya,Sikkim,Rohit Shah,DB Ravi Teja,Anureet Singh,2,0,,,,,,,,,
1244398,2020/21,2021-01-19,Sri Ramachandra Medical College,2,2.5,Meghalaya,Sikkim,Rohit Shah,DB Ravi Teja,Anureet Singh,1,0,,,,,,,,,
1244398,2020/21,2021-01-19,Sri Ramachandra Medical College,2,2.6,Meghalaya,Sikkim,DB Ravi Teja,Rohit Shah,Anureet Singh,0,0,,,,,,,,,
1244398,2020/21,2021-01-19,Sri Ramachandra Medical College,2,3.1,Meghalaya,Sikkim,Rohit Shah,DB Ravi Teja,Palzor Tamang,0,0,,,,,,,,,
1244398,2020/21,2021-01-19,Sri Ramachandra Medical College,2,3.2,Meghalaya,Sikkim,Rohit Shah,DB Ravi Teja,Palzor Tamang,0,0,,,,,,,,,
1244398,2020/21,2021-01-19,Sri Ramachandra Medical College,2,3.3,Meghalaya,Sikkim,Rohit Shah,DB Ravi Teja,Palzor Tamang,1,0,,,,,,,,,
1244398,2020/21,2021-01-19,Sri Ramachandra Medical College,2,3.4,Meghalaya,Sikkim,DB Ravi Teja,Rohit Shah,Palzor Tamang,0,0,,,,,,,,,
1244398,2020/21,2021-01-19,Sri Ramachandra Medical College,2,3.5,Meghalaya,Sikkim,DB Ravi Teja,Rohit Shah,Palzor Tamang,0,0,,,,,,,,,
1244398,2020/21,2021-01-19,Sri Ramachandra Medical College,2,3.6,Meghalaya,Sikkim,DB Ravi Teja,Rohit Shah,Palzor Tamang,1,0,,,,,,,,,
1244398,2020/21,2021-01-19,Sri Ramachandra Medical College,2,4.1,Meghalaya,Sikkim,DB Ravi Teja,Rohit Shah,Mandup Bhutia,0,0,,,,,,,,,
1244398,2020/21,2021-01-19,Sri Ramachandra Medical College,2,4.2,Meghalaya,Sikkim,DB Ravi Teja,Rohit Shah,Mandup Bhutia,4,0,,,,,,,,,
1244398,2020/21,2021-01-19,Sri Ramachandra Medical College,2,4.3,Meghalaya,Sikkim,DB Ravi Teja,Rohit Shah,Mandup Bhutia,1,0,,,,,,,,,
1244398,2020/21,2021-01-19,Sri Ramachandra Medical College,2,4.4,Meghalaya,Sikkim,Rohit Shah,DB Ravi Teja,Mandup Bhutia,0,0,,,,,,,,,
1244398,2020/21,2021-01-19,Sri Ramachandra Medical College,2,4.5,Meghalaya,Sikkim,Rohit Shah,DB Ravi Teja,Mandup Bhutia,0,0,,,,,,,,,
1244398,2020/21,2021-01-19,Sri Ramachandra Medical College,2,4.6,Meghalaya,Sikkim,Rohit Shah,DB Ravi Teja,Mandup Bhutia,0,0,,,,,,,,,
1244398,2020/21,2021-01-19,Sri Ramachandra Medical College,2,5.1,Meghalaya,Sikkim,DB Ravi Teja,Rohit Shah,Palzor Tamang,1,0,,,,,,,,,
1244398,2020/21,2021-01-19,Sri Ramachandra Medical College,2,5.2,Meghalaya,Sikkim,Rohit Shah,DB Ravi Teja,Palzor Tamang,0,0,,,,,,,,,
1244398,2020/21,2021-01-19,Sri Ramachandra Medical College,2,5.3,Meghalaya,Sikkim,Rohit Shah,DB Ravi Teja,Palzor Tamang,1,0,,,,,,,,,
1244398,2020/21,2021-01-19,Sri Ramachandra Medical College,2,5.4,Meghalaya,Sikkim,DB Ravi Teja,Rohit Shah,Palzor Tamang,1,0,,,,,,,,,
1244398,2020/21,2021-01-19,Sri Ramachandra Medical College,2,5.5,Meghalaya,Sikkim,Rohit Shah,DB Ravi Teja,Palzor Tamang,1,0,,,,,,,,,
1244398,2020/21,2021-01-19,Sri Ramachandra Medical College,2,5.6,Meghalaya,Sikkim,DB Ravi Teja,Rohit Shah,Palzor Tamang,0,0,,,,,,,,,
1244398,2020/21,2021-01-19,Sri Ramachandra Medical College,2,6.1,Meghalaya,Sikkim,Rohit Shah,DB Ravi Teja,Mandup Bhutia,0,0,,,,,,,,,
1244398,2020/21,2021-01-19,Sri Ramachandra Medical College,2,6.2,Meghalaya,Sikkim,Rohit Shah,DB Ravi Teja,Mandup Bhutia,1,0,,,,,,,,,
1244398,2020/21,2021-01-19,Sri Ramachandra Medical College,2,6.3,Meghalaya,Sikkim,DB Ravi Teja,Rohit Shah,Mandup Bhutia,1,0,,,,,,,,,
1244398,2020/21,2021-01-19,Sri Ramachandra Medical College,2,6.4,Meghalaya,Sikkim,Rohit Shah,DB Ravi Teja,Mandup Bhutia,0,0,,,,,,,,,
1244398,2020/21,2021-01-19,Sri Ramachandra Medical College,2,6.5,Meghalaya,Sikkim,Rohit Shah,DB Ravi Teja,Mandup Bhutia,4,0,,,,,,,,,
1244398,2020/21,2021-01-19,Sri Ramachandra Medical College,2,6.6,Meghalaya,Sikkim,Rohit Shah,DB Ravi Teja,Mandup Bhutia,1,0,,,,,,,,,
1244398,2020/21,2021-01-19,Sri Ramachandra Medical College,2,7.1,Meghalaya,Sikkim,Rohit Shah,DB Ravi Teja,Palzor Tamang,1,0,,,,,,,,,
1244398,2020/21,2021-01-19,Sri Ramachandra Medical College,2,7.2,Meghalaya,Sikkim,DB Ravi Teja,Rohit Shah,Palzor Tamang,0,2,,,,2,,,,,
1244398,2020/21,2021-01-19,Sri Ramachandra Medical College,2,7.3,Meghalaya,Sikkim,DB Ravi Teja,Rohit Shah,Palzor Tamang,1,0,,,,,,,,,
1244398,2020/21,2021-01-19,Sri Ramachandra Medical College,2,7.4,Meghalaya,Sikkim,Rohit Shah,DB Ravi Teja,Palzor Tamang,4,0,,,,,,,,,
1244398,2020/21,2021-01-19,Sri Ramachandra Medical College,2,7.5,Meghalaya,Sikkim,Rohit Shah,DB Ravi Teja,Palzor Tamang,1,0,,,,,,,,,
1244398,2020/21,2021-01-19,Sri Ramachandra Medical College,2,7.6,Meghalaya,Sikkim,DB Ravi Teja,Rohit Shah,Palzor Tamang,0,0,,,,,,,,,
1244398,2020/21,2021-01-19,Sri Ramachandra Medical College,2,8.1,Meghalaya,Sikkim,Rohit Shah,DB Ravi Teja,Nitesh Gupta,0,0,,,,,,,,,
1244398,2020/21,2021-01-19,Sri Ramachandra Medical College,2,8.2,Meghalaya,Sikkim,Rohit Shah,DB Ravi Teja,Nitesh Gupta,2,0,,,,,,,,,
1244398,2020/21,2021-01-19,Sri Ramachandra Medical College,2,8.3,Meghalaya,Sikkim,Rohit Shah,DB Ravi Teja,Nitesh Gupta,1,0,,,,,,,,,
1244398,2020/21,2021-01-19,Sri Ramachandra Medical College,2,8.4,Meghalaya,Sikkim,DB Ravi Teja,Rohit Shah,Nitesh Gupta,1,0,,,,,,,,,
1244398,2020/21,2021-01-19,Sri Ramachandra Medical College,2,8.5,Meghalaya,Sikkim,Rohit Shah,DB Ravi Teja,Nitesh Gupta,1,0,,,,,,,,,
1244398,2020/21,2021-01-19,Sri Ramachandra Medical College,2,8.6,Meghalaya,Sikkim,DB Ravi Teja,Rohit Shah,Nitesh Gupta,0,0,,,,,,caught,DB Ravi Teja,,
1244398,2020/21,2021-01-19,Sri Ramachandra Medical College,2,9.1,Meghalaya,Sikkim,Rohit Shah,Punit Bisht,Mandup Bhutia,1,0,,,,,,,,,
1244398,2020/21,2021-01-19,Sri Ramachandra Medical College,2,9.2,Meghalaya,Sikkim,Punit Bisht,Rohit Shah,Mandup Bhutia,0,0,,,,,,,,,
1244398,2020/21,2021-01-19,Sri Ramachandra Medical College,2,9.3,Meghalaya,Sikkim,Punit Bisht,Rohit Shah,Mandup Bhutia,1,0,,,,,,,,,
1244398,2020/21,2021-01-19,Sri Ramachandra Medical College,2,9.4,Meghalaya,Sikkim,Rohit Shah,Punit Bisht,Mandup Bhutia,2,0,,,,,,,,,
1244398,2020/21,2021-01-19,Sri Ramachandra Medical College,2,9.5,Meghalaya,Sikkim,Rohit Shah,Punit Bisht,Mandup Bhutia,1,0,,,,,,,,,
1244398,2020/21,2021-01-19,Sri Ramachandra Medical College,2,9.6,Meghalaya,Sikkim,Punit Bisht,Rohit Shah,Mandup Bhutia,0,0,,,,,,,,,
1244398,2020/21,2021-01-19,Sri Ramachandra Medical College,2,10.1,Meghalaya,Sikkim,Rohit Shah,Punit Bisht,Nitesh Gupta,1,0,,,,,,,,,
1244398,2020/21,2021-01-19,Sri Ramachandra Medical College,2,10.2,Meghalaya,Sikkim,Punit Bisht,Rohit Shah,Nitesh Gupta,4,0,,,,,,,,,
1244398,2020/21,2021-01-19,Sri Ramachandra Medical College,2,10.3,Meghalaya,Sikkim,Punit Bisht,Rohit Shah,Nitesh Gupta,0,0,,,,,,,,,
1244398,2020/21,2021-01-19,Sri Ramachandra Medical College,2,10.4,Meghalaya,Sikkim,Punit Bisht,Rohit Shah,Nitesh Gupta,0,0,,,,,,,,,
1244398,2020/21,2021-01-19,Sri Ramachandra Medical College,2,10.5,Meghalaya,Sikkim,Punit Bisht,Rohit Shah,Nitesh Gupta,1,0,,,,,,,,,
1244398,2020/21,2021-01-19,Sri Ramachandra Medical College,2,10.6,Meghalaya,Sikkim,Rohit Shah,Punit Bisht,Nitesh Gupta,1,0,,,,,,,,,
1244398,2020/21,2021-01-19,Sri Ramachandra Medical College,2,11.1,Meghalaya,Sikkim,Rohit Shah,Punit Bisht,Rajiv Darjee,0,0,,,,,,,,,
1244398,2020/21,2021-01-19,Sri Ramachandra Medical College,2,11.2,Meghalaya,Sikkim,Rohit Shah,Punit Bisht,Rajiv Darjee,1,0,,,,,,,,,
1244398,2020/21,2021-01-19,Sri Ramachandra Medical College,2,11.3,Meghalaya,Sikkim,Punit Bisht,Rohit Shah,Rajiv Darjee,4,0,,,,,,,,,
1244398,2020/21,2021-01-19,Sri Ramachandra Medical College,2,11.4,Meghalaya,Sikkim,Punit Bisht,Rohit Shah,Rajiv Darjee,1,0,,,,,,,,,
1244398,2020/21,2021-01-19,Sri Ramachandra Medical College,2,11.5,Meghalaya,Sikkim,Rohit Shah,Punit Bisht,Rajiv Darjee,1,0,,,,,,,,,
1244398,2020/21,2021-01-19,Sri Ramachandra Medical College,2,11.6,Meghalaya,Sikkim,Punit Bisht,Rohit Shah,Rajiv Darjee,4,0,,,,,,,,,
1244398,2020/21,2021-01-19,Sri Ramachandra Medical College,2,12.1,Meghalaya,Sikkim,Rohit Shah,Punit Bisht,Nitesh Gupta,0,0,,,,,,,,,
1244398,2020/21,2021-01-19,Sri Ramachandra Medical College,2,12.2,Meghalaya,Sikkim,Rohit Shah,Punit Bisht,Nitesh Gupta,2,0,,,,,,,,,
1244398,2020/21,2021-01-19,Sri Ramachandra Medical College,2,12.3,Meghalaya,Sikkim,Rohit Shah,Punit Bisht,Nitesh Gupta,1,0,,,,,,,,,
1244398,2020/21,2021-01-19,Sri Ramachandra Medical College,2,12.4,Meghalaya,Sikkim,Punit Bisht,Rohit Shah,Nitesh Gupta,0,0,,,,,,,,,
1244398,2020/21,2021-01-19,Sri Ramachandra Medical College,2,12.5,Meghalaya,Sikkim,Punit Bisht,Rohit Shah,Nitesh Gupta,0,0,,,,,,run out,Rohit Shah,,
1244398,2020/21,2021-01-19,Sri Ramachandra Medical College,2,12.6,Meghalaya,Sikkim,Punit Bisht,R Sanjay Yadav,Nitesh Gupta,2,0,,,,,,,,,
1244398,2020/21,2021-01-19,Sri Ramachandra Medical College,2,13.1,Meghalaya,Sikkim,R Sanjay Yadav,Punit Bisht,Mandup Bhutia,0,0,,,,,,,,,
1244398,2020/21,2021-01-19,Sri Ramachandra Medical College,2,13.2,Meghalaya,Sikkim,R Sanjay Yadav,Punit Bisht,Mandup Bhutia,0,0,,,,,,,,,
1244398,2020/21,2021-01-19,Sri Ramachandra Medical College,2,13.3,Meghalaya,Sikkim,R Sanjay Yadav,Punit Bisht,Mandup Bhutia,4,0,,,,,,,,,
1244398,2020/21,2021-01-19,Sri Ramachandra Medical College,2,13.4,Meghalaya,Sikkim,R Sanjay Yadav,Punit Bisht,Mandup Bhutia,0,0,,,,,,,,,
1244398,2020/21,2021-01-19,Sri Ramachandra Medical College,2,13.5,Meghalaya,Sikkim,R Sanjay Yadav,Punit Bisht,Mandup Bhutia,1,0,,,,,,,,,
1244398,2020/21,2021-01-19,Sri Ramachandra Medical College,2,13.6,Meghalaya,Sikkim,Punit Bisht,R Sanjay Yadav,Mandup Bhutia,0,0,,,,,,,,,
1244398,2020/21,2021-01-19,Sri Ramachandra Medical College,2,14.1,Meghalaya,Sikkim,R Sanjay Yadav,Punit Bisht,Anureet Singh,1,0,,,,,,,,,
1244398,2020/21,2021-01-19,Sri Ramachandra Medical College,2,14.2,Meghalaya,Sikkim,Punit Bisht,R Sanjay Yadav,Anureet Singh,1,0,,,,,,,,,
1244398,2020/21,2021-01-19,Sri Ramachandra Medical College,2,14.3,Meghalaya,Sikkim,R Sanjay Yadav,Punit Bisht,Anureet Singh,2,0,,,,,,,,,
1244398,2020/21,2021-01-19,Sri Ramachandra Medical College,2,14.4,Meghalaya,Sikkim,R Sanjay Yadav,Punit Bisht,Anureet Singh,0,0,,,,,,,,,
1244398,2020/21,2021-01-19,Sri Ramachandra Medical College,2,14.5,Meghalaya,Sikkim,R Sanjay Yadav,Punit Bisht,Anureet Singh,1,0,,,,,,,,,
1244398,2020/21,2021-01-19,Sri Ramachandra Medical College,2,14.6,Meghalaya,Sikkim,Punit Bisht,R Sanjay Yadav,Anureet Singh,1,0,,,,,,,,,
1244398,2020/21,2021-01-19,Sri Ramachandra Medical College,2,15.1,Meghalaya,Sikkim,Punit Bisht,R Sanjay Yadav,Bhushan Subba,1,0,,,,,,,,,
1244398,2020/21,2021-01-19,Sri Ramachandra Medical College,2,15.2,Meghalaya,Sikkim,R Sanjay Yadav,Punit Bisht,Bhushan Subba,0,0,,,,,,,,,
1244398,2020/21,2021-01-19,Sri Ramachandra Medical College,2,15.3,Meghalaya,Sikkim,R Sanjay Yadav,Punit Bisht,Bhushan Subba,1,0,,,,,,,,,
1244398,2020/21,2021-01-19,Sri Ramachandra Medical College,2,15.4,Meghalaya,Sikkim,Punit Bisht,R Sanjay Yadav,Bhushan Subba,2,0,,,,,,,,,
1244398,2020/21,2021-01-19,Sri Ramachandra Medical College,2,15.5,Meghalaya,Sikkim,Punit Bisht,R Sanjay Yadav,Bhushan Subba,6,0,,,,,,,,,
1244398,2020/21,2021-01-19,Sri Ramachandra Medical College,2,15.6,Meghalaya,Sikkim,Punit Bisht,R Sanjay Yadav,Bhushan Subba,1,0,,,,,,,,,
1244398,2020/21,2021-01-19,Sri Ramachandra Medical College,2,16.1,Meghalaya,Sikkim,Punit Bisht,R Sanjay Yadav,Anureet Singh,0,0,,,,,,,,,
1244398,2020/21,2021-01-19,Sri Ramachandra Medical College,2,16.2,Meghalaya,Sikkim,Punit Bisht,R Sanjay Yadav,Anureet Singh,0,0,,,,,,,,,
1244398,2020/21,2021-01-19,Sri Ramachandra Medical College,2,16.3,Meghalaya,Sikkim,Punit Bisht,R Sanjay Yadav,Anureet Singh,0,1,1,,,,,,,,
1244398,2020/21,2021-01-19,Sri Ramachandra Medical College,2,16.4,Meghalaya,Sikkim,Punit Bisht,R Sanjay Yadav,Anureet Singh,0,0,,,,,,,,,
1244398,2020/21,2021-01-19,Sri Ramachandra Medical College,2,16.5,Meghalaya,Sikkim,Punit Bisht,R Sanjay Yadav,Anureet Singh,4,0,,,,,,,,,
1244398,2020/21,2021-01-19,Sri Ramachandra Medical College,2,16.6,Meghalaya,Sikkim,Punit Bisht,R Sanjay Yadav,Anureet Singh,0,0,,,,,,,,,
1244398,2020/21,2021-01-19,Sri Ramachandra Medical College,2,16.7,Meghalaya,Sikkim,Punit Bisht,R Sanjay Yadav,Anureet Singh,4,0,,,,,,,,,
1244398,2020/21,2021-01-19,Sri Ramachandra Medical College,2,17.1,Meghalaya,Sikkim,R Sanjay Yadav,Punit Bisht,Palzor Tamang,0,0,,,,,,,,,
1244398,2020/21,2021-01-19,Sri Ramachandra Medical College,2,17.2,Meghalaya,Sikkim,R Sanjay Yadav,Punit Bisht,Palzor Tamang,1,0,,,,,,,,,
1244398,2020/21,2021-01-19,Sri Ramachandra Medical College,2,17.3,Meghalaya,Sikkim,Punit Bisht,R Sanjay Yadav,Palzor Tamang,4,0,,,,,,,,,
