match_id,season,start_date,venue,innings,ball,batting_team,bowling_team,striker,non_striker,bowler,runs_off_bat,extras,wides,noballs,byes,legbyes,penalty,wicket_type,player_dismissed,other_wicket_type,other_player_dismissed
1244308,2020/21,2021-01-10,Alur Cricket Stadium III,1,0.1,Tripura,Railways,BB Ghosh,Arkaprabha Sinha,Kanishk Seth,0,0,,,,,,,,,
1244308,2020/21,2021-01-10,Alur Cricket Stadium III,1,0.2,Tripura,Railways,BB Ghosh,Arkaprabha Sinha,Kanishk Seth,0,0,,,,,,,,,
1244308,2020/21,2021-01-10,Alur Cricket Stadium III,1,0.3,Tripura,Railways,BB Ghosh,Arkaprabha Sinha,Kanishk Seth,0,0,,,,,,,,,
1244308,2020/21,2021-01-10,Alur Cricket Stadium III,1,0.4,Tripura,Railways,BB Ghosh,Arkaprabha Sinha,Kanishk Seth,4,0,,,,,,,,,
1244308,2020/21,2021-01-10,Alur Cricket Stadium III,1,0.5,Tripura,Railways,BB Ghosh,Arkaprabha Sinha,Kanishk Seth,2,0,,,,,,,,,
1244308,2020/21,2021-01-10,Alur Cricket Stadium III,1,0.6,Tripura,Railways,BB Ghosh,Arkaprabha Sinha,Kanishk Seth,1,0,,,,,,,,,
1244308,2020/21,2021-01-10,Alur Cricket Stadium III,1,1.1,Tripura,Railways,BB Ghosh,Arkaprabha Sinha,T Pradeep,0,0,,,,,,,,,
1244308,2020/21,2021-01-10,Alur Cricket Stadium III,1,1.2,Tripura,Railways,BB Ghosh,Arkaprabha Sinha,T Pradeep,0,0,,,,,,,,,
1244308,2020/21,2021-01-10,Alur Cricket Stadium III,1,1.3,Tripura,Railways,BB Ghosh,Arkaprabha Sinha,T Pradeep,4,0,,,,,,,,,
1244308,2020/21,2021-01-10,Alur Cricket Stadium III,1,1.4,Tripura,Railways,BB Ghosh,Arkaprabha Sinha,T Pradeep,1,0,,,,,,,,,
1244308,2020/21,2021-01-10,Alur Cricket Stadium III,1,1.5,Tripura,Railways,Arkaprabha Sinha,BB Ghosh,T Pradeep,4,0,,,,,,,,,
1244308,2020/21,2021-01-10,Alur Cricket Stadium III,1,1.6,Tripura,Railways,Arkaprabha Sinha,BB Ghosh,T Pradeep,0,0,,,,,,,,,
1244308,2020/21,2021-01-10,Alur Cricket Stadium III,1,2.1,Tripura,Railways,BB Ghosh,Arkaprabha Sinha,Kanishk Seth,1,0,,,,,,,,,
1244308,2020/21,2021-01-10,Alur Cricket Stadium III,1,2.2,Tripura,Railways,Arkaprabha Sinha,BB Ghosh,Kanishk Seth,2,0,,,,,,,,,
1244308,2020/21,2021-01-10,Alur Cricket Stadium III,1,2.3,Tripura,Railways,Arkaprabha Sinha,BB Ghosh,Kanishk Seth,0,0,,,,,,,,,
1244308,2020/21,2021-01-10,Alur Cricket Stadium III,1,2.4,Tripura,Railways,Arkaprabha Sinha,BB Ghosh,Kanishk Seth,0,0,,,,,,,,,
1244308,2020/21,2021-01-10,Alur Cricket Stadium III,1,2.5,Tripura,Railways,Arkaprabha Sinha,BB Ghosh,Kanishk Seth,1,0,,,,,,,,,
1244308,2020/21,2021-01-10,Alur Cricket Stadium III,1,2.6,Tripura,Railways,BB Ghosh,Arkaprabha Sinha,Kanishk Seth,0,0,,,,,,,,,
1244308,2020/21,2021-01-10,Alur Cricket Stadium III,1,3.1,Tripura,Railways,Arkaprabha Sinha,BB Ghosh,Dhrushant Soni,0,0,,,,,,,,,
1244308,2020/21,2021-01-10,Alur Cricket Stadium III,1,3.2,Tripura,Railways,Arkaprabha Sinha,BB Ghosh,Dhrushant Soni,0,0,,,,,,,,,
1244308,2020/21,2021-01-10,Alur Cricket Stadium III,1,3.3,Tripura,Railways,Arkaprabha Sinha,BB Ghosh,Dhrushant Soni,1,0,,,,,,,,,
1244308,2020/21,2021-01-10,Alur Cricket Stadium III,1,3.4,Tripura,Railways,BB Ghosh,Arkaprabha Sinha,Dhrushant Soni,4,0,,,,,,,,,
1244308,2020/21,2021-01-10,Alur Cricket Stadium III,1,3.5,Tripura,Railways,BB Ghosh,Arkaprabha Sinha,Dhrushant Soni,4,0,,,,,,,,,
1244308,2020/21,2021-01-10,Alur Cricket Stadium III,1,3.6,Tripura,Railways,BB Ghosh,Arkaprabha Sinha,Dhrushant Soni,4,0,,,,,,,,,
1244308,2020/21,2021-01-10,Alur Cricket Stadium III,1,4.1,Tripura,Railways,Arkaprabha Sinha,BB Ghosh,T Pradeep,1,0,,,,,,,,,
1244308,2020/21,2021-01-10,Alur Cricket Stadium III,1,4.2,Tripura,Railways,BB Ghosh,Arkaprabha Sinha,T Pradeep,4,0,,,,,,,,,
1244308,2020/21,2021-01-10,Alur Cricket Stadium III,1,4.3,Tripura,Railways,BB Ghosh,Arkaprabha Sinha,T Pradeep,2,0,,,,,,,,,
1244308,2020/21,2021-01-10,Alur Cricket Stadium III,1,4.4,Tripura,Railways,BB Ghosh,Arkaprabha Sinha,T Pradeep,0,0,,,,,,,,,
1244308,2020/21,2021-01-10,Alur Cricket Stadium III,1,4.5,Tripura,Railways,BB Ghosh,Arkaprabha Sinha,T Pradeep,1,0,,,,,,,,,
1244308,2020/21,2021-01-10,Alur Cricket Stadium III,1,4.6,Tripura,Railways,Arkaprabha Sinha,BB Ghosh,T Pradeep,4,0,,,,,,,,,
1244308,2020/21,2021-01-10,Alur Cricket Stadium III,1,5.1,Tripura,Railways,BB Ghosh,Arkaprabha Sinha,Harsh Tyagi,1,0,,,,,,,,,
1244308,2020/21,2021-01-10,Alur Cricket Stadium III,1,5.2,Tripura,Railways,Arkaprabha Sinha,BB Ghosh,Harsh Tyagi,1,0,,,,,,,,,
1244308,2020/21,2021-01-10,Alur Cricket Stadium III,1,5.3,Tripura,Railways,BB Ghosh,Arkaprabha Sinha,Harsh Tyagi,0,0,,,,,,,,,
1244308,2020/21,2021-01-10,Alur Cricket Stadium III,1,5.4,Tripura,Railways,BB Ghosh,Arkaprabha Sinha,Harsh Tyagi,0,0,,,,,,,,,
1244308,2020/21,2021-01-10,Alur Cricket Stadium III,1,5.5,Tripura,Railways,BB Ghosh,Arkaprabha Sinha,Harsh Tyagi,0,0,,,,,,,,,
1244308,2020/21,2021-01-10,Alur Cricket Stadium III,1,5.6,Tripura,Railways,BB Ghosh,Arkaprabha Sinha,Harsh Tyagi,0,0,,,,,,,,,
1244308,2020/21,2021-01-10,Alur Cricket Stadium III,1,6.1,Tripura,Railways,Arkaprabha Sinha,BB Ghosh,KV Sharma,0,0,,,,,,,,,
1244308,2020/21,2021-01-10,Alur Cricket Stadium III,1,6.2,Tripura,Railways,Arkaprabha Sinha,BB Ghosh,KV Sharma,1,0,,,,,,,,,
1244308,2020/21,2021-01-10,Alur Cricket Stadium III,1,6.3,Tripura,Railways,BB Ghosh,Arkaprabha Sinha,KV Sharma,1,0,,,,,,,,,
1244308,2020/21,2021-01-10,Alur Cricket Stadium III,1,6.4,Tripura,Railways,Arkaprabha Sinha,BB Ghosh,KV Sharma,0,0,,,,,,,,,
1244308,2020/21,2021-01-10,Alur Cricket Stadium III,1,6.5,Tripura,Railways,Arkaprabha Sinha,BB Ghosh,KV Sharma,0,0,,,,,,,,,
1244308,2020/21,2021-01-10,Alur Cricket Stadium III,1,6.6,Tripura,Railways,Arkaprabha Sinha,BB Ghosh,KV Sharma,0,0,,,,,,,,,
1244308,2020/21,2021-01-10,Alur Cricket Stadium III,1,7.1,Tripura,Railways,BB Ghosh,Arkaprabha Sinha,Harsh Tyagi,1,0,,,,,,,,,
1244308,2020/21,2021-01-10,Alur Cricket Stadium III,1,7.2,Tripura,Railways,Arkaprabha Sinha,BB Ghosh,Harsh Tyagi,1,0,,,,,,,,,
1244308,2020/21,2021-01-10,Alur Cricket Stadium III,1,7.3,Tripura,Railways,BB Ghosh,Arkaprabha Sinha,Harsh Tyagi,1,0,,,,,,,,,
1244308,2020/21,2021-01-10,Alur Cricket Stadium III,1,7.4,Tripura,Railways,Arkaprabha Sinha,BB Ghosh,Harsh Tyagi,0,0,,,,,,,,,
1244308,2020/21,2021-01-10,Alur Cricket Stadium III,1,7.5,Tripura,Railways,Arkaprabha Sinha,BB Ghosh,Harsh Tyagi,1,0,,,,,,run out,BB Ghosh,,
1244308,2020/21,2021-01-10,Alur Cricket Stadium III,1,7.6,Tripura,Railways,Milind Kumar,Arkaprabha Sinha,Harsh Tyagi,0,0,,,,,,,,,
1244308,2020/21,2021-01-10,Alur Cricket Stadium III,1,8.1,Tripura,Railways,Arkaprabha Sinha,Milind Kumar,KV Sharma,1,0,,,,,,,,,
1244308,2020/21,2021-01-10,Alur Cricket Stadium III,1,8.2,Tripura,Railways,Milind Kumar,Arkaprabha Sinha,KV Sharma,0,0,,,,,,,,,
1244308,2020/21,2021-01-10,Alur Cricket Stadium III,1,8.3,Tripura,Railways,Milind Kumar,Arkaprabha Sinha,KV Sharma,1,0,,,,,,,,,
1244308,2020/21,2021-01-10,Alur Cricket Stadium III,1,8.4,Tripura,Railways,Arkaprabha Sinha,Milind Kumar,KV Sharma,0,0,,,,,,,,,
1244308,2020/21,2021-01-10,Alur Cricket Stadium III,1,8.5,Tripura,Railways,Arkaprabha Sinha,Milind Kumar,KV Sharma,0,0,,,,,,,,,
1244308,2020/21,2021-01-10,Alur Cricket Stadium III,1,8.6,Tripura,Railways,Arkaprabha Sinha,Milind Kumar,KV Sharma,0,0,,,,,,,,,
1244308,2020/21,2021-01-10,Alur Cricket Stadium III,1,9.1,Tripura,Railways,Milind Kumar,Arkaprabha Sinha,Harsh Tyagi,2,0,,,,,,,,,
1244308,2020/21,2021-01-10,Alur Cricket Stadium III,1,9.2,Tripura,Railways,Milind Kumar,Arkaprabha Sinha,Harsh Tyagi,1,0,,,,,,,,,
1244308,2020/21,2021-01-10,Alur Cricket Stadium III,1,9.3,Tripura,Railways,Arkaprabha Sinha,Milind Kumar,Harsh Tyagi,1,0,,,,,,,,,
1244308,2020/21,2021-01-10,Alur Cricket Stadium III,1,9.4,Tripura,Railways,Milind Kumar,Arkaprabha Sinha,Harsh Tyagi,1,0,,,,,,,,,
1244308,2020/21,2021-01-10,Alur Cricket Stadium III,1,9.5,Tripura,Railways,Arkaprabha Sinha,Milind Kumar,Harsh Tyagi,0,0,,,,,,,,,
1244308,2020/21,2021-01-10,Alur Cricket Stadium III,1,9.6,Tripura,Railways,Arkaprabha Sinha,Milind Kumar,Harsh Tyagi,1,0,,,,,,,,,
1244308,2020/21,2021-01-10,Alur Cricket Stadium III,1,10.1,Tripura,Railways,Arkaprabha Sinha,Milind Kumar,KV Sharma,6,0,,,,,,,,,
1244308,2020/21,2021-01-10,Alur Cricket Stadium III,1,10.2,Tripura,Railways,Arkaprabha Sinha,Milind Kumar,KV Sharma,0,0,,,,,,,,,
1244308,2020/21,2021-01-10,Alur Cricket Stadium III,1,10.3,Tripura,Railways,Arkaprabha Sinha,Milind Kumar,KV Sharma,1,0,,,,,,,,,
1244308,2020/21,2021-01-10,Alur Cricket Stadium III,1,10.4,Tripura,Railways,Milind Kumar,Arkaprabha Sinha,KV Sharma,2,0,,,,,,,,,
1244308,2020/21,2021-01-10,Alur Cricket Stadium III,1,10.5,Tripura,Railways,Milind Kumar,Arkaprabha Sinha,KV Sharma,0,0,,,,,,,,,
1244308,2020/21,2021-01-10,Alur Cricket Stadium III,1,10.6,Tripura,Railways,Milind Kumar,Arkaprabha Sinha,KV Sharma,1,0,,,,,,,,,
1244308,2020/21,2021-01-10,Alur Cricket Stadium III,1,11.1,Tripura,Railways,Milind Kumar,Arkaprabha Sinha,Dhrushant Soni,0,0,,,,,,,,,
1244308,2020/21,2021-01-10,Alur Cricket Stadium III,1,11.2,Tripura,Railways,Milind Kumar,Arkaprabha Sinha,Dhrushant Soni,1,0,,,,,,,,,
1244308,2020/21,2021-01-10,Alur Cricket Stadium III,1,11.3,Tripura,Railways,Arkaprabha Sinha,Milind Kumar,Dhrushant Soni,1,0,,,,,,,,,
1244308,2020/21,2021-01-10,Alur Cricket Stadium III,1,11.4,Tripura,Railways,Milind Kumar,Arkaprabha Sinha,Dhrushant Soni,4,0,,,,,,,,,
1244308,2020/21,2021-01-10,Alur Cricket Stadium III,1,11.5,Tripura,Railways,Milind Kumar,Arkaprabha Sinha,Dhrushant Soni,1,0,,,,,,,,,
1244308,2020/21,2021-01-10,Alur Cricket Stadium III,1,11.6,Tripura,Railways,Arkaprabha Sinha,Milind Kumar,Dhrushant Soni,1,0,,,,,,,,,
1244308,2020/21,2021-01-10,Alur Cricket Stadium III,1,12.1,Tripura,Railways,Arkaprabha Sinha,Milind Kumar,KV Sharma,2,0,,,,,,,,,
1244308,2020/21,2021-01-10,Alur Cricket Stadium III,1,12.2,Tripura,Railways,Arkaprabha Sinha,Milind Kumar,KV Sharma,0,0,,,,,,caught,Arkaprabha Sinha,,
1244308,2020/21,2021-01-10,Alur Cricket Stadium III,1,12.3,Tripura,Railways,Milind Kumar,Rajat Dey,KV Sharma,0,0,,,,,,,,,
1244308,2020/21,2021-01-10,Alur Cricket Stadium III,1,12.4,Tripura,Railways,Milind Kumar,Rajat Dey,KV Sharma,0,0,,,,,,,,,
1244308,2020/21,2021-01-10,Alur Cricket Stadium III,1,12.5,Tripura,Railways,Milind Kumar,Rajat Dey,KV Sharma,6,0,,,,,,,,,
1244308,2020/21,2021-01-10,Alur Cricket Stadium III,1,12.6,Tripura,Railways,Milind Kumar,Rajat Dey,KV Sharma,1,0,,,,,,,,,
1244308,2020/21,2021-01-10,Alur Cricket Stadium III,1,13.1,Tripura,Railways,Milind Kumar,Rajat Dey,Dhrushant Soni,1,0,,,,,,,,,
1244308,2020/21,2021-01-10,Alur Cricket Stadium III,1,13.2,Tripura,Railways,Rajat Dey,Milind Kumar,Dhrushant Soni,0,0,,,,,,,,,
1244308,2020/21,2021-01-10,Alur Cricket Stadium III,1,13.3,Tripura,Railways,Rajat Dey,Milind Kumar,Dhrushant Soni,1,0,,,,,,,,,
1244308,2020/21,2021-01-10,Alur Cricket Stadium III,1,13.4,Tripura,Railways,Milind Kumar,Rajat Dey,Dhrushant Soni,2,0,,,,,,,,,
1244308,2020/21,2021-01-10,Alur Cricket Stadium III,1,13.5,Tripura,Railways,Milind Kumar,Rajat Dey,Dhrushant Soni,1,0,,,,,,,,,
1244308,2020/21,2021-01-10,Alur Cricket Stadium III,1,13.6,Tripura,Railways,Rajat Dey,Milind Kumar,Dhrushant Soni,1,0,,,,,,,,,
1244308,2020/21,2021-01-10,Alur Cricket Stadium III,1,14.1,Tripura,Railways,Rajat Dey,Milind Kumar,Kanishk Seth,1,0,,,,,,,,,
1244308,2020/21,2021-01-10,Alur Cricket Stadium III,1,14.2,Tripura,Railways,Milind Kumar,Rajat Dey,Kanishk Seth,0,1,,,,1,,,,,
1244308,2020/21,2021-01-10,Alur Cricket Stadium III,1,14.3,Tripura,Railways,Rajat Dey,Milind Kumar,Kanishk Seth,4,0,,,,,,,,,
1244308,2020/21,2021-01-10,Alur Cricket Stadium III,1,14.4,Tripura,Railways,Rajat Dey,Milind Kumar,Kanishk Seth,1,0,,,,,,,,,
1244308,2020/21,2021-01-10,Alur Cricket Stadium III,1,14.5,Tripura,Railways,Milind Kumar,Rajat Dey,Kanishk Seth,0,1,1,,,,,,,,
1244308,2020/21,2021-01-10,Alur Cricket Stadium III,1,14.6,Tripura,Railways,Milind Kumar,Rajat Dey,Kanishk Seth,1,0,,,,,,,,,
1244308,2020/21,2021-01-10,Alur Cricket Stadium III,1,14.7,Tripura,Railways,Rajat Dey,Milind Kumar,Kanishk Seth,1,0,,,,,,,,,
1244308,2020/21,2021-01-10,Alur Cricket Stadium III,1,15.1,Tripura,Railways,Rajat Dey,Milind Kumar,Harsh Tyagi,1,0,,,,,,,,,
1244308,2020/21,2021-01-10,Alur Cricket Stadium III,1,15.2,Tripura,Railways,Milind Kumar,Rajat Dey,Harsh Tyagi,1,0,,,,,,,,,
1244308,2020/21,2021-01-10,Alur Cricket Stadium III,1,15.3,Tripura,Railways,Rajat Dey,Milind Kumar,Harsh Tyagi,1,0,,,,,,,,,
1244308,2020/21,2021-01-10,Alur Cricket Stadium III,1,15.4,Tripura,Railways,Milind Kumar,Rajat Dey,Harsh Tyagi,1,0,,,,,,,,,
1244308,2020/21,2021-01-10,Alur Cricket Stadium III,1,15.5,Tripura,Railways,Rajat Dey,Milind Kumar,Harsh Tyagi,1,0,,,,,,,,,
1244308,2020/21,2021-01-10,Alur Cricket Stadium III,1,15.6,Tripura,Railways,Milind Kumar,Rajat Dey,Harsh Tyagi,1,0,,,,,,,,,
1244308,2020/21,2021-01-10,Alur Cricket Stadium III,1,16.1,Tripura,Railways,Milind Kumar,Rajat Dey,Kanishk Seth,1,0,,,,,,,,,
1244308,2020/21,2021-01-10,Alur Cricket Stadium III,1,16.2,Tripura,Railways,Rajat Dey,Milind Kumar,Kanishk Seth,1,0,,,,,,,,,
1244308,2020/21,2021-01-10,Alur Cricket Stadium III,1,16.3,Tripura,Railways,Milind Kumar,Rajat Dey,Kanishk Seth,1,0,,,,,,,,,
1244308,2020/21,2021-01-10,Alur Cricket Stadium III,1,16.4,Tripura,Railways,Rajat Dey,Milind Kumar,Kanishk Seth,6,0,,,,,,,,,
1244308,2020/21,2021-01-10,Alur Cricket Stadium III,1,16.5,Tripura,Railways,Rajat Dey,Milind Kumar,Kanishk Seth,0,0,,,,,,caught,Rajat Dey,,
1244308,2020/21,2021-01-10,Alur Cricket Stadium III,1,16.6,Tripura,Railways,Milind Kumar,Manisankar Murasingh,Kanishk Seth,1,0,,,,,,,,,
1244308,2020/21,2021-01-10,Alur Cricket Stadium III,1,17.1,Tripura,Railways,Milind Kumar,Manisankar Murasingh,T Pradeep,1,0,,,,,,,,,
1244308,2020/21,2021-01-10,Alur Cricket Stadium III,1,17.2,Tripura,Railways,Manisankar Murasingh,Milind Kumar,T Pradeep,1,0,,,,,,,,,
1244308,2020/21,2021-01-10,Alur Cricket Stadium III,1,17.3,Tripura,Railways,Milind Kumar,Manisankar Murasingh,T Pradeep,0,5,5,,,,,,,,
1244308,2020/21,2021-01-10,Alur Cricket Stadium III,1,17.4,Tripura,Railways,Milind Kumar,Manisankar Murasingh,T Pradeep,2,0,,,,,,,,,
1244308,2020/21,2021-01-10,Alur Cricket Stadium III,1,17.5,Tripura,Railways,Milind Kumar,Manisankar Murasingh,T Pradeep,0,0,,,,,,,,,
1244308,2020/21,2021-01-10,Alur Cricket Stadium III,1,17.6,Tripura,Railways,Milind Kumar,Manisankar Murasingh,T Pradeep,2,0,,,,,,,,,
1244308,2020/21,2021-01-10,Alur Cricket Stadium III,1,17.7,Tripura,Railways,Milind Kumar,Manisankar Murasingh,T Pradeep,4,0,,,,,,,,,
1244308,2020/21,2021-01-10,Alur Cricket Stadium III,1,18.1,Tripura,Railways,Manisankar Murasingh,Milind Kumar,Dhrushant Soni,1,0,,,,,,,,,
1244308,2020/21,2021-01-10,Alur Cricket Stadium III,1,18.2,Tripura,Railways,Milind Kumar,Manisankar Murasingh,Dhrushant Soni,2,0,,,,,,,,,
1244308,2020/21,2021-01-10,Alur Cricket Stadium III,1,18.3,Tripura,Railways,Milind Kumar,Manisankar Murasingh,Dhrushant Soni,6,0,,,,,,,,,
1244308,2020/21,2021-01-10,Alur Cricket Stadium III,1,18.4,Tripura,Railways,Milind Kumar,Manisankar Murasingh,Dhrushant Soni,0,0,,,,,,,,,
1244308,2020/21,2021-01-10,Alur Cricket Stadium III,1,18.5,Tripura,Railways,Milind Kumar,Manisankar Murasingh,Dhrushant Soni,4,0,,,,,,,,,
1244308,2020/21,2021-01-10,Alur Cricket Stadium III,1,18.6,Tripura,Railways,Milind Kumar,Manisankar Murasingh,Dhrushant Soni,1,0,,,,,,,,,
1244308,2020/21,2021-01-10,Alur Cricket Stadium III,1,19.1,Tripura,Railways,Milind Kumar,Manisankar Murasingh,T Pradeep,6,0,,,,,,,,,
1244308,2020/21,2021-01-10,Alur Cricket Stadium III,1,19.2,Tripura,Railways,Milind Kumar,Manisankar Murasingh,T Pradeep,1,0,,,,,,,,,
1244308,2020/21,2021-01-10,Alur Cricket Stadium III,1,19.3,Tripura,Railways,Manisankar Murasingh,Milind Kumar,T Pradeep,6,0,,,,,,,,,
1244308,2020/21,2021-01-10,Alur Cricket Stadium III,1,19.4,Tripura,Railways,Manisankar Murasingh,Milind Kumar,T Pradeep,0,1,1,,,,,,,,
1244308,2020/21,2021-01-10,Alur Cricket Stadium III,1,19.5,Tripura,Railways,Manisankar Murasingh,Milind Kumar,T Pradeep,4,0,,,,,,,,,
1244308,2020/21,2021-01-10,Alur Cricket Stadium III,1,19.6,Tripura,Railways,Manisankar Murasingh,Milind Kumar,T Pradeep,2,0,,,,,,,,,
1244308,2020/21,2021-01-10,Alur Cricket Stadium III,1,19.7,Tripura,Railways,Manisankar Murasingh,Milind Kumar,T Pradeep,1,0,,,,,,,,,
1244308,2020/21,2021-01-10,Alur Cricket Stadium III,2,0.1,Railways,Tripura,Mrunal Devdhar,Pratham Singh,Manisankar Murasingh,0,0,,,,,,,,,
1244308,2020/21,2021-01-10,Alur Cricket Stadium III,2,0.2,Railways,Tripura,Mrunal Devdhar,Pratham Singh,Manisankar Murasingh,0,0,,,,,,,,,
1244308,2020/21,2021-01-10,Alur Cricket Stadium III,2,0.3,Railways,Tripura,Mrunal Devdhar,Pratham Singh,Manisankar Murasingh,0,0,,,,,,,,,
1244308,2020/21,2021-01-10,Alur Cricket Stadium III,2,0.4,Railways,Tripura,Mrunal Devdhar,Pratham Singh,Manisankar Murasingh,4,0,,,,,,,,,
1244308,2020/21,2021-01-10,Alur Cricket Stadium III,2,0.5,Railways,Tripura,Mrunal Devdhar,Pratham Singh,Manisankar Murasingh,1,0,,,,,,,,,
1244308,2020/21,2021-01-10,Alur Cricket Stadium III,2,0.6,Railways,Tripura,Pratham Singh,Mrunal Devdhar,Manisankar Murasingh,2,0,,,,,,,,,
1244308,2020/21,2021-01-10,Alur Cricket Stadium III,2,1.1,Railways,Tripura,Mrunal Devdhar,Pratham Singh,Ajay Sarkar,0,1,,1,,,,,,,
1244308,2020/21,2021-01-10,Alur Cricket Stadium III,2,1.2,Railways,Tripura,Mrunal Devdhar,Pratham Singh,Ajay Sarkar,1,0,,,,,,,,,
1244308,2020/21,2021-01-10,Alur Cricket Stadium III,2,1.3,Railways,Tripura,Pratham Singh,Mrunal Devdhar,Ajay Sarkar,1,0,,,,,,,,,
1244308,2020/21,2021-01-10,Alur Cricket Stadium III,2,1.4,Railways,Tripura,Mrunal Devdhar,Pratham Singh,Ajay Sarkar,2,0,,,,,,,,,
1244308,2020/21,2021-01-10,Alur Cricket Stadium III,2,1.5,Railways,Tripura,Mrunal Devdhar,Pratham Singh,Ajay Sarkar,0,0,,,,,,,,,
1244308,2020/21,2021-01-10,Alur Cricket Stadium III,2,1.6,Railways,Tripura,Mrunal Devdhar,Pratham Singh,Ajay Sarkar,4,0,,,,,,,,,
1244308,2020/21,2021-01-10,Alur Cricket Stadium III,2,1.7,Railways,Tripura,Mrunal Devdhar,Pratham Singh,Ajay Sarkar,4,0,,,,,,,,,
1244308,2020/21,2021-01-10,Alur Cricket Stadium III,2,2.1,Railways,Tripura,Pratham Singh,Mrunal Devdhar,Manisankar Murasingh,1,0,,,,,,,,,
1244308,2020/21,2021-01-10,Alur Cricket Stadium III,2,2.2,Railways,Tripura,Mrunal Devdhar,Pratham Singh,Manisankar Murasingh,4,0,,,,,,,,,
1244308,2020/21,2021-01-10,Alur Cricket Stadium III,2,2.3,Railways,Tripura,Mrunal Devdhar,Pratham Singh,Manisankar Murasingh,1,0,,,,,,,,,
1244308,2020/21,2021-01-10,Alur Cricket Stadium III,2,2.4,Railways,Tripura,Pratham Singh,Mrunal Devdhar,Manisankar Murasingh,1,0,,,,,,,,,
1244308,2020/21,2021-01-10,Alur Cricket Stadium III,2,2.5,Railways,Tripura,Mrunal Devdhar,Pratham Singh,Manisankar Murasingh,6,0,,,,,,,,,
1244308,2020/21,2021-01-10,Alur Cricket Stadium III,2,2.6,Railways,Tripura,Mrunal Devdhar,Pratham Singh,Manisankar Murasingh,0,1,1,,,,,,,,
1244308,2020/21,2021-01-10,Alur Cricket Stadium III,2,2.7,Railways,Tripura,Mrunal Devdhar,Pratham Singh,Manisankar Murasingh,1,0,,,,,,,,,
1244308,2020/21,2021-01-10,Alur Cricket Stadium III,2,3.1,Railways,Tripura,Mrunal Devdhar,Pratham Singh,Sankar Paul,1,1,,1,,,,,,,
1244308,2020/21,2021-01-10,Alur Cricket Stadium III,2,3.2,Railways,Tripura,Pratham Singh,Mrunal Devdhar,Sankar Paul,0,0,,,,,,,,,
1244308,2020/21,2021-01-10,Alur Cricket Stadium III,2,3.3,Railways,Tripura,Pratham Singh,Mrunal Devdhar,Sankar Paul,0,0,,,,,,bowled,Pratham Singh,,
1244308,2020/21,2021-01-10,Alur Cricket Stadium III,2,3.4,Railways,Tripura,Shivam Chaudhary,Mrunal Devdhar,Sankar Paul,1,0,,,,,,,,,
1244308,2020/21,2021-01-10,Alur Cricket Stadium III,2,3.5,Railways,Tripura,Mrunal Devdhar,Shivam Chaudhary,Sankar Paul,0,0,,,,,,,,,
1244308,2020/21,2021-01-10,Alur Cricket Stadium III,2,3.6,Railways,Tripura,Mrunal Devdhar,Shivam Chaudhary,Sankar Paul,0,1,1,,,,,,,,
1244308,2020/21,2021-01-10,Alur Cricket Stadium III,2,3.7,Railways,Tripura,Mrunal Devdhar,Shivam Chaudhary,Sankar Paul,1,0,,,,,,,,,
1244308,2020/21,2021-01-10,Alur Cricket Stadium III,2,3.8,Railways,Tripura,Shivam Chaudhary,Mrunal Devdhar,Sankar Paul,1,0,,,,,,,,,
1244308,2020/21,2021-01-10,Alur Cricket Stadium III,2,4.1,Railways,Tripura,Shivam Chaudhary,Mrunal Devdhar,TS Saha,0,0,,,,,,,,,
1244308,2020/21,2021-01-10,Alur Cricket Stadium III,2,4.2,Railways,Tripura,Shivam Chaudhary,Mrunal Devdhar,TS Saha,4,0,,,,,,,,,
1244308,2020/21,2021-01-10,Alur Cricket Stadium III,2,4.3,Railways,Tripura,Shivam Chaudhary,Mrunal Devdhar,TS Saha,4,0,,,,,,,,,
1244308,2020/21,2021-01-10,Alur Cricket Stadium III,2,4.4,Railways,Tripura,Shivam Chaudhary,Mrunal Devdhar,TS Saha,0,0,,,,,,,,,
1244308,2020/21,2021-01-10,Alur Cricket Stadium III,2,4.5,Railways,Tripura,Shivam Chaudhary,Mrunal Devdhar,TS Saha,0,0,,,,,,,,,
1244308,2020/21,2021-01-10,Alur Cricket Stadium III,2,4.6,Railways,Tripura,Shivam Chaudhary,Mrunal Devdhar,TS Saha,0,0,,,,,,,,,
1244308,2020/21,2021-01-10,Alur Cricket Stadium III,2,5.1,Railways,Tripura,Mrunal Devdhar,Shivam Chaudhary,Ajay Sarkar,1,0,,,,,,,,,
1244308,2020/21,2021-01-10,Alur Cricket Stadium III,2,5.2,Railways,Tripura,Shivam Chaudhary,Mrunal Devdhar,Ajay Sarkar,0,0,,,,,,,,,
1244308,2020/21,2021-01-10,Alur Cricket Stadium III,2,5.3,Railways,Tripura,Shivam Chaudhary,Mrunal Devdhar,Ajay Sarkar,0,0,,,,,,,,,
1244308,2020/21,2021-01-10,Alur Cricket Stadium III,2,5.4,Railways,Tripura,Shivam Chaudhary,Mrunal Devdhar,Ajay Sarkar,1,0,,,,,,,,,
1244308,2020/21,2021-01-10,Alur Cricket Stadium III,2,5.5,Railways,Tripura,Mrunal Devdhar,Shivam Chaudhary,Ajay Sarkar,1,0,,,,,,,,,
1244308,2020/21,2021-01-10,Alur Cricket Stadium III,2,5.6,Railways,Tripura,Shivam Chaudhary,Mrunal Devdhar,Ajay Sarkar,0,0,,,,,,,,,
1244308,2020/21,2021-01-10,Alur Cricket Stadium III,2,6.1,Railways,Tripura,Mrunal Devdhar,Shivam Chaudhary,Chandan Ray,1,0,,,,,,,,,
1244308,2020/21,2021-01-10,Alur Cricket Stadium III,2,6.2,Railways,Tripura,Shivam Chaudhary,Mrunal Devdhar,Chandan Ray,1,0,,,,,,,,,
1244308,2020/21,2021-01-10,Alur Cricket Stadium III,2,6.3,Railways,Tripura,Mrunal Devdhar,Shivam Chaudhary,Chandan Ray,0,0,,,,,,,,,
1244308,2020/21,2021-01-10,Alur Cricket Stadium III,2,6.4,Railways,Tripura,Mrunal Devdhar,Shivam Chaudhary,Chandan Ray,0,0,,,,,,,,,
1244308,2020/21,2021-01-10,Alur Cricket Stadium III,2,6.5,Railways,Tripura,Mrunal Devdhar,Shivam Chaudhary,Chandan Ray,1,0,,,,,,,,,
1244308,2020/21,2021-01-10,Alur Cricket Stadium III,2,6.6,Railways,Tripura,Shivam Chaudhary,Mrunal Devdhar,Chandan Ray,0,0,,,,,,,,,
1244308,2020/21,2021-01-10,Alur Cricket Stadium III,2,7.1,Railways,Tripura,Mrunal Devdhar,Shivam Chaudhary,TS Saha,0,0,,,,,,,,,
1244308,2020/21,2021-01-10,Alur Cricket Stadium III,2,7.2,Railways,Tripura,Mrunal Devdhar,Shivam Chaudhary,TS Saha,1,0,,,,,,,,,
1244308,2020/21,2021-01-10,Alur Cricket Stadium III,2,7.3,Railways,Tripura,Shivam Chaudhary,Mrunal Devdhar,TS Saha,0,0,,,,,,,,,
1244308,2020/21,2021-01-10,Alur Cricket Stadium III,2,7.4,Railways,Tripura,Shivam Chaudhary,Mrunal Devdhar,TS Saha,0,0,,,,,,caught,Shivam Chaudhary,,
1244308,2020/21,2021-01-10,Alur Cricket Stadium III,2,7.5,Railways,Tripura,KV Sharma,Mrunal Devdhar,TS Saha,1,0,,,,,,,,,
1244308,2020/21,2021-01-10,Alur Cricket Stadium III,2,7.6,Railways,Tripura,Mrunal Devdhar,KV Sharma,TS Saha,1,0,,,,,,,,,
1244308,2020/21,2021-01-10,Alur Cricket Stadium III,2,8.1,Railways,Tripura,Mrunal Devdhar,KV Sharma,Chandan Ray,1,0,,,,,,,,,
1244308,2020/21,2021-01-10,Alur Cricket Stadium III,2,8.2,Railways,Tripura,KV Sharma,Mrunal Devdhar,Chandan Ray,2,0,,,,,,,,,
1244308,2020/21,2021-01-10,Alur Cricket Stadium III,2,8.3,Railways,Tripura,KV Sharma,Mrunal Devdhar,Chandan Ray,0,0,,,,,,,,,
1244308,2020/21,2021-01-10,Alur Cricket Stadium III,2,8.4,Railways,Tripura,KV Sharma,Mrunal Devdhar,Chandan Ray,4,0,,,,,,,,,
1244308,2020/21,2021-01-10,Alur Cricket Stadium III,2,8.5,Railways,Tripura,KV Sharma,Mrunal Devdhar,Chandan Ray,0,0,,,,,,,,,
1244308,2020/21,2021-01-10,Alur Cricket Stadium III,2,8.6,Railways,Tripura,KV Sharma,Mrunal Devdhar,Chandan Ray,1,0,,,,,,,,,
1244308,2020/21,2021-01-10,Alur Cricket Stadium III,2,9.1,Railways,Tripura,KV Sharma,Mrunal Devdhar,Sankar Paul,1,0,,,,,,,,,
1244308,2020/21,2021-01-10,Alur Cricket Stadium III,2,9.2,Railways,Tripura,Mrunal Devdhar,KV Sharma,Sankar Paul,1,0,,,,,,,,,
1244308,2020/21,2021-01-10,Alur Cricket Stadium III,2,9.3,Railways,Tripura,KV Sharma,Mrunal Devdhar,Sankar Paul,0,0,,,,,,,,,
1244308,2020/21,2021-01-10,Alur Cricket Stadium III,2,9.4,Railways,Tripura,KV Sharma,Mrunal Devdhar,Sankar Paul,0,0,,,,,,,,,
1244308,2020/21,2021-01-10,Alur Cricket Stadium III,2,9.5,Railways,Tripura,KV Sharma,Mrunal Devdhar,Sankar Paul,0,0,,,,,,,,,
1244308,2020/21,2021-01-10,Alur Cricket Stadium III,2,9.6,Railways,Tripura,KV Sharma,Mrunal Devdhar,Sankar Paul,6,0,,,,,,,,,
1244308,2020/21,2021-01-10,Alur Cricket Stadium III,2,10.1,Railways,Tripura,Mrunal Devdhar,KV Sharma,Chandan Ray,1,0,,,,,,,,,
1244308,2020/21,2021-01-10,Alur Cricket Stadium III,2,10.2,Railways,Tripura,KV Sharma,Mrunal Devdhar,Chandan Ray,6,0,,,,,,,,,
1244308,2020/21,2021-01-10,Alur Cricket Stadium III,2,10.3,Railways,Tripura,KV Sharma,Mrunal Devdhar,Chandan Ray,0,0,,,,,,,,,
1244308,2020/21,2021-01-10,Alur Cricket Stadium III,2,10.4,Railways,Tripura,KV Sharma,Mrunal Devdhar,Chandan Ray,0,0,,,,,,,,,
1244308,2020/21,2021-01-10,Alur Cricket Stadium III,2,10.5,Railways,Tripura,KV Sharma,Mrunal Devdhar,Chandan Ray,6,0,,,,,,,,,
1244308,2020/21,2021-01-10,Alur Cricket Stadium III,2,10.6,Railways,Tripura,KV Sharma,Mrunal Devdhar,Chandan Ray,0,0,,,,,,,,,
1244308,2020/21,2021-01-10,Alur Cricket Stadium III,2,11.1,Railways,Tripura,Mrunal Devdhar,KV Sharma,AK Sarkar,2,0,,,,,,,,,
1244308,2020/21,2021-01-10,Alur Cricket Stadium III,2,11.2,Railways,Tripura,Mrunal Devdhar,KV Sharma,AK Sarkar,1,0,,,,,,,,,
1244308,2020/21,2021-01-10,Alur Cricket Stadium III,2,11.3,Railways,Tripura,KV Sharma,Mrunal Devdhar,AK Sarkar,0,1,1,,,,,,,,
1244308,2020/21,2021-01-10,Alur Cricket Stadium III,2,11.4,Railways,Tripura,KV Sharma,Mrunal Devdhar,AK Sarkar,0,0,,,,,,,,,
1244308,2020/21,2021-01-10,Alur Cricket Stadium III,2,11.5,Railways,Tripura,KV Sharma,Mrunal Devdhar,AK Sarkar,6,0,,,,,,,,,
1244308,2020/21,2021-01-10,Alur Cricket Stadium III,2,11.6,Railways,Tripura,KV Sharma,Mrunal Devdhar,AK Sarkar,2,0,,,,,,,,,
1244308,2020/21,2021-01-10,Alur Cricket Stadium III,2,11.7,Railways,Tripura,KV Sharma,Mrunal Devdhar,AK Sarkar,1,0,,,,,,,,,
1244308,2020/21,2021-01-10,Alur Cricket Stadium III,2,12.1,Railways,Tripura,KV Sharma,Mrunal Devdhar,Sankar Paul,0,0,,,,,,,,,
1244308,2020/21,2021-01-10,Alur Cricket Stadium III,2,12.2,Railways,Tripura,KV Sharma,Mrunal Devdhar,Sankar Paul,0,1,,,,1,,,,,
1244308,2020/21,2021-01-10,Alur Cricket Stadium III,2,12.3,Railways,Tripura,Mrunal Devdhar,KV Sharma,Sankar Paul,0,0,,,,,,,,,
1244308,2020/21,2021-01-10,Alur Cricket Stadium III,2,12.4,Railways,Tripura,Mrunal Devdhar,KV Sharma,Sankar Paul,0,0,,,,,,,,,
1244308,2020/21,2021-01-10,Alur Cricket Stadium III,2,12.5,Railways,Tripura,Mrunal Devdhar,KV Sharma,Sankar Paul,0,0,,,,,,,,,
1244308,2020/21,2021-01-10,Alur Cricket Stadium III,2,12.6,Railways,Tripura,Mrunal Devdhar,KV Sharma,Sankar Paul,0,0,,,,,,,,,
1244308,2020/21,2021-01-10,Alur Cricket Stadium III,2,13.1,Railways,Tripura,KV Sharma,Mrunal Devdhar,AK Sarkar,1,0,,,,,,,,,
1244308,2020/21,2021-01-10,Alur Cricket Stadium III,2,13.2,Railways,Tripura,Mrunal Devdhar,KV Sharma,AK Sarkar,2,0,,,,,,,,,
1244308,2020/21,2021-01-10,Alur Cricket Stadium III,2,13.3,Railways,Tripura,Mrunal Devdhar,KV Sharma,AK Sarkar,0,0,,,,,,,,,
1244308,2020/21,2021-01-10,Alur Cricket Stadium III,2,13.4,Railways,Tripura,Mrunal Devdhar,KV Sharma,AK Sarkar,0,0,,,,,,,,,
1244308,2020/21,2021-01-10,Alur Cricket Stadium III,2,13.5,Railways,Tripura,Mrunal Devdhar,KV Sharma,AK Sarkar,1,0,,,,,,,,,
1244308,2020/21,2021-01-10,Alur Cricket Stadium III,2,13.6,Railways,Tripura,KV Sharma,Mrunal Devdhar,AK Sarkar,6,0,,,,,,,,,
1244308,2020/21,2021-01-10,Alur Cricket Stadium III,2,14.1,Railways,Tripura,Mrunal Devdhar,KV Sharma,TS Saha,1,0,,,,,,,,,
1244308,2020/21,2021-01-10,Alur Cricket Stadium III,2,14.2,Railways,Tripura,KV Sharma,Mrunal Devdhar,TS Saha,0,0,,,,,,,,,
1244308,2020/21,2021-01-10,Alur Cricket Stadium III,2,14.3,Railways,Tripura,KV Sharma,Mrunal Devdhar,TS Saha,1,0,,,,,,,,,
1244308,2020/21,2021-01-10,Alur Cricket Stadium III,2,14.4,Railways,Tripura,Mrunal Devdhar,KV Sharma,TS Saha,4,0,,,,,,,,,
1244308,2020/21,2021-01-10,Alur Cricket Stadium III,2,14.5,Railways,Tripura,Mrunal Devdhar,KV Sharma,TS Saha,1,0,,,,,,,,,
1244308,2020/21,2021-01-10,Alur Cricket Stadium III,2,14.6,Railways,Tripura,KV Sharma,Mrunal Devdhar,TS Saha,1,0,,,,,,,,,
1244308,2020/21,2021-01-10,Alur Cricket Stadium III,2,15.1,Railways,Tripura,KV Sharma,Mrunal Devdhar,Sankar Paul,0,0,,,,,,,,,
1244308,2020/21,2021-01-10,Alur Cricket Stadium III,2,15.2,Railways,Tripura,KV Sharma,Mrunal Devdhar,Sankar Paul,0,0,,,,,,caught,KV Sharma,,
1244308,2020/21,2021-01-10,Alur Cricket Stadium III,2,15.3,Railways,Tripura,Mrunal Devdhar,Abhishek Pandey,Sankar Paul,1,0,,,,,,,,,
1244308,2020/21,2021-01-10,Alur Cricket Stadium III,2,15.4,Railways,Tripura,Abhishek Pandey,Mrunal Devdhar,Sankar Paul,1,0,,,,,,,,,
1244308,2020/21,2021-01-10,Alur Cricket Stadium III,2,15.5,Railways,Tripura,Mrunal Devdhar,Abhishek Pandey,Sankar Paul,1,0,,,,,,,,,
1244308,2020/21,2021-01-10,Alur Cricket Stadium III,2,15.6,Railways,Tripura,Abhishek Pandey,Mrunal Devdhar,Sankar Paul,0,0,,,,,,caught,Abhishek Pandey,,
1244308,2020/21,2021-01-10,Alur Cricket Stadium III,2,16.1,Railways,Tripura,Harsh Tyagi,Mrunal Devdhar,TS Saha,0,0,,,,,,,,,
1244308,2020/21,2021-01-10,Alur Cricket Stadium III,2,16.2,Railways,Tripura,Harsh Tyagi,Mrunal Devdhar,TS Saha,6,0,,,,,,,,,
1244308,2020/21,2021-01-10,Alur Cricket Stadium III,2,16.3,Railways,Tripura,Harsh Tyagi,Mrunal Devdhar,TS Saha,2,0,,,,,,,,,
1244308,2020/21,2021-01-10,Alur Cricket Stadium III,2,16.4,Railways,Tripura,Harsh Tyagi,Mrunal Devdhar,TS Saha,0,1,1,,,,,,,,
1244308,2020/21,2021-01-10,Alur Cricket Stadium III,2,16.5,Railways,Tripura,Harsh Tyagi,Mrunal Devdhar,TS Saha,6,0,,,,,,,,,
1244308,2020/21,2021-01-10,Alur Cricket Stadium III,2,16.6,Railways,Tripura,Harsh Tyagi,Mrunal Devdhar,TS Saha,6,0,,,,,,,,,
1244308,2020/21,2021-01-10,Alur Cricket Stadium III,2,16.7,Railways,Tripura,Harsh Tyagi,Mrunal Devdhar,TS Saha,0,0,,,,,,,,,
1244308,2020/21,2021-01-10,Alur Cricket Stadium III,2,17.1,Railways,Tripura,Mrunal Devdhar,Harsh Tyagi,Ajay Sarkar,1,0,,,,,,,,,
1244308,2020/21,2021-01-10,Alur Cricket Stadium III,2,17.2,Railways,Tripura,Harsh Tyagi,Mrunal Devdhar,Ajay Sarkar,2,1,,1,,,,,,,
1244308,2020/21,2021-01-10,Alur Cricket Stadium III,2,17.3,Railways,Tripura,Harsh Tyagi,Mrunal Devdhar,Ajay Sarkar,0,1,1,,,,,,,,
1244308,2020/21,2021-01-10,Alur Cricket Stadium III,2,17.4,Railways,Tripura,Harsh Tyagi,Mrunal Devdhar,Ajay Sarkar,2,0,,,,,,,,,
1244308,2020/21,2021-01-10,Alur Cricket Stadium III,2,17.5,Railways,Tripura,Harsh Tyagi,Mrunal Devdhar,Ajay Sarkar,2,0,,,,,,,,,
1244308,2020/21,2021-01-10,Alur Cricket Stadium III,2,17.6,Railways,Tripura,Harsh Tyagi,Mrunal Devdhar,Ajay Sarkar,1,0,,,,,,,,,
1244308,2020/21,2021-01-10,Alur Cricket Stadium III,2,17.7,Railways,Tripura,Mrunal Devdhar,Harsh Tyagi,Ajay Sarkar,1,0,,,,,,,,,
1244308,2020/21,2021-01-10,Alur Cricket Stadium III,2,17.8,Railways,Tripura,Harsh Tyagi,Mrunal Devdhar,Ajay Sarkar,1,0,,,,,,,,,
1244308,2020/21,2021-01-10,Alur Cricket Stadium III,2,18.1,Railways,Tripura,Harsh Tyagi,Mrunal Devdhar,Manisankar Murasingh,0,0,,,,,,,,,
1244308,2020/21,2021-01-10,Alur Cricket Stadium III,2,18.2,Railways,Tripura,Harsh Tyagi,Mrunal Devdhar,Manisankar Murasingh,0,0,,,,,,,,,
1244308,2020/21,2021-01-10,Alur Cricket Stadium III,2,18.3,Railways,Tripura,Harsh Tyagi,Mrunal Devdhar,Manisankar Murasingh,4,0,,,,,,,,,
1244308,2020/21,2021-01-10,Alur Cricket Stadium III,2,18.4,Railways,Tripura,Harsh Tyagi,Mrunal Devdhar,Manisankar Murasingh,1,0,,,,,,,,,
1244308,2020/21,2021-01-10,Alur Cricket Stadium III,2,18.5,Railways,Tripura,Mrunal Devdhar,Harsh Tyagi,Manisankar Murasingh,2,0,,,,,,,,,
1244308,2020/21,2021-01-10,Alur Cricket Stadium III,2,18.6,Railways,Tripura,Mrunal Devdhar,Harsh Tyagi,Manisankar Murasingh,0,1,1,,,,,,,,
1244308,2020/21,2021-01-10,Alur Cricket Stadium III,2,18.7,Railways,Tripura,Mrunal Devdhar,Harsh Tyagi,Manisankar Murasingh,4,0,,,,,,,,,
1244308,2020/21,2021-01-10,Alur Cricket Stadium III,2,19.1,Railways,Tripura,Harsh Tyagi,Mrunal Devdhar,Ajay Sarkar,1,0,,,,,,,,,
1244308,2020/21,2021-01-10,Alur Cricket Stadium III,2,19.2,Railways,Tripura,Mrunal Devdhar,Harsh Tyagi,Ajay Sarkar,0,1,,,,1,,,,,
1244308,2020/21,2021-01-10,Alur Cricket Stadium III,2,19.3,Railways,Tripura,Harsh Tyagi,Mrunal Devdhar,Ajay Sarkar,4,0,,,,,,,,,
