match_id,season,start_date,venue,innings,ball,batting_team,bowling_team,striker,non_striker,bowler,runs_off_bat,extras,wides,noballs,byes,legbyes,penalty,wicket_type,player_dismissed,other_wicket_type,other_player_dismissed
1244403,2020/21,2021-01-27,"Narendra Modi Stadium Ground 'A', Motera",1,0.1,Haryana,Baroda,Chaitanya Bishnoi,GA Singh,A Sheth,1,0,,,,,,,,,
1244403,2020/21,2021-01-27,"Narendra Modi Stadium Ground 'A', Motera",1,0.2,Haryana,Baroda,GA Singh,Chaitanya Bishnoi,A Sheth,0,0,,,,,,,,,
1244403,2020/21,2021-01-27,"Narendra Modi Stadium Ground 'A', Motera",1,0.3,Haryana,Baroda,GA Singh,Chaitanya Bishnoi,A Sheth,0,1,,,,1,,,,,
1244403,2020/21,2021-01-27,"Narendra Modi Stadium Ground 'A', Motera",1,0.4,Haryana,Baroda,Chaitanya Bishnoi,GA Singh,A Sheth,0,0,,,,,,,,,
1244403,2020/21,2021-01-27,"Narendra Modi Stadium Ground 'A', Motera",1,0.5,Haryana,Baroda,Chaitanya Bishnoi,GA Singh,A Sheth,0,0,,,,,,,,,
1244403,2020/21,2021-01-27,"Narendra Modi Stadium Ground 'A', Motera",1,0.6,Haryana,Baroda,Chaitanya Bishnoi,GA Singh,A Sheth,0,0,,,,,,,,,
1244403,2020/21,2021-01-27,"Narendra Modi Stadium Ground 'A', Motera",1,1.1,Haryana,Baroda,GA Singh,Chaitanya Bishnoi,LI Meriwala,0,0,,,,,,,,,
1244403,2020/21,2021-01-27,"Narendra Modi Stadium Ground 'A', Motera",1,1.2,Haryana,Baroda,GA Singh,Chaitanya Bishnoi,LI Meriwala,1,0,,,,,,,,,
1244403,2020/21,2021-01-27,"Narendra Modi Stadium Ground 'A', Motera",1,1.3,Haryana,Baroda,Chaitanya Bishnoi,GA Singh,LI Meriwala,0,0,,,,,,,,,
1244403,2020/21,2021-01-27,"Narendra Modi Stadium Ground 'A', Motera",1,1.4,Haryana,Baroda,Chaitanya Bishnoi,GA Singh,LI Meriwala,4,0,,,,,,,,,
1244403,2020/21,2021-01-27,"Narendra Modi Stadium Ground 'A', Motera",1,1.5,Haryana,Baroda,Chaitanya Bishnoi,GA Singh,LI Meriwala,1,0,,,,,,,,,
1244403,2020/21,2021-01-27,"Narendra Modi Stadium Ground 'A', Motera",1,1.6,Haryana,Baroda,GA Singh,Chaitanya Bishnoi,LI Meriwala,0,0,,,,,,,,,
1244403,2020/21,2021-01-27,"Narendra Modi Stadium Ground 'A', Motera",1,2.1,Haryana,Baroda,Chaitanya Bishnoi,GA Singh,A Sheth,1,0,,,,,,,,,
1244403,2020/21,2021-01-27,"Narendra Modi Stadium Ground 'A', Motera",1,2.2,Haryana,Baroda,GA Singh,Chaitanya Bishnoi,A Sheth,0,0,,,,,,run out,GA Singh,,
1244403,2020/21,2021-01-27,"Narendra Modi Stadium Ground 'A', Motera",1,2.3,Haryana,Baroda,Chaitanya Bishnoi,Himanshu Rana,A Sheth,6,0,,,,,,,,,
1244403,2020/21,2021-01-27,"Narendra Modi Stadium Ground 'A', Motera",1,2.4,Haryana,Baroda,Chaitanya Bishnoi,Himanshu Rana,A Sheth,0,0,,,,,,,,,
1244403,2020/21,2021-01-27,"Narendra Modi Stadium Ground 'A', Motera",1,2.5,Haryana,Baroda,Chaitanya Bishnoi,Himanshu Rana,A Sheth,0,0,,,,,,,,,
1244403,2020/21,2021-01-27,"Narendra Modi Stadium Ground 'A', Motera",1,2.6,Haryana,Baroda,Chaitanya Bishnoi,Himanshu Rana,A Sheth,6,0,,,,,,,,,
1244403,2020/21,2021-01-27,"Narendra Modi Stadium Ground 'A', Motera",1,3.1,Haryana,Baroda,Himanshu Rana,Chaitanya Bishnoi,LI Meriwala,0,0,,,,,,,,,
1244403,2020/21,2021-01-27,"Narendra Modi Stadium Ground 'A', Motera",1,3.2,Haryana,Baroda,Himanshu Rana,Chaitanya Bishnoi,LI Meriwala,0,0,,,,,,,,,
1244403,2020/21,2021-01-27,"Narendra Modi Stadium Ground 'A', Motera",1,3.3,Haryana,Baroda,Himanshu Rana,Chaitanya Bishnoi,LI Meriwala,0,0,,,,,,,,,
1244403,2020/21,2021-01-27,"Narendra Modi Stadium Ground 'A', Motera",1,3.4,Haryana,Baroda,Himanshu Rana,Chaitanya Bishnoi,LI Meriwala,0,0,,,,,,,,,
1244403,2020/21,2021-01-27,"Narendra Modi Stadium Ground 'A', Motera",1,3.5,Haryana,Baroda,Himanshu Rana,Chaitanya Bishnoi,LI Meriwala,1,0,,,,,,,,,
1244403,2020/21,2021-01-27,"Narendra Modi Stadium Ground 'A', Motera",1,3.6,Haryana,Baroda,Chaitanya Bishnoi,Himanshu Rana,LI Meriwala,1,0,,,,,,,,,
1244403,2020/21,2021-01-27,"Narendra Modi Stadium Ground 'A', Motera",1,4.1,Haryana,Baroda,Chaitanya Bishnoi,Himanshu Rana,KR Kakade,1,0,,,,,,,,,
1244403,2020/21,2021-01-27,"Narendra Modi Stadium Ground 'A', Motera",1,4.2,Haryana,Baroda,Himanshu Rana,Chaitanya Bishnoi,KR Kakade,1,0,,,,,,,,,
1244403,2020/21,2021-01-27,"Narendra Modi Stadium Ground 'A', Motera",1,4.3,Haryana,Baroda,Chaitanya Bishnoi,Himanshu Rana,KR Kakade,0,0,,,,,,caught,Chaitanya Bishnoi,,
1244403,2020/21,2021-01-27,"Narendra Modi Stadium Ground 'A', Motera",1,4.4,Haryana,Baroda,Himanshu Rana,Shivam Chauhan,KR Kakade,1,0,,,,,,,,,
1244403,2020/21,2021-01-27,"Narendra Modi Stadium Ground 'A', Motera",1,4.5,Haryana,Baroda,Shivam Chauhan,Himanshu Rana,KR Kakade,0,0,,,,,,,,,
1244403,2020/21,2021-01-27,"Narendra Modi Stadium Ground 'A', Motera",1,4.6,Haryana,Baroda,Shivam Chauhan,Himanshu Rana,KR Kakade,1,0,,,,,,,,,
1244403,2020/21,2021-01-27,"Narendra Modi Stadium Ground 'A', Motera",1,5.1,Haryana,Baroda,Shivam Chauhan,Himanshu Rana,BA Bhatt,4,0,,,,,,,,,
1244403,2020/21,2021-01-27,"Narendra Modi Stadium Ground 'A', Motera",1,5.2,Haryana,Baroda,Shivam Chauhan,Himanshu Rana,BA Bhatt,1,0,,,,,,,,,
1244403,2020/21,2021-01-27,"Narendra Modi Stadium Ground 'A', Motera",1,5.3,Haryana,Baroda,Himanshu Rana,Shivam Chauhan,BA Bhatt,0,0,,,,,,,,,
1244403,2020/21,2021-01-27,"Narendra Modi Stadium Ground 'A', Motera",1,5.4,Haryana,Baroda,Himanshu Rana,Shivam Chauhan,BA Bhatt,1,0,,,,,,,,,
1244403,2020/21,2021-01-27,"Narendra Modi Stadium Ground 'A', Motera",1,5.5,Haryana,Baroda,Shivam Chauhan,Himanshu Rana,BA Bhatt,0,0,,,,,,,,,
1244403,2020/21,2021-01-27,"Narendra Modi Stadium Ground 'A', Motera",1,5.6,Haryana,Baroda,Shivam Chauhan,Himanshu Rana,BA Bhatt,0,0,,,,,,,,,
1244403,2020/21,2021-01-27,"Narendra Modi Stadium Ground 'A', Motera",1,6.1,Haryana,Baroda,Himanshu Rana,Shivam Chauhan,NA Rathva,1,0,,,,,,,,,
1244403,2020/21,2021-01-27,"Narendra Modi Stadium Ground 'A', Motera",1,6.2,Haryana,Baroda,Shivam Chauhan,Himanshu Rana,NA Rathva,0,0,,,,,,,,,
1244403,2020/21,2021-01-27,"Narendra Modi Stadium Ground 'A', Motera",1,6.3,Haryana,Baroda,Shivam Chauhan,Himanshu Rana,NA Rathva,1,0,,,,,,,,,
1244403,2020/21,2021-01-27,"Narendra Modi Stadium Ground 'A', Motera",1,6.4,Haryana,Baroda,Himanshu Rana,Shivam Chauhan,NA Rathva,0,0,,,,,,,,,
1244403,2020/21,2021-01-27,"Narendra Modi Stadium Ground 'A', Motera",1,6.5,Haryana,Baroda,Himanshu Rana,Shivam Chauhan,NA Rathva,0,0,,,,,,,,,
1244403,2020/21,2021-01-27,"Narendra Modi Stadium Ground 'A', Motera",1,6.6,Haryana,Baroda,Himanshu Rana,Shivam Chauhan,NA Rathva,1,0,,,,,,,,,
1244403,2020/21,2021-01-27,"Narendra Modi Stadium Ground 'A', Motera",1,7.1,Haryana,Baroda,Himanshu Rana,Shivam Chauhan,BA Bhatt,0,0,,,,,,,,,
1244403,2020/21,2021-01-27,"Narendra Modi Stadium Ground 'A', Motera",1,7.2,Haryana,Baroda,Himanshu Rana,Shivam Chauhan,BA Bhatt,4,0,,,,,,,,,
1244403,2020/21,2021-01-27,"Narendra Modi Stadium Ground 'A', Motera",1,7.3,Haryana,Baroda,Himanshu Rana,Shivam Chauhan,BA Bhatt,0,0,,,,,,,,,
1244403,2020/21,2021-01-27,"Narendra Modi Stadium Ground 'A', Motera",1,7.4,Haryana,Baroda,Himanshu Rana,Shivam Chauhan,BA Bhatt,1,0,,,,,,,,,
1244403,2020/21,2021-01-27,"Narendra Modi Stadium Ground 'A', Motera",1,7.5,Haryana,Baroda,Shivam Chauhan,Himanshu Rana,BA Bhatt,0,0,,,,,,,,,
1244403,2020/21,2021-01-27,"Narendra Modi Stadium Ground 'A', Motera",1,7.6,Haryana,Baroda,Shivam Chauhan,Himanshu Rana,BA Bhatt,1,0,,,,,,,,,
1244403,2020/21,2021-01-27,"Narendra Modi Stadium Ground 'A', Motera",1,8.1,Haryana,Baroda,Shivam Chauhan,Himanshu Rana,NA Rathva,2,0,,,,,,,,,
1244403,2020/21,2021-01-27,"Narendra Modi Stadium Ground 'A', Motera",1,8.2,Haryana,Baroda,Shivam Chauhan,Himanshu Rana,NA Rathva,4,0,,,,,,,,,
1244403,2020/21,2021-01-27,"Narendra Modi Stadium Ground 'A', Motera",1,8.3,Haryana,Baroda,Shivam Chauhan,Himanshu Rana,NA Rathva,1,0,,,,,,,,,
1244403,2020/21,2021-01-27,"Narendra Modi Stadium Ground 'A', Motera",1,8.4,Haryana,Baroda,Himanshu Rana,Shivam Chauhan,NA Rathva,1,0,,,,,,,,,
1244403,2020/21,2021-01-27,"Narendra Modi Stadium Ground 'A', Motera",1,8.5,Haryana,Baroda,Shivam Chauhan,Himanshu Rana,NA Rathva,0,0,,,,,,,,,
1244403,2020/21,2021-01-27,"Narendra Modi Stadium Ground 'A', Motera",1,8.6,Haryana,Baroda,Shivam Chauhan,Himanshu Rana,NA Rathva,0,1,,,,1,,,,,
1244403,2020/21,2021-01-27,"Narendra Modi Stadium Ground 'A', Motera",1,9.1,Haryana,Baroda,Shivam Chauhan,Himanshu Rana,BA Bhatt,0,0,,,,,,,,,
1244403,2020/21,2021-01-27,"Narendra Modi Stadium Ground 'A', Motera",1,9.2,Haryana,Baroda,Shivam Chauhan,Himanshu Rana,BA Bhatt,1,0,,,,,,,,,
1244403,2020/21,2021-01-27,"Narendra Modi Stadium Ground 'A', Motera",1,9.3,Haryana,Baroda,Himanshu Rana,Shivam Chauhan,BA Bhatt,4,0,,,,,,,,,
1244403,2020/21,2021-01-27,"Narendra Modi Stadium Ground 'A', Motera",1,9.4,Haryana,Baroda,Himanshu Rana,Shivam Chauhan,BA Bhatt,0,0,,,,,,,,,
1244403,2020/21,2021-01-27,"Narendra Modi Stadium Ground 'A', Motera",1,9.5,Haryana,Baroda,Himanshu Rana,Shivam Chauhan,BA Bhatt,2,0,,,,,,,,,
1244403,2020/21,2021-01-27,"Narendra Modi Stadium Ground 'A', Motera",1,9.6,Haryana,Baroda,Himanshu Rana,Shivam Chauhan,BA Bhatt,0,0,,,,,,,,,
1244403,2020/21,2021-01-27,"Narendra Modi Stadium Ground 'A', Motera",1,10.1,Haryana,Baroda,Shivam Chauhan,Himanshu Rana,BA Pathan,3,0,,,,,,,,,
1244403,2020/21,2021-01-27,"Narendra Modi Stadium Ground 'A', Motera",1,10.2,Haryana,Baroda,Himanshu Rana,Shivam Chauhan,BA Pathan,0,1,,,,1,,,,,
1244403,2020/21,2021-01-27,"Narendra Modi Stadium Ground 'A', Motera",1,10.3,Haryana,Baroda,Shivam Chauhan,Himanshu Rana,BA Pathan,1,0,,,,,,,,,
1244403,2020/21,2021-01-27,"Narendra Modi Stadium Ground 'A', Motera",1,10.4,Haryana,Baroda,Himanshu Rana,Shivam Chauhan,BA Pathan,1,0,,,,,,,,,
1244403,2020/21,2021-01-27,"Narendra Modi Stadium Ground 'A', Motera",1,10.5,Haryana,Baroda,Shivam Chauhan,Himanshu Rana,BA Pathan,1,0,,,,,,,,,
1244403,2020/21,2021-01-27,"Narendra Modi Stadium Ground 'A', Motera",1,10.6,Haryana,Baroda,Himanshu Rana,Shivam Chauhan,BA Pathan,4,0,,,,,,,,,
1244403,2020/21,2021-01-27,"Narendra Modi Stadium Ground 'A', Motera",1,11.1,Haryana,Baroda,Shivam Chauhan,Himanshu Rana,NA Rathva,6,0,,,,,,,,,
1244403,2020/21,2021-01-27,"Narendra Modi Stadium Ground 'A', Motera",1,11.2,Haryana,Baroda,Shivam Chauhan,Himanshu Rana,NA Rathva,4,0,,,,,,,,,
1244403,2020/21,2021-01-27,"Narendra Modi Stadium Ground 'A', Motera",1,11.3,Haryana,Baroda,Shivam Chauhan,Himanshu Rana,NA Rathva,1,0,,,,,,,,,
1244403,2020/21,2021-01-27,"Narendra Modi Stadium Ground 'A', Motera",1,11.4,Haryana,Baroda,Himanshu Rana,Shivam Chauhan,NA Rathva,2,0,,,,,,,,,
1244403,2020/21,2021-01-27,"Narendra Modi Stadium Ground 'A', Motera",1,11.5,Haryana,Baroda,Himanshu Rana,Shivam Chauhan,NA Rathva,1,0,,,,,,,,,
1244403,2020/21,2021-01-27,"Narendra Modi Stadium Ground 'A', Motera",1,11.6,Haryana,Baroda,Shivam Chauhan,Himanshu Rana,NA Rathva,2,0,,,,,,,,,
1244403,2020/21,2021-01-27,"Narendra Modi Stadium Ground 'A', Motera",1,12.1,Haryana,Baroda,Himanshu Rana,Shivam Chauhan,BA Pathan,1,0,,,,,,,,,
1244403,2020/21,2021-01-27,"Narendra Modi Stadium Ground 'A', Motera",1,12.2,Haryana,Baroda,Shivam Chauhan,Himanshu Rana,BA Pathan,1,0,,,,,,,,,
1244403,2020/21,2021-01-27,"Narendra Modi Stadium Ground 'A', Motera",1,12.3,Haryana,Baroda,Himanshu Rana,Shivam Chauhan,BA Pathan,2,0,,,,,,,,,
1244403,2020/21,2021-01-27,"Narendra Modi Stadium Ground 'A', Motera",1,12.4,Haryana,Baroda,Himanshu Rana,Shivam Chauhan,BA Pathan,0,1,1,,,,,,,,
1244403,2020/21,2021-01-27,"Narendra Modi Stadium Ground 'A', Motera",1,12.5,Haryana,Baroda,Himanshu Rana,Shivam Chauhan,BA Pathan,0,0,,,,,,,,,
1244403,2020/21,2021-01-27,"Narendra Modi Stadium Ground 'A', Motera",1,12.6,Haryana,Baroda,Himanshu Rana,Shivam Chauhan,BA Pathan,4,0,,,,,,,,,
1244403,2020/21,2021-01-27,"Narendra Modi Stadium Ground 'A', Motera",1,12.7,Haryana,Baroda,Himanshu Rana,Shivam Chauhan,BA Pathan,1,0,,,,,,,,,
1244403,2020/21,2021-01-27,"Narendra Modi Stadium Ground 'A', Motera",1,13.1,Haryana,Baroda,Himanshu Rana,Shivam Chauhan,BA Bhatt,4,0,,,,,,,,,
1244403,2020/21,2021-01-27,"Narendra Modi Stadium Ground 'A', Motera",1,13.2,Haryana,Baroda,Himanshu Rana,Shivam Chauhan,BA Bhatt,0,0,,,,,,,,,
1244403,2020/21,2021-01-27,"Narendra Modi Stadium Ground 'A', Motera",1,13.3,Haryana,Baroda,Himanshu Rana,Shivam Chauhan,BA Bhatt,4,0,,,,,,,,,
1244403,2020/21,2021-01-27,"Narendra Modi Stadium Ground 'A', Motera",1,13.4,Haryana,Baroda,Himanshu Rana,Shivam Chauhan,BA Bhatt,1,0,,,,,,,,,
1244403,2020/21,2021-01-27,"Narendra Modi Stadium Ground 'A', Motera",1,13.5,Haryana,Baroda,Shivam Chauhan,Himanshu Rana,BA Bhatt,0,0,,,,,,,,,
1244403,2020/21,2021-01-27,"Narendra Modi Stadium Ground 'A', Motera",1,13.6,Haryana,Baroda,Shivam Chauhan,Himanshu Rana,BA Bhatt,0,1,,,1,,,,,,
1244403,2020/21,2021-01-27,"Narendra Modi Stadium Ground 'A', Motera",1,14.1,Haryana,Baroda,Shivam Chauhan,Himanshu Rana,A Sheth,0,0,,,,,,,,,
1244403,2020/21,2021-01-27,"Narendra Modi Stadium Ground 'A', Motera",1,14.2,Haryana,Baroda,Shivam Chauhan,Himanshu Rana,A Sheth,0,0,,,,,,caught,Shivam Chauhan,,
1244403,2020/21,2021-01-27,"Narendra Modi Stadium Ground 'A', Motera",1,14.3,Haryana,Baroda,R Tewatia,Himanshu Rana,A Sheth,1,0,,,,,,,,,
1244403,2020/21,2021-01-27,"Narendra Modi Stadium Ground 'A', Motera",1,14.4,Haryana,Baroda,Himanshu Rana,R Tewatia,A Sheth,4,0,,,,,,,,,
1244403,2020/21,2021-01-27,"Narendra Modi Stadium Ground 'A', Motera",1,14.5,Haryana,Baroda,Himanshu Rana,R Tewatia,A Sheth,1,0,,,,,,,,,
1244403,2020/21,2021-01-27,"Narendra Modi Stadium Ground 'A', Motera",1,14.6,Haryana,Baroda,R Tewatia,Himanshu Rana,A Sheth,1,0,,,,,,,,,
1244403,2020/21,2021-01-27,"Narendra Modi Stadium Ground 'A', Motera",1,15.1,Haryana,Baroda,R Tewatia,Himanshu Rana,KR Kakade,1,0,,,,,,,,,
1244403,2020/21,2021-01-27,"Narendra Modi Stadium Ground 'A', Motera",1,15.2,Haryana,Baroda,Himanshu Rana,R Tewatia,KR Kakade,1,0,,,,,,,,,
1244403,2020/21,2021-01-27,"Narendra Modi Stadium Ground 'A', Motera",1,15.3,Haryana,Baroda,R Tewatia,Himanshu Rana,KR Kakade,0,0,,,,,,,,,
1244403,2020/21,2021-01-27,"Narendra Modi Stadium Ground 'A', Motera",1,15.4,Haryana,Baroda,R Tewatia,Himanshu Rana,KR Kakade,0,0,,,,,,,,,
1244403,2020/21,2021-01-27,"Narendra Modi Stadium Ground 'A', Motera",1,15.5,Haryana,Baroda,R Tewatia,Himanshu Rana,KR Kakade,1,0,,,,,,,,,
1244403,2020/21,2021-01-27,"Narendra Modi Stadium Ground 'A', Motera",1,15.6,Haryana,Baroda,Himanshu Rana,R Tewatia,KR Kakade,0,0,,,,,,caught,Himanshu Rana,,
1244403,2020/21,2021-01-27,"Narendra Modi Stadium Ground 'A', Motera",1,16.1,Haryana,Baroda,Sumit Kumar,R Tewatia,LI Meriwala,0,0,,,,,,,,,
1244403,2020/21,2021-01-27,"Narendra Modi Stadium Ground 'A', Motera",1,16.2,Haryana,Baroda,Sumit Kumar,R Tewatia,LI Meriwala,0,0,,,,,,,,,
1244403,2020/21,2021-01-27,"Narendra Modi Stadium Ground 'A', Motera",1,16.3,Haryana,Baroda,Sumit Kumar,R Tewatia,LI Meriwala,1,0,,,,,,,,,
1244403,2020/21,2021-01-27,"Narendra Modi Stadium Ground 'A', Motera",1,16.4,Haryana,Baroda,R Tewatia,Sumit Kumar,LI Meriwala,1,0,,,,,,,,,
1244403,2020/21,2021-01-27,"Narendra Modi Stadium Ground 'A', Motera",1,16.5,Haryana,Baroda,Sumit Kumar,R Tewatia,LI Meriwala,0,0,,,,,,,,,
1244403,2020/21,2021-01-27,"Narendra Modi Stadium Ground 'A', Motera",1,16.6,Haryana,Baroda,Sumit Kumar,R Tewatia,LI Meriwala,0,0,,,,,,,,,
1244403,2020/21,2021-01-27,"Narendra Modi Stadium Ground 'A', Motera",1,17.1,Haryana,Baroda,R Tewatia,Sumit Kumar,A Sheth,1,0,,,,,,,,,
1244403,2020/21,2021-01-27,"Narendra Modi Stadium Ground 'A', Motera",1,17.2,Haryana,Baroda,Sumit Kumar,R Tewatia,A Sheth,0,0,,,,,,,,,
1244403,2020/21,2021-01-27,"Narendra Modi Stadium Ground 'A', Motera",1,17.3,Haryana,Baroda,Sumit Kumar,R Tewatia,A Sheth,0,0,,,,,,,,,
1244403,2020/21,2021-01-27,"Narendra Modi Stadium Ground 'A', Motera",1,17.4,Haryana,Baroda,Sumit Kumar,R Tewatia,A Sheth,1,0,,,,,,,,,
1244403,2020/21,2021-01-27,"Narendra Modi Stadium Ground 'A', Motera",1,17.5,Haryana,Baroda,R Tewatia,Sumit Kumar,A Sheth,2,0,,,,,,,,,
1244403,2020/21,2021-01-27,"Narendra Modi Stadium Ground 'A', Motera",1,17.6,Haryana,Baroda,R Tewatia,Sumit Kumar,A Sheth,2,0,,,,,,,,,
1244403,2020/21,2021-01-27,"Narendra Modi Stadium Ground 'A', Motera",1,18.1,Haryana,Baroda,Sumit Kumar,R Tewatia,LI Meriwala,2,0,,,,,,,,,
1244403,2020/21,2021-01-27,"Narendra Modi Stadium Ground 'A', Motera",1,18.2,Haryana,Baroda,Sumit Kumar,R Tewatia,LI Meriwala,4,0,,,,,,,,,
1244403,2020/21,2021-01-27,"Narendra Modi Stadium Ground 'A', Motera",1,18.3,Haryana,Baroda,Sumit Kumar,R Tewatia,LI Meriwala,0,0,,,,,,,,,
1244403,2020/21,2021-01-27,"Narendra Modi Stadium Ground 'A', Motera",1,18.4,Haryana,Baroda,Sumit Kumar,R Tewatia,LI Meriwala,0,0,,,,,,,,,
1244403,2020/21,2021-01-27,"Narendra Modi Stadium Ground 'A', Motera",1,18.5,Haryana,Baroda,Sumit Kumar,R Tewatia,LI Meriwala,4,0,,,,,,,,,
1244403,2020/21,2021-01-27,"Narendra Modi Stadium Ground 'A', Motera",1,18.6,Haryana,Baroda,Sumit Kumar,R Tewatia,LI Meriwala,1,0,,,,,,run out,R Tewatia,,
1244403,2020/21,2021-01-27,"Narendra Modi Stadium Ground 'A', Motera",1,19.1,Haryana,Baroda,Arun Chaprana,Sumit Kumar,BA Pathan,0,0,,,,,,,,,
1244403,2020/21,2021-01-27,"Narendra Modi Stadium Ground 'A', Motera",1,19.2,Haryana,Baroda,Arun Chaprana,Sumit Kumar,BA Pathan,6,0,,,,,,,,,
1244403,2020/21,2021-01-27,"Narendra Modi Stadium Ground 'A', Motera",1,19.3,Haryana,Baroda,Arun Chaprana,Sumit Kumar,BA Pathan,0,0,,,,,,caught,Arun Chaprana,,
1244403,2020/21,2021-01-27,"Narendra Modi Stadium Ground 'A', Motera",1,19.4,Haryana,Baroda,RP Sharma,Sumit Kumar,BA Pathan,1,0,,,,,,,,,
1244403,2020/21,2021-01-27,"Narendra Modi Stadium Ground 'A', Motera",1,19.5,Haryana,Baroda,Sumit Kumar,RP Sharma,BA Pathan,1,0,,,,,,run out,RP Sharma,,
1244403,2020/21,2021-01-27,"Narendra Modi Stadium Ground 'A', Motera",1,19.6,Haryana,Baroda,Sumit Kumar,J Yadav,BA Pathan,6,0,,,,,,,,,
1244403,2020/21,2021-01-27,"Narendra Modi Stadium Ground 'A', Motera",2,0.1,Baroda,Haryana,KH Devdhar,SK Patel,MM Sharma,0,0,,,,,,,,,
1244403,2020/21,2021-01-27,"Narendra Modi Stadium Ground 'A', Motera",2,0.2,Baroda,Haryana,KH Devdhar,SK Patel,MM Sharma,4,0,,,,,,,,,
1244403,2020/21,2021-01-27,"Narendra Modi Stadium Ground 'A', Motera",2,0.3,Baroda,Haryana,KH Devdhar,SK Patel,MM Sharma,0,0,,,,,,,,,
1244403,2020/21,2021-01-27,"Narendra Modi Stadium Ground 'A', Motera",2,0.4,Baroda,Haryana,KH Devdhar,SK Patel,MM Sharma,1,0,,,,,,,,,
1244403,2020/21,2021-01-27,"Narendra Modi Stadium Ground 'A', Motera",2,0.5,Baroda,Haryana,SK Patel,KH Devdhar,MM Sharma,0,0,,,,,,,,,
1244403,2020/21,2021-01-27,"Narendra Modi Stadium Ground 'A', Motera",2,0.6,Baroda,Haryana,SK Patel,KH Devdhar,MM Sharma,1,0,,,,,,,,,
1244403,2020/21,2021-01-27,"Narendra Modi Stadium Ground 'A', Motera",2,1.1,Baroda,Haryana,SK Patel,KH Devdhar,Arun Chaprana,1,0,,,,,,,,,
1244403,2020/21,2021-01-27,"Narendra Modi Stadium Ground 'A', Motera",2,1.2,Baroda,Haryana,KH Devdhar,SK Patel,Arun Chaprana,1,0,,,,,,,,,
1244403,2020/21,2021-01-27,"Narendra Modi Stadium Ground 'A', Motera",2,1.3,Baroda,Haryana,SK Patel,KH Devdhar,Arun Chaprana,0,0,,,,,,,,,
1244403,2020/21,2021-01-27,"Narendra Modi Stadium Ground 'A', Motera",2,1.4,Baroda,Haryana,SK Patel,KH Devdhar,Arun Chaprana,0,0,,,,,,,,,
1244403,2020/21,2021-01-27,"Narendra Modi Stadium Ground 'A', Motera",2,1.5,Baroda,Haryana,SK Patel,KH Devdhar,Arun Chaprana,0,1,1,,,,,,,,
1244403,2020/21,2021-01-27,"Narendra Modi Stadium Ground 'A', Motera",2,1.6,Baroda,Haryana,SK Patel,KH Devdhar,Arun Chaprana,1,0,,,,,,,,,
1244403,2020/21,2021-01-27,"Narendra Modi Stadium Ground 'A', Motera",2,1.7,Baroda,Haryana,KH Devdhar,SK Patel,Arun Chaprana,0,0,,,,,,,,,
1244403,2020/21,2021-01-27,"Narendra Modi Stadium Ground 'A', Motera",2,2.1,Baroda,Haryana,SK Patel,KH Devdhar,MM Sharma,4,0,,,,,,,,,
1244403,2020/21,2021-01-27,"Narendra Modi Stadium Ground 'A', Motera",2,2.2,Baroda,Haryana,SK Patel,KH Devdhar,MM Sharma,1,0,,,,,,,,,
1244403,2020/21,2021-01-27,"Narendra Modi Stadium Ground 'A', Motera",2,2.3,Baroda,Haryana,KH Devdhar,SK Patel,MM Sharma,0,0,,,,,,,,,
1244403,2020/21,2021-01-27,"Narendra Modi Stadium Ground 'A', Motera",2,2.4,Baroda,Haryana,KH Devdhar,SK Patel,MM Sharma,0,0,,,,,,,,,
1244403,2020/21,2021-01-27,"Narendra Modi Stadium Ground 'A', Motera",2,2.5,Baroda,Haryana,KH Devdhar,SK Patel,MM Sharma,1,0,,,,,,,,,
1244403,2020/21,2021-01-27,"Narendra Modi Stadium Ground 'A', Motera",2,2.6,Baroda,Haryana,SK Patel,KH Devdhar,MM Sharma,0,0,,,,,,,,,
1244403,2020/21,2021-01-27,"Narendra Modi Stadium Ground 'A', Motera",2,3.1,Baroda,Haryana,KH Devdhar,SK Patel,Arun Chaprana,1,0,,,,,,,,,
1244403,2020/21,2021-01-27,"Narendra Modi Stadium Ground 'A', Motera",2,3.2,Baroda,Haryana,SK Patel,KH Devdhar,Arun Chaprana,0,0,,,,,,,,,
1244403,2020/21,2021-01-27,"Narendra Modi Stadium Ground 'A', Motera",2,3.3,Baroda,Haryana,SK Patel,KH Devdhar,Arun Chaprana,2,0,,,,,,,,,
1244403,2020/21,2021-01-27,"Narendra Modi Stadium Ground 'A', Motera",2,3.4,Baroda,Haryana,SK Patel,KH Devdhar,Arun Chaprana,4,0,,,,,,,,,
1244403,2020/21,2021-01-27,"Narendra Modi Stadium Ground 'A', Motera",2,3.5,Baroda,Haryana,SK Patel,KH Devdhar,Arun Chaprana,4,0,,,,,,,,,
1244403,2020/21,2021-01-27,"Narendra Modi Stadium Ground 'A', Motera",2,3.6,Baroda,Haryana,SK Patel,KH Devdhar,Arun Chaprana,0,0,,,,,,,,,
1244403,2020/21,2021-01-27,"Narendra Modi Stadium Ground 'A', Motera",2,4.1,Baroda,Haryana,KH Devdhar,SK Patel,J Yadav,1,0,,,,,,,,,
1244403,2020/21,2021-01-27,"Narendra Modi Stadium Ground 'A', Motera",2,4.2,Baroda,Haryana,SK Patel,KH Devdhar,J Yadav,0,0,,,,,,,,,
1244403,2020/21,2021-01-27,"Narendra Modi Stadium Ground 'A', Motera",2,4.3,Baroda,Haryana,SK Patel,KH Devdhar,J Yadav,0,1,,,,1,,,,,
1244403,2020/21,2021-01-27,"Narendra Modi Stadium Ground 'A', Motera",2,4.4,Baroda,Haryana,KH Devdhar,SK Patel,J Yadav,1,0,,,,,,,,,
1244403,2020/21,2021-01-27,"Narendra Modi Stadium Ground 'A', Motera",2,4.5,Baroda,Haryana,SK Patel,KH Devdhar,J Yadav,2,0,,,,,,,,,
1244403,2020/21,2021-01-27,"Narendra Modi Stadium Ground 'A', Motera",2,4.6,Baroda,Haryana,SK Patel,KH Devdhar,J Yadav,1,0,,,,,,,,,
1244403,2020/21,2021-01-27,"Narendra Modi Stadium Ground 'A', Motera",2,5.1,Baroda,Haryana,SK Patel,KH Devdhar,YS Chahal,0,0,,,,,,,,,
1244403,2020/21,2021-01-27,"Narendra Modi Stadium Ground 'A', Motera",2,5.2,Baroda,Haryana,SK Patel,KH Devdhar,YS Chahal,0,0,,,,,,,,,
1244403,2020/21,2021-01-27,"Narendra Modi Stadium Ground 'A', Motera",2,5.3,Baroda,Haryana,SK Patel,KH Devdhar,YS Chahal,0,0,,,,,,caught,SK Patel,,
1244403,2020/21,2021-01-27,"Narendra Modi Stadium Ground 'A', Motera",2,5.4,Baroda,Haryana,Vishnu Solanki,KH Devdhar,YS Chahal,0,0,,,,,,,,,
1244403,2020/21,2021-01-27,"Narendra Modi Stadium Ground 'A', Motera",2,5.5,Baroda,Haryana,Vishnu Solanki,KH Devdhar,YS Chahal,0,0,,,,,,,,,
1244403,2020/21,2021-01-27,"Narendra Modi Stadium Ground 'A', Motera",2,5.6,Baroda,Haryana,Vishnu Solanki,KH Devdhar,YS Chahal,0,0,,,,,,,,,
1244403,2020/21,2021-01-27,"Narendra Modi Stadium Ground 'A', Motera",2,6.1,Baroda,Haryana,KH Devdhar,Vishnu Solanki,J Yadav,1,0,,,,,,,,,
1244403,2020/21,2021-01-27,"Narendra Modi Stadium Ground 'A', Motera",2,6.2,Baroda,Haryana,Vishnu Solanki,KH Devdhar,J Yadav,0,0,,,,,,,,,
1244403,2020/21,2021-01-27,"Narendra Modi Stadium Ground 'A', Motera",2,6.3,Baroda,Haryana,Vishnu Solanki,KH Devdhar,J Yadav,1,0,,,,,,,,,
1244403,2020/21,2021-01-27,"Narendra Modi Stadium Ground 'A', Motera",2,6.4,Baroda,Haryana,KH Devdhar,Vishnu Solanki,J Yadav,0,0,,,,,,,,,
1244403,2020/21,2021-01-27,"Narendra Modi Stadium Ground 'A', Motera",2,6.5,Baroda,Haryana,KH Devdhar,Vishnu Solanki,J Yadav,1,0,,,,,,,,,
1244403,2020/21,2021-01-27,"Narendra Modi Stadium Ground 'A', Motera",2,6.6,Baroda,Haryana,Vishnu Solanki,KH Devdhar,J Yadav,0,0,,,,,,,,,
1244403,2020/21,2021-01-27,"Narendra Modi Stadium Ground 'A', Motera",2,7.1,Baroda,Haryana,KH Devdhar,Vishnu Solanki,YS Chahal,0,0,,,,,,,,,
1244403,2020/21,2021-01-27,"Narendra Modi Stadium Ground 'A', Motera",2,7.2,Baroda,Haryana,KH Devdhar,Vishnu Solanki,YS Chahal,1,0,,,,,,,,,
1244403,2020/21,2021-01-27,"Narendra Modi Stadium Ground 'A', Motera",2,7.3,Baroda,Haryana,Vishnu Solanki,KH Devdhar,YS Chahal,1,0,,,,,,,,,
1244403,2020/21,2021-01-27,"Narendra Modi Stadium Ground 'A', Motera",2,7.4,Baroda,Haryana,KH Devdhar,Vishnu Solanki,YS Chahal,2,0,,,,,,,,,
1244403,2020/21,2021-01-27,"Narendra Modi Stadium Ground 'A', Motera",2,7.5,Baroda,Haryana,KH Devdhar,Vishnu Solanki,YS Chahal,0,0,,,,,,,,,
1244403,2020/21,2021-01-27,"Narendra Modi Stadium Ground 'A', Motera",2,7.6,Baroda,Haryana,KH Devdhar,Vishnu Solanki,YS Chahal,2,0,,,,,,,,,
1244403,2020/21,2021-01-27,"Narendra Modi Stadium Ground 'A', Motera",2,8.1,Baroda,Haryana,Vishnu Solanki,KH Devdhar,R Tewatia,0,0,,,,,,,,,
1244403,2020/21,2021-01-27,"Narendra Modi Stadium Ground 'A', Motera",2,8.2,Baroda,Haryana,Vishnu Solanki,KH Devdhar,R Tewatia,6,0,,,,,,,,,
1244403,2020/21,2021-01-27,"Narendra Modi Stadium Ground 'A', Motera",2,8.3,Baroda,Haryana,Vishnu Solanki,KH Devdhar,R Tewatia,1,0,,,,,,,,,
1244403,2020/21,2021-01-27,"Narendra Modi Stadium Ground 'A', Motera",2,8.4,Baroda,Haryana,KH Devdhar,Vishnu Solanki,R Tewatia,0,0,,,,,,,,,
1244403,2020/21,2021-01-27,"Narendra Modi Stadium Ground 'A', Motera",2,8.5,Baroda,Haryana,KH Devdhar,Vishnu Solanki,R Tewatia,1,0,,,,,,,,,
1244403,2020/21,2021-01-27,"Narendra Modi Stadium Ground 'A', Motera",2,8.6,Baroda,Haryana,Vishnu Solanki,KH Devdhar,R Tewatia,0,0,,,,,,,,,
1244403,2020/21,2021-01-27,"Narendra Modi Stadium Ground 'A', Motera",2,9.1,Baroda,Haryana,KH Devdhar,Vishnu Solanki,YS Chahal,1,0,,,,,,,,,
1244403,2020/21,2021-01-27,"Narendra Modi Stadium Ground 'A', Motera",2,9.2,Baroda,Haryana,Vishnu Solanki,KH Devdhar,YS Chahal,1,0,,,,,,,,,
1244403,2020/21,2021-01-27,"Narendra Modi Stadium Ground 'A', Motera",2,9.3,Baroda,Haryana,KH Devdhar,Vishnu Solanki,YS Chahal,1,0,,,,,,,,,
1244403,2020/21,2021-01-27,"Narendra Modi Stadium Ground 'A', Motera",2,9.4,Baroda,Haryana,Vishnu Solanki,KH Devdhar,YS Chahal,0,0,,,,,,,,,
1244403,2020/21,2021-01-27,"Narendra Modi Stadium Ground 'A', Motera",2,9.5,Baroda,Haryana,Vishnu Solanki,KH Devdhar,YS Chahal,1,0,,,,,,,,,
1244403,2020/21,2021-01-27,"Narendra Modi Stadium Ground 'A', Motera",2,9.6,Baroda,Haryana,KH Devdhar,Vishnu Solanki,YS Chahal,1,0,,,,,,,,,
1244403,2020/21,2021-01-27,"Narendra Modi Stadium Ground 'A', Motera",2,10.1,Baroda,Haryana,KH Devdhar,Vishnu Solanki,R Tewatia,6,0,,,,,,,,,
1244403,2020/21,2021-01-27,"Narendra Modi Stadium Ground 'A', Motera",2,10.2,Baroda,Haryana,KH Devdhar,Vishnu Solanki,R Tewatia,1,0,,,,,,,,,
1244403,2020/21,2021-01-27,"Narendra Modi Stadium Ground 'A', Motera",2,10.3,Baroda,Haryana,Vishnu Solanki,KH Devdhar,R Tewatia,0,0,,,,,,,,,
1244403,2020/21,2021-01-27,"Narendra Modi Stadium Ground 'A', Motera",2,10.4,Baroda,Haryana,Vishnu Solanki,KH Devdhar,R Tewatia,0,0,,,,,,,,,
1244403,2020/21,2021-01-27,"Narendra Modi Stadium Ground 'A', Motera",2,10.5,Baroda,Haryana,Vishnu Solanki,KH Devdhar,R Tewatia,1,0,,,,,,,,,
1244403,2020/21,2021-01-27,"Narendra Modi Stadium Ground 'A', Motera",2,10.6,Baroda,Haryana,KH Devdhar,Vishnu Solanki,R Tewatia,4,0,,,,,,,,,
1244403,2020/21,2021-01-27,"Narendra Modi Stadium Ground 'A', Motera",2,11.1,Baroda,Haryana,Vishnu Solanki,KH Devdhar,J Yadav,6,0,,,,,,,,,
1244403,2020/21,2021-01-27,"Narendra Modi Stadium Ground 'A', Motera",2,11.2,Baroda,Haryana,Vishnu Solanki,KH Devdhar,J Yadav,4,0,,,,,,,,,
1244403,2020/21,2021-01-27,"Narendra Modi Stadium Ground 'A', Motera",2,11.3,Baroda,Haryana,Vishnu Solanki,KH Devdhar,J Yadav,1,0,,,,,,,,,
1244403,2020/21,2021-01-27,"Narendra Modi Stadium Ground 'A', Motera",2,11.4,Baroda,Haryana,KH Devdhar,Vishnu Solanki,J Yadav,1,0,,,,,,,,,
1244403,2020/21,2021-01-27,"Narendra Modi Stadium Ground 'A', Motera",2,11.5,Baroda,Haryana,Vishnu Solanki,KH Devdhar,J Yadav,1,0,,,,,,,,,
1244403,2020/21,2021-01-27,"Narendra Modi Stadium Ground 'A', Motera",2,11.6,Baroda,Haryana,KH Devdhar,Vishnu Solanki,J Yadav,0,0,,,,,,,,,
1244403,2020/21,2021-01-27,"Narendra Modi Stadium Ground 'A', Motera",2,12.1,Baroda,Haryana,Vishnu Solanki,KH Devdhar,Sumit Kumar,1,0,,,,,,,,,
1244403,2020/21,2021-01-27,"Narendra Modi Stadium Ground 'A', Motera",2,12.2,Baroda,Haryana,KH Devdhar,Vishnu Solanki,Sumit Kumar,0,0,,,,,,,,,
1244403,2020/21,2021-01-27,"Narendra Modi Stadium Ground 'A', Motera",2,12.3,Baroda,Haryana,KH Devdhar,Vishnu Solanki,Sumit Kumar,1,0,,,,,,,,,
1244403,2020/21,2021-01-27,"Narendra Modi Stadium Ground 'A', Motera",2,12.4,Baroda,Haryana,Vishnu Solanki,KH Devdhar,Sumit Kumar,1,0,,,,,,,,,
1244403,2020/21,2021-01-27,"Narendra Modi Stadium Ground 'A', Motera",2,12.5,Baroda,Haryana,KH Devdhar,Vishnu Solanki,Sumit Kumar,6,0,,,,,,,,,
1244403,2020/21,2021-01-27,"Narendra Modi Stadium Ground 'A', Motera",2,12.6,Baroda,Haryana,KH Devdhar,Vishnu Solanki,Sumit Kumar,1,0,,,,,,,,,
1244403,2020/21,2021-01-27,"Narendra Modi Stadium Ground 'A', Motera",2,13.1,Baroda,Haryana,KH Devdhar,Vishnu Solanki,YS Chahal,1,0,,,,,,,,,
1244403,2020/21,2021-01-27,"Narendra Modi Stadium Ground 'A', Motera",2,13.2,Baroda,Haryana,Vishnu Solanki,KH Devdhar,YS Chahal,0,0,,,,,,,,,
1244403,2020/21,2021-01-27,"Narendra Modi Stadium Ground 'A', Motera",2,13.3,Baroda,Haryana,Vishnu Solanki,KH Devdhar,YS Chahal,1,0,,,,,,,,,
1244403,2020/21,2021-01-27,"Narendra Modi Stadium Ground 'A', Motera",2,13.4,Baroda,Haryana,KH Devdhar,Vishnu Solanki,YS Chahal,1,0,,,,,,,,,
1244403,2020/21,2021-01-27,"Narendra Modi Stadium Ground 'A', Motera",2,13.5,Baroda,Haryana,Vishnu Solanki,KH Devdhar,YS Chahal,1,0,,,,,,,,,
1244403,2020/21,2021-01-27,"Narendra Modi Stadium Ground 'A', Motera",2,13.6,Baroda,Haryana,KH Devdhar,Vishnu Solanki,YS Chahal,0,0,,,,,,,,,
1244403,2020/21,2021-01-27,"Narendra Modi Stadium Ground 'A', Motera",2,14.1,Baroda,Haryana,Vishnu Solanki,KH Devdhar,Sumit Kumar,6,0,,,,,,,,,
1244403,2020/21,2021-01-27,"Narendra Modi Stadium Ground 'A', Motera",2,14.2,Baroda,Haryana,Vishnu Solanki,KH Devdhar,Sumit Kumar,1,0,,,,,,,,,
1244403,2020/21,2021-01-27,"Narendra Modi Stadium Ground 'A', Motera",2,14.3,Baroda,Haryana,KH Devdhar,Vishnu Solanki,Sumit Kumar,0,0,,,,,,,,,
1244403,2020/21,2021-01-27,"Narendra Modi Stadium Ground 'A', Motera",2,14.4,Baroda,Haryana,KH Devdhar,Vishnu Solanki,Sumit Kumar,0,0,,,,,,,,,
1244403,2020/21,2021-01-27,"Narendra Modi Stadium Ground 'A', Motera",2,14.5,Baroda,Haryana,KH Devdhar,Vishnu Solanki,Sumit Kumar,0,0,,,,,,caught,KH Devdhar,,
1244403,2020/21,2021-01-27,"Narendra Modi Stadium Ground 'A', Motera",2,14.6,Baroda,Haryana,Vishnu Solanki,AV Rajput,Sumit Kumar,1,0,,,,,,,,,
1244403,2020/21,2021-01-27,"Narendra Modi Stadium Ground 'A', Motera",2,15.1,Baroda,Haryana,Vishnu Solanki,AV Rajput,Arun Chaprana,1,0,,,,,,,,,
1244403,2020/21,2021-01-27,"Narendra Modi Stadium Ground 'A', Motera",2,15.2,Baroda,Haryana,AV Rajput,Vishnu Solanki,Arun Chaprana,1,0,,,,,,,,,
1244403,2020/21,2021-01-27,"Narendra Modi Stadium Ground 'A', Motera",2,15.3,Baroda,Haryana,Vishnu Solanki,AV Rajput,Arun Chaprana,1,0,,,,,,,,,
1244403,2020/21,2021-01-27,"Narendra Modi Stadium Ground 'A', Motera",2,15.4,Baroda,Haryana,AV Rajput,Vishnu Solanki,Arun Chaprana,0,0,,,,,,,,,
1244403,2020/21,2021-01-27,"Narendra Modi Stadium Ground 'A', Motera",2,15.5,Baroda,Haryana,AV Rajput,Vishnu Solanki,Arun Chaprana,1,0,,,,,,,,,
1244403,2020/21,2021-01-27,"Narendra Modi Stadium Ground 'A', Motera",2,15.6,Baroda,Haryana,Vishnu Solanki,AV Rajput,Arun Chaprana,1,0,,,,,,,,,
1244403,2020/21,2021-01-27,"Narendra Modi Stadium Ground 'A', Motera",2,16.1,Baroda,Haryana,Vishnu Solanki,AV Rajput,MM Sharma,2,0,,,,,,,,,
1244403,2020/21,2021-01-27,"Narendra Modi Stadium Ground 'A', Motera",2,16.2,Baroda,Haryana,Vishnu Solanki,AV Rajput,MM Sharma,1,0,,,,,,,,,
1244403,2020/21,2021-01-27,"Narendra Modi Stadium Ground 'A', Motera",2,16.3,Baroda,Haryana,AV Rajput,Vishnu Solanki,MM Sharma,1,0,,,,,,,,,
1244403,2020/21,2021-01-27,"Narendra Modi Stadium Ground 'A', Motera",2,16.4,Baroda,Haryana,Vishnu Solanki,AV Rajput,MM Sharma,4,0,,,,,,,,,
1244403,2020/21,2021-01-27,"Narendra Modi Stadium Ground 'A', Motera",2,16.5,Baroda,Haryana,Vishnu Solanki,AV Rajput,MM Sharma,4,0,,,,,,,,,
1244403,2020/21,2021-01-27,"Narendra Modi Stadium Ground 'A', Motera",2,16.6,Baroda,Haryana,Vishnu Solanki,AV Rajput,MM Sharma,1,0,,,,,,,,,
1244403,2020/21,2021-01-27,"Narendra Modi Stadium Ground 'A', Motera",2,17.1,Baroda,Haryana,Vishnu Solanki,AV Rajput,Arun Chaprana,1,0,,,,,,,,,
1244403,2020/21,2021-01-27,"Narendra Modi Stadium Ground 'A', Motera",2,17.2,Baroda,Haryana,AV Rajput,Vishnu Solanki,Arun Chaprana,2,0,,,,,,,,,
1244403,2020/21,2021-01-27,"Narendra Modi Stadium Ground 'A', Motera",2,17.3,Baroda,Haryana,AV Rajput,Vishnu Solanki,Arun Chaprana,1,0,,,,,,,,,
1244403,2020/21,2021-01-27,"Narendra Modi Stadium Ground 'A', Motera",2,17.4,Baroda,Haryana,Vishnu Solanki,AV Rajput,Arun Chaprana,1,0,,,,,,,,,
1244403,2020/21,2021-01-27,"Narendra Modi Stadium Ground 'A', Motera",2,17.5,Baroda,Haryana,AV Rajput,Vishnu Solanki,Arun Chaprana,1,0,,,,,,,,,
1244403,2020/21,2021-01-27,"Narendra Modi Stadium Ground 'A', Motera",2,17.6,Baroda,Haryana,Vishnu Solanki,AV Rajput,Arun Chaprana,0,0,,,,,,,,,
1244403,2020/21,2021-01-27,"Narendra Modi Stadium Ground 'A', Motera",2,18.1,Baroda,Haryana,AV Rajput,Vishnu Solanki,MM Sharma,1,0,,,,,,,,,
1244403,2020/21,2021-01-27,"Narendra Modi Stadium Ground 'A', Motera",2,18.2,Baroda,Haryana,Vishnu Solanki,AV Rajput,MM Sharma,0,0,,,,,,,,,
1244403,2020/21,2021-01-27,"Narendra Modi Stadium Ground 'A', Motera",2,18.3,Baroda,Haryana,Vishnu Solanki,AV Rajput,MM Sharma,1,0,,,,,,,,,
1244403,2020/21,2021-01-27,"Narendra Modi Stadium Ground 'A', Motera",2,18.4,Baroda,Haryana,AV Rajput,Vishnu Solanki,MM Sharma,2,0,,,,,,,,,
1244403,2020/21,2021-01-27,"Narendra Modi Stadium Ground 'A', Motera",2,18.5,Baroda,Haryana,AV Rajput,Vishnu Solanki,MM Sharma,0,0,,,,,,,,,
1244403,2020/21,2021-01-27,"Narendra Modi Stadium Ground 'A', Motera",2,18.6,Baroda,Haryana,AV Rajput,Vishnu Solanki,MM Sharma,1,0,,,,,,,,,
1244403,2020/21,2021-01-27,"Narendra Modi Stadium Ground 'A', Motera",2,19.1,Baroda,Haryana,AV Rajput,Vishnu Solanki,Sumit Kumar,1,0,,,,,,,,,
1244403,2020/21,2021-01-27,"Narendra Modi Stadium Ground 'A', Motera",2,19.2,Baroda,Haryana,Vishnu Solanki,AV Rajput,Sumit Kumar,1,0,,,,,,,,,
1244403,2020/21,2021-01-27,"Narendra Modi Stadium Ground 'A', Motera",2,19.3,Baroda,Haryana,AV Rajput,Vishnu Solanki,Sumit Kumar,1,0,,,,,,,,,
1244403,2020/21,2021-01-27,"Narendra Modi Stadium Ground 'A', Motera",2,19.4,Baroda,Haryana,Vishnu Solanki,AV Rajput,Sumit Kumar,6,0,,,,,,,,,
1244403,2020/21,2021-01-27,"Narendra Modi Stadium Ground 'A', Motera",2,19.5,Baroda,Haryana,Vishnu Solanki,AV Rajput,Sumit Kumar,4,0,,,,,,,,,
1244403,2020/21,2021-01-27,"Narendra Modi Stadium Ground 'A', Motera",2,19.6,Baroda,Haryana,Vishnu Solanki,AV Rajput,Sumit Kumar,6,0,,,,,,,,,
