match_id,season,start_date,venue,innings,ball,batting_team,bowling_team,striker,non_striker,bowler,runs_off_bat,extras,wides,noballs,byes,legbyes,penalty,wicket_type,player_dismissed,other_wicket_type,other_player_dismissed
1244320,2020/21,2021-01-11,Wankhede Stadium,1,0.1,Puducherry,Kerala,Damodaran Rohit,Fabid Ahmed,Basil Thampi,0,0,,,,,,,,,
1244320,2020/21,2021-01-11,Wankhede Stadium,1,0.2,Puducherry,Kerala,Damodaran Rohit,Fabid Ahmed,Basil Thampi,0,0,,,,,,,,,
1244320,2020/21,2021-01-11,Wankhede Stadium,1,0.3,Puducherry,Kerala,Damodaran Rohit,Fabid Ahmed,Basil Thampi,0,0,,,,,,,,,
1244320,2020/21,2021-01-11,Wankhede Stadium,1,0.4,Puducherry,Kerala,Damodaran Rohit,Fabid Ahmed,Basil Thampi,0,0,,,,,,,,,
1244320,2020/21,2021-01-11,Wankhede Stadium,1,0.5,Puducherry,Kerala,Damodaran Rohit,Fabid Ahmed,Basil Thampi,2,0,,,,,,,,,
1244320,2020/21,2021-01-11,Wankhede Stadium,1,0.6,Puducherry,Kerala,Damodaran Rohit,Fabid Ahmed,Basil Thampi,6,0,,,,,,,,,
1244320,2020/21,2021-01-11,Wankhede Stadium,1,1.1,Puducherry,Kerala,Fabid Ahmed,Damodaran Rohit,S Sreesanth,0,0,,,,,,,,,
1244320,2020/21,2021-01-11,Wankhede Stadium,1,1.2,Puducherry,Kerala,Fabid Ahmed,Damodaran Rohit,S Sreesanth,4,0,,,,,,,,,
1244320,2020/21,2021-01-11,Wankhede Stadium,1,1.3,Puducherry,Kerala,Fabid Ahmed,Damodaran Rohit,S Sreesanth,1,0,,,,,,,,,
1244320,2020/21,2021-01-11,Wankhede Stadium,1,1.4,Puducherry,Kerala,Damodaran Rohit,Fabid Ahmed,S Sreesanth,0,4,,,,4,,,,,
1244320,2020/21,2021-01-11,Wankhede Stadium,1,1.5,Puducherry,Kerala,Damodaran Rohit,Fabid Ahmed,S Sreesanth,0,0,,,,,,,,,
1244320,2020/21,2021-01-11,Wankhede Stadium,1,1.6,Puducherry,Kerala,Damodaran Rohit,Fabid Ahmed,S Sreesanth,4,0,,,,,,,,,
1244320,2020/21,2021-01-11,Wankhede Stadium,1,2.1,Puducherry,Kerala,Fabid Ahmed,Damodaran Rohit,KM Asif,4,0,,,,,,,,,
1244320,2020/21,2021-01-11,Wankhede Stadium,1,2.2,Puducherry,Kerala,Fabid Ahmed,Damodaran Rohit,KM Asif,1,0,,,,,,,,,
1244320,2020/21,2021-01-11,Wankhede Stadium,1,2.3,Puducherry,Kerala,Damodaran Rohit,Fabid Ahmed,KM Asif,0,0,,,,,,,,,
1244320,2020/21,2021-01-11,Wankhede Stadium,1,2.4,Puducherry,Kerala,Damodaran Rohit,Fabid Ahmed,KM Asif,0,0,,,,,,,,,
1244320,2020/21,2021-01-11,Wankhede Stadium,1,2.5,Puducherry,Kerala,Damodaran Rohit,Fabid Ahmed,KM Asif,0,0,,,,,,,,,
1244320,2020/21,2021-01-11,Wankhede Stadium,1,2.6,Puducherry,Kerala,Damodaran Rohit,Fabid Ahmed,KM Asif,0,0,,,,,,caught,Damodaran Rohit,,
1244320,2020/21,2021-01-11,Wankhede Stadium,1,3.1,Puducherry,Kerala,Fabid Ahmed,SP Jackson,S Sreesanth,0,0,,,,,,,,,
1244320,2020/21,2021-01-11,Wankhede Stadium,1,3.2,Puducherry,Kerala,Fabid Ahmed,SP Jackson,S Sreesanth,0,0,,,,,,bowled,Fabid Ahmed,,
1244320,2020/21,2021-01-11,Wankhede Stadium,1,3.3,Puducherry,Kerala,P Dogra,SP Jackson,S Sreesanth,1,0,,,,,,,,,
1244320,2020/21,2021-01-11,Wankhede Stadium,1,3.4,Puducherry,Kerala,SP Jackson,P Dogra,S Sreesanth,4,0,,,,,,,,,
1244320,2020/21,2021-01-11,Wankhede Stadium,1,3.5,Puducherry,Kerala,SP Jackson,P Dogra,S Sreesanth,0,0,,,,,,,,,
1244320,2020/21,2021-01-11,Wankhede Stadium,1,3.6,Puducherry,Kerala,SP Jackson,P Dogra,S Sreesanth,1,0,,,,,,,,,
1244320,2020/21,2021-01-11,Wankhede Stadium,1,4.1,Puducherry,Kerala,SP Jackson,P Dogra,Basil Thampi,0,0,,,,,,,,,
1244320,2020/21,2021-01-11,Wankhede Stadium,1,4.2,Puducherry,Kerala,SP Jackson,P Dogra,Basil Thampi,1,0,,,,,,,,,
1244320,2020/21,2021-01-11,Wankhede Stadium,1,4.3,Puducherry,Kerala,P Dogra,SP Jackson,Basil Thampi,0,0,,,,,,,,,
1244320,2020/21,2021-01-11,Wankhede Stadium,1,4.4,Puducherry,Kerala,P Dogra,SP Jackson,Basil Thampi,4,0,,,,,,,,,
1244320,2020/21,2021-01-11,Wankhede Stadium,1,4.5,Puducherry,Kerala,P Dogra,SP Jackson,Basil Thampi,1,0,,,,,,,,,
1244320,2020/21,2021-01-11,Wankhede Stadium,1,4.6,Puducherry,Kerala,SP Jackson,P Dogra,Basil Thampi,0,0,,,,,,,,,
1244320,2020/21,2021-01-11,Wankhede Stadium,1,5.1,Puducherry,Kerala,P Dogra,SP Jackson,S Sreesanth,0,0,,,,,,,,,
1244320,2020/21,2021-01-11,Wankhede Stadium,1,5.2,Puducherry,Kerala,P Dogra,SP Jackson,S Sreesanth,4,0,,,,,,,,,
1244320,2020/21,2021-01-11,Wankhede Stadium,1,5.3,Puducherry,Kerala,P Dogra,SP Jackson,S Sreesanth,0,1,1,,,,,,,,
1244320,2020/21,2021-01-11,Wankhede Stadium,1,5.4,Puducherry,Kerala,P Dogra,SP Jackson,S Sreesanth,0,0,,,,,,,,,
1244320,2020/21,2021-01-11,Wankhede Stadium,1,5.5,Puducherry,Kerala,P Dogra,SP Jackson,S Sreesanth,0,0,,,,,,,,,
1244320,2020/21,2021-01-11,Wankhede Stadium,1,5.6,Puducherry,Kerala,P Dogra,SP Jackson,S Sreesanth,4,0,,,,,,,,,
1244320,2020/21,2021-01-11,Wankhede Stadium,1,5.7,Puducherry,Kerala,P Dogra,SP Jackson,S Sreesanth,1,0,,,,,,,,,
1244320,2020/21,2021-01-11,Wankhede Stadium,1,6.1,Puducherry,Kerala,P Dogra,SP Jackson,S Midhun,2,0,,,,,,,,,
1244320,2020/21,2021-01-11,Wankhede Stadium,1,6.2,Puducherry,Kerala,P Dogra,SP Jackson,S Midhun,1,0,,,,,,,,,
1244320,2020/21,2021-01-11,Wankhede Stadium,1,6.3,Puducherry,Kerala,SP Jackson,P Dogra,S Midhun,0,0,,,,,,,,,
1244320,2020/21,2021-01-11,Wankhede Stadium,1,6.4,Puducherry,Kerala,SP Jackson,P Dogra,S Midhun,0,0,,,,,,,,,
1244320,2020/21,2021-01-11,Wankhede Stadium,1,6.5,Puducherry,Kerala,SP Jackson,P Dogra,S Midhun,0,0,,,,,,,,,
1244320,2020/21,2021-01-11,Wankhede Stadium,1,6.6,Puducherry,Kerala,SP Jackson,P Dogra,S Midhun,1,0,,,,,,,,,
1244320,2020/21,2021-01-11,Wankhede Stadium,1,7.1,Puducherry,Kerala,SP Jackson,P Dogra,Jalaj S Saxena,1,0,,,,,,,,,
1244320,2020/21,2021-01-11,Wankhede Stadium,1,7.2,Puducherry,Kerala,P Dogra,SP Jackson,Jalaj S Saxena,0,0,,,,,,,,,
1244320,2020/21,2021-01-11,Wankhede Stadium,1,7.3,Puducherry,Kerala,P Dogra,SP Jackson,Jalaj S Saxena,0,0,,,,,,,,,
1244320,2020/21,2021-01-11,Wankhede Stadium,1,7.4,Puducherry,Kerala,P Dogra,SP Jackson,Jalaj S Saxena,4,0,,,,,,,,,
1244320,2020/21,2021-01-11,Wankhede Stadium,1,7.5,Puducherry,Kerala,P Dogra,SP Jackson,Jalaj S Saxena,1,0,,,,,,,,,
1244320,2020/21,2021-01-11,Wankhede Stadium,1,7.6,Puducherry,Kerala,SP Jackson,P Dogra,Jalaj S Saxena,1,0,,,,,,,,,
1244320,2020/21,2021-01-11,Wankhede Stadium,1,8.1,Puducherry,Kerala,SP Jackson,P Dogra,S Midhun,1,0,,,,,,,,,
1244320,2020/21,2021-01-11,Wankhede Stadium,1,8.2,Puducherry,Kerala,P Dogra,SP Jackson,S Midhun,1,0,,,,,,,,,
1244320,2020/21,2021-01-11,Wankhede Stadium,1,8.3,Puducherry,Kerala,SP Jackson,P Dogra,S Midhun,2,0,,,,,,,,,
1244320,2020/21,2021-01-11,Wankhede Stadium,1,8.4,Puducherry,Kerala,SP Jackson,P Dogra,S Midhun,4,0,,,,,,,,,
1244320,2020/21,2021-01-11,Wankhede Stadium,1,8.5,Puducherry,Kerala,SP Jackson,P Dogra,S Midhun,0,1,1,,,,,,,,
1244320,2020/21,2021-01-11,Wankhede Stadium,1,8.6,Puducherry,Kerala,SP Jackson,P Dogra,S Midhun,1,0,,,,,,,,,
1244320,2020/21,2021-01-11,Wankhede Stadium,1,8.7,Puducherry,Kerala,P Dogra,SP Jackson,S Midhun,0,0,,,,,,run out,SP Jackson,,
1244320,2020/21,2021-01-11,Wankhede Stadium,1,9.1,Puducherry,Kerala,Marimuthu Vikneshwaran,P Dogra,Jalaj S Saxena,0,0,,,,,,bowled,Marimuthu Vikneshwaran,,
1244320,2020/21,2021-01-11,Wankhede Stadium,1,9.2,Puducherry,Kerala,Sagar Trivedi,P Dogra,Jalaj S Saxena,1,0,,,,,,,,,
1244320,2020/21,2021-01-11,Wankhede Stadium,1,9.3,Puducherry,Kerala,P Dogra,Sagar Trivedi,Jalaj S Saxena,0,0,,,,,,,,,
1244320,2020/21,2021-01-11,Wankhede Stadium,1,9.4,Puducherry,Kerala,P Dogra,Sagar Trivedi,Jalaj S Saxena,0,0,,,,,,,,,
1244320,2020/21,2021-01-11,Wankhede Stadium,1,9.5,Puducherry,Kerala,P Dogra,Sagar Trivedi,Jalaj S Saxena,1,0,,,,,,,,,
1244320,2020/21,2021-01-11,Wankhede Stadium,1,9.6,Puducherry,Kerala,Sagar Trivedi,P Dogra,Jalaj S Saxena,0,0,,,,,,,,,
1244320,2020/21,2021-01-11,Wankhede Stadium,1,10.1,Puducherry,Kerala,P Dogra,Sagar Trivedi,KM Asif,0,0,,,,,,,,,
1244320,2020/21,2021-01-11,Wankhede Stadium,1,10.2,Puducherry,Kerala,P Dogra,Sagar Trivedi,KM Asif,1,0,,,,,,,,,
1244320,2020/21,2021-01-11,Wankhede Stadium,1,10.3,Puducherry,Kerala,Sagar Trivedi,P Dogra,KM Asif,0,0,,,,,,,,,
1244320,2020/21,2021-01-11,Wankhede Stadium,1,10.4,Puducherry,Kerala,Sagar Trivedi,P Dogra,KM Asif,6,0,,,,,,,,,
1244320,2020/21,2021-01-11,Wankhede Stadium,1,10.5,Puducherry,Kerala,Sagar Trivedi,P Dogra,KM Asif,4,0,,,,,,,,,
1244320,2020/21,2021-01-11,Wankhede Stadium,1,10.6,Puducherry,Kerala,Sagar Trivedi,P Dogra,KM Asif,0,0,,,,,,,,,
1244320,2020/21,2021-01-11,Wankhede Stadium,1,11.1,Puducherry,Kerala,P Dogra,Sagar Trivedi,Jalaj S Saxena,0,0,,,,,,,,,
1244320,2020/21,2021-01-11,Wankhede Stadium,1,11.2,Puducherry,Kerala,P Dogra,Sagar Trivedi,Jalaj S Saxena,0,0,,,,,,bowled,P Dogra,,
1244320,2020/21,2021-01-11,Wankhede Stadium,1,11.3,Puducherry,Kerala,Ashith Rajiv,Sagar Trivedi,Jalaj S Saxena,1,0,,,,,,,,,
1244320,2020/21,2021-01-11,Wankhede Stadium,1,11.4,Puducherry,Kerala,Sagar Trivedi,Ashith Rajiv,Jalaj S Saxena,0,0,,,,,,,,,
1244320,2020/21,2021-01-11,Wankhede Stadium,1,11.5,Puducherry,Kerala,Sagar Trivedi,Ashith Rajiv,Jalaj S Saxena,1,0,,,,,,,,,
1244320,2020/21,2021-01-11,Wankhede Stadium,1,11.6,Puducherry,Kerala,Ashith Rajiv,Sagar Trivedi,Jalaj S Saxena,0,0,,,,,,,,,
1244320,2020/21,2021-01-11,Wankhede Stadium,1,12.1,Puducherry,Kerala,Sagar Trivedi,Ashith Rajiv,S Midhun,1,0,,,,,,,,,
1244320,2020/21,2021-01-11,Wankhede Stadium,1,12.2,Puducherry,Kerala,Ashith Rajiv,Sagar Trivedi,S Midhun,0,0,,,,,,,,,
1244320,2020/21,2021-01-11,Wankhede Stadium,1,12.3,Puducherry,Kerala,Ashith Rajiv,Sagar Trivedi,S Midhun,1,0,,,,,,,,,
1244320,2020/21,2021-01-11,Wankhede Stadium,1,12.4,Puducherry,Kerala,Sagar Trivedi,Ashith Rajiv,S Midhun,1,0,,,,,,,,,
1244320,2020/21,2021-01-11,Wankhede Stadium,1,12.5,Puducherry,Kerala,Ashith Rajiv,Sagar Trivedi,S Midhun,0,0,,,,,,,,,
1244320,2020/21,2021-01-11,Wankhede Stadium,1,12.6,Puducherry,Kerala,Ashith Rajiv,Sagar Trivedi,S Midhun,0,0,,,,,,,,,
1244320,2020/21,2021-01-11,Wankhede Stadium,1,13.1,Puducherry,Kerala,Sagar Trivedi,Ashith Rajiv,Jalaj S Saxena,0,0,,,,,,caught,Sagar Trivedi,,
1244320,2020/21,2021-01-11,Wankhede Stadium,1,13.2,Puducherry,Kerala,Ashith Rajiv,P Thamaraikannan,Jalaj S Saxena,0,0,,,,,,,,,
1244320,2020/21,2021-01-11,Wankhede Stadium,1,13.3,Puducherry,Kerala,Ashith Rajiv,P Thamaraikannan,Jalaj S Saxena,1,0,,,,,,,,,
1244320,2020/21,2021-01-11,Wankhede Stadium,1,13.4,Puducherry,Kerala,P Thamaraikannan,Ashith Rajiv,Jalaj S Saxena,0,0,,,,,,,,,
1244320,2020/21,2021-01-11,Wankhede Stadium,1,13.5,Puducherry,Kerala,P Thamaraikannan,Ashith Rajiv,Jalaj S Saxena,0,0,,,,,,,,,
1244320,2020/21,2021-01-11,Wankhede Stadium,1,13.6,Puducherry,Kerala,P Thamaraikannan,Ashith Rajiv,Jalaj S Saxena,1,0,,,,,,,,,
1244320,2020/21,2021-01-11,Wankhede Stadium,1,14.1,Puducherry,Kerala,P Thamaraikannan,Ashith Rajiv,S Sreesanth,0,0,,,,,,,,,
1244320,2020/21,2021-01-11,Wankhede Stadium,1,14.2,Puducherry,Kerala,P Thamaraikannan,Ashith Rajiv,S Sreesanth,0,0,,,,,,,,,
1244320,2020/21,2021-01-11,Wankhede Stadium,1,14.3,Puducherry,Kerala,P Thamaraikannan,Ashith Rajiv,S Sreesanth,1,0,,,,,,,,,
1244320,2020/21,2021-01-11,Wankhede Stadium,1,14.4,Puducherry,Kerala,Ashith Rajiv,P Thamaraikannan,S Sreesanth,1,0,,,,,,,,,
1244320,2020/21,2021-01-11,Wankhede Stadium,1,14.5,Puducherry,Kerala,P Thamaraikannan,Ashith Rajiv,S Sreesanth,1,0,,,,,,,,,
1244320,2020/21,2021-01-11,Wankhede Stadium,1,14.6,Puducherry,Kerala,Ashith Rajiv,P Thamaraikannan,S Sreesanth,1,0,,,,,,,,,
1244320,2020/21,2021-01-11,Wankhede Stadium,1,15.1,Puducherry,Kerala,Ashith Rajiv,P Thamaraikannan,S Midhun,1,0,,,,,,,,,
1244320,2020/21,2021-01-11,Wankhede Stadium,1,15.2,Puducherry,Kerala,P Thamaraikannan,Ashith Rajiv,S Midhun,1,0,,,,,,,,,
1244320,2020/21,2021-01-11,Wankhede Stadium,1,15.3,Puducherry,Kerala,Ashith Rajiv,P Thamaraikannan,S Midhun,2,0,,,,,,,,,
1244320,2020/21,2021-01-11,Wankhede Stadium,1,15.4,Puducherry,Kerala,Ashith Rajiv,P Thamaraikannan,S Midhun,0,0,,,,,,,,,
1244320,2020/21,2021-01-11,Wankhede Stadium,1,15.5,Puducherry,Kerala,Ashith Rajiv,P Thamaraikannan,S Midhun,0,0,,,,,,,,,
1244320,2020/21,2021-01-11,Wankhede Stadium,1,15.6,Puducherry,Kerala,Ashith Rajiv,P Thamaraikannan,S Midhun,0,0,,,,,,,,,
1244320,2020/21,2021-01-11,Wankhede Stadium,1,16.1,Puducherry,Kerala,P Thamaraikannan,Ashith Rajiv,Basil Thampi,0,0,,,,,,,,,
1244320,2020/21,2021-01-11,Wankhede Stadium,1,16.2,Puducherry,Kerala,P Thamaraikannan,Ashith Rajiv,Basil Thampi,1,0,,,,,,,,,
1244320,2020/21,2021-01-11,Wankhede Stadium,1,16.3,Puducherry,Kerala,Ashith Rajiv,P Thamaraikannan,Basil Thampi,0,0,,,,,,,,,
1244320,2020/21,2021-01-11,Wankhede Stadium,1,16.4,Puducherry,Kerala,Ashith Rajiv,P Thamaraikannan,Basil Thampi,0,0,,,,,,,,,
1244320,2020/21,2021-01-11,Wankhede Stadium,1,16.5,Puducherry,Kerala,Ashith Rajiv,P Thamaraikannan,Basil Thampi,6,0,,,,,,,,,
1244320,2020/21,2021-01-11,Wankhede Stadium,1,16.6,Puducherry,Kerala,Ashith Rajiv,P Thamaraikannan,Basil Thampi,1,0,,,,,,,,,
1244320,2020/21,2021-01-11,Wankhede Stadium,1,17.1,Puducherry,Kerala,Ashith Rajiv,P Thamaraikannan,KM Asif,0,1,,,,1,,,,,
1244320,2020/21,2021-01-11,Wankhede Stadium,1,17.2,Puducherry,Kerala,P Thamaraikannan,Ashith Rajiv,KM Asif,2,0,,,,,,,,,
1244320,2020/21,2021-01-11,Wankhede Stadium,1,17.3,Puducherry,Kerala,P Thamaraikannan,Ashith Rajiv,KM Asif,0,0,,,,,,,,,
1244320,2020/21,2021-01-11,Wankhede Stadium,1,17.4,Puducherry,Kerala,P Thamaraikannan,Ashith Rajiv,KM Asif,4,0,,,,,,,,,
1244320,2020/21,2021-01-11,Wankhede Stadium,1,17.5,Puducherry,Kerala,P Thamaraikannan,Ashith Rajiv,KM Asif,1,0,,,,,,,,,
1244320,2020/21,2021-01-11,Wankhede Stadium,1,17.6,Puducherry,Kerala,Ashith Rajiv,P Thamaraikannan,KM Asif,1,0,,,,,,,,,
1244320,2020/21,2021-01-11,Wankhede Stadium,1,18.1,Puducherry,Kerala,Ashith Rajiv,P Thamaraikannan,Basil Thampi,0,1,,,,1,,,,,
1244320,2020/21,2021-01-11,Wankhede Stadium,1,18.2,Puducherry,Kerala,P Thamaraikannan,Ashith Rajiv,Basil Thampi,0,0,,,,,,,,,
1244320,2020/21,2021-01-11,Wankhede Stadium,1,18.3,Puducherry,Kerala,P Thamaraikannan,Ashith Rajiv,Basil Thampi,1,0,,,,,,,,,
1244320,2020/21,2021-01-11,Wankhede Stadium,1,18.4,Puducherry,Kerala,Ashith Rajiv,P Thamaraikannan,Basil Thampi,6,0,,,,,,,,,
1244320,2020/21,2021-01-11,Wankhede Stadium,1,18.5,Puducherry,Kerala,Ashith Rajiv,P Thamaraikannan,Basil Thampi,2,0,,,,,,,,,
1244320,2020/21,2021-01-11,Wankhede Stadium,1,18.6,Puducherry,Kerala,Ashith Rajiv,P Thamaraikannan,Basil Thampi,1,0,,,,,,,,,
1244320,2020/21,2021-01-11,Wankhede Stadium,1,19.1,Puducherry,Kerala,Ashith Rajiv,P Thamaraikannan,KM Asif,1,0,,,,,,,,,
1244320,2020/21,2021-01-11,Wankhede Stadium,1,19.2,Puducherry,Kerala,P Thamaraikannan,Ashith Rajiv,KM Asif,2,0,,,,,,,,,
1244320,2020/21,2021-01-11,Wankhede Stadium,1,19.3,Puducherry,Kerala,P Thamaraikannan,Ashith Rajiv,KM Asif,1,0,,,,,,,,,
1244320,2020/21,2021-01-11,Wankhede Stadium,1,19.4,Puducherry,Kerala,Ashith Rajiv,P Thamaraikannan,KM Asif,0,0,,,,,,,,,
1244320,2020/21,2021-01-11,Wankhede Stadium,1,19.5,Puducherry,Kerala,Ashith Rajiv,P Thamaraikannan,KM Asif,1,0,,,,,,,,,
1244320,2020/21,2021-01-11,Wankhede Stadium,1,19.6,Puducherry,Kerala,P Thamaraikannan,Ashith Rajiv,KM Asif,0,2,2,,,,,,,,
1244320,2020/21,2021-01-11,Wankhede Stadium,1,19.7,Puducherry,Kerala,Ashith Rajiv,P Thamaraikannan,KM Asif,6,0,,,,,,,,,
1244320,2020/21,2021-01-11,Wankhede Stadium,2,0.1,Kerala,Puducherry,RV Uthappa,Mohammed Azharuddeen,Pankaj Singh,2,0,,,,,,,,,
1244320,2020/21,2021-01-11,Wankhede Stadium,2,0.2,Kerala,Puducherry,RV Uthappa,Mohammed Azharuddeen,Pankaj Singh,0,0,,,,,,,,,
1244320,2020/21,2021-01-11,Wankhede Stadium,2,0.3,Kerala,Puducherry,RV Uthappa,Mohammed Azharuddeen,Pankaj Singh,3,0,,,,,,,,,
1244320,2020/21,2021-01-11,Wankhede Stadium,2,0.4,Kerala,Puducherry,Mohammed Azharuddeen,RV Uthappa,Pankaj Singh,0,0,,,,,,,,,
1244320,2020/21,2021-01-11,Wankhede Stadium,2,0.5,Kerala,Puducherry,Mohammed Azharuddeen,RV Uthappa,Pankaj Singh,4,0,,,,,,,,,
1244320,2020/21,2021-01-11,Wankhede Stadium,2,0.6,Kerala,Puducherry,Mohammed Azharuddeen,RV Uthappa,Pankaj Singh,0,0,,,,,,,,,
1244320,2020/21,2021-01-11,Wankhede Stadium,2,1.1,Kerala,Puducherry,RV Uthappa,Mohammed Azharuddeen,Sagar Trivedi,1,0,,,,,,,,,
1244320,2020/21,2021-01-11,Wankhede Stadium,2,1.2,Kerala,Puducherry,Mohammed Azharuddeen,RV Uthappa,Sagar Trivedi,6,0,,,,,,,,,
1244320,2020/21,2021-01-11,Wankhede Stadium,2,1.3,Kerala,Puducherry,Mohammed Azharuddeen,RV Uthappa,Sagar Trivedi,0,0,,,,,,,,,
1244320,2020/21,2021-01-11,Wankhede Stadium,2,1.4,Kerala,Puducherry,Mohammed Azharuddeen,RV Uthappa,Sagar Trivedi,0,0,,,,,,,,,
1244320,2020/21,2021-01-11,Wankhede Stadium,2,1.5,Kerala,Puducherry,Mohammed Azharuddeen,RV Uthappa,Sagar Trivedi,1,0,,,,,,,,,
1244320,2020/21,2021-01-11,Wankhede Stadium,2,1.6,Kerala,Puducherry,RV Uthappa,Mohammed Azharuddeen,Sagar Trivedi,2,0,,,,,,,,,
1244320,2020/21,2021-01-11,Wankhede Stadium,2,2.1,Kerala,Puducherry,Mohammed Azharuddeen,RV Uthappa,Pankaj Singh,0,1,1,,,,,,,,
1244320,2020/21,2021-01-11,Wankhede Stadium,2,2.2,Kerala,Puducherry,Mohammed Azharuddeen,RV Uthappa,Pankaj Singh,0,0,,,,,,,,,
1244320,2020/21,2021-01-11,Wankhede Stadium,2,2.3,Kerala,Puducherry,Mohammed Azharuddeen,RV Uthappa,Pankaj Singh,0,0,,,,,,,,,
1244320,2020/21,2021-01-11,Wankhede Stadium,2,2.4,Kerala,Puducherry,Mohammed Azharuddeen,RV Uthappa,Pankaj Singh,4,0,,,,,,,,,
1244320,2020/21,2021-01-11,Wankhede Stadium,2,2.5,Kerala,Puducherry,Mohammed Azharuddeen,RV Uthappa,Pankaj Singh,0,4,,,,4,,,,,
1244320,2020/21,2021-01-11,Wankhede Stadium,2,2.6,Kerala,Puducherry,Mohammed Azharuddeen,RV Uthappa,Pankaj Singh,0,0,,,,,,,,,
1244320,2020/21,2021-01-11,Wankhede Stadium,2,2.7,Kerala,Puducherry,Mohammed Azharuddeen,RV Uthappa,Pankaj Singh,4,0,,,,,,,,,
1244320,2020/21,2021-01-11,Wankhede Stadium,2,3.1,Kerala,Puducherry,RV Uthappa,Mohammed Azharuddeen,Fabid Ahmed,4,0,,,,,,,,,
1244320,2020/21,2021-01-11,Wankhede Stadium,2,3.2,Kerala,Puducherry,RV Uthappa,Mohammed Azharuddeen,Fabid Ahmed,0,0,,,,,,,,,
1244320,2020/21,2021-01-11,Wankhede Stadium,2,3.3,Kerala,Puducherry,RV Uthappa,Mohammed Azharuddeen,Fabid Ahmed,4,0,,,,,,,,,
1244320,2020/21,2021-01-11,Wankhede Stadium,2,3.4,Kerala,Puducherry,RV Uthappa,Mohammed Azharuddeen,Fabid Ahmed,1,0,,,,,,,,,
1244320,2020/21,2021-01-11,Wankhede Stadium,2,3.5,Kerala,Puducherry,Mohammed Azharuddeen,RV Uthappa,Fabid Ahmed,6,0,,,,,,,,,
1244320,2020/21,2021-01-11,Wankhede Stadium,2,3.6,Kerala,Puducherry,Mohammed Azharuddeen,RV Uthappa,Fabid Ahmed,1,0,,,,,,,,,
1244320,2020/21,2021-01-11,Wankhede Stadium,2,4.1,Kerala,Puducherry,Mohammed Azharuddeen,RV Uthappa,Sagar Udeshi,0,0,,,,,,,,,
1244320,2020/21,2021-01-11,Wankhede Stadium,2,4.2,Kerala,Puducherry,Mohammed Azharuddeen,RV Uthappa,Sagar Udeshi,4,0,,,,,,,,,
1244320,2020/21,2021-01-11,Wankhede Stadium,2,4.3,Kerala,Puducherry,Mohammed Azharuddeen,RV Uthappa,Sagar Udeshi,0,0,,,,,,bowled,Mohammed Azharuddeen,,
1244320,2020/21,2021-01-11,Wankhede Stadium,2,4.4,Kerala,Puducherry,SV Samson,RV Uthappa,Sagar Udeshi,1,0,,,,,,,,,
1244320,2020/21,2021-01-11,Wankhede Stadium,2,4.5,Kerala,Puducherry,RV Uthappa,SV Samson,Sagar Udeshi,0,0,,,,,,,,,
1244320,2020/21,2021-01-11,Wankhede Stadium,2,4.6,Kerala,Puducherry,RV Uthappa,SV Samson,Sagar Udeshi,4,0,,,,,,,,,
1244320,2020/21,2021-01-11,Wankhede Stadium,2,5.1,Kerala,Puducherry,SV Samson,RV Uthappa,Ashith Rajiv,0,0,,,,,,,,,
1244320,2020/21,2021-01-11,Wankhede Stadium,2,5.2,Kerala,Puducherry,SV Samson,RV Uthappa,Ashith Rajiv,0,0,,,,,,,,,
1244320,2020/21,2021-01-11,Wankhede Stadium,2,5.3,Kerala,Puducherry,SV Samson,RV Uthappa,Ashith Rajiv,0,0,,,,,,,,,
1244320,2020/21,2021-01-11,Wankhede Stadium,2,5.4,Kerala,Puducherry,SV Samson,RV Uthappa,Ashith Rajiv,1,0,,,,,,,,,
1244320,2020/21,2021-01-11,Wankhede Stadium,2,5.5,Kerala,Puducherry,RV Uthappa,SV Samson,Ashith Rajiv,0,0,,,,,,caught,RV Uthappa,,
1244320,2020/21,2021-01-11,Wankhede Stadium,2,5.6,Kerala,Puducherry,Sachin Baby,SV Samson,Ashith Rajiv,0,0,,,,,,,,,
1244320,2020/21,2021-01-11,Wankhede Stadium,2,6.1,Kerala,Puducherry,SV Samson,Sachin Baby,Sagar Udeshi,0,0,,,,,,,,,
1244320,2020/21,2021-01-11,Wankhede Stadium,2,6.2,Kerala,Puducherry,SV Samson,Sachin Baby,Sagar Udeshi,1,0,,,,,,,,,
1244320,2020/21,2021-01-11,Wankhede Stadium,2,6.3,Kerala,Puducherry,Sachin Baby,SV Samson,Sagar Udeshi,2,0,,,,,,,,,
1244320,2020/21,2021-01-11,Wankhede Stadium,2,6.4,Kerala,Puducherry,Sachin Baby,SV Samson,Sagar Udeshi,0,0,,,,,,,,,
1244320,2020/21,2021-01-11,Wankhede Stadium,2,6.5,Kerala,Puducherry,Sachin Baby,SV Samson,Sagar Udeshi,0,0,,,,,,,,,
1244320,2020/21,2021-01-11,Wankhede Stadium,2,6.6,Kerala,Puducherry,Sachin Baby,SV Samson,Sagar Udeshi,1,0,,,,,,,,,
1244320,2020/21,2021-01-11,Wankhede Stadium,2,7.1,Kerala,Puducherry,Sachin Baby,SV Samson,Raghu Sharma,1,0,,,,,,,,,
1244320,2020/21,2021-01-11,Wankhede Stadium,2,7.2,Kerala,Puducherry,SV Samson,Sachin Baby,Raghu Sharma,0,1,,,1,,,,,,
1244320,2020/21,2021-01-11,Wankhede Stadium,2,7.3,Kerala,Puducherry,Sachin Baby,SV Samson,Raghu Sharma,0,0,,,,,,,,,
1244320,2020/21,2021-01-11,Wankhede Stadium,2,7.4,Kerala,Puducherry,Sachin Baby,SV Samson,Raghu Sharma,1,0,,,,,,,,,
1244320,2020/21,2021-01-11,Wankhede Stadium,2,7.5,Kerala,Puducherry,SV Samson,Sachin Baby,Raghu Sharma,4,0,,,,,,,,,
1244320,2020/21,2021-01-11,Wankhede Stadium,2,7.6,Kerala,Puducherry,SV Samson,Sachin Baby,Raghu Sharma,1,0,,,,,,,,,
1244320,2020/21,2021-01-11,Wankhede Stadium,2,8.1,Kerala,Puducherry,SV Samson,Sachin Baby,Sagar Udeshi,0,0,,,,,,,,,
1244320,2020/21,2021-01-11,Wankhede Stadium,2,8.2,Kerala,Puducherry,SV Samson,Sachin Baby,Sagar Udeshi,1,0,,,,,,,,,
1244320,2020/21,2021-01-11,Wankhede Stadium,2,8.3,Kerala,Puducherry,Sachin Baby,SV Samson,Sagar Udeshi,1,0,,,,,,,,,
1244320,2020/21,2021-01-11,Wankhede Stadium,2,8.4,Kerala,Puducherry,SV Samson,Sachin Baby,Sagar Udeshi,0,0,,,,,,,,,
1244320,2020/21,2021-01-11,Wankhede Stadium,2,8.5,Kerala,Puducherry,SV Samson,Sachin Baby,Sagar Udeshi,0,0,,,,,,,,,
1244320,2020/21,2021-01-11,Wankhede Stadium,2,8.6,Kerala,Puducherry,SV Samson,Sachin Baby,Sagar Udeshi,0,0,,,,,,,,,
1244320,2020/21,2021-01-11,Wankhede Stadium,2,9.1,Kerala,Puducherry,Sachin Baby,SV Samson,Raghu Sharma,2,0,,,,,,,,,
1244320,2020/21,2021-01-11,Wankhede Stadium,2,9.2,Kerala,Puducherry,Sachin Baby,SV Samson,Raghu Sharma,2,0,,,,,,,,,
1244320,2020/21,2021-01-11,Wankhede Stadium,2,9.3,Kerala,Puducherry,Sachin Baby,SV Samson,Raghu Sharma,2,0,,,,,,,,,
1244320,2020/21,2021-01-11,Wankhede Stadium,2,9.4,Kerala,Puducherry,Sachin Baby,SV Samson,Raghu Sharma,1,0,,,,,,,,,
1244320,2020/21,2021-01-11,Wankhede Stadium,2,9.5,Kerala,Puducherry,SV Samson,Sachin Baby,Raghu Sharma,1,0,,,,,,,,,
1244320,2020/21,2021-01-11,Wankhede Stadium,2,9.6,Kerala,Puducherry,Sachin Baby,SV Samson,Raghu Sharma,1,0,,,,,,,,,
1244320,2020/21,2021-01-11,Wankhede Stadium,2,10.1,Kerala,Puducherry,Sachin Baby,SV Samson,Sagar Udeshi,1,0,,,,,,,,,
1244320,2020/21,2021-01-11,Wankhede Stadium,2,10.2,Kerala,Puducherry,SV Samson,Sachin Baby,Sagar Udeshi,4,0,,,,,,,,,
1244320,2020/21,2021-01-11,Wankhede Stadium,2,10.3,Kerala,Puducherry,SV Samson,Sachin Baby,Sagar Udeshi,1,0,,,,,,,,,
1244320,2020/21,2021-01-11,Wankhede Stadium,2,10.4,Kerala,Puducherry,Sachin Baby,SV Samson,Sagar Udeshi,1,0,,,,,,,,,
1244320,2020/21,2021-01-11,Wankhede Stadium,2,10.5,Kerala,Puducherry,SV Samson,Sachin Baby,Sagar Udeshi,0,0,,,,,,,,,
1244320,2020/21,2021-01-11,Wankhede Stadium,2,10.6,Kerala,Puducherry,SV Samson,Sachin Baby,Sagar Udeshi,0,0,,,,,,,,,
1244320,2020/21,2021-01-11,Wankhede Stadium,2,11.1,Kerala,Puducherry,Sachin Baby,SV Samson,Raghu Sharma,1,0,,,,,,,,,
1244320,2020/21,2021-01-11,Wankhede Stadium,2,11.2,Kerala,Puducherry,SV Samson,Sachin Baby,Raghu Sharma,1,0,,,,,,,,,
1244320,2020/21,2021-01-11,Wankhede Stadium,2,11.3,Kerala,Puducherry,Sachin Baby,SV Samson,Raghu Sharma,1,0,,,,,,,,,
1244320,2020/21,2021-01-11,Wankhede Stadium,2,11.4,Kerala,Puducherry,SV Samson,Sachin Baby,Raghu Sharma,0,0,,,,,,,,,
1244320,2020/21,2021-01-11,Wankhede Stadium,2,11.5,Kerala,Puducherry,SV Samson,Sachin Baby,Raghu Sharma,4,0,,,,,,,,,
1244320,2020/21,2021-01-11,Wankhede Stadium,2,11.6,Kerala,Puducherry,SV Samson,Sachin Baby,Raghu Sharma,6,0,,,,,,,,,
1244320,2020/21,2021-01-11,Wankhede Stadium,2,12.1,Kerala,Puducherry,Sachin Baby,SV Samson,Ashith Rajiv,0,0,,,,,,caught,Sachin Baby,,
1244320,2020/21,2021-01-11,Wankhede Stadium,2,12.2,Kerala,Puducherry,Vishnu Vinod,SV Samson,Ashith Rajiv,0,0,,,,,,,,,
1244320,2020/21,2021-01-11,Wankhede Stadium,2,12.3,Kerala,Puducherry,Vishnu Vinod,SV Samson,Ashith Rajiv,0,0,,,,,,,,,
1244320,2020/21,2021-01-11,Wankhede Stadium,2,12.4,Kerala,Puducherry,Vishnu Vinod,SV Samson,Ashith Rajiv,1,0,,,,,,,,,
1244320,2020/21,2021-01-11,Wankhede Stadium,2,12.5,Kerala,Puducherry,SV Samson,Vishnu Vinod,Ashith Rajiv,6,0,,,,,,,,,
1244320,2020/21,2021-01-11,Wankhede Stadium,2,12.6,Kerala,Puducherry,SV Samson,Vishnu Vinod,Ashith Rajiv,0,0,,,,,,caught,SV Samson,,
1244320,2020/21,2021-01-11,Wankhede Stadium,2,13.1,Kerala,Puducherry,Vishnu Vinod,Salman Nizar,Pankaj Singh,0,1,1,,,,,,,,
1244320,2020/21,2021-01-11,Wankhede Stadium,2,13.2,Kerala,Puducherry,Vishnu Vinod,Salman Nizar,Pankaj Singh,0,0,,,,,,,,,
1244320,2020/21,2021-01-11,Wankhede Stadium,2,13.3,Kerala,Puducherry,Vishnu Vinod,Salman Nizar,Pankaj Singh,1,0,,,,,,,,,
1244320,2020/21,2021-01-11,Wankhede Stadium,2,13.4,Kerala,Puducherry,Salman Nizar,Vishnu Vinod,Pankaj Singh,1,0,,,,,,,,,
1244320,2020/21,2021-01-11,Wankhede Stadium,2,13.5,Kerala,Puducherry,Vishnu Vinod,Salman Nizar,Pankaj Singh,0,0,,,,,,,,,
1244320,2020/21,2021-01-11,Wankhede Stadium,2,13.6,Kerala,Puducherry,Vishnu Vinod,Salman Nizar,Pankaj Singh,0,0,,,,,,,,,
1244320,2020/21,2021-01-11,Wankhede Stadium,2,13.7,Kerala,Puducherry,Vishnu Vinod,Salman Nizar,Pankaj Singh,0,0,,,,,,,,,
1244320,2020/21,2021-01-11,Wankhede Stadium,2,14.1,Kerala,Puducherry,Salman Nizar,Vishnu Vinod,Ashith Rajiv,0,0,,,,,,,,,
1244320,2020/21,2021-01-11,Wankhede Stadium,2,14.2,Kerala,Puducherry,Salman Nizar,Vishnu Vinod,Ashith Rajiv,0,0,,,,,,,,,
1244320,2020/21,2021-01-11,Wankhede Stadium,2,14.3,Kerala,Puducherry,Salman Nizar,Vishnu Vinod,Ashith Rajiv,0,0,,,,,,,,,
1244320,2020/21,2021-01-11,Wankhede Stadium,2,14.4,Kerala,Puducherry,Salman Nizar,Vishnu Vinod,Ashith Rajiv,0,0,,,,,,,,,
1244320,2020/21,2021-01-11,Wankhede Stadium,2,14.5,Kerala,Puducherry,Salman Nizar,Vishnu Vinod,Ashith Rajiv,2,0,,,,,,,,,
1244320,2020/21,2021-01-11,Wankhede Stadium,2,14.6,Kerala,Puducherry,Salman Nizar,Vishnu Vinod,Ashith Rajiv,0,0,,,,,,,,,
1244320,2020/21,2021-01-11,Wankhede Stadium,2,15.1,Kerala,Puducherry,Vishnu Vinod,Salman Nizar,Pankaj Singh,1,0,,,,,,,,,
1244320,2020/21,2021-01-11,Wankhede Stadium,2,15.2,Kerala,Puducherry,Salman Nizar,Vishnu Vinod,Pankaj Singh,6,0,,,,,,,,,
1244320,2020/21,2021-01-11,Wankhede Stadium,2,15.3,Kerala,Puducherry,Salman Nizar,Vishnu Vinod,Pankaj Singh,0,0,,,,,,,,,
1244320,2020/21,2021-01-11,Wankhede Stadium,2,15.4,Kerala,Puducherry,Salman Nizar,Vishnu Vinod,Pankaj Singh,1,0,,,,,,,,,
1244320,2020/21,2021-01-11,Wankhede Stadium,2,15.5,Kerala,Puducherry,Vishnu Vinod,Salman Nizar,Pankaj Singh,0,0,,,,,,,,,
1244320,2020/21,2021-01-11,Wankhede Stadium,2,15.6,Kerala,Puducherry,Vishnu Vinod,Salman Nizar,Pankaj Singh,4,0,,,,,,,,,
1244320,2020/21,2021-01-11,Wankhede Stadium,2,16.1,Kerala,Puducherry,Salman Nizar,Vishnu Vinod,Ashith Rajiv,1,0,,,,,,,,,
1244320,2020/21,2021-01-11,Wankhede Stadium,2,16.2,Kerala,Puducherry,Vishnu Vinod,Salman Nizar,Ashith Rajiv,1,0,,,,,,,,,
1244320,2020/21,2021-01-11,Wankhede Stadium,2,16.3,Kerala,Puducherry,Salman Nizar,Vishnu Vinod,Ashith Rajiv,0,0,,,,,,,,,
1244320,2020/21,2021-01-11,Wankhede Stadium,2,16.4,Kerala,Puducherry,Salman Nizar,Vishnu Vinod,Ashith Rajiv,4,0,,,,,,,,,
1244320,2020/21,2021-01-11,Wankhede Stadium,2,16.5,Kerala,Puducherry,Salman Nizar,Vishnu Vinod,Ashith Rajiv,2,0,,,,,,,,,
1244320,2020/21,2021-01-11,Wankhede Stadium,2,16.6,Kerala,Puducherry,Salman Nizar,Vishnu Vinod,Ashith Rajiv,0,0,,,,,,,,,
1244320,2020/21,2021-01-11,Wankhede Stadium,2,17.1,Kerala,Puducherry,Vishnu Vinod,Salman Nizar,Damodaran Rohit,0,0,,,,,,,,,
1244320,2020/21,2021-01-11,Wankhede Stadium,2,17.2,Kerala,Puducherry,Vishnu Vinod,Salman Nizar,Damodaran Rohit,1,0,,,,,,,,,
1244320,2020/21,2021-01-11,Wankhede Stadium,2,17.3,Kerala,Puducherry,Salman Nizar,Vishnu Vinod,Damodaran Rohit,1,0,,,,,,,,,
1244320,2020/21,2021-01-11,Wankhede Stadium,2,17.4,Kerala,Puducherry,Vishnu Vinod,Salman Nizar,Damodaran Rohit,0,0,,,,,,,,,
1244320,2020/21,2021-01-11,Wankhede Stadium,2,17.5,Kerala,Puducherry,Vishnu Vinod,Salman Nizar,Damodaran Rohit,1,0,,,,,,,,,
1244320,2020/21,2021-01-11,Wankhede Stadium,2,17.6,Kerala,Puducherry,Salman Nizar,Vishnu Vinod,Damodaran Rohit,1,0,,,,,,,,,
1244320,2020/21,2021-01-11,Wankhede Stadium,2,18.1,Kerala,Puducherry,Salman Nizar,Vishnu Vinod,Fabid Ahmed,1,0,,,,,,,,,
1244320,2020/21,2021-01-11,Wankhede Stadium,2,18.2,Kerala,Puducherry,Vishnu Vinod,Salman Nizar,Fabid Ahmed,1,0,,,,,,,,,
