match_id,season,start_date,venue,innings,ball,batting_team,bowling_team,striker,non_striker,bowler,runs_off_bat,extras,wides,noballs,byes,legbyes,penalty,wicket_type,player_dismissed,other_wicket_type,other_player_dismissed
1244358,2020/21,2021-01-15,Wankhede Stadium,1,0.1,Andhra,Puducherry,Ashwin Hebbar,KS Bharat,Pankaj Singh,0,1,1,,,,,,,,
1244358,2020/21,2021-01-15,Wankhede Stadium,1,0.2,Andhra,Puducherry,Ashwin Hebbar,KS Bharat,Pankaj Singh,0,0,,,,,,,,,
1244358,2020/21,2021-01-15,Wankhede Stadium,1,0.3,Andhra,Puducherry,Ashwin Hebbar,KS Bharat,Pankaj Singh,0,0,,,,,,,,,
1244358,2020/21,2021-01-15,Wankhede Stadium,1,0.4,Andhra,Puducherry,Ashwin Hebbar,KS Bharat,Pankaj Singh,0,0,,,,,,,,,
1244358,2020/21,2021-01-15,Wankhede Stadium,1,0.5,Andhra,Puducherry,Ashwin Hebbar,KS Bharat,Pankaj Singh,1,0,,,,,,,,,
1244358,2020/21,2021-01-15,Wankhede Stadium,1,0.6,Andhra,Puducherry,KS Bharat,Ashwin Hebbar,Pankaj Singh,0,0,,,,,,,,,
1244358,2020/21,2021-01-15,Wankhede Stadium,1,0.7,Andhra,Puducherry,KS Bharat,Ashwin Hebbar,Pankaj Singh,1,0,,,,,,,,,
1244358,2020/21,2021-01-15,Wankhede Stadium,1,1.1,Andhra,Puducherry,KS Bharat,Ashwin Hebbar,Ashith Rajiv,0,0,,,,,,,,,
1244358,2020/21,2021-01-15,Wankhede Stadium,1,1.2,Andhra,Puducherry,KS Bharat,Ashwin Hebbar,Ashith Rajiv,0,0,,,,,,,,,
1244358,2020/21,2021-01-15,Wankhede Stadium,1,1.3,Andhra,Puducherry,KS Bharat,Ashwin Hebbar,Ashith Rajiv,0,0,,,,,,,,,
1244358,2020/21,2021-01-15,Wankhede Stadium,1,1.4,Andhra,Puducherry,KS Bharat,Ashwin Hebbar,Ashith Rajiv,1,0,,,,,,,,,
1244358,2020/21,2021-01-15,Wankhede Stadium,1,1.5,Andhra,Puducherry,Ashwin Hebbar,KS Bharat,Ashith Rajiv,0,0,,,,,,,,,
1244358,2020/21,2021-01-15,Wankhede Stadium,1,1.6,Andhra,Puducherry,Ashwin Hebbar,KS Bharat,Ashith Rajiv,1,0,,,,,,,,,
1244358,2020/21,2021-01-15,Wankhede Stadium,1,2.1,Andhra,Puducherry,Ashwin Hebbar,KS Bharat,Pankaj Singh,1,0,,,,,,,,,
1244358,2020/21,2021-01-15,Wankhede Stadium,1,2.2,Andhra,Puducherry,KS Bharat,Ashwin Hebbar,Pankaj Singh,0,0,,,,,,,,,
1244358,2020/21,2021-01-15,Wankhede Stadium,1,2.3,Andhra,Puducherry,KS Bharat,Ashwin Hebbar,Pankaj Singh,4,0,,,,,,,,,
1244358,2020/21,2021-01-15,Wankhede Stadium,1,2.4,Andhra,Puducherry,KS Bharat,Ashwin Hebbar,Pankaj Singh,1,0,,,,,,,,,
1244358,2020/21,2021-01-15,Wankhede Stadium,1,2.5,Andhra,Puducherry,Ashwin Hebbar,KS Bharat,Pankaj Singh,0,0,,,,,,,,,
1244358,2020/21,2021-01-15,Wankhede Stadium,1,2.6,Andhra,Puducherry,Ashwin Hebbar,KS Bharat,Pankaj Singh,0,0,,,,,,,,,
1244358,2020/21,2021-01-15,Wankhede Stadium,1,3.1,Andhra,Puducherry,KS Bharat,Ashwin Hebbar,Ashith Rajiv,4,0,,,,,,,,,
1244358,2020/21,2021-01-15,Wankhede Stadium,1,3.2,Andhra,Puducherry,KS Bharat,Ashwin Hebbar,Ashith Rajiv,1,0,,,,,,,,,
1244358,2020/21,2021-01-15,Wankhede Stadium,1,3.3,Andhra,Puducherry,Ashwin Hebbar,KS Bharat,Ashith Rajiv,4,0,,,,,,,,,
1244358,2020/21,2021-01-15,Wankhede Stadium,1,3.4,Andhra,Puducherry,Ashwin Hebbar,KS Bharat,Ashith Rajiv,1,0,,,,,,,,,
1244358,2020/21,2021-01-15,Wankhede Stadium,1,3.5,Andhra,Puducherry,KS Bharat,Ashwin Hebbar,Ashith Rajiv,1,0,,,,,,,,,
1244358,2020/21,2021-01-15,Wankhede Stadium,1,3.6,Andhra,Puducherry,Ashwin Hebbar,KS Bharat,Ashith Rajiv,0,0,,,,,,,,,
1244358,2020/21,2021-01-15,Wankhede Stadium,1,4.1,Andhra,Puducherry,KS Bharat,Ashwin Hebbar,Sagar Udeshi,4,0,,,,,,,,,
1244358,2020/21,2021-01-15,Wankhede Stadium,1,4.2,Andhra,Puducherry,KS Bharat,Ashwin Hebbar,Sagar Udeshi,2,0,,,,,,,,,
1244358,2020/21,2021-01-15,Wankhede Stadium,1,4.3,Andhra,Puducherry,KS Bharat,Ashwin Hebbar,Sagar Udeshi,1,0,,,,,,,,,
1244358,2020/21,2021-01-15,Wankhede Stadium,1,4.4,Andhra,Puducherry,Ashwin Hebbar,KS Bharat,Sagar Udeshi,0,0,,,,,,,,,
1244358,2020/21,2021-01-15,Wankhede Stadium,1,4.5,Andhra,Puducherry,Ashwin Hebbar,KS Bharat,Sagar Udeshi,0,0,,,,,,,,,
1244358,2020/21,2021-01-15,Wankhede Stadium,1,4.6,Andhra,Puducherry,Ashwin Hebbar,KS Bharat,Sagar Udeshi,4,0,,,,,,,,,
1244358,2020/21,2021-01-15,Wankhede Stadium,1,5.1,Andhra,Puducherry,KS Bharat,Ashwin Hebbar,Vignesh Kannan,0,0,,,,,,,,,
1244358,2020/21,2021-01-15,Wankhede Stadium,1,5.2,Andhra,Puducherry,KS Bharat,Ashwin Hebbar,Vignesh Kannan,1,0,,,,,,,,,
1244358,2020/21,2021-01-15,Wankhede Stadium,1,5.3,Andhra,Puducherry,Ashwin Hebbar,KS Bharat,Vignesh Kannan,1,0,,,,,,,,,
1244358,2020/21,2021-01-15,Wankhede Stadium,1,5.4,Andhra,Puducherry,KS Bharat,Ashwin Hebbar,Vignesh Kannan,0,0,,,,,,,,,
1244358,2020/21,2021-01-15,Wankhede Stadium,1,5.5,Andhra,Puducherry,KS Bharat,Ashwin Hebbar,Vignesh Kannan,1,0,,,,,,,,,
1244358,2020/21,2021-01-15,Wankhede Stadium,1,5.6,Andhra,Puducherry,Ashwin Hebbar,KS Bharat,Vignesh Kannan,0,0,,,,,,,,,
1244358,2020/21,2021-01-15,Wankhede Stadium,1,6.1,Andhra,Puducherry,KS Bharat,Ashwin Hebbar,Sagar Udeshi,1,0,,,,,,,,,
1244358,2020/21,2021-01-15,Wankhede Stadium,1,6.2,Andhra,Puducherry,Ashwin Hebbar,KS Bharat,Sagar Udeshi,0,0,,,,,,,,,
1244358,2020/21,2021-01-15,Wankhede Stadium,1,6.3,Andhra,Puducherry,Ashwin Hebbar,KS Bharat,Sagar Udeshi,4,0,,,,,,,,,
1244358,2020/21,2021-01-15,Wankhede Stadium,1,6.4,Andhra,Puducherry,Ashwin Hebbar,KS Bharat,Sagar Udeshi,1,0,,,,,,,,,
1244358,2020/21,2021-01-15,Wankhede Stadium,1,6.5,Andhra,Puducherry,KS Bharat,Ashwin Hebbar,Sagar Udeshi,0,0,,,,,,,,,
1244358,2020/21,2021-01-15,Wankhede Stadium,1,6.6,Andhra,Puducherry,KS Bharat,Ashwin Hebbar,Sagar Udeshi,6,0,,,,,,,,,
1244358,2020/21,2021-01-15,Wankhede Stadium,1,7.1,Andhra,Puducherry,Ashwin Hebbar,KS Bharat,Vignesh Kannan,1,0,,,,,,,,,
1244358,2020/21,2021-01-15,Wankhede Stadium,1,7.2,Andhra,Puducherry,KS Bharat,Ashwin Hebbar,Vignesh Kannan,0,0,,,,,,,,,
1244358,2020/21,2021-01-15,Wankhede Stadium,1,7.3,Andhra,Puducherry,KS Bharat,Ashwin Hebbar,Vignesh Kannan,1,0,,,,,,,,,
1244358,2020/21,2021-01-15,Wankhede Stadium,1,7.4,Andhra,Puducherry,Ashwin Hebbar,KS Bharat,Vignesh Kannan,6,0,,,,,,,,,
1244358,2020/21,2021-01-15,Wankhede Stadium,1,7.5,Andhra,Puducherry,Ashwin Hebbar,KS Bharat,Vignesh Kannan,1,0,,,,,,,,,
1244358,2020/21,2021-01-15,Wankhede Stadium,1,7.6,Andhra,Puducherry,KS Bharat,Ashwin Hebbar,Vignesh Kannan,6,0,,,,,,,,,
1244358,2020/21,2021-01-15,Wankhede Stadium,1,8.1,Andhra,Puducherry,Ashwin Hebbar,KS Bharat,Sagar Trivedi,1,0,,,,,,,,,
1244358,2020/21,2021-01-15,Wankhede Stadium,1,8.2,Andhra,Puducherry,KS Bharat,Ashwin Hebbar,Sagar Trivedi,6,0,,,,,,,,,
1244358,2020/21,2021-01-15,Wankhede Stadium,1,8.3,Andhra,Puducherry,KS Bharat,Ashwin Hebbar,Sagar Trivedi,6,0,,,,,,,,,
1244358,2020/21,2021-01-15,Wankhede Stadium,1,8.4,Andhra,Puducherry,KS Bharat,Ashwin Hebbar,Sagar Trivedi,1,0,,,,,,,,,
1244358,2020/21,2021-01-15,Wankhede Stadium,1,8.5,Andhra,Puducherry,Ashwin Hebbar,KS Bharat,Sagar Trivedi,4,0,,,,,,,,,
1244358,2020/21,2021-01-15,Wankhede Stadium,1,8.6,Andhra,Puducherry,Ashwin Hebbar,KS Bharat,Sagar Trivedi,1,0,,,,,,,,,
1244358,2020/21,2021-01-15,Wankhede Stadium,1,9.1,Andhra,Puducherry,Ashwin Hebbar,KS Bharat,Damodaran Rohit,6,0,,,,,,,,,
1244358,2020/21,2021-01-15,Wankhede Stadium,1,9.2,Andhra,Puducherry,Ashwin Hebbar,KS Bharat,Damodaran Rohit,1,0,,,,,,,,,
1244358,2020/21,2021-01-15,Wankhede Stadium,1,9.3,Andhra,Puducherry,KS Bharat,Ashwin Hebbar,Damodaran Rohit,1,0,,,,,,,,,
1244358,2020/21,2021-01-15,Wankhede Stadium,1,9.4,Andhra,Puducherry,Ashwin Hebbar,KS Bharat,Damodaran Rohit,1,0,,,,,,,,,
1244358,2020/21,2021-01-15,Wankhede Stadium,1,9.5,Andhra,Puducherry,KS Bharat,Ashwin Hebbar,Damodaran Rohit,4,0,,,,,,,,,
1244358,2020/21,2021-01-15,Wankhede Stadium,1,9.6,Andhra,Puducherry,KS Bharat,Ashwin Hebbar,Damodaran Rohit,6,0,,,,,,,,,
1244358,2020/21,2021-01-15,Wankhede Stadium,1,10.1,Andhra,Puducherry,Ashwin Hebbar,KS Bharat,Sagar Udeshi,4,0,,,,,,,,,
1244358,2020/21,2021-01-15,Wankhede Stadium,1,10.2,Andhra,Puducherry,Ashwin Hebbar,KS Bharat,Sagar Udeshi,1,0,,,,,,,,,
1244358,2020/21,2021-01-15,Wankhede Stadium,1,10.3,Andhra,Puducherry,KS Bharat,Ashwin Hebbar,Sagar Udeshi,1,0,,,,,,,,,
1244358,2020/21,2021-01-15,Wankhede Stadium,1,10.4,Andhra,Puducherry,Ashwin Hebbar,KS Bharat,Sagar Udeshi,0,0,,,,,,caught,Ashwin Hebbar,,
1244358,2020/21,2021-01-15,Wankhede Stadium,1,10.5,Andhra,Puducherry,RK Bhui,KS Bharat,Sagar Udeshi,1,0,,,,,,,,,
1244358,2020/21,2021-01-15,Wankhede Stadium,1,10.6,Andhra,Puducherry,KS Bharat,RK Bhui,Sagar Udeshi,1,0,,,,,,,,,
1244358,2020/21,2021-01-15,Wankhede Stadium,1,11.1,Andhra,Puducherry,KS Bharat,RK Bhui,Vignesh Kannan,0,0,,,,,,caught,KS Bharat,,
1244358,2020/21,2021-01-15,Wankhede Stadium,1,11.2,Andhra,Puducherry,AT Rayudu,RK Bhui,Vignesh Kannan,1,0,,,,,,,,,
1244358,2020/21,2021-01-15,Wankhede Stadium,1,11.3,Andhra,Puducherry,RK Bhui,AT Rayudu,Vignesh Kannan,0,1,1,,,,,,,,
1244358,2020/21,2021-01-15,Wankhede Stadium,1,11.4,Andhra,Puducherry,RK Bhui,AT Rayudu,Vignesh Kannan,0,0,,,,,,,,,
1244358,2020/21,2021-01-15,Wankhede Stadium,1,11.5,Andhra,Puducherry,RK Bhui,AT Rayudu,Vignesh Kannan,0,0,,,,,,,,,
1244358,2020/21,2021-01-15,Wankhede Stadium,1,11.6,Andhra,Puducherry,RK Bhui,AT Rayudu,Vignesh Kannan,0,0,,,,,,,,,
1244358,2020/21,2021-01-15,Wankhede Stadium,1,11.7,Andhra,Puducherry,RK Bhui,AT Rayudu,Vignesh Kannan,6,0,,,,,,,,,
1244358,2020/21,2021-01-15,Wankhede Stadium,1,12.1,Andhra,Puducherry,AT Rayudu,RK Bhui,Sagar Trivedi,0,0,,,,,,,,,
1244358,2020/21,2021-01-15,Wankhede Stadium,1,12.2,Andhra,Puducherry,AT Rayudu,RK Bhui,Sagar Trivedi,0,0,,,,,,,,,
1244358,2020/21,2021-01-15,Wankhede Stadium,1,12.3,Andhra,Puducherry,AT Rayudu,RK Bhui,Sagar Trivedi,4,0,,,,,,,,,
1244358,2020/21,2021-01-15,Wankhede Stadium,1,12.4,Andhra,Puducherry,AT Rayudu,RK Bhui,Sagar Trivedi,6,0,,,,,,,,,
1244358,2020/21,2021-01-15,Wankhede Stadium,1,12.5,Andhra,Puducherry,AT Rayudu,RK Bhui,Sagar Trivedi,1,0,,,,,,,,,
1244358,2020/21,2021-01-15,Wankhede Stadium,1,12.6,Andhra,Puducherry,RK Bhui,AT Rayudu,Sagar Trivedi,4,0,,,,,,,,,
1244358,2020/21,2021-01-15,Wankhede Stadium,1,13.1,Andhra,Puducherry,AT Rayudu,RK Bhui,Vignesh Kannan,6,0,,,,,,,,,
1244358,2020/21,2021-01-15,Wankhede Stadium,1,13.2,Andhra,Puducherry,AT Rayudu,RK Bhui,Vignesh Kannan,1,0,,,,,,,,,
1244358,2020/21,2021-01-15,Wankhede Stadium,1,13.3,Andhra,Puducherry,RK Bhui,AT Rayudu,Vignesh Kannan,1,0,,,,,,,,,
1244358,2020/21,2021-01-15,Wankhede Stadium,1,13.4,Andhra,Puducherry,AT Rayudu,RK Bhui,Vignesh Kannan,4,0,,,,,,,,,
1244358,2020/21,2021-01-15,Wankhede Stadium,1,13.5,Andhra,Puducherry,AT Rayudu,RK Bhui,Vignesh Kannan,1,0,,,,,,,,,
1244358,2020/21,2021-01-15,Wankhede Stadium,1,13.6,Andhra,Puducherry,RK Bhui,AT Rayudu,Vignesh Kannan,1,0,,,,,,,,,
1244358,2020/21,2021-01-15,Wankhede Stadium,1,14.1,Andhra,Puducherry,RK Bhui,AT Rayudu,Sagar Udeshi,0,0,,,,,,,,,
1244358,2020/21,2021-01-15,Wankhede Stadium,1,14.2,Andhra,Puducherry,RK Bhui,AT Rayudu,Sagar Udeshi,0,0,,,,,,caught,RK Bhui,,
1244358,2020/21,2021-01-15,Wankhede Stadium,1,14.3,Andhra,Puducherry,AT Rayudu,Prashanth Kumar,Sagar Udeshi,1,0,,,,,,,,,
1244358,2020/21,2021-01-15,Wankhede Stadium,1,14.4,Andhra,Puducherry,Prashanth Kumar,AT Rayudu,Sagar Udeshi,0,0,,,,,,,,,
1244358,2020/21,2021-01-15,Wankhede Stadium,1,14.5,Andhra,Puducherry,Prashanth Kumar,AT Rayudu,Sagar Udeshi,0,0,,,,,,,,,
1244358,2020/21,2021-01-15,Wankhede Stadium,1,14.6,Andhra,Puducherry,Prashanth Kumar,AT Rayudu,Sagar Udeshi,1,0,,,,,,,,,
1244358,2020/21,2021-01-15,Wankhede Stadium,1,15.1,Andhra,Puducherry,Prashanth Kumar,AT Rayudu,Ashith Rajiv,4,0,,,,,,,,,
1244358,2020/21,2021-01-15,Wankhede Stadium,1,15.2,Andhra,Puducherry,Prashanth Kumar,AT Rayudu,Ashith Rajiv,1,0,,,,,,,,,
1244358,2020/21,2021-01-15,Wankhede Stadium,1,15.3,Andhra,Puducherry,AT Rayudu,Prashanth Kumar,Ashith Rajiv,1,0,,,,,,,,,
1244358,2020/21,2021-01-15,Wankhede Stadium,1,15.4,Andhra,Puducherry,Prashanth Kumar,AT Rayudu,Ashith Rajiv,0,0,,,,,,,,,
1244358,2020/21,2021-01-15,Wankhede Stadium,1,15.5,Andhra,Puducherry,Prashanth Kumar,AT Rayudu,Ashith Rajiv,6,0,,,,,,,,,
1244358,2020/21,2021-01-15,Wankhede Stadium,1,15.6,Andhra,Puducherry,Prashanth Kumar,AT Rayudu,Ashith Rajiv,4,0,,,,,,,,,
1244358,2020/21,2021-01-15,Wankhede Stadium,1,16.1,Andhra,Puducherry,AT Rayudu,Prashanth Kumar,Pankaj Singh,1,0,,,,,,,,,
1244358,2020/21,2021-01-15,Wankhede Stadium,1,16.2,Andhra,Puducherry,Prashanth Kumar,AT Rayudu,Pankaj Singh,1,0,,,,,,,,,
1244358,2020/21,2021-01-15,Wankhede Stadium,1,16.3,Andhra,Puducherry,AT Rayudu,Prashanth Kumar,Pankaj Singh,6,0,,,,,,,,,
1244358,2020/21,2021-01-15,Wankhede Stadium,1,16.4,Andhra,Puducherry,AT Rayudu,Prashanth Kumar,Pankaj Singh,6,0,,,,,,,,,
1244358,2020/21,2021-01-15,Wankhede Stadium,1,16.5,Andhra,Puducherry,AT Rayudu,Prashanth Kumar,Pankaj Singh,1,0,,,,,,,,,
1244358,2020/21,2021-01-15,Wankhede Stadium,1,16.6,Andhra,Puducherry,Prashanth Kumar,AT Rayudu,Pankaj Singh,1,0,,,,,,,,,
1244358,2020/21,2021-01-15,Wankhede Stadium,1,17.1,Andhra,Puducherry,Prashanth Kumar,AT Rayudu,Sagar Trivedi,4,0,,,,,,,,,
1244358,2020/21,2021-01-15,Wankhede Stadium,1,17.2,Andhra,Puducherry,Prashanth Kumar,AT Rayudu,Sagar Trivedi,1,0,,,,,,,,,
1244358,2020/21,2021-01-15,Wankhede Stadium,1,17.3,Andhra,Puducherry,AT Rayudu,Prashanth Kumar,Sagar Trivedi,1,0,,,,,,,,,
1244358,2020/21,2021-01-15,Wankhede Stadium,1,17.4,Andhra,Puducherry,Prashanth Kumar,AT Rayudu,Sagar Trivedi,1,0,,,,,,,,,
1244358,2020/21,2021-01-15,Wankhede Stadium,1,17.5,Andhra,Puducherry,AT Rayudu,Prashanth Kumar,Sagar Trivedi,0,1,1,,,,,,,,
1244358,2020/21,2021-01-15,Wankhede Stadium,1,17.6,Andhra,Puducherry,AT Rayudu,Prashanth Kumar,Sagar Trivedi,1,0,,,,,,,,,
1244358,2020/21,2021-01-15,Wankhede Stadium,1,17.7,Andhra,Puducherry,Prashanth Kumar,AT Rayudu,Sagar Trivedi,4,0,,,,,,,,,
1244358,2020/21,2021-01-15,Wankhede Stadium,1,18.1,Andhra,Puducherry,AT Rayudu,Prashanth Kumar,Pankaj Singh,0,0,,,,,,,,,
1244358,2020/21,2021-01-15,Wankhede Stadium,1,18.2,Andhra,Puducherry,AT Rayudu,Prashanth Kumar,Pankaj Singh,6,0,,,,,,,,,
1244358,2020/21,2021-01-15,Wankhede Stadium,1,18.3,Andhra,Puducherry,AT Rayudu,Prashanth Kumar,Pankaj Singh,4,0,,,,,,,,,
1244358,2020/21,2021-01-15,Wankhede Stadium,1,18.4,Andhra,Puducherry,AT Rayudu,Prashanth Kumar,Pankaj Singh,2,0,,,,,,,,,
1244358,2020/21,2021-01-15,Wankhede Stadium,1,18.5,Andhra,Puducherry,AT Rayudu,Prashanth Kumar,Pankaj Singh,4,0,,,,,,,,,
1244358,2020/21,2021-01-15,Wankhede Stadium,1,18.6,Andhra,Puducherry,AT Rayudu,Prashanth Kumar,Pankaj Singh,4,0,,,,,,,,,
1244358,2020/21,2021-01-15,Wankhede Stadium,1,19.1,Andhra,Puducherry,Prashanth Kumar,AT Rayudu,Sagar Trivedi,4,0,,,,,,,,,
1244358,2020/21,2021-01-15,Wankhede Stadium,1,19.2,Andhra,Puducherry,Prashanth Kumar,AT Rayudu,Sagar Trivedi,0,0,,,,,,caught,Prashanth Kumar,,
1244358,2020/21,2021-01-15,Wankhede Stadium,1,19.3,Andhra,Puducherry,AT Rayudu,M Dheeraj Kumar,Sagar Trivedi,0,1,,,,1,,,,,
1244358,2020/21,2021-01-15,Wankhede Stadium,1,19.4,Andhra,Puducherry,M Dheeraj Kumar,AT Rayudu,Sagar Trivedi,6,0,,,,,,,,,
1244358,2020/21,2021-01-15,Wankhede Stadium,1,19.5,Andhra,Puducherry,M Dheeraj Kumar,AT Rayudu,Sagar Trivedi,1,0,,,,,,,,,
1244358,2020/21,2021-01-15,Wankhede Stadium,1,19.6,Andhra,Puducherry,AT Rayudu,M Dheeraj Kumar,Sagar Trivedi,0,1,,,1,,,,,,
1244358,2020/21,2021-01-15,Wankhede Stadium,2,0.1,Puducherry,Andhra,S Karthik,Damodaran Rohit,Cheepurapalli Stephen,1,0,,,,,,,,,
1244358,2020/21,2021-01-15,Wankhede Stadium,2,0.2,Puducherry,Andhra,Damodaran Rohit,S Karthik,Cheepurapalli Stephen,0,1,1,,,,,,,,
1244358,2020/21,2021-01-15,Wankhede Stadium,2,0.3,Puducherry,Andhra,Damodaran Rohit,S Karthik,Cheepurapalli Stephen,0,0,,,,,,,,,
1244358,2020/21,2021-01-15,Wankhede Stadium,2,0.4,Puducherry,Andhra,Damodaran Rohit,S Karthik,Cheepurapalli Stephen,1,0,,,,,,,,,
1244358,2020/21,2021-01-15,Wankhede Stadium,2,0.5,Puducherry,Andhra,S Karthik,Damodaran Rohit,Cheepurapalli Stephen,0,0,,,,,,,,,
1244358,2020/21,2021-01-15,Wankhede Stadium,2,0.6,Puducherry,Andhra,S Karthik,Damodaran Rohit,Cheepurapalli Stephen,0,0,,,,,,,,,
1244358,2020/21,2021-01-15,Wankhede Stadium,2,0.7,Puducherry,Andhra,S Karthik,Damodaran Rohit,Cheepurapalli Stephen,1,0,,,,,,,,,
1244358,2020/21,2021-01-15,Wankhede Stadium,2,1.1,Puducherry,Andhra,S Karthik,Damodaran Rohit,Ashwin Hebbar,0,0,,,,,,,,,
1244358,2020/21,2021-01-15,Wankhede Stadium,2,1.2,Puducherry,Andhra,S Karthik,Damodaran Rohit,Ashwin Hebbar,1,0,,,,,,,,,
1244358,2020/21,2021-01-15,Wankhede Stadium,2,1.3,Puducherry,Andhra,Damodaran Rohit,S Karthik,Ashwin Hebbar,0,0,,,,,,,,,
1244358,2020/21,2021-01-15,Wankhede Stadium,2,1.4,Puducherry,Andhra,Damodaran Rohit,S Karthik,Ashwin Hebbar,1,0,,,,,,,,,
1244358,2020/21,2021-01-15,Wankhede Stadium,2,1.5,Puducherry,Andhra,S Karthik,Damodaran Rohit,Ashwin Hebbar,4,0,,,,,,,,,
1244358,2020/21,2021-01-15,Wankhede Stadium,2,1.6,Puducherry,Andhra,S Karthik,Damodaran Rohit,Ashwin Hebbar,4,0,,,,,,,,,
1244358,2020/21,2021-01-15,Wankhede Stadium,2,2.1,Puducherry,Andhra,Damodaran Rohit,S Karthik,Cheepurapalli Stephen,0,0,,,,,,,,,
1244358,2020/21,2021-01-15,Wankhede Stadium,2,2.2,Puducherry,Andhra,Damodaran Rohit,S Karthik,Cheepurapalli Stephen,1,0,,,,,,,,,
1244358,2020/21,2021-01-15,Wankhede Stadium,2,2.3,Puducherry,Andhra,S Karthik,Damodaran Rohit,Cheepurapalli Stephen,4,0,,,,,,,,,
1244358,2020/21,2021-01-15,Wankhede Stadium,2,2.4,Puducherry,Andhra,S Karthik,Damodaran Rohit,Cheepurapalli Stephen,0,0,,,,,,,,,
1244358,2020/21,2021-01-15,Wankhede Stadium,2,2.5,Puducherry,Andhra,S Karthik,Damodaran Rohit,Cheepurapalli Stephen,1,0,,,,,,,,,
1244358,2020/21,2021-01-15,Wankhede Stadium,2,2.6,Puducherry,Andhra,Damodaran Rohit,S Karthik,Cheepurapalli Stephen,1,0,,,,,,,,,
1244358,2020/21,2021-01-15,Wankhede Stadium,2,3.1,Puducherry,Andhra,Damodaran Rohit,S Karthik,Harishankar Reddy,4,0,,,,,,,,,
1244358,2020/21,2021-01-15,Wankhede Stadium,2,3.2,Puducherry,Andhra,Damodaran Rohit,S Karthik,Harishankar Reddy,0,0,,,,,,,,,
1244358,2020/21,2021-01-15,Wankhede Stadium,2,3.3,Puducherry,Andhra,Damodaran Rohit,S Karthik,Harishankar Reddy,1,0,,,,,,,,,
1244358,2020/21,2021-01-15,Wankhede Stadium,2,3.4,Puducherry,Andhra,S Karthik,Damodaran Rohit,Harishankar Reddy,1,0,,,,,,,,,
1244358,2020/21,2021-01-15,Wankhede Stadium,2,3.5,Puducherry,Andhra,Damodaran Rohit,S Karthik,Harishankar Reddy,0,0,,,,,,bowled,Damodaran Rohit,,
1244358,2020/21,2021-01-15,Wankhede Stadium,2,3.6,Puducherry,Andhra,SP Jackson,S Karthik,Harishankar Reddy,1,0,,,,,,,,,
1244358,2020/21,2021-01-15,Wankhede Stadium,2,4.1,Puducherry,Andhra,SP Jackson,S Karthik,K V Sasikanth,0,0,,,,,,,,,
1244358,2020/21,2021-01-15,Wankhede Stadium,2,4.2,Puducherry,Andhra,SP Jackson,S Karthik,K V Sasikanth,0,1,1,,,,,,,,
1244358,2020/21,2021-01-15,Wankhede Stadium,2,4.3,Puducherry,Andhra,SP Jackson,S Karthik,K V Sasikanth,4,0,,,,,,,,,
1244358,2020/21,2021-01-15,Wankhede Stadium,2,4.4,Puducherry,Andhra,SP Jackson,S Karthik,K V Sasikanth,1,0,,,,,,,,,
1244358,2020/21,2021-01-15,Wankhede Stadium,2,4.5,Puducherry,Andhra,S Karthik,SP Jackson,K V Sasikanth,0,0,,,,,,,,,
1244358,2020/21,2021-01-15,Wankhede Stadium,2,4.6,Puducherry,Andhra,S Karthik,SP Jackson,K V Sasikanth,0,1,1,,,,,,,,
1244358,2020/21,2021-01-15,Wankhede Stadium,2,4.7,Puducherry,Andhra,S Karthik,SP Jackson,K V Sasikanth,0,1,1,,,,,,,,
1244358,2020/21,2021-01-15,Wankhede Stadium,2,4.8,Puducherry,Andhra,S Karthik,SP Jackson,K V Sasikanth,0,0,,,,,,,,,
1244358,2020/21,2021-01-15,Wankhede Stadium,2,4.9,Puducherry,Andhra,S Karthik,SP Jackson,K V Sasikanth,1,0,,,,,,,,,
1244358,2020/21,2021-01-15,Wankhede Stadium,2,5.1,Puducherry,Andhra,S Karthik,SP Jackson,Harishankar Reddy,4,0,,,,,,,,,
1244358,2020/21,2021-01-15,Wankhede Stadium,2,5.2,Puducherry,Andhra,S Karthik,SP Jackson,Harishankar Reddy,1,0,,,,,,,,,
1244358,2020/21,2021-01-15,Wankhede Stadium,2,5.3,Puducherry,Andhra,SP Jackson,S Karthik,Harishankar Reddy,0,0,,,,,,,,,
1244358,2020/21,2021-01-15,Wankhede Stadium,2,5.4,Puducherry,Andhra,SP Jackson,S Karthik,Harishankar Reddy,1,0,,,,,,,,,
1244358,2020/21,2021-01-15,Wankhede Stadium,2,5.5,Puducherry,Andhra,S Karthik,SP Jackson,Harishankar Reddy,0,1,1,,,,,,,,
1244358,2020/21,2021-01-15,Wankhede Stadium,2,5.6,Puducherry,Andhra,S Karthik,SP Jackson,Harishankar Reddy,0,1,1,,,,,,,,
1244358,2020/21,2021-01-15,Wankhede Stadium,2,5.7,Puducherry,Andhra,S Karthik,SP Jackson,Harishankar Reddy,0,1,1,,,,,,,,
1244358,2020/21,2021-01-15,Wankhede Stadium,2,5.8,Puducherry,Andhra,S Karthik,SP Jackson,Harishankar Reddy,0,0,,,,,,caught,S Karthik,,
1244358,2020/21,2021-01-15,Wankhede Stadium,2,5.9,Puducherry,Andhra,SP Jackson,P Dogra,Harishankar Reddy,0,0,,,,,,,,,
1244358,2020/21,2021-01-15,Wankhede Stadium,2,6.1,Puducherry,Andhra,P Dogra,SP Jackson,K V Sasikanth,0,0,,,,,,,,,
1244358,2020/21,2021-01-15,Wankhede Stadium,2,6.2,Puducherry,Andhra,P Dogra,SP Jackson,K V Sasikanth,1,0,,,,,,,,,
1244358,2020/21,2021-01-15,Wankhede Stadium,2,6.3,Puducherry,Andhra,SP Jackson,P Dogra,K V Sasikanth,1,0,,,,,,,,,
1244358,2020/21,2021-01-15,Wankhede Stadium,2,6.4,Puducherry,Andhra,P Dogra,SP Jackson,K V Sasikanth,6,0,,,,,,,,,
1244358,2020/21,2021-01-15,Wankhede Stadium,2,6.5,Puducherry,Andhra,P Dogra,SP Jackson,K V Sasikanth,0,0,,,,,,,,,
1244358,2020/21,2021-01-15,Wankhede Stadium,2,6.6,Puducherry,Andhra,P Dogra,SP Jackson,K V Sasikanth,2,0,,,,,,,,,
1244358,2020/21,2021-01-15,Wankhede Stadium,2,7.1,Puducherry,Andhra,SP Jackson,P Dogra,Ashwin Hebbar,0,3,3,,,,,,,,
1244358,2020/21,2021-01-15,Wankhede Stadium,2,7.2,Puducherry,Andhra,SP Jackson,P Dogra,Ashwin Hebbar,1,0,,,,,,,,,
1244358,2020/21,2021-01-15,Wankhede Stadium,2,7.3,Puducherry,Andhra,P Dogra,SP Jackson,Ashwin Hebbar,1,0,,,,,,,,,
1244358,2020/21,2021-01-15,Wankhede Stadium,2,7.4,Puducherry,Andhra,SP Jackson,P Dogra,Ashwin Hebbar,1,0,,,,,,,,,
1244358,2020/21,2021-01-15,Wankhede Stadium,2,7.5,Puducherry,Andhra,P Dogra,SP Jackson,Ashwin Hebbar,4,0,,,,,,,,,
1244358,2020/21,2021-01-15,Wankhede Stadium,2,7.6,Puducherry,Andhra,P Dogra,SP Jackson,Ashwin Hebbar,4,0,,,,,,,,,
1244358,2020/21,2021-01-15,Wankhede Stadium,2,7.7,Puducherry,Andhra,P Dogra,SP Jackson,Ashwin Hebbar,6,0,,,,,,,,,
1244358,2020/21,2021-01-15,Wankhede Stadium,2,8.1,Puducherry,Andhra,SP Jackson,P Dogra,SK Ismail,4,0,,,,,,,,,
1244358,2020/21,2021-01-15,Wankhede Stadium,2,8.2,Puducherry,Andhra,SP Jackson,P Dogra,SK Ismail,4,0,,,,,,,,,
1244358,2020/21,2021-01-15,Wankhede Stadium,2,8.3,Puducherry,Andhra,SP Jackson,P Dogra,SK Ismail,4,0,,,,,,,,,
1244358,2020/21,2021-01-15,Wankhede Stadium,2,8.4,Puducherry,Andhra,SP Jackson,P Dogra,SK Ismail,1,0,,,,,,,,,
1244358,2020/21,2021-01-15,Wankhede Stadium,2,8.5,Puducherry,Andhra,P Dogra,SP Jackson,SK Ismail,1,0,,,,,,,,,
1244358,2020/21,2021-01-15,Wankhede Stadium,2,8.6,Puducherry,Andhra,SP Jackson,P Dogra,SK Ismail,1,0,,,,,,,,,
1244358,2020/21,2021-01-15,Wankhede Stadium,2,9.1,Puducherry,Andhra,SP Jackson,P Dogra,Ashwin Hebbar,6,0,,,,,,,,,
1244358,2020/21,2021-01-15,Wankhede Stadium,2,9.2,Puducherry,Andhra,SP Jackson,P Dogra,Ashwin Hebbar,1,0,,,,,,,,,
1244358,2020/21,2021-01-15,Wankhede Stadium,2,9.3,Puducherry,Andhra,P Dogra,SP Jackson,Ashwin Hebbar,6,0,,,,,,,,,
1244358,2020/21,2021-01-15,Wankhede Stadium,2,9.4,Puducherry,Andhra,P Dogra,SP Jackson,Ashwin Hebbar,6,0,,,,,,,,,
1244358,2020/21,2021-01-15,Wankhede Stadium,2,9.5,Puducherry,Andhra,P Dogra,SP Jackson,Ashwin Hebbar,0,0,,,,,,,,,
1244358,2020/21,2021-01-15,Wankhede Stadium,2,9.6,Puducherry,Andhra,P Dogra,SP Jackson,Ashwin Hebbar,6,0,,,,,,,,,
1244358,2020/21,2021-01-15,Wankhede Stadium,2,10.1,Puducherry,Andhra,SP Jackson,P Dogra,SK Ismail,0,1,1,,,,,,,,
1244358,2020/21,2021-01-15,Wankhede Stadium,2,10.2,Puducherry,Andhra,SP Jackson,P Dogra,SK Ismail,6,0,,,,,,,,,
1244358,2020/21,2021-01-15,Wankhede Stadium,2,10.3,Puducherry,Andhra,SP Jackson,P Dogra,SK Ismail,0,0,,,,,,,,,
1244358,2020/21,2021-01-15,Wankhede Stadium,2,10.4,Puducherry,Andhra,SP Jackson,P Dogra,SK Ismail,1,0,,,,,,,,,
1244358,2020/21,2021-01-15,Wankhede Stadium,2,10.5,Puducherry,Andhra,P Dogra,SP Jackson,SK Ismail,1,0,,,,,,,,,
1244358,2020/21,2021-01-15,Wankhede Stadium,2,10.6,Puducherry,Andhra,SP Jackson,P Dogra,SK Ismail,2,0,,,,,,,,,
1244358,2020/21,2021-01-15,Wankhede Stadium,2,10.7,Puducherry,Andhra,SP Jackson,P Dogra,SK Ismail,1,0,,,,,,,,,
1244358,2020/21,2021-01-15,Wankhede Stadium,2,11.1,Puducherry,Andhra,SP Jackson,P Dogra,K V Sasikanth,2,0,,,,,,,,,
1244358,2020/21,2021-01-15,Wankhede Stadium,2,11.2,Puducherry,Andhra,SP Jackson,P Dogra,K V Sasikanth,1,0,,,,,,,,,
1244358,2020/21,2021-01-15,Wankhede Stadium,2,11.3,Puducherry,Andhra,P Dogra,SP Jackson,K V Sasikanth,1,0,,,,,,,,,
1244358,2020/21,2021-01-15,Wankhede Stadium,2,11.4,Puducherry,Andhra,SP Jackson,P Dogra,K V Sasikanth,4,0,,,,,,,,,
1244358,2020/21,2021-01-15,Wankhede Stadium,2,11.5,Puducherry,Andhra,SP Jackson,P Dogra,K V Sasikanth,1,0,,,,,,,,,
1244358,2020/21,2021-01-15,Wankhede Stadium,2,11.6,Puducherry,Andhra,P Dogra,SP Jackson,K V Sasikanth,6,0,,,,,,,,,
1244358,2020/21,2021-01-15,Wankhede Stadium,2,12.1,Puducherry,Andhra,SP Jackson,P Dogra,Chintapalli Kranthi Kumar,0,0,,,,,,,,,
1244358,2020/21,2021-01-15,Wankhede Stadium,2,12.2,Puducherry,Andhra,SP Jackson,P Dogra,Chintapalli Kranthi Kumar,1,0,,,,,,,,,
1244358,2020/21,2021-01-15,Wankhede Stadium,2,12.3,Puducherry,Andhra,P Dogra,SP Jackson,Chintapalli Kranthi Kumar,0,0,,,,,,caught,P Dogra,,
1244358,2020/21,2021-01-15,Wankhede Stadium,2,12.4,Puducherry,Andhra,SP Jackson,Fabid Ahmed,Chintapalli Kranthi Kumar,1,0,,,,,,,,,
1244358,2020/21,2021-01-15,Wankhede Stadium,2,12.5,Puducherry,Andhra,Fabid Ahmed,SP Jackson,Chintapalli Kranthi Kumar,1,0,,,,,,,,,
1244358,2020/21,2021-01-15,Wankhede Stadium,2,12.6,Puducherry,Andhra,SP Jackson,Fabid Ahmed,Chintapalli Kranthi Kumar,6,1,,1,,,,,,,
1244358,2020/21,2021-01-15,Wankhede Stadium,2,12.7,Puducherry,Andhra,SP Jackson,Fabid Ahmed,Chintapalli Kranthi Kumar,6,0,,,,,,,,,
1244358,2020/21,2021-01-15,Wankhede Stadium,2,13.1,Puducherry,Andhra,Fabid Ahmed,SP Jackson,SK Ismail,2,0,,,,,,,,,
1244358,2020/21,2021-01-15,Wankhede Stadium,2,13.2,Puducherry,Andhra,Fabid Ahmed,SP Jackson,SK Ismail,1,0,,,,,,,,,
1244358,2020/21,2021-01-15,Wankhede Stadium,2,13.3,Puducherry,Andhra,SP Jackson,Fabid Ahmed,SK Ismail,6,0,,,,,,,,,
1244358,2020/21,2021-01-15,Wankhede Stadium,2,13.4,Puducherry,Andhra,SP Jackson,Fabid Ahmed,SK Ismail,1,0,,,,,,,,,
1244358,2020/21,2021-01-15,Wankhede Stadium,2,13.5,Puducherry,Andhra,Fabid Ahmed,SP Jackson,SK Ismail,1,0,,,,,,,,,
1244358,2020/21,2021-01-15,Wankhede Stadium,2,13.6,Puducherry,Andhra,SP Jackson,Fabid Ahmed,SK Ismail,1,0,,,,,,,,,
1244358,2020/21,2021-01-15,Wankhede Stadium,2,14.1,Puducherry,Andhra,SP Jackson,Fabid Ahmed,Harishankar Reddy,6,0,,,,,,,,,
1244358,2020/21,2021-01-15,Wankhede Stadium,2,14.2,Puducherry,Andhra,SP Jackson,Fabid Ahmed,Harishankar Reddy,1,0,,,,,,,,,
1244358,2020/21,2021-01-15,Wankhede Stadium,2,14.3,Puducherry,Andhra,Fabid Ahmed,SP Jackson,Harishankar Reddy,4,0,,,,,,,,,
1244358,2020/21,2021-01-15,Wankhede Stadium,2,14.4,Puducherry,Andhra,Fabid Ahmed,SP Jackson,Harishankar Reddy,0,0,,,,,,caught,Fabid Ahmed,,
1244358,2020/21,2021-01-15,Wankhede Stadium,2,14.5,Puducherry,Andhra,SP Jackson,Marimuthu Vikneshwaran,Harishankar Reddy,1,0,,,,,,,,,
1244358,2020/21,2021-01-15,Wankhede Stadium,2,14.6,Puducherry,Andhra,Marimuthu Vikneshwaran,SP Jackson,Harishankar Reddy,1,0,,,,,,,,,
1244358,2020/21,2021-01-15,Wankhede Stadium,2,15.1,Puducherry,Andhra,Marimuthu Vikneshwaran,SP Jackson,Cheepurapalli Stephen,1,0,,,,,,,,,
1244358,2020/21,2021-01-15,Wankhede Stadium,2,15.2,Puducherry,Andhra,SP Jackson,Marimuthu Vikneshwaran,Cheepurapalli Stephen,1,0,,,,,,,,,
1244358,2020/21,2021-01-15,Wankhede Stadium,2,15.3,Puducherry,Andhra,Marimuthu Vikneshwaran,SP Jackson,Cheepurapalli Stephen,0,0,,,,,,,,,
1244358,2020/21,2021-01-15,Wankhede Stadium,2,15.4,Puducherry,Andhra,Marimuthu Vikneshwaran,SP Jackson,Cheepurapalli Stephen,0,0,,,,,,caught,Marimuthu Vikneshwaran,,
1244358,2020/21,2021-01-15,Wankhede Stadium,2,15.5,Puducherry,Andhra,Sagar Trivedi,SP Jackson,Cheepurapalli Stephen,1,0,,,,,,,,,
1244358,2020/21,2021-01-15,Wankhede Stadium,2,15.6,Puducherry,Andhra,SP Jackson,Sagar Trivedi,Cheepurapalli Stephen,1,0,,,,,,,,,
1244358,2020/21,2021-01-15,Wankhede Stadium,2,16.1,Puducherry,Andhra,SP Jackson,Sagar Trivedi,Harishankar Reddy,2,0,,,,,,,,,
1244358,2020/21,2021-01-15,Wankhede Stadium,2,16.2,Puducherry,Andhra,SP Jackson,Sagar Trivedi,Harishankar Reddy,1,0,,,,,,,,,
1244358,2020/21,2021-01-15,Wankhede Stadium,2,16.3,Puducherry,Andhra,Sagar Trivedi,SP Jackson,Harishankar Reddy,2,0,,,,,,,,,
1244358,2020/21,2021-01-15,Wankhede Stadium,2,16.4,Puducherry,Andhra,Sagar Trivedi,SP Jackson,Harishankar Reddy,0,0,,,,,,,,,
1244358,2020/21,2021-01-15,Wankhede Stadium,2,16.5,Puducherry,Andhra,Sagar Trivedi,SP Jackson,Harishankar Reddy,1,0,,,,,,,,,
1244358,2020/21,2021-01-15,Wankhede Stadium,2,16.6,Puducherry,Andhra,SP Jackson,Sagar Trivedi,Harishankar Reddy,0,0,,,,,,,,,
1244358,2020/21,2021-01-15,Wankhede Stadium,2,17.1,Puducherry,Andhra,Sagar Trivedi,SP Jackson,Cheepurapalli Stephen,0,0,,,,,,bowled,Sagar Trivedi,,
1244358,2020/21,2021-01-15,Wankhede Stadium,2,17.2,Puducherry,Andhra,Ashith Rajiv,SP Jackson,Cheepurapalli Stephen,1,0,,,,,,,,,
1244358,2020/21,2021-01-15,Wankhede Stadium,2,17.3,Puducherry,Andhra,SP Jackson,Ashith Rajiv,Cheepurapalli Stephen,0,0,,,,,,,,,
1244358,2020/21,2021-01-15,Wankhede Stadium,2,17.4,Puducherry,Andhra,SP Jackson,Ashith Rajiv,Cheepurapalli Stephen,0,0,,,,,,,,,
1244358,2020/21,2021-01-15,Wankhede Stadium,2,17.5,Puducherry,Andhra,SP Jackson,Ashith Rajiv,Cheepurapalli Stephen,4,0,,,,,,,,,
1244358,2020/21,2021-01-15,Wankhede Stadium,2,17.6,Puducherry,Andhra,SP Jackson,Ashith Rajiv,Cheepurapalli Stephen,6,0,,,,,,,,,
1244358,2020/21,2021-01-15,Wankhede Stadium,2,18.1,Puducherry,Andhra,Ashith Rajiv,SP Jackson,K V Sasikanth,1,0,,,,,,,,,
1244358,2020/21,2021-01-15,Wankhede Stadium,2,18.2,Puducherry,Andhra,SP Jackson,Ashith Rajiv,K V Sasikanth,0,1,1,,,,,,,,
1244358,2020/21,2021-01-15,Wankhede Stadium,2,18.3,Puducherry,Andhra,SP Jackson,Ashith Rajiv,K V Sasikanth,1,0,,,,,,,,,
1244358,2020/21,2021-01-15,Wankhede Stadium,2,18.4,Puducherry,Andhra,Ashith Rajiv,SP Jackson,K V Sasikanth,4,0,,,,,,,,,
1244358,2020/21,2021-01-15,Wankhede Stadium,2,18.5,Puducherry,Andhra,Ashith Rajiv,SP Jackson,K V Sasikanth,4,0,,,,,,,,,
1244358,2020/21,2021-01-15,Wankhede Stadium,2,18.6,Puducherry,Andhra,Ashith Rajiv,SP Jackson,K V Sasikanth,1,0,,,,,,,,,
1244358,2020/21,2021-01-15,Wankhede Stadium,2,18.7,Puducherry,Andhra,SP Jackson,Ashith Rajiv,K V Sasikanth,1,0,,,,,,,,,
1244358,2020/21,2021-01-15,Wankhede Stadium,2,19.1,Puducherry,Andhra,SP Jackson,Ashith Rajiv,SK Ismail,6,0,,,,,,,,,
1244358,2020/21,2021-01-15,Wankhede Stadium,2,19.2,Puducherry,Andhra,SP Jackson,Ashith Rajiv,SK Ismail,4,0,,,,,,,,,
