match_id,season,start_date,venue,innings,ball,batting_team,bowling_team,striker,non_striker,bowler,runs_off_bat,extras,wides,noballs,byes,legbyes,penalty,wicket_type,player_dismissed,other_wicket_type,other_player_dismissed
1244325,2020/21,2021-01-12,Alur Cricket Stadium,1,0.1,Karnataka,Punjab,D Padikkal,KK Nair,Sandeep Sharma,0,0,,,,,,,,,
1244325,2020/21,2021-01-12,Alur Cricket Stadium,1,0.2,Karnataka,Punjab,D Padikkal,KK Nair,Sandeep Sharma,1,0,,,,,,,,,
1244325,2020/21,2021-01-12,Alur Cricket Stadium,1,0.3,Karnataka,Punjab,KK Nair,D Padikkal,Sandeep Sharma,0,0,,,,,,,,,
1244325,2020/21,2021-01-12,Alur Cricket Stadium,1,0.4,Karnataka,Punjab,KK Nair,D Padikkal,Sandeep Sharma,0,0,,,,,,,,,
1244325,2020/21,2021-01-12,Alur Cricket Stadium,1,0.5,Karnataka,Punjab,KK Nair,D Padikkal,Sandeep Sharma,1,0,,,,,,,,,
1244325,2020/21,2021-01-12,Alur Cricket Stadium,1,0.6,Karnataka,Punjab,D Padikkal,KK Nair,Sandeep Sharma,0,1,1,,,,,,,,
1244325,2020/21,2021-01-12,Alur Cricket Stadium,1,0.7,Karnataka,Punjab,D Padikkal,KK Nair,Sandeep Sharma,0,0,,,,,,,,,
1244325,2020/21,2021-01-12,Alur Cricket Stadium,1,1.1,Karnataka,Punjab,KK Nair,D Padikkal,S Kaul,4,0,,,,,,,,,
1244325,2020/21,2021-01-12,Alur Cricket Stadium,1,1.2,Karnataka,Punjab,KK Nair,D Padikkal,S Kaul,4,0,,,,,,,,,
1244325,2020/21,2021-01-12,Alur Cricket Stadium,1,1.3,Karnataka,Punjab,KK Nair,D Padikkal,S Kaul,0,0,,,,,,,,,
1244325,2020/21,2021-01-12,Alur Cricket Stadium,1,1.4,Karnataka,Punjab,KK Nair,D Padikkal,S Kaul,4,0,,,,,,,,,
1244325,2020/21,2021-01-12,Alur Cricket Stadium,1,1.5,Karnataka,Punjab,KK Nair,D Padikkal,S Kaul,0,0,,,,,,,,,
1244325,2020/21,2021-01-12,Alur Cricket Stadium,1,1.6,Karnataka,Punjab,KK Nair,D Padikkal,S Kaul,0,0,,,,,,caught,KK Nair,,
1244325,2020/21,2021-01-12,Alur Cricket Stadium,1,2.1,Karnataka,Punjab,D Padikkal,K Gowtham,Sandeep Sharma,0,0,,,,,,,,,
1244325,2020/21,2021-01-12,Alur Cricket Stadium,1,2.2,Karnataka,Punjab,D Padikkal,K Gowtham,Sandeep Sharma,0,0,,,,,,,,,
1244325,2020/21,2021-01-12,Alur Cricket Stadium,1,2.3,Karnataka,Punjab,D Padikkal,K Gowtham,Sandeep Sharma,4,0,,,,,,,,,
1244325,2020/21,2021-01-12,Alur Cricket Stadium,1,2.4,Karnataka,Punjab,D Padikkal,K Gowtham,Sandeep Sharma,0,0,,,,,,,,,
1244325,2020/21,2021-01-12,Alur Cricket Stadium,1,2.5,Karnataka,Punjab,D Padikkal,K Gowtham,Sandeep Sharma,1,0,,,,,,,,,
1244325,2020/21,2021-01-12,Alur Cricket Stadium,1,2.6,Karnataka,Punjab,K Gowtham,D Padikkal,Sandeep Sharma,0,0,,,,,,,,,
1244325,2020/21,2021-01-12,Alur Cricket Stadium,1,3.1,Karnataka,Punjab,D Padikkal,K Gowtham,Arshdeep Singh,0,0,,,,,,,,,
1244325,2020/21,2021-01-12,Alur Cricket Stadium,1,3.2,Karnataka,Punjab,D Padikkal,K Gowtham,Arshdeep Singh,0,0,,,,,,,,,
1244325,2020/21,2021-01-12,Alur Cricket Stadium,1,3.3,Karnataka,Punjab,D Padikkal,K Gowtham,Arshdeep Singh,6,0,,,,,,,,,
1244325,2020/21,2021-01-12,Alur Cricket Stadium,1,3.4,Karnataka,Punjab,D Padikkal,K Gowtham,Arshdeep Singh,1,0,,,,,,,,,
1244325,2020/21,2021-01-12,Alur Cricket Stadium,1,3.5,Karnataka,Punjab,K Gowtham,D Padikkal,Arshdeep Singh,0,0,,,,,,,,,
1244325,2020/21,2021-01-12,Alur Cricket Stadium,1,3.6,Karnataka,Punjab,K Gowtham,D Padikkal,Arshdeep Singh,1,0,,,,,,,,,
1244325,2020/21,2021-01-12,Alur Cricket Stadium,1,4.1,Karnataka,Punjab,K Gowtham,D Padikkal,S Kaul,1,0,,,,,,,,,
1244325,2020/21,2021-01-12,Alur Cricket Stadium,1,4.2,Karnataka,Punjab,D Padikkal,K Gowtham,S Kaul,4,0,,,,,,,,,
1244325,2020/21,2021-01-12,Alur Cricket Stadium,1,4.3,Karnataka,Punjab,D Padikkal,K Gowtham,S Kaul,1,0,,,,,,,,,
1244325,2020/21,2021-01-12,Alur Cricket Stadium,1,4.4,Karnataka,Punjab,K Gowtham,D Padikkal,S Kaul,1,0,,,,,,,,,
1244325,2020/21,2021-01-12,Alur Cricket Stadium,1,4.5,Karnataka,Punjab,D Padikkal,K Gowtham,S Kaul,0,0,,,,,,,,,
1244325,2020/21,2021-01-12,Alur Cricket Stadium,1,4.6,Karnataka,Punjab,D Padikkal,K Gowtham,S Kaul,1,0,,,,,,,,,
1244325,2020/21,2021-01-12,Alur Cricket Stadium,1,5.1,Karnataka,Punjab,D Padikkal,K Gowtham,Arshdeep Singh,0,0,,,,,,caught,D Padikkal,,
1244325,2020/21,2021-01-12,Alur Cricket Stadium,1,5.2,Karnataka,Punjab,Rohan Kadam,K Gowtham,Arshdeep Singh,0,0,,,,,,,,,
1244325,2020/21,2021-01-12,Alur Cricket Stadium,1,5.3,Karnataka,Punjab,Rohan Kadam,K Gowtham,Arshdeep Singh,1,0,,,,,,,,,
1244325,2020/21,2021-01-12,Alur Cricket Stadium,1,5.4,Karnataka,Punjab,K Gowtham,Rohan Kadam,Arshdeep Singh,0,0,,,,,,,,,
1244325,2020/21,2021-01-12,Alur Cricket Stadium,1,5.5,Karnataka,Punjab,K Gowtham,Rohan Kadam,Arshdeep Singh,1,0,,,,,,,,,
1244325,2020/21,2021-01-12,Alur Cricket Stadium,1,5.6,Karnataka,Punjab,Rohan Kadam,K Gowtham,Arshdeep Singh,1,0,,,,,,,,,
1244325,2020/21,2021-01-12,Alur Cricket Stadium,1,6.1,Karnataka,Punjab,Rohan Kadam,K Gowtham,Sandeep Sharma,0,0,,,,,,,,,
1244325,2020/21,2021-01-12,Alur Cricket Stadium,1,6.2,Karnataka,Punjab,Rohan Kadam,K Gowtham,Sandeep Sharma,1,0,,,,,,,,,
1244325,2020/21,2021-01-12,Alur Cricket Stadium,1,6.3,Karnataka,Punjab,K Gowtham,Rohan Kadam,Sandeep Sharma,1,0,,,,,,,,,
1244325,2020/21,2021-01-12,Alur Cricket Stadium,1,6.4,Karnataka,Punjab,Rohan Kadam,K Gowtham,Sandeep Sharma,0,0,,,,,,,,,
1244325,2020/21,2021-01-12,Alur Cricket Stadium,1,6.5,Karnataka,Punjab,Rohan Kadam,K Gowtham,Sandeep Sharma,1,0,,,,,,,,,
1244325,2020/21,2021-01-12,Alur Cricket Stadium,1,6.6,Karnataka,Punjab,K Gowtham,Rohan Kadam,Sandeep Sharma,1,0,,,,,,,,,
1244325,2020/21,2021-01-12,Alur Cricket Stadium,1,7.1,Karnataka,Punjab,K Gowtham,Rohan Kadam,Ramandeep Singh,1,0,,,,,,,,,
1244325,2020/21,2021-01-12,Alur Cricket Stadium,1,7.2,Karnataka,Punjab,Rohan Kadam,K Gowtham,Ramandeep Singh,4,0,,,,,,,,,
1244325,2020/21,2021-01-12,Alur Cricket Stadium,1,7.3,Karnataka,Punjab,Rohan Kadam,K Gowtham,Ramandeep Singh,1,0,,,,,,,,,
1244325,2020/21,2021-01-12,Alur Cricket Stadium,1,7.4,Karnataka,Punjab,K Gowtham,Rohan Kadam,Ramandeep Singh,2,0,,,,,,,,,
1244325,2020/21,2021-01-12,Alur Cricket Stadium,1,7.5,Karnataka,Punjab,K Gowtham,Rohan Kadam,Ramandeep Singh,4,0,,,,,,,,,
1244325,2020/21,2021-01-12,Alur Cricket Stadium,1,7.6,Karnataka,Punjab,K Gowtham,Rohan Kadam,Ramandeep Singh,0,0,,,,,,bowled,K Gowtham,,
1244325,2020/21,2021-01-12,Alur Cricket Stadium,1,8.1,Karnataka,Punjab,Rohan Kadam,Pavan Deshpande,Harpreet Brar,0,0,,,,,,,,,
1244325,2020/21,2021-01-12,Alur Cricket Stadium,1,8.2,Karnataka,Punjab,Rohan Kadam,Pavan Deshpande,Harpreet Brar,1,0,,,,,,,,,
1244325,2020/21,2021-01-12,Alur Cricket Stadium,1,8.3,Karnataka,Punjab,Pavan Deshpande,Rohan Kadam,Harpreet Brar,1,0,,,,,,,,,
1244325,2020/21,2021-01-12,Alur Cricket Stadium,1,8.4,Karnataka,Punjab,Rohan Kadam,Pavan Deshpande,Harpreet Brar,1,0,,,,,,,,,
1244325,2020/21,2021-01-12,Alur Cricket Stadium,1,8.5,Karnataka,Punjab,Pavan Deshpande,Rohan Kadam,Harpreet Brar,0,0,,,,,,,,,
1244325,2020/21,2021-01-12,Alur Cricket Stadium,1,8.6,Karnataka,Punjab,Pavan Deshpande,Rohan Kadam,Harpreet Brar,1,0,,,,,,,,,
1244325,2020/21,2021-01-12,Alur Cricket Stadium,1,9.1,Karnataka,Punjab,Pavan Deshpande,Rohan Kadam,Ramandeep Singh,1,0,,,,,,,,,
1244325,2020/21,2021-01-12,Alur Cricket Stadium,1,9.2,Karnataka,Punjab,Rohan Kadam,Pavan Deshpande,Ramandeep Singh,1,0,,,,,,,,,
1244325,2020/21,2021-01-12,Alur Cricket Stadium,1,9.3,Karnataka,Punjab,Pavan Deshpande,Rohan Kadam,Ramandeep Singh,0,0,,,,,,,,,
1244325,2020/21,2021-01-12,Alur Cricket Stadium,1,9.4,Karnataka,Punjab,Pavan Deshpande,Rohan Kadam,Ramandeep Singh,1,0,,,,,,,,,
1244325,2020/21,2021-01-12,Alur Cricket Stadium,1,9.5,Karnataka,Punjab,Rohan Kadam,Pavan Deshpande,Ramandeep Singh,1,0,,,,,,,,,
1244325,2020/21,2021-01-12,Alur Cricket Stadium,1,9.6,Karnataka,Punjab,Pavan Deshpande,Rohan Kadam,Ramandeep Singh,1,0,,,,,,,,,
1244325,2020/21,2021-01-12,Alur Cricket Stadium,1,10.1,Karnataka,Punjab,Pavan Deshpande,Rohan Kadam,Harpreet Brar,1,0,,,,,,,,,
1244325,2020/21,2021-01-12,Alur Cricket Stadium,1,10.2,Karnataka,Punjab,Rohan Kadam,Pavan Deshpande,Harpreet Brar,0,0,,,,,,,,,
1244325,2020/21,2021-01-12,Alur Cricket Stadium,1,10.3,Karnataka,Punjab,Rohan Kadam,Pavan Deshpande,Harpreet Brar,1,0,,,,,,,,,
1244325,2020/21,2021-01-12,Alur Cricket Stadium,1,10.4,Karnataka,Punjab,Pavan Deshpande,Rohan Kadam,Harpreet Brar,1,0,,,,,,,,,
1244325,2020/21,2021-01-12,Alur Cricket Stadium,1,10.5,Karnataka,Punjab,Rohan Kadam,Pavan Deshpande,Harpreet Brar,1,0,,,,,,,,,
1244325,2020/21,2021-01-12,Alur Cricket Stadium,1,10.6,Karnataka,Punjab,Pavan Deshpande,Rohan Kadam,Harpreet Brar,0,0,,,,,,,,,
1244325,2020/21,2021-01-12,Alur Cricket Stadium,1,11.1,Karnataka,Punjab,Rohan Kadam,Pavan Deshpande,Ramandeep Singh,0,0,,,,,,,,,
1244325,2020/21,2021-01-12,Alur Cricket Stadium,1,11.2,Karnataka,Punjab,Rohan Kadam,Pavan Deshpande,Ramandeep Singh,0,0,,,,,,,,,
1244325,2020/21,2021-01-12,Alur Cricket Stadium,1,11.3,Karnataka,Punjab,Rohan Kadam,Pavan Deshpande,Ramandeep Singh,4,0,,,,,,,,,
1244325,2020/21,2021-01-12,Alur Cricket Stadium,1,11.4,Karnataka,Punjab,Rohan Kadam,Pavan Deshpande,Ramandeep Singh,1,0,,,,,,,,,
1244325,2020/21,2021-01-12,Alur Cricket Stadium,1,11.5,Karnataka,Punjab,Pavan Deshpande,Rohan Kadam,Ramandeep Singh,1,0,,,,,,,,,
1244325,2020/21,2021-01-12,Alur Cricket Stadium,1,11.6,Karnataka,Punjab,Rohan Kadam,Pavan Deshpande,Ramandeep Singh,2,0,,,,,,,,,
1244325,2020/21,2021-01-12,Alur Cricket Stadium,1,12.1,Karnataka,Punjab,Pavan Deshpande,Rohan Kadam,M Markande,1,0,,,,,,,,,
1244325,2020/21,2021-01-12,Alur Cricket Stadium,1,12.2,Karnataka,Punjab,Rohan Kadam,Pavan Deshpande,M Markande,1,0,,,,,,,,,
1244325,2020/21,2021-01-12,Alur Cricket Stadium,1,12.3,Karnataka,Punjab,Pavan Deshpande,Rohan Kadam,M Markande,6,0,,,,,,,,,
1244325,2020/21,2021-01-12,Alur Cricket Stadium,1,12.4,Karnataka,Punjab,Pavan Deshpande,Rohan Kadam,M Markande,1,0,,,,,,,,,
1244325,2020/21,2021-01-12,Alur Cricket Stadium,1,12.5,Karnataka,Punjab,Rohan Kadam,Pavan Deshpande,M Markande,0,0,,,,,,,,,
1244325,2020/21,2021-01-12,Alur Cricket Stadium,1,12.6,Karnataka,Punjab,Rohan Kadam,Pavan Deshpande,M Markande,4,0,,,,,,,,,
1244325,2020/21,2021-01-12,Alur Cricket Stadium,1,13.1,Karnataka,Punjab,Pavan Deshpande,Rohan Kadam,Gurkeerat Singh,0,0,,,,,,caught,Pavan Deshpande,,
1244325,2020/21,2021-01-12,Alur Cricket Stadium,1,13.2,Karnataka,Punjab,Rohan Kadam,Aniruddha Joshi,Gurkeerat Singh,1,0,,,,,,,,,
1244325,2020/21,2021-01-12,Alur Cricket Stadium,1,13.3,Karnataka,Punjab,Aniruddha Joshi,Rohan Kadam,Gurkeerat Singh,1,0,,,,,,,,,
1244325,2020/21,2021-01-12,Alur Cricket Stadium,1,13.4,Karnataka,Punjab,Rohan Kadam,Aniruddha Joshi,Gurkeerat Singh,1,0,,,,,,,,,
1244325,2020/21,2021-01-12,Alur Cricket Stadium,1,13.5,Karnataka,Punjab,Aniruddha Joshi,Rohan Kadam,Gurkeerat Singh,1,0,,,,,,,,,
1244325,2020/21,2021-01-12,Alur Cricket Stadium,1,13.6,Karnataka,Punjab,Rohan Kadam,Aniruddha Joshi,Gurkeerat Singh,1,0,,,,,,,,,
1244325,2020/21,2021-01-12,Alur Cricket Stadium,1,14.1,Karnataka,Punjab,Rohan Kadam,Aniruddha Joshi,M Markande,0,1,,,,1,,,,,
1244325,2020/21,2021-01-12,Alur Cricket Stadium,1,14.2,Karnataka,Punjab,Aniruddha Joshi,Rohan Kadam,M Markande,0,0,,,,,,,,,
1244325,2020/21,2021-01-12,Alur Cricket Stadium,1,14.3,Karnataka,Punjab,Aniruddha Joshi,Rohan Kadam,M Markande,0,0,,,,,,,,,
1244325,2020/21,2021-01-12,Alur Cricket Stadium,1,14.4,Karnataka,Punjab,Aniruddha Joshi,Rohan Kadam,M Markande,1,0,,,,,,,,,
1244325,2020/21,2021-01-12,Alur Cricket Stadium,1,14.5,Karnataka,Punjab,Rohan Kadam,Aniruddha Joshi,M Markande,0,1,,,1,,,,,,
1244325,2020/21,2021-01-12,Alur Cricket Stadium,1,14.6,Karnataka,Punjab,Aniruddha Joshi,Rohan Kadam,M Markande,1,0,,,,,,,,,
1244325,2020/21,2021-01-12,Alur Cricket Stadium,1,15.1,Karnataka,Punjab,Aniruddha Joshi,Rohan Kadam,Arshdeep Singh,0,1,,,,1,,,,,
1244325,2020/21,2021-01-12,Alur Cricket Stadium,1,15.2,Karnataka,Punjab,Rohan Kadam,Aniruddha Joshi,Arshdeep Singh,1,0,,,,,,,,,
1244325,2020/21,2021-01-12,Alur Cricket Stadium,1,15.3,Karnataka,Punjab,Aniruddha Joshi,Rohan Kadam,Arshdeep Singh,1,0,,,,,,,,,
1244325,2020/21,2021-01-12,Alur Cricket Stadium,1,15.4,Karnataka,Punjab,Rohan Kadam,Aniruddha Joshi,Arshdeep Singh,1,0,,,,,,,,,
1244325,2020/21,2021-01-12,Alur Cricket Stadium,1,15.5,Karnataka,Punjab,Aniruddha Joshi,Rohan Kadam,Arshdeep Singh,0,0,,,,,,,,,
1244325,2020/21,2021-01-12,Alur Cricket Stadium,1,15.6,Karnataka,Punjab,Aniruddha Joshi,Rohan Kadam,Arshdeep Singh,1,0,,,,,,,,,
1244325,2020/21,2021-01-12,Alur Cricket Stadium,1,16.1,Karnataka,Punjab,Aniruddha Joshi,Rohan Kadam,S Kaul,0,0,,,,,,,,,
1244325,2020/21,2021-01-12,Alur Cricket Stadium,1,16.2,Karnataka,Punjab,Aniruddha Joshi,Rohan Kadam,S Kaul,1,0,,,,,,,,,
1244325,2020/21,2021-01-12,Alur Cricket Stadium,1,16.3,Karnataka,Punjab,Rohan Kadam,Aniruddha Joshi,S Kaul,0,0,,,,,,caught,Rohan Kadam,,
1244325,2020/21,2021-01-12,Alur Cricket Stadium,1,16.4,Karnataka,Punjab,Aniruddha Joshi,K L Shrijith,S Kaul,0,0,,,,,,bowled,Aniruddha Joshi,,
1244325,2020/21,2021-01-12,Alur Cricket Stadium,1,16.5,Karnataka,Punjab,A Mithun,K L Shrijith,S Kaul,0,0,,,,,,caught,A Mithun,,
1244325,2020/21,2021-01-12,Alur Cricket Stadium,1,16.6,Karnataka,Punjab,J Suchith,K L Shrijith,S Kaul,0,0,,,,,,,,,
1244325,2020/21,2021-01-12,Alur Cricket Stadium,1,17.1,Karnataka,Punjab,K L Shrijith,J Suchith,Arshdeep Singh,0,0,,,,,,,,,
1244325,2020/21,2021-01-12,Alur Cricket Stadium,1,17.2,Karnataka,Punjab,K L Shrijith,J Suchith,Arshdeep Singh,0,0,,,,,,lbw,K L Shrijith,,
1244325,2020/21,2021-01-12,Alur Cricket Stadium,1,17.3,Karnataka,Punjab,RG More,J Suchith,Arshdeep Singh,1,0,,,,,,,,,
1244325,2020/21,2021-01-12,Alur Cricket Stadium,1,17.4,Karnataka,Punjab,J Suchith,RG More,Arshdeep Singh,0,0,,,,,,,,,
1244325,2020/21,2021-01-12,Alur Cricket Stadium,1,17.5,Karnataka,Punjab,J Suchith,RG More,Arshdeep Singh,0,1,1,,,,,,,,
1244325,2020/21,2021-01-12,Alur Cricket Stadium,1,17.6,Karnataka,Punjab,J Suchith,RG More,Arshdeep Singh,0,0,,,,,,,,,
1244325,2020/21,2021-01-12,Alur Cricket Stadium,1,17.7,Karnataka,Punjab,J Suchith,RG More,Arshdeep Singh,1,0,,,,,,,,,
1244325,2020/21,2021-01-12,Alur Cricket Stadium,1,18.1,Karnataka,Punjab,J Suchith,RG More,S Kaul,2,0,,,,,,,,,
1244325,2020/21,2021-01-12,Alur Cricket Stadium,1,18.2,Karnataka,Punjab,J Suchith,RG More,S Kaul,1,0,,,,,,,,,
1244325,2020/21,2021-01-12,Alur Cricket Stadium,1,18.3,Karnataka,Punjab,RG More,J Suchith,S Kaul,0,0,,,,,,,,,
1244325,2020/21,2021-01-12,Alur Cricket Stadium,1,18.4,Karnataka,Punjab,RG More,J Suchith,S Kaul,1,0,,,,,,,,,
1244325,2020/21,2021-01-12,Alur Cricket Stadium,1,18.5,Karnataka,Punjab,J Suchith,RG More,S Kaul,1,0,,,,,,,,,
1244325,2020/21,2021-01-12,Alur Cricket Stadium,1,18.6,Karnataka,Punjab,RG More,J Suchith,S Kaul,0,0,,,,,,,,,
1244325,2020/21,2021-01-12,Alur Cricket Stadium,1,19.1,Karnataka,Punjab,J Suchith,RG More,Sandeep Sharma,1,0,,,,,,,,,
1244325,2020/21,2021-01-12,Alur Cricket Stadium,1,19.2,Karnataka,Punjab,RG More,J Suchith,Sandeep Sharma,1,0,,,,,,,,,
1244325,2020/21,2021-01-12,Alur Cricket Stadium,1,19.3,Karnataka,Punjab,J Suchith,RG More,Sandeep Sharma,2,0,,,,,,,,,
1244325,2020/21,2021-01-12,Alur Cricket Stadium,1,19.4,Karnataka,Punjab,J Suchith,RG More,Sandeep Sharma,2,0,,,,,,,,,
1244325,2020/21,2021-01-12,Alur Cricket Stadium,1,19.5,Karnataka,Punjab,J Suchith,RG More,Sandeep Sharma,1,0,,,,,,,,,
1244325,2020/21,2021-01-12,Alur Cricket Stadium,1,19.6,Karnataka,Punjab,RG More,J Suchith,Sandeep Sharma,6,0,,,,,,,,,
1244325,2020/21,2021-01-12,Alur Cricket Stadium,2,0.1,Punjab,Karnataka,Abhishek Sharma,P Simran Singh,A Mithun,1,0,,,,,,,,,
1244325,2020/21,2021-01-12,Alur Cricket Stadium,2,0.2,Punjab,Karnataka,P Simran Singh,Abhishek Sharma,A Mithun,4,0,,,,,,,,,
1244325,2020/21,2021-01-12,Alur Cricket Stadium,2,0.3,Punjab,Karnataka,P Simran Singh,Abhishek Sharma,A Mithun,0,0,,,,,,,,,
1244325,2020/21,2021-01-12,Alur Cricket Stadium,2,0.4,Punjab,Karnataka,P Simran Singh,Abhishek Sharma,A Mithun,0,0,,,,,,,,,
1244325,2020/21,2021-01-12,Alur Cricket Stadium,2,0.5,Punjab,Karnataka,P Simran Singh,Abhishek Sharma,A Mithun,4,0,,,,,,,,,
1244325,2020/21,2021-01-12,Alur Cricket Stadium,2,0.6,Punjab,Karnataka,P Simran Singh,Abhishek Sharma,A Mithun,2,0,,,,,,,,,
1244325,2020/21,2021-01-12,Alur Cricket Stadium,2,1.1,Punjab,Karnataka,Abhishek Sharma,P Simran Singh,M Prasidh Krishna,0,0,,,,,,,,,
1244325,2020/21,2021-01-12,Alur Cricket Stadium,2,1.2,Punjab,Karnataka,Abhishek Sharma,P Simran Singh,M Prasidh Krishna,1,0,,,,,,,,,
1244325,2020/21,2021-01-12,Alur Cricket Stadium,2,1.3,Punjab,Karnataka,P Simran Singh,Abhishek Sharma,M Prasidh Krishna,0,0,,,,,,,,,
1244325,2020/21,2021-01-12,Alur Cricket Stadium,2,1.4,Punjab,Karnataka,P Simran Singh,Abhishek Sharma,M Prasidh Krishna,2,0,,,,,,,,,
1244325,2020/21,2021-01-12,Alur Cricket Stadium,2,1.5,Punjab,Karnataka,P Simran Singh,Abhishek Sharma,M Prasidh Krishna,0,0,,,,,,,,,
1244325,2020/21,2021-01-12,Alur Cricket Stadium,2,1.6,Punjab,Karnataka,P Simran Singh,Abhishek Sharma,M Prasidh Krishna,2,0,,,,,,,,,
1244325,2020/21,2021-01-12,Alur Cricket Stadium,2,2.1,Punjab,Karnataka,Abhishek Sharma,P Simran Singh,A Mithun,1,0,,,,,,,,,
1244325,2020/21,2021-01-12,Alur Cricket Stadium,2,2.2,Punjab,Karnataka,P Simran Singh,Abhishek Sharma,A Mithun,6,0,,,,,,,,,
1244325,2020/21,2021-01-12,Alur Cricket Stadium,2,2.3,Punjab,Karnataka,P Simran Singh,Abhishek Sharma,A Mithun,0,0,,,,,,,,,
1244325,2020/21,2021-01-12,Alur Cricket Stadium,2,2.4,Punjab,Karnataka,P Simran Singh,Abhishek Sharma,A Mithun,0,0,,,,,,,,,
1244325,2020/21,2021-01-12,Alur Cricket Stadium,2,2.5,Punjab,Karnataka,P Simran Singh,Abhishek Sharma,A Mithun,6,0,,,,,,,,,
1244325,2020/21,2021-01-12,Alur Cricket Stadium,2,2.6,Punjab,Karnataka,P Simran Singh,Abhishek Sharma,A Mithun,0,0,,,,,,,,,
1244325,2020/21,2021-01-12,Alur Cricket Stadium,2,3.1,Punjab,Karnataka,Abhishek Sharma,P Simran Singh,M Prasidh Krishna,0,0,,,,,,,,,
1244325,2020/21,2021-01-12,Alur Cricket Stadium,2,3.2,Punjab,Karnataka,Abhishek Sharma,P Simran Singh,M Prasidh Krishna,2,0,,,,,,,,,
1244325,2020/21,2021-01-12,Alur Cricket Stadium,2,3.3,Punjab,Karnataka,Abhishek Sharma,P Simran Singh,M Prasidh Krishna,0,0,,,,,,,,,
1244325,2020/21,2021-01-12,Alur Cricket Stadium,2,3.4,Punjab,Karnataka,Abhishek Sharma,P Simran Singh,M Prasidh Krishna,0,0,,,,,,,,,
1244325,2020/21,2021-01-12,Alur Cricket Stadium,2,3.5,Punjab,Karnataka,Abhishek Sharma,P Simran Singh,M Prasidh Krishna,0,0,,,,,,,,,
1244325,2020/21,2021-01-12,Alur Cricket Stadium,2,3.6,Punjab,Karnataka,Abhishek Sharma,P Simran Singh,M Prasidh Krishna,0,0,,,,,,,,,
1244325,2020/21,2021-01-12,Alur Cricket Stadium,2,4.1,Punjab,Karnataka,P Simran Singh,Abhishek Sharma,RG More,0,0,,,,,,,,,
1244325,2020/21,2021-01-12,Alur Cricket Stadium,2,4.2,Punjab,Karnataka,P Simran Singh,Abhishek Sharma,RG More,6,0,,,,,,,,,
1244325,2020/21,2021-01-12,Alur Cricket Stadium,2,4.3,Punjab,Karnataka,P Simran Singh,Abhishek Sharma,RG More,4,0,,,,,,,,,
1244325,2020/21,2021-01-12,Alur Cricket Stadium,2,4.4,Punjab,Karnataka,P Simran Singh,Abhishek Sharma,RG More,0,0,,,,,,,,,
1244325,2020/21,2021-01-12,Alur Cricket Stadium,2,4.5,Punjab,Karnataka,P Simran Singh,Abhishek Sharma,RG More,6,0,,,,,,,,,
1244325,2020/21,2021-01-12,Alur Cricket Stadium,2,4.6,Punjab,Karnataka,P Simran Singh,Abhishek Sharma,RG More,2,0,,,,,,,,,
1244325,2020/21,2021-01-12,Alur Cricket Stadium,2,5.1,Punjab,Karnataka,Abhishek Sharma,P Simran Singh,K Gowtham,6,0,,,,,,,,,
1244325,2020/21,2021-01-12,Alur Cricket Stadium,2,5.2,Punjab,Karnataka,Abhishek Sharma,P Simran Singh,K Gowtham,0,0,,,,,,,,,
1244325,2020/21,2021-01-12,Alur Cricket Stadium,2,5.3,Punjab,Karnataka,Abhishek Sharma,P Simran Singh,K Gowtham,4,0,,,,,,,,,
1244325,2020/21,2021-01-12,Alur Cricket Stadium,2,5.4,Punjab,Karnataka,Abhishek Sharma,P Simran Singh,K Gowtham,1,0,,,,,,,,,
1244325,2020/21,2021-01-12,Alur Cricket Stadium,2,5.5,Punjab,Karnataka,P Simran Singh,Abhishek Sharma,K Gowtham,0,0,,,,,,,,,
1244325,2020/21,2021-01-12,Alur Cricket Stadium,2,5.6,Punjab,Karnataka,P Simran Singh,Abhishek Sharma,K Gowtham,0,0,,,,,,,,,
1244325,2020/21,2021-01-12,Alur Cricket Stadium,2,6.1,Punjab,Karnataka,Abhishek Sharma,P Simran Singh,J Suchith,1,0,,,,,,,,,
1244325,2020/21,2021-01-12,Alur Cricket Stadium,2,6.2,Punjab,Karnataka,P Simran Singh,Abhishek Sharma,J Suchith,0,0,,,,,,,,,
1244325,2020/21,2021-01-12,Alur Cricket Stadium,2,6.3,Punjab,Karnataka,P Simran Singh,Abhishek Sharma,J Suchith,0,0,,,,,,,,,
1244325,2020/21,2021-01-12,Alur Cricket Stadium,2,6.4,Punjab,Karnataka,P Simran Singh,Abhishek Sharma,J Suchith,1,0,,,,,,,,,
1244325,2020/21,2021-01-12,Alur Cricket Stadium,2,6.5,Punjab,Karnataka,Abhishek Sharma,P Simran Singh,J Suchith,0,0,,,,,,,,,
1244325,2020/21,2021-01-12,Alur Cricket Stadium,2,6.6,Punjab,Karnataka,Abhishek Sharma,P Simran Singh,J Suchith,1,0,,,,,,,,,
1244325,2020/21,2021-01-12,Alur Cricket Stadium,2,7.1,Punjab,Karnataka,Abhishek Sharma,P Simran Singh,K Gowtham,1,0,,,,,,,,,
1244325,2020/21,2021-01-12,Alur Cricket Stadium,2,7.2,Punjab,Karnataka,P Simran Singh,Abhishek Sharma,K Gowtham,0,0,,,,,,,,,
1244325,2020/21,2021-01-12,Alur Cricket Stadium,2,7.3,Punjab,Karnataka,P Simran Singh,Abhishek Sharma,K Gowtham,4,0,,,,,,,,,
1244325,2020/21,2021-01-12,Alur Cricket Stadium,2,7.4,Punjab,Karnataka,P Simran Singh,Abhishek Sharma,K Gowtham,1,0,,,,,,,,,
1244325,2020/21,2021-01-12,Alur Cricket Stadium,2,7.5,Punjab,Karnataka,Abhishek Sharma,P Simran Singh,K Gowtham,0,0,,,,,,,,,
1244325,2020/21,2021-01-12,Alur Cricket Stadium,2,7.6,Punjab,Karnataka,Abhishek Sharma,P Simran Singh,K Gowtham,1,0,,,,,,,,,
1244325,2020/21,2021-01-12,Alur Cricket Stadium,2,8.1,Punjab,Karnataka,Abhishek Sharma,P Simran Singh,J Suchith,1,0,,,,,,,,,
1244325,2020/21,2021-01-12,Alur Cricket Stadium,2,8.2,Punjab,Karnataka,P Simran Singh,Abhishek Sharma,J Suchith,1,0,,,,,,,,,
1244325,2020/21,2021-01-12,Alur Cricket Stadium,2,8.3,Punjab,Karnataka,Abhishek Sharma,P Simran Singh,J Suchith,1,0,,,,,,,,,
1244325,2020/21,2021-01-12,Alur Cricket Stadium,2,8.4,Punjab,Karnataka,P Simran Singh,Abhishek Sharma,J Suchith,0,0,,,,,,,,,
1244325,2020/21,2021-01-12,Alur Cricket Stadium,2,8.5,Punjab,Karnataka,P Simran Singh,Abhishek Sharma,J Suchith,1,0,,,,,,,,,
1244325,2020/21,2021-01-12,Alur Cricket Stadium,2,8.6,Punjab,Karnataka,Abhishek Sharma,P Simran Singh,J Suchith,1,0,,,,,,,,,
1244325,2020/21,2021-01-12,Alur Cricket Stadium,2,9.1,Punjab,Karnataka,Abhishek Sharma,P Simran Singh,K Gowtham,1,0,,,,,,,,,
1244325,2020/21,2021-01-12,Alur Cricket Stadium,2,9.2,Punjab,Karnataka,P Simran Singh,Abhishek Sharma,K Gowtham,1,0,,,,,,,,,
1244325,2020/21,2021-01-12,Alur Cricket Stadium,2,9.3,Punjab,Karnataka,Abhishek Sharma,P Simran Singh,K Gowtham,1,0,,,,,,,,,
1244325,2020/21,2021-01-12,Alur Cricket Stadium,2,9.4,Punjab,Karnataka,P Simran Singh,Abhishek Sharma,K Gowtham,1,0,,,,,,,,,
1244325,2020/21,2021-01-12,Alur Cricket Stadium,2,9.5,Punjab,Karnataka,Abhishek Sharma,P Simran Singh,K Gowtham,0,0,,,,,,,,,
1244325,2020/21,2021-01-12,Alur Cricket Stadium,2,9.6,Punjab,Karnataka,Abhishek Sharma,P Simran Singh,K Gowtham,0,0,,,,,,,,,
1244325,2020/21,2021-01-12,Alur Cricket Stadium,2,10.1,Punjab,Karnataka,P Simran Singh,Abhishek Sharma,J Suchith,0,0,,,,,,,,,
1244325,2020/21,2021-01-12,Alur Cricket Stadium,2,10.2,Punjab,Karnataka,P Simran Singh,Abhishek Sharma,J Suchith,0,0,,,,,,,,,
1244325,2020/21,2021-01-12,Alur Cricket Stadium,2,10.3,Punjab,Karnataka,P Simran Singh,Abhishek Sharma,J Suchith,6,0,,,,,,,,,
1244325,2020/21,2021-01-12,Alur Cricket Stadium,2,10.4,Punjab,Karnataka,P Simran Singh,Abhishek Sharma,J Suchith,2,0,,,,,,,,,
1244325,2020/21,2021-01-12,Alur Cricket Stadium,2,10.5,Punjab,Karnataka,P Simran Singh,Abhishek Sharma,J Suchith,1,0,,,,,,,,,
1244325,2020/21,2021-01-12,Alur Cricket Stadium,2,10.6,Punjab,Karnataka,Abhishek Sharma,P Simran Singh,J Suchith,1,0,,,,,,,,,
1244325,2020/21,2021-01-12,Alur Cricket Stadium,2,11.1,Punjab,Karnataka,Abhishek Sharma,P Simran Singh,K Gowtham,4,0,,,,,,,,,
1244325,2020/21,2021-01-12,Alur Cricket Stadium,2,11.2,Punjab,Karnataka,Abhishek Sharma,P Simran Singh,K Gowtham,0,0,,,,,,stumped,Abhishek Sharma,,
1244325,2020/21,2021-01-12,Alur Cricket Stadium,2,11.3,Punjab,Karnataka,Gurkeerat Singh,P Simran Singh,K Gowtham,1,0,,,,,,,,,
1244325,2020/21,2021-01-12,Alur Cricket Stadium,2,11.4,Punjab,Karnataka,P Simran Singh,Gurkeerat Singh,K Gowtham,1,0,,,,,,,,,
1244325,2020/21,2021-01-12,Alur Cricket Stadium,2,11.5,Punjab,Karnataka,Gurkeerat Singh,P Simran Singh,K Gowtham,0,0,,,,,,,,,
1244325,2020/21,2021-01-12,Alur Cricket Stadium,2,11.6,Punjab,Karnataka,Gurkeerat Singh,P Simran Singh,K Gowtham,0,0,,,,,,,,,
1244325,2020/21,2021-01-12,Alur Cricket Stadium,2,12.1,Punjab,Karnataka,P Simran Singh,Gurkeerat Singh,J Suchith,0,0,,,,,,,,,
1244325,2020/21,2021-01-12,Alur Cricket Stadium,2,12.2,Punjab,Karnataka,P Simran Singh,Gurkeerat Singh,J Suchith,4,0,,,,,,,,,
1244325,2020/21,2021-01-12,Alur Cricket Stadium,2,12.3,Punjab,Karnataka,P Simran Singh,Gurkeerat Singh,J Suchith,4,0,,,,,,,,,
1244325,2020/21,2021-01-12,Alur Cricket Stadium,2,12.4,Punjab,Karnataka,P Simran Singh,Gurkeerat Singh,J Suchith,4,0,,,,,,,,,
1244325,2020/21,2021-01-12,Alur Cricket Stadium,2,12.5,Punjab,Karnataka,P Simran Singh,Gurkeerat Singh,J Suchith,0,0,,,,,,,,,
1244325,2020/21,2021-01-12,Alur Cricket Stadium,2,12.6,Punjab,Karnataka,P Simran Singh,Gurkeerat Singh,J Suchith,1,0,,,,,,,,,
1244325,2020/21,2021-01-12,Alur Cricket Stadium,2,13.1,Punjab,Karnataka,P Simran Singh,Gurkeerat Singh,RG More,1,0,,,,,,,,,
1244325,2020/21,2021-01-12,Alur Cricket Stadium,2,13.2,Punjab,Karnataka,Gurkeerat Singh,P Simran Singh,RG More,1,0,,,,,,,,,
1244325,2020/21,2021-01-12,Alur Cricket Stadium,2,13.3,Punjab,Karnataka,P Simran Singh,Gurkeerat Singh,RG More,4,0,,,,,,,,,
1244325,2020/21,2021-01-12,Alur Cricket Stadium,2,13.4,Punjab,Karnataka,P Simran Singh,Gurkeerat Singh,RG More,1,0,,,,,,,,,
1244325,2020/21,2021-01-12,Alur Cricket Stadium,2,13.5,Punjab,Karnataka,Gurkeerat Singh,P Simran Singh,RG More,6,0,,,,,,,,,
1244325,2020/21,2021-01-12,Alur Cricket Stadium,2,13.6,Punjab,Karnataka,Gurkeerat Singh,P Simran Singh,RG More,0,0,,,,,,,,,
1244325,2020/21,2021-01-12,Alur Cricket Stadium,2,14.1,Punjab,Karnataka,P Simran Singh,Gurkeerat Singh,M Prasidh Krishna,0,0,,,,,,,,,
1244325,2020/21,2021-01-12,Alur Cricket Stadium,2,14.2,Punjab,Karnataka,P Simran Singh,Gurkeerat Singh,M Prasidh Krishna,0,0,,,,,,,,,
1244325,2020/21,2021-01-12,Alur Cricket Stadium,2,14.3,Punjab,Karnataka,P Simran Singh,Gurkeerat Singh,M Prasidh Krishna,2,0,,,,,,,,,
1244325,2020/21,2021-01-12,Alur Cricket Stadium,2,14.4,Punjab,Karnataka,P Simran Singh,Gurkeerat Singh,M Prasidh Krishna,4,0,,,,,,,,,
