version,2.2.0
info,balls_per_over,6
info,team,Hyderabad (India)
info,team,Tamil Nadu
info,gender,male
info,season,2020/21
info,date,2021/01/16
info,event,Syed Mushtaq Ali Trophy
info,venue,Jadavpur University Campus
info,city,
info,toss_winner,Hyderabad (India)
info,toss_decision,bat
info,winner,Tamil Nadu
info,winner_wickets,7
info,player,Hyderabad (India),Pragnay Reddy
info,player,Hyderabad (India),Tanmay Agarwal
info,player,Hyderabad (India),Tilak Varma
info,player,Hyderabad (India),Bavanaka Sandeep
info,player,Hyderabad (India),Himalay Agarwal
info,player,Hyderabad (India),Rahul Buddhi
info,player,Hyderabad (India),Ravi Teja
info,player,Hyderabad (India),Tanay Thyagarajan
info,player,Hyderabad (India),CV Milind
info,player,Hyderabad (India),Rakshan Readdi
info,player,Hyderabad (India),Hitesh Yadav
info,player,Tamil Nadu,B Aparajith
info,player,Tamil Nadu,S Sandeep Warrier
info,player,Tamil Nadu,R Sai Kishore
info,player,Tamil Nadu,M Mohammed
info,player,Tamil Nadu,Aswin Crist
info,player,Tamil Nadu,M Ashwin
info,player,Tamil Nadu,Hari Nishaanth
info,player,Tamil Nadu,N Jagadeesan
info,player,Tamil Nadu,KB Arun Karthik
info,player,Tamil Nadu,KD Karthik
info,player,Tamil Nadu,M Shahrukh Khan
info,registry,people,Aswin Crist,b9671119
info,registry,people,B Aparajith,5b627626
info,registry,people,Bavanaka Sandeep,bc67cc22
info,registry,people,CV Milind,7b5b6311
info,registry,people,Hari Nishaanth,c3f37533
info,registry,people,Himalay Agarwal,8e48d9a3
info,registry,people,Hitesh Yadav,b54a1aad
info,registry,people,KB Arun Karthik,7daedf2f
info,registry,people,KD Karthik,c03f1114
info,registry,people,M Ashwin,e2db2409
info,registry,people,M Mohammed,1b7c4d69
info,registry,people,M Shahrukh Khan,7dcb9bc9
info,registry,people,N Jagadeesan,bd54eef5
info,registry,people,Pragnay Reddy,9e29431f
info,registry,people,R Sai Kishore,c7a995d3
info,registry,people,Rahul Buddhi,70a9b353
info,registry,people,Rakshan Readdi,adee5bbd
info,registry,people,Ravi Teja,5f39537c
info,registry,people,S Sandeep Warrier,cdc6bdba
info,registry,people,Tanay Thyagarajan,f1809c03
info,registry,people,Tanmay Agarwal,e6e9b619
info,registry,people,Tilak Varma,b0482a1d
