match_id,season,start_date,venue,innings,ball,batting_team,bowling_team,striker,non_striker,bowler,runs_off_bat,extras,wides,noballs,byes,legbyes,penalty,wicket_type,player_dismissed,other_wicket_type,other_player_dismissed
1244396,2020/21,2021-01-19,Wankhede Stadium,1,0.1,Andhra,Mumbai,Ashwin Hebbar,KS Bharat,Prathamesh Dake,0,0,,,,,,,,,
1244396,2020/21,2021-01-19,Wankhede Stadium,1,0.2,Andhra,Mumbai,Ashwin Hebbar,KS Bharat,Prathamesh Dake,4,0,,,,,,,,,
1244396,2020/21,2021-01-19,Wankhede Stadium,1,0.3,Andhra,Mumbai,Ashwin Hebbar,KS Bharat,Prathamesh Dake,0,1,1,,,,,,,,
1244396,2020/21,2021-01-19,Wankhede Stadium,1,0.4,Andhra,Mumbai,Ashwin Hebbar,KS Bharat,Prathamesh Dake,4,0,,,,,,,,,
1244396,2020/21,2021-01-19,Wankhede Stadium,1,0.5,Andhra,Mumbai,Ashwin Hebbar,KS Bharat,Prathamesh Dake,2,0,,,,,,,,,
1244396,2020/21,2021-01-19,Wankhede Stadium,1,0.6,Andhra,Mumbai,Ashwin Hebbar,KS Bharat,Prathamesh Dake,0,1,1,,,,,,,,
1244396,2020/21,2021-01-19,Wankhede Stadium,1,0.7,Andhra,Mumbai,Ashwin Hebbar,KS Bharat,Prathamesh Dake,1,0,,,,,,,,,
1244396,2020/21,2021-01-19,Wankhede Stadium,1,0.8,Andhra,Mumbai,KS Bharat,Ashwin Hebbar,Prathamesh Dake,1,0,,,,,,,,,
1244396,2020/21,2021-01-19,Wankhede Stadium,1,1.1,Andhra,Mumbai,KS Bharat,Ashwin Hebbar,Sairaj Patil,0,1,,1,,,,,,,
1244396,2020/21,2021-01-19,Wankhede Stadium,1,1.2,Andhra,Mumbai,KS Bharat,Ashwin Hebbar,Sairaj Patil,4,0,,,,,,,,,
1244396,2020/21,2021-01-19,Wankhede Stadium,1,1.3,Andhra,Mumbai,KS Bharat,Ashwin Hebbar,Sairaj Patil,4,0,,,,,,,,,
1244396,2020/21,2021-01-19,Wankhede Stadium,1,1.4,Andhra,Mumbai,KS Bharat,Ashwin Hebbar,Sairaj Patil,2,0,,,,,,,,,
1244396,2020/21,2021-01-19,Wankhede Stadium,1,1.5,Andhra,Mumbai,KS Bharat,Ashwin Hebbar,Sairaj Patil,1,0,,,,,,,,,
1244396,2020/21,2021-01-19,Wankhede Stadium,1,1.6,Andhra,Mumbai,Ashwin Hebbar,KS Bharat,Sairaj Patil,0,0,,,,,,,,,
1244396,2020/21,2021-01-19,Wankhede Stadium,1,1.7,Andhra,Mumbai,Ashwin Hebbar,KS Bharat,Sairaj Patil,0,0,,,,,,,,,
1244396,2020/21,2021-01-19,Wankhede Stadium,1,2.1,Andhra,Mumbai,KS Bharat,Ashwin Hebbar,S Dube,0,0,,,,,,,,,
1244396,2020/21,2021-01-19,Wankhede Stadium,1,2.2,Andhra,Mumbai,KS Bharat,Ashwin Hebbar,S Dube,1,0,,,,,,,,,
1244396,2020/21,2021-01-19,Wankhede Stadium,1,2.3,Andhra,Mumbai,Ashwin Hebbar,KS Bharat,S Dube,0,0,,,,,,,,,
1244396,2020/21,2021-01-19,Wankhede Stadium,1,2.4,Andhra,Mumbai,Ashwin Hebbar,KS Bharat,S Dube,0,0,,,,,,,,,
1244396,2020/21,2021-01-19,Wankhede Stadium,1,2.5,Andhra,Mumbai,Ashwin Hebbar,KS Bharat,S Dube,0,0,,,,,,,,,
1244396,2020/21,2021-01-19,Wankhede Stadium,1,2.6,Andhra,Mumbai,Ashwin Hebbar,KS Bharat,S Dube,0,0,,,,,,bowled,Ashwin Hebbar,,
1244396,2020/21,2021-01-19,Wankhede Stadium,1,3.1,Andhra,Mumbai,KS Bharat,RK Bhui,Atharva Ankolekar,0,0,,,,,,,,,
1244396,2020/21,2021-01-19,Wankhede Stadium,1,3.2,Andhra,Mumbai,KS Bharat,RK Bhui,Atharva Ankolekar,0,0,,,,,,lbw,KS Bharat,,
1244396,2020/21,2021-01-19,Wankhede Stadium,1,3.3,Andhra,Mumbai,M Dheeraj Kumar,RK Bhui,Atharva Ankolekar,0,0,,,,,,,,,
1244396,2020/21,2021-01-19,Wankhede Stadium,1,3.4,Andhra,Mumbai,M Dheeraj Kumar,RK Bhui,Atharva Ankolekar,0,0,,,,,,,,,
1244396,2020/21,2021-01-19,Wankhede Stadium,1,3.5,Andhra,Mumbai,M Dheeraj Kumar,RK Bhui,Atharva Ankolekar,1,0,,,,,,,,,
1244396,2020/21,2021-01-19,Wankhede Stadium,1,3.6,Andhra,Mumbai,RK Bhui,M Dheeraj Kumar,Atharva Ankolekar,0,0,,,,,,,,,
1244396,2020/21,2021-01-19,Wankhede Stadium,1,4.1,Andhra,Mumbai,M Dheeraj Kumar,RK Bhui,S Dube,1,0,,,,,,,,,
1244396,2020/21,2021-01-19,Wankhede Stadium,1,4.2,Andhra,Mumbai,RK Bhui,M Dheeraj Kumar,S Dube,0,0,,,,,,,,,
1244396,2020/21,2021-01-19,Wankhede Stadium,1,4.3,Andhra,Mumbai,RK Bhui,M Dheeraj Kumar,S Dube,1,0,,,,,,,,,
1244396,2020/21,2021-01-19,Wankhede Stadium,1,4.4,Andhra,Mumbai,M Dheeraj Kumar,RK Bhui,S Dube,6,0,,,,,,,,,
1244396,2020/21,2021-01-19,Wankhede Stadium,1,4.5,Andhra,Mumbai,M Dheeraj Kumar,RK Bhui,S Dube,4,0,,,,,,,,,
1244396,2020/21,2021-01-19,Wankhede Stadium,1,4.6,Andhra,Mumbai,M Dheeraj Kumar,RK Bhui,S Dube,1,0,,,,,,,,,
1244396,2020/21,2021-01-19,Wankhede Stadium,1,5.1,Andhra,Mumbai,M Dheeraj Kumar,RK Bhui,Atharva Ankolekar,0,0,,,,,,,,,
1244396,2020/21,2021-01-19,Wankhede Stadium,1,5.2,Andhra,Mumbai,M Dheeraj Kumar,RK Bhui,Atharva Ankolekar,0,0,,,,,,,,,
1244396,2020/21,2021-01-19,Wankhede Stadium,1,5.3,Andhra,Mumbai,M Dheeraj Kumar,RK Bhui,Atharva Ankolekar,0,0,,,,,,,,,
1244396,2020/21,2021-01-19,Wankhede Stadium,1,5.4,Andhra,Mumbai,M Dheeraj Kumar,RK Bhui,Atharva Ankolekar,0,0,,,,,,,,,
1244396,2020/21,2021-01-19,Wankhede Stadium,1,5.5,Andhra,Mumbai,M Dheeraj Kumar,RK Bhui,Atharva Ankolekar,6,0,,,,,,,,,
1244396,2020/21,2021-01-19,Wankhede Stadium,1,5.6,Andhra,Mumbai,M Dheeraj Kumar,RK Bhui,Atharva Ankolekar,0,0,,,,,,bowled,M Dheeraj Kumar,,
1244396,2020/21,2021-01-19,Wankhede Stadium,1,6.1,Andhra,Mumbai,RK Bhui,AT Rayudu,Akash Parkar,1,0,,,,,,,,,
1244396,2020/21,2021-01-19,Wankhede Stadium,1,6.2,Andhra,Mumbai,AT Rayudu,RK Bhui,Akash Parkar,0,0,,,,,,,,,
1244396,2020/21,2021-01-19,Wankhede Stadium,1,6.3,Andhra,Mumbai,AT Rayudu,RK Bhui,Akash Parkar,1,0,,,,,,,,,
1244396,2020/21,2021-01-19,Wankhede Stadium,1,6.4,Andhra,Mumbai,RK Bhui,AT Rayudu,Akash Parkar,1,0,,,,,,,,,
1244396,2020/21,2021-01-19,Wankhede Stadium,1,6.5,Andhra,Mumbai,AT Rayudu,RK Bhui,Akash Parkar,0,0,,,,,,,,,
1244396,2020/21,2021-01-19,Wankhede Stadium,1,6.6,Andhra,Mumbai,AT Rayudu,RK Bhui,Akash Parkar,0,0,,,,,,caught,AT Rayudu,,
1244396,2020/21,2021-01-19,Wankhede Stadium,1,7.1,Andhra,Mumbai,Prashanth Kumar,RK Bhui,Sujit Nayak,0,0,,,,,,,,,
1244396,2020/21,2021-01-19,Wankhede Stadium,1,7.2,Andhra,Mumbai,Prashanth Kumar,RK Bhui,Sujit Nayak,0,0,,,,,,,,,
1244396,2020/21,2021-01-19,Wankhede Stadium,1,7.3,Andhra,Mumbai,Prashanth Kumar,RK Bhui,Sujit Nayak,1,0,,,,,,,,,
1244396,2020/21,2021-01-19,Wankhede Stadium,1,7.4,Andhra,Mumbai,RK Bhui,Prashanth Kumar,Sujit Nayak,0,0,,,,,,,,,
1244396,2020/21,2021-01-19,Wankhede Stadium,1,7.5,Andhra,Mumbai,RK Bhui,Prashanth Kumar,Sujit Nayak,1,0,,,,,,,,,
1244396,2020/21,2021-01-19,Wankhede Stadium,1,7.6,Andhra,Mumbai,Prashanth Kumar,RK Bhui,Sujit Nayak,0,0,,,,,,,,,
1244396,2020/21,2021-01-19,Wankhede Stadium,1,8.1,Andhra,Mumbai,RK Bhui,Prashanth Kumar,Akash Parkar,4,0,,,,,,,,,
1244396,2020/21,2021-01-19,Wankhede Stadium,1,8.2,Andhra,Mumbai,RK Bhui,Prashanth Kumar,Akash Parkar,1,0,,,,,,,,,
1244396,2020/21,2021-01-19,Wankhede Stadium,1,8.3,Andhra,Mumbai,Prashanth Kumar,RK Bhui,Akash Parkar,1,0,,,,,,,,,
1244396,2020/21,2021-01-19,Wankhede Stadium,1,8.4,Andhra,Mumbai,RK Bhui,Prashanth Kumar,Akash Parkar,1,0,,,,,,,,,
1244396,2020/21,2021-01-19,Wankhede Stadium,1,8.5,Andhra,Mumbai,Prashanth Kumar,RK Bhui,Akash Parkar,1,0,,,,,,,,,
1244396,2020/21,2021-01-19,Wankhede Stadium,1,8.6,Andhra,Mumbai,RK Bhui,Prashanth Kumar,Akash Parkar,1,0,,,,,,,,,
1244396,2020/21,2021-01-19,Wankhede Stadium,1,9.1,Andhra,Mumbai,RK Bhui,Prashanth Kumar,Sujit Nayak,1,0,,,,,,,,,
1244396,2020/21,2021-01-19,Wankhede Stadium,1,9.2,Andhra,Mumbai,Prashanth Kumar,RK Bhui,Sujit Nayak,1,0,,,,,,,,,
1244396,2020/21,2021-01-19,Wankhede Stadium,1,9.3,Andhra,Mumbai,RK Bhui,Prashanth Kumar,Sujit Nayak,0,0,,,,,,,,,
1244396,2020/21,2021-01-19,Wankhede Stadium,1,9.4,Andhra,Mumbai,RK Bhui,Prashanth Kumar,Sujit Nayak,0,0,,,,,,,,,
1244396,2020/21,2021-01-19,Wankhede Stadium,1,9.5,Andhra,Mumbai,RK Bhui,Prashanth Kumar,Sujit Nayak,1,0,,,,,,,,,
1244396,2020/21,2021-01-19,Wankhede Stadium,1,9.6,Andhra,Mumbai,Prashanth Kumar,RK Bhui,Sujit Nayak,0,0,,,,,,caught,Prashanth Kumar,,
1244396,2020/21,2021-01-19,Wankhede Stadium,1,10.1,Andhra,Mumbai,RK Bhui,Shoaib Mohammed Khan,Atharva Ankolekar,1,0,,,,,,,,,
1244396,2020/21,2021-01-19,Wankhede Stadium,1,10.2,Andhra,Mumbai,Shoaib Mohammed Khan,RK Bhui,Atharva Ankolekar,0,0,,,,,,,,,
1244396,2020/21,2021-01-19,Wankhede Stadium,1,10.3,Andhra,Mumbai,Shoaib Mohammed Khan,RK Bhui,Atharva Ankolekar,0,0,,,,,,,,,
1244396,2020/21,2021-01-19,Wankhede Stadium,1,10.4,Andhra,Mumbai,Shoaib Mohammed Khan,RK Bhui,Atharva Ankolekar,1,0,,,,,,,,,
1244396,2020/21,2021-01-19,Wankhede Stadium,1,10.5,Andhra,Mumbai,RK Bhui,Shoaib Mohammed Khan,Atharva Ankolekar,0,0,,,,,,,,,
1244396,2020/21,2021-01-19,Wankhede Stadium,1,10.6,Andhra,Mumbai,RK Bhui,Shoaib Mohammed Khan,Atharva Ankolekar,1,0,,,,,,,,,
1244396,2020/21,2021-01-19,Wankhede Stadium,1,11.1,Andhra,Mumbai,RK Bhui,Shoaib Mohammed Khan,Sujit Nayak,0,0,,,,,,,,,
1244396,2020/21,2021-01-19,Wankhede Stadium,1,11.2,Andhra,Mumbai,RK Bhui,Shoaib Mohammed Khan,Sujit Nayak,0,0,,,,,,,,,
1244396,2020/21,2021-01-19,Wankhede Stadium,1,11.3,Andhra,Mumbai,RK Bhui,Shoaib Mohammed Khan,Sujit Nayak,2,0,,,,,,,,,
1244396,2020/21,2021-01-19,Wankhede Stadium,1,11.4,Andhra,Mumbai,RK Bhui,Shoaib Mohammed Khan,Sujit Nayak,1,0,,,,,,,,,
1244396,2020/21,2021-01-19,Wankhede Stadium,1,11.5,Andhra,Mumbai,Shoaib Mohammed Khan,RK Bhui,Sujit Nayak,1,0,,,,,,,,,
1244396,2020/21,2021-01-19,Wankhede Stadium,1,11.6,Andhra,Mumbai,RK Bhui,Shoaib Mohammed Khan,Sujit Nayak,1,0,,,,,,,,,
1244396,2020/21,2021-01-19,Wankhede Stadium,1,12.1,Andhra,Mumbai,RK Bhui,Shoaib Mohammed Khan,Prathamesh Dake,1,0,,,,,,,,,
1244396,2020/21,2021-01-19,Wankhede Stadium,1,12.2,Andhra,Mumbai,Shoaib Mohammed Khan,RK Bhui,Prathamesh Dake,1,0,,,,,,,,,
1244396,2020/21,2021-01-19,Wankhede Stadium,1,12.3,Andhra,Mumbai,RK Bhui,Shoaib Mohammed Khan,Prathamesh Dake,1,0,,,,,,,,,
1244396,2020/21,2021-01-19,Wankhede Stadium,1,12.4,Andhra,Mumbai,Shoaib Mohammed Khan,RK Bhui,Prathamesh Dake,0,0,,,,,,caught,Shoaib Mohammed Khan,,
1244396,2020/21,2021-01-19,Wankhede Stadium,1,12.5,Andhra,Mumbai,K V Sasikanth,RK Bhui,Prathamesh Dake,1,0,,,,,,,,,
1244396,2020/21,2021-01-19,Wankhede Stadium,1,12.6,Andhra,Mumbai,RK Bhui,K V Sasikanth,Prathamesh Dake,4,0,,,,,,,,,
1244396,2020/21,2021-01-19,Wankhede Stadium,1,13.1,Andhra,Mumbai,K V Sasikanth,RK Bhui,Sujit Nayak,0,0,,,,,,,,,
1244396,2020/21,2021-01-19,Wankhede Stadium,1,13.2,Andhra,Mumbai,K V Sasikanth,RK Bhui,Sujit Nayak,0,0,,,,,,,,,
1244396,2020/21,2021-01-19,Wankhede Stadium,1,13.3,Andhra,Mumbai,K V Sasikanth,RK Bhui,Sujit Nayak,0,0,,,,,,,,,
1244396,2020/21,2021-01-19,Wankhede Stadium,1,13.4,Andhra,Mumbai,K V Sasikanth,RK Bhui,Sujit Nayak,1,0,,,,,,,,,
1244396,2020/21,2021-01-19,Wankhede Stadium,1,13.5,Andhra,Mumbai,RK Bhui,K V Sasikanth,Sujit Nayak,1,0,,,,,,,,,
1244396,2020/21,2021-01-19,Wankhede Stadium,1,13.6,Andhra,Mumbai,K V Sasikanth,RK Bhui,Sujit Nayak,0,0,,,,,,,,,
1244396,2020/21,2021-01-19,Wankhede Stadium,1,14.1,Andhra,Mumbai,RK Bhui,K V Sasikanth,S Dube,0,0,,,,,,,,,
1244396,2020/21,2021-01-19,Wankhede Stadium,1,14.2,Andhra,Mumbai,RK Bhui,K V Sasikanth,S Dube,0,0,,,,,,,,,
1244396,2020/21,2021-01-19,Wankhede Stadium,1,14.3,Andhra,Mumbai,RK Bhui,K V Sasikanth,S Dube,1,0,,,,,,,,,
1244396,2020/21,2021-01-19,Wankhede Stadium,1,14.4,Andhra,Mumbai,K V Sasikanth,RK Bhui,S Dube,0,0,,,,,,,,,
1244396,2020/21,2021-01-19,Wankhede Stadium,1,14.5,Andhra,Mumbai,K V Sasikanth,RK Bhui,S Dube,0,0,,,,,,,,,
1244396,2020/21,2021-01-19,Wankhede Stadium,1,14.6,Andhra,Mumbai,K V Sasikanth,RK Bhui,S Dube,1,0,,,,,,,,,
1244396,2020/21,2021-01-19,Wankhede Stadium,1,15.1,Andhra,Mumbai,K V Sasikanth,RK Bhui,Sairaj Patil,1,0,,,,,,,,,
1244396,2020/21,2021-01-19,Wankhede Stadium,1,15.2,Andhra,Mumbai,RK Bhui,K V Sasikanth,Sairaj Patil,4,0,,,,,,,,,
1244396,2020/21,2021-01-19,Wankhede Stadium,1,15.3,Andhra,Mumbai,RK Bhui,K V Sasikanth,Sairaj Patil,2,0,,,,,,,,,
1244396,2020/21,2021-01-19,Wankhede Stadium,1,15.4,Andhra,Mumbai,RK Bhui,K V Sasikanth,Sairaj Patil,4,0,,,,,,,,,
1244396,2020/21,2021-01-19,Wankhede Stadium,1,15.5,Andhra,Mumbai,RK Bhui,K V Sasikanth,Sairaj Patil,4,0,,,,,,,,,
1244396,2020/21,2021-01-19,Wankhede Stadium,1,15.6,Andhra,Mumbai,RK Bhui,K V Sasikanth,Sairaj Patil,0,0,,,,,,,,,
1244396,2020/21,2021-01-19,Wankhede Stadium,1,16.1,Andhra,Mumbai,K V Sasikanth,RK Bhui,Atharva Ankolekar,4,0,,,,,,,,,
1244396,2020/21,2021-01-19,Wankhede Stadium,1,16.2,Andhra,Mumbai,K V Sasikanth,RK Bhui,Atharva Ankolekar,2,0,,,,,,,,,
1244396,2020/21,2021-01-19,Wankhede Stadium,1,16.3,Andhra,Mumbai,K V Sasikanth,RK Bhui,Atharva Ankolekar,0,0,,,,,,,,,
1244396,2020/21,2021-01-19,Wankhede Stadium,1,16.4,Andhra,Mumbai,K V Sasikanth,RK Bhui,Atharva Ankolekar,2,0,,,,,,,,,
1244396,2020/21,2021-01-19,Wankhede Stadium,1,16.5,Andhra,Mumbai,K V Sasikanth,RK Bhui,Atharva Ankolekar,1,0,,,,,,,,,
1244396,2020/21,2021-01-19,Wankhede Stadium,1,16.6,Andhra,Mumbai,RK Bhui,K V Sasikanth,Atharva Ankolekar,0,0,,,,,,,,,
1244396,2020/21,2021-01-19,Wankhede Stadium,1,17.1,Andhra,Mumbai,K V Sasikanth,RK Bhui,Akash Parkar,6,0,,,,,,,,,
1244396,2020/21,2021-01-19,Wankhede Stadium,1,17.2,Andhra,Mumbai,K V Sasikanth,RK Bhui,Akash Parkar,1,0,,,,,,,,,
1244396,2020/21,2021-01-19,Wankhede Stadium,1,17.3,Andhra,Mumbai,RK Bhui,K V Sasikanth,Akash Parkar,4,0,,,,,,,,,
1244396,2020/21,2021-01-19,Wankhede Stadium,1,17.4,Andhra,Mumbai,RK Bhui,K V Sasikanth,Akash Parkar,6,0,,,,,,,,,
1244396,2020/21,2021-01-19,Wankhede Stadium,1,17.5,Andhra,Mumbai,RK Bhui,K V Sasikanth,Akash Parkar,6,0,,,,,,,,,
1244396,2020/21,2021-01-19,Wankhede Stadium,1,17.6,Andhra,Mumbai,RK Bhui,K V Sasikanth,Akash Parkar,1,0,,,,,,,,,
1244396,2020/21,2021-01-19,Wankhede Stadium,1,18.1,Andhra,Mumbai,RK Bhui,K V Sasikanth,S Dube,6,0,,,,,,,,,
1244396,2020/21,2021-01-19,Wankhede Stadium,1,18.2,Andhra,Mumbai,RK Bhui,K V Sasikanth,S Dube,1,0,,,,,,,,,
1244396,2020/21,2021-01-19,Wankhede Stadium,1,18.3,Andhra,Mumbai,K V Sasikanth,RK Bhui,S Dube,1,0,,,,,,,,,
1244396,2020/21,2021-01-19,Wankhede Stadium,1,18.4,Andhra,Mumbai,RK Bhui,K V Sasikanth,S Dube,2,0,,,,,,,,,
1244396,2020/21,2021-01-19,Wankhede Stadium,1,18.5,Andhra,Mumbai,RK Bhui,K V Sasikanth,S Dube,4,0,,,,,,,,,
1244396,2020/21,2021-01-19,Wankhede Stadium,1,18.6,Andhra,Mumbai,RK Bhui,K V Sasikanth,S Dube,6,0,,,,,,,,,
1244396,2020/21,2021-01-19,Wankhede Stadium,1,19.1,Andhra,Mumbai,K V Sasikanth,RK Bhui,Prathamesh Dake,0,1,,,,1,,,,,
1244396,2020/21,2021-01-19,Wankhede Stadium,1,19.2,Andhra,Mumbai,RK Bhui,K V Sasikanth,Prathamesh Dake,1,0,,,,,,,,,
1244396,2020/21,2021-01-19,Wankhede Stadium,1,19.3,Andhra,Mumbai,K V Sasikanth,RK Bhui,Prathamesh Dake,0,0,,,,,,,,,
1244396,2020/21,2021-01-19,Wankhede Stadium,1,19.4,Andhra,Mumbai,K V Sasikanth,RK Bhui,Prathamesh Dake,0,0,,,,,,caught,K V Sasikanth,,
1244396,2020/21,2021-01-19,Wankhede Stadium,1,19.5,Andhra,Mumbai,RK Bhui,Harishankar Reddy,Prathamesh Dake,0,0,,,,,,,,,
1244396,2020/21,2021-01-19,Wankhede Stadium,1,19.6,Andhra,Mumbai,RK Bhui,Harishankar Reddy,Prathamesh Dake,0,0,,,,,,caught,RK Bhui,,
1244396,2020/21,2021-01-19,Wankhede Stadium,2,0.1,Mumbai,Andhra,YBK Jaiswal,Hardik Tamore,Cheepurapalli Stephen,0,0,,,,,,,,,
1244396,2020/21,2021-01-19,Wankhede Stadium,2,0.2,Mumbai,Andhra,YBK Jaiswal,Hardik Tamore,Cheepurapalli Stephen,2,0,,,,,,,,,
1244396,2020/21,2021-01-19,Wankhede Stadium,2,0.3,Mumbai,Andhra,YBK Jaiswal,Hardik Tamore,Cheepurapalli Stephen,4,0,,,,,,,,,
1244396,2020/21,2021-01-19,Wankhede Stadium,2,0.4,Mumbai,Andhra,YBK Jaiswal,Hardik Tamore,Cheepurapalli Stephen,1,0,,,,,,,,,
1244396,2020/21,2021-01-19,Wankhede Stadium,2,0.5,Mumbai,Andhra,Hardik Tamore,YBK Jaiswal,Cheepurapalli Stephen,0,0,,,,,,,,,
1244396,2020/21,2021-01-19,Wankhede Stadium,2,0.6,Mumbai,Andhra,Hardik Tamore,YBK Jaiswal,Cheepurapalli Stephen,1,0,,,,,,,,,
1244396,2020/21,2021-01-19,Wankhede Stadium,2,1.1,Mumbai,Andhra,Hardik Tamore,YBK Jaiswal,Harishankar Reddy,0,1,1,,,,,,,,
1244396,2020/21,2021-01-19,Wankhede Stadium,2,1.2,Mumbai,Andhra,Hardik Tamore,YBK Jaiswal,Harishankar Reddy,0,0,,,,,,,,,
1244396,2020/21,2021-01-19,Wankhede Stadium,2,1.3,Mumbai,Andhra,Hardik Tamore,YBK Jaiswal,Harishankar Reddy,0,0,,,,,,,,,
1244396,2020/21,2021-01-19,Wankhede Stadium,2,1.4,Mumbai,Andhra,Hardik Tamore,YBK Jaiswal,Harishankar Reddy,0,0,,,,,,,,,
1244396,2020/21,2021-01-19,Wankhede Stadium,2,1.5,Mumbai,Andhra,Hardik Tamore,YBK Jaiswal,Harishankar Reddy,1,0,,,,,,,,,
1244396,2020/21,2021-01-19,Wankhede Stadium,2,1.6,Mumbai,Andhra,YBK Jaiswal,Hardik Tamore,Harishankar Reddy,0,0,,,,,,,,,
1244396,2020/21,2021-01-19,Wankhede Stadium,2,1.7,Mumbai,Andhra,YBK Jaiswal,Hardik Tamore,Harishankar Reddy,1,0,,,,,,,,,
1244396,2020/21,2021-01-19,Wankhede Stadium,2,2.1,Mumbai,Andhra,YBK Jaiswal,Hardik Tamore,Shoaib Mohammed Khan,4,0,,,,,,,,,
1244396,2020/21,2021-01-19,Wankhede Stadium,2,2.2,Mumbai,Andhra,YBK Jaiswal,Hardik Tamore,Shoaib Mohammed Khan,0,0,,,,,,,,,
1244396,2020/21,2021-01-19,Wankhede Stadium,2,2.3,Mumbai,Andhra,YBK Jaiswal,Hardik Tamore,Shoaib Mohammed Khan,0,0,,,,,,,,,
1244396,2020/21,2021-01-19,Wankhede Stadium,2,2.4,Mumbai,Andhra,YBK Jaiswal,Hardik Tamore,Shoaib Mohammed Khan,0,0,,,,,,,,,
1244396,2020/21,2021-01-19,Wankhede Stadium,2,2.5,Mumbai,Andhra,YBK Jaiswal,Hardik Tamore,Shoaib Mohammed Khan,0,0,,,,,,,,,
1244396,2020/21,2021-01-19,Wankhede Stadium,2,2.6,Mumbai,Andhra,YBK Jaiswal,Hardik Tamore,Shoaib Mohammed Khan,1,0,,,,,,,,,
1244396,2020/21,2021-01-19,Wankhede Stadium,2,3.1,Mumbai,Andhra,YBK Jaiswal,Hardik Tamore,Harishankar Reddy,0,0,,,,,,caught,YBK Jaiswal,,
1244396,2020/21,2021-01-19,Wankhede Stadium,2,3.2,Mumbai,Andhra,Aakarshit Gomel,Hardik Tamore,Harishankar Reddy,0,0,,,,,,,,,
1244396,2020/21,2021-01-19,Wankhede Stadium,2,3.3,Mumbai,Andhra,Aakarshit Gomel,Hardik Tamore,Harishankar Reddy,1,0,,,,,,,,,
1244396,2020/21,2021-01-19,Wankhede Stadium,2,3.4,Mumbai,Andhra,Hardik Tamore,Aakarshit Gomel,Harishankar Reddy,0,0,,,,,,,,,
1244396,2020/21,2021-01-19,Wankhede Stadium,2,3.5,Mumbai,Andhra,Hardik Tamore,Aakarshit Gomel,Harishankar Reddy,0,0,,,,,,,,,
1244396,2020/21,2021-01-19,Wankhede Stadium,2,3.6,Mumbai,Andhra,Hardik Tamore,Aakarshit Gomel,Harishankar Reddy,4,0,,,,,,,,,
1244396,2020/21,2021-01-19,Wankhede Stadium,2,4.1,Mumbai,Andhra,Aakarshit Gomel,Hardik Tamore,Shoaib Mohammed Khan,0,0,,,,,,,,,
1244396,2020/21,2021-01-19,Wankhede Stadium,2,4.2,Mumbai,Andhra,Aakarshit Gomel,Hardik Tamore,Shoaib Mohammed Khan,1,0,,,,,,,,,
1244396,2020/21,2021-01-19,Wankhede Stadium,2,4.3,Mumbai,Andhra,Hardik Tamore,Aakarshit Gomel,Shoaib Mohammed Khan,4,0,,,,,,,,,
1244396,2020/21,2021-01-19,Wankhede Stadium,2,4.4,Mumbai,Andhra,Hardik Tamore,Aakarshit Gomel,Shoaib Mohammed Khan,0,0,,,,,,,,,
1244396,2020/21,2021-01-19,Wankhede Stadium,2,4.5,Mumbai,Andhra,Hardik Tamore,Aakarshit Gomel,Shoaib Mohammed Khan,1,0,,,,,,,,,
1244396,2020/21,2021-01-19,Wankhede Stadium,2,4.6,Mumbai,Andhra,Aakarshit Gomel,Hardik Tamore,Shoaib Mohammed Khan,0,0,,,,,,caught,Aakarshit Gomel,,
1244396,2020/21,2021-01-19,Wankhede Stadium,2,5.1,Mumbai,Andhra,SA Yadav,Hardik Tamore,K V Sasikanth,2,0,,,,,,,,,
1244396,2020/21,2021-01-19,Wankhede Stadium,2,5.2,Mumbai,Andhra,SA Yadav,Hardik Tamore,K V Sasikanth,1,0,,,,,,,,,
1244396,2020/21,2021-01-19,Wankhede Stadium,2,5.3,Mumbai,Andhra,Hardik Tamore,SA Yadav,K V Sasikanth,4,0,,,,,,,,,
1244396,2020/21,2021-01-19,Wankhede Stadium,2,5.4,Mumbai,Andhra,Hardik Tamore,SA Yadav,K V Sasikanth,1,0,,,,,,,,,
1244396,2020/21,2021-01-19,Wankhede Stadium,2,5.5,Mumbai,Andhra,SA Yadav,Hardik Tamore,K V Sasikanth,1,0,,,,,,,,,
1244396,2020/21,2021-01-19,Wankhede Stadium,2,5.6,Mumbai,Andhra,Hardik Tamore,SA Yadav,K V Sasikanth,0,1,1,,,,,,,,
1244396,2020/21,2021-01-19,Wankhede Stadium,2,5.7,Mumbai,Andhra,Hardik Tamore,SA Yadav,K V Sasikanth,0,0,,,,,,,,,
1244396,2020/21,2021-01-19,Wankhede Stadium,2,6.1,Mumbai,Andhra,SA Yadav,Hardik Tamore,S Ashish,1,0,,,,,,,,,
1244396,2020/21,2021-01-19,Wankhede Stadium,2,6.2,Mumbai,Andhra,Hardik Tamore,SA Yadav,S Ashish,0,0,,,,,,,,,
1244396,2020/21,2021-01-19,Wankhede Stadium,2,6.3,Mumbai,Andhra,Hardik Tamore,SA Yadav,S Ashish,1,0,,,,,,,,,
1244396,2020/21,2021-01-19,Wankhede Stadium,2,6.4,Mumbai,Andhra,SA Yadav,Hardik Tamore,S Ashish,4,0,,,,,,,,,
1244396,2020/21,2021-01-19,Wankhede Stadium,2,6.5,Mumbai,Andhra,SA Yadav,Hardik Tamore,S Ashish,1,0,,,,,,,,,
1244396,2020/21,2021-01-19,Wankhede Stadium,2,6.6,Mumbai,Andhra,Hardik Tamore,SA Yadav,S Ashish,1,0,,,,,,,,,
1244396,2020/21,2021-01-19,Wankhede Stadium,2,7.1,Mumbai,Andhra,Hardik Tamore,SA Yadav,K V Sasikanth,0,0,,,,,,,,,
1244396,2020/21,2021-01-19,Wankhede Stadium,2,7.2,Mumbai,Andhra,Hardik Tamore,SA Yadav,K V Sasikanth,1,0,,,,,,,,,
1244396,2020/21,2021-01-19,Wankhede Stadium,2,7.3,Mumbai,Andhra,SA Yadav,Hardik Tamore,K V Sasikanth,0,0,,,,,,,,,
1244396,2020/21,2021-01-19,Wankhede Stadium,2,7.4,Mumbai,Andhra,SA Yadav,Hardik Tamore,K V Sasikanth,0,0,,,,,,,,,
1244396,2020/21,2021-01-19,Wankhede Stadium,2,7.5,Mumbai,Andhra,SA Yadav,Hardik Tamore,K V Sasikanth,4,0,,,,,,,,,
1244396,2020/21,2021-01-19,Wankhede Stadium,2,7.6,Mumbai,Andhra,SA Yadav,Hardik Tamore,K V Sasikanth,1,0,,,,,,,,,
1244396,2020/21,2021-01-19,Wankhede Stadium,2,8.1,Mumbai,Andhra,SA Yadav,Hardik Tamore,S Ashish,0,0,,,,,,,,,
1244396,2020/21,2021-01-19,Wankhede Stadium,2,8.2,Mumbai,Andhra,SA Yadav,Hardik Tamore,S Ashish,1,0,,,,,,,,,
1244396,2020/21,2021-01-19,Wankhede Stadium,2,8.3,Mumbai,Andhra,Hardik Tamore,SA Yadav,S Ashish,0,0,,,,,,stumped,Hardik Tamore,,
1244396,2020/21,2021-01-19,Wankhede Stadium,2,8.4,Mumbai,Andhra,S Dube,SA Yadav,S Ashish,0,0,,,,,,,,,
1244396,2020/21,2021-01-19,Wankhede Stadium,2,8.5,Mumbai,Andhra,S Dube,SA Yadav,S Ashish,4,0,,,,,,,,,
1244396,2020/21,2021-01-19,Wankhede Stadium,2,8.6,Mumbai,Andhra,S Dube,SA Yadav,S Ashish,1,0,,,,,,,,,
1244396,2020/21,2021-01-19,Wankhede Stadium,2,9.1,Mumbai,Andhra,S Dube,SA Yadav,K V Sasikanth,1,0,,,,,,,,,
1244396,2020/21,2021-01-19,Wankhede Stadium,2,9.2,Mumbai,Andhra,SA Yadav,S Dube,K V Sasikanth,4,0,,,,,,,,,
1244396,2020/21,2021-01-19,Wankhede Stadium,2,9.3,Mumbai,Andhra,SA Yadav,S Dube,K V Sasikanth,2,0,,,,,,,,,
1244396,2020/21,2021-01-19,Wankhede Stadium,2,9.4,Mumbai,Andhra,SA Yadav,S Dube,K V Sasikanth,0,0,,,,,,caught,SA Yadav,,
1244396,2020/21,2021-01-19,Wankhede Stadium,2,9.5,Mumbai,Andhra,SN Khan,S Dube,K V Sasikanth,1,0,,,,,,,,,
1244396,2020/21,2021-01-19,Wankhede Stadium,2,9.6,Mumbai,Andhra,S Dube,SN Khan,K V Sasikanth,1,0,,,,,,,,,
1244396,2020/21,2021-01-19,Wankhede Stadium,2,10.1,Mumbai,Andhra,S Dube,SN Khan,S Ashish,1,0,,,,,,,,,
1244396,2020/21,2021-01-19,Wankhede Stadium,2,10.2,Mumbai,Andhra,SN Khan,S Dube,S Ashish,0,0,,,,,,,,,
1244396,2020/21,2021-01-19,Wankhede Stadium,2,10.3,Mumbai,Andhra,SN Khan,S Dube,S Ashish,1,0,,,,,,,,,
1244396,2020/21,2021-01-19,Wankhede Stadium,2,10.4,Mumbai,Andhra,S Dube,SN Khan,S Ashish,1,0,,,,,,,,,
1244396,2020/21,2021-01-19,Wankhede Stadium,2,10.5,Mumbai,Andhra,SN Khan,S Dube,S Ashish,0,0,,,,,,,,,
1244396,2020/21,2021-01-19,Wankhede Stadium,2,10.6,Mumbai,Andhra,SN Khan,S Dube,S Ashish,1,0,,,,,,,,,
1244396,2020/21,2021-01-19,Wankhede Stadium,2,11.1,Mumbai,Andhra,SN Khan,S Dube,K V Sasikanth,1,0,,,,,,,,,
1244396,2020/21,2021-01-19,Wankhede Stadium,2,11.2,Mumbai,Andhra,S Dube,SN Khan,K V Sasikanth,1,0,,,,,,,,,
1244396,2020/21,2021-01-19,Wankhede Stadium,2,11.3,Mumbai,Andhra,SN Khan,S Dube,K V Sasikanth,4,0,,,,,,,,,
1244396,2020/21,2021-01-19,Wankhede Stadium,2,11.4,Mumbai,Andhra,SN Khan,S Dube,K V Sasikanth,1,0,,,,,,,,,
1244396,2020/21,2021-01-19,Wankhede Stadium,2,11.5,Mumbai,Andhra,S Dube,SN Khan,K V Sasikanth,1,0,,,,,,,,,
1244396,2020/21,2021-01-19,Wankhede Stadium,2,11.6,Mumbai,Andhra,SN Khan,S Dube,K V Sasikanth,0,0,,,,,,,,,
1244396,2020/21,2021-01-19,Wankhede Stadium,2,12.1,Mumbai,Andhra,S Dube,SN Khan,Shoaib Mohammed Khan,2,0,,,,,,,,,
1244396,2020/21,2021-01-19,Wankhede Stadium,2,12.2,Mumbai,Andhra,S Dube,SN Khan,Shoaib Mohammed Khan,1,0,,,,,,,,,
1244396,2020/21,2021-01-19,Wankhede Stadium,2,12.3,Mumbai,Andhra,SN Khan,S Dube,Shoaib Mohammed Khan,2,0,,,,,,,,,
1244396,2020/21,2021-01-19,Wankhede Stadium,2,12.4,Mumbai,Andhra,SN Khan,S Dube,Shoaib Mohammed Khan,1,0,,,,,,,,,
1244396,2020/21,2021-01-19,Wankhede Stadium,2,12.5,Mumbai,Andhra,S Dube,SN Khan,Shoaib Mohammed Khan,1,0,,,,,,,,,
1244396,2020/21,2021-01-19,Wankhede Stadium,2,12.6,Mumbai,Andhra,SN Khan,S Dube,Shoaib Mohammed Khan,1,0,,,,,,,,,
1244396,2020/21,2021-01-19,Wankhede Stadium,2,13.1,Mumbai,Andhra,SN Khan,S Dube,S Ashish,1,0,,,,,,,,,
1244396,2020/21,2021-01-19,Wankhede Stadium,2,13.2,Mumbai,Andhra,S Dube,SN Khan,S Ashish,0,0,,,,,,,,,
1244396,2020/21,2021-01-19,Wankhede Stadium,2,13.3,Mumbai,Andhra,S Dube,SN Khan,S Ashish,1,0,,,,,,,,,
1244396,2020/21,2021-01-19,Wankhede Stadium,2,13.4,Mumbai,Andhra,SN Khan,S Dube,S Ashish,1,0,,,,,,,,,
1244396,2020/21,2021-01-19,Wankhede Stadium,2,13.5,Mumbai,Andhra,S Dube,SN Khan,S Ashish,1,0,,,,,,,,,
1244396,2020/21,2021-01-19,Wankhede Stadium,2,13.6,Mumbai,Andhra,SN Khan,S Dube,S Ashish,2,0,,,,,,,,,
1244396,2020/21,2021-01-19,Wankhede Stadium,2,14.1,Mumbai,Andhra,S Dube,SN Khan,Shoaib Mohammed Khan,6,0,,,,,,,,,
1244396,2020/21,2021-01-19,Wankhede Stadium,2,14.2,Mumbai,Andhra,S Dube,SN Khan,Shoaib Mohammed Khan,0,0,,,,,,,,,
1244396,2020/21,2021-01-19,Wankhede Stadium,2,14.3,Mumbai,Andhra,S Dube,SN Khan,Shoaib Mohammed Khan,0,0,,,,,,,,,
1244396,2020/21,2021-01-19,Wankhede Stadium,2,14.4,Mumbai,Andhra,S Dube,SN Khan,Shoaib Mohammed Khan,1,0,,,,,,,,,
1244396,2020/21,2021-01-19,Wankhede Stadium,2,14.5,Mumbai,Andhra,SN Khan,S Dube,Shoaib Mohammed Khan,1,0,,,,,,,,,
1244396,2020/21,2021-01-19,Wankhede Stadium,2,14.6,Mumbai,Andhra,S Dube,SN Khan,Shoaib Mohammed Khan,1,0,,,,,,,,,
1244396,2020/21,2021-01-19,Wankhede Stadium,2,15.1,Mumbai,Andhra,S Dube,SN Khan,Cheepurapalli Stephen,2,0,,,,,,,,,
1244396,2020/21,2021-01-19,Wankhede Stadium,2,15.2,Mumbai,Andhra,S Dube,SN Khan,Cheepurapalli Stephen,1,0,,,,,,,,,
1244396,2020/21,2021-01-19,Wankhede Stadium,2,15.3,Mumbai,Andhra,SN Khan,S Dube,Cheepurapalli Stephen,4,0,,,,,,,,,
1244396,2020/21,2021-01-19,Wankhede Stadium,2,15.4,Mumbai,Andhra,SN Khan,S Dube,Cheepurapalli Stephen,1,0,,,,,,,,,
1244396,2020/21,2021-01-19,Wankhede Stadium,2,15.5,Mumbai,Andhra,S Dube,SN Khan,Cheepurapalli Stephen,4,0,,,,,,,,,
1244396,2020/21,2021-01-19,Wankhede Stadium,2,15.6,Mumbai,Andhra,S Dube,SN Khan,Cheepurapalli Stephen,6,0,,,,,,,,,
1244396,2020/21,2021-01-19,Wankhede Stadium,2,16.1,Mumbai,Andhra,SN Khan,S Dube,Harishankar Reddy,4,0,,,,,,,,,
1244396,2020/21,2021-01-19,Wankhede Stadium,2,16.2,Mumbai,Andhra,SN Khan,S Dube,Harishankar Reddy,4,0,,,,,,,,,
1244396,2020/21,2021-01-19,Wankhede Stadium,2,16.3,Mumbai,Andhra,SN Khan,S Dube,Harishankar Reddy,1,0,,,,,,,,,
1244396,2020/21,2021-01-19,Wankhede Stadium,2,16.4,Mumbai,Andhra,S Dube,SN Khan,Harishankar Reddy,1,0,,,,,,,,,
1244396,2020/21,2021-01-19,Wankhede Stadium,2,16.5,Mumbai,Andhra,SN Khan,S Dube,Harishankar Reddy,4,0,,,,,,,,,
1244396,2020/21,2021-01-19,Wankhede Stadium,2,16.6,Mumbai,Andhra,SN Khan,S Dube,Harishankar Reddy,6,0,,,,,,,,,
1244396,2020/21,2021-01-19,Wankhede Stadium,2,17.1,Mumbai,Andhra,S Dube,SN Khan,Cheepurapalli Stephen,1,0,,,,,,,,,
1244396,2020/21,2021-01-19,Wankhede Stadium,2,17.2,Mumbai,Andhra,SN Khan,S Dube,Cheepurapalli Stephen,0,0,,,,,,,,,
1244396,2020/21,2021-01-19,Wankhede Stadium,2,17.3,Mumbai,Andhra,SN Khan,S Dube,Cheepurapalli Stephen,0,0,,,,,,,,,
1244396,2020/21,2021-01-19,Wankhede Stadium,2,17.4,Mumbai,Andhra,SN Khan,S Dube,Cheepurapalli Stephen,0,0,,,,,,,,,
1244396,2020/21,2021-01-19,Wankhede Stadium,2,17.5,Mumbai,Andhra,SN Khan,S Dube,Cheepurapalli Stephen,6,0,,,,,,,,,
1244396,2020/21,2021-01-19,Wankhede Stadium,2,17.6,Mumbai,Andhra,SN Khan,S Dube,Cheepurapalli Stephen,1,0,,,,,,,,,
1244396,2020/21,2021-01-19,Wankhede Stadium,2,18.1,Mumbai,Andhra,SN Khan,S Dube,Harishankar Reddy,4,0,,,,,,,,,
1244396,2020/21,2021-01-19,Wankhede Stadium,2,18.2,Mumbai,Andhra,SN Khan,S Dube,Harishankar Reddy,0,0,,,,,,caught,SN Khan,,
1244396,2020/21,2021-01-19,Wankhede Stadium,2,18.3,Mumbai,Andhra,Sairaj Patil,S Dube,Harishankar Reddy,0,0,,,,,,,,,
1244396,2020/21,2021-01-19,Wankhede Stadium,2,18.4,Mumbai,Andhra,Sairaj Patil,S Dube,Harishankar Reddy,0,1,,,,1,,,,,
1244396,2020/21,2021-01-19,Wankhede Stadium,2,18.5,Mumbai,Andhra,S Dube,Sairaj Patil,Harishankar Reddy,4,0,,,,,,,,,
