match_id,season,start_date,venue,innings,ball,batting_team,bowling_team,striker,non_striker,bowler,runs_off_bat,extras,wides,noballs,byes,legbyes,penalty,wicket_type,player_dismissed,other_wicket_type,other_player_dismissed
1244335,2020/21,2021-01-13, Emerald Heights International School Ground,1,0.1,Services,Goa,Lakhan Singh,Ravi Chauhan,AB Dinda,4,0,,,,,,,,,
1244335,2020/21,2021-01-13, Emerald Heights International School Ground,1,0.2,Services,Goa,Lakhan Singh,Ravi Chauhan,AB Dinda,0,1,,,,1,,,,,
1244335,2020/21,2021-01-13, Emerald Heights International School Ground,1,0.3,Services,Goa,Ravi Chauhan,Lakhan Singh,AB Dinda,0,0,,,,,,,,,
1244335,2020/21,2021-01-13, Emerald Heights International School Ground,1,0.4,Services,Goa,Ravi Chauhan,Lakhan Singh,AB Dinda,4,0,,,,,,,,,
1244335,2020/21,2021-01-13, Emerald Heights International School Ground,1,0.5,Services,Goa,Ravi Chauhan,Lakhan Singh,AB Dinda,0,0,,,,,,,,,
1244335,2020/21,2021-01-13, Emerald Heights International School Ground,1,0.6,Services,Goa,Ravi Chauhan,Lakhan Singh,AB Dinda,4,0,,,,,,,,,
1244335,2020/21,2021-01-13, Emerald Heights International School Ground,1,1.1,Services,Goa,Lakhan Singh,Ravi Chauhan,Lakshay Garg,1,0,,,,,,,,,
1244335,2020/21,2021-01-13, Emerald Heights International School Ground,1,1.2,Services,Goa,Ravi Chauhan,Lakhan Singh,Lakshay Garg,1,0,,,,,,,,,
1244335,2020/21,2021-01-13, Emerald Heights International School Ground,1,1.3,Services,Goa,Lakhan Singh,Ravi Chauhan,Lakshay Garg,0,1,1,,,,,,,,
1244335,2020/21,2021-01-13, Emerald Heights International School Ground,1,1.4,Services,Goa,Lakhan Singh,Ravi Chauhan,Lakshay Garg,0,0,,,,,,,,,
1244335,2020/21,2021-01-13, Emerald Heights International School Ground,1,1.5,Services,Goa,Lakhan Singh,Ravi Chauhan,Lakshay Garg,1,0,,,,,,,,,
1244335,2020/21,2021-01-13, Emerald Heights International School Ground,1,1.6,Services,Goa,Ravi Chauhan,Lakhan Singh,Lakshay Garg,0,0,,,,,,,,,
1244335,2020/21,2021-01-13, Emerald Heights International School Ground,1,1.7,Services,Goa,Ravi Chauhan,Lakhan Singh,Lakshay Garg,0,0,,,,,,,,,
1244335,2020/21,2021-01-13, Emerald Heights International School Ground,1,2.1,Services,Goa,Lakhan Singh,Ravi Chauhan,Darshan Misal,1,0,,,,,,,,,
1244335,2020/21,2021-01-13, Emerald Heights International School Ground,1,2.2,Services,Goa,Ravi Chauhan,Lakhan Singh,Darshan Misal,1,0,,,,,,,,,
1244335,2020/21,2021-01-13, Emerald Heights International School Ground,1,2.3,Services,Goa,Lakhan Singh,Ravi Chauhan,Darshan Misal,1,0,,,,,,,,,
1244335,2020/21,2021-01-13, Emerald Heights International School Ground,1,2.4,Services,Goa,Ravi Chauhan,Lakhan Singh,Darshan Misal,1,0,,,,,,,,,
1244335,2020/21,2021-01-13, Emerald Heights International School Ground,1,2.5,Services,Goa,Lakhan Singh,Ravi Chauhan,Darshan Misal,0,0,,,,,,caught,Lakhan Singh,,
1244335,2020/21,2021-01-13, Emerald Heights International School Ground,1,2.6,Services,Goa,Ravi Chauhan,Rahul Singh,Darshan Misal,1,0,,,,,,,,,
1244335,2020/21,2021-01-13, Emerald Heights International School Ground,1,3.1,Services,Goa,Ravi Chauhan,Rahul Singh,Lakshay Garg,4,0,,,,,,,,,
1244335,2020/21,2021-01-13, Emerald Heights International School Ground,1,3.2,Services,Goa,Ravi Chauhan,Rahul Singh,Lakshay Garg,0,1,1,,,,,,,,
1244335,2020/21,2021-01-13, Emerald Heights International School Ground,1,3.3,Services,Goa,Ravi Chauhan,Rahul Singh,Lakshay Garg,0,0,,,,,,,,,
1244335,2020/21,2021-01-13, Emerald Heights International School Ground,1,3.4,Services,Goa,Ravi Chauhan,Rahul Singh,Lakshay Garg,4,0,,,,,,,,,
1244335,2020/21,2021-01-13, Emerald Heights International School Ground,1,3.5,Services,Goa,Ravi Chauhan,Rahul Singh,Lakshay Garg,1,0,,,,,,,,,
1244335,2020/21,2021-01-13, Emerald Heights International School Ground,1,3.6,Services,Goa,Rahul Singh,Ravi Chauhan,Lakshay Garg,0,0,,,,,,,,,
1244335,2020/21,2021-01-13, Emerald Heights International School Ground,1,3.7,Services,Goa,Rahul Singh,Ravi Chauhan,Lakshay Garg,0,0,,,,,,,,,
1244335,2020/21,2021-01-13, Emerald Heights International School Ground,1,4.1,Services,Goa,Ravi Chauhan,Rahul Singh,AB Dinda,0,1,,,,1,,,,,
1244335,2020/21,2021-01-13, Emerald Heights International School Ground,1,4.2,Services,Goa,Rahul Singh,Ravi Chauhan,AB Dinda,0,0,,,,,,,,,
1244335,2020/21,2021-01-13, Emerald Heights International School Ground,1,4.3,Services,Goa,Rahul Singh,Ravi Chauhan,AB Dinda,4,0,,,,,,,,,
1244335,2020/21,2021-01-13, Emerald Heights International School Ground,1,4.4,Services,Goa,Rahul Singh,Ravi Chauhan,AB Dinda,0,1,,1,,,,,,,
1244335,2020/21,2021-01-13, Emerald Heights International School Ground,1,4.5,Services,Goa,Rahul Singh,Ravi Chauhan,AB Dinda,4,1,,1,,,,,,,
1244335,2020/21,2021-01-13, Emerald Heights International School Ground,1,4.6,Services,Goa,Rahul Singh,Ravi Chauhan,AB Dinda,1,0,,,,,,,,,
1244335,2020/21,2021-01-13, Emerald Heights International School Ground,1,4.7,Services,Goa,Ravi Chauhan,Rahul Singh,AB Dinda,1,0,,,,,,,,,
1244335,2020/21,2021-01-13, Emerald Heights International School Ground,1,4.8,Services,Goa,Rahul Singh,Ravi Chauhan,AB Dinda,4,1,,1,,,,,,,
1244335,2020/21,2021-01-13, Emerald Heights International School Ground,1,4.9,Services,Goa,Rahul Singh,Ravi Chauhan,AB Dinda,4,0,,,,,,,,,
1244335,2020/21,2021-01-13, Emerald Heights International School Ground,1,5.1,Services,Goa,Ravi Chauhan,Rahul Singh,Deepraj Gaonkar,1,0,,,,,,,,,
1244335,2020/21,2021-01-13, Emerald Heights International School Ground,1,5.2,Services,Goa,Rahul Singh,Ravi Chauhan,Deepraj Gaonkar,0,0,,,,,,,,,
1244335,2020/21,2021-01-13, Emerald Heights International School Ground,1,5.3,Services,Goa,Rahul Singh,Ravi Chauhan,Deepraj Gaonkar,0,0,,,,,,,,,
1244335,2020/21,2021-01-13, Emerald Heights International School Ground,1,5.4,Services,Goa,Rahul Singh,Ravi Chauhan,Deepraj Gaonkar,1,0,,,,,,,,,
1244335,2020/21,2021-01-13, Emerald Heights International School Ground,1,5.5,Services,Goa,Ravi Chauhan,Rahul Singh,Deepraj Gaonkar,4,0,,,,,,,,,
1244335,2020/21,2021-01-13, Emerald Heights International School Ground,1,5.6,Services,Goa,Ravi Chauhan,Rahul Singh,Deepraj Gaonkar,1,0,,,,,,,,,
1244335,2020/21,2021-01-13, Emerald Heights International School Ground,1,6.1,Services,Goa,Ravi Chauhan,Rahul Singh,Darshan Misal,0,0,,,,,,,,,
1244335,2020/21,2021-01-13, Emerald Heights International School Ground,1,6.2,Services,Goa,Ravi Chauhan,Rahul Singh,Darshan Misal,1,0,,,,,,,,,
1244335,2020/21,2021-01-13, Emerald Heights International School Ground,1,6.3,Services,Goa,Rahul Singh,Ravi Chauhan,Darshan Misal,1,0,,,,,,,,,
1244335,2020/21,2021-01-13, Emerald Heights International School Ground,1,6.4,Services,Goa,Ravi Chauhan,Rahul Singh,Darshan Misal,0,0,,,,,,,,,
1244335,2020/21,2021-01-13, Emerald Heights International School Ground,1,6.5,Services,Goa,Ravi Chauhan,Rahul Singh,Darshan Misal,1,0,,,,,,,,,
1244335,2020/21,2021-01-13, Emerald Heights International School Ground,1,6.6,Services,Goa,Rahul Singh,Ravi Chauhan,Darshan Misal,1,0,,,,,,,,,
1244335,2020/21,2021-01-13, Emerald Heights International School Ground,1,7.1,Services,Goa,Rahul Singh,Ravi Chauhan,MG Sirur,0,1,1,,,,,,,,
1244335,2020/21,2021-01-13, Emerald Heights International School Ground,1,7.2,Services,Goa,Rahul Singh,Ravi Chauhan,MG Sirur,1,0,,,,,,,,,
1244335,2020/21,2021-01-13, Emerald Heights International School Ground,1,7.3,Services,Goa,Ravi Chauhan,Rahul Singh,MG Sirur,1,0,,,,,,,,,
1244335,2020/21,2021-01-13, Emerald Heights International School Ground,1,7.4,Services,Goa,Rahul Singh,Ravi Chauhan,MG Sirur,0,0,,,,,,,,,
1244335,2020/21,2021-01-13, Emerald Heights International School Ground,1,7.5,Services,Goa,Rahul Singh,Ravi Chauhan,MG Sirur,1,0,,,,,,,,,
1244335,2020/21,2021-01-13, Emerald Heights International School Ground,1,7.6,Services,Goa,Ravi Chauhan,Rahul Singh,MG Sirur,0,0,,,,,,,,,
1244335,2020/21,2021-01-13, Emerald Heights International School Ground,1,7.7,Services,Goa,Ravi Chauhan,Rahul Singh,MG Sirur,0,0,,,,,,,,,
1244335,2020/21,2021-01-13, Emerald Heights International School Ground,1,8.1,Services,Goa,Rahul Singh,Ravi Chauhan,Deepraj Gaonkar,4,0,,,,,,,,,
1244335,2020/21,2021-01-13, Emerald Heights International School Ground,1,8.2,Services,Goa,Rahul Singh,Ravi Chauhan,Deepraj Gaonkar,0,1,1,,,,,,,,
1244335,2020/21,2021-01-13, Emerald Heights International School Ground,1,8.3,Services,Goa,Rahul Singh,Ravi Chauhan,Deepraj Gaonkar,1,0,,,,,,,,,
1244335,2020/21,2021-01-13, Emerald Heights International School Ground,1,8.4,Services,Goa,Ravi Chauhan,Rahul Singh,Deepraj Gaonkar,1,0,,,,,,,,,
1244335,2020/21,2021-01-13, Emerald Heights International School Ground,1,8.5,Services,Goa,Rahul Singh,Ravi Chauhan,Deepraj Gaonkar,1,0,,,,,,,,,
1244335,2020/21,2021-01-13, Emerald Heights International School Ground,1,8.6,Services,Goa,Ravi Chauhan,Rahul Singh,Deepraj Gaonkar,1,0,,,,,,,,,
1244335,2020/21,2021-01-13, Emerald Heights International School Ground,1,8.7,Services,Goa,Rahul Singh,Ravi Chauhan,Deepraj Gaonkar,1,0,,,,,,,,,
1244335,2020/21,2021-01-13, Emerald Heights International School Ground,1,9.1,Services,Goa,Rahul Singh,Ravi Chauhan,MG Sirur,6,0,,,,,,,,,
1244335,2020/21,2021-01-13, Emerald Heights International School Ground,1,9.2,Services,Goa,Rahul Singh,Ravi Chauhan,MG Sirur,0,0,,,,,,,,,
1244335,2020/21,2021-01-13, Emerald Heights International School Ground,1,9.3,Services,Goa,Rahul Singh,Ravi Chauhan,MG Sirur,1,0,,,,,,,,,
1244335,2020/21,2021-01-13, Emerald Heights International School Ground,1,9.4,Services,Goa,Ravi Chauhan,Rahul Singh,MG Sirur,0,0,,,,,,,,,
1244335,2020/21,2021-01-13, Emerald Heights International School Ground,1,9.5,Services,Goa,Ravi Chauhan,Rahul Singh,MG Sirur,1,0,,,,,,,,,
1244335,2020/21,2021-01-13, Emerald Heights International School Ground,1,9.6,Services,Goa,Rahul Singh,Ravi Chauhan,MG Sirur,0,0,,,,,,,,,
1244335,2020/21,2021-01-13, Emerald Heights International School Ground,1,10.1,Services,Goa,Ravi Chauhan,Rahul Singh,SS Prabhudessai,1,0,,,,,,,,,
1244335,2020/21,2021-01-13, Emerald Heights International School Ground,1,10.2,Services,Goa,Rahul Singh,Ravi Chauhan,SS Prabhudessai,1,0,,,,,,,,,
1244335,2020/21,2021-01-13, Emerald Heights International School Ground,1,10.3,Services,Goa,Ravi Chauhan,Rahul Singh,SS Prabhudessai,0,0,,,,,,,,,
1244335,2020/21,2021-01-13, Emerald Heights International School Ground,1,10.4,Services,Goa,Ravi Chauhan,Rahul Singh,SS Prabhudessai,4,0,,,,,,,,,
1244335,2020/21,2021-01-13, Emerald Heights International School Ground,1,10.5,Services,Goa,Ravi Chauhan,Rahul Singh,SS Prabhudessai,0,0,,,,,,,,,
1244335,2020/21,2021-01-13, Emerald Heights International School Ground,1,10.6,Services,Goa,Ravi Chauhan,Rahul Singh,SS Prabhudessai,1,0,,,,,,,,,
1244335,2020/21,2021-01-13, Emerald Heights International School Ground,1,11.1,Services,Goa,Ravi Chauhan,Rahul Singh,MG Sirur,1,0,,,,,,,,,
1244335,2020/21,2021-01-13, Emerald Heights International School Ground,1,11.2,Services,Goa,Rahul Singh,Ravi Chauhan,MG Sirur,0,0,,,,,,caught,Rahul Singh,,
1244335,2020/21,2021-01-13, Emerald Heights International School Ground,1,11.3,Services,Goa,Rajat Paliwal,Ravi Chauhan,MG Sirur,1,0,,,,,,,,,
1244335,2020/21,2021-01-13, Emerald Heights International School Ground,1,11.4,Services,Goa,Ravi Chauhan,Rajat Paliwal,MG Sirur,1,0,,,,,,,,,
1244335,2020/21,2021-01-13, Emerald Heights International School Ground,1,11.5,Services,Goa,Rajat Paliwal,Ravi Chauhan,MG Sirur,1,0,,,,,,,,,
1244335,2020/21,2021-01-13, Emerald Heights International School Ground,1,11.6,Services,Goa,Ravi Chauhan,Rajat Paliwal,MG Sirur,1,0,,,,,,,,,
1244335,2020/21,2021-01-13, Emerald Heights International School Ground,1,12.1,Services,Goa,Ravi Chauhan,Rajat Paliwal,Darshan Misal,1,0,,,,,,,,,
1244335,2020/21,2021-01-13, Emerald Heights International School Ground,1,12.2,Services,Goa,Rajat Paliwal,Ravi Chauhan,Darshan Misal,1,0,,,,,,,,,
1244335,2020/21,2021-01-13, Emerald Heights International School Ground,1,12.3,Services,Goa,Ravi Chauhan,Rajat Paliwal,Darshan Misal,0,0,,,,,,,,,
1244335,2020/21,2021-01-13, Emerald Heights International School Ground,1,12.4,Services,Goa,Ravi Chauhan,Rajat Paliwal,Darshan Misal,1,0,,,,,,,,,
1244335,2020/21,2021-01-13, Emerald Heights International School Ground,1,12.5,Services,Goa,Rajat Paliwal,Ravi Chauhan,Darshan Misal,1,0,,,,,,,,,
1244335,2020/21,2021-01-13, Emerald Heights International School Ground,1,12.6,Services,Goa,Ravi Chauhan,Rajat Paliwal,Darshan Misal,0,0,,,,,,,,,
1244335,2020/21,2021-01-13, Emerald Heights International School Ground,1,13.1,Services,Goa,Rajat Paliwal,Ravi Chauhan,Amit Verma,1,0,,,,,,,,,
1244335,2020/21,2021-01-13, Emerald Heights International School Ground,1,13.2,Services,Goa,Ravi Chauhan,Rajat Paliwal,Amit Verma,1,0,,,,,,,,,
1244335,2020/21,2021-01-13, Emerald Heights International School Ground,1,13.3,Services,Goa,Rajat Paliwal,Ravi Chauhan,Amit Verma,1,0,,,,,,,,,
1244335,2020/21,2021-01-13, Emerald Heights International School Ground,1,13.4,Services,Goa,Ravi Chauhan,Rajat Paliwal,Amit Verma,4,0,,,,,,,,,
1244335,2020/21,2021-01-13, Emerald Heights International School Ground,1,13.5,Services,Goa,Ravi Chauhan,Rajat Paliwal,Amit Verma,2,0,,,,,,,,,
1244335,2020/21,2021-01-13, Emerald Heights International School Ground,1,13.6,Services,Goa,Ravi Chauhan,Rajat Paliwal,Amit Verma,4,0,,,,,,,,,
1244335,2020/21,2021-01-13, Emerald Heights International School Ground,1,14.1,Services,Goa,Rajat Paliwal,Ravi Chauhan,Deepraj Gaonkar,1,0,,,,,,,,,
1244335,2020/21,2021-01-13, Emerald Heights International School Ground,1,14.2,Services,Goa,Ravi Chauhan,Rajat Paliwal,Deepraj Gaonkar,0,0,,,,,,,,,
1244335,2020/21,2021-01-13, Emerald Heights International School Ground,1,14.3,Services,Goa,Ravi Chauhan,Rajat Paliwal,Deepraj Gaonkar,0,0,,,,,,,,,
1244335,2020/21,2021-01-13, Emerald Heights International School Ground,1,14.4,Services,Goa,Ravi Chauhan,Rajat Paliwal,Deepraj Gaonkar,4,0,,,,,,,,,
1244335,2020/21,2021-01-13, Emerald Heights International School Ground,1,14.5,Services,Goa,Ravi Chauhan,Rajat Paliwal,Deepraj Gaonkar,0,0,,,,,,,,,
1244335,2020/21,2021-01-13, Emerald Heights International School Ground,1,14.6,Services,Goa,Ravi Chauhan,Rajat Paliwal,Deepraj Gaonkar,1,0,,,,,,,,,
1244335,2020/21,2021-01-13, Emerald Heights International School Ground,1,15.1,Services,Goa,Ravi Chauhan,Rajat Paliwal,Darshan Misal,1,0,,,,,,,,,
1244335,2020/21,2021-01-13, Emerald Heights International School Ground,1,15.2,Services,Goa,Rajat Paliwal,Ravi Chauhan,Darshan Misal,6,0,,,,,,,,,
1244335,2020/21,2021-01-13, Emerald Heights International School Ground,1,15.3,Services,Goa,Rajat Paliwal,Ravi Chauhan,Darshan Misal,1,0,,,,,,,,,
1244335,2020/21,2021-01-13, Emerald Heights International School Ground,1,15.4,Services,Goa,Ravi Chauhan,Rajat Paliwal,Darshan Misal,0,1,,,1,,,run out,Ravi Chauhan,,
1244335,2020/21,2021-01-13, Emerald Heights International School Ground,1,15.5,Services,Goa,Vikas Hathwala,Rajat Paliwal,Darshan Misal,6,0,,,,,,,,,
1244335,2020/21,2021-01-13, Emerald Heights International School Ground,1,15.6,Services,Goa,Vikas Hathwala,Rajat Paliwal,Darshan Misal,1,0,,,,,,,,,
1244335,2020/21,2021-01-13, Emerald Heights International School Ground,1,16.1,Services,Goa,Vikas Hathwala,Rajat Paliwal,AB Dinda,1,0,,,,,,,,,
1244335,2020/21,2021-01-13, Emerald Heights International School Ground,1,16.2,Services,Goa,Rajat Paliwal,Vikas Hathwala,AB Dinda,1,0,,,,,,,,,
1244335,2020/21,2021-01-13, Emerald Heights International School Ground,1,16.3,Services,Goa,Vikas Hathwala,Rajat Paliwal,AB Dinda,1,0,,,,,,,,,
1244335,2020/21,2021-01-13, Emerald Heights International School Ground,1,16.4,Services,Goa,Rajat Paliwal,Vikas Hathwala,AB Dinda,1,0,,,,,,,,,
1244335,2020/21,2021-01-13, Emerald Heights International School Ground,1,16.5,Services,Goa,Vikas Hathwala,Rajat Paliwal,AB Dinda,1,0,,,,,,,,,
1244335,2020/21,2021-01-13, Emerald Heights International School Ground,1,16.6,Services,Goa,Rajat Paliwal,Vikas Hathwala,AB Dinda,1,0,,,,,,,,,
1244335,2020/21,2021-01-13, Emerald Heights International School Ground,1,17.1,Services,Goa,Rajat Paliwal,Vikas Hathwala,Lakshay Garg,4,0,,,,,,,,,
1244335,2020/21,2021-01-13, Emerald Heights International School Ground,1,17.2,Services,Goa,Rajat Paliwal,Vikas Hathwala,Lakshay Garg,1,0,,,,,,,,,
1244335,2020/21,2021-01-13, Emerald Heights International School Ground,1,17.3,Services,Goa,Vikas Hathwala,Rajat Paliwal,Lakshay Garg,0,0,,,,,,,,,
1244335,2020/21,2021-01-13, Emerald Heights International School Ground,1,17.4,Services,Goa,Vikas Hathwala,Rajat Paliwal,Lakshay Garg,1,0,,,,,,,,,
1244335,2020/21,2021-01-13, Emerald Heights International School Ground,1,17.5,Services,Goa,Rajat Paliwal,Vikas Hathwala,Lakshay Garg,1,0,,,,,,,,,
1244335,2020/21,2021-01-13, Emerald Heights International School Ground,1,17.6,Services,Goa,Vikas Hathwala,Rajat Paliwal,Lakshay Garg,0,0,,,,,,,,,
1244335,2020/21,2021-01-13, Emerald Heights International School Ground,1,18.1,Services,Goa,Rajat Paliwal,Vikas Hathwala,AB Dinda,0,0,,,,,,,,,
1244335,2020/21,2021-01-13, Emerald Heights International School Ground,1,18.2,Services,Goa,Rajat Paliwal,Vikas Hathwala,AB Dinda,4,0,,,,,,,,,
1244335,2020/21,2021-01-13, Emerald Heights International School Ground,1,18.3,Services,Goa,Rajat Paliwal,Vikas Hathwala,AB Dinda,0,0,,,,,,caught,Rajat Paliwal,,
1244335,2020/21,2021-01-13, Emerald Heights International School Ground,1,18.4,Services,Goa,Vikas Hathwala,Nakul Sharma,AB Dinda,1,0,,,,,,,,,
1244335,2020/21,2021-01-13, Emerald Heights International School Ground,1,18.5,Services,Goa,Nakul Sharma,Vikas Hathwala,AB Dinda,0,0,,,,,,,,,
1244335,2020/21,2021-01-13, Emerald Heights International School Ground,1,18.6,Services,Goa,Nakul Sharma,Vikas Hathwala,AB Dinda,0,0,,,,,,,,,
1244335,2020/21,2021-01-13, Emerald Heights International School Ground,1,19.1,Services,Goa,Vikas Hathwala,Nakul Sharma,Lakshay Garg,1,0,,,,,,,,,
1244335,2020/21,2021-01-13, Emerald Heights International School Ground,1,19.2,Services,Goa,Nakul Sharma,Vikas Hathwala,Lakshay Garg,2,0,,,,,,,,,
1244335,2020/21,2021-01-13, Emerald Heights International School Ground,1,19.3,Services,Goa,Nakul Sharma,Vikas Hathwala,Lakshay Garg,0,0,,,,,,caught,Nakul Sharma,,
1244335,2020/21,2021-01-13, Emerald Heights International School Ground,1,19.4,Services,Goa,Diwesh Pathania,Vikas Hathwala,Lakshay Garg,0,0,,,,,,run out,Vikas Hathwala,,
1244335,2020/21,2021-01-13, Emerald Heights International School Ground,1,19.5,Services,Goa,Mohit Kumar,Diwesh Pathania,Lakshay Garg,1,0,,,,,,,,,
1244335,2020/21,2021-01-13, Emerald Heights International School Ground,1,19.6,Services,Goa,Diwesh Pathania,Mohit Kumar,Lakshay Garg,0,0,,,,,,caught and bowled,Diwesh Pathania,,
1244335,2020/21,2021-01-13, Emerald Heights International School Ground,2,0.1,Goa,Services,Amogh Desai,Aditya Kaushik,Diwesh Pathania,0,0,,,,,,,,,
1244335,2020/21,2021-01-13, Emerald Heights International School Ground,2,0.2,Goa,Services,Amogh Desai,Aditya Kaushik,Diwesh Pathania,0,0,,,,,,,,,
1244335,2020/21,2021-01-13, Emerald Heights International School Ground,2,0.3,Goa,Services,Amogh Desai,Aditya Kaushik,Diwesh Pathania,1,0,,,,,,,,,
1244335,2020/21,2021-01-13, Emerald Heights International School Ground,2,0.4,Goa,Services,Aditya Kaushik,Amogh Desai,Diwesh Pathania,0,0,,,,,,,,,
1244335,2020/21,2021-01-13, Emerald Heights International School Ground,2,0.5,Goa,Services,Aditya Kaushik,Amogh Desai,Diwesh Pathania,0,0,,,,,,,,,
1244335,2020/21,2021-01-13, Emerald Heights International School Ground,2,0.6,Goa,Services,Aditya Kaushik,Amogh Desai,Diwesh Pathania,0,0,,,,,,,,,
1244335,2020/21,2021-01-13, Emerald Heights International School Ground,2,1.1,Goa,Services,Amogh Desai,Aditya Kaushik,Varun Choudhary,0,0,,,,,,,,,
1244335,2020/21,2021-01-13, Emerald Heights International School Ground,2,1.2,Goa,Services,Amogh Desai,Aditya Kaushik,Varun Choudhary,1,0,,,,,,,,,
1244335,2020/21,2021-01-13, Emerald Heights International School Ground,2,1.3,Goa,Services,Aditya Kaushik,Amogh Desai,Varun Choudhary,1,0,,,,,,,,,
1244335,2020/21,2021-01-13, Emerald Heights International School Ground,2,1.4,Goa,Services,Amogh Desai,Aditya Kaushik,Varun Choudhary,1,0,,,,,,,,,
1244335,2020/21,2021-01-13, Emerald Heights International School Ground,2,1.5,Goa,Services,Aditya Kaushik,Amogh Desai,Varun Choudhary,2,0,,,,,,,,,
1244335,2020/21,2021-01-13, Emerald Heights International School Ground,2,1.6,Goa,Services,Aditya Kaushik,Amogh Desai,Varun Choudhary,0,0,,,,,,,,,
1244335,2020/21,2021-01-13, Emerald Heights International School Ground,2,2.1,Goa,Services,Amogh Desai,Aditya Kaushik,Diwesh Pathania,0,0,,,,,,,,,
1244335,2020/21,2021-01-13, Emerald Heights International School Ground,2,2.2,Goa,Services,Amogh Desai,Aditya Kaushik,Diwesh Pathania,1,0,,,,,,,,,
1244335,2020/21,2021-01-13, Emerald Heights International School Ground,2,2.3,Goa,Services,Aditya Kaushik,Amogh Desai,Diwesh Pathania,1,0,,,,,,,,,
1244335,2020/21,2021-01-13, Emerald Heights International School Ground,2,2.4,Goa,Services,Amogh Desai,Aditya Kaushik,Diwesh Pathania,1,0,,,,,,,,,
1244335,2020/21,2021-01-13, Emerald Heights International School Ground,2,2.5,Goa,Services,Aditya Kaushik,Amogh Desai,Diwesh Pathania,4,0,,,,,,,,,
1244335,2020/21,2021-01-13, Emerald Heights International School Ground,2,2.6,Goa,Services,Aditya Kaushik,Amogh Desai,Diwesh Pathania,0,0,,,,,,,,,
1244335,2020/21,2021-01-13, Emerald Heights International School Ground,2,3.1,Goa,Services,Amogh Desai,Aditya Kaushik,Mohit Kumar,0,0,,,,,,,,,
1244335,2020/21,2021-01-13, Emerald Heights International School Ground,2,3.2,Goa,Services,Amogh Desai,Aditya Kaushik,Mohit Kumar,0,0,,,,,,caught,Amogh Desai,,
1244335,2020/21,2021-01-13, Emerald Heights International School Ground,2,3.3,Goa,Services,Aditya Kaushik,Snehal Kauthankar,Mohit Kumar,1,0,,,,,,,,,
1244335,2020/21,2021-01-13, Emerald Heights International School Ground,2,3.4,Goa,Services,Snehal Kauthankar,Aditya Kaushik,Mohit Kumar,1,0,,,,,,,,,
1244335,2020/21,2021-01-13, Emerald Heights International School Ground,2,3.5,Goa,Services,Aditya Kaushik,Snehal Kauthankar,Mohit Kumar,0,0,,,,,,,,,
1244335,2020/21,2021-01-13, Emerald Heights International School Ground,2,3.6,Goa,Services,Aditya Kaushik,Snehal Kauthankar,Mohit Kumar,0,0,,,,,,,,,
1244335,2020/21,2021-01-13, Emerald Heights International School Ground,2,4.1,Goa,Services,Snehal Kauthankar,Aditya Kaushik,Varun Choudhary,4,0,,,,,,,,,
1244335,2020/21,2021-01-13, Emerald Heights International School Ground,2,4.2,Goa,Services,Snehal Kauthankar,Aditya Kaushik,Varun Choudhary,0,0,,,,,,,,,
1244335,2020/21,2021-01-13, Emerald Heights International School Ground,2,4.3,Goa,Services,Snehal Kauthankar,Aditya Kaushik,Varun Choudhary,0,0,,,,,,,,,
1244335,2020/21,2021-01-13, Emerald Heights International School Ground,2,4.4,Goa,Services,Snehal Kauthankar,Aditya Kaushik,Varun Choudhary,1,0,,,,,,,,,
1244335,2020/21,2021-01-13, Emerald Heights International School Ground,2,4.5,Goa,Services,Aditya Kaushik,Snehal Kauthankar,Varun Choudhary,4,0,,,,,,,,,
1244335,2020/21,2021-01-13, Emerald Heights International School Ground,2,4.6,Goa,Services,Aditya Kaushik,Snehal Kauthankar,Varun Choudhary,1,0,,,,,,,,,
1244335,2020/21,2021-01-13, Emerald Heights International School Ground,2,5.1,Goa,Services,Aditya Kaushik,Snehal Kauthankar,Mohit Kumar,4,0,,,,,,,,,
1244335,2020/21,2021-01-13, Emerald Heights International School Ground,2,5.2,Goa,Services,Aditya Kaushik,Snehal Kauthankar,Mohit Kumar,1,0,,,,,,,,,
1244335,2020/21,2021-01-13, Emerald Heights International School Ground,2,5.3,Goa,Services,Snehal Kauthankar,Aditya Kaushik,Mohit Kumar,1,0,,,,,,,,,
1244335,2020/21,2021-01-13, Emerald Heights International School Ground,2,5.4,Goa,Services,Aditya Kaushik,Snehal Kauthankar,Mohit Kumar,1,0,,,,,,,,,
1244335,2020/21,2021-01-13, Emerald Heights International School Ground,2,5.5,Goa,Services,Snehal Kauthankar,Aditya Kaushik,Mohit Kumar,4,0,,,,,,,,,
1244335,2020/21,2021-01-13, Emerald Heights International School Ground,2,5.6,Goa,Services,Snehal Kauthankar,Aditya Kaushik,Mohit Kumar,0,0,,,,,,,,,
1244335,2020/21,2021-01-13, Emerald Heights International School Ground,2,6.1,Goa,Services,Aditya Kaushik,Snehal Kauthankar,Vikas Yadav,1,0,,,,,,,,,
1244335,2020/21,2021-01-13, Emerald Heights International School Ground,2,6.2,Goa,Services,Snehal Kauthankar,Aditya Kaushik,Vikas Yadav,1,0,,,,,,,,,
1244335,2020/21,2021-01-13, Emerald Heights International School Ground,2,6.3,Goa,Services,Aditya Kaushik,Snehal Kauthankar,Vikas Yadav,1,0,,,,,,,,,
1244335,2020/21,2021-01-13, Emerald Heights International School Ground,2,6.4,Goa,Services,Snehal Kauthankar,Aditya Kaushik,Vikas Yadav,4,0,,,,,,,,,
1244335,2020/21,2021-01-13, Emerald Heights International School Ground,2,6.5,Goa,Services,Snehal Kauthankar,Aditya Kaushik,Vikas Yadav,1,0,,,,,,,,,
1244335,2020/21,2021-01-13, Emerald Heights International School Ground,2,6.6,Goa,Services,Aditya Kaushik,Snehal Kauthankar,Vikas Yadav,1,0,,,,,,,,,
1244335,2020/21,2021-01-13, Emerald Heights International School Ground,2,7.1,Goa,Services,Aditya Kaushik,Snehal Kauthankar,Pulkit Narang,1,0,,,,,,,,,
1244335,2020/21,2021-01-13, Emerald Heights International School Ground,2,7.2,Goa,Services,Snehal Kauthankar,Aditya Kaushik,Pulkit Narang,1,0,,,,,,,,,
1244335,2020/21,2021-01-13, Emerald Heights International School Ground,2,7.3,Goa,Services,Aditya Kaushik,Snehal Kauthankar,Pulkit Narang,1,0,,,,,,,,,
1244335,2020/21,2021-01-13, Emerald Heights International School Ground,2,7.4,Goa,Services,Snehal Kauthankar,Aditya Kaushik,Pulkit Narang,1,0,,,,,,,,,
1244335,2020/21,2021-01-13, Emerald Heights International School Ground,2,7.5,Goa,Services,Aditya Kaushik,Snehal Kauthankar,Pulkit Narang,6,0,,,,,,,,,
1244335,2020/21,2021-01-13, Emerald Heights International School Ground,2,7.6,Goa,Services,Aditya Kaushik,Snehal Kauthankar,Pulkit Narang,1,0,,,,,,,,,
1244335,2020/21,2021-01-13, Emerald Heights International School Ground,2,8.1,Goa,Services,Aditya Kaushik,Snehal Kauthankar,Vikas Yadav,0,0,,,,,,,,,
1244335,2020/21,2021-01-13, Emerald Heights International School Ground,2,8.2,Goa,Services,Aditya Kaushik,Snehal Kauthankar,Vikas Yadav,1,0,,,,,,,,,
1244335,2020/21,2021-01-13, Emerald Heights International School Ground,2,8.3,Goa,Services,Snehal Kauthankar,Aditya Kaushik,Vikas Yadav,0,0,,,,,,caught,Snehal Kauthankar,,
1244335,2020/21,2021-01-13, Emerald Heights International School Ground,2,8.4,Goa,Services,Aditya Kaushik,Amit Verma,Vikas Yadav,1,0,,,,,,,,,
1244335,2020/21,2021-01-13, Emerald Heights International School Ground,2,8.5,Goa,Services,Amit Verma,Aditya Kaushik,Vikas Yadav,1,0,,,,,,,,,
1244335,2020/21,2021-01-13, Emerald Heights International School Ground,2,8.6,Goa,Services,Aditya Kaushik,Amit Verma,Vikas Yadav,0,0,,,,,,,,,
1244335,2020/21,2021-01-13, Emerald Heights International School Ground,2,9.1,Goa,Services,Amit Verma,Aditya Kaushik,Pulkit Narang,1,0,,,,,,,,,
1244335,2020/21,2021-01-13, Emerald Heights International School Ground,2,9.2,Goa,Services,Aditya Kaushik,Amit Verma,Pulkit Narang,1,0,,,,,,,,,
1244335,2020/21,2021-01-13, Emerald Heights International School Ground,2,9.3,Goa,Services,Amit Verma,Aditya Kaushik,Pulkit Narang,0,0,,,,,,,,,
1244335,2020/21,2021-01-13, Emerald Heights International School Ground,2,9.4,Goa,Services,Amit Verma,Aditya Kaushik,Pulkit Narang,0,0,,,,,,,,,
1244335,2020/21,2021-01-13, Emerald Heights International School Ground,2,9.5,Goa,Services,Amit Verma,Aditya Kaushik,Pulkit Narang,0,0,,,,,,,,,
1244335,2020/21,2021-01-13, Emerald Heights International School Ground,2,9.6,Goa,Services,Amit Verma,Aditya Kaushik,Pulkit Narang,1,0,,,,,,,,,
1244335,2020/21,2021-01-13, Emerald Heights International School Ground,2,10.1,Goa,Services,Amit Verma,Aditya Kaushik,Vikas Yadav,1,0,,,,,,,,,
1244335,2020/21,2021-01-13, Emerald Heights International School Ground,2,10.2,Goa,Services,Aditya Kaushik,Amit Verma,Vikas Yadav,1,0,,,,,,,,,
1244335,2020/21,2021-01-13, Emerald Heights International School Ground,2,10.3,Goa,Services,Amit Verma,Aditya Kaushik,Vikas Yadav,0,0,,,,,,,,,
1244335,2020/21,2021-01-13, Emerald Heights International School Ground,2,10.4,Goa,Services,Amit Verma,Aditya Kaushik,Vikas Yadav,6,0,,,,,,,,,
1244335,2020/21,2021-01-13, Emerald Heights International School Ground,2,10.5,Goa,Services,Amit Verma,Aditya Kaushik,Vikas Yadav,1,0,,,,,,,,,
1244335,2020/21,2021-01-13, Emerald Heights International School Ground,2,10.6,Goa,Services,Aditya Kaushik,Amit Verma,Vikas Yadav,1,0,,,,,,,,,
1244335,2020/21,2021-01-13, Emerald Heights International School Ground,2,11.1,Goa,Services,Aditya Kaushik,Amit Verma,Pulkit Narang,2,0,,,,,,,,,
1244335,2020/21,2021-01-13, Emerald Heights International School Ground,2,11.2,Goa,Services,Aditya Kaushik,Amit Verma,Pulkit Narang,2,0,,,,,,,,,
1244335,2020/21,2021-01-13, Emerald Heights International School Ground,2,11.3,Goa,Services,Aditya Kaushik,Amit Verma,Pulkit Narang,1,0,,,,,,,,,
1244335,2020/21,2021-01-13, Emerald Heights International School Ground,2,11.4,Goa,Services,Amit Verma,Aditya Kaushik,Pulkit Narang,1,0,,,,,,,,,
1244335,2020/21,2021-01-13, Emerald Heights International School Ground,2,11.5,Goa,Services,Aditya Kaushik,Amit Verma,Pulkit Narang,1,0,,,,,,,,,
1244335,2020/21,2021-01-13, Emerald Heights International School Ground,2,11.6,Goa,Services,Amit Verma,Aditya Kaushik,Pulkit Narang,1,0,,,,,,,,,
1244335,2020/21,2021-01-13, Emerald Heights International School Ground,2,12.1,Goa,Services,Amit Verma,Aditya Kaushik,Vikas Yadav,1,0,,,,,,,,,
1244335,2020/21,2021-01-13, Emerald Heights International School Ground,2,12.2,Goa,Services,Aditya Kaushik,Amit Verma,Vikas Yadav,1,0,,,,,,,,,
1244335,2020/21,2021-01-13, Emerald Heights International School Ground,2,12.3,Goa,Services,Amit Verma,Aditya Kaushik,Vikas Yadav,1,0,,,,,,,,,
1244335,2020/21,2021-01-13, Emerald Heights International School Ground,2,12.4,Goa,Services,Aditya Kaushik,Amit Verma,Vikas Yadav,6,0,,,,,,,,,
1244335,2020/21,2021-01-13, Emerald Heights International School Ground,2,12.5,Goa,Services,Aditya Kaushik,Amit Verma,Vikas Yadav,1,0,,,,,,,,,
1244335,2020/21,2021-01-13, Emerald Heights International School Ground,2,12.6,Goa,Services,Amit Verma,Aditya Kaushik,Vikas Yadav,2,0,,,,,,,,,
1244335,2020/21,2021-01-13, Emerald Heights International School Ground,2,13.1,Goa,Services,Aditya Kaushik,Amit Verma,Diwesh Pathania,1,0,,,,,,,,,
1244335,2020/21,2021-01-13, Emerald Heights International School Ground,2,13.2,Goa,Services,Amit Verma,Aditya Kaushik,Diwesh Pathania,0,0,,,,,,,,,
1244335,2020/21,2021-01-13, Emerald Heights International School Ground,2,13.3,Goa,Services,Amit Verma,Aditya Kaushik,Diwesh Pathania,1,0,,,,,,,,,
1244335,2020/21,2021-01-13, Emerald Heights International School Ground,2,13.4,Goa,Services,Aditya Kaushik,Amit Verma,Diwesh Pathania,1,0,,,,,,,,,
1244335,2020/21,2021-01-13, Emerald Heights International School Ground,2,13.5,Goa,Services,Amit Verma,Aditya Kaushik,Diwesh Pathania,6,0,,,,,,,,,
1244335,2020/21,2021-01-13, Emerald Heights International School Ground,2,13.6,Goa,Services,Amit Verma,Aditya Kaushik,Diwesh Pathania,4,0,,,,,,,,,
1244335,2020/21,2021-01-13, Emerald Heights International School Ground,2,14.1,Goa,Services,Aditya Kaushik,Amit Verma,Mohit Kumar,1,0,,,,,,,,,
1244335,2020/21,2021-01-13, Emerald Heights International School Ground,2,14.2,Goa,Services,Amit Verma,Aditya Kaushik,Mohit Kumar,1,0,,,,,,,,,
1244335,2020/21,2021-01-13, Emerald Heights International School Ground,2,14.3,Goa,Services,Aditya Kaushik,Amit Verma,Mohit Kumar,4,0,,,,,,,,,
1244335,2020/21,2021-01-13, Emerald Heights International School Ground,2,14.4,Goa,Services,Aditya Kaushik,Amit Verma,Mohit Kumar,6,0,,,,,,,,,
1244335,2020/21,2021-01-13, Emerald Heights International School Ground,2,14.5,Goa,Services,Aditya Kaushik,Amit Verma,Mohit Kumar,0,0,,,,,,,,,
1244335,2020/21,2021-01-13, Emerald Heights International School Ground,2,14.6,Goa,Services,Aditya Kaushik,Amit Verma,Mohit Kumar,1,0,,,,,,,,,
1244335,2020/21,2021-01-13, Emerald Heights International School Ground,2,15.1,Goa,Services,Aditya Kaushik,Amit Verma,Varun Choudhary,1,0,,,,,,,,,
1244335,2020/21,2021-01-13, Emerald Heights International School Ground,2,15.2,Goa,Services,Amit Verma,Aditya Kaushik,Varun Choudhary,1,0,,,,,,,,,
1244335,2020/21,2021-01-13, Emerald Heights International School Ground,2,15.3,Goa,Services,Aditya Kaushik,Amit Verma,Varun Choudhary,0,1,,,,1,,,,,
1244335,2020/21,2021-01-13, Emerald Heights International School Ground,2,15.4,Goa,Services,Amit Verma,Aditya Kaushik,Varun Choudhary,2,0,,,,,,,,,
1244335,2020/21,2021-01-13, Emerald Heights International School Ground,2,15.5,Goa,Services,Amit Verma,Aditya Kaushik,Varun Choudhary,1,0,,,,,,,,,
1244335,2020/21,2021-01-13, Emerald Heights International School Ground,2,15.6,Goa,Services,Aditya Kaushik,Amit Verma,Varun Choudhary,1,0,,,,,,,,,
1244335,2020/21,2021-01-13, Emerald Heights International School Ground,2,16.1,Goa,Services,Aditya Kaushik,Amit Verma,Diwesh Pathania,4,0,,,,,,,,,
1244335,2020/21,2021-01-13, Emerald Heights International School Ground,2,16.2,Goa,Services,Aditya Kaushik,Amit Verma,Diwesh Pathania,1,0,,,,,,,,,
1244335,2020/21,2021-01-13, Emerald Heights International School Ground,2,16.3,Goa,Services,Amit Verma,Aditya Kaushik,Diwesh Pathania,6,0,,,,,,,,,
1244335,2020/21,2021-01-13, Emerald Heights International School Ground,2,16.4,Goa,Services,Amit Verma,Aditya Kaushik,Diwesh Pathania,2,0,,,,,,,,,
1244335,2020/21,2021-01-13, Emerald Heights International School Ground,2,16.5,Goa,Services,Amit Verma,Aditya Kaushik,Diwesh Pathania,1,0,,,,,,,,,
1244335,2020/21,2021-01-13, Emerald Heights International School Ground,2,16.6,Goa,Services,Aditya Kaushik,Amit Verma,Diwesh Pathania,1,0,,,,,,,,,
1244335,2020/21,2021-01-13, Emerald Heights International School Ground,2,17.1,Goa,Services,Aditya Kaushik,Amit Verma,Varun Choudhary,0,1,1,,,,,,,,
1244335,2020/21,2021-01-13, Emerald Heights International School Ground,2,17.2,Goa,Services,Aditya Kaushik,Amit Verma,Varun Choudhary,1,0,,,,,,,,,
1244335,2020/21,2021-01-13, Emerald Heights International School Ground,2,17.3,Goa,Services,Amit Verma,Aditya Kaushik,Varun Choudhary,0,0,,,,,,caught,Amit Verma,,
1244335,2020/21,2021-01-13, Emerald Heights International School Ground,2,17.4,Goa,Services,Aditya Kaushik,Darshan Misal,Varun Choudhary,1,0,,,,,,,,,
1244335,2020/21,2021-01-13, Emerald Heights International School Ground,2,17.5,Goa,Services,Darshan Misal,Aditya Kaushik,Varun Choudhary,1,0,,,,,,,,,
1244335,2020/21,2021-01-13, Emerald Heights International School Ground,2,17.6,Goa,Services,Aditya Kaushik,Darshan Misal,Varun Choudhary,2,0,,,,,,,,,
1244335,2020/21,2021-01-13, Emerald Heights International School Ground,2,17.7,Goa,Services,Aditya Kaushik,Darshan Misal,Varun Choudhary,1,0,,,,,,,,,
1244335,2020/21,2021-01-13, Emerald Heights International School Ground,2,18.1,Goa,Services,Aditya Kaushik,Darshan Misal,Mohit Kumar,0,0,,,,,,caught,Aditya Kaushik,,
1244335,2020/21,2021-01-13, Emerald Heights International School Ground,2,18.2,Goa,Services,Darshan Misal,SS Prabhudessai,Mohit Kumar,1,0,,,,,,,,,
1244335,2020/21,2021-01-13, Emerald Heights International School Ground,2,18.3,Goa,Services,SS Prabhudessai,Darshan Misal,Mohit Kumar,1,0,,,,,,,,,
1244335,2020/21,2021-01-13, Emerald Heights International School Ground,2,18.4,Goa,Services,Darshan Misal,SS Prabhudessai,Mohit Kumar,4,0,,,,,,,,,
1244335,2020/21,2021-01-13, Emerald Heights International School Ground,2,18.5,Goa,Services,Darshan Misal,SS Prabhudessai,Mohit Kumar,0,1,,,1,,,,,,
1244335,2020/21,2021-01-13, Emerald Heights International School Ground,2,18.6,Goa,Services,SS Prabhudessai,Darshan Misal,Mohit Kumar,0,0,,,,,,caught,SS Prabhudessai,,
1244335,2020/21,2021-01-13, Emerald Heights International School Ground,2,19.1,Goa,Services,Eknath Kerkar,Darshan Misal,Pulkit Narang,1,0,,,,,,,,,
1244335,2020/21,2021-01-13, Emerald Heights International School Ground,2,19.2,Goa,Services,Darshan Misal,Eknath Kerkar,Pulkit Narang,2,0,,,,,,,,,
1244335,2020/21,2021-01-13, Emerald Heights International School Ground,2,19.3,Goa,Services,Darshan Misal,Eknath Kerkar,Pulkit Narang,0,0,,,,,,,,,
1244335,2020/21,2021-01-13, Emerald Heights International School Ground,2,19.4,Goa,Services,Darshan Misal,Eknath Kerkar,Pulkit Narang,6,0,,,,,,,,,
