match_id,season,start_date,venue,innings,ball,batting_team,bowling_team,striker,non_striker,bowler,runs_off_bat,extras,wides,noballs,byes,legbyes,penalty,wicket_type,player_dismissed,other_wicket_type,other_player_dismissed
1244364,2020/21,2021-01-16,Alur Cricket Stadium II,1,0.1,Railways,Karnataka,Mrunal Devdhar,Pratham Singh,A Mithun,0,0,,,,,,,,,
1244364,2020/21,2021-01-16,Alur Cricket Stadium II,1,0.2,Railways,Karnataka,Mrunal Devdhar,Pratham Singh,A Mithun,1,0,,,,,,,,,
1244364,2020/21,2021-01-16,Alur Cricket Stadium II,1,0.3,Railways,Karnataka,Pratham Singh,Mrunal Devdhar,A Mithun,0,0,,,,,,,,,
1244364,2020/21,2021-01-16,Alur Cricket Stadium II,1,0.4,Railways,Karnataka,Pratham Singh,Mrunal Devdhar,A Mithun,0,0,,,,,,,,,
1244364,2020/21,2021-01-16,Alur Cricket Stadium II,1,0.5,Railways,Karnataka,Pratham Singh,Mrunal Devdhar,A Mithun,0,0,,,,,,,,,
1244364,2020/21,2021-01-16,Alur Cricket Stadium II,1,0.6,Railways,Karnataka,Pratham Singh,Mrunal Devdhar,A Mithun,0,0,,,,,,,,,
1244364,2020/21,2021-01-16,Alur Cricket Stadium II,1,1.1,Railways,Karnataka,Mrunal Devdhar,Pratham Singh,Vasuki Koushik,1,0,,,,,,,,,
1244364,2020/21,2021-01-16,Alur Cricket Stadium II,1,1.2,Railways,Karnataka,Pratham Singh,Mrunal Devdhar,Vasuki Koushik,1,0,,,,,,,,,
1244364,2020/21,2021-01-16,Alur Cricket Stadium II,1,1.3,Railways,Karnataka,Mrunal Devdhar,Pratham Singh,Vasuki Koushik,0,0,,,,,,caught,Mrunal Devdhar,,
1244364,2020/21,2021-01-16,Alur Cricket Stadium II,1,1.4,Railways,Karnataka,Pratham Singh,Shivam Chaudhary,Vasuki Koushik,4,0,,,,,,,,,
1244364,2020/21,2021-01-16,Alur Cricket Stadium II,1,1.5,Railways,Karnataka,Pratham Singh,Shivam Chaudhary,Vasuki Koushik,0,0,,,,,,,,,
1244364,2020/21,2021-01-16,Alur Cricket Stadium II,1,1.6,Railways,Karnataka,Pratham Singh,Shivam Chaudhary,Vasuki Koushik,0,0,,,,,,,,,
1244364,2020/21,2021-01-16,Alur Cricket Stadium II,1,2.1,Railways,Karnataka,Shivam Chaudhary,Pratham Singh,M Prasidh Krishna,1,0,,,,,,,,,
1244364,2020/21,2021-01-16,Alur Cricket Stadium II,1,2.2,Railways,Karnataka,Pratham Singh,Shivam Chaudhary,M Prasidh Krishna,0,0,,,,,,,,,
1244364,2020/21,2021-01-16,Alur Cricket Stadium II,1,2.3,Railways,Karnataka,Pratham Singh,Shivam Chaudhary,M Prasidh Krishna,2,0,,,,,,,,,
1244364,2020/21,2021-01-16,Alur Cricket Stadium II,1,2.4,Railways,Karnataka,Pratham Singh,Shivam Chaudhary,M Prasidh Krishna,0,1,,,,1,,,,,
1244364,2020/21,2021-01-16,Alur Cricket Stadium II,1,2.5,Railways,Karnataka,Shivam Chaudhary,Pratham Singh,M Prasidh Krishna,1,0,,,,,,,,,
1244364,2020/21,2021-01-16,Alur Cricket Stadium II,1,2.6,Railways,Karnataka,Pratham Singh,Shivam Chaudhary,M Prasidh Krishna,4,0,,,,,,,,,
1244364,2020/21,2021-01-16,Alur Cricket Stadium II,1,3.1,Railways,Karnataka,Shivam Chaudhary,Pratham Singh,Vasuki Koushik,0,1,,,,1,,,,,
1244364,2020/21,2021-01-16,Alur Cricket Stadium II,1,3.2,Railways,Karnataka,Pratham Singh,Shivam Chaudhary,Vasuki Koushik,0,0,,,,,,,,,
1244364,2020/21,2021-01-16,Alur Cricket Stadium II,1,3.3,Railways,Karnataka,Pratham Singh,Shivam Chaudhary,Vasuki Koushik,1,0,,,,,,,,,
1244364,2020/21,2021-01-16,Alur Cricket Stadium II,1,3.4,Railways,Karnataka,Shivam Chaudhary,Pratham Singh,Vasuki Koushik,0,0,,,,,,,,,
1244364,2020/21,2021-01-16,Alur Cricket Stadium II,1,3.5,Railways,Karnataka,Shivam Chaudhary,Pratham Singh,Vasuki Koushik,0,0,,,,,,,,,
1244364,2020/21,2021-01-16,Alur Cricket Stadium II,1,3.6,Railways,Karnataka,Shivam Chaudhary,Pratham Singh,Vasuki Koushik,0,0,,,,,,,,,
1244364,2020/21,2021-01-16,Alur Cricket Stadium II,1,4.1,Railways,Karnataka,Pratham Singh,Shivam Chaudhary,M Prasidh Krishna,0,0,,,,,,,,,
1244364,2020/21,2021-01-16,Alur Cricket Stadium II,1,4.2,Railways,Karnataka,Pratham Singh,Shivam Chaudhary,M Prasidh Krishna,0,0,,,,,,,,,
1244364,2020/21,2021-01-16,Alur Cricket Stadium II,1,4.3,Railways,Karnataka,Pratham Singh,Shivam Chaudhary,M Prasidh Krishna,1,0,,,,,,,,,
1244364,2020/21,2021-01-16,Alur Cricket Stadium II,1,4.4,Railways,Karnataka,Shivam Chaudhary,Pratham Singh,M Prasidh Krishna,0,0,,,,,,,,,
1244364,2020/21,2021-01-16,Alur Cricket Stadium II,1,4.5,Railways,Karnataka,Shivam Chaudhary,Pratham Singh,M Prasidh Krishna,4,0,,,,,,,,,
1244364,2020/21,2021-01-16,Alur Cricket Stadium II,1,4.6,Railways,Karnataka,Shivam Chaudhary,Pratham Singh,M Prasidh Krishna,0,0,,,,,,,,,
1244364,2020/21,2021-01-16,Alur Cricket Stadium II,1,5.1,Railways,Karnataka,Pratham Singh,Shivam Chaudhary,Vasuki Koushik,4,0,,,,,,,,,
1244364,2020/21,2021-01-16,Alur Cricket Stadium II,1,5.2,Railways,Karnataka,Pratham Singh,Shivam Chaudhary,Vasuki Koushik,0,0,,,,,,,,,
1244364,2020/21,2021-01-16,Alur Cricket Stadium II,1,5.3,Railways,Karnataka,Pratham Singh,Shivam Chaudhary,Vasuki Koushik,4,0,,,,,,,,,
1244364,2020/21,2021-01-16,Alur Cricket Stadium II,1,5.4,Railways,Karnataka,Pratham Singh,Shivam Chaudhary,Vasuki Koushik,0,0,,,,,,,,,
1244364,2020/21,2021-01-16,Alur Cricket Stadium II,1,5.5,Railways,Karnataka,Pratham Singh,Shivam Chaudhary,Vasuki Koushik,0,0,,,,,,,,,
1244364,2020/21,2021-01-16,Alur Cricket Stadium II,1,5.6,Railways,Karnataka,Pratham Singh,Shivam Chaudhary,Vasuki Koushik,1,0,,,,,,,,,
1244364,2020/21,2021-01-16,Alur Cricket Stadium II,1,6.1,Railways,Karnataka,Pratham Singh,Shivam Chaudhary,K Gowtham,0,0,,,,,,,,,
1244364,2020/21,2021-01-16,Alur Cricket Stadium II,1,6.2,Railways,Karnataka,Pratham Singh,Shivam Chaudhary,K Gowtham,1,0,,,,,,,,,
1244364,2020/21,2021-01-16,Alur Cricket Stadium II,1,6.3,Railways,Karnataka,Shivam Chaudhary,Pratham Singh,K Gowtham,0,0,,,,,,,,,
1244364,2020/21,2021-01-16,Alur Cricket Stadium II,1,6.4,Railways,Karnataka,Shivam Chaudhary,Pratham Singh,K Gowtham,6,0,,,,,,,,,
1244364,2020/21,2021-01-16,Alur Cricket Stadium II,1,6.5,Railways,Karnataka,Shivam Chaudhary,Pratham Singh,K Gowtham,1,0,,,,,,,,,
1244364,2020/21,2021-01-16,Alur Cricket Stadium II,1,6.6,Railways,Karnataka,Pratham Singh,Shivam Chaudhary,K Gowtham,0,2,,,,2,,,,,
1244364,2020/21,2021-01-16,Alur Cricket Stadium II,1,7.1,Railways,Karnataka,Shivam Chaudhary,Pratham Singh,A Mithun,1,0,,,,,,,,,
1244364,2020/21,2021-01-16,Alur Cricket Stadium II,1,7.2,Railways,Karnataka,Pratham Singh,Shivam Chaudhary,A Mithun,1,0,,,,,,,,,
1244364,2020/21,2021-01-16,Alur Cricket Stadium II,1,7.3,Railways,Karnataka,Shivam Chaudhary,Pratham Singh,A Mithun,1,0,,,,,,,,,
1244364,2020/21,2021-01-16,Alur Cricket Stadium II,1,7.4,Railways,Karnataka,Pratham Singh,Shivam Chaudhary,A Mithun,1,0,,,,,,,,,
1244364,2020/21,2021-01-16,Alur Cricket Stadium II,1,7.5,Railways,Karnataka,Shivam Chaudhary,Pratham Singh,A Mithun,0,0,,,,,,,,,
1244364,2020/21,2021-01-16,Alur Cricket Stadium II,1,7.6,Railways,Karnataka,Shivam Chaudhary,Pratham Singh,A Mithun,1,0,,,,,,,,,
1244364,2020/21,2021-01-16,Alur Cricket Stadium II,1,8.1,Railways,Karnataka,Shivam Chaudhary,Pratham Singh,S Gopal,0,4,,,,4,,,,,
1244364,2020/21,2021-01-16,Alur Cricket Stadium II,1,8.2,Railways,Karnataka,Shivam Chaudhary,Pratham Singh,S Gopal,1,0,,,,,,,,,
1244364,2020/21,2021-01-16,Alur Cricket Stadium II,1,8.3,Railways,Karnataka,Pratham Singh,Shivam Chaudhary,S Gopal,1,0,,,,,,,,,
1244364,2020/21,2021-01-16,Alur Cricket Stadium II,1,8.4,Railways,Karnataka,Shivam Chaudhary,Pratham Singh,S Gopal,1,0,,,,,,,,,
1244364,2020/21,2021-01-16,Alur Cricket Stadium II,1,8.5,Railways,Karnataka,Pratham Singh,Shivam Chaudhary,S Gopal,2,0,,,,,,,,,
1244364,2020/21,2021-01-16,Alur Cricket Stadium II,1,8.6,Railways,Karnataka,Pratham Singh,Shivam Chaudhary,S Gopal,1,0,,,,,,,,,
1244364,2020/21,2021-01-16,Alur Cricket Stadium II,1,9.1,Railways,Karnataka,Pratham Singh,Shivam Chaudhary,P Dubey,1,0,,,,,,,,,
1244364,2020/21,2021-01-16,Alur Cricket Stadium II,1,9.2,Railways,Karnataka,Shivam Chaudhary,Pratham Singh,P Dubey,1,0,,,,,,,,,
1244364,2020/21,2021-01-16,Alur Cricket Stadium II,1,9.3,Railways,Karnataka,Pratham Singh,Shivam Chaudhary,P Dubey,6,0,,,,,,,,,
1244364,2020/21,2021-01-16,Alur Cricket Stadium II,1,9.4,Railways,Karnataka,Pratham Singh,Shivam Chaudhary,P Dubey,1,0,,,,,,,,,
1244364,2020/21,2021-01-16,Alur Cricket Stadium II,1,9.5,Railways,Karnataka,Shivam Chaudhary,Pratham Singh,P Dubey,6,0,,,,,,,,,
1244364,2020/21,2021-01-16,Alur Cricket Stadium II,1,9.6,Railways,Karnataka,Shivam Chaudhary,Pratham Singh,P Dubey,1,0,,,,,,,,,
1244364,2020/21,2021-01-16,Alur Cricket Stadium II,1,10.1,Railways,Karnataka,Shivam Chaudhary,Pratham Singh,S Gopal,1,0,,,,,,,,,
1244364,2020/21,2021-01-16,Alur Cricket Stadium II,1,10.2,Railways,Karnataka,Pratham Singh,Shivam Chaudhary,S Gopal,1,0,,,,,,,,,
1244364,2020/21,2021-01-16,Alur Cricket Stadium II,1,10.3,Railways,Karnataka,Shivam Chaudhary,Pratham Singh,S Gopal,0,0,,,,,,,,,
1244364,2020/21,2021-01-16,Alur Cricket Stadium II,1,10.4,Railways,Karnataka,Shivam Chaudhary,Pratham Singh,S Gopal,4,0,,,,,,,,,
1244364,2020/21,2021-01-16,Alur Cricket Stadium II,1,10.5,Railways,Karnataka,Shivam Chaudhary,Pratham Singh,S Gopal,2,0,,,,,,,,,
1244364,2020/21,2021-01-16,Alur Cricket Stadium II,1,10.6,Railways,Karnataka,Shivam Chaudhary,Pratham Singh,S Gopal,6,0,,,,,,,,,
1244364,2020/21,2021-01-16,Alur Cricket Stadium II,1,11.1,Railways,Karnataka,Pratham Singh,Shivam Chaudhary,P Dubey,0,0,,,,,,,,,
1244364,2020/21,2021-01-16,Alur Cricket Stadium II,1,11.2,Railways,Karnataka,Pratham Singh,Shivam Chaudhary,P Dubey,1,0,,,,,,,,,
1244364,2020/21,2021-01-16,Alur Cricket Stadium II,1,11.3,Railways,Karnataka,Shivam Chaudhary,Pratham Singh,P Dubey,1,0,,,,,,,,,
1244364,2020/21,2021-01-16,Alur Cricket Stadium II,1,11.4,Railways,Karnataka,Pratham Singh,Shivam Chaudhary,P Dubey,0,0,,,,,,,,,
1244364,2020/21,2021-01-16,Alur Cricket Stadium II,1,11.5,Railways,Karnataka,Pratham Singh,Shivam Chaudhary,P Dubey,1,0,,,,,,,,,
1244364,2020/21,2021-01-16,Alur Cricket Stadium II,1,11.6,Railways,Karnataka,Shivam Chaudhary,Pratham Singh,P Dubey,1,0,,,,,,,,,
1244364,2020/21,2021-01-16,Alur Cricket Stadium II,1,12.1,Railways,Karnataka,Shivam Chaudhary,Pratham Singh,K Gowtham,1,0,,,,,,,,,
1244364,2020/21,2021-01-16,Alur Cricket Stadium II,1,12.2,Railways,Karnataka,Pratham Singh,Shivam Chaudhary,K Gowtham,0,0,,,,,,,,,
1244364,2020/21,2021-01-16,Alur Cricket Stadium II,1,12.3,Railways,Karnataka,Pratham Singh,Shivam Chaudhary,K Gowtham,1,0,,,,,,,,,
1244364,2020/21,2021-01-16,Alur Cricket Stadium II,1,12.4,Railways,Karnataka,Shivam Chaudhary,Pratham Singh,K Gowtham,4,0,,,,,,,,,
1244364,2020/21,2021-01-16,Alur Cricket Stadium II,1,12.5,Railways,Karnataka,Shivam Chaudhary,Pratham Singh,K Gowtham,0,0,,,,,,,,,
1244364,2020/21,2021-01-16,Alur Cricket Stadium II,1,12.6,Railways,Karnataka,Shivam Chaudhary,Pratham Singh,K Gowtham,0,0,,,,,,,,,
1244364,2020/21,2021-01-16,Alur Cricket Stadium II,1,13.1,Railways,Karnataka,Pratham Singh,Shivam Chaudhary,M Prasidh Krishna,0,0,,,,,,,,,
1244364,2020/21,2021-01-16,Alur Cricket Stadium II,1,13.2,Railways,Karnataka,Pratham Singh,Shivam Chaudhary,M Prasidh Krishna,0,0,,,,,,caught,Pratham Singh,,
1244364,2020/21,2021-01-16,Alur Cricket Stadium II,1,13.3,Railways,Karnataka,Shivam Chaudhary,Avijit Singh,M Prasidh Krishna,0,0,,,,,,,,,
1244364,2020/21,2021-01-16,Alur Cricket Stadium II,1,13.4,Railways,Karnataka,Shivam Chaudhary,Avijit Singh,M Prasidh Krishna,1,0,,,,,,,,,
1244364,2020/21,2021-01-16,Alur Cricket Stadium II,1,13.5,Railways,Karnataka,Avijit Singh,Shivam Chaudhary,M Prasidh Krishna,1,0,,,,,,,,,
1244364,2020/21,2021-01-16,Alur Cricket Stadium II,1,13.6,Railways,Karnataka,Shivam Chaudhary,Avijit Singh,M Prasidh Krishna,0,0,,,,,,,,,
1244364,2020/21,2021-01-16,Alur Cricket Stadium II,1,14.1,Railways,Karnataka,Avijit Singh,Shivam Chaudhary,K Gowtham,0,0,,,,,,,,,
1244364,2020/21,2021-01-16,Alur Cricket Stadium II,1,14.2,Railways,Karnataka,Avijit Singh,Shivam Chaudhary,K Gowtham,0,0,,,,,,,,,
1244364,2020/21,2021-01-16,Alur Cricket Stadium II,1,14.3,Railways,Karnataka,Avijit Singh,Shivam Chaudhary,K Gowtham,0,0,,,,,,,,,
1244364,2020/21,2021-01-16,Alur Cricket Stadium II,1,14.4,Railways,Karnataka,Avijit Singh,Shivam Chaudhary,K Gowtham,1,0,,,,,,,,,
1244364,2020/21,2021-01-16,Alur Cricket Stadium II,1,14.5,Railways,Karnataka,Shivam Chaudhary,Avijit Singh,K Gowtham,0,0,,,,,,,,,
1244364,2020/21,2021-01-16,Alur Cricket Stadium II,1,14.6,Railways,Karnataka,Shivam Chaudhary,Avijit Singh,K Gowtham,1,0,,,,,,,,,
1244364,2020/21,2021-01-16,Alur Cricket Stadium II,1,15.1,Railways,Karnataka,Shivam Chaudhary,Avijit Singh,S Gopal,0,0,,,,,,caught,Shivam Chaudhary,,
1244364,2020/21,2021-01-16,Alur Cricket Stadium II,1,15.2,Railways,Karnataka,Dhrushant Soni,Avijit Singh,S Gopal,4,0,,,,,,,,,
1244364,2020/21,2021-01-16,Alur Cricket Stadium II,1,15.3,Railways,Karnataka,Dhrushant Soni,Avijit Singh,S Gopal,2,0,,,,,,,,,
1244364,2020/21,2021-01-16,Alur Cricket Stadium II,1,15.4,Railways,Karnataka,Dhrushant Soni,Avijit Singh,S Gopal,0,0,,,,,,,,,
1244364,2020/21,2021-01-16,Alur Cricket Stadium II,1,15.5,Railways,Karnataka,Dhrushant Soni,Avijit Singh,S Gopal,1,0,,,,,,,,,
1244364,2020/21,2021-01-16,Alur Cricket Stadium II,1,15.6,Railways,Karnataka,Avijit Singh,Dhrushant Soni,S Gopal,0,0,,,,,,caught,Avijit Singh,,
1244364,2020/21,2021-01-16,Alur Cricket Stadium II,1,16.1,Railways,Karnataka,Harsh Tyagi,Dhrushant Soni,Vasuki Koushik,1,0,,,,,,,,,
1244364,2020/21,2021-01-16,Alur Cricket Stadium II,1,16.2,Railways,Karnataka,Dhrushant Soni,Harsh Tyagi,Vasuki Koushik,1,0,,,,,,,,,
1244364,2020/21,2021-01-16,Alur Cricket Stadium II,1,16.3,Railways,Karnataka,Harsh Tyagi,Dhrushant Soni,Vasuki Koushik,0,1,1,,,,,,,,
1244364,2020/21,2021-01-16,Alur Cricket Stadium II,1,16.4,Railways,Karnataka,Harsh Tyagi,Dhrushant Soni,Vasuki Koushik,0,0,,,,,,,,,
1244364,2020/21,2021-01-16,Alur Cricket Stadium II,1,16.5,Railways,Karnataka,Harsh Tyagi,Dhrushant Soni,Vasuki Koushik,1,0,,,,,,,,,
1244364,2020/21,2021-01-16,Alur Cricket Stadium II,1,16.6,Railways,Karnataka,Dhrushant Soni,Harsh Tyagi,Vasuki Koushik,1,0,,,,,,,,,
1244364,2020/21,2021-01-16,Alur Cricket Stadium II,1,16.7,Railways,Karnataka,Harsh Tyagi,Dhrushant Soni,Vasuki Koushik,4,0,,,,,,,,,
1244364,2020/21,2021-01-16,Alur Cricket Stadium II,1,17.1,Railways,Karnataka,Dhrushant Soni,Harsh Tyagi,A Mithun,1,0,,,,,,,,,
1244364,2020/21,2021-01-16,Alur Cricket Stadium II,1,17.2,Railways,Karnataka,Harsh Tyagi,Dhrushant Soni,A Mithun,0,1,1,,,,,,,,
1244364,2020/21,2021-01-16,Alur Cricket Stadium II,1,17.3,Railways,Karnataka,Harsh Tyagi,Dhrushant Soni,A Mithun,6,0,,,,,,,,,
1244364,2020/21,2021-01-16,Alur Cricket Stadium II,1,17.4,Railways,Karnataka,Harsh Tyagi,Dhrushant Soni,A Mithun,2,0,,,,,,,,,
1244364,2020/21,2021-01-16,Alur Cricket Stadium II,1,17.5,Railways,Karnataka,Harsh Tyagi,Dhrushant Soni,A Mithun,1,0,,,,,,,,,
1244364,2020/21,2021-01-16,Alur Cricket Stadium II,1,17.6,Railways,Karnataka,Dhrushant Soni,Harsh Tyagi,A Mithun,0,1,1,,,,,,,,
1244364,2020/21,2021-01-16,Alur Cricket Stadium II,1,17.7,Railways,Karnataka,Dhrushant Soni,Harsh Tyagi,A Mithun,1,0,,,,,,,,,
1244364,2020/21,2021-01-16,Alur Cricket Stadium II,1,17.8,Railways,Karnataka,Harsh Tyagi,Dhrushant Soni,A Mithun,1,0,,,,,,,,,
1244364,2020/21,2021-01-16,Alur Cricket Stadium II,1,18.1,Railways,Karnataka,Harsh Tyagi,Dhrushant Soni,M Prasidh Krishna,2,0,,,,,,,,,
1244364,2020/21,2021-01-16,Alur Cricket Stadium II,1,18.2,Railways,Karnataka,Harsh Tyagi,Dhrushant Soni,M Prasidh Krishna,1,0,,,,,,,,,
1244364,2020/21,2021-01-16,Alur Cricket Stadium II,1,18.3,Railways,Karnataka,Dhrushant Soni,Harsh Tyagi,M Prasidh Krishna,1,0,,,,,,,,,
1244364,2020/21,2021-01-16,Alur Cricket Stadium II,1,18.4,Railways,Karnataka,Harsh Tyagi,Dhrushant Soni,M Prasidh Krishna,1,0,,,,,,,,,
1244364,2020/21,2021-01-16,Alur Cricket Stadium II,1,18.5,Railways,Karnataka,Dhrushant Soni,Harsh Tyagi,M Prasidh Krishna,0,0,,,,,,caught,Dhrushant Soni,,
1244364,2020/21,2021-01-16,Alur Cricket Stadium II,1,18.6,Railways,Karnataka,Harsh Tyagi,T Pradeep,M Prasidh Krishna,0,1,1,,,,,,,,
1244364,2020/21,2021-01-16,Alur Cricket Stadium II,1,18.7,Railways,Karnataka,Harsh Tyagi,T Pradeep,M Prasidh Krishna,4,0,,,,,,,,,
1244364,2020/21,2021-01-16,Alur Cricket Stadium II,1,19.1,Railways,Karnataka,T Pradeep,Harsh Tyagi,A Mithun,1,0,,,,,,,,,
1244364,2020/21,2021-01-16,Alur Cricket Stadium II,1,19.2,Railways,Karnataka,Harsh Tyagi,T Pradeep,A Mithun,4,0,,,,,,,,,
1244364,2020/21,2021-01-16,Alur Cricket Stadium II,1,19.3,Railways,Karnataka,Harsh Tyagi,T Pradeep,A Mithun,4,0,,,,,,,,,
1244364,2020/21,2021-01-16,Alur Cricket Stadium II,1,19.4,Railways,Karnataka,Harsh Tyagi,T Pradeep,A Mithun,0,0,,,,,,,,,
1244364,2020/21,2021-01-16,Alur Cricket Stadium II,1,19.5,Railways,Karnataka,Harsh Tyagi,T Pradeep,A Mithun,1,0,,,,,,,,,
1244364,2020/21,2021-01-16,Alur Cricket Stadium II,1,19.6,Railways,Karnataka,T Pradeep,Harsh Tyagi,A Mithun,1,0,,,,,,,,,
1244364,2020/21,2021-01-16,Alur Cricket Stadium II,2,0.1,Karnataka,Railways,Rohan Kadam,D Padikkal,T Pradeep,1,0,,,,,,,,,
1244364,2020/21,2021-01-16,Alur Cricket Stadium II,2,0.2,Karnataka,Railways,D Padikkal,Rohan Kadam,T Pradeep,0,1,1,,,,,,,,
1244364,2020/21,2021-01-16,Alur Cricket Stadium II,2,0.3,Karnataka,Railways,D Padikkal,Rohan Kadam,T Pradeep,0,0,,,,,,,,,
1244364,2020/21,2021-01-16,Alur Cricket Stadium II,2,0.4,Karnataka,Railways,D Padikkal,Rohan Kadam,T Pradeep,1,0,,,,,,,,,
1244364,2020/21,2021-01-16,Alur Cricket Stadium II,2,0.5,Karnataka,Railways,Rohan Kadam,D Padikkal,T Pradeep,1,0,,,,,,,,,
1244364,2020/21,2021-01-16,Alur Cricket Stadium II,2,0.6,Karnataka,Railways,D Padikkal,Rohan Kadam,T Pradeep,1,0,,,,,,,,,
1244364,2020/21,2021-01-16,Alur Cricket Stadium II,2,0.7,Karnataka,Railways,Rohan Kadam,D Padikkal,T Pradeep,0,0,,,,,,,,,
1244364,2020/21,2021-01-16,Alur Cricket Stadium II,2,1.1,Karnataka,Railways,D Padikkal,Rohan Kadam,Amit Kuila,6,0,,,,,,,,,
1244364,2020/21,2021-01-16,Alur Cricket Stadium II,2,1.2,Karnataka,Railways,D Padikkal,Rohan Kadam,Amit Kuila,1,0,,,,,,,,,
1244364,2020/21,2021-01-16,Alur Cricket Stadium II,2,1.3,Karnataka,Railways,Rohan Kadam,D Padikkal,Amit Kuila,0,0,,,,,,,,,
1244364,2020/21,2021-01-16,Alur Cricket Stadium II,2,1.4,Karnataka,Railways,Rohan Kadam,D Padikkal,Amit Kuila,4,0,,,,,,,,,
1244364,2020/21,2021-01-16,Alur Cricket Stadium II,2,1.5,Karnataka,Railways,Rohan Kadam,D Padikkal,Amit Kuila,4,0,,,,,,,,,
1244364,2020/21,2021-01-16,Alur Cricket Stadium II,2,1.6,Karnataka,Railways,Rohan Kadam,D Padikkal,Amit Kuila,4,0,,,,,,,,,
1244364,2020/21,2021-01-16,Alur Cricket Stadium II,2,2.1,Karnataka,Railways,D Padikkal,Rohan Kadam,T Pradeep,1,0,,,,,,,,,
1244364,2020/21,2021-01-16,Alur Cricket Stadium II,2,2.2,Karnataka,Railways,Rohan Kadam,D Padikkal,T Pradeep,0,0,,,,,,lbw,Rohan Kadam,,
1244364,2020/21,2021-01-16,Alur Cricket Stadium II,2,2.3,Karnataka,Railways,KK Nair,D Padikkal,T Pradeep,0,0,,,,,,,,,
1244364,2020/21,2021-01-16,Alur Cricket Stadium II,2,2.4,Karnataka,Railways,KK Nair,D Padikkal,T Pradeep,4,0,,,,,,,,,
1244364,2020/21,2021-01-16,Alur Cricket Stadium II,2,2.5,Karnataka,Railways,KK Nair,D Padikkal,T Pradeep,1,0,,,,,,,,,
1244364,2020/21,2021-01-16,Alur Cricket Stadium II,2,2.6,Karnataka,Railways,D Padikkal,KK Nair,T Pradeep,1,0,,,,,,,,,
1244364,2020/21,2021-01-16,Alur Cricket Stadium II,2,3.1,Karnataka,Railways,D Padikkal,KK Nair,Shivendra Singh,1,0,,,,,,,,,
1244364,2020/21,2021-01-16,Alur Cricket Stadium II,2,3.2,Karnataka,Railways,KK Nair,D Padikkal,Shivendra Singh,0,0,,,,,,,,,
1244364,2020/21,2021-01-16,Alur Cricket Stadium II,2,3.3,Karnataka,Railways,KK Nair,D Padikkal,Shivendra Singh,4,0,,,,,,,,,
1244364,2020/21,2021-01-16,Alur Cricket Stadium II,2,3.4,Karnataka,Railways,KK Nair,D Padikkal,Shivendra Singh,6,0,,,,,,,,,
1244364,2020/21,2021-01-16,Alur Cricket Stadium II,2,3.5,Karnataka,Railways,KK Nair,D Padikkal,Shivendra Singh,0,0,,,,,,,,,
1244364,2020/21,2021-01-16,Alur Cricket Stadium II,2,3.6,Karnataka,Railways,KK Nair,D Padikkal,Shivendra Singh,0,0,,,,,,,,,
1244364,2020/21,2021-01-16,Alur Cricket Stadium II,2,4.1,Karnataka,Railways,D Padikkal,KK Nair,T Pradeep,4,0,,,,,,,,,
1244364,2020/21,2021-01-16,Alur Cricket Stadium II,2,4.2,Karnataka,Railways,D Padikkal,KK Nair,T Pradeep,0,0,,,,,,,,,
1244364,2020/21,2021-01-16,Alur Cricket Stadium II,2,4.3,Karnataka,Railways,D Padikkal,KK Nair,T Pradeep,0,0,,,,,,,,,
1244364,2020/21,2021-01-16,Alur Cricket Stadium II,2,4.4,Karnataka,Railways,D Padikkal,KK Nair,T Pradeep,1,0,,,,,,,,,
1244364,2020/21,2021-01-16,Alur Cricket Stadium II,2,4.5,Karnataka,Railways,KK Nair,D Padikkal,T Pradeep,0,0,,,,,,caught,KK Nair,,
1244364,2020/21,2021-01-16,Alur Cricket Stadium II,2,4.6,Karnataka,Railways,K L Shrijith,D Padikkal,T Pradeep,0,0,,,,,,caught,K L Shrijith,,
1244364,2020/21,2021-01-16,Alur Cricket Stadium II,2,5.1,Karnataka,Railways,D Padikkal,Aniruddha Joshi,Shivendra Singh,1,0,,,,,,,,,
1244364,2020/21,2021-01-16,Alur Cricket Stadium II,2,5.2,Karnataka,Railways,Aniruddha Joshi,D Padikkal,Shivendra Singh,2,0,,,,,,,,,
1244364,2020/21,2021-01-16,Alur Cricket Stadium II,2,5.3,Karnataka,Railways,Aniruddha Joshi,D Padikkal,Shivendra Singh,1,0,,,,,,,,,
1244364,2020/21,2021-01-16,Alur Cricket Stadium II,2,5.4,Karnataka,Railways,D Padikkal,Aniruddha Joshi,Shivendra Singh,0,0,,,,,,,,,
1244364,2020/21,2021-01-16,Alur Cricket Stadium II,2,5.5,Karnataka,Railways,D Padikkal,Aniruddha Joshi,Shivendra Singh,0,0,,,,,,,,,
1244364,2020/21,2021-01-16,Alur Cricket Stadium II,2,5.6,Karnataka,Railways,D Padikkal,Aniruddha Joshi,Shivendra Singh,0,0,,,,,,,,,
1244364,2020/21,2021-01-16,Alur Cricket Stadium II,2,6.1,Karnataka,Railways,Aniruddha Joshi,D Padikkal,T Pradeep,1,0,,,,,,,,,
1244364,2020/21,2021-01-16,Alur Cricket Stadium II,2,6.2,Karnataka,Railways,D Padikkal,Aniruddha Joshi,T Pradeep,0,0,,,,,,,,,
1244364,2020/21,2021-01-16,Alur Cricket Stadium II,2,6.3,Karnataka,Railways,D Padikkal,Aniruddha Joshi,T Pradeep,0,0,,,,,,,,,
1244364,2020/21,2021-01-16,Alur Cricket Stadium II,2,6.4,Karnataka,Railways,D Padikkal,Aniruddha Joshi,T Pradeep,0,0,,,,,,,,,
1244364,2020/21,2021-01-16,Alur Cricket Stadium II,2,6.5,Karnataka,Railways,D Padikkal,Aniruddha Joshi,T Pradeep,1,0,,,,,,,,,
1244364,2020/21,2021-01-16,Alur Cricket Stadium II,2,6.6,Karnataka,Railways,Aniruddha Joshi,D Padikkal,T Pradeep,0,0,,,,,,,,,
1244364,2020/21,2021-01-16,Alur Cricket Stadium II,2,7.1,Karnataka,Railways,D Padikkal,Aniruddha Joshi,Shivendra Singh,6,0,,,,,,,,,
1244364,2020/21,2021-01-16,Alur Cricket Stadium II,2,7.2,Karnataka,Railways,D Padikkal,Aniruddha Joshi,Shivendra Singh,0,0,,,,,,,,,
1244364,2020/21,2021-01-16,Alur Cricket Stadium II,2,7.3,Karnataka,Railways,D Padikkal,Aniruddha Joshi,Shivendra Singh,4,0,,,,,,,,,
1244364,2020/21,2021-01-16,Alur Cricket Stadium II,2,7.4,Karnataka,Railways,D Padikkal,Aniruddha Joshi,Shivendra Singh,0,0,,,,,,,,,
1244364,2020/21,2021-01-16,Alur Cricket Stadium II,2,7.5,Karnataka,Railways,D Padikkal,Aniruddha Joshi,Shivendra Singh,0,0,,,,,,,,,
1244364,2020/21,2021-01-16,Alur Cricket Stadium II,2,7.6,Karnataka,Railways,D Padikkal,Aniruddha Joshi,Shivendra Singh,1,0,,,,,,,,,
1244364,2020/21,2021-01-16,Alur Cricket Stadium II,2,8.1,Karnataka,Railways,D Padikkal,Aniruddha Joshi,Dhrushant Soni,0,0,,,,,,,,,
1244364,2020/21,2021-01-16,Alur Cricket Stadium II,2,8.2,Karnataka,Railways,D Padikkal,Aniruddha Joshi,Dhrushant Soni,1,0,,,,,,,,,
1244364,2020/21,2021-01-16,Alur Cricket Stadium II,2,8.3,Karnataka,Railways,Aniruddha Joshi,D Padikkal,Dhrushant Soni,1,0,,,,,,,,,
1244364,2020/21,2021-01-16,Alur Cricket Stadium II,2,8.4,Karnataka,Railways,D Padikkal,Aniruddha Joshi,Dhrushant Soni,1,0,,,,,,,,,
1244364,2020/21,2021-01-16,Alur Cricket Stadium II,2,8.5,Karnataka,Railways,Aniruddha Joshi,D Padikkal,Dhrushant Soni,0,0,,,,,,,,,
1244364,2020/21,2021-01-16,Alur Cricket Stadium II,2,8.6,Karnataka,Railways,Aniruddha Joshi,D Padikkal,Dhrushant Soni,1,0,,,,,,,,,
1244364,2020/21,2021-01-16,Alur Cricket Stadium II,2,9.1,Karnataka,Railways,Aniruddha Joshi,D Padikkal,Shivendra Singh,1,0,,,,,,,,,
1244364,2020/21,2021-01-16,Alur Cricket Stadium II,2,9.2,Karnataka,Railways,D Padikkal,Aniruddha Joshi,Shivendra Singh,1,0,,,,,,,,,
1244364,2020/21,2021-01-16,Alur Cricket Stadium II,2,9.3,Karnataka,Railways,Aniruddha Joshi,D Padikkal,Shivendra Singh,1,0,,,,,,,,,
1244364,2020/21,2021-01-16,Alur Cricket Stadium II,2,9.4,Karnataka,Railways,D Padikkal,Aniruddha Joshi,Shivendra Singh,4,0,,,,,,,,,
1244364,2020/21,2021-01-16,Alur Cricket Stadium II,2,9.5,Karnataka,Railways,D Padikkal,Aniruddha Joshi,Shivendra Singh,0,0,,,,,,bowled,D Padikkal,,
1244364,2020/21,2021-01-16,Alur Cricket Stadium II,2,9.6,Karnataka,Railways,P Dubey,Aniruddha Joshi,Shivendra Singh,0,0,,,,,,lbw,P Dubey,,
1244364,2020/21,2021-01-16,Alur Cricket Stadium II,2,10.1,Karnataka,Railways,Aniruddha Joshi,S Gopal,Harsh Tyagi,1,0,,,,,,,,,
1244364,2020/21,2021-01-16,Alur Cricket Stadium II,2,10.2,Karnataka,Railways,S Gopal,Aniruddha Joshi,Harsh Tyagi,0,0,,,,,,,,,
1244364,2020/21,2021-01-16,Alur Cricket Stadium II,2,10.3,Karnataka,Railways,S Gopal,Aniruddha Joshi,Harsh Tyagi,0,0,,,,,,,,,
1244364,2020/21,2021-01-16,Alur Cricket Stadium II,2,10.4,Karnataka,Railways,S Gopal,Aniruddha Joshi,Harsh Tyagi,1,0,,,,,,,,,
1244364,2020/21,2021-01-16,Alur Cricket Stadium II,2,10.5,Karnataka,Railways,Aniruddha Joshi,S Gopal,Harsh Tyagi,0,0,,,,,,,,,
1244364,2020/21,2021-01-16,Alur Cricket Stadium II,2,10.6,Karnataka,Railways,Aniruddha Joshi,S Gopal,Harsh Tyagi,1,0,,,,,,,,,
1244364,2020/21,2021-01-16,Alur Cricket Stadium II,2,11.1,Karnataka,Railways,Aniruddha Joshi,S Gopal,Vikrant Rajput,2,0,,,,,,,,,
1244364,2020/21,2021-01-16,Alur Cricket Stadium II,2,11.2,Karnataka,Railways,Aniruddha Joshi,S Gopal,Vikrant Rajput,1,0,,,,,,,,,
1244364,2020/21,2021-01-16,Alur Cricket Stadium II,2,11.3,Karnataka,Railways,S Gopal,Aniruddha Joshi,Vikrant Rajput,1,0,,,,,,,,,
1244364,2020/21,2021-01-16,Alur Cricket Stadium II,2,11.4,Karnataka,Railways,Aniruddha Joshi,S Gopal,Vikrant Rajput,0,0,,,,,,,,,
1244364,2020/21,2021-01-16,Alur Cricket Stadium II,2,11.5,Karnataka,Railways,Aniruddha Joshi,S Gopal,Vikrant Rajput,1,0,,,,,,,,,
1244364,2020/21,2021-01-16,Alur Cricket Stadium II,2,11.6,Karnataka,Railways,S Gopal,Aniruddha Joshi,Vikrant Rajput,1,0,,,,,,,,,
1244364,2020/21,2021-01-16,Alur Cricket Stadium II,2,12.1,Karnataka,Railways,S Gopal,Aniruddha Joshi,Harsh Tyagi,0,0,,,,,,,,,
1244364,2020/21,2021-01-16,Alur Cricket Stadium II,2,12.2,Karnataka,Railways,S Gopal,Aniruddha Joshi,Harsh Tyagi,1,0,,,,,,,,,
1244364,2020/21,2021-01-16,Alur Cricket Stadium II,2,12.3,Karnataka,Railways,Aniruddha Joshi,S Gopal,Harsh Tyagi,1,0,,,,,,,,,
1244364,2020/21,2021-01-16,Alur Cricket Stadium II,2,12.4,Karnataka,Railways,S Gopal,Aniruddha Joshi,Harsh Tyagi,0,0,,,,,,,,,
1244364,2020/21,2021-01-16,Alur Cricket Stadium II,2,12.5,Karnataka,Railways,S Gopal,Aniruddha Joshi,Harsh Tyagi,4,0,,,,,,,,,
1244364,2020/21,2021-01-16,Alur Cricket Stadium II,2,12.6,Karnataka,Railways,S Gopal,Aniruddha Joshi,Harsh Tyagi,1,0,,,,,,,,,
1244364,2020/21,2021-01-16,Alur Cricket Stadium II,2,13.1,Karnataka,Railways,S Gopal,Aniruddha Joshi,Dhrushant Soni,1,0,,,,,,,,,
1244364,2020/21,2021-01-16,Alur Cricket Stadium II,2,13.2,Karnataka,Railways,Aniruddha Joshi,S Gopal,Dhrushant Soni,1,0,,,,,,,,,
1244364,2020/21,2021-01-16,Alur Cricket Stadium II,2,13.3,Karnataka,Railways,S Gopal,Aniruddha Joshi,Dhrushant Soni,0,0,,,,,,caught,S Gopal,,
1244364,2020/21,2021-01-16,Alur Cricket Stadium II,2,13.4,Karnataka,Railways,Aniruddha Joshi,K Gowtham,Dhrushant Soni,0,0,,,,,,,,,
1244364,2020/21,2021-01-16,Alur Cricket Stadium II,2,13.5,Karnataka,Railways,Aniruddha Joshi,K Gowtham,Dhrushant Soni,4,0,,,,,,,,,
1244364,2020/21,2021-01-16,Alur Cricket Stadium II,2,13.6,Karnataka,Railways,Aniruddha Joshi,K Gowtham,Dhrushant Soni,0,0,,,,,,,,,
1244364,2020/21,2021-01-16,Alur Cricket Stadium II,2,14.1,Karnataka,Railways,K Gowtham,Aniruddha Joshi,Amit Kuila,1,0,,,,,,,,,
1244364,2020/21,2021-01-16,Alur Cricket Stadium II,2,14.2,Karnataka,Railways,Aniruddha Joshi,K Gowtham,Amit Kuila,0,0,,,,,,,,,
1244364,2020/21,2021-01-16,Alur Cricket Stadium II,2,14.3,Karnataka,Railways,Aniruddha Joshi,K Gowtham,Amit Kuila,1,0,,,,,,,,,
1244364,2020/21,2021-01-16,Alur Cricket Stadium II,2,14.4,Karnataka,Railways,K Gowtham,Aniruddha Joshi,Amit Kuila,0,1,1,,,,,,,,
1244364,2020/21,2021-01-16,Alur Cricket Stadium II,2,14.5,Karnataka,Railways,K Gowtham,Aniruddha Joshi,Amit Kuila,1,0,,,,,,,,,
1244364,2020/21,2021-01-16,Alur Cricket Stadium II,2,14.6,Karnataka,Railways,Aniruddha Joshi,K Gowtham,Amit Kuila,1,0,,,,,,,,,
1244364,2020/21,2021-01-16,Alur Cricket Stadium II,2,14.7,Karnataka,Railways,K Gowtham,Aniruddha Joshi,Amit Kuila,1,0,,,,,,,,,
1244364,2020/21,2021-01-16,Alur Cricket Stadium II,2,15.1,Karnataka,Railways,K Gowtham,Aniruddha Joshi,Harsh Tyagi,1,0,,,,,,,,,
1244364,2020/21,2021-01-16,Alur Cricket Stadium II,2,15.2,Karnataka,Railways,Aniruddha Joshi,K Gowtham,Harsh Tyagi,1,0,,,,,,,,,
1244364,2020/21,2021-01-16,Alur Cricket Stadium II,2,15.3,Karnataka,Railways,K Gowtham,Aniruddha Joshi,Harsh Tyagi,1,0,,,,,,,,,
1244364,2020/21,2021-01-16,Alur Cricket Stadium II,2,15.4,Karnataka,Railways,Aniruddha Joshi,K Gowtham,Harsh Tyagi,1,0,,,,,,,,,
1244364,2020/21,2021-01-16,Alur Cricket Stadium II,2,15.5,Karnataka,Railways,K Gowtham,Aniruddha Joshi,Harsh Tyagi,6,0,,,,,,,,,
1244364,2020/21,2021-01-16,Alur Cricket Stadium II,2,15.6,Karnataka,Railways,K Gowtham,Aniruddha Joshi,Harsh Tyagi,0,0,,,,,,,,,
1244364,2020/21,2021-01-16,Alur Cricket Stadium II,2,16.1,Karnataka,Railways,Aniruddha Joshi,K Gowtham,Amit Kuila,6,0,,,,,,,,,
1244364,2020/21,2021-01-16,Alur Cricket Stadium II,2,16.2,Karnataka,Railways,Aniruddha Joshi,K Gowtham,Amit Kuila,1,0,,,,,,,,,
1244364,2020/21,2021-01-16,Alur Cricket Stadium II,2,16.3,Karnataka,Railways,K Gowtham,Aniruddha Joshi,Amit Kuila,1,0,,,,,,,,,
1244364,2020/21,2021-01-16,Alur Cricket Stadium II,2,16.4,Karnataka,Railways,Aniruddha Joshi,K Gowtham,Amit Kuila,2,0,,,,,,,,,
1244364,2020/21,2021-01-16,Alur Cricket Stadium II,2,16.5,Karnataka,Railways,Aniruddha Joshi,K Gowtham,Amit Kuila,4,0,,,,,,,,,
1244364,2020/21,2021-01-16,Alur Cricket Stadium II,2,16.6,Karnataka,Railways,Aniruddha Joshi,K Gowtham,Amit Kuila,4,0,,,,,,,,,
1244364,2020/21,2021-01-16,Alur Cricket Stadium II,2,17.1,Karnataka,Railways,K Gowtham,Aniruddha Joshi,Dhrushant Soni,0,0,,,,,,caught,K Gowtham,,
1244364,2020/21,2021-01-16,Alur Cricket Stadium II,2,17.2,Karnataka,Railways,Aniruddha Joshi,A Mithun,Dhrushant Soni,1,0,,,,,,,,,
1244364,2020/21,2021-01-16,Alur Cricket Stadium II,2,17.3,Karnataka,Railways,A Mithun,Aniruddha Joshi,Dhrushant Soni,2,0,,,,,,,,,
1244364,2020/21,2021-01-16,Alur Cricket Stadium II,2,17.4,Karnataka,Railways,A Mithun,Aniruddha Joshi,Dhrushant Soni,0,0,,,,,,,,,
1244364,2020/21,2021-01-16,Alur Cricket Stadium II,2,17.5,Karnataka,Railways,A Mithun,Aniruddha Joshi,Dhrushant Soni,0,0,,,,,,caught,A Mithun,,
1244364,2020/21,2021-01-16,Alur Cricket Stadium II,2,17.6,Karnataka,Railways,Aniruddha Joshi,Vasuki Koushik,Dhrushant Soni,1,0,,,,,,,,,
1244364,2020/21,2021-01-16,Alur Cricket Stadium II,2,18.1,Karnataka,Railways,Aniruddha Joshi,Vasuki Koushik,Harsh Tyagi,6,0,,,,,,,,,
1244364,2020/21,2021-01-16,Alur Cricket Stadium II,2,18.2,Karnataka,Railways,Aniruddha Joshi,Vasuki Koushik,Harsh Tyagi,0,0,,,,,,,,,
1244364,2020/21,2021-01-16,Alur Cricket Stadium II,2,18.3,Karnataka,Railways,Aniruddha Joshi,Vasuki Koushik,Harsh Tyagi,1,0,,,,,,,,,
1244364,2020/21,2021-01-16,Alur Cricket Stadium II,2,18.4,Karnataka,Railways,Vasuki Koushik,Aniruddha Joshi,Harsh Tyagi,1,0,,,,,,,,,
1244364,2020/21,2021-01-16,Alur Cricket Stadium II,2,18.5,Karnataka,Railways,Aniruddha Joshi,Vasuki Koushik,Harsh Tyagi,1,0,,,,,,,,,
1244364,2020/21,2021-01-16,Alur Cricket Stadium II,2,18.6,Karnataka,Railways,Vasuki Koushik,Aniruddha Joshi,Harsh Tyagi,0,0,,,,,,,,,
1244364,2020/21,2021-01-16,Alur Cricket Stadium II,2,19.1,Karnataka,Railways,Aniruddha Joshi,Vasuki Koushik,Dhrushant Soni,1,0,,,,,,,,,
1244364,2020/21,2021-01-16,Alur Cricket Stadium II,2,19.2,Karnataka,Railways,Vasuki Koushik,Aniruddha Joshi,Dhrushant Soni,1,0,,,,,,,,,
1244364,2020/21,2021-01-16,Alur Cricket Stadium II,2,19.3,Karnataka,Railways,Aniruddha Joshi,Vasuki Koushik,Dhrushant Soni,6,0,,,,,,,,,
1244364,2020/21,2021-01-16,Alur Cricket Stadium II,2,19.4,Karnataka,Railways,Aniruddha Joshi,Vasuki Koushik,Dhrushant Soni,6,0,,,,,,,,,
