match_id,season,start_date,venue,innings,ball,batting_team,bowling_team,striker,non_striker,bowler,runs_off_bat,extras,wides,noballs,byes,legbyes,penalty,wicket_type,player_dismissed,other_wicket_type,other_player_dismissed
1244310,2020/21,2021-01-10,Eden Gardens,1,0.1,Tamil Nadu,Jharkhand,Hari Nishaanth,N Jagadeesan,Utkarsh Singh,0,0,,,,,,,,,
1244310,2020/21,2021-01-10,Eden Gardens,1,0.2,Tamil Nadu,Jharkhand,Hari Nishaanth,N Jagadeesan,Utkarsh Singh,0,0,,,,,,,,,
1244310,2020/21,2021-01-10,Eden Gardens,1,0.3,Tamil Nadu,Jharkhand,Hari Nishaanth,N Jagadeesan,Utkarsh Singh,0,0,,,,,,,,,
1244310,2020/21,2021-01-10,Eden Gardens,1,0.4,Tamil Nadu,Jharkhand,Hari Nishaanth,N Jagadeesan,Utkarsh Singh,2,0,,,,,,,,,
1244310,2020/21,2021-01-10,Eden Gardens,1,0.5,Tamil Nadu,Jharkhand,Hari Nishaanth,N Jagadeesan,Utkarsh Singh,1,0,,,,,,,,,
1244310,2020/21,2021-01-10,Eden Gardens,1,0.6,Tamil Nadu,Jharkhand,N Jagadeesan,Hari Nishaanth,Utkarsh Singh,0,0,,,,,,,,,
1244310,2020/21,2021-01-10,Eden Gardens,1,1.1,Tamil Nadu,Jharkhand,Hari Nishaanth,N Jagadeesan,Monu Kumar,0,1,1,,,,,,,,
1244310,2020/21,2021-01-10,Eden Gardens,1,1.2,Tamil Nadu,Jharkhand,Hari Nishaanth,N Jagadeesan,Monu Kumar,0,0,,,,,,,,,
1244310,2020/21,2021-01-10,Eden Gardens,1,1.3,Tamil Nadu,Jharkhand,Hari Nishaanth,N Jagadeesan,Monu Kumar,4,0,,,,,,,,,
1244310,2020/21,2021-01-10,Eden Gardens,1,1.4,Tamil Nadu,Jharkhand,Hari Nishaanth,N Jagadeesan,Monu Kumar,0,0,,,,,,,,,
1244310,2020/21,2021-01-10,Eden Gardens,1,1.5,Tamil Nadu,Jharkhand,Hari Nishaanth,N Jagadeesan,Monu Kumar,1,0,,,,,,,,,
1244310,2020/21,2021-01-10,Eden Gardens,1,1.6,Tamil Nadu,Jharkhand,N Jagadeesan,Hari Nishaanth,Monu Kumar,0,0,,,,,,,,,
1244310,2020/21,2021-01-10,Eden Gardens,1,1.7,Tamil Nadu,Jharkhand,N Jagadeesan,Hari Nishaanth,Monu Kumar,1,0,,,,,,,,,
1244310,2020/21,2021-01-10,Eden Gardens,1,2.1,Tamil Nadu,Jharkhand,N Jagadeesan,Hari Nishaanth,Utkarsh Singh,1,0,,,,,,,,,
1244310,2020/21,2021-01-10,Eden Gardens,1,2.2,Tamil Nadu,Jharkhand,Hari Nishaanth,N Jagadeesan,Utkarsh Singh,0,0,,,,,,,,,
1244310,2020/21,2021-01-10,Eden Gardens,1,2.3,Tamil Nadu,Jharkhand,Hari Nishaanth,N Jagadeesan,Utkarsh Singh,0,1,,,,1,,,,,
1244310,2020/21,2021-01-10,Eden Gardens,1,2.4,Tamil Nadu,Jharkhand,N Jagadeesan,Hari Nishaanth,Utkarsh Singh,4,0,,,,,,,,,
1244310,2020/21,2021-01-10,Eden Gardens,1,2.5,Tamil Nadu,Jharkhand,N Jagadeesan,Hari Nishaanth,Utkarsh Singh,1,0,,,,,,,,,
1244310,2020/21,2021-01-10,Eden Gardens,1,2.6,Tamil Nadu,Jharkhand,Hari Nishaanth,N Jagadeesan,Utkarsh Singh,1,0,,,,,,,,,
1244310,2020/21,2021-01-10,Eden Gardens,1,3.1,Tamil Nadu,Jharkhand,Hari Nishaanth,N Jagadeesan,Monu Kumar,1,0,,,,,,,,,
1244310,2020/21,2021-01-10,Eden Gardens,1,3.2,Tamil Nadu,Jharkhand,N Jagadeesan,Hari Nishaanth,Monu Kumar,1,0,,,,,,,,,
1244310,2020/21,2021-01-10,Eden Gardens,1,3.3,Tamil Nadu,Jharkhand,Hari Nishaanth,N Jagadeesan,Monu Kumar,0,0,,,,,,,,,
1244310,2020/21,2021-01-10,Eden Gardens,1,3.4,Tamil Nadu,Jharkhand,Hari Nishaanth,N Jagadeesan,Monu Kumar,4,0,,,,,,,,,
1244310,2020/21,2021-01-10,Eden Gardens,1,3.5,Tamil Nadu,Jharkhand,Hari Nishaanth,N Jagadeesan,Monu Kumar,0,0,,,,,,,,,
1244310,2020/21,2021-01-10,Eden Gardens,1,3.6,Tamil Nadu,Jharkhand,Hari Nishaanth,N Jagadeesan,Monu Kumar,1,0,,,,,,,,,
1244310,2020/21,2021-01-10,Eden Gardens,1,4.1,Tamil Nadu,Jharkhand,Hari Nishaanth,N Jagadeesan,VR Aaron,1,0,,,,,,,,,
1244310,2020/21,2021-01-10,Eden Gardens,1,4.2,Tamil Nadu,Jharkhand,N Jagadeesan,Hari Nishaanth,VR Aaron,0,0,,,,,,,,,
1244310,2020/21,2021-01-10,Eden Gardens,1,4.3,Tamil Nadu,Jharkhand,N Jagadeesan,Hari Nishaanth,VR Aaron,0,0,,,,,,,,,
1244310,2020/21,2021-01-10,Eden Gardens,1,4.4,Tamil Nadu,Jharkhand,N Jagadeesan,Hari Nishaanth,VR Aaron,6,0,,,,,,,,,
1244310,2020/21,2021-01-10,Eden Gardens,1,4.5,Tamil Nadu,Jharkhand,N Jagadeesan,Hari Nishaanth,VR Aaron,0,0,,,,,,,,,
1244310,2020/21,2021-01-10,Eden Gardens,1,4.6,Tamil Nadu,Jharkhand,N Jagadeesan,Hari Nishaanth,VR Aaron,0,0,,,,,,,,,
1244310,2020/21,2021-01-10,Eden Gardens,1,5.1,Tamil Nadu,Jharkhand,Hari Nishaanth,N Jagadeesan,R Shukla,1,0,,,,,,,,,
1244310,2020/21,2021-01-10,Eden Gardens,1,5.2,Tamil Nadu,Jharkhand,N Jagadeesan,Hari Nishaanth,R Shukla,1,0,,,,,,,,,
1244310,2020/21,2021-01-10,Eden Gardens,1,5.3,Tamil Nadu,Jharkhand,Hari Nishaanth,N Jagadeesan,R Shukla,6,0,,,,,,,,,
1244310,2020/21,2021-01-10,Eden Gardens,1,5.4,Tamil Nadu,Jharkhand,Hari Nishaanth,N Jagadeesan,R Shukla,4,0,,,,,,,,,
1244310,2020/21,2021-01-10,Eden Gardens,1,5.5,Tamil Nadu,Jharkhand,Hari Nishaanth,N Jagadeesan,R Shukla,1,0,,,,,,,,,
1244310,2020/21,2021-01-10,Eden Gardens,1,5.6,Tamil Nadu,Jharkhand,N Jagadeesan,Hari Nishaanth,R Shukla,0,0,,,,,,,,,
1244310,2020/21,2021-01-10,Eden Gardens,1,6.1,Tamil Nadu,Jharkhand,Hari Nishaanth,N Jagadeesan,Utkarsh Singh,1,0,,,,,,,,,
1244310,2020/21,2021-01-10,Eden Gardens,1,6.2,Tamil Nadu,Jharkhand,N Jagadeesan,Hari Nishaanth,Utkarsh Singh,1,0,,,,,,,,,
1244310,2020/21,2021-01-10,Eden Gardens,1,6.3,Tamil Nadu,Jharkhand,Hari Nishaanth,N Jagadeesan,Utkarsh Singh,6,0,,,,,,,,,
1244310,2020/21,2021-01-10,Eden Gardens,1,6.4,Tamil Nadu,Jharkhand,Hari Nishaanth,N Jagadeesan,Utkarsh Singh,1,0,,,,,,,,,
1244310,2020/21,2021-01-10,Eden Gardens,1,6.5,Tamil Nadu,Jharkhand,N Jagadeesan,Hari Nishaanth,Utkarsh Singh,0,0,,,,,,,,,
1244310,2020/21,2021-01-10,Eden Gardens,1,6.6,Tamil Nadu,Jharkhand,N Jagadeesan,Hari Nishaanth,Utkarsh Singh,1,0,,,,,,,,,
1244310,2020/21,2021-01-10,Eden Gardens,1,7.1,Tamil Nadu,Jharkhand,N Jagadeesan,Hari Nishaanth,AS Roy,0,0,,,,,,,,,
1244310,2020/21,2021-01-10,Eden Gardens,1,7.2,Tamil Nadu,Jharkhand,N Jagadeesan,Hari Nishaanth,AS Roy,1,0,,,,,,,,,
1244310,2020/21,2021-01-10,Eden Gardens,1,7.3,Tamil Nadu,Jharkhand,Hari Nishaanth,N Jagadeesan,AS Roy,1,0,,,,,,,,,
1244310,2020/21,2021-01-10,Eden Gardens,1,7.4,Tamil Nadu,Jharkhand,N Jagadeesan,Hari Nishaanth,AS Roy,2,0,,,,,,,,,
1244310,2020/21,2021-01-10,Eden Gardens,1,7.5,Tamil Nadu,Jharkhand,N Jagadeesan,Hari Nishaanth,AS Roy,1,0,,,,,,,,,
1244310,2020/21,2021-01-10,Eden Gardens,1,7.6,Tamil Nadu,Jharkhand,Hari Nishaanth,N Jagadeesan,AS Roy,1,0,,,,,,,,,
1244310,2020/21,2021-01-10,Eden Gardens,1,8.1,Tamil Nadu,Jharkhand,Hari Nishaanth,N Jagadeesan,Anand Singh,1,0,,,,,,,,,
1244310,2020/21,2021-01-10,Eden Gardens,1,8.2,Tamil Nadu,Jharkhand,N Jagadeesan,Hari Nishaanth,Anand Singh,0,0,,,,,,,,,
1244310,2020/21,2021-01-10,Eden Gardens,1,8.3,Tamil Nadu,Jharkhand,N Jagadeesan,Hari Nishaanth,Anand Singh,0,0,,,,,,,,,
1244310,2020/21,2021-01-10,Eden Gardens,1,8.4,Tamil Nadu,Jharkhand,N Jagadeesan,Hari Nishaanth,Anand Singh,1,0,,,,,,,,,
1244310,2020/21,2021-01-10,Eden Gardens,1,8.5,Tamil Nadu,Jharkhand,Hari Nishaanth,N Jagadeesan,Anand Singh,0,1,1,,,,,,,,
1244310,2020/21,2021-01-10,Eden Gardens,1,8.6,Tamil Nadu,Jharkhand,Hari Nishaanth,N Jagadeesan,Anand Singh,1,0,,,,,,,,,
1244310,2020/21,2021-01-10,Eden Gardens,1,8.7,Tamil Nadu,Jharkhand,N Jagadeesan,Hari Nishaanth,Anand Singh,4,0,,,,,,,,,
1244310,2020/21,2021-01-10,Eden Gardens,1,9.1,Tamil Nadu,Jharkhand,Hari Nishaanth,N Jagadeesan,AS Roy,1,0,,,,,,,,,
1244310,2020/21,2021-01-10,Eden Gardens,1,9.2,Tamil Nadu,Jharkhand,N Jagadeesan,Hari Nishaanth,AS Roy,1,0,,,,,,,,,
1244310,2020/21,2021-01-10,Eden Gardens,1,9.3,Tamil Nadu,Jharkhand,Hari Nishaanth,N Jagadeesan,AS Roy,1,0,,,,,,,,,
1244310,2020/21,2021-01-10,Eden Gardens,1,9.4,Tamil Nadu,Jharkhand,N Jagadeesan,Hari Nishaanth,AS Roy,0,0,,,,,,,,,
1244310,2020/21,2021-01-10,Eden Gardens,1,9.5,Tamil Nadu,Jharkhand,N Jagadeesan,Hari Nishaanth,AS Roy,0,0,,,,,,caught,N Jagadeesan,,
1244310,2020/21,2021-01-10,Eden Gardens,1,9.6,Tamil Nadu,Jharkhand,Hari Nishaanth,V Shankar,AS Roy,0,0,,,,,,,,,
1244310,2020/21,2021-01-10,Eden Gardens,1,10.1,Tamil Nadu,Jharkhand,V Shankar,Hari Nishaanth,Anand Singh,0,0,,,,,,,,,
1244310,2020/21,2021-01-10,Eden Gardens,1,10.2,Tamil Nadu,Jharkhand,V Shankar,Hari Nishaanth,Anand Singh,1,0,,,,,,,,,
1244310,2020/21,2021-01-10,Eden Gardens,1,10.3,Tamil Nadu,Jharkhand,Hari Nishaanth,V Shankar,Anand Singh,1,0,,,,,,,,,
1244310,2020/21,2021-01-10,Eden Gardens,1,10.4,Tamil Nadu,Jharkhand,V Shankar,Hari Nishaanth,Anand Singh,1,0,,,,,,,,,
1244310,2020/21,2021-01-10,Eden Gardens,1,10.5,Tamil Nadu,Jharkhand,Hari Nishaanth,V Shankar,Anand Singh,1,0,,,,,,,,,
1244310,2020/21,2021-01-10,Eden Gardens,1,10.6,Tamil Nadu,Jharkhand,V Shankar,Hari Nishaanth,Anand Singh,1,0,,,,,,,,,
1244310,2020/21,2021-01-10,Eden Gardens,1,11.1,Tamil Nadu,Jharkhand,V Shankar,Hari Nishaanth,S Nadeem,0,0,,,,,,,,,
1244310,2020/21,2021-01-10,Eden Gardens,1,11.2,Tamil Nadu,Jharkhand,V Shankar,Hari Nishaanth,S Nadeem,1,0,,,,,,,,,
1244310,2020/21,2021-01-10,Eden Gardens,1,11.3,Tamil Nadu,Jharkhand,Hari Nishaanth,V Shankar,S Nadeem,0,0,,,,,,run out,V Shankar,,
1244310,2020/21,2021-01-10,Eden Gardens,1,11.4,Tamil Nadu,Jharkhand,Hari Nishaanth,KD Karthik,S Nadeem,4,0,,,,,,,,,
1244310,2020/21,2021-01-10,Eden Gardens,1,11.5,Tamil Nadu,Jharkhand,Hari Nishaanth,KD Karthik,S Nadeem,2,0,,,,,,,,,
1244310,2020/21,2021-01-10,Eden Gardens,1,11.6,Tamil Nadu,Jharkhand,Hari Nishaanth,KD Karthik,S Nadeem,1,0,,,,,,,,,
1244310,2020/21,2021-01-10,Eden Gardens,1,12.1,Tamil Nadu,Jharkhand,Hari Nishaanth,KD Karthik,Anand Singh,1,0,,,,,,,,,
1244310,2020/21,2021-01-10,Eden Gardens,1,12.2,Tamil Nadu,Jharkhand,KD Karthik,Hari Nishaanth,Anand Singh,1,0,,,,,,,,,
1244310,2020/21,2021-01-10,Eden Gardens,1,12.3,Tamil Nadu,Jharkhand,Hari Nishaanth,KD Karthik,Anand Singh,1,0,,,,,,,,,
1244310,2020/21,2021-01-10,Eden Gardens,1,12.4,Tamil Nadu,Jharkhand,KD Karthik,Hari Nishaanth,Anand Singh,1,0,,,,,,,,,
1244310,2020/21,2021-01-10,Eden Gardens,1,12.5,Tamil Nadu,Jharkhand,Hari Nishaanth,KD Karthik,Anand Singh,4,0,,,,,,,,,
1244310,2020/21,2021-01-10,Eden Gardens,1,12.6,Tamil Nadu,Jharkhand,Hari Nishaanth,KD Karthik,Anand Singh,0,1,1,,,,,,,,
1244310,2020/21,2021-01-10,Eden Gardens,1,12.7,Tamil Nadu,Jharkhand,Hari Nishaanth,KD Karthik,Anand Singh,4,0,,,,,,,,,
1244310,2020/21,2021-01-10,Eden Gardens,1,13.1,Tamil Nadu,Jharkhand,KD Karthik,Hari Nishaanth,VR Aaron,4,0,,,,,,,,,
1244310,2020/21,2021-01-10,Eden Gardens,1,13.2,Tamil Nadu,Jharkhand,KD Karthik,Hari Nishaanth,VR Aaron,1,0,,,,,,,,,
1244310,2020/21,2021-01-10,Eden Gardens,1,13.3,Tamil Nadu,Jharkhand,Hari Nishaanth,KD Karthik,VR Aaron,0,0,,,,,,,,,
1244310,2020/21,2021-01-10,Eden Gardens,1,13.4,Tamil Nadu,Jharkhand,Hari Nishaanth,KD Karthik,VR Aaron,0,1,1,,,,,,,,
1244310,2020/21,2021-01-10,Eden Gardens,1,13.5,Tamil Nadu,Jharkhand,Hari Nishaanth,KD Karthik,VR Aaron,1,0,,,,,,,,,
1244310,2020/21,2021-01-10,Eden Gardens,1,13.6,Tamil Nadu,Jharkhand,KD Karthik,Hari Nishaanth,VR Aaron,2,0,,,,,,,,,
1244310,2020/21,2021-01-10,Eden Gardens,1,13.7,Tamil Nadu,Jharkhand,KD Karthik,Hari Nishaanth,VR Aaron,0,0,,,,,,,,,
1244310,2020/21,2021-01-10,Eden Gardens,1,14.1,Tamil Nadu,Jharkhand,Hari Nishaanth,KD Karthik,AS Roy,6,0,,,,,,,,,
1244310,2020/21,2021-01-10,Eden Gardens,1,14.2,Tamil Nadu,Jharkhand,Hari Nishaanth,KD Karthik,AS Roy,0,0,,,,,,,,,
1244310,2020/21,2021-01-10,Eden Gardens,1,14.3,Tamil Nadu,Jharkhand,Hari Nishaanth,KD Karthik,AS Roy,1,0,,,,,,,,,
1244310,2020/21,2021-01-10,Eden Gardens,1,14.4,Tamil Nadu,Jharkhand,KD Karthik,Hari Nishaanth,AS Roy,1,0,,,,,,,,,
1244310,2020/21,2021-01-10,Eden Gardens,1,14.5,Tamil Nadu,Jharkhand,Hari Nishaanth,KD Karthik,AS Roy,4,0,,,,,,,,,
1244310,2020/21,2021-01-10,Eden Gardens,1,14.6,Tamil Nadu,Jharkhand,Hari Nishaanth,KD Karthik,AS Roy,1,0,,,,,,,,,
1244310,2020/21,2021-01-10,Eden Gardens,1,15.1,Tamil Nadu,Jharkhand,Hari Nishaanth,KD Karthik,S Nadeem,0,0,,,,,,,,,
1244310,2020/21,2021-01-10,Eden Gardens,1,15.2,Tamil Nadu,Jharkhand,Hari Nishaanth,KD Karthik,S Nadeem,0,0,,,,,,,,,
1244310,2020/21,2021-01-10,Eden Gardens,1,15.3,Tamil Nadu,Jharkhand,Hari Nishaanth,KD Karthik,S Nadeem,2,0,,,,,,,,,
1244310,2020/21,2021-01-10,Eden Gardens,1,15.4,Tamil Nadu,Jharkhand,Hari Nishaanth,KD Karthik,S Nadeem,2,0,,,,,,,,,
1244310,2020/21,2021-01-10,Eden Gardens,1,15.5,Tamil Nadu,Jharkhand,Hari Nishaanth,KD Karthik,S Nadeem,1,0,,,,,,,,,
1244310,2020/21,2021-01-10,Eden Gardens,1,15.6,Tamil Nadu,Jharkhand,KD Karthik,Hari Nishaanth,S Nadeem,4,0,,,,,,,,,
1244310,2020/21,2021-01-10,Eden Gardens,1,16.1,Tamil Nadu,Jharkhand,Hari Nishaanth,KD Karthik,AS Roy,1,0,,,,,,,,,
1244310,2020/21,2021-01-10,Eden Gardens,1,16.2,Tamil Nadu,Jharkhand,KD Karthik,Hari Nishaanth,AS Roy,1,0,,,,,,,,,
1244310,2020/21,2021-01-10,Eden Gardens,1,16.3,Tamil Nadu,Jharkhand,Hari Nishaanth,KD Karthik,AS Roy,1,0,,,,,,,,,
1244310,2020/21,2021-01-10,Eden Gardens,1,16.4,Tamil Nadu,Jharkhand,KD Karthik,Hari Nishaanth,AS Roy,1,0,,,,,,,,,
1244310,2020/21,2021-01-10,Eden Gardens,1,16.5,Tamil Nadu,Jharkhand,Hari Nishaanth,KD Karthik,AS Roy,0,1,1,,,,,,,,
1244310,2020/21,2021-01-10,Eden Gardens,1,16.6,Tamil Nadu,Jharkhand,Hari Nishaanth,KD Karthik,AS Roy,4,0,,,,,,,,,
1244310,2020/21,2021-01-10,Eden Gardens,1,16.7,Tamil Nadu,Jharkhand,Hari Nishaanth,KD Karthik,AS Roy,1,0,,,,,,,,,
1244310,2020/21,2021-01-10,Eden Gardens,1,17.1,Tamil Nadu,Jharkhand,Hari Nishaanth,KD Karthik,Monu Kumar,0,0,,,,,,,,,
1244310,2020/21,2021-01-10,Eden Gardens,1,17.2,Tamil Nadu,Jharkhand,Hari Nishaanth,KD Karthik,Monu Kumar,3,0,,,,,,,,,
1244310,2020/21,2021-01-10,Eden Gardens,1,17.3,Tamil Nadu,Jharkhand,KD Karthik,Hari Nishaanth,Monu Kumar,6,0,,,,,,,,,
1244310,2020/21,2021-01-10,Eden Gardens,1,17.4,Tamil Nadu,Jharkhand,KD Karthik,Hari Nishaanth,Monu Kumar,4,0,,,,,,,,,
1244310,2020/21,2021-01-10,Eden Gardens,1,17.5,Tamil Nadu,Jharkhand,KD Karthik,Hari Nishaanth,Monu Kumar,6,0,,,,,,,,,
1244310,2020/21,2021-01-10,Eden Gardens,1,17.6,Tamil Nadu,Jharkhand,KD Karthik,Hari Nishaanth,Monu Kumar,6,0,,,,,,,,,
1244310,2020/21,2021-01-10,Eden Gardens,1,18.1,Tamil Nadu,Jharkhand,Hari Nishaanth,KD Karthik,VR Aaron,1,0,,,,,,,,,
1244310,2020/21,2021-01-10,Eden Gardens,1,18.2,Tamil Nadu,Jharkhand,KD Karthik,Hari Nishaanth,VR Aaron,1,0,,,,,,,,,
1244310,2020/21,2021-01-10,Eden Gardens,1,18.3,Tamil Nadu,Jharkhand,Hari Nishaanth,KD Karthik,VR Aaron,1,0,,,,,,,,,
1244310,2020/21,2021-01-10,Eden Gardens,1,18.4,Tamil Nadu,Jharkhand,KD Karthik,Hari Nishaanth,VR Aaron,1,0,,,,,,,,,
1244310,2020/21,2021-01-10,Eden Gardens,1,18.5,Tamil Nadu,Jharkhand,Hari Nishaanth,KD Karthik,VR Aaron,1,0,,,,,,,,,
1244310,2020/21,2021-01-10,Eden Gardens,1,18.6,Tamil Nadu,Jharkhand,KD Karthik,Hari Nishaanth,VR Aaron,6,0,,,,,,,,,
1244310,2020/21,2021-01-10,Eden Gardens,1,19.1,Tamil Nadu,Jharkhand,Hari Nishaanth,KD Karthik,R Shukla,0,1,1,,,,,run out,KD Karthik,,
1244310,2020/21,2021-01-10,Eden Gardens,1,19.2,Tamil Nadu,Jharkhand,M Shahrukh Khan,Hari Nishaanth,R Shukla,0,0,,,,,,,,,
1244310,2020/21,2021-01-10,Eden Gardens,1,19.3,Tamil Nadu,Jharkhand,M Shahrukh Khan,Hari Nishaanth,R Shukla,6,0,,,,,,,,,
1244310,2020/21,2021-01-10,Eden Gardens,1,19.4,Tamil Nadu,Jharkhand,M Shahrukh Khan,Hari Nishaanth,R Shukla,6,0,,,,,,,,,
1244310,2020/21,2021-01-10,Eden Gardens,1,19.5,Tamil Nadu,Jharkhand,M Shahrukh Khan,Hari Nishaanth,R Shukla,0,0,,,,,,caught and bowled,M Shahrukh Khan,,
1244310,2020/21,2021-01-10,Eden Gardens,1,19.6,Tamil Nadu,Jharkhand,KB Arun Karthik,Hari Nishaanth,R Shukla,0,1,1,,,,,,,,
1244310,2020/21,2021-01-10,Eden Gardens,1,19.7,Tamil Nadu,Jharkhand,KB Arun Karthik,Hari Nishaanth,R Shukla,0,0,,,,,,caught,KB Arun Karthik,,
1244310,2020/21,2021-01-10,Eden Gardens,1,19.8,Tamil Nadu,Jharkhand,Hari Nishaanth,M Mohammed,R Shukla,0,0,,,,,,,,,
1244310,2020/21,2021-01-10,Eden Gardens,2,0.1,Jharkhand,Tamil Nadu,Kumar Deobrat,Ishan Kishan,S Sandeep Warrier,1,0,,,,,,,,,
1244310,2020/21,2021-01-10,Eden Gardens,2,0.2,Jharkhand,Tamil Nadu,Ishan Kishan,Kumar Deobrat,S Sandeep Warrier,1,0,,,,,,,,,
1244310,2020/21,2021-01-10,Eden Gardens,2,0.3,Jharkhand,Tamil Nadu,Kumar Deobrat,Ishan Kishan,S Sandeep Warrier,4,0,,,,,,,,,
1244310,2020/21,2021-01-10,Eden Gardens,2,0.4,Jharkhand,Tamil Nadu,Kumar Deobrat,Ishan Kishan,S Sandeep Warrier,0,0,,,,,,,,,
1244310,2020/21,2021-01-10,Eden Gardens,2,0.5,Jharkhand,Tamil Nadu,Kumar Deobrat,Ishan Kishan,S Sandeep Warrier,0,0,,,,,,,,,
1244310,2020/21,2021-01-10,Eden Gardens,2,0.6,Jharkhand,Tamil Nadu,Kumar Deobrat,Ishan Kishan,S Sandeep Warrier,0,0,,,,,,,,,
1244310,2020/21,2021-01-10,Eden Gardens,2,1.1,Jharkhand,Tamil Nadu,Ishan Kishan,Kumar Deobrat,Sonu Yadav,0,1,1,,,,,,,,
1244310,2020/21,2021-01-10,Eden Gardens,2,1.2,Jharkhand,Tamil Nadu,Ishan Kishan,Kumar Deobrat,Sonu Yadav,0,0,,,,,,,,,
1244310,2020/21,2021-01-10,Eden Gardens,2,1.3,Jharkhand,Tamil Nadu,Ishan Kishan,Kumar Deobrat,Sonu Yadav,0,1,1,,,,,,,,
1244310,2020/21,2021-01-10,Eden Gardens,2,1.4,Jharkhand,Tamil Nadu,Ishan Kishan,Kumar Deobrat,Sonu Yadav,4,0,,,,,,,,,
1244310,2020/21,2021-01-10,Eden Gardens,2,1.5,Jharkhand,Tamil Nadu,Ishan Kishan,Kumar Deobrat,Sonu Yadav,4,0,,,,,,,,,
1244310,2020/21,2021-01-10,Eden Gardens,2,1.6,Jharkhand,Tamil Nadu,Ishan Kishan,Kumar Deobrat,Sonu Yadav,0,0,,,,,,,,,
1244310,2020/21,2021-01-10,Eden Gardens,2,1.7,Jharkhand,Tamil Nadu,Ishan Kishan,Kumar Deobrat,Sonu Yadav,0,0,,,,,,,,,
1244310,2020/21,2021-01-10,Eden Gardens,2,1.8,Jharkhand,Tamil Nadu,Ishan Kishan,Kumar Deobrat,Sonu Yadav,0,0,,,,,,,,,
1244310,2020/21,2021-01-10,Eden Gardens,2,2.1,Jharkhand,Tamil Nadu,Kumar Deobrat,Ishan Kishan,S Sandeep Warrier,0,0,,,,,,,,,
1244310,2020/21,2021-01-10,Eden Gardens,2,2.2,Jharkhand,Tamil Nadu,Kumar Deobrat,Ishan Kishan,S Sandeep Warrier,0,1,,,1,,,,,,
1244310,2020/21,2021-01-10,Eden Gardens,2,2.3,Jharkhand,Tamil Nadu,Ishan Kishan,Kumar Deobrat,S Sandeep Warrier,0,0,,,,,,caught,Ishan Kishan,,
1244310,2020/21,2021-01-10,Eden Gardens,2,2.4,Jharkhand,Tamil Nadu,Utkarsh Singh,Kumar Deobrat,S Sandeep Warrier,1,0,,,,,,,,,
1244310,2020/21,2021-01-10,Eden Gardens,2,2.5,Jharkhand,Tamil Nadu,Kumar Deobrat,Utkarsh Singh,S Sandeep Warrier,0,1,1,,,,,,,,
1244310,2020/21,2021-01-10,Eden Gardens,2,2.6,Jharkhand,Tamil Nadu,Kumar Deobrat,Utkarsh Singh,S Sandeep Warrier,4,0,,,,,,,,,
1244310,2020/21,2021-01-10,Eden Gardens,2,2.7,Jharkhand,Tamil Nadu,Kumar Deobrat,Utkarsh Singh,S Sandeep Warrier,1,0,,,,,,,,,
1244310,2020/21,2021-01-10,Eden Gardens,2,3.1,Jharkhand,Tamil Nadu,Kumar Deobrat,Utkarsh Singh,V Shankar,0,0,,,,,,,,,
1244310,2020/21,2021-01-10,Eden Gardens,2,3.2,Jharkhand,Tamil Nadu,Kumar Deobrat,Utkarsh Singh,V Shankar,1,0,,,,,,,,,
1244310,2020/21,2021-01-10,Eden Gardens,2,3.3,Jharkhand,Tamil Nadu,Utkarsh Singh,Kumar Deobrat,V Shankar,0,0,,,,,,,,,
1244310,2020/21,2021-01-10,Eden Gardens,2,3.4,Jharkhand,Tamil Nadu,Utkarsh Singh,Kumar Deobrat,V Shankar,0,0,,,,,,,,,
1244310,2020/21,2021-01-10,Eden Gardens,2,3.5,Jharkhand,Tamil Nadu,Utkarsh Singh,Kumar Deobrat,V Shankar,4,0,,,,,,,,,
1244310,2020/21,2021-01-10,Eden Gardens,2,3.6,Jharkhand,Tamil Nadu,Utkarsh Singh,Kumar Deobrat,V Shankar,1,0,,,,,,,,,
1244310,2020/21,2021-01-10,Eden Gardens,2,4.1,Jharkhand,Tamil Nadu,Utkarsh Singh,Kumar Deobrat,Sonu Yadav,4,0,,,,,,,,,
1244310,2020/21,2021-01-10,Eden Gardens,2,4.2,Jharkhand,Tamil Nadu,Utkarsh Singh,Kumar Deobrat,Sonu Yadav,0,0,,,,,,,,,
1244310,2020/21,2021-01-10,Eden Gardens,2,4.3,Jharkhand,Tamil Nadu,Utkarsh Singh,Kumar Deobrat,Sonu Yadav,4,0,,,,,,,,,
1244310,2020/21,2021-01-10,Eden Gardens,2,4.4,Jharkhand,Tamil Nadu,Utkarsh Singh,Kumar Deobrat,Sonu Yadav,0,0,,,,,,caught,Utkarsh Singh,,
1244310,2020/21,2021-01-10,Eden Gardens,2,4.5,Jharkhand,Tamil Nadu,Kumar Deobrat,Virat Singh,Sonu Yadav,0,0,,,,,,,,,
1244310,2020/21,2021-01-10,Eden Gardens,2,4.6,Jharkhand,Tamil Nadu,Kumar Deobrat,Virat Singh,Sonu Yadav,0,0,,,,,,,,,
1244310,2020/21,2021-01-10,Eden Gardens,2,5.1,Jharkhand,Tamil Nadu,Virat Singh,Kumar Deobrat,S Sandeep Warrier,4,0,,,,,,,,,
1244310,2020/21,2021-01-10,Eden Gardens,2,5.2,Jharkhand,Tamil Nadu,Virat Singh,Kumar Deobrat,S Sandeep Warrier,0,0,,,,,,,,,
1244310,2020/21,2021-01-10,Eden Gardens,2,5.3,Jharkhand,Tamil Nadu,Virat Singh,Kumar Deobrat,S Sandeep Warrier,1,0,,,,,,,,,
1244310,2020/21,2021-01-10,Eden Gardens,2,5.4,Jharkhand,Tamil Nadu,Kumar Deobrat,Virat Singh,S Sandeep Warrier,4,0,,,,,,,,,
1244310,2020/21,2021-01-10,Eden Gardens,2,5.5,Jharkhand,Tamil Nadu,Kumar Deobrat,Virat Singh,S Sandeep Warrier,0,0,,,,,,,,,
1244310,2020/21,2021-01-10,Eden Gardens,2,5.6,Jharkhand,Tamil Nadu,Kumar Deobrat,Virat Singh,S Sandeep Warrier,0,0,,,,,,caught,Kumar Deobrat,,
1244310,2020/21,2021-01-10,Eden Gardens,2,6.1,Jharkhand,Tamil Nadu,SS Tiwary,Virat Singh,V Shankar,0,0,,,,,,,,,
1244310,2020/21,2021-01-10,Eden Gardens,2,6.2,Jharkhand,Tamil Nadu,SS Tiwary,Virat Singh,V Shankar,1,0,,,,,,,,,
1244310,2020/21,2021-01-10,Eden Gardens,2,6.3,Jharkhand,Tamil Nadu,Virat Singh,SS Tiwary,V Shankar,0,0,,,,,,,,,
1244310,2020/21,2021-01-10,Eden Gardens,2,6.4,Jharkhand,Tamil Nadu,Virat Singh,SS Tiwary,V Shankar,0,0,,,,,,,,,
1244310,2020/21,2021-01-10,Eden Gardens,2,6.5,Jharkhand,Tamil Nadu,Virat Singh,SS Tiwary,V Shankar,1,0,,,,,,,,,
1244310,2020/21,2021-01-10,Eden Gardens,2,6.6,Jharkhand,Tamil Nadu,SS Tiwary,Virat Singh,V Shankar,0,0,,,,,,,,,
1244310,2020/21,2021-01-10,Eden Gardens,2,7.1,Jharkhand,Tamil Nadu,Virat Singh,SS Tiwary,M Mohammed,1,0,,,,,,,,,
1244310,2020/21,2021-01-10,Eden Gardens,2,7.2,Jharkhand,Tamil Nadu,SS Tiwary,Virat Singh,M Mohammed,0,0,,,,,,,,,
1244310,2020/21,2021-01-10,Eden Gardens,2,7.3,Jharkhand,Tamil Nadu,SS Tiwary,Virat Singh,M Mohammed,1,0,,,,,,,,,
1244310,2020/21,2021-01-10,Eden Gardens,2,7.4,Jharkhand,Tamil Nadu,Virat Singh,SS Tiwary,M Mohammed,0,0,,,,,,,,,
1244310,2020/21,2021-01-10,Eden Gardens,2,7.5,Jharkhand,Tamil Nadu,Virat Singh,SS Tiwary,M Mohammed,0,0,,,,,,,,,
1244310,2020/21,2021-01-10,Eden Gardens,2,7.6,Jharkhand,Tamil Nadu,Virat Singh,SS Tiwary,M Mohammed,1,0,,,,,,,,,
1244310,2020/21,2021-01-10,Eden Gardens,2,8.1,Jharkhand,Tamil Nadu,Virat Singh,SS Tiwary,V Shankar,1,0,,,,,,,,,
1244310,2020/21,2021-01-10,Eden Gardens,2,8.2,Jharkhand,Tamil Nadu,SS Tiwary,Virat Singh,Hari Nishaanth,1,0,,,,,,,,,
1244310,2020/21,2021-01-10,Eden Gardens,2,8.3,Jharkhand,Tamil Nadu,Virat Singh,SS Tiwary,Hari Nishaanth,4,0,,,,,,,,,
1244310,2020/21,2021-01-10,Eden Gardens,2,8.4,Jharkhand,Tamil Nadu,Virat Singh,SS Tiwary,Hari Nishaanth,1,0,,,,,,,,,
1244310,2020/21,2021-01-10,Eden Gardens,2,8.5,Jharkhand,Tamil Nadu,SS Tiwary,Virat Singh,Hari Nishaanth,0,0,,,,,,,,,
1244310,2020/21,2021-01-10,Eden Gardens,2,8.6,Jharkhand,Tamil Nadu,SS Tiwary,Virat Singh,Hari Nishaanth,1,0,,,,,,,,,
1244310,2020/21,2021-01-10,Eden Gardens,2,9.1,Jharkhand,Tamil Nadu,SS Tiwary,Virat Singh,M Mohammed,1,0,,,,,,,,,
1244310,2020/21,2021-01-10,Eden Gardens,2,9.2,Jharkhand,Tamil Nadu,Virat Singh,SS Tiwary,M Mohammed,1,0,,,,,,,,,
1244310,2020/21,2021-01-10,Eden Gardens,2,9.3,Jharkhand,Tamil Nadu,SS Tiwary,Virat Singh,M Mohammed,1,0,,,,,,,,,
1244310,2020/21,2021-01-10,Eden Gardens,2,9.4,Jharkhand,Tamil Nadu,Virat Singh,SS Tiwary,M Mohammed,1,0,,,,,,,,,
1244310,2020/21,2021-01-10,Eden Gardens,2,9.5,Jharkhand,Tamil Nadu,SS Tiwary,Virat Singh,M Mohammed,1,0,,,,,,,,,
1244310,2020/21,2021-01-10,Eden Gardens,2,9.6,Jharkhand,Tamil Nadu,Virat Singh,SS Tiwary,M Mohammed,1,0,,,,,,,,,
1244310,2020/21,2021-01-10,Eden Gardens,2,10.1,Jharkhand,Tamil Nadu,Virat Singh,SS Tiwary,M Ashwin,2,0,,,,,,,,,
1244310,2020/21,2021-01-10,Eden Gardens,2,10.2,Jharkhand,Tamil Nadu,Virat Singh,SS Tiwary,M Ashwin,0,0,,,,,,,,,
1244310,2020/21,2021-01-10,Eden Gardens,2,10.3,Jharkhand,Tamil Nadu,Virat Singh,SS Tiwary,M Ashwin,1,0,,,,,,,,,
1244310,2020/21,2021-01-10,Eden Gardens,2,10.4,Jharkhand,Tamil Nadu,SS Tiwary,Virat Singh,M Ashwin,0,0,,,,,,,,,
1244310,2020/21,2021-01-10,Eden Gardens,2,10.5,Jharkhand,Tamil Nadu,SS Tiwary,Virat Singh,M Ashwin,0,0,,,,,,,,,
1244310,2020/21,2021-01-10,Eden Gardens,2,10.6,Jharkhand,Tamil Nadu,SS Tiwary,Virat Singh,M Ashwin,0,0,,,,,,,,,
1244310,2020/21,2021-01-10,Eden Gardens,2,11.1,Jharkhand,Tamil Nadu,Virat Singh,SS Tiwary,M Mohammed,0,0,,,,,,,,,
1244310,2020/21,2021-01-10,Eden Gardens,2,11.2,Jharkhand,Tamil Nadu,Virat Singh,SS Tiwary,M Mohammed,1,0,,,,,,,,,
1244310,2020/21,2021-01-10,Eden Gardens,2,11.3,Jharkhand,Tamil Nadu,SS Tiwary,Virat Singh,M Mohammed,0,0,,,,,,,,,
1244310,2020/21,2021-01-10,Eden Gardens,2,11.4,Jharkhand,Tamil Nadu,SS Tiwary,Virat Singh,M Mohammed,1,0,,,,,,,,,
1244310,2020/21,2021-01-10,Eden Gardens,2,11.5,Jharkhand,Tamil Nadu,Virat Singh,SS Tiwary,M Mohammed,1,0,,,,,,,,,
1244310,2020/21,2021-01-10,Eden Gardens,2,11.6,Jharkhand,Tamil Nadu,SS Tiwary,Virat Singh,M Mohammed,1,0,,,,,,,,,
1244310,2020/21,2021-01-10,Eden Gardens,2,12.1,Jharkhand,Tamil Nadu,SS Tiwary,Virat Singh,M Ashwin,0,0,,,,,,bowled,SS Tiwary,,
1244310,2020/21,2021-01-10,Eden Gardens,2,12.2,Jharkhand,Tamil Nadu,AS Roy,Virat Singh,M Ashwin,1,0,,,,,,,,,
1244310,2020/21,2021-01-10,Eden Gardens,2,12.3,Jharkhand,Tamil Nadu,Virat Singh,AS Roy,M Ashwin,1,0,,,,,,,,,
1244310,2020/21,2021-01-10,Eden Gardens,2,12.4,Jharkhand,Tamil Nadu,AS Roy,Virat Singh,M Ashwin,0,0,,,,,,,,,
1244310,2020/21,2021-01-10,Eden Gardens,2,12.5,Jharkhand,Tamil Nadu,AS Roy,Virat Singh,M Ashwin,0,0,,,,,,,,,
1244310,2020/21,2021-01-10,Eden Gardens,2,12.6,Jharkhand,Tamil Nadu,AS Roy,Virat Singh,M Ashwin,2,0,,,,,,,,,
1244310,2020/21,2021-01-10,Eden Gardens,2,13.1,Jharkhand,Tamil Nadu,Virat Singh,AS Roy,Sonu Yadav,0,0,,,,,,caught,Virat Singh,,
1244310,2020/21,2021-01-10,Eden Gardens,2,13.2,Jharkhand,Tamil Nadu,Anand Singh,AS Roy,Sonu Yadav,0,0,,,,,,,,,
1244310,2020/21,2021-01-10,Eden Gardens,2,13.3,Jharkhand,Tamil Nadu,Anand Singh,AS Roy,Sonu Yadav,0,0,,,,,,,,,
1244310,2020/21,2021-01-10,Eden Gardens,2,13.4,Jharkhand,Tamil Nadu,Anand Singh,AS Roy,Sonu Yadav,1,0,,,,,,,,,
1244310,2020/21,2021-01-10,Eden Gardens,2,13.5,Jharkhand,Tamil Nadu,AS Roy,Anand Singh,Sonu Yadav,0,0,,,,,,,,,
1244310,2020/21,2021-01-10,Eden Gardens,2,13.6,Jharkhand,Tamil Nadu,AS Roy,Anand Singh,Sonu Yadav,1,0,,,,,,,,,
1244310,2020/21,2021-01-10,Eden Gardens,2,14.1,Jharkhand,Tamil Nadu,AS Roy,Anand Singh,R Sai Kishore,0,0,,,,,,caught,AS Roy,,
1244310,2020/21,2021-01-10,Eden Gardens,2,14.2,Jharkhand,Tamil Nadu,Anand Singh,S Nadeem,R Sai Kishore,0,0,,,,,,,,,
1244310,2020/21,2021-01-10,Eden Gardens,2,14.3,Jharkhand,Tamil Nadu,Anand Singh,S Nadeem,R Sai Kishore,0,0,,,,,,,,,
1244310,2020/21,2021-01-10,Eden Gardens,2,14.4,Jharkhand,Tamil Nadu,Anand Singh,S Nadeem,R Sai Kishore,0,0,,,,,,,,,
1244310,2020/21,2021-01-10,Eden Gardens,2,14.5,Jharkhand,Tamil Nadu,Anand Singh,S Nadeem,R Sai Kishore,1,0,,,,,,,,,
1244310,2020/21,2021-01-10,Eden Gardens,2,14.6,Jharkhand,Tamil Nadu,S Nadeem,Anand Singh,R Sai Kishore,0,0,,,,,,,,,
1244310,2020/21,2021-01-10,Eden Gardens,2,15.1,Jharkhand,Tamil Nadu,Anand Singh,S Nadeem,M Ashwin,1,0,,,,,,,,,
1244310,2020/21,2021-01-10,Eden Gardens,2,15.2,Jharkhand,Tamil Nadu,S Nadeem,Anand Singh,M Ashwin,1,0,,,,,,,,,
1244310,2020/21,2021-01-10,Eden Gardens,2,15.3,Jharkhand,Tamil Nadu,Anand Singh,S Nadeem,M Ashwin,0,0,,,,,,,,,
1244310,2020/21,2021-01-10,Eden Gardens,2,15.4,Jharkhand,Tamil Nadu,Anand Singh,S Nadeem,M Ashwin,1,0,,,,,,,,,
1244310,2020/21,2021-01-10,Eden Gardens,2,15.5,Jharkhand,Tamil Nadu,S Nadeem,Anand Singh,M Ashwin,1,0,,,,,,,,,
1244310,2020/21,2021-01-10,Eden Gardens,2,15.6,Jharkhand,Tamil Nadu,Anand Singh,S Nadeem,M Ashwin,1,0,,,,,,,,,
1244310,2020/21,2021-01-10,Eden Gardens,2,16.1,Jharkhand,Tamil Nadu,Anand Singh,S Nadeem,R Sai Kishore,0,0,,,,,,,,,
1244310,2020/21,2021-01-10,Eden Gardens,2,16.2,Jharkhand,Tamil Nadu,Anand Singh,S Nadeem,R Sai Kishore,1,0,,,,,,,,,
1244310,2020/21,2021-01-10,Eden Gardens,2,16.3,Jharkhand,Tamil Nadu,S Nadeem,Anand Singh,R Sai Kishore,0,0,,,,,,,,,
1244310,2020/21,2021-01-10,Eden Gardens,2,16.4,Jharkhand,Tamil Nadu,S Nadeem,Anand Singh,R Sai Kishore,1,0,,,,,,,,,
1244310,2020/21,2021-01-10,Eden Gardens,2,16.5,Jharkhand,Tamil Nadu,Anand Singh,S Nadeem,R Sai Kishore,0,0,,,,,,,,,
1244310,2020/21,2021-01-10,Eden Gardens,2,16.6,Jharkhand,Tamil Nadu,Anand Singh,S Nadeem,R Sai Kishore,1,0,,,,,,,,,
1244310,2020/21,2021-01-10,Eden Gardens,2,17.1,Jharkhand,Tamil Nadu,Anand Singh,S Nadeem,M Ashwin,6,0,,,,,,,,,
1244310,2020/21,2021-01-10,Eden Gardens,2,17.2,Jharkhand,Tamil Nadu,Anand Singh,S Nadeem,M Ashwin,1,0,,,,,,,,,
1244310,2020/21,2021-01-10,Eden Gardens,2,17.3,Jharkhand,Tamil Nadu,S Nadeem,Anand Singh,M Ashwin,1,0,,,,,,,,,
1244310,2020/21,2021-01-10,Eden Gardens,2,17.4,Jharkhand,Tamil Nadu,Anand Singh,S Nadeem,M Ashwin,2,0,,,,,,,,,
1244310,2020/21,2021-01-10,Eden Gardens,2,17.5,Jharkhand,Tamil Nadu,Anand Singh,S Nadeem,M Ashwin,0,0,,,,,,,,,
1244310,2020/21,2021-01-10,Eden Gardens,2,17.6,Jharkhand,Tamil Nadu,Anand Singh,S Nadeem,M Ashwin,4,0,,,,,,,,,
1244310,2020/21,2021-01-10,Eden Gardens,2,18.1,Jharkhand,Tamil Nadu,S Nadeem,Anand Singh,R Sai Kishore,4,0,,,,,,,,,
1244310,2020/21,2021-01-10,Eden Gardens,2,18.2,Jharkhand,Tamil Nadu,S Nadeem,Anand Singh,R Sai Kishore,2,0,,,,,,,,,
1244310,2020/21,2021-01-10,Eden Gardens,2,18.3,Jharkhand,Tamil Nadu,S Nadeem,Anand Singh,R Sai Kishore,1,0,,,,,,,,,
1244310,2020/21,2021-01-10,Eden Gardens,2,18.4,Jharkhand,Tamil Nadu,Anand Singh,S Nadeem,R Sai Kishore,1,0,,,,,,,,,
1244310,2020/21,2021-01-10,Eden Gardens,2,18.5,Jharkhand,Tamil Nadu,S Nadeem,Anand Singh,R Sai Kishore,2,0,,,,,,,,,
1244310,2020/21,2021-01-10,Eden Gardens,2,18.6,Jharkhand,Tamil Nadu,S Nadeem,Anand Singh,R Sai Kishore,0,0,,,,,,,,,
1244310,2020/21,2021-01-10,Eden Gardens,2,19.1,Jharkhand,Tamil Nadu,Anand Singh,S Nadeem,Sonu Yadav,2,0,,,,,,,,,
1244310,2020/21,2021-01-10,Eden Gardens,2,19.2,Jharkhand,Tamil Nadu,Anand Singh,S Nadeem,Sonu Yadav,4,0,,,,,,,,,
1244310,2020/21,2021-01-10,Eden Gardens,2,19.3,Jharkhand,Tamil Nadu,Anand Singh,S Nadeem,Sonu Yadav,1,0,,,,,,,,,
1244310,2020/21,2021-01-10,Eden Gardens,2,19.4,Jharkhand,Tamil Nadu,S Nadeem,Anand Singh,Sonu Yadav,0,0,,,,,,caught,S Nadeem,,
1244310,2020/21,2021-01-10,Eden Gardens,2,19.5,Jharkhand,Tamil Nadu,Monu Kumar,Anand Singh,Sonu Yadav,4,0,,,,,,,,,
1244310,2020/21,2021-01-10,Eden Gardens,2,19.6,Jharkhand,Tamil Nadu,Monu Kumar,Anand Singh,Sonu Yadav,0,0,,,,,,,,,
