match_id,season,start_date,venue,innings,ball,batting_team,bowling_team,striker,non_striker,bowler,runs_off_bat,extras,wides,noballs,byes,legbyes,penalty,wicket_type,player_dismissed,other_wicket_type,other_player_dismissed
1244373,2020/21,2021-01-17, Emerald Heights International School Ground,1,0.1,Saurashtra,Madhya Pradesh,H Desai,AA Barot,IC Pandey,0,0,,,,,,,,,
1244373,2020/21,2021-01-17, Emerald Heights International School Ground,1,0.2,Saurashtra,Madhya Pradesh,H Desai,AA Barot,IC Pandey,0,0,,,,,,,,,
1244373,2020/21,2021-01-17, Emerald Heights International School Ground,1,0.3,Saurashtra,Madhya Pradesh,H Desai,AA Barot,IC Pandey,1,0,,,,,,,,,
1244373,2020/21,2021-01-17, Emerald Heights International School Ground,1,0.4,Saurashtra,Madhya Pradesh,AA Barot,H Desai,IC Pandey,0,0,,,,,,,,,
1244373,2020/21,2021-01-17, Emerald Heights International School Ground,1,0.5,Saurashtra,Madhya Pradesh,AA Barot,H Desai,IC Pandey,0,0,,,,,,,,,
1244373,2020/21,2021-01-17, Emerald Heights International School Ground,1,0.6,Saurashtra,Madhya Pradesh,AA Barot,H Desai,IC Pandey,0,0,,,,,,,,,
1244373,2020/21,2021-01-17, Emerald Heights International School Ground,1,1.1,Saurashtra,Madhya Pradesh,H Desai,AA Barot,Avesh Khan,4,0,,,,,,,,,
1244373,2020/21,2021-01-17, Emerald Heights International School Ground,1,1.2,Saurashtra,Madhya Pradesh,H Desai,AA Barot,Avesh Khan,1,0,,,,,,,,,
1244373,2020/21,2021-01-17, Emerald Heights International School Ground,1,1.3,Saurashtra,Madhya Pradesh,AA Barot,H Desai,Avesh Khan,0,0,,,,,,,,,
1244373,2020/21,2021-01-17, Emerald Heights International School Ground,1,1.4,Saurashtra,Madhya Pradesh,AA Barot,H Desai,Avesh Khan,4,0,,,,,,,,,
1244373,2020/21,2021-01-17, Emerald Heights International School Ground,1,1.5,Saurashtra,Madhya Pradesh,AA Barot,H Desai,Avesh Khan,0,0,,,,,,,,,
1244373,2020/21,2021-01-17, Emerald Heights International School Ground,1,1.6,Saurashtra,Madhya Pradesh,AA Barot,H Desai,Avesh Khan,4,0,,,,,,,,,
1244373,2020/21,2021-01-17, Emerald Heights International School Ground,1,2.1,Saurashtra,Madhya Pradesh,H Desai,AA Barot,IC Pandey,4,0,,,,,,,,,
1244373,2020/21,2021-01-17, Emerald Heights International School Ground,1,2.2,Saurashtra,Madhya Pradesh,H Desai,AA Barot,IC Pandey,1,0,,,,,,,,,
1244373,2020/21,2021-01-17, Emerald Heights International School Ground,1,2.3,Saurashtra,Madhya Pradesh,AA Barot,H Desai,IC Pandey,4,0,,,,,,,,,
1244373,2020/21,2021-01-17, Emerald Heights International School Ground,1,2.4,Saurashtra,Madhya Pradesh,AA Barot,H Desai,IC Pandey,1,0,,,,,,,,,
1244373,2020/21,2021-01-17, Emerald Heights International School Ground,1,2.5,Saurashtra,Madhya Pradesh,H Desai,AA Barot,IC Pandey,1,0,,,,,,,,,
1244373,2020/21,2021-01-17, Emerald Heights International School Ground,1,2.6,Saurashtra,Madhya Pradesh,AA Barot,H Desai,IC Pandey,0,0,,,,,,,,,
1244373,2020/21,2021-01-17, Emerald Heights International School Ground,1,3.1,Saurashtra,Madhya Pradesh,H Desai,AA Barot,KR Sen,0,0,,,,,,,,,
1244373,2020/21,2021-01-17, Emerald Heights International School Ground,1,3.2,Saurashtra,Madhya Pradesh,H Desai,AA Barot,KR Sen,1,0,,,,,,,,,
1244373,2020/21,2021-01-17, Emerald Heights International School Ground,1,3.3,Saurashtra,Madhya Pradesh,AA Barot,H Desai,KR Sen,4,0,,,,,,,,,
1244373,2020/21,2021-01-17, Emerald Heights International School Ground,1,3.4,Saurashtra,Madhya Pradesh,AA Barot,H Desai,KR Sen,0,0,,,,,,,,,
1244373,2020/21,2021-01-17, Emerald Heights International School Ground,1,3.5,Saurashtra,Madhya Pradesh,AA Barot,H Desai,KR Sen,0,0,,,,,,,,,
1244373,2020/21,2021-01-17, Emerald Heights International School Ground,1,3.6,Saurashtra,Madhya Pradesh,AA Barot,H Desai,KR Sen,1,0,,,,,,,,,
1244373,2020/21,2021-01-17, Emerald Heights International School Ground,1,4.1,Saurashtra,Madhya Pradesh,AA Barot,H Desai,Ankit Sharma,1,0,,,,,,,,,
1244373,2020/21,2021-01-17, Emerald Heights International School Ground,1,4.2,Saurashtra,Madhya Pradesh,H Desai,AA Barot,Ankit Sharma,0,0,,,,,,,,,
1244373,2020/21,2021-01-17, Emerald Heights International School Ground,1,4.3,Saurashtra,Madhya Pradesh,H Desai,AA Barot,Ankit Sharma,0,0,,,,,,caught,H Desai,,
1244373,2020/21,2021-01-17, Emerald Heights International School Ground,1,4.4,Saurashtra,Madhya Pradesh,Samarth Vyas,AA Barot,Ankit Sharma,0,0,,,,,,,,,
1244373,2020/21,2021-01-17, Emerald Heights International School Ground,1,4.5,Saurashtra,Madhya Pradesh,Samarth Vyas,AA Barot,Ankit Sharma,0,0,,,,,,,,,
1244373,2020/21,2021-01-17, Emerald Heights International School Ground,1,4.6,Saurashtra,Madhya Pradesh,Samarth Vyas,AA Barot,Ankit Sharma,4,0,,,,,,,,,
1244373,2020/21,2021-01-17, Emerald Heights International School Ground,1,5.1,Saurashtra,Madhya Pradesh,AA Barot,Samarth Vyas,KR Sen,0,0,,,,,,,,,
1244373,2020/21,2021-01-17, Emerald Heights International School Ground,1,5.2,Saurashtra,Madhya Pradesh,AA Barot,Samarth Vyas,KR Sen,0,0,,,,,,,,,
1244373,2020/21,2021-01-17, Emerald Heights International School Ground,1,5.3,Saurashtra,Madhya Pradesh,AA Barot,Samarth Vyas,KR Sen,0,0,,,,,,,,,
1244373,2020/21,2021-01-17, Emerald Heights International School Ground,1,5.4,Saurashtra,Madhya Pradesh,AA Barot,Samarth Vyas,KR Sen,0,0,,,,,,caught,AA Barot,,
1244373,2020/21,2021-01-17, Emerald Heights International School Ground,1,5.5,Saurashtra,Madhya Pradesh,PN Mankad,Samarth Vyas,KR Sen,0,0,,,,,,,,,
1244373,2020/21,2021-01-17, Emerald Heights International School Ground,1,5.6,Saurashtra,Madhya Pradesh,PN Mankad,Samarth Vyas,KR Sen,0,0,,,,,,,,,
1244373,2020/21,2021-01-17, Emerald Heights International School Ground,1,6.1,Saurashtra,Madhya Pradesh,Samarth Vyas,PN Mankad,Ankit Sharma,1,0,,,,,,,,,
1244373,2020/21,2021-01-17, Emerald Heights International School Ground,1,6.2,Saurashtra,Madhya Pradesh,PN Mankad,Samarth Vyas,Ankit Sharma,1,0,,,,,,,,,
1244373,2020/21,2021-01-17, Emerald Heights International School Ground,1,6.3,Saurashtra,Madhya Pradesh,Samarth Vyas,PN Mankad,Ankit Sharma,0,0,,,,,,,,,
1244373,2020/21,2021-01-17, Emerald Heights International School Ground,1,6.4,Saurashtra,Madhya Pradesh,Samarth Vyas,PN Mankad,Ankit Sharma,1,0,,,,,,,,,
1244373,2020/21,2021-01-17, Emerald Heights International School Ground,1,6.5,Saurashtra,Madhya Pradesh,PN Mankad,Samarth Vyas,Ankit Sharma,1,0,,,,,,,,,
1244373,2020/21,2021-01-17, Emerald Heights International School Ground,1,6.6,Saurashtra,Madhya Pradesh,Samarth Vyas,PN Mankad,Ankit Sharma,1,0,,,,,,,,,
1244373,2020/21,2021-01-17, Emerald Heights International School Ground,1,7.1,Saurashtra,Madhya Pradesh,Samarth Vyas,PN Mankad,Mihir Hirwani,1,0,,,,,,,,,
1244373,2020/21,2021-01-17, Emerald Heights International School Ground,1,7.2,Saurashtra,Madhya Pradesh,PN Mankad,Samarth Vyas,Mihir Hirwani,0,0,,,,,,,,,
1244373,2020/21,2021-01-17, Emerald Heights International School Ground,1,7.3,Saurashtra,Madhya Pradesh,PN Mankad,Samarth Vyas,Mihir Hirwani,6,0,,,,,,,,,
1244373,2020/21,2021-01-17, Emerald Heights International School Ground,1,7.4,Saurashtra,Madhya Pradesh,PN Mankad,Samarth Vyas,Mihir Hirwani,1,0,,,,,,,,,
1244373,2020/21,2021-01-17, Emerald Heights International School Ground,1,7.5,Saurashtra,Madhya Pradesh,Samarth Vyas,PN Mankad,Mihir Hirwani,1,0,,,,,,,,,
1244373,2020/21,2021-01-17, Emerald Heights International School Ground,1,7.6,Saurashtra,Madhya Pradesh,PN Mankad,Samarth Vyas,Mihir Hirwani,1,0,,,,,,,,,
1244373,2020/21,2021-01-17, Emerald Heights International School Ground,1,8.1,Saurashtra,Madhya Pradesh,PN Mankad,Samarth Vyas,Ankit Sharma,4,0,,,,,,,,,
1244373,2020/21,2021-01-17, Emerald Heights International School Ground,1,8.2,Saurashtra,Madhya Pradesh,PN Mankad,Samarth Vyas,Ankit Sharma,0,0,,,,,,,,,
1244373,2020/21,2021-01-17, Emerald Heights International School Ground,1,8.3,Saurashtra,Madhya Pradesh,PN Mankad,Samarth Vyas,Ankit Sharma,1,0,,,,,,,,,
1244373,2020/21,2021-01-17, Emerald Heights International School Ground,1,8.4,Saurashtra,Madhya Pradesh,Samarth Vyas,PN Mankad,Ankit Sharma,1,0,,,,,,,,,
1244373,2020/21,2021-01-17, Emerald Heights International School Ground,1,8.5,Saurashtra,Madhya Pradesh,PN Mankad,Samarth Vyas,Ankit Sharma,4,0,,,,,,,,,
1244373,2020/21,2021-01-17, Emerald Heights International School Ground,1,8.6,Saurashtra,Madhya Pradesh,PN Mankad,Samarth Vyas,Ankit Sharma,1,0,,,,,,,,,
1244373,2020/21,2021-01-17, Emerald Heights International School Ground,1,9.1,Saurashtra,Madhya Pradesh,PN Mankad,Samarth Vyas,Mihir Hirwani,0,1,1,,,,,,,,
1244373,2020/21,2021-01-17, Emerald Heights International School Ground,1,9.2,Saurashtra,Madhya Pradesh,PN Mankad,Samarth Vyas,Mihir Hirwani,1,0,,,,,,,,,
1244373,2020/21,2021-01-17, Emerald Heights International School Ground,1,9.3,Saurashtra,Madhya Pradesh,Samarth Vyas,PN Mankad,Mihir Hirwani,1,0,,,,,,,,,
1244373,2020/21,2021-01-17, Emerald Heights International School Ground,1,9.4,Saurashtra,Madhya Pradesh,PN Mankad,Samarth Vyas,Mihir Hirwani,0,1,1,,,,,,,,
1244373,2020/21,2021-01-17, Emerald Heights International School Ground,1,9.5,Saurashtra,Madhya Pradesh,PN Mankad,Samarth Vyas,Mihir Hirwani,1,0,,,,,,,,,
1244373,2020/21,2021-01-17, Emerald Heights International School Ground,1,9.6,Saurashtra,Madhya Pradesh,Samarth Vyas,PN Mankad,Mihir Hirwani,1,0,,,,,,,,,
1244373,2020/21,2021-01-17, Emerald Heights International School Ground,1,9.7,Saurashtra,Madhya Pradesh,PN Mankad,Samarth Vyas,Mihir Hirwani,6,0,,,,,,,,,
1244373,2020/21,2021-01-17, Emerald Heights International School Ground,1,9.8,Saurashtra,Madhya Pradesh,PN Mankad,Samarth Vyas,Mihir Hirwani,1,0,,,,,,,,,
1244373,2020/21,2021-01-17, Emerald Heights International School Ground,1,10.1,Saurashtra,Madhya Pradesh,PN Mankad,Samarth Vyas,Avesh Khan,0,1,,,,1,,,,,
1244373,2020/21,2021-01-17, Emerald Heights International School Ground,1,10.2,Saurashtra,Madhya Pradesh,Samarth Vyas,PN Mankad,Avesh Khan,2,0,,,,,,,,,
1244373,2020/21,2021-01-17, Emerald Heights International School Ground,1,10.3,Saurashtra,Madhya Pradesh,Samarth Vyas,PN Mankad,Avesh Khan,6,0,,,,,,,,,
1244373,2020/21,2021-01-17, Emerald Heights International School Ground,1,10.4,Saurashtra,Madhya Pradesh,Samarth Vyas,PN Mankad,Avesh Khan,0,0,,,,,,,,,
1244373,2020/21,2021-01-17, Emerald Heights International School Ground,1,10.5,Saurashtra,Madhya Pradesh,Samarth Vyas,PN Mankad,Avesh Khan,1,0,,,,,,,,,
1244373,2020/21,2021-01-17, Emerald Heights International School Ground,1,10.6,Saurashtra,Madhya Pradesh,PN Mankad,Samarth Vyas,Avesh Khan,0,0,,,,,,,,,
1244373,2020/21,2021-01-17, Emerald Heights International School Ground,1,11.1,Saurashtra,Madhya Pradesh,Samarth Vyas,PN Mankad,VR Iyer,1,0,,,,,,,,,
1244373,2020/21,2021-01-17, Emerald Heights International School Ground,1,11.2,Saurashtra,Madhya Pradesh,PN Mankad,Samarth Vyas,VR Iyer,6,0,,,,,,,,,
1244373,2020/21,2021-01-17, Emerald Heights International School Ground,1,11.3,Saurashtra,Madhya Pradesh,PN Mankad,Samarth Vyas,VR Iyer,4,0,,,,,,,,,
1244373,2020/21,2021-01-17, Emerald Heights International School Ground,1,11.4,Saurashtra,Madhya Pradesh,PN Mankad,Samarth Vyas,VR Iyer,1,0,,,,,,,,,
1244373,2020/21,2021-01-17, Emerald Heights International School Ground,1,11.5,Saurashtra,Madhya Pradesh,Samarth Vyas,PN Mankad,VR Iyer,1,0,,,,,,,,,
1244373,2020/21,2021-01-17, Emerald Heights International School Ground,1,11.6,Saurashtra,Madhya Pradesh,PN Mankad,Samarth Vyas,VR Iyer,4,0,,,,,,,,,
1244373,2020/21,2021-01-17, Emerald Heights International School Ground,1,12.1,Saurashtra,Madhya Pradesh,Samarth Vyas,PN Mankad,Mihir Hirwani,1,0,,,,,,,,,
1244373,2020/21,2021-01-17, Emerald Heights International School Ground,1,12.2,Saurashtra,Madhya Pradesh,PN Mankad,Samarth Vyas,Mihir Hirwani,1,0,,,,,,,,,
1244373,2020/21,2021-01-17, Emerald Heights International School Ground,1,12.3,Saurashtra,Madhya Pradesh,Samarth Vyas,PN Mankad,Mihir Hirwani,1,0,,,,,,,,,
1244373,2020/21,2021-01-17, Emerald Heights International School Ground,1,12.4,Saurashtra,Madhya Pradesh,PN Mankad,Samarth Vyas,Mihir Hirwani,1,0,,,,,,,,,
1244373,2020/21,2021-01-17, Emerald Heights International School Ground,1,12.5,Saurashtra,Madhya Pradesh,Samarth Vyas,PN Mankad,Mihir Hirwani,1,0,,,,,,,,,
1244373,2020/21,2021-01-17, Emerald Heights International School Ground,1,12.6,Saurashtra,Madhya Pradesh,PN Mankad,Samarth Vyas,Mihir Hirwani,1,0,,,,,,,,,
1244373,2020/21,2021-01-17, Emerald Heights International School Ground,1,13.1,Saurashtra,Madhya Pradesh,PN Mankad,Samarth Vyas,Parth Sahani,6,0,,,,,,,,,
1244373,2020/21,2021-01-17, Emerald Heights International School Ground,1,13.2,Saurashtra,Madhya Pradesh,PN Mankad,Samarth Vyas,Parth Sahani,4,0,,,,,,,,,
1244373,2020/21,2021-01-17, Emerald Heights International School Ground,1,13.3,Saurashtra,Madhya Pradesh,PN Mankad,Samarth Vyas,Parth Sahani,0,0,,,,,,,,,
1244373,2020/21,2021-01-17, Emerald Heights International School Ground,1,13.4,Saurashtra,Madhya Pradesh,PN Mankad,Samarth Vyas,Parth Sahani,0,0,,,,,,caught,PN Mankad,,
1244373,2020/21,2021-01-17, Emerald Heights International School Ground,1,13.5,Saurashtra,Madhya Pradesh,Arpit Vasavada,Samarth Vyas,Parth Sahani,1,0,,,,,,,,,
1244373,2020/21,2021-01-17, Emerald Heights International School Ground,1,13.6,Saurashtra,Madhya Pradesh,Samarth Vyas,Arpit Vasavada,Parth Sahani,1,0,,,,,,,,,
1244373,2020/21,2021-01-17, Emerald Heights International School Ground,1,14.1,Saurashtra,Madhya Pradesh,Samarth Vyas,Arpit Vasavada,IC Pandey,2,0,,,,,,,,,
1244373,2020/21,2021-01-17, Emerald Heights International School Ground,1,14.2,Saurashtra,Madhya Pradesh,Samarth Vyas,Arpit Vasavada,IC Pandey,1,0,,,,,,,,,
1244373,2020/21,2021-01-17, Emerald Heights International School Ground,1,14.3,Saurashtra,Madhya Pradesh,Arpit Vasavada,Samarth Vyas,IC Pandey,0,0,,,,,,,,,
1244373,2020/21,2021-01-17, Emerald Heights International School Ground,1,14.4,Saurashtra,Madhya Pradesh,Arpit Vasavada,Samarth Vyas,IC Pandey,1,0,,,,,,,,,
1244373,2020/21,2021-01-17, Emerald Heights International School Ground,1,14.5,Saurashtra,Madhya Pradesh,Samarth Vyas,Arpit Vasavada,IC Pandey,4,0,,,,,,,,,
1244373,2020/21,2021-01-17, Emerald Heights International School Ground,1,14.6,Saurashtra,Madhya Pradesh,Samarth Vyas,Arpit Vasavada,IC Pandey,0,0,,,,,,,,,
1244373,2020/21,2021-01-17, Emerald Heights International School Ground,1,15.1,Saurashtra,Madhya Pradesh,Arpit Vasavada,Samarth Vyas,Avesh Khan,0,0,,,,,,caught,Arpit Vasavada,,
1244373,2020/21,2021-01-17, Emerald Heights International School Ground,1,15.2,Saurashtra,Madhya Pradesh,Samarth Vyas,Chirag Jani,Avesh Khan,0,0,,,,,,,,,
1244373,2020/21,2021-01-17, Emerald Heights International School Ground,1,15.3,Saurashtra,Madhya Pradesh,Samarth Vyas,Chirag Jani,Avesh Khan,6,0,,,,,,,,,
1244373,2020/21,2021-01-17, Emerald Heights International School Ground,1,15.4,Saurashtra,Madhya Pradesh,Samarth Vyas,Chirag Jani,Avesh Khan,0,1,,1,,,,,,,
1244373,2020/21,2021-01-17, Emerald Heights International School Ground,1,15.5,Saurashtra,Madhya Pradesh,Samarth Vyas,Chirag Jani,Avesh Khan,4,0,,,,,,,,,
1244373,2020/21,2021-01-17, Emerald Heights International School Ground,1,15.6,Saurashtra,Madhya Pradesh,Samarth Vyas,Chirag Jani,Avesh Khan,0,0,,,,,,,,,
1244373,2020/21,2021-01-17, Emerald Heights International School Ground,1,15.7,Saurashtra,Madhya Pradesh,Samarth Vyas,Chirag Jani,Avesh Khan,4,0,,,,,,,,,
1244373,2020/21,2021-01-17, Emerald Heights International School Ground,1,16.1,Saurashtra,Madhya Pradesh,Chirag Jani,Samarth Vyas,IC Pandey,1,0,,,,,,,,,
1244373,2020/21,2021-01-17, Emerald Heights International School Ground,1,16.2,Saurashtra,Madhya Pradesh,Samarth Vyas,Chirag Jani,IC Pandey,1,0,,,,,,,,,
1244373,2020/21,2021-01-17, Emerald Heights International School Ground,1,16.3,Saurashtra,Madhya Pradesh,Chirag Jani,Samarth Vyas,IC Pandey,1,0,,,,,,,,,
1244373,2020/21,2021-01-17, Emerald Heights International School Ground,1,16.4,Saurashtra,Madhya Pradesh,Samarth Vyas,Chirag Jani,IC Pandey,4,0,,,,,,,,,
1244373,2020/21,2021-01-17, Emerald Heights International School Ground,1,16.5,Saurashtra,Madhya Pradesh,Samarth Vyas,Chirag Jani,IC Pandey,0,1,,,,1,,,,,
1244373,2020/21,2021-01-17, Emerald Heights International School Ground,1,16.6,Saurashtra,Madhya Pradesh,Chirag Jani,Samarth Vyas,IC Pandey,1,0,,,,,,,,,
1244373,2020/21,2021-01-17, Emerald Heights International School Ground,1,17.1,Saurashtra,Madhya Pradesh,Chirag Jani,Samarth Vyas,KR Sen,2,0,,,,,,,,,
1244373,2020/21,2021-01-17, Emerald Heights International School Ground,1,17.2,Saurashtra,Madhya Pradesh,Chirag Jani,Samarth Vyas,KR Sen,0,0,,,,,,,,,
1244373,2020/21,2021-01-17, Emerald Heights International School Ground,1,17.3,Saurashtra,Madhya Pradesh,Chirag Jani,Samarth Vyas,KR Sen,1,0,,,,,,,,,
1244373,2020/21,2021-01-17, Emerald Heights International School Ground,1,17.4,Saurashtra,Madhya Pradesh,Samarth Vyas,Chirag Jani,KR Sen,4,0,,,,,,,,,
1244373,2020/21,2021-01-17, Emerald Heights International School Ground,1,17.5,Saurashtra,Madhya Pradesh,Samarth Vyas,Chirag Jani,KR Sen,4,0,,,,,,,,,
1244373,2020/21,2021-01-17, Emerald Heights International School Ground,1,17.6,Saurashtra,Madhya Pradesh,Samarth Vyas,Chirag Jani,KR Sen,1,0,,,,,,,,,
1244373,2020/21,2021-01-17, Emerald Heights International School Ground,1,18.1,Saurashtra,Madhya Pradesh,Samarth Vyas,Chirag Jani,Avesh Khan,0,1,,1,,,,,,,
1244373,2020/21,2021-01-17, Emerald Heights International School Ground,1,18.2,Saurashtra,Madhya Pradesh,Samarth Vyas,Chirag Jani,Avesh Khan,1,0,,,,,,,,,
1244373,2020/21,2021-01-17, Emerald Heights International School Ground,1,18.3,Saurashtra,Madhya Pradesh,Chirag Jani,Samarth Vyas,Avesh Khan,1,0,,,,,,,,,
1244373,2020/21,2021-01-17, Emerald Heights International School Ground,1,18.4,Saurashtra,Madhya Pradesh,Samarth Vyas,Chirag Jani,Avesh Khan,0,1,1,,,,,,,,
1244373,2020/21,2021-01-17, Emerald Heights International School Ground,1,18.5,Saurashtra,Madhya Pradesh,Samarth Vyas,Chirag Jani,Avesh Khan,1,0,,,,,,,,,
1244373,2020/21,2021-01-17, Emerald Heights International School Ground,1,18.6,Saurashtra,Madhya Pradesh,Chirag Jani,Samarth Vyas,Avesh Khan,0,0,,,,,,,,,
1244373,2020/21,2021-01-17, Emerald Heights International School Ground,1,18.7,Saurashtra,Madhya Pradesh,Chirag Jani,Samarth Vyas,Avesh Khan,6,0,,,,,,,,,
1244373,2020/21,2021-01-17, Emerald Heights International School Ground,1,18.8,Saurashtra,Madhya Pradesh,Chirag Jani,Samarth Vyas,Avesh Khan,0,0,,,,,,,,,
1244373,2020/21,2021-01-17, Emerald Heights International School Ground,1,19.1,Saurashtra,Madhya Pradesh,Samarth Vyas,Chirag Jani,KR Sen,0,0,,,,,,,,,
1244373,2020/21,2021-01-17, Emerald Heights International School Ground,1,19.2,Saurashtra,Madhya Pradesh,Samarth Vyas,Chirag Jani,KR Sen,1,0,,,,,,,,,
1244373,2020/21,2021-01-17, Emerald Heights International School Ground,1,19.3,Saurashtra,Madhya Pradesh,Chirag Jani,Samarth Vyas,KR Sen,1,0,,,,,,,,,
1244373,2020/21,2021-01-17, Emerald Heights International School Ground,1,19.4,Saurashtra,Madhya Pradesh,Samarth Vyas,Chirag Jani,KR Sen,1,0,,,,,,,,,
1244373,2020/21,2021-01-17, Emerald Heights International School Ground,1,19.5,Saurashtra,Madhya Pradesh,Chirag Jani,Samarth Vyas,KR Sen,0,0,,,,,,,,,
1244373,2020/21,2021-01-17, Emerald Heights International School Ground,1,19.6,Saurashtra,Madhya Pradesh,Chirag Jani,Samarth Vyas,KR Sen,2,0,,,,,,,,,
1244373,2020/21,2021-01-17, Emerald Heights International School Ground,2,0.1,Madhya Pradesh,Saurashtra,Arpit Gaud,VR Iyer,JD Unadkat,0,0,,,,,,,,,
1244373,2020/21,2021-01-17, Emerald Heights International School Ground,2,0.2,Madhya Pradesh,Saurashtra,Arpit Gaud,VR Iyer,JD Unadkat,0,0,,,,,,,,,
1244373,2020/21,2021-01-17, Emerald Heights International School Ground,2,0.3,Madhya Pradesh,Saurashtra,Arpit Gaud,VR Iyer,JD Unadkat,0,0,,,,,,,,,
1244373,2020/21,2021-01-17, Emerald Heights International School Ground,2,0.4,Madhya Pradesh,Saurashtra,Arpit Gaud,VR Iyer,JD Unadkat,0,0,,,,,,,,,
1244373,2020/21,2021-01-17, Emerald Heights International School Ground,2,0.5,Madhya Pradesh,Saurashtra,Arpit Gaud,VR Iyer,JD Unadkat,0,0,,,,,,,,,
1244373,2020/21,2021-01-17, Emerald Heights International School Ground,2,0.6,Madhya Pradesh,Saurashtra,Arpit Gaud,VR Iyer,JD Unadkat,0,0,,,,,,caught,Arpit Gaud,,
1244373,2020/21,2021-01-17, Emerald Heights International School Ground,2,1.1,Madhya Pradesh,Saurashtra,RM Patidar,VR Iyer,C Sakariya,0,0,,,,,,,,,
1244373,2020/21,2021-01-17, Emerald Heights International School Ground,2,1.2,Madhya Pradesh,Saurashtra,RM Patidar,VR Iyer,C Sakariya,1,0,,,,,,,,,
1244373,2020/21,2021-01-17, Emerald Heights International School Ground,2,1.3,Madhya Pradesh,Saurashtra,VR Iyer,RM Patidar,C Sakariya,0,0,,,,,,,,,
1244373,2020/21,2021-01-17, Emerald Heights International School Ground,2,1.4,Madhya Pradesh,Saurashtra,VR Iyer,RM Patidar,C Sakariya,0,0,,,,,,,,,
1244373,2020/21,2021-01-17, Emerald Heights International School Ground,2,1.5,Madhya Pradesh,Saurashtra,VR Iyer,RM Patidar,C Sakariya,0,1,1,,,,,,,,
1244373,2020/21,2021-01-17, Emerald Heights International School Ground,2,1.6,Madhya Pradesh,Saurashtra,VR Iyer,RM Patidar,C Sakariya,1,0,,,,,,,,,
1244373,2020/21,2021-01-17, Emerald Heights International School Ground,2,1.7,Madhya Pradesh,Saurashtra,RM Patidar,VR Iyer,C Sakariya,1,0,,,,,,,,,
1244373,2020/21,2021-01-17, Emerald Heights International School Ground,2,2.1,Madhya Pradesh,Saurashtra,RM Patidar,VR Iyer,Chirag Jani,0,0,,,,,,,,,
1244373,2020/21,2021-01-17, Emerald Heights International School Ground,2,2.2,Madhya Pradesh,Saurashtra,RM Patidar,VR Iyer,Chirag Jani,2,0,,,,,,,,,
1244373,2020/21,2021-01-17, Emerald Heights International School Ground,2,2.3,Madhya Pradesh,Saurashtra,RM Patidar,VR Iyer,Chirag Jani,0,0,,,,,,,,,
1244373,2020/21,2021-01-17, Emerald Heights International School Ground,2,2.4,Madhya Pradesh,Saurashtra,RM Patidar,VR Iyer,Chirag Jani,0,0,,,,,,,,,
1244373,2020/21,2021-01-17, Emerald Heights International School Ground,2,2.5,Madhya Pradesh,Saurashtra,RM Patidar,VR Iyer,Chirag Jani,1,0,,,,,,,,,
1244373,2020/21,2021-01-17, Emerald Heights International School Ground,2,2.6,Madhya Pradesh,Saurashtra,VR Iyer,RM Patidar,Chirag Jani,0,0,,,,,,,,,
1244373,2020/21,2021-01-17, Emerald Heights International School Ground,2,3.1,Madhya Pradesh,Saurashtra,RM Patidar,VR Iyer,C Sakariya,0,1,,,,1,,,,,
1244373,2020/21,2021-01-17, Emerald Heights International School Ground,2,3.2,Madhya Pradesh,Saurashtra,VR Iyer,RM Patidar,C Sakariya,0,1,1,,,,,,,,
1244373,2020/21,2021-01-17, Emerald Heights International School Ground,2,3.3,Madhya Pradesh,Saurashtra,VR Iyer,RM Patidar,C Sakariya,4,0,,,,,,,,,
1244373,2020/21,2021-01-17, Emerald Heights International School Ground,2,3.4,Madhya Pradesh,Saurashtra,VR Iyer,RM Patidar,C Sakariya,2,0,,,,,,,,,
1244373,2020/21,2021-01-17, Emerald Heights International School Ground,2,3.5,Madhya Pradesh,Saurashtra,VR Iyer,RM Patidar,C Sakariya,0,1,,,,1,,,,,
1244373,2020/21,2021-01-17, Emerald Heights International School Ground,2,3.6,Madhya Pradesh,Saurashtra,RM Patidar,VR Iyer,C Sakariya,0,4,,,4,,,,,,
1244373,2020/21,2021-01-17, Emerald Heights International School Ground,2,3.7,Madhya Pradesh,Saurashtra,RM Patidar,VR Iyer,C Sakariya,1,0,,,,,,,,,
1244373,2020/21,2021-01-17, Emerald Heights International School Ground,2,4.1,Madhya Pradesh,Saurashtra,RM Patidar,VR Iyer,JD Unadkat,1,0,,,,,,,,,
1244373,2020/21,2021-01-17, Emerald Heights International School Ground,2,4.2,Madhya Pradesh,Saurashtra,VR Iyer,RM Patidar,JD Unadkat,0,1,1,,,,,,,,
1244373,2020/21,2021-01-17, Emerald Heights International School Ground,2,4.3,Madhya Pradesh,Saurashtra,VR Iyer,RM Patidar,JD Unadkat,1,0,,,,,,,,,
1244373,2020/21,2021-01-17, Emerald Heights International School Ground,2,4.4,Madhya Pradesh,Saurashtra,RM Patidar,VR Iyer,JD Unadkat,1,0,,,,,,,,,
1244373,2020/21,2021-01-17, Emerald Heights International School Ground,2,4.5,Madhya Pradesh,Saurashtra,VR Iyer,RM Patidar,JD Unadkat,6,0,,,,,,,,,
1244373,2020/21,2021-01-17, Emerald Heights International School Ground,2,4.6,Madhya Pradesh,Saurashtra,VR Iyer,RM Patidar,JD Unadkat,4,0,,,,,,,,,
1244373,2020/21,2021-01-17, Emerald Heights International School Ground,2,4.7,Madhya Pradesh,Saurashtra,VR Iyer,RM Patidar,JD Unadkat,6,0,,,,,,,,,
1244373,2020/21,2021-01-17, Emerald Heights International School Ground,2,5.1,Madhya Pradesh,Saurashtra,RM Patidar,VR Iyer,Chirag Jani,2,0,,,,,,,,,
1244373,2020/21,2021-01-17, Emerald Heights International School Ground,2,5.2,Madhya Pradesh,Saurashtra,RM Patidar,VR Iyer,Chirag Jani,0,0,,,,,,,,,
1244373,2020/21,2021-01-17, Emerald Heights International School Ground,2,5.3,Madhya Pradesh,Saurashtra,RM Patidar,VR Iyer,Chirag Jani,1,0,,,,,,,,,
1244373,2020/21,2021-01-17, Emerald Heights International School Ground,2,5.4,Madhya Pradesh,Saurashtra,VR Iyer,RM Patidar,Chirag Jani,1,0,,,,,,,,,
1244373,2020/21,2021-01-17, Emerald Heights International School Ground,2,5.5,Madhya Pradesh,Saurashtra,RM Patidar,VR Iyer,Chirag Jani,4,0,,,,,,,,,
1244373,2020/21,2021-01-17, Emerald Heights International School Ground,2,5.6,Madhya Pradesh,Saurashtra,RM Patidar,VR Iyer,Chirag Jani,4,0,,,,,,,,,
1244373,2020/21,2021-01-17, Emerald Heights International School Ground,2,6.1,Madhya Pradesh,Saurashtra,VR Iyer,RM Patidar,PN Mankad,0,0,,,,,,,,,
1244373,2020/21,2021-01-17, Emerald Heights International School Ground,2,6.2,Madhya Pradesh,Saurashtra,VR Iyer,RM Patidar,PN Mankad,0,0,,,,,,,,,
1244373,2020/21,2021-01-17, Emerald Heights International School Ground,2,6.3,Madhya Pradesh,Saurashtra,VR Iyer,RM Patidar,PN Mankad,1,0,,,,,,,,,
1244373,2020/21,2021-01-17, Emerald Heights International School Ground,2,6.4,Madhya Pradesh,Saurashtra,RM Patidar,VR Iyer,PN Mankad,0,1,,,,1,,,,,
1244373,2020/21,2021-01-17, Emerald Heights International School Ground,2,6.5,Madhya Pradesh,Saurashtra,VR Iyer,RM Patidar,PN Mankad,1,0,,,,,,,,,
1244373,2020/21,2021-01-17, Emerald Heights International School Ground,2,6.6,Madhya Pradesh,Saurashtra,RM Patidar,VR Iyer,PN Mankad,1,0,,,,,,,,,
1244373,2020/21,2021-01-17, Emerald Heights International School Ground,2,7.1,Madhya Pradesh,Saurashtra,RM Patidar,VR Iyer,Dharmendrasinh Jadeja,6,0,,,,,,,,,
1244373,2020/21,2021-01-17, Emerald Heights International School Ground,2,7.2,Madhya Pradesh,Saurashtra,RM Patidar,VR Iyer,Dharmendrasinh Jadeja,6,0,,,,,,,,,
1244373,2020/21,2021-01-17, Emerald Heights International School Ground,2,7.3,Madhya Pradesh,Saurashtra,RM Patidar,VR Iyer,Dharmendrasinh Jadeja,4,0,,,,,,,,,
1244373,2020/21,2021-01-17, Emerald Heights International School Ground,2,7.4,Madhya Pradesh,Saurashtra,RM Patidar,VR Iyer,Dharmendrasinh Jadeja,4,0,,,,,,,,,
1244373,2020/21,2021-01-17, Emerald Heights International School Ground,2,7.5,Madhya Pradesh,Saurashtra,RM Patidar,VR Iyer,Dharmendrasinh Jadeja,6,0,,,,,,,,,
1244373,2020/21,2021-01-17, Emerald Heights International School Ground,2,7.6,Madhya Pradesh,Saurashtra,RM Patidar,VR Iyer,Dharmendrasinh Jadeja,4,0,,,,,,,,,
1244373,2020/21,2021-01-17, Emerald Heights International School Ground,2,8.1,Madhya Pradesh,Saurashtra,VR Iyer,RM Patidar,PN Mankad,1,0,,,,,,,,,
1244373,2020/21,2021-01-17, Emerald Heights International School Ground,2,8.2,Madhya Pradesh,Saurashtra,RM Patidar,VR Iyer,PN Mankad,1,0,,,,,,,,,
1244373,2020/21,2021-01-17, Emerald Heights International School Ground,2,8.3,Madhya Pradesh,Saurashtra,VR Iyer,RM Patidar,PN Mankad,0,0,,,,,,,,,
1244373,2020/21,2021-01-17, Emerald Heights International School Ground,2,8.4,Madhya Pradesh,Saurashtra,VR Iyer,RM Patidar,PN Mankad,1,0,,,,,,,,,
1244373,2020/21,2021-01-17, Emerald Heights International School Ground,2,8.5,Madhya Pradesh,Saurashtra,RM Patidar,VR Iyer,PN Mankad,1,0,,,,,,,,,
1244373,2020/21,2021-01-17, Emerald Heights International School Ground,2,8.6,Madhya Pradesh,Saurashtra,VR Iyer,RM Patidar,PN Mankad,1,0,,,,,,,,,
1244373,2020/21,2021-01-17, Emerald Heights International School Ground,2,9.1,Madhya Pradesh,Saurashtra,VR Iyer,RM Patidar,Parth Chauhan,4,0,,,,,,,,,
1244373,2020/21,2021-01-17, Emerald Heights International School Ground,2,9.2,Madhya Pradesh,Saurashtra,VR Iyer,RM Patidar,Parth Chauhan,0,1,1,,,,,,,,
1244373,2020/21,2021-01-17, Emerald Heights International School Ground,2,9.3,Madhya Pradesh,Saurashtra,VR Iyer,RM Patidar,Parth Chauhan,1,0,,,,,,,,,
1244373,2020/21,2021-01-17, Emerald Heights International School Ground,2,9.4,Madhya Pradesh,Saurashtra,RM Patidar,VR Iyer,Parth Chauhan,0,0,,,,,,,,,
1244373,2020/21,2021-01-17, Emerald Heights International School Ground,2,9.5,Madhya Pradesh,Saurashtra,RM Patidar,VR Iyer,Parth Chauhan,0,0,,,,,,,,,
1244373,2020/21,2021-01-17, Emerald Heights International School Ground,2,9.6,Madhya Pradesh,Saurashtra,RM Patidar,VR Iyer,Parth Chauhan,0,0,,,,,,caught,RM Patidar,,
1244373,2020/21,2021-01-17, Emerald Heights International School Ground,2,9.7,Madhya Pradesh,Saurashtra,Parth Sahani,VR Iyer,Parth Chauhan,1,0,,,,,,,,,
1244373,2020/21,2021-01-17, Emerald Heights International School Ground,2,10.1,Madhya Pradesh,Saurashtra,Parth Sahani,VR Iyer,PN Mankad,1,0,,,,,,,,,
1244373,2020/21,2021-01-17, Emerald Heights International School Ground,2,10.2,Madhya Pradesh,Saurashtra,VR Iyer,Parth Sahani,PN Mankad,4,0,,,,,,,,,
1244373,2020/21,2021-01-17, Emerald Heights International School Ground,2,10.3,Madhya Pradesh,Saurashtra,VR Iyer,Parth Sahani,PN Mankad,4,0,,,,,,,,,
1244373,2020/21,2021-01-17, Emerald Heights International School Ground,2,10.4,Madhya Pradesh,Saurashtra,VR Iyer,Parth Sahani,PN Mankad,0,0,,,,,,,,,
1244373,2020/21,2021-01-17, Emerald Heights International School Ground,2,10.5,Madhya Pradesh,Saurashtra,VR Iyer,Parth Sahani,PN Mankad,1,0,,,,,,,,,
1244373,2020/21,2021-01-17, Emerald Heights International School Ground,2,10.6,Madhya Pradesh,Saurashtra,Parth Sahani,VR Iyer,PN Mankad,1,0,,,,,,,,,
1244373,2020/21,2021-01-17, Emerald Heights International School Ground,2,11.1,Madhya Pradesh,Saurashtra,Parth Sahani,VR Iyer,Parth Chauhan,1,0,,,,,,,,,
1244373,2020/21,2021-01-17, Emerald Heights International School Ground,2,11.2,Madhya Pradesh,Saurashtra,VR Iyer,Parth Sahani,Parth Chauhan,0,0,,,,,,,,,
1244373,2020/21,2021-01-17, Emerald Heights International School Ground,2,11.3,Madhya Pradesh,Saurashtra,VR Iyer,Parth Sahani,Parth Chauhan,2,0,,,,,,,,,
1244373,2020/21,2021-01-17, Emerald Heights International School Ground,2,11.4,Madhya Pradesh,Saurashtra,VR Iyer,Parth Sahani,Parth Chauhan,1,0,,,,,,,,,
1244373,2020/21,2021-01-17, Emerald Heights International School Ground,2,11.5,Madhya Pradesh,Saurashtra,Parth Sahani,VR Iyer,Parth Chauhan,1,0,,,,,,,,,
1244373,2020/21,2021-01-17, Emerald Heights International School Ground,2,11.6,Madhya Pradesh,Saurashtra,VR Iyer,Parth Sahani,Parth Chauhan,1,0,,,,,,,,,
1244373,2020/21,2021-01-17, Emerald Heights International School Ground,2,12.1,Madhya Pradesh,Saurashtra,VR Iyer,Parth Sahani,PN Mankad,1,0,,,,,,,,,
1244373,2020/21,2021-01-17, Emerald Heights International School Ground,2,12.2,Madhya Pradesh,Saurashtra,Parth Sahani,VR Iyer,PN Mankad,1,0,,,,,,,,,
1244373,2020/21,2021-01-17, Emerald Heights International School Ground,2,12.3,Madhya Pradesh,Saurashtra,VR Iyer,Parth Sahani,PN Mankad,1,0,,,,,,,,,
1244373,2020/21,2021-01-17, Emerald Heights International School Ground,2,12.4,Madhya Pradesh,Saurashtra,Parth Sahani,VR Iyer,PN Mankad,1,0,,,,,,,,,
1244373,2020/21,2021-01-17, Emerald Heights International School Ground,2,12.5,Madhya Pradesh,Saurashtra,VR Iyer,Parth Sahani,PN Mankad,4,0,,,,,,,,,
1244373,2020/21,2021-01-17, Emerald Heights International School Ground,2,12.6,Madhya Pradesh,Saurashtra,VR Iyer,Parth Sahani,PN Mankad,1,0,,,,,,,,,
1244373,2020/21,2021-01-17, Emerald Heights International School Ground,2,13.1,Madhya Pradesh,Saurashtra,VR Iyer,Parth Sahani,C Sakariya,1,0,,,,,,,,,
1244373,2020/21,2021-01-17, Emerald Heights International School Ground,2,13.2,Madhya Pradesh,Saurashtra,Parth Sahani,VR Iyer,C Sakariya,1,0,,,,,,,,,
1244373,2020/21,2021-01-17, Emerald Heights International School Ground,2,13.3,Madhya Pradesh,Saurashtra,VR Iyer,Parth Sahani,C Sakariya,4,0,,,,,,,,,
1244373,2020/21,2021-01-17, Emerald Heights International School Ground,2,13.4,Madhya Pradesh,Saurashtra,VR Iyer,Parth Sahani,C Sakariya,4,0,,,,,,,,,
1244373,2020/21,2021-01-17, Emerald Heights International School Ground,2,13.5,Madhya Pradesh,Saurashtra,VR Iyer,Parth Sahani,C Sakariya,4,0,,,,,,,,,
1244373,2020/21,2021-01-17, Emerald Heights International School Ground,2,13.6,Madhya Pradesh,Saurashtra,VR Iyer,Parth Sahani,C Sakariya,1,0,,,,,,,,,
1244373,2020/21,2021-01-17, Emerald Heights International School Ground,2,14.1,Madhya Pradesh,Saurashtra,VR Iyer,Parth Sahani,Chirag Jani,4,0,,,,,,,,,
1244373,2020/21,2021-01-17, Emerald Heights International School Ground,2,14.2,Madhya Pradesh,Saurashtra,VR Iyer,Parth Sahani,Chirag Jani,1,0,,,,,,,,,
1244373,2020/21,2021-01-17, Emerald Heights International School Ground,2,14.3,Madhya Pradesh,Saurashtra,Parth Sahani,VR Iyer,Chirag Jani,1,0,,,,,,,,,
1244373,2020/21,2021-01-17, Emerald Heights International School Ground,2,14.4,Madhya Pradesh,Saurashtra,VR Iyer,Parth Sahani,Chirag Jani,0,0,,,,,,,,,
1244373,2020/21,2021-01-17, Emerald Heights International School Ground,2,14.5,Madhya Pradesh,Saurashtra,VR Iyer,Parth Sahani,Chirag Jani,1,0,,,,,,,,,
1244373,2020/21,2021-01-17, Emerald Heights International School Ground,2,14.6,Madhya Pradesh,Saurashtra,Parth Sahani,VR Iyer,Chirag Jani,1,0,,,,,,,,,
1244373,2020/21,2021-01-17, Emerald Heights International School Ground,2,15.1,Madhya Pradesh,Saurashtra,Parth Sahani,VR Iyer,JD Unadkat,1,0,,,,,,,,,
1244373,2020/21,2021-01-17, Emerald Heights International School Ground,2,15.2,Madhya Pradesh,Saurashtra,VR Iyer,Parth Sahani,JD Unadkat,4,0,,,,,,,,,
1244373,2020/21,2021-01-17, Emerald Heights International School Ground,2,15.3,Madhya Pradesh,Saurashtra,VR Iyer,Parth Sahani,JD Unadkat,1,0,,,,,,,,,
1244373,2020/21,2021-01-17, Emerald Heights International School Ground,2,15.4,Madhya Pradesh,Saurashtra,Parth Sahani,VR Iyer,JD Unadkat,1,0,,,,,,,,,
1244373,2020/21,2021-01-17, Emerald Heights International School Ground,2,15.5,Madhya Pradesh,Saurashtra,VR Iyer,Parth Sahani,JD Unadkat,1,0,,,,,,,,,
1244373,2020/21,2021-01-17, Emerald Heights International School Ground,2,15.6,Madhya Pradesh,Saurashtra,Parth Sahani,VR Iyer,JD Unadkat,1,0,,,,,,,,,
1244373,2020/21,2021-01-17, Emerald Heights International School Ground,2,16.1,Madhya Pradesh,Saurashtra,Parth Sahani,VR Iyer,C Sakariya,0,0,,,,,,caught,Parth Sahani,,
1244373,2020/21,2021-01-17, Emerald Heights International School Ground,2,16.2,Madhya Pradesh,Saurashtra,VR Iyer,Rishabh Chouhan,C Sakariya,1,0,,,,,,,,,
1244373,2020/21,2021-01-17, Emerald Heights International School Ground,2,16.3,Madhya Pradesh,Saurashtra,Rishabh Chouhan,VR Iyer,C Sakariya,1,0,,,,,,,,,
1244373,2020/21,2021-01-17, Emerald Heights International School Ground,2,16.4,Madhya Pradesh,Saurashtra,VR Iyer,Rishabh Chouhan,C Sakariya,0,1,1,,,,,,,,
1244373,2020/21,2021-01-17, Emerald Heights International School Ground,2,16.5,Madhya Pradesh,Saurashtra,VR Iyer,Rishabh Chouhan,C Sakariya,1,0,,,,,,,,,
1244373,2020/21,2021-01-17, Emerald Heights International School Ground,2,16.6,Madhya Pradesh,Saurashtra,Rishabh Chouhan,VR Iyer,C Sakariya,0,0,,,,,,,,,
1244373,2020/21,2021-01-17, Emerald Heights International School Ground,2,16.7,Madhya Pradesh,Saurashtra,Rishabh Chouhan,VR Iyer,C Sakariya,0,0,,,,,,caught,Rishabh Chouhan,,
1244373,2020/21,2021-01-17, Emerald Heights International School Ground,2,17.1,Madhya Pradesh,Saurashtra,Rakesh Thakur,VR Iyer,JD Unadkat,0,1,,,,1,,,,,
1244373,2020/21,2021-01-17, Emerald Heights International School Ground,2,17.2,Madhya Pradesh,Saurashtra,VR Iyer,Rakesh Thakur,JD Unadkat,1,0,,,,,,,,,
1244373,2020/21,2021-01-17, Emerald Heights International School Ground,2,17.3,Madhya Pradesh,Saurashtra,Rakesh Thakur,VR Iyer,JD Unadkat,0,0,,,,,,,,,
1244373,2020/21,2021-01-17, Emerald Heights International School Ground,2,17.4,Madhya Pradesh,Saurashtra,Rakesh Thakur,VR Iyer,JD Unadkat,1,0,,,,,,,,,
1244373,2020/21,2021-01-17, Emerald Heights International School Ground,2,17.5,Madhya Pradesh,Saurashtra,VR Iyer,Rakesh Thakur,JD Unadkat,0,1,1,,,,,,,,
1244373,2020/21,2021-01-17, Emerald Heights International School Ground,2,17.6,Madhya Pradesh,Saurashtra,VR Iyer,Rakesh Thakur,JD Unadkat,1,0,,,,,,,,,
1244373,2020/21,2021-01-17, Emerald Heights International School Ground,2,17.7,Madhya Pradesh,Saurashtra,Rakesh Thakur,VR Iyer,JD Unadkat,6,0,,,,,,,,,
1244373,2020/21,2021-01-17, Emerald Heights International School Ground,2,18.1,Madhya Pradesh,Saurashtra,VR Iyer,Rakesh Thakur,Chirag Jani,1,0,,,,,,,,,
1244373,2020/21,2021-01-17, Emerald Heights International School Ground,2,18.2,Madhya Pradesh,Saurashtra,Rakesh Thakur,VR Iyer,Chirag Jani,1,0,,,,,,,,,
1244373,2020/21,2021-01-17, Emerald Heights International School Ground,2,18.3,Madhya Pradesh,Saurashtra,VR Iyer,Rakesh Thakur,Chirag Jani,1,0,,,,,,,,,
1244373,2020/21,2021-01-17, Emerald Heights International School Ground,2,18.4,Madhya Pradesh,Saurashtra,Rakesh Thakur,VR Iyer,Chirag Jani,1,0,,,,,,,,,
1244373,2020/21,2021-01-17, Emerald Heights International School Ground,2,18.5,Madhya Pradesh,Saurashtra,VR Iyer,Rakesh Thakur,Chirag Jani,1,0,,,,,,,,,
1244373,2020/21,2021-01-17, Emerald Heights International School Ground,2,18.6,Madhya Pradesh,Saurashtra,Rakesh Thakur,VR Iyer,Chirag Jani,4,0,,,,,,,,,
