match_id,season,start_date,venue,innings,ball,batting_team,bowling_team,striker,non_striker,bowler,runs_off_bat,extras,wides,noballs,byes,legbyes,penalty,wicket_type,player_dismissed,other_wicket_type,other_player_dismissed
1244407,2020/21,2021-01-31,"Narendra Modi Stadium Ground 'A', Motera",1,0.1,Baroda,Tamil Nadu,KH Devdhar,NA Rathva,R Sai Kishore,4,0,,,,,,,,,
1244407,2020/21,2021-01-31,"Narendra Modi Stadium Ground 'A', Motera",1,0.2,Baroda,Tamil Nadu,KH Devdhar,NA Rathva,R Sai Kishore,1,0,,,,,,,,,
1244407,2020/21,2021-01-31,"Narendra Modi Stadium Ground 'A', Motera",1,0.3,Baroda,Tamil Nadu,NA Rathva,KH Devdhar,R Sai Kishore,0,0,,,,,,,,,
1244407,2020/21,2021-01-31,"Narendra Modi Stadium Ground 'A', Motera",1,0.4,Baroda,Tamil Nadu,NA Rathva,KH Devdhar,R Sai Kishore,1,0,,,,,,,,,
1244407,2020/21,2021-01-31,"Narendra Modi Stadium Ground 'A', Motera",1,0.5,Baroda,Tamil Nadu,KH Devdhar,NA Rathva,R Sai Kishore,0,0,,,,,,,,,
1244407,2020/21,2021-01-31,"Narendra Modi Stadium Ground 'A', Motera",1,0.6,Baroda,Tamil Nadu,KH Devdhar,NA Rathva,R Sai Kishore,0,0,,,,,,,,,
1244407,2020/21,2021-01-31,"Narendra Modi Stadium Ground 'A', Motera",1,1.1,Baroda,Tamil Nadu,NA Rathva,KH Devdhar,B Aparajith,0,0,,,,,,caught,NA Rathva,,
1244407,2020/21,2021-01-31,"Narendra Modi Stadium Ground 'A', Motera",1,1.2,Baroda,Tamil Nadu,Vishnu Solanki,KH Devdhar,B Aparajith,0,0,,,,,,,,,
1244407,2020/21,2021-01-31,"Narendra Modi Stadium Ground 'A', Motera",1,1.3,Baroda,Tamil Nadu,Vishnu Solanki,KH Devdhar,B Aparajith,0,0,,,,,,,,,
1244407,2020/21,2021-01-31,"Narendra Modi Stadium Ground 'A', Motera",1,1.4,Baroda,Tamil Nadu,Vishnu Solanki,KH Devdhar,B Aparajith,1,0,,,,,,,,,
1244407,2020/21,2021-01-31,"Narendra Modi Stadium Ground 'A', Motera",1,1.5,Baroda,Tamil Nadu,KH Devdhar,Vishnu Solanki,B Aparajith,1,0,,,,,,,,,
1244407,2020/21,2021-01-31,"Narendra Modi Stadium Ground 'A', Motera",1,1.6,Baroda,Tamil Nadu,Vishnu Solanki,KH Devdhar,B Aparajith,1,0,,,,,,,,,
1244407,2020/21,2021-01-31,"Narendra Modi Stadium Ground 'A', Motera",1,2.1,Baroda,Tamil Nadu,Vishnu Solanki,KH Devdhar,R Sai Kishore,1,0,,,,,,,,,
1244407,2020/21,2021-01-31,"Narendra Modi Stadium Ground 'A', Motera",1,2.2,Baroda,Tamil Nadu,KH Devdhar,Vishnu Solanki,R Sai Kishore,1,0,,,,,,,,,
1244407,2020/21,2021-01-31,"Narendra Modi Stadium Ground 'A', Motera",1,2.3,Baroda,Tamil Nadu,Vishnu Solanki,KH Devdhar,R Sai Kishore,0,0,,,,,,,,,
1244407,2020/21,2021-01-31,"Narendra Modi Stadium Ground 'A', Motera",1,2.4,Baroda,Tamil Nadu,Vishnu Solanki,KH Devdhar,R Sai Kishore,0,0,,,,,,,,,
1244407,2020/21,2021-01-31,"Narendra Modi Stadium Ground 'A', Motera",1,2.5,Baroda,Tamil Nadu,Vishnu Solanki,KH Devdhar,R Sai Kishore,0,0,,,,,,,,,
1244407,2020/21,2021-01-31,"Narendra Modi Stadium Ground 'A', Motera",1,2.6,Baroda,Tamil Nadu,Vishnu Solanki,KH Devdhar,R Sai Kishore,0,0,,,,,,,,,
1244407,2020/21,2021-01-31,"Narendra Modi Stadium Ground 'A', Motera",1,3.1,Baroda,Tamil Nadu,KH Devdhar,Vishnu Solanki,M Siddharth,1,1,,1,,,,,,,
1244407,2020/21,2021-01-31,"Narendra Modi Stadium Ground 'A', Motera",1,3.2,Baroda,Tamil Nadu,Vishnu Solanki,KH Devdhar,M Siddharth,0,0,,,,,,,,,
1244407,2020/21,2021-01-31,"Narendra Modi Stadium Ground 'A', Motera",1,3.3,Baroda,Tamil Nadu,Vishnu Solanki,KH Devdhar,M Siddharth,1,0,,,,,,,,,
1244407,2020/21,2021-01-31,"Narendra Modi Stadium Ground 'A', Motera",1,3.4,Baroda,Tamil Nadu,KH Devdhar,Vishnu Solanki,M Siddharth,4,0,,,,,,,,,
1244407,2020/21,2021-01-31,"Narendra Modi Stadium Ground 'A', Motera",1,3.5,Baroda,Tamil Nadu,KH Devdhar,Vishnu Solanki,M Siddharth,4,0,,,,,,,,,
1244407,2020/21,2021-01-31,"Narendra Modi Stadium Ground 'A', Motera",1,3.6,Baroda,Tamil Nadu,KH Devdhar,Vishnu Solanki,M Siddharth,0,0,,,,,,caught,KH Devdhar,,
1244407,2020/21,2021-01-31,"Narendra Modi Stadium Ground 'A', Motera",1,3.7,Baroda,Tamil Nadu,SK Patel,Vishnu Solanki,M Siddharth,0,0,,,,,,,,,
1244407,2020/21,2021-01-31,"Narendra Modi Stadium Ground 'A', Motera",1,4.1,Baroda,Tamil Nadu,Vishnu Solanki,SK Patel,R Sai Kishore,0,0,,,,,,,,,
1244407,2020/21,2021-01-31,"Narendra Modi Stadium Ground 'A', Motera",1,4.2,Baroda,Tamil Nadu,Vishnu Solanki,SK Patel,R Sai Kishore,2,0,,,,,,,,,
1244407,2020/21,2021-01-31,"Narendra Modi Stadium Ground 'A', Motera",1,4.3,Baroda,Tamil Nadu,Vishnu Solanki,SK Patel,R Sai Kishore,0,0,,,,,,,,,
1244407,2020/21,2021-01-31,"Narendra Modi Stadium Ground 'A', Motera",1,4.4,Baroda,Tamil Nadu,Vishnu Solanki,SK Patel,R Sai Kishore,0,0,,,,,,,,,
1244407,2020/21,2021-01-31,"Narendra Modi Stadium Ground 'A', Motera",1,4.5,Baroda,Tamil Nadu,Vishnu Solanki,SK Patel,R Sai Kishore,1,0,,,,,,,,,
1244407,2020/21,2021-01-31,"Narendra Modi Stadium Ground 'A', Motera",1,4.6,Baroda,Tamil Nadu,SK Patel,Vishnu Solanki,R Sai Kishore,0,0,,,,,,,,,
1244407,2020/21,2021-01-31,"Narendra Modi Stadium Ground 'A', Motera",1,5.1,Baroda,Tamil Nadu,Vishnu Solanki,SK Patel,M Siddharth,1,0,,,,,,,,,
1244407,2020/21,2021-01-31,"Narendra Modi Stadium Ground 'A', Motera",1,5.2,Baroda,Tamil Nadu,SK Patel,Vishnu Solanki,M Siddharth,1,0,,,,,,,,,
1244407,2020/21,2021-01-31,"Narendra Modi Stadium Ground 'A', Motera",1,5.3,Baroda,Tamil Nadu,Vishnu Solanki,SK Patel,M Siddharth,1,0,,,,,,,,,
1244407,2020/21,2021-01-31,"Narendra Modi Stadium Ground 'A', Motera",1,5.4,Baroda,Tamil Nadu,SK Patel,Vishnu Solanki,M Siddharth,0,0,,,,,,,,,
1244407,2020/21,2021-01-31,"Narendra Modi Stadium Ground 'A', Motera",1,5.5,Baroda,Tamil Nadu,SK Patel,Vishnu Solanki,M Siddharth,0,0,,,,,,lbw,SK Patel,,
1244407,2020/21,2021-01-31,"Narendra Modi Stadium Ground 'A', Motera",1,5.6,Baroda,Tamil Nadu,Bhanu Pania,Vishnu Solanki,M Siddharth,0,0,,,,,,,,,
1244407,2020/21,2021-01-31,"Narendra Modi Stadium Ground 'A', Motera",1,6.1,Baroda,Tamil Nadu,Vishnu Solanki,Bhanu Pania,R Sai Kishore,0,0,,,,,,,,,
1244407,2020/21,2021-01-31,"Narendra Modi Stadium Ground 'A', Motera",1,6.2,Baroda,Tamil Nadu,Vishnu Solanki,Bhanu Pania,R Sai Kishore,0,0,,,,,,run out,Bhanu Pania,,
1244407,2020/21,2021-01-31,"Narendra Modi Stadium Ground 'A', Motera",1,6.3,Baroda,Tamil Nadu,AV Rajput,Vishnu Solanki,R Sai Kishore,0,0,,,,,,,,,
1244407,2020/21,2021-01-31,"Narendra Modi Stadium Ground 'A', Motera",1,6.4,Baroda,Tamil Nadu,AV Rajput,Vishnu Solanki,R Sai Kishore,0,0,,,,,,,,,
1244407,2020/21,2021-01-31,"Narendra Modi Stadium Ground 'A', Motera",1,6.5,Baroda,Tamil Nadu,AV Rajput,Vishnu Solanki,R Sai Kishore,0,0,,,,,,,,,
1244407,2020/21,2021-01-31,"Narendra Modi Stadium Ground 'A', Motera",1,6.6,Baroda,Tamil Nadu,AV Rajput,Vishnu Solanki,R Sai Kishore,0,0,,,,,,,,,
1244407,2020/21,2021-01-31,"Narendra Modi Stadium Ground 'A', Motera",1,7.1,Baroda,Tamil Nadu,Vishnu Solanki,AV Rajput,M Ashwin,1,0,,,,,,,,,
1244407,2020/21,2021-01-31,"Narendra Modi Stadium Ground 'A', Motera",1,7.2,Baroda,Tamil Nadu,AV Rajput,Vishnu Solanki,M Ashwin,1,0,,,,,,,,,
1244407,2020/21,2021-01-31,"Narendra Modi Stadium Ground 'A', Motera",1,7.3,Baroda,Tamil Nadu,Vishnu Solanki,AV Rajput,M Ashwin,1,0,,,,,,,,,
1244407,2020/21,2021-01-31,"Narendra Modi Stadium Ground 'A', Motera",1,7.4,Baroda,Tamil Nadu,AV Rajput,Vishnu Solanki,M Ashwin,0,0,,,,,,,,,
1244407,2020/21,2021-01-31,"Narendra Modi Stadium Ground 'A', Motera",1,7.5,Baroda,Tamil Nadu,AV Rajput,Vishnu Solanki,M Ashwin,1,0,,,,,,,,,
1244407,2020/21,2021-01-31,"Narendra Modi Stadium Ground 'A', Motera",1,7.6,Baroda,Tamil Nadu,Vishnu Solanki,AV Rajput,M Ashwin,0,0,,,,,,,,,
1244407,2020/21,2021-01-31,"Narendra Modi Stadium Ground 'A', Motera",1,8.1,Baroda,Tamil Nadu,AV Rajput,Vishnu Solanki,M Siddharth,0,0,,,,,,caught and bowled,AV Rajput,,
1244407,2020/21,2021-01-31,"Narendra Modi Stadium Ground 'A', Motera",1,8.2,Baroda,Tamil Nadu,KR Kakade,Vishnu Solanki,M Siddharth,0,0,,,,,,,,,
1244407,2020/21,2021-01-31,"Narendra Modi Stadium Ground 'A', Motera",1,8.3,Baroda,Tamil Nadu,KR Kakade,Vishnu Solanki,M Siddharth,0,0,,,,,,,,,
1244407,2020/21,2021-01-31,"Narendra Modi Stadium Ground 'A', Motera",1,8.4,Baroda,Tamil Nadu,KR Kakade,Vishnu Solanki,M Siddharth,4,0,,,,,,,,,
1244407,2020/21,2021-01-31,"Narendra Modi Stadium Ground 'A', Motera",1,8.5,Baroda,Tamil Nadu,KR Kakade,Vishnu Solanki,M Siddharth,0,0,,,,,,bowled,KR Kakade,,
1244407,2020/21,2021-01-31,"Narendra Modi Stadium Ground 'A', Motera",1,8.6,Baroda,Tamil Nadu,A Sheth,Vishnu Solanki,M Siddharth,0,0,,,,,,,,,
1244407,2020/21,2021-01-31,"Narendra Modi Stadium Ground 'A', Motera",1,9.1,Baroda,Tamil Nadu,Vishnu Solanki,A Sheth,B Aparajith,4,0,,,,,,,,,
1244407,2020/21,2021-01-31,"Narendra Modi Stadium Ground 'A', Motera",1,9.2,Baroda,Tamil Nadu,Vishnu Solanki,A Sheth,B Aparajith,1,0,,,,,,,,,
1244407,2020/21,2021-01-31,"Narendra Modi Stadium Ground 'A', Motera",1,9.3,Baroda,Tamil Nadu,A Sheth,Vishnu Solanki,B Aparajith,1,0,,,,,,,,,
1244407,2020/21,2021-01-31,"Narendra Modi Stadium Ground 'A', Motera",1,9.4,Baroda,Tamil Nadu,Vishnu Solanki,A Sheth,B Aparajith,1,0,,,,,,,,,
1244407,2020/21,2021-01-31,"Narendra Modi Stadium Ground 'A', Motera",1,9.5,Baroda,Tamil Nadu,A Sheth,Vishnu Solanki,B Aparajith,1,0,,,,,,,,,
1244407,2020/21,2021-01-31,"Narendra Modi Stadium Ground 'A', Motera",1,9.6,Baroda,Tamil Nadu,Vishnu Solanki,A Sheth,B Aparajith,0,0,,,,,,,,,
1244407,2020/21,2021-01-31,"Narendra Modi Stadium Ground 'A', Motera",1,10.1,Baroda,Tamil Nadu,A Sheth,Vishnu Solanki,M Siddharth,1,0,,,,,,,,,
1244407,2020/21,2021-01-31,"Narendra Modi Stadium Ground 'A', Motera",1,10.2,Baroda,Tamil Nadu,Vishnu Solanki,A Sheth,M Siddharth,0,0,,,,,,,,,
1244407,2020/21,2021-01-31,"Narendra Modi Stadium Ground 'A', Motera",1,10.3,Baroda,Tamil Nadu,Vishnu Solanki,A Sheth,M Siddharth,0,0,,,,,,,,,
1244407,2020/21,2021-01-31,"Narendra Modi Stadium Ground 'A', Motera",1,10.4,Baroda,Tamil Nadu,Vishnu Solanki,A Sheth,M Siddharth,0,0,,,,,,,,,
1244407,2020/21,2021-01-31,"Narendra Modi Stadium Ground 'A', Motera",1,10.5,Baroda,Tamil Nadu,Vishnu Solanki,A Sheth,M Siddharth,1,0,,,,,,,,,
1244407,2020/21,2021-01-31,"Narendra Modi Stadium Ground 'A', Motera",1,10.6,Baroda,Tamil Nadu,A Sheth,Vishnu Solanki,M Siddharth,0,0,,,,,,,,,
1244407,2020/21,2021-01-31,"Narendra Modi Stadium Ground 'A', Motera",1,11.1,Baroda,Tamil Nadu,Vishnu Solanki,A Sheth,B Aparajith,1,0,,,,,,,,,
1244407,2020/21,2021-01-31,"Narendra Modi Stadium Ground 'A', Motera",1,11.2,Baroda,Tamil Nadu,A Sheth,Vishnu Solanki,B Aparajith,0,0,,,,,,,,,
1244407,2020/21,2021-01-31,"Narendra Modi Stadium Ground 'A', Motera",1,11.3,Baroda,Tamil Nadu,A Sheth,Vishnu Solanki,B Aparajith,1,0,,,,,,,,,
1244407,2020/21,2021-01-31,"Narendra Modi Stadium Ground 'A', Motera",1,11.4,Baroda,Tamil Nadu,Vishnu Solanki,A Sheth,B Aparajith,1,0,,,,,,,,,
1244407,2020/21,2021-01-31,"Narendra Modi Stadium Ground 'A', Motera",1,11.5,Baroda,Tamil Nadu,A Sheth,Vishnu Solanki,B Aparajith,0,0,,,,,,,,,
1244407,2020/21,2021-01-31,"Narendra Modi Stadium Ground 'A', Motera",1,11.6,Baroda,Tamil Nadu,A Sheth,Vishnu Solanki,B Aparajith,0,1,1,,,,,,,,
1244407,2020/21,2021-01-31,"Narendra Modi Stadium Ground 'A', Motera",1,11.7,Baroda,Tamil Nadu,A Sheth,Vishnu Solanki,B Aparajith,1,0,,,,,,,,,
1244407,2020/21,2021-01-31,"Narendra Modi Stadium Ground 'A', Motera",1,12.1,Baroda,Tamil Nadu,A Sheth,Vishnu Solanki,M Ashwin,1,1,,1,,,,,,,
1244407,2020/21,2021-01-31,"Narendra Modi Stadium Ground 'A', Motera",1,12.2,Baroda,Tamil Nadu,Vishnu Solanki,A Sheth,M Ashwin,1,0,,,,,,,,,
1244407,2020/21,2021-01-31,"Narendra Modi Stadium Ground 'A', Motera",1,12.3,Baroda,Tamil Nadu,A Sheth,Vishnu Solanki,M Ashwin,1,0,,,,,,,,,
1244407,2020/21,2021-01-31,"Narendra Modi Stadium Ground 'A', Motera",1,12.4,Baroda,Tamil Nadu,Vishnu Solanki,A Sheth,M Ashwin,0,0,,,,,,,,,
1244407,2020/21,2021-01-31,"Narendra Modi Stadium Ground 'A', Motera",1,12.5,Baroda,Tamil Nadu,Vishnu Solanki,A Sheth,M Ashwin,2,0,,,,,,,,,
1244407,2020/21,2021-01-31,"Narendra Modi Stadium Ground 'A', Motera",1,12.6,Baroda,Tamil Nadu,Vishnu Solanki,A Sheth,M Ashwin,0,1,1,,,,,,,,
1244407,2020/21,2021-01-31,"Narendra Modi Stadium Ground 'A', Motera",1,12.7,Baroda,Tamil Nadu,Vishnu Solanki,A Sheth,M Ashwin,1,0,,,,,,,,,
1244407,2020/21,2021-01-31,"Narendra Modi Stadium Ground 'A', Motera",1,12.8,Baroda,Tamil Nadu,A Sheth,Vishnu Solanki,M Ashwin,0,0,,,,,,,,,
1244407,2020/21,2021-01-31,"Narendra Modi Stadium Ground 'A', Motera",1,13.1,Baroda,Tamil Nadu,Vishnu Solanki,A Sheth,Sonu Yadav,0,0,,,,,,,,,
1244407,2020/21,2021-01-31,"Narendra Modi Stadium Ground 'A', Motera",1,13.2,Baroda,Tamil Nadu,Vishnu Solanki,A Sheth,Sonu Yadav,1,0,,,,,,,,,
1244407,2020/21,2021-01-31,"Narendra Modi Stadium Ground 'A', Motera",1,13.3,Baroda,Tamil Nadu,A Sheth,Vishnu Solanki,Sonu Yadav,0,0,,,,,,,,,
1244407,2020/21,2021-01-31,"Narendra Modi Stadium Ground 'A', Motera",1,13.4,Baroda,Tamil Nadu,A Sheth,Vishnu Solanki,Sonu Yadav,0,0,,,,,,,,,
1244407,2020/21,2021-01-31,"Narendra Modi Stadium Ground 'A', Motera",1,13.5,Baroda,Tamil Nadu,A Sheth,Vishnu Solanki,Sonu Yadav,1,0,,,,,,,,,
1244407,2020/21,2021-01-31,"Narendra Modi Stadium Ground 'A', Motera",1,13.6,Baroda,Tamil Nadu,Vishnu Solanki,A Sheth,Sonu Yadav,1,0,,,,,,,,,
1244407,2020/21,2021-01-31,"Narendra Modi Stadium Ground 'A', Motera",1,14.1,Baroda,Tamil Nadu,Vishnu Solanki,A Sheth,M Ashwin,1,0,,,,,,,,,
1244407,2020/21,2021-01-31,"Narendra Modi Stadium Ground 'A', Motera",1,14.2,Baroda,Tamil Nadu,A Sheth,Vishnu Solanki,M Ashwin,0,0,,,,,,,,,
1244407,2020/21,2021-01-31,"Narendra Modi Stadium Ground 'A', Motera",1,14.3,Baroda,Tamil Nadu,A Sheth,Vishnu Solanki,M Ashwin,1,0,,,,,,,,,
1244407,2020/21,2021-01-31,"Narendra Modi Stadium Ground 'A', Motera",1,14.4,Baroda,Tamil Nadu,Vishnu Solanki,A Sheth,M Ashwin,1,0,,,,,,,,,
1244407,2020/21,2021-01-31,"Narendra Modi Stadium Ground 'A', Motera",1,14.5,Baroda,Tamil Nadu,A Sheth,Vishnu Solanki,M Ashwin,0,0,,,,,,,,,
1244407,2020/21,2021-01-31,"Narendra Modi Stadium Ground 'A', Motera",1,14.6,Baroda,Tamil Nadu,A Sheth,Vishnu Solanki,M Ashwin,1,0,,,,,,,,,
1244407,2020/21,2021-01-31,"Narendra Modi Stadium Ground 'A', Motera",1,15.1,Baroda,Tamil Nadu,A Sheth,Vishnu Solanki,M Mohammed,1,0,,,,,,,,,
1244407,2020/21,2021-01-31,"Narendra Modi Stadium Ground 'A', Motera",1,15.2,Baroda,Tamil Nadu,Vishnu Solanki,A Sheth,M Mohammed,1,0,,,,,,,,,
1244407,2020/21,2021-01-31,"Narendra Modi Stadium Ground 'A', Motera",1,15.3,Baroda,Tamil Nadu,A Sheth,Vishnu Solanki,M Mohammed,1,0,,,,,,,,,
1244407,2020/21,2021-01-31,"Narendra Modi Stadium Ground 'A', Motera",1,15.4,Baroda,Tamil Nadu,Vishnu Solanki,A Sheth,M Mohammed,0,0,,,,,,,,,
1244407,2020/21,2021-01-31,"Narendra Modi Stadium Ground 'A', Motera",1,15.5,Baroda,Tamil Nadu,Vishnu Solanki,A Sheth,M Mohammed,2,0,,,,,,,,,
1244407,2020/21,2021-01-31,"Narendra Modi Stadium Ground 'A', Motera",1,15.6,Baroda,Tamil Nadu,Vishnu Solanki,A Sheth,M Mohammed,0,0,,,,,,,,,
1244407,2020/21,2021-01-31,"Narendra Modi Stadium Ground 'A', Motera",1,16.1,Baroda,Tamil Nadu,A Sheth,Vishnu Solanki,Sonu Yadav,4,0,,,,,,,,,
1244407,2020/21,2021-01-31,"Narendra Modi Stadium Ground 'A', Motera",1,16.2,Baroda,Tamil Nadu,A Sheth,Vishnu Solanki,Sonu Yadav,0,0,,,,,,,,,
1244407,2020/21,2021-01-31,"Narendra Modi Stadium Ground 'A', Motera",1,16.3,Baroda,Tamil Nadu,A Sheth,Vishnu Solanki,Sonu Yadav,4,0,,,,,,,,,
1244407,2020/21,2021-01-31,"Narendra Modi Stadium Ground 'A', Motera",1,16.4,Baroda,Tamil Nadu,A Sheth,Vishnu Solanki,Sonu Yadav,0,1,1,,,,,,,,
1244407,2020/21,2021-01-31,"Narendra Modi Stadium Ground 'A', Motera",1,16.5,Baroda,Tamil Nadu,A Sheth,Vishnu Solanki,Sonu Yadav,2,0,,,,,,,,,
1244407,2020/21,2021-01-31,"Narendra Modi Stadium Ground 'A', Motera",1,16.6,Baroda,Tamil Nadu,A Sheth,Vishnu Solanki,Sonu Yadav,0,0,,,,,,,,,
1244407,2020/21,2021-01-31,"Narendra Modi Stadium Ground 'A', Motera",1,16.7,Baroda,Tamil Nadu,A Sheth,Vishnu Solanki,Sonu Yadav,0,0,,,,,,,,,
1244407,2020/21,2021-01-31,"Narendra Modi Stadium Ground 'A', Motera",1,17.1,Baroda,Tamil Nadu,Vishnu Solanki,A Sheth,M Ashwin,0,0,,,,,,,,,
1244407,2020/21,2021-01-31,"Narendra Modi Stadium Ground 'A', Motera",1,17.2,Baroda,Tamil Nadu,Vishnu Solanki,A Sheth,M Ashwin,2,0,,,,,,,,,
1244407,2020/21,2021-01-31,"Narendra Modi Stadium Ground 'A', Motera",1,17.3,Baroda,Tamil Nadu,Vishnu Solanki,A Sheth,M Ashwin,1,0,,,,,,,,,
1244407,2020/21,2021-01-31,"Narendra Modi Stadium Ground 'A', Motera",1,17.4,Baroda,Tamil Nadu,A Sheth,Vishnu Solanki,M Ashwin,1,0,,,,,,,,,
1244407,2020/21,2021-01-31,"Narendra Modi Stadium Ground 'A', Motera",1,17.5,Baroda,Tamil Nadu,Vishnu Solanki,A Sheth,M Ashwin,1,0,,,,,,,,,
1244407,2020/21,2021-01-31,"Narendra Modi Stadium Ground 'A', Motera",1,17.6,Baroda,Tamil Nadu,A Sheth,Vishnu Solanki,M Ashwin,6,0,,,,,,,,,
1244407,2020/21,2021-01-31,"Narendra Modi Stadium Ground 'A', Motera",1,18.1,Baroda,Tamil Nadu,Vishnu Solanki,A Sheth,Sonu Yadav,1,0,,,,,,,,,
1244407,2020/21,2021-01-31,"Narendra Modi Stadium Ground 'A', Motera",1,18.2,Baroda,Tamil Nadu,A Sheth,Vishnu Solanki,Sonu Yadav,0,0,,,,,,caught,A Sheth,,
1244407,2020/21,2021-01-31,"Narendra Modi Stadium Ground 'A', Motera",1,18.3,Baroda,Tamil Nadu,Vishnu Solanki,BA Bhatt,Sonu Yadav,6,0,,,,,,,,,
1244407,2020/21,2021-01-31,"Narendra Modi Stadium Ground 'A', Motera",1,18.4,Baroda,Tamil Nadu,Vishnu Solanki,BA Bhatt,Sonu Yadav,1,0,,,,,,,,,
1244407,2020/21,2021-01-31,"Narendra Modi Stadium Ground 'A', Motera",1,18.5,Baroda,Tamil Nadu,BA Bhatt,Vishnu Solanki,Sonu Yadav,1,0,,,,,,,,,
1244407,2020/21,2021-01-31,"Narendra Modi Stadium Ground 'A', Motera",1,18.6,Baroda,Tamil Nadu,Vishnu Solanki,BA Bhatt,Sonu Yadav,6,0,,,,,,,,,
1244407,2020/21,2021-01-31,"Narendra Modi Stadium Ground 'A', Motera",1,19.1,Baroda,Tamil Nadu,BA Bhatt,Vishnu Solanki,M Mohammed,6,0,,,,,,,,,
1244407,2020/21,2021-01-31,"Narendra Modi Stadium Ground 'A', Motera",1,19.2,Baroda,Tamil Nadu,BA Bhatt,Vishnu Solanki,M Mohammed,0,0,,,,,,,,,
1244407,2020/21,2021-01-31,"Narendra Modi Stadium Ground 'A', Motera",1,19.3,Baroda,Tamil Nadu,BA Bhatt,Vishnu Solanki,M Mohammed,4,0,,,,,,,,,
1244407,2020/21,2021-01-31,"Narendra Modi Stadium Ground 'A', Motera",1,19.4,Baroda,Tamil Nadu,BA Bhatt,Vishnu Solanki,M Mohammed,1,0,,,,,,,,,
1244407,2020/21,2021-01-31,"Narendra Modi Stadium Ground 'A', Motera",1,19.5,Baroda,Tamil Nadu,Vishnu Solanki,BA Bhatt,M Mohammed,0,1,,,,1,,run out,Vishnu Solanki,,
1244407,2020/21,2021-01-31,"Narendra Modi Stadium Ground 'A', Motera",1,19.6,Baroda,Tamil Nadu,BA Pathan,BA Bhatt,M Mohammed,0,0,,,,,,caught,BA Pathan,,
1244407,2020/21,2021-01-31,"Narendra Modi Stadium Ground 'A', Motera",2,0.1,Tamil Nadu,Baroda,Hari Nishaanth,N Jagadeesan,A Sheth,0,0,,,,,,,,,
1244407,2020/21,2021-01-31,"Narendra Modi Stadium Ground 'A', Motera",2,0.2,Tamil Nadu,Baroda,Hari Nishaanth,N Jagadeesan,A Sheth,0,0,,,,,,,,,
1244407,2020/21,2021-01-31,"Narendra Modi Stadium Ground 'A', Motera",2,0.3,Tamil Nadu,Baroda,Hari Nishaanth,N Jagadeesan,A Sheth,4,0,,,,,,,,,
1244407,2020/21,2021-01-31,"Narendra Modi Stadium Ground 'A', Motera",2,0.4,Tamil Nadu,Baroda,Hari Nishaanth,N Jagadeesan,A Sheth,0,0,,,,,,,,,
1244407,2020/21,2021-01-31,"Narendra Modi Stadium Ground 'A', Motera",2,0.5,Tamil Nadu,Baroda,Hari Nishaanth,N Jagadeesan,A Sheth,1,0,,,,,,,,,
1244407,2020/21,2021-01-31,"Narendra Modi Stadium Ground 'A', Motera",2,0.6,Tamil Nadu,Baroda,N Jagadeesan,Hari Nishaanth,A Sheth,0,0,,,,,,,,,
1244407,2020/21,2021-01-31,"Narendra Modi Stadium Ground 'A', Motera",2,1.1,Tamil Nadu,Baroda,Hari Nishaanth,N Jagadeesan,LI Meriwala,1,0,,,,,,,,,
1244407,2020/21,2021-01-31,"Narendra Modi Stadium Ground 'A', Motera",2,1.2,Tamil Nadu,Baroda,N Jagadeesan,Hari Nishaanth,LI Meriwala,0,0,,,,,,,,,
1244407,2020/21,2021-01-31,"Narendra Modi Stadium Ground 'A', Motera",2,1.3,Tamil Nadu,Baroda,N Jagadeesan,Hari Nishaanth,LI Meriwala,0,0,,,,,,,,,
1244407,2020/21,2021-01-31,"Narendra Modi Stadium Ground 'A', Motera",2,1.4,Tamil Nadu,Baroda,N Jagadeesan,Hari Nishaanth,LI Meriwala,1,0,,,,,,,,,
1244407,2020/21,2021-01-31,"Narendra Modi Stadium Ground 'A', Motera",2,1.5,Tamil Nadu,Baroda,Hari Nishaanth,N Jagadeesan,LI Meriwala,0,0,,,,,,,,,
1244407,2020/21,2021-01-31,"Narendra Modi Stadium Ground 'A', Motera",2,1.6,Tamil Nadu,Baroda,Hari Nishaanth,N Jagadeesan,LI Meriwala,4,0,,,,,,,,,
1244407,2020/21,2021-01-31,"Narendra Modi Stadium Ground 'A', Motera",2,2.1,Tamil Nadu,Baroda,N Jagadeesan,Hari Nishaanth,BA Bhatt,0,0,,,,,,,,,
1244407,2020/21,2021-01-31,"Narendra Modi Stadium Ground 'A', Motera",2,2.2,Tamil Nadu,Baroda,N Jagadeesan,Hari Nishaanth,BA Bhatt,4,0,,,,,,,,,
1244407,2020/21,2021-01-31,"Narendra Modi Stadium Ground 'A', Motera",2,2.3,Tamil Nadu,Baroda,N Jagadeesan,Hari Nishaanth,BA Bhatt,1,0,,,,,,,,,
1244407,2020/21,2021-01-31,"Narendra Modi Stadium Ground 'A', Motera",2,2.4,Tamil Nadu,Baroda,Hari Nishaanth,N Jagadeesan,BA Bhatt,1,0,,,,,,,,,
1244407,2020/21,2021-01-31,"Narendra Modi Stadium Ground 'A', Motera",2,2.5,Tamil Nadu,Baroda,N Jagadeesan,Hari Nishaanth,BA Bhatt,4,0,,,,,,,,,
1244407,2020/21,2021-01-31,"Narendra Modi Stadium Ground 'A', Motera",2,2.6,Tamil Nadu,Baroda,N Jagadeesan,Hari Nishaanth,BA Bhatt,0,0,,,,,,,,,
1244407,2020/21,2021-01-31,"Narendra Modi Stadium Ground 'A', Motera",2,3.1,Tamil Nadu,Baroda,Hari Nishaanth,N Jagadeesan,LI Meriwala,0,0,,,,,,,,,
1244407,2020/21,2021-01-31,"Narendra Modi Stadium Ground 'A', Motera",2,3.2,Tamil Nadu,Baroda,Hari Nishaanth,N Jagadeesan,LI Meriwala,1,0,,,,,,,,,
1244407,2020/21,2021-01-31,"Narendra Modi Stadium Ground 'A', Motera",2,3.3,Tamil Nadu,Baroda,N Jagadeesan,Hari Nishaanth,LI Meriwala,0,0,,,,,,,,,
1244407,2020/21,2021-01-31,"Narendra Modi Stadium Ground 'A', Motera",2,3.4,Tamil Nadu,Baroda,N Jagadeesan,Hari Nishaanth,LI Meriwala,4,0,,,,,,,,,
1244407,2020/21,2021-01-31,"Narendra Modi Stadium Ground 'A', Motera",2,3.5,Tamil Nadu,Baroda,N Jagadeesan,Hari Nishaanth,LI Meriwala,0,0,,,,,,caught,N Jagadeesan,,
1244407,2020/21,2021-01-31,"Narendra Modi Stadium Ground 'A', Motera",2,3.6,Tamil Nadu,Baroda,B Aparajith,Hari Nishaanth,LI Meriwala,0,0,,,,,,,,,
1244407,2020/21,2021-01-31,"Narendra Modi Stadium Ground 'A', Motera",2,4.1,Tamil Nadu,Baroda,Hari Nishaanth,B Aparajith,A Sheth,1,0,,,,,,,,,
1244407,2020/21,2021-01-31,"Narendra Modi Stadium Ground 'A', Motera",2,4.2,Tamil Nadu,Baroda,B Aparajith,Hari Nishaanth,A Sheth,1,0,,,,,,,,,
1244407,2020/21,2021-01-31,"Narendra Modi Stadium Ground 'A', Motera",2,4.3,Tamil Nadu,Baroda,Hari Nishaanth,B Aparajith,A Sheth,4,0,,,,,,,,,
1244407,2020/21,2021-01-31,"Narendra Modi Stadium Ground 'A', Motera",2,4.4,Tamil Nadu,Baroda,Hari Nishaanth,B Aparajith,A Sheth,1,0,,,,,,,,,
1244407,2020/21,2021-01-31,"Narendra Modi Stadium Ground 'A', Motera",2,4.5,Tamil Nadu,Baroda,B Aparajith,Hari Nishaanth,A Sheth,1,0,,,,,,,,,
1244407,2020/21,2021-01-31,"Narendra Modi Stadium Ground 'A', Motera",2,4.6,Tamil Nadu,Baroda,Hari Nishaanth,B Aparajith,A Sheth,0,1,1,,,,,,,,
1244407,2020/21,2021-01-31,"Narendra Modi Stadium Ground 'A', Motera",2,4.7,Tamil Nadu,Baroda,Hari Nishaanth,B Aparajith,A Sheth,1,0,,,,,,,,,
1244407,2020/21,2021-01-31,"Narendra Modi Stadium Ground 'A', Motera",2,5.1,Tamil Nadu,Baroda,Hari Nishaanth,B Aparajith,KR Kakade,0,0,,,,,,,,,
1244407,2020/21,2021-01-31,"Narendra Modi Stadium Ground 'A', Motera",2,5.2,Tamil Nadu,Baroda,Hari Nishaanth,B Aparajith,KR Kakade,0,0,,,,,,,,,
1244407,2020/21,2021-01-31,"Narendra Modi Stadium Ground 'A', Motera",2,5.3,Tamil Nadu,Baroda,Hari Nishaanth,B Aparajith,KR Kakade,0,0,,,,,,,,,
1244407,2020/21,2021-01-31,"Narendra Modi Stadium Ground 'A', Motera",2,5.4,Tamil Nadu,Baroda,Hari Nishaanth,B Aparajith,KR Kakade,0,0,,,,,,,,,
1244407,2020/21,2021-01-31,"Narendra Modi Stadium Ground 'A', Motera",2,5.5,Tamil Nadu,Baroda,Hari Nishaanth,B Aparajith,KR Kakade,1,0,,,,,,,,,
1244407,2020/21,2021-01-31,"Narendra Modi Stadium Ground 'A', Motera",2,5.6,Tamil Nadu,Baroda,B Aparajith,Hari Nishaanth,KR Kakade,1,0,,,,,,,,,
1244407,2020/21,2021-01-31,"Narendra Modi Stadium Ground 'A', Motera",2,6.1,Tamil Nadu,Baroda,B Aparajith,Hari Nishaanth,BA Bhatt,1,0,,,,,,,,,
1244407,2020/21,2021-01-31,"Narendra Modi Stadium Ground 'A', Motera",2,6.2,Tamil Nadu,Baroda,Hari Nishaanth,B Aparajith,BA Bhatt,0,0,,,,,,,,,
1244407,2020/21,2021-01-31,"Narendra Modi Stadium Ground 'A', Motera",2,6.3,Tamil Nadu,Baroda,Hari Nishaanth,B Aparajith,BA Bhatt,0,0,,,,,,,,,
1244407,2020/21,2021-01-31,"Narendra Modi Stadium Ground 'A', Motera",2,6.4,Tamil Nadu,Baroda,Hari Nishaanth,B Aparajith,BA Bhatt,0,1,,,,1,,,,,
1244407,2020/21,2021-01-31,"Narendra Modi Stadium Ground 'A', Motera",2,6.5,Tamil Nadu,Baroda,B Aparajith,Hari Nishaanth,BA Bhatt,0,0,,,,,,,,,
1244407,2020/21,2021-01-31,"Narendra Modi Stadium Ground 'A', Motera",2,6.6,Tamil Nadu,Baroda,B Aparajith,Hari Nishaanth,BA Bhatt,1,0,,,,,,,,,
1244407,2020/21,2021-01-31,"Narendra Modi Stadium Ground 'A', Motera",2,7.1,Tamil Nadu,Baroda,B Aparajith,Hari Nishaanth,KR Kakade,0,0,,,,,,,,,
1244407,2020/21,2021-01-31,"Narendra Modi Stadium Ground 'A', Motera",2,7.2,Tamil Nadu,Baroda,B Aparajith,Hari Nishaanth,KR Kakade,0,0,,,,,,,,,
1244407,2020/21,2021-01-31,"Narendra Modi Stadium Ground 'A', Motera",2,7.3,Tamil Nadu,Baroda,B Aparajith,Hari Nishaanth,KR Kakade,1,0,,,,,,,,,
1244407,2020/21,2021-01-31,"Narendra Modi Stadium Ground 'A', Motera",2,7.4,Tamil Nadu,Baroda,Hari Nishaanth,B Aparajith,KR Kakade,6,0,,,,,,,,,
1244407,2020/21,2021-01-31,"Narendra Modi Stadium Ground 'A', Motera",2,7.5,Tamil Nadu,Baroda,Hari Nishaanth,B Aparajith,KR Kakade,2,0,,,,,,,,,
1244407,2020/21,2021-01-31,"Narendra Modi Stadium Ground 'A', Motera",2,7.6,Tamil Nadu,Baroda,Hari Nishaanth,B Aparajith,KR Kakade,1,0,,,,,,,,,
1244407,2020/21,2021-01-31,"Narendra Modi Stadium Ground 'A', Motera",2,8.1,Tamil Nadu,Baroda,Hari Nishaanth,B Aparajith,BA Bhatt,0,0,,,,,,,,,
1244407,2020/21,2021-01-31,"Narendra Modi Stadium Ground 'A', Motera",2,8.2,Tamil Nadu,Baroda,Hari Nishaanth,B Aparajith,BA Bhatt,1,0,,,,,,,,,
1244407,2020/21,2021-01-31,"Narendra Modi Stadium Ground 'A', Motera",2,8.3,Tamil Nadu,Baroda,B Aparajith,Hari Nishaanth,BA Bhatt,1,0,,,,,,,,,
1244407,2020/21,2021-01-31,"Narendra Modi Stadium Ground 'A', Motera",2,8.4,Tamil Nadu,Baroda,Hari Nishaanth,B Aparajith,BA Bhatt,1,0,,,,,,,,,
1244407,2020/21,2021-01-31,"Narendra Modi Stadium Ground 'A', Motera",2,8.5,Tamil Nadu,Baroda,B Aparajith,Hari Nishaanth,BA Bhatt,1,0,,,,,,,,,
1244407,2020/21,2021-01-31,"Narendra Modi Stadium Ground 'A', Motera",2,8.6,Tamil Nadu,Baroda,Hari Nishaanth,B Aparajith,BA Bhatt,0,0,,,,,,,,,
1244407,2020/21,2021-01-31,"Narendra Modi Stadium Ground 'A', Motera",2,9.1,Tamil Nadu,Baroda,B Aparajith,Hari Nishaanth,BA Pathan,1,0,,,,,,,,,
1244407,2020/21,2021-01-31,"Narendra Modi Stadium Ground 'A', Motera",2,9.2,Tamil Nadu,Baroda,Hari Nishaanth,B Aparajith,BA Pathan,1,0,,,,,,,,,
1244407,2020/21,2021-01-31,"Narendra Modi Stadium Ground 'A', Motera",2,9.3,Tamil Nadu,Baroda,B Aparajith,Hari Nishaanth,BA Pathan,1,0,,,,,,,,,
1244407,2020/21,2021-01-31,"Narendra Modi Stadium Ground 'A', Motera",2,9.4,Tamil Nadu,Baroda,Hari Nishaanth,B Aparajith,BA Pathan,0,1,1,,,,,,,,
1244407,2020/21,2021-01-31,"Narendra Modi Stadium Ground 'A', Motera",2,9.5,Tamil Nadu,Baroda,Hari Nishaanth,B Aparajith,BA Pathan,0,0,,,,,,,,,
1244407,2020/21,2021-01-31,"Narendra Modi Stadium Ground 'A', Motera",2,9.6,Tamil Nadu,Baroda,Hari Nishaanth,B Aparajith,BA Pathan,0,0,,,,,,,,,
1244407,2020/21,2021-01-31,"Narendra Modi Stadium Ground 'A', Motera",2,9.7,Tamil Nadu,Baroda,Hari Nishaanth,B Aparajith,BA Pathan,2,0,,,,,,,,,
1244407,2020/21,2021-01-31,"Narendra Modi Stadium Ground 'A', Motera",2,10.1,Tamil Nadu,Baroda,B Aparajith,Hari Nishaanth,LI Meriwala,0,0,,,,,,,,,
1244407,2020/21,2021-01-31,"Narendra Modi Stadium Ground 'A', Motera",2,10.2,Tamil Nadu,Baroda,B Aparajith,Hari Nishaanth,LI Meriwala,4,0,,,,,,,,,
1244407,2020/21,2021-01-31,"Narendra Modi Stadium Ground 'A', Motera",2,10.3,Tamil Nadu,Baroda,B Aparajith,Hari Nishaanth,LI Meriwala,0,0,,,,,,,,,
1244407,2020/21,2021-01-31,"Narendra Modi Stadium Ground 'A', Motera",2,10.4,Tamil Nadu,Baroda,B Aparajith,Hari Nishaanth,LI Meriwala,1,0,,,,,,,,,
1244407,2020/21,2021-01-31,"Narendra Modi Stadium Ground 'A', Motera",2,10.5,Tamil Nadu,Baroda,Hari Nishaanth,B Aparajith,LI Meriwala,0,0,,,,,,,,,
1244407,2020/21,2021-01-31,"Narendra Modi Stadium Ground 'A', Motera",2,10.6,Tamil Nadu,Baroda,Hari Nishaanth,B Aparajith,LI Meriwala,1,0,,,,,,,,,
1244407,2020/21,2021-01-31,"Narendra Modi Stadium Ground 'A', Motera",2,11.1,Tamil Nadu,Baroda,Hari Nishaanth,B Aparajith,BA Pathan,0,0,,,,,,,,,
1244407,2020/21,2021-01-31,"Narendra Modi Stadium Ground 'A', Motera",2,11.2,Tamil Nadu,Baroda,Hari Nishaanth,B Aparajith,BA Pathan,0,0,,,,,,caught,Hari Nishaanth,,
1244407,2020/21,2021-01-31,"Narendra Modi Stadium Ground 'A', Motera",2,11.3,Tamil Nadu,Baroda,B Aparajith,KD Karthik,BA Pathan,0,0,,,,,,,,,
1244407,2020/21,2021-01-31,"Narendra Modi Stadium Ground 'A', Motera",2,11.4,Tamil Nadu,Baroda,B Aparajith,KD Karthik,BA Pathan,0,0,,,,,,,,,
1244407,2020/21,2021-01-31,"Narendra Modi Stadium Ground 'A', Motera",2,11.5,Tamil Nadu,Baroda,B Aparajith,KD Karthik,BA Pathan,1,0,,,,,,,,,
1244407,2020/21,2021-01-31,"Narendra Modi Stadium Ground 'A', Motera",2,11.6,Tamil Nadu,Baroda,KD Karthik,B Aparajith,BA Pathan,1,0,,,,,,,,,
1244407,2020/21,2021-01-31,"Narendra Modi Stadium Ground 'A', Motera",2,12.1,Tamil Nadu,Baroda,KD Karthik,B Aparajith,BA Bhatt,4,0,,,,,,,,,
1244407,2020/21,2021-01-31,"Narendra Modi Stadium Ground 'A', Motera",2,12.2,Tamil Nadu,Baroda,KD Karthik,B Aparajith,BA Bhatt,0,1,1,,,,,,,,
1244407,2020/21,2021-01-31,"Narendra Modi Stadium Ground 'A', Motera",2,12.3,Tamil Nadu,Baroda,KD Karthik,B Aparajith,BA Bhatt,1,0,,,,,,,,,
1244407,2020/21,2021-01-31,"Narendra Modi Stadium Ground 'A', Motera",2,12.4,Tamil Nadu,Baroda,B Aparajith,KD Karthik,BA Bhatt,1,0,,,,,,,,,
1244407,2020/21,2021-01-31,"Narendra Modi Stadium Ground 'A', Motera",2,12.5,Tamil Nadu,Baroda,KD Karthik,B Aparajith,BA Bhatt,1,0,,,,,,,,,
1244407,2020/21,2021-01-31,"Narendra Modi Stadium Ground 'A', Motera",2,12.6,Tamil Nadu,Baroda,B Aparajith,KD Karthik,BA Bhatt,1,0,,,,,,,,,
1244407,2020/21,2021-01-31,"Narendra Modi Stadium Ground 'A', Motera",2,12.7,Tamil Nadu,Baroda,KD Karthik,B Aparajith,BA Bhatt,0,0,,,,,,,,,
1244407,2020/21,2021-01-31,"Narendra Modi Stadium Ground 'A', Motera",2,13.1,Tamil Nadu,Baroda,B Aparajith,KD Karthik,BA Pathan,0,0,,,,,,,,,
1244407,2020/21,2021-01-31,"Narendra Modi Stadium Ground 'A', Motera",2,13.2,Tamil Nadu,Baroda,B Aparajith,KD Karthik,BA Pathan,1,0,,,,,,,,,
1244407,2020/21,2021-01-31,"Narendra Modi Stadium Ground 'A', Motera",2,13.3,Tamil Nadu,Baroda,KD Karthik,B Aparajith,BA Pathan,0,0,,,,,,,,,
1244407,2020/21,2021-01-31,"Narendra Modi Stadium Ground 'A', Motera",2,13.4,Tamil Nadu,Baroda,KD Karthik,B Aparajith,BA Pathan,0,0,,,,,,,,,
1244407,2020/21,2021-01-31,"Narendra Modi Stadium Ground 'A', Motera",2,13.5,Tamil Nadu,Baroda,KD Karthik,B Aparajith,BA Pathan,1,0,,,,,,,,,
1244407,2020/21,2021-01-31,"Narendra Modi Stadium Ground 'A', Motera",2,13.6,Tamil Nadu,Baroda,B Aparajith,KD Karthik,BA Pathan,1,0,,,,,,,,,
1244407,2020/21,2021-01-31,"Narendra Modi Stadium Ground 'A', Motera",2,14.1,Tamil Nadu,Baroda,B Aparajith,KD Karthik,NA Rathva,1,0,,,,,,,,,
1244407,2020/21,2021-01-31,"Narendra Modi Stadium Ground 'A', Motera",2,14.2,Tamil Nadu,Baroda,KD Karthik,B Aparajith,NA Rathva,1,0,,,,,,,,,
1244407,2020/21,2021-01-31,"Narendra Modi Stadium Ground 'A', Motera",2,14.3,Tamil Nadu,Baroda,B Aparajith,KD Karthik,NA Rathva,1,0,,,,,,,,,
1244407,2020/21,2021-01-31,"Narendra Modi Stadium Ground 'A', Motera",2,14.4,Tamil Nadu,Baroda,KD Karthik,B Aparajith,NA Rathva,2,0,,,,,,,,,
1244407,2020/21,2021-01-31,"Narendra Modi Stadium Ground 'A', Motera",2,14.5,Tamil Nadu,Baroda,KD Karthik,B Aparajith,NA Rathva,1,0,,,,,,,,,
1244407,2020/21,2021-01-31,"Narendra Modi Stadium Ground 'A', Motera",2,14.6,Tamil Nadu,Baroda,B Aparajith,KD Karthik,NA Rathva,2,0,,,,,,,,,
1244407,2020/21,2021-01-31,"Narendra Modi Stadium Ground 'A', Motera",2,15.1,Tamil Nadu,Baroda,KD Karthik,B Aparajith,BA Pathan,4,0,,,,,,,,,
1244407,2020/21,2021-01-31,"Narendra Modi Stadium Ground 'A', Motera",2,15.2,Tamil Nadu,Baroda,KD Karthik,B Aparajith,BA Pathan,4,0,,,,,,,,,
1244407,2020/21,2021-01-31,"Narendra Modi Stadium Ground 'A', Motera",2,15.3,Tamil Nadu,Baroda,KD Karthik,B Aparajith,BA Pathan,1,0,,,,,,,,,
1244407,2020/21,2021-01-31,"Narendra Modi Stadium Ground 'A', Motera",2,15.4,Tamil Nadu,Baroda,B Aparajith,KD Karthik,BA Pathan,1,0,,,,,,,,,
1244407,2020/21,2021-01-31,"Narendra Modi Stadium Ground 'A', Motera",2,15.5,Tamil Nadu,Baroda,KD Karthik,B Aparajith,BA Pathan,0,1,1,,,,,,,,
1244407,2020/21,2021-01-31,"Narendra Modi Stadium Ground 'A', Motera",2,15.6,Tamil Nadu,Baroda,KD Karthik,B Aparajith,BA Pathan,1,0,,,,,,,,,
1244407,2020/21,2021-01-31,"Narendra Modi Stadium Ground 'A', Motera",2,15.7,Tamil Nadu,Baroda,B Aparajith,KD Karthik,BA Pathan,0,0,,,,,,,,,
1244407,2020/21,2021-01-31,"Narendra Modi Stadium Ground 'A', Motera",2,16.1,Tamil Nadu,Baroda,KD Karthik,B Aparajith,A Sheth,0,0,,,,,,caught,KD Karthik,,
1244407,2020/21,2021-01-31,"Narendra Modi Stadium Ground 'A', Motera",2,16.2,Tamil Nadu,Baroda,B Aparajith,M Shahrukh Khan,A Sheth,1,0,,,,,,,,,
1244407,2020/21,2021-01-31,"Narendra Modi Stadium Ground 'A', Motera",2,16.3,Tamil Nadu,Baroda,M Shahrukh Khan,B Aparajith,A Sheth,2,0,,,,,,,,,
1244407,2020/21,2021-01-31,"Narendra Modi Stadium Ground 'A', Motera",2,16.4,Tamil Nadu,Baroda,M Shahrukh Khan,B Aparajith,A Sheth,1,0,,,,,,,,,
1244407,2020/21,2021-01-31,"Narendra Modi Stadium Ground 'A', Motera",2,16.5,Tamil Nadu,Baroda,B Aparajith,M Shahrukh Khan,A Sheth,1,0,,,,,,,,,
1244407,2020/21,2021-01-31,"Narendra Modi Stadium Ground 'A', Motera",2,16.6,Tamil Nadu,Baroda,M Shahrukh Khan,B Aparajith,A Sheth,0,0,,,,,,,,,
1244407,2020/21,2021-01-31,"Narendra Modi Stadium Ground 'A', Motera",2,17.1,Tamil Nadu,Baroda,B Aparajith,M Shahrukh Khan,LI Meriwala,1,0,,,,,,,,,
1244407,2020/21,2021-01-31,"Narendra Modi Stadium Ground 'A', Motera",2,17.2,Tamil Nadu,Baroda,M Shahrukh Khan,B Aparajith,LI Meriwala,4,0,,,,,,,,,
1244407,2020/21,2021-01-31,"Narendra Modi Stadium Ground 'A', Motera",2,17.3,Tamil Nadu,Baroda,M Shahrukh Khan,B Aparajith,LI Meriwala,1,0,,,,,,,,,
1244407,2020/21,2021-01-31,"Narendra Modi Stadium Ground 'A', Motera",2,17.4,Tamil Nadu,Baroda,B Aparajith,M Shahrukh Khan,LI Meriwala,1,0,,,,,,,,,
1244407,2020/21,2021-01-31,"Narendra Modi Stadium Ground 'A', Motera",2,17.5,Tamil Nadu,Baroda,M Shahrukh Khan,B Aparajith,LI Meriwala,6,0,,,,,,,,,
1244407,2020/21,2021-01-31,"Narendra Modi Stadium Ground 'A', Motera",2,17.6,Tamil Nadu,Baroda,M Shahrukh Khan,B Aparajith,LI Meriwala,4,0,,,,,,,,,
