match_id,season,start_date,venue,innings,ball,batting_team,bowling_team,striker,non_striker,bowler,runs_off_bat,extras,wides,noballs,byes,legbyes,penalty,wicket_type,player_dismissed,other_wicket_type,other_player_dismissed
1244350,2020/21,2021-01-14,F B Colony Ground,1,0.1,Chhattisgarh,Baroda,Rishabh Tiwari,Shashank Chandrakar,A Sheth,0,0,,,,,,,,,
1244350,2020/21,2021-01-14,F B Colony Ground,1,0.2,Chhattisgarh,Baroda,Rishabh Tiwari,Shashank Chandrakar,A Sheth,4,0,,,,,,,,,
1244350,2020/21,2021-01-14,F B Colony Ground,1,0.3,Chhattisgarh,Baroda,Rishabh Tiwari,Shashank Chandrakar,A Sheth,0,0,,,,,,,,,
1244350,2020/21,2021-01-14,F B Colony Ground,1,0.4,Chhattisgarh,Baroda,Rishabh Tiwari,Shashank Chandrakar,A Sheth,4,0,,,,,,,,,
1244350,2020/21,2021-01-14,F B Colony Ground,1,0.5,Chhattisgarh,Baroda,Rishabh Tiwari,Shashank Chandrakar,A Sheth,0,0,,,,,,,,,
1244350,2020/21,2021-01-14,F B Colony Ground,1,0.6,Chhattisgarh,Baroda,Rishabh Tiwari,Shashank Chandrakar,A Sheth,0,0,,,,,,,,,
1244350,2020/21,2021-01-14,F B Colony Ground,1,1.1,Chhattisgarh,Baroda,Shashank Chandrakar,Rishabh Tiwari,KH Pandya,1,0,,,,,,,,,
1244350,2020/21,2021-01-14,F B Colony Ground,1,1.2,Chhattisgarh,Baroda,Rishabh Tiwari,Shashank Chandrakar,KH Pandya,1,0,,,,,,,,,
1244350,2020/21,2021-01-14,F B Colony Ground,1,1.3,Chhattisgarh,Baroda,Shashank Chandrakar,Rishabh Tiwari,KH Pandya,1,0,,,,,,,,,
1244350,2020/21,2021-01-14,F B Colony Ground,1,1.4,Chhattisgarh,Baroda,Rishabh Tiwari,Shashank Chandrakar,KH Pandya,0,0,,,,,,,,,
1244350,2020/21,2021-01-14,F B Colony Ground,1,1.5,Chhattisgarh,Baroda,Rishabh Tiwari,Shashank Chandrakar,KH Pandya,0,1,1,,,,,,,,
1244350,2020/21,2021-01-14,F B Colony Ground,1,1.6,Chhattisgarh,Baroda,Rishabh Tiwari,Shashank Chandrakar,KH Pandya,0,0,,,,,,stumped,Rishabh Tiwari,,
1244350,2020/21,2021-01-14,F B Colony Ground,1,1.7,Chhattisgarh,Baroda,Harpreet Singh,Shashank Chandrakar,KH Pandya,1,0,,,,,,,,,
1244350,2020/21,2021-01-14,F B Colony Ground,1,2.1,Chhattisgarh,Baroda,Harpreet Singh,Shashank Chandrakar,KR Kakade,0,0,,,,,,lbw,Harpreet Singh,,
1244350,2020/21,2021-01-14,F B Colony Ground,1,2.2,Chhattisgarh,Baroda,Amandeep Khare,Shashank Chandrakar,KR Kakade,1,0,,,,,,,,,
1244350,2020/21,2021-01-14,F B Colony Ground,1,2.3,Chhattisgarh,Baroda,Shashank Chandrakar,Amandeep Khare,KR Kakade,1,0,,,,,,,,,
1244350,2020/21,2021-01-14,F B Colony Ground,1,2.4,Chhattisgarh,Baroda,Amandeep Khare,Shashank Chandrakar,KR Kakade,1,0,,,,,,,,,
1244350,2020/21,2021-01-14,F B Colony Ground,1,2.5,Chhattisgarh,Baroda,Shashank Chandrakar,Amandeep Khare,KR Kakade,4,0,,,,,,,,,
1244350,2020/21,2021-01-14,F B Colony Ground,1,2.6,Chhattisgarh,Baroda,Shashank Chandrakar,Amandeep Khare,KR Kakade,0,0,,,,,,,,,
1244350,2020/21,2021-01-14,F B Colony Ground,1,3.1,Chhattisgarh,Baroda,Amandeep Khare,Shashank Chandrakar,KH Pandya,1,0,,,,,,,,,
1244350,2020/21,2021-01-14,F B Colony Ground,1,3.2,Chhattisgarh,Baroda,Shashank Chandrakar,Amandeep Khare,KH Pandya,0,0,,,,,,,,,
1244350,2020/21,2021-01-14,F B Colony Ground,1,3.3,Chhattisgarh,Baroda,Shashank Chandrakar,Amandeep Khare,KH Pandya,1,0,,,,,,,,,
1244350,2020/21,2021-01-14,F B Colony Ground,1,3.4,Chhattisgarh,Baroda,Amandeep Khare,Shashank Chandrakar,KH Pandya,1,0,,,,,,,,,
1244350,2020/21,2021-01-14,F B Colony Ground,1,3.5,Chhattisgarh,Baroda,Shashank Chandrakar,Amandeep Khare,KH Pandya,1,0,,,,,,,,,
1244350,2020/21,2021-01-14,F B Colony Ground,1,3.6,Chhattisgarh,Baroda,Amandeep Khare,Shashank Chandrakar,KH Pandya,1,0,,,,,,,,,
1244350,2020/21,2021-01-14,F B Colony Ground,1,4.1,Chhattisgarh,Baroda,Amandeep Khare,Shashank Chandrakar,NA Rathva,1,0,,,,,,,,,
1244350,2020/21,2021-01-14,F B Colony Ground,1,4.2,Chhattisgarh,Baroda,Shashank Chandrakar,Amandeep Khare,NA Rathva,6,0,,,,,,,,,
1244350,2020/21,2021-01-14,F B Colony Ground,1,4.3,Chhattisgarh,Baroda,Shashank Chandrakar,Amandeep Khare,NA Rathva,5,0,,,,,,,,,
1244350,2020/21,2021-01-14,F B Colony Ground,1,4.4,Chhattisgarh,Baroda,Amandeep Khare,Shashank Chandrakar,NA Rathva,1,0,,,,,,,,,
1244350,2020/21,2021-01-14,F B Colony Ground,1,4.5,Chhattisgarh,Baroda,Shashank Chandrakar,Amandeep Khare,NA Rathva,0,0,,,,,,caught and bowled,Shashank Chandrakar,,
1244350,2020/21,2021-01-14,F B Colony Ground,1,4.6,Chhattisgarh,Baroda,Shashank Singh,Amandeep Khare,NA Rathva,1,0,,,,,,,,,
1244350,2020/21,2021-01-14,F B Colony Ground,1,5.1,Chhattisgarh,Baroda,Shashank Singh,Amandeep Khare,KH Pandya,1,0,,,,,,,,,
1244350,2020/21,2021-01-14,F B Colony Ground,1,5.2,Chhattisgarh,Baroda,Amandeep Khare,Shashank Singh,KH Pandya,0,0,,,,,,,,,
1244350,2020/21,2021-01-14,F B Colony Ground,1,5.3,Chhattisgarh,Baroda,Amandeep Khare,Shashank Singh,KH Pandya,0,0,,,,,,,,,
1244350,2020/21,2021-01-14,F B Colony Ground,1,5.4,Chhattisgarh,Baroda,Amandeep Khare,Shashank Singh,KH Pandya,0,0,,,,,,,,,
1244350,2020/21,2021-01-14,F B Colony Ground,1,5.5,Chhattisgarh,Baroda,Amandeep Khare,Shashank Singh,KH Pandya,0,0,,,,,,,,,
1244350,2020/21,2021-01-14,F B Colony Ground,1,5.6,Chhattisgarh,Baroda,Amandeep Khare,Shashank Singh,KH Pandya,0,0,,,,,,,,,
1244350,2020/21,2021-01-14,F B Colony Ground,1,6.1,Chhattisgarh,Baroda,Shashank Singh,Amandeep Khare,NA Rathva,0,0,,,,,,,,,
1244350,2020/21,2021-01-14,F B Colony Ground,1,6.2,Chhattisgarh,Baroda,Shashank Singh,Amandeep Khare,NA Rathva,0,0,,,,,,,,,
1244350,2020/21,2021-01-14,F B Colony Ground,1,6.3,Chhattisgarh,Baroda,Shashank Singh,Amandeep Khare,NA Rathva,0,0,,,,,,,,,
1244350,2020/21,2021-01-14,F B Colony Ground,1,6.4,Chhattisgarh,Baroda,Shashank Singh,Amandeep Khare,NA Rathva,1,0,,,,,,,,,
1244350,2020/21,2021-01-14,F B Colony Ground,1,6.5,Chhattisgarh,Baroda,Amandeep Khare,Shashank Singh,NA Rathva,1,0,,,,,,,,,
1244350,2020/21,2021-01-14,F B Colony Ground,1,6.6,Chhattisgarh,Baroda,Shashank Singh,Amandeep Khare,NA Rathva,0,0,,,,,,,,,
1244350,2020/21,2021-01-14,F B Colony Ground,1,7.1,Chhattisgarh,Baroda,Amandeep Khare,Shashank Singh,Chinta Gandhi,1,0,,,,,,,,,
1244350,2020/21,2021-01-14,F B Colony Ground,1,7.2,Chhattisgarh,Baroda,Shashank Singh,Amandeep Khare,Chinta Gandhi,1,0,,,,,,,,,
1244350,2020/21,2021-01-14,F B Colony Ground,1,7.3,Chhattisgarh,Baroda,Amandeep Khare,Shashank Singh,Chinta Gandhi,0,0,,,,,,,,,
1244350,2020/21,2021-01-14,F B Colony Ground,1,7.4,Chhattisgarh,Baroda,Amandeep Khare,Shashank Singh,Chinta Gandhi,4,0,,,,,,,,,
1244350,2020/21,2021-01-14,F B Colony Ground,1,7.5,Chhattisgarh,Baroda,Amandeep Khare,Shashank Singh,Chinta Gandhi,0,0,,,,,,run out,Amandeep Khare,,
1244350,2020/21,2021-01-14,F B Colony Ground,1,7.6,Chhattisgarh,Baroda,Ajay Mandal,Shashank Singh,Chinta Gandhi,4,0,,,,,,,,,
1244350,2020/21,2021-01-14,F B Colony Ground,1,8.1,Chhattisgarh,Baroda,Shashank Singh,Ajay Mandal,KR Kakade,1,0,,,,,,,,,
1244350,2020/21,2021-01-14,F B Colony Ground,1,8.2,Chhattisgarh,Baroda,Ajay Mandal,Shashank Singh,KR Kakade,0,0,,,,,,,,,
1244350,2020/21,2021-01-14,F B Colony Ground,1,8.3,Chhattisgarh,Baroda,Ajay Mandal,Shashank Singh,KR Kakade,1,0,,,,,,,,,
1244350,2020/21,2021-01-14,F B Colony Ground,1,8.4,Chhattisgarh,Baroda,Shashank Singh,Ajay Mandal,KR Kakade,0,0,,,,,,,,,
1244350,2020/21,2021-01-14,F B Colony Ground,1,8.5,Chhattisgarh,Baroda,Shashank Singh,Ajay Mandal,KR Kakade,0,0,,,,,,caught,Shashank Singh,,
1244350,2020/21,2021-01-14,F B Colony Ground,1,8.6,Chhattisgarh,Baroda,Ajay Mandal,Vishal Kushwah,KR Kakade,0,0,,,,,,,,,
1244350,2020/21,2021-01-14,F B Colony Ground,1,9.1,Chhattisgarh,Baroda,Vishal Kushwah,Ajay Mandal,Chinta Gandhi,0,0,,,,,,,,,
1244350,2020/21,2021-01-14,F B Colony Ground,1,9.2,Chhattisgarh,Baroda,Vishal Kushwah,Ajay Mandal,Chinta Gandhi,0,0,,,,,,,,,
1244350,2020/21,2021-01-14,F B Colony Ground,1,9.3,Chhattisgarh,Baroda,Vishal Kushwah,Ajay Mandal,Chinta Gandhi,0,0,,,,,,,,,
1244350,2020/21,2021-01-14,F B Colony Ground,1,9.4,Chhattisgarh,Baroda,Vishal Kushwah,Ajay Mandal,Chinta Gandhi,1,0,,,,,,,,,
1244350,2020/21,2021-01-14,F B Colony Ground,1,9.5,Chhattisgarh,Baroda,Ajay Mandal,Vishal Kushwah,Chinta Gandhi,0,0,,,,,,,,,
1244350,2020/21,2021-01-14,F B Colony Ground,1,9.6,Chhattisgarh,Baroda,Ajay Mandal,Vishal Kushwah,Chinta Gandhi,1,0,,,,,,,,,
1244350,2020/21,2021-01-14,F B Colony Ground,1,10.1,Chhattisgarh,Baroda,Ajay Mandal,Vishal Kushwah,KR Kakade,0,0,,,,,,,,,
1244350,2020/21,2021-01-14,F B Colony Ground,1,10.2,Chhattisgarh,Baroda,Ajay Mandal,Vishal Kushwah,KR Kakade,0,0,,,,,,,,,
1244350,2020/21,2021-01-14,F B Colony Ground,1,10.3,Chhattisgarh,Baroda,Ajay Mandal,Vishal Kushwah,KR Kakade,0,0,,,,,,,,,
1244350,2020/21,2021-01-14,F B Colony Ground,1,10.4,Chhattisgarh,Baroda,Ajay Mandal,Vishal Kushwah,KR Kakade,0,0,,,,,,,,,
1244350,2020/21,2021-01-14,F B Colony Ground,1,10.5,Chhattisgarh,Baroda,Ajay Mandal,Vishal Kushwah,KR Kakade,1,0,,,,,,,,,
1244350,2020/21,2021-01-14,F B Colony Ground,1,10.6,Chhattisgarh,Baroda,Vishal Kushwah,Ajay Mandal,KR Kakade,0,1,1,,,,,,,,
1244350,2020/21,2021-01-14,F B Colony Ground,1,10.7,Chhattisgarh,Baroda,Vishal Kushwah,Ajay Mandal,KR Kakade,6,0,,,,,,,,,
1244350,2020/21,2021-01-14,F B Colony Ground,1,11.1,Chhattisgarh,Baroda,Ajay Mandal,Vishal Kushwah,LI Meriwala,0,0,,,,,,caught,Ajay Mandal,,
1244350,2020/21,2021-01-14,F B Colony Ground,1,11.2,Chhattisgarh,Baroda,AG Rao,Vishal Kushwah,LI Meriwala,1,0,,,,,,,,,
1244350,2020/21,2021-01-14,F B Colony Ground,1,11.3,Chhattisgarh,Baroda,Vishal Kushwah,AG Rao,LI Meriwala,0,0,,,,,,caught,Vishal Kushwah,,
1244350,2020/21,2021-01-14,F B Colony Ground,1,11.4,Chhattisgarh,Baroda,Sumit Ruikar,AG Rao,LI Meriwala,0,0,,,,,,,,,
1244350,2020/21,2021-01-14,F B Colony Ground,1,11.5,Chhattisgarh,Baroda,Sumit Ruikar,AG Rao,LI Meriwala,0,0,,,,,,,,,
1244350,2020/21,2021-01-14,F B Colony Ground,1,11.6,Chhattisgarh,Baroda,Sumit Ruikar,AG Rao,LI Meriwala,1,0,,,,,,,,,
1244350,2020/21,2021-01-14,F B Colony Ground,1,12.1,Chhattisgarh,Baroda,Sumit Ruikar,AG Rao,A Sheth,1,0,,,,,,,,,
1244350,2020/21,2021-01-14,F B Colony Ground,1,12.2,Chhattisgarh,Baroda,AG Rao,Sumit Ruikar,A Sheth,0,0,,,,,,,,,
1244350,2020/21,2021-01-14,F B Colony Ground,1,12.3,Chhattisgarh,Baroda,AG Rao,Sumit Ruikar,A Sheth,0,0,,,,,,,,,
1244350,2020/21,2021-01-14,F B Colony Ground,1,12.4,Chhattisgarh,Baroda,AG Rao,Sumit Ruikar,A Sheth,1,0,,,,,,,,,
1244350,2020/21,2021-01-14,F B Colony Ground,1,12.5,Chhattisgarh,Baroda,Sumit Ruikar,AG Rao,A Sheth,4,0,,,,,,,,,
1244350,2020/21,2021-01-14,F B Colony Ground,1,12.6,Chhattisgarh,Baroda,Sumit Ruikar,AG Rao,A Sheth,1,0,,,,,,,,,
1244350,2020/21,2021-01-14,F B Colony Ground,1,13.1,Chhattisgarh,Baroda,Sumit Ruikar,AG Rao,LI Meriwala,1,0,,,,,,,,,
1244350,2020/21,2021-01-14,F B Colony Ground,1,13.2,Chhattisgarh,Baroda,AG Rao,Sumit Ruikar,LI Meriwala,0,0,,,,,,,,,
1244350,2020/21,2021-01-14,F B Colony Ground,1,13.3,Chhattisgarh,Baroda,AG Rao,Sumit Ruikar,LI Meriwala,0,0,,,,,,,,,
1244350,2020/21,2021-01-14,F B Colony Ground,1,13.4,Chhattisgarh,Baroda,AG Rao,Sumit Ruikar,LI Meriwala,1,0,,,,,,,,,
1244350,2020/21,2021-01-14,F B Colony Ground,1,13.5,Chhattisgarh,Baroda,Sumit Ruikar,AG Rao,LI Meriwala,1,0,,,,,,,,,
1244350,2020/21,2021-01-14,F B Colony Ground,1,13.6,Chhattisgarh,Baroda,AG Rao,Sumit Ruikar,LI Meriwala,1,0,,,,,,,,,
1244350,2020/21,2021-01-14,F B Colony Ground,1,14.1,Chhattisgarh,Baroda,AG Rao,Sumit Ruikar,KH Pandya,0,0,,,,,,,,,
1244350,2020/21,2021-01-14,F B Colony Ground,1,14.2,Chhattisgarh,Baroda,AG Rao,Sumit Ruikar,KH Pandya,0,0,,,,,,,,,
1244350,2020/21,2021-01-14,F B Colony Ground,1,14.3,Chhattisgarh,Baroda,AG Rao,Sumit Ruikar,KH Pandya,1,0,,,,,,,,,
1244350,2020/21,2021-01-14,F B Colony Ground,1,14.4,Chhattisgarh,Baroda,Sumit Ruikar,AG Rao,KH Pandya,1,0,,,,,,,,,
1244350,2020/21,2021-01-14,F B Colony Ground,1,14.5,Chhattisgarh,Baroda,AG Rao,Sumit Ruikar,KH Pandya,1,0,,,,,,,,,
1244350,2020/21,2021-01-14,F B Colony Ground,1,14.6,Chhattisgarh,Baroda,Sumit Ruikar,AG Rao,KH Pandya,6,0,,,,,,,,,
1244350,2020/21,2021-01-14,F B Colony Ground,1,15.1,Chhattisgarh,Baroda,AG Rao,Sumit Ruikar,LI Meriwala,0,0,,,,,,,,,
1244350,2020/21,2021-01-14,F B Colony Ground,1,15.2,Chhattisgarh,Baroda,AG Rao,Sumit Ruikar,LI Meriwala,0,0,,,,,,,,,
1244350,2020/21,2021-01-14,F B Colony Ground,1,15.3,Chhattisgarh,Baroda,AG Rao,Sumit Ruikar,LI Meriwala,1,0,,,,,,,,,
1244350,2020/21,2021-01-14,F B Colony Ground,1,15.4,Chhattisgarh,Baroda,Sumit Ruikar,AG Rao,LI Meriwala,1,0,,,,,,,,,
1244350,2020/21,2021-01-14,F B Colony Ground,1,15.5,Chhattisgarh,Baroda,AG Rao,Sumit Ruikar,LI Meriwala,0,0,,,,,,caught,AG Rao,,
1244350,2020/21,2021-01-14,F B Colony Ground,1,15.6,Chhattisgarh,Baroda,V Pratap Singh,Sumit Ruikar,LI Meriwala,0,0,,,,,,,,,
1244350,2020/21,2021-01-14,F B Colony Ground,1,16.1,Chhattisgarh,Baroda,Sumit Ruikar,V Pratap Singh,BA Pathan,0,0,,,,,,,,,
1244350,2020/21,2021-01-14,F B Colony Ground,1,16.2,Chhattisgarh,Baroda,Sumit Ruikar,V Pratap Singh,BA Pathan,1,0,,,,,,,,,
1244350,2020/21,2021-01-14,F B Colony Ground,1,16.3,Chhattisgarh,Baroda,V Pratap Singh,Sumit Ruikar,BA Pathan,0,0,,,,,,,,,
1244350,2020/21,2021-01-14,F B Colony Ground,1,16.4,Chhattisgarh,Baroda,V Pratap Singh,Sumit Ruikar,BA Pathan,0,0,,,,,,,,,
1244350,2020/21,2021-01-14,F B Colony Ground,1,16.5,Chhattisgarh,Baroda,V Pratap Singh,Sumit Ruikar,BA Pathan,0,0,,,,,,,,,
1244350,2020/21,2021-01-14,F B Colony Ground,1,16.6,Chhattisgarh,Baroda,V Pratap Singh,Sumit Ruikar,BA Pathan,1,0,,,,,,,,,
1244350,2020/21,2021-01-14,F B Colony Ground,1,17.1,Chhattisgarh,Baroda,V Pratap Singh,Sumit Ruikar,LI Meriwala,0,0,,,,,,caught,V Pratap Singh,,
1244350,2020/21,2021-01-14,F B Colony Ground,1,17.2,Chhattisgarh,Baroda,Sumit Ruikar,Sourabh Majumdar,LI Meriwala,0,0,,,,,,,,,
1244350,2020/21,2021-01-14,F B Colony Ground,1,17.3,Chhattisgarh,Baroda,Sumit Ruikar,Sourabh Majumdar,LI Meriwala,0,0,,,,,,caught,Sumit Ruikar,,
1244350,2020/21,2021-01-14,F B Colony Ground,2,0.1,Baroda,Chhattisgarh,KH Devdhar,NA Rathva,Sourabh Majumdar,0,0,,,,,,,,,
1244350,2020/21,2021-01-14,F B Colony Ground,2,0.2,Baroda,Chhattisgarh,KH Devdhar,NA Rathva,Sourabh Majumdar,4,0,,,,,,,,,
1244350,2020/21,2021-01-14,F B Colony Ground,2,0.3,Baroda,Chhattisgarh,KH Devdhar,NA Rathva,Sourabh Majumdar,0,0,,,,,,,,,
1244350,2020/21,2021-01-14,F B Colony Ground,2,0.4,Baroda,Chhattisgarh,KH Devdhar,NA Rathva,Sourabh Majumdar,0,0,,,,,,,,,
1244350,2020/21,2021-01-14,F B Colony Ground,2,0.5,Baroda,Chhattisgarh,KH Devdhar,NA Rathva,Sourabh Majumdar,1,0,,,,,,,,,
1244350,2020/21,2021-01-14,F B Colony Ground,2,0.6,Baroda,Chhattisgarh,NA Rathva,KH Devdhar,Sourabh Majumdar,0,0,,,,,,caught,NA Rathva,,
1244350,2020/21,2021-01-14,F B Colony Ground,2,1.1,Baroda,Chhattisgarh,KH Devdhar,Vishnu Solanki,V Pratap Singh,0,0,,,,,,,,,
1244350,2020/21,2021-01-14,F B Colony Ground,2,1.2,Baroda,Chhattisgarh,KH Devdhar,Vishnu Solanki,V Pratap Singh,0,0,,,,,,,,,
1244350,2020/21,2021-01-14,F B Colony Ground,2,1.3,Baroda,Chhattisgarh,KH Devdhar,Vishnu Solanki,V Pratap Singh,4,0,,,,,,,,,
1244350,2020/21,2021-01-14,F B Colony Ground,2,1.4,Baroda,Chhattisgarh,KH Devdhar,Vishnu Solanki,V Pratap Singh,0,0,,,,,,,,,
1244350,2020/21,2021-01-14,F B Colony Ground,2,1.5,Baroda,Chhattisgarh,KH Devdhar,Vishnu Solanki,V Pratap Singh,0,0,,,,,,,,,
1244350,2020/21,2021-01-14,F B Colony Ground,2,1.6,Baroda,Chhattisgarh,KH Devdhar,Vishnu Solanki,V Pratap Singh,1,0,,,,,,,,,
1244350,2020/21,2021-01-14,F B Colony Ground,2,2.1,Baroda,Chhattisgarh,KH Devdhar,Vishnu Solanki,Sourabh Majumdar,1,0,,,,,,,,,
1244350,2020/21,2021-01-14,F B Colony Ground,2,2.2,Baroda,Chhattisgarh,Vishnu Solanki,KH Devdhar,Sourabh Majumdar,0,0,,,,,,,,,
1244350,2020/21,2021-01-14,F B Colony Ground,2,2.3,Baroda,Chhattisgarh,Vishnu Solanki,KH Devdhar,Sourabh Majumdar,1,0,,,,,,,,,
1244350,2020/21,2021-01-14,F B Colony Ground,2,2.4,Baroda,Chhattisgarh,KH Devdhar,Vishnu Solanki,Sourabh Majumdar,1,0,,,,,,,,,
1244350,2020/21,2021-01-14,F B Colony Ground,2,2.5,Baroda,Chhattisgarh,Vishnu Solanki,KH Devdhar,Sourabh Majumdar,0,0,,,,,,,,,
1244350,2020/21,2021-01-14,F B Colony Ground,2,2.6,Baroda,Chhattisgarh,Vishnu Solanki,KH Devdhar,Sourabh Majumdar,4,0,,,,,,,,,
1244350,2020/21,2021-01-14,F B Colony Ground,2,3.1,Baroda,Chhattisgarh,KH Devdhar,Vishnu Solanki,V Pratap Singh,4,0,,,,,,,,,
1244350,2020/21,2021-01-14,F B Colony Ground,2,3.2,Baroda,Chhattisgarh,KH Devdhar,Vishnu Solanki,V Pratap Singh,0,0,,,,,,,,,
1244350,2020/21,2021-01-14,F B Colony Ground,2,3.3,Baroda,Chhattisgarh,KH Devdhar,Vishnu Solanki,V Pratap Singh,1,0,,,,,,,,,
1244350,2020/21,2021-01-14,F B Colony Ground,2,3.4,Baroda,Chhattisgarh,Vishnu Solanki,KH Devdhar,V Pratap Singh,1,0,,,,,,,,,
1244350,2020/21,2021-01-14,F B Colony Ground,2,3.5,Baroda,Chhattisgarh,KH Devdhar,Vishnu Solanki,V Pratap Singh,4,0,,,,,,,,,
1244350,2020/21,2021-01-14,F B Colony Ground,2,3.6,Baroda,Chhattisgarh,KH Devdhar,Vishnu Solanki,V Pratap Singh,0,0,,,,,,,,,
1244350,2020/21,2021-01-14,F B Colony Ground,2,4.1,Baroda,Chhattisgarh,Vishnu Solanki,KH Devdhar,Ajay Mandal,0,0,,,,,,,,,
1244350,2020/21,2021-01-14,F B Colony Ground,2,4.2,Baroda,Chhattisgarh,Vishnu Solanki,KH Devdhar,Ajay Mandal,0,0,,,,,,,,,
1244350,2020/21,2021-01-14,F B Colony Ground,2,4.3,Baroda,Chhattisgarh,Vishnu Solanki,KH Devdhar,Ajay Mandal,4,0,,,,,,,,,
1244350,2020/21,2021-01-14,F B Colony Ground,2,4.4,Baroda,Chhattisgarh,Vishnu Solanki,KH Devdhar,Ajay Mandal,0,0,,,,,,,,,
1244350,2020/21,2021-01-14,F B Colony Ground,2,4.5,Baroda,Chhattisgarh,Vishnu Solanki,KH Devdhar,Ajay Mandal,6,0,,,,,,,,,
1244350,2020/21,2021-01-14,F B Colony Ground,2,4.6,Baroda,Chhattisgarh,Vishnu Solanki,KH Devdhar,Ajay Mandal,0,0,,,,,,,,,
1244350,2020/21,2021-01-14,F B Colony Ground,2,5.1,Baroda,Chhattisgarh,KH Devdhar,Vishnu Solanki,AG Rao,1,0,,,,,,,,,
1244350,2020/21,2021-01-14,F B Colony Ground,2,5.2,Baroda,Chhattisgarh,Vishnu Solanki,KH Devdhar,AG Rao,1,0,,,,,,,,,
1244350,2020/21,2021-01-14,F B Colony Ground,2,5.3,Baroda,Chhattisgarh,KH Devdhar,Vishnu Solanki,AG Rao,1,0,,,,,,,,,
1244350,2020/21,2021-01-14,F B Colony Ground,2,5.4,Baroda,Chhattisgarh,Vishnu Solanki,KH Devdhar,AG Rao,4,0,,,,,,,,,
1244350,2020/21,2021-01-14,F B Colony Ground,2,5.5,Baroda,Chhattisgarh,Vishnu Solanki,KH Devdhar,AG Rao,1,0,,,,,,,,,
1244350,2020/21,2021-01-14,F B Colony Ground,2,5.6,Baroda,Chhattisgarh,KH Devdhar,Vishnu Solanki,AG Rao,0,0,,,,,,,,,
1244350,2020/21,2021-01-14,F B Colony Ground,2,6.1,Baroda,Chhattisgarh,Vishnu Solanki,KH Devdhar,Ajay Mandal,1,0,,,,,,,,,
1244350,2020/21,2021-01-14,F B Colony Ground,2,6.2,Baroda,Chhattisgarh,KH Devdhar,Vishnu Solanki,Ajay Mandal,0,0,,,,,,,,,
1244350,2020/21,2021-01-14,F B Colony Ground,2,6.3,Baroda,Chhattisgarh,KH Devdhar,Vishnu Solanki,Ajay Mandal,0,0,,,,,,,,,
1244350,2020/21,2021-01-14,F B Colony Ground,2,6.4,Baroda,Chhattisgarh,KH Devdhar,Vishnu Solanki,Ajay Mandal,1,0,,,,,,,,,
1244350,2020/21,2021-01-14,F B Colony Ground,2,6.5,Baroda,Chhattisgarh,Vishnu Solanki,KH Devdhar,Ajay Mandal,1,0,,,,,,,,,
1244350,2020/21,2021-01-14,F B Colony Ground,2,6.6,Baroda,Chhattisgarh,KH Devdhar,Vishnu Solanki,Ajay Mandal,4,0,,,,,,,,,
1244350,2020/21,2021-01-14,F B Colony Ground,2,7.1,Baroda,Chhattisgarh,Vishnu Solanki,KH Devdhar,Sumit Ruikar,1,0,,,,,,,,,
1244350,2020/21,2021-01-14,F B Colony Ground,2,7.2,Baroda,Chhattisgarh,KH Devdhar,Vishnu Solanki,Sumit Ruikar,0,4,,,4,,,,,,
1244350,2020/21,2021-01-14,F B Colony Ground,2,7.3,Baroda,Chhattisgarh,KH Devdhar,Vishnu Solanki,Sumit Ruikar,0,0,,,,,,,,,
1244350,2020/21,2021-01-14,F B Colony Ground,2,7.4,Baroda,Chhattisgarh,KH Devdhar,Vishnu Solanki,Sumit Ruikar,1,0,,,,,,,,,
1244350,2020/21,2021-01-14,F B Colony Ground,2,7.5,Baroda,Chhattisgarh,Vishnu Solanki,KH Devdhar,Sumit Ruikar,0,0,,,,,,,,,
1244350,2020/21,2021-01-14,F B Colony Ground,2,7.6,Baroda,Chhattisgarh,Vishnu Solanki,KH Devdhar,Sumit Ruikar,0,0,,,,,,,,,
1244350,2020/21,2021-01-14,F B Colony Ground,2,8.1,Baroda,Chhattisgarh,KH Devdhar,Vishnu Solanki,Ajay Mandal,0,0,,,,,,,,,
1244350,2020/21,2021-01-14,F B Colony Ground,2,8.2,Baroda,Chhattisgarh,KH Devdhar,Vishnu Solanki,Ajay Mandal,1,0,,,,,,,,,
1244350,2020/21,2021-01-14,F B Colony Ground,2,8.3,Baroda,Chhattisgarh,Vishnu Solanki,KH Devdhar,Ajay Mandal,2,0,,,,,,,,,
1244350,2020/21,2021-01-14,F B Colony Ground,2,8.4,Baroda,Chhattisgarh,Vishnu Solanki,KH Devdhar,Ajay Mandal,1,0,,,,,,,,,
1244350,2020/21,2021-01-14,F B Colony Ground,2,8.5,Baroda,Chhattisgarh,KH Devdhar,Vishnu Solanki,Ajay Mandal,1,0,,,,,,,,,
1244350,2020/21,2021-01-14,F B Colony Ground,2,8.6,Baroda,Chhattisgarh,Vishnu Solanki,KH Devdhar,Ajay Mandal,1,0,,,,,,,,,
1244350,2020/21,2021-01-14,F B Colony Ground,2,9.1,Baroda,Chhattisgarh,Vishnu Solanki,KH Devdhar,Sumit Ruikar,0,0,,,,,,,,,
1244350,2020/21,2021-01-14,F B Colony Ground,2,9.2,Baroda,Chhattisgarh,Vishnu Solanki,KH Devdhar,Sumit Ruikar,0,0,,,,,,,,,
1244350,2020/21,2021-01-14,F B Colony Ground,2,9.3,Baroda,Chhattisgarh,Vishnu Solanki,KH Devdhar,Sumit Ruikar,4,0,,,,,,,,,
1244350,2020/21,2021-01-14,F B Colony Ground,2,9.4,Baroda,Chhattisgarh,Vishnu Solanki,KH Devdhar,Sumit Ruikar,1,0,,,,,,,,,
1244350,2020/21,2021-01-14,F B Colony Ground,2,9.5,Baroda,Chhattisgarh,KH Devdhar,Vishnu Solanki,Sumit Ruikar,0,0,,,,,,,,,
1244350,2020/21,2021-01-14,F B Colony Ground,2,9.6,Baroda,Chhattisgarh,KH Devdhar,Vishnu Solanki,Sumit Ruikar,1,0,,,,,,,,,
1244350,2020/21,2021-01-14,F B Colony Ground,2,10.1,Baroda,Chhattisgarh,KH Devdhar,Vishnu Solanki,Harpreet Singh,4,0,,,,,,,,,
1244350,2020/21,2021-01-14,F B Colony Ground,2,10.2,Baroda,Chhattisgarh,KH Devdhar,Vishnu Solanki,Harpreet Singh,0,0,,,,,,,,,
1244350,2020/21,2021-01-14,F B Colony Ground,2,10.3,Baroda,Chhattisgarh,KH Devdhar,Vishnu Solanki,Harpreet Singh,4,0,,,,,,,,,
1244350,2020/21,2021-01-14,F B Colony Ground,2,10.4,Baroda,Chhattisgarh,KH Devdhar,Vishnu Solanki,Harpreet Singh,0,1,,,,1,,,,,
1244350,2020/21,2021-01-14,F B Colony Ground,2,10.5,Baroda,Chhattisgarh,Vishnu Solanki,KH Devdhar,Harpreet Singh,0,0,,,,,,,,,
1244350,2020/21,2021-01-14,F B Colony Ground,2,10.6,Baroda,Chhattisgarh,Vishnu Solanki,KH Devdhar,Harpreet Singh,1,0,,,,,,,,,
1244350,2020/21,2021-01-14,F B Colony Ground,2,11.1,Baroda,Chhattisgarh,Vishnu Solanki,KH Devdhar,V Pratap Singh,0,0,,,,,,,,,
1244350,2020/21,2021-01-14,F B Colony Ground,2,11.2,Baroda,Chhattisgarh,Vishnu Solanki,KH Devdhar,V Pratap Singh,1,0,,,,,,,,,
1244350,2020/21,2021-01-14,F B Colony Ground,2,11.3,Baroda,Chhattisgarh,KH Devdhar,Vishnu Solanki,V Pratap Singh,1,0,,,,,,,,,
1244350,2020/21,2021-01-14,F B Colony Ground,2,11.4,Baroda,Chhattisgarh,Vishnu Solanki,KH Devdhar,V Pratap Singh,1,0,,,,,,,,,
1244350,2020/21,2021-01-14,F B Colony Ground,2,11.5,Baroda,Chhattisgarh,KH Devdhar,Vishnu Solanki,V Pratap Singh,1,0,,,,,,,,,
1244350,2020/21,2021-01-14,F B Colony Ground,2,11.6,Baroda,Chhattisgarh,Vishnu Solanki,KH Devdhar,V Pratap Singh,4,0,,,,,,,,,
1244350,2020/21,2021-01-14,F B Colony Ground,2,12.1,Baroda,Chhattisgarh,KH Devdhar,Vishnu Solanki,Harpreet Singh,1,0,,,,,,,,,
1244350,2020/21,2021-01-14,F B Colony Ground,2,12.2,Baroda,Chhattisgarh,Vishnu Solanki,KH Devdhar,Harpreet Singh,1,0,,,,,,,,,
1244350,2020/21,2021-01-14,F B Colony Ground,2,12.3,Baroda,Chhattisgarh,KH Devdhar,Vishnu Solanki,Harpreet Singh,1,0,,,,,,,,,
