match_id,season,start_date,venue,innings,ball,batting_team,bowling_team,striker,non_striker,bowler,runs_off_bat,extras,wides,noballs,byes,legbyes,penalty,wicket_type,player_dismissed,other_wicket_type,other_player_dismissed
1244349,2020/21,2021-01-14,Eden Gardens,1,0.1,Hyderabad (India),Bengal,Tanmay Agarwal,Pragnay Reddy,Arnab Nandi,0,0,,,,,,,,,
1244349,2020/21,2021-01-14,Eden Gardens,1,0.2,Hyderabad (India),Bengal,Tanmay Agarwal,Pragnay Reddy,Arnab Nandi,4,0,,,,,,,,,
1244349,2020/21,2021-01-14,Eden Gardens,1,0.3,Hyderabad (India),Bengal,Tanmay Agarwal,Pragnay Reddy,Arnab Nandi,0,0,,,,,,,,,
1244349,2020/21,2021-01-14,Eden Gardens,1,0.4,Hyderabad (India),Bengal,Tanmay Agarwal,Pragnay Reddy,Arnab Nandi,1,0,,,,,,,,,
1244349,2020/21,2021-01-14,Eden Gardens,1,0.5,Hyderabad (India),Bengal,Pragnay Reddy,Tanmay Agarwal,Arnab Nandi,0,0,,,,,,,,,
1244349,2020/21,2021-01-14,Eden Gardens,1,0.6,Hyderabad (India),Bengal,Pragnay Reddy,Tanmay Agarwal,Arnab Nandi,0,0,,,,,,,,,
1244349,2020/21,2021-01-14,Eden Gardens,1,1.1,Hyderabad (India),Bengal,Tanmay Agarwal,Pragnay Reddy,IC Porel,1,0,,,,,,,,,
1244349,2020/21,2021-01-14,Eden Gardens,1,1.2,Hyderabad (India),Bengal,Pragnay Reddy,Tanmay Agarwal,IC Porel,0,0,,,,,,,,,
1244349,2020/21,2021-01-14,Eden Gardens,1,1.3,Hyderabad (India),Bengal,Pragnay Reddy,Tanmay Agarwal,IC Porel,0,0,,,,,,caught,Pragnay Reddy,,
1244349,2020/21,2021-01-14,Eden Gardens,1,1.4,Hyderabad (India),Bengal,Tanmay Agarwal,Tilak Varma,IC Porel,0,0,,,,,,,,,
1244349,2020/21,2021-01-14,Eden Gardens,1,1.5,Hyderabad (India),Bengal,Tanmay Agarwal,Tilak Varma,IC Porel,4,0,,,,,,,,,
1244349,2020/21,2021-01-14,Eden Gardens,1,1.6,Hyderabad (India),Bengal,Tanmay Agarwal,Tilak Varma,IC Porel,0,0,,,,,,,,,
1244349,2020/21,2021-01-14,Eden Gardens,1,2.1,Hyderabad (India),Bengal,Tilak Varma,Tanmay Agarwal,Akash Deep,4,0,,,,,,,,,
1244349,2020/21,2021-01-14,Eden Gardens,1,2.2,Hyderabad (India),Bengal,Tilak Varma,Tanmay Agarwal,Akash Deep,4,0,,,,,,,,,
1244349,2020/21,2021-01-14,Eden Gardens,1,2.3,Hyderabad (India),Bengal,Tilak Varma,Tanmay Agarwal,Akash Deep,0,0,,,,,,,,,
1244349,2020/21,2021-01-14,Eden Gardens,1,2.4,Hyderabad (India),Bengal,Tilak Varma,Tanmay Agarwal,Akash Deep,1,0,,,,,,,,,
1244349,2020/21,2021-01-14,Eden Gardens,1,2.5,Hyderabad (India),Bengal,Tanmay Agarwal,Tilak Varma,Akash Deep,0,0,,,,,,,,,
1244349,2020/21,2021-01-14,Eden Gardens,1,2.6,Hyderabad (India),Bengal,Tanmay Agarwal,Tilak Varma,Akash Deep,0,0,,,,,,,,,
1244349,2020/21,2021-01-14,Eden Gardens,1,3.1,Hyderabad (India),Bengal,Tilak Varma,Tanmay Agarwal,IC Porel,1,0,,,,,,,,,
1244349,2020/21,2021-01-14,Eden Gardens,1,3.2,Hyderabad (India),Bengal,Tanmay Agarwal,Tilak Varma,IC Porel,0,0,,,,,,,,,
1244349,2020/21,2021-01-14,Eden Gardens,1,3.3,Hyderabad (India),Bengal,Tanmay Agarwal,Tilak Varma,IC Porel,1,0,,,,,,,,,
1244349,2020/21,2021-01-14,Eden Gardens,1,3.4,Hyderabad (India),Bengal,Tilak Varma,Tanmay Agarwal,IC Porel,0,0,,,,,,,,,
1244349,2020/21,2021-01-14,Eden Gardens,1,3.5,Hyderabad (India),Bengal,Tilak Varma,Tanmay Agarwal,IC Porel,1,0,,,,,,,,,
1244349,2020/21,2021-01-14,Eden Gardens,1,3.6,Hyderabad (India),Bengal,Tanmay Agarwal,Tilak Varma,IC Porel,1,0,,,,,,,,,
1244349,2020/21,2021-01-14,Eden Gardens,1,4.1,Hyderabad (India),Bengal,Tanmay Agarwal,Tilak Varma,Mukesh Kumar,4,0,,,,,,,,,
1244349,2020/21,2021-01-14,Eden Gardens,1,4.2,Hyderabad (India),Bengal,Tanmay Agarwal,Tilak Varma,Mukesh Kumar,1,0,,,,,,,,,
1244349,2020/21,2021-01-14,Eden Gardens,1,4.3,Hyderabad (India),Bengal,Tilak Varma,Tanmay Agarwal,Mukesh Kumar,4,0,,,,,,,,,
1244349,2020/21,2021-01-14,Eden Gardens,1,4.4,Hyderabad (India),Bengal,Tilak Varma,Tanmay Agarwal,Mukesh Kumar,1,0,,,,,,,,,
1244349,2020/21,2021-01-14,Eden Gardens,1,4.5,Hyderabad (India),Bengal,Tanmay Agarwal,Tilak Varma,Mukesh Kumar,0,4,,,4,,,,,,
1244349,2020/21,2021-01-14,Eden Gardens,1,4.6,Hyderabad (India),Bengal,Tanmay Agarwal,Tilak Varma,Mukesh Kumar,1,0,,,,,,,,,
1244349,2020/21,2021-01-14,Eden Gardens,1,5.1,Hyderabad (India),Bengal,Tanmay Agarwal,Tilak Varma,Arnab Nandi,0,0,,,,,,,,,
1244349,2020/21,2021-01-14,Eden Gardens,1,5.2,Hyderabad (India),Bengal,Tanmay Agarwal,Tilak Varma,Arnab Nandi,1,0,,,,,,,,,
1244349,2020/21,2021-01-14,Eden Gardens,1,5.3,Hyderabad (India),Bengal,Tilak Varma,Tanmay Agarwal,Arnab Nandi,0,0,,,,,,,,,
1244349,2020/21,2021-01-14,Eden Gardens,1,5.4,Hyderabad (India),Bengal,Tilak Varma,Tanmay Agarwal,Arnab Nandi,1,0,,,,,,,,,
1244349,2020/21,2021-01-14,Eden Gardens,1,5.5,Hyderabad (India),Bengal,Tanmay Agarwal,Tilak Varma,Arnab Nandi,0,0,,,,,,,,,
1244349,2020/21,2021-01-14,Eden Gardens,1,5.6,Hyderabad (India),Bengal,Tanmay Agarwal,Tilak Varma,Arnab Nandi,0,0,,,,,,lbw,Tanmay Agarwal,,
1244349,2020/21,2021-01-14,Eden Gardens,1,6.1,Hyderabad (India),Bengal,Tilak Varma,Bavanaka Sandeep,Writtick Chatterjee,1,0,,,,,,,,,
1244349,2020/21,2021-01-14,Eden Gardens,1,6.2,Hyderabad (India),Bengal,Bavanaka Sandeep,Tilak Varma,Writtick Chatterjee,4,0,,,,,,,,,
1244349,2020/21,2021-01-14,Eden Gardens,1,6.3,Hyderabad (India),Bengal,Bavanaka Sandeep,Tilak Varma,Writtick Chatterjee,1,0,,,,,,,,,
1244349,2020/21,2021-01-14,Eden Gardens,1,6.4,Hyderabad (India),Bengal,Tilak Varma,Bavanaka Sandeep,Writtick Chatterjee,1,0,,,,,,,,,
1244349,2020/21,2021-01-14,Eden Gardens,1,6.5,Hyderabad (India),Bengal,Bavanaka Sandeep,Tilak Varma,Writtick Chatterjee,1,0,,,,,,,,,
1244349,2020/21,2021-01-14,Eden Gardens,1,6.6,Hyderabad (India),Bengal,Tilak Varma,Bavanaka Sandeep,Writtick Chatterjee,1,0,,,,,,,,,
1244349,2020/21,2021-01-14,Eden Gardens,1,7.1,Hyderabad (India),Bengal,Tilak Varma,Bavanaka Sandeep,Arnab Nandi,1,0,,,,,,,,,
1244349,2020/21,2021-01-14,Eden Gardens,1,7.2,Hyderabad (India),Bengal,Bavanaka Sandeep,Tilak Varma,Arnab Nandi,1,0,,,,,,,,,
1244349,2020/21,2021-01-14,Eden Gardens,1,7.3,Hyderabad (India),Bengal,Tilak Varma,Bavanaka Sandeep,Arnab Nandi,1,0,,,,,,,,,
1244349,2020/21,2021-01-14,Eden Gardens,1,7.4,Hyderabad (India),Bengal,Bavanaka Sandeep,Tilak Varma,Arnab Nandi,1,0,,,,,,,,,
1244349,2020/21,2021-01-14,Eden Gardens,1,7.5,Hyderabad (India),Bengal,Tilak Varma,Bavanaka Sandeep,Arnab Nandi,4,0,,,,,,,,,
1244349,2020/21,2021-01-14,Eden Gardens,1,7.6,Hyderabad (India),Bengal,Tilak Varma,Bavanaka Sandeep,Arnab Nandi,4,0,,,,,,,,,
1244349,2020/21,2021-01-14,Eden Gardens,1,8.1,Hyderabad (India),Bengal,Bavanaka Sandeep,Tilak Varma,Mukesh Kumar,1,0,,,,,,,,,
1244349,2020/21,2021-01-14,Eden Gardens,1,8.2,Hyderabad (India),Bengal,Tilak Varma,Bavanaka Sandeep,Mukesh Kumar,1,0,,,,,,,,,
1244349,2020/21,2021-01-14,Eden Gardens,1,8.3,Hyderabad (India),Bengal,Bavanaka Sandeep,Tilak Varma,Mukesh Kumar,0,0,,,,,,,,,
1244349,2020/21,2021-01-14,Eden Gardens,1,8.4,Hyderabad (India),Bengal,Bavanaka Sandeep,Tilak Varma,Mukesh Kumar,4,0,,,,,,,,,
1244349,2020/21,2021-01-14,Eden Gardens,1,8.5,Hyderabad (India),Bengal,Bavanaka Sandeep,Tilak Varma,Mukesh Kumar,1,0,,,,,,,,,
1244349,2020/21,2021-01-14,Eden Gardens,1,8.6,Hyderabad (India),Bengal,Tilak Varma,Bavanaka Sandeep,Mukesh Kumar,1,0,,,,,,,,,
1244349,2020/21,2021-01-14,Eden Gardens,1,9.1,Hyderabad (India),Bengal,Tilak Varma,Bavanaka Sandeep,Writtick Chatterjee,1,0,,,,,,,,,
1244349,2020/21,2021-01-14,Eden Gardens,1,9.2,Hyderabad (India),Bengal,Bavanaka Sandeep,Tilak Varma,Writtick Chatterjee,1,0,,,,,,,,,
1244349,2020/21,2021-01-14,Eden Gardens,1,9.3,Hyderabad (India),Bengal,Tilak Varma,Bavanaka Sandeep,Writtick Chatterjee,4,0,,,,,,,,,
1244349,2020/21,2021-01-14,Eden Gardens,1,9.4,Hyderabad (India),Bengal,Tilak Varma,Bavanaka Sandeep,Writtick Chatterjee,1,0,,,,,,,,,
1244349,2020/21,2021-01-14,Eden Gardens,1,9.5,Hyderabad (India),Bengal,Bavanaka Sandeep,Tilak Varma,Writtick Chatterjee,1,0,,,,,,,,,
1244349,2020/21,2021-01-14,Eden Gardens,1,9.6,Hyderabad (India),Bengal,Tilak Varma,Bavanaka Sandeep,Writtick Chatterjee,2,0,,,,,,,,,
1244349,2020/21,2021-01-14,Eden Gardens,1,10.1,Hyderabad (India),Bengal,Bavanaka Sandeep,Tilak Varma,MK Tiwary,2,0,,,,,,,,,
1244349,2020/21,2021-01-14,Eden Gardens,1,10.2,Hyderabad (India),Bengal,Bavanaka Sandeep,Tilak Varma,MK Tiwary,1,0,,,,,,,,,
1244349,2020/21,2021-01-14,Eden Gardens,1,10.3,Hyderabad (India),Bengal,Tilak Varma,Bavanaka Sandeep,MK Tiwary,1,0,,,,,,,,,
1244349,2020/21,2021-01-14,Eden Gardens,1,10.4,Hyderabad (India),Bengal,Bavanaka Sandeep,Tilak Varma,MK Tiwary,1,0,,,,,,,,,
1244349,2020/21,2021-01-14,Eden Gardens,1,10.5,Hyderabad (India),Bengal,Tilak Varma,Bavanaka Sandeep,MK Tiwary,2,0,,,,,,,,,
1244349,2020/21,2021-01-14,Eden Gardens,1,10.6,Hyderabad (India),Bengal,Tilak Varma,Bavanaka Sandeep,MK Tiwary,1,0,,,,,,,,,
1244349,2020/21,2021-01-14,Eden Gardens,1,11.1,Hyderabad (India),Bengal,Tilak Varma,Bavanaka Sandeep,Akash Deep,6,0,,,,,,,,,
1244349,2020/21,2021-01-14,Eden Gardens,1,11.2,Hyderabad (India),Bengal,Tilak Varma,Bavanaka Sandeep,Akash Deep,0,0,,,,,,,,,
1244349,2020/21,2021-01-14,Eden Gardens,1,11.3,Hyderabad (India),Bengal,Tilak Varma,Bavanaka Sandeep,Akash Deep,0,0,,,,,,caught,Tilak Varma,,
1244349,2020/21,2021-01-14,Eden Gardens,1,11.4,Hyderabad (India),Bengal,Rahul Buddhi,Bavanaka Sandeep,Akash Deep,0,0,,,,,,,,,
1244349,2020/21,2021-01-14,Eden Gardens,1,11.5,Hyderabad (India),Bengal,Rahul Buddhi,Bavanaka Sandeep,Akash Deep,1,0,,,,,,,,,
1244349,2020/21,2021-01-14,Eden Gardens,1,11.6,Hyderabad (India),Bengal,Bavanaka Sandeep,Rahul Buddhi,Akash Deep,0,0,,,,,,caught,Bavanaka Sandeep,,
1244349,2020/21,2021-01-14,Eden Gardens,1,12.1,Hyderabad (India),Bengal,Himalay Agarwal,Rahul Buddhi,MK Tiwary,1,0,,,,,,,,,
1244349,2020/21,2021-01-14,Eden Gardens,1,12.2,Hyderabad (India),Bengal,Rahul Buddhi,Himalay Agarwal,MK Tiwary,1,0,,,,,,,,,
1244349,2020/21,2021-01-14,Eden Gardens,1,12.3,Hyderabad (India),Bengal,Himalay Agarwal,Rahul Buddhi,MK Tiwary,0,0,,,,,,,,,
1244349,2020/21,2021-01-14,Eden Gardens,1,12.4,Hyderabad (India),Bengal,Himalay Agarwal,Rahul Buddhi,MK Tiwary,1,0,,,,,,,,,
1244349,2020/21,2021-01-14,Eden Gardens,1,12.5,Hyderabad (India),Bengal,Rahul Buddhi,Himalay Agarwal,MK Tiwary,4,0,,,,,,,,,
1244349,2020/21,2021-01-14,Eden Gardens,1,12.6,Hyderabad (India),Bengal,Rahul Buddhi,Himalay Agarwal,MK Tiwary,1,0,,,,,,,,,
1244349,2020/21,2021-01-14,Eden Gardens,1,13.1,Hyderabad (India),Bengal,Rahul Buddhi,Himalay Agarwal,Shahbaz Ahmed,1,0,,,,,,,,,
1244349,2020/21,2021-01-14,Eden Gardens,1,13.2,Hyderabad (India),Bengal,Himalay Agarwal,Rahul Buddhi,Shahbaz Ahmed,1,0,,,,,,,,,
1244349,2020/21,2021-01-14,Eden Gardens,1,13.3,Hyderabad (India),Bengal,Rahul Buddhi,Himalay Agarwal,Shahbaz Ahmed,4,0,,,,,,,,,
1244349,2020/21,2021-01-14,Eden Gardens,1,13.4,Hyderabad (India),Bengal,Rahul Buddhi,Himalay Agarwal,Shahbaz Ahmed,1,0,,,,,,,,,
1244349,2020/21,2021-01-14,Eden Gardens,1,13.5,Hyderabad (India),Bengal,Himalay Agarwal,Rahul Buddhi,Shahbaz Ahmed,0,1,,,,1,,,,,
1244349,2020/21,2021-01-14,Eden Gardens,1,13.6,Hyderabad (India),Bengal,Rahul Buddhi,Himalay Agarwal,Shahbaz Ahmed,0,0,,,,,,caught,Rahul Buddhi,,
1244349,2020/21,2021-01-14,Eden Gardens,1,14.1,Hyderabad (India),Bengal,Himalay Agarwal,Ravi Teja,Mukesh Kumar,0,0,,,,,,,,,
1244349,2020/21,2021-01-14,Eden Gardens,1,14.2,Hyderabad (India),Bengal,Himalay Agarwal,Ravi Teja,Mukesh Kumar,1,0,,,,,,,,,
1244349,2020/21,2021-01-14,Eden Gardens,1,14.3,Hyderabad (India),Bengal,Ravi Teja,Himalay Agarwal,Mukesh Kumar,0,0,,,,,,,,,
1244349,2020/21,2021-01-14,Eden Gardens,1,14.4,Hyderabad (India),Bengal,Ravi Teja,Himalay Agarwal,Mukesh Kumar,0,0,,,,,,,,,
1244349,2020/21,2021-01-14,Eden Gardens,1,14.5,Hyderabad (India),Bengal,Ravi Teja,Himalay Agarwal,Mukesh Kumar,0,0,,,,,,,,,
1244349,2020/21,2021-01-14,Eden Gardens,1,14.6,Hyderabad (India),Bengal,Ravi Teja,Himalay Agarwal,Mukesh Kumar,1,0,,,,,,,,,
1244349,2020/21,2021-01-14,Eden Gardens,1,15.1,Hyderabad (India),Bengal,Ravi Teja,Himalay Agarwal,Akash Deep,0,0,,,,,,caught,Ravi Teja,,
1244349,2020/21,2021-01-14,Eden Gardens,1,15.2,Hyderabad (India),Bengal,Tanay Thyagarajan,Himalay Agarwal,Akash Deep,0,0,,,,,,,,,
1244349,2020/21,2021-01-14,Eden Gardens,1,15.3,Hyderabad (India),Bengal,Tanay Thyagarajan,Himalay Agarwal,Akash Deep,4,0,,,,,,,,,
1244349,2020/21,2021-01-14,Eden Gardens,1,15.4,Hyderabad (India),Bengal,Tanay Thyagarajan,Himalay Agarwal,Akash Deep,1,0,,,,,,,,,
1244349,2020/21,2021-01-14,Eden Gardens,1,15.5,Hyderabad (India),Bengal,Himalay Agarwal,Tanay Thyagarajan,Akash Deep,0,1,1,,,,,,,,
1244349,2020/21,2021-01-14,Eden Gardens,1,15.6,Hyderabad (India),Bengal,Himalay Agarwal,Tanay Thyagarajan,Akash Deep,0,0,,,,,,,,,
1244349,2020/21,2021-01-14,Eden Gardens,1,15.7,Hyderabad (India),Bengal,Himalay Agarwal,Tanay Thyagarajan,Akash Deep,0,0,,,,,,,,,
1244349,2020/21,2021-01-14,Eden Gardens,1,16.1,Hyderabad (India),Bengal,Tanay Thyagarajan,Himalay Agarwal,Mukesh Kumar,0,0,,,,,,,,,
1244349,2020/21,2021-01-14,Eden Gardens,1,16.2,Hyderabad (India),Bengal,Tanay Thyagarajan,Himalay Agarwal,Mukesh Kumar,0,1,1,,,,,,,,
1244349,2020/21,2021-01-14,Eden Gardens,1,16.3,Hyderabad (India),Bengal,Tanay Thyagarajan,Himalay Agarwal,Mukesh Kumar,1,0,,,,,,,,,
1244349,2020/21,2021-01-14,Eden Gardens,1,16.4,Hyderabad (India),Bengal,Himalay Agarwal,Tanay Thyagarajan,Mukesh Kumar,1,0,,,,,,,,,
1244349,2020/21,2021-01-14,Eden Gardens,1,16.5,Hyderabad (India),Bengal,Tanay Thyagarajan,Himalay Agarwal,Mukesh Kumar,1,0,,,,,,,,,
1244349,2020/21,2021-01-14,Eden Gardens,1,16.6,Hyderabad (India),Bengal,Himalay Agarwal,Tanay Thyagarajan,Mukesh Kumar,6,0,,,,,,,,,
1244349,2020/21,2021-01-14,Eden Gardens,1,16.7,Hyderabad (India),Bengal,Himalay Agarwal,Tanay Thyagarajan,Mukesh Kumar,1,0,,,,,,,,,
1244349,2020/21,2021-01-14,Eden Gardens,1,17.1,Hyderabad (India),Bengal,Himalay Agarwal,Tanay Thyagarajan,IC Porel,0,1,1,,,,,,,,
1244349,2020/21,2021-01-14,Eden Gardens,1,17.2,Hyderabad (India),Bengal,Himalay Agarwal,Tanay Thyagarajan,IC Porel,1,0,,,,,,,,,
1244349,2020/21,2021-01-14,Eden Gardens,1,17.3,Hyderabad (India),Bengal,Tanay Thyagarajan,Himalay Agarwal,IC Porel,1,0,,,,,,,,,
1244349,2020/21,2021-01-14,Eden Gardens,1,17.4,Hyderabad (India),Bengal,Himalay Agarwal,Tanay Thyagarajan,IC Porel,1,0,,,,,,,,,
1244349,2020/21,2021-01-14,Eden Gardens,1,17.5,Hyderabad (India),Bengal,Tanay Thyagarajan,Himalay Agarwal,IC Porel,0,0,,,,,,caught,Tanay Thyagarajan,,
1244349,2020/21,2021-01-14,Eden Gardens,1,17.6,Hyderabad (India),Bengal,Himalay Agarwal,CV Milind,IC Porel,1,0,,,,,,,,,
1244349,2020/21,2021-01-14,Eden Gardens,1,17.7,Hyderabad (India),Bengal,CV Milind,Himalay Agarwal,IC Porel,4,0,,,,,,,,,
1244349,2020/21,2021-01-14,Eden Gardens,1,18.1,Hyderabad (India),Bengal,Himalay Agarwal,CV Milind,Akash Deep,6,0,,,,,,,,,
1244349,2020/21,2021-01-14,Eden Gardens,1,18.2,Hyderabad (India),Bengal,Himalay Agarwal,CV Milind,Akash Deep,4,0,,,,,,,,,
1244349,2020/21,2021-01-14,Eden Gardens,1,18.3,Hyderabad (India),Bengal,Himalay Agarwal,CV Milind,Akash Deep,2,0,,,,,,,,,
1244349,2020/21,2021-01-14,Eden Gardens,1,18.4,Hyderabad (India),Bengal,Himalay Agarwal,CV Milind,Akash Deep,0,0,,,,,,caught,Himalay Agarwal,,
1244349,2020/21,2021-01-14,Eden Gardens,1,18.5,Hyderabad (India),Bengal,CV Milind,Yudhvir Singh,Akash Deep,1,0,,,,,,,,,
1244349,2020/21,2021-01-14,Eden Gardens,1,18.6,Hyderabad (India),Bengal,Yudhvir Singh,CV Milind,Akash Deep,0,0,,,,,,,,,
1244349,2020/21,2021-01-14,Eden Gardens,1,19.1,Hyderabad (India),Bengal,CV Milind,Yudhvir Singh,IC Porel,0,0,,,,,,,,,
1244349,2020/21,2021-01-14,Eden Gardens,1,19.2,Hyderabad (India),Bengal,CV Milind,Yudhvir Singh,IC Porel,0,0,,,,,,caught,CV Milind,,
1244349,2020/21,2021-01-14,Eden Gardens,1,19.3,Hyderabad (India),Bengal,Yudhvir Singh,Kartikeya Kak,IC Porel,0,0,,,,,,,,,
1244349,2020/21,2021-01-14,Eden Gardens,1,19.4,Hyderabad (India),Bengal,Yudhvir Singh,Kartikeya Kak,IC Porel,4,0,,,,,,,,,
1244349,2020/21,2021-01-14,Eden Gardens,1,19.5,Hyderabad (India),Bengal,Yudhvir Singh,Kartikeya Kak,IC Porel,2,0,,,,,,,,,
1244349,2020/21,2021-01-14,Eden Gardens,1,19.6,Hyderabad (India),Bengal,Yudhvir Singh,Kartikeya Kak,IC Porel,0,0,,,,,,caught,Yudhvir Singh,,
1244349,2020/21,2021-01-14,Eden Gardens,2,0.1,Bengal,Hyderabad (India),SP Goswami,Vivek Singh,CV Milind,1,0,,,,,,,,,
1244349,2020/21,2021-01-14,Eden Gardens,2,0.2,Bengal,Hyderabad (India),Vivek Singh,SP Goswami,CV Milind,2,0,,,,,,,,,
1244349,2020/21,2021-01-14,Eden Gardens,2,0.3,Bengal,Hyderabad (India),Vivek Singh,SP Goswami,CV Milind,4,0,,,,,,,,,
1244349,2020/21,2021-01-14,Eden Gardens,2,0.4,Bengal,Hyderabad (India),Vivek Singh,SP Goswami,CV Milind,0,0,,,,,,,,,
1244349,2020/21,2021-01-14,Eden Gardens,2,0.5,Bengal,Hyderabad (India),Vivek Singh,SP Goswami,CV Milind,4,0,,,,,,,,,
1244349,2020/21,2021-01-14,Eden Gardens,2,0.6,Bengal,Hyderabad (India),Vivek Singh,SP Goswami,CV Milind,4,0,,,,,,,,,
1244349,2020/21,2021-01-14,Eden Gardens,2,1.1,Bengal,Hyderabad (India),SP Goswami,Vivek Singh,Kartikeya Kak,1,0,,,,,,,,,
1244349,2020/21,2021-01-14,Eden Gardens,2,1.2,Bengal,Hyderabad (India),Vivek Singh,SP Goswami,Kartikeya Kak,4,0,,,,,,,,,
1244349,2020/21,2021-01-14,Eden Gardens,2,1.3,Bengal,Hyderabad (India),Vivek Singh,SP Goswami,Kartikeya Kak,0,0,,,,,,,,,
1244349,2020/21,2021-01-14,Eden Gardens,2,1.4,Bengal,Hyderabad (India),Vivek Singh,SP Goswami,Kartikeya Kak,0,0,,,,,,,,,
1244349,2020/21,2021-01-14,Eden Gardens,2,1.5,Bengal,Hyderabad (India),Vivek Singh,SP Goswami,Kartikeya Kak,4,0,,,,,,,,,
1244349,2020/21,2021-01-14,Eden Gardens,2,1.6,Bengal,Hyderabad (India),Vivek Singh,SP Goswami,Kartikeya Kak,4,0,,,,,,,,,
1244349,2020/21,2021-01-14,Eden Gardens,2,2.1,Bengal,Hyderabad (India),SP Goswami,Vivek Singh,Yudhvir Singh,0,0,,,,,,,,,
1244349,2020/21,2021-01-14,Eden Gardens,2,2.2,Bengal,Hyderabad (India),SP Goswami,Vivek Singh,Yudhvir Singh,0,0,,,,,,,,,
1244349,2020/21,2021-01-14,Eden Gardens,2,2.3,Bengal,Hyderabad (India),SP Goswami,Vivek Singh,Yudhvir Singh,4,0,,,,,,,,,
1244349,2020/21,2021-01-14,Eden Gardens,2,2.4,Bengal,Hyderabad (India),SP Goswami,Vivek Singh,Yudhvir Singh,0,0,,,,,,,,,
1244349,2020/21,2021-01-14,Eden Gardens,2,2.5,Bengal,Hyderabad (India),SP Goswami,Vivek Singh,Yudhvir Singh,0,0,,,,,,,,,
1244349,2020/21,2021-01-14,Eden Gardens,2,2.6,Bengal,Hyderabad (India),SP Goswami,Vivek Singh,Yudhvir Singh,0,0,,,,,,,,,
1244349,2020/21,2021-01-14,Eden Gardens,2,3.1,Bengal,Hyderabad (India),Vivek Singh,SP Goswami,Kartikeya Kak,0,0,,,,,,bowled,Vivek Singh,,
1244349,2020/21,2021-01-14,Eden Gardens,2,3.2,Bengal,Hyderabad (India),AP Majumdar,SP Goswami,Kartikeya Kak,1,0,,,,,,,,,
1244349,2020/21,2021-01-14,Eden Gardens,2,3.3,Bengal,Hyderabad (India),SP Goswami,AP Majumdar,Kartikeya Kak,0,0,,,,,,,,,
1244349,2020/21,2021-01-14,Eden Gardens,2,3.4,Bengal,Hyderabad (India),SP Goswami,AP Majumdar,Kartikeya Kak,4,0,,,,,,,,,
1244349,2020/21,2021-01-14,Eden Gardens,2,3.5,Bengal,Hyderabad (India),SP Goswami,AP Majumdar,Kartikeya Kak,1,0,,,,,,,,,
1244349,2020/21,2021-01-14,Eden Gardens,2,3.6,Bengal,Hyderabad (India),AP Majumdar,SP Goswami,Kartikeya Kak,1,0,,,,,,,,,
1244349,2020/21,2021-01-14,Eden Gardens,2,4.1,Bengal,Hyderabad (India),AP Majumdar,SP Goswami,Yudhvir Singh,4,0,,,,,,,,,
1244349,2020/21,2021-01-14,Eden Gardens,2,4.2,Bengal,Hyderabad (India),AP Majumdar,SP Goswami,Yudhvir Singh,0,1,,,,1,,,,,
1244349,2020/21,2021-01-14,Eden Gardens,2,4.3,Bengal,Hyderabad (India),SP Goswami,AP Majumdar,Yudhvir Singh,1,0,,,,,,,,,
1244349,2020/21,2021-01-14,Eden Gardens,2,4.4,Bengal,Hyderabad (India),AP Majumdar,SP Goswami,Yudhvir Singh,6,0,,,,,,,,,
1244349,2020/21,2021-01-14,Eden Gardens,2,4.5,Bengal,Hyderabad (India),AP Majumdar,SP Goswami,Yudhvir Singh,1,0,,,,,,,,,
1244349,2020/21,2021-01-14,Eden Gardens,2,4.6,Bengal,Hyderabad (India),SP Goswami,AP Majumdar,Yudhvir Singh,4,0,,,,,,,,,
1244349,2020/21,2021-01-14,Eden Gardens,2,5.1,Bengal,Hyderabad (India),AP Majumdar,SP Goswami,CV Milind,0,0,,,,,,,,,
1244349,2020/21,2021-01-14,Eden Gardens,2,5.2,Bengal,Hyderabad (India),AP Majumdar,SP Goswami,CV Milind,0,0,,,,,,,,,
1244349,2020/21,2021-01-14,Eden Gardens,2,5.3,Bengal,Hyderabad (India),AP Majumdar,SP Goswami,CV Milind,1,0,,,,,,,,,
1244349,2020/21,2021-01-14,Eden Gardens,2,5.4,Bengal,Hyderabad (India),SP Goswami,AP Majumdar,CV Milind,0,0,,,,,,,,,
1244349,2020/21,2021-01-14,Eden Gardens,2,5.5,Bengal,Hyderabad (India),SP Goswami,AP Majumdar,CV Milind,4,0,,,,,,,,,
1244349,2020/21,2021-01-14,Eden Gardens,2,5.6,Bengal,Hyderabad (India),SP Goswami,AP Majumdar,CV Milind,4,0,,,,,,,,,
1244349,2020/21,2021-01-14,Eden Gardens,2,6.1,Bengal,Hyderabad (India),AP Majumdar,SP Goswami,Tanay Thyagarajan,0,0,,,,,,,,,
1244349,2020/21,2021-01-14,Eden Gardens,2,6.2,Bengal,Hyderabad (India),AP Majumdar,SP Goswami,Tanay Thyagarajan,1,0,,,,,,,,,
1244349,2020/21,2021-01-14,Eden Gardens,2,6.3,Bengal,Hyderabad (India),SP Goswami,AP Majumdar,Tanay Thyagarajan,1,0,,,,,,,,,
1244349,2020/21,2021-01-14,Eden Gardens,2,6.4,Bengal,Hyderabad (India),AP Majumdar,SP Goswami,Tanay Thyagarajan,1,0,,,,,,,,,
1244349,2020/21,2021-01-14,Eden Gardens,2,6.5,Bengal,Hyderabad (India),SP Goswami,AP Majumdar,Tanay Thyagarajan,1,0,,,,,,,,,
1244349,2020/21,2021-01-14,Eden Gardens,2,6.6,Bengal,Hyderabad (India),AP Majumdar,SP Goswami,Tanay Thyagarajan,0,0,,,,,,stumped,AP Majumdar,,
1244349,2020/21,2021-01-14,Eden Gardens,2,7.1,Bengal,Hyderabad (India),SP Goswami,MK Tiwary,Ravi Teja,0,0,,,,,,,,,
1244349,2020/21,2021-01-14,Eden Gardens,2,7.2,Bengal,Hyderabad (India),SP Goswami,MK Tiwary,Ravi Teja,1,0,,,,,,,,,
1244349,2020/21,2021-01-14,Eden Gardens,2,7.3,Bengal,Hyderabad (India),MK Tiwary,SP Goswami,Ravi Teja,0,0,,,,,,caught,MK Tiwary,,
1244349,2020/21,2021-01-14,Eden Gardens,2,7.4,Bengal,Hyderabad (India),Kaif Ahmad,SP Goswami,Ravi Teja,0,0,,,,,,,,,
1244349,2020/21,2021-01-14,Eden Gardens,2,7.5,Bengal,Hyderabad (India),Kaif Ahmad,SP Goswami,Ravi Teja,0,0,,,,,,,,,
1244349,2020/21,2021-01-14,Eden Gardens,2,7.6,Bengal,Hyderabad (India),Kaif Ahmad,SP Goswami,Ravi Teja,0,0,,,,,,,,,
1244349,2020/21,2021-01-14,Eden Gardens,2,8.1,Bengal,Hyderabad (India),SP Goswami,Kaif Ahmad,Tanay Thyagarajan,1,0,,,,,,,,,
1244349,2020/21,2021-01-14,Eden Gardens,2,8.2,Bengal,Hyderabad (India),Kaif Ahmad,SP Goswami,Tanay Thyagarajan,0,0,,,,,,,,,
1244349,2020/21,2021-01-14,Eden Gardens,2,8.3,Bengal,Hyderabad (India),Kaif Ahmad,SP Goswami,Tanay Thyagarajan,4,0,,,,,,,,,
1244349,2020/21,2021-01-14,Eden Gardens,2,8.4,Bengal,Hyderabad (India),Kaif Ahmad,SP Goswami,Tanay Thyagarajan,1,0,,,,,,,,,
1244349,2020/21,2021-01-14,Eden Gardens,2,8.5,Bengal,Hyderabad (India),SP Goswami,Kaif Ahmad,Tanay Thyagarajan,4,0,,,,,,,,,
1244349,2020/21,2021-01-14,Eden Gardens,2,8.6,Bengal,Hyderabad (India),SP Goswami,Kaif Ahmad,Tanay Thyagarajan,1,0,,,,,,,,,
1244349,2020/21,2021-01-14,Eden Gardens,2,9.1,Bengal,Hyderabad (India),SP Goswami,Kaif Ahmad,Ravi Teja,1,0,,,,,,,,,
1244349,2020/21,2021-01-14,Eden Gardens,2,9.2,Bengal,Hyderabad (India),Kaif Ahmad,SP Goswami,Ravi Teja,1,0,,,,,,,,,
1244349,2020/21,2021-01-14,Eden Gardens,2,9.3,Bengal,Hyderabad (India),SP Goswami,Kaif Ahmad,Ravi Teja,0,0,,,,,,,,,
1244349,2020/21,2021-01-14,Eden Gardens,2,9.4,Bengal,Hyderabad (India),SP Goswami,Kaif Ahmad,Ravi Teja,1,0,,,,,,,,,
1244349,2020/21,2021-01-14,Eden Gardens,2,9.5,Bengal,Hyderabad (India),Kaif Ahmad,SP Goswami,Ravi Teja,4,0,,,,,,,,,
1244349,2020/21,2021-01-14,Eden Gardens,2,9.6,Bengal,Hyderabad (India),Kaif Ahmad,SP Goswami,Ravi Teja,0,0,,,,,,caught and bowled,Kaif Ahmad,,
1244349,2020/21,2021-01-14,Eden Gardens,2,10.1,Bengal,Hyderabad (India),SP Goswami,Writtick Chatterjee,Tanay Thyagarajan,1,0,,,,,,,,,
1244349,2020/21,2021-01-14,Eden Gardens,2,10.2,Bengal,Hyderabad (India),Writtick Chatterjee,SP Goswami,Tanay Thyagarajan,1,0,,,,,,,,,
1244349,2020/21,2021-01-14,Eden Gardens,2,10.3,Bengal,Hyderabad (India),SP Goswami,Writtick Chatterjee,Tanay Thyagarajan,1,0,,,,,,,,,
1244349,2020/21,2021-01-14,Eden Gardens,2,10.4,Bengal,Hyderabad (India),Writtick Chatterjee,SP Goswami,Tanay Thyagarajan,0,0,,,,,,,,,
1244349,2020/21,2021-01-14,Eden Gardens,2,10.5,Bengal,Hyderabad (India),Writtick Chatterjee,SP Goswami,Tanay Thyagarajan,0,0,,,,,,,,,
1244349,2020/21,2021-01-14,Eden Gardens,2,10.6,Bengal,Hyderabad (India),Writtick Chatterjee,SP Goswami,Tanay Thyagarajan,1,0,,,,,,,,,
1244349,2020/21,2021-01-14,Eden Gardens,2,11.1,Bengal,Hyderabad (India),Writtick Chatterjee,SP Goswami,Ravi Teja,1,0,,,,,,,,,
1244349,2020/21,2021-01-14,Eden Gardens,2,11.2,Bengal,Hyderabad (India),SP Goswami,Writtick Chatterjee,Ravi Teja,1,0,,,,,,,,,
1244349,2020/21,2021-01-14,Eden Gardens,2,11.3,Bengal,Hyderabad (India),Writtick Chatterjee,SP Goswami,Ravi Teja,1,0,,,,,,,,,
1244349,2020/21,2021-01-14,Eden Gardens,2,11.4,Bengal,Hyderabad (India),SP Goswami,Writtick Chatterjee,Ravi Teja,1,0,,,,,,,,,
1244349,2020/21,2021-01-14,Eden Gardens,2,11.5,Bengal,Hyderabad (India),Writtick Chatterjee,SP Goswami,Ravi Teja,0,0,,,,,,,,,
1244349,2020/21,2021-01-14,Eden Gardens,2,11.6,Bengal,Hyderabad (India),Writtick Chatterjee,SP Goswami,Ravi Teja,4,0,,,,,,,,,
1244349,2020/21,2021-01-14,Eden Gardens,2,12.1,Bengal,Hyderabad (India),SP Goswami,Writtick Chatterjee,Bavanaka Sandeep,1,0,,,,,,,,,
1244349,2020/21,2021-01-14,Eden Gardens,2,12.2,Bengal,Hyderabad (India),Writtick Chatterjee,SP Goswami,Bavanaka Sandeep,2,0,,,,,,,,,
1244349,2020/21,2021-01-14,Eden Gardens,2,12.3,Bengal,Hyderabad (India),Writtick Chatterjee,SP Goswami,Bavanaka Sandeep,0,0,,,,,,,,,
1244349,2020/21,2021-01-14,Eden Gardens,2,12.4,Bengal,Hyderabad (India),Writtick Chatterjee,SP Goswami,Bavanaka Sandeep,0,0,,,,,,,,,
1244349,2020/21,2021-01-14,Eden Gardens,2,12.5,Bengal,Hyderabad (India),Writtick Chatterjee,SP Goswami,Bavanaka Sandeep,1,0,,,,,,,,,
1244349,2020/21,2021-01-14,Eden Gardens,2,12.6,Bengal,Hyderabad (India),SP Goswami,Writtick Chatterjee,Bavanaka Sandeep,1,0,,,,,,,,,
1244349,2020/21,2021-01-14,Eden Gardens,2,13.1,Bengal,Hyderabad (India),SP Goswami,Writtick Chatterjee,Ravi Teja,2,0,,,,,,,,,
1244349,2020/21,2021-01-14,Eden Gardens,2,13.2,Bengal,Hyderabad (India),SP Goswami,Writtick Chatterjee,Ravi Teja,4,0,,,,,,,,,
1244349,2020/21,2021-01-14,Eden Gardens,2,13.3,Bengal,Hyderabad (India),SP Goswami,Writtick Chatterjee,Ravi Teja,4,0,,,,,,,,,
1244349,2020/21,2021-01-14,Eden Gardens,2,13.4,Bengal,Hyderabad (India),SP Goswami,Writtick Chatterjee,Ravi Teja,0,0,,,,,,,,,
1244349,2020/21,2021-01-14,Eden Gardens,2,13.5,Bengal,Hyderabad (India),SP Goswami,Writtick Chatterjee,Ravi Teja,1,0,,,,,,,,,
1244349,2020/21,2021-01-14,Eden Gardens,2,13.6,Bengal,Hyderabad (India),Writtick Chatterjee,SP Goswami,Ravi Teja,1,0,,,,,,,,,
1244349,2020/21,2021-01-14,Eden Gardens,2,14.1,Bengal,Hyderabad (India),Writtick Chatterjee,SP Goswami,Bavanaka Sandeep,0,0,,,,,,,,,
1244349,2020/21,2021-01-14,Eden Gardens,2,14.2,Bengal,Hyderabad (India),Writtick Chatterjee,SP Goswami,Bavanaka Sandeep,1,0,,,,,,,,,
1244349,2020/21,2021-01-14,Eden Gardens,2,14.3,Bengal,Hyderabad (India),SP Goswami,Writtick Chatterjee,Bavanaka Sandeep,1,0,,,,,,,,,
1244349,2020/21,2021-01-14,Eden Gardens,2,14.4,Bengal,Hyderabad (India),Writtick Chatterjee,SP Goswami,Bavanaka Sandeep,1,0,,,,,,,,,
1244349,2020/21,2021-01-14,Eden Gardens,2,14.5,Bengal,Hyderabad (India),SP Goswami,Writtick Chatterjee,Bavanaka Sandeep,4,0,,,,,,,,,
1244349,2020/21,2021-01-14,Eden Gardens,2,14.6,Bengal,Hyderabad (India),SP Goswami,Writtick Chatterjee,Bavanaka Sandeep,0,0,,,,,,,,,
1244349,2020/21,2021-01-14,Eden Gardens,2,15.1,Bengal,Hyderabad (India),Writtick Chatterjee,SP Goswami,CV Milind,6,0,,,,,,,,,
1244349,2020/21,2021-01-14,Eden Gardens,2,15.2,Bengal,Hyderabad (India),Writtick Chatterjee,SP Goswami,CV Milind,1,0,,,,,,,,,
1244349,2020/21,2021-01-14,Eden Gardens,2,15.3,Bengal,Hyderabad (India),SP Goswami,Writtick Chatterjee,CV Milind,1,0,,,,,,,,,
1244349,2020/21,2021-01-14,Eden Gardens,2,15.4,Bengal,Hyderabad (India),Writtick Chatterjee,SP Goswami,CV Milind,1,0,,,,,,,,,
1244349,2020/21,2021-01-14,Eden Gardens,2,15.5,Bengal,Hyderabad (India),SP Goswami,Writtick Chatterjee,CV Milind,0,0,,,,,,,,,
1244349,2020/21,2021-01-14,Eden Gardens,2,15.6,Bengal,Hyderabad (India),SP Goswami,Writtick Chatterjee,CV Milind,0,0,,,,,,,,,
1244349,2020/21,2021-01-14,Eden Gardens,2,16.1,Bengal,Hyderabad (India),Writtick Chatterjee,SP Goswami,Kartikeya Kak,1,0,,,,,,,,,
1244349,2020/21,2021-01-14,Eden Gardens,2,16.2,Bengal,Hyderabad (India),SP Goswami,Writtick Chatterjee,Kartikeya Kak,1,0,,,,,,,,,
1244349,2020/21,2021-01-14,Eden Gardens,2,16.3,Bengal,Hyderabad (India),Writtick Chatterjee,SP Goswami,Kartikeya Kak,6,0,,,,,,,,,
1244349,2020/21,2021-01-14,Eden Gardens,2,16.4,Bengal,Hyderabad (India),Writtick Chatterjee,SP Goswami,Kartikeya Kak,4,0,,,,,,,,,
1244349,2020/21,2021-01-14,Eden Gardens,2,16.5,Bengal,Hyderabad (India),Writtick Chatterjee,SP Goswami,Kartikeya Kak,0,0,,,,,,,,,
1244349,2020/21,2021-01-14,Eden Gardens,2,16.6,Bengal,Hyderabad (India),Writtick Chatterjee,SP Goswami,Kartikeya Kak,0,0,,,,,,,,,
1244349,2020/21,2021-01-14,Eden Gardens,2,17.1,Bengal,Hyderabad (India),SP Goswami,Writtick Chatterjee,Tilak Varma,1,0,,,,,,,,,
1244349,2020/21,2021-01-14,Eden Gardens,2,17.2,Bengal,Hyderabad (India),Writtick Chatterjee,SP Goswami,Tilak Varma,1,0,,,,,,,,,
1244349,2020/21,2021-01-14,Eden Gardens,2,17.3,Bengal,Hyderabad (India),SP Goswami,Writtick Chatterjee,Tilak Varma,4,0,,,,,,,,,
1244349,2020/21,2021-01-14,Eden Gardens,2,17.4,Bengal,Hyderabad (India),SP Goswami,Writtick Chatterjee,Tilak Varma,1,0,,,,,,,,,
1244349,2020/21,2021-01-14,Eden Gardens,2,17.5,Bengal,Hyderabad (India),Writtick Chatterjee,SP Goswami,Tilak Varma,1,0,,,,,,,,,
1244349,2020/21,2021-01-14,Eden Gardens,2,17.6,Bengal,Hyderabad (India),SP Goswami,Writtick Chatterjee,Tilak Varma,4,0,,,,,,,,,
1244349,2020/21,2021-01-14,Eden Gardens,2,18.1,Bengal,Hyderabad (India),Writtick Chatterjee,SP Goswami,Rahul Buddhi,0,0,,,,,,,,,
1244349,2020/21,2021-01-14,Eden Gardens,2,18.2,Bengal,Hyderabad (India),Writtick Chatterjee,SP Goswami,Rahul Buddhi,4,0,,,,,,,,,
