match_id,season,start_date,venue,innings,ball,batting_team,bowling_team,striker,non_striker,bowler,runs_off_bat,extras,wides,noballs,byes,legbyes,penalty,wicket_type,player_dismissed,other_wicket_type,other_player_dismissed
1244323,2020/21,2021-01-11,T I Murugappa Ground,1,0.1,Bihar,Arunachal Pradesh,Mangal Mahrour,Shasheem Rathour,Akhilesh Sahani,1,0,,,,,,,,,
1244323,2020/21,2021-01-11,T I Murugappa Ground,1,0.2,Bihar,Arunachal Pradesh,Shasheem Rathour,Mangal Mahrour,Akhilesh Sahani,0,0,,,,,,,,,
1244323,2020/21,2021-01-11,T I Murugappa Ground,1,0.3,Bihar,Arunachal Pradesh,Shasheem Rathour,Mangal Mahrour,Akhilesh Sahani,1,0,,,,,,,,,
1244323,2020/21,2021-01-11,T I Murugappa Ground,1,0.4,Bihar,Arunachal Pradesh,Mangal Mahrour,Shasheem Rathour,Akhilesh Sahani,0,0,,,,,,,,,
1244323,2020/21,2021-01-11,T I Murugappa Ground,1,0.5,Bihar,Arunachal Pradesh,Mangal Mahrour,Shasheem Rathour,Akhilesh Sahani,1,0,,,,,,,,,
1244323,2020/21,2021-01-11,T I Murugappa Ground,1,0.6,Bihar,Arunachal Pradesh,Shasheem Rathour,Mangal Mahrour,Akhilesh Sahani,1,0,,,,,,,,,
1244323,2020/21,2021-01-11,T I Murugappa Ground,1,1.1,Bihar,Arunachal Pradesh,Shasheem Rathour,Mangal Mahrour,Manvan Patel,1,0,,,,,,,,,
1244323,2020/21,2021-01-11,T I Murugappa Ground,1,1.2,Bihar,Arunachal Pradesh,Mangal Mahrour,Shasheem Rathour,Manvan Patel,4,0,,,,,,,,,
1244323,2020/21,2021-01-11,T I Murugappa Ground,1,1.3,Bihar,Arunachal Pradesh,Mangal Mahrour,Shasheem Rathour,Manvan Patel,2,0,,,,,,,,,
1244323,2020/21,2021-01-11,T I Murugappa Ground,1,1.4,Bihar,Arunachal Pradesh,Mangal Mahrour,Shasheem Rathour,Manvan Patel,0,0,,,,,,,,,
1244323,2020/21,2021-01-11,T I Murugappa Ground,1,1.5,Bihar,Arunachal Pradesh,Mangal Mahrour,Shasheem Rathour,Manvan Patel,0,0,,,,,,,,,
1244323,2020/21,2021-01-11,T I Murugappa Ground,1,1.6,Bihar,Arunachal Pradesh,Mangal Mahrour,Shasheem Rathour,Manvan Patel,1,0,,,,,,,,,
1244323,2020/21,2021-01-11,T I Murugappa Ground,1,2.1,Bihar,Arunachal Pradesh,Mangal Mahrour,Shasheem Rathour,Akhilesh Sahani,0,1,1,,,,,,,,
1244323,2020/21,2021-01-11,T I Murugappa Ground,1,2.2,Bihar,Arunachal Pradesh,Mangal Mahrour,Shasheem Rathour,Akhilesh Sahani,0,0,,,,,,,,,
1244323,2020/21,2021-01-11,T I Murugappa Ground,1,2.3,Bihar,Arunachal Pradesh,Mangal Mahrour,Shasheem Rathour,Akhilesh Sahani,0,0,,,,,,,,,
1244323,2020/21,2021-01-11,T I Murugappa Ground,1,2.4,Bihar,Arunachal Pradesh,Mangal Mahrour,Shasheem Rathour,Akhilesh Sahani,1,0,,,,,,,,,
1244323,2020/21,2021-01-11,T I Murugappa Ground,1,2.5,Bihar,Arunachal Pradesh,Shasheem Rathour,Mangal Mahrour,Akhilesh Sahani,0,0,,,,,,,,,
1244323,2020/21,2021-01-11,T I Murugappa Ground,1,2.6,Bihar,Arunachal Pradesh,Shasheem Rathour,Mangal Mahrour,Akhilesh Sahani,1,0,,,,,,,,,
1244323,2020/21,2021-01-11,T I Murugappa Ground,1,2.7,Bihar,Arunachal Pradesh,Mangal Mahrour,Shasheem Rathour,Akhilesh Sahani,0,0,,,,,,,,,
1244323,2020/21,2021-01-11,T I Murugappa Ground,1,3.1,Bihar,Arunachal Pradesh,Shasheem Rathour,Mangal Mahrour,Manvan Patel,0,0,,,,,,,,,
1244323,2020/21,2021-01-11,T I Murugappa Ground,1,3.2,Bihar,Arunachal Pradesh,Shasheem Rathour,Mangal Mahrour,Manvan Patel,0,1,1,,,,,,,,
1244323,2020/21,2021-01-11,T I Murugappa Ground,1,3.3,Bihar,Arunachal Pradesh,Shasheem Rathour,Mangal Mahrour,Manvan Patel,0,0,,,,,,caught,Shasheem Rathour,,
1244323,2020/21,2021-01-11,T I Murugappa Ground,1,3.4,Bihar,Arunachal Pradesh,Babul Kumar,Mangal Mahrour,Manvan Patel,0,0,,,,,,,,,
1244323,2020/21,2021-01-11,T I Murugappa Ground,1,3.5,Bihar,Arunachal Pradesh,Babul Kumar,Mangal Mahrour,Manvan Patel,0,0,,,,,,run out,Mangal Mahrour,,
1244323,2020/21,2021-01-11,T I Murugappa Ground,1,3.6,Bihar,Arunachal Pradesh,Babul Kumar,S Gani,Manvan Patel,2,0,,,,,,,,,
1244323,2020/21,2021-01-11,T I Murugappa Ground,1,3.7,Bihar,Arunachal Pradesh,Babul Kumar,S Gani,Manvan Patel,0,0,,,,,,,,,
1244323,2020/21,2021-01-11,T I Murugappa Ground,1,4.1,Bihar,Arunachal Pradesh,S Gani,Babul Kumar,Nabam Tempol,1,0,,,,,,,,,
1244323,2020/21,2021-01-11,T I Murugappa Ground,1,4.2,Bihar,Arunachal Pradesh,Babul Kumar,S Gani,Nabam Tempol,4,0,,,,,,,,,
1244323,2020/21,2021-01-11,T I Murugappa Ground,1,4.3,Bihar,Arunachal Pradesh,Babul Kumar,S Gani,Nabam Tempol,0,0,,,,,,,,,
1244323,2020/21,2021-01-11,T I Murugappa Ground,1,4.4,Bihar,Arunachal Pradesh,Babul Kumar,S Gani,Nabam Tempol,6,0,,,,,,,,,
1244323,2020/21,2021-01-11,T I Murugappa Ground,1,4.5,Bihar,Arunachal Pradesh,Babul Kumar,S Gani,Nabam Tempol,0,0,,,,,,,,,
1244323,2020/21,2021-01-11,T I Murugappa Ground,1,4.6,Bihar,Arunachal Pradesh,Babul Kumar,S Gani,Nabam Tempol,0,0,,,,,,,,,
1244323,2020/21,2021-01-11,T I Murugappa Ground,1,5.1,Bihar,Arunachal Pradesh,S Gani,Babul Kumar,Nazeeb Saiyed,0,0,,,,,,,,,
1244323,2020/21,2021-01-11,T I Murugappa Ground,1,5.2,Bihar,Arunachal Pradesh,S Gani,Babul Kumar,Nazeeb Saiyed,0,0,,,,,,,,,
1244323,2020/21,2021-01-11,T I Murugappa Ground,1,5.3,Bihar,Arunachal Pradesh,S Gani,Babul Kumar,Nazeeb Saiyed,0,0,,,,,,,,,
1244323,2020/21,2021-01-11,T I Murugappa Ground,1,5.4,Bihar,Arunachal Pradesh,S Gani,Babul Kumar,Nazeeb Saiyed,4,0,,,,,,,,,
1244323,2020/21,2021-01-11,T I Murugappa Ground,1,5.5,Bihar,Arunachal Pradesh,S Gani,Babul Kumar,Nazeeb Saiyed,6,0,,,,,,,,,
1244323,2020/21,2021-01-11,T I Murugappa Ground,1,5.6,Bihar,Arunachal Pradesh,S Gani,Babul Kumar,Nazeeb Saiyed,1,0,,,,,,,,,
1244323,2020/21,2021-01-11,T I Murugappa Ground,1,6.1,Bihar,Arunachal Pradesh,S Gani,Babul Kumar,Rakesh Kumar,1,0,,,,,,,,,
1244323,2020/21,2021-01-11,T I Murugappa Ground,1,6.2,Bihar,Arunachal Pradesh,Babul Kumar,S Gani,Rakesh Kumar,1,0,,,,,,,,,
1244323,2020/21,2021-01-11,T I Murugappa Ground,1,6.3,Bihar,Arunachal Pradesh,S Gani,Babul Kumar,Rakesh Kumar,1,0,,,,,,,,,
1244323,2020/21,2021-01-11,T I Murugappa Ground,1,6.4,Bihar,Arunachal Pradesh,Babul Kumar,S Gani,Rakesh Kumar,1,0,,,,,,,,,
1244323,2020/21,2021-01-11,T I Murugappa Ground,1,6.5,Bihar,Arunachal Pradesh,S Gani,Babul Kumar,Rakesh Kumar,0,0,,,,,,,,,
1244323,2020/21,2021-01-11,T I Murugappa Ground,1,6.6,Bihar,Arunachal Pradesh,S Gani,Babul Kumar,Rakesh Kumar,1,0,,,,,,,,,
1244323,2020/21,2021-01-11,T I Murugappa Ground,1,7.1,Bihar,Arunachal Pradesh,S Gani,Babul Kumar,Nabam Tempol,1,0,,,,,,,,,
1244323,2020/21,2021-01-11,T I Murugappa Ground,1,7.2,Bihar,Arunachal Pradesh,Babul Kumar,S Gani,Nabam Tempol,1,0,,,,,,,,,
1244323,2020/21,2021-01-11,T I Murugappa Ground,1,7.3,Bihar,Arunachal Pradesh,S Gani,Babul Kumar,Nabam Tempol,0,0,,,,,,,,,
1244323,2020/21,2021-01-11,T I Murugappa Ground,1,7.4,Bihar,Arunachal Pradesh,S Gani,Babul Kumar,Nabam Tempol,0,0,,,,,,,,,
1244323,2020/21,2021-01-11,T I Murugappa Ground,1,7.5,Bihar,Arunachal Pradesh,S Gani,Babul Kumar,Nabam Tempol,2,0,,,,,,,,,
1244323,2020/21,2021-01-11,T I Murugappa Ground,1,7.6,Bihar,Arunachal Pradesh,S Gani,Babul Kumar,Nabam Tempol,2,0,,,,,,,,,
1244323,2020/21,2021-01-11,T I Murugappa Ground,1,8.1,Bihar,Arunachal Pradesh,Babul Kumar,S Gani,Rakesh Kumar,0,0,,,,,,caught,Babul Kumar,,
1244323,2020/21,2021-01-11,T I Murugappa Ground,1,8.2,Bihar,Arunachal Pradesh,MD Rahmatullah,S Gani,Rakesh Kumar,0,0,,,,,,,,,
1244323,2020/21,2021-01-11,T I Murugappa Ground,1,8.3,Bihar,Arunachal Pradesh,MD Rahmatullah,S Gani,Rakesh Kumar,1,0,,,,,,,,,
1244323,2020/21,2021-01-11,T I Murugappa Ground,1,8.4,Bihar,Arunachal Pradesh,S Gani,MD Rahmatullah,Rakesh Kumar,0,0,,,,,,,,,
1244323,2020/21,2021-01-11,T I Murugappa Ground,1,8.5,Bihar,Arunachal Pradesh,S Gani,MD Rahmatullah,Rakesh Kumar,1,0,,,,,,,,,
1244323,2020/21,2021-01-11,T I Murugappa Ground,1,8.6,Bihar,Arunachal Pradesh,MD Rahmatullah,S Gani,Rakesh Kumar,1,0,,,,,,,,,
1244323,2020/21,2021-01-11,T I Murugappa Ground,1,9.1,Bihar,Arunachal Pradesh,MD Rahmatullah,S Gani,Nabam Tempol,1,0,,,,,,,,,
1244323,2020/21,2021-01-11,T I Murugappa Ground,1,9.2,Bihar,Arunachal Pradesh,S Gani,MD Rahmatullah,Nabam Tempol,0,0,,,,,,,,,
1244323,2020/21,2021-01-11,T I Murugappa Ground,1,9.3,Bihar,Arunachal Pradesh,S Gani,MD Rahmatullah,Nabam Tempol,0,0,,,,,,caught,S Gani,,
1244323,2020/21,2021-01-11,T I Murugappa Ground,1,9.4,Bihar,Arunachal Pradesh,Sachin Kumar,MD Rahmatullah,Nabam Tempol,1,0,,,,,,,,,
1244323,2020/21,2021-01-11,T I Murugappa Ground,1,9.5,Bihar,Arunachal Pradesh,MD Rahmatullah,Sachin Kumar,Nabam Tempol,1,0,,,,,,,,,
1244323,2020/21,2021-01-11,T I Murugappa Ground,1,9.6,Bihar,Arunachal Pradesh,Sachin Kumar,MD Rahmatullah,Nabam Tempol,0,0,,,,,,,,,
1244323,2020/21,2021-01-11,T I Murugappa Ground,1,10.1,Bihar,Arunachal Pradesh,MD Rahmatullah,Sachin Kumar,Rakesh Kumar,0,0,,,,,,,,,
1244323,2020/21,2021-01-11,T I Murugappa Ground,1,10.2,Bihar,Arunachal Pradesh,MD Rahmatullah,Sachin Kumar,Rakesh Kumar,1,0,,,,,,,,,
1244323,2020/21,2021-01-11,T I Murugappa Ground,1,10.3,Bihar,Arunachal Pradesh,Sachin Kumar,MD Rahmatullah,Rakesh Kumar,0,0,,,,,,,,,
1244323,2020/21,2021-01-11,T I Murugappa Ground,1,10.4,Bihar,Arunachal Pradesh,Sachin Kumar,MD Rahmatullah,Rakesh Kumar,1,0,,,,,,,,,
1244323,2020/21,2021-01-11,T I Murugappa Ground,1,10.5,Bihar,Arunachal Pradesh,MD Rahmatullah,Sachin Kumar,Rakesh Kumar,1,0,,,,,,,,,
1244323,2020/21,2021-01-11,T I Murugappa Ground,1,10.6,Bihar,Arunachal Pradesh,Sachin Kumar,MD Rahmatullah,Rakesh Kumar,1,0,,,,,,,,,
1244323,2020/21,2021-01-11,T I Murugappa Ground,1,11.1,Bihar,Arunachal Pradesh,Sachin Kumar,MD Rahmatullah,Nabam Tempol,0,0,,,,,,,,,
1244323,2020/21,2021-01-11,T I Murugappa Ground,1,11.2,Bihar,Arunachal Pradesh,Sachin Kumar,MD Rahmatullah,Nabam Tempol,1,0,,,,,,,,,
1244323,2020/21,2021-01-11,T I Murugappa Ground,1,11.3,Bihar,Arunachal Pradesh,MD Rahmatullah,Sachin Kumar,Nabam Tempol,1,0,,,,,,,,,
1244323,2020/21,2021-01-11,T I Murugappa Ground,1,11.4,Bihar,Arunachal Pradesh,Sachin Kumar,MD Rahmatullah,Nabam Tempol,4,0,,,,,,,,,
1244323,2020/21,2021-01-11,T I Murugappa Ground,1,11.5,Bihar,Arunachal Pradesh,Sachin Kumar,MD Rahmatullah,Nabam Tempol,0,0,,,,,,,,,
1244323,2020/21,2021-01-11,T I Murugappa Ground,1,11.6,Bihar,Arunachal Pradesh,Sachin Kumar,MD Rahmatullah,Nabam Tempol,1,0,,,,,,,,,
1244323,2020/21,2021-01-11,T I Murugappa Ground,1,12.1,Bihar,Arunachal Pradesh,Sachin Kumar,MD Rahmatullah,Rakesh Kumar,0,0,,,,,,,,,
1244323,2020/21,2021-01-11,T I Murugappa Ground,1,12.2,Bihar,Arunachal Pradesh,Sachin Kumar,MD Rahmatullah,Rakesh Kumar,1,0,,,,,,,,,
1244323,2020/21,2021-01-11,T I Murugappa Ground,1,12.3,Bihar,Arunachal Pradesh,MD Rahmatullah,Sachin Kumar,Rakesh Kumar,1,0,,,,,,,,,
1244323,2020/21,2021-01-11,T I Murugappa Ground,1,12.4,Bihar,Arunachal Pradesh,Sachin Kumar,MD Rahmatullah,Rakesh Kumar,1,0,,,,,,,,,
1244323,2020/21,2021-01-11,T I Murugappa Ground,1,12.5,Bihar,Arunachal Pradesh,MD Rahmatullah,Sachin Kumar,Rakesh Kumar,1,0,,,,,,,,,
1244323,2020/21,2021-01-11,T I Murugappa Ground,1,12.6,Bihar,Arunachal Pradesh,Sachin Kumar,MD Rahmatullah,Rakesh Kumar,0,0,,,,,,,,,
1244323,2020/21,2021-01-11,T I Murugappa Ground,1,13.1,Bihar,Arunachal Pradesh,MD Rahmatullah,Sachin Kumar,Nazeeb Saiyed,1,0,,,,,,,,,
1244323,2020/21,2021-01-11,T I Murugappa Ground,1,13.2,Bihar,Arunachal Pradesh,Sachin Kumar,MD Rahmatullah,Nazeeb Saiyed,1,0,,,,,,,,,
1244323,2020/21,2021-01-11,T I Murugappa Ground,1,13.3,Bihar,Arunachal Pradesh,MD Rahmatullah,Sachin Kumar,Nazeeb Saiyed,2,0,,,,,,,,,
1244323,2020/21,2021-01-11,T I Murugappa Ground,1,13.4,Bihar,Arunachal Pradesh,MD Rahmatullah,Sachin Kumar,Nazeeb Saiyed,1,0,,,,,,,,,
1244323,2020/21,2021-01-11,T I Murugappa Ground,1,13.5,Bihar,Arunachal Pradesh,Sachin Kumar,MD Rahmatullah,Nazeeb Saiyed,4,0,,,,,,,,,
1244323,2020/21,2021-01-11,T I Murugappa Ground,1,13.6,Bihar,Arunachal Pradesh,Sachin Kumar,MD Rahmatullah,Nazeeb Saiyed,1,0,,,,,,,,,
1244323,2020/21,2021-01-11,T I Murugappa Ground,1,14.1,Bihar,Arunachal Pradesh,Sachin Kumar,MD Rahmatullah,Manvan Patel,0,0,,,,,,,,,
1244323,2020/21,2021-01-11,T I Murugappa Ground,1,14.2,Bihar,Arunachal Pradesh,Sachin Kumar,MD Rahmatullah,Manvan Patel,2,0,,,,,,,,,
1244323,2020/21,2021-01-11,T I Murugappa Ground,1,14.3,Bihar,Arunachal Pradesh,Sachin Kumar,MD Rahmatullah,Manvan Patel,0,0,,,,,,bowled,Sachin Kumar,,
1244323,2020/21,2021-01-11,T I Murugappa Ground,1,14.4,Bihar,Arunachal Pradesh,Ashutosh Aman,MD Rahmatullah,Manvan Patel,0,0,,,,,,,,,
1244323,2020/21,2021-01-11,T I Murugappa Ground,1,14.5,Bihar,Arunachal Pradesh,Ashutosh Aman,MD Rahmatullah,Manvan Patel,2,0,,,,,,,,,
1244323,2020/21,2021-01-11,T I Murugappa Ground,1,14.6,Bihar,Arunachal Pradesh,Ashutosh Aman,MD Rahmatullah,Manvan Patel,0,1,1,,,,,,,,
1244323,2020/21,2021-01-11,T I Murugappa Ground,1,14.7,Bihar,Arunachal Pradesh,Ashutosh Aman,MD Rahmatullah,Manvan Patel,0,0,,,,,,bowled,Ashutosh Aman,,
1244323,2020/21,2021-01-11,T I Murugappa Ground,1,15.1,Bihar,Arunachal Pradesh,MD Rahmatullah,Vikash Yadav,Nazeeb Saiyed,0,0,,,,,,,,,
1244323,2020/21,2021-01-11,T I Murugappa Ground,1,15.2,Bihar,Arunachal Pradesh,MD Rahmatullah,Vikash Yadav,Nazeeb Saiyed,0,1,1,,,,,,,,
1244323,2020/21,2021-01-11,T I Murugappa Ground,1,15.3,Bihar,Arunachal Pradesh,MD Rahmatullah,Vikash Yadav,Nazeeb Saiyed,4,0,,,,,,,,,
1244323,2020/21,2021-01-11,T I Murugappa Ground,1,15.4,Bihar,Arunachal Pradesh,MD Rahmatullah,Vikash Yadav,Nazeeb Saiyed,2,0,,,,,,,,,
1244323,2020/21,2021-01-11,T I Murugappa Ground,1,15.5,Bihar,Arunachal Pradesh,MD Rahmatullah,Vikash Yadav,Nazeeb Saiyed,1,0,,,,,,,,,
1244323,2020/21,2021-01-11,T I Murugappa Ground,1,15.6,Bihar,Arunachal Pradesh,Vikash Yadav,MD Rahmatullah,Nazeeb Saiyed,0,0,,,,,,,,,
1244323,2020/21,2021-01-11,T I Murugappa Ground,1,15.7,Bihar,Arunachal Pradesh,Vikash Yadav,MD Rahmatullah,Nazeeb Saiyed,1,0,,,,,,,,,
1244323,2020/21,2021-01-11,T I Murugappa Ground,1,16.1,Bihar,Arunachal Pradesh,Vikash Yadav,MD Rahmatullah,Akhilesh Sahani,1,0,,,,,,,,,
1244323,2020/21,2021-01-11,T I Murugappa Ground,1,16.2,Bihar,Arunachal Pradesh,MD Rahmatullah,Vikash Yadav,Akhilesh Sahani,1,0,,,,,,,,,
1244323,2020/21,2021-01-11,T I Murugappa Ground,1,16.3,Bihar,Arunachal Pradesh,Vikash Yadav,MD Rahmatullah,Akhilesh Sahani,1,0,,,,,,,,,
1244323,2020/21,2021-01-11,T I Murugappa Ground,1,16.4,Bihar,Arunachal Pradesh,MD Rahmatullah,Vikash Yadav,Akhilesh Sahani,1,0,,,,,,,,,
1244323,2020/21,2021-01-11,T I Murugappa Ground,1,16.5,Bihar,Arunachal Pradesh,Vikash Yadav,MD Rahmatullah,Akhilesh Sahani,1,0,,,,,,,,,
1244323,2020/21,2021-01-11,T I Murugappa Ground,1,16.6,Bihar,Arunachal Pradesh,MD Rahmatullah,Vikash Yadav,Akhilesh Sahani,2,0,,,,,,,,,
1244323,2020/21,2021-01-11,T I Murugappa Ground,1,17.1,Bihar,Arunachal Pradesh,Vikash Yadav,MD Rahmatullah,Nazeeb Saiyed,2,0,,,,,,,,,
1244323,2020/21,2021-01-11,T I Murugappa Ground,1,17.2,Bihar,Arunachal Pradesh,Vikash Yadav,MD Rahmatullah,Nazeeb Saiyed,1,0,,,,,,,,,
1244323,2020/21,2021-01-11,T I Murugappa Ground,1,17.3,Bihar,Arunachal Pradesh,MD Rahmatullah,Vikash Yadav,Nazeeb Saiyed,0,0,,,,,,caught,MD Rahmatullah,,
1244323,2020/21,2021-01-11,T I Murugappa Ground,1,17.4,Bihar,Arunachal Pradesh,Amod Yadav,Vikash Yadav,Nazeeb Saiyed,1,0,,,,,,,,,
1244323,2020/21,2021-01-11,T I Murugappa Ground,1,17.5,Bihar,Arunachal Pradesh,Vikash Yadav,Amod Yadav,Nazeeb Saiyed,0,0,,,,,,,,,
1244323,2020/21,2021-01-11,T I Murugappa Ground,1,17.6,Bihar,Arunachal Pradesh,Vikash Yadav,Amod Yadav,Nazeeb Saiyed,1,0,,,,,,,,,
1244323,2020/21,2021-01-11,T I Murugappa Ground,1,18.1,Bihar,Arunachal Pradesh,Vikash Yadav,Amod Yadav,Akhilesh Sahani,0,0,,,,,,,,,
1244323,2020/21,2021-01-11,T I Murugappa Ground,1,18.2,Bihar,Arunachal Pradesh,Vikash Yadav,Amod Yadav,Akhilesh Sahani,4,0,,,,,,,,,
1244323,2020/21,2021-01-11,T I Murugappa Ground,1,18.3,Bihar,Arunachal Pradesh,Vikash Yadav,Amod Yadav,Akhilesh Sahani,0,1,1,,,,,,,,
1244323,2020/21,2021-01-11,T I Murugappa Ground,1,18.4,Bihar,Arunachal Pradesh,Vikash Yadav,Amod Yadav,Akhilesh Sahani,1,0,,,,,,,,,
1244323,2020/21,2021-01-11,T I Murugappa Ground,1,18.5,Bihar,Arunachal Pradesh,Amod Yadav,Vikash Yadav,Akhilesh Sahani,0,0,,,,,,lbw,Amod Yadav,,
1244323,2020/21,2021-01-11,T I Murugappa Ground,1,18.6,Bihar,Arunachal Pradesh,Samar Quadri,Vikash Yadav,Akhilesh Sahani,0,2,,,,2,,,,,
1244323,2020/21,2021-01-11,T I Murugappa Ground,1,18.7,Bihar,Arunachal Pradesh,Samar Quadri,Vikash Yadav,Akhilesh Sahani,2,0,,,,,,,,,
1244323,2020/21,2021-01-11,T I Murugappa Ground,1,19.1,Bihar,Arunachal Pradesh,Vikash Yadav,Rahul Kumar,Manvan Patel,1,0,,,,,,,,,
1244323,2020/21,2021-01-11,T I Murugappa Ground,1,19.2,Bihar,Arunachal Pradesh,Rahul Kumar,Vikash Yadav,Manvan Patel,1,0,,,,,,,,,
1244323,2020/21,2021-01-11,T I Murugappa Ground,1,19.3,Bihar,Arunachal Pradesh,Vikash Yadav,Rahul Kumar,Manvan Patel,0,0,,,,,,caught,Vikash Yadav,,
1244323,2020/21,2021-01-11,T I Murugappa Ground,1,19.4,Bihar,Arunachal Pradesh,Rahul Kumar,Samar Quadri,Manvan Patel,2,0,,,,,,,,,
1244323,2020/21,2021-01-11,T I Murugappa Ground,1,19.5,Bihar,Arunachal Pradesh,Rahul Kumar,Samar Quadri,Manvan Patel,0,0,,,,,,,,,
1244323,2020/21,2021-01-11,T I Murugappa Ground,1,19.6,Bihar,Arunachal Pradesh,Rahul Kumar,Samar Quadri,Manvan Patel,0,0,,,,,,run out,Rahul Kumar,,
1244323,2020/21,2021-01-11,T I Murugappa Ground,2,0.1,Arunachal Pradesh,Bihar,Neelam Obi,Kumar Nyompu,Amod Yadav,4,0,,,,,,,,,
1244323,2020/21,2021-01-11,T I Murugappa Ground,2,0.2,Arunachal Pradesh,Bihar,Neelam Obi,Kumar Nyompu,Amod Yadav,0,0,,,,,,,,,
1244323,2020/21,2021-01-11,T I Murugappa Ground,2,0.3,Arunachal Pradesh,Bihar,Neelam Obi,Kumar Nyompu,Amod Yadav,0,0,,,,,,,,,
1244323,2020/21,2021-01-11,T I Murugappa Ground,2,0.4,Arunachal Pradesh,Bihar,Neelam Obi,Kumar Nyompu,Amod Yadav,0,0,,,,,,,,,
1244323,2020/21,2021-01-11,T I Murugappa Ground,2,0.5,Arunachal Pradesh,Bihar,Neelam Obi,Kumar Nyompu,Amod Yadav,0,1,1,,,,,,,,
1244323,2020/21,2021-01-11,T I Murugappa Ground,2,0.6,Arunachal Pradesh,Bihar,Neelam Obi,Kumar Nyompu,Amod Yadav,0,0,,,,,,,,,
1244323,2020/21,2021-01-11,T I Murugappa Ground,2,0.7,Arunachal Pradesh,Bihar,Neelam Obi,Kumar Nyompu,Amod Yadav,0,0,,,,,,,,,
1244323,2020/21,2021-01-11,T I Murugappa Ground,2,1.1,Arunachal Pradesh,Bihar,Kumar Nyompu,Neelam Obi,Rahul Kumar,2,1,,1,,,,,,,
1244323,2020/21,2021-01-11,T I Murugappa Ground,2,1.2,Arunachal Pradesh,Bihar,Kumar Nyompu,Neelam Obi,Rahul Kumar,0,0,,,,,,,,,
1244323,2020/21,2021-01-11,T I Murugappa Ground,2,1.3,Arunachal Pradesh,Bihar,Kumar Nyompu,Neelam Obi,Rahul Kumar,0,0,,,,,,,,,
1244323,2020/21,2021-01-11,T I Murugappa Ground,2,1.4,Arunachal Pradesh,Bihar,Kumar Nyompu,Neelam Obi,Rahul Kumar,0,0,,,,,,,,,
1244323,2020/21,2021-01-11,T I Murugappa Ground,2,1.5,Arunachal Pradesh,Bihar,Kumar Nyompu,Neelam Obi,Rahul Kumar,0,0,,,,,,,,,
1244323,2020/21,2021-01-11,T I Murugappa Ground,2,1.6,Arunachal Pradesh,Bihar,Kumar Nyompu,Neelam Obi,Rahul Kumar,0,0,,,,,,,,,
1244323,2020/21,2021-01-11,T I Murugappa Ground,2,1.7,Arunachal Pradesh,Bihar,Kumar Nyompu,Neelam Obi,Rahul Kumar,1,0,,,,,,,,,
1244323,2020/21,2021-01-11,T I Murugappa Ground,2,2.1,Arunachal Pradesh,Bihar,Kumar Nyompu,Neelam Obi,Amod Yadav,0,0,,,,,,,,,
1244323,2020/21,2021-01-11,T I Murugappa Ground,2,2.2,Arunachal Pradesh,Bihar,Kumar Nyompu,Neelam Obi,Amod Yadav,0,2,,,2,,,,,,
1244323,2020/21,2021-01-11,T I Murugappa Ground,2,2.3,Arunachal Pradesh,Bihar,Kumar Nyompu,Neelam Obi,Amod Yadav,0,0,,,,,,,,,
1244323,2020/21,2021-01-11,T I Murugappa Ground,2,2.4,Arunachal Pradesh,Bihar,Kumar Nyompu,Neelam Obi,Amod Yadav,0,0,,,,,,,,,
1244323,2020/21,2021-01-11,T I Murugappa Ground,2,2.5,Arunachal Pradesh,Bihar,Kumar Nyompu,Neelam Obi,Amod Yadav,2,0,,,,,,,,,
1244323,2020/21,2021-01-11,T I Murugappa Ground,2,2.6,Arunachal Pradesh,Bihar,Kumar Nyompu,Neelam Obi,Amod Yadav,0,0,,,,,,,,,
1244323,2020/21,2021-01-11,T I Murugappa Ground,2,3.1,Arunachal Pradesh,Bihar,Neelam Obi,Kumar Nyompu,Rahul Kumar,0,0,,,,,,,,,
1244323,2020/21,2021-01-11,T I Murugappa Ground,2,3.2,Arunachal Pradesh,Bihar,Neelam Obi,Kumar Nyompu,Rahul Kumar,4,0,,,,,,,,,
1244323,2020/21,2021-01-11,T I Murugappa Ground,2,3.3,Arunachal Pradesh,Bihar,Neelam Obi,Kumar Nyompu,Rahul Kumar,1,0,,,,,,,,,
1244323,2020/21,2021-01-11,T I Murugappa Ground,2,3.4,Arunachal Pradesh,Bihar,Kumar Nyompu,Neelam Obi,Rahul Kumar,0,0,,,,,,,,,
1244323,2020/21,2021-01-11,T I Murugappa Ground,2,3.5,Arunachal Pradesh,Bihar,Kumar Nyompu,Neelam Obi,Rahul Kumar,0,0,,,,,,,,,
1244323,2020/21,2021-01-11,T I Murugappa Ground,2,3.6,Arunachal Pradesh,Bihar,Kumar Nyompu,Neelam Obi,Rahul Kumar,0,0,,,,,,,,,
1244323,2020/21,2021-01-11,T I Murugappa Ground,2,4.1,Arunachal Pradesh,Bihar,Neelam Obi,Kumar Nyompu,Ashutosh Aman,0,0,,,,,,,,,
1244323,2020/21,2021-01-11,T I Murugappa Ground,2,4.2,Arunachal Pradesh,Bihar,Neelam Obi,Kumar Nyompu,Ashutosh Aman,1,0,,,,,,,,,
1244323,2020/21,2021-01-11,T I Murugappa Ground,2,4.3,Arunachal Pradesh,Bihar,Kumar Nyompu,Neelam Obi,Ashutosh Aman,1,0,,,,,,,,,
1244323,2020/21,2021-01-11,T I Murugappa Ground,2,4.4,Arunachal Pradesh,Bihar,Neelam Obi,Kumar Nyompu,Ashutosh Aman,4,0,,,,,,,,,
1244323,2020/21,2021-01-11,T I Murugappa Ground,2,4.5,Arunachal Pradesh,Bihar,Neelam Obi,Kumar Nyompu,Ashutosh Aman,0,0,,,,,,,,,
1244323,2020/21,2021-01-11,T I Murugappa Ground,2,4.6,Arunachal Pradesh,Bihar,Neelam Obi,Kumar Nyompu,Ashutosh Aman,0,0,,,,,,,,,
1244323,2020/21,2021-01-11,T I Murugappa Ground,2,5.1,Arunachal Pradesh,Bihar,Kumar Nyompu,Neelam Obi,Shasheem Rathour,0,0,,,,,,,,,
1244323,2020/21,2021-01-11,T I Murugappa Ground,2,5.2,Arunachal Pradesh,Bihar,Kumar Nyompu,Neelam Obi,Shasheem Rathour,2,0,,,,,,,,,
1244323,2020/21,2021-01-11,T I Murugappa Ground,2,5.3,Arunachal Pradesh,Bihar,Kumar Nyompu,Neelam Obi,Shasheem Rathour,0,0,,,,,,,,,
1244323,2020/21,2021-01-11,T I Murugappa Ground,2,5.4,Arunachal Pradesh,Bihar,Kumar Nyompu,Neelam Obi,Shasheem Rathour,6,0,,,,,,,,,
1244323,2020/21,2021-01-11,T I Murugappa Ground,2,5.5,Arunachal Pradesh,Bihar,Kumar Nyompu,Neelam Obi,Shasheem Rathour,0,0,,,,,,,,,
1244323,2020/21,2021-01-11,T I Murugappa Ground,2,5.6,Arunachal Pradesh,Bihar,Kumar Nyompu,Neelam Obi,Shasheem Rathour,1,0,,,,,,,,,
1244323,2020/21,2021-01-11,T I Murugappa Ground,2,6.1,Arunachal Pradesh,Bihar,Kumar Nyompu,Neelam Obi,S Gani,0,0,,,,,,,,,
1244323,2020/21,2021-01-11,T I Murugappa Ground,2,6.2,Arunachal Pradesh,Bihar,Kumar Nyompu,Neelam Obi,S Gani,2,0,,,,,,,,,
1244323,2020/21,2021-01-11,T I Murugappa Ground,2,6.3,Arunachal Pradesh,Bihar,Kumar Nyompu,Neelam Obi,S Gani,1,0,,,,,,,,,
1244323,2020/21,2021-01-11,T I Murugappa Ground,2,6.4,Arunachal Pradesh,Bihar,Neelam Obi,Kumar Nyompu,S Gani,4,0,,,,,,,,,
1244323,2020/21,2021-01-11,T I Murugappa Ground,2,6.5,Arunachal Pradesh,Bihar,Neelam Obi,Kumar Nyompu,S Gani,1,0,,,,,,,,,
1244323,2020/21,2021-01-11,T I Murugappa Ground,2,6.6,Arunachal Pradesh,Bihar,Kumar Nyompu,Neelam Obi,S Gani,0,0,,,,,,,,,
1244323,2020/21,2021-01-11,T I Murugappa Ground,2,7.1,Arunachal Pradesh,Bihar,Neelam Obi,Kumar Nyompu,Samar Quadri,1,0,,,,,,,,,
1244323,2020/21,2021-01-11,T I Murugappa Ground,2,7.2,Arunachal Pradesh,Bihar,Kumar Nyompu,Neelam Obi,Samar Quadri,1,0,,,,,,,,,
1244323,2020/21,2021-01-11,T I Murugappa Ground,2,7.3,Arunachal Pradesh,Bihar,Neelam Obi,Kumar Nyompu,Samar Quadri,0,0,,,,,,stumped,Neelam Obi,,
1244323,2020/21,2021-01-11,T I Murugappa Ground,2,7.4,Arunachal Pradesh,Bihar,Rahul Dalal,Kumar Nyompu,Samar Quadri,0,0,,,,,,,,,
1244323,2020/21,2021-01-11,T I Murugappa Ground,2,7.5,Arunachal Pradesh,Bihar,Rahul Dalal,Kumar Nyompu,Samar Quadri,0,0,,,,,,,,,
1244323,2020/21,2021-01-11,T I Murugappa Ground,2,7.6,Arunachal Pradesh,Bihar,Rahul Dalal,Kumar Nyompu,Samar Quadri,0,0,,,,,,,,,
1244323,2020/21,2021-01-11,T I Murugappa Ground,2,8.1,Arunachal Pradesh,Bihar,Kumar Nyompu,Rahul Dalal,Ashutosh Aman,0,0,,,,,,,,,
1244323,2020/21,2021-01-11,T I Murugappa Ground,2,8.2,Arunachal Pradesh,Bihar,Kumar Nyompu,Rahul Dalal,Ashutosh Aman,0,0,,,,,,,,,
1244323,2020/21,2021-01-11,T I Murugappa Ground,2,8.3,Arunachal Pradesh,Bihar,Kumar Nyompu,Rahul Dalal,Ashutosh Aman,1,0,,,,,,,,,
1244323,2020/21,2021-01-11,T I Murugappa Ground,2,8.4,Arunachal Pradesh,Bihar,Rahul Dalal,Kumar Nyompu,Ashutosh Aman,1,0,,,,,,,,,
1244323,2020/21,2021-01-11,T I Murugappa Ground,2,8.5,Arunachal Pradesh,Bihar,Kumar Nyompu,Rahul Dalal,Ashutosh Aman,1,0,,,,,,,,,
1244323,2020/21,2021-01-11,T I Murugappa Ground,2,8.6,Arunachal Pradesh,Bihar,Rahul Dalal,Kumar Nyompu,Ashutosh Aman,0,0,,,,,,,,,
1244323,2020/21,2021-01-11,T I Murugappa Ground,2,9.1,Arunachal Pradesh,Bihar,Kumar Nyompu,Rahul Dalal,Samar Quadri,1,0,,,,,,,,,
1244323,2020/21,2021-01-11,T I Murugappa Ground,2,9.2,Arunachal Pradesh,Bihar,Rahul Dalal,Kumar Nyompu,Samar Quadri,3,0,,,,,,,,,
1244323,2020/21,2021-01-11,T I Murugappa Ground,2,9.3,Arunachal Pradesh,Bihar,Kumar Nyompu,Rahul Dalal,Samar Quadri,1,0,,,,,,,,,
1244323,2020/21,2021-01-11,T I Murugappa Ground,2,9.4,Arunachal Pradesh,Bihar,Rahul Dalal,Kumar Nyompu,Samar Quadri,0,0,,,,,,,,,
1244323,2020/21,2021-01-11,T I Murugappa Ground,2,9.5,Arunachal Pradesh,Bihar,Rahul Dalal,Kumar Nyompu,Samar Quadri,0,0,,,,,,,,,
1244323,2020/21,2021-01-11,T I Murugappa Ground,2,9.6,Arunachal Pradesh,Bihar,Rahul Dalal,Kumar Nyompu,Samar Quadri,2,0,,,,,,,,,
1244323,2020/21,2021-01-11,T I Murugappa Ground,2,10.1,Arunachal Pradesh,Bihar,Kumar Nyompu,Rahul Dalal,Sachin Kumar,0,0,,,,,,caught,Kumar Nyompu,,
1244323,2020/21,2021-01-11,T I Murugappa Ground,2,10.2,Arunachal Pradesh,Bihar,Rahul Dalal,Nazeeb Saiyed,Sachin Kumar,2,0,,,,,,,,,
1244323,2020/21,2021-01-11,T I Murugappa Ground,2,10.3,Arunachal Pradesh,Bihar,Rahul Dalal,Nazeeb Saiyed,Sachin Kumar,0,0,,,,,,bowled,Rahul Dalal,,
1244323,2020/21,2021-01-11,T I Murugappa Ground,2,10.4,Arunachal Pradesh,Bihar,Techi Doria,Nazeeb Saiyed,Sachin Kumar,0,0,,,,,,,,,
1244323,2020/21,2021-01-11,T I Murugappa Ground,2,10.5,Arunachal Pradesh,Bihar,Techi Doria,Nazeeb Saiyed,Sachin Kumar,0,0,,,,,,,,,
1244323,2020/21,2021-01-11,T I Murugappa Ground,2,10.6,Arunachal Pradesh,Bihar,Techi Doria,Nazeeb Saiyed,Sachin Kumar,1,0,,,,,,,,,
1244323,2020/21,2021-01-11,T I Murugappa Ground,2,11.1,Arunachal Pradesh,Bihar,Techi Doria,Nazeeb Saiyed,Samar Quadri,1,0,,,,,,,,,
1244323,2020/21,2021-01-11,T I Murugappa Ground,2,11.2,Arunachal Pradesh,Bihar,Nazeeb Saiyed,Techi Doria,Samar Quadri,1,0,,,,,,,,,
1244323,2020/21,2021-01-11,T I Murugappa Ground,2,11.3,Arunachal Pradesh,Bihar,Techi Doria,Nazeeb Saiyed,Samar Quadri,0,0,,,,,,,,,
1244323,2020/21,2021-01-11,T I Murugappa Ground,2,11.4,Arunachal Pradesh,Bihar,Techi Doria,Nazeeb Saiyed,Samar Quadri,0,0,,,,,,run out,Techi Doria,,
1244323,2020/21,2021-01-11,T I Murugappa Ground,2,11.5,Arunachal Pradesh,Bihar,Kamsha Yangfo,Nazeeb Saiyed,Samar Quadri,1,0,,,,,,,,,
1244323,2020/21,2021-01-11,T I Murugappa Ground,2,11.6,Arunachal Pradesh,Bihar,Nazeeb Saiyed,Kamsha Yangfo,Samar Quadri,2,0,,,,,,,,,
1244323,2020/21,2021-01-11,T I Murugappa Ground,2,12.1,Arunachal Pradesh,Bihar,Kamsha Yangfo,Nazeeb Saiyed,Sachin Kumar,0,0,,,,,,,,,
1244323,2020/21,2021-01-11,T I Murugappa Ground,2,12.2,Arunachal Pradesh,Bihar,Kamsha Yangfo,Nazeeb Saiyed,Sachin Kumar,0,0,,,,,,,,,
1244323,2020/21,2021-01-11,T I Murugappa Ground,2,12.3,Arunachal Pradesh,Bihar,Kamsha Yangfo,Nazeeb Saiyed,Sachin Kumar,0,0,,,,,,,,,
1244323,2020/21,2021-01-11,T I Murugappa Ground,2,12.4,Arunachal Pradesh,Bihar,Kamsha Yangfo,Nazeeb Saiyed,Sachin Kumar,2,0,,,,,,,,,
1244323,2020/21,2021-01-11,T I Murugappa Ground,2,12.5,Arunachal Pradesh,Bihar,Kamsha Yangfo,Nazeeb Saiyed,Sachin Kumar,0,0,,,,,,,,,
1244323,2020/21,2021-01-11,T I Murugappa Ground,2,12.6,Arunachal Pradesh,Bihar,Kamsha Yangfo,Nazeeb Saiyed,Sachin Kumar,1,0,,,,,,,,,
1244323,2020/21,2021-01-11,T I Murugappa Ground,2,13.1,Arunachal Pradesh,Bihar,Kamsha Yangfo,Nazeeb Saiyed,Samar Quadri,0,0,,,,,,,,,
1244323,2020/21,2021-01-11,T I Murugappa Ground,2,13.2,Arunachal Pradesh,Bihar,Kamsha Yangfo,Nazeeb Saiyed,Samar Quadri,2,0,,,,,,,,,
1244323,2020/21,2021-01-11,T I Murugappa Ground,2,13.3,Arunachal Pradesh,Bihar,Kamsha Yangfo,Nazeeb Saiyed,Samar Quadri,0,0,,,,,,,,,
1244323,2020/21,2021-01-11,T I Murugappa Ground,2,13.4,Arunachal Pradesh,Bihar,Kamsha Yangfo,Nazeeb Saiyed,Samar Quadri,1,0,,,,,,,,,
1244323,2020/21,2021-01-11,T I Murugappa Ground,2,13.5,Arunachal Pradesh,Bihar,Nazeeb Saiyed,Kamsha Yangfo,Samar Quadri,0,0,,,,,,,,,
1244323,2020/21,2021-01-11,T I Murugappa Ground,2,13.6,Arunachal Pradesh,Bihar,Nazeeb Saiyed,Kamsha Yangfo,Samar Quadri,0,0,,,,,,,,,
1244323,2020/21,2021-01-11,T I Murugappa Ground,2,14.1,Arunachal Pradesh,Bihar,Kamsha Yangfo,Nazeeb Saiyed,Sachin Kumar,1,0,,,,,,,,,
1244323,2020/21,2021-01-11,T I Murugappa Ground,2,14.2,Arunachal Pradesh,Bihar,Nazeeb Saiyed,Kamsha Yangfo,Sachin Kumar,1,0,,,,,,,,,
1244323,2020/21,2021-01-11,T I Murugappa Ground,2,14.3,Arunachal Pradesh,Bihar,Kamsha Yangfo,Nazeeb Saiyed,Sachin Kumar,1,0,,,,,,,,,
1244323,2020/21,2021-01-11,T I Murugappa Ground,2,14.4,Arunachal Pradesh,Bihar,Nazeeb Saiyed,Kamsha Yangfo,Sachin Kumar,6,0,,,,,,,,,
1244323,2020/21,2021-01-11,T I Murugappa Ground,2,14.5,Arunachal Pradesh,Bihar,Nazeeb Saiyed,Kamsha Yangfo,Sachin Kumar,1,0,,,,,,,,,
1244323,2020/21,2021-01-11,T I Murugappa Ground,2,14.6,Arunachal Pradesh,Bihar,Kamsha Yangfo,Nazeeb Saiyed,Sachin Kumar,2,0,,,,,,,,,
1244323,2020/21,2021-01-11,T I Murugappa Ground,2,15.1,Arunachal Pradesh,Bihar,Nazeeb Saiyed,Kamsha Yangfo,Ashutosh Aman,6,0,,,,,,,,,
1244323,2020/21,2021-01-11,T I Murugappa Ground,2,15.2,Arunachal Pradesh,Bihar,Nazeeb Saiyed,Kamsha Yangfo,Ashutosh Aman,1,0,,,,,,,,,
1244323,2020/21,2021-01-11,T I Murugappa Ground,2,15.3,Arunachal Pradesh,Bihar,Kamsha Yangfo,Nazeeb Saiyed,Ashutosh Aman,0,0,,,,,,caught,Kamsha Yangfo,,
1244323,2020/21,2021-01-11,T I Murugappa Ground,2,15.4,Arunachal Pradesh,Bihar,Akhilesh Sahani,Nazeeb Saiyed,Ashutosh Aman,0,0,,,,,,,,,
1244323,2020/21,2021-01-11,T I Murugappa Ground,2,15.5,Arunachal Pradesh,Bihar,Akhilesh Sahani,Nazeeb Saiyed,Ashutosh Aman,0,0,,,,,,,,,
1244323,2020/21,2021-01-11,T I Murugappa Ground,2,15.6,Arunachal Pradesh,Bihar,Akhilesh Sahani,Nazeeb Saiyed,Ashutosh Aman,1,0,,,,,,,,,
1244323,2020/21,2021-01-11,T I Murugappa Ground,2,16.1,Arunachal Pradesh,Bihar,Akhilesh Sahani,Nazeeb Saiyed,Sachin Kumar,0,0,,,,,,caught,Akhilesh Sahani,,
1244323,2020/21,2021-01-11,T I Murugappa Ground,2,16.2,Arunachal Pradesh,Bihar,Nazeeb Saiyed,Takam Tallum,Sachin Kumar,0,0,,,,,,,,,
1244323,2020/21,2021-01-11,T I Murugappa Ground,2,16.3,Arunachal Pradesh,Bihar,Nazeeb Saiyed,Takam Tallum,Sachin Kumar,1,0,,,,,,,,,
1244323,2020/21,2021-01-11,T I Murugappa Ground,2,16.4,Arunachal Pradesh,Bihar,Takam Tallum,Nazeeb Saiyed,Sachin Kumar,1,0,,,,,,,,,
1244323,2020/21,2021-01-11,T I Murugappa Ground,2,16.5,Arunachal Pradesh,Bihar,Nazeeb Saiyed,Takam Tallum,Sachin Kumar,1,0,,,,,,,,,
1244323,2020/21,2021-01-11,T I Murugappa Ground,2,16.6,Arunachal Pradesh,Bihar,Takam Tallum,Nazeeb Saiyed,Sachin Kumar,1,0,,,,,,,,,
1244323,2020/21,2021-01-11,T I Murugappa Ground,2,17.1,Arunachal Pradesh,Bihar,Takam Tallum,Nazeeb Saiyed,Rahul Kumar,0,0,,,,,,,,,
1244323,2020/21,2021-01-11,T I Murugappa Ground,2,17.2,Arunachal Pradesh,Bihar,Takam Tallum,Nazeeb Saiyed,Rahul Kumar,1,0,,,,,,,,,
1244323,2020/21,2021-01-11,T I Murugappa Ground,2,17.3,Arunachal Pradesh,Bihar,Nazeeb Saiyed,Takam Tallum,Rahul Kumar,0,0,,,,,,,,,
1244323,2020/21,2021-01-11,T I Murugappa Ground,2,17.4,Arunachal Pradesh,Bihar,Nazeeb Saiyed,Takam Tallum,Rahul Kumar,0,0,,,,,,,,,
1244323,2020/21,2021-01-11,T I Murugappa Ground,2,17.5,Arunachal Pradesh,Bihar,Nazeeb Saiyed,Takam Tallum,Rahul Kumar,2,0,,,,,,,,,
1244323,2020/21,2021-01-11,T I Murugappa Ground,2,17.6,Arunachal Pradesh,Bihar,Nazeeb Saiyed,Takam Tallum,Rahul Kumar,1,0,,,,,,,,,
1244323,2020/21,2021-01-11,T I Murugappa Ground,2,18.1,Arunachal Pradesh,Bihar,Nazeeb Saiyed,Takam Tallum,Ashutosh Aman,0,0,,,,,,,,,
1244323,2020/21,2021-01-11,T I Murugappa Ground,2,18.2,Arunachal Pradesh,Bihar,Nazeeb Saiyed,Takam Tallum,Ashutosh Aman,0,0,,,,,,,,,
1244323,2020/21,2021-01-11,T I Murugappa Ground,2,18.3,Arunachal Pradesh,Bihar,Nazeeb Saiyed,Takam Tallum,Ashutosh Aman,0,0,,,,,,caught,Nazeeb Saiyed,,
1244323,2020/21,2021-01-11,T I Murugappa Ground,2,18.4,Arunachal Pradesh,Bihar,Takam Tallum,Nabam Tempol,Ashutosh Aman,0,0,,,,,,,,,
1244323,2020/21,2021-01-11,T I Murugappa Ground,2,18.5,Arunachal Pradesh,Bihar,Takam Tallum,Nabam Tempol,Ashutosh Aman,0,0,,,,,,,,,
1244323,2020/21,2021-01-11,T I Murugappa Ground,2,18.6,Arunachal Pradesh,Bihar,Takam Tallum,Nabam Tempol,Ashutosh Aman,0,0,,,,,,bowled,Takam Tallum,,
1244323,2020/21,2021-01-11,T I Murugappa Ground,2,19.1,Arunachal Pradesh,Bihar,Nabam Tempol,Manvan Patel,Amod Yadav,0,0,,,,,,,,,
1244323,2020/21,2021-01-11,T I Murugappa Ground,2,19.2,Arunachal Pradesh,Bihar,Nabam Tempol,Manvan Patel,Amod Yadav,0,0,,,,,,,,,
1244323,2020/21,2021-01-11,T I Murugappa Ground,2,19.3,Arunachal Pradesh,Bihar,Nabam Tempol,Manvan Patel,Amod Yadav,1,0,,,,,,,,,
1244323,2020/21,2021-01-11,T I Murugappa Ground,2,19.4,Arunachal Pradesh,Bihar,Manvan Patel,Nabam Tempol,Amod Yadav,2,0,,,,,,,,,
1244323,2020/21,2021-01-11,T I Murugappa Ground,2,19.5,Arunachal Pradesh,Bihar,Manvan Patel,Nabam Tempol,Amod Yadav,6,0,,,,,,,,,
1244323,2020/21,2021-01-11,T I Murugappa Ground,2,19.6,Arunachal Pradesh,Bihar,Manvan Patel,Nabam Tempol,Amod Yadav,0,0,,,,,,caught,Manvan Patel,,
