match_id,season,start_date,venue,innings,ball,batting_team,bowling_team,striker,non_striker,bowler,runs_off_bat,extras,wides,noballs,byes,legbyes,penalty,wicket_type,player_dismissed,other_wicket_type,other_player_dismissed
1244312,2020/21,2021-01-10,Motibaug Cricket Ground,1,0.1,Gujarat,Maharashtra,Dhruv Raval,Priyank Panchal,Mukesh Choudhary,0,1,1,,,,,,,,
1244312,2020/21,2021-01-10,Motibaug Cricket Ground,1,0.2,Gujarat,Maharashtra,Dhruv Raval,Priyank Panchal,Mukesh Choudhary,1,0,,,,,,,,,
1244312,2020/21,2021-01-10,Motibaug Cricket Ground,1,0.3,Gujarat,Maharashtra,Priyank Panchal,Dhruv Raval,Mukesh Choudhary,0,0,,,,,,,,,
1244312,2020/21,2021-01-10,Motibaug Cricket Ground,1,0.4,Gujarat,Maharashtra,Priyank Panchal,Dhruv Raval,Mukesh Choudhary,0,0,,,,,,,,,
1244312,2020/21,2021-01-10,Motibaug Cricket Ground,1,0.5,Gujarat,Maharashtra,Priyank Panchal,Dhruv Raval,Mukesh Choudhary,0,0,,,,,,,,,
1244312,2020/21,2021-01-10,Motibaug Cricket Ground,1,0.6,Gujarat,Maharashtra,Priyank Panchal,Dhruv Raval,Mukesh Choudhary,0,0,,,,,,,,,
1244312,2020/21,2021-01-10,Motibaug Cricket Ground,1,0.7,Gujarat,Maharashtra,Priyank Panchal,Dhruv Raval,Mukesh Choudhary,2,0,,,,,,,,,
1244312,2020/21,2021-01-10,Motibaug Cricket Ground,1,1.1,Gujarat,Maharashtra,Dhruv Raval,Priyank Panchal,MD Ingale,0,0,,,,,,,,,
1244312,2020/21,2021-01-10,Motibaug Cricket Ground,1,1.2,Gujarat,Maharashtra,Dhruv Raval,Priyank Panchal,MD Ingale,4,0,,,,,,,,,
1244312,2020/21,2021-01-10,Motibaug Cricket Ground,1,1.3,Gujarat,Maharashtra,Dhruv Raval,Priyank Panchal,MD Ingale,0,0,,,,,,,,,
1244312,2020/21,2021-01-10,Motibaug Cricket Ground,1,1.4,Gujarat,Maharashtra,Dhruv Raval,Priyank Panchal,MD Ingale,0,0,,,,,,,,,
1244312,2020/21,2021-01-10,Motibaug Cricket Ground,1,1.5,Gujarat,Maharashtra,Dhruv Raval,Priyank Panchal,MD Ingale,0,0,,,,,,,,,
1244312,2020/21,2021-01-10,Motibaug Cricket Ground,1,1.6,Gujarat,Maharashtra,Dhruv Raval,Priyank Panchal,MD Ingale,1,0,,,,,,,,,
1244312,2020/21,2021-01-10,Motibaug Cricket Ground,1,2.1,Gujarat,Maharashtra,Dhruv Raval,Priyank Panchal,Mukesh Choudhary,0,0,,,,,,,,,
1244312,2020/21,2021-01-10,Motibaug Cricket Ground,1,2.2,Gujarat,Maharashtra,Dhruv Raval,Priyank Panchal,Mukesh Choudhary,0,0,,,,,,,,,
1244312,2020/21,2021-01-10,Motibaug Cricket Ground,1,2.3,Gujarat,Maharashtra,Dhruv Raval,Priyank Panchal,Mukesh Choudhary,4,0,,,,,,,,,
1244312,2020/21,2021-01-10,Motibaug Cricket Ground,1,2.4,Gujarat,Maharashtra,Dhruv Raval,Priyank Panchal,Mukesh Choudhary,4,0,,,,,,,,,
1244312,2020/21,2021-01-10,Motibaug Cricket Ground,1,2.5,Gujarat,Maharashtra,Dhruv Raval,Priyank Panchal,Mukesh Choudhary,0,0,,,,,,,,,
1244312,2020/21,2021-01-10,Motibaug Cricket Ground,1,2.6,Gujarat,Maharashtra,Dhruv Raval,Priyank Panchal,Mukesh Choudhary,4,0,,,,,,,,,
1244312,2020/21,2021-01-10,Motibaug Cricket Ground,1,3.1,Gujarat,Maharashtra,Priyank Panchal,Dhruv Raval,Pradeep Dadhe,6,0,,,,,,,,,
1244312,2020/21,2021-01-10,Motibaug Cricket Ground,1,3.2,Gujarat,Maharashtra,Priyank Panchal,Dhruv Raval,Pradeep Dadhe,2,0,,,,,,,,,
1244312,2020/21,2021-01-10,Motibaug Cricket Ground,1,3.3,Gujarat,Maharashtra,Priyank Panchal,Dhruv Raval,Pradeep Dadhe,0,0,,,,,,,,,
1244312,2020/21,2021-01-10,Motibaug Cricket Ground,1,3.4,Gujarat,Maharashtra,Priyank Panchal,Dhruv Raval,Pradeep Dadhe,1,0,,,,,,,,,
1244312,2020/21,2021-01-10,Motibaug Cricket Ground,1,3.5,Gujarat,Maharashtra,Dhruv Raval,Priyank Panchal,Pradeep Dadhe,4,0,,,,,,,,,
1244312,2020/21,2021-01-10,Motibaug Cricket Ground,1,3.6,Gujarat,Maharashtra,Dhruv Raval,Priyank Panchal,Pradeep Dadhe,4,0,,,,,,,,,
1244312,2020/21,2021-01-10,Motibaug Cricket Ground,1,4.1,Gujarat,Maharashtra,Priyank Panchal,Dhruv Raval,Satyajeet Bachhav,1,0,,,,,,,,,
1244312,2020/21,2021-01-10,Motibaug Cricket Ground,1,4.2,Gujarat,Maharashtra,Dhruv Raval,Priyank Panchal,Satyajeet Bachhav,1,0,,,,,,,,,
1244312,2020/21,2021-01-10,Motibaug Cricket Ground,1,4.3,Gujarat,Maharashtra,Priyank Panchal,Dhruv Raval,Satyajeet Bachhav,6,0,,,,,,,,,
1244312,2020/21,2021-01-10,Motibaug Cricket Ground,1,4.4,Gujarat,Maharashtra,Priyank Panchal,Dhruv Raval,Satyajeet Bachhav,0,0,,,,,,,,,
1244312,2020/21,2021-01-10,Motibaug Cricket Ground,1,4.5,Gujarat,Maharashtra,Priyank Panchal,Dhruv Raval,Satyajeet Bachhav,1,0,,,,,,,,,
1244312,2020/21,2021-01-10,Motibaug Cricket Ground,1,4.6,Gujarat,Maharashtra,Dhruv Raval,Priyank Panchal,Satyajeet Bachhav,0,0,,,,,,,,,
1244312,2020/21,2021-01-10,Motibaug Cricket Ground,1,5.1,Gujarat,Maharashtra,Priyank Panchal,Dhruv Raval,SM Kazi,1,0,,,,,,,,,
1244312,2020/21,2021-01-10,Motibaug Cricket Ground,1,5.2,Gujarat,Maharashtra,Dhruv Raval,Priyank Panchal,SM Kazi,0,0,,,,,,,,,
1244312,2020/21,2021-01-10,Motibaug Cricket Ground,1,5.3,Gujarat,Maharashtra,Dhruv Raval,Priyank Panchal,SM Kazi,2,0,,,,,,,,,
1244312,2020/21,2021-01-10,Motibaug Cricket Ground,1,5.4,Gujarat,Maharashtra,Dhruv Raval,Priyank Panchal,SM Kazi,0,0,,,,,,bowled,Dhruv Raval,,
1244312,2020/21,2021-01-10,Motibaug Cricket Ground,1,5.5,Gujarat,Maharashtra,Urvil Patel,Priyank Panchal,SM Kazi,1,0,,,,,,,,,
1244312,2020/21,2021-01-10,Motibaug Cricket Ground,1,5.6,Gujarat,Maharashtra,Priyank Panchal,Urvil Patel,SM Kazi,0,0,,,,,,,,,
1244312,2020/21,2021-01-10,Motibaug Cricket Ground,1,6.1,Gujarat,Maharashtra,Urvil Patel,Priyank Panchal,Satyajeet Bachhav,2,0,,,,,,,,,
1244312,2020/21,2021-01-10,Motibaug Cricket Ground,1,6.2,Gujarat,Maharashtra,Urvil Patel,Priyank Panchal,Satyajeet Bachhav,0,0,,,,,,,,,
1244312,2020/21,2021-01-10,Motibaug Cricket Ground,1,6.3,Gujarat,Maharashtra,Urvil Patel,Priyank Panchal,Satyajeet Bachhav,0,0,,,,,,,,,
1244312,2020/21,2021-01-10,Motibaug Cricket Ground,1,6.4,Gujarat,Maharashtra,Urvil Patel,Priyank Panchal,Satyajeet Bachhav,0,0,,,,,,,,,
1244312,2020/21,2021-01-10,Motibaug Cricket Ground,1,6.5,Gujarat,Maharashtra,Urvil Patel,Priyank Panchal,Satyajeet Bachhav,1,0,,,,,,,,,
1244312,2020/21,2021-01-10,Motibaug Cricket Ground,1,6.6,Gujarat,Maharashtra,Priyank Panchal,Urvil Patel,Satyajeet Bachhav,0,0,,,,,,caught,Priyank Panchal,,
1244312,2020/21,2021-01-10,Motibaug Cricket Ground,1,7.1,Gujarat,Maharashtra,AR Patel,Urvil Patel,SM Kazi,0,0,,,,,,,,,
1244312,2020/21,2021-01-10,Motibaug Cricket Ground,1,7.2,Gujarat,Maharashtra,AR Patel,Urvil Patel,SM Kazi,0,0,,,,,,,,,
1244312,2020/21,2021-01-10,Motibaug Cricket Ground,1,7.3,Gujarat,Maharashtra,AR Patel,Urvil Patel,SM Kazi,1,0,,,,,,,,,
1244312,2020/21,2021-01-10,Motibaug Cricket Ground,1,7.4,Gujarat,Maharashtra,Urvil Patel,AR Patel,SM Kazi,4,0,,,,,,,,,
1244312,2020/21,2021-01-10,Motibaug Cricket Ground,1,7.5,Gujarat,Maharashtra,Urvil Patel,AR Patel,SM Kazi,1,0,,,,,,,,,
1244312,2020/21,2021-01-10,Motibaug Cricket Ground,1,7.6,Gujarat,Maharashtra,AR Patel,Urvil Patel,SM Kazi,0,0,,,,,,,,,
1244312,2020/21,2021-01-10,Motibaug Cricket Ground,1,8.1,Gujarat,Maharashtra,Urvil Patel,AR Patel,Azim Kazi,0,0,,,,,,,,,
1244312,2020/21,2021-01-10,Motibaug Cricket Ground,1,8.2,Gujarat,Maharashtra,Urvil Patel,AR Patel,Azim Kazi,2,0,,,,,,,,,
1244312,2020/21,2021-01-10,Motibaug Cricket Ground,1,8.3,Gujarat,Maharashtra,Urvil Patel,AR Patel,Azim Kazi,0,0,,,,,,,,,
1244312,2020/21,2021-01-10,Motibaug Cricket Ground,1,8.4,Gujarat,Maharashtra,Urvil Patel,AR Patel,Azim Kazi,0,0,,,,,,,,,
1244312,2020/21,2021-01-10,Motibaug Cricket Ground,1,8.5,Gujarat,Maharashtra,Urvil Patel,AR Patel,Azim Kazi,1,0,,,,,,,,,
1244312,2020/21,2021-01-10,Motibaug Cricket Ground,1,8.6,Gujarat,Maharashtra,AR Patel,Urvil Patel,Azim Kazi,1,0,,,,,,,,,
1244312,2020/21,2021-01-10,Motibaug Cricket Ground,1,9.1,Gujarat,Maharashtra,AR Patel,Urvil Patel,SM Kazi,1,0,,,,,,,,,
1244312,2020/21,2021-01-10,Motibaug Cricket Ground,1,9.2,Gujarat,Maharashtra,Urvil Patel,AR Patel,SM Kazi,1,0,,,,,,,,,
1244312,2020/21,2021-01-10,Motibaug Cricket Ground,1,9.3,Gujarat,Maharashtra,AR Patel,Urvil Patel,SM Kazi,1,0,,,,,,,,,
1244312,2020/21,2021-01-10,Motibaug Cricket Ground,1,9.4,Gujarat,Maharashtra,Urvil Patel,AR Patel,SM Kazi,1,0,,,,,,,,,
1244312,2020/21,2021-01-10,Motibaug Cricket Ground,1,9.5,Gujarat,Maharashtra,AR Patel,Urvil Patel,SM Kazi,1,0,,,,,,,,,
1244312,2020/21,2021-01-10,Motibaug Cricket Ground,1,9.6,Gujarat,Maharashtra,Urvil Patel,AR Patel,SM Kazi,1,0,,,,,,,,,
1244312,2020/21,2021-01-10,Motibaug Cricket Ground,1,10.1,Gujarat,Maharashtra,Urvil Patel,AR Patel,Azim Kazi,1,0,,,,,,,,,
1244312,2020/21,2021-01-10,Motibaug Cricket Ground,1,10.2,Gujarat,Maharashtra,AR Patel,Urvil Patel,Azim Kazi,4,0,,,,,,,,,
1244312,2020/21,2021-01-10,Motibaug Cricket Ground,1,10.3,Gujarat,Maharashtra,AR Patel,Urvil Patel,Azim Kazi,4,0,,,,,,,,,
1244312,2020/21,2021-01-10,Motibaug Cricket Ground,1,10.4,Gujarat,Maharashtra,AR Patel,Urvil Patel,Azim Kazi,4,0,,,,,,,,,
1244312,2020/21,2021-01-10,Motibaug Cricket Ground,1,10.5,Gujarat,Maharashtra,AR Patel,Urvil Patel,Azim Kazi,0,0,,,,,,,,,
1244312,2020/21,2021-01-10,Motibaug Cricket Ground,1,10.6,Gujarat,Maharashtra,AR Patel,Urvil Patel,Azim Kazi,4,0,,,,,,,,,
1244312,2020/21,2021-01-10,Motibaug Cricket Ground,1,11.1,Gujarat,Maharashtra,Urvil Patel,AR Patel,MD Ingale,0,0,,,,,,,,,
1244312,2020/21,2021-01-10,Motibaug Cricket Ground,1,11.2,Gujarat,Maharashtra,Urvil Patel,AR Patel,MD Ingale,0,0,,,,,,,,,
1244312,2020/21,2021-01-10,Motibaug Cricket Ground,1,11.3,Gujarat,Maharashtra,Urvil Patel,AR Patel,MD Ingale,0,0,,,,,,,,,
1244312,2020/21,2021-01-10,Motibaug Cricket Ground,1,11.4,Gujarat,Maharashtra,Urvil Patel,AR Patel,MD Ingale,6,0,,,,,,,,,
1244312,2020/21,2021-01-10,Motibaug Cricket Ground,1,11.5,Gujarat,Maharashtra,Urvil Patel,AR Patel,MD Ingale,0,0,,,,,,,,,
1244312,2020/21,2021-01-10,Motibaug Cricket Ground,1,11.6,Gujarat,Maharashtra,Urvil Patel,AR Patel,MD Ingale,1,0,,,,,,,,,
1244312,2020/21,2021-01-10,Motibaug Cricket Ground,1,12.1,Gujarat,Maharashtra,Urvil Patel,AR Patel,Satyajeet Bachhav,2,0,,,,,,,,,
1244312,2020/21,2021-01-10,Motibaug Cricket Ground,1,12.2,Gujarat,Maharashtra,Urvil Patel,AR Patel,Satyajeet Bachhav,0,0,,,,,,caught,Urvil Patel,,
1244312,2020/21,2021-01-10,Motibaug Cricket Ground,1,12.3,Gujarat,Maharashtra,Chirag Gandhi,AR Patel,Satyajeet Bachhav,0,0,,,,,,,,,
1244312,2020/21,2021-01-10,Motibaug Cricket Ground,1,12.4,Gujarat,Maharashtra,Chirag Gandhi,AR Patel,Satyajeet Bachhav,1,0,,,,,,,,,
1244312,2020/21,2021-01-10,Motibaug Cricket Ground,1,12.5,Gujarat,Maharashtra,AR Patel,Chirag Gandhi,Satyajeet Bachhav,0,0,,,,,,,,,
1244312,2020/21,2021-01-10,Motibaug Cricket Ground,1,12.6,Gujarat,Maharashtra,AR Patel,Chirag Gandhi,Satyajeet Bachhav,1,0,,,,,,,,,
1244312,2020/21,2021-01-10,Motibaug Cricket Ground,1,13.1,Gujarat,Maharashtra,AR Patel,Chirag Gandhi,SM Kazi,4,0,,,,,,,,,
1244312,2020/21,2021-01-10,Motibaug Cricket Ground,1,13.2,Gujarat,Maharashtra,AR Patel,Chirag Gandhi,SM Kazi,1,0,,,,,,,,,
1244312,2020/21,2021-01-10,Motibaug Cricket Ground,1,13.3,Gujarat,Maharashtra,Chirag Gandhi,AR Patel,SM Kazi,0,0,,,,,,,,,
1244312,2020/21,2021-01-10,Motibaug Cricket Ground,1,13.4,Gujarat,Maharashtra,Chirag Gandhi,AR Patel,SM Kazi,0,0,,,,,,caught,Chirag Gandhi,,
1244312,2020/21,2021-01-10,Motibaug Cricket Ground,1,13.5,Gujarat,Maharashtra,PP Chawla,AR Patel,SM Kazi,0,0,,,,,,,,,
1244312,2020/21,2021-01-10,Motibaug Cricket Ground,1,13.6,Gujarat,Maharashtra,PP Chawla,AR Patel,SM Kazi,0,0,,,,,,,,,
1244312,2020/21,2021-01-10,Motibaug Cricket Ground,1,14.1,Gujarat,Maharashtra,AR Patel,PP Chawla,Pradeep Dadhe,0,0,,,,,,,,,
1244312,2020/21,2021-01-10,Motibaug Cricket Ground,1,14.2,Gujarat,Maharashtra,AR Patel,PP Chawla,Pradeep Dadhe,1,0,,,,,,,,,
1244312,2020/21,2021-01-10,Motibaug Cricket Ground,1,14.3,Gujarat,Maharashtra,PP Chawla,AR Patel,Pradeep Dadhe,1,0,,,,,,,,,
1244312,2020/21,2021-01-10,Motibaug Cricket Ground,1,14.4,Gujarat,Maharashtra,AR Patel,PP Chawla,Pradeep Dadhe,1,0,,,,,,,,,
1244312,2020/21,2021-01-10,Motibaug Cricket Ground,1,14.5,Gujarat,Maharashtra,PP Chawla,AR Patel,Pradeep Dadhe,1,0,,,,,,,,,
1244312,2020/21,2021-01-10,Motibaug Cricket Ground,1,14.6,Gujarat,Maharashtra,AR Patel,PP Chawla,Pradeep Dadhe,0,0,,,,,,,,,
1244312,2020/21,2021-01-10,Motibaug Cricket Ground,1,15.1,Gujarat,Maharashtra,PP Chawla,AR Patel,Mukesh Choudhary,4,0,,,,,,,,,
1244312,2020/21,2021-01-10,Motibaug Cricket Ground,1,15.2,Gujarat,Maharashtra,PP Chawla,AR Patel,Mukesh Choudhary,4,0,,,,,,,,,
1244312,2020/21,2021-01-10,Motibaug Cricket Ground,1,15.3,Gujarat,Maharashtra,PP Chawla,AR Patel,Mukesh Choudhary,1,0,,,,,,,,,
1244312,2020/21,2021-01-10,Motibaug Cricket Ground,1,15.4,Gujarat,Maharashtra,AR Patel,PP Chawla,Mukesh Choudhary,1,0,,,,,,,,,
1244312,2020/21,2021-01-10,Motibaug Cricket Ground,1,15.5,Gujarat,Maharashtra,PP Chawla,AR Patel,Mukesh Choudhary,0,0,,,,,,caught,PP Chawla,,
1244312,2020/21,2021-01-10,Motibaug Cricket Ground,1,15.6,Gujarat,Maharashtra,AR Patel,RV Patel,Mukesh Choudhary,0,0,,,,,,bowled,AR Patel,,
1244312,2020/21,2021-01-10,Motibaug Cricket Ground,1,16.1,Gujarat,Maharashtra,RV Patel,Roosh Kalaria,Satyajeet Bachhav,0,0,,,,,,,,,
1244312,2020/21,2021-01-10,Motibaug Cricket Ground,1,16.2,Gujarat,Maharashtra,RV Patel,Roosh Kalaria,Satyajeet Bachhav,2,0,,,,,,,,,
1244312,2020/21,2021-01-10,Motibaug Cricket Ground,1,16.3,Gujarat,Maharashtra,RV Patel,Roosh Kalaria,Satyajeet Bachhav,4,0,,,,,,,,,
1244312,2020/21,2021-01-10,Motibaug Cricket Ground,1,16.4,Gujarat,Maharashtra,RV Patel,Roosh Kalaria,Satyajeet Bachhav,0,0,,,,,,,,,
1244312,2020/21,2021-01-10,Motibaug Cricket Ground,1,16.5,Gujarat,Maharashtra,RV Patel,Roosh Kalaria,Satyajeet Bachhav,0,0,,,,,,,,,
1244312,2020/21,2021-01-10,Motibaug Cricket Ground,1,16.6,Gujarat,Maharashtra,RV Patel,Roosh Kalaria,Satyajeet Bachhav,1,0,,,,,,,,,
1244312,2020/21,2021-01-10,Motibaug Cricket Ground,1,17.1,Gujarat,Maharashtra,RV Patel,Roosh Kalaria,Azim Kazi,0,0,,,,,,,,,
1244312,2020/21,2021-01-10,Motibaug Cricket Ground,1,17.2,Gujarat,Maharashtra,RV Patel,Roosh Kalaria,Azim Kazi,2,0,,,,,,,,,
1244312,2020/21,2021-01-10,Motibaug Cricket Ground,1,17.3,Gujarat,Maharashtra,RV Patel,Roosh Kalaria,Azim Kazi,0,0,,,,,,,,,
1244312,2020/21,2021-01-10,Motibaug Cricket Ground,1,17.4,Gujarat,Maharashtra,RV Patel,Roosh Kalaria,Azim Kazi,6,0,,,,,,,,,
1244312,2020/21,2021-01-10,Motibaug Cricket Ground,1,17.5,Gujarat,Maharashtra,RV Patel,Roosh Kalaria,Azim Kazi,6,0,,,,,,,,,
1244312,2020/21,2021-01-10,Motibaug Cricket Ground,1,17.6,Gujarat,Maharashtra,RV Patel,Roosh Kalaria,Azim Kazi,1,0,,,,,,,,,
1244312,2020/21,2021-01-10,Motibaug Cricket Ground,1,18.1,Gujarat,Maharashtra,RV Patel,Roosh Kalaria,Mukesh Choudhary,4,0,,,,,,,,,
1244312,2020/21,2021-01-10,Motibaug Cricket Ground,1,18.2,Gujarat,Maharashtra,RV Patel,Roosh Kalaria,Mukesh Choudhary,2,0,,,,,,,,,
1244312,2020/21,2021-01-10,Motibaug Cricket Ground,1,18.3,Gujarat,Maharashtra,RV Patel,Roosh Kalaria,Mukesh Choudhary,1,0,,,,,,,,,
1244312,2020/21,2021-01-10,Motibaug Cricket Ground,1,18.4,Gujarat,Maharashtra,Roosh Kalaria,RV Patel,Mukesh Choudhary,0,1,,,,1,,,,,
1244312,2020/21,2021-01-10,Motibaug Cricket Ground,1,18.5,Gujarat,Maharashtra,RV Patel,Roosh Kalaria,Mukesh Choudhary,0,0,,,,,,,,,
1244312,2020/21,2021-01-10,Motibaug Cricket Ground,1,18.6,Gujarat,Maharashtra,RV Patel,Roosh Kalaria,Mukesh Choudhary,0,0,,,,,,caught,RV Patel,,
1244312,2020/21,2021-01-10,Motibaug Cricket Ground,1,19.1,Gujarat,Maharashtra,Chintan Gaja,Roosh Kalaria,MD Ingale,2,0,,,,,,,,,
1244312,2020/21,2021-01-10,Motibaug Cricket Ground,1,19.2,Gujarat,Maharashtra,Chintan Gaja,Roosh Kalaria,MD Ingale,0,0,,,,,,caught,Chintan Gaja,,
1244312,2020/21,2021-01-10,Motibaug Cricket Ground,1,19.3,Gujarat,Maharashtra,Roosh Kalaria,A Nagwaswalla,MD Ingale,0,0,,,,,,,,,
1244312,2020/21,2021-01-10,Motibaug Cricket Ground,1,19.4,Gujarat,Maharashtra,Roosh Kalaria,A Nagwaswalla,MD Ingale,6,0,,,,,,,,,
1244312,2020/21,2021-01-10,Motibaug Cricket Ground,1,19.5,Gujarat,Maharashtra,Roosh Kalaria,A Nagwaswalla,MD Ingale,1,0,,,,,,,,,
1244312,2020/21,2021-01-10,Motibaug Cricket Ground,1,19.6,Gujarat,Maharashtra,A Nagwaswalla,Roosh Kalaria,MD Ingale,1,0,,,,,,,,,
1244312,2020/21,2021-01-10,Motibaug Cricket Ground,2,0.1,Maharashtra,Gujarat,RD Gaikwad,RA Tripathi,AR Patel,0,0,,,,,,,,,
1244312,2020/21,2021-01-10,Motibaug Cricket Ground,2,0.2,Maharashtra,Gujarat,RD Gaikwad,RA Tripathi,AR Patel,0,0,,,,,,,,,
1244312,2020/21,2021-01-10,Motibaug Cricket Ground,2,0.3,Maharashtra,Gujarat,RD Gaikwad,RA Tripathi,AR Patel,4,0,,,,,,,,,
1244312,2020/21,2021-01-10,Motibaug Cricket Ground,2,0.4,Maharashtra,Gujarat,RD Gaikwad,RA Tripathi,AR Patel,6,0,,,,,,,,,
1244312,2020/21,2021-01-10,Motibaug Cricket Ground,2,0.5,Maharashtra,Gujarat,RD Gaikwad,RA Tripathi,AR Patel,0,0,,,,,,,,,
1244312,2020/21,2021-01-10,Motibaug Cricket Ground,2,0.6,Maharashtra,Gujarat,RD Gaikwad,RA Tripathi,AR Patel,0,0,,,,,,,,,
1244312,2020/21,2021-01-10,Motibaug Cricket Ground,2,1.1,Maharashtra,Gujarat,RA Tripathi,RD Gaikwad,Chintan Gaja,0,0,,,,,,,,,
1244312,2020/21,2021-01-10,Motibaug Cricket Ground,2,1.2,Maharashtra,Gujarat,RA Tripathi,RD Gaikwad,Chintan Gaja,0,0,,,,,,,,,
1244312,2020/21,2021-01-10,Motibaug Cricket Ground,2,1.3,Maharashtra,Gujarat,RA Tripathi,RD Gaikwad,Chintan Gaja,1,0,,,,,,,,,
1244312,2020/21,2021-01-10,Motibaug Cricket Ground,2,1.4,Maharashtra,Gujarat,RD Gaikwad,RA Tripathi,Chintan Gaja,4,0,,,,,,,,,
1244312,2020/21,2021-01-10,Motibaug Cricket Ground,2,1.5,Maharashtra,Gujarat,RD Gaikwad,RA Tripathi,Chintan Gaja,0,0,,,,,,,,,
1244312,2020/21,2021-01-10,Motibaug Cricket Ground,2,1.6,Maharashtra,Gujarat,RD Gaikwad,RA Tripathi,Chintan Gaja,1,0,,,,,,,,,
1244312,2020/21,2021-01-10,Motibaug Cricket Ground,2,2.1,Maharashtra,Gujarat,RD Gaikwad,RA Tripathi,Roosh Kalaria,0,0,,,,,,,,,
1244312,2020/21,2021-01-10,Motibaug Cricket Ground,2,2.2,Maharashtra,Gujarat,RD Gaikwad,RA Tripathi,Roosh Kalaria,1,0,,,,,,,,,
1244312,2020/21,2021-01-10,Motibaug Cricket Ground,2,2.3,Maharashtra,Gujarat,RA Tripathi,RD Gaikwad,Roosh Kalaria,0,0,,,,,,,,,
1244312,2020/21,2021-01-10,Motibaug Cricket Ground,2,2.4,Maharashtra,Gujarat,RA Tripathi,RD Gaikwad,Roosh Kalaria,0,0,,,,,,,,,
1244312,2020/21,2021-01-10,Motibaug Cricket Ground,2,2.5,Maharashtra,Gujarat,RA Tripathi,RD Gaikwad,Roosh Kalaria,1,0,,,,,,,,,
1244312,2020/21,2021-01-10,Motibaug Cricket Ground,2,2.6,Maharashtra,Gujarat,RD Gaikwad,RA Tripathi,Roosh Kalaria,1,0,,,,,,,,,
1244312,2020/21,2021-01-10,Motibaug Cricket Ground,2,3.1,Maharashtra,Gujarat,RD Gaikwad,RA Tripathi,Chintan Gaja,6,0,,,,,,,,,
1244312,2020/21,2021-01-10,Motibaug Cricket Ground,2,3.2,Maharashtra,Gujarat,RD Gaikwad,RA Tripathi,Chintan Gaja,1,0,,,,,,,,,
1244312,2020/21,2021-01-10,Motibaug Cricket Ground,2,3.3,Maharashtra,Gujarat,RA Tripathi,RD Gaikwad,Chintan Gaja,2,0,,,,,,,,,
1244312,2020/21,2021-01-10,Motibaug Cricket Ground,2,3.4,Maharashtra,Gujarat,RA Tripathi,RD Gaikwad,Chintan Gaja,0,0,,,,,,,,,
1244312,2020/21,2021-01-10,Motibaug Cricket Ground,2,3.5,Maharashtra,Gujarat,RA Tripathi,RD Gaikwad,Chintan Gaja,0,0,,,,,,,,,
1244312,2020/21,2021-01-10,Motibaug Cricket Ground,2,3.6,Maharashtra,Gujarat,RA Tripathi,RD Gaikwad,Chintan Gaja,0,0,,,,,,,,,
1244312,2020/21,2021-01-10,Motibaug Cricket Ground,2,4.1,Maharashtra,Gujarat,RD Gaikwad,RA Tripathi,A Nagwaswalla,1,0,,,,,,,,,
1244312,2020/21,2021-01-10,Motibaug Cricket Ground,2,4.2,Maharashtra,Gujarat,RA Tripathi,RD Gaikwad,A Nagwaswalla,1,0,,,,,,,,,
1244312,2020/21,2021-01-10,Motibaug Cricket Ground,2,4.3,Maharashtra,Gujarat,RD Gaikwad,RA Tripathi,A Nagwaswalla,1,0,,,,,,,,,
1244312,2020/21,2021-01-10,Motibaug Cricket Ground,2,4.4,Maharashtra,Gujarat,RA Tripathi,RD Gaikwad,A Nagwaswalla,0,0,,,,,,caught,RA Tripathi,,
1244312,2020/21,2021-01-10,Motibaug Cricket Ground,2,4.5,Maharashtra,Gujarat,RD Gaikwad,KM Jadhav,A Nagwaswalla,0,0,,,,,,,,,
1244312,2020/21,2021-01-10,Motibaug Cricket Ground,2,4.6,Maharashtra,Gujarat,RD Gaikwad,KM Jadhav,A Nagwaswalla,0,0,,,,,,,,,
1244312,2020/21,2021-01-10,Motibaug Cricket Ground,2,5.1,Maharashtra,Gujarat,KM Jadhav,RD Gaikwad,Roosh Kalaria,0,0,,,,,,,,,
1244312,2020/21,2021-01-10,Motibaug Cricket Ground,2,5.2,Maharashtra,Gujarat,KM Jadhav,RD Gaikwad,Roosh Kalaria,1,0,,,,,,,,,
1244312,2020/21,2021-01-10,Motibaug Cricket Ground,2,5.3,Maharashtra,Gujarat,RD Gaikwad,KM Jadhav,Roosh Kalaria,0,0,,,,,,caught,RD Gaikwad,,
1244312,2020/21,2021-01-10,Motibaug Cricket Ground,2,5.4,Maharashtra,Gujarat,KM Jadhav,Naushad Shaikh,Roosh Kalaria,6,0,,,,,,,,,
1244312,2020/21,2021-01-10,Motibaug Cricket Ground,2,5.5,Maharashtra,Gujarat,KM Jadhav,Naushad Shaikh,Roosh Kalaria,0,0,,,,,,,,,
1244312,2020/21,2021-01-10,Motibaug Cricket Ground,2,5.6,Maharashtra,Gujarat,KM Jadhav,Naushad Shaikh,Roosh Kalaria,0,0,,,,,,,,,
1244312,2020/21,2021-01-10,Motibaug Cricket Ground,2,6.1,Maharashtra,Gujarat,Naushad Shaikh,KM Jadhav,A Nagwaswalla,0,0,,,,,,,,,
1244312,2020/21,2021-01-10,Motibaug Cricket Ground,2,6.2,Maharashtra,Gujarat,Naushad Shaikh,KM Jadhav,A Nagwaswalla,1,0,,,,,,,,,
1244312,2020/21,2021-01-10,Motibaug Cricket Ground,2,6.3,Maharashtra,Gujarat,KM Jadhav,Naushad Shaikh,A Nagwaswalla,0,0,,,,,,caught,KM Jadhav,,
1244312,2020/21,2021-01-10,Motibaug Cricket Ground,2,6.4,Maharashtra,Gujarat,Naushad Shaikh,Azim Kazi,A Nagwaswalla,1,0,,,,,,,,,
1244312,2020/21,2021-01-10,Motibaug Cricket Ground,2,6.5,Maharashtra,Gujarat,Azim Kazi,Naushad Shaikh,A Nagwaswalla,1,0,,,,,,,,,
1244312,2020/21,2021-01-10,Motibaug Cricket Ground,2,6.6,Maharashtra,Gujarat,Naushad Shaikh,Azim Kazi,A Nagwaswalla,0,0,,,,,,,,,
1244312,2020/21,2021-01-10,Motibaug Cricket Ground,2,7.1,Maharashtra,Gujarat,Azim Kazi,Naushad Shaikh,PP Chawla,0,0,,,,,,,,,
1244312,2020/21,2021-01-10,Motibaug Cricket Ground,2,7.2,Maharashtra,Gujarat,Azim Kazi,Naushad Shaikh,PP Chawla,0,0,,,,,,,,,
1244312,2020/21,2021-01-10,Motibaug Cricket Ground,2,7.3,Maharashtra,Gujarat,Azim Kazi,Naushad Shaikh,PP Chawla,6,0,,,,,,,,,
1244312,2020/21,2021-01-10,Motibaug Cricket Ground,2,7.4,Maharashtra,Gujarat,Azim Kazi,Naushad Shaikh,PP Chawla,0,0,,,,,,,,,
1244312,2020/21,2021-01-10,Motibaug Cricket Ground,2,7.5,Maharashtra,Gujarat,Azim Kazi,Naushad Shaikh,PP Chawla,1,0,,,,,,,,,
1244312,2020/21,2021-01-10,Motibaug Cricket Ground,2,7.6,Maharashtra,Gujarat,Naushad Shaikh,Azim Kazi,PP Chawla,0,0,,,,,,,,,
1244312,2020/21,2021-01-10,Motibaug Cricket Ground,2,8.1,Maharashtra,Gujarat,Azim Kazi,Naushad Shaikh,AR Patel,1,0,,,,,,,,,
1244312,2020/21,2021-01-10,Motibaug Cricket Ground,2,8.2,Maharashtra,Gujarat,Naushad Shaikh,Azim Kazi,AR Patel,1,0,,,,,,,,,
1244312,2020/21,2021-01-10,Motibaug Cricket Ground,2,8.3,Maharashtra,Gujarat,Azim Kazi,Naushad Shaikh,AR Patel,0,0,,,,,,,,,
1244312,2020/21,2021-01-10,Motibaug Cricket Ground,2,8.4,Maharashtra,Gujarat,Azim Kazi,Naushad Shaikh,AR Patel,1,0,,,,,,,,,
1244312,2020/21,2021-01-10,Motibaug Cricket Ground,2,8.5,Maharashtra,Gujarat,Naushad Shaikh,Azim Kazi,AR Patel,0,0,,,,,,,,,
1244312,2020/21,2021-01-10,Motibaug Cricket Ground,2,8.6,Maharashtra,Gujarat,Naushad Shaikh,Azim Kazi,AR Patel,1,0,,,,,,,,,
1244312,2020/21,2021-01-10,Motibaug Cricket Ground,2,9.1,Maharashtra,Gujarat,Naushad Shaikh,Azim Kazi,PP Chawla,6,0,,,,,,,,,
1244312,2020/21,2021-01-10,Motibaug Cricket Ground,2,9.2,Maharashtra,Gujarat,Naushad Shaikh,Azim Kazi,PP Chawla,0,0,,,,,,,,,
1244312,2020/21,2021-01-10,Motibaug Cricket Ground,2,9.3,Maharashtra,Gujarat,Naushad Shaikh,Azim Kazi,PP Chawla,2,0,,,,,,,,,
1244312,2020/21,2021-01-10,Motibaug Cricket Ground,2,9.4,Maharashtra,Gujarat,Naushad Shaikh,Azim Kazi,PP Chawla,1,0,,,,,,,,,
1244312,2020/21,2021-01-10,Motibaug Cricket Ground,2,9.5,Maharashtra,Gujarat,Azim Kazi,Naushad Shaikh,PP Chawla,1,0,,,,,,,,,
1244312,2020/21,2021-01-10,Motibaug Cricket Ground,2,9.6,Maharashtra,Gujarat,Naushad Shaikh,Azim Kazi,PP Chawla,0,0,,,,,,,,,
1244312,2020/21,2021-01-10,Motibaug Cricket Ground,2,10.1,Maharashtra,Gujarat,Azim Kazi,Naushad Shaikh,AR Patel,1,0,,,,,,,,,
1244312,2020/21,2021-01-10,Motibaug Cricket Ground,2,10.2,Maharashtra,Gujarat,Naushad Shaikh,Azim Kazi,AR Patel,1,0,,,,,,,,,
1244312,2020/21,2021-01-10,Motibaug Cricket Ground,2,10.3,Maharashtra,Gujarat,Azim Kazi,Naushad Shaikh,AR Patel,1,0,,,,,,,,,
1244312,2020/21,2021-01-10,Motibaug Cricket Ground,2,10.4,Maharashtra,Gujarat,Naushad Shaikh,Azim Kazi,AR Patel,1,0,,,,,,,,,
1244312,2020/21,2021-01-10,Motibaug Cricket Ground,2,10.5,Maharashtra,Gujarat,Azim Kazi,Naushad Shaikh,AR Patel,1,0,,,,,,,,,
1244312,2020/21,2021-01-10,Motibaug Cricket Ground,2,10.6,Maharashtra,Gujarat,Naushad Shaikh,Azim Kazi,AR Patel,1,0,,,,,,,,,
1244312,2020/21,2021-01-10,Motibaug Cricket Ground,2,11.1,Maharashtra,Gujarat,Naushad Shaikh,Azim Kazi,HP Patel,1,0,,,,,,,,,
1244312,2020/21,2021-01-10,Motibaug Cricket Ground,2,11.2,Maharashtra,Gujarat,Azim Kazi,Naushad Shaikh,HP Patel,0,0,,,,,,,,,
1244312,2020/21,2021-01-10,Motibaug Cricket Ground,2,11.3,Maharashtra,Gujarat,Azim Kazi,Naushad Shaikh,HP Patel,1,0,,,,,,,,,
1244312,2020/21,2021-01-10,Motibaug Cricket Ground,2,11.4,Maharashtra,Gujarat,Naushad Shaikh,Azim Kazi,HP Patel,1,0,,,,,,,,,
1244312,2020/21,2021-01-10,Motibaug Cricket Ground,2,11.5,Maharashtra,Gujarat,Azim Kazi,Naushad Shaikh,HP Patel,0,0,,,,,,,,,
1244312,2020/21,2021-01-10,Motibaug Cricket Ground,2,11.6,Maharashtra,Gujarat,Azim Kazi,Naushad Shaikh,HP Patel,0,0,,,,,,,,,
1244312,2020/21,2021-01-10,Motibaug Cricket Ground,2,12.1,Maharashtra,Gujarat,Naushad Shaikh,Azim Kazi,PP Chawla,1,0,,,,,,,,,
1244312,2020/21,2021-01-10,Motibaug Cricket Ground,2,12.2,Maharashtra,Gujarat,Azim Kazi,Naushad Shaikh,PP Chawla,1,0,,,,,,,,,
1244312,2020/21,2021-01-10,Motibaug Cricket Ground,2,12.3,Maharashtra,Gujarat,Naushad Shaikh,Azim Kazi,PP Chawla,2,0,,,,,,,,,
1244312,2020/21,2021-01-10,Motibaug Cricket Ground,2,12.4,Maharashtra,Gujarat,Naushad Shaikh,Azim Kazi,PP Chawla,2,0,,,,,,,,,
1244312,2020/21,2021-01-10,Motibaug Cricket Ground,2,12.5,Maharashtra,Gujarat,Naushad Shaikh,Azim Kazi,PP Chawla,0,0,,,,,,,,,
1244312,2020/21,2021-01-10,Motibaug Cricket Ground,2,12.6,Maharashtra,Gujarat,Naushad Shaikh,Azim Kazi,PP Chawla,1,0,,,,,,,,,
1244312,2020/21,2021-01-10,Motibaug Cricket Ground,2,13.1,Maharashtra,Gujarat,Naushad Shaikh,Azim Kazi,HP Patel,1,0,,,,,,,,,
1244312,2020/21,2021-01-10,Motibaug Cricket Ground,2,13.2,Maharashtra,Gujarat,Azim Kazi,Naushad Shaikh,HP Patel,6,0,,,,,,,,,
1244312,2020/21,2021-01-10,Motibaug Cricket Ground,2,13.3,Maharashtra,Gujarat,Azim Kazi,Naushad Shaikh,HP Patel,0,1,1,,,,,,,,
1244312,2020/21,2021-01-10,Motibaug Cricket Ground,2,13.4,Maharashtra,Gujarat,Azim Kazi,Naushad Shaikh,HP Patel,0,0,,,,,,caught,Azim Kazi,,
1244312,2020/21,2021-01-10,Motibaug Cricket Ground,2,13.5,Maharashtra,Gujarat,NS Naik,Naushad Shaikh,HP Patel,1,0,,,,,,,,,
1244312,2020/21,2021-01-10,Motibaug Cricket Ground,2,13.6,Maharashtra,Gujarat,Naushad Shaikh,NS Naik,HP Patel,1,0,,,,,,,,,
1244312,2020/21,2021-01-10,Motibaug Cricket Ground,2,13.7,Maharashtra,Gujarat,NS Naik,Naushad Shaikh,HP Patel,1,0,,,,,,,,,
1244312,2020/21,2021-01-10,Motibaug Cricket Ground,2,14.1,Maharashtra,Gujarat,NS Naik,Naushad Shaikh,AR Patel,0,0,,,,,,,,,
1244312,2020/21,2021-01-10,Motibaug Cricket Ground,2,14.2,Maharashtra,Gujarat,NS Naik,Naushad Shaikh,AR Patel,1,0,,,,,,,,,
1244312,2020/21,2021-01-10,Motibaug Cricket Ground,2,14.3,Maharashtra,Gujarat,Naushad Shaikh,NS Naik,AR Patel,1,0,,,,,,,,,
1244312,2020/21,2021-01-10,Motibaug Cricket Ground,2,14.4,Maharashtra,Gujarat,NS Naik,Naushad Shaikh,AR Patel,0,0,,,,,,,,,
1244312,2020/21,2021-01-10,Motibaug Cricket Ground,2,14.5,Maharashtra,Gujarat,NS Naik,Naushad Shaikh,AR Patel,1,0,,,,,,,,,
1244312,2020/21,2021-01-10,Motibaug Cricket Ground,2,14.6,Maharashtra,Gujarat,Naushad Shaikh,NS Naik,AR Patel,1,0,,,,,,,,,
1244312,2020/21,2021-01-10,Motibaug Cricket Ground,2,15.1,Maharashtra,Gujarat,Naushad Shaikh,NS Naik,PP Chawla,1,0,,,,,,,,,
1244312,2020/21,2021-01-10,Motibaug Cricket Ground,2,15.2,Maharashtra,Gujarat,NS Naik,Naushad Shaikh,PP Chawla,1,0,,,,,,,,,
1244312,2020/21,2021-01-10,Motibaug Cricket Ground,2,15.3,Maharashtra,Gujarat,Naushad Shaikh,NS Naik,PP Chawla,0,0,,,,,,run out,NS Naik,,
1244312,2020/21,2021-01-10,Motibaug Cricket Ground,2,15.4,Maharashtra,Gujarat,Satyajeet Bachhav,Naushad Shaikh,PP Chawla,0,0,,,,,,,,,
1244312,2020/21,2021-01-10,Motibaug Cricket Ground,2,15.5,Maharashtra,Gujarat,Satyajeet Bachhav,Naushad Shaikh,PP Chawla,1,0,,,,,,,,,
1244312,2020/21,2021-01-10,Motibaug Cricket Ground,2,15.6,Maharashtra,Gujarat,Naushad Shaikh,Satyajeet Bachhav,PP Chawla,0,0,,,,,,,,,
1244312,2020/21,2021-01-10,Motibaug Cricket Ground,2,16.1,Maharashtra,Gujarat,Satyajeet Bachhav,Naushad Shaikh,HP Patel,0,1,1,,,,,,,,
1244312,2020/21,2021-01-10,Motibaug Cricket Ground,2,16.2,Maharashtra,Gujarat,Satyajeet Bachhav,Naushad Shaikh,HP Patel,0,0,,,,,,caught,Satyajeet Bachhav,,
1244312,2020/21,2021-01-10,Motibaug Cricket Ground,2,16.3,Maharashtra,Gujarat,SM Kazi,Naushad Shaikh,HP Patel,0,0,,,,,,,,,
1244312,2020/21,2021-01-10,Motibaug Cricket Ground,2,16.4,Maharashtra,Gujarat,SM Kazi,Naushad Shaikh,HP Patel,1,0,,,,,,,,,
1244312,2020/21,2021-01-10,Motibaug Cricket Ground,2,16.5,Maharashtra,Gujarat,Naushad Shaikh,SM Kazi,HP Patel,1,0,,,,,,,,,
1244312,2020/21,2021-01-10,Motibaug Cricket Ground,2,16.6,Maharashtra,Gujarat,SM Kazi,Naushad Shaikh,HP Patel,1,0,,,,,,,,,
1244312,2020/21,2021-01-10,Motibaug Cricket Ground,2,16.7,Maharashtra,Gujarat,Naushad Shaikh,SM Kazi,HP Patel,1,0,,,,,,,,,
1244312,2020/21,2021-01-10,Motibaug Cricket Ground,2,17.1,Maharashtra,Gujarat,Naushad Shaikh,SM Kazi,A Nagwaswalla,0,0,,,,,,caught,Naushad Shaikh,,
1244312,2020/21,2021-01-10,Motibaug Cricket Ground,2,17.2,Maharashtra,Gujarat,SM Kazi,MD Ingale,A Nagwaswalla,4,0,,,,,,,,,
1244312,2020/21,2021-01-10,Motibaug Cricket Ground,2,17.3,Maharashtra,Gujarat,SM Kazi,MD Ingale,A Nagwaswalla,0,0,,,,,,caught,SM Kazi,,
1244312,2020/21,2021-01-10,Motibaug Cricket Ground,2,17.4,Maharashtra,Gujarat,Mukesh Choudhary,MD Ingale,A Nagwaswalla,0,0,,,,,,,,,
1244312,2020/21,2021-01-10,Motibaug Cricket Ground,2,17.5,Maharashtra,Gujarat,Mukesh Choudhary,MD Ingale,A Nagwaswalla,4,0,,,,,,,,,
1244312,2020/21,2021-01-10,Motibaug Cricket Ground,2,17.6,Maharashtra,Gujarat,Mukesh Choudhary,MD Ingale,A Nagwaswalla,4,0,,,,,,,,,
1244312,2020/21,2021-01-10,Motibaug Cricket Ground,2,18.1,Maharashtra,Gujarat,MD Ingale,Mukesh Choudhary,Roosh Kalaria,1,0,,,,,,,,,
1244312,2020/21,2021-01-10,Motibaug Cricket Ground,2,18.2,Maharashtra,Gujarat,Mukesh Choudhary,MD Ingale,Roosh Kalaria,1,0,,,,,,,,,
1244312,2020/21,2021-01-10,Motibaug Cricket Ground,2,18.3,Maharashtra,Gujarat,MD Ingale,Mukesh Choudhary,Roosh Kalaria,4,0,,,,,,,,,
1244312,2020/21,2021-01-10,Motibaug Cricket Ground,2,18.4,Maharashtra,Gujarat,MD Ingale,Mukesh Choudhary,Roosh Kalaria,1,0,,,,,,,,,
1244312,2020/21,2021-01-10,Motibaug Cricket Ground,2,18.5,Maharashtra,Gujarat,Mukesh Choudhary,MD Ingale,Roosh Kalaria,1,0,,,,,,,,,
1244312,2020/21,2021-01-10,Motibaug Cricket Ground,2,18.6,Maharashtra,Gujarat,MD Ingale,Mukesh Choudhary,Roosh Kalaria,6,0,,,,,,,,,
1244312,2020/21,2021-01-10,Motibaug Cricket Ground,2,19.1,Maharashtra,Gujarat,Mukesh Choudhary,MD Ingale,A Nagwaswalla,1,0,,,,,,,,,
1244312,2020/21,2021-01-10,Motibaug Cricket Ground,2,19.2,Maharashtra,Gujarat,MD Ingale,Mukesh Choudhary,A Nagwaswalla,0,0,,,,,,bowled,MD Ingale,,
1244312,2020/21,2021-01-10,Motibaug Cricket Ground,2,19.3,Maharashtra,Gujarat,Pradeep Dadhe,Mukesh Choudhary,A Nagwaswalla,0,0,,,,,,caught,Pradeep Dadhe,,
