match_id,season,start_date,venue,innings,ball,batting_team,bowling_team,striker,non_striker,bowler,runs_off_bat,extras,wides,noballs,byes,legbyes,penalty,wicket_type,player_dismissed,other_wicket_type,other_player_dismissed
1244372,2020/21,2021-01-17,Holkar Stadium,1,0.1,Goa,Rajasthan,Eknath Kerkar,Aditya Kaushik,Tanveer Ul-Haq,1,0,,,,,,,,,
1244372,2020/21,2021-01-17,Holkar Stadium,1,0.2,Goa,Rajasthan,Aditya Kaushik,Eknath Kerkar,Tanveer Ul-Haq,0,0,,,,,,,,,
1244372,2020/21,2021-01-17,Holkar Stadium,1,0.3,Goa,Rajasthan,Aditya Kaushik,Eknath Kerkar,Tanveer Ul-Haq,1,0,,,,,,,,,
1244372,2020/21,2021-01-17,Holkar Stadium,1,0.4,Goa,Rajasthan,Eknath Kerkar,Aditya Kaushik,Tanveer Ul-Haq,0,0,,,,,,,,,
1244372,2020/21,2021-01-17,Holkar Stadium,1,0.5,Goa,Rajasthan,Eknath Kerkar,Aditya Kaushik,Tanveer Ul-Haq,4,0,,,,,,,,,
1244372,2020/21,2021-01-17,Holkar Stadium,1,0.6,Goa,Rajasthan,Eknath Kerkar,Aditya Kaushik,Tanveer Ul-Haq,0,0,,,,,,,,,
1244372,2020/21,2021-01-17,Holkar Stadium,1,1.1,Goa,Rajasthan,Aditya Kaushik,Eknath Kerkar,A Choudhary,0,0,,,,,,,,,
1244372,2020/21,2021-01-17,Holkar Stadium,1,1.2,Goa,Rajasthan,Aditya Kaushik,Eknath Kerkar,A Choudhary,0,0,,,,,,,,,
1244372,2020/21,2021-01-17,Holkar Stadium,1,1.3,Goa,Rajasthan,Aditya Kaushik,Eknath Kerkar,A Choudhary,0,0,,,,,,,,,
1244372,2020/21,2021-01-17,Holkar Stadium,1,1.4,Goa,Rajasthan,Aditya Kaushik,Eknath Kerkar,A Choudhary,4,0,,,,,,,,,
1244372,2020/21,2021-01-17,Holkar Stadium,1,1.5,Goa,Rajasthan,Aditya Kaushik,Eknath Kerkar,A Choudhary,0,0,,,,,,,,,
1244372,2020/21,2021-01-17,Holkar Stadium,1,1.6,Goa,Rajasthan,Aditya Kaushik,Eknath Kerkar,A Choudhary,4,0,,,,,,,,,
1244372,2020/21,2021-01-17,Holkar Stadium,1,2.1,Goa,Rajasthan,Eknath Kerkar,Aditya Kaushik,Tanveer Ul-Haq,0,1,1,,,,,,,,
1244372,2020/21,2021-01-17,Holkar Stadium,1,2.2,Goa,Rajasthan,Eknath Kerkar,Aditya Kaushik,Tanveer Ul-Haq,0,0,,,,,,,,,
1244372,2020/21,2021-01-17,Holkar Stadium,1,2.3,Goa,Rajasthan,Eknath Kerkar,Aditya Kaushik,Tanveer Ul-Haq,0,0,,,,,,,,,
1244372,2020/21,2021-01-17,Holkar Stadium,1,2.4,Goa,Rajasthan,Eknath Kerkar,Aditya Kaushik,Tanveer Ul-Haq,6,0,,,,,,,,,
1244372,2020/21,2021-01-17,Holkar Stadium,1,2.5,Goa,Rajasthan,Eknath Kerkar,Aditya Kaushik,Tanveer Ul-Haq,1,0,,,,,,,,,
1244372,2020/21,2021-01-17,Holkar Stadium,1,2.6,Goa,Rajasthan,Aditya Kaushik,Eknath Kerkar,Tanveer Ul-Haq,1,0,,,,,,,,,
1244372,2020/21,2021-01-17,Holkar Stadium,1,2.7,Goa,Rajasthan,Eknath Kerkar,Aditya Kaushik,Tanveer Ul-Haq,4,0,,,,,,,,,
1244372,2020/21,2021-01-17,Holkar Stadium,1,3.1,Goa,Rajasthan,Aditya Kaushik,Eknath Kerkar,KK Ahmed,0,0,,,,,,,,,
1244372,2020/21,2021-01-17,Holkar Stadium,1,3.2,Goa,Rajasthan,Aditya Kaushik,Eknath Kerkar,KK Ahmed,0,1,1,,,,,,,,
1244372,2020/21,2021-01-17,Holkar Stadium,1,3.3,Goa,Rajasthan,Aditya Kaushik,Eknath Kerkar,KK Ahmed,4,0,,,,,,,,,
1244372,2020/21,2021-01-17,Holkar Stadium,1,3.4,Goa,Rajasthan,Aditya Kaushik,Eknath Kerkar,KK Ahmed,0,0,,,,,,,,,
1244372,2020/21,2021-01-17,Holkar Stadium,1,3.5,Goa,Rajasthan,Aditya Kaushik,Eknath Kerkar,KK Ahmed,0,0,,,,,,,,,
1244372,2020/21,2021-01-17,Holkar Stadium,1,3.6,Goa,Rajasthan,Aditya Kaushik,Eknath Kerkar,KK Ahmed,4,0,,,,,,,,,
1244372,2020/21,2021-01-17,Holkar Stadium,1,3.7,Goa,Rajasthan,Aditya Kaushik,Eknath Kerkar,KK Ahmed,0,0,,,,,,,,,
1244372,2020/21,2021-01-17,Holkar Stadium,1,4.1,Goa,Rajasthan,Eknath Kerkar,Aditya Kaushik,A Choudhary,0,0,,,,,,,,,
1244372,2020/21,2021-01-17,Holkar Stadium,1,4.2,Goa,Rajasthan,Eknath Kerkar,Aditya Kaushik,A Choudhary,1,0,,,,,,,,,
1244372,2020/21,2021-01-17,Holkar Stadium,1,4.3,Goa,Rajasthan,Aditya Kaushik,Eknath Kerkar,A Choudhary,1,0,,,,,,,,,
1244372,2020/21,2021-01-17,Holkar Stadium,1,4.4,Goa,Rajasthan,Eknath Kerkar,Aditya Kaushik,A Choudhary,1,0,,,,,,,,,
1244372,2020/21,2021-01-17,Holkar Stadium,1,4.5,Goa,Rajasthan,Aditya Kaushik,Eknath Kerkar,A Choudhary,0,0,,,,,,caught,Aditya Kaushik,,
1244372,2020/21,2021-01-17,Holkar Stadium,1,4.6,Goa,Rajasthan,Snehal Kauthankar,Eknath Kerkar,A Choudhary,0,0,,,,,,,,,
1244372,2020/21,2021-01-17,Holkar Stadium,1,5.1,Goa,Rajasthan,Eknath Kerkar,Snehal Kauthankar,RD Chahar,0,0,,,,,,,,,
1244372,2020/21,2021-01-17,Holkar Stadium,1,5.2,Goa,Rajasthan,Eknath Kerkar,Snehal Kauthankar,RD Chahar,2,0,,,,,,,,,
1244372,2020/21,2021-01-17,Holkar Stadium,1,5.3,Goa,Rajasthan,Eknath Kerkar,Snehal Kauthankar,RD Chahar,0,0,,,,,,,,,
1244372,2020/21,2021-01-17,Holkar Stadium,1,5.4,Goa,Rajasthan,Eknath Kerkar,Snehal Kauthankar,RD Chahar,4,0,,,,,,,,,
1244372,2020/21,2021-01-17,Holkar Stadium,1,5.5,Goa,Rajasthan,Eknath Kerkar,Snehal Kauthankar,RD Chahar,0,0,,,,,,,,,
1244372,2020/21,2021-01-17,Holkar Stadium,1,5.6,Goa,Rajasthan,Eknath Kerkar,Snehal Kauthankar,RD Chahar,0,0,,,,,,,,,
1244372,2020/21,2021-01-17,Holkar Stadium,1,6.1,Goa,Rajasthan,Snehal Kauthankar,Eknath Kerkar,Ravi Bishnoi,1,0,,,,,,,,,
1244372,2020/21,2021-01-17,Holkar Stadium,1,6.2,Goa,Rajasthan,Eknath Kerkar,Snehal Kauthankar,Ravi Bishnoi,1,0,,,,,,,,,
1244372,2020/21,2021-01-17,Holkar Stadium,1,6.3,Goa,Rajasthan,Snehal Kauthankar,Eknath Kerkar,Ravi Bishnoi,1,0,,,,,,,,,
1244372,2020/21,2021-01-17,Holkar Stadium,1,6.4,Goa,Rajasthan,Eknath Kerkar,Snehal Kauthankar,Ravi Bishnoi,1,0,,,,,,,,,
1244372,2020/21,2021-01-17,Holkar Stadium,1,6.5,Goa,Rajasthan,Snehal Kauthankar,Eknath Kerkar,Ravi Bishnoi,1,0,,,,,,,,,
1244372,2020/21,2021-01-17,Holkar Stadium,1,6.6,Goa,Rajasthan,Eknath Kerkar,Snehal Kauthankar,Ravi Bishnoi,1,0,,,,,,,,,
1244372,2020/21,2021-01-17,Holkar Stadium,1,7.1,Goa,Rajasthan,Eknath Kerkar,Snehal Kauthankar,RD Chahar,1,0,,,,,,,,,
1244372,2020/21,2021-01-17,Holkar Stadium,1,7.2,Goa,Rajasthan,Snehal Kauthankar,Eknath Kerkar,RD Chahar,1,0,,,,,,,,,
1244372,2020/21,2021-01-17,Holkar Stadium,1,7.3,Goa,Rajasthan,Eknath Kerkar,Snehal Kauthankar,RD Chahar,2,0,,,,,,,,,
1244372,2020/21,2021-01-17,Holkar Stadium,1,7.4,Goa,Rajasthan,Eknath Kerkar,Snehal Kauthankar,RD Chahar,1,0,,,,,,,,,
1244372,2020/21,2021-01-17,Holkar Stadium,1,7.5,Goa,Rajasthan,Snehal Kauthankar,Eknath Kerkar,RD Chahar,1,0,,,,,,,,,
1244372,2020/21,2021-01-17,Holkar Stadium,1,7.6,Goa,Rajasthan,Eknath Kerkar,Snehal Kauthankar,RD Chahar,1,0,,,,,,,,,
1244372,2020/21,2021-01-17,Holkar Stadium,1,8.1,Goa,Rajasthan,Eknath Kerkar,Snehal Kauthankar,Ravi Bishnoi,1,0,,,,,,,,,
1244372,2020/21,2021-01-17,Holkar Stadium,1,8.2,Goa,Rajasthan,Snehal Kauthankar,Eknath Kerkar,Ravi Bishnoi,0,0,,,,,,caught,Snehal Kauthankar,,
1244372,2020/21,2021-01-17,Holkar Stadium,1,8.3,Goa,Rajasthan,Amit Verma,Eknath Kerkar,Ravi Bishnoi,0,0,,,,,,,,,
1244372,2020/21,2021-01-17,Holkar Stadium,1,8.4,Goa,Rajasthan,Amit Verma,Eknath Kerkar,Ravi Bishnoi,0,0,,,,,,,,,
1244372,2020/21,2021-01-17,Holkar Stadium,1,8.5,Goa,Rajasthan,Amit Verma,Eknath Kerkar,Ravi Bishnoi,2,0,,,,,,,,,
1244372,2020/21,2021-01-17,Holkar Stadium,1,8.6,Goa,Rajasthan,Amit Verma,Eknath Kerkar,Ravi Bishnoi,6,0,,,,,,,,,
1244372,2020/21,2021-01-17,Holkar Stadium,1,9.1,Goa,Rajasthan,Eknath Kerkar,Amit Verma,Tanveer Ul-Haq,1,0,,,,,,,,,
1244372,2020/21,2021-01-17,Holkar Stadium,1,9.2,Goa,Rajasthan,Amit Verma,Eknath Kerkar,Tanveer Ul-Haq,1,0,,,,,,,,,
1244372,2020/21,2021-01-17,Holkar Stadium,1,9.3,Goa,Rajasthan,Eknath Kerkar,Amit Verma,Tanveer Ul-Haq,1,0,,,,,,,,,
1244372,2020/21,2021-01-17,Holkar Stadium,1,9.4,Goa,Rajasthan,Amit Verma,Eknath Kerkar,Tanveer Ul-Haq,1,0,,,,,,,,,
1244372,2020/21,2021-01-17,Holkar Stadium,1,9.5,Goa,Rajasthan,Eknath Kerkar,Amit Verma,Tanveer Ul-Haq,0,0,,,,,,,,,
1244372,2020/21,2021-01-17,Holkar Stadium,1,9.6,Goa,Rajasthan,Eknath Kerkar,Amit Verma,Tanveer Ul-Haq,2,0,,,,,,,,,
1244372,2020/21,2021-01-17,Holkar Stadium,1,10.1,Goa,Rajasthan,Amit Verma,Eknath Kerkar,Ravi Bishnoi,6,0,,,,,,,,,
1244372,2020/21,2021-01-17,Holkar Stadium,1,10.2,Goa,Rajasthan,Amit Verma,Eknath Kerkar,Ravi Bishnoi,0,0,,,,,,,,,
1244372,2020/21,2021-01-17,Holkar Stadium,1,10.3,Goa,Rajasthan,Amit Verma,Eknath Kerkar,Ravi Bishnoi,1,0,,,,,,,,,
1244372,2020/21,2021-01-17,Holkar Stadium,1,10.4,Goa,Rajasthan,Eknath Kerkar,Amit Verma,Ravi Bishnoi,1,0,,,,,,,,,
1244372,2020/21,2021-01-17,Holkar Stadium,1,10.5,Goa,Rajasthan,Amit Verma,Eknath Kerkar,Ravi Bishnoi,1,0,,,,,,,,,
1244372,2020/21,2021-01-17,Holkar Stadium,1,10.6,Goa,Rajasthan,Eknath Kerkar,Amit Verma,Ravi Bishnoi,0,0,,,,,,bowled,Eknath Kerkar,,
1244372,2020/21,2021-01-17,Holkar Stadium,1,11.1,Goa,Rajasthan,Amit Verma,Amogh Desai,Tanveer Ul-Haq,0,0,,,,,,,,,
1244372,2020/21,2021-01-17,Holkar Stadium,1,11.2,Goa,Rajasthan,Amit Verma,Amogh Desai,Tanveer Ul-Haq,1,0,,,,,,,,,
1244372,2020/21,2021-01-17,Holkar Stadium,1,11.3,Goa,Rajasthan,Amogh Desai,Amit Verma,Tanveer Ul-Haq,0,0,,,,,,,,,
1244372,2020/21,2021-01-17,Holkar Stadium,1,11.4,Goa,Rajasthan,Amogh Desai,Amit Verma,Tanveer Ul-Haq,1,0,,,,,,,,,
1244372,2020/21,2021-01-17,Holkar Stadium,1,11.5,Goa,Rajasthan,Amit Verma,Amogh Desai,Tanveer Ul-Haq,0,0,,,,,,,,,
1244372,2020/21,2021-01-17,Holkar Stadium,1,11.6,Goa,Rajasthan,Amit Verma,Amogh Desai,Tanveer Ul-Haq,1,0,,,,,,,,,
1244372,2020/21,2021-01-17,Holkar Stadium,1,12.1,Goa,Rajasthan,Amit Verma,Amogh Desai,RD Chahar,1,0,,,,,,,,,
1244372,2020/21,2021-01-17,Holkar Stadium,1,12.2,Goa,Rajasthan,Amogh Desai,Amit Verma,RD Chahar,6,0,,,,,,,,,
1244372,2020/21,2021-01-17,Holkar Stadium,1,12.3,Goa,Rajasthan,Amogh Desai,Amit Verma,RD Chahar,0,0,,,,,,run out,Amogh Desai,,
1244372,2020/21,2021-01-17,Holkar Stadium,1,12.4,Goa,Rajasthan,SS Prabhudessai,Amit Verma,RD Chahar,0,0,,,,,,,,,
1244372,2020/21,2021-01-17,Holkar Stadium,1,12.5,Goa,Rajasthan,SS Prabhudessai,Amit Verma,RD Chahar,1,0,,,,,,,,,
1244372,2020/21,2021-01-17,Holkar Stadium,1,12.6,Goa,Rajasthan,Amit Verma,SS Prabhudessai,RD Chahar,1,0,,,,,,,,,
1244372,2020/21,2021-01-17,Holkar Stadium,1,13.1,Goa,Rajasthan,Amit Verma,SS Prabhudessai,Ravi Bishnoi,0,0,,,,,,,,,
1244372,2020/21,2021-01-17,Holkar Stadium,1,13.2,Goa,Rajasthan,Amit Verma,SS Prabhudessai,Ravi Bishnoi,0,0,,,,,,caught,Amit Verma,,
1244372,2020/21,2021-01-17,Holkar Stadium,1,13.3,Goa,Rajasthan,Darshan Misal,SS Prabhudessai,Ravi Bishnoi,0,0,,,,,,,,,
1244372,2020/21,2021-01-17,Holkar Stadium,1,13.4,Goa,Rajasthan,Darshan Misal,SS Prabhudessai,Ravi Bishnoi,1,0,,,,,,,,,
1244372,2020/21,2021-01-17,Holkar Stadium,1,13.5,Goa,Rajasthan,SS Prabhudessai,Darshan Misal,Ravi Bishnoi,0,0,,,,,,,,,
1244372,2020/21,2021-01-17,Holkar Stadium,1,13.6,Goa,Rajasthan,SS Prabhudessai,Darshan Misal,Ravi Bishnoi,0,1,1,,,,,,,,
1244372,2020/21,2021-01-17,Holkar Stadium,1,13.7,Goa,Rajasthan,SS Prabhudessai,Darshan Misal,Ravi Bishnoi,0,0,,,,,,,,,
1244372,2020/21,2021-01-17,Holkar Stadium,1,14.1,Goa,Rajasthan,Darshan Misal,SS Prabhudessai,KK Ahmed,1,0,,,,,,,,,
1244372,2020/21,2021-01-17,Holkar Stadium,1,14.2,Goa,Rajasthan,SS Prabhudessai,Darshan Misal,KK Ahmed,0,0,,,,,,,,,
1244372,2020/21,2021-01-17,Holkar Stadium,1,14.3,Goa,Rajasthan,SS Prabhudessai,Darshan Misal,KK Ahmed,1,0,,,,,,,,,
1244372,2020/21,2021-01-17,Holkar Stadium,1,14.4,Goa,Rajasthan,Darshan Misal,SS Prabhudessai,KK Ahmed,0,0,,,,,,,,,
1244372,2020/21,2021-01-17,Holkar Stadium,1,14.5,Goa,Rajasthan,Darshan Misal,SS Prabhudessai,KK Ahmed,1,0,,,,,,,,,
1244372,2020/21,2021-01-17,Holkar Stadium,1,14.6,Goa,Rajasthan,SS Prabhudessai,Darshan Misal,KK Ahmed,0,1,,,,1,,,,,
1244372,2020/21,2021-01-17,Holkar Stadium,1,15.1,Goa,Rajasthan,SS Prabhudessai,Darshan Misal,RD Chahar,6,0,,,,,,,,,
1244372,2020/21,2021-01-17,Holkar Stadium,1,15.2,Goa,Rajasthan,SS Prabhudessai,Darshan Misal,RD Chahar,0,0,,,,,,,,,
1244372,2020/21,2021-01-17,Holkar Stadium,1,15.3,Goa,Rajasthan,SS Prabhudessai,Darshan Misal,RD Chahar,1,0,,,,,,,,,
1244372,2020/21,2021-01-17,Holkar Stadium,1,15.4,Goa,Rajasthan,Darshan Misal,SS Prabhudessai,RD Chahar,0,0,,,,,,,,,
1244372,2020/21,2021-01-17,Holkar Stadium,1,15.5,Goa,Rajasthan,Darshan Misal,SS Prabhudessai,RD Chahar,2,0,,,,,,,,,
1244372,2020/21,2021-01-17,Holkar Stadium,1,15.6,Goa,Rajasthan,Darshan Misal,SS Prabhudessai,RD Chahar,1,0,,,,,,,,,
1244372,2020/21,2021-01-17,Holkar Stadium,1,16.1,Goa,Rajasthan,Darshan Misal,SS Prabhudessai,KK Ahmed,1,0,,,,,,,,,
1244372,2020/21,2021-01-17,Holkar Stadium,1,16.2,Goa,Rajasthan,SS Prabhudessai,Darshan Misal,KK Ahmed,0,0,,,,,,,,,
1244372,2020/21,2021-01-17,Holkar Stadium,1,16.3,Goa,Rajasthan,SS Prabhudessai,Darshan Misal,KK Ahmed,4,0,,,,,,,,,
1244372,2020/21,2021-01-17,Holkar Stadium,1,16.4,Goa,Rajasthan,SS Prabhudessai,Darshan Misal,KK Ahmed,4,0,,,,,,,,,
1244372,2020/21,2021-01-17,Holkar Stadium,1,16.5,Goa,Rajasthan,SS Prabhudessai,Darshan Misal,KK Ahmed,0,1,,,,1,,,,,
1244372,2020/21,2021-01-17,Holkar Stadium,1,16.6,Goa,Rajasthan,Darshan Misal,SS Prabhudessai,KK Ahmed,1,0,,,,,,,,,
1244372,2020/21,2021-01-17,Holkar Stadium,1,17.1,Goa,Rajasthan,Darshan Misal,SS Prabhudessai,A Choudhary,1,0,,,,,,,,,
1244372,2020/21,2021-01-17,Holkar Stadium,1,17.2,Goa,Rajasthan,SS Prabhudessai,Darshan Misal,A Choudhary,1,0,,,,,,,,,
1244372,2020/21,2021-01-17,Holkar Stadium,1,17.3,Goa,Rajasthan,Darshan Misal,SS Prabhudessai,A Choudhary,1,0,,,,,,,,,
1244372,2020/21,2021-01-17,Holkar Stadium,1,17.4,Goa,Rajasthan,SS Prabhudessai,Darshan Misal,A Choudhary,1,0,,,,,,,,,
1244372,2020/21,2021-01-17,Holkar Stadium,1,17.5,Goa,Rajasthan,Darshan Misal,SS Prabhudessai,A Choudhary,1,0,,,,,,,,,
1244372,2020/21,2021-01-17,Holkar Stadium,1,17.6,Goa,Rajasthan,SS Prabhudessai,Darshan Misal,A Choudhary,0,1,1,,,,,,,,
1244372,2020/21,2021-01-17,Holkar Stadium,1,17.7,Goa,Rajasthan,SS Prabhudessai,Darshan Misal,A Choudhary,4,0,,,,,,,,,
1244372,2020/21,2021-01-17,Holkar Stadium,1,18.1,Goa,Rajasthan,Darshan Misal,SS Prabhudessai,KK Ahmed,4,0,,,,,,,,,
1244372,2020/21,2021-01-17,Holkar Stadium,1,18.2,Goa,Rajasthan,Darshan Misal,SS Prabhudessai,KK Ahmed,0,0,,,,,,caught,Darshan Misal,,
1244372,2020/21,2021-01-17,Holkar Stadium,1,18.3,Goa,Rajasthan,SS Prabhudessai,Lakshay Garg,KK Ahmed,2,0,,,,,,,,,
1244372,2020/21,2021-01-17,Holkar Stadium,1,18.4,Goa,Rajasthan,SS Prabhudessai,Lakshay Garg,KK Ahmed,6,0,,,,,,,,,
1244372,2020/21,2021-01-17,Holkar Stadium,1,18.5,Goa,Rajasthan,SS Prabhudessai,Lakshay Garg,KK Ahmed,1,0,,,,,,,,,
1244372,2020/21,2021-01-17,Holkar Stadium,1,18.6,Goa,Rajasthan,Lakshay Garg,SS Prabhudessai,KK Ahmed,4,0,,,,,,,,,
1244372,2020/21,2021-01-17,Holkar Stadium,1,19.1,Goa,Rajasthan,SS Prabhudessai,Lakshay Garg,A Choudhary,2,0,,,,,,,,,
1244372,2020/21,2021-01-17,Holkar Stadium,1,19.2,Goa,Rajasthan,SS Prabhudessai,Lakshay Garg,A Choudhary,1,0,,,,,,,,,
1244372,2020/21,2021-01-17,Holkar Stadium,1,19.3,Goa,Rajasthan,Lakshay Garg,SS Prabhudessai,A Choudhary,1,0,,,,,,,,,
1244372,2020/21,2021-01-17,Holkar Stadium,1,19.4,Goa,Rajasthan,SS Prabhudessai,Lakshay Garg,A Choudhary,0,0,,,,,,caught,SS Prabhudessai,,
1244372,2020/21,2021-01-17,Holkar Stadium,1,19.5,Goa,Rajasthan,MG Sirur,Lakshay Garg,A Choudhary,1,0,,,,,,,,,
1244372,2020/21,2021-01-17,Holkar Stadium,1,19.6,Goa,Rajasthan,Lakshay Garg,MG Sirur,A Choudhary,1,0,,,,,,,,,
1244372,2020/21,2021-01-17,Holkar Stadium,2,0.1,Rajasthan,Goa,BS Sharma,Ankit Lamba,Lakshay Garg,4,0,,,,,,,,,
1244372,2020/21,2021-01-17,Holkar Stadium,2,0.2,Rajasthan,Goa,BS Sharma,Ankit Lamba,Lakshay Garg,4,0,,,,,,,,,
1244372,2020/21,2021-01-17,Holkar Stadium,2,0.3,Rajasthan,Goa,BS Sharma,Ankit Lamba,Lakshay Garg,0,0,,,,,,,,,
1244372,2020/21,2021-01-17,Holkar Stadium,2,0.4,Rajasthan,Goa,BS Sharma,Ankit Lamba,Lakshay Garg,6,0,,,,,,,,,
1244372,2020/21,2021-01-17,Holkar Stadium,2,0.5,Rajasthan,Goa,BS Sharma,Ankit Lamba,Lakshay Garg,0,0,,,,,,,,,
1244372,2020/21,2021-01-17,Holkar Stadium,2,0.6,Rajasthan,Goa,BS Sharma,Ankit Lamba,Lakshay Garg,0,0,,,,,,bowled,BS Sharma,,
1244372,2020/21,2021-01-17,Holkar Stadium,2,1.1,Rajasthan,Goa,Ankit Lamba,R Bishnoi,Felix Alemao,4,0,,,,,,,,,
1244372,2020/21,2021-01-17,Holkar Stadium,2,1.2,Rajasthan,Goa,Ankit Lamba,R Bishnoi,Felix Alemao,4,0,,,,,,,,,
1244372,2020/21,2021-01-17,Holkar Stadium,2,1.3,Rajasthan,Goa,Ankit Lamba,R Bishnoi,Felix Alemao,0,0,,,,,,,,,
1244372,2020/21,2021-01-17,Holkar Stadium,2,1.4,Rajasthan,Goa,Ankit Lamba,R Bishnoi,Felix Alemao,0,0,,,,,,,,,
1244372,2020/21,2021-01-17,Holkar Stadium,2,1.5,Rajasthan,Goa,Ankit Lamba,R Bishnoi,Felix Alemao,0,0,,,,,,,,,
1244372,2020/21,2021-01-17,Holkar Stadium,2,1.6,Rajasthan,Goa,Ankit Lamba,R Bishnoi,Felix Alemao,0,0,,,,,,,,,
1244372,2020/21,2021-01-17,Holkar Stadium,2,2.1,Rajasthan,Goa,R Bishnoi,Ankit Lamba,Vijesh Prabhudessai,0,0,,,,,,,,,
1244372,2020/21,2021-01-17,Holkar Stadium,2,2.2,Rajasthan,Goa,R Bishnoi,Ankit Lamba,Vijesh Prabhudessai,4,0,,,,,,,,,
1244372,2020/21,2021-01-17,Holkar Stadium,2,2.3,Rajasthan,Goa,R Bishnoi,Ankit Lamba,Vijesh Prabhudessai,1,0,,,,,,,,,
1244372,2020/21,2021-01-17,Holkar Stadium,2,2.4,Rajasthan,Goa,Ankit Lamba,R Bishnoi,Vijesh Prabhudessai,4,0,,,,,,,,,
1244372,2020/21,2021-01-17,Holkar Stadium,2,2.5,Rajasthan,Goa,Ankit Lamba,R Bishnoi,Vijesh Prabhudessai,0,1,1,,,,,,,,
1244372,2020/21,2021-01-17,Holkar Stadium,2,2.6,Rajasthan,Goa,Ankit Lamba,R Bishnoi,Vijesh Prabhudessai,0,0,,,,,,,,,
1244372,2020/21,2021-01-17,Holkar Stadium,2,2.7,Rajasthan,Goa,Ankit Lamba,R Bishnoi,Vijesh Prabhudessai,0,0,,,,,,,,,
1244372,2020/21,2021-01-17,Holkar Stadium,2,3.1,Rajasthan,Goa,R Bishnoi,Ankit Lamba,Felix Alemao,0,0,,,,,,,,,
1244372,2020/21,2021-01-17,Holkar Stadium,2,3.2,Rajasthan,Goa,R Bishnoi,Ankit Lamba,Felix Alemao,0,0,,,,,,caught,R Bishnoi,,
1244372,2020/21,2021-01-17,Holkar Stadium,2,3.3,Rajasthan,Goa,Ankit Lamba,AL Menaria,Felix Alemao,2,0,,,,,,,,,
1244372,2020/21,2021-01-17,Holkar Stadium,2,3.4,Rajasthan,Goa,Ankit Lamba,AL Menaria,Felix Alemao,2,0,,,,,,,,,
1244372,2020/21,2021-01-17,Holkar Stadium,2,3.5,Rajasthan,Goa,Ankit Lamba,AL Menaria,Felix Alemao,1,0,,,,,,,,,
1244372,2020/21,2021-01-17,Holkar Stadium,2,3.6,Rajasthan,Goa,AL Menaria,Ankit Lamba,Felix Alemao,1,0,,,,,,,,,
1244372,2020/21,2021-01-17,Holkar Stadium,2,4.1,Rajasthan,Goa,AL Menaria,Ankit Lamba,Vijesh Prabhudessai,0,0,,,,,,,,,
1244372,2020/21,2021-01-17,Holkar Stadium,2,4.2,Rajasthan,Goa,AL Menaria,Ankit Lamba,Vijesh Prabhudessai,0,1,1,,,,,,,,
1244372,2020/21,2021-01-17,Holkar Stadium,2,4.3,Rajasthan,Goa,AL Menaria,Ankit Lamba,Vijesh Prabhudessai,1,0,,,,,,,,,
1244372,2020/21,2021-01-17,Holkar Stadium,2,4.4,Rajasthan,Goa,Ankit Lamba,AL Menaria,Vijesh Prabhudessai,4,0,,,,,,,,,
1244372,2020/21,2021-01-17,Holkar Stadium,2,4.5,Rajasthan,Goa,Ankit Lamba,AL Menaria,Vijesh Prabhudessai,0,0,,,,,,lbw,Ankit Lamba,,
1244372,2020/21,2021-01-17,Holkar Stadium,2,4.6,Rajasthan,Goa,Arjit Gupta,AL Menaria,Vijesh Prabhudessai,0,0,,,,,,,,,
1244372,2020/21,2021-01-17,Holkar Stadium,2,4.7,Rajasthan,Goa,Arjit Gupta,AL Menaria,Vijesh Prabhudessai,4,0,,,,,,,,,
1244372,2020/21,2021-01-17,Holkar Stadium,2,5.1,Rajasthan,Goa,AL Menaria,Arjit Gupta,Felix Alemao,0,0,,,,,,,,,
1244372,2020/21,2021-01-17,Holkar Stadium,2,5.2,Rajasthan,Goa,AL Menaria,Arjit Gupta,Felix Alemao,4,0,,,,,,,,,
1244372,2020/21,2021-01-17,Holkar Stadium,2,5.3,Rajasthan,Goa,AL Menaria,Arjit Gupta,Felix Alemao,4,0,,,,,,,,,
1244372,2020/21,2021-01-17,Holkar Stadium,2,5.4,Rajasthan,Goa,AL Menaria,Arjit Gupta,Felix Alemao,0,0,,,,,,,,,
1244372,2020/21,2021-01-17,Holkar Stadium,2,5.5,Rajasthan,Goa,AL Menaria,Arjit Gupta,Felix Alemao,1,0,,,,,,,,,
1244372,2020/21,2021-01-17,Holkar Stadium,2,5.6,Rajasthan,Goa,Arjit Gupta,AL Menaria,Felix Alemao,0,0,,,,,,,,,
1244372,2020/21,2021-01-17,Holkar Stadium,2,6.1,Rajasthan,Goa,AL Menaria,Arjit Gupta,Darshan Misal,0,0,,,,,,,,,
1244372,2020/21,2021-01-17,Holkar Stadium,2,6.2,Rajasthan,Goa,AL Menaria,Arjit Gupta,Darshan Misal,1,0,,,,,,,,,
1244372,2020/21,2021-01-17,Holkar Stadium,2,6.3,Rajasthan,Goa,Arjit Gupta,AL Menaria,Darshan Misal,0,0,,,,,,,,,
1244372,2020/21,2021-01-17,Holkar Stadium,2,6.4,Rajasthan,Goa,Arjit Gupta,AL Menaria,Darshan Misal,2,0,,,,,,,,,
1244372,2020/21,2021-01-17,Holkar Stadium,2,6.5,Rajasthan,Goa,Arjit Gupta,AL Menaria,Darshan Misal,0,0,,,,,,,,,
1244372,2020/21,2021-01-17,Holkar Stadium,2,6.6,Rajasthan,Goa,Arjit Gupta,AL Menaria,Darshan Misal,0,0,,,,,,,,,
1244372,2020/21,2021-01-17,Holkar Stadium,2,7.1,Rajasthan,Goa,AL Menaria,Arjit Gupta,MG Sirur,1,0,,,,,,,,,
1244372,2020/21,2021-01-17,Holkar Stadium,2,7.2,Rajasthan,Goa,Arjit Gupta,AL Menaria,MG Sirur,0,0,,,,,,caught,Arjit Gupta,,
1244372,2020/21,2021-01-17,Holkar Stadium,2,7.3,Rajasthan,Goa,MK Lomror,AL Menaria,MG Sirur,1,0,,,,,,,,,
1244372,2020/21,2021-01-17,Holkar Stadium,2,7.4,Rajasthan,Goa,AL Menaria,MK Lomror,MG Sirur,1,0,,,,,,,,,
1244372,2020/21,2021-01-17,Holkar Stadium,2,7.5,Rajasthan,Goa,MK Lomror,AL Menaria,MG Sirur,1,0,,,,,,,,,
1244372,2020/21,2021-01-17,Holkar Stadium,2,7.6,Rajasthan,Goa,AL Menaria,MK Lomror,MG Sirur,0,0,,,,,,,,,
1244372,2020/21,2021-01-17,Holkar Stadium,2,8.1,Rajasthan,Goa,MK Lomror,AL Menaria,Darshan Misal,1,0,,,,,,,,,
1244372,2020/21,2021-01-17,Holkar Stadium,2,8.2,Rajasthan,Goa,AL Menaria,MK Lomror,Darshan Misal,1,0,,,,,,,,,
1244372,2020/21,2021-01-17,Holkar Stadium,2,8.3,Rajasthan,Goa,MK Lomror,AL Menaria,Darshan Misal,1,0,,,,,,,,,
1244372,2020/21,2021-01-17,Holkar Stadium,2,8.4,Rajasthan,Goa,AL Menaria,MK Lomror,Darshan Misal,1,0,,,,,,,,,
1244372,2020/21,2021-01-17,Holkar Stadium,2,8.5,Rajasthan,Goa,MK Lomror,AL Menaria,Darshan Misal,0,1,1,,,,,,,,
1244372,2020/21,2021-01-17,Holkar Stadium,2,8.6,Rajasthan,Goa,MK Lomror,AL Menaria,Darshan Misal,1,0,,,,,,,,,
1244372,2020/21,2021-01-17,Holkar Stadium,2,8.7,Rajasthan,Goa,AL Menaria,MK Lomror,Darshan Misal,0,1,1,,,,,,,,
1244372,2020/21,2021-01-17,Holkar Stadium,2,8.8,Rajasthan,Goa,AL Menaria,MK Lomror,Darshan Misal,1,0,,,,,,,,,
1244372,2020/21,2021-01-17,Holkar Stadium,2,9.1,Rajasthan,Goa,AL Menaria,MK Lomror,MG Sirur,0,0,,,,,,,,,
1244372,2020/21,2021-01-17,Holkar Stadium,2,9.2,Rajasthan,Goa,AL Menaria,MK Lomror,MG Sirur,1,0,,,,,,,,,
1244372,2020/21,2021-01-17,Holkar Stadium,2,9.3,Rajasthan,Goa,MK Lomror,AL Menaria,MG Sirur,1,0,,,,,,,,,
1244372,2020/21,2021-01-17,Holkar Stadium,2,9.4,Rajasthan,Goa,AL Menaria,MK Lomror,MG Sirur,0,0,,,,,,,,,
1244372,2020/21,2021-01-17,Holkar Stadium,2,9.5,Rajasthan,Goa,AL Menaria,MK Lomror,MG Sirur,0,0,,,,,,,,,
1244372,2020/21,2021-01-17,Holkar Stadium,2,9.6,Rajasthan,Goa,AL Menaria,MK Lomror,MG Sirur,4,0,,,,,,,,,
1244372,2020/21,2021-01-17,Holkar Stadium,2,10.1,Rajasthan,Goa,MK Lomror,AL Menaria,Lakshay Garg,1,0,,,,,,,,,
1244372,2020/21,2021-01-17,Holkar Stadium,2,10.2,Rajasthan,Goa,AL Menaria,MK Lomror,Lakshay Garg,0,0,,,,,,,,,
1244372,2020/21,2021-01-17,Holkar Stadium,2,10.3,Rajasthan,Goa,AL Menaria,MK Lomror,Lakshay Garg,1,0,,,,,,,,,
1244372,2020/21,2021-01-17,Holkar Stadium,2,10.4,Rajasthan,Goa,MK Lomror,AL Menaria,Lakshay Garg,1,0,,,,,,,,,
1244372,2020/21,2021-01-17,Holkar Stadium,2,10.5,Rajasthan,Goa,AL Menaria,MK Lomror,Lakshay Garg,0,0,,,,,,,,,
1244372,2020/21,2021-01-17,Holkar Stadium,2,10.6,Rajasthan,Goa,AL Menaria,MK Lomror,Lakshay Garg,1,0,,,,,,,,,
1244372,2020/21,2021-01-17,Holkar Stadium,2,11.1,Rajasthan,Goa,AL Menaria,MK Lomror,MG Sirur,0,0,,,,,,,,,
1244372,2020/21,2021-01-17,Holkar Stadium,2,11.2,Rajasthan,Goa,AL Menaria,MK Lomror,MG Sirur,0,0,,,,,,run out,AL Menaria,,
1244372,2020/21,2021-01-17,Holkar Stadium,2,11.3,Rajasthan,Goa,Tanveer Ul-Haq,MK Lomror,MG Sirur,0,0,,,,,,,,,
1244372,2020/21,2021-01-17,Holkar Stadium,2,11.4,Rajasthan,Goa,Tanveer Ul-Haq,MK Lomror,MG Sirur,1,0,,,,,,,,,
1244372,2020/21,2021-01-17,Holkar Stadium,2,11.5,Rajasthan,Goa,MK Lomror,Tanveer Ul-Haq,MG Sirur,1,0,,,,,,,,,
1244372,2020/21,2021-01-17,Holkar Stadium,2,11.6,Rajasthan,Goa,Tanveer Ul-Haq,MK Lomror,MG Sirur,0,0,,,,,,caught,Tanveer Ul-Haq,,
1244372,2020/21,2021-01-17,Holkar Stadium,2,12.1,Rajasthan,Goa,RD Chahar,MK Lomror,Darshan Misal,0,0,,,,,,,,,
1244372,2020/21,2021-01-17,Holkar Stadium,2,12.2,Rajasthan,Goa,RD Chahar,MK Lomror,Darshan Misal,0,0,,,,,,,,,
1244372,2020/21,2021-01-17,Holkar Stadium,2,12.3,Rajasthan,Goa,RD Chahar,MK Lomror,Darshan Misal,0,0,,,,,,,,,
1244372,2020/21,2021-01-17,Holkar Stadium,2,12.4,Rajasthan,Goa,RD Chahar,MK Lomror,Darshan Misal,1,0,,,,,,,,,
1244372,2020/21,2021-01-17,Holkar Stadium,2,12.5,Rajasthan,Goa,MK Lomror,RD Chahar,Darshan Misal,1,0,,,,,,,,,
1244372,2020/21,2021-01-17,Holkar Stadium,2,12.6,Rajasthan,Goa,RD Chahar,MK Lomror,Darshan Misal,0,0,,,,,,bowled,RD Chahar,,
1244372,2020/21,2021-01-17,Holkar Stadium,2,13.1,Rajasthan,Goa,MK Lomror,Ravi Bishnoi,MG Sirur,0,0,,,,,,,,,
1244372,2020/21,2021-01-17,Holkar Stadium,2,13.2,Rajasthan,Goa,MK Lomror,Ravi Bishnoi,MG Sirur,0,0,,,,,,,,,
1244372,2020/21,2021-01-17,Holkar Stadium,2,13.3,Rajasthan,Goa,MK Lomror,Ravi Bishnoi,MG Sirur,2,0,,,,,,,,,
1244372,2020/21,2021-01-17,Holkar Stadium,2,13.4,Rajasthan,Goa,MK Lomror,Ravi Bishnoi,MG Sirur,0,0,,,,,,,,,
1244372,2020/21,2021-01-17,Holkar Stadium,2,13.5,Rajasthan,Goa,MK Lomror,Ravi Bishnoi,MG Sirur,0,0,,,,,,,,,
1244372,2020/21,2021-01-17,Holkar Stadium,2,13.6,Rajasthan,Goa,MK Lomror,Ravi Bishnoi,MG Sirur,1,0,,,,,,,,,
1244372,2020/21,2021-01-17,Holkar Stadium,2,14.1,Rajasthan,Goa,MK Lomror,Ravi Bishnoi,Darshan Misal,0,0,,,,,,,,,
1244372,2020/21,2021-01-17,Holkar Stadium,2,14.2,Rajasthan,Goa,MK Lomror,Ravi Bishnoi,Darshan Misal,1,0,,,,,,,,,
1244372,2020/21,2021-01-17,Holkar Stadium,2,14.3,Rajasthan,Goa,Ravi Bishnoi,MK Lomror,Darshan Misal,1,0,,,,,,,,,
1244372,2020/21,2021-01-17,Holkar Stadium,2,14.4,Rajasthan,Goa,MK Lomror,Ravi Bishnoi,Darshan Misal,0,0,,,,,,,,,
1244372,2020/21,2021-01-17,Holkar Stadium,2,14.5,Rajasthan,Goa,MK Lomror,Ravi Bishnoi,Darshan Misal,0,0,,,,,,,,,
1244372,2020/21,2021-01-17,Holkar Stadium,2,14.6,Rajasthan,Goa,MK Lomror,Ravi Bishnoi,Darshan Misal,0,0,,,,,,,,,
1244372,2020/21,2021-01-17,Holkar Stadium,2,15.1,Rajasthan,Goa,Ravi Bishnoi,MK Lomror,Lakshay Garg,1,0,,,,,,,,,
1244372,2020/21,2021-01-17,Holkar Stadium,2,15.2,Rajasthan,Goa,MK Lomror,Ravi Bishnoi,Lakshay Garg,0,0,,,,,,,,,
1244372,2020/21,2021-01-17,Holkar Stadium,2,15.3,Rajasthan,Goa,MK Lomror,Ravi Bishnoi,Lakshay Garg,0,0,,,,,,,,,
1244372,2020/21,2021-01-17,Holkar Stadium,2,15.4,Rajasthan,Goa,MK Lomror,Ravi Bishnoi,Lakshay Garg,0,0,,,,,,caught,MK Lomror,,
1244372,2020/21,2021-01-17,Holkar Stadium,2,15.5,Rajasthan,Goa,A Choudhary,Ravi Bishnoi,Lakshay Garg,1,0,,,,,,,,,
1244372,2020/21,2021-01-17,Holkar Stadium,2,15.6,Rajasthan,Goa,Ravi Bishnoi,A Choudhary,Lakshay Garg,0,0,,,,,,,,,
1244372,2020/21,2021-01-17,Holkar Stadium,2,16.1,Rajasthan,Goa,A Choudhary,Ravi Bishnoi,Felix Alemao,1,0,,,,,,,,,
1244372,2020/21,2021-01-17,Holkar Stadium,2,16.2,Rajasthan,Goa,Ravi Bishnoi,A Choudhary,Felix Alemao,4,0,,,,,,,,,
1244372,2020/21,2021-01-17,Holkar Stadium,2,16.3,Rajasthan,Goa,Ravi Bishnoi,A Choudhary,Felix Alemao,0,0,,,,,,,,,
1244372,2020/21,2021-01-17,Holkar Stadium,2,16.4,Rajasthan,Goa,Ravi Bishnoi,A Choudhary,Felix Alemao,0,0,,,,,,,,,
1244372,2020/21,2021-01-17,Holkar Stadium,2,16.5,Rajasthan,Goa,Ravi Bishnoi,A Choudhary,Felix Alemao,1,0,,,,,,,,,
1244372,2020/21,2021-01-17,Holkar Stadium,2,16.6,Rajasthan,Goa,A Choudhary,Ravi Bishnoi,Felix Alemao,6,0,,,,,,,,,
1244372,2020/21,2021-01-17,Holkar Stadium,2,17.1,Rajasthan,Goa,Ravi Bishnoi,A Choudhary,Vijesh Prabhudessai,0,0,,,,,,,,,
1244372,2020/21,2021-01-17,Holkar Stadium,2,17.2,Rajasthan,Goa,Ravi Bishnoi,A Choudhary,Vijesh Prabhudessai,0,5,5,,,,,,,,
1244372,2020/21,2021-01-17,Holkar Stadium,2,17.3,Rajasthan,Goa,Ravi Bishnoi,A Choudhary,Vijesh Prabhudessai,0,0,,,,,,bowled,Ravi Bishnoi,,
1244372,2020/21,2021-01-17,Holkar Stadium,2,17.4,Rajasthan,Goa,KK Ahmed,A Choudhary,Vijesh Prabhudessai,0,0,,,,,,,,,
1244372,2020/21,2021-01-17,Holkar Stadium,2,17.5,Rajasthan,Goa,KK Ahmed,A Choudhary,Vijesh Prabhudessai,0,0,,,,,,,,,
1244372,2020/21,2021-01-17,Holkar Stadium,2,17.6,Rajasthan,Goa,KK Ahmed,A Choudhary,Vijesh Prabhudessai,0,0,,,,,,,,,
1244372,2020/21,2021-01-17,Holkar Stadium,2,17.7,Rajasthan,Goa,KK Ahmed,A Choudhary,Vijesh Prabhudessai,1,0,,,,,,,,,
1244372,2020/21,2021-01-17,Holkar Stadium,2,18.1,Rajasthan,Goa,KK Ahmed,A Choudhary,Lakshay Garg,0,1,,,,1,,,,,
1244372,2020/21,2021-01-17,Holkar Stadium,2,18.2,Rajasthan,Goa,A Choudhary,KK Ahmed,Lakshay Garg,1,0,,,,,,,,,
1244372,2020/21,2021-01-17,Holkar Stadium,2,18.3,Rajasthan,Goa,KK Ahmed,A Choudhary,Lakshay Garg,0,0,,,,,,,,,
1244372,2020/21,2021-01-17,Holkar Stadium,2,18.4,Rajasthan,Goa,KK Ahmed,A Choudhary,Lakshay Garg,0,1,,,,1,,,,,
1244372,2020/21,2021-01-17,Holkar Stadium,2,18.5,Rajasthan,Goa,A Choudhary,KK Ahmed,Lakshay Garg,1,0,,,,,,,,,
1244372,2020/21,2021-01-17,Holkar Stadium,2,18.6,Rajasthan,Goa,KK Ahmed,A Choudhary,Lakshay Garg,0,0,,,,,,,,,
1244372,2020/21,2021-01-17,Holkar Stadium,2,19.1,Rajasthan,Goa,A Choudhary,KK Ahmed,Vijesh Prabhudessai,1,0,,,,,,,,,
1244372,2020/21,2021-01-17,Holkar Stadium,2,19.2,Rajasthan,Goa,KK Ahmed,A Choudhary,Vijesh Prabhudessai,1,0,,,,,,,,,
1244372,2020/21,2021-01-17,Holkar Stadium,2,19.3,Rajasthan,Goa,A Choudhary,KK Ahmed,Vijesh Prabhudessai,0,0,,,,,,caught,A Choudhary,,
