match_id,season,start_date,venue,innings,ball,batting_team,bowling_team,striker,non_striker,bowler,runs_off_bat,extras,wides,noballs,byes,legbyes,penalty,wicket_type,player_dismissed,other_wicket_type,other_player_dismissed
1244405,2020/21,2021-01-29,"Narendra Modi Stadium Ground 'A', Motera",1,0.1,Rajasthan,Tamil Nadu,BS Sharma,Aditya Garhwal,R Sai Kishore,0,0,,,,,,,,,
1244405,2020/21,2021-01-29,"Narendra Modi Stadium Ground 'A', Motera",1,0.2,Rajasthan,Tamil Nadu,BS Sharma,Aditya Garhwal,R Sai Kishore,0,0,,,,,,,,,
1244405,2020/21,2021-01-29,"Narendra Modi Stadium Ground 'A', Motera",1,0.3,Rajasthan,Tamil Nadu,BS Sharma,Aditya Garhwal,R Sai Kishore,0,0,,,,,,,,,
1244405,2020/21,2021-01-29,"Narendra Modi Stadium Ground 'A', Motera",1,0.4,Rajasthan,Tamil Nadu,BS Sharma,Aditya Garhwal,R Sai Kishore,0,0,,,,,,caught,BS Sharma,,
1244405,2020/21,2021-01-29,"Narendra Modi Stadium Ground 'A', Motera",1,0.5,Rajasthan,Tamil Nadu,AL Menaria,Aditya Garhwal,R Sai Kishore,1,0,,,,,,,,,
1244405,2020/21,2021-01-29,"Narendra Modi Stadium Ground 'A', Motera",1,0.6,Rajasthan,Tamil Nadu,Aditya Garhwal,AL Menaria,R Sai Kishore,1,0,,,,,,,,,
1244405,2020/21,2021-01-29,"Narendra Modi Stadium Ground 'A', Motera",1,1.1,Rajasthan,Tamil Nadu,Aditya Garhwal,AL Menaria,Sonu Yadav,0,1,1,,,,,,,,
1244405,2020/21,2021-01-29,"Narendra Modi Stadium Ground 'A', Motera",1,1.2,Rajasthan,Tamil Nadu,Aditya Garhwal,AL Menaria,Sonu Yadav,0,0,,,,,,,,,
1244405,2020/21,2021-01-29,"Narendra Modi Stadium Ground 'A', Motera",1,1.3,Rajasthan,Tamil Nadu,Aditya Garhwal,AL Menaria,Sonu Yadav,0,0,,,,,,,,,
1244405,2020/21,2021-01-29,"Narendra Modi Stadium Ground 'A', Motera",1,1.4,Rajasthan,Tamil Nadu,Aditya Garhwal,AL Menaria,Sonu Yadav,4,0,,,,,,,,,
1244405,2020/21,2021-01-29,"Narendra Modi Stadium Ground 'A', Motera",1,1.5,Rajasthan,Tamil Nadu,Aditya Garhwal,AL Menaria,Sonu Yadav,0,0,,,,,,,,,
1244405,2020/21,2021-01-29,"Narendra Modi Stadium Ground 'A', Motera",1,1.6,Rajasthan,Tamil Nadu,Aditya Garhwal,AL Menaria,Sonu Yadav,0,0,,,,,,,,,
1244405,2020/21,2021-01-29,"Narendra Modi Stadium Ground 'A', Motera",1,1.7,Rajasthan,Tamil Nadu,Aditya Garhwal,AL Menaria,Sonu Yadav,0,0,,,,,,,,,
1244405,2020/21,2021-01-29,"Narendra Modi Stadium Ground 'A', Motera",1,2.1,Rajasthan,Tamil Nadu,AL Menaria,Aditya Garhwal,Aswin Crist,1,0,,,,,,,,,
1244405,2020/21,2021-01-29,"Narendra Modi Stadium Ground 'A', Motera",1,2.2,Rajasthan,Tamil Nadu,Aditya Garhwal,AL Menaria,Aswin Crist,0,0,,,,,,,,,
1244405,2020/21,2021-01-29,"Narendra Modi Stadium Ground 'A', Motera",1,2.3,Rajasthan,Tamil Nadu,Aditya Garhwal,AL Menaria,Aswin Crist,4,0,,,,,,,,,
1244405,2020/21,2021-01-29,"Narendra Modi Stadium Ground 'A', Motera",1,2.4,Rajasthan,Tamil Nadu,Aditya Garhwal,AL Menaria,Aswin Crist,4,0,,,,,,,,,
1244405,2020/21,2021-01-29,"Narendra Modi Stadium Ground 'A', Motera",1,2.5,Rajasthan,Tamil Nadu,Aditya Garhwal,AL Menaria,Aswin Crist,0,0,,,,,,,,,
1244405,2020/21,2021-01-29,"Narendra Modi Stadium Ground 'A', Motera",1,2.6,Rajasthan,Tamil Nadu,Aditya Garhwal,AL Menaria,Aswin Crist,1,0,,,,,,,,,
1244405,2020/21,2021-01-29,"Narendra Modi Stadium Ground 'A', Motera",1,3.1,Rajasthan,Tamil Nadu,Aditya Garhwal,AL Menaria,Sonu Yadav,0,1,,1,,,,,,,
1244405,2020/21,2021-01-29,"Narendra Modi Stadium Ground 'A', Motera",1,3.2,Rajasthan,Tamil Nadu,Aditya Garhwal,AL Menaria,Sonu Yadav,0,0,,,,,,,,,
1244405,2020/21,2021-01-29,"Narendra Modi Stadium Ground 'A', Motera",1,3.3,Rajasthan,Tamil Nadu,Aditya Garhwal,AL Menaria,Sonu Yadav,4,0,,,,,,,,,
1244405,2020/21,2021-01-29,"Narendra Modi Stadium Ground 'A', Motera",1,3.4,Rajasthan,Tamil Nadu,Aditya Garhwal,AL Menaria,Sonu Yadav,0,0,,,,,,,,,
1244405,2020/21,2021-01-29,"Narendra Modi Stadium Ground 'A', Motera",1,3.5,Rajasthan,Tamil Nadu,Aditya Garhwal,AL Menaria,Sonu Yadav,1,0,,,,,,,,,
1244405,2020/21,2021-01-29,"Narendra Modi Stadium Ground 'A', Motera",1,3.6,Rajasthan,Tamil Nadu,AL Menaria,Aditya Garhwal,Sonu Yadav,2,0,,,,,,,,,
1244405,2020/21,2021-01-29,"Narendra Modi Stadium Ground 'A', Motera",1,3.7,Rajasthan,Tamil Nadu,AL Menaria,Aditya Garhwal,Sonu Yadav,1,0,,,,,,,,,
1244405,2020/21,2021-01-29,"Narendra Modi Stadium Ground 'A', Motera",1,4.1,Rajasthan,Tamil Nadu,AL Menaria,Aditya Garhwal,B Aparajith,0,0,,,,,,,,,
1244405,2020/21,2021-01-29,"Narendra Modi Stadium Ground 'A', Motera",1,4.2,Rajasthan,Tamil Nadu,AL Menaria,Aditya Garhwal,B Aparajith,0,1,,,,1,,,,,
1244405,2020/21,2021-01-29,"Narendra Modi Stadium Ground 'A', Motera",1,4.3,Rajasthan,Tamil Nadu,Aditya Garhwal,AL Menaria,B Aparajith,6,0,,,,,,,,,
1244405,2020/21,2021-01-29,"Narendra Modi Stadium Ground 'A', Motera",1,4.4,Rajasthan,Tamil Nadu,Aditya Garhwal,AL Menaria,B Aparajith,0,0,,,,,,,,,
1244405,2020/21,2021-01-29,"Narendra Modi Stadium Ground 'A', Motera",1,4.5,Rajasthan,Tamil Nadu,Aditya Garhwal,AL Menaria,B Aparajith,4,0,,,,,,,,,
1244405,2020/21,2021-01-29,"Narendra Modi Stadium Ground 'A', Motera",1,4.6,Rajasthan,Tamil Nadu,Aditya Garhwal,AL Menaria,B Aparajith,0,0,,,,,,caught,Aditya Garhwal,,
1244405,2020/21,2021-01-29,"Narendra Modi Stadium Ground 'A', Motera",1,5.1,Rajasthan,Tamil Nadu,AL Menaria,Arjit Gupta,Aswin Crist,4,0,,,,,,,,,
1244405,2020/21,2021-01-29,"Narendra Modi Stadium Ground 'A', Motera",1,5.2,Rajasthan,Tamil Nadu,AL Menaria,Arjit Gupta,Aswin Crist,4,0,,,,,,,,,
1244405,2020/21,2021-01-29,"Narendra Modi Stadium Ground 'A', Motera",1,5.3,Rajasthan,Tamil Nadu,AL Menaria,Arjit Gupta,Aswin Crist,4,0,,,,,,,,,
1244405,2020/21,2021-01-29,"Narendra Modi Stadium Ground 'A', Motera",1,5.4,Rajasthan,Tamil Nadu,AL Menaria,Arjit Gupta,Aswin Crist,6,0,,,,,,,,,
1244405,2020/21,2021-01-29,"Narendra Modi Stadium Ground 'A', Motera",1,5.5,Rajasthan,Tamil Nadu,AL Menaria,Arjit Gupta,Aswin Crist,1,0,,,,,,,,,
1244405,2020/21,2021-01-29,"Narendra Modi Stadium Ground 'A', Motera",1,5.6,Rajasthan,Tamil Nadu,Arjit Gupta,AL Menaria,Aswin Crist,0,0,,,,,,,,,
1244405,2020/21,2021-01-29,"Narendra Modi Stadium Ground 'A', Motera",1,6.1,Rajasthan,Tamil Nadu,AL Menaria,Arjit Gupta,B Aparajith,0,1,1,,,,,,,,
1244405,2020/21,2021-01-29,"Narendra Modi Stadium Ground 'A', Motera",1,6.2,Rajasthan,Tamil Nadu,AL Menaria,Arjit Gupta,B Aparajith,1,0,,,,,,,,,
1244405,2020/21,2021-01-29,"Narendra Modi Stadium Ground 'A', Motera",1,6.3,Rajasthan,Tamil Nadu,Arjit Gupta,AL Menaria,B Aparajith,1,0,,,,,,,,,
1244405,2020/21,2021-01-29,"Narendra Modi Stadium Ground 'A', Motera",1,6.4,Rajasthan,Tamil Nadu,AL Menaria,Arjit Gupta,B Aparajith,1,0,,,,,,,,,
1244405,2020/21,2021-01-29,"Narendra Modi Stadium Ground 'A', Motera",1,6.5,Rajasthan,Tamil Nadu,Arjit Gupta,AL Menaria,B Aparajith,0,0,,,,,,,,,
1244405,2020/21,2021-01-29,"Narendra Modi Stadium Ground 'A', Motera",1,6.6,Rajasthan,Tamil Nadu,Arjit Gupta,AL Menaria,B Aparajith,6,0,,,,,,,,,
1244405,2020/21,2021-01-29,"Narendra Modi Stadium Ground 'A', Motera",1,6.7,Rajasthan,Tamil Nadu,Arjit Gupta,AL Menaria,B Aparajith,0,0,,,,,,,,,
1244405,2020/21,2021-01-29,"Narendra Modi Stadium Ground 'A', Motera",1,7.1,Rajasthan,Tamil Nadu,AL Menaria,Arjit Gupta,M Ashwin,1,0,,,,,,,,,
1244405,2020/21,2021-01-29,"Narendra Modi Stadium Ground 'A', Motera",1,7.2,Rajasthan,Tamil Nadu,Arjit Gupta,AL Menaria,M Ashwin,0,0,,,,,,,,,
1244405,2020/21,2021-01-29,"Narendra Modi Stadium Ground 'A', Motera",1,7.3,Rajasthan,Tamil Nadu,Arjit Gupta,AL Menaria,M Ashwin,1,0,,,,,,,,,
1244405,2020/21,2021-01-29,"Narendra Modi Stadium Ground 'A', Motera",1,7.4,Rajasthan,Tamil Nadu,AL Menaria,Arjit Gupta,M Ashwin,4,0,,,,,,,,,
1244405,2020/21,2021-01-29,"Narendra Modi Stadium Ground 'A', Motera",1,7.5,Rajasthan,Tamil Nadu,AL Menaria,Arjit Gupta,M Ashwin,0,0,,,,,,,,,
1244405,2020/21,2021-01-29,"Narendra Modi Stadium Ground 'A', Motera",1,7.6,Rajasthan,Tamil Nadu,AL Menaria,Arjit Gupta,M Ashwin,0,1,1,,,,,,,,
1244405,2020/21,2021-01-29,"Narendra Modi Stadium Ground 'A', Motera",1,7.7,Rajasthan,Tamil Nadu,AL Menaria,Arjit Gupta,M Ashwin,0,1,,,,1,,,,,
1244405,2020/21,2021-01-29,"Narendra Modi Stadium Ground 'A', Motera",1,8.1,Rajasthan,Tamil Nadu,AL Menaria,Arjit Gupta,M Mohammed,1,0,,,,,,,,,
1244405,2020/21,2021-01-29,"Narendra Modi Stadium Ground 'A', Motera",1,8.2,Rajasthan,Tamil Nadu,Arjit Gupta,AL Menaria,M Mohammed,1,0,,,,,,,,,
1244405,2020/21,2021-01-29,"Narendra Modi Stadium Ground 'A', Motera",1,8.3,Rajasthan,Tamil Nadu,AL Menaria,Arjit Gupta,M Mohammed,1,0,,,,,,,,,
1244405,2020/21,2021-01-29,"Narendra Modi Stadium Ground 'A', Motera",1,8.4,Rajasthan,Tamil Nadu,Arjit Gupta,AL Menaria,M Mohammed,1,0,,,,,,,,,
1244405,2020/21,2021-01-29,"Narendra Modi Stadium Ground 'A', Motera",1,8.5,Rajasthan,Tamil Nadu,AL Menaria,Arjit Gupta,M Mohammed,0,0,,,,,,,,,
1244405,2020/21,2021-01-29,"Narendra Modi Stadium Ground 'A', Motera",1,8.6,Rajasthan,Tamil Nadu,AL Menaria,Arjit Gupta,M Mohammed,4,0,,,,,,,,,
1244405,2020/21,2021-01-29,"Narendra Modi Stadium Ground 'A', Motera",1,9.1,Rajasthan,Tamil Nadu,Arjit Gupta,AL Menaria,M Ashwin,1,0,,,,,,,,,
1244405,2020/21,2021-01-29,"Narendra Modi Stadium Ground 'A', Motera",1,9.2,Rajasthan,Tamil Nadu,AL Menaria,Arjit Gupta,M Ashwin,0,0,,,,,,,,,
1244405,2020/21,2021-01-29,"Narendra Modi Stadium Ground 'A', Motera",1,9.3,Rajasthan,Tamil Nadu,AL Menaria,Arjit Gupta,M Ashwin,1,0,,,,,,,,,
1244405,2020/21,2021-01-29,"Narendra Modi Stadium Ground 'A', Motera",1,9.4,Rajasthan,Tamil Nadu,Arjit Gupta,AL Menaria,M Ashwin,0,0,,,,,,,,,
1244405,2020/21,2021-01-29,"Narendra Modi Stadium Ground 'A', Motera",1,9.5,Rajasthan,Tamil Nadu,Arjit Gupta,AL Menaria,M Ashwin,4,0,,,,,,,,,
1244405,2020/21,2021-01-29,"Narendra Modi Stadium Ground 'A', Motera",1,9.6,Rajasthan,Tamil Nadu,Arjit Gupta,AL Menaria,M Ashwin,0,1,1,,,,,,,,
1244405,2020/21,2021-01-29,"Narendra Modi Stadium Ground 'A', Motera",1,9.7,Rajasthan,Tamil Nadu,Arjit Gupta,AL Menaria,M Ashwin,0,0,,,,,,,,,
1244405,2020/21,2021-01-29,"Narendra Modi Stadium Ground 'A', Motera",1,10.1,Rajasthan,Tamil Nadu,AL Menaria,Arjit Gupta,M Mohammed,0,0,,,,,,,,,
1244405,2020/21,2021-01-29,"Narendra Modi Stadium Ground 'A', Motera",1,10.2,Rajasthan,Tamil Nadu,AL Menaria,Arjit Gupta,M Mohammed,6,0,,,,,,,,,
1244405,2020/21,2021-01-29,"Narendra Modi Stadium Ground 'A', Motera",1,10.3,Rajasthan,Tamil Nadu,AL Menaria,Arjit Gupta,M Mohammed,2,0,,,,,,,,,
1244405,2020/21,2021-01-29,"Narendra Modi Stadium Ground 'A', Motera",1,10.4,Rajasthan,Tamil Nadu,AL Menaria,Arjit Gupta,M Mohammed,1,0,,,,,,,,,
1244405,2020/21,2021-01-29,"Narendra Modi Stadium Ground 'A', Motera",1,10.5,Rajasthan,Tamil Nadu,Arjit Gupta,AL Menaria,M Mohammed,2,0,,,,,,,,,
1244405,2020/21,2021-01-29,"Narendra Modi Stadium Ground 'A', Motera",1,10.6,Rajasthan,Tamil Nadu,Arjit Gupta,AL Menaria,M Mohammed,0,0,,,,,,,,,
1244405,2020/21,2021-01-29,"Narendra Modi Stadium Ground 'A', Motera",1,11.1,Rajasthan,Tamil Nadu,AL Menaria,Arjit Gupta,R Sai Kishore,1,0,,,,,,,,,
1244405,2020/21,2021-01-29,"Narendra Modi Stadium Ground 'A', Motera",1,11.2,Rajasthan,Tamil Nadu,Arjit Gupta,AL Menaria,R Sai Kishore,1,0,,,,,,,,,
1244405,2020/21,2021-01-29,"Narendra Modi Stadium Ground 'A', Motera",1,11.3,Rajasthan,Tamil Nadu,AL Menaria,Arjit Gupta,R Sai Kishore,1,0,,,,,,,,,
1244405,2020/21,2021-01-29,"Narendra Modi Stadium Ground 'A', Motera",1,11.4,Rajasthan,Tamil Nadu,Arjit Gupta,AL Menaria,R Sai Kishore,1,0,,,,,,,,,
1244405,2020/21,2021-01-29,"Narendra Modi Stadium Ground 'A', Motera",1,11.5,Rajasthan,Tamil Nadu,AL Menaria,Arjit Gupta,R Sai Kishore,1,0,,,,,,,,,
1244405,2020/21,2021-01-29,"Narendra Modi Stadium Ground 'A', Motera",1,11.6,Rajasthan,Tamil Nadu,Arjit Gupta,AL Menaria,R Sai Kishore,0,0,,,,,,,,,
1244405,2020/21,2021-01-29,"Narendra Modi Stadium Ground 'A', Motera",1,12.1,Rajasthan,Tamil Nadu,AL Menaria,Arjit Gupta,M Ashwin,1,0,,,,,,,,,
1244405,2020/21,2021-01-29,"Narendra Modi Stadium Ground 'A', Motera",1,12.2,Rajasthan,Tamil Nadu,Arjit Gupta,AL Menaria,M Ashwin,2,0,,,,,,,,,
1244405,2020/21,2021-01-29,"Narendra Modi Stadium Ground 'A', Motera",1,12.3,Rajasthan,Tamil Nadu,Arjit Gupta,AL Menaria,M Ashwin,0,0,,,,,,,,,
1244405,2020/21,2021-01-29,"Narendra Modi Stadium Ground 'A', Motera",1,12.4,Rajasthan,Tamil Nadu,Arjit Gupta,AL Menaria,M Ashwin,6,0,,,,,,,,,
1244405,2020/21,2021-01-29,"Narendra Modi Stadium Ground 'A', Motera",1,12.5,Rajasthan,Tamil Nadu,Arjit Gupta,AL Menaria,M Ashwin,0,0,,,,,,,,,
1244405,2020/21,2021-01-29,"Narendra Modi Stadium Ground 'A', Motera",1,12.6,Rajasthan,Tamil Nadu,Arjit Gupta,AL Menaria,M Ashwin,6,0,,,,,,,,,
1244405,2020/21,2021-01-29,"Narendra Modi Stadium Ground 'A', Motera",1,13.1,Rajasthan,Tamil Nadu,AL Menaria,Arjit Gupta,R Sai Kishore,0,0,,,,,,caught,AL Menaria,,
1244405,2020/21,2021-01-29,"Narendra Modi Stadium Ground 'A', Motera",1,13.2,Rajasthan,Tamil Nadu,MK Lomror,Arjit Gupta,R Sai Kishore,1,0,,,,,,,,,
1244405,2020/21,2021-01-29,"Narendra Modi Stadium Ground 'A', Motera",1,13.3,Rajasthan,Tamil Nadu,Arjit Gupta,MK Lomror,R Sai Kishore,1,0,,,,,,,,,
1244405,2020/21,2021-01-29,"Narendra Modi Stadium Ground 'A', Motera",1,13.4,Rajasthan,Tamil Nadu,MK Lomror,Arjit Gupta,R Sai Kishore,1,0,,,,,,,,,
1244405,2020/21,2021-01-29,"Narendra Modi Stadium Ground 'A', Motera",1,13.5,Rajasthan,Tamil Nadu,Arjit Gupta,MK Lomror,R Sai Kishore,4,0,,,,,,,,,
1244405,2020/21,2021-01-29,"Narendra Modi Stadium Ground 'A', Motera",1,13.6,Rajasthan,Tamil Nadu,Arjit Gupta,MK Lomror,R Sai Kishore,0,0,,,,,,,,,
1244405,2020/21,2021-01-29,"Narendra Modi Stadium Ground 'A', Motera",1,14.1,Rajasthan,Tamil Nadu,MK Lomror,Arjit Gupta,M Mohammed,0,0,,,,,,,,,
1244405,2020/21,2021-01-29,"Narendra Modi Stadium Ground 'A', Motera",1,14.2,Rajasthan,Tamil Nadu,MK Lomror,Arjit Gupta,M Mohammed,1,0,,,,,,,,,
1244405,2020/21,2021-01-29,"Narendra Modi Stadium Ground 'A', Motera",1,14.3,Rajasthan,Tamil Nadu,Arjit Gupta,MK Lomror,M Mohammed,1,0,,,,,,,,,
1244405,2020/21,2021-01-29,"Narendra Modi Stadium Ground 'A', Motera",1,14.4,Rajasthan,Tamil Nadu,MK Lomror,Arjit Gupta,M Mohammed,0,0,,,,,,caught,MK Lomror,,
1244405,2020/21,2021-01-29,"Narendra Modi Stadium Ground 'A', Motera",1,14.5,Rajasthan,Tamil Nadu,Arjit Gupta,R Bishnoi,M Mohammed,1,0,,,,,,,,,
1244405,2020/21,2021-01-29,"Narendra Modi Stadium Ground 'A', Motera",1,14.6,Rajasthan,Tamil Nadu,R Bishnoi,Arjit Gupta,M Mohammed,0,0,,,,,,,,,
1244405,2020/21,2021-01-29,"Narendra Modi Stadium Ground 'A', Motera",1,15.1,Rajasthan,Tamil Nadu,Arjit Gupta,R Bishnoi,R Sai Kishore,1,0,,,,,,,,,
1244405,2020/21,2021-01-29,"Narendra Modi Stadium Ground 'A', Motera",1,15.2,Rajasthan,Tamil Nadu,R Bishnoi,Arjit Gupta,R Sai Kishore,0,0,,,,,,,,,
1244405,2020/21,2021-01-29,"Narendra Modi Stadium Ground 'A', Motera",1,15.3,Rajasthan,Tamil Nadu,R Bishnoi,Arjit Gupta,R Sai Kishore,0,1,,,,1,,,,,
1244405,2020/21,2021-01-29,"Narendra Modi Stadium Ground 'A', Motera",1,15.4,Rajasthan,Tamil Nadu,Arjit Gupta,R Bishnoi,R Sai Kishore,1,0,,,,,,,,,
1244405,2020/21,2021-01-29,"Narendra Modi Stadium Ground 'A', Motera",1,15.5,Rajasthan,Tamil Nadu,R Bishnoi,Arjit Gupta,R Sai Kishore,0,0,,,,,,,,,
1244405,2020/21,2021-01-29,"Narendra Modi Stadium Ground 'A', Motera",1,15.6,Rajasthan,Tamil Nadu,R Bishnoi,Arjit Gupta,R Sai Kishore,0,0,,,,,,,,,
1244405,2020/21,2021-01-29,"Narendra Modi Stadium Ground 'A', Motera",1,16.1,Rajasthan,Tamil Nadu,Arjit Gupta,R Bishnoi,Sonu Yadav,1,0,,,,,,,,,
1244405,2020/21,2021-01-29,"Narendra Modi Stadium Ground 'A', Motera",1,16.2,Rajasthan,Tamil Nadu,R Bishnoi,Arjit Gupta,Sonu Yadav,0,0,,,,,,,,,
1244405,2020/21,2021-01-29,"Narendra Modi Stadium Ground 'A', Motera",1,16.3,Rajasthan,Tamil Nadu,R Bishnoi,Arjit Gupta,Sonu Yadav,1,0,,,,,,,,,
1244405,2020/21,2021-01-29,"Narendra Modi Stadium Ground 'A', Motera",1,16.4,Rajasthan,Tamil Nadu,Arjit Gupta,R Bishnoi,Sonu Yadav,0,0,,,,,,,,,
1244405,2020/21,2021-01-29,"Narendra Modi Stadium Ground 'A', Motera",1,16.5,Rajasthan,Tamil Nadu,Arjit Gupta,R Bishnoi,Sonu Yadav,1,0,,,,,,,,,
1244405,2020/21,2021-01-29,"Narendra Modi Stadium Ground 'A', Motera",1,16.6,Rajasthan,Tamil Nadu,R Bishnoi,Arjit Gupta,Sonu Yadav,1,0,,,,,,,,,
1244405,2020/21,2021-01-29,"Narendra Modi Stadium Ground 'A', Motera",1,17.1,Rajasthan,Tamil Nadu,R Bishnoi,Arjit Gupta,M Ashwin,1,0,,,,,,,,,
1244405,2020/21,2021-01-29,"Narendra Modi Stadium Ground 'A', Motera",1,17.2,Rajasthan,Tamil Nadu,Arjit Gupta,R Bishnoi,M Ashwin,1,0,,,,,,,,,
1244405,2020/21,2021-01-29,"Narendra Modi Stadium Ground 'A', Motera",1,17.3,Rajasthan,Tamil Nadu,R Bishnoi,Arjit Gupta,M Ashwin,1,0,,,,,,,,,
1244405,2020/21,2021-01-29,"Narendra Modi Stadium Ground 'A', Motera",1,17.4,Rajasthan,Tamil Nadu,Arjit Gupta,R Bishnoi,M Ashwin,0,1,1,,,,,,,,
1244405,2020/21,2021-01-29,"Narendra Modi Stadium Ground 'A', Motera",1,17.5,Rajasthan,Tamil Nadu,Arjit Gupta,R Bishnoi,M Ashwin,0,1,1,,,,,,,,
1244405,2020/21,2021-01-29,"Narendra Modi Stadium Ground 'A', Motera",1,17.6,Rajasthan,Tamil Nadu,Arjit Gupta,R Bishnoi,M Ashwin,0,0,,,,,,caught,Arjit Gupta,,
1244405,2020/21,2021-01-29,"Narendra Modi Stadium Ground 'A', Motera",1,17.7,Rajasthan,Tamil Nadu,CP Singh,R Bishnoi,M Ashwin,0,0,,,,,,,,,
1244405,2020/21,2021-01-29,"Narendra Modi Stadium Ground 'A', Motera",1,17.8,Rajasthan,Tamil Nadu,CP Singh,R Bishnoi,M Ashwin,1,0,,,,,,,,,
1244405,2020/21,2021-01-29,"Narendra Modi Stadium Ground 'A', Motera",1,18.1,Rajasthan,Tamil Nadu,CP Singh,R Bishnoi,Sonu Yadav,0,0,,,,,,,,,
1244405,2020/21,2021-01-29,"Narendra Modi Stadium Ground 'A', Motera",1,18.2,Rajasthan,Tamil Nadu,CP Singh,R Bishnoi,Sonu Yadav,1,0,,,,,,,,,
1244405,2020/21,2021-01-29,"Narendra Modi Stadium Ground 'A', Motera",1,18.3,Rajasthan,Tamil Nadu,R Bishnoi,CP Singh,Sonu Yadav,4,0,,,,,,,,,
1244405,2020/21,2021-01-29,"Narendra Modi Stadium Ground 'A', Motera",1,18.4,Rajasthan,Tamil Nadu,R Bishnoi,CP Singh,Sonu Yadav,4,0,,,,,,,,,
1244405,2020/21,2021-01-29,"Narendra Modi Stadium Ground 'A', Motera",1,18.5,Rajasthan,Tamil Nadu,R Bishnoi,CP Singh,Sonu Yadav,0,0,,,,,,,,,
1244405,2020/21,2021-01-29,"Narendra Modi Stadium Ground 'A', Motera",1,18.6,Rajasthan,Tamil Nadu,R Bishnoi,CP Singh,Sonu Yadav,0,0,,,,,,caught,R Bishnoi,,
1244405,2020/21,2021-01-29,"Narendra Modi Stadium Ground 'A', Motera",1,19.1,Rajasthan,Tamil Nadu,Tanveer Ul-Haq,CP Singh,M Mohammed,1,0,,,,,,,,,
1244405,2020/21,2021-01-29,"Narendra Modi Stadium Ground 'A', Motera",1,19.2,Rajasthan,Tamil Nadu,CP Singh,Tanveer Ul-Haq,M Mohammed,0,0,,,,,,caught,CP Singh,,
1244405,2020/21,2021-01-29,"Narendra Modi Stadium Ground 'A', Motera",1,19.3,Rajasthan,Tamil Nadu,Tanveer Ul-Haq,Ravi Bishnoi,M Mohammed,1,0,,,,,,,,,
1244405,2020/21,2021-01-29,"Narendra Modi Stadium Ground 'A', Motera",1,19.4,Rajasthan,Tamil Nadu,Ravi Bishnoi,Tanveer Ul-Haq,M Mohammed,0,0,,,,,,bowled,Ravi Bishnoi,,
1244405,2020/21,2021-01-29,"Narendra Modi Stadium Ground 'A', Motera",1,19.5,Rajasthan,Tamil Nadu,A Choudhary,Tanveer Ul-Haq,M Mohammed,0,0,,,,,,,,,
1244405,2020/21,2021-01-29,"Narendra Modi Stadium Ground 'A', Motera",1,19.6,Rajasthan,Tamil Nadu,A Choudhary,Tanveer Ul-Haq,M Mohammed,0,0,,,,,,caught,A Choudhary,,
1244405,2020/21,2021-01-29,"Narendra Modi Stadium Ground 'A', Motera",2,0.1,Tamil Nadu,Rajasthan,Hari Nishaanth,N Jagadeesan,Tanveer Ul-Haq,0,0,,,,,,,,,
1244405,2020/21,2021-01-29,"Narendra Modi Stadium Ground 'A', Motera",2,0.2,Tamil Nadu,Rajasthan,Hari Nishaanth,N Jagadeesan,Tanveer Ul-Haq,0,0,,,,,,,,,
1244405,2020/21,2021-01-29,"Narendra Modi Stadium Ground 'A', Motera",2,0.3,Tamil Nadu,Rajasthan,Hari Nishaanth,N Jagadeesan,Tanveer Ul-Haq,0,0,,,,,,,,,
1244405,2020/21,2021-01-29,"Narendra Modi Stadium Ground 'A', Motera",2,0.4,Tamil Nadu,Rajasthan,Hari Nishaanth,N Jagadeesan,Tanveer Ul-Haq,0,0,,,,,,,,,
1244405,2020/21,2021-01-29,"Narendra Modi Stadium Ground 'A', Motera",2,0.5,Tamil Nadu,Rajasthan,Hari Nishaanth,N Jagadeesan,Tanveer Ul-Haq,0,5,5,,,,,,,,
1244405,2020/21,2021-01-29,"Narendra Modi Stadium Ground 'A', Motera",2,0.6,Tamil Nadu,Rajasthan,Hari Nishaanth,N Jagadeesan,Tanveer Ul-Haq,4,0,,,,,,,,,
1244405,2020/21,2021-01-29,"Narendra Modi Stadium Ground 'A', Motera",2,0.7,Tamil Nadu,Rajasthan,Hari Nishaanth,N Jagadeesan,Tanveer Ul-Haq,0,0,,,,,,,,,
1244405,2020/21,2021-01-29,"Narendra Modi Stadium Ground 'A', Motera",2,1.1,Tamil Nadu,Rajasthan,N Jagadeesan,Hari Nishaanth,A Choudhary,0,0,,,,,,,,,
1244405,2020/21,2021-01-29,"Narendra Modi Stadium Ground 'A', Motera",2,1.2,Tamil Nadu,Rajasthan,N Jagadeesan,Hari Nishaanth,A Choudhary,0,0,,,,,,,,,
1244405,2020/21,2021-01-29,"Narendra Modi Stadium Ground 'A', Motera",2,1.3,Tamil Nadu,Rajasthan,N Jagadeesan,Hari Nishaanth,A Choudhary,0,0,,,,,,,,,
1244405,2020/21,2021-01-29,"Narendra Modi Stadium Ground 'A', Motera",2,1.4,Tamil Nadu,Rajasthan,N Jagadeesan,Hari Nishaanth,A Choudhary,0,0,,,,,,,,,
1244405,2020/21,2021-01-29,"Narendra Modi Stadium Ground 'A', Motera",2,1.5,Tamil Nadu,Rajasthan,N Jagadeesan,Hari Nishaanth,A Choudhary,0,0,,,,,,,,,
1244405,2020/21,2021-01-29,"Narendra Modi Stadium Ground 'A', Motera",2,1.6,Tamil Nadu,Rajasthan,N Jagadeesan,Hari Nishaanth,A Choudhary,4,0,,,,,,,,,
1244405,2020/21,2021-01-29,"Narendra Modi Stadium Ground 'A', Motera",2,2.1,Tamil Nadu,Rajasthan,Hari Nishaanth,N Jagadeesan,Tanveer Ul-Haq,0,1,1,,,,,,,,
1244405,2020/21,2021-01-29,"Narendra Modi Stadium Ground 'A', Motera",2,2.2,Tamil Nadu,Rajasthan,Hari Nishaanth,N Jagadeesan,Tanveer Ul-Haq,0,0,,,,,,,,,
1244405,2020/21,2021-01-29,"Narendra Modi Stadium Ground 'A', Motera",2,2.3,Tamil Nadu,Rajasthan,Hari Nishaanth,N Jagadeesan,Tanveer Ul-Haq,0,0,,,,,,lbw,Hari Nishaanth,,
1244405,2020/21,2021-01-29,"Narendra Modi Stadium Ground 'A', Motera",2,2.4,Tamil Nadu,Rajasthan,B Aparajith,N Jagadeesan,Tanveer Ul-Haq,0,0,,,,,,,,,
1244405,2020/21,2021-01-29,"Narendra Modi Stadium Ground 'A', Motera",2,2.5,Tamil Nadu,Rajasthan,B Aparajith,N Jagadeesan,Tanveer Ul-Haq,0,0,,,,,,,,,
1244405,2020/21,2021-01-29,"Narendra Modi Stadium Ground 'A', Motera",2,2.6,Tamil Nadu,Rajasthan,B Aparajith,N Jagadeesan,Tanveer Ul-Haq,0,0,,,,,,,,,
1244405,2020/21,2021-01-29,"Narendra Modi Stadium Ground 'A', Motera",2,2.7,Tamil Nadu,Rajasthan,B Aparajith,N Jagadeesan,Tanveer Ul-Haq,2,0,,,,,,,,,
1244405,2020/21,2021-01-29,"Narendra Modi Stadium Ground 'A', Motera",2,3.1,Tamil Nadu,Rajasthan,N Jagadeesan,B Aparajith,A Choudhary,1,0,,,,,,,,,
1244405,2020/21,2021-01-29,"Narendra Modi Stadium Ground 'A', Motera",2,3.2,Tamil Nadu,Rajasthan,B Aparajith,N Jagadeesan,A Choudhary,0,0,,,,,,caught,B Aparajith,,
1244405,2020/21,2021-01-29,"Narendra Modi Stadium Ground 'A', Motera",2,3.3,Tamil Nadu,Rajasthan,KB Arun Karthik,N Jagadeesan,A Choudhary,1,0,,,,,,,,,
1244405,2020/21,2021-01-29,"Narendra Modi Stadium Ground 'A', Motera",2,3.4,Tamil Nadu,Rajasthan,N Jagadeesan,KB Arun Karthik,A Choudhary,0,0,,,,,,,,,
1244405,2020/21,2021-01-29,"Narendra Modi Stadium Ground 'A', Motera",2,3.5,Tamil Nadu,Rajasthan,N Jagadeesan,KB Arun Karthik,A Choudhary,0,0,,,,,,,,,
1244405,2020/21,2021-01-29,"Narendra Modi Stadium Ground 'A', Motera",2,3.6,Tamil Nadu,Rajasthan,N Jagadeesan,KB Arun Karthik,A Choudhary,0,0,,,,,,,,,
1244405,2020/21,2021-01-29,"Narendra Modi Stadium Ground 'A', Motera",2,4.1,Tamil Nadu,Rajasthan,KB Arun Karthik,N Jagadeesan,Tanveer Ul-Haq,1,0,,,,,,,,,
1244405,2020/21,2021-01-29,"Narendra Modi Stadium Ground 'A', Motera",2,4.2,Tamil Nadu,Rajasthan,N Jagadeesan,KB Arun Karthik,Tanveer Ul-Haq,2,0,,,,,,,,,
1244405,2020/21,2021-01-29,"Narendra Modi Stadium Ground 'A', Motera",2,4.3,Tamil Nadu,Rajasthan,N Jagadeesan,KB Arun Karthik,Tanveer Ul-Haq,0,0,,,,,,,,,
1244405,2020/21,2021-01-29,"Narendra Modi Stadium Ground 'A', Motera",2,4.4,Tamil Nadu,Rajasthan,N Jagadeesan,KB Arun Karthik,Tanveer Ul-Haq,0,0,,,,,,,,,
1244405,2020/21,2021-01-29,"Narendra Modi Stadium Ground 'A', Motera",2,4.5,Tamil Nadu,Rajasthan,N Jagadeesan,KB Arun Karthik,Tanveer Ul-Haq,1,0,,,,,,,,,
1244405,2020/21,2021-01-29,"Narendra Modi Stadium Ground 'A', Motera",2,4.6,Tamil Nadu,Rajasthan,KB Arun Karthik,N Jagadeesan,Tanveer Ul-Haq,6,0,,,,,,,,,
1244405,2020/21,2021-01-29,"Narendra Modi Stadium Ground 'A', Motera",2,5.1,Tamil Nadu,Rajasthan,N Jagadeesan,KB Arun Karthik,KK Ahmed,1,0,,,,,,,,,
1244405,2020/21,2021-01-29,"Narendra Modi Stadium Ground 'A', Motera",2,5.2,Tamil Nadu,Rajasthan,KB Arun Karthik,N Jagadeesan,KK Ahmed,2,0,,,,,,,,,
1244405,2020/21,2021-01-29,"Narendra Modi Stadium Ground 'A', Motera",2,5.3,Tamil Nadu,Rajasthan,KB Arun Karthik,N Jagadeesan,KK Ahmed,0,0,,,,,,,,,
1244405,2020/21,2021-01-29,"Narendra Modi Stadium Ground 'A', Motera",2,5.4,Tamil Nadu,Rajasthan,KB Arun Karthik,N Jagadeesan,KK Ahmed,2,0,,,,,,,,,
1244405,2020/21,2021-01-29,"Narendra Modi Stadium Ground 'A', Motera",2,5.5,Tamil Nadu,Rajasthan,KB Arun Karthik,N Jagadeesan,KK Ahmed,1,0,,,,,,,,,
1244405,2020/21,2021-01-29,"Narendra Modi Stadium Ground 'A', Motera",2,5.6,Tamil Nadu,Rajasthan,N Jagadeesan,KB Arun Karthik,KK Ahmed,1,0,,,,,,,,,
1244405,2020/21,2021-01-29,"Narendra Modi Stadium Ground 'A', Motera",2,6.1,Tamil Nadu,Rajasthan,N Jagadeesan,KB Arun Karthik,CP Singh,1,0,,,,,,,,,
1244405,2020/21,2021-01-29,"Narendra Modi Stadium Ground 'A', Motera",2,6.2,Tamil Nadu,Rajasthan,KB Arun Karthik,N Jagadeesan,CP Singh,1,0,,,,,,,,,
1244405,2020/21,2021-01-29,"Narendra Modi Stadium Ground 'A', Motera",2,6.3,Tamil Nadu,Rajasthan,N Jagadeesan,KB Arun Karthik,CP Singh,4,0,,,,,,,,,
1244405,2020/21,2021-01-29,"Narendra Modi Stadium Ground 'A', Motera",2,6.4,Tamil Nadu,Rajasthan,N Jagadeesan,KB Arun Karthik,CP Singh,1,0,,,,,,,,,
1244405,2020/21,2021-01-29,"Narendra Modi Stadium Ground 'A', Motera",2,6.5,Tamil Nadu,Rajasthan,KB Arun Karthik,N Jagadeesan,CP Singh,1,0,,,,,,,,,
1244405,2020/21,2021-01-29,"Narendra Modi Stadium Ground 'A', Motera",2,6.6,Tamil Nadu,Rajasthan,N Jagadeesan,KB Arun Karthik,CP Singh,1,0,,,,,,,,,
1244405,2020/21,2021-01-29,"Narendra Modi Stadium Ground 'A', Motera",2,7.1,Tamil Nadu,Rajasthan,N Jagadeesan,KB Arun Karthik,KK Ahmed,1,0,,,,,,,,,
1244405,2020/21,2021-01-29,"Narendra Modi Stadium Ground 'A', Motera",2,7.2,Tamil Nadu,Rajasthan,KB Arun Karthik,N Jagadeesan,KK Ahmed,1,0,,,,,,,,,
1244405,2020/21,2021-01-29,"Narendra Modi Stadium Ground 'A', Motera",2,7.3,Tamil Nadu,Rajasthan,N Jagadeesan,KB Arun Karthik,KK Ahmed,1,0,,,,,,,,,
1244405,2020/21,2021-01-29,"Narendra Modi Stadium Ground 'A', Motera",2,7.4,Tamil Nadu,Rajasthan,KB Arun Karthik,N Jagadeesan,KK Ahmed,4,0,,,,,,,,,
1244405,2020/21,2021-01-29,"Narendra Modi Stadium Ground 'A', Motera",2,7.5,Tamil Nadu,Rajasthan,KB Arun Karthik,N Jagadeesan,KK Ahmed,0,0,,,,,,,,,
1244405,2020/21,2021-01-29,"Narendra Modi Stadium Ground 'A', Motera",2,7.6,Tamil Nadu,Rajasthan,KB Arun Karthik,N Jagadeesan,KK Ahmed,1,0,,,,,,,,,
1244405,2020/21,2021-01-29,"Narendra Modi Stadium Ground 'A', Motera",2,8.1,Tamil Nadu,Rajasthan,KB Arun Karthik,N Jagadeesan,CP Singh,0,0,,,,,,,,,
1244405,2020/21,2021-01-29,"Narendra Modi Stadium Ground 'A', Motera",2,8.2,Tamil Nadu,Rajasthan,KB Arun Karthik,N Jagadeesan,CP Singh,1,0,,,,,,,,,
1244405,2020/21,2021-01-29,"Narendra Modi Stadium Ground 'A', Motera",2,8.3,Tamil Nadu,Rajasthan,N Jagadeesan,KB Arun Karthik,CP Singh,1,0,,,,,,,,,
1244405,2020/21,2021-01-29,"Narendra Modi Stadium Ground 'A', Motera",2,8.4,Tamil Nadu,Rajasthan,KB Arun Karthik,N Jagadeesan,CP Singh,4,0,,,,,,,,,
1244405,2020/21,2021-01-29,"Narendra Modi Stadium Ground 'A', Motera",2,8.5,Tamil Nadu,Rajasthan,KB Arun Karthik,N Jagadeesan,CP Singh,1,0,,,,,,,,,
1244405,2020/21,2021-01-29,"Narendra Modi Stadium Ground 'A', Motera",2,8.6,Tamil Nadu,Rajasthan,N Jagadeesan,KB Arun Karthik,CP Singh,1,0,,,,,,,,,
1244405,2020/21,2021-01-29,"Narendra Modi Stadium Ground 'A', Motera",2,9.1,Tamil Nadu,Rajasthan,N Jagadeesan,KB Arun Karthik,Ravi Bishnoi,1,0,,,,,,,,,
1244405,2020/21,2021-01-29,"Narendra Modi Stadium Ground 'A', Motera",2,9.2,Tamil Nadu,Rajasthan,KB Arun Karthik,N Jagadeesan,Ravi Bishnoi,0,2,2,,,,,,,,
1244405,2020/21,2021-01-29,"Narendra Modi Stadium Ground 'A', Motera",2,9.3,Tamil Nadu,Rajasthan,N Jagadeesan,KB Arun Karthik,Ravi Bishnoi,2,0,,,,,,,,,
1244405,2020/21,2021-01-29,"Narendra Modi Stadium Ground 'A', Motera",2,9.4,Tamil Nadu,Rajasthan,N Jagadeesan,KB Arun Karthik,Ravi Bishnoi,4,0,,,,,,,,,
1244405,2020/21,2021-01-29,"Narendra Modi Stadium Ground 'A', Motera",2,9.5,Tamil Nadu,Rajasthan,N Jagadeesan,KB Arun Karthik,Ravi Bishnoi,0,0,,,,,,caught,N Jagadeesan,,
1244405,2020/21,2021-01-29,"Narendra Modi Stadium Ground 'A', Motera",2,9.6,Tamil Nadu,Rajasthan,KD Karthik,KB Arun Karthik,Ravi Bishnoi,0,0,,,,,,,,,
1244405,2020/21,2021-01-29,"Narendra Modi Stadium Ground 'A', Motera",2,9.7,Tamil Nadu,Rajasthan,KD Karthik,KB Arun Karthik,Ravi Bishnoi,1,0,,,,,,,,,
1244405,2020/21,2021-01-29,"Narendra Modi Stadium Ground 'A', Motera",2,10.1,Tamil Nadu,Rajasthan,KD Karthik,KB Arun Karthik,CP Singh,2,0,,,,,,,,,
1244405,2020/21,2021-01-29,"Narendra Modi Stadium Ground 'A', Motera",2,10.2,Tamil Nadu,Rajasthan,KD Karthik,KB Arun Karthik,CP Singh,1,0,,,,,,,,,
1244405,2020/21,2021-01-29,"Narendra Modi Stadium Ground 'A', Motera",2,10.3,Tamil Nadu,Rajasthan,KB Arun Karthik,KD Karthik,CP Singh,2,0,,,,,,,,,
1244405,2020/21,2021-01-29,"Narendra Modi Stadium Ground 'A', Motera",2,10.4,Tamil Nadu,Rajasthan,KB Arun Karthik,KD Karthik,CP Singh,4,0,,,,,,,,,
1244405,2020/21,2021-01-29,"Narendra Modi Stadium Ground 'A', Motera",2,10.5,Tamil Nadu,Rajasthan,KB Arun Karthik,KD Karthik,CP Singh,0,0,,,,,,,,,
1244405,2020/21,2021-01-29,"Narendra Modi Stadium Ground 'A', Motera",2,10.6,Tamil Nadu,Rajasthan,KB Arun Karthik,KD Karthik,CP Singh,1,0,,,,,,,,,
1244405,2020/21,2021-01-29,"Narendra Modi Stadium Ground 'A', Motera",2,11.1,Tamil Nadu,Rajasthan,KB Arun Karthik,KD Karthik,Ravi Bishnoi,0,0,,,,,,,,,
1244405,2020/21,2021-01-29,"Narendra Modi Stadium Ground 'A', Motera",2,11.2,Tamil Nadu,Rajasthan,KB Arun Karthik,KD Karthik,Ravi Bishnoi,0,0,,,,,,,,,
1244405,2020/21,2021-01-29,"Narendra Modi Stadium Ground 'A', Motera",2,11.3,Tamil Nadu,Rajasthan,KB Arun Karthik,KD Karthik,Ravi Bishnoi,0,0,,,,,,,,,
1244405,2020/21,2021-01-29,"Narendra Modi Stadium Ground 'A', Motera",2,11.4,Tamil Nadu,Rajasthan,KB Arun Karthik,KD Karthik,Ravi Bishnoi,1,0,,,,,,,,,
1244405,2020/21,2021-01-29,"Narendra Modi Stadium Ground 'A', Motera",2,11.5,Tamil Nadu,Rajasthan,KD Karthik,KB Arun Karthik,Ravi Bishnoi,1,0,,,,,,,,,
1244405,2020/21,2021-01-29,"Narendra Modi Stadium Ground 'A', Motera",2,11.6,Tamil Nadu,Rajasthan,KB Arun Karthik,KD Karthik,Ravi Bishnoi,1,0,,,,,,,,,
1244405,2020/21,2021-01-29,"Narendra Modi Stadium Ground 'A', Motera",2,12.1,Tamil Nadu,Rajasthan,KB Arun Karthik,KD Karthik,CP Singh,0,1,1,,,,,,,,
1244405,2020/21,2021-01-29,"Narendra Modi Stadium Ground 'A', Motera",2,12.2,Tamil Nadu,Rajasthan,KB Arun Karthik,KD Karthik,CP Singh,6,0,,,,,,,,,
1244405,2020/21,2021-01-29,"Narendra Modi Stadium Ground 'A', Motera",2,12.3,Tamil Nadu,Rajasthan,KB Arun Karthik,KD Karthik,CP Singh,1,0,,,,,,,,,
1244405,2020/21,2021-01-29,"Narendra Modi Stadium Ground 'A', Motera",2,12.4,Tamil Nadu,Rajasthan,KD Karthik,KB Arun Karthik,CP Singh,1,0,,,,,,,,,
1244405,2020/21,2021-01-29,"Narendra Modi Stadium Ground 'A', Motera",2,12.5,Tamil Nadu,Rajasthan,KB Arun Karthik,KD Karthik,CP Singh,1,0,,,,,,,,,
1244405,2020/21,2021-01-29,"Narendra Modi Stadium Ground 'A', Motera",2,12.6,Tamil Nadu,Rajasthan,KD Karthik,KB Arun Karthik,CP Singh,1,0,,,,,,,,,
1244405,2020/21,2021-01-29,"Narendra Modi Stadium Ground 'A', Motera",2,12.7,Tamil Nadu,Rajasthan,KB Arun Karthik,KD Karthik,CP Singh,4,0,,,,,,,,,
1244405,2020/21,2021-01-29,"Narendra Modi Stadium Ground 'A', Motera",2,13.1,Tamil Nadu,Rajasthan,KD Karthik,KB Arun Karthik,Ravi Bishnoi,4,0,,,,,,,,,
1244405,2020/21,2021-01-29,"Narendra Modi Stadium Ground 'A', Motera",2,13.2,Tamil Nadu,Rajasthan,KD Karthik,KB Arun Karthik,Ravi Bishnoi,4,0,,,,,,,,,
1244405,2020/21,2021-01-29,"Narendra Modi Stadium Ground 'A', Motera",2,13.3,Tamil Nadu,Rajasthan,KD Karthik,KB Arun Karthik,Ravi Bishnoi,0,0,,,,,,,,,
1244405,2020/21,2021-01-29,"Narendra Modi Stadium Ground 'A', Motera",2,13.4,Tamil Nadu,Rajasthan,KD Karthik,KB Arun Karthik,Ravi Bishnoi,4,0,,,,,,,,,
1244405,2020/21,2021-01-29,"Narendra Modi Stadium Ground 'A', Motera",2,13.5,Tamil Nadu,Rajasthan,KD Karthik,KB Arun Karthik,Ravi Bishnoi,1,0,,,,,,,,,
1244405,2020/21,2021-01-29,"Narendra Modi Stadium Ground 'A', Motera",2,13.6,Tamil Nadu,Rajasthan,KB Arun Karthik,KD Karthik,Ravi Bishnoi,1,0,,,,,,,,,
1244405,2020/21,2021-01-29,"Narendra Modi Stadium Ground 'A', Motera",2,14.1,Tamil Nadu,Rajasthan,KB Arun Karthik,KD Karthik,KK Ahmed,0,0,,,,,,,,,
1244405,2020/21,2021-01-29,"Narendra Modi Stadium Ground 'A', Motera",2,14.2,Tamil Nadu,Rajasthan,KB Arun Karthik,KD Karthik,KK Ahmed,2,0,,,,,,,,,
1244405,2020/21,2021-01-29,"Narendra Modi Stadium Ground 'A', Motera",2,14.3,Tamil Nadu,Rajasthan,KB Arun Karthik,KD Karthik,KK Ahmed,1,0,,,,,,,,,
1244405,2020/21,2021-01-29,"Narendra Modi Stadium Ground 'A', Motera",2,14.4,Tamil Nadu,Rajasthan,KD Karthik,KB Arun Karthik,KK Ahmed,1,0,,,,,,,,,
1244405,2020/21,2021-01-29,"Narendra Modi Stadium Ground 'A', Motera",2,14.5,Tamil Nadu,Rajasthan,KB Arun Karthik,KD Karthik,KK Ahmed,1,0,,,,,,,,,
1244405,2020/21,2021-01-29,"Narendra Modi Stadium Ground 'A', Motera",2,14.6,Tamil Nadu,Rajasthan,KD Karthik,KB Arun Karthik,KK Ahmed,2,0,,,,,,,,,
1244405,2020/21,2021-01-29,"Narendra Modi Stadium Ground 'A', Motera",2,15.1,Tamil Nadu,Rajasthan,KB Arun Karthik,KD Karthik,A Choudhary,2,0,,,,,,,,,
1244405,2020/21,2021-01-29,"Narendra Modi Stadium Ground 'A', Motera",2,15.2,Tamil Nadu,Rajasthan,KB Arun Karthik,KD Karthik,A Choudhary,0,0,,,,,,,,,
1244405,2020/21,2021-01-29,"Narendra Modi Stadium Ground 'A', Motera",2,15.3,Tamil Nadu,Rajasthan,KB Arun Karthik,KD Karthik,A Choudhary,6,0,,,,,,,,,
1244405,2020/21,2021-01-29,"Narendra Modi Stadium Ground 'A', Motera",2,15.4,Tamil Nadu,Rajasthan,KB Arun Karthik,KD Karthik,A Choudhary,4,0,,,,,,,,,
1244405,2020/21,2021-01-29,"Narendra Modi Stadium Ground 'A', Motera",2,15.5,Tamil Nadu,Rajasthan,KB Arun Karthik,KD Karthik,A Choudhary,2,0,,,,,,,,,
1244405,2020/21,2021-01-29,"Narendra Modi Stadium Ground 'A', Motera",2,15.6,Tamil Nadu,Rajasthan,KB Arun Karthik,KD Karthik,A Choudhary,1,0,,,,,,,,,
1244405,2020/21,2021-01-29,"Narendra Modi Stadium Ground 'A', Motera",2,16.1,Tamil Nadu,Rajasthan,KB Arun Karthik,KD Karthik,Ravi Bishnoi,0,0,,,,,,,,,
1244405,2020/21,2021-01-29,"Narendra Modi Stadium Ground 'A', Motera",2,16.2,Tamil Nadu,Rajasthan,KB Arun Karthik,KD Karthik,Ravi Bishnoi,1,0,,,,,,,,,
1244405,2020/21,2021-01-29,"Narendra Modi Stadium Ground 'A', Motera",2,16.3,Tamil Nadu,Rajasthan,KD Karthik,KB Arun Karthik,Ravi Bishnoi,1,0,,,,,,,,,
1244405,2020/21,2021-01-29,"Narendra Modi Stadium Ground 'A', Motera",2,16.4,Tamil Nadu,Rajasthan,KB Arun Karthik,KD Karthik,Ravi Bishnoi,1,0,,,,,,,,,
1244405,2020/21,2021-01-29,"Narendra Modi Stadium Ground 'A', Motera",2,16.5,Tamil Nadu,Rajasthan,KD Karthik,KB Arun Karthik,Ravi Bishnoi,1,0,,,,,,,,,
1244405,2020/21,2021-01-29,"Narendra Modi Stadium Ground 'A', Motera",2,16.6,Tamil Nadu,Rajasthan,KB Arun Karthik,KD Karthik,Ravi Bishnoi,1,0,,,,,,,,,
1244405,2020/21,2021-01-29,"Narendra Modi Stadium Ground 'A', Motera",2,17.1,Tamil Nadu,Rajasthan,KB Arun Karthik,KD Karthik,KK Ahmed,0,0,,,,,,,,,
1244405,2020/21,2021-01-29,"Narendra Modi Stadium Ground 'A', Motera",2,17.2,Tamil Nadu,Rajasthan,KB Arun Karthik,KD Karthik,KK Ahmed,1,0,,,,,,,,,
1244405,2020/21,2021-01-29,"Narendra Modi Stadium Ground 'A', Motera",2,17.3,Tamil Nadu,Rajasthan,KD Karthik,KB Arun Karthik,KK Ahmed,1,0,,,,,,,,,
1244405,2020/21,2021-01-29,"Narendra Modi Stadium Ground 'A', Motera",2,17.4,Tamil Nadu,Rajasthan,KB Arun Karthik,KD Karthik,KK Ahmed,4,0,,,,,,,,,
1244405,2020/21,2021-01-29,"Narendra Modi Stadium Ground 'A', Motera",2,17.5,Tamil Nadu,Rajasthan,KB Arun Karthik,KD Karthik,KK Ahmed,4,0,,,,,,,,,
1244405,2020/21,2021-01-29,"Narendra Modi Stadium Ground 'A', Motera",2,17.6,Tamil Nadu,Rajasthan,KB Arun Karthik,KD Karthik,KK Ahmed,1,0,,,,,,,,,
1244405,2020/21,2021-01-29,"Narendra Modi Stadium Ground 'A', Motera",2,18.1,Tamil Nadu,Rajasthan,KB Arun Karthik,KD Karthik,A Choudhary,0,0,,,,,,,,,
1244405,2020/21,2021-01-29,"Narendra Modi Stadium Ground 'A', Motera",2,18.2,Tamil Nadu,Rajasthan,KB Arun Karthik,KD Karthik,A Choudhary,4,0,,,,,,,,,
1244405,2020/21,2021-01-29,"Narendra Modi Stadium Ground 'A', Motera",2,18.3,Tamil Nadu,Rajasthan,KB Arun Karthik,KD Karthik,A Choudhary,0,0,,,,,,,,,
1244405,2020/21,2021-01-29,"Narendra Modi Stadium Ground 'A', Motera",2,18.4,Tamil Nadu,Rajasthan,KB Arun Karthik,KD Karthik,A Choudhary,4,0,,,,,,,,,
