match_id,season,start_date,venue,innings,ball,batting_team,bowling_team,striker,non_striker,bowler,runs_off_bat,extras,wides,noballs,byes,legbyes,penalty,wicket_type,player_dismissed,other_wicket_type,other_player_dismissed
1280279,2021/22,2021-11-09,Nehru Stadium,1,0.1,Karnataka,Bengal,MA Agarwal,D Padikkal,Mukesh Kumar,4,0,,,,,,,,,
1280279,2021/22,2021-11-09,Nehru Stadium,1,0.2,Karnataka,Bengal,MA Agarwal,D Padikkal,Mukesh Kumar,0,0,,,,,,,,,
1280279,2021/22,2021-11-09,Nehru Stadium,1,0.3,Karnataka,Bengal,MA Agarwal,D Padikkal,Mukesh Kumar,0,0,,,,,,caught,MA Agarwal,,
1280279,2021/22,2021-11-09,Nehru Stadium,1,0.4,Karnataka,Bengal,MK Pandey,D Padikkal,Mukesh Kumar,6,0,,,,,,,,,
1280279,2021/22,2021-11-09,Nehru Stadium,1,0.5,Karnataka,Bengal,MK Pandey,D Padikkal,Mukesh Kumar,0,1,,,,1,,,,,
1280279,2021/22,2021-11-09,Nehru Stadium,1,0.6,Karnataka,Bengal,D Padikkal,MK Pandey,Mukesh Kumar,0,0,,,,,,caught,D Padikkal,,
1280279,2021/22,2021-11-09,Nehru Stadium,1,1.1,Karnataka,Bengal,MK Pandey,KK Nair,Shahbaz Ahmed,0,0,,,,,,,,,
1280279,2021/22,2021-11-09,Nehru Stadium,1,1.2,Karnataka,Bengal,MK Pandey,KK Nair,Shahbaz Ahmed,1,0,,,,,,,,,
1280279,2021/22,2021-11-09,Nehru Stadium,1,1.3,Karnataka,Bengal,KK Nair,MK Pandey,Shahbaz Ahmed,0,0,,,,,,,,,
1280279,2021/22,2021-11-09,Nehru Stadium,1,1.4,Karnataka,Bengal,KK Nair,MK Pandey,Shahbaz Ahmed,1,0,,,,,,,,,
1280279,2021/22,2021-11-09,Nehru Stadium,1,1.5,Karnataka,Bengal,MK Pandey,KK Nair,Shahbaz Ahmed,0,0,,,,,,,,,
1280279,2021/22,2021-11-09,Nehru Stadium,1,1.6,Karnataka,Bengal,MK Pandey,KK Nair,Shahbaz Ahmed,1,0,,,,,,,,,
1280279,2021/22,2021-11-09,Nehru Stadium,1,2.1,Karnataka,Bengal,MK Pandey,KK Nair,Mukesh Kumar,1,0,,,,,,,,,
1280279,2021/22,2021-11-09,Nehru Stadium,1,2.2,Karnataka,Bengal,KK Nair,MK Pandey,Mukesh Kumar,0,0,,,,,,,,,
1280279,2021/22,2021-11-09,Nehru Stadium,1,2.3,Karnataka,Bengal,KK Nair,MK Pandey,Mukesh Kumar,0,0,,,,,,,,,
1280279,2021/22,2021-11-09,Nehru Stadium,1,2.4,Karnataka,Bengal,KK Nair,MK Pandey,Mukesh Kumar,0,0,,,,,,,,,
1280279,2021/22,2021-11-09,Nehru Stadium,1,2.5,Karnataka,Bengal,KK Nair,MK Pandey,Mukesh Kumar,0,0,,,,,,,,,
1280279,2021/22,2021-11-09,Nehru Stadium,1,2.6,Karnataka,Bengal,KK Nair,MK Pandey,Mukesh Kumar,0,0,,,,,,,,,
1280279,2021/22,2021-11-09,Nehru Stadium,1,3.1,Karnataka,Bengal,MK Pandey,KK Nair,Shahbaz Ahmed,0,0,,,,,,,,,
1280279,2021/22,2021-11-09,Nehru Stadium,1,3.2,Karnataka,Bengal,MK Pandey,KK Nair,Shahbaz Ahmed,1,0,,,,,,,,,
1280279,2021/22,2021-11-09,Nehru Stadium,1,3.3,Karnataka,Bengal,KK Nair,MK Pandey,Shahbaz Ahmed,1,0,,,,,,,,,
1280279,2021/22,2021-11-09,Nehru Stadium,1,3.4,Karnataka,Bengal,MK Pandey,KK Nair,Shahbaz Ahmed,1,0,,,,,,,,,
1280279,2021/22,2021-11-09,Nehru Stadium,1,3.5,Karnataka,Bengal,KK Nair,MK Pandey,Shahbaz Ahmed,1,0,,,,,,,,,
1280279,2021/22,2021-11-09,Nehru Stadium,1,3.6,Karnataka,Bengal,MK Pandey,KK Nair,Shahbaz Ahmed,1,0,,,,,,,,,
1280279,2021/22,2021-11-09,Nehru Stadium,1,4.1,Karnataka,Bengal,MK Pandey,KK Nair,Akash Deep,0,1,1,,,,,,,,
1280279,2021/22,2021-11-09,Nehru Stadium,1,4.2,Karnataka,Bengal,MK Pandey,KK Nair,Akash Deep,0,0,,,,,,,,,
1280279,2021/22,2021-11-09,Nehru Stadium,1,4.3,Karnataka,Bengal,MK Pandey,KK Nair,Akash Deep,1,0,,,,,,,,,
1280279,2021/22,2021-11-09,Nehru Stadium,1,4.4,Karnataka,Bengal,KK Nair,MK Pandey,Akash Deep,1,0,,,,,,,,,
1280279,2021/22,2021-11-09,Nehru Stadium,1,4.5,Karnataka,Bengal,MK Pandey,KK Nair,Akash Deep,0,4,,,4,,,,,,
1280279,2021/22,2021-11-09,Nehru Stadium,1,4.6,Karnataka,Bengal,MK Pandey,KK Nair,Akash Deep,2,0,,,,,,,,,
1280279,2021/22,2021-11-09,Nehru Stadium,1,4.7,Karnataka,Bengal,MK Pandey,KK Nair,Akash Deep,4,0,,,,,,,,,
1280279,2021/22,2021-11-09,Nehru Stadium,1,5.1,Karnataka,Bengal,KK Nair,MK Pandey,Pradipta Pramanik,2,0,,,,,,,,,
1280279,2021/22,2021-11-09,Nehru Stadium,1,5.2,Karnataka,Bengal,KK Nair,MK Pandey,Pradipta Pramanik,0,0,,,,,,,,,
1280279,2021/22,2021-11-09,Nehru Stadium,1,5.3,Karnataka,Bengal,KK Nair,MK Pandey,Pradipta Pramanik,4,0,,,,,,,,,
1280279,2021/22,2021-11-09,Nehru Stadium,1,5.4,Karnataka,Bengal,KK Nair,MK Pandey,Pradipta Pramanik,1,0,,,,,,,,,
1280279,2021/22,2021-11-09,Nehru Stadium,1,5.5,Karnataka,Bengal,MK Pandey,KK Nair,Pradipta Pramanik,0,1,1,,,,,,,,
1280279,2021/22,2021-11-09,Nehru Stadium,1,5.6,Karnataka,Bengal,MK Pandey,KK Nair,Pradipta Pramanik,1,0,,,,,,,,,
1280279,2021/22,2021-11-09,Nehru Stadium,1,5.7,Karnataka,Bengal,KK Nair,MK Pandey,Pradipta Pramanik,4,0,,,,,,,,,
1280279,2021/22,2021-11-09,Nehru Stadium,1,6.1,Karnataka,Bengal,MK Pandey,KK Nair,Sujit Yadav,1,0,,,,,,,,,
1280279,2021/22,2021-11-09,Nehru Stadium,1,6.2,Karnataka,Bengal,KK Nair,MK Pandey,Sujit Yadav,0,1,,,,1,,,,,
1280279,2021/22,2021-11-09,Nehru Stadium,1,6.3,Karnataka,Bengal,MK Pandey,KK Nair,Sujit Yadav,1,0,,,,,,,,,
1280279,2021/22,2021-11-09,Nehru Stadium,1,6.4,Karnataka,Bengal,KK Nair,MK Pandey,Sujit Yadav,1,0,,,,,,,,,
1280279,2021/22,2021-11-09,Nehru Stadium,1,6.5,Karnataka,Bengal,MK Pandey,KK Nair,Sujit Yadav,1,0,,,,,,,,,
1280279,2021/22,2021-11-09,Nehru Stadium,1,6.6,Karnataka,Bengal,KK Nair,MK Pandey,Sujit Yadav,3,0,,,,,,,,,
1280279,2021/22,2021-11-09,Nehru Stadium,1,7.1,Karnataka,Bengal,KK Nair,MK Pandey,Pradipta Pramanik,0,0,,,,,,,,,
1280279,2021/22,2021-11-09,Nehru Stadium,1,7.2,Karnataka,Bengal,KK Nair,MK Pandey,Pradipta Pramanik,4,0,,,,,,,,,
1280279,2021/22,2021-11-09,Nehru Stadium,1,7.3,Karnataka,Bengal,KK Nair,MK Pandey,Pradipta Pramanik,1,0,,,,,,,,,
1280279,2021/22,2021-11-09,Nehru Stadium,1,7.4,Karnataka,Bengal,MK Pandey,KK Nair,Pradipta Pramanik,0,0,,,,,,,,,
1280279,2021/22,2021-11-09,Nehru Stadium,1,7.5,Karnataka,Bengal,MK Pandey,KK Nair,Pradipta Pramanik,0,0,,,,,,,,,
1280279,2021/22,2021-11-09,Nehru Stadium,1,7.6,Karnataka,Bengal,MK Pandey,KK Nair,Pradipta Pramanik,4,0,,,,,,,,,
1280279,2021/22,2021-11-09,Nehru Stadium,1,8.1,Karnataka,Bengal,KK Nair,MK Pandey,Sujit Yadav,1,0,,,,,,,,,
1280279,2021/22,2021-11-09,Nehru Stadium,1,8.2,Karnataka,Bengal,MK Pandey,KK Nair,Sujit Yadav,1,0,,,,,,,,,
1280279,2021/22,2021-11-09,Nehru Stadium,1,8.3,Karnataka,Bengal,KK Nair,MK Pandey,Sujit Yadav,0,0,,,,,,,,,
1280279,2021/22,2021-11-09,Nehru Stadium,1,8.4,Karnataka,Bengal,KK Nair,MK Pandey,Sujit Yadav,1,0,,,,,,,,,
1280279,2021/22,2021-11-09,Nehru Stadium,1,8.5,Karnataka,Bengal,MK Pandey,KK Nair,Sujit Yadav,0,0,,,,,,,,,
1280279,2021/22,2021-11-09,Nehru Stadium,1,8.6,Karnataka,Bengal,MK Pandey,KK Nair,Sujit Yadav,0,1,1,,,,,,,,
1280279,2021/22,2021-11-09,Nehru Stadium,1,8.7,Karnataka,Bengal,MK Pandey,KK Nair,Sujit Yadav,4,0,,,,,,,,,
1280279,2021/22,2021-11-09,Nehru Stadium,1,9.1,Karnataka,Bengal,KK Nair,MK Pandey,Shahbaz Ahmed,0,0,,,,,,,,,
1280279,2021/22,2021-11-09,Nehru Stadium,1,9.2,Karnataka,Bengal,KK Nair,MK Pandey,Shahbaz Ahmed,1,0,,,,,,,,,
1280279,2021/22,2021-11-09,Nehru Stadium,1,9.3,Karnataka,Bengal,MK Pandey,KK Nair,Shahbaz Ahmed,0,0,,,,,,stumped,MK Pandey,,
1280279,2021/22,2021-11-09,Nehru Stadium,1,9.4,Karnataka,Bengal,Aniruddha Joshi,KK Nair,Shahbaz Ahmed,0,0,,,,,,,,,
1280279,2021/22,2021-11-09,Nehru Stadium,1,9.5,Karnataka,Bengal,Aniruddha Joshi,KK Nair,Shahbaz Ahmed,1,0,,,,,,,,,
1280279,2021/22,2021-11-09,Nehru Stadium,1,9.6,Karnataka,Bengal,KK Nair,Aniruddha Joshi,Shahbaz Ahmed,0,0,,,,,,,,,
1280279,2021/22,2021-11-09,Nehru Stadium,1,10.1,Karnataka,Bengal,Aniruddha Joshi,KK Nair,Sujit Yadav,1,0,,,,,,,,,
1280279,2021/22,2021-11-09,Nehru Stadium,1,10.2,Karnataka,Bengal,KK Nair,Aniruddha Joshi,Sujit Yadav,0,0,,,,,,,,,
1280279,2021/22,2021-11-09,Nehru Stadium,1,10.3,Karnataka,Bengal,KK Nair,Aniruddha Joshi,Sujit Yadav,0,0,,,,,,,,,
1280279,2021/22,2021-11-09,Nehru Stadium,1,10.4,Karnataka,Bengal,KK Nair,Aniruddha Joshi,Sujit Yadav,1,0,,,,,,,,,
1280279,2021/22,2021-11-09,Nehru Stadium,1,10.5,Karnataka,Bengal,Aniruddha Joshi,KK Nair,Sujit Yadav,0,0,,,,,,,,,
1280279,2021/22,2021-11-09,Nehru Stadium,1,10.6,Karnataka,Bengal,Aniruddha Joshi,KK Nair,Sujit Yadav,1,0,,,,,,,,,
1280279,2021/22,2021-11-09,Nehru Stadium,1,11.1,Karnataka,Bengal,Aniruddha Joshi,KK Nair,Pradipta Pramanik,1,0,,,,,,,,,
1280279,2021/22,2021-11-09,Nehru Stadium,1,11.2,Karnataka,Bengal,KK Nair,Aniruddha Joshi,Pradipta Pramanik,4,0,,,,,,,,,
1280279,2021/22,2021-11-09,Nehru Stadium,1,11.3,Karnataka,Bengal,KK Nair,Aniruddha Joshi,Pradipta Pramanik,0,0,,,,,,,,,
1280279,2021/22,2021-11-09,Nehru Stadium,1,11.4,Karnataka,Bengal,KK Nair,Aniruddha Joshi,Pradipta Pramanik,1,0,,,,,,,,,
1280279,2021/22,2021-11-09,Nehru Stadium,1,11.5,Karnataka,Bengal,Aniruddha Joshi,KK Nair,Pradipta Pramanik,0,0,,,,,,,,,
1280279,2021/22,2021-11-09,Nehru Stadium,1,11.6,Karnataka,Bengal,Aniruddha Joshi,KK Nair,Pradipta Pramanik,1,0,,,,,,,,,
1280279,2021/22,2021-11-09,Nehru Stadium,1,12.1,Karnataka,Bengal,Aniruddha Joshi,KK Nair,Sujit Yadav,1,0,,,,,,,,,
1280279,2021/22,2021-11-09,Nehru Stadium,1,12.2,Karnataka,Bengal,KK Nair,Aniruddha Joshi,Sujit Yadav,2,0,,,,,,,,,
1280279,2021/22,2021-11-09,Nehru Stadium,1,12.3,Karnataka,Bengal,KK Nair,Aniruddha Joshi,Sujit Yadav,4,0,,,,,,,,,
1280279,2021/22,2021-11-09,Nehru Stadium,1,12.4,Karnataka,Bengal,KK Nair,Aniruddha Joshi,Sujit Yadav,0,0,,,,,,,,,
1280279,2021/22,2021-11-09,Nehru Stadium,1,12.5,Karnataka,Bengal,KK Nair,Aniruddha Joshi,Sujit Yadav,0,0,,,,,,,,,
1280279,2021/22,2021-11-09,Nehru Stadium,1,12.6,Karnataka,Bengal,KK Nair,Aniruddha Joshi,Sujit Yadav,1,0,,,,,,,,,
1280279,2021/22,2021-11-09,Nehru Stadium,1,13.1,Karnataka,Bengal,KK Nair,Aniruddha Joshi,Akash Deep,1,0,,,,,,,,,
1280279,2021/22,2021-11-09,Nehru Stadium,1,13.2,Karnataka,Bengal,Aniruddha Joshi,KK Nair,Akash Deep,1,0,,,,,,,,,
1280279,2021/22,2021-11-09,Nehru Stadium,1,13.3,Karnataka,Bengal,KK Nair,Aniruddha Joshi,Akash Deep,1,0,,,,,,,,,
1280279,2021/22,2021-11-09,Nehru Stadium,1,13.4,Karnataka,Bengal,Aniruddha Joshi,KK Nair,Akash Deep,0,0,,,,,,,,,
1280279,2021/22,2021-11-09,Nehru Stadium,1,13.5,Karnataka,Bengal,Aniruddha Joshi,KK Nair,Akash Deep,1,0,,,,,,,,,
1280279,2021/22,2021-11-09,Nehru Stadium,1,13.6,Karnataka,Bengal,KK Nair,Aniruddha Joshi,Akash Deep,0,0,,,,,,,,,
1280279,2021/22,2021-11-09,Nehru Stadium,1,14.1,Karnataka,Bengal,Aniruddha Joshi,KK Nair,Shahbaz Ahmed,0,0,,,,,,,,,
1280279,2021/22,2021-11-09,Nehru Stadium,1,14.2,Karnataka,Bengal,Aniruddha Joshi,KK Nair,Shahbaz Ahmed,1,0,,,,,,,,,
1280279,2021/22,2021-11-09,Nehru Stadium,1,14.3,Karnataka,Bengal,KK Nair,Aniruddha Joshi,Shahbaz Ahmed,1,0,,,,,,,,,
1280279,2021/22,2021-11-09,Nehru Stadium,1,14.4,Karnataka,Bengal,Aniruddha Joshi,KK Nair,Shahbaz Ahmed,1,0,,,,,,,,,
1280279,2021/22,2021-11-09,Nehru Stadium,1,14.5,Karnataka,Bengal,KK Nair,Aniruddha Joshi,Shahbaz Ahmed,1,0,,,,,,,,,
1280279,2021/22,2021-11-09,Nehru Stadium,1,14.6,Karnataka,Bengal,Aniruddha Joshi,KK Nair,Shahbaz Ahmed,1,0,,,,,,,,,
1280279,2021/22,2021-11-09,Nehru Stadium,1,15.1,Karnataka,Bengal,Aniruddha Joshi,KK Nair,Pradipta Pramanik,1,0,,,,,,,,,
1280279,2021/22,2021-11-09,Nehru Stadium,1,15.2,Karnataka,Bengal,KK Nair,Aniruddha Joshi,Pradipta Pramanik,0,0,,,,,,caught,KK Nair,,
1280279,2021/22,2021-11-09,Nehru Stadium,1,15.3,Karnataka,Bengal,Aniruddha Joshi,BR Sharath,Pradipta Pramanik,0,0,,,,,,caught,Aniruddha Joshi,,
1280279,2021/22,2021-11-09,Nehru Stadium,1,15.4,Karnataka,Bengal,K Gowtham,BR Sharath,Pradipta Pramanik,2,0,,,,,,,,,
1280279,2021/22,2021-11-09,Nehru Stadium,1,15.5,Karnataka,Bengal,K Gowtham,BR Sharath,Pradipta Pramanik,0,0,,,,,,,,,
1280279,2021/22,2021-11-09,Nehru Stadium,1,15.6,Karnataka,Bengal,K Gowtham,BR Sharath,Pradipta Pramanik,1,0,,,,,,,,,
1280279,2021/22,2021-11-09,Nehru Stadium,1,16.1,Karnataka,Bengal,K Gowtham,BR Sharath,Akash Deep,0,0,,,,,,,,,
1280279,2021/22,2021-11-09,Nehru Stadium,1,16.2,Karnataka,Bengal,K Gowtham,BR Sharath,Akash Deep,1,0,,,,,,,,,
1280279,2021/22,2021-11-09,Nehru Stadium,1,16.3,Karnataka,Bengal,BR Sharath,K Gowtham,Akash Deep,0,1,,,,1,,,,,
1280279,2021/22,2021-11-09,Nehru Stadium,1,16.4,Karnataka,Bengal,K Gowtham,BR Sharath,Akash Deep,1,0,,,,,,,,,
1280279,2021/22,2021-11-09,Nehru Stadium,1,16.5,Karnataka,Bengal,BR Sharath,K Gowtham,Akash Deep,0,0,,,,,,,,,
1280279,2021/22,2021-11-09,Nehru Stadium,1,16.6,Karnataka,Bengal,BR Sharath,K Gowtham,Akash Deep,0,0,,,,,,,,,
1280279,2021/22,2021-11-09,Nehru Stadium,1,17.1,Karnataka,Bengal,K Gowtham,BR Sharath,Mukesh Kumar,0,0,,,,,,,,,
1280279,2021/22,2021-11-09,Nehru Stadium,1,17.2,Karnataka,Bengal,K Gowtham,BR Sharath,Mukesh Kumar,1,0,,,,,,,,,
1280279,2021/22,2021-11-09,Nehru Stadium,1,17.3,Karnataka,Bengal,BR Sharath,K Gowtham,Mukesh Kumar,6,0,,,,,,,,,
1280279,2021/22,2021-11-09,Nehru Stadium,1,17.4,Karnataka,Bengal,BR Sharath,K Gowtham,Mukesh Kumar,4,0,,,,,,,,,
1280279,2021/22,2021-11-09,Nehru Stadium,1,17.5,Karnataka,Bengal,BR Sharath,K Gowtham,Mukesh Kumar,0,0,,,,,,run out,BR Sharath,,
1280279,2021/22,2021-11-09,Nehru Stadium,1,17.6,Karnataka,Bengal,K Gowtham,J Suchith,Mukesh Kumar,1,0,,,,,,,,,
1280279,2021/22,2021-11-09,Nehru Stadium,1,18.1,Karnataka,Bengal,K Gowtham,J Suchith,Akash Deep,0,0,,,,,,,,,
1280279,2021/22,2021-11-09,Nehru Stadium,1,18.2,Karnataka,Bengal,K Gowtham,J Suchith,Akash Deep,0,0,,,,,,caught,K Gowtham,,
1280279,2021/22,2021-11-09,Nehru Stadium,1,18.3,Karnataka,Bengal,J Suchith,Vijaykumar Vyshak,Akash Deep,1,0,,,,,,,,,
1280279,2021/22,2021-11-09,Nehru Stadium,1,18.4,Karnataka,Bengal,Vijaykumar Vyshak,J Suchith,Akash Deep,2,0,,,,,,,,,
1280279,2021/22,2021-11-09,Nehru Stadium,1,18.5,Karnataka,Bengal,Vijaykumar Vyshak,J Suchith,Akash Deep,1,0,,,,,,,,,
1280279,2021/22,2021-11-09,Nehru Stadium,1,18.6,Karnataka,Bengal,J Suchith,Vijaykumar Vyshak,Akash Deep,0,1,,,,1,,,,,
1280279,2021/22,2021-11-09,Nehru Stadium,1,19.1,Karnataka,Bengal,J Suchith,Vijaykumar Vyshak,Mukesh Kumar,1,0,,,,,,,,,
1280279,2021/22,2021-11-09,Nehru Stadium,1,19.2,Karnataka,Bengal,Vijaykumar Vyshak,J Suchith,Mukesh Kumar,0,0,,,,,,bowled,Vijaykumar Vyshak,,
1280279,2021/22,2021-11-09,Nehru Stadium,1,19.3,Karnataka,Bengal,KC Cariappa,J Suchith,Mukesh Kumar,2,0,,,,,,,,,
1280279,2021/22,2021-11-09,Nehru Stadium,1,19.4,Karnataka,Bengal,KC Cariappa,J Suchith,Mukesh Kumar,1,0,,,,,,,,,
1280279,2021/22,2021-11-09,Nehru Stadium,1,19.5,Karnataka,Bengal,J Suchith,KC Cariappa,Mukesh Kumar,4,0,,,,,,,,,
1280279,2021/22,2021-11-09,Nehru Stadium,1,19.6,Karnataka,Bengal,J Suchith,KC Cariappa,Mukesh Kumar,2,0,,,,,,,,,
1280279,2021/22,2021-11-09,Nehru Stadium,2,0.1,Bengal,Karnataka,Sudip Chatterjee,AR Easwaran,M Prasidh Krishna,4,0,,,,,,,,,
1280279,2021/22,2021-11-09,Nehru Stadium,2,0.2,Bengal,Karnataka,Sudip Chatterjee,AR Easwaran,M Prasidh Krishna,0,0,,,,,,,,,
1280279,2021/22,2021-11-09,Nehru Stadium,2,0.3,Bengal,Karnataka,Sudip Chatterjee,AR Easwaran,M Prasidh Krishna,0,0,,,,,,bowled,Sudip Chatterjee,,
1280279,2021/22,2021-11-09,Nehru Stadium,2,0.4,Bengal,Karnataka,Writtick Chatterjee,AR Easwaran,M Prasidh Krishna,4,0,,,,,,,,,
1280279,2021/22,2021-11-09,Nehru Stadium,2,0.5,Bengal,Karnataka,Writtick Chatterjee,AR Easwaran,M Prasidh Krishna,2,0,,,,,,,,,
1280279,2021/22,2021-11-09,Nehru Stadium,2,0.6,Bengal,Karnataka,Writtick Chatterjee,AR Easwaran,M Prasidh Krishna,6,0,,,,,,,,,
1280279,2021/22,2021-11-09,Nehru Stadium,2,1.1,Bengal,Karnataka,AR Easwaran,Writtick Chatterjee,J Suchith,0,0,,,,,,,,,
1280279,2021/22,2021-11-09,Nehru Stadium,2,1.2,Bengal,Karnataka,AR Easwaran,Writtick Chatterjee,J Suchith,0,0,,,,,,,,,
1280279,2021/22,2021-11-09,Nehru Stadium,2,1.3,Bengal,Karnataka,AR Easwaran,Writtick Chatterjee,J Suchith,1,0,,,,,,,,,
1280279,2021/22,2021-11-09,Nehru Stadium,2,1.4,Bengal,Karnataka,Writtick Chatterjee,AR Easwaran,J Suchith,0,0,,,,,,,,,
1280279,2021/22,2021-11-09,Nehru Stadium,2,1.5,Bengal,Karnataka,Writtick Chatterjee,AR Easwaran,J Suchith,0,1,1,,,,,,,,
1280279,2021/22,2021-11-09,Nehru Stadium,2,1.6,Bengal,Karnataka,Writtick Chatterjee,AR Easwaran,J Suchith,1,0,,,,,,,,,
1280279,2021/22,2021-11-09,Nehru Stadium,2,1.7,Bengal,Karnataka,AR Easwaran,Writtick Chatterjee,J Suchith,0,0,,,,,,,,,
1280279,2021/22,2021-11-09,Nehru Stadium,2,2.1,Bengal,Karnataka,Writtick Chatterjee,AR Easwaran,KC Cariappa,0,0,,,,,,,,,
1280279,2021/22,2021-11-09,Nehru Stadium,2,2.2,Bengal,Karnataka,Writtick Chatterjee,AR Easwaran,KC Cariappa,1,0,,,,,,,,,
1280279,2021/22,2021-11-09,Nehru Stadium,2,2.3,Bengal,Karnataka,AR Easwaran,Writtick Chatterjee,KC Cariappa,0,0,,,,,,,,,
1280279,2021/22,2021-11-09,Nehru Stadium,2,2.4,Bengal,Karnataka,AR Easwaran,Writtick Chatterjee,KC Cariappa,0,1,,,,1,,,,,
1280279,2021/22,2021-11-09,Nehru Stadium,2,2.5,Bengal,Karnataka,Writtick Chatterjee,AR Easwaran,KC Cariappa,4,0,,,,,,,,,
1280279,2021/22,2021-11-09,Nehru Stadium,2,2.6,Bengal,Karnataka,Writtick Chatterjee,AR Easwaran,KC Cariappa,0,0,,,,,,caught,Writtick Chatterjee,,
1280279,2021/22,2021-11-09,Nehru Stadium,2,3.1,Bengal,Karnataka,AR Easwaran,WP Saha,J Suchith,0,1,,,,1,,,,,
1280279,2021/22,2021-11-09,Nehru Stadium,2,3.2,Bengal,Karnataka,WP Saha,AR Easwaran,J Suchith,1,0,,,,,,,,,
1280279,2021/22,2021-11-09,Nehru Stadium,2,3.3,Bengal,Karnataka,AR Easwaran,WP Saha,J Suchith,0,0,,,,,,,,,
1280279,2021/22,2021-11-09,Nehru Stadium,2,3.4,Bengal,Karnataka,AR Easwaran,WP Saha,J Suchith,6,0,,,,,,,,,
1280279,2021/22,2021-11-09,Nehru Stadium,2,3.5,Bengal,Karnataka,AR Easwaran,WP Saha,J Suchith,4,0,,,,,,,,,
1280279,2021/22,2021-11-09,Nehru Stadium,2,3.6,Bengal,Karnataka,AR Easwaran,WP Saha,J Suchith,1,0,,,,,,,,,
1280279,2021/22,2021-11-09,Nehru Stadium,2,4.1,Bengal,Karnataka,AR Easwaran,WP Saha,KC Cariappa,1,0,,,,,,,,,
1280279,2021/22,2021-11-09,Nehru Stadium,2,4.2,Bengal,Karnataka,WP Saha,AR Easwaran,KC Cariappa,0,0,,,,,,,,,
1280279,2021/22,2021-11-09,Nehru Stadium,2,4.3,Bengal,Karnataka,WP Saha,AR Easwaran,KC Cariappa,0,0,,,,,,,,,
1280279,2021/22,2021-11-09,Nehru Stadium,2,4.4,Bengal,Karnataka,WP Saha,AR Easwaran,KC Cariappa,0,0,,,,,,,,,
1280279,2021/22,2021-11-09,Nehru Stadium,2,4.5,Bengal,Karnataka,WP Saha,AR Easwaran,KC Cariappa,0,0,,,,,,,,,
1280279,2021/22,2021-11-09,Nehru Stadium,2,4.6,Bengal,Karnataka,WP Saha,AR Easwaran,KC Cariappa,4,0,,,,,,,,,
1280279,2021/22,2021-11-09,Nehru Stadium,2,5.1,Bengal,Karnataka,AR Easwaran,WP Saha,Vijaykumar Vyshak,1,0,,,,,,,,,
1280279,2021/22,2021-11-09,Nehru Stadium,2,5.2,Bengal,Karnataka,WP Saha,AR Easwaran,Vijaykumar Vyshak,2,0,,,,,,,,,
1280279,2021/22,2021-11-09,Nehru Stadium,2,5.3,Bengal,Karnataka,WP Saha,AR Easwaran,Vijaykumar Vyshak,1,0,,,,,,,,,
1280279,2021/22,2021-11-09,Nehru Stadium,2,5.4,Bengal,Karnataka,AR Easwaran,WP Saha,Vijaykumar Vyshak,0,0,,,,,,,,,
1280279,2021/22,2021-11-09,Nehru Stadium,2,5.5,Bengal,Karnataka,AR Easwaran,WP Saha,Vijaykumar Vyshak,0,0,,,,,,,,,
1280279,2021/22,2021-11-09,Nehru Stadium,2,5.6,Bengal,Karnataka,AR Easwaran,WP Saha,Vijaykumar Vyshak,0,0,,,,,,,,,
1280279,2021/22,2021-11-09,Nehru Stadium,2,6.1,Bengal,Karnataka,WP Saha,AR Easwaran,J Suchith,1,0,,,,,,,,,
1280279,2021/22,2021-11-09,Nehru Stadium,2,6.2,Bengal,Karnataka,AR Easwaran,WP Saha,J Suchith,2,0,,,,,,,,,
1280279,2021/22,2021-11-09,Nehru Stadium,2,6.3,Bengal,Karnataka,AR Easwaran,WP Saha,J Suchith,1,0,,,,,,,,,
1280279,2021/22,2021-11-09,Nehru Stadium,2,6.4,Bengal,Karnataka,WP Saha,AR Easwaran,J Suchith,1,0,,,,,,,,,
1280279,2021/22,2021-11-09,Nehru Stadium,2,6.5,Bengal,Karnataka,AR Easwaran,WP Saha,J Suchith,4,0,,,,,,,,,
1280279,2021/22,2021-11-09,Nehru Stadium,2,6.6,Bengal,Karnataka,AR Easwaran,WP Saha,J Suchith,4,0,,,,,,,,,
1280279,2021/22,2021-11-09,Nehru Stadium,2,7.1,Bengal,Karnataka,WP Saha,AR Easwaran,Vijaykumar Vyshak,0,0,,,,,,,,,
1280279,2021/22,2021-11-09,Nehru Stadium,2,7.2,Bengal,Karnataka,WP Saha,AR Easwaran,Vijaykumar Vyshak,1,0,,,,,,,,,
1280279,2021/22,2021-11-09,Nehru Stadium,2,7.3,Bengal,Karnataka,AR Easwaran,WP Saha,Vijaykumar Vyshak,0,0,,,,,,,,,
1280279,2021/22,2021-11-09,Nehru Stadium,2,7.4,Bengal,Karnataka,AR Easwaran,WP Saha,Vijaykumar Vyshak,1,0,,,,,,,,,
1280279,2021/22,2021-11-09,Nehru Stadium,2,7.5,Bengal,Karnataka,WP Saha,AR Easwaran,Vijaykumar Vyshak,2,0,,,,,,,,,
1280279,2021/22,2021-11-09,Nehru Stadium,2,7.6,Bengal,Karnataka,WP Saha,AR Easwaran,Vijaykumar Vyshak,4,0,,,,,,,,,
1280279,2021/22,2021-11-09,Nehru Stadium,2,8.1,Bengal,Karnataka,AR Easwaran,WP Saha,K Gowtham,1,0,,,,,,,,,
1280279,2021/22,2021-11-09,Nehru Stadium,2,8.2,Bengal,Karnataka,WP Saha,AR Easwaran,K Gowtham,0,0,,,,,,,,,
1280279,2021/22,2021-11-09,Nehru Stadium,2,8.3,Bengal,Karnataka,WP Saha,AR Easwaran,K Gowtham,1,0,,,,,,,,,
1280279,2021/22,2021-11-09,Nehru Stadium,2,8.4,Bengal,Karnataka,AR Easwaran,WP Saha,K Gowtham,4,0,,,,,,,,,
1280279,2021/22,2021-11-09,Nehru Stadium,2,8.5,Bengal,Karnataka,AR Easwaran,WP Saha,K Gowtham,1,0,,,,,,,,,
1280279,2021/22,2021-11-09,Nehru Stadium,2,8.6,Bengal,Karnataka,WP Saha,AR Easwaran,K Gowtham,0,0,,,,,,,,,
1280279,2021/22,2021-11-09,Nehru Stadium,2,9.1,Bengal,Karnataka,AR Easwaran,WP Saha,M Prasidh Krishna,1,0,,,,,,,,,
1280279,2021/22,2021-11-09,Nehru Stadium,2,9.2,Bengal,Karnataka,WP Saha,AR Easwaran,M Prasidh Krishna,0,0,,,,,,,,,
1280279,2021/22,2021-11-09,Nehru Stadium,2,9.3,Bengal,Karnataka,WP Saha,AR Easwaran,M Prasidh Krishna,6,0,,,,,,,,,
1280279,2021/22,2021-11-09,Nehru Stadium,2,9.4,Bengal,Karnataka,WP Saha,AR Easwaran,M Prasidh Krishna,1,0,,,,,,,,,
1280279,2021/22,2021-11-09,Nehru Stadium,2,9.5,Bengal,Karnataka,AR Easwaran,WP Saha,M Prasidh Krishna,0,0,,,,,,,,,
1280279,2021/22,2021-11-09,Nehru Stadium,2,9.6,Bengal,Karnataka,AR Easwaran,WP Saha,M Prasidh Krishna,0,0,,,,,,,,,
1280279,2021/22,2021-11-09,Nehru Stadium,2,10.1,Bengal,Karnataka,WP Saha,AR Easwaran,K Gowtham,1,0,,,,,,,,,
1280279,2021/22,2021-11-09,Nehru Stadium,2,10.2,Bengal,Karnataka,AR Easwaran,WP Saha,K Gowtham,0,0,,,,,,,,,
1280279,2021/22,2021-11-09,Nehru Stadium,2,10.3,Bengal,Karnataka,AR Easwaran,WP Saha,K Gowtham,0,0,,,,,,,,,
1280279,2021/22,2021-11-09,Nehru Stadium,2,10.4,Bengal,Karnataka,AR Easwaran,WP Saha,K Gowtham,1,0,,,,,,,,,
1280279,2021/22,2021-11-09,Nehru Stadium,2,10.5,Bengal,Karnataka,WP Saha,AR Easwaran,K Gowtham,1,0,,,,,,,,,
1280279,2021/22,2021-11-09,Nehru Stadium,2,10.6,Bengal,Karnataka,AR Easwaran,WP Saha,K Gowtham,1,0,,,,,,,,,
1280279,2021/22,2021-11-09,Nehru Stadium,2,11.1,Bengal,Karnataka,AR Easwaran,WP Saha,J Suchith,0,1,,,,1,,,,,
1280279,2021/22,2021-11-09,Nehru Stadium,2,11.2,Bengal,Karnataka,WP Saha,AR Easwaran,J Suchith,0,0,,,,,,bowled,WP Saha,,
1280279,2021/22,2021-11-09,Nehru Stadium,2,11.3,Bengal,Karnataka,Kaif Ahmad,AR Easwaran,J Suchith,1,0,,,,,,,,,
1280279,2021/22,2021-11-09,Nehru Stadium,2,11.4,Bengal,Karnataka,AR Easwaran,Kaif Ahmad,J Suchith,4,0,,,,,,,,,
1280279,2021/22,2021-11-09,Nehru Stadium,2,11.5,Bengal,Karnataka,AR Easwaran,Kaif Ahmad,J Suchith,1,0,,,,,,,,,
1280279,2021/22,2021-11-09,Nehru Stadium,2,11.6,Bengal,Karnataka,Kaif Ahmad,AR Easwaran,J Suchith,0,0,,,,,,,,,
1280279,2021/22,2021-11-09,Nehru Stadium,2,12.1,Bengal,Karnataka,AR Easwaran,Kaif Ahmad,K Gowtham,1,0,,,,,,,,,
1280279,2021/22,2021-11-09,Nehru Stadium,2,12.2,Bengal,Karnataka,Kaif Ahmad,AR Easwaran,K Gowtham,0,0,,,,,,,,,
1280279,2021/22,2021-11-09,Nehru Stadium,2,12.3,Bengal,Karnataka,Kaif Ahmad,AR Easwaran,K Gowtham,1,0,,,,,,,,,
1280279,2021/22,2021-11-09,Nehru Stadium,2,12.4,Bengal,Karnataka,AR Easwaran,Kaif Ahmad,K Gowtham,1,0,,,,,,,,,
1280279,2021/22,2021-11-09,Nehru Stadium,2,12.5,Bengal,Karnataka,Kaif Ahmad,AR Easwaran,K Gowtham,1,0,,,,,,,,,
1280279,2021/22,2021-11-09,Nehru Stadium,2,12.6,Bengal,Karnataka,AR Easwaran,Kaif Ahmad,K Gowtham,0,0,,,,,,,,,
1280279,2021/22,2021-11-09,Nehru Stadium,2,13.1,Bengal,Karnataka,Kaif Ahmad,AR Easwaran,M Prasidh Krishna,4,0,,,,,,,,,
1280279,2021/22,2021-11-09,Nehru Stadium,2,13.2,Bengal,Karnataka,Kaif Ahmad,AR Easwaran,M Prasidh Krishna,1,0,,,,,,,,,
1280279,2021/22,2021-11-09,Nehru Stadium,2,13.3,Bengal,Karnataka,AR Easwaran,Kaif Ahmad,M Prasidh Krishna,1,0,,,,,,,,,
1280279,2021/22,2021-11-09,Nehru Stadium,2,13.4,Bengal,Karnataka,Kaif Ahmad,AR Easwaran,M Prasidh Krishna,4,0,,,,,,,,,
1280279,2021/22,2021-11-09,Nehru Stadium,2,13.5,Bengal,Karnataka,Kaif Ahmad,AR Easwaran,M Prasidh Krishna,1,0,,,,,,,,,
1280279,2021/22,2021-11-09,Nehru Stadium,2,13.6,Bengal,Karnataka,AR Easwaran,Kaif Ahmad,M Prasidh Krishna,1,0,,,,,,,,,
1280279,2021/22,2021-11-09,Nehru Stadium,2,14.1,Bengal,Karnataka,AR Easwaran,Kaif Ahmad,KC Cariappa,1,0,,,,,,,,,
1280279,2021/22,2021-11-09,Nehru Stadium,2,14.2,Bengal,Karnataka,Kaif Ahmad,AR Easwaran,KC Cariappa,0,0,,,,,,,,,
1280279,2021/22,2021-11-09,Nehru Stadium,2,14.3,Bengal,Karnataka,Kaif Ahmad,AR Easwaran,KC Cariappa,2,0,,,,,,,,,
1280279,2021/22,2021-11-09,Nehru Stadium,2,14.4,Bengal,Karnataka,Kaif Ahmad,AR Easwaran,KC Cariappa,4,0,,,,,,,,,
1280279,2021/22,2021-11-09,Nehru Stadium,2,14.5,Bengal,Karnataka,Kaif Ahmad,AR Easwaran,KC Cariappa,1,0,,,,,,,,,
1280279,2021/22,2021-11-09,Nehru Stadium,2,14.6,Bengal,Karnataka,AR Easwaran,Kaif Ahmad,KC Cariappa,2,0,,,,,,,,,
1280279,2021/22,2021-11-09,Nehru Stadium,2,15.1,Bengal,Karnataka,Kaif Ahmad,AR Easwaran,K Gowtham,0,0,,,,,,,,,
1280279,2021/22,2021-11-09,Nehru Stadium,2,15.2,Bengal,Karnataka,Kaif Ahmad,AR Easwaran,K Gowtham,0,0,,,,,,,,,
1280279,2021/22,2021-11-09,Nehru Stadium,2,15.3,Bengal,Karnataka,Kaif Ahmad,AR Easwaran,K Gowtham,0,0,,,,,,,,,
1280279,2021/22,2021-11-09,Nehru Stadium,2,15.4,Bengal,Karnataka,Kaif Ahmad,AR Easwaran,K Gowtham,4,0,,,,,,,,,
1280279,2021/22,2021-11-09,Nehru Stadium,2,15.5,Bengal,Karnataka,Kaif Ahmad,AR Easwaran,K Gowtham,1,0,,,,,,,,,
1280279,2021/22,2021-11-09,Nehru Stadium,2,15.6,Bengal,Karnataka,AR Easwaran,Kaif Ahmad,K Gowtham,0,0,,,,,,,,,
1280279,2021/22,2021-11-09,Nehru Stadium,2,16.1,Bengal,Karnataka,Kaif Ahmad,AR Easwaran,KC Cariappa,1,0,,,,,,,,,
1280279,2021/22,2021-11-09,Nehru Stadium,2,16.2,Bengal,Karnataka,AR Easwaran,Kaif Ahmad,KC Cariappa,1,0,,,,,,,,,
1280279,2021/22,2021-11-09,Nehru Stadium,2,16.3,Bengal,Karnataka,Kaif Ahmad,AR Easwaran,KC Cariappa,1,0,,,,,,,,,
1280279,2021/22,2021-11-09,Nehru Stadium,2,16.4,Bengal,Karnataka,AR Easwaran,Kaif Ahmad,KC Cariappa,0,0,,,,,,,,,
1280279,2021/22,2021-11-09,Nehru Stadium,2,16.5,Bengal,Karnataka,AR Easwaran,Kaif Ahmad,KC Cariappa,1,0,,,,,,,,,
1280279,2021/22,2021-11-09,Nehru Stadium,2,16.6,Bengal,Karnataka,Kaif Ahmad,AR Easwaran,KC Cariappa,1,0,,,,,,,,,
1280279,2021/22,2021-11-09,Nehru Stadium,2,17.1,Bengal,Karnataka,Kaif Ahmad,AR Easwaran,Vijaykumar Vyshak,1,0,,,,,,,,,
1280279,2021/22,2021-11-09,Nehru Stadium,2,17.2,Bengal,Karnataka,AR Easwaran,Kaif Ahmad,Vijaykumar Vyshak,1,0,,,,,,,,,
1280279,2021/22,2021-11-09,Nehru Stadium,2,17.3,Bengal,Karnataka,Kaif Ahmad,AR Easwaran,Vijaykumar Vyshak,1,0,,,,,,,,,
1280279,2021/22,2021-11-09,Nehru Stadium,2,17.4,Bengal,Karnataka,AR Easwaran,Kaif Ahmad,Vijaykumar Vyshak,0,0,,,,,,,,,
1280279,2021/22,2021-11-09,Nehru Stadium,2,17.5,Bengal,Karnataka,AR Easwaran,Kaif Ahmad,Vijaykumar Vyshak,1,0,,,,,,,,,
1280279,2021/22,2021-11-09,Nehru Stadium,2,17.6,Bengal,Karnataka,Kaif Ahmad,AR Easwaran,Vijaykumar Vyshak,4,0,,,,,,,,,
