match_id,season,start_date,venue,innings,ball,batting_team,bowling_team,striker,non_striker,bowler,runs_off_bat,extras,wides,noballs,byes,legbyes,penalty,wicket_type,player_dismissed,other_wicket_type,other_player_dismissed
1280266,2021/22,2021-11-08,"Airforce Complex ground, Palam",1,0.1,Bihar,Madhya Pradesh,Mangal Mahrour,Bipin Saurabh,Avesh Khan,0,0,,,,,,,,,
1280266,2021/22,2021-11-08,"Airforce Complex ground, Palam",1,0.2,Bihar,Madhya Pradesh,Mangal Mahrour,Bipin Saurabh,Avesh Khan,0,1,,,,1,,,,,
1280266,2021/22,2021-11-08,"Airforce Complex ground, Palam",1,0.3,Bihar,Madhya Pradesh,Bipin Saurabh,Mangal Mahrour,Avesh Khan,1,0,,,,,,,,,
1280266,2021/22,2021-11-08,"Airforce Complex ground, Palam",1,0.4,Bihar,Madhya Pradesh,Mangal Mahrour,Bipin Saurabh,Avesh Khan,0,0,,,,,,,,,
1280266,2021/22,2021-11-08,"Airforce Complex ground, Palam",1,0.5,Bihar,Madhya Pradesh,Mangal Mahrour,Bipin Saurabh,Avesh Khan,0,0,,,,,,,,,
1280266,2021/22,2021-11-08,"Airforce Complex ground, Palam",1,0.6,Bihar,Madhya Pradesh,Mangal Mahrour,Bipin Saurabh,Avesh Khan,4,0,,,,,,,,,
1280266,2021/22,2021-11-08,"Airforce Complex ground, Palam",1,1.1,Bihar,Madhya Pradesh,Bipin Saurabh,Mangal Mahrour,KR Sen,2,0,,,,,,,,,
1280266,2021/22,2021-11-08,"Airforce Complex ground, Palam",1,1.2,Bihar,Madhya Pradesh,Bipin Saurabh,Mangal Mahrour,KR Sen,1,0,,,,,,,,,
1280266,2021/22,2021-11-08,"Airforce Complex ground, Palam",1,1.3,Bihar,Madhya Pradesh,Mangal Mahrour,Bipin Saurabh,KR Sen,0,0,,,,,,,,,
1280266,2021/22,2021-11-08,"Airforce Complex ground, Palam",1,1.4,Bihar,Madhya Pradesh,Mangal Mahrour,Bipin Saurabh,KR Sen,0,0,,,,,,caught,Mangal Mahrour,,
1280266,2021/22,2021-11-08,"Airforce Complex ground, Palam",1,1.5,Bihar,Madhya Pradesh,Babul Kumar,Bipin Saurabh,KR Sen,0,0,,,,,,,,,
1280266,2021/22,2021-11-08,"Airforce Complex ground, Palam",1,1.6,Bihar,Madhya Pradesh,Babul Kumar,Bipin Saurabh,KR Sen,0,0,,,,,,,,,
1280266,2021/22,2021-11-08,"Airforce Complex ground, Palam",1,2.1,Bihar,Madhya Pradesh,Bipin Saurabh,Babul Kumar,Avesh Khan,0,0,,,,,,,,,
1280266,2021/22,2021-11-08,"Airforce Complex ground, Palam",1,2.2,Bihar,Madhya Pradesh,Bipin Saurabh,Babul Kumar,Avesh Khan,0,0,,,,,,,,,
1280266,2021/22,2021-11-08,"Airforce Complex ground, Palam",1,2.3,Bihar,Madhya Pradesh,Bipin Saurabh,Babul Kumar,Avesh Khan,1,0,,,,,,,,,
1280266,2021/22,2021-11-08,"Airforce Complex ground, Palam",1,2.4,Bihar,Madhya Pradesh,Babul Kumar,Bipin Saurabh,Avesh Khan,0,0,,,,,,,,,
1280266,2021/22,2021-11-08,"Airforce Complex ground, Palam",1,2.5,Bihar,Madhya Pradesh,Babul Kumar,Bipin Saurabh,Avesh Khan,0,0,,,,,,,,,
1280266,2021/22,2021-11-08,"Airforce Complex ground, Palam",1,2.6,Bihar,Madhya Pradesh,Babul Kumar,Bipin Saurabh,Avesh Khan,0,0,,,,,,bowled,Babul Kumar,,
1280266,2021/22,2021-11-08,"Airforce Complex ground, Palam",1,3.1,Bihar,Madhya Pradesh,Bipin Saurabh,Rishav,KR Sen,0,0,,,,,,,,,
1280266,2021/22,2021-11-08,"Airforce Complex ground, Palam",1,3.2,Bihar,Madhya Pradesh,Bipin Saurabh,Rishav,KR Sen,2,0,,,,,,,,,
1280266,2021/22,2021-11-08,"Airforce Complex ground, Palam",1,3.3,Bihar,Madhya Pradesh,Bipin Saurabh,Rishav,KR Sen,0,0,,,,,,,,,
1280266,2021/22,2021-11-08,"Airforce Complex ground, Palam",1,3.4,Bihar,Madhya Pradesh,Bipin Saurabh,Rishav,KR Sen,1,0,,,,,,,,,
1280266,2021/22,2021-11-08,"Airforce Complex ground, Palam",1,3.5,Bihar,Madhya Pradesh,Rishav,Bipin Saurabh,KR Sen,1,0,,,,,,,,,
1280266,2021/22,2021-11-08,"Airforce Complex ground, Palam",1,3.6,Bihar,Madhya Pradesh,Bipin Saurabh,Rishav,KR Sen,0,0,,,,,,,,,
1280266,2021/22,2021-11-08,"Airforce Complex ground, Palam",1,4.1,Bihar,Madhya Pradesh,Rishav,Bipin Saurabh,VR Iyer,0,0,,,,,,,,,
1280266,2021/22,2021-11-08,"Airforce Complex ground, Palam",1,4.2,Bihar,Madhya Pradesh,Rishav,Bipin Saurabh,VR Iyer,0,0,,,,,,,,,
1280266,2021/22,2021-11-08,"Airforce Complex ground, Palam",1,4.3,Bihar,Madhya Pradesh,Rishav,Bipin Saurabh,VR Iyer,0,0,,,,,,,,,
1280266,2021/22,2021-11-08,"Airforce Complex ground, Palam",1,4.4,Bihar,Madhya Pradesh,Rishav,Bipin Saurabh,VR Iyer,0,0,,,,,,bowled,Rishav,,
1280266,2021/22,2021-11-08,"Airforce Complex ground, Palam",1,4.5,Bihar,Madhya Pradesh,Shekhar Kumar Singh,Bipin Saurabh,VR Iyer,0,0,,,,,,,,,
1280266,2021/22,2021-11-08,"Airforce Complex ground, Palam",1,4.6,Bihar,Madhya Pradesh,Shekhar Kumar Singh,Bipin Saurabh,VR Iyer,0,0,,,,,,,,,
1280266,2021/22,2021-11-08,"Airforce Complex ground, Palam",1,5.1,Bihar,Madhya Pradesh,Bipin Saurabh,Shekhar Kumar Singh,KR Sen,0,0,,,,,,,,,
1280266,2021/22,2021-11-08,"Airforce Complex ground, Palam",1,5.2,Bihar,Madhya Pradesh,Bipin Saurabh,Shekhar Kumar Singh,KR Sen,0,0,,,,,,,,,
1280266,2021/22,2021-11-08,"Airforce Complex ground, Palam",1,5.3,Bihar,Madhya Pradesh,Bipin Saurabh,Shekhar Kumar Singh,KR Sen,4,0,,,,,,,,,
1280266,2021/22,2021-11-08,"Airforce Complex ground, Palam",1,5.4,Bihar,Madhya Pradesh,Bipin Saurabh,Shekhar Kumar Singh,KR Sen,0,0,,,,,,caught,Bipin Saurabh,,
1280266,2021/22,2021-11-08,"Airforce Complex ground, Palam",1,5.5,Bihar,Madhya Pradesh,S Gani,Shekhar Kumar Singh,KR Sen,4,0,,,,,,,,,
1280266,2021/22,2021-11-08,"Airforce Complex ground, Palam",1,5.6,Bihar,Madhya Pradesh,S Gani,Shekhar Kumar Singh,KR Sen,0,0,,,,,,,,,
1280266,2021/22,2021-11-08,"Airforce Complex ground, Palam",1,6.1,Bihar,Madhya Pradesh,Shekhar Kumar Singh,S Gani,VR Iyer,0,0,,,,,,,,,
1280266,2021/22,2021-11-08,"Airforce Complex ground, Palam",1,6.2,Bihar,Madhya Pradesh,Shekhar Kumar Singh,S Gani,VR Iyer,0,0,,,,,,,,,
1280266,2021/22,2021-11-08,"Airforce Complex ground, Palam",1,6.3,Bihar,Madhya Pradesh,Shekhar Kumar Singh,S Gani,VR Iyer,0,0,,,,,,lbw,Shekhar Kumar Singh,,
1280266,2021/22,2021-11-08,"Airforce Complex ground, Palam",1,6.4,Bihar,Madhya Pradesh,Suraj Kashyap,S Gani,VR Iyer,0,0,,,,,,,,,
1280266,2021/22,2021-11-08,"Airforce Complex ground, Palam",1,6.5,Bihar,Madhya Pradesh,Suraj Kashyap,S Gani,VR Iyer,0,0,,,,,,,,,
1280266,2021/22,2021-11-08,"Airforce Complex ground, Palam",1,6.6,Bihar,Madhya Pradesh,Suraj Kashyap,S Gani,VR Iyer,0,0,,,,,,,,,
1280266,2021/22,2021-11-08,"Airforce Complex ground, Palam",1,7.1,Bihar,Madhya Pradesh,S Gani,Suraj Kashyap,K Kartikeya,0,0,,,,,,,,,
1280266,2021/22,2021-11-08,"Airforce Complex ground, Palam",1,7.2,Bihar,Madhya Pradesh,S Gani,Suraj Kashyap,K Kartikeya,0,2,,,,2,,,,,
1280266,2021/22,2021-11-08,"Airforce Complex ground, Palam",1,7.3,Bihar,Madhya Pradesh,S Gani,Suraj Kashyap,K Kartikeya,1,0,,,,,,,,,
1280266,2021/22,2021-11-08,"Airforce Complex ground, Palam",1,7.4,Bihar,Madhya Pradesh,Suraj Kashyap,S Gani,K Kartikeya,0,0,,,,,,,,,
1280266,2021/22,2021-11-08,"Airforce Complex ground, Palam",1,7.5,Bihar,Madhya Pradesh,Suraj Kashyap,S Gani,K Kartikeya,1,0,,,,,,,,,
1280266,2021/22,2021-11-08,"Airforce Complex ground, Palam",1,7.6,Bihar,Madhya Pradesh,S Gani,Suraj Kashyap,K Kartikeya,0,0,,,,,,,,,
1280266,2021/22,2021-11-08,"Airforce Complex ground, Palam",1,8.1,Bihar,Madhya Pradesh,Suraj Kashyap,S Gani,VR Iyer,0,0,,,,,,,,,
1280266,2021/22,2021-11-08,"Airforce Complex ground, Palam",1,8.2,Bihar,Madhya Pradesh,Suraj Kashyap,S Gani,VR Iyer,0,0,,,,,,,,,
1280266,2021/22,2021-11-08,"Airforce Complex ground, Palam",1,8.3,Bihar,Madhya Pradesh,Suraj Kashyap,S Gani,VR Iyer,1,0,,,,,,,,,
1280266,2021/22,2021-11-08,"Airforce Complex ground, Palam",1,8.4,Bihar,Madhya Pradesh,S Gani,Suraj Kashyap,VR Iyer,0,0,,,,,,,,,
1280266,2021/22,2021-11-08,"Airforce Complex ground, Palam",1,8.5,Bihar,Madhya Pradesh,S Gani,Suraj Kashyap,VR Iyer,0,0,,,,,,,,,
1280266,2021/22,2021-11-08,"Airforce Complex ground, Palam",1,8.6,Bihar,Madhya Pradesh,S Gani,Suraj Kashyap,VR Iyer,0,0,,,,,,,,,
1280266,2021/22,2021-11-08,"Airforce Complex ground, Palam",1,9.1,Bihar,Madhya Pradesh,Suraj Kashyap,S Gani,K Kartikeya,6,0,,,,,,,,,
1280266,2021/22,2021-11-08,"Airforce Complex ground, Palam",1,9.2,Bihar,Madhya Pradesh,Suraj Kashyap,S Gani,K Kartikeya,1,0,,,,,,,,,
1280266,2021/22,2021-11-08,"Airforce Complex ground, Palam",1,9.3,Bihar,Madhya Pradesh,S Gani,Suraj Kashyap,K Kartikeya,0,0,,,,,,,,,
1280266,2021/22,2021-11-08,"Airforce Complex ground, Palam",1,9.4,Bihar,Madhya Pradesh,S Gani,Suraj Kashyap,K Kartikeya,1,0,,,,,,,,,
1280266,2021/22,2021-11-08,"Airforce Complex ground, Palam",1,9.5,Bihar,Madhya Pradesh,Suraj Kashyap,S Gani,K Kartikeya,0,0,,,,,,,,,
1280266,2021/22,2021-11-08,"Airforce Complex ground, Palam",1,9.6,Bihar,Madhya Pradesh,Suraj Kashyap,S Gani,K Kartikeya,0,0,,,,,,,,,
1280266,2021/22,2021-11-08,"Airforce Complex ground, Palam",1,10.1,Bihar,Madhya Pradesh,S Gani,Suraj Kashyap,VR Iyer,0,0,,,,,,,,,
1280266,2021/22,2021-11-08,"Airforce Complex ground, Palam",1,10.2,Bihar,Madhya Pradesh,S Gani,Suraj Kashyap,VR Iyer,0,0,,,,,,,,,
1280266,2021/22,2021-11-08,"Airforce Complex ground, Palam",1,10.3,Bihar,Madhya Pradesh,S Gani,Suraj Kashyap,VR Iyer,1,0,,,,,,,,,
1280266,2021/22,2021-11-08,"Airforce Complex ground, Palam",1,10.4,Bihar,Madhya Pradesh,Suraj Kashyap,S Gani,VR Iyer,0,0,,,,,,,,,
1280266,2021/22,2021-11-08,"Airforce Complex ground, Palam",1,10.5,Bihar,Madhya Pradesh,Suraj Kashyap,S Gani,VR Iyer,0,0,,,,,,,,,
1280266,2021/22,2021-11-08,"Airforce Complex ground, Palam",1,10.6,Bihar,Madhya Pradesh,Suraj Kashyap,S Gani,VR Iyer,0,0,,,,,,,,,
1280266,2021/22,2021-11-08,"Airforce Complex ground, Palam",1,11.1,Bihar,Madhya Pradesh,S Gani,Suraj Kashyap,Mihir Hirwani,0,0,,,,,,,,,
1280266,2021/22,2021-11-08,"Airforce Complex ground, Palam",1,11.2,Bihar,Madhya Pradesh,S Gani,Suraj Kashyap,Mihir Hirwani,1,0,,,,,,,,,
1280266,2021/22,2021-11-08,"Airforce Complex ground, Palam",1,11.3,Bihar,Madhya Pradesh,Suraj Kashyap,S Gani,Mihir Hirwani,1,0,,,,,,,,,
1280266,2021/22,2021-11-08,"Airforce Complex ground, Palam",1,11.4,Bihar,Madhya Pradesh,S Gani,Suraj Kashyap,Mihir Hirwani,0,0,,,,,,,,,
1280266,2021/22,2021-11-08,"Airforce Complex ground, Palam",1,11.5,Bihar,Madhya Pradesh,S Gani,Suraj Kashyap,Mihir Hirwani,1,0,,,,,,,,,
1280266,2021/22,2021-11-08,"Airforce Complex ground, Palam",1,11.6,Bihar,Madhya Pradesh,Suraj Kashyap,S Gani,Mihir Hirwani,0,0,,,,,,,,,
1280266,2021/22,2021-11-08,"Airforce Complex ground, Palam",1,12.1,Bihar,Madhya Pradesh,S Gani,Suraj Kashyap,K Kartikeya,0,0,,,,,,,,,
1280266,2021/22,2021-11-08,"Airforce Complex ground, Palam",1,12.2,Bihar,Madhya Pradesh,S Gani,Suraj Kashyap,K Kartikeya,6,0,,,,,,,,,
1280266,2021/22,2021-11-08,"Airforce Complex ground, Palam",1,12.3,Bihar,Madhya Pradesh,S Gani,Suraj Kashyap,K Kartikeya,1,0,,,,,,,,,
1280266,2021/22,2021-11-08,"Airforce Complex ground, Palam",1,12.4,Bihar,Madhya Pradesh,Suraj Kashyap,S Gani,K Kartikeya,0,0,,,,,,,,,
1280266,2021/22,2021-11-08,"Airforce Complex ground, Palam",1,12.5,Bihar,Madhya Pradesh,Suraj Kashyap,S Gani,K Kartikeya,0,0,,,,,,,,,
1280266,2021/22,2021-11-08,"Airforce Complex ground, Palam",1,12.6,Bihar,Madhya Pradesh,Suraj Kashyap,S Gani,K Kartikeya,0,0,,,,,,,,,
1280266,2021/22,2021-11-08,"Airforce Complex ground, Palam",1,13.1,Bihar,Madhya Pradesh,S Gani,Suraj Kashyap,Mihir Hirwani,4,0,,,,,,,,,
1280266,2021/22,2021-11-08,"Airforce Complex ground, Palam",1,13.2,Bihar,Madhya Pradesh,S Gani,Suraj Kashyap,Mihir Hirwani,1,0,,,,,,,,,
1280266,2021/22,2021-11-08,"Airforce Complex ground, Palam",1,13.3,Bihar,Madhya Pradesh,Suraj Kashyap,S Gani,Mihir Hirwani,0,0,,,,,,,,,
1280266,2021/22,2021-11-08,"Airforce Complex ground, Palam",1,13.4,Bihar,Madhya Pradesh,Suraj Kashyap,S Gani,Mihir Hirwani,1,0,,,,,,,,,
1280266,2021/22,2021-11-08,"Airforce Complex ground, Palam",1,13.5,Bihar,Madhya Pradesh,S Gani,Suraj Kashyap,Mihir Hirwani,0,0,,,,,,,,,
1280266,2021/22,2021-11-08,"Airforce Complex ground, Palam",1,13.6,Bihar,Madhya Pradesh,S Gani,Suraj Kashyap,Mihir Hirwani,0,0,,,,,,,,,
1280266,2021/22,2021-11-08,"Airforce Complex ground, Palam",1,14.1,Bihar,Madhya Pradesh,Suraj Kashyap,S Gani,K Kartikeya,0,0,,,,,,,,,
1280266,2021/22,2021-11-08,"Airforce Complex ground, Palam",1,14.2,Bihar,Madhya Pradesh,Suraj Kashyap,S Gani,K Kartikeya,1,0,,,,,,,,,
1280266,2021/22,2021-11-08,"Airforce Complex ground, Palam",1,14.3,Bihar,Madhya Pradesh,S Gani,Suraj Kashyap,K Kartikeya,0,0,,,,,,,,,
1280266,2021/22,2021-11-08,"Airforce Complex ground, Palam",1,14.4,Bihar,Madhya Pradesh,S Gani,Suraj Kashyap,K Kartikeya,0,0,,,,,,,,,
1280266,2021/22,2021-11-08,"Airforce Complex ground, Palam",1,14.5,Bihar,Madhya Pradesh,S Gani,Suraj Kashyap,K Kartikeya,0,0,,,,,,,,,
1280266,2021/22,2021-11-08,"Airforce Complex ground, Palam",1,14.6,Bihar,Madhya Pradesh,S Gani,Suraj Kashyap,K Kartikeya,0,0,,,,,,caught,S Gani,,
1280266,2021/22,2021-11-08,"Airforce Complex ground, Palam",1,15.1,Bihar,Madhya Pradesh,Suraj Kashyap,Harsh Vikram Singh,Mihir Hirwani,4,0,,,,,,,,,
1280266,2021/22,2021-11-08,"Airforce Complex ground, Palam",1,15.2,Bihar,Madhya Pradesh,Suraj Kashyap,Harsh Vikram Singh,Mihir Hirwani,1,0,,,,,,,,,
1280266,2021/22,2021-11-08,"Airforce Complex ground, Palam",1,15.3,Bihar,Madhya Pradesh,Harsh Vikram Singh,Suraj Kashyap,Mihir Hirwani,0,0,,,,,,,,,
1280266,2021/22,2021-11-08,"Airforce Complex ground, Palam",1,15.4,Bihar,Madhya Pradesh,Harsh Vikram Singh,Suraj Kashyap,Mihir Hirwani,0,0,,,,,,,,,
1280266,2021/22,2021-11-08,"Airforce Complex ground, Palam",1,15.5,Bihar,Madhya Pradesh,Harsh Vikram Singh,Suraj Kashyap,Mihir Hirwani,0,0,,,,,,,,,
1280266,2021/22,2021-11-08,"Airforce Complex ground, Palam",1,15.6,Bihar,Madhya Pradesh,Harsh Vikram Singh,Suraj Kashyap,Mihir Hirwani,0,0,,,,,,,,,
1280266,2021/22,2021-11-08,"Airforce Complex ground, Palam",1,16.1,Bihar,Madhya Pradesh,Suraj Kashyap,Harsh Vikram Singh,Avesh Khan,0,0,,,,,,,,,
1280266,2021/22,2021-11-08,"Airforce Complex ground, Palam",1,16.2,Bihar,Madhya Pradesh,Suraj Kashyap,Harsh Vikram Singh,Avesh Khan,0,0,,,,,,caught,Suraj Kashyap,,
1280266,2021/22,2021-11-08,"Airforce Complex ground, Palam",1,16.3,Bihar,Madhya Pradesh,Ashutosh Aman,Harsh Vikram Singh,Avesh Khan,0,0,,,,,,caught,Ashutosh Aman,,
1280266,2021/22,2021-11-08,"Airforce Complex ground, Palam",1,16.4,Bihar,Madhya Pradesh,Shashi Anand,Harsh Vikram Singh,Avesh Khan,0,0,,,,,,,,,
1280266,2021/22,2021-11-08,"Airforce Complex ground, Palam",1,16.5,Bihar,Madhya Pradesh,Shashi Anand,Harsh Vikram Singh,Avesh Khan,0,0,,,,,,,,,
1280266,2021/22,2021-11-08,"Airforce Complex ground, Palam",1,16.6,Bihar,Madhya Pradesh,Shashi Anand,Harsh Vikram Singh,Avesh Khan,0,0,,,,,,,,,
1280266,2021/22,2021-11-08,"Airforce Complex ground, Palam",1,17.1,Bihar,Madhya Pradesh,Harsh Vikram Singh,Shashi Anand,Mihir Hirwani,0,0,,,,,,,,,
1280266,2021/22,2021-11-08,"Airforce Complex ground, Palam",1,17.2,Bihar,Madhya Pradesh,Harsh Vikram Singh,Shashi Anand,Mihir Hirwani,0,0,,,,,,,,,
1280266,2021/22,2021-11-08,"Airforce Complex ground, Palam",1,17.3,Bihar,Madhya Pradesh,Harsh Vikram Singh,Shashi Anand,Mihir Hirwani,0,0,,,,,,,,,
1280266,2021/22,2021-11-08,"Airforce Complex ground, Palam",1,17.4,Bihar,Madhya Pradesh,Harsh Vikram Singh,Shashi Anand,Mihir Hirwani,1,0,,,,,,,,,
1280266,2021/22,2021-11-08,"Airforce Complex ground, Palam",1,17.5,Bihar,Madhya Pradesh,Shashi Anand,Harsh Vikram Singh,Mihir Hirwani,0,0,,,,,,lbw,Shashi Anand,,
1280266,2021/22,2021-11-08,"Airforce Complex ground, Palam",1,17.6,Bihar,Madhya Pradesh,Abhijeet Saket,Harsh Vikram Singh,Mihir Hirwani,0,0,,,,,,bowled,Abhijeet Saket,,
1280266,2021/22,2021-11-08,"Airforce Complex ground, Palam",2,0.1,Madhya Pradesh,Bihar,VR Iyer,Kuldeep Gehi,Abhijeet Saket,0,0,,,,,,,,,
1280266,2021/22,2021-11-08,"Airforce Complex ground, Palam",2,0.2,Madhya Pradesh,Bihar,VR Iyer,Kuldeep Gehi,Abhijeet Saket,0,0,,,,,,,,,
1280266,2021/22,2021-11-08,"Airforce Complex ground, Palam",2,0.3,Madhya Pradesh,Bihar,VR Iyer,Kuldeep Gehi,Abhijeet Saket,0,1,1,,,,,,,,
1280266,2021/22,2021-11-08,"Airforce Complex ground, Palam",2,0.4,Madhya Pradesh,Bihar,VR Iyer,Kuldeep Gehi,Abhijeet Saket,0,0,,,,,,,,,
1280266,2021/22,2021-11-08,"Airforce Complex ground, Palam",2,0.5,Madhya Pradesh,Bihar,VR Iyer,Kuldeep Gehi,Abhijeet Saket,1,0,,,,,,,,,
1280266,2021/22,2021-11-08,"Airforce Complex ground, Palam",2,0.6,Madhya Pradesh,Bihar,Kuldeep Gehi,VR Iyer,Abhijeet Saket,4,0,,,,,,,,,
1280266,2021/22,2021-11-08,"Airforce Complex ground, Palam",2,0.7,Madhya Pradesh,Bihar,Kuldeep Gehi,VR Iyer,Abhijeet Saket,0,1,1,,,,,,,,
1280266,2021/22,2021-11-08,"Airforce Complex ground, Palam",2,0.8,Madhya Pradesh,Bihar,Kuldeep Gehi,VR Iyer,Abhijeet Saket,2,0,,,,,,,,,
1280266,2021/22,2021-11-08,"Airforce Complex ground, Palam",2,1.1,Madhya Pradesh,Bihar,VR Iyer,Kuldeep Gehi,Harsh Vikram Singh,1,0,,,,,,,,,
1280266,2021/22,2021-11-08,"Airforce Complex ground, Palam",2,1.2,Madhya Pradesh,Bihar,Kuldeep Gehi,VR Iyer,Harsh Vikram Singh,0,1,1,,,,,,,,
1280266,2021/22,2021-11-08,"Airforce Complex ground, Palam",2,1.3,Madhya Pradesh,Bihar,Kuldeep Gehi,VR Iyer,Harsh Vikram Singh,1,0,,,,,,,,,
1280266,2021/22,2021-11-08,"Airforce Complex ground, Palam",2,1.4,Madhya Pradesh,Bihar,VR Iyer,Kuldeep Gehi,Harsh Vikram Singh,4,0,,,,,,,,,
1280266,2021/22,2021-11-08,"Airforce Complex ground, Palam",2,1.5,Madhya Pradesh,Bihar,VR Iyer,Kuldeep Gehi,Harsh Vikram Singh,2,0,,,,,,,,,
1280266,2021/22,2021-11-08,"Airforce Complex ground, Palam",2,1.6,Madhya Pradesh,Bihar,VR Iyer,Kuldeep Gehi,Harsh Vikram Singh,1,0,,,,,,,,,
1280266,2021/22,2021-11-08,"Airforce Complex ground, Palam",2,1.7,Madhya Pradesh,Bihar,Kuldeep Gehi,VR Iyer,Harsh Vikram Singh,1,0,,,,,,,,,
1280266,2021/22,2021-11-08,"Airforce Complex ground, Palam",2,2.1,Madhya Pradesh,Bihar,Kuldeep Gehi,VR Iyer,Abhijeet Saket,1,0,,,,,,,,,
1280266,2021/22,2021-11-08,"Airforce Complex ground, Palam",2,2.2,Madhya Pradesh,Bihar,VR Iyer,Kuldeep Gehi,Abhijeet Saket,4,0,,,,,,,,,
1280266,2021/22,2021-11-08,"Airforce Complex ground, Palam",2,2.3,Madhya Pradesh,Bihar,VR Iyer,Kuldeep Gehi,Abhijeet Saket,1,0,,,,,,,,,
1280266,2021/22,2021-11-08,"Airforce Complex ground, Palam",2,2.4,Madhya Pradesh,Bihar,Kuldeep Gehi,VR Iyer,Abhijeet Saket,1,0,,,,,,,,,
1280266,2021/22,2021-11-08,"Airforce Complex ground, Palam",2,2.5,Madhya Pradesh,Bihar,VR Iyer,Kuldeep Gehi,Abhijeet Saket,4,0,,,,,,,,,
1280266,2021/22,2021-11-08,"Airforce Complex ground, Palam",2,2.6,Madhya Pradesh,Bihar,VR Iyer,Kuldeep Gehi,Abhijeet Saket,0,0,,,,,,,,,
1280266,2021/22,2021-11-08,"Airforce Complex ground, Palam",2,3.1,Madhya Pradesh,Bihar,Kuldeep Gehi,VR Iyer,Harsh Vikram Singh,0,0,,,,,,,,,
1280266,2021/22,2021-11-08,"Airforce Complex ground, Palam",2,3.2,Madhya Pradesh,Bihar,Kuldeep Gehi,VR Iyer,Harsh Vikram Singh,1,0,,,,,,,,,
1280266,2021/22,2021-11-08,"Airforce Complex ground, Palam",2,3.3,Madhya Pradesh,Bihar,VR Iyer,Kuldeep Gehi,Harsh Vikram Singh,4,0,,,,,,,,,
1280266,2021/22,2021-11-08,"Airforce Complex ground, Palam",2,3.4,Madhya Pradesh,Bihar,VR Iyer,Kuldeep Gehi,Harsh Vikram Singh,0,0,,,,,,,,,
1280266,2021/22,2021-11-08,"Airforce Complex ground, Palam",2,3.5,Madhya Pradesh,Bihar,VR Iyer,Kuldeep Gehi,Harsh Vikram Singh,1,0,,,,,,,,,
1280266,2021/22,2021-11-08,"Airforce Complex ground, Palam",2,3.6,Madhya Pradesh,Bihar,Kuldeep Gehi,VR Iyer,Harsh Vikram Singh,0,0,,,,,,,,,
1280266,2021/22,2021-11-08,"Airforce Complex ground, Palam",2,4.1,Madhya Pradesh,Bihar,VR Iyer,Kuldeep Gehi,Suraj Kashyap,1,0,,,,,,,,,
1280266,2021/22,2021-11-08,"Airforce Complex ground, Palam",2,4.2,Madhya Pradesh,Bihar,Kuldeep Gehi,VR Iyer,Suraj Kashyap,0,0,,,,,,,,,
1280266,2021/22,2021-11-08,"Airforce Complex ground, Palam",2,4.3,Madhya Pradesh,Bihar,Kuldeep Gehi,VR Iyer,Suraj Kashyap,0,0,,,,,,,,,
1280266,2021/22,2021-11-08,"Airforce Complex ground, Palam",2,4.4,Madhya Pradesh,Bihar,Kuldeep Gehi,VR Iyer,Suraj Kashyap,6,0,,,,,,,,,
1280266,2021/22,2021-11-08,"Airforce Complex ground, Palam",2,4.5,Madhya Pradesh,Bihar,Kuldeep Gehi,VR Iyer,Suraj Kashyap,4,0,,,,,,,,,
1280266,2021/22,2021-11-08,"Airforce Complex ground, Palam",2,4.6,Madhya Pradesh,Bihar,Kuldeep Gehi,VR Iyer,Suraj Kashyap,0,0,,,,,,lbw,Kuldeep Gehi,,
1280266,2021/22,2021-11-08,"Airforce Complex ground, Palam",2,5.1,Madhya Pradesh,Bihar,VR Iyer,RM Patidar,Shashi Anand,4,0,,,,,,,,,
1280266,2021/22,2021-11-08,"Airforce Complex ground, Palam",2,5.2,Madhya Pradesh,Bihar,VR Iyer,RM Patidar,Shashi Anand,0,0,,,,,,,,,
1280266,2021/22,2021-11-08,"Airforce Complex ground, Palam",2,5.3,Madhya Pradesh,Bihar,VR Iyer,RM Patidar,Shashi Anand,4,0,,,,,,,,,
1280266,2021/22,2021-11-08,"Airforce Complex ground, Palam",2,5.4,Madhya Pradesh,Bihar,VR Iyer,RM Patidar,Shashi Anand,4,0,,,,,,,,,
