match_id,season,start_date,venue,innings,ball,batting_team,bowling_team,striker,non_striker,bowler,runs_off_bat,extras,wides,noballs,byes,legbyes,penalty,wicket_type,player_dismissed,other_wicket_type,other_player_dismissed
1280299,2021/22,2021-11-18,"Airforce Complex ground, Palam",1,0.1,Hyderabad (India),Gujarat,Tanmay Agarwal,Pragnay Reddy,Roosh Kalaria,0,0,,,,,,,,,
1280299,2021/22,2021-11-18,"Airforce Complex ground, Palam",1,0.2,Hyderabad (India),Gujarat,Tanmay Agarwal,Pragnay Reddy,Roosh Kalaria,0,0,,,,,,,,,
1280299,2021/22,2021-11-18,"Airforce Complex ground, Palam",1,0.3,Hyderabad (India),Gujarat,Tanmay Agarwal,Pragnay Reddy,Roosh Kalaria,2,0,,,,,,,,,
1280299,2021/22,2021-11-18,"Airforce Complex ground, Palam",1,0.4,Hyderabad (India),Gujarat,Tanmay Agarwal,Pragnay Reddy,Roosh Kalaria,0,0,,,,,,,,,
1280299,2021/22,2021-11-18,"Airforce Complex ground, Palam",1,0.5,Hyderabad (India),Gujarat,Tanmay Agarwal,Pragnay Reddy,Roosh Kalaria,1,0,,,,,,,,,
1280299,2021/22,2021-11-18,"Airforce Complex ground, Palam",1,0.6,Hyderabad (India),Gujarat,Pragnay Reddy,Tanmay Agarwal,Roosh Kalaria,0,0,,,,,,,,,
1280299,2021/22,2021-11-18,"Airforce Complex ground, Palam",1,1.1,Hyderabad (India),Gujarat,Tanmay Agarwal,Pragnay Reddy,Karan Patel,0,0,,,,,,,,,
1280299,2021/22,2021-11-18,"Airforce Complex ground, Palam",1,1.2,Hyderabad (India),Gujarat,Tanmay Agarwal,Pragnay Reddy,Karan Patel,1,0,,,,,,,,,
1280299,2021/22,2021-11-18,"Airforce Complex ground, Palam",1,1.3,Hyderabad (India),Gujarat,Pragnay Reddy,Tanmay Agarwal,Karan Patel,0,0,,,,,,,,,
1280299,2021/22,2021-11-18,"Airforce Complex ground, Palam",1,1.4,Hyderabad (India),Gujarat,Pragnay Reddy,Tanmay Agarwal,Karan Patel,0,0,,,,,,,,,
1280299,2021/22,2021-11-18,"Airforce Complex ground, Palam",1,1.5,Hyderabad (India),Gujarat,Pragnay Reddy,Tanmay Agarwal,Karan Patel,1,0,,,,,,,,,
1280299,2021/22,2021-11-18,"Airforce Complex ground, Palam",1,1.6,Hyderabad (India),Gujarat,Tanmay Agarwal,Pragnay Reddy,Karan Patel,4,0,,,,,,,,,
1280299,2021/22,2021-11-18,"Airforce Complex ground, Palam",1,2.1,Hyderabad (India),Gujarat,Pragnay Reddy,Tanmay Agarwal,Chintan Gaja,0,0,,,,,,lbw,Pragnay Reddy,,
1280299,2021/22,2021-11-18,"Airforce Complex ground, Palam",1,2.2,Hyderabad (India),Gujarat,Tilak Varma,Tanmay Agarwal,Chintan Gaja,4,0,,,,,,,,,
1280299,2021/22,2021-11-18,"Airforce Complex ground, Palam",1,2.3,Hyderabad (India),Gujarat,Tilak Varma,Tanmay Agarwal,Chintan Gaja,0,1,1,,,,,,,,
1280299,2021/22,2021-11-18,"Airforce Complex ground, Palam",1,2.4,Hyderabad (India),Gujarat,Tilak Varma,Tanmay Agarwal,Chintan Gaja,2,0,,,,,,,,,
1280299,2021/22,2021-11-18,"Airforce Complex ground, Palam",1,2.5,Hyderabad (India),Gujarat,Tilak Varma,Tanmay Agarwal,Chintan Gaja,0,0,,,,,,,,,
1280299,2021/22,2021-11-18,"Airforce Complex ground, Palam",1,2.6,Hyderabad (India),Gujarat,Tilak Varma,Tanmay Agarwal,Chintan Gaja,0,0,,,,,,,,,
1280299,2021/22,2021-11-18,"Airforce Complex ground, Palam",1,2.7,Hyderabad (India),Gujarat,Tilak Varma,Tanmay Agarwal,Chintan Gaja,2,0,,,,,,,,,
1280299,2021/22,2021-11-18,"Airforce Complex ground, Palam",1,3.1,Hyderabad (India),Gujarat,Tanmay Agarwal,Tilak Varma,Tejas Patel,1,0,,,,,,,,,
1280299,2021/22,2021-11-18,"Airforce Complex ground, Palam",1,3.2,Hyderabad (India),Gujarat,Tilak Varma,Tanmay Agarwal,Tejas Patel,6,0,,,,,,,,,
1280299,2021/22,2021-11-18,"Airforce Complex ground, Palam",1,3.3,Hyderabad (India),Gujarat,Tilak Varma,Tanmay Agarwal,Tejas Patel,2,0,,,,,,,,,
1280299,2021/22,2021-11-18,"Airforce Complex ground, Palam",1,3.4,Hyderabad (India),Gujarat,Tilak Varma,Tanmay Agarwal,Tejas Patel,3,0,,,,,,,,,
1280299,2021/22,2021-11-18,"Airforce Complex ground, Palam",1,3.5,Hyderabad (India),Gujarat,Tanmay Agarwal,Tilak Varma,Tejas Patel,1,0,,,,,,,,,
1280299,2021/22,2021-11-18,"Airforce Complex ground, Palam",1,3.6,Hyderabad (India),Gujarat,Tilak Varma,Tanmay Agarwal,Tejas Patel,0,0,,,,,,,,,
1280299,2021/22,2021-11-18,"Airforce Complex ground, Palam",1,4.1,Hyderabad (India),Gujarat,Tanmay Agarwal,Tilak Varma,Roosh Kalaria,1,0,,,,,,,,,
1280299,2021/22,2021-11-18,"Airforce Complex ground, Palam",1,4.2,Hyderabad (India),Gujarat,Tilak Varma,Tanmay Agarwal,Roosh Kalaria,1,0,,,,,,,,,
1280299,2021/22,2021-11-18,"Airforce Complex ground, Palam",1,4.3,Hyderabad (India),Gujarat,Tanmay Agarwal,Tilak Varma,Roosh Kalaria,6,0,,,,,,,,,
1280299,2021/22,2021-11-18,"Airforce Complex ground, Palam",1,4.4,Hyderabad (India),Gujarat,Tanmay Agarwal,Tilak Varma,Roosh Kalaria,4,0,,,,,,,,,
1280299,2021/22,2021-11-18,"Airforce Complex ground, Palam",1,4.5,Hyderabad (India),Gujarat,Tanmay Agarwal,Tilak Varma,Roosh Kalaria,4,0,,,,,,,,,
1280299,2021/22,2021-11-18,"Airforce Complex ground, Palam",1,4.6,Hyderabad (India),Gujarat,Tanmay Agarwal,Tilak Varma,Roosh Kalaria,1,0,,,,,,,,,
1280299,2021/22,2021-11-18,"Airforce Complex ground, Palam",1,5.1,Hyderabad (India),Gujarat,Tanmay Agarwal,Tilak Varma,Karan Patel,4,0,,,,,,,,,
1280299,2021/22,2021-11-18,"Airforce Complex ground, Palam",1,5.2,Hyderabad (India),Gujarat,Tanmay Agarwal,Tilak Varma,Karan Patel,0,0,,,,,,,,,
1280299,2021/22,2021-11-18,"Airforce Complex ground, Palam",1,5.3,Hyderabad (India),Gujarat,Tanmay Agarwal,Tilak Varma,Karan Patel,1,0,,,,,,,,,
1280299,2021/22,2021-11-18,"Airforce Complex ground, Palam",1,5.4,Hyderabad (India),Gujarat,Tilak Varma,Tanmay Agarwal,Karan Patel,1,0,,,,,,,,,
1280299,2021/22,2021-11-18,"Airforce Complex ground, Palam",1,5.5,Hyderabad (India),Gujarat,Tanmay Agarwal,Tilak Varma,Karan Patel,0,0,,,,,,,,,
1280299,2021/22,2021-11-18,"Airforce Complex ground, Palam",1,5.6,Hyderabad (India),Gujarat,Tanmay Agarwal,Tilak Varma,Karan Patel,0,0,,,,,,,,,
1280299,2021/22,2021-11-18,"Airforce Complex ground, Palam",1,6.1,Hyderabad (India),Gujarat,Tilak Varma,Tanmay Agarwal,PP Chawla,0,0,,,,,,,,,
1280299,2021/22,2021-11-18,"Airforce Complex ground, Palam",1,6.2,Hyderabad (India),Gujarat,Tilak Varma,Tanmay Agarwal,PP Chawla,0,0,,,,,,,,,
1280299,2021/22,2021-11-18,"Airforce Complex ground, Palam",1,6.3,Hyderabad (India),Gujarat,Tilak Varma,Tanmay Agarwal,PP Chawla,1,0,,,,,,,,,
1280299,2021/22,2021-11-18,"Airforce Complex ground, Palam",1,6.4,Hyderabad (India),Gujarat,Tanmay Agarwal,Tilak Varma,PP Chawla,0,0,,,,,,bowled,Tanmay Agarwal,,
1280299,2021/22,2021-11-18,"Airforce Complex ground, Palam",1,6.5,Hyderabad (India),Gujarat,Himalay Agarwal,Tilak Varma,PP Chawla,0,0,,,,,,,,,
1280299,2021/22,2021-11-18,"Airforce Complex ground, Palam",1,6.6,Hyderabad (India),Gujarat,Himalay Agarwal,Tilak Varma,PP Chawla,0,0,,,,,,,,,
1280299,2021/22,2021-11-18,"Airforce Complex ground, Palam",1,7.1,Hyderabad (India),Gujarat,Tilak Varma,Himalay Agarwal,HP Patel,1,0,,,,,,,,,
1280299,2021/22,2021-11-18,"Airforce Complex ground, Palam",1,7.2,Hyderabad (India),Gujarat,Himalay Agarwal,Tilak Varma,HP Patel,0,1,1,,,,,,,,
1280299,2021/22,2021-11-18,"Airforce Complex ground, Palam",1,7.3,Hyderabad (India),Gujarat,Himalay Agarwal,Tilak Varma,HP Patel,2,0,,,,,,,,,
1280299,2021/22,2021-11-18,"Airforce Complex ground, Palam",1,7.4,Hyderabad (India),Gujarat,Himalay Agarwal,Tilak Varma,HP Patel,2,0,,,,,,,,,
1280299,2021/22,2021-11-18,"Airforce Complex ground, Palam",1,7.5,Hyderabad (India),Gujarat,Himalay Agarwal,Tilak Varma,HP Patel,0,0,,,,,,,,,
1280299,2021/22,2021-11-18,"Airforce Complex ground, Palam",1,7.6,Hyderabad (India),Gujarat,Himalay Agarwal,Tilak Varma,HP Patel,0,0,,,,,,,,,
1280299,2021/22,2021-11-18,"Airforce Complex ground, Palam",1,7.7,Hyderabad (India),Gujarat,Himalay Agarwal,Tilak Varma,HP Patel,1,0,,,,,,,,,
1280299,2021/22,2021-11-18,"Airforce Complex ground, Palam",1,8.1,Hyderabad (India),Gujarat,Himalay Agarwal,Tilak Varma,PP Chawla,1,0,,,,,,,,,
1280299,2021/22,2021-11-18,"Airforce Complex ground, Palam",1,8.2,Hyderabad (India),Gujarat,Tilak Varma,Himalay Agarwal,PP Chawla,1,0,,,,,,,,,
1280299,2021/22,2021-11-18,"Airforce Complex ground, Palam",1,8.3,Hyderabad (India),Gujarat,Himalay Agarwal,Tilak Varma,PP Chawla,1,0,,,,,,,,,
1280299,2021/22,2021-11-18,"Airforce Complex ground, Palam",1,8.4,Hyderabad (India),Gujarat,Tilak Varma,Himalay Agarwal,PP Chawla,0,0,,,,,,,,,
1280299,2021/22,2021-11-18,"Airforce Complex ground, Palam",1,8.5,Hyderabad (India),Gujarat,Tilak Varma,Himalay Agarwal,PP Chawla,1,0,,,,,,,,,
1280299,2021/22,2021-11-18,"Airforce Complex ground, Palam",1,8.6,Hyderabad (India),Gujarat,Himalay Agarwal,Tilak Varma,PP Chawla,0,0,,,,,,,,,
1280299,2021/22,2021-11-18,"Airforce Complex ground, Palam",1,9.1,Hyderabad (India),Gujarat,Tilak Varma,Himalay Agarwal,HP Patel,1,0,,,,,,,,,
1280299,2021/22,2021-11-18,"Airforce Complex ground, Palam",1,9.2,Hyderabad (India),Gujarat,Himalay Agarwal,Tilak Varma,HP Patel,1,0,,,,,,,,,
1280299,2021/22,2021-11-18,"Airforce Complex ground, Palam",1,9.3,Hyderabad (India),Gujarat,Tilak Varma,Himalay Agarwal,HP Patel,1,0,,,,,,,,,
1280299,2021/22,2021-11-18,"Airforce Complex ground, Palam",1,9.4,Hyderabad (India),Gujarat,Himalay Agarwal,Tilak Varma,HP Patel,1,0,,,,,,,,,
1280299,2021/22,2021-11-18,"Airforce Complex ground, Palam",1,9.5,Hyderabad (India),Gujarat,Tilak Varma,Himalay Agarwal,HP Patel,1,0,,,,,,,,,
1280299,2021/22,2021-11-18,"Airforce Complex ground, Palam",1,9.6,Hyderabad (India),Gujarat,Himalay Agarwal,Tilak Varma,HP Patel,1,0,,,,,,,,,
1280299,2021/22,2021-11-18,"Airforce Complex ground, Palam",1,10.1,Hyderabad (India),Gujarat,Himalay Agarwal,Tilak Varma,Karan Patel,1,0,,,,,,,,,
1280299,2021/22,2021-11-18,"Airforce Complex ground, Palam",1,10.2,Hyderabad (India),Gujarat,Tilak Varma,Himalay Agarwal,Karan Patel,1,0,,,,,,,,,
1280299,2021/22,2021-11-18,"Airforce Complex ground, Palam",1,10.3,Hyderabad (India),Gujarat,Himalay Agarwal,Tilak Varma,Karan Patel,1,0,,,,,,,,,
1280299,2021/22,2021-11-18,"Airforce Complex ground, Palam",1,10.4,Hyderabad (India),Gujarat,Tilak Varma,Himalay Agarwal,Karan Patel,1,0,,,,,,,,,
1280299,2021/22,2021-11-18,"Airforce Complex ground, Palam",1,10.5,Hyderabad (India),Gujarat,Himalay Agarwal,Tilak Varma,Karan Patel,1,0,,,,,,,,,
1280299,2021/22,2021-11-18,"Airforce Complex ground, Palam",1,10.6,Hyderabad (India),Gujarat,Tilak Varma,Himalay Agarwal,Karan Patel,4,0,,,,,,,,,
1280299,2021/22,2021-11-18,"Airforce Complex ground, Palam",1,11.1,Hyderabad (India),Gujarat,Himalay Agarwal,Tilak Varma,Tejas Patel,1,0,,,,,,,,,
1280299,2021/22,2021-11-18,"Airforce Complex ground, Palam",1,11.2,Hyderabad (India),Gujarat,Tilak Varma,Himalay Agarwal,Tejas Patel,0,0,,,,,,,,,
1280299,2021/22,2021-11-18,"Airforce Complex ground, Palam",1,11.3,Hyderabad (India),Gujarat,Tilak Varma,Himalay Agarwal,Tejas Patel,1,0,,,,,,,,,
1280299,2021/22,2021-11-18,"Airforce Complex ground, Palam",1,11.4,Hyderabad (India),Gujarat,Himalay Agarwal,Tilak Varma,Tejas Patel,4,0,,,,,,,,,
1280299,2021/22,2021-11-18,"Airforce Complex ground, Palam",1,11.5,Hyderabad (India),Gujarat,Himalay Agarwal,Tilak Varma,Tejas Patel,1,0,,,,,,,,,
1280299,2021/22,2021-11-18,"Airforce Complex ground, Palam",1,11.6,Hyderabad (India),Gujarat,Tilak Varma,Himalay Agarwal,Tejas Patel,4,0,,,,,,,,,
1280299,2021/22,2021-11-18,"Airforce Complex ground, Palam",1,12.1,Hyderabad (India),Gujarat,Himalay Agarwal,Tilak Varma,PP Chawla,0,0,,,,,,,,,
1280299,2021/22,2021-11-18,"Airforce Complex ground, Palam",1,12.2,Hyderabad (India),Gujarat,Himalay Agarwal,Tilak Varma,PP Chawla,1,0,,,,,,,,,
1280299,2021/22,2021-11-18,"Airforce Complex ground, Palam",1,12.3,Hyderabad (India),Gujarat,Tilak Varma,Himalay Agarwal,PP Chawla,0,0,,,,,,,,,
1280299,2021/22,2021-11-18,"Airforce Complex ground, Palam",1,12.4,Hyderabad (India),Gujarat,Tilak Varma,Himalay Agarwal,PP Chawla,1,0,,,,,,,,,
1280299,2021/22,2021-11-18,"Airforce Complex ground, Palam",1,12.5,Hyderabad (India),Gujarat,Himalay Agarwal,Tilak Varma,PP Chawla,1,0,,,,,,,,,
1280299,2021/22,2021-11-18,"Airforce Complex ground, Palam",1,12.6,Hyderabad (India),Gujarat,Tilak Varma,Himalay Agarwal,PP Chawla,1,0,,,,,,,,,
1280299,2021/22,2021-11-18,"Airforce Complex ground, Palam",1,13.1,Hyderabad (India),Gujarat,Tilak Varma,Himalay Agarwal,HP Patel,2,0,,,,,,,,,
1280299,2021/22,2021-11-18,"Airforce Complex ground, Palam",1,13.2,Hyderabad (India),Gujarat,Tilak Varma,Himalay Agarwal,HP Patel,2,0,,,,,,,,,
1280299,2021/22,2021-11-18,"Airforce Complex ground, Palam",1,13.3,Hyderabad (India),Gujarat,Tilak Varma,Himalay Agarwal,HP Patel,1,0,,,,,,,,,
1280299,2021/22,2021-11-18,"Airforce Complex ground, Palam",1,13.4,Hyderabad (India),Gujarat,Himalay Agarwal,Tilak Varma,HP Patel,1,0,,,,,,,,,
1280299,2021/22,2021-11-18,"Airforce Complex ground, Palam",1,13.5,Hyderabad (India),Gujarat,Tilak Varma,Himalay Agarwal,HP Patel,2,0,,,,,,,,,
1280299,2021/22,2021-11-18,"Airforce Complex ground, Palam",1,13.6,Hyderabad (India),Gujarat,Tilak Varma,Himalay Agarwal,HP Patel,1,0,,,,,,,,,
1280299,2021/22,2021-11-18,"Airforce Complex ground, Palam",1,14.1,Hyderabad (India),Gujarat,Tilak Varma,Himalay Agarwal,Chintan Gaja,1,0,,,,,,,,,
1280299,2021/22,2021-11-18,"Airforce Complex ground, Palam",1,14.2,Hyderabad (India),Gujarat,Himalay Agarwal,Tilak Varma,Chintan Gaja,1,0,,,,,,,,,
1280299,2021/22,2021-11-18,"Airforce Complex ground, Palam",1,14.3,Hyderabad (India),Gujarat,Tilak Varma,Himalay Agarwal,Chintan Gaja,1,0,,,,,,,,,
1280299,2021/22,2021-11-18,"Airforce Complex ground, Palam",1,14.4,Hyderabad (India),Gujarat,Himalay Agarwal,Tilak Varma,Chintan Gaja,0,0,,,,,,,,,
1280299,2021/22,2021-11-18,"Airforce Complex ground, Palam",1,14.5,Hyderabad (India),Gujarat,Himalay Agarwal,Tilak Varma,Chintan Gaja,0,0,,,,,,caught,Himalay Agarwal,,
1280299,2021/22,2021-11-18,"Airforce Complex ground, Palam",1,14.6,Hyderabad (India),Gujarat,Tilak Varma,Bavanaka Sandeep,Chintan Gaja,0,0,,,,,,,,,
1280299,2021/22,2021-11-18,"Airforce Complex ground, Palam",1,15.1,Hyderabad (India),Gujarat,Bavanaka Sandeep,Tilak Varma,PP Chawla,0,0,,,,,,,,,
1280299,2021/22,2021-11-18,"Airforce Complex ground, Palam",1,15.2,Hyderabad (India),Gujarat,Bavanaka Sandeep,Tilak Varma,PP Chawla,0,0,,,,,,caught,Bavanaka Sandeep,,
1280299,2021/22,2021-11-18,"Airforce Complex ground, Palam",1,15.3,Hyderabad (India),Gujarat,Rahul Buddhi,Tilak Varma,PP Chawla,0,0,,,,,,,,,
1280299,2021/22,2021-11-18,"Airforce Complex ground, Palam",1,15.4,Hyderabad (India),Gujarat,Rahul Buddhi,Tilak Varma,PP Chawla,0,0,,,,,,,,,
1280299,2021/22,2021-11-18,"Airforce Complex ground, Palam",1,15.5,Hyderabad (India),Gujarat,Rahul Buddhi,Tilak Varma,PP Chawla,0,0,,,,,,,,,
1280299,2021/22,2021-11-18,"Airforce Complex ground, Palam",1,15.6,Hyderabad (India),Gujarat,Rahul Buddhi,Tilak Varma,PP Chawla,0,0,,,,,,,,,
1280299,2021/22,2021-11-18,"Airforce Complex ground, Palam",1,16.1,Hyderabad (India),Gujarat,Tilak Varma,Rahul Buddhi,Chintan Gaja,0,0,,,,,,,,,
1280299,2021/22,2021-11-18,"Airforce Complex ground, Palam",1,16.2,Hyderabad (India),Gujarat,Tilak Varma,Rahul Buddhi,Chintan Gaja,4,0,,,,,,,,,
1280299,2021/22,2021-11-18,"Airforce Complex ground, Palam",1,16.3,Hyderabad (India),Gujarat,Tilak Varma,Rahul Buddhi,Chintan Gaja,1,0,,,,,,,,,
1280299,2021/22,2021-11-18,"Airforce Complex ground, Palam",1,16.4,Hyderabad (India),Gujarat,Rahul Buddhi,Tilak Varma,Chintan Gaja,1,0,,,,,,,,,
1280299,2021/22,2021-11-18,"Airforce Complex ground, Palam",1,16.5,Hyderabad (India),Gujarat,Tilak Varma,Rahul Buddhi,Chintan Gaja,1,0,,,,,,,,,
1280299,2021/22,2021-11-18,"Airforce Complex ground, Palam",1,16.6,Hyderabad (India),Gujarat,Rahul Buddhi,Tilak Varma,Chintan Gaja,1,0,,,,,,,,,
1280299,2021/22,2021-11-18,"Airforce Complex ground, Palam",1,17.1,Hyderabad (India),Gujarat,Rahul Buddhi,Tilak Varma,Roosh Kalaria,4,0,,,,,,,,,
1280299,2021/22,2021-11-18,"Airforce Complex ground, Palam",1,17.2,Hyderabad (India),Gujarat,Rahul Buddhi,Tilak Varma,Roosh Kalaria,6,0,,,,,,,,,
1280299,2021/22,2021-11-18,"Airforce Complex ground, Palam",1,17.3,Hyderabad (India),Gujarat,Rahul Buddhi,Tilak Varma,Roosh Kalaria,4,0,,,,,,,,,
1280299,2021/22,2021-11-18,"Airforce Complex ground, Palam",1,17.4,Hyderabad (India),Gujarat,Rahul Buddhi,Tilak Varma,Roosh Kalaria,1,0,,,,,,,,,
1280299,2021/22,2021-11-18,"Airforce Complex ground, Palam",1,17.5,Hyderabad (India),Gujarat,Tilak Varma,Rahul Buddhi,Roosh Kalaria,2,0,,,,,,,,,
1280299,2021/22,2021-11-18,"Airforce Complex ground, Palam",1,17.6,Hyderabad (India),Gujarat,Tilak Varma,Rahul Buddhi,Roosh Kalaria,4,0,,,,,,,,,
1280299,2021/22,2021-11-18,"Airforce Complex ground, Palam",1,18.1,Hyderabad (India),Gujarat,Rahul Buddhi,Tilak Varma,Chintan Gaja,1,0,,,,,,,,,
1280299,2021/22,2021-11-18,"Airforce Complex ground, Palam",1,18.2,Hyderabad (India),Gujarat,Tilak Varma,Rahul Buddhi,Chintan Gaja,6,0,,,,,,,,,
1280299,2021/22,2021-11-18,"Airforce Complex ground, Palam",1,18.3,Hyderabad (India),Gujarat,Tilak Varma,Rahul Buddhi,Chintan Gaja,0,1,,,,1,,,,,
1280299,2021/22,2021-11-18,"Airforce Complex ground, Palam",1,18.4,Hyderabad (India),Gujarat,Rahul Buddhi,Tilak Varma,Chintan Gaja,4,0,,,,,,,,,
1280299,2021/22,2021-11-18,"Airforce Complex ground, Palam",1,18.5,Hyderabad (India),Gujarat,Rahul Buddhi,Tilak Varma,Chintan Gaja,0,0,,,,,,,,,
1280299,2021/22,2021-11-18,"Airforce Complex ground, Palam",1,18.6,Hyderabad (India),Gujarat,Rahul Buddhi,Tilak Varma,Chintan Gaja,1,0,,,,,,,,,
1280299,2021/22,2021-11-18,"Airforce Complex ground, Palam",1,19.1,Hyderabad (India),Gujarat,Rahul Buddhi,Tilak Varma,Tejas Patel,1,0,,,,,,,,,
1280299,2021/22,2021-11-18,"Airforce Complex ground, Palam",1,19.2,Hyderabad (India),Gujarat,Tilak Varma,Rahul Buddhi,Tejas Patel,2,0,,,,,,,,,
1280299,2021/22,2021-11-18,"Airforce Complex ground, Palam",1,19.3,Hyderabad (India),Gujarat,Tilak Varma,Rahul Buddhi,Tejas Patel,1,0,,,,,,,,,
1280299,2021/22,2021-11-18,"Airforce Complex ground, Palam",1,19.4,Hyderabad (India),Gujarat,Rahul Buddhi,Tilak Varma,Tejas Patel,1,0,,,,,,,,,
1280299,2021/22,2021-11-18,"Airforce Complex ground, Palam",1,19.5,Hyderabad (India),Gujarat,Tilak Varma,Rahul Buddhi,Tejas Patel,2,0,,,,,,,,,
1280299,2021/22,2021-11-18,"Airforce Complex ground, Palam",1,19.6,Hyderabad (India),Gujarat,Tilak Varma,Rahul Buddhi,Tejas Patel,1,0,,,,,,run out,Tilak Varma,,
1280299,2021/22,2021-11-18,"Airforce Complex ground, Palam",2,0.1,Gujarat,Hyderabad (India),Dhruv Raval,Urvil Patel,Rakshan Readdi,0,0,,,,,,,,,
1280299,2021/22,2021-11-18,"Airforce Complex ground, Palam",2,0.2,Gujarat,Hyderabad (India),Dhruv Raval,Urvil Patel,Rakshan Readdi,1,0,,,,,,,,,
1280299,2021/22,2021-11-18,"Airforce Complex ground, Palam",2,0.3,Gujarat,Hyderabad (India),Urvil Patel,Dhruv Raval,Rakshan Readdi,0,0,,,,,,,,,
1280299,2021/22,2021-11-18,"Airforce Complex ground, Palam",2,0.4,Gujarat,Hyderabad (India),Urvil Patel,Dhruv Raval,Rakshan Readdi,1,0,,,,,,,,,
1280299,2021/22,2021-11-18,"Airforce Complex ground, Palam",2,0.5,Gujarat,Hyderabad (India),Dhruv Raval,Urvil Patel,Rakshan Readdi,0,0,,,,,,,,,
1280299,2021/22,2021-11-18,"Airforce Complex ground, Palam",2,0.6,Gujarat,Hyderabad (India),Dhruv Raval,Urvil Patel,Rakshan Readdi,1,0,,,,,,,,,
1280299,2021/22,2021-11-18,"Airforce Complex ground, Palam",2,1.1,Gujarat,Hyderabad (India),Dhruv Raval,Urvil Patel,CV Milind,0,0,,,,,,,,,
1280299,2021/22,2021-11-18,"Airforce Complex ground, Palam",2,1.2,Gujarat,Hyderabad (India),Dhruv Raval,Urvil Patel,CV Milind,0,0,,,,,,,,,
1280299,2021/22,2021-11-18,"Airforce Complex ground, Palam",2,1.3,Gujarat,Hyderabad (India),Dhruv Raval,Urvil Patel,CV Milind,1,0,,,,,,,,,
1280299,2021/22,2021-11-18,"Airforce Complex ground, Palam",2,1.4,Gujarat,Hyderabad (India),Urvil Patel,Dhruv Raval,CV Milind,0,0,,,,,,caught,Urvil Patel,,
1280299,2021/22,2021-11-18,"Airforce Complex ground, Palam",2,1.5,Gujarat,Hyderabad (India),Dhruv Raval,Saurav Chauhan,CV Milind,4,0,,,,,,,,,
1280299,2021/22,2021-11-18,"Airforce Complex ground, Palam",2,1.6,Gujarat,Hyderabad (India),Dhruv Raval,Saurav Chauhan,CV Milind,0,0,,,,,,,,,
1280299,2021/22,2021-11-18,"Airforce Complex ground, Palam",2,2.1,Gujarat,Hyderabad (India),Saurav Chauhan,Dhruv Raval,Rakshan Readdi,0,0,,,,,,,,,
1280299,2021/22,2021-11-18,"Airforce Complex ground, Palam",2,2.2,Gujarat,Hyderabad (India),Saurav Chauhan,Dhruv Raval,Rakshan Readdi,0,0,,,,,,,,,
1280299,2021/22,2021-11-18,"Airforce Complex ground, Palam",2,2.3,Gujarat,Hyderabad (India),Saurav Chauhan,Dhruv Raval,Rakshan Readdi,0,0,,,,,,,,,
1280299,2021/22,2021-11-18,"Airforce Complex ground, Palam",2,2.4,Gujarat,Hyderabad (India),Saurav Chauhan,Dhruv Raval,Rakshan Readdi,0,0,,,,,,,,,
1280299,2021/22,2021-11-18,"Airforce Complex ground, Palam",2,2.5,Gujarat,Hyderabad (India),Saurav Chauhan,Dhruv Raval,Rakshan Readdi,0,0,,,,,,,,,
1280299,2021/22,2021-11-18,"Airforce Complex ground, Palam",2,2.6,Gujarat,Hyderabad (India),Saurav Chauhan,Dhruv Raval,Rakshan Readdi,0,0,,,,,,,,,
1280299,2021/22,2021-11-18,"Airforce Complex ground, Palam",2,3.1,Gujarat,Hyderabad (India),Dhruv Raval,Saurav Chauhan,Ravi Teja,0,0,,,,,,,,,
1280299,2021/22,2021-11-18,"Airforce Complex ground, Palam",2,3.2,Gujarat,Hyderabad (India),Dhruv Raval,Saurav Chauhan,Ravi Teja,0,0,,,,,,caught,Dhruv Raval,,
1280299,2021/22,2021-11-18,"Airforce Complex ground, Palam",2,3.3,Gujarat,Hyderabad (India),Het Patel,Saurav Chauhan,Ravi Teja,1,0,,,,,,,,,
1280299,2021/22,2021-11-18,"Airforce Complex ground, Palam",2,3.4,Gujarat,Hyderabad (India),Saurav Chauhan,Het Patel,Ravi Teja,1,0,,,,,,,,,
1280299,2021/22,2021-11-18,"Airforce Complex ground, Palam",2,3.5,Gujarat,Hyderabad (India),Het Patel,Saurav Chauhan,Ravi Teja,0,0,,,,,,,,,
1280299,2021/22,2021-11-18,"Airforce Complex ground, Palam",2,3.6,Gujarat,Hyderabad (India),Het Patel,Saurav Chauhan,Ravi Teja,1,0,,,,,,,,,
1280299,2021/22,2021-11-18,"Airforce Complex ground, Palam",2,4.1,Gujarat,Hyderabad (India),Het Patel,Saurav Chauhan,Tanay Thyagarajan,0,0,,,,,,,,,
1280299,2021/22,2021-11-18,"Airforce Complex ground, Palam",2,4.2,Gujarat,Hyderabad (India),Het Patel,Saurav Chauhan,Tanay Thyagarajan,0,0,,,,,,,,,
1280299,2021/22,2021-11-18,"Airforce Complex ground, Palam",2,4.3,Gujarat,Hyderabad (India),Het Patel,Saurav Chauhan,Tanay Thyagarajan,4,0,,,,,,,,,
1280299,2021/22,2021-11-18,"Airforce Complex ground, Palam",2,4.4,Gujarat,Hyderabad (India),Het Patel,Saurav Chauhan,Tanay Thyagarajan,0,0,,,,,,,,,
1280299,2021/22,2021-11-18,"Airforce Complex ground, Palam",2,4.5,Gujarat,Hyderabad (India),Het Patel,Saurav Chauhan,Tanay Thyagarajan,1,0,,,,,,,,,
1280299,2021/22,2021-11-18,"Airforce Complex ground, Palam",2,4.6,Gujarat,Hyderabad (India),Saurav Chauhan,Het Patel,Tanay Thyagarajan,1,0,,,,,,,,,
1280299,2021/22,2021-11-18,"Airforce Complex ground, Palam",2,5.1,Gujarat,Hyderabad (India),Saurav Chauhan,Het Patel,CV Milind,0,0,,,,,,,,,
1280299,2021/22,2021-11-18,"Airforce Complex ground, Palam",2,5.2,Gujarat,Hyderabad (India),Saurav Chauhan,Het Patel,CV Milind,0,0,,,,,,,,,
1280299,2021/22,2021-11-18,"Airforce Complex ground, Palam",2,5.3,Gujarat,Hyderabad (India),Saurav Chauhan,Het Patel,CV Milind,1,0,,,,,,,,,
1280299,2021/22,2021-11-18,"Airforce Complex ground, Palam",2,5.4,Gujarat,Hyderabad (India),Het Patel,Saurav Chauhan,CV Milind,1,0,,,,,,,,,
1280299,2021/22,2021-11-18,"Airforce Complex ground, Palam",2,5.5,Gujarat,Hyderabad (India),Saurav Chauhan,Het Patel,CV Milind,0,0,,,,,,,,,
1280299,2021/22,2021-11-18,"Airforce Complex ground, Palam",2,5.6,Gujarat,Hyderabad (India),Saurav Chauhan,Het Patel,CV Milind,0,1,1,,,,,,,,
1280299,2021/22,2021-11-18,"Airforce Complex ground, Palam",2,5.7,Gujarat,Hyderabad (India),Saurav Chauhan,Het Patel,CV Milind,1,0,,,,,,,,,
1280299,2021/22,2021-11-18,"Airforce Complex ground, Palam",2,6.1,Gujarat,Hyderabad (India),Saurav Chauhan,Het Patel,Tanay Thyagarajan,1,0,,,,,,,,,
1280299,2021/22,2021-11-18,"Airforce Complex ground, Palam",2,6.2,Gujarat,Hyderabad (India),Het Patel,Saurav Chauhan,Tanay Thyagarajan,1,0,,,,,,,,,
1280299,2021/22,2021-11-18,"Airforce Complex ground, Palam",2,6.3,Gujarat,Hyderabad (India),Saurav Chauhan,Het Patel,Tanay Thyagarajan,1,0,,,,,,,,,
1280299,2021/22,2021-11-18,"Airforce Complex ground, Palam",2,6.4,Gujarat,Hyderabad (India),Het Patel,Saurav Chauhan,Tanay Thyagarajan,1,0,,,,,,,,,
1280299,2021/22,2021-11-18,"Airforce Complex ground, Palam",2,6.5,Gujarat,Hyderabad (India),Saurav Chauhan,Het Patel,Tanay Thyagarajan,1,0,,,,,,,,,
1280299,2021/22,2021-11-18,"Airforce Complex ground, Palam",2,6.6,Gujarat,Hyderabad (India),Het Patel,Saurav Chauhan,Tanay Thyagarajan,0,0,,,,,,,,,
1280299,2021/22,2021-11-18,"Airforce Complex ground, Palam",2,7.1,Gujarat,Hyderabad (India),Saurav Chauhan,Het Patel,Mehdi Hassan,1,0,,,,,,,,,
1280299,2021/22,2021-11-18,"Airforce Complex ground, Palam",2,7.2,Gujarat,Hyderabad (India),Het Patel,Saurav Chauhan,Mehdi Hassan,4,0,,,,,,,,,
1280299,2021/22,2021-11-18,"Airforce Complex ground, Palam",2,7.3,Gujarat,Hyderabad (India),Het Patel,Saurav Chauhan,Mehdi Hassan,1,0,,,,,,,,,
1280299,2021/22,2021-11-18,"Airforce Complex ground, Palam",2,7.4,Gujarat,Hyderabad (India),Saurav Chauhan,Het Patel,Mehdi Hassan,1,0,,,,,,,,,
1280299,2021/22,2021-11-18,"Airforce Complex ground, Palam",2,7.5,Gujarat,Hyderabad (India),Het Patel,Saurav Chauhan,Mehdi Hassan,0,0,,,,,,,,,
1280299,2021/22,2021-11-18,"Airforce Complex ground, Palam",2,7.6,Gujarat,Hyderabad (India),Het Patel,Saurav Chauhan,Mehdi Hassan,0,0,,,,,,run out,Saurav Chauhan,,
1280299,2021/22,2021-11-18,"Airforce Complex ground, Palam",2,8.1,Gujarat,Hyderabad (India),Het Patel,PP Chawla,Tanay Thyagarajan,1,0,,,,,,,,,
1280299,2021/22,2021-11-18,"Airforce Complex ground, Palam",2,8.2,Gujarat,Hyderabad (India),PP Chawla,Het Patel,Tanay Thyagarajan,1,0,,,,,,,,,
1280299,2021/22,2021-11-18,"Airforce Complex ground, Palam",2,8.3,Gujarat,Hyderabad (India),Het Patel,PP Chawla,Tanay Thyagarajan,1,0,,,,,,,,,
1280299,2021/22,2021-11-18,"Airforce Complex ground, Palam",2,8.4,Gujarat,Hyderabad (India),PP Chawla,Het Patel,Tanay Thyagarajan,0,0,,,,,,,,,
1280299,2021/22,2021-11-18,"Airforce Complex ground, Palam",2,8.5,Gujarat,Hyderabad (India),PP Chawla,Het Patel,Tanay Thyagarajan,0,0,,,,,,,,,
1280299,2021/22,2021-11-18,"Airforce Complex ground, Palam",2,8.6,Gujarat,Hyderabad (India),PP Chawla,Het Patel,Tanay Thyagarajan,1,0,,,,,,,,,
1280299,2021/22,2021-11-18,"Airforce Complex ground, Palam",2,9.1,Gujarat,Hyderabad (India),PP Chawla,Het Patel,Mehdi Hassan,1,0,,,,,,,,,
1280299,2021/22,2021-11-18,"Airforce Complex ground, Palam",2,9.2,Gujarat,Hyderabad (India),Het Patel,PP Chawla,Mehdi Hassan,0,1,,,,1,,,,,
1280299,2021/22,2021-11-18,"Airforce Complex ground, Palam",2,9.3,Gujarat,Hyderabad (India),PP Chawla,Het Patel,Mehdi Hassan,0,0,,,,,,,,,
1280299,2021/22,2021-11-18,"Airforce Complex ground, Palam",2,9.4,Gujarat,Hyderabad (India),PP Chawla,Het Patel,Mehdi Hassan,6,0,,,,,,,,,
1280299,2021/22,2021-11-18,"Airforce Complex ground, Palam",2,9.5,Gujarat,Hyderabad (India),PP Chawla,Het Patel,Mehdi Hassan,1,0,,,,,,,,,
1280299,2021/22,2021-11-18,"Airforce Complex ground, Palam",2,9.6,Gujarat,Hyderabad (India),Het Patel,PP Chawla,Mehdi Hassan,2,0,,,,,,,,,
1280299,2021/22,2021-11-18,"Airforce Complex ground, Palam",2,10.1,Gujarat,Hyderabad (India),PP Chawla,Het Patel,Ravi Teja,1,0,,,,,,,,,
1280299,2021/22,2021-11-18,"Airforce Complex ground, Palam",2,10.2,Gujarat,Hyderabad (India),Het Patel,PP Chawla,Ravi Teja,0,1,1,,,,,,,,
1280299,2021/22,2021-11-18,"Airforce Complex ground, Palam",2,10.3,Gujarat,Hyderabad (India),Het Patel,PP Chawla,Ravi Teja,1,0,,,,,,,,,
1280299,2021/22,2021-11-18,"Airforce Complex ground, Palam",2,10.4,Gujarat,Hyderabad (India),PP Chawla,Het Patel,Ravi Teja,4,0,,,,,,,,,
1280299,2021/22,2021-11-18,"Airforce Complex ground, Palam",2,10.5,Gujarat,Hyderabad (India),PP Chawla,Het Patel,Ravi Teja,1,0,,,,,,,,,
1280299,2021/22,2021-11-18,"Airforce Complex ground, Palam",2,10.6,Gujarat,Hyderabad (India),Het Patel,PP Chawla,Ravi Teja,1,0,,,,,,,,,
1280299,2021/22,2021-11-18,"Airforce Complex ground, Palam",2,10.7,Gujarat,Hyderabad (India),PP Chawla,Het Patel,Ravi Teja,1,0,,,,,,,,,
1280299,2021/22,2021-11-18,"Airforce Complex ground, Palam",2,11.1,Gujarat,Hyderabad (India),PP Chawla,Het Patel,Rakshan Readdi,1,0,,,,,,,,,
1280299,2021/22,2021-11-18,"Airforce Complex ground, Palam",2,11.2,Gujarat,Hyderabad (India),Het Patel,PP Chawla,Rakshan Readdi,4,0,,,,,,,,,
1280299,2021/22,2021-11-18,"Airforce Complex ground, Palam",2,11.3,Gujarat,Hyderabad (India),Het Patel,PP Chawla,Rakshan Readdi,0,0,,,,,,caught,Het Patel,,
1280299,2021/22,2021-11-18,"Airforce Complex ground, Palam",2,11.4,Gujarat,Hyderabad (India),RV Patel,PP Chawla,Rakshan Readdi,0,0,,,,,,,,,
1280299,2021/22,2021-11-18,"Airforce Complex ground, Palam",2,11.5,Gujarat,Hyderabad (India),RV Patel,PP Chawla,Rakshan Readdi,1,0,,,,,,,,,
1280299,2021/22,2021-11-18,"Airforce Complex ground, Palam",2,11.6,Gujarat,Hyderabad (India),PP Chawla,RV Patel,Rakshan Readdi,1,0,,,,,,,,,
1280299,2021/22,2021-11-18,"Airforce Complex ground, Palam",2,12.1,Gujarat,Hyderabad (India),PP Chawla,RV Patel,Mehdi Hassan,1,0,,,,,,,,,
1280299,2021/22,2021-11-18,"Airforce Complex ground, Palam",2,12.2,Gujarat,Hyderabad (India),RV Patel,PP Chawla,Mehdi Hassan,0,0,,,,,,,,,
1280299,2021/22,2021-11-18,"Airforce Complex ground, Palam",2,12.3,Gujarat,Hyderabad (India),RV Patel,PP Chawla,Mehdi Hassan,1,0,,,,,,,,,
1280299,2021/22,2021-11-18,"Airforce Complex ground, Palam",2,12.4,Gujarat,Hyderabad (India),PP Chawla,RV Patel,Mehdi Hassan,4,0,,,,,,,,,
1280299,2021/22,2021-11-18,"Airforce Complex ground, Palam",2,12.5,Gujarat,Hyderabad (India),PP Chawla,RV Patel,Mehdi Hassan,0,0,,,,,,,,,
1280299,2021/22,2021-11-18,"Airforce Complex ground, Palam",2,12.6,Gujarat,Hyderabad (India),PP Chawla,RV Patel,Mehdi Hassan,0,0,,,,,,,,,
1280299,2021/22,2021-11-18,"Airforce Complex ground, Palam",2,13.1,Gujarat,Hyderabad (India),RV Patel,PP Chawla,Tanay Thyagarajan,1,0,,,,,,,,,
1280299,2021/22,2021-11-18,"Airforce Complex ground, Palam",2,13.2,Gujarat,Hyderabad (India),PP Chawla,RV Patel,Tanay Thyagarajan,1,0,,,,,,,,,
1280299,2021/22,2021-11-18,"Airforce Complex ground, Palam",2,13.3,Gujarat,Hyderabad (India),RV Patel,PP Chawla,Tanay Thyagarajan,0,0,,,,,,,,,
1280299,2021/22,2021-11-18,"Airforce Complex ground, Palam",2,13.4,Gujarat,Hyderabad (India),RV Patel,PP Chawla,Tanay Thyagarajan,1,0,,,,,,,,,
1280299,2021/22,2021-11-18,"Airforce Complex ground, Palam",2,13.5,Gujarat,Hyderabad (India),PP Chawla,RV Patel,Tanay Thyagarajan,0,0,,,,,,caught,PP Chawla,,
1280299,2021/22,2021-11-18,"Airforce Complex ground, Palam",2,13.6,Gujarat,Hyderabad (India),RV Patel,Karan Patel,Tanay Thyagarajan,6,0,,,,,,,,,
1280299,2021/22,2021-11-18,"Airforce Complex ground, Palam",2,14.1,Gujarat,Hyderabad (India),Karan Patel,RV Patel,Mehdi Hassan,1,0,,,,,,,,,
1280299,2021/22,2021-11-18,"Airforce Complex ground, Palam",2,14.2,Gujarat,Hyderabad (India),RV Patel,Karan Patel,Mehdi Hassan,1,0,,,,,,,,,
1280299,2021/22,2021-11-18,"Airforce Complex ground, Palam",2,14.3,Gujarat,Hyderabad (India),Karan Patel,RV Patel,Mehdi Hassan,1,0,,,,,,,,,
1280299,2021/22,2021-11-18,"Airforce Complex ground, Palam",2,14.4,Gujarat,Hyderabad (India),RV Patel,Karan Patel,Mehdi Hassan,1,0,,,,,,,,,
1280299,2021/22,2021-11-18,"Airforce Complex ground, Palam",2,14.5,Gujarat,Hyderabad (India),Karan Patel,RV Patel,Mehdi Hassan,1,0,,,,,,,,,
1280299,2021/22,2021-11-18,"Airforce Complex ground, Palam",2,14.6,Gujarat,Hyderabad (India),RV Patel,Karan Patel,Mehdi Hassan,1,0,,,,,,,,,
1280299,2021/22,2021-11-18,"Airforce Complex ground, Palam",2,15.1,Gujarat,Hyderabad (India),RV Patel,Karan Patel,Ravi Teja,1,0,,,,,,,,,
1280299,2021/22,2021-11-18,"Airforce Complex ground, Palam",2,15.2,Gujarat,Hyderabad (India),Karan Patel,RV Patel,Ravi Teja,0,1,1,,,,,,,,
1280299,2021/22,2021-11-18,"Airforce Complex ground, Palam",2,15.3,Gujarat,Hyderabad (India),Karan Patel,RV Patel,Ravi Teja,1,0,,,,,,,,,
1280299,2021/22,2021-11-18,"Airforce Complex ground, Palam",2,15.4,Gujarat,Hyderabad (India),RV Patel,Karan Patel,Ravi Teja,6,0,,,,,,,,,
1280299,2021/22,2021-11-18,"Airforce Complex ground, Palam",2,15.5,Gujarat,Hyderabad (India),RV Patel,Karan Patel,Ravi Teja,1,0,,,,,,,,,
1280299,2021/22,2021-11-18,"Airforce Complex ground, Palam",2,15.6,Gujarat,Hyderabad (India),Karan Patel,RV Patel,Ravi Teja,0,0,,,,,,caught,Karan Patel,,
1280299,2021/22,2021-11-18,"Airforce Complex ground, Palam",2,15.7,Gujarat,Hyderabad (India),RV Patel,Roosh Kalaria,Ravi Teja,0,0,,,,,,,,,
1280299,2021/22,2021-11-18,"Airforce Complex ground, Palam",2,16.1,Gujarat,Hyderabad (India),Roosh Kalaria,RV Patel,CV Milind,0,0,,,,,,,,,
1280299,2021/22,2021-11-18,"Airforce Complex ground, Palam",2,16.2,Gujarat,Hyderabad (India),Roosh Kalaria,RV Patel,CV Milind,0,0,,,,,,,,,
1280299,2021/22,2021-11-18,"Airforce Complex ground, Palam",2,16.3,Gujarat,Hyderabad (India),Roosh Kalaria,RV Patel,CV Milind,1,0,,,,,,,,,
1280299,2021/22,2021-11-18,"Airforce Complex ground, Palam",2,16.4,Gujarat,Hyderabad (India),RV Patel,Roosh Kalaria,CV Milind,2,0,,,,,,,,,
1280299,2021/22,2021-11-18,"Airforce Complex ground, Palam",2,16.5,Gujarat,Hyderabad (India),RV Patel,Roosh Kalaria,CV Milind,2,0,,,,,,,,,
1280299,2021/22,2021-11-18,"Airforce Complex ground, Palam",2,16.6,Gujarat,Hyderabad (India),RV Patel,Roosh Kalaria,CV Milind,1,0,,,,,,,,,
1280299,2021/22,2021-11-18,"Airforce Complex ground, Palam",2,17.1,Gujarat,Hyderabad (India),RV Patel,Roosh Kalaria,Rakshan Readdi,4,0,,,,,,,,,
1280299,2021/22,2021-11-18,"Airforce Complex ground, Palam",2,17.2,Gujarat,Hyderabad (India),RV Patel,Roosh Kalaria,Rakshan Readdi,1,0,,,,,,,,,
1280299,2021/22,2021-11-18,"Airforce Complex ground, Palam",2,17.3,Gujarat,Hyderabad (India),Roosh Kalaria,RV Patel,Rakshan Readdi,1,0,,,,,,,,,
1280299,2021/22,2021-11-18,"Airforce Complex ground, Palam",2,17.4,Gujarat,Hyderabad (India),RV Patel,Roosh Kalaria,Rakshan Readdi,1,0,,,,,,,,,
1280299,2021/22,2021-11-18,"Airforce Complex ground, Palam",2,17.5,Gujarat,Hyderabad (India),Roosh Kalaria,RV Patel,Rakshan Readdi,1,0,,,,,,,,,
1280299,2021/22,2021-11-18,"Airforce Complex ground, Palam",2,17.6,Gujarat,Hyderabad (India),RV Patel,Roosh Kalaria,Rakshan Readdi,1,0,,,,,,,,,
1280299,2021/22,2021-11-18,"Airforce Complex ground, Palam",2,18.1,Gujarat,Hyderabad (India),RV Patel,Roosh Kalaria,CV Milind,2,0,,,,,,,,,
1280299,2021/22,2021-11-18,"Airforce Complex ground, Palam",2,18.2,Gujarat,Hyderabad (India),RV Patel,Roosh Kalaria,CV Milind,0,0,,,,,,caught,RV Patel,,
1280299,2021/22,2021-11-18,"Airforce Complex ground, Palam",2,18.3,Gujarat,Hyderabad (India),Roosh Kalaria,Chintan Gaja,CV Milind,6,0,,,,,,,,,
1280299,2021/22,2021-11-18,"Airforce Complex ground, Palam",2,18.4,Gujarat,Hyderabad (India),Roosh Kalaria,Chintan Gaja,CV Milind,0,1,1,,,,,,,,
1280299,2021/22,2021-11-18,"Airforce Complex ground, Palam",2,18.5,Gujarat,Hyderabad (India),Roosh Kalaria,Chintan Gaja,CV Milind,4,0,,,,,,,,,
1280299,2021/22,2021-11-18,"Airforce Complex ground, Palam",2,18.6,Gujarat,Hyderabad (India),Roosh Kalaria,Chintan Gaja,CV Milind,0,0,,,,,,,,,
1280299,2021/22,2021-11-18,"Airforce Complex ground, Palam",2,18.7,Gujarat,Hyderabad (India),Roosh Kalaria,Chintan Gaja,CV Milind,0,0,,,,,,,,,
1280299,2021/22,2021-11-18,"Airforce Complex ground, Palam",2,19.1,Gujarat,Hyderabad (India),Chintan Gaja,Roosh Kalaria,Ravi Teja,0,0,,,,,,,,,
1280299,2021/22,2021-11-18,"Airforce Complex ground, Palam",2,19.2,Gujarat,Hyderabad (India),Chintan Gaja,Roosh Kalaria,Ravi Teja,0,0,,,,,,caught,Chintan Gaja,,
1280299,2021/22,2021-11-18,"Airforce Complex ground, Palam",2,19.3,Gujarat,Hyderabad (India),Tejas Patel,Roosh Kalaria,Ravi Teja,1,0,,,,,,,,,
1280299,2021/22,2021-11-18,"Airforce Complex ground, Palam",2,19.4,Gujarat,Hyderabad (India),Roosh Kalaria,Tejas Patel,Ravi Teja,1,0,,,,,,,,,
1280299,2021/22,2021-11-18,"Airforce Complex ground, Palam",2,19.5,Gujarat,Hyderabad (India),Tejas Patel,Roosh Kalaria,Ravi Teja,1,0,,,,,,,,,
1280299,2021/22,2021-11-18,"Airforce Complex ground, Palam",2,19.6,Gujarat,Hyderabad (India),Roosh Kalaria,Tejas Patel,Ravi Teja,1,0,,,,,,,,,
