match_id,season,start_date,venue,innings,ball,batting_team,bowling_team,striker,non_striker,bowler,runs_off_bat,extras,wides,noballs,byes,legbyes,penalty,wicket_type,player_dismissed,other_wicket_type,other_player_dismissed
1280216,2021/22,2021-11-04,"ACA Stadium,Mangalagiri",1,0.1,Mizoram,Meghalaya,T Kohli,Lalhmangaiha,Anish Charak,0,0,,,,,,,,,
1280216,2021/22,2021-11-04,"ACA Stadium,Mangalagiri",1,0.2,Mizoram,Meghalaya,T Kohli,Lalhmangaiha,Anish Charak,1,0,,,,,,,,,
1280216,2021/22,2021-11-04,"ACA Stadium,Mangalagiri",1,0.3,Mizoram,Meghalaya,Lalhmangaiha,T Kohli,Anish Charak,0,0,,,,,,,,,
1280216,2021/22,2021-11-04,"ACA Stadium,Mangalagiri",1,0.4,Mizoram,Meghalaya,Lalhmangaiha,T Kohli,Anish Charak,0,0,,,,,,,,,
1280216,2021/22,2021-11-04,"ACA Stadium,Mangalagiri",1,0.5,Mizoram,Meghalaya,Lalhmangaiha,T Kohli,Anish Charak,0,0,,,,,,,,,
1280216,2021/22,2021-11-04,"ACA Stadium,Mangalagiri",1,0.6,Mizoram,Meghalaya,Lalhmangaiha,T Kohli,Anish Charak,0,0,,,,,,,,,
1280216,2021/22,2021-11-04,"ACA Stadium,Mangalagiri",1,1.1,Mizoram,Meghalaya,T Kohli,Lalhmangaiha,Chengkam Sangma,0,0,,,,,,,,,
1280216,2021/22,2021-11-04,"ACA Stadium,Mangalagiri",1,1.2,Mizoram,Meghalaya,T Kohli,Lalhmangaiha,Chengkam Sangma,0,0,,,,,,,,,
1280216,2021/22,2021-11-04,"ACA Stadium,Mangalagiri",1,1.3,Mizoram,Meghalaya,T Kohli,Lalhmangaiha,Chengkam Sangma,0,0,,,,,,,,,
1280216,2021/22,2021-11-04,"ACA Stadium,Mangalagiri",1,1.4,Mizoram,Meghalaya,T Kohli,Lalhmangaiha,Chengkam Sangma,1,0,,,,,,,,,
1280216,2021/22,2021-11-04,"ACA Stadium,Mangalagiri",1,1.5,Mizoram,Meghalaya,Lalhmangaiha,T Kohli,Chengkam Sangma,0,0,,,,,,,,,
1280216,2021/22,2021-11-04,"ACA Stadium,Mangalagiri",1,1.6,Mizoram,Meghalaya,Lalhmangaiha,T Kohli,Chengkam Sangma,4,0,,,,,,,,,
1280216,2021/22,2021-11-04,"ACA Stadium,Mangalagiri",1,2.1,Mizoram,Meghalaya,T Kohli,Lalhmangaiha,Akash Choudhary,4,0,,,,,,,,,
1280216,2021/22,2021-11-04,"ACA Stadium,Mangalagiri",1,2.2,Mizoram,Meghalaya,T Kohli,Lalhmangaiha,Akash Choudhary,1,0,,,,,,,,,
1280216,2021/22,2021-11-04,"ACA Stadium,Mangalagiri",1,2.3,Mizoram,Meghalaya,Lalhmangaiha,T Kohli,Akash Choudhary,0,0,,,,,,,,,
1280216,2021/22,2021-11-04,"ACA Stadium,Mangalagiri",1,2.4,Mizoram,Meghalaya,Lalhmangaiha,T Kohli,Akash Choudhary,1,0,,,,,,,,,
1280216,2021/22,2021-11-04,"ACA Stadium,Mangalagiri",1,2.5,Mizoram,Meghalaya,T Kohli,Lalhmangaiha,Akash Choudhary,1,0,,,,,,,,,
1280216,2021/22,2021-11-04,"ACA Stadium,Mangalagiri",1,2.6,Mizoram,Meghalaya,Lalhmangaiha,T Kohli,Akash Choudhary,1,0,,,,,,run out,Lalhmangaiha,,
1280216,2021/22,2021-11-04,"ACA Stadium,Mangalagiri",1,3.1,Mizoram,Meghalaya,T Kohli,U Kaul,Chengkam Sangma,4,0,,,,,,,,,
1280216,2021/22,2021-11-04,"ACA Stadium,Mangalagiri",1,3.2,Mizoram,Meghalaya,T Kohli,U Kaul,Chengkam Sangma,0,0,,,,,,,,,
1280216,2021/22,2021-11-04,"ACA Stadium,Mangalagiri",1,3.3,Mizoram,Meghalaya,T Kohli,U Kaul,Chengkam Sangma,0,0,,,,,,,,,
1280216,2021/22,2021-11-04,"ACA Stadium,Mangalagiri",1,3.4,Mizoram,Meghalaya,T Kohli,U Kaul,Chengkam Sangma,1,0,,,,,,,,,
1280216,2021/22,2021-11-04,"ACA Stadium,Mangalagiri",1,3.5,Mizoram,Meghalaya,U Kaul,T Kohli,Chengkam Sangma,0,0,,,,,,,,,
1280216,2021/22,2021-11-04,"ACA Stadium,Mangalagiri",1,3.6,Mizoram,Meghalaya,U Kaul,T Kohli,Chengkam Sangma,1,0,,,,,,,,,
1280216,2021/22,2021-11-04,"ACA Stadium,Mangalagiri",1,4.1,Mizoram,Meghalaya,U Kaul,T Kohli,Dippu Sangma,0,0,,,,,,,,,
1280216,2021/22,2021-11-04,"ACA Stadium,Mangalagiri",1,4.2,Mizoram,Meghalaya,U Kaul,T Kohli,Dippu Sangma,1,0,,,,,,,,,
1280216,2021/22,2021-11-04,"ACA Stadium,Mangalagiri",1,4.3,Mizoram,Meghalaya,T Kohli,U Kaul,Dippu Sangma,1,0,,,,,,,,,
1280216,2021/22,2021-11-04,"ACA Stadium,Mangalagiri",1,4.4,Mizoram,Meghalaya,U Kaul,T Kohli,Dippu Sangma,0,0,,,,,,,,,
1280216,2021/22,2021-11-04,"ACA Stadium,Mangalagiri",1,4.5,Mizoram,Meghalaya,U Kaul,T Kohli,Dippu Sangma,1,0,,,,,,,,,
1280216,2021/22,2021-11-04,"ACA Stadium,Mangalagiri",1,4.6,Mizoram,Meghalaya,T Kohli,U Kaul,Dippu Sangma,4,0,,,,,,,,,
1280216,2021/22,2021-11-04,"ACA Stadium,Mangalagiri",1,5.1,Mizoram,Meghalaya,U Kaul,T Kohli,Chirag Khurana,1,0,,,,,,,,,
1280216,2021/22,2021-11-04,"ACA Stadium,Mangalagiri",1,5.2,Mizoram,Meghalaya,T Kohli,U Kaul,Chirag Khurana,0,0,,,,,,,,,
1280216,2021/22,2021-11-04,"ACA Stadium,Mangalagiri",1,5.3,Mizoram,Meghalaya,T Kohli,U Kaul,Chirag Khurana,1,0,,,,,,,,,
1280216,2021/22,2021-11-04,"ACA Stadium,Mangalagiri",1,5.4,Mizoram,Meghalaya,U Kaul,T Kohli,Chirag Khurana,1,0,,,,,,,,,
1280216,2021/22,2021-11-04,"ACA Stadium,Mangalagiri",1,5.5,Mizoram,Meghalaya,T Kohli,U Kaul,Chirag Khurana,0,0,,,,,,bowled,T Kohli,,
1280216,2021/22,2021-11-04,"ACA Stadium,Mangalagiri",1,5.6,Mizoram,Meghalaya,Lalhruaizela,U Kaul,Chirag Khurana,0,0,,,,,,,,,
1280216,2021/22,2021-11-04,"ACA Stadium,Mangalagiri",1,6.1,Mizoram,Meghalaya,U Kaul,Lalhruaizela,Anish Charak,1,0,,,,,,,,,
1280216,2021/22,2021-11-04,"ACA Stadium,Mangalagiri",1,6.2,Mizoram,Meghalaya,Lalhruaizela,U Kaul,Anish Charak,0,0,,,,,,,,,
1280216,2021/22,2021-11-04,"ACA Stadium,Mangalagiri",1,6.3,Mizoram,Meghalaya,Lalhruaizela,U Kaul,Anish Charak,0,1,1,,,,,,,,
1280216,2021/22,2021-11-04,"ACA Stadium,Mangalagiri",1,6.4,Mizoram,Meghalaya,Lalhruaizela,U Kaul,Anish Charak,0,0,,,,,,,,,
1280216,2021/22,2021-11-04,"ACA Stadium,Mangalagiri",1,6.5,Mizoram,Meghalaya,Lalhruaizela,U Kaul,Anish Charak,1,0,,,,,,,,,
1280216,2021/22,2021-11-04,"ACA Stadium,Mangalagiri",1,6.6,Mizoram,Meghalaya,U Kaul,Lalhruaizela,Anish Charak,1,0,,,,,,,,,
1280216,2021/22,2021-11-04,"ACA Stadium,Mangalagiri",1,6.7,Mizoram,Meghalaya,Lalhruaizela,U Kaul,Anish Charak,1,0,,,,,,,,,
1280216,2021/22,2021-11-04,"ACA Stadium,Mangalagiri",1,7.1,Mizoram,Meghalaya,Lalhruaizela,U Kaul,Dippu Sangma,0,0,,,,,,,,,
1280216,2021/22,2021-11-04,"ACA Stadium,Mangalagiri",1,7.2,Mizoram,Meghalaya,Lalhruaizela,U Kaul,Dippu Sangma,0,0,,,,,,,,,
1280216,2021/22,2021-11-04,"ACA Stadium,Mangalagiri",1,7.3,Mizoram,Meghalaya,Lalhruaizela,U Kaul,Dippu Sangma,0,0,,,,,,,,,
1280216,2021/22,2021-11-04,"ACA Stadium,Mangalagiri",1,7.4,Mizoram,Meghalaya,Lalhruaizela,U Kaul,Dippu Sangma,0,0,,,,,,,,,
1280216,2021/22,2021-11-04,"ACA Stadium,Mangalagiri",1,7.5,Mizoram,Meghalaya,Lalhruaizela,U Kaul,Dippu Sangma,0,0,,,,,,,,,
1280216,2021/22,2021-11-04,"ACA Stadium,Mangalagiri",1,7.6,Mizoram,Meghalaya,Lalhruaizela,U Kaul,Dippu Sangma,1,0,,,,,,,,,
1280216,2021/22,2021-11-04,"ACA Stadium,Mangalagiri",1,8.1,Mizoram,Meghalaya,Lalhruaizela,U Kaul,Anish Charak,0,0,,,,,,,,,
1280216,2021/22,2021-11-04,"ACA Stadium,Mangalagiri",1,8.2,Mizoram,Meghalaya,Lalhruaizela,U Kaul,Anish Charak,1,0,,,,,,,,,
1280216,2021/22,2021-11-04,"ACA Stadium,Mangalagiri",1,8.3,Mizoram,Meghalaya,U Kaul,Lalhruaizela,Anish Charak,1,0,,,,,,,,,
1280216,2021/22,2021-11-04,"ACA Stadium,Mangalagiri",1,8.4,Mizoram,Meghalaya,Lalhruaizela,U Kaul,Anish Charak,1,0,,,,,,,,,
1280216,2021/22,2021-11-04,"ACA Stadium,Mangalagiri",1,8.5,Mizoram,Meghalaya,U Kaul,Lalhruaizela,Anish Charak,1,0,,,,,,,,,
1280216,2021/22,2021-11-04,"ACA Stadium,Mangalagiri",1,8.6,Mizoram,Meghalaya,Lalhruaizela,U Kaul,Anish Charak,1,0,,,,,,,,,
1280216,2021/22,2021-11-04,"ACA Stadium,Mangalagiri",1,9.1,Mizoram,Meghalaya,Lalhruaizela,U Kaul,Dippu Sangma,1,0,,,,,,,,,
1280216,2021/22,2021-11-04,"ACA Stadium,Mangalagiri",1,9.2,Mizoram,Meghalaya,U Kaul,Lalhruaizela,Dippu Sangma,1,0,,,,,,,,,
1280216,2021/22,2021-11-04,"ACA Stadium,Mangalagiri",1,9.3,Mizoram,Meghalaya,Lalhruaizela,U Kaul,Dippu Sangma,0,0,,,,,,,,,
1280216,2021/22,2021-11-04,"ACA Stadium,Mangalagiri",1,9.4,Mizoram,Meghalaya,Lalhruaizela,U Kaul,Dippu Sangma,0,0,,,,,,,,,
1280216,2021/22,2021-11-04,"ACA Stadium,Mangalagiri",1,9.5,Mizoram,Meghalaya,Lalhruaizela,U Kaul,Dippu Sangma,1,0,,,,,,,,,
1280216,2021/22,2021-11-04,"ACA Stadium,Mangalagiri",1,9.6,Mizoram,Meghalaya,U Kaul,Lalhruaizela,Dippu Sangma,1,0,,,,,,,,,
1280216,2021/22,2021-11-04,"ACA Stadium,Mangalagiri",1,10.1,Mizoram,Meghalaya,U Kaul,Lalhruaizela,Anish Charak,0,0,,,,,,,,,
1280216,2021/22,2021-11-04,"ACA Stadium,Mangalagiri",1,10.2,Mizoram,Meghalaya,U Kaul,Lalhruaizela,Anish Charak,1,0,,,,,,,,,
1280216,2021/22,2021-11-04,"ACA Stadium,Mangalagiri",1,10.3,Mizoram,Meghalaya,Lalhruaizela,U Kaul,Anish Charak,1,0,,,,,,,,,
1280216,2021/22,2021-11-04,"ACA Stadium,Mangalagiri",1,10.4,Mizoram,Meghalaya,U Kaul,Lalhruaizela,Anish Charak,1,0,,,,,,,,,
1280216,2021/22,2021-11-04,"ACA Stadium,Mangalagiri",1,10.5,Mizoram,Meghalaya,Lalhruaizela,U Kaul,Anish Charak,0,0,,,,,,,,,
1280216,2021/22,2021-11-04,"ACA Stadium,Mangalagiri",1,10.6,Mizoram,Meghalaya,Lalhruaizela,U Kaul,Anish Charak,0,0,,,,,,,,,
1280216,2021/22,2021-11-04,"ACA Stadium,Mangalagiri",1,11.1,Mizoram,Meghalaya,U Kaul,Lalhruaizela,Ram Gurung,1,0,,,,,,,,,
1280216,2021/22,2021-11-04,"ACA Stadium,Mangalagiri",1,11.2,Mizoram,Meghalaya,Lalhruaizela,U Kaul,Ram Gurung,1,0,,,,,,,,,
1280216,2021/22,2021-11-04,"ACA Stadium,Mangalagiri",1,11.3,Mizoram,Meghalaya,U Kaul,Lalhruaizela,Ram Gurung,0,0,,,,,,,,,
1280216,2021/22,2021-11-04,"ACA Stadium,Mangalagiri",1,11.4,Mizoram,Meghalaya,U Kaul,Lalhruaizela,Ram Gurung,1,0,,,,,,,,,
1280216,2021/22,2021-11-04,"ACA Stadium,Mangalagiri",1,11.5,Mizoram,Meghalaya,Lalhruaizela,U Kaul,Ram Gurung,0,0,,,,,,,,,
1280216,2021/22,2021-11-04,"ACA Stadium,Mangalagiri",1,11.6,Mizoram,Meghalaya,Lalhruaizela,U Kaul,Ram Gurung,0,0,,,,,,,,,
1280216,2021/22,2021-11-04,"ACA Stadium,Mangalagiri",1,12.1,Mizoram,Meghalaya,U Kaul,Lalhruaizela,Chirag Khurana,1,0,,,,,,,,,
1280216,2021/22,2021-11-04,"ACA Stadium,Mangalagiri",1,12.2,Mizoram,Meghalaya,Lalhruaizela,U Kaul,Chirag Khurana,1,0,,,,,,,,,
1280216,2021/22,2021-11-04,"ACA Stadium,Mangalagiri",1,12.3,Mizoram,Meghalaya,U Kaul,Lalhruaizela,Chirag Khurana,1,0,,,,,,,,,
1280216,2021/22,2021-11-04,"ACA Stadium,Mangalagiri",1,12.4,Mizoram,Meghalaya,Lalhruaizela,U Kaul,Chirag Khurana,0,0,,,,,,,,,
1280216,2021/22,2021-11-04,"ACA Stadium,Mangalagiri",1,12.5,Mizoram,Meghalaya,Lalhruaizela,U Kaul,Chirag Khurana,1,0,,,,,,,,,
1280216,2021/22,2021-11-04,"ACA Stadium,Mangalagiri",1,12.6,Mizoram,Meghalaya,U Kaul,Lalhruaizela,Chirag Khurana,1,0,,,,,,,,,
1280216,2021/22,2021-11-04,"ACA Stadium,Mangalagiri",1,13.1,Mizoram,Meghalaya,U Kaul,Lalhruaizela,Ram Gurung,1,0,,,,,,,,,
1280216,2021/22,2021-11-04,"ACA Stadium,Mangalagiri",1,13.2,Mizoram,Meghalaya,Lalhruaizela,U Kaul,Ram Gurung,1,0,,,,,,,,,
1280216,2021/22,2021-11-04,"ACA Stadium,Mangalagiri",1,13.3,Mizoram,Meghalaya,U Kaul,Lalhruaizela,Ram Gurung,2,0,,,,,,,,,
1280216,2021/22,2021-11-04,"ACA Stadium,Mangalagiri",1,13.4,Mizoram,Meghalaya,U Kaul,Lalhruaizela,Ram Gurung,1,0,,,,,,,,,
1280216,2021/22,2021-11-04,"ACA Stadium,Mangalagiri",1,13.5,Mizoram,Meghalaya,Lalhruaizela,U Kaul,Ram Gurung,2,0,,,,,,,,,
1280216,2021/22,2021-11-04,"ACA Stadium,Mangalagiri",1,13.6,Mizoram,Meghalaya,Lalhruaizela,U Kaul,Ram Gurung,0,0,,,,,,,,,
1280216,2021/22,2021-11-04,"ACA Stadium,Mangalagiri",1,14.1,Mizoram,Meghalaya,U Kaul,Lalhruaizela,Chirag Khurana,1,0,,,,,,,,,
1280216,2021/22,2021-11-04,"ACA Stadium,Mangalagiri",1,14.2,Mizoram,Meghalaya,Lalhruaizela,U Kaul,Chirag Khurana,1,0,,,,,,,,,
1280216,2021/22,2021-11-04,"ACA Stadium,Mangalagiri",1,14.3,Mizoram,Meghalaya,U Kaul,Lalhruaizela,Chirag Khurana,1,0,,,,,,,,,
1280216,2021/22,2021-11-04,"ACA Stadium,Mangalagiri",1,14.4,Mizoram,Meghalaya,Lalhruaizela,U Kaul,Chirag Khurana,1,0,,,,,,,,,
1280216,2021/22,2021-11-04,"ACA Stadium,Mangalagiri",1,14.5,Mizoram,Meghalaya,U Kaul,Lalhruaizela,Chirag Khurana,0,0,,,,,,,,,
1280216,2021/22,2021-11-04,"ACA Stadium,Mangalagiri",1,14.6,Mizoram,Meghalaya,U Kaul,Lalhruaizela,Chirag Khurana,1,0,,,,,,,,,
1280216,2021/22,2021-11-04,"ACA Stadium,Mangalagiri",1,15.1,Mizoram,Meghalaya,U Kaul,Lalhruaizela,Ram Gurung,1,0,,,,,,,,,
1280216,2021/22,2021-11-04,"ACA Stadium,Mangalagiri",1,15.2,Mizoram,Meghalaya,Lalhruaizela,U Kaul,Ram Gurung,1,0,,,,,,,,,
1280216,2021/22,2021-11-04,"ACA Stadium,Mangalagiri",1,15.3,Mizoram,Meghalaya,U Kaul,Lalhruaizela,Ram Gurung,1,0,,,,,,,,,
1280216,2021/22,2021-11-04,"ACA Stadium,Mangalagiri",1,15.4,Mizoram,Meghalaya,Lalhruaizela,U Kaul,Ram Gurung,1,0,,,,,,,,,
1280216,2021/22,2021-11-04,"ACA Stadium,Mangalagiri",1,15.5,Mizoram,Meghalaya,U Kaul,Lalhruaizela,Ram Gurung,0,0,,,,,,,,,
1280216,2021/22,2021-11-04,"ACA Stadium,Mangalagiri",1,15.6,Mizoram,Meghalaya,U Kaul,Lalhruaizela,Ram Gurung,0,0,,,,,,,,,
1280216,2021/22,2021-11-04,"ACA Stadium,Mangalagiri",1,16.1,Mizoram,Meghalaya,Lalhruaizela,U Kaul,Chirag Khurana,1,0,,,,,,,,,
1280216,2021/22,2021-11-04,"ACA Stadium,Mangalagiri",1,16.2,Mizoram,Meghalaya,U Kaul,Lalhruaizela,Chirag Khurana,4,0,,,,,,,,,
1280216,2021/22,2021-11-04,"ACA Stadium,Mangalagiri",1,16.3,Mizoram,Meghalaya,U Kaul,Lalhruaizela,Chirag Khurana,1,0,,,,,,,,,
1280216,2021/22,2021-11-04,"ACA Stadium,Mangalagiri",1,16.4,Mizoram,Meghalaya,Lalhruaizela,U Kaul,Chirag Khurana,4,0,,,,,,,,,
1280216,2021/22,2021-11-04,"ACA Stadium,Mangalagiri",1,16.5,Mizoram,Meghalaya,Lalhruaizela,U Kaul,Chirag Khurana,0,0,,,,,,,,,
1280216,2021/22,2021-11-04,"ACA Stadium,Mangalagiri",1,16.6,Mizoram,Meghalaya,Lalhruaizela,U Kaul,Chirag Khurana,0,0,,,,,,,,,
1280216,2021/22,2021-11-04,"ACA Stadium,Mangalagiri",1,17.1,Mizoram,Meghalaya,U Kaul,Lalhruaizela,Akash Choudhary,1,0,,,,,,,,,
1280216,2021/22,2021-11-04,"ACA Stadium,Mangalagiri",1,17.2,Mizoram,Meghalaya,Lalhruaizela,U Kaul,Akash Choudhary,1,0,,,,,,,,,
1280216,2021/22,2021-11-04,"ACA Stadium,Mangalagiri",1,17.3,Mizoram,Meghalaya,U Kaul,Lalhruaizela,Akash Choudhary,0,0,,,,,,,,,
1280216,2021/22,2021-11-04,"ACA Stadium,Mangalagiri",1,17.4,Mizoram,Meghalaya,U Kaul,Lalhruaizela,Akash Choudhary,1,0,,,,,,,,,
1280216,2021/22,2021-11-04,"ACA Stadium,Mangalagiri",1,17.5,Mizoram,Meghalaya,Lalhruaizela,U Kaul,Akash Choudhary,1,0,,,,,,,,,
1280216,2021/22,2021-11-04,"ACA Stadium,Mangalagiri",1,17.6,Mizoram,Meghalaya,U Kaul,Lalhruaizela,Akash Choudhary,1,0,,,,,,,,,
1280216,2021/22,2021-11-04,"ACA Stadium,Mangalagiri",1,18.1,Mizoram,Meghalaya,U Kaul,Lalhruaizela,Dippu Sangma,0,0,,,,,,caught,U Kaul,,
1280216,2021/22,2021-11-04,"ACA Stadium,Mangalagiri",1,18.2,Mizoram,Meghalaya,Iqbal Abdulla,Lalhruaizela,Dippu Sangma,1,0,,,,,,,,,
1280216,2021/22,2021-11-04,"ACA Stadium,Mangalagiri",1,18.3,Mizoram,Meghalaya,Lalhruaizela,Iqbal Abdulla,Dippu Sangma,1,0,,,,,,,,,
1280216,2021/22,2021-11-04,"ACA Stadium,Mangalagiri",1,18.4,Mizoram,Meghalaya,Iqbal Abdulla,Lalhruaizela,Dippu Sangma,1,0,,,,,,,,,
1280216,2021/22,2021-11-04,"ACA Stadium,Mangalagiri",1,18.5,Mizoram,Meghalaya,Lalhruaizela,Iqbal Abdulla,Dippu Sangma,1,0,,,,,,,,,
1280216,2021/22,2021-11-04,"ACA Stadium,Mangalagiri",1,18.6,Mizoram,Meghalaya,Iqbal Abdulla,Lalhruaizela,Dippu Sangma,0,1,1,,,,,,,,
1280216,2021/22,2021-11-04,"ACA Stadium,Mangalagiri",1,18.7,Mizoram,Meghalaya,Iqbal Abdulla,Lalhruaizela,Dippu Sangma,4,0,,,,,,,,,
1280216,2021/22,2021-11-04,"ACA Stadium,Mangalagiri",1,19.1,Mizoram,Meghalaya,Lalhruaizela,Iqbal Abdulla,Akash Choudhary,1,0,,,,,,,,,
1280216,2021/22,2021-11-04,"ACA Stadium,Mangalagiri",1,19.2,Mizoram,Meghalaya,Iqbal Abdulla,Lalhruaizela,Akash Choudhary,2,0,,,,,,,,,
1280216,2021/22,2021-11-04,"ACA Stadium,Mangalagiri",1,19.3,Mizoram,Meghalaya,Iqbal Abdulla,Lalhruaizela,Akash Choudhary,0,1,,,1,,,,,,
1280216,2021/22,2021-11-04,"ACA Stadium,Mangalagiri",1,19.4,Mizoram,Meghalaya,Lalhruaizela,Iqbal Abdulla,Akash Choudhary,1,0,,,,,,,,,
1280216,2021/22,2021-11-04,"ACA Stadium,Mangalagiri",1,19.5,Mizoram,Meghalaya,Iqbal Abdulla,Lalhruaizela,Akash Choudhary,0,0,,,,,,,,,
1280216,2021/22,2021-11-04,"ACA Stadium,Mangalagiri",1,19.6,Mizoram,Meghalaya,Iqbal Abdulla,Lalhruaizela,Akash Choudhary,1,0,,,,,,,,,
1280216,2021/22,2021-11-04,"ACA Stadium,Mangalagiri",2,0.1,Meghalaya,Mizoram,Chirag Khurana,Kishan Lyngdoh,Iqbal Abdulla,0,0,,,,,,,,,
1280216,2021/22,2021-11-04,"ACA Stadium,Mangalagiri",2,0.2,Meghalaya,Mizoram,Chirag Khurana,Kishan Lyngdoh,Iqbal Abdulla,0,0,,,,,,,,,
1280216,2021/22,2021-11-04,"ACA Stadium,Mangalagiri",2,0.3,Meghalaya,Mizoram,Chirag Khurana,Kishan Lyngdoh,Iqbal Abdulla,0,0,,,,,,,,,
1280216,2021/22,2021-11-04,"ACA Stadium,Mangalagiri",2,0.4,Meghalaya,Mizoram,Chirag Khurana,Kishan Lyngdoh,Iqbal Abdulla,0,0,,,,,,,,,
1280216,2021/22,2021-11-04,"ACA Stadium,Mangalagiri",2,0.5,Meghalaya,Mizoram,Chirag Khurana,Kishan Lyngdoh,Iqbal Abdulla,4,0,,,,,,,,,
1280216,2021/22,2021-11-04,"ACA Stadium,Mangalagiri",2,0.6,Meghalaya,Mizoram,Chirag Khurana,Kishan Lyngdoh,Iqbal Abdulla,1,0,,,,,,,,,
1280216,2021/22,2021-11-04,"ACA Stadium,Mangalagiri",2,1.1,Meghalaya,Mizoram,Chirag Khurana,Kishan Lyngdoh,T Kohli,1,0,,,,,,,,,
1280216,2021/22,2021-11-04,"ACA Stadium,Mangalagiri",2,1.2,Meghalaya,Mizoram,Kishan Lyngdoh,Chirag Khurana,T Kohli,0,0,,,,,,,,,
1280216,2021/22,2021-11-04,"ACA Stadium,Mangalagiri",2,1.3,Meghalaya,Mizoram,Kishan Lyngdoh,Chirag Khurana,T Kohli,4,0,,,,,,,,,
1280216,2021/22,2021-11-04,"ACA Stadium,Mangalagiri",2,1.4,Meghalaya,Mizoram,Kishan Lyngdoh,Chirag Khurana,T Kohli,0,0,,,,,,,,,
1280216,2021/22,2021-11-04,"ACA Stadium,Mangalagiri",2,1.5,Meghalaya,Mizoram,Kishan Lyngdoh,Chirag Khurana,T Kohli,0,0,,,,,,,,,
1280216,2021/22,2021-11-04,"ACA Stadium,Mangalagiri",2,1.6,Meghalaya,Mizoram,Kishan Lyngdoh,Chirag Khurana,T Kohli,1,0,,,,,,,,,
1280216,2021/22,2021-11-04,"ACA Stadium,Mangalagiri",2,2.1,Meghalaya,Mizoram,Kishan Lyngdoh,Chirag Khurana,Iqbal Abdulla,1,0,,,,,,,,,
1280216,2021/22,2021-11-04,"ACA Stadium,Mangalagiri",2,2.2,Meghalaya,Mizoram,Chirag Khurana,Kishan Lyngdoh,Iqbal Abdulla,1,0,,,,,,,,,
1280216,2021/22,2021-11-04,"ACA Stadium,Mangalagiri",2,2.3,Meghalaya,Mizoram,Kishan Lyngdoh,Chirag Khurana,Iqbal Abdulla,0,0,,,,,,,,,
1280216,2021/22,2021-11-04,"ACA Stadium,Mangalagiri",2,2.4,Meghalaya,Mizoram,Kishan Lyngdoh,Chirag Khurana,Iqbal Abdulla,1,0,,,,,,,,,
1280216,2021/22,2021-11-04,"ACA Stadium,Mangalagiri",2,2.5,Meghalaya,Mizoram,Chirag Khurana,Kishan Lyngdoh,Iqbal Abdulla,0,0,,,,,,,,,
1280216,2021/22,2021-11-04,"ACA Stadium,Mangalagiri",2,2.6,Meghalaya,Mizoram,Chirag Khurana,Kishan Lyngdoh,Iqbal Abdulla,0,1,1,,,,,,,,
1280216,2021/22,2021-11-04,"ACA Stadium,Mangalagiri",2,2.7,Meghalaya,Mizoram,Chirag Khurana,Kishan Lyngdoh,Iqbal Abdulla,0,0,,,,,,,,,
1280216,2021/22,2021-11-04,"ACA Stadium,Mangalagiri",2,3.1,Meghalaya,Mizoram,Kishan Lyngdoh,Chirag Khurana,T Kohli,4,0,,,,,,,,,
1280216,2021/22,2021-11-04,"ACA Stadium,Mangalagiri",2,3.2,Meghalaya,Mizoram,Kishan Lyngdoh,Chirag Khurana,T Kohli,0,0,,,,,,,,,
1280216,2021/22,2021-11-04,"ACA Stadium,Mangalagiri",2,3.3,Meghalaya,Mizoram,Kishan Lyngdoh,Chirag Khurana,T Kohli,0,0,,,,,,,,,
1280216,2021/22,2021-11-04,"ACA Stadium,Mangalagiri",2,3.4,Meghalaya,Mizoram,Kishan Lyngdoh,Chirag Khurana,T Kohli,1,0,,,,,,,,,
1280216,2021/22,2021-11-04,"ACA Stadium,Mangalagiri",2,3.5,Meghalaya,Mizoram,Chirag Khurana,Kishan Lyngdoh,T Kohli,1,0,,,,,,,,,
1280216,2021/22,2021-11-04,"ACA Stadium,Mangalagiri",2,3.6,Meghalaya,Mizoram,Kishan Lyngdoh,Chirag Khurana,T Kohli,0,0,,,,,,,,,
1280216,2021/22,2021-11-04,"ACA Stadium,Mangalagiri",2,4.1,Meghalaya,Mizoram,Chirag Khurana,Kishan Lyngdoh,Iqbal Abdulla,0,0,,,,,,,,,
1280216,2021/22,2021-11-04,"ACA Stadium,Mangalagiri",2,4.2,Meghalaya,Mizoram,Chirag Khurana,Kishan Lyngdoh,Iqbal Abdulla,1,0,,,,,,,,,
1280216,2021/22,2021-11-04,"ACA Stadium,Mangalagiri",2,4.3,Meghalaya,Mizoram,Kishan Lyngdoh,Chirag Khurana,Iqbal Abdulla,0,0,,,,,,,,,
1280216,2021/22,2021-11-04,"ACA Stadium,Mangalagiri",2,4.4,Meghalaya,Mizoram,Kishan Lyngdoh,Chirag Khurana,Iqbal Abdulla,4,0,,,,,,,,,
1280216,2021/22,2021-11-04,"ACA Stadium,Mangalagiri",2,4.5,Meghalaya,Mizoram,Kishan Lyngdoh,Chirag Khurana,Iqbal Abdulla,0,0,,,,,,,,,
1280216,2021/22,2021-11-04,"ACA Stadium,Mangalagiri",2,4.6,Meghalaya,Mizoram,Kishan Lyngdoh,Chirag Khurana,Iqbal Abdulla,0,0,,,,,,,,,
1280216,2021/22,2021-11-04,"ACA Stadium,Mangalagiri",2,5.1,Meghalaya,Mizoram,Chirag Khurana,Kishan Lyngdoh,Lalhruai Ralte,1,0,,,,,,,,,
1280216,2021/22,2021-11-04,"ACA Stadium,Mangalagiri",2,5.2,Meghalaya,Mizoram,Kishan Lyngdoh,Chirag Khurana,Lalhruai Ralte,4,0,,,,,,,,,
1280216,2021/22,2021-11-04,"ACA Stadium,Mangalagiri",2,5.3,Meghalaya,Mizoram,Kishan Lyngdoh,Chirag Khurana,Lalhruai Ralte,4,0,,,,,,,,,
1280216,2021/22,2021-11-04,"ACA Stadium,Mangalagiri",2,5.4,Meghalaya,Mizoram,Kishan Lyngdoh,Chirag Khurana,Lalhruai Ralte,6,0,,,,,,,,,
1280216,2021/22,2021-11-04,"ACA Stadium,Mangalagiri",2,5.5,Meghalaya,Mizoram,Kishan Lyngdoh,Chirag Khurana,Lalhruai Ralte,0,0,,,,,,,,,
1280216,2021/22,2021-11-04,"ACA Stadium,Mangalagiri",2,5.6,Meghalaya,Mizoram,Kishan Lyngdoh,Chirag Khurana,Lalhruai Ralte,4,0,,,,,,,,,
1280216,2021/22,2021-11-04,"ACA Stadium,Mangalagiri",2,6.1,Meghalaya,Mizoram,Chirag Khurana,Kishan Lyngdoh,G Lalbiakvela,1,0,,,,,,,,,
1280216,2021/22,2021-11-04,"ACA Stadium,Mangalagiri",2,6.2,Meghalaya,Mizoram,Kishan Lyngdoh,Chirag Khurana,G Lalbiakvela,1,0,,,,,,,,,
1280216,2021/22,2021-11-04,"ACA Stadium,Mangalagiri",2,6.3,Meghalaya,Mizoram,Chirag Khurana,Kishan Lyngdoh,G Lalbiakvela,0,0,,,,,,,,,
1280216,2021/22,2021-11-04,"ACA Stadium,Mangalagiri",2,6.4,Meghalaya,Mizoram,Chirag Khurana,Kishan Lyngdoh,G Lalbiakvela,0,0,,,,,,,,,
1280216,2021/22,2021-11-04,"ACA Stadium,Mangalagiri",2,6.5,Meghalaya,Mizoram,Chirag Khurana,Kishan Lyngdoh,G Lalbiakvela,1,0,,,,,,,,,
1280216,2021/22,2021-11-04,"ACA Stadium,Mangalagiri",2,6.6,Meghalaya,Mizoram,Kishan Lyngdoh,Chirag Khurana,G Lalbiakvela,2,0,,,,,,,,,
1280216,2021/22,2021-11-04,"ACA Stadium,Mangalagiri",2,7.1,Meghalaya,Mizoram,Chirag Khurana,Kishan Lyngdoh,Remruatdika Ralte,1,0,,,,,,,,,
1280216,2021/22,2021-11-04,"ACA Stadium,Mangalagiri",2,7.2,Meghalaya,Mizoram,Kishan Lyngdoh,Chirag Khurana,Remruatdika Ralte,1,0,,,,,,,,,
1280216,2021/22,2021-11-04,"ACA Stadium,Mangalagiri",2,7.3,Meghalaya,Mizoram,Chirag Khurana,Kishan Lyngdoh,Remruatdika Ralte,4,0,,,,,,,,,
1280216,2021/22,2021-11-04,"ACA Stadium,Mangalagiri",2,7.4,Meghalaya,Mizoram,Chirag Khurana,Kishan Lyngdoh,Remruatdika Ralte,1,0,,,,,,,,,
1280216,2021/22,2021-11-04,"ACA Stadium,Mangalagiri",2,7.5,Meghalaya,Mizoram,Kishan Lyngdoh,Chirag Khurana,Remruatdika Ralte,0,0,,,,,,,,,
1280216,2021/22,2021-11-04,"ACA Stadium,Mangalagiri",2,7.6,Meghalaya,Mizoram,Kishan Lyngdoh,Chirag Khurana,Remruatdika Ralte,0,0,,,,,,,,,
1280216,2021/22,2021-11-04,"ACA Stadium,Mangalagiri",2,8.1,Meghalaya,Mizoram,Chirag Khurana,Kishan Lyngdoh,G Lalbiakvela,0,0,,,,,,,,,
1280216,2021/22,2021-11-04,"ACA Stadium,Mangalagiri",2,8.2,Meghalaya,Mizoram,Chirag Khurana,Kishan Lyngdoh,G Lalbiakvela,4,0,,,,,,,,,
1280216,2021/22,2021-11-04,"ACA Stadium,Mangalagiri",2,8.3,Meghalaya,Mizoram,Chirag Khurana,Kishan Lyngdoh,G Lalbiakvela,2,0,,,,,,,,,
1280216,2021/22,2021-11-04,"ACA Stadium,Mangalagiri",2,8.4,Meghalaya,Mizoram,Chirag Khurana,Kishan Lyngdoh,G Lalbiakvela,0,0,,,,,,,,,
1280216,2021/22,2021-11-04,"ACA Stadium,Mangalagiri",2,8.5,Meghalaya,Mizoram,Chirag Khurana,Kishan Lyngdoh,G Lalbiakvela,1,0,,,,,,,,,
1280216,2021/22,2021-11-04,"ACA Stadium,Mangalagiri",2,8.6,Meghalaya,Mizoram,Kishan Lyngdoh,Chirag Khurana,G Lalbiakvela,1,0,,,,,,,,,
1280216,2021/22,2021-11-04,"ACA Stadium,Mangalagiri",2,9.1,Meghalaya,Mizoram,Kishan Lyngdoh,Chirag Khurana,Remruatdika Ralte,0,0,,,,,,,,,
1280216,2021/22,2021-11-04,"ACA Stadium,Mangalagiri",2,9.2,Meghalaya,Mizoram,Kishan Lyngdoh,Chirag Khurana,Remruatdika Ralte,4,0,,,,,,,,,
1280216,2021/22,2021-11-04,"ACA Stadium,Mangalagiri",2,9.3,Meghalaya,Mizoram,Kishan Lyngdoh,Chirag Khurana,Remruatdika Ralte,1,0,,,,,,,,,
1280216,2021/22,2021-11-04,"ACA Stadium,Mangalagiri",2,9.4,Meghalaya,Mizoram,Chirag Khurana,Kishan Lyngdoh,Remruatdika Ralte,1,0,,,,,,,,,
1280216,2021/22,2021-11-04,"ACA Stadium,Mangalagiri",2,9.5,Meghalaya,Mizoram,Kishan Lyngdoh,Chirag Khurana,Remruatdika Ralte,0,0,,,,,,,,,
1280216,2021/22,2021-11-04,"ACA Stadium,Mangalagiri",2,9.6,Meghalaya,Mizoram,Kishan Lyngdoh,Chirag Khurana,Remruatdika Ralte,1,0,,,,,,,,,
1280216,2021/22,2021-11-04,"ACA Stadium,Mangalagiri",2,10.1,Meghalaya,Mizoram,Kishan Lyngdoh,Chirag Khurana,Iqbal Abdulla,2,0,,,,,,,,,
1280216,2021/22,2021-11-04,"ACA Stadium,Mangalagiri",2,10.2,Meghalaya,Mizoram,Kishan Lyngdoh,Chirag Khurana,Iqbal Abdulla,0,0,,,,,,,,,
1280216,2021/22,2021-11-04,"ACA Stadium,Mangalagiri",2,10.3,Meghalaya,Mizoram,Kishan Lyngdoh,Chirag Khurana,Iqbal Abdulla,4,0,,,,,,,,,
1280216,2021/22,2021-11-04,"ACA Stadium,Mangalagiri",2,10.4,Meghalaya,Mizoram,Kishan Lyngdoh,Chirag Khurana,Iqbal Abdulla,1,0,,,,,,,,,
1280216,2021/22,2021-11-04,"ACA Stadium,Mangalagiri",2,10.5,Meghalaya,Mizoram,Chirag Khurana,Kishan Lyngdoh,Iqbal Abdulla,0,0,,,,,,,,,
1280216,2021/22,2021-11-04,"ACA Stadium,Mangalagiri",2,10.6,Meghalaya,Mizoram,Chirag Khurana,Kishan Lyngdoh,Iqbal Abdulla,0,0,,,,,,,,,
1280216,2021/22,2021-11-04,"ACA Stadium,Mangalagiri",2,11.1,Meghalaya,Mizoram,Kishan Lyngdoh,Chirag Khurana,Bobby Zothansanga,0,0,,,,,,lbw,Kishan Lyngdoh,,
1280216,2021/22,2021-11-04,"ACA Stadium,Mangalagiri",2,11.2,Meghalaya,Mizoram,Rohit Shah,Chirag Khurana,Bobby Zothansanga,1,0,,,,,,,,,
1280216,2021/22,2021-11-04,"ACA Stadium,Mangalagiri",2,11.3,Meghalaya,Mizoram,Chirag Khurana,Rohit Shah,Bobby Zothansanga,4,0,,,,,,,,,
1280216,2021/22,2021-11-04,"ACA Stadium,Mangalagiri",2,11.4,Meghalaya,Mizoram,Chirag Khurana,Rohit Shah,Bobby Zothansanga,2,0,,,,,,,,,
1280216,2021/22,2021-11-04,"ACA Stadium,Mangalagiri",2,11.5,Meghalaya,Mizoram,Chirag Khurana,Rohit Shah,Bobby Zothansanga,1,0,,,,,,,,,
1280216,2021/22,2021-11-04,"ACA Stadium,Mangalagiri",2,11.6,Meghalaya,Mizoram,Rohit Shah,Chirag Khurana,Bobby Zothansanga,1,0,,,,,,,,,
1280216,2021/22,2021-11-04,"ACA Stadium,Mangalagiri",2,12.1,Meghalaya,Mizoram,Rohit Shah,Chirag Khurana,Joseph Lalthankhuma,0,0,,,,,,,,,
1280216,2021/22,2021-11-04,"ACA Stadium,Mangalagiri",2,12.2,Meghalaya,Mizoram,Rohit Shah,Chirag Khurana,Joseph Lalthankhuma,1,0,,,,,,,,,
1280216,2021/22,2021-11-04,"ACA Stadium,Mangalagiri",2,12.3,Meghalaya,Mizoram,Chirag Khurana,Rohit Shah,Joseph Lalthankhuma,0,0,,,,,,,,,
1280216,2021/22,2021-11-04,"ACA Stadium,Mangalagiri",2,12.4,Meghalaya,Mizoram,Chirag Khurana,Rohit Shah,Joseph Lalthankhuma,4,0,,,,,,,,,
1280216,2021/22,2021-11-04,"ACA Stadium,Mangalagiri",2,12.5,Meghalaya,Mizoram,Chirag Khurana,Rohit Shah,Joseph Lalthankhuma,1,0,,,,,,,,,
1280216,2021/22,2021-11-04,"ACA Stadium,Mangalagiri",2,12.6,Meghalaya,Mizoram,Rohit Shah,Chirag Khurana,Joseph Lalthankhuma,1,0,,,,,,,,,
1280216,2021/22,2021-11-04,"ACA Stadium,Mangalagiri",2,13.1,Meghalaya,Mizoram,Rohit Shah,Chirag Khurana,Bobby Zothansanga,1,0,,,,,,,,,
1280216,2021/22,2021-11-04,"ACA Stadium,Mangalagiri",2,13.2,Meghalaya,Mizoram,Chirag Khurana,Rohit Shah,Bobby Zothansanga,3,0,,,,,,,,,
1280216,2021/22,2021-11-04,"ACA Stadium,Mangalagiri",2,13.3,Meghalaya,Mizoram,Rohit Shah,Chirag Khurana,Bobby Zothansanga,0,0,,,,,,,,,
1280216,2021/22,2021-11-04,"ACA Stadium,Mangalagiri",2,13.4,Meghalaya,Mizoram,Rohit Shah,Chirag Khurana,Bobby Zothansanga,1,0,,,,,,,,,
1280216,2021/22,2021-11-04,"ACA Stadium,Mangalagiri",2,13.5,Meghalaya,Mizoram,Chirag Khurana,Rohit Shah,Bobby Zothansanga,1,0,,,,,,,,,
1280216,2021/22,2021-11-04,"ACA Stadium,Mangalagiri",2,13.6,Meghalaya,Mizoram,Rohit Shah,Chirag Khurana,Bobby Zothansanga,1,0,,,,,,,,,
1280216,2021/22,2021-11-04,"ACA Stadium,Mangalagiri",2,14.1,Meghalaya,Mizoram,Rohit Shah,Chirag Khurana,Lalhmangaiha,4,0,,,,,,,,,
