match_id,season,start_date,venue,innings,ball,batting_team,bowling_team,striker,non_striker,bowler,runs_off_bat,extras,wides,noballs,byes,legbyes,penalty,wicket_type,player_dismissed,other_wicket_type,other_player_dismissed
1280250,2021/22,2021-11-06,Gurugram Cricket Ground (SRNCC),1,0.1,Saurashtra,Uttarakhand,Himalaya Barad,Vishvaraj Jadeja,Akash Madhwal,0,1,,,1,,,,,,
1280250,2021/22,2021-11-06,Gurugram Cricket Ground (SRNCC),1,0.2,Saurashtra,Uttarakhand,Vishvaraj Jadeja,Himalaya Barad,Akash Madhwal,0,0,,,,,,,,,
1280250,2021/22,2021-11-06,Gurugram Cricket Ground (SRNCC),1,0.3,Saurashtra,Uttarakhand,Vishvaraj Jadeja,Himalaya Barad,Akash Madhwal,0,0,,,,,,,,,
1280250,2021/22,2021-11-06,Gurugram Cricket Ground (SRNCC),1,0.4,Saurashtra,Uttarakhand,Vishvaraj Jadeja,Himalaya Barad,Akash Madhwal,0,0,,,,,,,,,
1280250,2021/22,2021-11-06,Gurugram Cricket Ground (SRNCC),1,0.5,Saurashtra,Uttarakhand,Vishvaraj Jadeja,Himalaya Barad,Akash Madhwal,0,0,,,,,,,,,
1280250,2021/22,2021-11-06,Gurugram Cricket Ground (SRNCC),1,0.6,Saurashtra,Uttarakhand,Vishvaraj Jadeja,Himalaya Barad,Akash Madhwal,0,0,,,,,,,,,
1280250,2021/22,2021-11-06,Gurugram Cricket Ground (SRNCC),1,1.1,Saurashtra,Uttarakhand,Himalaya Barad,Vishvaraj Jadeja,Nikhil Kohli,0,0,,,,,,,,,
1280250,2021/22,2021-11-06,Gurugram Cricket Ground (SRNCC),1,1.2,Saurashtra,Uttarakhand,Himalaya Barad,Vishvaraj Jadeja,Nikhil Kohli,4,0,,,,,,,,,
1280250,2021/22,2021-11-06,Gurugram Cricket Ground (SRNCC),1,1.3,Saurashtra,Uttarakhand,Himalaya Barad,Vishvaraj Jadeja,Nikhil Kohli,0,0,,,,,,,,,
1280250,2021/22,2021-11-06,Gurugram Cricket Ground (SRNCC),1,1.4,Saurashtra,Uttarakhand,Himalaya Barad,Vishvaraj Jadeja,Nikhil Kohli,4,0,,,,,,,,,
1280250,2021/22,2021-11-06,Gurugram Cricket Ground (SRNCC),1,1.5,Saurashtra,Uttarakhand,Himalaya Barad,Vishvaraj Jadeja,Nikhil Kohli,0,0,,,,,,,,,
1280250,2021/22,2021-11-06,Gurugram Cricket Ground (SRNCC),1,1.6,Saurashtra,Uttarakhand,Himalaya Barad,Vishvaraj Jadeja,Nikhil Kohli,0,0,,,,,,,,,
1280250,2021/22,2021-11-06,Gurugram Cricket Ground (SRNCC),1,2.1,Saurashtra,Uttarakhand,Vishvaraj Jadeja,Himalaya Barad,Akash Madhwal,0,0,,,,,,,,,
1280250,2021/22,2021-11-06,Gurugram Cricket Ground (SRNCC),1,2.2,Saurashtra,Uttarakhand,Vishvaraj Jadeja,Himalaya Barad,Akash Madhwal,0,0,,,,,,,,,
1280250,2021/22,2021-11-06,Gurugram Cricket Ground (SRNCC),1,2.3,Saurashtra,Uttarakhand,Vishvaraj Jadeja,Himalaya Barad,Akash Madhwal,0,0,,,,,,,,,
1280250,2021/22,2021-11-06,Gurugram Cricket Ground (SRNCC),1,2.4,Saurashtra,Uttarakhand,Vishvaraj Jadeja,Himalaya Barad,Akash Madhwal,4,0,,,,,,,,,
1280250,2021/22,2021-11-06,Gurugram Cricket Ground (SRNCC),1,2.5,Saurashtra,Uttarakhand,Vishvaraj Jadeja,Himalaya Barad,Akash Madhwal,1,0,,,,,,,,,
1280250,2021/22,2021-11-06,Gurugram Cricket Ground (SRNCC),1,2.6,Saurashtra,Uttarakhand,Himalaya Barad,Vishvaraj Jadeja,Akash Madhwal,0,0,,,,,,,,,
1280250,2021/22,2021-11-06,Gurugram Cricket Ground (SRNCC),1,3.1,Saurashtra,Uttarakhand,Vishvaraj Jadeja,Himalaya Barad,Nikhil Kohli,1,0,,,,,,,,,
1280250,2021/22,2021-11-06,Gurugram Cricket Ground (SRNCC),1,3.2,Saurashtra,Uttarakhand,Himalaya Barad,Vishvaraj Jadeja,Nikhil Kohli,4,0,,,,,,,,,
1280250,2021/22,2021-11-06,Gurugram Cricket Ground (SRNCC),1,3.3,Saurashtra,Uttarakhand,Himalaya Barad,Vishvaraj Jadeja,Nikhil Kohli,0,0,,,,,,,,,
1280250,2021/22,2021-11-06,Gurugram Cricket Ground (SRNCC),1,3.4,Saurashtra,Uttarakhand,Himalaya Barad,Vishvaraj Jadeja,Nikhil Kohli,4,0,,,,,,,,,
1280250,2021/22,2021-11-06,Gurugram Cricket Ground (SRNCC),1,3.5,Saurashtra,Uttarakhand,Himalaya Barad,Vishvaraj Jadeja,Nikhil Kohli,0,0,,,,,,,,,
1280250,2021/22,2021-11-06,Gurugram Cricket Ground (SRNCC),1,3.6,Saurashtra,Uttarakhand,Himalaya Barad,Vishvaraj Jadeja,Nikhil Kohli,0,0,,,,,,,,,
1280250,2021/22,2021-11-06,Gurugram Cricket Ground (SRNCC),1,4.1,Saurashtra,Uttarakhand,Vishvaraj Jadeja,Himalaya Barad,Swapnil Singh,0,0,,,,,,bowled,Vishvaraj Jadeja,,
1280250,2021/22,2021-11-06,Gurugram Cricket Ground (SRNCC),1,4.2,Saurashtra,Uttarakhand,SP Jackson,Himalaya Barad,Swapnil Singh,0,0,,,,,,,,,
1280250,2021/22,2021-11-06,Gurugram Cricket Ground (SRNCC),1,4.3,Saurashtra,Uttarakhand,SP Jackson,Himalaya Barad,Swapnil Singh,0,0,,,,,,,,,
1280250,2021/22,2021-11-06,Gurugram Cricket Ground (SRNCC),1,4.4,Saurashtra,Uttarakhand,SP Jackson,Himalaya Barad,Swapnil Singh,4,0,,,,,,,,,
1280250,2021/22,2021-11-06,Gurugram Cricket Ground (SRNCC),1,4.5,Saurashtra,Uttarakhand,SP Jackson,Himalaya Barad,Swapnil Singh,0,0,,,,,,,,,
1280250,2021/22,2021-11-06,Gurugram Cricket Ground (SRNCC),1,4.6,Saurashtra,Uttarakhand,SP Jackson,Himalaya Barad,Swapnil Singh,4,0,,,,,,,,,
1280250,2021/22,2021-11-06,Gurugram Cricket Ground (SRNCC),1,5.1,Saurashtra,Uttarakhand,Himalaya Barad,SP Jackson,Mayank Mishra,1,0,,,,,,,,,
1280250,2021/22,2021-11-06,Gurugram Cricket Ground (SRNCC),1,5.2,Saurashtra,Uttarakhand,SP Jackson,Himalaya Barad,Mayank Mishra,0,0,,,,,,,,,
1280250,2021/22,2021-11-06,Gurugram Cricket Ground (SRNCC),1,5.3,Saurashtra,Uttarakhand,SP Jackson,Himalaya Barad,Mayank Mishra,1,0,,,,,,,,,
1280250,2021/22,2021-11-06,Gurugram Cricket Ground (SRNCC),1,5.4,Saurashtra,Uttarakhand,Himalaya Barad,SP Jackson,Mayank Mishra,1,0,,,,,,,,,
1280250,2021/22,2021-11-06,Gurugram Cricket Ground (SRNCC),1,5.5,Saurashtra,Uttarakhand,SP Jackson,Himalaya Barad,Mayank Mishra,1,0,,,,,,,,,
1280250,2021/22,2021-11-06,Gurugram Cricket Ground (SRNCC),1,5.6,Saurashtra,Uttarakhand,Himalaya Barad,SP Jackson,Mayank Mishra,0,0,,,,,,,,,
1280250,2021/22,2021-11-06,Gurugram Cricket Ground (SRNCC),1,6.1,Saurashtra,Uttarakhand,SP Jackson,Himalaya Barad,Swapnil Singh,1,0,,,,,,,,,
1280250,2021/22,2021-11-06,Gurugram Cricket Ground (SRNCC),1,6.2,Saurashtra,Uttarakhand,Himalaya Barad,SP Jackson,Swapnil Singh,2,0,,,,,,,,,
1280250,2021/22,2021-11-06,Gurugram Cricket Ground (SRNCC),1,6.3,Saurashtra,Uttarakhand,Himalaya Barad,SP Jackson,Swapnil Singh,0,1,,,,1,,,,,
1280250,2021/22,2021-11-06,Gurugram Cricket Ground (SRNCC),1,6.4,Saurashtra,Uttarakhand,SP Jackson,Himalaya Barad,Swapnil Singh,1,0,,,,,,,,,
1280250,2021/22,2021-11-06,Gurugram Cricket Ground (SRNCC),1,6.5,Saurashtra,Uttarakhand,Himalaya Barad,SP Jackson,Swapnil Singh,0,0,,,,,,,,,
1280250,2021/22,2021-11-06,Gurugram Cricket Ground (SRNCC),1,6.6,Saurashtra,Uttarakhand,Himalaya Barad,SP Jackson,Swapnil Singh,0,0,,,,,,,,,
1280250,2021/22,2021-11-06,Gurugram Cricket Ground (SRNCC),1,7.1,Saurashtra,Uttarakhand,SP Jackson,Himalaya Barad,Mayank Mishra,1,0,,,,,,,,,
1280250,2021/22,2021-11-06,Gurugram Cricket Ground (SRNCC),1,7.2,Saurashtra,Uttarakhand,Himalaya Barad,SP Jackson,Mayank Mishra,0,0,,,,,,,,,
1280250,2021/22,2021-11-06,Gurugram Cricket Ground (SRNCC),1,7.3,Saurashtra,Uttarakhand,Himalaya Barad,SP Jackson,Mayank Mishra,1,0,,,,,,,,,
1280250,2021/22,2021-11-06,Gurugram Cricket Ground (SRNCC),1,7.4,Saurashtra,Uttarakhand,SP Jackson,Himalaya Barad,Mayank Mishra,1,0,,,,,,,,,
1280250,2021/22,2021-11-06,Gurugram Cricket Ground (SRNCC),1,7.5,Saurashtra,Uttarakhand,Himalaya Barad,SP Jackson,Mayank Mishra,1,0,,,,,,,,,
1280250,2021/22,2021-11-06,Gurugram Cricket Ground (SRNCC),1,7.6,Saurashtra,Uttarakhand,SP Jackson,Himalaya Barad,Mayank Mishra,1,0,,,,,,,,,
1280250,2021/22,2021-11-06,Gurugram Cricket Ground (SRNCC),1,8.1,Saurashtra,Uttarakhand,SP Jackson,Himalaya Barad,Dikshanshu Negi,0,0,,,,,,,,,
1280250,2021/22,2021-11-06,Gurugram Cricket Ground (SRNCC),1,8.2,Saurashtra,Uttarakhand,SP Jackson,Himalaya Barad,Dikshanshu Negi,4,0,,,,,,,,,
1280250,2021/22,2021-11-06,Gurugram Cricket Ground (SRNCC),1,8.3,Saurashtra,Uttarakhand,SP Jackson,Himalaya Barad,Dikshanshu Negi,0,0,,,,,,,,,
1280250,2021/22,2021-11-06,Gurugram Cricket Ground (SRNCC),1,8.4,Saurashtra,Uttarakhand,SP Jackson,Himalaya Barad,Dikshanshu Negi,0,0,,,,,,,,,
1280250,2021/22,2021-11-06,Gurugram Cricket Ground (SRNCC),1,8.5,Saurashtra,Uttarakhand,SP Jackson,Himalaya Barad,Dikshanshu Negi,0,0,,,,,,,,,
1280250,2021/22,2021-11-06,Gurugram Cricket Ground (SRNCC),1,8.6,Saurashtra,Uttarakhand,SP Jackson,Himalaya Barad,Dikshanshu Negi,4,0,,,,,,,,,
1280250,2021/22,2021-11-06,Gurugram Cricket Ground (SRNCC),1,9.1,Saurashtra,Uttarakhand,Himalaya Barad,SP Jackson,Agrim Tiwari,2,0,,,,,,,,,
1280250,2021/22,2021-11-06,Gurugram Cricket Ground (SRNCC),1,9.2,Saurashtra,Uttarakhand,Himalaya Barad,SP Jackson,Agrim Tiwari,1,0,,,,,,,,,
1280250,2021/22,2021-11-06,Gurugram Cricket Ground (SRNCC),1,9.3,Saurashtra,Uttarakhand,SP Jackson,Himalaya Barad,Agrim Tiwari,1,0,,,,,,,,,
1280250,2021/22,2021-11-06,Gurugram Cricket Ground (SRNCC),1,9.4,Saurashtra,Uttarakhand,Himalaya Barad,SP Jackson,Agrim Tiwari,0,0,,,,,,,,,
1280250,2021/22,2021-11-06,Gurugram Cricket Ground (SRNCC),1,9.5,Saurashtra,Uttarakhand,Himalaya Barad,SP Jackson,Agrim Tiwari,0,0,,,,,,caught,Himalaya Barad,,
1280250,2021/22,2021-11-06,Gurugram Cricket Ground (SRNCC),1,9.6,Saurashtra,Uttarakhand,SP Jackson,PN Mankad,Agrim Tiwari,1,0,,,,,,,,,
1280250,2021/22,2021-11-06,Gurugram Cricket Ground (SRNCC),1,10.1,Saurashtra,Uttarakhand,SP Jackson,PN Mankad,Mayank Mishra,0,0,,,,,,,,,
1280250,2021/22,2021-11-06,Gurugram Cricket Ground (SRNCC),1,10.2,Saurashtra,Uttarakhand,SP Jackson,PN Mankad,Mayank Mishra,1,0,,,,,,,,,
1280250,2021/22,2021-11-06,Gurugram Cricket Ground (SRNCC),1,10.3,Saurashtra,Uttarakhand,PN Mankad,SP Jackson,Mayank Mishra,0,0,,,,,,,,,
1280250,2021/22,2021-11-06,Gurugram Cricket Ground (SRNCC),1,10.4,Saurashtra,Uttarakhand,PN Mankad,SP Jackson,Mayank Mishra,2,0,,,,,,,,,
1280250,2021/22,2021-11-06,Gurugram Cricket Ground (SRNCC),1,10.5,Saurashtra,Uttarakhand,PN Mankad,SP Jackson,Mayank Mishra,4,0,,,,,,,,,
1280250,2021/22,2021-11-06,Gurugram Cricket Ground (SRNCC),1,10.6,Saurashtra,Uttarakhand,PN Mankad,SP Jackson,Mayank Mishra,1,0,,,,,,,,,
1280250,2021/22,2021-11-06,Gurugram Cricket Ground (SRNCC),1,11.1,Saurashtra,Uttarakhand,PN Mankad,SP Jackson,Agrim Tiwari,4,0,,,,,,,,,
1280250,2021/22,2021-11-06,Gurugram Cricket Ground (SRNCC),1,11.2,Saurashtra,Uttarakhand,PN Mankad,SP Jackson,Agrim Tiwari,1,0,,,,,,,,,
1280250,2021/22,2021-11-06,Gurugram Cricket Ground (SRNCC),1,11.3,Saurashtra,Uttarakhand,SP Jackson,PN Mankad,Agrim Tiwari,1,0,,,,,,,,,
1280250,2021/22,2021-11-06,Gurugram Cricket Ground (SRNCC),1,11.4,Saurashtra,Uttarakhand,PN Mankad,SP Jackson,Agrim Tiwari,4,0,,,,,,,,,
1280250,2021/22,2021-11-06,Gurugram Cricket Ground (SRNCC),1,11.5,Saurashtra,Uttarakhand,PN Mankad,SP Jackson,Agrim Tiwari,4,0,,,,,,,,,
1280250,2021/22,2021-11-06,Gurugram Cricket Ground (SRNCC),1,11.6,Saurashtra,Uttarakhand,PN Mankad,SP Jackson,Agrim Tiwari,1,0,,,,,,,,,
1280250,2021/22,2021-11-06,Gurugram Cricket Ground (SRNCC),1,12.1,Saurashtra,Uttarakhand,PN Mankad,SP Jackson,Mayank Mishra,0,0,,,,,,,,,
1280250,2021/22,2021-11-06,Gurugram Cricket Ground (SRNCC),1,12.2,Saurashtra,Uttarakhand,PN Mankad,SP Jackson,Mayank Mishra,0,0,,,,,,,,,
1280250,2021/22,2021-11-06,Gurugram Cricket Ground (SRNCC),1,12.3,Saurashtra,Uttarakhand,PN Mankad,SP Jackson,Mayank Mishra,0,0,,,,,,,,,
1280250,2021/22,2021-11-06,Gurugram Cricket Ground (SRNCC),1,12.4,Saurashtra,Uttarakhand,PN Mankad,SP Jackson,Mayank Mishra,1,0,,,,,,,,,
1280250,2021/22,2021-11-06,Gurugram Cricket Ground (SRNCC),1,12.5,Saurashtra,Uttarakhand,SP Jackson,PN Mankad,Mayank Mishra,1,0,,,,,,,,,
1280250,2021/22,2021-11-06,Gurugram Cricket Ground (SRNCC),1,12.6,Saurashtra,Uttarakhand,PN Mankad,SP Jackson,Mayank Mishra,1,0,,,,,,,,,
1280250,2021/22,2021-11-06,Gurugram Cricket Ground (SRNCC),1,13.1,Saurashtra,Uttarakhand,PN Mankad,SP Jackson,Swapnil Singh,0,0,,,,,,,,,
1280250,2021/22,2021-11-06,Gurugram Cricket Ground (SRNCC),1,13.2,Saurashtra,Uttarakhand,PN Mankad,SP Jackson,Swapnil Singh,1,0,,,,,,,,,
1280250,2021/22,2021-11-06,Gurugram Cricket Ground (SRNCC),1,13.3,Saurashtra,Uttarakhand,SP Jackson,PN Mankad,Swapnil Singh,1,0,,,,,,,,,
1280250,2021/22,2021-11-06,Gurugram Cricket Ground (SRNCC),1,13.4,Saurashtra,Uttarakhand,PN Mankad,SP Jackson,Swapnil Singh,1,0,,,,,,,,,
1280250,2021/22,2021-11-06,Gurugram Cricket Ground (SRNCC),1,13.5,Saurashtra,Uttarakhand,SP Jackson,PN Mankad,Swapnil Singh,0,0,,,,,,,,,
1280250,2021/22,2021-11-06,Gurugram Cricket Ground (SRNCC),1,13.6,Saurashtra,Uttarakhand,SP Jackson,PN Mankad,Swapnil Singh,1,0,,,,,,,,,
1280250,2021/22,2021-11-06,Gurugram Cricket Ground (SRNCC),1,14.1,Saurashtra,Uttarakhand,SP Jackson,PN Mankad,Dikshanshu Negi,0,0,,,,,,,,,
1280250,2021/22,2021-11-06,Gurugram Cricket Ground (SRNCC),1,14.2,Saurashtra,Uttarakhand,SP Jackson,PN Mankad,Dikshanshu Negi,0,0,,,,,,,,,
1280250,2021/22,2021-11-06,Gurugram Cricket Ground (SRNCC),1,14.3,Saurashtra,Uttarakhand,SP Jackson,PN Mankad,Dikshanshu Negi,0,0,,,,,,,,,
1280250,2021/22,2021-11-06,Gurugram Cricket Ground (SRNCC),1,14.4,Saurashtra,Uttarakhand,SP Jackson,PN Mankad,Dikshanshu Negi,0,0,,,,,,,,,
1280250,2021/22,2021-11-06,Gurugram Cricket Ground (SRNCC),1,14.5,Saurashtra,Uttarakhand,SP Jackson,PN Mankad,Dikshanshu Negi,0,0,,,,,,,,,
1280250,2021/22,2021-11-06,Gurugram Cricket Ground (SRNCC),1,14.6,Saurashtra,Uttarakhand,SP Jackson,PN Mankad,Dikshanshu Negi,1,0,,,,,,,,,
1280250,2021/22,2021-11-06,Gurugram Cricket Ground (SRNCC),1,15.1,Saurashtra,Uttarakhand,SP Jackson,PN Mankad,Swapnil Singh,0,1,1,,,,,,,,
1280250,2021/22,2021-11-06,Gurugram Cricket Ground (SRNCC),1,15.2,Saurashtra,Uttarakhand,SP Jackson,PN Mankad,Swapnil Singh,6,0,,,,,,,,,
1280250,2021/22,2021-11-06,Gurugram Cricket Ground (SRNCC),1,15.3,Saurashtra,Uttarakhand,SP Jackson,PN Mankad,Swapnil Singh,6,0,,,,,,,,,
1280250,2021/22,2021-11-06,Gurugram Cricket Ground (SRNCC),1,15.4,Saurashtra,Uttarakhand,SP Jackson,PN Mankad,Swapnil Singh,1,0,,,,,,,,,
1280250,2021/22,2021-11-06,Gurugram Cricket Ground (SRNCC),1,15.5,Saurashtra,Uttarakhand,PN Mankad,SP Jackson,Swapnil Singh,1,0,,,,,,,,,
1280250,2021/22,2021-11-06,Gurugram Cricket Ground (SRNCC),1,15.6,Saurashtra,Uttarakhand,SP Jackson,PN Mankad,Swapnil Singh,6,0,,,,,,,,,
1280250,2021/22,2021-11-06,Gurugram Cricket Ground (SRNCC),1,15.7,Saurashtra,Uttarakhand,SP Jackson,PN Mankad,Swapnil Singh,1,0,,,,,,,,,
1280250,2021/22,2021-11-06,Gurugram Cricket Ground (SRNCC),1,16.1,Saurashtra,Uttarakhand,SP Jackson,PN Mankad,Akash Madhwal,4,0,,,,,,,,,
1280250,2021/22,2021-11-06,Gurugram Cricket Ground (SRNCC),1,16.2,Saurashtra,Uttarakhand,SP Jackson,PN Mankad,Akash Madhwal,0,1,,1,,,,,,,
1280250,2021/22,2021-11-06,Gurugram Cricket Ground (SRNCC),1,16.3,Saurashtra,Uttarakhand,SP Jackson,PN Mankad,Akash Madhwal,2,0,,,,,,,,,
1280250,2021/22,2021-11-06,Gurugram Cricket Ground (SRNCC),1,16.4,Saurashtra,Uttarakhand,SP Jackson,PN Mankad,Akash Madhwal,1,0,,,,,,,,,
1280250,2021/22,2021-11-06,Gurugram Cricket Ground (SRNCC),1,16.5,Saurashtra,Uttarakhand,PN Mankad,SP Jackson,Akash Madhwal,4,0,,,,,,,,,
1280250,2021/22,2021-11-06,Gurugram Cricket Ground (SRNCC),1,16.6,Saurashtra,Uttarakhand,PN Mankad,SP Jackson,Akash Madhwal,0,0,,,,,,,,,
1280250,2021/22,2021-11-06,Gurugram Cricket Ground (SRNCC),1,16.7,Saurashtra,Uttarakhand,PN Mankad,SP Jackson,Akash Madhwal,1,0,,,,,,,,,
1280250,2021/22,2021-11-06,Gurugram Cricket Ground (SRNCC),1,17.1,Saurashtra,Uttarakhand,PN Mankad,SP Jackson,Agrim Tiwari,1,0,,,,,,,,,
1280250,2021/22,2021-11-06,Gurugram Cricket Ground (SRNCC),1,17.2,Saurashtra,Uttarakhand,SP Jackson,PN Mankad,Agrim Tiwari,0,0,,,,,,,,,
1280250,2021/22,2021-11-06,Gurugram Cricket Ground (SRNCC),1,17.3,Saurashtra,Uttarakhand,SP Jackson,PN Mankad,Agrim Tiwari,1,0,,,,,,,,,
1280250,2021/22,2021-11-06,Gurugram Cricket Ground (SRNCC),1,17.4,Saurashtra,Uttarakhand,PN Mankad,SP Jackson,Agrim Tiwari,2,0,,,,,,,,,
1280250,2021/22,2021-11-06,Gurugram Cricket Ground (SRNCC),1,17.5,Saurashtra,Uttarakhand,PN Mankad,SP Jackson,Agrim Tiwari,1,0,,,,,,,,,
1280250,2021/22,2021-11-06,Gurugram Cricket Ground (SRNCC),1,17.6,Saurashtra,Uttarakhand,SP Jackson,PN Mankad,Agrim Tiwari,1,0,,,,,,,,,
1280250,2021/22,2021-11-06,Gurugram Cricket Ground (SRNCC),1,18.1,Saurashtra,Uttarakhand,SP Jackson,PN Mankad,Akash Madhwal,1,0,,,,,,,,,
1280250,2021/22,2021-11-06,Gurugram Cricket Ground (SRNCC),1,18.2,Saurashtra,Uttarakhand,PN Mankad,SP Jackson,Akash Madhwal,2,0,,,,,,,,,
1280250,2021/22,2021-11-06,Gurugram Cricket Ground (SRNCC),1,18.3,Saurashtra,Uttarakhand,PN Mankad,SP Jackson,Akash Madhwal,0,0,,,,,,,,,
1280250,2021/22,2021-11-06,Gurugram Cricket Ground (SRNCC),1,18.4,Saurashtra,Uttarakhand,PN Mankad,SP Jackson,Akash Madhwal,4,0,,,,,,,,,
1280250,2021/22,2021-11-06,Gurugram Cricket Ground (SRNCC),1,18.5,Saurashtra,Uttarakhand,PN Mankad,SP Jackson,Akash Madhwal,1,0,,,,,,,,,
1280250,2021/22,2021-11-06,Gurugram Cricket Ground (SRNCC),1,18.6,Saurashtra,Uttarakhand,SP Jackson,PN Mankad,Akash Madhwal,0,0,,,,,,,,,
1280250,2021/22,2021-11-06,Gurugram Cricket Ground (SRNCC),1,19.1,Saurashtra,Uttarakhand,PN Mankad,SP Jackson,Agrim Tiwari,4,0,,,,,,,,,
1280250,2021/22,2021-11-06,Gurugram Cricket Ground (SRNCC),1,19.2,Saurashtra,Uttarakhand,PN Mankad,SP Jackson,Agrim Tiwari,1,0,,,,,,,,,
1280250,2021/22,2021-11-06,Gurugram Cricket Ground (SRNCC),1,19.3,Saurashtra,Uttarakhand,SP Jackson,PN Mankad,Agrim Tiwari,0,1,,,,1,,,,,
1280250,2021/22,2021-11-06,Gurugram Cricket Ground (SRNCC),1,19.4,Saurashtra,Uttarakhand,PN Mankad,SP Jackson,Agrim Tiwari,0,0,,,,,,bowled,PN Mankad,,
1280250,2021/22,2021-11-06,Gurugram Cricket Ground (SRNCC),1,19.5,Saurashtra,Uttarakhand,JD Unadkat,SP Jackson,Agrim Tiwari,0,1,,,,1,,,,,
1280250,2021/22,2021-11-06,Gurugram Cricket Ground (SRNCC),1,19.6,Saurashtra,Uttarakhand,SP Jackson,JD Unadkat,Agrim Tiwari,1,0,,,,,,,,,
1280250,2021/22,2021-11-06,Gurugram Cricket Ground (SRNCC),2,0.1,Uttarakhand,Saurashtra,Avneesh Sudha,Jay Bista,JD Unadkat,0,0,,,,,,lbw,Avneesh Sudha,,
1280250,2021/22,2021-11-06,Gurugram Cricket Ground (SRNCC),2,0.2,Uttarakhand,Saurashtra,Kunal Chandela,Jay Bista,JD Unadkat,1,0,,,,,,,,,
1280250,2021/22,2021-11-06,Gurugram Cricket Ground (SRNCC),2,0.3,Uttarakhand,Saurashtra,Jay Bista,Kunal Chandela,JD Unadkat,0,0,,,,,,,,,
1280250,2021/22,2021-11-06,Gurugram Cricket Ground (SRNCC),2,0.4,Uttarakhand,Saurashtra,Jay Bista,Kunal Chandela,JD Unadkat,0,0,,,,,,,,,
1280250,2021/22,2021-11-06,Gurugram Cricket Ground (SRNCC),2,0.5,Uttarakhand,Saurashtra,Jay Bista,Kunal Chandela,JD Unadkat,1,0,,,,,,,,,
1280250,2021/22,2021-11-06,Gurugram Cricket Ground (SRNCC),2,0.6,Uttarakhand,Saurashtra,Kunal Chandela,Jay Bista,JD Unadkat,0,0,,,,,,,,,
1280250,2021/22,2021-11-06,Gurugram Cricket Ground (SRNCC),2,1.1,Uttarakhand,Saurashtra,Jay Bista,Kunal Chandela,C Sakariya,0,0,,,,,,,,,
1280250,2021/22,2021-11-06,Gurugram Cricket Ground (SRNCC),2,1.2,Uttarakhand,Saurashtra,Jay Bista,Kunal Chandela,C Sakariya,4,0,,,,,,,,,
1280250,2021/22,2021-11-06,Gurugram Cricket Ground (SRNCC),2,1.3,Uttarakhand,Saurashtra,Jay Bista,Kunal Chandela,C Sakariya,0,0,,,,,,,,,
1280250,2021/22,2021-11-06,Gurugram Cricket Ground (SRNCC),2,1.4,Uttarakhand,Saurashtra,Jay Bista,Kunal Chandela,C Sakariya,0,0,,,,,,,,,
1280250,2021/22,2021-11-06,Gurugram Cricket Ground (SRNCC),2,1.5,Uttarakhand,Saurashtra,Jay Bista,Kunal Chandela,C Sakariya,4,0,,,,,,,,,
1280250,2021/22,2021-11-06,Gurugram Cricket Ground (SRNCC),2,1.6,Uttarakhand,Saurashtra,Jay Bista,Kunal Chandela,C Sakariya,0,0,,,,,,,,,
1280250,2021/22,2021-11-06,Gurugram Cricket Ground (SRNCC),2,2.1,Uttarakhand,Saurashtra,Kunal Chandela,Jay Bista,Chirag Jani,0,0,,,,,,,,,
1280250,2021/22,2021-11-06,Gurugram Cricket Ground (SRNCC),2,2.2,Uttarakhand,Saurashtra,Kunal Chandela,Jay Bista,Chirag Jani,0,0,,,,,,,,,
1280250,2021/22,2021-11-06,Gurugram Cricket Ground (SRNCC),2,2.3,Uttarakhand,Saurashtra,Kunal Chandela,Jay Bista,Chirag Jani,1,0,,,,,,,,,
1280250,2021/22,2021-11-06,Gurugram Cricket Ground (SRNCC),2,2.4,Uttarakhand,Saurashtra,Jay Bista,Kunal Chandela,Chirag Jani,1,0,,,,,,,,,
1280250,2021/22,2021-11-06,Gurugram Cricket Ground (SRNCC),2,2.5,Uttarakhand,Saurashtra,Kunal Chandela,Jay Bista,Chirag Jani,1,0,,,,,,,,,
1280250,2021/22,2021-11-06,Gurugram Cricket Ground (SRNCC),2,2.6,Uttarakhand,Saurashtra,Jay Bista,Kunal Chandela,Chirag Jani,0,4,,,,4,,,,,
1280250,2021/22,2021-11-06,Gurugram Cricket Ground (SRNCC),2,3.1,Uttarakhand,Saurashtra,Kunal Chandela,Jay Bista,Dharmendrasinh Jadeja,0,0,,,,,,,,,
1280250,2021/22,2021-11-06,Gurugram Cricket Ground (SRNCC),2,3.2,Uttarakhand,Saurashtra,Kunal Chandela,Jay Bista,Dharmendrasinh Jadeja,0,0,,,,,,,,,
1280250,2021/22,2021-11-06,Gurugram Cricket Ground (SRNCC),2,3.3,Uttarakhand,Saurashtra,Kunal Chandela,Jay Bista,Dharmendrasinh Jadeja,1,0,,,,,,,,,
1280250,2021/22,2021-11-06,Gurugram Cricket Ground (SRNCC),2,3.4,Uttarakhand,Saurashtra,Jay Bista,Kunal Chandela,Dharmendrasinh Jadeja,1,0,,,,,,,,,
1280250,2021/22,2021-11-06,Gurugram Cricket Ground (SRNCC),2,3.5,Uttarakhand,Saurashtra,Kunal Chandela,Jay Bista,Dharmendrasinh Jadeja,1,0,,,,,,,,,
1280250,2021/22,2021-11-06,Gurugram Cricket Ground (SRNCC),2,3.6,Uttarakhand,Saurashtra,Jay Bista,Kunal Chandela,Dharmendrasinh Jadeja,0,0,,,,,,,,,
1280250,2021/22,2021-11-06,Gurugram Cricket Ground (SRNCC),2,4.1,Uttarakhand,Saurashtra,Kunal Chandela,Jay Bista,C Sakariya,4,0,,,,,,,,,
1280250,2021/22,2021-11-06,Gurugram Cricket Ground (SRNCC),2,4.2,Uttarakhand,Saurashtra,Kunal Chandela,Jay Bista,C Sakariya,0,0,,,,,,,,,
1280250,2021/22,2021-11-06,Gurugram Cricket Ground (SRNCC),2,4.3,Uttarakhand,Saurashtra,Kunal Chandela,Jay Bista,C Sakariya,0,0,,,,,,,,,
1280250,2021/22,2021-11-06,Gurugram Cricket Ground (SRNCC),2,4.4,Uttarakhand,Saurashtra,Kunal Chandela,Jay Bista,C Sakariya,1,0,,,,,,,,,
1280250,2021/22,2021-11-06,Gurugram Cricket Ground (SRNCC),2,4.5,Uttarakhand,Saurashtra,Jay Bista,Kunal Chandela,C Sakariya,1,0,,,,,,,,,
1280250,2021/22,2021-11-06,Gurugram Cricket Ground (SRNCC),2,4.6,Uttarakhand,Saurashtra,Kunal Chandela,Jay Bista,C Sakariya,1,0,,,,,,,,,
1280250,2021/22,2021-11-06,Gurugram Cricket Ground (SRNCC),2,5.1,Uttarakhand,Saurashtra,Kunal Chandela,Jay Bista,Parth Bhut,4,0,,,,,,,,,
1280250,2021/22,2021-11-06,Gurugram Cricket Ground (SRNCC),2,5.2,Uttarakhand,Saurashtra,Kunal Chandela,Jay Bista,Parth Bhut,0,0,,,,,,,,,
1280250,2021/22,2021-11-06,Gurugram Cricket Ground (SRNCC),2,5.3,Uttarakhand,Saurashtra,Kunal Chandela,Jay Bista,Parth Bhut,1,0,,,,,,,,,
1280250,2021/22,2021-11-06,Gurugram Cricket Ground (SRNCC),2,5.4,Uttarakhand,Saurashtra,Jay Bista,Kunal Chandela,Parth Bhut,6,0,,,,,,,,,
1280250,2021/22,2021-11-06,Gurugram Cricket Ground (SRNCC),2,5.5,Uttarakhand,Saurashtra,Jay Bista,Kunal Chandela,Parth Bhut,4,0,,,,,,,,,
1280250,2021/22,2021-11-06,Gurugram Cricket Ground (SRNCC),2,5.6,Uttarakhand,Saurashtra,Jay Bista,Kunal Chandela,Parth Bhut,0,0,,,,,,,,,
1280250,2021/22,2021-11-06,Gurugram Cricket Ground (SRNCC),2,6.1,Uttarakhand,Saurashtra,Kunal Chandela,Jay Bista,Chirag Jani,0,0,,,,,,,,,
1280250,2021/22,2021-11-06,Gurugram Cricket Ground (SRNCC),2,6.2,Uttarakhand,Saurashtra,Kunal Chandela,Jay Bista,Chirag Jani,0,0,,,,,,,,,
1280250,2021/22,2021-11-06,Gurugram Cricket Ground (SRNCC),2,6.3,Uttarakhand,Saurashtra,Kunal Chandela,Jay Bista,Chirag Jani,1,0,,,,,,,,,
1280250,2021/22,2021-11-06,Gurugram Cricket Ground (SRNCC),2,6.4,Uttarakhand,Saurashtra,Jay Bista,Kunal Chandela,Chirag Jani,1,0,,,,,,,,,
1280250,2021/22,2021-11-06,Gurugram Cricket Ground (SRNCC),2,6.5,Uttarakhand,Saurashtra,Kunal Chandela,Jay Bista,Chirag Jani,1,0,,,,,,,,,
1280250,2021/22,2021-11-06,Gurugram Cricket Ground (SRNCC),2,6.6,Uttarakhand,Saurashtra,Jay Bista,Kunal Chandela,Chirag Jani,0,0,,,,,,,,,
1280250,2021/22,2021-11-06,Gurugram Cricket Ground (SRNCC),2,7.1,Uttarakhand,Saurashtra,Kunal Chandela,Jay Bista,Dharmendrasinh Jadeja,1,0,,,,,,,,,
1280250,2021/22,2021-11-06,Gurugram Cricket Ground (SRNCC),2,7.2,Uttarakhand,Saurashtra,Jay Bista,Kunal Chandela,Dharmendrasinh Jadeja,0,0,,,,,,,,,
1280250,2021/22,2021-11-06,Gurugram Cricket Ground (SRNCC),2,7.3,Uttarakhand,Saurashtra,Jay Bista,Kunal Chandela,Dharmendrasinh Jadeja,1,0,,,,,,,,,
1280250,2021/22,2021-11-06,Gurugram Cricket Ground (SRNCC),2,7.4,Uttarakhand,Saurashtra,Kunal Chandela,Jay Bista,Dharmendrasinh Jadeja,4,0,,,,,,,,,
1280250,2021/22,2021-11-06,Gurugram Cricket Ground (SRNCC),2,7.5,Uttarakhand,Saurashtra,Kunal Chandela,Jay Bista,Dharmendrasinh Jadeja,2,0,,,,,,,,,
1280250,2021/22,2021-11-06,Gurugram Cricket Ground (SRNCC),2,7.6,Uttarakhand,Saurashtra,Kunal Chandela,Jay Bista,Dharmendrasinh Jadeja,0,0,,,,,,,,,
1280250,2021/22,2021-11-06,Gurugram Cricket Ground (SRNCC),2,8.1,Uttarakhand,Saurashtra,Jay Bista,Kunal Chandela,Parth Bhut,0,0,,,,,,stumped,Jay Bista,,
1280250,2021/22,2021-11-06,Gurugram Cricket Ground (SRNCC),2,8.2,Uttarakhand,Saurashtra,Robin Bist,Kunal Chandela,Parth Bhut,1,0,,,,,,,,,
1280250,2021/22,2021-11-06,Gurugram Cricket Ground (SRNCC),2,8.3,Uttarakhand,Saurashtra,Kunal Chandela,Robin Bist,Parth Bhut,0,0,,,,,,,,,
1280250,2021/22,2021-11-06,Gurugram Cricket Ground (SRNCC),2,8.4,Uttarakhand,Saurashtra,Kunal Chandela,Robin Bist,Parth Bhut,0,0,,,,,,,,,
1280250,2021/22,2021-11-06,Gurugram Cricket Ground (SRNCC),2,8.5,Uttarakhand,Saurashtra,Kunal Chandela,Robin Bist,Parth Bhut,0,0,,,,,,,,,
1280250,2021/22,2021-11-06,Gurugram Cricket Ground (SRNCC),2,8.6,Uttarakhand,Saurashtra,Kunal Chandela,Robin Bist,Parth Bhut,0,0,,,,,,,,,
1280250,2021/22,2021-11-06,Gurugram Cricket Ground (SRNCC),2,9.1,Uttarakhand,Saurashtra,Robin Bist,Kunal Chandela,JD Unadkat,0,0,,,,,,,,,
1280250,2021/22,2021-11-06,Gurugram Cricket Ground (SRNCC),2,9.2,Uttarakhand,Saurashtra,Robin Bist,Kunal Chandela,JD Unadkat,0,0,,,,,,,,,
1280250,2021/22,2021-11-06,Gurugram Cricket Ground (SRNCC),2,9.3,Uttarakhand,Saurashtra,Robin Bist,Kunal Chandela,JD Unadkat,1,0,,,,,,,,,
1280250,2021/22,2021-11-06,Gurugram Cricket Ground (SRNCC),2,9.4,Uttarakhand,Saurashtra,Kunal Chandela,Robin Bist,JD Unadkat,1,0,,,,,,,,,
1280250,2021/22,2021-11-06,Gurugram Cricket Ground (SRNCC),2,9.5,Uttarakhand,Saurashtra,Robin Bist,Kunal Chandela,JD Unadkat,2,0,,,,,,,,,
1280250,2021/22,2021-11-06,Gurugram Cricket Ground (SRNCC),2,9.6,Uttarakhand,Saurashtra,Robin Bist,Kunal Chandela,JD Unadkat,1,0,,,,,,,,,
1280250,2021/22,2021-11-06,Gurugram Cricket Ground (SRNCC),2,10.1,Uttarakhand,Saurashtra,Robin Bist,Kunal Chandela,Parth Bhut,4,0,,,,,,,,,
1280250,2021/22,2021-11-06,Gurugram Cricket Ground (SRNCC),2,10.2,Uttarakhand,Saurashtra,Robin Bist,Kunal Chandela,Parth Bhut,0,0,,,,,,,,,
1280250,2021/22,2021-11-06,Gurugram Cricket Ground (SRNCC),2,10.3,Uttarakhand,Saurashtra,Robin Bist,Kunal Chandela,Parth Bhut,2,0,,,,,,,,,
1280250,2021/22,2021-11-06,Gurugram Cricket Ground (SRNCC),2,10.4,Uttarakhand,Saurashtra,Robin Bist,Kunal Chandela,Parth Bhut,0,0,,,,,,,,,
1280250,2021/22,2021-11-06,Gurugram Cricket Ground (SRNCC),2,10.5,Uttarakhand,Saurashtra,Robin Bist,Kunal Chandela,Parth Bhut,1,0,,,,,,,,,
1280250,2021/22,2021-11-06,Gurugram Cricket Ground (SRNCC),2,10.6,Uttarakhand,Saurashtra,Kunal Chandela,Robin Bist,Parth Bhut,0,0,,,,,,,,,
1280250,2021/22,2021-11-06,Gurugram Cricket Ground (SRNCC),2,11.1,Uttarakhand,Saurashtra,Robin Bist,Kunal Chandela,Dharmendrasinh Jadeja,0,0,,,,,,,,,
1280250,2021/22,2021-11-06,Gurugram Cricket Ground (SRNCC),2,11.2,Uttarakhand,Saurashtra,Robin Bist,Kunal Chandela,Dharmendrasinh Jadeja,1,0,,,,,,,,,
1280250,2021/22,2021-11-06,Gurugram Cricket Ground (SRNCC),2,11.3,Uttarakhand,Saurashtra,Kunal Chandela,Robin Bist,Dharmendrasinh Jadeja,0,0,,,,,,bowled,Kunal Chandela,,
1280250,2021/22,2021-11-06,Gurugram Cricket Ground (SRNCC),2,11.4,Uttarakhand,Saurashtra,Dikshanshu Negi,Robin Bist,Dharmendrasinh Jadeja,0,0,,,,,,,,,
1280250,2021/22,2021-11-06,Gurugram Cricket Ground (SRNCC),2,11.5,Uttarakhand,Saurashtra,Dikshanshu Negi,Robin Bist,Dharmendrasinh Jadeja,1,0,,,,,,,,,
1280250,2021/22,2021-11-06,Gurugram Cricket Ground (SRNCC),2,11.6,Uttarakhand,Saurashtra,Robin Bist,Dikshanshu Negi,Dharmendrasinh Jadeja,1,0,,,,,,,,,
1280250,2021/22,2021-11-06,Gurugram Cricket Ground (SRNCC),2,12.1,Uttarakhand,Saurashtra,Robin Bist,Dikshanshu Negi,Parth Bhut,1,0,,,,,,,,,
1280250,2021/22,2021-11-06,Gurugram Cricket Ground (SRNCC),2,12.2,Uttarakhand,Saurashtra,Dikshanshu Negi,Robin Bist,Parth Bhut,0,0,,,,,,,,,
1280250,2021/22,2021-11-06,Gurugram Cricket Ground (SRNCC),2,12.3,Uttarakhand,Saurashtra,Dikshanshu Negi,Robin Bist,Parth Bhut,0,0,,,,,,,,,
1280250,2021/22,2021-11-06,Gurugram Cricket Ground (SRNCC),2,12.4,Uttarakhand,Saurashtra,Dikshanshu Negi,Robin Bist,Parth Bhut,0,0,,,,,,,,,
1280250,2021/22,2021-11-06,Gurugram Cricket Ground (SRNCC),2,12.5,Uttarakhand,Saurashtra,Dikshanshu Negi,Robin Bist,Parth Bhut,1,0,,,,,,,,,
1280250,2021/22,2021-11-06,Gurugram Cricket Ground (SRNCC),2,12.6,Uttarakhand,Saurashtra,Robin Bist,Dikshanshu Negi,Parth Bhut,1,0,,,,,,,,,
1280250,2021/22,2021-11-06,Gurugram Cricket Ground (SRNCC),2,13.1,Uttarakhand,Saurashtra,Robin Bist,Dikshanshu Negi,Dharmendrasinh Jadeja,1,0,,,,,,,,,
1280250,2021/22,2021-11-06,Gurugram Cricket Ground (SRNCC),2,13.2,Uttarakhand,Saurashtra,Dikshanshu Negi,Robin Bist,Dharmendrasinh Jadeja,0,0,,,,,,,,,
1280250,2021/22,2021-11-06,Gurugram Cricket Ground (SRNCC),2,13.3,Uttarakhand,Saurashtra,Dikshanshu Negi,Robin Bist,Dharmendrasinh Jadeja,0,0,,,,,,,,,
1280250,2021/22,2021-11-06,Gurugram Cricket Ground (SRNCC),2,13.4,Uttarakhand,Saurashtra,Dikshanshu Negi,Robin Bist,Dharmendrasinh Jadeja,0,0,,,,,,,,,
1280250,2021/22,2021-11-06,Gurugram Cricket Ground (SRNCC),2,13.5,Uttarakhand,Saurashtra,Dikshanshu Negi,Robin Bist,Dharmendrasinh Jadeja,0,0,,,,,,,,,
1280250,2021/22,2021-11-06,Gurugram Cricket Ground (SRNCC),2,13.6,Uttarakhand,Saurashtra,Dikshanshu Negi,Robin Bist,Dharmendrasinh Jadeja,1,0,,,,,,,,,
1280250,2021/22,2021-11-06,Gurugram Cricket Ground (SRNCC),2,14.1,Uttarakhand,Saurashtra,Dikshanshu Negi,Robin Bist,JD Unadkat,0,0,,,,,,,,,
1280250,2021/22,2021-11-06,Gurugram Cricket Ground (SRNCC),2,14.2,Uttarakhand,Saurashtra,Dikshanshu Negi,Robin Bist,JD Unadkat,1,0,,,,,,,,,
1280250,2021/22,2021-11-06,Gurugram Cricket Ground (SRNCC),2,14.3,Uttarakhand,Saurashtra,Robin Bist,Dikshanshu Negi,JD Unadkat,1,0,,,,,,,,,
1280250,2021/22,2021-11-06,Gurugram Cricket Ground (SRNCC),2,14.4,Uttarakhand,Saurashtra,Dikshanshu Negi,Robin Bist,JD Unadkat,1,0,,,,,,,,,
1280250,2021/22,2021-11-06,Gurugram Cricket Ground (SRNCC),2,14.5,Uttarakhand,Saurashtra,Robin Bist,Dikshanshu Negi,JD Unadkat,4,0,,,,,,,,,
1280250,2021/22,2021-11-06,Gurugram Cricket Ground (SRNCC),2,14.6,Uttarakhand,Saurashtra,Robin Bist,Dikshanshu Negi,JD Unadkat,1,0,,,,,,,,,
1280250,2021/22,2021-11-06,Gurugram Cricket Ground (SRNCC),2,15.1,Uttarakhand,Saurashtra,Robin Bist,Dikshanshu Negi,C Sakariya,0,1,,,,1,,,,,
1280250,2021/22,2021-11-06,Gurugram Cricket Ground (SRNCC),2,15.2,Uttarakhand,Saurashtra,Dikshanshu Negi,Robin Bist,C Sakariya,4,0,,,,,,,,,
1280250,2021/22,2021-11-06,Gurugram Cricket Ground (SRNCC),2,15.3,Uttarakhand,Saurashtra,Dikshanshu Negi,Robin Bist,C Sakariya,4,0,,,,,,,,,
1280250,2021/22,2021-11-06,Gurugram Cricket Ground (SRNCC),2,15.4,Uttarakhand,Saurashtra,Dikshanshu Negi,Robin Bist,C Sakariya,6,0,,,,,,,,,
1280250,2021/22,2021-11-06,Gurugram Cricket Ground (SRNCC),2,15.5,Uttarakhand,Saurashtra,Dikshanshu Negi,Robin Bist,C Sakariya,0,0,,,,,,,,,
1280250,2021/22,2021-11-06,Gurugram Cricket Ground (SRNCC),2,15.6,Uttarakhand,Saurashtra,Dikshanshu Negi,Robin Bist,C Sakariya,0,0,,,,,,,,,
1280250,2021/22,2021-11-06,Gurugram Cricket Ground (SRNCC),2,16.1,Uttarakhand,Saurashtra,Robin Bist,Dikshanshu Negi,Chirag Jani,4,0,,,,,,,,,
1280250,2021/22,2021-11-06,Gurugram Cricket Ground (SRNCC),2,16.2,Uttarakhand,Saurashtra,Robin Bist,Dikshanshu Negi,Chirag Jani,6,0,,,,,,,,,
1280250,2021/22,2021-11-06,Gurugram Cricket Ground (SRNCC),2,16.3,Uttarakhand,Saurashtra,Robin Bist,Dikshanshu Negi,Chirag Jani,1,0,,,,,,,,,
1280250,2021/22,2021-11-06,Gurugram Cricket Ground (SRNCC),2,16.4,Uttarakhand,Saurashtra,Dikshanshu Negi,Robin Bist,Chirag Jani,1,0,,,,,,,,,
1280250,2021/22,2021-11-06,Gurugram Cricket Ground (SRNCC),2,16.5,Uttarakhand,Saurashtra,Robin Bist,Dikshanshu Negi,Chirag Jani,1,0,,,,,,,,,
1280250,2021/22,2021-11-06,Gurugram Cricket Ground (SRNCC),2,16.6,Uttarakhand,Saurashtra,Dikshanshu Negi,Robin Bist,Chirag Jani,1,0,,,,,,,,,
1280250,2021/22,2021-11-06,Gurugram Cricket Ground (SRNCC),2,17.1,Uttarakhand,Saurashtra,Dikshanshu Negi,Robin Bist,JD Unadkat,1,0,,,,,,,,,
1280250,2021/22,2021-11-06,Gurugram Cricket Ground (SRNCC),2,17.2,Uttarakhand,Saurashtra,Robin Bist,Dikshanshu Negi,JD Unadkat,0,1,1,,,,,,,,
1280250,2021/22,2021-11-06,Gurugram Cricket Ground (SRNCC),2,17.3,Uttarakhand,Saurashtra,Robin Bist,Dikshanshu Negi,JD Unadkat,1,0,,,,,,,,,
1280250,2021/22,2021-11-06,Gurugram Cricket Ground (SRNCC),2,17.4,Uttarakhand,Saurashtra,Dikshanshu Negi,Robin Bist,JD Unadkat,0,0,,,,,,caught,Dikshanshu Negi,,
1280250,2021/22,2021-11-06,Gurugram Cricket Ground (SRNCC),2,17.5,Uttarakhand,Saurashtra,Vaibhav Bhatt,Robin Bist,JD Unadkat,1,0,,,,,,,,,
1280250,2021/22,2021-11-06,Gurugram Cricket Ground (SRNCC),2,17.6,Uttarakhand,Saurashtra,Robin Bist,Vaibhav Bhatt,JD Unadkat,0,0,,,,,,,,,
1280250,2021/22,2021-11-06,Gurugram Cricket Ground (SRNCC),2,17.7,Uttarakhand,Saurashtra,Robin Bist,Vaibhav Bhatt,JD Unadkat,2,0,,,,,,,,,
1280250,2021/22,2021-11-06,Gurugram Cricket Ground (SRNCC),2,18.1,Uttarakhand,Saurashtra,Vaibhav Bhatt,Robin Bist,C Sakariya,0,1,1,,,,,,,,
1280250,2021/22,2021-11-06,Gurugram Cricket Ground (SRNCC),2,18.2,Uttarakhand,Saurashtra,Vaibhav Bhatt,Robin Bist,C Sakariya,1,0,,,,,,,,,
1280250,2021/22,2021-11-06,Gurugram Cricket Ground (SRNCC),2,18.3,Uttarakhand,Saurashtra,Robin Bist,Vaibhav Bhatt,C Sakariya,1,0,,,,,,,,,
1280250,2021/22,2021-11-06,Gurugram Cricket Ground (SRNCC),2,18.4,Uttarakhand,Saurashtra,Vaibhav Bhatt,Robin Bist,C Sakariya,0,0,,,,,,caught,Vaibhav Bhatt,,
1280250,2021/22,2021-11-06,Gurugram Cricket Ground (SRNCC),2,18.5,Uttarakhand,Saurashtra,Robin Bist,Swapnil Singh,C Sakariya,0,1,1,,,,,,,,
1280250,2021/22,2021-11-06,Gurugram Cricket Ground (SRNCC),2,18.6,Uttarakhand,Saurashtra,Robin Bist,Swapnil Singh,C Sakariya,1,0,,,,,,,,,
1280250,2021/22,2021-11-06,Gurugram Cricket Ground (SRNCC),2,18.7,Uttarakhand,Saurashtra,Swapnil Singh,Robin Bist,C Sakariya,0,0,,,,,,,,,
1280250,2021/22,2021-11-06,Gurugram Cricket Ground (SRNCC),2,18.8,Uttarakhand,Saurashtra,Swapnil Singh,Robin Bist,C Sakariya,0,1,1,,,,,,,,
1280250,2021/22,2021-11-06,Gurugram Cricket Ground (SRNCC),2,18.9,Uttarakhand,Saurashtra,Swapnil Singh,Robin Bist,C Sakariya,1,0,,,,,,,,,
1280250,2021/22,2021-11-06,Gurugram Cricket Ground (SRNCC),2,19.1,Uttarakhand,Saurashtra,Swapnil Singh,Robin Bist,Chirag Jani,1,0,,,,,,,,,
1280250,2021/22,2021-11-06,Gurugram Cricket Ground (SRNCC),2,19.2,Uttarakhand,Saurashtra,Robin Bist,Swapnil Singh,Chirag Jani,4,0,,,,,,,,,
1280250,2021/22,2021-11-06,Gurugram Cricket Ground (SRNCC),2,19.3,Uttarakhand,Saurashtra,Robin Bist,Swapnil Singh,Chirag Jani,1,0,,,,,,,,,
1280250,2021/22,2021-11-06,Gurugram Cricket Ground (SRNCC),2,19.4,Uttarakhand,Saurashtra,Swapnil Singh,Robin Bist,Chirag Jani,4,0,,,,,,,,,
1280250,2021/22,2021-11-06,Gurugram Cricket Ground (SRNCC),2,19.5,Uttarakhand,Saurashtra,Swapnil Singh,Robin Bist,Chirag Jani,4,0,,,,,,,,,
1280250,2021/22,2021-11-06,Gurugram Cricket Ground (SRNCC),2,19.6,Uttarakhand,Saurashtra,Swapnil Singh,Robin Bist,Chirag Jani,6,0,,,,,,,,,
