match_id,season,start_date,venue,innings,ball,batting_team,bowling_team,striker,non_striker,bowler,runs_off_bat,extras,wides,noballs,byes,legbyes,penalty,wicket_type,player_dismissed,other_wicket_type,other_player_dismissed
1280251,2021/22,2021-11-06,Gokaraju Liala Gangaaraju ACA Cricket Ground,1,0.1,Tripura,Manipur,Bikramkumar Das,Arkaprabha Sinha,Homendro Kabrambam,0,0,,,,,,,,,
1280251,2021/22,2021-11-06,Gokaraju Liala Gangaaraju ACA Cricket Ground,1,0.2,Tripura,Manipur,Bikramkumar Das,Arkaprabha Sinha,Homendro Kabrambam,1,0,,,,,,,,,
1280251,2021/22,2021-11-06,Gokaraju Liala Gangaaraju ACA Cricket Ground,1,0.3,Tripura,Manipur,Arkaprabha Sinha,Bikramkumar Das,Homendro Kabrambam,0,0,,,,,,,,,
1280251,2021/22,2021-11-06,Gokaraju Liala Gangaaraju ACA Cricket Ground,1,0.4,Tripura,Manipur,Arkaprabha Sinha,Bikramkumar Das,Homendro Kabrambam,1,0,,,,,,,,,
1280251,2021/22,2021-11-06,Gokaraju Liala Gangaaraju ACA Cricket Ground,1,0.5,Tripura,Manipur,Bikramkumar Das,Arkaprabha Sinha,Homendro Kabrambam,0,0,,,,,,,,,
1280251,2021/22,2021-11-06,Gokaraju Liala Gangaaraju ACA Cricket Ground,1,0.6,Tripura,Manipur,Bikramkumar Das,Arkaprabha Sinha,Homendro Kabrambam,2,0,,,,,,,,,
1280251,2021/22,2021-11-06,Gokaraju Liala Gangaaraju ACA Cricket Ground,1,1.1,Tripura,Manipur,Arkaprabha Sinha,Bikramkumar Das,Bishworjit Konthoujam,0,0,,,,,,,,,
1280251,2021/22,2021-11-06,Gokaraju Liala Gangaaraju ACA Cricket Ground,1,1.2,Tripura,Manipur,Arkaprabha Sinha,Bikramkumar Das,Bishworjit Konthoujam,1,0,,,,,,,,,
1280251,2021/22,2021-11-06,Gokaraju Liala Gangaaraju ACA Cricket Ground,1,1.3,Tripura,Manipur,Bikramkumar Das,Arkaprabha Sinha,Bishworjit Konthoujam,4,0,,,,,,,,,
1280251,2021/22,2021-11-06,Gokaraju Liala Gangaaraju ACA Cricket Ground,1,1.4,Tripura,Manipur,Bikramkumar Das,Arkaprabha Sinha,Bishworjit Konthoujam,1,0,,,,,,,,,
1280251,2021/22,2021-11-06,Gokaraju Liala Gangaaraju ACA Cricket Ground,1,1.5,Tripura,Manipur,Arkaprabha Sinha,Bikramkumar Das,Bishworjit Konthoujam,0,0,,,,,,,,,
1280251,2021/22,2021-11-06,Gokaraju Liala Gangaaraju ACA Cricket Ground,1,1.6,Tripura,Manipur,Arkaprabha Sinha,Bikramkumar Das,Bishworjit Konthoujam,1,0,,,,,,,,,
1280251,2021/22,2021-11-06,Gokaraju Liala Gangaaraju ACA Cricket Ground,1,2.1,Tripura,Manipur,Arkaprabha Sinha,Bikramkumar Das,Homendro Kabrambam,4,0,,,,,,,,,
1280251,2021/22,2021-11-06,Gokaraju Liala Gangaaraju ACA Cricket Ground,1,2.2,Tripura,Manipur,Arkaprabha Sinha,Bikramkumar Das,Homendro Kabrambam,0,1,1,,,,,,,,
1280251,2021/22,2021-11-06,Gokaraju Liala Gangaaraju ACA Cricket Ground,1,2.3,Tripura,Manipur,Arkaprabha Sinha,Bikramkumar Das,Homendro Kabrambam,1,0,,,,,,,,,
1280251,2021/22,2021-11-06,Gokaraju Liala Gangaaraju ACA Cricket Ground,1,2.4,Tripura,Manipur,Bikramkumar Das,Arkaprabha Sinha,Homendro Kabrambam,1,0,,,,,,,,,
1280251,2021/22,2021-11-06,Gokaraju Liala Gangaaraju ACA Cricket Ground,1,2.5,Tripura,Manipur,Arkaprabha Sinha,Bikramkumar Das,Homendro Kabrambam,0,0,,,,,,,,,
1280251,2021/22,2021-11-06,Gokaraju Liala Gangaaraju ACA Cricket Ground,1,2.6,Tripura,Manipur,Arkaprabha Sinha,Bikramkumar Das,Homendro Kabrambam,0,1,,,,1,,,,,
1280251,2021/22,2021-11-06,Gokaraju Liala Gangaaraju ACA Cricket Ground,1,2.7,Tripura,Manipur,Bikramkumar Das,Arkaprabha Sinha,Homendro Kabrambam,0,0,,,,,,,,,
1280251,2021/22,2021-11-06,Gokaraju Liala Gangaaraju ACA Cricket Ground,1,3.1,Tripura,Manipur,Arkaprabha Sinha,Bikramkumar Das,Bishworjit Konthoujam,0,0,,,,,,,,,
1280251,2021/22,2021-11-06,Gokaraju Liala Gangaaraju ACA Cricket Ground,1,3.2,Tripura,Manipur,Arkaprabha Sinha,Bikramkumar Das,Bishworjit Konthoujam,0,0,,,,,,,,,
1280251,2021/22,2021-11-06,Gokaraju Liala Gangaaraju ACA Cricket Ground,1,3.3,Tripura,Manipur,Arkaprabha Sinha,Bikramkumar Das,Bishworjit Konthoujam,0,0,,,,,,,,,
1280251,2021/22,2021-11-06,Gokaraju Liala Gangaaraju ACA Cricket Ground,1,3.4,Tripura,Manipur,Arkaprabha Sinha,Bikramkumar Das,Bishworjit Konthoujam,0,0,,,,,,caught,Arkaprabha Sinha,,
1280251,2021/22,2021-11-06,Gokaraju Liala Gangaaraju ACA Cricket Ground,1,3.5,Tripura,Manipur,Bikramkumar Das,KB Pawan,Bishworjit Konthoujam,4,0,,,,,,,,,
1280251,2021/22,2021-11-06,Gokaraju Liala Gangaaraju ACA Cricket Ground,1,3.6,Tripura,Manipur,Bikramkumar Das,KB Pawan,Bishworjit Konthoujam,0,0,,,,,,,,,
1280251,2021/22,2021-11-06,Gokaraju Liala Gangaaraju ACA Cricket Ground,1,4.1,Tripura,Manipur,KB Pawan,Bikramkumar Das,Homendro Kabrambam,1,0,,,,,,,,,
1280251,2021/22,2021-11-06,Gokaraju Liala Gangaaraju ACA Cricket Ground,1,4.2,Tripura,Manipur,Bikramkumar Das,KB Pawan,Homendro Kabrambam,0,0,,,,,,,,,
1280251,2021/22,2021-11-06,Gokaraju Liala Gangaaraju ACA Cricket Ground,1,4.3,Tripura,Manipur,Bikramkumar Das,KB Pawan,Homendro Kabrambam,1,0,,,,,,,,,
1280251,2021/22,2021-11-06,Gokaraju Liala Gangaaraju ACA Cricket Ground,1,4.4,Tripura,Manipur,KB Pawan,Bikramkumar Das,Homendro Kabrambam,1,0,,,,,,,,,
1280251,2021/22,2021-11-06,Gokaraju Liala Gangaaraju ACA Cricket Ground,1,4.5,Tripura,Manipur,Bikramkumar Das,KB Pawan,Homendro Kabrambam,1,0,,,,,,,,,
1280251,2021/22,2021-11-06,Gokaraju Liala Gangaaraju ACA Cricket Ground,1,4.6,Tripura,Manipur,KB Pawan,Bikramkumar Das,Homendro Kabrambam,0,0,,,,,,,,,
1280251,2021/22,2021-11-06,Gokaraju Liala Gangaaraju ACA Cricket Ground,1,5.1,Tripura,Manipur,Bikramkumar Das,KB Pawan,Nitesh Sedai,0,0,,,,,,,,,
1280251,2021/22,2021-11-06,Gokaraju Liala Gangaaraju ACA Cricket Ground,1,5.2,Tripura,Manipur,Bikramkumar Das,KB Pawan,Nitesh Sedai,1,0,,,,,,,,,
1280251,2021/22,2021-11-06,Gokaraju Liala Gangaaraju ACA Cricket Ground,1,5.3,Tripura,Manipur,KB Pawan,Bikramkumar Das,Nitesh Sedai,0,0,,,,,,,,,
1280251,2021/22,2021-11-06,Gokaraju Liala Gangaaraju ACA Cricket Ground,1,5.4,Tripura,Manipur,KB Pawan,Bikramkumar Das,Nitesh Sedai,4,0,,,,,,,,,
1280251,2021/22,2021-11-06,Gokaraju Liala Gangaaraju ACA Cricket Ground,1,5.5,Tripura,Manipur,KB Pawan,Bikramkumar Das,Nitesh Sedai,1,0,,,,,,,,,
1280251,2021/22,2021-11-06,Gokaraju Liala Gangaaraju ACA Cricket Ground,1,5.6,Tripura,Manipur,Bikramkumar Das,KB Pawan,Nitesh Sedai,1,0,,,,,,,,,
1280251,2021/22,2021-11-06,Gokaraju Liala Gangaaraju ACA Cricket Ground,1,6.1,Tripura,Manipur,Bikramkumar Das,KB Pawan,Homendro Kabrambam,1,0,,,,,,,,,
1280251,2021/22,2021-11-06,Gokaraju Liala Gangaaraju ACA Cricket Ground,1,6.2,Tripura,Manipur,KB Pawan,Bikramkumar Das,Homendro Kabrambam,1,0,,,,,,,,,
1280251,2021/22,2021-11-06,Gokaraju Liala Gangaaraju ACA Cricket Ground,1,6.3,Tripura,Manipur,Bikramkumar Das,KB Pawan,Homendro Kabrambam,0,0,,,,,,,,,
1280251,2021/22,2021-11-06,Gokaraju Liala Gangaaraju ACA Cricket Ground,1,6.4,Tripura,Manipur,Bikramkumar Das,KB Pawan,Homendro Kabrambam,0,0,,,,,,,,,
1280251,2021/22,2021-11-06,Gokaraju Liala Gangaaraju ACA Cricket Ground,1,6.5,Tripura,Manipur,Bikramkumar Das,KB Pawan,Homendro Kabrambam,0,0,,,,,,,,,
1280251,2021/22,2021-11-06,Gokaraju Liala Gangaaraju ACA Cricket Ground,1,6.6,Tripura,Manipur,Bikramkumar Das,KB Pawan,Homendro Kabrambam,1,0,,,,,,,,,
1280251,2021/22,2021-11-06,Gokaraju Liala Gangaaraju ACA Cricket Ground,1,7.1,Tripura,Manipur,Bikramkumar Das,KB Pawan,Nitesh Sedai,1,0,,,,,,,,,
1280251,2021/22,2021-11-06,Gokaraju Liala Gangaaraju ACA Cricket Ground,1,7.2,Tripura,Manipur,KB Pawan,Bikramkumar Das,Nitesh Sedai,1,0,,,,,,,,,
1280251,2021/22,2021-11-06,Gokaraju Liala Gangaaraju ACA Cricket Ground,1,7.3,Tripura,Manipur,Bikramkumar Das,KB Pawan,Nitesh Sedai,4,0,,,,,,,,,
1280251,2021/22,2021-11-06,Gokaraju Liala Gangaaraju ACA Cricket Ground,1,7.4,Tripura,Manipur,Bikramkumar Das,KB Pawan,Nitesh Sedai,1,0,,,,,,,,,
1280251,2021/22,2021-11-06,Gokaraju Liala Gangaaraju ACA Cricket Ground,1,7.5,Tripura,Manipur,KB Pawan,Bikramkumar Das,Nitesh Sedai,1,0,,,,,,,,,
1280251,2021/22,2021-11-06,Gokaraju Liala Gangaaraju ACA Cricket Ground,1,7.6,Tripura,Manipur,Bikramkumar Das,KB Pawan,Nitesh Sedai,1,0,,,,,,,,,
1280251,2021/22,2021-11-06,Gokaraju Liala Gangaaraju ACA Cricket Ground,1,8.1,Tripura,Manipur,Bikramkumar Das,KB Pawan,L Kishan Singha,1,0,,,,,,,,,
1280251,2021/22,2021-11-06,Gokaraju Liala Gangaaraju ACA Cricket Ground,1,8.2,Tripura,Manipur,KB Pawan,Bikramkumar Das,L Kishan Singha,0,0,,,,,,,,,
1280251,2021/22,2021-11-06,Gokaraju Liala Gangaaraju ACA Cricket Ground,1,8.3,Tripura,Manipur,KB Pawan,Bikramkumar Das,L Kishan Singha,1,0,,,,,,,,,
1280251,2021/22,2021-11-06,Gokaraju Liala Gangaaraju ACA Cricket Ground,1,8.4,Tripura,Manipur,Bikramkumar Das,KB Pawan,L Kishan Singha,1,0,,,,,,,,,
1280251,2021/22,2021-11-06,Gokaraju Liala Gangaaraju ACA Cricket Ground,1,8.5,Tripura,Manipur,KB Pawan,Bikramkumar Das,L Kishan Singha,1,0,,,,,,,,,
1280251,2021/22,2021-11-06,Gokaraju Liala Gangaaraju ACA Cricket Ground,1,8.6,Tripura,Manipur,Bikramkumar Das,KB Pawan,L Kishan Singha,0,0,,,,,,,,,
1280251,2021/22,2021-11-06,Gokaraju Liala Gangaaraju ACA Cricket Ground,1,9.1,Tripura,Manipur,KB Pawan,Bikramkumar Das,Nitesh Sedai,1,0,,,,,,,,,
1280251,2021/22,2021-11-06,Gokaraju Liala Gangaaraju ACA Cricket Ground,1,9.2,Tripura,Manipur,Bikramkumar Das,KB Pawan,Nitesh Sedai,0,0,,,,,,,,,
1280251,2021/22,2021-11-06,Gokaraju Liala Gangaaraju ACA Cricket Ground,1,9.3,Tripura,Manipur,Bikramkumar Das,KB Pawan,Nitesh Sedai,1,0,,,,,,,,,
1280251,2021/22,2021-11-06,Gokaraju Liala Gangaaraju ACA Cricket Ground,1,9.4,Tripura,Manipur,KB Pawan,Bikramkumar Das,Nitesh Sedai,1,0,,,,,,,,,
1280251,2021/22,2021-11-06,Gokaraju Liala Gangaaraju ACA Cricket Ground,1,9.5,Tripura,Manipur,Bikramkumar Das,KB Pawan,Nitesh Sedai,0,0,,,,,,,,,
1280251,2021/22,2021-11-06,Gokaraju Liala Gangaaraju ACA Cricket Ground,1,9.6,Tripura,Manipur,Bikramkumar Das,KB Pawan,Nitesh Sedai,1,0,,,,,,,,,
1280251,2021/22,2021-11-06,Gokaraju Liala Gangaaraju ACA Cricket Ground,1,10.1,Tripura,Manipur,Bikramkumar Das,KB Pawan,L Kishan Singha,4,0,,,,,,,,,
1280251,2021/22,2021-11-06,Gokaraju Liala Gangaaraju ACA Cricket Ground,1,10.2,Tripura,Manipur,Bikramkumar Das,KB Pawan,L Kishan Singha,1,0,,,,,,,,,
1280251,2021/22,2021-11-06,Gokaraju Liala Gangaaraju ACA Cricket Ground,1,10.3,Tripura,Manipur,KB Pawan,Bikramkumar Das,L Kishan Singha,1,0,,,,,,,,,
1280251,2021/22,2021-11-06,Gokaraju Liala Gangaaraju ACA Cricket Ground,1,10.4,Tripura,Manipur,Bikramkumar Das,KB Pawan,L Kishan Singha,1,0,,,,,,,,,
1280251,2021/22,2021-11-06,Gokaraju Liala Gangaaraju ACA Cricket Ground,1,10.5,Tripura,Manipur,KB Pawan,Bikramkumar Das,L Kishan Singha,0,0,,,,,,,,,
1280251,2021/22,2021-11-06,Gokaraju Liala Gangaaraju ACA Cricket Ground,1,10.6,Tripura,Manipur,KB Pawan,Bikramkumar Das,L Kishan Singha,0,0,,,,,,,,,
1280251,2021/22,2021-11-06,Gokaraju Liala Gangaaraju ACA Cricket Ground,1,11.1,Tripura,Manipur,Bikramkumar Das,KB Pawan,Nitesh Sedai,4,0,,,,,,,,,
1280251,2021/22,2021-11-06,Gokaraju Liala Gangaaraju ACA Cricket Ground,1,11.2,Tripura,Manipur,Bikramkumar Das,KB Pawan,Nitesh Sedai,1,0,,,,,,,,,
1280251,2021/22,2021-11-06,Gokaraju Liala Gangaaraju ACA Cricket Ground,1,11.3,Tripura,Manipur,KB Pawan,Bikramkumar Das,Nitesh Sedai,1,0,,,,,,,,,
1280251,2021/22,2021-11-06,Gokaraju Liala Gangaaraju ACA Cricket Ground,1,11.4,Tripura,Manipur,Bikramkumar Das,KB Pawan,Nitesh Sedai,1,0,,,,,,,,,
1280251,2021/22,2021-11-06,Gokaraju Liala Gangaaraju ACA Cricket Ground,1,11.5,Tripura,Manipur,KB Pawan,Bikramkumar Das,Nitesh Sedai,1,0,,,,,,,,,
1280251,2021/22,2021-11-06,Gokaraju Liala Gangaaraju ACA Cricket Ground,1,11.6,Tripura,Manipur,Bikramkumar Das,KB Pawan,Nitesh Sedai,1,0,,,,,,,,,
1280251,2021/22,2021-11-06,Gokaraju Liala Gangaaraju ACA Cricket Ground,1,12.1,Tripura,Manipur,Bikramkumar Das,KB Pawan,Kangabam Singh,4,0,,,,,,,,,
1280251,2021/22,2021-11-06,Gokaraju Liala Gangaaraju ACA Cricket Ground,1,12.2,Tripura,Manipur,Bikramkumar Das,KB Pawan,Kangabam Singh,1,0,,,,,,,,,
1280251,2021/22,2021-11-06,Gokaraju Liala Gangaaraju ACA Cricket Ground,1,12.3,Tripura,Manipur,KB Pawan,Bikramkumar Das,Kangabam Singh,2,0,,,,,,,,,
1280251,2021/22,2021-11-06,Gokaraju Liala Gangaaraju ACA Cricket Ground,1,12.4,Tripura,Manipur,KB Pawan,Bikramkumar Das,Kangabam Singh,1,0,,,,,,,,,
1280251,2021/22,2021-11-06,Gokaraju Liala Gangaaraju ACA Cricket Ground,1,12.5,Tripura,Manipur,Bikramkumar Das,KB Pawan,Kangabam Singh,1,0,,,,,,,,,
1280251,2021/22,2021-11-06,Gokaraju Liala Gangaaraju ACA Cricket Ground,1,12.6,Tripura,Manipur,KB Pawan,Bikramkumar Das,Kangabam Singh,1,0,,,,,,,,,
1280251,2021/22,2021-11-06,Gokaraju Liala Gangaaraju ACA Cricket Ground,1,13.1,Tripura,Manipur,KB Pawan,Bikramkumar Das,Bishworjit Konthoujam,4,0,,,,,,,,,
1280251,2021/22,2021-11-06,Gokaraju Liala Gangaaraju ACA Cricket Ground,1,13.2,Tripura,Manipur,KB Pawan,Bikramkumar Das,Bishworjit Konthoujam,4,0,,,,,,,,,
1280251,2021/22,2021-11-06,Gokaraju Liala Gangaaraju ACA Cricket Ground,1,13.3,Tripura,Manipur,KB Pawan,Bikramkumar Das,Bishworjit Konthoujam,1,0,,,,,,,,,
1280251,2021/22,2021-11-06,Gokaraju Liala Gangaaraju ACA Cricket Ground,1,13.4,Tripura,Manipur,Bikramkumar Das,KB Pawan,Bishworjit Konthoujam,0,0,,,,,,,,,
1280251,2021/22,2021-11-06,Gokaraju Liala Gangaaraju ACA Cricket Ground,1,13.5,Tripura,Manipur,Bikramkumar Das,KB Pawan,Bishworjit Konthoujam,0,0,,,,,,,,,
1280251,2021/22,2021-11-06,Gokaraju Liala Gangaaraju ACA Cricket Ground,1,13.6,Tripura,Manipur,Bikramkumar Das,KB Pawan,Bishworjit Konthoujam,0,0,,,,,,,,,
1280251,2021/22,2021-11-06,Gokaraju Liala Gangaaraju ACA Cricket Ground,1,14.1,Tripura,Manipur,KB Pawan,Bikramkumar Das,Kangabam Singh,1,0,,,,,,,,,
1280251,2021/22,2021-11-06,Gokaraju Liala Gangaaraju ACA Cricket Ground,1,14.2,Tripura,Manipur,Bikramkumar Das,KB Pawan,Kangabam Singh,1,0,,,,,,,,,
1280251,2021/22,2021-11-06,Gokaraju Liala Gangaaraju ACA Cricket Ground,1,14.3,Tripura,Manipur,KB Pawan,Bikramkumar Das,Kangabam Singh,6,0,,,,,,,,,
1280251,2021/22,2021-11-06,Gokaraju Liala Gangaaraju ACA Cricket Ground,1,14.4,Tripura,Manipur,KB Pawan,Bikramkumar Das,Kangabam Singh,1,0,,,,,,,,,
1280251,2021/22,2021-11-06,Gokaraju Liala Gangaaraju ACA Cricket Ground,1,14.5,Tripura,Manipur,Bikramkumar Das,KB Pawan,Kangabam Singh,4,0,,,,,,,,,
1280251,2021/22,2021-11-06,Gokaraju Liala Gangaaraju ACA Cricket Ground,1,14.6,Tripura,Manipur,Bikramkumar Das,KB Pawan,Kangabam Singh,0,0,,,,,,,,,
1280251,2021/22,2021-11-06,Gokaraju Liala Gangaaraju ACA Cricket Ground,1,15.1,Tripura,Manipur,KB Pawan,Bikramkumar Das,Lamabam Singh,2,0,,,,,,,,,
1280251,2021/22,2021-11-06,Gokaraju Liala Gangaaraju ACA Cricket Ground,1,15.2,Tripura,Manipur,KB Pawan,Bikramkumar Das,Lamabam Singh,0,1,,,1,,,,,,
1280251,2021/22,2021-11-06,Gokaraju Liala Gangaaraju ACA Cricket Ground,1,15.3,Tripura,Manipur,Bikramkumar Das,KB Pawan,Lamabam Singh,1,0,,,,,,,,,
1280251,2021/22,2021-11-06,Gokaraju Liala Gangaaraju ACA Cricket Ground,1,15.4,Tripura,Manipur,KB Pawan,Bikramkumar Das,Lamabam Singh,2,0,,,,,,,,,
1280251,2021/22,2021-11-06,Gokaraju Liala Gangaaraju ACA Cricket Ground,1,15.5,Tripura,Manipur,KB Pawan,Bikramkumar Das,Lamabam Singh,0,1,1,,,,,,,,
1280251,2021/22,2021-11-06,Gokaraju Liala Gangaaraju ACA Cricket Ground,1,15.6,Tripura,Manipur,KB Pawan,Bikramkumar Das,Lamabam Singh,1,0,,,,,,,,,
1280251,2021/22,2021-11-06,Gokaraju Liala Gangaaraju ACA Cricket Ground,1,15.7,Tripura,Manipur,Bikramkumar Das,KB Pawan,Lamabam Singh,1,0,,,,,,,,,
1280251,2021/22,2021-11-06,Gokaraju Liala Gangaaraju ACA Cricket Ground,1,16.1,Tripura,Manipur,Bikramkumar Das,KB Pawan,L Kishan Singha,0,0,,,,,,bowled,Bikramkumar Das,,
1280251,2021/22,2021-11-06,Gokaraju Liala Gangaaraju ACA Cricket Ground,1,16.2,Tripura,Manipur,Manisankar Murasingh,KB Pawan,L Kishan Singha,1,0,,,,,,,,,
1280251,2021/22,2021-11-06,Gokaraju Liala Gangaaraju ACA Cricket Ground,1,16.3,Tripura,Manipur,KB Pawan,Manisankar Murasingh,L Kishan Singha,6,0,,,,,,,,,
1280251,2021/22,2021-11-06,Gokaraju Liala Gangaaraju ACA Cricket Ground,1,16.4,Tripura,Manipur,KB Pawan,Manisankar Murasingh,L Kishan Singha,3,0,,,,,,,,,
1280251,2021/22,2021-11-06,Gokaraju Liala Gangaaraju ACA Cricket Ground,1,16.5,Tripura,Manipur,Manisankar Murasingh,KB Pawan,L Kishan Singha,1,0,,,,,,,,,
1280251,2021/22,2021-11-06,Gokaraju Liala Gangaaraju ACA Cricket Ground,1,16.6,Tripura,Manipur,KB Pawan,Manisankar Murasingh,L Kishan Singha,4,1,,1,,,,,,,
1280251,2021/22,2021-11-06,Gokaraju Liala Gangaaraju ACA Cricket Ground,1,16.7,Tripura,Manipur,KB Pawan,Manisankar Murasingh,L Kishan Singha,1,0,,,,,,,,,
1280251,2021/22,2021-11-06,Gokaraju Liala Gangaaraju ACA Cricket Ground,1,17.1,Tripura,Manipur,KB Pawan,Manisankar Murasingh,Lamabam Singh,4,0,,,,,,,,,
1280251,2021/22,2021-11-06,Gokaraju Liala Gangaaraju ACA Cricket Ground,1,17.2,Tripura,Manipur,KB Pawan,Manisankar Murasingh,Lamabam Singh,0,0,,,,,,,,,
1280251,2021/22,2021-11-06,Gokaraju Liala Gangaaraju ACA Cricket Ground,1,17.3,Tripura,Manipur,KB Pawan,Manisankar Murasingh,Lamabam Singh,1,0,,,,,,,,,
1280251,2021/22,2021-11-06,Gokaraju Liala Gangaaraju ACA Cricket Ground,1,17.4,Tripura,Manipur,Manisankar Murasingh,KB Pawan,Lamabam Singh,1,0,,,,,,,,,
1280251,2021/22,2021-11-06,Gokaraju Liala Gangaaraju ACA Cricket Ground,1,17.5,Tripura,Manipur,KB Pawan,Manisankar Murasingh,Lamabam Singh,0,0,,,,,,,,,
1280251,2021/22,2021-11-06,Gokaraju Liala Gangaaraju ACA Cricket Ground,1,17.6,Tripura,Manipur,KB Pawan,Manisankar Murasingh,Lamabam Singh,1,0,,,,,,,,,
1280251,2021/22,2021-11-06,Gokaraju Liala Gangaaraju ACA Cricket Ground,1,18.1,Tripura,Manipur,KB Pawan,Manisankar Murasingh,Bishworjit Konthoujam,1,0,,,,,,,,,
1280251,2021/22,2021-11-06,Gokaraju Liala Gangaaraju ACA Cricket Ground,1,18.2,Tripura,Manipur,Manisankar Murasingh,KB Pawan,Bishworjit Konthoujam,4,0,,,,,,,,,
1280251,2021/22,2021-11-06,Gokaraju Liala Gangaaraju ACA Cricket Ground,1,18.3,Tripura,Manipur,Manisankar Murasingh,KB Pawan,Bishworjit Konthoujam,4,0,,,,,,,,,
1280251,2021/22,2021-11-06,Gokaraju Liala Gangaaraju ACA Cricket Ground,1,18.4,Tripura,Manipur,Manisankar Murasingh,KB Pawan,Bishworjit Konthoujam,6,0,,,,,,,,,
1280251,2021/22,2021-11-06,Gokaraju Liala Gangaaraju ACA Cricket Ground,1,18.5,Tripura,Manipur,Manisankar Murasingh,KB Pawan,Bishworjit Konthoujam,4,0,,,,,,,,,
1280251,2021/22,2021-11-06,Gokaraju Liala Gangaaraju ACA Cricket Ground,1,18.6,Tripura,Manipur,Manisankar Murasingh,KB Pawan,Bishworjit Konthoujam,1,0,,,,,,,,,
1280251,2021/22,2021-11-06,Gokaraju Liala Gangaaraju ACA Cricket Ground,1,19.1,Tripura,Manipur,Manisankar Murasingh,KB Pawan,Kangabam Singh,1,0,,,,,,,,,
1280251,2021/22,2021-11-06,Gokaraju Liala Gangaaraju ACA Cricket Ground,1,19.2,Tripura,Manipur,KB Pawan,Manisankar Murasingh,Kangabam Singh,1,0,,,,,,,,,
1280251,2021/22,2021-11-06,Gokaraju Liala Gangaaraju ACA Cricket Ground,1,19.3,Tripura,Manipur,Manisankar Murasingh,KB Pawan,Kangabam Singh,6,0,,,,,,,,,
1280251,2021/22,2021-11-06,Gokaraju Liala Gangaaraju ACA Cricket Ground,1,19.4,Tripura,Manipur,Manisankar Murasingh,KB Pawan,Kangabam Singh,2,0,,,,,,,,,
1280251,2021/22,2021-11-06,Gokaraju Liala Gangaaraju ACA Cricket Ground,1,19.5,Tripura,Manipur,Manisankar Murasingh,KB Pawan,Kangabam Singh,2,0,,,,,,,,,
1280251,2021/22,2021-11-06,Gokaraju Liala Gangaaraju ACA Cricket Ground,1,19.6,Tripura,Manipur,Manisankar Murasingh,KB Pawan,Kangabam Singh,1,0,,,,,,,,,
1280251,2021/22,2021-11-06,Gokaraju Liala Gangaaraju ACA Cricket Ground,2,0.1,Manipur,Tripura,Narsingh Yadav,Nitesh Sedai,Manisankar Murasingh,0,0,,,,,,,,,
1280251,2021/22,2021-11-06,Gokaraju Liala Gangaaraju ACA Cricket Ground,2,0.2,Manipur,Tripura,Narsingh Yadav,Nitesh Sedai,Manisankar Murasingh,0,0,,,,,,,,,
1280251,2021/22,2021-11-06,Gokaraju Liala Gangaaraju ACA Cricket Ground,2,0.3,Manipur,Tripura,Narsingh Yadav,Nitesh Sedai,Manisankar Murasingh,2,0,,,,,,,,,
1280251,2021/22,2021-11-06,Gokaraju Liala Gangaaraju ACA Cricket Ground,2,0.4,Manipur,Tripura,Narsingh Yadav,Nitesh Sedai,Manisankar Murasingh,1,0,,,,,,,,,
1280251,2021/22,2021-11-06,Gokaraju Liala Gangaaraju ACA Cricket Ground,2,0.5,Manipur,Tripura,Nitesh Sedai,Narsingh Yadav,Manisankar Murasingh,0,0,,,,,,caught,Nitesh Sedai,,
1280251,2021/22,2021-11-06,Gokaraju Liala Gangaaraju ACA Cricket Ground,2,0.6,Manipur,Tripura,Al Bashid Muhammed,Narsingh Yadav,Manisankar Murasingh,0,0,,,,,,,,,
1280251,2021/22,2021-11-06,Gokaraju Liala Gangaaraju ACA Cricket Ground,2,1.1,Manipur,Tripura,Narsingh Yadav,Al Bashid Muhammed,Ajay Sarkar,1,0,,,,,,,,,
1280251,2021/22,2021-11-06,Gokaraju Liala Gangaaraju ACA Cricket Ground,2,1.2,Manipur,Tripura,Al Bashid Muhammed,Narsingh Yadav,Ajay Sarkar,0,2,2,,,,,,,,
1280251,2021/22,2021-11-06,Gokaraju Liala Gangaaraju ACA Cricket Ground,2,1.3,Manipur,Tripura,Narsingh Yadav,Al Bashid Muhammed,Ajay Sarkar,0,1,,,,1,,,,,
1280251,2021/22,2021-11-06,Gokaraju Liala Gangaaraju ACA Cricket Ground,2,1.4,Manipur,Tripura,Al Bashid Muhammed,Narsingh Yadav,Ajay Sarkar,1,0,,,,,,,,,
1280251,2021/22,2021-11-06,Gokaraju Liala Gangaaraju ACA Cricket Ground,2,1.5,Manipur,Tripura,Narsingh Yadav,Al Bashid Muhammed,Ajay Sarkar,4,0,,,,,,,,,
1280251,2021/22,2021-11-06,Gokaraju Liala Gangaaraju ACA Cricket Ground,2,1.6,Manipur,Tripura,Narsingh Yadav,Al Bashid Muhammed,Ajay Sarkar,0,0,,,,,,,,,
1280251,2021/22,2021-11-06,Gokaraju Liala Gangaaraju ACA Cricket Ground,2,1.7,Manipur,Tripura,Narsingh Yadav,Al Bashid Muhammed,Ajay Sarkar,0,0,,,,,,,,,
1280251,2021/22,2021-11-06,Gokaraju Liala Gangaaraju ACA Cricket Ground,2,2.1,Manipur,Tripura,Al Bashid Muhammed,Narsingh Yadav,Manisankar Murasingh,1,0,,,,,,,,,
1280251,2021/22,2021-11-06,Gokaraju Liala Gangaaraju ACA Cricket Ground,2,2.2,Manipur,Tripura,Narsingh Yadav,Al Bashid Muhammed,Manisankar Murasingh,0,1,1,,,,,,,,
1280251,2021/22,2021-11-06,Gokaraju Liala Gangaaraju ACA Cricket Ground,2,2.3,Manipur,Tripura,Narsingh Yadav,Al Bashid Muhammed,Manisankar Murasingh,3,0,,,,,,,,,
1280251,2021/22,2021-11-06,Gokaraju Liala Gangaaraju ACA Cricket Ground,2,2.4,Manipur,Tripura,Al Bashid Muhammed,Narsingh Yadav,Manisankar Murasingh,0,1,1,,,,,,,,
1280251,2021/22,2021-11-06,Gokaraju Liala Gangaaraju ACA Cricket Ground,2,2.5,Manipur,Tripura,Al Bashid Muhammed,Narsingh Yadav,Manisankar Murasingh,0,0,,,,,,,,,
1280251,2021/22,2021-11-06,Gokaraju Liala Gangaaraju ACA Cricket Ground,2,2.6,Manipur,Tripura,Al Bashid Muhammed,Narsingh Yadav,Manisankar Murasingh,1,0,,,,,,,,,
1280251,2021/22,2021-11-06,Gokaraju Liala Gangaaraju ACA Cricket Ground,2,2.7,Manipur,Tripura,Narsingh Yadav,Al Bashid Muhammed,Manisankar Murasingh,1,0,,,,,,,,,
1280251,2021/22,2021-11-06,Gokaraju Liala Gangaaraju ACA Cricket Ground,2,2.8,Manipur,Tripura,Al Bashid Muhammed,Narsingh Yadav,Manisankar Murasingh,0,0,,,,,,,,,
1280251,2021/22,2021-11-06,Gokaraju Liala Gangaaraju ACA Cricket Ground,2,3.1,Manipur,Tripura,Narsingh Yadav,Al Bashid Muhammed,Rahil Shah,0,0,,,,,,,,,
1280251,2021/22,2021-11-06,Gokaraju Liala Gangaaraju ACA Cricket Ground,2,3.2,Manipur,Tripura,Narsingh Yadav,Al Bashid Muhammed,Rahil Shah,0,0,,,,,,,,,
1280251,2021/22,2021-11-06,Gokaraju Liala Gangaaraju ACA Cricket Ground,2,3.3,Manipur,Tripura,Narsingh Yadav,Al Bashid Muhammed,Rahil Shah,0,0,,,,,,caught,Narsingh Yadav,,
1280251,2021/22,2021-11-06,Gokaraju Liala Gangaaraju ACA Cricket Ground,2,3.4,Manipur,Tripura,Al Bashid Muhammed,Homendro Kabrambam,Rahil Shah,0,0,,,,,,,,,
1280251,2021/22,2021-11-06,Gokaraju Liala Gangaaraju ACA Cricket Ground,2,3.5,Manipur,Tripura,Al Bashid Muhammed,Homendro Kabrambam,Rahil Shah,0,0,,,,,,,,,
1280251,2021/22,2021-11-06,Gokaraju Liala Gangaaraju ACA Cricket Ground,2,3.6,Manipur,Tripura,Al Bashid Muhammed,Homendro Kabrambam,Rahil Shah,2,0,,,,,,,,,
1280251,2021/22,2021-11-06,Gokaraju Liala Gangaaraju ACA Cricket Ground,2,4.1,Manipur,Tripura,Homendro Kabrambam,Al Bashid Muhammed,Saruk Hossain,0,0,,,,,,,,,
1280251,2021/22,2021-11-06,Gokaraju Liala Gangaaraju ACA Cricket Ground,2,4.2,Manipur,Tripura,Homendro Kabrambam,Al Bashid Muhammed,Saruk Hossain,0,0,,,,,,,,,
1280251,2021/22,2021-11-06,Gokaraju Liala Gangaaraju ACA Cricket Ground,2,4.3,Manipur,Tripura,Homendro Kabrambam,Al Bashid Muhammed,Saruk Hossain,0,0,,,,,,,,,
1280251,2021/22,2021-11-06,Gokaraju Liala Gangaaraju ACA Cricket Ground,2,4.4,Manipur,Tripura,Homendro Kabrambam,Al Bashid Muhammed,Saruk Hossain,1,0,,,,,,,,,
1280251,2021/22,2021-11-06,Gokaraju Liala Gangaaraju ACA Cricket Ground,2,4.5,Manipur,Tripura,Al Bashid Muhammed,Homendro Kabrambam,Saruk Hossain,0,0,,,,,,,,,
1280251,2021/22,2021-11-06,Gokaraju Liala Gangaaraju ACA Cricket Ground,2,4.6,Manipur,Tripura,Al Bashid Muhammed,Homendro Kabrambam,Saruk Hossain,0,0,,,,,,,,,
1280251,2021/22,2021-11-06,Gokaraju Liala Gangaaraju ACA Cricket Ground,2,5.1,Manipur,Tripura,Homendro Kabrambam,Al Bashid Muhammed,Rahil Shah,0,0,,,,,,,,,
1280251,2021/22,2021-11-06,Gokaraju Liala Gangaaraju ACA Cricket Ground,2,5.2,Manipur,Tripura,Homendro Kabrambam,Al Bashid Muhammed,Rahil Shah,0,0,,,,,,,,,
1280251,2021/22,2021-11-06,Gokaraju Liala Gangaaraju ACA Cricket Ground,2,5.3,Manipur,Tripura,Homendro Kabrambam,Al Bashid Muhammed,Rahil Shah,2,0,,,,,,,,,
1280251,2021/22,2021-11-06,Gokaraju Liala Gangaaraju ACA Cricket Ground,2,5.4,Manipur,Tripura,Homendro Kabrambam,Al Bashid Muhammed,Rahil Shah,2,0,,,,,,,,,
1280251,2021/22,2021-11-06,Gokaraju Liala Gangaaraju ACA Cricket Ground,2,5.5,Manipur,Tripura,Homendro Kabrambam,Al Bashid Muhammed,Rahil Shah,0,0,,,,,,bowled,Homendro Kabrambam,,
1280251,2021/22,2021-11-06,Gokaraju Liala Gangaaraju ACA Cricket Ground,2,5.6,Manipur,Tripura,Karnajit Yumnam,Al Bashid Muhammed,Rahil Shah,0,0,,,,,,,,,
1280251,2021/22,2021-11-06,Gokaraju Liala Gangaaraju ACA Cricket Ground,2,6.1,Manipur,Tripura,Al Bashid Muhammed,Karnajit Yumnam,Amit Ali,0,0,,,,,,lbw,Al Bashid Muhammed,,
1280251,2021/22,2021-11-06,Gokaraju Liala Gangaaraju ACA Cricket Ground,2,6.2,Manipur,Tripura,Langlonyamba Meitan Keishangbam,Karnajit Yumnam,Amit Ali,0,0,,,,,,,,,
1280251,2021/22,2021-11-06,Gokaraju Liala Gangaaraju ACA Cricket Ground,2,6.3,Manipur,Tripura,Langlonyamba Meitan Keishangbam,Karnajit Yumnam,Amit Ali,1,0,,,,,,,,,
1280251,2021/22,2021-11-06,Gokaraju Liala Gangaaraju ACA Cricket Ground,2,6.4,Manipur,Tripura,Karnajit Yumnam,Langlonyamba Meitan Keishangbam,Amit Ali,1,0,,,,,,,,,
1280251,2021/22,2021-11-06,Gokaraju Liala Gangaaraju ACA Cricket Ground,2,6.5,Manipur,Tripura,Langlonyamba Meitan Keishangbam,Karnajit Yumnam,Amit Ali,0,0,,,,,,stumped,Langlonyamba Meitan Keishangbam,,
1280251,2021/22,2021-11-06,Gokaraju Liala Gangaaraju ACA Cricket Ground,2,6.6,Manipur,Tripura,Kangabam Singh,Karnajit Yumnam,Amit Ali,0,0,,,,,,,,,
1280251,2021/22,2021-11-06,Gokaraju Liala Gangaaraju ACA Cricket Ground,2,7.1,Manipur,Tripura,Karnajit Yumnam,Kangabam Singh,Rahil Shah,1,0,,,,,,,,,
1280251,2021/22,2021-11-06,Gokaraju Liala Gangaaraju ACA Cricket Ground,2,7.2,Manipur,Tripura,Kangabam Singh,Karnajit Yumnam,Rahil Shah,0,0,,,,,,,,,
1280251,2021/22,2021-11-06,Gokaraju Liala Gangaaraju ACA Cricket Ground,2,7.3,Manipur,Tripura,Kangabam Singh,Karnajit Yumnam,Rahil Shah,0,1,,,,1,,,,,
1280251,2021/22,2021-11-06,Gokaraju Liala Gangaaraju ACA Cricket Ground,2,7.4,Manipur,Tripura,Karnajit Yumnam,Kangabam Singh,Rahil Shah,1,0,,,,,,,,,
1280251,2021/22,2021-11-06,Gokaraju Liala Gangaaraju ACA Cricket Ground,2,7.5,Manipur,Tripura,Kangabam Singh,Karnajit Yumnam,Rahil Shah,1,0,,,,,,,,,
1280251,2021/22,2021-11-06,Gokaraju Liala Gangaaraju ACA Cricket Ground,2,7.6,Manipur,Tripura,Karnajit Yumnam,Kangabam Singh,Rahil Shah,0,0,,,,,,,,,
1280251,2021/22,2021-11-06,Gokaraju Liala Gangaaraju ACA Cricket Ground,2,8.1,Manipur,Tripura,Kangabam Singh,Karnajit Yumnam,Amit Ali,0,0,,,,,,bowled,Kangabam Singh,,
1280251,2021/22,2021-11-06,Gokaraju Liala Gangaaraju ACA Cricket Ground,2,8.2,Manipur,Tripura,Johnson Singh,Karnajit Yumnam,Amit Ali,0,1,1,,,,,,,,
1280251,2021/22,2021-11-06,Gokaraju Liala Gangaaraju ACA Cricket Ground,2,8.3,Manipur,Tripura,Johnson Singh,Karnajit Yumnam,Amit Ali,0,0,,,,,,,,,
1280251,2021/22,2021-11-06,Gokaraju Liala Gangaaraju ACA Cricket Ground,2,8.4,Manipur,Tripura,Johnson Singh,Karnajit Yumnam,Amit Ali,0,0,,,,,,,,,
1280251,2021/22,2021-11-06,Gokaraju Liala Gangaaraju ACA Cricket Ground,2,8.5,Manipur,Tripura,Johnson Singh,Karnajit Yumnam,Amit Ali,1,0,,,,,,,,,
1280251,2021/22,2021-11-06,Gokaraju Liala Gangaaraju ACA Cricket Ground,2,8.6,Manipur,Tripura,Karnajit Yumnam,Johnson Singh,Amit Ali,0,0,,,,,,,,,
1280251,2021/22,2021-11-06,Gokaraju Liala Gangaaraju ACA Cricket Ground,2,8.7,Manipur,Tripura,Karnajit Yumnam,Johnson Singh,Amit Ali,0,0,,,,,,,,,
1280251,2021/22,2021-11-06,Gokaraju Liala Gangaaraju ACA Cricket Ground,2,9.1,Manipur,Tripura,Johnson Singh,Karnajit Yumnam,Rahil Shah,0,0,,,,,,,,,
1280251,2021/22,2021-11-06,Gokaraju Liala Gangaaraju ACA Cricket Ground,2,9.2,Manipur,Tripura,Johnson Singh,Karnajit Yumnam,Rahil Shah,0,0,,,,,,,,,
1280251,2021/22,2021-11-06,Gokaraju Liala Gangaaraju ACA Cricket Ground,2,9.3,Manipur,Tripura,Johnson Singh,Karnajit Yumnam,Rahil Shah,0,0,,,,,,,,,
1280251,2021/22,2021-11-06,Gokaraju Liala Gangaaraju ACA Cricket Ground,2,9.4,Manipur,Tripura,Johnson Singh,Karnajit Yumnam,Rahil Shah,1,0,,,,,,,,,
1280251,2021/22,2021-11-06,Gokaraju Liala Gangaaraju ACA Cricket Ground,2,9.5,Manipur,Tripura,Karnajit Yumnam,Johnson Singh,Rahil Shah,0,0,,,,,,,,,
1280251,2021/22,2021-11-06,Gokaraju Liala Gangaaraju ACA Cricket Ground,2,9.6,Manipur,Tripura,Karnajit Yumnam,Johnson Singh,Rahil Shah,0,0,,,,,,,,,
1280251,2021/22,2021-11-06,Gokaraju Liala Gangaaraju ACA Cricket Ground,2,10.1,Manipur,Tripura,Johnson Singh,Karnajit Yumnam,Amit Ali,0,0,,,,,,,,,
1280251,2021/22,2021-11-06,Gokaraju Liala Gangaaraju ACA Cricket Ground,2,10.2,Manipur,Tripura,Johnson Singh,Karnajit Yumnam,Amit Ali,2,0,,,,,,,,,
1280251,2021/22,2021-11-06,Gokaraju Liala Gangaaraju ACA Cricket Ground,2,10.3,Manipur,Tripura,Johnson Singh,Karnajit Yumnam,Amit Ali,2,0,,,,,,,,,
1280251,2021/22,2021-11-06,Gokaraju Liala Gangaaraju ACA Cricket Ground,2,10.4,Manipur,Tripura,Johnson Singh,Karnajit Yumnam,Amit Ali,1,0,,,,,,,,,
1280251,2021/22,2021-11-06,Gokaraju Liala Gangaaraju ACA Cricket Ground,2,10.5,Manipur,Tripura,Karnajit Yumnam,Johnson Singh,Amit Ali,1,0,,,,,,,,,
1280251,2021/22,2021-11-06,Gokaraju Liala Gangaaraju ACA Cricket Ground,2,10.6,Manipur,Tripura,Johnson Singh,Karnajit Yumnam,Amit Ali,1,0,,,,,,,,,
1280251,2021/22,2021-11-06,Gokaraju Liala Gangaaraju ACA Cricket Ground,2,11.1,Manipur,Tripura,Johnson Singh,Karnajit Yumnam,Saruk Hossain,1,0,,,,,,,,,
1280251,2021/22,2021-11-06,Gokaraju Liala Gangaaraju ACA Cricket Ground,2,11.2,Manipur,Tripura,Karnajit Yumnam,Johnson Singh,Saruk Hossain,0,0,,,,,,,,,
1280251,2021/22,2021-11-06,Gokaraju Liala Gangaaraju ACA Cricket Ground,2,11.3,Manipur,Tripura,Karnajit Yumnam,Johnson Singh,Saruk Hossain,4,0,,,,,,,,,
1280251,2021/22,2021-11-06,Gokaraju Liala Gangaaraju ACA Cricket Ground,2,11.4,Manipur,Tripura,Karnajit Yumnam,Johnson Singh,Saruk Hossain,1,0,,,,,,,,,
1280251,2021/22,2021-11-06,Gokaraju Liala Gangaaraju ACA Cricket Ground,2,11.5,Manipur,Tripura,Johnson Singh,Karnajit Yumnam,Saruk Hossain,1,0,,,,,,,,,
1280251,2021/22,2021-11-06,Gokaraju Liala Gangaaraju ACA Cricket Ground,2,11.6,Manipur,Tripura,Karnajit Yumnam,Johnson Singh,Saruk Hossain,1,0,,,,,,,,,
1280251,2021/22,2021-11-06,Gokaraju Liala Gangaaraju ACA Cricket Ground,2,12.1,Manipur,Tripura,Karnajit Yumnam,Johnson Singh,Sankar Paul,0,0,,,,,,,,,
1280251,2021/22,2021-11-06,Gokaraju Liala Gangaaraju ACA Cricket Ground,2,12.2,Manipur,Tripura,Karnajit Yumnam,Johnson Singh,Sankar Paul,1,0,,,,,,,,,
1280251,2021/22,2021-11-06,Gokaraju Liala Gangaaraju ACA Cricket Ground,2,12.3,Manipur,Tripura,Johnson Singh,Karnajit Yumnam,Sankar Paul,2,0,,,,,,,,,
1280251,2021/22,2021-11-06,Gokaraju Liala Gangaaraju ACA Cricket Ground,2,12.4,Manipur,Tripura,Johnson Singh,Karnajit Yumnam,Sankar Paul,6,0,,,,,,,,,
1280251,2021/22,2021-11-06,Gokaraju Liala Gangaaraju ACA Cricket Ground,2,12.5,Manipur,Tripura,Johnson Singh,Karnajit Yumnam,Sankar Paul,0,0,,,,,,,,,
1280251,2021/22,2021-11-06,Gokaraju Liala Gangaaraju ACA Cricket Ground,2,12.6,Manipur,Tripura,Johnson Singh,Karnajit Yumnam,Sankar Paul,2,0,,,,,,,,,
1280251,2021/22,2021-11-06,Gokaraju Liala Gangaaraju ACA Cricket Ground,2,13.1,Manipur,Tripura,Karnajit Yumnam,Johnson Singh,Ajay Sarkar,1,0,,,,,,,,,
1280251,2021/22,2021-11-06,Gokaraju Liala Gangaaraju ACA Cricket Ground,2,13.2,Manipur,Tripura,Johnson Singh,Karnajit Yumnam,Ajay Sarkar,1,0,,,,,,,,,
1280251,2021/22,2021-11-06,Gokaraju Liala Gangaaraju ACA Cricket Ground,2,13.3,Manipur,Tripura,Karnajit Yumnam,Johnson Singh,Ajay Sarkar,1,0,,,,,,,,,
1280251,2021/22,2021-11-06,Gokaraju Liala Gangaaraju ACA Cricket Ground,2,13.4,Manipur,Tripura,Johnson Singh,Karnajit Yumnam,Ajay Sarkar,4,0,,,,,,,,,
1280251,2021/22,2021-11-06,Gokaraju Liala Gangaaraju ACA Cricket Ground,2,13.5,Manipur,Tripura,Johnson Singh,Karnajit Yumnam,Ajay Sarkar,1,0,,,,,,,,,
1280251,2021/22,2021-11-06,Gokaraju Liala Gangaaraju ACA Cricket Ground,2,13.6,Manipur,Tripura,Karnajit Yumnam,Johnson Singh,Ajay Sarkar,1,0,,,,,,,,,
1280251,2021/22,2021-11-06,Gokaraju Liala Gangaaraju ACA Cricket Ground,2,14.1,Manipur,Tripura,Karnajit Yumnam,Johnson Singh,Amit Ali,0,0,,,,,,,,,
1280251,2021/22,2021-11-06,Gokaraju Liala Gangaaraju ACA Cricket Ground,2,14.2,Manipur,Tripura,Karnajit Yumnam,Johnson Singh,Amit Ali,2,0,,,,,,,,,
1280251,2021/22,2021-11-06,Gokaraju Liala Gangaaraju ACA Cricket Ground,2,14.3,Manipur,Tripura,Karnajit Yumnam,Johnson Singh,Amit Ali,6,0,,,,,,,,,
1280251,2021/22,2021-11-06,Gokaraju Liala Gangaaraju ACA Cricket Ground,2,14.4,Manipur,Tripura,Karnajit Yumnam,Johnson Singh,Amit Ali,1,0,,,,,,,,,
1280251,2021/22,2021-11-06,Gokaraju Liala Gangaaraju ACA Cricket Ground,2,14.5,Manipur,Tripura,Johnson Singh,Karnajit Yumnam,Amit Ali,0,0,,,,,,,,,
1280251,2021/22,2021-11-06,Gokaraju Liala Gangaaraju ACA Cricket Ground,2,14.6,Manipur,Tripura,Johnson Singh,Karnajit Yumnam,Amit Ali,0,0,,,,,,,,,
1280251,2021/22,2021-11-06,Gokaraju Liala Gangaaraju ACA Cricket Ground,2,15.1,Manipur,Tripura,Karnajit Yumnam,Johnson Singh,Manisankar Murasingh,1,0,,,,,,,,,
1280251,2021/22,2021-11-06,Gokaraju Liala Gangaaraju ACA Cricket Ground,2,15.2,Manipur,Tripura,Johnson Singh,Karnajit Yumnam,Manisankar Murasingh,1,0,,,,,,,,,
1280251,2021/22,2021-11-06,Gokaraju Liala Gangaaraju ACA Cricket Ground,2,15.3,Manipur,Tripura,Karnajit Yumnam,Johnson Singh,Manisankar Murasingh,1,1,,1,,,,,,,
1280251,2021/22,2021-11-06,Gokaraju Liala Gangaaraju ACA Cricket Ground,2,15.4,Manipur,Tripura,Johnson Singh,Karnajit Yumnam,Manisankar Murasingh,4,0,,,,,,,,,
1280251,2021/22,2021-11-06,Gokaraju Liala Gangaaraju ACA Cricket Ground,2,15.5,Manipur,Tripura,Johnson Singh,Karnajit Yumnam,Manisankar Murasingh,1,0,,,,,,,,,
1280251,2021/22,2021-11-06,Gokaraju Liala Gangaaraju ACA Cricket Ground,2,15.6,Manipur,Tripura,Karnajit Yumnam,Johnson Singh,Manisankar Murasingh,1,0,,,,,,,,,
1280251,2021/22,2021-11-06,Gokaraju Liala Gangaaraju ACA Cricket Ground,2,15.7,Manipur,Tripura,Johnson Singh,Karnajit Yumnam,Manisankar Murasingh,1,0,,,,,,,,,
1280251,2021/22,2021-11-06,Gokaraju Liala Gangaaraju ACA Cricket Ground,2,16.1,Manipur,Tripura,Johnson Singh,Karnajit Yumnam,Ajay Sarkar,0,0,,,,,,,,,
1280251,2021/22,2021-11-06,Gokaraju Liala Gangaaraju ACA Cricket Ground,2,16.2,Manipur,Tripura,Johnson Singh,Karnajit Yumnam,Ajay Sarkar,1,0,,,,,,,,,
1280251,2021/22,2021-11-06,Gokaraju Liala Gangaaraju ACA Cricket Ground,2,16.3,Manipur,Tripura,Karnajit Yumnam,Johnson Singh,Ajay Sarkar,1,0,,,,,,,,,
1280251,2021/22,2021-11-06,Gokaraju Liala Gangaaraju ACA Cricket Ground,2,16.4,Manipur,Tripura,Johnson Singh,Karnajit Yumnam,Ajay Sarkar,1,0,,,,,,,,,
1280251,2021/22,2021-11-06,Gokaraju Liala Gangaaraju ACA Cricket Ground,2,16.5,Manipur,Tripura,Karnajit Yumnam,Johnson Singh,Ajay Sarkar,1,0,,,,,,,,,
1280251,2021/22,2021-11-06,Gokaraju Liala Gangaaraju ACA Cricket Ground,2,16.6,Manipur,Tripura,Johnson Singh,Karnajit Yumnam,Ajay Sarkar,1,0,,,,,,,,,
1280251,2021/22,2021-11-06,Gokaraju Liala Gangaaraju ACA Cricket Ground,2,17.1,Manipur,Tripura,Johnson Singh,Karnajit Yumnam,Manisankar Murasingh,0,0,,,,,,,,,
1280251,2021/22,2021-11-06,Gokaraju Liala Gangaaraju ACA Cricket Ground,2,17.2,Manipur,Tripura,Johnson Singh,Karnajit Yumnam,Manisankar Murasingh,0,0,,,,,,,,,
1280251,2021/22,2021-11-06,Gokaraju Liala Gangaaraju ACA Cricket Ground,2,17.3,Manipur,Tripura,Johnson Singh,Karnajit Yumnam,Manisankar Murasingh,1,0,,,,,,,,,
1280251,2021/22,2021-11-06,Gokaraju Liala Gangaaraju ACA Cricket Ground,2,17.4,Manipur,Tripura,Karnajit Yumnam,Johnson Singh,Manisankar Murasingh,4,1,,1,,,,,,,
1280251,2021/22,2021-11-06,Gokaraju Liala Gangaaraju ACA Cricket Ground,2,17.5,Manipur,Tripura,Karnajit Yumnam,Johnson Singh,Manisankar Murasingh,0,0,,,,,,,,,
1280251,2021/22,2021-11-06,Gokaraju Liala Gangaaraju ACA Cricket Ground,2,17.6,Manipur,Tripura,Karnajit Yumnam,Johnson Singh,Manisankar Murasingh,1,0,,,,,,,,,
1280251,2021/22,2021-11-06,Gokaraju Liala Gangaaraju ACA Cricket Ground,2,17.7,Manipur,Tripura,Johnson Singh,Karnajit Yumnam,Manisankar Murasingh,0,0,,,,,,,,,
1280251,2021/22,2021-11-06,Gokaraju Liala Gangaaraju ACA Cricket Ground,2,18.1,Manipur,Tripura,Karnajit Yumnam,Johnson Singh,Ajay Sarkar,0,0,,,,,,,,,
1280251,2021/22,2021-11-06,Gokaraju Liala Gangaaraju ACA Cricket Ground,2,18.2,Manipur,Tripura,Karnajit Yumnam,Johnson Singh,Ajay Sarkar,0,0,,,,,,,,,
1280251,2021/22,2021-11-06,Gokaraju Liala Gangaaraju ACA Cricket Ground,2,18.3,Manipur,Tripura,Karnajit Yumnam,Johnson Singh,Ajay Sarkar,0,1,,,,1,,,,,
1280251,2021/22,2021-11-06,Gokaraju Liala Gangaaraju ACA Cricket Ground,2,18.4,Manipur,Tripura,Johnson Singh,Karnajit Yumnam,Ajay Sarkar,0,0,,,,,,,,,
1280251,2021/22,2021-11-06,Gokaraju Liala Gangaaraju ACA Cricket Ground,2,18.5,Manipur,Tripura,Johnson Singh,Karnajit Yumnam,Ajay Sarkar,1,0,,,,,,,,,
1280251,2021/22,2021-11-06,Gokaraju Liala Gangaaraju ACA Cricket Ground,2,18.6,Manipur,Tripura,Karnajit Yumnam,Johnson Singh,Ajay Sarkar,0,0,,,,,,,,,
1280251,2021/22,2021-11-06,Gokaraju Liala Gangaaraju ACA Cricket Ground,2,19.1,Manipur,Tripura,Johnson Singh,Karnajit Yumnam,Saruk Hossain,1,0,,,,,,,,,
1280251,2021/22,2021-11-06,Gokaraju Liala Gangaaraju ACA Cricket Ground,2,19.2,Manipur,Tripura,Karnajit Yumnam,Johnson Singh,Saruk Hossain,1,0,,,,,,,,,
1280251,2021/22,2021-11-06,Gokaraju Liala Gangaaraju ACA Cricket Ground,2,19.3,Manipur,Tripura,Johnson Singh,Karnajit Yumnam,Saruk Hossain,0,0,,,,,,,,,
1280251,2021/22,2021-11-06,Gokaraju Liala Gangaaraju ACA Cricket Ground,2,19.4,Manipur,Tripura,Johnson Singh,Karnajit Yumnam,Saruk Hossain,4,0,,,,,,,,,
1280251,2021/22,2021-11-06,Gokaraju Liala Gangaaraju ACA Cricket Ground,2,19.5,Manipur,Tripura,Johnson Singh,Karnajit Yumnam,Saruk Hossain,0,1,,,,1,,,,,
1280251,2021/22,2021-11-06,Gokaraju Liala Gangaaraju ACA Cricket Ground,2,19.6,Manipur,Tripura,Karnajit Yumnam,Johnson Singh,Saruk Hossain,1,0,,,,,,,,,
