match_id,season,start_date,venue,innings,ball,batting_team,bowling_team,striker,non_striker,bowler,runs_off_bat,extras,wides,noballs,byes,legbyes,penalty,wicket_type,player_dismissed,other_wicket_type,other_player_dismissed
1280292,2021/22,2021-11-09,"ACA Stadium,Mangalagiri",1,0.1,Meghalaya,Arunachal Pradesh,Chirag Khurana,Kishan Lyngdoh,Manvan Patel,1,0,,,,,,,,,
1280292,2021/22,2021-11-09,"ACA Stadium,Mangalagiri",1,0.2,Meghalaya,Arunachal Pradesh,Kishan Lyngdoh,Chirag Khurana,Manvan Patel,0,1,,1,,,,,,,
1280292,2021/22,2021-11-09,"ACA Stadium,Mangalagiri",1,0.3,Meghalaya,Arunachal Pradesh,Kishan Lyngdoh,Chirag Khurana,Manvan Patel,1,0,,,,,,,,,
1280292,2021/22,2021-11-09,"ACA Stadium,Mangalagiri",1,0.4,Meghalaya,Arunachal Pradesh,Chirag Khurana,Kishan Lyngdoh,Manvan Patel,1,0,,,,,,,,,
1280292,2021/22,2021-11-09,"ACA Stadium,Mangalagiri",1,0.5,Meghalaya,Arunachal Pradesh,Kishan Lyngdoh,Chirag Khurana,Manvan Patel,4,0,,,,,,,,,
1280292,2021/22,2021-11-09,"ACA Stadium,Mangalagiri",1,0.6,Meghalaya,Arunachal Pradesh,Kishan Lyngdoh,Chirag Khurana,Manvan Patel,4,0,,,,,,,,,
1280292,2021/22,2021-11-09,"ACA Stadium,Mangalagiri",1,0.7,Meghalaya,Arunachal Pradesh,Kishan Lyngdoh,Chirag Khurana,Manvan Patel,4,0,,,,,,,,,
1280292,2021/22,2021-11-09,"ACA Stadium,Mangalagiri",1,1.1,Meghalaya,Arunachal Pradesh,Chirag Khurana,Kishan Lyngdoh,Yab Niya,0,1,1,,,,,,,,
1280292,2021/22,2021-11-09,"ACA Stadium,Mangalagiri",1,1.2,Meghalaya,Arunachal Pradesh,Chirag Khurana,Kishan Lyngdoh,Yab Niya,0,0,,,,,,,,,
1280292,2021/22,2021-11-09,"ACA Stadium,Mangalagiri",1,1.3,Meghalaya,Arunachal Pradesh,Chirag Khurana,Kishan Lyngdoh,Yab Niya,0,0,,,,,,,,,
1280292,2021/22,2021-11-09,"ACA Stadium,Mangalagiri",1,1.4,Meghalaya,Arunachal Pradesh,Chirag Khurana,Kishan Lyngdoh,Yab Niya,1,0,,,,,,,,,
1280292,2021/22,2021-11-09,"ACA Stadium,Mangalagiri",1,1.5,Meghalaya,Arunachal Pradesh,Kishan Lyngdoh,Chirag Khurana,Yab Niya,0,0,,,,,,,,,
1280292,2021/22,2021-11-09,"ACA Stadium,Mangalagiri",1,1.6,Meghalaya,Arunachal Pradesh,Kishan Lyngdoh,Chirag Khurana,Yab Niya,0,0,,,,,,,,,
1280292,2021/22,2021-11-09,"ACA Stadium,Mangalagiri",1,1.7,Meghalaya,Arunachal Pradesh,Kishan Lyngdoh,Chirag Khurana,Yab Niya,2,0,,,,,,,,,
1280292,2021/22,2021-11-09,"ACA Stadium,Mangalagiri",1,2.1,Meghalaya,Arunachal Pradesh,Chirag Khurana,Kishan Lyngdoh,Akhilesh Sahani,0,0,,,,,,,,,
1280292,2021/22,2021-11-09,"ACA Stadium,Mangalagiri",1,2.2,Meghalaya,Arunachal Pradesh,Chirag Khurana,Kishan Lyngdoh,Akhilesh Sahani,1,0,,,,,,,,,
1280292,2021/22,2021-11-09,"ACA Stadium,Mangalagiri",1,2.3,Meghalaya,Arunachal Pradesh,Kishan Lyngdoh,Chirag Khurana,Akhilesh Sahani,0,0,,,,,,,,,
1280292,2021/22,2021-11-09,"ACA Stadium,Mangalagiri",1,2.4,Meghalaya,Arunachal Pradesh,Kishan Lyngdoh,Chirag Khurana,Akhilesh Sahani,2,0,,,,,,,,,
1280292,2021/22,2021-11-09,"ACA Stadium,Mangalagiri",1,2.5,Meghalaya,Arunachal Pradesh,Kishan Lyngdoh,Chirag Khurana,Akhilesh Sahani,1,0,,,,,,,,,
1280292,2021/22,2021-11-09,"ACA Stadium,Mangalagiri",1,2.6,Meghalaya,Arunachal Pradesh,Chirag Khurana,Kishan Lyngdoh,Akhilesh Sahani,0,1,1,,,,,,,,
1280292,2021/22,2021-11-09,"ACA Stadium,Mangalagiri",1,2.7,Meghalaya,Arunachal Pradesh,Chirag Khurana,Kishan Lyngdoh,Akhilesh Sahani,4,0,,,,,,,,,
1280292,2021/22,2021-11-09,"ACA Stadium,Mangalagiri",1,3.1,Meghalaya,Arunachal Pradesh,Kishan Lyngdoh,Chirag Khurana,Yab Niya,4,0,,,,,,,,,
1280292,2021/22,2021-11-09,"ACA Stadium,Mangalagiri",1,3.2,Meghalaya,Arunachal Pradesh,Kishan Lyngdoh,Chirag Khurana,Yab Niya,0,0,,,,,,,,,
1280292,2021/22,2021-11-09,"ACA Stadium,Mangalagiri",1,3.3,Meghalaya,Arunachal Pradesh,Kishan Lyngdoh,Chirag Khurana,Yab Niya,4,0,,,,,,,,,
1280292,2021/22,2021-11-09,"ACA Stadium,Mangalagiri",1,3.4,Meghalaya,Arunachal Pradesh,Kishan Lyngdoh,Chirag Khurana,Yab Niya,4,0,,,,,,,,,
1280292,2021/22,2021-11-09,"ACA Stadium,Mangalagiri",1,3.5,Meghalaya,Arunachal Pradesh,Kishan Lyngdoh,Chirag Khurana,Yab Niya,0,0,,,,,,,,,
1280292,2021/22,2021-11-09,"ACA Stadium,Mangalagiri",1,3.6,Meghalaya,Arunachal Pradesh,Kishan Lyngdoh,Chirag Khurana,Yab Niya,2,0,,,,,,,,,
1280292,2021/22,2021-11-09,"ACA Stadium,Mangalagiri",1,4.1,Meghalaya,Arunachal Pradesh,Chirag Khurana,Kishan Lyngdoh,Akhilesh Sahani,0,0,,,,,,,,,
1280292,2021/22,2021-11-09,"ACA Stadium,Mangalagiri",1,4.2,Meghalaya,Arunachal Pradesh,Chirag Khurana,Kishan Lyngdoh,Akhilesh Sahani,1,0,,,,,,,,,
1280292,2021/22,2021-11-09,"ACA Stadium,Mangalagiri",1,4.3,Meghalaya,Arunachal Pradesh,Kishan Lyngdoh,Chirag Khurana,Akhilesh Sahani,0,0,,,,,,,,,
1280292,2021/22,2021-11-09,"ACA Stadium,Mangalagiri",1,4.4,Meghalaya,Arunachal Pradesh,Kishan Lyngdoh,Chirag Khurana,Akhilesh Sahani,0,0,,,,,,,,,
1280292,2021/22,2021-11-09,"ACA Stadium,Mangalagiri",1,4.5,Meghalaya,Arunachal Pradesh,Kishan Lyngdoh,Chirag Khurana,Akhilesh Sahani,1,0,,,,,,,,,
1280292,2021/22,2021-11-09,"ACA Stadium,Mangalagiri",1,4.6,Meghalaya,Arunachal Pradesh,Chirag Khurana,Kishan Lyngdoh,Akhilesh Sahani,1,0,,,,,,,,,
1280292,2021/22,2021-11-09,"ACA Stadium,Mangalagiri",1,5.1,Meghalaya,Arunachal Pradesh,Chirag Khurana,Kishan Lyngdoh,Yab Niya,1,0,,,,,,,,,
1280292,2021/22,2021-11-09,"ACA Stadium,Mangalagiri",1,5.2,Meghalaya,Arunachal Pradesh,Kishan Lyngdoh,Chirag Khurana,Yab Niya,0,0,,,,,,,,,
1280292,2021/22,2021-11-09,"ACA Stadium,Mangalagiri",1,5.3,Meghalaya,Arunachal Pradesh,Kishan Lyngdoh,Chirag Khurana,Yab Niya,0,0,,,,,,,,,
1280292,2021/22,2021-11-09,"ACA Stadium,Mangalagiri",1,5.4,Meghalaya,Arunachal Pradesh,Kishan Lyngdoh,Chirag Khurana,Yab Niya,0,1,,,,1,,,,,
1280292,2021/22,2021-11-09,"ACA Stadium,Mangalagiri",1,5.5,Meghalaya,Arunachal Pradesh,Chirag Khurana,Kishan Lyngdoh,Yab Niya,4,0,,,,,,,,,
1280292,2021/22,2021-11-09,"ACA Stadium,Mangalagiri",1,5.6,Meghalaya,Arunachal Pradesh,Chirag Khurana,Kishan Lyngdoh,Yab Niya,3,0,,,,,,,,,
1280292,2021/22,2021-11-09,"ACA Stadium,Mangalagiri",1,6.1,Meghalaya,Arunachal Pradesh,Chirag Khurana,Kishan Lyngdoh,Kengo Bam,0,0,,,,,,,,,
1280292,2021/22,2021-11-09,"ACA Stadium,Mangalagiri",1,6.2,Meghalaya,Arunachal Pradesh,Chirag Khurana,Kishan Lyngdoh,Kengo Bam,4,0,,,,,,,,,
1280292,2021/22,2021-11-09,"ACA Stadium,Mangalagiri",1,6.3,Meghalaya,Arunachal Pradesh,Chirag Khurana,Kishan Lyngdoh,Kengo Bam,1,0,,,,,,,,,
1280292,2021/22,2021-11-09,"ACA Stadium,Mangalagiri",1,6.4,Meghalaya,Arunachal Pradesh,Kishan Lyngdoh,Chirag Khurana,Kengo Bam,0,0,,,,,,,,,
1280292,2021/22,2021-11-09,"ACA Stadium,Mangalagiri",1,6.5,Meghalaya,Arunachal Pradesh,Kishan Lyngdoh,Chirag Khurana,Kengo Bam,0,0,,,,,,,,,
1280292,2021/22,2021-11-09,"ACA Stadium,Mangalagiri",1,6.6,Meghalaya,Arunachal Pradesh,Kishan Lyngdoh,Chirag Khurana,Kengo Bam,0,0,,,,,,,,,
1280292,2021/22,2021-11-09,"ACA Stadium,Mangalagiri",1,7.1,Meghalaya,Arunachal Pradesh,Chirag Khurana,Kishan Lyngdoh,Techi Doria,1,0,,,,,,,,,
1280292,2021/22,2021-11-09,"ACA Stadium,Mangalagiri",1,7.2,Meghalaya,Arunachal Pradesh,Kishan Lyngdoh,Chirag Khurana,Techi Doria,0,0,,,,,,,,,
1280292,2021/22,2021-11-09,"ACA Stadium,Mangalagiri",1,7.3,Meghalaya,Arunachal Pradesh,Kishan Lyngdoh,Chirag Khurana,Techi Doria,1,0,,,,,,,,,
1280292,2021/22,2021-11-09,"ACA Stadium,Mangalagiri",1,7.4,Meghalaya,Arunachal Pradesh,Chirag Khurana,Kishan Lyngdoh,Techi Doria,2,0,,,,,,,,,
1280292,2021/22,2021-11-09,"ACA Stadium,Mangalagiri",1,7.5,Meghalaya,Arunachal Pradesh,Chirag Khurana,Kishan Lyngdoh,Techi Doria,1,0,,,,,,,,,
1280292,2021/22,2021-11-09,"ACA Stadium,Mangalagiri",1,7.6,Meghalaya,Arunachal Pradesh,Kishan Lyngdoh,Chirag Khurana,Techi Doria,1,0,,,,,,,,,
1280292,2021/22,2021-11-09,"ACA Stadium,Mangalagiri",1,8.1,Meghalaya,Arunachal Pradesh,Kishan Lyngdoh,Chirag Khurana,Kengo Bam,1,0,,,,,,,,,
1280292,2021/22,2021-11-09,"ACA Stadium,Mangalagiri",1,8.2,Meghalaya,Arunachal Pradesh,Chirag Khurana,Kishan Lyngdoh,Kengo Bam,4,0,,,,,,,,,
1280292,2021/22,2021-11-09,"ACA Stadium,Mangalagiri",1,8.3,Meghalaya,Arunachal Pradesh,Chirag Khurana,Kishan Lyngdoh,Kengo Bam,2,0,,,,,,,,,
1280292,2021/22,2021-11-09,"ACA Stadium,Mangalagiri",1,8.4,Meghalaya,Arunachal Pradesh,Chirag Khurana,Kishan Lyngdoh,Kengo Bam,0,0,,,,,,,,,
1280292,2021/22,2021-11-09,"ACA Stadium,Mangalagiri",1,8.5,Meghalaya,Arunachal Pradesh,Chirag Khurana,Kishan Lyngdoh,Kengo Bam,1,0,,,,,,,,,
1280292,2021/22,2021-11-09,"ACA Stadium,Mangalagiri",1,8.6,Meghalaya,Arunachal Pradesh,Kishan Lyngdoh,Chirag Khurana,Kengo Bam,1,0,,,,,,,,,
1280292,2021/22,2021-11-09,"ACA Stadium,Mangalagiri",1,9.1,Meghalaya,Arunachal Pradesh,Kishan Lyngdoh,Chirag Khurana,Techi Doria,0,0,,,,,,,,,
1280292,2021/22,2021-11-09,"ACA Stadium,Mangalagiri",1,9.2,Meghalaya,Arunachal Pradesh,Kishan Lyngdoh,Chirag Khurana,Techi Doria,6,0,,,,,,,,,
1280292,2021/22,2021-11-09,"ACA Stadium,Mangalagiri",1,9.3,Meghalaya,Arunachal Pradesh,Kishan Lyngdoh,Chirag Khurana,Techi Doria,1,0,,,,,,,,,
1280292,2021/22,2021-11-09,"ACA Stadium,Mangalagiri",1,9.4,Meghalaya,Arunachal Pradesh,Chirag Khurana,Kishan Lyngdoh,Techi Doria,2,0,,,,,,,,,
1280292,2021/22,2021-11-09,"ACA Stadium,Mangalagiri",1,9.5,Meghalaya,Arunachal Pradesh,Chirag Khurana,Kishan Lyngdoh,Techi Doria,0,0,,,,,,,,,
1280292,2021/22,2021-11-09,"ACA Stadium,Mangalagiri",1,9.6,Meghalaya,Arunachal Pradesh,Chirag Khurana,Kishan Lyngdoh,Techi Doria,1,0,,,,,,,,,
1280292,2021/22,2021-11-09,"ACA Stadium,Mangalagiri",1,10.1,Meghalaya,Arunachal Pradesh,Chirag Khurana,Kishan Lyngdoh,Manvan Patel,2,0,,,,,,,,,
1280292,2021/22,2021-11-09,"ACA Stadium,Mangalagiri",1,10.2,Meghalaya,Arunachal Pradesh,Chirag Khurana,Kishan Lyngdoh,Manvan Patel,1,0,,,,,,,,,
1280292,2021/22,2021-11-09,"ACA Stadium,Mangalagiri",1,10.3,Meghalaya,Arunachal Pradesh,Kishan Lyngdoh,Chirag Khurana,Manvan Patel,1,0,,,,,,,,,
1280292,2021/22,2021-11-09,"ACA Stadium,Mangalagiri",1,10.4,Meghalaya,Arunachal Pradesh,Chirag Khurana,Kishan Lyngdoh,Manvan Patel,1,0,,,,,,,,,
1280292,2021/22,2021-11-09,"ACA Stadium,Mangalagiri",1,10.5,Meghalaya,Arunachal Pradesh,Kishan Lyngdoh,Chirag Khurana,Manvan Patel,1,0,,,,,,,,,
1280292,2021/22,2021-11-09,"ACA Stadium,Mangalagiri",1,10.6,Meghalaya,Arunachal Pradesh,Chirag Khurana,Kishan Lyngdoh,Manvan Patel,2,0,,,,,,,,,
1280292,2021/22,2021-11-09,"ACA Stadium,Mangalagiri",1,11.1,Meghalaya,Arunachal Pradesh,Kishan Lyngdoh,Chirag Khurana,Techi Doria,1,0,,,,,,,,,
1280292,2021/22,2021-11-09,"ACA Stadium,Mangalagiri",1,11.2,Meghalaya,Arunachal Pradesh,Chirag Khurana,Kishan Lyngdoh,Techi Doria,1,0,,,,,,,,,
1280292,2021/22,2021-11-09,"ACA Stadium,Mangalagiri",1,11.3,Meghalaya,Arunachal Pradesh,Kishan Lyngdoh,Chirag Khurana,Techi Doria,4,0,,,,,,,,,
1280292,2021/22,2021-11-09,"ACA Stadium,Mangalagiri",1,11.4,Meghalaya,Arunachal Pradesh,Kishan Lyngdoh,Chirag Khurana,Techi Doria,1,0,,,,,,,,,
1280292,2021/22,2021-11-09,"ACA Stadium,Mangalagiri",1,11.5,Meghalaya,Arunachal Pradesh,Chirag Khurana,Kishan Lyngdoh,Techi Doria,1,0,,,,,,,,,
1280292,2021/22,2021-11-09,"ACA Stadium,Mangalagiri",1,11.6,Meghalaya,Arunachal Pradesh,Kishan Lyngdoh,Chirag Khurana,Techi Doria,1,0,,,,,,,,,
1280292,2021/22,2021-11-09,"ACA Stadium,Mangalagiri",1,12.1,Meghalaya,Arunachal Pradesh,Kishan Lyngdoh,Chirag Khurana,Manvan Patel,0,0,,,,,,,,,
1280292,2021/22,2021-11-09,"ACA Stadium,Mangalagiri",1,12.2,Meghalaya,Arunachal Pradesh,Kishan Lyngdoh,Chirag Khurana,Manvan Patel,1,0,,,,,,,,,
1280292,2021/22,2021-11-09,"ACA Stadium,Mangalagiri",1,12.3,Meghalaya,Arunachal Pradesh,Chirag Khurana,Kishan Lyngdoh,Manvan Patel,1,0,,,,,,,,,
1280292,2021/22,2021-11-09,"ACA Stadium,Mangalagiri",1,12.4,Meghalaya,Arunachal Pradesh,Kishan Lyngdoh,Chirag Khurana,Manvan Patel,4,0,,,,,,,,,
1280292,2021/22,2021-11-09,"ACA Stadium,Mangalagiri",1,12.5,Meghalaya,Arunachal Pradesh,Kishan Lyngdoh,Chirag Khurana,Manvan Patel,4,0,,,,,,,,,
1280292,2021/22,2021-11-09,"ACA Stadium,Mangalagiri",1,12.6,Meghalaya,Arunachal Pradesh,Kishan Lyngdoh,Chirag Khurana,Manvan Patel,1,0,,,,,,,,,
1280292,2021/22,2021-11-09,"ACA Stadium,Mangalagiri",1,13.1,Meghalaya,Arunachal Pradesh,Kishan Lyngdoh,Chirag Khurana,Kengo Bam,4,0,,,,,,,,,
1280292,2021/22,2021-11-09,"ACA Stadium,Mangalagiri",1,13.2,Meghalaya,Arunachal Pradesh,Kishan Lyngdoh,Chirag Khurana,Kengo Bam,1,0,,,,,,,,,
1280292,2021/22,2021-11-09,"ACA Stadium,Mangalagiri",1,13.3,Meghalaya,Arunachal Pradesh,Chirag Khurana,Kishan Lyngdoh,Kengo Bam,1,0,,,,,,,,,
1280292,2021/22,2021-11-09,"ACA Stadium,Mangalagiri",1,13.4,Meghalaya,Arunachal Pradesh,Kishan Lyngdoh,Chirag Khurana,Kengo Bam,4,0,,,,,,,,,
1280292,2021/22,2021-11-09,"ACA Stadium,Mangalagiri",1,13.5,Meghalaya,Arunachal Pradesh,Kishan Lyngdoh,Chirag Khurana,Kengo Bam,4,0,,,,,,,,,
1280292,2021/22,2021-11-09,"ACA Stadium,Mangalagiri",1,13.6,Meghalaya,Arunachal Pradesh,Kishan Lyngdoh,Chirag Khurana,Kengo Bam,2,0,,,,,,,,,
1280292,2021/22,2021-11-09,"ACA Stadium,Mangalagiri",1,14.1,Meghalaya,Arunachal Pradesh,Chirag Khurana,Kishan Lyngdoh,Manvan Patel,4,0,,,,,,,,,
1280292,2021/22,2021-11-09,"ACA Stadium,Mangalagiri",1,14.2,Meghalaya,Arunachal Pradesh,Chirag Khurana,Kishan Lyngdoh,Manvan Patel,1,0,,,,,,,,,
1280292,2021/22,2021-11-09,"ACA Stadium,Mangalagiri",1,14.3,Meghalaya,Arunachal Pradesh,Kishan Lyngdoh,Chirag Khurana,Manvan Patel,4,0,,,,,,,,,
1280292,2021/22,2021-11-09,"ACA Stadium,Mangalagiri",1,14.4,Meghalaya,Arunachal Pradesh,Kishan Lyngdoh,Chirag Khurana,Manvan Patel,0,0,,,,,,caught,Kishan Lyngdoh,,
1280292,2021/22,2021-11-09,"ACA Stadium,Mangalagiri",1,14.5,Meghalaya,Arunachal Pradesh,Chirag Khurana,Punit Bisht,Manvan Patel,4,0,,,,,,,,,
1280292,2021/22,2021-11-09,"ACA Stadium,Mangalagiri",1,14.6,Meghalaya,Arunachal Pradesh,Chirag Khurana,Punit Bisht,Manvan Patel,1,0,,,,,,,,,
1280292,2021/22,2021-11-09,"ACA Stadium,Mangalagiri",1,15.1,Meghalaya,Arunachal Pradesh,Chirag Khurana,Punit Bisht,Kengo Bam,1,0,,,,,,,,,
1280292,2021/22,2021-11-09,"ACA Stadium,Mangalagiri",1,15.2,Meghalaya,Arunachal Pradesh,Punit Bisht,Chirag Khurana,Kengo Bam,0,0,,,,,,,,,
1280292,2021/22,2021-11-09,"ACA Stadium,Mangalagiri",1,15.3,Meghalaya,Arunachal Pradesh,Punit Bisht,Chirag Khurana,Kengo Bam,1,0,,,,,,,,,
1280292,2021/22,2021-11-09,"ACA Stadium,Mangalagiri",1,15.4,Meghalaya,Arunachal Pradesh,Chirag Khurana,Punit Bisht,Kengo Bam,4,0,,,,,,,,,
1280292,2021/22,2021-11-09,"ACA Stadium,Mangalagiri",1,15.5,Meghalaya,Arunachal Pradesh,Chirag Khurana,Punit Bisht,Kengo Bam,4,0,,,,,,,,,
1280292,2021/22,2021-11-09,"ACA Stadium,Mangalagiri",1,15.6,Meghalaya,Arunachal Pradesh,Chirag Khurana,Punit Bisht,Kengo Bam,1,0,,,,,,,,,
1280292,2021/22,2021-11-09,"ACA Stadium,Mangalagiri",1,16.1,Meghalaya,Arunachal Pradesh,Chirag Khurana,Punit Bisht,Yab Niya,4,0,,,,,,,,,
1280292,2021/22,2021-11-09,"ACA Stadium,Mangalagiri",1,16.2,Meghalaya,Arunachal Pradesh,Chirag Khurana,Punit Bisht,Yab Niya,4,0,,,,,,,,,
1280292,2021/22,2021-11-09,"ACA Stadium,Mangalagiri",1,16.3,Meghalaya,Arunachal Pradesh,Chirag Khurana,Punit Bisht,Yab Niya,2,0,,,,,,,,,
1280292,2021/22,2021-11-09,"ACA Stadium,Mangalagiri",1,16.4,Meghalaya,Arunachal Pradesh,Chirag Khurana,Punit Bisht,Yab Niya,1,0,,,,,,,,,
1280292,2021/22,2021-11-09,"ACA Stadium,Mangalagiri",1,16.5,Meghalaya,Arunachal Pradesh,Punit Bisht,Chirag Khurana,Yab Niya,4,0,,,,,,,,,
1280292,2021/22,2021-11-09,"ACA Stadium,Mangalagiri",1,16.6,Meghalaya,Arunachal Pradesh,Punit Bisht,Chirag Khurana,Yab Niya,2,0,,,,,,,,,
1280292,2021/22,2021-11-09,"ACA Stadium,Mangalagiri",1,17.1,Meghalaya,Arunachal Pradesh,Chirag Khurana,Punit Bisht,Akhilesh Sahani,0,0,,,,,,caught,Chirag Khurana,,
1280292,2021/22,2021-11-09,"ACA Stadium,Mangalagiri",1,17.2,Meghalaya,Arunachal Pradesh,Punit Bisht,Yogesh Tiwari,Akhilesh Sahani,0,0,,,,,,,,,
1280292,2021/22,2021-11-09,"ACA Stadium,Mangalagiri",1,17.3,Meghalaya,Arunachal Pradesh,Punit Bisht,Yogesh Tiwari,Akhilesh Sahani,2,0,,,,,,,,,
1280292,2021/22,2021-11-09,"ACA Stadium,Mangalagiri",1,17.4,Meghalaya,Arunachal Pradesh,Punit Bisht,Yogesh Tiwari,Akhilesh Sahani,1,0,,,,,,,,,
1280292,2021/22,2021-11-09,"ACA Stadium,Mangalagiri",1,17.5,Meghalaya,Arunachal Pradesh,Yogesh Tiwari,Punit Bisht,Akhilesh Sahani,0,0,,,,,,caught,Yogesh Tiwari,,
1280292,2021/22,2021-11-09,"ACA Stadium,Mangalagiri",1,17.6,Meghalaya,Arunachal Pradesh,Punit Bisht,DB Ravi Teja,Akhilesh Sahani,4,0,,,,,,,,,
1280292,2021/22,2021-11-09,"ACA Stadium,Mangalagiri",1,18.1,Meghalaya,Arunachal Pradesh,DB Ravi Teja,Punit Bisht,Techi Doria,0,0,,,,,,,,,
1280292,2021/22,2021-11-09,"ACA Stadium,Mangalagiri",1,18.2,Meghalaya,Arunachal Pradesh,DB Ravi Teja,Punit Bisht,Techi Doria,0,1,1,,,,,,,,
1280292,2021/22,2021-11-09,"ACA Stadium,Mangalagiri",1,18.3,Meghalaya,Arunachal Pradesh,DB Ravi Teja,Punit Bisht,Techi Doria,0,1,1,,,,,,,,
1280292,2021/22,2021-11-09,"ACA Stadium,Mangalagiri",1,18.4,Meghalaya,Arunachal Pradesh,DB Ravi Teja,Punit Bisht,Techi Doria,0,1,1,,,,,,,,
1280292,2021/22,2021-11-09,"ACA Stadium,Mangalagiri",1,18.5,Meghalaya,Arunachal Pradesh,DB Ravi Teja,Punit Bisht,Techi Doria,1,0,,,,,,,,,
1280292,2021/22,2021-11-09,"ACA Stadium,Mangalagiri",1,18.6,Meghalaya,Arunachal Pradesh,Punit Bisht,DB Ravi Teja,Techi Doria,0,1,1,,,,,,,,
1280292,2021/22,2021-11-09,"ACA Stadium,Mangalagiri",1,18.7,Meghalaya,Arunachal Pradesh,Punit Bisht,DB Ravi Teja,Techi Doria,2,0,,,,,,,,,
1280292,2021/22,2021-11-09,"ACA Stadium,Mangalagiri",1,18.8,Meghalaya,Arunachal Pradesh,Punit Bisht,DB Ravi Teja,Techi Doria,1,0,,,,,,,,,
1280292,2021/22,2021-11-09,"ACA Stadium,Mangalagiri",1,18.9,Meghalaya,Arunachal Pradesh,DB Ravi Teja,Punit Bisht,Techi Doria,1,0,,,,,,,,,
1280292,2021/22,2021-11-09,"ACA Stadium,Mangalagiri",1,18.10,Meghalaya,Arunachal Pradesh,Punit Bisht,DB Ravi Teja,Techi Doria,1,0,,,,,,,,,
1280292,2021/22,2021-11-09,"ACA Stadium,Mangalagiri",1,19.1,Meghalaya,Arunachal Pradesh,Punit Bisht,DB Ravi Teja,Akhilesh Sahani,2,0,,,,,,,,,
1280292,2021/22,2021-11-09,"ACA Stadium,Mangalagiri",1,19.2,Meghalaya,Arunachal Pradesh,Punit Bisht,DB Ravi Teja,Akhilesh Sahani,1,0,,,,,,,,,
1280292,2021/22,2021-11-09,"ACA Stadium,Mangalagiri",1,19.3,Meghalaya,Arunachal Pradesh,DB Ravi Teja,Punit Bisht,Akhilesh Sahani,1,0,,,,,,,,,
1280292,2021/22,2021-11-09,"ACA Stadium,Mangalagiri",1,19.4,Meghalaya,Arunachal Pradesh,Punit Bisht,DB Ravi Teja,Akhilesh Sahani,0,0,,,,,,,,,
1280292,2021/22,2021-11-09,"ACA Stadium,Mangalagiri",1,19.5,Meghalaya,Arunachal Pradesh,Punit Bisht,DB Ravi Teja,Akhilesh Sahani,1,0,,,,,,,,,
1280292,2021/22,2021-11-09,"ACA Stadium,Mangalagiri",1,19.6,Meghalaya,Arunachal Pradesh,DB Ravi Teja,Punit Bisht,Akhilesh Sahani,1,0,,,,,,,,,
1280292,2021/22,2021-11-09,"ACA Stadium,Mangalagiri",2,0.1,Arunachal Pradesh,Meghalaya,Techi Doria,Song Tacho,Anish Charak,4,0,,,,,,,,,
1280292,2021/22,2021-11-09,"ACA Stadium,Mangalagiri",2,0.2,Arunachal Pradesh,Meghalaya,Techi Doria,Song Tacho,Anish Charak,0,0,,,,,,,,,
1280292,2021/22,2021-11-09,"ACA Stadium,Mangalagiri",2,0.3,Arunachal Pradesh,Meghalaya,Techi Doria,Song Tacho,Anish Charak,0,0,,,,,,,,,
1280292,2021/22,2021-11-09,"ACA Stadium,Mangalagiri",2,0.4,Arunachal Pradesh,Meghalaya,Techi Doria,Song Tacho,Anish Charak,4,0,,,,,,,,,
1280292,2021/22,2021-11-09,"ACA Stadium,Mangalagiri",2,0.5,Arunachal Pradesh,Meghalaya,Techi Doria,Song Tacho,Anish Charak,0,0,,,,,,,,,
1280292,2021/22,2021-11-09,"ACA Stadium,Mangalagiri",2,0.6,Arunachal Pradesh,Meghalaya,Techi Doria,Song Tacho,Anish Charak,0,0,,,,,,,,,
1280292,2021/22,2021-11-09,"ACA Stadium,Mangalagiri",2,1.1,Arunachal Pradesh,Meghalaya,Song Tacho,Techi Doria,Akash Choudhary,0,0,,,,,,,,,
1280292,2021/22,2021-11-09,"ACA Stadium,Mangalagiri",2,1.2,Arunachal Pradesh,Meghalaya,Song Tacho,Techi Doria,Akash Choudhary,0,0,,,,,,,,,
1280292,2021/22,2021-11-09,"ACA Stadium,Mangalagiri",2,1.3,Arunachal Pradesh,Meghalaya,Song Tacho,Techi Doria,Akash Choudhary,2,0,,,,,,,,,
1280292,2021/22,2021-11-09,"ACA Stadium,Mangalagiri",2,1.4,Arunachal Pradesh,Meghalaya,Song Tacho,Techi Doria,Akash Choudhary,1,0,,,,,,,,,
1280292,2021/22,2021-11-09,"ACA Stadium,Mangalagiri",2,1.5,Arunachal Pradesh,Meghalaya,Techi Doria,Song Tacho,Akash Choudhary,0,0,,,,,,lbw,Techi Doria,,
1280292,2021/22,2021-11-09,"ACA Stadium,Mangalagiri",2,1.6,Arunachal Pradesh,Meghalaya,Techi Neri,Song Tacho,Akash Choudhary,0,0,,,,,,,,,
1280292,2021/22,2021-11-09,"ACA Stadium,Mangalagiri",2,2.1,Arunachal Pradesh,Meghalaya,Song Tacho,Techi Neri,Chengkam Sangma,0,0,,,,,,,,,
1280292,2021/22,2021-11-09,"ACA Stadium,Mangalagiri",2,2.2,Arunachal Pradesh,Meghalaya,Song Tacho,Techi Neri,Chengkam Sangma,2,0,,,,,,,,,
1280292,2021/22,2021-11-09,"ACA Stadium,Mangalagiri",2,2.3,Arunachal Pradesh,Meghalaya,Song Tacho,Techi Neri,Chengkam Sangma,0,0,,,,,,,,,
1280292,2021/22,2021-11-09,"ACA Stadium,Mangalagiri",2,2.4,Arunachal Pradesh,Meghalaya,Song Tacho,Techi Neri,Chengkam Sangma,1,0,,,,,,,,,
1280292,2021/22,2021-11-09,"ACA Stadium,Mangalagiri",2,2.5,Arunachal Pradesh,Meghalaya,Techi Neri,Song Tacho,Chengkam Sangma,0,0,,,,,,,,,
1280292,2021/22,2021-11-09,"ACA Stadium,Mangalagiri",2,2.6,Arunachal Pradesh,Meghalaya,Techi Neri,Song Tacho,Chengkam Sangma,0,0,,,,,,,,,
1280292,2021/22,2021-11-09,"ACA Stadium,Mangalagiri",2,3.1,Arunachal Pradesh,Meghalaya,Song Tacho,Techi Neri,Akash Choudhary,4,0,,,,,,,,,
1280292,2021/22,2021-11-09,"ACA Stadium,Mangalagiri",2,3.2,Arunachal Pradesh,Meghalaya,Song Tacho,Techi Neri,Akash Choudhary,0,0,,,,,,,,,
1280292,2021/22,2021-11-09,"ACA Stadium,Mangalagiri",2,3.3,Arunachal Pradesh,Meghalaya,Song Tacho,Techi Neri,Akash Choudhary,1,0,,,,,,,,,
1280292,2021/22,2021-11-09,"ACA Stadium,Mangalagiri",2,3.4,Arunachal Pradesh,Meghalaya,Techi Neri,Song Tacho,Akash Choudhary,1,0,,,,,,,,,
1280292,2021/22,2021-11-09,"ACA Stadium,Mangalagiri",2,3.5,Arunachal Pradesh,Meghalaya,Song Tacho,Techi Neri,Akash Choudhary,2,0,,,,,,,,,
1280292,2021/22,2021-11-09,"ACA Stadium,Mangalagiri",2,3.6,Arunachal Pradesh,Meghalaya,Song Tacho,Techi Neri,Akash Choudhary,1,0,,,,,,,,,
1280292,2021/22,2021-11-09,"ACA Stadium,Mangalagiri",2,4.1,Arunachal Pradesh,Meghalaya,Song Tacho,Techi Neri,Chengkam Sangma,0,0,,,,,,,,,
1280292,2021/22,2021-11-09,"ACA Stadium,Mangalagiri",2,4.2,Arunachal Pradesh,Meghalaya,Song Tacho,Techi Neri,Chengkam Sangma,0,0,,,,,,,,,
1280292,2021/22,2021-11-09,"ACA Stadium,Mangalagiri",2,4.3,Arunachal Pradesh,Meghalaya,Song Tacho,Techi Neri,Chengkam Sangma,1,0,,,,,,,,,
1280292,2021/22,2021-11-09,"ACA Stadium,Mangalagiri",2,4.4,Arunachal Pradesh,Meghalaya,Techi Neri,Song Tacho,Chengkam Sangma,6,0,,,,,,,,,
1280292,2021/22,2021-11-09,"ACA Stadium,Mangalagiri",2,4.5,Arunachal Pradesh,Meghalaya,Techi Neri,Song Tacho,Chengkam Sangma,0,0,,,,,,,,,
1280292,2021/22,2021-11-09,"ACA Stadium,Mangalagiri",2,4.6,Arunachal Pradesh,Meghalaya,Techi Neri,Song Tacho,Chengkam Sangma,0,0,,,,,,,,,
1280292,2021/22,2021-11-09,"ACA Stadium,Mangalagiri",2,5.1,Arunachal Pradesh,Meghalaya,Song Tacho,Techi Neri,Dippu Sangma,0,0,,,,,,,,,
1280292,2021/22,2021-11-09,"ACA Stadium,Mangalagiri",2,5.2,Arunachal Pradesh,Meghalaya,Song Tacho,Techi Neri,Dippu Sangma,1,0,,,,,,,,,
1280292,2021/22,2021-11-09,"ACA Stadium,Mangalagiri",2,5.3,Arunachal Pradesh,Meghalaya,Techi Neri,Song Tacho,Dippu Sangma,4,0,,,,,,,,,
1280292,2021/22,2021-11-09,"ACA Stadium,Mangalagiri",2,5.4,Arunachal Pradesh,Meghalaya,Techi Neri,Song Tacho,Dippu Sangma,0,0,,,,,,,,,
1280292,2021/22,2021-11-09,"ACA Stadium,Mangalagiri",2,5.5,Arunachal Pradesh,Meghalaya,Techi Neri,Song Tacho,Dippu Sangma,0,0,,,,,,,,,
1280292,2021/22,2021-11-09,"ACA Stadium,Mangalagiri",2,5.6,Arunachal Pradesh,Meghalaya,Techi Neri,Song Tacho,Dippu Sangma,4,0,,,,,,,,,
1280292,2021/22,2021-11-09,"ACA Stadium,Mangalagiri",2,6.1,Arunachal Pradesh,Meghalaya,Song Tacho,Techi Neri,Himan Phukan,2,0,,,,,,,,,
1280292,2021/22,2021-11-09,"ACA Stadium,Mangalagiri",2,6.2,Arunachal Pradesh,Meghalaya,Song Tacho,Techi Neri,Himan Phukan,1,0,,,,,,,,,
1280292,2021/22,2021-11-09,"ACA Stadium,Mangalagiri",2,6.3,Arunachal Pradesh,Meghalaya,Techi Neri,Song Tacho,Himan Phukan,1,0,,,,,,,,,
1280292,2021/22,2021-11-09,"ACA Stadium,Mangalagiri",2,6.4,Arunachal Pradesh,Meghalaya,Song Tacho,Techi Neri,Himan Phukan,1,0,,,,,,,,,
1280292,2021/22,2021-11-09,"ACA Stadium,Mangalagiri",2,6.5,Arunachal Pradesh,Meghalaya,Techi Neri,Song Tacho,Himan Phukan,0,0,,,,,,,,,
1280292,2021/22,2021-11-09,"ACA Stadium,Mangalagiri",2,6.6,Arunachal Pradesh,Meghalaya,Techi Neri,Song Tacho,Himan Phukan,1,0,,,,,,,,,
1280292,2021/22,2021-11-09,"ACA Stadium,Mangalagiri",2,7.1,Arunachal Pradesh,Meghalaya,Techi Neri,Song Tacho,Dippu Sangma,0,1,1,,,,,,,,
1280292,2021/22,2021-11-09,"ACA Stadium,Mangalagiri",2,7.2,Arunachal Pradesh,Meghalaya,Techi Neri,Song Tacho,Dippu Sangma,0,0,,,,,,,,,
1280292,2021/22,2021-11-09,"ACA Stadium,Mangalagiri",2,7.3,Arunachal Pradesh,Meghalaya,Techi Neri,Song Tacho,Dippu Sangma,1,0,,,,,,,,,
1280292,2021/22,2021-11-09,"ACA Stadium,Mangalagiri",2,7.4,Arunachal Pradesh,Meghalaya,Song Tacho,Techi Neri,Dippu Sangma,0,0,,,,,,,,,
1280292,2021/22,2021-11-09,"ACA Stadium,Mangalagiri",2,7.5,Arunachal Pradesh,Meghalaya,Song Tacho,Techi Neri,Dippu Sangma,1,0,,,,,,,,,
1280292,2021/22,2021-11-09,"ACA Stadium,Mangalagiri",2,7.6,Arunachal Pradesh,Meghalaya,Techi Neri,Song Tacho,Dippu Sangma,0,0,,,,,,,,,
1280292,2021/22,2021-11-09,"ACA Stadium,Mangalagiri",2,7.7,Arunachal Pradesh,Meghalaya,Techi Neri,Song Tacho,Dippu Sangma,0,0,,,,,,,,,
1280292,2021/22,2021-11-09,"ACA Stadium,Mangalagiri",2,8.1,Arunachal Pradesh,Meghalaya,Song Tacho,Techi Neri,Himan Phukan,0,0,,,,,,,,,
1280292,2021/22,2021-11-09,"ACA Stadium,Mangalagiri",2,8.2,Arunachal Pradesh,Meghalaya,Song Tacho,Techi Neri,Himan Phukan,0,0,,,,,,,,,
1280292,2021/22,2021-11-09,"ACA Stadium,Mangalagiri",2,8.3,Arunachal Pradesh,Meghalaya,Song Tacho,Techi Neri,Himan Phukan,1,0,,,,,,,,,
1280292,2021/22,2021-11-09,"ACA Stadium,Mangalagiri",2,8.4,Arunachal Pradesh,Meghalaya,Techi Neri,Song Tacho,Himan Phukan,1,0,,,,,,,,,
1280292,2021/22,2021-11-09,"ACA Stadium,Mangalagiri",2,8.5,Arunachal Pradesh,Meghalaya,Song Tacho,Techi Neri,Himan Phukan,1,0,,,,,,,,,
1280292,2021/22,2021-11-09,"ACA Stadium,Mangalagiri",2,8.6,Arunachal Pradesh,Meghalaya,Techi Neri,Song Tacho,Himan Phukan,0,0,,,,,,,,,
1280292,2021/22,2021-11-09,"ACA Stadium,Mangalagiri",2,9.1,Arunachal Pradesh,Meghalaya,Song Tacho,Techi Neri,Dippu Sangma,0,0,,,,,,,,,
1280292,2021/22,2021-11-09,"ACA Stadium,Mangalagiri",2,9.2,Arunachal Pradesh,Meghalaya,Song Tacho,Techi Neri,Dippu Sangma,1,0,,,,,,,,,
1280292,2021/22,2021-11-09,"ACA Stadium,Mangalagiri",2,9.3,Arunachal Pradesh,Meghalaya,Techi Neri,Song Tacho,Dippu Sangma,0,0,,,,,,,,,
1280292,2021/22,2021-11-09,"ACA Stadium,Mangalagiri",2,9.4,Arunachal Pradesh,Meghalaya,Techi Neri,Song Tacho,Dippu Sangma,1,0,,,,,,,,,
1280292,2021/22,2021-11-09,"ACA Stadium,Mangalagiri",2,9.5,Arunachal Pradesh,Meghalaya,Song Tacho,Techi Neri,Dippu Sangma,0,1,1,,,,,stumped,Song Tacho,,
1280292,2021/22,2021-11-09,"ACA Stadium,Mangalagiri",2,9.6,Arunachal Pradesh,Meghalaya,Techi Sonam,Techi Neri,Dippu Sangma,0,0,,,,,,,,,
1280292,2021/22,2021-11-09,"ACA Stadium,Mangalagiri",2,9.7,Arunachal Pradesh,Meghalaya,Techi Sonam,Techi Neri,Dippu Sangma,0,0,,,,,,,,,
1280292,2021/22,2021-11-09,"ACA Stadium,Mangalagiri",2,10.1,Arunachal Pradesh,Meghalaya,Techi Neri,Techi Sonam,Himan Phukan,1,0,,,,,,,,,
1280292,2021/22,2021-11-09,"ACA Stadium,Mangalagiri",2,10.2,Arunachal Pradesh,Meghalaya,Techi Sonam,Techi Neri,Himan Phukan,0,1,1,,,,,,,,
1280292,2021/22,2021-11-09,"ACA Stadium,Mangalagiri",2,10.3,Arunachal Pradesh,Meghalaya,Techi Sonam,Techi Neri,Himan Phukan,0,0,,,,,,,,,
1280292,2021/22,2021-11-09,"ACA Stadium,Mangalagiri",2,10.4,Arunachal Pradesh,Meghalaya,Techi Sonam,Techi Neri,Himan Phukan,0,0,,,,,,,,,
1280292,2021/22,2021-11-09,"ACA Stadium,Mangalagiri",2,10.5,Arunachal Pradesh,Meghalaya,Techi Sonam,Techi Neri,Himan Phukan,0,0,,,,,,bowled,Techi Sonam,,
1280292,2021/22,2021-11-09,"ACA Stadium,Mangalagiri",2,10.6,Arunachal Pradesh,Meghalaya,Indiya Toku,Techi Neri,Himan Phukan,0,0,,,,,,,,,
1280292,2021/22,2021-11-09,"ACA Stadium,Mangalagiri",2,10.7,Arunachal Pradesh,Meghalaya,Indiya Toku,Techi Neri,Himan Phukan,0,0,,,,,,,,,
1280292,2021/22,2021-11-09,"ACA Stadium,Mangalagiri",2,11.1,Arunachal Pradesh,Meghalaya,Techi Neri,Indiya Toku,Chirag Khurana,1,0,,,,,,,,,
1280292,2021/22,2021-11-09,"ACA Stadium,Mangalagiri",2,11.2,Arunachal Pradesh,Meghalaya,Indiya Toku,Techi Neri,Chirag Khurana,1,0,,,,,,,,,
1280292,2021/22,2021-11-09,"ACA Stadium,Mangalagiri",2,11.3,Arunachal Pradesh,Meghalaya,Techi Neri,Indiya Toku,Chirag Khurana,1,0,,,,,,,,,
1280292,2021/22,2021-11-09,"ACA Stadium,Mangalagiri",2,11.4,Arunachal Pradesh,Meghalaya,Indiya Toku,Techi Neri,Chirag Khurana,0,0,,,,,,,,,
1280292,2021/22,2021-11-09,"ACA Stadium,Mangalagiri",2,11.5,Arunachal Pradesh,Meghalaya,Indiya Toku,Techi Neri,Chirag Khurana,0,0,,,,,,,,,
1280292,2021/22,2021-11-09,"ACA Stadium,Mangalagiri",2,11.6,Arunachal Pradesh,Meghalaya,Indiya Toku,Techi Neri,Chirag Khurana,0,0,,,,,,lbw,Indiya Toku,,
1280292,2021/22,2021-11-09,"ACA Stadium,Mangalagiri",2,12.1,Arunachal Pradesh,Meghalaya,Techi Neri,Suraj Tayam,Himan Phukan,1,0,,,,,,,,,
1280292,2021/22,2021-11-09,"ACA Stadium,Mangalagiri",2,12.2,Arunachal Pradesh,Meghalaya,Suraj Tayam,Techi Neri,Himan Phukan,0,0,,,,,,,,,
1280292,2021/22,2021-11-09,"ACA Stadium,Mangalagiri",2,12.3,Arunachal Pradesh,Meghalaya,Suraj Tayam,Techi Neri,Himan Phukan,2,0,,,,,,,,,
1280292,2021/22,2021-11-09,"ACA Stadium,Mangalagiri",2,12.4,Arunachal Pradesh,Meghalaya,Suraj Tayam,Techi Neri,Himan Phukan,1,0,,,,,,,,,
1280292,2021/22,2021-11-09,"ACA Stadium,Mangalagiri",2,12.5,Arunachal Pradesh,Meghalaya,Techi Neri,Suraj Tayam,Himan Phukan,0,0,,,,,,,,,
1280292,2021/22,2021-11-09,"ACA Stadium,Mangalagiri",2,12.6,Arunachal Pradesh,Meghalaya,Techi Neri,Suraj Tayam,Himan Phukan,1,0,,,,,,,,,
1280292,2021/22,2021-11-09,"ACA Stadium,Mangalagiri",2,13.1,Arunachal Pradesh,Meghalaya,Techi Neri,Suraj Tayam,Chirag Khurana,0,0,,,,,,,,,
1280292,2021/22,2021-11-09,"ACA Stadium,Mangalagiri",2,13.2,Arunachal Pradesh,Meghalaya,Techi Neri,Suraj Tayam,Chirag Khurana,1,0,,,,,,,,,
1280292,2021/22,2021-11-09,"ACA Stadium,Mangalagiri",2,13.3,Arunachal Pradesh,Meghalaya,Suraj Tayam,Techi Neri,Chirag Khurana,0,0,,,,,,,,,
1280292,2021/22,2021-11-09,"ACA Stadium,Mangalagiri",2,13.4,Arunachal Pradesh,Meghalaya,Suraj Tayam,Techi Neri,Chirag Khurana,0,0,,,,,,,,,
1280292,2021/22,2021-11-09,"ACA Stadium,Mangalagiri",2,13.5,Arunachal Pradesh,Meghalaya,Suraj Tayam,Techi Neri,Chirag Khurana,0,2,,,,2,,,,,
1280292,2021/22,2021-11-09,"ACA Stadium,Mangalagiri",2,13.6,Arunachal Pradesh,Meghalaya,Suraj Tayam,Techi Neri,Chirag Khurana,4,0,,,,,,,,,
1280292,2021/22,2021-11-09,"ACA Stadium,Mangalagiri",2,14.1,Arunachal Pradesh,Meghalaya,Techi Neri,Suraj Tayam,DB Ravi Teja,0,0,,,,,,,,,
1280292,2021/22,2021-11-09,"ACA Stadium,Mangalagiri",2,14.2,Arunachal Pradesh,Meghalaya,Techi Neri,Suraj Tayam,DB Ravi Teja,0,0,,,,,,caught,Techi Neri,,
1280292,2021/22,2021-11-09,"ACA Stadium,Mangalagiri",2,14.3,Arunachal Pradesh,Meghalaya,Vijay Rao,Suraj Tayam,DB Ravi Teja,1,0,,,,,,,,,
1280292,2021/22,2021-11-09,"ACA Stadium,Mangalagiri",2,14.4,Arunachal Pradesh,Meghalaya,Suraj Tayam,Vijay Rao,DB Ravi Teja,0,0,,,,,,,,,
1280292,2021/22,2021-11-09,"ACA Stadium,Mangalagiri",2,14.5,Arunachal Pradesh,Meghalaya,Suraj Tayam,Vijay Rao,DB Ravi Teja,0,0,,,,,,,,,
1280292,2021/22,2021-11-09,"ACA Stadium,Mangalagiri",2,14.6,Arunachal Pradesh,Meghalaya,Suraj Tayam,Vijay Rao,DB Ravi Teja,1,0,,,,,,,,,
1280292,2021/22,2021-11-09,"ACA Stadium,Mangalagiri",2,15.1,Arunachal Pradesh,Meghalaya,Suraj Tayam,Vijay Rao,Chirag Khurana,1,0,,,,,,,,,
1280292,2021/22,2021-11-09,"ACA Stadium,Mangalagiri",2,15.2,Arunachal Pradesh,Meghalaya,Vijay Rao,Suraj Tayam,Chirag Khurana,0,0,,,,,,bowled,Vijay Rao,,
1280292,2021/22,2021-11-09,"ACA Stadium,Mangalagiri",2,15.3,Arunachal Pradesh,Meghalaya,Akhilesh Sahani,Suraj Tayam,Chirag Khurana,1,0,,,,,,,,,
1280292,2021/22,2021-11-09,"ACA Stadium,Mangalagiri",2,15.4,Arunachal Pradesh,Meghalaya,Suraj Tayam,Akhilesh Sahani,Chirag Khurana,1,0,,,,,,,,,
1280292,2021/22,2021-11-09,"ACA Stadium,Mangalagiri",2,15.5,Arunachal Pradesh,Meghalaya,Akhilesh Sahani,Suraj Tayam,Chirag Khurana,0,0,,,,,,,,,
1280292,2021/22,2021-11-09,"ACA Stadium,Mangalagiri",2,15.6,Arunachal Pradesh,Meghalaya,Akhilesh Sahani,Suraj Tayam,Chirag Khurana,1,0,,,,,,,,,
1280292,2021/22,2021-11-09,"ACA Stadium,Mangalagiri",2,16.1,Arunachal Pradesh,Meghalaya,Akhilesh Sahani,Suraj Tayam,Kishan Lyngdoh,1,0,,,,,,,,,
1280292,2021/22,2021-11-09,"ACA Stadium,Mangalagiri",2,16.2,Arunachal Pradesh,Meghalaya,Suraj Tayam,Akhilesh Sahani,Kishan Lyngdoh,0,0,,,,,,,,,
1280292,2021/22,2021-11-09,"ACA Stadium,Mangalagiri",2,16.3,Arunachal Pradesh,Meghalaya,Suraj Tayam,Akhilesh Sahani,Kishan Lyngdoh,1,0,,,,,,,,,
1280292,2021/22,2021-11-09,"ACA Stadium,Mangalagiri",2,16.4,Arunachal Pradesh,Meghalaya,Akhilesh Sahani,Suraj Tayam,Kishan Lyngdoh,1,0,,,,,,,,,
1280292,2021/22,2021-11-09,"ACA Stadium,Mangalagiri",2,16.5,Arunachal Pradesh,Meghalaya,Suraj Tayam,Akhilesh Sahani,Kishan Lyngdoh,1,0,,,,,,,,,
1280292,2021/22,2021-11-09,"ACA Stadium,Mangalagiri",2,16.6,Arunachal Pradesh,Meghalaya,Akhilesh Sahani,Suraj Tayam,Kishan Lyngdoh,1,0,,,,,,,,,
1280292,2021/22,2021-11-09,"ACA Stadium,Mangalagiri",2,17.1,Arunachal Pradesh,Meghalaya,Akhilesh Sahani,Suraj Tayam,Akash Choudhary,1,0,,,,,,,,,
1280292,2021/22,2021-11-09,"ACA Stadium,Mangalagiri",2,17.2,Arunachal Pradesh,Meghalaya,Suraj Tayam,Akhilesh Sahani,Akash Choudhary,0,0,,,,,,,,,
1280292,2021/22,2021-11-09,"ACA Stadium,Mangalagiri",2,17.3,Arunachal Pradesh,Meghalaya,Suraj Tayam,Akhilesh Sahani,Akash Choudhary,1,0,,,,,,,,,
1280292,2021/22,2021-11-09,"ACA Stadium,Mangalagiri",2,17.4,Arunachal Pradesh,Meghalaya,Akhilesh Sahani,Suraj Tayam,Akash Choudhary,2,0,,,,,,,,,
1280292,2021/22,2021-11-09,"ACA Stadium,Mangalagiri",2,17.5,Arunachal Pradesh,Meghalaya,Akhilesh Sahani,Suraj Tayam,Akash Choudhary,1,0,,,,,,,,,
1280292,2021/22,2021-11-09,"ACA Stadium,Mangalagiri",2,17.6,Arunachal Pradesh,Meghalaya,Suraj Tayam,Akhilesh Sahani,Akash Choudhary,0,0,,,,,,,,,
1280292,2021/22,2021-11-09,"ACA Stadium,Mangalagiri",2,18.1,Arunachal Pradesh,Meghalaya,Akhilesh Sahani,Suraj Tayam,Larry Sangma,2,0,,,,,,,,,
1280292,2021/22,2021-11-09,"ACA Stadium,Mangalagiri",2,18.2,Arunachal Pradesh,Meghalaya,Akhilesh Sahani,Suraj Tayam,Larry Sangma,1,0,,,,,,,,,
1280292,2021/22,2021-11-09,"ACA Stadium,Mangalagiri",2,18.3,Arunachal Pradesh,Meghalaya,Suraj Tayam,Akhilesh Sahani,Larry Sangma,4,0,,,,,,,,,
1280292,2021/22,2021-11-09,"ACA Stadium,Mangalagiri",2,18.4,Arunachal Pradesh,Meghalaya,Suraj Tayam,Akhilesh Sahani,Larry Sangma,0,0,,,,,,,,,
1280292,2021/22,2021-11-09,"ACA Stadium,Mangalagiri",2,18.5,Arunachal Pradesh,Meghalaya,Suraj Tayam,Akhilesh Sahani,Larry Sangma,0,0,,,,,,,,,
1280292,2021/22,2021-11-09,"ACA Stadium,Mangalagiri",2,18.6,Arunachal Pradesh,Meghalaya,Suraj Tayam,Akhilesh Sahani,Larry Sangma,0,0,,,,,,,,,
1280292,2021/22,2021-11-09,"ACA Stadium,Mangalagiri",2,19.1,Arunachal Pradesh,Meghalaya,Akhilesh Sahani,Suraj Tayam,Akash Choudhary,1,0,,,,,,,,,
1280292,2021/22,2021-11-09,"ACA Stadium,Mangalagiri",2,19.2,Arunachal Pradesh,Meghalaya,Suraj Tayam,Akhilesh Sahani,Akash Choudhary,0,2,2,,,,,,,,
1280292,2021/22,2021-11-09,"ACA Stadium,Mangalagiri",2,19.3,Arunachal Pradesh,Meghalaya,Akhilesh Sahani,Suraj Tayam,Akash Choudhary,2,0,,,,,,,,,
1280292,2021/22,2021-11-09,"ACA Stadium,Mangalagiri",2,19.4,Arunachal Pradesh,Meghalaya,Akhilesh Sahani,Suraj Tayam,Akash Choudhary,2,0,,,,,,,,,
1280292,2021/22,2021-11-09,"ACA Stadium,Mangalagiri",2,19.5,Arunachal Pradesh,Meghalaya,Akhilesh Sahani,Suraj Tayam,Akash Choudhary,1,0,,,,,,,,,
1280292,2021/22,2021-11-09,"ACA Stadium,Mangalagiri",2,19.6,Arunachal Pradesh,Meghalaya,Suraj Tayam,Akhilesh Sahani,Akash Choudhary,0,0,,,,,,,,,
1280292,2021/22,2021-11-09,"ACA Stadium,Mangalagiri",2,19.7,Arunachal Pradesh,Meghalaya,Suraj Tayam,Akhilesh Sahani,Akash Choudhary,0,0,,,,,,,,,
