match_id,season,start_date,venue,innings,ball,batting_team,bowling_team,striker,non_striker,bowler,runs_off_bat,extras,wides,noballs,byes,legbyes,penalty,wicket_type,player_dismissed,other_wicket_type,other_player_dismissed
1280240,2021/22,2021-11-06,"ACA Stadium, Barsapara",1,0.1,Mumbai,Bengal,PP Shaw,AM Rahane,Shahbaz Ahmed,0,0,,,,,,,,,
1280240,2021/22,2021-11-06,"ACA Stadium, Barsapara",1,0.2,Mumbai,Bengal,PP Shaw,AM Rahane,Shahbaz Ahmed,0,0,,,,,,,,,
1280240,2021/22,2021-11-06,"ACA Stadium, Barsapara",1,0.3,Mumbai,Bengal,PP Shaw,AM Rahane,Shahbaz Ahmed,1,0,,,,,,,,,
1280240,2021/22,2021-11-06,"ACA Stadium, Barsapara",1,0.4,Mumbai,Bengal,AM Rahane,PP Shaw,Shahbaz Ahmed,0,0,,,,,,,,,
1280240,2021/22,2021-11-06,"ACA Stadium, Barsapara",1,0.5,Mumbai,Bengal,AM Rahane,PP Shaw,Shahbaz Ahmed,0,0,,,,,,,,,
1280240,2021/22,2021-11-06,"ACA Stadium, Barsapara",1,0.6,Mumbai,Bengal,AM Rahane,PP Shaw,Shahbaz Ahmed,0,0,,,,,,,,,
1280240,2021/22,2021-11-06,"ACA Stadium, Barsapara",1,1.1,Mumbai,Bengal,PP Shaw,AM Rahane,Mukesh Kumar,0,1,1,,,,,,,,
1280240,2021/22,2021-11-06,"ACA Stadium, Barsapara",1,1.2,Mumbai,Bengal,PP Shaw,AM Rahane,Mukesh Kumar,0,0,,,,,,,,,
1280240,2021/22,2021-11-06,"ACA Stadium, Barsapara",1,1.3,Mumbai,Bengal,PP Shaw,AM Rahane,Mukesh Kumar,0,1,1,,,,,,,,
1280240,2021/22,2021-11-06,"ACA Stadium, Barsapara",1,1.4,Mumbai,Bengal,PP Shaw,AM Rahane,Mukesh Kumar,0,0,,,,,,,,,
1280240,2021/22,2021-11-06,"ACA Stadium, Barsapara",1,1.5,Mumbai,Bengal,PP Shaw,AM Rahane,Mukesh Kumar,1,0,,,,,,,,,
1280240,2021/22,2021-11-06,"ACA Stadium, Barsapara",1,1.6,Mumbai,Bengal,AM Rahane,PP Shaw,Mukesh Kumar,1,0,,,,,,,,,
1280240,2021/22,2021-11-06,"ACA Stadium, Barsapara",1,1.7,Mumbai,Bengal,PP Shaw,AM Rahane,Mukesh Kumar,4,0,,,,,,,,,
1280240,2021/22,2021-11-06,"ACA Stadium, Barsapara",1,1.8,Mumbai,Bengal,PP Shaw,AM Rahane,Mukesh Kumar,0,0,,,,,,,,,
1280240,2021/22,2021-11-06,"ACA Stadium, Barsapara",1,2.1,Mumbai,Bengal,AM Rahane,PP Shaw,Shahbaz Ahmed,0,0,,,,,,,,,
1280240,2021/22,2021-11-06,"ACA Stadium, Barsapara",1,2.2,Mumbai,Bengal,AM Rahane,PP Shaw,Shahbaz Ahmed,1,0,,,,,,,,,
1280240,2021/22,2021-11-06,"ACA Stadium, Barsapara",1,2.3,Mumbai,Bengal,PP Shaw,AM Rahane,Shahbaz Ahmed,0,0,,,,,,stumped,PP Shaw,,
1280240,2021/22,2021-11-06,"ACA Stadium, Barsapara",1,2.4,Mumbai,Bengal,YBK Jaiswal,AM Rahane,Shahbaz Ahmed,6,0,,,,,,,,,
1280240,2021/22,2021-11-06,"ACA Stadium, Barsapara",1,2.5,Mumbai,Bengal,YBK Jaiswal,AM Rahane,Shahbaz Ahmed,0,0,,,,,,,,,
1280240,2021/22,2021-11-06,"ACA Stadium, Barsapara",1,2.6,Mumbai,Bengal,YBK Jaiswal,AM Rahane,Shahbaz Ahmed,0,0,,,,,,,,,
1280240,2021/22,2021-11-06,"ACA Stadium, Barsapara",1,3.1,Mumbai,Bengal,AM Rahane,YBK Jaiswal,Akash Deep,1,0,,,,,,,,,
1280240,2021/22,2021-11-06,"ACA Stadium, Barsapara",1,3.2,Mumbai,Bengal,YBK Jaiswal,AM Rahane,Akash Deep,0,0,,,,,,,,,
1280240,2021/22,2021-11-06,"ACA Stadium, Barsapara",1,3.3,Mumbai,Bengal,YBK Jaiswal,AM Rahane,Akash Deep,1,0,,,,,,,,,
1280240,2021/22,2021-11-06,"ACA Stadium, Barsapara",1,3.4,Mumbai,Bengal,AM Rahane,YBK Jaiswal,Akash Deep,1,0,,,,,,,,,
1280240,2021/22,2021-11-06,"ACA Stadium, Barsapara",1,3.5,Mumbai,Bengal,YBK Jaiswal,AM Rahane,Akash Deep,1,0,,,,,,,,,
1280240,2021/22,2021-11-06,"ACA Stadium, Barsapara",1,3.6,Mumbai,Bengal,AM Rahane,YBK Jaiswal,Akash Deep,0,0,,,,,,,,,
1280240,2021/22,2021-11-06,"ACA Stadium, Barsapara",1,4.1,Mumbai,Bengal,YBK Jaiswal,AM Rahane,Mukesh Kumar,0,1,1,,,,,,,,
1280240,2021/22,2021-11-06,"ACA Stadium, Barsapara",1,4.2,Mumbai,Bengal,YBK Jaiswal,AM Rahane,Mukesh Kumar,0,0,,,,,,,,,
1280240,2021/22,2021-11-06,"ACA Stadium, Barsapara",1,4.3,Mumbai,Bengal,YBK Jaiswal,AM Rahane,Mukesh Kumar,1,0,,,,,,,,,
1280240,2021/22,2021-11-06,"ACA Stadium, Barsapara",1,4.4,Mumbai,Bengal,AM Rahane,YBK Jaiswal,Mukesh Kumar,4,0,,,,,,,,,
1280240,2021/22,2021-11-06,"ACA Stadium, Barsapara",1,4.5,Mumbai,Bengal,AM Rahane,YBK Jaiswal,Mukesh Kumar,4,0,,,,,,,,,
1280240,2021/22,2021-11-06,"ACA Stadium, Barsapara",1,4.6,Mumbai,Bengal,AM Rahane,YBK Jaiswal,Mukesh Kumar,1,0,,,,,,,,,
1280240,2021/22,2021-11-06,"ACA Stadium, Barsapara",1,4.7,Mumbai,Bengal,YBK Jaiswal,AM Rahane,Mukesh Kumar,1,0,,,,,,,,,
1280240,2021/22,2021-11-06,"ACA Stadium, Barsapara",1,5.1,Mumbai,Bengal,YBK Jaiswal,AM Rahane,Akash Deep,1,0,,,,,,,,,
1280240,2021/22,2021-11-06,"ACA Stadium, Barsapara",1,5.2,Mumbai,Bengal,AM Rahane,YBK Jaiswal,Akash Deep,0,1,,,,1,,,,,
1280240,2021/22,2021-11-06,"ACA Stadium, Barsapara",1,5.3,Mumbai,Bengal,YBK Jaiswal,AM Rahane,Akash Deep,4,0,,,,,,,,,
1280240,2021/22,2021-11-06,"ACA Stadium, Barsapara",1,5.4,Mumbai,Bengal,YBK Jaiswal,AM Rahane,Akash Deep,0,0,,,,,,,,,
1280240,2021/22,2021-11-06,"ACA Stadium, Barsapara",1,5.5,Mumbai,Bengal,YBK Jaiswal,AM Rahane,Akash Deep,1,0,,,,,,,,,
1280240,2021/22,2021-11-06,"ACA Stadium, Barsapara",1,5.6,Mumbai,Bengal,AM Rahane,YBK Jaiswal,Akash Deep,4,0,,,,,,,,,
1280240,2021/22,2021-11-06,"ACA Stadium, Barsapara",1,6.1,Mumbai,Bengal,YBK Jaiswal,AM Rahane,Writtick Chatterjee,0,0,,,,,,,,,
1280240,2021/22,2021-11-06,"ACA Stadium, Barsapara",1,6.2,Mumbai,Bengal,YBK Jaiswal,AM Rahane,Writtick Chatterjee,3,0,,,,,,,,,
1280240,2021/22,2021-11-06,"ACA Stadium, Barsapara",1,6.3,Mumbai,Bengal,AM Rahane,YBK Jaiswal,Writtick Chatterjee,0,0,,,,,,,,,
1280240,2021/22,2021-11-06,"ACA Stadium, Barsapara",1,6.4,Mumbai,Bengal,AM Rahane,YBK Jaiswal,Writtick Chatterjee,0,0,,,,,,caught,AM Rahane,,
1280240,2021/22,2021-11-06,"ACA Stadium, Barsapara",1,6.5,Mumbai,Bengal,AP Tare,YBK Jaiswal,Writtick Chatterjee,1,0,,,,,,,,,
1280240,2021/22,2021-11-06,"ACA Stadium, Barsapara",1,6.6,Mumbai,Bengal,YBK Jaiswal,AP Tare,Writtick Chatterjee,0,0,,,,,,,,,
1280240,2021/22,2021-11-06,"ACA Stadium, Barsapara",1,7.1,Mumbai,Bengal,AP Tare,YBK Jaiswal,Pradipta Pramanik,0,0,,,,,,,,,
1280240,2021/22,2021-11-06,"ACA Stadium, Barsapara",1,7.2,Mumbai,Bengal,AP Tare,YBK Jaiswal,Pradipta Pramanik,0,0,,,,,,run out,YBK Jaiswal,,
1280240,2021/22,2021-11-06,"ACA Stadium, Barsapara",1,7.3,Mumbai,Bengal,AP Tare,S Dube,Pradipta Pramanik,1,0,,,,,,,,,
1280240,2021/22,2021-11-06,"ACA Stadium, Barsapara",1,7.4,Mumbai,Bengal,S Dube,AP Tare,Pradipta Pramanik,1,0,,,,,,,,,
1280240,2021/22,2021-11-06,"ACA Stadium, Barsapara",1,7.5,Mumbai,Bengal,AP Tare,S Dube,Pradipta Pramanik,1,0,,,,,,,,,
1280240,2021/22,2021-11-06,"ACA Stadium, Barsapara",1,7.6,Mumbai,Bengal,S Dube,AP Tare,Pradipta Pramanik,0,0,,,,,,,,,
1280240,2021/22,2021-11-06,"ACA Stadium, Barsapara",1,8.1,Mumbai,Bengal,AP Tare,S Dube,Writtick Chatterjee,1,0,,,,,,,,,
1280240,2021/22,2021-11-06,"ACA Stadium, Barsapara",1,8.2,Mumbai,Bengal,S Dube,AP Tare,Writtick Chatterjee,1,0,,,,,,,,,
1280240,2021/22,2021-11-06,"ACA Stadium, Barsapara",1,8.3,Mumbai,Bengal,AP Tare,S Dube,Writtick Chatterjee,4,0,,,,,,,,,
1280240,2021/22,2021-11-06,"ACA Stadium, Barsapara",1,8.4,Mumbai,Bengal,AP Tare,S Dube,Writtick Chatterjee,1,0,,,,,,,,,
1280240,2021/22,2021-11-06,"ACA Stadium, Barsapara",1,8.5,Mumbai,Bengal,S Dube,AP Tare,Writtick Chatterjee,0,0,,,,,,,,,
1280240,2021/22,2021-11-06,"ACA Stadium, Barsapara",1,8.6,Mumbai,Bengal,S Dube,AP Tare,Writtick Chatterjee,0,0,,,,,,,,,
1280240,2021/22,2021-11-06,"ACA Stadium, Barsapara",1,9.1,Mumbai,Bengal,AP Tare,S Dube,Pradipta Pramanik,0,0,,,,,,,,,
1280240,2021/22,2021-11-06,"ACA Stadium, Barsapara",1,9.2,Mumbai,Bengal,AP Tare,S Dube,Pradipta Pramanik,1,0,,,,,,,,,
1280240,2021/22,2021-11-06,"ACA Stadium, Barsapara",1,9.3,Mumbai,Bengal,S Dube,AP Tare,Pradipta Pramanik,0,0,,,,,,,,,
1280240,2021/22,2021-11-06,"ACA Stadium, Barsapara",1,9.4,Mumbai,Bengal,S Dube,AP Tare,Pradipta Pramanik,1,0,,,,,,,,,
1280240,2021/22,2021-11-06,"ACA Stadium, Barsapara",1,9.5,Mumbai,Bengal,AP Tare,S Dube,Pradipta Pramanik,0,0,,,,,,,,,
1280240,2021/22,2021-11-06,"ACA Stadium, Barsapara",1,9.6,Mumbai,Bengal,AP Tare,S Dube,Pradipta Pramanik,1,0,,,,,,,,,
1280240,2021/22,2021-11-06,"ACA Stadium, Barsapara",1,10.1,Mumbai,Bengal,AP Tare,S Dube,Writtick Chatterjee,0,0,,,,,,,,,
1280240,2021/22,2021-11-06,"ACA Stadium, Barsapara",1,10.2,Mumbai,Bengal,AP Tare,S Dube,Writtick Chatterjee,0,0,,,,,,,,,
1280240,2021/22,2021-11-06,"ACA Stadium, Barsapara",1,10.3,Mumbai,Bengal,AP Tare,S Dube,Writtick Chatterjee,0,0,,,,,,caught,AP Tare,,
1280240,2021/22,2021-11-06,"ACA Stadium, Barsapara",1,10.4,Mumbai,Bengal,S Dube,SD Lad,Writtick Chatterjee,1,0,,,,,,,,,
1280240,2021/22,2021-11-06,"ACA Stadium, Barsapara",1,10.5,Mumbai,Bengal,SD Lad,S Dube,Writtick Chatterjee,1,0,,,,,,,,,
1280240,2021/22,2021-11-06,"ACA Stadium, Barsapara",1,10.6,Mumbai,Bengal,S Dube,SD Lad,Writtick Chatterjee,1,0,,,,,,,,,
1280240,2021/22,2021-11-06,"ACA Stadium, Barsapara",1,11.1,Mumbai,Bengal,S Dube,SD Lad,Karan Lal,1,0,,,,,,,,,
1280240,2021/22,2021-11-06,"ACA Stadium, Barsapara",1,11.2,Mumbai,Bengal,SD Lad,S Dube,Karan Lal,0,0,,,,,,,,,
1280240,2021/22,2021-11-06,"ACA Stadium, Barsapara",1,11.3,Mumbai,Bengal,SD Lad,S Dube,Karan Lal,2,0,,,,,,,,,
1280240,2021/22,2021-11-06,"ACA Stadium, Barsapara",1,11.4,Mumbai,Bengal,SD Lad,S Dube,Karan Lal,1,0,,,,,,,,,
1280240,2021/22,2021-11-06,"ACA Stadium, Barsapara",1,11.5,Mumbai,Bengal,S Dube,SD Lad,Karan Lal,1,0,,,,,,,,,
1280240,2021/22,2021-11-06,"ACA Stadium, Barsapara",1,11.6,Mumbai,Bengal,SD Lad,S Dube,Karan Lal,1,0,,,,,,,,,
1280240,2021/22,2021-11-06,"ACA Stadium, Barsapara",1,12.1,Mumbai,Bengal,SD Lad,S Dube,Writtick Chatterjee,1,0,,,,,,,,,
1280240,2021/22,2021-11-06,"ACA Stadium, Barsapara",1,12.2,Mumbai,Bengal,S Dube,SD Lad,Writtick Chatterjee,1,0,,,,,,,,,
1280240,2021/22,2021-11-06,"ACA Stadium, Barsapara",1,12.3,Mumbai,Bengal,SD Lad,S Dube,Writtick Chatterjee,1,0,,,,,,,,,
1280240,2021/22,2021-11-06,"ACA Stadium, Barsapara",1,12.4,Mumbai,Bengal,S Dube,SD Lad,Writtick Chatterjee,1,0,,,,,,,,,
1280240,2021/22,2021-11-06,"ACA Stadium, Barsapara",1,12.5,Mumbai,Bengal,SD Lad,S Dube,Writtick Chatterjee,0,0,,,,,,,,,
1280240,2021/22,2021-11-06,"ACA Stadium, Barsapara",1,12.6,Mumbai,Bengal,SD Lad,S Dube,Writtick Chatterjee,1,0,,,,,,,,,
1280240,2021/22,2021-11-06,"ACA Stadium, Barsapara",1,13.1,Mumbai,Bengal,SD Lad,S Dube,Shahbaz Ahmed,1,0,,,,,,,,,
1280240,2021/22,2021-11-06,"ACA Stadium, Barsapara",1,13.2,Mumbai,Bengal,S Dube,SD Lad,Shahbaz Ahmed,1,0,,,,,,,,,
1280240,2021/22,2021-11-06,"ACA Stadium, Barsapara",1,13.3,Mumbai,Bengal,SD Lad,S Dube,Shahbaz Ahmed,1,0,,,,,,,,,
1280240,2021/22,2021-11-06,"ACA Stadium, Barsapara",1,13.4,Mumbai,Bengal,S Dube,SD Lad,Shahbaz Ahmed,0,1,1,,,,,,,,
1280240,2021/22,2021-11-06,"ACA Stadium, Barsapara",1,13.5,Mumbai,Bengal,S Dube,SD Lad,Shahbaz Ahmed,0,1,1,,,,,,,,
1280240,2021/22,2021-11-06,"ACA Stadium, Barsapara",1,13.6,Mumbai,Bengal,S Dube,SD Lad,Shahbaz Ahmed,4,0,,,,,,,,,
1280240,2021/22,2021-11-06,"ACA Stadium, Barsapara",1,13.7,Mumbai,Bengal,S Dube,SD Lad,Shahbaz Ahmed,1,0,,,,,,,,,
1280240,2021/22,2021-11-06,"ACA Stadium, Barsapara",1,13.8,Mumbai,Bengal,SD Lad,S Dube,Shahbaz Ahmed,1,0,,,,,,,,,
1280240,2021/22,2021-11-06,"ACA Stadium, Barsapara",1,14.1,Mumbai,Bengal,SD Lad,S Dube,Karan Lal,0,0,,,,,,,,,
1280240,2021/22,2021-11-06,"ACA Stadium, Barsapara",1,14.2,Mumbai,Bengal,SD Lad,S Dube,Karan Lal,0,0,,,,,,,,,
1280240,2021/22,2021-11-06,"ACA Stadium, Barsapara",1,14.3,Mumbai,Bengal,SD Lad,S Dube,Karan Lal,1,0,,,,,,,,,
1280240,2021/22,2021-11-06,"ACA Stadium, Barsapara",1,14.4,Mumbai,Bengal,S Dube,SD Lad,Karan Lal,1,0,,,,,,,,,
1280240,2021/22,2021-11-06,"ACA Stadium, Barsapara",1,14.5,Mumbai,Bengal,SD Lad,S Dube,Karan Lal,1,0,,,,,,,,,
1280240,2021/22,2021-11-06,"ACA Stadium, Barsapara",1,14.6,Mumbai,Bengal,S Dube,SD Lad,Karan Lal,1,0,,,,,,,,,
1280240,2021/22,2021-11-06,"ACA Stadium, Barsapara",1,15.1,Mumbai,Bengal,S Dube,SD Lad,Pradipta Pramanik,6,0,,,,,,,,,
1280240,2021/22,2021-11-06,"ACA Stadium, Barsapara",1,15.2,Mumbai,Bengal,S Dube,SD Lad,Pradipta Pramanik,0,1,1,,,,,,,,
1280240,2021/22,2021-11-06,"ACA Stadium, Barsapara",1,15.3,Mumbai,Bengal,S Dube,SD Lad,Pradipta Pramanik,0,1,1,,,,,,,,
1280240,2021/22,2021-11-06,"ACA Stadium, Barsapara",1,15.4,Mumbai,Bengal,S Dube,SD Lad,Pradipta Pramanik,1,0,,,,,,,,,
1280240,2021/22,2021-11-06,"ACA Stadium, Barsapara",1,15.5,Mumbai,Bengal,SD Lad,S Dube,Pradipta Pramanik,0,1,1,,,,,,,,
1280240,2021/22,2021-11-06,"ACA Stadium, Barsapara",1,15.6,Mumbai,Bengal,SD Lad,S Dube,Pradipta Pramanik,0,0,,,,,,stumped,SD Lad,,
1280240,2021/22,2021-11-06,"ACA Stadium, Barsapara",1,15.7,Mumbai,Bengal,Aman Hakim Khan,S Dube,Pradipta Pramanik,1,0,,,,,,,,,
1280240,2021/22,2021-11-06,"ACA Stadium, Barsapara",1,15.8,Mumbai,Bengal,S Dube,Aman Hakim Khan,Pradipta Pramanik,0,0,,,,,,,,,
1280240,2021/22,2021-11-06,"ACA Stadium, Barsapara",1,15.9,Mumbai,Bengal,S Dube,Aman Hakim Khan,Pradipta Pramanik,0,1,,,,1,,,,,
1280240,2021/22,2021-11-06,"ACA Stadium, Barsapara",1,16.1,Mumbai,Bengal,S Dube,Aman Hakim Khan,Karan Lal,0,0,,,,,,caught,S Dube,,
1280240,2021/22,2021-11-06,"ACA Stadium, Barsapara",1,16.2,Mumbai,Bengal,Aman Hakim Khan,Atharva Ankolekar,Karan Lal,0,0,,,,,,,,,
1280240,2021/22,2021-11-06,"ACA Stadium, Barsapara",1,16.3,Mumbai,Bengal,Aman Hakim Khan,Atharva Ankolekar,Karan Lal,6,0,,,,,,,,,
1280240,2021/22,2021-11-06,"ACA Stadium, Barsapara",1,16.4,Mumbai,Bengal,Aman Hakim Khan,Atharva Ankolekar,Karan Lal,1,0,,,,,,,,,
1280240,2021/22,2021-11-06,"ACA Stadium, Barsapara",1,16.5,Mumbai,Bengal,Atharva Ankolekar,Aman Hakim Khan,Karan Lal,1,0,,,,,,,,,
1280240,2021/22,2021-11-06,"ACA Stadium, Barsapara",1,16.6,Mumbai,Bengal,Aman Hakim Khan,Atharva Ankolekar,Karan Lal,0,1,1,,,,,,,,
1280240,2021/22,2021-11-06,"ACA Stadium, Barsapara",1,16.7,Mumbai,Bengal,Aman Hakim Khan,Atharva Ankolekar,Karan Lal,1,0,,,,,,,,,
1280240,2021/22,2021-11-06,"ACA Stadium, Barsapara",1,17.1,Mumbai,Bengal,Aman Hakim Khan,Atharva Ankolekar,Shahbaz Ahmed,1,0,,,,,,,,,
1280240,2021/22,2021-11-06,"ACA Stadium, Barsapara",1,17.2,Mumbai,Bengal,Atharva Ankolekar,Aman Hakim Khan,Shahbaz Ahmed,2,0,,,,,,,,,
1280240,2021/22,2021-11-06,"ACA Stadium, Barsapara",1,17.3,Mumbai,Bengal,Atharva Ankolekar,Aman Hakim Khan,Shahbaz Ahmed,1,0,,,,,,,,,
1280240,2021/22,2021-11-06,"ACA Stadium, Barsapara",1,17.4,Mumbai,Bengal,Aman Hakim Khan,Atharva Ankolekar,Shahbaz Ahmed,1,0,,,,,,,,,
1280240,2021/22,2021-11-06,"ACA Stadium, Barsapara",1,17.5,Mumbai,Bengal,Atharva Ankolekar,Aman Hakim Khan,Shahbaz Ahmed,1,0,,,,,,,,,
1280240,2021/22,2021-11-06,"ACA Stadium, Barsapara",1,17.6,Mumbai,Bengal,Aman Hakim Khan,Atharva Ankolekar,Shahbaz Ahmed,1,0,,,,,,,,,
1280240,2021/22,2021-11-06,"ACA Stadium, Barsapara",1,18.1,Mumbai,Bengal,Aman Hakim Khan,Atharva Ankolekar,Mukesh Kumar,0,0,,,,,,,,,
1280240,2021/22,2021-11-06,"ACA Stadium, Barsapara",1,18.2,Mumbai,Bengal,Aman Hakim Khan,Atharva Ankolekar,Mukesh Kumar,0,0,,,,,,caught,Aman Hakim Khan,,
1280240,2021/22,2021-11-06,"ACA Stadium, Barsapara",1,18.3,Mumbai,Bengal,Atharva Ankolekar,Tanush Kotian,Mukesh Kumar,2,0,,,,,,,,,
1280240,2021/22,2021-11-06,"ACA Stadium, Barsapara",1,18.4,Mumbai,Bengal,Atharva Ankolekar,Tanush Kotian,Mukesh Kumar,0,0,,,,,,,,,
1280240,2021/22,2021-11-06,"ACA Stadium, Barsapara",1,18.5,Mumbai,Bengal,Atharva Ankolekar,Tanush Kotian,Mukesh Kumar,1,0,,,,,,,,,
1280240,2021/22,2021-11-06,"ACA Stadium, Barsapara",1,18.6,Mumbai,Bengal,Tanush Kotian,Atharva Ankolekar,Mukesh Kumar,0,1,1,,,,,,,,
1280240,2021/22,2021-11-06,"ACA Stadium, Barsapara",1,18.7,Mumbai,Bengal,Tanush Kotian,Atharva Ankolekar,Mukesh Kumar,0,0,,,,,,,,,
1280240,2021/22,2021-11-06,"ACA Stadium, Barsapara",1,19.1,Mumbai,Bengal,Atharva Ankolekar,Tanush Kotian,Akash Deep,0,0,,,,,,,,,
1280240,2021/22,2021-11-06,"ACA Stadium, Barsapara",1,19.2,Mumbai,Bengal,Atharva Ankolekar,Tanush Kotian,Akash Deep,1,0,,,,,,,,,
1280240,2021/22,2021-11-06,"ACA Stadium, Barsapara",1,19.3,Mumbai,Bengal,Tanush Kotian,Atharva Ankolekar,Akash Deep,2,0,,,,,,,,,
1280240,2021/22,2021-11-06,"ACA Stadium, Barsapara",1,19.4,Mumbai,Bengal,Tanush Kotian,Atharva Ankolekar,Akash Deep,4,0,,,,,,,,,
1280240,2021/22,2021-11-06,"ACA Stadium, Barsapara",1,19.5,Mumbai,Bengal,Tanush Kotian,Atharva Ankolekar,Akash Deep,1,0,,,,,,,,,
1280240,2021/22,2021-11-06,"ACA Stadium, Barsapara",1,19.6,Mumbai,Bengal,Atharva Ankolekar,Tanush Kotian,Akash Deep,1,0,,,,,,,,,
1280240,2021/22,2021-11-06,"ACA Stadium, Barsapara",2,0.1,Bengal,Mumbai,Abhisek Das,Sudip Chatterjee,SD Lad,1,0,,,,,,,,,
1280240,2021/22,2021-11-06,"ACA Stadium, Barsapara",2,0.2,Bengal,Mumbai,Sudip Chatterjee,Abhisek Das,SD Lad,0,0,,,,,,,,,
1280240,2021/22,2021-11-06,"ACA Stadium, Barsapara",2,0.3,Bengal,Mumbai,Sudip Chatterjee,Abhisek Das,SD Lad,1,0,,,,,,,,,
1280240,2021/22,2021-11-06,"ACA Stadium, Barsapara",2,0.4,Bengal,Mumbai,Abhisek Das,Sudip Chatterjee,SD Lad,1,0,,,,,,,,,
1280240,2021/22,2021-11-06,"ACA Stadium, Barsapara",2,0.5,Bengal,Mumbai,Sudip Chatterjee,Abhisek Das,SD Lad,0,0,,,,,,,,,
1280240,2021/22,2021-11-06,"ACA Stadium, Barsapara",2,0.6,Bengal,Mumbai,Sudip Chatterjee,Abhisek Das,SD Lad,0,0,,,,,,bowled,Sudip Chatterjee,,
1280240,2021/22,2021-11-06,"ACA Stadium, Barsapara",2,1.1,Bengal,Mumbai,Abhisek Das,Karan Lal,Mohit Avasthi,0,0,,,,,,,,,
1280240,2021/22,2021-11-06,"ACA Stadium, Barsapara",2,1.2,Bengal,Mumbai,Abhisek Das,Karan Lal,Mohit Avasthi,0,0,,,,,,,,,
1280240,2021/22,2021-11-06,"ACA Stadium, Barsapara",2,1.3,Bengal,Mumbai,Abhisek Das,Karan Lal,Mohit Avasthi,0,0,,,,,,,,,
1280240,2021/22,2021-11-06,"ACA Stadium, Barsapara",2,1.4,Bengal,Mumbai,Abhisek Das,Karan Lal,Mohit Avasthi,1,0,,,,,,,,,
1280240,2021/22,2021-11-06,"ACA Stadium, Barsapara",2,1.5,Bengal,Mumbai,Karan Lal,Abhisek Das,Mohit Avasthi,1,0,,,,,,,,,
1280240,2021/22,2021-11-06,"ACA Stadium, Barsapara",2,1.6,Bengal,Mumbai,Abhisek Das,Karan Lal,Mohit Avasthi,0,1,1,,,,,,,,
1280240,2021/22,2021-11-06,"ACA Stadium, Barsapara",2,1.7,Bengal,Mumbai,Abhisek Das,Karan Lal,Mohit Avasthi,4,0,,,,,,,,,
1280240,2021/22,2021-11-06,"ACA Stadium, Barsapara",2,2.1,Bengal,Mumbai,Karan Lal,Abhisek Das,Atharva Ankolekar,1,0,,,,,,,,,
1280240,2021/22,2021-11-06,"ACA Stadium, Barsapara",2,2.2,Bengal,Mumbai,Abhisek Das,Karan Lal,Atharva Ankolekar,1,0,,,,,,,,,
1280240,2021/22,2021-11-06,"ACA Stadium, Barsapara",2,2.3,Bengal,Mumbai,Karan Lal,Abhisek Das,Atharva Ankolekar,1,0,,,,,,,,,
1280240,2021/22,2021-11-06,"ACA Stadium, Barsapara",2,2.4,Bengal,Mumbai,Abhisek Das,Karan Lal,Atharva Ankolekar,0,0,,,,,,,,,
1280240,2021/22,2021-11-06,"ACA Stadium, Barsapara",2,2.5,Bengal,Mumbai,Abhisek Das,Karan Lal,Atharva Ankolekar,0,0,,,,,,,,,
1280240,2021/22,2021-11-06,"ACA Stadium, Barsapara",2,2.6,Bengal,Mumbai,Abhisek Das,Karan Lal,Atharva Ankolekar,0,1,,,,1,,,,,
1280240,2021/22,2021-11-06,"ACA Stadium, Barsapara",2,3.1,Bengal,Mumbai,Abhisek Das,Karan Lal,SD Lad,1,0,,,,,,,,,
1280240,2021/22,2021-11-06,"ACA Stadium, Barsapara",2,3.2,Bengal,Mumbai,Karan Lal,Abhisek Das,SD Lad,0,0,,,,,,caught,Karan Lal,,
1280240,2021/22,2021-11-06,"ACA Stadium, Barsapara",2,3.3,Bengal,Mumbai,WP Saha,Abhisek Das,SD Lad,0,1,,,,1,,,,,
1280240,2021/22,2021-11-06,"ACA Stadium, Barsapara",2,3.4,Bengal,Mumbai,Abhisek Das,WP Saha,SD Lad,1,0,,,,,,,,,
1280240,2021/22,2021-11-06,"ACA Stadium, Barsapara",2,3.5,Bengal,Mumbai,WP Saha,Abhisek Das,SD Lad,4,0,,,,,,,,,
1280240,2021/22,2021-11-06,"ACA Stadium, Barsapara",2,3.6,Bengal,Mumbai,WP Saha,Abhisek Das,SD Lad,0,0,,,,,,,,,
1280240,2021/22,2021-11-06,"ACA Stadium, Barsapara",2,4.1,Bengal,Mumbai,Abhisek Das,WP Saha,Atharva Ankolekar,0,0,,,,,,,,,
1280240,2021/22,2021-11-06,"ACA Stadium, Barsapara",2,4.2,Bengal,Mumbai,Abhisek Das,WP Saha,Atharva Ankolekar,0,0,,,,,,,,,
1280240,2021/22,2021-11-06,"ACA Stadium, Barsapara",2,4.3,Bengal,Mumbai,Abhisek Das,WP Saha,Atharva Ankolekar,1,0,,,,,,,,,
1280240,2021/22,2021-11-06,"ACA Stadium, Barsapara",2,4.4,Bengal,Mumbai,WP Saha,Abhisek Das,Atharva Ankolekar,0,0,,,,,,,,,
1280240,2021/22,2021-11-06,"ACA Stadium, Barsapara",2,4.5,Bengal,Mumbai,WP Saha,Abhisek Das,Atharva Ankolekar,1,0,,,,,,,,,
1280240,2021/22,2021-11-06,"ACA Stadium, Barsapara",2,4.6,Bengal,Mumbai,Abhisek Das,WP Saha,Atharva Ankolekar,1,0,,,,,,,,,
1280240,2021/22,2021-11-06,"ACA Stadium, Barsapara",2,5.1,Bengal,Mumbai,Abhisek Das,WP Saha,TU Deshpande,1,0,,,,,,,,,
1280240,2021/22,2021-11-06,"ACA Stadium, Barsapara",2,5.2,Bengal,Mumbai,WP Saha,Abhisek Das,TU Deshpande,1,0,,,,,,,,,
1280240,2021/22,2021-11-06,"ACA Stadium, Barsapara",2,5.3,Bengal,Mumbai,Abhisek Das,WP Saha,TU Deshpande,1,0,,,,,,,,,
1280240,2021/22,2021-11-06,"ACA Stadium, Barsapara",2,5.4,Bengal,Mumbai,WP Saha,Abhisek Das,TU Deshpande,2,0,,,,,,,,,
1280240,2021/22,2021-11-06,"ACA Stadium, Barsapara",2,5.5,Bengal,Mumbai,WP Saha,Abhisek Das,TU Deshpande,1,0,,,,,,,,,
1280240,2021/22,2021-11-06,"ACA Stadium, Barsapara",2,5.6,Bengal,Mumbai,Abhisek Das,WP Saha,TU Deshpande,0,0,,,,,,bowled,Abhisek Das,,
1280240,2021/22,2021-11-06,"ACA Stadium, Barsapara",2,6.1,Bengal,Mumbai,WP Saha,Kaif Ahmad,Atharva Ankolekar,1,0,,,,,,,,,
1280240,2021/22,2021-11-06,"ACA Stadium, Barsapara",2,6.2,Bengal,Mumbai,Kaif Ahmad,WP Saha,Atharva Ankolekar,0,0,,,,,,,,,
1280240,2021/22,2021-11-06,"ACA Stadium, Barsapara",2,6.3,Bengal,Mumbai,Kaif Ahmad,WP Saha,Atharva Ankolekar,0,0,,,,,,,,,
1280240,2021/22,2021-11-06,"ACA Stadium, Barsapara",2,6.4,Bengal,Mumbai,Kaif Ahmad,WP Saha,Atharva Ankolekar,0,0,,,,,,,,,
1280240,2021/22,2021-11-06,"ACA Stadium, Barsapara",2,6.5,Bengal,Mumbai,Kaif Ahmad,WP Saha,Atharva Ankolekar,1,0,,,,,,,,,
1280240,2021/22,2021-11-06,"ACA Stadium, Barsapara",2,6.6,Bengal,Mumbai,WP Saha,Kaif Ahmad,Atharva Ankolekar,1,0,,,,,,,,,
1280240,2021/22,2021-11-06,"ACA Stadium, Barsapara",2,7.1,Bengal,Mumbai,WP Saha,Kaif Ahmad,TU Deshpande,0,0,,,,,,,,,
1280240,2021/22,2021-11-06,"ACA Stadium, Barsapara",2,7.2,Bengal,Mumbai,WP Saha,Kaif Ahmad,TU Deshpande,1,0,,,,,,,,,
1280240,2021/22,2021-11-06,"ACA Stadium, Barsapara",2,7.3,Bengal,Mumbai,Kaif Ahmad,WP Saha,TU Deshpande,1,0,,,,,,,,,
1280240,2021/22,2021-11-06,"ACA Stadium, Barsapara",2,7.4,Bengal,Mumbai,WP Saha,Kaif Ahmad,TU Deshpande,1,0,,,,,,,,,
1280240,2021/22,2021-11-06,"ACA Stadium, Barsapara",2,7.5,Bengal,Mumbai,Kaif Ahmad,WP Saha,TU Deshpande,1,0,,,,,,,,,
1280240,2021/22,2021-11-06,"ACA Stadium, Barsapara",2,7.6,Bengal,Mumbai,WP Saha,Kaif Ahmad,TU Deshpande,1,0,,,,,,,,,
1280240,2021/22,2021-11-06,"ACA Stadium, Barsapara",2,8.1,Bengal,Mumbai,WP Saha,Kaif Ahmad,Mohit Avasthi,1,0,,,,,,,,,
1280240,2021/22,2021-11-06,"ACA Stadium, Barsapara",2,8.2,Bengal,Mumbai,Kaif Ahmad,WP Saha,Mohit Avasthi,4,0,,,,,,,,,
1280240,2021/22,2021-11-06,"ACA Stadium, Barsapara",2,8.3,Bengal,Mumbai,Kaif Ahmad,WP Saha,Mohit Avasthi,0,0,,,,,,,,,
1280240,2021/22,2021-11-06,"ACA Stadium, Barsapara",2,8.4,Bengal,Mumbai,Kaif Ahmad,WP Saha,Mohit Avasthi,0,1,,,,1,,,,,
1280240,2021/22,2021-11-06,"ACA Stadium, Barsapara",2,8.5,Bengal,Mumbai,WP Saha,Kaif Ahmad,Mohit Avasthi,0,0,,,,,,,,,
1280240,2021/22,2021-11-06,"ACA Stadium, Barsapara",2,8.6,Bengal,Mumbai,WP Saha,Kaif Ahmad,Mohit Avasthi,0,0,,,,,,caught,WP Saha,,
1280240,2021/22,2021-11-06,"ACA Stadium, Barsapara",2,9.1,Bengal,Mumbai,Kaif Ahmad,Ritwik Roy Chowdhury,Tanush Kotian,1,0,,,,,,,,,
1280240,2021/22,2021-11-06,"ACA Stadium, Barsapara",2,9.2,Bengal,Mumbai,Ritwik Roy Chowdhury,Kaif Ahmad,Tanush Kotian,0,0,,,,,,,,,
1280240,2021/22,2021-11-06,"ACA Stadium, Barsapara",2,9.3,Bengal,Mumbai,Ritwik Roy Chowdhury,Kaif Ahmad,Tanush Kotian,0,0,,,,,,,,,
1280240,2021/22,2021-11-06,"ACA Stadium, Barsapara",2,9.4,Bengal,Mumbai,Ritwik Roy Chowdhury,Kaif Ahmad,Tanush Kotian,0,0,,,,,,,,,
1280240,2021/22,2021-11-06,"ACA Stadium, Barsapara",2,9.5,Bengal,Mumbai,Ritwik Roy Chowdhury,Kaif Ahmad,Tanush Kotian,1,0,,,,,,,,,
1280240,2021/22,2021-11-06,"ACA Stadium, Barsapara",2,9.6,Bengal,Mumbai,Kaif Ahmad,Ritwik Roy Chowdhury,Tanush Kotian,1,0,,,,,,,,,
1280240,2021/22,2021-11-06,"ACA Stadium, Barsapara",2,10.1,Bengal,Mumbai,Kaif Ahmad,Ritwik Roy Chowdhury,SD Lad,1,0,,,,,,,,,
1280240,2021/22,2021-11-06,"ACA Stadium, Barsapara",2,10.2,Bengal,Mumbai,Ritwik Roy Chowdhury,Kaif Ahmad,SD Lad,1,0,,,,,,,,,
1280240,2021/22,2021-11-06,"ACA Stadium, Barsapara",2,10.3,Bengal,Mumbai,Kaif Ahmad,Ritwik Roy Chowdhury,SD Lad,1,0,,,,,,,,,
1280240,2021/22,2021-11-06,"ACA Stadium, Barsapara",2,10.4,Bengal,Mumbai,Ritwik Roy Chowdhury,Kaif Ahmad,SD Lad,1,0,,,,,,,,,
1280240,2021/22,2021-11-06,"ACA Stadium, Barsapara",2,10.5,Bengal,Mumbai,Kaif Ahmad,Ritwik Roy Chowdhury,SD Lad,1,0,,,,,,,,,
1280240,2021/22,2021-11-06,"ACA Stadium, Barsapara",2,10.6,Bengal,Mumbai,Ritwik Roy Chowdhury,Kaif Ahmad,SD Lad,2,0,,,,,,,,,
1280240,2021/22,2021-11-06,"ACA Stadium, Barsapara",2,11.1,Bengal,Mumbai,Kaif Ahmad,Ritwik Roy Chowdhury,Tanush Kotian,1,0,,,,,,,,,
1280240,2021/22,2021-11-06,"ACA Stadium, Barsapara",2,11.2,Bengal,Mumbai,Ritwik Roy Chowdhury,Kaif Ahmad,Tanush Kotian,1,0,,,,,,,,,
1280240,2021/22,2021-11-06,"ACA Stadium, Barsapara",2,11.3,Bengal,Mumbai,Kaif Ahmad,Ritwik Roy Chowdhury,Tanush Kotian,0,1,,,,1,,,,,
1280240,2021/22,2021-11-06,"ACA Stadium, Barsapara",2,11.4,Bengal,Mumbai,Ritwik Roy Chowdhury,Kaif Ahmad,Tanush Kotian,1,0,,,,,,,,,
1280240,2021/22,2021-11-06,"ACA Stadium, Barsapara",2,11.5,Bengal,Mumbai,Kaif Ahmad,Ritwik Roy Chowdhury,Tanush Kotian,0,0,,,,,,,,,
1280240,2021/22,2021-11-06,"ACA Stadium, Barsapara",2,11.6,Bengal,Mumbai,Kaif Ahmad,Ritwik Roy Chowdhury,Tanush Kotian,1,0,,,,,,,,,
1280240,2021/22,2021-11-06,"ACA Stadium, Barsapara",2,12.1,Bengal,Mumbai,Kaif Ahmad,Ritwik Roy Chowdhury,Atharva Ankolekar,4,0,,,,,,,,,
1280240,2021/22,2021-11-06,"ACA Stadium, Barsapara",2,12.2,Bengal,Mumbai,Kaif Ahmad,Ritwik Roy Chowdhury,Atharva Ankolekar,1,0,,,,,,,,,
1280240,2021/22,2021-11-06,"ACA Stadium, Barsapara",2,12.3,Bengal,Mumbai,Ritwik Roy Chowdhury,Kaif Ahmad,Atharva Ankolekar,1,0,,,,,,,,,
1280240,2021/22,2021-11-06,"ACA Stadium, Barsapara",2,12.4,Bengal,Mumbai,Kaif Ahmad,Ritwik Roy Chowdhury,Atharva Ankolekar,1,0,,,,,,,,,
1280240,2021/22,2021-11-06,"ACA Stadium, Barsapara",2,12.5,Bengal,Mumbai,Ritwik Roy Chowdhury,Kaif Ahmad,Atharva Ankolekar,6,0,,,,,,,,,
1280240,2021/22,2021-11-06,"ACA Stadium, Barsapara",2,12.6,Bengal,Mumbai,Ritwik Roy Chowdhury,Kaif Ahmad,Atharva Ankolekar,0,0,,,,,,,,,
1280240,2021/22,2021-11-06,"ACA Stadium, Barsapara",2,13.1,Bengal,Mumbai,Kaif Ahmad,Ritwik Roy Chowdhury,Tanush Kotian,6,0,,,,,,,,,
1280240,2021/22,2021-11-06,"ACA Stadium, Barsapara",2,13.2,Bengal,Mumbai,Kaif Ahmad,Ritwik Roy Chowdhury,Tanush Kotian,1,0,,,,,,,,,
1280240,2021/22,2021-11-06,"ACA Stadium, Barsapara",2,13.3,Bengal,Mumbai,Ritwik Roy Chowdhury,Kaif Ahmad,Tanush Kotian,4,0,,,,,,,,,
1280240,2021/22,2021-11-06,"ACA Stadium, Barsapara",2,13.4,Bengal,Mumbai,Ritwik Roy Chowdhury,Kaif Ahmad,Tanush Kotian,0,1,,,,1,,,,,
1280240,2021/22,2021-11-06,"ACA Stadium, Barsapara",2,13.5,Bengal,Mumbai,Kaif Ahmad,Ritwik Roy Chowdhury,Tanush Kotian,1,0,,,,,,,,,
1280240,2021/22,2021-11-06,"ACA Stadium, Barsapara",2,13.6,Bengal,Mumbai,Ritwik Roy Chowdhury,Kaif Ahmad,Tanush Kotian,1,0,,,,,,,,,
1280240,2021/22,2021-11-06,"ACA Stadium, Barsapara",2,14.1,Bengal,Mumbai,Ritwik Roy Chowdhury,Kaif Ahmad,Mohit Avasthi,0,0,,,,,,,,,
1280240,2021/22,2021-11-06,"ACA Stadium, Barsapara",2,14.2,Bengal,Mumbai,Ritwik Roy Chowdhury,Kaif Ahmad,Mohit Avasthi,0,0,,,,,,,,,
1280240,2021/22,2021-11-06,"ACA Stadium, Barsapara",2,14.3,Bengal,Mumbai,Ritwik Roy Chowdhury,Kaif Ahmad,Mohit Avasthi,4,0,,,,,,,,,
1280240,2021/22,2021-11-06,"ACA Stadium, Barsapara",2,14.4,Bengal,Mumbai,Ritwik Roy Chowdhury,Kaif Ahmad,Mohit Avasthi,0,0,,,,,,,,,
1280240,2021/22,2021-11-06,"ACA Stadium, Barsapara",2,14.5,Bengal,Mumbai,Ritwik Roy Chowdhury,Kaif Ahmad,Mohit Avasthi,1,0,,,,,,,,,
1280240,2021/22,2021-11-06,"ACA Stadium, Barsapara",2,14.6,Bengal,Mumbai,Kaif Ahmad,Ritwik Roy Chowdhury,Mohit Avasthi,0,0,,,,,,,,,
1280240,2021/22,2021-11-06,"ACA Stadium, Barsapara",2,15.1,Bengal,Mumbai,Ritwik Roy Chowdhury,Kaif Ahmad,S Dube,0,0,,,,,,,,,
1280240,2021/22,2021-11-06,"ACA Stadium, Barsapara",2,15.2,Bengal,Mumbai,Ritwik Roy Chowdhury,Kaif Ahmad,S Dube,4,0,,,,,,,,,
1280240,2021/22,2021-11-06,"ACA Stadium, Barsapara",2,15.3,Bengal,Mumbai,Ritwik Roy Chowdhury,Kaif Ahmad,S Dube,1,0,,,,,,,,,
1280240,2021/22,2021-11-06,"ACA Stadium, Barsapara",2,15.4,Bengal,Mumbai,Kaif Ahmad,Ritwik Roy Chowdhury,S Dube,0,0,,,,,,,,,
1280240,2021/22,2021-11-06,"ACA Stadium, Barsapara",2,15.5,Bengal,Mumbai,Kaif Ahmad,Ritwik Roy Chowdhury,S Dube,1,0,,,,,,,,,
1280240,2021/22,2021-11-06,"ACA Stadium, Barsapara",2,15.6,Bengal,Mumbai,Ritwik Roy Chowdhury,Kaif Ahmad,S Dube,1,0,,,,,,,,,
1280240,2021/22,2021-11-06,"ACA Stadium, Barsapara",2,16.1,Bengal,Mumbai,Ritwik Roy Chowdhury,Kaif Ahmad,TU Deshpande,0,0,,,,,,caught,Ritwik Roy Chowdhury,,
1280240,2021/22,2021-11-06,"ACA Stadium, Barsapara",2,16.2,Bengal,Mumbai,Shahbaz Ahmed,Kaif Ahmad,TU Deshpande,1,0,,,,,,,,,
1280240,2021/22,2021-11-06,"ACA Stadium, Barsapara",2,16.3,Bengal,Mumbai,Kaif Ahmad,Shahbaz Ahmed,TU Deshpande,1,0,,,,,,,,,
1280240,2021/22,2021-11-06,"ACA Stadium, Barsapara",2,16.4,Bengal,Mumbai,Shahbaz Ahmed,Kaif Ahmad,TU Deshpande,0,0,,,,,,,,,
1280240,2021/22,2021-11-06,"ACA Stadium, Barsapara",2,16.5,Bengal,Mumbai,Shahbaz Ahmed,Kaif Ahmad,TU Deshpande,1,0,,,,,,,,,
1280240,2021/22,2021-11-06,"ACA Stadium, Barsapara",2,16.6,Bengal,Mumbai,Kaif Ahmad,Shahbaz Ahmed,TU Deshpande,0,0,,,,,,,,,
1280240,2021/22,2021-11-06,"ACA Stadium, Barsapara",2,17.1,Bengal,Mumbai,Shahbaz Ahmed,Kaif Ahmad,S Dube,1,0,,,,,,,,,
1280240,2021/22,2021-11-06,"ACA Stadium, Barsapara",2,17.2,Bengal,Mumbai,Kaif Ahmad,Shahbaz Ahmed,S Dube,1,0,,,,,,,,,
1280240,2021/22,2021-11-06,"ACA Stadium, Barsapara",2,17.3,Bengal,Mumbai,Shahbaz Ahmed,Kaif Ahmad,S Dube,0,1,,1,,,,,,,
1280240,2021/22,2021-11-06,"ACA Stadium, Barsapara",2,17.4,Bengal,Mumbai,Shahbaz Ahmed,Kaif Ahmad,S Dube,0,1,1,,,,,,,,
1280240,2021/22,2021-11-06,"ACA Stadium, Barsapara",2,17.5,Bengal,Mumbai,Shahbaz Ahmed,Kaif Ahmad,S Dube,1,0,,,,,,,,,
1280240,2021/22,2021-11-06,"ACA Stadium, Barsapara",2,17.6,Bengal,Mumbai,Kaif Ahmad,Shahbaz Ahmed,S Dube,0,0,,,,,,caught,Kaif Ahmad,,
1280240,2021/22,2021-11-06,"ACA Stadium, Barsapara",2,17.7,Bengal,Mumbai,Shahbaz Ahmed,Akash Deep,S Dube,2,0,,,,,,,,,
1280240,2021/22,2021-11-06,"ACA Stadium, Barsapara",2,17.8,Bengal,Mumbai,Shahbaz Ahmed,Akash Deep,S Dube,0,0,,,,,,,,,
1280240,2021/22,2021-11-06,"ACA Stadium, Barsapara",2,18.1,Bengal,Mumbai,Akash Deep,Shahbaz Ahmed,TU Deshpande,0,0,,,,,,,,,
1280240,2021/22,2021-11-06,"ACA Stadium, Barsapara",2,18.2,Bengal,Mumbai,Akash Deep,Shahbaz Ahmed,TU Deshpande,2,0,,,,,,,,,
1280240,2021/22,2021-11-06,"ACA Stadium, Barsapara",2,18.3,Bengal,Mumbai,Akash Deep,Shahbaz Ahmed,TU Deshpande,2,0,,,,,,,,,
1280240,2021/22,2021-11-06,"ACA Stadium, Barsapara",2,18.4,Bengal,Mumbai,Akash Deep,Shahbaz Ahmed,TU Deshpande,0,0,,,,,,,,,
1280240,2021/22,2021-11-06,"ACA Stadium, Barsapara",2,18.5,Bengal,Mumbai,Akash Deep,Shahbaz Ahmed,TU Deshpande,0,0,,,,,,,,,
1280240,2021/22,2021-11-06,"ACA Stadium, Barsapara",2,18.6,Bengal,Mumbai,Akash Deep,Shahbaz Ahmed,TU Deshpande,0,1,1,,,,,,,,
1280240,2021/22,2021-11-06,"ACA Stadium, Barsapara",2,18.7,Bengal,Mumbai,Akash Deep,Shahbaz Ahmed,TU Deshpande,0,0,,,,,,,,,
1280240,2021/22,2021-11-06,"ACA Stadium, Barsapara",2,19.1,Bengal,Mumbai,Shahbaz Ahmed,Akash Deep,Mohit Avasthi,0,1,1,,,,,,,,
1280240,2021/22,2021-11-06,"ACA Stadium, Barsapara",2,19.2,Bengal,Mumbai,Shahbaz Ahmed,Akash Deep,Mohit Avasthi,0,0,,,,,,,,,
1280240,2021/22,2021-11-06,"ACA Stadium, Barsapara",2,19.3,Bengal,Mumbai,Shahbaz Ahmed,Akash Deep,Mohit Avasthi,0,0,,,,,,,,,
1280240,2021/22,2021-11-06,"ACA Stadium, Barsapara",2,19.4,Bengal,Mumbai,Shahbaz Ahmed,Akash Deep,Mohit Avasthi,6,0,,,,,,,,,
1280240,2021/22,2021-11-06,"ACA Stadium, Barsapara",2,19.5,Bengal,Mumbai,Shahbaz Ahmed,Akash Deep,Mohit Avasthi,0,0,,,,,,caught,Shahbaz Ahmed,,
1280240,2021/22,2021-11-06,"ACA Stadium, Barsapara",2,19.6,Bengal,Mumbai,Writtick Chatterjee,Akash Deep,Mohit Avasthi,0,0,,,,,,caught,Writtick Chatterjee,,
1280240,2021/22,2021-11-06,"ACA Stadium, Barsapara",2,19.7,Bengal,Mumbai,Akash Deep,Pradipta Pramanik,Mohit Avasthi,1,0,,,,,,,,,
