match_id,season,start_date,venue,innings,ball,batting_team,bowling_team,striker,non_striker,bowler,runs_off_bat,extras,wides,noballs,byes,legbyes,penalty,wicket_type,player_dismissed,other_wicket_type,other_player_dismissed
1280200,2021/22,2021-11-04,Bharat Ratna Shri Atal Bihari Vajpayee Ekana Cricket Stadium B,1,0.1,Goa,Odisha,Ishaan Gadekar,Aditya Kaushik,Debabrata Pradhan,0,0,,,,,,,,,
1280200,2021/22,2021-11-04,Bharat Ratna Shri Atal Bihari Vajpayee Ekana Cricket Stadium B,1,0.2,Goa,Odisha,Ishaan Gadekar,Aditya Kaushik,Debabrata Pradhan,0,0,,,,,,,,,
1280200,2021/22,2021-11-04,Bharat Ratna Shri Atal Bihari Vajpayee Ekana Cricket Stadium B,1,0.3,Goa,Odisha,Ishaan Gadekar,Aditya Kaushik,Debabrata Pradhan,4,0,,,,,,,,,
1280200,2021/22,2021-11-04,Bharat Ratna Shri Atal Bihari Vajpayee Ekana Cricket Stadium B,1,0.4,Goa,Odisha,Ishaan Gadekar,Aditya Kaushik,Debabrata Pradhan,0,0,,,,,,,,,
1280200,2021/22,2021-11-04,Bharat Ratna Shri Atal Bihari Vajpayee Ekana Cricket Stadium B,1,0.5,Goa,Odisha,Ishaan Gadekar,Aditya Kaushik,Debabrata Pradhan,1,0,,,,,,,,,
1280200,2021/22,2021-11-04,Bharat Ratna Shri Atal Bihari Vajpayee Ekana Cricket Stadium B,1,0.6,Goa,Odisha,Aditya Kaushik,Ishaan Gadekar,Debabrata Pradhan,1,0,,,,,,,,,
1280200,2021/22,2021-11-04,Bharat Ratna Shri Atal Bihari Vajpayee Ekana Cricket Stadium B,1,1.1,Goa,Odisha,Aditya Kaushik,Ishaan Gadekar,Govinda Poddar,0,0,,,,,,,,,
1280200,2021/22,2021-11-04,Bharat Ratna Shri Atal Bihari Vajpayee Ekana Cricket Stadium B,1,1.2,Goa,Odisha,Aditya Kaushik,Ishaan Gadekar,Govinda Poddar,0,0,,,,,,,,,
1280200,2021/22,2021-11-04,Bharat Ratna Shri Atal Bihari Vajpayee Ekana Cricket Stadium B,1,1.3,Goa,Odisha,Aditya Kaushik,Ishaan Gadekar,Govinda Poddar,0,0,,,,,,,,,
1280200,2021/22,2021-11-04,Bharat Ratna Shri Atal Bihari Vajpayee Ekana Cricket Stadium B,1,1.4,Goa,Odisha,Aditya Kaushik,Ishaan Gadekar,Govinda Poddar,2,0,,,,,,,,,
1280200,2021/22,2021-11-04,Bharat Ratna Shri Atal Bihari Vajpayee Ekana Cricket Stadium B,1,1.5,Goa,Odisha,Aditya Kaushik,Ishaan Gadekar,Govinda Poddar,2,0,,,,,,,,,
1280200,2021/22,2021-11-04,Bharat Ratna Shri Atal Bihari Vajpayee Ekana Cricket Stadium B,1,1.6,Goa,Odisha,Aditya Kaushik,Ishaan Gadekar,Govinda Poddar,0,0,,,,,,,,,
1280200,2021/22,2021-11-04,Bharat Ratna Shri Atal Bihari Vajpayee Ekana Cricket Stadium B,1,2.1,Goa,Odisha,Ishaan Gadekar,Aditya Kaushik,Ashish Rai,6,0,,,,,,,,,
1280200,2021/22,2021-11-04,Bharat Ratna Shri Atal Bihari Vajpayee Ekana Cricket Stadium B,1,2.2,Goa,Odisha,Ishaan Gadekar,Aditya Kaushik,Ashish Rai,0,0,,,,,,,,,
1280200,2021/22,2021-11-04,Bharat Ratna Shri Atal Bihari Vajpayee Ekana Cricket Stadium B,1,2.3,Goa,Odisha,Ishaan Gadekar,Aditya Kaushik,Ashish Rai,0,0,,,,,,,,,
1280200,2021/22,2021-11-04,Bharat Ratna Shri Atal Bihari Vajpayee Ekana Cricket Stadium B,1,2.4,Goa,Odisha,Ishaan Gadekar,Aditya Kaushik,Ashish Rai,2,0,,,,,,,,,
1280200,2021/22,2021-11-04,Bharat Ratna Shri Atal Bihari Vajpayee Ekana Cricket Stadium B,1,2.5,Goa,Odisha,Ishaan Gadekar,Aditya Kaushik,Ashish Rai,0,0,,,,,,,,,
1280200,2021/22,2021-11-04,Bharat Ratna Shri Atal Bihari Vajpayee Ekana Cricket Stadium B,1,2.6,Goa,Odisha,Ishaan Gadekar,Aditya Kaushik,Ashish Rai,0,0,,,,,,caught,Ishaan Gadekar,,
1280200,2021/22,2021-11-04,Bharat Ratna Shri Atal Bihari Vajpayee Ekana Cricket Stadium B,1,3.1,Goa,Odisha,Aditya Kaushik,Eknath Kerkar,Jayanta Behera,0,0,,,,,,,,,
1280200,2021/22,2021-11-04,Bharat Ratna Shri Atal Bihari Vajpayee Ekana Cricket Stadium B,1,3.2,Goa,Odisha,Aditya Kaushik,Eknath Kerkar,Jayanta Behera,4,0,,,,,,,,,
1280200,2021/22,2021-11-04,Bharat Ratna Shri Atal Bihari Vajpayee Ekana Cricket Stadium B,1,3.3,Goa,Odisha,Aditya Kaushik,Eknath Kerkar,Jayanta Behera,0,0,,,,,,,,,
1280200,2021/22,2021-11-04,Bharat Ratna Shri Atal Bihari Vajpayee Ekana Cricket Stadium B,1,3.4,Goa,Odisha,Aditya Kaushik,Eknath Kerkar,Jayanta Behera,0,0,,,,,,lbw,Aditya Kaushik,,
1280200,2021/22,2021-11-04,Bharat Ratna Shri Atal Bihari Vajpayee Ekana Cricket Stadium B,1,3.5,Goa,Odisha,Shubham Ranjane,Eknath Kerkar,Jayanta Behera,0,0,,,,,,,,,
1280200,2021/22,2021-11-04,Bharat Ratna Shri Atal Bihari Vajpayee Ekana Cricket Stadium B,1,3.6,Goa,Odisha,Shubham Ranjane,Eknath Kerkar,Jayanta Behera,0,0,,,,,,,,,
1280200,2021/22,2021-11-04,Bharat Ratna Shri Atal Bihari Vajpayee Ekana Cricket Stadium B,1,4.1,Goa,Odisha,Eknath Kerkar,Shubham Ranjane,Debabrata Pradhan,1,0,,,,,,,,,
1280200,2021/22,2021-11-04,Bharat Ratna Shri Atal Bihari Vajpayee Ekana Cricket Stadium B,1,4.2,Goa,Odisha,Shubham Ranjane,Eknath Kerkar,Debabrata Pradhan,0,0,,,,,,,,,
1280200,2021/22,2021-11-04,Bharat Ratna Shri Atal Bihari Vajpayee Ekana Cricket Stadium B,1,4.3,Goa,Odisha,Shubham Ranjane,Eknath Kerkar,Debabrata Pradhan,1,0,,,,,,,,,
1280200,2021/22,2021-11-04,Bharat Ratna Shri Atal Bihari Vajpayee Ekana Cricket Stadium B,1,4.4,Goa,Odisha,Eknath Kerkar,Shubham Ranjane,Debabrata Pradhan,0,0,,,,,,,,,
1280200,2021/22,2021-11-04,Bharat Ratna Shri Atal Bihari Vajpayee Ekana Cricket Stadium B,1,4.5,Goa,Odisha,Eknath Kerkar,Shubham Ranjane,Debabrata Pradhan,0,0,,,,,,,,,
1280200,2021/22,2021-11-04,Bharat Ratna Shri Atal Bihari Vajpayee Ekana Cricket Stadium B,1,4.6,Goa,Odisha,Eknath Kerkar,Shubham Ranjane,Debabrata Pradhan,0,0,,,,,,,,,
1280200,2021/22,2021-11-04,Bharat Ratna Shri Atal Bihari Vajpayee Ekana Cricket Stadium B,1,5.1,Goa,Odisha,Shubham Ranjane,Eknath Kerkar,Ashish Rai,0,0,,,,,,,,,
1280200,2021/22,2021-11-04,Bharat Ratna Shri Atal Bihari Vajpayee Ekana Cricket Stadium B,1,5.2,Goa,Odisha,Shubham Ranjane,Eknath Kerkar,Ashish Rai,0,0,,,,,,,,,
1280200,2021/22,2021-11-04,Bharat Ratna Shri Atal Bihari Vajpayee Ekana Cricket Stadium B,1,5.3,Goa,Odisha,Shubham Ranjane,Eknath Kerkar,Ashish Rai,1,0,,,,,,,,,
1280200,2021/22,2021-11-04,Bharat Ratna Shri Atal Bihari Vajpayee Ekana Cricket Stadium B,1,5.4,Goa,Odisha,Eknath Kerkar,Shubham Ranjane,Ashish Rai,0,0,,,,,,,,,
1280200,2021/22,2021-11-04,Bharat Ratna Shri Atal Bihari Vajpayee Ekana Cricket Stadium B,1,5.5,Goa,Odisha,Eknath Kerkar,Shubham Ranjane,Ashish Rai,0,0,,,,,,,,,
1280200,2021/22,2021-11-04,Bharat Ratna Shri Atal Bihari Vajpayee Ekana Cricket Stadium B,1,5.6,Goa,Odisha,Eknath Kerkar,Shubham Ranjane,Ashish Rai,1,0,,,,,,,,,
1280200,2021/22,2021-11-04,Bharat Ratna Shri Atal Bihari Vajpayee Ekana Cricket Stadium B,1,6.1,Goa,Odisha,Eknath Kerkar,Shubham Ranjane,AS Raut,0,0,,,,,,,,,
1280200,2021/22,2021-11-04,Bharat Ratna Shri Atal Bihari Vajpayee Ekana Cricket Stadium B,1,6.2,Goa,Odisha,Eknath Kerkar,Shubham Ranjane,AS Raut,1,0,,,,,,,,,
1280200,2021/22,2021-11-04,Bharat Ratna Shri Atal Bihari Vajpayee Ekana Cricket Stadium B,1,6.3,Goa,Odisha,Shubham Ranjane,Eknath Kerkar,AS Raut,0,0,,,,,,,,,
1280200,2021/22,2021-11-04,Bharat Ratna Shri Atal Bihari Vajpayee Ekana Cricket Stadium B,1,6.4,Goa,Odisha,Shubham Ranjane,Eknath Kerkar,AS Raut,1,0,,,,,,,,,
1280200,2021/22,2021-11-04,Bharat Ratna Shri Atal Bihari Vajpayee Ekana Cricket Stadium B,1,6.5,Goa,Odisha,Eknath Kerkar,Shubham Ranjane,AS Raut,1,0,,,,,,,,,
1280200,2021/22,2021-11-04,Bharat Ratna Shri Atal Bihari Vajpayee Ekana Cricket Stadium B,1,6.6,Goa,Odisha,Shubham Ranjane,Eknath Kerkar,AS Raut,1,0,,,,,,,,,
1280200,2021/22,2021-11-04,Bharat Ratna Shri Atal Bihari Vajpayee Ekana Cricket Stadium B,1,7.1,Goa,Odisha,Shubham Ranjane,Eknath Kerkar,Jayanta Behera,0,0,,,,,,,,,
1280200,2021/22,2021-11-04,Bharat Ratna Shri Atal Bihari Vajpayee Ekana Cricket Stadium B,1,7.2,Goa,Odisha,Shubham Ranjane,Eknath Kerkar,Jayanta Behera,1,0,,,,,,,,,
1280200,2021/22,2021-11-04,Bharat Ratna Shri Atal Bihari Vajpayee Ekana Cricket Stadium B,1,7.3,Goa,Odisha,Eknath Kerkar,Shubham Ranjane,Jayanta Behera,1,0,,,,,,,,,
1280200,2021/22,2021-11-04,Bharat Ratna Shri Atal Bihari Vajpayee Ekana Cricket Stadium B,1,7.4,Goa,Odisha,Shubham Ranjane,Eknath Kerkar,Jayanta Behera,1,0,,,,,,,,,
1280200,2021/22,2021-11-04,Bharat Ratna Shri Atal Bihari Vajpayee Ekana Cricket Stadium B,1,7.5,Goa,Odisha,Eknath Kerkar,Shubham Ranjane,Jayanta Behera,1,0,,,,,,,,,
1280200,2021/22,2021-11-04,Bharat Ratna Shri Atal Bihari Vajpayee Ekana Cricket Stadium B,1,7.6,Goa,Odisha,Shubham Ranjane,Eknath Kerkar,Jayanta Behera,1,0,,,,,,,,,
1280200,2021/22,2021-11-04,Bharat Ratna Shri Atal Bihari Vajpayee Ekana Cricket Stadium B,1,8.1,Goa,Odisha,Shubham Ranjane,Eknath Kerkar,AS Raut,4,0,,,,,,,,,
1280200,2021/22,2021-11-04,Bharat Ratna Shri Atal Bihari Vajpayee Ekana Cricket Stadium B,1,8.2,Goa,Odisha,Shubham Ranjane,Eknath Kerkar,AS Raut,0,1,1,,,,,,,,
1280200,2021/22,2021-11-04,Bharat Ratna Shri Atal Bihari Vajpayee Ekana Cricket Stadium B,1,8.3,Goa,Odisha,Shubham Ranjane,Eknath Kerkar,AS Raut,1,0,,,,,,,,,
1280200,2021/22,2021-11-04,Bharat Ratna Shri Atal Bihari Vajpayee Ekana Cricket Stadium B,1,8.4,Goa,Odisha,Eknath Kerkar,Shubham Ranjane,AS Raut,0,0,,,,,,,,,
1280200,2021/22,2021-11-04,Bharat Ratna Shri Atal Bihari Vajpayee Ekana Cricket Stadium B,1,8.5,Goa,Odisha,Eknath Kerkar,Shubham Ranjane,AS Raut,0,0,,,,,,,,,
1280200,2021/22,2021-11-04,Bharat Ratna Shri Atal Bihari Vajpayee Ekana Cricket Stadium B,1,8.6,Goa,Odisha,Eknath Kerkar,Shubham Ranjane,AS Raut,0,0,,,,,,,,,
1280200,2021/22,2021-11-04,Bharat Ratna Shri Atal Bihari Vajpayee Ekana Cricket Stadium B,1,8.7,Goa,Odisha,Eknath Kerkar,Shubham Ranjane,AS Raut,1,0,,,,,,,,,
1280200,2021/22,2021-11-04,Bharat Ratna Shri Atal Bihari Vajpayee Ekana Cricket Stadium B,1,9.1,Goa,Odisha,Eknath Kerkar,Shubham Ranjane,Bikash K Rout,0,0,,,,,,,,,
1280200,2021/22,2021-11-04,Bharat Ratna Shri Atal Bihari Vajpayee Ekana Cricket Stadium B,1,9.2,Goa,Odisha,Eknath Kerkar,Shubham Ranjane,Bikash K Rout,1,0,,,,,,,,,
1280200,2021/22,2021-11-04,Bharat Ratna Shri Atal Bihari Vajpayee Ekana Cricket Stadium B,1,9.3,Goa,Odisha,Shubham Ranjane,Eknath Kerkar,Bikash K Rout,0,0,,,,,,,,,
1280200,2021/22,2021-11-04,Bharat Ratna Shri Atal Bihari Vajpayee Ekana Cricket Stadium B,1,9.4,Goa,Odisha,Shubham Ranjane,Eknath Kerkar,Bikash K Rout,1,0,,,,,,,,,
1280200,2021/22,2021-11-04,Bharat Ratna Shri Atal Bihari Vajpayee Ekana Cricket Stadium B,1,9.5,Goa,Odisha,Eknath Kerkar,Shubham Ranjane,Bikash K Rout,0,0,,,,,,bowled,Eknath Kerkar,,
1280200,2021/22,2021-11-04,Bharat Ratna Shri Atal Bihari Vajpayee Ekana Cricket Stadium B,1,9.6,Goa,Odisha,SS Prabhudessai,Shubham Ranjane,Bikash K Rout,0,0,,,,,,,,,
1280200,2021/22,2021-11-04,Bharat Ratna Shri Atal Bihari Vajpayee Ekana Cricket Stadium B,1,10.1,Goa,Odisha,Shubham Ranjane,SS Prabhudessai,AS Raut,1,0,,,,,,,,,
1280200,2021/22,2021-11-04,Bharat Ratna Shri Atal Bihari Vajpayee Ekana Cricket Stadium B,1,10.2,Goa,Odisha,SS Prabhudessai,Shubham Ranjane,AS Raut,0,0,,,,,,,,,
1280200,2021/22,2021-11-04,Bharat Ratna Shri Atal Bihari Vajpayee Ekana Cricket Stadium B,1,10.3,Goa,Odisha,SS Prabhudessai,Shubham Ranjane,AS Raut,2,0,,,,,,,,,
1280200,2021/22,2021-11-04,Bharat Ratna Shri Atal Bihari Vajpayee Ekana Cricket Stadium B,1,10.4,Goa,Odisha,SS Prabhudessai,Shubham Ranjane,AS Raut,4,0,,,,,,,,,
1280200,2021/22,2021-11-04,Bharat Ratna Shri Atal Bihari Vajpayee Ekana Cricket Stadium B,1,10.5,Goa,Odisha,SS Prabhudessai,Shubham Ranjane,AS Raut,2,0,,,,,,,,,
1280200,2021/22,2021-11-04,Bharat Ratna Shri Atal Bihari Vajpayee Ekana Cricket Stadium B,1,10.6,Goa,Odisha,SS Prabhudessai,Shubham Ranjane,AS Raut,0,0,,,,,,,,,
1280200,2021/22,2021-11-04,Bharat Ratna Shri Atal Bihari Vajpayee Ekana Cricket Stadium B,1,11.1,Goa,Odisha,Shubham Ranjane,SS Prabhudessai,Bikash K Rout,1,0,,,,,,,,,
1280200,2021/22,2021-11-04,Bharat Ratna Shri Atal Bihari Vajpayee Ekana Cricket Stadium B,1,11.2,Goa,Odisha,SS Prabhudessai,Shubham Ranjane,Bikash K Rout,1,0,,,,,,,,,
1280200,2021/22,2021-11-04,Bharat Ratna Shri Atal Bihari Vajpayee Ekana Cricket Stadium B,1,11.3,Goa,Odisha,Shubham Ranjane,SS Prabhudessai,Bikash K Rout,0,0,,,,,,,,,
1280200,2021/22,2021-11-04,Bharat Ratna Shri Atal Bihari Vajpayee Ekana Cricket Stadium B,1,11.4,Goa,Odisha,Shubham Ranjane,SS Prabhudessai,Bikash K Rout,4,0,,,,,,,,,
1280200,2021/22,2021-11-04,Bharat Ratna Shri Atal Bihari Vajpayee Ekana Cricket Stadium B,1,11.5,Goa,Odisha,Shubham Ranjane,SS Prabhudessai,Bikash K Rout,1,0,,,,,,,,,
1280200,2021/22,2021-11-04,Bharat Ratna Shri Atal Bihari Vajpayee Ekana Cricket Stadium B,1,11.6,Goa,Odisha,SS Prabhudessai,Shubham Ranjane,Bikash K Rout,0,0,,,,,,,,,
1280200,2021/22,2021-11-04,Bharat Ratna Shri Atal Bihari Vajpayee Ekana Cricket Stadium B,1,12.1,Goa,Odisha,Shubham Ranjane,SS Prabhudessai,Jayanta Behera,1,0,,,,,,,,,
1280200,2021/22,2021-11-04,Bharat Ratna Shri Atal Bihari Vajpayee Ekana Cricket Stadium B,1,12.2,Goa,Odisha,SS Prabhudessai,Shubham Ranjane,Jayanta Behera,0,0,,,,,,stumped,SS Prabhudessai,,
1280200,2021/22,2021-11-04,Bharat Ratna Shri Atal Bihari Vajpayee Ekana Cricket Stadium B,1,12.3,Goa,Odisha,Darshan Misal,Shubham Ranjane,Jayanta Behera,1,0,,,,,,,,,
1280200,2021/22,2021-11-04,Bharat Ratna Shri Atal Bihari Vajpayee Ekana Cricket Stadium B,1,12.4,Goa,Odisha,Shubham Ranjane,Darshan Misal,Jayanta Behera,1,0,,,,,,,,,
1280200,2021/22,2021-11-04,Bharat Ratna Shri Atal Bihari Vajpayee Ekana Cricket Stadium B,1,12.5,Goa,Odisha,Darshan Misal,Shubham Ranjane,Jayanta Behera,0,0,,,,,,,,,
1280200,2021/22,2021-11-04,Bharat Ratna Shri Atal Bihari Vajpayee Ekana Cricket Stadium B,1,12.6,Goa,Odisha,Darshan Misal,Shubham Ranjane,Jayanta Behera,1,0,,,,,,,,,
1280200,2021/22,2021-11-04,Bharat Ratna Shri Atal Bihari Vajpayee Ekana Cricket Stadium B,1,13.1,Goa,Odisha,Darshan Misal,Shubham Ranjane,Bikash K Rout,1,0,,,,,,,,,
1280200,2021/22,2021-11-04,Bharat Ratna Shri Atal Bihari Vajpayee Ekana Cricket Stadium B,1,13.2,Goa,Odisha,Shubham Ranjane,Darshan Misal,Bikash K Rout,1,0,,,,,,,,,
1280200,2021/22,2021-11-04,Bharat Ratna Shri Atal Bihari Vajpayee Ekana Cricket Stadium B,1,13.3,Goa,Odisha,Darshan Misal,Shubham Ranjane,Bikash K Rout,1,0,,,,,,,,,
1280200,2021/22,2021-11-04,Bharat Ratna Shri Atal Bihari Vajpayee Ekana Cricket Stadium B,1,13.4,Goa,Odisha,Shubham Ranjane,Darshan Misal,Bikash K Rout,1,0,,,,,,,,,
1280200,2021/22,2021-11-04,Bharat Ratna Shri Atal Bihari Vajpayee Ekana Cricket Stadium B,1,13.5,Goa,Odisha,Darshan Misal,Shubham Ranjane,Bikash K Rout,4,0,,,,,,,,,
1280200,2021/22,2021-11-04,Bharat Ratna Shri Atal Bihari Vajpayee Ekana Cricket Stadium B,1,13.6,Goa,Odisha,Darshan Misal,Shubham Ranjane,Bikash K Rout,1,0,,,,,,,,,
1280200,2021/22,2021-11-04,Bharat Ratna Shri Atal Bihari Vajpayee Ekana Cricket Stadium B,1,14.1,Goa,Odisha,Darshan Misal,Shubham Ranjane,Ashish Rai,1,0,,,,,,,,,
1280200,2021/22,2021-11-04,Bharat Ratna Shri Atal Bihari Vajpayee Ekana Cricket Stadium B,1,14.2,Goa,Odisha,Shubham Ranjane,Darshan Misal,Ashish Rai,1,0,,,,,,,,,
1280200,2021/22,2021-11-04,Bharat Ratna Shri Atal Bihari Vajpayee Ekana Cricket Stadium B,1,14.3,Goa,Odisha,Darshan Misal,Shubham Ranjane,Ashish Rai,0,0,,,,,,,,,
1280200,2021/22,2021-11-04,Bharat Ratna Shri Atal Bihari Vajpayee Ekana Cricket Stadium B,1,14.4,Goa,Odisha,Darshan Misal,Shubham Ranjane,Ashish Rai,0,0,,,,,,,,,
1280200,2021/22,2021-11-04,Bharat Ratna Shri Atal Bihari Vajpayee Ekana Cricket Stadium B,1,14.5,Goa,Odisha,Darshan Misal,Shubham Ranjane,Ashish Rai,1,0,,,,,,,,,
1280200,2021/22,2021-11-04,Bharat Ratna Shri Atal Bihari Vajpayee Ekana Cricket Stadium B,1,14.6,Goa,Odisha,Shubham Ranjane,Darshan Misal,Ashish Rai,1,0,,,,,,,,,
1280200,2021/22,2021-11-04,Bharat Ratna Shri Atal Bihari Vajpayee Ekana Cricket Stadium B,1,15.1,Goa,Odisha,Shubham Ranjane,Darshan Misal,Bikash K Rout,6,0,,,,,,,,,
1280200,2021/22,2021-11-04,Bharat Ratna Shri Atal Bihari Vajpayee Ekana Cricket Stadium B,1,15.2,Goa,Odisha,Shubham Ranjane,Darshan Misal,Bikash K Rout,0,0,,,,,,,,,
1280200,2021/22,2021-11-04,Bharat Ratna Shri Atal Bihari Vajpayee Ekana Cricket Stadium B,1,15.3,Goa,Odisha,Shubham Ranjane,Darshan Misal,Bikash K Rout,0,1,1,,,,,,,,
1280200,2021/22,2021-11-04,Bharat Ratna Shri Atal Bihari Vajpayee Ekana Cricket Stadium B,1,15.4,Goa,Odisha,Shubham Ranjane,Darshan Misal,Bikash K Rout,0,0,,,,,,bowled,Shubham Ranjane,,
1280200,2021/22,2021-11-04,Bharat Ratna Shri Atal Bihari Vajpayee Ekana Cricket Stadium B,1,15.5,Goa,Odisha,Deepraj Gaonkar,Darshan Misal,Bikash K Rout,1,0,,,,,,,,,
1280200,2021/22,2021-11-04,Bharat Ratna Shri Atal Bihari Vajpayee Ekana Cricket Stadium B,1,15.6,Goa,Odisha,Darshan Misal,Deepraj Gaonkar,Bikash K Rout,0,0,,,,,,lbw,Darshan Misal,,
1280200,2021/22,2021-11-04,Bharat Ratna Shri Atal Bihari Vajpayee Ekana Cricket Stadium B,1,15.7,Goa,Odisha,Amit Yadav,Deepraj Gaonkar,Bikash K Rout,1,0,,,,,,,,,
1280200,2021/22,2021-11-04,Bharat Ratna Shri Atal Bihari Vajpayee Ekana Cricket Stadium B,1,16.1,Goa,Odisha,Amit Yadav,Deepraj Gaonkar,Jayanta Behera,0,0,,,,,,,,,
1280200,2021/22,2021-11-04,Bharat Ratna Shri Atal Bihari Vajpayee Ekana Cricket Stadium B,1,16.2,Goa,Odisha,Amit Yadav,Deepraj Gaonkar,Jayanta Behera,0,0,,,,,,stumped,Amit Yadav,,
1280200,2021/22,2021-11-04,Bharat Ratna Shri Atal Bihari Vajpayee Ekana Cricket Stadium B,1,16.3,Goa,Odisha,SB Wagh,Deepraj Gaonkar,Jayanta Behera,0,0,,,,,,,,,
1280200,2021/22,2021-11-04,Bharat Ratna Shri Atal Bihari Vajpayee Ekana Cricket Stadium B,1,16.4,Goa,Odisha,SB Wagh,Deepraj Gaonkar,Jayanta Behera,0,0,,,,,,,,,
1280200,2021/22,2021-11-04,Bharat Ratna Shri Atal Bihari Vajpayee Ekana Cricket Stadium B,1,16.5,Goa,Odisha,SB Wagh,Deepraj Gaonkar,Jayanta Behera,1,0,,,,,,,,,
1280200,2021/22,2021-11-04,Bharat Ratna Shri Atal Bihari Vajpayee Ekana Cricket Stadium B,1,16.6,Goa,Odisha,Deepraj Gaonkar,SB Wagh,Jayanta Behera,0,0,,,,,,,,,
1280200,2021/22,2021-11-04,Bharat Ratna Shri Atal Bihari Vajpayee Ekana Cricket Stadium B,1,17.1,Goa,Odisha,SB Wagh,Deepraj Gaonkar,Debabrata Pradhan,1,0,,,,,,,,,
1280200,2021/22,2021-11-04,Bharat Ratna Shri Atal Bihari Vajpayee Ekana Cricket Stadium B,1,17.2,Goa,Odisha,Deepraj Gaonkar,SB Wagh,Debabrata Pradhan,1,0,,,,,,,,,
1280200,2021/22,2021-11-04,Bharat Ratna Shri Atal Bihari Vajpayee Ekana Cricket Stadium B,1,17.3,Goa,Odisha,SB Wagh,Deepraj Gaonkar,Debabrata Pradhan,0,0,,,,,,,,,
1280200,2021/22,2021-11-04,Bharat Ratna Shri Atal Bihari Vajpayee Ekana Cricket Stadium B,1,17.4,Goa,Odisha,SB Wagh,Deepraj Gaonkar,Debabrata Pradhan,1,0,,,,,,,,,
1280200,2021/22,2021-11-04,Bharat Ratna Shri Atal Bihari Vajpayee Ekana Cricket Stadium B,1,17.5,Goa,Odisha,Deepraj Gaonkar,SB Wagh,Debabrata Pradhan,0,0,,,,,,,,,
1280200,2021/22,2021-11-04,Bharat Ratna Shri Atal Bihari Vajpayee Ekana Cricket Stadium B,1,17.6,Goa,Odisha,Deepraj Gaonkar,SB Wagh,Debabrata Pradhan,1,0,,,,,,,,,
1280200,2021/22,2021-11-04,Bharat Ratna Shri Atal Bihari Vajpayee Ekana Cricket Stadium B,1,18.1,Goa,Odisha,Deepraj Gaonkar,SB Wagh,Ashish Rai,0,0,,,,,,lbw,Deepraj Gaonkar,,
1280200,2021/22,2021-11-04,Bharat Ratna Shri Atal Bihari Vajpayee Ekana Cricket Stadium B,1,18.2,Goa,Odisha,Lakshay Garg,SB Wagh,Ashish Rai,1,0,,,,,,,,,
1280200,2021/22,2021-11-04,Bharat Ratna Shri Atal Bihari Vajpayee Ekana Cricket Stadium B,1,18.3,Goa,Odisha,SB Wagh,Lakshay Garg,Ashish Rai,4,0,,,,,,,,,
1280200,2021/22,2021-11-04,Bharat Ratna Shri Atal Bihari Vajpayee Ekana Cricket Stadium B,1,18.4,Goa,Odisha,SB Wagh,Lakshay Garg,Ashish Rai,0,0,,,,,,,,,
1280200,2021/22,2021-11-04,Bharat Ratna Shri Atal Bihari Vajpayee Ekana Cricket Stadium B,1,18.5,Goa,Odisha,SB Wagh,Lakshay Garg,Ashish Rai,0,0,,,,,,,,,
1280200,2021/22,2021-11-04,Bharat Ratna Shri Atal Bihari Vajpayee Ekana Cricket Stadium B,1,18.6,Goa,Odisha,SB Wagh,Lakshay Garg,Ashish Rai,1,0,,,,,,,,,
1280200,2021/22,2021-11-04,Bharat Ratna Shri Atal Bihari Vajpayee Ekana Cricket Stadium B,1,19.1,Goa,Odisha,SB Wagh,Lakshay Garg,Debabrata Pradhan,1,0,,,,,,,,,
1280200,2021/22,2021-11-04,Bharat Ratna Shri Atal Bihari Vajpayee Ekana Cricket Stadium B,1,19.2,Goa,Odisha,Lakshay Garg,SB Wagh,Debabrata Pradhan,1,0,,,,,,,,,
1280200,2021/22,2021-11-04,Bharat Ratna Shri Atal Bihari Vajpayee Ekana Cricket Stadium B,1,19.3,Goa,Odisha,SB Wagh,Lakshay Garg,Debabrata Pradhan,0,0,,,,,,,,,
1280200,2021/22,2021-11-04,Bharat Ratna Shri Atal Bihari Vajpayee Ekana Cricket Stadium B,1,19.4,Goa,Odisha,SB Wagh,Lakshay Garg,Debabrata Pradhan,1,0,,,,,,,,,
1280200,2021/22,2021-11-04,Bharat Ratna Shri Atal Bihari Vajpayee Ekana Cricket Stadium B,1,19.5,Goa,Odisha,Lakshay Garg,SB Wagh,Debabrata Pradhan,0,1,1,,,,,,,,
1280200,2021/22,2021-11-04,Bharat Ratna Shri Atal Bihari Vajpayee Ekana Cricket Stadium B,1,19.6,Goa,Odisha,Lakshay Garg,SB Wagh,Debabrata Pradhan,1,0,,,,,,,,,
1280200,2021/22,2021-11-04,Bharat Ratna Shri Atal Bihari Vajpayee Ekana Cricket Stadium B,1,19.7,Goa,Odisha,SB Wagh,Lakshay Garg,Debabrata Pradhan,2,0,,,,,,,,,
1280200,2021/22,2021-11-04,Bharat Ratna Shri Atal Bihari Vajpayee Ekana Cricket Stadium B,2,0.1,Odisha,Goa,Rajesh Dhuper,Anshuman Rath,Amit Yadav,0,0,,,,,,,,,
1280200,2021/22,2021-11-04,Bharat Ratna Shri Atal Bihari Vajpayee Ekana Cricket Stadium B,2,0.2,Odisha,Goa,Rajesh Dhuper,Anshuman Rath,Amit Yadav,0,0,,,,,,,,,
1280200,2021/22,2021-11-04,Bharat Ratna Shri Atal Bihari Vajpayee Ekana Cricket Stadium B,2,0.3,Odisha,Goa,Rajesh Dhuper,Anshuman Rath,Amit Yadav,0,0,,,,,,,,,
1280200,2021/22,2021-11-04,Bharat Ratna Shri Atal Bihari Vajpayee Ekana Cricket Stadium B,2,0.4,Odisha,Goa,Rajesh Dhuper,Anshuman Rath,Amit Yadav,0,0,,,,,,,,,
1280200,2021/22,2021-11-04,Bharat Ratna Shri Atal Bihari Vajpayee Ekana Cricket Stadium B,2,0.5,Odisha,Goa,Rajesh Dhuper,Anshuman Rath,Amit Yadav,0,0,,,,,,,,,
1280200,2021/22,2021-11-04,Bharat Ratna Shri Atal Bihari Vajpayee Ekana Cricket Stadium B,2,0.6,Odisha,Goa,Rajesh Dhuper,Anshuman Rath,Amit Yadav,0,0,,,,,,,,,
1280200,2021/22,2021-11-04,Bharat Ratna Shri Atal Bihari Vajpayee Ekana Cricket Stadium B,2,1.1,Odisha,Goa,Anshuman Rath,Rajesh Dhuper,SB Wagh,0,1,,,,1,,,,,
1280200,2021/22,2021-11-04,Bharat Ratna Shri Atal Bihari Vajpayee Ekana Cricket Stadium B,2,1.2,Odisha,Goa,Rajesh Dhuper,Anshuman Rath,SB Wagh,6,0,,,,,,,,,
1280200,2021/22,2021-11-04,Bharat Ratna Shri Atal Bihari Vajpayee Ekana Cricket Stadium B,2,1.3,Odisha,Goa,Rajesh Dhuper,Anshuman Rath,SB Wagh,1,0,,,,,,,,,
1280200,2021/22,2021-11-04,Bharat Ratna Shri Atal Bihari Vajpayee Ekana Cricket Stadium B,2,1.4,Odisha,Goa,Anshuman Rath,Rajesh Dhuper,SB Wagh,1,0,,,,,,,,,
1280200,2021/22,2021-11-04,Bharat Ratna Shri Atal Bihari Vajpayee Ekana Cricket Stadium B,2,1.5,Odisha,Goa,Rajesh Dhuper,Anshuman Rath,SB Wagh,1,0,,,,,,,,,
1280200,2021/22,2021-11-04,Bharat Ratna Shri Atal Bihari Vajpayee Ekana Cricket Stadium B,2,1.6,Odisha,Goa,Anshuman Rath,Rajesh Dhuper,SB Wagh,1,0,,,,,,,,,
1280200,2021/22,2021-11-04,Bharat Ratna Shri Atal Bihari Vajpayee Ekana Cricket Stadium B,2,2.1,Odisha,Goa,Anshuman Rath,Rajesh Dhuper,Amit Yadav,1,0,,,,,,,,,
1280200,2021/22,2021-11-04,Bharat Ratna Shri Atal Bihari Vajpayee Ekana Cricket Stadium B,2,2.2,Odisha,Goa,Rajesh Dhuper,Anshuman Rath,Amit Yadav,0,0,,,,,,,,,
1280200,2021/22,2021-11-04,Bharat Ratna Shri Atal Bihari Vajpayee Ekana Cricket Stadium B,2,2.3,Odisha,Goa,Rajesh Dhuper,Anshuman Rath,Amit Yadav,0,0,,,,,,,,,
1280200,2021/22,2021-11-04,Bharat Ratna Shri Atal Bihari Vajpayee Ekana Cricket Stadium B,2,2.4,Odisha,Goa,Rajesh Dhuper,Anshuman Rath,Amit Yadav,0,0,,,,,,caught,Rajesh Dhuper,,
1280200,2021/22,2021-11-04,Bharat Ratna Shri Atal Bihari Vajpayee Ekana Cricket Stadium B,2,2.5,Odisha,Goa,Anshuman Rath,Subhransu Senapati,Amit Yadav,0,0,,,,,,,,,
1280200,2021/22,2021-11-04,Bharat Ratna Shri Atal Bihari Vajpayee Ekana Cricket Stadium B,2,2.6,Odisha,Goa,Anshuman Rath,Subhransu Senapati,Amit Yadav,0,0,,,,,,,,,
1280200,2021/22,2021-11-04,Bharat Ratna Shri Atal Bihari Vajpayee Ekana Cricket Stadium B,2,3.1,Odisha,Goa,Subhransu Senapati,Anshuman Rath,Darshan Misal,0,0,,,,,,,,,
1280200,2021/22,2021-11-04,Bharat Ratna Shri Atal Bihari Vajpayee Ekana Cricket Stadium B,2,3.2,Odisha,Goa,Subhransu Senapati,Anshuman Rath,Darshan Misal,1,0,,,,,,,,,
1280200,2021/22,2021-11-04,Bharat Ratna Shri Atal Bihari Vajpayee Ekana Cricket Stadium B,2,3.3,Odisha,Goa,Anshuman Rath,Subhransu Senapati,Darshan Misal,1,0,,,,,,,,,
1280200,2021/22,2021-11-04,Bharat Ratna Shri Atal Bihari Vajpayee Ekana Cricket Stadium B,2,3.4,Odisha,Goa,Subhransu Senapati,Anshuman Rath,Darshan Misal,0,0,,,,,,,,,
1280200,2021/22,2021-11-04,Bharat Ratna Shri Atal Bihari Vajpayee Ekana Cricket Stadium B,2,3.5,Odisha,Goa,Subhransu Senapati,Anshuman Rath,Darshan Misal,0,0,,,,,,,,,
1280200,2021/22,2021-11-04,Bharat Ratna Shri Atal Bihari Vajpayee Ekana Cricket Stadium B,2,3.6,Odisha,Goa,Subhransu Senapati,Anshuman Rath,Darshan Misal,0,0,,,,,,,,,
1280200,2021/22,2021-11-04,Bharat Ratna Shri Atal Bihari Vajpayee Ekana Cricket Stadium B,2,4.1,Odisha,Goa,Anshuman Rath,Subhransu Senapati,Amit Yadav,0,0,,,,,,,,,
1280200,2021/22,2021-11-04,Bharat Ratna Shri Atal Bihari Vajpayee Ekana Cricket Stadium B,2,4.2,Odisha,Goa,Anshuman Rath,Subhransu Senapati,Amit Yadav,4,0,,,,,,,,,
1280200,2021/22,2021-11-04,Bharat Ratna Shri Atal Bihari Vajpayee Ekana Cricket Stadium B,2,4.3,Odisha,Goa,Anshuman Rath,Subhransu Senapati,Amit Yadav,0,0,,,,,,,,,
1280200,2021/22,2021-11-04,Bharat Ratna Shri Atal Bihari Vajpayee Ekana Cricket Stadium B,2,4.4,Odisha,Goa,Anshuman Rath,Subhransu Senapati,Amit Yadav,0,0,,,,,,,,,
1280200,2021/22,2021-11-04,Bharat Ratna Shri Atal Bihari Vajpayee Ekana Cricket Stadium B,2,4.5,Odisha,Goa,Anshuman Rath,Subhransu Senapati,Amit Yadav,1,0,,,,,,,,,
1280200,2021/22,2021-11-04,Bharat Ratna Shri Atal Bihari Vajpayee Ekana Cricket Stadium B,2,4.6,Odisha,Goa,Subhransu Senapati,Anshuman Rath,Amit Yadav,0,0,,,,,,,,,
1280200,2021/22,2021-11-04,Bharat Ratna Shri Atal Bihari Vajpayee Ekana Cricket Stadium B,2,5.1,Odisha,Goa,Anshuman Rath,Subhransu Senapati,Darshan Misal,1,0,,,,,,,,,
1280200,2021/22,2021-11-04,Bharat Ratna Shri Atal Bihari Vajpayee Ekana Cricket Stadium B,2,5.2,Odisha,Goa,Subhransu Senapati,Anshuman Rath,Darshan Misal,0,0,,,,,,,,,
1280200,2021/22,2021-11-04,Bharat Ratna Shri Atal Bihari Vajpayee Ekana Cricket Stadium B,2,5.3,Odisha,Goa,Subhransu Senapati,Anshuman Rath,Darshan Misal,0,0,,,,,,,,,
1280200,2021/22,2021-11-04,Bharat Ratna Shri Atal Bihari Vajpayee Ekana Cricket Stadium B,2,5.4,Odisha,Goa,Subhransu Senapati,Anshuman Rath,Darshan Misal,0,0,,,,,,,,,
1280200,2021/22,2021-11-04,Bharat Ratna Shri Atal Bihari Vajpayee Ekana Cricket Stadium B,2,5.5,Odisha,Goa,Subhransu Senapati,Anshuman Rath,Darshan Misal,0,0,,,,,,,,,
1280200,2021/22,2021-11-04,Bharat Ratna Shri Atal Bihari Vajpayee Ekana Cricket Stadium B,2,5.6,Odisha,Goa,Subhransu Senapati,Anshuman Rath,Darshan Misal,1,0,,,,,,,,,
1280200,2021/22,2021-11-04,Bharat Ratna Shri Atal Bihari Vajpayee Ekana Cricket Stadium B,2,6.1,Odisha,Goa,Subhransu Senapati,Anshuman Rath,Lakshay Garg,0,0,,,,,,,,,
1280200,2021/22,2021-11-04,Bharat Ratna Shri Atal Bihari Vajpayee Ekana Cricket Stadium B,2,6.2,Odisha,Goa,Subhransu Senapati,Anshuman Rath,Lakshay Garg,0,0,,,,,,,,,
1280200,2021/22,2021-11-04,Bharat Ratna Shri Atal Bihari Vajpayee Ekana Cricket Stadium B,2,6.3,Odisha,Goa,Subhransu Senapati,Anshuman Rath,Lakshay Garg,1,0,,,,,,,,,
1280200,2021/22,2021-11-04,Bharat Ratna Shri Atal Bihari Vajpayee Ekana Cricket Stadium B,2,6.4,Odisha,Goa,Anshuman Rath,Subhransu Senapati,Lakshay Garg,1,0,,,,,,,,,
1280200,2021/22,2021-11-04,Bharat Ratna Shri Atal Bihari Vajpayee Ekana Cricket Stadium B,2,6.5,Odisha,Goa,Subhransu Senapati,Anshuman Rath,Lakshay Garg,0,0,,,,,,caught,Subhransu Senapati,,
1280200,2021/22,2021-11-04,Bharat Ratna Shri Atal Bihari Vajpayee Ekana Cricket Stadium B,2,6.6,Odisha,Goa,Anshuman Rath,Govinda Poddar,Lakshay Garg,1,0,,,,,,,,,
1280200,2021/22,2021-11-04,Bharat Ratna Shri Atal Bihari Vajpayee Ekana Cricket Stadium B,2,7.1,Odisha,Goa,Anshuman Rath,Govinda Poddar,Darshan Misal,0,0,,,,,,,,,
1280200,2021/22,2021-11-04,Bharat Ratna Shri Atal Bihari Vajpayee Ekana Cricket Stadium B,2,7.2,Odisha,Goa,Anshuman Rath,Govinda Poddar,Darshan Misal,0,0,,,,,,,,,
1280200,2021/22,2021-11-04,Bharat Ratna Shri Atal Bihari Vajpayee Ekana Cricket Stadium B,2,7.3,Odisha,Goa,Anshuman Rath,Govinda Poddar,Darshan Misal,4,0,,,,,,,,,
1280200,2021/22,2021-11-04,Bharat Ratna Shri Atal Bihari Vajpayee Ekana Cricket Stadium B,2,7.4,Odisha,Goa,Anshuman Rath,Govinda Poddar,Darshan Misal,1,0,,,,,,,,,
1280200,2021/22,2021-11-04,Bharat Ratna Shri Atal Bihari Vajpayee Ekana Cricket Stadium B,2,7.5,Odisha,Goa,Govinda Poddar,Anshuman Rath,Darshan Misal,1,0,,,,,,,,,
1280200,2021/22,2021-11-04,Bharat Ratna Shri Atal Bihari Vajpayee Ekana Cricket Stadium B,2,7.6,Odisha,Goa,Anshuman Rath,Govinda Poddar,Darshan Misal,1,0,,,,,,,,,
1280200,2021/22,2021-11-04,Bharat Ratna Shri Atal Bihari Vajpayee Ekana Cricket Stadium B,2,8.1,Odisha,Goa,Anshuman Rath,Govinda Poddar,Lakshay Garg,1,0,,,,,,,,,
1280200,2021/22,2021-11-04,Bharat Ratna Shri Atal Bihari Vajpayee Ekana Cricket Stadium B,2,8.2,Odisha,Goa,Govinda Poddar,Anshuman Rath,Lakshay Garg,1,0,,,,,,,,,
1280200,2021/22,2021-11-04,Bharat Ratna Shri Atal Bihari Vajpayee Ekana Cricket Stadium B,2,8.3,Odisha,Goa,Anshuman Rath,Govinda Poddar,Lakshay Garg,1,0,,,,,,,,,
1280200,2021/22,2021-11-04,Bharat Ratna Shri Atal Bihari Vajpayee Ekana Cricket Stadium B,2,8.4,Odisha,Goa,Govinda Poddar,Anshuman Rath,Lakshay Garg,1,0,,,,,,,,,
1280200,2021/22,2021-11-04,Bharat Ratna Shri Atal Bihari Vajpayee Ekana Cricket Stadium B,2,8.5,Odisha,Goa,Anshuman Rath,Govinda Poddar,Lakshay Garg,1,0,,,,,,,,,
1280200,2021/22,2021-11-04,Bharat Ratna Shri Atal Bihari Vajpayee Ekana Cricket Stadium B,2,8.6,Odisha,Goa,Govinda Poddar,Anshuman Rath,Lakshay Garg,1,0,,,,,,,,,
1280200,2021/22,2021-11-04,Bharat Ratna Shri Atal Bihari Vajpayee Ekana Cricket Stadium B,2,9.1,Odisha,Goa,Govinda Poddar,Anshuman Rath,Shubham Ranjane,1,0,,,,,,,,,
1280200,2021/22,2021-11-04,Bharat Ratna Shri Atal Bihari Vajpayee Ekana Cricket Stadium B,2,9.2,Odisha,Goa,Anshuman Rath,Govinda Poddar,Shubham Ranjane,0,0,,,,,,,,,
1280200,2021/22,2021-11-04,Bharat Ratna Shri Atal Bihari Vajpayee Ekana Cricket Stadium B,2,9.3,Odisha,Goa,Anshuman Rath,Govinda Poddar,Shubham Ranjane,1,0,,,,,,,,,
1280200,2021/22,2021-11-04,Bharat Ratna Shri Atal Bihari Vajpayee Ekana Cricket Stadium B,2,9.4,Odisha,Goa,Govinda Poddar,Anshuman Rath,Shubham Ranjane,4,0,,,,,,,,,
1280200,2021/22,2021-11-04,Bharat Ratna Shri Atal Bihari Vajpayee Ekana Cricket Stadium B,2,9.5,Odisha,Goa,Govinda Poddar,Anshuman Rath,Shubham Ranjane,1,0,,,,,,,,,
1280200,2021/22,2021-11-04,Bharat Ratna Shri Atal Bihari Vajpayee Ekana Cricket Stadium B,2,9.6,Odisha,Goa,Anshuman Rath,Govinda Poddar,Shubham Ranjane,1,0,,,,,,,,,
1280200,2021/22,2021-11-04,Bharat Ratna Shri Atal Bihari Vajpayee Ekana Cricket Stadium B,2,10.1,Odisha,Goa,Anshuman Rath,Govinda Poddar,Amulya Pandrekar,1,0,,,,,,,,,
1280200,2021/22,2021-11-04,Bharat Ratna Shri Atal Bihari Vajpayee Ekana Cricket Stadium B,2,10.2,Odisha,Goa,Govinda Poddar,Anshuman Rath,Amulya Pandrekar,1,0,,,,,,,,,
1280200,2021/22,2021-11-04,Bharat Ratna Shri Atal Bihari Vajpayee Ekana Cricket Stadium B,2,10.3,Odisha,Goa,Anshuman Rath,Govinda Poddar,Amulya Pandrekar,0,0,,,,,,,,,
1280200,2021/22,2021-11-04,Bharat Ratna Shri Atal Bihari Vajpayee Ekana Cricket Stadium B,2,10.4,Odisha,Goa,Anshuman Rath,Govinda Poddar,Amulya Pandrekar,1,0,,,,,,,,,
1280200,2021/22,2021-11-04,Bharat Ratna Shri Atal Bihari Vajpayee Ekana Cricket Stadium B,2,10.5,Odisha,Goa,Govinda Poddar,Anshuman Rath,Amulya Pandrekar,0,0,,,,,,,,,
1280200,2021/22,2021-11-04,Bharat Ratna Shri Atal Bihari Vajpayee Ekana Cricket Stadium B,2,10.6,Odisha,Goa,Govinda Poddar,Anshuman Rath,Amulya Pandrekar,4,0,,,,,,,,,
1280200,2021/22,2021-11-04,Bharat Ratna Shri Atal Bihari Vajpayee Ekana Cricket Stadium B,2,11.1,Odisha,Goa,Anshuman Rath,Govinda Poddar,Darshan Misal,0,1,1,,,,,,,,
1280200,2021/22,2021-11-04,Bharat Ratna Shri Atal Bihari Vajpayee Ekana Cricket Stadium B,2,11.2,Odisha,Goa,Anshuman Rath,Govinda Poddar,Darshan Misal,0,0,,,,,,,,,
1280200,2021/22,2021-11-04,Bharat Ratna Shri Atal Bihari Vajpayee Ekana Cricket Stadium B,2,11.3,Odisha,Goa,Anshuman Rath,Govinda Poddar,Darshan Misal,0,0,,,,,,,,,
1280200,2021/22,2021-11-04,Bharat Ratna Shri Atal Bihari Vajpayee Ekana Cricket Stadium B,2,11.4,Odisha,Goa,Anshuman Rath,Govinda Poddar,Darshan Misal,1,0,,,,,,,,,
1280200,2021/22,2021-11-04,Bharat Ratna Shri Atal Bihari Vajpayee Ekana Cricket Stadium B,2,11.5,Odisha,Goa,Govinda Poddar,Anshuman Rath,Darshan Misal,0,0,,,,,,,,,
1280200,2021/22,2021-11-04,Bharat Ratna Shri Atal Bihari Vajpayee Ekana Cricket Stadium B,2,11.6,Odisha,Goa,Govinda Poddar,Anshuman Rath,Darshan Misal,1,0,,,,,,,,,
1280200,2021/22,2021-11-04,Bharat Ratna Shri Atal Bihari Vajpayee Ekana Cricket Stadium B,2,11.7,Odisha,Goa,Anshuman Rath,Govinda Poddar,Darshan Misal,1,0,,,,,,,,,
1280200,2021/22,2021-11-04,Bharat Ratna Shri Atal Bihari Vajpayee Ekana Cricket Stadium B,2,12.1,Odisha,Goa,Anshuman Rath,Govinda Poddar,Amulya Pandrekar,0,0,,,,,,,,,
1280200,2021/22,2021-11-04,Bharat Ratna Shri Atal Bihari Vajpayee Ekana Cricket Stadium B,2,12.2,Odisha,Goa,Anshuman Rath,Govinda Poddar,Amulya Pandrekar,1,0,,,,,,,,,
1280200,2021/22,2021-11-04,Bharat Ratna Shri Atal Bihari Vajpayee Ekana Cricket Stadium B,2,12.3,Odisha,Goa,Govinda Poddar,Anshuman Rath,Amulya Pandrekar,0,0,,,,,,,,,
1280200,2021/22,2021-11-04,Bharat Ratna Shri Atal Bihari Vajpayee Ekana Cricket Stadium B,2,12.4,Odisha,Goa,Govinda Poddar,Anshuman Rath,Amulya Pandrekar,1,0,,,,,,,,,
1280200,2021/22,2021-11-04,Bharat Ratna Shri Atal Bihari Vajpayee Ekana Cricket Stadium B,2,12.5,Odisha,Goa,Anshuman Rath,Govinda Poddar,Amulya Pandrekar,1,0,,,,,,,,,
1280200,2021/22,2021-11-04,Bharat Ratna Shri Atal Bihari Vajpayee Ekana Cricket Stadium B,2,12.6,Odisha,Goa,Govinda Poddar,Anshuman Rath,Amulya Pandrekar,1,0,,,,,,,,,
1280200,2021/22,2021-11-04,Bharat Ratna Shri Atal Bihari Vajpayee Ekana Cricket Stadium B,2,13.1,Odisha,Goa,Govinda Poddar,Anshuman Rath,Shubham Ranjane,4,0,,,,,,,,,
1280200,2021/22,2021-11-04,Bharat Ratna Shri Atal Bihari Vajpayee Ekana Cricket Stadium B,2,13.2,Odisha,Goa,Govinda Poddar,Anshuman Rath,Shubham Ranjane,1,0,,,,,,,,,
1280200,2021/22,2021-11-04,Bharat Ratna Shri Atal Bihari Vajpayee Ekana Cricket Stadium B,2,13.3,Odisha,Goa,Anshuman Rath,Govinda Poddar,Shubham Ranjane,0,0,,,,,,caught and bowled,Anshuman Rath,,
1280200,2021/22,2021-11-04,Bharat Ratna Shri Atal Bihari Vajpayee Ekana Cricket Stadium B,2,13.4,Odisha,Goa,Abhishek Yadav,Govinda Poddar,Shubham Ranjane,0,0,,,,,,,,,
1280200,2021/22,2021-11-04,Bharat Ratna Shri Atal Bihari Vajpayee Ekana Cricket Stadium B,2,13.5,Odisha,Goa,Abhishek Yadav,Govinda Poddar,Shubham Ranjane,0,0,,,,,,,,,
1280200,2021/22,2021-11-04,Bharat Ratna Shri Atal Bihari Vajpayee Ekana Cricket Stadium B,2,13.6,Odisha,Goa,Abhishek Yadav,Govinda Poddar,Shubham Ranjane,6,0,,,,,,,,,
1280200,2021/22,2021-11-04,Bharat Ratna Shri Atal Bihari Vajpayee Ekana Cricket Stadium B,2,14.1,Odisha,Goa,Govinda Poddar,Abhishek Yadav,Amulya Pandrekar,1,0,,,,,,,,,
1280200,2021/22,2021-11-04,Bharat Ratna Shri Atal Bihari Vajpayee Ekana Cricket Stadium B,2,14.2,Odisha,Goa,Abhishek Yadav,Govinda Poddar,Amulya Pandrekar,1,0,,,,,,,,,
1280200,2021/22,2021-11-04,Bharat Ratna Shri Atal Bihari Vajpayee Ekana Cricket Stadium B,2,14.3,Odisha,Goa,Govinda Poddar,Abhishek Yadav,Amulya Pandrekar,0,0,,,,,,caught,Govinda Poddar,,
1280200,2021/22,2021-11-04,Bharat Ratna Shri Atal Bihari Vajpayee Ekana Cricket Stadium B,2,14.4,Odisha,Goa,Abhishek Yadav,AS Raut,Amulya Pandrekar,1,0,,,,,,,,,
1280200,2021/22,2021-11-04,Bharat Ratna Shri Atal Bihari Vajpayee Ekana Cricket Stadium B,2,14.5,Odisha,Goa,AS Raut,Abhishek Yadav,Amulya Pandrekar,2,0,,,,,,,,,
1280200,2021/22,2021-11-04,Bharat Ratna Shri Atal Bihari Vajpayee Ekana Cricket Stadium B,2,14.6,Odisha,Goa,AS Raut,Abhishek Yadav,Amulya Pandrekar,1,0,,,,,,,,,
1280200,2021/22,2021-11-04,Bharat Ratna Shri Atal Bihari Vajpayee Ekana Cricket Stadium B,2,15.1,Odisha,Goa,AS Raut,Abhishek Yadav,Amit Yadav,1,0,,,,,,,,,
1280200,2021/22,2021-11-04,Bharat Ratna Shri Atal Bihari Vajpayee Ekana Cricket Stadium B,2,15.2,Odisha,Goa,Abhishek Yadav,AS Raut,Amit Yadav,4,0,,,,,,,,,
1280200,2021/22,2021-11-04,Bharat Ratna Shri Atal Bihari Vajpayee Ekana Cricket Stadium B,2,15.3,Odisha,Goa,Abhishek Yadav,AS Raut,Amit Yadav,0,0,,,,,,,,,
1280200,2021/22,2021-11-04,Bharat Ratna Shri Atal Bihari Vajpayee Ekana Cricket Stadium B,2,15.4,Odisha,Goa,Abhishek Yadav,AS Raut,Amit Yadav,0,1,,,1,,,,,,
1280200,2021/22,2021-11-04,Bharat Ratna Shri Atal Bihari Vajpayee Ekana Cricket Stadium B,2,15.5,Odisha,Goa,AS Raut,Abhishek Yadav,Amit Yadav,0,0,,,,,,,,,
1280200,2021/22,2021-11-04,Bharat Ratna Shri Atal Bihari Vajpayee Ekana Cricket Stadium B,2,15.6,Odisha,Goa,AS Raut,Abhishek Yadav,Amit Yadav,1,0,,,,,,,,,
1280200,2021/22,2021-11-04,Bharat Ratna Shri Atal Bihari Vajpayee Ekana Cricket Stadium B,2,16.1,Odisha,Goa,AS Raut,Abhishek Yadav,Amulya Pandrekar,0,0,,,,,,,,,
1280200,2021/22,2021-11-04,Bharat Ratna Shri Atal Bihari Vajpayee Ekana Cricket Stadium B,2,16.2,Odisha,Goa,AS Raut,Abhishek Yadav,Amulya Pandrekar,1,0,,,,,,,,,
1280200,2021/22,2021-11-04,Bharat Ratna Shri Atal Bihari Vajpayee Ekana Cricket Stadium B,2,16.3,Odisha,Goa,Abhishek Yadav,AS Raut,Amulya Pandrekar,1,0,,,,,,,,,
1280200,2021/22,2021-11-04,Bharat Ratna Shri Atal Bihari Vajpayee Ekana Cricket Stadium B,2,16.4,Odisha,Goa,AS Raut,Abhishek Yadav,Amulya Pandrekar,0,0,,,,,,,,,
1280200,2021/22,2021-11-04,Bharat Ratna Shri Atal Bihari Vajpayee Ekana Cricket Stadium B,2,16.5,Odisha,Goa,AS Raut,Abhishek Yadav,Amulya Pandrekar,0,0,,,,,,,,,
1280200,2021/22,2021-11-04,Bharat Ratna Shri Atal Bihari Vajpayee Ekana Cricket Stadium B,2,16.6,Odisha,Goa,AS Raut,Abhishek Yadav,Amulya Pandrekar,1,0,,,,,,,,,
1280200,2021/22,2021-11-04,Bharat Ratna Shri Atal Bihari Vajpayee Ekana Cricket Stadium B,2,17.1,Odisha,Goa,AS Raut,Abhishek Yadav,SB Wagh,4,0,,,,,,,,,
1280200,2021/22,2021-11-04,Bharat Ratna Shri Atal Bihari Vajpayee Ekana Cricket Stadium B,2,17.2,Odisha,Goa,AS Raut,Abhishek Yadav,SB Wagh,0,1,,,,1,,,,,
1280200,2021/22,2021-11-04,Bharat Ratna Shri Atal Bihari Vajpayee Ekana Cricket Stadium B,2,17.3,Odisha,Goa,Abhishek Yadav,AS Raut,SB Wagh,4,0,,,,,,,,,
1280200,2021/22,2021-11-04,Bharat Ratna Shri Atal Bihari Vajpayee Ekana Cricket Stadium B,2,17.4,Odisha,Goa,Abhishek Yadav,AS Raut,SB Wagh,1,0,,,,,,,,,
1280200,2021/22,2021-11-04,Bharat Ratna Shri Atal Bihari Vajpayee Ekana Cricket Stadium B,2,17.5,Odisha,Goa,AS Raut,Abhishek Yadav,SB Wagh,1,0,,,,,,,,,
1280200,2021/22,2021-11-04,Bharat Ratna Shri Atal Bihari Vajpayee Ekana Cricket Stadium B,2,17.6,Odisha,Goa,Abhishek Yadav,AS Raut,SB Wagh,0,0,,,,,,caught,Abhishek Yadav,,
1280200,2021/22,2021-11-04,Bharat Ratna Shri Atal Bihari Vajpayee Ekana Cricket Stadium B,2,18.1,Odisha,Goa,AS Raut,Sarbeswar Mohanty,Lakshay Garg,0,0,,,,,,,,,
1280200,2021/22,2021-11-04,Bharat Ratna Shri Atal Bihari Vajpayee Ekana Cricket Stadium B,2,18.2,Odisha,Goa,AS Raut,Sarbeswar Mohanty,Lakshay Garg,0,0,,,,,,,,,
1280200,2021/22,2021-11-04,Bharat Ratna Shri Atal Bihari Vajpayee Ekana Cricket Stadium B,2,18.3,Odisha,Goa,AS Raut,Sarbeswar Mohanty,Lakshay Garg,0,0,,,,,,caught,AS Raut,,
1280200,2021/22,2021-11-04,Bharat Ratna Shri Atal Bihari Vajpayee Ekana Cricket Stadium B,2,18.4,Odisha,Goa,Bikash K Rout,Sarbeswar Mohanty,Lakshay Garg,1,0,,,,,,,,,
1280200,2021/22,2021-11-04,Bharat Ratna Shri Atal Bihari Vajpayee Ekana Cricket Stadium B,2,18.5,Odisha,Goa,Sarbeswar Mohanty,Bikash K Rout,Lakshay Garg,1,0,,,,,,,,,
1280200,2021/22,2021-11-04,Bharat Ratna Shri Atal Bihari Vajpayee Ekana Cricket Stadium B,2,18.6,Odisha,Goa,Bikash K Rout,Sarbeswar Mohanty,Lakshay Garg,0,0,,,,,,,,,
1280200,2021/22,2021-11-04,Bharat Ratna Shri Atal Bihari Vajpayee Ekana Cricket Stadium B,2,19.1,Odisha,Goa,Sarbeswar Mohanty,Bikash K Rout,SB Wagh,0,0,,,,,,,,,
1280200,2021/22,2021-11-04,Bharat Ratna Shri Atal Bihari Vajpayee Ekana Cricket Stadium B,2,19.2,Odisha,Goa,Sarbeswar Mohanty,Bikash K Rout,SB Wagh,1,0,,,,,,,,,
1280200,2021/22,2021-11-04,Bharat Ratna Shri Atal Bihari Vajpayee Ekana Cricket Stadium B,2,19.3,Odisha,Goa,Bikash K Rout,Sarbeswar Mohanty,SB Wagh,1,0,,,,,,,,,
1280200,2021/22,2021-11-04,Bharat Ratna Shri Atal Bihari Vajpayee Ekana Cricket Stadium B,2,19.4,Odisha,Goa,Sarbeswar Mohanty,Bikash K Rout,SB Wagh,1,0,,,,,,,,,
1280200,2021/22,2021-11-04,Bharat Ratna Shri Atal Bihari Vajpayee Ekana Cricket Stadium B,2,19.5,Odisha,Goa,Bikash K Rout,Sarbeswar Mohanty,SB Wagh,4,0,,,,,,,,,
