match_id,season,start_date,venue,innings,ball,batting_team,bowling_team,striker,non_striker,bowler,runs_off_bat,extras,wides,noballs,byes,legbyes,penalty,wicket_type,player_dismissed,other_wicket_type,other_player_dismissed
1280220,2021/22,2021-11-05,"ACA Stadium, Barsapara",1,0.1,Chhattisgarh,Karnataka,AA Herwadkar,Shashank Chandrakar,M Prasidh Krishna,4,0,,,,,,,,,
1280220,2021/22,2021-11-05,"ACA Stadium, Barsapara",1,0.2,Chhattisgarh,Karnataka,AA Herwadkar,Shashank Chandrakar,M Prasidh Krishna,2,0,,,,,,,,,
1280220,2021/22,2021-11-05,"ACA Stadium, Barsapara",1,0.3,Chhattisgarh,Karnataka,AA Herwadkar,Shashank Chandrakar,M Prasidh Krishna,0,0,,,,,,,,,
1280220,2021/22,2021-11-05,"ACA Stadium, Barsapara",1,0.4,Chhattisgarh,Karnataka,AA Herwadkar,Shashank Chandrakar,M Prasidh Krishna,0,0,,,,,,,,,
1280220,2021/22,2021-11-05,"ACA Stadium, Barsapara",1,0.5,Chhattisgarh,Karnataka,AA Herwadkar,Shashank Chandrakar,M Prasidh Krishna,0,0,,,,,,,,,
1280220,2021/22,2021-11-05,"ACA Stadium, Barsapara",1,0.6,Chhattisgarh,Karnataka,AA Herwadkar,Shashank Chandrakar,M Prasidh Krishna,1,0,,,,,,,,,
1280220,2021/22,2021-11-05,"ACA Stadium, Barsapara",1,1.1,Chhattisgarh,Karnataka,AA Herwadkar,Shashank Chandrakar,Prateek Jain,1,0,,,,,,,,,
1280220,2021/22,2021-11-05,"ACA Stadium, Barsapara",1,1.2,Chhattisgarh,Karnataka,Shashank Chandrakar,AA Herwadkar,Prateek Jain,1,0,,,,,,,,,
1280220,2021/22,2021-11-05,"ACA Stadium, Barsapara",1,1.3,Chhattisgarh,Karnataka,AA Herwadkar,Shashank Chandrakar,Prateek Jain,0,1,1,,,,,,,,
1280220,2021/22,2021-11-05,"ACA Stadium, Barsapara",1,1.4,Chhattisgarh,Karnataka,AA Herwadkar,Shashank Chandrakar,Prateek Jain,0,0,,,,,,,,,
1280220,2021/22,2021-11-05,"ACA Stadium, Barsapara",1,1.5,Chhattisgarh,Karnataka,AA Herwadkar,Shashank Chandrakar,Prateek Jain,6,0,,,,,,,,,
1280220,2021/22,2021-11-05,"ACA Stadium, Barsapara",1,1.6,Chhattisgarh,Karnataka,AA Herwadkar,Shashank Chandrakar,Prateek Jain,0,0,,,,,,,,,
1280220,2021/22,2021-11-05,"ACA Stadium, Barsapara",1,1.7,Chhattisgarh,Karnataka,AA Herwadkar,Shashank Chandrakar,Prateek Jain,4,0,,,,,,,,,
1280220,2021/22,2021-11-05,"ACA Stadium, Barsapara",1,2.1,Chhattisgarh,Karnataka,Shashank Chandrakar,AA Herwadkar,M Prasidh Krishna,4,0,,,,,,,,,
1280220,2021/22,2021-11-05,"ACA Stadium, Barsapara",1,2.2,Chhattisgarh,Karnataka,Shashank Chandrakar,AA Herwadkar,M Prasidh Krishna,1,0,,,,,,,,,
1280220,2021/22,2021-11-05,"ACA Stadium, Barsapara",1,2.3,Chhattisgarh,Karnataka,AA Herwadkar,Shashank Chandrakar,M Prasidh Krishna,2,0,,,,,,,,,
1280220,2021/22,2021-11-05,"ACA Stadium, Barsapara",1,2.4,Chhattisgarh,Karnataka,AA Herwadkar,Shashank Chandrakar,M Prasidh Krishna,0,0,,,,,,,,,
1280220,2021/22,2021-11-05,"ACA Stadium, Barsapara",1,2.5,Chhattisgarh,Karnataka,AA Herwadkar,Shashank Chandrakar,M Prasidh Krishna,0,0,,,,,,,,,
1280220,2021/22,2021-11-05,"ACA Stadium, Barsapara",1,2.6,Chhattisgarh,Karnataka,AA Herwadkar,Shashank Chandrakar,M Prasidh Krishna,4,0,,,,,,,,,
1280220,2021/22,2021-11-05,"ACA Stadium, Barsapara",1,3.1,Chhattisgarh,Karnataka,Shashank Chandrakar,AA Herwadkar,KC Cariappa,0,1,1,,,,,,,,
1280220,2021/22,2021-11-05,"ACA Stadium, Barsapara",1,3.2,Chhattisgarh,Karnataka,Shashank Chandrakar,AA Herwadkar,KC Cariappa,1,0,,,,,,,,,
1280220,2021/22,2021-11-05,"ACA Stadium, Barsapara",1,3.3,Chhattisgarh,Karnataka,AA Herwadkar,Shashank Chandrakar,KC Cariappa,1,0,,,,,,,,,
1280220,2021/22,2021-11-05,"ACA Stadium, Barsapara",1,3.4,Chhattisgarh,Karnataka,Shashank Chandrakar,AA Herwadkar,KC Cariappa,0,0,,,,,,lbw,Shashank Chandrakar,,
1280220,2021/22,2021-11-05,"ACA Stadium, Barsapara",1,3.5,Chhattisgarh,Karnataka,Rishabh Tiwari,AA Herwadkar,KC Cariappa,0,0,,,,,,,,,
1280220,2021/22,2021-11-05,"ACA Stadium, Barsapara",1,3.6,Chhattisgarh,Karnataka,Rishabh Tiwari,AA Herwadkar,KC Cariappa,1,0,,,,,,,,,
1280220,2021/22,2021-11-05,"ACA Stadium, Barsapara",1,3.7,Chhattisgarh,Karnataka,AA Herwadkar,Rishabh Tiwari,KC Cariappa,1,0,,,,,,,,,
1280220,2021/22,2021-11-05,"ACA Stadium, Barsapara",1,4.1,Chhattisgarh,Karnataka,AA Herwadkar,Rishabh Tiwari,K Gowtham,0,0,,,,,,,,,
1280220,2021/22,2021-11-05,"ACA Stadium, Barsapara",1,4.2,Chhattisgarh,Karnataka,AA Herwadkar,Rishabh Tiwari,K Gowtham,4,0,,,,,,,,,
1280220,2021/22,2021-11-05,"ACA Stadium, Barsapara",1,4.3,Chhattisgarh,Karnataka,AA Herwadkar,Rishabh Tiwari,K Gowtham,1,0,,,,,,,,,
1280220,2021/22,2021-11-05,"ACA Stadium, Barsapara",1,4.4,Chhattisgarh,Karnataka,Rishabh Tiwari,AA Herwadkar,K Gowtham,1,0,,,,,,,,,
1280220,2021/22,2021-11-05,"ACA Stadium, Barsapara",1,4.5,Chhattisgarh,Karnataka,AA Herwadkar,Rishabh Tiwari,K Gowtham,0,0,,,,,,,,,
1280220,2021/22,2021-11-05,"ACA Stadium, Barsapara",1,4.6,Chhattisgarh,Karnataka,AA Herwadkar,Rishabh Tiwari,K Gowtham,0,0,,,,,,,,,
1280220,2021/22,2021-11-05,"ACA Stadium, Barsapara",1,5.1,Chhattisgarh,Karnataka,Rishabh Tiwari,AA Herwadkar,KC Cariappa,0,0,,,,,,,,,
1280220,2021/22,2021-11-05,"ACA Stadium, Barsapara",1,5.2,Chhattisgarh,Karnataka,Rishabh Tiwari,AA Herwadkar,KC Cariappa,0,0,,,,,,,,,
1280220,2021/22,2021-11-05,"ACA Stadium, Barsapara",1,5.3,Chhattisgarh,Karnataka,Rishabh Tiwari,AA Herwadkar,KC Cariappa,0,0,,,,,,,,,
1280220,2021/22,2021-11-05,"ACA Stadium, Barsapara",1,5.4,Chhattisgarh,Karnataka,Rishabh Tiwari,AA Herwadkar,KC Cariappa,1,0,,,,,,,,,
1280220,2021/22,2021-11-05,"ACA Stadium, Barsapara",1,5.5,Chhattisgarh,Karnataka,AA Herwadkar,Rishabh Tiwari,KC Cariappa,1,0,,,,,,,,,
1280220,2021/22,2021-11-05,"ACA Stadium, Barsapara",1,5.6,Chhattisgarh,Karnataka,Rishabh Tiwari,AA Herwadkar,KC Cariappa,0,0,,,,,,,,,
1280220,2021/22,2021-11-05,"ACA Stadium, Barsapara",1,6.1,Chhattisgarh,Karnataka,AA Herwadkar,Rishabh Tiwari,K Gowtham,0,0,,,,,,,,,
1280220,2021/22,2021-11-05,"ACA Stadium, Barsapara",1,6.2,Chhattisgarh,Karnataka,AA Herwadkar,Rishabh Tiwari,K Gowtham,0,0,,,,,,lbw,AA Herwadkar,,
1280220,2021/22,2021-11-05,"ACA Stadium, Barsapara",1,6.3,Chhattisgarh,Karnataka,Amandeep Khare,Rishabh Tiwari,K Gowtham,0,0,,,,,,,,,
1280220,2021/22,2021-11-05,"ACA Stadium, Barsapara",1,6.4,Chhattisgarh,Karnataka,Amandeep Khare,Rishabh Tiwari,K Gowtham,1,0,,,,,,,,,
1280220,2021/22,2021-11-05,"ACA Stadium, Barsapara",1,6.5,Chhattisgarh,Karnataka,Rishabh Tiwari,Amandeep Khare,K Gowtham,1,0,,,,,,,,,
1280220,2021/22,2021-11-05,"ACA Stadium, Barsapara",1,6.6,Chhattisgarh,Karnataka,Amandeep Khare,Rishabh Tiwari,K Gowtham,1,0,,,,,,,,,
1280220,2021/22,2021-11-05,"ACA Stadium, Barsapara",1,7.1,Chhattisgarh,Karnataka,Amandeep Khare,Rishabh Tiwari,Vidyadhar Patil,1,0,,,,,,,,,
1280220,2021/22,2021-11-05,"ACA Stadium, Barsapara",1,7.2,Chhattisgarh,Karnataka,Rishabh Tiwari,Amandeep Khare,Vidyadhar Patil,1,0,,,,,,,,,
1280220,2021/22,2021-11-05,"ACA Stadium, Barsapara",1,7.3,Chhattisgarh,Karnataka,Amandeep Khare,Rishabh Tiwari,Vidyadhar Patil,2,0,,,,,,,,,
1280220,2021/22,2021-11-05,"ACA Stadium, Barsapara",1,7.4,Chhattisgarh,Karnataka,Amandeep Khare,Rishabh Tiwari,Vidyadhar Patil,1,0,,,,,,,,,
1280220,2021/22,2021-11-05,"ACA Stadium, Barsapara",1,7.5,Chhattisgarh,Karnataka,Rishabh Tiwari,Amandeep Khare,Vidyadhar Patil,1,0,,,,,,,,,
1280220,2021/22,2021-11-05,"ACA Stadium, Barsapara",1,7.6,Chhattisgarh,Karnataka,Amandeep Khare,Rishabh Tiwari,Vidyadhar Patil,0,0,,,,,,,,,
1280220,2021/22,2021-11-05,"ACA Stadium, Barsapara",1,8.1,Chhattisgarh,Karnataka,Rishabh Tiwari,Amandeep Khare,Prateek Jain,0,0,,,,,,,,,
1280220,2021/22,2021-11-05,"ACA Stadium, Barsapara",1,8.2,Chhattisgarh,Karnataka,Rishabh Tiwari,Amandeep Khare,Prateek Jain,1,0,,,,,,,,,
1280220,2021/22,2021-11-05,"ACA Stadium, Barsapara",1,8.3,Chhattisgarh,Karnataka,Amandeep Khare,Rishabh Tiwari,Prateek Jain,1,0,,,,,,,,,
1280220,2021/22,2021-11-05,"ACA Stadium, Barsapara",1,8.4,Chhattisgarh,Karnataka,Rishabh Tiwari,Amandeep Khare,Prateek Jain,0,0,,,,,,,,,
1280220,2021/22,2021-11-05,"ACA Stadium, Barsapara",1,8.5,Chhattisgarh,Karnataka,Rishabh Tiwari,Amandeep Khare,Prateek Jain,1,0,,,,,,,,,
1280220,2021/22,2021-11-05,"ACA Stadium, Barsapara",1,8.6,Chhattisgarh,Karnataka,Amandeep Khare,Rishabh Tiwari,Prateek Jain,1,0,,,,,,,,,
1280220,2021/22,2021-11-05,"ACA Stadium, Barsapara",1,9.1,Chhattisgarh,Karnataka,Amandeep Khare,Rishabh Tiwari,KK Nair,1,0,,,,,,,,,
1280220,2021/22,2021-11-05,"ACA Stadium, Barsapara",1,9.2,Chhattisgarh,Karnataka,Rishabh Tiwari,Amandeep Khare,KK Nair,1,0,,,,,,,,,
1280220,2021/22,2021-11-05,"ACA Stadium, Barsapara",1,9.3,Chhattisgarh,Karnataka,Amandeep Khare,Rishabh Tiwari,KK Nair,1,0,,,,,,,,,
1280220,2021/22,2021-11-05,"ACA Stadium, Barsapara",1,9.4,Chhattisgarh,Karnataka,Rishabh Tiwari,Amandeep Khare,KK Nair,1,0,,,,,,,,,
1280220,2021/22,2021-11-05,"ACA Stadium, Barsapara",1,9.5,Chhattisgarh,Karnataka,Amandeep Khare,Rishabh Tiwari,KK Nair,1,0,,,,,,,,,
1280220,2021/22,2021-11-05,"ACA Stadium, Barsapara",1,9.6,Chhattisgarh,Karnataka,Rishabh Tiwari,Amandeep Khare,KK Nair,0,0,,,,,,,,,
1280220,2021/22,2021-11-05,"ACA Stadium, Barsapara",1,10.1,Chhattisgarh,Karnataka,Amandeep Khare,Rishabh Tiwari,Vidyadhar Patil,2,0,,,,,,,,,
1280220,2021/22,2021-11-05,"ACA Stadium, Barsapara",1,10.2,Chhattisgarh,Karnataka,Amandeep Khare,Rishabh Tiwari,Vidyadhar Patil,0,0,,,,,,,,,
1280220,2021/22,2021-11-05,"ACA Stadium, Barsapara",1,10.3,Chhattisgarh,Karnataka,Amandeep Khare,Rishabh Tiwari,Vidyadhar Patil,1,0,,,,,,,,,
1280220,2021/22,2021-11-05,"ACA Stadium, Barsapara",1,10.4,Chhattisgarh,Karnataka,Rishabh Tiwari,Amandeep Khare,Vidyadhar Patil,1,0,,,,,,,,,
1280220,2021/22,2021-11-05,"ACA Stadium, Barsapara",1,10.5,Chhattisgarh,Karnataka,Amandeep Khare,Rishabh Tiwari,Vidyadhar Patil,1,0,,,,,,,,,
1280220,2021/22,2021-11-05,"ACA Stadium, Barsapara",1,10.6,Chhattisgarh,Karnataka,Rishabh Tiwari,Amandeep Khare,Vidyadhar Patil,1,0,,,,,,,,,
1280220,2021/22,2021-11-05,"ACA Stadium, Barsapara",1,11.1,Chhattisgarh,Karnataka,Rishabh Tiwari,Amandeep Khare,K Gowtham,1,0,,,,,,,,,
1280220,2021/22,2021-11-05,"ACA Stadium, Barsapara",1,11.2,Chhattisgarh,Karnataka,Amandeep Khare,Rishabh Tiwari,K Gowtham,2,0,,,,,,,,,
1280220,2021/22,2021-11-05,"ACA Stadium, Barsapara",1,11.3,Chhattisgarh,Karnataka,Amandeep Khare,Rishabh Tiwari,K Gowtham,1,0,,,,,,,,,
1280220,2021/22,2021-11-05,"ACA Stadium, Barsapara",1,11.4,Chhattisgarh,Karnataka,Rishabh Tiwari,Amandeep Khare,K Gowtham,1,0,,,,,,,,,
1280220,2021/22,2021-11-05,"ACA Stadium, Barsapara",1,11.5,Chhattisgarh,Karnataka,Amandeep Khare,Rishabh Tiwari,K Gowtham,1,0,,,,,,,,,
1280220,2021/22,2021-11-05,"ACA Stadium, Barsapara",1,11.6,Chhattisgarh,Karnataka,Rishabh Tiwari,Amandeep Khare,K Gowtham,0,0,,,,,,bowled,Rishabh Tiwari,,
1280220,2021/22,2021-11-05,"ACA Stadium, Barsapara",1,12.1,Chhattisgarh,Karnataka,Amandeep Khare,Shashank Singh,Prateek Jain,0,0,,,,,,,,,
1280220,2021/22,2021-11-05,"ACA Stadium, Barsapara",1,12.2,Chhattisgarh,Karnataka,Amandeep Khare,Shashank Singh,Prateek Jain,2,0,,,,,,,,,
1280220,2021/22,2021-11-05,"ACA Stadium, Barsapara",1,12.3,Chhattisgarh,Karnataka,Amandeep Khare,Shashank Singh,Prateek Jain,1,0,,,,,,,,,
1280220,2021/22,2021-11-05,"ACA Stadium, Barsapara",1,12.4,Chhattisgarh,Karnataka,Shashank Singh,Amandeep Khare,Prateek Jain,0,0,,,,,,,,,
1280220,2021/22,2021-11-05,"ACA Stadium, Barsapara",1,12.5,Chhattisgarh,Karnataka,Shashank Singh,Amandeep Khare,Prateek Jain,2,0,,,,,,,,,
1280220,2021/22,2021-11-05,"ACA Stadium, Barsapara",1,12.6,Chhattisgarh,Karnataka,Shashank Singh,Amandeep Khare,Prateek Jain,1,0,,,,,,,,,
1280220,2021/22,2021-11-05,"ACA Stadium, Barsapara",1,13.1,Chhattisgarh,Karnataka,Shashank Singh,Amandeep Khare,M Prasidh Krishna,4,0,,,,,,,,,
1280220,2021/22,2021-11-05,"ACA Stadium, Barsapara",1,13.2,Chhattisgarh,Karnataka,Shashank Singh,Amandeep Khare,M Prasidh Krishna,4,0,,,,,,,,,
1280220,2021/22,2021-11-05,"ACA Stadium, Barsapara",1,13.3,Chhattisgarh,Karnataka,Shashank Singh,Amandeep Khare,M Prasidh Krishna,1,0,,,,,,,,,
1280220,2021/22,2021-11-05,"ACA Stadium, Barsapara",1,13.4,Chhattisgarh,Karnataka,Amandeep Khare,Shashank Singh,M Prasidh Krishna,1,0,,,,,,,,,
1280220,2021/22,2021-11-05,"ACA Stadium, Barsapara",1,13.5,Chhattisgarh,Karnataka,Shashank Singh,Amandeep Khare,M Prasidh Krishna,0,0,,,,,,,,,
1280220,2021/22,2021-11-05,"ACA Stadium, Barsapara",1,13.6,Chhattisgarh,Karnataka,Shashank Singh,Amandeep Khare,M Prasidh Krishna,1,0,,,,,,,,,
1280220,2021/22,2021-11-05,"ACA Stadium, Barsapara",1,14.1,Chhattisgarh,Karnataka,Shashank Singh,Amandeep Khare,KC Cariappa,2,0,,,,,,,,,
1280220,2021/22,2021-11-05,"ACA Stadium, Barsapara",1,14.2,Chhattisgarh,Karnataka,Shashank Singh,Amandeep Khare,KC Cariappa,0,0,,,,,,,,,
1280220,2021/22,2021-11-05,"ACA Stadium, Barsapara",1,14.3,Chhattisgarh,Karnataka,Shashank Singh,Amandeep Khare,KC Cariappa,1,0,,,,,,,,,
1280220,2021/22,2021-11-05,"ACA Stadium, Barsapara",1,14.4,Chhattisgarh,Karnataka,Amandeep Khare,Shashank Singh,KC Cariappa,0,0,,,,,,,,,
1280220,2021/22,2021-11-05,"ACA Stadium, Barsapara",1,14.5,Chhattisgarh,Karnataka,Amandeep Khare,Shashank Singh,KC Cariappa,0,0,,,,,,lbw,Amandeep Khare,,
1280220,2021/22,2021-11-05,"ACA Stadium, Barsapara",1,14.6,Chhattisgarh,Karnataka,Ajay Mandal,Shashank Singh,KC Cariappa,0,0,,,,,,,,,
1280220,2021/22,2021-11-05,"ACA Stadium, Barsapara",1,15.1,Chhattisgarh,Karnataka,Shashank Singh,Ajay Mandal,K Gowtham,2,0,,,,,,,,,
1280220,2021/22,2021-11-05,"ACA Stadium, Barsapara",1,15.2,Chhattisgarh,Karnataka,Shashank Singh,Ajay Mandal,K Gowtham,1,0,,,,,,,,,
1280220,2021/22,2021-11-05,"ACA Stadium, Barsapara",1,15.3,Chhattisgarh,Karnataka,Ajay Mandal,Shashank Singh,K Gowtham,1,0,,,,,,,,,
1280220,2021/22,2021-11-05,"ACA Stadium, Barsapara",1,15.4,Chhattisgarh,Karnataka,Shashank Singh,Ajay Mandal,K Gowtham,6,0,,,,,,,,,
1280220,2021/22,2021-11-05,"ACA Stadium, Barsapara",1,15.5,Chhattisgarh,Karnataka,Shashank Singh,Ajay Mandal,K Gowtham,1,0,,,,,,,,,
1280220,2021/22,2021-11-05,"ACA Stadium, Barsapara",1,15.6,Chhattisgarh,Karnataka,Ajay Mandal,Shashank Singh,K Gowtham,0,0,,,,,,,,,
1280220,2021/22,2021-11-05,"ACA Stadium, Barsapara",1,16.1,Chhattisgarh,Karnataka,Shashank Singh,Ajay Mandal,Prateek Jain,4,0,,,,,,,,,
1280220,2021/22,2021-11-05,"ACA Stadium, Barsapara",1,16.2,Chhattisgarh,Karnataka,Shashank Singh,Ajay Mandal,Prateek Jain,1,0,,,,,,,,,
1280220,2021/22,2021-11-05,"ACA Stadium, Barsapara",1,16.3,Chhattisgarh,Karnataka,Ajay Mandal,Shashank Singh,Prateek Jain,2,0,,,,,,,,,
1280220,2021/22,2021-11-05,"ACA Stadium, Barsapara",1,16.4,Chhattisgarh,Karnataka,Ajay Mandal,Shashank Singh,Prateek Jain,4,0,,,,,,,,,
1280220,2021/22,2021-11-05,"ACA Stadium, Barsapara",1,16.5,Chhattisgarh,Karnataka,Ajay Mandal,Shashank Singh,Prateek Jain,2,0,,,,,,,,,
1280220,2021/22,2021-11-05,"ACA Stadium, Barsapara",1,16.6,Chhattisgarh,Karnataka,Ajay Mandal,Shashank Singh,Prateek Jain,1,0,,,,,,,,,
1280220,2021/22,2021-11-05,"ACA Stadium, Barsapara",1,17.1,Chhattisgarh,Karnataka,Ajay Mandal,Shashank Singh,KC Cariappa,0,1,1,,,,,,,,
1280220,2021/22,2021-11-05,"ACA Stadium, Barsapara",1,17.2,Chhattisgarh,Karnataka,Ajay Mandal,Shashank Singh,KC Cariappa,1,0,,,,,,,,,
1280220,2021/22,2021-11-05,"ACA Stadium, Barsapara",1,17.3,Chhattisgarh,Karnataka,Shashank Singh,Ajay Mandal,KC Cariappa,0,0,,,,,,,,,
1280220,2021/22,2021-11-05,"ACA Stadium, Barsapara",1,17.4,Chhattisgarh,Karnataka,Shashank Singh,Ajay Mandal,KC Cariappa,1,0,,,,,,,,,
1280220,2021/22,2021-11-05,"ACA Stadium, Barsapara",1,17.5,Chhattisgarh,Karnataka,Ajay Mandal,Shashank Singh,KC Cariappa,0,0,,,,,,,,,
1280220,2021/22,2021-11-05,"ACA Stadium, Barsapara",1,17.6,Chhattisgarh,Karnataka,Ajay Mandal,Shashank Singh,KC Cariappa,0,0,,,,,,,,,
1280220,2021/22,2021-11-05,"ACA Stadium, Barsapara",1,17.7,Chhattisgarh,Karnataka,Ajay Mandal,Shashank Singh,KC Cariappa,1,0,,,,,,,,,
1280220,2021/22,2021-11-05,"ACA Stadium, Barsapara",1,18.1,Chhattisgarh,Karnataka,Ajay Mandal,Shashank Singh,M Prasidh Krishna,0,0,,,,,,caught,Ajay Mandal,,
1280220,2021/22,2021-11-05,"ACA Stadium, Barsapara",1,18.2,Chhattisgarh,Karnataka,Shashank Singh,SS Agarwal,M Prasidh Krishna,1,0,,,,,,,,,
1280220,2021/22,2021-11-05,"ACA Stadium, Barsapara",1,18.3,Chhattisgarh,Karnataka,SS Agarwal,Shashank Singh,M Prasidh Krishna,0,0,,,,,,,,,
1280220,2021/22,2021-11-05,"ACA Stadium, Barsapara",1,18.4,Chhattisgarh,Karnataka,SS Agarwal,Shashank Singh,M Prasidh Krishna,1,0,,,,,,,,,
1280220,2021/22,2021-11-05,"ACA Stadium, Barsapara",1,18.5,Chhattisgarh,Karnataka,Shashank Singh,SS Agarwal,M Prasidh Krishna,0,1,1,,,,,,,,
1280220,2021/22,2021-11-05,"ACA Stadium, Barsapara",1,18.6,Chhattisgarh,Karnataka,Shashank Singh,SS Agarwal,M Prasidh Krishna,1,0,,,,,,,,,
1280220,2021/22,2021-11-05,"ACA Stadium, Barsapara",1,18.7,Chhattisgarh,Karnataka,SS Agarwal,Shashank Singh,M Prasidh Krishna,0,0,,,,,,,,,
1280220,2021/22,2021-11-05,"ACA Stadium, Barsapara",1,19.1,Chhattisgarh,Karnataka,Shashank Singh,SS Agarwal,Vidyadhar Patil,4,0,,,,,,,,,
1280220,2021/22,2021-11-05,"ACA Stadium, Barsapara",1,19.2,Chhattisgarh,Karnataka,Shashank Singh,SS Agarwal,Vidyadhar Patil,0,0,,,,,,,,,
1280220,2021/22,2021-11-05,"ACA Stadium, Barsapara",1,19.3,Chhattisgarh,Karnataka,Shashank Singh,SS Agarwal,Vidyadhar Patil,4,0,,,,,,,,,
1280220,2021/22,2021-11-05,"ACA Stadium, Barsapara",1,19.4,Chhattisgarh,Karnataka,Shashank Singh,SS Agarwal,Vidyadhar Patil,2,0,,,,,,,,,
1280220,2021/22,2021-11-05,"ACA Stadium, Barsapara",1,19.5,Chhattisgarh,Karnataka,Shashank Singh,SS Agarwal,Vidyadhar Patil,2,0,,,,,,,,,
1280220,2021/22,2021-11-05,"ACA Stadium, Barsapara",1,19.6,Chhattisgarh,Karnataka,Shashank Singh,SS Agarwal,Vidyadhar Patil,6,0,,,,,,,,,
1280220,2021/22,2021-11-05,"ACA Stadium, Barsapara",2,0.1,Karnataka,Chhattisgarh,D Padikkal,MA Agarwal,Sumit Ruikar,0,0,,,,,,,,,
1280220,2021/22,2021-11-05,"ACA Stadium, Barsapara",2,0.2,Karnataka,Chhattisgarh,D Padikkal,MA Agarwal,Sumit Ruikar,0,0,,,,,,,,,
1280220,2021/22,2021-11-05,"ACA Stadium, Barsapara",2,0.3,Karnataka,Chhattisgarh,D Padikkal,MA Agarwal,Sumit Ruikar,1,0,,,,,,,,,
1280220,2021/22,2021-11-05,"ACA Stadium, Barsapara",2,0.4,Karnataka,Chhattisgarh,MA Agarwal,D Padikkal,Sumit Ruikar,1,0,,,,,,,,,
1280220,2021/22,2021-11-05,"ACA Stadium, Barsapara",2,0.5,Karnataka,Chhattisgarh,D Padikkal,MA Agarwal,Sumit Ruikar,1,0,,,,,,,,,
1280220,2021/22,2021-11-05,"ACA Stadium, Barsapara",2,0.6,Karnataka,Chhattisgarh,MA Agarwal,D Padikkal,Sumit Ruikar,0,0,,,,,,,,,
1280220,2021/22,2021-11-05,"ACA Stadium, Barsapara",2,1.1,Karnataka,Chhattisgarh,D Padikkal,MA Agarwal,Ravi Kiran,1,0,,,,,,,,,
1280220,2021/22,2021-11-05,"ACA Stadium, Barsapara",2,1.2,Karnataka,Chhattisgarh,MA Agarwal,D Padikkal,Ravi Kiran,0,0,,,,,,,,,
1280220,2021/22,2021-11-05,"ACA Stadium, Barsapara",2,1.3,Karnataka,Chhattisgarh,MA Agarwal,D Padikkal,Ravi Kiran,4,0,,,,,,,,,
1280220,2021/22,2021-11-05,"ACA Stadium, Barsapara",2,1.4,Karnataka,Chhattisgarh,MA Agarwal,D Padikkal,Ravi Kiran,1,0,,,,,,,,,
1280220,2021/22,2021-11-05,"ACA Stadium, Barsapara",2,1.5,Karnataka,Chhattisgarh,D Padikkal,MA Agarwal,Ravi Kiran,1,0,,,,,,,,,
1280220,2021/22,2021-11-05,"ACA Stadium, Barsapara",2,1.6,Karnataka,Chhattisgarh,MA Agarwal,D Padikkal,Ravi Kiran,1,0,,,,,,,,,
1280220,2021/22,2021-11-05,"ACA Stadium, Barsapara",2,2.1,Karnataka,Chhattisgarh,MA Agarwal,D Padikkal,Sumit Ruikar,1,0,,,,,,,,,
1280220,2021/22,2021-11-05,"ACA Stadium, Barsapara",2,2.2,Karnataka,Chhattisgarh,D Padikkal,MA Agarwal,Sumit Ruikar,0,0,,,,,,,,,
1280220,2021/22,2021-11-05,"ACA Stadium, Barsapara",2,2.3,Karnataka,Chhattisgarh,D Padikkal,MA Agarwal,Sumit Ruikar,0,0,,,,,,,,,
1280220,2021/22,2021-11-05,"ACA Stadium, Barsapara",2,2.4,Karnataka,Chhattisgarh,D Padikkal,MA Agarwal,Sumit Ruikar,0,0,,,,,,,,,
1280220,2021/22,2021-11-05,"ACA Stadium, Barsapara",2,2.5,Karnataka,Chhattisgarh,D Padikkal,MA Agarwal,Sumit Ruikar,0,0,,,,,,,,,
1280220,2021/22,2021-11-05,"ACA Stadium, Barsapara",2,2.6,Karnataka,Chhattisgarh,D Padikkal,MA Agarwal,Sumit Ruikar,1,0,,,,,,,,,
1280220,2021/22,2021-11-05,"ACA Stadium, Barsapara",2,3.1,Karnataka,Chhattisgarh,D Padikkal,MA Agarwal,Ravi Kiran,0,0,,,,,,,,,
1280220,2021/22,2021-11-05,"ACA Stadium, Barsapara",2,3.2,Karnataka,Chhattisgarh,D Padikkal,MA Agarwal,Ravi Kiran,0,1,1,,,,,,,,
1280220,2021/22,2021-11-05,"ACA Stadium, Barsapara",2,3.3,Karnataka,Chhattisgarh,D Padikkal,MA Agarwal,Ravi Kiran,0,0,,,,,,,,,
1280220,2021/22,2021-11-05,"ACA Stadium, Barsapara",2,3.4,Karnataka,Chhattisgarh,D Padikkal,MA Agarwal,Ravi Kiran,0,0,,,,,,,,,
1280220,2021/22,2021-11-05,"ACA Stadium, Barsapara",2,3.5,Karnataka,Chhattisgarh,D Padikkal,MA Agarwal,Ravi Kiran,4,0,,,,,,,,,
1280220,2021/22,2021-11-05,"ACA Stadium, Barsapara",2,3.6,Karnataka,Chhattisgarh,D Padikkal,MA Agarwal,Ravi Kiran,4,0,,,,,,,,,
1280220,2021/22,2021-11-05,"ACA Stadium, Barsapara",2,3.7,Karnataka,Chhattisgarh,D Padikkal,MA Agarwal,Ravi Kiran,0,0,,,,,,,,,
1280220,2021/22,2021-11-05,"ACA Stadium, Barsapara",2,4.1,Karnataka,Chhattisgarh,MA Agarwal,D Padikkal,Ajay Mandal,1,0,,,,,,,,,
1280220,2021/22,2021-11-05,"ACA Stadium, Barsapara",2,4.2,Karnataka,Chhattisgarh,D Padikkal,MA Agarwal,Ajay Mandal,1,0,,,,,,,,,
1280220,2021/22,2021-11-05,"ACA Stadium, Barsapara",2,4.3,Karnataka,Chhattisgarh,MA Agarwal,D Padikkal,Ajay Mandal,0,0,,,,,,,,,
1280220,2021/22,2021-11-05,"ACA Stadium, Barsapara",2,4.4,Karnataka,Chhattisgarh,MA Agarwal,D Padikkal,Ajay Mandal,4,0,,,,,,,,,
1280220,2021/22,2021-11-05,"ACA Stadium, Barsapara",2,4.5,Karnataka,Chhattisgarh,MA Agarwal,D Padikkal,Ajay Mandal,0,0,,,,,,,,,
1280220,2021/22,2021-11-05,"ACA Stadium, Barsapara",2,4.6,Karnataka,Chhattisgarh,MA Agarwal,D Padikkal,Ajay Mandal,2,0,,,,,,,,,
1280220,2021/22,2021-11-05,"ACA Stadium, Barsapara",2,5.1,Karnataka,Chhattisgarh,D Padikkal,MA Agarwal,V Pratap Singh,0,0,,,,,,,,,
1280220,2021/22,2021-11-05,"ACA Stadium, Barsapara",2,5.2,Karnataka,Chhattisgarh,D Padikkal,MA Agarwal,V Pratap Singh,4,0,,,,,,,,,
1280220,2021/22,2021-11-05,"ACA Stadium, Barsapara",2,5.3,Karnataka,Chhattisgarh,D Padikkal,MA Agarwal,V Pratap Singh,0,0,,,,,,,,,
1280220,2021/22,2021-11-05,"ACA Stadium, Barsapara",2,5.4,Karnataka,Chhattisgarh,D Padikkal,MA Agarwal,V Pratap Singh,4,0,,,,,,,,,
1280220,2021/22,2021-11-05,"ACA Stadium, Barsapara",2,5.5,Karnataka,Chhattisgarh,D Padikkal,MA Agarwal,V Pratap Singh,0,0,,,,,,,,,
1280220,2021/22,2021-11-05,"ACA Stadium, Barsapara",2,5.6,Karnataka,Chhattisgarh,D Padikkal,MA Agarwal,V Pratap Singh,0,0,,,,,,,,,
1280220,2021/22,2021-11-05,"ACA Stadium, Barsapara",2,6.1,Karnataka,Chhattisgarh,MA Agarwal,D Padikkal,Ajay Mandal,2,0,,,,,,,,,
1280220,2021/22,2021-11-05,"ACA Stadium, Barsapara",2,6.2,Karnataka,Chhattisgarh,MA Agarwal,D Padikkal,Ajay Mandal,0,0,,,,,,,,,
1280220,2021/22,2021-11-05,"ACA Stadium, Barsapara",2,6.3,Karnataka,Chhattisgarh,MA Agarwal,D Padikkal,Ajay Mandal,0,0,,,,,,,,,
1280220,2021/22,2021-11-05,"ACA Stadium, Barsapara",2,6.4,Karnataka,Chhattisgarh,MA Agarwal,D Padikkal,Ajay Mandal,1,0,,,,,,,,,
1280220,2021/22,2021-11-05,"ACA Stadium, Barsapara",2,6.5,Karnataka,Chhattisgarh,D Padikkal,MA Agarwal,Ajay Mandal,0,0,,,,,,,,,
1280220,2021/22,2021-11-05,"ACA Stadium, Barsapara",2,6.6,Karnataka,Chhattisgarh,D Padikkal,MA Agarwal,Ajay Mandal,4,0,,,,,,,,,
1280220,2021/22,2021-11-05,"ACA Stadium, Barsapara",2,7.1,Karnataka,Chhattisgarh,MA Agarwal,D Padikkal,V Pratap Singh,1,0,,,,,,,,,
1280220,2021/22,2021-11-05,"ACA Stadium, Barsapara",2,7.2,Karnataka,Chhattisgarh,D Padikkal,MA Agarwal,V Pratap Singh,1,0,,,,,,,,,
1280220,2021/22,2021-11-05,"ACA Stadium, Barsapara",2,7.3,Karnataka,Chhattisgarh,MA Agarwal,D Padikkal,V Pratap Singh,2,0,,,,,,,,,
1280220,2021/22,2021-11-05,"ACA Stadium, Barsapara",2,7.4,Karnataka,Chhattisgarh,MA Agarwal,D Padikkal,V Pratap Singh,0,0,,,,,,,,,
1280220,2021/22,2021-11-05,"ACA Stadium, Barsapara",2,7.5,Karnataka,Chhattisgarh,MA Agarwal,D Padikkal,V Pratap Singh,1,0,,,,,,,,,
1280220,2021/22,2021-11-05,"ACA Stadium, Barsapara",2,7.6,Karnataka,Chhattisgarh,D Padikkal,MA Agarwal,V Pratap Singh,0,0,,,,,,,,,
1280220,2021/22,2021-11-05,"ACA Stadium, Barsapara",2,8.1,Karnataka,Chhattisgarh,MA Agarwal,D Padikkal,Shashank Singh,1,0,,,,,,,,,
1280220,2021/22,2021-11-05,"ACA Stadium, Barsapara",2,8.2,Karnataka,Chhattisgarh,D Padikkal,MA Agarwal,Shashank Singh,0,0,,,,,,,,,
1280220,2021/22,2021-11-05,"ACA Stadium, Barsapara",2,8.3,Karnataka,Chhattisgarh,D Padikkal,MA Agarwal,Shashank Singh,1,0,,,,,,,,,
1280220,2021/22,2021-11-05,"ACA Stadium, Barsapara",2,8.4,Karnataka,Chhattisgarh,MA Agarwal,D Padikkal,Shashank Singh,0,0,,,,,,caught,MA Agarwal,,
1280220,2021/22,2021-11-05,"ACA Stadium, Barsapara",2,8.5,Karnataka,Chhattisgarh,MK Pandey,D Padikkal,Shashank Singh,0,0,,,,,,,,,
1280220,2021/22,2021-11-05,"ACA Stadium, Barsapara",2,8.6,Karnataka,Chhattisgarh,MK Pandey,D Padikkal,Shashank Singh,1,0,,,,,,,,,
1280220,2021/22,2021-11-05,"ACA Stadium, Barsapara",2,9.1,Karnataka,Chhattisgarh,MK Pandey,D Padikkal,SS Agarwal,0,0,,,,,,,,,
1280220,2021/22,2021-11-05,"ACA Stadium, Barsapara",2,9.2,Karnataka,Chhattisgarh,MK Pandey,D Padikkal,SS Agarwal,0,0,,,,,,,,,
1280220,2021/22,2021-11-05,"ACA Stadium, Barsapara",2,9.3,Karnataka,Chhattisgarh,MK Pandey,D Padikkal,SS Agarwal,1,0,,,,,,,,,
1280220,2021/22,2021-11-05,"ACA Stadium, Barsapara",2,9.4,Karnataka,Chhattisgarh,D Padikkal,MK Pandey,SS Agarwal,0,0,,,,,,,,,
1280220,2021/22,2021-11-05,"ACA Stadium, Barsapara",2,9.5,Karnataka,Chhattisgarh,D Padikkal,MK Pandey,SS Agarwal,1,0,,,,,,,,,
1280220,2021/22,2021-11-05,"ACA Stadium, Barsapara",2,9.6,Karnataka,Chhattisgarh,MK Pandey,D Padikkal,SS Agarwal,0,0,,,,,,,,,
1280220,2021/22,2021-11-05,"ACA Stadium, Barsapara",2,10.1,Karnataka,Chhattisgarh,D Padikkal,MK Pandey,Shashank Singh,0,0,,,,,,,,,
1280220,2021/22,2021-11-05,"ACA Stadium, Barsapara",2,10.2,Karnataka,Chhattisgarh,D Padikkal,MK Pandey,Shashank Singh,0,0,,,,,,,,,
1280220,2021/22,2021-11-05,"ACA Stadium, Barsapara",2,10.3,Karnataka,Chhattisgarh,D Padikkal,MK Pandey,Shashank Singh,1,0,,,,,,,,,
1280220,2021/22,2021-11-05,"ACA Stadium, Barsapara",2,10.4,Karnataka,Chhattisgarh,MK Pandey,D Padikkal,Shashank Singh,0,0,,,,,,bowled,MK Pandey,,
1280220,2021/22,2021-11-05,"ACA Stadium, Barsapara",2,10.5,Karnataka,Chhattisgarh,KK Nair,D Padikkal,Shashank Singh,0,0,,,,,,lbw,KK Nair,,
1280220,2021/22,2021-11-05,"ACA Stadium, Barsapara",2,10.6,Karnataka,Chhattisgarh,Aniruddha Joshi,D Padikkal,Shashank Singh,0,0,,,,,,,,,
1280220,2021/22,2021-11-05,"ACA Stadium, Barsapara",2,11.1,Karnataka,Chhattisgarh,D Padikkal,Aniruddha Joshi,SS Agarwal,1,0,,,,,,,,,
1280220,2021/22,2021-11-05,"ACA Stadium, Barsapara",2,11.2,Karnataka,Chhattisgarh,Aniruddha Joshi,D Padikkal,SS Agarwal,0,0,,,,,,,,,
1280220,2021/22,2021-11-05,"ACA Stadium, Barsapara",2,11.3,Karnataka,Chhattisgarh,Aniruddha Joshi,D Padikkal,SS Agarwal,1,0,,,,,,,,,
1280220,2021/22,2021-11-05,"ACA Stadium, Barsapara",2,11.4,Karnataka,Chhattisgarh,D Padikkal,Aniruddha Joshi,SS Agarwal,0,2,2,,,,,,,,
1280220,2021/22,2021-11-05,"ACA Stadium, Barsapara",2,11.5,Karnataka,Chhattisgarh,Aniruddha Joshi,D Padikkal,SS Agarwal,0,0,,,,,,caught,Aniruddha Joshi,,
1280220,2021/22,2021-11-05,"ACA Stadium, Barsapara",2,11.6,Karnataka,Chhattisgarh,BR Sharath,D Padikkal,SS Agarwal,0,0,,,,,,,,,
1280220,2021/22,2021-11-05,"ACA Stadium, Barsapara",2,11.7,Karnataka,Chhattisgarh,BR Sharath,D Padikkal,SS Agarwal,0,0,,,,,,,,,
1280220,2021/22,2021-11-05,"ACA Stadium, Barsapara",2,12.1,Karnataka,Chhattisgarh,D Padikkal,BR Sharath,Shashank Singh,0,1,,,,1,,,,,
1280220,2021/22,2021-11-05,"ACA Stadium, Barsapara",2,12.2,Karnataka,Chhattisgarh,BR Sharath,D Padikkal,Shashank Singh,0,0,,,,,,,,,
1280220,2021/22,2021-11-05,"ACA Stadium, Barsapara",2,12.3,Karnataka,Chhattisgarh,BR Sharath,D Padikkal,Shashank Singh,0,1,,,,1,,,,,
1280220,2021/22,2021-11-05,"ACA Stadium, Barsapara",2,12.4,Karnataka,Chhattisgarh,D Padikkal,BR Sharath,Shashank Singh,0,0,,,,,,,,,
1280220,2021/22,2021-11-05,"ACA Stadium, Barsapara",2,12.5,Karnataka,Chhattisgarh,D Padikkal,BR Sharath,Shashank Singh,0,0,,,,,,,,,
1280220,2021/22,2021-11-05,"ACA Stadium, Barsapara",2,12.6,Karnataka,Chhattisgarh,D Padikkal,BR Sharath,Shashank Singh,0,0,,,,,,,,,
1280220,2021/22,2021-11-05,"ACA Stadium, Barsapara",2,13.1,Karnataka,Chhattisgarh,BR Sharath,D Padikkal,SS Agarwal,1,0,,,,,,,,,
1280220,2021/22,2021-11-05,"ACA Stadium, Barsapara",2,13.2,Karnataka,Chhattisgarh,D Padikkal,BR Sharath,SS Agarwal,4,0,,,,,,,,,
1280220,2021/22,2021-11-05,"ACA Stadium, Barsapara",2,13.3,Karnataka,Chhattisgarh,D Padikkal,BR Sharath,SS Agarwal,6,0,,,,,,,,,
1280220,2021/22,2021-11-05,"ACA Stadium, Barsapara",2,13.4,Karnataka,Chhattisgarh,D Padikkal,BR Sharath,SS Agarwal,1,0,,,,,,,,,
1280220,2021/22,2021-11-05,"ACA Stadium, Barsapara",2,13.5,Karnataka,Chhattisgarh,BR Sharath,D Padikkal,SS Agarwal,1,0,,,,,,,,,
1280220,2021/22,2021-11-05,"ACA Stadium, Barsapara",2,13.6,Karnataka,Chhattisgarh,D Padikkal,BR Sharath,SS Agarwal,0,0,,,,,,caught,D Padikkal,,
1280220,2021/22,2021-11-05,"ACA Stadium, Barsapara",2,14.1,Karnataka,Chhattisgarh,BR Sharath,K Gowtham,Ajay Mandal,0,0,,,,,,,,,
1280220,2021/22,2021-11-05,"ACA Stadium, Barsapara",2,14.2,Karnataka,Chhattisgarh,BR Sharath,K Gowtham,Ajay Mandal,1,0,,,,,,,,,
1280220,2021/22,2021-11-05,"ACA Stadium, Barsapara",2,14.3,Karnataka,Chhattisgarh,K Gowtham,BR Sharath,Ajay Mandal,2,0,,,,,,,,,
1280220,2021/22,2021-11-05,"ACA Stadium, Barsapara",2,14.4,Karnataka,Chhattisgarh,K Gowtham,BR Sharath,Ajay Mandal,0,0,,,,,,,,,
1280220,2021/22,2021-11-05,"ACA Stadium, Barsapara",2,14.5,Karnataka,Chhattisgarh,K Gowtham,BR Sharath,Ajay Mandal,0,0,,,,,,caught,K Gowtham,,
1280220,2021/22,2021-11-05,"ACA Stadium, Barsapara",2,14.6,Karnataka,Chhattisgarh,BR Sharath,KC Cariappa,Ajay Mandal,1,0,,,,,,,,,
1280220,2021/22,2021-11-05,"ACA Stadium, Barsapara",2,15.1,Karnataka,Chhattisgarh,BR Sharath,KC Cariappa,SS Agarwal,1,0,,,,,,,,,
1280220,2021/22,2021-11-05,"ACA Stadium, Barsapara",2,15.2,Karnataka,Chhattisgarh,KC Cariappa,BR Sharath,SS Agarwal,6,0,,,,,,,,,
1280220,2021/22,2021-11-05,"ACA Stadium, Barsapara",2,15.3,Karnataka,Chhattisgarh,KC Cariappa,BR Sharath,SS Agarwal,0,0,,,,,,,,,
1280220,2021/22,2021-11-05,"ACA Stadium, Barsapara",2,15.4,Karnataka,Chhattisgarh,KC Cariappa,BR Sharath,SS Agarwal,1,0,,,,,,,,,
1280220,2021/22,2021-11-05,"ACA Stadium, Barsapara",2,15.5,Karnataka,Chhattisgarh,BR Sharath,KC Cariappa,SS Agarwal,1,0,,,,,,,,,
1280220,2021/22,2021-11-05,"ACA Stadium, Barsapara",2,15.6,Karnataka,Chhattisgarh,KC Cariappa,BR Sharath,SS Agarwal,0,2,2,,,,,,,,
1280220,2021/22,2021-11-05,"ACA Stadium, Barsapara",2,15.7,Karnataka,Chhattisgarh,BR Sharath,KC Cariappa,SS Agarwal,4,0,,,,,,,,,
1280220,2021/22,2021-11-05,"ACA Stadium, Barsapara",2,16.1,Karnataka,Chhattisgarh,KC Cariappa,BR Sharath,Ajay Mandal,0,0,,,,,,,,,
1280220,2021/22,2021-11-05,"ACA Stadium, Barsapara",2,16.2,Karnataka,Chhattisgarh,KC Cariappa,BR Sharath,Ajay Mandal,6,0,,,,,,,,,
1280220,2021/22,2021-11-05,"ACA Stadium, Barsapara",2,16.3,Karnataka,Chhattisgarh,KC Cariappa,BR Sharath,Ajay Mandal,6,0,,,,,,,,,
1280220,2021/22,2021-11-05,"ACA Stadium, Barsapara",2,16.4,Karnataka,Chhattisgarh,KC Cariappa,BR Sharath,Ajay Mandal,0,1,,,,1,,,,,
1280220,2021/22,2021-11-05,"ACA Stadium, Barsapara",2,16.5,Karnataka,Chhattisgarh,BR Sharath,KC Cariappa,Ajay Mandal,4,0,,,,,,,,,
1280220,2021/22,2021-11-05,"ACA Stadium, Barsapara",2,16.6,Karnataka,Chhattisgarh,BR Sharath,KC Cariappa,Ajay Mandal,1,0,,,,,,,,,
1280220,2021/22,2021-11-05,"ACA Stadium, Barsapara",2,17.1,Karnataka,Chhattisgarh,BR Sharath,KC Cariappa,Ravi Kiran,0,4,,,4,,,,,,
1280220,2021/22,2021-11-05,"ACA Stadium, Barsapara",2,17.2,Karnataka,Chhattisgarh,BR Sharath,KC Cariappa,Ravi Kiran,1,0,,,,,,,,,
1280220,2021/22,2021-11-05,"ACA Stadium, Barsapara",2,17.3,Karnataka,Chhattisgarh,KC Cariappa,BR Sharath,Ravi Kiran,1,0,,,,,,,,,
1280220,2021/22,2021-11-05,"ACA Stadium, Barsapara",2,17.4,Karnataka,Chhattisgarh,BR Sharath,KC Cariappa,Ravi Kiran,0,0,,,,,,,,,
1280220,2021/22,2021-11-05,"ACA Stadium, Barsapara",2,17.5,Karnataka,Chhattisgarh,BR Sharath,KC Cariappa,Ravi Kiran,2,0,,,,,,,,,
1280220,2021/22,2021-11-05,"ACA Stadium, Barsapara",2,17.6,Karnataka,Chhattisgarh,BR Sharath,KC Cariappa,Ravi Kiran,1,0,,,,,,,,,
1280220,2021/22,2021-11-05,"ACA Stadium, Barsapara",2,18.1,Karnataka,Chhattisgarh,BR Sharath,KC Cariappa,V Pratap Singh,4,0,,,,,,,,,
1280220,2021/22,2021-11-05,"ACA Stadium, Barsapara",2,18.2,Karnataka,Chhattisgarh,BR Sharath,KC Cariappa,V Pratap Singh,4,0,,,,,,,,,
1280220,2021/22,2021-11-05,"ACA Stadium, Barsapara",2,18.3,Karnataka,Chhattisgarh,BR Sharath,KC Cariappa,V Pratap Singh,4,0,,,,,,,,,
1280220,2021/22,2021-11-05,"ACA Stadium, Barsapara",2,18.4,Karnataka,Chhattisgarh,BR Sharath,KC Cariappa,V Pratap Singh,1,0,,,,,,,,,
1280220,2021/22,2021-11-05,"ACA Stadium, Barsapara",2,18.5,Karnataka,Chhattisgarh,KC Cariappa,BR Sharath,V Pratap Singh,1,0,,,,,,,,,
1280220,2021/22,2021-11-05,"ACA Stadium, Barsapara",2,18.6,Karnataka,Chhattisgarh,BR Sharath,KC Cariappa,V Pratap Singh,1,0,,,,,,,,,
1280220,2021/22,2021-11-05,"ACA Stadium, Barsapara",2,19.1,Karnataka,Chhattisgarh,BR Sharath,KC Cariappa,Ravi Kiran,6,0,,,,,,,,,
1280220,2021/22,2021-11-05,"ACA Stadium, Barsapara",2,19.2,Karnataka,Chhattisgarh,BR Sharath,KC Cariappa,Ravi Kiran,3,0,,,,,,,,,
1280220,2021/22,2021-11-05,"ACA Stadium, Barsapara",2,19.3,Karnataka,Chhattisgarh,KC Cariappa,BR Sharath,Ravi Kiran,0,1,,,1,,,,,,
