match_id,season,start_date,venue,innings,ball,batting_team,bowling_team,striker,non_striker,bowler,runs_off_bat,extras,wides,noballs,byes,legbyes,penalty,wicket_type,player_dismissed,other_wicket_type,other_player_dismissed
1280258,2021/22,2021-11-08,"ACA Stadium, Barsapara",1,0.1,Services,Bengal,Aanshul Gupta,Sufiyan Alam,Mukesh Kumar,0,0,,,,,,run out,Aanshul Gupta,,
1280258,2021/22,2021-11-08,"ACA Stadium, Barsapara",1,0.2,Services,Bengal,Rahul Singh,Sufiyan Alam,Mukesh Kumar,4,0,,,,,,,,,
1280258,2021/22,2021-11-08,"ACA Stadium, Barsapara",1,0.3,Services,Bengal,Rahul Singh,Sufiyan Alam,Mukesh Kumar,0,0,,,,,,,,,
1280258,2021/22,2021-11-08,"ACA Stadium, Barsapara",1,0.4,Services,Bengal,Rahul Singh,Sufiyan Alam,Mukesh Kumar,0,0,,,,,,,,,
1280258,2021/22,2021-11-08,"ACA Stadium, Barsapara",1,0.5,Services,Bengal,Rahul Singh,Sufiyan Alam,Mukesh Kumar,0,1,,,,1,,,,,
1280258,2021/22,2021-11-08,"ACA Stadium, Barsapara",1,0.6,Services,Bengal,Sufiyan Alam,Rahul Singh,Mukesh Kumar,0,0,,,,,,,,,
1280258,2021/22,2021-11-08,"ACA Stadium, Barsapara",1,1.1,Services,Bengal,Rahul Singh,Sufiyan Alam,Writtick Chatterjee,0,0,,,,,,,,,
1280258,2021/22,2021-11-08,"ACA Stadium, Barsapara",1,1.2,Services,Bengal,Rahul Singh,Sufiyan Alam,Writtick Chatterjee,0,0,,,,,,,,,
1280258,2021/22,2021-11-08,"ACA Stadium, Barsapara",1,1.3,Services,Bengal,Rahul Singh,Sufiyan Alam,Writtick Chatterjee,2,0,,,,,,,,,
1280258,2021/22,2021-11-08,"ACA Stadium, Barsapara",1,1.4,Services,Bengal,Rahul Singh,Sufiyan Alam,Writtick Chatterjee,0,0,,,,,,,,,
1280258,2021/22,2021-11-08,"ACA Stadium, Barsapara",1,1.5,Services,Bengal,Rahul Singh,Sufiyan Alam,Writtick Chatterjee,1,0,,,,,,,,,
1280258,2021/22,2021-11-08,"ACA Stadium, Barsapara",1,1.6,Services,Bengal,Sufiyan Alam,Rahul Singh,Writtick Chatterjee,1,0,,,,,,,,,
1280258,2021/22,2021-11-08,"ACA Stadium, Barsapara",1,2.1,Services,Bengal,Sufiyan Alam,Rahul Singh,Shahbaz Ahmed,0,0,,,,,,,,,
1280258,2021/22,2021-11-08,"ACA Stadium, Barsapara",1,2.2,Services,Bengal,Sufiyan Alam,Rahul Singh,Shahbaz Ahmed,1,0,,,,,,,,,
1280258,2021/22,2021-11-08,"ACA Stadium, Barsapara",1,2.3,Services,Bengal,Rahul Singh,Sufiyan Alam,Shahbaz Ahmed,6,0,,,,,,,,,
1280258,2021/22,2021-11-08,"ACA Stadium, Barsapara",1,2.4,Services,Bengal,Rahul Singh,Sufiyan Alam,Shahbaz Ahmed,0,0,,,,,,,,,
1280258,2021/22,2021-11-08,"ACA Stadium, Barsapara",1,2.5,Services,Bengal,Rahul Singh,Sufiyan Alam,Shahbaz Ahmed,2,0,,,,,,,,,
1280258,2021/22,2021-11-08,"ACA Stadium, Barsapara",1,2.6,Services,Bengal,Rahul Singh,Sufiyan Alam,Shahbaz Ahmed,0,0,,,,,,caught,Rahul Singh,,
1280258,2021/22,2021-11-08,"ACA Stadium, Barsapara",1,3.1,Services,Bengal,Sufiyan Alam,Amit Pachhara,Pradipta Pramanik,0,0,,,,,,,,,
1280258,2021/22,2021-11-08,"ACA Stadium, Barsapara",1,3.2,Services,Bengal,Sufiyan Alam,Amit Pachhara,Pradipta Pramanik,0,0,,,,,,caught,Sufiyan Alam,,
1280258,2021/22,2021-11-08,"ACA Stadium, Barsapara",1,3.3,Services,Bengal,Amit Pachhara,Vikas Hathwala,Pradipta Pramanik,0,0,,,,,,,,,
1280258,2021/22,2021-11-08,"ACA Stadium, Barsapara",1,3.4,Services,Bengal,Amit Pachhara,Vikas Hathwala,Pradipta Pramanik,0,0,,,,,,,,,
1280258,2021/22,2021-11-08,"ACA Stadium, Barsapara",1,3.5,Services,Bengal,Amit Pachhara,Vikas Hathwala,Pradipta Pramanik,0,0,,,,,,,,,
1280258,2021/22,2021-11-08,"ACA Stadium, Barsapara",1,3.6,Services,Bengal,Amit Pachhara,Vikas Hathwala,Pradipta Pramanik,0,0,,,,,,,,,
1280258,2021/22,2021-11-08,"ACA Stadium, Barsapara",1,4.1,Services,Bengal,Vikas Hathwala,Amit Pachhara,Writtick Chatterjee,1,0,,,,,,,,,
1280258,2021/22,2021-11-08,"ACA Stadium, Barsapara",1,4.2,Services,Bengal,Amit Pachhara,Vikas Hathwala,Writtick Chatterjee,0,0,,,,,,lbw,Amit Pachhara,,
1280258,2021/22,2021-11-08,"ACA Stadium, Barsapara",1,4.3,Services,Bengal,Devender Lohchab,Vikas Hathwala,Writtick Chatterjee,0,0,,,,,,,,,
1280258,2021/22,2021-11-08,"ACA Stadium, Barsapara",1,4.4,Services,Bengal,Devender Lohchab,Vikas Hathwala,Writtick Chatterjee,0,0,,,,,,,,,
1280258,2021/22,2021-11-08,"ACA Stadium, Barsapara",1,4.5,Services,Bengal,Devender Lohchab,Vikas Hathwala,Writtick Chatterjee,0,0,,,,,,,,,
1280258,2021/22,2021-11-08,"ACA Stadium, Barsapara",1,4.6,Services,Bengal,Devender Lohchab,Vikas Hathwala,Writtick Chatterjee,0,0,,,,,,,,,
1280258,2021/22,2021-11-08,"ACA Stadium, Barsapara",1,5.1,Services,Bengal,Vikas Hathwala,Devender Lohchab,Karan Lal,0,0,,,,,,,,,
1280258,2021/22,2021-11-08,"ACA Stadium, Barsapara",1,5.2,Services,Bengal,Vikas Hathwala,Devender Lohchab,Karan Lal,0,0,,,,,,,,,
1280258,2021/22,2021-11-08,"ACA Stadium, Barsapara",1,5.3,Services,Bengal,Vikas Hathwala,Devender Lohchab,Karan Lal,0,0,,,,,,bowled,Vikas Hathwala,,
1280258,2021/22,2021-11-08,"ACA Stadium, Barsapara",1,5.4,Services,Bengal,Nitin Tanwar,Devender Lohchab,Karan Lal,0,0,,,,,,,,,
1280258,2021/22,2021-11-08,"ACA Stadium, Barsapara",1,5.5,Services,Bengal,Nitin Tanwar,Devender Lohchab,Karan Lal,0,0,,,,,,,,,
1280258,2021/22,2021-11-08,"ACA Stadium, Barsapara",1,5.6,Services,Bengal,Nitin Tanwar,Devender Lohchab,Karan Lal,0,0,,,,,,,,,
1280258,2021/22,2021-11-08,"ACA Stadium, Barsapara",1,6.1,Services,Bengal,Devender Lohchab,Nitin Tanwar,Shahbaz Ahmed,0,0,,,,,,,,,
1280258,2021/22,2021-11-08,"ACA Stadium, Barsapara",1,6.2,Services,Bengal,Devender Lohchab,Nitin Tanwar,Shahbaz Ahmed,1,0,,,,,,,,,
1280258,2021/22,2021-11-08,"ACA Stadium, Barsapara",1,6.3,Services,Bengal,Nitin Tanwar,Devender Lohchab,Shahbaz Ahmed,0,0,,,,,,,,,
1280258,2021/22,2021-11-08,"ACA Stadium, Barsapara",1,6.4,Services,Bengal,Nitin Tanwar,Devender Lohchab,Shahbaz Ahmed,0,0,,,,,,,,,
1280258,2021/22,2021-11-08,"ACA Stadium, Barsapara",1,6.5,Services,Bengal,Nitin Tanwar,Devender Lohchab,Shahbaz Ahmed,0,0,,,,,,,,,
1280258,2021/22,2021-11-08,"ACA Stadium, Barsapara",1,6.6,Services,Bengal,Nitin Tanwar,Devender Lohchab,Shahbaz Ahmed,0,0,,,,,,,,,
1280258,2021/22,2021-11-08,"ACA Stadium, Barsapara",1,7.1,Services,Bengal,Devender Lohchab,Nitin Tanwar,Pradipta Pramanik,0,0,,,,,,,,,
1280258,2021/22,2021-11-08,"ACA Stadium, Barsapara",1,7.2,Services,Bengal,Devender Lohchab,Nitin Tanwar,Pradipta Pramanik,0,0,,,,,,,,,
1280258,2021/22,2021-11-08,"ACA Stadium, Barsapara",1,7.3,Services,Bengal,Devender Lohchab,Nitin Tanwar,Pradipta Pramanik,1,0,,,,,,,,,
1280258,2021/22,2021-11-08,"ACA Stadium, Barsapara",1,7.4,Services,Bengal,Nitin Tanwar,Devender Lohchab,Pradipta Pramanik,0,0,,,,,,,,,
1280258,2021/22,2021-11-08,"ACA Stadium, Barsapara",1,7.5,Services,Bengal,Nitin Tanwar,Devender Lohchab,Pradipta Pramanik,0,0,,,,,,,,,
1280258,2021/22,2021-11-08,"ACA Stadium, Barsapara",1,7.6,Services,Bengal,Nitin Tanwar,Devender Lohchab,Pradipta Pramanik,0,0,,,,,,,,,
1280258,2021/22,2021-11-08,"ACA Stadium, Barsapara",1,8.1,Services,Bengal,Devender Lohchab,Nitin Tanwar,Shahbaz Ahmed,0,0,,,,,,,,,
1280258,2021/22,2021-11-08,"ACA Stadium, Barsapara",1,8.2,Services,Bengal,Devender Lohchab,Nitin Tanwar,Shahbaz Ahmed,0,0,,,,,,,,,
1280258,2021/22,2021-11-08,"ACA Stadium, Barsapara",1,8.3,Services,Bengal,Devender Lohchab,Nitin Tanwar,Shahbaz Ahmed,0,0,,,,,,,,,
1280258,2021/22,2021-11-08,"ACA Stadium, Barsapara",1,8.4,Services,Bengal,Devender Lohchab,Nitin Tanwar,Shahbaz Ahmed,0,0,,,,,,,,,
1280258,2021/22,2021-11-08,"ACA Stadium, Barsapara",1,8.5,Services,Bengal,Devender Lohchab,Nitin Tanwar,Shahbaz Ahmed,1,0,,,,,,,,,
1280258,2021/22,2021-11-08,"ACA Stadium, Barsapara",1,8.6,Services,Bengal,Nitin Tanwar,Devender Lohchab,Shahbaz Ahmed,1,0,,,,,,,,,
1280258,2021/22,2021-11-08,"ACA Stadium, Barsapara",1,9.1,Services,Bengal,Nitin Tanwar,Devender Lohchab,Pradipta Pramanik,1,0,,,,,,,,,
1280258,2021/22,2021-11-08,"ACA Stadium, Barsapara",1,9.2,Services,Bengal,Devender Lohchab,Nitin Tanwar,Pradipta Pramanik,0,0,,,,,,,,,
1280258,2021/22,2021-11-08,"ACA Stadium, Barsapara",1,9.3,Services,Bengal,Devender Lohchab,Nitin Tanwar,Pradipta Pramanik,0,0,,,,,,,,,
1280258,2021/22,2021-11-08,"ACA Stadium, Barsapara",1,9.4,Services,Bengal,Devender Lohchab,Nitin Tanwar,Pradipta Pramanik,1,0,,,,,,,,,
1280258,2021/22,2021-11-08,"ACA Stadium, Barsapara",1,9.5,Services,Bengal,Nitin Tanwar,Devender Lohchab,Pradipta Pramanik,0,0,,,,,,caught,Nitin Tanwar,,
1280258,2021/22,2021-11-08,"ACA Stadium, Barsapara",1,9.6,Services,Bengal,Sachidanand Pandey,Devender Lohchab,Pradipta Pramanik,0,0,,,,,,,,,
1280258,2021/22,2021-11-08,"ACA Stadium, Barsapara",1,10.1,Services,Bengal,Devender Lohchab,Sachidanand Pandey,Writtick Chatterjee,2,0,,,,,,,,,
1280258,2021/22,2021-11-08,"ACA Stadium, Barsapara",1,10.2,Services,Bengal,Devender Lohchab,Sachidanand Pandey,Writtick Chatterjee,0,0,,,,,,,,,
1280258,2021/22,2021-11-08,"ACA Stadium, Barsapara",1,10.3,Services,Bengal,Devender Lohchab,Sachidanand Pandey,Writtick Chatterjee,1,0,,,,,,,,,
1280258,2021/22,2021-11-08,"ACA Stadium, Barsapara",1,10.4,Services,Bengal,Sachidanand Pandey,Devender Lohchab,Writtick Chatterjee,0,0,,,,,,,,,
1280258,2021/22,2021-11-08,"ACA Stadium, Barsapara",1,10.5,Services,Bengal,Sachidanand Pandey,Devender Lohchab,Writtick Chatterjee,6,0,,,,,,,,,
1280258,2021/22,2021-11-08,"ACA Stadium, Barsapara",1,10.6,Services,Bengal,Sachidanand Pandey,Devender Lohchab,Writtick Chatterjee,0,0,,,,,,,,,
1280258,2021/22,2021-11-08,"ACA Stadium, Barsapara",1,11.1,Services,Bengal,Devender Lohchab,Sachidanand Pandey,Pradipta Pramanik,0,0,,,,,,,,,
1280258,2021/22,2021-11-08,"ACA Stadium, Barsapara",1,11.2,Services,Bengal,Devender Lohchab,Sachidanand Pandey,Pradipta Pramanik,1,0,,,,,,,,,
1280258,2021/22,2021-11-08,"ACA Stadium, Barsapara",1,11.3,Services,Bengal,Sachidanand Pandey,Devender Lohchab,Pradipta Pramanik,0,0,,,,,,,,,
1280258,2021/22,2021-11-08,"ACA Stadium, Barsapara",1,11.4,Services,Bengal,Sachidanand Pandey,Devender Lohchab,Pradipta Pramanik,6,0,,,,,,,,,
1280258,2021/22,2021-11-08,"ACA Stadium, Barsapara",1,11.5,Services,Bengal,Sachidanand Pandey,Devender Lohchab,Pradipta Pramanik,6,0,,,,,,,,,
1280258,2021/22,2021-11-08,"ACA Stadium, Barsapara",1,11.6,Services,Bengal,Sachidanand Pandey,Devender Lohchab,Pradipta Pramanik,0,0,,,,,,,,,
1280258,2021/22,2021-11-08,"ACA Stadium, Barsapara",1,12.1,Services,Bengal,Devender Lohchab,Sachidanand Pandey,Akash Deep,0,0,,,,,,,,,
1280258,2021/22,2021-11-08,"ACA Stadium, Barsapara",1,12.2,Services,Bengal,Devender Lohchab,Sachidanand Pandey,Akash Deep,0,0,,,,,,,,,
1280258,2021/22,2021-11-08,"ACA Stadium, Barsapara",1,12.3,Services,Bengal,Devender Lohchab,Sachidanand Pandey,Akash Deep,1,0,,,,,,,,,
1280258,2021/22,2021-11-08,"ACA Stadium, Barsapara",1,12.4,Services,Bengal,Sachidanand Pandey,Devender Lohchab,Akash Deep,0,0,,,,,,,,,
1280258,2021/22,2021-11-08,"ACA Stadium, Barsapara",1,12.5,Services,Bengal,Sachidanand Pandey,Devender Lohchab,Akash Deep,0,0,,,,,,,,,
1280258,2021/22,2021-11-08,"ACA Stadium, Barsapara",1,12.6,Services,Bengal,Sachidanand Pandey,Devender Lohchab,Akash Deep,0,0,,,,,,,,,
1280258,2021/22,2021-11-08,"ACA Stadium, Barsapara",1,13.1,Services,Bengal,Devender Lohchab,Sachidanand Pandey,Mukesh Kumar,0,0,,,,,,,,,
1280258,2021/22,2021-11-08,"ACA Stadium, Barsapara",1,13.2,Services,Bengal,Devender Lohchab,Sachidanand Pandey,Mukesh Kumar,0,0,,,,,,,,,
1280258,2021/22,2021-11-08,"ACA Stadium, Barsapara",1,13.3,Services,Bengal,Devender Lohchab,Sachidanand Pandey,Mukesh Kumar,0,0,,,,,,,,,
1280258,2021/22,2021-11-08,"ACA Stadium, Barsapara",1,13.4,Services,Bengal,Devender Lohchab,Sachidanand Pandey,Mukesh Kumar,1,0,,,,,,,,,
1280258,2021/22,2021-11-08,"ACA Stadium, Barsapara",1,13.5,Services,Bengal,Sachidanand Pandey,Devender Lohchab,Mukesh Kumar,4,0,,,,,,,,,
1280258,2021/22,2021-11-08,"ACA Stadium, Barsapara",1,13.6,Services,Bengal,Sachidanand Pandey,Devender Lohchab,Mukesh Kumar,0,0,,,,,,caught,Sachidanand Pandey,,
1280258,2021/22,2021-11-08,"ACA Stadium, Barsapara",1,14.1,Services,Bengal,Devender Lohchab,Diwesh Pathania,Akash Deep,0,0,,,,,,,,,
1280258,2021/22,2021-11-08,"ACA Stadium, Barsapara",1,14.2,Services,Bengal,Devender Lohchab,Diwesh Pathania,Akash Deep,1,0,,,,,,,,,
1280258,2021/22,2021-11-08,"ACA Stadium, Barsapara",1,14.3,Services,Bengal,Diwesh Pathania,Devender Lohchab,Akash Deep,0,0,,,,,,caught,Diwesh Pathania,,
1280258,2021/22,2021-11-08,"ACA Stadium, Barsapara",1,14.4,Services,Bengal,Vikas Yadav,Devender Lohchab,Akash Deep,0,0,,,,,,,,,
1280258,2021/22,2021-11-08,"ACA Stadium, Barsapara",1,14.5,Services,Bengal,Vikas Yadav,Devender Lohchab,Akash Deep,0,0,,,,,,,,,
1280258,2021/22,2021-11-08,"ACA Stadium, Barsapara",1,14.6,Services,Bengal,Vikas Yadav,Devender Lohchab,Akash Deep,0,0,,,,,,,,,
1280258,2021/22,2021-11-08,"ACA Stadium, Barsapara",1,15.1,Services,Bengal,Devender Lohchab,Vikas Yadav,Shahbaz Ahmed,0,0,,,,,,,,,
1280258,2021/22,2021-11-08,"ACA Stadium, Barsapara",1,15.2,Services,Bengal,Devender Lohchab,Vikas Yadav,Shahbaz Ahmed,0,0,,,,,,,,,
1280258,2021/22,2021-11-08,"ACA Stadium, Barsapara",1,15.3,Services,Bengal,Devender Lohchab,Vikas Yadav,Shahbaz Ahmed,0,0,,,,,,,,,
1280258,2021/22,2021-11-08,"ACA Stadium, Barsapara",1,15.4,Services,Bengal,Devender Lohchab,Vikas Yadav,Shahbaz Ahmed,1,0,,,,,,,,,
1280258,2021/22,2021-11-08,"ACA Stadium, Barsapara",1,15.5,Services,Bengal,Vikas Yadav,Devender Lohchab,Shahbaz Ahmed,1,0,,,,,,,,,
1280258,2021/22,2021-11-08,"ACA Stadium, Barsapara",1,15.6,Services,Bengal,Devender Lohchab,Vikas Yadav,Shahbaz Ahmed,0,0,,,,,,,,,
1280258,2021/22,2021-11-08,"ACA Stadium, Barsapara",1,16.1,Services,Bengal,Vikas Yadav,Devender Lohchab,Akash Deep,0,0,,,,,,,,,
1280258,2021/22,2021-11-08,"ACA Stadium, Barsapara",1,16.2,Services,Bengal,Vikas Yadav,Devender Lohchab,Akash Deep,4,0,,,,,,,,,
1280258,2021/22,2021-11-08,"ACA Stadium, Barsapara",1,16.3,Services,Bengal,Vikas Yadav,Devender Lohchab,Akash Deep,1,0,,,,,,,,,
1280258,2021/22,2021-11-08,"ACA Stadium, Barsapara",1,16.4,Services,Bengal,Devender Lohchab,Vikas Yadav,Akash Deep,0,0,,,,,,,,,
1280258,2021/22,2021-11-08,"ACA Stadium, Barsapara",1,16.5,Services,Bengal,Devender Lohchab,Vikas Yadav,Akash Deep,0,0,,,,,,,,,
1280258,2021/22,2021-11-08,"ACA Stadium, Barsapara",1,16.6,Services,Bengal,Devender Lohchab,Vikas Yadav,Akash Deep,1,0,,,,,,,,,
1280258,2021/22,2021-11-08,"ACA Stadium, Barsapara",1,17.1,Services,Bengal,Devender Lohchab,Vikas Yadav,Mukesh Kumar,0,0,,,,,,,,,
1280258,2021/22,2021-11-08,"ACA Stadium, Barsapara",1,17.2,Services,Bengal,Devender Lohchab,Vikas Yadav,Mukesh Kumar,0,0,,,,,,,,,
1280258,2021/22,2021-11-08,"ACA Stadium, Barsapara",1,17.3,Services,Bengal,Devender Lohchab,Vikas Yadav,Mukesh Kumar,1,0,,,,,,,,,
1280258,2021/22,2021-11-08,"ACA Stadium, Barsapara",1,17.4,Services,Bengal,Vikas Yadav,Devender Lohchab,Mukesh Kumar,4,0,,,,,,,,,
1280258,2021/22,2021-11-08,"ACA Stadium, Barsapara",1,17.5,Services,Bengal,Vikas Yadav,Devender Lohchab,Mukesh Kumar,0,0,,,,,,,,,
1280258,2021/22,2021-11-08,"ACA Stadium, Barsapara",1,17.6,Services,Bengal,Vikas Yadav,Devender Lohchab,Mukesh Kumar,1,0,,,,,,,,,
1280258,2021/22,2021-11-08,"ACA Stadium, Barsapara",1,18.1,Services,Bengal,Vikas Yadav,Devender Lohchab,Akash Deep,0,0,,,,,,,,,
1280258,2021/22,2021-11-08,"ACA Stadium, Barsapara",1,18.2,Services,Bengal,Vikas Yadav,Devender Lohchab,Akash Deep,1,0,,,,,,,,,
1280258,2021/22,2021-11-08,"ACA Stadium, Barsapara",1,18.3,Services,Bengal,Devender Lohchab,Vikas Yadav,Akash Deep,0,0,,,,,,,,,
1280258,2021/22,2021-11-08,"ACA Stadium, Barsapara",1,18.4,Services,Bengal,Devender Lohchab,Vikas Yadav,Akash Deep,0,0,,,,,,,,,
1280258,2021/22,2021-11-08,"ACA Stadium, Barsapara",1,18.5,Services,Bengal,Devender Lohchab,Vikas Yadav,Akash Deep,1,0,,,,,,,,,
1280258,2021/22,2021-11-08,"ACA Stadium, Barsapara",1,18.6,Services,Bengal,Vikas Yadav,Devender Lohchab,Akash Deep,0,0,,,,,,,,,
1280258,2021/22,2021-11-08,"ACA Stadium, Barsapara",1,19.1,Services,Bengal,Devender Lohchab,Vikas Yadav,Mukesh Kumar,4,0,,,,,,,,,
1280258,2021/22,2021-11-08,"ACA Stadium, Barsapara",1,19.2,Services,Bengal,Devender Lohchab,Vikas Yadav,Mukesh Kumar,0,1,1,,,,,,,,
1280258,2021/22,2021-11-08,"ACA Stadium, Barsapara",1,19.3,Services,Bengal,Devender Lohchab,Vikas Yadav,Mukesh Kumar,6,0,,,,,,,,,
1280258,2021/22,2021-11-08,"ACA Stadium, Barsapara",1,19.4,Services,Bengal,Devender Lohchab,Vikas Yadav,Mukesh Kumar,4,0,,,,,,,,,
1280258,2021/22,2021-11-08,"ACA Stadium, Barsapara",1,19.5,Services,Bengal,Devender Lohchab,Vikas Yadav,Mukesh Kumar,2,0,,,,,,,,,
1280258,2021/22,2021-11-08,"ACA Stadium, Barsapara",1,19.6,Services,Bengal,Devender Lohchab,Vikas Yadav,Mukesh Kumar,2,0,,,,,,,,,
1280258,2021/22,2021-11-08,"ACA Stadium, Barsapara",1,19.7,Services,Bengal,Devender Lohchab,Vikas Yadav,Mukesh Kumar,1,0,,,,,,,,,
1280258,2021/22,2021-11-08,"ACA Stadium, Barsapara",2,0.1,Bengal,Services,Sudip Chatterjee,AR Easwaran,Vikas Yadav,1,0,,,,,,,,,
1280258,2021/22,2021-11-08,"ACA Stadium, Barsapara",2,0.2,Bengal,Services,AR Easwaran,Sudip Chatterjee,Vikas Yadav,0,0,,,,,,,,,
1280258,2021/22,2021-11-08,"ACA Stadium, Barsapara",2,0.3,Bengal,Services,AR Easwaran,Sudip Chatterjee,Vikas Yadav,0,1,,,,1,,,,,
1280258,2021/22,2021-11-08,"ACA Stadium, Barsapara",2,0.4,Bengal,Services,Sudip Chatterjee,AR Easwaran,Vikas Yadav,4,0,,,,,,,,,
1280258,2021/22,2021-11-08,"ACA Stadium, Barsapara",2,0.5,Bengal,Services,Sudip Chatterjee,AR Easwaran,Vikas Yadav,3,0,,,,,,,,,
1280258,2021/22,2021-11-08,"ACA Stadium, Barsapara",2,0.6,Bengal,Services,AR Easwaran,Sudip Chatterjee,Vikas Yadav,0,0,,,,,,,,,
1280258,2021/22,2021-11-08,"ACA Stadium, Barsapara",2,1.1,Bengal,Services,Sudip Chatterjee,AR Easwaran,Nitin Tanwar,0,0,,,,,,,,,
1280258,2021/22,2021-11-08,"ACA Stadium, Barsapara",2,1.2,Bengal,Services,Sudip Chatterjee,AR Easwaran,Nitin Tanwar,0,0,,,,,,,,,
1280258,2021/22,2021-11-08,"ACA Stadium, Barsapara",2,1.3,Bengal,Services,Sudip Chatterjee,AR Easwaran,Nitin Tanwar,4,0,,,,,,,,,
1280258,2021/22,2021-11-08,"ACA Stadium, Barsapara",2,1.4,Bengal,Services,Sudip Chatterjee,AR Easwaran,Nitin Tanwar,4,0,,,,,,,,,
1280258,2021/22,2021-11-08,"ACA Stadium, Barsapara",2,1.5,Bengal,Services,Sudip Chatterjee,AR Easwaran,Nitin Tanwar,1,0,,,,,,,,,
1280258,2021/22,2021-11-08,"ACA Stadium, Barsapara",2,1.6,Bengal,Services,AR Easwaran,Sudip Chatterjee,Nitin Tanwar,0,0,,,,,,,,,
1280258,2021/22,2021-11-08,"ACA Stadium, Barsapara",2,2.1,Bengal,Services,Sudip Chatterjee,AR Easwaran,Diwesh Pathania,0,0,,,,,,,,,
1280258,2021/22,2021-11-08,"ACA Stadium, Barsapara",2,2.2,Bengal,Services,Sudip Chatterjee,AR Easwaran,Diwesh Pathania,0,0,,,,,,,,,
1280258,2021/22,2021-11-08,"ACA Stadium, Barsapara",2,2.3,Bengal,Services,Sudip Chatterjee,AR Easwaran,Diwesh Pathania,4,0,,,,,,,,,
1280258,2021/22,2021-11-08,"ACA Stadium, Barsapara",2,2.4,Bengal,Services,Sudip Chatterjee,AR Easwaran,Diwesh Pathania,1,0,,,,,,,,,
1280258,2021/22,2021-11-08,"ACA Stadium, Barsapara",2,2.5,Bengal,Services,AR Easwaran,Sudip Chatterjee,Diwesh Pathania,1,0,,,,,,,,,
1280258,2021/22,2021-11-08,"ACA Stadium, Barsapara",2,2.6,Bengal,Services,Sudip Chatterjee,AR Easwaran,Diwesh Pathania,4,0,,,,,,,,,
1280258,2021/22,2021-11-08,"ACA Stadium, Barsapara",2,3.1,Bengal,Services,AR Easwaran,Sudip Chatterjee,Vikas Yadav,0,0,,,,,,,,,
1280258,2021/22,2021-11-08,"ACA Stadium, Barsapara",2,3.2,Bengal,Services,AR Easwaran,Sudip Chatterjee,Vikas Yadav,0,0,,,,,,,,,
1280258,2021/22,2021-11-08,"ACA Stadium, Barsapara",2,3.3,Bengal,Services,AR Easwaran,Sudip Chatterjee,Vikas Yadav,4,0,,,,,,,,,
1280258,2021/22,2021-11-08,"ACA Stadium, Barsapara",2,3.4,Bengal,Services,AR Easwaran,Sudip Chatterjee,Vikas Yadav,1,0,,,,,,,,,
1280258,2021/22,2021-11-08,"ACA Stadium, Barsapara",2,3.5,Bengal,Services,Sudip Chatterjee,AR Easwaran,Vikas Yadav,0,0,,,,,,,,,
1280258,2021/22,2021-11-08,"ACA Stadium, Barsapara",2,3.6,Bengal,Services,Sudip Chatterjee,AR Easwaran,Vikas Yadav,1,0,,,,,,,,,
1280258,2021/22,2021-11-08,"ACA Stadium, Barsapara",2,4.1,Bengal,Services,Sudip Chatterjee,AR Easwaran,Diwesh Pathania,4,0,,,,,,,,,
1280258,2021/22,2021-11-08,"ACA Stadium, Barsapara",2,4.2,Bengal,Services,Sudip Chatterjee,AR Easwaran,Diwesh Pathania,4,0,,,,,,,,,
1280258,2021/22,2021-11-08,"ACA Stadium, Barsapara",2,4.3,Bengal,Services,Sudip Chatterjee,AR Easwaran,Diwesh Pathania,0,0,,,,,,,,,
1280258,2021/22,2021-11-08,"ACA Stadium, Barsapara",2,4.4,Bengal,Services,Sudip Chatterjee,AR Easwaran,Diwesh Pathania,0,0,,,,,,,,,
1280258,2021/22,2021-11-08,"ACA Stadium, Barsapara",2,4.5,Bengal,Services,Sudip Chatterjee,AR Easwaran,Diwesh Pathania,2,0,,,,,,,,,
1280258,2021/22,2021-11-08,"ACA Stadium, Barsapara",2,4.6,Bengal,Services,Sudip Chatterjee,AR Easwaran,Diwesh Pathania,6,0,,,,,,,,,
1280258,2021/22,2021-11-08,"ACA Stadium, Barsapara",2,5.1,Bengal,Services,AR Easwaran,Sudip Chatterjee,Rahul Khajan Singh,0,0,,,,,,,,,
1280258,2021/22,2021-11-08,"ACA Stadium, Barsapara",2,5.2,Bengal,Services,AR Easwaran,Sudip Chatterjee,Rahul Khajan Singh,1,0,,,,,,,,,
1280258,2021/22,2021-11-08,"ACA Stadium, Barsapara",2,5.3,Bengal,Services,Sudip Chatterjee,AR Easwaran,Rahul Khajan Singh,0,0,,,,,,,,,
1280258,2021/22,2021-11-08,"ACA Stadium, Barsapara",2,5.4,Bengal,Services,Sudip Chatterjee,AR Easwaran,Rahul Khajan Singh,0,0,,,,,,,,,
1280258,2021/22,2021-11-08,"ACA Stadium, Barsapara",2,5.5,Bengal,Services,Sudip Chatterjee,AR Easwaran,Rahul Khajan Singh,1,0,,,,,,,,,
1280258,2021/22,2021-11-08,"ACA Stadium, Barsapara",2,5.6,Bengal,Services,AR Easwaran,Sudip Chatterjee,Rahul Khajan Singh,0,0,,,,,,,,,
1280258,2021/22,2021-11-08,"ACA Stadium, Barsapara",2,6.1,Bengal,Services,Sudip Chatterjee,AR Easwaran,Sachidanand Pandey,1,0,,,,,,,,,
1280258,2021/22,2021-11-08,"ACA Stadium, Barsapara",2,6.2,Bengal,Services,AR Easwaran,Sudip Chatterjee,Sachidanand Pandey,4,0,,,,,,,,,
1280258,2021/22,2021-11-08,"ACA Stadium, Barsapara",2,6.3,Bengal,Services,AR Easwaran,Sudip Chatterjee,Sachidanand Pandey,1,0,,,,,,,,,
1280258,2021/22,2021-11-08,"ACA Stadium, Barsapara",2,6.4,Bengal,Services,Sudip Chatterjee,AR Easwaran,Sachidanand Pandey,4,0,,,,,,,,,
1280258,2021/22,2021-11-08,"ACA Stadium, Barsapara",2,6.5,Bengal,Services,Sudip Chatterjee,AR Easwaran,Sachidanand Pandey,1,0,,,,,,,,,
1280258,2021/22,2021-11-08,"ACA Stadium, Barsapara",2,6.6,Bengal,Services,AR Easwaran,Sudip Chatterjee,Sachidanand Pandey,1,0,,,,,,,,,
1280258,2021/22,2021-11-08,"ACA Stadium, Barsapara",2,7.1,Bengal,Services,AR Easwaran,Sudip Chatterjee,Rahul Khajan Singh,4,0,,,,,,,,,
1280258,2021/22,2021-11-08,"ACA Stadium, Barsapara",2,7.2,Bengal,Services,AR Easwaran,Sudip Chatterjee,Rahul Khajan Singh,3,0,,,,,,,,,
1280258,2021/22,2021-11-08,"ACA Stadium, Barsapara",2,7.3,Bengal,Services,Sudip Chatterjee,AR Easwaran,Rahul Khajan Singh,0,0,,,,,,caught,Sudip Chatterjee,,
1280258,2021/22,2021-11-08,"ACA Stadium, Barsapara",2,7.4,Bengal,Services,AR Easwaran,Shahbaz Ahmed,Rahul Khajan Singh,0,0,,,,,,,,,
1280258,2021/22,2021-11-08,"ACA Stadium, Barsapara",2,7.5,Bengal,Services,AR Easwaran,Shahbaz Ahmed,Rahul Khajan Singh,1,0,,,,,,,,,
1280258,2021/22,2021-11-08,"ACA Stadium, Barsapara",2,7.6,Bengal,Services,Shahbaz Ahmed,AR Easwaran,Rahul Khajan Singh,0,0,,,,,,,,,
1280258,2021/22,2021-11-08,"ACA Stadium, Barsapara",2,8.1,Bengal,Services,AR Easwaran,Shahbaz Ahmed,Vikas Yadav,1,0,,,,,,,,,
1280258,2021/22,2021-11-08,"ACA Stadium, Barsapara",2,8.2,Bengal,Services,Shahbaz Ahmed,AR Easwaran,Vikas Yadav,1,0,,,,,,,,,
1280258,2021/22,2021-11-08,"ACA Stadium, Barsapara",2,8.3,Bengal,Services,AR Easwaran,Shahbaz Ahmed,Vikas Yadav,0,0,,,,,,,,,
1280258,2021/22,2021-11-08,"ACA Stadium, Barsapara",2,8.4,Bengal,Services,AR Easwaran,Shahbaz Ahmed,Vikas Yadav,1,0,,,,,,,,,
1280258,2021/22,2021-11-08,"ACA Stadium, Barsapara",2,8.5,Bengal,Services,Shahbaz Ahmed,AR Easwaran,Vikas Yadav,0,0,,,,,,,,,
1280258,2021/22,2021-11-08,"ACA Stadium, Barsapara",2,8.6,Bengal,Services,Shahbaz Ahmed,AR Easwaran,Vikas Yadav,4,0,,,,,,,,,
1280258,2021/22,2021-11-08,"ACA Stadium, Barsapara",2,9.1,Bengal,Services,AR Easwaran,Shahbaz Ahmed,Rahul Khajan Singh,1,0,,,,,,,,,
1280258,2021/22,2021-11-08,"ACA Stadium, Barsapara",2,9.2,Bengal,Services,Shahbaz Ahmed,AR Easwaran,Rahul Khajan Singh,1,0,,,,,,,,,
1280258,2021/22,2021-11-08,"ACA Stadium, Barsapara",2,9.3,Bengal,Services,AR Easwaran,Shahbaz Ahmed,Rahul Khajan Singh,1,0,,,,,,,,,
1280258,2021/22,2021-11-08,"ACA Stadium, Barsapara",2,9.4,Bengal,Services,Shahbaz Ahmed,AR Easwaran,Rahul Khajan Singh,0,0,,,,,,,,,
1280258,2021/22,2021-11-08,"ACA Stadium, Barsapara",2,9.5,Bengal,Services,Shahbaz Ahmed,AR Easwaran,Rahul Khajan Singh,1,0,,,,,,,,,
1280258,2021/22,2021-11-08,"ACA Stadium, Barsapara",2,9.6,Bengal,Services,AR Easwaran,Shahbaz Ahmed,Rahul Khajan Singh,1,0,,,,,,,,,
1280258,2021/22,2021-11-08,"ACA Stadium, Barsapara",2,10.1,Bengal,Services,AR Easwaran,Shahbaz Ahmed,Nitin Tanwar,4,0,,,,,,,,,
1280258,2021/22,2021-11-08,"ACA Stadium, Barsapara",2,10.2,Bengal,Services,AR Easwaran,Shahbaz Ahmed,Nitin Tanwar,1,0,,,,,,,,,
1280258,2021/22,2021-11-08,"ACA Stadium, Barsapara",2,10.3,Bengal,Services,Shahbaz Ahmed,AR Easwaran,Nitin Tanwar,1,0,,,,,,,,,
1280258,2021/22,2021-11-08,"ACA Stadium, Barsapara",2,10.4,Bengal,Services,AR Easwaran,Shahbaz Ahmed,Nitin Tanwar,0,0,,,,,,,,,
1280258,2021/22,2021-11-08,"ACA Stadium, Barsapara",2,10.5,Bengal,Services,AR Easwaran,Shahbaz Ahmed,Nitin Tanwar,1,0,,,,,,,,,
