match_id,season,start_date,venue,innings,ball,batting_team,bowling_team,striker,non_striker,bowler,runs_off_bat,extras,wides,noballs,byes,legbyes,penalty,wicket_type,player_dismissed,other_wicket_type,other_player_dismissed
1280259,2021/22,2021-11-08,"ACA Stadium, Barsapara",1,0.1,Baroda,Karnataka,KH Devdhar,Vishnu Solanki,M Prasidh Krishna,4,0,,,,,,,,,
1280259,2021/22,2021-11-08,"ACA Stadium, Barsapara",1,0.2,Baroda,Karnataka,KH Devdhar,Vishnu Solanki,M Prasidh Krishna,4,0,,,,,,,,,
1280259,2021/22,2021-11-08,"ACA Stadium, Barsapara",1,0.3,Baroda,Karnataka,KH Devdhar,Vishnu Solanki,M Prasidh Krishna,0,0,,,,,,,,,
1280259,2021/22,2021-11-08,"ACA Stadium, Barsapara",1,0.4,Baroda,Karnataka,KH Devdhar,Vishnu Solanki,M Prasidh Krishna,0,0,,,,,,,,,
1280259,2021/22,2021-11-08,"ACA Stadium, Barsapara",1,0.5,Baroda,Karnataka,KH Devdhar,Vishnu Solanki,M Prasidh Krishna,0,0,,,,,,,,,
1280259,2021/22,2021-11-08,"ACA Stadium, Barsapara",1,0.6,Baroda,Karnataka,KH Devdhar,Vishnu Solanki,M Prasidh Krishna,1,0,,,,,,,,,
1280259,2021/22,2021-11-08,"ACA Stadium, Barsapara",1,1.1,Baroda,Karnataka,KH Devdhar,Vishnu Solanki,Vijaykumar Vyshak,1,0,,,,,,,,,
1280259,2021/22,2021-11-08,"ACA Stadium, Barsapara",1,1.2,Baroda,Karnataka,Vishnu Solanki,KH Devdhar,Vijaykumar Vyshak,1,0,,,,,,,,,
1280259,2021/22,2021-11-08,"ACA Stadium, Barsapara",1,1.3,Baroda,Karnataka,KH Devdhar,Vishnu Solanki,Vijaykumar Vyshak,4,0,,,,,,,,,
1280259,2021/22,2021-11-08,"ACA Stadium, Barsapara",1,1.4,Baroda,Karnataka,KH Devdhar,Vishnu Solanki,Vijaykumar Vyshak,1,0,,,,,,,,,
1280259,2021/22,2021-11-08,"ACA Stadium, Barsapara",1,1.5,Baroda,Karnataka,Vishnu Solanki,KH Devdhar,Vijaykumar Vyshak,0,0,,,,,,,,,
1280259,2021/22,2021-11-08,"ACA Stadium, Barsapara",1,1.6,Baroda,Karnataka,Vishnu Solanki,KH Devdhar,Vijaykumar Vyshak,1,0,,,,,,,,,
1280259,2021/22,2021-11-08,"ACA Stadium, Barsapara",1,2.1,Baroda,Karnataka,Vishnu Solanki,KH Devdhar,J Suchith,0,0,,,,,,,,,
1280259,2021/22,2021-11-08,"ACA Stadium, Barsapara",1,2.2,Baroda,Karnataka,Vishnu Solanki,KH Devdhar,J Suchith,0,1,,,,1,,,,,
1280259,2021/22,2021-11-08,"ACA Stadium, Barsapara",1,2.3,Baroda,Karnataka,KH Devdhar,Vishnu Solanki,J Suchith,0,0,,,,,,,,,
1280259,2021/22,2021-11-08,"ACA Stadium, Barsapara",1,2.4,Baroda,Karnataka,KH Devdhar,Vishnu Solanki,J Suchith,0,0,,,,,,caught,KH Devdhar,,
1280259,2021/22,2021-11-08,"ACA Stadium, Barsapara",1,2.5,Baroda,Karnataka,Vishnu Solanki,Dhruv Patel,J Suchith,0,1,1,,,,,,,,
1280259,2021/22,2021-11-08,"ACA Stadium, Barsapara",1,2.6,Baroda,Karnataka,Vishnu Solanki,Dhruv Patel,J Suchith,1,0,,,,,,,,,
1280259,2021/22,2021-11-08,"ACA Stadium, Barsapara",1,2.7,Baroda,Karnataka,Dhruv Patel,Vishnu Solanki,J Suchith,0,0,,,,,,,,,
1280259,2021/22,2021-11-08,"ACA Stadium, Barsapara",1,3.1,Baroda,Karnataka,Vishnu Solanki,Dhruv Patel,KC Cariappa,4,0,,,,,,,,,
1280259,2021/22,2021-11-08,"ACA Stadium, Barsapara",1,3.2,Baroda,Karnataka,Vishnu Solanki,Dhruv Patel,KC Cariappa,1,0,,,,,,,,,
1280259,2021/22,2021-11-08,"ACA Stadium, Barsapara",1,3.3,Baroda,Karnataka,Dhruv Patel,Vishnu Solanki,KC Cariappa,0,0,,,,,,,,,
1280259,2021/22,2021-11-08,"ACA Stadium, Barsapara",1,3.4,Baroda,Karnataka,Dhruv Patel,Vishnu Solanki,KC Cariappa,1,0,,,,,,,,,
1280259,2021/22,2021-11-08,"ACA Stadium, Barsapara",1,3.5,Baroda,Karnataka,Vishnu Solanki,Dhruv Patel,KC Cariappa,1,0,,,,,,,,,
1280259,2021/22,2021-11-08,"ACA Stadium, Barsapara",1,3.6,Baroda,Karnataka,Dhruv Patel,Vishnu Solanki,KC Cariappa,1,0,,,,,,,,,
1280259,2021/22,2021-11-08,"ACA Stadium, Barsapara",1,4.1,Baroda,Karnataka,Dhruv Patel,Vishnu Solanki,J Suchith,0,0,,,,,,,,,
1280259,2021/22,2021-11-08,"ACA Stadium, Barsapara",1,4.2,Baroda,Karnataka,Dhruv Patel,Vishnu Solanki,J Suchith,4,0,,,,,,,,,
1280259,2021/22,2021-11-08,"ACA Stadium, Barsapara",1,4.3,Baroda,Karnataka,Dhruv Patel,Vishnu Solanki,J Suchith,2,0,,,,,,,,,
1280259,2021/22,2021-11-08,"ACA Stadium, Barsapara",1,4.4,Baroda,Karnataka,Dhruv Patel,Vishnu Solanki,J Suchith,6,0,,,,,,,,,
1280259,2021/22,2021-11-08,"ACA Stadium, Barsapara",1,4.5,Baroda,Karnataka,Dhruv Patel,Vishnu Solanki,J Suchith,1,0,,,,,,,,,
1280259,2021/22,2021-11-08,"ACA Stadium, Barsapara",1,4.6,Baroda,Karnataka,Vishnu Solanki,Dhruv Patel,J Suchith,1,0,,,,,,,,,
1280259,2021/22,2021-11-08,"ACA Stadium, Barsapara",1,5.1,Baroda,Karnataka,Vishnu Solanki,Dhruv Patel,KC Cariappa,0,0,,,,,,,,,
1280259,2021/22,2021-11-08,"ACA Stadium, Barsapara",1,5.2,Baroda,Karnataka,Vishnu Solanki,Dhruv Patel,KC Cariappa,0,0,,,,,,,,,
1280259,2021/22,2021-11-08,"ACA Stadium, Barsapara",1,5.3,Baroda,Karnataka,Vishnu Solanki,Dhruv Patel,KC Cariappa,1,0,,,,,,,,,
1280259,2021/22,2021-11-08,"ACA Stadium, Barsapara",1,5.4,Baroda,Karnataka,Dhruv Patel,Vishnu Solanki,KC Cariappa,4,0,,,,,,,,,
1280259,2021/22,2021-11-08,"ACA Stadium, Barsapara",1,5.5,Baroda,Karnataka,Dhruv Patel,Vishnu Solanki,KC Cariappa,1,0,,,,,,,,,
1280259,2021/22,2021-11-08,"ACA Stadium, Barsapara",1,5.6,Baroda,Karnataka,Vishnu Solanki,Dhruv Patel,KC Cariappa,1,0,,,,,,,,,
1280259,2021/22,2021-11-08,"ACA Stadium, Barsapara",1,6.1,Baroda,Karnataka,Vishnu Solanki,Dhruv Patel,M Prasidh Krishna,0,0,,,,,,,,,
1280259,2021/22,2021-11-08,"ACA Stadium, Barsapara",1,6.2,Baroda,Karnataka,Vishnu Solanki,Dhruv Patel,M Prasidh Krishna,0,0,,,,,,,,,
1280259,2021/22,2021-11-08,"ACA Stadium, Barsapara",1,6.3,Baroda,Karnataka,Vishnu Solanki,Dhruv Patel,M Prasidh Krishna,1,0,,,,,,,,,
1280259,2021/22,2021-11-08,"ACA Stadium, Barsapara",1,6.4,Baroda,Karnataka,Dhruv Patel,Vishnu Solanki,M Prasidh Krishna,0,0,,,,,,,,,
1280259,2021/22,2021-11-08,"ACA Stadium, Barsapara",1,6.5,Baroda,Karnataka,Dhruv Patel,Vishnu Solanki,M Prasidh Krishna,0,0,,,,,,,,,
1280259,2021/22,2021-11-08,"ACA Stadium, Barsapara",1,6.6,Baroda,Karnataka,Dhruv Patel,Vishnu Solanki,M Prasidh Krishna,1,0,,,,,,,,,
1280259,2021/22,2021-11-08,"ACA Stadium, Barsapara",1,7.1,Baroda,Karnataka,Dhruv Patel,Vishnu Solanki,Vijaykumar Vyshak,2,0,,,,,,,,,
1280259,2021/22,2021-11-08,"ACA Stadium, Barsapara",1,7.2,Baroda,Karnataka,Dhruv Patel,Vishnu Solanki,Vijaykumar Vyshak,0,0,,,,,,caught,Dhruv Patel,,
1280259,2021/22,2021-11-08,"ACA Stadium, Barsapara",1,7.3,Baroda,Karnataka,KH Pandya,Vishnu Solanki,Vijaykumar Vyshak,0,1,1,,,,,,,,
1280259,2021/22,2021-11-08,"ACA Stadium, Barsapara",1,7.4,Baroda,Karnataka,KH Pandya,Vishnu Solanki,Vijaykumar Vyshak,3,0,,,,,,,,,
1280259,2021/22,2021-11-08,"ACA Stadium, Barsapara",1,7.5,Baroda,Karnataka,Vishnu Solanki,KH Pandya,Vijaykumar Vyshak,1,0,,,,,,,,,
1280259,2021/22,2021-11-08,"ACA Stadium, Barsapara",1,7.6,Baroda,Karnataka,KH Pandya,Vishnu Solanki,Vijaykumar Vyshak,0,0,,,,,,,,,
1280259,2021/22,2021-11-08,"ACA Stadium, Barsapara",1,7.7,Baroda,Karnataka,KH Pandya,Vishnu Solanki,Vijaykumar Vyshak,4,0,,,,,,,,,
1280259,2021/22,2021-11-08,"ACA Stadium, Barsapara",1,8.1,Baroda,Karnataka,Vishnu Solanki,KH Pandya,K Gowtham,1,0,,,,,,,,,
1280259,2021/22,2021-11-08,"ACA Stadium, Barsapara",1,8.2,Baroda,Karnataka,KH Pandya,Vishnu Solanki,K Gowtham,0,0,,,,,,caught and bowled,KH Pandya,,
1280259,2021/22,2021-11-08,"ACA Stadium, Barsapara",1,8.3,Baroda,Karnataka,Bhanu Pania,Vishnu Solanki,K Gowtham,0,0,,,,,,,,,
1280259,2021/22,2021-11-08,"ACA Stadium, Barsapara",1,8.4,Baroda,Karnataka,Bhanu Pania,Vishnu Solanki,K Gowtham,0,0,,,,,,,,,
1280259,2021/22,2021-11-08,"ACA Stadium, Barsapara",1,8.5,Baroda,Karnataka,Bhanu Pania,Vishnu Solanki,K Gowtham,0,0,,,,,,,,,
1280259,2021/22,2021-11-08,"ACA Stadium, Barsapara",1,8.6,Baroda,Karnataka,Bhanu Pania,Vishnu Solanki,K Gowtham,1,0,,,,,,,,,
1280259,2021/22,2021-11-08,"ACA Stadium, Barsapara",1,9.1,Baroda,Karnataka,Bhanu Pania,Vishnu Solanki,J Suchith,0,0,,,,,,,,,
1280259,2021/22,2021-11-08,"ACA Stadium, Barsapara",1,9.2,Baroda,Karnataka,Bhanu Pania,Vishnu Solanki,J Suchith,1,0,,,,,,,,,
1280259,2021/22,2021-11-08,"ACA Stadium, Barsapara",1,9.3,Baroda,Karnataka,Vishnu Solanki,Bhanu Pania,J Suchith,1,0,,,,,,,,,
1280259,2021/22,2021-11-08,"ACA Stadium, Barsapara",1,9.4,Baroda,Karnataka,Bhanu Pania,Vishnu Solanki,J Suchith,0,0,,,,,,,,,
1280259,2021/22,2021-11-08,"ACA Stadium, Barsapara",1,9.5,Baroda,Karnataka,Bhanu Pania,Vishnu Solanki,J Suchith,1,0,,,,,,,,,
1280259,2021/22,2021-11-08,"ACA Stadium, Barsapara",1,9.6,Baroda,Karnataka,Vishnu Solanki,Bhanu Pania,J Suchith,1,0,,,,,,,,,
1280259,2021/22,2021-11-08,"ACA Stadium, Barsapara",1,10.1,Baroda,Karnataka,Vishnu Solanki,Bhanu Pania,K Gowtham,0,0,,,,,,,,,
1280259,2021/22,2021-11-08,"ACA Stadium, Barsapara",1,10.2,Baroda,Karnataka,Vishnu Solanki,Bhanu Pania,K Gowtham,0,0,,,,,,,,,
1280259,2021/22,2021-11-08,"ACA Stadium, Barsapara",1,10.3,Baroda,Karnataka,Vishnu Solanki,Bhanu Pania,K Gowtham,0,0,,,,,,caught,Vishnu Solanki,,
1280259,2021/22,2021-11-08,"ACA Stadium, Barsapara",1,10.4,Baroda,Karnataka,Parth Kohli,Bhanu Pania,K Gowtham,1,0,,,,,,,,,
1280259,2021/22,2021-11-08,"ACA Stadium, Barsapara",1,10.5,Baroda,Karnataka,Bhanu Pania,Parth Kohli,K Gowtham,0,0,,,,,,,,,
1280259,2021/22,2021-11-08,"ACA Stadium, Barsapara",1,10.6,Baroda,Karnataka,Bhanu Pania,Parth Kohli,K Gowtham,0,0,,,,,,,,,
1280259,2021/22,2021-11-08,"ACA Stadium, Barsapara",1,11.1,Baroda,Karnataka,Parth Kohli,Bhanu Pania,J Suchith,1,0,,,,,,,,,
1280259,2021/22,2021-11-08,"ACA Stadium, Barsapara",1,11.2,Baroda,Karnataka,Bhanu Pania,Parth Kohli,J Suchith,1,0,,,,,,,,,
1280259,2021/22,2021-11-08,"ACA Stadium, Barsapara",1,11.3,Baroda,Karnataka,Parth Kohli,Bhanu Pania,J Suchith,1,0,,,,,,,,,
1280259,2021/22,2021-11-08,"ACA Stadium, Barsapara",1,11.4,Baroda,Karnataka,Bhanu Pania,Parth Kohli,J Suchith,1,0,,,,,,,,,
1280259,2021/22,2021-11-08,"ACA Stadium, Barsapara",1,11.5,Baroda,Karnataka,Parth Kohli,Bhanu Pania,J Suchith,1,0,,,,,,,,,
1280259,2021/22,2021-11-08,"ACA Stadium, Barsapara",1,11.6,Baroda,Karnataka,Bhanu Pania,Parth Kohli,J Suchith,1,0,,,,,,,,,
1280259,2021/22,2021-11-08,"ACA Stadium, Barsapara",1,12.1,Baroda,Karnataka,Bhanu Pania,Parth Kohli,K Gowtham,1,0,,,,,,,,,
1280259,2021/22,2021-11-08,"ACA Stadium, Barsapara",1,12.2,Baroda,Karnataka,Parth Kohli,Bhanu Pania,K Gowtham,0,1,1,,,,,,,,
1280259,2021/22,2021-11-08,"ACA Stadium, Barsapara",1,12.3,Baroda,Karnataka,Parth Kohli,Bhanu Pania,K Gowtham,1,0,,,,,,,,,
1280259,2021/22,2021-11-08,"ACA Stadium, Barsapara",1,12.4,Baroda,Karnataka,Bhanu Pania,Parth Kohli,K Gowtham,1,0,,,,,,,,,
1280259,2021/22,2021-11-08,"ACA Stadium, Barsapara",1,12.5,Baroda,Karnataka,Parth Kohli,Bhanu Pania,K Gowtham,1,0,,,,,,,,,
1280259,2021/22,2021-11-08,"ACA Stadium, Barsapara",1,12.6,Baroda,Karnataka,Bhanu Pania,Parth Kohli,K Gowtham,1,0,,,,,,,,,
1280259,2021/22,2021-11-08,"ACA Stadium, Barsapara",1,12.7,Baroda,Karnataka,Parth Kohli,Bhanu Pania,K Gowtham,0,0,,,,,,,,,
1280259,2021/22,2021-11-08,"ACA Stadium, Barsapara",1,13.1,Baroda,Karnataka,Bhanu Pania,Parth Kohli,KC Cariappa,0,0,,,,,,,,,
1280259,2021/22,2021-11-08,"ACA Stadium, Barsapara",1,13.2,Baroda,Karnataka,Bhanu Pania,Parth Kohli,KC Cariappa,0,0,,,,,,,,,
1280259,2021/22,2021-11-08,"ACA Stadium, Barsapara",1,13.3,Baroda,Karnataka,Bhanu Pania,Parth Kohli,KC Cariappa,1,0,,,,,,,,,
1280259,2021/22,2021-11-08,"ACA Stadium, Barsapara",1,13.4,Baroda,Karnataka,Parth Kohli,Bhanu Pania,KC Cariappa,0,0,,,,,,,,,
1280259,2021/22,2021-11-08,"ACA Stadium, Barsapara",1,13.5,Baroda,Karnataka,Parth Kohli,Bhanu Pania,KC Cariappa,0,0,,,,,,,,,
1280259,2021/22,2021-11-08,"ACA Stadium, Barsapara",1,13.6,Baroda,Karnataka,Parth Kohli,Bhanu Pania,KC Cariappa,1,0,,,,,,,,,
1280259,2021/22,2021-11-08,"ACA Stadium, Barsapara",1,14.1,Baroda,Karnataka,Parth Kohli,Bhanu Pania,K Gowtham,1,0,,,,,,,,,
1280259,2021/22,2021-11-08,"ACA Stadium, Barsapara",1,14.2,Baroda,Karnataka,Bhanu Pania,Parth Kohli,K Gowtham,0,0,,,,,,,,,
1280259,2021/22,2021-11-08,"ACA Stadium, Barsapara",1,14.3,Baroda,Karnataka,Bhanu Pania,Parth Kohli,K Gowtham,0,0,,,,,,,,,
1280259,2021/22,2021-11-08,"ACA Stadium, Barsapara",1,14.4,Baroda,Karnataka,Bhanu Pania,Parth Kohli,K Gowtham,6,0,,,,,,,,,
1280259,2021/22,2021-11-08,"ACA Stadium, Barsapara",1,14.5,Baroda,Karnataka,Bhanu Pania,Parth Kohli,K Gowtham,1,0,,,,,,,,,
1280259,2021/22,2021-11-08,"ACA Stadium, Barsapara",1,14.6,Baroda,Karnataka,Parth Kohli,Bhanu Pania,K Gowtham,0,0,,,,,,,,,
1280259,2021/22,2021-11-08,"ACA Stadium, Barsapara",1,15.1,Baroda,Karnataka,Bhanu Pania,Parth Kohli,KC Cariappa,2,0,,,,,,,,,
1280259,2021/22,2021-11-08,"ACA Stadium, Barsapara",1,15.2,Baroda,Karnataka,Bhanu Pania,Parth Kohli,KC Cariappa,0,0,,,,,,,,,
1280259,2021/22,2021-11-08,"ACA Stadium, Barsapara",1,15.3,Baroda,Karnataka,Bhanu Pania,Parth Kohli,KC Cariappa,0,0,,,,,,,,,
1280259,2021/22,2021-11-08,"ACA Stadium, Barsapara",1,15.4,Baroda,Karnataka,Bhanu Pania,Parth Kohli,KC Cariappa,1,0,,,,,,,,,
1280259,2021/22,2021-11-08,"ACA Stadium, Barsapara",1,15.5,Baroda,Karnataka,Parth Kohli,Bhanu Pania,KC Cariappa,6,0,,,,,,,,,
1280259,2021/22,2021-11-08,"ACA Stadium, Barsapara",1,15.6,Baroda,Karnataka,Parth Kohli,Bhanu Pania,KC Cariappa,0,0,,,,,,,,,
1280259,2021/22,2021-11-08,"ACA Stadium, Barsapara",1,16.1,Baroda,Karnataka,Bhanu Pania,Parth Kohli,M Prasidh Krishna,0,0,,,,,,,,,
1280259,2021/22,2021-11-08,"ACA Stadium, Barsapara",1,16.2,Baroda,Karnataka,Bhanu Pania,Parth Kohli,M Prasidh Krishna,4,0,,,,,,,,,
1280259,2021/22,2021-11-08,"ACA Stadium, Barsapara",1,16.3,Baroda,Karnataka,Bhanu Pania,Parth Kohli,M Prasidh Krishna,1,0,,,,,,,,,
1280259,2021/22,2021-11-08,"ACA Stadium, Barsapara",1,16.4,Baroda,Karnataka,Parth Kohli,Bhanu Pania,M Prasidh Krishna,1,0,,,,,,,,,
1280259,2021/22,2021-11-08,"ACA Stadium, Barsapara",1,16.5,Baroda,Karnataka,Bhanu Pania,Parth Kohli,M Prasidh Krishna,0,1,,,1,,,,,,
1280259,2021/22,2021-11-08,"ACA Stadium, Barsapara",1,16.6,Baroda,Karnataka,Parth Kohli,Bhanu Pania,M Prasidh Krishna,1,0,,,,,,,,,
1280259,2021/22,2021-11-08,"ACA Stadium, Barsapara",1,17.1,Baroda,Karnataka,Parth Kohli,Bhanu Pania,Vijaykumar Vyshak,1,0,,,,,,,,,
1280259,2021/22,2021-11-08,"ACA Stadium, Barsapara",1,17.2,Baroda,Karnataka,Bhanu Pania,Parth Kohli,Vijaykumar Vyshak,1,0,,,,,,,,,
1280259,2021/22,2021-11-08,"ACA Stadium, Barsapara",1,17.3,Baroda,Karnataka,Parth Kohli,Bhanu Pania,Vijaykumar Vyshak,2,0,,,,,,,,,
1280259,2021/22,2021-11-08,"ACA Stadium, Barsapara",1,17.4,Baroda,Karnataka,Parth Kohli,Bhanu Pania,Vijaykumar Vyshak,1,0,,,,,,,,,
1280259,2021/22,2021-11-08,"ACA Stadium, Barsapara",1,17.5,Baroda,Karnataka,Bhanu Pania,Parth Kohli,Vijaykumar Vyshak,1,0,,,,,,,,,
1280259,2021/22,2021-11-08,"ACA Stadium, Barsapara",1,17.6,Baroda,Karnataka,Parth Kohli,Bhanu Pania,Vijaykumar Vyshak,4,0,,,,,,,,,
1280259,2021/22,2021-11-08,"ACA Stadium, Barsapara",1,18.1,Baroda,Karnataka,Bhanu Pania,Parth Kohli,M Prasidh Krishna,1,0,,,,,,,,,
1280259,2021/22,2021-11-08,"ACA Stadium, Barsapara",1,18.2,Baroda,Karnataka,Parth Kohli,Bhanu Pania,M Prasidh Krishna,0,0,,,,,,caught,Parth Kohli,,
1280259,2021/22,2021-11-08,"ACA Stadium, Barsapara",1,18.3,Baroda,Karnataka,A Sheth,Bhanu Pania,M Prasidh Krishna,1,0,,,,,,,,,
1280259,2021/22,2021-11-08,"ACA Stadium, Barsapara",1,18.4,Baroda,Karnataka,Bhanu Pania,A Sheth,M Prasidh Krishna,6,0,,,,,,,,,
1280259,2021/22,2021-11-08,"ACA Stadium, Barsapara",1,18.5,Baroda,Karnataka,Bhanu Pania,A Sheth,M Prasidh Krishna,2,0,,,,,,,,,
1280259,2021/22,2021-11-08,"ACA Stadium, Barsapara",1,18.6,Baroda,Karnataka,Bhanu Pania,A Sheth,M Prasidh Krishna,0,0,,,,,,,,,
1280259,2021/22,2021-11-08,"ACA Stadium, Barsapara",1,19.1,Baroda,Karnataka,A Sheth,Bhanu Pania,Vijaykumar Vyshak,0,0,,,,,,,,,
1280259,2021/22,2021-11-08,"ACA Stadium, Barsapara",1,19.2,Baroda,Karnataka,A Sheth,Bhanu Pania,Vijaykumar Vyshak,1,0,,,,,,,,,
1280259,2021/22,2021-11-08,"ACA Stadium, Barsapara",1,19.3,Baroda,Karnataka,Bhanu Pania,A Sheth,Vijaykumar Vyshak,0,1,,,,1,,,,,
1280259,2021/22,2021-11-08,"ACA Stadium, Barsapara",1,19.4,Baroda,Karnataka,A Sheth,Bhanu Pania,Vijaykumar Vyshak,4,0,,,,,,,,,
1280259,2021/22,2021-11-08,"ACA Stadium, Barsapara",1,19.5,Baroda,Karnataka,A Sheth,Bhanu Pania,Vijaykumar Vyshak,0,0,,,,,,run out,Bhanu Pania,,
1280259,2021/22,2021-11-08,"ACA Stadium, Barsapara",1,19.6,Baroda,Karnataka,KR Kakade,A Sheth,Vijaykumar Vyshak,0,0,,,,,,caught,KR Kakade,,
1280259,2021/22,2021-11-08,"ACA Stadium, Barsapara",2,0.1,Karnataka,Baroda,MA Agarwal,D Padikkal,KH Pandya,0,0,,,,,,,,,
1280259,2021/22,2021-11-08,"ACA Stadium, Barsapara",2,0.2,Karnataka,Baroda,MA Agarwal,D Padikkal,KH Pandya,0,0,,,,,,,,,
1280259,2021/22,2021-11-08,"ACA Stadium, Barsapara",2,0.3,Karnataka,Baroda,MA Agarwal,D Padikkal,KH Pandya,1,0,,,,,,,,,
1280259,2021/22,2021-11-08,"ACA Stadium, Barsapara",2,0.4,Karnataka,Baroda,D Padikkal,MA Agarwal,KH Pandya,4,0,,,,,,,,,
1280259,2021/22,2021-11-08,"ACA Stadium, Barsapara",2,0.5,Karnataka,Baroda,D Padikkal,MA Agarwal,KH Pandya,1,0,,,,,,,,,
1280259,2021/22,2021-11-08,"ACA Stadium, Barsapara",2,0.6,Karnataka,Baroda,MA Agarwal,D Padikkal,KH Pandya,0,1,1,,,,,,,,
1280259,2021/22,2021-11-08,"ACA Stadium, Barsapara",2,0.7,Karnataka,Baroda,MA Agarwal,D Padikkal,KH Pandya,2,0,,,,,,,,,
1280259,2021/22,2021-11-08,"ACA Stadium, Barsapara",2,1.1,Karnataka,Baroda,D Padikkal,MA Agarwal,KR Kakade,1,0,,,,,,,,,
1280259,2021/22,2021-11-08,"ACA Stadium, Barsapara",2,1.2,Karnataka,Baroda,MA Agarwal,D Padikkal,KR Kakade,1,0,,,,,,,,,
1280259,2021/22,2021-11-08,"ACA Stadium, Barsapara",2,1.3,Karnataka,Baroda,D Padikkal,MA Agarwal,KR Kakade,0,0,,,,,,,,,
1280259,2021/22,2021-11-08,"ACA Stadium, Barsapara",2,1.4,Karnataka,Baroda,D Padikkal,MA Agarwal,KR Kakade,4,0,,,,,,,,,
1280259,2021/22,2021-11-08,"ACA Stadium, Barsapara",2,1.5,Karnataka,Baroda,D Padikkal,MA Agarwal,KR Kakade,0,0,,,,,,,,,
1280259,2021/22,2021-11-08,"ACA Stadium, Barsapara",2,1.6,Karnataka,Baroda,D Padikkal,MA Agarwal,KR Kakade,4,0,,,,,,,,,
1280259,2021/22,2021-11-08,"ACA Stadium, Barsapara",2,2.1,Karnataka,Baroda,MA Agarwal,D Padikkal,LI Meriwala,0,0,,,,,,,,,
1280259,2021/22,2021-11-08,"ACA Stadium, Barsapara",2,2.2,Karnataka,Baroda,MA Agarwal,D Padikkal,LI Meriwala,0,0,,,,,,,,,
1280259,2021/22,2021-11-08,"ACA Stadium, Barsapara",2,2.3,Karnataka,Baroda,MA Agarwal,D Padikkal,LI Meriwala,4,0,,,,,,,,,
1280259,2021/22,2021-11-08,"ACA Stadium, Barsapara",2,2.4,Karnataka,Baroda,MA Agarwal,D Padikkal,LI Meriwala,4,0,,,,,,,,,
1280259,2021/22,2021-11-08,"ACA Stadium, Barsapara",2,2.5,Karnataka,Baroda,MA Agarwal,D Padikkal,LI Meriwala,0,0,,,,,,,,,
1280259,2021/22,2021-11-08,"ACA Stadium, Barsapara",2,2.6,Karnataka,Baroda,MA Agarwal,D Padikkal,LI Meriwala,0,0,,,,,,,,,
1280259,2021/22,2021-11-08,"ACA Stadium, Barsapara",2,3.1,Karnataka,Baroda,D Padikkal,MA Agarwal,A Sheth,1,0,,,,,,,,,
1280259,2021/22,2021-11-08,"ACA Stadium, Barsapara",2,3.2,Karnataka,Baroda,MA Agarwal,D Padikkal,A Sheth,4,0,,,,,,,,,
1280259,2021/22,2021-11-08,"ACA Stadium, Barsapara",2,3.3,Karnataka,Baroda,MA Agarwal,D Padikkal,A Sheth,1,0,,,,,,,,,
1280259,2021/22,2021-11-08,"ACA Stadium, Barsapara",2,3.4,Karnataka,Baroda,D Padikkal,MA Agarwal,A Sheth,0,0,,,,,,,,,
1280259,2021/22,2021-11-08,"ACA Stadium, Barsapara",2,3.5,Karnataka,Baroda,D Padikkal,MA Agarwal,A Sheth,4,0,,,,,,,,,
1280259,2021/22,2021-11-08,"ACA Stadium, Barsapara",2,3.6,Karnataka,Baroda,D Padikkal,MA Agarwal,A Sheth,1,0,,,,,,,,,
1280259,2021/22,2021-11-08,"ACA Stadium, Barsapara",2,4.1,Karnataka,Baroda,D Padikkal,MA Agarwal,KR Kakade,0,0,,,,,,,,,
1280259,2021/22,2021-11-08,"ACA Stadium, Barsapara",2,4.2,Karnataka,Baroda,D Padikkal,MA Agarwal,KR Kakade,0,0,,,,,,,,,
1280259,2021/22,2021-11-08,"ACA Stadium, Barsapara",2,4.3,Karnataka,Baroda,D Padikkal,MA Agarwal,KR Kakade,1,0,,,,,,,,,
1280259,2021/22,2021-11-08,"ACA Stadium, Barsapara",2,4.4,Karnataka,Baroda,MA Agarwal,D Padikkal,KR Kakade,1,0,,,,,,,,,
1280259,2021/22,2021-11-08,"ACA Stadium, Barsapara",2,4.5,Karnataka,Baroda,D Padikkal,MA Agarwal,KR Kakade,1,0,,,,,,,,,
1280259,2021/22,2021-11-08,"ACA Stadium, Barsapara",2,4.6,Karnataka,Baroda,MA Agarwal,D Padikkal,KR Kakade,1,0,,,,,,,,,
1280259,2021/22,2021-11-08,"ACA Stadium, Barsapara",2,5.1,Karnataka,Baroda,MA Agarwal,D Padikkal,NA Rathva,1,0,,,,,,,,,
1280259,2021/22,2021-11-08,"ACA Stadium, Barsapara",2,5.2,Karnataka,Baroda,D Padikkal,MA Agarwal,NA Rathva,1,0,,,,,,,,,
1280259,2021/22,2021-11-08,"ACA Stadium, Barsapara",2,5.3,Karnataka,Baroda,MA Agarwal,D Padikkal,NA Rathva,0,0,,,,,,,,,
1280259,2021/22,2021-11-08,"ACA Stadium, Barsapara",2,5.4,Karnataka,Baroda,MA Agarwal,D Padikkal,NA Rathva,1,0,,,,,,,,,
1280259,2021/22,2021-11-08,"ACA Stadium, Barsapara",2,5.5,Karnataka,Baroda,D Padikkal,MA Agarwal,NA Rathva,0,0,,,,,,,,,
1280259,2021/22,2021-11-08,"ACA Stadium, Barsapara",2,5.6,Karnataka,Baroda,D Padikkal,MA Agarwal,NA Rathva,1,0,,,,,,,,,
1280259,2021/22,2021-11-08,"ACA Stadium, Barsapara",2,6.1,Karnataka,Baroda,D Padikkal,MA Agarwal,KR Kakade,2,0,,,,,,,,,
1280259,2021/22,2021-11-08,"ACA Stadium, Barsapara",2,6.2,Karnataka,Baroda,D Padikkal,MA Agarwal,KR Kakade,4,0,,,,,,,,,
1280259,2021/22,2021-11-08,"ACA Stadium, Barsapara",2,6.3,Karnataka,Baroda,D Padikkal,MA Agarwal,KR Kakade,0,0,,,,,,,,,
1280259,2021/22,2021-11-08,"ACA Stadium, Barsapara",2,6.4,Karnataka,Baroda,D Padikkal,MA Agarwal,KR Kakade,2,0,,,,,,,,,
1280259,2021/22,2021-11-08,"ACA Stadium, Barsapara",2,6.5,Karnataka,Baroda,D Padikkal,MA Agarwal,KR Kakade,1,0,,,,,,,,,
1280259,2021/22,2021-11-08,"ACA Stadium, Barsapara",2,6.6,Karnataka,Baroda,MA Agarwal,D Padikkal,KR Kakade,1,0,,,,,,,,,
1280259,2021/22,2021-11-08,"ACA Stadium, Barsapara",2,7.1,Karnataka,Baroda,MA Agarwal,D Padikkal,NA Rathva,0,0,,,,,,,,,
1280259,2021/22,2021-11-08,"ACA Stadium, Barsapara",2,7.2,Karnataka,Baroda,MA Agarwal,D Padikkal,NA Rathva,0,0,,,,,,,,,
1280259,2021/22,2021-11-08,"ACA Stadium, Barsapara",2,7.3,Karnataka,Baroda,MA Agarwal,D Padikkal,NA Rathva,1,0,,,,,,,,,
1280259,2021/22,2021-11-08,"ACA Stadium, Barsapara",2,7.4,Karnataka,Baroda,D Padikkal,MA Agarwal,NA Rathva,0,0,,,,,,,,,
1280259,2021/22,2021-11-08,"ACA Stadium, Barsapara",2,7.5,Karnataka,Baroda,D Padikkal,MA Agarwal,NA Rathva,0,0,,,,,,,,,
1280259,2021/22,2021-11-08,"ACA Stadium, Barsapara",2,7.6,Karnataka,Baroda,D Padikkal,MA Agarwal,NA Rathva,1,0,,,,,,,,,
1280259,2021/22,2021-11-08,"ACA Stadium, Barsapara",2,8.1,Karnataka,Baroda,D Padikkal,MA Agarwal,KH Pandya,6,0,,,,,,,,,
1280259,2021/22,2021-11-08,"ACA Stadium, Barsapara",2,8.2,Karnataka,Baroda,D Padikkal,MA Agarwal,KH Pandya,1,0,,,,,,,,,
1280259,2021/22,2021-11-08,"ACA Stadium, Barsapara",2,8.3,Karnataka,Baroda,MA Agarwal,D Padikkal,KH Pandya,0,1,1,,,,,,,,
1280259,2021/22,2021-11-08,"ACA Stadium, Barsapara",2,8.4,Karnataka,Baroda,MA Agarwal,D Padikkal,KH Pandya,4,0,,,,,,,,,
1280259,2021/22,2021-11-08,"ACA Stadium, Barsapara",2,8.5,Karnataka,Baroda,MA Agarwal,D Padikkal,KH Pandya,1,0,,,,,,,,,
1280259,2021/22,2021-11-08,"ACA Stadium, Barsapara",2,8.6,Karnataka,Baroda,D Padikkal,MA Agarwal,KH Pandya,0,0,,,,,,,,,
1280259,2021/22,2021-11-08,"ACA Stadium, Barsapara",2,8.7,Karnataka,Baroda,D Padikkal,MA Agarwal,KH Pandya,1,0,,,,,,,,,
1280259,2021/22,2021-11-08,"ACA Stadium, Barsapara",2,9.1,Karnataka,Baroda,D Padikkal,MA Agarwal,NA Rathva,1,0,,,,,,,,,
1280259,2021/22,2021-11-08,"ACA Stadium, Barsapara",2,9.2,Karnataka,Baroda,MA Agarwal,D Padikkal,NA Rathva,0,0,,,,,,bowled,MA Agarwal,,
1280259,2021/22,2021-11-08,"ACA Stadium, Barsapara",2,9.3,Karnataka,Baroda,MK Pandey,D Padikkal,NA Rathva,0,0,,,,,,,,,
1280259,2021/22,2021-11-08,"ACA Stadium, Barsapara",2,9.4,Karnataka,Baroda,MK Pandey,D Padikkal,NA Rathva,1,0,,,,,,,,,
1280259,2021/22,2021-11-08,"ACA Stadium, Barsapara",2,9.5,Karnataka,Baroda,D Padikkal,MK Pandey,NA Rathva,1,0,,,,,,,,,
1280259,2021/22,2021-11-08,"ACA Stadium, Barsapara",2,9.6,Karnataka,Baroda,MK Pandey,D Padikkal,NA Rathva,0,0,,,,,,,,,
1280259,2021/22,2021-11-08,"ACA Stadium, Barsapara",2,10.1,Karnataka,Baroda,D Padikkal,MK Pandey,Ansh Patel,1,0,,,,,,,,,
1280259,2021/22,2021-11-08,"ACA Stadium, Barsapara",2,10.2,Karnataka,Baroda,MK Pandey,D Padikkal,Ansh Patel,1,0,,,,,,,,,
1280259,2021/22,2021-11-08,"ACA Stadium, Barsapara",2,10.3,Karnataka,Baroda,D Padikkal,MK Pandey,Ansh Patel,1,0,,,,,,,,,
1280259,2021/22,2021-11-08,"ACA Stadium, Barsapara",2,10.4,Karnataka,Baroda,MK Pandey,D Padikkal,Ansh Patel,0,0,,,,,,,,,
1280259,2021/22,2021-11-08,"ACA Stadium, Barsapara",2,10.5,Karnataka,Baroda,MK Pandey,D Padikkal,Ansh Patel,0,0,,,,,,,,,
1280259,2021/22,2021-11-08,"ACA Stadium, Barsapara",2,10.6,Karnataka,Baroda,MK Pandey,D Padikkal,Ansh Patel,0,0,,,,,,,,,
1280259,2021/22,2021-11-08,"ACA Stadium, Barsapara",2,11.1,Karnataka,Baroda,D Padikkal,MK Pandey,LI Meriwala,1,0,,,,,,,,,
1280259,2021/22,2021-11-08,"ACA Stadium, Barsapara",2,11.2,Karnataka,Baroda,MK Pandey,D Padikkal,LI Meriwala,0,0,,,,,,,,,
1280259,2021/22,2021-11-08,"ACA Stadium, Barsapara",2,11.3,Karnataka,Baroda,MK Pandey,D Padikkal,LI Meriwala,1,0,,,,,,,,,
1280259,2021/22,2021-11-08,"ACA Stadium, Barsapara",2,11.4,Karnataka,Baroda,D Padikkal,MK Pandey,LI Meriwala,1,0,,,,,,,,,
1280259,2021/22,2021-11-08,"ACA Stadium, Barsapara",2,11.5,Karnataka,Baroda,MK Pandey,D Padikkal,LI Meriwala,0,0,,,,,,bowled,MK Pandey,,
1280259,2021/22,2021-11-08,"ACA Stadium, Barsapara",2,11.6,Karnataka,Baroda,KK Nair,D Padikkal,LI Meriwala,0,0,,,,,,,,,
1280259,2021/22,2021-11-08,"ACA Stadium, Barsapara",2,12.1,Karnataka,Baroda,D Padikkal,KK Nair,Ansh Patel,1,0,,,,,,,,,
1280259,2021/22,2021-11-08,"ACA Stadium, Barsapara",2,12.2,Karnataka,Baroda,KK Nair,D Padikkal,Ansh Patel,1,0,,,,,,,,,
1280259,2021/22,2021-11-08,"ACA Stadium, Barsapara",2,12.3,Karnataka,Baroda,D Padikkal,KK Nair,Ansh Patel,1,0,,,,,,,,,
1280259,2021/22,2021-11-08,"ACA Stadium, Barsapara",2,12.4,Karnataka,Baroda,KK Nair,D Padikkal,Ansh Patel,4,0,,,,,,,,,
1280259,2021/22,2021-11-08,"ACA Stadium, Barsapara",2,12.5,Karnataka,Baroda,KK Nair,D Padikkal,Ansh Patel,0,0,,,,,,,,,
1280259,2021/22,2021-11-08,"ACA Stadium, Barsapara",2,12.6,Karnataka,Baroda,KK Nair,D Padikkal,Ansh Patel,1,0,,,,,,,,,
1280259,2021/22,2021-11-08,"ACA Stadium, Barsapara",2,13.1,Karnataka,Baroda,KK Nair,D Padikkal,A Sheth,1,0,,,,,,,,,
1280259,2021/22,2021-11-08,"ACA Stadium, Barsapara",2,13.2,Karnataka,Baroda,D Padikkal,KK Nair,A Sheth,2,0,,,,,,,,,
1280259,2021/22,2021-11-08,"ACA Stadium, Barsapara",2,13.3,Karnataka,Baroda,D Padikkal,KK Nair,A Sheth,0,0,,,,,,,,,
1280259,2021/22,2021-11-08,"ACA Stadium, Barsapara",2,13.4,Karnataka,Baroda,D Padikkal,KK Nair,A Sheth,0,0,,,,,,,,,
1280259,2021/22,2021-11-08,"ACA Stadium, Barsapara",2,13.5,Karnataka,Baroda,D Padikkal,KK Nair,A Sheth,0,0,,,,,,,,,
1280259,2021/22,2021-11-08,"ACA Stadium, Barsapara",2,13.6,Karnataka,Baroda,D Padikkal,KK Nair,A Sheth,2,0,,,,,,,,,
1280259,2021/22,2021-11-08,"ACA Stadium, Barsapara",2,14.1,Karnataka,Baroda,KK Nair,D Padikkal,KR Kakade,1,0,,,,,,,,,
1280259,2021/22,2021-11-08,"ACA Stadium, Barsapara",2,14.2,Karnataka,Baroda,D Padikkal,KK Nair,KR Kakade,0,0,,,,,,,,,
1280259,2021/22,2021-11-08,"ACA Stadium, Barsapara",2,14.3,Karnataka,Baroda,D Padikkal,KK Nair,KR Kakade,1,0,,,,,,,,,
1280259,2021/22,2021-11-08,"ACA Stadium, Barsapara",2,14.4,Karnataka,Baroda,KK Nair,D Padikkal,KR Kakade,1,0,,,,,,,,,
1280259,2021/22,2021-11-08,"ACA Stadium, Barsapara",2,14.5,Karnataka,Baroda,D Padikkal,KK Nair,KR Kakade,1,0,,,,,,,,,
1280259,2021/22,2021-11-08,"ACA Stadium, Barsapara",2,14.6,Karnataka,Baroda,KK Nair,D Padikkal,KR Kakade,1,0,,,,,,,,,
1280259,2021/22,2021-11-08,"ACA Stadium, Barsapara",2,15.1,Karnataka,Baroda,KK Nair,D Padikkal,NA Rathva,0,0,,,,,,,,,
1280259,2021/22,2021-11-08,"ACA Stadium, Barsapara",2,15.2,Karnataka,Baroda,KK Nair,D Padikkal,NA Rathva,4,0,,,,,,,,,
1280259,2021/22,2021-11-08,"ACA Stadium, Barsapara",2,15.3,Karnataka,Baroda,KK Nair,D Padikkal,NA Rathva,0,0,,,,,,,,,
1280259,2021/22,2021-11-08,"ACA Stadium, Barsapara",2,15.4,Karnataka,Baroda,KK Nair,D Padikkal,NA Rathva,1,0,,,,,,,,,
1280259,2021/22,2021-11-08,"ACA Stadium, Barsapara",2,15.5,Karnataka,Baroda,D Padikkal,KK Nair,NA Rathva,0,0,,,,,,caught,D Padikkal,,
1280259,2021/22,2021-11-08,"ACA Stadium, Barsapara",2,15.6,Karnataka,Baroda,Aniruddha Joshi,KK Nair,NA Rathva,1,0,,,,,,,,,
1280259,2021/22,2021-11-08,"ACA Stadium, Barsapara",2,16.1,Karnataka,Baroda,Aniruddha Joshi,KK Nair,KH Pandya,0,0,,,,,,,,,
1280259,2021/22,2021-11-08,"ACA Stadium, Barsapara",2,16.2,Karnataka,Baroda,Aniruddha Joshi,KK Nair,KH Pandya,1,0,,,,,,,,,
1280259,2021/22,2021-11-08,"ACA Stadium, Barsapara",2,16.3,Karnataka,Baroda,KK Nair,Aniruddha Joshi,KH Pandya,1,0,,,,,,,,,
1280259,2021/22,2021-11-08,"ACA Stadium, Barsapara",2,16.4,Karnataka,Baroda,Aniruddha Joshi,KK Nair,KH Pandya,6,0,,,,,,,,,
1280259,2021/22,2021-11-08,"ACA Stadium, Barsapara",2,16.5,Karnataka,Baroda,Aniruddha Joshi,KK Nair,KH Pandya,1,0,,,,,,,,,
1280259,2021/22,2021-11-08,"ACA Stadium, Barsapara",2,16.6,Karnataka,Baroda,KK Nair,Aniruddha Joshi,KH Pandya,1,0,,,,,,,,,
1280259,2021/22,2021-11-08,"ACA Stadium, Barsapara",2,17.1,Karnataka,Baroda,KK Nair,Aniruddha Joshi,LI Meriwala,0,0,,,,,,,,,
1280259,2021/22,2021-11-08,"ACA Stadium, Barsapara",2,17.2,Karnataka,Baroda,KK Nair,Aniruddha Joshi,LI Meriwala,1,0,,,,,,,,,
1280259,2021/22,2021-11-08,"ACA Stadium, Barsapara",2,17.3,Karnataka,Baroda,Aniruddha Joshi,KK Nair,LI Meriwala,0,0,,,,,,,,,
1280259,2021/22,2021-11-08,"ACA Stadium, Barsapara",2,17.4,Karnataka,Baroda,Aniruddha Joshi,KK Nair,LI Meriwala,1,0,,,,,,,,,
1280259,2021/22,2021-11-08,"ACA Stadium, Barsapara",2,17.5,Karnataka,Baroda,KK Nair,Aniruddha Joshi,LI Meriwala,0,0,,,,,,,,,
1280259,2021/22,2021-11-08,"ACA Stadium, Barsapara",2,17.6,Karnataka,Baroda,KK Nair,Aniruddha Joshi,LI Meriwala,0,1,,,,1,,,,,
1280259,2021/22,2021-11-08,"ACA Stadium, Barsapara",2,18.1,Karnataka,Baroda,KK Nair,Aniruddha Joshi,A Sheth,2,0,,,,,,,,,
1280259,2021/22,2021-11-08,"ACA Stadium, Barsapara",2,18.2,Karnataka,Baroda,KK Nair,Aniruddha Joshi,A Sheth,6,0,,,,,,,,,
1280259,2021/22,2021-11-08,"ACA Stadium, Barsapara",2,18.3,Karnataka,Baroda,KK Nair,Aniruddha Joshi,A Sheth,4,0,,,,,,,,,
1280259,2021/22,2021-11-08,"ACA Stadium, Barsapara",2,18.4,Karnataka,Baroda,KK Nair,Aniruddha Joshi,A Sheth,1,0,,,,,,,,,
1280259,2021/22,2021-11-08,"ACA Stadium, Barsapara",2,18.5,Karnataka,Baroda,Aniruddha Joshi,KK Nair,A Sheth,1,0,,,,,,,,,
1280259,2021/22,2021-11-08,"ACA Stadium, Barsapara",2,18.6,Karnataka,Baroda,KK Nair,Aniruddha Joshi,A Sheth,1,0,,,,,,,,,
1280259,2021/22,2021-11-08,"ACA Stadium, Barsapara",2,19.1,Karnataka,Baroda,KK Nair,Aniruddha Joshi,LI Meriwala,4,0,,,,,,,,,
