match_id,season,start_date,venue,innings,ball,batting_team,bowling_team,striker,non_striker,bowler,runs_off_bat,extras,wides,noballs,byes,legbyes,penalty,wicket_type,player_dismissed,other_wicket_type,other_player_dismissed
1280246,2021/22,2021-11-06,Arun Jaitley Stadium,1,0.1,Bihar,Assam,Yashaswi Rishav,Bipin Saurabh,Pritam Das,0,0,,,,,,,,,
1280246,2021/22,2021-11-06,Arun Jaitley Stadium,1,0.2,Bihar,Assam,Yashaswi Rishav,Bipin Saurabh,Pritam Das,0,0,,,,,,,,,
1280246,2021/22,2021-11-06,Arun Jaitley Stadium,1,0.3,Bihar,Assam,Yashaswi Rishav,Bipin Saurabh,Pritam Das,1,0,,,,,,,,,
1280246,2021/22,2021-11-06,Arun Jaitley Stadium,1,0.4,Bihar,Assam,Bipin Saurabh,Yashaswi Rishav,Pritam Das,0,0,,,,,,,,,
1280246,2021/22,2021-11-06,Arun Jaitley Stadium,1,0.5,Bihar,Assam,Bipin Saurabh,Yashaswi Rishav,Pritam Das,0,1,1,,,,,,,,
1280246,2021/22,2021-11-06,Arun Jaitley Stadium,1,0.6,Bihar,Assam,Bipin Saurabh,Yashaswi Rishav,Pritam Das,0,0,,,,,,,,,
1280246,2021/22,2021-11-06,Arun Jaitley Stadium,1,0.7,Bihar,Assam,Bipin Saurabh,Yashaswi Rishav,Pritam Das,1,0,,,,,,,,,
1280246,2021/22,2021-11-06,Arun Jaitley Stadium,1,1.1,Bihar,Assam,Bipin Saurabh,Yashaswi Rishav,Mukhtar Hussain,1,0,,,,,,,,,
1280246,2021/22,2021-11-06,Arun Jaitley Stadium,1,1.2,Bihar,Assam,Yashaswi Rishav,Bipin Saurabh,Mukhtar Hussain,0,0,,,,,,,,,
1280246,2021/22,2021-11-06,Arun Jaitley Stadium,1,1.3,Bihar,Assam,Yashaswi Rishav,Bipin Saurabh,Mukhtar Hussain,1,0,,,,,,,,,
1280246,2021/22,2021-11-06,Arun Jaitley Stadium,1,1.4,Bihar,Assam,Bipin Saurabh,Yashaswi Rishav,Mukhtar Hussain,1,0,,,,,,,,,
1280246,2021/22,2021-11-06,Arun Jaitley Stadium,1,1.5,Bihar,Assam,Yashaswi Rishav,Bipin Saurabh,Mukhtar Hussain,0,0,,,,,,,,,
1280246,2021/22,2021-11-06,Arun Jaitley Stadium,1,1.6,Bihar,Assam,Yashaswi Rishav,Bipin Saurabh,Mukhtar Hussain,1,0,,,,,,,,,
1280246,2021/22,2021-11-06,Arun Jaitley Stadium,1,2.1,Bihar,Assam,Yashaswi Rishav,Bipin Saurabh,Pritam Das,0,0,,,,,,,,,
1280246,2021/22,2021-11-06,Arun Jaitley Stadium,1,2.2,Bihar,Assam,Yashaswi Rishav,Bipin Saurabh,Pritam Das,0,0,,,,,,,,,
1280246,2021/22,2021-11-06,Arun Jaitley Stadium,1,2.3,Bihar,Assam,Yashaswi Rishav,Bipin Saurabh,Pritam Das,1,0,,,,,,,,,
1280246,2021/22,2021-11-06,Arun Jaitley Stadium,1,2.4,Bihar,Assam,Bipin Saurabh,Yashaswi Rishav,Pritam Das,2,0,,,,,,,,,
1280246,2021/22,2021-11-06,Arun Jaitley Stadium,1,2.5,Bihar,Assam,Bipin Saurabh,Yashaswi Rishav,Pritam Das,3,0,,,,,,,,,
1280246,2021/22,2021-11-06,Arun Jaitley Stadium,1,2.6,Bihar,Assam,Yashaswi Rishav,Bipin Saurabh,Pritam Das,0,1,,,,1,,,,,
1280246,2021/22,2021-11-06,Arun Jaitley Stadium,1,3.1,Bihar,Assam,Yashaswi Rishav,Bipin Saurabh,Mukhtar Hussain,1,0,,,,,,,,,
1280246,2021/22,2021-11-06,Arun Jaitley Stadium,1,3.2,Bihar,Assam,Bipin Saurabh,Yashaswi Rishav,Mukhtar Hussain,1,0,,,,,,,,,
1280246,2021/22,2021-11-06,Arun Jaitley Stadium,1,3.3,Bihar,Assam,Yashaswi Rishav,Bipin Saurabh,Mukhtar Hussain,0,0,,,,,,caught,Yashaswi Rishav,,
1280246,2021/22,2021-11-06,Arun Jaitley Stadium,1,3.4,Bihar,Assam,Babul Kumar,Bipin Saurabh,Mukhtar Hussain,0,0,,,,,,,,,
1280246,2021/22,2021-11-06,Arun Jaitley Stadium,1,3.5,Bihar,Assam,Babul Kumar,Bipin Saurabh,Mukhtar Hussain,0,0,,,,,,,,,
1280246,2021/22,2021-11-06,Arun Jaitley Stadium,1,3.6,Bihar,Assam,Babul Kumar,Bipin Saurabh,Mukhtar Hussain,4,0,,,,,,,,,
1280246,2021/22,2021-11-06,Arun Jaitley Stadium,1,4.1,Bihar,Assam,Bipin Saurabh,Babul Kumar,Rajjakuddin Ahmed,6,0,,,,,,,,,
1280246,2021/22,2021-11-06,Arun Jaitley Stadium,1,4.2,Bihar,Assam,Bipin Saurabh,Babul Kumar,Rajjakuddin Ahmed,0,0,,,,,,,,,
1280246,2021/22,2021-11-06,Arun Jaitley Stadium,1,4.3,Bihar,Assam,Bipin Saurabh,Babul Kumar,Rajjakuddin Ahmed,1,0,,,,,,,,,
1280246,2021/22,2021-11-06,Arun Jaitley Stadium,1,4.4,Bihar,Assam,Babul Kumar,Bipin Saurabh,Rajjakuddin Ahmed,0,0,,,,,,,,,
1280246,2021/22,2021-11-06,Arun Jaitley Stadium,1,4.5,Bihar,Assam,Babul Kumar,Bipin Saurabh,Rajjakuddin Ahmed,1,0,,,,,,,,,
1280246,2021/22,2021-11-06,Arun Jaitley Stadium,1,4.6,Bihar,Assam,Bipin Saurabh,Babul Kumar,Rajjakuddin Ahmed,0,0,,,,,,,,,
1280246,2021/22,2021-11-06,Arun Jaitley Stadium,1,5.1,Bihar,Assam,Babul Kumar,Bipin Saurabh,Amlanjyoti Das,0,0,,,,,,,,,
1280246,2021/22,2021-11-06,Arun Jaitley Stadium,1,5.2,Bihar,Assam,Babul Kumar,Bipin Saurabh,Amlanjyoti Das,4,0,,,,,,,,,
1280246,2021/22,2021-11-06,Arun Jaitley Stadium,1,5.3,Bihar,Assam,Babul Kumar,Bipin Saurabh,Amlanjyoti Das,0,0,,,,,,,,,
1280246,2021/22,2021-11-06,Arun Jaitley Stadium,1,5.4,Bihar,Assam,Babul Kumar,Bipin Saurabh,Amlanjyoti Das,0,0,,,,,,,,,
1280246,2021/22,2021-11-06,Arun Jaitley Stadium,1,5.5,Bihar,Assam,Babul Kumar,Bipin Saurabh,Amlanjyoti Das,1,0,,,,,,,,,
1280246,2021/22,2021-11-06,Arun Jaitley Stadium,1,5.6,Bihar,Assam,Bipin Saurabh,Babul Kumar,Amlanjyoti Das,0,0,,,,,,,,,
1280246,2021/22,2021-11-06,Arun Jaitley Stadium,1,6.1,Bihar,Assam,Babul Kumar,Bipin Saurabh,Roshan Alam,1,0,,,,,,,,,
1280246,2021/22,2021-11-06,Arun Jaitley Stadium,1,6.2,Bihar,Assam,Bipin Saurabh,Babul Kumar,Roshan Alam,0,0,,,,,,,,,
1280246,2021/22,2021-11-06,Arun Jaitley Stadium,1,6.3,Bihar,Assam,Bipin Saurabh,Babul Kumar,Roshan Alam,1,0,,,,,,,,,
1280246,2021/22,2021-11-06,Arun Jaitley Stadium,1,6.4,Bihar,Assam,Babul Kumar,Bipin Saurabh,Roshan Alam,1,0,,,,,,,,,
1280246,2021/22,2021-11-06,Arun Jaitley Stadium,1,6.5,Bihar,Assam,Bipin Saurabh,Babul Kumar,Roshan Alam,1,0,,,,,,,,,
1280246,2021/22,2021-11-06,Arun Jaitley Stadium,1,6.6,Bihar,Assam,Babul Kumar,Bipin Saurabh,Roshan Alam,2,0,,,,,,,,,
1280246,2021/22,2021-11-06,Arun Jaitley Stadium,1,7.1,Bihar,Assam,Bipin Saurabh,Babul Kumar,Amlanjyoti Das,0,0,,,,,,,,,
1280246,2021/22,2021-11-06,Arun Jaitley Stadium,1,7.2,Bihar,Assam,Bipin Saurabh,Babul Kumar,Amlanjyoti Das,2,0,,,,,,,,,
1280246,2021/22,2021-11-06,Arun Jaitley Stadium,1,7.3,Bihar,Assam,Bipin Saurabh,Babul Kumar,Amlanjyoti Das,1,0,,,,,,,,,
1280246,2021/22,2021-11-06,Arun Jaitley Stadium,1,7.4,Bihar,Assam,Babul Kumar,Bipin Saurabh,Amlanjyoti Das,4,0,,,,,,,,,
1280246,2021/22,2021-11-06,Arun Jaitley Stadium,1,7.5,Bihar,Assam,Babul Kumar,Bipin Saurabh,Amlanjyoti Das,0,0,,,,,,,,,
1280246,2021/22,2021-11-06,Arun Jaitley Stadium,1,7.6,Bihar,Assam,Babul Kumar,Bipin Saurabh,Amlanjyoti Das,0,0,,,,,,,,,
1280246,2021/22,2021-11-06,Arun Jaitley Stadium,1,8.1,Bihar,Assam,Bipin Saurabh,Babul Kumar,Roshan Alam,0,0,,,,,,,,,
1280246,2021/22,2021-11-06,Arun Jaitley Stadium,1,8.2,Bihar,Assam,Bipin Saurabh,Babul Kumar,Roshan Alam,1,0,,,,,,,,,
1280246,2021/22,2021-11-06,Arun Jaitley Stadium,1,8.3,Bihar,Assam,Babul Kumar,Bipin Saurabh,Roshan Alam,1,0,,,,,,,,,
1280246,2021/22,2021-11-06,Arun Jaitley Stadium,1,8.4,Bihar,Assam,Bipin Saurabh,Babul Kumar,Roshan Alam,0,0,,,,,,caught,Bipin Saurabh,,
1280246,2021/22,2021-11-06,Arun Jaitley Stadium,1,8.5,Bihar,Assam,S Gani,Babul Kumar,Roshan Alam,1,0,,,,,,,,,
1280246,2021/22,2021-11-06,Arun Jaitley Stadium,1,8.6,Bihar,Assam,Babul Kumar,S Gani,Roshan Alam,1,0,,,,,,,,,
1280246,2021/22,2021-11-06,Arun Jaitley Stadium,1,9.1,Bihar,Assam,Babul Kumar,S Gani,R Parag,0,0,,,,,,,,,
1280246,2021/22,2021-11-06,Arun Jaitley Stadium,1,9.2,Bihar,Assam,Babul Kumar,S Gani,R Parag,1,0,,,,,,,,,
1280246,2021/22,2021-11-06,Arun Jaitley Stadium,1,9.3,Bihar,Assam,S Gani,Babul Kumar,R Parag,1,0,,,,,,,,,
1280246,2021/22,2021-11-06,Arun Jaitley Stadium,1,9.4,Bihar,Assam,Babul Kumar,S Gani,R Parag,4,0,,,,,,,,,
1280246,2021/22,2021-11-06,Arun Jaitley Stadium,1,9.5,Bihar,Assam,Babul Kumar,S Gani,R Parag,1,0,,,,,,,,,
1280246,2021/22,2021-11-06,Arun Jaitley Stadium,1,9.6,Bihar,Assam,S Gani,Babul Kumar,R Parag,0,0,,,,,,,,,
1280246,2021/22,2021-11-06,Arun Jaitley Stadium,1,10.1,Bihar,Assam,Babul Kumar,S Gani,Roshan Alam,1,0,,,,,,,,,
1280246,2021/22,2021-11-06,Arun Jaitley Stadium,1,10.2,Bihar,Assam,S Gani,Babul Kumar,Roshan Alam,1,0,,,,,,,,,
1280246,2021/22,2021-11-06,Arun Jaitley Stadium,1,10.3,Bihar,Assam,Babul Kumar,S Gani,Roshan Alam,6,0,,,,,,,,,
1280246,2021/22,2021-11-06,Arun Jaitley Stadium,1,10.4,Bihar,Assam,Babul Kumar,S Gani,Roshan Alam,0,1,1,,,,,,,,
1280246,2021/22,2021-11-06,Arun Jaitley Stadium,1,10.5,Bihar,Assam,Babul Kumar,S Gani,Roshan Alam,1,0,,,,,,,,,
1280246,2021/22,2021-11-06,Arun Jaitley Stadium,1,10.6,Bihar,Assam,S Gani,Babul Kumar,Roshan Alam,0,0,,,,,,,,,
1280246,2021/22,2021-11-06,Arun Jaitley Stadium,1,10.7,Bihar,Assam,S Gani,Babul Kumar,Roshan Alam,0,0,,,,,,,,,
1280246,2021/22,2021-11-06,Arun Jaitley Stadium,1,11.1,Bihar,Assam,Babul Kumar,S Gani,R Parag,1,0,,,,,,,,,
1280246,2021/22,2021-11-06,Arun Jaitley Stadium,1,11.2,Bihar,Assam,S Gani,Babul Kumar,R Parag,1,0,,,,,,,,,
1280246,2021/22,2021-11-06,Arun Jaitley Stadium,1,11.3,Bihar,Assam,Babul Kumar,S Gani,R Parag,4,0,,,,,,,,,
1280246,2021/22,2021-11-06,Arun Jaitley Stadium,1,11.4,Bihar,Assam,Babul Kumar,S Gani,R Parag,0,0,,,,,,,,,
1280246,2021/22,2021-11-06,Arun Jaitley Stadium,1,11.5,Bihar,Assam,Babul Kumar,S Gani,R Parag,1,0,,,,,,,,,
1280246,2021/22,2021-11-06,Arun Jaitley Stadium,1,11.6,Bihar,Assam,S Gani,Babul Kumar,R Parag,2,0,,,,,,,,,
1280246,2021/22,2021-11-06,Arun Jaitley Stadium,1,12.1,Bihar,Assam,Babul Kumar,S Gani,Rajjakuddin Ahmed,1,0,,,,,,,,,
1280246,2021/22,2021-11-06,Arun Jaitley Stadium,1,12.2,Bihar,Assam,S Gani,Babul Kumar,Rajjakuddin Ahmed,2,0,,,,,,,,,
1280246,2021/22,2021-11-06,Arun Jaitley Stadium,1,12.3,Bihar,Assam,S Gani,Babul Kumar,Rajjakuddin Ahmed,0,0,,,,,,caught,S Gani,,
1280246,2021/22,2021-11-06,Arun Jaitley Stadium,1,12.4,Bihar,Assam,Mangal Mahrour,Babul Kumar,Rajjakuddin Ahmed,0,0,,,,,,,,,
1280246,2021/22,2021-11-06,Arun Jaitley Stadium,1,12.5,Bihar,Assam,Mangal Mahrour,Babul Kumar,Rajjakuddin Ahmed,0,0,,,,,,,,,
1280246,2021/22,2021-11-06,Arun Jaitley Stadium,1,12.6,Bihar,Assam,Mangal Mahrour,Babul Kumar,Rajjakuddin Ahmed,1,0,,,,,,,,,
1280246,2021/22,2021-11-06,Arun Jaitley Stadium,1,13.1,Bihar,Assam,Mangal Mahrour,Babul Kumar,Pallav Kumar Das,0,0,,,,,,caught,Mangal Mahrour,,
1280246,2021/22,2021-11-06,Arun Jaitley Stadium,1,13.2,Bihar,Assam,Kumar Rajnish,Babul Kumar,Pallav Kumar Das,1,0,,,,,,,,,
1280246,2021/22,2021-11-06,Arun Jaitley Stadium,1,13.3,Bihar,Assam,Babul Kumar,Kumar Rajnish,Pallav Kumar Das,0,0,,,,,,,,,
1280246,2021/22,2021-11-06,Arun Jaitley Stadium,1,13.4,Bihar,Assam,Babul Kumar,Kumar Rajnish,Pallav Kumar Das,0,0,,,,,,,,,
1280246,2021/22,2021-11-06,Arun Jaitley Stadium,1,13.5,Bihar,Assam,Babul Kumar,Kumar Rajnish,Pallav Kumar Das,2,0,,,,,,,,,
1280246,2021/22,2021-11-06,Arun Jaitley Stadium,1,13.6,Bihar,Assam,Babul Kumar,Kumar Rajnish,Pallav Kumar Das,1,0,,,,,,,,,
1280246,2021/22,2021-11-06,Arun Jaitley Stadium,1,14.1,Bihar,Assam,Babul Kumar,Kumar Rajnish,Rajjakuddin Ahmed,0,0,,,,,,,,,
1280246,2021/22,2021-11-06,Arun Jaitley Stadium,1,14.2,Bihar,Assam,Babul Kumar,Kumar Rajnish,Rajjakuddin Ahmed,1,0,,,,,,,,,
1280246,2021/22,2021-11-06,Arun Jaitley Stadium,1,14.3,Bihar,Assam,Kumar Rajnish,Babul Kumar,Rajjakuddin Ahmed,1,0,,,,,,,,,
1280246,2021/22,2021-11-06,Arun Jaitley Stadium,1,14.4,Bihar,Assam,Babul Kumar,Kumar Rajnish,Rajjakuddin Ahmed,1,0,,,,,,,,,
1280246,2021/22,2021-11-06,Arun Jaitley Stadium,1,14.5,Bihar,Assam,Kumar Rajnish,Babul Kumar,Rajjakuddin Ahmed,0,1,,,,1,,,,,
1280246,2021/22,2021-11-06,Arun Jaitley Stadium,1,14.6,Bihar,Assam,Babul Kumar,Kumar Rajnish,Rajjakuddin Ahmed,1,0,,,,,,,,,
1280246,2021/22,2021-11-06,Arun Jaitley Stadium,1,15.1,Bihar,Assam,Babul Kumar,Kumar Rajnish,Mukhtar Hussain,1,0,,,,,,,,,
1280246,2021/22,2021-11-06,Arun Jaitley Stadium,1,15.2,Bihar,Assam,Kumar Rajnish,Babul Kumar,Mukhtar Hussain,1,0,,,,,,,,,
1280246,2021/22,2021-11-06,Arun Jaitley Stadium,1,15.3,Bihar,Assam,Babul Kumar,Kumar Rajnish,Mukhtar Hussain,1,0,,,,,,,,,
1280246,2021/22,2021-11-06,Arun Jaitley Stadium,1,15.4,Bihar,Assam,Kumar Rajnish,Babul Kumar,Mukhtar Hussain,0,0,,,,,,caught,Kumar Rajnish,,
1280246,2021/22,2021-11-06,Arun Jaitley Stadium,1,15.5,Bihar,Assam,Babul Kumar,Sachin Kumar,Mukhtar Hussain,6,0,,,,,,,,,
1280246,2021/22,2021-11-06,Arun Jaitley Stadium,1,15.6,Bihar,Assam,Babul Kumar,Sachin Kumar,Mukhtar Hussain,0,0,,,,,,,,,
1280246,2021/22,2021-11-06,Arun Jaitley Stadium,1,16.1,Bihar,Assam,Sachin Kumar,Babul Kumar,Pritam Das,0,0,,,,,,,,,
1280246,2021/22,2021-11-06,Arun Jaitley Stadium,1,16.2,Bihar,Assam,Sachin Kumar,Babul Kumar,Pritam Das,1,0,,,,,,,,,
1280246,2021/22,2021-11-06,Arun Jaitley Stadium,1,16.3,Bihar,Assam,Babul Kumar,Sachin Kumar,Pritam Das,2,0,,,,,,,,,
1280246,2021/22,2021-11-06,Arun Jaitley Stadium,1,16.4,Bihar,Assam,Babul Kumar,Sachin Kumar,Pritam Das,6,0,,,,,,,,,
1280246,2021/22,2021-11-06,Arun Jaitley Stadium,1,16.5,Bihar,Assam,Babul Kumar,Sachin Kumar,Pritam Das,1,0,,,,,,,,,
1280246,2021/22,2021-11-06,Arun Jaitley Stadium,1,16.6,Bihar,Assam,Sachin Kumar,Babul Kumar,Pritam Das,0,2,,,,2,,,,,
1280246,2021/22,2021-11-06,Arun Jaitley Stadium,1,17.1,Bihar,Assam,Babul Kumar,Sachin Kumar,Mukhtar Hussain,4,0,,,,,,,,,
1280246,2021/22,2021-11-06,Arun Jaitley Stadium,1,17.2,Bihar,Assam,Babul Kumar,Sachin Kumar,Mukhtar Hussain,1,0,,,,,,,,,
1280246,2021/22,2021-11-06,Arun Jaitley Stadium,1,17.3,Bihar,Assam,Sachin Kumar,Babul Kumar,Mukhtar Hussain,1,0,,,,,,,,,
1280246,2021/22,2021-11-06,Arun Jaitley Stadium,1,17.4,Bihar,Assam,Babul Kumar,Sachin Kumar,Mukhtar Hussain,4,0,,,,,,,,,
1280246,2021/22,2021-11-06,Arun Jaitley Stadium,1,17.5,Bihar,Assam,Babul Kumar,Sachin Kumar,Mukhtar Hussain,0,0,,,,,,,,,
1280246,2021/22,2021-11-06,Arun Jaitley Stadium,1,17.6,Bihar,Assam,Babul Kumar,Sachin Kumar,Mukhtar Hussain,1,0,,,,,,,,,
1280246,2021/22,2021-11-06,Arun Jaitley Stadium,1,18.1,Bihar,Assam,Babul Kumar,Sachin Kumar,Pritam Das,0,1,,1,,,,,,,
1280246,2021/22,2021-11-06,Arun Jaitley Stadium,1,18.2,Bihar,Assam,Babul Kumar,Sachin Kumar,Pritam Das,0,1,,,,1,,,,,
1280246,2021/22,2021-11-06,Arun Jaitley Stadium,1,18.3,Bihar,Assam,Sachin Kumar,Babul Kumar,Pritam Das,1,0,,,,,,,,,
1280246,2021/22,2021-11-06,Arun Jaitley Stadium,1,18.4,Bihar,Assam,Babul Kumar,Sachin Kumar,Pritam Das,1,0,,,,,,,,,
1280246,2021/22,2021-11-06,Arun Jaitley Stadium,1,18.5,Bihar,Assam,Sachin Kumar,Babul Kumar,Pritam Das,1,0,,,,,,,,,
1280246,2021/22,2021-11-06,Arun Jaitley Stadium,1,18.6,Bihar,Assam,Babul Kumar,Sachin Kumar,Pritam Das,1,0,,,,,,,,,
1280246,2021/22,2021-11-06,Arun Jaitley Stadium,1,18.7,Bihar,Assam,Sachin Kumar,Babul Kumar,Pritam Das,0,0,,,,,,,,,
1280246,2021/22,2021-11-06,Arun Jaitley Stadium,1,19.1,Bihar,Assam,Babul Kumar,Sachin Kumar,Rajjakuddin Ahmed,6,0,,,,,,,,,
1280246,2021/22,2021-11-06,Arun Jaitley Stadium,1,19.2,Bihar,Assam,Babul Kumar,Sachin Kumar,Rajjakuddin Ahmed,0,0,,,,,,,,,
1280246,2021/22,2021-11-06,Arun Jaitley Stadium,1,19.3,Bihar,Assam,Babul Kumar,Sachin Kumar,Rajjakuddin Ahmed,0,0,,,,,,caught,Babul Kumar,,
1280246,2021/22,2021-11-06,Arun Jaitley Stadium,1,19.4,Bihar,Assam,Sachin Kumar,Ashutosh Aman,Rajjakuddin Ahmed,0,0,,,,,,caught,Sachin Kumar,,
1280246,2021/22,2021-11-06,Arun Jaitley Stadium,1,19.5,Bihar,Assam,Hrishi Raj,Ashutosh Aman,Rajjakuddin Ahmed,1,0,,,,,,,,,
1280246,2021/22,2021-11-06,Arun Jaitley Stadium,1,19.6,Bihar,Assam,Ashutosh Aman,Hrishi Raj,Rajjakuddin Ahmed,1,0,,,,,,run out,Hrishi Raj,,
1280246,2021/22,2021-11-06,Arun Jaitley Stadium,2,0.1,Assam,Bihar,Pallav Kumar Das,Denish Das,Abhijeet Saket,0,0,,,,,,,,,
1280246,2021/22,2021-11-06,Arun Jaitley Stadium,2,0.2,Assam,Bihar,Pallav Kumar Das,Denish Das,Abhijeet Saket,0,0,,,,,,,,,
1280246,2021/22,2021-11-06,Arun Jaitley Stadium,2,0.3,Assam,Bihar,Pallav Kumar Das,Denish Das,Abhijeet Saket,0,0,,,,,,caught,Pallav Kumar Das,,
1280246,2021/22,2021-11-06,Arun Jaitley Stadium,2,0.4,Assam,Bihar,Abhishek Thakuri,Denish Das,Abhijeet Saket,1,0,,,,,,,,,
1280246,2021/22,2021-11-06,Arun Jaitley Stadium,2,0.5,Assam,Bihar,Denish Das,Abhishek Thakuri,Abhijeet Saket,0,0,,,,,,,,,
1280246,2021/22,2021-11-06,Arun Jaitley Stadium,2,0.6,Assam,Bihar,Denish Das,Abhishek Thakuri,Abhijeet Saket,0,0,,,,,,,,,
1280246,2021/22,2021-11-06,Arun Jaitley Stadium,2,1.1,Assam,Bihar,Abhishek Thakuri,Denish Das,Malay Raj,0,0,,,,,,,,,
1280246,2021/22,2021-11-06,Arun Jaitley Stadium,2,1.2,Assam,Bihar,Abhishek Thakuri,Denish Das,Malay Raj,0,1,1,,,,,,,,
1280246,2021/22,2021-11-06,Arun Jaitley Stadium,2,1.3,Assam,Bihar,Abhishek Thakuri,Denish Das,Malay Raj,2,0,,,,,,,,,
1280246,2021/22,2021-11-06,Arun Jaitley Stadium,2,1.4,Assam,Bihar,Abhishek Thakuri,Denish Das,Malay Raj,4,0,,,,,,,,,
1280246,2021/22,2021-11-06,Arun Jaitley Stadium,2,1.5,Assam,Bihar,Abhishek Thakuri,Denish Das,Malay Raj,0,0,,,,,,,,,
1280246,2021/22,2021-11-06,Arun Jaitley Stadium,2,1.6,Assam,Bihar,Abhishek Thakuri,Denish Das,Malay Raj,4,0,,,,,,,,,
1280246,2021/22,2021-11-06,Arun Jaitley Stadium,2,1.7,Assam,Bihar,Abhishek Thakuri,Denish Das,Malay Raj,4,0,,,,,,,,,
1280246,2021/22,2021-11-06,Arun Jaitley Stadium,2,2.1,Assam,Bihar,Denish Das,Abhishek Thakuri,Abhijeet Saket,4,0,,,,,,,,,
1280246,2021/22,2021-11-06,Arun Jaitley Stadium,2,2.2,Assam,Bihar,Denish Das,Abhishek Thakuri,Abhijeet Saket,0,0,,,,,,,,,
1280246,2021/22,2021-11-06,Arun Jaitley Stadium,2,2.3,Assam,Bihar,Denish Das,Abhishek Thakuri,Abhijeet Saket,1,0,,,,,,,,,
1280246,2021/22,2021-11-06,Arun Jaitley Stadium,2,2.4,Assam,Bihar,Abhishek Thakuri,Denish Das,Abhijeet Saket,1,0,,,,,,,,,
1280246,2021/22,2021-11-06,Arun Jaitley Stadium,2,2.5,Assam,Bihar,Denish Das,Abhishek Thakuri,Abhijeet Saket,0,0,,,,,,,,,
1280246,2021/22,2021-11-06,Arun Jaitley Stadium,2,2.6,Assam,Bihar,Denish Das,Abhishek Thakuri,Abhijeet Saket,1,0,,,,,,,,,
1280246,2021/22,2021-11-06,Arun Jaitley Stadium,2,3.1,Assam,Bihar,Denish Das,Abhishek Thakuri,Hrishi Raj,0,1,1,,,,,,,,
1280246,2021/22,2021-11-06,Arun Jaitley Stadium,2,3.2,Assam,Bihar,Denish Das,Abhishek Thakuri,Hrishi Raj,4,0,,,,,,,,,
1280246,2021/22,2021-11-06,Arun Jaitley Stadium,2,3.3,Assam,Bihar,Denish Das,Abhishek Thakuri,Hrishi Raj,0,1,1,,,,,,,,
1280246,2021/22,2021-11-06,Arun Jaitley Stadium,2,3.4,Assam,Bihar,Denish Das,Abhishek Thakuri,Hrishi Raj,4,0,,,,,,,,,
1280246,2021/22,2021-11-06,Arun Jaitley Stadium,2,3.5,Assam,Bihar,Denish Das,Abhishek Thakuri,Hrishi Raj,0,0,,,,,,,,,
1280246,2021/22,2021-11-06,Arun Jaitley Stadium,2,3.6,Assam,Bihar,Denish Das,Abhishek Thakuri,Hrishi Raj,1,0,,,,,,,,,
1280246,2021/22,2021-11-06,Arun Jaitley Stadium,2,3.7,Assam,Bihar,Abhishek Thakuri,Denish Das,Hrishi Raj,1,0,,,,,,,,,
1280246,2021/22,2021-11-06,Arun Jaitley Stadium,2,3.8,Assam,Bihar,Denish Das,Abhishek Thakuri,Hrishi Raj,0,0,,,,,,,,,
1280246,2021/22,2021-11-06,Arun Jaitley Stadium,2,4.1,Assam,Bihar,Abhishek Thakuri,Denish Das,Abhijeet Saket,1,0,,,,,,,,,
1280246,2021/22,2021-11-06,Arun Jaitley Stadium,2,4.2,Assam,Bihar,Denish Das,Abhishek Thakuri,Abhijeet Saket,1,0,,,,,,,,,
1280246,2021/22,2021-11-06,Arun Jaitley Stadium,2,4.3,Assam,Bihar,Abhishek Thakuri,Denish Das,Abhijeet Saket,0,0,,,,,,,,,
1280246,2021/22,2021-11-06,Arun Jaitley Stadium,2,4.4,Assam,Bihar,Abhishek Thakuri,Denish Das,Abhijeet Saket,0,1,1,,,,,,,,
1280246,2021/22,2021-11-06,Arun Jaitley Stadium,2,4.5,Assam,Bihar,Abhishek Thakuri,Denish Das,Abhijeet Saket,0,0,,,,,,caught,Abhishek Thakuri,,
1280246,2021/22,2021-11-06,Arun Jaitley Stadium,2,4.6,Assam,Bihar,R Parag,Denish Das,Abhijeet Saket,0,0,,,,,,,,,
1280246,2021/22,2021-11-06,Arun Jaitley Stadium,2,4.7,Assam,Bihar,R Parag,Denish Das,Abhijeet Saket,0,1,1,,,,,,,,
1280246,2021/22,2021-11-06,Arun Jaitley Stadium,2,4.8,Assam,Bihar,R Parag,Denish Das,Abhijeet Saket,6,0,,,,,,,,,
1280246,2021/22,2021-11-06,Arun Jaitley Stadium,2,5.1,Assam,Bihar,Denish Das,R Parag,Hrishi Raj,2,0,,,,,,,,,
1280246,2021/22,2021-11-06,Arun Jaitley Stadium,2,5.2,Assam,Bihar,Denish Das,R Parag,Hrishi Raj,0,0,,,,,,caught,Denish Das,,
1280246,2021/22,2021-11-06,Arun Jaitley Stadium,2,5.3,Assam,Bihar,R Parag,Saahil Jain,Hrishi Raj,0,0,,,,,,,,,
1280246,2021/22,2021-11-06,Arun Jaitley Stadium,2,5.4,Assam,Bihar,R Parag,Saahil Jain,Hrishi Raj,4,0,,,,,,,,,
1280246,2021/22,2021-11-06,Arun Jaitley Stadium,2,5.5,Assam,Bihar,R Parag,Saahil Jain,Hrishi Raj,6,0,,,,,,,,,
1280246,2021/22,2021-11-06,Arun Jaitley Stadium,2,5.6,Assam,Bihar,R Parag,Saahil Jain,Hrishi Raj,0,0,,,,,,,,,
1280246,2021/22,2021-11-06,Arun Jaitley Stadium,2,6.1,Assam,Bihar,Saahil Jain,R Parag,Ashutosh Aman,0,0,,,,,,,,,
1280246,2021/22,2021-11-06,Arun Jaitley Stadium,2,6.2,Assam,Bihar,Saahil Jain,R Parag,Ashutosh Aman,0,0,,,,,,,,,
1280246,2021/22,2021-11-06,Arun Jaitley Stadium,2,6.3,Assam,Bihar,Saahil Jain,R Parag,Ashutosh Aman,0,0,,,,,,,,,
1280246,2021/22,2021-11-06,Arun Jaitley Stadium,2,6.4,Assam,Bihar,Saahil Jain,R Parag,Ashutosh Aman,1,0,,,,,,,,,
1280246,2021/22,2021-11-06,Arun Jaitley Stadium,2,6.5,Assam,Bihar,R Parag,Saahil Jain,Ashutosh Aman,1,0,,,,,,,,,
1280246,2021/22,2021-11-06,Arun Jaitley Stadium,2,6.6,Assam,Bihar,Saahil Jain,R Parag,Ashutosh Aman,1,0,,,,,,,,,
1280246,2021/22,2021-11-06,Arun Jaitley Stadium,2,7.1,Assam,Bihar,Saahil Jain,R Parag,Malay Raj,0,0,,,,,,caught,Saahil Jain,,
1280246,2021/22,2021-11-06,Arun Jaitley Stadium,2,7.2,Assam,Bihar,R Parag,Amit Sinha,Malay Raj,4,0,,,,,,,,,
1280246,2021/22,2021-11-06,Arun Jaitley Stadium,2,7.3,Assam,Bihar,R Parag,Amit Sinha,Malay Raj,1,0,,,,,,,,,
1280246,2021/22,2021-11-06,Arun Jaitley Stadium,2,7.4,Assam,Bihar,Amit Sinha,R Parag,Malay Raj,0,0,,,,,,caught,Amit Sinha,,
1280246,2021/22,2021-11-06,Arun Jaitley Stadium,2,7.5,Assam,Bihar,Rajjakuddin Ahmed,R Parag,Malay Raj,1,0,,,,,,,,,
1280246,2021/22,2021-11-06,Arun Jaitley Stadium,2,7.6,Assam,Bihar,R Parag,Rajjakuddin Ahmed,Malay Raj,0,0,,,,,,,,,
1280246,2021/22,2021-11-06,Arun Jaitley Stadium,2,8.1,Assam,Bihar,Rajjakuddin Ahmed,R Parag,Ashutosh Aman,1,0,,,,,,,,,
1280246,2021/22,2021-11-06,Arun Jaitley Stadium,2,8.2,Assam,Bihar,R Parag,Rajjakuddin Ahmed,Ashutosh Aman,0,0,,,,,,,,,
1280246,2021/22,2021-11-06,Arun Jaitley Stadium,2,8.3,Assam,Bihar,R Parag,Rajjakuddin Ahmed,Ashutosh Aman,0,0,,,,,,,,,
1280246,2021/22,2021-11-06,Arun Jaitley Stadium,2,8.4,Assam,Bihar,R Parag,Rajjakuddin Ahmed,Ashutosh Aman,1,0,,,,,,,,,
1280246,2021/22,2021-11-06,Arun Jaitley Stadium,2,8.5,Assam,Bihar,Rajjakuddin Ahmed,R Parag,Ashutosh Aman,0,0,,,,,,,,,
1280246,2021/22,2021-11-06,Arun Jaitley Stadium,2,8.6,Assam,Bihar,Rajjakuddin Ahmed,R Parag,Ashutosh Aman,0,0,,,,,,,,,
1280246,2021/22,2021-11-06,Arun Jaitley Stadium,2,9.1,Assam,Bihar,R Parag,Rajjakuddin Ahmed,Malay Raj,0,0,,,,,,,,,
1280246,2021/22,2021-11-06,Arun Jaitley Stadium,2,9.2,Assam,Bihar,R Parag,Rajjakuddin Ahmed,Malay Raj,1,0,,,,,,,,,
1280246,2021/22,2021-11-06,Arun Jaitley Stadium,2,9.3,Assam,Bihar,Rajjakuddin Ahmed,R Parag,Malay Raj,6,0,,,,,,,,,
1280246,2021/22,2021-11-06,Arun Jaitley Stadium,2,9.4,Assam,Bihar,Rajjakuddin Ahmed,R Parag,Malay Raj,0,0,,,,,,,,,
1280246,2021/22,2021-11-06,Arun Jaitley Stadium,2,9.5,Assam,Bihar,Rajjakuddin Ahmed,R Parag,Malay Raj,0,0,,,,,,,,,
1280246,2021/22,2021-11-06,Arun Jaitley Stadium,2,9.6,Assam,Bihar,Rajjakuddin Ahmed,R Parag,Malay Raj,0,0,,,,,,,,,
1280246,2021/22,2021-11-06,Arun Jaitley Stadium,2,10.1,Assam,Bihar,R Parag,Rajjakuddin Ahmed,Ashutosh Aman,1,0,,,,,,,,,
1280246,2021/22,2021-11-06,Arun Jaitley Stadium,2,10.2,Assam,Bihar,Rajjakuddin Ahmed,R Parag,Ashutosh Aman,0,0,,,,,,,,,
1280246,2021/22,2021-11-06,Arun Jaitley Stadium,2,10.3,Assam,Bihar,Rajjakuddin Ahmed,R Parag,Ashutosh Aman,0,0,,,,,,lbw,Rajjakuddin Ahmed,,
1280246,2021/22,2021-11-06,Arun Jaitley Stadium,2,10.4,Assam,Bihar,Amlanjyoti Das,R Parag,Ashutosh Aman,0,0,,,,,,,,,
1280246,2021/22,2021-11-06,Arun Jaitley Stadium,2,10.5,Assam,Bihar,Amlanjyoti Das,R Parag,Ashutosh Aman,0,0,,,,,,,,,
1280246,2021/22,2021-11-06,Arun Jaitley Stadium,2,10.6,Assam,Bihar,Amlanjyoti Das,R Parag,Ashutosh Aman,0,0,,,,,,,,,
1280246,2021/22,2021-11-06,Arun Jaitley Stadium,2,11.1,Assam,Bihar,R Parag,Amlanjyoti Das,Malay Raj,6,0,,,,,,,,,
1280246,2021/22,2021-11-06,Arun Jaitley Stadium,2,11.2,Assam,Bihar,R Parag,Amlanjyoti Das,Malay Raj,1,0,,,,,,,,,
1280246,2021/22,2021-11-06,Arun Jaitley Stadium,2,11.3,Assam,Bihar,Amlanjyoti Das,R Parag,Malay Raj,4,0,,,,,,,,,
1280246,2021/22,2021-11-06,Arun Jaitley Stadium,2,11.4,Assam,Bihar,Amlanjyoti Das,R Parag,Malay Raj,0,0,,,,,,,,,
1280246,2021/22,2021-11-06,Arun Jaitley Stadium,2,11.5,Assam,Bihar,Amlanjyoti Das,R Parag,Malay Raj,0,0,,,,,,,,,
1280246,2021/22,2021-11-06,Arun Jaitley Stadium,2,11.6,Assam,Bihar,Amlanjyoti Das,R Parag,Malay Raj,0,0,,,,,,,,,
1280246,2021/22,2021-11-06,Arun Jaitley Stadium,2,12.1,Assam,Bihar,R Parag,Amlanjyoti Das,Sachin Kumar,1,0,,,,,,,,,
1280246,2021/22,2021-11-06,Arun Jaitley Stadium,2,12.2,Assam,Bihar,Amlanjyoti Das,R Parag,Sachin Kumar,0,0,,,,,,,,,
1280246,2021/22,2021-11-06,Arun Jaitley Stadium,2,12.3,Assam,Bihar,Amlanjyoti Das,R Parag,Sachin Kumar,1,0,,,,,,,,,
1280246,2021/22,2021-11-06,Arun Jaitley Stadium,2,12.4,Assam,Bihar,R Parag,Amlanjyoti Das,Sachin Kumar,1,0,,,,,,,,,
1280246,2021/22,2021-11-06,Arun Jaitley Stadium,2,12.5,Assam,Bihar,Amlanjyoti Das,R Parag,Sachin Kumar,2,0,,,,,,,,,
1280246,2021/22,2021-11-06,Arun Jaitley Stadium,2,12.6,Assam,Bihar,Amlanjyoti Das,R Parag,Sachin Kumar,1,0,,,,,,,,,
1280246,2021/22,2021-11-06,Arun Jaitley Stadium,2,13.1,Assam,Bihar,Amlanjyoti Das,R Parag,Hrishi Raj,0,1,1,,,,,,,,
1280246,2021/22,2021-11-06,Arun Jaitley Stadium,2,13.2,Assam,Bihar,Amlanjyoti Das,R Parag,Hrishi Raj,0,0,,,,,,,,,
1280246,2021/22,2021-11-06,Arun Jaitley Stadium,2,13.3,Assam,Bihar,Amlanjyoti Das,R Parag,Hrishi Raj,0,0,,,,,,,,,
1280246,2021/22,2021-11-06,Arun Jaitley Stadium,2,13.4,Assam,Bihar,Amlanjyoti Das,R Parag,Hrishi Raj,1,0,,,,,,,,,
1280246,2021/22,2021-11-06,Arun Jaitley Stadium,2,13.5,Assam,Bihar,R Parag,Amlanjyoti Das,Hrishi Raj,6,0,,,,,,,,,
1280246,2021/22,2021-11-06,Arun Jaitley Stadium,2,13.6,Assam,Bihar,R Parag,Amlanjyoti Das,Hrishi Raj,0,0,,,,,,,,,
1280246,2021/22,2021-11-06,Arun Jaitley Stadium,2,13.7,Assam,Bihar,R Parag,Amlanjyoti Das,Hrishi Raj,0,1,1,,,,,,,,
1280246,2021/22,2021-11-06,Arun Jaitley Stadium,2,13.8,Assam,Bihar,R Parag,Amlanjyoti Das,Hrishi Raj,4,0,,,,,,,,,
1280246,2021/22,2021-11-06,Arun Jaitley Stadium,2,14.1,Assam,Bihar,Amlanjyoti Das,R Parag,Ashutosh Aman,0,0,,,,,,,,,
1280246,2021/22,2021-11-06,Arun Jaitley Stadium,2,14.2,Assam,Bihar,Amlanjyoti Das,R Parag,Ashutosh Aman,0,0,,,,,,,,,
1280246,2021/22,2021-11-06,Arun Jaitley Stadium,2,14.3,Assam,Bihar,Amlanjyoti Das,R Parag,Ashutosh Aman,0,0,,,,,,,,,
1280246,2021/22,2021-11-06,Arun Jaitley Stadium,2,14.4,Assam,Bihar,Amlanjyoti Das,R Parag,Ashutosh Aman,1,0,,,,,,,,,
1280246,2021/22,2021-11-06,Arun Jaitley Stadium,2,14.5,Assam,Bihar,R Parag,Amlanjyoti Das,Ashutosh Aman,1,0,,,,,,,,,
1280246,2021/22,2021-11-06,Arun Jaitley Stadium,2,14.6,Assam,Bihar,Amlanjyoti Das,R Parag,Ashutosh Aman,1,0,,,,,,,,,
1280246,2021/22,2021-11-06,Arun Jaitley Stadium,2,15.1,Assam,Bihar,Amlanjyoti Das,R Parag,Abhijeet Saket,0,0,,,,,,,,,
1280246,2021/22,2021-11-06,Arun Jaitley Stadium,2,15.2,Assam,Bihar,Amlanjyoti Das,R Parag,Abhijeet Saket,1,0,,,,,,,,,
1280246,2021/22,2021-11-06,Arun Jaitley Stadium,2,15.3,Assam,Bihar,R Parag,Amlanjyoti Das,Abhijeet Saket,0,1,1,,,,,,,,
1280246,2021/22,2021-11-06,Arun Jaitley Stadium,2,15.4,Assam,Bihar,R Parag,Amlanjyoti Das,Abhijeet Saket,2,0,,,,,,,,,
1280246,2021/22,2021-11-06,Arun Jaitley Stadium,2,15.5,Assam,Bihar,R Parag,Amlanjyoti Das,Abhijeet Saket,1,0,,,,,,,,,
1280246,2021/22,2021-11-06,Arun Jaitley Stadium,2,15.6,Assam,Bihar,Amlanjyoti Das,R Parag,Abhijeet Saket,1,0,,,,,,,,,
1280246,2021/22,2021-11-06,Arun Jaitley Stadium,2,15.7,Assam,Bihar,R Parag,Amlanjyoti Das,Abhijeet Saket,1,0,,,,,,,,,
1280246,2021/22,2021-11-06,Arun Jaitley Stadium,2,16.1,Assam,Bihar,R Parag,Amlanjyoti Das,Sachin Kumar,1,0,,,,,,,,,
1280246,2021/22,2021-11-06,Arun Jaitley Stadium,2,16.2,Assam,Bihar,Amlanjyoti Das,R Parag,Sachin Kumar,1,0,,,,,,,,,
1280246,2021/22,2021-11-06,Arun Jaitley Stadium,2,16.3,Assam,Bihar,R Parag,Amlanjyoti Das,Sachin Kumar,1,0,,,,,,,,,
1280246,2021/22,2021-11-06,Arun Jaitley Stadium,2,16.4,Assam,Bihar,Amlanjyoti Das,R Parag,Sachin Kumar,0,0,,,,,,,,,
1280246,2021/22,2021-11-06,Arun Jaitley Stadium,2,16.5,Assam,Bihar,Amlanjyoti Das,R Parag,Sachin Kumar,1,0,,,,,,,,,
1280246,2021/22,2021-11-06,Arun Jaitley Stadium,2,16.6,Assam,Bihar,R Parag,Amlanjyoti Das,Sachin Kumar,2,0,,,,,,,,,
1280246,2021/22,2021-11-06,Arun Jaitley Stadium,2,17.1,Assam,Bihar,Amlanjyoti Das,R Parag,Mangal Mahrour,1,0,,,,,,,,,
1280246,2021/22,2021-11-06,Arun Jaitley Stadium,2,17.2,Assam,Bihar,R Parag,Amlanjyoti Das,Mangal Mahrour,1,0,,,,,,,,,
1280246,2021/22,2021-11-06,Arun Jaitley Stadium,2,17.3,Assam,Bihar,Amlanjyoti Das,R Parag,Mangal Mahrour,1,0,,,,,,,,,
1280246,2021/22,2021-11-06,Arun Jaitley Stadium,2,17.4,Assam,Bihar,R Parag,Amlanjyoti Das,Mangal Mahrour,4,0,,,,,,,,,
1280246,2021/22,2021-11-06,Arun Jaitley Stadium,2,17.5,Assam,Bihar,R Parag,Amlanjyoti Das,Mangal Mahrour,0,0,,,,,,caught,R Parag,,
1280246,2021/22,2021-11-06,Arun Jaitley Stadium,2,17.6,Assam,Bihar,Amlanjyoti Das,Roshan Alam,Mangal Mahrour,0,0,,,,,,,,,
1280246,2021/22,2021-11-06,Arun Jaitley Stadium,2,18.1,Assam,Bihar,Roshan Alam,Amlanjyoti Das,Sachin Kumar,0,0,,,,,,,,,
1280246,2021/22,2021-11-06,Arun Jaitley Stadium,2,18.2,Assam,Bihar,Roshan Alam,Amlanjyoti Das,Sachin Kumar,1,0,,,,,,,,,
1280246,2021/22,2021-11-06,Arun Jaitley Stadium,2,18.3,Assam,Bihar,Amlanjyoti Das,Roshan Alam,Sachin Kumar,4,0,,,,,,,,,
1280246,2021/22,2021-11-06,Arun Jaitley Stadium,2,18.4,Assam,Bihar,Amlanjyoti Das,Roshan Alam,Sachin Kumar,1,0,,,,,,,,,
1280246,2021/22,2021-11-06,Arun Jaitley Stadium,2,18.5,Assam,Bihar,Roshan Alam,Amlanjyoti Das,Sachin Kumar,1,0,,,,,,,,,
