match_id,season,start_date,venue,innings,ball,batting_team,bowling_team,striker,non_striker,bowler,runs_off_bat,extras,wides,noballs,byes,legbyes,penalty,wicket_type,player_dismissed,other_wicket_type,other_player_dismissed
1280284,2021/22,2021-11-09,Arun Jaitley Stadium,1,0.1,Madhya Pradesh,Kerala,VR Iyer,Kuldeep Gehi,Unnikrishnan Manukrishnan,1,0,,,,,,,,,
1280284,2021/22,2021-11-09,Arun Jaitley Stadium,1,0.2,Madhya Pradesh,Kerala,Kuldeep Gehi,VR Iyer,Unnikrishnan Manukrishnan,0,0,,,,,,,,,
1280284,2021/22,2021-11-09,Arun Jaitley Stadium,1,0.3,Madhya Pradesh,Kerala,Kuldeep Gehi,VR Iyer,Unnikrishnan Manukrishnan,4,0,,,,,,,,,
1280284,2021/22,2021-11-09,Arun Jaitley Stadium,1,0.4,Madhya Pradesh,Kerala,Kuldeep Gehi,VR Iyer,Unnikrishnan Manukrishnan,4,0,,,,,,,,,
1280284,2021/22,2021-11-09,Arun Jaitley Stadium,1,0.5,Madhya Pradesh,Kerala,Kuldeep Gehi,VR Iyer,Unnikrishnan Manukrishnan,1,0,,,,,,,,,
1280284,2021/22,2021-11-09,Arun Jaitley Stadium,1,0.6,Madhya Pradesh,Kerala,VR Iyer,Kuldeep Gehi,Unnikrishnan Manukrishnan,0,0,,,,,,caught,VR Iyer,,
1280284,2021/22,2021-11-09,Arun Jaitley Stadium,1,1.1,Madhya Pradesh,Kerala,Kuldeep Gehi,RM Patidar,Sharafuddeen,0,0,,,,,,,,,
1280284,2021/22,2021-11-09,Arun Jaitley Stadium,1,1.2,Madhya Pradesh,Kerala,Kuldeep Gehi,RM Patidar,Sharafuddeen,1,0,,,,,,,,,
1280284,2021/22,2021-11-09,Arun Jaitley Stadium,1,1.3,Madhya Pradesh,Kerala,RM Patidar,Kuldeep Gehi,Sharafuddeen,4,0,,,,,,,,,
1280284,2021/22,2021-11-09,Arun Jaitley Stadium,1,1.4,Madhya Pradesh,Kerala,RM Patidar,Kuldeep Gehi,Sharafuddeen,1,0,,,,,,,,,
1280284,2021/22,2021-11-09,Arun Jaitley Stadium,1,1.5,Madhya Pradesh,Kerala,Kuldeep Gehi,RM Patidar,Sharafuddeen,0,0,,,,,,,,,
1280284,2021/22,2021-11-09,Arun Jaitley Stadium,1,1.6,Madhya Pradesh,Kerala,Kuldeep Gehi,RM Patidar,Sharafuddeen,1,0,,,,,,,,,
1280284,2021/22,2021-11-09,Arun Jaitley Stadium,1,2.1,Madhya Pradesh,Kerala,Kuldeep Gehi,RM Patidar,Unnikrishnan Manukrishnan,1,0,,,,,,,,,
1280284,2021/22,2021-11-09,Arun Jaitley Stadium,1,2.2,Madhya Pradesh,Kerala,RM Patidar,Kuldeep Gehi,Unnikrishnan Manukrishnan,0,0,,,,,,,,,
1280284,2021/22,2021-11-09,Arun Jaitley Stadium,1,2.3,Madhya Pradesh,Kerala,RM Patidar,Kuldeep Gehi,Unnikrishnan Manukrishnan,0,0,,,,,,,,,
1280284,2021/22,2021-11-09,Arun Jaitley Stadium,1,2.4,Madhya Pradesh,Kerala,RM Patidar,Kuldeep Gehi,Unnikrishnan Manukrishnan,0,0,,,,,,,,,
1280284,2021/22,2021-11-09,Arun Jaitley Stadium,1,2.5,Madhya Pradesh,Kerala,RM Patidar,Kuldeep Gehi,Unnikrishnan Manukrishnan,0,0,,,,,,,,,
1280284,2021/22,2021-11-09,Arun Jaitley Stadium,1,2.6,Madhya Pradesh,Kerala,RM Patidar,Kuldeep Gehi,Unnikrishnan Manukrishnan,4,0,,,,,,,,,
1280284,2021/22,2021-11-09,Arun Jaitley Stadium,1,3.1,Madhya Pradesh,Kerala,Kuldeep Gehi,RM Patidar,Sharafuddeen,6,0,,,,,,,,,
1280284,2021/22,2021-11-09,Arun Jaitley Stadium,1,3.2,Madhya Pradesh,Kerala,Kuldeep Gehi,RM Patidar,Sharafuddeen,0,4,,,,4,,,,,
1280284,2021/22,2021-11-09,Arun Jaitley Stadium,1,3.3,Madhya Pradesh,Kerala,Kuldeep Gehi,RM Patidar,Sharafuddeen,4,0,,,,,,,,,
1280284,2021/22,2021-11-09,Arun Jaitley Stadium,1,3.4,Madhya Pradesh,Kerala,Kuldeep Gehi,RM Patidar,Sharafuddeen,6,0,,,,,,,,,
1280284,2021/22,2021-11-09,Arun Jaitley Stadium,1,3.5,Madhya Pradesh,Kerala,Kuldeep Gehi,RM Patidar,Sharafuddeen,1,0,,,,,,,,,
1280284,2021/22,2021-11-09,Arun Jaitley Stadium,1,3.6,Madhya Pradesh,Kerala,RM Patidar,Kuldeep Gehi,Sharafuddeen,0,0,,,,,,,,,
1280284,2021/22,2021-11-09,Arun Jaitley Stadium,1,4.1,Madhya Pradesh,Kerala,Kuldeep Gehi,RM Patidar,Basil Thampi,1,0,,,,,,,,,
1280284,2021/22,2021-11-09,Arun Jaitley Stadium,1,4.2,Madhya Pradesh,Kerala,RM Patidar,Kuldeep Gehi,Basil Thampi,4,0,,,,,,,,,
1280284,2021/22,2021-11-09,Arun Jaitley Stadium,1,4.3,Madhya Pradesh,Kerala,RM Patidar,Kuldeep Gehi,Basil Thampi,1,0,,,,,,,,,
1280284,2021/22,2021-11-09,Arun Jaitley Stadium,1,4.4,Madhya Pradesh,Kerala,Kuldeep Gehi,RM Patidar,Basil Thampi,0,1,1,,,,,,,,
1280284,2021/22,2021-11-09,Arun Jaitley Stadium,1,4.5,Madhya Pradesh,Kerala,Kuldeep Gehi,RM Patidar,Basil Thampi,0,0,,,,,,,,,
1280284,2021/22,2021-11-09,Arun Jaitley Stadium,1,4.6,Madhya Pradesh,Kerala,Kuldeep Gehi,RM Patidar,Basil Thampi,1,0,,,,,,,,,
1280284,2021/22,2021-11-09,Arun Jaitley Stadium,1,4.7,Madhya Pradesh,Kerala,RM Patidar,Kuldeep Gehi,Basil Thampi,4,0,,,,,,,,,
1280284,2021/22,2021-11-09,Arun Jaitley Stadium,1,5.1,Madhya Pradesh,Kerala,Kuldeep Gehi,RM Patidar,Jalaj S Saxena,0,0,,,,,,,,,
1280284,2021/22,2021-11-09,Arun Jaitley Stadium,1,5.2,Madhya Pradesh,Kerala,Kuldeep Gehi,RM Patidar,Jalaj S Saxena,0,0,,,,,,,,,
1280284,2021/22,2021-11-09,Arun Jaitley Stadium,1,5.3,Madhya Pradesh,Kerala,Kuldeep Gehi,RM Patidar,Jalaj S Saxena,0,0,,,,,,,,,
1280284,2021/22,2021-11-09,Arun Jaitley Stadium,1,5.4,Madhya Pradesh,Kerala,Kuldeep Gehi,RM Patidar,Jalaj S Saxena,0,0,,,,,,caught,Kuldeep Gehi,,
1280284,2021/22,2021-11-09,Arun Jaitley Stadium,1,5.5,Madhya Pradesh,Kerala,Parth Sahani,RM Patidar,Jalaj S Saxena,0,0,,,,,,,,,
1280284,2021/22,2021-11-09,Arun Jaitley Stadium,1,5.6,Madhya Pradesh,Kerala,Parth Sahani,RM Patidar,Jalaj S Saxena,0,0,,,,,,,,,
1280284,2021/22,2021-11-09,Arun Jaitley Stadium,1,6.1,Madhya Pradesh,Kerala,RM Patidar,Parth Sahani,S Midhun,1,0,,,,,,,,,
1280284,2021/22,2021-11-09,Arun Jaitley Stadium,1,6.2,Madhya Pradesh,Kerala,Parth Sahani,RM Patidar,S Midhun,0,0,,,,,,,,,
1280284,2021/22,2021-11-09,Arun Jaitley Stadium,1,6.3,Madhya Pradesh,Kerala,Parth Sahani,RM Patidar,S Midhun,0,0,,,,,,,,,
1280284,2021/22,2021-11-09,Arun Jaitley Stadium,1,6.4,Madhya Pradesh,Kerala,Parth Sahani,RM Patidar,S Midhun,1,0,,,,,,,,,
1280284,2021/22,2021-11-09,Arun Jaitley Stadium,1,6.5,Madhya Pradesh,Kerala,RM Patidar,Parth Sahani,S Midhun,0,0,,,,,,,,,
1280284,2021/22,2021-11-09,Arun Jaitley Stadium,1,6.6,Madhya Pradesh,Kerala,RM Patidar,Parth Sahani,S Midhun,0,0,,,,,,,,,
1280284,2021/22,2021-11-09,Arun Jaitley Stadium,1,7.1,Madhya Pradesh,Kerala,Parth Sahani,RM Patidar,Jalaj S Saxena,4,0,,,,,,,,,
1280284,2021/22,2021-11-09,Arun Jaitley Stadium,1,7.2,Madhya Pradesh,Kerala,Parth Sahani,RM Patidar,Jalaj S Saxena,1,0,,,,,,,,,
1280284,2021/22,2021-11-09,Arun Jaitley Stadium,1,7.3,Madhya Pradesh,Kerala,RM Patidar,Parth Sahani,Jalaj S Saxena,2,0,,,,,,,,,
1280284,2021/22,2021-11-09,Arun Jaitley Stadium,1,7.4,Madhya Pradesh,Kerala,RM Patidar,Parth Sahani,Jalaj S Saxena,1,0,,,,,,,,,
1280284,2021/22,2021-11-09,Arun Jaitley Stadium,1,7.5,Madhya Pradesh,Kerala,Parth Sahani,RM Patidar,Jalaj S Saxena,1,0,,,,,,,,,
1280284,2021/22,2021-11-09,Arun Jaitley Stadium,1,7.6,Madhya Pradesh,Kerala,RM Patidar,Parth Sahani,Jalaj S Saxena,0,0,,,,,,,,,
1280284,2021/22,2021-11-09,Arun Jaitley Stadium,1,8.1,Madhya Pradesh,Kerala,Parth Sahani,RM Patidar,Basil Thampi,0,0,,,,,,,,,
1280284,2021/22,2021-11-09,Arun Jaitley Stadium,1,8.2,Madhya Pradesh,Kerala,Parth Sahani,RM Patidar,Basil Thampi,4,0,,,,,,,,,
1280284,2021/22,2021-11-09,Arun Jaitley Stadium,1,8.3,Madhya Pradesh,Kerala,Parth Sahani,RM Patidar,Basil Thampi,0,0,,,,,,,,,
1280284,2021/22,2021-11-09,Arun Jaitley Stadium,1,8.4,Madhya Pradesh,Kerala,Parth Sahani,RM Patidar,Basil Thampi,1,0,,,,,,,,,
1280284,2021/22,2021-11-09,Arun Jaitley Stadium,1,8.5,Madhya Pradesh,Kerala,RM Patidar,Parth Sahani,Basil Thampi,0,0,,,,,,,,,
1280284,2021/22,2021-11-09,Arun Jaitley Stadium,1,8.6,Madhya Pradesh,Kerala,RM Patidar,Parth Sahani,Basil Thampi,1,0,,,,,,,,,
1280284,2021/22,2021-11-09,Arun Jaitley Stadium,1,9.1,Madhya Pradesh,Kerala,RM Patidar,Parth Sahani,Sachin Baby,4,0,,,,,,,,,
1280284,2021/22,2021-11-09,Arun Jaitley Stadium,1,9.2,Madhya Pradesh,Kerala,RM Patidar,Parth Sahani,Sachin Baby,1,0,,,,,,,,,
1280284,2021/22,2021-11-09,Arun Jaitley Stadium,1,9.3,Madhya Pradesh,Kerala,Parth Sahani,RM Patidar,Sachin Baby,1,0,,,,,,,,,
1280284,2021/22,2021-11-09,Arun Jaitley Stadium,1,9.4,Madhya Pradesh,Kerala,RM Patidar,Parth Sahani,Sachin Baby,1,0,,,,,,,,,
1280284,2021/22,2021-11-09,Arun Jaitley Stadium,1,9.5,Madhya Pradesh,Kerala,Parth Sahani,RM Patidar,Sachin Baby,6,0,,,,,,,,,
1280284,2021/22,2021-11-09,Arun Jaitley Stadium,1,9.6,Madhya Pradesh,Kerala,Parth Sahani,RM Patidar,Sachin Baby,1,0,,,,,,,,,
1280284,2021/22,2021-11-09,Arun Jaitley Stadium,1,10.1,Madhya Pradesh,Kerala,Parth Sahani,RM Patidar,S Midhun,1,0,,,,,,,,,
1280284,2021/22,2021-11-09,Arun Jaitley Stadium,1,10.2,Madhya Pradesh,Kerala,RM Patidar,Parth Sahani,S Midhun,1,0,,,,,,,,,
1280284,2021/22,2021-11-09,Arun Jaitley Stadium,1,10.3,Madhya Pradesh,Kerala,Parth Sahani,RM Patidar,S Midhun,1,0,,,,,,,,,
1280284,2021/22,2021-11-09,Arun Jaitley Stadium,1,10.4,Madhya Pradesh,Kerala,RM Patidar,Parth Sahani,S Midhun,4,0,,,,,,,,,
1280284,2021/22,2021-11-09,Arun Jaitley Stadium,1,10.5,Madhya Pradesh,Kerala,RM Patidar,Parth Sahani,S Midhun,1,0,,,,,,,,,
1280284,2021/22,2021-11-09,Arun Jaitley Stadium,1,10.6,Madhya Pradesh,Kerala,Parth Sahani,RM Patidar,S Midhun,0,0,,,,,,,,,
1280284,2021/22,2021-11-09,Arun Jaitley Stadium,1,11.1,Madhya Pradesh,Kerala,RM Patidar,Parth Sahani,Jalaj S Saxena,1,0,,,,,,,,,
1280284,2021/22,2021-11-09,Arun Jaitley Stadium,1,11.2,Madhya Pradesh,Kerala,Parth Sahani,RM Patidar,Jalaj S Saxena,2,0,,,,,,,,,
1280284,2021/22,2021-11-09,Arun Jaitley Stadium,1,11.3,Madhya Pradesh,Kerala,Parth Sahani,RM Patidar,Jalaj S Saxena,1,0,,,,,,,,,
1280284,2021/22,2021-11-09,Arun Jaitley Stadium,1,11.4,Madhya Pradesh,Kerala,RM Patidar,Parth Sahani,Jalaj S Saxena,1,0,,,,,,,,,
1280284,2021/22,2021-11-09,Arun Jaitley Stadium,1,11.5,Madhya Pradesh,Kerala,Parth Sahani,RM Patidar,Jalaj S Saxena,4,0,,,,,,,,,
1280284,2021/22,2021-11-09,Arun Jaitley Stadium,1,11.6,Madhya Pradesh,Kerala,Parth Sahani,RM Patidar,Jalaj S Saxena,1,0,,,,,,,,,
1280284,2021/22,2021-11-09,Arun Jaitley Stadium,1,12.1,Madhya Pradesh,Kerala,Parth Sahani,RM Patidar,MS Akhil,0,0,,,,,,,,,
1280284,2021/22,2021-11-09,Arun Jaitley Stadium,1,12.2,Madhya Pradesh,Kerala,Parth Sahani,RM Patidar,MS Akhil,2,0,,,,,,,,,
1280284,2021/22,2021-11-09,Arun Jaitley Stadium,1,12.3,Madhya Pradesh,Kerala,Parth Sahani,RM Patidar,MS Akhil,0,0,,,,,,caught,Parth Sahani,,
1280284,2021/22,2021-11-09,Arun Jaitley Stadium,1,12.4,Madhya Pradesh,Kerala,Saransh Jain,RM Patidar,MS Akhil,1,0,,,,,,,,,
1280284,2021/22,2021-11-09,Arun Jaitley Stadium,1,12.5,Madhya Pradesh,Kerala,RM Patidar,Saransh Jain,MS Akhil,2,0,,,,,,,,,
1280284,2021/22,2021-11-09,Arun Jaitley Stadium,1,12.6,Madhya Pradesh,Kerala,RM Patidar,Saransh Jain,MS Akhil,1,0,,,,,,,,,
1280284,2021/22,2021-11-09,Arun Jaitley Stadium,1,13.1,Madhya Pradesh,Kerala,RM Patidar,Saransh Jain,S Midhun,1,0,,,,,,,,,
1280284,2021/22,2021-11-09,Arun Jaitley Stadium,1,13.2,Madhya Pradesh,Kerala,Saransh Jain,RM Patidar,S Midhun,1,0,,,,,,,,,
1280284,2021/22,2021-11-09,Arun Jaitley Stadium,1,13.3,Madhya Pradesh,Kerala,RM Patidar,Saransh Jain,S Midhun,1,0,,,,,,,,,
1280284,2021/22,2021-11-09,Arun Jaitley Stadium,1,13.4,Madhya Pradesh,Kerala,Saransh Jain,RM Patidar,S Midhun,0,0,,,,,,,,,
1280284,2021/22,2021-11-09,Arun Jaitley Stadium,1,13.5,Madhya Pradesh,Kerala,Saransh Jain,RM Patidar,S Midhun,1,0,,,,,,,,,
1280284,2021/22,2021-11-09,Arun Jaitley Stadium,1,13.6,Madhya Pradesh,Kerala,RM Patidar,Saransh Jain,S Midhun,2,0,,,,,,,,,
1280284,2021/22,2021-11-09,Arun Jaitley Stadium,1,14.1,Madhya Pradesh,Kerala,Saransh Jain,RM Patidar,MS Akhil,1,0,,,,,,,,,
1280284,2021/22,2021-11-09,Arun Jaitley Stadium,1,14.2,Madhya Pradesh,Kerala,RM Patidar,Saransh Jain,MS Akhil,0,0,,,,,,,,,
1280284,2021/22,2021-11-09,Arun Jaitley Stadium,1,14.3,Madhya Pradesh,Kerala,RM Patidar,Saransh Jain,MS Akhil,1,0,,,,,,,,,
1280284,2021/22,2021-11-09,Arun Jaitley Stadium,1,14.4,Madhya Pradesh,Kerala,Saransh Jain,RM Patidar,MS Akhil,1,0,,,,,,,,,
1280284,2021/22,2021-11-09,Arun Jaitley Stadium,1,14.5,Madhya Pradesh,Kerala,RM Patidar,Saransh Jain,MS Akhil,1,0,,,,,,,,,
1280284,2021/22,2021-11-09,Arun Jaitley Stadium,1,14.6,Madhya Pradesh,Kerala,Saransh Jain,RM Patidar,MS Akhil,1,0,,,,,,,,,
1280284,2021/22,2021-11-09,Arun Jaitley Stadium,1,15.1,Madhya Pradesh,Kerala,Saransh Jain,RM Patidar,Jalaj S Saxena,1,0,,,,,,,,,
1280284,2021/22,2021-11-09,Arun Jaitley Stadium,1,15.2,Madhya Pradesh,Kerala,RM Patidar,Saransh Jain,Jalaj S Saxena,2,0,,,,,,,,,
1280284,2021/22,2021-11-09,Arun Jaitley Stadium,1,15.3,Madhya Pradesh,Kerala,RM Patidar,Saransh Jain,Jalaj S Saxena,1,0,,,,,,,,,
1280284,2021/22,2021-11-09,Arun Jaitley Stadium,1,15.4,Madhya Pradesh,Kerala,Saransh Jain,RM Patidar,Jalaj S Saxena,2,0,,,,,,,,,
1280284,2021/22,2021-11-09,Arun Jaitley Stadium,1,15.5,Madhya Pradesh,Kerala,Saransh Jain,RM Patidar,Jalaj S Saxena,0,0,,,,,,,,,
1280284,2021/22,2021-11-09,Arun Jaitley Stadium,1,15.6,Madhya Pradesh,Kerala,Saransh Jain,RM Patidar,Jalaj S Saxena,1,0,,,,,,,,,
1280284,2021/22,2021-11-09,Arun Jaitley Stadium,1,16.1,Madhya Pradesh,Kerala,Saransh Jain,RM Patidar,S Midhun,0,1,1,,,,,,,,
1280284,2021/22,2021-11-09,Arun Jaitley Stadium,1,16.2,Madhya Pradesh,Kerala,Saransh Jain,RM Patidar,S Midhun,1,0,,,,,,,,,
1280284,2021/22,2021-11-09,Arun Jaitley Stadium,1,16.3,Madhya Pradesh,Kerala,RM Patidar,Saransh Jain,S Midhun,1,0,,,,,,,,,
1280284,2021/22,2021-11-09,Arun Jaitley Stadium,1,16.4,Madhya Pradesh,Kerala,Saransh Jain,RM Patidar,S Midhun,0,0,,,,,,caught,Saransh Jain,,
1280284,2021/22,2021-11-09,Arun Jaitley Stadium,1,16.5,Madhya Pradesh,Kerala,Rakesh Thakur,RM Patidar,S Midhun,1,0,,,,,,,,,
1280284,2021/22,2021-11-09,Arun Jaitley Stadium,1,16.6,Madhya Pradesh,Kerala,RM Patidar,Rakesh Thakur,S Midhun,1,0,,,,,,,,,
1280284,2021/22,2021-11-09,Arun Jaitley Stadium,1,16.7,Madhya Pradesh,Kerala,Rakesh Thakur,RM Patidar,S Midhun,0,0,,,,,,,,,
1280284,2021/22,2021-11-09,Arun Jaitley Stadium,1,17.1,Madhya Pradesh,Kerala,RM Patidar,Rakesh Thakur,MS Akhil,1,0,,,,,,,,,
1280284,2021/22,2021-11-09,Arun Jaitley Stadium,1,17.2,Madhya Pradesh,Kerala,Rakesh Thakur,RM Patidar,MS Akhil,1,0,,,,,,,,,
1280284,2021/22,2021-11-09,Arun Jaitley Stadium,1,17.3,Madhya Pradesh,Kerala,RM Patidar,Rakesh Thakur,MS Akhil,1,0,,,,,,,,,
1280284,2021/22,2021-11-09,Arun Jaitley Stadium,1,17.4,Madhya Pradesh,Kerala,Rakesh Thakur,RM Patidar,MS Akhil,0,0,,,,,,,,,
1280284,2021/22,2021-11-09,Arun Jaitley Stadium,1,17.5,Madhya Pradesh,Kerala,Rakesh Thakur,RM Patidar,MS Akhil,1,0,,,,,,,,,
1280284,2021/22,2021-11-09,Arun Jaitley Stadium,1,17.6,Madhya Pradesh,Kerala,RM Patidar,Rakesh Thakur,MS Akhil,1,0,,,,,,,,,
1280284,2021/22,2021-11-09,Arun Jaitley Stadium,1,18.1,Madhya Pradesh,Kerala,RM Patidar,Rakesh Thakur,Basil Thampi,4,0,,,,,,,,,
1280284,2021/22,2021-11-09,Arun Jaitley Stadium,1,18.2,Madhya Pradesh,Kerala,RM Patidar,Rakesh Thakur,Basil Thampi,1,0,,,,,,,,,
1280284,2021/22,2021-11-09,Arun Jaitley Stadium,1,18.3,Madhya Pradesh,Kerala,Rakesh Thakur,RM Patidar,Basil Thampi,2,0,,,,,,,,,
1280284,2021/22,2021-11-09,Arun Jaitley Stadium,1,18.4,Madhya Pradesh,Kerala,Rakesh Thakur,RM Patidar,Basil Thampi,1,0,,,,,,,,,
1280284,2021/22,2021-11-09,Arun Jaitley Stadium,1,18.5,Madhya Pradesh,Kerala,RM Patidar,Rakesh Thakur,Basil Thampi,6,0,,,,,,,,,
1280284,2021/22,2021-11-09,Arun Jaitley Stadium,1,18.6,Madhya Pradesh,Kerala,RM Patidar,Rakesh Thakur,Basil Thampi,0,0,,,,,,,,,
1280284,2021/22,2021-11-09,Arun Jaitley Stadium,1,19.1,Madhya Pradesh,Kerala,Rakesh Thakur,RM Patidar,MS Akhil,6,0,,,,,,,,,
1280284,2021/22,2021-11-09,Arun Jaitley Stadium,1,19.2,Madhya Pradesh,Kerala,Rakesh Thakur,RM Patidar,MS Akhil,0,0,,,,,,,,,
1280284,2021/22,2021-11-09,Arun Jaitley Stadium,1,19.3,Madhya Pradesh,Kerala,Rakesh Thakur,RM Patidar,MS Akhil,1,0,,,,,,,,,
1280284,2021/22,2021-11-09,Arun Jaitley Stadium,1,19.4,Madhya Pradesh,Kerala,RM Patidar,Rakesh Thakur,MS Akhil,6,0,,,,,,,,,
1280284,2021/22,2021-11-09,Arun Jaitley Stadium,1,19.5,Madhya Pradesh,Kerala,RM Patidar,Rakesh Thakur,MS Akhil,6,0,,,,,,,,,
1280284,2021/22,2021-11-09,Arun Jaitley Stadium,1,19.6,Madhya Pradesh,Kerala,RM Patidar,Rakesh Thakur,MS Akhil,0,0,,,,,,caught,RM Patidar,,
1280284,2021/22,2021-11-09,Arun Jaitley Stadium,2,0.1,Kerala,Madhya Pradesh,Rohan Kunnummal,Mohammed Azharuddeen,Avesh Khan,0,0,,,,,,,,,
1280284,2021/22,2021-11-09,Arun Jaitley Stadium,2,0.2,Kerala,Madhya Pradesh,Rohan Kunnummal,Mohammed Azharuddeen,Avesh Khan,0,0,,,,,,,,,
1280284,2021/22,2021-11-09,Arun Jaitley Stadium,2,0.3,Kerala,Madhya Pradesh,Rohan Kunnummal,Mohammed Azharuddeen,Avesh Khan,0,4,,,4,,,,,,
1280284,2021/22,2021-11-09,Arun Jaitley Stadium,2,0.4,Kerala,Madhya Pradesh,Rohan Kunnummal,Mohammed Azharuddeen,Avesh Khan,0,0,,,,,,,,,
1280284,2021/22,2021-11-09,Arun Jaitley Stadium,2,0.5,Kerala,Madhya Pradesh,Rohan Kunnummal,Mohammed Azharuddeen,Avesh Khan,0,0,,,,,,,,,
1280284,2021/22,2021-11-09,Arun Jaitley Stadium,2,0.6,Kerala,Madhya Pradesh,Rohan Kunnummal,Mohammed Azharuddeen,Avesh Khan,1,0,,,,,,,,,
1280284,2021/22,2021-11-09,Arun Jaitley Stadium,2,1.1,Kerala,Madhya Pradesh,Rohan Kunnummal,Mohammed Azharuddeen,KR Sen,4,0,,,,,,,,,
1280284,2021/22,2021-11-09,Arun Jaitley Stadium,2,1.2,Kerala,Madhya Pradesh,Rohan Kunnummal,Mohammed Azharuddeen,KR Sen,0,0,,,,,,,,,
1280284,2021/22,2021-11-09,Arun Jaitley Stadium,2,1.3,Kerala,Madhya Pradesh,Rohan Kunnummal,Mohammed Azharuddeen,KR Sen,1,0,,,,,,,,,
1280284,2021/22,2021-11-09,Arun Jaitley Stadium,2,1.4,Kerala,Madhya Pradesh,Mohammed Azharuddeen,Rohan Kunnummal,KR Sen,0,0,,,,,,,,,
1280284,2021/22,2021-11-09,Arun Jaitley Stadium,2,1.5,Kerala,Madhya Pradesh,Mohammed Azharuddeen,Rohan Kunnummal,KR Sen,4,0,,,,,,,,,
1280284,2021/22,2021-11-09,Arun Jaitley Stadium,2,1.6,Kerala,Madhya Pradesh,Mohammed Azharuddeen,Rohan Kunnummal,KR Sen,4,0,,,,,,,,,
1280284,2021/22,2021-11-09,Arun Jaitley Stadium,2,2.1,Kerala,Madhya Pradesh,Rohan Kunnummal,Mohammed Azharuddeen,Avesh Khan,0,1,,,,1,,,,,
1280284,2021/22,2021-11-09,Arun Jaitley Stadium,2,2.2,Kerala,Madhya Pradesh,Mohammed Azharuddeen,Rohan Kunnummal,Avesh Khan,1,0,,,,,,,,,
1280284,2021/22,2021-11-09,Arun Jaitley Stadium,2,2.3,Kerala,Madhya Pradesh,Rohan Kunnummal,Mohammed Azharuddeen,Avesh Khan,0,0,,,,,,,,,
1280284,2021/22,2021-11-09,Arun Jaitley Stadium,2,2.4,Kerala,Madhya Pradesh,Rohan Kunnummal,Mohammed Azharuddeen,Avesh Khan,1,0,,,,,,,,,
1280284,2021/22,2021-11-09,Arun Jaitley Stadium,2,2.5,Kerala,Madhya Pradesh,Mohammed Azharuddeen,Rohan Kunnummal,Avesh Khan,1,0,,,,,,,,,
1280284,2021/22,2021-11-09,Arun Jaitley Stadium,2,2.6,Kerala,Madhya Pradesh,Rohan Kunnummal,Mohammed Azharuddeen,Avesh Khan,0,0,,,,,,,,,
1280284,2021/22,2021-11-09,Arun Jaitley Stadium,2,3.1,Kerala,Madhya Pradesh,Mohammed Azharuddeen,Rohan Kunnummal,VR Iyer,0,1,1,,,,,,,,
1280284,2021/22,2021-11-09,Arun Jaitley Stadium,2,3.2,Kerala,Madhya Pradesh,Mohammed Azharuddeen,Rohan Kunnummal,VR Iyer,1,0,,,,,,,,,
1280284,2021/22,2021-11-09,Arun Jaitley Stadium,2,3.3,Kerala,Madhya Pradesh,Rohan Kunnummal,Mohammed Azharuddeen,VR Iyer,1,0,,,,,,,,,
1280284,2021/22,2021-11-09,Arun Jaitley Stadium,2,3.4,Kerala,Madhya Pradesh,Mohammed Azharuddeen,Rohan Kunnummal,VR Iyer,0,0,,,,,,,,,
1280284,2021/22,2021-11-09,Arun Jaitley Stadium,2,3.5,Kerala,Madhya Pradesh,Mohammed Azharuddeen,Rohan Kunnummal,VR Iyer,0,4,,,4,,,,,,
1280284,2021/22,2021-11-09,Arun Jaitley Stadium,2,3.6,Kerala,Madhya Pradesh,Mohammed Azharuddeen,Rohan Kunnummal,VR Iyer,0,0,,,,,,,,,
1280284,2021/22,2021-11-09,Arun Jaitley Stadium,2,3.7,Kerala,Madhya Pradesh,Mohammed Azharuddeen,Rohan Kunnummal,VR Iyer,0,0,,,,,,,,,
1280284,2021/22,2021-11-09,Arun Jaitley Stadium,2,4.1,Kerala,Madhya Pradesh,Rohan Kunnummal,Mohammed Azharuddeen,KR Sen,1,0,,,,,,,,,
1280284,2021/22,2021-11-09,Arun Jaitley Stadium,2,4.2,Kerala,Madhya Pradesh,Mohammed Azharuddeen,Rohan Kunnummal,KR Sen,1,0,,,,,,,,,
1280284,2021/22,2021-11-09,Arun Jaitley Stadium,2,4.3,Kerala,Madhya Pradesh,Rohan Kunnummal,Mohammed Azharuddeen,KR Sen,0,0,,,,,,,,,
1280284,2021/22,2021-11-09,Arun Jaitley Stadium,2,4.4,Kerala,Madhya Pradesh,Rohan Kunnummal,Mohammed Azharuddeen,KR Sen,2,0,,,,,,,,,
1280284,2021/22,2021-11-09,Arun Jaitley Stadium,2,4.5,Kerala,Madhya Pradesh,Rohan Kunnummal,Mohammed Azharuddeen,KR Sen,4,0,,,,,,,,,
1280284,2021/22,2021-11-09,Arun Jaitley Stadium,2,4.6,Kerala,Madhya Pradesh,Rohan Kunnummal,Mohammed Azharuddeen,KR Sen,6,0,,,,,,,,,
1280284,2021/22,2021-11-09,Arun Jaitley Stadium,2,5.1,Kerala,Madhya Pradesh,Mohammed Azharuddeen,Rohan Kunnummal,VR Iyer,1,0,,,,,,,,,
1280284,2021/22,2021-11-09,Arun Jaitley Stadium,2,5.2,Kerala,Madhya Pradesh,Rohan Kunnummal,Mohammed Azharuddeen,VR Iyer,1,0,,,,,,,,,
1280284,2021/22,2021-11-09,Arun Jaitley Stadium,2,5.3,Kerala,Madhya Pradesh,Mohammed Azharuddeen,Rohan Kunnummal,VR Iyer,1,0,,,,,,,,,
1280284,2021/22,2021-11-09,Arun Jaitley Stadium,2,5.4,Kerala,Madhya Pradesh,Rohan Kunnummal,Mohammed Azharuddeen,VR Iyer,1,0,,,,,,,,,
1280284,2021/22,2021-11-09,Arun Jaitley Stadium,2,5.5,Kerala,Madhya Pradesh,Mohammed Azharuddeen,Rohan Kunnummal,VR Iyer,1,0,,,,,,,,,
1280284,2021/22,2021-11-09,Arun Jaitley Stadium,2,5.6,Kerala,Madhya Pradesh,Rohan Kunnummal,Mohammed Azharuddeen,VR Iyer,4,0,,,,,,,,,
1280284,2021/22,2021-11-09,Arun Jaitley Stadium,2,6.1,Kerala,Madhya Pradesh,Mohammed Azharuddeen,Rohan Kunnummal,K Kartikeya,1,0,,,,,,,,,
1280284,2021/22,2021-11-09,Arun Jaitley Stadium,2,6.2,Kerala,Madhya Pradesh,Rohan Kunnummal,Mohammed Azharuddeen,K Kartikeya,1,0,,,,,,,,,
1280284,2021/22,2021-11-09,Arun Jaitley Stadium,2,6.3,Kerala,Madhya Pradesh,Mohammed Azharuddeen,Rohan Kunnummal,K Kartikeya,0,0,,,,,,,,,
1280284,2021/22,2021-11-09,Arun Jaitley Stadium,2,6.4,Kerala,Madhya Pradesh,Mohammed Azharuddeen,Rohan Kunnummal,K Kartikeya,0,0,,,,,,,,,
1280284,2021/22,2021-11-09,Arun Jaitley Stadium,2,6.5,Kerala,Madhya Pradesh,Mohammed Azharuddeen,Rohan Kunnummal,K Kartikeya,1,0,,,,,,,,,
1280284,2021/22,2021-11-09,Arun Jaitley Stadium,2,6.6,Kerala,Madhya Pradesh,Rohan Kunnummal,Mohammed Azharuddeen,K Kartikeya,0,0,,,,,,,,,
1280284,2021/22,2021-11-09,Arun Jaitley Stadium,2,7.1,Kerala,Madhya Pradesh,Mohammed Azharuddeen,Rohan Kunnummal,Mihir Hirwani,1,0,,,,,,,,,
1280284,2021/22,2021-11-09,Arun Jaitley Stadium,2,7.2,Kerala,Madhya Pradesh,Rohan Kunnummal,Mohammed Azharuddeen,Mihir Hirwani,1,0,,,,,,,,,
1280284,2021/22,2021-11-09,Arun Jaitley Stadium,2,7.3,Kerala,Madhya Pradesh,Mohammed Azharuddeen,Rohan Kunnummal,Mihir Hirwani,1,0,,,,,,,,,
1280284,2021/22,2021-11-09,Arun Jaitley Stadium,2,7.4,Kerala,Madhya Pradesh,Rohan Kunnummal,Mohammed Azharuddeen,Mihir Hirwani,0,0,,,,,,,,,
1280284,2021/22,2021-11-09,Arun Jaitley Stadium,2,7.5,Kerala,Madhya Pradesh,Rohan Kunnummal,Mohammed Azharuddeen,Mihir Hirwani,0,0,,,,,,stumped,Rohan Kunnummal,,
1280284,2021/22,2021-11-09,Arun Jaitley Stadium,2,7.6,Kerala,Madhya Pradesh,Sachin Baby,Mohammed Azharuddeen,Mihir Hirwani,2,0,,,,,,,,,
1280284,2021/22,2021-11-09,Arun Jaitley Stadium,2,8.1,Kerala,Madhya Pradesh,Mohammed Azharuddeen,Sachin Baby,K Kartikeya,2,0,,,,,,,,,
1280284,2021/22,2021-11-09,Arun Jaitley Stadium,2,8.2,Kerala,Madhya Pradesh,Mohammed Azharuddeen,Sachin Baby,K Kartikeya,0,0,,,,,,caught,Mohammed Azharuddeen,,
1280284,2021/22,2021-11-09,Arun Jaitley Stadium,2,8.3,Kerala,Madhya Pradesh,SV Samson,Sachin Baby,K Kartikeya,0,0,,,,,,,,,
1280284,2021/22,2021-11-09,Arun Jaitley Stadium,2,8.4,Kerala,Madhya Pradesh,SV Samson,Sachin Baby,K Kartikeya,1,0,,,,,,,,,
1280284,2021/22,2021-11-09,Arun Jaitley Stadium,2,8.5,Kerala,Madhya Pradesh,Sachin Baby,SV Samson,K Kartikeya,1,0,,,,,,,,,
1280284,2021/22,2021-11-09,Arun Jaitley Stadium,2,8.6,Kerala,Madhya Pradesh,SV Samson,Sachin Baby,K Kartikeya,1,0,,,,,,,,,
1280284,2021/22,2021-11-09,Arun Jaitley Stadium,2,9.1,Kerala,Madhya Pradesh,SV Samson,Sachin Baby,Mihir Hirwani,0,0,,,,,,,,,
1280284,2021/22,2021-11-09,Arun Jaitley Stadium,2,9.2,Kerala,Madhya Pradesh,SV Samson,Sachin Baby,Mihir Hirwani,4,0,,,,,,,,,
1280284,2021/22,2021-11-09,Arun Jaitley Stadium,2,9.3,Kerala,Madhya Pradesh,SV Samson,Sachin Baby,Mihir Hirwani,1,0,,,,,,,,,
1280284,2021/22,2021-11-09,Arun Jaitley Stadium,2,9.4,Kerala,Madhya Pradesh,Sachin Baby,SV Samson,Mihir Hirwani,1,0,,,,,,,,,
1280284,2021/22,2021-11-09,Arun Jaitley Stadium,2,9.5,Kerala,Madhya Pradesh,SV Samson,Sachin Baby,Mihir Hirwani,6,0,,,,,,,,,
1280284,2021/22,2021-11-09,Arun Jaitley Stadium,2,9.6,Kerala,Madhya Pradesh,SV Samson,Sachin Baby,Mihir Hirwani,1,0,,,,,,,,,
1280284,2021/22,2021-11-09,Arun Jaitley Stadium,2,10.1,Kerala,Madhya Pradesh,SV Samson,Sachin Baby,K Kartikeya,0,0,,,,,,,,,
1280284,2021/22,2021-11-09,Arun Jaitley Stadium,2,10.2,Kerala,Madhya Pradesh,SV Samson,Sachin Baby,K Kartikeya,1,0,,,,,,,,,
1280284,2021/22,2021-11-09,Arun Jaitley Stadium,2,10.3,Kerala,Madhya Pradesh,Sachin Baby,SV Samson,K Kartikeya,4,0,,,,,,,,,
1280284,2021/22,2021-11-09,Arun Jaitley Stadium,2,10.4,Kerala,Madhya Pradesh,Sachin Baby,SV Samson,K Kartikeya,0,0,,,,,,,,,
1280284,2021/22,2021-11-09,Arun Jaitley Stadium,2,10.5,Kerala,Madhya Pradesh,Sachin Baby,SV Samson,K Kartikeya,1,0,,,,,,,,,
1280284,2021/22,2021-11-09,Arun Jaitley Stadium,2,10.6,Kerala,Madhya Pradesh,SV Samson,Sachin Baby,K Kartikeya,0,0,,,,,,,,,
1280284,2021/22,2021-11-09,Arun Jaitley Stadium,2,11.1,Kerala,Madhya Pradesh,Sachin Baby,SV Samson,Saransh Jain,1,0,,,,,,,,,
1280284,2021/22,2021-11-09,Arun Jaitley Stadium,2,11.2,Kerala,Madhya Pradesh,SV Samson,Sachin Baby,Saransh Jain,2,0,,,,,,,,,
1280284,2021/22,2021-11-09,Arun Jaitley Stadium,2,11.3,Kerala,Madhya Pradesh,SV Samson,Sachin Baby,Saransh Jain,0,0,,,,,,,,,
1280284,2021/22,2021-11-09,Arun Jaitley Stadium,2,11.4,Kerala,Madhya Pradesh,SV Samson,Sachin Baby,Saransh Jain,0,1,1,,,,,,,,
1280284,2021/22,2021-11-09,Arun Jaitley Stadium,2,11.5,Kerala,Madhya Pradesh,SV Samson,Sachin Baby,Saransh Jain,1,0,,,,,,,,,
1280284,2021/22,2021-11-09,Arun Jaitley Stadium,2,11.6,Kerala,Madhya Pradesh,Sachin Baby,SV Samson,Saransh Jain,1,0,,,,,,,,,
1280284,2021/22,2021-11-09,Arun Jaitley Stadium,2,11.7,Kerala,Madhya Pradesh,SV Samson,Sachin Baby,Saransh Jain,4,0,,,,,,,,,
1280284,2021/22,2021-11-09,Arun Jaitley Stadium,2,12.1,Kerala,Madhya Pradesh,Sachin Baby,SV Samson,K Kartikeya,0,0,,,,,,,,,
1280284,2021/22,2021-11-09,Arun Jaitley Stadium,2,12.2,Kerala,Madhya Pradesh,Sachin Baby,SV Samson,K Kartikeya,4,0,,,,,,,,,
1280284,2021/22,2021-11-09,Arun Jaitley Stadium,2,12.3,Kerala,Madhya Pradesh,Sachin Baby,SV Samson,K Kartikeya,4,0,,,,,,,,,
1280284,2021/22,2021-11-09,Arun Jaitley Stadium,2,12.4,Kerala,Madhya Pradesh,Sachin Baby,SV Samson,K Kartikeya,1,0,,,,,,,,,
1280284,2021/22,2021-11-09,Arun Jaitley Stadium,2,12.5,Kerala,Madhya Pradesh,SV Samson,Sachin Baby,K Kartikeya,1,0,,,,,,,,,
1280284,2021/22,2021-11-09,Arun Jaitley Stadium,2,12.6,Kerala,Madhya Pradesh,Sachin Baby,SV Samson,K Kartikeya,1,0,,,,,,,,,
1280284,2021/22,2021-11-09,Arun Jaitley Stadium,2,13.1,Kerala,Madhya Pradesh,Sachin Baby,SV Samson,Saransh Jain,1,0,,,,,,,,,
1280284,2021/22,2021-11-09,Arun Jaitley Stadium,2,13.2,Kerala,Madhya Pradesh,SV Samson,Sachin Baby,Saransh Jain,1,0,,,,,,,,,
1280284,2021/22,2021-11-09,Arun Jaitley Stadium,2,13.3,Kerala,Madhya Pradesh,Sachin Baby,SV Samson,Saransh Jain,0,0,,,,,,,,,
1280284,2021/22,2021-11-09,Arun Jaitley Stadium,2,13.4,Kerala,Madhya Pradesh,Sachin Baby,SV Samson,Saransh Jain,0,1,,1,,,,,,,
1280284,2021/22,2021-11-09,Arun Jaitley Stadium,2,13.5,Kerala,Madhya Pradesh,Sachin Baby,SV Samson,Saransh Jain,0,1,1,,,,,,,,
1280284,2021/22,2021-11-09,Arun Jaitley Stadium,2,13.6,Kerala,Madhya Pradesh,Sachin Baby,SV Samson,Saransh Jain,6,0,,,,,,,,,
1280284,2021/22,2021-11-09,Arun Jaitley Stadium,2,13.7,Kerala,Madhya Pradesh,Sachin Baby,SV Samson,Saransh Jain,1,0,,,,,,,,,
1280284,2021/22,2021-11-09,Arun Jaitley Stadium,2,13.8,Kerala,Madhya Pradesh,SV Samson,Sachin Baby,Saransh Jain,1,0,,,,,,,,,
1280284,2021/22,2021-11-09,Arun Jaitley Stadium,2,14.1,Kerala,Madhya Pradesh,SV Samson,Sachin Baby,Avesh Khan,6,0,,,,,,,,,
1280284,2021/22,2021-11-09,Arun Jaitley Stadium,2,14.2,Kerala,Madhya Pradesh,SV Samson,Sachin Baby,Avesh Khan,1,0,,,,,,,,,
1280284,2021/22,2021-11-09,Arun Jaitley Stadium,2,14.3,Kerala,Madhya Pradesh,Sachin Baby,SV Samson,Avesh Khan,1,0,,,,,,,,,
1280284,2021/22,2021-11-09,Arun Jaitley Stadium,2,14.4,Kerala,Madhya Pradesh,SV Samson,Sachin Baby,Avesh Khan,2,0,,,,,,,,,
1280284,2021/22,2021-11-09,Arun Jaitley Stadium,2,14.5,Kerala,Madhya Pradesh,SV Samson,Sachin Baby,Avesh Khan,0,0,,,,,,,,,
1280284,2021/22,2021-11-09,Arun Jaitley Stadium,2,14.6,Kerala,Madhya Pradesh,SV Samson,Sachin Baby,Avesh Khan,4,0,,,,,,,,,
1280284,2021/22,2021-11-09,Arun Jaitley Stadium,2,15.1,Kerala,Madhya Pradesh,Sachin Baby,SV Samson,VR Iyer,1,0,,,,,,,,,
1280284,2021/22,2021-11-09,Arun Jaitley Stadium,2,15.2,Kerala,Madhya Pradesh,SV Samson,Sachin Baby,VR Iyer,4,0,,,,,,,,,
1280284,2021/22,2021-11-09,Arun Jaitley Stadium,2,15.3,Kerala,Madhya Pradesh,SV Samson,Sachin Baby,VR Iyer,1,0,,,,,,,,,
1280284,2021/22,2021-11-09,Arun Jaitley Stadium,2,15.4,Kerala,Madhya Pradesh,Sachin Baby,SV Samson,VR Iyer,1,0,,,,,,,,,
1280284,2021/22,2021-11-09,Arun Jaitley Stadium,2,15.5,Kerala,Madhya Pradesh,SV Samson,Sachin Baby,VR Iyer,6,0,,,,,,,,,
1280284,2021/22,2021-11-09,Arun Jaitley Stadium,2,15.6,Kerala,Madhya Pradesh,SV Samson,Sachin Baby,VR Iyer,1,0,,,,,,,,,
1280284,2021/22,2021-11-09,Arun Jaitley Stadium,2,16.1,Kerala,Madhya Pradesh,SV Samson,Sachin Baby,KR Sen,1,0,,,,,,,,,
1280284,2021/22,2021-11-09,Arun Jaitley Stadium,2,16.2,Kerala,Madhya Pradesh,Sachin Baby,SV Samson,KR Sen,1,0,,,,,,,,,
1280284,2021/22,2021-11-09,Arun Jaitley Stadium,2,16.3,Kerala,Madhya Pradesh,SV Samson,Sachin Baby,KR Sen,2,0,,,,,,,,,
1280284,2021/22,2021-11-09,Arun Jaitley Stadium,2,16.4,Kerala,Madhya Pradesh,SV Samson,Sachin Baby,KR Sen,1,0,,,,,,,,,
1280284,2021/22,2021-11-09,Arun Jaitley Stadium,2,16.5,Kerala,Madhya Pradesh,Sachin Baby,SV Samson,KR Sen,6,0,,,,,,,,,
1280284,2021/22,2021-11-09,Arun Jaitley Stadium,2,16.6,Kerala,Madhya Pradesh,Sachin Baby,SV Samson,KR Sen,0,1,1,,,,,,,,
1280284,2021/22,2021-11-09,Arun Jaitley Stadium,2,16.7,Kerala,Madhya Pradesh,Sachin Baby,SV Samson,KR Sen,6,0,,,,,,,,,
1280284,2021/22,2021-11-09,Arun Jaitley Stadium,2,17.1,Kerala,Madhya Pradesh,SV Samson,Sachin Baby,Mihir Hirwani,1,0,,,,,,,,,
1280284,2021/22,2021-11-09,Arun Jaitley Stadium,2,17.2,Kerala,Madhya Pradesh,Sachin Baby,SV Samson,Mihir Hirwani,0,1,1,,,,,,,,
1280284,2021/22,2021-11-09,Arun Jaitley Stadium,2,17.3,Kerala,Madhya Pradesh,Sachin Baby,SV Samson,Mihir Hirwani,4,0,,,,,,,,,
1280284,2021/22,2021-11-09,Arun Jaitley Stadium,2,17.4,Kerala,Madhya Pradesh,Sachin Baby,SV Samson,Mihir Hirwani,1,0,,,,,,,,,
1280284,2021/22,2021-11-09,Arun Jaitley Stadium,2,17.5,Kerala,Madhya Pradesh,SV Samson,Sachin Baby,Mihir Hirwani,0,0,,,,,,,,,
1280284,2021/22,2021-11-09,Arun Jaitley Stadium,2,17.6,Kerala,Madhya Pradesh,SV Samson,Sachin Baby,Mihir Hirwani,1,0,,,,,,,,,
1280284,2021/22,2021-11-09,Arun Jaitley Stadium,2,17.7,Kerala,Madhya Pradesh,Sachin Baby,SV Samson,Mihir Hirwani,1,0,,,,,,,,,
