match_id,season,start_date,venue,innings,ball,batting_team,bowling_team,striker,non_striker,bowler,runs_off_bat,extras,wides,noballs,byes,legbyes,penalty,wicket_type,player_dismissed,other_wicket_type,other_player_dismissed
1280249,2021/22,2021-11-06,Gurugram Cricket Ground (SRNCC),1,0.1,Chandigarh,Hyderabad (India),M Vohra,Sarul Kanwar,Ravi Teja,0,0,,,,,,,,,
1280249,2021/22,2021-11-06,Gurugram Cricket Ground (SRNCC),1,0.2,Chandigarh,Hyderabad (India),M Vohra,Sarul Kanwar,Ravi Teja,0,0,,,,,,,,,
1280249,2021/22,2021-11-06,Gurugram Cricket Ground (SRNCC),1,0.3,Chandigarh,Hyderabad (India),M Vohra,Sarul Kanwar,Ravi Teja,1,0,,,,,,,,,
1280249,2021/22,2021-11-06,Gurugram Cricket Ground (SRNCC),1,0.4,Chandigarh,Hyderabad (India),Sarul Kanwar,M Vohra,Ravi Teja,0,0,,,,,,,,,
1280249,2021/22,2021-11-06,Gurugram Cricket Ground (SRNCC),1,0.5,Chandigarh,Hyderabad (India),Sarul Kanwar,M Vohra,Ravi Teja,0,0,,,,,,,,,
1280249,2021/22,2021-11-06,Gurugram Cricket Ground (SRNCC),1,0.6,Chandigarh,Hyderabad (India),Sarul Kanwar,M Vohra,Ravi Teja,4,0,,,,,,,,,
1280249,2021/22,2021-11-06,Gurugram Cricket Ground (SRNCC),1,1.1,Chandigarh,Hyderabad (India),M Vohra,Sarul Kanwar,Mohammed Siraj,2,0,,,,,,,,,
1280249,2021/22,2021-11-06,Gurugram Cricket Ground (SRNCC),1,1.2,Chandigarh,Hyderabad (India),M Vohra,Sarul Kanwar,Mohammed Siraj,0,0,,,,,,,,,
1280249,2021/22,2021-11-06,Gurugram Cricket Ground (SRNCC),1,1.3,Chandigarh,Hyderabad (India),M Vohra,Sarul Kanwar,Mohammed Siraj,1,0,,,,,,,,,
1280249,2021/22,2021-11-06,Gurugram Cricket Ground (SRNCC),1,1.4,Chandigarh,Hyderabad (India),Sarul Kanwar,M Vohra,Mohammed Siraj,0,0,,,,,,,,,
1280249,2021/22,2021-11-06,Gurugram Cricket Ground (SRNCC),1,1.5,Chandigarh,Hyderabad (India),Sarul Kanwar,M Vohra,Mohammed Siraj,0,0,,,,,,,,,
1280249,2021/22,2021-11-06,Gurugram Cricket Ground (SRNCC),1,1.6,Chandigarh,Hyderabad (India),Sarul Kanwar,M Vohra,Mohammed Siraj,4,0,,,,,,,,,
1280249,2021/22,2021-11-06,Gurugram Cricket Ground (SRNCC),1,2.1,Chandigarh,Hyderabad (India),M Vohra,Sarul Kanwar,CV Milind,4,0,,,,,,,,,
1280249,2021/22,2021-11-06,Gurugram Cricket Ground (SRNCC),1,2.2,Chandigarh,Hyderabad (India),M Vohra,Sarul Kanwar,CV Milind,1,0,,,,,,,,,
1280249,2021/22,2021-11-06,Gurugram Cricket Ground (SRNCC),1,2.3,Chandigarh,Hyderabad (India),Sarul Kanwar,M Vohra,CV Milind,1,0,,,,,,,,,
1280249,2021/22,2021-11-06,Gurugram Cricket Ground (SRNCC),1,2.4,Chandigarh,Hyderabad (India),M Vohra,Sarul Kanwar,CV Milind,0,0,,,,,,,,,
1280249,2021/22,2021-11-06,Gurugram Cricket Ground (SRNCC),1,2.5,Chandigarh,Hyderabad (India),M Vohra,Sarul Kanwar,CV Milind,0,0,,,,,,,,,
1280249,2021/22,2021-11-06,Gurugram Cricket Ground (SRNCC),1,2.6,Chandigarh,Hyderabad (India),M Vohra,Sarul Kanwar,CV Milind,1,0,,,,,,,,,
1280249,2021/22,2021-11-06,Gurugram Cricket Ground (SRNCC),1,3.1,Chandigarh,Hyderabad (India),M Vohra,Sarul Kanwar,Mohammed Siraj,1,0,,,,,,,,,
1280249,2021/22,2021-11-06,Gurugram Cricket Ground (SRNCC),1,3.2,Chandigarh,Hyderabad (India),Sarul Kanwar,M Vohra,Mohammed Siraj,0,0,,,,,,,,,
1280249,2021/22,2021-11-06,Gurugram Cricket Ground (SRNCC),1,3.3,Chandigarh,Hyderabad (India),Sarul Kanwar,M Vohra,Mohammed Siraj,0,0,,,,,,,,,
1280249,2021/22,2021-11-06,Gurugram Cricket Ground (SRNCC),1,3.4,Chandigarh,Hyderabad (India),Sarul Kanwar,M Vohra,Mohammed Siraj,0,0,,,,,,,,,
1280249,2021/22,2021-11-06,Gurugram Cricket Ground (SRNCC),1,3.5,Chandigarh,Hyderabad (India),Sarul Kanwar,M Vohra,Mohammed Siraj,0,0,,,,,,,,,
1280249,2021/22,2021-11-06,Gurugram Cricket Ground (SRNCC),1,3.6,Chandigarh,Hyderabad (India),Sarul Kanwar,M Vohra,Mohammed Siraj,0,0,,,,,,,,,
1280249,2021/22,2021-11-06,Gurugram Cricket Ground (SRNCC),1,4.1,Chandigarh,Hyderabad (India),M Vohra,Sarul Kanwar,Tanay Thyagarajan,6,0,,,,,,,,,
1280249,2021/22,2021-11-06,Gurugram Cricket Ground (SRNCC),1,4.2,Chandigarh,Hyderabad (India),M Vohra,Sarul Kanwar,Tanay Thyagarajan,1,0,,,,,,,,,
1280249,2021/22,2021-11-06,Gurugram Cricket Ground (SRNCC),1,4.3,Chandigarh,Hyderabad (India),Sarul Kanwar,M Vohra,Tanay Thyagarajan,1,0,,,,,,,,,
1280249,2021/22,2021-11-06,Gurugram Cricket Ground (SRNCC),1,4.4,Chandigarh,Hyderabad (India),M Vohra,Sarul Kanwar,Tanay Thyagarajan,4,0,,,,,,,,,
1280249,2021/22,2021-11-06,Gurugram Cricket Ground (SRNCC),1,4.5,Chandigarh,Hyderabad (India),M Vohra,Sarul Kanwar,Tanay Thyagarajan,0,0,,,,,,,,,
1280249,2021/22,2021-11-06,Gurugram Cricket Ground (SRNCC),1,4.6,Chandigarh,Hyderabad (India),M Vohra,Sarul Kanwar,Tanay Thyagarajan,1,0,,,,,,,,,
1280249,2021/22,2021-11-06,Gurugram Cricket Ground (SRNCC),1,5.1,Chandigarh,Hyderabad (India),M Vohra,Sarul Kanwar,CV Milind,1,0,,,,,,,,,
1280249,2021/22,2021-11-06,Gurugram Cricket Ground (SRNCC),1,5.2,Chandigarh,Hyderabad (India),Sarul Kanwar,M Vohra,CV Milind,1,0,,,,,,,,,
1280249,2021/22,2021-11-06,Gurugram Cricket Ground (SRNCC),1,5.3,Chandigarh,Hyderabad (India),M Vohra,Sarul Kanwar,CV Milind,6,0,,,,,,,,,
1280249,2021/22,2021-11-06,Gurugram Cricket Ground (SRNCC),1,5.4,Chandigarh,Hyderabad (India),M Vohra,Sarul Kanwar,CV Milind,4,0,,,,,,,,,
1280249,2021/22,2021-11-06,Gurugram Cricket Ground (SRNCC),1,5.5,Chandigarh,Hyderabad (India),M Vohra,Sarul Kanwar,CV Milind,0,0,,,,,,,,,
1280249,2021/22,2021-11-06,Gurugram Cricket Ground (SRNCC),1,5.6,Chandigarh,Hyderabad (India),M Vohra,Sarul Kanwar,CV Milind,1,0,,,,,,,,,
1280249,2021/22,2021-11-06,Gurugram Cricket Ground (SRNCC),1,6.1,Chandigarh,Hyderabad (India),M Vohra,Sarul Kanwar,Tanay Thyagarajan,1,0,,,,,,,,,
1280249,2021/22,2021-11-06,Gurugram Cricket Ground (SRNCC),1,6.2,Chandigarh,Hyderabad (India),Sarul Kanwar,M Vohra,Tanay Thyagarajan,1,0,,,,,,,,,
1280249,2021/22,2021-11-06,Gurugram Cricket Ground (SRNCC),1,6.3,Chandigarh,Hyderabad (India),M Vohra,Sarul Kanwar,Tanay Thyagarajan,1,0,,,,,,,,,
1280249,2021/22,2021-11-06,Gurugram Cricket Ground (SRNCC),1,6.4,Chandigarh,Hyderabad (India),Sarul Kanwar,M Vohra,Tanay Thyagarajan,0,0,,,,,,,,,
1280249,2021/22,2021-11-06,Gurugram Cricket Ground (SRNCC),1,6.5,Chandigarh,Hyderabad (India),Sarul Kanwar,M Vohra,Tanay Thyagarajan,1,0,,,,,,,,,
1280249,2021/22,2021-11-06,Gurugram Cricket Ground (SRNCC),1,6.6,Chandigarh,Hyderabad (India),M Vohra,Sarul Kanwar,Tanay Thyagarajan,1,0,,,,,,,,,
1280249,2021/22,2021-11-06,Gurugram Cricket Ground (SRNCC),1,7.1,Chandigarh,Hyderabad (India),M Vohra,Sarul Kanwar,Ravi Teja,1,0,,,,,,,,,
1280249,2021/22,2021-11-06,Gurugram Cricket Ground (SRNCC),1,7.2,Chandigarh,Hyderabad (India),Sarul Kanwar,M Vohra,Ravi Teja,0,0,,,,,,,,,
1280249,2021/22,2021-11-06,Gurugram Cricket Ground (SRNCC),1,7.3,Chandigarh,Hyderabad (India),Sarul Kanwar,M Vohra,Ravi Teja,0,0,,,,,,caught,Sarul Kanwar,,
1280249,2021/22,2021-11-06,Gurugram Cricket Ground (SRNCC),1,7.4,Chandigarh,Hyderabad (India),Shivam Bhambri,M Vohra,Ravi Teja,1,0,,,,,,,,,
1280249,2021/22,2021-11-06,Gurugram Cricket Ground (SRNCC),1,7.5,Chandigarh,Hyderabad (India),M Vohra,Shivam Bhambri,Ravi Teja,1,0,,,,,,,,,
1280249,2021/22,2021-11-06,Gurugram Cricket Ground (SRNCC),1,7.6,Chandigarh,Hyderabad (India),Shivam Bhambri,M Vohra,Ravi Teja,0,0,,,,,,,,,
1280249,2021/22,2021-11-06,Gurugram Cricket Ground (SRNCC),1,8.1,Chandigarh,Hyderabad (India),M Vohra,Shivam Bhambri,Tanay Thyagarajan,1,0,,,,,,,,,
1280249,2021/22,2021-11-06,Gurugram Cricket Ground (SRNCC),1,8.2,Chandigarh,Hyderabad (India),Shivam Bhambri,M Vohra,Tanay Thyagarajan,1,0,,,,,,,,,
1280249,2021/22,2021-11-06,Gurugram Cricket Ground (SRNCC),1,8.3,Chandigarh,Hyderabad (India),M Vohra,Shivam Bhambri,Tanay Thyagarajan,0,0,,,,,,,,,
1280249,2021/22,2021-11-06,Gurugram Cricket Ground (SRNCC),1,8.4,Chandigarh,Hyderabad (India),M Vohra,Shivam Bhambri,Tanay Thyagarajan,0,0,,,,,,,,,
1280249,2021/22,2021-11-06,Gurugram Cricket Ground (SRNCC),1,8.5,Chandigarh,Hyderabad (India),M Vohra,Shivam Bhambri,Tanay Thyagarajan,1,0,,,,,,,,,
1280249,2021/22,2021-11-06,Gurugram Cricket Ground (SRNCC),1,8.6,Chandigarh,Hyderabad (India),Shivam Bhambri,M Vohra,Tanay Thyagarajan,1,0,,,,,,,,,
1280249,2021/22,2021-11-06,Gurugram Cricket Ground (SRNCC),1,9.1,Chandigarh,Hyderabad (India),Shivam Bhambri,M Vohra,GH Vihari,0,0,,,,,,,,,
1280249,2021/22,2021-11-06,Gurugram Cricket Ground (SRNCC),1,9.2,Chandigarh,Hyderabad (India),Shivam Bhambri,M Vohra,GH Vihari,1,0,,,,,,,,,
1280249,2021/22,2021-11-06,Gurugram Cricket Ground (SRNCC),1,9.3,Chandigarh,Hyderabad (India),M Vohra,Shivam Bhambri,GH Vihari,6,0,,,,,,,,,
1280249,2021/22,2021-11-06,Gurugram Cricket Ground (SRNCC),1,9.4,Chandigarh,Hyderabad (India),M Vohra,Shivam Bhambri,GH Vihari,1,0,,,,,,,,,
1280249,2021/22,2021-11-06,Gurugram Cricket Ground (SRNCC),1,9.5,Chandigarh,Hyderabad (India),Shivam Bhambri,M Vohra,GH Vihari,1,0,,,,,,,,,
1280249,2021/22,2021-11-06,Gurugram Cricket Ground (SRNCC),1,9.6,Chandigarh,Hyderabad (India),M Vohra,Shivam Bhambri,GH Vihari,1,0,,,,,,,,,
1280249,2021/22,2021-11-06,Gurugram Cricket Ground (SRNCC),1,10.1,Chandigarh,Hyderabad (India),M Vohra,Shivam Bhambri,Ravi Teja,0,0,,,,,,,,,
1280249,2021/22,2021-11-06,Gurugram Cricket Ground (SRNCC),1,10.2,Chandigarh,Hyderabad (India),M Vohra,Shivam Bhambri,Ravi Teja,1,0,,,,,,,,,
1280249,2021/22,2021-11-06,Gurugram Cricket Ground (SRNCC),1,10.3,Chandigarh,Hyderabad (India),Shivam Bhambri,M Vohra,Ravi Teja,0,0,,,,,,,,,
1280249,2021/22,2021-11-06,Gurugram Cricket Ground (SRNCC),1,10.4,Chandigarh,Hyderabad (India),Shivam Bhambri,M Vohra,Ravi Teja,1,0,,,,,,,,,
1280249,2021/22,2021-11-06,Gurugram Cricket Ground (SRNCC),1,10.5,Chandigarh,Hyderabad (India),M Vohra,Shivam Bhambri,Ravi Teja,1,0,,,,,,,,,
1280249,2021/22,2021-11-06,Gurugram Cricket Ground (SRNCC),1,10.6,Chandigarh,Hyderabad (India),Shivam Bhambri,M Vohra,Ravi Teja,0,0,,,,,,caught and bowled,Shivam Bhambri,,
1280249,2021/22,2021-11-06,Gurugram Cricket Ground (SRNCC),1,11.1,Chandigarh,Hyderabad (India),M Vohra,Ankit Kaushik,Rohit Rayudu,4,0,,,,,,,,,
1280249,2021/22,2021-11-06,Gurugram Cricket Ground (SRNCC),1,11.2,Chandigarh,Hyderabad (India),M Vohra,Ankit Kaushik,Rohit Rayudu,4,0,,,,,,,,,
1280249,2021/22,2021-11-06,Gurugram Cricket Ground (SRNCC),1,11.3,Chandigarh,Hyderabad (India),M Vohra,Ankit Kaushik,Rohit Rayudu,1,0,,,,,,,,,
1280249,2021/22,2021-11-06,Gurugram Cricket Ground (SRNCC),1,11.4,Chandigarh,Hyderabad (India),Ankit Kaushik,M Vohra,Rohit Rayudu,0,0,,,,,,,,,
1280249,2021/22,2021-11-06,Gurugram Cricket Ground (SRNCC),1,11.5,Chandigarh,Hyderabad (India),Ankit Kaushik,M Vohra,Rohit Rayudu,0,0,,,,,,,,,
1280249,2021/22,2021-11-06,Gurugram Cricket Ground (SRNCC),1,11.6,Chandigarh,Hyderabad (India),Ankit Kaushik,M Vohra,Rohit Rayudu,1,0,,,,,,,,,
1280249,2021/22,2021-11-06,Gurugram Cricket Ground (SRNCC),1,12.1,Chandigarh,Hyderabad (India),Ankit Kaushik,M Vohra,GH Vihari,1,0,,,,,,,,,
1280249,2021/22,2021-11-06,Gurugram Cricket Ground (SRNCC),1,12.2,Chandigarh,Hyderabad (India),M Vohra,Ankit Kaushik,GH Vihari,6,0,,,,,,,,,
1280249,2021/22,2021-11-06,Gurugram Cricket Ground (SRNCC),1,12.3,Chandigarh,Hyderabad (India),M Vohra,Ankit Kaushik,GH Vihari,1,0,,,,,,,,,
1280249,2021/22,2021-11-06,Gurugram Cricket Ground (SRNCC),1,12.4,Chandigarh,Hyderabad (India),Ankit Kaushik,M Vohra,GH Vihari,0,0,,,,,,,,,
1280249,2021/22,2021-11-06,Gurugram Cricket Ground (SRNCC),1,12.5,Chandigarh,Hyderabad (India),Ankit Kaushik,M Vohra,GH Vihari,6,0,,,,,,,,,
1280249,2021/22,2021-11-06,Gurugram Cricket Ground (SRNCC),1,12.6,Chandigarh,Hyderabad (India),Ankit Kaushik,M Vohra,GH Vihari,0,0,,,,,,,,,
1280249,2021/22,2021-11-06,Gurugram Cricket Ground (SRNCC),1,13.1,Chandigarh,Hyderabad (India),M Vohra,Ankit Kaushik,Tanay Thyagarajan,1,0,,,,,,,,,
1280249,2021/22,2021-11-06,Gurugram Cricket Ground (SRNCC),1,13.2,Chandigarh,Hyderabad (India),Ankit Kaushik,M Vohra,Tanay Thyagarajan,6,0,,,,,,,,,
1280249,2021/22,2021-11-06,Gurugram Cricket Ground (SRNCC),1,13.3,Chandigarh,Hyderabad (India),Ankit Kaushik,M Vohra,Tanay Thyagarajan,1,0,,,,,,,,,
1280249,2021/22,2021-11-06,Gurugram Cricket Ground (SRNCC),1,13.4,Chandigarh,Hyderabad (India),M Vohra,Ankit Kaushik,Tanay Thyagarajan,1,0,,,,,,,,,
1280249,2021/22,2021-11-06,Gurugram Cricket Ground (SRNCC),1,13.5,Chandigarh,Hyderabad (India),Ankit Kaushik,M Vohra,Tanay Thyagarajan,0,0,,,,,,bowled,Ankit Kaushik,,
1280249,2021/22,2021-11-06,Gurugram Cricket Ground (SRNCC),1,13.6,Chandigarh,Hyderabad (India),Jaskaran Singh,M Vohra,Tanay Thyagarajan,0,0,,,,,,,,,
1280249,2021/22,2021-11-06,Gurugram Cricket Ground (SRNCC),1,14.1,Chandigarh,Hyderabad (India),M Vohra,Jaskaran Singh,Tilak Varma,4,0,,,,,,,,,
1280249,2021/22,2021-11-06,Gurugram Cricket Ground (SRNCC),1,14.2,Chandigarh,Hyderabad (India),M Vohra,Jaskaran Singh,Tilak Varma,1,0,,,,,,,,,
1280249,2021/22,2021-11-06,Gurugram Cricket Ground (SRNCC),1,14.3,Chandigarh,Hyderabad (India),Jaskaran Singh,M Vohra,Tilak Varma,1,0,,,,,,,,,
1280249,2021/22,2021-11-06,Gurugram Cricket Ground (SRNCC),1,14.4,Chandigarh,Hyderabad (India),M Vohra,Jaskaran Singh,Tilak Varma,1,0,,,,,,,,,
1280249,2021/22,2021-11-06,Gurugram Cricket Ground (SRNCC),1,14.5,Chandigarh,Hyderabad (India),Jaskaran Singh,M Vohra,Tilak Varma,1,0,,,,,,,,,
1280249,2021/22,2021-11-06,Gurugram Cricket Ground (SRNCC),1,14.6,Chandigarh,Hyderabad (India),M Vohra,Jaskaran Singh,Tilak Varma,1,0,,,,,,,,,
1280249,2021/22,2021-11-06,Gurugram Cricket Ground (SRNCC),1,15.1,Chandigarh,Hyderabad (India),M Vohra,Jaskaran Singh,Ravi Teja,1,0,,,,,,,,,
1280249,2021/22,2021-11-06,Gurugram Cricket Ground (SRNCC),1,15.2,Chandigarh,Hyderabad (India),Jaskaran Singh,M Vohra,Ravi Teja,0,0,,,,,,,,,
1280249,2021/22,2021-11-06,Gurugram Cricket Ground (SRNCC),1,15.3,Chandigarh,Hyderabad (India),Jaskaran Singh,M Vohra,Ravi Teja,1,0,,,,,,,,,
1280249,2021/22,2021-11-06,Gurugram Cricket Ground (SRNCC),1,15.4,Chandigarh,Hyderabad (India),M Vohra,Jaskaran Singh,Ravi Teja,4,0,,,,,,,,,
1280249,2021/22,2021-11-06,Gurugram Cricket Ground (SRNCC),1,15.5,Chandigarh,Hyderabad (India),M Vohra,Jaskaran Singh,Ravi Teja,1,0,,,,,,,,,
1280249,2021/22,2021-11-06,Gurugram Cricket Ground (SRNCC),1,15.6,Chandigarh,Hyderabad (India),Jaskaran Singh,M Vohra,Ravi Teja,1,0,,,,,,,,,
1280249,2021/22,2021-11-06,Gurugram Cricket Ground (SRNCC),1,16.1,Chandigarh,Hyderabad (India),Jaskaran Singh,M Vohra,CV Milind,6,0,,,,,,,,,
1280249,2021/22,2021-11-06,Gurugram Cricket Ground (SRNCC),1,16.2,Chandigarh,Hyderabad (India),Jaskaran Singh,M Vohra,CV Milind,1,0,,,,,,,,,
1280249,2021/22,2021-11-06,Gurugram Cricket Ground (SRNCC),1,16.3,Chandigarh,Hyderabad (India),M Vohra,Jaskaran Singh,CV Milind,0,0,,,,,,,,,
1280249,2021/22,2021-11-06,Gurugram Cricket Ground (SRNCC),1,16.4,Chandigarh,Hyderabad (India),M Vohra,Jaskaran Singh,CV Milind,0,1,1,,,,,,,,
1280249,2021/22,2021-11-06,Gurugram Cricket Ground (SRNCC),1,16.5,Chandigarh,Hyderabad (India),M Vohra,Jaskaran Singh,CV Milind,2,0,,,,,,,,,
1280249,2021/22,2021-11-06,Gurugram Cricket Ground (SRNCC),1,16.6,Chandigarh,Hyderabad (India),M Vohra,Jaskaran Singh,CV Milind,1,0,,,,,,,,,
1280249,2021/22,2021-11-06,Gurugram Cricket Ground (SRNCC),1,16.7,Chandigarh,Hyderabad (India),Jaskaran Singh,M Vohra,CV Milind,6,0,,,,,,,,,
1280249,2021/22,2021-11-06,Gurugram Cricket Ground (SRNCC),1,17.1,Chandigarh,Hyderabad (India),M Vohra,Jaskaran Singh,Mohammed Siraj,1,0,,,,,,,,,
1280249,2021/22,2021-11-06,Gurugram Cricket Ground (SRNCC),1,17.2,Chandigarh,Hyderabad (India),Jaskaran Singh,M Vohra,Mohammed Siraj,0,0,,,,,,,,,
1280249,2021/22,2021-11-06,Gurugram Cricket Ground (SRNCC),1,17.3,Chandigarh,Hyderabad (India),Jaskaran Singh,M Vohra,Mohammed Siraj,1,0,,,,,,,,,
1280249,2021/22,2021-11-06,Gurugram Cricket Ground (SRNCC),1,17.4,Chandigarh,Hyderabad (India),M Vohra,Jaskaran Singh,Mohammed Siraj,1,0,,,,,,,,,
1280249,2021/22,2021-11-06,Gurugram Cricket Ground (SRNCC),1,17.5,Chandigarh,Hyderabad (India),Jaskaran Singh,M Vohra,Mohammed Siraj,1,0,,,,,,,,,
1280249,2021/22,2021-11-06,Gurugram Cricket Ground (SRNCC),1,17.6,Chandigarh,Hyderabad (India),M Vohra,Jaskaran Singh,Mohammed Siraj,0,0,,,,,,,,,
1280249,2021/22,2021-11-06,Gurugram Cricket Ground (SRNCC),1,18.1,Chandigarh,Hyderabad (India),Jaskaran Singh,M Vohra,CV Milind,0,0,,,,,,caught,Jaskaran Singh,,
1280249,2021/22,2021-11-06,Gurugram Cricket Ground (SRNCC),1,18.2,Chandigarh,Hyderabad (India),M Vohra,Gurinder Singh,CV Milind,4,0,,,,,,,,,
1280249,2021/22,2021-11-06,Gurugram Cricket Ground (SRNCC),1,18.3,Chandigarh,Hyderabad (India),M Vohra,Gurinder Singh,CV Milind,0,0,,,,,,,,,
1280249,2021/22,2021-11-06,Gurugram Cricket Ground (SRNCC),1,18.4,Chandigarh,Hyderabad (India),M Vohra,Gurinder Singh,CV Milind,1,0,,,,,,,,,
1280249,2021/22,2021-11-06,Gurugram Cricket Ground (SRNCC),1,18.5,Chandigarh,Hyderabad (India),Gurinder Singh,M Vohra,CV Milind,1,0,,,,,,,,,
1280249,2021/22,2021-11-06,Gurugram Cricket Ground (SRNCC),1,18.6,Chandigarh,Hyderabad (India),M Vohra,Gurinder Singh,CV Milind,6,0,,,,,,,,,
1280249,2021/22,2021-11-06,Gurugram Cricket Ground (SRNCC),1,19.1,Chandigarh,Hyderabad (India),Gurinder Singh,M Vohra,Mohammed Siraj,0,0,,,,,,,,,
1280249,2021/22,2021-11-06,Gurugram Cricket Ground (SRNCC),1,19.2,Chandigarh,Hyderabad (India),Gurinder Singh,M Vohra,Mohammed Siraj,0,0,,,,,,bowled,Gurinder Singh,,
1280249,2021/22,2021-11-06,Gurugram Cricket Ground (SRNCC),1,19.3,Chandigarh,Hyderabad (India),Arjit Pannu,M Vohra,Mohammed Siraj,1,0,,,,,,,,,
1280249,2021/22,2021-11-06,Gurugram Cricket Ground (SRNCC),1,19.4,Chandigarh,Hyderabad (India),M Vohra,Arjit Pannu,Mohammed Siraj,4,0,,,,,,,,,
1280249,2021/22,2021-11-06,Gurugram Cricket Ground (SRNCC),1,19.5,Chandigarh,Hyderabad (India),M Vohra,Arjit Pannu,Mohammed Siraj,2,0,,,,,,,,,
1280249,2021/22,2021-11-06,Gurugram Cricket Ground (SRNCC),1,19.6,Chandigarh,Hyderabad (India),M Vohra,Arjit Pannu,Mohammed Siraj,1,0,,,,,,,,,
1280249,2021/22,2021-11-06,Gurugram Cricket Ground (SRNCC),2,0.1,Hyderabad (India),Chandigarh,Tanmay Agarwal,GH Vihari,Jagjit Singh,0,0,,,,,,,,,
1280249,2021/22,2021-11-06,Gurugram Cricket Ground (SRNCC),2,0.2,Hyderabad (India),Chandigarh,Tanmay Agarwal,GH Vihari,Jagjit Singh,1,0,,,,,,,,,
1280249,2021/22,2021-11-06,Gurugram Cricket Ground (SRNCC),2,0.3,Hyderabad (India),Chandigarh,GH Vihari,Tanmay Agarwal,Jagjit Singh,0,0,,,,,,,,,
1280249,2021/22,2021-11-06,Gurugram Cricket Ground (SRNCC),2,0.4,Hyderabad (India),Chandigarh,GH Vihari,Tanmay Agarwal,Jagjit Singh,1,0,,,,,,,,,
1280249,2021/22,2021-11-06,Gurugram Cricket Ground (SRNCC),2,0.5,Hyderabad (India),Chandigarh,Tanmay Agarwal,GH Vihari,Jagjit Singh,4,0,,,,,,,,,
1280249,2021/22,2021-11-06,Gurugram Cricket Ground (SRNCC),2,0.6,Hyderabad (India),Chandigarh,Tanmay Agarwal,GH Vihari,Jagjit Singh,0,0,,,,,,,,,
1280249,2021/22,2021-11-06,Gurugram Cricket Ground (SRNCC),2,1.1,Hyderabad (India),Chandigarh,GH Vihari,Tanmay Agarwal,Shreshth Nirmohi,4,0,,,,,,,,,
1280249,2021/22,2021-11-06,Gurugram Cricket Ground (SRNCC),2,1.2,Hyderabad (India),Chandigarh,GH Vihari,Tanmay Agarwal,Shreshth Nirmohi,1,0,,,,,,,,,
1280249,2021/22,2021-11-06,Gurugram Cricket Ground (SRNCC),2,1.3,Hyderabad (India),Chandigarh,Tanmay Agarwal,GH Vihari,Shreshth Nirmohi,0,0,,,,,,,,,
1280249,2021/22,2021-11-06,Gurugram Cricket Ground (SRNCC),2,1.4,Hyderabad (India),Chandigarh,Tanmay Agarwal,GH Vihari,Shreshth Nirmohi,1,0,,,,,,,,,
1280249,2021/22,2021-11-06,Gurugram Cricket Ground (SRNCC),2,1.5,Hyderabad (India),Chandigarh,GH Vihari,Tanmay Agarwal,Shreshth Nirmohi,0,0,,,,,,,,,
1280249,2021/22,2021-11-06,Gurugram Cricket Ground (SRNCC),2,1.6,Hyderabad (India),Chandigarh,GH Vihari,Tanmay Agarwal,Shreshth Nirmohi,0,0,,,,,,,,,
1280249,2021/22,2021-11-06,Gurugram Cricket Ground (SRNCC),2,2.1,Hyderabad (India),Chandigarh,Tanmay Agarwal,GH Vihari,Jagjit Singh,0,0,,,,,,,,,
1280249,2021/22,2021-11-06,Gurugram Cricket Ground (SRNCC),2,2.2,Hyderabad (India),Chandigarh,Tanmay Agarwal,GH Vihari,Jagjit Singh,1,0,,,,,,,,,
1280249,2021/22,2021-11-06,Gurugram Cricket Ground (SRNCC),2,2.3,Hyderabad (India),Chandigarh,GH Vihari,Tanmay Agarwal,Jagjit Singh,0,0,,,,,,,,,
1280249,2021/22,2021-11-06,Gurugram Cricket Ground (SRNCC),2,2.4,Hyderabad (India),Chandigarh,GH Vihari,Tanmay Agarwal,Jagjit Singh,0,0,,,,,,,,,
1280249,2021/22,2021-11-06,Gurugram Cricket Ground (SRNCC),2,2.5,Hyderabad (India),Chandigarh,GH Vihari,Tanmay Agarwal,Jagjit Singh,0,0,,,,,,,,,
1280249,2021/22,2021-11-06,Gurugram Cricket Ground (SRNCC),2,2.6,Hyderabad (India),Chandigarh,GH Vihari,Tanmay Agarwal,Jagjit Singh,1,0,,,,,,,,,
1280249,2021/22,2021-11-06,Gurugram Cricket Ground (SRNCC),2,3.1,Hyderabad (India),Chandigarh,GH Vihari,Tanmay Agarwal,Jaskaran Singh,4,0,,,,,,,,,
1280249,2021/22,2021-11-06,Gurugram Cricket Ground (SRNCC),2,3.2,Hyderabad (India),Chandigarh,GH Vihari,Tanmay Agarwal,Jaskaran Singh,0,0,,,,,,,,,
1280249,2021/22,2021-11-06,Gurugram Cricket Ground (SRNCC),2,3.3,Hyderabad (India),Chandigarh,GH Vihari,Tanmay Agarwal,Jaskaran Singh,4,0,,,,,,,,,
1280249,2021/22,2021-11-06,Gurugram Cricket Ground (SRNCC),2,3.4,Hyderabad (India),Chandigarh,GH Vihari,Tanmay Agarwal,Jaskaran Singh,4,0,,,,,,,,,
1280249,2021/22,2021-11-06,Gurugram Cricket Ground (SRNCC),2,3.5,Hyderabad (India),Chandigarh,GH Vihari,Tanmay Agarwal,Jaskaran Singh,0,0,,,,,,,,,
1280249,2021/22,2021-11-06,Gurugram Cricket Ground (SRNCC),2,3.6,Hyderabad (India),Chandigarh,GH Vihari,Tanmay Agarwal,Jaskaran Singh,0,1,1,,,,,,,,
1280249,2021/22,2021-11-06,Gurugram Cricket Ground (SRNCC),2,3.7,Hyderabad (India),Chandigarh,GH Vihari,Tanmay Agarwal,Jaskaran Singh,0,0,,,,,,,,,
1280249,2021/22,2021-11-06,Gurugram Cricket Ground (SRNCC),2,4.1,Hyderabad (India),Chandigarh,Tanmay Agarwal,GH Vihari,Shreshth Nirmohi,1,0,,,,,,,,,
1280249,2021/22,2021-11-06,Gurugram Cricket Ground (SRNCC),2,4.2,Hyderabad (India),Chandigarh,GH Vihari,Tanmay Agarwal,Shreshth Nirmohi,1,0,,,,,,,,,
1280249,2021/22,2021-11-06,Gurugram Cricket Ground (SRNCC),2,4.3,Hyderabad (India),Chandigarh,Tanmay Agarwal,GH Vihari,Shreshth Nirmohi,4,0,,,,,,,,,
1280249,2021/22,2021-11-06,Gurugram Cricket Ground (SRNCC),2,4.4,Hyderabad (India),Chandigarh,Tanmay Agarwal,GH Vihari,Shreshth Nirmohi,4,0,,,,,,,,,
1280249,2021/22,2021-11-06,Gurugram Cricket Ground (SRNCC),2,4.5,Hyderabad (India),Chandigarh,Tanmay Agarwal,GH Vihari,Shreshth Nirmohi,1,0,,,,,,,,,
1280249,2021/22,2021-11-06,Gurugram Cricket Ground (SRNCC),2,4.6,Hyderabad (India),Chandigarh,GH Vihari,Tanmay Agarwal,Shreshth Nirmohi,1,0,,,,,,,,,
1280249,2021/22,2021-11-06,Gurugram Cricket Ground (SRNCC),2,5.1,Hyderabad (India),Chandigarh,GH Vihari,Tanmay Agarwal,Jaskaran Singh,1,0,,,,,,,,,
1280249,2021/22,2021-11-06,Gurugram Cricket Ground (SRNCC),2,5.2,Hyderabad (India),Chandigarh,Tanmay Agarwal,GH Vihari,Jaskaran Singh,4,0,,,,,,,,,
1280249,2021/22,2021-11-06,Gurugram Cricket Ground (SRNCC),2,5.3,Hyderabad (India),Chandigarh,Tanmay Agarwal,GH Vihari,Jaskaran Singh,1,0,,,,,,,,,
1280249,2021/22,2021-11-06,Gurugram Cricket Ground (SRNCC),2,5.4,Hyderabad (India),Chandigarh,GH Vihari,Tanmay Agarwal,Jaskaran Singh,0,0,,,,,,,,,
1280249,2021/22,2021-11-06,Gurugram Cricket Ground (SRNCC),2,5.5,Hyderabad (India),Chandigarh,GH Vihari,Tanmay Agarwal,Jaskaran Singh,1,0,,,,,,,,,
1280249,2021/22,2021-11-06,Gurugram Cricket Ground (SRNCC),2,5.6,Hyderabad (India),Chandigarh,Tanmay Agarwal,GH Vihari,Jaskaran Singh,0,0,,,,,,,,,
1280249,2021/22,2021-11-06,Gurugram Cricket Ground (SRNCC),2,6.1,Hyderabad (India),Chandigarh,GH Vihari,Tanmay Agarwal,Arpit Pannu,0,0,,,,,,,,,
1280249,2021/22,2021-11-06,Gurugram Cricket Ground (SRNCC),2,6.2,Hyderabad (India),Chandigarh,GH Vihari,Tanmay Agarwal,Arpit Pannu,1,0,,,,,,,,,
1280249,2021/22,2021-11-06,Gurugram Cricket Ground (SRNCC),2,6.3,Hyderabad (India),Chandigarh,Tanmay Agarwal,GH Vihari,Arpit Pannu,1,0,,,,,,,,,
1280249,2021/22,2021-11-06,Gurugram Cricket Ground (SRNCC),2,6.4,Hyderabad (India),Chandigarh,GH Vihari,Tanmay Agarwal,Arpit Pannu,1,0,,,,,,,,,
1280249,2021/22,2021-11-06,Gurugram Cricket Ground (SRNCC),2,6.5,Hyderabad (India),Chandigarh,Tanmay Agarwal,GH Vihari,Arpit Pannu,1,0,,,,,,,,,
1280249,2021/22,2021-11-06,Gurugram Cricket Ground (SRNCC),2,6.6,Hyderabad (India),Chandigarh,GH Vihari,Tanmay Agarwal,Arpit Pannu,1,0,,,,,,,,,
1280249,2021/22,2021-11-06,Gurugram Cricket Ground (SRNCC),2,7.1,Hyderabad (India),Chandigarh,GH Vihari,Tanmay Agarwal,Gurinder Singh,4,0,,,,,,,,,
1280249,2021/22,2021-11-06,Gurugram Cricket Ground (SRNCC),2,7.2,Hyderabad (India),Chandigarh,GH Vihari,Tanmay Agarwal,Gurinder Singh,1,0,,,,,,,,,
1280249,2021/22,2021-11-06,Gurugram Cricket Ground (SRNCC),2,7.3,Hyderabad (India),Chandigarh,Tanmay Agarwal,GH Vihari,Gurinder Singh,4,0,,,,,,,,,
1280249,2021/22,2021-11-06,Gurugram Cricket Ground (SRNCC),2,7.4,Hyderabad (India),Chandigarh,Tanmay Agarwal,GH Vihari,Gurinder Singh,1,0,,,,,,,,,
1280249,2021/22,2021-11-06,Gurugram Cricket Ground (SRNCC),2,7.5,Hyderabad (India),Chandigarh,GH Vihari,Tanmay Agarwal,Gurinder Singh,0,1,1,,,,,,,,
1280249,2021/22,2021-11-06,Gurugram Cricket Ground (SRNCC),2,7.6,Hyderabad (India),Chandigarh,GH Vihari,Tanmay Agarwal,Gurinder Singh,1,0,,,,,,,,,
1280249,2021/22,2021-11-06,Gurugram Cricket Ground (SRNCC),2,7.7,Hyderabad (India),Chandigarh,Tanmay Agarwal,GH Vihari,Gurinder Singh,0,0,,,,,,,,,
1280249,2021/22,2021-11-06,Gurugram Cricket Ground (SRNCC),2,8.1,Hyderabad (India),Chandigarh,GH Vihari,Tanmay Agarwal,Arpit Pannu,1,0,,,,,,,,,
1280249,2021/22,2021-11-06,Gurugram Cricket Ground (SRNCC),2,8.2,Hyderabad (India),Chandigarh,Tanmay Agarwal,GH Vihari,Arpit Pannu,1,0,,,,,,,,,
1280249,2021/22,2021-11-06,Gurugram Cricket Ground (SRNCC),2,8.3,Hyderabad (India),Chandigarh,GH Vihari,Tanmay Agarwal,Arpit Pannu,1,0,,,,,,,,,
1280249,2021/22,2021-11-06,Gurugram Cricket Ground (SRNCC),2,8.4,Hyderabad (India),Chandigarh,Tanmay Agarwal,GH Vihari,Arpit Pannu,1,0,,,,,,,,,
1280249,2021/22,2021-11-06,Gurugram Cricket Ground (SRNCC),2,8.5,Hyderabad (India),Chandigarh,GH Vihari,Tanmay Agarwal,Arpit Pannu,0,0,,,,,,,,,
1280249,2021/22,2021-11-06,Gurugram Cricket Ground (SRNCC),2,8.6,Hyderabad (India),Chandigarh,GH Vihari,Tanmay Agarwal,Arpit Pannu,1,0,,,,,,,,,
1280249,2021/22,2021-11-06,Gurugram Cricket Ground (SRNCC),2,9.1,Hyderabad (India),Chandigarh,GH Vihari,Tanmay Agarwal,Gurinder Singh,1,0,,,,,,,,,
1280249,2021/22,2021-11-06,Gurugram Cricket Ground (SRNCC),2,9.2,Hyderabad (India),Chandigarh,Tanmay Agarwal,GH Vihari,Gurinder Singh,1,0,,,,,,,,,
1280249,2021/22,2021-11-06,Gurugram Cricket Ground (SRNCC),2,9.3,Hyderabad (India),Chandigarh,GH Vihari,Tanmay Agarwal,Gurinder Singh,1,0,,,,,,,,,
1280249,2021/22,2021-11-06,Gurugram Cricket Ground (SRNCC),2,9.4,Hyderabad (India),Chandigarh,Tanmay Agarwal,GH Vihari,Gurinder Singh,1,0,,,,,,,,,
1280249,2021/22,2021-11-06,Gurugram Cricket Ground (SRNCC),2,9.5,Hyderabad (India),Chandigarh,GH Vihari,Tanmay Agarwal,Gurinder Singh,6,0,,,,,,,,,
1280249,2021/22,2021-11-06,Gurugram Cricket Ground (SRNCC),2,9.6,Hyderabad (India),Chandigarh,GH Vihari,Tanmay Agarwal,Gurinder Singh,1,0,,,,,,,,,
1280249,2021/22,2021-11-06,Gurugram Cricket Ground (SRNCC),2,10.1,Hyderabad (India),Chandigarh,GH Vihari,Tanmay Agarwal,Arpit Pannu,1,0,,,,,,,,,
1280249,2021/22,2021-11-06,Gurugram Cricket Ground (SRNCC),2,10.2,Hyderabad (India),Chandigarh,Tanmay Agarwal,GH Vihari,Arpit Pannu,1,0,,,,,,,,,
1280249,2021/22,2021-11-06,Gurugram Cricket Ground (SRNCC),2,10.3,Hyderabad (India),Chandigarh,GH Vihari,Tanmay Agarwal,Arpit Pannu,1,0,,,,,,,,,
1280249,2021/22,2021-11-06,Gurugram Cricket Ground (SRNCC),2,10.4,Hyderabad (India),Chandigarh,Tanmay Agarwal,GH Vihari,Arpit Pannu,0,0,,,,,,lbw,Tanmay Agarwal,,
1280249,2021/22,2021-11-06,Gurugram Cricket Ground (SRNCC),2,10.5,Hyderabad (India),Chandigarh,Tilak Varma,GH Vihari,Arpit Pannu,1,0,,,,,,,,,
1280249,2021/22,2021-11-06,Gurugram Cricket Ground (SRNCC),2,10.6,Hyderabad (India),Chandigarh,GH Vihari,Tilak Varma,Arpit Pannu,0,1,,,,1,,,,,
1280249,2021/22,2021-11-06,Gurugram Cricket Ground (SRNCC),2,11.1,Hyderabad (India),Chandigarh,GH Vihari,Tilak Varma,Gurinder Singh,1,0,,,,,,,,,
1280249,2021/22,2021-11-06,Gurugram Cricket Ground (SRNCC),2,11.2,Hyderabad (India),Chandigarh,Tilak Varma,GH Vihari,Gurinder Singh,0,1,,,,1,,,,,
1280249,2021/22,2021-11-06,Gurugram Cricket Ground (SRNCC),2,11.3,Hyderabad (India),Chandigarh,GH Vihari,Tilak Varma,Gurinder Singh,0,0,,,,,,,,,
1280249,2021/22,2021-11-06,Gurugram Cricket Ground (SRNCC),2,11.4,Hyderabad (India),Chandigarh,GH Vihari,Tilak Varma,Gurinder Singh,0,0,,,,,,,,,
1280249,2021/22,2021-11-06,Gurugram Cricket Ground (SRNCC),2,11.5,Hyderabad (India),Chandigarh,GH Vihari,Tilak Varma,Gurinder Singh,2,0,,,,,,,,,
1280249,2021/22,2021-11-06,Gurugram Cricket Ground (SRNCC),2,11.6,Hyderabad (India),Chandigarh,GH Vihari,Tilak Varma,Gurinder Singh,1,0,,,,,,,,,
1280249,2021/22,2021-11-06,Gurugram Cricket Ground (SRNCC),2,12.1,Hyderabad (India),Chandigarh,GH Vihari,Tilak Varma,Bhagmender Lather,1,0,,,,,,,,,
1280249,2021/22,2021-11-06,Gurugram Cricket Ground (SRNCC),2,12.2,Hyderabad (India),Chandigarh,Tilak Varma,GH Vihari,Bhagmender Lather,6,0,,,,,,,,,
1280249,2021/22,2021-11-06,Gurugram Cricket Ground (SRNCC),2,12.3,Hyderabad (India),Chandigarh,Tilak Varma,GH Vihari,Bhagmender Lather,0,0,,,,,,,,,
1280249,2021/22,2021-11-06,Gurugram Cricket Ground (SRNCC),2,12.4,Hyderabad (India),Chandigarh,Tilak Varma,GH Vihari,Bhagmender Lather,1,0,,,,,,,,,
1280249,2021/22,2021-11-06,Gurugram Cricket Ground (SRNCC),2,12.5,Hyderabad (India),Chandigarh,GH Vihari,Tilak Varma,Bhagmender Lather,1,0,,,,,,,,,
1280249,2021/22,2021-11-06,Gurugram Cricket Ground (SRNCC),2,12.6,Hyderabad (India),Chandigarh,Tilak Varma,GH Vihari,Bhagmender Lather,1,0,,,,,,,,,
1280249,2021/22,2021-11-06,Gurugram Cricket Ground (SRNCC),2,13.1,Hyderabad (India),Chandigarh,Tilak Varma,GH Vihari,Gurinder Singh,6,0,,,,,,,,,
1280249,2021/22,2021-11-06,Gurugram Cricket Ground (SRNCC),2,13.2,Hyderabad (India),Chandigarh,Tilak Varma,GH Vihari,Gurinder Singh,0,0,,,,,,,,,
1280249,2021/22,2021-11-06,Gurugram Cricket Ground (SRNCC),2,13.3,Hyderabad (India),Chandigarh,Tilak Varma,GH Vihari,Gurinder Singh,1,0,,,,,,,,,
1280249,2021/22,2021-11-06,Gurugram Cricket Ground (SRNCC),2,13.4,Hyderabad (India),Chandigarh,GH Vihari,Tilak Varma,Gurinder Singh,0,1,,,,1,,,,,
1280249,2021/22,2021-11-06,Gurugram Cricket Ground (SRNCC),2,13.5,Hyderabad (India),Chandigarh,Tilak Varma,GH Vihari,Gurinder Singh,1,0,,,,,,,,,
1280249,2021/22,2021-11-06,Gurugram Cricket Ground (SRNCC),2,13.6,Hyderabad (India),Chandigarh,GH Vihari,Tilak Varma,Gurinder Singh,1,0,,,,,,,,,
1280249,2021/22,2021-11-06,Gurugram Cricket Ground (SRNCC),2,14.1,Hyderabad (India),Chandigarh,GH Vihari,Tilak Varma,Arpit Pannu,1,0,,,,,,,,,
1280249,2021/22,2021-11-06,Gurugram Cricket Ground (SRNCC),2,14.2,Hyderabad (India),Chandigarh,Tilak Varma,GH Vihari,Arpit Pannu,0,0,,,,,,,,,
1280249,2021/22,2021-11-06,Gurugram Cricket Ground (SRNCC),2,14.3,Hyderabad (India),Chandigarh,Tilak Varma,GH Vihari,Arpit Pannu,0,0,,,,,,,,,
1280249,2021/22,2021-11-06,Gurugram Cricket Ground (SRNCC),2,14.4,Hyderabad (India),Chandigarh,Tilak Varma,GH Vihari,Arpit Pannu,1,0,,,,,,,,,
1280249,2021/22,2021-11-06,Gurugram Cricket Ground (SRNCC),2,14.5,Hyderabad (India),Chandigarh,GH Vihari,Tilak Varma,Arpit Pannu,0,1,,,,1,,,,,
1280249,2021/22,2021-11-06,Gurugram Cricket Ground (SRNCC),2,14.6,Hyderabad (India),Chandigarh,Tilak Varma,GH Vihari,Arpit Pannu,1,0,,,,,,,,,
1280249,2021/22,2021-11-06,Gurugram Cricket Ground (SRNCC),2,15.1,Hyderabad (India),Chandigarh,Tilak Varma,GH Vihari,Jaskaran Singh,1,0,,,,,,,,,
1280249,2021/22,2021-11-06,Gurugram Cricket Ground (SRNCC),2,15.2,Hyderabad (India),Chandigarh,GH Vihari,Tilak Varma,Jaskaran Singh,1,0,,,,,,,,,
1280249,2021/22,2021-11-06,Gurugram Cricket Ground (SRNCC),2,15.3,Hyderabad (India),Chandigarh,Tilak Varma,GH Vihari,Jaskaran Singh,1,0,,,,,,,,,
1280249,2021/22,2021-11-06,Gurugram Cricket Ground (SRNCC),2,15.4,Hyderabad (India),Chandigarh,GH Vihari,Tilak Varma,Jaskaran Singh,2,0,,,,,,,,,
1280249,2021/22,2021-11-06,Gurugram Cricket Ground (SRNCC),2,15.5,Hyderabad (India),Chandigarh,GH Vihari,Tilak Varma,Jaskaran Singh,0,0,,,,,,bowled,GH Vihari,,
1280249,2021/22,2021-11-06,Gurugram Cricket Ground (SRNCC),2,15.6,Hyderabad (India),Chandigarh,Rahul Buddhi,Tilak Varma,Jaskaran Singh,1,0,,,,,,,,,
1280249,2021/22,2021-11-06,Gurugram Cricket Ground (SRNCC),2,16.1,Hyderabad (India),Chandigarh,Rahul Buddhi,Tilak Varma,Shreshth Nirmohi,1,0,,,,,,,,,
1280249,2021/22,2021-11-06,Gurugram Cricket Ground (SRNCC),2,16.2,Hyderabad (India),Chandigarh,Tilak Varma,Rahul Buddhi,Shreshth Nirmohi,6,0,,,,,,,,,
1280249,2021/22,2021-11-06,Gurugram Cricket Ground (SRNCC),2,16.3,Hyderabad (India),Chandigarh,Tilak Varma,Rahul Buddhi,Shreshth Nirmohi,0,0,,,,,,,,,
1280249,2021/22,2021-11-06,Gurugram Cricket Ground (SRNCC),2,16.4,Hyderabad (India),Chandigarh,Tilak Varma,Rahul Buddhi,Shreshth Nirmohi,6,0,,,,,,,,,
1280249,2021/22,2021-11-06,Gurugram Cricket Ground (SRNCC),2,16.5,Hyderabad (India),Chandigarh,Tilak Varma,Rahul Buddhi,Shreshth Nirmohi,0,0,,,,,,,,,
1280249,2021/22,2021-11-06,Gurugram Cricket Ground (SRNCC),2,16.6,Hyderabad (India),Chandigarh,Tilak Varma,Rahul Buddhi,Shreshth Nirmohi,1,0,,,,,,,,,
1280249,2021/22,2021-11-06,Gurugram Cricket Ground (SRNCC),2,17.1,Hyderabad (India),Chandigarh,Tilak Varma,Rahul Buddhi,Jagjit Singh,6,0,,,,,,,,,
1280249,2021/22,2021-11-06,Gurugram Cricket Ground (SRNCC),2,17.2,Hyderabad (India),Chandigarh,Tilak Varma,Rahul Buddhi,Jagjit Singh,1,0,,,,,,,,,
1280249,2021/22,2021-11-06,Gurugram Cricket Ground (SRNCC),2,17.3,Hyderabad (India),Chandigarh,Rahul Buddhi,Tilak Varma,Jagjit Singh,1,0,,,,,,,,,
1280249,2021/22,2021-11-06,Gurugram Cricket Ground (SRNCC),2,17.4,Hyderabad (India),Chandigarh,Tilak Varma,Rahul Buddhi,Jagjit Singh,4,0,,,,,,,,,
1280249,2021/22,2021-11-06,Gurugram Cricket Ground (SRNCC),2,17.5,Hyderabad (India),Chandigarh,Tilak Varma,Rahul Buddhi,Jagjit Singh,4,0,,,,,,,,,
1280249,2021/22,2021-11-06,Gurugram Cricket Ground (SRNCC),2,17.6,Hyderabad (India),Chandigarh,Tilak Varma,Rahul Buddhi,Jagjit Singh,1,0,,,,,,,,,
1280249,2021/22,2021-11-06,Gurugram Cricket Ground (SRNCC),2,18.1,Hyderabad (India),Chandigarh,Tilak Varma,Rahul Buddhi,Jaskaran Singh,6,0,,,,,,,,,
1280249,2021/22,2021-11-06,Gurugram Cricket Ground (SRNCC),2,18.2,Hyderabad (India),Chandigarh,Tilak Varma,Rahul Buddhi,Jaskaran Singh,1,0,,,,,,,,,
1280249,2021/22,2021-11-06,Gurugram Cricket Ground (SRNCC),2,18.3,Hyderabad (India),Chandigarh,Rahul Buddhi,Tilak Varma,Jaskaran Singh,1,0,,,,,,,,,
1280249,2021/22,2021-11-06,Gurugram Cricket Ground (SRNCC),2,18.4,Hyderabad (India),Chandigarh,Tilak Varma,Rahul Buddhi,Jaskaran Singh,4,0,,,,,,,,,
1280249,2021/22,2021-11-06,Gurugram Cricket Ground (SRNCC),2,18.5,Hyderabad (India),Chandigarh,Tilak Varma,Rahul Buddhi,Jaskaran Singh,0,1,1,,,,,,,,
