match_id,season,start_date,venue,innings,ball,batting_team,bowling_team,striker,non_striker,bowler,runs_off_bat,extras,wides,noballs,byes,legbyes,penalty,wicket_type,player_dismissed,other_wicket_type,other_player_dismissed
1280238,2021/22,2021-11-06,Bharat Ratna Shri Atal Bihari Vajpayee Ekana Cricket Stadium B,1,0.1,Maharashtra,Odisha,RD Gaikwad,Yash Nahar,Debabrata Pradhan,1,0,,,,,,,,,
1280238,2021/22,2021-11-06,Bharat Ratna Shri Atal Bihari Vajpayee Ekana Cricket Stadium B,1,0.2,Maharashtra,Odisha,Yash Nahar,RD Gaikwad,Debabrata Pradhan,0,0,,,,,,lbw,Yash Nahar,,
1280238,2021/22,2021-11-06,Bharat Ratna Shri Atal Bihari Vajpayee Ekana Cricket Stadium B,1,0.3,Maharashtra,Odisha,KM Jadhav,RD Gaikwad,Debabrata Pradhan,1,0,,,,,,,,,
1280238,2021/22,2021-11-06,Bharat Ratna Shri Atal Bihari Vajpayee Ekana Cricket Stadium B,1,0.4,Maharashtra,Odisha,RD Gaikwad,KM Jadhav,Debabrata Pradhan,4,0,,,,,,,,,
1280238,2021/22,2021-11-06,Bharat Ratna Shri Atal Bihari Vajpayee Ekana Cricket Stadium B,1,0.5,Maharashtra,Odisha,RD Gaikwad,KM Jadhav,Debabrata Pradhan,0,1,1,,,,,,,,
1280238,2021/22,2021-11-06,Bharat Ratna Shri Atal Bihari Vajpayee Ekana Cricket Stadium B,1,0.6,Maharashtra,Odisha,RD Gaikwad,KM Jadhav,Debabrata Pradhan,0,0,,,,,,,,,
1280238,2021/22,2021-11-06,Bharat Ratna Shri Atal Bihari Vajpayee Ekana Cricket Stadium B,1,0.7,Maharashtra,Odisha,RD Gaikwad,KM Jadhav,Debabrata Pradhan,1,0,,,,,,,,,
1280238,2021/22,2021-11-06,Bharat Ratna Shri Atal Bihari Vajpayee Ekana Cricket Stadium B,1,1.1,Maharashtra,Odisha,RD Gaikwad,KM Jadhav,Ashish Rai,0,0,,,,,,,,,
1280238,2021/22,2021-11-06,Bharat Ratna Shri Atal Bihari Vajpayee Ekana Cricket Stadium B,1,1.2,Maharashtra,Odisha,RD Gaikwad,KM Jadhav,Ashish Rai,0,0,,,,,,,,,
1280238,2021/22,2021-11-06,Bharat Ratna Shri Atal Bihari Vajpayee Ekana Cricket Stadium B,1,1.3,Maharashtra,Odisha,RD Gaikwad,KM Jadhav,Ashish Rai,0,0,,,,,,,,,
1280238,2021/22,2021-11-06,Bharat Ratna Shri Atal Bihari Vajpayee Ekana Cricket Stadium B,1,1.4,Maharashtra,Odisha,RD Gaikwad,KM Jadhav,Ashish Rai,0,0,,,,,,,,,
1280238,2021/22,2021-11-06,Bharat Ratna Shri Atal Bihari Vajpayee Ekana Cricket Stadium B,1,1.5,Maharashtra,Odisha,RD Gaikwad,KM Jadhav,Ashish Rai,1,0,,,,,,,,,
1280238,2021/22,2021-11-06,Bharat Ratna Shri Atal Bihari Vajpayee Ekana Cricket Stadium B,1,1.6,Maharashtra,Odisha,KM Jadhav,RD Gaikwad,Ashish Rai,1,0,,,,,,,,,
1280238,2021/22,2021-11-06,Bharat Ratna Shri Atal Bihari Vajpayee Ekana Cricket Stadium B,1,2.1,Maharashtra,Odisha,KM Jadhav,RD Gaikwad,Jayanta Behera,1,0,,,,,,,,,
1280238,2021/22,2021-11-06,Bharat Ratna Shri Atal Bihari Vajpayee Ekana Cricket Stadium B,1,2.2,Maharashtra,Odisha,RD Gaikwad,KM Jadhav,Jayanta Behera,0,0,,,,,,,,,
1280238,2021/22,2021-11-06,Bharat Ratna Shri Atal Bihari Vajpayee Ekana Cricket Stadium B,1,2.3,Maharashtra,Odisha,RD Gaikwad,KM Jadhav,Jayanta Behera,6,0,,,,,,,,,
1280238,2021/22,2021-11-06,Bharat Ratna Shri Atal Bihari Vajpayee Ekana Cricket Stadium B,1,2.4,Maharashtra,Odisha,RD Gaikwad,KM Jadhav,Jayanta Behera,1,0,,,,,,,,,
1280238,2021/22,2021-11-06,Bharat Ratna Shri Atal Bihari Vajpayee Ekana Cricket Stadium B,1,2.5,Maharashtra,Odisha,KM Jadhav,RD Gaikwad,Jayanta Behera,4,0,,,,,,,,,
1280238,2021/22,2021-11-06,Bharat Ratna Shri Atal Bihari Vajpayee Ekana Cricket Stadium B,1,2.6,Maharashtra,Odisha,KM Jadhav,RD Gaikwad,Jayanta Behera,1,0,,,,,,,,,
1280238,2021/22,2021-11-06,Bharat Ratna Shri Atal Bihari Vajpayee Ekana Cricket Stadium B,1,3.1,Maharashtra,Odisha,KM Jadhav,RD Gaikwad,Ashish Rai,0,0,,,,,,,,,
1280238,2021/22,2021-11-06,Bharat Ratna Shri Atal Bihari Vajpayee Ekana Cricket Stadium B,1,3.2,Maharashtra,Odisha,KM Jadhav,RD Gaikwad,Ashish Rai,1,0,,,,,,,,,
1280238,2021/22,2021-11-06,Bharat Ratna Shri Atal Bihari Vajpayee Ekana Cricket Stadium B,1,3.3,Maharashtra,Odisha,RD Gaikwad,KM Jadhav,Ashish Rai,4,0,,,,,,,,,
1280238,2021/22,2021-11-06,Bharat Ratna Shri Atal Bihari Vajpayee Ekana Cricket Stadium B,1,3.4,Maharashtra,Odisha,RD Gaikwad,KM Jadhav,Ashish Rai,1,0,,,,,,,,,
1280238,2021/22,2021-11-06,Bharat Ratna Shri Atal Bihari Vajpayee Ekana Cricket Stadium B,1,3.5,Maharashtra,Odisha,KM Jadhav,RD Gaikwad,Ashish Rai,1,0,,,,,,,,,
1280238,2021/22,2021-11-06,Bharat Ratna Shri Atal Bihari Vajpayee Ekana Cricket Stadium B,1,3.6,Maharashtra,Odisha,RD Gaikwad,KM Jadhav,Ashish Rai,1,0,,,,,,,,,
1280238,2021/22,2021-11-06,Bharat Ratna Shri Atal Bihari Vajpayee Ekana Cricket Stadium B,1,4.1,Maharashtra,Odisha,RD Gaikwad,KM Jadhav,Debabrata Pradhan,4,0,,,,,,,,,
1280238,2021/22,2021-11-06,Bharat Ratna Shri Atal Bihari Vajpayee Ekana Cricket Stadium B,1,4.2,Maharashtra,Odisha,RD Gaikwad,KM Jadhav,Debabrata Pradhan,6,0,,,,,,,,,
1280238,2021/22,2021-11-06,Bharat Ratna Shri Atal Bihari Vajpayee Ekana Cricket Stadium B,1,4.3,Maharashtra,Odisha,RD Gaikwad,KM Jadhav,Debabrata Pradhan,1,0,,,,,,,,,
1280238,2021/22,2021-11-06,Bharat Ratna Shri Atal Bihari Vajpayee Ekana Cricket Stadium B,1,4.4,Maharashtra,Odisha,KM Jadhav,RD Gaikwad,Debabrata Pradhan,0,0,,,,,,,,,
1280238,2021/22,2021-11-06,Bharat Ratna Shri Atal Bihari Vajpayee Ekana Cricket Stadium B,1,4.5,Maharashtra,Odisha,KM Jadhav,RD Gaikwad,Debabrata Pradhan,1,0,,,,,,,,,
1280238,2021/22,2021-11-06,Bharat Ratna Shri Atal Bihari Vajpayee Ekana Cricket Stadium B,1,4.6,Maharashtra,Odisha,RD Gaikwad,KM Jadhav,Debabrata Pradhan,4,0,,,,,,,,,
1280238,2021/22,2021-11-06,Bharat Ratna Shri Atal Bihari Vajpayee Ekana Cricket Stadium B,1,5.1,Maharashtra,Odisha,KM Jadhav,RD Gaikwad,Jayanta Behera,1,0,,,,,,,,,
1280238,2021/22,2021-11-06,Bharat Ratna Shri Atal Bihari Vajpayee Ekana Cricket Stadium B,1,5.2,Maharashtra,Odisha,RD Gaikwad,KM Jadhav,Jayanta Behera,1,0,,,,,,,,,
1280238,2021/22,2021-11-06,Bharat Ratna Shri Atal Bihari Vajpayee Ekana Cricket Stadium B,1,5.3,Maharashtra,Odisha,KM Jadhav,RD Gaikwad,Jayanta Behera,1,0,,,,,,,,,
1280238,2021/22,2021-11-06,Bharat Ratna Shri Atal Bihari Vajpayee Ekana Cricket Stadium B,1,5.4,Maharashtra,Odisha,RD Gaikwad,KM Jadhav,Jayanta Behera,4,0,,,,,,,,,
1280238,2021/22,2021-11-06,Bharat Ratna Shri Atal Bihari Vajpayee Ekana Cricket Stadium B,1,5.5,Maharashtra,Odisha,RD Gaikwad,KM Jadhav,Jayanta Behera,0,0,,,,,,,,,
1280238,2021/22,2021-11-06,Bharat Ratna Shri Atal Bihari Vajpayee Ekana Cricket Stadium B,1,5.6,Maharashtra,Odisha,RD Gaikwad,KM Jadhav,Jayanta Behera,0,0,,,,,,,,,
1280238,2021/22,2021-11-06,Bharat Ratna Shri Atal Bihari Vajpayee Ekana Cricket Stadium B,1,6.1,Maharashtra,Odisha,KM Jadhav,RD Gaikwad,Bikash K Rout,1,0,,,,,,,,,
1280238,2021/22,2021-11-06,Bharat Ratna Shri Atal Bihari Vajpayee Ekana Cricket Stadium B,1,6.2,Maharashtra,Odisha,RD Gaikwad,KM Jadhav,Bikash K Rout,0,0,,,,,,,,,
1280238,2021/22,2021-11-06,Bharat Ratna Shri Atal Bihari Vajpayee Ekana Cricket Stadium B,1,6.3,Maharashtra,Odisha,RD Gaikwad,KM Jadhav,Bikash K Rout,1,0,,,,,,,,,
1280238,2021/22,2021-11-06,Bharat Ratna Shri Atal Bihari Vajpayee Ekana Cricket Stadium B,1,6.4,Maharashtra,Odisha,KM Jadhav,RD Gaikwad,Bikash K Rout,1,0,,,,,,,,,
1280238,2021/22,2021-11-06,Bharat Ratna Shri Atal Bihari Vajpayee Ekana Cricket Stadium B,1,6.5,Maharashtra,Odisha,RD Gaikwad,KM Jadhav,Bikash K Rout,1,0,,,,,,,,,
1280238,2021/22,2021-11-06,Bharat Ratna Shri Atal Bihari Vajpayee Ekana Cricket Stadium B,1,6.6,Maharashtra,Odisha,KM Jadhav,RD Gaikwad,Bikash K Rout,1,0,,,,,,,,,
1280238,2021/22,2021-11-06,Bharat Ratna Shri Atal Bihari Vajpayee Ekana Cricket Stadium B,1,7.1,Maharashtra,Odisha,KM Jadhav,RD Gaikwad,AS Raut,4,0,,,,,,,,,
1280238,2021/22,2021-11-06,Bharat Ratna Shri Atal Bihari Vajpayee Ekana Cricket Stadium B,1,7.2,Maharashtra,Odisha,KM Jadhav,RD Gaikwad,AS Raut,1,0,,,,,,,,,
1280238,2021/22,2021-11-06,Bharat Ratna Shri Atal Bihari Vajpayee Ekana Cricket Stadium B,1,7.3,Maharashtra,Odisha,RD Gaikwad,KM Jadhav,AS Raut,0,0,,,,,,,,,
1280238,2021/22,2021-11-06,Bharat Ratna Shri Atal Bihari Vajpayee Ekana Cricket Stadium B,1,7.4,Maharashtra,Odisha,RD Gaikwad,KM Jadhav,AS Raut,1,0,,,,,,,,,
1280238,2021/22,2021-11-06,Bharat Ratna Shri Atal Bihari Vajpayee Ekana Cricket Stadium B,1,7.5,Maharashtra,Odisha,KM Jadhav,RD Gaikwad,AS Raut,1,0,,,,,,,,,
1280238,2021/22,2021-11-06,Bharat Ratna Shri Atal Bihari Vajpayee Ekana Cricket Stadium B,1,7.6,Maharashtra,Odisha,RD Gaikwad,KM Jadhav,AS Raut,1,0,,,,,,,,,
1280238,2021/22,2021-11-06,Bharat Ratna Shri Atal Bihari Vajpayee Ekana Cricket Stadium B,1,8.1,Maharashtra,Odisha,RD Gaikwad,KM Jadhav,Bikash K Rout,1,0,,,,,,,,,
1280238,2021/22,2021-11-06,Bharat Ratna Shri Atal Bihari Vajpayee Ekana Cricket Stadium B,1,8.2,Maharashtra,Odisha,KM Jadhav,RD Gaikwad,Bikash K Rout,4,0,,,,,,,,,
1280238,2021/22,2021-11-06,Bharat Ratna Shri Atal Bihari Vajpayee Ekana Cricket Stadium B,1,8.3,Maharashtra,Odisha,KM Jadhav,RD Gaikwad,Bikash K Rout,4,0,,,,,,,,,
1280238,2021/22,2021-11-06,Bharat Ratna Shri Atal Bihari Vajpayee Ekana Cricket Stadium B,1,8.4,Maharashtra,Odisha,KM Jadhav,RD Gaikwad,Bikash K Rout,0,0,,,,,,,,,
1280238,2021/22,2021-11-06,Bharat Ratna Shri Atal Bihari Vajpayee Ekana Cricket Stadium B,1,8.5,Maharashtra,Odisha,KM Jadhav,RD Gaikwad,Bikash K Rout,2,0,,,,,,,,,
1280238,2021/22,2021-11-06,Bharat Ratna Shri Atal Bihari Vajpayee Ekana Cricket Stadium B,1,8.6,Maharashtra,Odisha,KM Jadhav,RD Gaikwad,Bikash K Rout,1,0,,,,,,,,,
1280238,2021/22,2021-11-06,Bharat Ratna Shri Atal Bihari Vajpayee Ekana Cricket Stadium B,1,9.1,Maharashtra,Odisha,KM Jadhav,RD Gaikwad,AS Raut,1,0,,,,,,,,,
1280238,2021/22,2021-11-06,Bharat Ratna Shri Atal Bihari Vajpayee Ekana Cricket Stadium B,1,9.2,Maharashtra,Odisha,RD Gaikwad,KM Jadhav,AS Raut,4,0,,,,,,,,,
1280238,2021/22,2021-11-06,Bharat Ratna Shri Atal Bihari Vajpayee Ekana Cricket Stadium B,1,9.3,Maharashtra,Odisha,RD Gaikwad,KM Jadhav,AS Raut,4,0,,,,,,,,,
1280238,2021/22,2021-11-06,Bharat Ratna Shri Atal Bihari Vajpayee Ekana Cricket Stadium B,1,9.4,Maharashtra,Odisha,RD Gaikwad,KM Jadhav,AS Raut,4,0,,,,,,,,,
1280238,2021/22,2021-11-06,Bharat Ratna Shri Atal Bihari Vajpayee Ekana Cricket Stadium B,1,9.5,Maharashtra,Odisha,RD Gaikwad,KM Jadhav,AS Raut,1,0,,,,,,,,,
1280238,2021/22,2021-11-06,Bharat Ratna Shri Atal Bihari Vajpayee Ekana Cricket Stadium B,1,9.6,Maharashtra,Odisha,KM Jadhav,RD Gaikwad,AS Raut,0,0,,,,,,,,,
1280238,2021/22,2021-11-06,Bharat Ratna Shri Atal Bihari Vajpayee Ekana Cricket Stadium B,1,10.1,Maharashtra,Odisha,RD Gaikwad,KM Jadhav,Govinda Poddar,1,0,,,,,,,,,
1280238,2021/22,2021-11-06,Bharat Ratna Shri Atal Bihari Vajpayee Ekana Cricket Stadium B,1,10.2,Maharashtra,Odisha,KM Jadhav,RD Gaikwad,Govinda Poddar,1,0,,,,,,,,,
1280238,2021/22,2021-11-06,Bharat Ratna Shri Atal Bihari Vajpayee Ekana Cricket Stadium B,1,10.3,Maharashtra,Odisha,RD Gaikwad,KM Jadhav,Govinda Poddar,1,0,,,,,,,,,
1280238,2021/22,2021-11-06,Bharat Ratna Shri Atal Bihari Vajpayee Ekana Cricket Stadium B,1,10.4,Maharashtra,Odisha,KM Jadhav,RD Gaikwad,Govinda Poddar,4,0,,,,,,,,,
1280238,2021/22,2021-11-06,Bharat Ratna Shri Atal Bihari Vajpayee Ekana Cricket Stadium B,1,10.5,Maharashtra,Odisha,KM Jadhav,RD Gaikwad,Govinda Poddar,2,0,,,,,,,,,
1280238,2021/22,2021-11-06,Bharat Ratna Shri Atal Bihari Vajpayee Ekana Cricket Stadium B,1,10.6,Maharashtra,Odisha,KM Jadhav,RD Gaikwad,Govinda Poddar,4,0,,,,,,,,,
1280238,2021/22,2021-11-06,Bharat Ratna Shri Atal Bihari Vajpayee Ekana Cricket Stadium B,1,11.1,Maharashtra,Odisha,RD Gaikwad,KM Jadhav,Sarbeswar Mohanty,4,0,,,,,,,,,
1280238,2021/22,2021-11-06,Bharat Ratna Shri Atal Bihari Vajpayee Ekana Cricket Stadium B,1,11.2,Maharashtra,Odisha,RD Gaikwad,KM Jadhav,Sarbeswar Mohanty,1,0,,,,,,,,,
1280238,2021/22,2021-11-06,Bharat Ratna Shri Atal Bihari Vajpayee Ekana Cricket Stadium B,1,11.3,Maharashtra,Odisha,KM Jadhav,RD Gaikwad,Sarbeswar Mohanty,4,0,,,,,,,,,
1280238,2021/22,2021-11-06,Bharat Ratna Shri Atal Bihari Vajpayee Ekana Cricket Stadium B,1,11.4,Maharashtra,Odisha,KM Jadhav,RD Gaikwad,Sarbeswar Mohanty,0,1,1,,,,,,,,
1280238,2021/22,2021-11-06,Bharat Ratna Shri Atal Bihari Vajpayee Ekana Cricket Stadium B,1,11.5,Maharashtra,Odisha,KM Jadhav,RD Gaikwad,Sarbeswar Mohanty,1,0,,,,,,,,,
1280238,2021/22,2021-11-06,Bharat Ratna Shri Atal Bihari Vajpayee Ekana Cricket Stadium B,1,11.6,Maharashtra,Odisha,RD Gaikwad,KM Jadhav,Sarbeswar Mohanty,0,1,1,,,,,,,,
1280238,2021/22,2021-11-06,Bharat Ratna Shri Atal Bihari Vajpayee Ekana Cricket Stadium B,1,11.7,Maharashtra,Odisha,RD Gaikwad,KM Jadhav,Sarbeswar Mohanty,1,0,,,,,,,,,
1280238,2021/22,2021-11-06,Bharat Ratna Shri Atal Bihari Vajpayee Ekana Cricket Stadium B,1,11.8,Maharashtra,Odisha,KM Jadhav,RD Gaikwad,Sarbeswar Mohanty,2,0,,,,,,,,,
1280238,2021/22,2021-11-06,Bharat Ratna Shri Atal Bihari Vajpayee Ekana Cricket Stadium B,1,12.1,Maharashtra,Odisha,RD Gaikwad,KM Jadhav,Jayanta Behera,1,0,,,,,,,,,
1280238,2021/22,2021-11-06,Bharat Ratna Shri Atal Bihari Vajpayee Ekana Cricket Stadium B,1,12.2,Maharashtra,Odisha,KM Jadhav,RD Gaikwad,Jayanta Behera,2,0,,,,,,,,,
1280238,2021/22,2021-11-06,Bharat Ratna Shri Atal Bihari Vajpayee Ekana Cricket Stadium B,1,12.3,Maharashtra,Odisha,KM Jadhav,RD Gaikwad,Jayanta Behera,1,0,,,,,,,,,
1280238,2021/22,2021-11-06,Bharat Ratna Shri Atal Bihari Vajpayee Ekana Cricket Stadium B,1,12.4,Maharashtra,Odisha,RD Gaikwad,KM Jadhav,Jayanta Behera,6,0,,,,,,,,,
1280238,2021/22,2021-11-06,Bharat Ratna Shri Atal Bihari Vajpayee Ekana Cricket Stadium B,1,12.5,Maharashtra,Odisha,RD Gaikwad,KM Jadhav,Jayanta Behera,1,0,,,,,,,,,
1280238,2021/22,2021-11-06,Bharat Ratna Shri Atal Bihari Vajpayee Ekana Cricket Stadium B,1,12.6,Maharashtra,Odisha,KM Jadhav,RD Gaikwad,Jayanta Behera,0,0,,,,,,caught,KM Jadhav,,
1280238,2021/22,2021-11-06,Bharat Ratna Shri Atal Bihari Vajpayee Ekana Cricket Stadium B,1,13.1,Maharashtra,Odisha,RD Gaikwad,Naushad Shaikh,AS Raut,1,0,,,,,,,,,
1280238,2021/22,2021-11-06,Bharat Ratna Shri Atal Bihari Vajpayee Ekana Cricket Stadium B,1,13.2,Maharashtra,Odisha,Naushad Shaikh,RD Gaikwad,AS Raut,4,0,,,,,,,,,
1280238,2021/22,2021-11-06,Bharat Ratna Shri Atal Bihari Vajpayee Ekana Cricket Stadium B,1,13.3,Maharashtra,Odisha,Naushad Shaikh,RD Gaikwad,AS Raut,0,0,,,,,,,,,
1280238,2021/22,2021-11-06,Bharat Ratna Shri Atal Bihari Vajpayee Ekana Cricket Stadium B,1,13.4,Maharashtra,Odisha,Naushad Shaikh,RD Gaikwad,AS Raut,0,0,,,,,,,,,
1280238,2021/22,2021-11-06,Bharat Ratna Shri Atal Bihari Vajpayee Ekana Cricket Stadium B,1,13.5,Maharashtra,Odisha,Naushad Shaikh,RD Gaikwad,AS Raut,1,0,,,,,,,,,
1280238,2021/22,2021-11-06,Bharat Ratna Shri Atal Bihari Vajpayee Ekana Cricket Stadium B,1,13.6,Maharashtra,Odisha,RD Gaikwad,Naushad Shaikh,AS Raut,4,0,,,,,,,,,
1280238,2021/22,2021-11-06,Bharat Ratna Shri Atal Bihari Vajpayee Ekana Cricket Stadium B,1,14.1,Maharashtra,Odisha,Naushad Shaikh,RD Gaikwad,Bikash K Rout,0,1,,,1,,,,,,
1280238,2021/22,2021-11-06,Bharat Ratna Shri Atal Bihari Vajpayee Ekana Cricket Stadium B,1,14.2,Maharashtra,Odisha,RD Gaikwad,Naushad Shaikh,Bikash K Rout,0,0,,,,,,,,,
1280238,2021/22,2021-11-06,Bharat Ratna Shri Atal Bihari Vajpayee Ekana Cricket Stadium B,1,14.3,Maharashtra,Odisha,RD Gaikwad,Naushad Shaikh,Bikash K Rout,2,0,,,,,,,,,
1280238,2021/22,2021-11-06,Bharat Ratna Shri Atal Bihari Vajpayee Ekana Cricket Stadium B,1,14.4,Maharashtra,Odisha,RD Gaikwad,Naushad Shaikh,Bikash K Rout,0,0,,,,,,caught,RD Gaikwad,,
1280238,2021/22,2021-11-06,Bharat Ratna Shri Atal Bihari Vajpayee Ekana Cricket Stadium B,1,14.5,Maharashtra,Odisha,Azim Kazi,Naushad Shaikh,Bikash K Rout,1,0,,,,,,,,,
1280238,2021/22,2021-11-06,Bharat Ratna Shri Atal Bihari Vajpayee Ekana Cricket Stadium B,1,14.6,Maharashtra,Odisha,Naushad Shaikh,Azim Kazi,Bikash K Rout,4,0,,,,,,,,,
1280238,2021/22,2021-11-06,Bharat Ratna Shri Atal Bihari Vajpayee Ekana Cricket Stadium B,1,15.1,Maharashtra,Odisha,Azim Kazi,Naushad Shaikh,Jayanta Behera,1,0,,,,,,,,,
1280238,2021/22,2021-11-06,Bharat Ratna Shri Atal Bihari Vajpayee Ekana Cricket Stadium B,1,15.2,Maharashtra,Odisha,Naushad Shaikh,Azim Kazi,Jayanta Behera,2,0,,,,,,,,,
1280238,2021/22,2021-11-06,Bharat Ratna Shri Atal Bihari Vajpayee Ekana Cricket Stadium B,1,15.3,Maharashtra,Odisha,Naushad Shaikh,Azim Kazi,Jayanta Behera,2,0,,,,,,,,,
1280238,2021/22,2021-11-06,Bharat Ratna Shri Atal Bihari Vajpayee Ekana Cricket Stadium B,1,15.4,Maharashtra,Odisha,Naushad Shaikh,Azim Kazi,Jayanta Behera,0,0,,,,,,,,,
1280238,2021/22,2021-11-06,Bharat Ratna Shri Atal Bihari Vajpayee Ekana Cricket Stadium B,1,15.5,Maharashtra,Odisha,Naushad Shaikh,Azim Kazi,Jayanta Behera,0,0,,,,,,caught,Naushad Shaikh,,
1280238,2021/22,2021-11-06,Bharat Ratna Shri Atal Bihari Vajpayee Ekana Cricket Stadium B,1,15.6,Maharashtra,Odisha,Azim Kazi,Ranjeet Nikam,Jayanta Behera,0,0,,,,,,,,,
1280238,2021/22,2021-11-06,Bharat Ratna Shri Atal Bihari Vajpayee Ekana Cricket Stadium B,1,16.1,Maharashtra,Odisha,Ranjeet Nikam,Azim Kazi,Bikash K Rout,1,0,,,,,,,,,
1280238,2021/22,2021-11-06,Bharat Ratna Shri Atal Bihari Vajpayee Ekana Cricket Stadium B,1,16.2,Maharashtra,Odisha,Azim Kazi,Ranjeet Nikam,Bikash K Rout,0,0,,,,,,caught,Azim Kazi,,
1280238,2021/22,2021-11-06,Bharat Ratna Shri Atal Bihari Vajpayee Ekana Cricket Stadium B,1,16.3,Maharashtra,Odisha,Divyang Hinganekar,Ranjeet Nikam,Bikash K Rout,1,0,,,,,,,,,
1280238,2021/22,2021-11-06,Bharat Ratna Shri Atal Bihari Vajpayee Ekana Cricket Stadium B,1,16.4,Maharashtra,Odisha,Ranjeet Nikam,Divyang Hinganekar,Bikash K Rout,1,0,,,,,,,,,
1280238,2021/22,2021-11-06,Bharat Ratna Shri Atal Bihari Vajpayee Ekana Cricket Stadium B,1,16.5,Maharashtra,Odisha,Divyang Hinganekar,Ranjeet Nikam,Bikash K Rout,2,0,,,,,,,,,
1280238,2021/22,2021-11-06,Bharat Ratna Shri Atal Bihari Vajpayee Ekana Cricket Stadium B,1,16.6,Maharashtra,Odisha,Divyang Hinganekar,Ranjeet Nikam,Bikash K Rout,0,0,,,,,,,,,
1280238,2021/22,2021-11-06,Bharat Ratna Shri Atal Bihari Vajpayee Ekana Cricket Stadium B,1,17.1,Maharashtra,Odisha,Ranjeet Nikam,Divyang Hinganekar,Debabrata Pradhan,1,0,,,,,,,,,
1280238,2021/22,2021-11-06,Bharat Ratna Shri Atal Bihari Vajpayee Ekana Cricket Stadium B,1,17.2,Maharashtra,Odisha,Divyang Hinganekar,Ranjeet Nikam,Debabrata Pradhan,1,0,,,,,,,,,
1280238,2021/22,2021-11-06,Bharat Ratna Shri Atal Bihari Vajpayee Ekana Cricket Stadium B,1,17.3,Maharashtra,Odisha,Ranjeet Nikam,Divyang Hinganekar,Debabrata Pradhan,1,0,,,,,,,,,
1280238,2021/22,2021-11-06,Bharat Ratna Shri Atal Bihari Vajpayee Ekana Cricket Stadium B,1,17.4,Maharashtra,Odisha,Divyang Hinganekar,Ranjeet Nikam,Debabrata Pradhan,0,0,,,,,,,,,
1280238,2021/22,2021-11-06,Bharat Ratna Shri Atal Bihari Vajpayee Ekana Cricket Stadium B,1,17.5,Maharashtra,Odisha,Divyang Hinganekar,Ranjeet Nikam,Debabrata Pradhan,1,0,,,,,,,,,
1280238,2021/22,2021-11-06,Bharat Ratna Shri Atal Bihari Vajpayee Ekana Cricket Stadium B,1,17.6,Maharashtra,Odisha,Ranjeet Nikam,Divyang Hinganekar,Debabrata Pradhan,0,0,,,,,,caught,Ranjeet Nikam,,
1280238,2021/22,2021-11-06,Bharat Ratna Shri Atal Bihari Vajpayee Ekana Cricket Stadium B,1,18.1,Maharashtra,Odisha,Divyang Hinganekar,Satyajeet Bachhav,Ashish Rai,2,0,,,,,,,,,
1280238,2021/22,2021-11-06,Bharat Ratna Shri Atal Bihari Vajpayee Ekana Cricket Stadium B,1,18.2,Maharashtra,Odisha,Divyang Hinganekar,Satyajeet Bachhav,Ashish Rai,4,0,,,,,,,,,
1280238,2021/22,2021-11-06,Bharat Ratna Shri Atal Bihari Vajpayee Ekana Cricket Stadium B,1,18.3,Maharashtra,Odisha,Divyang Hinganekar,Satyajeet Bachhav,Ashish Rai,0,1,1,,,,,,,,
1280238,2021/22,2021-11-06,Bharat Ratna Shri Atal Bihari Vajpayee Ekana Cricket Stadium B,1,18.4,Maharashtra,Odisha,Divyang Hinganekar,Satyajeet Bachhav,Ashish Rai,1,0,,,,,,,,,
1280238,2021/22,2021-11-06,Bharat Ratna Shri Atal Bihari Vajpayee Ekana Cricket Stadium B,1,18.5,Maharashtra,Odisha,Satyajeet Bachhav,Divyang Hinganekar,Ashish Rai,0,0,,,,,,caught,Satyajeet Bachhav,,
1280238,2021/22,2021-11-06,Bharat Ratna Shri Atal Bihari Vajpayee Ekana Cricket Stadium B,1,18.6,Maharashtra,Odisha,Sunil Yadav,Divyang Hinganekar,Ashish Rai,1,0,,,,,,,,,
1280238,2021/22,2021-11-06,Bharat Ratna Shri Atal Bihari Vajpayee Ekana Cricket Stadium B,1,18.7,Maharashtra,Odisha,Divyang Hinganekar,Sunil Yadav,Ashish Rai,0,1,1,,,,,,,,
1280238,2021/22,2021-11-06,Bharat Ratna Shri Atal Bihari Vajpayee Ekana Cricket Stadium B,1,18.8,Maharashtra,Odisha,Divyang Hinganekar,Sunil Yadav,Ashish Rai,0,0,,,,,,,,,
1280238,2021/22,2021-11-06,Bharat Ratna Shri Atal Bihari Vajpayee Ekana Cricket Stadium B,1,19.1,Maharashtra,Odisha,Sunil Yadav,Divyang Hinganekar,Debabrata Pradhan,0,0,,,,,,lbw,Sunil Yadav,,
1280238,2021/22,2021-11-06,Bharat Ratna Shri Atal Bihari Vajpayee Ekana Cricket Stadium B,1,19.2,Maharashtra,Odisha,A Palkar,Divyang Hinganekar,Debabrata Pradhan,1,0,,,,,,,,,
1280238,2021/22,2021-11-06,Bharat Ratna Shri Atal Bihari Vajpayee Ekana Cricket Stadium B,1,19.3,Maharashtra,Odisha,Divyang Hinganekar,A Palkar,Debabrata Pradhan,1,0,,,,,,,,,
1280238,2021/22,2021-11-06,Bharat Ratna Shri Atal Bihari Vajpayee Ekana Cricket Stadium B,1,19.4,Maharashtra,Odisha,A Palkar,Divyang Hinganekar,Debabrata Pradhan,1,0,,,,,,,,,
1280238,2021/22,2021-11-06,Bharat Ratna Shri Atal Bihari Vajpayee Ekana Cricket Stadium B,1,19.5,Maharashtra,Odisha,Divyang Hinganekar,A Palkar,Debabrata Pradhan,4,0,,,,,,,,,
1280238,2021/22,2021-11-06,Bharat Ratna Shri Atal Bihari Vajpayee Ekana Cricket Stadium B,1,19.6,Maharashtra,Odisha,Divyang Hinganekar,A Palkar,Debabrata Pradhan,2,0,,,,,,,,,
1280238,2021/22,2021-11-06,Bharat Ratna Shri Atal Bihari Vajpayee Ekana Cricket Stadium B,2,0.1,Odisha,Maharashtra,Rajesh Dhuper,Anshuman Rath,Azim Kazi,0,0,,,,,,,,,
1280238,2021/22,2021-11-06,Bharat Ratna Shri Atal Bihari Vajpayee Ekana Cricket Stadium B,2,0.2,Odisha,Maharashtra,Rajesh Dhuper,Anshuman Rath,Azim Kazi,0,0,,,,,,,,,
1280238,2021/22,2021-11-06,Bharat Ratna Shri Atal Bihari Vajpayee Ekana Cricket Stadium B,2,0.3,Odisha,Maharashtra,Rajesh Dhuper,Anshuman Rath,Azim Kazi,0,0,,,,,,,,,
1280238,2021/22,2021-11-06,Bharat Ratna Shri Atal Bihari Vajpayee Ekana Cricket Stadium B,2,0.4,Odisha,Maharashtra,Rajesh Dhuper,Anshuman Rath,Azim Kazi,2,0,,,,,,,,,
1280238,2021/22,2021-11-06,Bharat Ratna Shri Atal Bihari Vajpayee Ekana Cricket Stadium B,2,0.5,Odisha,Maharashtra,Rajesh Dhuper,Anshuman Rath,Azim Kazi,4,0,,,,,,,,,
1280238,2021/22,2021-11-06,Bharat Ratna Shri Atal Bihari Vajpayee Ekana Cricket Stadium B,2,0.6,Odisha,Maharashtra,Rajesh Dhuper,Anshuman Rath,Azim Kazi,1,0,,,,,,,,,
1280238,2021/22,2021-11-06,Bharat Ratna Shri Atal Bihari Vajpayee Ekana Cricket Stadium B,2,1.1,Odisha,Maharashtra,Rajesh Dhuper,Anshuman Rath,A Palkar,1,0,,,,,,,,,
1280238,2021/22,2021-11-06,Bharat Ratna Shri Atal Bihari Vajpayee Ekana Cricket Stadium B,2,1.2,Odisha,Maharashtra,Anshuman Rath,Rajesh Dhuper,A Palkar,1,0,,,,,,,,,
1280238,2021/22,2021-11-06,Bharat Ratna Shri Atal Bihari Vajpayee Ekana Cricket Stadium B,2,1.3,Odisha,Maharashtra,Rajesh Dhuper,Anshuman Rath,A Palkar,6,0,,,,,,,,,
1280238,2021/22,2021-11-06,Bharat Ratna Shri Atal Bihari Vajpayee Ekana Cricket Stadium B,2,1.4,Odisha,Maharashtra,Rajesh Dhuper,Anshuman Rath,A Palkar,1,0,,,,,,,,,
1280238,2021/22,2021-11-06,Bharat Ratna Shri Atal Bihari Vajpayee Ekana Cricket Stadium B,2,1.5,Odisha,Maharashtra,Anshuman Rath,Rajesh Dhuper,A Palkar,1,0,,,,,,,,,
1280238,2021/22,2021-11-06,Bharat Ratna Shri Atal Bihari Vajpayee Ekana Cricket Stadium B,2,1.6,Odisha,Maharashtra,Rajesh Dhuper,Anshuman Rath,A Palkar,1,0,,,,,,,,,
1280238,2021/22,2021-11-06,Bharat Ratna Shri Atal Bihari Vajpayee Ekana Cricket Stadium B,2,2.1,Odisha,Maharashtra,Rajesh Dhuper,Anshuman Rath,Pradeep Dadhe,0,0,,,,,,caught,Rajesh Dhuper,,
1280238,2021/22,2021-11-06,Bharat Ratna Shri Atal Bihari Vajpayee Ekana Cricket Stadium B,2,2.2,Odisha,Maharashtra,Anshuman Rath,Subhransu Senapati,Pradeep Dadhe,0,0,,,,,,,,,
1280238,2021/22,2021-11-06,Bharat Ratna Shri Atal Bihari Vajpayee Ekana Cricket Stadium B,2,2.3,Odisha,Maharashtra,Anshuman Rath,Subhransu Senapati,Pradeep Dadhe,0,0,,,,,,,,,
1280238,2021/22,2021-11-06,Bharat Ratna Shri Atal Bihari Vajpayee Ekana Cricket Stadium B,2,2.4,Odisha,Maharashtra,Anshuman Rath,Subhransu Senapati,Pradeep Dadhe,4,0,,,,,,,,,
1280238,2021/22,2021-11-06,Bharat Ratna Shri Atal Bihari Vajpayee Ekana Cricket Stadium B,2,2.5,Odisha,Maharashtra,Anshuman Rath,Subhransu Senapati,Pradeep Dadhe,1,0,,,,,,,,,
1280238,2021/22,2021-11-06,Bharat Ratna Shri Atal Bihari Vajpayee Ekana Cricket Stadium B,2,2.6,Odisha,Maharashtra,Subhransu Senapati,Anshuman Rath,Pradeep Dadhe,0,0,,,,,,,,,
1280238,2021/22,2021-11-06,Bharat Ratna Shri Atal Bihari Vajpayee Ekana Cricket Stadium B,2,3.1,Odisha,Maharashtra,Anshuman Rath,Subhransu Senapati,Divyang Hinganekar,0,0,,,,,,,,,
1280238,2021/22,2021-11-06,Bharat Ratna Shri Atal Bihari Vajpayee Ekana Cricket Stadium B,2,3.2,Odisha,Maharashtra,Anshuman Rath,Subhransu Senapati,Divyang Hinganekar,4,0,,,,,,,,,
1280238,2021/22,2021-11-06,Bharat Ratna Shri Atal Bihari Vajpayee Ekana Cricket Stadium B,2,3.3,Odisha,Maharashtra,Anshuman Rath,Subhransu Senapati,Divyang Hinganekar,0,0,,,,,,,,,
1280238,2021/22,2021-11-06,Bharat Ratna Shri Atal Bihari Vajpayee Ekana Cricket Stadium B,2,3.4,Odisha,Maharashtra,Anshuman Rath,Subhransu Senapati,Divyang Hinganekar,1,0,,,,,,,,,
1280238,2021/22,2021-11-06,Bharat Ratna Shri Atal Bihari Vajpayee Ekana Cricket Stadium B,2,3.5,Odisha,Maharashtra,Subhransu Senapati,Anshuman Rath,Divyang Hinganekar,0,0,,,,,,,,,
1280238,2021/22,2021-11-06,Bharat Ratna Shri Atal Bihari Vajpayee Ekana Cricket Stadium B,2,3.6,Odisha,Maharashtra,Subhransu Senapati,Anshuman Rath,Divyang Hinganekar,6,0,,,,,,,,,
1280238,2021/22,2021-11-06,Bharat Ratna Shri Atal Bihari Vajpayee Ekana Cricket Stadium B,2,4.1,Odisha,Maharashtra,Anshuman Rath,Subhransu Senapati,Pradeep Dadhe,0,0,,,,,,,,,
1280238,2021/22,2021-11-06,Bharat Ratna Shri Atal Bihari Vajpayee Ekana Cricket Stadium B,2,4.2,Odisha,Maharashtra,Anshuman Rath,Subhransu Senapati,Pradeep Dadhe,1,0,,,,,,,,,
1280238,2021/22,2021-11-06,Bharat Ratna Shri Atal Bihari Vajpayee Ekana Cricket Stadium B,2,4.3,Odisha,Maharashtra,Subhransu Senapati,Anshuman Rath,Pradeep Dadhe,0,0,,,,,,,,,
1280238,2021/22,2021-11-06,Bharat Ratna Shri Atal Bihari Vajpayee Ekana Cricket Stadium B,2,4.4,Odisha,Maharashtra,Subhransu Senapati,Anshuman Rath,Pradeep Dadhe,6,0,,,,,,,,,
1280238,2021/22,2021-11-06,Bharat Ratna Shri Atal Bihari Vajpayee Ekana Cricket Stadium B,2,4.5,Odisha,Maharashtra,Subhransu Senapati,Anshuman Rath,Pradeep Dadhe,2,0,,,,,,,,,
1280238,2021/22,2021-11-06,Bharat Ratna Shri Atal Bihari Vajpayee Ekana Cricket Stadium B,2,4.6,Odisha,Maharashtra,Subhransu Senapati,Anshuman Rath,Pradeep Dadhe,0,0,,,,,,,,,
1280238,2021/22,2021-11-06,Bharat Ratna Shri Atal Bihari Vajpayee Ekana Cricket Stadium B,2,5.1,Odisha,Maharashtra,Anshuman Rath,Subhransu Senapati,Satyajeet Bachhav,1,0,,,,,,,,,
1280238,2021/22,2021-11-06,Bharat Ratna Shri Atal Bihari Vajpayee Ekana Cricket Stadium B,2,5.2,Odisha,Maharashtra,Subhransu Senapati,Anshuman Rath,Satyajeet Bachhav,2,0,,,,,,,,,
1280238,2021/22,2021-11-06,Bharat Ratna Shri Atal Bihari Vajpayee Ekana Cricket Stadium B,2,5.3,Odisha,Maharashtra,Subhransu Senapati,Anshuman Rath,Satyajeet Bachhav,1,0,,,,,,,,,
1280238,2021/22,2021-11-06,Bharat Ratna Shri Atal Bihari Vajpayee Ekana Cricket Stadium B,2,5.4,Odisha,Maharashtra,Anshuman Rath,Subhransu Senapati,Satyajeet Bachhav,0,0,,,,,,,,,
1280238,2021/22,2021-11-06,Bharat Ratna Shri Atal Bihari Vajpayee Ekana Cricket Stadium B,2,5.5,Odisha,Maharashtra,Anshuman Rath,Subhransu Senapati,Satyajeet Bachhav,1,0,,,,,,,,,
1280238,2021/22,2021-11-06,Bharat Ratna Shri Atal Bihari Vajpayee Ekana Cricket Stadium B,2,5.6,Odisha,Maharashtra,Subhransu Senapati,Anshuman Rath,Satyajeet Bachhav,1,0,,,,,,,,,
1280238,2021/22,2021-11-06,Bharat Ratna Shri Atal Bihari Vajpayee Ekana Cricket Stadium B,2,6.1,Odisha,Maharashtra,Subhransu Senapati,Anshuman Rath,Sunil Yadav,1,0,,,,,,,,,
1280238,2021/22,2021-11-06,Bharat Ratna Shri Atal Bihari Vajpayee Ekana Cricket Stadium B,2,6.2,Odisha,Maharashtra,Anshuman Rath,Subhransu Senapati,Sunil Yadav,1,0,,,,,,,,,
1280238,2021/22,2021-11-06,Bharat Ratna Shri Atal Bihari Vajpayee Ekana Cricket Stadium B,2,6.3,Odisha,Maharashtra,Subhransu Senapati,Anshuman Rath,Sunil Yadav,1,0,,,,,,,,,
1280238,2021/22,2021-11-06,Bharat Ratna Shri Atal Bihari Vajpayee Ekana Cricket Stadium B,2,6.4,Odisha,Maharashtra,Anshuman Rath,Subhransu Senapati,Sunil Yadav,4,0,,,,,,,,,
1280238,2021/22,2021-11-06,Bharat Ratna Shri Atal Bihari Vajpayee Ekana Cricket Stadium B,2,6.5,Odisha,Maharashtra,Anshuman Rath,Subhransu Senapati,Sunil Yadav,1,0,,,,,,,,,
1280238,2021/22,2021-11-06,Bharat Ratna Shri Atal Bihari Vajpayee Ekana Cricket Stadium B,2,6.6,Odisha,Maharashtra,Subhransu Senapati,Anshuman Rath,Sunil Yadav,1,0,,,,,,,,,
1280238,2021/22,2021-11-06,Bharat Ratna Shri Atal Bihari Vajpayee Ekana Cricket Stadium B,2,7.1,Odisha,Maharashtra,Subhransu Senapati,Anshuman Rath,Satyajeet Bachhav,1,0,,,,,,,,,
1280238,2021/22,2021-11-06,Bharat Ratna Shri Atal Bihari Vajpayee Ekana Cricket Stadium B,2,7.2,Odisha,Maharashtra,Anshuman Rath,Subhransu Senapati,Satyajeet Bachhav,4,0,,,,,,,,,
1280238,2021/22,2021-11-06,Bharat Ratna Shri Atal Bihari Vajpayee Ekana Cricket Stadium B,2,7.3,Odisha,Maharashtra,Anshuman Rath,Subhransu Senapati,Satyajeet Bachhav,2,0,,,,,,,,,
1280238,2021/22,2021-11-06,Bharat Ratna Shri Atal Bihari Vajpayee Ekana Cricket Stadium B,2,7.4,Odisha,Maharashtra,Anshuman Rath,Subhransu Senapati,Satyajeet Bachhav,1,0,,,,,,,,,
1280238,2021/22,2021-11-06,Bharat Ratna Shri Atal Bihari Vajpayee Ekana Cricket Stadium B,2,7.5,Odisha,Maharashtra,Subhransu Senapati,Anshuman Rath,Satyajeet Bachhav,0,0,,,,,,,,,
1280238,2021/22,2021-11-06,Bharat Ratna Shri Atal Bihari Vajpayee Ekana Cricket Stadium B,2,7.6,Odisha,Maharashtra,Subhransu Senapati,Anshuman Rath,Satyajeet Bachhav,1,0,,,,,,,,,
1280238,2021/22,2021-11-06,Bharat Ratna Shri Atal Bihari Vajpayee Ekana Cricket Stadium B,2,8.1,Odisha,Maharashtra,Subhransu Senapati,Anshuman Rath,Azim Kazi,1,0,,,,,,,,,
1280238,2021/22,2021-11-06,Bharat Ratna Shri Atal Bihari Vajpayee Ekana Cricket Stadium B,2,8.2,Odisha,Maharashtra,Anshuman Rath,Subhransu Senapati,Azim Kazi,0,0,,,,,,,,,
1280238,2021/22,2021-11-06,Bharat Ratna Shri Atal Bihari Vajpayee Ekana Cricket Stadium B,2,8.3,Odisha,Maharashtra,Anshuman Rath,Subhransu Senapati,Azim Kazi,4,0,,,,,,,,,
1280238,2021/22,2021-11-06,Bharat Ratna Shri Atal Bihari Vajpayee Ekana Cricket Stadium B,2,8.4,Odisha,Maharashtra,Anshuman Rath,Subhransu Senapati,Azim Kazi,0,0,,,,,,,,,
1280238,2021/22,2021-11-06,Bharat Ratna Shri Atal Bihari Vajpayee Ekana Cricket Stadium B,2,8.5,Odisha,Maharashtra,Anshuman Rath,Subhransu Senapati,Azim Kazi,2,0,,,,,,,,,
1280238,2021/22,2021-11-06,Bharat Ratna Shri Atal Bihari Vajpayee Ekana Cricket Stadium B,2,8.6,Odisha,Maharashtra,Anshuman Rath,Subhransu Senapati,Azim Kazi,0,0,,,,,,lbw,Anshuman Rath,,
1280238,2021/22,2021-11-06,Bharat Ratna Shri Atal Bihari Vajpayee Ekana Cricket Stadium B,2,9.1,Odisha,Maharashtra,Subhransu Senapati,Abhishek Yadav,Sunil Yadav,1,0,,,,,,,,,
1280238,2021/22,2021-11-06,Bharat Ratna Shri Atal Bihari Vajpayee Ekana Cricket Stadium B,2,9.2,Odisha,Maharashtra,Abhishek Yadav,Subhransu Senapati,Sunil Yadav,1,0,,,,,,,,,
1280238,2021/22,2021-11-06,Bharat Ratna Shri Atal Bihari Vajpayee Ekana Cricket Stadium B,2,9.3,Odisha,Maharashtra,Subhransu Senapati,Abhishek Yadav,Sunil Yadav,1,0,,,,,,,,,
1280238,2021/22,2021-11-06,Bharat Ratna Shri Atal Bihari Vajpayee Ekana Cricket Stadium B,2,9.4,Odisha,Maharashtra,Abhishek Yadav,Subhransu Senapati,Sunil Yadav,1,0,,,,,,,,,
1280238,2021/22,2021-11-06,Bharat Ratna Shri Atal Bihari Vajpayee Ekana Cricket Stadium B,2,9.5,Odisha,Maharashtra,Subhransu Senapati,Abhishek Yadav,Sunil Yadav,1,0,,,,,,run out,Subhransu Senapati,,
1280238,2021/22,2021-11-06,Bharat Ratna Shri Atal Bihari Vajpayee Ekana Cricket Stadium B,2,9.6,Odisha,Maharashtra,Govinda Poddar,Abhishek Yadav,Sunil Yadav,1,0,,,,,,,,,
1280238,2021/22,2021-11-06,Bharat Ratna Shri Atal Bihari Vajpayee Ekana Cricket Stadium B,2,10.1,Odisha,Maharashtra,Govinda Poddar,Abhishek Yadav,Azim Kazi,1,0,,,,,,,,,
1280238,2021/22,2021-11-06,Bharat Ratna Shri Atal Bihari Vajpayee Ekana Cricket Stadium B,2,10.2,Odisha,Maharashtra,Abhishek Yadav,Govinda Poddar,Azim Kazi,0,0,,,,,,,,,
1280238,2021/22,2021-11-06,Bharat Ratna Shri Atal Bihari Vajpayee Ekana Cricket Stadium B,2,10.3,Odisha,Maharashtra,Abhishek Yadav,Govinda Poddar,Azim Kazi,1,0,,,,,,,,,
1280238,2021/22,2021-11-06,Bharat Ratna Shri Atal Bihari Vajpayee Ekana Cricket Stadium B,2,10.4,Odisha,Maharashtra,Govinda Poddar,Abhishek Yadav,Azim Kazi,1,0,,,,,,,,,
1280238,2021/22,2021-11-06,Bharat Ratna Shri Atal Bihari Vajpayee Ekana Cricket Stadium B,2,10.5,Odisha,Maharashtra,Abhishek Yadav,Govinda Poddar,Azim Kazi,6,0,,,,,,,,,
1280238,2021/22,2021-11-06,Bharat Ratna Shri Atal Bihari Vajpayee Ekana Cricket Stadium B,2,10.6,Odisha,Maharashtra,Abhishek Yadav,Govinda Poddar,Azim Kazi,1,0,,,,,,,,,
1280238,2021/22,2021-11-06,Bharat Ratna Shri Atal Bihari Vajpayee Ekana Cricket Stadium B,2,11.1,Odisha,Maharashtra,Abhishek Yadav,Govinda Poddar,Sunil Yadav,1,0,,,,,,,,,
1280238,2021/22,2021-11-06,Bharat Ratna Shri Atal Bihari Vajpayee Ekana Cricket Stadium B,2,11.2,Odisha,Maharashtra,Govinda Poddar,Abhishek Yadav,Sunil Yadav,0,0,,,,,,,,,
1280238,2021/22,2021-11-06,Bharat Ratna Shri Atal Bihari Vajpayee Ekana Cricket Stadium B,2,11.3,Odisha,Maharashtra,Govinda Poddar,Abhishek Yadav,Sunil Yadav,1,0,,,,,,,,,
1280238,2021/22,2021-11-06,Bharat Ratna Shri Atal Bihari Vajpayee Ekana Cricket Stadium B,2,11.4,Odisha,Maharashtra,Abhishek Yadav,Govinda Poddar,Sunil Yadav,1,0,,,,,,,,,
1280238,2021/22,2021-11-06,Bharat Ratna Shri Atal Bihari Vajpayee Ekana Cricket Stadium B,2,11.5,Odisha,Maharashtra,Govinda Poddar,Abhishek Yadav,Sunil Yadav,4,0,,,,,,,,,
1280238,2021/22,2021-11-06,Bharat Ratna Shri Atal Bihari Vajpayee Ekana Cricket Stadium B,2,11.6,Odisha,Maharashtra,Govinda Poddar,Abhishek Yadav,Sunil Yadav,0,0,,,,,,,,,
1280238,2021/22,2021-11-06,Bharat Ratna Shri Atal Bihari Vajpayee Ekana Cricket Stadium B,2,12.1,Odisha,Maharashtra,Abhishek Yadav,Govinda Poddar,Satyajeet Bachhav,1,0,,,,,,,,,
1280238,2021/22,2021-11-06,Bharat Ratna Shri Atal Bihari Vajpayee Ekana Cricket Stadium B,2,12.2,Odisha,Maharashtra,Govinda Poddar,Abhishek Yadav,Satyajeet Bachhav,2,0,,,,,,,,,
1280238,2021/22,2021-11-06,Bharat Ratna Shri Atal Bihari Vajpayee Ekana Cricket Stadium B,2,12.3,Odisha,Maharashtra,Govinda Poddar,Abhishek Yadav,Satyajeet Bachhav,1,0,,,,,,,,,
1280238,2021/22,2021-11-06,Bharat Ratna Shri Atal Bihari Vajpayee Ekana Cricket Stadium B,2,12.4,Odisha,Maharashtra,Abhishek Yadav,Govinda Poddar,Satyajeet Bachhav,4,0,,,,,,,,,
1280238,2021/22,2021-11-06,Bharat Ratna Shri Atal Bihari Vajpayee Ekana Cricket Stadium B,2,12.5,Odisha,Maharashtra,Abhishek Yadav,Govinda Poddar,Satyajeet Bachhav,4,0,,,,,,,,,
1280238,2021/22,2021-11-06,Bharat Ratna Shri Atal Bihari Vajpayee Ekana Cricket Stadium B,2,12.6,Odisha,Maharashtra,Abhishek Yadav,Govinda Poddar,Satyajeet Bachhav,1,0,,,,,,,,,
1280238,2021/22,2021-11-06,Bharat Ratna Shri Atal Bihari Vajpayee Ekana Cricket Stadium B,2,13.1,Odisha,Maharashtra,Abhishek Yadav,Govinda Poddar,Divyang Hinganekar,1,0,,,,,,,,,
1280238,2021/22,2021-11-06,Bharat Ratna Shri Atal Bihari Vajpayee Ekana Cricket Stadium B,2,13.2,Odisha,Maharashtra,Govinda Poddar,Abhishek Yadav,Divyang Hinganekar,4,0,,,,,,,,,
1280238,2021/22,2021-11-06,Bharat Ratna Shri Atal Bihari Vajpayee Ekana Cricket Stadium B,2,13.3,Odisha,Maharashtra,Govinda Poddar,Abhishek Yadav,Divyang Hinganekar,0,0,,,,,,,,,
1280238,2021/22,2021-11-06,Bharat Ratna Shri Atal Bihari Vajpayee Ekana Cricket Stadium B,2,13.4,Odisha,Maharashtra,Govinda Poddar,Abhishek Yadav,Divyang Hinganekar,1,0,,,,,,,,,
1280238,2021/22,2021-11-06,Bharat Ratna Shri Atal Bihari Vajpayee Ekana Cricket Stadium B,2,13.5,Odisha,Maharashtra,Abhishek Yadav,Govinda Poddar,Divyang Hinganekar,0,0,,,,,,caught,Abhishek Yadav,,
1280238,2021/22,2021-11-06,Bharat Ratna Shri Atal Bihari Vajpayee Ekana Cricket Stadium B,2,13.6,Odisha,Maharashtra,AS Raut,Govinda Poddar,Divyang Hinganekar,1,0,,,,,,,,,
1280238,2021/22,2021-11-06,Bharat Ratna Shri Atal Bihari Vajpayee Ekana Cricket Stadium B,2,14.1,Odisha,Maharashtra,AS Raut,Govinda Poddar,Azim Kazi,6,0,,,,,,,,,
1280238,2021/22,2021-11-06,Bharat Ratna Shri Atal Bihari Vajpayee Ekana Cricket Stadium B,2,14.2,Odisha,Maharashtra,AS Raut,Govinda Poddar,Azim Kazi,1,0,,,,,,,,,
1280238,2021/22,2021-11-06,Bharat Ratna Shri Atal Bihari Vajpayee Ekana Cricket Stadium B,2,14.3,Odisha,Maharashtra,Govinda Poddar,AS Raut,Azim Kazi,1,0,,,,,,,,,
1280238,2021/22,2021-11-06,Bharat Ratna Shri Atal Bihari Vajpayee Ekana Cricket Stadium B,2,14.4,Odisha,Maharashtra,AS Raut,Govinda Poddar,Azim Kazi,0,0,,,,,,,,,
1280238,2021/22,2021-11-06,Bharat Ratna Shri Atal Bihari Vajpayee Ekana Cricket Stadium B,2,14.5,Odisha,Maharashtra,AS Raut,Govinda Poddar,Azim Kazi,1,0,,,,,,,,,
1280238,2021/22,2021-11-06,Bharat Ratna Shri Atal Bihari Vajpayee Ekana Cricket Stadium B,2,14.6,Odisha,Maharashtra,Govinda Poddar,AS Raut,Azim Kazi,0,0,,,,,,,,,
1280238,2021/22,2021-11-06,Bharat Ratna Shri Atal Bihari Vajpayee Ekana Cricket Stadium B,2,15.1,Odisha,Maharashtra,AS Raut,Govinda Poddar,Divyang Hinganekar,4,0,,,,,,,,,
1280238,2021/22,2021-11-06,Bharat Ratna Shri Atal Bihari Vajpayee Ekana Cricket Stadium B,2,15.2,Odisha,Maharashtra,AS Raut,Govinda Poddar,Divyang Hinganekar,4,0,,,,,,,,,
1280238,2021/22,2021-11-06,Bharat Ratna Shri Atal Bihari Vajpayee Ekana Cricket Stadium B,2,15.3,Odisha,Maharashtra,AS Raut,Govinda Poddar,Divyang Hinganekar,1,0,,,,,,,,,
1280238,2021/22,2021-11-06,Bharat Ratna Shri Atal Bihari Vajpayee Ekana Cricket Stadium B,2,15.4,Odisha,Maharashtra,Govinda Poddar,AS Raut,Divyang Hinganekar,0,0,,,,,,caught,Govinda Poddar,,
1280238,2021/22,2021-11-06,Bharat Ratna Shri Atal Bihari Vajpayee Ekana Cricket Stadium B,2,15.5,Odisha,Maharashtra,Sarbeswar Mohanty,AS Raut,Divyang Hinganekar,0,0,,,,,,,,,
1280238,2021/22,2021-11-06,Bharat Ratna Shri Atal Bihari Vajpayee Ekana Cricket Stadium B,2,15.6,Odisha,Maharashtra,Sarbeswar Mohanty,AS Raut,Divyang Hinganekar,0,0,,,,,,bowled,Sarbeswar Mohanty,,
1280238,2021/22,2021-11-06,Bharat Ratna Shri Atal Bihari Vajpayee Ekana Cricket Stadium B,2,16.1,Odisha,Maharashtra,AS Raut,Bikash K Rout,Sunil Yadav,0,2,2,,,,,,,,
1280238,2021/22,2021-11-06,Bharat Ratna Shri Atal Bihari Vajpayee Ekana Cricket Stadium B,2,16.2,Odisha,Maharashtra,Bikash K Rout,AS Raut,Sunil Yadav,1,0,,,,,,,,,
1280238,2021/22,2021-11-06,Bharat Ratna Shri Atal Bihari Vajpayee Ekana Cricket Stadium B,2,16.3,Odisha,Maharashtra,AS Raut,Bikash K Rout,Sunil Yadav,4,0,,,,,,,,,
1280238,2021/22,2021-11-06,Bharat Ratna Shri Atal Bihari Vajpayee Ekana Cricket Stadium B,2,16.4,Odisha,Maharashtra,AS Raut,Bikash K Rout,Sunil Yadav,1,0,,,,,,,,,
1280238,2021/22,2021-11-06,Bharat Ratna Shri Atal Bihari Vajpayee Ekana Cricket Stadium B,2,16.5,Odisha,Maharashtra,Bikash K Rout,AS Raut,Sunil Yadav,1,0,,,,,,,,,
1280238,2021/22,2021-11-06,Bharat Ratna Shri Atal Bihari Vajpayee Ekana Cricket Stadium B,2,16.6,Odisha,Maharashtra,AS Raut,Bikash K Rout,Sunil Yadav,1,0,,,,,,,,,
1280238,2021/22,2021-11-06,Bharat Ratna Shri Atal Bihari Vajpayee Ekana Cricket Stadium B,2,16.7,Odisha,Maharashtra,Bikash K Rout,AS Raut,Sunil Yadav,1,0,,,,,,,,,
1280238,2021/22,2021-11-06,Bharat Ratna Shri Atal Bihari Vajpayee Ekana Cricket Stadium B,2,17.1,Odisha,Maharashtra,Bikash K Rout,AS Raut,Divyang Hinganekar,1,0,,,,,,,,,
1280238,2021/22,2021-11-06,Bharat Ratna Shri Atal Bihari Vajpayee Ekana Cricket Stadium B,2,17.2,Odisha,Maharashtra,AS Raut,Bikash K Rout,Divyang Hinganekar,1,0,,,,,,,,,
1280238,2021/22,2021-11-06,Bharat Ratna Shri Atal Bihari Vajpayee Ekana Cricket Stadium B,2,17.3,Odisha,Maharashtra,Bikash K Rout,AS Raut,Divyang Hinganekar,1,0,,,,,,,,,
1280238,2021/22,2021-11-06,Bharat Ratna Shri Atal Bihari Vajpayee Ekana Cricket Stadium B,2,17.4,Odisha,Maharashtra,AS Raut,Bikash K Rout,Divyang Hinganekar,4,0,,,,,,,,,
1280238,2021/22,2021-11-06,Bharat Ratna Shri Atal Bihari Vajpayee Ekana Cricket Stadium B,2,17.5,Odisha,Maharashtra,AS Raut,Bikash K Rout,Divyang Hinganekar,0,0,,,,,,caught,AS Raut,,
1280238,2021/22,2021-11-06,Bharat Ratna Shri Atal Bihari Vajpayee Ekana Cricket Stadium B,2,17.6,Odisha,Maharashtra,Bikash K Rout,Debabrata Pradhan,Divyang Hinganekar,1,0,,,,,,,,,
1280238,2021/22,2021-11-06,Bharat Ratna Shri Atal Bihari Vajpayee Ekana Cricket Stadium B,2,18.1,Odisha,Maharashtra,Bikash K Rout,Debabrata Pradhan,A Palkar,0,0,,,,,,caught,Bikash K Rout,,
1280238,2021/22,2021-11-06,Bharat Ratna Shri Atal Bihari Vajpayee Ekana Cricket Stadium B,2,18.2,Odisha,Maharashtra,Debabrata Pradhan,Ashish Rai,A Palkar,1,0,,,,,,,,,
1280238,2021/22,2021-11-06,Bharat Ratna Shri Atal Bihari Vajpayee Ekana Cricket Stadium B,2,18.3,Odisha,Maharashtra,Ashish Rai,Debabrata Pradhan,A Palkar,1,0,,,,,,,,,
1280238,2021/22,2021-11-06,Bharat Ratna Shri Atal Bihari Vajpayee Ekana Cricket Stadium B,2,18.4,Odisha,Maharashtra,Debabrata Pradhan,Ashish Rai,A Palkar,0,0,,,,,,caught,Debabrata Pradhan,,
1280238,2021/22,2021-11-06,Bharat Ratna Shri Atal Bihari Vajpayee Ekana Cricket Stadium B,2,18.5,Odisha,Maharashtra,Ashish Rai,Jayanta Behera,A Palkar,0,0,,,,,,bowled,Ashish Rai,,
