match_id,season,start_date,venue,innings,ball,batting_team,bowling_team,striker,non_striker,bowler,runs_off_bat,extras,wides,noballs,byes,legbyes,penalty,wicket_type,player_dismissed,other_wicket_type,other_player_dismissed
1280296,2021/22,2021-11-18,Arun Jaitley Stadium,1,0.1,Kerala,Tamil Nadu,Rohan Kunnummal,Mohammed Azharuddeen,S Sandeep Warrier,1,0,,,,,,,,,
1280296,2021/22,2021-11-18,Arun Jaitley Stadium,1,0.2,Kerala,Tamil Nadu,Mohammed Azharuddeen,Rohan Kunnummal,S Sandeep Warrier,0,0,,,,,,,,,
1280296,2021/22,2021-11-18,Arun Jaitley Stadium,1,0.3,Kerala,Tamil Nadu,Mohammed Azharuddeen,Rohan Kunnummal,S Sandeep Warrier,1,0,,,,,,,,,
1280296,2021/22,2021-11-18,Arun Jaitley Stadium,1,0.4,Kerala,Tamil Nadu,Rohan Kunnummal,Mohammed Azharuddeen,S Sandeep Warrier,0,0,,,,,,,,,
1280296,2021/22,2021-11-18,Arun Jaitley Stadium,1,0.5,Kerala,Tamil Nadu,Rohan Kunnummal,Mohammed Azharuddeen,S Sandeep Warrier,2,0,,,,,,,,,
1280296,2021/22,2021-11-18,Arun Jaitley Stadium,1,0.6,Kerala,Tamil Nadu,Rohan Kunnummal,Mohammed Azharuddeen,S Sandeep Warrier,0,0,,,,,,,,,
1280296,2021/22,2021-11-18,Arun Jaitley Stadium,1,1.1,Kerala,Tamil Nadu,Mohammed Azharuddeen,Rohan Kunnummal,P Saravana Kumar,1,0,,,,,,,,,
1280296,2021/22,2021-11-18,Arun Jaitley Stadium,1,1.2,Kerala,Tamil Nadu,Rohan Kunnummal,Mohammed Azharuddeen,P Saravana Kumar,0,0,,,,,,,,,
1280296,2021/22,2021-11-18,Arun Jaitley Stadium,1,1.3,Kerala,Tamil Nadu,Rohan Kunnummal,Mohammed Azharuddeen,P Saravana Kumar,0,0,,,,,,,,,
1280296,2021/22,2021-11-18,Arun Jaitley Stadium,1,1.4,Kerala,Tamil Nadu,Rohan Kunnummal,Mohammed Azharuddeen,P Saravana Kumar,0,0,,,,,,,,,
1280296,2021/22,2021-11-18,Arun Jaitley Stadium,1,1.5,Kerala,Tamil Nadu,Rohan Kunnummal,Mohammed Azharuddeen,P Saravana Kumar,1,0,,,,,,,,,
1280296,2021/22,2021-11-18,Arun Jaitley Stadium,1,1.6,Kerala,Tamil Nadu,Mohammed Azharuddeen,Rohan Kunnummal,P Saravana Kumar,4,0,,,,,,,,,
1280296,2021/22,2021-11-18,Arun Jaitley Stadium,1,2.1,Kerala,Tamil Nadu,Rohan Kunnummal,Mohammed Azharuddeen,S Sandeep Warrier,0,0,,,,,,,,,
1280296,2021/22,2021-11-18,Arun Jaitley Stadium,1,2.2,Kerala,Tamil Nadu,Rohan Kunnummal,Mohammed Azharuddeen,S Sandeep Warrier,0,0,,,,,,,,,
1280296,2021/22,2021-11-18,Arun Jaitley Stadium,1,2.3,Kerala,Tamil Nadu,Rohan Kunnummal,Mohammed Azharuddeen,S Sandeep Warrier,1,0,,,,,,,,,
1280296,2021/22,2021-11-18,Arun Jaitley Stadium,1,2.4,Kerala,Tamil Nadu,Mohammed Azharuddeen,Rohan Kunnummal,S Sandeep Warrier,0,0,,,,,,,,,
1280296,2021/22,2021-11-18,Arun Jaitley Stadium,1,2.5,Kerala,Tamil Nadu,Mohammed Azharuddeen,Rohan Kunnummal,S Sandeep Warrier,0,0,,,,,,,,,
1280296,2021/22,2021-11-18,Arun Jaitley Stadium,1,2.6,Kerala,Tamil Nadu,Mohammed Azharuddeen,Rohan Kunnummal,S Sandeep Warrier,4,0,,,,,,,,,
1280296,2021/22,2021-11-18,Arun Jaitley Stadium,1,3.1,Kerala,Tamil Nadu,Rohan Kunnummal,Mohammed Azharuddeen,P Saravana Kumar,4,0,,,,,,,,,
1280296,2021/22,2021-11-18,Arun Jaitley Stadium,1,3.2,Kerala,Tamil Nadu,Rohan Kunnummal,Mohammed Azharuddeen,P Saravana Kumar,2,0,,,,,,,,,
1280296,2021/22,2021-11-18,Arun Jaitley Stadium,1,3.3,Kerala,Tamil Nadu,Rohan Kunnummal,Mohammed Azharuddeen,P Saravana Kumar,1,0,,,,,,,,,
1280296,2021/22,2021-11-18,Arun Jaitley Stadium,1,3.4,Kerala,Tamil Nadu,Mohammed Azharuddeen,Rohan Kunnummal,P Saravana Kumar,1,0,,,,,,,,,
1280296,2021/22,2021-11-18,Arun Jaitley Stadium,1,3.5,Kerala,Tamil Nadu,Rohan Kunnummal,Mohammed Azharuddeen,P Saravana Kumar,4,0,,,,,,,,,
1280296,2021/22,2021-11-18,Arun Jaitley Stadium,1,3.6,Kerala,Tamil Nadu,Rohan Kunnummal,Mohammed Azharuddeen,P Saravana Kumar,4,0,,,,,,,,,
1280296,2021/22,2021-11-18,Arun Jaitley Stadium,1,4.1,Kerala,Tamil Nadu,Mohammed Azharuddeen,Rohan Kunnummal,R Sai Kishore,1,0,,,,,,,,,
1280296,2021/22,2021-11-18,Arun Jaitley Stadium,1,4.2,Kerala,Tamil Nadu,Rohan Kunnummal,Mohammed Azharuddeen,R Sai Kishore,0,0,,,,,,,,,
1280296,2021/22,2021-11-18,Arun Jaitley Stadium,1,4.3,Kerala,Tamil Nadu,Rohan Kunnummal,Mohammed Azharuddeen,R Sai Kishore,0,0,,,,,,,,,
1280296,2021/22,2021-11-18,Arun Jaitley Stadium,1,4.4,Kerala,Tamil Nadu,Rohan Kunnummal,Mohammed Azharuddeen,R Sai Kishore,1,0,,,,,,,,,
1280296,2021/22,2021-11-18,Arun Jaitley Stadium,1,4.5,Kerala,Tamil Nadu,Mohammed Azharuddeen,Rohan Kunnummal,R Sai Kishore,0,0,,,,,,,,,
1280296,2021/22,2021-11-18,Arun Jaitley Stadium,1,4.6,Kerala,Tamil Nadu,Mohammed Azharuddeen,Rohan Kunnummal,R Sai Kishore,1,0,,,,,,,,,
1280296,2021/22,2021-11-18,Arun Jaitley Stadium,1,5.1,Kerala,Tamil Nadu,Mohammed Azharuddeen,Rohan Kunnummal,R Sanjay Yadav,1,0,,,,,,,,,
1280296,2021/22,2021-11-18,Arun Jaitley Stadium,1,5.2,Kerala,Tamil Nadu,Rohan Kunnummal,Mohammed Azharuddeen,R Sanjay Yadav,1,0,,,,,,,,,
1280296,2021/22,2021-11-18,Arun Jaitley Stadium,1,5.3,Kerala,Tamil Nadu,Mohammed Azharuddeen,Rohan Kunnummal,R Sanjay Yadav,1,0,,,,,,,,,
1280296,2021/22,2021-11-18,Arun Jaitley Stadium,1,5.4,Kerala,Tamil Nadu,Rohan Kunnummal,Mohammed Azharuddeen,R Sanjay Yadav,4,0,,,,,,,,,
1280296,2021/22,2021-11-18,Arun Jaitley Stadium,1,5.5,Kerala,Tamil Nadu,Rohan Kunnummal,Mohammed Azharuddeen,R Sanjay Yadav,0,0,,,,,,,,,
1280296,2021/22,2021-11-18,Arun Jaitley Stadium,1,5.6,Kerala,Tamil Nadu,Rohan Kunnummal,Mohammed Azharuddeen,R Sanjay Yadav,1,0,,,,,,,,,
1280296,2021/22,2021-11-18,Arun Jaitley Stadium,1,6.1,Kerala,Tamil Nadu,Rohan Kunnummal,Mohammed Azharuddeen,M Ashwin,2,0,,,,,,,,,
1280296,2021/22,2021-11-18,Arun Jaitley Stadium,1,6.2,Kerala,Tamil Nadu,Rohan Kunnummal,Mohammed Azharuddeen,M Ashwin,1,0,,,,,,,,,
1280296,2021/22,2021-11-18,Arun Jaitley Stadium,1,6.3,Kerala,Tamil Nadu,Mohammed Azharuddeen,Rohan Kunnummal,M Ashwin,0,0,,,,,,caught,Mohammed Azharuddeen,,
1280296,2021/22,2021-11-18,Arun Jaitley Stadium,1,6.4,Kerala,Tamil Nadu,Sachin Baby,Rohan Kunnummal,M Ashwin,0,0,,,,,,,,,
1280296,2021/22,2021-11-18,Arun Jaitley Stadium,1,6.5,Kerala,Tamil Nadu,Sachin Baby,Rohan Kunnummal,M Ashwin,1,0,,,,,,,,,
1280296,2021/22,2021-11-18,Arun Jaitley Stadium,1,6.6,Kerala,Tamil Nadu,Rohan Kunnummal,Sachin Baby,M Ashwin,0,0,,,,,,,,,
1280296,2021/22,2021-11-18,Arun Jaitley Stadium,1,7.1,Kerala,Tamil Nadu,Sachin Baby,Rohan Kunnummal,R Sai Kishore,0,0,,,,,,,,,
1280296,2021/22,2021-11-18,Arun Jaitley Stadium,1,7.2,Kerala,Tamil Nadu,Sachin Baby,Rohan Kunnummal,R Sai Kishore,0,1,1,,,,,,,,
1280296,2021/22,2021-11-18,Arun Jaitley Stadium,1,7.3,Kerala,Tamil Nadu,Sachin Baby,Rohan Kunnummal,R Sai Kishore,1,0,,,,,,,,,
1280296,2021/22,2021-11-18,Arun Jaitley Stadium,1,7.4,Kerala,Tamil Nadu,Rohan Kunnummal,Sachin Baby,R Sai Kishore,2,0,,,,,,,,,
1280296,2021/22,2021-11-18,Arun Jaitley Stadium,1,7.5,Kerala,Tamil Nadu,Rohan Kunnummal,Sachin Baby,R Sai Kishore,1,0,,,,,,,,,
1280296,2021/22,2021-11-18,Arun Jaitley Stadium,1,7.6,Kerala,Tamil Nadu,Sachin Baby,Rohan Kunnummal,R Sai Kishore,1,0,,,,,,,,,
1280296,2021/22,2021-11-18,Arun Jaitley Stadium,1,7.7,Kerala,Tamil Nadu,Rohan Kunnummal,Sachin Baby,R Sai Kishore,2,0,,,,,,,,,
1280296,2021/22,2021-11-18,Arun Jaitley Stadium,1,8.1,Kerala,Tamil Nadu,Sachin Baby,Rohan Kunnummal,M Ashwin,1,0,,,,,,,,,
1280296,2021/22,2021-11-18,Arun Jaitley Stadium,1,8.2,Kerala,Tamil Nadu,Rohan Kunnummal,Sachin Baby,M Ashwin,1,0,,,,,,,,,
1280296,2021/22,2021-11-18,Arun Jaitley Stadium,1,8.3,Kerala,Tamil Nadu,Sachin Baby,Rohan Kunnummal,M Ashwin,1,0,,,,,,,,,
1280296,2021/22,2021-11-18,Arun Jaitley Stadium,1,8.4,Kerala,Tamil Nadu,Rohan Kunnummal,Sachin Baby,M Ashwin,1,0,,,,,,,,,
1280296,2021/22,2021-11-18,Arun Jaitley Stadium,1,8.5,Kerala,Tamil Nadu,Sachin Baby,Rohan Kunnummal,M Ashwin,0,0,,,,,,,,,
1280296,2021/22,2021-11-18,Arun Jaitley Stadium,1,8.6,Kerala,Tamil Nadu,Sachin Baby,Rohan Kunnummal,M Ashwin,1,0,,,,,,,,,
1280296,2021/22,2021-11-18,Arun Jaitley Stadium,1,9.1,Kerala,Tamil Nadu,Sachin Baby,Rohan Kunnummal,R Sai Kishore,6,0,,,,,,,,,
1280296,2021/22,2021-11-18,Arun Jaitley Stadium,1,9.2,Kerala,Tamil Nadu,Sachin Baby,Rohan Kunnummal,R Sai Kishore,2,0,,,,,,,,,
1280296,2021/22,2021-11-18,Arun Jaitley Stadium,1,9.3,Kerala,Tamil Nadu,Sachin Baby,Rohan Kunnummal,R Sai Kishore,2,0,,,,,,,,,
1280296,2021/22,2021-11-18,Arun Jaitley Stadium,1,9.4,Kerala,Tamil Nadu,Sachin Baby,Rohan Kunnummal,R Sai Kishore,0,0,,,,,,,,,
1280296,2021/22,2021-11-18,Arun Jaitley Stadium,1,9.5,Kerala,Tamil Nadu,Sachin Baby,Rohan Kunnummal,R Sai Kishore,1,0,,,,,,,,,
1280296,2021/22,2021-11-18,Arun Jaitley Stadium,1,9.6,Kerala,Tamil Nadu,Rohan Kunnummal,Sachin Baby,R Sai Kishore,0,1,1,,,,,,,,
1280296,2021/22,2021-11-18,Arun Jaitley Stadium,1,9.7,Kerala,Tamil Nadu,Rohan Kunnummal,Sachin Baby,R Sai Kishore,1,0,,,,,,,,,
1280296,2021/22,2021-11-18,Arun Jaitley Stadium,1,10.1,Kerala,Tamil Nadu,Rohan Kunnummal,Sachin Baby,M Ashwin,2,0,,,,,,,,,
1280296,2021/22,2021-11-18,Arun Jaitley Stadium,1,10.2,Kerala,Tamil Nadu,Rohan Kunnummal,Sachin Baby,M Ashwin,0,0,,,,,,,,,
1280296,2021/22,2021-11-18,Arun Jaitley Stadium,1,10.3,Kerala,Tamil Nadu,Rohan Kunnummal,Sachin Baby,M Ashwin,1,0,,,,,,,,,
1280296,2021/22,2021-11-18,Arun Jaitley Stadium,1,10.4,Kerala,Tamil Nadu,Sachin Baby,Rohan Kunnummal,M Ashwin,1,0,,,,,,,,,
1280296,2021/22,2021-11-18,Arun Jaitley Stadium,1,10.5,Kerala,Tamil Nadu,Rohan Kunnummal,Sachin Baby,M Ashwin,1,0,,,,,,,,,
1280296,2021/22,2021-11-18,Arun Jaitley Stadium,1,10.6,Kerala,Tamil Nadu,Sachin Baby,Rohan Kunnummal,M Ashwin,1,0,,,,,,,,,
1280296,2021/22,2021-11-18,Arun Jaitley Stadium,1,11.1,Kerala,Tamil Nadu,Sachin Baby,Rohan Kunnummal,M Mohammed,1,0,,,,,,,,,
1280296,2021/22,2021-11-18,Arun Jaitley Stadium,1,11.2,Kerala,Tamil Nadu,Rohan Kunnummal,Sachin Baby,M Mohammed,0,1,1,,,,,,,,
1280296,2021/22,2021-11-18,Arun Jaitley Stadium,1,11.3,Kerala,Tamil Nadu,Rohan Kunnummal,Sachin Baby,M Mohammed,4,0,,,,,,,,,
1280296,2021/22,2021-11-18,Arun Jaitley Stadium,1,11.4,Kerala,Tamil Nadu,Rohan Kunnummal,Sachin Baby,M Mohammed,2,0,,,,,,,,,
1280296,2021/22,2021-11-18,Arun Jaitley Stadium,1,11.5,Kerala,Tamil Nadu,Rohan Kunnummal,Sachin Baby,M Mohammed,2,0,,,,,,,,,
1280296,2021/22,2021-11-18,Arun Jaitley Stadium,1,11.6,Kerala,Tamil Nadu,Rohan Kunnummal,Sachin Baby,M Mohammed,1,0,,,,,,,,,
1280296,2021/22,2021-11-18,Arun Jaitley Stadium,1,11.7,Kerala,Tamil Nadu,Sachin Baby,Rohan Kunnummal,M Mohammed,1,0,,,,,,,,,
1280296,2021/22,2021-11-18,Arun Jaitley Stadium,1,12.1,Kerala,Tamil Nadu,Sachin Baby,Rohan Kunnummal,R Sanjay Yadav,1,0,,,,,,,,,
1280296,2021/22,2021-11-18,Arun Jaitley Stadium,1,12.2,Kerala,Tamil Nadu,Rohan Kunnummal,Sachin Baby,R Sanjay Yadav,0,0,,,,,,,,,
1280296,2021/22,2021-11-18,Arun Jaitley Stadium,1,12.3,Kerala,Tamil Nadu,Rohan Kunnummal,Sachin Baby,R Sanjay Yadav,0,0,,,,,,,,,
1280296,2021/22,2021-11-18,Arun Jaitley Stadium,1,12.4,Kerala,Tamil Nadu,Rohan Kunnummal,Sachin Baby,R Sanjay Yadav,0,0,,,,,,stumped,Rohan Kunnummal,,
1280296,2021/22,2021-11-18,Arun Jaitley Stadium,1,12.5,Kerala,Tamil Nadu,SV Samson,Sachin Baby,R Sanjay Yadav,0,0,,,,,,,,,
1280296,2021/22,2021-11-18,Arun Jaitley Stadium,1,12.6,Kerala,Tamil Nadu,SV Samson,Sachin Baby,R Sanjay Yadav,0,0,,,,,,caught,SV Samson,,
1280296,2021/22,2021-11-18,Arun Jaitley Stadium,1,13.1,Kerala,Tamil Nadu,Sachin Baby,Vishnu Vinod,M Ashwin,0,0,,,,,,,,,
1280296,2021/22,2021-11-18,Arun Jaitley Stadium,1,13.2,Kerala,Tamil Nadu,Sachin Baby,Vishnu Vinod,M Ashwin,1,0,,,,,,,,,
1280296,2021/22,2021-11-18,Arun Jaitley Stadium,1,13.3,Kerala,Tamil Nadu,Vishnu Vinod,Sachin Baby,M Ashwin,1,0,,,,,,,,,
1280296,2021/22,2021-11-18,Arun Jaitley Stadium,1,13.4,Kerala,Tamil Nadu,Sachin Baby,Vishnu Vinod,M Ashwin,1,0,,,,,,,,,
1280296,2021/22,2021-11-18,Arun Jaitley Stadium,1,13.5,Kerala,Tamil Nadu,Vishnu Vinod,Sachin Baby,M Ashwin,0,1,1,,,,,,,,
1280296,2021/22,2021-11-18,Arun Jaitley Stadium,1,13.6,Kerala,Tamil Nadu,Vishnu Vinod,Sachin Baby,M Ashwin,0,1,,,,1,,,,,
1280296,2021/22,2021-11-18,Arun Jaitley Stadium,1,13.7,Kerala,Tamil Nadu,Sachin Baby,Vishnu Vinod,M Ashwin,1,0,,,,,,,,,
1280296,2021/22,2021-11-18,Arun Jaitley Stadium,1,14.1,Kerala,Tamil Nadu,Sachin Baby,Vishnu Vinod,R Sanjay Yadav,1,0,,,,,,,,,
1280296,2021/22,2021-11-18,Arun Jaitley Stadium,1,14.2,Kerala,Tamil Nadu,Vishnu Vinod,Sachin Baby,R Sanjay Yadav,4,0,,,,,,,,,
1280296,2021/22,2021-11-18,Arun Jaitley Stadium,1,14.3,Kerala,Tamil Nadu,Vishnu Vinod,Sachin Baby,R Sanjay Yadav,2,0,,,,,,,,,
1280296,2021/22,2021-11-18,Arun Jaitley Stadium,1,14.4,Kerala,Tamil Nadu,Vishnu Vinod,Sachin Baby,R Sanjay Yadav,0,0,,,,,,,,,
1280296,2021/22,2021-11-18,Arun Jaitley Stadium,1,14.5,Kerala,Tamil Nadu,Vishnu Vinod,Sachin Baby,R Sanjay Yadav,0,0,,,,,,,,,
1280296,2021/22,2021-11-18,Arun Jaitley Stadium,1,14.6,Kerala,Tamil Nadu,Vishnu Vinod,Sachin Baby,R Sanjay Yadav,2,0,,,,,,,,,
1280296,2021/22,2021-11-18,Arun Jaitley Stadium,1,15.1,Kerala,Tamil Nadu,Sachin Baby,Vishnu Vinod,R Sai Kishore,2,0,,,,,,,,,
1280296,2021/22,2021-11-18,Arun Jaitley Stadium,1,15.2,Kerala,Tamil Nadu,Sachin Baby,Vishnu Vinod,R Sai Kishore,1,0,,,,,,,,,
1280296,2021/22,2021-11-18,Arun Jaitley Stadium,1,15.3,Kerala,Tamil Nadu,Vishnu Vinod,Sachin Baby,R Sai Kishore,1,0,,,,,,,,,
1280296,2021/22,2021-11-18,Arun Jaitley Stadium,1,15.4,Kerala,Tamil Nadu,Sachin Baby,Vishnu Vinod,R Sai Kishore,1,0,,,,,,,,,
1280296,2021/22,2021-11-18,Arun Jaitley Stadium,1,15.5,Kerala,Tamil Nadu,Vishnu Vinod,Sachin Baby,R Sai Kishore,1,0,,,,,,,,,
1280296,2021/22,2021-11-18,Arun Jaitley Stadium,1,15.6,Kerala,Tamil Nadu,Sachin Baby,Vishnu Vinod,R Sai Kishore,1,0,,,,,,,,,
1280296,2021/22,2021-11-18,Arun Jaitley Stadium,1,16.1,Kerala,Tamil Nadu,Sachin Baby,Vishnu Vinod,R Sanjay Yadav,1,0,,,,,,,,,
1280296,2021/22,2021-11-18,Arun Jaitley Stadium,1,16.2,Kerala,Tamil Nadu,Vishnu Vinod,Sachin Baby,R Sanjay Yadav,1,0,,,,,,,,,
1280296,2021/22,2021-11-18,Arun Jaitley Stadium,1,16.3,Kerala,Tamil Nadu,Sachin Baby,Vishnu Vinod,R Sanjay Yadav,1,0,,,,,,,,,
1280296,2021/22,2021-11-18,Arun Jaitley Stadium,1,16.4,Kerala,Tamil Nadu,Vishnu Vinod,Sachin Baby,R Sanjay Yadav,1,0,,,,,,,,,
1280296,2021/22,2021-11-18,Arun Jaitley Stadium,1,16.5,Kerala,Tamil Nadu,Sachin Baby,Vishnu Vinod,R Sanjay Yadav,0,1,,,,1,,,,,
1280296,2021/22,2021-11-18,Arun Jaitley Stadium,1,16.6,Kerala,Tamil Nadu,Vishnu Vinod,Sachin Baby,R Sanjay Yadav,1,0,,,,,,,,,
1280296,2021/22,2021-11-18,Arun Jaitley Stadium,1,17.1,Kerala,Tamil Nadu,Vishnu Vinod,Sachin Baby,S Sandeep Warrier,6,0,,,,,,,,,
1280296,2021/22,2021-11-18,Arun Jaitley Stadium,1,17.2,Kerala,Tamil Nadu,Vishnu Vinod,Sachin Baby,S Sandeep Warrier,4,0,,,,,,,,,
1280296,2021/22,2021-11-18,Arun Jaitley Stadium,1,17.3,Kerala,Tamil Nadu,Vishnu Vinod,Sachin Baby,S Sandeep Warrier,6,0,,,,,,,,,
1280296,2021/22,2021-11-18,Arun Jaitley Stadium,1,17.4,Kerala,Tamil Nadu,Vishnu Vinod,Sachin Baby,P Saravana Kumar,6,0,,,,,,,,,
1280296,2021/22,2021-11-18,Arun Jaitley Stadium,1,17.5,Kerala,Tamil Nadu,Vishnu Vinod,Sachin Baby,P Saravana Kumar,0,0,,,,,,,,,
1280296,2021/22,2021-11-18,Arun Jaitley Stadium,1,17.6,Kerala,Tamil Nadu,Vishnu Vinod,Sachin Baby,P Saravana Kumar,1,0,,,,,,,,,
1280296,2021/22,2021-11-18,Arun Jaitley Stadium,1,18.1,Kerala,Tamil Nadu,Vishnu Vinod,Sachin Baby,M Mohammed,0,0,,,,,,,,,
1280296,2021/22,2021-11-18,Arun Jaitley Stadium,1,18.2,Kerala,Tamil Nadu,Vishnu Vinod,Sachin Baby,M Mohammed,6,0,,,,,,,,,
1280296,2021/22,2021-11-18,Arun Jaitley Stadium,1,18.3,Kerala,Tamil Nadu,Vishnu Vinod,Sachin Baby,M Mohammed,1,0,,,,,,,,,
1280296,2021/22,2021-11-18,Arun Jaitley Stadium,1,18.4,Kerala,Tamil Nadu,Sachin Baby,Vishnu Vinod,M Mohammed,0,0,,,,,,caught,Sachin Baby,,
1280296,2021/22,2021-11-18,Arun Jaitley Stadium,1,18.5,Kerala,Tamil Nadu,Vishnu Vinod,MS Akhil,M Mohammed,6,0,,,,,,,,,
1280296,2021/22,2021-11-18,Arun Jaitley Stadium,1,18.6,Kerala,Tamil Nadu,Vishnu Vinod,MS Akhil,M Mohammed,6,0,,,,,,,,,
1280296,2021/22,2021-11-18,Arun Jaitley Stadium,1,19.1,Kerala,Tamil Nadu,MS Akhil,Vishnu Vinod,P Saravana Kumar,4,0,,,,,,,,,
1280296,2021/22,2021-11-18,Arun Jaitley Stadium,1,19.2,Kerala,Tamil Nadu,MS Akhil,Vishnu Vinod,P Saravana Kumar,0,1,,,,1,,,,,
1280296,2021/22,2021-11-18,Arun Jaitley Stadium,1,19.3,Kerala,Tamil Nadu,Vishnu Vinod,MS Akhil,P Saravana Kumar,1,0,,,,,,,,,
1280296,2021/22,2021-11-18,Arun Jaitley Stadium,1,19.4,Kerala,Tamil Nadu,MS Akhil,Vishnu Vinod,P Saravana Kumar,4,1,,1,,,,,,,
1280296,2021/22,2021-11-18,Arun Jaitley Stadium,1,19.5,Kerala,Tamil Nadu,MS Akhil,Vishnu Vinod,P Saravana Kumar,1,0,,,,,,,,,
1280296,2021/22,2021-11-18,Arun Jaitley Stadium,1,19.6,Kerala,Tamil Nadu,Vishnu Vinod,MS Akhil,P Saravana Kumar,6,0,,,,,,,,,
1280296,2021/22,2021-11-18,Arun Jaitley Stadium,1,19.7,Kerala,Tamil Nadu,Vishnu Vinod,MS Akhil,P Saravana Kumar,2,0,,,,,,,,,
1280296,2021/22,2021-11-18,Arun Jaitley Stadium,2,0.1,Tamil Nadu,Kerala,Hari Nishaanth,N Jagadeesan,Unnikrishnan Manukrishnan,1,0,,,,,,,,,
1280296,2021/22,2021-11-18,Arun Jaitley Stadium,2,0.2,Tamil Nadu,Kerala,N Jagadeesan,Hari Nishaanth,Unnikrishnan Manukrishnan,0,0,,,,,,,,,
1280296,2021/22,2021-11-18,Arun Jaitley Stadium,2,0.3,Tamil Nadu,Kerala,N Jagadeesan,Hari Nishaanth,Unnikrishnan Manukrishnan,1,0,,,,,,,,,
1280296,2021/22,2021-11-18,Arun Jaitley Stadium,2,0.4,Tamil Nadu,Kerala,Hari Nishaanth,N Jagadeesan,Unnikrishnan Manukrishnan,1,0,,,,,,,,,
1280296,2021/22,2021-11-18,Arun Jaitley Stadium,2,0.5,Tamil Nadu,Kerala,N Jagadeesan,Hari Nishaanth,Unnikrishnan Manukrishnan,6,0,,,,,,,,,
1280296,2021/22,2021-11-18,Arun Jaitley Stadium,2,0.6,Tamil Nadu,Kerala,N Jagadeesan,Hari Nishaanth,Unnikrishnan Manukrishnan,0,0,,,,,,,,,
1280296,2021/22,2021-11-18,Arun Jaitley Stadium,2,1.1,Tamil Nadu,Kerala,Hari Nishaanth,N Jagadeesan,Suresh Vishweshwar,0,0,,,,,,,,,
1280296,2021/22,2021-11-18,Arun Jaitley Stadium,2,1.2,Tamil Nadu,Kerala,Hari Nishaanth,N Jagadeesan,Suresh Vishweshwar,2,0,,,,,,,,,
1280296,2021/22,2021-11-18,Arun Jaitley Stadium,2,1.3,Tamil Nadu,Kerala,Hari Nishaanth,N Jagadeesan,Suresh Vishweshwar,4,1,,1,,,,,,,
1280296,2021/22,2021-11-18,Arun Jaitley Stadium,2,1.4,Tamil Nadu,Kerala,Hari Nishaanth,N Jagadeesan,Suresh Vishweshwar,0,0,,,,,,,,,
1280296,2021/22,2021-11-18,Arun Jaitley Stadium,2,1.5,Tamil Nadu,Kerala,Hari Nishaanth,N Jagadeesan,Suresh Vishweshwar,1,0,,,,,,,,,
1280296,2021/22,2021-11-18,Arun Jaitley Stadium,2,1.6,Tamil Nadu,Kerala,N Jagadeesan,Hari Nishaanth,Suresh Vishweshwar,0,0,,,,,,,,,
1280296,2021/22,2021-11-18,Arun Jaitley Stadium,2,1.7,Tamil Nadu,Kerala,N Jagadeesan,Hari Nishaanth,Suresh Vishweshwar,0,1,1,,,,,,,,
1280296,2021/22,2021-11-18,Arun Jaitley Stadium,2,1.8,Tamil Nadu,Kerala,N Jagadeesan,Hari Nishaanth,Suresh Vishweshwar,0,0,,,,,,,,,
1280296,2021/22,2021-11-18,Arun Jaitley Stadium,2,2.1,Tamil Nadu,Kerala,Hari Nishaanth,N Jagadeesan,KM Asif,0,0,,,,,,,,,
1280296,2021/22,2021-11-18,Arun Jaitley Stadium,2,2.2,Tamil Nadu,Kerala,Hari Nishaanth,N Jagadeesan,KM Asif,0,0,,,,,,,,,
1280296,2021/22,2021-11-18,Arun Jaitley Stadium,2,2.3,Tamil Nadu,Kerala,Hari Nishaanth,N Jagadeesan,KM Asif,6,0,,,,,,,,,
1280296,2021/22,2021-11-18,Arun Jaitley Stadium,2,2.4,Tamil Nadu,Kerala,Hari Nishaanth,N Jagadeesan,KM Asif,0,1,1,,,,,,,,
1280296,2021/22,2021-11-18,Arun Jaitley Stadium,2,2.5,Tamil Nadu,Kerala,Hari Nishaanth,N Jagadeesan,KM Asif,1,0,,,,,,,,,
1280296,2021/22,2021-11-18,Arun Jaitley Stadium,2,2.6,Tamil Nadu,Kerala,N Jagadeesan,Hari Nishaanth,KM Asif,0,0,,,,,,caught,N Jagadeesan,,
1280296,2021/22,2021-11-18,Arun Jaitley Stadium,2,2.7,Tamil Nadu,Kerala,Hari Nishaanth,B Sai Sudharsan,KM Asif,1,0,,,,,,,,,
1280296,2021/22,2021-11-18,Arun Jaitley Stadium,2,3.1,Tamil Nadu,Kerala,Hari Nishaanth,B Sai Sudharsan,Jalaj S Saxena,1,0,,,,,,,,,
1280296,2021/22,2021-11-18,Arun Jaitley Stadium,2,3.2,Tamil Nadu,Kerala,B Sai Sudharsan,Hari Nishaanth,Jalaj S Saxena,1,0,,,,,,,,,
1280296,2021/22,2021-11-18,Arun Jaitley Stadium,2,3.3,Tamil Nadu,Kerala,Hari Nishaanth,B Sai Sudharsan,Jalaj S Saxena,0,1,,,,1,,,,,
1280296,2021/22,2021-11-18,Arun Jaitley Stadium,2,3.4,Tamil Nadu,Kerala,B Sai Sudharsan,Hari Nishaanth,Jalaj S Saxena,0,0,,,,,,,,,
1280296,2021/22,2021-11-18,Arun Jaitley Stadium,2,3.5,Tamil Nadu,Kerala,B Sai Sudharsan,Hari Nishaanth,Jalaj S Saxena,4,0,,,,,,,,,
1280296,2021/22,2021-11-18,Arun Jaitley Stadium,2,3.6,Tamil Nadu,Kerala,B Sai Sudharsan,Hari Nishaanth,Jalaj S Saxena,0,0,,,,,,,,,
1280296,2021/22,2021-11-18,Arun Jaitley Stadium,2,4.1,Tamil Nadu,Kerala,Hari Nishaanth,B Sai Sudharsan,KM Asif,4,0,,,,,,,,,
1280296,2021/22,2021-11-18,Arun Jaitley Stadium,2,4.2,Tamil Nadu,Kerala,Hari Nishaanth,B Sai Sudharsan,KM Asif,0,4,,,,4,,,,,
1280296,2021/22,2021-11-18,Arun Jaitley Stadium,2,4.3,Tamil Nadu,Kerala,Hari Nishaanth,B Sai Sudharsan,KM Asif,1,0,,,,,,,,,
1280296,2021/22,2021-11-18,Arun Jaitley Stadium,2,4.4,Tamil Nadu,Kerala,B Sai Sudharsan,Hari Nishaanth,KM Asif,0,0,,,,,,,,,
1280296,2021/22,2021-11-18,Arun Jaitley Stadium,2,4.5,Tamil Nadu,Kerala,B Sai Sudharsan,Hari Nishaanth,KM Asif,1,0,,,,,,,,,
1280296,2021/22,2021-11-18,Arun Jaitley Stadium,2,4.6,Tamil Nadu,Kerala,Hari Nishaanth,B Sai Sudharsan,KM Asif,1,0,,,,,,,,,
1280296,2021/22,2021-11-18,Arun Jaitley Stadium,2,5.1,Tamil Nadu,Kerala,Hari Nishaanth,B Sai Sudharsan,Jalaj S Saxena,6,0,,,,,,,,,
1280296,2021/22,2021-11-18,Arun Jaitley Stadium,2,5.2,Tamil Nadu,Kerala,Hari Nishaanth,B Sai Sudharsan,Jalaj S Saxena,1,0,,,,,,,,,
1280296,2021/22,2021-11-18,Arun Jaitley Stadium,2,5.3,Tamil Nadu,Kerala,B Sai Sudharsan,Hari Nishaanth,Jalaj S Saxena,0,0,,,,,,,,,
1280296,2021/22,2021-11-18,Arun Jaitley Stadium,2,5.4,Tamil Nadu,Kerala,B Sai Sudharsan,Hari Nishaanth,Jalaj S Saxena,1,0,,,,,,,,,
1280296,2021/22,2021-11-18,Arun Jaitley Stadium,2,5.5,Tamil Nadu,Kerala,Hari Nishaanth,B Sai Sudharsan,Jalaj S Saxena,1,0,,,,,,,,,
1280296,2021/22,2021-11-18,Arun Jaitley Stadium,2,5.6,Tamil Nadu,Kerala,B Sai Sudharsan,Hari Nishaanth,Jalaj S Saxena,4,0,,,,,,,,,
1280296,2021/22,2021-11-18,Arun Jaitley Stadium,2,6.1,Tamil Nadu,Kerala,Hari Nishaanth,B Sai Sudharsan,Unnikrishnan Manukrishnan,0,0,,,,,,bowled,Hari Nishaanth,,
1280296,2021/22,2021-11-18,Arun Jaitley Stadium,2,6.2,Tamil Nadu,Kerala,V Shankar,B Sai Sudharsan,Unnikrishnan Manukrishnan,0,0,,,,,,,,,
1280296,2021/22,2021-11-18,Arun Jaitley Stadium,2,6.3,Tamil Nadu,Kerala,V Shankar,B Sai Sudharsan,Unnikrishnan Manukrishnan,4,0,,,,,,,,,
1280296,2021/22,2021-11-18,Arun Jaitley Stadium,2,6.4,Tamil Nadu,Kerala,V Shankar,B Sai Sudharsan,Unnikrishnan Manukrishnan,0,0,,,,,,,,,
1280296,2021/22,2021-11-18,Arun Jaitley Stadium,2,6.5,Tamil Nadu,Kerala,V Shankar,B Sai Sudharsan,Unnikrishnan Manukrishnan,0,0,,,,,,,,,
1280296,2021/22,2021-11-18,Arun Jaitley Stadium,2,6.6,Tamil Nadu,Kerala,V Shankar,B Sai Sudharsan,Unnikrishnan Manukrishnan,0,0,,,,,,,,,
1280296,2021/22,2021-11-18,Arun Jaitley Stadium,2,7.1,Tamil Nadu,Kerala,B Sai Sudharsan,V Shankar,S Midhun,4,0,,,,,,,,,
1280296,2021/22,2021-11-18,Arun Jaitley Stadium,2,7.2,Tamil Nadu,Kerala,B Sai Sudharsan,V Shankar,S Midhun,1,0,,,,,,,,,
1280296,2021/22,2021-11-18,Arun Jaitley Stadium,2,7.3,Tamil Nadu,Kerala,V Shankar,B Sai Sudharsan,S Midhun,1,0,,,,,,,,,
1280296,2021/22,2021-11-18,Arun Jaitley Stadium,2,7.4,Tamil Nadu,Kerala,B Sai Sudharsan,V Shankar,S Midhun,2,0,,,,,,,,,
1280296,2021/22,2021-11-18,Arun Jaitley Stadium,2,7.5,Tamil Nadu,Kerala,B Sai Sudharsan,V Shankar,S Midhun,4,0,,,,,,,,,
1280296,2021/22,2021-11-18,Arun Jaitley Stadium,2,7.6,Tamil Nadu,Kerala,B Sai Sudharsan,V Shankar,S Midhun,1,0,,,,,,,,,
1280296,2021/22,2021-11-18,Arun Jaitley Stadium,2,8.1,Tamil Nadu,Kerala,B Sai Sudharsan,V Shankar,Suresh Vishweshwar,0,0,,,,,,,,,
1280296,2021/22,2021-11-18,Arun Jaitley Stadium,2,8.2,Tamil Nadu,Kerala,B Sai Sudharsan,V Shankar,Suresh Vishweshwar,4,0,,,,,,,,,
1280296,2021/22,2021-11-18,Arun Jaitley Stadium,2,8.3,Tamil Nadu,Kerala,B Sai Sudharsan,V Shankar,Suresh Vishweshwar,0,1,1,,,,,,,,
1280296,2021/22,2021-11-18,Arun Jaitley Stadium,2,8.4,Tamil Nadu,Kerala,B Sai Sudharsan,V Shankar,Suresh Vishweshwar,0,1,1,,,,,,,,
1280296,2021/22,2021-11-18,Arun Jaitley Stadium,2,8.5,Tamil Nadu,Kerala,B Sai Sudharsan,V Shankar,Suresh Vishweshwar,2,0,,,,,,,,,
1280296,2021/22,2021-11-18,Arun Jaitley Stadium,2,8.6,Tamil Nadu,Kerala,B Sai Sudharsan,V Shankar,Suresh Vishweshwar,1,0,,,,,,,,,
1280296,2021/22,2021-11-18,Arun Jaitley Stadium,2,8.7,Tamil Nadu,Kerala,V Shankar,B Sai Sudharsan,Suresh Vishweshwar,1,0,,,,,,,,,
1280296,2021/22,2021-11-18,Arun Jaitley Stadium,2,8.8,Tamil Nadu,Kerala,B Sai Sudharsan,V Shankar,Suresh Vishweshwar,1,0,,,,,,,,,
1280296,2021/22,2021-11-18,Arun Jaitley Stadium,2,9.1,Tamil Nadu,Kerala,B Sai Sudharsan,V Shankar,S Midhun,1,0,,,,,,,,,
1280296,2021/22,2021-11-18,Arun Jaitley Stadium,2,9.2,Tamil Nadu,Kerala,V Shankar,B Sai Sudharsan,S Midhun,6,0,,,,,,,,,
1280296,2021/22,2021-11-18,Arun Jaitley Stadium,2,9.3,Tamil Nadu,Kerala,V Shankar,B Sai Sudharsan,S Midhun,1,0,,,,,,,,,
1280296,2021/22,2021-11-18,Arun Jaitley Stadium,2,9.4,Tamil Nadu,Kerala,B Sai Sudharsan,V Shankar,S Midhun,0,0,,,,,,,,,
1280296,2021/22,2021-11-18,Arun Jaitley Stadium,2,9.5,Tamil Nadu,Kerala,B Sai Sudharsan,V Shankar,S Midhun,0,0,,,,,,,,,
1280296,2021/22,2021-11-18,Arun Jaitley Stadium,2,9.6,Tamil Nadu,Kerala,B Sai Sudharsan,V Shankar,S Midhun,1,0,,,,,,,,,
1280296,2021/22,2021-11-18,Arun Jaitley Stadium,2,10.1,Tamil Nadu,Kerala,B Sai Sudharsan,V Shankar,MS Akhil,4,0,,,,,,,,,
1280296,2021/22,2021-11-18,Arun Jaitley Stadium,2,10.2,Tamil Nadu,Kerala,B Sai Sudharsan,V Shankar,MS Akhil,1,0,,,,,,,,,
1280296,2021/22,2021-11-18,Arun Jaitley Stadium,2,10.3,Tamil Nadu,Kerala,V Shankar,B Sai Sudharsan,MS Akhil,2,0,,,,,,,,,
1280296,2021/22,2021-11-18,Arun Jaitley Stadium,2,10.4,Tamil Nadu,Kerala,V Shankar,B Sai Sudharsan,MS Akhil,1,0,,,,,,,,,
1280296,2021/22,2021-11-18,Arun Jaitley Stadium,2,10.5,Tamil Nadu,Kerala,B Sai Sudharsan,V Shankar,MS Akhil,1,0,,,,,,,,,
1280296,2021/22,2021-11-18,Arun Jaitley Stadium,2,10.6,Tamil Nadu,Kerala,V Shankar,B Sai Sudharsan,MS Akhil,1,0,,,,,,,,,
1280296,2021/22,2021-11-18,Arun Jaitley Stadium,2,11.1,Tamil Nadu,Kerala,V Shankar,B Sai Sudharsan,Jalaj S Saxena,1,0,,,,,,,,,
1280296,2021/22,2021-11-18,Arun Jaitley Stadium,2,11.2,Tamil Nadu,Kerala,B Sai Sudharsan,V Shankar,Jalaj S Saxena,4,0,,,,,,,,,
1280296,2021/22,2021-11-18,Arun Jaitley Stadium,2,11.3,Tamil Nadu,Kerala,B Sai Sudharsan,V Shankar,Jalaj S Saxena,0,0,,,,,,,,,
1280296,2021/22,2021-11-18,Arun Jaitley Stadium,2,11.4,Tamil Nadu,Kerala,B Sai Sudharsan,V Shankar,Jalaj S Saxena,1,0,,,,,,,,,
1280296,2021/22,2021-11-18,Arun Jaitley Stadium,2,11.5,Tamil Nadu,Kerala,V Shankar,B Sai Sudharsan,Jalaj S Saxena,0,0,,,,,,,,,
1280296,2021/22,2021-11-18,Arun Jaitley Stadium,2,11.6,Tamil Nadu,Kerala,V Shankar,B Sai Sudharsan,Jalaj S Saxena,1,0,,,,,,,,,
1280296,2021/22,2021-11-18,Arun Jaitley Stadium,2,12.1,Tamil Nadu,Kerala,V Shankar,B Sai Sudharsan,S Midhun,1,0,,,,,,,,,
1280296,2021/22,2021-11-18,Arun Jaitley Stadium,2,12.2,Tamil Nadu,Kerala,B Sai Sudharsan,V Shankar,S Midhun,2,0,,,,,,,,,
1280296,2021/22,2021-11-18,Arun Jaitley Stadium,2,12.3,Tamil Nadu,Kerala,B Sai Sudharsan,V Shankar,S Midhun,0,0,,,,,,bowled,B Sai Sudharsan,,
1280296,2021/22,2021-11-18,Arun Jaitley Stadium,2,12.4,Tamil Nadu,Kerala,R Sanjay Yadav,V Shankar,S Midhun,0,0,,,,,,,,,
1280296,2021/22,2021-11-18,Arun Jaitley Stadium,2,12.5,Tamil Nadu,Kerala,R Sanjay Yadav,V Shankar,S Midhun,0,0,,,,,,,,,
1280296,2021/22,2021-11-18,Arun Jaitley Stadium,2,12.6,Tamil Nadu,Kerala,R Sanjay Yadav,V Shankar,S Midhun,1,0,,,,,,,,,
1280296,2021/22,2021-11-18,Arun Jaitley Stadium,2,13.1,Tamil Nadu,Kerala,R Sanjay Yadav,V Shankar,Jalaj S Saxena,1,0,,,,,,,,,
1280296,2021/22,2021-11-18,Arun Jaitley Stadium,2,13.2,Tamil Nadu,Kerala,V Shankar,R Sanjay Yadav,Jalaj S Saxena,6,0,,,,,,,,,
1280296,2021/22,2021-11-18,Arun Jaitley Stadium,2,13.3,Tamil Nadu,Kerala,V Shankar,R Sanjay Yadav,Jalaj S Saxena,1,0,,,,,,,,,
1280296,2021/22,2021-11-18,Arun Jaitley Stadium,2,13.4,Tamil Nadu,Kerala,R Sanjay Yadav,V Shankar,Jalaj S Saxena,0,0,,,,,,,,,
1280296,2021/22,2021-11-18,Arun Jaitley Stadium,2,13.5,Tamil Nadu,Kerala,R Sanjay Yadav,V Shankar,Jalaj S Saxena,1,0,,,,,,,,,
1280296,2021/22,2021-11-18,Arun Jaitley Stadium,2,13.6,Tamil Nadu,Kerala,V Shankar,R Sanjay Yadav,Jalaj S Saxena,1,0,,,,,,,,,
1280296,2021/22,2021-11-18,Arun Jaitley Stadium,2,14.1,Tamil Nadu,Kerala,V Shankar,R Sanjay Yadav,S Midhun,1,0,,,,,,,,,
1280296,2021/22,2021-11-18,Arun Jaitley Stadium,2,14.2,Tamil Nadu,Kerala,R Sanjay Yadav,V Shankar,S Midhun,1,0,,,,,,,,,
1280296,2021/22,2021-11-18,Arun Jaitley Stadium,2,14.3,Tamil Nadu,Kerala,V Shankar,R Sanjay Yadav,S Midhun,1,0,,,,,,,,,
1280296,2021/22,2021-11-18,Arun Jaitley Stadium,2,14.4,Tamil Nadu,Kerala,R Sanjay Yadav,V Shankar,S Midhun,1,0,,,,,,,,,
1280296,2021/22,2021-11-18,Arun Jaitley Stadium,2,14.5,Tamil Nadu,Kerala,V Shankar,R Sanjay Yadav,S Midhun,1,0,,,,,,,,,
1280296,2021/22,2021-11-18,Arun Jaitley Stadium,2,14.6,Tamil Nadu,Kerala,R Sanjay Yadav,V Shankar,S Midhun,1,0,,,,,,,,,
1280296,2021/22,2021-11-18,Arun Jaitley Stadium,2,15.1,Tamil Nadu,Kerala,R Sanjay Yadav,V Shankar,KM Asif,2,0,,,,,,,,,
1280296,2021/22,2021-11-18,Arun Jaitley Stadium,2,15.2,Tamil Nadu,Kerala,R Sanjay Yadav,V Shankar,KM Asif,6,0,,,,,,,,,
1280296,2021/22,2021-11-18,Arun Jaitley Stadium,2,15.3,Tamil Nadu,Kerala,R Sanjay Yadav,V Shankar,KM Asif,0,1,1,,,,,,,,
1280296,2021/22,2021-11-18,Arun Jaitley Stadium,2,15.4,Tamil Nadu,Kerala,R Sanjay Yadav,V Shankar,KM Asif,1,0,,,,,,,,,
1280296,2021/22,2021-11-18,Arun Jaitley Stadium,2,15.5,Tamil Nadu,Kerala,V Shankar,R Sanjay Yadav,KM Asif,1,0,,,,,,,,,
1280296,2021/22,2021-11-18,Arun Jaitley Stadium,2,15.6,Tamil Nadu,Kerala,R Sanjay Yadav,V Shankar,KM Asif,1,0,,,,,,,,,
1280296,2021/22,2021-11-18,Arun Jaitley Stadium,2,15.7,Tamil Nadu,Kerala,V Shankar,R Sanjay Yadav,KM Asif,1,0,,,,,,,,,
1280296,2021/22,2021-11-18,Arun Jaitley Stadium,2,16.1,Tamil Nadu,Kerala,V Shankar,R Sanjay Yadav,Unnikrishnan Manukrishnan,0,0,,,,,,,,,
1280296,2021/22,2021-11-18,Arun Jaitley Stadium,2,16.2,Tamil Nadu,Kerala,V Shankar,R Sanjay Yadav,Unnikrishnan Manukrishnan,0,0,,,,,,caught,V Shankar,,
1280296,2021/22,2021-11-18,Arun Jaitley Stadium,2,16.3,Tamil Nadu,Kerala,M Shahrukh Khan,R Sanjay Yadav,Unnikrishnan Manukrishnan,1,0,,,,,,,,,
1280296,2021/22,2021-11-18,Arun Jaitley Stadium,2,16.4,Tamil Nadu,Kerala,R Sanjay Yadav,M Shahrukh Khan,Unnikrishnan Manukrishnan,1,0,,,,,,,,,
1280296,2021/22,2021-11-18,Arun Jaitley Stadium,2,16.5,Tamil Nadu,Kerala,M Shahrukh Khan,R Sanjay Yadav,Unnikrishnan Manukrishnan,1,0,,,,,,,,,
1280296,2021/22,2021-11-18,Arun Jaitley Stadium,2,16.6,Tamil Nadu,Kerala,R Sanjay Yadav,M Shahrukh Khan,Unnikrishnan Manukrishnan,1,0,,,,,,,,,
1280296,2021/22,2021-11-18,Arun Jaitley Stadium,2,17.1,Tamil Nadu,Kerala,R Sanjay Yadav,M Shahrukh Khan,Suresh Vishweshwar,4,0,,,,,,,,,
1280296,2021/22,2021-11-18,Arun Jaitley Stadium,2,17.2,Tamil Nadu,Kerala,R Sanjay Yadav,M Shahrukh Khan,Suresh Vishweshwar,1,0,,,,,,,,,
1280296,2021/22,2021-11-18,Arun Jaitley Stadium,2,17.3,Tamil Nadu,Kerala,M Shahrukh Khan,R Sanjay Yadav,Suresh Vishweshwar,6,0,,,,,,,,,
1280296,2021/22,2021-11-18,Arun Jaitley Stadium,2,17.4,Tamil Nadu,Kerala,M Shahrukh Khan,R Sanjay Yadav,Suresh Vishweshwar,6,0,,,,,,,,,
1280296,2021/22,2021-11-18,Arun Jaitley Stadium,2,17.5,Tamil Nadu,Kerala,M Shahrukh Khan,R Sanjay Yadav,Suresh Vishweshwar,1,0,,,,,,,,,
1280296,2021/22,2021-11-18,Arun Jaitley Stadium,2,17.6,Tamil Nadu,Kerala,R Sanjay Yadav,M Shahrukh Khan,Suresh Vishweshwar,1,0,,,,,,,,,
1280296,2021/22,2021-11-18,Arun Jaitley Stadium,2,18.1,Tamil Nadu,Kerala,R Sanjay Yadav,M Shahrukh Khan,Unnikrishnan Manukrishnan,1,0,,,,,,,,,
1280296,2021/22,2021-11-18,Arun Jaitley Stadium,2,18.2,Tamil Nadu,Kerala,M Shahrukh Khan,R Sanjay Yadav,Unnikrishnan Manukrishnan,0,1,,,1,,,,,,
1280296,2021/22,2021-11-18,Arun Jaitley Stadium,2,18.3,Tamil Nadu,Kerala,R Sanjay Yadav,M Shahrukh Khan,Unnikrishnan Manukrishnan,1,0,,,,,,,,,
1280296,2021/22,2021-11-18,Arun Jaitley Stadium,2,18.4,Tamil Nadu,Kerala,M Shahrukh Khan,R Sanjay Yadav,Unnikrishnan Manukrishnan,1,0,,,,,,,,,
1280296,2021/22,2021-11-18,Arun Jaitley Stadium,2,18.5,Tamil Nadu,Kerala,R Sanjay Yadav,M Shahrukh Khan,Unnikrishnan Manukrishnan,6,0,,,,,,,,,
1280296,2021/22,2021-11-18,Arun Jaitley Stadium,2,18.6,Tamil Nadu,Kerala,R Sanjay Yadav,M Shahrukh Khan,Unnikrishnan Manukrishnan,0,0,,,,,,caught,R Sanjay Yadav,,
1280296,2021/22,2021-11-18,Arun Jaitley Stadium,2,19.1,Tamil Nadu,Kerala,M Shahrukh Khan,M Mohammed,KM Asif,2,0,,,,,,,,,
1280296,2021/22,2021-11-18,Arun Jaitley Stadium,2,19.2,Tamil Nadu,Kerala,M Shahrukh Khan,M Mohammed,KM Asif,1,0,,,,,,,,,
1280296,2021/22,2021-11-18,Arun Jaitley Stadium,2,19.3,Tamil Nadu,Kerala,M Mohammed,M Shahrukh Khan,KM Asif,6,0,,,,,,,,,
