match_id,season,start_date,venue,innings,ball,batting_team,bowling_team,striker,non_striker,bowler,runs_off_bat,extras,wides,noballs,byes,legbyes,penalty,wicket_type,player_dismissed,other_wicket_type,other_player_dismissed
1280257,2021/22,2021-11-08,Bharat Ratna Shri Atal Bihari Vajpayee Ekana Cricket Stadium B,1,0.1,Maharashtra,Puducherry,RD Gaikwad,Yash Nahar,Suboth Bhati,0,0,,,,,,,,,
1280257,2021/22,2021-11-08,Bharat Ratna Shri Atal Bihari Vajpayee Ekana Cricket Stadium B,1,0.2,Maharashtra,Puducherry,RD Gaikwad,Yash Nahar,Suboth Bhati,0,0,,,,,,,,,
1280257,2021/22,2021-11-08,Bharat Ratna Shri Atal Bihari Vajpayee Ekana Cricket Stadium B,1,0.3,Maharashtra,Puducherry,RD Gaikwad,Yash Nahar,Suboth Bhati,1,0,,,,,,,,,
1280257,2021/22,2021-11-08,Bharat Ratna Shri Atal Bihari Vajpayee Ekana Cricket Stadium B,1,0.4,Maharashtra,Puducherry,Yash Nahar,RD Gaikwad,Suboth Bhati,1,0,,,,,,,,,
1280257,2021/22,2021-11-08,Bharat Ratna Shri Atal Bihari Vajpayee Ekana Cricket Stadium B,1,0.5,Maharashtra,Puducherry,RD Gaikwad,Yash Nahar,Suboth Bhati,1,0,,,,,,,,,
1280257,2021/22,2021-11-08,Bharat Ratna Shri Atal Bihari Vajpayee Ekana Cricket Stadium B,1,0.6,Maharashtra,Puducherry,Yash Nahar,RD Gaikwad,Suboth Bhati,6,0,,,,,,,,,
1280257,2021/22,2021-11-08,Bharat Ratna Shri Atal Bihari Vajpayee Ekana Cricket Stadium B,1,1.1,Maharashtra,Puducherry,RD Gaikwad,Yash Nahar,Sagar Trivedi,0,0,,,,,,,,,
1280257,2021/22,2021-11-08,Bharat Ratna Shri Atal Bihari Vajpayee Ekana Cricket Stadium B,1,1.2,Maharashtra,Puducherry,RD Gaikwad,Yash Nahar,Sagar Trivedi,1,0,,,,,,,,,
1280257,2021/22,2021-11-08,Bharat Ratna Shri Atal Bihari Vajpayee Ekana Cricket Stadium B,1,1.3,Maharashtra,Puducherry,Yash Nahar,RD Gaikwad,Sagar Trivedi,0,1,1,,,,,,,,
1280257,2021/22,2021-11-08,Bharat Ratna Shri Atal Bihari Vajpayee Ekana Cricket Stadium B,1,1.4,Maharashtra,Puducherry,Yash Nahar,RD Gaikwad,Sagar Trivedi,0,0,,,,,,,,,
1280257,2021/22,2021-11-08,Bharat Ratna Shri Atal Bihari Vajpayee Ekana Cricket Stadium B,1,1.5,Maharashtra,Puducherry,Yash Nahar,RD Gaikwad,Sagar Trivedi,0,0,,,,,,,,,
1280257,2021/22,2021-11-08,Bharat Ratna Shri Atal Bihari Vajpayee Ekana Cricket Stadium B,1,1.6,Maharashtra,Puducherry,Yash Nahar,RD Gaikwad,Sagar Trivedi,4,0,,,,,,,,,
1280257,2021/22,2021-11-08,Bharat Ratna Shri Atal Bihari Vajpayee Ekana Cricket Stadium B,1,1.7,Maharashtra,Puducherry,Yash Nahar,RD Gaikwad,Sagar Trivedi,4,0,,,,,,,,,
1280257,2021/22,2021-11-08,Bharat Ratna Shri Atal Bihari Vajpayee Ekana Cricket Stadium B,1,2.1,Maharashtra,Puducherry,RD Gaikwad,Yash Nahar,Suboth Bhati,0,0,,,,,,,,,
1280257,2021/22,2021-11-08,Bharat Ratna Shri Atal Bihari Vajpayee Ekana Cricket Stadium B,1,2.2,Maharashtra,Puducherry,RD Gaikwad,Yash Nahar,Suboth Bhati,0,0,,,,,,caught,RD Gaikwad,,
1280257,2021/22,2021-11-08,Bharat Ratna Shri Atal Bihari Vajpayee Ekana Cricket Stadium B,1,2.3,Maharashtra,Puducherry,Naushad Shaikh,Yash Nahar,Suboth Bhati,1,0,,,,,,,,,
1280257,2021/22,2021-11-08,Bharat Ratna Shri Atal Bihari Vajpayee Ekana Cricket Stadium B,1,2.4,Maharashtra,Puducherry,Yash Nahar,Naushad Shaikh,Suboth Bhati,0,0,,,,,,,,,
1280257,2021/22,2021-11-08,Bharat Ratna Shri Atal Bihari Vajpayee Ekana Cricket Stadium B,1,2.5,Maharashtra,Puducherry,Yash Nahar,Naushad Shaikh,Suboth Bhati,6,0,,,,,,,,,
1280257,2021/22,2021-11-08,Bharat Ratna Shri Atal Bihari Vajpayee Ekana Cricket Stadium B,1,2.6,Maharashtra,Puducherry,Yash Nahar,Naushad Shaikh,Suboth Bhati,1,0,,,,,,,,,
1280257,2021/22,2021-11-08,Bharat Ratna Shri Atal Bihari Vajpayee Ekana Cricket Stadium B,1,3.1,Maharashtra,Puducherry,Yash Nahar,Naushad Shaikh,Sagar Udeshi,1,0,,,,,,,,,
1280257,2021/22,2021-11-08,Bharat Ratna Shri Atal Bihari Vajpayee Ekana Cricket Stadium B,1,3.2,Maharashtra,Puducherry,Naushad Shaikh,Yash Nahar,Sagar Udeshi,0,0,,,,,,,,,
1280257,2021/22,2021-11-08,Bharat Ratna Shri Atal Bihari Vajpayee Ekana Cricket Stadium B,1,3.3,Maharashtra,Puducherry,Naushad Shaikh,Yash Nahar,Sagar Udeshi,0,0,,,,,,,,,
1280257,2021/22,2021-11-08,Bharat Ratna Shri Atal Bihari Vajpayee Ekana Cricket Stadium B,1,3.4,Maharashtra,Puducherry,Naushad Shaikh,Yash Nahar,Sagar Udeshi,0,0,,,,,,,,,
1280257,2021/22,2021-11-08,Bharat Ratna Shri Atal Bihari Vajpayee Ekana Cricket Stadium B,1,3.5,Maharashtra,Puducherry,Naushad Shaikh,Yash Nahar,Sagar Udeshi,0,0,,,,,,,,,
1280257,2021/22,2021-11-08,Bharat Ratna Shri Atal Bihari Vajpayee Ekana Cricket Stadium B,1,3.6,Maharashtra,Puducherry,Naushad Shaikh,Yash Nahar,Sagar Udeshi,4,0,,,,,,,,,
1280257,2021/22,2021-11-08,Bharat Ratna Shri Atal Bihari Vajpayee Ekana Cricket Stadium B,1,4.1,Maharashtra,Puducherry,Yash Nahar,Naushad Shaikh,Sagar Trivedi,0,0,,,,,,,,,
1280257,2021/22,2021-11-08,Bharat Ratna Shri Atal Bihari Vajpayee Ekana Cricket Stadium B,1,4.2,Maharashtra,Puducherry,Yash Nahar,Naushad Shaikh,Sagar Trivedi,1,0,,,,,,,,,
1280257,2021/22,2021-11-08,Bharat Ratna Shri Atal Bihari Vajpayee Ekana Cricket Stadium B,1,4.3,Maharashtra,Puducherry,Naushad Shaikh,Yash Nahar,Sagar Trivedi,1,0,,,,,,,,,
1280257,2021/22,2021-11-08,Bharat Ratna Shri Atal Bihari Vajpayee Ekana Cricket Stadium B,1,4.4,Maharashtra,Puducherry,Yash Nahar,Naushad Shaikh,Sagar Trivedi,1,0,,,,,,,,,
1280257,2021/22,2021-11-08,Bharat Ratna Shri Atal Bihari Vajpayee Ekana Cricket Stadium B,1,4.5,Maharashtra,Puducherry,Naushad Shaikh,Yash Nahar,Sagar Trivedi,6,0,,,,,,,,,
1280257,2021/22,2021-11-08,Bharat Ratna Shri Atal Bihari Vajpayee Ekana Cricket Stadium B,1,4.6,Maharashtra,Puducherry,Naushad Shaikh,Yash Nahar,Sagar Trivedi,1,0,,,,,,,,,
1280257,2021/22,2021-11-08,Bharat Ratna Shri Atal Bihari Vajpayee Ekana Cricket Stadium B,1,5.1,Maharashtra,Puducherry,Naushad Shaikh,Yash Nahar,Sagar Udeshi,2,0,,,,,,,,,
1280257,2021/22,2021-11-08,Bharat Ratna Shri Atal Bihari Vajpayee Ekana Cricket Stadium B,1,5.2,Maharashtra,Puducherry,Naushad Shaikh,Yash Nahar,Sagar Udeshi,1,0,,,,,,,,,
1280257,2021/22,2021-11-08,Bharat Ratna Shri Atal Bihari Vajpayee Ekana Cricket Stadium B,1,5.3,Maharashtra,Puducherry,Yash Nahar,Naushad Shaikh,Sagar Udeshi,0,0,,,,,,,,,
1280257,2021/22,2021-11-08,Bharat Ratna Shri Atal Bihari Vajpayee Ekana Cricket Stadium B,1,5.4,Maharashtra,Puducherry,Yash Nahar,Naushad Shaikh,Sagar Udeshi,6,0,,,,,,,,,
1280257,2021/22,2021-11-08,Bharat Ratna Shri Atal Bihari Vajpayee Ekana Cricket Stadium B,1,5.5,Maharashtra,Puducherry,Yash Nahar,Naushad Shaikh,Sagar Udeshi,0,0,,,,,,,,,
1280257,2021/22,2021-11-08,Bharat Ratna Shri Atal Bihari Vajpayee Ekana Cricket Stadium B,1,5.6,Maharashtra,Puducherry,Yash Nahar,Naushad Shaikh,Sagar Udeshi,4,0,,,,,,,,,
1280257,2021/22,2021-11-08,Bharat Ratna Shri Atal Bihari Vajpayee Ekana Cricket Stadium B,1,6.1,Maharashtra,Puducherry,Naushad Shaikh,Yash Nahar,Raghu Sharma,0,1,,1,,,,,,,
1280257,2021/22,2021-11-08,Bharat Ratna Shri Atal Bihari Vajpayee Ekana Cricket Stadium B,1,6.2,Maharashtra,Puducherry,Naushad Shaikh,Yash Nahar,Raghu Sharma,4,0,,,,,,,,,
1280257,2021/22,2021-11-08,Bharat Ratna Shri Atal Bihari Vajpayee Ekana Cricket Stadium B,1,6.3,Maharashtra,Puducherry,Naushad Shaikh,Yash Nahar,Raghu Sharma,4,0,,,,,,,,,
1280257,2021/22,2021-11-08,Bharat Ratna Shri Atal Bihari Vajpayee Ekana Cricket Stadium B,1,6.4,Maharashtra,Puducherry,Naushad Shaikh,Yash Nahar,Raghu Sharma,1,0,,,,,,,,,
1280257,2021/22,2021-11-08,Bharat Ratna Shri Atal Bihari Vajpayee Ekana Cricket Stadium B,1,6.5,Maharashtra,Puducherry,Yash Nahar,Naushad Shaikh,Raghu Sharma,0,0,,,,,,,,,
1280257,2021/22,2021-11-08,Bharat Ratna Shri Atal Bihari Vajpayee Ekana Cricket Stadium B,1,6.6,Maharashtra,Puducherry,Yash Nahar,Naushad Shaikh,Raghu Sharma,0,0,,,,,,,,,
1280257,2021/22,2021-11-08,Bharat Ratna Shri Atal Bihari Vajpayee Ekana Cricket Stadium B,1,6.7,Maharashtra,Puducherry,Yash Nahar,Naushad Shaikh,Raghu Sharma,4,0,,,,,,,,,
1280257,2021/22,2021-11-08,Bharat Ratna Shri Atal Bihari Vajpayee Ekana Cricket Stadium B,1,7.1,Maharashtra,Puducherry,Naushad Shaikh,Yash Nahar,Manogaran Pooviarasan,4,1,,1,,,,,,,
1280257,2021/22,2021-11-08,Bharat Ratna Shri Atal Bihari Vajpayee Ekana Cricket Stadium B,1,7.2,Maharashtra,Puducherry,Naushad Shaikh,Yash Nahar,Manogaran Pooviarasan,6,0,,,,,,,,,
1280257,2021/22,2021-11-08,Bharat Ratna Shri Atal Bihari Vajpayee Ekana Cricket Stadium B,1,7.3,Maharashtra,Puducherry,Naushad Shaikh,Yash Nahar,Manogaran Pooviarasan,0,0,,,,,,,,,
1280257,2021/22,2021-11-08,Bharat Ratna Shri Atal Bihari Vajpayee Ekana Cricket Stadium B,1,7.4,Maharashtra,Puducherry,Naushad Shaikh,Yash Nahar,Manogaran Pooviarasan,1,0,,,,,,,,,
1280257,2021/22,2021-11-08,Bharat Ratna Shri Atal Bihari Vajpayee Ekana Cricket Stadium B,1,7.5,Maharashtra,Puducherry,Yash Nahar,Naushad Shaikh,Manogaran Pooviarasan,1,0,,,,,,,,,
1280257,2021/22,2021-11-08,Bharat Ratna Shri Atal Bihari Vajpayee Ekana Cricket Stadium B,1,7.6,Maharashtra,Puducherry,Naushad Shaikh,Yash Nahar,Manogaran Pooviarasan,1,0,,,,,,,,,
1280257,2021/22,2021-11-08,Bharat Ratna Shri Atal Bihari Vajpayee Ekana Cricket Stadium B,1,7.7,Maharashtra,Puducherry,Yash Nahar,Naushad Shaikh,Manogaran Pooviarasan,4,0,,,,,,,,,
1280257,2021/22,2021-11-08,Bharat Ratna Shri Atal Bihari Vajpayee Ekana Cricket Stadium B,1,8.1,Maharashtra,Puducherry,Naushad Shaikh,Yash Nahar,Raghu Sharma,2,0,,,,,,,,,
1280257,2021/22,2021-11-08,Bharat Ratna Shri Atal Bihari Vajpayee Ekana Cricket Stadium B,1,8.2,Maharashtra,Puducherry,Naushad Shaikh,Yash Nahar,Raghu Sharma,2,0,,,,,,,,,
1280257,2021/22,2021-11-08,Bharat Ratna Shri Atal Bihari Vajpayee Ekana Cricket Stadium B,1,8.3,Maharashtra,Puducherry,Naushad Shaikh,Yash Nahar,Raghu Sharma,1,0,,,,,,,,,
1280257,2021/22,2021-11-08,Bharat Ratna Shri Atal Bihari Vajpayee Ekana Cricket Stadium B,1,8.4,Maharashtra,Puducherry,Yash Nahar,Naushad Shaikh,Raghu Sharma,0,0,,,,,,caught,Yash Nahar,,
1280257,2021/22,2021-11-08,Bharat Ratna Shri Atal Bihari Vajpayee Ekana Cricket Stadium B,1,8.5,Maharashtra,Puducherry,Naushad Shaikh,KM Jadhav,Raghu Sharma,0,0,,,,,,,,,
1280257,2021/22,2021-11-08,Bharat Ratna Shri Atal Bihari Vajpayee Ekana Cricket Stadium B,1,8.6,Maharashtra,Puducherry,Naushad Shaikh,KM Jadhav,Raghu Sharma,1,0,,,,,,,,,
1280257,2021/22,2021-11-08,Bharat Ratna Shri Atal Bihari Vajpayee Ekana Cricket Stadium B,1,9.1,Maharashtra,Puducherry,Naushad Shaikh,KM Jadhav,Logesh Prabagaran,6,0,,,,,,,,,
1280257,2021/22,2021-11-08,Bharat Ratna Shri Atal Bihari Vajpayee Ekana Cricket Stadium B,1,9.2,Maharashtra,Puducherry,Naushad Shaikh,KM Jadhav,Logesh Prabagaran,1,0,,,,,,,,,
1280257,2021/22,2021-11-08,Bharat Ratna Shri Atal Bihari Vajpayee Ekana Cricket Stadium B,1,9.3,Maharashtra,Puducherry,KM Jadhav,Naushad Shaikh,Logesh Prabagaran,4,0,,,,,,,,,
1280257,2021/22,2021-11-08,Bharat Ratna Shri Atal Bihari Vajpayee Ekana Cricket Stadium B,1,9.4,Maharashtra,Puducherry,KM Jadhav,Naushad Shaikh,Logesh Prabagaran,1,0,,,,,,,,,
1280257,2021/22,2021-11-08,Bharat Ratna Shri Atal Bihari Vajpayee Ekana Cricket Stadium B,1,9.5,Maharashtra,Puducherry,Naushad Shaikh,KM Jadhav,Logesh Prabagaran,0,0,,,,,,,,,
1280257,2021/22,2021-11-08,Bharat Ratna Shri Atal Bihari Vajpayee Ekana Cricket Stadium B,1,9.6,Maharashtra,Puducherry,Naushad Shaikh,KM Jadhav,Logesh Prabagaran,0,0,,,,,,,,,
1280257,2021/22,2021-11-08,Bharat Ratna Shri Atal Bihari Vajpayee Ekana Cricket Stadium B,1,10.1,Maharashtra,Puducherry,KM Jadhav,Naushad Shaikh,Sagar Udeshi,0,0,,,,,,,,,
1280257,2021/22,2021-11-08,Bharat Ratna Shri Atal Bihari Vajpayee Ekana Cricket Stadium B,1,10.2,Maharashtra,Puducherry,KM Jadhav,Naushad Shaikh,Sagar Udeshi,1,0,,,,,,,,,
1280257,2021/22,2021-11-08,Bharat Ratna Shri Atal Bihari Vajpayee Ekana Cricket Stadium B,1,10.3,Maharashtra,Puducherry,Naushad Shaikh,KM Jadhav,Sagar Udeshi,1,0,,,,,,,,,
1280257,2021/22,2021-11-08,Bharat Ratna Shri Atal Bihari Vajpayee Ekana Cricket Stadium B,1,10.4,Maharashtra,Puducherry,KM Jadhav,Naushad Shaikh,Sagar Udeshi,0,0,,,,,,,,,
1280257,2021/22,2021-11-08,Bharat Ratna Shri Atal Bihari Vajpayee Ekana Cricket Stadium B,1,10.5,Maharashtra,Puducherry,KM Jadhav,Naushad Shaikh,Sagar Udeshi,0,0,,,,,,,,,
1280257,2021/22,2021-11-08,Bharat Ratna Shri Atal Bihari Vajpayee Ekana Cricket Stadium B,1,10.6,Maharashtra,Puducherry,KM Jadhav,Naushad Shaikh,Sagar Udeshi,1,0,,,,,,,,,
1280257,2021/22,2021-11-08,Bharat Ratna Shri Atal Bihari Vajpayee Ekana Cricket Stadium B,1,11.1,Maharashtra,Puducherry,KM Jadhav,Naushad Shaikh,Raghu Sharma,0,0,,,,,,,,,
1280257,2021/22,2021-11-08,Bharat Ratna Shri Atal Bihari Vajpayee Ekana Cricket Stadium B,1,11.2,Maharashtra,Puducherry,KM Jadhav,Naushad Shaikh,Raghu Sharma,4,0,,,,,,,,,
1280257,2021/22,2021-11-08,Bharat Ratna Shri Atal Bihari Vajpayee Ekana Cricket Stadium B,1,11.3,Maharashtra,Puducherry,KM Jadhav,Naushad Shaikh,Raghu Sharma,4,0,,,,,,,,,
1280257,2021/22,2021-11-08,Bharat Ratna Shri Atal Bihari Vajpayee Ekana Cricket Stadium B,1,11.4,Maharashtra,Puducherry,KM Jadhav,Naushad Shaikh,Raghu Sharma,0,0,,,,,,,,,
1280257,2021/22,2021-11-08,Bharat Ratna Shri Atal Bihari Vajpayee Ekana Cricket Stadium B,1,11.5,Maharashtra,Puducherry,KM Jadhav,Naushad Shaikh,Raghu Sharma,0,0,,,,,,,,,
1280257,2021/22,2021-11-08,Bharat Ratna Shri Atal Bihari Vajpayee Ekana Cricket Stadium B,1,11.6,Maharashtra,Puducherry,KM Jadhav,Naushad Shaikh,Raghu Sharma,0,0,,,,,,,,,
1280257,2021/22,2021-11-08,Bharat Ratna Shri Atal Bihari Vajpayee Ekana Cricket Stadium B,1,12.1,Maharashtra,Puducherry,Naushad Shaikh,KM Jadhav,Sagar Udeshi,1,0,,,,,,,,,
1280257,2021/22,2021-11-08,Bharat Ratna Shri Atal Bihari Vajpayee Ekana Cricket Stadium B,1,12.2,Maharashtra,Puducherry,KM Jadhav,Naushad Shaikh,Sagar Udeshi,0,0,,,,,,,,,
1280257,2021/22,2021-11-08,Bharat Ratna Shri Atal Bihari Vajpayee Ekana Cricket Stadium B,1,12.3,Maharashtra,Puducherry,KM Jadhav,Naushad Shaikh,Sagar Udeshi,1,0,,,,,,,,,
1280257,2021/22,2021-11-08,Bharat Ratna Shri Atal Bihari Vajpayee Ekana Cricket Stadium B,1,12.4,Maharashtra,Puducherry,Naushad Shaikh,KM Jadhav,Sagar Udeshi,2,0,,,,,,,,,
1280257,2021/22,2021-11-08,Bharat Ratna Shri Atal Bihari Vajpayee Ekana Cricket Stadium B,1,12.5,Maharashtra,Puducherry,Naushad Shaikh,KM Jadhav,Sagar Udeshi,0,0,,,,,,,,,
1280257,2021/22,2021-11-08,Bharat Ratna Shri Atal Bihari Vajpayee Ekana Cricket Stadium B,1,12.6,Maharashtra,Puducherry,Naushad Shaikh,KM Jadhav,Sagar Udeshi,0,0,,,,,,,,,
1280257,2021/22,2021-11-08,Bharat Ratna Shri Atal Bihari Vajpayee Ekana Cricket Stadium B,1,13.1,Maharashtra,Puducherry,KM Jadhav,Naushad Shaikh,Manogaran Pooviarasan,0,0,,,,,,,,,
1280257,2021/22,2021-11-08,Bharat Ratna Shri Atal Bihari Vajpayee Ekana Cricket Stadium B,1,13.2,Maharashtra,Puducherry,KM Jadhav,Naushad Shaikh,Manogaran Pooviarasan,0,0,,,,,,,,,
1280257,2021/22,2021-11-08,Bharat Ratna Shri Atal Bihari Vajpayee Ekana Cricket Stadium B,1,13.3,Maharashtra,Puducherry,KM Jadhav,Naushad Shaikh,Manogaran Pooviarasan,1,0,,,,,,,,,
1280257,2021/22,2021-11-08,Bharat Ratna Shri Atal Bihari Vajpayee Ekana Cricket Stadium B,1,13.4,Maharashtra,Puducherry,Naushad Shaikh,KM Jadhav,Manogaran Pooviarasan,1,0,,,,,,,,,
1280257,2021/22,2021-11-08,Bharat Ratna Shri Atal Bihari Vajpayee Ekana Cricket Stadium B,1,13.5,Maharashtra,Puducherry,KM Jadhav,Naushad Shaikh,Manogaran Pooviarasan,4,0,,,,,,,,,
1280257,2021/22,2021-11-08,Bharat Ratna Shri Atal Bihari Vajpayee Ekana Cricket Stadium B,1,13.6,Maharashtra,Puducherry,KM Jadhav,Naushad Shaikh,Manogaran Pooviarasan,0,0,,,,,,,,,
1280257,2021/22,2021-11-08,Bharat Ratna Shri Atal Bihari Vajpayee Ekana Cricket Stadium B,1,14.1,Maharashtra,Puducherry,Naushad Shaikh,KM Jadhav,Raghu Sharma,0,0,,,,,,bowled,Naushad Shaikh,,
1280257,2021/22,2021-11-08,Bharat Ratna Shri Atal Bihari Vajpayee Ekana Cricket Stadium B,1,14.2,Maharashtra,Puducherry,Azim Kazi,KM Jadhav,Raghu Sharma,0,0,,,,,,,,,
1280257,2021/22,2021-11-08,Bharat Ratna Shri Atal Bihari Vajpayee Ekana Cricket Stadium B,1,14.3,Maharashtra,Puducherry,Azim Kazi,KM Jadhav,Raghu Sharma,1,0,,,,,,,,,
1280257,2021/22,2021-11-08,Bharat Ratna Shri Atal Bihari Vajpayee Ekana Cricket Stadium B,1,14.4,Maharashtra,Puducherry,KM Jadhav,Azim Kazi,Raghu Sharma,1,0,,,,,,,,,
1280257,2021/22,2021-11-08,Bharat Ratna Shri Atal Bihari Vajpayee Ekana Cricket Stadium B,1,14.5,Maharashtra,Puducherry,Azim Kazi,KM Jadhav,Raghu Sharma,4,0,,,,,,,,,
1280257,2021/22,2021-11-08,Bharat Ratna Shri Atal Bihari Vajpayee Ekana Cricket Stadium B,1,14.6,Maharashtra,Puducherry,Azim Kazi,KM Jadhav,Raghu Sharma,0,0,,,,,,,,,
1280257,2021/22,2021-11-08,Bharat Ratna Shri Atal Bihari Vajpayee Ekana Cricket Stadium B,1,15.1,Maharashtra,Puducherry,KM Jadhav,Azim Kazi,Manogaran Pooviarasan,1,0,,,,,,,,,
1280257,2021/22,2021-11-08,Bharat Ratna Shri Atal Bihari Vajpayee Ekana Cricket Stadium B,1,15.2,Maharashtra,Puducherry,Azim Kazi,KM Jadhav,Manogaran Pooviarasan,0,1,1,,,,,,,,
1280257,2021/22,2021-11-08,Bharat Ratna Shri Atal Bihari Vajpayee Ekana Cricket Stadium B,1,15.3,Maharashtra,Puducherry,Azim Kazi,KM Jadhav,Manogaran Pooviarasan,2,0,,,,,,,,,
1280257,2021/22,2021-11-08,Bharat Ratna Shri Atal Bihari Vajpayee Ekana Cricket Stadium B,1,15.4,Maharashtra,Puducherry,Azim Kazi,KM Jadhav,Manogaran Pooviarasan,0,1,1,,,,,,,,
1280257,2021/22,2021-11-08,Bharat Ratna Shri Atal Bihari Vajpayee Ekana Cricket Stadium B,1,15.5,Maharashtra,Puducherry,Azim Kazi,KM Jadhav,Manogaran Pooviarasan,1,0,,,,,,,,,
1280257,2021/22,2021-11-08,Bharat Ratna Shri Atal Bihari Vajpayee Ekana Cricket Stadium B,1,15.6,Maharashtra,Puducherry,KM Jadhav,Azim Kazi,Manogaran Pooviarasan,1,0,,,,,,,,,
1280257,2021/22,2021-11-08,Bharat Ratna Shri Atal Bihari Vajpayee Ekana Cricket Stadium B,1,15.7,Maharashtra,Puducherry,Azim Kazi,KM Jadhav,Manogaran Pooviarasan,4,0,,,,,,,,,
1280257,2021/22,2021-11-08,Bharat Ratna Shri Atal Bihari Vajpayee Ekana Cricket Stadium B,1,15.8,Maharashtra,Puducherry,Azim Kazi,KM Jadhav,Manogaran Pooviarasan,0,1,,1,,,,,,,
1280257,2021/22,2021-11-08,Bharat Ratna Shri Atal Bihari Vajpayee Ekana Cricket Stadium B,1,15.9,Maharashtra,Puducherry,Azim Kazi,KM Jadhav,Manogaran Pooviarasan,1,0,,,,,,,,,
1280257,2021/22,2021-11-08,Bharat Ratna Shri Atal Bihari Vajpayee Ekana Cricket Stadium B,1,16.1,Maharashtra,Puducherry,Azim Kazi,KM Jadhav,Suboth Bhati,0,1,,,,1,,,,,
1280257,2021/22,2021-11-08,Bharat Ratna Shri Atal Bihari Vajpayee Ekana Cricket Stadium B,1,16.2,Maharashtra,Puducherry,KM Jadhav,Azim Kazi,Suboth Bhati,4,0,,,,,,,,,
1280257,2021/22,2021-11-08,Bharat Ratna Shri Atal Bihari Vajpayee Ekana Cricket Stadium B,1,16.3,Maharashtra,Puducherry,KM Jadhav,Azim Kazi,Suboth Bhati,6,0,,,,,,,,,
1280257,2021/22,2021-11-08,Bharat Ratna Shri Atal Bihari Vajpayee Ekana Cricket Stadium B,1,16.4,Maharashtra,Puducherry,KM Jadhav,Azim Kazi,Suboth Bhati,0,0,,,,,,,,,
1280257,2021/22,2021-11-08,Bharat Ratna Shri Atal Bihari Vajpayee Ekana Cricket Stadium B,1,16.5,Maharashtra,Puducherry,KM Jadhav,Azim Kazi,Suboth Bhati,0,0,,,,,,,,,
1280257,2021/22,2021-11-08,Bharat Ratna Shri Atal Bihari Vajpayee Ekana Cricket Stadium B,1,16.6,Maharashtra,Puducherry,KM Jadhav,Azim Kazi,Suboth Bhati,1,0,,,,,,,,,
1280257,2021/22,2021-11-08,Bharat Ratna Shri Atal Bihari Vajpayee Ekana Cricket Stadium B,1,17.1,Maharashtra,Puducherry,KM Jadhav,Azim Kazi,Sagar Trivedi,0,0,,,,,,,,,
1280257,2021/22,2021-11-08,Bharat Ratna Shri Atal Bihari Vajpayee Ekana Cricket Stadium B,1,17.2,Maharashtra,Puducherry,KM Jadhav,Azim Kazi,Sagar Trivedi,1,0,,,,,,,,,
1280257,2021/22,2021-11-08,Bharat Ratna Shri Atal Bihari Vajpayee Ekana Cricket Stadium B,1,17.3,Maharashtra,Puducherry,Azim Kazi,KM Jadhav,Sagar Trivedi,0,0,,,,,,,,,
1280257,2021/22,2021-11-08,Bharat Ratna Shri Atal Bihari Vajpayee Ekana Cricket Stadium B,1,17.4,Maharashtra,Puducherry,Azim Kazi,KM Jadhav,Sagar Trivedi,1,0,,,,,,,,,
1280257,2021/22,2021-11-08,Bharat Ratna Shri Atal Bihari Vajpayee Ekana Cricket Stadium B,1,17.5,Maharashtra,Puducherry,KM Jadhav,Azim Kazi,Sagar Trivedi,0,0,,,,,,,,,
1280257,2021/22,2021-11-08,Bharat Ratna Shri Atal Bihari Vajpayee Ekana Cricket Stadium B,1,17.6,Maharashtra,Puducherry,KM Jadhav,Azim Kazi,Sagar Trivedi,1,0,,,,,,,,,
1280257,2021/22,2021-11-08,Bharat Ratna Shri Atal Bihari Vajpayee Ekana Cricket Stadium B,1,18.1,Maharashtra,Puducherry,KM Jadhav,Azim Kazi,Suboth Bhati,0,0,,,,,,,,,
1280257,2021/22,2021-11-08,Bharat Ratna Shri Atal Bihari Vajpayee Ekana Cricket Stadium B,1,18.2,Maharashtra,Puducherry,KM Jadhav,Azim Kazi,Suboth Bhati,4,0,,,,,,,,,
1280257,2021/22,2021-11-08,Bharat Ratna Shri Atal Bihari Vajpayee Ekana Cricket Stadium B,1,18.3,Maharashtra,Puducherry,KM Jadhav,Azim Kazi,Suboth Bhati,6,0,,,,,,,,,
1280257,2021/22,2021-11-08,Bharat Ratna Shri Atal Bihari Vajpayee Ekana Cricket Stadium B,1,18.4,Maharashtra,Puducherry,KM Jadhav,Azim Kazi,Suboth Bhati,1,0,,,,,,,,,
1280257,2021/22,2021-11-08,Bharat Ratna Shri Atal Bihari Vajpayee Ekana Cricket Stadium B,1,18.5,Maharashtra,Puducherry,Azim Kazi,KM Jadhav,Suboth Bhati,6,0,,,,,,,,,
1280257,2021/22,2021-11-08,Bharat Ratna Shri Atal Bihari Vajpayee Ekana Cricket Stadium B,1,18.6,Maharashtra,Puducherry,Azim Kazi,KM Jadhav,Suboth Bhati,0,1,1,,,,,,,,
1280257,2021/22,2021-11-08,Bharat Ratna Shri Atal Bihari Vajpayee Ekana Cricket Stadium B,1,18.7,Maharashtra,Puducherry,Azim Kazi,KM Jadhav,Suboth Bhati,4,0,,,,,,,,,
1280257,2021/22,2021-11-08,Bharat Ratna Shri Atal Bihari Vajpayee Ekana Cricket Stadium B,1,19.1,Maharashtra,Puducherry,KM Jadhav,Azim Kazi,Sagar Trivedi,1,0,,,,,,,,,
1280257,2021/22,2021-11-08,Bharat Ratna Shri Atal Bihari Vajpayee Ekana Cricket Stadium B,1,19.2,Maharashtra,Puducherry,Azim Kazi,KM Jadhav,Sagar Trivedi,0,0,,,,,,,,,
1280257,2021/22,2021-11-08,Bharat Ratna Shri Atal Bihari Vajpayee Ekana Cricket Stadium B,1,19.3,Maharashtra,Puducherry,Azim Kazi,KM Jadhav,Sagar Trivedi,1,0,,,,,,,,,
1280257,2021/22,2021-11-08,Bharat Ratna Shri Atal Bihari Vajpayee Ekana Cricket Stadium B,1,19.4,Maharashtra,Puducherry,KM Jadhav,Azim Kazi,Sagar Trivedi,2,0,,,,,,,,,
1280257,2021/22,2021-11-08,Bharat Ratna Shri Atal Bihari Vajpayee Ekana Cricket Stadium B,1,19.5,Maharashtra,Puducherry,KM Jadhav,Azim Kazi,Sagar Trivedi,1,0,,,,,,,,,
1280257,2021/22,2021-11-08,Bharat Ratna Shri Atal Bihari Vajpayee Ekana Cricket Stadium B,1,19.6,Maharashtra,Puducherry,Azim Kazi,KM Jadhav,Sagar Trivedi,6,0,,,,,,,,,
1280257,2021/22,2021-11-08,Bharat Ratna Shri Atal Bihari Vajpayee Ekana Cricket Stadium B,2,0.1,Puducherry,Maharashtra,Ramachandran Ragupathy,Damodaran Rohit,Azim Kazi,0,0,,,,,,,,,
1280257,2021/22,2021-11-08,Bharat Ratna Shri Atal Bihari Vajpayee Ekana Cricket Stadium B,2,0.2,Puducherry,Maharashtra,Ramachandran Ragupathy,Damodaran Rohit,Azim Kazi,6,0,,,,,,,,,
1280257,2021/22,2021-11-08,Bharat Ratna Shri Atal Bihari Vajpayee Ekana Cricket Stadium B,2,0.3,Puducherry,Maharashtra,Ramachandran Ragupathy,Damodaran Rohit,Azim Kazi,0,0,,,,,,,,,
1280257,2021/22,2021-11-08,Bharat Ratna Shri Atal Bihari Vajpayee Ekana Cricket Stadium B,2,0.4,Puducherry,Maharashtra,Ramachandran Ragupathy,Damodaran Rohit,Azim Kazi,0,0,,,,,,,,,
1280257,2021/22,2021-11-08,Bharat Ratna Shri Atal Bihari Vajpayee Ekana Cricket Stadium B,2,0.5,Puducherry,Maharashtra,Ramachandran Ragupathy,Damodaran Rohit,Azim Kazi,1,0,,,,,,,,,
1280257,2021/22,2021-11-08,Bharat Ratna Shri Atal Bihari Vajpayee Ekana Cricket Stadium B,2,0.6,Puducherry,Maharashtra,Damodaran Rohit,Ramachandran Ragupathy,Azim Kazi,0,0,,,,,,,,,
1280257,2021/22,2021-11-08,Bharat Ratna Shri Atal Bihari Vajpayee Ekana Cricket Stadium B,2,1.1,Puducherry,Maharashtra,Ramachandran Ragupathy,Damodaran Rohit,A Palkar,1,0,,,,,,,,,
1280257,2021/22,2021-11-08,Bharat Ratna Shri Atal Bihari Vajpayee Ekana Cricket Stadium B,2,1.2,Puducherry,Maharashtra,Damodaran Rohit,Ramachandran Ragupathy,A Palkar,1,0,,,,,,,,,
1280257,2021/22,2021-11-08,Bharat Ratna Shri Atal Bihari Vajpayee Ekana Cricket Stadium B,2,1.3,Puducherry,Maharashtra,Ramachandran Ragupathy,Damodaran Rohit,A Palkar,4,0,,,,,,,,,
1280257,2021/22,2021-11-08,Bharat Ratna Shri Atal Bihari Vajpayee Ekana Cricket Stadium B,2,1.4,Puducherry,Maharashtra,Ramachandran Ragupathy,Damodaran Rohit,A Palkar,0,0,,,,,,caught,Ramachandran Ragupathy,,
1280257,2021/22,2021-11-08,Bharat Ratna Shri Atal Bihari Vajpayee Ekana Cricket Stadium B,2,1.5,Puducherry,Maharashtra,Logesh Prabagaran,Damodaran Rohit,A Palkar,0,0,,,,,,,,,
1280257,2021/22,2021-11-08,Bharat Ratna Shri Atal Bihari Vajpayee Ekana Cricket Stadium B,2,1.6,Puducherry,Maharashtra,Logesh Prabagaran,Damodaran Rohit,A Palkar,0,0,,,,,,,,,
1280257,2021/22,2021-11-08,Bharat Ratna Shri Atal Bihari Vajpayee Ekana Cricket Stadium B,2,2.1,Puducherry,Maharashtra,Damodaran Rohit,Logesh Prabagaran,Pradeep Dadhe,0,0,,,,,,,,,
1280257,2021/22,2021-11-08,Bharat Ratna Shri Atal Bihari Vajpayee Ekana Cricket Stadium B,2,2.2,Puducherry,Maharashtra,Damodaran Rohit,Logesh Prabagaran,Pradeep Dadhe,4,0,,,,,,,,,
1280257,2021/22,2021-11-08,Bharat Ratna Shri Atal Bihari Vajpayee Ekana Cricket Stadium B,2,2.3,Puducherry,Maharashtra,Damodaran Rohit,Logesh Prabagaran,Pradeep Dadhe,0,0,,,,,,,,,
1280257,2021/22,2021-11-08,Bharat Ratna Shri Atal Bihari Vajpayee Ekana Cricket Stadium B,2,2.4,Puducherry,Maharashtra,Damodaran Rohit,Logesh Prabagaran,Pradeep Dadhe,2,0,,,,,,,,,
1280257,2021/22,2021-11-08,Bharat Ratna Shri Atal Bihari Vajpayee Ekana Cricket Stadium B,2,2.5,Puducherry,Maharashtra,Damodaran Rohit,Logesh Prabagaran,Pradeep Dadhe,4,0,,,,,,,,,
1280257,2021/22,2021-11-08,Bharat Ratna Shri Atal Bihari Vajpayee Ekana Cricket Stadium B,2,2.6,Puducherry,Maharashtra,Damodaran Rohit,Logesh Prabagaran,Pradeep Dadhe,0,0,,,,,,,,,
1280257,2021/22,2021-11-08,Bharat Ratna Shri Atal Bihari Vajpayee Ekana Cricket Stadium B,2,3.1,Puducherry,Maharashtra,Logesh Prabagaran,Damodaran Rohit,Satyajeet Bachhav,0,0,,,,,,,,,
1280257,2021/22,2021-11-08,Bharat Ratna Shri Atal Bihari Vajpayee Ekana Cricket Stadium B,2,3.2,Puducherry,Maharashtra,Logesh Prabagaran,Damodaran Rohit,Satyajeet Bachhav,0,0,,,,,,bowled,Logesh Prabagaran,,
1280257,2021/22,2021-11-08,Bharat Ratna Shri Atal Bihari Vajpayee Ekana Cricket Stadium B,2,3.3,Puducherry,Maharashtra,Sagar Trivedi,Damodaran Rohit,Satyajeet Bachhav,1,0,,,,,,,,,
1280257,2021/22,2021-11-08,Bharat Ratna Shri Atal Bihari Vajpayee Ekana Cricket Stadium B,2,3.4,Puducherry,Maharashtra,Damodaran Rohit,Sagar Trivedi,Satyajeet Bachhav,0,0,,,,,,,,,
1280257,2021/22,2021-11-08,Bharat Ratna Shri Atal Bihari Vajpayee Ekana Cricket Stadium B,2,3.5,Puducherry,Maharashtra,Damodaran Rohit,Sagar Trivedi,Satyajeet Bachhav,4,0,,,,,,,,,
1280257,2021/22,2021-11-08,Bharat Ratna Shri Atal Bihari Vajpayee Ekana Cricket Stadium B,2,3.6,Puducherry,Maharashtra,Damodaran Rohit,Sagar Trivedi,Satyajeet Bachhav,1,0,,,,,,,,,
1280257,2021/22,2021-11-08,Bharat Ratna Shri Atal Bihari Vajpayee Ekana Cricket Stadium B,2,4.1,Puducherry,Maharashtra,Damodaran Rohit,Sagar Trivedi,A Palkar,0,0,,,,,,caught,Damodaran Rohit,,
1280257,2021/22,2021-11-08,Bharat Ratna Shri Atal Bihari Vajpayee Ekana Cricket Stadium B,2,4.2,Puducherry,Maharashtra,P Dogra,Sagar Trivedi,A Palkar,0,0,,,,,,,,,
1280257,2021/22,2021-11-08,Bharat Ratna Shri Atal Bihari Vajpayee Ekana Cricket Stadium B,2,4.3,Puducherry,Maharashtra,P Dogra,Sagar Trivedi,A Palkar,0,0,,,,,,,,,
1280257,2021/22,2021-11-08,Bharat Ratna Shri Atal Bihari Vajpayee Ekana Cricket Stadium B,2,4.4,Puducherry,Maharashtra,P Dogra,Sagar Trivedi,A Palkar,0,0,,,,,,,,,
1280257,2021/22,2021-11-08,Bharat Ratna Shri Atal Bihari Vajpayee Ekana Cricket Stadium B,2,4.5,Puducherry,Maharashtra,P Dogra,Sagar Trivedi,A Palkar,0,0,,,,,,,,,
1280257,2021/22,2021-11-08,Bharat Ratna Shri Atal Bihari Vajpayee Ekana Cricket Stadium B,2,4.6,Puducherry,Maharashtra,P Dogra,Sagar Trivedi,A Palkar,0,0,,,,,,,,,
1280257,2021/22,2021-11-08,Bharat Ratna Shri Atal Bihari Vajpayee Ekana Cricket Stadium B,2,5.1,Puducherry,Maharashtra,Sagar Trivedi,P Dogra,Divyang Hinganekar,0,0,,,,,,,,,
1280257,2021/22,2021-11-08,Bharat Ratna Shri Atal Bihari Vajpayee Ekana Cricket Stadium B,2,5.2,Puducherry,Maharashtra,Sagar Trivedi,P Dogra,Divyang Hinganekar,6,0,,,,,,,,,
1280257,2021/22,2021-11-08,Bharat Ratna Shri Atal Bihari Vajpayee Ekana Cricket Stadium B,2,5.3,Puducherry,Maharashtra,Sagar Trivedi,P Dogra,Divyang Hinganekar,1,0,,,,,,,,,
1280257,2021/22,2021-11-08,Bharat Ratna Shri Atal Bihari Vajpayee Ekana Cricket Stadium B,2,5.4,Puducherry,Maharashtra,P Dogra,Sagar Trivedi,Divyang Hinganekar,4,0,,,,,,,,,
1280257,2021/22,2021-11-08,Bharat Ratna Shri Atal Bihari Vajpayee Ekana Cricket Stadium B,2,5.5,Puducherry,Maharashtra,P Dogra,Sagar Trivedi,Divyang Hinganekar,1,0,,,,,,,,,
1280257,2021/22,2021-11-08,Bharat Ratna Shri Atal Bihari Vajpayee Ekana Cricket Stadium B,2,5.6,Puducherry,Maharashtra,Sagar Trivedi,P Dogra,Divyang Hinganekar,1,0,,,,,,,,,
1280257,2021/22,2021-11-08,Bharat Ratna Shri Atal Bihari Vajpayee Ekana Cricket Stadium B,2,6.1,Puducherry,Maharashtra,Sagar Trivedi,P Dogra,Naushad Shaikh,1,0,,,,,,,,,
1280257,2021/22,2021-11-08,Bharat Ratna Shri Atal Bihari Vajpayee Ekana Cricket Stadium B,2,6.2,Puducherry,Maharashtra,P Dogra,Sagar Trivedi,Naushad Shaikh,0,0,,,,,,,,,
1280257,2021/22,2021-11-08,Bharat Ratna Shri Atal Bihari Vajpayee Ekana Cricket Stadium B,2,6.3,Puducherry,Maharashtra,P Dogra,Sagar Trivedi,Naushad Shaikh,2,0,,,,,,,,,
1280257,2021/22,2021-11-08,Bharat Ratna Shri Atal Bihari Vajpayee Ekana Cricket Stadium B,2,6.4,Puducherry,Maharashtra,P Dogra,Sagar Trivedi,Naushad Shaikh,0,0,,,,,,caught and bowled,P Dogra,,
1280257,2021/22,2021-11-08,Bharat Ratna Shri Atal Bihari Vajpayee Ekana Cricket Stadium B,2,6.5,Puducherry,Maharashtra,Marimuthu Vikneshwaran,Sagar Trivedi,Naushad Shaikh,0,0,,,,,,,,,
1280257,2021/22,2021-11-08,Bharat Ratna Shri Atal Bihari Vajpayee Ekana Cricket Stadium B,2,6.6,Puducherry,Maharashtra,Marimuthu Vikneshwaran,Sagar Trivedi,Naushad Shaikh,0,0,,,,,,,,,
1280257,2021/22,2021-11-08,Bharat Ratna Shri Atal Bihari Vajpayee Ekana Cricket Stadium B,2,7.1,Puducherry,Maharashtra,Sagar Trivedi,Marimuthu Vikneshwaran,Sunil Yadav,1,0,,,,,,,,,
1280257,2021/22,2021-11-08,Bharat Ratna Shri Atal Bihari Vajpayee Ekana Cricket Stadium B,2,7.2,Puducherry,Maharashtra,Marimuthu Vikneshwaran,Sagar Trivedi,Sunil Yadav,0,0,,,,,,,,,
1280257,2021/22,2021-11-08,Bharat Ratna Shri Atal Bihari Vajpayee Ekana Cricket Stadium B,2,7.3,Puducherry,Maharashtra,Marimuthu Vikneshwaran,Sagar Trivedi,Sunil Yadav,0,0,,,,,,,,,
1280257,2021/22,2021-11-08,Bharat Ratna Shri Atal Bihari Vajpayee Ekana Cricket Stadium B,2,7.4,Puducherry,Maharashtra,Marimuthu Vikneshwaran,Sagar Trivedi,Sunil Yadav,1,0,,,,,,,,,
1280257,2021/22,2021-11-08,Bharat Ratna Shri Atal Bihari Vajpayee Ekana Cricket Stadium B,2,7.5,Puducherry,Maharashtra,Sagar Trivedi,Marimuthu Vikneshwaran,Sunil Yadav,1,0,,,,,,,,,
1280257,2021/22,2021-11-08,Bharat Ratna Shri Atal Bihari Vajpayee Ekana Cricket Stadium B,2,7.6,Puducherry,Maharashtra,Marimuthu Vikneshwaran,Sagar Trivedi,Sunil Yadav,4,0,,,,,,,,,
1280257,2021/22,2021-11-08,Bharat Ratna Shri Atal Bihari Vajpayee Ekana Cricket Stadium B,2,8.1,Puducherry,Maharashtra,Sagar Trivedi,Marimuthu Vikneshwaran,Naushad Shaikh,0,1,,,1,,,,,,
1280257,2021/22,2021-11-08,Bharat Ratna Shri Atal Bihari Vajpayee Ekana Cricket Stadium B,2,8.2,Puducherry,Maharashtra,Marimuthu Vikneshwaran,Sagar Trivedi,Naushad Shaikh,1,0,,,,,,,,,
1280257,2021/22,2021-11-08,Bharat Ratna Shri Atal Bihari Vajpayee Ekana Cricket Stadium B,2,8.3,Puducherry,Maharashtra,Sagar Trivedi,Marimuthu Vikneshwaran,Naushad Shaikh,0,0,,,,,,,,,
1280257,2021/22,2021-11-08,Bharat Ratna Shri Atal Bihari Vajpayee Ekana Cricket Stadium B,2,8.4,Puducherry,Maharashtra,Sagar Trivedi,Marimuthu Vikneshwaran,Naushad Shaikh,1,0,,,,,,,,,
1280257,2021/22,2021-11-08,Bharat Ratna Shri Atal Bihari Vajpayee Ekana Cricket Stadium B,2,8.5,Puducherry,Maharashtra,Marimuthu Vikneshwaran,Sagar Trivedi,Naushad Shaikh,0,0,,,,,,,,,
1280257,2021/22,2021-11-08,Bharat Ratna Shri Atal Bihari Vajpayee Ekana Cricket Stadium B,2,8.6,Puducherry,Maharashtra,Marimuthu Vikneshwaran,Sagar Trivedi,Naushad Shaikh,1,0,,,,,,,,,
1280257,2021/22,2021-11-08,Bharat Ratna Shri Atal Bihari Vajpayee Ekana Cricket Stadium B,2,9.1,Puducherry,Maharashtra,Marimuthu Vikneshwaran,Sagar Trivedi,Satyajeet Bachhav,1,0,,,,,,,,,
1280257,2021/22,2021-11-08,Bharat Ratna Shri Atal Bihari Vajpayee Ekana Cricket Stadium B,2,9.2,Puducherry,Maharashtra,Sagar Trivedi,Marimuthu Vikneshwaran,Satyajeet Bachhav,0,1,1,,,,,stumped,Sagar Trivedi,,
1280257,2021/22,2021-11-08,Bharat Ratna Shri Atal Bihari Vajpayee Ekana Cricket Stadium B,2,9.3,Puducherry,Maharashtra,Suboth Bhati,Marimuthu Vikneshwaran,Satyajeet Bachhav,0,0,,,,,,,,,
1280257,2021/22,2021-11-08,Bharat Ratna Shri Atal Bihari Vajpayee Ekana Cricket Stadium B,2,9.4,Puducherry,Maharashtra,Suboth Bhati,Marimuthu Vikneshwaran,Satyajeet Bachhav,1,0,,,,,,,,,
1280257,2021/22,2021-11-08,Bharat Ratna Shri Atal Bihari Vajpayee Ekana Cricket Stadium B,2,9.5,Puducherry,Maharashtra,Marimuthu Vikneshwaran,Suboth Bhati,Satyajeet Bachhav,1,0,,,,,,,,,
1280257,2021/22,2021-11-08,Bharat Ratna Shri Atal Bihari Vajpayee Ekana Cricket Stadium B,2,9.6,Puducherry,Maharashtra,Suboth Bhati,Marimuthu Vikneshwaran,Satyajeet Bachhav,0,0,,,,,,,,,
1280257,2021/22,2021-11-08,Bharat Ratna Shri Atal Bihari Vajpayee Ekana Cricket Stadium B,2,9.7,Puducherry,Maharashtra,Suboth Bhati,Marimuthu Vikneshwaran,Satyajeet Bachhav,0,0,,,,,,,,,
1280257,2021/22,2021-11-08,Bharat Ratna Shri Atal Bihari Vajpayee Ekana Cricket Stadium B,2,10.1,Puducherry,Maharashtra,Marimuthu Vikneshwaran,Suboth Bhati,Azim Kazi,0,0,,,,,,,,,
1280257,2021/22,2021-11-08,Bharat Ratna Shri Atal Bihari Vajpayee Ekana Cricket Stadium B,2,10.2,Puducherry,Maharashtra,Marimuthu Vikneshwaran,Suboth Bhati,Azim Kazi,4,0,,,,,,,,,
1280257,2021/22,2021-11-08,Bharat Ratna Shri Atal Bihari Vajpayee Ekana Cricket Stadium B,2,10.3,Puducherry,Maharashtra,Marimuthu Vikneshwaran,Suboth Bhati,Azim Kazi,0,0,,,,,,stumped,Marimuthu Vikneshwaran,,
1280257,2021/22,2021-11-08,Bharat Ratna Shri Atal Bihari Vajpayee Ekana Cricket Stadium B,2,10.4,Puducherry,Maharashtra,Premraj Rajavelu,Suboth Bhati,Azim Kazi,0,0,,,,,,caught,Premraj Rajavelu,,
1280257,2021/22,2021-11-08,Bharat Ratna Shri Atal Bihari Vajpayee Ekana Cricket Stadium B,2,10.5,Puducherry,Maharashtra,Manogaran Pooviarasan,Suboth Bhati,Azim Kazi,0,0,,,,,,caught,Manogaran Pooviarasan,,
1280257,2021/22,2021-11-08,Bharat Ratna Shri Atal Bihari Vajpayee Ekana Cricket Stadium B,2,10.6,Puducherry,Maharashtra,Sagar Udeshi,Suboth Bhati,Azim Kazi,0,0,,,,,,,,,
1280257,2021/22,2021-11-08,Bharat Ratna Shri Atal Bihari Vajpayee Ekana Cricket Stadium B,2,11.1,Puducherry,Maharashtra,Suboth Bhati,Sagar Udeshi,Satyajeet Bachhav,0,0,,,,,,,,,
1280257,2021/22,2021-11-08,Bharat Ratna Shri Atal Bihari Vajpayee Ekana Cricket Stadium B,2,11.2,Puducherry,Maharashtra,Suboth Bhati,Sagar Udeshi,Satyajeet Bachhav,1,0,,,,,,,,,
1280257,2021/22,2021-11-08,Bharat Ratna Shri Atal Bihari Vajpayee Ekana Cricket Stadium B,2,11.3,Puducherry,Maharashtra,Sagar Udeshi,Suboth Bhati,Satyajeet Bachhav,0,0,,,,,,,,,
1280257,2021/22,2021-11-08,Bharat Ratna Shri Atal Bihari Vajpayee Ekana Cricket Stadium B,2,11.4,Puducherry,Maharashtra,Sagar Udeshi,Suboth Bhati,Satyajeet Bachhav,1,0,,,,,,,,,
1280257,2021/22,2021-11-08,Bharat Ratna Shri Atal Bihari Vajpayee Ekana Cricket Stadium B,2,11.5,Puducherry,Maharashtra,Suboth Bhati,Sagar Udeshi,Satyajeet Bachhav,0,0,,,,,,,,,
1280257,2021/22,2021-11-08,Bharat Ratna Shri Atal Bihari Vajpayee Ekana Cricket Stadium B,2,11.6,Puducherry,Maharashtra,Suboth Bhati,Sagar Udeshi,Satyajeet Bachhav,0,0,,,,,,,,,
1280257,2021/22,2021-11-08,Bharat Ratna Shri Atal Bihari Vajpayee Ekana Cricket Stadium B,2,12.1,Puducherry,Maharashtra,Sagar Udeshi,Suboth Bhati,Azim Kazi,2,0,,,,,,,,,
1280257,2021/22,2021-11-08,Bharat Ratna Shri Atal Bihari Vajpayee Ekana Cricket Stadium B,2,12.2,Puducherry,Maharashtra,Sagar Udeshi,Suboth Bhati,Azim Kazi,0,0,,,,,,,,,
1280257,2021/22,2021-11-08,Bharat Ratna Shri Atal Bihari Vajpayee Ekana Cricket Stadium B,2,12.3,Puducherry,Maharashtra,Sagar Udeshi,Suboth Bhati,Azim Kazi,0,0,,,,,,,,,
1280257,2021/22,2021-11-08,Bharat Ratna Shri Atal Bihari Vajpayee Ekana Cricket Stadium B,2,12.4,Puducherry,Maharashtra,Sagar Udeshi,Suboth Bhati,Azim Kazi,4,0,,,,,,,,,
1280257,2021/22,2021-11-08,Bharat Ratna Shri Atal Bihari Vajpayee Ekana Cricket Stadium B,2,12.5,Puducherry,Maharashtra,Sagar Udeshi,Suboth Bhati,Azim Kazi,0,0,,,,,,,,,
1280257,2021/22,2021-11-08,Bharat Ratna Shri Atal Bihari Vajpayee Ekana Cricket Stadium B,2,12.6,Puducherry,Maharashtra,Sagar Udeshi,Suboth Bhati,Azim Kazi,1,0,,,,,,,,,
1280257,2021/22,2021-11-08,Bharat Ratna Shri Atal Bihari Vajpayee Ekana Cricket Stadium B,2,13.1,Puducherry,Maharashtra,Sagar Udeshi,Suboth Bhati,Naushad Shaikh,1,0,,,,,,,,,
1280257,2021/22,2021-11-08,Bharat Ratna Shri Atal Bihari Vajpayee Ekana Cricket Stadium B,2,13.2,Puducherry,Maharashtra,Suboth Bhati,Sagar Udeshi,Naushad Shaikh,0,1,1,,,,,,,,
1280257,2021/22,2021-11-08,Bharat Ratna Shri Atal Bihari Vajpayee Ekana Cricket Stadium B,2,13.3,Puducherry,Maharashtra,Suboth Bhati,Sagar Udeshi,Naushad Shaikh,1,0,,,,,,,,,
1280257,2021/22,2021-11-08,Bharat Ratna Shri Atal Bihari Vajpayee Ekana Cricket Stadium B,2,13.4,Puducherry,Maharashtra,Sagar Udeshi,Suboth Bhati,Naushad Shaikh,0,0,,,,,,caught,Sagar Udeshi,,
1280257,2021/22,2021-11-08,Bharat Ratna Shri Atal Bihari Vajpayee Ekana Cricket Stadium B,2,13.5,Puducherry,Maharashtra,Raghu Sharma,Suboth Bhati,Naushad Shaikh,0,0,,,,,,,,,
1280257,2021/22,2021-11-08,Bharat Ratna Shri Atal Bihari Vajpayee Ekana Cricket Stadium B,2,13.6,Puducherry,Maharashtra,Raghu Sharma,Suboth Bhati,Naushad Shaikh,0,0,,,,,,caught,Raghu Sharma,,
