match_id,season,start_date,venue,innings,ball,batting_team,bowling_team,striker,non_striker,bowler,runs_off_bat,extras,wides,noballs,byes,legbyes,penalty,wicket_type,player_dismissed,other_wicket_type,other_player_dismissed
1280298,2021/22,2021-11-18,"Airforce Complex ground, Palam",1,0.1,Rajasthan,Vidarbha,YB Kothari,Arjit Gupta,DG Nalkande,0,0,,,,,,,,,
1280298,2021/22,2021-11-18,"Airforce Complex ground, Palam",1,0.2,Rajasthan,Vidarbha,YB Kothari,Arjit Gupta,DG Nalkande,0,1,1,,,,,,,,
1280298,2021/22,2021-11-18,"Airforce Complex ground, Palam",1,0.3,Rajasthan,Vidarbha,YB Kothari,Arjit Gupta,DG Nalkande,0,0,,,,,,,,,
1280298,2021/22,2021-11-18,"Airforce Complex ground, Palam",1,0.4,Rajasthan,Vidarbha,YB Kothari,Arjit Gupta,DG Nalkande,0,0,,,,,,run out,Arjit Gupta,,
1280298,2021/22,2021-11-18,"Airforce Complex ground, Palam",1,0.5,Rajasthan,Vidarbha,YB Kothari,MK Lomror,DG Nalkande,0,0,,,,,,,,,
1280298,2021/22,2021-11-18,"Airforce Complex ground, Palam",1,0.6,Rajasthan,Vidarbha,YB Kothari,MK Lomror,DG Nalkande,1,0,,,,,,,,,
1280298,2021/22,2021-11-18,"Airforce Complex ground, Palam",1,0.7,Rajasthan,Vidarbha,MK Lomror,YB Kothari,DG Nalkande,0,0,,,,,,,,,
1280298,2021/22,2021-11-18,"Airforce Complex ground, Palam",1,1.1,Rajasthan,Vidarbha,YB Kothari,MK Lomror,LM Yadav,0,0,,,,,,,,,
1280298,2021/22,2021-11-18,"Airforce Complex ground, Palam",1,1.2,Rajasthan,Vidarbha,YB Kothari,MK Lomror,LM Yadav,0,0,,,,,,caught,YB Kothari,,
1280298,2021/22,2021-11-18,"Airforce Complex ground, Palam",1,1.3,Rajasthan,Vidarbha,DJ Hooda,MK Lomror,LM Yadav,0,0,,,,,,,,,
1280298,2021/22,2021-11-18,"Airforce Complex ground, Palam",1,1.4,Rajasthan,Vidarbha,DJ Hooda,MK Lomror,LM Yadav,0,1,1,,,,,,,,
1280298,2021/22,2021-11-18,"Airforce Complex ground, Palam",1,1.5,Rajasthan,Vidarbha,DJ Hooda,MK Lomror,LM Yadav,0,0,,,,,,,,,
1280298,2021/22,2021-11-18,"Airforce Complex ground, Palam",1,1.6,Rajasthan,Vidarbha,DJ Hooda,MK Lomror,LM Yadav,0,0,,,,,,,,,
1280298,2021/22,2021-11-18,"Airforce Complex ground, Palam",1,1.7,Rajasthan,Vidarbha,DJ Hooda,MK Lomror,LM Yadav,0,0,,,,,,,,,
1280298,2021/22,2021-11-18,"Airforce Complex ground, Palam",1,2.1,Rajasthan,Vidarbha,MK Lomror,DJ Hooda,Yash Thakur,4,0,,,,,,,,,
1280298,2021/22,2021-11-18,"Airforce Complex ground, Palam",1,2.2,Rajasthan,Vidarbha,MK Lomror,DJ Hooda,Yash Thakur,1,0,,,,,,,,,
1280298,2021/22,2021-11-18,"Airforce Complex ground, Palam",1,2.3,Rajasthan,Vidarbha,DJ Hooda,MK Lomror,Yash Thakur,1,0,,,,,,,,,
1280298,2021/22,2021-11-18,"Airforce Complex ground, Palam",1,2.4,Rajasthan,Vidarbha,MK Lomror,DJ Hooda,Yash Thakur,0,0,,,,,,,,,
1280298,2021/22,2021-11-18,"Airforce Complex ground, Palam",1,2.5,Rajasthan,Vidarbha,MK Lomror,DJ Hooda,Yash Thakur,1,0,,,,,,,,,
1280298,2021/22,2021-11-18,"Airforce Complex ground, Palam",1,2.6,Rajasthan,Vidarbha,DJ Hooda,MK Lomror,Yash Thakur,0,0,,,,,,,,,
1280298,2021/22,2021-11-18,"Airforce Complex ground, Palam",1,3.1,Rajasthan,Vidarbha,MK Lomror,DJ Hooda,DG Nalkande,4,0,,,,,,,,,
1280298,2021/22,2021-11-18,"Airforce Complex ground, Palam",1,3.2,Rajasthan,Vidarbha,MK Lomror,DJ Hooda,DG Nalkande,1,0,,,,,,,,,
1280298,2021/22,2021-11-18,"Airforce Complex ground, Palam",1,3.3,Rajasthan,Vidarbha,DJ Hooda,MK Lomror,DG Nalkande,1,0,,,,,,,,,
1280298,2021/22,2021-11-18,"Airforce Complex ground, Palam",1,3.4,Rajasthan,Vidarbha,MK Lomror,DJ Hooda,DG Nalkande,0,0,,,,,,,,,
1280298,2021/22,2021-11-18,"Airforce Complex ground, Palam",1,3.5,Rajasthan,Vidarbha,MK Lomror,DJ Hooda,DG Nalkande,0,0,,,,,,,,,
1280298,2021/22,2021-11-18,"Airforce Complex ground, Palam",1,3.6,Rajasthan,Vidarbha,MK Lomror,DJ Hooda,DG Nalkande,0,0,,,,,,caught,MK Lomror,,
1280298,2021/22,2021-11-18,"Airforce Complex ground, Palam",1,4.1,Rajasthan,Vidarbha,DJ Hooda,KL Nagarkoti,Yash Thakur,1,0,,,,,,,,,
1280298,2021/22,2021-11-18,"Airforce Complex ground, Palam",1,4.2,Rajasthan,Vidarbha,KL Nagarkoti,DJ Hooda,Yash Thakur,1,0,,,,,,,,,
1280298,2021/22,2021-11-18,"Airforce Complex ground, Palam",1,4.3,Rajasthan,Vidarbha,DJ Hooda,KL Nagarkoti,Yash Thakur,0,0,,,,,,caught,DJ Hooda,,
1280298,2021/22,2021-11-18,"Airforce Complex ground, Palam",1,4.4,Rajasthan,Vidarbha,SF Khan,KL Nagarkoti,Yash Thakur,0,0,,,,,,,,,
1280298,2021/22,2021-11-18,"Airforce Complex ground, Palam",1,4.5,Rajasthan,Vidarbha,SF Khan,KL Nagarkoti,Yash Thakur,0,0,,,,,,lbw,SF Khan,,
1280298,2021/22,2021-11-18,"Airforce Complex ground, Palam",1,4.6,Rajasthan,Vidarbha,Suraj Ahuja,KL Nagarkoti,Yash Thakur,0,1,,,,1,,,,,
1280298,2021/22,2021-11-18,"Airforce Complex ground, Palam",1,5.1,Rajasthan,Vidarbha,Suraj Ahuja,KL Nagarkoti,Akshay Karnewar,1,0,,,,,,,,,
1280298,2021/22,2021-11-18,"Airforce Complex ground, Palam",1,5.2,Rajasthan,Vidarbha,KL Nagarkoti,Suraj Ahuja,Akshay Karnewar,0,0,,,,,,,,,
1280298,2021/22,2021-11-18,"Airforce Complex ground, Palam",1,5.3,Rajasthan,Vidarbha,KL Nagarkoti,Suraj Ahuja,Akshay Karnewar,0,0,,,,,,,,,
1280298,2021/22,2021-11-18,"Airforce Complex ground, Palam",1,5.4,Rajasthan,Vidarbha,KL Nagarkoti,Suraj Ahuja,Akshay Karnewar,0,0,,,,,,,,,
1280298,2021/22,2021-11-18,"Airforce Complex ground, Palam",1,5.5,Rajasthan,Vidarbha,KL Nagarkoti,Suraj Ahuja,Akshay Karnewar,0,0,,,,,,,,,
1280298,2021/22,2021-11-18,"Airforce Complex ground, Palam",1,5.6,Rajasthan,Vidarbha,KL Nagarkoti,Suraj Ahuja,Akshay Karnewar,1,0,,,,,,,,,
1280298,2021/22,2021-11-18,"Airforce Complex ground, Palam",1,6.1,Rajasthan,Vidarbha,KL Nagarkoti,Suraj Ahuja,Yash Thakur,1,0,,,,,,,,,
1280298,2021/22,2021-11-18,"Airforce Complex ground, Palam",1,6.2,Rajasthan,Vidarbha,Suraj Ahuja,KL Nagarkoti,Yash Thakur,4,0,,,,,,,,,
1280298,2021/22,2021-11-18,"Airforce Complex ground, Palam",1,6.3,Rajasthan,Vidarbha,Suraj Ahuja,KL Nagarkoti,Yash Thakur,1,0,,,,,,,,,
1280298,2021/22,2021-11-18,"Airforce Complex ground, Palam",1,6.4,Rajasthan,Vidarbha,KL Nagarkoti,Suraj Ahuja,Yash Thakur,1,0,,,,,,,,,
1280298,2021/22,2021-11-18,"Airforce Complex ground, Palam",1,6.5,Rajasthan,Vidarbha,Suraj Ahuja,KL Nagarkoti,Yash Thakur,0,0,,,,,,,,,
1280298,2021/22,2021-11-18,"Airforce Complex ground, Palam",1,6.6,Rajasthan,Vidarbha,Suraj Ahuja,KL Nagarkoti,Yash Thakur,4,0,,,,,,,,,
1280298,2021/22,2021-11-18,"Airforce Complex ground, Palam",1,7.1,Rajasthan,Vidarbha,KL Nagarkoti,Suraj Ahuja,LM Yadav,0,0,,,,,,,,,
1280298,2021/22,2021-11-18,"Airforce Complex ground, Palam",1,7.2,Rajasthan,Vidarbha,KL Nagarkoti,Suraj Ahuja,LM Yadav,1,0,,,,,,,,,
1280298,2021/22,2021-11-18,"Airforce Complex ground, Palam",1,7.3,Rajasthan,Vidarbha,Suraj Ahuja,KL Nagarkoti,LM Yadav,0,0,,,,,,,,,
1280298,2021/22,2021-11-18,"Airforce Complex ground, Palam",1,7.4,Rajasthan,Vidarbha,Suraj Ahuja,KL Nagarkoti,LM Yadav,1,0,,,,,,,,,
1280298,2021/22,2021-11-18,"Airforce Complex ground, Palam",1,7.5,Rajasthan,Vidarbha,KL Nagarkoti,Suraj Ahuja,LM Yadav,4,0,,,,,,,,,
1280298,2021/22,2021-11-18,"Airforce Complex ground, Palam",1,7.6,Rajasthan,Vidarbha,KL Nagarkoti,Suraj Ahuja,LM Yadav,0,0,,,,,,,,,
1280298,2021/22,2021-11-18,"Airforce Complex ground, Palam",1,8.1,Rajasthan,Vidarbha,Suraj Ahuja,KL Nagarkoti,Akshay Karnewar,1,0,,,,,,,,,
1280298,2021/22,2021-11-18,"Airforce Complex ground, Palam",1,8.2,Rajasthan,Vidarbha,KL Nagarkoti,Suraj Ahuja,Akshay Karnewar,0,0,,,,,,,,,
1280298,2021/22,2021-11-18,"Airforce Complex ground, Palam",1,8.3,Rajasthan,Vidarbha,KL Nagarkoti,Suraj Ahuja,Akshay Karnewar,1,0,,,,,,,,,
1280298,2021/22,2021-11-18,"Airforce Complex ground, Palam",1,8.4,Rajasthan,Vidarbha,Suraj Ahuja,KL Nagarkoti,Akshay Karnewar,0,0,,,,,,,,,
1280298,2021/22,2021-11-18,"Airforce Complex ground, Palam",1,8.5,Rajasthan,Vidarbha,Suraj Ahuja,KL Nagarkoti,Akshay Karnewar,0,0,,,,,,bowled,Suraj Ahuja,,
1280298,2021/22,2021-11-18,"Airforce Complex ground, Palam",1,8.6,Rajasthan,Vidarbha,Shubham Kamal Sharma,KL Nagarkoti,Akshay Karnewar,0,0,,,,,,,,,
1280298,2021/22,2021-11-18,"Airforce Complex ground, Palam",1,9.1,Rajasthan,Vidarbha,KL Nagarkoti,Shubham Kamal Sharma,Akshay Wakhare,0,0,,,,,,,,,
1280298,2021/22,2021-11-18,"Airforce Complex ground, Palam",1,9.2,Rajasthan,Vidarbha,KL Nagarkoti,Shubham Kamal Sharma,Akshay Wakhare,0,0,,,,,,,,,
1280298,2021/22,2021-11-18,"Airforce Complex ground, Palam",1,9.3,Rajasthan,Vidarbha,KL Nagarkoti,Shubham Kamal Sharma,Akshay Wakhare,0,0,,,,,,,,,
1280298,2021/22,2021-11-18,"Airforce Complex ground, Palam",1,9.4,Rajasthan,Vidarbha,KL Nagarkoti,Shubham Kamal Sharma,Akshay Wakhare,2,0,,,,,,,,,
1280298,2021/22,2021-11-18,"Airforce Complex ground, Palam",1,9.5,Rajasthan,Vidarbha,KL Nagarkoti,Shubham Kamal Sharma,Akshay Wakhare,1,0,,,,,,,,,
1280298,2021/22,2021-11-18,"Airforce Complex ground, Palam",1,9.6,Rajasthan,Vidarbha,Shubham Kamal Sharma,KL Nagarkoti,Akshay Wakhare,0,0,,,,,,,,,
1280298,2021/22,2021-11-18,"Airforce Complex ground, Palam",1,10.1,Rajasthan,Vidarbha,KL Nagarkoti,Shubham Kamal Sharma,Akshay Karnewar,0,0,,,,,,,,,
1280298,2021/22,2021-11-18,"Airforce Complex ground, Palam",1,10.2,Rajasthan,Vidarbha,KL Nagarkoti,Shubham Kamal Sharma,Akshay Karnewar,0,0,,,,,,,,,
1280298,2021/22,2021-11-18,"Airforce Complex ground, Palam",1,10.3,Rajasthan,Vidarbha,KL Nagarkoti,Shubham Kamal Sharma,Akshay Karnewar,1,0,,,,,,,,,
1280298,2021/22,2021-11-18,"Airforce Complex ground, Palam",1,10.4,Rajasthan,Vidarbha,Shubham Kamal Sharma,KL Nagarkoti,Akshay Karnewar,0,0,,,,,,,,,
1280298,2021/22,2021-11-18,"Airforce Complex ground, Palam",1,10.5,Rajasthan,Vidarbha,Shubham Kamal Sharma,KL Nagarkoti,Akshay Karnewar,0,0,,,,,,,,,
1280298,2021/22,2021-11-18,"Airforce Complex ground, Palam",1,10.6,Rajasthan,Vidarbha,Shubham Kamal Sharma,KL Nagarkoti,Akshay Karnewar,1,0,,,,,,,,,
1280298,2021/22,2021-11-18,"Airforce Complex ground, Palam",1,11.1,Rajasthan,Vidarbha,Shubham Kamal Sharma,KL Nagarkoti,Akshay Wakhare,0,0,,,,,,,,,
1280298,2021/22,2021-11-18,"Airforce Complex ground, Palam",1,11.2,Rajasthan,Vidarbha,Shubham Kamal Sharma,KL Nagarkoti,Akshay Wakhare,1,0,,,,,,,,,
1280298,2021/22,2021-11-18,"Airforce Complex ground, Palam",1,11.3,Rajasthan,Vidarbha,KL Nagarkoti,Shubham Kamal Sharma,Akshay Wakhare,1,0,,,,,,,,,
1280298,2021/22,2021-11-18,"Airforce Complex ground, Palam",1,11.4,Rajasthan,Vidarbha,Shubham Kamal Sharma,KL Nagarkoti,Akshay Wakhare,1,0,,,,,,,,,
1280298,2021/22,2021-11-18,"Airforce Complex ground, Palam",1,11.5,Rajasthan,Vidarbha,KL Nagarkoti,Shubham Kamal Sharma,Akshay Wakhare,1,0,,,,,,,,,
1280298,2021/22,2021-11-18,"Airforce Complex ground, Palam",1,11.6,Rajasthan,Vidarbha,Shubham Kamal Sharma,KL Nagarkoti,Akshay Wakhare,0,0,,,,,,,,,
1280298,2021/22,2021-11-18,"Airforce Complex ground, Palam",1,12.1,Rajasthan,Vidarbha,KL Nagarkoti,Shubham Kamal Sharma,Atharva Taide,0,1,1,,,,,,,,
1280298,2021/22,2021-11-18,"Airforce Complex ground, Palam",1,12.2,Rajasthan,Vidarbha,KL Nagarkoti,Shubham Kamal Sharma,Atharva Taide,1,0,,,,,,,,,
1280298,2021/22,2021-11-18,"Airforce Complex ground, Palam",1,12.3,Rajasthan,Vidarbha,Shubham Kamal Sharma,KL Nagarkoti,Atharva Taide,0,0,,,,,,,,,
1280298,2021/22,2021-11-18,"Airforce Complex ground, Palam",1,12.4,Rajasthan,Vidarbha,Shubham Kamal Sharma,KL Nagarkoti,Atharva Taide,0,0,,,,,,caught,Shubham Kamal Sharma,,
1280298,2021/22,2021-11-18,"Airforce Complex ground, Palam",1,12.5,Rajasthan,Vidarbha,Ravi Bishnoi,KL Nagarkoti,Atharva Taide,0,0,,,,,,,,,
1280298,2021/22,2021-11-18,"Airforce Complex ground, Palam",1,12.6,Rajasthan,Vidarbha,Ravi Bishnoi,KL Nagarkoti,Atharva Taide,0,0,,,,,,,,,
1280298,2021/22,2021-11-18,"Airforce Complex ground, Palam",1,12.7,Rajasthan,Vidarbha,Ravi Bishnoi,KL Nagarkoti,Atharva Taide,0,0,,,,,,,,,
1280298,2021/22,2021-11-18,"Airforce Complex ground, Palam",1,13.1,Rajasthan,Vidarbha,KL Nagarkoti,Ravi Bishnoi,Akshay Wakhare,0,0,,,,,,,,,
1280298,2021/22,2021-11-18,"Airforce Complex ground, Palam",1,13.2,Rajasthan,Vidarbha,KL Nagarkoti,Ravi Bishnoi,Akshay Wakhare,1,0,,,,,,,,,
1280298,2021/22,2021-11-18,"Airforce Complex ground, Palam",1,13.3,Rajasthan,Vidarbha,Ravi Bishnoi,KL Nagarkoti,Akshay Wakhare,0,0,,,,,,caught,Ravi Bishnoi,,
1280298,2021/22,2021-11-18,"Airforce Complex ground, Palam",1,13.4,Rajasthan,Vidarbha,Tanveer Ul-Haq,KL Nagarkoti,Akshay Wakhare,4,0,,,,,,,,,
1280298,2021/22,2021-11-18,"Airforce Complex ground, Palam",1,13.5,Rajasthan,Vidarbha,Tanveer Ul-Haq,KL Nagarkoti,Akshay Wakhare,0,0,,,,,,,,,
1280298,2021/22,2021-11-18,"Airforce Complex ground, Palam",1,13.6,Rajasthan,Vidarbha,Tanveer Ul-Haq,KL Nagarkoti,Akshay Wakhare,0,0,,,,,,,,,
1280298,2021/22,2021-11-18,"Airforce Complex ground, Palam",1,14.1,Rajasthan,Vidarbha,KL Nagarkoti,Tanveer Ul-Haq,Atharva Taide,0,0,,,,,,,,,
1280298,2021/22,2021-11-18,"Airforce Complex ground, Palam",1,14.2,Rajasthan,Vidarbha,KL Nagarkoti,Tanveer Ul-Haq,Atharva Taide,0,0,,,,,,,,,
1280298,2021/22,2021-11-18,"Airforce Complex ground, Palam",1,14.3,Rajasthan,Vidarbha,KL Nagarkoti,Tanveer Ul-Haq,Atharva Taide,0,0,,,,,,,,,
1280298,2021/22,2021-11-18,"Airforce Complex ground, Palam",1,14.4,Rajasthan,Vidarbha,KL Nagarkoti,Tanveer Ul-Haq,Atharva Taide,1,0,,,,,,,,,
1280298,2021/22,2021-11-18,"Airforce Complex ground, Palam",1,14.5,Rajasthan,Vidarbha,Tanveer Ul-Haq,KL Nagarkoti,Atharva Taide,0,0,,,,,,,,,
1280298,2021/22,2021-11-18,"Airforce Complex ground, Palam",1,14.6,Rajasthan,Vidarbha,Tanveer Ul-Haq,KL Nagarkoti,Atharva Taide,0,0,,,,,,,,,
1280298,2021/22,2021-11-18,"Airforce Complex ground, Palam",1,15.1,Rajasthan,Vidarbha,KL Nagarkoti,Tanveer Ul-Haq,Akshay Karnewar,0,0,,,,,,,,,
1280298,2021/22,2021-11-18,"Airforce Complex ground, Palam",1,15.2,Rajasthan,Vidarbha,KL Nagarkoti,Tanveer Ul-Haq,Akshay Karnewar,0,0,,,,,,,,,
1280298,2021/22,2021-11-18,"Airforce Complex ground, Palam",1,15.3,Rajasthan,Vidarbha,KL Nagarkoti,Tanveer Ul-Haq,Akshay Karnewar,1,0,,,,,,,,,
1280298,2021/22,2021-11-18,"Airforce Complex ground, Palam",1,15.4,Rajasthan,Vidarbha,Tanveer Ul-Haq,KL Nagarkoti,Akshay Karnewar,0,0,,,,,,,,,
1280298,2021/22,2021-11-18,"Airforce Complex ground, Palam",1,15.5,Rajasthan,Vidarbha,Tanveer Ul-Haq,KL Nagarkoti,Akshay Karnewar,0,0,,,,,,,,,
1280298,2021/22,2021-11-18,"Airforce Complex ground, Palam",1,15.6,Rajasthan,Vidarbha,Tanveer Ul-Haq,KL Nagarkoti,Akshay Karnewar,0,0,,,,,,,,,
1280298,2021/22,2021-11-18,"Airforce Complex ground, Palam",1,16.1,Rajasthan,Vidarbha,KL Nagarkoti,Tanveer Ul-Haq,Atharva Taide,0,0,,,,,,,,,
1280298,2021/22,2021-11-18,"Airforce Complex ground, Palam",1,16.2,Rajasthan,Vidarbha,KL Nagarkoti,Tanveer Ul-Haq,Atharva Taide,1,0,,,,,,,,,
1280298,2021/22,2021-11-18,"Airforce Complex ground, Palam",1,16.3,Rajasthan,Vidarbha,Tanveer Ul-Haq,KL Nagarkoti,Atharva Taide,0,0,,,,,,,,,
1280298,2021/22,2021-11-18,"Airforce Complex ground, Palam",1,16.4,Rajasthan,Vidarbha,Tanveer Ul-Haq,KL Nagarkoti,Atharva Taide,1,0,,,,,,,,,
1280298,2021/22,2021-11-18,"Airforce Complex ground, Palam",1,16.5,Rajasthan,Vidarbha,KL Nagarkoti,Tanveer Ul-Haq,Atharva Taide,4,0,,,,,,,,,
1280298,2021/22,2021-11-18,"Airforce Complex ground, Palam",1,16.6,Rajasthan,Vidarbha,KL Nagarkoti,Tanveer Ul-Haq,Atharva Taide,0,0,,,,,,,,,
1280298,2021/22,2021-11-18,"Airforce Complex ground, Palam",1,17.1,Rajasthan,Vidarbha,Tanveer Ul-Haq,KL Nagarkoti,Akshay Wakhare,1,0,,,,,,,,,
1280298,2021/22,2021-11-18,"Airforce Complex ground, Palam",1,17.2,Rajasthan,Vidarbha,KL Nagarkoti,Tanveer Ul-Haq,Akshay Wakhare,4,0,,,,,,,,,
1280298,2021/22,2021-11-18,"Airforce Complex ground, Palam",1,17.3,Rajasthan,Vidarbha,KL Nagarkoti,Tanveer Ul-Haq,Akshay Wakhare,2,0,,,,,,,,,
1280298,2021/22,2021-11-18,"Airforce Complex ground, Palam",1,17.4,Rajasthan,Vidarbha,KL Nagarkoti,Tanveer Ul-Haq,Akshay Wakhare,1,0,,,,,,,,,
1280298,2021/22,2021-11-18,"Airforce Complex ground, Palam",1,17.5,Rajasthan,Vidarbha,Tanveer Ul-Haq,KL Nagarkoti,Akshay Wakhare,0,0,,,,,,,,,
1280298,2021/22,2021-11-18,"Airforce Complex ground, Palam",1,17.6,Rajasthan,Vidarbha,Tanveer Ul-Haq,KL Nagarkoti,Akshay Wakhare,1,0,,,,,,,,,
1280298,2021/22,2021-11-18,"Airforce Complex ground, Palam",1,18.1,Rajasthan,Vidarbha,Tanveer Ul-Haq,KL Nagarkoti,Yash Thakur,1,0,,,,,,,,,
1280298,2021/22,2021-11-18,"Airforce Complex ground, Palam",1,18.2,Rajasthan,Vidarbha,KL Nagarkoti,Tanveer Ul-Haq,Yash Thakur,0,0,,,,,,,,,
1280298,2021/22,2021-11-18,"Airforce Complex ground, Palam",1,18.3,Rajasthan,Vidarbha,KL Nagarkoti,Tanveer Ul-Haq,Yash Thakur,1,0,,,,,,,,,
1280298,2021/22,2021-11-18,"Airforce Complex ground, Palam",1,18.4,Rajasthan,Vidarbha,Tanveer Ul-Haq,KL Nagarkoti,Yash Thakur,0,0,,,,,,,,,
1280298,2021/22,2021-11-18,"Airforce Complex ground, Palam",1,18.5,Rajasthan,Vidarbha,Tanveer Ul-Haq,KL Nagarkoti,Yash Thakur,1,0,,,,,,,,,
1280298,2021/22,2021-11-18,"Airforce Complex ground, Palam",1,18.6,Rajasthan,Vidarbha,KL Nagarkoti,Tanveer Ul-Haq,Yash Thakur,1,0,,,,,,,,,
1280298,2021/22,2021-11-18,"Airforce Complex ground, Palam",1,19.1,Rajasthan,Vidarbha,KL Nagarkoti,Tanveer Ul-Haq,LM Yadav,4,0,,,,,,,,,
1280298,2021/22,2021-11-18,"Airforce Complex ground, Palam",1,19.2,Rajasthan,Vidarbha,KL Nagarkoti,Tanveer Ul-Haq,LM Yadav,0,0,,,,,,,,,
1280298,2021/22,2021-11-18,"Airforce Complex ground, Palam",1,19.3,Rajasthan,Vidarbha,KL Nagarkoti,Tanveer Ul-Haq,LM Yadav,1,0,,,,,,,,,
1280298,2021/22,2021-11-18,"Airforce Complex ground, Palam",1,19.4,Rajasthan,Vidarbha,Tanveer Ul-Haq,KL Nagarkoti,LM Yadav,0,0,,,,,,,,,
1280298,2021/22,2021-11-18,"Airforce Complex ground, Palam",1,19.5,Rajasthan,Vidarbha,Tanveer Ul-Haq,KL Nagarkoti,LM Yadav,0,1,,,,1,,,,,
1280298,2021/22,2021-11-18,"Airforce Complex ground, Palam",1,19.6,Rajasthan,Vidarbha,KL Nagarkoti,Tanveer Ul-Haq,LM Yadav,0,1,,,,1,,,,,
1280298,2021/22,2021-11-18,"Airforce Complex ground, Palam",2,0.1,Vidarbha,Rajasthan,Atharva Taide,Ganesh Satish,Shubham Kamal Sharma,1,0,,,,,,,,,
1280298,2021/22,2021-11-18,"Airforce Complex ground, Palam",2,0.2,Vidarbha,Rajasthan,Ganesh Satish,Atharva Taide,Shubham Kamal Sharma,0,0,,,,,,,,,
1280298,2021/22,2021-11-18,"Airforce Complex ground, Palam",2,0.3,Vidarbha,Rajasthan,Ganesh Satish,Atharva Taide,Shubham Kamal Sharma,0,0,,,,,,,,,
1280298,2021/22,2021-11-18,"Airforce Complex ground, Palam",2,0.4,Vidarbha,Rajasthan,Ganesh Satish,Atharva Taide,Shubham Kamal Sharma,0,0,,,,,,,,,
1280298,2021/22,2021-11-18,"Airforce Complex ground, Palam",2,0.5,Vidarbha,Rajasthan,Ganesh Satish,Atharva Taide,Shubham Kamal Sharma,1,0,,,,,,,,,
1280298,2021/22,2021-11-18,"Airforce Complex ground, Palam",2,0.6,Vidarbha,Rajasthan,Atharva Taide,Ganesh Satish,Shubham Kamal Sharma,4,0,,,,,,,,,
1280298,2021/22,2021-11-18,"Airforce Complex ground, Palam",2,1.1,Vidarbha,Rajasthan,Ganesh Satish,Atharva Taide,Ravi Bishnoi,4,0,,,,,,,,,
1280298,2021/22,2021-11-18,"Airforce Complex ground, Palam",2,1.2,Vidarbha,Rajasthan,Ganesh Satish,Atharva Taide,Ravi Bishnoi,0,1,1,,,,,,,,
1280298,2021/22,2021-11-18,"Airforce Complex ground, Palam",2,1.3,Vidarbha,Rajasthan,Ganesh Satish,Atharva Taide,Ravi Bishnoi,0,0,,,,,,,,,
1280298,2021/22,2021-11-18,"Airforce Complex ground, Palam",2,1.4,Vidarbha,Rajasthan,Ganesh Satish,Atharva Taide,Ravi Bishnoi,0,0,,,,,,,,,
1280298,2021/22,2021-11-18,"Airforce Complex ground, Palam",2,1.5,Vidarbha,Rajasthan,Ganesh Satish,Atharva Taide,Ravi Bishnoi,1,0,,,,,,,,,
1280298,2021/22,2021-11-18,"Airforce Complex ground, Palam",2,1.6,Vidarbha,Rajasthan,Atharva Taide,Ganesh Satish,Ravi Bishnoi,1,0,,,,,,,,,
1280298,2021/22,2021-11-18,"Airforce Complex ground, Palam",2,1.7,Vidarbha,Rajasthan,Ganesh Satish,Atharva Taide,Ravi Bishnoi,0,0,,,,,,,,,
1280298,2021/22,2021-11-18,"Airforce Complex ground, Palam",2,2.1,Vidarbha,Rajasthan,Atharva Taide,Ganesh Satish,Shubham Kamal Sharma,0,0,,,,,,,,,
1280298,2021/22,2021-11-18,"Airforce Complex ground, Palam",2,2.2,Vidarbha,Rajasthan,Atharva Taide,Ganesh Satish,Shubham Kamal Sharma,0,0,,,,,,,,,
1280298,2021/22,2021-11-18,"Airforce Complex ground, Palam",2,2.3,Vidarbha,Rajasthan,Atharva Taide,Ganesh Satish,Shubham Kamal Sharma,1,0,,,,,,,,,
1280298,2021/22,2021-11-18,"Airforce Complex ground, Palam",2,2.4,Vidarbha,Rajasthan,Ganesh Satish,Atharva Taide,Shubham Kamal Sharma,0,0,,,,,,,,,
1280298,2021/22,2021-11-18,"Airforce Complex ground, Palam",2,2.5,Vidarbha,Rajasthan,Ganesh Satish,Atharva Taide,Shubham Kamal Sharma,0,0,,,,,,,,,
1280298,2021/22,2021-11-18,"Airforce Complex ground, Palam",2,2.6,Vidarbha,Rajasthan,Ganesh Satish,Atharva Taide,Shubham Kamal Sharma,1,0,,,,,,,,,
1280298,2021/22,2021-11-18,"Airforce Complex ground, Palam",2,3.1,Vidarbha,Rajasthan,Ganesh Satish,Atharva Taide,DJ Hooda,1,0,,,,,,,,,
1280298,2021/22,2021-11-18,"Airforce Complex ground, Palam",2,3.2,Vidarbha,Rajasthan,Atharva Taide,Ganesh Satish,DJ Hooda,0,0,,,,,,,,,
1280298,2021/22,2021-11-18,"Airforce Complex ground, Palam",2,3.3,Vidarbha,Rajasthan,Atharva Taide,Ganesh Satish,DJ Hooda,0,0,,,,,,,,,
1280298,2021/22,2021-11-18,"Airforce Complex ground, Palam",2,3.4,Vidarbha,Rajasthan,Atharva Taide,Ganesh Satish,DJ Hooda,0,1,,,1,,,,,,
1280298,2021/22,2021-11-18,"Airforce Complex ground, Palam",2,3.5,Vidarbha,Rajasthan,Ganesh Satish,Atharva Taide,DJ Hooda,0,0,,,,,,,,,
1280298,2021/22,2021-11-18,"Airforce Complex ground, Palam",2,3.6,Vidarbha,Rajasthan,Ganesh Satish,Atharva Taide,DJ Hooda,0,0,,,,,,,,,
1280298,2021/22,2021-11-18,"Airforce Complex ground, Palam",2,4.1,Vidarbha,Rajasthan,Atharva Taide,Ganesh Satish,KL Nagarkoti,0,0,,,,,,,,,
1280298,2021/22,2021-11-18,"Airforce Complex ground, Palam",2,4.2,Vidarbha,Rajasthan,Atharva Taide,Ganesh Satish,KL Nagarkoti,0,0,,,,,,,,,
1280298,2021/22,2021-11-18,"Airforce Complex ground, Palam",2,4.3,Vidarbha,Rajasthan,Atharva Taide,Ganesh Satish,KL Nagarkoti,4,0,,,,,,,,,
1280298,2021/22,2021-11-18,"Airforce Complex ground, Palam",2,4.4,Vidarbha,Rajasthan,Atharva Taide,Ganesh Satish,KL Nagarkoti,0,1,1,,,,,,,,
1280298,2021/22,2021-11-18,"Airforce Complex ground, Palam",2,4.5,Vidarbha,Rajasthan,Atharva Taide,Ganesh Satish,KL Nagarkoti,0,1,1,,,,,,,,
1280298,2021/22,2021-11-18,"Airforce Complex ground, Palam",2,4.6,Vidarbha,Rajasthan,Atharva Taide,Ganesh Satish,KL Nagarkoti,0,0,,,,,,,,,
1280298,2021/22,2021-11-18,"Airforce Complex ground, Palam",2,4.7,Vidarbha,Rajasthan,Atharva Taide,Ganesh Satish,KL Nagarkoti,2,0,,,,,,,,,
1280298,2021/22,2021-11-18,"Airforce Complex ground, Palam",2,4.8,Vidarbha,Rajasthan,Atharva Taide,Ganesh Satish,KL Nagarkoti,1,0,,,,,,,,,
1280298,2021/22,2021-11-18,"Airforce Complex ground, Palam",2,5.1,Vidarbha,Rajasthan,Atharva Taide,Ganesh Satish,DJ Hooda,0,0,,,,,,,,,
1280298,2021/22,2021-11-18,"Airforce Complex ground, Palam",2,5.2,Vidarbha,Rajasthan,Atharva Taide,Ganesh Satish,DJ Hooda,1,0,,,,,,,,,
1280298,2021/22,2021-11-18,"Airforce Complex ground, Palam",2,5.3,Vidarbha,Rajasthan,Ganesh Satish,Atharva Taide,DJ Hooda,1,0,,,,,,,,,
1280298,2021/22,2021-11-18,"Airforce Complex ground, Palam",2,5.4,Vidarbha,Rajasthan,Atharva Taide,Ganesh Satish,DJ Hooda,4,1,,1,,,,,,,
1280298,2021/22,2021-11-18,"Airforce Complex ground, Palam",2,5.5,Vidarbha,Rajasthan,Atharva Taide,Ganesh Satish,DJ Hooda,0,0,,,,,,,,,
1280298,2021/22,2021-11-18,"Airforce Complex ground, Palam",2,5.6,Vidarbha,Rajasthan,Atharva Taide,Ganesh Satish,DJ Hooda,0,0,,,,,,,,,
1280298,2021/22,2021-11-18,"Airforce Complex ground, Palam",2,5.7,Vidarbha,Rajasthan,Atharva Taide,Ganesh Satish,DJ Hooda,0,0,,,,,,,,,
1280298,2021/22,2021-11-18,"Airforce Complex ground, Palam",2,6.1,Vidarbha,Rajasthan,Ganesh Satish,Atharva Taide,Ravi Bishnoi,0,0,,,,,,,,,
1280298,2021/22,2021-11-18,"Airforce Complex ground, Palam",2,6.2,Vidarbha,Rajasthan,Ganesh Satish,Atharva Taide,Ravi Bishnoi,2,0,,,,,,,,,
1280298,2021/22,2021-11-18,"Airforce Complex ground, Palam",2,6.3,Vidarbha,Rajasthan,Ganesh Satish,Atharva Taide,Ravi Bishnoi,0,0,,,,,,,,,
1280298,2021/22,2021-11-18,"Airforce Complex ground, Palam",2,6.4,Vidarbha,Rajasthan,Ganesh Satish,Atharva Taide,Ravi Bishnoi,0,1,1,,,,,,,,
1280298,2021/22,2021-11-18,"Airforce Complex ground, Palam",2,6.5,Vidarbha,Rajasthan,Ganesh Satish,Atharva Taide,Ravi Bishnoi,1,0,,,,,,,,,
1280298,2021/22,2021-11-18,"Airforce Complex ground, Palam",2,6.6,Vidarbha,Rajasthan,Atharva Taide,Ganesh Satish,Ravi Bishnoi,0,0,,,,,,,,,
1280298,2021/22,2021-11-18,"Airforce Complex ground, Palam",2,6.7,Vidarbha,Rajasthan,Atharva Taide,Ganesh Satish,Ravi Bishnoi,0,1,1,,,,,,,,
1280298,2021/22,2021-11-18,"Airforce Complex ground, Palam",2,6.8,Vidarbha,Rajasthan,Atharva Taide,Ganesh Satish,Ravi Bishnoi,2,0,,,,,,,,,
1280298,2021/22,2021-11-18,"Airforce Complex ground, Palam",2,7.1,Vidarbha,Rajasthan,Ganesh Satish,Atharva Taide,MK Lomror,0,0,,,,,,,,,
1280298,2021/22,2021-11-18,"Airforce Complex ground, Palam",2,7.2,Vidarbha,Rajasthan,Ganesh Satish,Atharva Taide,MK Lomror,4,0,,,,,,,,,
1280298,2021/22,2021-11-18,"Airforce Complex ground, Palam",2,7.3,Vidarbha,Rajasthan,Ganesh Satish,Atharva Taide,MK Lomror,0,0,,,,,,,,,
1280298,2021/22,2021-11-18,"Airforce Complex ground, Palam",2,7.4,Vidarbha,Rajasthan,Ganesh Satish,Atharva Taide,MK Lomror,0,0,,,,,,,,,
1280298,2021/22,2021-11-18,"Airforce Complex ground, Palam",2,7.5,Vidarbha,Rajasthan,Ganesh Satish,Atharva Taide,MK Lomror,0,0,,,,,,,,,
1280298,2021/22,2021-11-18,"Airforce Complex ground, Palam",2,7.6,Vidarbha,Rajasthan,Ganesh Satish,Atharva Taide,MK Lomror,0,0,,,,,,,,,
1280298,2021/22,2021-11-18,"Airforce Complex ground, Palam",2,8.1,Vidarbha,Rajasthan,Atharva Taide,Ganesh Satish,Shubham Kamal Sharma,1,0,,,,,,,,,
1280298,2021/22,2021-11-18,"Airforce Complex ground, Palam",2,8.2,Vidarbha,Rajasthan,Ganesh Satish,Atharva Taide,Shubham Kamal Sharma,1,0,,,,,,,,,
1280298,2021/22,2021-11-18,"Airforce Complex ground, Palam",2,8.3,Vidarbha,Rajasthan,Atharva Taide,Ganesh Satish,Shubham Kamal Sharma,0,0,,,,,,,,,
1280298,2021/22,2021-11-18,"Airforce Complex ground, Palam",2,8.4,Vidarbha,Rajasthan,Atharva Taide,Ganesh Satish,Shubham Kamal Sharma,2,0,,,,,,,,,
1280298,2021/22,2021-11-18,"Airforce Complex ground, Palam",2,8.5,Vidarbha,Rajasthan,Atharva Taide,Ganesh Satish,Shubham Kamal Sharma,1,0,,,,,,,,,
1280298,2021/22,2021-11-18,"Airforce Complex ground, Palam",2,8.6,Vidarbha,Rajasthan,Ganesh Satish,Atharva Taide,Shubham Kamal Sharma,4,0,,,,,,,,,
1280298,2021/22,2021-11-18,"Airforce Complex ground, Palam",2,9.1,Vidarbha,Rajasthan,Atharva Taide,Ganesh Satish,MK Lomror,1,0,,,,,,,,,
1280298,2021/22,2021-11-18,"Airforce Complex ground, Palam",2,9.2,Vidarbha,Rajasthan,Ganesh Satish,Atharva Taide,MK Lomror,1,0,,,,,,,,,
1280298,2021/22,2021-11-18,"Airforce Complex ground, Palam",2,9.3,Vidarbha,Rajasthan,Atharva Taide,Ganesh Satish,MK Lomror,1,0,,,,,,,,,
1280298,2021/22,2021-11-18,"Airforce Complex ground, Palam",2,9.4,Vidarbha,Rajasthan,Ganesh Satish,Atharva Taide,MK Lomror,0,0,,,,,,,,,
1280298,2021/22,2021-11-18,"Airforce Complex ground, Palam",2,9.5,Vidarbha,Rajasthan,Ganesh Satish,Atharva Taide,MK Lomror,4,0,,,,,,,,,
1280298,2021/22,2021-11-18,"Airforce Complex ground, Palam",2,9.6,Vidarbha,Rajasthan,Ganesh Satish,Atharva Taide,MK Lomror,2,0,,,,,,,,,
1280298,2021/22,2021-11-18,"Airforce Complex ground, Palam",2,10.1,Vidarbha,Rajasthan,Atharva Taide,Ganesh Satish,A Choudhary,1,0,,,,,,,,,
1280298,2021/22,2021-11-18,"Airforce Complex ground, Palam",2,10.2,Vidarbha,Rajasthan,Ganesh Satish,Atharva Taide,A Choudhary,0,0,,,,,,caught,Ganesh Satish,,
1280298,2021/22,2021-11-18,"Airforce Complex ground, Palam",2,10.3,Vidarbha,Rajasthan,Akshay Wadkar,Atharva Taide,A Choudhary,0,0,,,,,,,,,
1280298,2021/22,2021-11-18,"Airforce Complex ground, Palam",2,10.4,Vidarbha,Rajasthan,Akshay Wadkar,Atharva Taide,A Choudhary,0,0,,,,,,,,,
1280298,2021/22,2021-11-18,"Airforce Complex ground, Palam",2,10.5,Vidarbha,Rajasthan,Akshay Wadkar,Atharva Taide,A Choudhary,0,0,,,,,,,,,
1280298,2021/22,2021-11-18,"Airforce Complex ground, Palam",2,10.6,Vidarbha,Rajasthan,Akshay Wadkar,Atharva Taide,A Choudhary,0,0,,,,,,,,,
1280298,2021/22,2021-11-18,"Airforce Complex ground, Palam",2,11.1,Vidarbha,Rajasthan,Atharva Taide,Akshay Wadkar,Ravi Bishnoi,1,0,,,,,,,,,
1280298,2021/22,2021-11-18,"Airforce Complex ground, Palam",2,11.2,Vidarbha,Rajasthan,Akshay Wadkar,Atharva Taide,Ravi Bishnoi,0,0,,,,,,,,,
1280298,2021/22,2021-11-18,"Airforce Complex ground, Palam",2,11.3,Vidarbha,Rajasthan,Akshay Wadkar,Atharva Taide,Ravi Bishnoi,2,0,,,,,,,,,
1280298,2021/22,2021-11-18,"Airforce Complex ground, Palam",2,11.4,Vidarbha,Rajasthan,Akshay Wadkar,Atharva Taide,Ravi Bishnoi,1,0,,,,,,,,,
1280298,2021/22,2021-11-18,"Airforce Complex ground, Palam",2,11.5,Vidarbha,Rajasthan,Atharva Taide,Akshay Wadkar,Ravi Bishnoi,0,0,,,,,,,,,
1280298,2021/22,2021-11-18,"Airforce Complex ground, Palam",2,11.6,Vidarbha,Rajasthan,Atharva Taide,Akshay Wadkar,Ravi Bishnoi,2,0,,,,,,,,,
1280298,2021/22,2021-11-18,"Airforce Complex ground, Palam",2,12.1,Vidarbha,Rajasthan,Akshay Wadkar,Atharva Taide,A Choudhary,1,0,,,,,,,,,
1280298,2021/22,2021-11-18,"Airforce Complex ground, Palam",2,12.2,Vidarbha,Rajasthan,Atharva Taide,Akshay Wadkar,A Choudhary,0,0,,,,,,,,,
1280298,2021/22,2021-11-18,"Airforce Complex ground, Palam",2,12.3,Vidarbha,Rajasthan,Atharva Taide,Akshay Wadkar,A Choudhary,1,0,,,,,,,,,
1280298,2021/22,2021-11-18,"Airforce Complex ground, Palam",2,12.4,Vidarbha,Rajasthan,Akshay Wadkar,Atharva Taide,A Choudhary,1,0,,,,,,,,,
1280298,2021/22,2021-11-18,"Airforce Complex ground, Palam",2,12.5,Vidarbha,Rajasthan,Atharva Taide,Akshay Wadkar,A Choudhary,0,0,,,,,,,,,
1280298,2021/22,2021-11-18,"Airforce Complex ground, Palam",2,12.6,Vidarbha,Rajasthan,Atharva Taide,Akshay Wadkar,A Choudhary,0,0,,,,,,,,,
1280298,2021/22,2021-11-18,"Airforce Complex ground, Palam",2,13.1,Vidarbha,Rajasthan,Akshay Wadkar,Atharva Taide,Ravi Bishnoi,1,0,,,,,,,,,
1280298,2021/22,2021-11-18,"Airforce Complex ground, Palam",2,13.2,Vidarbha,Rajasthan,Atharva Taide,Akshay Wadkar,Ravi Bishnoi,0,0,,,,,,,,,
1280298,2021/22,2021-11-18,"Airforce Complex ground, Palam",2,13.3,Vidarbha,Rajasthan,Atharva Taide,Akshay Wadkar,Ravi Bishnoi,1,0,,,,,,,,,
1280298,2021/22,2021-11-18,"Airforce Complex ground, Palam",2,13.4,Vidarbha,Rajasthan,Akshay Wadkar,Atharva Taide,Ravi Bishnoi,0,0,,,,,,,,,
1280298,2021/22,2021-11-18,"Airforce Complex ground, Palam",2,13.5,Vidarbha,Rajasthan,Akshay Wadkar,Atharva Taide,Ravi Bishnoi,0,0,,,,,,,,,
1280298,2021/22,2021-11-18,"Airforce Complex ground, Palam",2,13.6,Vidarbha,Rajasthan,Akshay Wadkar,Atharva Taide,Ravi Bishnoi,4,0,,,,,,,,,
1280298,2021/22,2021-11-18,"Airforce Complex ground, Palam",2,14.1,Vidarbha,Rajasthan,Atharva Taide,Akshay Wadkar,MK Lomror,2,0,,,,,,,,,
1280298,2021/22,2021-11-18,"Airforce Complex ground, Palam",2,14.2,Vidarbha,Rajasthan,Atharva Taide,Akshay Wadkar,MK Lomror,1,0,,,,,,,,,
1280298,2021/22,2021-11-18,"Airforce Complex ground, Palam",2,14.3,Vidarbha,Rajasthan,Akshay Wadkar,Atharva Taide,MK Lomror,0,0,,,,,,,,,
1280298,2021/22,2021-11-18,"Airforce Complex ground, Palam",2,14.4,Vidarbha,Rajasthan,Akshay Wadkar,Atharva Taide,MK Lomror,1,0,,,,,,,,,
1280298,2021/22,2021-11-18,"Airforce Complex ground, Palam",2,14.5,Vidarbha,Rajasthan,Atharva Taide,Akshay Wadkar,MK Lomror,0,1,1,,,,,,,,
1280298,2021/22,2021-11-18,"Airforce Complex ground, Palam",2,14.6,Vidarbha,Rajasthan,Atharva Taide,Akshay Wadkar,MK Lomror,4,0,,,,,,,,,
