match_id,season,start_date,venue,innings,ball,batting_team,bowling_team,striker,non_striker,bowler,runs_off_bat,extras,wides,noballs,byes,legbyes,penalty,wicket_type,player_dismissed,other_wicket_type,other_player_dismissed
1280234,2021/22,2021-11-05,"ACA Stadium,Mangalagiri",1,0.1,Arunachal Pradesh,Manipur,Abhinav Srivastava,Techi Doria,Rex Rajkumar,1,0,,,,,,,,,
1280234,2021/22,2021-11-05,"ACA Stadium,Mangalagiri",1,0.2,Arunachal Pradesh,Manipur,Techi Doria,Abhinav Srivastava,Rex Rajkumar,0,0,,,,,,,,,
1280234,2021/22,2021-11-05,"ACA Stadium,Mangalagiri",1,0.3,Arunachal Pradesh,Manipur,Techi Doria,Abhinav Srivastava,Rex Rajkumar,0,0,,,,,,,,,
1280234,2021/22,2021-11-05,"ACA Stadium,Mangalagiri",1,0.4,Arunachal Pradesh,Manipur,Techi Doria,Abhinav Srivastava,Rex Rajkumar,1,0,,,,,,,,,
1280234,2021/22,2021-11-05,"ACA Stadium,Mangalagiri",1,0.5,Arunachal Pradesh,Manipur,Abhinav Srivastava,Techi Doria,Rex Rajkumar,0,0,,,,,,,,,
1280234,2021/22,2021-11-05,"ACA Stadium,Mangalagiri",1,0.6,Arunachal Pradesh,Manipur,Abhinav Srivastava,Techi Doria,Rex Rajkumar,0,0,,,,,,,,,
1280234,2021/22,2021-11-05,"ACA Stadium,Mangalagiri",1,1.1,Arunachal Pradesh,Manipur,Techi Doria,Abhinav Srivastava,Bishworjit Konthoujam,4,0,,,,,,,,,
1280234,2021/22,2021-11-05,"ACA Stadium,Mangalagiri",1,1.2,Arunachal Pradesh,Manipur,Techi Doria,Abhinav Srivastava,Bishworjit Konthoujam,1,0,,,,,,,,,
1280234,2021/22,2021-11-05,"ACA Stadium,Mangalagiri",1,1.3,Arunachal Pradesh,Manipur,Abhinav Srivastava,Techi Doria,Bishworjit Konthoujam,0,0,,,,,,caught,Abhinav Srivastava,,
1280234,2021/22,2021-11-05,"ACA Stadium,Mangalagiri",1,1.4,Arunachal Pradesh,Manipur,Techi Sonam,Techi Doria,Bishworjit Konthoujam,0,0,,,,,,,,,
1280234,2021/22,2021-11-05,"ACA Stadium,Mangalagiri",1,1.5,Arunachal Pradesh,Manipur,Techi Sonam,Techi Doria,Bishworjit Konthoujam,0,0,,,,,,,,,
1280234,2021/22,2021-11-05,"ACA Stadium,Mangalagiri",1,1.6,Arunachal Pradesh,Manipur,Techi Sonam,Techi Doria,Bishworjit Konthoujam,0,0,,,,,,,,,
1280234,2021/22,2021-11-05,"ACA Stadium,Mangalagiri",1,2.1,Arunachal Pradesh,Manipur,Techi Doria,Techi Sonam,Rex Rajkumar,0,0,,,,,,,,,
1280234,2021/22,2021-11-05,"ACA Stadium,Mangalagiri",1,2.2,Arunachal Pradesh,Manipur,Techi Doria,Techi Sonam,Rex Rajkumar,0,0,,,,,,,,,
1280234,2021/22,2021-11-05,"ACA Stadium,Mangalagiri",1,2.3,Arunachal Pradesh,Manipur,Techi Doria,Techi Sonam,Rex Rajkumar,0,0,,,,,,,,,
1280234,2021/22,2021-11-05,"ACA Stadium,Mangalagiri",1,2.4,Arunachal Pradesh,Manipur,Techi Doria,Techi Sonam,Rex Rajkumar,1,0,,,,,,,,,
1280234,2021/22,2021-11-05,"ACA Stadium,Mangalagiri",1,2.5,Arunachal Pradesh,Manipur,Techi Sonam,Techi Doria,Rex Rajkumar,0,0,,,,,,,,,
1280234,2021/22,2021-11-05,"ACA Stadium,Mangalagiri",1,2.6,Arunachal Pradesh,Manipur,Techi Sonam,Techi Doria,Rex Rajkumar,4,0,,,,,,,,,
1280234,2021/22,2021-11-05,"ACA Stadium,Mangalagiri",1,3.1,Arunachal Pradesh,Manipur,Techi Doria,Techi Sonam,Bishworjit Konthoujam,0,0,,,,,,,,,
1280234,2021/22,2021-11-05,"ACA Stadium,Mangalagiri",1,3.2,Arunachal Pradesh,Manipur,Techi Doria,Techi Sonam,Bishworjit Konthoujam,1,0,,,,,,,,,
1280234,2021/22,2021-11-05,"ACA Stadium,Mangalagiri",1,3.3,Arunachal Pradesh,Manipur,Techi Sonam,Techi Doria,Bishworjit Konthoujam,0,0,,,,,,,,,
1280234,2021/22,2021-11-05,"ACA Stadium,Mangalagiri",1,3.4,Arunachal Pradesh,Manipur,Techi Sonam,Techi Doria,Bishworjit Konthoujam,0,0,,,,,,,,,
1280234,2021/22,2021-11-05,"ACA Stadium,Mangalagiri",1,3.5,Arunachal Pradesh,Manipur,Techi Sonam,Techi Doria,Bishworjit Konthoujam,0,0,,,,,,caught,Techi Sonam,,
1280234,2021/22,2021-11-05,"ACA Stadium,Mangalagiri",1,3.6,Arunachal Pradesh,Manipur,Techi Neri,Techi Doria,Bishworjit Konthoujam,0,0,,,,,,,,,
1280234,2021/22,2021-11-05,"ACA Stadium,Mangalagiri",1,4.1,Arunachal Pradesh,Manipur,Techi Doria,Techi Neri,Kangabam Singh,1,0,,,,,,,,,
1280234,2021/22,2021-11-05,"ACA Stadium,Mangalagiri",1,4.2,Arunachal Pradesh,Manipur,Techi Neri,Techi Doria,Kangabam Singh,1,0,,,,,,,,,
1280234,2021/22,2021-11-05,"ACA Stadium,Mangalagiri",1,4.3,Arunachal Pradesh,Manipur,Techi Doria,Techi Neri,Kangabam Singh,1,0,,,,,,,,,
1280234,2021/22,2021-11-05,"ACA Stadium,Mangalagiri",1,4.4,Arunachal Pradesh,Manipur,Techi Neri,Techi Doria,Kangabam Singh,0,0,,,,,,,,,
1280234,2021/22,2021-11-05,"ACA Stadium,Mangalagiri",1,4.5,Arunachal Pradesh,Manipur,Techi Neri,Techi Doria,Kangabam Singh,6,0,,,,,,,,,
1280234,2021/22,2021-11-05,"ACA Stadium,Mangalagiri",1,4.6,Arunachal Pradesh,Manipur,Techi Neri,Techi Doria,Kangabam Singh,1,0,,,,,,,,,
1280234,2021/22,2021-11-05,"ACA Stadium,Mangalagiri",1,5.1,Arunachal Pradesh,Manipur,Techi Neri,Techi Doria,Bishworjit Konthoujam,4,0,,,,,,,,,
1280234,2021/22,2021-11-05,"ACA Stadium,Mangalagiri",1,5.2,Arunachal Pradesh,Manipur,Techi Neri,Techi Doria,Bishworjit Konthoujam,1,0,,,,,,,,,
1280234,2021/22,2021-11-05,"ACA Stadium,Mangalagiri",1,5.3,Arunachal Pradesh,Manipur,Techi Doria,Techi Neri,Bishworjit Konthoujam,4,0,,,,,,,,,
1280234,2021/22,2021-11-05,"ACA Stadium,Mangalagiri",1,5.4,Arunachal Pradesh,Manipur,Techi Doria,Techi Neri,Bishworjit Konthoujam,1,0,,,,,,,,,
1280234,2021/22,2021-11-05,"ACA Stadium,Mangalagiri",1,5.5,Arunachal Pradesh,Manipur,Techi Neri,Techi Doria,Bishworjit Konthoujam,0,0,,,,,,,,,
1280234,2021/22,2021-11-05,"ACA Stadium,Mangalagiri",1,5.6,Arunachal Pradesh,Manipur,Techi Neri,Techi Doria,Bishworjit Konthoujam,4,0,,,,,,,,,
1280234,2021/22,2021-11-05,"ACA Stadium,Mangalagiri",1,6.1,Arunachal Pradesh,Manipur,Techi Doria,Techi Neri,L Kishan Singha,0,0,,,,,,,,,
1280234,2021/22,2021-11-05,"ACA Stadium,Mangalagiri",1,6.2,Arunachal Pradesh,Manipur,Techi Doria,Techi Neri,L Kishan Singha,0,0,,,,,,,,,
1280234,2021/22,2021-11-05,"ACA Stadium,Mangalagiri",1,6.3,Arunachal Pradesh,Manipur,Techi Doria,Techi Neri,L Kishan Singha,0,0,,,,,,,,,
1280234,2021/22,2021-11-05,"ACA Stadium,Mangalagiri",1,6.4,Arunachal Pradesh,Manipur,Techi Doria,Techi Neri,L Kishan Singha,1,0,,,,,,,,,
1280234,2021/22,2021-11-05,"ACA Stadium,Mangalagiri",1,6.5,Arunachal Pradesh,Manipur,Techi Neri,Techi Doria,L Kishan Singha,0,0,,,,,,,,,
1280234,2021/22,2021-11-05,"ACA Stadium,Mangalagiri",1,6.6,Arunachal Pradesh,Manipur,Techi Neri,Techi Doria,L Kishan Singha,0,0,,,,,,,,,
1280234,2021/22,2021-11-05,"ACA Stadium,Mangalagiri",1,7.1,Arunachal Pradesh,Manipur,Techi Doria,Techi Neri,Kangabam Singh,2,0,,,,,,,,,
1280234,2021/22,2021-11-05,"ACA Stadium,Mangalagiri",1,7.2,Arunachal Pradesh,Manipur,Techi Doria,Techi Neri,Kangabam Singh,0,0,,,,,,,,,
1280234,2021/22,2021-11-05,"ACA Stadium,Mangalagiri",1,7.3,Arunachal Pradesh,Manipur,Techi Doria,Techi Neri,Kangabam Singh,2,0,,,,,,,,,
1280234,2021/22,2021-11-05,"ACA Stadium,Mangalagiri",1,7.4,Arunachal Pradesh,Manipur,Techi Doria,Techi Neri,Kangabam Singh,0,0,,,,,,,,,
1280234,2021/22,2021-11-05,"ACA Stadium,Mangalagiri",1,7.5,Arunachal Pradesh,Manipur,Techi Doria,Techi Neri,Kangabam Singh,0,0,,,,,,,,,
1280234,2021/22,2021-11-05,"ACA Stadium,Mangalagiri",1,7.6,Arunachal Pradesh,Manipur,Techi Doria,Techi Neri,Kangabam Singh,1,0,,,,,,,,,
1280234,2021/22,2021-11-05,"ACA Stadium,Mangalagiri",1,8.1,Arunachal Pradesh,Manipur,Techi Doria,Techi Neri,L Kishan Singha,0,0,,,,,,,,,
1280234,2021/22,2021-11-05,"ACA Stadium,Mangalagiri",1,8.2,Arunachal Pradesh,Manipur,Techi Doria,Techi Neri,L Kishan Singha,1,0,,,,,,,,,
1280234,2021/22,2021-11-05,"ACA Stadium,Mangalagiri",1,8.3,Arunachal Pradesh,Manipur,Techi Neri,Techi Doria,L Kishan Singha,1,0,,,,,,,,,
1280234,2021/22,2021-11-05,"ACA Stadium,Mangalagiri",1,8.4,Arunachal Pradesh,Manipur,Techi Doria,Techi Neri,L Kishan Singha,1,0,,,,,,,,,
1280234,2021/22,2021-11-05,"ACA Stadium,Mangalagiri",1,8.5,Arunachal Pradesh,Manipur,Techi Neri,Techi Doria,L Kishan Singha,0,0,,,,,,,,,
1280234,2021/22,2021-11-05,"ACA Stadium,Mangalagiri",1,8.6,Arunachal Pradesh,Manipur,Techi Neri,Techi Doria,L Kishan Singha,1,0,,,,,,,,,
1280234,2021/22,2021-11-05,"ACA Stadium,Mangalagiri",1,9.1,Arunachal Pradesh,Manipur,Techi Neri,Techi Doria,Lamabam Singh,0,0,,,,,,,,,
1280234,2021/22,2021-11-05,"ACA Stadium,Mangalagiri",1,9.2,Arunachal Pradesh,Manipur,Techi Neri,Techi Doria,Lamabam Singh,0,0,,,,,,caught,Techi Neri,,
1280234,2021/22,2021-11-05,"ACA Stadium,Mangalagiri",1,9.3,Arunachal Pradesh,Manipur,Techi Doria,Nazeeb Saiyed,Lamabam Singh,1,0,,,,,,,,,
1280234,2021/22,2021-11-05,"ACA Stadium,Mangalagiri",1,9.4,Arunachal Pradesh,Manipur,Nazeeb Saiyed,Techi Doria,Lamabam Singh,1,0,,,,,,,,,
1280234,2021/22,2021-11-05,"ACA Stadium,Mangalagiri",1,9.5,Arunachal Pradesh,Manipur,Techi Doria,Nazeeb Saiyed,Lamabam Singh,0,0,,,,,,caught,Techi Doria,,
1280234,2021/22,2021-11-05,"ACA Stadium,Mangalagiri",1,9.6,Arunachal Pradesh,Manipur,Vipin Dhaka,Nazeeb Saiyed,Lamabam Singh,1,0,,,,,,,,,
1280234,2021/22,2021-11-05,"ACA Stadium,Mangalagiri",1,10.1,Arunachal Pradesh,Manipur,Vipin Dhaka,Nazeeb Saiyed,L Kishan Singha,0,0,,,,,,,,,
1280234,2021/22,2021-11-05,"ACA Stadium,Mangalagiri",1,10.2,Arunachal Pradesh,Manipur,Vipin Dhaka,Nazeeb Saiyed,L Kishan Singha,1,0,,,,,,,,,
1280234,2021/22,2021-11-05,"ACA Stadium,Mangalagiri",1,10.3,Arunachal Pradesh,Manipur,Nazeeb Saiyed,Vipin Dhaka,L Kishan Singha,1,0,,,,,,,,,
1280234,2021/22,2021-11-05,"ACA Stadium,Mangalagiri",1,10.4,Arunachal Pradesh,Manipur,Vipin Dhaka,Nazeeb Saiyed,L Kishan Singha,0,0,,,,,,,,,
1280234,2021/22,2021-11-05,"ACA Stadium,Mangalagiri",1,10.5,Arunachal Pradesh,Manipur,Vipin Dhaka,Nazeeb Saiyed,L Kishan Singha,2,0,,,,,,,,,
1280234,2021/22,2021-11-05,"ACA Stadium,Mangalagiri",1,10.6,Arunachal Pradesh,Manipur,Vipin Dhaka,Nazeeb Saiyed,L Kishan Singha,0,0,,,,,,,,,
1280234,2021/22,2021-11-05,"ACA Stadium,Mangalagiri",1,11.1,Arunachal Pradesh,Manipur,Nazeeb Saiyed,Vipin Dhaka,Nitesh Sedai,1,0,,,,,,,,,
1280234,2021/22,2021-11-05,"ACA Stadium,Mangalagiri",1,11.2,Arunachal Pradesh,Manipur,Vipin Dhaka,Nazeeb Saiyed,Nitesh Sedai,0,0,,,,,,,,,
1280234,2021/22,2021-11-05,"ACA Stadium,Mangalagiri",1,11.3,Arunachal Pradesh,Manipur,Vipin Dhaka,Nazeeb Saiyed,Nitesh Sedai,4,0,,,,,,,,,
1280234,2021/22,2021-11-05,"ACA Stadium,Mangalagiri",1,11.4,Arunachal Pradesh,Manipur,Vipin Dhaka,Nazeeb Saiyed,Nitesh Sedai,1,0,,,,,,,,,
1280234,2021/22,2021-11-05,"ACA Stadium,Mangalagiri",1,11.5,Arunachal Pradesh,Manipur,Nazeeb Saiyed,Vipin Dhaka,Nitesh Sedai,0,0,,,,,,run out,Vipin Dhaka,,
1280234,2021/22,2021-11-05,"ACA Stadium,Mangalagiri",1,11.6,Arunachal Pradesh,Manipur,Nazeeb Saiyed,Akhilesh Sahani,Nitesh Sedai,1,0,,,,,,,,,
1280234,2021/22,2021-11-05,"ACA Stadium,Mangalagiri",1,12.1,Arunachal Pradesh,Manipur,Nazeeb Saiyed,Akhilesh Sahani,Lamabam Singh,1,0,,,,,,,,,
1280234,2021/22,2021-11-05,"ACA Stadium,Mangalagiri",1,12.2,Arunachal Pradesh,Manipur,Akhilesh Sahani,Nazeeb Saiyed,Lamabam Singh,1,0,,,,,,,,,
1280234,2021/22,2021-11-05,"ACA Stadium,Mangalagiri",1,12.3,Arunachal Pradesh,Manipur,Nazeeb Saiyed,Akhilesh Sahani,Lamabam Singh,1,0,,,,,,,,,
1280234,2021/22,2021-11-05,"ACA Stadium,Mangalagiri",1,12.4,Arunachal Pradesh,Manipur,Akhilesh Sahani,Nazeeb Saiyed,Lamabam Singh,0,0,,,,,,,,,
1280234,2021/22,2021-11-05,"ACA Stadium,Mangalagiri",1,12.5,Arunachal Pradesh,Manipur,Akhilesh Sahani,Nazeeb Saiyed,Lamabam Singh,0,0,,,,,,,,,
1280234,2021/22,2021-11-05,"ACA Stadium,Mangalagiri",1,12.6,Arunachal Pradesh,Manipur,Akhilesh Sahani,Nazeeb Saiyed,Lamabam Singh,1,0,,,,,,,,,
1280234,2021/22,2021-11-05,"ACA Stadium,Mangalagiri",1,13.1,Arunachal Pradesh,Manipur,Akhilesh Sahani,Nazeeb Saiyed,Nitesh Sedai,1,0,,,,,,,,,
1280234,2021/22,2021-11-05,"ACA Stadium,Mangalagiri",1,13.2,Arunachal Pradesh,Manipur,Nazeeb Saiyed,Akhilesh Sahani,Nitesh Sedai,1,0,,,,,,,,,
1280234,2021/22,2021-11-05,"ACA Stadium,Mangalagiri",1,13.3,Arunachal Pradesh,Manipur,Akhilesh Sahani,Nazeeb Saiyed,Nitesh Sedai,0,0,,,,,,,,,
1280234,2021/22,2021-11-05,"ACA Stadium,Mangalagiri",1,13.4,Arunachal Pradesh,Manipur,Akhilesh Sahani,Nazeeb Saiyed,Nitesh Sedai,6,0,,,,,,,,,
1280234,2021/22,2021-11-05,"ACA Stadium,Mangalagiri",1,13.5,Arunachal Pradesh,Manipur,Akhilesh Sahani,Nazeeb Saiyed,Nitesh Sedai,2,0,,,,,,,,,
1280234,2021/22,2021-11-05,"ACA Stadium,Mangalagiri",1,13.6,Arunachal Pradesh,Manipur,Akhilesh Sahani,Nazeeb Saiyed,Nitesh Sedai,0,0,,,,,,,,,
1280234,2021/22,2021-11-05,"ACA Stadium,Mangalagiri",1,14.1,Arunachal Pradesh,Manipur,Nazeeb Saiyed,Akhilesh Sahani,Lamabam Singh,1,0,,,,,,,,,
1280234,2021/22,2021-11-05,"ACA Stadium,Mangalagiri",1,14.2,Arunachal Pradesh,Manipur,Akhilesh Sahani,Nazeeb Saiyed,Lamabam Singh,1,0,,,,,,,,,
1280234,2021/22,2021-11-05,"ACA Stadium,Mangalagiri",1,14.3,Arunachal Pradesh,Manipur,Nazeeb Saiyed,Akhilesh Sahani,Lamabam Singh,4,0,,,,,,,,,
1280234,2021/22,2021-11-05,"ACA Stadium,Mangalagiri",1,14.4,Arunachal Pradesh,Manipur,Nazeeb Saiyed,Akhilesh Sahani,Lamabam Singh,1,0,,,,,,,,,
1280234,2021/22,2021-11-05,"ACA Stadium,Mangalagiri",1,14.5,Arunachal Pradesh,Manipur,Akhilesh Sahani,Nazeeb Saiyed,Lamabam Singh,1,0,,,,,,,,,
1280234,2021/22,2021-11-05,"ACA Stadium,Mangalagiri",1,14.6,Arunachal Pradesh,Manipur,Nazeeb Saiyed,Akhilesh Sahani,Lamabam Singh,0,0,,,,,,,,,
1280234,2021/22,2021-11-05,"ACA Stadium,Mangalagiri",1,15.1,Arunachal Pradesh,Manipur,Akhilesh Sahani,Nazeeb Saiyed,Kangabam Singh,1,0,,,,,,,,,
1280234,2021/22,2021-11-05,"ACA Stadium,Mangalagiri",1,15.2,Arunachal Pradesh,Manipur,Nazeeb Saiyed,Akhilesh Sahani,Kangabam Singh,0,0,,,,,,,,,
1280234,2021/22,2021-11-05,"ACA Stadium,Mangalagiri",1,15.3,Arunachal Pradesh,Manipur,Nazeeb Saiyed,Akhilesh Sahani,Kangabam Singh,1,0,,,,,,,,,
1280234,2021/22,2021-11-05,"ACA Stadium,Mangalagiri",1,15.4,Arunachal Pradesh,Manipur,Akhilesh Sahani,Nazeeb Saiyed,Kangabam Singh,0,0,,,,,,,,,
1280234,2021/22,2021-11-05,"ACA Stadium,Mangalagiri",1,15.5,Arunachal Pradesh,Manipur,Akhilesh Sahani,Nazeeb Saiyed,Kangabam Singh,0,0,,,,,,,,,
1280234,2021/22,2021-11-05,"ACA Stadium,Mangalagiri",1,15.6,Arunachal Pradesh,Manipur,Akhilesh Sahani,Nazeeb Saiyed,Kangabam Singh,1,0,,,,,,,,,
1280234,2021/22,2021-11-05,"ACA Stadium,Mangalagiri",1,16.1,Arunachal Pradesh,Manipur,Akhilesh Sahani,Nazeeb Saiyed,Lamabam Singh,4,0,,,,,,,,,
1280234,2021/22,2021-11-05,"ACA Stadium,Mangalagiri",1,16.2,Arunachal Pradesh,Manipur,Akhilesh Sahani,Nazeeb Saiyed,Lamabam Singh,1,0,,,,,,,,,
1280234,2021/22,2021-11-05,"ACA Stadium,Mangalagiri",1,16.3,Arunachal Pradesh,Manipur,Nazeeb Saiyed,Akhilesh Sahani,Lamabam Singh,1,0,,,,,,,,,
1280234,2021/22,2021-11-05,"ACA Stadium,Mangalagiri",1,16.4,Arunachal Pradesh,Manipur,Akhilesh Sahani,Nazeeb Saiyed,Lamabam Singh,6,0,,,,,,,,,
1280234,2021/22,2021-11-05,"ACA Stadium,Mangalagiri",1,16.5,Arunachal Pradesh,Manipur,Akhilesh Sahani,Nazeeb Saiyed,Lamabam Singh,4,0,,,,,,,,,
1280234,2021/22,2021-11-05,"ACA Stadium,Mangalagiri",1,16.6,Arunachal Pradesh,Manipur,Akhilesh Sahani,Nazeeb Saiyed,Lamabam Singh,1,0,,,,,,,,,
1280234,2021/22,2021-11-05,"ACA Stadium,Mangalagiri",1,17.1,Arunachal Pradesh,Manipur,Akhilesh Sahani,Nazeeb Saiyed,Kangabam Singh,0,0,,,,,,lbw,Akhilesh Sahani,,
1280234,2021/22,2021-11-05,"ACA Stadium,Mangalagiri",1,17.2,Arunachal Pradesh,Manipur,RB Bishnoi Jr,Nazeeb Saiyed,Kangabam Singh,1,0,,,,,,,,,
1280234,2021/22,2021-11-05,"ACA Stadium,Mangalagiri",1,17.3,Arunachal Pradesh,Manipur,Nazeeb Saiyed,RB Bishnoi Jr,Kangabam Singh,0,1,1,,,,,,,,
1280234,2021/22,2021-11-05,"ACA Stadium,Mangalagiri",1,17.4,Arunachal Pradesh,Manipur,Nazeeb Saiyed,RB Bishnoi Jr,Kangabam Singh,0,0,,,,,,,,,
1280234,2021/22,2021-11-05,"ACA Stadium,Mangalagiri",1,17.5,Arunachal Pradesh,Manipur,Nazeeb Saiyed,RB Bishnoi Jr,Kangabam Singh,1,0,,,,,,,,,
1280234,2021/22,2021-11-05,"ACA Stadium,Mangalagiri",1,17.6,Arunachal Pradesh,Manipur,RB Bishnoi Jr,Nazeeb Saiyed,Kangabam Singh,2,0,,,,,,,,,
1280234,2021/22,2021-11-05,"ACA Stadium,Mangalagiri",1,17.7,Arunachal Pradesh,Manipur,RB Bishnoi Jr,Nazeeb Saiyed,Kangabam Singh,0,0,,,,,,caught,RB Bishnoi Jr,,
1280234,2021/22,2021-11-05,"ACA Stadium,Mangalagiri",1,18.1,Arunachal Pradesh,Manipur,Myendung Singpho,Nazeeb Saiyed,L Kishan Singha,0,0,,,,,,stumped,Myendung Singpho,,
1280234,2021/22,2021-11-05,"ACA Stadium,Mangalagiri",1,18.2,Arunachal Pradesh,Manipur,Kamsha Yangfo,Nazeeb Saiyed,L Kishan Singha,0,0,,,,,,,,,
1280234,2021/22,2021-11-05,"ACA Stadium,Mangalagiri",1,18.3,Arunachal Pradesh,Manipur,Kamsha Yangfo,Nazeeb Saiyed,L Kishan Singha,1,0,,,,,,,,,
1280234,2021/22,2021-11-05,"ACA Stadium,Mangalagiri",1,18.4,Arunachal Pradesh,Manipur,Nazeeb Saiyed,Kamsha Yangfo,L Kishan Singha,6,0,,,,,,,,,
1280234,2021/22,2021-11-05,"ACA Stadium,Mangalagiri",1,18.5,Arunachal Pradesh,Manipur,Nazeeb Saiyed,Kamsha Yangfo,L Kishan Singha,6,0,,,,,,,,,
1280234,2021/22,2021-11-05,"ACA Stadium,Mangalagiri",1,18.6,Arunachal Pradesh,Manipur,Nazeeb Saiyed,Kamsha Yangfo,L Kishan Singha,4,0,,,,,,,,,
1280234,2021/22,2021-11-05,"ACA Stadium,Mangalagiri",1,19.1,Arunachal Pradesh,Manipur,Kamsha Yangfo,Nazeeb Saiyed,Bishworjit Konthoujam,1,0,,,,,,,,,
1280234,2021/22,2021-11-05,"ACA Stadium,Mangalagiri",1,19.2,Arunachal Pradesh,Manipur,Nazeeb Saiyed,Kamsha Yangfo,Bishworjit Konthoujam,0,0,,,,,,caught,Nazeeb Saiyed,,
1280234,2021/22,2021-11-05,"ACA Stadium,Mangalagiri",1,19.3,Arunachal Pradesh,Manipur,Manvan Patel,Kamsha Yangfo,Bishworjit Konthoujam,2,0,,,,,,,,,
1280234,2021/22,2021-11-05,"ACA Stadium,Mangalagiri",1,19.4,Arunachal Pradesh,Manipur,Manvan Patel,Kamsha Yangfo,Bishworjit Konthoujam,0,0,,,,,,bowled,Manvan Patel,,
1280234,2021/22,2021-11-05,"ACA Stadium,Mangalagiri",2,0.1,Manipur,Arunachal Pradesh,Narsingh Yadav,Nitesh Sedai,Akhilesh Sahani,0,1,1,,,,,,,,
1280234,2021/22,2021-11-05,"ACA Stadium,Mangalagiri",2,0.2,Manipur,Arunachal Pradesh,Narsingh Yadav,Nitesh Sedai,Akhilesh Sahani,0,0,,,,,,,,,
1280234,2021/22,2021-11-05,"ACA Stadium,Mangalagiri",2,0.3,Manipur,Arunachal Pradesh,Narsingh Yadav,Nitesh Sedai,Akhilesh Sahani,1,0,,,,,,,,,
1280234,2021/22,2021-11-05,"ACA Stadium,Mangalagiri",2,0.4,Manipur,Arunachal Pradesh,Nitesh Sedai,Narsingh Yadav,Akhilesh Sahani,1,0,,,,,,,,,
1280234,2021/22,2021-11-05,"ACA Stadium,Mangalagiri",2,0.5,Manipur,Arunachal Pradesh,Narsingh Yadav,Nitesh Sedai,Akhilesh Sahani,1,0,,,,,,,,,
1280234,2021/22,2021-11-05,"ACA Stadium,Mangalagiri",2,0.6,Manipur,Arunachal Pradesh,Nitesh Sedai,Narsingh Yadav,Akhilesh Sahani,0,0,,,,,,,,,
1280234,2021/22,2021-11-05,"ACA Stadium,Mangalagiri",2,0.7,Manipur,Arunachal Pradesh,Nitesh Sedai,Narsingh Yadav,Akhilesh Sahani,4,0,,,,,,,,,
1280234,2021/22,2021-11-05,"ACA Stadium,Mangalagiri",2,1.1,Manipur,Arunachal Pradesh,Narsingh Yadav,Nitesh Sedai,Manvan Patel,1,0,,,,,,,,,
1280234,2021/22,2021-11-05,"ACA Stadium,Mangalagiri",2,1.2,Manipur,Arunachal Pradesh,Nitesh Sedai,Narsingh Yadav,Manvan Patel,0,0,,,,,,,,,
1280234,2021/22,2021-11-05,"ACA Stadium,Mangalagiri",2,1.3,Manipur,Arunachal Pradesh,Nitesh Sedai,Narsingh Yadav,Manvan Patel,0,0,,,,,,,,,
1280234,2021/22,2021-11-05,"ACA Stadium,Mangalagiri",2,1.4,Manipur,Arunachal Pradesh,Nitesh Sedai,Narsingh Yadav,Manvan Patel,0,0,,,,,,,,,
1280234,2021/22,2021-11-05,"ACA Stadium,Mangalagiri",2,1.5,Manipur,Arunachal Pradesh,Nitesh Sedai,Narsingh Yadav,Manvan Patel,0,0,,,,,,,,,
1280234,2021/22,2021-11-05,"ACA Stadium,Mangalagiri",2,1.6,Manipur,Arunachal Pradesh,Nitesh Sedai,Narsingh Yadav,Manvan Patel,0,0,,,,,,,,,
1280234,2021/22,2021-11-05,"ACA Stadium,Mangalagiri",2,2.1,Manipur,Arunachal Pradesh,Narsingh Yadav,Nitesh Sedai,Akhilesh Sahani,0,0,,,,,,,,,
1280234,2021/22,2021-11-05,"ACA Stadium,Mangalagiri",2,2.2,Manipur,Arunachal Pradesh,Narsingh Yadav,Nitesh Sedai,Akhilesh Sahani,2,0,,,,,,,,,
1280234,2021/22,2021-11-05,"ACA Stadium,Mangalagiri",2,2.3,Manipur,Arunachal Pradesh,Narsingh Yadav,Nitesh Sedai,Akhilesh Sahani,0,0,,,,,,,,,
1280234,2021/22,2021-11-05,"ACA Stadium,Mangalagiri",2,2.4,Manipur,Arunachal Pradesh,Narsingh Yadav,Nitesh Sedai,Akhilesh Sahani,0,0,,,,,,,,,
1280234,2021/22,2021-11-05,"ACA Stadium,Mangalagiri",2,2.5,Manipur,Arunachal Pradesh,Narsingh Yadav,Nitesh Sedai,Akhilesh Sahani,0,0,,,,,,,,,
1280234,2021/22,2021-11-05,"ACA Stadium,Mangalagiri",2,2.6,Manipur,Arunachal Pradesh,Narsingh Yadav,Nitesh Sedai,Akhilesh Sahani,4,0,,,,,,,,,
1280234,2021/22,2021-11-05,"ACA Stadium,Mangalagiri",2,3.1,Manipur,Arunachal Pradesh,Nitesh Sedai,Narsingh Yadav,Manvan Patel,4,0,,,,,,,,,
1280234,2021/22,2021-11-05,"ACA Stadium,Mangalagiri",2,3.2,Manipur,Arunachal Pradesh,Nitesh Sedai,Narsingh Yadav,Manvan Patel,2,0,,,,,,,,,
1280234,2021/22,2021-11-05,"ACA Stadium,Mangalagiri",2,3.3,Manipur,Arunachal Pradesh,Nitesh Sedai,Narsingh Yadav,Manvan Patel,0,0,,,,,,,,,
1280234,2021/22,2021-11-05,"ACA Stadium,Mangalagiri",2,3.4,Manipur,Arunachal Pradesh,Nitesh Sedai,Narsingh Yadav,Manvan Patel,0,0,,,,,,,,,
1280234,2021/22,2021-11-05,"ACA Stadium,Mangalagiri",2,3.5,Manipur,Arunachal Pradesh,Nitesh Sedai,Narsingh Yadav,Manvan Patel,0,0,,,,,,,,,
1280234,2021/22,2021-11-05,"ACA Stadium,Mangalagiri",2,3.6,Manipur,Arunachal Pradesh,Nitesh Sedai,Narsingh Yadav,Manvan Patel,2,0,,,,,,,,,
1280234,2021/22,2021-11-05,"ACA Stadium,Mangalagiri",2,4.1,Manipur,Arunachal Pradesh,Narsingh Yadav,Nitesh Sedai,RB Bishnoi Jr,1,0,,,,,,,,,
1280234,2021/22,2021-11-05,"ACA Stadium,Mangalagiri",2,4.2,Manipur,Arunachal Pradesh,Nitesh Sedai,Narsingh Yadav,RB Bishnoi Jr,0,0,,,,,,,,,
1280234,2021/22,2021-11-05,"ACA Stadium,Mangalagiri",2,4.3,Manipur,Arunachal Pradesh,Nitesh Sedai,Narsingh Yadav,RB Bishnoi Jr,2,0,,,,,,,,,
1280234,2021/22,2021-11-05,"ACA Stadium,Mangalagiri",2,4.4,Manipur,Arunachal Pradesh,Nitesh Sedai,Narsingh Yadav,RB Bishnoi Jr,4,0,,,,,,,,,
1280234,2021/22,2021-11-05,"ACA Stadium,Mangalagiri",2,4.5,Manipur,Arunachal Pradesh,Nitesh Sedai,Narsingh Yadav,RB Bishnoi Jr,2,0,,,,,,,,,
1280234,2021/22,2021-11-05,"ACA Stadium,Mangalagiri",2,4.6,Manipur,Arunachal Pradesh,Nitesh Sedai,Narsingh Yadav,RB Bishnoi Jr,0,0,,,,,,,,,
1280234,2021/22,2021-11-05,"ACA Stadium,Mangalagiri",2,5.1,Manipur,Arunachal Pradesh,Narsingh Yadav,Nitesh Sedai,Manvan Patel,0,0,,,,,,,,,
1280234,2021/22,2021-11-05,"ACA Stadium,Mangalagiri",2,5.2,Manipur,Arunachal Pradesh,Narsingh Yadav,Nitesh Sedai,Manvan Patel,1,0,,,,,,,,,
1280234,2021/22,2021-11-05,"ACA Stadium,Mangalagiri",2,5.3,Manipur,Arunachal Pradesh,Nitesh Sedai,Narsingh Yadav,Manvan Patel,1,0,,,,,,,,,
1280234,2021/22,2021-11-05,"ACA Stadium,Mangalagiri",2,5.4,Manipur,Arunachal Pradesh,Narsingh Yadav,Nitesh Sedai,Manvan Patel,1,0,,,,,,,,,
1280234,2021/22,2021-11-05,"ACA Stadium,Mangalagiri",2,5.5,Manipur,Arunachal Pradesh,Nitesh Sedai,Narsingh Yadav,Manvan Patel,1,0,,,,,,,,,
1280234,2021/22,2021-11-05,"ACA Stadium,Mangalagiri",2,5.6,Manipur,Arunachal Pradesh,Narsingh Yadav,Nitesh Sedai,Manvan Patel,1,0,,,,,,,,,
1280234,2021/22,2021-11-05,"ACA Stadium,Mangalagiri",2,6.1,Manipur,Arunachal Pradesh,Narsingh Yadav,Nitesh Sedai,Techi Neri,2,0,,,,,,,,,
1280234,2021/22,2021-11-05,"ACA Stadium,Mangalagiri",2,6.2,Manipur,Arunachal Pradesh,Narsingh Yadav,Nitesh Sedai,Techi Neri,1,0,,,,,,,,,
1280234,2021/22,2021-11-05,"ACA Stadium,Mangalagiri",2,6.3,Manipur,Arunachal Pradesh,Nitesh Sedai,Narsingh Yadav,Techi Neri,1,0,,,,,,,,,
1280234,2021/22,2021-11-05,"ACA Stadium,Mangalagiri",2,6.4,Manipur,Arunachal Pradesh,Narsingh Yadav,Nitesh Sedai,Techi Neri,0,0,,,,,,,,,
1280234,2021/22,2021-11-05,"ACA Stadium,Mangalagiri",2,6.5,Manipur,Arunachal Pradesh,Narsingh Yadav,Nitesh Sedai,Techi Neri,4,0,,,,,,,,,
1280234,2021/22,2021-11-05,"ACA Stadium,Mangalagiri",2,6.6,Manipur,Arunachal Pradesh,Narsingh Yadav,Nitesh Sedai,Techi Neri,0,0,,,,,,,,,
1280234,2021/22,2021-11-05,"ACA Stadium,Mangalagiri",2,7.1,Manipur,Arunachal Pradesh,Nitesh Sedai,Narsingh Yadav,RB Bishnoi Jr,1,0,,,,,,,,,
1280234,2021/22,2021-11-05,"ACA Stadium,Mangalagiri",2,7.2,Manipur,Arunachal Pradesh,Narsingh Yadav,Nitesh Sedai,RB Bishnoi Jr,1,0,,,,,,,,,
1280234,2021/22,2021-11-05,"ACA Stadium,Mangalagiri",2,7.3,Manipur,Arunachal Pradesh,Nitesh Sedai,Narsingh Yadav,RB Bishnoi Jr,1,0,,,,,,,,,
1280234,2021/22,2021-11-05,"ACA Stadium,Mangalagiri",2,7.4,Manipur,Arunachal Pradesh,Narsingh Yadav,Nitesh Sedai,RB Bishnoi Jr,0,0,,,,,,,,,
1280234,2021/22,2021-11-05,"ACA Stadium,Mangalagiri",2,7.5,Manipur,Arunachal Pradesh,Narsingh Yadav,Nitesh Sedai,RB Bishnoi Jr,2,0,,,,,,,,,
1280234,2021/22,2021-11-05,"ACA Stadium,Mangalagiri",2,7.6,Manipur,Arunachal Pradesh,Narsingh Yadav,Nitesh Sedai,RB Bishnoi Jr,0,0,,,,,,,,,
1280234,2021/22,2021-11-05,"ACA Stadium,Mangalagiri",2,8.1,Manipur,Arunachal Pradesh,Nitesh Sedai,Narsingh Yadav,Techi Neri,0,0,,,,,,,,,
1280234,2021/22,2021-11-05,"ACA Stadium,Mangalagiri",2,8.2,Manipur,Arunachal Pradesh,Nitesh Sedai,Narsingh Yadav,Techi Neri,1,0,,,,,,,,,
1280234,2021/22,2021-11-05,"ACA Stadium,Mangalagiri",2,8.3,Manipur,Arunachal Pradesh,Narsingh Yadav,Nitesh Sedai,Techi Neri,2,0,,,,,,,,,
1280234,2021/22,2021-11-05,"ACA Stadium,Mangalagiri",2,8.4,Manipur,Arunachal Pradesh,Narsingh Yadav,Nitesh Sedai,Techi Neri,1,0,,,,,,,,,
1280234,2021/22,2021-11-05,"ACA Stadium,Mangalagiri",2,8.5,Manipur,Arunachal Pradesh,Nitesh Sedai,Narsingh Yadav,Techi Neri,1,0,,,,,,,,,
1280234,2021/22,2021-11-05,"ACA Stadium,Mangalagiri",2,8.6,Manipur,Arunachal Pradesh,Narsingh Yadav,Nitesh Sedai,Techi Neri,0,0,,,,,,,,,
1280234,2021/22,2021-11-05,"ACA Stadium,Mangalagiri",2,9.1,Manipur,Arunachal Pradesh,Nitesh Sedai,Narsingh Yadav,RB Bishnoi Jr,1,0,,,,,,,,,
1280234,2021/22,2021-11-05,"ACA Stadium,Mangalagiri",2,9.2,Manipur,Arunachal Pradesh,Narsingh Yadav,Nitesh Sedai,RB Bishnoi Jr,4,0,,,,,,,,,
1280234,2021/22,2021-11-05,"ACA Stadium,Mangalagiri",2,9.3,Manipur,Arunachal Pradesh,Narsingh Yadav,Nitesh Sedai,RB Bishnoi Jr,0,0,,,,,,,,,
1280234,2021/22,2021-11-05,"ACA Stadium,Mangalagiri",2,9.4,Manipur,Arunachal Pradesh,Narsingh Yadav,Nitesh Sedai,RB Bishnoi Jr,1,0,,,,,,,,,
1280234,2021/22,2021-11-05,"ACA Stadium,Mangalagiri",2,9.5,Manipur,Arunachal Pradesh,Nitesh Sedai,Narsingh Yadav,RB Bishnoi Jr,1,0,,,,,,,,,
1280234,2021/22,2021-11-05,"ACA Stadium,Mangalagiri",2,9.6,Manipur,Arunachal Pradesh,Narsingh Yadav,Nitesh Sedai,RB Bishnoi Jr,1,0,,,,,,,,,
1280234,2021/22,2021-11-05,"ACA Stadium,Mangalagiri",2,10.1,Manipur,Arunachal Pradesh,Narsingh Yadav,Nitesh Sedai,Techi Neri,0,1,,,,1,,,,,
1280234,2021/22,2021-11-05,"ACA Stadium,Mangalagiri",2,10.2,Manipur,Arunachal Pradesh,Nitesh Sedai,Narsingh Yadav,Techi Neri,1,0,,,,,,,,,
1280234,2021/22,2021-11-05,"ACA Stadium,Mangalagiri",2,10.3,Manipur,Arunachal Pradesh,Narsingh Yadav,Nitesh Sedai,Techi Neri,2,0,,,,,,,,,
1280234,2021/22,2021-11-05,"ACA Stadium,Mangalagiri",2,10.4,Manipur,Arunachal Pradesh,Narsingh Yadav,Nitesh Sedai,Techi Neri,1,0,,,,,,,,,
1280234,2021/22,2021-11-05,"ACA Stadium,Mangalagiri",2,10.5,Manipur,Arunachal Pradesh,Nitesh Sedai,Narsingh Yadav,Techi Neri,0,0,,,,,,,,,
1280234,2021/22,2021-11-05,"ACA Stadium,Mangalagiri",2,10.6,Manipur,Arunachal Pradesh,Nitesh Sedai,Narsingh Yadav,Techi Neri,1,0,,,,,,,,,
1280234,2021/22,2021-11-05,"ACA Stadium,Mangalagiri",2,11.1,Manipur,Arunachal Pradesh,Nitesh Sedai,Narsingh Yadav,Myendung Singpho,1,0,,,,,,,,,
1280234,2021/22,2021-11-05,"ACA Stadium,Mangalagiri",2,11.2,Manipur,Arunachal Pradesh,Narsingh Yadav,Nitesh Sedai,Myendung Singpho,0,0,,,,,,,,,
1280234,2021/22,2021-11-05,"ACA Stadium,Mangalagiri",2,11.3,Manipur,Arunachal Pradesh,Narsingh Yadav,Nitesh Sedai,Myendung Singpho,6,0,,,,,,,,,
1280234,2021/22,2021-11-05,"ACA Stadium,Mangalagiri",2,11.4,Manipur,Arunachal Pradesh,Narsingh Yadav,Nitesh Sedai,Myendung Singpho,1,0,,,,,,,,,
1280234,2021/22,2021-11-05,"ACA Stadium,Mangalagiri",2,11.5,Manipur,Arunachal Pradesh,Nitesh Sedai,Narsingh Yadav,Myendung Singpho,1,0,,,,,,,,,
1280234,2021/22,2021-11-05,"ACA Stadium,Mangalagiri",2,11.6,Manipur,Arunachal Pradesh,Narsingh Yadav,Nitesh Sedai,Myendung Singpho,0,0,,,,,,,,,
1280234,2021/22,2021-11-05,"ACA Stadium,Mangalagiri",2,12.1,Manipur,Arunachal Pradesh,Nitesh Sedai,Narsingh Yadav,Techi Doria,2,0,,,,,,,,,
1280234,2021/22,2021-11-05,"ACA Stadium,Mangalagiri",2,12.2,Manipur,Arunachal Pradesh,Nitesh Sedai,Narsingh Yadav,Techi Doria,1,0,,,,,,,,,
1280234,2021/22,2021-11-05,"ACA Stadium,Mangalagiri",2,12.3,Manipur,Arunachal Pradesh,Narsingh Yadav,Nitesh Sedai,Techi Doria,6,0,,,,,,,,,
1280234,2021/22,2021-11-05,"ACA Stadium,Mangalagiri",2,12.4,Manipur,Arunachal Pradesh,Narsingh Yadav,Nitesh Sedai,Techi Doria,1,0,,,,,,,,,
1280234,2021/22,2021-11-05,"ACA Stadium,Mangalagiri",2,12.5,Manipur,Arunachal Pradesh,Nitesh Sedai,Narsingh Yadav,Techi Doria,1,0,,,,,,,,,
1280234,2021/22,2021-11-05,"ACA Stadium,Mangalagiri",2,12.6,Manipur,Arunachal Pradesh,Narsingh Yadav,Nitesh Sedai,Techi Doria,0,1,,1,,,,,,,
1280234,2021/22,2021-11-05,"ACA Stadium,Mangalagiri",2,12.7,Manipur,Arunachal Pradesh,Narsingh Yadav,Nitesh Sedai,Techi Doria,1,0,,,,,,,,,
1280234,2021/22,2021-11-05,"ACA Stadium,Mangalagiri",2,13.1,Manipur,Arunachal Pradesh,Narsingh Yadav,Nitesh Sedai,Myendung Singpho,0,0,,,,,,caught,Narsingh Yadav,,
1280234,2021/22,2021-11-05,"ACA Stadium,Mangalagiri",2,13.2,Manipur,Arunachal Pradesh,Nitesh Sedai,Kangabam Singh,Myendung Singpho,1,0,,,,,,,,,
1280234,2021/22,2021-11-05,"ACA Stadium,Mangalagiri",2,13.3,Manipur,Arunachal Pradesh,Kangabam Singh,Nitesh Sedai,Myendung Singpho,0,0,,,,,,,,,
1280234,2021/22,2021-11-05,"ACA Stadium,Mangalagiri",2,13.4,Manipur,Arunachal Pradesh,Kangabam Singh,Nitesh Sedai,Myendung Singpho,1,0,,,,,,,,,
1280234,2021/22,2021-11-05,"ACA Stadium,Mangalagiri",2,13.5,Manipur,Arunachal Pradesh,Nitesh Sedai,Kangabam Singh,Myendung Singpho,2,0,,,,,,,,,
1280234,2021/22,2021-11-05,"ACA Stadium,Mangalagiri",2,13.6,Manipur,Arunachal Pradesh,Nitesh Sedai,Kangabam Singh,Myendung Singpho,1,0,,,,,,,,,
1280234,2021/22,2021-11-05,"ACA Stadium,Mangalagiri",2,14.1,Manipur,Arunachal Pradesh,Nitesh Sedai,Kangabam Singh,Techi Doria,1,1,,1,,,,,,,
1280234,2021/22,2021-11-05,"ACA Stadium,Mangalagiri",2,14.2,Manipur,Arunachal Pradesh,Kangabam Singh,Nitesh Sedai,Techi Doria,0,1,1,,,,,,,,
1280234,2021/22,2021-11-05,"ACA Stadium,Mangalagiri",2,14.3,Manipur,Arunachal Pradesh,Kangabam Singh,Nitesh Sedai,Techi Doria,1,0,,,,,,,,,
1280234,2021/22,2021-11-05,"ACA Stadium,Mangalagiri",2,14.4,Manipur,Arunachal Pradesh,Nitesh Sedai,Kangabam Singh,Techi Doria,1,0,,,,,,,,,
1280234,2021/22,2021-11-05,"ACA Stadium,Mangalagiri",2,14.5,Manipur,Arunachal Pradesh,Kangabam Singh,Nitesh Sedai,Techi Doria,0,0,,,,,,,,,
1280234,2021/22,2021-11-05,"ACA Stadium,Mangalagiri",2,14.6,Manipur,Arunachal Pradesh,Kangabam Singh,Nitesh Sedai,Techi Doria,1,0,,,,,,,,,
1280234,2021/22,2021-11-05,"ACA Stadium,Mangalagiri",2,14.7,Manipur,Arunachal Pradesh,Nitesh Sedai,Kangabam Singh,Techi Doria,1,0,,,,,,,,,
1280234,2021/22,2021-11-05,"ACA Stadium,Mangalagiri",2,14.8,Manipur,Arunachal Pradesh,Kangabam Singh,Nitesh Sedai,Techi Doria,0,0,,,,,,,,,
1280234,2021/22,2021-11-05,"ACA Stadium,Mangalagiri",2,15.1,Manipur,Arunachal Pradesh,Nitesh Sedai,Kangabam Singh,Myendung Singpho,0,0,,,,,,,,,
1280234,2021/22,2021-11-05,"ACA Stadium,Mangalagiri",2,15.2,Manipur,Arunachal Pradesh,Nitesh Sedai,Kangabam Singh,Myendung Singpho,0,1,1,,,,,,,,
1280234,2021/22,2021-11-05,"ACA Stadium,Mangalagiri",2,15.3,Manipur,Arunachal Pradesh,Nitesh Sedai,Kangabam Singh,Myendung Singpho,1,0,,,,,,,,,
1280234,2021/22,2021-11-05,"ACA Stadium,Mangalagiri",2,15.4,Manipur,Arunachal Pradesh,Kangabam Singh,Nitesh Sedai,Myendung Singpho,2,0,,,,,,,,,
1280234,2021/22,2021-11-05,"ACA Stadium,Mangalagiri",2,15.5,Manipur,Arunachal Pradesh,Kangabam Singh,Nitesh Sedai,Myendung Singpho,0,0,,,,,,caught,Kangabam Singh,,
1280234,2021/22,2021-11-05,"ACA Stadium,Mangalagiri",2,15.6,Manipur,Arunachal Pradesh,Jayanta Sagatpam,Nitesh Sedai,Myendung Singpho,0,0,,,,,,,,,
1280234,2021/22,2021-11-05,"ACA Stadium,Mangalagiri",2,15.7,Manipur,Arunachal Pradesh,Jayanta Sagatpam,Nitesh Sedai,Myendung Singpho,0,0,,,,,,stumped,Jayanta Sagatpam,,
1280234,2021/22,2021-11-05,"ACA Stadium,Mangalagiri",2,16.1,Manipur,Arunachal Pradesh,Nitesh Sedai,Al Bashid Muhammed,RB Bishnoi Jr,2,0,,,,,,,,,
1280234,2021/22,2021-11-05,"ACA Stadium,Mangalagiri",2,16.2,Manipur,Arunachal Pradesh,Nitesh Sedai,Al Bashid Muhammed,RB Bishnoi Jr,1,0,,,,,,,,,
1280234,2021/22,2021-11-05,"ACA Stadium,Mangalagiri",2,16.3,Manipur,Arunachal Pradesh,Al Bashid Muhammed,Nitesh Sedai,RB Bishnoi Jr,0,0,,,,,,,,,
1280234,2021/22,2021-11-05,"ACA Stadium,Mangalagiri",2,16.4,Manipur,Arunachal Pradesh,Al Bashid Muhammed,Nitesh Sedai,RB Bishnoi Jr,1,0,,,,,,,,,
1280234,2021/22,2021-11-05,"ACA Stadium,Mangalagiri",2,16.5,Manipur,Arunachal Pradesh,Nitesh Sedai,Al Bashid Muhammed,RB Bishnoi Jr,0,0,,,,,,run out,Nitesh Sedai,,
1280234,2021/22,2021-11-05,"ACA Stadium,Mangalagiri",2,16.6,Manipur,Arunachal Pradesh,Rex Rajkumar,Al Bashid Muhammed,RB Bishnoi Jr,2,0,,,,,,,,,
1280234,2021/22,2021-11-05,"ACA Stadium,Mangalagiri",2,17.1,Manipur,Arunachal Pradesh,Al Bashid Muhammed,Rex Rajkumar,Myendung Singpho,0,0,,,,,,,,,
1280234,2021/22,2021-11-05,"ACA Stadium,Mangalagiri",2,17.2,Manipur,Arunachal Pradesh,Al Bashid Muhammed,Rex Rajkumar,Myendung Singpho,2,0,,,,,,,,,
1280234,2021/22,2021-11-05,"ACA Stadium,Mangalagiri",2,17.3,Manipur,Arunachal Pradesh,Al Bashid Muhammed,Rex Rajkumar,Myendung Singpho,2,0,,,,,,,,,
1280234,2021/22,2021-11-05,"ACA Stadium,Mangalagiri",2,17.4,Manipur,Arunachal Pradesh,Al Bashid Muhammed,Rex Rajkumar,Myendung Singpho,4,0,,,,,,,,,
1280234,2021/22,2021-11-05,"ACA Stadium,Mangalagiri",2,17.5,Manipur,Arunachal Pradesh,Al Bashid Muhammed,Rex Rajkumar,Myendung Singpho,4,0,,,,,,,,,
1280234,2021/22,2021-11-05,"ACA Stadium,Mangalagiri",2,17.6,Manipur,Arunachal Pradesh,Al Bashid Muhammed,Rex Rajkumar,Myendung Singpho,6,0,,,,,,,,,
