match_id,season,start_date,venue,innings,ball,batting_team,bowling_team,striker,non_striker,bowler,runs_off_bat,extras,wides,noballs,byes,legbyes,penalty,wicket_type,player_dismissed,other_wicket_type,other_player_dismissed
1280224,2021/22,2021-11-05,Reliance Cricket Stadium,1,0.1,Himachal,Jharkhand,Abhimanyu Rana,P Chopra,Vivekanand Tiwari,4,0,,,,,,,,,
1280224,2021/22,2021-11-05,Reliance Cricket Stadium,1,0.2,Himachal,Jharkhand,Abhimanyu Rana,P Chopra,Vivekanand Tiwari,1,0,,,,,,,,,
1280224,2021/22,2021-11-05,Reliance Cricket Stadium,1,0.3,Himachal,Jharkhand,P Chopra,Abhimanyu Rana,Vivekanand Tiwari,4,0,,,,,,,,,
1280224,2021/22,2021-11-05,Reliance Cricket Stadium,1,0.4,Himachal,Jharkhand,P Chopra,Abhimanyu Rana,Vivekanand Tiwari,2,0,,,,,,,,,
1280224,2021/22,2021-11-05,Reliance Cricket Stadium,1,0.5,Himachal,Jharkhand,P Chopra,Abhimanyu Rana,Vivekanand Tiwari,0,0,,,,,,,,,
1280224,2021/22,2021-11-05,Reliance Cricket Stadium,1,0.6,Himachal,Jharkhand,P Chopra,Abhimanyu Rana,Vivekanand Tiwari,0,0,,,,,,,,,
1280224,2021/22,2021-11-05,Reliance Cricket Stadium,1,1.1,Himachal,Jharkhand,Abhimanyu Rana,P Chopra,S Nadeem,0,0,,,,,,,,,
1280224,2021/22,2021-11-05,Reliance Cricket Stadium,1,1.2,Himachal,Jharkhand,Abhimanyu Rana,P Chopra,S Nadeem,1,0,,,,,,,,,
1280224,2021/22,2021-11-05,Reliance Cricket Stadium,1,1.3,Himachal,Jharkhand,P Chopra,Abhimanyu Rana,S Nadeem,1,0,,,,,,,,,
1280224,2021/22,2021-11-05,Reliance Cricket Stadium,1,1.4,Himachal,Jharkhand,Abhimanyu Rana,P Chopra,S Nadeem,4,0,,,,,,,,,
1280224,2021/22,2021-11-05,Reliance Cricket Stadium,1,1.5,Himachal,Jharkhand,Abhimanyu Rana,P Chopra,S Nadeem,0,0,,,,,,,,,
1280224,2021/22,2021-11-05,Reliance Cricket Stadium,1,1.6,Himachal,Jharkhand,Abhimanyu Rana,P Chopra,S Nadeem,4,0,,,,,,,,,
1280224,2021/22,2021-11-05,Reliance Cricket Stadium,1,2.1,Himachal,Jharkhand,P Chopra,Abhimanyu Rana,R Shukla,0,0,,,,,,,,,
1280224,2021/22,2021-11-05,Reliance Cricket Stadium,1,2.2,Himachal,Jharkhand,P Chopra,Abhimanyu Rana,R Shukla,1,0,,,,,,,,,
1280224,2021/22,2021-11-05,Reliance Cricket Stadium,1,2.3,Himachal,Jharkhand,Abhimanyu Rana,P Chopra,R Shukla,1,0,,,,,,,,,
1280224,2021/22,2021-11-05,Reliance Cricket Stadium,1,2.4,Himachal,Jharkhand,P Chopra,Abhimanyu Rana,R Shukla,0,0,,,,,,,,,
1280224,2021/22,2021-11-05,Reliance Cricket Stadium,1,2.5,Himachal,Jharkhand,P Chopra,Abhimanyu Rana,R Shukla,4,0,,,,,,,,,
1280224,2021/22,2021-11-05,Reliance Cricket Stadium,1,2.6,Himachal,Jharkhand,P Chopra,Abhimanyu Rana,R Shukla,1,0,,,,,,,,,
1280224,2021/22,2021-11-05,Reliance Cricket Stadium,1,3.1,Himachal,Jharkhand,P Chopra,Abhimanyu Rana,Monu Kumar,1,0,,,,,,,,,
1280224,2021/22,2021-11-05,Reliance Cricket Stadium,1,3.2,Himachal,Jharkhand,Abhimanyu Rana,P Chopra,Monu Kumar,0,0,,,,,,,,,
1280224,2021/22,2021-11-05,Reliance Cricket Stadium,1,3.3,Himachal,Jharkhand,Abhimanyu Rana,P Chopra,Monu Kumar,1,0,,,,,,,,,
1280224,2021/22,2021-11-05,Reliance Cricket Stadium,1,3.4,Himachal,Jharkhand,P Chopra,Abhimanyu Rana,Monu Kumar,1,0,,,,,,,,,
1280224,2021/22,2021-11-05,Reliance Cricket Stadium,1,3.5,Himachal,Jharkhand,Abhimanyu Rana,P Chopra,Monu Kumar,4,0,,,,,,,,,
1280224,2021/22,2021-11-05,Reliance Cricket Stadium,1,3.6,Himachal,Jharkhand,Abhimanyu Rana,P Chopra,Monu Kumar,4,0,,,,,,,,,
1280224,2021/22,2021-11-05,Reliance Cricket Stadium,1,4.1,Himachal,Jharkhand,P Chopra,Abhimanyu Rana,R Shukla,1,0,,,,,,,,,
1280224,2021/22,2021-11-05,Reliance Cricket Stadium,1,4.2,Himachal,Jharkhand,Abhimanyu Rana,P Chopra,R Shukla,1,0,,,,,,,,,
1280224,2021/22,2021-11-05,Reliance Cricket Stadium,1,4.3,Himachal,Jharkhand,P Chopra,Abhimanyu Rana,R Shukla,0,0,,,,,,,,,
1280224,2021/22,2021-11-05,Reliance Cricket Stadium,1,4.4,Himachal,Jharkhand,P Chopra,Abhimanyu Rana,R Shukla,1,0,,,,,,,,,
1280224,2021/22,2021-11-05,Reliance Cricket Stadium,1,4.5,Himachal,Jharkhand,Abhimanyu Rana,P Chopra,R Shukla,1,0,,,,,,,,,
1280224,2021/22,2021-11-05,Reliance Cricket Stadium,1,4.6,Himachal,Jharkhand,P Chopra,Abhimanyu Rana,R Shukla,0,0,,,,,,,,,
1280224,2021/22,2021-11-05,Reliance Cricket Stadium,1,5.1,Himachal,Jharkhand,Abhimanyu Rana,P Chopra,Monu Kumar,0,0,,,,,,caught,Abhimanyu Rana,,
1280224,2021/22,2021-11-05,Reliance Cricket Stadium,1,5.2,Himachal,Jharkhand,Shubham Arora,P Chopra,Monu Kumar,0,0,,,,,,,,,
1280224,2021/22,2021-11-05,Reliance Cricket Stadium,1,5.3,Himachal,Jharkhand,Shubham Arora,P Chopra,Monu Kumar,0,0,,,,,,,,,
1280224,2021/22,2021-11-05,Reliance Cricket Stadium,1,5.4,Himachal,Jharkhand,Shubham Arora,P Chopra,Monu Kumar,1,0,,,,,,,,,
1280224,2021/22,2021-11-05,Reliance Cricket Stadium,1,5.5,Himachal,Jharkhand,P Chopra,Shubham Arora,Monu Kumar,0,0,,,,,,,,,
1280224,2021/22,2021-11-05,Reliance Cricket Stadium,1,5.6,Himachal,Jharkhand,P Chopra,Shubham Arora,Monu Kumar,0,0,,,,,,caught,P Chopra,,
1280224,2021/22,2021-11-05,Reliance Cricket Stadium,1,6.1,Himachal,Jharkhand,Shubham Arora,Nikhil Gangta,S Nadeem,0,0,,,,,,,,,
1280224,2021/22,2021-11-05,Reliance Cricket Stadium,1,6.2,Himachal,Jharkhand,Shubham Arora,Nikhil Gangta,S Nadeem,4,0,,,,,,,,,
1280224,2021/22,2021-11-05,Reliance Cricket Stadium,1,6.3,Himachal,Jharkhand,Shubham Arora,Nikhil Gangta,S Nadeem,0,0,,,,,,,,,
1280224,2021/22,2021-11-05,Reliance Cricket Stadium,1,6.4,Himachal,Jharkhand,Shubham Arora,Nikhil Gangta,S Nadeem,0,0,,,,,,,,,
1280224,2021/22,2021-11-05,Reliance Cricket Stadium,1,6.5,Himachal,Jharkhand,Shubham Arora,Nikhil Gangta,S Nadeem,0,0,,,,,,,,,
1280224,2021/22,2021-11-05,Reliance Cricket Stadium,1,6.6,Himachal,Jharkhand,Shubham Arora,Nikhil Gangta,S Nadeem,1,0,,,,,,,,,
1280224,2021/22,2021-11-05,Reliance Cricket Stadium,1,7.1,Himachal,Jharkhand,Shubham Arora,Nikhil Gangta,Anand Singh,1,0,,,,,,,,,
1280224,2021/22,2021-11-05,Reliance Cricket Stadium,1,7.2,Himachal,Jharkhand,Nikhil Gangta,Shubham Arora,Anand Singh,4,0,,,,,,,,,
1280224,2021/22,2021-11-05,Reliance Cricket Stadium,1,7.3,Himachal,Jharkhand,Nikhil Gangta,Shubham Arora,Anand Singh,0,0,,,,,,,,,
1280224,2021/22,2021-11-05,Reliance Cricket Stadium,1,7.4,Himachal,Jharkhand,Nikhil Gangta,Shubham Arora,Anand Singh,4,0,,,,,,,,,
1280224,2021/22,2021-11-05,Reliance Cricket Stadium,1,7.5,Himachal,Jharkhand,Nikhil Gangta,Shubham Arora,Anand Singh,1,0,,,,,,,,,
1280224,2021/22,2021-11-05,Reliance Cricket Stadium,1,7.6,Himachal,Jharkhand,Shubham Arora,Nikhil Gangta,Anand Singh,1,0,,,,,,,,,
1280224,2021/22,2021-11-05,Reliance Cricket Stadium,1,8.1,Himachal,Jharkhand,Shubham Arora,Nikhil Gangta,AS Roy,0,0,,,,,,,,,
1280224,2021/22,2021-11-05,Reliance Cricket Stadium,1,8.2,Himachal,Jharkhand,Shubham Arora,Nikhil Gangta,AS Roy,1,0,,,,,,,,,
1280224,2021/22,2021-11-05,Reliance Cricket Stadium,1,8.3,Himachal,Jharkhand,Nikhil Gangta,Shubham Arora,AS Roy,0,0,,,,,,,,,
1280224,2021/22,2021-11-05,Reliance Cricket Stadium,1,8.4,Himachal,Jharkhand,Nikhil Gangta,Shubham Arora,AS Roy,0,0,,,,,,,,,
1280224,2021/22,2021-11-05,Reliance Cricket Stadium,1,8.5,Himachal,Jharkhand,Nikhil Gangta,Shubham Arora,AS Roy,2,0,,,,,,,,,
1280224,2021/22,2021-11-05,Reliance Cricket Stadium,1,8.6,Himachal,Jharkhand,Nikhil Gangta,Shubham Arora,AS Roy,0,0,,,,,,,,,
1280224,2021/22,2021-11-05,Reliance Cricket Stadium,1,9.1,Himachal,Jharkhand,Shubham Arora,Nikhil Gangta,S Nadeem,1,0,,,,,,,,,
1280224,2021/22,2021-11-05,Reliance Cricket Stadium,1,9.2,Himachal,Jharkhand,Nikhil Gangta,Shubham Arora,S Nadeem,1,0,,,,,,,,,
1280224,2021/22,2021-11-05,Reliance Cricket Stadium,1,9.3,Himachal,Jharkhand,Shubham Arora,Nikhil Gangta,S Nadeem,3,0,,,,,,,,,
1280224,2021/22,2021-11-05,Reliance Cricket Stadium,1,9.4,Himachal,Jharkhand,Nikhil Gangta,Shubham Arora,S Nadeem,1,0,,,,,,,,,
1280224,2021/22,2021-11-05,Reliance Cricket Stadium,1,9.5,Himachal,Jharkhand,Shubham Arora,Nikhil Gangta,S Nadeem,6,0,,,,,,,,,
1280224,2021/22,2021-11-05,Reliance Cricket Stadium,1,9.6,Himachal,Jharkhand,Shubham Arora,Nikhil Gangta,S Nadeem,0,0,,,,,,,,,
1280224,2021/22,2021-11-05,Reliance Cricket Stadium,1,10.1,Himachal,Jharkhand,Nikhil Gangta,Shubham Arora,AS Roy,1,0,,,,,,,,,
1280224,2021/22,2021-11-05,Reliance Cricket Stadium,1,10.2,Himachal,Jharkhand,Shubham Arora,Nikhil Gangta,AS Roy,2,0,,,,,,,,,
1280224,2021/22,2021-11-05,Reliance Cricket Stadium,1,10.3,Himachal,Jharkhand,Shubham Arora,Nikhil Gangta,AS Roy,4,0,,,,,,,,,
1280224,2021/22,2021-11-05,Reliance Cricket Stadium,1,10.4,Himachal,Jharkhand,Shubham Arora,Nikhil Gangta,AS Roy,1,0,,,,,,,,,
1280224,2021/22,2021-11-05,Reliance Cricket Stadium,1,10.5,Himachal,Jharkhand,Nikhil Gangta,Shubham Arora,AS Roy,1,0,,,,,,,,,
1280224,2021/22,2021-11-05,Reliance Cricket Stadium,1,10.6,Himachal,Jharkhand,Shubham Arora,Nikhil Gangta,AS Roy,0,0,,,,,,,,,
1280224,2021/22,2021-11-05,Reliance Cricket Stadium,1,11.1,Himachal,Jharkhand,Nikhil Gangta,Shubham Arora,Vivekanand Tiwari,1,0,,,,,,,,,
1280224,2021/22,2021-11-05,Reliance Cricket Stadium,1,11.2,Himachal,Jharkhand,Shubham Arora,Nikhil Gangta,Vivekanand Tiwari,0,0,,,,,,,,,
1280224,2021/22,2021-11-05,Reliance Cricket Stadium,1,11.3,Himachal,Jharkhand,Shubham Arora,Nikhil Gangta,Vivekanand Tiwari,0,0,,,,,,caught,Shubham Arora,,
1280224,2021/22,2021-11-05,Reliance Cricket Stadium,1,11.4,Himachal,Jharkhand,Nikhil Gangta,R Dhawan,Vivekanand Tiwari,6,0,,,,,,,,,
1280224,2021/22,2021-11-05,Reliance Cricket Stadium,1,11.5,Himachal,Jharkhand,Nikhil Gangta,R Dhawan,Vivekanand Tiwari,1,0,,,,,,,,,
1280224,2021/22,2021-11-05,Reliance Cricket Stadium,1,11.6,Himachal,Jharkhand,R Dhawan,Nikhil Gangta,Vivekanand Tiwari,4,0,,,,,,,,,
1280224,2021/22,2021-11-05,Reliance Cricket Stadium,1,12.1,Himachal,Jharkhand,Nikhil Gangta,R Dhawan,AS Roy,1,0,,,,,,,,,
1280224,2021/22,2021-11-05,Reliance Cricket Stadium,1,12.2,Himachal,Jharkhand,R Dhawan,Nikhil Gangta,AS Roy,1,0,,,,,,,,,
1280224,2021/22,2021-11-05,Reliance Cricket Stadium,1,12.3,Himachal,Jharkhand,Nikhil Gangta,R Dhawan,AS Roy,0,0,,,,,,,,,
1280224,2021/22,2021-11-05,Reliance Cricket Stadium,1,12.4,Himachal,Jharkhand,Nikhil Gangta,R Dhawan,AS Roy,1,0,,,,,,,,,
1280224,2021/22,2021-11-05,Reliance Cricket Stadium,1,12.5,Himachal,Jharkhand,R Dhawan,Nikhil Gangta,AS Roy,0,0,,,,,,stumped,R Dhawan,,
1280224,2021/22,2021-11-05,Reliance Cricket Stadium,1,12.6,Himachal,Jharkhand,Akash Vasisht,Nikhil Gangta,AS Roy,0,0,,,,,,,,,
1280224,2021/22,2021-11-05,Reliance Cricket Stadium,1,13.1,Himachal,Jharkhand,Nikhil Gangta,Akash Vasisht,S Nadeem,0,0,,,,,,,,,
1280224,2021/22,2021-11-05,Reliance Cricket Stadium,1,13.2,Himachal,Jharkhand,Nikhil Gangta,Akash Vasisht,S Nadeem,1,0,,,,,,,,,
1280224,2021/22,2021-11-05,Reliance Cricket Stadium,1,13.3,Himachal,Jharkhand,Akash Vasisht,Nikhil Gangta,S Nadeem,1,0,,,,,,,,,
1280224,2021/22,2021-11-05,Reliance Cricket Stadium,1,13.4,Himachal,Jharkhand,Nikhil Gangta,Akash Vasisht,S Nadeem,4,0,,,,,,,,,
1280224,2021/22,2021-11-05,Reliance Cricket Stadium,1,13.5,Himachal,Jharkhand,Nikhil Gangta,Akash Vasisht,S Nadeem,0,0,,,,,,,,,
1280224,2021/22,2021-11-05,Reliance Cricket Stadium,1,13.6,Himachal,Jharkhand,Nikhil Gangta,Akash Vasisht,S Nadeem,0,0,,,,,,,,,
1280224,2021/22,2021-11-05,Reliance Cricket Stadium,1,14.1,Himachal,Jharkhand,Akash Vasisht,Nikhil Gangta,AS Roy,0,1,,,,1,,,,,
1280224,2021/22,2021-11-05,Reliance Cricket Stadium,1,14.2,Himachal,Jharkhand,Nikhil Gangta,Akash Vasisht,AS Roy,1,0,,,,,,,,,
1280224,2021/22,2021-11-05,Reliance Cricket Stadium,1,14.3,Himachal,Jharkhand,Akash Vasisht,Nikhil Gangta,AS Roy,0,0,,,,,,caught,Akash Vasisht,,
1280224,2021/22,2021-11-05,Reliance Cricket Stadium,1,14.4,Himachal,Jharkhand,Nikhil Gangta,Digvijay Rangi,AS Roy,0,0,,,,,,,,,
1280224,2021/22,2021-11-05,Reliance Cricket Stadium,1,14.5,Himachal,Jharkhand,Nikhil Gangta,Digvijay Rangi,AS Roy,1,0,,,,,,,,,
1280224,2021/22,2021-11-05,Reliance Cricket Stadium,1,14.6,Himachal,Jharkhand,Digvijay Rangi,Nikhil Gangta,AS Roy,1,0,,,,,,,,,
1280224,2021/22,2021-11-05,Reliance Cricket Stadium,1,15.1,Himachal,Jharkhand,Digvijay Rangi,Nikhil Gangta,Anand Singh,0,0,,,,,,,,,
1280224,2021/22,2021-11-05,Reliance Cricket Stadium,1,15.2,Himachal,Jharkhand,Digvijay Rangi,Nikhil Gangta,Anand Singh,1,0,,,,,,,,,
1280224,2021/22,2021-11-05,Reliance Cricket Stadium,1,15.3,Himachal,Jharkhand,Nikhil Gangta,Digvijay Rangi,Anand Singh,0,0,,,,,,caught,Nikhil Gangta,,
1280224,2021/22,2021-11-05,Reliance Cricket Stadium,1,15.4,Himachal,Jharkhand,Mayank Dagar,Digvijay Rangi,Anand Singh,0,0,,,,,,,,,
1280224,2021/22,2021-11-05,Reliance Cricket Stadium,1,15.5,Himachal,Jharkhand,Mayank Dagar,Digvijay Rangi,Anand Singh,3,0,,,,,,,,,
1280224,2021/22,2021-11-05,Reliance Cricket Stadium,1,15.6,Himachal,Jharkhand,Digvijay Rangi,Mayank Dagar,Anand Singh,0,0,,,,,,,,,
1280224,2021/22,2021-11-05,Reliance Cricket Stadium,1,16.1,Himachal,Jharkhand,Mayank Dagar,Digvijay Rangi,R Shukla,0,0,,,,,,,,,
1280224,2021/22,2021-11-05,Reliance Cricket Stadium,1,16.2,Himachal,Jharkhand,Mayank Dagar,Digvijay Rangi,R Shukla,1,0,,,,,,,,,
1280224,2021/22,2021-11-05,Reliance Cricket Stadium,1,16.3,Himachal,Jharkhand,Digvijay Rangi,Mayank Dagar,R Shukla,0,0,,,,,,,,,
1280224,2021/22,2021-11-05,Reliance Cricket Stadium,1,16.4,Himachal,Jharkhand,Digvijay Rangi,Mayank Dagar,R Shukla,1,0,,,,,,,,,
1280224,2021/22,2021-11-05,Reliance Cricket Stadium,1,16.5,Himachal,Jharkhand,Mayank Dagar,Digvijay Rangi,R Shukla,1,0,,,,,,,,,
1280224,2021/22,2021-11-05,Reliance Cricket Stadium,1,16.6,Himachal,Jharkhand,Digvijay Rangi,Mayank Dagar,R Shukla,1,0,,,,,,,,,
1280224,2021/22,2021-11-05,Reliance Cricket Stadium,1,17.1,Himachal,Jharkhand,Digvijay Rangi,Mayank Dagar,Monu Kumar,1,0,,,,,,,,,
1280224,2021/22,2021-11-05,Reliance Cricket Stadium,1,17.2,Himachal,Jharkhand,Mayank Dagar,Digvijay Rangi,Monu Kumar,0,0,,,,,,caught,Mayank Dagar,,
1280224,2021/22,2021-11-05,Reliance Cricket Stadium,1,17.3,Himachal,Jharkhand,Digvijay Rangi,Pankaj Jaswal,Monu Kumar,4,0,,,,,,,,,
1280224,2021/22,2021-11-05,Reliance Cricket Stadium,1,17.4,Himachal,Jharkhand,Digvijay Rangi,Pankaj Jaswal,Monu Kumar,1,0,,,,,,,,,
1280224,2021/22,2021-11-05,Reliance Cricket Stadium,1,17.5,Himachal,Jharkhand,Pankaj Jaswal,Digvijay Rangi,Monu Kumar,4,0,,,,,,,,,
1280224,2021/22,2021-11-05,Reliance Cricket Stadium,1,17.6,Himachal,Jharkhand,Pankaj Jaswal,Digvijay Rangi,Monu Kumar,0,0,,,,,,,,,
1280224,2021/22,2021-11-05,Reliance Cricket Stadium,1,18.1,Himachal,Jharkhand,Digvijay Rangi,Pankaj Jaswal,R Shukla,4,0,,,,,,,,,
1280224,2021/22,2021-11-05,Reliance Cricket Stadium,1,18.2,Himachal,Jharkhand,Digvijay Rangi,Pankaj Jaswal,R Shukla,1,0,,,,,,,,,
1280224,2021/22,2021-11-05,Reliance Cricket Stadium,1,18.3,Himachal,Jharkhand,Pankaj Jaswal,Digvijay Rangi,R Shukla,2,0,,,,,,,,,
1280224,2021/22,2021-11-05,Reliance Cricket Stadium,1,18.4,Himachal,Jharkhand,Pankaj Jaswal,Digvijay Rangi,R Shukla,0,0,,,,,,caught,Pankaj Jaswal,,
1280224,2021/22,2021-11-05,Reliance Cricket Stadium,1,18.5,Himachal,Jharkhand,Digvijay Rangi,AS Bedi,R Shukla,1,0,,,,,,,,,
1280224,2021/22,2021-11-05,Reliance Cricket Stadium,1,18.6,Himachal,Jharkhand,AS Bedi,Digvijay Rangi,R Shukla,0,0,,,,,,,,,
1280224,2021/22,2021-11-05,Reliance Cricket Stadium,1,19.1,Himachal,Jharkhand,Digvijay Rangi,AS Bedi,Monu Kumar,0,0,,,,,,,,,
1280224,2021/22,2021-11-05,Reliance Cricket Stadium,1,19.2,Himachal,Jharkhand,Digvijay Rangi,AS Bedi,Monu Kumar,1,0,,,,,,,,,
1280224,2021/22,2021-11-05,Reliance Cricket Stadium,1,19.3,Himachal,Jharkhand,AS Bedi,Digvijay Rangi,Monu Kumar,6,0,,,,,,,,,
1280224,2021/22,2021-11-05,Reliance Cricket Stadium,1,19.4,Himachal,Jharkhand,AS Bedi,Digvijay Rangi,Monu Kumar,1,0,,,,,,,,,
1280224,2021/22,2021-11-05,Reliance Cricket Stadium,1,19.5,Himachal,Jharkhand,Digvijay Rangi,AS Bedi,Monu Kumar,0,0,,,,,,,,,
1280224,2021/22,2021-11-05,Reliance Cricket Stadium,1,19.6,Himachal,Jharkhand,Digvijay Rangi,AS Bedi,Monu Kumar,1,0,,,,,,,,,
1280224,2021/22,2021-11-05,Reliance Cricket Stadium,2,0.1,Jharkhand,Himachal,Anand Singh,Kumar Kushagra,VG Arora,1,0,,,,,,,,,
1280224,2021/22,2021-11-05,Reliance Cricket Stadium,2,0.2,Jharkhand,Himachal,Kumar Kushagra,Anand Singh,VG Arora,0,0,,,,,,bowled,Kumar Kushagra,,
1280224,2021/22,2021-11-05,Reliance Cricket Stadium,2,0.3,Jharkhand,Himachal,Virat Singh,Anand Singh,VG Arora,0,1,1,,,,,,,,
1280224,2021/22,2021-11-05,Reliance Cricket Stadium,2,0.4,Jharkhand,Himachal,Virat Singh,Anand Singh,VG Arora,0,0,,,,,,,,,
1280224,2021/22,2021-11-05,Reliance Cricket Stadium,2,0.5,Jharkhand,Himachal,Virat Singh,Anand Singh,VG Arora,1,0,,,,,,,,,
1280224,2021/22,2021-11-05,Reliance Cricket Stadium,2,0.6,Jharkhand,Himachal,Anand Singh,Virat Singh,VG Arora,0,0,,,,,,,,,
1280224,2021/22,2021-11-05,Reliance Cricket Stadium,2,0.7,Jharkhand,Himachal,Anand Singh,Virat Singh,VG Arora,0,0,,,,,,,,,
1280224,2021/22,2021-11-05,Reliance Cricket Stadium,2,1.1,Jharkhand,Himachal,Virat Singh,Anand Singh,R Dhawan,0,1,1,,,,,,,,
1280224,2021/22,2021-11-05,Reliance Cricket Stadium,2,1.2,Jharkhand,Himachal,Virat Singh,Anand Singh,R Dhawan,1,0,,,,,,,,,
1280224,2021/22,2021-11-05,Reliance Cricket Stadium,2,1.3,Jharkhand,Himachal,Anand Singh,Virat Singh,R Dhawan,1,0,,,,,,,,,
1280224,2021/22,2021-11-05,Reliance Cricket Stadium,2,1.4,Jharkhand,Himachal,Virat Singh,Anand Singh,R Dhawan,1,0,,,,,,,,,
1280224,2021/22,2021-11-05,Reliance Cricket Stadium,2,1.5,Jharkhand,Himachal,Anand Singh,Virat Singh,R Dhawan,0,0,,,,,,,,,
1280224,2021/22,2021-11-05,Reliance Cricket Stadium,2,1.6,Jharkhand,Himachal,Anand Singh,Virat Singh,R Dhawan,0,0,,,,,,,,,
1280224,2021/22,2021-11-05,Reliance Cricket Stadium,2,1.7,Jharkhand,Himachal,Anand Singh,Virat Singh,R Dhawan,0,0,,,,,,,,,
1280224,2021/22,2021-11-05,Reliance Cricket Stadium,2,2.1,Jharkhand,Himachal,Virat Singh,Anand Singh,VG Arora,0,0,,,,,,,,,
1280224,2021/22,2021-11-05,Reliance Cricket Stadium,2,2.2,Jharkhand,Himachal,Virat Singh,Anand Singh,VG Arora,0,0,,,,,,,,,
1280224,2021/22,2021-11-05,Reliance Cricket Stadium,2,2.3,Jharkhand,Himachal,Virat Singh,Anand Singh,VG Arora,1,0,,,,,,,,,
1280224,2021/22,2021-11-05,Reliance Cricket Stadium,2,2.4,Jharkhand,Himachal,Anand Singh,Virat Singh,VG Arora,1,0,,,,,,,,,
1280224,2021/22,2021-11-05,Reliance Cricket Stadium,2,2.5,Jharkhand,Himachal,Virat Singh,Anand Singh,VG Arora,4,0,,,,,,,,,
1280224,2021/22,2021-11-05,Reliance Cricket Stadium,2,2.6,Jharkhand,Himachal,Virat Singh,Anand Singh,VG Arora,0,0,,,,,,,,,
1280224,2021/22,2021-11-05,Reliance Cricket Stadium,2,3.1,Jharkhand,Himachal,Anand Singh,Virat Singh,R Dhawan,4,0,,,,,,,,,
1280224,2021/22,2021-11-05,Reliance Cricket Stadium,2,3.2,Jharkhand,Himachal,Anand Singh,Virat Singh,R Dhawan,0,0,,,,,,,,,
1280224,2021/22,2021-11-05,Reliance Cricket Stadium,2,3.3,Jharkhand,Himachal,Anand Singh,Virat Singh,R Dhawan,1,0,,,,,,,,,
1280224,2021/22,2021-11-05,Reliance Cricket Stadium,2,3.4,Jharkhand,Himachal,Virat Singh,Anand Singh,R Dhawan,0,0,,,,,,,,,
1280224,2021/22,2021-11-05,Reliance Cricket Stadium,2,3.5,Jharkhand,Himachal,Virat Singh,Anand Singh,R Dhawan,0,0,,,,,,,,,
1280224,2021/22,2021-11-05,Reliance Cricket Stadium,2,3.6,Jharkhand,Himachal,Virat Singh,Anand Singh,R Dhawan,4,0,,,,,,,,,
1280224,2021/22,2021-11-05,Reliance Cricket Stadium,2,4.1,Jharkhand,Himachal,Anand Singh,Virat Singh,VG Arora,1,0,,,,,,,,,
1280224,2021/22,2021-11-05,Reliance Cricket Stadium,2,4.2,Jharkhand,Himachal,Virat Singh,Anand Singh,VG Arora,0,0,,,,,,,,,
1280224,2021/22,2021-11-05,Reliance Cricket Stadium,2,4.3,Jharkhand,Himachal,Virat Singh,Anand Singh,VG Arora,0,0,,,,,,,,,
1280224,2021/22,2021-11-05,Reliance Cricket Stadium,2,4.4,Jharkhand,Himachal,Virat Singh,Anand Singh,VG Arora,1,0,,,,,,,,,
1280224,2021/22,2021-11-05,Reliance Cricket Stadium,2,4.5,Jharkhand,Himachal,Anand Singh,Virat Singh,VG Arora,1,0,,,,,,,,,
1280224,2021/22,2021-11-05,Reliance Cricket Stadium,2,4.6,Jharkhand,Himachal,Virat Singh,Anand Singh,VG Arora,0,0,,,,,,,,,
1280224,2021/22,2021-11-05,Reliance Cricket Stadium,2,5.1,Jharkhand,Himachal,Anand Singh,Virat Singh,AS Bedi,1,0,,,,,,,,,
1280224,2021/22,2021-11-05,Reliance Cricket Stadium,2,5.2,Jharkhand,Himachal,Virat Singh,Anand Singh,AS Bedi,0,0,,,,,,,,,
1280224,2021/22,2021-11-05,Reliance Cricket Stadium,2,5.3,Jharkhand,Himachal,Virat Singh,Anand Singh,AS Bedi,0,0,,,,,,,,,
1280224,2021/22,2021-11-05,Reliance Cricket Stadium,2,5.4,Jharkhand,Himachal,Virat Singh,Anand Singh,AS Bedi,0,0,,,,,,run out,Virat Singh,,
1280224,2021/22,2021-11-05,Reliance Cricket Stadium,2,5.5,Jharkhand,Himachal,Anand Singh,SS Tiwary,AS Bedi,0,0,,,,,,,,,
1280224,2021/22,2021-11-05,Reliance Cricket Stadium,2,5.6,Jharkhand,Himachal,Anand Singh,SS Tiwary,AS Bedi,0,0,,,,,,,,,
1280224,2021/22,2021-11-05,Reliance Cricket Stadium,2,6.1,Jharkhand,Himachal,SS Tiwary,Anand Singh,VG Arora,1,0,,,,,,,,,
1280224,2021/22,2021-11-05,Reliance Cricket Stadium,2,6.2,Jharkhand,Himachal,Anand Singh,SS Tiwary,VG Arora,0,0,,,,,,,,,
1280224,2021/22,2021-11-05,Reliance Cricket Stadium,2,6.3,Jharkhand,Himachal,Anand Singh,SS Tiwary,VG Arora,0,0,,,,,,,,,
1280224,2021/22,2021-11-05,Reliance Cricket Stadium,2,6.4,Jharkhand,Himachal,Anand Singh,SS Tiwary,VG Arora,1,0,,,,,,,,,
1280224,2021/22,2021-11-05,Reliance Cricket Stadium,2,6.5,Jharkhand,Himachal,SS Tiwary,Anand Singh,VG Arora,1,0,,,,,,,,,
1280224,2021/22,2021-11-05,Reliance Cricket Stadium,2,6.6,Jharkhand,Himachal,Anand Singh,SS Tiwary,VG Arora,0,0,,,,,,,,,
1280224,2021/22,2021-11-05,Reliance Cricket Stadium,2,7.1,Jharkhand,Himachal,SS Tiwary,Anand Singh,AS Bedi,1,0,,,,,,,,,
1280224,2021/22,2021-11-05,Reliance Cricket Stadium,2,7.2,Jharkhand,Himachal,Anand Singh,SS Tiwary,AS Bedi,4,0,,,,,,,,,
1280224,2021/22,2021-11-05,Reliance Cricket Stadium,2,7.3,Jharkhand,Himachal,Anand Singh,SS Tiwary,AS Bedi,0,0,,,,,,,,,
1280224,2021/22,2021-11-05,Reliance Cricket Stadium,2,7.4,Jharkhand,Himachal,Anand Singh,SS Tiwary,AS Bedi,0,0,,,,,,,,,
1280224,2021/22,2021-11-05,Reliance Cricket Stadium,2,7.5,Jharkhand,Himachal,Anand Singh,SS Tiwary,AS Bedi,1,0,,,,,,,,,
1280224,2021/22,2021-11-05,Reliance Cricket Stadium,2,7.6,Jharkhand,Himachal,SS Tiwary,Anand Singh,AS Bedi,1,0,,,,,,,,,
1280224,2021/22,2021-11-05,Reliance Cricket Stadium,2,8.1,Jharkhand,Himachal,SS Tiwary,Anand Singh,Pankaj Jaswal,1,0,,,,,,,,,
1280224,2021/22,2021-11-05,Reliance Cricket Stadium,2,8.2,Jharkhand,Himachal,Anand Singh,SS Tiwary,Pankaj Jaswal,0,0,,,,,,,,,
1280224,2021/22,2021-11-05,Reliance Cricket Stadium,2,8.3,Jharkhand,Himachal,Anand Singh,SS Tiwary,Pankaj Jaswal,0,0,,,,,,,,,
1280224,2021/22,2021-11-05,Reliance Cricket Stadium,2,8.4,Jharkhand,Himachal,Anand Singh,SS Tiwary,Pankaj Jaswal,1,0,,,,,,,,,
1280224,2021/22,2021-11-05,Reliance Cricket Stadium,2,8.5,Jharkhand,Himachal,SS Tiwary,Anand Singh,Pankaj Jaswal,0,0,,,,,,,,,
1280224,2021/22,2021-11-05,Reliance Cricket Stadium,2,8.6,Jharkhand,Himachal,SS Tiwary,Anand Singh,Pankaj Jaswal,0,1,,,,1,,,,,
1280224,2021/22,2021-11-05,Reliance Cricket Stadium,2,9.1,Jharkhand,Himachal,SS Tiwary,Anand Singh,AS Bedi,1,0,,,,,,,,,
1280224,2021/22,2021-11-05,Reliance Cricket Stadium,2,9.2,Jharkhand,Himachal,Anand Singh,SS Tiwary,AS Bedi,1,0,,,,,,,,,
1280224,2021/22,2021-11-05,Reliance Cricket Stadium,2,9.3,Jharkhand,Himachal,SS Tiwary,Anand Singh,AS Bedi,1,0,,,,,,,,,
1280224,2021/22,2021-11-05,Reliance Cricket Stadium,2,9.4,Jharkhand,Himachal,Anand Singh,SS Tiwary,AS Bedi,4,0,,,,,,,,,
1280224,2021/22,2021-11-05,Reliance Cricket Stadium,2,9.5,Jharkhand,Himachal,Anand Singh,SS Tiwary,AS Bedi,1,0,,,,,,,,,
1280224,2021/22,2021-11-05,Reliance Cricket Stadium,2,9.6,Jharkhand,Himachal,SS Tiwary,Anand Singh,AS Bedi,1,0,,,,,,,,,
1280224,2021/22,2021-11-05,Reliance Cricket Stadium,2,10.1,Jharkhand,Himachal,SS Tiwary,Anand Singh,Pankaj Jaswal,1,0,,,,,,,,,
1280224,2021/22,2021-11-05,Reliance Cricket Stadium,2,10.2,Jharkhand,Himachal,Anand Singh,SS Tiwary,Pankaj Jaswal,2,0,,,,,,,,,
1280224,2021/22,2021-11-05,Reliance Cricket Stadium,2,10.3,Jharkhand,Himachal,Anand Singh,SS Tiwary,Pankaj Jaswal,0,1,1,,,,,,,,
1280224,2021/22,2021-11-05,Reliance Cricket Stadium,2,10.4,Jharkhand,Himachal,Anand Singh,SS Tiwary,Pankaj Jaswal,4,0,,,,,,,,,
1280224,2021/22,2021-11-05,Reliance Cricket Stadium,2,10.5,Jharkhand,Himachal,Anand Singh,SS Tiwary,Pankaj Jaswal,1,0,,,,,,,,,
1280224,2021/22,2021-11-05,Reliance Cricket Stadium,2,10.6,Jharkhand,Himachal,SS Tiwary,Anand Singh,Pankaj Jaswal,1,0,,,,,,,,,
1280224,2021/22,2021-11-05,Reliance Cricket Stadium,2,10.7,Jharkhand,Himachal,Anand Singh,SS Tiwary,Pankaj Jaswal,1,0,,,,,,,,,
1280224,2021/22,2021-11-05,Reliance Cricket Stadium,2,11.1,Jharkhand,Himachal,Anand Singh,SS Tiwary,Digvijay Rangi,1,0,,,,,,,,,
1280224,2021/22,2021-11-05,Reliance Cricket Stadium,2,11.2,Jharkhand,Himachal,SS Tiwary,Anand Singh,Digvijay Rangi,1,0,,,,,,,,,
1280224,2021/22,2021-11-05,Reliance Cricket Stadium,2,11.3,Jharkhand,Himachal,Anand Singh,SS Tiwary,Digvijay Rangi,1,0,,,,,,,,,
1280224,2021/22,2021-11-05,Reliance Cricket Stadium,2,11.4,Jharkhand,Himachal,SS Tiwary,Anand Singh,Digvijay Rangi,0,0,,,,,,,,,
1280224,2021/22,2021-11-05,Reliance Cricket Stadium,2,11.5,Jharkhand,Himachal,SS Tiwary,Anand Singh,Digvijay Rangi,4,0,,,,,,,,,
1280224,2021/22,2021-11-05,Reliance Cricket Stadium,2,11.6,Jharkhand,Himachal,SS Tiwary,Anand Singh,Digvijay Rangi,1,0,,,,,,,,,
1280224,2021/22,2021-11-05,Reliance Cricket Stadium,2,12.1,Jharkhand,Himachal,SS Tiwary,Anand Singh,AS Bedi,0,0,,,,,,caught and bowled,SS Tiwary,,
1280224,2021/22,2021-11-05,Reliance Cricket Stadium,2,12.2,Jharkhand,Himachal,Anand Singh,Kumar Deobrat,AS Bedi,0,0,,,,,,,,,
1280224,2021/22,2021-11-05,Reliance Cricket Stadium,2,12.3,Jharkhand,Himachal,Anand Singh,Kumar Deobrat,AS Bedi,0,0,,,,,,,,,
1280224,2021/22,2021-11-05,Reliance Cricket Stadium,2,12.4,Jharkhand,Himachal,Anand Singh,Kumar Deobrat,AS Bedi,0,0,,,,,,caught,Anand Singh,,
1280224,2021/22,2021-11-05,Reliance Cricket Stadium,2,12.5,Jharkhand,Himachal,AS Roy,Kumar Deobrat,AS Bedi,0,0,,,,,,,,,
1280224,2021/22,2021-11-05,Reliance Cricket Stadium,2,12.6,Jharkhand,Himachal,AS Roy,Kumar Deobrat,AS Bedi,0,0,,,,,,,,,
1280224,2021/22,2021-11-05,Reliance Cricket Stadium,2,13.1,Jharkhand,Himachal,Kumar Deobrat,AS Roy,Digvijay Rangi,2,0,,,,,,,,,
1280224,2021/22,2021-11-05,Reliance Cricket Stadium,2,13.2,Jharkhand,Himachal,Kumar Deobrat,AS Roy,Digvijay Rangi,0,0,,,,,,,,,
1280224,2021/22,2021-11-05,Reliance Cricket Stadium,2,13.3,Jharkhand,Himachal,Kumar Deobrat,AS Roy,Digvijay Rangi,1,0,,,,,,,,,
1280224,2021/22,2021-11-05,Reliance Cricket Stadium,2,13.4,Jharkhand,Himachal,AS Roy,Kumar Deobrat,Digvijay Rangi,1,0,,,,,,,,,
1280224,2021/22,2021-11-05,Reliance Cricket Stadium,2,13.5,Jharkhand,Himachal,Kumar Deobrat,AS Roy,Digvijay Rangi,0,0,,,,,,,,,
1280224,2021/22,2021-11-05,Reliance Cricket Stadium,2,13.6,Jharkhand,Himachal,Kumar Deobrat,AS Roy,Digvijay Rangi,1,0,,,,,,,,,
1280224,2021/22,2021-11-05,Reliance Cricket Stadium,2,14.1,Jharkhand,Himachal,Kumar Deobrat,AS Roy,Mayank Dagar,0,0,,,,,,,,,
1280224,2021/22,2021-11-05,Reliance Cricket Stadium,2,14.2,Jharkhand,Himachal,Kumar Deobrat,AS Roy,Mayank Dagar,1,0,,,,,,,,,
1280224,2021/22,2021-11-05,Reliance Cricket Stadium,2,14.3,Jharkhand,Himachal,AS Roy,Kumar Deobrat,Mayank Dagar,0,0,,,,,,,,,
1280224,2021/22,2021-11-05,Reliance Cricket Stadium,2,14.4,Jharkhand,Himachal,AS Roy,Kumar Deobrat,Mayank Dagar,1,0,,,,,,,,,
1280224,2021/22,2021-11-05,Reliance Cricket Stadium,2,14.5,Jharkhand,Himachal,Kumar Deobrat,AS Roy,Mayank Dagar,1,0,,,,,,,,,
1280224,2021/22,2021-11-05,Reliance Cricket Stadium,2,14.6,Jharkhand,Himachal,AS Roy,Kumar Deobrat,Mayank Dagar,6,0,,,,,,,,,
1280224,2021/22,2021-11-05,Reliance Cricket Stadium,2,15.1,Jharkhand,Himachal,Kumar Deobrat,AS Roy,Digvijay Rangi,0,0,,,,,,,,,
1280224,2021/22,2021-11-05,Reliance Cricket Stadium,2,15.2,Jharkhand,Himachal,Kumar Deobrat,AS Roy,Digvijay Rangi,1,0,,,,,,,,,
1280224,2021/22,2021-11-05,Reliance Cricket Stadium,2,15.3,Jharkhand,Himachal,AS Roy,Kumar Deobrat,Digvijay Rangi,6,0,,,,,,,,,
1280224,2021/22,2021-11-05,Reliance Cricket Stadium,2,15.4,Jharkhand,Himachal,AS Roy,Kumar Deobrat,Digvijay Rangi,1,0,,,,,,,,,
1280224,2021/22,2021-11-05,Reliance Cricket Stadium,2,15.5,Jharkhand,Himachal,Kumar Deobrat,AS Roy,Digvijay Rangi,6,0,,,,,,,,,
1280224,2021/22,2021-11-05,Reliance Cricket Stadium,2,15.6,Jharkhand,Himachal,Kumar Deobrat,AS Roy,Digvijay Rangi,0,0,,,,,,bowled,Kumar Deobrat,,
1280224,2021/22,2021-11-05,Reliance Cricket Stadium,2,16.1,Jharkhand,Himachal,AS Roy,KR Singh,R Dhawan,1,0,,,,,,,,,
1280224,2021/22,2021-11-05,Reliance Cricket Stadium,2,16.2,Jharkhand,Himachal,KR Singh,AS Roy,R Dhawan,1,0,,,,,,,,,
1280224,2021/22,2021-11-05,Reliance Cricket Stadium,2,16.3,Jharkhand,Himachal,AS Roy,KR Singh,R Dhawan,6,0,,,,,,,,,
1280224,2021/22,2021-11-05,Reliance Cricket Stadium,2,16.4,Jharkhand,Himachal,AS Roy,KR Singh,R Dhawan,1,0,,,,,,run out,KR Singh,,
1280224,2021/22,2021-11-05,Reliance Cricket Stadium,2,16.5,Jharkhand,Himachal,AS Roy,S Nadeem,R Dhawan,2,0,,,,,,,,,
1280224,2021/22,2021-11-05,Reliance Cricket Stadium,2,16.6,Jharkhand,Himachal,AS Roy,S Nadeem,R Dhawan,2,0,,,,,,,,,
1280224,2021/22,2021-11-05,Reliance Cricket Stadium,2,17.1,Jharkhand,Himachal,S Nadeem,AS Roy,Pankaj Jaswal,1,0,,,,,,,,,
1280224,2021/22,2021-11-05,Reliance Cricket Stadium,2,17.2,Jharkhand,Himachal,AS Roy,S Nadeem,Pankaj Jaswal,0,1,,,,1,,,,,
1280224,2021/22,2021-11-05,Reliance Cricket Stadium,2,17.3,Jharkhand,Himachal,S Nadeem,AS Roy,Pankaj Jaswal,0,0,,,,,,,,,
1280224,2021/22,2021-11-05,Reliance Cricket Stadium,2,17.4,Jharkhand,Himachal,S Nadeem,AS Roy,Pankaj Jaswal,1,0,,,,,,,,,
1280224,2021/22,2021-11-05,Reliance Cricket Stadium,2,17.5,Jharkhand,Himachal,AS Roy,S Nadeem,Pankaj Jaswal,1,0,,,,,,,,,
1280224,2021/22,2021-11-05,Reliance Cricket Stadium,2,17.6,Jharkhand,Himachal,S Nadeem,AS Roy,Pankaj Jaswal,6,0,,,,,,,,,
1280224,2021/22,2021-11-05,Reliance Cricket Stadium,2,18.1,Jharkhand,Himachal,AS Roy,S Nadeem,R Dhawan,4,0,,,,,,,,,
1280224,2021/22,2021-11-05,Reliance Cricket Stadium,2,18.2,Jharkhand,Himachal,AS Roy,S Nadeem,R Dhawan,1,0,,,,,,,,,
1280224,2021/22,2021-11-05,Reliance Cricket Stadium,2,18.3,Jharkhand,Himachal,S Nadeem,AS Roy,R Dhawan,0,0,,,,,,caught,S Nadeem,,
1280224,2021/22,2021-11-05,Reliance Cricket Stadium,2,18.4,Jharkhand,Himachal,Vivekanand Tiwari,AS Roy,R Dhawan,1,0,,,,,,,,,
1280224,2021/22,2021-11-05,Reliance Cricket Stadium,2,18.5,Jharkhand,Himachal,AS Roy,Vivekanand Tiwari,R Dhawan,6,0,,,,,,,,,
1280224,2021/22,2021-11-05,Reliance Cricket Stadium,2,18.6,Jharkhand,Himachal,AS Roy,Vivekanand Tiwari,R Dhawan,0,0,,,,,,caught,AS Roy,,
1280224,2021/22,2021-11-05,Reliance Cricket Stadium,2,19.1,Jharkhand,Himachal,Monu Kumar,Vivekanand Tiwari,Pankaj Jaswal,2,0,,,,,,,,,
1280224,2021/22,2021-11-05,Reliance Cricket Stadium,2,19.2,Jharkhand,Himachal,Monu Kumar,Vivekanand Tiwari,Pankaj Jaswal,1,0,,,,,,,,,
1280224,2021/22,2021-11-05,Reliance Cricket Stadium,2,19.3,Jharkhand,Himachal,Vivekanand Tiwari,Monu Kumar,Pankaj Jaswal,1,0,,,,,,,,,
1280224,2021/22,2021-11-05,Reliance Cricket Stadium,2,19.4,Jharkhand,Himachal,Monu Kumar,Vivekanand Tiwari,Pankaj Jaswal,1,0,,,,,,,,,
1280224,2021/22,2021-11-05,Reliance Cricket Stadium,2,19.5,Jharkhand,Himachal,Vivekanand Tiwari,Monu Kumar,Pankaj Jaswal,1,0,,,,,,,,,
1280224,2021/22,2021-11-05,Reliance Cricket Stadium,2,19.6,Jharkhand,Himachal,Monu Kumar,Vivekanand Tiwari,Pankaj Jaswal,0,1,1,,,,,,,,
1280224,2021/22,2021-11-05,Reliance Cricket Stadium,2,19.7,Jharkhand,Himachal,Monu Kumar,Vivekanand Tiwari,Pankaj Jaswal,0,0,,,,,,caught,Monu Kumar,,
