match_id,season,start_date,venue,innings,ball,batting_team,bowling_team,striker,non_striker,bowler,runs_off_bat,extras,wides,noballs,byes,legbyes,penalty,wicket_type,player_dismissed,other_wicket_type,other_player_dismissed
1280269,2021/22,2021-11-08,Chaudhry Bansi Lal Cricket Stadium,1,0.1,Saurashtra,Chandigarh,Himalaya Barad,Arpit Vasavada,Shreshth Nirmohi,0,1,1,,,,,,,,
1280269,2021/22,2021-11-08,Chaudhry Bansi Lal Cricket Stadium,1,0.2,Saurashtra,Chandigarh,Himalaya Barad,Arpit Vasavada,Shreshth Nirmohi,2,0,,,,,,,,,
1280269,2021/22,2021-11-08,Chaudhry Bansi Lal Cricket Stadium,1,0.3,Saurashtra,Chandigarh,Himalaya Barad,Arpit Vasavada,Shreshth Nirmohi,1,0,,,,,,,,,
1280269,2021/22,2021-11-08,Chaudhry Bansi Lal Cricket Stadium,1,0.4,Saurashtra,Chandigarh,Arpit Vasavada,Himalaya Barad,Shreshth Nirmohi,0,0,,,,,,,,,
1280269,2021/22,2021-11-08,Chaudhry Bansi Lal Cricket Stadium,1,0.5,Saurashtra,Chandigarh,Arpit Vasavada,Himalaya Barad,Shreshth Nirmohi,1,0,,,,,,,,,
1280269,2021/22,2021-11-08,Chaudhry Bansi Lal Cricket Stadium,1,0.6,Saurashtra,Chandigarh,Himalaya Barad,Arpit Vasavada,Shreshth Nirmohi,0,0,,,,,,,,,
1280269,2021/22,2021-11-08,Chaudhry Bansi Lal Cricket Stadium,1,0.7,Saurashtra,Chandigarh,Himalaya Barad,Arpit Vasavada,Shreshth Nirmohi,2,0,,,,,,,,,
1280269,2021/22,2021-11-08,Chaudhry Bansi Lal Cricket Stadium,1,1.1,Saurashtra,Chandigarh,Arpit Vasavada,Himalaya Barad,Jagjit Singh,0,0,,,,,,,,,
1280269,2021/22,2021-11-08,Chaudhry Bansi Lal Cricket Stadium,1,1.2,Saurashtra,Chandigarh,Arpit Vasavada,Himalaya Barad,Jagjit Singh,4,0,,,,,,,,,
1280269,2021/22,2021-11-08,Chaudhry Bansi Lal Cricket Stadium,1,1.3,Saurashtra,Chandigarh,Arpit Vasavada,Himalaya Barad,Jagjit Singh,1,0,,,,,,,,,
1280269,2021/22,2021-11-08,Chaudhry Bansi Lal Cricket Stadium,1,1.4,Saurashtra,Chandigarh,Himalaya Barad,Arpit Vasavada,Jagjit Singh,2,0,,,,,,,,,
1280269,2021/22,2021-11-08,Chaudhry Bansi Lal Cricket Stadium,1,1.5,Saurashtra,Chandigarh,Himalaya Barad,Arpit Vasavada,Jagjit Singh,4,0,,,,,,,,,
1280269,2021/22,2021-11-08,Chaudhry Bansi Lal Cricket Stadium,1,1.6,Saurashtra,Chandigarh,Himalaya Barad,Arpit Vasavada,Jagjit Singh,0,0,,,,,,,,,
1280269,2021/22,2021-11-08,Chaudhry Bansi Lal Cricket Stadium,1,2.1,Saurashtra,Chandigarh,Arpit Vasavada,Himalaya Barad,Shreshth Nirmohi,1,0,,,,,,,,,
1280269,2021/22,2021-11-08,Chaudhry Bansi Lal Cricket Stadium,1,2.2,Saurashtra,Chandigarh,Himalaya Barad,Arpit Vasavada,Shreshth Nirmohi,1,0,,,,,,,,,
1280269,2021/22,2021-11-08,Chaudhry Bansi Lal Cricket Stadium,1,2.3,Saurashtra,Chandigarh,Arpit Vasavada,Himalaya Barad,Shreshth Nirmohi,4,0,,,,,,,,,
1280269,2021/22,2021-11-08,Chaudhry Bansi Lal Cricket Stadium,1,2.4,Saurashtra,Chandigarh,Arpit Vasavada,Himalaya Barad,Shreshth Nirmohi,1,0,,,,,,,,,
1280269,2021/22,2021-11-08,Chaudhry Bansi Lal Cricket Stadium,1,2.5,Saurashtra,Chandigarh,Himalaya Barad,Arpit Vasavada,Shreshth Nirmohi,4,0,,,,,,,,,
1280269,2021/22,2021-11-08,Chaudhry Bansi Lal Cricket Stadium,1,2.6,Saurashtra,Chandigarh,Himalaya Barad,Arpit Vasavada,Shreshth Nirmohi,1,0,,,,,,,,,
1280269,2021/22,2021-11-08,Chaudhry Bansi Lal Cricket Stadium,1,3.1,Saurashtra,Chandigarh,Himalaya Barad,Arpit Vasavada,Jaskaran Singh,1,0,,,,,,,,,
1280269,2021/22,2021-11-08,Chaudhry Bansi Lal Cricket Stadium,1,3.2,Saurashtra,Chandigarh,Arpit Vasavada,Himalaya Barad,Jaskaran Singh,1,0,,,,,,,,,
1280269,2021/22,2021-11-08,Chaudhry Bansi Lal Cricket Stadium,1,3.3,Saurashtra,Chandigarh,Himalaya Barad,Arpit Vasavada,Jaskaran Singh,6,0,,,,,,,,,
1280269,2021/22,2021-11-08,Chaudhry Bansi Lal Cricket Stadium,1,3.4,Saurashtra,Chandigarh,Himalaya Barad,Arpit Vasavada,Jaskaran Singh,1,0,,,,,,,,,
1280269,2021/22,2021-11-08,Chaudhry Bansi Lal Cricket Stadium,1,3.5,Saurashtra,Chandigarh,Arpit Vasavada,Himalaya Barad,Jaskaran Singh,0,0,,,,,,,,,
1280269,2021/22,2021-11-08,Chaudhry Bansi Lal Cricket Stadium,1,3.6,Saurashtra,Chandigarh,Arpit Vasavada,Himalaya Barad,Jaskaran Singh,0,0,,,,,,,,,
1280269,2021/22,2021-11-08,Chaudhry Bansi Lal Cricket Stadium,1,4.1,Saurashtra,Chandigarh,Himalaya Barad,Arpit Vasavada,Arpit Pannu,4,0,,,,,,,,,
1280269,2021/22,2021-11-08,Chaudhry Bansi Lal Cricket Stadium,1,4.2,Saurashtra,Chandigarh,Himalaya Barad,Arpit Vasavada,Arpit Pannu,0,0,,,,,,,,,
1280269,2021/22,2021-11-08,Chaudhry Bansi Lal Cricket Stadium,1,4.3,Saurashtra,Chandigarh,Himalaya Barad,Arpit Vasavada,Arpit Pannu,1,0,,,,,,,,,
1280269,2021/22,2021-11-08,Chaudhry Bansi Lal Cricket Stadium,1,4.4,Saurashtra,Chandigarh,Arpit Vasavada,Himalaya Barad,Arpit Pannu,6,0,,,,,,,,,
1280269,2021/22,2021-11-08,Chaudhry Bansi Lal Cricket Stadium,1,4.5,Saurashtra,Chandigarh,Arpit Vasavada,Himalaya Barad,Arpit Pannu,0,0,,,,,,,,,
1280269,2021/22,2021-11-08,Chaudhry Bansi Lal Cricket Stadium,1,4.6,Saurashtra,Chandigarh,Arpit Vasavada,Himalaya Barad,Arpit Pannu,1,0,,,,,,,,,
1280269,2021/22,2021-11-08,Chaudhry Bansi Lal Cricket Stadium,1,5.1,Saurashtra,Chandigarh,Arpit Vasavada,Himalaya Barad,Jaskaran Singh,0,0,,,,,,,,,
1280269,2021/22,2021-11-08,Chaudhry Bansi Lal Cricket Stadium,1,5.2,Saurashtra,Chandigarh,Arpit Vasavada,Himalaya Barad,Jaskaran Singh,0,0,,,,,,,,,
1280269,2021/22,2021-11-08,Chaudhry Bansi Lal Cricket Stadium,1,5.3,Saurashtra,Chandigarh,Arpit Vasavada,Himalaya Barad,Jaskaran Singh,4,0,,,,,,,,,
1280269,2021/22,2021-11-08,Chaudhry Bansi Lal Cricket Stadium,1,5.4,Saurashtra,Chandigarh,Arpit Vasavada,Himalaya Barad,Jaskaran Singh,1,0,,,,,,,,,
1280269,2021/22,2021-11-08,Chaudhry Bansi Lal Cricket Stadium,1,5.5,Saurashtra,Chandigarh,Himalaya Barad,Arpit Vasavada,Jaskaran Singh,1,0,,,,,,,,,
1280269,2021/22,2021-11-08,Chaudhry Bansi Lal Cricket Stadium,1,5.6,Saurashtra,Chandigarh,Arpit Vasavada,Himalaya Barad,Jaskaran Singh,6,0,,,,,,,,,
1280269,2021/22,2021-11-08,Chaudhry Bansi Lal Cricket Stadium,1,6.1,Saurashtra,Chandigarh,Himalaya Barad,Arpit Vasavada,Arpit Pannu,1,0,,,,,,,,,
1280269,2021/22,2021-11-08,Chaudhry Bansi Lal Cricket Stadium,1,6.2,Saurashtra,Chandigarh,Arpit Vasavada,Himalaya Barad,Arpit Pannu,1,0,,,,,,,,,
1280269,2021/22,2021-11-08,Chaudhry Bansi Lal Cricket Stadium,1,6.3,Saurashtra,Chandigarh,Himalaya Barad,Arpit Vasavada,Arpit Pannu,4,0,,,,,,,,,
1280269,2021/22,2021-11-08,Chaudhry Bansi Lal Cricket Stadium,1,6.4,Saurashtra,Chandigarh,Himalaya Barad,Arpit Vasavada,Arpit Pannu,1,0,,,,,,,,,
1280269,2021/22,2021-11-08,Chaudhry Bansi Lal Cricket Stadium,1,6.5,Saurashtra,Chandigarh,Arpit Vasavada,Himalaya Barad,Arpit Pannu,1,0,,,,,,,,,
1280269,2021/22,2021-11-08,Chaudhry Bansi Lal Cricket Stadium,1,6.6,Saurashtra,Chandigarh,Himalaya Barad,Arpit Vasavada,Arpit Pannu,1,0,,,,,,,,,
1280269,2021/22,2021-11-08,Chaudhry Bansi Lal Cricket Stadium,1,7.1,Saurashtra,Chandigarh,Himalaya Barad,Arpit Vasavada,Gurinder Singh,0,0,,,,,,bowled,Himalaya Barad,,
1280269,2021/22,2021-11-08,Chaudhry Bansi Lal Cricket Stadium,1,7.2,Saurashtra,Chandigarh,SP Jackson,Arpit Vasavada,Gurinder Singh,0,0,,,,,,,,,
1280269,2021/22,2021-11-08,Chaudhry Bansi Lal Cricket Stadium,1,7.3,Saurashtra,Chandigarh,SP Jackson,Arpit Vasavada,Gurinder Singh,1,0,,,,,,,,,
1280269,2021/22,2021-11-08,Chaudhry Bansi Lal Cricket Stadium,1,7.4,Saurashtra,Chandigarh,Arpit Vasavada,SP Jackson,Gurinder Singh,2,0,,,,,,,,,
1280269,2021/22,2021-11-08,Chaudhry Bansi Lal Cricket Stadium,1,7.5,Saurashtra,Chandigarh,Arpit Vasavada,SP Jackson,Gurinder Singh,1,0,,,,,,,,,
1280269,2021/22,2021-11-08,Chaudhry Bansi Lal Cricket Stadium,1,7.6,Saurashtra,Chandigarh,SP Jackson,Arpit Vasavada,Gurinder Singh,1,0,,,,,,,,,
1280269,2021/22,2021-11-08,Chaudhry Bansi Lal Cricket Stadium,1,8.1,Saurashtra,Chandigarh,SP Jackson,Arpit Vasavada,Arpit Pannu,0,0,,,,,,,,,
1280269,2021/22,2021-11-08,Chaudhry Bansi Lal Cricket Stadium,1,8.2,Saurashtra,Chandigarh,SP Jackson,Arpit Vasavada,Arpit Pannu,1,0,,,,,,,,,
1280269,2021/22,2021-11-08,Chaudhry Bansi Lal Cricket Stadium,1,8.3,Saurashtra,Chandigarh,Arpit Vasavada,SP Jackson,Arpit Pannu,4,0,,,,,,,,,
1280269,2021/22,2021-11-08,Chaudhry Bansi Lal Cricket Stadium,1,8.4,Saurashtra,Chandigarh,Arpit Vasavada,SP Jackson,Arpit Pannu,0,0,,,,,,,,,
1280269,2021/22,2021-11-08,Chaudhry Bansi Lal Cricket Stadium,1,8.5,Saurashtra,Chandigarh,Arpit Vasavada,SP Jackson,Arpit Pannu,1,0,,,,,,,,,
1280269,2021/22,2021-11-08,Chaudhry Bansi Lal Cricket Stadium,1,8.6,Saurashtra,Chandigarh,SP Jackson,Arpit Vasavada,Arpit Pannu,1,0,,,,,,,,,
1280269,2021/22,2021-11-08,Chaudhry Bansi Lal Cricket Stadium,1,9.1,Saurashtra,Chandigarh,SP Jackson,Arpit Vasavada,Gurinder Singh,6,0,,,,,,,,,
1280269,2021/22,2021-11-08,Chaudhry Bansi Lal Cricket Stadium,1,9.2,Saurashtra,Chandigarh,SP Jackson,Arpit Vasavada,Gurinder Singh,2,0,,,,,,,,,
1280269,2021/22,2021-11-08,Chaudhry Bansi Lal Cricket Stadium,1,9.3,Saurashtra,Chandigarh,SP Jackson,Arpit Vasavada,Gurinder Singh,0,0,,,,,,,,,
1280269,2021/22,2021-11-08,Chaudhry Bansi Lal Cricket Stadium,1,9.4,Saurashtra,Chandigarh,SP Jackson,Arpit Vasavada,Gurinder Singh,6,0,,,,,,,,,
1280269,2021/22,2021-11-08,Chaudhry Bansi Lal Cricket Stadium,1,9.5,Saurashtra,Chandigarh,SP Jackson,Arpit Vasavada,Gurinder Singh,1,0,,,,,,,,,
1280269,2021/22,2021-11-08,Chaudhry Bansi Lal Cricket Stadium,1,9.6,Saurashtra,Chandigarh,Arpit Vasavada,SP Jackson,Gurinder Singh,1,0,,,,,,,,,
1280269,2021/22,2021-11-08,Chaudhry Bansi Lal Cricket Stadium,1,10.1,Saurashtra,Chandigarh,Arpit Vasavada,SP Jackson,Jagjit Singh,1,0,,,,,,,,,
1280269,2021/22,2021-11-08,Chaudhry Bansi Lal Cricket Stadium,1,10.2,Saurashtra,Chandigarh,SP Jackson,Arpit Vasavada,Jagjit Singh,0,0,,,,,,,,,
1280269,2021/22,2021-11-08,Chaudhry Bansi Lal Cricket Stadium,1,10.3,Saurashtra,Chandigarh,SP Jackson,Arpit Vasavada,Jagjit Singh,4,0,,,,,,,,,
1280269,2021/22,2021-11-08,Chaudhry Bansi Lal Cricket Stadium,1,10.4,Saurashtra,Chandigarh,SP Jackson,Arpit Vasavada,Jagjit Singh,2,0,,,,,,,,,
1280269,2021/22,2021-11-08,Chaudhry Bansi Lal Cricket Stadium,1,10.5,Saurashtra,Chandigarh,SP Jackson,Arpit Vasavada,Jagjit Singh,1,0,,,,,,,,,
1280269,2021/22,2021-11-08,Chaudhry Bansi Lal Cricket Stadium,1,10.6,Saurashtra,Chandigarh,Arpit Vasavada,SP Jackson,Jagjit Singh,4,0,,,,,,,,,
1280269,2021/22,2021-11-08,Chaudhry Bansi Lal Cricket Stadium,1,11.1,Saurashtra,Chandigarh,SP Jackson,Arpit Vasavada,Bhagmender Lather,0,1,,1,,,,,,,
1280269,2021/22,2021-11-08,Chaudhry Bansi Lal Cricket Stadium,1,11.2,Saurashtra,Chandigarh,SP Jackson,Arpit Vasavada,Bhagmender Lather,6,0,,,,,,,,,
1280269,2021/22,2021-11-08,Chaudhry Bansi Lal Cricket Stadium,1,11.3,Saurashtra,Chandigarh,SP Jackson,Arpit Vasavada,Bhagmender Lather,4,0,,,,,,,,,
1280269,2021/22,2021-11-08,Chaudhry Bansi Lal Cricket Stadium,1,11.4,Saurashtra,Chandigarh,SP Jackson,Arpit Vasavada,Bhagmender Lather,1,0,,,,,,,,,
1280269,2021/22,2021-11-08,Chaudhry Bansi Lal Cricket Stadium,1,11.5,Saurashtra,Chandigarh,Arpit Vasavada,SP Jackson,Bhagmender Lather,1,0,,,,,,,,,
1280269,2021/22,2021-11-08,Chaudhry Bansi Lal Cricket Stadium,1,11.6,Saurashtra,Chandigarh,SP Jackson,Arpit Vasavada,Bhagmender Lather,1,0,,,,,,,,,
1280269,2021/22,2021-11-08,Chaudhry Bansi Lal Cricket Stadium,1,11.7,Saurashtra,Chandigarh,Arpit Vasavada,SP Jackson,Bhagmender Lather,4,0,,,,,,,,,
1280269,2021/22,2021-11-08,Chaudhry Bansi Lal Cricket Stadium,1,12.1,Saurashtra,Chandigarh,SP Jackson,Arpit Vasavada,Arpit Pannu,0,0,,,,,,,,,
1280269,2021/22,2021-11-08,Chaudhry Bansi Lal Cricket Stadium,1,12.2,Saurashtra,Chandigarh,SP Jackson,Arpit Vasavada,Arpit Pannu,1,0,,,,,,,,,
1280269,2021/22,2021-11-08,Chaudhry Bansi Lal Cricket Stadium,1,12.3,Saurashtra,Chandigarh,Arpit Vasavada,SP Jackson,Arpit Pannu,1,0,,,,,,,,,
1280269,2021/22,2021-11-08,Chaudhry Bansi Lal Cricket Stadium,1,12.4,Saurashtra,Chandigarh,SP Jackson,Arpit Vasavada,Arpit Pannu,6,0,,,,,,,,,
1280269,2021/22,2021-11-08,Chaudhry Bansi Lal Cricket Stadium,1,12.5,Saurashtra,Chandigarh,SP Jackson,Arpit Vasavada,Arpit Pannu,2,0,,,,,,,,,
1280269,2021/22,2021-11-08,Chaudhry Bansi Lal Cricket Stadium,1,12.6,Saurashtra,Chandigarh,SP Jackson,Arpit Vasavada,Arpit Pannu,1,0,,,,,,,,,
1280269,2021/22,2021-11-08,Chaudhry Bansi Lal Cricket Stadium,1,13.1,Saurashtra,Chandigarh,SP Jackson,Arpit Vasavada,Gurinder Singh,0,0,,,,,,,,,
1280269,2021/22,2021-11-08,Chaudhry Bansi Lal Cricket Stadium,1,13.2,Saurashtra,Chandigarh,SP Jackson,Arpit Vasavada,Gurinder Singh,0,0,,,,,,,,,
1280269,2021/22,2021-11-08,Chaudhry Bansi Lal Cricket Stadium,1,13.3,Saurashtra,Chandigarh,SP Jackson,Arpit Vasavada,Gurinder Singh,1,0,,,,,,,,,
1280269,2021/22,2021-11-08,Chaudhry Bansi Lal Cricket Stadium,1,13.4,Saurashtra,Chandigarh,Arpit Vasavada,SP Jackson,Gurinder Singh,0,0,,,,,,,,,
1280269,2021/22,2021-11-08,Chaudhry Bansi Lal Cricket Stadium,1,13.5,Saurashtra,Chandigarh,Arpit Vasavada,SP Jackson,Gurinder Singh,0,0,,,,,,,,,
1280269,2021/22,2021-11-08,Chaudhry Bansi Lal Cricket Stadium,1,13.6,Saurashtra,Chandigarh,Arpit Vasavada,SP Jackson,Gurinder Singh,0,4,,,4,,,,,,
1280269,2021/22,2021-11-08,Chaudhry Bansi Lal Cricket Stadium,1,14.1,Saurashtra,Chandigarh,SP Jackson,Arpit Vasavada,Shreshth Nirmohi,1,0,,,,,,,,,
1280269,2021/22,2021-11-08,Chaudhry Bansi Lal Cricket Stadium,1,14.2,Saurashtra,Chandigarh,Arpit Vasavada,SP Jackson,Shreshth Nirmohi,4,0,,,,,,,,,
1280269,2021/22,2021-11-08,Chaudhry Bansi Lal Cricket Stadium,1,14.3,Saurashtra,Chandigarh,Arpit Vasavada,SP Jackson,Shreshth Nirmohi,1,0,,,,,,,,,
1280269,2021/22,2021-11-08,Chaudhry Bansi Lal Cricket Stadium,1,14.4,Saurashtra,Chandigarh,SP Jackson,Arpit Vasavada,Shreshth Nirmohi,4,0,,,,,,,,,
1280269,2021/22,2021-11-08,Chaudhry Bansi Lal Cricket Stadium,1,14.5,Saurashtra,Chandigarh,SP Jackson,Arpit Vasavada,Shreshth Nirmohi,1,0,,,,,,,,,
1280269,2021/22,2021-11-08,Chaudhry Bansi Lal Cricket Stadium,1,14.6,Saurashtra,Chandigarh,Arpit Vasavada,SP Jackson,Shreshth Nirmohi,0,0,,,,,,,,,
1280269,2021/22,2021-11-08,Chaudhry Bansi Lal Cricket Stadium,1,15.1,Saurashtra,Chandigarh,SP Jackson,Arpit Vasavada,Gurinder Singh,1,0,,,,,,,,,
1280269,2021/22,2021-11-08,Chaudhry Bansi Lal Cricket Stadium,1,15.2,Saurashtra,Chandigarh,Arpit Vasavada,SP Jackson,Gurinder Singh,1,0,,,,,,,,,
1280269,2021/22,2021-11-08,Chaudhry Bansi Lal Cricket Stadium,1,15.3,Saurashtra,Chandigarh,SP Jackson,Arpit Vasavada,Gurinder Singh,1,0,,,,,,,,,
1280269,2021/22,2021-11-08,Chaudhry Bansi Lal Cricket Stadium,1,15.4,Saurashtra,Chandigarh,Arpit Vasavada,SP Jackson,Gurinder Singh,0,0,,,,,,,,,
1280269,2021/22,2021-11-08,Chaudhry Bansi Lal Cricket Stadium,1,15.5,Saurashtra,Chandigarh,Arpit Vasavada,SP Jackson,Gurinder Singh,0,0,,,,,,,,,
1280269,2021/22,2021-11-08,Chaudhry Bansi Lal Cricket Stadium,1,15.6,Saurashtra,Chandigarh,Arpit Vasavada,SP Jackson,Gurinder Singh,1,0,,,,,,,,,
1280269,2021/22,2021-11-08,Chaudhry Bansi Lal Cricket Stadium,1,16.1,Saurashtra,Chandigarh,Arpit Vasavada,SP Jackson,Jaskaran Singh,6,0,,,,,,,,,
1280269,2021/22,2021-11-08,Chaudhry Bansi Lal Cricket Stadium,1,16.2,Saurashtra,Chandigarh,Arpit Vasavada,SP Jackson,Jaskaran Singh,1,0,,,,,,,,,
1280269,2021/22,2021-11-08,Chaudhry Bansi Lal Cricket Stadium,1,16.3,Saurashtra,Chandigarh,SP Jackson,Arpit Vasavada,Jaskaran Singh,1,0,,,,,,,,,
1280269,2021/22,2021-11-08,Chaudhry Bansi Lal Cricket Stadium,1,16.4,Saurashtra,Chandigarh,Arpit Vasavada,SP Jackson,Jaskaran Singh,1,0,,,,,,,,,
1280269,2021/22,2021-11-08,Chaudhry Bansi Lal Cricket Stadium,1,16.5,Saurashtra,Chandigarh,SP Jackson,Arpit Vasavada,Jaskaran Singh,1,0,,,,,,,,,
1280269,2021/22,2021-11-08,Chaudhry Bansi Lal Cricket Stadium,1,16.6,Saurashtra,Chandigarh,Arpit Vasavada,SP Jackson,Jaskaran Singh,4,0,,,,,,,,,
1280269,2021/22,2021-11-08,Chaudhry Bansi Lal Cricket Stadium,1,17.1,Saurashtra,Chandigarh,SP Jackson,Arpit Vasavada,Bhagmender Lather,1,0,,,,,,,,,
1280269,2021/22,2021-11-08,Chaudhry Bansi Lal Cricket Stadium,1,17.2,Saurashtra,Chandigarh,Arpit Vasavada,SP Jackson,Bhagmender Lather,0,0,,,,,,caught,Arpit Vasavada,,
1280269,2021/22,2021-11-08,Chaudhry Bansi Lal Cricket Stadium,1,17.3,Saurashtra,Chandigarh,SP Jackson,PN Mankad,Bhagmender Lather,6,0,,,,,,,,,
1280269,2021/22,2021-11-08,Chaudhry Bansi Lal Cricket Stadium,1,17.4,Saurashtra,Chandigarh,SP Jackson,PN Mankad,Bhagmender Lather,0,1,,1,,,,,,,
1280269,2021/22,2021-11-08,Chaudhry Bansi Lal Cricket Stadium,1,17.5,Saurashtra,Chandigarh,SP Jackson,PN Mankad,Bhagmender Lather,4,0,,,,,,,,,
1280269,2021/22,2021-11-08,Chaudhry Bansi Lal Cricket Stadium,1,17.6,Saurashtra,Chandigarh,SP Jackson,PN Mankad,Bhagmender Lather,0,0,,,,,,caught,SP Jackson,,
1280269,2021/22,2021-11-08,Chaudhry Bansi Lal Cricket Stadium,1,17.7,Saurashtra,Chandigarh,Vishvaraj Jadeja,PN Mankad,Bhagmender Lather,0,0,,,,,,,,,
1280269,2021/22,2021-11-08,Chaudhry Bansi Lal Cricket Stadium,1,18.1,Saurashtra,Chandigarh,PN Mankad,Vishvaraj Jadeja,Jaskaran Singh,1,0,,,,,,,,,
1280269,2021/22,2021-11-08,Chaudhry Bansi Lal Cricket Stadium,1,18.2,Saurashtra,Chandigarh,Vishvaraj Jadeja,PN Mankad,Jaskaran Singh,1,0,,,,,,,,,
1280269,2021/22,2021-11-08,Chaudhry Bansi Lal Cricket Stadium,1,18.3,Saurashtra,Chandigarh,PN Mankad,Vishvaraj Jadeja,Jaskaran Singh,4,0,,,,,,,,,
1280269,2021/22,2021-11-08,Chaudhry Bansi Lal Cricket Stadium,1,18.4,Saurashtra,Chandigarh,PN Mankad,Vishvaraj Jadeja,Jaskaran Singh,0,1,1,,,,,,,,
1280269,2021/22,2021-11-08,Chaudhry Bansi Lal Cricket Stadium,1,18.5,Saurashtra,Chandigarh,PN Mankad,Vishvaraj Jadeja,Jaskaran Singh,0,0,,,,,,,,,
1280269,2021/22,2021-11-08,Chaudhry Bansi Lal Cricket Stadium,1,18.6,Saurashtra,Chandigarh,PN Mankad,Vishvaraj Jadeja,Jaskaran Singh,4,0,,,,,,,,,
1280269,2021/22,2021-11-08,Chaudhry Bansi Lal Cricket Stadium,1,18.7,Saurashtra,Chandigarh,PN Mankad,Vishvaraj Jadeja,Jaskaran Singh,0,0,,,,,,run out,PN Mankad,,
1280269,2021/22,2021-11-08,Chaudhry Bansi Lal Cricket Stadium,1,19.1,Saurashtra,Chandigarh,Vishvaraj Jadeja,JD Unadkat,Bhagmender Lather,0,0,,,,,,,,,
1280269,2021/22,2021-11-08,Chaudhry Bansi Lal Cricket Stadium,1,19.2,Saurashtra,Chandigarh,Vishvaraj Jadeja,JD Unadkat,Bhagmender Lather,1,0,,,,,,,,,
1280269,2021/22,2021-11-08,Chaudhry Bansi Lal Cricket Stadium,1,19.3,Saurashtra,Chandigarh,JD Unadkat,Vishvaraj Jadeja,Bhagmender Lather,2,0,,,,,,,,,
1280269,2021/22,2021-11-08,Chaudhry Bansi Lal Cricket Stadium,1,19.4,Saurashtra,Chandigarh,JD Unadkat,Vishvaraj Jadeja,Bhagmender Lather,0,0,,,,,,,,,
1280269,2021/22,2021-11-08,Chaudhry Bansi Lal Cricket Stadium,1,19.5,Saurashtra,Chandigarh,JD Unadkat,Vishvaraj Jadeja,Bhagmender Lather,6,0,,,,,,,,,
1280269,2021/22,2021-11-08,Chaudhry Bansi Lal Cricket Stadium,1,19.6,Saurashtra,Chandigarh,JD Unadkat,Vishvaraj Jadeja,Bhagmender Lather,2,0,,,,,,,,,
1280269,2021/22,2021-11-08,Chaudhry Bansi Lal Cricket Stadium,2,0.1,Chandigarh,Saurashtra,M Vohra,Shivam Bhambri,JD Unadkat,4,0,,,,,,,,,
1280269,2021/22,2021-11-08,Chaudhry Bansi Lal Cricket Stadium,2,0.2,Chandigarh,Saurashtra,M Vohra,Shivam Bhambri,JD Unadkat,2,0,,,,,,,,,
1280269,2021/22,2021-11-08,Chaudhry Bansi Lal Cricket Stadium,2,0.3,Chandigarh,Saurashtra,M Vohra,Shivam Bhambri,JD Unadkat,2,0,,,,,,,,,
1280269,2021/22,2021-11-08,Chaudhry Bansi Lal Cricket Stadium,2,0.4,Chandigarh,Saurashtra,M Vohra,Shivam Bhambri,JD Unadkat,1,0,,,,,,,,,
1280269,2021/22,2021-11-08,Chaudhry Bansi Lal Cricket Stadium,2,0.5,Chandigarh,Saurashtra,Shivam Bhambri,M Vohra,JD Unadkat,1,0,,,,,,,,,
1280269,2021/22,2021-11-08,Chaudhry Bansi Lal Cricket Stadium,2,0.6,Chandigarh,Saurashtra,M Vohra,Shivam Bhambri,JD Unadkat,0,0,,,,,,caught,M Vohra,,
1280269,2021/22,2021-11-08,Chaudhry Bansi Lal Cricket Stadium,2,1.1,Chandigarh,Saurashtra,Shivam Bhambri,Arjit Pannu,C Sakariya,0,0,,,,,,,,,
1280269,2021/22,2021-11-08,Chaudhry Bansi Lal Cricket Stadium,2,1.2,Chandigarh,Saurashtra,Shivam Bhambri,Arjit Pannu,C Sakariya,1,0,,,,,,,,,
1280269,2021/22,2021-11-08,Chaudhry Bansi Lal Cricket Stadium,2,1.3,Chandigarh,Saurashtra,Arjit Pannu,Shivam Bhambri,C Sakariya,0,0,,,,,,,,,
1280269,2021/22,2021-11-08,Chaudhry Bansi Lal Cricket Stadium,2,1.4,Chandigarh,Saurashtra,Arjit Pannu,Shivam Bhambri,C Sakariya,1,0,,,,,,,,,
1280269,2021/22,2021-11-08,Chaudhry Bansi Lal Cricket Stadium,2,1.5,Chandigarh,Saurashtra,Shivam Bhambri,Arjit Pannu,C Sakariya,1,0,,,,,,,,,
1280269,2021/22,2021-11-08,Chaudhry Bansi Lal Cricket Stadium,2,1.6,Chandigarh,Saurashtra,Arjit Pannu,Shivam Bhambri,C Sakariya,0,0,,,,,,,,,
1280269,2021/22,2021-11-08,Chaudhry Bansi Lal Cricket Stadium,2,2.1,Chandigarh,Saurashtra,Shivam Bhambri,Arjit Pannu,K D Patel,4,0,,,,,,,,,
1280269,2021/22,2021-11-08,Chaudhry Bansi Lal Cricket Stadium,2,2.2,Chandigarh,Saurashtra,Shivam Bhambri,Arjit Pannu,K D Patel,0,1,,1,,,,,,,
1280269,2021/22,2021-11-08,Chaudhry Bansi Lal Cricket Stadium,2,2.3,Chandigarh,Saurashtra,Shivam Bhambri,Arjit Pannu,K D Patel,0,0,,,,,,,,,
1280269,2021/22,2021-11-08,Chaudhry Bansi Lal Cricket Stadium,2,2.4,Chandigarh,Saurashtra,Shivam Bhambri,Arjit Pannu,K D Patel,0,0,,,,,,,,,
1280269,2021/22,2021-11-08,Chaudhry Bansi Lal Cricket Stadium,2,2.5,Chandigarh,Saurashtra,Shivam Bhambri,Arjit Pannu,K D Patel,2,0,,,,,,,,,
1280269,2021/22,2021-11-08,Chaudhry Bansi Lal Cricket Stadium,2,2.6,Chandigarh,Saurashtra,Shivam Bhambri,Arjit Pannu,K D Patel,0,1,,,,1,,,,,
1280269,2021/22,2021-11-08,Chaudhry Bansi Lal Cricket Stadium,2,2.7,Chandigarh,Saurashtra,Arjit Pannu,Shivam Bhambri,K D Patel,0,0,,,,,,,,,
1280269,2021/22,2021-11-08,Chaudhry Bansi Lal Cricket Stadium,2,3.1,Chandigarh,Saurashtra,Shivam Bhambri,Arjit Pannu,JD Unadkat,0,0,,,,,,,,,
1280269,2021/22,2021-11-08,Chaudhry Bansi Lal Cricket Stadium,2,3.2,Chandigarh,Saurashtra,Shivam Bhambri,Arjit Pannu,JD Unadkat,0,0,,,,,,,,,
1280269,2021/22,2021-11-08,Chaudhry Bansi Lal Cricket Stadium,2,3.3,Chandigarh,Saurashtra,Shivam Bhambri,Arjit Pannu,JD Unadkat,0,0,,,,,,,,,
1280269,2021/22,2021-11-08,Chaudhry Bansi Lal Cricket Stadium,2,3.4,Chandigarh,Saurashtra,Shivam Bhambri,Arjit Pannu,JD Unadkat,0,0,,,,,,,,,
1280269,2021/22,2021-11-08,Chaudhry Bansi Lal Cricket Stadium,2,3.5,Chandigarh,Saurashtra,Shivam Bhambri,Arjit Pannu,JD Unadkat,0,0,,,,,,,,,
1280269,2021/22,2021-11-08,Chaudhry Bansi Lal Cricket Stadium,2,3.6,Chandigarh,Saurashtra,Shivam Bhambri,Arjit Pannu,JD Unadkat,6,0,,,,,,,,,
1280269,2021/22,2021-11-08,Chaudhry Bansi Lal Cricket Stadium,2,4.1,Chandigarh,Saurashtra,Arjit Pannu,Shivam Bhambri,C Sakariya,1,0,,,,,,,,,
1280269,2021/22,2021-11-08,Chaudhry Bansi Lal Cricket Stadium,2,4.2,Chandigarh,Saurashtra,Shivam Bhambri,Arjit Pannu,C Sakariya,0,0,,,,,,caught,Shivam Bhambri,,
1280269,2021/22,2021-11-08,Chaudhry Bansi Lal Cricket Stadium,2,4.3,Chandigarh,Saurashtra,Ankit Kaushik,Arjit Pannu,C Sakariya,1,0,,,,,,,,,
1280269,2021/22,2021-11-08,Chaudhry Bansi Lal Cricket Stadium,2,4.4,Chandigarh,Saurashtra,Arjit Pannu,Ankit Kaushik,C Sakariya,0,0,,,,,,,,,
1280269,2021/22,2021-11-08,Chaudhry Bansi Lal Cricket Stadium,2,4.5,Chandigarh,Saurashtra,Arjit Pannu,Ankit Kaushik,C Sakariya,6,0,,,,,,,,,
1280269,2021/22,2021-11-08,Chaudhry Bansi Lal Cricket Stadium,2,4.6,Chandigarh,Saurashtra,Arjit Pannu,Ankit Kaushik,C Sakariya,0,0,,,,,,,,,
1280269,2021/22,2021-11-08,Chaudhry Bansi Lal Cricket Stadium,2,5.1,Chandigarh,Saurashtra,Ankit Kaushik,Arjit Pannu,Dharmendrasinh Jadeja,4,0,,,,,,,,,
1280269,2021/22,2021-11-08,Chaudhry Bansi Lal Cricket Stadium,2,5.2,Chandigarh,Saurashtra,Ankit Kaushik,Arjit Pannu,Dharmendrasinh Jadeja,1,0,,,,,,,,,
1280269,2021/22,2021-11-08,Chaudhry Bansi Lal Cricket Stadium,2,5.3,Chandigarh,Saurashtra,Arjit Pannu,Ankit Kaushik,Dharmendrasinh Jadeja,1,0,,,,,,,,,
1280269,2021/22,2021-11-08,Chaudhry Bansi Lal Cricket Stadium,2,5.4,Chandigarh,Saurashtra,Ankit Kaushik,Arjit Pannu,Dharmendrasinh Jadeja,0,0,,,,,,,,,
1280269,2021/22,2021-11-08,Chaudhry Bansi Lal Cricket Stadium,2,5.5,Chandigarh,Saurashtra,Ankit Kaushik,Arjit Pannu,Dharmendrasinh Jadeja,1,0,,,,,,,,,
1280269,2021/22,2021-11-08,Chaudhry Bansi Lal Cricket Stadium,2,5.6,Chandigarh,Saurashtra,Arjit Pannu,Ankit Kaushik,Dharmendrasinh Jadeja,1,0,,,,,,,,,
1280269,2021/22,2021-11-08,Chaudhry Bansi Lal Cricket Stadium,2,6.1,Chandigarh,Saurashtra,Arjit Pannu,Ankit Kaushik,Chirag Jani,1,0,,,,,,,,,
1280269,2021/22,2021-11-08,Chaudhry Bansi Lal Cricket Stadium,2,6.2,Chandigarh,Saurashtra,Ankit Kaushik,Arjit Pannu,Chirag Jani,1,0,,,,,,,,,
1280269,2021/22,2021-11-08,Chaudhry Bansi Lal Cricket Stadium,2,6.3,Chandigarh,Saurashtra,Arjit Pannu,Ankit Kaushik,Chirag Jani,0,0,,,,,,,,,
1280269,2021/22,2021-11-08,Chaudhry Bansi Lal Cricket Stadium,2,6.4,Chandigarh,Saurashtra,Arjit Pannu,Ankit Kaushik,Chirag Jani,0,0,,,,,,,,,
1280269,2021/22,2021-11-08,Chaudhry Bansi Lal Cricket Stadium,2,6.5,Chandigarh,Saurashtra,Arjit Pannu,Ankit Kaushik,Chirag Jani,0,1,1,,,,,,,,
1280269,2021/22,2021-11-08,Chaudhry Bansi Lal Cricket Stadium,2,6.6,Chandigarh,Saurashtra,Arjit Pannu,Ankit Kaushik,Chirag Jani,0,0,,,,,,,,,
1280269,2021/22,2021-11-08,Chaudhry Bansi Lal Cricket Stadium,2,6.7,Chandigarh,Saurashtra,Arjit Pannu,Ankit Kaushik,Chirag Jani,0,0,,,,,,,,,
1280269,2021/22,2021-11-08,Chaudhry Bansi Lal Cricket Stadium,2,7.1,Chandigarh,Saurashtra,Ankit Kaushik,Arjit Pannu,PN Mankad,1,0,,,,,,,,,
1280269,2021/22,2021-11-08,Chaudhry Bansi Lal Cricket Stadium,2,7.2,Chandigarh,Saurashtra,Arjit Pannu,Ankit Kaushik,PN Mankad,0,0,,,,,,,,,
1280269,2021/22,2021-11-08,Chaudhry Bansi Lal Cricket Stadium,2,7.3,Chandigarh,Saurashtra,Arjit Pannu,Ankit Kaushik,PN Mankad,1,0,,,,,,,,,
1280269,2021/22,2021-11-08,Chaudhry Bansi Lal Cricket Stadium,2,7.4,Chandigarh,Saurashtra,Ankit Kaushik,Arjit Pannu,PN Mankad,0,1,,,,1,,,,,
1280269,2021/22,2021-11-08,Chaudhry Bansi Lal Cricket Stadium,2,7.5,Chandigarh,Saurashtra,Arjit Pannu,Ankit Kaushik,PN Mankad,4,0,,,,,,,,,
1280269,2021/22,2021-11-08,Chaudhry Bansi Lal Cricket Stadium,2,7.6,Chandigarh,Saurashtra,Arjit Pannu,Ankit Kaushik,PN Mankad,1,0,,,,,,,,,
1280269,2021/22,2021-11-08,Chaudhry Bansi Lal Cricket Stadium,2,8.1,Chandigarh,Saurashtra,Arjit Pannu,Ankit Kaushik,Chirag Jani,1,0,,,,,,,,,
1280269,2021/22,2021-11-08,Chaudhry Bansi Lal Cricket Stadium,2,8.2,Chandigarh,Saurashtra,Ankit Kaushik,Arjit Pannu,Chirag Jani,0,0,,,,,,,,,
1280269,2021/22,2021-11-08,Chaudhry Bansi Lal Cricket Stadium,2,8.3,Chandigarh,Saurashtra,Ankit Kaushik,Arjit Pannu,Chirag Jani,1,0,,,,,,,,,
1280269,2021/22,2021-11-08,Chaudhry Bansi Lal Cricket Stadium,2,8.4,Chandigarh,Saurashtra,Arjit Pannu,Ankit Kaushik,Chirag Jani,1,0,,,,,,,,,
1280269,2021/22,2021-11-08,Chaudhry Bansi Lal Cricket Stadium,2,8.5,Chandigarh,Saurashtra,Ankit Kaushik,Arjit Pannu,Chirag Jani,0,1,,,,1,,,,,
1280269,2021/22,2021-11-08,Chaudhry Bansi Lal Cricket Stadium,2,8.6,Chandigarh,Saurashtra,Arjit Pannu,Ankit Kaushik,Chirag Jani,4,0,,,,,,,,,
1280269,2021/22,2021-11-08,Chaudhry Bansi Lal Cricket Stadium,2,9.1,Chandigarh,Saurashtra,Ankit Kaushik,Arjit Pannu,Dharmendrasinh Jadeja,0,0,,,,,,,,,
1280269,2021/22,2021-11-08,Chaudhry Bansi Lal Cricket Stadium,2,9.2,Chandigarh,Saurashtra,Ankit Kaushik,Arjit Pannu,Dharmendrasinh Jadeja,0,0,,,,,,,,,
1280269,2021/22,2021-11-08,Chaudhry Bansi Lal Cricket Stadium,2,9.3,Chandigarh,Saurashtra,Ankit Kaushik,Arjit Pannu,Dharmendrasinh Jadeja,1,0,,,,,,,,,
1280269,2021/22,2021-11-08,Chaudhry Bansi Lal Cricket Stadium,2,9.4,Chandigarh,Saurashtra,Arjit Pannu,Ankit Kaushik,Dharmendrasinh Jadeja,6,0,,,,,,,,,
1280269,2021/22,2021-11-08,Chaudhry Bansi Lal Cricket Stadium,2,9.5,Chandigarh,Saurashtra,Arjit Pannu,Ankit Kaushik,Dharmendrasinh Jadeja,6,0,,,,,,,,,
1280269,2021/22,2021-11-08,Chaudhry Bansi Lal Cricket Stadium,2,9.6,Chandigarh,Saurashtra,Arjit Pannu,Ankit Kaushik,Dharmendrasinh Jadeja,1,0,,,,,,,,,
1280269,2021/22,2021-11-08,Chaudhry Bansi Lal Cricket Stadium,2,10.1,Chandigarh,Saurashtra,Arjit Pannu,Ankit Kaushik,JD Unadkat,1,0,,,,,,,,,
1280269,2021/22,2021-11-08,Chaudhry Bansi Lal Cricket Stadium,2,10.2,Chandigarh,Saurashtra,Ankit Kaushik,Arjit Pannu,JD Unadkat,1,0,,,,,,,,,
1280269,2021/22,2021-11-08,Chaudhry Bansi Lal Cricket Stadium,2,10.3,Chandigarh,Saurashtra,Arjit Pannu,Ankit Kaushik,JD Unadkat,1,0,,,,,,,,,
1280269,2021/22,2021-11-08,Chaudhry Bansi Lal Cricket Stadium,2,10.4,Chandigarh,Saurashtra,Ankit Kaushik,Arjit Pannu,JD Unadkat,0,0,,,,,,,,,
1280269,2021/22,2021-11-08,Chaudhry Bansi Lal Cricket Stadium,2,10.5,Chandigarh,Saurashtra,Ankit Kaushik,Arjit Pannu,JD Unadkat,1,0,,,,,,,,,
1280269,2021/22,2021-11-08,Chaudhry Bansi Lal Cricket Stadium,2,10.6,Chandigarh,Saurashtra,Arjit Pannu,Ankit Kaushik,JD Unadkat,2,0,,,,,,,,,
1280269,2021/22,2021-11-08,Chaudhry Bansi Lal Cricket Stadium,2,11.1,Chandigarh,Saurashtra,Ankit Kaushik,Arjit Pannu,C Sakariya,0,0,,,,,,,,,
1280269,2021/22,2021-11-08,Chaudhry Bansi Lal Cricket Stadium,2,11.2,Chandigarh,Saurashtra,Ankit Kaushik,Arjit Pannu,C Sakariya,1,0,,,,,,,,,
1280269,2021/22,2021-11-08,Chaudhry Bansi Lal Cricket Stadium,2,11.3,Chandigarh,Saurashtra,Arjit Pannu,Ankit Kaushik,C Sakariya,4,0,,,,,,,,,
1280269,2021/22,2021-11-08,Chaudhry Bansi Lal Cricket Stadium,2,11.4,Chandigarh,Saurashtra,Arjit Pannu,Ankit Kaushik,C Sakariya,0,0,,,,,,,,,
1280269,2021/22,2021-11-08,Chaudhry Bansi Lal Cricket Stadium,2,11.5,Chandigarh,Saurashtra,Arjit Pannu,Ankit Kaushik,C Sakariya,0,0,,,,,,,,,
1280269,2021/22,2021-11-08,Chaudhry Bansi Lal Cricket Stadium,2,11.6,Chandigarh,Saurashtra,Arjit Pannu,Ankit Kaushik,C Sakariya,0,0,,,,,,bowled,Arjit Pannu,,
1280269,2021/22,2021-11-08,Chaudhry Bansi Lal Cricket Stadium,2,12.1,Chandigarh,Saurashtra,Ankit Kaushik,Gaurav Puri,K D Patel,0,1,,,,1,,,,,
1280269,2021/22,2021-11-08,Chaudhry Bansi Lal Cricket Stadium,2,12.2,Chandigarh,Saurashtra,Gaurav Puri,Ankit Kaushik,K D Patel,0,0,,,,,,,,,
1280269,2021/22,2021-11-08,Chaudhry Bansi Lal Cricket Stadium,2,12.3,Chandigarh,Saurashtra,Gaurav Puri,Ankit Kaushik,K D Patel,4,0,,,,,,,,,
1280269,2021/22,2021-11-08,Chaudhry Bansi Lal Cricket Stadium,2,12.4,Chandigarh,Saurashtra,Gaurav Puri,Ankit Kaushik,K D Patel,1,0,,,,,,,,,
1280269,2021/22,2021-11-08,Chaudhry Bansi Lal Cricket Stadium,2,12.5,Chandigarh,Saurashtra,Ankit Kaushik,Gaurav Puri,K D Patel,1,0,,,,,,,,,
1280269,2021/22,2021-11-08,Chaudhry Bansi Lal Cricket Stadium,2,12.6,Chandigarh,Saurashtra,Gaurav Puri,Ankit Kaushik,K D Patel,1,0,,,,,,,,,
1280269,2021/22,2021-11-08,Chaudhry Bansi Lal Cricket Stadium,2,13.1,Chandigarh,Saurashtra,Gaurav Puri,Ankit Kaushik,Dharmendrasinh Jadeja,6,0,,,,,,,,,
1280269,2021/22,2021-11-08,Chaudhry Bansi Lal Cricket Stadium,2,13.2,Chandigarh,Saurashtra,Gaurav Puri,Ankit Kaushik,Dharmendrasinh Jadeja,1,0,,,,,,,,,
1280269,2021/22,2021-11-08,Chaudhry Bansi Lal Cricket Stadium,2,13.3,Chandigarh,Saurashtra,Ankit Kaushik,Gaurav Puri,Dharmendrasinh Jadeja,0,0,,,,,,,,,
1280269,2021/22,2021-11-08,Chaudhry Bansi Lal Cricket Stadium,2,13.4,Chandigarh,Saurashtra,Ankit Kaushik,Gaurav Puri,Dharmendrasinh Jadeja,0,0,,,,,,caught,Ankit Kaushik,,
1280269,2021/22,2021-11-08,Chaudhry Bansi Lal Cricket Stadium,2,13.5,Chandigarh,Saurashtra,Gaurav Puri,Jaskaran Singh,Dharmendrasinh Jadeja,4,0,,,,,,,,,
1280269,2021/22,2021-11-08,Chaudhry Bansi Lal Cricket Stadium,2,13.6,Chandigarh,Saurashtra,Gaurav Puri,Jaskaran Singh,Dharmendrasinh Jadeja,4,0,,,,,,,,,
1280269,2021/22,2021-11-08,Chaudhry Bansi Lal Cricket Stadium,2,14.1,Chandigarh,Saurashtra,Jaskaran Singh,Gaurav Puri,Chirag Jani,0,0,,,,,,,,,
1280269,2021/22,2021-11-08,Chaudhry Bansi Lal Cricket Stadium,2,14.2,Chandigarh,Saurashtra,Jaskaran Singh,Gaurav Puri,Chirag Jani,1,0,,,,,,,,,
1280269,2021/22,2021-11-08,Chaudhry Bansi Lal Cricket Stadium,2,14.3,Chandigarh,Saurashtra,Gaurav Puri,Jaskaran Singh,Chirag Jani,4,0,,,,,,,,,
1280269,2021/22,2021-11-08,Chaudhry Bansi Lal Cricket Stadium,2,14.4,Chandigarh,Saurashtra,Gaurav Puri,Jaskaran Singh,Chirag Jani,2,0,,,,,,,,,
1280269,2021/22,2021-11-08,Chaudhry Bansi Lal Cricket Stadium,2,14.5,Chandigarh,Saurashtra,Gaurav Puri,Jaskaran Singh,Chirag Jani,1,0,,,,,,,,,
1280269,2021/22,2021-11-08,Chaudhry Bansi Lal Cricket Stadium,2,14.6,Chandigarh,Saurashtra,Jaskaran Singh,Gaurav Puri,Chirag Jani,1,0,,,,,,,,,
1280269,2021/22,2021-11-08,Chaudhry Bansi Lal Cricket Stadium,2,15.1,Chandigarh,Saurashtra,Jaskaran Singh,Gaurav Puri,JD Unadkat,0,0,,,,,,,,,
1280269,2021/22,2021-11-08,Chaudhry Bansi Lal Cricket Stadium,2,15.2,Chandigarh,Saurashtra,Jaskaran Singh,Gaurav Puri,JD Unadkat,0,0,,,,,,bowled,Jaskaran Singh,,
1280269,2021/22,2021-11-08,Chaudhry Bansi Lal Cricket Stadium,2,15.3,Chandigarh,Saurashtra,Gurinder Singh,Gaurav Puri,JD Unadkat,0,0,,,,,,,,,
1280269,2021/22,2021-11-08,Chaudhry Bansi Lal Cricket Stadium,2,15.4,Chandigarh,Saurashtra,Gurinder Singh,Gaurav Puri,JD Unadkat,0,0,,,,,,,,,
1280269,2021/22,2021-11-08,Chaudhry Bansi Lal Cricket Stadium,2,15.5,Chandigarh,Saurashtra,Gurinder Singh,Gaurav Puri,JD Unadkat,1,0,,,,,,,,,
1280269,2021/22,2021-11-08,Chaudhry Bansi Lal Cricket Stadium,2,15.6,Chandigarh,Saurashtra,Gaurav Puri,Gurinder Singh,JD Unadkat,0,0,,,,,,,,,
1280269,2021/22,2021-11-08,Chaudhry Bansi Lal Cricket Stadium,2,16.1,Chandigarh,Saurashtra,Gurinder Singh,Gaurav Puri,C Sakariya,1,0,,,,,,,,,
1280269,2021/22,2021-11-08,Chaudhry Bansi Lal Cricket Stadium,2,16.2,Chandigarh,Saurashtra,Gaurav Puri,Gurinder Singh,C Sakariya,6,0,,,,,,,,,
1280269,2021/22,2021-11-08,Chaudhry Bansi Lal Cricket Stadium,2,16.3,Chandigarh,Saurashtra,Gaurav Puri,Gurinder Singh,C Sakariya,1,0,,,,,,,,,
1280269,2021/22,2021-11-08,Chaudhry Bansi Lal Cricket Stadium,2,16.4,Chandigarh,Saurashtra,Gurinder Singh,Gaurav Puri,C Sakariya,1,0,,,,,,,,,
1280269,2021/22,2021-11-08,Chaudhry Bansi Lal Cricket Stadium,2,16.5,Chandigarh,Saurashtra,Gaurav Puri,Gurinder Singh,C Sakariya,0,0,,,,,,,,,
1280269,2021/22,2021-11-08,Chaudhry Bansi Lal Cricket Stadium,2,16.6,Chandigarh,Saurashtra,Gaurav Puri,Gurinder Singh,C Sakariya,0,0,,,,,,caught,Gaurav Puri,,
1280269,2021/22,2021-11-08,Chaudhry Bansi Lal Cricket Stadium,2,17.1,Chandigarh,Saurashtra,Gurinder Singh,Bhagmender Lather,K D Patel,1,0,,,,,,,,,
1280269,2021/22,2021-11-08,Chaudhry Bansi Lal Cricket Stadium,2,17.2,Chandigarh,Saurashtra,Bhagmender Lather,Gurinder Singh,K D Patel,1,0,,,,,,,,,
1280269,2021/22,2021-11-08,Chaudhry Bansi Lal Cricket Stadium,2,17.3,Chandigarh,Saurashtra,Gurinder Singh,Bhagmender Lather,K D Patel,4,0,,,,,,,,,
1280269,2021/22,2021-11-08,Chaudhry Bansi Lal Cricket Stadium,2,17.4,Chandigarh,Saurashtra,Gurinder Singh,Bhagmender Lather,K D Patel,1,0,,,,,,,,,
1280269,2021/22,2021-11-08,Chaudhry Bansi Lal Cricket Stadium,2,17.5,Chandigarh,Saurashtra,Bhagmender Lather,Gurinder Singh,K D Patel,1,0,,,,,,,,,
1280269,2021/22,2021-11-08,Chaudhry Bansi Lal Cricket Stadium,2,17.6,Chandigarh,Saurashtra,Gurinder Singh,Bhagmender Lather,K D Patel,1,0,,,,,,,,,
1280269,2021/22,2021-11-08,Chaudhry Bansi Lal Cricket Stadium,2,18.1,Chandigarh,Saurashtra,Gurinder Singh,Bhagmender Lather,Chirag Jani,1,0,,,,,,,,,
1280269,2021/22,2021-11-08,Chaudhry Bansi Lal Cricket Stadium,2,18.2,Chandigarh,Saurashtra,Bhagmender Lather,Gurinder Singh,Chirag Jani,0,0,,,,,,,,,
1280269,2021/22,2021-11-08,Chaudhry Bansi Lal Cricket Stadium,2,18.3,Chandigarh,Saurashtra,Bhagmender Lather,Gurinder Singh,Chirag Jani,0,5,5,,,,,,,,
1280269,2021/22,2021-11-08,Chaudhry Bansi Lal Cricket Stadium,2,18.4,Chandigarh,Saurashtra,Bhagmender Lather,Gurinder Singh,Chirag Jani,4,0,,,,,,,,,
1280269,2021/22,2021-11-08,Chaudhry Bansi Lal Cricket Stadium,2,18.5,Chandigarh,Saurashtra,Bhagmender Lather,Gurinder Singh,Chirag Jani,6,0,,,,,,,,,
1280269,2021/22,2021-11-08,Chaudhry Bansi Lal Cricket Stadium,2,18.6,Chandigarh,Saurashtra,Bhagmender Lather,Gurinder Singh,Chirag Jani,1,0,,,,,,,,,
1280269,2021/22,2021-11-08,Chaudhry Bansi Lal Cricket Stadium,2,18.7,Chandigarh,Saurashtra,Gurinder Singh,Bhagmender Lather,Chirag Jani,1,0,,,,,,,,,
1280269,2021/22,2021-11-08,Chaudhry Bansi Lal Cricket Stadium,2,19.1,Chandigarh,Saurashtra,Gurinder Singh,Bhagmender Lather,K D Patel,1,0,,,,,,,,,
1280269,2021/22,2021-11-08,Chaudhry Bansi Lal Cricket Stadium,2,19.2,Chandigarh,Saurashtra,Bhagmender Lather,Gurinder Singh,K D Patel,1,0,,,,,,,,,
1280269,2021/22,2021-11-08,Chaudhry Bansi Lal Cricket Stadium,2,19.3,Chandigarh,Saurashtra,Gurinder Singh,Bhagmender Lather,K D Patel,0,0,,,,,,,,,
1280269,2021/22,2021-11-08,Chaudhry Bansi Lal Cricket Stadium,2,19.4,Chandigarh,Saurashtra,Gurinder Singh,Bhagmender Lather,K D Patel,2,0,,,,,,,,,
1280269,2021/22,2021-11-08,Chaudhry Bansi Lal Cricket Stadium,2,19.5,Chandigarh,Saurashtra,Gurinder Singh,Bhagmender Lather,K D Patel,6,0,,,,,,,,,
1280269,2021/22,2021-11-08,Chaudhry Bansi Lal Cricket Stadium,2,19.6,Chandigarh,Saurashtra,Gurinder Singh,Bhagmender Lather,K D Patel,1,0,,,,,,,,,
