match_id,season,start_date,venue,innings,ball,batting_team,bowling_team,striker,non_striker,bowler,runs_off_bat,extras,wides,noballs,byes,legbyes,penalty,wicket_type,player_dismissed,other_wicket_type,other_player_dismissed
1280263,2021/22,2021-11-08,Alembic 2  Cricket Ground,1,0.1,Rajasthan,Andhra,YB Kothari,Aditya Garhwal,Cheepurapalli Stephen,0,0,,,,,,,,,
1280263,2021/22,2021-11-08,Alembic 2  Cricket Ground,1,0.2,Rajasthan,Andhra,YB Kothari,Aditya Garhwal,Cheepurapalli Stephen,1,0,,,,,,,,,
1280263,2021/22,2021-11-08,Alembic 2  Cricket Ground,1,0.3,Rajasthan,Andhra,Aditya Garhwal,YB Kothari,Cheepurapalli Stephen,0,0,,,,,,,,,
1280263,2021/22,2021-11-08,Alembic 2  Cricket Ground,1,0.4,Rajasthan,Andhra,Aditya Garhwal,YB Kothari,Cheepurapalli Stephen,0,1,1,,,,,,,,
1280263,2021/22,2021-11-08,Alembic 2  Cricket Ground,1,0.5,Rajasthan,Andhra,Aditya Garhwal,YB Kothari,Cheepurapalli Stephen,0,0,,,,,,caught,Aditya Garhwal,,
1280263,2021/22,2021-11-08,Alembic 2  Cricket Ground,1,0.6,Rajasthan,Andhra,AL Menaria,YB Kothari,Cheepurapalli Stephen,0,0,,,,,,,,,
1280263,2021/22,2021-11-08,Alembic 2  Cricket Ground,1,0.7,Rajasthan,Andhra,AL Menaria,YB Kothari,Cheepurapalli Stephen,0,1,1,,,,,,,,
1280263,2021/22,2021-11-08,Alembic 2  Cricket Ground,1,0.8,Rajasthan,Andhra,AL Menaria,YB Kothari,Cheepurapalli Stephen,4,0,,,,,,,,,
1280263,2021/22,2021-11-08,Alembic 2  Cricket Ground,1,1.1,Rajasthan,Andhra,YB Kothari,AL Menaria,Harishankar Reddy,0,0,,,,,,,,,
1280263,2021/22,2021-11-08,Alembic 2  Cricket Ground,1,1.2,Rajasthan,Andhra,YB Kothari,AL Menaria,Harishankar Reddy,0,1,1,,,,,,,,
1280263,2021/22,2021-11-08,Alembic 2  Cricket Ground,1,1.3,Rajasthan,Andhra,YB Kothari,AL Menaria,Harishankar Reddy,0,0,,,,,,,,,
1280263,2021/22,2021-11-08,Alembic 2  Cricket Ground,1,1.4,Rajasthan,Andhra,YB Kothari,AL Menaria,Harishankar Reddy,4,0,,,,,,,,,
1280263,2021/22,2021-11-08,Alembic 2  Cricket Ground,1,1.5,Rajasthan,Andhra,YB Kothari,AL Menaria,Harishankar Reddy,0,0,,,,,,,,,
1280263,2021/22,2021-11-08,Alembic 2  Cricket Ground,1,1.6,Rajasthan,Andhra,YB Kothari,AL Menaria,Harishankar Reddy,0,0,,,,,,,,,
1280263,2021/22,2021-11-08,Alembic 2  Cricket Ground,1,1.7,Rajasthan,Andhra,YB Kothari,AL Menaria,Harishankar Reddy,0,0,,,,,,,,,
1280263,2021/22,2021-11-08,Alembic 2  Cricket Ground,1,2.1,Rajasthan,Andhra,AL Menaria,YB Kothari,Cheepurapalli Stephen,0,0,,,,,,caught,AL Menaria,,
1280263,2021/22,2021-11-08,Alembic 2  Cricket Ground,1,2.2,Rajasthan,Andhra,MK Lomror,YB Kothari,Cheepurapalli Stephen,2,0,,,,,,,,,
1280263,2021/22,2021-11-08,Alembic 2  Cricket Ground,1,2.3,Rajasthan,Andhra,MK Lomror,YB Kothari,Cheepurapalli Stephen,0,0,,,,,,,,,
1280263,2021/22,2021-11-08,Alembic 2  Cricket Ground,1,2.4,Rajasthan,Andhra,MK Lomror,YB Kothari,Cheepurapalli Stephen,0,0,,,,,,,,,
1280263,2021/22,2021-11-08,Alembic 2  Cricket Ground,1,2.5,Rajasthan,Andhra,MK Lomror,YB Kothari,Cheepurapalli Stephen,1,0,,,,,,,,,
1280263,2021/22,2021-11-08,Alembic 2  Cricket Ground,1,2.6,Rajasthan,Andhra,YB Kothari,MK Lomror,Cheepurapalli Stephen,1,0,,,,,,,,,
1280263,2021/22,2021-11-08,Alembic 2  Cricket Ground,1,3.1,Rajasthan,Andhra,YB Kothari,MK Lomror,K V Sasikanth,4,0,,,,,,,,,
1280263,2021/22,2021-11-08,Alembic 2  Cricket Ground,1,3.2,Rajasthan,Andhra,YB Kothari,MK Lomror,K V Sasikanth,4,0,,,,,,,,,
1280263,2021/22,2021-11-08,Alembic 2  Cricket Ground,1,3.3,Rajasthan,Andhra,YB Kothari,MK Lomror,K V Sasikanth,1,0,,,,,,,,,
1280263,2021/22,2021-11-08,Alembic 2  Cricket Ground,1,3.4,Rajasthan,Andhra,MK Lomror,YB Kothari,K V Sasikanth,0,0,,,,,,,,,
1280263,2021/22,2021-11-08,Alembic 2  Cricket Ground,1,3.5,Rajasthan,Andhra,MK Lomror,YB Kothari,K V Sasikanth,0,1,1,,,,,,,,
1280263,2021/22,2021-11-08,Alembic 2  Cricket Ground,1,3.6,Rajasthan,Andhra,MK Lomror,YB Kothari,K V Sasikanth,4,0,,,,,,,,,
1280263,2021/22,2021-11-08,Alembic 2  Cricket Ground,1,3.7,Rajasthan,Andhra,MK Lomror,YB Kothari,K V Sasikanth,0,0,,,,,,,,,
1280263,2021/22,2021-11-08,Alembic 2  Cricket Ground,1,4.1,Rajasthan,Andhra,YB Kothari,MK Lomror,Pinninit Tapaswi,1,0,,,,,,,,,
1280263,2021/22,2021-11-08,Alembic 2  Cricket Ground,1,4.2,Rajasthan,Andhra,MK Lomror,YB Kothari,Pinninit Tapaswi,4,0,,,,,,,,,
1280263,2021/22,2021-11-08,Alembic 2  Cricket Ground,1,4.3,Rajasthan,Andhra,MK Lomror,YB Kothari,Pinninit Tapaswi,0,0,,,,,,,,,
1280263,2021/22,2021-11-08,Alembic 2  Cricket Ground,1,4.4,Rajasthan,Andhra,MK Lomror,YB Kothari,Pinninit Tapaswi,6,0,,,,,,,,,
1280263,2021/22,2021-11-08,Alembic 2  Cricket Ground,1,4.5,Rajasthan,Andhra,MK Lomror,YB Kothari,Pinninit Tapaswi,1,0,,,,,,,,,
1280263,2021/22,2021-11-08,Alembic 2  Cricket Ground,1,4.6,Rajasthan,Andhra,YB Kothari,MK Lomror,Pinninit Tapaswi,1,0,,,,,,,,,
1280263,2021/22,2021-11-08,Alembic 2  Cricket Ground,1,5.1,Rajasthan,Andhra,YB Kothari,MK Lomror,K V Sasikanth,1,0,,,,,,,,,
1280263,2021/22,2021-11-08,Alembic 2  Cricket Ground,1,5.2,Rajasthan,Andhra,MK Lomror,YB Kothari,K V Sasikanth,1,0,,,,,,,,,
1280263,2021/22,2021-11-08,Alembic 2  Cricket Ground,1,5.3,Rajasthan,Andhra,YB Kothari,MK Lomror,K V Sasikanth,2,0,,,,,,,,,
1280263,2021/22,2021-11-08,Alembic 2  Cricket Ground,1,5.4,Rajasthan,Andhra,YB Kothari,MK Lomror,K V Sasikanth,1,0,,,,,,,,,
1280263,2021/22,2021-11-08,Alembic 2  Cricket Ground,1,5.5,Rajasthan,Andhra,MK Lomror,YB Kothari,K V Sasikanth,0,0,,,,,,,,,
1280263,2021/22,2021-11-08,Alembic 2  Cricket Ground,1,5.6,Rajasthan,Andhra,MK Lomror,YB Kothari,K V Sasikanth,1,0,,,,,,,,,
1280263,2021/22,2021-11-08,Alembic 2  Cricket Ground,1,6.1,Rajasthan,Andhra,MK Lomror,YB Kothari,Manish Golamaru,1,0,,,,,,,,,
1280263,2021/22,2021-11-08,Alembic 2  Cricket Ground,1,6.2,Rajasthan,Andhra,YB Kothari,MK Lomror,Manish Golamaru,1,0,,,,,,,,,
1280263,2021/22,2021-11-08,Alembic 2  Cricket Ground,1,6.3,Rajasthan,Andhra,MK Lomror,YB Kothari,Manish Golamaru,4,0,,,,,,,,,
1280263,2021/22,2021-11-08,Alembic 2  Cricket Ground,1,6.4,Rajasthan,Andhra,MK Lomror,YB Kothari,Manish Golamaru,1,0,,,,,,,,,
1280263,2021/22,2021-11-08,Alembic 2  Cricket Ground,1,6.5,Rajasthan,Andhra,YB Kothari,MK Lomror,Manish Golamaru,0,0,,,,,,,,,
1280263,2021/22,2021-11-08,Alembic 2  Cricket Ground,1,6.6,Rajasthan,Andhra,YB Kothari,MK Lomror,Manish Golamaru,1,0,,,,,,,,,
1280263,2021/22,2021-11-08,Alembic 2  Cricket Ground,1,7.1,Rajasthan,Andhra,YB Kothari,MK Lomror,K V Sasikanth,1,0,,,,,,,,,
1280263,2021/22,2021-11-08,Alembic 2  Cricket Ground,1,7.2,Rajasthan,Andhra,MK Lomror,YB Kothari,K V Sasikanth,2,0,,,,,,,,,
1280263,2021/22,2021-11-08,Alembic 2  Cricket Ground,1,7.3,Rajasthan,Andhra,MK Lomror,YB Kothari,K V Sasikanth,1,0,,,,,,,,,
1280263,2021/22,2021-11-08,Alembic 2  Cricket Ground,1,7.4,Rajasthan,Andhra,YB Kothari,MK Lomror,K V Sasikanth,0,0,,,,,,,,,
1280263,2021/22,2021-11-08,Alembic 2  Cricket Ground,1,7.5,Rajasthan,Andhra,YB Kothari,MK Lomror,K V Sasikanth,1,0,,,,,,,,,
1280263,2021/22,2021-11-08,Alembic 2  Cricket Ground,1,7.6,Rajasthan,Andhra,MK Lomror,YB Kothari,K V Sasikanth,0,0,,,,,,,,,
1280263,2021/22,2021-11-08,Alembic 2  Cricket Ground,1,8.1,Rajasthan,Andhra,YB Kothari,MK Lomror,Manish Golamaru,0,0,,,,,,lbw,YB Kothari,,
1280263,2021/22,2021-11-08,Alembic 2  Cricket Ground,1,8.2,Rajasthan,Andhra,DJ Hooda,MK Lomror,Manish Golamaru,1,0,,,,,,,,,
1280263,2021/22,2021-11-08,Alembic 2  Cricket Ground,1,8.3,Rajasthan,Andhra,MK Lomror,DJ Hooda,Manish Golamaru,1,0,,,,,,,,,
1280263,2021/22,2021-11-08,Alembic 2  Cricket Ground,1,8.4,Rajasthan,Andhra,DJ Hooda,MK Lomror,Manish Golamaru,0,0,,,,,,,,,
1280263,2021/22,2021-11-08,Alembic 2  Cricket Ground,1,8.5,Rajasthan,Andhra,DJ Hooda,MK Lomror,Manish Golamaru,0,0,,,,,,,,,
1280263,2021/22,2021-11-08,Alembic 2  Cricket Ground,1,8.6,Rajasthan,Andhra,DJ Hooda,MK Lomror,Manish Golamaru,1,0,,,,,,,,,
1280263,2021/22,2021-11-08,Alembic 2  Cricket Ground,1,9.1,Rajasthan,Andhra,DJ Hooda,MK Lomror,Harishankar Reddy,0,1,1,,,,,,,,
1280263,2021/22,2021-11-08,Alembic 2  Cricket Ground,1,9.2,Rajasthan,Andhra,DJ Hooda,MK Lomror,Harishankar Reddy,1,0,,,,,,,,,
1280263,2021/22,2021-11-08,Alembic 2  Cricket Ground,1,9.3,Rajasthan,Andhra,MK Lomror,DJ Hooda,Harishankar Reddy,1,0,,,,,,,,,
1280263,2021/22,2021-11-08,Alembic 2  Cricket Ground,1,9.4,Rajasthan,Andhra,DJ Hooda,MK Lomror,Harishankar Reddy,1,0,,,,,,,,,
1280263,2021/22,2021-11-08,Alembic 2  Cricket Ground,1,9.5,Rajasthan,Andhra,MK Lomror,DJ Hooda,Harishankar Reddy,1,0,,,,,,,,,
1280263,2021/22,2021-11-08,Alembic 2  Cricket Ground,1,9.6,Rajasthan,Andhra,DJ Hooda,MK Lomror,Harishankar Reddy,4,0,,,,,,,,,
1280263,2021/22,2021-11-08,Alembic 2  Cricket Ground,1,9.7,Rajasthan,Andhra,DJ Hooda,MK Lomror,Harishankar Reddy,4,0,,,,,,,,,
1280263,2021/22,2021-11-08,Alembic 2  Cricket Ground,1,10.1,Rajasthan,Andhra,MK Lomror,DJ Hooda,Manish Golamaru,4,0,,,,,,,,,
1280263,2021/22,2021-11-08,Alembic 2  Cricket Ground,1,10.2,Rajasthan,Andhra,MK Lomror,DJ Hooda,Manish Golamaru,2,0,,,,,,,,,
1280263,2021/22,2021-11-08,Alembic 2  Cricket Ground,1,10.3,Rajasthan,Andhra,MK Lomror,DJ Hooda,Manish Golamaru,6,0,,,,,,,,,
1280263,2021/22,2021-11-08,Alembic 2  Cricket Ground,1,10.4,Rajasthan,Andhra,MK Lomror,DJ Hooda,Manish Golamaru,1,0,,,,,,,,,
1280263,2021/22,2021-11-08,Alembic 2  Cricket Ground,1,10.5,Rajasthan,Andhra,DJ Hooda,MK Lomror,Manish Golamaru,0,0,,,,,,,,,
1280263,2021/22,2021-11-08,Alembic 2  Cricket Ground,1,10.6,Rajasthan,Andhra,DJ Hooda,MK Lomror,Manish Golamaru,1,0,,,,,,,,,
1280263,2021/22,2021-11-08,Alembic 2  Cricket Ground,1,11.1,Rajasthan,Andhra,DJ Hooda,MK Lomror,K V Sasikanth,1,0,,,,,,,,,
1280263,2021/22,2021-11-08,Alembic 2  Cricket Ground,1,11.2,Rajasthan,Andhra,MK Lomror,DJ Hooda,K V Sasikanth,1,0,,,,,,,,,
1280263,2021/22,2021-11-08,Alembic 2  Cricket Ground,1,11.3,Rajasthan,Andhra,DJ Hooda,MK Lomror,K V Sasikanth,1,0,,,,,,,,,
1280263,2021/22,2021-11-08,Alembic 2  Cricket Ground,1,11.4,Rajasthan,Andhra,MK Lomror,DJ Hooda,K V Sasikanth,2,0,,,,,,,,,
1280263,2021/22,2021-11-08,Alembic 2  Cricket Ground,1,11.5,Rajasthan,Andhra,MK Lomror,DJ Hooda,K V Sasikanth,4,0,,,,,,,,,
1280263,2021/22,2021-11-08,Alembic 2  Cricket Ground,1,11.6,Rajasthan,Andhra,MK Lomror,DJ Hooda,K V Sasikanth,1,0,,,,,,,,,
1280263,2021/22,2021-11-08,Alembic 2  Cricket Ground,1,12.1,Rajasthan,Andhra,MK Lomror,DJ Hooda,Manish Golamaru,1,0,,,,,,,,,
1280263,2021/22,2021-11-08,Alembic 2  Cricket Ground,1,12.2,Rajasthan,Andhra,DJ Hooda,MK Lomror,Manish Golamaru,4,0,,,,,,,,,
1280263,2021/22,2021-11-08,Alembic 2  Cricket Ground,1,12.3,Rajasthan,Andhra,DJ Hooda,MK Lomror,Manish Golamaru,1,0,,,,,,,,,
1280263,2021/22,2021-11-08,Alembic 2  Cricket Ground,1,12.4,Rajasthan,Andhra,MK Lomror,DJ Hooda,Manish Golamaru,0,0,,,,,,,,,
1280263,2021/22,2021-11-08,Alembic 2  Cricket Ground,1,12.5,Rajasthan,Andhra,MK Lomror,DJ Hooda,Manish Golamaru,1,0,,,,,,,,,
1280263,2021/22,2021-11-08,Alembic 2  Cricket Ground,1,12.6,Rajasthan,Andhra,DJ Hooda,MK Lomror,Manish Golamaru,1,0,,,,,,,,,
1280263,2021/22,2021-11-08,Alembic 2  Cricket Ground,1,13.1,Rajasthan,Andhra,DJ Hooda,MK Lomror,Pinninit Tapaswi,0,1,1,,,,,,,,
1280263,2021/22,2021-11-08,Alembic 2  Cricket Ground,1,13.2,Rajasthan,Andhra,DJ Hooda,MK Lomror,Pinninit Tapaswi,0,0,,,,,,caught,DJ Hooda,,
1280263,2021/22,2021-11-08,Alembic 2  Cricket Ground,1,13.3,Rajasthan,Andhra,MK Lomror,Suraj Ahuja,Pinninit Tapaswi,1,0,,,,,,,,,
1280263,2021/22,2021-11-08,Alembic 2  Cricket Ground,1,13.4,Rajasthan,Andhra,Suraj Ahuja,MK Lomror,Pinninit Tapaswi,1,0,,,,,,,,,
1280263,2021/22,2021-11-08,Alembic 2  Cricket Ground,1,13.5,Rajasthan,Andhra,MK Lomror,Suraj Ahuja,Pinninit Tapaswi,1,0,,,,,,,,,
1280263,2021/22,2021-11-08,Alembic 2  Cricket Ground,1,13.6,Rajasthan,Andhra,Suraj Ahuja,MK Lomror,Pinninit Tapaswi,0,0,,,,,,,,,
1280263,2021/22,2021-11-08,Alembic 2  Cricket Ground,1,13.7,Rajasthan,Andhra,Suraj Ahuja,MK Lomror,Pinninit Tapaswi,1,0,,,,,,,,,
1280263,2021/22,2021-11-08,Alembic 2  Cricket Ground,1,14.1,Rajasthan,Andhra,Suraj Ahuja,MK Lomror,Harishankar Reddy,0,0,,,,,,,,,
1280263,2021/22,2021-11-08,Alembic 2  Cricket Ground,1,14.2,Rajasthan,Andhra,Suraj Ahuja,MK Lomror,Harishankar Reddy,1,0,,,,,,,,,
1280263,2021/22,2021-11-08,Alembic 2  Cricket Ground,1,14.3,Rajasthan,Andhra,MK Lomror,Suraj Ahuja,Harishankar Reddy,2,0,,,,,,,,,
1280263,2021/22,2021-11-08,Alembic 2  Cricket Ground,1,14.4,Rajasthan,Andhra,MK Lomror,Suraj Ahuja,Harishankar Reddy,2,0,,,,,,,,,
1280263,2021/22,2021-11-08,Alembic 2  Cricket Ground,1,14.5,Rajasthan,Andhra,MK Lomror,Suraj Ahuja,Harishankar Reddy,0,0,,,,,,run out,Suraj Ahuja,,
1280263,2021/22,2021-11-08,Alembic 2  Cricket Ground,1,14.6,Rajasthan,Andhra,Shubham Kamal Sharma,MK Lomror,Harishankar Reddy,1,0,,,,,,,,,
1280263,2021/22,2021-11-08,Alembic 2  Cricket Ground,1,15.1,Rajasthan,Andhra,Shubham Kamal Sharma,MK Lomror,Pinninit Tapaswi,0,0,,,,,,,,,
1280263,2021/22,2021-11-08,Alembic 2  Cricket Ground,1,15.2,Rajasthan,Andhra,Shubham Kamal Sharma,MK Lomror,Pinninit Tapaswi,1,0,,,,,,,,,
1280263,2021/22,2021-11-08,Alembic 2  Cricket Ground,1,15.3,Rajasthan,Andhra,MK Lomror,Shubham Kamal Sharma,Pinninit Tapaswi,0,1,1,,,,,,,,
1280263,2021/22,2021-11-08,Alembic 2  Cricket Ground,1,15.4,Rajasthan,Andhra,MK Lomror,Shubham Kamal Sharma,Pinninit Tapaswi,1,0,,,,,,,,,
1280263,2021/22,2021-11-08,Alembic 2  Cricket Ground,1,15.5,Rajasthan,Andhra,Shubham Kamal Sharma,MK Lomror,Pinninit Tapaswi,0,0,,,,,,,,,
1280263,2021/22,2021-11-08,Alembic 2  Cricket Ground,1,15.6,Rajasthan,Andhra,Shubham Kamal Sharma,MK Lomror,Pinninit Tapaswi,1,0,,,,,,,,,
1280263,2021/22,2021-11-08,Alembic 2  Cricket Ground,1,15.7,Rajasthan,Andhra,MK Lomror,Shubham Kamal Sharma,Pinninit Tapaswi,4,0,,,,,,,,,
1280263,2021/22,2021-11-08,Alembic 2  Cricket Ground,1,16.1,Rajasthan,Andhra,Shubham Kamal Sharma,MK Lomror,Harishankar Reddy,0,0,,,,,,,,,
1280263,2021/22,2021-11-08,Alembic 2  Cricket Ground,1,16.2,Rajasthan,Andhra,Shubham Kamal Sharma,MK Lomror,Harishankar Reddy,2,0,,,,,,,,,
1280263,2021/22,2021-11-08,Alembic 2  Cricket Ground,1,16.3,Rajasthan,Andhra,Shubham Kamal Sharma,MK Lomror,Harishankar Reddy,0,0,,,,,,caught,Shubham Kamal Sharma,,
1280263,2021/22,2021-11-08,Alembic 2  Cricket Ground,1,16.4,Rajasthan,Andhra,KL Nagarkoti,MK Lomror,Harishankar Reddy,1,0,,,,,,,,,
1280263,2021/22,2021-11-08,Alembic 2  Cricket Ground,1,16.5,Rajasthan,Andhra,MK Lomror,KL Nagarkoti,Harishankar Reddy,1,0,,,,,,,,,
1280263,2021/22,2021-11-08,Alembic 2  Cricket Ground,1,16.6,Rajasthan,Andhra,KL Nagarkoti,MK Lomror,Harishankar Reddy,1,0,,,,,,,,,
1280263,2021/22,2021-11-08,Alembic 2  Cricket Ground,1,17.1,Rajasthan,Andhra,KL Nagarkoti,MK Lomror,Cheepurapalli Stephen,1,0,,,,,,,,,
1280263,2021/22,2021-11-08,Alembic 2  Cricket Ground,1,17.2,Rajasthan,Andhra,MK Lomror,KL Nagarkoti,Cheepurapalli Stephen,0,0,,,,,,,,,
1280263,2021/22,2021-11-08,Alembic 2  Cricket Ground,1,17.3,Rajasthan,Andhra,MK Lomror,KL Nagarkoti,Cheepurapalli Stephen,2,0,,,,,,,,,
1280263,2021/22,2021-11-08,Alembic 2  Cricket Ground,1,17.4,Rajasthan,Andhra,MK Lomror,KL Nagarkoti,Cheepurapalli Stephen,0,0,,,,,,caught,MK Lomror,,
1280263,2021/22,2021-11-08,Alembic 2  Cricket Ground,1,17.5,Rajasthan,Andhra,KL Nagarkoti,AR Lamba,Cheepurapalli Stephen,1,0,,,,,,,,,
1280263,2021/22,2021-11-08,Alembic 2  Cricket Ground,1,17.6,Rajasthan,Andhra,AR Lamba,KL Nagarkoti,Cheepurapalli Stephen,1,0,,,,,,,,,
1280263,2021/22,2021-11-08,Alembic 2  Cricket Ground,1,18.1,Rajasthan,Andhra,AR Lamba,KL Nagarkoti,Pinninit Tapaswi,1,0,,,,,,,,,
1280263,2021/22,2021-11-08,Alembic 2  Cricket Ground,1,18.2,Rajasthan,Andhra,KL Nagarkoti,AR Lamba,Pinninit Tapaswi,1,0,,,,,,,,,
1280263,2021/22,2021-11-08,Alembic 2  Cricket Ground,1,18.3,Rajasthan,Andhra,AR Lamba,KL Nagarkoti,Pinninit Tapaswi,0,0,,,,,,,,,
1280263,2021/22,2021-11-08,Alembic 2  Cricket Ground,1,18.4,Rajasthan,Andhra,AR Lamba,KL Nagarkoti,Pinninit Tapaswi,0,0,,,,,,bowled,AR Lamba,,
1280263,2021/22,2021-11-08,Alembic 2  Cricket Ground,1,18.5,Rajasthan,Andhra,Tanveer Ul-Haq,KL Nagarkoti,Pinninit Tapaswi,1,0,,,,,,,,,
1280263,2021/22,2021-11-08,Alembic 2  Cricket Ground,1,18.6,Rajasthan,Andhra,KL Nagarkoti,Tanveer Ul-Haq,Pinninit Tapaswi,0,0,,,,,,caught,KL Nagarkoti,,
1280263,2021/22,2021-11-08,Alembic 2  Cricket Ground,1,19.1,Rajasthan,Andhra,Ravi Bishnoi,Tanveer Ul-Haq,Cheepurapalli Stephen,1,0,,,,,,,,,
1280263,2021/22,2021-11-08,Alembic 2  Cricket Ground,1,19.2,Rajasthan,Andhra,Tanveer Ul-Haq,Ravi Bishnoi,Cheepurapalli Stephen,1,0,,,,,,,,,
1280263,2021/22,2021-11-08,Alembic 2  Cricket Ground,1,19.3,Rajasthan,Andhra,Ravi Bishnoi,Tanveer Ul-Haq,Cheepurapalli Stephen,2,0,,,,,,,,,
1280263,2021/22,2021-11-08,Alembic 2  Cricket Ground,1,19.4,Rajasthan,Andhra,Ravi Bishnoi,Tanveer Ul-Haq,Cheepurapalli Stephen,1,0,,,,,,,,,
1280263,2021/22,2021-11-08,Alembic 2  Cricket Ground,1,19.5,Rajasthan,Andhra,Tanveer Ul-Haq,Ravi Bishnoi,Cheepurapalli Stephen,0,0,,,,,,,,,
1280263,2021/22,2021-11-08,Alembic 2  Cricket Ground,1,19.6,Rajasthan,Andhra,Tanveer Ul-Haq,Ravi Bishnoi,Cheepurapalli Stephen,0,2,2,,,,,,,,
1280263,2021/22,2021-11-08,Alembic 2  Cricket Ground,1,19.7,Rajasthan,Andhra,Ravi Bishnoi,Tanveer Ul-Haq,Cheepurapalli Stephen,0,0,,,,,,run out,Tanveer Ul-Haq,,
1280263,2021/22,2021-11-08,Alembic 2  Cricket Ground,2,0.1,Andhra,Rajasthan,Ashwin Hebbar,KS Bharat,Tanveer Ul-Haq,0,0,,,,,,,,,
1280263,2021/22,2021-11-08,Alembic 2  Cricket Ground,2,0.2,Andhra,Rajasthan,Ashwin Hebbar,KS Bharat,Tanveer Ul-Haq,0,0,,,,,,,,,
1280263,2021/22,2021-11-08,Alembic 2  Cricket Ground,2,0.3,Andhra,Rajasthan,Ashwin Hebbar,KS Bharat,Tanveer Ul-Haq,1,0,,,,,,,,,
1280263,2021/22,2021-11-08,Alembic 2  Cricket Ground,2,0.4,Andhra,Rajasthan,KS Bharat,Ashwin Hebbar,Tanveer Ul-Haq,0,0,,,,,,,,,
1280263,2021/22,2021-11-08,Alembic 2  Cricket Ground,2,0.5,Andhra,Rajasthan,KS Bharat,Ashwin Hebbar,Tanveer Ul-Haq,1,0,,,,,,,,,
1280263,2021/22,2021-11-08,Alembic 2  Cricket Ground,2,0.6,Andhra,Rajasthan,Ashwin Hebbar,KS Bharat,Tanveer Ul-Haq,0,0,,,,,,,,,
1280263,2021/22,2021-11-08,Alembic 2  Cricket Ground,2,1.1,Andhra,Rajasthan,KS Bharat,Ashwin Hebbar,AR Lamba,4,0,,,,,,,,,
1280263,2021/22,2021-11-08,Alembic 2  Cricket Ground,2,1.2,Andhra,Rajasthan,KS Bharat,Ashwin Hebbar,AR Lamba,1,0,,,,,,,,,
1280263,2021/22,2021-11-08,Alembic 2  Cricket Ground,2,1.3,Andhra,Rajasthan,Ashwin Hebbar,KS Bharat,AR Lamba,1,0,,,,,,,,,
1280263,2021/22,2021-11-08,Alembic 2  Cricket Ground,2,1.4,Andhra,Rajasthan,KS Bharat,Ashwin Hebbar,AR Lamba,1,0,,,,,,,,,
1280263,2021/22,2021-11-08,Alembic 2  Cricket Ground,2,1.5,Andhra,Rajasthan,Ashwin Hebbar,KS Bharat,AR Lamba,0,0,,,,,,,,,
1280263,2021/22,2021-11-08,Alembic 2  Cricket Ground,2,1.6,Andhra,Rajasthan,Ashwin Hebbar,KS Bharat,AR Lamba,1,0,,,,,,,,,
1280263,2021/22,2021-11-08,Alembic 2  Cricket Ground,2,2.1,Andhra,Rajasthan,Ashwin Hebbar,KS Bharat,Tanveer Ul-Haq,0,1,1,,,,,,,,
1280263,2021/22,2021-11-08,Alembic 2  Cricket Ground,2,2.2,Andhra,Rajasthan,Ashwin Hebbar,KS Bharat,Tanveer Ul-Haq,0,0,,,,,,,,,
1280263,2021/22,2021-11-08,Alembic 2  Cricket Ground,2,2.3,Andhra,Rajasthan,Ashwin Hebbar,KS Bharat,Tanveer Ul-Haq,4,0,,,,,,,,,
1280263,2021/22,2021-11-08,Alembic 2  Cricket Ground,2,2.4,Andhra,Rajasthan,Ashwin Hebbar,KS Bharat,Tanveer Ul-Haq,1,0,,,,,,,,,
1280263,2021/22,2021-11-08,Alembic 2  Cricket Ground,2,2.5,Andhra,Rajasthan,KS Bharat,Ashwin Hebbar,Tanveer Ul-Haq,1,0,,,,,,,,,
1280263,2021/22,2021-11-08,Alembic 2  Cricket Ground,2,2.6,Andhra,Rajasthan,Ashwin Hebbar,KS Bharat,Tanveer Ul-Haq,2,0,,,,,,,,,
1280263,2021/22,2021-11-08,Alembic 2  Cricket Ground,2,2.7,Andhra,Rajasthan,Ashwin Hebbar,KS Bharat,Tanveer Ul-Haq,4,0,,,,,,,,,
1280263,2021/22,2021-11-08,Alembic 2  Cricket Ground,2,3.1,Andhra,Rajasthan,KS Bharat,Ashwin Hebbar,Shubham Kamal Sharma,0,0,,,,,,,,,
1280263,2021/22,2021-11-08,Alembic 2  Cricket Ground,2,3.2,Andhra,Rajasthan,KS Bharat,Ashwin Hebbar,Shubham Kamal Sharma,1,0,,,,,,,,,
1280263,2021/22,2021-11-08,Alembic 2  Cricket Ground,2,3.3,Andhra,Rajasthan,Ashwin Hebbar,KS Bharat,Shubham Kamal Sharma,0,0,,,,,,,,,
1280263,2021/22,2021-11-08,Alembic 2  Cricket Ground,2,3.4,Andhra,Rajasthan,Ashwin Hebbar,KS Bharat,Shubham Kamal Sharma,1,0,,,,,,,,,
1280263,2021/22,2021-11-08,Alembic 2  Cricket Ground,2,3.5,Andhra,Rajasthan,KS Bharat,Ashwin Hebbar,Shubham Kamal Sharma,0,0,,,,,,bowled,KS Bharat,,
1280263,2021/22,2021-11-08,Alembic 2  Cricket Ground,2,3.6,Andhra,Rajasthan,Nithish Kumar Reddy,Ashwin Hebbar,Shubham Kamal Sharma,0,0,,,,,,,,,
1280263,2021/22,2021-11-08,Alembic 2  Cricket Ground,2,4.1,Andhra,Rajasthan,Ashwin Hebbar,Nithish Kumar Reddy,Ravi Bishnoi,0,0,,,,,,,,,
1280263,2021/22,2021-11-08,Alembic 2  Cricket Ground,2,4.2,Andhra,Rajasthan,Ashwin Hebbar,Nithish Kumar Reddy,Ravi Bishnoi,0,0,,,,,,bowled,Ashwin Hebbar,,
1280263,2021/22,2021-11-08,Alembic 2  Cricket Ground,2,4.3,Andhra,Rajasthan,RK Bhui,Nithish Kumar Reddy,Ravi Bishnoi,0,0,,,,,,bowled,RK Bhui,,
1280263,2021/22,2021-11-08,Alembic 2  Cricket Ground,2,4.4,Andhra,Rajasthan,Pinninit Tapaswi,Nithish Kumar Reddy,Ravi Bishnoi,0,0,,,,,,lbw,Pinninit Tapaswi,,
1280263,2021/22,2021-11-08,Alembic 2  Cricket Ground,2,4.5,Andhra,Rajasthan,M Dheeraj Kumar,Nithish Kumar Reddy,Ravi Bishnoi,1,0,,,,,,,,,
1280263,2021/22,2021-11-08,Alembic 2  Cricket Ground,2,4.6,Andhra,Rajasthan,Nithish Kumar Reddy,M Dheeraj Kumar,Ravi Bishnoi,0,0,,,,,,,,,
1280263,2021/22,2021-11-08,Alembic 2  Cricket Ground,2,5.1,Andhra,Rajasthan,M Dheeraj Kumar,Nithish Kumar Reddy,Shubham Kamal Sharma,1,0,,,,,,,,,
1280263,2021/22,2021-11-08,Alembic 2  Cricket Ground,2,5.2,Andhra,Rajasthan,Nithish Kumar Reddy,M Dheeraj Kumar,Shubham Kamal Sharma,0,0,,,,,,,,,
1280263,2021/22,2021-11-08,Alembic 2  Cricket Ground,2,5.3,Andhra,Rajasthan,Nithish Kumar Reddy,M Dheeraj Kumar,Shubham Kamal Sharma,0,0,,,,,,,,,
1280263,2021/22,2021-11-08,Alembic 2  Cricket Ground,2,5.4,Andhra,Rajasthan,Nithish Kumar Reddy,M Dheeraj Kumar,Shubham Kamal Sharma,0,0,,,,,,,,,
1280263,2021/22,2021-11-08,Alembic 2  Cricket Ground,2,5.5,Andhra,Rajasthan,Nithish Kumar Reddy,M Dheeraj Kumar,Shubham Kamal Sharma,0,0,,,,,,,,,
1280263,2021/22,2021-11-08,Alembic 2  Cricket Ground,2,5.6,Andhra,Rajasthan,Nithish Kumar Reddy,M Dheeraj Kumar,Shubham Kamal Sharma,2,0,,,,,,,,,
1280263,2021/22,2021-11-08,Alembic 2  Cricket Ground,2,6.1,Andhra,Rajasthan,M Dheeraj Kumar,Nithish Kumar Reddy,Ravi Bishnoi,0,0,,,,,,,,,
1280263,2021/22,2021-11-08,Alembic 2  Cricket Ground,2,6.2,Andhra,Rajasthan,M Dheeraj Kumar,Nithish Kumar Reddy,Ravi Bishnoi,1,0,,,,,,,,,
1280263,2021/22,2021-11-08,Alembic 2  Cricket Ground,2,6.3,Andhra,Rajasthan,Nithish Kumar Reddy,M Dheeraj Kumar,Ravi Bishnoi,1,0,,,,,,,,,
1280263,2021/22,2021-11-08,Alembic 2  Cricket Ground,2,6.4,Andhra,Rajasthan,M Dheeraj Kumar,Nithish Kumar Reddy,Ravi Bishnoi,0,0,,,,,,,,,
1280263,2021/22,2021-11-08,Alembic 2  Cricket Ground,2,6.5,Andhra,Rajasthan,M Dheeraj Kumar,Nithish Kumar Reddy,Ravi Bishnoi,1,0,,,,,,,,,
1280263,2021/22,2021-11-08,Alembic 2  Cricket Ground,2,6.6,Andhra,Rajasthan,Nithish Kumar Reddy,M Dheeraj Kumar,Ravi Bishnoi,0,0,,,,,,,,,
1280263,2021/22,2021-11-08,Alembic 2  Cricket Ground,2,7.1,Andhra,Rajasthan,M Dheeraj Kumar,Nithish Kumar Reddy,Shubham Kamal Sharma,1,0,,,,,,,,,
1280263,2021/22,2021-11-08,Alembic 2  Cricket Ground,2,7.2,Andhra,Rajasthan,Nithish Kumar Reddy,M Dheeraj Kumar,Shubham Kamal Sharma,1,0,,,,,,,,,
1280263,2021/22,2021-11-08,Alembic 2  Cricket Ground,2,7.3,Andhra,Rajasthan,M Dheeraj Kumar,Nithish Kumar Reddy,Shubham Kamal Sharma,0,0,,,,,,bowled,M Dheeraj Kumar,,
1280263,2021/22,2021-11-08,Alembic 2  Cricket Ground,2,7.4,Andhra,Rajasthan,Manish Golamaru,Nithish Kumar Reddy,Shubham Kamal Sharma,1,0,,,,,,,,,
1280263,2021/22,2021-11-08,Alembic 2  Cricket Ground,2,7.5,Andhra,Rajasthan,Nithish Kumar Reddy,Manish Golamaru,Shubham Kamal Sharma,1,0,,,,,,,,,
1280263,2021/22,2021-11-08,Alembic 2  Cricket Ground,2,7.6,Andhra,Rajasthan,Manish Golamaru,Nithish Kumar Reddy,Shubham Kamal Sharma,1,0,,,,,,,,,
1280263,2021/22,2021-11-08,Alembic 2  Cricket Ground,2,8.1,Andhra,Rajasthan,Manish Golamaru,Nithish Kumar Reddy,DJ Hooda,0,0,,,,,,,,,
1280263,2021/22,2021-11-08,Alembic 2  Cricket Ground,2,8.2,Andhra,Rajasthan,Manish Golamaru,Nithish Kumar Reddy,DJ Hooda,1,0,,,,,,,,,
1280263,2021/22,2021-11-08,Alembic 2  Cricket Ground,2,8.3,Andhra,Rajasthan,Nithish Kumar Reddy,Manish Golamaru,DJ Hooda,0,0,,,,,,,,,
1280263,2021/22,2021-11-08,Alembic 2  Cricket Ground,2,8.4,Andhra,Rajasthan,Nithish Kumar Reddy,Manish Golamaru,DJ Hooda,0,1,1,,,,,,,,
1280263,2021/22,2021-11-08,Alembic 2  Cricket Ground,2,8.5,Andhra,Rajasthan,Nithish Kumar Reddy,Manish Golamaru,DJ Hooda,0,0,,,,,,,,,
1280263,2021/22,2021-11-08,Alembic 2  Cricket Ground,2,8.6,Andhra,Rajasthan,Nithish Kumar Reddy,Manish Golamaru,DJ Hooda,0,0,,,,,,,,,
1280263,2021/22,2021-11-08,Alembic 2  Cricket Ground,2,8.7,Andhra,Rajasthan,Nithish Kumar Reddy,Manish Golamaru,DJ Hooda,0,0,,,,,,,,,
1280263,2021/22,2021-11-08,Alembic 2  Cricket Ground,2,9.1,Andhra,Rajasthan,Manish Golamaru,Nithish Kumar Reddy,MK Lomror,1,0,,,,,,,,,
1280263,2021/22,2021-11-08,Alembic 2  Cricket Ground,2,9.2,Andhra,Rajasthan,Nithish Kumar Reddy,Manish Golamaru,MK Lomror,1,0,,,,,,,,,
1280263,2021/22,2021-11-08,Alembic 2  Cricket Ground,2,9.3,Andhra,Rajasthan,Manish Golamaru,Nithish Kumar Reddy,MK Lomror,6,0,,,,,,,,,
1280263,2021/22,2021-11-08,Alembic 2  Cricket Ground,2,9.4,Andhra,Rajasthan,Manish Golamaru,Nithish Kumar Reddy,MK Lomror,1,0,,,,,,,,,
1280263,2021/22,2021-11-08,Alembic 2  Cricket Ground,2,9.5,Andhra,Rajasthan,Nithish Kumar Reddy,Manish Golamaru,MK Lomror,1,0,,,,,,,,,
1280263,2021/22,2021-11-08,Alembic 2  Cricket Ground,2,9.6,Andhra,Rajasthan,Manish Golamaru,Nithish Kumar Reddy,MK Lomror,1,0,,,,,,,,,
1280263,2021/22,2021-11-08,Alembic 2  Cricket Ground,2,10.1,Andhra,Rajasthan,Manish Golamaru,Nithish Kumar Reddy,AR Lamba,1,0,,,,,,,,,
1280263,2021/22,2021-11-08,Alembic 2  Cricket Ground,2,10.2,Andhra,Rajasthan,Nithish Kumar Reddy,Manish Golamaru,AR Lamba,2,0,,,,,,,,,
1280263,2021/22,2021-11-08,Alembic 2  Cricket Ground,2,10.3,Andhra,Rajasthan,Nithish Kumar Reddy,Manish Golamaru,AR Lamba,0,1,1,,,,,,,,
1280263,2021/22,2021-11-08,Alembic 2  Cricket Ground,2,10.4,Andhra,Rajasthan,Nithish Kumar Reddy,Manish Golamaru,AR Lamba,0,0,,,,,,,,,
1280263,2021/22,2021-11-08,Alembic 2  Cricket Ground,2,10.5,Andhra,Rajasthan,Nithish Kumar Reddy,Manish Golamaru,AR Lamba,1,0,,,,,,,,,
1280263,2021/22,2021-11-08,Alembic 2  Cricket Ground,2,10.6,Andhra,Rajasthan,Manish Golamaru,Nithish Kumar Reddy,AR Lamba,1,0,,,,,,,,,
1280263,2021/22,2021-11-08,Alembic 2  Cricket Ground,2,10.7,Andhra,Rajasthan,Nithish Kumar Reddy,Manish Golamaru,AR Lamba,1,0,,,,,,,,,
1280263,2021/22,2021-11-08,Alembic 2  Cricket Ground,2,11.1,Andhra,Rajasthan,Nithish Kumar Reddy,Manish Golamaru,KL Nagarkoti,0,0,,,,,,,,,
1280263,2021/22,2021-11-08,Alembic 2  Cricket Ground,2,11.2,Andhra,Rajasthan,Nithish Kumar Reddy,Manish Golamaru,KL Nagarkoti,1,0,,,,,,,,,
1280263,2021/22,2021-11-08,Alembic 2  Cricket Ground,2,11.3,Andhra,Rajasthan,Manish Golamaru,Nithish Kumar Reddy,KL Nagarkoti,0,0,,,,,,caught and bowled,Manish Golamaru,,
1280263,2021/22,2021-11-08,Alembic 2  Cricket Ground,2,11.4,Andhra,Rajasthan,Lekhaz Reddy,Nithish Kumar Reddy,KL Nagarkoti,0,0,,,,,,,,,
1280263,2021/22,2021-11-08,Alembic 2  Cricket Ground,2,11.5,Andhra,Rajasthan,Lekhaz Reddy,Nithish Kumar Reddy,KL Nagarkoti,1,0,,,,,,,,,
1280263,2021/22,2021-11-08,Alembic 2  Cricket Ground,2,11.6,Andhra,Rajasthan,Nithish Kumar Reddy,Lekhaz Reddy,KL Nagarkoti,0,0,,,,,,,,,
1280263,2021/22,2021-11-08,Alembic 2  Cricket Ground,2,12.1,Andhra,Rajasthan,Lekhaz Reddy,Nithish Kumar Reddy,Shubham Kamal Sharma,1,0,,,,,,,,,
1280263,2021/22,2021-11-08,Alembic 2  Cricket Ground,2,12.2,Andhra,Rajasthan,Nithish Kumar Reddy,Lekhaz Reddy,Shubham Kamal Sharma,1,0,,,,,,,,,
1280263,2021/22,2021-11-08,Alembic 2  Cricket Ground,2,12.3,Andhra,Rajasthan,Lekhaz Reddy,Nithish Kumar Reddy,Shubham Kamal Sharma,0,0,,,,,,,,,
1280263,2021/22,2021-11-08,Alembic 2  Cricket Ground,2,12.4,Andhra,Rajasthan,Lekhaz Reddy,Nithish Kumar Reddy,Shubham Kamal Sharma,4,0,,,,,,,,,
1280263,2021/22,2021-11-08,Alembic 2  Cricket Ground,2,12.5,Andhra,Rajasthan,Lekhaz Reddy,Nithish Kumar Reddy,Shubham Kamal Sharma,0,0,,,,,,bowled,Lekhaz Reddy,,
1280263,2021/22,2021-11-08,Alembic 2  Cricket Ground,2,12.6,Andhra,Rajasthan,K V Sasikanth,Nithish Kumar Reddy,Shubham Kamal Sharma,0,0,,,,,,,,,
1280263,2021/22,2021-11-08,Alembic 2  Cricket Ground,2,13.1,Andhra,Rajasthan,Nithish Kumar Reddy,K V Sasikanth,Ravi Bishnoi,0,0,,,,,,,,,
1280263,2021/22,2021-11-08,Alembic 2  Cricket Ground,2,13.2,Andhra,Rajasthan,Nithish Kumar Reddy,K V Sasikanth,Ravi Bishnoi,1,0,,,,,,,,,
1280263,2021/22,2021-11-08,Alembic 2  Cricket Ground,2,13.3,Andhra,Rajasthan,K V Sasikanth,Nithish Kumar Reddy,Ravi Bishnoi,0,0,,,,,,,,,
1280263,2021/22,2021-11-08,Alembic 2  Cricket Ground,2,13.4,Andhra,Rajasthan,K V Sasikanth,Nithish Kumar Reddy,Ravi Bishnoi,0,0,,,,,,,,,
1280263,2021/22,2021-11-08,Alembic 2  Cricket Ground,2,13.5,Andhra,Rajasthan,K V Sasikanth,Nithish Kumar Reddy,Ravi Bishnoi,1,0,,,,,,,,,
1280263,2021/22,2021-11-08,Alembic 2  Cricket Ground,2,13.6,Andhra,Rajasthan,Nithish Kumar Reddy,K V Sasikanth,Ravi Bishnoi,0,0,,,,,,,,,
1280263,2021/22,2021-11-08,Alembic 2  Cricket Ground,2,14.1,Andhra,Rajasthan,K V Sasikanth,Nithish Kumar Reddy,KL Nagarkoti,1,0,,,,,,,,,
1280263,2021/22,2021-11-08,Alembic 2  Cricket Ground,2,14.2,Andhra,Rajasthan,Nithish Kumar Reddy,K V Sasikanth,KL Nagarkoti,0,0,,,,,,,,,
1280263,2021/22,2021-11-08,Alembic 2  Cricket Ground,2,14.3,Andhra,Rajasthan,Nithish Kumar Reddy,K V Sasikanth,KL Nagarkoti,0,0,,,,,,,,,
1280263,2021/22,2021-11-08,Alembic 2  Cricket Ground,2,14.4,Andhra,Rajasthan,Nithish Kumar Reddy,K V Sasikanth,KL Nagarkoti,0,0,,,,,,,,,
1280263,2021/22,2021-11-08,Alembic 2  Cricket Ground,2,14.5,Andhra,Rajasthan,Nithish Kumar Reddy,K V Sasikanth,KL Nagarkoti,4,0,,,,,,,,,
1280263,2021/22,2021-11-08,Alembic 2  Cricket Ground,2,14.6,Andhra,Rajasthan,Nithish Kumar Reddy,K V Sasikanth,KL Nagarkoti,1,0,,,,,,,,,
1280263,2021/22,2021-11-08,Alembic 2  Cricket Ground,2,15.1,Andhra,Rajasthan,Nithish Kumar Reddy,K V Sasikanth,Ravi Bishnoi,2,0,,,,,,,,,
1280263,2021/22,2021-11-08,Alembic 2  Cricket Ground,2,15.2,Andhra,Rajasthan,Nithish Kumar Reddy,K V Sasikanth,Ravi Bishnoi,6,0,,,,,,,,,
1280263,2021/22,2021-11-08,Alembic 2  Cricket Ground,2,15.3,Andhra,Rajasthan,Nithish Kumar Reddy,K V Sasikanth,Ravi Bishnoi,0,0,,,,,,,,,
1280263,2021/22,2021-11-08,Alembic 2  Cricket Ground,2,15.4,Andhra,Rajasthan,Nithish Kumar Reddy,K V Sasikanth,Ravi Bishnoi,1,0,,,,,,,,,
1280263,2021/22,2021-11-08,Alembic 2  Cricket Ground,2,15.5,Andhra,Rajasthan,K V Sasikanth,Nithish Kumar Reddy,Ravi Bishnoi,4,0,,,,,,,,,
1280263,2021/22,2021-11-08,Alembic 2  Cricket Ground,2,15.6,Andhra,Rajasthan,K V Sasikanth,Nithish Kumar Reddy,Ravi Bishnoi,1,0,,,,,,,,,
1280263,2021/22,2021-11-08,Alembic 2  Cricket Ground,2,16.1,Andhra,Rajasthan,K V Sasikanth,Nithish Kumar Reddy,KL Nagarkoti,6,0,,,,,,,,,
1280263,2021/22,2021-11-08,Alembic 2  Cricket Ground,2,16.2,Andhra,Rajasthan,K V Sasikanth,Nithish Kumar Reddy,KL Nagarkoti,0,0,,,,,,,,,
1280263,2021/22,2021-11-08,Alembic 2  Cricket Ground,2,16.3,Andhra,Rajasthan,K V Sasikanth,Nithish Kumar Reddy,KL Nagarkoti,1,0,,,,,,,,,
1280263,2021/22,2021-11-08,Alembic 2  Cricket Ground,2,16.4,Andhra,Rajasthan,Nithish Kumar Reddy,K V Sasikanth,KL Nagarkoti,1,0,,,,,,,,,
1280263,2021/22,2021-11-08,Alembic 2  Cricket Ground,2,16.5,Andhra,Rajasthan,K V Sasikanth,Nithish Kumar Reddy,KL Nagarkoti,1,0,,,,,,,,,
1280263,2021/22,2021-11-08,Alembic 2  Cricket Ground,2,16.6,Andhra,Rajasthan,Nithish Kumar Reddy,K V Sasikanth,KL Nagarkoti,1,0,,,,,,,,,
1280263,2021/22,2021-11-08,Alembic 2  Cricket Ground,2,17.1,Andhra,Rajasthan,Nithish Kumar Reddy,K V Sasikanth,AR Lamba,6,0,,,,,,,,,
1280263,2021/22,2021-11-08,Alembic 2  Cricket Ground,2,17.2,Andhra,Rajasthan,Nithish Kumar Reddy,K V Sasikanth,AR Lamba,1,0,,,,,,,,,
1280263,2021/22,2021-11-08,Alembic 2  Cricket Ground,2,17.3,Andhra,Rajasthan,K V Sasikanth,Nithish Kumar Reddy,AR Lamba,6,0,,,,,,,,,
1280263,2021/22,2021-11-08,Alembic 2  Cricket Ground,2,17.4,Andhra,Rajasthan,K V Sasikanth,Nithish Kumar Reddy,AR Lamba,2,0,,,,,,,,,
1280263,2021/22,2021-11-08,Alembic 2  Cricket Ground,2,17.5,Andhra,Rajasthan,K V Sasikanth,Nithish Kumar Reddy,AR Lamba,6,0,,,,,,,,,
1280263,2021/22,2021-11-08,Alembic 2  Cricket Ground,2,17.6,Andhra,Rajasthan,K V Sasikanth,Nithish Kumar Reddy,AR Lamba,6,0,,,,,,,,,
1280263,2021/22,2021-11-08,Alembic 2  Cricket Ground,2,18.1,Andhra,Rajasthan,Nithish Kumar Reddy,K V Sasikanth,KL Nagarkoti,1,0,,,,,,,,,
1280263,2021/22,2021-11-08,Alembic 2  Cricket Ground,2,18.2,Andhra,Rajasthan,K V Sasikanth,Nithish Kumar Reddy,KL Nagarkoti,4,0,,,,,,,,,
1280263,2021/22,2021-11-08,Alembic 2  Cricket Ground,2,18.3,Andhra,Rajasthan,K V Sasikanth,Nithish Kumar Reddy,KL Nagarkoti,0,0,,,,,,,,,
1280263,2021/22,2021-11-08,Alembic 2  Cricket Ground,2,18.4,Andhra,Rajasthan,K V Sasikanth,Nithish Kumar Reddy,KL Nagarkoti,1,0,,,,,,,,,
1280263,2021/22,2021-11-08,Alembic 2  Cricket Ground,2,18.5,Andhra,Rajasthan,Nithish Kumar Reddy,K V Sasikanth,KL Nagarkoti,0,0,,,,,,caught,Nithish Kumar Reddy,,
1280263,2021/22,2021-11-08,Alembic 2  Cricket Ground,2,18.6,Andhra,Rajasthan,K V Sasikanth,Harishankar Reddy,KL Nagarkoti,1,0,,,,,,,,,
1280263,2021/22,2021-11-08,Alembic 2  Cricket Ground,2,19.1,Andhra,Rajasthan,K V Sasikanth,Harishankar Reddy,Tanveer Ul-Haq,0,0,,,,,,,,,
1280263,2021/22,2021-11-08,Alembic 2  Cricket Ground,2,19.2,Andhra,Rajasthan,K V Sasikanth,Harishankar Reddy,Tanveer Ul-Haq,4,0,,,,,,,,,
1280263,2021/22,2021-11-08,Alembic 2  Cricket Ground,2,19.3,Andhra,Rajasthan,K V Sasikanth,Harishankar Reddy,Tanveer Ul-Haq,1,0,,,,,,,,,
1280263,2021/22,2021-11-08,Alembic 2  Cricket Ground,2,19.4,Andhra,Rajasthan,Harishankar Reddy,K V Sasikanth,Tanveer Ul-Haq,1,0,,,,,,,,,
1280263,2021/22,2021-11-08,Alembic 2  Cricket Ground,2,19.5,Andhra,Rajasthan,K V Sasikanth,Harishankar Reddy,Tanveer Ul-Haq,0,0,,,,,,,,,
1280263,2021/22,2021-11-08,Alembic 2  Cricket Ground,2,19.6,Andhra,Rajasthan,K V Sasikanth,Harishankar Reddy,Tanveer Ul-Haq,1,0,,,,,,,,,
