match_id,season,start_date,venue,innings,ball,batting_team,bowling_team,striker,non_striker,bowler,runs_off_bat,extras,wides,noballs,byes,legbyes,penalty,wicket_type,player_dismissed,other_wicket_type,other_player_dismissed
1280228,2021/22,2021-11-05,"Airforce Complex ground, Palam",1,0.1,Bihar,Kerala,Mangal Mahrour,Bipin Saurabh,Unnikrishnan Manukrishnan,1,0,,,,,,,,,
1280228,2021/22,2021-11-05,"Airforce Complex ground, Palam",1,0.2,Bihar,Kerala,Bipin Saurabh,Mangal Mahrour,Unnikrishnan Manukrishnan,2,0,,,,,,,,,
1280228,2021/22,2021-11-05,"Airforce Complex ground, Palam",1,0.3,Bihar,Kerala,Bipin Saurabh,Mangal Mahrour,Unnikrishnan Manukrishnan,0,0,,,,,,,,,
1280228,2021/22,2021-11-05,"Airforce Complex ground, Palam",1,0.4,Bihar,Kerala,Bipin Saurabh,Mangal Mahrour,Unnikrishnan Manukrishnan,0,0,,,,,,,,,
1280228,2021/22,2021-11-05,"Airforce Complex ground, Palam",1,0.5,Bihar,Kerala,Bipin Saurabh,Mangal Mahrour,Unnikrishnan Manukrishnan,0,0,,,,,,,,,
1280228,2021/22,2021-11-05,"Airforce Complex ground, Palam",1,0.6,Bihar,Kerala,Bipin Saurabh,Mangal Mahrour,Unnikrishnan Manukrishnan,0,0,,,,,,,,,
1280228,2021/22,2021-11-05,"Airforce Complex ground, Palam",1,1.1,Bihar,Kerala,Mangal Mahrour,Bipin Saurabh,KM Asif,0,0,,,,,,,,,
1280228,2021/22,2021-11-05,"Airforce Complex ground, Palam",1,1.2,Bihar,Kerala,Mangal Mahrour,Bipin Saurabh,KM Asif,0,0,,,,,,,,,
1280228,2021/22,2021-11-05,"Airforce Complex ground, Palam",1,1.3,Bihar,Kerala,Mangal Mahrour,Bipin Saurabh,KM Asif,1,0,,,,,,,,,
1280228,2021/22,2021-11-05,"Airforce Complex ground, Palam",1,1.4,Bihar,Kerala,Bipin Saurabh,Mangal Mahrour,KM Asif,0,0,,,,,,,,,
1280228,2021/22,2021-11-05,"Airforce Complex ground, Palam",1,1.5,Bihar,Kerala,Bipin Saurabh,Mangal Mahrour,KM Asif,0,0,,,,,,,,,
1280228,2021/22,2021-11-05,"Airforce Complex ground, Palam",1,1.6,Bihar,Kerala,Bipin Saurabh,Mangal Mahrour,KM Asif,0,0,,,,,,,,,
1280228,2021/22,2021-11-05,"Airforce Complex ground, Palam",1,2.1,Bihar,Kerala,Mangal Mahrour,Bipin Saurabh,Unnikrishnan Manukrishnan,1,0,,,,,,,,,
1280228,2021/22,2021-11-05,"Airforce Complex ground, Palam",1,2.2,Bihar,Kerala,Bipin Saurabh,Mangal Mahrour,Unnikrishnan Manukrishnan,1,0,,,,,,,,,
1280228,2021/22,2021-11-05,"Airforce Complex ground, Palam",1,2.3,Bihar,Kerala,Mangal Mahrour,Bipin Saurabh,Unnikrishnan Manukrishnan,1,0,,,,,,,,,
1280228,2021/22,2021-11-05,"Airforce Complex ground, Palam",1,2.4,Bihar,Kerala,Bipin Saurabh,Mangal Mahrour,Unnikrishnan Manukrishnan,0,0,,,,,,,,,
1280228,2021/22,2021-11-05,"Airforce Complex ground, Palam",1,2.5,Bihar,Kerala,Bipin Saurabh,Mangal Mahrour,Unnikrishnan Manukrishnan,4,0,,,,,,,,,
1280228,2021/22,2021-11-05,"Airforce Complex ground, Palam",1,2.6,Bihar,Kerala,Bipin Saurabh,Mangal Mahrour,Unnikrishnan Manukrishnan,1,0,,,,,,,,,
1280228,2021/22,2021-11-05,"Airforce Complex ground, Palam",1,3.1,Bihar,Kerala,Bipin Saurabh,Mangal Mahrour,KM Asif,4,0,,,,,,,,,
1280228,2021/22,2021-11-05,"Airforce Complex ground, Palam",1,3.2,Bihar,Kerala,Bipin Saurabh,Mangal Mahrour,KM Asif,1,0,,,,,,,,,
1280228,2021/22,2021-11-05,"Airforce Complex ground, Palam",1,3.3,Bihar,Kerala,Mangal Mahrour,Bipin Saurabh,KM Asif,4,0,,,,,,,,,
1280228,2021/22,2021-11-05,"Airforce Complex ground, Palam",1,3.4,Bihar,Kerala,Mangal Mahrour,Bipin Saurabh,KM Asif,6,0,,,,,,,,,
1280228,2021/22,2021-11-05,"Airforce Complex ground, Palam",1,3.5,Bihar,Kerala,Mangal Mahrour,Bipin Saurabh,KM Asif,0,0,,,,,,,,,
1280228,2021/22,2021-11-05,"Airforce Complex ground, Palam",1,3.6,Bihar,Kerala,Mangal Mahrour,Bipin Saurabh,KM Asif,0,0,,,,,,,,,
1280228,2021/22,2021-11-05,"Airforce Complex ground, Palam",1,4.1,Bihar,Kerala,Bipin Saurabh,Mangal Mahrour,Basil Thampi,6,0,,,,,,,,,
1280228,2021/22,2021-11-05,"Airforce Complex ground, Palam",1,4.2,Bihar,Kerala,Bipin Saurabh,Mangal Mahrour,Basil Thampi,0,0,,,,,,,,,
1280228,2021/22,2021-11-05,"Airforce Complex ground, Palam",1,4.3,Bihar,Kerala,Bipin Saurabh,Mangal Mahrour,Basil Thampi,0,0,,,,,,,,,
1280228,2021/22,2021-11-05,"Airforce Complex ground, Palam",1,4.4,Bihar,Kerala,Bipin Saurabh,Mangal Mahrour,Basil Thampi,0,0,,,,,,,,,
1280228,2021/22,2021-11-05,"Airforce Complex ground, Palam",1,4.5,Bihar,Kerala,Bipin Saurabh,Mangal Mahrour,Basil Thampi,0,0,,,,,,caught,Bipin Saurabh,,
1280228,2021/22,2021-11-05,"Airforce Complex ground, Palam",1,4.6,Bihar,Kerala,Mangal Mahrour,Babul Kumar,Basil Thampi,0,0,,,,,,,,,
1280228,2021/22,2021-11-05,"Airforce Complex ground, Palam",1,5.1,Bihar,Kerala,Babul Kumar,Mangal Mahrour,Sijomon Joseph,0,0,,,,,,,,,
1280228,2021/22,2021-11-05,"Airforce Complex ground, Palam",1,5.2,Bihar,Kerala,Babul Kumar,Mangal Mahrour,Sijomon Joseph,1,0,,,,,,,,,
1280228,2021/22,2021-11-05,"Airforce Complex ground, Palam",1,5.3,Bihar,Kerala,Mangal Mahrour,Babul Kumar,Sijomon Joseph,1,0,,,,,,,,,
1280228,2021/22,2021-11-05,"Airforce Complex ground, Palam",1,5.4,Bihar,Kerala,Babul Kumar,Mangal Mahrour,Sijomon Joseph,0,0,,,,,,,,,
1280228,2021/22,2021-11-05,"Airforce Complex ground, Palam",1,5.5,Bihar,Kerala,Babul Kumar,Mangal Mahrour,Sijomon Joseph,4,0,,,,,,,,,
1280228,2021/22,2021-11-05,"Airforce Complex ground, Palam",1,5.6,Bihar,Kerala,Babul Kumar,Mangal Mahrour,Sijomon Joseph,1,0,,,,,,,,,
1280228,2021/22,2021-11-05,"Airforce Complex ground, Palam",1,6.1,Bihar,Kerala,Babul Kumar,Mangal Mahrour,Basil Thampi,0,0,,,,,,caught,Babul Kumar,,
1280228,2021/22,2021-11-05,"Airforce Complex ground, Palam",1,6.2,Bihar,Kerala,S Gani,Mangal Mahrour,Basil Thampi,0,0,,,,,,,,,
1280228,2021/22,2021-11-05,"Airforce Complex ground, Palam",1,6.3,Bihar,Kerala,S Gani,Mangal Mahrour,Basil Thampi,1,0,,,,,,,,,
1280228,2021/22,2021-11-05,"Airforce Complex ground, Palam",1,6.4,Bihar,Kerala,Mangal Mahrour,S Gani,Basil Thampi,0,0,,,,,,,,,
1280228,2021/22,2021-11-05,"Airforce Complex ground, Palam",1,6.5,Bihar,Kerala,Mangal Mahrour,S Gani,Basil Thampi,1,0,,,,,,,,,
1280228,2021/22,2021-11-05,"Airforce Complex ground, Palam",1,6.6,Bihar,Kerala,S Gani,Mangal Mahrour,Basil Thampi,0,0,,,,,,,,,
1280228,2021/22,2021-11-05,"Airforce Complex ground, Palam",1,7.1,Bihar,Kerala,Mangal Mahrour,S Gani,S Midhun,1,0,,,,,,,,,
1280228,2021/22,2021-11-05,"Airforce Complex ground, Palam",1,7.2,Bihar,Kerala,S Gani,Mangal Mahrour,S Midhun,0,0,,,,,,,,,
1280228,2021/22,2021-11-05,"Airforce Complex ground, Palam",1,7.3,Bihar,Kerala,S Gani,Mangal Mahrour,S Midhun,0,0,,,,,,,,,
1280228,2021/22,2021-11-05,"Airforce Complex ground, Palam",1,7.4,Bihar,Kerala,S Gani,Mangal Mahrour,S Midhun,1,0,,,,,,,,,
1280228,2021/22,2021-11-05,"Airforce Complex ground, Palam",1,7.5,Bihar,Kerala,Mangal Mahrour,S Gani,S Midhun,2,0,,,,,,,,,
1280228,2021/22,2021-11-05,"Airforce Complex ground, Palam",1,7.6,Bihar,Kerala,Mangal Mahrour,S Gani,S Midhun,0,0,,,,,,,,,
1280228,2021/22,2021-11-05,"Airforce Complex ground, Palam",1,8.1,Bihar,Kerala,S Gani,Mangal Mahrour,Sijomon Joseph,0,0,,,,,,,,,
1280228,2021/22,2021-11-05,"Airforce Complex ground, Palam",1,8.2,Bihar,Kerala,S Gani,Mangal Mahrour,Sijomon Joseph,1,0,,,,,,,,,
1280228,2021/22,2021-11-05,"Airforce Complex ground, Palam",1,8.3,Bihar,Kerala,Mangal Mahrour,S Gani,Sijomon Joseph,0,0,,,,,,,,,
1280228,2021/22,2021-11-05,"Airforce Complex ground, Palam",1,8.4,Bihar,Kerala,Mangal Mahrour,S Gani,Sijomon Joseph,0,0,,,,,,,,,
1280228,2021/22,2021-11-05,"Airforce Complex ground, Palam",1,8.5,Bihar,Kerala,Mangal Mahrour,S Gani,Sijomon Joseph,0,0,,,,,,,,,
1280228,2021/22,2021-11-05,"Airforce Complex ground, Palam",1,8.6,Bihar,Kerala,Mangal Mahrour,S Gani,Sijomon Joseph,0,1,,,,1,,,,,
1280228,2021/22,2021-11-05,"Airforce Complex ground, Palam",1,9.1,Bihar,Kerala,Mangal Mahrour,S Gani,S Midhun,1,0,,,,,,,,,
1280228,2021/22,2021-11-05,"Airforce Complex ground, Palam",1,9.2,Bihar,Kerala,S Gani,Mangal Mahrour,S Midhun,0,1,1,,,,,,,,
1280228,2021/22,2021-11-05,"Airforce Complex ground, Palam",1,9.3,Bihar,Kerala,S Gani,Mangal Mahrour,S Midhun,1,0,,,,,,,,,
1280228,2021/22,2021-11-05,"Airforce Complex ground, Palam",1,9.4,Bihar,Kerala,Mangal Mahrour,S Gani,S Midhun,1,0,,,,,,,,,
1280228,2021/22,2021-11-05,"Airforce Complex ground, Palam",1,9.5,Bihar,Kerala,S Gani,Mangal Mahrour,S Midhun,1,0,,,,,,,,,
1280228,2021/22,2021-11-05,"Airforce Complex ground, Palam",1,9.6,Bihar,Kerala,Mangal Mahrour,S Gani,S Midhun,1,0,,,,,,,,,
1280228,2021/22,2021-11-05,"Airforce Complex ground, Palam",1,9.7,Bihar,Kerala,S Gani,Mangal Mahrour,S Midhun,0,0,,,,,,,,,
1280228,2021/22,2021-11-05,"Airforce Complex ground, Palam",1,10.1,Bihar,Kerala,Mangal Mahrour,S Gani,Unnikrishnan Manukrishnan,1,0,,,,,,,,,
1280228,2021/22,2021-11-05,"Airforce Complex ground, Palam",1,10.2,Bihar,Kerala,S Gani,Mangal Mahrour,Unnikrishnan Manukrishnan,1,0,,,,,,,,,
1280228,2021/22,2021-11-05,"Airforce Complex ground, Palam",1,10.3,Bihar,Kerala,Mangal Mahrour,S Gani,Unnikrishnan Manukrishnan,1,0,,,,,,,,,
1280228,2021/22,2021-11-05,"Airforce Complex ground, Palam",1,10.4,Bihar,Kerala,S Gani,Mangal Mahrour,Unnikrishnan Manukrishnan,1,0,,,,,,,,,
1280228,2021/22,2021-11-05,"Airforce Complex ground, Palam",1,10.5,Bihar,Kerala,Mangal Mahrour,S Gani,Unnikrishnan Manukrishnan,0,1,,,1,,,,,,
1280228,2021/22,2021-11-05,"Airforce Complex ground, Palam",1,10.6,Bihar,Kerala,S Gani,Mangal Mahrour,Unnikrishnan Manukrishnan,0,0,,,,,,,,,
1280228,2021/22,2021-11-05,"Airforce Complex ground, Palam",1,11.1,Bihar,Kerala,Mangal Mahrour,S Gani,Sijomon Joseph,4,0,,,,,,,,,
1280228,2021/22,2021-11-05,"Airforce Complex ground, Palam",1,11.2,Bihar,Kerala,Mangal Mahrour,S Gani,Sijomon Joseph,0,0,,,,,,,,,
1280228,2021/22,2021-11-05,"Airforce Complex ground, Palam",1,11.3,Bihar,Kerala,Mangal Mahrour,S Gani,Sijomon Joseph,1,0,,,,,,,,,
1280228,2021/22,2021-11-05,"Airforce Complex ground, Palam",1,11.4,Bihar,Kerala,S Gani,Mangal Mahrour,Sijomon Joseph,1,0,,,,,,,,,
1280228,2021/22,2021-11-05,"Airforce Complex ground, Palam",1,11.5,Bihar,Kerala,Mangal Mahrour,S Gani,Sijomon Joseph,1,0,,,,,,,,,
1280228,2021/22,2021-11-05,"Airforce Complex ground, Palam",1,11.6,Bihar,Kerala,S Gani,Mangal Mahrour,Sijomon Joseph,1,0,,,,,,,,,
1280228,2021/22,2021-11-05,"Airforce Complex ground, Palam",1,12.1,Bihar,Kerala,S Gani,Mangal Mahrour,Basil Thampi,0,0,,,,,,,,,
1280228,2021/22,2021-11-05,"Airforce Complex ground, Palam",1,12.2,Bihar,Kerala,S Gani,Mangal Mahrour,Basil Thampi,2,0,,,,,,,,,
1280228,2021/22,2021-11-05,"Airforce Complex ground, Palam",1,12.3,Bihar,Kerala,S Gani,Mangal Mahrour,Basil Thampi,1,0,,,,,,,,,
1280228,2021/22,2021-11-05,"Airforce Complex ground, Palam",1,12.4,Bihar,Kerala,Mangal Mahrour,S Gani,Basil Thampi,0,0,,,,,,,,,
1280228,2021/22,2021-11-05,"Airforce Complex ground, Palam",1,12.5,Bihar,Kerala,Mangal Mahrour,S Gani,Basil Thampi,0,0,,,,,,caught,Mangal Mahrour,,
1280228,2021/22,2021-11-05,"Airforce Complex ground, Palam",1,12.6,Bihar,Kerala,Yashaswi Rishav,S Gani,Basil Thampi,1,0,,,,,,,,,
1280228,2021/22,2021-11-05,"Airforce Complex ground, Palam",1,13.1,Bihar,Kerala,Yashaswi Rishav,S Gani,S Midhun,1,0,,,,,,,,,
1280228,2021/22,2021-11-05,"Airforce Complex ground, Palam",1,13.2,Bihar,Kerala,S Gani,Yashaswi Rishav,S Midhun,0,1,,,,1,,,,,
1280228,2021/22,2021-11-05,"Airforce Complex ground, Palam",1,13.3,Bihar,Kerala,Yashaswi Rishav,S Gani,S Midhun,0,0,,,,,,,,,
1280228,2021/22,2021-11-05,"Airforce Complex ground, Palam",1,13.4,Bihar,Kerala,Yashaswi Rishav,S Gani,S Midhun,0,0,,,,,,,,,
1280228,2021/22,2021-11-05,"Airforce Complex ground, Palam",1,13.5,Bihar,Kerala,Yashaswi Rishav,S Gani,S Midhun,0,0,,,,,,,,,
1280228,2021/22,2021-11-05,"Airforce Complex ground, Palam",1,13.6,Bihar,Kerala,Yashaswi Rishav,S Gani,S Midhun,0,0,,,,,,,,,
1280228,2021/22,2021-11-05,"Airforce Complex ground, Palam",1,14.1,Bihar,Kerala,S Gani,Yashaswi Rishav,Sijomon Joseph,0,0,,,,,,,,,
1280228,2021/22,2021-11-05,"Airforce Complex ground, Palam",1,14.2,Bihar,Kerala,S Gani,Yashaswi Rishav,Sijomon Joseph,6,0,,,,,,,,,
1280228,2021/22,2021-11-05,"Airforce Complex ground, Palam",1,14.3,Bihar,Kerala,S Gani,Yashaswi Rishav,Sijomon Joseph,1,0,,,,,,,,,
1280228,2021/22,2021-11-05,"Airforce Complex ground, Palam",1,14.4,Bihar,Kerala,Yashaswi Rishav,S Gani,Sijomon Joseph,0,0,,,,,,,,,
1280228,2021/22,2021-11-05,"Airforce Complex ground, Palam",1,14.5,Bihar,Kerala,Yashaswi Rishav,S Gani,Sijomon Joseph,1,0,,,,,,,,,
1280228,2021/22,2021-11-05,"Airforce Complex ground, Palam",1,14.6,Bihar,Kerala,S Gani,Yashaswi Rishav,Sijomon Joseph,1,0,,,,,,,,,
1280228,2021/22,2021-11-05,"Airforce Complex ground, Palam",1,15.1,Bihar,Kerala,S Gani,Yashaswi Rishav,S Midhun,1,0,,,,,,,,,
1280228,2021/22,2021-11-05,"Airforce Complex ground, Palam",1,15.2,Bihar,Kerala,Yashaswi Rishav,S Gani,S Midhun,1,0,,,,,,,,,
1280228,2021/22,2021-11-05,"Airforce Complex ground, Palam",1,15.3,Bihar,Kerala,S Gani,Yashaswi Rishav,S Midhun,1,0,,,,,,,,,
1280228,2021/22,2021-11-05,"Airforce Complex ground, Palam",1,15.4,Bihar,Kerala,Yashaswi Rishav,S Gani,S Midhun,1,0,,,,,,,,,
1280228,2021/22,2021-11-05,"Airforce Complex ground, Palam",1,15.5,Bihar,Kerala,S Gani,Yashaswi Rishav,S Midhun,4,0,,,,,,,,,
1280228,2021/22,2021-11-05,"Airforce Complex ground, Palam",1,15.6,Bihar,Kerala,S Gani,Yashaswi Rishav,S Midhun,0,0,,,,,,,,,
1280228,2021/22,2021-11-05,"Airforce Complex ground, Palam",1,16.1,Bihar,Kerala,Yashaswi Rishav,S Gani,KM Asif,1,0,,,,,,,,,
1280228,2021/22,2021-11-05,"Airforce Complex ground, Palam",1,16.2,Bihar,Kerala,S Gani,Yashaswi Rishav,KM Asif,0,0,,,,,,,,,
1280228,2021/22,2021-11-05,"Airforce Complex ground, Palam",1,16.3,Bihar,Kerala,S Gani,Yashaswi Rishav,KM Asif,2,0,,,,,,,,,
1280228,2021/22,2021-11-05,"Airforce Complex ground, Palam",1,16.4,Bihar,Kerala,S Gani,Yashaswi Rishav,KM Asif,0,0,,,,,,,,,
1280228,2021/22,2021-11-05,"Airforce Complex ground, Palam",1,16.5,Bihar,Kerala,S Gani,Yashaswi Rishav,KM Asif,0,0,,,,,,,,,
1280228,2021/22,2021-11-05,"Airforce Complex ground, Palam",1,16.6,Bihar,Kerala,S Gani,Yashaswi Rishav,KM Asif,4,0,,,,,,,,,
1280228,2021/22,2021-11-05,"Airforce Complex ground, Palam",1,17.1,Bihar,Kerala,Yashaswi Rishav,S Gani,Unnikrishnan Manukrishnan,1,0,,,,,,,,,
1280228,2021/22,2021-11-05,"Airforce Complex ground, Palam",1,17.2,Bihar,Kerala,S Gani,Yashaswi Rishav,Unnikrishnan Manukrishnan,4,0,,,,,,,,,
1280228,2021/22,2021-11-05,"Airforce Complex ground, Palam",1,17.3,Bihar,Kerala,S Gani,Yashaswi Rishav,Unnikrishnan Manukrishnan,1,0,,,,,,,,,
1280228,2021/22,2021-11-05,"Airforce Complex ground, Palam",1,17.4,Bihar,Kerala,Yashaswi Rishav,S Gani,Unnikrishnan Manukrishnan,1,0,,,,,,,,,
1280228,2021/22,2021-11-05,"Airforce Complex ground, Palam",1,17.5,Bihar,Kerala,S Gani,Yashaswi Rishav,Unnikrishnan Manukrishnan,1,0,,,,,,run out,Yashaswi Rishav,,
1280228,2021/22,2021-11-05,"Airforce Complex ground, Palam",1,17.6,Bihar,Kerala,S Gani,Pratyush Singh,Unnikrishnan Manukrishnan,4,0,,,,,,,,,
1280228,2021/22,2021-11-05,"Airforce Complex ground, Palam",1,18.1,Bihar,Kerala,Pratyush Singh,S Gani,Basil Thampi,1,0,,,,,,,,,
1280228,2021/22,2021-11-05,"Airforce Complex ground, Palam",1,18.2,Bihar,Kerala,S Gani,Pratyush Singh,Basil Thampi,1,0,,,,,,,,,
1280228,2021/22,2021-11-05,"Airforce Complex ground, Palam",1,18.3,Bihar,Kerala,Pratyush Singh,S Gani,Basil Thampi,0,0,,,,,,,,,
1280228,2021/22,2021-11-05,"Airforce Complex ground, Palam",1,18.4,Bihar,Kerala,Pratyush Singh,S Gani,Basil Thampi,0,0,,,,,,,,,
1280228,2021/22,2021-11-05,"Airforce Complex ground, Palam",1,18.5,Bihar,Kerala,Pratyush Singh,S Gani,Basil Thampi,4,0,,,,,,,,,
1280228,2021/22,2021-11-05,"Airforce Complex ground, Palam",1,18.6,Bihar,Kerala,Pratyush Singh,S Gani,Basil Thampi,1,0,,,,,,,,,
1280228,2021/22,2021-11-05,"Airforce Complex ground, Palam",1,19.1,Bihar,Kerala,Pratyush Singh,S Gani,KM Asif,0,0,,,,,,caught,Pratyush Singh,,
1280228,2021/22,2021-11-05,"Airforce Complex ground, Palam",1,19.2,Bihar,Kerala,Sachin Kumar,S Gani,KM Asif,4,0,,,,,,,,,
1280228,2021/22,2021-11-05,"Airforce Complex ground, Palam",1,19.3,Bihar,Kerala,Sachin Kumar,S Gani,KM Asif,1,0,,,,,,,,,
1280228,2021/22,2021-11-05,"Airforce Complex ground, Palam",1,19.4,Bihar,Kerala,S Gani,Sachin Kumar,KM Asif,0,0,,,,,,,,,
1280228,2021/22,2021-11-05,"Airforce Complex ground, Palam",1,19.5,Bihar,Kerala,S Gani,Sachin Kumar,KM Asif,6,0,,,,,,,,,
1280228,2021/22,2021-11-05,"Airforce Complex ground, Palam",1,19.6,Bihar,Kerala,S Gani,Sachin Kumar,KM Asif,4,0,,,,,,,,,
1280228,2021/22,2021-11-05,"Airforce Complex ground, Palam",2,0.1,Kerala,Bihar,RV Uthappa,Mohammed Azharuddeen,Abhijeet Saket,0,0,,,,,,,,,
1280228,2021/22,2021-11-05,"Airforce Complex ground, Palam",2,0.2,Kerala,Bihar,RV Uthappa,Mohammed Azharuddeen,Abhijeet Saket,0,0,,,,,,,,,
1280228,2021/22,2021-11-05,"Airforce Complex ground, Palam",2,0.3,Kerala,Bihar,RV Uthappa,Mohammed Azharuddeen,Abhijeet Saket,0,0,,,,,,,,,
1280228,2021/22,2021-11-05,"Airforce Complex ground, Palam",2,0.4,Kerala,Bihar,RV Uthappa,Mohammed Azharuddeen,Abhijeet Saket,2,0,,,,,,,,,
1280228,2021/22,2021-11-05,"Airforce Complex ground, Palam",2,0.5,Kerala,Bihar,RV Uthappa,Mohammed Azharuddeen,Abhijeet Saket,1,0,,,,,,,,,
1280228,2021/22,2021-11-05,"Airforce Complex ground, Palam",2,0.6,Kerala,Bihar,Mohammed Azharuddeen,RV Uthappa,Abhijeet Saket,0,0,,,,,,,,,
1280228,2021/22,2021-11-05,"Airforce Complex ground, Palam",2,1.1,Kerala,Bihar,RV Uthappa,Mohammed Azharuddeen,Amod Yadav,1,0,,,,,,,,,
1280228,2021/22,2021-11-05,"Airforce Complex ground, Palam",2,1.2,Kerala,Bihar,Mohammed Azharuddeen,RV Uthappa,Amod Yadav,1,0,,,,,,,,,
1280228,2021/22,2021-11-05,"Airforce Complex ground, Palam",2,1.3,Kerala,Bihar,RV Uthappa,Mohammed Azharuddeen,Amod Yadav,0,0,,,,,,,,,
1280228,2021/22,2021-11-05,"Airforce Complex ground, Palam",2,1.4,Kerala,Bihar,RV Uthappa,Mohammed Azharuddeen,Amod Yadav,0,0,,,,,,,,,
1280228,2021/22,2021-11-05,"Airforce Complex ground, Palam",2,1.5,Kerala,Bihar,RV Uthappa,Mohammed Azharuddeen,Amod Yadav,0,1,1,,,,,,,,
1280228,2021/22,2021-11-05,"Airforce Complex ground, Palam",2,1.6,Kerala,Bihar,RV Uthappa,Mohammed Azharuddeen,Amod Yadav,0,0,,,,,,,,,
1280228,2021/22,2021-11-05,"Airforce Complex ground, Palam",2,1.7,Kerala,Bihar,RV Uthappa,Mohammed Azharuddeen,Amod Yadav,4,0,,,,,,,,,
1280228,2021/22,2021-11-05,"Airforce Complex ground, Palam",2,2.1,Kerala,Bihar,Mohammed Azharuddeen,RV Uthappa,Abhijeet Saket,1,0,,,,,,,,,
1280228,2021/22,2021-11-05,"Airforce Complex ground, Palam",2,2.2,Kerala,Bihar,RV Uthappa,Mohammed Azharuddeen,Abhijeet Saket,0,0,,,,,,,,,
1280228,2021/22,2021-11-05,"Airforce Complex ground, Palam",2,2.3,Kerala,Bihar,RV Uthappa,Mohammed Azharuddeen,Abhijeet Saket,4,0,,,,,,,,,
1280228,2021/22,2021-11-05,"Airforce Complex ground, Palam",2,2.4,Kerala,Bihar,RV Uthappa,Mohammed Azharuddeen,Abhijeet Saket,0,0,,,,,,,,,
1280228,2021/22,2021-11-05,"Airforce Complex ground, Palam",2,2.5,Kerala,Bihar,RV Uthappa,Mohammed Azharuddeen,Abhijeet Saket,1,0,,,,,,,,,
1280228,2021/22,2021-11-05,"Airforce Complex ground, Palam",2,2.6,Kerala,Bihar,Mohammed Azharuddeen,RV Uthappa,Abhijeet Saket,0,0,,,,,,,,,
1280228,2021/22,2021-11-05,"Airforce Complex ground, Palam",2,3.1,Kerala,Bihar,RV Uthappa,Mohammed Azharuddeen,Amod Yadav,4,0,,,,,,,,,
1280228,2021/22,2021-11-05,"Airforce Complex ground, Palam",2,3.2,Kerala,Bihar,RV Uthappa,Mohammed Azharuddeen,Amod Yadav,0,4,,,4,,,,,,
1280228,2021/22,2021-11-05,"Airforce Complex ground, Palam",2,3.3,Kerala,Bihar,RV Uthappa,Mohammed Azharuddeen,Amod Yadav,0,0,,,,,,,,,
1280228,2021/22,2021-11-05,"Airforce Complex ground, Palam",2,3.4,Kerala,Bihar,RV Uthappa,Mohammed Azharuddeen,Amod Yadav,4,0,,,,,,,,,
1280228,2021/22,2021-11-05,"Airforce Complex ground, Palam",2,3.5,Kerala,Bihar,RV Uthappa,Mohammed Azharuddeen,Amod Yadav,2,0,,,,,,,,,
1280228,2021/22,2021-11-05,"Airforce Complex ground, Palam",2,3.6,Kerala,Bihar,RV Uthappa,Mohammed Azharuddeen,Amod Yadav,6,0,,,,,,,,,
1280228,2021/22,2021-11-05,"Airforce Complex ground, Palam",2,4.1,Kerala,Bihar,Mohammed Azharuddeen,RV Uthappa,Ashutosh Aman,0,0,,,,,,,,,
1280228,2021/22,2021-11-05,"Airforce Complex ground, Palam",2,4.2,Kerala,Bihar,Mohammed Azharuddeen,RV Uthappa,Ashutosh Aman,4,0,,,,,,,,,
1280228,2021/22,2021-11-05,"Airforce Complex ground, Palam",2,4.3,Kerala,Bihar,Mohammed Azharuddeen,RV Uthappa,Ashutosh Aman,1,0,,,,,,,,,
1280228,2021/22,2021-11-05,"Airforce Complex ground, Palam",2,4.4,Kerala,Bihar,RV Uthappa,Mohammed Azharuddeen,Ashutosh Aman,0,0,,,,,,,,,
1280228,2021/22,2021-11-05,"Airforce Complex ground, Palam",2,4.5,Kerala,Bihar,RV Uthappa,Mohammed Azharuddeen,Ashutosh Aman,6,0,,,,,,,,,
1280228,2021/22,2021-11-05,"Airforce Complex ground, Palam",2,4.6,Kerala,Bihar,RV Uthappa,Mohammed Azharuddeen,Ashutosh Aman,1,0,,,,,,,,,
1280228,2021/22,2021-11-05,"Airforce Complex ground, Palam",2,5.1,Kerala,Bihar,RV Uthappa,Mohammed Azharuddeen,Sachin Kumar,0,0,,,,,,,,,
1280228,2021/22,2021-11-05,"Airforce Complex ground, Palam",2,5.2,Kerala,Bihar,RV Uthappa,Mohammed Azharuddeen,Sachin Kumar,6,0,,,,,,,,,
1280228,2021/22,2021-11-05,"Airforce Complex ground, Palam",2,5.3,Kerala,Bihar,RV Uthappa,Mohammed Azharuddeen,Sachin Kumar,0,0,,,,,,,,,
1280228,2021/22,2021-11-05,"Airforce Complex ground, Palam",2,5.4,Kerala,Bihar,RV Uthappa,Mohammed Azharuddeen,Sachin Kumar,6,0,,,,,,,,,
1280228,2021/22,2021-11-05,"Airforce Complex ground, Palam",2,5.5,Kerala,Bihar,RV Uthappa,Mohammed Azharuddeen,Sachin Kumar,1,0,,,,,,,,,
1280228,2021/22,2021-11-05,"Airforce Complex ground, Palam",2,5.6,Kerala,Bihar,Mohammed Azharuddeen,RV Uthappa,Sachin Kumar,0,0,,,,,,,,,
1280228,2021/22,2021-11-05,"Airforce Complex ground, Palam",2,6.1,Kerala,Bihar,RV Uthappa,Mohammed Azharuddeen,Ashutosh Aman,1,0,,,,,,,,,
1280228,2021/22,2021-11-05,"Airforce Complex ground, Palam",2,6.2,Kerala,Bihar,Mohammed Azharuddeen,RV Uthappa,Ashutosh Aman,0,0,,,,,,,,,
1280228,2021/22,2021-11-05,"Airforce Complex ground, Palam",2,6.3,Kerala,Bihar,Mohammed Azharuddeen,RV Uthappa,Ashutosh Aman,1,0,,,,,,,,,
1280228,2021/22,2021-11-05,"Airforce Complex ground, Palam",2,6.4,Kerala,Bihar,RV Uthappa,Mohammed Azharuddeen,Ashutosh Aman,1,0,,,,,,,,,
1280228,2021/22,2021-11-05,"Airforce Complex ground, Palam",2,6.5,Kerala,Bihar,Mohammed Azharuddeen,RV Uthappa,Ashutosh Aman,0,0,,,,,,caught,Mohammed Azharuddeen,,
1280228,2021/22,2021-11-05,"Airforce Complex ground, Palam",2,6.6,Kerala,Bihar,Rojith Ganesh,RV Uthappa,Ashutosh Aman,0,0,,,,,,,,,
1280228,2021/22,2021-11-05,"Airforce Complex ground, Palam",2,7.1,Kerala,Bihar,RV Uthappa,Rojith Ganesh,Samar Quadri,0,0,,,,,,,,,
1280228,2021/22,2021-11-05,"Airforce Complex ground, Palam",2,7.2,Kerala,Bihar,RV Uthappa,Rojith Ganesh,Samar Quadri,1,0,,,,,,,,,
1280228,2021/22,2021-11-05,"Airforce Complex ground, Palam",2,7.3,Kerala,Bihar,Rojith Ganesh,RV Uthappa,Samar Quadri,1,0,,,,,,,,,
1280228,2021/22,2021-11-05,"Airforce Complex ground, Palam",2,7.4,Kerala,Bihar,RV Uthappa,Rojith Ganesh,Samar Quadri,4,0,,,,,,,,,
1280228,2021/22,2021-11-05,"Airforce Complex ground, Palam",2,7.5,Kerala,Bihar,RV Uthappa,Rojith Ganesh,Samar Quadri,1,0,,,,,,,,,
1280228,2021/22,2021-11-05,"Airforce Complex ground, Palam",2,7.6,Kerala,Bihar,Rojith Ganesh,RV Uthappa,Samar Quadri,0,0,,,,,,retired hurt,RV Uthappa,,
1280228,2021/22,2021-11-05,"Airforce Complex ground, Palam",2,8.1,Kerala,Bihar,SV Samson,Rojith Ganesh,Ashutosh Aman,0,2,2,,,,,,,,
1280228,2021/22,2021-11-05,"Airforce Complex ground, Palam",2,8.2,Kerala,Bihar,Rojith Ganesh,SV Samson,Ashutosh Aman,0,0,,,,,,,,,
1280228,2021/22,2021-11-05,"Airforce Complex ground, Palam",2,8.3,Kerala,Bihar,Rojith Ganesh,SV Samson,Ashutosh Aman,0,0,,,,,,bowled,Rojith Ganesh,,
1280228,2021/22,2021-11-05,"Airforce Complex ground, Palam",2,8.4,Kerala,Bihar,Sachin Baby,SV Samson,Ashutosh Aman,1,0,,,,,,,,,
1280228,2021/22,2021-11-05,"Airforce Complex ground, Palam",2,8.5,Kerala,Bihar,SV Samson,Sachin Baby,Ashutosh Aman,0,0,,,,,,,,,
1280228,2021/22,2021-11-05,"Airforce Complex ground, Palam",2,8.6,Kerala,Bihar,SV Samson,Sachin Baby,Ashutosh Aman,1,0,,,,,,,,,
1280228,2021/22,2021-11-05,"Airforce Complex ground, Palam",2,8.7,Kerala,Bihar,Sachin Baby,SV Samson,Ashutosh Aman,1,0,,,,,,,,,
1280228,2021/22,2021-11-05,"Airforce Complex ground, Palam",2,9.1,Kerala,Bihar,Sachin Baby,SV Samson,Samar Quadri,1,0,,,,,,,,,
1280228,2021/22,2021-11-05,"Airforce Complex ground, Palam",2,9.2,Kerala,Bihar,SV Samson,Sachin Baby,Samar Quadri,1,0,,,,,,,,,
1280228,2021/22,2021-11-05,"Airforce Complex ground, Palam",2,9.3,Kerala,Bihar,Sachin Baby,SV Samson,Samar Quadri,0,0,,,,,,,,,
1280228,2021/22,2021-11-05,"Airforce Complex ground, Palam",2,9.4,Kerala,Bihar,Sachin Baby,SV Samson,Samar Quadri,1,0,,,,,,,,,
1280228,2021/22,2021-11-05,"Airforce Complex ground, Palam",2,9.5,Kerala,Bihar,SV Samson,Sachin Baby,Samar Quadri,4,0,,,,,,,,,
1280228,2021/22,2021-11-05,"Airforce Complex ground, Palam",2,9.6,Kerala,Bihar,SV Samson,Sachin Baby,Samar Quadri,2,0,,,,,,,,,
1280228,2021/22,2021-11-05,"Airforce Complex ground, Palam",2,10.1,Kerala,Bihar,Sachin Baby,SV Samson,Sachin Kumar,1,0,,,,,,,,,
1280228,2021/22,2021-11-05,"Airforce Complex ground, Palam",2,10.2,Kerala,Bihar,SV Samson,Sachin Baby,Sachin Kumar,0,0,,,,,,,,,
1280228,2021/22,2021-11-05,"Airforce Complex ground, Palam",2,10.3,Kerala,Bihar,SV Samson,Sachin Baby,Sachin Kumar,1,0,,,,,,,,,
1280228,2021/22,2021-11-05,"Airforce Complex ground, Palam",2,10.4,Kerala,Bihar,Sachin Baby,SV Samson,Sachin Kumar,0,0,,,,,,,,,
1280228,2021/22,2021-11-05,"Airforce Complex ground, Palam",2,10.5,Kerala,Bihar,Sachin Baby,SV Samson,Sachin Kumar,1,0,,,,,,,,,
1280228,2021/22,2021-11-05,"Airforce Complex ground, Palam",2,10.6,Kerala,Bihar,SV Samson,Sachin Baby,Sachin Kumar,0,1,1,,,,,,,,
1280228,2021/22,2021-11-05,"Airforce Complex ground, Palam",2,10.7,Kerala,Bihar,SV Samson,Sachin Baby,Sachin Kumar,6,0,,,,,,,,,
1280228,2021/22,2021-11-05,"Airforce Complex ground, Palam",2,11.1,Kerala,Bihar,Sachin Baby,SV Samson,Abhijeet Saket,0,0,,,,,,bowled,Sachin Baby,,
1280228,2021/22,2021-11-05,"Airforce Complex ground, Palam",2,11.2,Kerala,Bihar,Vishnu Vinod,SV Samson,Abhijeet Saket,0,0,,,,,,,,,
1280228,2021/22,2021-11-05,"Airforce Complex ground, Palam",2,11.3,Kerala,Bihar,Vishnu Vinod,SV Samson,Abhijeet Saket,1,0,,,,,,,,,
1280228,2021/22,2021-11-05,"Airforce Complex ground, Palam",2,11.4,Kerala,Bihar,SV Samson,Vishnu Vinod,Abhijeet Saket,1,0,,,,,,,,,
1280228,2021/22,2021-11-05,"Airforce Complex ground, Palam",2,11.5,Kerala,Bihar,Vishnu Vinod,SV Samson,Abhijeet Saket,1,0,,,,,,,,,
1280228,2021/22,2021-11-05,"Airforce Complex ground, Palam",2,11.6,Kerala,Bihar,SV Samson,Vishnu Vinod,Abhijeet Saket,1,0,,,,,,,,,
1280228,2021/22,2021-11-05,"Airforce Complex ground, Palam",2,12.1,Kerala,Bihar,SV Samson,Vishnu Vinod,Ashutosh Aman,0,0,,,,,,,,,
1280228,2021/22,2021-11-05,"Airforce Complex ground, Palam",2,12.2,Kerala,Bihar,SV Samson,Vishnu Vinod,Ashutosh Aman,6,0,,,,,,,,,
1280228,2021/22,2021-11-05,"Airforce Complex ground, Palam",2,12.3,Kerala,Bihar,SV Samson,Vishnu Vinod,Ashutosh Aman,1,0,,,,,,,,,
1280228,2021/22,2021-11-05,"Airforce Complex ground, Palam",2,12.4,Kerala,Bihar,Vishnu Vinod,SV Samson,Ashutosh Aman,2,0,,,,,,,,,
1280228,2021/22,2021-11-05,"Airforce Complex ground, Palam",2,12.5,Kerala,Bihar,Vishnu Vinod,SV Samson,Ashutosh Aman,1,0,,,,,,,,,
1280228,2021/22,2021-11-05,"Airforce Complex ground, Palam",2,12.6,Kerala,Bihar,SV Samson,Vishnu Vinod,Ashutosh Aman,1,0,,,,,,,,,
1280228,2021/22,2021-11-05,"Airforce Complex ground, Palam",2,13.1,Kerala,Bihar,SV Samson,Vishnu Vinod,Abhijeet Saket,0,0,,,,,,,,,
1280228,2021/22,2021-11-05,"Airforce Complex ground, Palam",2,13.2,Kerala,Bihar,SV Samson,Vishnu Vinod,Abhijeet Saket,0,0,,,,,,,,,
1280228,2021/22,2021-11-05,"Airforce Complex ground, Palam",2,13.3,Kerala,Bihar,SV Samson,Vishnu Vinod,Abhijeet Saket,0,1,1,,,,,,,,
1280228,2021/22,2021-11-05,"Airforce Complex ground, Palam",2,13.4,Kerala,Bihar,SV Samson,Vishnu Vinod,Abhijeet Saket,6,0,,,,,,,,,
1280228,2021/22,2021-11-05,"Airforce Complex ground, Palam",2,13.5,Kerala,Bihar,SV Samson,Vishnu Vinod,Abhijeet Saket,4,0,,,,,,,,,
1280228,2021/22,2021-11-05,"Airforce Complex ground, Palam",2,13.6,Kerala,Bihar,SV Samson,Vishnu Vinod,Abhijeet Saket,4,0,,,,,,,,,
1280228,2021/22,2021-11-05,"Airforce Complex ground, Palam",2,13.7,Kerala,Bihar,SV Samson,Vishnu Vinod,Abhijeet Saket,6,0,,,,,,,,,
1280228,2021/22,2021-11-05,"Airforce Complex ground, Palam",2,14.1,Kerala,Bihar,Vishnu Vinod,SV Samson,Pratyush Singh,1,0,,,,,,,,,
