match_id,season,start_date,venue,innings,ball,batting_team,bowling_team,striker,non_striker,bowler,runs_off_bat,extras,wides,noballs,byes,legbyes,penalty,wicket_type,player_dismissed,other_wicket_type,other_player_dismissed
1280252,2021/22,2021-11-06,Gokaraju Liala Gangaaraju ACA Cricket Ground,1,0.1,Meghalaya,Vidarbha,Chirag Khurana,Kishan Lyngdoh,UT Yadav,0,0,,,,,,,,,
1280252,2021/22,2021-11-06,Gokaraju Liala Gangaaraju ACA Cricket Ground,1,0.2,Meghalaya,Vidarbha,Chirag Khurana,Kishan Lyngdoh,UT Yadav,0,0,,,,,,,,,
1280252,2021/22,2021-11-06,Gokaraju Liala Gangaaraju ACA Cricket Ground,1,0.3,Meghalaya,Vidarbha,Chirag Khurana,Kishan Lyngdoh,UT Yadav,1,0,,,,,,,,,
1280252,2021/22,2021-11-06,Gokaraju Liala Gangaaraju ACA Cricket Ground,1,0.4,Meghalaya,Vidarbha,Kishan Lyngdoh,Chirag Khurana,UT Yadav,0,0,,,,,,,,,
1280252,2021/22,2021-11-06,Gokaraju Liala Gangaaraju ACA Cricket Ground,1,0.5,Meghalaya,Vidarbha,Kishan Lyngdoh,Chirag Khurana,UT Yadav,0,0,,,,,,,,,
1280252,2021/22,2021-11-06,Gokaraju Liala Gangaaraju ACA Cricket Ground,1,0.6,Meghalaya,Vidarbha,Kishan Lyngdoh,Chirag Khurana,UT Yadav,0,0,,,,,,,,,
1280252,2021/22,2021-11-06,Gokaraju Liala Gangaaraju ACA Cricket Ground,1,1.1,Meghalaya,Vidarbha,Chirag Khurana,Kishan Lyngdoh,Yash Thakur,0,1,1,,,,,,,,
1280252,2021/22,2021-11-06,Gokaraju Liala Gangaaraju ACA Cricket Ground,1,1.2,Meghalaya,Vidarbha,Chirag Khurana,Kishan Lyngdoh,Yash Thakur,0,0,,,,,,,,,
1280252,2021/22,2021-11-06,Gokaraju Liala Gangaaraju ACA Cricket Ground,1,1.3,Meghalaya,Vidarbha,Chirag Khurana,Kishan Lyngdoh,Yash Thakur,0,0,,,,,,,,,
1280252,2021/22,2021-11-06,Gokaraju Liala Gangaaraju ACA Cricket Ground,1,1.4,Meghalaya,Vidarbha,Chirag Khurana,Kishan Lyngdoh,Yash Thakur,1,0,,,,,,,,,
1280252,2021/22,2021-11-06,Gokaraju Liala Gangaaraju ACA Cricket Ground,1,1.5,Meghalaya,Vidarbha,Kishan Lyngdoh,Chirag Khurana,Yash Thakur,6,0,,,,,,,,,
1280252,2021/22,2021-11-06,Gokaraju Liala Gangaaraju ACA Cricket Ground,1,1.6,Meghalaya,Vidarbha,Kishan Lyngdoh,Chirag Khurana,Yash Thakur,0,0,,,,,,caught,Kishan Lyngdoh,,
1280252,2021/22,2021-11-06,Gokaraju Liala Gangaaraju ACA Cricket Ground,1,1.7,Meghalaya,Vidarbha,Punit Bisht,Chirag Khurana,Yash Thakur,0,0,,,,,,,,,
1280252,2021/22,2021-11-06,Gokaraju Liala Gangaaraju ACA Cricket Ground,1,2.1,Meghalaya,Vidarbha,Chirag Khurana,Punit Bisht,DG Nalkande,0,0,,,,,,,,,
1280252,2021/22,2021-11-06,Gokaraju Liala Gangaaraju ACA Cricket Ground,1,2.2,Meghalaya,Vidarbha,Chirag Khurana,Punit Bisht,DG Nalkande,1,0,,,,,,,,,
1280252,2021/22,2021-11-06,Gokaraju Liala Gangaaraju ACA Cricket Ground,1,2.3,Meghalaya,Vidarbha,Punit Bisht,Chirag Khurana,DG Nalkande,1,0,,,,,,,,,
1280252,2021/22,2021-11-06,Gokaraju Liala Gangaaraju ACA Cricket Ground,1,2.4,Meghalaya,Vidarbha,Chirag Khurana,Punit Bisht,DG Nalkande,0,0,,,,,,,,,
1280252,2021/22,2021-11-06,Gokaraju Liala Gangaaraju ACA Cricket Ground,1,2.5,Meghalaya,Vidarbha,Chirag Khurana,Punit Bisht,DG Nalkande,4,0,,,,,,,,,
1280252,2021/22,2021-11-06,Gokaraju Liala Gangaaraju ACA Cricket Ground,1,2.6,Meghalaya,Vidarbha,Chirag Khurana,Punit Bisht,DG Nalkande,0,0,,,,,,,,,
1280252,2021/22,2021-11-06,Gokaraju Liala Gangaaraju ACA Cricket Ground,1,3.1,Meghalaya,Vidarbha,Punit Bisht,Chirag Khurana,Yash Thakur,0,0,,,,,,,,,
1280252,2021/22,2021-11-06,Gokaraju Liala Gangaaraju ACA Cricket Ground,1,3.2,Meghalaya,Vidarbha,Punit Bisht,Chirag Khurana,Yash Thakur,2,0,,,,,,,,,
1280252,2021/22,2021-11-06,Gokaraju Liala Gangaaraju ACA Cricket Ground,1,3.3,Meghalaya,Vidarbha,Punit Bisht,Chirag Khurana,Yash Thakur,0,0,,,,,,lbw,Punit Bisht,,
1280252,2021/22,2021-11-06,Gokaraju Liala Gangaaraju ACA Cricket Ground,1,3.4,Meghalaya,Vidarbha,Rohit Shah,Chirag Khurana,Yash Thakur,0,0,,,,,,,,,
1280252,2021/22,2021-11-06,Gokaraju Liala Gangaaraju ACA Cricket Ground,1,3.5,Meghalaya,Vidarbha,Rohit Shah,Chirag Khurana,Yash Thakur,1,0,,,,,,,,,
1280252,2021/22,2021-11-06,Gokaraju Liala Gangaaraju ACA Cricket Ground,1,3.6,Meghalaya,Vidarbha,Chirag Khurana,Rohit Shah,Yash Thakur,1,0,,,,,,,,,
1280252,2021/22,2021-11-06,Gokaraju Liala Gangaaraju ACA Cricket Ground,1,4.1,Meghalaya,Vidarbha,Chirag Khurana,Rohit Shah,DG Nalkande,4,0,,,,,,,,,
1280252,2021/22,2021-11-06,Gokaraju Liala Gangaaraju ACA Cricket Ground,1,4.2,Meghalaya,Vidarbha,Chirag Khurana,Rohit Shah,DG Nalkande,1,0,,,,,,,,,
1280252,2021/22,2021-11-06,Gokaraju Liala Gangaaraju ACA Cricket Ground,1,4.3,Meghalaya,Vidarbha,Rohit Shah,Chirag Khurana,DG Nalkande,0,0,,,,,,,,,
1280252,2021/22,2021-11-06,Gokaraju Liala Gangaaraju ACA Cricket Ground,1,4.4,Meghalaya,Vidarbha,Rohit Shah,Chirag Khurana,DG Nalkande,1,0,,,,,,,,,
1280252,2021/22,2021-11-06,Gokaraju Liala Gangaaraju ACA Cricket Ground,1,4.5,Meghalaya,Vidarbha,Chirag Khurana,Rohit Shah,DG Nalkande,0,1,1,,,,,,,,
1280252,2021/22,2021-11-06,Gokaraju Liala Gangaaraju ACA Cricket Ground,1,4.6,Meghalaya,Vidarbha,Chirag Khurana,Rohit Shah,DG Nalkande,1,0,,,,,,,,,
1280252,2021/22,2021-11-06,Gokaraju Liala Gangaaraju ACA Cricket Ground,1,4.7,Meghalaya,Vidarbha,Rohit Shah,Chirag Khurana,DG Nalkande,0,0,,,,,,,,,
1280252,2021/22,2021-11-06,Gokaraju Liala Gangaaraju ACA Cricket Ground,1,5.1,Meghalaya,Vidarbha,Chirag Khurana,Rohit Shah,Akshay Karnewar,4,0,,,,,,,,,
1280252,2021/22,2021-11-06,Gokaraju Liala Gangaaraju ACA Cricket Ground,1,5.2,Meghalaya,Vidarbha,Chirag Khurana,Rohit Shah,Akshay Karnewar,4,0,,,,,,,,,
1280252,2021/22,2021-11-06,Gokaraju Liala Gangaaraju ACA Cricket Ground,1,5.3,Meghalaya,Vidarbha,Chirag Khurana,Rohit Shah,Akshay Karnewar,4,0,,,,,,,,,
1280252,2021/22,2021-11-06,Gokaraju Liala Gangaaraju ACA Cricket Ground,1,5.4,Meghalaya,Vidarbha,Chirag Khurana,Rohit Shah,Akshay Karnewar,0,0,,,,,,,,,
1280252,2021/22,2021-11-06,Gokaraju Liala Gangaaraju ACA Cricket Ground,1,5.5,Meghalaya,Vidarbha,Chirag Khurana,Rohit Shah,Akshay Karnewar,0,0,,,,,,caught,Chirag Khurana,,
1280252,2021/22,2021-11-06,Gokaraju Liala Gangaaraju ACA Cricket Ground,1,5.6,Meghalaya,Vidarbha,DB Ravi Teja,Rohit Shah,Akshay Karnewar,0,0,,,,,,lbw,DB Ravi Teja,,
1280252,2021/22,2021-11-06,Gokaraju Liala Gangaaraju ACA Cricket Ground,1,6.1,Meghalaya,Vidarbha,Rohit Shah,Larry Sangma,UT Yadav,0,0,,,,,,,,,
1280252,2021/22,2021-11-06,Gokaraju Liala Gangaaraju ACA Cricket Ground,1,6.2,Meghalaya,Vidarbha,Rohit Shah,Larry Sangma,UT Yadav,1,0,,,,,,,,,
1280252,2021/22,2021-11-06,Gokaraju Liala Gangaaraju ACA Cricket Ground,1,6.3,Meghalaya,Vidarbha,Larry Sangma,Rohit Shah,UT Yadav,0,0,,,,,,,,,
1280252,2021/22,2021-11-06,Gokaraju Liala Gangaaraju ACA Cricket Ground,1,6.4,Meghalaya,Vidarbha,Larry Sangma,Rohit Shah,UT Yadav,0,0,,,,,,,,,
1280252,2021/22,2021-11-06,Gokaraju Liala Gangaaraju ACA Cricket Ground,1,6.5,Meghalaya,Vidarbha,Larry Sangma,Rohit Shah,UT Yadav,1,0,,,,,,,,,
1280252,2021/22,2021-11-06,Gokaraju Liala Gangaaraju ACA Cricket Ground,1,6.6,Meghalaya,Vidarbha,Rohit Shah,Larry Sangma,UT Yadav,0,0,,,,,,,,,
1280252,2021/22,2021-11-06,Gokaraju Liala Gangaaraju ACA Cricket Ground,1,7.1,Meghalaya,Vidarbha,Larry Sangma,Rohit Shah,Akshay Karnewar,0,0,,,,,,,,,
1280252,2021/22,2021-11-06,Gokaraju Liala Gangaaraju ACA Cricket Ground,1,7.2,Meghalaya,Vidarbha,Larry Sangma,Rohit Shah,Akshay Karnewar,0,0,,,,,,,,,
1280252,2021/22,2021-11-06,Gokaraju Liala Gangaaraju ACA Cricket Ground,1,7.3,Meghalaya,Vidarbha,Larry Sangma,Rohit Shah,Akshay Karnewar,4,0,,,,,,,,,
1280252,2021/22,2021-11-06,Gokaraju Liala Gangaaraju ACA Cricket Ground,1,7.4,Meghalaya,Vidarbha,Larry Sangma,Rohit Shah,Akshay Karnewar,0,0,,,,,,,,,
1280252,2021/22,2021-11-06,Gokaraju Liala Gangaaraju ACA Cricket Ground,1,7.5,Meghalaya,Vidarbha,Larry Sangma,Rohit Shah,Akshay Karnewar,0,0,,,,,,,,,
1280252,2021/22,2021-11-06,Gokaraju Liala Gangaaraju ACA Cricket Ground,1,7.6,Meghalaya,Vidarbha,Larry Sangma,Rohit Shah,Akshay Karnewar,1,0,,,,,,,,,
1280252,2021/22,2021-11-06,Gokaraju Liala Gangaaraju ACA Cricket Ground,1,8.1,Meghalaya,Vidarbha,Larry Sangma,Rohit Shah,Akshay Wakhare,0,0,,,,,,,,,
1280252,2021/22,2021-11-06,Gokaraju Liala Gangaaraju ACA Cricket Ground,1,8.2,Meghalaya,Vidarbha,Larry Sangma,Rohit Shah,Akshay Wakhare,0,0,,,,,,caught,Larry Sangma,,
1280252,2021/22,2021-11-06,Gokaraju Liala Gangaaraju ACA Cricket Ground,1,8.3,Meghalaya,Vidarbha,Rohit Shah,Akash Choudhary,Akshay Wakhare,0,0,,,,,,,,,
1280252,2021/22,2021-11-06,Gokaraju Liala Gangaaraju ACA Cricket Ground,1,8.4,Meghalaya,Vidarbha,Rohit Shah,Akash Choudhary,Akshay Wakhare,1,0,,,,,,,,,
1280252,2021/22,2021-11-06,Gokaraju Liala Gangaaraju ACA Cricket Ground,1,8.5,Meghalaya,Vidarbha,Akash Choudhary,Rohit Shah,Akshay Wakhare,0,0,,,,,,,,,
1280252,2021/22,2021-11-06,Gokaraju Liala Gangaaraju ACA Cricket Ground,1,8.6,Meghalaya,Vidarbha,Akash Choudhary,Rohit Shah,Akshay Wakhare,0,0,,,,,,,,,
1280252,2021/22,2021-11-06,Gokaraju Liala Gangaaraju ACA Cricket Ground,1,9.1,Meghalaya,Vidarbha,Rohit Shah,Akash Choudhary,Atharva Taide,1,0,,,,,,,,,
1280252,2021/22,2021-11-06,Gokaraju Liala Gangaaraju ACA Cricket Ground,1,9.2,Meghalaya,Vidarbha,Akash Choudhary,Rohit Shah,Atharva Taide,0,0,,,,,,,,,
1280252,2021/22,2021-11-06,Gokaraju Liala Gangaaraju ACA Cricket Ground,1,9.3,Meghalaya,Vidarbha,Akash Choudhary,Rohit Shah,Atharva Taide,1,0,,,,,,,,,
1280252,2021/22,2021-11-06,Gokaraju Liala Gangaaraju ACA Cricket Ground,1,9.4,Meghalaya,Vidarbha,Rohit Shah,Akash Choudhary,Atharva Taide,0,0,,,,,,,,,
1280252,2021/22,2021-11-06,Gokaraju Liala Gangaaraju ACA Cricket Ground,1,9.5,Meghalaya,Vidarbha,Rohit Shah,Akash Choudhary,Atharva Taide,0,0,,,,,,,,,
1280252,2021/22,2021-11-06,Gokaraju Liala Gangaaraju ACA Cricket Ground,1,9.6,Meghalaya,Vidarbha,Rohit Shah,Akash Choudhary,Atharva Taide,1,0,,,,,,,,,
1280252,2021/22,2021-11-06,Gokaraju Liala Gangaaraju ACA Cricket Ground,1,10.1,Meghalaya,Vidarbha,Rohit Shah,Akash Choudhary,Akshay Wakhare,0,0,,,,,,,,,
1280252,2021/22,2021-11-06,Gokaraju Liala Gangaaraju ACA Cricket Ground,1,10.2,Meghalaya,Vidarbha,Rohit Shah,Akash Choudhary,Akshay Wakhare,1,0,,,,,,,,,
1280252,2021/22,2021-11-06,Gokaraju Liala Gangaaraju ACA Cricket Ground,1,10.3,Meghalaya,Vidarbha,Akash Choudhary,Rohit Shah,Akshay Wakhare,1,0,,,,,,,,,
1280252,2021/22,2021-11-06,Gokaraju Liala Gangaaraju ACA Cricket Ground,1,10.4,Meghalaya,Vidarbha,Rohit Shah,Akash Choudhary,Akshay Wakhare,0,0,,,,,,,,,
1280252,2021/22,2021-11-06,Gokaraju Liala Gangaaraju ACA Cricket Ground,1,10.5,Meghalaya,Vidarbha,Rohit Shah,Akash Choudhary,Akshay Wakhare,0,0,,,,,,,,,
1280252,2021/22,2021-11-06,Gokaraju Liala Gangaaraju ACA Cricket Ground,1,10.6,Meghalaya,Vidarbha,Rohit Shah,Akash Choudhary,Akshay Wakhare,0,0,,,,,,caught,Rohit Shah,,
1280252,2021/22,2021-11-06,Gokaraju Liala Gangaaraju ACA Cricket Ground,1,11.1,Meghalaya,Vidarbha,Akash Choudhary,Anish Charak,Atharva Taide,0,0,,,,,,,,,
1280252,2021/22,2021-11-06,Gokaraju Liala Gangaaraju ACA Cricket Ground,1,11.2,Meghalaya,Vidarbha,Akash Choudhary,Anish Charak,Atharva Taide,1,0,,,,,,,,,
1280252,2021/22,2021-11-06,Gokaraju Liala Gangaaraju ACA Cricket Ground,1,11.3,Meghalaya,Vidarbha,Anish Charak,Akash Choudhary,Atharva Taide,1,0,,,,,,,,,
1280252,2021/22,2021-11-06,Gokaraju Liala Gangaaraju ACA Cricket Ground,1,11.4,Meghalaya,Vidarbha,Akash Choudhary,Anish Charak,Atharva Taide,1,0,,,,,,,,,
1280252,2021/22,2021-11-06,Gokaraju Liala Gangaaraju ACA Cricket Ground,1,11.5,Meghalaya,Vidarbha,Anish Charak,Akash Choudhary,Atharva Taide,0,0,,,,,,,,,
1280252,2021/22,2021-11-06,Gokaraju Liala Gangaaraju ACA Cricket Ground,1,11.6,Meghalaya,Vidarbha,Anish Charak,Akash Choudhary,Atharva Taide,0,0,,,,,,,,,
1280252,2021/22,2021-11-06,Gokaraju Liala Gangaaraju ACA Cricket Ground,1,12.1,Meghalaya,Vidarbha,Akash Choudhary,Anish Charak,Akshay Wakhare,1,0,,,,,,,,,
1280252,2021/22,2021-11-06,Gokaraju Liala Gangaaraju ACA Cricket Ground,1,12.2,Meghalaya,Vidarbha,Anish Charak,Akash Choudhary,Akshay Wakhare,1,0,,,,,,,,,
1280252,2021/22,2021-11-06,Gokaraju Liala Gangaaraju ACA Cricket Ground,1,12.3,Meghalaya,Vidarbha,Akash Choudhary,Anish Charak,Akshay Wakhare,1,0,,,,,,,,,
1280252,2021/22,2021-11-06,Gokaraju Liala Gangaaraju ACA Cricket Ground,1,12.4,Meghalaya,Vidarbha,Anish Charak,Akash Choudhary,Akshay Wakhare,0,0,,,,,,,,,
1280252,2021/22,2021-11-06,Gokaraju Liala Gangaaraju ACA Cricket Ground,1,12.5,Meghalaya,Vidarbha,Anish Charak,Akash Choudhary,Akshay Wakhare,1,0,,,,,,,,,
1280252,2021/22,2021-11-06,Gokaraju Liala Gangaaraju ACA Cricket Ground,1,12.6,Meghalaya,Vidarbha,Akash Choudhary,Anish Charak,Akshay Wakhare,1,0,,,,,,,,,
1280252,2021/22,2021-11-06,Gokaraju Liala Gangaaraju ACA Cricket Ground,1,13.1,Meghalaya,Vidarbha,Akash Choudhary,Anish Charak,Akshay Karnewar,1,0,,,,,,,,,
1280252,2021/22,2021-11-06,Gokaraju Liala Gangaaraju ACA Cricket Ground,1,13.2,Meghalaya,Vidarbha,Anish Charak,Akash Choudhary,Akshay Karnewar,1,0,,,,,,,,,
1280252,2021/22,2021-11-06,Gokaraju Liala Gangaaraju ACA Cricket Ground,1,13.3,Meghalaya,Vidarbha,Akash Choudhary,Anish Charak,Akshay Karnewar,0,0,,,,,,,,,
1280252,2021/22,2021-11-06,Gokaraju Liala Gangaaraju ACA Cricket Ground,1,13.4,Meghalaya,Vidarbha,Akash Choudhary,Anish Charak,Akshay Karnewar,1,0,,,,,,,,,
1280252,2021/22,2021-11-06,Gokaraju Liala Gangaaraju ACA Cricket Ground,1,13.5,Meghalaya,Vidarbha,Anish Charak,Akash Choudhary,Akshay Karnewar,0,0,,,,,,,,,
1280252,2021/22,2021-11-06,Gokaraju Liala Gangaaraju ACA Cricket Ground,1,13.6,Meghalaya,Vidarbha,Anish Charak,Akash Choudhary,Akshay Karnewar,1,0,,,,,,,,,
1280252,2021/22,2021-11-06,Gokaraju Liala Gangaaraju ACA Cricket Ground,1,14.1,Meghalaya,Vidarbha,Anish Charak,Akash Choudhary,DG Nalkande,0,0,,,,,,,,,
1280252,2021/22,2021-11-06,Gokaraju Liala Gangaaraju ACA Cricket Ground,1,14.2,Meghalaya,Vidarbha,Anish Charak,Akash Choudhary,DG Nalkande,1,0,,,,,,,,,
1280252,2021/22,2021-11-06,Gokaraju Liala Gangaaraju ACA Cricket Ground,1,14.3,Meghalaya,Vidarbha,Akash Choudhary,Anish Charak,DG Nalkande,1,0,,,,,,,,,
1280252,2021/22,2021-11-06,Gokaraju Liala Gangaaraju ACA Cricket Ground,1,14.4,Meghalaya,Vidarbha,Anish Charak,Akash Choudhary,DG Nalkande,4,0,,,,,,,,,
1280252,2021/22,2021-11-06,Gokaraju Liala Gangaaraju ACA Cricket Ground,1,14.5,Meghalaya,Vidarbha,Anish Charak,Akash Choudhary,DG Nalkande,2,0,,,,,,,,,
1280252,2021/22,2021-11-06,Gokaraju Liala Gangaaraju ACA Cricket Ground,1,14.6,Meghalaya,Vidarbha,Anish Charak,Akash Choudhary,DG Nalkande,0,0,,,,,,,,,
1280252,2021/22,2021-11-06,Gokaraju Liala Gangaaraju ACA Cricket Ground,1,15.1,Meghalaya,Vidarbha,Akash Choudhary,Anish Charak,Akshay Wakhare,0,2,2,,,,,,,,
1280252,2021/22,2021-11-06,Gokaraju Liala Gangaaraju ACA Cricket Ground,1,15.2,Meghalaya,Vidarbha,Anish Charak,Akash Choudhary,Akshay Wakhare,4,0,,,,,,,,,
1280252,2021/22,2021-11-06,Gokaraju Liala Gangaaraju ACA Cricket Ground,1,15.3,Meghalaya,Vidarbha,Anish Charak,Akash Choudhary,Akshay Wakhare,0,0,,,,,,,,,
1280252,2021/22,2021-11-06,Gokaraju Liala Gangaaraju ACA Cricket Ground,1,15.4,Meghalaya,Vidarbha,Anish Charak,Akash Choudhary,Akshay Wakhare,1,0,,,,,,,,,
1280252,2021/22,2021-11-06,Gokaraju Liala Gangaaraju ACA Cricket Ground,1,15.5,Meghalaya,Vidarbha,Akash Choudhary,Anish Charak,Akshay Wakhare,1,0,,,,,,,,,
1280252,2021/22,2021-11-06,Gokaraju Liala Gangaaraju ACA Cricket Ground,1,15.6,Meghalaya,Vidarbha,Anish Charak,Akash Choudhary,Akshay Wakhare,1,0,,,,,,,,,
1280252,2021/22,2021-11-06,Gokaraju Liala Gangaaraju ACA Cricket Ground,1,15.7,Meghalaya,Vidarbha,Akash Choudhary,Anish Charak,Akshay Wakhare,1,0,,,,,,,,,
1280252,2021/22,2021-11-06,Gokaraju Liala Gangaaraju ACA Cricket Ground,1,16.1,Meghalaya,Vidarbha,Akash Choudhary,Anish Charak,UT Yadav,0,1,1,,,,,,,,
1280252,2021/22,2021-11-06,Gokaraju Liala Gangaaraju ACA Cricket Ground,1,16.2,Meghalaya,Vidarbha,Akash Choudhary,Anish Charak,UT Yadav,0,0,,,,,,run out,Akash Choudhary,,
1280252,2021/22,2021-11-06,Gokaraju Liala Gangaaraju ACA Cricket Ground,1,16.3,Meghalaya,Vidarbha,Dippu Sangma,Anish Charak,UT Yadav,0,0,,,,,,run out,Dippu Sangma,,
1280252,2021/22,2021-11-06,Gokaraju Liala Gangaaraju ACA Cricket Ground,1,16.4,Meghalaya,Vidarbha,Anish Charak,Ram Gurung,UT Yadav,1,0,,,,,,,,,
1280252,2021/22,2021-11-06,Gokaraju Liala Gangaaraju ACA Cricket Ground,1,16.5,Meghalaya,Vidarbha,Ram Gurung,Anish Charak,UT Yadav,0,0,,,,,,,,,
1280252,2021/22,2021-11-06,Gokaraju Liala Gangaaraju ACA Cricket Ground,1,16.6,Meghalaya,Vidarbha,Ram Gurung,Anish Charak,UT Yadav,1,0,,,,,,,,,
1280252,2021/22,2021-11-06,Gokaraju Liala Gangaaraju ACA Cricket Ground,1,16.7,Meghalaya,Vidarbha,Anish Charak,Ram Gurung,UT Yadav,0,1,,,,1,,,,,
1280252,2021/22,2021-11-06,Gokaraju Liala Gangaaraju ACA Cricket Ground,1,17.1,Meghalaya,Vidarbha,Anish Charak,Ram Gurung,Akshay Karnewar,1,0,,,,,,,,,
1280252,2021/22,2021-11-06,Gokaraju Liala Gangaaraju ACA Cricket Ground,1,17.2,Meghalaya,Vidarbha,Ram Gurung,Anish Charak,Akshay Karnewar,0,0,,,,,,,,,
1280252,2021/22,2021-11-06,Gokaraju Liala Gangaaraju ACA Cricket Ground,1,17.3,Meghalaya,Vidarbha,Ram Gurung,Anish Charak,Akshay Karnewar,1,0,,,,,,,,,
1280252,2021/22,2021-11-06,Gokaraju Liala Gangaaraju ACA Cricket Ground,1,17.4,Meghalaya,Vidarbha,Anish Charak,Ram Gurung,Akshay Karnewar,1,0,,,,,,,,,
1280252,2021/22,2021-11-06,Gokaraju Liala Gangaaraju ACA Cricket Ground,1,17.5,Meghalaya,Vidarbha,Ram Gurung,Anish Charak,Akshay Karnewar,2,0,,,,,,,,,
1280252,2021/22,2021-11-06,Gokaraju Liala Gangaaraju ACA Cricket Ground,1,17.6,Meghalaya,Vidarbha,Ram Gurung,Anish Charak,Akshay Karnewar,1,0,,,,,,,,,
1280252,2021/22,2021-11-06,Gokaraju Liala Gangaaraju ACA Cricket Ground,1,18.1,Meghalaya,Vidarbha,Ram Gurung,Anish Charak,UT Yadav,0,0,,,,,,,,,
1280252,2021/22,2021-11-06,Gokaraju Liala Gangaaraju ACA Cricket Ground,1,18.2,Meghalaya,Vidarbha,Ram Gurung,Anish Charak,UT Yadav,2,0,,,,,,,,,
1280252,2021/22,2021-11-06,Gokaraju Liala Gangaaraju ACA Cricket Ground,1,18.3,Meghalaya,Vidarbha,Ram Gurung,Anish Charak,UT Yadav,0,0,,,,,,bowled,Ram Gurung,,
1280252,2021/22,2021-11-06,Gokaraju Liala Gangaaraju ACA Cricket Ground,1,18.4,Meghalaya,Vidarbha,Chengkam Sangma,Anish Charak,UT Yadav,1,0,,,,,,,,,
1280252,2021/22,2021-11-06,Gokaraju Liala Gangaaraju ACA Cricket Ground,1,18.5,Meghalaya,Vidarbha,Anish Charak,Chengkam Sangma,UT Yadav,1,0,,,,,,,,,
1280252,2021/22,2021-11-06,Gokaraju Liala Gangaaraju ACA Cricket Ground,1,18.6,Meghalaya,Vidarbha,Chengkam Sangma,Anish Charak,UT Yadav,0,0,,,,,,,,,
1280252,2021/22,2021-11-06,Gokaraju Liala Gangaaraju ACA Cricket Ground,1,19.1,Meghalaya,Vidarbha,Anish Charak,Chengkam Sangma,Yash Thakur,0,0,,,,,,bowled,Anish Charak,,
1280252,2021/22,2021-11-06,Gokaraju Liala Gangaaraju ACA Cricket Ground,2,0.1,Vidarbha,Meghalaya,Siddhesh Wath,Atharva Taide,Chirag Khurana,4,0,,,,,,,,,
1280252,2021/22,2021-11-06,Gokaraju Liala Gangaaraju ACA Cricket Ground,2,0.2,Vidarbha,Meghalaya,Siddhesh Wath,Atharva Taide,Chirag Khurana,4,0,,,,,,,,,
1280252,2021/22,2021-11-06,Gokaraju Liala Gangaaraju ACA Cricket Ground,2,0.3,Vidarbha,Meghalaya,Siddhesh Wath,Atharva Taide,Chirag Khurana,0,0,,,,,,,,,
1280252,2021/22,2021-11-06,Gokaraju Liala Gangaaraju ACA Cricket Ground,2,0.4,Vidarbha,Meghalaya,Siddhesh Wath,Atharva Taide,Chirag Khurana,1,0,,,,,,,,,
1280252,2021/22,2021-11-06,Gokaraju Liala Gangaaraju ACA Cricket Ground,2,0.5,Vidarbha,Meghalaya,Atharva Taide,Siddhesh Wath,Chirag Khurana,1,0,,,,,,,,,
1280252,2021/22,2021-11-06,Gokaraju Liala Gangaaraju ACA Cricket Ground,2,0.6,Vidarbha,Meghalaya,Siddhesh Wath,Atharva Taide,Chirag Khurana,4,0,,,,,,,,,
1280252,2021/22,2021-11-06,Gokaraju Liala Gangaaraju ACA Cricket Ground,2,1.1,Vidarbha,Meghalaya,Atharva Taide,Siddhesh Wath,Akash Choudhary,1,0,,,,,,,,,
1280252,2021/22,2021-11-06,Gokaraju Liala Gangaaraju ACA Cricket Ground,2,1.2,Vidarbha,Meghalaya,Siddhesh Wath,Atharva Taide,Akash Choudhary,4,0,,,,,,,,,
1280252,2021/22,2021-11-06,Gokaraju Liala Gangaaraju ACA Cricket Ground,2,1.3,Vidarbha,Meghalaya,Siddhesh Wath,Atharva Taide,Akash Choudhary,0,0,,,,,,,,,
1280252,2021/22,2021-11-06,Gokaraju Liala Gangaaraju ACA Cricket Ground,2,1.4,Vidarbha,Meghalaya,Siddhesh Wath,Atharva Taide,Akash Choudhary,1,0,,,,,,,,,
1280252,2021/22,2021-11-06,Gokaraju Liala Gangaaraju ACA Cricket Ground,2,1.5,Vidarbha,Meghalaya,Atharva Taide,Siddhesh Wath,Akash Choudhary,1,0,,,,,,,,,
1280252,2021/22,2021-11-06,Gokaraju Liala Gangaaraju ACA Cricket Ground,2,1.6,Vidarbha,Meghalaya,Siddhesh Wath,Atharva Taide,Akash Choudhary,0,0,,,,,,,,,
1280252,2021/22,2021-11-06,Gokaraju Liala Gangaaraju ACA Cricket Ground,2,2.1,Vidarbha,Meghalaya,Atharva Taide,Siddhesh Wath,Dippu Sangma,0,0,,,,,,,,,
1280252,2021/22,2021-11-06,Gokaraju Liala Gangaaraju ACA Cricket Ground,2,2.2,Vidarbha,Meghalaya,Atharva Taide,Siddhesh Wath,Dippu Sangma,0,0,,,,,,,,,
1280252,2021/22,2021-11-06,Gokaraju Liala Gangaaraju ACA Cricket Ground,2,2.3,Vidarbha,Meghalaya,Atharva Taide,Siddhesh Wath,Dippu Sangma,0,0,,,,,,,,,
1280252,2021/22,2021-11-06,Gokaraju Liala Gangaaraju ACA Cricket Ground,2,2.4,Vidarbha,Meghalaya,Atharva Taide,Siddhesh Wath,Dippu Sangma,0,0,,,,,,,,,
1280252,2021/22,2021-11-06,Gokaraju Liala Gangaaraju ACA Cricket Ground,2,2.5,Vidarbha,Meghalaya,Atharva Taide,Siddhesh Wath,Dippu Sangma,0,0,,,,,,,,,
1280252,2021/22,2021-11-06,Gokaraju Liala Gangaaraju ACA Cricket Ground,2,2.6,Vidarbha,Meghalaya,Atharva Taide,Siddhesh Wath,Dippu Sangma,6,0,,,,,,,,,
1280252,2021/22,2021-11-06,Gokaraju Liala Gangaaraju ACA Cricket Ground,2,3.1,Vidarbha,Meghalaya,Siddhesh Wath,Atharva Taide,Akash Choudhary,0,0,,,,,,,,,
1280252,2021/22,2021-11-06,Gokaraju Liala Gangaaraju ACA Cricket Ground,2,3.2,Vidarbha,Meghalaya,Siddhesh Wath,Atharva Taide,Akash Choudhary,4,0,,,,,,,,,
1280252,2021/22,2021-11-06,Gokaraju Liala Gangaaraju ACA Cricket Ground,2,3.3,Vidarbha,Meghalaya,Siddhesh Wath,Atharva Taide,Akash Choudhary,1,0,,,,,,,,,
1280252,2021/22,2021-11-06,Gokaraju Liala Gangaaraju ACA Cricket Ground,2,3.4,Vidarbha,Meghalaya,Atharva Taide,Siddhesh Wath,Akash Choudhary,0,0,,,,,,,,,
1280252,2021/22,2021-11-06,Gokaraju Liala Gangaaraju ACA Cricket Ground,2,3.5,Vidarbha,Meghalaya,Atharva Taide,Siddhesh Wath,Akash Choudhary,0,0,,,,,,,,,
1280252,2021/22,2021-11-06,Gokaraju Liala Gangaaraju ACA Cricket Ground,2,3.6,Vidarbha,Meghalaya,Atharva Taide,Siddhesh Wath,Akash Choudhary,1,0,,,,,,,,,
1280252,2021/22,2021-11-06,Gokaraju Liala Gangaaraju ACA Cricket Ground,2,4.1,Vidarbha,Meghalaya,Atharva Taide,Siddhesh Wath,Dippu Sangma,0,0,,,,,,,,,
1280252,2021/22,2021-11-06,Gokaraju Liala Gangaaraju ACA Cricket Ground,2,4.2,Vidarbha,Meghalaya,Atharva Taide,Siddhesh Wath,Dippu Sangma,0,0,,,,,,,,,
1280252,2021/22,2021-11-06,Gokaraju Liala Gangaaraju ACA Cricket Ground,2,4.3,Vidarbha,Meghalaya,Atharva Taide,Siddhesh Wath,Dippu Sangma,1,0,,,,,,,,,
1280252,2021/22,2021-11-06,Gokaraju Liala Gangaaraju ACA Cricket Ground,2,4.4,Vidarbha,Meghalaya,Siddhesh Wath,Atharva Taide,Dippu Sangma,0,0,,,,,,lbw,Siddhesh Wath,,
1280252,2021/22,2021-11-06,Gokaraju Liala Gangaaraju ACA Cricket Ground,2,4.5,Vidarbha,Meghalaya,JM Sharma,Atharva Taide,Dippu Sangma,4,0,,,,,,,,,
1280252,2021/22,2021-11-06,Gokaraju Liala Gangaaraju ACA Cricket Ground,2,4.6,Vidarbha,Meghalaya,JM Sharma,Atharva Taide,Dippu Sangma,6,0,,,,,,,,,
1280252,2021/22,2021-11-06,Gokaraju Liala Gangaaraju ACA Cricket Ground,2,5.1,Vidarbha,Meghalaya,Atharva Taide,JM Sharma,Akash Choudhary,0,0,,,,,,,,,
1280252,2021/22,2021-11-06,Gokaraju Liala Gangaaraju ACA Cricket Ground,2,5.2,Vidarbha,Meghalaya,Atharva Taide,JM Sharma,Akash Choudhary,0,0,,,,,,,,,
1280252,2021/22,2021-11-06,Gokaraju Liala Gangaaraju ACA Cricket Ground,2,5.3,Vidarbha,Meghalaya,Atharva Taide,JM Sharma,Akash Choudhary,1,0,,,,,,,,,
1280252,2021/22,2021-11-06,Gokaraju Liala Gangaaraju ACA Cricket Ground,2,5.4,Vidarbha,Meghalaya,JM Sharma,Atharva Taide,Akash Choudhary,0,1,,,,1,,,,,
1280252,2021/22,2021-11-06,Gokaraju Liala Gangaaraju ACA Cricket Ground,2,5.5,Vidarbha,Meghalaya,Atharva Taide,JM Sharma,Akash Choudhary,2,0,,,,,,,,,
1280252,2021/22,2021-11-06,Gokaraju Liala Gangaaraju ACA Cricket Ground,2,5.6,Vidarbha,Meghalaya,Atharva Taide,JM Sharma,Akash Choudhary,6,0,,,,,,,,,
1280252,2021/22,2021-11-06,Gokaraju Liala Gangaaraju ACA Cricket Ground,2,6.1,Vidarbha,Meghalaya,JM Sharma,Atharva Taide,Anish Charak,6,0,,,,,,,,,
1280252,2021/22,2021-11-06,Gokaraju Liala Gangaaraju ACA Cricket Ground,2,6.2,Vidarbha,Meghalaya,JM Sharma,Atharva Taide,Anish Charak,4,0,,,,,,,,,
1280252,2021/22,2021-11-06,Gokaraju Liala Gangaaraju ACA Cricket Ground,2,6.3,Vidarbha,Meghalaya,JM Sharma,Atharva Taide,Anish Charak,6,0,,,,,,,,,
1280252,2021/22,2021-11-06,Gokaraju Liala Gangaaraju ACA Cricket Ground,2,6.4,Vidarbha,Meghalaya,JM Sharma,Atharva Taide,Anish Charak,0,0,,,,,,caught,JM Sharma,,
1280252,2021/22,2021-11-06,Gokaraju Liala Gangaaraju ACA Cricket Ground,2,6.5,Vidarbha,Meghalaya,Atharva Taide,AV Wankhade,Anish Charak,2,0,,,,,,,,,
1280252,2021/22,2021-11-06,Gokaraju Liala Gangaaraju ACA Cricket Ground,2,6.6,Vidarbha,Meghalaya,Atharva Taide,AV Wankhade,Anish Charak,1,0,,,,,,,,,
1280252,2021/22,2021-11-06,Gokaraju Liala Gangaaraju ACA Cricket Ground,2,7.1,Vidarbha,Meghalaya,Atharva Taide,AV Wankhade,Chirag Khurana,1,0,,,,,,,,,
1280252,2021/22,2021-11-06,Gokaraju Liala Gangaaraju ACA Cricket Ground,2,7.2,Vidarbha,Meghalaya,AV Wankhade,Atharva Taide,Chirag Khurana,1,0,,,,,,,,,
1280252,2021/22,2021-11-06,Gokaraju Liala Gangaaraju ACA Cricket Ground,2,7.3,Vidarbha,Meghalaya,Atharva Taide,AV Wankhade,Chirag Khurana,0,0,,,,,,,,,
1280252,2021/22,2021-11-06,Gokaraju Liala Gangaaraju ACA Cricket Ground,2,7.4,Vidarbha,Meghalaya,Atharva Taide,AV Wankhade,Chirag Khurana,0,0,,,,,,,,,
1280252,2021/22,2021-11-06,Gokaraju Liala Gangaaraju ACA Cricket Ground,2,7.5,Vidarbha,Meghalaya,Atharva Taide,AV Wankhade,Chirag Khurana,1,0,,,,,,,,,
1280252,2021/22,2021-11-06,Gokaraju Liala Gangaaraju ACA Cricket Ground,2,7.6,Vidarbha,Meghalaya,AV Wankhade,Atharva Taide,Chirag Khurana,0,0,,,,,,,,,
1280252,2021/22,2021-11-06,Gokaraju Liala Gangaaraju ACA Cricket Ground,2,8.1,Vidarbha,Meghalaya,Atharva Taide,AV Wankhade,Ram Gurung,1,0,,,,,,,,,
1280252,2021/22,2021-11-06,Gokaraju Liala Gangaaraju ACA Cricket Ground,2,8.2,Vidarbha,Meghalaya,AV Wankhade,Atharva Taide,Ram Gurung,1,0,,,,,,,,,
1280252,2021/22,2021-11-06,Gokaraju Liala Gangaaraju ACA Cricket Ground,2,8.3,Vidarbha,Meghalaya,Atharva Taide,AV Wankhade,Ram Gurung,1,0,,,,,,,,,
1280252,2021/22,2021-11-06,Gokaraju Liala Gangaaraju ACA Cricket Ground,2,8.4,Vidarbha,Meghalaya,AV Wankhade,Atharva Taide,Ram Gurung,1,0,,,,,,,,,
1280252,2021/22,2021-11-06,Gokaraju Liala Gangaaraju ACA Cricket Ground,2,8.5,Vidarbha,Meghalaya,Atharva Taide,AV Wankhade,Ram Gurung,0,0,,,,,,,,,
1280252,2021/22,2021-11-06,Gokaraju Liala Gangaaraju ACA Cricket Ground,2,8.6,Vidarbha,Meghalaya,Atharva Taide,AV Wankhade,Ram Gurung,1,0,,,,,,,,,
1280252,2021/22,2021-11-06,Gokaraju Liala Gangaaraju ACA Cricket Ground,2,9.1,Vidarbha,Meghalaya,Atharva Taide,AV Wankhade,Chirag Khurana,0,0,,,,,,,,,
1280252,2021/22,2021-11-06,Gokaraju Liala Gangaaraju ACA Cricket Ground,2,9.2,Vidarbha,Meghalaya,Atharva Taide,AV Wankhade,Chirag Khurana,1,0,,,,,,,,,
1280252,2021/22,2021-11-06,Gokaraju Liala Gangaaraju ACA Cricket Ground,2,9.3,Vidarbha,Meghalaya,AV Wankhade,Atharva Taide,Chirag Khurana,0,0,,,,,,,,,
1280252,2021/22,2021-11-06,Gokaraju Liala Gangaaraju ACA Cricket Ground,2,9.4,Vidarbha,Meghalaya,AV Wankhade,Atharva Taide,Chirag Khurana,1,0,,,,,,,,,
1280252,2021/22,2021-11-06,Gokaraju Liala Gangaaraju ACA Cricket Ground,2,9.5,Vidarbha,Meghalaya,Atharva Taide,AV Wankhade,Chirag Khurana,0,0,,,,,,,,,
1280252,2021/22,2021-11-06,Gokaraju Liala Gangaaraju ACA Cricket Ground,2,9.6,Vidarbha,Meghalaya,Atharva Taide,AV Wankhade,Chirag Khurana,1,0,,,,,,,,,
1280252,2021/22,2021-11-06,Gokaraju Liala Gangaaraju ACA Cricket Ground,2,10.1,Vidarbha,Meghalaya,Atharva Taide,AV Wankhade,Ram Gurung,1,0,,,,,,,,,
1280252,2021/22,2021-11-06,Gokaraju Liala Gangaaraju ACA Cricket Ground,2,10.2,Vidarbha,Meghalaya,AV Wankhade,Atharva Taide,Ram Gurung,1,0,,,,,,,,,
1280252,2021/22,2021-11-06,Gokaraju Liala Gangaaraju ACA Cricket Ground,2,10.3,Vidarbha,Meghalaya,Atharva Taide,AV Wankhade,Ram Gurung,1,0,,,,,,,,,
1280252,2021/22,2021-11-06,Gokaraju Liala Gangaaraju ACA Cricket Ground,2,10.4,Vidarbha,Meghalaya,AV Wankhade,Atharva Taide,Ram Gurung,1,0,,,,,,,,,
1280252,2021/22,2021-11-06,Gokaraju Liala Gangaaraju ACA Cricket Ground,2,10.5,Vidarbha,Meghalaya,Atharva Taide,AV Wankhade,Ram Gurung,4,0,,,,,,,,,
1280252,2021/22,2021-11-06,Gokaraju Liala Gangaaraju ACA Cricket Ground,2,10.6,Vidarbha,Meghalaya,Atharva Taide,AV Wankhade,Ram Gurung,4,0,,,,,,,,,
1280252,2021/22,2021-11-06,Gokaraju Liala Gangaaraju ACA Cricket Ground,2,11.1,Vidarbha,Meghalaya,AV Wankhade,Atharva Taide,Chirag Khurana,4,0,,,,,,,,,
