match_id,season,start_date,venue,innings,ball,batting_team,bowling_team,striker,non_striker,bowler,runs_off_bat,extras,wides,noballs,byes,legbyes,penalty,wicket_type,player_dismissed,other_wicket_type,other_player_dismissed
1280243,2021/22,2021-11-06,Alembic 2  Cricket Ground,1,0.1,Andhra,Jharkhand,Ashwin Hebbar,KS Bharat,R Shukla,0,1,,,,1,,,,,
1280243,2021/22,2021-11-06,Alembic 2  Cricket Ground,1,0.2,Andhra,Jharkhand,KS Bharat,Ashwin Hebbar,R Shukla,0,0,,,,,,,,,
1280243,2021/22,2021-11-06,Alembic 2  Cricket Ground,1,0.3,Andhra,Jharkhand,KS Bharat,Ashwin Hebbar,R Shukla,0,0,,,,,,,,,
1280243,2021/22,2021-11-06,Alembic 2  Cricket Ground,1,0.4,Andhra,Jharkhand,KS Bharat,Ashwin Hebbar,R Shukla,0,0,,,,,,,,,
1280243,2021/22,2021-11-06,Alembic 2  Cricket Ground,1,0.5,Andhra,Jharkhand,KS Bharat,Ashwin Hebbar,R Shukla,1,0,,,,,,,,,
1280243,2021/22,2021-11-06,Alembic 2  Cricket Ground,1,0.6,Andhra,Jharkhand,Ashwin Hebbar,KS Bharat,R Shukla,0,0,,,,,,,,,
1280243,2021/22,2021-11-06,Alembic 2  Cricket Ground,1,1.1,Andhra,Jharkhand,KS Bharat,Ashwin Hebbar,Shubham Kumar Singh,0,1,1,,,,,,,,
1280243,2021/22,2021-11-06,Alembic 2  Cricket Ground,1,1.2,Andhra,Jharkhand,KS Bharat,Ashwin Hebbar,Shubham Kumar Singh,0,0,,,,,,,,,
1280243,2021/22,2021-11-06,Alembic 2  Cricket Ground,1,1.3,Andhra,Jharkhand,KS Bharat,Ashwin Hebbar,Shubham Kumar Singh,1,0,,,,,,,,,
1280243,2021/22,2021-11-06,Alembic 2  Cricket Ground,1,1.4,Andhra,Jharkhand,Ashwin Hebbar,KS Bharat,Shubham Kumar Singh,4,0,,,,,,,,,
1280243,2021/22,2021-11-06,Alembic 2  Cricket Ground,1,1.5,Andhra,Jharkhand,Ashwin Hebbar,KS Bharat,Shubham Kumar Singh,1,0,,,,,,,,,
1280243,2021/22,2021-11-06,Alembic 2  Cricket Ground,1,1.6,Andhra,Jharkhand,KS Bharat,Ashwin Hebbar,Shubham Kumar Singh,0,0,,,,,,,,,
1280243,2021/22,2021-11-06,Alembic 2  Cricket Ground,1,1.7,Andhra,Jharkhand,KS Bharat,Ashwin Hebbar,Shubham Kumar Singh,0,0,,,,,,,,,
1280243,2021/22,2021-11-06,Alembic 2  Cricket Ground,1,2.1,Andhra,Jharkhand,Ashwin Hebbar,KS Bharat,Bal Krishna,0,0,,,,,,,,,
1280243,2021/22,2021-11-06,Alembic 2  Cricket Ground,1,2.2,Andhra,Jharkhand,Ashwin Hebbar,KS Bharat,Bal Krishna,1,0,,,,,,,,,
1280243,2021/22,2021-11-06,Alembic 2  Cricket Ground,1,2.3,Andhra,Jharkhand,KS Bharat,Ashwin Hebbar,Bal Krishna,0,0,,,,,,,,,
1280243,2021/22,2021-11-06,Alembic 2  Cricket Ground,1,2.4,Andhra,Jharkhand,KS Bharat,Ashwin Hebbar,Bal Krishna,0,0,,,,,,,,,
1280243,2021/22,2021-11-06,Alembic 2  Cricket Ground,1,2.5,Andhra,Jharkhand,KS Bharat,Ashwin Hebbar,Bal Krishna,0,0,,,,,,,,,
1280243,2021/22,2021-11-06,Alembic 2  Cricket Ground,1,2.6,Andhra,Jharkhand,KS Bharat,Ashwin Hebbar,Bal Krishna,1,0,,,,,,,,,
1280243,2021/22,2021-11-06,Alembic 2  Cricket Ground,1,3.1,Andhra,Jharkhand,KS Bharat,Ashwin Hebbar,Shubham Kumar Singh,1,0,,,,,,,,,
1280243,2021/22,2021-11-06,Alembic 2  Cricket Ground,1,3.2,Andhra,Jharkhand,Ashwin Hebbar,KS Bharat,Shubham Kumar Singh,1,0,,,,,,,,,
1280243,2021/22,2021-11-06,Alembic 2  Cricket Ground,1,3.3,Andhra,Jharkhand,KS Bharat,Ashwin Hebbar,Shubham Kumar Singh,1,0,,,,,,,,,
1280243,2021/22,2021-11-06,Alembic 2  Cricket Ground,1,3.4,Andhra,Jharkhand,Ashwin Hebbar,KS Bharat,Shubham Kumar Singh,1,0,,,,,,,,,
1280243,2021/22,2021-11-06,Alembic 2  Cricket Ground,1,3.5,Andhra,Jharkhand,KS Bharat,Ashwin Hebbar,Shubham Kumar Singh,1,0,,,,,,,,,
1280243,2021/22,2021-11-06,Alembic 2  Cricket Ground,1,3.6,Andhra,Jharkhand,Ashwin Hebbar,KS Bharat,Shubham Kumar Singh,0,0,,,,,,,,,
1280243,2021/22,2021-11-06,Alembic 2  Cricket Ground,1,4.1,Andhra,Jharkhand,KS Bharat,Ashwin Hebbar,Bal Krishna,0,0,,,,,,,,,
1280243,2021/22,2021-11-06,Alembic 2  Cricket Ground,1,4.2,Andhra,Jharkhand,KS Bharat,Ashwin Hebbar,Bal Krishna,4,0,,,,,,,,,
1280243,2021/22,2021-11-06,Alembic 2  Cricket Ground,1,4.3,Andhra,Jharkhand,KS Bharat,Ashwin Hebbar,Bal Krishna,1,0,,,,,,,,,
1280243,2021/22,2021-11-06,Alembic 2  Cricket Ground,1,4.4,Andhra,Jharkhand,Ashwin Hebbar,KS Bharat,Bal Krishna,0,0,,,,,,,,,
1280243,2021/22,2021-11-06,Alembic 2  Cricket Ground,1,4.5,Andhra,Jharkhand,Ashwin Hebbar,KS Bharat,Bal Krishna,1,0,,,,,,,,,
1280243,2021/22,2021-11-06,Alembic 2  Cricket Ground,1,4.6,Andhra,Jharkhand,KS Bharat,Ashwin Hebbar,Bal Krishna,0,0,,,,,,,,,
1280243,2021/22,2021-11-06,Alembic 2  Cricket Ground,1,5.1,Andhra,Jharkhand,Ashwin Hebbar,KS Bharat,Shubham Kumar Singh,4,0,,,,,,,,,
1280243,2021/22,2021-11-06,Alembic 2  Cricket Ground,1,5.2,Andhra,Jharkhand,Ashwin Hebbar,KS Bharat,Shubham Kumar Singh,1,0,,,,,,,,,
1280243,2021/22,2021-11-06,Alembic 2  Cricket Ground,1,5.3,Andhra,Jharkhand,KS Bharat,Ashwin Hebbar,Shubham Kumar Singh,0,0,,,,,,,,,
1280243,2021/22,2021-11-06,Alembic 2  Cricket Ground,1,5.4,Andhra,Jharkhand,KS Bharat,Ashwin Hebbar,Shubham Kumar Singh,1,0,,,,,,,,,
1280243,2021/22,2021-11-06,Alembic 2  Cricket Ground,1,5.5,Andhra,Jharkhand,Ashwin Hebbar,KS Bharat,Shubham Kumar Singh,4,0,,,,,,,,,
1280243,2021/22,2021-11-06,Alembic 2  Cricket Ground,1,5.6,Andhra,Jharkhand,Ashwin Hebbar,KS Bharat,Shubham Kumar Singh,0,0,,,,,,,,,
1280243,2021/22,2021-11-06,Alembic 2  Cricket Ground,1,6.1,Andhra,Jharkhand,KS Bharat,Ashwin Hebbar,R Shukla,1,0,,,,,,,,,
1280243,2021/22,2021-11-06,Alembic 2  Cricket Ground,1,6.2,Andhra,Jharkhand,Ashwin Hebbar,KS Bharat,R Shukla,1,0,,,,,,,,,
1280243,2021/22,2021-11-06,Alembic 2  Cricket Ground,1,6.3,Andhra,Jharkhand,KS Bharat,Ashwin Hebbar,R Shukla,5,0,,,,,,,,,
1280243,2021/22,2021-11-06,Alembic 2  Cricket Ground,1,6.4,Andhra,Jharkhand,Ashwin Hebbar,KS Bharat,R Shukla,1,0,,,,,,,,,
1280243,2021/22,2021-11-06,Alembic 2  Cricket Ground,1,6.5,Andhra,Jharkhand,KS Bharat,Ashwin Hebbar,R Shukla,1,0,,,,,,,,,
1280243,2021/22,2021-11-06,Alembic 2  Cricket Ground,1,6.6,Andhra,Jharkhand,Ashwin Hebbar,KS Bharat,R Shukla,1,0,,,,,,,,,
1280243,2021/22,2021-11-06,Alembic 2  Cricket Ground,1,7.1,Andhra,Jharkhand,Ashwin Hebbar,KS Bharat,Utkarsh Singh,4,0,,,,,,,,,
1280243,2021/22,2021-11-06,Alembic 2  Cricket Ground,1,7.2,Andhra,Jharkhand,Ashwin Hebbar,KS Bharat,Utkarsh Singh,1,0,,,,,,,,,
1280243,2021/22,2021-11-06,Alembic 2  Cricket Ground,1,7.3,Andhra,Jharkhand,KS Bharat,Ashwin Hebbar,Utkarsh Singh,1,0,,,,,,,,,
1280243,2021/22,2021-11-06,Alembic 2  Cricket Ground,1,7.4,Andhra,Jharkhand,Ashwin Hebbar,KS Bharat,Utkarsh Singh,0,0,,,,,,,,,
1280243,2021/22,2021-11-06,Alembic 2  Cricket Ground,1,7.5,Andhra,Jharkhand,Ashwin Hebbar,KS Bharat,Utkarsh Singh,2,0,,,,,,,,,
1280243,2021/22,2021-11-06,Alembic 2  Cricket Ground,1,7.6,Andhra,Jharkhand,Ashwin Hebbar,KS Bharat,Utkarsh Singh,1,0,,,,,,,,,
1280243,2021/22,2021-11-06,Alembic 2  Cricket Ground,1,8.1,Andhra,Jharkhand,Ashwin Hebbar,KS Bharat,S Nadeem,0,0,,,,,,,,,
1280243,2021/22,2021-11-06,Alembic 2  Cricket Ground,1,8.2,Andhra,Jharkhand,Ashwin Hebbar,KS Bharat,S Nadeem,1,0,,,,,,,,,
1280243,2021/22,2021-11-06,Alembic 2  Cricket Ground,1,8.3,Andhra,Jharkhand,KS Bharat,Ashwin Hebbar,S Nadeem,1,0,,,,,,,,,
1280243,2021/22,2021-11-06,Alembic 2  Cricket Ground,1,8.4,Andhra,Jharkhand,Ashwin Hebbar,KS Bharat,S Nadeem,0,0,,,,,,,,,
1280243,2021/22,2021-11-06,Alembic 2  Cricket Ground,1,8.5,Andhra,Jharkhand,Ashwin Hebbar,KS Bharat,S Nadeem,1,0,,,,,,,,,
1280243,2021/22,2021-11-06,Alembic 2  Cricket Ground,1,8.6,Andhra,Jharkhand,KS Bharat,Ashwin Hebbar,S Nadeem,4,0,,,,,,,,,
1280243,2021/22,2021-11-06,Alembic 2  Cricket Ground,1,9.1,Andhra,Jharkhand,Ashwin Hebbar,KS Bharat,AS Roy,0,0,,,,,,,,,
1280243,2021/22,2021-11-06,Alembic 2  Cricket Ground,1,9.2,Andhra,Jharkhand,Ashwin Hebbar,KS Bharat,AS Roy,1,0,,,,,,,,,
1280243,2021/22,2021-11-06,Alembic 2  Cricket Ground,1,9.3,Andhra,Jharkhand,KS Bharat,Ashwin Hebbar,AS Roy,1,0,,,,,,,,,
1280243,2021/22,2021-11-06,Alembic 2  Cricket Ground,1,9.4,Andhra,Jharkhand,Ashwin Hebbar,KS Bharat,AS Roy,1,0,,,,,,,,,
1280243,2021/22,2021-11-06,Alembic 2  Cricket Ground,1,9.5,Andhra,Jharkhand,KS Bharat,Ashwin Hebbar,AS Roy,0,0,,,,,,,,,
1280243,2021/22,2021-11-06,Alembic 2  Cricket Ground,1,9.6,Andhra,Jharkhand,KS Bharat,Ashwin Hebbar,AS Roy,4,0,,,,,,,,,
1280243,2021/22,2021-11-06,Alembic 2  Cricket Ground,1,10.1,Andhra,Jharkhand,Ashwin Hebbar,KS Bharat,S Nadeem,0,0,,,,,,,,,
1280243,2021/22,2021-11-06,Alembic 2  Cricket Ground,1,10.2,Andhra,Jharkhand,Ashwin Hebbar,KS Bharat,S Nadeem,1,0,,,,,,,,,
1280243,2021/22,2021-11-06,Alembic 2  Cricket Ground,1,10.3,Andhra,Jharkhand,KS Bharat,Ashwin Hebbar,S Nadeem,1,0,,,,,,,,,
1280243,2021/22,2021-11-06,Alembic 2  Cricket Ground,1,10.4,Andhra,Jharkhand,Ashwin Hebbar,KS Bharat,S Nadeem,0,0,,,,,,,,,
1280243,2021/22,2021-11-06,Alembic 2  Cricket Ground,1,10.5,Andhra,Jharkhand,Ashwin Hebbar,KS Bharat,S Nadeem,0,0,,,,,,,,,
1280243,2021/22,2021-11-06,Alembic 2  Cricket Ground,1,10.6,Andhra,Jharkhand,Ashwin Hebbar,KS Bharat,S Nadeem,1,0,,,,,,,,,
1280243,2021/22,2021-11-06,Alembic 2  Cricket Ground,1,11.1,Andhra,Jharkhand,Ashwin Hebbar,KS Bharat,AS Roy,4,0,,,,,,,,,
1280243,2021/22,2021-11-06,Alembic 2  Cricket Ground,1,11.2,Andhra,Jharkhand,Ashwin Hebbar,KS Bharat,AS Roy,4,0,,,,,,,,,
1280243,2021/22,2021-11-06,Alembic 2  Cricket Ground,1,11.3,Andhra,Jharkhand,Ashwin Hebbar,KS Bharat,AS Roy,0,0,,,,,,,,,
1280243,2021/22,2021-11-06,Alembic 2  Cricket Ground,1,11.4,Andhra,Jharkhand,Ashwin Hebbar,KS Bharat,AS Roy,1,0,,,,,,,,,
1280243,2021/22,2021-11-06,Alembic 2  Cricket Ground,1,11.5,Andhra,Jharkhand,KS Bharat,Ashwin Hebbar,AS Roy,1,0,,,,,,,,,
1280243,2021/22,2021-11-06,Alembic 2  Cricket Ground,1,11.6,Andhra,Jharkhand,Ashwin Hebbar,KS Bharat,AS Roy,0,4,,,4,,,,,,
1280243,2021/22,2021-11-06,Alembic 2  Cricket Ground,1,12.1,Andhra,Jharkhand,KS Bharat,Ashwin Hebbar,S Nadeem,0,0,,,,,,,,,
1280243,2021/22,2021-11-06,Alembic 2  Cricket Ground,1,12.2,Andhra,Jharkhand,KS Bharat,Ashwin Hebbar,S Nadeem,1,0,,,,,,,,,
1280243,2021/22,2021-11-06,Alembic 2  Cricket Ground,1,12.3,Andhra,Jharkhand,Ashwin Hebbar,KS Bharat,S Nadeem,1,0,,,,,,,,,
1280243,2021/22,2021-11-06,Alembic 2  Cricket Ground,1,12.4,Andhra,Jharkhand,KS Bharat,Ashwin Hebbar,S Nadeem,0,0,,,,,,,,,
1280243,2021/22,2021-11-06,Alembic 2  Cricket Ground,1,12.5,Andhra,Jharkhand,KS Bharat,Ashwin Hebbar,S Nadeem,1,0,,,,,,,,,
1280243,2021/22,2021-11-06,Alembic 2  Cricket Ground,1,12.6,Andhra,Jharkhand,Ashwin Hebbar,KS Bharat,S Nadeem,0,0,,,,,,caught,Ashwin Hebbar,,
1280243,2021/22,2021-11-06,Alembic 2  Cricket Ground,1,13.1,Andhra,Jharkhand,KS Bharat,Nithish Kumar Reddy,Bal Krishna,0,0,,,,,,,,,
1280243,2021/22,2021-11-06,Alembic 2  Cricket Ground,1,13.2,Andhra,Jharkhand,KS Bharat,Nithish Kumar Reddy,Bal Krishna,4,0,,,,,,,,,
1280243,2021/22,2021-11-06,Alembic 2  Cricket Ground,1,13.3,Andhra,Jharkhand,KS Bharat,Nithish Kumar Reddy,Bal Krishna,0,0,,,,,,,,,
1280243,2021/22,2021-11-06,Alembic 2  Cricket Ground,1,13.4,Andhra,Jharkhand,KS Bharat,Nithish Kumar Reddy,Bal Krishna,1,0,,,,,,,,,
1280243,2021/22,2021-11-06,Alembic 2  Cricket Ground,1,13.5,Andhra,Jharkhand,Nithish Kumar Reddy,KS Bharat,Bal Krishna,0,0,,,,,,,,,
1280243,2021/22,2021-11-06,Alembic 2  Cricket Ground,1,13.6,Andhra,Jharkhand,Nithish Kumar Reddy,KS Bharat,Bal Krishna,2,0,,,,,,,,,
1280243,2021/22,2021-11-06,Alembic 2  Cricket Ground,1,14.1,Andhra,Jharkhand,KS Bharat,Nithish Kumar Reddy,S Nadeem,0,0,,,,,,,,,
1280243,2021/22,2021-11-06,Alembic 2  Cricket Ground,1,14.2,Andhra,Jharkhand,KS Bharat,Nithish Kumar Reddy,S Nadeem,4,0,,,,,,,,,
1280243,2021/22,2021-11-06,Alembic 2  Cricket Ground,1,14.3,Andhra,Jharkhand,KS Bharat,Nithish Kumar Reddy,S Nadeem,0,1,1,,,,,,,,
1280243,2021/22,2021-11-06,Alembic 2  Cricket Ground,1,14.4,Andhra,Jharkhand,KS Bharat,Nithish Kumar Reddy,S Nadeem,1,0,,,,,,,,,
1280243,2021/22,2021-11-06,Alembic 2  Cricket Ground,1,14.5,Andhra,Jharkhand,Nithish Kumar Reddy,KS Bharat,S Nadeem,1,0,,,,,,,,,
1280243,2021/22,2021-11-06,Alembic 2  Cricket Ground,1,14.6,Andhra,Jharkhand,KS Bharat,Nithish Kumar Reddy,S Nadeem,1,0,,,,,,,,,
1280243,2021/22,2021-11-06,Alembic 2  Cricket Ground,1,14.7,Andhra,Jharkhand,Nithish Kumar Reddy,KS Bharat,S Nadeem,1,0,,,,,,,,,
1280243,2021/22,2021-11-06,Alembic 2  Cricket Ground,1,15.1,Andhra,Jharkhand,Nithish Kumar Reddy,KS Bharat,AS Roy,2,0,,,,,,,,,
1280243,2021/22,2021-11-06,Alembic 2  Cricket Ground,1,15.2,Andhra,Jharkhand,Nithish Kumar Reddy,KS Bharat,AS Roy,1,0,,,,,,,,,
1280243,2021/22,2021-11-06,Alembic 2  Cricket Ground,1,15.3,Andhra,Jharkhand,KS Bharat,Nithish Kumar Reddy,AS Roy,1,0,,,,,,,,,
1280243,2021/22,2021-11-06,Alembic 2  Cricket Ground,1,15.4,Andhra,Jharkhand,Nithish Kumar Reddy,KS Bharat,AS Roy,1,0,,,,,,,,,
1280243,2021/22,2021-11-06,Alembic 2  Cricket Ground,1,15.5,Andhra,Jharkhand,KS Bharat,Nithish Kumar Reddy,AS Roy,2,0,,,,,,,,,
1280243,2021/22,2021-11-06,Alembic 2  Cricket Ground,1,15.6,Andhra,Jharkhand,KS Bharat,Nithish Kumar Reddy,AS Roy,0,0,,,,,,caught,KS Bharat,,
1280243,2021/22,2021-11-06,Alembic 2  Cricket Ground,1,16.1,Andhra,Jharkhand,RK Bhui,Nithish Kumar Reddy,R Shukla,0,0,,,,,,,,,
1280243,2021/22,2021-11-06,Alembic 2  Cricket Ground,1,16.2,Andhra,Jharkhand,RK Bhui,Nithish Kumar Reddy,R Shukla,1,0,,,,,,,,,
1280243,2021/22,2021-11-06,Alembic 2  Cricket Ground,1,16.3,Andhra,Jharkhand,Nithish Kumar Reddy,RK Bhui,R Shukla,0,1,1,,,,,,,,
1280243,2021/22,2021-11-06,Alembic 2  Cricket Ground,1,16.4,Andhra,Jharkhand,Nithish Kumar Reddy,RK Bhui,R Shukla,0,0,,,,,,caught,Nithish Kumar Reddy,,
1280243,2021/22,2021-11-06,Alembic 2  Cricket Ground,1,16.5,Andhra,Jharkhand,RK Bhui,Lekhaz Reddy,R Shukla,0,0,,,,,,,,,
1280243,2021/22,2021-11-06,Alembic 2  Cricket Ground,1,16.6,Andhra,Jharkhand,RK Bhui,Lekhaz Reddy,R Shukla,0,0,,,,,,,,,
1280243,2021/22,2021-11-06,Alembic 2  Cricket Ground,1,16.7,Andhra,Jharkhand,RK Bhui,Lekhaz Reddy,R Shukla,2,0,,,,,,,,,
1280243,2021/22,2021-11-06,Alembic 2  Cricket Ground,1,17.1,Andhra,Jharkhand,Lekhaz Reddy,RK Bhui,Bal Krishna,0,0,,,,,,,,,
1280243,2021/22,2021-11-06,Alembic 2  Cricket Ground,1,17.2,Andhra,Jharkhand,Lekhaz Reddy,RK Bhui,Bal Krishna,1,0,,,,,,,,,
1280243,2021/22,2021-11-06,Alembic 2  Cricket Ground,1,17.3,Andhra,Jharkhand,RK Bhui,Lekhaz Reddy,Bal Krishna,1,0,,,,,,,,,
1280243,2021/22,2021-11-06,Alembic 2  Cricket Ground,1,17.4,Andhra,Jharkhand,Lekhaz Reddy,RK Bhui,Bal Krishna,0,0,,,,,,,,,
1280243,2021/22,2021-11-06,Alembic 2  Cricket Ground,1,17.5,Andhra,Jharkhand,Lekhaz Reddy,RK Bhui,Bal Krishna,6,0,,,,,,,,,
1280243,2021/22,2021-11-06,Alembic 2  Cricket Ground,1,17.6,Andhra,Jharkhand,Lekhaz Reddy,RK Bhui,Bal Krishna,6,0,,,,,,,,,
1280243,2021/22,2021-11-06,Alembic 2  Cricket Ground,1,18.1,Andhra,Jharkhand,RK Bhui,Lekhaz Reddy,R Shukla,4,0,,,,,,,,,
1280243,2021/22,2021-11-06,Alembic 2  Cricket Ground,1,18.2,Andhra,Jharkhand,RK Bhui,Lekhaz Reddy,R Shukla,0,1,1,,,,,,,,
1280243,2021/22,2021-11-06,Alembic 2  Cricket Ground,1,18.3,Andhra,Jharkhand,RK Bhui,Lekhaz Reddy,R Shukla,0,1,1,,,,,,,,
1280243,2021/22,2021-11-06,Alembic 2  Cricket Ground,1,18.4,Andhra,Jharkhand,RK Bhui,Lekhaz Reddy,R Shukla,6,0,,,,,,,,,
1280243,2021/22,2021-11-06,Alembic 2  Cricket Ground,1,18.5,Andhra,Jharkhand,RK Bhui,Lekhaz Reddy,R Shukla,4,0,,,,,,,,,
1280243,2021/22,2021-11-06,Alembic 2  Cricket Ground,1,18.6,Andhra,Jharkhand,RK Bhui,Lekhaz Reddy,R Shukla,1,0,,,,,,,,,
1280243,2021/22,2021-11-06,Alembic 2  Cricket Ground,1,18.7,Andhra,Jharkhand,Lekhaz Reddy,RK Bhui,R Shukla,6,0,,,,,,,,,
1280243,2021/22,2021-11-06,Alembic 2  Cricket Ground,1,18.8,Andhra,Jharkhand,Lekhaz Reddy,RK Bhui,R Shukla,0,0,,,,,,,,,
1280243,2021/22,2021-11-06,Alembic 2  Cricket Ground,1,19.1,Andhra,Jharkhand,RK Bhui,Lekhaz Reddy,Shubham Kumar Singh,2,0,,,,,,,,,
1280243,2021/22,2021-11-06,Alembic 2  Cricket Ground,1,19.2,Andhra,Jharkhand,RK Bhui,Lekhaz Reddy,Shubham Kumar Singh,0,1,1,,,,,,,,
1280243,2021/22,2021-11-06,Alembic 2  Cricket Ground,1,19.3,Andhra,Jharkhand,RK Bhui,Lekhaz Reddy,Shubham Kumar Singh,4,0,,,,,,,,,
1280243,2021/22,2021-11-06,Alembic 2  Cricket Ground,1,19.4,Andhra,Jharkhand,RK Bhui,Lekhaz Reddy,Shubham Kumar Singh,6,0,,,,,,,,,
1280243,2021/22,2021-11-06,Alembic 2  Cricket Ground,1,19.5,Andhra,Jharkhand,RK Bhui,Lekhaz Reddy,Shubham Kumar Singh,2,0,,,,,,,,,
1280243,2021/22,2021-11-06,Alembic 2  Cricket Ground,1,19.6,Andhra,Jharkhand,RK Bhui,Lekhaz Reddy,Shubham Kumar Singh,1,0,,,,,,,,,
1280243,2021/22,2021-11-06,Alembic 2  Cricket Ground,1,19.7,Andhra,Jharkhand,Lekhaz Reddy,RK Bhui,Shubham Kumar Singh,0,0,,,,,,caught,Lekhaz Reddy,,
1280243,2021/22,2021-11-06,Alembic 2  Cricket Ground,2,0.1,Jharkhand,Andhra,IR Jaggi,Utkarsh Singh,Cheepurapalli Stephen,0,0,,,,,,,,,
1280243,2021/22,2021-11-06,Alembic 2  Cricket Ground,2,0.2,Jharkhand,Andhra,IR Jaggi,Utkarsh Singh,Cheepurapalli Stephen,0,0,,,,,,,,,
1280243,2021/22,2021-11-06,Alembic 2  Cricket Ground,2,0.3,Jharkhand,Andhra,IR Jaggi,Utkarsh Singh,Cheepurapalli Stephen,4,0,,,,,,,,,
1280243,2021/22,2021-11-06,Alembic 2  Cricket Ground,2,0.4,Jharkhand,Andhra,IR Jaggi,Utkarsh Singh,Cheepurapalli Stephen,1,0,,,,,,,,,
1280243,2021/22,2021-11-06,Alembic 2  Cricket Ground,2,0.5,Jharkhand,Andhra,Utkarsh Singh,IR Jaggi,Cheepurapalli Stephen,0,0,,,,,,,,,
1280243,2021/22,2021-11-06,Alembic 2  Cricket Ground,2,0.6,Jharkhand,Andhra,Utkarsh Singh,IR Jaggi,Cheepurapalli Stephen,0,1,,,,1,,,,,
1280243,2021/22,2021-11-06,Alembic 2  Cricket Ground,2,1.1,Jharkhand,Andhra,Utkarsh Singh,IR Jaggi,K V Sasikanth,1,0,,,,,,,,,
1280243,2021/22,2021-11-06,Alembic 2  Cricket Ground,2,1.2,Jharkhand,Andhra,IR Jaggi,Utkarsh Singh,K V Sasikanth,0,1,1,,,,,,,,
1280243,2021/22,2021-11-06,Alembic 2  Cricket Ground,2,1.3,Jharkhand,Andhra,IR Jaggi,Utkarsh Singh,K V Sasikanth,0,0,,,,,,,,,
1280243,2021/22,2021-11-06,Alembic 2  Cricket Ground,2,1.4,Jharkhand,Andhra,IR Jaggi,Utkarsh Singh,K V Sasikanth,1,0,,,,,,,,,
1280243,2021/22,2021-11-06,Alembic 2  Cricket Ground,2,1.5,Jharkhand,Andhra,Utkarsh Singh,IR Jaggi,K V Sasikanth,1,0,,,,,,,,,
1280243,2021/22,2021-11-06,Alembic 2  Cricket Ground,2,1.6,Jharkhand,Andhra,IR Jaggi,Utkarsh Singh,K V Sasikanth,0,0,,,,,,,,,
1280243,2021/22,2021-11-06,Alembic 2  Cricket Ground,2,1.7,Jharkhand,Andhra,IR Jaggi,Utkarsh Singh,K V Sasikanth,4,0,,,,,,,,,
1280243,2021/22,2021-11-06,Alembic 2  Cricket Ground,2,2.1,Jharkhand,Andhra,Utkarsh Singh,IR Jaggi,Cheepurapalli Stephen,0,0,,,,,,,,,
1280243,2021/22,2021-11-06,Alembic 2  Cricket Ground,2,2.2,Jharkhand,Andhra,Utkarsh Singh,IR Jaggi,Cheepurapalli Stephen,4,0,,,,,,,,,
1280243,2021/22,2021-11-06,Alembic 2  Cricket Ground,2,2.3,Jharkhand,Andhra,Utkarsh Singh,IR Jaggi,Cheepurapalli Stephen,0,0,,,,,,,,,
1280243,2021/22,2021-11-06,Alembic 2  Cricket Ground,2,2.4,Jharkhand,Andhra,Utkarsh Singh,IR Jaggi,Cheepurapalli Stephen,1,0,,,,,,,,,
1280243,2021/22,2021-11-06,Alembic 2  Cricket Ground,2,2.5,Jharkhand,Andhra,IR Jaggi,Utkarsh Singh,Cheepurapalli Stephen,4,0,,,,,,,,,
1280243,2021/22,2021-11-06,Alembic 2  Cricket Ground,2,2.6,Jharkhand,Andhra,IR Jaggi,Utkarsh Singh,Cheepurapalli Stephen,4,0,,,,,,,,,
1280243,2021/22,2021-11-06,Alembic 2  Cricket Ground,2,3.1,Jharkhand,Andhra,Utkarsh Singh,IR Jaggi,Shoaib Mohammed Khan,1,0,,,,,,,,,
1280243,2021/22,2021-11-06,Alembic 2  Cricket Ground,2,3.2,Jharkhand,Andhra,IR Jaggi,Utkarsh Singh,Shoaib Mohammed Khan,4,0,,,,,,,,,
1280243,2021/22,2021-11-06,Alembic 2  Cricket Ground,2,3.3,Jharkhand,Andhra,IR Jaggi,Utkarsh Singh,Shoaib Mohammed Khan,4,0,,,,,,,,,
1280243,2021/22,2021-11-06,Alembic 2  Cricket Ground,2,3.4,Jharkhand,Andhra,IR Jaggi,Utkarsh Singh,Shoaib Mohammed Khan,1,0,,,,,,,,,
1280243,2021/22,2021-11-06,Alembic 2  Cricket Ground,2,3.5,Jharkhand,Andhra,Utkarsh Singh,IR Jaggi,Shoaib Mohammed Khan,1,0,,,,,,,,,
1280243,2021/22,2021-11-06,Alembic 2  Cricket Ground,2,3.6,Jharkhand,Andhra,IR Jaggi,Utkarsh Singh,Shoaib Mohammed Khan,0,0,,,,,,,,,
1280243,2021/22,2021-11-06,Alembic 2  Cricket Ground,2,4.1,Jharkhand,Andhra,Utkarsh Singh,IR Jaggi,Harishankar Reddy,0,0,,,,,,,,,
1280243,2021/22,2021-11-06,Alembic 2  Cricket Ground,2,4.2,Jharkhand,Andhra,Utkarsh Singh,IR Jaggi,Harishankar Reddy,4,0,,,,,,,,,
1280243,2021/22,2021-11-06,Alembic 2  Cricket Ground,2,4.3,Jharkhand,Andhra,Utkarsh Singh,IR Jaggi,Harishankar Reddy,0,1,1,,,,,,,,
1280243,2021/22,2021-11-06,Alembic 2  Cricket Ground,2,4.4,Jharkhand,Andhra,Utkarsh Singh,IR Jaggi,Harishankar Reddy,0,0,,,,,,,,,
1280243,2021/22,2021-11-06,Alembic 2  Cricket Ground,2,4.5,Jharkhand,Andhra,Utkarsh Singh,IR Jaggi,Harishankar Reddy,0,0,,,,,,,,,
1280243,2021/22,2021-11-06,Alembic 2  Cricket Ground,2,4.6,Jharkhand,Andhra,Utkarsh Singh,IR Jaggi,Harishankar Reddy,2,0,,,,,,,,,
1280243,2021/22,2021-11-06,Alembic 2  Cricket Ground,2,4.7,Jharkhand,Andhra,Utkarsh Singh,IR Jaggi,Harishankar Reddy,0,0,,,,,,,,,
1280243,2021/22,2021-11-06,Alembic 2  Cricket Ground,2,5.1,Jharkhand,Andhra,IR Jaggi,Utkarsh Singh,K V Sasikanth,1,0,,,,,,,,,
1280243,2021/22,2021-11-06,Alembic 2  Cricket Ground,2,5.2,Jharkhand,Andhra,Utkarsh Singh,IR Jaggi,K V Sasikanth,0,0,,,,,,,,,
1280243,2021/22,2021-11-06,Alembic 2  Cricket Ground,2,5.3,Jharkhand,Andhra,Utkarsh Singh,IR Jaggi,K V Sasikanth,0,0,,,,,,,,,
1280243,2021/22,2021-11-06,Alembic 2  Cricket Ground,2,5.4,Jharkhand,Andhra,Utkarsh Singh,IR Jaggi,K V Sasikanth,1,0,,,,,,,,,
1280243,2021/22,2021-11-06,Alembic 2  Cricket Ground,2,5.5,Jharkhand,Andhra,IR Jaggi,Utkarsh Singh,K V Sasikanth,4,0,,,,,,,,,
1280243,2021/22,2021-11-06,Alembic 2  Cricket Ground,2,5.6,Jharkhand,Andhra,IR Jaggi,Utkarsh Singh,K V Sasikanth,4,0,,,,,,,,,
1280243,2021/22,2021-11-06,Alembic 2  Cricket Ground,2,6.1,Jharkhand,Andhra,Utkarsh Singh,IR Jaggi,Ahitesh Varma,1,0,,,,,,,,,
1280243,2021/22,2021-11-06,Alembic 2  Cricket Ground,2,6.2,Jharkhand,Andhra,IR Jaggi,Utkarsh Singh,Ahitesh Varma,4,0,,,,,,,,,
1280243,2021/22,2021-11-06,Alembic 2  Cricket Ground,2,6.3,Jharkhand,Andhra,IR Jaggi,Utkarsh Singh,Ahitesh Varma,1,0,,,,,,,,,
1280243,2021/22,2021-11-06,Alembic 2  Cricket Ground,2,6.4,Jharkhand,Andhra,Utkarsh Singh,IR Jaggi,Ahitesh Varma,1,0,,,,,,,,,
1280243,2021/22,2021-11-06,Alembic 2  Cricket Ground,2,6.5,Jharkhand,Andhra,IR Jaggi,Utkarsh Singh,Ahitesh Varma,0,0,,,,,,,,,
1280243,2021/22,2021-11-06,Alembic 2  Cricket Ground,2,6.6,Jharkhand,Andhra,IR Jaggi,Utkarsh Singh,Ahitesh Varma,1,0,,,,,,,,,
1280243,2021/22,2021-11-06,Alembic 2  Cricket Ground,2,7.1,Jharkhand,Andhra,IR Jaggi,Utkarsh Singh,K V Sasikanth,1,0,,,,,,,,,
1280243,2021/22,2021-11-06,Alembic 2  Cricket Ground,2,7.2,Jharkhand,Andhra,Utkarsh Singh,IR Jaggi,K V Sasikanth,0,0,,,,,,,,,
1280243,2021/22,2021-11-06,Alembic 2  Cricket Ground,2,7.3,Jharkhand,Andhra,Utkarsh Singh,IR Jaggi,K V Sasikanth,0,0,,,,,,,,,
1280243,2021/22,2021-11-06,Alembic 2  Cricket Ground,2,7.4,Jharkhand,Andhra,Utkarsh Singh,IR Jaggi,K V Sasikanth,0,0,,,,,,,,,
1280243,2021/22,2021-11-06,Alembic 2  Cricket Ground,2,7.5,Jharkhand,Andhra,Utkarsh Singh,IR Jaggi,K V Sasikanth,4,0,,,,,,,,,
1280243,2021/22,2021-11-06,Alembic 2  Cricket Ground,2,7.6,Jharkhand,Andhra,Utkarsh Singh,IR Jaggi,K V Sasikanth,1,0,,,,,,,,,
1280243,2021/22,2021-11-06,Alembic 2  Cricket Ground,2,8.1,Jharkhand,Andhra,Utkarsh Singh,IR Jaggi,Ahitesh Varma,1,0,,,,,,,,,
1280243,2021/22,2021-11-06,Alembic 2  Cricket Ground,2,8.2,Jharkhand,Andhra,IR Jaggi,Utkarsh Singh,Ahitesh Varma,1,0,,,,,,,,,
1280243,2021/22,2021-11-06,Alembic 2  Cricket Ground,2,8.3,Jharkhand,Andhra,Utkarsh Singh,IR Jaggi,Ahitesh Varma,1,0,,,,,,,,,
1280243,2021/22,2021-11-06,Alembic 2  Cricket Ground,2,8.4,Jharkhand,Andhra,IR Jaggi,Utkarsh Singh,Ahitesh Varma,0,0,,,,,,,,,
1280243,2021/22,2021-11-06,Alembic 2  Cricket Ground,2,8.5,Jharkhand,Andhra,IR Jaggi,Utkarsh Singh,Ahitesh Varma,1,0,,,,,,,,,
1280243,2021/22,2021-11-06,Alembic 2  Cricket Ground,2,8.6,Jharkhand,Andhra,Utkarsh Singh,IR Jaggi,Ahitesh Varma,1,0,,,,,,,,,
1280243,2021/22,2021-11-06,Alembic 2  Cricket Ground,2,9.1,Jharkhand,Andhra,Utkarsh Singh,IR Jaggi,Shoaib Mohammed Khan,1,0,,,,,,,,,
1280243,2021/22,2021-11-06,Alembic 2  Cricket Ground,2,9.2,Jharkhand,Andhra,IR Jaggi,Utkarsh Singh,Shoaib Mohammed Khan,1,0,,,,,,,,,
1280243,2021/22,2021-11-06,Alembic 2  Cricket Ground,2,9.3,Jharkhand,Andhra,Utkarsh Singh,IR Jaggi,Shoaib Mohammed Khan,1,0,,,,,,,,,
1280243,2021/22,2021-11-06,Alembic 2  Cricket Ground,2,9.4,Jharkhand,Andhra,IR Jaggi,Utkarsh Singh,Shoaib Mohammed Khan,1,0,,,,,,,,,
1280243,2021/22,2021-11-06,Alembic 2  Cricket Ground,2,9.5,Jharkhand,Andhra,Utkarsh Singh,IR Jaggi,Shoaib Mohammed Khan,0,0,,,,,,,,,
1280243,2021/22,2021-11-06,Alembic 2  Cricket Ground,2,9.6,Jharkhand,Andhra,Utkarsh Singh,IR Jaggi,Shoaib Mohammed Khan,4,0,,,,,,,,,
1280243,2021/22,2021-11-06,Alembic 2  Cricket Ground,2,10.1,Jharkhand,Andhra,IR Jaggi,Utkarsh Singh,Ahitesh Varma,1,0,,,,,,,,,
1280243,2021/22,2021-11-06,Alembic 2  Cricket Ground,2,10.2,Jharkhand,Andhra,Utkarsh Singh,IR Jaggi,Ahitesh Varma,4,0,,,,,,,,,
1280243,2021/22,2021-11-06,Alembic 2  Cricket Ground,2,10.3,Jharkhand,Andhra,Utkarsh Singh,IR Jaggi,Ahitesh Varma,0,0,,,,,,,,,
1280243,2021/22,2021-11-06,Alembic 2  Cricket Ground,2,10.4,Jharkhand,Andhra,Utkarsh Singh,IR Jaggi,Ahitesh Varma,0,0,,,,,,,,,
1280243,2021/22,2021-11-06,Alembic 2  Cricket Ground,2,10.5,Jharkhand,Andhra,Utkarsh Singh,IR Jaggi,Ahitesh Varma,4,0,,,,,,,,,
1280243,2021/22,2021-11-06,Alembic 2  Cricket Ground,2,10.6,Jharkhand,Andhra,Utkarsh Singh,IR Jaggi,Ahitesh Varma,1,0,,,,,,,,,
1280243,2021/22,2021-11-06,Alembic 2  Cricket Ground,2,11.1,Jharkhand,Andhra,Utkarsh Singh,IR Jaggi,Shoaib Mohammed Khan,1,0,,,,,,,,,
1280243,2021/22,2021-11-06,Alembic 2  Cricket Ground,2,11.2,Jharkhand,Andhra,IR Jaggi,Utkarsh Singh,Shoaib Mohammed Khan,2,0,,,,,,,,,
1280243,2021/22,2021-11-06,Alembic 2  Cricket Ground,2,11.3,Jharkhand,Andhra,IR Jaggi,Utkarsh Singh,Shoaib Mohammed Khan,6,0,,,,,,,,,
1280243,2021/22,2021-11-06,Alembic 2  Cricket Ground,2,11.4,Jharkhand,Andhra,IR Jaggi,Utkarsh Singh,Shoaib Mohammed Khan,1,0,,,,,,,,,
1280243,2021/22,2021-11-06,Alembic 2  Cricket Ground,2,11.5,Jharkhand,Andhra,Utkarsh Singh,IR Jaggi,Shoaib Mohammed Khan,1,0,,,,,,,,,
1280243,2021/22,2021-11-06,Alembic 2  Cricket Ground,2,11.6,Jharkhand,Andhra,IR Jaggi,Utkarsh Singh,Shoaib Mohammed Khan,1,0,,,,,,,,,
1280243,2021/22,2021-11-06,Alembic 2  Cricket Ground,2,12.1,Jharkhand,Andhra,IR Jaggi,Utkarsh Singh,Harishankar Reddy,0,4,,,,4,,,,,
1280243,2021/22,2021-11-06,Alembic 2  Cricket Ground,2,12.2,Jharkhand,Andhra,IR Jaggi,Utkarsh Singh,Harishankar Reddy,1,0,,,,,,,,,
1280243,2021/22,2021-11-06,Alembic 2  Cricket Ground,2,12.3,Jharkhand,Andhra,Utkarsh Singh,IR Jaggi,Harishankar Reddy,0,0,,,,,,,,,
1280243,2021/22,2021-11-06,Alembic 2  Cricket Ground,2,12.4,Jharkhand,Andhra,Utkarsh Singh,IR Jaggi,Harishankar Reddy,0,0,,,,,,caught,Utkarsh Singh,,
1280243,2021/22,2021-11-06,Alembic 2  Cricket Ground,2,12.5,Jharkhand,Andhra,Virat Singh,IR Jaggi,Harishankar Reddy,0,0,,,,,,,,,
1280243,2021/22,2021-11-06,Alembic 2  Cricket Ground,2,12.6,Jharkhand,Andhra,Virat Singh,IR Jaggi,Harishankar Reddy,0,0,,,,,,,,,
1280243,2021/22,2021-11-06,Alembic 2  Cricket Ground,2,13.1,Jharkhand,Andhra,IR Jaggi,Virat Singh,K V Sasikanth,1,0,,,,,,,,,
1280243,2021/22,2021-11-06,Alembic 2  Cricket Ground,2,13.2,Jharkhand,Andhra,Virat Singh,IR Jaggi,K V Sasikanth,0,0,,,,,,caught,Virat Singh,,
1280243,2021/22,2021-11-06,Alembic 2  Cricket Ground,2,13.3,Jharkhand,Andhra,SS Tiwary,IR Jaggi,K V Sasikanth,0,1,1,,,,,,,,
1280243,2021/22,2021-11-06,Alembic 2  Cricket Ground,2,13.4,Jharkhand,Andhra,SS Tiwary,IR Jaggi,K V Sasikanth,0,0,,,,,,,,,
1280243,2021/22,2021-11-06,Alembic 2  Cricket Ground,2,13.5,Jharkhand,Andhra,SS Tiwary,IR Jaggi,K V Sasikanth,1,0,,,,,,,,,
1280243,2021/22,2021-11-06,Alembic 2  Cricket Ground,2,13.6,Jharkhand,Andhra,IR Jaggi,SS Tiwary,K V Sasikanth,0,0,,,,,,,,,
1280243,2021/22,2021-11-06,Alembic 2  Cricket Ground,2,13.7,Jharkhand,Andhra,IR Jaggi,SS Tiwary,K V Sasikanth,1,0,,,,,,,,,
1280243,2021/22,2021-11-06,Alembic 2  Cricket Ground,2,14.1,Jharkhand,Andhra,IR Jaggi,SS Tiwary,Harishankar Reddy,1,0,,,,,,,,,
1280243,2021/22,2021-11-06,Alembic 2  Cricket Ground,2,14.2,Jharkhand,Andhra,SS Tiwary,IR Jaggi,Harishankar Reddy,0,0,,,,,,,,,
1280243,2021/22,2021-11-06,Alembic 2  Cricket Ground,2,14.3,Jharkhand,Andhra,SS Tiwary,IR Jaggi,Harishankar Reddy,1,0,,,,,,,,,
1280243,2021/22,2021-11-06,Alembic 2  Cricket Ground,2,14.4,Jharkhand,Andhra,IR Jaggi,SS Tiwary,Harishankar Reddy,0,0,,,,,,caught,IR Jaggi,,
1280243,2021/22,2021-11-06,Alembic 2  Cricket Ground,2,14.5,Jharkhand,Andhra,Kumar Deobrat,SS Tiwary,Harishankar Reddy,0,0,,,,,,,,,
1280243,2021/22,2021-11-06,Alembic 2  Cricket Ground,2,14.6,Jharkhand,Andhra,Kumar Deobrat,SS Tiwary,Harishankar Reddy,0,1,1,,,,,,,,
1280243,2021/22,2021-11-06,Alembic 2  Cricket Ground,2,14.7,Jharkhand,Andhra,Kumar Deobrat,SS Tiwary,Harishankar Reddy,1,0,,,,,,,,,
1280243,2021/22,2021-11-06,Alembic 2  Cricket Ground,2,15.1,Jharkhand,Andhra,Kumar Deobrat,SS Tiwary,Pinninit Tapaswi,1,0,,,,,,,,,
1280243,2021/22,2021-11-06,Alembic 2  Cricket Ground,2,15.2,Jharkhand,Andhra,SS Tiwary,Kumar Deobrat,Pinninit Tapaswi,1,0,,,,,,,,,
1280243,2021/22,2021-11-06,Alembic 2  Cricket Ground,2,15.3,Jharkhand,Andhra,Kumar Deobrat,SS Tiwary,Pinninit Tapaswi,1,0,,,,,,,,,
1280243,2021/22,2021-11-06,Alembic 2  Cricket Ground,2,15.4,Jharkhand,Andhra,SS Tiwary,Kumar Deobrat,Pinninit Tapaswi,2,0,,,,,,,,,
1280243,2021/22,2021-11-06,Alembic 2  Cricket Ground,2,15.5,Jharkhand,Andhra,SS Tiwary,Kumar Deobrat,Pinninit Tapaswi,1,0,,,,,,,,,
1280243,2021/22,2021-11-06,Alembic 2  Cricket Ground,2,15.6,Jharkhand,Andhra,Kumar Deobrat,SS Tiwary,Pinninit Tapaswi,1,0,,,,,,,,,
1280243,2021/22,2021-11-06,Alembic 2  Cricket Ground,2,16.1,Jharkhand,Andhra,Kumar Deobrat,SS Tiwary,Harishankar Reddy,4,0,,,,,,,,,
1280243,2021/22,2021-11-06,Alembic 2  Cricket Ground,2,16.2,Jharkhand,Andhra,Kumar Deobrat,SS Tiwary,Harishankar Reddy,0,0,,,,,,caught,Kumar Deobrat,,
1280243,2021/22,2021-11-06,Alembic 2  Cricket Ground,2,16.3,Jharkhand,Andhra,SS Tiwary,AS Roy,Harishankar Reddy,0,1,1,,,,,,,,
1280243,2021/22,2021-11-06,Alembic 2  Cricket Ground,2,16.4,Jharkhand,Andhra,SS Tiwary,AS Roy,Harishankar Reddy,4,0,,,,,,,,,
1280243,2021/22,2021-11-06,Alembic 2  Cricket Ground,2,16.5,Jharkhand,Andhra,SS Tiwary,AS Roy,Harishankar Reddy,1,0,,,,,,,,,
1280243,2021/22,2021-11-06,Alembic 2  Cricket Ground,2,16.6,Jharkhand,Andhra,AS Roy,SS Tiwary,Harishankar Reddy,1,0,,,,,,,,,
1280243,2021/22,2021-11-06,Alembic 2  Cricket Ground,2,16.7,Jharkhand,Andhra,SS Tiwary,AS Roy,Harishankar Reddy,1,0,,,,,,,,,
1280243,2021/22,2021-11-06,Alembic 2  Cricket Ground,2,17.1,Jharkhand,Andhra,SS Tiwary,AS Roy,Cheepurapalli Stephen,1,0,,,,,,,,,
1280243,2021/22,2021-11-06,Alembic 2  Cricket Ground,2,17.2,Jharkhand,Andhra,AS Roy,SS Tiwary,Cheepurapalli Stephen,1,0,,,,,,,,,
1280243,2021/22,2021-11-06,Alembic 2  Cricket Ground,2,17.3,Jharkhand,Andhra,SS Tiwary,AS Roy,Cheepurapalli Stephen,0,0,,,,,,caught,SS Tiwary,,
1280243,2021/22,2021-11-06,Alembic 2  Cricket Ground,2,17.4,Jharkhand,Andhra,Pankaj Kumar,AS Roy,Cheepurapalli Stephen,1,0,,,,,,,,,
1280243,2021/22,2021-11-06,Alembic 2  Cricket Ground,2,17.5,Jharkhand,Andhra,AS Roy,Pankaj Kumar,Cheepurapalli Stephen,1,0,,,,,,,,,
1280243,2021/22,2021-11-06,Alembic 2  Cricket Ground,2,17.6,Jharkhand,Andhra,Pankaj Kumar,AS Roy,Cheepurapalli Stephen,0,0,,,,,,,,,
1280243,2021/22,2021-11-06,Alembic 2  Cricket Ground,2,18.1,Jharkhand,Andhra,AS Roy,Pankaj Kumar,Pinninit Tapaswi,2,1,,1,,,,,,,
1280243,2021/22,2021-11-06,Alembic 2  Cricket Ground,2,18.2,Jharkhand,Andhra,AS Roy,Pankaj Kumar,Pinninit Tapaswi,4,0,,,,,,,,,
1280243,2021/22,2021-11-06,Alembic 2  Cricket Ground,2,18.3,Jharkhand,Andhra,AS Roy,Pankaj Kumar,Pinninit Tapaswi,2,0,,,,,,,,,
1280243,2021/22,2021-11-06,Alembic 2  Cricket Ground,2,18.4,Jharkhand,Andhra,AS Roy,Pankaj Kumar,Pinninit Tapaswi,4,0,,,,,,,,,
1280243,2021/22,2021-11-06,Alembic 2  Cricket Ground,2,18.5,Jharkhand,Andhra,AS Roy,Pankaj Kumar,Pinninit Tapaswi,1,0,,,,,,,,,
1280243,2021/22,2021-11-06,Alembic 2  Cricket Ground,2,18.6,Jharkhand,Andhra,Pankaj Kumar,AS Roy,Pinninit Tapaswi,0,0,,,,,,,,,
1280243,2021/22,2021-11-06,Alembic 2  Cricket Ground,2,18.7,Jharkhand,Andhra,Pankaj Kumar,AS Roy,Pinninit Tapaswi,2,0,,,,,,,,,
1280243,2021/22,2021-11-06,Alembic 2  Cricket Ground,2,19.1,Jharkhand,Andhra,AS Roy,Pankaj Kumar,Cheepurapalli Stephen,0,0,,,,,,caught,AS Roy,,
1280243,2021/22,2021-11-06,Alembic 2  Cricket Ground,2,19.2,Jharkhand,Andhra,Bal Krishna,Pankaj Kumar,Cheepurapalli Stephen,0,0,,,,,,run out,Bal Krishna,,
1280243,2021/22,2021-11-06,Alembic 2  Cricket Ground,2,19.3,Jharkhand,Andhra,Pankaj Kumar,S Nadeem,Cheepurapalli Stephen,0,0,,,,,,,,,
1280243,2021/22,2021-11-06,Alembic 2  Cricket Ground,2,19.4,Jharkhand,Andhra,Pankaj Kumar,S Nadeem,Cheepurapalli Stephen,1,0,,,,,,,,,
1280243,2021/22,2021-11-06,Alembic 2  Cricket Ground,2,19.5,Jharkhand,Andhra,S Nadeem,Pankaj Kumar,Cheepurapalli Stephen,0,0,,,,,,run out,Pankaj Kumar,,
1280243,2021/22,2021-11-06,Alembic 2  Cricket Ground,2,19.6,Jharkhand,Andhra,Shubham Kumar Singh,S Nadeem,Cheepurapalli Stephen,0,0,,,,,,caught,Shubham Kumar Singh,,
