match_id,season,start_date,venue,innings,ball,batting_team,bowling_team,striker,non_striker,bowler,runs_off_bat,extras,wides,noballs,byes,legbyes,penalty,wicket_type,player_dismissed,other_wicket_type,other_player_dismissed
1280247,2021/22,2021-11-06,"Airforce Complex ground, Palam",1,0.1,Gujarat,Madhya Pradesh,Priyank Panchal,Saurav Chauhan,Avesh Khan,2,0,,,,,,,,,
1280247,2021/22,2021-11-06,"Airforce Complex ground, Palam",1,0.2,Gujarat,Madhya Pradesh,Priyank Panchal,Saurav Chauhan,Avesh Khan,0,0,,,,,,,,,
1280247,2021/22,2021-11-06,"Airforce Complex ground, Palam",1,0.3,Gujarat,Madhya Pradesh,Priyank Panchal,Saurav Chauhan,Avesh Khan,0,1,1,,,,,,,,
1280247,2021/22,2021-11-06,"Airforce Complex ground, Palam",1,0.4,Gujarat,Madhya Pradesh,Priyank Panchal,Saurav Chauhan,Avesh Khan,0,0,,,,,,,,,
1280247,2021/22,2021-11-06,"Airforce Complex ground, Palam",1,0.5,Gujarat,Madhya Pradesh,Priyank Panchal,Saurav Chauhan,Avesh Khan,0,0,,,,,,,,,
1280247,2021/22,2021-11-06,"Airforce Complex ground, Palam",1,0.6,Gujarat,Madhya Pradesh,Priyank Panchal,Saurav Chauhan,Avesh Khan,0,1,1,,,,,,,,
1280247,2021/22,2021-11-06,"Airforce Complex ground, Palam",1,0.7,Gujarat,Madhya Pradesh,Priyank Panchal,Saurav Chauhan,Avesh Khan,0,0,,,,,,,,,
1280247,2021/22,2021-11-06,"Airforce Complex ground, Palam",1,0.8,Gujarat,Madhya Pradesh,Priyank Panchal,Saurav Chauhan,Avesh Khan,2,0,,,,,,,,,
1280247,2021/22,2021-11-06,"Airforce Complex ground, Palam",1,1.1,Gujarat,Madhya Pradesh,Saurav Chauhan,Priyank Panchal,KR Sen,4,0,,,,,,,,,
1280247,2021/22,2021-11-06,"Airforce Complex ground, Palam",1,1.2,Gujarat,Madhya Pradesh,Saurav Chauhan,Priyank Panchal,KR Sen,0,1,1,,,,,,,,
1280247,2021/22,2021-11-06,"Airforce Complex ground, Palam",1,1.3,Gujarat,Madhya Pradesh,Saurav Chauhan,Priyank Panchal,KR Sen,1,0,,,,,,,,,
1280247,2021/22,2021-11-06,"Airforce Complex ground, Palam",1,1.4,Gujarat,Madhya Pradesh,Priyank Panchal,Saurav Chauhan,KR Sen,0,0,,,,,,,,,
1280247,2021/22,2021-11-06,"Airforce Complex ground, Palam",1,1.5,Gujarat,Madhya Pradesh,Priyank Panchal,Saurav Chauhan,KR Sen,0,0,,,,,,,,,
1280247,2021/22,2021-11-06,"Airforce Complex ground, Palam",1,1.6,Gujarat,Madhya Pradesh,Priyank Panchal,Saurav Chauhan,KR Sen,4,0,,,,,,,,,
1280247,2021/22,2021-11-06,"Airforce Complex ground, Palam",1,1.7,Gujarat,Madhya Pradesh,Priyank Panchal,Saurav Chauhan,KR Sen,1,0,,,,,,,,,
1280247,2021/22,2021-11-06,"Airforce Complex ground, Palam",1,2.1,Gujarat,Madhya Pradesh,Priyank Panchal,Saurav Chauhan,Avesh Khan,0,0,,,,,,,,,
1280247,2021/22,2021-11-06,"Airforce Complex ground, Palam",1,2.2,Gujarat,Madhya Pradesh,Priyank Panchal,Saurav Chauhan,Avesh Khan,4,0,,,,,,,,,
1280247,2021/22,2021-11-06,"Airforce Complex ground, Palam",1,2.3,Gujarat,Madhya Pradesh,Priyank Panchal,Saurav Chauhan,Avesh Khan,0,0,,,,,,,,,
1280247,2021/22,2021-11-06,"Airforce Complex ground, Palam",1,2.4,Gujarat,Madhya Pradesh,Priyank Panchal,Saurav Chauhan,Avesh Khan,1,0,,,,,,,,,
1280247,2021/22,2021-11-06,"Airforce Complex ground, Palam",1,2.5,Gujarat,Madhya Pradesh,Saurav Chauhan,Priyank Panchal,Avesh Khan,1,0,,,,,,,,,
1280247,2021/22,2021-11-06,"Airforce Complex ground, Palam",1,2.6,Gujarat,Madhya Pradesh,Priyank Panchal,Saurav Chauhan,Avesh Khan,1,0,,,,,,,,,
1280247,2021/22,2021-11-06,"Airforce Complex ground, Palam",1,3.1,Gujarat,Madhya Pradesh,Priyank Panchal,Saurav Chauhan,KR Sen,1,0,,,,,,,,,
1280247,2021/22,2021-11-06,"Airforce Complex ground, Palam",1,3.2,Gujarat,Madhya Pradesh,Saurav Chauhan,Priyank Panchal,KR Sen,0,0,,,,,,,,,
1280247,2021/22,2021-11-06,"Airforce Complex ground, Palam",1,3.3,Gujarat,Madhya Pradesh,Saurav Chauhan,Priyank Panchal,KR Sen,4,0,,,,,,,,,
1280247,2021/22,2021-11-06,"Airforce Complex ground, Palam",1,3.4,Gujarat,Madhya Pradesh,Saurav Chauhan,Priyank Panchal,KR Sen,0,0,,,,,,,,,
1280247,2021/22,2021-11-06,"Airforce Complex ground, Palam",1,3.5,Gujarat,Madhya Pradesh,Saurav Chauhan,Priyank Panchal,KR Sen,0,1,1,,,,,,,,
1280247,2021/22,2021-11-06,"Airforce Complex ground, Palam",1,3.6,Gujarat,Madhya Pradesh,Saurav Chauhan,Priyank Panchal,KR Sen,1,0,,,,,,,,,
1280247,2021/22,2021-11-06,"Airforce Complex ground, Palam",1,3.7,Gujarat,Madhya Pradesh,Priyank Panchal,Saurav Chauhan,KR Sen,4,0,,,,,,,,,
1280247,2021/22,2021-11-06,"Airforce Complex ground, Palam",1,4.1,Gujarat,Madhya Pradesh,Saurav Chauhan,Priyank Panchal,K Kartikeya,1,0,,,,,,,,,
1280247,2021/22,2021-11-06,"Airforce Complex ground, Palam",1,4.2,Gujarat,Madhya Pradesh,Priyank Panchal,Saurav Chauhan,K Kartikeya,1,0,,,,,,,,,
1280247,2021/22,2021-11-06,"Airforce Complex ground, Palam",1,4.3,Gujarat,Madhya Pradesh,Saurav Chauhan,Priyank Panchal,K Kartikeya,0,0,,,,,,,,,
1280247,2021/22,2021-11-06,"Airforce Complex ground, Palam",1,4.4,Gujarat,Madhya Pradesh,Saurav Chauhan,Priyank Panchal,K Kartikeya,1,0,,,,,,,,,
1280247,2021/22,2021-11-06,"Airforce Complex ground, Palam",1,4.5,Gujarat,Madhya Pradesh,Priyank Panchal,Saurav Chauhan,K Kartikeya,0,0,,,,,,,,,
1280247,2021/22,2021-11-06,"Airforce Complex ground, Palam",1,4.6,Gujarat,Madhya Pradesh,Priyank Panchal,Saurav Chauhan,K Kartikeya,4,0,,,,,,,,,
1280247,2021/22,2021-11-06,"Airforce Complex ground, Palam",1,5.1,Gujarat,Madhya Pradesh,Saurav Chauhan,Priyank Panchal,VR Iyer,1,0,,,,,,,,,
1280247,2021/22,2021-11-06,"Airforce Complex ground, Palam",1,5.2,Gujarat,Madhya Pradesh,Priyank Panchal,Saurav Chauhan,VR Iyer,1,0,,,,,,,,,
1280247,2021/22,2021-11-06,"Airforce Complex ground, Palam",1,5.3,Gujarat,Madhya Pradesh,Saurav Chauhan,Priyank Panchal,VR Iyer,1,0,,,,,,,,,
1280247,2021/22,2021-11-06,"Airforce Complex ground, Palam",1,5.4,Gujarat,Madhya Pradesh,Priyank Panchal,Saurav Chauhan,VR Iyer,1,0,,,,,,,,,
1280247,2021/22,2021-11-06,"Airforce Complex ground, Palam",1,5.5,Gujarat,Madhya Pradesh,Saurav Chauhan,Priyank Panchal,VR Iyer,4,0,,,,,,,,,
1280247,2021/22,2021-11-06,"Airforce Complex ground, Palam",1,5.6,Gujarat,Madhya Pradesh,Saurav Chauhan,Priyank Panchal,VR Iyer,1,0,,,,,,,,,
1280247,2021/22,2021-11-06,"Airforce Complex ground, Palam",1,6.1,Gujarat,Madhya Pradesh,Saurav Chauhan,Priyank Panchal,K Kartikeya,2,0,,,,,,,,,
1280247,2021/22,2021-11-06,"Airforce Complex ground, Palam",1,6.2,Gujarat,Madhya Pradesh,Saurav Chauhan,Priyank Panchal,K Kartikeya,1,0,,,,,,,,,
1280247,2021/22,2021-11-06,"Airforce Complex ground, Palam",1,6.3,Gujarat,Madhya Pradesh,Priyank Panchal,Saurav Chauhan,K Kartikeya,2,0,,,,,,,,,
1280247,2021/22,2021-11-06,"Airforce Complex ground, Palam",1,6.4,Gujarat,Madhya Pradesh,Priyank Panchal,Saurav Chauhan,K Kartikeya,0,0,,,,,,,,,
1280247,2021/22,2021-11-06,"Airforce Complex ground, Palam",1,6.5,Gujarat,Madhya Pradesh,Priyank Panchal,Saurav Chauhan,K Kartikeya,1,0,,,,,,,,,
1280247,2021/22,2021-11-06,"Airforce Complex ground, Palam",1,6.6,Gujarat,Madhya Pradesh,Saurav Chauhan,Priyank Panchal,K Kartikeya,1,0,,,,,,,,,
1280247,2021/22,2021-11-06,"Airforce Complex ground, Palam",1,7.1,Gujarat,Madhya Pradesh,Saurav Chauhan,Priyank Panchal,VR Iyer,1,0,,,,,,,,,
1280247,2021/22,2021-11-06,"Airforce Complex ground, Palam",1,7.2,Gujarat,Madhya Pradesh,Priyank Panchal,Saurav Chauhan,VR Iyer,1,0,,,,,,,,,
1280247,2021/22,2021-11-06,"Airforce Complex ground, Palam",1,7.3,Gujarat,Madhya Pradesh,Saurav Chauhan,Priyank Panchal,VR Iyer,0,1,1,,,,,,,,
1280247,2021/22,2021-11-06,"Airforce Complex ground, Palam",1,7.4,Gujarat,Madhya Pradesh,Saurav Chauhan,Priyank Panchal,VR Iyer,0,0,,,,,,,,,
1280247,2021/22,2021-11-06,"Airforce Complex ground, Palam",1,7.5,Gujarat,Madhya Pradesh,Saurav Chauhan,Priyank Panchal,VR Iyer,0,0,,,,,,,,,
1280247,2021/22,2021-11-06,"Airforce Complex ground, Palam",1,7.6,Gujarat,Madhya Pradesh,Saurav Chauhan,Priyank Panchal,VR Iyer,1,0,,,,,,,,,
1280247,2021/22,2021-11-06,"Airforce Complex ground, Palam",1,7.7,Gujarat,Madhya Pradesh,Priyank Panchal,Saurav Chauhan,VR Iyer,0,0,,,,,,,,,
1280247,2021/22,2021-11-06,"Airforce Complex ground, Palam",1,8.1,Gujarat,Madhya Pradesh,Saurav Chauhan,Priyank Panchal,Mihir Hirwani,0,0,,,,,,caught,Saurav Chauhan,,
1280247,2021/22,2021-11-06,"Airforce Complex ground, Palam",1,8.2,Gujarat,Madhya Pradesh,Urvil Patel,Priyank Panchal,Mihir Hirwani,0,0,,,,,,,,,
1280247,2021/22,2021-11-06,"Airforce Complex ground, Palam",1,8.3,Gujarat,Madhya Pradesh,Urvil Patel,Priyank Panchal,Mihir Hirwani,0,0,,,,,,,,,
1280247,2021/22,2021-11-06,"Airforce Complex ground, Palam",1,8.4,Gujarat,Madhya Pradesh,Urvil Patel,Priyank Panchal,Mihir Hirwani,1,0,,,,,,,,,
1280247,2021/22,2021-11-06,"Airforce Complex ground, Palam",1,8.5,Gujarat,Madhya Pradesh,Priyank Panchal,Urvil Patel,Mihir Hirwani,1,0,,,,,,,,,
1280247,2021/22,2021-11-06,"Airforce Complex ground, Palam",1,8.6,Gujarat,Madhya Pradesh,Urvil Patel,Priyank Panchal,Mihir Hirwani,0,0,,,,,,,,,
1280247,2021/22,2021-11-06,"Airforce Complex ground, Palam",1,9.1,Gujarat,Madhya Pradesh,Priyank Panchal,Urvil Patel,Parth Sahani,1,0,,,,,,,,,
1280247,2021/22,2021-11-06,"Airforce Complex ground, Palam",1,9.2,Gujarat,Madhya Pradesh,Urvil Patel,Priyank Panchal,Parth Sahani,1,0,,,,,,,,,
1280247,2021/22,2021-11-06,"Airforce Complex ground, Palam",1,9.3,Gujarat,Madhya Pradesh,Priyank Panchal,Urvil Patel,Parth Sahani,1,0,,,,,,,,,
1280247,2021/22,2021-11-06,"Airforce Complex ground, Palam",1,9.4,Gujarat,Madhya Pradesh,Urvil Patel,Priyank Panchal,Parth Sahani,0,0,,,,,,caught and bowled,Urvil Patel,,
1280247,2021/22,2021-11-06,"Airforce Complex ground, Palam",1,9.5,Gujarat,Madhya Pradesh,Het Patel,Priyank Panchal,Parth Sahani,1,0,,,,,,,,,
1280247,2021/22,2021-11-06,"Airforce Complex ground, Palam",1,9.6,Gujarat,Madhya Pradesh,Priyank Panchal,Het Patel,Parth Sahani,0,0,,,,,,,,,
1280247,2021/22,2021-11-06,"Airforce Complex ground, Palam",1,10.1,Gujarat,Madhya Pradesh,Het Patel,Priyank Panchal,Mihir Hirwani,0,0,,,,,,,,,
1280247,2021/22,2021-11-06,"Airforce Complex ground, Palam",1,10.2,Gujarat,Madhya Pradesh,Het Patel,Priyank Panchal,Mihir Hirwani,1,0,,,,,,,,,
1280247,2021/22,2021-11-06,"Airforce Complex ground, Palam",1,10.3,Gujarat,Madhya Pradesh,Priyank Panchal,Het Patel,Mihir Hirwani,1,0,,,,,,,,,
1280247,2021/22,2021-11-06,"Airforce Complex ground, Palam",1,10.4,Gujarat,Madhya Pradesh,Het Patel,Priyank Panchal,Mihir Hirwani,1,0,,,,,,,,,
1280247,2021/22,2021-11-06,"Airforce Complex ground, Palam",1,10.5,Gujarat,Madhya Pradesh,Priyank Panchal,Het Patel,Mihir Hirwani,0,0,,,,,,,,,
1280247,2021/22,2021-11-06,"Airforce Complex ground, Palam",1,10.6,Gujarat,Madhya Pradesh,Priyank Panchal,Het Patel,Mihir Hirwani,1,0,,,,,,,,,
1280247,2021/22,2021-11-06,"Airforce Complex ground, Palam",1,11.1,Gujarat,Madhya Pradesh,Priyank Panchal,Het Patel,Parth Sahani,1,0,,,,,,,,,
1280247,2021/22,2021-11-06,"Airforce Complex ground, Palam",1,11.2,Gujarat,Madhya Pradesh,Het Patel,Priyank Panchal,Parth Sahani,1,0,,,,,,,,,
1280247,2021/22,2021-11-06,"Airforce Complex ground, Palam",1,11.3,Gujarat,Madhya Pradesh,Priyank Panchal,Het Patel,Parth Sahani,1,0,,,,,,,,,
1280247,2021/22,2021-11-06,"Airforce Complex ground, Palam",1,11.4,Gujarat,Madhya Pradesh,Het Patel,Priyank Panchal,Parth Sahani,1,0,,,,,,,,,
1280247,2021/22,2021-11-06,"Airforce Complex ground, Palam",1,11.5,Gujarat,Madhya Pradesh,Priyank Panchal,Het Patel,Parth Sahani,1,0,,,,,,,,,
1280247,2021/22,2021-11-06,"Airforce Complex ground, Palam",1,11.6,Gujarat,Madhya Pradesh,Het Patel,Priyank Panchal,Parth Sahani,1,0,,,,,,,,,
1280247,2021/22,2021-11-06,"Airforce Complex ground, Palam",1,12.1,Gujarat,Madhya Pradesh,Het Patel,Priyank Panchal,Mihir Hirwani,0,0,,,,,,,,,
1280247,2021/22,2021-11-06,"Airforce Complex ground, Palam",1,12.2,Gujarat,Madhya Pradesh,Het Patel,Priyank Panchal,Mihir Hirwani,4,0,,,,,,,,,
1280247,2021/22,2021-11-06,"Airforce Complex ground, Palam",1,12.3,Gujarat,Madhya Pradesh,Het Patel,Priyank Panchal,Mihir Hirwani,1,0,,,,,,,,,
1280247,2021/22,2021-11-06,"Airforce Complex ground, Palam",1,12.4,Gujarat,Madhya Pradesh,Priyank Panchal,Het Patel,Mihir Hirwani,1,0,,,,,,,,,
1280247,2021/22,2021-11-06,"Airforce Complex ground, Palam",1,12.5,Gujarat,Madhya Pradesh,Het Patel,Priyank Panchal,Mihir Hirwani,0,1,,,,1,,,,,
1280247,2021/22,2021-11-06,"Airforce Complex ground, Palam",1,12.6,Gujarat,Madhya Pradesh,Priyank Panchal,Het Patel,Mihir Hirwani,0,0,,,,,,,,,
1280247,2021/22,2021-11-06,"Airforce Complex ground, Palam",1,13.1,Gujarat,Madhya Pradesh,Het Patel,Priyank Panchal,Parth Sahani,1,0,,,,,,,,,
1280247,2021/22,2021-11-06,"Airforce Complex ground, Palam",1,13.2,Gujarat,Madhya Pradesh,Priyank Panchal,Het Patel,Parth Sahani,4,0,,,,,,,,,
1280247,2021/22,2021-11-06,"Airforce Complex ground, Palam",1,13.3,Gujarat,Madhya Pradesh,Priyank Panchal,Het Patel,Parth Sahani,2,0,,,,,,,,,
1280247,2021/22,2021-11-06,"Airforce Complex ground, Palam",1,13.4,Gujarat,Madhya Pradesh,Priyank Panchal,Het Patel,Parth Sahani,1,0,,,,,,,,,
1280247,2021/22,2021-11-06,"Airforce Complex ground, Palam",1,13.5,Gujarat,Madhya Pradesh,Het Patel,Priyank Panchal,Parth Sahani,1,0,,,,,,,,,
1280247,2021/22,2021-11-06,"Airforce Complex ground, Palam",1,13.6,Gujarat,Madhya Pradesh,Priyank Panchal,Het Patel,Parth Sahani,2,0,,,,,,,,,
1280247,2021/22,2021-11-06,"Airforce Complex ground, Palam",1,14.1,Gujarat,Madhya Pradesh,Het Patel,Priyank Panchal,Mihir Hirwani,1,0,,,,,,,,,
1280247,2021/22,2021-11-06,"Airforce Complex ground, Palam",1,14.2,Gujarat,Madhya Pradesh,Priyank Panchal,Het Patel,Mihir Hirwani,1,0,,,,,,,,,
1280247,2021/22,2021-11-06,"Airforce Complex ground, Palam",1,14.3,Gujarat,Madhya Pradesh,Het Patel,Priyank Panchal,Mihir Hirwani,0,0,,,,,,,,,
1280247,2021/22,2021-11-06,"Airforce Complex ground, Palam",1,14.4,Gujarat,Madhya Pradesh,Het Patel,Priyank Panchal,Mihir Hirwani,1,0,,,,,,,,,
1280247,2021/22,2021-11-06,"Airforce Complex ground, Palam",1,14.5,Gujarat,Madhya Pradesh,Priyank Panchal,Het Patel,Mihir Hirwani,0,1,,,,1,,,,,
1280247,2021/22,2021-11-06,"Airforce Complex ground, Palam",1,14.6,Gujarat,Madhya Pradesh,Het Patel,Priyank Panchal,Mihir Hirwani,1,0,,,,,,,,,
1280247,2021/22,2021-11-06,"Airforce Complex ground, Palam",1,15.1,Gujarat,Madhya Pradesh,Het Patel,Priyank Panchal,K Kartikeya,4,0,,,,,,,,,
1280247,2021/22,2021-11-06,"Airforce Complex ground, Palam",1,15.2,Gujarat,Madhya Pradesh,Het Patel,Priyank Panchal,K Kartikeya,0,0,,,,,,,,,
1280247,2021/22,2021-11-06,"Airforce Complex ground, Palam",1,15.3,Gujarat,Madhya Pradesh,Het Patel,Priyank Panchal,K Kartikeya,6,0,,,,,,,,,
1280247,2021/22,2021-11-06,"Airforce Complex ground, Palam",1,15.4,Gujarat,Madhya Pradesh,Het Patel,Priyank Panchal,K Kartikeya,1,0,,,,,,,,,
1280247,2021/22,2021-11-06,"Airforce Complex ground, Palam",1,15.5,Gujarat,Madhya Pradesh,Priyank Panchal,Het Patel,K Kartikeya,1,0,,,,,,,,,
1280247,2021/22,2021-11-06,"Airforce Complex ground, Palam",1,15.6,Gujarat,Madhya Pradesh,Het Patel,Priyank Panchal,K Kartikeya,1,0,,,,,,,,,
1280247,2021/22,2021-11-06,"Airforce Complex ground, Palam",1,16.1,Gujarat,Madhya Pradesh,Het Patel,Priyank Panchal,VR Iyer,1,0,,,,,,,,,
1280247,2021/22,2021-11-06,"Airforce Complex ground, Palam",1,16.2,Gujarat,Madhya Pradesh,Priyank Panchal,Het Patel,VR Iyer,4,0,,,,,,,,,
1280247,2021/22,2021-11-06,"Airforce Complex ground, Palam",1,16.3,Gujarat,Madhya Pradesh,Priyank Panchal,Het Patel,VR Iyer,6,0,,,,,,,,,
1280247,2021/22,2021-11-06,"Airforce Complex ground, Palam",1,16.4,Gujarat,Madhya Pradesh,Priyank Panchal,Het Patel,VR Iyer,1,0,,,,,,,,,
1280247,2021/22,2021-11-06,"Airforce Complex ground, Palam",1,16.5,Gujarat,Madhya Pradesh,Het Patel,Priyank Panchal,VR Iyer,0,0,,,,,,,,,
1280247,2021/22,2021-11-06,"Airforce Complex ground, Palam",1,16.6,Gujarat,Madhya Pradesh,Het Patel,Priyank Panchal,VR Iyer,1,0,,,,,,,,,
1280247,2021/22,2021-11-06,"Airforce Complex ground, Palam",1,17.1,Gujarat,Madhya Pradesh,Het Patel,Priyank Panchal,Avesh Khan,1,0,,,,,,,,,
1280247,2021/22,2021-11-06,"Airforce Complex ground, Palam",1,17.2,Gujarat,Madhya Pradesh,Priyank Panchal,Het Patel,Avesh Khan,6,0,,,,,,,,,
1280247,2021/22,2021-11-06,"Airforce Complex ground, Palam",1,17.3,Gujarat,Madhya Pradesh,Priyank Panchal,Het Patel,Avesh Khan,2,0,,,,,,,,,
1280247,2021/22,2021-11-06,"Airforce Complex ground, Palam",1,17.4,Gujarat,Madhya Pradesh,Priyank Panchal,Het Patel,Avesh Khan,1,0,,,,,,,,,
1280247,2021/22,2021-11-06,"Airforce Complex ground, Palam",1,17.5,Gujarat,Madhya Pradesh,Het Patel,Priyank Panchal,Avesh Khan,1,0,,,,,,,,,
1280247,2021/22,2021-11-06,"Airforce Complex ground, Palam",1,17.6,Gujarat,Madhya Pradesh,Priyank Panchal,Het Patel,Avesh Khan,6,0,,,,,,,,,
1280247,2021/22,2021-11-06,"Airforce Complex ground, Palam",1,18.1,Gujarat,Madhya Pradesh,Het Patel,Priyank Panchal,KR Sen,0,1,,,,1,,,,,
1280247,2021/22,2021-11-06,"Airforce Complex ground, Palam",1,18.2,Gujarat,Madhya Pradesh,Priyank Panchal,Het Patel,KR Sen,0,0,,,,,,,,,
1280247,2021/22,2021-11-06,"Airforce Complex ground, Palam",1,18.3,Gujarat,Madhya Pradesh,Priyank Panchal,Het Patel,KR Sen,0,0,,,,,,,,,
1280247,2021/22,2021-11-06,"Airforce Complex ground, Palam",1,18.4,Gujarat,Madhya Pradesh,Priyank Panchal,Het Patel,KR Sen,0,1,1,,,,,,,,
1280247,2021/22,2021-11-06,"Airforce Complex ground, Palam",1,18.5,Gujarat,Madhya Pradesh,Priyank Panchal,Het Patel,KR Sen,2,0,,,,,,,,,
1280247,2021/22,2021-11-06,"Airforce Complex ground, Palam",1,18.6,Gujarat,Madhya Pradesh,Priyank Panchal,Het Patel,KR Sen,0,0,,,,,,caught,Priyank Panchal,,
1280247,2021/22,2021-11-06,"Airforce Complex ground, Palam",1,18.7,Gujarat,Madhya Pradesh,RV Patel,Het Patel,KR Sen,1,0,,,,,,,,,
1280247,2021/22,2021-11-06,"Airforce Complex ground, Palam",1,19.1,Gujarat,Madhya Pradesh,RV Patel,Het Patel,Avesh Khan,1,0,,,,,,,,,
1280247,2021/22,2021-11-06,"Airforce Complex ground, Palam",1,19.2,Gujarat,Madhya Pradesh,Het Patel,RV Patel,Avesh Khan,1,0,,,,,,,,,
1280247,2021/22,2021-11-06,"Airforce Complex ground, Palam",1,19.3,Gujarat,Madhya Pradesh,RV Patel,Het Patel,Avesh Khan,2,0,,,,,,,,,
1280247,2021/22,2021-11-06,"Airforce Complex ground, Palam",1,19.4,Gujarat,Madhya Pradesh,RV Patel,Het Patel,Avesh Khan,1,0,,,,,,,,,
1280247,2021/22,2021-11-06,"Airforce Complex ground, Palam",1,19.5,Gujarat,Madhya Pradesh,Het Patel,RV Patel,Avesh Khan,4,0,,,,,,,,,
1280247,2021/22,2021-11-06,"Airforce Complex ground, Palam",1,19.6,Gujarat,Madhya Pradesh,Het Patel,RV Patel,Avesh Khan,4,0,,,,,,,,,
1280247,2021/22,2021-11-06,"Airforce Complex ground, Palam",2,0.1,Madhya Pradesh,Gujarat,VR Iyer,Kuldeep Gehi,Chintan Gaja,1,0,,,,,,,,,
1280247,2021/22,2021-11-06,"Airforce Complex ground, Palam",2,0.2,Madhya Pradesh,Gujarat,Kuldeep Gehi,VR Iyer,Chintan Gaja,1,0,,,,,,,,,
1280247,2021/22,2021-11-06,"Airforce Complex ground, Palam",2,0.3,Madhya Pradesh,Gujarat,VR Iyer,Kuldeep Gehi,Chintan Gaja,1,0,,,,,,,,,
1280247,2021/22,2021-11-06,"Airforce Complex ground, Palam",2,0.4,Madhya Pradesh,Gujarat,Kuldeep Gehi,VR Iyer,Chintan Gaja,0,1,1,,,,,,,,
1280247,2021/22,2021-11-06,"Airforce Complex ground, Palam",2,0.5,Madhya Pradesh,Gujarat,Kuldeep Gehi,VR Iyer,Chintan Gaja,6,0,,,,,,,,,
1280247,2021/22,2021-11-06,"Airforce Complex ground, Palam",2,0.6,Madhya Pradesh,Gujarat,Kuldeep Gehi,VR Iyer,Chintan Gaja,1,0,,,,,,,,,
1280247,2021/22,2021-11-06,"Airforce Complex ground, Palam",2,0.7,Madhya Pradesh,Gujarat,VR Iyer,Kuldeep Gehi,Chintan Gaja,4,0,,,,,,,,,
1280247,2021/22,2021-11-06,"Airforce Complex ground, Palam",2,1.1,Madhya Pradesh,Gujarat,Kuldeep Gehi,VR Iyer,Roosh Kalaria,1,0,,,,,,,,,
1280247,2021/22,2021-11-06,"Airforce Complex ground, Palam",2,1.2,Madhya Pradesh,Gujarat,VR Iyer,Kuldeep Gehi,Roosh Kalaria,0,0,,,,,,,,,
1280247,2021/22,2021-11-06,"Airforce Complex ground, Palam",2,1.3,Madhya Pradesh,Gujarat,VR Iyer,Kuldeep Gehi,Roosh Kalaria,1,0,,,,,,,,,
1280247,2021/22,2021-11-06,"Airforce Complex ground, Palam",2,1.4,Madhya Pradesh,Gujarat,Kuldeep Gehi,VR Iyer,Roosh Kalaria,0,0,,,,,,lbw,Kuldeep Gehi,,
1280247,2021/22,2021-11-06,"Airforce Complex ground, Palam",2,1.5,Madhya Pradesh,Gujarat,Shubham Sharma,VR Iyer,Roosh Kalaria,0,0,,,,,,,,,
1280247,2021/22,2021-11-06,"Airforce Complex ground, Palam",2,1.6,Madhya Pradesh,Gujarat,Shubham Sharma,VR Iyer,Roosh Kalaria,0,0,,,,,,,,,
1280247,2021/22,2021-11-06,"Airforce Complex ground, Palam",2,2.1,Madhya Pradesh,Gujarat,VR Iyer,Shubham Sharma,A Nagwaswalla,1,0,,,,,,,,,
1280247,2021/22,2021-11-06,"Airforce Complex ground, Palam",2,2.2,Madhya Pradesh,Gujarat,Shubham Sharma,VR Iyer,A Nagwaswalla,2,0,,,,,,,,,
1280247,2021/22,2021-11-06,"Airforce Complex ground, Palam",2,2.3,Madhya Pradesh,Gujarat,Shubham Sharma,VR Iyer,A Nagwaswalla,0,0,,,,,,,,,
1280247,2021/22,2021-11-06,"Airforce Complex ground, Palam",2,2.4,Madhya Pradesh,Gujarat,Shubham Sharma,VR Iyer,A Nagwaswalla,4,0,,,,,,,,,
1280247,2021/22,2021-11-06,"Airforce Complex ground, Palam",2,2.5,Madhya Pradesh,Gujarat,Shubham Sharma,VR Iyer,A Nagwaswalla,0,0,,,,,,,,,
1280247,2021/22,2021-11-06,"Airforce Complex ground, Palam",2,2.6,Madhya Pradesh,Gujarat,Shubham Sharma,VR Iyer,A Nagwaswalla,6,0,,,,,,,,,
1280247,2021/22,2021-11-06,"Airforce Complex ground, Palam",2,3.1,Madhya Pradesh,Gujarat,VR Iyer,Shubham Sharma,Roosh Kalaria,4,0,,,,,,,,,
1280247,2021/22,2021-11-06,"Airforce Complex ground, Palam",2,3.2,Madhya Pradesh,Gujarat,VR Iyer,Shubham Sharma,Roosh Kalaria,0,0,,,,,,,,,
1280247,2021/22,2021-11-06,"Airforce Complex ground, Palam",2,3.3,Madhya Pradesh,Gujarat,VR Iyer,Shubham Sharma,Roosh Kalaria,4,0,,,,,,,,,
1280247,2021/22,2021-11-06,"Airforce Complex ground, Palam",2,3.4,Madhya Pradesh,Gujarat,VR Iyer,Shubham Sharma,Roosh Kalaria,1,0,,,,,,,,,
1280247,2021/22,2021-11-06,"Airforce Complex ground, Palam",2,3.5,Madhya Pradesh,Gujarat,Shubham Sharma,VR Iyer,Roosh Kalaria,1,0,,,,,,,,,
1280247,2021/22,2021-11-06,"Airforce Complex ground, Palam",2,3.6,Madhya Pradesh,Gujarat,VR Iyer,Shubham Sharma,Roosh Kalaria,4,0,,,,,,,,,
1280247,2021/22,2021-11-06,"Airforce Complex ground, Palam",2,4.1,Madhya Pradesh,Gujarat,Shubham Sharma,VR Iyer,HP Patel,0,0,,,,,,,,,
1280247,2021/22,2021-11-06,"Airforce Complex ground, Palam",2,4.2,Madhya Pradesh,Gujarat,Shubham Sharma,VR Iyer,HP Patel,4,0,,,,,,,,,
1280247,2021/22,2021-11-06,"Airforce Complex ground, Palam",2,4.3,Madhya Pradesh,Gujarat,Shubham Sharma,VR Iyer,HP Patel,0,1,,,,1,,,,,
1280247,2021/22,2021-11-06,"Airforce Complex ground, Palam",2,4.4,Madhya Pradesh,Gujarat,VR Iyer,Shubham Sharma,HP Patel,1,0,,,,,,,,,
1280247,2021/22,2021-11-06,"Airforce Complex ground, Palam",2,4.5,Madhya Pradesh,Gujarat,Shubham Sharma,VR Iyer,HP Patel,1,0,,,,,,,,,
1280247,2021/22,2021-11-06,"Airforce Complex ground, Palam",2,4.6,Madhya Pradesh,Gujarat,VR Iyer,Shubham Sharma,HP Patel,1,0,,,,,,,,,
1280247,2021/22,2021-11-06,"Airforce Complex ground, Palam",2,5.1,Madhya Pradesh,Gujarat,VR Iyer,Shubham Sharma,Chintan Gaja,0,0,,,,,,,,,
1280247,2021/22,2021-11-06,"Airforce Complex ground, Palam",2,5.2,Madhya Pradesh,Gujarat,VR Iyer,Shubham Sharma,Chintan Gaja,0,0,,,,,,,,,
1280247,2021/22,2021-11-06,"Airforce Complex ground, Palam",2,5.3,Madhya Pradesh,Gujarat,VR Iyer,Shubham Sharma,Chintan Gaja,0,0,,,,,,,,,
1280247,2021/22,2021-11-06,"Airforce Complex ground, Palam",2,5.4,Madhya Pradesh,Gujarat,VR Iyer,Shubham Sharma,Chintan Gaja,0,0,,,,,,,,,
1280247,2021/22,2021-11-06,"Airforce Complex ground, Palam",2,5.5,Madhya Pradesh,Gujarat,VR Iyer,Shubham Sharma,Chintan Gaja,1,0,,,,,,,,,
1280247,2021/22,2021-11-06,"Airforce Complex ground, Palam",2,5.6,Madhya Pradesh,Gujarat,Shubham Sharma,VR Iyer,Chintan Gaja,0,0,,,,,,,,,
1280247,2021/22,2021-11-06,"Airforce Complex ground, Palam",2,6.1,Madhya Pradesh,Gujarat,VR Iyer,Shubham Sharma,HP Patel,0,0,,,,,,,,,
1280247,2021/22,2021-11-06,"Airforce Complex ground, Palam",2,6.2,Madhya Pradesh,Gujarat,VR Iyer,Shubham Sharma,HP Patel,0,0,,,,,,,,,
1280247,2021/22,2021-11-06,"Airforce Complex ground, Palam",2,6.3,Madhya Pradesh,Gujarat,VR Iyer,Shubham Sharma,HP Patel,6,0,,,,,,,,,
1280247,2021/22,2021-11-06,"Airforce Complex ground, Palam",2,6.4,Madhya Pradesh,Gujarat,VR Iyer,Shubham Sharma,HP Patel,0,0,,,,,,,,,
1280247,2021/22,2021-11-06,"Airforce Complex ground, Palam",2,6.5,Madhya Pradesh,Gujarat,VR Iyer,Shubham Sharma,HP Patel,1,0,,,,,,,,,
1280247,2021/22,2021-11-06,"Airforce Complex ground, Palam",2,6.6,Madhya Pradesh,Gujarat,Shubham Sharma,VR Iyer,HP Patel,0,0,,,,,,,,,
1280247,2021/22,2021-11-06,"Airforce Complex ground, Palam",2,7.1,Madhya Pradesh,Gujarat,VR Iyer,Shubham Sharma,A Nagwaswalla,0,0,,,,,,caught,VR Iyer,,
1280247,2021/22,2021-11-06,"Airforce Complex ground, Palam",2,7.2,Madhya Pradesh,Gujarat,RM Patidar,Shubham Sharma,A Nagwaswalla,0,0,,,,,,,,,
1280247,2021/22,2021-11-06,"Airforce Complex ground, Palam",2,7.3,Madhya Pradesh,Gujarat,RM Patidar,Shubham Sharma,A Nagwaswalla,0,0,,,,,,,,,
1280247,2021/22,2021-11-06,"Airforce Complex ground, Palam",2,7.4,Madhya Pradesh,Gujarat,RM Patidar,Shubham Sharma,A Nagwaswalla,0,1,1,,,,,,,,
1280247,2021/22,2021-11-06,"Airforce Complex ground, Palam",2,7.5,Madhya Pradesh,Gujarat,RM Patidar,Shubham Sharma,A Nagwaswalla,4,0,,,,,,,,,
1280247,2021/22,2021-11-06,"Airforce Complex ground, Palam",2,7.6,Madhya Pradesh,Gujarat,RM Patidar,Shubham Sharma,A Nagwaswalla,1,0,,,,,,,,,
1280247,2021/22,2021-11-06,"Airforce Complex ground, Palam",2,7.7,Madhya Pradesh,Gujarat,Shubham Sharma,RM Patidar,A Nagwaswalla,0,0,,,,,,,,,
1280247,2021/22,2021-11-06,"Airforce Complex ground, Palam",2,8.1,Madhya Pradesh,Gujarat,RM Patidar,Shubham Sharma,PP Chawla,1,0,,,,,,,,,
1280247,2021/22,2021-11-06,"Airforce Complex ground, Palam",2,8.2,Madhya Pradesh,Gujarat,Shubham Sharma,RM Patidar,PP Chawla,1,0,,,,,,,,,
1280247,2021/22,2021-11-06,"Airforce Complex ground, Palam",2,8.3,Madhya Pradesh,Gujarat,RM Patidar,Shubham Sharma,PP Chawla,0,0,,,,,,,,,
1280247,2021/22,2021-11-06,"Airforce Complex ground, Palam",2,8.4,Madhya Pradesh,Gujarat,RM Patidar,Shubham Sharma,PP Chawla,2,0,,,,,,,,,
1280247,2021/22,2021-11-06,"Airforce Complex ground, Palam",2,8.5,Madhya Pradesh,Gujarat,RM Patidar,Shubham Sharma,PP Chawla,1,0,,,,,,,,,
1280247,2021/22,2021-11-06,"Airforce Complex ground, Palam",2,8.6,Madhya Pradesh,Gujarat,Shubham Sharma,RM Patidar,PP Chawla,1,0,,,,,,,,,
1280247,2021/22,2021-11-06,"Airforce Complex ground, Palam",2,9.1,Madhya Pradesh,Gujarat,Shubham Sharma,RM Patidar,HP Patel,2,0,,,,,,,,,
1280247,2021/22,2021-11-06,"Airforce Complex ground, Palam",2,9.2,Madhya Pradesh,Gujarat,Shubham Sharma,RM Patidar,HP Patel,2,0,,,,,,,,,
1280247,2021/22,2021-11-06,"Airforce Complex ground, Palam",2,9.3,Madhya Pradesh,Gujarat,Shubham Sharma,RM Patidar,HP Patel,1,0,,,,,,,,,
1280247,2021/22,2021-11-06,"Airforce Complex ground, Palam",2,9.4,Madhya Pradesh,Gujarat,RM Patidar,Shubham Sharma,HP Patel,0,0,,,,,,,,,
1280247,2021/22,2021-11-06,"Airforce Complex ground, Palam",2,9.5,Madhya Pradesh,Gujarat,RM Patidar,Shubham Sharma,HP Patel,0,0,,,,,,,,,
1280247,2021/22,2021-11-06,"Airforce Complex ground, Palam",2,9.6,Madhya Pradesh,Gujarat,RM Patidar,Shubham Sharma,HP Patel,1,0,,,,,,,,,
1280247,2021/22,2021-11-06,"Airforce Complex ground, Palam",2,10.1,Madhya Pradesh,Gujarat,RM Patidar,Shubham Sharma,Chintan Gaja,0,0,,,,,,,,,
1280247,2021/22,2021-11-06,"Airforce Complex ground, Palam",2,10.2,Madhya Pradesh,Gujarat,RM Patidar,Shubham Sharma,Chintan Gaja,0,0,,,,,,,,,
1280247,2021/22,2021-11-06,"Airforce Complex ground, Palam",2,10.3,Madhya Pradesh,Gujarat,RM Patidar,Shubham Sharma,Chintan Gaja,1,0,,,,,,,,,
1280247,2021/22,2021-11-06,"Airforce Complex ground, Palam",2,10.4,Madhya Pradesh,Gujarat,Shubham Sharma,RM Patidar,Chintan Gaja,0,0,,,,,,,,,
1280247,2021/22,2021-11-06,"Airforce Complex ground, Palam",2,10.5,Madhya Pradesh,Gujarat,Shubham Sharma,RM Patidar,Chintan Gaja,0,0,,,,,,caught,Shubham Sharma,,
1280247,2021/22,2021-11-06,"Airforce Complex ground, Palam",2,10.6,Madhya Pradesh,Gujarat,RM Patidar,Parth Sahani,Chintan Gaja,0,0,,,,,,,,,
1280247,2021/22,2021-11-06,"Airforce Complex ground, Palam",2,11.1,Madhya Pradesh,Gujarat,Parth Sahani,RM Patidar,PP Chawla,1,0,,,,,,,,,
1280247,2021/22,2021-11-06,"Airforce Complex ground, Palam",2,11.2,Madhya Pradesh,Gujarat,RM Patidar,Parth Sahani,PP Chawla,0,0,,,,,,caught,RM Patidar,,
1280247,2021/22,2021-11-06,"Airforce Complex ground, Palam",2,11.3,Madhya Pradesh,Gujarat,Rakesh Thakur,Parth Sahani,PP Chawla,1,0,,,,,,,,,
1280247,2021/22,2021-11-06,"Airforce Complex ground, Palam",2,11.4,Madhya Pradesh,Gujarat,Parth Sahani,Rakesh Thakur,PP Chawla,0,0,,,,,,,,,
1280247,2021/22,2021-11-06,"Airforce Complex ground, Palam",2,11.5,Madhya Pradesh,Gujarat,Parth Sahani,Rakesh Thakur,PP Chawla,0,0,,,,,,,,,
1280247,2021/22,2021-11-06,"Airforce Complex ground, Palam",2,11.6,Madhya Pradesh,Gujarat,Parth Sahani,Rakesh Thakur,PP Chawla,1,0,,,,,,,,,
1280247,2021/22,2021-11-06,"Airforce Complex ground, Palam",2,12.1,Madhya Pradesh,Gujarat,Parth Sahani,Rakesh Thakur,Chintan Gaja,0,0,,,,,,,,,
1280247,2021/22,2021-11-06,"Airforce Complex ground, Palam",2,12.2,Madhya Pradesh,Gujarat,Parth Sahani,Rakesh Thakur,Chintan Gaja,1,0,,,,,,,,,
1280247,2021/22,2021-11-06,"Airforce Complex ground, Palam",2,12.3,Madhya Pradesh,Gujarat,Rakesh Thakur,Parth Sahani,Chintan Gaja,0,0,,,,,,,,,
1280247,2021/22,2021-11-06,"Airforce Complex ground, Palam",2,12.4,Madhya Pradesh,Gujarat,Rakesh Thakur,Parth Sahani,Chintan Gaja,0,0,,,,,,,,,
1280247,2021/22,2021-11-06,"Airforce Complex ground, Palam",2,12.5,Madhya Pradesh,Gujarat,Rakesh Thakur,Parth Sahani,Chintan Gaja,2,0,,,,,,,,,
1280247,2021/22,2021-11-06,"Airforce Complex ground, Palam",2,12.6,Madhya Pradesh,Gujarat,Rakesh Thakur,Parth Sahani,Chintan Gaja,0,0,,,,,,caught,Rakesh Thakur,,
1280247,2021/22,2021-11-06,"Airforce Complex ground, Palam",2,13.1,Madhya Pradesh,Gujarat,Rishabh Chouhan,Parth Sahani,PP Chawla,0,0,,,,,,,,,
1280247,2021/22,2021-11-06,"Airforce Complex ground, Palam",2,13.2,Madhya Pradesh,Gujarat,Rishabh Chouhan,Parth Sahani,PP Chawla,0,0,,,,,,,,,
1280247,2021/22,2021-11-06,"Airforce Complex ground, Palam",2,13.3,Madhya Pradesh,Gujarat,Rishabh Chouhan,Parth Sahani,PP Chawla,0,0,,,,,,,,,
1280247,2021/22,2021-11-06,"Airforce Complex ground, Palam",2,13.4,Madhya Pradesh,Gujarat,Rishabh Chouhan,Parth Sahani,PP Chawla,1,0,,,,,,,,,
1280247,2021/22,2021-11-06,"Airforce Complex ground, Palam",2,13.5,Madhya Pradesh,Gujarat,Parth Sahani,Rishabh Chouhan,PP Chawla,1,0,,,,,,,,,
1280247,2021/22,2021-11-06,"Airforce Complex ground, Palam",2,13.6,Madhya Pradesh,Gujarat,Rishabh Chouhan,Parth Sahani,PP Chawla,1,0,,,,,,,,,
1280247,2021/22,2021-11-06,"Airforce Complex ground, Palam",2,14.1,Madhya Pradesh,Gujarat,Rishabh Chouhan,Parth Sahani,HP Patel,0,0,,,,,,bowled,Rishabh Chouhan,,
1280247,2021/22,2021-11-06,"Airforce Complex ground, Palam",2,14.2,Madhya Pradesh,Gujarat,Mihir Hirwani,Parth Sahani,HP Patel,1,0,,,,,,,,,
1280247,2021/22,2021-11-06,"Airforce Complex ground, Palam",2,14.3,Madhya Pradesh,Gujarat,Parth Sahani,Mihir Hirwani,HP Patel,0,0,,,,,,,,,
1280247,2021/22,2021-11-06,"Airforce Complex ground, Palam",2,14.4,Madhya Pradesh,Gujarat,Parth Sahani,Mihir Hirwani,HP Patel,1,0,,,,,,,,,
1280247,2021/22,2021-11-06,"Airforce Complex ground, Palam",2,14.5,Madhya Pradesh,Gujarat,Mihir Hirwani,Parth Sahani,HP Patel,1,0,,,,,,,,,
1280247,2021/22,2021-11-06,"Airforce Complex ground, Palam",2,14.6,Madhya Pradesh,Gujarat,Parth Sahani,Mihir Hirwani,HP Patel,1,0,,,,,,,,,
1280247,2021/22,2021-11-06,"Airforce Complex ground, Palam",2,15.1,Madhya Pradesh,Gujarat,Parth Sahani,Mihir Hirwani,A Nagwaswalla,1,0,,,,,,,,,
1280247,2021/22,2021-11-06,"Airforce Complex ground, Palam",2,15.2,Madhya Pradesh,Gujarat,Mihir Hirwani,Parth Sahani,A Nagwaswalla,0,0,,,,,,,,,
1280247,2021/22,2021-11-06,"Airforce Complex ground, Palam",2,15.3,Madhya Pradesh,Gujarat,Mihir Hirwani,Parth Sahani,A Nagwaswalla,1,0,,,,,,,,,
1280247,2021/22,2021-11-06,"Airforce Complex ground, Palam",2,15.4,Madhya Pradesh,Gujarat,Parth Sahani,Mihir Hirwani,A Nagwaswalla,1,0,,,,,,,,,
1280247,2021/22,2021-11-06,"Airforce Complex ground, Palam",2,15.5,Madhya Pradesh,Gujarat,Mihir Hirwani,Parth Sahani,A Nagwaswalla,0,0,,,,,,caught,Mihir Hirwani,,
1280247,2021/22,2021-11-06,"Airforce Complex ground, Palam",2,15.6,Madhya Pradesh,Gujarat,Avesh Khan,Parth Sahani,A Nagwaswalla,1,0,,,,,,,,,
1280247,2021/22,2021-11-06,"Airforce Complex ground, Palam",2,16.1,Madhya Pradesh,Gujarat,Avesh Khan,Parth Sahani,PP Chawla,6,0,,,,,,,,,
1280247,2021/22,2021-11-06,"Airforce Complex ground, Palam",2,16.2,Madhya Pradesh,Gujarat,Avesh Khan,Parth Sahani,PP Chawla,2,0,,,,,,,,,
1280247,2021/22,2021-11-06,"Airforce Complex ground, Palam",2,16.3,Madhya Pradesh,Gujarat,Avesh Khan,Parth Sahani,PP Chawla,0,0,,,,,,,,,
1280247,2021/22,2021-11-06,"Airforce Complex ground, Palam",2,16.4,Madhya Pradesh,Gujarat,Avesh Khan,Parth Sahani,PP Chawla,0,0,,,,,,bowled,Avesh Khan,,
1280247,2021/22,2021-11-06,"Airforce Complex ground, Palam",2,16.5,Madhya Pradesh,Gujarat,K Kartikeya,Parth Sahani,PP Chawla,0,0,,,,,,,,,
1280247,2021/22,2021-11-06,"Airforce Complex ground, Palam",2,16.6,Madhya Pradesh,Gujarat,K Kartikeya,Parth Sahani,PP Chawla,0,0,,,,,,,,,
1280247,2021/22,2021-11-06,"Airforce Complex ground, Palam",2,17.1,Madhya Pradesh,Gujarat,Parth Sahani,K Kartikeya,Roosh Kalaria,0,0,,,,,,,,,
1280247,2021/22,2021-11-06,"Airforce Complex ground, Palam",2,17.2,Madhya Pradesh,Gujarat,Parth Sahani,K Kartikeya,Roosh Kalaria,2,0,,,,,,,,,
1280247,2021/22,2021-11-06,"Airforce Complex ground, Palam",2,17.3,Madhya Pradesh,Gujarat,Parth Sahani,K Kartikeya,Roosh Kalaria,1,0,,,,,,,,,
1280247,2021/22,2021-11-06,"Airforce Complex ground, Palam",2,17.4,Madhya Pradesh,Gujarat,K Kartikeya,Parth Sahani,Roosh Kalaria,1,0,,,,,,,,,
1280247,2021/22,2021-11-06,"Airforce Complex ground, Palam",2,17.5,Madhya Pradesh,Gujarat,Parth Sahani,K Kartikeya,Roosh Kalaria,0,0,,,,,,caught,Parth Sahani,,
1280247,2021/22,2021-11-06,"Airforce Complex ground, Palam",2,17.6,Madhya Pradesh,Gujarat,K Kartikeya,KR Sen,Roosh Kalaria,2,0,,,,,,,,,
1280247,2021/22,2021-11-06,"Airforce Complex ground, Palam",2,18.1,Madhya Pradesh,Gujarat,KR Sen,K Kartikeya,A Nagwaswalla,1,0,,,,,,,,,
1280247,2021/22,2021-11-06,"Airforce Complex ground, Palam",2,18.2,Madhya Pradesh,Gujarat,K Kartikeya,KR Sen,A Nagwaswalla,1,0,,,,,,,,,
1280247,2021/22,2021-11-06,"Airforce Complex ground, Palam",2,18.3,Madhya Pradesh,Gujarat,KR Sen,K Kartikeya,A Nagwaswalla,0,0,,,,,,caught,KR Sen,,
