match_id,season,start_date,venue,innings,ball,batting_team,bowling_team,striker,non_striker,bowler,runs_off_bat,extras,wides,noballs,byes,legbyes,penalty,wicket_type,player_dismissed,other_wicket_type,other_player_dismissed
1280230,2021/22,2021-11-05,Gurugram Cricket Ground (SRNCC),1,0.1,Hyderabad (India),Uttarakhand,Tanmay Agarwal,GH Vihari,Akash Madhwal,0,0,,,,,,,,,
1280230,2021/22,2021-11-05,Gurugram Cricket Ground (SRNCC),1,0.2,Hyderabad (India),Uttarakhand,Tanmay Agarwal,GH Vihari,Akash Madhwal,0,0,,,,,,,,,
1280230,2021/22,2021-11-05,Gurugram Cricket Ground (SRNCC),1,0.3,Hyderabad (India),Uttarakhand,Tanmay Agarwal,GH Vihari,Akash Madhwal,0,0,,,,,,,,,
1280230,2021/22,2021-11-05,Gurugram Cricket Ground (SRNCC),1,0.4,Hyderabad (India),Uttarakhand,Tanmay Agarwal,GH Vihari,Akash Madhwal,4,0,,,,,,,,,
1280230,2021/22,2021-11-05,Gurugram Cricket Ground (SRNCC),1,0.5,Hyderabad (India),Uttarakhand,Tanmay Agarwal,GH Vihari,Akash Madhwal,0,0,,,,,,,,,
1280230,2021/22,2021-11-05,Gurugram Cricket Ground (SRNCC),1,0.6,Hyderabad (India),Uttarakhand,Tanmay Agarwal,GH Vihari,Akash Madhwal,4,0,,,,,,,,,
1280230,2021/22,2021-11-05,Gurugram Cricket Ground (SRNCC),1,1.1,Hyderabad (India),Uttarakhand,GH Vihari,Tanmay Agarwal,Nikhil Kohli,0,0,,,,,,,,,
1280230,2021/22,2021-11-05,Gurugram Cricket Ground (SRNCC),1,1.2,Hyderabad (India),Uttarakhand,GH Vihari,Tanmay Agarwal,Nikhil Kohli,0,0,,,,,,,,,
1280230,2021/22,2021-11-05,Gurugram Cricket Ground (SRNCC),1,1.3,Hyderabad (India),Uttarakhand,GH Vihari,Tanmay Agarwal,Nikhil Kohli,0,0,,,,,,,,,
1280230,2021/22,2021-11-05,Gurugram Cricket Ground (SRNCC),1,1.4,Hyderabad (India),Uttarakhand,GH Vihari,Tanmay Agarwal,Nikhil Kohli,1,0,,,,,,,,,
1280230,2021/22,2021-11-05,Gurugram Cricket Ground (SRNCC),1,1.5,Hyderabad (India),Uttarakhand,Tanmay Agarwal,GH Vihari,Nikhil Kohli,1,0,,,,,,,,,
1280230,2021/22,2021-11-05,Gurugram Cricket Ground (SRNCC),1,1.6,Hyderabad (India),Uttarakhand,GH Vihari,Tanmay Agarwal,Nikhil Kohli,0,0,,,,,,,,,
1280230,2021/22,2021-11-05,Gurugram Cricket Ground (SRNCC),1,2.1,Hyderabad (India),Uttarakhand,Tanmay Agarwal,GH Vihari,Akash Madhwal,0,0,,,,,,,,,
1280230,2021/22,2021-11-05,Gurugram Cricket Ground (SRNCC),1,2.2,Hyderabad (India),Uttarakhand,Tanmay Agarwal,GH Vihari,Akash Madhwal,1,0,,,,,,,,,
1280230,2021/22,2021-11-05,Gurugram Cricket Ground (SRNCC),1,2.3,Hyderabad (India),Uttarakhand,GH Vihari,Tanmay Agarwal,Akash Madhwal,0,0,,,,,,,,,
1280230,2021/22,2021-11-05,Gurugram Cricket Ground (SRNCC),1,2.4,Hyderabad (India),Uttarakhand,GH Vihari,Tanmay Agarwal,Akash Madhwal,1,0,,,,,,,,,
1280230,2021/22,2021-11-05,Gurugram Cricket Ground (SRNCC),1,2.5,Hyderabad (India),Uttarakhand,Tanmay Agarwal,GH Vihari,Akash Madhwal,2,0,,,,,,,,,
1280230,2021/22,2021-11-05,Gurugram Cricket Ground (SRNCC),1,2.6,Hyderabad (India),Uttarakhand,Tanmay Agarwal,GH Vihari,Akash Madhwal,1,0,,,,,,,,,
1280230,2021/22,2021-11-05,Gurugram Cricket Ground (SRNCC),1,3.1,Hyderabad (India),Uttarakhand,Tanmay Agarwal,GH Vihari,Nikhil Kohli,0,1,1,,,,,,,,
1280230,2021/22,2021-11-05,Gurugram Cricket Ground (SRNCC),1,3.2,Hyderabad (India),Uttarakhand,Tanmay Agarwal,GH Vihari,Nikhil Kohli,0,1,1,,,,,,,,
1280230,2021/22,2021-11-05,Gurugram Cricket Ground (SRNCC),1,3.3,Hyderabad (India),Uttarakhand,Tanmay Agarwal,GH Vihari,Nikhil Kohli,4,0,,,,,,,,,
1280230,2021/22,2021-11-05,Gurugram Cricket Ground (SRNCC),1,3.4,Hyderabad (India),Uttarakhand,Tanmay Agarwal,GH Vihari,Nikhil Kohli,4,0,,,,,,,,,
1280230,2021/22,2021-11-05,Gurugram Cricket Ground (SRNCC),1,3.5,Hyderabad (India),Uttarakhand,Tanmay Agarwal,GH Vihari,Nikhil Kohli,1,0,,,,,,,,,
1280230,2021/22,2021-11-05,Gurugram Cricket Ground (SRNCC),1,3.6,Hyderabad (India),Uttarakhand,GH Vihari,Tanmay Agarwal,Nikhil Kohli,4,0,,,,,,,,,
1280230,2021/22,2021-11-05,Gurugram Cricket Ground (SRNCC),1,3.7,Hyderabad (India),Uttarakhand,GH Vihari,Tanmay Agarwal,Nikhil Kohli,0,1,1,,,,,,,,
1280230,2021/22,2021-11-05,Gurugram Cricket Ground (SRNCC),1,3.8,Hyderabad (India),Uttarakhand,GH Vihari,Tanmay Agarwal,Nikhil Kohli,1,0,,,,,,,,,
1280230,2021/22,2021-11-05,Gurugram Cricket Ground (SRNCC),1,3.9,Hyderabad (India),Uttarakhand,Tanmay Agarwal,GH Vihari,Nikhil Kohli,1,0,,,,,,,,,
1280230,2021/22,2021-11-05,Gurugram Cricket Ground (SRNCC),1,4.1,Hyderabad (India),Uttarakhand,Tanmay Agarwal,GH Vihari,Swapnil Singh,1,0,,,,,,,,,
1280230,2021/22,2021-11-05,Gurugram Cricket Ground (SRNCC),1,4.2,Hyderabad (India),Uttarakhand,GH Vihari,Tanmay Agarwal,Swapnil Singh,0,0,,,,,,lbw,GH Vihari,,
1280230,2021/22,2021-11-05,Gurugram Cricket Ground (SRNCC),1,4.3,Hyderabad (India),Uttarakhand,Tilak Varma,Tanmay Agarwal,Swapnil Singh,6,0,,,,,,,,,
1280230,2021/22,2021-11-05,Gurugram Cricket Ground (SRNCC),1,4.4,Hyderabad (India),Uttarakhand,Tilak Varma,Tanmay Agarwal,Swapnil Singh,0,0,,,,,,,,,
1280230,2021/22,2021-11-05,Gurugram Cricket Ground (SRNCC),1,4.5,Hyderabad (India),Uttarakhand,Tilak Varma,Tanmay Agarwal,Swapnil Singh,0,0,,,,,,,,,
1280230,2021/22,2021-11-05,Gurugram Cricket Ground (SRNCC),1,4.6,Hyderabad (India),Uttarakhand,Tilak Varma,Tanmay Agarwal,Swapnil Singh,1,0,,,,,,,,,
1280230,2021/22,2021-11-05,Gurugram Cricket Ground (SRNCC),1,5.1,Hyderabad (India),Uttarakhand,Tilak Varma,Tanmay Agarwal,Dikshanshu Negi,4,0,,,,,,,,,
1280230,2021/22,2021-11-05,Gurugram Cricket Ground (SRNCC),1,5.2,Hyderabad (India),Uttarakhand,Tilak Varma,Tanmay Agarwal,Dikshanshu Negi,1,0,,,,,,,,,
1280230,2021/22,2021-11-05,Gurugram Cricket Ground (SRNCC),1,5.3,Hyderabad (India),Uttarakhand,Tanmay Agarwal,Tilak Varma,Dikshanshu Negi,1,0,,,,,,,,,
1280230,2021/22,2021-11-05,Gurugram Cricket Ground (SRNCC),1,5.4,Hyderabad (India),Uttarakhand,Tilak Varma,Tanmay Agarwal,Dikshanshu Negi,0,0,,,,,,,,,
1280230,2021/22,2021-11-05,Gurugram Cricket Ground (SRNCC),1,5.5,Hyderabad (India),Uttarakhand,Tilak Varma,Tanmay Agarwal,Dikshanshu Negi,1,0,,,,,,,,,
1280230,2021/22,2021-11-05,Gurugram Cricket Ground (SRNCC),1,5.6,Hyderabad (India),Uttarakhand,Tanmay Agarwal,Tilak Varma,Dikshanshu Negi,1,0,,,,,,,,,
1280230,2021/22,2021-11-05,Gurugram Cricket Ground (SRNCC),1,6.1,Hyderabad (India),Uttarakhand,Tanmay Agarwal,Tilak Varma,Md Nazim,0,0,,,,,,,,,
1280230,2021/22,2021-11-05,Gurugram Cricket Ground (SRNCC),1,6.2,Hyderabad (India),Uttarakhand,Tanmay Agarwal,Tilak Varma,Md Nazim,0,0,,,,,,,,,
1280230,2021/22,2021-11-05,Gurugram Cricket Ground (SRNCC),1,6.3,Hyderabad (India),Uttarakhand,Tanmay Agarwal,Tilak Varma,Md Nazim,6,0,,,,,,,,,
1280230,2021/22,2021-11-05,Gurugram Cricket Ground (SRNCC),1,6.4,Hyderabad (India),Uttarakhand,Tanmay Agarwal,Tilak Varma,Md Nazim,2,0,,,,,,,,,
1280230,2021/22,2021-11-05,Gurugram Cricket Ground (SRNCC),1,6.5,Hyderabad (India),Uttarakhand,Tanmay Agarwal,Tilak Varma,Md Nazim,1,0,,,,,,,,,
1280230,2021/22,2021-11-05,Gurugram Cricket Ground (SRNCC),1,6.6,Hyderabad (India),Uttarakhand,Tilak Varma,Tanmay Agarwal,Md Nazim,1,0,,,,,,,,,
1280230,2021/22,2021-11-05,Gurugram Cricket Ground (SRNCC),1,7.1,Hyderabad (India),Uttarakhand,Tilak Varma,Tanmay Agarwal,Dikshanshu Negi,1,0,,,,,,,,,
1280230,2021/22,2021-11-05,Gurugram Cricket Ground (SRNCC),1,7.2,Hyderabad (India),Uttarakhand,Tanmay Agarwal,Tilak Varma,Dikshanshu Negi,1,0,,,,,,,,,
1280230,2021/22,2021-11-05,Gurugram Cricket Ground (SRNCC),1,7.3,Hyderabad (India),Uttarakhand,Tilak Varma,Tanmay Agarwal,Dikshanshu Negi,0,0,,,,,,,,,
1280230,2021/22,2021-11-05,Gurugram Cricket Ground (SRNCC),1,7.4,Hyderabad (India),Uttarakhand,Tilak Varma,Tanmay Agarwal,Dikshanshu Negi,0,0,,,,,,bowled,Tilak Varma,,
1280230,2021/22,2021-11-05,Gurugram Cricket Ground (SRNCC),1,7.5,Hyderabad (India),Uttarakhand,Himalay Agarwal,Tanmay Agarwal,Dikshanshu Negi,0,0,,,,,,,,,
1280230,2021/22,2021-11-05,Gurugram Cricket Ground (SRNCC),1,7.6,Hyderabad (India),Uttarakhand,Himalay Agarwal,Tanmay Agarwal,Dikshanshu Negi,0,0,,,,,,,,,
1280230,2021/22,2021-11-05,Gurugram Cricket Ground (SRNCC),1,8.1,Hyderabad (India),Uttarakhand,Tanmay Agarwal,Himalay Agarwal,Swapnil Singh,1,0,,,,,,,,,
1280230,2021/22,2021-11-05,Gurugram Cricket Ground (SRNCC),1,8.2,Hyderabad (India),Uttarakhand,Himalay Agarwal,Tanmay Agarwal,Swapnil Singh,0,0,,,,,,,,,
1280230,2021/22,2021-11-05,Gurugram Cricket Ground (SRNCC),1,8.3,Hyderabad (India),Uttarakhand,Himalay Agarwal,Tanmay Agarwal,Swapnil Singh,0,0,,,,,,caught,Himalay Agarwal,,
1280230,2021/22,2021-11-05,Gurugram Cricket Ground (SRNCC),1,8.4,Hyderabad (India),Uttarakhand,Rohit Rayudu,Tanmay Agarwal,Swapnil Singh,0,0,,,,,,,,,
1280230,2021/22,2021-11-05,Gurugram Cricket Ground (SRNCC),1,8.5,Hyderabad (India),Uttarakhand,Rohit Rayudu,Tanmay Agarwal,Swapnil Singh,1,0,,,,,,,,,
1280230,2021/22,2021-11-05,Gurugram Cricket Ground (SRNCC),1,8.6,Hyderabad (India),Uttarakhand,Tanmay Agarwal,Rohit Rayudu,Swapnil Singh,0,0,,,,,,,,,
1280230,2021/22,2021-11-05,Gurugram Cricket Ground (SRNCC),1,9.1,Hyderabad (India),Uttarakhand,Rohit Rayudu,Tanmay Agarwal,Dikshanshu Negi,0,0,,,,,,,,,
1280230,2021/22,2021-11-05,Gurugram Cricket Ground (SRNCC),1,9.2,Hyderabad (India),Uttarakhand,Rohit Rayudu,Tanmay Agarwal,Dikshanshu Negi,1,0,,,,,,,,,
1280230,2021/22,2021-11-05,Gurugram Cricket Ground (SRNCC),1,9.3,Hyderabad (India),Uttarakhand,Tanmay Agarwal,Rohit Rayudu,Dikshanshu Negi,2,0,,,,,,,,,
1280230,2021/22,2021-11-05,Gurugram Cricket Ground (SRNCC),1,9.4,Hyderabad (India),Uttarakhand,Tanmay Agarwal,Rohit Rayudu,Dikshanshu Negi,0,0,,,,,,,,,
1280230,2021/22,2021-11-05,Gurugram Cricket Ground (SRNCC),1,9.5,Hyderabad (India),Uttarakhand,Tanmay Agarwal,Rohit Rayudu,Dikshanshu Negi,0,0,,,,,,,,,
1280230,2021/22,2021-11-05,Gurugram Cricket Ground (SRNCC),1,9.6,Hyderabad (India),Uttarakhand,Tanmay Agarwal,Rohit Rayudu,Dikshanshu Negi,0,0,,,,,,,,,
1280230,2021/22,2021-11-05,Gurugram Cricket Ground (SRNCC),1,10.1,Hyderabad (India),Uttarakhand,Rohit Rayudu,Tanmay Agarwal,Jay Bista,0,0,,,,,,,,,
1280230,2021/22,2021-11-05,Gurugram Cricket Ground (SRNCC),1,10.2,Hyderabad (India),Uttarakhand,Rohit Rayudu,Tanmay Agarwal,Jay Bista,1,0,,,,,,,,,
1280230,2021/22,2021-11-05,Gurugram Cricket Ground (SRNCC),1,10.3,Hyderabad (India),Uttarakhand,Tanmay Agarwal,Rohit Rayudu,Jay Bista,1,0,,,,,,,,,
1280230,2021/22,2021-11-05,Gurugram Cricket Ground (SRNCC),1,10.4,Hyderabad (India),Uttarakhand,Rohit Rayudu,Tanmay Agarwal,Jay Bista,0,0,,,,,,,,,
1280230,2021/22,2021-11-05,Gurugram Cricket Ground (SRNCC),1,10.5,Hyderabad (India),Uttarakhand,Rohit Rayudu,Tanmay Agarwal,Jay Bista,1,0,,,,,,,,,
1280230,2021/22,2021-11-05,Gurugram Cricket Ground (SRNCC),1,10.6,Hyderabad (India),Uttarakhand,Tanmay Agarwal,Rohit Rayudu,Jay Bista,1,0,,,,,,,,,
1280230,2021/22,2021-11-05,Gurugram Cricket Ground (SRNCC),1,11.1,Hyderabad (India),Uttarakhand,Tanmay Agarwal,Rohit Rayudu,Dikshanshu Negi,0,0,,,,,,,,,
1280230,2021/22,2021-11-05,Gurugram Cricket Ground (SRNCC),1,11.2,Hyderabad (India),Uttarakhand,Tanmay Agarwal,Rohit Rayudu,Dikshanshu Negi,4,0,,,,,,,,,
1280230,2021/22,2021-11-05,Gurugram Cricket Ground (SRNCC),1,11.3,Hyderabad (India),Uttarakhand,Tanmay Agarwal,Rohit Rayudu,Dikshanshu Negi,0,0,,,,,,,,,
1280230,2021/22,2021-11-05,Gurugram Cricket Ground (SRNCC),1,11.4,Hyderabad (India),Uttarakhand,Tanmay Agarwal,Rohit Rayudu,Dikshanshu Negi,1,0,,,,,,,,,
1280230,2021/22,2021-11-05,Gurugram Cricket Ground (SRNCC),1,11.5,Hyderabad (India),Uttarakhand,Rohit Rayudu,Tanmay Agarwal,Dikshanshu Negi,0,0,,,,,,stumped,Rohit Rayudu,,
1280230,2021/22,2021-11-05,Gurugram Cricket Ground (SRNCC),1,11.6,Hyderabad (India),Uttarakhand,Kolla Sumanth,Tanmay Agarwal,Dikshanshu Negi,0,0,,,,,,,,,
1280230,2021/22,2021-11-05,Gurugram Cricket Ground (SRNCC),1,12.1,Hyderabad (India),Uttarakhand,Tanmay Agarwal,Kolla Sumanth,Swapnil Singh,1,0,,,,,,,,,
1280230,2021/22,2021-11-05,Gurugram Cricket Ground (SRNCC),1,12.2,Hyderabad (India),Uttarakhand,Kolla Sumanth,Tanmay Agarwal,Swapnil Singh,2,0,,,,,,,,,
1280230,2021/22,2021-11-05,Gurugram Cricket Ground (SRNCC),1,12.3,Hyderabad (India),Uttarakhand,Kolla Sumanth,Tanmay Agarwal,Swapnil Singh,1,0,,,,,,,,,
1280230,2021/22,2021-11-05,Gurugram Cricket Ground (SRNCC),1,12.4,Hyderabad (India),Uttarakhand,Tanmay Agarwal,Kolla Sumanth,Swapnil Singh,1,0,,,,,,,,,
1280230,2021/22,2021-11-05,Gurugram Cricket Ground (SRNCC),1,12.5,Hyderabad (India),Uttarakhand,Kolla Sumanth,Tanmay Agarwal,Swapnil Singh,1,0,,,,,,,,,
1280230,2021/22,2021-11-05,Gurugram Cricket Ground (SRNCC),1,12.6,Hyderabad (India),Uttarakhand,Tanmay Agarwal,Kolla Sumanth,Swapnil Singh,4,0,,,,,,,,,
1280230,2021/22,2021-11-05,Gurugram Cricket Ground (SRNCC),1,13.1,Hyderabad (India),Uttarakhand,Kolla Sumanth,Tanmay Agarwal,Mayank Mishra,0,4,,,,4,,,,,
1280230,2021/22,2021-11-05,Gurugram Cricket Ground (SRNCC),1,13.2,Hyderabad (India),Uttarakhand,Kolla Sumanth,Tanmay Agarwal,Mayank Mishra,1,0,,,,,,,,,
1280230,2021/22,2021-11-05,Gurugram Cricket Ground (SRNCC),1,13.3,Hyderabad (India),Uttarakhand,Tanmay Agarwal,Kolla Sumanth,Mayank Mishra,0,0,,,,,,,,,
1280230,2021/22,2021-11-05,Gurugram Cricket Ground (SRNCC),1,13.4,Hyderabad (India),Uttarakhand,Tanmay Agarwal,Kolla Sumanth,Mayank Mishra,0,1,,,,1,,,,,
1280230,2021/22,2021-11-05,Gurugram Cricket Ground (SRNCC),1,13.5,Hyderabad (India),Uttarakhand,Kolla Sumanth,Tanmay Agarwal,Mayank Mishra,1,0,,,,,,,,,
1280230,2021/22,2021-11-05,Gurugram Cricket Ground (SRNCC),1,13.6,Hyderabad (India),Uttarakhand,Tanmay Agarwal,Kolla Sumanth,Mayank Mishra,1,0,,,,,,,,,
1280230,2021/22,2021-11-05,Gurugram Cricket Ground (SRNCC),1,14.1,Hyderabad (India),Uttarakhand,Tanmay Agarwal,Kolla Sumanth,Swapnil Singh,6,0,,,,,,,,,
1280230,2021/22,2021-11-05,Gurugram Cricket Ground (SRNCC),1,14.2,Hyderabad (India),Uttarakhand,Tanmay Agarwal,Kolla Sumanth,Swapnil Singh,1,0,,,,,,,,,
1280230,2021/22,2021-11-05,Gurugram Cricket Ground (SRNCC),1,14.3,Hyderabad (India),Uttarakhand,Kolla Sumanth,Tanmay Agarwal,Swapnil Singh,1,0,,,,,,,,,
1280230,2021/22,2021-11-05,Gurugram Cricket Ground (SRNCC),1,14.4,Hyderabad (India),Uttarakhand,Tanmay Agarwal,Kolla Sumanth,Swapnil Singh,1,0,,,,,,,,,
1280230,2021/22,2021-11-05,Gurugram Cricket Ground (SRNCC),1,14.5,Hyderabad (India),Uttarakhand,Kolla Sumanth,Tanmay Agarwal,Swapnil Singh,0,0,,,,,,,,,
1280230,2021/22,2021-11-05,Gurugram Cricket Ground (SRNCC),1,14.6,Hyderabad (India),Uttarakhand,Kolla Sumanth,Tanmay Agarwal,Swapnil Singh,1,0,,,,,,,,,
1280230,2021/22,2021-11-05,Gurugram Cricket Ground (SRNCC),1,15.1,Hyderabad (India),Uttarakhand,Kolla Sumanth,Tanmay Agarwal,Mayank Mishra,1,0,,,,,,,,,
1280230,2021/22,2021-11-05,Gurugram Cricket Ground (SRNCC),1,15.2,Hyderabad (India),Uttarakhand,Tanmay Agarwal,Kolla Sumanth,Mayank Mishra,0,1,,,,1,,,,,
1280230,2021/22,2021-11-05,Gurugram Cricket Ground (SRNCC),1,15.3,Hyderabad (India),Uttarakhand,Kolla Sumanth,Tanmay Agarwal,Mayank Mishra,1,0,,,,,,,,,
1280230,2021/22,2021-11-05,Gurugram Cricket Ground (SRNCC),1,15.4,Hyderabad (India),Uttarakhand,Tanmay Agarwal,Kolla Sumanth,Mayank Mishra,1,0,,,,,,,,,
1280230,2021/22,2021-11-05,Gurugram Cricket Ground (SRNCC),1,15.5,Hyderabad (India),Uttarakhand,Kolla Sumanth,Tanmay Agarwal,Mayank Mishra,0,0,,,,,,caught,Kolla Sumanth,,
1280230,2021/22,2021-11-05,Gurugram Cricket Ground (SRNCC),1,15.6,Hyderabad (India),Uttarakhand,Rahul Buddhi,Tanmay Agarwal,Mayank Mishra,0,0,,,,,,,,,
1280230,2021/22,2021-11-05,Gurugram Cricket Ground (SRNCC),1,16.1,Hyderabad (India),Uttarakhand,Tanmay Agarwal,Rahul Buddhi,Akash Madhwal,1,0,,,,,,,,,
1280230,2021/22,2021-11-05,Gurugram Cricket Ground (SRNCC),1,16.2,Hyderabad (India),Uttarakhand,Rahul Buddhi,Tanmay Agarwal,Akash Madhwal,0,0,,,,,,,,,
1280230,2021/22,2021-11-05,Gurugram Cricket Ground (SRNCC),1,16.3,Hyderabad (India),Uttarakhand,Rahul Buddhi,Tanmay Agarwal,Akash Madhwal,1,0,,,,,,,,,
1280230,2021/22,2021-11-05,Gurugram Cricket Ground (SRNCC),1,16.4,Hyderabad (India),Uttarakhand,Tanmay Agarwal,Rahul Buddhi,Akash Madhwal,1,0,,,,,,,,,
1280230,2021/22,2021-11-05,Gurugram Cricket Ground (SRNCC),1,16.5,Hyderabad (India),Uttarakhand,Rahul Buddhi,Tanmay Agarwal,Akash Madhwal,1,0,,,,,,,,,
1280230,2021/22,2021-11-05,Gurugram Cricket Ground (SRNCC),1,16.6,Hyderabad (India),Uttarakhand,Tanmay Agarwal,Rahul Buddhi,Akash Madhwal,6,0,,,,,,,,,
1280230,2021/22,2021-11-05,Gurugram Cricket Ground (SRNCC),1,17.1,Hyderabad (India),Uttarakhand,Rahul Buddhi,Tanmay Agarwal,Mayank Mishra,4,0,,,,,,,,,
1280230,2021/22,2021-11-05,Gurugram Cricket Ground (SRNCC),1,17.2,Hyderabad (India),Uttarakhand,Rahul Buddhi,Tanmay Agarwal,Mayank Mishra,1,0,,,,,,,,,
1280230,2021/22,2021-11-05,Gurugram Cricket Ground (SRNCC),1,17.3,Hyderabad (India),Uttarakhand,Tanmay Agarwal,Rahul Buddhi,Mayank Mishra,1,0,,,,,,,,,
1280230,2021/22,2021-11-05,Gurugram Cricket Ground (SRNCC),1,17.4,Hyderabad (India),Uttarakhand,Rahul Buddhi,Tanmay Agarwal,Mayank Mishra,4,0,,,,,,,,,
1280230,2021/22,2021-11-05,Gurugram Cricket Ground (SRNCC),1,17.5,Hyderabad (India),Uttarakhand,Rahul Buddhi,Tanmay Agarwal,Mayank Mishra,4,0,,,,,,,,,
1280230,2021/22,2021-11-05,Gurugram Cricket Ground (SRNCC),1,17.6,Hyderabad (India),Uttarakhand,Rahul Buddhi,Tanmay Agarwal,Mayank Mishra,6,0,,,,,,,,,
1280230,2021/22,2021-11-05,Gurugram Cricket Ground (SRNCC),1,18.1,Hyderabad (India),Uttarakhand,Tanmay Agarwal,Rahul Buddhi,Akash Madhwal,1,0,,,,,,,,,
1280230,2021/22,2021-11-05,Gurugram Cricket Ground (SRNCC),1,18.2,Hyderabad (India),Uttarakhand,Rahul Buddhi,Tanmay Agarwal,Akash Madhwal,0,0,,,,,,,,,
1280230,2021/22,2021-11-05,Gurugram Cricket Ground (SRNCC),1,18.3,Hyderabad (India),Uttarakhand,Rahul Buddhi,Tanmay Agarwal,Akash Madhwal,1,0,,,,,,,,,
1280230,2021/22,2021-11-05,Gurugram Cricket Ground (SRNCC),1,18.4,Hyderabad (India),Uttarakhand,Tanmay Agarwal,Rahul Buddhi,Akash Madhwal,1,0,,,,,,,,,
1280230,2021/22,2021-11-05,Gurugram Cricket Ground (SRNCC),1,18.5,Hyderabad (India),Uttarakhand,Rahul Buddhi,Tanmay Agarwal,Akash Madhwal,1,0,,,,,,,,,
1280230,2021/22,2021-11-05,Gurugram Cricket Ground (SRNCC),1,18.6,Hyderabad (India),Uttarakhand,Tanmay Agarwal,Rahul Buddhi,Akash Madhwal,0,1,1,,,,,,,,
1280230,2021/22,2021-11-05,Gurugram Cricket Ground (SRNCC),1,18.7,Hyderabad (India),Uttarakhand,Tanmay Agarwal,Rahul Buddhi,Akash Madhwal,6,0,,,,,,,,,
1280230,2021/22,2021-11-05,Gurugram Cricket Ground (SRNCC),1,19.1,Hyderabad (India),Uttarakhand,Rahul Buddhi,Tanmay Agarwal,Nikhil Kohli,1,0,,,,,,,,,
1280230,2021/22,2021-11-05,Gurugram Cricket Ground (SRNCC),1,19.2,Hyderabad (India),Uttarakhand,Tanmay Agarwal,Rahul Buddhi,Nikhil Kohli,4,0,,,,,,,,,
1280230,2021/22,2021-11-05,Gurugram Cricket Ground (SRNCC),1,19.3,Hyderabad (India),Uttarakhand,Tanmay Agarwal,Rahul Buddhi,Nikhil Kohli,6,0,,,,,,,,,
1280230,2021/22,2021-11-05,Gurugram Cricket Ground (SRNCC),1,19.4,Hyderabad (India),Uttarakhand,Tanmay Agarwal,Rahul Buddhi,Nikhil Kohli,0,0,,,,,,,,,
1280230,2021/22,2021-11-05,Gurugram Cricket Ground (SRNCC),1,19.5,Hyderabad (India),Uttarakhand,Tanmay Agarwal,Rahul Buddhi,Nikhil Kohli,2,0,,,,,,,,,
1280230,2021/22,2021-11-05,Gurugram Cricket Ground (SRNCC),1,19.6,Hyderabad (India),Uttarakhand,Tanmay Agarwal,Rahul Buddhi,Nikhil Kohli,6,0,,,,,,,,,
1280230,2021/22,2021-11-05,Gurugram Cricket Ground (SRNCC),2,0.1,Uttarakhand,Hyderabad (India),Jay Bista,Saurabh Rawat,Rakshan Readdi,0,0,,,,,,,,,
1280230,2021/22,2021-11-05,Gurugram Cricket Ground (SRNCC),2,0.2,Uttarakhand,Hyderabad (India),Jay Bista,Saurabh Rawat,Rakshan Readdi,4,0,,,,,,,,,
1280230,2021/22,2021-11-05,Gurugram Cricket Ground (SRNCC),2,0.3,Uttarakhand,Hyderabad (India),Jay Bista,Saurabh Rawat,Rakshan Readdi,0,0,,,,,,,,,
1280230,2021/22,2021-11-05,Gurugram Cricket Ground (SRNCC),2,0.4,Uttarakhand,Hyderabad (India),Jay Bista,Saurabh Rawat,Rakshan Readdi,1,0,,,,,,,,,
1280230,2021/22,2021-11-05,Gurugram Cricket Ground (SRNCC),2,0.5,Uttarakhand,Hyderabad (India),Saurabh Rawat,Jay Bista,Rakshan Readdi,0,1,,,,1,,,,,
1280230,2021/22,2021-11-05,Gurugram Cricket Ground (SRNCC),2,0.6,Uttarakhand,Hyderabad (India),Jay Bista,Saurabh Rawat,Rakshan Readdi,4,0,,,,,,,,,
1280230,2021/22,2021-11-05,Gurugram Cricket Ground (SRNCC),2,1.1,Uttarakhand,Hyderabad (India),Saurabh Rawat,Jay Bista,Mohammed Siraj,0,0,,,,,,,,,
1280230,2021/22,2021-11-05,Gurugram Cricket Ground (SRNCC),2,1.2,Uttarakhand,Hyderabad (India),Saurabh Rawat,Jay Bista,Mohammed Siraj,0,0,,,,,,,,,
1280230,2021/22,2021-11-05,Gurugram Cricket Ground (SRNCC),2,1.3,Uttarakhand,Hyderabad (India),Saurabh Rawat,Jay Bista,Mohammed Siraj,0,0,,,,,,,,,
1280230,2021/22,2021-11-05,Gurugram Cricket Ground (SRNCC),2,1.4,Uttarakhand,Hyderabad (India),Saurabh Rawat,Jay Bista,Mohammed Siraj,0,0,,,,,,,,,
1280230,2021/22,2021-11-05,Gurugram Cricket Ground (SRNCC),2,1.5,Uttarakhand,Hyderabad (India),Saurabh Rawat,Jay Bista,Mohammed Siraj,1,0,,,,,,,,,
1280230,2021/22,2021-11-05,Gurugram Cricket Ground (SRNCC),2,1.6,Uttarakhand,Hyderabad (India),Jay Bista,Saurabh Rawat,Mohammed Siraj,1,0,,,,,,,,,
1280230,2021/22,2021-11-05,Gurugram Cricket Ground (SRNCC),2,2.1,Uttarakhand,Hyderabad (India),Jay Bista,Saurabh Rawat,Rakshan Readdi,0,0,,,,,,,,,
1280230,2021/22,2021-11-05,Gurugram Cricket Ground (SRNCC),2,2.2,Uttarakhand,Hyderabad (India),Jay Bista,Saurabh Rawat,Rakshan Readdi,0,0,,,,,,,,,
1280230,2021/22,2021-11-05,Gurugram Cricket Ground (SRNCC),2,2.3,Uttarakhand,Hyderabad (India),Jay Bista,Saurabh Rawat,Rakshan Readdi,1,0,,,,,,,,,
1280230,2021/22,2021-11-05,Gurugram Cricket Ground (SRNCC),2,2.4,Uttarakhand,Hyderabad (India),Saurabh Rawat,Jay Bista,Rakshan Readdi,0,0,,,,,,,,,
1280230,2021/22,2021-11-05,Gurugram Cricket Ground (SRNCC),2,2.5,Uttarakhand,Hyderabad (India),Saurabh Rawat,Jay Bista,Rakshan Readdi,1,0,,,,,,,,,
1280230,2021/22,2021-11-05,Gurugram Cricket Ground (SRNCC),2,2.6,Uttarakhand,Hyderabad (India),Jay Bista,Saurabh Rawat,Rakshan Readdi,1,0,,,,,,,,,
1280230,2021/22,2021-11-05,Gurugram Cricket Ground (SRNCC),2,3.1,Uttarakhand,Hyderabad (India),Jay Bista,Saurabh Rawat,Mohammed Siraj,1,0,,,,,,,,,
1280230,2021/22,2021-11-05,Gurugram Cricket Ground (SRNCC),2,3.2,Uttarakhand,Hyderabad (India),Saurabh Rawat,Jay Bista,Mohammed Siraj,1,0,,,,,,,,,
1280230,2021/22,2021-11-05,Gurugram Cricket Ground (SRNCC),2,3.3,Uttarakhand,Hyderabad (India),Jay Bista,Saurabh Rawat,Mohammed Siraj,1,0,,,,,,,,,
1280230,2021/22,2021-11-05,Gurugram Cricket Ground (SRNCC),2,3.4,Uttarakhand,Hyderabad (India),Saurabh Rawat,Jay Bista,Mohammed Siraj,1,0,,,,,,,,,
1280230,2021/22,2021-11-05,Gurugram Cricket Ground (SRNCC),2,3.5,Uttarakhand,Hyderabad (India),Jay Bista,Saurabh Rawat,Mohammed Siraj,1,0,,,,,,,,,
1280230,2021/22,2021-11-05,Gurugram Cricket Ground (SRNCC),2,3.6,Uttarakhand,Hyderabad (India),Saurabh Rawat,Jay Bista,Mohammed Siraj,0,0,,,,,,,,,
1280230,2021/22,2021-11-05,Gurugram Cricket Ground (SRNCC),2,4.1,Uttarakhand,Hyderabad (India),Jay Bista,Saurabh Rawat,CV Milind,0,0,,,,,,caught,Jay Bista,,
1280230,2021/22,2021-11-05,Gurugram Cricket Ground (SRNCC),2,4.2,Uttarakhand,Hyderabad (India),Kunal Chandela,Saurabh Rawat,CV Milind,0,0,,,,,,,,,
1280230,2021/22,2021-11-05,Gurugram Cricket Ground (SRNCC),2,4.3,Uttarakhand,Hyderabad (India),Kunal Chandela,Saurabh Rawat,CV Milind,0,0,,,,,,,,,
1280230,2021/22,2021-11-05,Gurugram Cricket Ground (SRNCC),2,4.4,Uttarakhand,Hyderabad (India),Kunal Chandela,Saurabh Rawat,CV Milind,4,0,,,,,,,,,
1280230,2021/22,2021-11-05,Gurugram Cricket Ground (SRNCC),2,4.5,Uttarakhand,Hyderabad (India),Kunal Chandela,Saurabh Rawat,CV Milind,0,0,,,,,,,,,
1280230,2021/22,2021-11-05,Gurugram Cricket Ground (SRNCC),2,4.6,Uttarakhand,Hyderabad (India),Kunal Chandela,Saurabh Rawat,CV Milind,0,0,,,,,,caught,Kunal Chandela,,
1280230,2021/22,2021-11-05,Gurugram Cricket Ground (SRNCC),2,5.1,Uttarakhand,Hyderabad (India),Saurabh Rawat,Robin Bist,Rakshan Readdi,4,0,,,,,,,,,
1280230,2021/22,2021-11-05,Gurugram Cricket Ground (SRNCC),2,5.2,Uttarakhand,Hyderabad (India),Saurabh Rawat,Robin Bist,Rakshan Readdi,1,0,,,,,,,,,
1280230,2021/22,2021-11-05,Gurugram Cricket Ground (SRNCC),2,5.3,Uttarakhand,Hyderabad (India),Robin Bist,Saurabh Rawat,Rakshan Readdi,1,0,,,,,,,,,
1280230,2021/22,2021-11-05,Gurugram Cricket Ground (SRNCC),2,5.4,Uttarakhand,Hyderabad (India),Saurabh Rawat,Robin Bist,Rakshan Readdi,1,0,,,,,,,,,
1280230,2021/22,2021-11-05,Gurugram Cricket Ground (SRNCC),2,5.5,Uttarakhand,Hyderabad (India),Robin Bist,Saurabh Rawat,Rakshan Readdi,1,0,,,,,,,,,
1280230,2021/22,2021-11-05,Gurugram Cricket Ground (SRNCC),2,5.6,Uttarakhand,Hyderabad (India),Saurabh Rawat,Robin Bist,Rakshan Readdi,1,0,,,,,,,,,
1280230,2021/22,2021-11-05,Gurugram Cricket Ground (SRNCC),2,6.1,Uttarakhand,Hyderabad (India),Saurabh Rawat,Robin Bist,Tanay Thyagarajan,0,0,,,,,,,,,
1280230,2021/22,2021-11-05,Gurugram Cricket Ground (SRNCC),2,6.2,Uttarakhand,Hyderabad (India),Saurabh Rawat,Robin Bist,Tanay Thyagarajan,0,0,,,,,,,,,
1280230,2021/22,2021-11-05,Gurugram Cricket Ground (SRNCC),2,6.3,Uttarakhand,Hyderabad (India),Saurabh Rawat,Robin Bist,Tanay Thyagarajan,1,0,,,,,,,,,
1280230,2021/22,2021-11-05,Gurugram Cricket Ground (SRNCC),2,6.4,Uttarakhand,Hyderabad (India),Robin Bist,Saurabh Rawat,Tanay Thyagarajan,0,0,,,,,,,,,
1280230,2021/22,2021-11-05,Gurugram Cricket Ground (SRNCC),2,6.5,Uttarakhand,Hyderabad (India),Robin Bist,Saurabh Rawat,Tanay Thyagarajan,1,0,,,,,,,,,
1280230,2021/22,2021-11-05,Gurugram Cricket Ground (SRNCC),2,6.6,Uttarakhand,Hyderabad (India),Saurabh Rawat,Robin Bist,Tanay Thyagarajan,1,0,,,,,,,,,
1280230,2021/22,2021-11-05,Gurugram Cricket Ground (SRNCC),2,7.1,Uttarakhand,Hyderabad (India),Saurabh Rawat,Robin Bist,GH Vihari,4,0,,,,,,,,,
1280230,2021/22,2021-11-05,Gurugram Cricket Ground (SRNCC),2,7.2,Uttarakhand,Hyderabad (India),Saurabh Rawat,Robin Bist,GH Vihari,1,0,,,,,,,,,
1280230,2021/22,2021-11-05,Gurugram Cricket Ground (SRNCC),2,7.3,Uttarakhand,Hyderabad (India),Robin Bist,Saurabh Rawat,GH Vihari,1,0,,,,,,,,,
1280230,2021/22,2021-11-05,Gurugram Cricket Ground (SRNCC),2,7.4,Uttarakhand,Hyderabad (India),Saurabh Rawat,Robin Bist,GH Vihari,0,0,,,,,,caught and bowled,Saurabh Rawat,,
1280230,2021/22,2021-11-05,Gurugram Cricket Ground (SRNCC),2,7.5,Uttarakhand,Hyderabad (India),Dikshanshu Negi,Robin Bist,GH Vihari,1,0,,,,,,,,,
1280230,2021/22,2021-11-05,Gurugram Cricket Ground (SRNCC),2,7.6,Uttarakhand,Hyderabad (India),Robin Bist,Dikshanshu Negi,GH Vihari,1,0,,,,,,,,,
1280230,2021/22,2021-11-05,Gurugram Cricket Ground (SRNCC),2,8.1,Uttarakhand,Hyderabad (India),Robin Bist,Dikshanshu Negi,Tanay Thyagarajan,0,0,,,,,,,,,
1280230,2021/22,2021-11-05,Gurugram Cricket Ground (SRNCC),2,8.2,Uttarakhand,Hyderabad (India),Robin Bist,Dikshanshu Negi,Tanay Thyagarajan,1,0,,,,,,,,,
1280230,2021/22,2021-11-05,Gurugram Cricket Ground (SRNCC),2,8.3,Uttarakhand,Hyderabad (India),Dikshanshu Negi,Robin Bist,Tanay Thyagarajan,0,0,,,,,,,,,
1280230,2021/22,2021-11-05,Gurugram Cricket Ground (SRNCC),2,8.4,Uttarakhand,Hyderabad (India),Dikshanshu Negi,Robin Bist,Tanay Thyagarajan,1,0,,,,,,,,,
1280230,2021/22,2021-11-05,Gurugram Cricket Ground (SRNCC),2,8.5,Uttarakhand,Hyderabad (India),Robin Bist,Dikshanshu Negi,Tanay Thyagarajan,1,0,,,,,,,,,
1280230,2021/22,2021-11-05,Gurugram Cricket Ground (SRNCC),2,8.6,Uttarakhand,Hyderabad (India),Dikshanshu Negi,Robin Bist,Tanay Thyagarajan,6,0,,,,,,,,,
1280230,2021/22,2021-11-05,Gurugram Cricket Ground (SRNCC),2,9.1,Uttarakhand,Hyderabad (India),Robin Bist,Dikshanshu Negi,GH Vihari,0,0,,,,,,,,,
1280230,2021/22,2021-11-05,Gurugram Cricket Ground (SRNCC),2,9.2,Uttarakhand,Hyderabad (India),Robin Bist,Dikshanshu Negi,GH Vihari,4,0,,,,,,,,,
1280230,2021/22,2021-11-05,Gurugram Cricket Ground (SRNCC),2,9.3,Uttarakhand,Hyderabad (India),Robin Bist,Dikshanshu Negi,GH Vihari,2,0,,,,,,,,,
1280230,2021/22,2021-11-05,Gurugram Cricket Ground (SRNCC),2,9.4,Uttarakhand,Hyderabad (India),Robin Bist,Dikshanshu Negi,GH Vihari,0,0,,,,,,,,,
1280230,2021/22,2021-11-05,Gurugram Cricket Ground (SRNCC),2,9.5,Uttarakhand,Hyderabad (India),Robin Bist,Dikshanshu Negi,GH Vihari,1,0,,,,,,,,,
1280230,2021/22,2021-11-05,Gurugram Cricket Ground (SRNCC),2,9.6,Uttarakhand,Hyderabad (India),Dikshanshu Negi,Robin Bist,GH Vihari,0,0,,,,,,,,,
1280230,2021/22,2021-11-05,Gurugram Cricket Ground (SRNCC),2,10.1,Uttarakhand,Hyderabad (India),Robin Bist,Dikshanshu Negi,Tanay Thyagarajan,0,0,,,,,,bowled,Robin Bist,,
1280230,2021/22,2021-11-05,Gurugram Cricket Ground (SRNCC),2,10.2,Uttarakhand,Hyderabad (India),Swapnil Singh,Dikshanshu Negi,Tanay Thyagarajan,0,0,,,,,,,,,
1280230,2021/22,2021-11-05,Gurugram Cricket Ground (SRNCC),2,10.3,Uttarakhand,Hyderabad (India),Swapnil Singh,Dikshanshu Negi,Tanay Thyagarajan,0,0,,,,,,,,,
1280230,2021/22,2021-11-05,Gurugram Cricket Ground (SRNCC),2,10.4,Uttarakhand,Hyderabad (India),Swapnil Singh,Dikshanshu Negi,Tanay Thyagarajan,0,0,,,,,,,,,
1280230,2021/22,2021-11-05,Gurugram Cricket Ground (SRNCC),2,10.5,Uttarakhand,Hyderabad (India),Swapnil Singh,Dikshanshu Negi,Tanay Thyagarajan,0,0,,,,,,,,,
1280230,2021/22,2021-11-05,Gurugram Cricket Ground (SRNCC),2,10.6,Uttarakhand,Hyderabad (India),Swapnil Singh,Dikshanshu Negi,Tanay Thyagarajan,1,0,,,,,,,,,
1280230,2021/22,2021-11-05,Gurugram Cricket Ground (SRNCC),2,11.1,Uttarakhand,Hyderabad (India),Swapnil Singh,Dikshanshu Negi,GH Vihari,1,0,,,,,,,,,
1280230,2021/22,2021-11-05,Gurugram Cricket Ground (SRNCC),2,11.2,Uttarakhand,Hyderabad (India),Dikshanshu Negi,Swapnil Singh,GH Vihari,1,0,,,,,,,,,
1280230,2021/22,2021-11-05,Gurugram Cricket Ground (SRNCC),2,11.3,Uttarakhand,Hyderabad (India),Swapnil Singh,Dikshanshu Negi,GH Vihari,1,0,,,,,,,,,
1280230,2021/22,2021-11-05,Gurugram Cricket Ground (SRNCC),2,11.4,Uttarakhand,Hyderabad (India),Dikshanshu Negi,Swapnil Singh,GH Vihari,4,0,,,,,,,,,
1280230,2021/22,2021-11-05,Gurugram Cricket Ground (SRNCC),2,11.5,Uttarakhand,Hyderabad (India),Dikshanshu Negi,Swapnil Singh,GH Vihari,2,0,,,,,,,,,
1280230,2021/22,2021-11-05,Gurugram Cricket Ground (SRNCC),2,11.6,Uttarakhand,Hyderabad (India),Dikshanshu Negi,Swapnil Singh,GH Vihari,1,0,,,,,,,,,
1280230,2021/22,2021-11-05,Gurugram Cricket Ground (SRNCC),2,12.1,Uttarakhand,Hyderabad (India),Dikshanshu Negi,Swapnil Singh,CV Milind,1,0,,,,,,,,,
1280230,2021/22,2021-11-05,Gurugram Cricket Ground (SRNCC),2,12.2,Uttarakhand,Hyderabad (India),Swapnil Singh,Dikshanshu Negi,CV Milind,0,0,,,,,,,,,
1280230,2021/22,2021-11-05,Gurugram Cricket Ground (SRNCC),2,12.3,Uttarakhand,Hyderabad (India),Swapnil Singh,Dikshanshu Negi,CV Milind,0,0,,,,,,,,,
1280230,2021/22,2021-11-05,Gurugram Cricket Ground (SRNCC),2,12.4,Uttarakhand,Hyderabad (India),Swapnil Singh,Dikshanshu Negi,CV Milind,0,0,,,,,,,,,
1280230,2021/22,2021-11-05,Gurugram Cricket Ground (SRNCC),2,12.5,Uttarakhand,Hyderabad (India),Swapnil Singh,Dikshanshu Negi,CV Milind,4,0,,,,,,,,,
1280230,2021/22,2021-11-05,Gurugram Cricket Ground (SRNCC),2,12.6,Uttarakhand,Hyderabad (India),Swapnil Singh,Dikshanshu Negi,CV Milind,1,0,,,,,,,,,
1280230,2021/22,2021-11-05,Gurugram Cricket Ground (SRNCC),2,13.1,Uttarakhand,Hyderabad (India),Swapnil Singh,Dikshanshu Negi,Rohit Rayudu,1,0,,,,,,,,,
1280230,2021/22,2021-11-05,Gurugram Cricket Ground (SRNCC),2,13.2,Uttarakhand,Hyderabad (India),Dikshanshu Negi,Swapnil Singh,Rohit Rayudu,1,0,,,,,,,,,
1280230,2021/22,2021-11-05,Gurugram Cricket Ground (SRNCC),2,13.3,Uttarakhand,Hyderabad (India),Swapnil Singh,Dikshanshu Negi,Rohit Rayudu,0,0,,,,,,,,,
1280230,2021/22,2021-11-05,Gurugram Cricket Ground (SRNCC),2,13.4,Uttarakhand,Hyderabad (India),Swapnil Singh,Dikshanshu Negi,Rohit Rayudu,1,0,,,,,,,,,
1280230,2021/22,2021-11-05,Gurugram Cricket Ground (SRNCC),2,13.5,Uttarakhand,Hyderabad (India),Dikshanshu Negi,Swapnil Singh,Rohit Rayudu,0,0,,,,,,caught,Dikshanshu Negi,,
1280230,2021/22,2021-11-05,Gurugram Cricket Ground (SRNCC),2,13.6,Uttarakhand,Hyderabad (India),Vijay Jethi,Swapnil Singh,Rohit Rayudu,4,0,,,,,,,,,
1280230,2021/22,2021-11-05,Gurugram Cricket Ground (SRNCC),2,14.1,Uttarakhand,Hyderabad (India),Swapnil Singh,Vijay Jethi,Tanay Thyagarajan,1,0,,,,,,,,,
1280230,2021/22,2021-11-05,Gurugram Cricket Ground (SRNCC),2,14.2,Uttarakhand,Hyderabad (India),Vijay Jethi,Swapnil Singh,Tanay Thyagarajan,0,0,,,,,,,,,
1280230,2021/22,2021-11-05,Gurugram Cricket Ground (SRNCC),2,14.3,Uttarakhand,Hyderabad (India),Vijay Jethi,Swapnil Singh,Tanay Thyagarajan,1,0,,,,,,,,,
1280230,2021/22,2021-11-05,Gurugram Cricket Ground (SRNCC),2,14.4,Uttarakhand,Hyderabad (India),Swapnil Singh,Vijay Jethi,Tanay Thyagarajan,1,0,,,,,,,,,
1280230,2021/22,2021-11-05,Gurugram Cricket Ground (SRNCC),2,14.5,Uttarakhand,Hyderabad (India),Vijay Jethi,Swapnil Singh,Tanay Thyagarajan,4,0,,,,,,,,,
1280230,2021/22,2021-11-05,Gurugram Cricket Ground (SRNCC),2,14.6,Uttarakhand,Hyderabad (India),Vijay Jethi,Swapnil Singh,Tanay Thyagarajan,0,0,,,,,,,,,
1280230,2021/22,2021-11-05,Gurugram Cricket Ground (SRNCC),2,15.1,Uttarakhand,Hyderabad (India),Swapnil Singh,Vijay Jethi,Rakshan Readdi,0,2,,,,2,,,,,
1280230,2021/22,2021-11-05,Gurugram Cricket Ground (SRNCC),2,15.2,Uttarakhand,Hyderabad (India),Swapnil Singh,Vijay Jethi,Rakshan Readdi,0,0,,,,,,caught,Swapnil Singh,,
1280230,2021/22,2021-11-05,Gurugram Cricket Ground (SRNCC),2,15.3,Uttarakhand,Hyderabad (India),Vijay Jethi,Md Nazim,Rakshan Readdi,1,0,,,,,,,,,
1280230,2021/22,2021-11-05,Gurugram Cricket Ground (SRNCC),2,15.4,Uttarakhand,Hyderabad (India),Md Nazim,Vijay Jethi,Rakshan Readdi,1,0,,,,,,,,,
1280230,2021/22,2021-11-05,Gurugram Cricket Ground (SRNCC),2,15.5,Uttarakhand,Hyderabad (India),Vijay Jethi,Md Nazim,Rakshan Readdi,1,0,,,,,,,,,
1280230,2021/22,2021-11-05,Gurugram Cricket Ground (SRNCC),2,15.6,Uttarakhand,Hyderabad (India),Md Nazim,Vijay Jethi,Rakshan Readdi,1,0,,,,,,,,,
1280230,2021/22,2021-11-05,Gurugram Cricket Ground (SRNCC),2,16.1,Uttarakhand,Hyderabad (India),Md Nazim,Vijay Jethi,CV Milind,0,0,,,,,,caught,Md Nazim,,
1280230,2021/22,2021-11-05,Gurugram Cricket Ground (SRNCC),2,16.2,Uttarakhand,Hyderabad (India),Vijay Jethi,Mayank Mishra,CV Milind,0,0,,,,,,,,,
1280230,2021/22,2021-11-05,Gurugram Cricket Ground (SRNCC),2,16.3,Uttarakhand,Hyderabad (India),Vijay Jethi,Mayank Mishra,CV Milind,0,0,,,,,,,,,
1280230,2021/22,2021-11-05,Gurugram Cricket Ground (SRNCC),2,16.4,Uttarakhand,Hyderabad (India),Vijay Jethi,Mayank Mishra,CV Milind,0,0,,,,,,,,,
1280230,2021/22,2021-11-05,Gurugram Cricket Ground (SRNCC),2,16.5,Uttarakhand,Hyderabad (India),Vijay Jethi,Mayank Mishra,CV Milind,1,0,,,,,,,,,
1280230,2021/22,2021-11-05,Gurugram Cricket Ground (SRNCC),2,16.6,Uttarakhand,Hyderabad (India),Mayank Mishra,Vijay Jethi,CV Milind,0,0,,,,,,bowled,Mayank Mishra,,
1280230,2021/22,2021-11-05,Gurugram Cricket Ground (SRNCC),2,17.1,Uttarakhand,Hyderabad (India),Vijay Jethi,Nikhil Kohli,Mohammed Siraj,1,0,,,,,,,,,
1280230,2021/22,2021-11-05,Gurugram Cricket Ground (SRNCC),2,17.2,Uttarakhand,Hyderabad (India),Nikhil Kohli,Vijay Jethi,Mohammed Siraj,0,1,,,1,,,,,,
1280230,2021/22,2021-11-05,Gurugram Cricket Ground (SRNCC),2,17.3,Uttarakhand,Hyderabad (India),Vijay Jethi,Nikhil Kohli,Mohammed Siraj,1,0,,,,,,,,,
1280230,2021/22,2021-11-05,Gurugram Cricket Ground (SRNCC),2,17.4,Uttarakhand,Hyderabad (India),Nikhil Kohli,Vijay Jethi,Mohammed Siraj,0,0,,,,,,,,,
1280230,2021/22,2021-11-05,Gurugram Cricket Ground (SRNCC),2,17.5,Uttarakhand,Hyderabad (India),Nikhil Kohli,Vijay Jethi,Mohammed Siraj,0,0,,,,,,,,,
1280230,2021/22,2021-11-05,Gurugram Cricket Ground (SRNCC),2,17.6,Uttarakhand,Hyderabad (India),Nikhil Kohli,Vijay Jethi,Mohammed Siraj,0,0,,,,,,caught,Nikhil Kohli,,
1280230,2021/22,2021-11-05,Gurugram Cricket Ground (SRNCC),2,18.1,Uttarakhand,Hyderabad (India),Akash Madhwal,Vijay Jethi,CV Milind,1,0,,,,,,,,,
1280230,2021/22,2021-11-05,Gurugram Cricket Ground (SRNCC),2,18.2,Uttarakhand,Hyderabad (India),Vijay Jethi,Akash Madhwal,CV Milind,4,0,,,,,,,,,
1280230,2021/22,2021-11-05,Gurugram Cricket Ground (SRNCC),2,18.3,Uttarakhand,Hyderabad (India),Vijay Jethi,Akash Madhwal,CV Milind,0,0,,,,,,caught,Vijay Jethi,,
