match_id,season,start_date,venue,innings,ball,batting_team,bowling_team,striker,non_striker,bowler,runs_off_bat,extras,wides,noballs,byes,legbyes,penalty,wicket_type,player_dismissed,other_wicket_type,other_player_dismissed
1280276,2021/22,2021-11-09,Bharat Ratna Shri Atal Bihari Vajpayee Ekana Cricket Stadium B,1,0.1,Punjab,Tamil Nadu,Shubman Gill,P Simran Singh,S Sandeep Warrier,4,0,,,,,,,,,
1280276,2021/22,2021-11-09,Bharat Ratna Shri Atal Bihari Vajpayee Ekana Cricket Stadium B,1,0.2,Punjab,Tamil Nadu,Shubman Gill,P Simran Singh,S Sandeep Warrier,1,0,,,,,,,,,
1280276,2021/22,2021-11-09,Bharat Ratna Shri Atal Bihari Vajpayee Ekana Cricket Stadium B,1,0.3,Punjab,Tamil Nadu,P Simran Singh,Shubman Gill,S Sandeep Warrier,0,0,,,,,,,,,
1280276,2021/22,2021-11-09,Bharat Ratna Shri Atal Bihari Vajpayee Ekana Cricket Stadium B,1,0.4,Punjab,Tamil Nadu,P Simran Singh,Shubman Gill,S Sandeep Warrier,1,0,,,,,,,,,
1280276,2021/22,2021-11-09,Bharat Ratna Shri Atal Bihari Vajpayee Ekana Cricket Stadium B,1,0.5,Punjab,Tamil Nadu,Shubman Gill,P Simran Singh,S Sandeep Warrier,1,0,,,,,,,,,
1280276,2021/22,2021-11-09,Bharat Ratna Shri Atal Bihari Vajpayee Ekana Cricket Stadium B,1,0.6,Punjab,Tamil Nadu,P Simran Singh,Shubman Gill,S Sandeep Warrier,1,0,,,,,,,,,
1280276,2021/22,2021-11-09,Bharat Ratna Shri Atal Bihari Vajpayee Ekana Cricket Stadium B,1,1.1,Punjab,Tamil Nadu,P Simran Singh,Shubman Gill,R Sai Kishore,0,0,,,,,,,,,
1280276,2021/22,2021-11-09,Bharat Ratna Shri Atal Bihari Vajpayee Ekana Cricket Stadium B,1,1.2,Punjab,Tamil Nadu,P Simran Singh,Shubman Gill,R Sai Kishore,1,0,,,,,,,,,
1280276,2021/22,2021-11-09,Bharat Ratna Shri Atal Bihari Vajpayee Ekana Cricket Stadium B,1,1.3,Punjab,Tamil Nadu,Shubman Gill,P Simran Singh,R Sai Kishore,1,0,,,,,,,,,
1280276,2021/22,2021-11-09,Bharat Ratna Shri Atal Bihari Vajpayee Ekana Cricket Stadium B,1,1.4,Punjab,Tamil Nadu,P Simran Singh,Shubman Gill,R Sai Kishore,1,0,,,,,,,,,
1280276,2021/22,2021-11-09,Bharat Ratna Shri Atal Bihari Vajpayee Ekana Cricket Stadium B,1,1.5,Punjab,Tamil Nadu,Shubman Gill,P Simran Singh,R Sai Kishore,0,0,,,,,,,,,
1280276,2021/22,2021-11-09,Bharat Ratna Shri Atal Bihari Vajpayee Ekana Cricket Stadium B,1,1.6,Punjab,Tamil Nadu,Shubman Gill,P Simran Singh,R Sai Kishore,0,0,,,,,,,,,
1280276,2021/22,2021-11-09,Bharat Ratna Shri Atal Bihari Vajpayee Ekana Cricket Stadium B,1,2.1,Punjab,Tamil Nadu,P Simran Singh,Shubman Gill,S Sandeep Warrier,4,0,,,,,,,,,
1280276,2021/22,2021-11-09,Bharat Ratna Shri Atal Bihari Vajpayee Ekana Cricket Stadium B,1,2.2,Punjab,Tamil Nadu,P Simran Singh,Shubman Gill,S Sandeep Warrier,0,0,,,,,,,,,
1280276,2021/22,2021-11-09,Bharat Ratna Shri Atal Bihari Vajpayee Ekana Cricket Stadium B,1,2.3,Punjab,Tamil Nadu,P Simran Singh,Shubman Gill,S Sandeep Warrier,1,0,,,,,,,,,
1280276,2021/22,2021-11-09,Bharat Ratna Shri Atal Bihari Vajpayee Ekana Cricket Stadium B,1,2.4,Punjab,Tamil Nadu,Shubman Gill,P Simran Singh,S Sandeep Warrier,1,0,,,,,,,,,
1280276,2021/22,2021-11-09,Bharat Ratna Shri Atal Bihari Vajpayee Ekana Cricket Stadium B,1,2.5,Punjab,Tamil Nadu,P Simran Singh,Shubman Gill,S Sandeep Warrier,0,0,,,,,,,,,
1280276,2021/22,2021-11-09,Bharat Ratna Shri Atal Bihari Vajpayee Ekana Cricket Stadium B,1,2.6,Punjab,Tamil Nadu,P Simran Singh,Shubman Gill,S Sandeep Warrier,0,0,,,,,,,,,
1280276,2021/22,2021-11-09,Bharat Ratna Shri Atal Bihari Vajpayee Ekana Cricket Stadium B,1,3.1,Punjab,Tamil Nadu,Shubman Gill,P Simran Singh,R Sai Kishore,0,0,,,,,,,,,
1280276,2021/22,2021-11-09,Bharat Ratna Shri Atal Bihari Vajpayee Ekana Cricket Stadium B,1,3.2,Punjab,Tamil Nadu,Shubman Gill,P Simran Singh,R Sai Kishore,0,0,,,,,,,,,
1280276,2021/22,2021-11-09,Bharat Ratna Shri Atal Bihari Vajpayee Ekana Cricket Stadium B,1,3.3,Punjab,Tamil Nadu,Shubman Gill,P Simran Singh,R Sai Kishore,1,0,,,,,,,,,
1280276,2021/22,2021-11-09,Bharat Ratna Shri Atal Bihari Vajpayee Ekana Cricket Stadium B,1,3.4,Punjab,Tamil Nadu,P Simran Singh,Shubman Gill,R Sai Kishore,0,0,,,,,,,,,
1280276,2021/22,2021-11-09,Bharat Ratna Shri Atal Bihari Vajpayee Ekana Cricket Stadium B,1,3.5,Punjab,Tamil Nadu,P Simran Singh,Shubman Gill,R Sai Kishore,4,0,,,,,,,,,
1280276,2021/22,2021-11-09,Bharat Ratna Shri Atal Bihari Vajpayee Ekana Cricket Stadium B,1,3.6,Punjab,Tamil Nadu,P Simran Singh,Shubman Gill,R Sai Kishore,0,0,,,,,,,,,
1280276,2021/22,2021-11-09,Bharat Ratna Shri Atal Bihari Vajpayee Ekana Cricket Stadium B,1,4.1,Punjab,Tamil Nadu,Shubman Gill,P Simran Singh,T Natarajan,1,0,,,,,,,,,
1280276,2021/22,2021-11-09,Bharat Ratna Shri Atal Bihari Vajpayee Ekana Cricket Stadium B,1,4.2,Punjab,Tamil Nadu,P Simran Singh,Shubman Gill,T Natarajan,4,0,,,,,,,,,
1280276,2021/22,2021-11-09,Bharat Ratna Shri Atal Bihari Vajpayee Ekana Cricket Stadium B,1,4.3,Punjab,Tamil Nadu,P Simran Singh,Shubman Gill,T Natarajan,0,0,,,,,,,,,
1280276,2021/22,2021-11-09,Bharat Ratna Shri Atal Bihari Vajpayee Ekana Cricket Stadium B,1,4.4,Punjab,Tamil Nadu,P Simran Singh,Shubman Gill,T Natarajan,1,0,,,,,,,,,
1280276,2021/22,2021-11-09,Bharat Ratna Shri Atal Bihari Vajpayee Ekana Cricket Stadium B,1,4.5,Punjab,Tamil Nadu,Shubman Gill,P Simran Singh,T Natarajan,0,0,,,,,,,,,
1280276,2021/22,2021-11-09,Bharat Ratna Shri Atal Bihari Vajpayee Ekana Cricket Stadium B,1,4.6,Punjab,Tamil Nadu,Shubman Gill,P Simran Singh,T Natarajan,1,0,,,,,,,,,
1280276,2021/22,2021-11-09,Bharat Ratna Shri Atal Bihari Vajpayee Ekana Cricket Stadium B,1,5.1,Punjab,Tamil Nadu,Shubman Gill,P Simran Singh,R Sai Kishore,4,0,,,,,,,,,
1280276,2021/22,2021-11-09,Bharat Ratna Shri Atal Bihari Vajpayee Ekana Cricket Stadium B,1,5.2,Punjab,Tamil Nadu,Shubman Gill,P Simran Singh,R Sai Kishore,1,0,,,,,,,,,
1280276,2021/22,2021-11-09,Bharat Ratna Shri Atal Bihari Vajpayee Ekana Cricket Stadium B,1,5.3,Punjab,Tamil Nadu,P Simran Singh,Shubman Gill,R Sai Kishore,0,1,1,,,,,,,,
1280276,2021/22,2021-11-09,Bharat Ratna Shri Atal Bihari Vajpayee Ekana Cricket Stadium B,1,5.4,Punjab,Tamil Nadu,P Simran Singh,Shubman Gill,R Sai Kishore,0,0,,,,,,,,,
1280276,2021/22,2021-11-09,Bharat Ratna Shri Atal Bihari Vajpayee Ekana Cricket Stadium B,1,5.5,Punjab,Tamil Nadu,P Simran Singh,Shubman Gill,R Sai Kishore,0,0,,,,,,,,,
1280276,2021/22,2021-11-09,Bharat Ratna Shri Atal Bihari Vajpayee Ekana Cricket Stadium B,1,5.6,Punjab,Tamil Nadu,P Simran Singh,Shubman Gill,R Sai Kishore,0,0,,,,,,,,,
1280276,2021/22,2021-11-09,Bharat Ratna Shri Atal Bihari Vajpayee Ekana Cricket Stadium B,1,5.7,Punjab,Tamil Nadu,P Simran Singh,Shubman Gill,R Sai Kishore,0,0,,,,,,caught,P Simran Singh,,
1280276,2021/22,2021-11-09,Bharat Ratna Shri Atal Bihari Vajpayee Ekana Cricket Stadium B,1,6.1,Punjab,Tamil Nadu,Shubman Gill,Abhishek Sharma,M Ashwin,0,0,,,,,,,,,
1280276,2021/22,2021-11-09,Bharat Ratna Shri Atal Bihari Vajpayee Ekana Cricket Stadium B,1,6.2,Punjab,Tamil Nadu,Shubman Gill,Abhishek Sharma,M Ashwin,4,0,,,,,,,,,
1280276,2021/22,2021-11-09,Bharat Ratna Shri Atal Bihari Vajpayee Ekana Cricket Stadium B,1,6.3,Punjab,Tamil Nadu,Shubman Gill,Abhishek Sharma,M Ashwin,4,0,,,,,,,,,
1280276,2021/22,2021-11-09,Bharat Ratna Shri Atal Bihari Vajpayee Ekana Cricket Stadium B,1,6.4,Punjab,Tamil Nadu,Shubman Gill,Abhishek Sharma,M Ashwin,1,0,,,,,,,,,
1280276,2021/22,2021-11-09,Bharat Ratna Shri Atal Bihari Vajpayee Ekana Cricket Stadium B,1,6.5,Punjab,Tamil Nadu,Abhishek Sharma,Shubman Gill,M Ashwin,0,0,,,,,,,,,
1280276,2021/22,2021-11-09,Bharat Ratna Shri Atal Bihari Vajpayee Ekana Cricket Stadium B,1,6.6,Punjab,Tamil Nadu,Abhishek Sharma,Shubman Gill,M Ashwin,1,0,,,,,,,,,
1280276,2021/22,2021-11-09,Bharat Ratna Shri Atal Bihari Vajpayee Ekana Cricket Stadium B,1,7.1,Punjab,Tamil Nadu,Abhishek Sharma,Shubman Gill,B Aparajith,0,0,,,,,,,,,
1280276,2021/22,2021-11-09,Bharat Ratna Shri Atal Bihari Vajpayee Ekana Cricket Stadium B,1,7.2,Punjab,Tamil Nadu,Abhishek Sharma,Shubman Gill,B Aparajith,1,0,,,,,,,,,
1280276,2021/22,2021-11-09,Bharat Ratna Shri Atal Bihari Vajpayee Ekana Cricket Stadium B,1,7.3,Punjab,Tamil Nadu,Shubman Gill,Abhishek Sharma,B Aparajith,1,0,,,,,,,,,
1280276,2021/22,2021-11-09,Bharat Ratna Shri Atal Bihari Vajpayee Ekana Cricket Stadium B,1,7.4,Punjab,Tamil Nadu,Abhishek Sharma,Shubman Gill,B Aparajith,1,0,,,,,,,,,
1280276,2021/22,2021-11-09,Bharat Ratna Shri Atal Bihari Vajpayee Ekana Cricket Stadium B,1,7.5,Punjab,Tamil Nadu,Shubman Gill,Abhishek Sharma,B Aparajith,0,0,,,,,,,,,
1280276,2021/22,2021-11-09,Bharat Ratna Shri Atal Bihari Vajpayee Ekana Cricket Stadium B,1,7.6,Punjab,Tamil Nadu,Shubman Gill,Abhishek Sharma,B Aparajith,1,0,,,,,,,,,
1280276,2021/22,2021-11-09,Bharat Ratna Shri Atal Bihari Vajpayee Ekana Cricket Stadium B,1,8.1,Punjab,Tamil Nadu,Shubman Gill,Abhishek Sharma,M Ashwin,1,0,,,,,,,,,
1280276,2021/22,2021-11-09,Bharat Ratna Shri Atal Bihari Vajpayee Ekana Cricket Stadium B,1,8.2,Punjab,Tamil Nadu,Abhishek Sharma,Shubman Gill,M Ashwin,2,0,,,,,,,,,
1280276,2021/22,2021-11-09,Bharat Ratna Shri Atal Bihari Vajpayee Ekana Cricket Stadium B,1,8.3,Punjab,Tamil Nadu,Abhishek Sharma,Shubman Gill,M Ashwin,2,0,,,,,,,,,
1280276,2021/22,2021-11-09,Bharat Ratna Shri Atal Bihari Vajpayee Ekana Cricket Stadium B,1,8.4,Punjab,Tamil Nadu,Abhishek Sharma,Shubman Gill,M Ashwin,4,0,,,,,,,,,
1280276,2021/22,2021-11-09,Bharat Ratna Shri Atal Bihari Vajpayee Ekana Cricket Stadium B,1,8.5,Punjab,Tamil Nadu,Abhishek Sharma,Shubman Gill,M Ashwin,1,0,,,,,,,,,
1280276,2021/22,2021-11-09,Bharat Ratna Shri Atal Bihari Vajpayee Ekana Cricket Stadium B,1,8.6,Punjab,Tamil Nadu,Shubman Gill,Abhishek Sharma,M Ashwin,0,0,,,,,,,,,
1280276,2021/22,2021-11-09,Bharat Ratna Shri Atal Bihari Vajpayee Ekana Cricket Stadium B,1,9.1,Punjab,Tamil Nadu,Abhishek Sharma,Shubman Gill,B Aparajith,0,0,,,,,,,,,
1280276,2021/22,2021-11-09,Bharat Ratna Shri Atal Bihari Vajpayee Ekana Cricket Stadium B,1,9.2,Punjab,Tamil Nadu,Abhishek Sharma,Shubman Gill,B Aparajith,1,0,,,,,,,,,
1280276,2021/22,2021-11-09,Bharat Ratna Shri Atal Bihari Vajpayee Ekana Cricket Stadium B,1,9.3,Punjab,Tamil Nadu,Shubman Gill,Abhishek Sharma,B Aparajith,1,0,,,,,,,,,
1280276,2021/22,2021-11-09,Bharat Ratna Shri Atal Bihari Vajpayee Ekana Cricket Stadium B,1,9.4,Punjab,Tamil Nadu,Abhishek Sharma,Shubman Gill,B Aparajith,1,0,,,,,,,,,
1280276,2021/22,2021-11-09,Bharat Ratna Shri Atal Bihari Vajpayee Ekana Cricket Stadium B,1,9.5,Punjab,Tamil Nadu,Shubman Gill,Abhishek Sharma,B Aparajith,0,0,,,,,,,,,
1280276,2021/22,2021-11-09,Bharat Ratna Shri Atal Bihari Vajpayee Ekana Cricket Stadium B,1,9.6,Punjab,Tamil Nadu,Shubman Gill,Abhishek Sharma,B Aparajith,0,4,,,4,,,,,,
1280276,2021/22,2021-11-09,Bharat Ratna Shri Atal Bihari Vajpayee Ekana Cricket Stadium B,1,10.1,Punjab,Tamil Nadu,Abhishek Sharma,Shubman Gill,M Mohammed,0,0,,,,,,,,,
1280276,2021/22,2021-11-09,Bharat Ratna Shri Atal Bihari Vajpayee Ekana Cricket Stadium B,1,10.2,Punjab,Tamil Nadu,Abhishek Sharma,Shubman Gill,M Mohammed,0,1,1,,,,,,,,
1280276,2021/22,2021-11-09,Bharat Ratna Shri Atal Bihari Vajpayee Ekana Cricket Stadium B,1,10.3,Punjab,Tamil Nadu,Abhishek Sharma,Shubman Gill,M Mohammed,0,0,,,,,,,,,
1280276,2021/22,2021-11-09,Bharat Ratna Shri Atal Bihari Vajpayee Ekana Cricket Stadium B,1,10.4,Punjab,Tamil Nadu,Abhishek Sharma,Shubman Gill,M Mohammed,1,0,,,,,,,,,
1280276,2021/22,2021-11-09,Bharat Ratna Shri Atal Bihari Vajpayee Ekana Cricket Stadium B,1,10.5,Punjab,Tamil Nadu,Shubman Gill,Abhishek Sharma,M Mohammed,1,0,,,,,,,,,
1280276,2021/22,2021-11-09,Bharat Ratna Shri Atal Bihari Vajpayee Ekana Cricket Stadium B,1,10.6,Punjab,Tamil Nadu,Abhishek Sharma,Shubman Gill,M Mohammed,2,0,,,,,,,,,
1280276,2021/22,2021-11-09,Bharat Ratna Shri Atal Bihari Vajpayee Ekana Cricket Stadium B,1,10.7,Punjab,Tamil Nadu,Abhishek Sharma,Shubman Gill,M Mohammed,0,0,,,,,,,,,
1280276,2021/22,2021-11-09,Bharat Ratna Shri Atal Bihari Vajpayee Ekana Cricket Stadium B,1,11.1,Punjab,Tamil Nadu,Shubman Gill,Abhishek Sharma,B Aparajith,4,0,,,,,,,,,
1280276,2021/22,2021-11-09,Bharat Ratna Shri Atal Bihari Vajpayee Ekana Cricket Stadium B,1,11.2,Punjab,Tamil Nadu,Shubman Gill,Abhishek Sharma,B Aparajith,0,0,,,,,,caught,Shubman Gill,,
1280276,2021/22,2021-11-09,Bharat Ratna Shri Atal Bihari Vajpayee Ekana Cricket Stadium B,1,11.3,Punjab,Tamil Nadu,Gurkeerat Singh,Abhishek Sharma,B Aparajith,0,0,,,,,,,,,
1280276,2021/22,2021-11-09,Bharat Ratna Shri Atal Bihari Vajpayee Ekana Cricket Stadium B,1,11.4,Punjab,Tamil Nadu,Gurkeerat Singh,Abhishek Sharma,B Aparajith,0,0,,,,,,,,,
1280276,2021/22,2021-11-09,Bharat Ratna Shri Atal Bihari Vajpayee Ekana Cricket Stadium B,1,11.5,Punjab,Tamil Nadu,Gurkeerat Singh,Abhishek Sharma,B Aparajith,6,0,,,,,,,,,
1280276,2021/22,2021-11-09,Bharat Ratna Shri Atal Bihari Vajpayee Ekana Cricket Stadium B,1,11.6,Punjab,Tamil Nadu,Gurkeerat Singh,Abhishek Sharma,B Aparajith,1,0,,,,,,,,,
1280276,2021/22,2021-11-09,Bharat Ratna Shri Atal Bihari Vajpayee Ekana Cricket Stadium B,1,12.1,Punjab,Tamil Nadu,Gurkeerat Singh,Abhishek Sharma,R Sai Kishore,0,0,,,,,,,,,
1280276,2021/22,2021-11-09,Bharat Ratna Shri Atal Bihari Vajpayee Ekana Cricket Stadium B,1,12.2,Punjab,Tamil Nadu,Gurkeerat Singh,Abhishek Sharma,R Sai Kishore,0,0,,,,,,,,,
1280276,2021/22,2021-11-09,Bharat Ratna Shri Atal Bihari Vajpayee Ekana Cricket Stadium B,1,12.3,Punjab,Tamil Nadu,Gurkeerat Singh,Abhishek Sharma,R Sai Kishore,1,0,,,,,,,,,
1280276,2021/22,2021-11-09,Bharat Ratna Shri Atal Bihari Vajpayee Ekana Cricket Stadium B,1,12.4,Punjab,Tamil Nadu,Abhishek Sharma,Gurkeerat Singh,R Sai Kishore,1,0,,,,,,,,,
1280276,2021/22,2021-11-09,Bharat Ratna Shri Atal Bihari Vajpayee Ekana Cricket Stadium B,1,12.5,Punjab,Tamil Nadu,Gurkeerat Singh,Abhishek Sharma,R Sai Kishore,2,0,,,,,,,,,
1280276,2021/22,2021-11-09,Bharat Ratna Shri Atal Bihari Vajpayee Ekana Cricket Stadium B,1,12.6,Punjab,Tamil Nadu,Gurkeerat Singh,Abhishek Sharma,R Sai Kishore,2,0,,,,,,,,,
1280276,2021/22,2021-11-09,Bharat Ratna Shri Atal Bihari Vajpayee Ekana Cricket Stadium B,1,13.1,Punjab,Tamil Nadu,Abhishek Sharma,Gurkeerat Singh,M Mohammed,1,0,,,,,,run out,Abhishek Sharma,,
1280276,2021/22,2021-11-09,Bharat Ratna Shri Atal Bihari Vajpayee Ekana Cricket Stadium B,1,13.2,Punjab,Tamil Nadu,Ramandeep Singh,Gurkeerat Singh,M Mohammed,0,0,,,,,,,,,
1280276,2021/22,2021-11-09,Bharat Ratna Shri Atal Bihari Vajpayee Ekana Cricket Stadium B,1,13.3,Punjab,Tamil Nadu,Ramandeep Singh,Gurkeerat Singh,M Mohammed,1,0,,,,,,,,,
1280276,2021/22,2021-11-09,Bharat Ratna Shri Atal Bihari Vajpayee Ekana Cricket Stadium B,1,13.4,Punjab,Tamil Nadu,Gurkeerat Singh,Ramandeep Singh,M Mohammed,1,0,,,,,,,,,
1280276,2021/22,2021-11-09,Bharat Ratna Shri Atal Bihari Vajpayee Ekana Cricket Stadium B,1,13.5,Punjab,Tamil Nadu,Ramandeep Singh,Gurkeerat Singh,M Mohammed,1,0,,,,,,,,,
1280276,2021/22,2021-11-09,Bharat Ratna Shri Atal Bihari Vajpayee Ekana Cricket Stadium B,1,13.6,Punjab,Tamil Nadu,Gurkeerat Singh,Ramandeep Singh,M Mohammed,1,0,,,,,,,,,
1280276,2021/22,2021-11-09,Bharat Ratna Shri Atal Bihari Vajpayee Ekana Cricket Stadium B,1,14.1,Punjab,Tamil Nadu,Gurkeerat Singh,Ramandeep Singh,T Natarajan,4,0,,,,,,,,,
1280276,2021/22,2021-11-09,Bharat Ratna Shri Atal Bihari Vajpayee Ekana Cricket Stadium B,1,14.2,Punjab,Tamil Nadu,Gurkeerat Singh,Ramandeep Singh,T Natarajan,4,0,,,,,,,,,
1280276,2021/22,2021-11-09,Bharat Ratna Shri Atal Bihari Vajpayee Ekana Cricket Stadium B,1,14.3,Punjab,Tamil Nadu,Gurkeerat Singh,Ramandeep Singh,T Natarajan,1,0,,,,,,,,,
1280276,2021/22,2021-11-09,Bharat Ratna Shri Atal Bihari Vajpayee Ekana Cricket Stadium B,1,14.4,Punjab,Tamil Nadu,Ramandeep Singh,Gurkeerat Singh,T Natarajan,1,0,,,,,,,,,
1280276,2021/22,2021-11-09,Bharat Ratna Shri Atal Bihari Vajpayee Ekana Cricket Stadium B,1,14.5,Punjab,Tamil Nadu,Gurkeerat Singh,Ramandeep Singh,T Natarajan,1,0,,,,,,,,,
1280276,2021/22,2021-11-09,Bharat Ratna Shri Atal Bihari Vajpayee Ekana Cricket Stadium B,1,14.6,Punjab,Tamil Nadu,Ramandeep Singh,Gurkeerat Singh,T Natarajan,0,0,,,,,,,,,
1280276,2021/22,2021-11-09,Bharat Ratna Shri Atal Bihari Vajpayee Ekana Cricket Stadium B,1,15.1,Punjab,Tamil Nadu,Gurkeerat Singh,Ramandeep Singh,M Mohammed,1,0,,,,,,,,,
1280276,2021/22,2021-11-09,Bharat Ratna Shri Atal Bihari Vajpayee Ekana Cricket Stadium B,1,15.2,Punjab,Tamil Nadu,Ramandeep Singh,Gurkeerat Singh,M Mohammed,4,0,,,,,,,,,
1280276,2021/22,2021-11-09,Bharat Ratna Shri Atal Bihari Vajpayee Ekana Cricket Stadium B,1,15.3,Punjab,Tamil Nadu,Ramandeep Singh,Gurkeerat Singh,M Mohammed,1,0,,,,,,,,,
1280276,2021/22,2021-11-09,Bharat Ratna Shri Atal Bihari Vajpayee Ekana Cricket Stadium B,1,15.4,Punjab,Tamil Nadu,Gurkeerat Singh,Ramandeep Singh,M Mohammed,1,0,,,,,,,,,
1280276,2021/22,2021-11-09,Bharat Ratna Shri Atal Bihari Vajpayee Ekana Cricket Stadium B,1,15.5,Punjab,Tamil Nadu,Ramandeep Singh,Gurkeerat Singh,M Mohammed,1,0,,,,,,,,,
1280276,2021/22,2021-11-09,Bharat Ratna Shri Atal Bihari Vajpayee Ekana Cricket Stadium B,1,15.6,Punjab,Tamil Nadu,Gurkeerat Singh,Ramandeep Singh,M Mohammed,1,0,,,,,,,,,
1280276,2021/22,2021-11-09,Bharat Ratna Shri Atal Bihari Vajpayee Ekana Cricket Stadium B,1,16.1,Punjab,Tamil Nadu,Gurkeerat Singh,Ramandeep Singh,S Sandeep Warrier,1,0,,,,,,,,,
1280276,2021/22,2021-11-09,Bharat Ratna Shri Atal Bihari Vajpayee Ekana Cricket Stadium B,1,16.2,Punjab,Tamil Nadu,Ramandeep Singh,Gurkeerat Singh,S Sandeep Warrier,0,0,,,,,,,,,
1280276,2021/22,2021-11-09,Bharat Ratna Shri Atal Bihari Vajpayee Ekana Cricket Stadium B,1,16.3,Punjab,Tamil Nadu,Ramandeep Singh,Gurkeerat Singh,S Sandeep Warrier,0,0,,,,,,caught,Ramandeep Singh,,
1280276,2021/22,2021-11-09,Bharat Ratna Shri Atal Bihari Vajpayee Ekana Cricket Stadium B,1,16.4,Punjab,Tamil Nadu,Gurkeerat Singh,Mandeep Singh,S Sandeep Warrier,2,0,,,,,,,,,
1280276,2021/22,2021-11-09,Bharat Ratna Shri Atal Bihari Vajpayee Ekana Cricket Stadium B,1,16.5,Punjab,Tamil Nadu,Gurkeerat Singh,Mandeep Singh,S Sandeep Warrier,1,0,,,,,,,,,
1280276,2021/22,2021-11-09,Bharat Ratna Shri Atal Bihari Vajpayee Ekana Cricket Stadium B,1,16.6,Punjab,Tamil Nadu,Mandeep Singh,Gurkeerat Singh,S Sandeep Warrier,0,0,,,,,,,,,
1280276,2021/22,2021-11-09,Bharat Ratna Shri Atal Bihari Vajpayee Ekana Cricket Stadium B,1,17.1,Punjab,Tamil Nadu,Gurkeerat Singh,Mandeep Singh,T Natarajan,1,0,,,,,,,,,
1280276,2021/22,2021-11-09,Bharat Ratna Shri Atal Bihari Vajpayee Ekana Cricket Stadium B,1,17.2,Punjab,Tamil Nadu,Mandeep Singh,Gurkeerat Singh,T Natarajan,2,0,,,,,,,,,
1280276,2021/22,2021-11-09,Bharat Ratna Shri Atal Bihari Vajpayee Ekana Cricket Stadium B,1,17.3,Punjab,Tamil Nadu,Mandeep Singh,Gurkeerat Singh,T Natarajan,1,0,,,,,,,,,
1280276,2021/22,2021-11-09,Bharat Ratna Shri Atal Bihari Vajpayee Ekana Cricket Stadium B,1,17.4,Punjab,Tamil Nadu,Gurkeerat Singh,Mandeep Singh,T Natarajan,1,0,,,,,,,,,
1280276,2021/22,2021-11-09,Bharat Ratna Shri Atal Bihari Vajpayee Ekana Cricket Stadium B,1,17.5,Punjab,Tamil Nadu,Mandeep Singh,Gurkeerat Singh,T Natarajan,4,0,,,,,,,,,
1280276,2021/22,2021-11-09,Bharat Ratna Shri Atal Bihari Vajpayee Ekana Cricket Stadium B,1,17.6,Punjab,Tamil Nadu,Mandeep Singh,Gurkeerat Singh,T Natarajan,6,0,,,,,,,,,
1280276,2021/22,2021-11-09,Bharat Ratna Shri Atal Bihari Vajpayee Ekana Cricket Stadium B,1,18.1,Punjab,Tamil Nadu,Gurkeerat Singh,Mandeep Singh,S Sandeep Warrier,0,0,,,,,,,,,
1280276,2021/22,2021-11-09,Bharat Ratna Shri Atal Bihari Vajpayee Ekana Cricket Stadium B,1,18.2,Punjab,Tamil Nadu,Gurkeerat Singh,Mandeep Singh,S Sandeep Warrier,1,0,,,,,,,,,
1280276,2021/22,2021-11-09,Bharat Ratna Shri Atal Bihari Vajpayee Ekana Cricket Stadium B,1,18.3,Punjab,Tamil Nadu,Mandeep Singh,Gurkeerat Singh,S Sandeep Warrier,0,1,,,1,,,,,,
1280276,2021/22,2021-11-09,Bharat Ratna Shri Atal Bihari Vajpayee Ekana Cricket Stadium B,1,18.4,Punjab,Tamil Nadu,Gurkeerat Singh,Mandeep Singh,S Sandeep Warrier,1,0,,,,,,,,,
1280276,2021/22,2021-11-09,Bharat Ratna Shri Atal Bihari Vajpayee Ekana Cricket Stadium B,1,18.5,Punjab,Tamil Nadu,Mandeep Singh,Gurkeerat Singh,S Sandeep Warrier,0,0,,,,,,caught,Mandeep Singh,,
1280276,2021/22,2021-11-09,Bharat Ratna Shri Atal Bihari Vajpayee Ekana Cricket Stadium B,1,18.6,Punjab,Tamil Nadu,Gurkeerat Singh,Sanvir Singh,S Sandeep Warrier,0,0,,,,,,,,,
1280276,2021/22,2021-11-09,Bharat Ratna Shri Atal Bihari Vajpayee Ekana Cricket Stadium B,1,19.1,Punjab,Tamil Nadu,Sanvir Singh,Gurkeerat Singh,T Natarajan,1,0,,,,,,,,,
1280276,2021/22,2021-11-09,Bharat Ratna Shri Atal Bihari Vajpayee Ekana Cricket Stadium B,1,19.2,Punjab,Tamil Nadu,Gurkeerat Singh,Sanvir Singh,T Natarajan,1,0,,,,,,,,,
1280276,2021/22,2021-11-09,Bharat Ratna Shri Atal Bihari Vajpayee Ekana Cricket Stadium B,1,19.3,Punjab,Tamil Nadu,Sanvir Singh,Gurkeerat Singh,T Natarajan,0,0,,,,,,caught,Sanvir Singh,,
1280276,2021/22,2021-11-09,Bharat Ratna Shri Atal Bihari Vajpayee Ekana Cricket Stadium B,1,19.4,Punjab,Tamil Nadu,Gurkeerat Singh,Harpreet Brar,T Natarajan,6,0,,,,,,,,,
1280276,2021/22,2021-11-09,Bharat Ratna Shri Atal Bihari Vajpayee Ekana Cricket Stadium B,1,19.5,Punjab,Tamil Nadu,Gurkeerat Singh,Harpreet Brar,T Natarajan,1,0,,,,,,,,,
1280276,2021/22,2021-11-09,Bharat Ratna Shri Atal Bihari Vajpayee Ekana Cricket Stadium B,1,19.6,Punjab,Tamil Nadu,Harpreet Brar,Gurkeerat Singh,T Natarajan,1,0,,,,,,,,,
1280276,2021/22,2021-11-09,Bharat Ratna Shri Atal Bihari Vajpayee Ekana Cricket Stadium B,2,0.1,Tamil Nadu,Punjab,Hari Nishaanth,N Jagadeesan,Abhishek Sharma,0,0,,,,,,,,,
1280276,2021/22,2021-11-09,Bharat Ratna Shri Atal Bihari Vajpayee Ekana Cricket Stadium B,2,0.2,Tamil Nadu,Punjab,Hari Nishaanth,N Jagadeesan,Abhishek Sharma,1,0,,,,,,,,,
1280276,2021/22,2021-11-09,Bharat Ratna Shri Atal Bihari Vajpayee Ekana Cricket Stadium B,2,0.3,Tamil Nadu,Punjab,N Jagadeesan,Hari Nishaanth,Abhishek Sharma,1,0,,,,,,,,,
1280276,2021/22,2021-11-09,Bharat Ratna Shri Atal Bihari Vajpayee Ekana Cricket Stadium B,2,0.4,Tamil Nadu,Punjab,Hari Nishaanth,N Jagadeesan,Abhishek Sharma,1,0,,,,,,,,,
1280276,2021/22,2021-11-09,Bharat Ratna Shri Atal Bihari Vajpayee Ekana Cricket Stadium B,2,0.5,Tamil Nadu,Punjab,N Jagadeesan,Hari Nishaanth,Abhishek Sharma,1,0,,,,,,,,,
1280276,2021/22,2021-11-09,Bharat Ratna Shri Atal Bihari Vajpayee Ekana Cricket Stadium B,2,0.6,Tamil Nadu,Punjab,Hari Nishaanth,N Jagadeesan,Abhishek Sharma,0,0,,,,,,,,,
1280276,2021/22,2021-11-09,Bharat Ratna Shri Atal Bihari Vajpayee Ekana Cricket Stadium B,2,1.1,Tamil Nadu,Punjab,N Jagadeesan,Hari Nishaanth,Arshdeep Singh,4,0,,,,,,,,,
1280276,2021/22,2021-11-09,Bharat Ratna Shri Atal Bihari Vajpayee Ekana Cricket Stadium B,2,1.2,Tamil Nadu,Punjab,N Jagadeesan,Hari Nishaanth,Arshdeep Singh,1,0,,,,,,,,,
1280276,2021/22,2021-11-09,Bharat Ratna Shri Atal Bihari Vajpayee Ekana Cricket Stadium B,2,1.3,Tamil Nadu,Punjab,Hari Nishaanth,N Jagadeesan,Arshdeep Singh,4,0,,,,,,,,,
1280276,2021/22,2021-11-09,Bharat Ratna Shri Atal Bihari Vajpayee Ekana Cricket Stadium B,2,1.4,Tamil Nadu,Punjab,Hari Nishaanth,N Jagadeesan,Arshdeep Singh,1,0,,,,,,,,,
1280276,2021/22,2021-11-09,Bharat Ratna Shri Atal Bihari Vajpayee Ekana Cricket Stadium B,2,1.5,Tamil Nadu,Punjab,N Jagadeesan,Hari Nishaanth,Arshdeep Singh,1,0,,,,,,,,,
1280276,2021/22,2021-11-09,Bharat Ratna Shri Atal Bihari Vajpayee Ekana Cricket Stadium B,2,1.6,Tamil Nadu,Punjab,Hari Nishaanth,N Jagadeesan,Arshdeep Singh,1,0,,,,,,,,,
1280276,2021/22,2021-11-09,Bharat Ratna Shri Atal Bihari Vajpayee Ekana Cricket Stadium B,2,2.1,Tamil Nadu,Punjab,Hari Nishaanth,N Jagadeesan,S Kaul,0,0,,,,,,run out,Hari Nishaanth,,
1280276,2021/22,2021-11-09,Bharat Ratna Shri Atal Bihari Vajpayee Ekana Cricket Stadium B,2,2.2,Tamil Nadu,Punjab,N Jagadeesan,B Aparajith,S Kaul,6,0,,,,,,,,,
1280276,2021/22,2021-11-09,Bharat Ratna Shri Atal Bihari Vajpayee Ekana Cricket Stadium B,2,2.3,Tamil Nadu,Punjab,N Jagadeesan,B Aparajith,S Kaul,0,0,,,,,,,,,
1280276,2021/22,2021-11-09,Bharat Ratna Shri Atal Bihari Vajpayee Ekana Cricket Stadium B,2,2.4,Tamil Nadu,Punjab,N Jagadeesan,B Aparajith,S Kaul,1,0,,,,,,,,,
1280276,2021/22,2021-11-09,Bharat Ratna Shri Atal Bihari Vajpayee Ekana Cricket Stadium B,2,2.5,Tamil Nadu,Punjab,B Aparajith,N Jagadeesan,S Kaul,1,0,,,,,,,,,
1280276,2021/22,2021-11-09,Bharat Ratna Shri Atal Bihari Vajpayee Ekana Cricket Stadium B,2,2.6,Tamil Nadu,Punjab,N Jagadeesan,B Aparajith,S Kaul,0,0,,,,,,,,,
1280276,2021/22,2021-11-09,Bharat Ratna Shri Atal Bihari Vajpayee Ekana Cricket Stadium B,2,3.1,Tamil Nadu,Punjab,B Aparajith,N Jagadeesan,Abhishek Sharma,0,0,,,,,,,,,
1280276,2021/22,2021-11-09,Bharat Ratna Shri Atal Bihari Vajpayee Ekana Cricket Stadium B,2,3.2,Tamil Nadu,Punjab,B Aparajith,N Jagadeesan,Abhishek Sharma,1,0,,,,,,,,,
1280276,2021/22,2021-11-09,Bharat Ratna Shri Atal Bihari Vajpayee Ekana Cricket Stadium B,2,3.3,Tamil Nadu,Punjab,N Jagadeesan,B Aparajith,Abhishek Sharma,0,0,,,,,,,,,
1280276,2021/22,2021-11-09,Bharat Ratna Shri Atal Bihari Vajpayee Ekana Cricket Stadium B,2,3.4,Tamil Nadu,Punjab,N Jagadeesan,B Aparajith,Abhishek Sharma,0,0,,,,,,,,,
1280276,2021/22,2021-11-09,Bharat Ratna Shri Atal Bihari Vajpayee Ekana Cricket Stadium B,2,3.5,Tamil Nadu,Punjab,N Jagadeesan,B Aparajith,Abhishek Sharma,4,0,,,,,,,,,
1280276,2021/22,2021-11-09,Bharat Ratna Shri Atal Bihari Vajpayee Ekana Cricket Stadium B,2,3.6,Tamil Nadu,Punjab,N Jagadeesan,B Aparajith,Abhishek Sharma,0,0,,,,,,,,,
1280276,2021/22,2021-11-09,Bharat Ratna Shri Atal Bihari Vajpayee Ekana Cricket Stadium B,2,4.1,Tamil Nadu,Punjab,B Aparajith,N Jagadeesan,S Kaul,1,0,,,,,,,,,
1280276,2021/22,2021-11-09,Bharat Ratna Shri Atal Bihari Vajpayee Ekana Cricket Stadium B,2,4.2,Tamil Nadu,Punjab,N Jagadeesan,B Aparajith,S Kaul,0,0,,,,,,,,,
1280276,2021/22,2021-11-09,Bharat Ratna Shri Atal Bihari Vajpayee Ekana Cricket Stadium B,2,4.3,Tamil Nadu,Punjab,N Jagadeesan,B Aparajith,S Kaul,0,0,,,,,,,,,
1280276,2021/22,2021-11-09,Bharat Ratna Shri Atal Bihari Vajpayee Ekana Cricket Stadium B,2,4.4,Tamil Nadu,Punjab,N Jagadeesan,B Aparajith,S Kaul,1,0,,,,,,,,,
1280276,2021/22,2021-11-09,Bharat Ratna Shri Atal Bihari Vajpayee Ekana Cricket Stadium B,2,4.5,Tamil Nadu,Punjab,B Aparajith,N Jagadeesan,S Kaul,0,0,,,,,,caught,B Aparajith,,
1280276,2021/22,2021-11-09,Bharat Ratna Shri Atal Bihari Vajpayee Ekana Cricket Stadium B,2,4.6,Tamil Nadu,Punjab,V Shankar,N Jagadeesan,S Kaul,0,0,,,,,,,,,
1280276,2021/22,2021-11-09,Bharat Ratna Shri Atal Bihari Vajpayee Ekana Cricket Stadium B,2,5.1,Tamil Nadu,Punjab,N Jagadeesan,V Shankar,Harpreet Brar,0,0,,,,,,,,,
1280276,2021/22,2021-11-09,Bharat Ratna Shri Atal Bihari Vajpayee Ekana Cricket Stadium B,2,5.2,Tamil Nadu,Punjab,N Jagadeesan,V Shankar,Harpreet Brar,1,0,,,,,,,,,
1280276,2021/22,2021-11-09,Bharat Ratna Shri Atal Bihari Vajpayee Ekana Cricket Stadium B,2,5.3,Tamil Nadu,Punjab,V Shankar,N Jagadeesan,Harpreet Brar,0,0,,,,,,,,,
1280276,2021/22,2021-11-09,Bharat Ratna Shri Atal Bihari Vajpayee Ekana Cricket Stadium B,2,5.4,Tamil Nadu,Punjab,V Shankar,N Jagadeesan,Harpreet Brar,1,0,,,,,,,,,
1280276,2021/22,2021-11-09,Bharat Ratna Shri Atal Bihari Vajpayee Ekana Cricket Stadium B,2,5.5,Tamil Nadu,Punjab,N Jagadeesan,V Shankar,Harpreet Brar,4,0,,,,,,,,,
1280276,2021/22,2021-11-09,Bharat Ratna Shri Atal Bihari Vajpayee Ekana Cricket Stadium B,2,5.6,Tamil Nadu,Punjab,N Jagadeesan,V Shankar,Harpreet Brar,1,0,,,,,,,,,
1280276,2021/22,2021-11-09,Bharat Ratna Shri Atal Bihari Vajpayee Ekana Cricket Stadium B,2,6.1,Tamil Nadu,Punjab,N Jagadeesan,V Shankar,Abhishek Sharma,6,0,,,,,,,,,
1280276,2021/22,2021-11-09,Bharat Ratna Shri Atal Bihari Vajpayee Ekana Cricket Stadium B,2,6.2,Tamil Nadu,Punjab,N Jagadeesan,V Shankar,Abhishek Sharma,1,0,,,,,,,,,
1280276,2021/22,2021-11-09,Bharat Ratna Shri Atal Bihari Vajpayee Ekana Cricket Stadium B,2,6.3,Tamil Nadu,Punjab,V Shankar,N Jagadeesan,Abhishek Sharma,0,0,,,,,,,,,
1280276,2021/22,2021-11-09,Bharat Ratna Shri Atal Bihari Vajpayee Ekana Cricket Stadium B,2,6.4,Tamil Nadu,Punjab,V Shankar,N Jagadeesan,Abhishek Sharma,1,0,,,,,,,,,
1280276,2021/22,2021-11-09,Bharat Ratna Shri Atal Bihari Vajpayee Ekana Cricket Stadium B,2,6.5,Tamil Nadu,Punjab,N Jagadeesan,V Shankar,Abhishek Sharma,0,0,,,,,,,,,
1280276,2021/22,2021-11-09,Bharat Ratna Shri Atal Bihari Vajpayee Ekana Cricket Stadium B,2,6.6,Tamil Nadu,Punjab,N Jagadeesan,V Shankar,Abhishek Sharma,1,0,,,,,,,,,
1280276,2021/22,2021-11-09,Bharat Ratna Shri Atal Bihari Vajpayee Ekana Cricket Stadium B,2,7.1,Tamil Nadu,Punjab,N Jagadeesan,V Shankar,Harpreet Brar,1,0,,,,,,,,,
1280276,2021/22,2021-11-09,Bharat Ratna Shri Atal Bihari Vajpayee Ekana Cricket Stadium B,2,7.2,Tamil Nadu,Punjab,V Shankar,N Jagadeesan,Harpreet Brar,0,0,,,,,,,,,
1280276,2021/22,2021-11-09,Bharat Ratna Shri Atal Bihari Vajpayee Ekana Cricket Stadium B,2,7.3,Tamil Nadu,Punjab,V Shankar,N Jagadeesan,Harpreet Brar,1,0,,,,,,,,,
1280276,2021/22,2021-11-09,Bharat Ratna Shri Atal Bihari Vajpayee Ekana Cricket Stadium B,2,7.4,Tamil Nadu,Punjab,N Jagadeesan,V Shankar,Harpreet Brar,0,0,,,,,,,,,
1280276,2021/22,2021-11-09,Bharat Ratna Shri Atal Bihari Vajpayee Ekana Cricket Stadium B,2,7.5,Tamil Nadu,Punjab,N Jagadeesan,V Shankar,Harpreet Brar,1,0,,,,,,,,,
1280276,2021/22,2021-11-09,Bharat Ratna Shri Atal Bihari Vajpayee Ekana Cricket Stadium B,2,7.6,Tamil Nadu,Punjab,V Shankar,N Jagadeesan,Harpreet Brar,1,0,,,,,,,,,
1280276,2021/22,2021-11-09,Bharat Ratna Shri Atal Bihari Vajpayee Ekana Cricket Stadium B,2,8.1,Tamil Nadu,Punjab,V Shankar,N Jagadeesan,Ramandeep Singh,0,0,,,,,,,,,
1280276,2021/22,2021-11-09,Bharat Ratna Shri Atal Bihari Vajpayee Ekana Cricket Stadium B,2,8.2,Tamil Nadu,Punjab,V Shankar,N Jagadeesan,Ramandeep Singh,6,0,,,,,,,,,
1280276,2021/22,2021-11-09,Bharat Ratna Shri Atal Bihari Vajpayee Ekana Cricket Stadium B,2,8.3,Tamil Nadu,Punjab,V Shankar,N Jagadeesan,Ramandeep Singh,0,1,1,,,,,,,,
1280276,2021/22,2021-11-09,Bharat Ratna Shri Atal Bihari Vajpayee Ekana Cricket Stadium B,2,8.4,Tamil Nadu,Punjab,V Shankar,N Jagadeesan,Ramandeep Singh,2,0,,,,,,,,,
1280276,2021/22,2021-11-09,Bharat Ratna Shri Atal Bihari Vajpayee Ekana Cricket Stadium B,2,8.5,Tamil Nadu,Punjab,V Shankar,N Jagadeesan,Ramandeep Singh,1,0,,,,,,,,,
1280276,2021/22,2021-11-09,Bharat Ratna Shri Atal Bihari Vajpayee Ekana Cricket Stadium B,2,8.6,Tamil Nadu,Punjab,N Jagadeesan,V Shankar,Ramandeep Singh,1,0,,,,,,,,,
1280276,2021/22,2021-11-09,Bharat Ratna Shri Atal Bihari Vajpayee Ekana Cricket Stadium B,2,8.7,Tamil Nadu,Punjab,V Shankar,N Jagadeesan,Ramandeep Singh,1,0,,,,,,,,,
1280276,2021/22,2021-11-09,Bharat Ratna Shri Atal Bihari Vajpayee Ekana Cricket Stadium B,2,9.1,Tamil Nadu,Punjab,V Shankar,N Jagadeesan,Krishan Alang,1,0,,,,,,,,,
1280276,2021/22,2021-11-09,Bharat Ratna Shri Atal Bihari Vajpayee Ekana Cricket Stadium B,2,9.2,Tamil Nadu,Punjab,N Jagadeesan,V Shankar,Krishan Alang,2,0,,,,,,,,,
1280276,2021/22,2021-11-09,Bharat Ratna Shri Atal Bihari Vajpayee Ekana Cricket Stadium B,2,9.3,Tamil Nadu,Punjab,N Jagadeesan,V Shankar,Krishan Alang,0,1,,,,1,,,,,
1280276,2021/22,2021-11-09,Bharat Ratna Shri Atal Bihari Vajpayee Ekana Cricket Stadium B,2,9.4,Tamil Nadu,Punjab,V Shankar,N Jagadeesan,Krishan Alang,6,0,,,,,,,,,
1280276,2021/22,2021-11-09,Bharat Ratna Shri Atal Bihari Vajpayee Ekana Cricket Stadium B,2,9.5,Tamil Nadu,Punjab,V Shankar,N Jagadeesan,Krishan Alang,4,0,,,,,,,,,
1280276,2021/22,2021-11-09,Bharat Ratna Shri Atal Bihari Vajpayee Ekana Cricket Stadium B,2,9.6,Tamil Nadu,Punjab,V Shankar,N Jagadeesan,Krishan Alang,1,0,,,,,,,,,
1280276,2021/22,2021-11-09,Bharat Ratna Shri Atal Bihari Vajpayee Ekana Cricket Stadium B,2,10.1,Tamil Nadu,Punjab,V Shankar,N Jagadeesan,Harpreet Brar,0,0,,,,,,,,,
1280276,2021/22,2021-11-09,Bharat Ratna Shri Atal Bihari Vajpayee Ekana Cricket Stadium B,2,10.2,Tamil Nadu,Punjab,V Shankar,N Jagadeesan,Harpreet Brar,0,0,,,,,,,,,
1280276,2021/22,2021-11-09,Bharat Ratna Shri Atal Bihari Vajpayee Ekana Cricket Stadium B,2,10.3,Tamil Nadu,Punjab,V Shankar,N Jagadeesan,Harpreet Brar,0,0,,,,,,,,,
1280276,2021/22,2021-11-09,Bharat Ratna Shri Atal Bihari Vajpayee Ekana Cricket Stadium B,2,10.4,Tamil Nadu,Punjab,V Shankar,N Jagadeesan,Harpreet Brar,1,0,,,,,,,,,
1280276,2021/22,2021-11-09,Bharat Ratna Shri Atal Bihari Vajpayee Ekana Cricket Stadium B,2,10.5,Tamil Nadu,Punjab,N Jagadeesan,V Shankar,Harpreet Brar,1,0,,,,,,,,,
1280276,2021/22,2021-11-09,Bharat Ratna Shri Atal Bihari Vajpayee Ekana Cricket Stadium B,2,10.6,Tamil Nadu,Punjab,V Shankar,N Jagadeesan,Harpreet Brar,0,0,,,,,,,,,
1280276,2021/22,2021-11-09,Bharat Ratna Shri Atal Bihari Vajpayee Ekana Cricket Stadium B,2,11.1,Tamil Nadu,Punjab,N Jagadeesan,V Shankar,Arshdeep Singh,1,0,,,,,,,,,
1280276,2021/22,2021-11-09,Bharat Ratna Shri Atal Bihari Vajpayee Ekana Cricket Stadium B,2,11.2,Tamil Nadu,Punjab,V Shankar,N Jagadeesan,Arshdeep Singh,6,0,,,,,,,,,
1280276,2021/22,2021-11-09,Bharat Ratna Shri Atal Bihari Vajpayee Ekana Cricket Stadium B,2,11.3,Tamil Nadu,Punjab,V Shankar,N Jagadeesan,Arshdeep Singh,1,0,,,,,,,,,
1280276,2021/22,2021-11-09,Bharat Ratna Shri Atal Bihari Vajpayee Ekana Cricket Stadium B,2,11.4,Tamil Nadu,Punjab,N Jagadeesan,V Shankar,Arshdeep Singh,1,0,,,,,,,,,
1280276,2021/22,2021-11-09,Bharat Ratna Shri Atal Bihari Vajpayee Ekana Cricket Stadium B,2,11.5,Tamil Nadu,Punjab,V Shankar,N Jagadeesan,Arshdeep Singh,1,0,,,,,,,,,
1280276,2021/22,2021-11-09,Bharat Ratna Shri Atal Bihari Vajpayee Ekana Cricket Stadium B,2,11.6,Tamil Nadu,Punjab,N Jagadeesan,V Shankar,Arshdeep Singh,0,0,,,,,,,,,
1280276,2021/22,2021-11-09,Bharat Ratna Shri Atal Bihari Vajpayee Ekana Cricket Stadium B,2,12.1,Tamil Nadu,Punjab,V Shankar,N Jagadeesan,Abhishek Sharma,0,0,,,,,,,,,
1280276,2021/22,2021-11-09,Bharat Ratna Shri Atal Bihari Vajpayee Ekana Cricket Stadium B,2,12.2,Tamil Nadu,Punjab,V Shankar,N Jagadeesan,Abhishek Sharma,4,0,,,,,,,,,
1280276,2021/22,2021-11-09,Bharat Ratna Shri Atal Bihari Vajpayee Ekana Cricket Stadium B,2,12.3,Tamil Nadu,Punjab,V Shankar,N Jagadeesan,Abhishek Sharma,1,0,,,,,,,,,
1280276,2021/22,2021-11-09,Bharat Ratna Shri Atal Bihari Vajpayee Ekana Cricket Stadium B,2,12.4,Tamil Nadu,Punjab,N Jagadeesan,V Shankar,Abhishek Sharma,6,0,,,,,,,,,
1280276,2021/22,2021-11-09,Bharat Ratna Shri Atal Bihari Vajpayee Ekana Cricket Stadium B,2,12.5,Tamil Nadu,Punjab,N Jagadeesan,V Shankar,Abhishek Sharma,1,0,,,,,,,,,
1280276,2021/22,2021-11-09,Bharat Ratna Shri Atal Bihari Vajpayee Ekana Cricket Stadium B,2,12.6,Tamil Nadu,Punjab,V Shankar,N Jagadeesan,Abhishek Sharma,0,0,,,,,,,,,
1280276,2021/22,2021-11-09,Bharat Ratna Shri Atal Bihari Vajpayee Ekana Cricket Stadium B,2,13.1,Tamil Nadu,Punjab,N Jagadeesan,V Shankar,S Kaul,4,0,,,,,,,,,
1280276,2021/22,2021-11-09,Bharat Ratna Shri Atal Bihari Vajpayee Ekana Cricket Stadium B,2,13.2,Tamil Nadu,Punjab,N Jagadeesan,V Shankar,S Kaul,1,0,,,,,,,,,
1280276,2021/22,2021-11-09,Bharat Ratna Shri Atal Bihari Vajpayee Ekana Cricket Stadium B,2,13.3,Tamil Nadu,Punjab,V Shankar,N Jagadeesan,S Kaul,6,0,,,,,,,,,
1280276,2021/22,2021-11-09,Bharat Ratna Shri Atal Bihari Vajpayee Ekana Cricket Stadium B,2,13.4,Tamil Nadu,Punjab,V Shankar,N Jagadeesan,S Kaul,1,0,,,,,,,,,
1280276,2021/22,2021-11-09,Bharat Ratna Shri Atal Bihari Vajpayee Ekana Cricket Stadium B,2,13.5,Tamil Nadu,Punjab,N Jagadeesan,V Shankar,S Kaul,1,0,,,,,,,,,
1280276,2021/22,2021-11-09,Bharat Ratna Shri Atal Bihari Vajpayee Ekana Cricket Stadium B,2,13.6,Tamil Nadu,Punjab,V Shankar,N Jagadeesan,S Kaul,1,0,,,,,,,,,
1280276,2021/22,2021-11-09,Bharat Ratna Shri Atal Bihari Vajpayee Ekana Cricket Stadium B,2,14.1,Tamil Nadu,Punjab,V Shankar,N Jagadeesan,Harpreet Brar,1,0,,,,,,,,,
1280276,2021/22,2021-11-09,Bharat Ratna Shri Atal Bihari Vajpayee Ekana Cricket Stadium B,2,14.2,Tamil Nadu,Punjab,N Jagadeesan,V Shankar,Harpreet Brar,1,0,,,,,,,,,
1280276,2021/22,2021-11-09,Bharat Ratna Shri Atal Bihari Vajpayee Ekana Cricket Stadium B,2,14.3,Tamil Nadu,Punjab,V Shankar,N Jagadeesan,Harpreet Brar,1,0,,,,,,,,,
1280276,2021/22,2021-11-09,Bharat Ratna Shri Atal Bihari Vajpayee Ekana Cricket Stadium B,2,14.4,Tamil Nadu,Punjab,N Jagadeesan,V Shankar,Harpreet Brar,4,0,,,,,,,,,
1280276,2021/22,2021-11-09,Bharat Ratna Shri Atal Bihari Vajpayee Ekana Cricket Stadium B,2,14.5,Tamil Nadu,Punjab,N Jagadeesan,V Shankar,Harpreet Brar,1,0,,,,,,,,,
1280276,2021/22,2021-11-09,Bharat Ratna Shri Atal Bihari Vajpayee Ekana Cricket Stadium B,2,14.6,Tamil Nadu,Punjab,V Shankar,N Jagadeesan,Harpreet Brar,1,0,,,,,,,,,
1280276,2021/22,2021-11-09,Bharat Ratna Shri Atal Bihari Vajpayee Ekana Cricket Stadium B,2,15.1,Tamil Nadu,Punjab,V Shankar,N Jagadeesan,Krishan Alang,1,0,,,,,,,,,
1280276,2021/22,2021-11-09,Bharat Ratna Shri Atal Bihari Vajpayee Ekana Cricket Stadium B,2,15.2,Tamil Nadu,Punjab,N Jagadeesan,V Shankar,Krishan Alang,1,0,,,,,,,,,
1280276,2021/22,2021-11-09,Bharat Ratna Shri Atal Bihari Vajpayee Ekana Cricket Stadium B,2,15.3,Tamil Nadu,Punjab,V Shankar,N Jagadeesan,Krishan Alang,0,2,2,,,,,,,,
1280276,2021/22,2021-11-09,Bharat Ratna Shri Atal Bihari Vajpayee Ekana Cricket Stadium B,2,15.4,Tamil Nadu,Punjab,N Jagadeesan,V Shankar,Krishan Alang,1,0,,,,,,,,,
1280276,2021/22,2021-11-09,Bharat Ratna Shri Atal Bihari Vajpayee Ekana Cricket Stadium B,2,15.5,Tamil Nadu,Punjab,V Shankar,N Jagadeesan,Krishan Alang,1,0,,,,,,,,,
1280276,2021/22,2021-11-09,Bharat Ratna Shri Atal Bihari Vajpayee Ekana Cricket Stadium B,2,15.6,Tamil Nadu,Punjab,N Jagadeesan,V Shankar,Krishan Alang,4,0,,,,,,,,,
1280276,2021/22,2021-11-09,Bharat Ratna Shri Atal Bihari Vajpayee Ekana Cricket Stadium B,2,15.7,Tamil Nadu,Punjab,N Jagadeesan,V Shankar,Krishan Alang,0,0,,,,,,,,,
1280276,2021/22,2021-11-09,Bharat Ratna Shri Atal Bihari Vajpayee Ekana Cricket Stadium B,2,16.1,Tamil Nadu,Punjab,V Shankar,N Jagadeesan,Arshdeep Singh,1,0,,,,,,,,,
1280276,2021/22,2021-11-09,Bharat Ratna Shri Atal Bihari Vajpayee Ekana Cricket Stadium B,2,16.2,Tamil Nadu,Punjab,N Jagadeesan,V Shankar,Arshdeep Singh,0,0,,,,,,caught,N Jagadeesan,,
1280276,2021/22,2021-11-09,Bharat Ratna Shri Atal Bihari Vajpayee Ekana Cricket Stadium B,2,16.3,Tamil Nadu,Punjab,M Shahrukh Khan,V Shankar,Arshdeep Singh,0,0,,,,,,,,,
1280276,2021/22,2021-11-09,Bharat Ratna Shri Atal Bihari Vajpayee Ekana Cricket Stadium B,2,16.4,Tamil Nadu,Punjab,M Shahrukh Khan,V Shankar,Arshdeep Singh,1,0,,,,,,,,,
1280276,2021/22,2021-11-09,Bharat Ratna Shri Atal Bihari Vajpayee Ekana Cricket Stadium B,2,16.5,Tamil Nadu,Punjab,V Shankar,M Shahrukh Khan,Arshdeep Singh,1,0,,,,,,,,,
1280276,2021/22,2021-11-09,Bharat Ratna Shri Atal Bihari Vajpayee Ekana Cricket Stadium B,2,16.6,Tamil Nadu,Punjab,M Shahrukh Khan,V Shankar,Arshdeep Singh,6,0,,,,,,,,,
1280276,2021/22,2021-11-09,Bharat Ratna Shri Atal Bihari Vajpayee Ekana Cricket Stadium B,2,17.1,Tamil Nadu,Punjab,V Shankar,M Shahrukh Khan,S Kaul,4,0,,,,,,,,,
