match_id,season,start_date,venue,innings,ball,batting_team,bowling_team,striker,non_striker,bowler,runs_off_bat,extras,wides,noballs,byes,legbyes,penalty,wicket_type,player_dismissed,other_wicket_type,other_player_dismissed
1280293,2021/22,2021-11-16,Arun Jaitley Stadium,1,0.1,Maharashtra,Vidarbha,Yash Nahar,Naushad Shaikh,DG Nalkande,0,0,,,,,,,,,
1280293,2021/22,2021-11-16,Arun Jaitley Stadium,1,0.2,Maharashtra,Vidarbha,Yash Nahar,Naushad Shaikh,DG Nalkande,2,0,,,,,,,,,
1280293,2021/22,2021-11-16,Arun Jaitley Stadium,1,0.3,Maharashtra,Vidarbha,Yash Nahar,Naushad Shaikh,DG Nalkande,0,0,,,,,,,,,
1280293,2021/22,2021-11-16,Arun Jaitley Stadium,1,0.4,Maharashtra,Vidarbha,Yash Nahar,Naushad Shaikh,DG Nalkande,0,0,,,,,,,,,
1280293,2021/22,2021-11-16,Arun Jaitley Stadium,1,0.5,Maharashtra,Vidarbha,Yash Nahar,Naushad Shaikh,DG Nalkande,4,0,,,,,,,,,
1280293,2021/22,2021-11-16,Arun Jaitley Stadium,1,0.6,Maharashtra,Vidarbha,Yash Nahar,Naushad Shaikh,DG Nalkande,0,1,1,,,,,,,,
1280293,2021/22,2021-11-16,Arun Jaitley Stadium,1,0.7,Maharashtra,Vidarbha,Yash Nahar,Naushad Shaikh,DG Nalkande,0,1,1,,,,,,,,
1280293,2021/22,2021-11-16,Arun Jaitley Stadium,1,0.8,Maharashtra,Vidarbha,Yash Nahar,Naushad Shaikh,DG Nalkande,0,1,,,,1,,,,,
1280293,2021/22,2021-11-16,Arun Jaitley Stadium,1,1.1,Maharashtra,Vidarbha,Yash Nahar,Naushad Shaikh,Yash Thakur,2,0,,,,,,,,,
1280293,2021/22,2021-11-16,Arun Jaitley Stadium,1,1.2,Maharashtra,Vidarbha,Yash Nahar,Naushad Shaikh,Yash Thakur,0,0,,,,,,,,,
1280293,2021/22,2021-11-16,Arun Jaitley Stadium,1,1.3,Maharashtra,Vidarbha,Yash Nahar,Naushad Shaikh,Yash Thakur,0,1,1,,,,,,,,
1280293,2021/22,2021-11-16,Arun Jaitley Stadium,1,1.4,Maharashtra,Vidarbha,Yash Nahar,Naushad Shaikh,Yash Thakur,1,0,,,,,,,,,
1280293,2021/22,2021-11-16,Arun Jaitley Stadium,1,1.5,Maharashtra,Vidarbha,Naushad Shaikh,Yash Nahar,Yash Thakur,0,0,,,,,,lbw,Naushad Shaikh,,
1280293,2021/22,2021-11-16,Arun Jaitley Stadium,1,1.6,Maharashtra,Vidarbha,RA Tripathi,Yash Nahar,Yash Thakur,0,0,,,,,,,,,
1280293,2021/22,2021-11-16,Arun Jaitley Stadium,1,1.7,Maharashtra,Vidarbha,RA Tripathi,Yash Nahar,Yash Thakur,0,0,,,,,,,,,
1280293,2021/22,2021-11-16,Arun Jaitley Stadium,1,2.1,Maharashtra,Vidarbha,Yash Nahar,RA Tripathi,Akshay Karnewar,1,0,,,,,,,,,
1280293,2021/22,2021-11-16,Arun Jaitley Stadium,1,2.2,Maharashtra,Vidarbha,RA Tripathi,Yash Nahar,Akshay Karnewar,1,0,,,,,,,,,
1280293,2021/22,2021-11-16,Arun Jaitley Stadium,1,2.3,Maharashtra,Vidarbha,Yash Nahar,RA Tripathi,Akshay Karnewar,1,0,,,,,,,,,
1280293,2021/22,2021-11-16,Arun Jaitley Stadium,1,2.4,Maharashtra,Vidarbha,RA Tripathi,Yash Nahar,Akshay Karnewar,6,0,,,,,,,,,
1280293,2021/22,2021-11-16,Arun Jaitley Stadium,1,2.5,Maharashtra,Vidarbha,RA Tripathi,Yash Nahar,Akshay Karnewar,1,0,,,,,,,,,
1280293,2021/22,2021-11-16,Arun Jaitley Stadium,1,2.6,Maharashtra,Vidarbha,Yash Nahar,RA Tripathi,Akshay Karnewar,0,0,,,,,,,,,
1280293,2021/22,2021-11-16,Arun Jaitley Stadium,1,3.1,Maharashtra,Vidarbha,RA Tripathi,Yash Nahar,Yash Thakur,1,0,,,,,,,,,
1280293,2021/22,2021-11-16,Arun Jaitley Stadium,1,3.2,Maharashtra,Vidarbha,Yash Nahar,RA Tripathi,Yash Thakur,1,0,,,,,,,,,
1280293,2021/22,2021-11-16,Arun Jaitley Stadium,1,3.3,Maharashtra,Vidarbha,RA Tripathi,Yash Nahar,Yash Thakur,1,0,,,,,,,,,
1280293,2021/22,2021-11-16,Arun Jaitley Stadium,1,3.4,Maharashtra,Vidarbha,Yash Nahar,RA Tripathi,Yash Thakur,0,1,,,,1,,,,,
1280293,2021/22,2021-11-16,Arun Jaitley Stadium,1,3.5,Maharashtra,Vidarbha,RA Tripathi,Yash Nahar,Yash Thakur,1,0,,,,,,,,,
1280293,2021/22,2021-11-16,Arun Jaitley Stadium,1,3.6,Maharashtra,Vidarbha,Yash Nahar,RA Tripathi,Yash Thakur,0,0,,,,,,,,,
1280293,2021/22,2021-11-16,Arun Jaitley Stadium,1,4.1,Maharashtra,Vidarbha,RA Tripathi,Yash Nahar,LM Yadav,4,0,,,,,,,,,
1280293,2021/22,2021-11-16,Arun Jaitley Stadium,1,4.2,Maharashtra,Vidarbha,RA Tripathi,Yash Nahar,LM Yadav,0,1,1,,,,,,,,
1280293,2021/22,2021-11-16,Arun Jaitley Stadium,1,4.3,Maharashtra,Vidarbha,RA Tripathi,Yash Nahar,LM Yadav,0,0,,,,,,,,,
1280293,2021/22,2021-11-16,Arun Jaitley Stadium,1,4.4,Maharashtra,Vidarbha,RA Tripathi,Yash Nahar,LM Yadav,0,0,,,,,,,,,
1280293,2021/22,2021-11-16,Arun Jaitley Stadium,1,4.5,Maharashtra,Vidarbha,RA Tripathi,Yash Nahar,LM Yadav,4,0,,,,,,,,,
1280293,2021/22,2021-11-16,Arun Jaitley Stadium,1,4.6,Maharashtra,Vidarbha,RA Tripathi,Yash Nahar,LM Yadav,4,0,,,,,,,,,
1280293,2021/22,2021-11-16,Arun Jaitley Stadium,1,4.7,Maharashtra,Vidarbha,RA Tripathi,Yash Nahar,LM Yadav,1,0,,,,,,,,,
1280293,2021/22,2021-11-16,Arun Jaitley Stadium,1,5.1,Maharashtra,Vidarbha,RA Tripathi,Yash Nahar,DG Nalkande,6,0,,,,,,,,,
1280293,2021/22,2021-11-16,Arun Jaitley Stadium,1,5.2,Maharashtra,Vidarbha,RA Tripathi,Yash Nahar,DG Nalkande,1,0,,,,,,,,,
1280293,2021/22,2021-11-16,Arun Jaitley Stadium,1,5.3,Maharashtra,Vidarbha,Yash Nahar,RA Tripathi,DG Nalkande,4,0,,,,,,,,,
1280293,2021/22,2021-11-16,Arun Jaitley Stadium,1,5.4,Maharashtra,Vidarbha,Yash Nahar,RA Tripathi,DG Nalkande,4,0,,,,,,,,,
1280293,2021/22,2021-11-16,Arun Jaitley Stadium,1,5.5,Maharashtra,Vidarbha,Yash Nahar,RA Tripathi,DG Nalkande,0,0,,,,,,,,,
1280293,2021/22,2021-11-16,Arun Jaitley Stadium,1,5.6,Maharashtra,Vidarbha,Yash Nahar,RA Tripathi,DG Nalkande,0,0,,,,,,,,,
1280293,2021/22,2021-11-16,Arun Jaitley Stadium,1,6.1,Maharashtra,Vidarbha,RA Tripathi,Yash Nahar,LM Yadav,2,0,,,,,,,,,
1280293,2021/22,2021-11-16,Arun Jaitley Stadium,1,6.2,Maharashtra,Vidarbha,RA Tripathi,Yash Nahar,LM Yadav,0,1,1,,,,,,,,
1280293,2021/22,2021-11-16,Arun Jaitley Stadium,1,6.3,Maharashtra,Vidarbha,RA Tripathi,Yash Nahar,LM Yadav,0,0,,,,,,,,,
1280293,2021/22,2021-11-16,Arun Jaitley Stadium,1,6.4,Maharashtra,Vidarbha,RA Tripathi,Yash Nahar,LM Yadav,1,0,,,,,,,,,
1280293,2021/22,2021-11-16,Arun Jaitley Stadium,1,6.5,Maharashtra,Vidarbha,Yash Nahar,RA Tripathi,LM Yadav,1,0,,,,,,,,,
1280293,2021/22,2021-11-16,Arun Jaitley Stadium,1,6.6,Maharashtra,Vidarbha,RA Tripathi,Yash Nahar,LM Yadav,4,0,,,,,,,,,
1280293,2021/22,2021-11-16,Arun Jaitley Stadium,1,6.7,Maharashtra,Vidarbha,RA Tripathi,Yash Nahar,LM Yadav,1,0,,,,,,,,,
1280293,2021/22,2021-11-16,Arun Jaitley Stadium,1,7.1,Maharashtra,Vidarbha,RA Tripathi,Yash Nahar,Akshay Wakhare,1,0,,,,,,,,,
1280293,2021/22,2021-11-16,Arun Jaitley Stadium,1,7.2,Maharashtra,Vidarbha,Yash Nahar,RA Tripathi,Akshay Wakhare,6,0,,,,,,,,,
1280293,2021/22,2021-11-16,Arun Jaitley Stadium,1,7.3,Maharashtra,Vidarbha,Yash Nahar,RA Tripathi,Akshay Wakhare,1,0,,,,,,,,,
1280293,2021/22,2021-11-16,Arun Jaitley Stadium,1,7.4,Maharashtra,Vidarbha,RA Tripathi,Yash Nahar,Akshay Wakhare,1,0,,,,,,,,,
1280293,2021/22,2021-11-16,Arun Jaitley Stadium,1,7.5,Maharashtra,Vidarbha,Yash Nahar,RA Tripathi,Akshay Wakhare,0,0,,,,,,,,,
1280293,2021/22,2021-11-16,Arun Jaitley Stadium,1,7.6,Maharashtra,Vidarbha,Yash Nahar,RA Tripathi,Akshay Wakhare,1,0,,,,,,,,,
1280293,2021/22,2021-11-16,Arun Jaitley Stadium,1,8.1,Maharashtra,Vidarbha,Yash Nahar,RA Tripathi,Akshay Karnewar,0,0,,,,,,caught,Yash Nahar,,
1280293,2021/22,2021-11-16,Arun Jaitley Stadium,1,8.2,Maharashtra,Vidarbha,KM Jadhav,RA Tripathi,Akshay Karnewar,1,0,,,,,,,,,
1280293,2021/22,2021-11-16,Arun Jaitley Stadium,1,8.3,Maharashtra,Vidarbha,RA Tripathi,KM Jadhav,Akshay Karnewar,1,0,,,,,,,,,
1280293,2021/22,2021-11-16,Arun Jaitley Stadium,1,8.4,Maharashtra,Vidarbha,KM Jadhav,RA Tripathi,Akshay Karnewar,1,0,,,,,,,,,
1280293,2021/22,2021-11-16,Arun Jaitley Stadium,1,8.5,Maharashtra,Vidarbha,RA Tripathi,KM Jadhav,Akshay Karnewar,1,0,,,,,,,,,
1280293,2021/22,2021-11-16,Arun Jaitley Stadium,1,8.6,Maharashtra,Vidarbha,KM Jadhav,RA Tripathi,Akshay Karnewar,0,0,,,,,,,,,
1280293,2021/22,2021-11-16,Arun Jaitley Stadium,1,9.1,Maharashtra,Vidarbha,RA Tripathi,KM Jadhav,Akshay Wakhare,1,0,,,,,,,,,
1280293,2021/22,2021-11-16,Arun Jaitley Stadium,1,9.2,Maharashtra,Vidarbha,KM Jadhav,RA Tripathi,Akshay Wakhare,1,0,,,,,,,,,
1280293,2021/22,2021-11-16,Arun Jaitley Stadium,1,9.3,Maharashtra,Vidarbha,RA Tripathi,KM Jadhav,Akshay Wakhare,1,0,,,,,,,,,
1280293,2021/22,2021-11-16,Arun Jaitley Stadium,1,9.4,Maharashtra,Vidarbha,KM Jadhav,RA Tripathi,Akshay Wakhare,2,0,,,,,,,,,
1280293,2021/22,2021-11-16,Arun Jaitley Stadium,1,9.5,Maharashtra,Vidarbha,KM Jadhav,RA Tripathi,Akshay Wakhare,0,1,1,,,,,,,,
1280293,2021/22,2021-11-16,Arun Jaitley Stadium,1,9.6,Maharashtra,Vidarbha,KM Jadhav,RA Tripathi,Akshay Wakhare,1,0,,,,,,,,,
1280293,2021/22,2021-11-16,Arun Jaitley Stadium,1,9.7,Maharashtra,Vidarbha,RA Tripathi,KM Jadhav,Akshay Wakhare,0,2,2,,,,,,,,
1280293,2021/22,2021-11-16,Arun Jaitley Stadium,1,9.8,Maharashtra,Vidarbha,KM Jadhav,RA Tripathi,Akshay Wakhare,0,0,,,,,,,,,
1280293,2021/22,2021-11-16,Arun Jaitley Stadium,1,10.1,Maharashtra,Vidarbha,RA Tripathi,KM Jadhav,Akshay Karnewar,0,0,,,,,,,,,
1280293,2021/22,2021-11-16,Arun Jaitley Stadium,1,10.2,Maharashtra,Vidarbha,RA Tripathi,KM Jadhav,Akshay Karnewar,1,0,,,,,,,,,
1280293,2021/22,2021-11-16,Arun Jaitley Stadium,1,10.3,Maharashtra,Vidarbha,KM Jadhav,RA Tripathi,Akshay Karnewar,0,0,,,,,,bowled,KM Jadhav,,
1280293,2021/22,2021-11-16,Arun Jaitley Stadium,1,10.4,Maharashtra,Vidarbha,Azim Kazi,RA Tripathi,Akshay Karnewar,0,0,,,,,,,,,
1280293,2021/22,2021-11-16,Arun Jaitley Stadium,1,10.5,Maharashtra,Vidarbha,Azim Kazi,RA Tripathi,Akshay Karnewar,0,0,,,,,,,,,
1280293,2021/22,2021-11-16,Arun Jaitley Stadium,1,10.6,Maharashtra,Vidarbha,Azim Kazi,RA Tripathi,Akshay Karnewar,1,0,,,,,,,,,
1280293,2021/22,2021-11-16,Arun Jaitley Stadium,1,11.1,Maharashtra,Vidarbha,Azim Kazi,RA Tripathi,Akshay Wakhare,1,0,,,,,,,,,
1280293,2021/22,2021-11-16,Arun Jaitley Stadium,1,11.2,Maharashtra,Vidarbha,RA Tripathi,Azim Kazi,Akshay Wakhare,2,0,,,,,,,,,
1280293,2021/22,2021-11-16,Arun Jaitley Stadium,1,11.3,Maharashtra,Vidarbha,RA Tripathi,Azim Kazi,Akshay Wakhare,1,0,,,,,,,,,
1280293,2021/22,2021-11-16,Arun Jaitley Stadium,1,11.4,Maharashtra,Vidarbha,Azim Kazi,RA Tripathi,Akshay Wakhare,1,0,,,,,,,,,
1280293,2021/22,2021-11-16,Arun Jaitley Stadium,1,11.5,Maharashtra,Vidarbha,RA Tripathi,Azim Kazi,Akshay Wakhare,0,0,,,,,,,,,
1280293,2021/22,2021-11-16,Arun Jaitley Stadium,1,11.6,Maharashtra,Vidarbha,RA Tripathi,Azim Kazi,Akshay Wakhare,1,0,,,,,,,,,
1280293,2021/22,2021-11-16,Arun Jaitley Stadium,1,12.1,Maharashtra,Vidarbha,RA Tripathi,Azim Kazi,LM Yadav,0,0,,,,,,,,,
1280293,2021/22,2021-11-16,Arun Jaitley Stadium,1,12.2,Maharashtra,Vidarbha,RA Tripathi,Azim Kazi,LM Yadav,0,0,,,,,,,,,
1280293,2021/22,2021-11-16,Arun Jaitley Stadium,1,12.3,Maharashtra,Vidarbha,RA Tripathi,Azim Kazi,LM Yadav,0,0,,,,,,,,,
1280293,2021/22,2021-11-16,Arun Jaitley Stadium,1,12.4,Maharashtra,Vidarbha,RA Tripathi,Azim Kazi,LM Yadav,1,0,,,,,,,,,
1280293,2021/22,2021-11-16,Arun Jaitley Stadium,1,12.5,Maharashtra,Vidarbha,Azim Kazi,RA Tripathi,LM Yadav,1,0,,,,,,,,,
1280293,2021/22,2021-11-16,Arun Jaitley Stadium,1,12.6,Maharashtra,Vidarbha,RA Tripathi,Azim Kazi,LM Yadav,1,0,,,,,,,,,
1280293,2021/22,2021-11-16,Arun Jaitley Stadium,1,13.1,Maharashtra,Vidarbha,RA Tripathi,Azim Kazi,Akshay Karnewar,6,0,,,,,,,,,
1280293,2021/22,2021-11-16,Arun Jaitley Stadium,1,13.2,Maharashtra,Vidarbha,RA Tripathi,Azim Kazi,Akshay Karnewar,1,0,,,,,,,,,
1280293,2021/22,2021-11-16,Arun Jaitley Stadium,1,13.3,Maharashtra,Vidarbha,Azim Kazi,RA Tripathi,Akshay Karnewar,1,0,,,,,,,,,
1280293,2021/22,2021-11-16,Arun Jaitley Stadium,1,13.4,Maharashtra,Vidarbha,RA Tripathi,Azim Kazi,Akshay Karnewar,1,0,,,,,,,,,
1280293,2021/22,2021-11-16,Arun Jaitley Stadium,1,13.5,Maharashtra,Vidarbha,Azim Kazi,RA Tripathi,Akshay Karnewar,0,0,,,,,,,,,
1280293,2021/22,2021-11-16,Arun Jaitley Stadium,1,13.6,Maharashtra,Vidarbha,Azim Kazi,RA Tripathi,Akshay Karnewar,0,0,,,,,,,,,
1280293,2021/22,2021-11-16,Arun Jaitley Stadium,1,14.1,Maharashtra,Vidarbha,RA Tripathi,Azim Kazi,DG Nalkande,4,0,,,,,,,,,
1280293,2021/22,2021-11-16,Arun Jaitley Stadium,1,14.2,Maharashtra,Vidarbha,RA Tripathi,Azim Kazi,DG Nalkande,1,0,,,,,,,,,
1280293,2021/22,2021-11-16,Arun Jaitley Stadium,1,14.3,Maharashtra,Vidarbha,Azim Kazi,RA Tripathi,DG Nalkande,4,0,,,,,,,,,
1280293,2021/22,2021-11-16,Arun Jaitley Stadium,1,14.4,Maharashtra,Vidarbha,Azim Kazi,RA Tripathi,DG Nalkande,0,0,,,,,,,,,
1280293,2021/22,2021-11-16,Arun Jaitley Stadium,1,14.5,Maharashtra,Vidarbha,Azim Kazi,RA Tripathi,DG Nalkande,1,0,,,,,,,,,
1280293,2021/22,2021-11-16,Arun Jaitley Stadium,1,14.6,Maharashtra,Vidarbha,RA Tripathi,Azim Kazi,DG Nalkande,1,0,,,,,,,,,
1280293,2021/22,2021-11-16,Arun Jaitley Stadium,1,15.1,Maharashtra,Vidarbha,RA Tripathi,Azim Kazi,Akshay Wakhare,0,0,,,,,,caught,RA Tripathi,,
1280293,2021/22,2021-11-16,Arun Jaitley Stadium,1,15.2,Maharashtra,Vidarbha,Ranjeet Nikam,Azim Kazi,Akshay Wakhare,0,0,,,,,,,,,
1280293,2021/22,2021-11-16,Arun Jaitley Stadium,1,15.3,Maharashtra,Vidarbha,Ranjeet Nikam,Azim Kazi,Akshay Wakhare,0,0,,,,,,,,,
1280293,2021/22,2021-11-16,Arun Jaitley Stadium,1,15.4,Maharashtra,Vidarbha,Ranjeet Nikam,Azim Kazi,Akshay Wakhare,6,0,,,,,,,,,
1280293,2021/22,2021-11-16,Arun Jaitley Stadium,1,15.5,Maharashtra,Vidarbha,Ranjeet Nikam,Azim Kazi,Akshay Wakhare,1,0,,,,,,,,,
1280293,2021/22,2021-11-16,Arun Jaitley Stadium,1,15.6,Maharashtra,Vidarbha,Azim Kazi,Ranjeet Nikam,Akshay Wakhare,0,0,,,,,,,,,
1280293,2021/22,2021-11-16,Arun Jaitley Stadium,1,16.1,Maharashtra,Vidarbha,Ranjeet Nikam,Azim Kazi,LM Yadav,0,0,,,,,,,,,
1280293,2021/22,2021-11-16,Arun Jaitley Stadium,1,16.2,Maharashtra,Vidarbha,Ranjeet Nikam,Azim Kazi,LM Yadav,1,0,,,,,,,,,
1280293,2021/22,2021-11-16,Arun Jaitley Stadium,1,16.3,Maharashtra,Vidarbha,Azim Kazi,Ranjeet Nikam,LM Yadav,2,0,,,,,,,,,
1280293,2021/22,2021-11-16,Arun Jaitley Stadium,1,16.4,Maharashtra,Vidarbha,Azim Kazi,Ranjeet Nikam,LM Yadav,1,0,,,,,,,,,
1280293,2021/22,2021-11-16,Arun Jaitley Stadium,1,16.5,Maharashtra,Vidarbha,Ranjeet Nikam,Azim Kazi,LM Yadav,0,0,,,,,,,,,
1280293,2021/22,2021-11-16,Arun Jaitley Stadium,1,16.6,Maharashtra,Vidarbha,Ranjeet Nikam,Azim Kazi,LM Yadav,0,0,,,,,,,,,
1280293,2021/22,2021-11-16,Arun Jaitley Stadium,1,17.1,Maharashtra,Vidarbha,Azim Kazi,Ranjeet Nikam,Yash Thakur,1,0,,,,,,,,,
1280293,2021/22,2021-11-16,Arun Jaitley Stadium,1,17.2,Maharashtra,Vidarbha,Ranjeet Nikam,Azim Kazi,Yash Thakur,0,0,,,,,,caught,Ranjeet Nikam,,
1280293,2021/22,2021-11-16,Arun Jaitley Stadium,1,17.3,Maharashtra,Vidarbha,Azim Kazi,Divyang Hinganekar,Yash Thakur,0,4,,,,4,,,,,
1280293,2021/22,2021-11-16,Arun Jaitley Stadium,1,17.4,Maharashtra,Vidarbha,Azim Kazi,Divyang Hinganekar,Yash Thakur,1,0,,,,,,,,,
1280293,2021/22,2021-11-16,Arun Jaitley Stadium,1,17.5,Maharashtra,Vidarbha,Divyang Hinganekar,Azim Kazi,Yash Thakur,0,0,,,,,,bowled,Divyang Hinganekar,,
1280293,2021/22,2021-11-16,Arun Jaitley Stadium,1,17.6,Maharashtra,Vidarbha,Sunil Yadav,Azim Kazi,Yash Thakur,1,0,,,,,,,,,
1280293,2021/22,2021-11-16,Arun Jaitley Stadium,1,18.1,Maharashtra,Vidarbha,Sunil Yadav,Azim Kazi,DG Nalkande,1,0,,,,,,,,,
1280293,2021/22,2021-11-16,Arun Jaitley Stadium,1,18.2,Maharashtra,Vidarbha,Azim Kazi,Sunil Yadav,DG Nalkande,0,0,,,,,,caught,Azim Kazi,,
1280293,2021/22,2021-11-16,Arun Jaitley Stadium,1,18.3,Maharashtra,Vidarbha,Sunil Yadav,Satyajeet Bachhav,DG Nalkande,0,0,,,,,,,,,
1280293,2021/22,2021-11-16,Arun Jaitley Stadium,1,18.4,Maharashtra,Vidarbha,Sunil Yadav,Satyajeet Bachhav,DG Nalkande,1,0,,,,,,,,,
1280293,2021/22,2021-11-16,Arun Jaitley Stadium,1,18.5,Maharashtra,Vidarbha,Satyajeet Bachhav,Sunil Yadav,DG Nalkande,0,1,1,,,,,,,,
1280293,2021/22,2021-11-16,Arun Jaitley Stadium,1,18.6,Maharashtra,Vidarbha,Satyajeet Bachhav,Sunil Yadav,DG Nalkande,4,0,,,,,,,,,
1280293,2021/22,2021-11-16,Arun Jaitley Stadium,1,18.7,Maharashtra,Vidarbha,Satyajeet Bachhav,Sunil Yadav,DG Nalkande,4,0,,,,,,,,,
1280293,2021/22,2021-11-16,Arun Jaitley Stadium,1,19.1,Maharashtra,Vidarbha,Sunil Yadav,Satyajeet Bachhav,Yash Thakur,0,1,,,,1,,,,,
1280293,2021/22,2021-11-16,Arun Jaitley Stadium,1,19.2,Maharashtra,Vidarbha,Satyajeet Bachhav,Sunil Yadav,Yash Thakur,1,0,,,,,,,,,
1280293,2021/22,2021-11-16,Arun Jaitley Stadium,1,19.3,Maharashtra,Vidarbha,Sunil Yadav,Satyajeet Bachhav,Yash Thakur,1,0,,,,,,,,,
1280293,2021/22,2021-11-16,Arun Jaitley Stadium,1,19.4,Maharashtra,Vidarbha,Satyajeet Bachhav,Sunil Yadav,Yash Thakur,1,0,,,,,,,,,
1280293,2021/22,2021-11-16,Arun Jaitley Stadium,1,19.5,Maharashtra,Vidarbha,Sunil Yadav,Satyajeet Bachhav,Yash Thakur,2,0,,,,,,,,,
1280293,2021/22,2021-11-16,Arun Jaitley Stadium,1,19.6,Maharashtra,Vidarbha,Sunil Yadav,Satyajeet Bachhav,Yash Thakur,1,0,,,,,,run out,Sunil Yadav,,
1280293,2021/22,2021-11-16,Arun Jaitley Stadium,2,0.1,Vidarbha,Maharashtra,Siddhesh Wath,Atharva Taide,Mukesh Choudhary,0,0,,,,,,,,,
1280293,2021/22,2021-11-16,Arun Jaitley Stadium,2,0.2,Vidarbha,Maharashtra,Siddhesh Wath,Atharva Taide,Mukesh Choudhary,0,0,,,,,,,,,
1280293,2021/22,2021-11-16,Arun Jaitley Stadium,2,0.3,Vidarbha,Maharashtra,Siddhesh Wath,Atharva Taide,Mukesh Choudhary,0,0,,,,,,bowled,Siddhesh Wath,,
1280293,2021/22,2021-11-16,Arun Jaitley Stadium,2,0.4,Vidarbha,Maharashtra,Akshay Wadkar,Atharva Taide,Mukesh Choudhary,0,0,,,,,,,,,
1280293,2021/22,2021-11-16,Arun Jaitley Stadium,2,0.5,Vidarbha,Maharashtra,Akshay Wadkar,Atharva Taide,Mukesh Choudhary,0,0,,,,,,,,,
1280293,2021/22,2021-11-16,Arun Jaitley Stadium,2,0.6,Vidarbha,Maharashtra,Akshay Wadkar,Atharva Taide,Mukesh Choudhary,0,0,,,,,,,,,
1280293,2021/22,2021-11-16,Arun Jaitley Stadium,2,1.1,Vidarbha,Maharashtra,Atharva Taide,Akshay Wadkar,A Palkar,0,0,,,,,,,,,
1280293,2021/22,2021-11-16,Arun Jaitley Stadium,2,1.2,Vidarbha,Maharashtra,Atharva Taide,Akshay Wadkar,A Palkar,0,0,,,,,,,,,
1280293,2021/22,2021-11-16,Arun Jaitley Stadium,2,1.3,Vidarbha,Maharashtra,Atharva Taide,Akshay Wadkar,A Palkar,0,0,,,,,,,,,
1280293,2021/22,2021-11-16,Arun Jaitley Stadium,2,1.4,Vidarbha,Maharashtra,Atharva Taide,Akshay Wadkar,A Palkar,4,0,,,,,,,,,
1280293,2021/22,2021-11-16,Arun Jaitley Stadium,2,1.5,Vidarbha,Maharashtra,Atharva Taide,Akshay Wadkar,A Palkar,1,0,,,,,,,,,
1280293,2021/22,2021-11-16,Arun Jaitley Stadium,2,1.6,Vidarbha,Maharashtra,Akshay Wadkar,Atharva Taide,A Palkar,4,0,,,,,,,,,
1280293,2021/22,2021-11-16,Arun Jaitley Stadium,2,2.1,Vidarbha,Maharashtra,Atharva Taide,Akshay Wadkar,Mukesh Choudhary,4,0,,,,,,,,,
1280293,2021/22,2021-11-16,Arun Jaitley Stadium,2,2.2,Vidarbha,Maharashtra,Atharva Taide,Akshay Wadkar,Mukesh Choudhary,4,0,,,,,,,,,
1280293,2021/22,2021-11-16,Arun Jaitley Stadium,2,2.3,Vidarbha,Maharashtra,Atharva Taide,Akshay Wadkar,Mukesh Choudhary,0,0,,,,,,,,,
1280293,2021/22,2021-11-16,Arun Jaitley Stadium,2,2.4,Vidarbha,Maharashtra,Atharva Taide,Akshay Wadkar,Mukesh Choudhary,0,0,,,,,,,,,
1280293,2021/22,2021-11-16,Arun Jaitley Stadium,2,2.5,Vidarbha,Maharashtra,Atharva Taide,Akshay Wadkar,Mukesh Choudhary,6,0,,,,,,,,,
1280293,2021/22,2021-11-16,Arun Jaitley Stadium,2,2.6,Vidarbha,Maharashtra,Atharva Taide,Akshay Wadkar,Mukesh Choudhary,4,0,,,,,,,,,
1280293,2021/22,2021-11-16,Arun Jaitley Stadium,2,3.1,Vidarbha,Maharashtra,Akshay Wadkar,Atharva Taide,Satyajeet Bachhav,1,0,,,,,,,,,
1280293,2021/22,2021-11-16,Arun Jaitley Stadium,2,3.2,Vidarbha,Maharashtra,Atharva Taide,Akshay Wadkar,Satyajeet Bachhav,1,0,,,,,,,,,
1280293,2021/22,2021-11-16,Arun Jaitley Stadium,2,3.3,Vidarbha,Maharashtra,Akshay Wadkar,Atharva Taide,Satyajeet Bachhav,1,0,,,,,,,,,
1280293,2021/22,2021-11-16,Arun Jaitley Stadium,2,3.4,Vidarbha,Maharashtra,Atharva Taide,Akshay Wadkar,Satyajeet Bachhav,1,0,,,,,,,,,
1280293,2021/22,2021-11-16,Arun Jaitley Stadium,2,3.5,Vidarbha,Maharashtra,Akshay Wadkar,Atharva Taide,Satyajeet Bachhav,1,0,,,,,,,,,
1280293,2021/22,2021-11-16,Arun Jaitley Stadium,2,3.6,Vidarbha,Maharashtra,Atharva Taide,Akshay Wadkar,Satyajeet Bachhav,1,0,,,,,,,,,
1280293,2021/22,2021-11-16,Arun Jaitley Stadium,2,4.1,Vidarbha,Maharashtra,Atharva Taide,Akshay Wadkar,A Palkar,2,0,,,,,,,,,
1280293,2021/22,2021-11-16,Arun Jaitley Stadium,2,4.2,Vidarbha,Maharashtra,Atharva Taide,Akshay Wadkar,A Palkar,1,0,,,,,,,,,
1280293,2021/22,2021-11-16,Arun Jaitley Stadium,2,4.3,Vidarbha,Maharashtra,Akshay Wadkar,Atharva Taide,A Palkar,4,0,,,,,,,,,
1280293,2021/22,2021-11-16,Arun Jaitley Stadium,2,4.4,Vidarbha,Maharashtra,Akshay Wadkar,Atharva Taide,A Palkar,0,0,,,,,,,,,
1280293,2021/22,2021-11-16,Arun Jaitley Stadium,2,4.5,Vidarbha,Maharashtra,Akshay Wadkar,Atharva Taide,A Palkar,1,0,,,,,,,,,
1280293,2021/22,2021-11-16,Arun Jaitley Stadium,2,4.6,Vidarbha,Maharashtra,Atharva Taide,Akshay Wadkar,A Palkar,1,0,,,,,,,,,
1280293,2021/22,2021-11-16,Arun Jaitley Stadium,2,5.1,Vidarbha,Maharashtra,Atharva Taide,Akshay Wadkar,Azim Kazi,1,0,,,,,,,,,
1280293,2021/22,2021-11-16,Arun Jaitley Stadium,2,5.2,Vidarbha,Maharashtra,Akshay Wadkar,Atharva Taide,Azim Kazi,4,0,,,,,,,,,
1280293,2021/22,2021-11-16,Arun Jaitley Stadium,2,5.3,Vidarbha,Maharashtra,Akshay Wadkar,Atharva Taide,Azim Kazi,1,0,,,,,,,,,
1280293,2021/22,2021-11-16,Arun Jaitley Stadium,2,5.4,Vidarbha,Maharashtra,Atharva Taide,Akshay Wadkar,Azim Kazi,0,0,,,,,,,,,
1280293,2021/22,2021-11-16,Arun Jaitley Stadium,2,5.5,Vidarbha,Maharashtra,Atharva Taide,Akshay Wadkar,Azim Kazi,1,0,,,,,,,,,
1280293,2021/22,2021-11-16,Arun Jaitley Stadium,2,5.6,Vidarbha,Maharashtra,Akshay Wadkar,Atharva Taide,Azim Kazi,1,0,,,,,,,,,
1280293,2021/22,2021-11-16,Arun Jaitley Stadium,2,6.1,Vidarbha,Maharashtra,Akshay Wadkar,Atharva Taide,Sunil Yadav,1,0,,,,,,,,,
1280293,2021/22,2021-11-16,Arun Jaitley Stadium,2,6.2,Vidarbha,Maharashtra,Atharva Taide,Akshay Wadkar,Sunil Yadav,0,0,,,,,,,,,
1280293,2021/22,2021-11-16,Arun Jaitley Stadium,2,6.3,Vidarbha,Maharashtra,Atharva Taide,Akshay Wadkar,Sunil Yadav,4,0,,,,,,,,,
1280293,2021/22,2021-11-16,Arun Jaitley Stadium,2,6.4,Vidarbha,Maharashtra,Atharva Taide,Akshay Wadkar,Sunil Yadav,2,0,,,,,,,,,
1280293,2021/22,2021-11-16,Arun Jaitley Stadium,2,6.5,Vidarbha,Maharashtra,Atharva Taide,Akshay Wadkar,Sunil Yadav,1,0,,,,,,,,,
1280293,2021/22,2021-11-16,Arun Jaitley Stadium,2,6.6,Vidarbha,Maharashtra,Akshay Wadkar,Atharva Taide,Sunil Yadav,0,0,,,,,,,,,
1280293,2021/22,2021-11-16,Arun Jaitley Stadium,2,7.1,Vidarbha,Maharashtra,Atharva Taide,Akshay Wadkar,Azim Kazi,1,0,,,,,,,,,
1280293,2021/22,2021-11-16,Arun Jaitley Stadium,2,7.2,Vidarbha,Maharashtra,Akshay Wadkar,Atharva Taide,Azim Kazi,1,0,,,,,,,,,
1280293,2021/22,2021-11-16,Arun Jaitley Stadium,2,7.3,Vidarbha,Maharashtra,Atharva Taide,Akshay Wadkar,Azim Kazi,1,0,,,,,,,,,
1280293,2021/22,2021-11-16,Arun Jaitley Stadium,2,7.4,Vidarbha,Maharashtra,Akshay Wadkar,Atharva Taide,Azim Kazi,1,0,,,,,,,,,
1280293,2021/22,2021-11-16,Arun Jaitley Stadium,2,7.5,Vidarbha,Maharashtra,Atharva Taide,Akshay Wadkar,Azim Kazi,1,0,,,,,,,,,
1280293,2021/22,2021-11-16,Arun Jaitley Stadium,2,7.6,Vidarbha,Maharashtra,Akshay Wadkar,Atharva Taide,Azim Kazi,1,0,,,,,,,,,
1280293,2021/22,2021-11-16,Arun Jaitley Stadium,2,8.1,Vidarbha,Maharashtra,Akshay Wadkar,Atharva Taide,Sunil Yadav,1,0,,,,,,,,,
1280293,2021/22,2021-11-16,Arun Jaitley Stadium,2,8.2,Vidarbha,Maharashtra,Atharva Taide,Akshay Wadkar,Sunil Yadav,1,0,,,,,,,,,
1280293,2021/22,2021-11-16,Arun Jaitley Stadium,2,8.3,Vidarbha,Maharashtra,Akshay Wadkar,Atharva Taide,Sunil Yadav,1,0,,,,,,,,,
1280293,2021/22,2021-11-16,Arun Jaitley Stadium,2,8.4,Vidarbha,Maharashtra,Atharva Taide,Akshay Wadkar,Sunil Yadav,4,0,,,,,,,,,
1280293,2021/22,2021-11-16,Arun Jaitley Stadium,2,8.5,Vidarbha,Maharashtra,Atharva Taide,Akshay Wadkar,Sunil Yadav,3,0,,,,,,,,,
1280293,2021/22,2021-11-16,Arun Jaitley Stadium,2,8.6,Vidarbha,Maharashtra,Akshay Wadkar,Atharva Taide,Sunil Yadav,1,0,,,,,,,,,
1280293,2021/22,2021-11-16,Arun Jaitley Stadium,2,9.1,Vidarbha,Maharashtra,Akshay Wadkar,Atharva Taide,Divyang Hinganekar,4,0,,,,,,,,,
1280293,2021/22,2021-11-16,Arun Jaitley Stadium,2,9.2,Vidarbha,Maharashtra,Akshay Wadkar,Atharva Taide,Divyang Hinganekar,0,0,,,,,,,,,
1280293,2021/22,2021-11-16,Arun Jaitley Stadium,2,9.3,Vidarbha,Maharashtra,Akshay Wadkar,Atharva Taide,Divyang Hinganekar,1,0,,,,,,,,,
1280293,2021/22,2021-11-16,Arun Jaitley Stadium,2,9.4,Vidarbha,Maharashtra,Atharva Taide,Akshay Wadkar,Divyang Hinganekar,2,0,,,,,,,,,
1280293,2021/22,2021-11-16,Arun Jaitley Stadium,2,9.5,Vidarbha,Maharashtra,Atharva Taide,Akshay Wadkar,Divyang Hinganekar,1,0,,,,,,,,,
1280293,2021/22,2021-11-16,Arun Jaitley Stadium,2,9.6,Vidarbha,Maharashtra,Akshay Wadkar,Atharva Taide,Divyang Hinganekar,4,0,,,,,,,,,
1280293,2021/22,2021-11-16,Arun Jaitley Stadium,2,10.1,Vidarbha,Maharashtra,Atharva Taide,Akshay Wadkar,Satyajeet Bachhav,1,0,,,,,,,,,
1280293,2021/22,2021-11-16,Arun Jaitley Stadium,2,10.2,Vidarbha,Maharashtra,Akshay Wadkar,Atharva Taide,Satyajeet Bachhav,0,0,,,,,,,,,
1280293,2021/22,2021-11-16,Arun Jaitley Stadium,2,10.3,Vidarbha,Maharashtra,Akshay Wadkar,Atharva Taide,Satyajeet Bachhav,0,0,,,,,,,,,
1280293,2021/22,2021-11-16,Arun Jaitley Stadium,2,10.4,Vidarbha,Maharashtra,Akshay Wadkar,Atharva Taide,Satyajeet Bachhav,1,0,,,,,,,,,
1280293,2021/22,2021-11-16,Arun Jaitley Stadium,2,10.5,Vidarbha,Maharashtra,Atharva Taide,Akshay Wadkar,Satyajeet Bachhav,0,0,,,,,,,,,
1280293,2021/22,2021-11-16,Arun Jaitley Stadium,2,10.6,Vidarbha,Maharashtra,Atharva Taide,Akshay Wadkar,Satyajeet Bachhav,1,0,,,,,,,,,
1280293,2021/22,2021-11-16,Arun Jaitley Stadium,2,11.1,Vidarbha,Maharashtra,Atharva Taide,Akshay Wadkar,Azim Kazi,1,0,,,,,,,,,
1280293,2021/22,2021-11-16,Arun Jaitley Stadium,2,11.2,Vidarbha,Maharashtra,Akshay Wadkar,Atharva Taide,Azim Kazi,2,0,,,,,,,,,
1280293,2021/22,2021-11-16,Arun Jaitley Stadium,2,11.3,Vidarbha,Maharashtra,Akshay Wadkar,Atharva Taide,Azim Kazi,2,0,,,,,,,,,
1280293,2021/22,2021-11-16,Arun Jaitley Stadium,2,11.4,Vidarbha,Maharashtra,Akshay Wadkar,Atharva Taide,Azim Kazi,1,0,,,,,,,,,
1280293,2021/22,2021-11-16,Arun Jaitley Stadium,2,11.5,Vidarbha,Maharashtra,Atharva Taide,Akshay Wadkar,Azim Kazi,0,0,,,,,,,,,
1280293,2021/22,2021-11-16,Arun Jaitley Stadium,2,11.6,Vidarbha,Maharashtra,Atharva Taide,Akshay Wadkar,Azim Kazi,0,0,,,,,,caught,Atharva Taide,,
1280293,2021/22,2021-11-16,Arun Jaitley Stadium,2,12.1,Vidarbha,Maharashtra,Akshay Wadkar,SB Dubey,Satyajeet Bachhav,0,0,,,,,,,,,
1280293,2021/22,2021-11-16,Arun Jaitley Stadium,2,12.2,Vidarbha,Maharashtra,Akshay Wadkar,SB Dubey,Satyajeet Bachhav,4,0,,,,,,,,,
1280293,2021/22,2021-11-16,Arun Jaitley Stadium,2,12.3,Vidarbha,Maharashtra,Akshay Wadkar,SB Dubey,Satyajeet Bachhav,0,0,,,,,,,,,
1280293,2021/22,2021-11-16,Arun Jaitley Stadium,2,12.4,Vidarbha,Maharashtra,Akshay Wadkar,SB Dubey,Satyajeet Bachhav,1,0,,,,,,,,,
1280293,2021/22,2021-11-16,Arun Jaitley Stadium,2,12.5,Vidarbha,Maharashtra,SB Dubey,Akshay Wadkar,Satyajeet Bachhav,0,0,,,,,,,,,
1280293,2021/22,2021-11-16,Arun Jaitley Stadium,2,12.6,Vidarbha,Maharashtra,SB Dubey,Akshay Wadkar,Satyajeet Bachhav,1,0,,,,,,,,,
1280293,2021/22,2021-11-16,Arun Jaitley Stadium,2,13.1,Vidarbha,Maharashtra,SB Dubey,Akshay Wadkar,Azim Kazi,6,0,,,,,,,,,
1280293,2021/22,2021-11-16,Arun Jaitley Stadium,2,13.2,Vidarbha,Maharashtra,SB Dubey,Akshay Wadkar,Azim Kazi,0,0,,,,,,,,,
1280293,2021/22,2021-11-16,Arun Jaitley Stadium,2,13.3,Vidarbha,Maharashtra,SB Dubey,Akshay Wadkar,Azim Kazi,1,0,,,,,,,,,
1280293,2021/22,2021-11-16,Arun Jaitley Stadium,2,13.4,Vidarbha,Maharashtra,Akshay Wadkar,SB Dubey,Azim Kazi,2,0,,,,,,,,,
1280293,2021/22,2021-11-16,Arun Jaitley Stadium,2,13.5,Vidarbha,Maharashtra,Akshay Wadkar,SB Dubey,Azim Kazi,0,0,,,,,,,,,
1280293,2021/22,2021-11-16,Arun Jaitley Stadium,2,13.6,Vidarbha,Maharashtra,Akshay Wadkar,SB Dubey,Azim Kazi,0,0,,,,,,,,,
1280293,2021/22,2021-11-16,Arun Jaitley Stadium,2,14.1,Vidarbha,Maharashtra,SB Dubey,Akshay Wadkar,Mukesh Choudhary,2,0,,,,,,,,,
1280293,2021/22,2021-11-16,Arun Jaitley Stadium,2,14.2,Vidarbha,Maharashtra,SB Dubey,Akshay Wadkar,Mukesh Choudhary,1,0,,,,,,,,,
1280293,2021/22,2021-11-16,Arun Jaitley Stadium,2,14.3,Vidarbha,Maharashtra,Akshay Wadkar,SB Dubey,Mukesh Choudhary,1,0,,,,,,,,,
1280293,2021/22,2021-11-16,Arun Jaitley Stadium,2,14.4,Vidarbha,Maharashtra,SB Dubey,Akshay Wadkar,Mukesh Choudhary,1,0,,,,,,,,,
1280293,2021/22,2021-11-16,Arun Jaitley Stadium,2,14.5,Vidarbha,Maharashtra,Akshay Wadkar,SB Dubey,Mukesh Choudhary,1,0,,,,,,,,,
1280293,2021/22,2021-11-16,Arun Jaitley Stadium,2,14.6,Vidarbha,Maharashtra,SB Dubey,Akshay Wadkar,Mukesh Choudhary,0,0,,,,,,,,,
1280293,2021/22,2021-11-16,Arun Jaitley Stadium,2,15.1,Vidarbha,Maharashtra,Akshay Wadkar,SB Dubey,A Palkar,4,0,,,,,,,,,
1280293,2021/22,2021-11-16,Arun Jaitley Stadium,2,15.2,Vidarbha,Maharashtra,Akshay Wadkar,SB Dubey,A Palkar,1,0,,,,,,,,,
1280293,2021/22,2021-11-16,Arun Jaitley Stadium,2,15.3,Vidarbha,Maharashtra,SB Dubey,Akshay Wadkar,A Palkar,0,0,,,,,,,,,
1280293,2021/22,2021-11-16,Arun Jaitley Stadium,2,15.4,Vidarbha,Maharashtra,SB Dubey,Akshay Wadkar,A Palkar,6,0,,,,,,,,,
1280293,2021/22,2021-11-16,Arun Jaitley Stadium,2,15.5,Vidarbha,Maharashtra,SB Dubey,Akshay Wadkar,A Palkar,0,0,,,,,,caught,SB Dubey,,
1280293,2021/22,2021-11-16,Arun Jaitley Stadium,2,15.6,Vidarbha,Maharashtra,JM Sharma,Akshay Wadkar,A Palkar,4,0,,,,,,,,,
1280293,2021/22,2021-11-16,Arun Jaitley Stadium,2,16.1,Vidarbha,Maharashtra,Akshay Wadkar,JM Sharma,Satyajeet Bachhav,1,0,,,,,,,,,
1280293,2021/22,2021-11-16,Arun Jaitley Stadium,2,16.2,Vidarbha,Maharashtra,JM Sharma,Akshay Wadkar,Satyajeet Bachhav,1,0,,,,,,,,,
1280293,2021/22,2021-11-16,Arun Jaitley Stadium,2,16.3,Vidarbha,Maharashtra,Akshay Wadkar,JM Sharma,Satyajeet Bachhav,0,0,,,,,,,,,
1280293,2021/22,2021-11-16,Arun Jaitley Stadium,2,16.4,Vidarbha,Maharashtra,Akshay Wadkar,JM Sharma,Satyajeet Bachhav,1,0,,,,,,,,,
1280293,2021/22,2021-11-16,Arun Jaitley Stadium,2,16.5,Vidarbha,Maharashtra,JM Sharma,Akshay Wadkar,Satyajeet Bachhav,1,0,,,,,,,,,
1280293,2021/22,2021-11-16,Arun Jaitley Stadium,2,16.6,Vidarbha,Maharashtra,Akshay Wadkar,JM Sharma,Satyajeet Bachhav,1,0,,,,,,,,,
1280293,2021/22,2021-11-16,Arun Jaitley Stadium,2,17.1,Vidarbha,Maharashtra,Akshay Wadkar,JM Sharma,Sunil Yadav,1,0,,,,,,,,,
1280293,2021/22,2021-11-16,Arun Jaitley Stadium,2,17.2,Vidarbha,Maharashtra,JM Sharma,Akshay Wadkar,Sunil Yadav,4,0,,,,,,,,,
1280293,2021/22,2021-11-16,Arun Jaitley Stadium,2,17.3,Vidarbha,Maharashtra,JM Sharma,Akshay Wadkar,Sunil Yadav,6,0,,,,,,,,,
1280293,2021/22,2021-11-16,Arun Jaitley Stadium,2,17.4,Vidarbha,Maharashtra,JM Sharma,Akshay Wadkar,Sunil Yadav,6,0,,,,,,,,,
1280293,2021/22,2021-11-16,Arun Jaitley Stadium,2,17.5,Vidarbha,Maharashtra,JM Sharma,Akshay Wadkar,Sunil Yadav,6,0,,,,,,,,,
