match_id,season,start_date,venue,innings,ball,batting_team,bowling_team,striker,non_striker,bowler,runs_off_bat,extras,wides,noballs,byes,legbyes,penalty,wicket_type,player_dismissed,other_wicket_type,other_player_dismissed
1127449,2018,2018-07-04,County Ground,1,0.1,Northamptonshire,Leicestershire,RE Levi,BM Duckett,Mohammad Abbas,0,0,,,,,,,,,
1127449,2018,2018-07-04,County Ground,1,0.2,Northamptonshire,Leicestershire,RE Levi,BM Duckett,Mohammad Abbas,0,0,,,,,,,,,
1127449,2018,2018-07-04,County Ground,1,0.3,Northamptonshire,Leicestershire,RE Levi,BM Duckett,Mohammad Abbas,0,0,,,,,,,,,
1127449,2018,2018-07-04,County Ground,1,0.4,Northamptonshire,Leicestershire,RE Levi,BM Duckett,Mohammad Abbas,0,0,,,,,,,,,
1127449,2018,2018-07-04,County Ground,1,0.5,Northamptonshire,Leicestershire,RE Levi,BM Duckett,Mohammad Abbas,0,0,,,,,,,,,
1127449,2018,2018-07-04,County Ground,1,0.6,Northamptonshire,Leicestershire,RE Levi,BM Duckett,Mohammad Abbas,1,0,,,,,,,,,
1127449,2018,2018-07-04,County Ground,1,1.1,Northamptonshire,Leicestershire,RE Levi,BM Duckett,BA Raine,1,0,,,,,,,,,
1127449,2018,2018-07-04,County Ground,1,1.2,Northamptonshire,Leicestershire,BM Duckett,RE Levi,BA Raine,0,0,,,,,,,,,
1127449,2018,2018-07-04,County Ground,1,1.3,Northamptonshire,Leicestershire,BM Duckett,RE Levi,BA Raine,4,0,,,,,,,,,
1127449,2018,2018-07-04,County Ground,1,1.4,Northamptonshire,Leicestershire,BM Duckett,RE Levi,BA Raine,0,0,,,,,,,,,
1127449,2018,2018-07-04,County Ground,1,1.5,Northamptonshire,Leicestershire,BM Duckett,RE Levi,BA Raine,0,0,,,,,,,,,
1127449,2018,2018-07-04,County Ground,1,1.6,Northamptonshire,Leicestershire,BM Duckett,RE Levi,BA Raine,2,0,,,,,,,,,
1127449,2018,2018-07-04,County Ground,1,2.1,Northamptonshire,Leicestershire,RE Levi,BM Duckett,Mohammad Abbas,4,0,,,,,,,,,
1127449,2018,2018-07-04,County Ground,1,2.2,Northamptonshire,Leicestershire,RE Levi,BM Duckett,Mohammad Abbas,0,0,,,,,,bowled,RE Levi,,
1127449,2018,2018-07-04,County Ground,1,2.3,Northamptonshire,Leicestershire,JJ Cobb,BM Duckett,Mohammad Abbas,2,0,,,,,,,,,
1127449,2018,2018-07-04,County Ground,1,2.4,Northamptonshire,Leicestershire,JJ Cobb,BM Duckett,Mohammad Abbas,1,0,,,,,,,,,
1127449,2018,2018-07-04,County Ground,1,2.5,Northamptonshire,Leicestershire,BM Duckett,JJ Cobb,Mohammad Abbas,4,0,,,,,,,,,
1127449,2018,2018-07-04,County Ground,1,2.6,Northamptonshire,Leicestershire,BM Duckett,JJ Cobb,Mohammad Abbas,0,0,,,,,,,,,
1127449,2018,2018-07-04,County Ground,1,3.1,Northamptonshire,Leicestershire,JJ Cobb,BM Duckett,BA Raine,1,0,,,,,,,,,
1127449,2018,2018-07-04,County Ground,1,3.2,Northamptonshire,Leicestershire,BM Duckett,JJ Cobb,BA Raine,4,0,,,,,,,,,
1127449,2018,2018-07-04,County Ground,1,3.3,Northamptonshire,Leicestershire,BM Duckett,JJ Cobb,BA Raine,0,0,,,,,,,,,
1127449,2018,2018-07-04,County Ground,1,3.4,Northamptonshire,Leicestershire,BM Duckett,JJ Cobb,BA Raine,6,0,,,,,,,,,
1127449,2018,2018-07-04,County Ground,1,3.5,Northamptonshire,Leicestershire,BM Duckett,JJ Cobb,BA Raine,4,0,,,,,,,,,
1127449,2018,2018-07-04,County Ground,1,3.6,Northamptonshire,Leicestershire,BM Duckett,JJ Cobb,BA Raine,1,0,,,,,,,,,
1127449,2018,2018-07-04,County Ground,1,4.1,Northamptonshire,Leicestershire,BM Duckett,JJ Cobb,CF Parkinson,0,0,,,,,,,,,
1127449,2018,2018-07-04,County Ground,1,4.2,Northamptonshire,Leicestershire,BM Duckett,JJ Cobb,CF Parkinson,0,0,,,,,,,,,
1127449,2018,2018-07-04,County Ground,1,4.3,Northamptonshire,Leicestershire,BM Duckett,JJ Cobb,CF Parkinson,4,0,,,,,,,,,
1127449,2018,2018-07-04,County Ground,1,4.4,Northamptonshire,Leicestershire,BM Duckett,JJ Cobb,CF Parkinson,0,0,,,,,,,,,
1127449,2018,2018-07-04,County Ground,1,4.5,Northamptonshire,Leicestershire,BM Duckett,JJ Cobb,CF Parkinson,4,0,,,,,,,,,
1127449,2018,2018-07-04,County Ground,1,4.6,Northamptonshire,Leicestershire,BM Duckett,JJ Cobb,CF Parkinson,4,0,,,,,,,,,
1127449,2018,2018-07-04,County Ground,1,5.1,Northamptonshire,Leicestershire,JJ Cobb,BM Duckett,Mohammad Nabi,0,0,,,,,,,,,
1127449,2018,2018-07-04,County Ground,1,5.2,Northamptonshire,Leicestershire,JJ Cobb,BM Duckett,Mohammad Nabi,1,0,,,,,,,,,
1127449,2018,2018-07-04,County Ground,1,5.3,Northamptonshire,Leicestershire,BM Duckett,JJ Cobb,Mohammad Nabi,1,0,,,,,,,,,
1127449,2018,2018-07-04,County Ground,1,5.4,Northamptonshire,Leicestershire,JJ Cobb,BM Duckett,Mohammad Nabi,1,0,,,,,,,,,
1127449,2018,2018-07-04,County Ground,1,5.5,Northamptonshire,Leicestershire,BM Duckett,JJ Cobb,Mohammad Nabi,4,0,,,,,,,,,
1127449,2018,2018-07-04,County Ground,1,5.6,Northamptonshire,Leicestershire,BM Duckett,JJ Cobb,Mohammad Nabi,4,0,,,,,,,,,
1127449,2018,2018-07-04,County Ground,1,6.1,Northamptonshire,Leicestershire,JJ Cobb,BM Duckett,ZJ Chappell,0,0,,,,,,,,,
1127449,2018,2018-07-04,County Ground,1,6.2,Northamptonshire,Leicestershire,JJ Cobb,BM Duckett,ZJ Chappell,0,4,,,,4,,,,,
1127449,2018,2018-07-04,County Ground,1,6.3,Northamptonshire,Leicestershire,JJ Cobb,BM Duckett,ZJ Chappell,0,2,,2,,,,,,,
1127449,2018,2018-07-04,County Ground,1,6.4,Northamptonshire,Leicestershire,JJ Cobb,BM Duckett,ZJ Chappell,4,0,,,,,,,,,
1127449,2018,2018-07-04,County Ground,1,6.5,Northamptonshire,Leicestershire,JJ Cobb,BM Duckett,ZJ Chappell,0,0,,,,,,,,,
1127449,2018,2018-07-04,County Ground,1,6.6,Northamptonshire,Leicestershire,JJ Cobb,BM Duckett,ZJ Chappell,1,0,,,,,,,,,
1127449,2018,2018-07-04,County Ground,1,6.7,Northamptonshire,Leicestershire,BM Duckett,JJ Cobb,ZJ Chappell,4,0,,,,,,,,,
1127449,2018,2018-07-04,County Ground,1,7.1,Northamptonshire,Leicestershire,JJ Cobb,BM Duckett,Mohammad Nabi,1,0,,,,,,,,,
1127449,2018,2018-07-04,County Ground,1,7.2,Northamptonshire,Leicestershire,BM Duckett,JJ Cobb,Mohammad Nabi,1,0,,,,,,,,,
1127449,2018,2018-07-04,County Ground,1,7.3,Northamptonshire,Leicestershire,JJ Cobb,BM Duckett,Mohammad Nabi,1,0,,,,,,,,,
1127449,2018,2018-07-04,County Ground,1,7.4,Northamptonshire,Leicestershire,BM Duckett,JJ Cobb,Mohammad Nabi,1,0,,,,,,,,,
1127449,2018,2018-07-04,County Ground,1,7.5,Northamptonshire,Leicestershire,JJ Cobb,BM Duckett,Mohammad Nabi,6,0,,,,,,,,,
1127449,2018,2018-07-04,County Ground,1,7.6,Northamptonshire,Leicestershire,JJ Cobb,BM Duckett,Mohammad Nabi,1,0,,,,,,,,,
1127449,2018,2018-07-04,County Ground,1,8.1,Northamptonshire,Leicestershire,JJ Cobb,BM Duckett,CS Delport,6,0,,,,,,,,,
1127449,2018,2018-07-04,County Ground,1,8.2,Northamptonshire,Leicestershire,JJ Cobb,BM Duckett,CS Delport,6,0,,,,,,,,,
1127449,2018,2018-07-04,County Ground,1,8.3,Northamptonshire,Leicestershire,JJ Cobb,BM Duckett,CS Delport,4,0,,,,,,,,,
1127449,2018,2018-07-04,County Ground,1,8.4,Northamptonshire,Leicestershire,JJ Cobb,BM Duckett,CS Delport,6,0,,,,,,,,,
1127449,2018,2018-07-04,County Ground,1,8.5,Northamptonshire,Leicestershire,JJ Cobb,BM Duckett,CS Delport,1,0,,,,,,,,,
1127449,2018,2018-07-04,County Ground,1,8.6,Northamptonshire,Leicestershire,BM Duckett,JJ Cobb,CS Delport,0,0,,,,,,,,,
1127449,2018,2018-07-04,County Ground,1,9.1,Northamptonshire,Leicestershire,JJ Cobb,BM Duckett,CF Parkinson,4,0,,,,,,,,,
1127449,2018,2018-07-04,County Ground,1,9.2,Northamptonshire,Leicestershire,JJ Cobb,BM Duckett,CF Parkinson,0,0,,,,,,,,,
1127449,2018,2018-07-04,County Ground,1,9.3,Northamptonshire,Leicestershire,JJ Cobb,BM Duckett,CF Parkinson,1,0,,,,,,,,,
1127449,2018,2018-07-04,County Ground,1,9.4,Northamptonshire,Leicestershire,BM Duckett,JJ Cobb,CF Parkinson,1,0,,,,,,,,,
1127449,2018,2018-07-04,County Ground,1,9.5,Northamptonshire,Leicestershire,JJ Cobb,BM Duckett,CF Parkinson,0,0,,,,,,,,,
1127449,2018,2018-07-04,County Ground,1,9.6,Northamptonshire,Leicestershire,JJ Cobb,BM Duckett,CF Parkinson,1,0,,,,,,,,,
1127449,2018,2018-07-04,County Ground,1,10.1,Northamptonshire,Leicestershire,JJ Cobb,BM Duckett,ZJ Chappell,0,0,,,,,,,,,
1127449,2018,2018-07-04,County Ground,1,10.2,Northamptonshire,Leicestershire,JJ Cobb,BM Duckett,ZJ Chappell,1,0,,,,,,,,,
1127449,2018,2018-07-04,County Ground,1,10.3,Northamptonshire,Leicestershire,BM Duckett,JJ Cobb,ZJ Chappell,1,0,,,,,,,,,
1127449,2018,2018-07-04,County Ground,1,10.4,Northamptonshire,Leicestershire,JJ Cobb,BM Duckett,ZJ Chappell,4,0,,,,,,,,,
1127449,2018,2018-07-04,County Ground,1,10.5,Northamptonshire,Leicestershire,JJ Cobb,BM Duckett,ZJ Chappell,0,0,,,,,,,,,
1127449,2018,2018-07-04,County Ground,1,10.6,Northamptonshire,Leicestershire,JJ Cobb,BM Duckett,ZJ Chappell,1,0,,,,,,,,,
1127449,2018,2018-07-04,County Ground,1,11.1,Northamptonshire,Leicestershire,JJ Cobb,BM Duckett,CF Parkinson,1,0,,,,,,,,,
1127449,2018,2018-07-04,County Ground,1,11.2,Northamptonshire,Leicestershire,BM Duckett,JJ Cobb,CF Parkinson,1,0,,,,,,,,,
1127449,2018,2018-07-04,County Ground,1,11.3,Northamptonshire,Leicestershire,JJ Cobb,BM Duckett,CF Parkinson,0,0,,,,,,caught,JJ Cobb,,
1127449,2018,2018-07-04,County Ground,1,11.4,Northamptonshire,Leicestershire,AG Wakely,BM Duckett,CF Parkinson,1,0,,,,,,,,,
1127449,2018,2018-07-04,County Ground,1,11.5,Northamptonshire,Leicestershire,BM Duckett,AG Wakely,CF Parkinson,2,0,,,,,,,,,
1127449,2018,2018-07-04,County Ground,1,11.6,Northamptonshire,Leicestershire,BM Duckett,AG Wakely,CF Parkinson,1,0,,,,,,,,,
1127449,2018,2018-07-04,County Ground,1,12.1,Northamptonshire,Leicestershire,BM Duckett,AG Wakely,ZJ Chappell,0,0,,,,,,,,,
1127449,2018,2018-07-04,County Ground,1,12.2,Northamptonshire,Leicestershire,BM Duckett,AG Wakely,ZJ Chappell,0,0,,,,,,,,,
1127449,2018,2018-07-04,County Ground,1,12.3,Northamptonshire,Leicestershire,BM Duckett,AG Wakely,ZJ Chappell,0,0,,,,,,,,,
1127449,2018,2018-07-04,County Ground,1,12.4,Northamptonshire,Leicestershire,BM Duckett,AG Wakely,ZJ Chappell,6,0,,,,,,,,,
1127449,2018,2018-07-04,County Ground,1,12.5,Northamptonshire,Leicestershire,BM Duckett,AG Wakely,ZJ Chappell,2,0,,,,,,,,,
1127449,2018,2018-07-04,County Ground,1,12.6,Northamptonshire,Leicestershire,BM Duckett,AG Wakely,ZJ Chappell,0,1,,,,1,,,,,
1127449,2018,2018-07-04,County Ground,1,13.1,Northamptonshire,Leicestershire,BM Duckett,AG Wakely,Mohammad Nabi,2,0,,,,,,,,,
1127449,2018,2018-07-04,County Ground,1,13.2,Northamptonshire,Leicestershire,BM Duckett,AG Wakely,Mohammad Nabi,1,0,,,,,,,,,
1127449,2018,2018-07-04,County Ground,1,13.3,Northamptonshire,Leicestershire,AG Wakely,BM Duckett,Mohammad Nabi,4,0,,,,,,,,,
1127449,2018,2018-07-04,County Ground,1,13.4,Northamptonshire,Leicestershire,AG Wakely,BM Duckett,Mohammad Nabi,1,0,,,,,,,,,
1127449,2018,2018-07-04,County Ground,1,13.5,Northamptonshire,Leicestershire,BM Duckett,AG Wakely,Mohammad Nabi,1,0,,,,,,,,,
1127449,2018,2018-07-04,County Ground,1,13.6,Northamptonshire,Leicestershire,AG Wakely,BM Duckett,Mohammad Nabi,1,0,,,,,,,,,
1127449,2018,2018-07-04,County Ground,1,14.1,Northamptonshire,Leicestershire,AG Wakely,BM Duckett,ZJ Chappell,0,0,,,,,,,,,
1127449,2018,2018-07-04,County Ground,1,14.2,Northamptonshire,Leicestershire,AG Wakely,BM Duckett,ZJ Chappell,1,0,,,,,,,,,
1127449,2018,2018-07-04,County Ground,1,14.3,Northamptonshire,Leicestershire,BM Duckett,AG Wakely,ZJ Chappell,4,0,,,,,,,,,
1127449,2018,2018-07-04,County Ground,1,14.4,Northamptonshire,Leicestershire,BM Duckett,AG Wakely,ZJ Chappell,6,0,,,,,,,,,
1127449,2018,2018-07-04,County Ground,1,14.5,Northamptonshire,Leicestershire,BM Duckett,AG Wakely,ZJ Chappell,1,0,,,,,,,,,
1127449,2018,2018-07-04,County Ground,1,14.6,Northamptonshire,Leicestershire,AG Wakely,BM Duckett,ZJ Chappell,4,0,,,,,,,,,
1127449,2018,2018-07-04,County Ground,1,15.1,Northamptonshire,Leicestershire,BM Duckett,AG Wakely,Mohammad Nabi,1,0,,,,,,,,,
1127449,2018,2018-07-04,County Ground,1,15.2,Northamptonshire,Leicestershire,AG Wakely,BM Duckett,Mohammad Nabi,1,0,,,,,,,,,
1127449,2018,2018-07-04,County Ground,1,15.3,Northamptonshire,Leicestershire,BM Duckett,AG Wakely,Mohammad Nabi,1,0,,,,,,,,,
1127449,2018,2018-07-04,County Ground,1,15.4,Northamptonshire,Leicestershire,AG Wakely,BM Duckett,Mohammad Nabi,6,0,,,,,,,,,
1127449,2018,2018-07-04,County Ground,1,15.5,Northamptonshire,Leicestershire,AG Wakely,BM Duckett,Mohammad Nabi,0,1,1,,,,,,,,
1127449,2018,2018-07-04,County Ground,1,15.6,Northamptonshire,Leicestershire,AG Wakely,BM Duckett,Mohammad Nabi,1,0,,,,,,,,,
1127449,2018,2018-07-04,County Ground,1,15.7,Northamptonshire,Leicestershire,BM Duckett,AG Wakely,Mohammad Nabi,1,0,,,,,,,,,
1127449,2018,2018-07-04,County Ground,1,16.1,Northamptonshire,Leicestershire,BM Duckett,AG Wakely,Mohammad Abbas,0,0,,,,,,,,,
1127449,2018,2018-07-04,County Ground,1,16.2,Northamptonshire,Leicestershire,BM Duckett,AG Wakely,Mohammad Abbas,1,0,,,,,,,,,
1127449,2018,2018-07-04,County Ground,1,16.3,Northamptonshire,Leicestershire,AG Wakely,BM Duckett,Mohammad Abbas,4,0,,,,,,,,,
1127449,2018,2018-07-04,County Ground,1,16.4,Northamptonshire,Leicestershire,AG Wakely,BM Duckett,Mohammad Abbas,4,0,,,,,,,,,
1127449,2018,2018-07-04,County Ground,1,16.5,Northamptonshire,Leicestershire,AG Wakely,BM Duckett,Mohammad Abbas,0,0,,,,,,,,,
1127449,2018,2018-07-04,County Ground,1,16.6,Northamptonshire,Leicestershire,AG Wakely,BM Duckett,Mohammad Abbas,0,0,,,,,,,,,
1127449,2018,2018-07-04,County Ground,1,17.1,Northamptonshire,Leicestershire,BM Duckett,AG Wakely,BA Raine,1,0,,,,,,,,,
1127449,2018,2018-07-04,County Ground,1,17.2,Northamptonshire,Leicestershire,AG Wakely,BM Duckett,BA Raine,6,0,,,,,,,,,
1127449,2018,2018-07-04,County Ground,1,17.3,Northamptonshire,Leicestershire,AG Wakely,BM Duckett,BA Raine,4,0,,,,,,,,,
1127449,2018,2018-07-04,County Ground,1,17.4,Northamptonshire,Leicestershire,AG Wakely,BM Duckett,BA Raine,2,0,,,,,,,,,
1127449,2018,2018-07-04,County Ground,1,17.5,Northamptonshire,Leicestershire,AG Wakely,BM Duckett,BA Raine,1,0,,,,,,,,,
1127449,2018,2018-07-04,County Ground,1,17.6,Northamptonshire,Leicestershire,BM Duckett,AG Wakely,BA Raine,1,0,,,,,,,,,
1127449,2018,2018-07-04,County Ground,1,18.1,Northamptonshire,Leicestershire,BM Duckett,AG Wakely,Mohammad Abbas,2,0,,,,,,,,,
1127449,2018,2018-07-04,County Ground,1,18.2,Northamptonshire,Leicestershire,BM Duckett,AG Wakely,Mohammad Abbas,1,0,,,,,,,,,
1127449,2018,2018-07-04,County Ground,1,18.3,Northamptonshire,Leicestershire,AG Wakely,BM Duckett,Mohammad Abbas,0,0,,,,,,,,,
1127449,2018,2018-07-04,County Ground,1,18.4,Northamptonshire,Leicestershire,AG Wakely,BM Duckett,Mohammad Abbas,1,0,,,,,,,,,
1127449,2018,2018-07-04,County Ground,1,18.5,Northamptonshire,Leicestershire,BM Duckett,AG Wakely,Mohammad Abbas,2,0,,,,,,,,,
1127449,2018,2018-07-04,County Ground,1,18.6,Northamptonshire,Leicestershire,BM Duckett,AG Wakely,Mohammad Abbas,4,0,,,,,,,,,
1127449,2018,2018-07-04,County Ground,1,19.1,Northamptonshire,Leicestershire,AG Wakely,BM Duckett,BA Raine,6,0,,,,,,,,,
1127449,2018,2018-07-04,County Ground,1,19.2,Northamptonshire,Leicestershire,AG Wakely,BM Duckett,BA Raine,1,0,,,,,,,,,
1127449,2018,2018-07-04,County Ground,1,19.3,Northamptonshire,Leicestershire,BM Duckett,AG Wakely,BA Raine,0,0,,,,,,caught,BM Duckett,,
1127449,2018,2018-07-04,County Ground,1,19.4,Northamptonshire,Leicestershire,AG Wakely,SP Crook,BA Raine,1,0,,,,,,,,,
1127449,2018,2018-07-04,County Ground,1,19.5,Northamptonshire,Leicestershire,SP Crook,AG Wakely,BA Raine,1,0,,,,,,,,,
1127449,2018,2018-07-04,County Ground,1,19.6,Northamptonshire,Leicestershire,AG Wakely,SP Crook,BA Raine,1,0,,,,,,,,,
1127449,2018,2018-07-04,County Ground,2,0.1,Leicestershire,Northamptonshire,NJ Dexter,CS Delport,BW Sanderson,0,0,,,,,,,,,
1127449,2018,2018-07-04,County Ground,2,0.2,Leicestershire,Northamptonshire,NJ Dexter,CS Delport,BW Sanderson,0,0,,,,,,,,,
1127449,2018,2018-07-04,County Ground,2,0.3,Leicestershire,Northamptonshire,NJ Dexter,CS Delport,BW Sanderson,4,0,,,,,,,,,
1127449,2018,2018-07-04,County Ground,2,0.4,Leicestershire,Northamptonshire,NJ Dexter,CS Delport,BW Sanderson,0,0,,,,,,,,,
1127449,2018,2018-07-04,County Ground,2,0.5,Leicestershire,Northamptonshire,NJ Dexter,CS Delport,BW Sanderson,4,0,,,,,,,,,
1127449,2018,2018-07-04,County Ground,2,0.6,Leicestershire,Northamptonshire,NJ Dexter,CS Delport,BW Sanderson,0,0,,,,,,,,,
1127449,2018,2018-07-04,County Ground,2,1.1,Leicestershire,Northamptonshire,CS Delport,NJ Dexter,RK Kleinveldt,0,0,,,,,,,,,
1127449,2018,2018-07-04,County Ground,2,1.2,Leicestershire,Northamptonshire,CS Delport,NJ Dexter,RK Kleinveldt,0,0,,,,,,,,,
1127449,2018,2018-07-04,County Ground,2,1.3,Leicestershire,Northamptonshire,CS Delport,NJ Dexter,RK Kleinveldt,1,0,,,,,,,,,
1127449,2018,2018-07-04,County Ground,2,1.4,Leicestershire,Northamptonshire,NJ Dexter,CS Delport,RK Kleinveldt,4,0,,,,,,,,,
1127449,2018,2018-07-04,County Ground,2,1.5,Leicestershire,Northamptonshire,NJ Dexter,CS Delport,RK Kleinveldt,1,0,,,,,,,,,
1127449,2018,2018-07-04,County Ground,2,1.6,Leicestershire,Northamptonshire,CS Delport,NJ Dexter,RK Kleinveldt,1,0,,,,,,,,,
1127449,2018,2018-07-04,County Ground,2,2.1,Leicestershire,Northamptonshire,CS Delport,NJ Dexter,BW Sanderson,1,0,,,,,,,,,
1127449,2018,2018-07-04,County Ground,2,2.2,Leicestershire,Northamptonshire,NJ Dexter,CS Delport,BW Sanderson,0,0,,,,,,,,,
1127449,2018,2018-07-04,County Ground,2,2.3,Leicestershire,Northamptonshire,NJ Dexter,CS Delport,BW Sanderson,4,0,,,,,,,,,
1127449,2018,2018-07-04,County Ground,2,2.4,Leicestershire,Northamptonshire,NJ Dexter,CS Delport,BW Sanderson,1,0,,,,,,,,,
1127449,2018,2018-07-04,County Ground,2,2.5,Leicestershire,Northamptonshire,CS Delport,NJ Dexter,BW Sanderson,1,0,,,,,,,,,
1127449,2018,2018-07-04,County Ground,2,2.6,Leicestershire,Northamptonshire,NJ Dexter,CS Delport,BW Sanderson,4,0,,,,,,,,,
1127449,2018,2018-07-04,County Ground,2,3.1,Leicestershire,Northamptonshire,CS Delport,NJ Dexter,RK Kleinveldt,4,0,,,,,,,,,
1127449,2018,2018-07-04,County Ground,2,3.2,Leicestershire,Northamptonshire,CS Delport,NJ Dexter,RK Kleinveldt,0,0,,,,,,,,,
1127449,2018,2018-07-04,County Ground,2,3.3,Leicestershire,Northamptonshire,CS Delport,NJ Dexter,RK Kleinveldt,1,0,,,,,,,,,
1127449,2018,2018-07-04,County Ground,2,3.4,Leicestershire,Northamptonshire,NJ Dexter,CS Delport,RK Kleinveldt,0,0,,,,,,,,,
1127449,2018,2018-07-04,County Ground,2,3.5,Leicestershire,Northamptonshire,NJ Dexter,CS Delport,RK Kleinveldt,1,0,,,,,,,,,
1127449,2018,2018-07-04,County Ground,2,3.6,Leicestershire,Northamptonshire,CS Delport,NJ Dexter,RK Kleinveldt,1,0,,,,,,,,,
1127449,2018,2018-07-04,County Ground,2,4.1,Leicestershire,Northamptonshire,CS Delport,NJ Dexter,NL Buck,4,0,,,,,,,,,
1127449,2018,2018-07-04,County Ground,2,4.2,Leicestershire,Northamptonshire,CS Delport,NJ Dexter,NL Buck,0,0,,,,,,,,,
1127449,2018,2018-07-04,County Ground,2,4.3,Leicestershire,Northamptonshire,CS Delport,NJ Dexter,NL Buck,1,0,,,,,,,,,
1127449,2018,2018-07-04,County Ground,2,4.4,Leicestershire,Northamptonshire,NJ Dexter,CS Delport,NL Buck,4,0,,,,,,,,,
1127449,2018,2018-07-04,County Ground,2,4.5,Leicestershire,Northamptonshire,NJ Dexter,CS Delport,NL Buck,1,0,,,,,,,,,
1127449,2018,2018-07-04,County Ground,2,4.6,Leicestershire,Northamptonshire,CS Delport,NJ Dexter,NL Buck,0,0,,,,,,,,,
1127449,2018,2018-07-04,County Ground,2,5.1,Leicestershire,Northamptonshire,NJ Dexter,CS Delport,JJ Cobb,4,0,,,,,,,,,
1127449,2018,2018-07-04,County Ground,2,5.2,Leicestershire,Northamptonshire,NJ Dexter,CS Delport,JJ Cobb,0,0,,,,,,,,,
1127449,2018,2018-07-04,County Ground,2,5.3,Leicestershire,Northamptonshire,NJ Dexter,CS Delport,JJ Cobb,6,0,,,,,,,,,
1127449,2018,2018-07-04,County Ground,2,5.4,Leicestershire,Northamptonshire,NJ Dexter,CS Delport,JJ Cobb,0,1,,,,1,,,,,
1127449,2018,2018-07-04,County Ground,2,5.5,Leicestershire,Northamptonshire,CS Delport,NJ Dexter,JJ Cobb,1,0,,,,,,,,,
1127449,2018,2018-07-04,County Ground,2,5.6,Leicestershire,Northamptonshire,NJ Dexter,CS Delport,JJ Cobb,0,0,,,,,,run out,NJ Dexter,,
1127449,2018,2018-07-04,County Ground,2,6.1,Leicestershire,Northamptonshire,CS Delport,MJ Cosgrove,NL Buck,0,0,,,,,,,,,
1127449,2018,2018-07-04,County Ground,2,6.2,Leicestershire,Northamptonshire,CS Delport,MJ Cosgrove,NL Buck,1,0,,,,,,,,,
1127449,2018,2018-07-04,County Ground,2,6.3,Leicestershire,Northamptonshire,MJ Cosgrove,CS Delport,NL Buck,0,0,,,,,,,,,
1127449,2018,2018-07-04,County Ground,2,6.4,Leicestershire,Northamptonshire,MJ Cosgrove,CS Delport,NL Buck,0,1,1,,,,,,,,
1127449,2018,2018-07-04,County Ground,2,6.5,Leicestershire,Northamptonshire,MJ Cosgrove,CS Delport,NL Buck,1,0,,,,,,,,,
1127449,2018,2018-07-04,County Ground,2,6.6,Leicestershire,Northamptonshire,CS Delport,MJ Cosgrove,NL Buck,1,0,,,,,,,,,
1127449,2018,2018-07-04,County Ground,2,6.7,Leicestershire,Northamptonshire,MJ Cosgrove,CS Delport,NL Buck,1,0,,,,,,,,,
1127449,2018,2018-07-04,County Ground,2,7.1,Leicestershire,Northamptonshire,MJ Cosgrove,CS Delport,S Prasanna,1,0,,,,,,,,,
1127449,2018,2018-07-04,County Ground,2,7.2,Leicestershire,Northamptonshire,CS Delport,MJ Cosgrove,S Prasanna,1,0,,,,,,,,,
1127449,2018,2018-07-04,County Ground,2,7.3,Leicestershire,Northamptonshire,MJ Cosgrove,CS Delport,S Prasanna,0,0,,,,,,,,,
1127449,2018,2018-07-04,County Ground,2,7.4,Leicestershire,Northamptonshire,MJ Cosgrove,CS Delport,S Prasanna,1,0,,,,,,,,,
1127449,2018,2018-07-04,County Ground,2,7.5,Leicestershire,Northamptonshire,CS Delport,MJ Cosgrove,S Prasanna,2,0,,,,,,,,,
1127449,2018,2018-07-04,County Ground,2,7.6,Leicestershire,Northamptonshire,CS Delport,MJ Cosgrove,S Prasanna,1,0,,,,,,,,,
1127449,2018,2018-07-04,County Ground,2,8.1,Leicestershire,Northamptonshire,CS Delport,MJ Cosgrove,SP Crook,1,0,,,,,,,,,
1127449,2018,2018-07-04,County Ground,2,8.2,Leicestershire,Northamptonshire,MJ Cosgrove,CS Delport,SP Crook,0,1,1,,,,,,,,
1127449,2018,2018-07-04,County Ground,2,8.3,Leicestershire,Northamptonshire,MJ Cosgrove,CS Delport,SP Crook,6,0,,,,,,,,,
1127449,2018,2018-07-04,County Ground,2,8.4,Leicestershire,Northamptonshire,MJ Cosgrove,CS Delport,SP Crook,4,0,,,,,,,,,
1127449,2018,2018-07-04,County Ground,2,8.5,Leicestershire,Northamptonshire,MJ Cosgrove,CS Delport,SP Crook,1,0,,,,,,,,,
1127449,2018,2018-07-04,County Ground,2,8.6,Leicestershire,Northamptonshire,CS Delport,MJ Cosgrove,SP Crook,4,0,,,,,,,,,
1127449,2018,2018-07-04,County Ground,2,8.7,Leicestershire,Northamptonshire,CS Delport,MJ Cosgrove,SP Crook,0,1,,,,1,,,,,
1127449,2018,2018-07-04,County Ground,2,9.1,Leicestershire,Northamptonshire,CS Delport,MJ Cosgrove,S Prasanna,1,0,,,,,,,,,
1127449,2018,2018-07-04,County Ground,2,9.2,Leicestershire,Northamptonshire,MJ Cosgrove,CS Delport,S Prasanna,2,0,,,,,,,,,
1127449,2018,2018-07-04,County Ground,2,9.3,Leicestershire,Northamptonshire,MJ Cosgrove,CS Delport,S Prasanna,1,0,,,,,,,,,
1127449,2018,2018-07-04,County Ground,2,9.4,Leicestershire,Northamptonshire,CS Delport,MJ Cosgrove,S Prasanna,0,0,,,,,,,,,
1127449,2018,2018-07-04,County Ground,2,9.5,Leicestershire,Northamptonshire,CS Delport,MJ Cosgrove,S Prasanna,1,0,,,,,,,,,
1127449,2018,2018-07-04,County Ground,2,9.6,Leicestershire,Northamptonshire,MJ Cosgrove,CS Delport,S Prasanna,2,0,,,,,,,,,
1127449,2018,2018-07-04,County Ground,2,10.1,Leicestershire,Northamptonshire,CS Delport,MJ Cosgrove,JJ Cobb,0,0,,,,,,caught,CS Delport,,
1127449,2018,2018-07-04,County Ground,2,10.2,Leicestershire,Northamptonshire,MJ Cosgrove,CN Ackermann,JJ Cobb,1,0,,,,,,,,,
1127449,2018,2018-07-04,County Ground,2,10.3,Leicestershire,Northamptonshire,CN Ackermann,MJ Cosgrove,JJ Cobb,0,0,,,,,,run out,MJ Cosgrove,,
1127449,2018,2018-07-04,County Ground,2,10.4,Leicestershire,Northamptonshire,CN Ackermann,Mohammad Nabi,JJ Cobb,1,0,,,,,,,,,
1127449,2018,2018-07-04,County Ground,2,10.5,Leicestershire,Northamptonshire,Mohammad Nabi,CN Ackermann,JJ Cobb,0,0,,,,,,,,,
1127449,2018,2018-07-04,County Ground,2,10.6,Leicestershire,Northamptonshire,Mohammad Nabi,CN Ackermann,JJ Cobb,0,0,,,,,,,,,
1127449,2018,2018-07-04,County Ground,2,11.1,Leicestershire,Northamptonshire,CN Ackermann,Mohammad Nabi,S Prasanna,1,0,,,,,,,,,
1127449,2018,2018-07-04,County Ground,2,11.2,Leicestershire,Northamptonshire,Mohammad Nabi,CN Ackermann,S Prasanna,1,0,,,,,,,,,
1127449,2018,2018-07-04,County Ground,2,11.3,Leicestershire,Northamptonshire,CN Ackermann,Mohammad Nabi,S Prasanna,1,0,,,,,,,,,
1127449,2018,2018-07-04,County Ground,2,11.4,Leicestershire,Northamptonshire,Mohammad Nabi,CN Ackermann,S Prasanna,1,0,,,,,,,,,
1127449,2018,2018-07-04,County Ground,2,11.5,Leicestershire,Northamptonshire,CN Ackermann,Mohammad Nabi,S Prasanna,0,0,,,,,,,,,
1127449,2018,2018-07-04,County Ground,2,11.6,Leicestershire,Northamptonshire,CN Ackermann,Mohammad Nabi,S Prasanna,1,0,,,,,,,,,
1127449,2018,2018-07-04,County Ground,2,12.1,Leicestershire,Northamptonshire,CN Ackermann,Mohammad Nabi,NL Buck,1,0,,,,,,,,,
1127449,2018,2018-07-04,County Ground,2,12.2,Leicestershire,Northamptonshire,Mohammad Nabi,CN Ackermann,NL Buck,1,0,,,,,,,,,
1127449,2018,2018-07-04,County Ground,2,12.3,Leicestershire,Northamptonshire,CN Ackermann,Mohammad Nabi,NL Buck,1,0,,,,,,,,,
1127449,2018,2018-07-04,County Ground,2,12.4,Leicestershire,Northamptonshire,Mohammad Nabi,CN Ackermann,NL Buck,0,1,,,1,,,,,,
1127449,2018,2018-07-04,County Ground,2,12.5,Leicestershire,Northamptonshire,CN Ackermann,Mohammad Nabi,NL Buck,4,0,,,,,,,,,
1127449,2018,2018-07-04,County Ground,2,12.6,Leicestershire,Northamptonshire,CN Ackermann,Mohammad Nabi,NL Buck,1,0,,,,,,,,,
1127449,2018,2018-07-04,County Ground,2,13.1,Leicestershire,Northamptonshire,CN Ackermann,Mohammad Nabi,S Prasanna,2,0,,,,,,,,,
1127449,2018,2018-07-04,County Ground,2,13.2,Leicestershire,Northamptonshire,CN Ackermann,Mohammad Nabi,S Prasanna,4,0,,,,,,,,,
1127449,2018,2018-07-04,County Ground,2,13.3,Leicestershire,Northamptonshire,CN Ackermann,Mohammad Nabi,S Prasanna,4,0,,,,,,,,,
1127449,2018,2018-07-04,County Ground,2,13.4,Leicestershire,Northamptonshire,CN Ackermann,Mohammad Nabi,S Prasanna,2,0,,,,,,,,,
1127449,2018,2018-07-04,County Ground,2,13.5,Leicestershire,Northamptonshire,CN Ackermann,Mohammad Nabi,S Prasanna,6,0,,,,,,,,,
1127449,2018,2018-07-04,County Ground,2,13.6,Leicestershire,Northamptonshire,CN Ackermann,Mohammad Nabi,S Prasanna,1,0,,,,,,,,,
1127449,2018,2018-07-04,County Ground,2,14.1,Leicestershire,Northamptonshire,CN Ackermann,Mohammad Nabi,NL Buck,6,0,,,,,,,,,
1127449,2018,2018-07-04,County Ground,2,14.2,Leicestershire,Northamptonshire,CN Ackermann,Mohammad Nabi,NL Buck,0,0,,,,,,,,,
1127449,2018,2018-07-04,County Ground,2,14.3,Leicestershire,Northamptonshire,CN Ackermann,Mohammad Nabi,NL Buck,1,0,,,,,,,,,
1127449,2018,2018-07-04,County Ground,2,14.4,Leicestershire,Northamptonshire,Mohammad Nabi,CN Ackermann,NL Buck,4,0,,,,,,,,,
1127449,2018,2018-07-04,County Ground,2,14.5,Leicestershire,Northamptonshire,Mohammad Nabi,CN Ackermann,NL Buck,4,0,,,,,,,,,
1127449,2018,2018-07-04,County Ground,2,14.6,Leicestershire,Northamptonshire,Mohammad Nabi,CN Ackermann,NL Buck,4,0,,,,,,,,,
1127449,2018,2018-07-04,County Ground,2,15.1,Leicestershire,Northamptonshire,CN Ackermann,Mohammad Nabi,RK Kleinveldt,4,0,,,,,,,,,
1127449,2018,2018-07-04,County Ground,2,15.2,Leicestershire,Northamptonshire,CN Ackermann,Mohammad Nabi,RK Kleinveldt,1,0,,,,,,,,,
1127449,2018,2018-07-04,County Ground,2,15.3,Leicestershire,Northamptonshire,Mohammad Nabi,CN Ackermann,RK Kleinveldt,1,0,,,,,,,,,
1127449,2018,2018-07-04,County Ground,2,15.4,Leicestershire,Northamptonshire,CN Ackermann,Mohammad Nabi,RK Kleinveldt,1,0,,,,,,,,,
1127449,2018,2018-07-04,County Ground,2,15.5,Leicestershire,Northamptonshire,Mohammad Nabi,CN Ackermann,RK Kleinveldt,1,0,,,,,,,,,
1127449,2018,2018-07-04,County Ground,2,15.6,Leicestershire,Northamptonshire,CN Ackermann,Mohammad Nabi,RK Kleinveldt,1,0,,,,,,,,,
1127449,2018,2018-07-04,County Ground,2,16.1,Leicestershire,Northamptonshire,CN Ackermann,Mohammad Nabi,BW Sanderson,6,0,,,,,,,,,
1127449,2018,2018-07-04,County Ground,2,16.2,Leicestershire,Northamptonshire,CN Ackermann,Mohammad Nabi,BW Sanderson,1,0,,,,,,,,,
1127449,2018,2018-07-04,County Ground,2,16.3,Leicestershire,Northamptonshire,Mohammad Nabi,CN Ackermann,BW Sanderson,2,0,,,,,,,,,
1127449,2018,2018-07-04,County Ground,2,16.4,Leicestershire,Northamptonshire,Mohammad Nabi,CN Ackermann,BW Sanderson,0,0,,,,,,caught,Mohammad Nabi,,
1127449,2018,2018-07-04,County Ground,2,16.5,Leicestershire,Northamptonshire,CN Ackermann,BA Raine,BW Sanderson,1,0,,,,,,,,,
1127449,2018,2018-07-04,County Ground,2,16.6,Leicestershire,Northamptonshire,BA Raine,CN Ackermann,BW Sanderson,6,0,,,,,,,,,
1127449,2018,2018-07-04,County Ground,2,17.1,Leicestershire,Northamptonshire,CN Ackermann,BA Raine,SP Crook,4,0,,,,,,,,,
1127449,2018,2018-07-04,County Ground,2,17.2,Leicestershire,Northamptonshire,CN Ackermann,BA Raine,SP Crook,1,0,,,,,,,,,
1127449,2018,2018-07-04,County Ground,2,17.3,Leicestershire,Northamptonshire,BA Raine,CN Ackermann,SP Crook,0,1,1,,,,,,,,
1127449,2018,2018-07-04,County Ground,2,17.4,Leicestershire,Northamptonshire,BA Raine,CN Ackermann,SP Crook,4,0,,,,,,,,,
1127449,2018,2018-07-04,County Ground,2,17.5,Leicestershire,Northamptonshire,BA Raine,CN Ackermann,SP Crook,2,0,,,,,,,,,
1127449,2018,2018-07-04,County Ground,2,17.6,Leicestershire,Northamptonshire,BA Raine,CN Ackermann,SP Crook,4,0,,,,,,,,,
1127449,2018,2018-07-04,County Ground,2,17.7,Leicestershire,Northamptonshire,BA Raine,CN Ackermann,SP Crook,1,0,,,,,,,,,
1127449,2018,2018-07-04,County Ground,2,18.1,Leicestershire,Northamptonshire,BA Raine,CN Ackermann,BW Sanderson,6,0,,,,,,,,,
1127449,2018,2018-07-04,County Ground,2,18.2,Leicestershire,Northamptonshire,BA Raine,CN Ackermann,BW Sanderson,0,0,,,,,,caught,BA Raine,,
1127449,2018,2018-07-04,County Ground,2,18.3,Leicestershire,Northamptonshire,CN Ackermann,TJ Wells,BW Sanderson,1,0,,,,,,,,,
1127449,2018,2018-07-04,County Ground,2,18.4,Leicestershire,Northamptonshire,TJ Wells,CN Ackermann,BW Sanderson,2,0,,,,,,,,,
1127449,2018,2018-07-04,County Ground,2,18.5,Leicestershire,Northamptonshire,TJ Wells,CN Ackermann,BW Sanderson,1,0,,,,,,,,,
1127449,2018,2018-07-04,County Ground,2,18.6,Leicestershire,Northamptonshire,CN Ackermann,TJ Wells,BW Sanderson,2,6,,,,,6,,,,
1127449,2018,2018-07-04,County Ground,2,19.1,Leicestershire,Northamptonshire,TJ Wells,CN Ackermann,RK Kleinveldt,0,5,5,,,,,,,,
1127449,2018,2018-07-04,County Ground,2,19.2,Leicestershire,Northamptonshire,TJ Wells,CN Ackermann,RK Kleinveldt,2,0,,,,,,,,,
1127449,2018,2018-07-04,County Ground,2,19.3,Leicestershire,Northamptonshire,TJ Wells,CN Ackermann,RK Kleinveldt,0,0,,,,,,bowled,TJ Wells,,
1127449,2018,2018-07-04,County Ground,2,19.4,Leicestershire,Northamptonshire,LJ Hill,CN Ackermann,RK Kleinveldt,1,0,,,,,,,,,
1127449,2018,2018-07-04,County Ground,2,19.5,Leicestershire,Northamptonshire,CN Ackermann,LJ Hill,RK Kleinveldt,6,0,,,,,,,,,
