match_id,season,start_date,venue,innings,ball,batting_team,bowling_team,striker,non_striker,bowler,runs_off_bat,extras,wides,noballs,byes,legbyes,penalty,wicket_type,player_dismissed,other_wicket_type,other_player_dismissed
1127451,2018,2018-07-05,Headingley,1,0.1,Yorkshire,Durham,T Kohler-Cadmore,A Lyth,WR Smith,0,0,,,,,,,,,
1127451,2018,2018-07-05,Headingley,1,0.2,Yorkshire,Durham,T Kohler-Cadmore,A Lyth,WR Smith,4,0,,,,,,,,,
1127451,2018,2018-07-05,Headingley,1,0.3,Yorkshire,Durham,T Kohler-Cadmore,A Lyth,WR Smith,0,0,,,,,,,,,
1127451,2018,2018-07-05,Headingley,1,0.4,Yorkshire,Durham,T Kohler-Cadmore,A Lyth,WR Smith,1,0,,,,,,,,,
1127451,2018,2018-07-05,Headingley,1,0.5,Yorkshire,Durham,A Lyth,T Kohler-Cadmore,WR Smith,0,0,,,,,,,,,
1127451,2018,2018-07-05,Headingley,1,0.6,Yorkshire,Durham,A Lyth,T Kohler-Cadmore,WR Smith,0,0,,,,,,,,,
1127451,2018,2018-07-05,Headingley,1,1.1,Yorkshire,Durham,T Kohler-Cadmore,A Lyth,C Rushworth,1,0,,,,,,,,,
1127451,2018,2018-07-05,Headingley,1,1.2,Yorkshire,Durham,A Lyth,T Kohler-Cadmore,C Rushworth,3,0,,,,,,,,,
1127451,2018,2018-07-05,Headingley,1,1.3,Yorkshire,Durham,T Kohler-Cadmore,A Lyth,C Rushworth,0,0,,,,,,,,,
1127451,2018,2018-07-05,Headingley,1,1.4,Yorkshire,Durham,T Kohler-Cadmore,A Lyth,C Rushworth,0,0,,,,,,,,,
1127451,2018,2018-07-05,Headingley,1,1.5,Yorkshire,Durham,T Kohler-Cadmore,A Lyth,C Rushworth,0,0,,,,,,,,,
1127451,2018,2018-07-05,Headingley,1,1.6,Yorkshire,Durham,T Kohler-Cadmore,A Lyth,C Rushworth,0,0,,,,,,caught,T Kohler-Cadmore,,
1127451,2018,2018-07-05,Headingley,1,2.1,Yorkshire,Durham,HC Brook,A Lyth,WJ Weighell,0,0,,,,,,,,,
1127451,2018,2018-07-05,Headingley,1,2.2,Yorkshire,Durham,HC Brook,A Lyth,WJ Weighell,2,0,,,,,,,,,
1127451,2018,2018-07-05,Headingley,1,2.3,Yorkshire,Durham,HC Brook,A Lyth,WJ Weighell,4,0,,,,,,,,,
1127451,2018,2018-07-05,Headingley,1,2.4,Yorkshire,Durham,HC Brook,A Lyth,WJ Weighell,1,0,,,,,,,,,
1127451,2018,2018-07-05,Headingley,1,2.5,Yorkshire,Durham,A Lyth,HC Brook,WJ Weighell,1,0,,,,,,,,,
1127451,2018,2018-07-05,Headingley,1,2.6,Yorkshire,Durham,HC Brook,A Lyth,WJ Weighell,1,0,,,,,,,,,
1127451,2018,2018-07-05,Headingley,1,3.1,Yorkshire,Durham,HC Brook,A Lyth,C Rushworth,0,0,,,,,,,,,
1127451,2018,2018-07-05,Headingley,1,3.2,Yorkshire,Durham,HC Brook,A Lyth,C Rushworth,0,0,,,,,,,,,
1127451,2018,2018-07-05,Headingley,1,3.3,Yorkshire,Durham,HC Brook,A Lyth,C Rushworth,4,0,,,,,,,,,
1127451,2018,2018-07-05,Headingley,1,3.4,Yorkshire,Durham,HC Brook,A Lyth,C Rushworth,1,0,,,,,,,,,
1127451,2018,2018-07-05,Headingley,1,3.5,Yorkshire,Durham,A Lyth,HC Brook,C Rushworth,1,0,,,,,,,,,
1127451,2018,2018-07-05,Headingley,1,3.6,Yorkshire,Durham,HC Brook,A Lyth,C Rushworth,1,0,,,,,,,,,
1127451,2018,2018-07-05,Headingley,1,4.1,Yorkshire,Durham,HC Brook,A Lyth,WJ Weighell,0,0,,,,,,,,,
1127451,2018,2018-07-05,Headingley,1,4.2,Yorkshire,Durham,HC Brook,A Lyth,WJ Weighell,6,0,,,,,,,,,
1127451,2018,2018-07-05,Headingley,1,4.3,Yorkshire,Durham,HC Brook,A Lyth,WJ Weighell,4,0,,,,,,,,,
1127451,2018,2018-07-05,Headingley,1,4.4,Yorkshire,Durham,HC Brook,A Lyth,WJ Weighell,1,0,,,,,,,,,
1127451,2018,2018-07-05,Headingley,1,4.5,Yorkshire,Durham,A Lyth,HC Brook,WJ Weighell,4,0,,,,,,,,,
1127451,2018,2018-07-05,Headingley,1,4.6,Yorkshire,Durham,A Lyth,HC Brook,WJ Weighell,1,0,,,,,,,,,
1127451,2018,2018-07-05,Headingley,1,5.1,Yorkshire,Durham,A Lyth,HC Brook,NJ Rimmington,0,0,,,,,,,,,
1127451,2018,2018-07-05,Headingley,1,5.2,Yorkshire,Durham,A Lyth,HC Brook,NJ Rimmington,0,0,,,,,,,,,
1127451,2018,2018-07-05,Headingley,1,5.3,Yorkshire,Durham,A Lyth,HC Brook,NJ Rimmington,0,0,,,,,,,,,
1127451,2018,2018-07-05,Headingley,1,5.4,Yorkshire,Durham,A Lyth,HC Brook,NJ Rimmington,1,0,,,,,,,,,
1127451,2018,2018-07-05,Headingley,1,5.5,Yorkshire,Durham,HC Brook,A Lyth,NJ Rimmington,2,0,,,,,,,,,
1127451,2018,2018-07-05,Headingley,1,5.6,Yorkshire,Durham,HC Brook,A Lyth,NJ Rimmington,0,0,,,,,,,,,
1127451,2018,2018-07-05,Headingley,1,6.1,Yorkshire,Durham,A Lyth,HC Brook,PD Collingwood,2,0,,,,,,,,,
1127451,2018,2018-07-05,Headingley,1,6.2,Yorkshire,Durham,A Lyth,HC Brook,PD Collingwood,6,0,,,,,,,,,
1127451,2018,2018-07-05,Headingley,1,6.3,Yorkshire,Durham,A Lyth,HC Brook,PD Collingwood,4,0,,,,,,,,,
1127451,2018,2018-07-05,Headingley,1,6.4,Yorkshire,Durham,A Lyth,HC Brook,PD Collingwood,1,0,,,,,,,,,
1127451,2018,2018-07-05,Headingley,1,6.5,Yorkshire,Durham,HC Brook,A Lyth,PD Collingwood,1,0,,,,,,,,,
1127451,2018,2018-07-05,Headingley,1,6.6,Yorkshire,Durham,A Lyth,HC Brook,PD Collingwood,1,0,,,,,,,,,
1127451,2018,2018-07-05,Headingley,1,7.1,Yorkshire,Durham,A Lyth,HC Brook,RD Pringle,4,0,,,,,,,,,
1127451,2018,2018-07-05,Headingley,1,7.2,Yorkshire,Durham,A Lyth,HC Brook,RD Pringle,2,0,,,,,,,,,
1127451,2018,2018-07-05,Headingley,1,7.3,Yorkshire,Durham,A Lyth,HC Brook,RD Pringle,1,0,,,,,,,,,
1127451,2018,2018-07-05,Headingley,1,7.4,Yorkshire,Durham,HC Brook,A Lyth,RD Pringle,4,0,,,,,,,,,
1127451,2018,2018-07-05,Headingley,1,7.5,Yorkshire,Durham,HC Brook,A Lyth,RD Pringle,0,0,,,,,,,,,
1127451,2018,2018-07-05,Headingley,1,7.6,Yorkshire,Durham,HC Brook,A Lyth,RD Pringle,1,0,,,,,,,,,
1127451,2018,2018-07-05,Headingley,1,8.1,Yorkshire,Durham,HC Brook,A Lyth,Imran Tahir,1,0,,,,,,,,,
1127451,2018,2018-07-05,Headingley,1,8.2,Yorkshire,Durham,A Lyth,HC Brook,Imran Tahir,1,0,,,,,,,,,
1127451,2018,2018-07-05,Headingley,1,8.3,Yorkshire,Durham,HC Brook,A Lyth,Imran Tahir,1,0,,,,,,,,,
1127451,2018,2018-07-05,Headingley,1,8.4,Yorkshire,Durham,A Lyth,HC Brook,Imran Tahir,2,0,,,,,,,,,
1127451,2018,2018-07-05,Headingley,1,8.5,Yorkshire,Durham,A Lyth,HC Brook,Imran Tahir,0,0,,,,,,,,,
1127451,2018,2018-07-05,Headingley,1,8.6,Yorkshire,Durham,A Lyth,HC Brook,Imran Tahir,1,0,,,,,,,,,
1127451,2018,2018-07-05,Headingley,1,9.1,Yorkshire,Durham,A Lyth,HC Brook,PD Collingwood,1,0,,,,,,,,,
1127451,2018,2018-07-05,Headingley,1,9.2,Yorkshire,Durham,HC Brook,A Lyth,PD Collingwood,1,0,,,,,,,,,
1127451,2018,2018-07-05,Headingley,1,9.3,Yorkshire,Durham,A Lyth,HC Brook,PD Collingwood,0,1,1,,,,,,,,
1127451,2018,2018-07-05,Headingley,1,9.4,Yorkshire,Durham,A Lyth,HC Brook,PD Collingwood,1,0,,,,,,,,,
1127451,2018,2018-07-05,Headingley,1,9.5,Yorkshire,Durham,HC Brook,A Lyth,PD Collingwood,0,0,,,,,,,,,
1127451,2018,2018-07-05,Headingley,1,9.6,Yorkshire,Durham,HC Brook,A Lyth,PD Collingwood,0,0,,,,,,,,,
1127451,2018,2018-07-05,Headingley,1,9.7,Yorkshire,Durham,HC Brook,A Lyth,PD Collingwood,1,0,,,,,,,,,
1127451,2018,2018-07-05,Headingley,1,10.1,Yorkshire,Durham,HC Brook,A Lyth,Imran Tahir,1,0,,,,,,,,,
1127451,2018,2018-07-05,Headingley,1,10.2,Yorkshire,Durham,A Lyth,HC Brook,Imran Tahir,1,0,,,,,,,,,
1127451,2018,2018-07-05,Headingley,1,10.3,Yorkshire,Durham,HC Brook,A Lyth,Imran Tahir,0,0,,,,,,,,,
1127451,2018,2018-07-05,Headingley,1,10.4,Yorkshire,Durham,HC Brook,A Lyth,Imran Tahir,6,0,,,,,,,,,
1127451,2018,2018-07-05,Headingley,1,10.5,Yorkshire,Durham,HC Brook,A Lyth,Imran Tahir,0,0,,,,,,,,,
1127451,2018,2018-07-05,Headingley,1,10.6,Yorkshire,Durham,HC Brook,A Lyth,Imran Tahir,0,0,,,,,,caught,HC Brook,,
1127451,2018,2018-07-05,Headingley,1,11.1,Yorkshire,Durham,GS Ballance,A Lyth,RD Pringle,0,0,,,,,,caught,GS Ballance,,
1127451,2018,2018-07-05,Headingley,1,11.2,Yorkshire,Durham,JA Tattersall,A Lyth,RD Pringle,1,0,,,,,,,,,
1127451,2018,2018-07-05,Headingley,1,11.3,Yorkshire,Durham,A Lyth,JA Tattersall,RD Pringle,1,0,,,,,,,,,
1127451,2018,2018-07-05,Headingley,1,11.4,Yorkshire,Durham,JA Tattersall,A Lyth,RD Pringle,1,0,,,,,,,,,
1127451,2018,2018-07-05,Headingley,1,11.5,Yorkshire,Durham,A Lyth,JA Tattersall,RD Pringle,2,0,,,,,,,,,
1127451,2018,2018-07-05,Headingley,1,11.6,Yorkshire,Durham,A Lyth,JA Tattersall,RD Pringle,0,0,,,,,,,,,
1127451,2018,2018-07-05,Headingley,1,12.1,Yorkshire,Durham,JA Tattersall,A Lyth,Imran Tahir,1,0,,,,,,,,,
1127451,2018,2018-07-05,Headingley,1,12.2,Yorkshire,Durham,A Lyth,JA Tattersall,Imran Tahir,0,0,,,,,,,,,
1127451,2018,2018-07-05,Headingley,1,12.3,Yorkshire,Durham,A Lyth,JA Tattersall,Imran Tahir,2,0,,,,,,,,,
1127451,2018,2018-07-05,Headingley,1,12.4,Yorkshire,Durham,A Lyth,JA Tattersall,Imran Tahir,1,0,,,,,,,,,
1127451,2018,2018-07-05,Headingley,1,12.5,Yorkshire,Durham,JA Tattersall,A Lyth,Imran Tahir,1,0,,,,,,,,,
1127451,2018,2018-07-05,Headingley,1,12.6,Yorkshire,Durham,A Lyth,JA Tattersall,Imran Tahir,0,0,,,,,,,,,
1127451,2018,2018-07-05,Headingley,1,13.1,Yorkshire,Durham,JA Tattersall,A Lyth,PD Collingwood,1,0,,,,,,,,,
1127451,2018,2018-07-05,Headingley,1,13.2,Yorkshire,Durham,A Lyth,JA Tattersall,PD Collingwood,2,0,,,,,,,,,
1127451,2018,2018-07-05,Headingley,1,13.3,Yorkshire,Durham,A Lyth,JA Tattersall,PD Collingwood,1,0,,,,,,,,,
1127451,2018,2018-07-05,Headingley,1,13.4,Yorkshire,Durham,JA Tattersall,A Lyth,PD Collingwood,2,0,,,,,,,,,
1127451,2018,2018-07-05,Headingley,1,13.5,Yorkshire,Durham,JA Tattersall,A Lyth,PD Collingwood,1,0,,,,,,,,,
1127451,2018,2018-07-05,Headingley,1,13.6,Yorkshire,Durham,A Lyth,JA Tattersall,PD Collingwood,0,0,,,,,,,,,
1127451,2018,2018-07-05,Headingley,1,14.1,Yorkshire,Durham,JA Tattersall,A Lyth,Imran Tahir,3,0,,,,,,,,,
1127451,2018,2018-07-05,Headingley,1,14.2,Yorkshire,Durham,A Lyth,JA Tattersall,Imran Tahir,1,0,,,,,,,,,
1127451,2018,2018-07-05,Headingley,1,14.3,Yorkshire,Durham,JA Tattersall,A Lyth,Imran Tahir,4,0,,,,,,,,,
1127451,2018,2018-07-05,Headingley,1,14.4,Yorkshire,Durham,JA Tattersall,A Lyth,Imran Tahir,2,0,,,,,,,,,
1127451,2018,2018-07-05,Headingley,1,14.5,Yorkshire,Durham,JA Tattersall,A Lyth,Imran Tahir,4,0,,,,,,,,,
1127451,2018,2018-07-05,Headingley,1,14.6,Yorkshire,Durham,JA Tattersall,A Lyth,Imran Tahir,0,0,,,,,,,,,
1127451,2018,2018-07-05,Headingley,1,15.1,Yorkshire,Durham,A Lyth,JA Tattersall,PD Collingwood,1,0,,,,,,,,,
1127451,2018,2018-07-05,Headingley,1,15.2,Yorkshire,Durham,JA Tattersall,A Lyth,PD Collingwood,2,0,,,,,,,,,
1127451,2018,2018-07-05,Headingley,1,15.3,Yorkshire,Durham,JA Tattersall,A Lyth,PD Collingwood,2,0,,,,,,,,,
1127451,2018,2018-07-05,Headingley,1,15.4,Yorkshire,Durham,JA Tattersall,A Lyth,PD Collingwood,2,0,,,,,,,,,
1127451,2018,2018-07-05,Headingley,1,15.5,Yorkshire,Durham,JA Tattersall,A Lyth,PD Collingwood,1,0,,,,,,,,,
1127451,2018,2018-07-05,Headingley,1,15.6,Yorkshire,Durham,A Lyth,JA Tattersall,PD Collingwood,0,0,,,,,,,,,
1127451,2018,2018-07-05,Headingley,1,16.1,Yorkshire,Durham,JA Tattersall,A Lyth,NJ Rimmington,4,0,,,,,,,,,
1127451,2018,2018-07-05,Headingley,1,16.2,Yorkshire,Durham,JA Tattersall,A Lyth,NJ Rimmington,4,0,,,,,,,,,
1127451,2018,2018-07-05,Headingley,1,16.3,Yorkshire,Durham,JA Tattersall,A Lyth,NJ Rimmington,1,0,,,,,,,,,
1127451,2018,2018-07-05,Headingley,1,16.4,Yorkshire,Durham,A Lyth,JA Tattersall,NJ Rimmington,0,0,,,,,,,,,
1127451,2018,2018-07-05,Headingley,1,16.5,Yorkshire,Durham,A Lyth,JA Tattersall,NJ Rimmington,1,0,,,,,,,,,
1127451,2018,2018-07-05,Headingley,1,16.6,Yorkshire,Durham,JA Tattersall,A Lyth,NJ Rimmington,4,0,,,,,,,,,
1127451,2018,2018-07-05,Headingley,1,17.1,Yorkshire,Durham,A Lyth,JA Tattersall,WJ Weighell,4,0,,,,,,,,,
1127451,2018,2018-07-05,Headingley,1,17.2,Yorkshire,Durham,A Lyth,JA Tattersall,WJ Weighell,4,0,,,,,,,,,
1127451,2018,2018-07-05,Headingley,1,17.3,Yorkshire,Durham,A Lyth,JA Tattersall,WJ Weighell,6,2,,2,,,,,,,
1127451,2018,2018-07-05,Headingley,1,17.4,Yorkshire,Durham,A Lyth,JA Tattersall,WJ Weighell,1,0,,,,,,,,,
1127451,2018,2018-07-05,Headingley,1,17.5,Yorkshire,Durham,JA Tattersall,A Lyth,WJ Weighell,1,0,,,,,,,,,
1127451,2018,2018-07-05,Headingley,1,17.6,Yorkshire,Durham,A Lyth,JA Tattersall,WJ Weighell,1,0,,,,,,,,,
1127451,2018,2018-07-05,Headingley,1,17.7,Yorkshire,Durham,JA Tattersall,A Lyth,WJ Weighell,4,0,,,,,,,,,
1127451,2018,2018-07-05,Headingley,1,18.1,Yorkshire,Durham,A Lyth,JA Tattersall,C Rushworth,4,0,,,,,,,,,
1127451,2018,2018-07-05,Headingley,1,18.2,Yorkshire,Durham,A Lyth,JA Tattersall,C Rushworth,4,0,,,,,,,,,
1127451,2018,2018-07-05,Headingley,1,18.3,Yorkshire,Durham,A Lyth,JA Tattersall,C Rushworth,2,0,,,,,,,,,
1127451,2018,2018-07-05,Headingley,1,18.4,Yorkshire,Durham,A Lyth,JA Tattersall,C Rushworth,4,0,,,,,,,,,
1127451,2018,2018-07-05,Headingley,1,18.5,Yorkshire,Durham,A Lyth,JA Tattersall,C Rushworth,6,0,,,,,,,,,
1127451,2018,2018-07-05,Headingley,1,18.6,Yorkshire,Durham,A Lyth,JA Tattersall,C Rushworth,0,0,,,,,,,,,
1127451,2018,2018-07-05,Headingley,1,19.1,Yorkshire,Durham,JA Tattersall,A Lyth,NJ Rimmington,0,2,,2,,,,,,,
1127451,2018,2018-07-05,Headingley,1,19.2,Yorkshire,Durham,JA Tattersall,A Lyth,NJ Rimmington,1,0,,,,,,,,,
1127451,2018,2018-07-05,Headingley,1,19.3,Yorkshire,Durham,A Lyth,JA Tattersall,NJ Rimmington,4,0,,,,,,,,,
1127451,2018,2018-07-05,Headingley,1,19.4,Yorkshire,Durham,A Lyth,JA Tattersall,NJ Rimmington,1,0,,,,,,,,,
1127451,2018,2018-07-05,Headingley,1,19.5,Yorkshire,Durham,JA Tattersall,A Lyth,NJ Rimmington,2,0,,,,,,,,,
1127451,2018,2018-07-05,Headingley,1,19.6,Yorkshire,Durham,JA Tattersall,A Lyth,NJ Rimmington,2,0,,,,,,,,,
1127451,2018,2018-07-05,Headingley,1,19.7,Yorkshire,Durham,JA Tattersall,A Lyth,NJ Rimmington,2,0,,,,,,,,,
1127451,2018,2018-07-05,Headingley,2,0.1,Durham,Yorkshire,G Clark,BA Stokes,MD Fisher,0,0,,,,,,,,,
1127451,2018,2018-07-05,Headingley,2,0.2,Durham,Yorkshire,G Clark,BA Stokes,MD Fisher,2,0,,,,,,,,,
1127451,2018,2018-07-05,Headingley,2,0.3,Durham,Yorkshire,G Clark,BA Stokes,MD Fisher,0,1,1,,,,,,,,
1127451,2018,2018-07-05,Headingley,2,0.4,Durham,Yorkshire,G Clark,BA Stokes,MD Fisher,0,0,,,,,,,,,
1127451,2018,2018-07-05,Headingley,2,0.5,Durham,Yorkshire,G Clark,BA Stokes,MD Fisher,4,0,,,,,,,,,
1127451,2018,2018-07-05,Headingley,2,0.6,Durham,Yorkshire,G Clark,BA Stokes,MD Fisher,1,0,,,,,,,,,
1127451,2018,2018-07-05,Headingley,2,0.7,Durham,Yorkshire,BA Stokes,G Clark,MD Fisher,1,0,,,,,,,,,
1127451,2018,2018-07-05,Headingley,2,1.1,Durham,Yorkshire,BA Stokes,G Clark,JA Brooks,0,0,,,,,,,,,
1127451,2018,2018-07-05,Headingley,2,1.2,Durham,Yorkshire,BA Stokes,G Clark,JA Brooks,0,0,,,,,,,,,
1127451,2018,2018-07-05,Headingley,2,1.3,Durham,Yorkshire,BA Stokes,G Clark,JA Brooks,0,0,,,,,,,,,
1127451,2018,2018-07-05,Headingley,2,1.4,Durham,Yorkshire,BA Stokes,G Clark,JA Brooks,0,0,,,,,,,,,
1127451,2018,2018-07-05,Headingley,2,1.5,Durham,Yorkshire,BA Stokes,G Clark,JA Brooks,0,0,,,,,,,,,
1127451,2018,2018-07-05,Headingley,2,1.6,Durham,Yorkshire,BA Stokes,G Clark,JA Brooks,1,0,,,,,,,,,
1127451,2018,2018-07-05,Headingley,2,2.1,Durham,Yorkshire,BA Stokes,G Clark,TT Bresnan,1,0,,,,,,,,,
1127451,2018,2018-07-05,Headingley,2,2.2,Durham,Yorkshire,G Clark,BA Stokes,TT Bresnan,1,0,,,,,,,,,
1127451,2018,2018-07-05,Headingley,2,2.3,Durham,Yorkshire,BA Stokes,G Clark,TT Bresnan,0,0,,,,,,,,,
1127451,2018,2018-07-05,Headingley,2,2.4,Durham,Yorkshire,BA Stokes,G Clark,TT Bresnan,0,0,,,,,,,,,
1127451,2018,2018-07-05,Headingley,2,2.5,Durham,Yorkshire,BA Stokes,G Clark,TT Bresnan,0,0,,,,,,,,,
1127451,2018,2018-07-05,Headingley,2,2.6,Durham,Yorkshire,BA Stokes,G Clark,TT Bresnan,0,0,,,,,,,,,
1127451,2018,2018-07-05,Headingley,2,3.1,Durham,Yorkshire,G Clark,BA Stokes,JA Brooks,0,0,,,,,,caught,G Clark,,
1127451,2018,2018-07-05,Headingley,2,3.2,Durham,Yorkshire,BA Stokes,PD Collingwood,JA Brooks,0,1,,,,1,,,,,
1127451,2018,2018-07-05,Headingley,2,3.3,Durham,Yorkshire,PD Collingwood,BA Stokes,JA Brooks,0,0,,,,,,lbw,PD Collingwood,,
1127451,2018,2018-07-05,Headingley,2,3.4,Durham,Yorkshire,TWM Latham,BA Stokes,JA Brooks,1,0,,,,,,,,,
1127451,2018,2018-07-05,Headingley,2,3.5,Durham,Yorkshire,BA Stokes,TWM Latham,JA Brooks,0,0,,,,,,,,,
1127451,2018,2018-07-05,Headingley,2,3.6,Durham,Yorkshire,BA Stokes,TWM Latham,JA Brooks,1,0,,,,,,,,,
1127451,2018,2018-07-05,Headingley,2,4.1,Durham,Yorkshire,BA Stokes,TWM Latham,TT Bresnan,0,0,,,,,,,,,
1127451,2018,2018-07-05,Headingley,2,4.2,Durham,Yorkshire,BA Stokes,TWM Latham,TT Bresnan,4,0,,,,,,,,,
1127451,2018,2018-07-05,Headingley,2,4.3,Durham,Yorkshire,BA Stokes,TWM Latham,TT Bresnan,0,0,,,,,,,,,
1127451,2018,2018-07-05,Headingley,2,4.4,Durham,Yorkshire,BA Stokes,TWM Latham,TT Bresnan,1,0,,,,,,,,,
1127451,2018,2018-07-05,Headingley,2,4.5,Durham,Yorkshire,TWM Latham,BA Stokes,TT Bresnan,1,0,,,,,,,,,
1127451,2018,2018-07-05,Headingley,2,4.6,Durham,Yorkshire,BA Stokes,TWM Latham,TT Bresnan,4,0,,,,,,,,,
1127451,2018,2018-07-05,Headingley,2,5.1,Durham,Yorkshire,TWM Latham,BA Stokes,JA Brooks,1,0,,,,,,,,,
1127451,2018,2018-07-05,Headingley,2,5.2,Durham,Yorkshire,BA Stokes,TWM Latham,JA Brooks,0,0,,,,,,,,,
1127451,2018,2018-07-05,Headingley,2,5.3,Durham,Yorkshire,BA Stokes,TWM Latham,JA Brooks,1,0,,,,,,,,,
1127451,2018,2018-07-05,Headingley,2,5.4,Durham,Yorkshire,TWM Latham,BA Stokes,JA Brooks,4,0,,,,,,,,,
1127451,2018,2018-07-05,Headingley,2,5.5,Durham,Yorkshire,TWM Latham,BA Stokes,JA Brooks,1,0,,,,,,,,,
1127451,2018,2018-07-05,Headingley,2,5.6,Durham,Yorkshire,BA Stokes,TWM Latham,JA Brooks,4,0,,,,,,,,,
1127451,2018,2018-07-05,Headingley,2,6.1,Durham,Yorkshire,TWM Latham,BA Stokes,Azeem Rafiq,1,0,,,,,,,,,
1127451,2018,2018-07-05,Headingley,2,6.2,Durham,Yorkshire,BA Stokes,TWM Latham,Azeem Rafiq,0,0,,,,,,,,,
1127451,2018,2018-07-05,Headingley,2,6.3,Durham,Yorkshire,BA Stokes,TWM Latham,Azeem Rafiq,0,0,,,,,,,,,
1127451,2018,2018-07-05,Headingley,2,6.4,Durham,Yorkshire,BA Stokes,TWM Latham,Azeem Rafiq,1,0,,,,,,,,,
1127451,2018,2018-07-05,Headingley,2,6.5,Durham,Yorkshire,TWM Latham,BA Stokes,Azeem Rafiq,2,0,,,,,,,,,
1127451,2018,2018-07-05,Headingley,2,6.6,Durham,Yorkshire,TWM Latham,BA Stokes,Azeem Rafiq,0,0,,,,,,,,,
1127451,2018,2018-07-05,Headingley,2,7.1,Durham,Yorkshire,BA Stokes,TWM Latham,SA Patterson,1,0,,,,,,,,,
1127451,2018,2018-07-05,Headingley,2,7.2,Durham,Yorkshire,TWM Latham,BA Stokes,SA Patterson,1,0,,,,,,,,,
1127451,2018,2018-07-05,Headingley,2,7.3,Durham,Yorkshire,BA Stokes,TWM Latham,SA Patterson,0,0,,,,,,,,,
1127451,2018,2018-07-05,Headingley,2,7.4,Durham,Yorkshire,BA Stokes,TWM Latham,SA Patterson,2,0,,,,,,,,,
1127451,2018,2018-07-05,Headingley,2,7.5,Durham,Yorkshire,BA Stokes,TWM Latham,SA Patterson,1,0,,,,,,,,,
1127451,2018,2018-07-05,Headingley,2,7.6,Durham,Yorkshire,TWM Latham,BA Stokes,SA Patterson,0,0,,,,,,caught,TWM Latham,,
1127451,2018,2018-07-05,Headingley,2,8.1,Durham,Yorkshire,BA Stokes,WR Smith,Azeem Rafiq,1,0,,,,,,,,,
1127451,2018,2018-07-05,Headingley,2,8.2,Durham,Yorkshire,WR Smith,BA Stokes,Azeem Rafiq,1,0,,,,,,,,,
1127451,2018,2018-07-05,Headingley,2,8.3,Durham,Yorkshire,BA Stokes,WR Smith,Azeem Rafiq,0,0,,,,,,,,,
1127451,2018,2018-07-05,Headingley,2,8.4,Durham,Yorkshire,BA Stokes,WR Smith,Azeem Rafiq,2,0,,,,,,,,,
1127451,2018,2018-07-05,Headingley,2,8.5,Durham,Yorkshire,BA Stokes,WR Smith,Azeem Rafiq,1,0,,,,,,,,,
1127451,2018,2018-07-05,Headingley,2,8.6,Durham,Yorkshire,WR Smith,BA Stokes,Azeem Rafiq,1,0,,,,,,,,,
1127451,2018,2018-07-05,Headingley,2,9.1,Durham,Yorkshire,WR Smith,BA Stokes,SA Patterson,1,0,,,,,,,,,
1127451,2018,2018-07-05,Headingley,2,9.2,Durham,Yorkshire,BA Stokes,WR Smith,SA Patterson,2,0,,,,,,,,,
1127451,2018,2018-07-05,Headingley,2,9.3,Durham,Yorkshire,BA Stokes,WR Smith,SA Patterson,1,0,,,,,,,,,
1127451,2018,2018-07-05,Headingley,2,9.4,Durham,Yorkshire,WR Smith,BA Stokes,SA Patterson,2,0,,,,,,,,,
1127451,2018,2018-07-05,Headingley,2,9.5,Durham,Yorkshire,WR Smith,BA Stokes,SA Patterson,1,0,,,,,,,,,
1127451,2018,2018-07-05,Headingley,2,9.6,Durham,Yorkshire,BA Stokes,WR Smith,SA Patterson,1,0,,,,,,,,,
1127451,2018,2018-07-05,Headingley,2,10.1,Durham,Yorkshire,BA Stokes,WR Smith,Azeem Rafiq,1,0,,,,,,,,,
1127451,2018,2018-07-05,Headingley,2,10.2,Durham,Yorkshire,WR Smith,BA Stokes,Azeem Rafiq,1,0,,,,,,,,,
1127451,2018,2018-07-05,Headingley,2,10.3,Durham,Yorkshire,BA Stokes,WR Smith,Azeem Rafiq,0,0,,,,,,,,,
1127451,2018,2018-07-05,Headingley,2,10.4,Durham,Yorkshire,BA Stokes,WR Smith,Azeem Rafiq,1,0,,,,,,,,,
1127451,2018,2018-07-05,Headingley,2,10.5,Durham,Yorkshire,WR Smith,BA Stokes,Azeem Rafiq,4,0,,,,,,,,,
1127451,2018,2018-07-05,Headingley,2,10.6,Durham,Yorkshire,WR Smith,BA Stokes,Azeem Rafiq,1,0,,,,,,,,,
1127451,2018,2018-07-05,Headingley,2,11.1,Durham,Yorkshire,WR Smith,BA Stokes,MD Fisher,0,2,,,,2,,,,,
1127451,2018,2018-07-05,Headingley,2,11.2,Durham,Yorkshire,WR Smith,BA Stokes,MD Fisher,2,0,,,,,,,,,
1127451,2018,2018-07-05,Headingley,2,11.3,Durham,Yorkshire,WR Smith,BA Stokes,MD Fisher,1,0,,,,,,,,,
1127451,2018,2018-07-05,Headingley,2,11.4,Durham,Yorkshire,BA Stokes,WR Smith,MD Fisher,0,0,,,,,,,,,
1127451,2018,2018-07-05,Headingley,2,11.5,Durham,Yorkshire,BA Stokes,WR Smith,MD Fisher,6,0,,,,,,,,,
1127451,2018,2018-07-05,Headingley,2,11.6,Durham,Yorkshire,BA Stokes,WR Smith,MD Fisher,0,0,,,,,,,,,
1127451,2018,2018-07-05,Headingley,2,12.1,Durham,Yorkshire,WR Smith,BA Stokes,Azeem Rafiq,6,0,,,,,,,,,
1127451,2018,2018-07-05,Headingley,2,12.2,Durham,Yorkshire,WR Smith,BA Stokes,Azeem Rafiq,1,0,,,,,,,,,
1127451,2018,2018-07-05,Headingley,2,12.3,Durham,Yorkshire,BA Stokes,WR Smith,Azeem Rafiq,0,0,,,,,,,,,
1127451,2018,2018-07-05,Headingley,2,12.4,Durham,Yorkshire,BA Stokes,WR Smith,Azeem Rafiq,6,0,,,,,,,,,
1127451,2018,2018-07-05,Headingley,2,12.5,Durham,Yorkshire,BA Stokes,WR Smith,Azeem Rafiq,0,0,,,,,,,,,
1127451,2018,2018-07-05,Headingley,2,12.6,Durham,Yorkshire,BA Stokes,WR Smith,Azeem Rafiq,0,0,,,,,,,,,
1127451,2018,2018-07-05,Headingley,2,13.1,Durham,Yorkshire,WR Smith,BA Stokes,JA Brooks,0,0,,,,,,caught,WR Smith,,
1127451,2018,2018-07-05,Headingley,2,13.2,Durham,Yorkshire,BA Stokes,RD Pringle,JA Brooks,0,0,,,,,,,,,
1127451,2018,2018-07-05,Headingley,2,13.3,Durham,Yorkshire,BA Stokes,RD Pringle,JA Brooks,1,0,,,,,,,,,
1127451,2018,2018-07-05,Headingley,2,13.4,Durham,Yorkshire,RD Pringle,BA Stokes,JA Brooks,1,0,,,,,,,,,
1127451,2018,2018-07-05,Headingley,2,13.5,Durham,Yorkshire,BA Stokes,RD Pringle,JA Brooks,1,0,,,,,,,,,
1127451,2018,2018-07-05,Headingley,2,13.6,Durham,Yorkshire,RD Pringle,BA Stokes,JA Brooks,4,0,,,,,,,,,
1127451,2018,2018-07-05,Headingley,2,14.1,Durham,Yorkshire,BA Stokes,RD Pringle,MD Fisher,1,0,,,,,,,,,
1127451,2018,2018-07-05,Headingley,2,14.2,Durham,Yorkshire,RD Pringle,BA Stokes,MD Fisher,0,0,,,,,,,,,
1127451,2018,2018-07-05,Headingley,2,14.3,Durham,Yorkshire,RD Pringle,BA Stokes,MD Fisher,0,0,,,,,,,,,
1127451,2018,2018-07-05,Headingley,2,14.4,Durham,Yorkshire,RD Pringle,BA Stokes,MD Fisher,1,0,,,,,,,,,
1127451,2018,2018-07-05,Headingley,2,14.5,Durham,Yorkshire,BA Stokes,RD Pringle,MD Fisher,6,0,,,,,,,,,
1127451,2018,2018-07-05,Headingley,2,14.6,Durham,Yorkshire,BA Stokes,RD Pringle,MD Fisher,4,0,,,,,,,,,
1127451,2018,2018-07-05,Headingley,2,15.1,Durham,Yorkshire,RD Pringle,BA Stokes,SA Patterson,0,0,,,,,,,,,
1127451,2018,2018-07-05,Headingley,2,15.2,Durham,Yorkshire,RD Pringle,BA Stokes,SA Patterson,0,0,,,,,,,,,
1127451,2018,2018-07-05,Headingley,2,15.3,Durham,Yorkshire,RD Pringle,BA Stokes,SA Patterson,1,0,,,,,,,,,
1127451,2018,2018-07-05,Headingley,2,15.4,Durham,Yorkshire,BA Stokes,RD Pringle,SA Patterson,0,0,,,,,,,,,
1127451,2018,2018-07-05,Headingley,2,15.5,Durham,Yorkshire,BA Stokes,RD Pringle,SA Patterson,1,0,,,,,,,,,
1127451,2018,2018-07-05,Headingley,2,15.6,Durham,Yorkshire,RD Pringle,BA Stokes,SA Patterson,0,0,,,,,,,,,
1127451,2018,2018-07-05,Headingley,2,16.1,Durham,Yorkshire,BA Stokes,RD Pringle,TT Bresnan,0,0,,,,,,,,,
1127451,2018,2018-07-05,Headingley,2,16.2,Durham,Yorkshire,BA Stokes,RD Pringle,TT Bresnan,1,0,,,,,,,,,
1127451,2018,2018-07-05,Headingley,2,16.3,Durham,Yorkshire,RD Pringle,BA Stokes,TT Bresnan,2,0,,,,,,,,,
1127451,2018,2018-07-05,Headingley,2,16.4,Durham,Yorkshire,RD Pringle,BA Stokes,TT Bresnan,0,0,,,,,,,,,
1127451,2018,2018-07-05,Headingley,2,16.5,Durham,Yorkshire,RD Pringle,BA Stokes,TT Bresnan,4,0,,,,,,,,,
1127451,2018,2018-07-05,Headingley,2,16.6,Durham,Yorkshire,RD Pringle,BA Stokes,TT Bresnan,1,0,,,,,,,,,
1127451,2018,2018-07-05,Headingley,2,17.1,Durham,Yorkshire,RD Pringle,BA Stokes,SA Patterson,0,0,,,,,,,,,
1127451,2018,2018-07-05,Headingley,2,17.2,Durham,Yorkshire,RD Pringle,BA Stokes,SA Patterson,1,0,,,,,,,,,
1127451,2018,2018-07-05,Headingley,2,17.3,Durham,Yorkshire,BA Stokes,RD Pringle,SA Patterson,6,0,,,,,,,,,
1127451,2018,2018-07-05,Headingley,2,17.4,Durham,Yorkshire,BA Stokes,RD Pringle,SA Patterson,0,0,,,,,,,,,
1127451,2018,2018-07-05,Headingley,2,17.5,Durham,Yorkshire,BA Stokes,RD Pringle,SA Patterson,4,0,,,,,,,,,
1127451,2018,2018-07-05,Headingley,2,17.6,Durham,Yorkshire,BA Stokes,RD Pringle,SA Patterson,0,0,,,,,,,,,
1127451,2018,2018-07-05,Headingley,2,18.1,Durham,Yorkshire,RD Pringle,BA Stokes,TT Bresnan,1,0,,,,,,,,,
1127451,2018,2018-07-05,Headingley,2,18.2,Durham,Yorkshire,BA Stokes,RD Pringle,TT Bresnan,4,0,,,,,,,,,
1127451,2018,2018-07-05,Headingley,2,18.3,Durham,Yorkshire,BA Stokes,RD Pringle,TT Bresnan,6,0,,,,,,,,,
1127451,2018,2018-07-05,Headingley,2,18.4,Durham,Yorkshire,BA Stokes,RD Pringle,TT Bresnan,1,0,,,,,,,,,
1127451,2018,2018-07-05,Headingley,2,18.5,Durham,Yorkshire,RD Pringle,BA Stokes,TT Bresnan,1,0,,,,,,,,,
1127451,2018,2018-07-05,Headingley,2,18.6,Durham,Yorkshire,BA Stokes,RD Pringle,TT Bresnan,4,0,,,,,,,,,
1127451,2018,2018-07-05,Headingley,2,19.1,Durham,Yorkshire,RD Pringle,BA Stokes,MD Fisher,0,0,,,,,,,,,
1127451,2018,2018-07-05,Headingley,2,19.2,Durham,Yorkshire,RD Pringle,BA Stokes,MD Fisher,0,1,1,,,,,,,,
1127451,2018,2018-07-05,Headingley,2,19.3,Durham,Yorkshire,RD Pringle,BA Stokes,MD Fisher,1,0,,,,,,,,,
1127451,2018,2018-07-05,Headingley,2,19.4,Durham,Yorkshire,BA Stokes,RD Pringle,MD Fisher,4,0,,,,,,,,,
1127451,2018,2018-07-05,Headingley,2,19.5,Durham,Yorkshire,BA Stokes,RD Pringle,MD Fisher,0,0,,,,,,,,,
1127451,2018,2018-07-05,Headingley,2,19.6,Durham,Yorkshire,BA Stokes,RD Pringle,MD Fisher,1,0,,,,,,,,,
1127451,2018,2018-07-05,Headingley,2,19.7,Durham,Yorkshire,RD Pringle,BA Stokes,MD Fisher,1,0,,,,,,,,,
