match_id,season,start_date,venue,innings,ball,batting_team,bowling_team,striker,non_striker,bowler,runs_off_bat,extras,wides,noballs,byes,legbyes,penalty,wicket_type,player_dismissed,other_wicket_type,other_player_dismissed
1127456,2018,2018-07-06,Kennington Oval,1,0.1,Kent,Surrey,JL Denly,DJ Bell-Drummond,JW Dernbach,0,0,,,,,,,,,
1127456,2018,2018-07-06,Kennington Oval,1,0.2,Kent,Surrey,JL Denly,DJ Bell-Drummond,JW Dernbach,0,0,,,,,,,,,
1127456,2018,2018-07-06,Kennington Oval,1,0.3,Kent,Surrey,JL Denly,DJ Bell-Drummond,JW Dernbach,4,0,,,,,,,,,
1127456,2018,2018-07-06,Kennington Oval,1,0.4,Kent,Surrey,JL Denly,DJ Bell-Drummond,JW Dernbach,1,0,,,,,,,,,
1127456,2018,2018-07-06,Kennington Oval,1,0.5,Kent,Surrey,DJ Bell-Drummond,JL Denly,JW Dernbach,0,0,,,,,,,,,
1127456,2018,2018-07-06,Kennington Oval,1,0.6,Kent,Surrey,DJ Bell-Drummond,JL Denly,JW Dernbach,0,0,,,,,,caught,DJ Bell-Drummond,,
1127456,2018,2018-07-06,Kennington Oval,1,1.1,Kent,Surrey,JL Denly,HG Kuhn,FOE van den Bergh,1,0,,,,,,,,,
1127456,2018,2018-07-06,Kennington Oval,1,1.2,Kent,Surrey,HG Kuhn,JL Denly,FOE van den Bergh,0,0,,,,,,,,,
1127456,2018,2018-07-06,Kennington Oval,1,1.3,Kent,Surrey,HG Kuhn,JL Denly,FOE van den Bergh,0,0,,,,,,,,,
1127456,2018,2018-07-06,Kennington Oval,1,1.4,Kent,Surrey,HG Kuhn,JL Denly,FOE van den Bergh,0,0,,,,,,,,,
1127456,2018,2018-07-06,Kennington Oval,1,1.5,Kent,Surrey,HG Kuhn,JL Denly,FOE van den Bergh,0,0,,,,,,,,,
1127456,2018,2018-07-06,Kennington Oval,1,1.6,Kent,Surrey,HG Kuhn,JL Denly,FOE van den Bergh,3,0,,,,,,,,,
1127456,2018,2018-07-06,Kennington Oval,1,2.1,Kent,Surrey,HG Kuhn,JL Denly,JW Dernbach,4,0,,,,,,,,,
1127456,2018,2018-07-06,Kennington Oval,1,2.2,Kent,Surrey,HG Kuhn,JL Denly,JW Dernbach,1,0,,,,,,,,,
1127456,2018,2018-07-06,Kennington Oval,1,2.3,Kent,Surrey,JL Denly,HG Kuhn,JW Dernbach,4,0,,,,,,,,,
1127456,2018,2018-07-06,Kennington Oval,1,2.4,Kent,Surrey,JL Denly,HG Kuhn,JW Dernbach,0,0,,,,,,,,,
1127456,2018,2018-07-06,Kennington Oval,1,2.5,Kent,Surrey,JL Denly,HG Kuhn,JW Dernbach,4,0,,,,,,,,,
1127456,2018,2018-07-06,Kennington Oval,1,2.6,Kent,Surrey,JL Denly,HG Kuhn,JW Dernbach,1,0,,,,,,,,,
1127456,2018,2018-07-06,Kennington Oval,1,3.1,Kent,Surrey,JL Denly,HG Kuhn,FOE van den Bergh,1,0,,,,,,,,,
1127456,2018,2018-07-06,Kennington Oval,1,3.2,Kent,Surrey,HG Kuhn,JL Denly,FOE van den Bergh,0,1,,,,1,,,,,
1127456,2018,2018-07-06,Kennington Oval,1,3.3,Kent,Surrey,JL Denly,HG Kuhn,FOE van den Bergh,2,0,,,,,,,,,
1127456,2018,2018-07-06,Kennington Oval,1,3.4,Kent,Surrey,JL Denly,HG Kuhn,FOE van den Bergh,1,0,,,,,,,,,
1127456,2018,2018-07-06,Kennington Oval,1,3.5,Kent,Surrey,HG Kuhn,JL Denly,FOE van den Bergh,4,0,,,,,,,,,
1127456,2018,2018-07-06,Kennington Oval,1,3.6,Kent,Surrey,HG Kuhn,JL Denly,FOE van den Bergh,0,0,,,,,,,,,
1127456,2018,2018-07-06,Kennington Oval,1,4.1,Kent,Surrey,JL Denly,HG Kuhn,R Clarke,0,0,,,,,,,,,
1127456,2018,2018-07-06,Kennington Oval,1,4.2,Kent,Surrey,JL Denly,HG Kuhn,R Clarke,4,0,,,,,,,,,
1127456,2018,2018-07-06,Kennington Oval,1,4.3,Kent,Surrey,JL Denly,HG Kuhn,R Clarke,1,0,,,,,,,,,
1127456,2018,2018-07-06,Kennington Oval,1,4.4,Kent,Surrey,HG Kuhn,JL Denly,R Clarke,0,0,,,,,,,,,
1127456,2018,2018-07-06,Kennington Oval,1,4.5,Kent,Surrey,HG Kuhn,JL Denly,R Clarke,1,0,,,,,,,,,
1127456,2018,2018-07-06,Kennington Oval,1,4.6,Kent,Surrey,JL Denly,HG Kuhn,R Clarke,1,0,,,,,,,,,
1127456,2018,2018-07-06,Kennington Oval,1,5.1,Kent,Surrey,JL Denly,HG Kuhn,M Morkel,4,0,,,,,,,,,
1127456,2018,2018-07-06,Kennington Oval,1,5.2,Kent,Surrey,JL Denly,HG Kuhn,M Morkel,0,0,,,,,,,,,
1127456,2018,2018-07-06,Kennington Oval,1,5.3,Kent,Surrey,JL Denly,HG Kuhn,M Morkel,1,0,,,,,,,,,
1127456,2018,2018-07-06,Kennington Oval,1,5.4,Kent,Surrey,HG Kuhn,JL Denly,M Morkel,3,0,,,,,,,,,
1127456,2018,2018-07-06,Kennington Oval,1,5.5,Kent,Surrey,JL Denly,HG Kuhn,M Morkel,0,0,,,,,,,,,
1127456,2018,2018-07-06,Kennington Oval,1,5.6,Kent,Surrey,JL Denly,HG Kuhn,M Morkel,2,0,,,,,,,,,
1127456,2018,2018-07-06,Kennington Oval,1,6.1,Kent,Surrey,HG Kuhn,JL Denly,R Clarke,1,0,,,,,,,,,
1127456,2018,2018-07-06,Kennington Oval,1,6.2,Kent,Surrey,JL Denly,HG Kuhn,R Clarke,1,0,,,,,,,,,
1127456,2018,2018-07-06,Kennington Oval,1,6.3,Kent,Surrey,HG Kuhn,JL Denly,R Clarke,1,0,,,,,,,,,
1127456,2018,2018-07-06,Kennington Oval,1,6.4,Kent,Surrey,JL Denly,HG Kuhn,R Clarke,1,0,,,,,,,,,
1127456,2018,2018-07-06,Kennington Oval,1,6.5,Kent,Surrey,HG Kuhn,JL Denly,R Clarke,2,0,,,,,,,,,
1127456,2018,2018-07-06,Kennington Oval,1,6.6,Kent,Surrey,HG Kuhn,JL Denly,R Clarke,0,0,,,,,,,,,
1127456,2018,2018-07-06,Kennington Oval,1,7.1,Kent,Surrey,JL Denly,HG Kuhn,GJ Batty,4,0,,,,,,,,,
1127456,2018,2018-07-06,Kennington Oval,1,7.2,Kent,Surrey,JL Denly,HG Kuhn,GJ Batty,1,0,,,,,,,,,
1127456,2018,2018-07-06,Kennington Oval,1,7.3,Kent,Surrey,HG Kuhn,JL Denly,GJ Batty,4,0,,,,,,,,,
1127456,2018,2018-07-06,Kennington Oval,1,7.4,Kent,Surrey,HG Kuhn,JL Denly,GJ Batty,1,0,,,,,,,,,
1127456,2018,2018-07-06,Kennington Oval,1,7.5,Kent,Surrey,JL Denly,HG Kuhn,GJ Batty,0,0,,,,,,,,,
1127456,2018,2018-07-06,Kennington Oval,1,7.6,Kent,Surrey,JL Denly,HG Kuhn,GJ Batty,2,0,,,,,,,,,
1127456,2018,2018-07-06,Kennington Oval,1,8.1,Kent,Surrey,HG Kuhn,JL Denly,R Clarke,1,0,,,,,,,,,
1127456,2018,2018-07-06,Kennington Oval,1,8.2,Kent,Surrey,JL Denly,HG Kuhn,R Clarke,0,1,1,,,,,,,,
1127456,2018,2018-07-06,Kennington Oval,1,8.3,Kent,Surrey,JL Denly,HG Kuhn,R Clarke,0,0,,,,,,,,,
1127456,2018,2018-07-06,Kennington Oval,1,8.4,Kent,Surrey,JL Denly,HG Kuhn,R Clarke,0,1,,,,1,,,,,
1127456,2018,2018-07-06,Kennington Oval,1,8.5,Kent,Surrey,HG Kuhn,JL Denly,R Clarke,1,0,,,,,,,,,
1127456,2018,2018-07-06,Kennington Oval,1,8.6,Kent,Surrey,JL Denly,HG Kuhn,R Clarke,2,0,,,,,,,,,
1127456,2018,2018-07-06,Kennington Oval,1,8.7,Kent,Surrey,JL Denly,HG Kuhn,R Clarke,4,0,,,,,,,,,
1127456,2018,2018-07-06,Kennington Oval,1,9.1,Kent,Surrey,HG Kuhn,JL Denly,GJ Batty,1,0,,,,,,,,,
1127456,2018,2018-07-06,Kennington Oval,1,9.2,Kent,Surrey,JL Denly,HG Kuhn,GJ Batty,4,0,,,,,,,,,
1127456,2018,2018-07-06,Kennington Oval,1,9.3,Kent,Surrey,JL Denly,HG Kuhn,GJ Batty,2,0,,,,,,,,,
1127456,2018,2018-07-06,Kennington Oval,1,9.4,Kent,Surrey,JL Denly,HG Kuhn,GJ Batty,0,0,,,,,,,,,
1127456,2018,2018-07-06,Kennington Oval,1,9.5,Kent,Surrey,JL Denly,HG Kuhn,GJ Batty,0,0,,,,,,,,,
1127456,2018,2018-07-06,Kennington Oval,1,9.6,Kent,Surrey,JL Denly,HG Kuhn,GJ Batty,6,0,,,,,,,,,
1127456,2018,2018-07-06,Kennington Oval,1,10.1,Kent,Surrey,HG Kuhn,JL Denly,FOE van den Bergh,1,0,,,,,,,,,
1127456,2018,2018-07-06,Kennington Oval,1,10.2,Kent,Surrey,JL Denly,HG Kuhn,FOE van den Bergh,6,0,,,,,,,,,
1127456,2018,2018-07-06,Kennington Oval,1,10.3,Kent,Surrey,JL Denly,HG Kuhn,FOE van den Bergh,2,0,,,,,,,,,
1127456,2018,2018-07-06,Kennington Oval,1,10.4,Kent,Surrey,JL Denly,HG Kuhn,FOE van den Bergh,4,0,,,,,,,,,
1127456,2018,2018-07-06,Kennington Oval,1,10.5,Kent,Surrey,JL Denly,HG Kuhn,FOE van den Bergh,4,0,,,,,,,,,
1127456,2018,2018-07-06,Kennington Oval,1,10.6,Kent,Surrey,JL Denly,HG Kuhn,FOE van den Bergh,0,0,,,,,,,,,
1127456,2018,2018-07-06,Kennington Oval,1,11.1,Kent,Surrey,HG Kuhn,JL Denly,M Morkel,1,0,,,,,,,,,
1127456,2018,2018-07-06,Kennington Oval,1,11.2,Kent,Surrey,JL Denly,HG Kuhn,M Morkel,0,0,,,,,,,,,
1127456,2018,2018-07-06,Kennington Oval,1,11.3,Kent,Surrey,JL Denly,HG Kuhn,M Morkel,0,0,,,,,,,,,
1127456,2018,2018-07-06,Kennington Oval,1,11.4,Kent,Surrey,JL Denly,HG Kuhn,M Morkel,1,0,,,,,,,,,
1127456,2018,2018-07-06,Kennington Oval,1,11.5,Kent,Surrey,HG Kuhn,JL Denly,M Morkel,0,0,,,,,,,,,
1127456,2018,2018-07-06,Kennington Oval,1,11.6,Kent,Surrey,HG Kuhn,JL Denly,M Morkel,0,0,,,,,,caught,HG Kuhn,,
1127456,2018,2018-07-06,Kennington Oval,1,12.1,Kent,Surrey,SW Billings,JL Denly,MW Pillans,0,0,,,,,,,,,
1127456,2018,2018-07-06,Kennington Oval,1,12.2,Kent,Surrey,SW Billings,JL Denly,MW Pillans,0,0,,,,,,,,,
1127456,2018,2018-07-06,Kennington Oval,1,12.3,Kent,Surrey,SW Billings,JL Denly,MW Pillans,0,0,,,,,,,,,
1127456,2018,2018-07-06,Kennington Oval,1,12.4,Kent,Surrey,SW Billings,JL Denly,MW Pillans,0,0,,,,,,,,,
1127456,2018,2018-07-06,Kennington Oval,1,12.5,Kent,Surrey,SW Billings,JL Denly,MW Pillans,0,0,,,,,,,,,
1127456,2018,2018-07-06,Kennington Oval,1,12.6,Kent,Surrey,SW Billings,JL Denly,MW Pillans,4,0,,,,,,,,,
1127456,2018,2018-07-06,Kennington Oval,1,13.1,Kent,Surrey,JL Denly,SW Billings,M Morkel,0,1,1,,,,,,,,
1127456,2018,2018-07-06,Kennington Oval,1,13.2,Kent,Surrey,JL Denly,SW Billings,M Morkel,2,0,,,,,,,,,
1127456,2018,2018-07-06,Kennington Oval,1,13.3,Kent,Surrey,JL Denly,SW Billings,M Morkel,1,0,,,,,,,,,
1127456,2018,2018-07-06,Kennington Oval,1,13.4,Kent,Surrey,SW Billings,JL Denly,M Morkel,2,0,,,,,,,,,
1127456,2018,2018-07-06,Kennington Oval,1,13.5,Kent,Surrey,SW Billings,JL Denly,M Morkel,0,0,,,,,,,,,
1127456,2018,2018-07-06,Kennington Oval,1,13.6,Kent,Surrey,SW Billings,JL Denly,M Morkel,4,0,,,,,,,,,
1127456,2018,2018-07-06,Kennington Oval,1,13.7,Kent,Surrey,SW Billings,JL Denly,M Morkel,4,0,,,,,,,,,
1127456,2018,2018-07-06,Kennington Oval,1,14.1,Kent,Surrey,JL Denly,SW Billings,MW Pillans,1,0,,,,,,,,,
1127456,2018,2018-07-06,Kennington Oval,1,14.2,Kent,Surrey,SW Billings,JL Denly,MW Pillans,0,0,,,,,,caught,SW Billings,,
1127456,2018,2018-07-06,Kennington Oval,1,14.3,Kent,Surrey,JL Denly,AJ Blake,MW Pillans,4,0,,,,,,,,,
1127456,2018,2018-07-06,Kennington Oval,1,14.4,Kent,Surrey,JL Denly,AJ Blake,MW Pillans,1,0,,,,,,,,,
1127456,2018,2018-07-06,Kennington Oval,1,14.5,Kent,Surrey,AJ Blake,JL Denly,MW Pillans,0,0,,,,,,,,,
1127456,2018,2018-07-06,Kennington Oval,1,14.6,Kent,Surrey,AJ Blake,JL Denly,MW Pillans,0,0,,,,,,,,,
1127456,2018,2018-07-06,Kennington Oval,1,15.1,Kent,Surrey,JL Denly,AJ Blake,M Morkel,0,0,,,,,,,,,
1127456,2018,2018-07-06,Kennington Oval,1,15.2,Kent,Surrey,JL Denly,AJ Blake,M Morkel,1,0,,,,,,,,,
1127456,2018,2018-07-06,Kennington Oval,1,15.3,Kent,Surrey,AJ Blake,JL Denly,M Morkel,4,0,,,,,,,,,
1127456,2018,2018-07-06,Kennington Oval,1,15.4,Kent,Surrey,AJ Blake,JL Denly,M Morkel,4,0,,,,,,,,,
1127456,2018,2018-07-06,Kennington Oval,1,15.5,Kent,Surrey,AJ Blake,JL Denly,M Morkel,1,0,,,,,,,,,
1127456,2018,2018-07-06,Kennington Oval,1,15.6,Kent,Surrey,JL Denly,AJ Blake,M Morkel,4,0,,,,,,,,,
1127456,2018,2018-07-06,Kennington Oval,1,16.1,Kent,Surrey,AJ Blake,JL Denly,JW Dernbach,0,0,,,,,,,,,
1127456,2018,2018-07-06,Kennington Oval,1,16.2,Kent,Surrey,AJ Blake,JL Denly,JW Dernbach,2,0,,,,,,,,,
1127456,2018,2018-07-06,Kennington Oval,1,16.3,Kent,Surrey,AJ Blake,JL Denly,JW Dernbach,0,0,,,,,,caught,AJ Blake,,
1127456,2018,2018-07-06,Kennington Oval,1,16.4,Kent,Surrey,JL Denly,CR Brathwaite,JW Dernbach,1,0,,,,,,,,,
1127456,2018,2018-07-06,Kennington Oval,1,16.5,Kent,Surrey,CR Brathwaite,JL Denly,JW Dernbach,0,0,,,,,,,,,
1127456,2018,2018-07-06,Kennington Oval,1,16.6,Kent,Surrey,CR Brathwaite,JL Denly,JW Dernbach,0,0,,,,,,,,,
1127456,2018,2018-07-06,Kennington Oval,1,17.1,Kent,Surrey,JL Denly,CR Brathwaite,MW Pillans,1,0,,,,,,,,,
1127456,2018,2018-07-06,Kennington Oval,1,17.2,Kent,Surrey,CR Brathwaite,JL Denly,MW Pillans,0,0,,,,,,caught,CR Brathwaite,,
1127456,2018,2018-07-06,Kennington Oval,1,17.3,Kent,Surrey,JL Denly,SR Dickson,MW Pillans,2,0,,,,,,,,,
1127456,2018,2018-07-06,Kennington Oval,1,17.4,Kent,Surrey,JL Denly,SR Dickson,MW Pillans,0,0,,,,,,,,,
1127456,2018,2018-07-06,Kennington Oval,1,17.5,Kent,Surrey,JL Denly,SR Dickson,MW Pillans,2,0,,,,,,,,,
1127456,2018,2018-07-06,Kennington Oval,1,17.6,Kent,Surrey,JL Denly,SR Dickson,MW Pillans,2,0,,,,,,,,,
1127456,2018,2018-07-06,Kennington Oval,1,18.1,Kent,Surrey,SR Dickson,JL Denly,JW Dernbach,1,0,,,,,,,,,
1127456,2018,2018-07-06,Kennington Oval,1,18.2,Kent,Surrey,JL Denly,SR Dickson,JW Dernbach,1,0,,,,,,,,,
1127456,2018,2018-07-06,Kennington Oval,1,18.3,Kent,Surrey,SR Dickson,JL Denly,JW Dernbach,4,0,,,,,,,,,
1127456,2018,2018-07-06,Kennington Oval,1,18.4,Kent,Surrey,SR Dickson,JL Denly,JW Dernbach,2,0,,,,,,,,,
1127456,2018,2018-07-06,Kennington Oval,1,18.5,Kent,Surrey,SR Dickson,JL Denly,JW Dernbach,1,0,,,,,,,,,
1127456,2018,2018-07-06,Kennington Oval,1,18.6,Kent,Surrey,JL Denly,SR Dickson,JW Dernbach,1,0,,,,,,,,,
1127456,2018,2018-07-06,Kennington Oval,1,19.1,Kent,Surrey,JL Denly,SR Dickson,MW Pillans,0,1,,,,1,,,,,
1127456,2018,2018-07-06,Kennington Oval,1,19.2,Kent,Surrey,SR Dickson,JL Denly,MW Pillans,0,0,,,,,,,,,
1127456,2018,2018-07-06,Kennington Oval,1,19.3,Kent,Surrey,SR Dickson,JL Denly,MW Pillans,1,0,,,,,,,,,
1127456,2018,2018-07-06,Kennington Oval,1,19.4,Kent,Surrey,JL Denly,SR Dickson,MW Pillans,2,0,,,,,,,,,
1127456,2018,2018-07-06,Kennington Oval,1,19.5,Kent,Surrey,JL Denly,SR Dickson,MW Pillans,0,0,,,,,,caught,JL Denly,,
1127456,2018,2018-07-06,Kennington Oval,1,19.6,Kent,Surrey,SR Dickson,CJ Haggett,MW Pillans,2,0,,,,,,,,,
1127456,2018,2018-07-06,Kennington Oval,2,0.1,Surrey,Kent,WG Jacks,RJ Burns,JL Denly,0,0,,,,,,,,,
1127456,2018,2018-07-06,Kennington Oval,2,0.2,Surrey,Kent,WG Jacks,RJ Burns,JL Denly,0,0,,,,,,,,,
1127456,2018,2018-07-06,Kennington Oval,2,0.3,Surrey,Kent,WG Jacks,RJ Burns,JL Denly,1,0,,,,,,,,,
1127456,2018,2018-07-06,Kennington Oval,2,0.4,Surrey,Kent,RJ Burns,WG Jacks,JL Denly,1,0,,,,,,,,,
1127456,2018,2018-07-06,Kennington Oval,2,0.5,Surrey,Kent,WG Jacks,RJ Burns,JL Denly,4,0,,,,,,,,,
1127456,2018,2018-07-06,Kennington Oval,2,0.6,Surrey,Kent,WG Jacks,RJ Burns,JL Denly,1,0,,,,,,,,,
1127456,2018,2018-07-06,Kennington Oval,2,1.1,Surrey,Kent,WG Jacks,RJ Burns,AF Milne,0,0,,,,,,,,,
1127456,2018,2018-07-06,Kennington Oval,2,1.2,Surrey,Kent,WG Jacks,RJ Burns,AF Milne,6,0,,,,,,,,,
1127456,2018,2018-07-06,Kennington Oval,2,1.3,Surrey,Kent,WG Jacks,RJ Burns,AF Milne,0,0,,,,,,,,,
1127456,2018,2018-07-06,Kennington Oval,2,1.4,Surrey,Kent,WG Jacks,RJ Burns,AF Milne,0,0,,,,,,caught,WG Jacks,,
1127456,2018,2018-07-06,Kennington Oval,2,1.5,Surrey,Kent,BT Foakes,RJ Burns,AF Milne,0,0,,,,,,,,,
1127456,2018,2018-07-06,Kennington Oval,2,1.6,Surrey,Kent,BT Foakes,RJ Burns,AF Milne,0,0,,,,,,,,,
1127456,2018,2018-07-06,Kennington Oval,2,2.1,Surrey,Kent,RJ Burns,BT Foakes,IAA Thomas,4,0,,,,,,,,,
1127456,2018,2018-07-06,Kennington Oval,2,2.2,Surrey,Kent,RJ Burns,BT Foakes,IAA Thomas,1,0,,,,,,,,,
1127456,2018,2018-07-06,Kennington Oval,2,2.3,Surrey,Kent,BT Foakes,RJ Burns,IAA Thomas,0,1,,,,1,,,,,
1127456,2018,2018-07-06,Kennington Oval,2,2.4,Surrey,Kent,RJ Burns,BT Foakes,IAA Thomas,4,0,,,,,,,,,
1127456,2018,2018-07-06,Kennington Oval,2,2.5,Surrey,Kent,RJ Burns,BT Foakes,IAA Thomas,0,0,,,,,,,,,
1127456,2018,2018-07-06,Kennington Oval,2,2.6,Surrey,Kent,RJ Burns,BT Foakes,IAA Thomas,4,0,,,,,,,,,
1127456,2018,2018-07-06,Kennington Oval,2,3.1,Surrey,Kent,BT Foakes,RJ Burns,AF Milne,4,0,,,,,,,,,
1127456,2018,2018-07-06,Kennington Oval,2,3.2,Surrey,Kent,BT Foakes,RJ Burns,AF Milne,1,0,,,,,,,,,
1127456,2018,2018-07-06,Kennington Oval,2,3.3,Surrey,Kent,RJ Burns,BT Foakes,AF Milne,0,4,,,,4,,,,,
1127456,2018,2018-07-06,Kennington Oval,2,3.4,Surrey,Kent,RJ Burns,BT Foakes,AF Milne,1,0,,,,,,,,,
1127456,2018,2018-07-06,Kennington Oval,2,3.5,Surrey,Kent,BT Foakes,RJ Burns,AF Milne,0,0,,,,,,,,,
1127456,2018,2018-07-06,Kennington Oval,2,3.6,Surrey,Kent,BT Foakes,RJ Burns,AF Milne,1,0,,,,,,,,,
1127456,2018,2018-07-06,Kennington Oval,2,4.1,Surrey,Kent,BT Foakes,RJ Burns,CR Brathwaite,4,0,,,,,,,,,
1127456,2018,2018-07-06,Kennington Oval,2,4.2,Surrey,Kent,BT Foakes,RJ Burns,CR Brathwaite,1,0,,,,,,,,,
1127456,2018,2018-07-06,Kennington Oval,2,4.3,Surrey,Kent,RJ Burns,BT Foakes,CR Brathwaite,0,1,,,,1,,,,,
1127456,2018,2018-07-06,Kennington Oval,2,4.4,Surrey,Kent,BT Foakes,RJ Burns,CR Brathwaite,2,0,,,,,,,,,
1127456,2018,2018-07-06,Kennington Oval,2,4.5,Surrey,Kent,BT Foakes,RJ Burns,CR Brathwaite,1,0,,,,,,,,,
1127456,2018,2018-07-06,Kennington Oval,2,4.6,Surrey,Kent,RJ Burns,BT Foakes,CR Brathwaite,0,0,,,,,,,,,
1127456,2018,2018-07-06,Kennington Oval,2,5.1,Surrey,Kent,BT Foakes,RJ Burns,IAA Thomas,1,0,,,,,,,,,
1127456,2018,2018-07-06,Kennington Oval,2,5.2,Surrey,Kent,RJ Burns,BT Foakes,IAA Thomas,1,0,,,,,,,,,
1127456,2018,2018-07-06,Kennington Oval,2,5.3,Surrey,Kent,BT Foakes,RJ Burns,IAA Thomas,0,1,1,,,,,,,,
1127456,2018,2018-07-06,Kennington Oval,2,5.4,Surrey,Kent,BT Foakes,RJ Burns,IAA Thomas,4,0,,,,,,,,,
1127456,2018,2018-07-06,Kennington Oval,2,5.5,Surrey,Kent,BT Foakes,RJ Burns,IAA Thomas,0,3,3,,,,,,,,
1127456,2018,2018-07-06,Kennington Oval,2,5.6,Surrey,Kent,BT Foakes,RJ Burns,IAA Thomas,4,0,,,,,,,,,
1127456,2018,2018-07-06,Kennington Oval,2,5.7,Surrey,Kent,BT Foakes,RJ Burns,IAA Thomas,4,0,,,,,,,,,
1127456,2018,2018-07-06,Kennington Oval,2,5.8,Surrey,Kent,BT Foakes,RJ Burns,IAA Thomas,6,0,,,,,,,,,
1127456,2018,2018-07-06,Kennington Oval,2,6.1,Surrey,Kent,RJ Burns,BT Foakes,JL Denly,4,0,,,,,,,,,
1127456,2018,2018-07-06,Kennington Oval,2,6.2,Surrey,Kent,RJ Burns,BT Foakes,JL Denly,4,0,,,,,,,,,
1127456,2018,2018-07-06,Kennington Oval,2,6.3,Surrey,Kent,RJ Burns,BT Foakes,JL Denly,1,0,,,,,,,,,
1127456,2018,2018-07-06,Kennington Oval,2,6.4,Surrey,Kent,BT Foakes,RJ Burns,JL Denly,1,0,,,,,,,,,
1127456,2018,2018-07-06,Kennington Oval,2,6.5,Surrey,Kent,RJ Burns,BT Foakes,JL Denly,2,0,,,,,,,,,
1127456,2018,2018-07-06,Kennington Oval,2,6.6,Surrey,Kent,RJ Burns,BT Foakes,JL Denly,2,0,,,,,,,,,
1127456,2018,2018-07-06,Kennington Oval,2,7.1,Surrey,Kent,BT Foakes,RJ Burns,Imran Qayyum,0,0,,,,,,,,,
1127456,2018,2018-07-06,Kennington Oval,2,7.2,Surrey,Kent,BT Foakes,RJ Burns,Imran Qayyum,1,0,,,,,,,,,
1127456,2018,2018-07-06,Kennington Oval,2,7.3,Surrey,Kent,RJ Burns,BT Foakes,Imran Qayyum,1,0,,,,,,,,,
1127456,2018,2018-07-06,Kennington Oval,2,7.4,Surrey,Kent,BT Foakes,RJ Burns,Imran Qayyum,1,0,,,,,,,,,
1127456,2018,2018-07-06,Kennington Oval,2,7.5,Surrey,Kent,RJ Burns,BT Foakes,Imran Qayyum,4,0,,,,,,,,,
1127456,2018,2018-07-06,Kennington Oval,2,7.6,Surrey,Kent,RJ Burns,BT Foakes,Imran Qayyum,1,0,,,,,,,,,
1127456,2018,2018-07-06,Kennington Oval,2,8.1,Surrey,Kent,RJ Burns,BT Foakes,CJ Haggett,4,0,,,,,,,,,
1127456,2018,2018-07-06,Kennington Oval,2,8.2,Surrey,Kent,RJ Burns,BT Foakes,CJ Haggett,0,1,1,,,,,,,,
1127456,2018,2018-07-06,Kennington Oval,2,8.3,Surrey,Kent,RJ Burns,BT Foakes,CJ Haggett,0,0,,,,,,bowled,RJ Burns,,
1127456,2018,2018-07-06,Kennington Oval,2,8.4,Surrey,Kent,OJ Pope,BT Foakes,CJ Haggett,2,0,,,,,,,,,
1127456,2018,2018-07-06,Kennington Oval,2,8.5,Surrey,Kent,OJ Pope,BT Foakes,CJ Haggett,1,0,,,,,,,,,
1127456,2018,2018-07-06,Kennington Oval,2,8.6,Surrey,Kent,BT Foakes,OJ Pope,CJ Haggett,4,0,,,,,,,,,
1127456,2018,2018-07-06,Kennington Oval,2,8.7,Surrey,Kent,BT Foakes,OJ Pope,CJ Haggett,1,0,,,,,,,,,
1127456,2018,2018-07-06,Kennington Oval,2,9.1,Surrey,Kent,BT Foakes,OJ Pope,Imran Qayyum,0,0,,,,,,,,,
1127456,2018,2018-07-06,Kennington Oval,2,9.2,Surrey,Kent,BT Foakes,OJ Pope,Imran Qayyum,1,0,,,,,,,,,
1127456,2018,2018-07-06,Kennington Oval,2,9.3,Surrey,Kent,OJ Pope,BT Foakes,Imran Qayyum,2,0,,,,,,,,,
1127456,2018,2018-07-06,Kennington Oval,2,9.4,Surrey,Kent,OJ Pope,BT Foakes,Imran Qayyum,0,0,,,,,,caught,OJ Pope,,
1127456,2018,2018-07-06,Kennington Oval,2,9.5,Surrey,Kent,BT Foakes,R Clarke,Imran Qayyum,1,0,,,,,,,,,
1127456,2018,2018-07-06,Kennington Oval,2,9.6,Surrey,Kent,R Clarke,BT Foakes,Imran Qayyum,1,0,,,,,,,,,
1127456,2018,2018-07-06,Kennington Oval,2,10.1,Surrey,Kent,R Clarke,BT Foakes,JL Denly,1,0,,,,,,,,,
1127456,2018,2018-07-06,Kennington Oval,2,10.2,Surrey,Kent,BT Foakes,R Clarke,JL Denly,1,0,,,,,,,,,
1127456,2018,2018-07-06,Kennington Oval,2,10.3,Surrey,Kent,R Clarke,BT Foakes,JL Denly,0,0,,,,,,,,,
1127456,2018,2018-07-06,Kennington Oval,2,10.4,Surrey,Kent,R Clarke,BT Foakes,JL Denly,1,0,,,,,,,,,
1127456,2018,2018-07-06,Kennington Oval,2,10.5,Surrey,Kent,BT Foakes,R Clarke,JL Denly,1,0,,,,,,,,,
1127456,2018,2018-07-06,Kennington Oval,2,10.6,Surrey,Kent,R Clarke,BT Foakes,JL Denly,1,0,,,,,,,,,
1127456,2018,2018-07-06,Kennington Oval,2,11.1,Surrey,Kent,R Clarke,BT Foakes,Imran Qayyum,1,0,,,,,,,,,
1127456,2018,2018-07-06,Kennington Oval,2,11.2,Surrey,Kent,BT Foakes,R Clarke,Imran Qayyum,4,0,,,,,,,,,
1127456,2018,2018-07-06,Kennington Oval,2,11.3,Surrey,Kent,BT Foakes,R Clarke,Imran Qayyum,2,0,,,,,,,,,
1127456,2018,2018-07-06,Kennington Oval,2,11.4,Surrey,Kent,BT Foakes,R Clarke,Imran Qayyum,1,0,,,,,,,,,
1127456,2018,2018-07-06,Kennington Oval,2,11.5,Surrey,Kent,R Clarke,BT Foakes,Imran Qayyum,6,0,,,,,,,,,
1127456,2018,2018-07-06,Kennington Oval,2,11.6,Surrey,Kent,R Clarke,BT Foakes,Imran Qayyum,0,0,,,,,,,,,
1127456,2018,2018-07-06,Kennington Oval,2,12.1,Surrey,Kent,BT Foakes,R Clarke,JL Denly,4,0,,,,,,,,,
1127456,2018,2018-07-06,Kennington Oval,2,12.2,Surrey,Kent,BT Foakes,R Clarke,JL Denly,0,0,,,,,,,,,
1127456,2018,2018-07-06,Kennington Oval,2,12.3,Surrey,Kent,BT Foakes,R Clarke,JL Denly,1,0,,,,,,,,,
1127456,2018,2018-07-06,Kennington Oval,2,12.4,Surrey,Kent,R Clarke,BT Foakes,JL Denly,0,0,,,,,,stumped,R Clarke,,
1127456,2018,2018-07-06,Kennington Oval,2,12.5,Surrey,Kent,JL Smith,BT Foakes,JL Denly,0,0,,,,,,lbw,JL Smith,,
1127456,2018,2018-07-06,Kennington Oval,2,12.6,Surrey,Kent,MW Pillans,BT Foakes,JL Denly,0,0,,,,,,caught,MW Pillans,,
1127456,2018,2018-07-06,Kennington Oval,2,13.1,Surrey,Kent,BT Foakes,FOE van den Bergh,Imran Qayyum,1,0,,,,,,,,,
1127456,2018,2018-07-06,Kennington Oval,2,13.2,Surrey,Kent,FOE van den Bergh,BT Foakes,Imran Qayyum,1,0,,,,,,,,,
1127456,2018,2018-07-06,Kennington Oval,2,13.3,Surrey,Kent,BT Foakes,FOE van den Bergh,Imran Qayyum,1,0,,,,,,,,,
1127456,2018,2018-07-06,Kennington Oval,2,13.4,Surrey,Kent,FOE van den Bergh,BT Foakes,Imran Qayyum,0,0,,,,,,,,,
1127456,2018,2018-07-06,Kennington Oval,2,13.5,Surrey,Kent,FOE van den Bergh,BT Foakes,Imran Qayyum,1,0,,,,,,,,,
1127456,2018,2018-07-06,Kennington Oval,2,13.6,Surrey,Kent,BT Foakes,FOE van den Bergh,Imran Qayyum,1,0,,,,,,,,,
1127456,2018,2018-07-06,Kennington Oval,2,14.1,Surrey,Kent,BT Foakes,FOE van den Bergh,AF Milne,1,0,,,,,,,,,
1127456,2018,2018-07-06,Kennington Oval,2,14.2,Surrey,Kent,FOE van den Bergh,BT Foakes,AF Milne,1,0,,,,,,,,,
1127456,2018,2018-07-06,Kennington Oval,2,14.3,Surrey,Kent,BT Foakes,FOE van den Bergh,AF Milne,1,0,,,,,,,,,
1127456,2018,2018-07-06,Kennington Oval,2,14.4,Surrey,Kent,FOE van den Bergh,BT Foakes,AF Milne,2,0,,,,,,,,,
1127456,2018,2018-07-06,Kennington Oval,2,14.5,Surrey,Kent,FOE van den Bergh,BT Foakes,AF Milne,0,0,,,,,,,,,
1127456,2018,2018-07-06,Kennington Oval,2,14.6,Surrey,Kent,FOE van den Bergh,BT Foakes,AF Milne,2,0,,,,,,,,,
1127456,2018,2018-07-06,Kennington Oval,2,15.1,Surrey,Kent,BT Foakes,FOE van den Bergh,CR Brathwaite,1,0,,,,,,,,,
1127456,2018,2018-07-06,Kennington Oval,2,15.2,Surrey,Kent,FOE van den Bergh,BT Foakes,CR Brathwaite,0,0,,,,,,,,,
1127456,2018,2018-07-06,Kennington Oval,2,15.3,Surrey,Kent,FOE van den Bergh,BT Foakes,CR Brathwaite,1,0,,,,,,,,,
1127456,2018,2018-07-06,Kennington Oval,2,15.4,Surrey,Kent,BT Foakes,FOE van den Bergh,CR Brathwaite,1,0,,,,,,,,,
1127456,2018,2018-07-06,Kennington Oval,2,15.5,Surrey,Kent,FOE van den Bergh,BT Foakes,CR Brathwaite,0,0,,,,,,caught,FOE van den Bergh,,
1127456,2018,2018-07-06,Kennington Oval,2,15.6,Surrey,Kent,BT Foakes,M Morkel,CR Brathwaite,0,0,,,,,,,,,
1127456,2018,2018-07-06,Kennington Oval,2,16.1,Surrey,Kent,M Morkel,BT Foakes,CJ Haggett,0,0,,,,,,,,,
1127456,2018,2018-07-06,Kennington Oval,2,16.2,Surrey,Kent,M Morkel,BT Foakes,CJ Haggett,2,0,,,,,,,,,
1127456,2018,2018-07-06,Kennington Oval,2,16.3,Surrey,Kent,M Morkel,BT Foakes,CJ Haggett,0,0,,,,,,,,,
1127456,2018,2018-07-06,Kennington Oval,2,16.4,Surrey,Kent,M Morkel,BT Foakes,CJ Haggett,0,1,,,,1,,,,,
1127456,2018,2018-07-06,Kennington Oval,2,16.5,Surrey,Kent,BT Foakes,M Morkel,CJ Haggett,1,0,,,,,,,,,
1127456,2018,2018-07-06,Kennington Oval,2,16.6,Surrey,Kent,M Morkel,BT Foakes,CJ Haggett,1,0,,,,,,,,,
1127456,2018,2018-07-06,Kennington Oval,2,17.1,Surrey,Kent,M Morkel,BT Foakes,CR Brathwaite,0,0,,,,,,,,,
1127456,2018,2018-07-06,Kennington Oval,2,17.2,Surrey,Kent,M Morkel,BT Foakes,CR Brathwaite,0,0,,,,,,caught,M Morkel,,
1127456,2018,2018-07-06,Kennington Oval,2,17.3,Surrey,Kent,BT Foakes,GJ Batty,CR Brathwaite,4,0,,,,,,,,,
1127456,2018,2018-07-06,Kennington Oval,2,17.4,Surrey,Kent,BT Foakes,GJ Batty,CR Brathwaite,1,0,,,,,,,,,
1127456,2018,2018-07-06,Kennington Oval,2,17.5,Surrey,Kent,GJ Batty,BT Foakes,CR Brathwaite,1,0,,,,,,,,,
1127456,2018,2018-07-06,Kennington Oval,2,17.6,Surrey,Kent,BT Foakes,GJ Batty,CR Brathwaite,4,0,,,,,,,,,
1127456,2018,2018-07-06,Kennington Oval,2,18.1,Surrey,Kent,GJ Batty,BT Foakes,AF Milne,1,0,,,,,,,,,
1127456,2018,2018-07-06,Kennington Oval,2,18.2,Surrey,Kent,BT Foakes,GJ Batty,AF Milne,0,0,,,,,,,,,
1127456,2018,2018-07-06,Kennington Oval,2,18.3,Surrey,Kent,BT Foakes,GJ Batty,AF Milne,1,0,,,,,,,,,
1127456,2018,2018-07-06,Kennington Oval,2,18.4,Surrey,Kent,GJ Batty,BT Foakes,AF Milne,0,0,,,,,,bowled,GJ Batty,,
1127456,2018,2018-07-06,Kennington Oval,2,18.5,Surrey,Kent,JW Dernbach,BT Foakes,AF Milne,0,0,,,,,,caught,JW Dernbach,,
