match_id,season,start_date,venue,innings,ball,batting_team,bowling_team,striker,non_striker,bowler,runs_off_bat,extras,wides,noballs,byes,legbyes,penalty,wicket_type,player_dismissed,other_wicket_type,other_player_dismissed
1127454,2018,2018-07-06,The Rose Bowl,1,0.1,Glamorgan,Hampshire,UT Khawaja,SE Marsh,CP Wood,0,1,1,,,,,,,,
1127454,2018,2018-07-06,The Rose Bowl,1,0.2,Glamorgan,Hampshire,UT Khawaja,SE Marsh,CP Wood,0,0,,,,,,,,,
1127454,2018,2018-07-06,The Rose Bowl,1,0.3,Glamorgan,Hampshire,UT Khawaja,SE Marsh,CP Wood,2,0,,,,,,,,,
1127454,2018,2018-07-06,The Rose Bowl,1,0.4,Glamorgan,Hampshire,UT Khawaja,SE Marsh,CP Wood,0,0,,,,,,,,,
1127454,2018,2018-07-06,The Rose Bowl,1,0.5,Glamorgan,Hampshire,UT Khawaja,SE Marsh,CP Wood,0,0,,,,,,,,,
1127454,2018,2018-07-06,The Rose Bowl,1,0.6,Glamorgan,Hampshire,UT Khawaja,SE Marsh,CP Wood,0,0,,,,,,,,,
1127454,2018,2018-07-06,The Rose Bowl,1,0.7,Glamorgan,Hampshire,UT Khawaja,SE Marsh,CP Wood,0,0,,,,,,,,,
1127454,2018,2018-07-06,The Rose Bowl,1,1.1,Glamorgan,Hampshire,SE Marsh,UT Khawaja,GK Berg,0,0,,,,,,,,,
1127454,2018,2018-07-06,The Rose Bowl,1,1.2,Glamorgan,Hampshire,SE Marsh,UT Khawaja,GK Berg,0,0,,,,,,,,,
1127454,2018,2018-07-06,The Rose Bowl,1,1.3,Glamorgan,Hampshire,SE Marsh,UT Khawaja,GK Berg,0,0,,,,,,,,,
1127454,2018,2018-07-06,The Rose Bowl,1,1.4,Glamorgan,Hampshire,SE Marsh,UT Khawaja,GK Berg,0,0,,,,,,,,,
1127454,2018,2018-07-06,The Rose Bowl,1,1.5,Glamorgan,Hampshire,SE Marsh,UT Khawaja,GK Berg,0,1,,,,1,,,,,
1127454,2018,2018-07-06,The Rose Bowl,1,1.6,Glamorgan,Hampshire,UT Khawaja,SE Marsh,GK Berg,0,0,,,,,,,,,
1127454,2018,2018-07-06,The Rose Bowl,1,2.1,Glamorgan,Hampshire,SE Marsh,UT Khawaja,CP Wood,1,0,,,,,,,,,
1127454,2018,2018-07-06,The Rose Bowl,1,2.2,Glamorgan,Hampshire,UT Khawaja,SE Marsh,CP Wood,1,0,,,,,,,,,
1127454,2018,2018-07-06,The Rose Bowl,1,2.3,Glamorgan,Hampshire,SE Marsh,UT Khawaja,CP Wood,1,0,,,,,,,,,
1127454,2018,2018-07-06,The Rose Bowl,1,2.4,Glamorgan,Hampshire,UT Khawaja,SE Marsh,CP Wood,2,0,,,,,,,,,
1127454,2018,2018-07-06,The Rose Bowl,1,2.5,Glamorgan,Hampshire,UT Khawaja,SE Marsh,CP Wood,4,0,,,,,,,,,
1127454,2018,2018-07-06,The Rose Bowl,1,2.6,Glamorgan,Hampshire,UT Khawaja,SE Marsh,CP Wood,0,0,,,,,,,,,
1127454,2018,2018-07-06,The Rose Bowl,1,3.1,Glamorgan,Hampshire,SE Marsh,UT Khawaja,Mujeeb Ur Rahman,0,1,,,,1,,,,,
1127454,2018,2018-07-06,The Rose Bowl,1,3.2,Glamorgan,Hampshire,UT Khawaja,SE Marsh,Mujeeb Ur Rahman,0,0,,,,,,,,,
1127454,2018,2018-07-06,The Rose Bowl,1,3.3,Glamorgan,Hampshire,UT Khawaja,SE Marsh,Mujeeb Ur Rahman,0,0,,,,,,bowled,UT Khawaja,,
1127454,2018,2018-07-06,The Rose Bowl,1,3.4,Glamorgan,Hampshire,CA Ingram,SE Marsh,Mujeeb Ur Rahman,0,0,,,,,,,,,
1127454,2018,2018-07-06,The Rose Bowl,1,3.5,Glamorgan,Hampshire,CA Ingram,SE Marsh,Mujeeb Ur Rahman,0,0,,,,,,,,,
1127454,2018,2018-07-06,The Rose Bowl,1,3.6,Glamorgan,Hampshire,CA Ingram,SE Marsh,Mujeeb Ur Rahman,0,0,,,,,,,,,
1127454,2018,2018-07-06,The Rose Bowl,1,4.1,Glamorgan,Hampshire,SE Marsh,CA Ingram,GK Berg,4,0,,,,,,,,,
1127454,2018,2018-07-06,The Rose Bowl,1,4.2,Glamorgan,Hampshire,SE Marsh,CA Ingram,GK Berg,0,0,,,,,,,,,
1127454,2018,2018-07-06,The Rose Bowl,1,4.3,Glamorgan,Hampshire,SE Marsh,CA Ingram,GK Berg,1,0,,,,,,,,,
1127454,2018,2018-07-06,The Rose Bowl,1,4.4,Glamorgan,Hampshire,CA Ingram,SE Marsh,GK Berg,6,0,,,,,,,,,
1127454,2018,2018-07-06,The Rose Bowl,1,4.5,Glamorgan,Hampshire,CA Ingram,SE Marsh,GK Berg,0,0,,,,,,,,,
1127454,2018,2018-07-06,The Rose Bowl,1,4.6,Glamorgan,Hampshire,CA Ingram,SE Marsh,GK Berg,1,0,,,,,,,,,
1127454,2018,2018-07-06,The Rose Bowl,1,5.1,Glamorgan,Hampshire,CA Ingram,SE Marsh,Mujeeb Ur Rahman,4,0,,,,,,,,,
1127454,2018,2018-07-06,The Rose Bowl,1,5.2,Glamorgan,Hampshire,CA Ingram,SE Marsh,Mujeeb Ur Rahman,4,0,,,,,,,,,
1127454,2018,2018-07-06,The Rose Bowl,1,5.3,Glamorgan,Hampshire,CA Ingram,SE Marsh,Mujeeb Ur Rahman,0,5,5,,,,,,,,
1127454,2018,2018-07-06,The Rose Bowl,1,5.4,Glamorgan,Hampshire,CA Ingram,SE Marsh,Mujeeb Ur Rahman,4,0,,,,,,,,,
1127454,2018,2018-07-06,The Rose Bowl,1,5.5,Glamorgan,Hampshire,CA Ingram,SE Marsh,Mujeeb Ur Rahman,0,0,,,,,,,,,
1127454,2018,2018-07-06,The Rose Bowl,1,5.6,Glamorgan,Hampshire,CA Ingram,SE Marsh,Mujeeb Ur Rahman,1,0,,,,,,,,,
1127454,2018,2018-07-06,The Rose Bowl,1,5.7,Glamorgan,Hampshire,SE Marsh,CA Ingram,Mujeeb Ur Rahman,1,0,,,,,,,,,
1127454,2018,2018-07-06,The Rose Bowl,1,6.1,Glamorgan,Hampshire,SE Marsh,CA Ingram,LA Dawson,1,0,,,,,,,,,
1127454,2018,2018-07-06,The Rose Bowl,1,6.2,Glamorgan,Hampshire,CA Ingram,SE Marsh,LA Dawson,1,0,,,,,,,,,
1127454,2018,2018-07-06,The Rose Bowl,1,6.3,Glamorgan,Hampshire,SE Marsh,CA Ingram,LA Dawson,0,1,,,,1,,,,,
1127454,2018,2018-07-06,The Rose Bowl,1,6.4,Glamorgan,Hampshire,CA Ingram,SE Marsh,LA Dawson,1,0,,,,,,,,,
1127454,2018,2018-07-06,The Rose Bowl,1,6.5,Glamorgan,Hampshire,SE Marsh,CA Ingram,LA Dawson,1,0,,,,,,,,,
1127454,2018,2018-07-06,The Rose Bowl,1,6.6,Glamorgan,Hampshire,CA Ingram,SE Marsh,LA Dawson,1,0,,,,,,,,,
1127454,2018,2018-07-06,The Rose Bowl,1,7.1,Glamorgan,Hampshire,CA Ingram,SE Marsh,KJ Abbott,0,0,,,,,,,,,
1127454,2018,2018-07-06,The Rose Bowl,1,7.2,Glamorgan,Hampshire,CA Ingram,SE Marsh,KJ Abbott,2,0,,,,,,,,,
1127454,2018,2018-07-06,The Rose Bowl,1,7.3,Glamorgan,Hampshire,CA Ingram,SE Marsh,KJ Abbott,1,0,,,,,,,,,
1127454,2018,2018-07-06,The Rose Bowl,1,7.4,Glamorgan,Hampshire,SE Marsh,CA Ingram,KJ Abbott,0,0,,,,,,,,,
1127454,2018,2018-07-06,The Rose Bowl,1,7.5,Glamorgan,Hampshire,SE Marsh,CA Ingram,KJ Abbott,1,0,,,,,,,,,
1127454,2018,2018-07-06,The Rose Bowl,1,7.6,Glamorgan,Hampshire,CA Ingram,SE Marsh,KJ Abbott,0,0,,,,,,,,,
1127454,2018,2018-07-06,The Rose Bowl,1,8.1,Glamorgan,Hampshire,SE Marsh,CA Ingram,LA Dawson,4,0,,,,,,,,,
1127454,2018,2018-07-06,The Rose Bowl,1,8.2,Glamorgan,Hampshire,SE Marsh,CA Ingram,LA Dawson,0,0,,,,,,caught,SE Marsh,,
1127454,2018,2018-07-06,The Rose Bowl,1,8.3,Glamorgan,Hampshire,CA Ingram,AHT Donald,LA Dawson,0,0,,,,,,,,,
1127454,2018,2018-07-06,The Rose Bowl,1,8.4,Glamorgan,Hampshire,CA Ingram,AHT Donald,LA Dawson,2,0,,,,,,,,,
1127454,2018,2018-07-06,The Rose Bowl,1,8.5,Glamorgan,Hampshire,CA Ingram,AHT Donald,LA Dawson,1,0,,,,,,,,,
1127454,2018,2018-07-06,The Rose Bowl,1,8.6,Glamorgan,Hampshire,AHT Donald,CA Ingram,LA Dawson,0,0,,,,,,,,,
1127454,2018,2018-07-06,The Rose Bowl,1,9.1,Glamorgan,Hampshire,CA Ingram,AHT Donald,KJ Abbott,1,0,,,,,,,,,
1127454,2018,2018-07-06,The Rose Bowl,1,9.2,Glamorgan,Hampshire,AHT Donald,CA Ingram,KJ Abbott,0,0,,,,,,,,,
1127454,2018,2018-07-06,The Rose Bowl,1,9.3,Glamorgan,Hampshire,AHT Donald,CA Ingram,KJ Abbott,4,0,,,,,,,,,
1127454,2018,2018-07-06,The Rose Bowl,1,9.4,Glamorgan,Hampshire,AHT Donald,CA Ingram,KJ Abbott,4,0,,,,,,,,,
1127454,2018,2018-07-06,The Rose Bowl,1,9.5,Glamorgan,Hampshire,AHT Donald,CA Ingram,KJ Abbott,6,0,,,,,,,,,
1127454,2018,2018-07-06,The Rose Bowl,1,9.6,Glamorgan,Hampshire,AHT Donald,CA Ingram,KJ Abbott,1,0,,,,,,,,,
1127454,2018,2018-07-06,The Rose Bowl,1,10.1,Glamorgan,Hampshire,AHT Donald,CA Ingram,LA Dawson,4,0,,,,,,,,,
1127454,2018,2018-07-06,The Rose Bowl,1,10.2,Glamorgan,Hampshire,AHT Donald,CA Ingram,LA Dawson,0,0,,,,,,,,,
1127454,2018,2018-07-06,The Rose Bowl,1,10.3,Glamorgan,Hampshire,AHT Donald,CA Ingram,LA Dawson,1,0,,,,,,,,,
1127454,2018,2018-07-06,The Rose Bowl,1,10.4,Glamorgan,Hampshire,CA Ingram,AHT Donald,LA Dawson,1,0,,,,,,,,,
1127454,2018,2018-07-06,The Rose Bowl,1,10.5,Glamorgan,Hampshire,AHT Donald,CA Ingram,LA Dawson,1,0,,,,,,,,,
1127454,2018,2018-07-06,The Rose Bowl,1,10.6,Glamorgan,Hampshire,CA Ingram,AHT Donald,LA Dawson,1,0,,,,,,,,,
1127454,2018,2018-07-06,The Rose Bowl,1,11.1,Glamorgan,Hampshire,CA Ingram,AHT Donald,Mujeeb Ur Rahman,1,0,,,,,,,,,
1127454,2018,2018-07-06,The Rose Bowl,1,11.2,Glamorgan,Hampshire,AHT Donald,CA Ingram,Mujeeb Ur Rahman,0,0,,,,,,,,,
1127454,2018,2018-07-06,The Rose Bowl,1,11.3,Glamorgan,Hampshire,AHT Donald,CA Ingram,Mujeeb Ur Rahman,1,0,,,,,,,,,
1127454,2018,2018-07-06,The Rose Bowl,1,11.4,Glamorgan,Hampshire,CA Ingram,AHT Donald,Mujeeb Ur Rahman,1,0,,,,,,,,,
1127454,2018,2018-07-06,The Rose Bowl,1,11.5,Glamorgan,Hampshire,AHT Donald,CA Ingram,Mujeeb Ur Rahman,1,0,,,,,,,,,
1127454,2018,2018-07-06,The Rose Bowl,1,11.6,Glamorgan,Hampshire,CA Ingram,AHT Donald,Mujeeb Ur Rahman,1,0,,,,,,,,,
1127454,2018,2018-07-06,The Rose Bowl,1,12.1,Glamorgan,Hampshire,CA Ingram,AHT Donald,LA Dawson,0,0,,,,,,caught,CA Ingram,,
1127454,2018,2018-07-06,The Rose Bowl,1,12.2,Glamorgan,Hampshire,AHT Donald,DL Lloyd,LA Dawson,1,0,,,,,,,,,
1127454,2018,2018-07-06,The Rose Bowl,1,12.3,Glamorgan,Hampshire,DL Lloyd,AHT Donald,LA Dawson,1,0,,,,,,,,,
1127454,2018,2018-07-06,The Rose Bowl,1,12.4,Glamorgan,Hampshire,AHT Donald,DL Lloyd,LA Dawson,1,0,,,,,,,,,
1127454,2018,2018-07-06,The Rose Bowl,1,12.5,Glamorgan,Hampshire,DL Lloyd,AHT Donald,LA Dawson,0,0,,,,,,,,,
1127454,2018,2018-07-06,The Rose Bowl,1,12.6,Glamorgan,Hampshire,DL Lloyd,AHT Donald,LA Dawson,2,0,,,,,,,,,
1127454,2018,2018-07-06,The Rose Bowl,1,13.1,Glamorgan,Hampshire,AHT Donald,DL Lloyd,C Munro,1,0,,,,,,,,,
1127454,2018,2018-07-06,The Rose Bowl,1,13.2,Glamorgan,Hampshire,DL Lloyd,AHT Donald,C Munro,1,0,,,,,,,,,
1127454,2018,2018-07-06,The Rose Bowl,1,13.3,Glamorgan,Hampshire,AHT Donald,DL Lloyd,C Munro,0,0,,,,,,caught,AHT Donald,,
1127454,2018,2018-07-06,The Rose Bowl,1,13.4,Glamorgan,Hampshire,DL Lloyd,CB Cooke,C Munro,1,0,,,,,,,,,
1127454,2018,2018-07-06,The Rose Bowl,1,13.5,Glamorgan,Hampshire,CB Cooke,DL Lloyd,C Munro,1,0,,,,,,,,,
1127454,2018,2018-07-06,The Rose Bowl,1,13.6,Glamorgan,Hampshire,DL Lloyd,CB Cooke,C Munro,1,0,,,,,,,,,
1127454,2018,2018-07-06,The Rose Bowl,1,14.1,Glamorgan,Hampshire,DL Lloyd,CB Cooke,GK Berg,2,0,,,,,,,,,
1127454,2018,2018-07-06,The Rose Bowl,1,14.2,Glamorgan,Hampshire,DL Lloyd,CB Cooke,GK Berg,1,0,,,,,,,,,
1127454,2018,2018-07-06,The Rose Bowl,1,14.3,Glamorgan,Hampshire,CB Cooke,DL Lloyd,GK Berg,1,0,,,,,,,,,
1127454,2018,2018-07-06,The Rose Bowl,1,14.4,Glamorgan,Hampshire,DL Lloyd,CB Cooke,GK Berg,0,0,,,,,,,,,
1127454,2018,2018-07-06,The Rose Bowl,1,14.5,Glamorgan,Hampshire,DL Lloyd,CB Cooke,GK Berg,2,0,,,,,,,,,
1127454,2018,2018-07-06,The Rose Bowl,1,14.6,Glamorgan,Hampshire,DL Lloyd,CB Cooke,GK Berg,0,0,,,,,,,,,
1127454,2018,2018-07-06,The Rose Bowl,1,15.1,Glamorgan,Hampshire,CB Cooke,DL Lloyd,Mujeeb Ur Rahman,2,0,,,,,,,,,
1127454,2018,2018-07-06,The Rose Bowl,1,15.2,Glamorgan,Hampshire,CB Cooke,DL Lloyd,Mujeeb Ur Rahman,1,0,,,,,,,,,
1127454,2018,2018-07-06,The Rose Bowl,1,15.3,Glamorgan,Hampshire,DL Lloyd,CB Cooke,Mujeeb Ur Rahman,4,0,,,,,,,,,
1127454,2018,2018-07-06,The Rose Bowl,1,15.4,Glamorgan,Hampshire,DL Lloyd,CB Cooke,Mujeeb Ur Rahman,1,0,,,,,,,,,
1127454,2018,2018-07-06,The Rose Bowl,1,15.5,Glamorgan,Hampshire,CB Cooke,DL Lloyd,Mujeeb Ur Rahman,1,0,,,,,,,,,
1127454,2018,2018-07-06,The Rose Bowl,1,15.6,Glamorgan,Hampshire,DL Lloyd,CB Cooke,Mujeeb Ur Rahman,1,0,,,,,,,,,
1127454,2018,2018-07-06,The Rose Bowl,1,16.1,Glamorgan,Hampshire,DL Lloyd,CB Cooke,CP Wood,0,1,1,,,,,,,,
1127454,2018,2018-07-06,The Rose Bowl,1,16.2,Glamorgan,Hampshire,DL Lloyd,CB Cooke,CP Wood,1,0,,,,,,,,,
1127454,2018,2018-07-06,The Rose Bowl,1,16.3,Glamorgan,Hampshire,CB Cooke,DL Lloyd,CP Wood,0,1,,,,1,,,,,
1127454,2018,2018-07-06,The Rose Bowl,1,16.4,Glamorgan,Hampshire,DL Lloyd,CB Cooke,CP Wood,0,0,,,,,,,,,
1127454,2018,2018-07-06,The Rose Bowl,1,16.5,Glamorgan,Hampshire,DL Lloyd,CB Cooke,CP Wood,1,0,,,,,,,,,
1127454,2018,2018-07-06,The Rose Bowl,1,16.6,Glamorgan,Hampshire,CB Cooke,DL Lloyd,CP Wood,4,0,,,,,,,,,
1127454,2018,2018-07-06,The Rose Bowl,1,16.7,Glamorgan,Hampshire,CB Cooke,DL Lloyd,CP Wood,1,0,,,,,,,,,
1127454,2018,2018-07-06,The Rose Bowl,1,17.1,Glamorgan,Hampshire,CB Cooke,DL Lloyd,KJ Abbott,6,0,,,,,,,,,
1127454,2018,2018-07-06,The Rose Bowl,1,17.2,Glamorgan,Hampshire,CB Cooke,DL Lloyd,KJ Abbott,4,0,,,,,,,,,
1127454,2018,2018-07-06,The Rose Bowl,1,17.3,Glamorgan,Hampshire,CB Cooke,DL Lloyd,KJ Abbott,1,0,,,,,,,,,
1127454,2018,2018-07-06,The Rose Bowl,1,17.4,Glamorgan,Hampshire,DL Lloyd,CB Cooke,KJ Abbott,6,0,,,,,,,,,
1127454,2018,2018-07-06,The Rose Bowl,1,17.5,Glamorgan,Hampshire,DL Lloyd,CB Cooke,KJ Abbott,1,0,,,,,,,,,
1127454,2018,2018-07-06,The Rose Bowl,1,17.6,Glamorgan,Hampshire,CB Cooke,DL Lloyd,KJ Abbott,0,0,,,,,,lbw,CB Cooke,,
1127454,2018,2018-07-06,The Rose Bowl,1,18.1,Glamorgan,Hampshire,DL Lloyd,GG Wagg,CP Wood,1,0,,,,,,,,,
1127454,2018,2018-07-06,The Rose Bowl,1,18.2,Glamorgan,Hampshire,GG Wagg,DL Lloyd,CP Wood,0,0,,,,,,caught,GG Wagg,,
1127454,2018,2018-07-06,The Rose Bowl,1,18.3,Glamorgan,Hampshire,DL Lloyd,AG Salter,CP Wood,1,0,,,,,,,,,
1127454,2018,2018-07-06,The Rose Bowl,1,18.4,Glamorgan,Hampshire,AG Salter,DL Lloyd,CP Wood,1,0,,,,,,,,,
1127454,2018,2018-07-06,The Rose Bowl,1,18.5,Glamorgan,Hampshire,DL Lloyd,AG Salter,CP Wood,1,0,,,,,,,,,
1127454,2018,2018-07-06,The Rose Bowl,1,18.6,Glamorgan,Hampshire,AG Salter,DL Lloyd,CP Wood,4,0,,,,,,,,,
1127454,2018,2018-07-06,The Rose Bowl,1,19.1,Glamorgan,Hampshire,DL Lloyd,AG Salter,KJ Abbott,0,0,,,,,,,,,
1127454,2018,2018-07-06,The Rose Bowl,1,19.2,Glamorgan,Hampshire,DL Lloyd,AG Salter,KJ Abbott,1,0,,,,,,,,,
1127454,2018,2018-07-06,The Rose Bowl,1,19.3,Glamorgan,Hampshire,AG Salter,DL Lloyd,KJ Abbott,6,0,,,,,,,,,
1127454,2018,2018-07-06,The Rose Bowl,1,19.4,Glamorgan,Hampshire,AG Salter,DL Lloyd,KJ Abbott,1,0,,,,,,,,,
1127454,2018,2018-07-06,The Rose Bowl,1,19.5,Glamorgan,Hampshire,DL Lloyd,AG Salter,KJ Abbott,2,0,,,,,,,,,
1127454,2018,2018-07-06,The Rose Bowl,1,19.6,Glamorgan,Hampshire,DL Lloyd,AG Salter,KJ Abbott,6,0,,,,,,,,,
1127454,2018,2018-07-06,The Rose Bowl,2,0.1,Hampshire,Glamorgan,C Munro,RR Rossouw,AG Salter,6,0,,,,,,,,,
1127454,2018,2018-07-06,The Rose Bowl,2,0.2,Hampshire,Glamorgan,C Munro,RR Rossouw,AG Salter,0,0,,,,,,caught,C Munro,,
1127454,2018,2018-07-06,The Rose Bowl,2,0.3,Hampshire,Glamorgan,JM Vince,RR Rossouw,AG Salter,0,0,,,,,,,,,
1127454,2018,2018-07-06,The Rose Bowl,2,0.4,Hampshire,Glamorgan,JM Vince,RR Rossouw,AG Salter,1,0,,,,,,,,,
1127454,2018,2018-07-06,The Rose Bowl,2,0.5,Hampshire,Glamorgan,RR Rossouw,JM Vince,AG Salter,0,1,1,,,,,,,,
1127454,2018,2018-07-06,The Rose Bowl,2,0.6,Hampshire,Glamorgan,RR Rossouw,JM Vince,AG Salter,0,0,,,,,,lbw,RR Rossouw,,
1127454,2018,2018-07-06,The Rose Bowl,2,0.7,Hampshire,Glamorgan,SA Northeast,JM Vince,AG Salter,1,0,,,,,,,,,
1127454,2018,2018-07-06,The Rose Bowl,2,1.1,Hampshire,Glamorgan,SA Northeast,JM Vince,MG Hogan,0,0,,,,,,,,,
1127454,2018,2018-07-06,The Rose Bowl,2,1.2,Hampshire,Glamorgan,SA Northeast,JM Vince,MG Hogan,0,0,,,,,,,,,
1127454,2018,2018-07-06,The Rose Bowl,2,1.3,Hampshire,Glamorgan,SA Northeast,JM Vince,MG Hogan,0,0,,,,,,,,,
1127454,2018,2018-07-06,The Rose Bowl,2,1.4,Hampshire,Glamorgan,SA Northeast,JM Vince,MG Hogan,1,0,,,,,,,,,
1127454,2018,2018-07-06,The Rose Bowl,2,1.5,Hampshire,Glamorgan,JM Vince,SA Northeast,MG Hogan,0,0,,,,,,,,,
1127454,2018,2018-07-06,The Rose Bowl,2,1.6,Hampshire,Glamorgan,JM Vince,SA Northeast,MG Hogan,1,0,,,,,,,,,
1127454,2018,2018-07-06,The Rose Bowl,2,2.1,Hampshire,Glamorgan,JM Vince,SA Northeast,T van der Gugten,0,0,,,,,,,,,
1127454,2018,2018-07-06,The Rose Bowl,2,2.2,Hampshire,Glamorgan,JM Vince,SA Northeast,T van der Gugten,0,0,,,,,,,,,
1127454,2018,2018-07-06,The Rose Bowl,2,2.3,Hampshire,Glamorgan,JM Vince,SA Northeast,T van der Gugten,0,0,,,,,,,,,
1127454,2018,2018-07-06,The Rose Bowl,2,2.4,Hampshire,Glamorgan,JM Vince,SA Northeast,T van der Gugten,0,0,,,,,,caught and bowled,JM Vince,,
1127454,2018,2018-07-06,The Rose Bowl,2,2.5,Hampshire,Glamorgan,TP Alsop,SA Northeast,T van der Gugten,0,0,,,,,,,,,
1127454,2018,2018-07-06,The Rose Bowl,2,2.6,Hampshire,Glamorgan,TP Alsop,SA Northeast,T van der Gugten,0,0,,,,,,,,,
1127454,2018,2018-07-06,The Rose Bowl,2,3.1,Hampshire,Glamorgan,SA Northeast,TP Alsop,MG Hogan,0,0,,,,,,,,,
1127454,2018,2018-07-06,The Rose Bowl,2,3.2,Hampshire,Glamorgan,SA Northeast,TP Alsop,MG Hogan,0,0,,,,,,,,,
1127454,2018,2018-07-06,The Rose Bowl,2,3.3,Hampshire,Glamorgan,SA Northeast,TP Alsop,MG Hogan,1,0,,,,,,,,,
1127454,2018,2018-07-06,The Rose Bowl,2,3.4,Hampshire,Glamorgan,TP Alsop,SA Northeast,MG Hogan,1,0,,,,,,,,,
1127454,2018,2018-07-06,The Rose Bowl,2,3.5,Hampshire,Glamorgan,SA Northeast,TP Alsop,MG Hogan,0,0,,,,,,caught,SA Northeast,,
1127454,2018,2018-07-06,The Rose Bowl,2,3.6,Hampshire,Glamorgan,LA Dawson,TP Alsop,MG Hogan,2,0,,,,,,,,,
1127454,2018,2018-07-06,The Rose Bowl,2,4.1,Hampshire,Glamorgan,TP Alsop,LA Dawson,T van der Gugten,2,0,,,,,,,,,
1127454,2018,2018-07-06,The Rose Bowl,2,4.2,Hampshire,Glamorgan,TP Alsop,LA Dawson,T van der Gugten,4,0,,,,,,,,,
1127454,2018,2018-07-06,The Rose Bowl,2,4.3,Hampshire,Glamorgan,TP Alsop,LA Dawson,T van der Gugten,0,0,,,,,,,,,
1127454,2018,2018-07-06,The Rose Bowl,2,4.4,Hampshire,Glamorgan,TP Alsop,LA Dawson,T van der Gugten,0,0,,,,,,,,,
1127454,2018,2018-07-06,The Rose Bowl,2,4.5,Hampshire,Glamorgan,TP Alsop,LA Dawson,T van der Gugten,4,0,,,,,,,,,
1127454,2018,2018-07-06,The Rose Bowl,2,4.6,Hampshire,Glamorgan,TP Alsop,LA Dawson,T van der Gugten,0,0,,,,,,,,,
1127454,2018,2018-07-06,The Rose Bowl,2,5.1,Hampshire,Glamorgan,LA Dawson,TP Alsop,MG Hogan,0,0,,,,,,,,,
1127454,2018,2018-07-06,The Rose Bowl,2,5.2,Hampshire,Glamorgan,LA Dawson,TP Alsop,MG Hogan,0,0,,,,,,,,,
1127454,2018,2018-07-06,The Rose Bowl,2,5.3,Hampshire,Glamorgan,LA Dawson,TP Alsop,MG Hogan,0,0,,,,,,,,,
1127454,2018,2018-07-06,The Rose Bowl,2,5.4,Hampshire,Glamorgan,LA Dawson,TP Alsop,MG Hogan,0,0,,,,,,,,,
1127454,2018,2018-07-06,The Rose Bowl,2,5.5,Hampshire,Glamorgan,LA Dawson,TP Alsop,MG Hogan,1,0,,,,,,,,,
1127454,2018,2018-07-06,The Rose Bowl,2,5.6,Hampshire,Glamorgan,TP Alsop,LA Dawson,MG Hogan,0,0,,,,,,,,,
1127454,2018,2018-07-06,The Rose Bowl,2,6.1,Hampshire,Glamorgan,LA Dawson,TP Alsop,AG Salter,2,0,,,,,,,,,
1127454,2018,2018-07-06,The Rose Bowl,2,6.2,Hampshire,Glamorgan,LA Dawson,TP Alsop,AG Salter,1,0,,,,,,,,,
1127454,2018,2018-07-06,The Rose Bowl,2,6.3,Hampshire,Glamorgan,TP Alsop,LA Dawson,AG Salter,1,0,,,,,,,,,
1127454,2018,2018-07-06,The Rose Bowl,2,6.4,Hampshire,Glamorgan,LA Dawson,TP Alsop,AG Salter,1,0,,,,,,,,,
1127454,2018,2018-07-06,The Rose Bowl,2,6.5,Hampshire,Glamorgan,TP Alsop,LA Dawson,AG Salter,0,0,,,,,,caught,TP Alsop,,
1127454,2018,2018-07-06,The Rose Bowl,2,6.6,Hampshire,Glamorgan,LD McManus,LA Dawson,AG Salter,0,0,,,,,,,,,
1127454,2018,2018-07-06,The Rose Bowl,2,7.1,Hampshire,Glamorgan,LA Dawson,LD McManus,GG Wagg,1,0,,,,,,,,,
1127454,2018,2018-07-06,The Rose Bowl,2,7.2,Hampshire,Glamorgan,LD McManus,LA Dawson,GG Wagg,0,0,,,,,,caught,LD McManus,,
1127454,2018,2018-07-06,The Rose Bowl,2,7.3,Hampshire,Glamorgan,LA Dawson,GK Berg,GG Wagg,0,0,,,,,,,,,
1127454,2018,2018-07-06,The Rose Bowl,2,7.4,Hampshire,Glamorgan,LA Dawson,GK Berg,GG Wagg,0,0,,,,,,caught,LA Dawson,,
1127454,2018,2018-07-06,The Rose Bowl,2,7.5,Hampshire,Glamorgan,GK Berg,KJ Abbott,GG Wagg,0,0,,,,,,,,,
1127454,2018,2018-07-06,The Rose Bowl,2,7.6,Hampshire,Glamorgan,GK Berg,KJ Abbott,GG Wagg,0,0,,,,,,,,,
1127454,2018,2018-07-06,The Rose Bowl,2,8.1,Hampshire,Glamorgan,KJ Abbott,GK Berg,AG Salter,0,0,,,,,,,,,
1127454,2018,2018-07-06,The Rose Bowl,2,8.2,Hampshire,Glamorgan,KJ Abbott,GK Berg,AG Salter,0,0,,,,,,,,,
1127454,2018,2018-07-06,The Rose Bowl,2,8.3,Hampshire,Glamorgan,KJ Abbott,GK Berg,AG Salter,1,0,,,,,,,,,
1127454,2018,2018-07-06,The Rose Bowl,2,8.4,Hampshire,Glamorgan,GK Berg,KJ Abbott,AG Salter,1,0,,,,,,,,,
1127454,2018,2018-07-06,The Rose Bowl,2,8.5,Hampshire,Glamorgan,KJ Abbott,GK Berg,AG Salter,2,0,,,,,,,,,
1127454,2018,2018-07-06,The Rose Bowl,2,8.6,Hampshire,Glamorgan,KJ Abbott,GK Berg,AG Salter,1,0,,,,,,,,,
1127454,2018,2018-07-06,The Rose Bowl,2,9.1,Hampshire,Glamorgan,KJ Abbott,GK Berg,GG Wagg,0,0,,,,,,,,,
1127454,2018,2018-07-06,The Rose Bowl,2,9.2,Hampshire,Glamorgan,KJ Abbott,GK Berg,GG Wagg,4,0,,,,,,,,,
1127454,2018,2018-07-06,The Rose Bowl,2,9.3,Hampshire,Glamorgan,KJ Abbott,GK Berg,GG Wagg,4,0,,,,,,,,,
1127454,2018,2018-07-06,The Rose Bowl,2,9.4,Hampshire,Glamorgan,KJ Abbott,GK Berg,GG Wagg,6,0,,,,,,,,,
1127454,2018,2018-07-06,The Rose Bowl,2,9.5,Hampshire,Glamorgan,KJ Abbott,GK Berg,GG Wagg,1,0,,,,,,,,,
1127454,2018,2018-07-06,The Rose Bowl,2,9.6,Hampshire,Glamorgan,GK Berg,KJ Abbott,GG Wagg,1,0,,,,,,,,,
1127454,2018,2018-07-06,The Rose Bowl,2,10.1,Hampshire,Glamorgan,GK Berg,KJ Abbott,AG Salter,2,0,,,,,,,,,
1127454,2018,2018-07-06,The Rose Bowl,2,10.2,Hampshire,Glamorgan,GK Berg,KJ Abbott,AG Salter,2,0,,,,,,,,,
1127454,2018,2018-07-06,The Rose Bowl,2,10.3,Hampshire,Glamorgan,GK Berg,KJ Abbott,AG Salter,6,0,,,,,,,,,
1127454,2018,2018-07-06,The Rose Bowl,2,10.4,Hampshire,Glamorgan,GK Berg,KJ Abbott,AG Salter,4,0,,,,,,,,,
1127454,2018,2018-07-06,The Rose Bowl,2,10.5,Hampshire,Glamorgan,GK Berg,KJ Abbott,AG Salter,0,0,,,,,,,,,
1127454,2018,2018-07-06,The Rose Bowl,2,10.6,Hampshire,Glamorgan,GK Berg,KJ Abbott,AG Salter,1,0,,,,,,,,,
1127454,2018,2018-07-06,The Rose Bowl,2,11.1,Hampshire,Glamorgan,GK Berg,KJ Abbott,CAJ Meschede,4,0,,,,,,,,,
1127454,2018,2018-07-06,The Rose Bowl,2,11.2,Hampshire,Glamorgan,GK Berg,KJ Abbott,CAJ Meschede,1,0,,,,,,,,,
1127454,2018,2018-07-06,The Rose Bowl,2,11.3,Hampshire,Glamorgan,KJ Abbott,GK Berg,CAJ Meschede,1,0,,,,,,,,,
1127454,2018,2018-07-06,The Rose Bowl,2,11.4,Hampshire,Glamorgan,GK Berg,KJ Abbott,CAJ Meschede,1,0,,,,,,,,,
1127454,2018,2018-07-06,The Rose Bowl,2,11.5,Hampshire,Glamorgan,KJ Abbott,GK Berg,CAJ Meschede,4,0,,,,,,,,,
1127454,2018,2018-07-06,The Rose Bowl,2,11.6,Hampshire,Glamorgan,KJ Abbott,GK Berg,CAJ Meschede,0,0,,,,,,,,,
1127454,2018,2018-07-06,The Rose Bowl,2,12.1,Hampshire,Glamorgan,GK Berg,KJ Abbott,CA Ingram,1,0,,,,,,,,,
1127454,2018,2018-07-06,The Rose Bowl,2,12.2,Hampshire,Glamorgan,KJ Abbott,GK Berg,CA Ingram,1,0,,,,,,,,,
1127454,2018,2018-07-06,The Rose Bowl,2,12.3,Hampshire,Glamorgan,GK Berg,KJ Abbott,CA Ingram,1,0,,,,,,,,,
1127454,2018,2018-07-06,The Rose Bowl,2,12.4,Hampshire,Glamorgan,KJ Abbott,GK Berg,CA Ingram,1,0,,,,,,,,,
1127454,2018,2018-07-06,The Rose Bowl,2,12.5,Hampshire,Glamorgan,GK Berg,KJ Abbott,CA Ingram,1,0,,,,,,,,,
1127454,2018,2018-07-06,The Rose Bowl,2,12.6,Hampshire,Glamorgan,KJ Abbott,GK Berg,CA Ingram,1,0,,,,,,,,,
1127454,2018,2018-07-06,The Rose Bowl,2,13.1,Hampshire,Glamorgan,KJ Abbott,GK Berg,CAJ Meschede,1,0,,,,,,,,,
1127454,2018,2018-07-06,The Rose Bowl,2,13.2,Hampshire,Glamorgan,GK Berg,KJ Abbott,CAJ Meschede,0,0,,,,,,lbw,GK Berg,,
1127454,2018,2018-07-06,The Rose Bowl,2,13.3,Hampshire,Glamorgan,CP Wood,KJ Abbott,CAJ Meschede,0,0,,,,,,,,,
1127454,2018,2018-07-06,The Rose Bowl,2,13.4,Hampshire,Glamorgan,CP Wood,KJ Abbott,CAJ Meschede,1,0,,,,,,,,,
1127454,2018,2018-07-06,The Rose Bowl,2,13.5,Hampshire,Glamorgan,KJ Abbott,CP Wood,CAJ Meschede,1,0,,,,,,,,,
1127454,2018,2018-07-06,The Rose Bowl,2,13.6,Hampshire,Glamorgan,CP Wood,KJ Abbott,CAJ Meschede,0,0,,,,,,,,,
1127454,2018,2018-07-06,The Rose Bowl,2,14.1,Hampshire,Glamorgan,KJ Abbott,CP Wood,CA Ingram,0,0,,,,,,,,,
1127454,2018,2018-07-06,The Rose Bowl,2,14.2,Hampshire,Glamorgan,KJ Abbott,CP Wood,CA Ingram,0,0,,,,,,bowled,KJ Abbott,,
1127454,2018,2018-07-06,The Rose Bowl,2,14.3,Hampshire,Glamorgan,Mujeeb Ur Rahman,CP Wood,CA Ingram,3,0,,,,,,,,,
1127454,2018,2018-07-06,The Rose Bowl,2,14.4,Hampshire,Glamorgan,CP Wood,Mujeeb Ur Rahman,CA Ingram,1,0,,,,,,,,,
1127454,2018,2018-07-06,The Rose Bowl,2,14.5,Hampshire,Glamorgan,Mujeeb Ur Rahman,CP Wood,CA Ingram,0,0,,,,,,,,,
1127454,2018,2018-07-06,The Rose Bowl,2,14.6,Hampshire,Glamorgan,Mujeeb Ur Rahman,CP Wood,CA Ingram,4,0,,,,,,,,,
1127454,2018,2018-07-06,The Rose Bowl,2,15.1,Hampshire,Glamorgan,CP Wood,Mujeeb Ur Rahman,CAJ Meschede,0,0,,,,,,,,,
1127454,2018,2018-07-06,The Rose Bowl,2,15.2,Hampshire,Glamorgan,CP Wood,Mujeeb Ur Rahman,CAJ Meschede,0,0,,,,,,,,,
1127454,2018,2018-07-06,The Rose Bowl,2,15.3,Hampshire,Glamorgan,CP Wood,Mujeeb Ur Rahman,CAJ Meschede,2,0,,,,,,,,,
1127454,2018,2018-07-06,The Rose Bowl,2,15.4,Hampshire,Glamorgan,CP Wood,Mujeeb Ur Rahman,CAJ Meschede,2,0,,,,,,,,,
1127454,2018,2018-07-06,The Rose Bowl,2,15.5,Hampshire,Glamorgan,CP Wood,Mujeeb Ur Rahman,CAJ Meschede,2,0,,,,,,,,,
1127454,2018,2018-07-06,The Rose Bowl,2,15.6,Hampshire,Glamorgan,CP Wood,Mujeeb Ur Rahman,CAJ Meschede,2,0,,,,,,,,,
1127454,2018,2018-07-06,The Rose Bowl,2,16.1,Hampshire,Glamorgan,Mujeeb Ur Rahman,CP Wood,CA Ingram,0,0,,,,,,,,,
1127454,2018,2018-07-06,The Rose Bowl,2,16.2,Hampshire,Glamorgan,Mujeeb Ur Rahman,CP Wood,CA Ingram,0,0,,,,,,,,,
1127454,2018,2018-07-06,The Rose Bowl,2,16.3,Hampshire,Glamorgan,Mujeeb Ur Rahman,CP Wood,CA Ingram,0,0,,,,,,,,,
1127454,2018,2018-07-06,The Rose Bowl,2,16.4,Hampshire,Glamorgan,Mujeeb Ur Rahman,CP Wood,CA Ingram,1,0,,,,,,,,,
1127454,2018,2018-07-06,The Rose Bowl,2,16.5,Hampshire,Glamorgan,CP Wood,Mujeeb Ur Rahman,CA Ingram,0,0,,,,,,stumped,CP Wood,,
