match_id,season,start_date,venue,innings,ball,batting_team,bowling_team,striker,non_striker,bowler,runs_off_bat,extras,wides,noballs,byes,legbyes,penalty,wicket_type,player_dismissed,other_wicket_type,other_player_dismissed
1127463,2018,2018-07-08,Old Trafford,1,0.1,Northamptonshire,Lancashire,RE Levi,BM Duckett,TJ Lester,0,0,,,,,,,,,
1127463,2018,2018-07-08,Old Trafford,1,0.2,Northamptonshire,Lancashire,RE Levi,BM Duckett,TJ Lester,0,1,1,,,,,,,,
1127463,2018,2018-07-08,Old Trafford,1,0.3,Northamptonshire,Lancashire,RE Levi,BM Duckett,TJ Lester,1,0,,,,,,,,,
1127463,2018,2018-07-08,Old Trafford,1,0.4,Northamptonshire,Lancashire,BM Duckett,RE Levi,TJ Lester,0,0,,,,,,,,,
1127463,2018,2018-07-08,Old Trafford,1,0.5,Northamptonshire,Lancashire,BM Duckett,RE Levi,TJ Lester,0,0,,,,,,,,,
1127463,2018,2018-07-08,Old Trafford,1,0.6,Northamptonshire,Lancashire,BM Duckett,RE Levi,TJ Lester,0,0,,,,,,,,,
1127463,2018,2018-07-08,Old Trafford,1,0.7,Northamptonshire,Lancashire,BM Duckett,RE Levi,TJ Lester,0,0,,,,,,,,,
1127463,2018,2018-07-08,Old Trafford,1,1.1,Northamptonshire,Lancashire,RE Levi,BM Duckett,LS Livingstone,4,0,,,,,,,,,
1127463,2018,2018-07-08,Old Trafford,1,1.2,Northamptonshire,Lancashire,RE Levi,BM Duckett,LS Livingstone,4,0,,,,,,,,,
1127463,2018,2018-07-08,Old Trafford,1,1.3,Northamptonshire,Lancashire,RE Levi,BM Duckett,LS Livingstone,1,0,,,,,,,,,
1127463,2018,2018-07-08,Old Trafford,1,1.4,Northamptonshire,Lancashire,BM Duckett,RE Levi,LS Livingstone,4,0,,,,,,,,,
1127463,2018,2018-07-08,Old Trafford,1,1.5,Northamptonshire,Lancashire,BM Duckett,RE Levi,LS Livingstone,0,0,,,,,,,,,
1127463,2018,2018-07-08,Old Trafford,1,1.6,Northamptonshire,Lancashire,BM Duckett,RE Levi,LS Livingstone,2,0,,,,,,,,,
1127463,2018,2018-07-08,Old Trafford,1,2.1,Northamptonshire,Lancashire,RE Levi,BM Duckett,TJ Lester,1,0,,,,,,,,,
1127463,2018,2018-07-08,Old Trafford,1,2.2,Northamptonshire,Lancashire,BM Duckett,RE Levi,TJ Lester,4,0,,,,,,,,,
1127463,2018,2018-07-08,Old Trafford,1,2.3,Northamptonshire,Lancashire,BM Duckett,RE Levi,TJ Lester,0,0,,,,,,caught,BM Duckett,,
1127463,2018,2018-07-08,Old Trafford,1,2.4,Northamptonshire,Lancashire,JJ Cobb,RE Levi,TJ Lester,0,0,,,,,,,,,
1127463,2018,2018-07-08,Old Trafford,1,2.5,Northamptonshire,Lancashire,JJ Cobb,RE Levi,TJ Lester,0,0,,,,,,,,,
1127463,2018,2018-07-08,Old Trafford,1,2.6,Northamptonshire,Lancashire,JJ Cobb,RE Levi,TJ Lester,0,0,,,,,,,,,
1127463,2018,2018-07-08,Old Trafford,1,3.1,Northamptonshire,Lancashire,RE Levi,JJ Cobb,JP Faulkner,0,0,,,,,,,,,
1127463,2018,2018-07-08,Old Trafford,1,3.2,Northamptonshire,Lancashire,RE Levi,JJ Cobb,JP Faulkner,0,0,,,,,,,,,
1127463,2018,2018-07-08,Old Trafford,1,3.3,Northamptonshire,Lancashire,RE Levi,JJ Cobb,JP Faulkner,4,0,,,,,,,,,
1127463,2018,2018-07-08,Old Trafford,1,3.4,Northamptonshire,Lancashire,RE Levi,JJ Cobb,JP Faulkner,4,0,,,,,,,,,
1127463,2018,2018-07-08,Old Trafford,1,3.5,Northamptonshire,Lancashire,RE Levi,JJ Cobb,JP Faulkner,0,0,,,,,,,,,
1127463,2018,2018-07-08,Old Trafford,1,3.6,Northamptonshire,Lancashire,RE Levi,JJ Cobb,JP Faulkner,0,0,,,,,,,,,
1127463,2018,2018-07-08,Old Trafford,1,4.1,Northamptonshire,Lancashire,JJ Cobb,RE Levi,TJ Lester,1,0,,,,,,,,,
1127463,2018,2018-07-08,Old Trafford,1,4.2,Northamptonshire,Lancashire,RE Levi,JJ Cobb,TJ Lester,4,0,,,,,,,,,
1127463,2018,2018-07-08,Old Trafford,1,4.3,Northamptonshire,Lancashire,RE Levi,JJ Cobb,TJ Lester,3,0,,,,,,,,,
1127463,2018,2018-07-08,Old Trafford,1,4.4,Northamptonshire,Lancashire,JJ Cobb,RE Levi,TJ Lester,4,0,,,,,,,,,
1127463,2018,2018-07-08,Old Trafford,1,4.5,Northamptonshire,Lancashire,JJ Cobb,RE Levi,TJ Lester,3,0,,,,,,,,,
1127463,2018,2018-07-08,Old Trafford,1,4.6,Northamptonshire,Lancashire,RE Levi,JJ Cobb,TJ Lester,1,0,,,,,,,,,
1127463,2018,2018-07-08,Old Trafford,1,5.1,Northamptonshire,Lancashire,RE Levi,JJ Cobb,J Clark,0,2,,2,,,,,,,
1127463,2018,2018-07-08,Old Trafford,1,5.2,Northamptonshire,Lancashire,RE Levi,JJ Cobb,J Clark,1,0,,,,,,,,,
1127463,2018,2018-07-08,Old Trafford,1,5.3,Northamptonshire,Lancashire,JJ Cobb,RE Levi,J Clark,1,0,,,,,,,,,
1127463,2018,2018-07-08,Old Trafford,1,5.4,Northamptonshire,Lancashire,RE Levi,JJ Cobb,J Clark,2,0,,,,,,,,,
1127463,2018,2018-07-08,Old Trafford,1,5.5,Northamptonshire,Lancashire,RE Levi,JJ Cobb,J Clark,4,0,,,,,,,,,
1127463,2018,2018-07-08,Old Trafford,1,5.6,Northamptonshire,Lancashire,RE Levi,JJ Cobb,J Clark,6,0,,,,,,,,,
1127463,2018,2018-07-08,Old Trafford,1,5.7,Northamptonshire,Lancashire,RE Levi,JJ Cobb,J Clark,0,0,,,,,,caught and bowled,RE Levi,,
1127463,2018,2018-07-08,Old Trafford,1,6.1,Northamptonshire,Lancashire,JJ Cobb,AG Wakely,MW Parkinson,1,0,,,,,,,,,
1127463,2018,2018-07-08,Old Trafford,1,6.2,Northamptonshire,Lancashire,AG Wakely,JJ Cobb,MW Parkinson,1,0,,,,,,,,,
1127463,2018,2018-07-08,Old Trafford,1,6.3,Northamptonshire,Lancashire,JJ Cobb,AG Wakely,MW Parkinson,2,0,,,,,,,,,
1127463,2018,2018-07-08,Old Trafford,1,6.4,Northamptonshire,Lancashire,JJ Cobb,AG Wakely,MW Parkinson,0,0,,,,,,,,,
1127463,2018,2018-07-08,Old Trafford,1,6.5,Northamptonshire,Lancashire,JJ Cobb,AG Wakely,MW Parkinson,0,0,,,,,,,,,
1127463,2018,2018-07-08,Old Trafford,1,6.6,Northamptonshire,Lancashire,JJ Cobb,AG Wakely,MW Parkinson,0,0,,,,,,caught,JJ Cobb,,
1127463,2018,2018-07-08,Old Trafford,1,7.1,Northamptonshire,Lancashire,R Vasconcelos,AG Wakely,SD Parry,1,0,,,,,,,,,
1127463,2018,2018-07-08,Old Trafford,1,7.2,Northamptonshire,Lancashire,AG Wakely,R Vasconcelos,SD Parry,1,0,,,,,,,,,
1127463,2018,2018-07-08,Old Trafford,1,7.3,Northamptonshire,Lancashire,R Vasconcelos,AG Wakely,SD Parry,0,0,,,,,,,,,
1127463,2018,2018-07-08,Old Trafford,1,7.4,Northamptonshire,Lancashire,R Vasconcelos,AG Wakely,SD Parry,0,0,,,,,,caught,R Vasconcelos,,
1127463,2018,2018-07-08,Old Trafford,1,7.5,Northamptonshire,Lancashire,SP Crook,AG Wakely,SD Parry,0,0,,,,,,,,,
1127463,2018,2018-07-08,Old Trafford,1,7.6,Northamptonshire,Lancashire,SP Crook,AG Wakely,SD Parry,0,0,,,,,,,,,
1127463,2018,2018-07-08,Old Trafford,1,8.1,Northamptonshire,Lancashire,AG Wakely,SP Crook,MW Parkinson,0,0,,,,,,,,,
1127463,2018,2018-07-08,Old Trafford,1,8.2,Northamptonshire,Lancashire,AG Wakely,SP Crook,MW Parkinson,1,0,,,,,,,,,
1127463,2018,2018-07-08,Old Trafford,1,8.3,Northamptonshire,Lancashire,SP Crook,AG Wakely,MW Parkinson,1,0,,,,,,,,,
1127463,2018,2018-07-08,Old Trafford,1,8.4,Northamptonshire,Lancashire,AG Wakely,SP Crook,MW Parkinson,1,0,,,,,,,,,
1127463,2018,2018-07-08,Old Trafford,1,8.5,Northamptonshire,Lancashire,SP Crook,AG Wakely,MW Parkinson,1,0,,,,,,,,,
1127463,2018,2018-07-08,Old Trafford,1,8.6,Northamptonshire,Lancashire,AG Wakely,SP Crook,MW Parkinson,0,0,,,,,,,,,
1127463,2018,2018-07-08,Old Trafford,1,9.1,Northamptonshire,Lancashire,SP Crook,AG Wakely,SD Parry,0,0,,,,,,,,,
1127463,2018,2018-07-08,Old Trafford,1,9.2,Northamptonshire,Lancashire,SP Crook,AG Wakely,SD Parry,0,0,,,,,,,,,
1127463,2018,2018-07-08,Old Trafford,1,9.3,Northamptonshire,Lancashire,SP Crook,AG Wakely,SD Parry,1,0,,,,,,,,,
1127463,2018,2018-07-08,Old Trafford,1,9.4,Northamptonshire,Lancashire,AG Wakely,SP Crook,SD Parry,1,0,,,,,,,,,
1127463,2018,2018-07-08,Old Trafford,1,9.5,Northamptonshire,Lancashire,SP Crook,AG Wakely,SD Parry,1,0,,,,,,,,,
1127463,2018,2018-07-08,Old Trafford,1,9.6,Northamptonshire,Lancashire,AG Wakely,SP Crook,SD Parry,1,0,,,,,,,,,
1127463,2018,2018-07-08,Old Trafford,1,10.1,Northamptonshire,Lancashire,AG Wakely,SP Crook,LS Livingstone,1,0,,,,,,,,,
1127463,2018,2018-07-08,Old Trafford,1,10.2,Northamptonshire,Lancashire,SP Crook,AG Wakely,LS Livingstone,0,0,,,,,,,,,
1127463,2018,2018-07-08,Old Trafford,1,10.3,Northamptonshire,Lancashire,SP Crook,AG Wakely,LS Livingstone,0,0,,,,,,caught,SP Crook,,
1127463,2018,2018-07-08,Old Trafford,1,10.4,Northamptonshire,Lancashire,S Prasanna,AG Wakely,LS Livingstone,0,0,,,,,,,,,
1127463,2018,2018-07-08,Old Trafford,1,10.5,Northamptonshire,Lancashire,S Prasanna,AG Wakely,LS Livingstone,0,0,,,,,,,,,
1127463,2018,2018-07-08,Old Trafford,1,10.6,Northamptonshire,Lancashire,S Prasanna,AG Wakely,LS Livingstone,1,0,,,,,,,,,
1127463,2018,2018-07-08,Old Trafford,1,11.1,Northamptonshire,Lancashire,S Prasanna,AG Wakely,AM Lilley,1,0,,,,,,,,,
1127463,2018,2018-07-08,Old Trafford,1,11.2,Northamptonshire,Lancashire,AG Wakely,S Prasanna,AM Lilley,1,0,,,,,,,,,
1127463,2018,2018-07-08,Old Trafford,1,11.3,Northamptonshire,Lancashire,S Prasanna,AG Wakely,AM Lilley,0,0,,,,,,,,,
1127463,2018,2018-07-08,Old Trafford,1,11.4,Northamptonshire,Lancashire,S Prasanna,AG Wakely,AM Lilley,0,0,,,,,,,,,
1127463,2018,2018-07-08,Old Trafford,1,11.5,Northamptonshire,Lancashire,S Prasanna,AG Wakely,AM Lilley,0,0,,,,,,,,,
1127463,2018,2018-07-08,Old Trafford,1,11.6,Northamptonshire,Lancashire,S Prasanna,AG Wakely,AM Lilley,1,0,,,,,,,,,
1127463,2018,2018-07-08,Old Trafford,1,12.1,Northamptonshire,Lancashire,S Prasanna,AG Wakely,JP Faulkner,0,1,,,,1,,,,,
1127463,2018,2018-07-08,Old Trafford,1,12.2,Northamptonshire,Lancashire,AG Wakely,S Prasanna,JP Faulkner,1,0,,,,,,,,,
1127463,2018,2018-07-08,Old Trafford,1,12.3,Northamptonshire,Lancashire,S Prasanna,AG Wakely,JP Faulkner,0,0,,,,,,,,,
1127463,2018,2018-07-08,Old Trafford,1,12.4,Northamptonshire,Lancashire,S Prasanna,AG Wakely,JP Faulkner,4,0,,,,,,,,,
1127463,2018,2018-07-08,Old Trafford,1,12.5,Northamptonshire,Lancashire,S Prasanna,AG Wakely,JP Faulkner,0,0,,,,,,,,,
1127463,2018,2018-07-08,Old Trafford,1,12.6,Northamptonshire,Lancashire,S Prasanna,AG Wakely,JP Faulkner,0,0,,,,,,,,,
1127463,2018,2018-07-08,Old Trafford,1,13.1,Northamptonshire,Lancashire,AG Wakely,S Prasanna,SD Parry,1,0,,,,,,,,,
1127463,2018,2018-07-08,Old Trafford,1,13.2,Northamptonshire,Lancashire,S Prasanna,AG Wakely,SD Parry,1,0,,,,,,,,,
1127463,2018,2018-07-08,Old Trafford,1,13.3,Northamptonshire,Lancashire,AG Wakely,S Prasanna,SD Parry,1,0,,,,,,,,,
1127463,2018,2018-07-08,Old Trafford,1,13.4,Northamptonshire,Lancashire,S Prasanna,AG Wakely,SD Parry,1,0,,,,,,,,,
1127463,2018,2018-07-08,Old Trafford,1,13.5,Northamptonshire,Lancashire,AG Wakely,S Prasanna,SD Parry,0,0,,,,,,,,,
1127463,2018,2018-07-08,Old Trafford,1,13.6,Northamptonshire,Lancashire,AG Wakely,S Prasanna,SD Parry,1,0,,,,,,,,,
1127463,2018,2018-07-08,Old Trafford,1,14.1,Northamptonshire,Lancashire,AG Wakely,S Prasanna,MW Parkinson,0,0,,,,,,caught,AG Wakely,,
1127463,2018,2018-07-08,Old Trafford,1,14.2,Northamptonshire,Lancashire,S Prasanna,RK Kleinveldt,MW Parkinson,1,0,,,,,,,,,
1127463,2018,2018-07-08,Old Trafford,1,14.3,Northamptonshire,Lancashire,RK Kleinveldt,S Prasanna,MW Parkinson,0,0,,,,,,,,,
1127463,2018,2018-07-08,Old Trafford,1,14.4,Northamptonshire,Lancashire,RK Kleinveldt,S Prasanna,MW Parkinson,0,0,,,,,,,,,
1127463,2018,2018-07-08,Old Trafford,1,14.5,Northamptonshire,Lancashire,RK Kleinveldt,S Prasanna,MW Parkinson,1,0,,,,,,,,,
1127463,2018,2018-07-08,Old Trafford,1,14.6,Northamptonshire,Lancashire,S Prasanna,RK Kleinveldt,MW Parkinson,0,0,,,,,,,,,
1127463,2018,2018-07-08,Old Trafford,1,15.1,Northamptonshire,Lancashire,RK Kleinveldt,S Prasanna,LS Livingstone,4,0,,,,,,,,,
1127463,2018,2018-07-08,Old Trafford,1,15.2,Northamptonshire,Lancashire,RK Kleinveldt,S Prasanna,LS Livingstone,1,0,,,,,,,,,
1127463,2018,2018-07-08,Old Trafford,1,15.3,Northamptonshire,Lancashire,S Prasanna,RK Kleinveldt,LS Livingstone,1,0,,,,,,,,,
1127463,2018,2018-07-08,Old Trafford,1,15.4,Northamptonshire,Lancashire,RK Kleinveldt,S Prasanna,LS Livingstone,1,0,,,,,,,,,
1127463,2018,2018-07-08,Old Trafford,1,15.5,Northamptonshire,Lancashire,S Prasanna,RK Kleinveldt,LS Livingstone,0,0,,,,,,,,,
1127463,2018,2018-07-08,Old Trafford,1,15.6,Northamptonshire,Lancashire,S Prasanna,RK Kleinveldt,LS Livingstone,0,0,,,,,,,,,
1127463,2018,2018-07-08,Old Trafford,1,16.1,Northamptonshire,Lancashire,RK Kleinveldt,S Prasanna,SD Parry,1,0,,,,,,,,,
1127463,2018,2018-07-08,Old Trafford,1,16.2,Northamptonshire,Lancashire,S Prasanna,RK Kleinveldt,SD Parry,6,0,,,,,,,,,
1127463,2018,2018-07-08,Old Trafford,1,16.3,Northamptonshire,Lancashire,S Prasanna,RK Kleinveldt,SD Parry,0,0,,,,,,caught,S Prasanna,,
1127463,2018,2018-07-08,Old Trafford,1,16.4,Northamptonshire,Lancashire,RK Kleinveldt,GG White,SD Parry,0,0,,,,,,,,,
1127463,2018,2018-07-08,Old Trafford,1,16.5,Northamptonshire,Lancashire,RK Kleinveldt,GG White,SD Parry,1,0,,,,,,,,,
1127463,2018,2018-07-08,Old Trafford,1,16.6,Northamptonshire,Lancashire,GG White,RK Kleinveldt,SD Parry,0,0,,,,,,,,,
1127463,2018,2018-07-08,Old Trafford,1,17.1,Northamptonshire,Lancashire,RK Kleinveldt,GG White,LS Livingstone,1,0,,,,,,,,,
1127463,2018,2018-07-08,Old Trafford,1,17.2,Northamptonshire,Lancashire,GG White,RK Kleinveldt,LS Livingstone,1,0,,,,,,,,,
1127463,2018,2018-07-08,Old Trafford,1,17.3,Northamptonshire,Lancashire,RK Kleinveldt,GG White,LS Livingstone,0,0,,,,,,caught,RK Kleinveldt,,
1127463,2018,2018-07-08,Old Trafford,1,17.4,Northamptonshire,Lancashire,GG White,BA Hutton,LS Livingstone,1,0,,,,,,,,,
1127463,2018,2018-07-08,Old Trafford,1,17.5,Northamptonshire,Lancashire,BA Hutton,GG White,LS Livingstone,1,0,,,,,,,,,
1127463,2018,2018-07-08,Old Trafford,1,17.6,Northamptonshire,Lancashire,GG White,BA Hutton,LS Livingstone,1,0,,,,,,,,,
1127463,2018,2018-07-08,Old Trafford,1,18.1,Northamptonshire,Lancashire,GG White,BA Hutton,MW Parkinson,0,0,,,,,,,,,
1127463,2018,2018-07-08,Old Trafford,1,18.2,Northamptonshire,Lancashire,GG White,BA Hutton,MW Parkinson,0,0,,,,,,,,,
1127463,2018,2018-07-08,Old Trafford,1,18.3,Northamptonshire,Lancashire,GG White,BA Hutton,MW Parkinson,2,0,,,,,,,,,
1127463,2018,2018-07-08,Old Trafford,1,18.4,Northamptonshire,Lancashire,GG White,BA Hutton,MW Parkinson,1,0,,,,,,,,,
1127463,2018,2018-07-08,Old Trafford,1,18.5,Northamptonshire,Lancashire,BA Hutton,GG White,MW Parkinson,0,0,,,,,,,,,
1127463,2018,2018-07-08,Old Trafford,1,18.6,Northamptonshire,Lancashire,BA Hutton,GG White,MW Parkinson,1,0,,,,,,,,,
1127463,2018,2018-07-08,Old Trafford,1,19.1,Northamptonshire,Lancashire,BA Hutton,GG White,JP Faulkner,2,0,,,,,,,,,
1127463,2018,2018-07-08,Old Trafford,1,19.2,Northamptonshire,Lancashire,BA Hutton,GG White,JP Faulkner,0,0,,,,,,caught,BA Hutton,,
1127463,2018,2018-07-08,Old Trafford,1,19.3,Northamptonshire,Lancashire,GG White,BW Sanderson,JP Faulkner,1,0,,,,,,,,,
1127463,2018,2018-07-08,Old Trafford,1,19.4,Northamptonshire,Lancashire,BW Sanderson,GG White,JP Faulkner,1,0,,,,,,,,,
1127463,2018,2018-07-08,Old Trafford,1,19.5,Northamptonshire,Lancashire,GG White,BW Sanderson,JP Faulkner,1,0,,,,,,,,,
1127463,2018,2018-07-08,Old Trafford,1,19.6,Northamptonshire,Lancashire,BW Sanderson,GG White,JP Faulkner,0,0,,,,,,,,,
1127463,2018,2018-07-08,Old Trafford,2,0.1,Lancashire,Northamptonshire,LS Livingstone,AL Davies,S Prasanna,0,0,,,,,,,,,
1127463,2018,2018-07-08,Old Trafford,2,0.2,Lancashire,Northamptonshire,LS Livingstone,AL Davies,S Prasanna,2,0,,,,,,,,,
1127463,2018,2018-07-08,Old Trafford,2,0.3,Lancashire,Northamptonshire,LS Livingstone,AL Davies,S Prasanna,0,0,,,,,,,,,
1127463,2018,2018-07-08,Old Trafford,2,0.4,Lancashire,Northamptonshire,LS Livingstone,AL Davies,S Prasanna,0,0,,,,,,caught,LS Livingstone,,
1127463,2018,2018-07-08,Old Trafford,2,0.5,Lancashire,Northamptonshire,AM Lilley,AL Davies,S Prasanna,2,0,,,,,,,,,
1127463,2018,2018-07-08,Old Trafford,2,0.6,Lancashire,Northamptonshire,AM Lilley,AL Davies,S Prasanna,0,0,,,,,,,,,
1127463,2018,2018-07-08,Old Trafford,2,1.1,Lancashire,Northamptonshire,AL Davies,AM Lilley,RK Kleinveldt,1,0,,,,,,,,,
1127463,2018,2018-07-08,Old Trafford,2,1.2,Lancashire,Northamptonshire,AM Lilley,AL Davies,RK Kleinveldt,4,0,,,,,,,,,
1127463,2018,2018-07-08,Old Trafford,2,1.3,Lancashire,Northamptonshire,AM Lilley,AL Davies,RK Kleinveldt,0,0,,,,,,,,,
1127463,2018,2018-07-08,Old Trafford,2,1.4,Lancashire,Northamptonshire,AM Lilley,AL Davies,RK Kleinveldt,0,0,,,,,,,,,
1127463,2018,2018-07-08,Old Trafford,2,1.5,Lancashire,Northamptonshire,AM Lilley,AL Davies,RK Kleinveldt,6,0,,,,,,,,,
1127463,2018,2018-07-08,Old Trafford,2,1.6,Lancashire,Northamptonshire,AM Lilley,AL Davies,RK Kleinveldt,0,2,2,,,,,,,,
1127463,2018,2018-07-08,Old Trafford,2,1.7,Lancashire,Northamptonshire,AL Davies,AM Lilley,RK Kleinveldt,1,0,,,,,,,,,
1127463,2018,2018-07-08,Old Trafford,2,2.1,Lancashire,Northamptonshire,AL Davies,AM Lilley,GG White,0,0,,,,,,,,,
1127463,2018,2018-07-08,Old Trafford,2,2.2,Lancashire,Northamptonshire,AL Davies,AM Lilley,GG White,1,0,,,,,,,,,
1127463,2018,2018-07-08,Old Trafford,2,2.3,Lancashire,Northamptonshire,AM Lilley,AL Davies,GG White,0,0,,,,,,,,,
1127463,2018,2018-07-08,Old Trafford,2,2.4,Lancashire,Northamptonshire,AM Lilley,AL Davies,GG White,0,0,,,,,,,,,
1127463,2018,2018-07-08,Old Trafford,2,2.5,Lancashire,Northamptonshire,AM Lilley,AL Davies,GG White,1,0,,,,,,,,,
1127463,2018,2018-07-08,Old Trafford,2,2.6,Lancashire,Northamptonshire,AL Davies,AM Lilley,GG White,0,0,,,,,,,,,
1127463,2018,2018-07-08,Old Trafford,2,3.1,Lancashire,Northamptonshire,AM Lilley,AL Davies,BW Sanderson,1,0,,,,,,,,,
1127463,2018,2018-07-08,Old Trafford,2,3.2,Lancashire,Northamptonshire,AL Davies,AM Lilley,BW Sanderson,4,0,,,,,,,,,
1127463,2018,2018-07-08,Old Trafford,2,3.3,Lancashire,Northamptonshire,AL Davies,AM Lilley,BW Sanderson,1,0,,,,,,,,,
1127463,2018,2018-07-08,Old Trafford,2,3.4,Lancashire,Northamptonshire,AM Lilley,AL Davies,BW Sanderson,4,0,,,,,,,,,
1127463,2018,2018-07-08,Old Trafford,2,3.5,Lancashire,Northamptonshire,AM Lilley,AL Davies,BW Sanderson,0,1,1,,,,,,,,
1127463,2018,2018-07-08,Old Trafford,2,3.6,Lancashire,Northamptonshire,AM Lilley,AL Davies,BW Sanderson,4,0,,,,,,,,,
1127463,2018,2018-07-08,Old Trafford,2,3.7,Lancashire,Northamptonshire,AM Lilley,AL Davies,BW Sanderson,1,0,,,,,,,,,
1127463,2018,2018-07-08,Old Trafford,2,4.1,Lancashire,Northamptonshire,AM Lilley,AL Davies,GG White,0,0,,,,,,caught,AM Lilley,,
1127463,2018,2018-07-08,Old Trafford,2,4.2,Lancashire,Northamptonshire,KK Jennings,AL Davies,GG White,1,0,,,,,,,,,
1127463,2018,2018-07-08,Old Trafford,2,4.3,Lancashire,Northamptonshire,AL Davies,KK Jennings,GG White,1,0,,,,,,,,,
1127463,2018,2018-07-08,Old Trafford,2,4.4,Lancashire,Northamptonshire,KK Jennings,AL Davies,GG White,0,0,,,,,,,,,
1127463,2018,2018-07-08,Old Trafford,2,4.5,Lancashire,Northamptonshire,KK Jennings,AL Davies,GG White,0,0,,,,,,,,,
1127463,2018,2018-07-08,Old Trafford,2,4.6,Lancashire,Northamptonshire,KK Jennings,AL Davies,GG White,1,0,,,,,,,,,
1127463,2018,2018-07-08,Old Trafford,2,5.1,Lancashire,Northamptonshire,KK Jennings,AL Davies,JJ Cobb,0,0,,,,,,,,,
1127463,2018,2018-07-08,Old Trafford,2,5.2,Lancashire,Northamptonshire,KK Jennings,AL Davies,JJ Cobb,0,0,,,,,,,,,
1127463,2018,2018-07-08,Old Trafford,2,5.3,Lancashire,Northamptonshire,KK Jennings,AL Davies,JJ Cobb,1,0,,,,,,,,,
1127463,2018,2018-07-08,Old Trafford,2,5.4,Lancashire,Northamptonshire,AL Davies,KK Jennings,JJ Cobb,1,0,,,,,,,,,
1127463,2018,2018-07-08,Old Trafford,2,5.5,Lancashire,Northamptonshire,KK Jennings,AL Davies,JJ Cobb,1,0,,,,,,,,,
1127463,2018,2018-07-08,Old Trafford,2,5.6,Lancashire,Northamptonshire,AL Davies,KK Jennings,JJ Cobb,4,0,,,,,,,,,
1127463,2018,2018-07-08,Old Trafford,2,6.1,Lancashire,Northamptonshire,KK Jennings,AL Davies,S Prasanna,1,0,,,,,,,,,
1127463,2018,2018-07-08,Old Trafford,2,6.2,Lancashire,Northamptonshire,AL Davies,KK Jennings,S Prasanna,1,0,,,,,,,,,
1127463,2018,2018-07-08,Old Trafford,2,6.3,Lancashire,Northamptonshire,KK Jennings,AL Davies,S Prasanna,0,0,,,,,,,,,
1127463,2018,2018-07-08,Old Trafford,2,6.4,Lancashire,Northamptonshire,KK Jennings,AL Davies,S Prasanna,4,0,,,,,,,,,
1127463,2018,2018-07-08,Old Trafford,2,6.5,Lancashire,Northamptonshire,KK Jennings,AL Davies,S Prasanna,1,0,,,,,,,,,
1127463,2018,2018-07-08,Old Trafford,2,6.6,Lancashire,Northamptonshire,AL Davies,KK Jennings,S Prasanna,1,0,,,,,,,,,
1127463,2018,2018-07-08,Old Trafford,2,7.1,Lancashire,Northamptonshire,AL Davies,KK Jennings,JJ Cobb,0,0,,,,,,,,,
1127463,2018,2018-07-08,Old Trafford,2,7.2,Lancashire,Northamptonshire,AL Davies,KK Jennings,JJ Cobb,1,0,,,,,,,,,
1127463,2018,2018-07-08,Old Trafford,2,7.3,Lancashire,Northamptonshire,KK Jennings,AL Davies,JJ Cobb,0,0,,,,,,,,,
1127463,2018,2018-07-08,Old Trafford,2,7.4,Lancashire,Northamptonshire,KK Jennings,AL Davies,JJ Cobb,1,0,,,,,,,,,
1127463,2018,2018-07-08,Old Trafford,2,7.5,Lancashire,Northamptonshire,AL Davies,KK Jennings,JJ Cobb,2,0,,,,,,,,,
1127463,2018,2018-07-08,Old Trafford,2,7.6,Lancashire,Northamptonshire,AL Davies,KK Jennings,JJ Cobb,1,0,,,,,,,,,
1127463,2018,2018-07-08,Old Trafford,2,8.1,Lancashire,Northamptonshire,AL Davies,KK Jennings,GG White,0,0,,,,,,,,,
1127463,2018,2018-07-08,Old Trafford,2,8.2,Lancashire,Northamptonshire,AL Davies,KK Jennings,GG White,4,0,,,,,,,,,
1127463,2018,2018-07-08,Old Trafford,2,8.3,Lancashire,Northamptonshire,AL Davies,KK Jennings,GG White,4,0,,,,,,,,,
1127463,2018,2018-07-08,Old Trafford,2,8.4,Lancashire,Northamptonshire,AL Davies,KK Jennings,GG White,4,0,,,,,,,,,
1127463,2018,2018-07-08,Old Trafford,2,8.5,Lancashire,Northamptonshire,AL Davies,KK Jennings,GG White,1,0,,,,,,,,,
1127463,2018,2018-07-08,Old Trafford,2,8.6,Lancashire,Northamptonshire,KK Jennings,AL Davies,GG White,0,2,2,,,,,,,,
1127463,2018,2018-07-08,Old Trafford,2,8.7,Lancashire,Northamptonshire,AL Davies,KK Jennings,GG White,1,0,,,,,,,,,
1127463,2018,2018-07-08,Old Trafford,2,9.1,Lancashire,Northamptonshire,AL Davies,KK Jennings,S Prasanna,1,0,,,,,,,,,
1127463,2018,2018-07-08,Old Trafford,2,9.2,Lancashire,Northamptonshire,KK Jennings,AL Davies,S Prasanna,0,0,,,,,,,,,
1127463,2018,2018-07-08,Old Trafford,2,9.3,Lancashire,Northamptonshire,KK Jennings,AL Davies,S Prasanna,1,0,,,,,,,,,
1127463,2018,2018-07-08,Old Trafford,2,9.4,Lancashire,Northamptonshire,AL Davies,KK Jennings,S Prasanna,0,0,,,,,,,,,
1127463,2018,2018-07-08,Old Trafford,2,9.5,Lancashire,Northamptonshire,AL Davies,KK Jennings,S Prasanna,0,0,,,,,,,,,
1127463,2018,2018-07-08,Old Trafford,2,9.6,Lancashire,Northamptonshire,AL Davies,KK Jennings,S Prasanna,2,0,,,,,,,,,
1127463,2018,2018-07-08,Old Trafford,2,10.1,Lancashire,Northamptonshire,KK Jennings,AL Davies,BA Hutton,1,0,,,,,,,,,
1127463,2018,2018-07-08,Old Trafford,2,10.2,Lancashire,Northamptonshire,AL Davies,KK Jennings,BA Hutton,0,0,,,,,,,,,
1127463,2018,2018-07-08,Old Trafford,2,10.3,Lancashire,Northamptonshire,AL Davies,KK Jennings,BA Hutton,0,0,,,,,,,,,
1127463,2018,2018-07-08,Old Trafford,2,10.4,Lancashire,Northamptonshire,AL Davies,KK Jennings,BA Hutton,0,1,1,,,,,,,,
1127463,2018,2018-07-08,Old Trafford,2,10.5,Lancashire,Northamptonshire,AL Davies,KK Jennings,BA Hutton,1,0,,,,,,,,,
1127463,2018,2018-07-08,Old Trafford,2,10.6,Lancashire,Northamptonshire,KK Jennings,AL Davies,BA Hutton,1,0,,,,,,,,,
1127463,2018,2018-07-08,Old Trafford,2,10.7,Lancashire,Northamptonshire,AL Davies,KK Jennings,BA Hutton,0,1,1,,,,,,,,
1127463,2018,2018-07-08,Old Trafford,2,10.8,Lancashire,Northamptonshire,AL Davies,KK Jennings,BA Hutton,0,0,,,,,,,,,
1127463,2018,2018-07-08,Old Trafford,2,11.1,Lancashire,Northamptonshire,KK Jennings,AL Davies,GG White,0,0,,,,,,,,,
1127463,2018,2018-07-08,Old Trafford,2,11.2,Lancashire,Northamptonshire,KK Jennings,AL Davies,GG White,1,0,,,,,,,,,
1127463,2018,2018-07-08,Old Trafford,2,11.3,Lancashire,Northamptonshire,AL Davies,KK Jennings,GG White,1,0,,,,,,,,,
1127463,2018,2018-07-08,Old Trafford,2,11.4,Lancashire,Northamptonshire,KK Jennings,AL Davies,GG White,1,0,,,,,,,,,
1127463,2018,2018-07-08,Old Trafford,2,11.5,Lancashire,Northamptonshire,AL Davies,KK Jennings,GG White,1,0,,,,,,,,,
1127463,2018,2018-07-08,Old Trafford,2,11.6,Lancashire,Northamptonshire,KK Jennings,AL Davies,GG White,0,0,,,,,,,,,
1127463,2018,2018-07-08,Old Trafford,2,12.1,Lancashire,Northamptonshire,AL Davies,KK Jennings,BA Hutton,1,0,,,,,,,,,
1127463,2018,2018-07-08,Old Trafford,2,12.2,Lancashire,Northamptonshire,KK Jennings,AL Davies,BA Hutton,0,0,,,,,,,,,
1127463,2018,2018-07-08,Old Trafford,2,12.3,Lancashire,Northamptonshire,KK Jennings,AL Davies,BA Hutton,4,0,,,,,,,,,
1127463,2018,2018-07-08,Old Trafford,2,12.4,Lancashire,Northamptonshire,KK Jennings,AL Davies,BA Hutton,2,0,,,,,,,,,
1127463,2018,2018-07-08,Old Trafford,2,12.5,Lancashire,Northamptonshire,KK Jennings,AL Davies,BA Hutton,1,0,,,,,,,,,
1127463,2018,2018-07-08,Old Trafford,2,12.6,Lancashire,Northamptonshire,AL Davies,KK Jennings,BA Hutton,1,0,,,,,,,,,
1127463,2018,2018-07-08,Old Trafford,2,13.1,Lancashire,Northamptonshire,AL Davies,KK Jennings,JJ Cobb,6,0,,,,,,,,,
1127463,2018,2018-07-08,Old Trafford,2,13.2,Lancashire,Northamptonshire,AL Davies,KK Jennings,JJ Cobb,4,0,,,,,,,,,
1127463,2018,2018-07-08,Old Trafford,2,13.3,Lancashire,Northamptonshire,AL Davies,KK Jennings,JJ Cobb,1,0,,,,,,,,,
1127463,2018,2018-07-08,Old Trafford,2,13.4,Lancashire,Northamptonshire,KK Jennings,AL Davies,JJ Cobb,0,0,,,,,,,,,
1127463,2018,2018-07-08,Old Trafford,2,13.5,Lancashire,Northamptonshire,KK Jennings,AL Davies,JJ Cobb,0,0,,,,,,,,,
1127463,2018,2018-07-08,Old Trafford,2,13.6,Lancashire,Northamptonshire,KK Jennings,AL Davies,JJ Cobb,0,0,,,,,,,,,
1127463,2018,2018-07-08,Old Trafford,2,14.1,Lancashire,Northamptonshire,AL Davies,KK Jennings,S Prasanna,1,0,,,,,,,,,
1127463,2018,2018-07-08,Old Trafford,2,14.2,Lancashire,Northamptonshire,KK Jennings,AL Davies,S Prasanna,1,0,,,,,,,,,
1127463,2018,2018-07-08,Old Trafford,2,14.3,Lancashire,Northamptonshire,AL Davies,KK Jennings,S Prasanna,2,0,,,,,,,,,
1127463,2018,2018-07-08,Old Trafford,2,14.4,Lancashire,Northamptonshire,AL Davies,KK Jennings,S Prasanna,4,0,,,,,,,,,
1127463,2018,2018-07-08,Old Trafford,2,14.5,Lancashire,Northamptonshire,AL Davies,KK Jennings,S Prasanna,0,0,,,,,,,,,
1127463,2018,2018-07-08,Old Trafford,2,14.6,Lancashire,Northamptonshire,AL Davies,KK Jennings,S Prasanna,0,0,,,,,,,,,
1127463,2018,2018-07-08,Old Trafford,2,15.1,Lancashire,Northamptonshire,KK Jennings,AL Davies,RK Kleinveldt,0,0,,,,,,,,,
1127463,2018,2018-07-08,Old Trafford,2,15.2,Lancashire,Northamptonshire,KK Jennings,AL Davies,RK Kleinveldt,0,0,,,,,,,,,
1127463,2018,2018-07-08,Old Trafford,2,15.3,Lancashire,Northamptonshire,KK Jennings,AL Davies,RK Kleinveldt,0,0,,,,,,,,,
1127463,2018,2018-07-08,Old Trafford,2,15.4,Lancashire,Northamptonshire,KK Jennings,AL Davies,RK Kleinveldt,2,0,,,,,,,,,
1127463,2018,2018-07-08,Old Trafford,2,15.5,Lancashire,Northamptonshire,KK Jennings,AL Davies,RK Kleinveldt,1,0,,,,,,,,,
1127463,2018,2018-07-08,Old Trafford,2,15.6,Lancashire,Northamptonshire,AL Davies,KK Jennings,RK Kleinveldt,4,0,,,,,,,,,
1127463,2018,2018-07-08,Old Trafford,2,16.1,Lancashire,Northamptonshire,KK Jennings,AL Davies,JJ Cobb,1,0,,,,,,,,,
