match_id,season,start_date,venue,innings,ball,batting_team,bowling_team,striker,non_striker,bowler,runs_off_bat,extras,wides,noballs,byes,legbyes,penalty,wicket_type,player_dismissed,other_wicket_type,other_player_dismissed
1167210,2019,2019-08-15,Riverside Ground,1,0.1,Worcestershire,Durham,MJ Guptill,MH Wessels,L Trevaskis,0,0,,,,,,,,,
1167210,2019,2019-08-15,Riverside Ground,1,0.2,Worcestershire,Durham,MJ Guptill,MH Wessels,L Trevaskis,0,0,,,,,,caught,MJ Guptill,,
1167210,2019,2019-08-15,Riverside Ground,1,0.3,Worcestershire,Durham,CJ Ferguson,MH Wessels,L Trevaskis,1,0,,,,,,,,,
1167210,2019,2019-08-15,Riverside Ground,1,0.4,Worcestershire,Durham,MH Wessels,CJ Ferguson,L Trevaskis,0,0,,,,,,,,,
1167210,2019,2019-08-15,Riverside Ground,1,0.5,Worcestershire,Durham,MH Wessels,CJ Ferguson,L Trevaskis,0,0,,,,,,,,,
1167210,2019,2019-08-15,Riverside Ground,1,0.6,Worcestershire,Durham,MH Wessels,CJ Ferguson,L Trevaskis,0,0,,,,,,,,,
1167210,2019,2019-08-15,Riverside Ground,1,1.1,Worcestershire,Durham,CJ Ferguson,MH Wessels,BA Carse,0,0,,,,,,,,,
1167210,2019,2019-08-15,Riverside Ground,1,1.2,Worcestershire,Durham,CJ Ferguson,MH Wessels,BA Carse,1,0,,,,,,,,,
1167210,2019,2019-08-15,Riverside Ground,1,1.3,Worcestershire,Durham,MH Wessels,CJ Ferguson,BA Carse,2,0,,,,,,,,,
1167210,2019,2019-08-15,Riverside Ground,1,1.4,Worcestershire,Durham,MH Wessels,CJ Ferguson,BA Carse,1,0,,,,,,,,,
1167210,2019,2019-08-15,Riverside Ground,1,1.5,Worcestershire,Durham,CJ Ferguson,MH Wessels,BA Carse,0,0,,,,,,,,,
1167210,2019,2019-08-15,Riverside Ground,1,1.6,Worcestershire,Durham,CJ Ferguson,MH Wessels,BA Carse,0,0,,,,,,,,,
1167210,2019,2019-08-15,Riverside Ground,1,2.1,Worcestershire,Durham,MH Wessels,CJ Ferguson,L Trevaskis,1,0,,,,,,,,,
1167210,2019,2019-08-15,Riverside Ground,1,2.2,Worcestershire,Durham,CJ Ferguson,MH Wessels,L Trevaskis,1,0,,,,,,,,,
1167210,2019,2019-08-15,Riverside Ground,1,2.3,Worcestershire,Durham,MH Wessels,CJ Ferguson,L Trevaskis,1,0,,,,,,,,,
1167210,2019,2019-08-15,Riverside Ground,1,2.4,Worcestershire,Durham,CJ Ferguson,MH Wessels,L Trevaskis,0,0,,,,,,,,,
1167210,2019,2019-08-15,Riverside Ground,1,2.5,Worcestershire,Durham,CJ Ferguson,MH Wessels,L Trevaskis,0,0,,,,,,,,,
1167210,2019,2019-08-15,Riverside Ground,1,2.6,Worcestershire,Durham,CJ Ferguson,MH Wessels,L Trevaskis,1,0,,,,,,,,,
1167210,2019,2019-08-15,Riverside Ground,1,3.1,Worcestershire,Durham,CJ Ferguson,MH Wessels,BA Carse,0,0,,,,,,,,,
1167210,2019,2019-08-15,Riverside Ground,1,3.2,Worcestershire,Durham,CJ Ferguson,MH Wessels,BA Carse,4,0,,,,,,,,,
1167210,2019,2019-08-15,Riverside Ground,1,3.3,Worcestershire,Durham,CJ Ferguson,MH Wessels,BA Carse,0,0,,,,,,,,,
1167210,2019,2019-08-15,Riverside Ground,1,3.4,Worcestershire,Durham,CJ Ferguson,MH Wessels,BA Carse,1,0,,,,,,,,,
1167210,2019,2019-08-15,Riverside Ground,1,3.5,Worcestershire,Durham,MH Wessels,CJ Ferguson,BA Carse,6,0,,,,,,,,,
1167210,2019,2019-08-15,Riverside Ground,1,3.6,Worcestershire,Durham,MH Wessels,CJ Ferguson,BA Carse,0,0,,,,,,,,,
1167210,2019,2019-08-15,Riverside Ground,1,4.1,Worcestershire,Durham,CJ Ferguson,MH Wessels,NJ Rimmington,0,0,,,,,,,,,
1167210,2019,2019-08-15,Riverside Ground,1,4.2,Worcestershire,Durham,CJ Ferguson,MH Wessels,NJ Rimmington,1,0,,,,,,,,,
1167210,2019,2019-08-15,Riverside Ground,1,4.3,Worcestershire,Durham,MH Wessels,CJ Ferguson,NJ Rimmington,0,0,,,,,,,,,
1167210,2019,2019-08-15,Riverside Ground,1,4.4,Worcestershire,Durham,MH Wessels,CJ Ferguson,NJ Rimmington,0,0,,,,,,,,,
1167210,2019,2019-08-15,Riverside Ground,1,4.5,Worcestershire,Durham,MH Wessels,CJ Ferguson,NJ Rimmington,1,0,,,,,,,,,
1167210,2019,2019-08-15,Riverside Ground,1,4.6,Worcestershire,Durham,CJ Ferguson,MH Wessels,NJ Rimmington,2,0,,,,,,,,,
1167210,2019,2019-08-15,Riverside Ground,1,5.1,Worcestershire,Durham,MH Wessels,CJ Ferguson,MJ Potts,4,0,,,,,,,,,
1167210,2019,2019-08-15,Riverside Ground,1,5.2,Worcestershire,Durham,MH Wessels,CJ Ferguson,MJ Potts,0,0,,,,,,caught,MH Wessels,,
1167210,2019,2019-08-15,Riverside Ground,1,5.3,Worcestershire,Durham,WD Parnell,CJ Ferguson,MJ Potts,0,0,,,,,,,,,
1167210,2019,2019-08-15,Riverside Ground,1,5.4,Worcestershire,Durham,WD Parnell,CJ Ferguson,MJ Potts,0,0,,,,,,,,,
1167210,2019,2019-08-15,Riverside Ground,1,5.5,Worcestershire,Durham,WD Parnell,CJ Ferguson,MJ Potts,0,0,,,,,,,,,
1167210,2019,2019-08-15,Riverside Ground,1,5.6,Worcestershire,Durham,WD Parnell,CJ Ferguson,MJ Potts,0,0,,,,,,,,,
1167210,2019,2019-08-15,Riverside Ground,1,6.1,Worcestershire,Durham,CJ Ferguson,WD Parnell,NJ Rimmington,0,0,,,,,,,,,
1167210,2019,2019-08-15,Riverside Ground,1,6.2,Worcestershire,Durham,CJ Ferguson,WD Parnell,NJ Rimmington,1,0,,,,,,,,,
1167210,2019,2019-08-15,Riverside Ground,1,6.3,Worcestershire,Durham,WD Parnell,CJ Ferguson,NJ Rimmington,2,0,,,,,,,,,
1167210,2019,2019-08-15,Riverside Ground,1,6.4,Worcestershire,Durham,WD Parnell,CJ Ferguson,NJ Rimmington,0,0,,,,,,,,,
1167210,2019,2019-08-15,Riverside Ground,1,6.5,Worcestershire,Durham,WD Parnell,CJ Ferguson,NJ Rimmington,1,0,,,,,,,,,
1167210,2019,2019-08-15,Riverside Ground,1,6.6,Worcestershire,Durham,CJ Ferguson,WD Parnell,NJ Rimmington,4,0,,,,,,,,,
1167210,2019,2019-08-15,Riverside Ground,1,7.1,Worcestershire,Durham,WD Parnell,CJ Ferguson,BA Carse,1,0,,,,,,,,,
1167210,2019,2019-08-15,Riverside Ground,1,7.2,Worcestershire,Durham,CJ Ferguson,WD Parnell,BA Carse,1,0,,,,,,,,,
1167210,2019,2019-08-15,Riverside Ground,1,7.3,Worcestershire,Durham,WD Parnell,CJ Ferguson,BA Carse,1,0,,,,,,,,,
1167210,2019,2019-08-15,Riverside Ground,1,7.4,Worcestershire,Durham,CJ Ferguson,WD Parnell,BA Carse,0,0,,,,,,,,,
1167210,2019,2019-08-15,Riverside Ground,1,7.5,Worcestershire,Durham,CJ Ferguson,WD Parnell,BA Carse,0,0,,,,,,,,,
1167210,2019,2019-08-15,Riverside Ground,1,7.6,Worcestershire,Durham,CJ Ferguson,WD Parnell,BA Carse,0,0,,,,,,bowled,CJ Ferguson,,
1167210,2019,2019-08-15,Riverside Ground,1,8.1,Worcestershire,Durham,WD Parnell,TC Fell,S Steel,1,0,,,,,,,,,
1167210,2019,2019-08-15,Riverside Ground,1,8.2,Worcestershire,Durham,TC Fell,WD Parnell,S Steel,2,0,,,,,,,,,
1167210,2019,2019-08-15,Riverside Ground,1,8.3,Worcestershire,Durham,TC Fell,WD Parnell,S Steel,0,0,,,,,,,,,
1167210,2019,2019-08-15,Riverside Ground,1,8.4,Worcestershire,Durham,TC Fell,WD Parnell,S Steel,0,0,,,,,,,,,
1167210,2019,2019-08-15,Riverside Ground,1,8.5,Worcestershire,Durham,TC Fell,WD Parnell,S Steel,1,0,,,,,,,,,
1167210,2019,2019-08-15,Riverside Ground,1,8.6,Worcestershire,Durham,WD Parnell,TC Fell,S Steel,1,0,,,,,,,,,
1167210,2019,2019-08-15,Riverside Ground,1,9.1,Worcestershire,Durham,WD Parnell,TC Fell,DJM Short,0,0,,,,,,,,,
1167210,2019,2019-08-15,Riverside Ground,1,9.2,Worcestershire,Durham,WD Parnell,TC Fell,DJM Short,1,0,,,,,,,,,
1167210,2019,2019-08-15,Riverside Ground,1,9.3,Worcestershire,Durham,TC Fell,WD Parnell,DJM Short,1,0,,,,,,,,,
1167210,2019,2019-08-15,Riverside Ground,1,9.4,Worcestershire,Durham,WD Parnell,TC Fell,DJM Short,1,0,,,,,,,,,
1167210,2019,2019-08-15,Riverside Ground,1,9.5,Worcestershire,Durham,TC Fell,WD Parnell,DJM Short,0,0,,,,,,,,,
1167210,2019,2019-08-15,Riverside Ground,1,9.6,Worcestershire,Durham,TC Fell,WD Parnell,DJM Short,3,0,,,,,,,,,
1167210,2019,2019-08-15,Riverside Ground,1,10.1,Worcestershire,Durham,TC Fell,WD Parnell,S Steel,1,0,,,,,,,,,
1167210,2019,2019-08-15,Riverside Ground,1,10.2,Worcestershire,Durham,WD Parnell,TC Fell,S Steel,0,0,,,,,,caught,WD Parnell,,
1167210,2019,2019-08-15,Riverside Ground,1,10.3,Worcestershire,Durham,TC Fell,OB Cox,S Steel,0,0,,,,,,,,,
1167210,2019,2019-08-15,Riverside Ground,1,10.4,Worcestershire,Durham,TC Fell,OB Cox,S Steel,1,0,,,,,,,,,
1167210,2019,2019-08-15,Riverside Ground,1,10.5,Worcestershire,Durham,OB Cox,TC Fell,S Steel,0,0,,,,,,,,,
1167210,2019,2019-08-15,Riverside Ground,1,10.6,Worcestershire,Durham,OB Cox,TC Fell,S Steel,1,0,,,,,,,,,
1167210,2019,2019-08-15,Riverside Ground,1,11.1,Worcestershire,Durham,OB Cox,TC Fell,DJM Short,1,0,,,,,,,,,
1167210,2019,2019-08-15,Riverside Ground,1,11.2,Worcestershire,Durham,TC Fell,OB Cox,DJM Short,0,0,,,,,,,,,
1167210,2019,2019-08-15,Riverside Ground,1,11.3,Worcestershire,Durham,TC Fell,OB Cox,DJM Short,0,0,,,,,,,,,
1167210,2019,2019-08-15,Riverside Ground,1,11.4,Worcestershire,Durham,TC Fell,OB Cox,DJM Short,1,0,,,,,,,,,
1167210,2019,2019-08-15,Riverside Ground,1,11.5,Worcestershire,Durham,OB Cox,TC Fell,DJM Short,1,0,,,,,,,,,
1167210,2019,2019-08-15,Riverside Ground,1,11.6,Worcestershire,Durham,TC Fell,OB Cox,DJM Short,2,0,,,,,,,,,
1167210,2019,2019-08-15,Riverside Ground,1,12.1,Worcestershire,Durham,OB Cox,TC Fell,L Trevaskis,1,0,,,,,,,,,
1167210,2019,2019-08-15,Riverside Ground,1,12.2,Worcestershire,Durham,TC Fell,OB Cox,L Trevaskis,0,0,,,,,,,,,
1167210,2019,2019-08-15,Riverside Ground,1,12.3,Worcestershire,Durham,TC Fell,OB Cox,L Trevaskis,1,0,,,,,,,,,
1167210,2019,2019-08-15,Riverside Ground,1,12.4,Worcestershire,Durham,OB Cox,TC Fell,L Trevaskis,1,0,,,,,,,,,
1167210,2019,2019-08-15,Riverside Ground,1,12.5,Worcestershire,Durham,TC Fell,OB Cox,L Trevaskis,1,0,,,,,,,,,
1167210,2019,2019-08-15,Riverside Ground,1,12.6,Worcestershire,Durham,OB Cox,TC Fell,L Trevaskis,2,0,,,,,,,,,
1167210,2019,2019-08-15,Riverside Ground,1,13.1,Worcestershire,Durham,TC Fell,OB Cox,DJM Short,1,0,,,,,,,,,
1167210,2019,2019-08-15,Riverside Ground,1,13.2,Worcestershire,Durham,OB Cox,TC Fell,DJM Short,1,0,,,,,,,,,
1167210,2019,2019-08-15,Riverside Ground,1,13.3,Worcestershire,Durham,TC Fell,OB Cox,DJM Short,6,0,,,,,,,,,
1167210,2019,2019-08-15,Riverside Ground,1,13.4,Worcestershire,Durham,TC Fell,OB Cox,DJM Short,2,0,,,,,,,,,
1167210,2019,2019-08-15,Riverside Ground,1,13.5,Worcestershire,Durham,TC Fell,OB Cox,DJM Short,0,0,,,,,,,,,
1167210,2019,2019-08-15,Riverside Ground,1,13.6,Worcestershire,Durham,TC Fell,OB Cox,DJM Short,1,0,,,,,,,,,
1167210,2019,2019-08-15,Riverside Ground,1,14.1,Worcestershire,Durham,TC Fell,OB Cox,L Trevaskis,4,0,,,,,,,,,
1167210,2019,2019-08-15,Riverside Ground,1,14.2,Worcestershire,Durham,TC Fell,OB Cox,L Trevaskis,0,0,,,,,,bowled,TC Fell,,
1167210,2019,2019-08-15,Riverside Ground,1,14.3,Worcestershire,Durham,RA Whiteley,OB Cox,L Trevaskis,2,0,,,,,,,,,
1167210,2019,2019-08-15,Riverside Ground,1,14.4,Worcestershire,Durham,RA Whiteley,OB Cox,L Trevaskis,0,0,,,,,,,,,
1167210,2019,2019-08-15,Riverside Ground,1,14.5,Worcestershire,Durham,RA Whiteley,OB Cox,L Trevaskis,1,0,,,,,,,,,
1167210,2019,2019-08-15,Riverside Ground,1,14.6,Worcestershire,Durham,OB Cox,RA Whiteley,L Trevaskis,1,0,,,,,,,,,
1167210,2019,2019-08-15,Riverside Ground,1,15.1,Worcestershire,Durham,OB Cox,RA Whiteley,BA Carse,2,0,,,,,,,,,
1167210,2019,2019-08-15,Riverside Ground,1,15.2,Worcestershire,Durham,OB Cox,RA Whiteley,BA Carse,1,0,,,,,,,,,
1167210,2019,2019-08-15,Riverside Ground,1,15.3,Worcestershire,Durham,RA Whiteley,OB Cox,BA Carse,1,0,,,,,,,,,
1167210,2019,2019-08-15,Riverside Ground,1,15.4,Worcestershire,Durham,OB Cox,RA Whiteley,BA Carse,0,0,,,,,,,,,
1167210,2019,2019-08-15,Riverside Ground,1,15.5,Worcestershire,Durham,OB Cox,RA Whiteley,BA Carse,0,1,1,,,,,,,,
1167210,2019,2019-08-15,Riverside Ground,1,15.6,Worcestershire,Durham,OB Cox,RA Whiteley,BA Carse,0,0,,,,,,,,,
1167210,2019,2019-08-15,Riverside Ground,1,15.7,Worcestershire,Durham,OB Cox,RA Whiteley,BA Carse,1,0,,,,,,,,,
1167210,2019,2019-08-15,Riverside Ground,1,16.1,Worcestershire,Durham,OB Cox,RA Whiteley,NJ Rimmington,1,0,,,,,,,,,
1167210,2019,2019-08-15,Riverside Ground,1,16.2,Worcestershire,Durham,RA Whiteley,OB Cox,NJ Rimmington,0,0,,,,,,,,,
1167210,2019,2019-08-15,Riverside Ground,1,16.3,Worcestershire,Durham,RA Whiteley,OB Cox,NJ Rimmington,1,0,,,,,,,,,
1167210,2019,2019-08-15,Riverside Ground,1,16.4,Worcestershire,Durham,OB Cox,RA Whiteley,NJ Rimmington,0,0,,,,,,,,,
1167210,2019,2019-08-15,Riverside Ground,1,16.5,Worcestershire,Durham,OB Cox,RA Whiteley,NJ Rimmington,1,0,,,,,,,,,
1167210,2019,2019-08-15,Riverside Ground,1,16.6,Worcestershire,Durham,RA Whiteley,OB Cox,NJ Rimmington,1,0,,,,,,,,,
1167210,2019,2019-08-15,Riverside Ground,1,17.1,Worcestershire,Durham,RA Whiteley,OB Cox,MJ Potts,1,0,,,,,,,,,
1167210,2019,2019-08-15,Riverside Ground,1,17.2,Worcestershire,Durham,OB Cox,RA Whiteley,MJ Potts,2,0,,,,,,,,,
1167210,2019,2019-08-15,Riverside Ground,1,17.3,Worcestershire,Durham,OB Cox,RA Whiteley,MJ Potts,0,0,,,,,,,,,
1167210,2019,2019-08-15,Riverside Ground,1,17.4,Worcestershire,Durham,OB Cox,RA Whiteley,MJ Potts,0,0,,,,,,caught,OB Cox,,
1167210,2019,2019-08-15,Riverside Ground,1,17.5,Worcestershire,Durham,RA Whiteley,EG Barnard,MJ Potts,4,0,,,,,,,,,
1167210,2019,2019-08-15,Riverside Ground,1,17.6,Worcestershire,Durham,RA Whiteley,EG Barnard,MJ Potts,1,0,,,,,,,,,
1167210,2019,2019-08-15,Riverside Ground,1,18.1,Worcestershire,Durham,RA Whiteley,EG Barnard,NJ Rimmington,0,0,,,,,,,,,
1167210,2019,2019-08-15,Riverside Ground,1,18.2,Worcestershire,Durham,RA Whiteley,EG Barnard,NJ Rimmington,4,0,,,,,,,,,
1167210,2019,2019-08-15,Riverside Ground,1,18.3,Worcestershire,Durham,RA Whiteley,EG Barnard,NJ Rimmington,0,0,,,,,,,,,
1167210,2019,2019-08-15,Riverside Ground,1,18.4,Worcestershire,Durham,RA Whiteley,EG Barnard,NJ Rimmington,1,0,,,,,,,,,
1167210,2019,2019-08-15,Riverside Ground,1,18.5,Worcestershire,Durham,EG Barnard,RA Whiteley,NJ Rimmington,1,0,,,,,,,,,
1167210,2019,2019-08-15,Riverside Ground,1,18.6,Worcestershire,Durham,RA Whiteley,EG Barnard,NJ Rimmington,0,0,,,,,,,,,
1167210,2019,2019-08-15,Riverside Ground,1,19.1,Worcestershire,Durham,EG Barnard,RA Whiteley,MJ Potts,0,0,,,,,,,,,
1167210,2019,2019-08-15,Riverside Ground,1,19.2,Worcestershire,Durham,EG Barnard,RA Whiteley,MJ Potts,0,0,,,,,,caught,EG Barnard,,
1167210,2019,2019-08-15,Riverside Ground,1,19.3,Worcestershire,Durham,RA Whiteley,DKH Mitchell,MJ Potts,2,0,,,,,,,,,
1167210,2019,2019-08-15,Riverside Ground,1,19.4,Worcestershire,Durham,RA Whiteley,DKH Mitchell,MJ Potts,0,2,,2,,,,,,,
1167210,2019,2019-08-15,Riverside Ground,1,19.5,Worcestershire,Durham,RA Whiteley,DKH Mitchell,MJ Potts,1,0,,,,,,,,,
1167210,2019,2019-08-15,Riverside Ground,1,19.6,Worcestershire,Durham,DKH Mitchell,RA Whiteley,MJ Potts,1,0,,,,,,,,,
1167210,2019,2019-08-15,Riverside Ground,1,19.7,Worcestershire,Durham,RA Whiteley,DKH Mitchell,MJ Potts,4,0,,,,,,,,,
1167210,2019,2019-08-15,Riverside Ground,2,0.1,Durham,Worcestershire,DJM Short,S Steel,DKH Mitchell,0,0,,,,,,,,,
1167210,2019,2019-08-15,Riverside Ground,2,0.2,Durham,Worcestershire,DJM Short,S Steel,DKH Mitchell,1,0,,,,,,,,,
1167210,2019,2019-08-15,Riverside Ground,2,0.3,Durham,Worcestershire,S Steel,DJM Short,DKH Mitchell,1,0,,,,,,,,,
1167210,2019,2019-08-15,Riverside Ground,2,0.4,Durham,Worcestershire,DJM Short,S Steel,DKH Mitchell,0,0,,,,,,,,,
1167210,2019,2019-08-15,Riverside Ground,2,0.5,Durham,Worcestershire,DJM Short,S Steel,DKH Mitchell,0,0,,,,,,,,,
1167210,2019,2019-08-15,Riverside Ground,2,0.6,Durham,Worcestershire,DJM Short,S Steel,DKH Mitchell,2,0,,,,,,,,,
1167210,2019,2019-08-15,Riverside Ground,2,1.1,Durham,Worcestershire,S Steel,DJM Short,WD Parnell,0,0,,,,,,,,,
1167210,2019,2019-08-15,Riverside Ground,2,1.2,Durham,Worcestershire,S Steel,DJM Short,WD Parnell,0,0,,,,,,,,,
1167210,2019,2019-08-15,Riverside Ground,2,1.3,Durham,Worcestershire,S Steel,DJM Short,WD Parnell,0,0,,,,,,,,,
1167210,2019,2019-08-15,Riverside Ground,2,1.4,Durham,Worcestershire,S Steel,DJM Short,WD Parnell,4,0,,,,,,,,,
1167210,2019,2019-08-15,Riverside Ground,2,1.5,Durham,Worcestershire,S Steel,DJM Short,WD Parnell,0,0,,,,,,,,,
1167210,2019,2019-08-15,Riverside Ground,2,1.6,Durham,Worcestershire,S Steel,DJM Short,WD Parnell,4,0,,,,,,,,,
1167210,2019,2019-08-15,Riverside Ground,2,2.1,Durham,Worcestershire,DJM Short,S Steel,DY Pennington,0,0,,,,,,,,,
1167210,2019,2019-08-15,Riverside Ground,2,2.2,Durham,Worcestershire,DJM Short,S Steel,DY Pennington,0,0,,,,,,,,,
1167210,2019,2019-08-15,Riverside Ground,2,2.3,Durham,Worcestershire,DJM Short,S Steel,DY Pennington,0,0,,,,,,,,,
1167210,2019,2019-08-15,Riverside Ground,2,2.4,Durham,Worcestershire,DJM Short,S Steel,DY Pennington,4,0,,,,,,,,,
1167210,2019,2019-08-15,Riverside Ground,2,2.5,Durham,Worcestershire,DJM Short,S Steel,DY Pennington,1,0,,,,,,,,,
1167210,2019,2019-08-15,Riverside Ground,2,2.6,Durham,Worcestershire,S Steel,DJM Short,DY Pennington,0,0,,,,,,,,,
1167210,2019,2019-08-15,Riverside Ground,2,3.1,Durham,Worcestershire,DJM Short,S Steel,PR Brown,0,0,,,,,,,,,
1167210,2019,2019-08-15,Riverside Ground,2,3.2,Durham,Worcestershire,DJM Short,S Steel,PR Brown,0,0,,,,,,,,,
1167210,2019,2019-08-15,Riverside Ground,2,3.3,Durham,Worcestershire,DJM Short,S Steel,PR Brown,4,0,,,,,,,,,
1167210,2019,2019-08-15,Riverside Ground,2,3.4,Durham,Worcestershire,DJM Short,S Steel,PR Brown,1,0,,,,,,,,,
1167210,2019,2019-08-15,Riverside Ground,2,3.5,Durham,Worcestershire,S Steel,DJM Short,PR Brown,2,0,,,,,,,,,
1167210,2019,2019-08-15,Riverside Ground,2,3.6,Durham,Worcestershire,S Steel,DJM Short,PR Brown,0,0,,,,,,,,,
1167210,2019,2019-08-15,Riverside Ground,2,4.1,Durham,Worcestershire,DJM Short,S Steel,DY Pennington,0,0,,,,,,,,,
1167210,2019,2019-08-15,Riverside Ground,2,4.2,Durham,Worcestershire,DJM Short,S Steel,DY Pennington,4,0,,,,,,,,,
1167210,2019,2019-08-15,Riverside Ground,2,4.3,Durham,Worcestershire,DJM Short,S Steel,DY Pennington,1,0,,,,,,,,,
1167210,2019,2019-08-15,Riverside Ground,2,4.4,Durham,Worcestershire,S Steel,DJM Short,DY Pennington,0,0,,,,,,,,,
1167210,2019,2019-08-15,Riverside Ground,2,4.5,Durham,Worcestershire,S Steel,DJM Short,DY Pennington,0,0,,,,,,,,,
1167210,2019,2019-08-15,Riverside Ground,2,4.6,Durham,Worcestershire,S Steel,DJM Short,DY Pennington,6,0,,,,,,,,,
1167210,2019,2019-08-15,Riverside Ground,2,5.1,Durham,Worcestershire,DJM Short,S Steel,WD Parnell,0,2,,,,2,,,,,
1167210,2019,2019-08-15,Riverside Ground,2,5.2,Durham,Worcestershire,DJM Short,S Steel,WD Parnell,1,0,,,,,,,,,
1167210,2019,2019-08-15,Riverside Ground,2,5.3,Durham,Worcestershire,S Steel,DJM Short,WD Parnell,0,0,,,,,,,,,
1167210,2019,2019-08-15,Riverside Ground,2,5.4,Durham,Worcestershire,S Steel,DJM Short,WD Parnell,0,0,,,,,,,,,
1167210,2019,2019-08-15,Riverside Ground,2,5.5,Durham,Worcestershire,S Steel,DJM Short,WD Parnell,0,0,,,,,,,,,
1167210,2019,2019-08-15,Riverside Ground,2,5.6,Durham,Worcestershire,S Steel,DJM Short,WD Parnell,0,0,,,,,,,,,
1167210,2019,2019-08-15,Riverside Ground,2,6.1,Durham,Worcestershire,DJM Short,S Steel,EG Barnard,2,0,,,,,,,,,
1167210,2019,2019-08-15,Riverside Ground,2,6.2,Durham,Worcestershire,DJM Short,S Steel,EG Barnard,0,2,2,,,,,,,,
1167210,2019,2019-08-15,Riverside Ground,2,6.3,Durham,Worcestershire,S Steel,DJM Short,EG Barnard,0,1,,,,1,,,,,
1167210,2019,2019-08-15,Riverside Ground,2,6.4,Durham,Worcestershire,DJM Short,S Steel,EG Barnard,0,0,,,,,,,,,
1167210,2019,2019-08-15,Riverside Ground,2,6.5,Durham,Worcestershire,DJM Short,S Steel,EG Barnard,0,0,,,,,,,,,
1167210,2019,2019-08-15,Riverside Ground,2,6.6,Durham,Worcestershire,DJM Short,S Steel,EG Barnard,1,0,,,,,,,,,
1167210,2019,2019-08-15,Riverside Ground,2,6.7,Durham,Worcestershire,S Steel,DJM Short,EG Barnard,1,0,,,,,,,,,
1167210,2019,2019-08-15,Riverside Ground,2,7.1,Durham,Worcestershire,S Steel,DJM Short,PR Brown,1,0,,,,,,,,,
1167210,2019,2019-08-15,Riverside Ground,2,7.2,Durham,Worcestershire,DJM Short,S Steel,PR Brown,4,0,,,,,,,,,
1167210,2019,2019-08-15,Riverside Ground,2,7.3,Durham,Worcestershire,DJM Short,S Steel,PR Brown,1,0,,,,,,,,,
1167210,2019,2019-08-15,Riverside Ground,2,7.4,Durham,Worcestershire,S Steel,DJM Short,PR Brown,1,0,,,,,,,,,
1167210,2019,2019-08-15,Riverside Ground,2,7.5,Durham,Worcestershire,DJM Short,S Steel,PR Brown,0,1,,,,1,,,,,
1167210,2019,2019-08-15,Riverside Ground,2,7.6,Durham,Worcestershire,S Steel,DJM Short,PR Brown,1,0,,,,,,,,,
1167210,2019,2019-08-15,Riverside Ground,2,8.1,Durham,Worcestershire,S Steel,DJM Short,DKH Mitchell,1,0,,,,,,,,,
1167210,2019,2019-08-15,Riverside Ground,2,8.2,Durham,Worcestershire,DJM Short,S Steel,DKH Mitchell,1,0,,,,,,,,,
1167210,2019,2019-08-15,Riverside Ground,2,8.3,Durham,Worcestershire,S Steel,DJM Short,DKH Mitchell,1,0,,,,,,,,,
1167210,2019,2019-08-15,Riverside Ground,2,8.4,Durham,Worcestershire,DJM Short,S Steel,DKH Mitchell,1,0,,,,,,,,,
1167210,2019,2019-08-15,Riverside Ground,2,8.5,Durham,Worcestershire,S Steel,DJM Short,DKH Mitchell,1,0,,,,,,,,,
1167210,2019,2019-08-15,Riverside Ground,2,8.6,Durham,Worcestershire,DJM Short,S Steel,DKH Mitchell,0,0,,,,,,,,,
1167210,2019,2019-08-15,Riverside Ground,2,9.1,Durham,Worcestershire,S Steel,DJM Short,MJ Guptill,2,0,,,,,,,,,
1167210,2019,2019-08-15,Riverside Ground,2,9.2,Durham,Worcestershire,S Steel,DJM Short,MJ Guptill,1,0,,,,,,,,,
1167210,2019,2019-08-15,Riverside Ground,2,9.3,Durham,Worcestershire,DJM Short,S Steel,MJ Guptill,1,0,,,,,,,,,
1167210,2019,2019-08-15,Riverside Ground,2,9.4,Durham,Worcestershire,S Steel,DJM Short,MJ Guptill,1,0,,,,,,,,,
1167210,2019,2019-08-15,Riverside Ground,2,9.5,Durham,Worcestershire,DJM Short,S Steel,MJ Guptill,1,0,,,,,,,,,
1167210,2019,2019-08-15,Riverside Ground,2,9.6,Durham,Worcestershire,S Steel,DJM Short,MJ Guptill,1,0,,,,,,,,,
1167210,2019,2019-08-15,Riverside Ground,2,10.1,Durham,Worcestershire,S Steel,DJM Short,DKH Mitchell,1,0,,,,,,,,,
1167210,2019,2019-08-15,Riverside Ground,2,10.2,Durham,Worcestershire,DJM Short,S Steel,DKH Mitchell,1,0,,,,,,,,,
1167210,2019,2019-08-15,Riverside Ground,2,10.3,Durham,Worcestershire,S Steel,DJM Short,DKH Mitchell,1,0,,,,,,,,,
1167210,2019,2019-08-15,Riverside Ground,2,10.4,Durham,Worcestershire,DJM Short,S Steel,DKH Mitchell,2,0,,,,,,,,,
1167210,2019,2019-08-15,Riverside Ground,2,10.5,Durham,Worcestershire,DJM Short,S Steel,DKH Mitchell,0,0,,,,,,,,,
1167210,2019,2019-08-15,Riverside Ground,2,10.6,Durham,Worcestershire,DJM Short,S Steel,DKH Mitchell,1,0,,,,,,,,,
1167210,2019,2019-08-15,Riverside Ground,2,11.1,Durham,Worcestershire,DJM Short,S Steel,EG Barnard,6,0,,,,,,,,,
1167210,2019,2019-08-15,Riverside Ground,2,11.2,Durham,Worcestershire,DJM Short,S Steel,EG Barnard,1,0,,,,,,,,,
1167210,2019,2019-08-15,Riverside Ground,2,11.3,Durham,Worcestershire,S Steel,DJM Short,EG Barnard,0,0,,,,,,,,,
1167210,2019,2019-08-15,Riverside Ground,2,11.4,Durham,Worcestershire,S Steel,DJM Short,EG Barnard,0,0,,,,,,bowled,S Steel,,
1167210,2019,2019-08-15,Riverside Ground,2,11.5,Durham,Worcestershire,G Clark,DJM Short,EG Barnard,1,0,,,,,,,,,
1167210,2019,2019-08-15,Riverside Ground,2,11.6,Durham,Worcestershire,DJM Short,G Clark,EG Barnard,0,0,,,,,,,,,
1167210,2019,2019-08-15,Riverside Ground,2,12.1,Durham,Worcestershire,G Clark,DJM Short,DKH Mitchell,0,0,,,,,,,,,
1167210,2019,2019-08-15,Riverside Ground,2,12.2,Durham,Worcestershire,G Clark,DJM Short,DKH Mitchell,0,0,,,,,,caught,G Clark,,
1167210,2019,2019-08-15,Riverside Ground,2,12.3,Durham,Worcestershire,DJM Short,PSP Handscomb,DKH Mitchell,0,0,,,,,,,,,
1167210,2019,2019-08-15,Riverside Ground,2,12.4,Durham,Worcestershire,DJM Short,PSP Handscomb,DKH Mitchell,0,0,,,,,,caught,DJM Short,,
1167210,2019,2019-08-15,Riverside Ground,2,12.5,Durham,Worcestershire,PSP Handscomb,AZ Lees,DKH Mitchell,1,0,,,,,,,,,
1167210,2019,2019-08-15,Riverside Ground,2,12.6,Durham,Worcestershire,AZ Lees,PSP Handscomb,DKH Mitchell,1,0,,,,,,,,,
1167210,2019,2019-08-15,Riverside Ground,2,13.1,Durham,Worcestershire,AZ Lees,PSP Handscomb,WD Parnell,0,0,,,,,,,,,
1167210,2019,2019-08-15,Riverside Ground,2,13.2,Durham,Worcestershire,AZ Lees,PSP Handscomb,WD Parnell,1,0,,,,,,,,,
1167210,2019,2019-08-15,Riverside Ground,2,13.3,Durham,Worcestershire,PSP Handscomb,AZ Lees,WD Parnell,1,0,,,,,,,,,
1167210,2019,2019-08-15,Riverside Ground,2,13.4,Durham,Worcestershire,AZ Lees,PSP Handscomb,WD Parnell,1,0,,,,,,,,,
1167210,2019,2019-08-15,Riverside Ground,2,13.5,Durham,Worcestershire,PSP Handscomb,AZ Lees,WD Parnell,0,0,,,,,,,,,
1167210,2019,2019-08-15,Riverside Ground,2,13.6,Durham,Worcestershire,PSP Handscomb,AZ Lees,WD Parnell,1,0,,,,,,,,,
1167210,2019,2019-08-15,Riverside Ground,2,14.1,Durham,Worcestershire,PSP Handscomb,AZ Lees,EG Barnard,1,0,,,,,,,,,
1167210,2019,2019-08-15,Riverside Ground,2,14.2,Durham,Worcestershire,AZ Lees,PSP Handscomb,EG Barnard,1,0,,,,,,,,,
1167210,2019,2019-08-15,Riverside Ground,2,14.3,Durham,Worcestershire,PSP Handscomb,AZ Lees,EG Barnard,1,0,,,,,,,,,
1167210,2019,2019-08-15,Riverside Ground,2,14.4,Durham,Worcestershire,AZ Lees,PSP Handscomb,EG Barnard,2,0,,,,,,,,,
1167210,2019,2019-08-15,Riverside Ground,2,14.5,Durham,Worcestershire,AZ Lees,PSP Handscomb,EG Barnard,1,0,,,,,,,,,
1167210,2019,2019-08-15,Riverside Ground,2,14.6,Durham,Worcestershire,PSP Handscomb,AZ Lees,EG Barnard,1,0,,,,,,,,,
1167210,2019,2019-08-15,Riverside Ground,2,15.1,Durham,Worcestershire,PSP Handscomb,AZ Lees,PR Brown,0,0,,,,,,,,,
1167210,2019,2019-08-15,Riverside Ground,2,15.2,Durham,Worcestershire,PSP Handscomb,AZ Lees,PR Brown,0,0,,,,,,,,,
1167210,2019,2019-08-15,Riverside Ground,2,15.3,Durham,Worcestershire,PSP Handscomb,AZ Lees,PR Brown,0,0,,,,,,caught,PSP Handscomb,,
1167210,2019,2019-08-15,Riverside Ground,2,15.4,Durham,Worcestershire,AZ Lees,JTA Burnham,PR Brown,3,0,,,,,,,,,
1167210,2019,2019-08-15,Riverside Ground,2,15.5,Durham,Worcestershire,JTA Burnham,AZ Lees,PR Brown,0,0,,,,,,,,,
1167210,2019,2019-08-15,Riverside Ground,2,15.6,Durham,Worcestershire,JTA Burnham,AZ Lees,PR Brown,0,0,,,,,,,,,
1167210,2019,2019-08-15,Riverside Ground,2,16.1,Durham,Worcestershire,AZ Lees,JTA Burnham,EG Barnard,0,0,,,,,,,,,
1167210,2019,2019-08-15,Riverside Ground,2,16.2,Durham,Worcestershire,AZ Lees,JTA Burnham,EG Barnard,1,0,,,,,,,,,
1167210,2019,2019-08-15,Riverside Ground,2,16.3,Durham,Worcestershire,JTA Burnham,AZ Lees,EG Barnard,0,0,,,,,,,,,
1167210,2019,2019-08-15,Riverside Ground,2,16.4,Durham,Worcestershire,JTA Burnham,AZ Lees,EG Barnard,1,0,,,,,,,,,
1167210,2019,2019-08-15,Riverside Ground,2,16.5,Durham,Worcestershire,AZ Lees,JTA Burnham,EG Barnard,1,0,,,,,,,,,
1167210,2019,2019-08-15,Riverside Ground,2,16.6,Durham,Worcestershire,JTA Burnham,AZ Lees,EG Barnard,0,0,,,,,,,,,
1167210,2019,2019-08-15,Riverside Ground,2,17.1,Durham,Worcestershire,AZ Lees,JTA Burnham,WD Parnell,1,0,,,,,,,,,
1167210,2019,2019-08-15,Riverside Ground,2,17.2,Durham,Worcestershire,JTA Burnham,AZ Lees,WD Parnell,0,0,,,,,,caught,JTA Burnham,,
1167210,2019,2019-08-15,Riverside Ground,2,17.3,Durham,Worcestershire,AZ Lees,SW Poynter,WD Parnell,0,0,,,,,,,,,
1167210,2019,2019-08-15,Riverside Ground,2,17.4,Durham,Worcestershire,AZ Lees,SW Poynter,WD Parnell,0,0,,,,,,,,,
1167210,2019,2019-08-15,Riverside Ground,2,17.5,Durham,Worcestershire,AZ Lees,SW Poynter,WD Parnell,0,0,,,,,,,,,
1167210,2019,2019-08-15,Riverside Ground,2,17.6,Durham,Worcestershire,AZ Lees,SW Poynter,WD Parnell,0,1,1,,,,,,,,
1167210,2019,2019-08-15,Riverside Ground,2,17.7,Durham,Worcestershire,AZ Lees,SW Poynter,WD Parnell,1,0,,,,,,,,,
1167210,2019,2019-08-15,Riverside Ground,2,18.1,Durham,Worcestershire,AZ Lees,SW Poynter,DY Pennington,2,0,,,,,,,,,
1167210,2019,2019-08-15,Riverside Ground,2,18.2,Durham,Worcestershire,AZ Lees,SW Poynter,DY Pennington,0,0,,,,,,,,,
1167210,2019,2019-08-15,Riverside Ground,2,18.3,Durham,Worcestershire,AZ Lees,SW Poynter,DY Pennington,1,0,,,,,,,,,
1167210,2019,2019-08-15,Riverside Ground,2,18.4,Durham,Worcestershire,SW Poynter,AZ Lees,DY Pennington,2,0,,,,,,,,,
1167210,2019,2019-08-15,Riverside Ground,2,18.5,Durham,Worcestershire,SW Poynter,AZ Lees,DY Pennington,0,0,,,,,,,,,
1167210,2019,2019-08-15,Riverside Ground,2,18.6,Durham,Worcestershire,SW Poynter,AZ Lees,DY Pennington,2,0,,,,,,,,,
1167210,2019,2019-08-15,Riverside Ground,2,19.1,Durham,Worcestershire,AZ Lees,SW Poynter,PR Brown,1,0,,,,,,,,,
1167210,2019,2019-08-15,Riverside Ground,2,19.2,Durham,Worcestershire,SW Poynter,AZ Lees,PR Brown,0,1,,,,1,,,,,
1167210,2019,2019-08-15,Riverside Ground,2,19.3,Durham,Worcestershire,AZ Lees,SW Poynter,PR Brown,0,1,,,,1,,,,,
1167210,2019,2019-08-15,Riverside Ground,2,19.4,Durham,Worcestershire,SW Poynter,AZ Lees,PR Brown,0,0,,,,,,caught,SW Poynter,,
1167210,2019,2019-08-15,Riverside Ground,2,19.5,Durham,Worcestershire,AZ Lees,L Trevaskis,PR Brown,1,0,,,,,,,,,
1167210,2019,2019-08-15,Riverside Ground,2,19.6,Durham,Worcestershire,L Trevaskis,AZ Lees,PR Brown,1,0,,,,,,,,,
