match_id,season,start_date,venue,innings,ball,batting_team,bowling_team,striker,non_striker,bowler,runs_off_bat,extras,wides,noballs,byes,legbyes,penalty,wicket_type,player_dismissed,other_wicket_type,other_player_dismissed
1167175,2019,2019-08-02,Riverside Ground,1,0.1,Durham,Lancashire,S Steel,DJM Short,SJ Croft,4,0,,,,,,,,,
1167175,2019,2019-08-02,Riverside Ground,1,0.2,Durham,Lancashire,S Steel,DJM Short,SJ Croft,1,0,,,,,,,,,
1167175,2019,2019-08-02,Riverside Ground,1,0.3,Durham,Lancashire,DJM Short,S Steel,SJ Croft,0,0,,,,,,,,,
1167175,2019,2019-08-02,Riverside Ground,1,0.4,Durham,Lancashire,DJM Short,S Steel,SJ Croft,1,0,,,,,,,,,
1167175,2019,2019-08-02,Riverside Ground,1,0.5,Durham,Lancashire,S Steel,DJM Short,SJ Croft,1,0,,,,,,,,,
1167175,2019,2019-08-02,Riverside Ground,1,0.6,Durham,Lancashire,DJM Short,S Steel,SJ Croft,2,0,,,,,,,,,
1167175,2019,2019-08-02,Riverside Ground,1,1.1,Durham,Lancashire,S Steel,DJM Short,S Mahmood,0,0,,,,,,,,,
1167175,2019,2019-08-02,Riverside Ground,1,1.2,Durham,Lancashire,S Steel,DJM Short,S Mahmood,0,0,,,,,,,,,
1167175,2019,2019-08-02,Riverside Ground,1,1.3,Durham,Lancashire,S Steel,DJM Short,S Mahmood,0,0,,,,,,caught,S Steel,,
1167175,2019,2019-08-02,Riverside Ground,1,1.4,Durham,Lancashire,G Clark,DJM Short,S Mahmood,4,0,,,,,,,,,
1167175,2019,2019-08-02,Riverside Ground,1,1.5,Durham,Lancashire,G Clark,DJM Short,S Mahmood,2,0,,,,,,,,,
1167175,2019,2019-08-02,Riverside Ground,1,1.6,Durham,Lancashire,G Clark,DJM Short,S Mahmood,0,0,,,,,,,,,
1167175,2019,2019-08-02,Riverside Ground,1,2.1,Durham,Lancashire,DJM Short,G Clark,RJ Gleeson,0,0,,,,,,,,,
1167175,2019,2019-08-02,Riverside Ground,1,2.2,Durham,Lancashire,DJM Short,G Clark,RJ Gleeson,4,0,,,,,,,,,
1167175,2019,2019-08-02,Riverside Ground,1,2.3,Durham,Lancashire,DJM Short,G Clark,RJ Gleeson,0,1,,,,1,,,,,
1167175,2019,2019-08-02,Riverside Ground,1,2.4,Durham,Lancashire,G Clark,DJM Short,RJ Gleeson,1,0,,,,,,,,,
1167175,2019,2019-08-02,Riverside Ground,1,2.5,Durham,Lancashire,DJM Short,G Clark,RJ Gleeson,1,0,,,,,,,,,
1167175,2019,2019-08-02,Riverside Ground,1,2.6,Durham,Lancashire,G Clark,DJM Short,RJ Gleeson,0,0,,,,,,,,,
1167175,2019,2019-08-02,Riverside Ground,1,3.1,Durham,Lancashire,DJM Short,G Clark,JP Faulkner,4,0,,,,,,,,,
1167175,2019,2019-08-02,Riverside Ground,1,3.2,Durham,Lancashire,DJM Short,G Clark,JP Faulkner,0,0,,,,,,,,,
1167175,2019,2019-08-02,Riverside Ground,1,3.3,Durham,Lancashire,DJM Short,G Clark,JP Faulkner,1,0,,,,,,,,,
1167175,2019,2019-08-02,Riverside Ground,1,3.4,Durham,Lancashire,G Clark,DJM Short,JP Faulkner,0,0,,,,,,,,,
1167175,2019,2019-08-02,Riverside Ground,1,3.5,Durham,Lancashire,G Clark,DJM Short,JP Faulkner,1,0,,,,,,,,,
1167175,2019,2019-08-02,Riverside Ground,1,3.6,Durham,Lancashire,DJM Short,G Clark,JP Faulkner,1,0,,,,,,,,,
1167175,2019,2019-08-02,Riverside Ground,1,4.1,Durham,Lancashire,DJM Short,G Clark,S Mahmood,1,0,,,,,,,,,
1167175,2019,2019-08-02,Riverside Ground,1,4.2,Durham,Lancashire,G Clark,DJM Short,S Mahmood,4,0,,,,,,,,,
1167175,2019,2019-08-02,Riverside Ground,1,4.3,Durham,Lancashire,G Clark,DJM Short,S Mahmood,0,0,,,,,,,,,
1167175,2019,2019-08-02,Riverside Ground,1,4.4,Durham,Lancashire,G Clark,DJM Short,S Mahmood,1,0,,,,,,,,,
1167175,2019,2019-08-02,Riverside Ground,1,4.5,Durham,Lancashire,DJM Short,G Clark,S Mahmood,1,0,,,,,,,,,
1167175,2019,2019-08-02,Riverside Ground,1,4.6,Durham,Lancashire,G Clark,DJM Short,S Mahmood,4,0,,,,,,,,,
1167175,2019,2019-08-02,Riverside Ground,1,5.1,Durham,Lancashire,DJM Short,G Clark,RJ Gleeson,0,0,,,,,,,,,
1167175,2019,2019-08-02,Riverside Ground,1,5.2,Durham,Lancashire,DJM Short,G Clark,RJ Gleeson,4,0,,,,,,,,,
1167175,2019,2019-08-02,Riverside Ground,1,5.3,Durham,Lancashire,DJM Short,G Clark,RJ Gleeson,4,0,,,,,,,,,
1167175,2019,2019-08-02,Riverside Ground,1,5.4,Durham,Lancashire,DJM Short,G Clark,RJ Gleeson,0,0,,,,,,caught,DJM Short,,
1167175,2019,2019-08-02,Riverside Ground,1,5.5,Durham,Lancashire,G Clark,BA Raine,RJ Gleeson,0,0,,,,,,,,,
1167175,2019,2019-08-02,Riverside Ground,1,5.6,Durham,Lancashire,G Clark,BA Raine,RJ Gleeson,0,0,,,,,,,,,
1167175,2019,2019-08-02,Riverside Ground,1,6.1,Durham,Lancashire,BA Raine,G Clark,LS Livingstone,0,0,,,,,,,,,
1167175,2019,2019-08-02,Riverside Ground,1,6.2,Durham,Lancashire,BA Raine,G Clark,LS Livingstone,1,0,,,,,,,,,
1167175,2019,2019-08-02,Riverside Ground,1,6.3,Durham,Lancashire,G Clark,BA Raine,LS Livingstone,1,0,,,,,,,,,
1167175,2019,2019-08-02,Riverside Ground,1,6.4,Durham,Lancashire,BA Raine,G Clark,LS Livingstone,1,0,,,,,,,,,
1167175,2019,2019-08-02,Riverside Ground,1,6.5,Durham,Lancashire,G Clark,BA Raine,LS Livingstone,6,0,,,,,,,,,
1167175,2019,2019-08-02,Riverside Ground,1,6.6,Durham,Lancashire,G Clark,BA Raine,LS Livingstone,1,0,,,,,,,,,
1167175,2019,2019-08-02,Riverside Ground,1,7.1,Durham,Lancashire,G Clark,BA Raine,GJ Maxwell,1,0,,,,,,,,,
1167175,2019,2019-08-02,Riverside Ground,1,7.2,Durham,Lancashire,BA Raine,G Clark,GJ Maxwell,1,0,,,,,,,,,
1167175,2019,2019-08-02,Riverside Ground,1,7.3,Durham,Lancashire,G Clark,BA Raine,GJ Maxwell,1,0,,,,,,,,,
1167175,2019,2019-08-02,Riverside Ground,1,7.4,Durham,Lancashire,BA Raine,G Clark,GJ Maxwell,1,0,,,,,,,,,
1167175,2019,2019-08-02,Riverside Ground,1,7.5,Durham,Lancashire,G Clark,BA Raine,GJ Maxwell,0,0,,,,,,,,,
1167175,2019,2019-08-02,Riverside Ground,1,7.6,Durham,Lancashire,G Clark,BA Raine,GJ Maxwell,2,0,,,,,,,,,
1167175,2019,2019-08-02,Riverside Ground,1,8.1,Durham,Lancashire,BA Raine,G Clark,MW Parkinson,4,0,,,,,,,,,
1167175,2019,2019-08-02,Riverside Ground,1,8.2,Durham,Lancashire,BA Raine,G Clark,MW Parkinson,0,0,,,,,,lbw,BA Raine,,
1167175,2019,2019-08-02,Riverside Ground,1,8.3,Durham,Lancashire,AZ Lees,G Clark,MW Parkinson,1,0,,,,,,,,,
1167175,2019,2019-08-02,Riverside Ground,1,8.4,Durham,Lancashire,G Clark,AZ Lees,MW Parkinson,1,0,,,,,,,,,
1167175,2019,2019-08-02,Riverside Ground,1,8.5,Durham,Lancashire,AZ Lees,G Clark,MW Parkinson,1,0,,,,,,,,,
1167175,2019,2019-08-02,Riverside Ground,1,8.6,Durham,Lancashire,G Clark,AZ Lees,MW Parkinson,0,0,,,,,,bowled,G Clark,,
1167175,2019,2019-08-02,Riverside Ground,1,9.1,Durham,Lancashire,AZ Lees,PSP Handscomb,GJ Maxwell,1,0,,,,,,,,,
1167175,2019,2019-08-02,Riverside Ground,1,9.2,Durham,Lancashire,PSP Handscomb,AZ Lees,GJ Maxwell,1,0,,,,,,,,,
1167175,2019,2019-08-02,Riverside Ground,1,9.3,Durham,Lancashire,AZ Lees,PSP Handscomb,GJ Maxwell,1,0,,,,,,,,,
1167175,2019,2019-08-02,Riverside Ground,1,9.4,Durham,Lancashire,PSP Handscomb,AZ Lees,GJ Maxwell,1,0,,,,,,,,,
1167175,2019,2019-08-02,Riverside Ground,1,9.5,Durham,Lancashire,AZ Lees,PSP Handscomb,GJ Maxwell,0,0,,,,,,,,,
1167175,2019,2019-08-02,Riverside Ground,1,9.6,Durham,Lancashire,AZ Lees,PSP Handscomb,GJ Maxwell,2,0,,,,,,,,,
1167175,2019,2019-08-02,Riverside Ground,1,10.1,Durham,Lancashire,PSP Handscomb,AZ Lees,MW Parkinson,1,0,,,,,,,,,
1167175,2019,2019-08-02,Riverside Ground,1,10.2,Durham,Lancashire,AZ Lees,PSP Handscomb,MW Parkinson,1,0,,,,,,,,,
1167175,2019,2019-08-02,Riverside Ground,1,10.3,Durham,Lancashire,PSP Handscomb,AZ Lees,MW Parkinson,1,0,,,,,,,,,
1167175,2019,2019-08-02,Riverside Ground,1,10.4,Durham,Lancashire,AZ Lees,PSP Handscomb,MW Parkinson,4,0,,,,,,,,,
1167175,2019,2019-08-02,Riverside Ground,1,10.5,Durham,Lancashire,AZ Lees,PSP Handscomb,MW Parkinson,1,0,,,,,,,,,
1167175,2019,2019-08-02,Riverside Ground,1,10.6,Durham,Lancashire,PSP Handscomb,AZ Lees,MW Parkinson,2,0,,,,,,,,,
1167175,2019,2019-08-02,Riverside Ground,1,11.1,Durham,Lancashire,AZ Lees,PSP Handscomb,GJ Maxwell,1,0,,,,,,,,,
1167175,2019,2019-08-02,Riverside Ground,1,11.2,Durham,Lancashire,PSP Handscomb,AZ Lees,GJ Maxwell,1,0,,,,,,,,,
1167175,2019,2019-08-02,Riverside Ground,1,11.3,Durham,Lancashire,AZ Lees,PSP Handscomb,GJ Maxwell,0,0,,,,,,,,,
1167175,2019,2019-08-02,Riverside Ground,1,11.4,Durham,Lancashire,AZ Lees,PSP Handscomb,GJ Maxwell,0,0,,,,,,,,,
1167175,2019,2019-08-02,Riverside Ground,1,11.5,Durham,Lancashire,AZ Lees,PSP Handscomb,GJ Maxwell,0,0,,,,,,,,,
1167175,2019,2019-08-02,Riverside Ground,1,11.6,Durham,Lancashire,AZ Lees,PSP Handscomb,GJ Maxwell,1,0,,,,,,,,,
1167175,2019,2019-08-02,Riverside Ground,1,12.1,Durham,Lancashire,AZ Lees,PSP Handscomb,JP Faulkner,1,0,,,,,,,,,
1167175,2019,2019-08-02,Riverside Ground,1,12.2,Durham,Lancashire,PSP Handscomb,AZ Lees,JP Faulkner,1,0,,,,,,,,,
1167175,2019,2019-08-02,Riverside Ground,1,12.3,Durham,Lancashire,AZ Lees,PSP Handscomb,JP Faulkner,0,0,,,,,,,,,
1167175,2019,2019-08-02,Riverside Ground,1,12.4,Durham,Lancashire,AZ Lees,PSP Handscomb,JP Faulkner,4,0,,,,,,,,,
1167175,2019,2019-08-02,Riverside Ground,1,12.5,Durham,Lancashire,AZ Lees,PSP Handscomb,JP Faulkner,0,0,,,,,,,,,
1167175,2019,2019-08-02,Riverside Ground,1,12.6,Durham,Lancashire,AZ Lees,PSP Handscomb,JP Faulkner,1,0,,,,,,,,,
1167175,2019,2019-08-02,Riverside Ground,1,13.1,Durham,Lancashire,AZ Lees,PSP Handscomb,RJ Gleeson,0,1,1,,,,,,,,
1167175,2019,2019-08-02,Riverside Ground,1,13.2,Durham,Lancashire,AZ Lees,PSP Handscomb,RJ Gleeson,1,0,,,,,,,,,
1167175,2019,2019-08-02,Riverside Ground,1,13.3,Durham,Lancashire,PSP Handscomb,AZ Lees,RJ Gleeson,1,0,,,,,,,,,
1167175,2019,2019-08-02,Riverside Ground,1,13.4,Durham,Lancashire,AZ Lees,PSP Handscomb,RJ Gleeson,1,0,,,,,,,,,
1167175,2019,2019-08-02,Riverside Ground,1,13.5,Durham,Lancashire,PSP Handscomb,AZ Lees,RJ Gleeson,0,0,,,,,,,,,
1167175,2019,2019-08-02,Riverside Ground,1,13.6,Durham,Lancashire,PSP Handscomb,AZ Lees,RJ Gleeson,2,0,,,,,,,,,
1167175,2019,2019-08-02,Riverside Ground,1,13.7,Durham,Lancashire,PSP Handscomb,AZ Lees,RJ Gleeson,0,0,,,,,,caught,PSP Handscomb,,
1167175,2019,2019-08-02,Riverside Ground,1,14.1,Durham,Lancashire,AZ Lees,SW Poynter,LS Livingstone,0,0,,,,,,,,,
1167175,2019,2019-08-02,Riverside Ground,1,14.2,Durham,Lancashire,AZ Lees,SW Poynter,LS Livingstone,1,0,,,,,,,,,
1167175,2019,2019-08-02,Riverside Ground,1,14.3,Durham,Lancashire,SW Poynter,AZ Lees,LS Livingstone,1,0,,,,,,,,,
1167175,2019,2019-08-02,Riverside Ground,1,14.4,Durham,Lancashire,AZ Lees,SW Poynter,LS Livingstone,0,0,,,,,,,,,
1167175,2019,2019-08-02,Riverside Ground,1,14.5,Durham,Lancashire,AZ Lees,SW Poynter,LS Livingstone,1,0,,,,,,,,,
1167175,2019,2019-08-02,Riverside Ground,1,14.6,Durham,Lancashire,SW Poynter,AZ Lees,LS Livingstone,1,0,,,,,,,,,
1167175,2019,2019-08-02,Riverside Ground,1,15.1,Durham,Lancashire,SW Poynter,AZ Lees,MW Parkinson,1,0,,,,,,,,,
1167175,2019,2019-08-02,Riverside Ground,1,15.2,Durham,Lancashire,AZ Lees,SW Poynter,MW Parkinson,1,0,,,,,,,,,
1167175,2019,2019-08-02,Riverside Ground,1,15.3,Durham,Lancashire,SW Poynter,AZ Lees,MW Parkinson,0,0,,,,,,caught,SW Poynter,,
1167175,2019,2019-08-02,Riverside Ground,1,15.4,Durham,Lancashire,AZ Lees,BA Carse,MW Parkinson,1,0,,,,,,,,,
1167175,2019,2019-08-02,Riverside Ground,1,15.5,Durham,Lancashire,BA Carse,AZ Lees,MW Parkinson,1,0,,,,,,,,,
1167175,2019,2019-08-02,Riverside Ground,1,15.6,Durham,Lancashire,AZ Lees,BA Carse,MW Parkinson,1,0,,,,,,,,,
1167175,2019,2019-08-02,Riverside Ground,1,16.1,Durham,Lancashire,AZ Lees,BA Carse,JP Faulkner,0,1,1,,,,,,,,
1167175,2019,2019-08-02,Riverside Ground,1,16.2,Durham,Lancashire,AZ Lees,BA Carse,JP Faulkner,0,0,,,,,,,,,
1167175,2019,2019-08-02,Riverside Ground,1,16.3,Durham,Lancashire,AZ Lees,BA Carse,JP Faulkner,2,0,,,,,,,,,
1167175,2019,2019-08-02,Riverside Ground,1,16.4,Durham,Lancashire,AZ Lees,BA Carse,JP Faulkner,1,0,,,,,,,,,
1167175,2019,2019-08-02,Riverside Ground,1,16.5,Durham,Lancashire,BA Carse,AZ Lees,JP Faulkner,1,0,,,,,,,,,
1167175,2019,2019-08-02,Riverside Ground,1,16.6,Durham,Lancashire,AZ Lees,BA Carse,JP Faulkner,2,0,,,,,,,,,
1167175,2019,2019-08-02,Riverside Ground,1,16.7,Durham,Lancashire,AZ Lees,BA Carse,JP Faulkner,1,0,,,,,,,,,
1167175,2019,2019-08-02,Riverside Ground,1,17.1,Durham,Lancashire,AZ Lees,BA Carse,MW Parkinson,3,0,,,,,,,,,
1167175,2019,2019-08-02,Riverside Ground,1,17.2,Durham,Lancashire,BA Carse,AZ Lees,MW Parkinson,1,0,,,,,,,,,
1167175,2019,2019-08-02,Riverside Ground,1,17.3,Durham,Lancashire,AZ Lees,BA Carse,MW Parkinson,2,0,,,,,,,,,
1167175,2019,2019-08-02,Riverside Ground,1,17.4,Durham,Lancashire,AZ Lees,BA Carse,MW Parkinson,1,0,,,,,,,,,
1167175,2019,2019-08-02,Riverside Ground,1,17.5,Durham,Lancashire,BA Carse,AZ Lees,MW Parkinson,1,0,,,,,,,,,
1167175,2019,2019-08-02,Riverside Ground,1,17.6,Durham,Lancashire,AZ Lees,BA Carse,MW Parkinson,0,0,,,,,,caught,AZ Lees,,
1167175,2019,2019-08-02,Riverside Ground,1,18.1,Durham,Lancashire,L Trevaskis,BA Carse,LS Livingstone,1,0,,,,,,,,,
1167175,2019,2019-08-02,Riverside Ground,1,18.2,Durham,Lancashire,BA Carse,L Trevaskis,LS Livingstone,1,0,,,,,,,,,
1167175,2019,2019-08-02,Riverside Ground,1,18.3,Durham,Lancashire,L Trevaskis,BA Carse,LS Livingstone,0,0,,,,,,bowled,L Trevaskis,,
1167175,2019,2019-08-02,Riverside Ground,1,18.4,Durham,Lancashire,MJ Potts,BA Carse,LS Livingstone,1,0,,,,,,,,,
1167175,2019,2019-08-02,Riverside Ground,1,18.5,Durham,Lancashire,BA Carse,MJ Potts,LS Livingstone,4,0,,,,,,,,,
1167175,2019,2019-08-02,Riverside Ground,1,18.6,Durham,Lancashire,BA Carse,MJ Potts,LS Livingstone,0,0,,,,,,caught,BA Carse,,
1167175,2019,2019-08-02,Riverside Ground,1,19.1,Durham,Lancashire,NJ Rimmington,MJ Potts,JP Faulkner,1,0,,,,,,,,,
1167175,2019,2019-08-02,Riverside Ground,1,19.2,Durham,Lancashire,MJ Potts,NJ Rimmington,JP Faulkner,1,0,,,,,,,,,
1167175,2019,2019-08-02,Riverside Ground,1,19.3,Durham,Lancashire,NJ Rimmington,MJ Potts,JP Faulkner,1,0,,,,,,,,,
1167175,2019,2019-08-02,Riverside Ground,1,19.4,Durham,Lancashire,MJ Potts,NJ Rimmington,JP Faulkner,1,0,,,,,,,,,
1167175,2019,2019-08-02,Riverside Ground,1,19.5,Durham,Lancashire,NJ Rimmington,MJ Potts,JP Faulkner,0,0,,,,,,caught,NJ Rimmington,,
1167175,2019,2019-08-02,Riverside Ground,2,0.1,Lancashire,Durham,AL Davies,LS Livingstone,L Trevaskis,4,0,,,,,,,,,
1167175,2019,2019-08-02,Riverside Ground,2,0.2,Lancashire,Durham,AL Davies,LS Livingstone,L Trevaskis,4,0,,,,,,,,,
1167175,2019,2019-08-02,Riverside Ground,2,0.3,Lancashire,Durham,AL Davies,LS Livingstone,L Trevaskis,0,0,,,,,,,,,
1167175,2019,2019-08-02,Riverside Ground,2,0.4,Lancashire,Durham,AL Davies,LS Livingstone,L Trevaskis,0,0,,,,,,,,,
1167175,2019,2019-08-02,Riverside Ground,2,0.5,Lancashire,Durham,AL Davies,LS Livingstone,L Trevaskis,0,0,,,,,,,,,
1167175,2019,2019-08-02,Riverside Ground,2,0.6,Lancashire,Durham,AL Davies,LS Livingstone,L Trevaskis,1,0,,,,,,,,,
1167175,2019,2019-08-02,Riverside Ground,2,1.1,Lancashire,Durham,AL Davies,LS Livingstone,BA Carse,0,0,,,,,,,,,
1167175,2019,2019-08-02,Riverside Ground,2,1.2,Lancashire,Durham,AL Davies,LS Livingstone,BA Carse,0,0,,,,,,,,,
1167175,2019,2019-08-02,Riverside Ground,2,1.3,Lancashire,Durham,AL Davies,LS Livingstone,BA Carse,0,0,,,,,,,,,
1167175,2019,2019-08-02,Riverside Ground,2,1.4,Lancashire,Durham,AL Davies,LS Livingstone,BA Carse,0,0,,,,,,,,,
1167175,2019,2019-08-02,Riverside Ground,2,1.5,Lancashire,Durham,AL Davies,LS Livingstone,BA Carse,0,0,,,,,,,,,
1167175,2019,2019-08-02,Riverside Ground,2,1.6,Lancashire,Durham,AL Davies,LS Livingstone,BA Carse,0,0,,,,,,,,,
1167175,2019,2019-08-02,Riverside Ground,2,2.1,Lancashire,Durham,LS Livingstone,AL Davies,MJ Potts,2,0,,,,,,,,,
1167175,2019,2019-08-02,Riverside Ground,2,2.2,Lancashire,Durham,LS Livingstone,AL Davies,MJ Potts,4,0,,,,,,,,,
1167175,2019,2019-08-02,Riverside Ground,2,2.3,Lancashire,Durham,LS Livingstone,AL Davies,MJ Potts,4,0,,,,,,,,,
1167175,2019,2019-08-02,Riverside Ground,2,2.4,Lancashire,Durham,LS Livingstone,AL Davies,MJ Potts,0,0,,,,,,,,,
1167175,2019,2019-08-02,Riverside Ground,2,2.5,Lancashire,Durham,LS Livingstone,AL Davies,MJ Potts,1,0,,,,,,,,,
1167175,2019,2019-08-02,Riverside Ground,2,2.6,Lancashire,Durham,AL Davies,LS Livingstone,MJ Potts,4,0,,,,,,,,,
1167175,2019,2019-08-02,Riverside Ground,2,3.1,Lancashire,Durham,LS Livingstone,AL Davies,BA Carse,4,0,,,,,,,,,
1167175,2019,2019-08-02,Riverside Ground,2,3.2,Lancashire,Durham,LS Livingstone,AL Davies,BA Carse,1,0,,,,,,,,,
1167175,2019,2019-08-02,Riverside Ground,2,3.3,Lancashire,Durham,AL Davies,LS Livingstone,BA Carse,4,0,,,,,,,,,
1167175,2019,2019-08-02,Riverside Ground,2,3.4,Lancashire,Durham,AL Davies,LS Livingstone,BA Carse,1,0,,,,,,,,,
1167175,2019,2019-08-02,Riverside Ground,2,3.5,Lancashire,Durham,LS Livingstone,AL Davies,BA Carse,1,0,,,,,,,,,
1167175,2019,2019-08-02,Riverside Ground,2,3.6,Lancashire,Durham,AL Davies,LS Livingstone,BA Carse,0,0,,,,,,,,,
1167175,2019,2019-08-02,Riverside Ground,2,4.1,Lancashire,Durham,LS Livingstone,AL Davies,NJ Rimmington,0,0,,,,,,,,,
1167175,2019,2019-08-02,Riverside Ground,2,4.2,Lancashire,Durham,LS Livingstone,AL Davies,NJ Rimmington,6,0,,,,,,,,,
1167175,2019,2019-08-02,Riverside Ground,2,4.3,Lancashire,Durham,LS Livingstone,AL Davies,NJ Rimmington,1,0,,,,,,,,,
1167175,2019,2019-08-02,Riverside Ground,2,4.4,Lancashire,Durham,AL Davies,LS Livingstone,NJ Rimmington,4,0,,,,,,,,,
1167175,2019,2019-08-02,Riverside Ground,2,4.5,Lancashire,Durham,AL Davies,LS Livingstone,NJ Rimmington,1,0,,,,,,,,,
1167175,2019,2019-08-02,Riverside Ground,2,4.6,Lancashire,Durham,LS Livingstone,AL Davies,NJ Rimmington,0,0,,,,,,,,,
1167175,2019,2019-08-02,Riverside Ground,2,5.1,Lancashire,Durham,AL Davies,LS Livingstone,MJ Potts,1,0,,,,,,,,,
1167175,2019,2019-08-02,Riverside Ground,2,5.2,Lancashire,Durham,LS Livingstone,AL Davies,MJ Potts,4,0,,,,,,,,,
1167175,2019,2019-08-02,Riverside Ground,2,5.3,Lancashire,Durham,LS Livingstone,AL Davies,MJ Potts,4,0,,,,,,,,,
1167175,2019,2019-08-02,Riverside Ground,2,5.4,Lancashire,Durham,LS Livingstone,AL Davies,MJ Potts,1,0,,,,,,,,,
1167175,2019,2019-08-02,Riverside Ground,2,5.5,Lancashire,Durham,AL Davies,LS Livingstone,MJ Potts,0,0,,,,,,,,,
1167175,2019,2019-08-02,Riverside Ground,2,5.6,Lancashire,Durham,AL Davies,LS Livingstone,MJ Potts,0,0,,,,,,caught,AL Davies,,
1167175,2019,2019-08-02,Riverside Ground,2,6.1,Lancashire,Durham,LS Livingstone,GJ Maxwell,L Trevaskis,0,0,,,,,,,,,
1167175,2019,2019-08-02,Riverside Ground,2,6.2,Lancashire,Durham,LS Livingstone,GJ Maxwell,L Trevaskis,1,0,,,,,,,,,
1167175,2019,2019-08-02,Riverside Ground,2,6.3,Lancashire,Durham,GJ Maxwell,LS Livingstone,L Trevaskis,1,0,,,,,,,,,
1167175,2019,2019-08-02,Riverside Ground,2,6.4,Lancashire,Durham,LS Livingstone,GJ Maxwell,L Trevaskis,0,0,,,,,,,,,
1167175,2019,2019-08-02,Riverside Ground,2,6.5,Lancashire,Durham,LS Livingstone,GJ Maxwell,L Trevaskis,0,0,,,,,,,,,
1167175,2019,2019-08-02,Riverside Ground,2,6.6,Lancashire,Durham,LS Livingstone,GJ Maxwell,L Trevaskis,6,0,,,,,,,,,
1167175,2019,2019-08-02,Riverside Ground,2,7.1,Lancashire,Durham,GJ Maxwell,LS Livingstone,DJM Short,1,0,,,,,,,,,
1167175,2019,2019-08-02,Riverside Ground,2,7.2,Lancashire,Durham,LS Livingstone,GJ Maxwell,DJM Short,0,0,,,,,,,,,
1167175,2019,2019-08-02,Riverside Ground,2,7.3,Lancashire,Durham,LS Livingstone,GJ Maxwell,DJM Short,1,0,,,,,,,,,
1167175,2019,2019-08-02,Riverside Ground,2,7.4,Lancashire,Durham,GJ Maxwell,LS Livingstone,DJM Short,1,0,,,,,,,,,
1167175,2019,2019-08-02,Riverside Ground,2,7.5,Lancashire,Durham,LS Livingstone,GJ Maxwell,DJM Short,1,0,,,,,,,,,
1167175,2019,2019-08-02,Riverside Ground,2,7.6,Lancashire,Durham,GJ Maxwell,LS Livingstone,DJM Short,1,0,,,,,,,,,
1167175,2019,2019-08-02,Riverside Ground,2,8.1,Lancashire,Durham,GJ Maxwell,LS Livingstone,L Trevaskis,1,0,,,,,,,,,
1167175,2019,2019-08-02,Riverside Ground,2,8.2,Lancashire,Durham,LS Livingstone,GJ Maxwell,L Trevaskis,1,0,,,,,,,,,
1167175,2019,2019-08-02,Riverside Ground,2,8.3,Lancashire,Durham,GJ Maxwell,LS Livingstone,L Trevaskis,1,0,,,,,,,,,
1167175,2019,2019-08-02,Riverside Ground,2,8.4,Lancashire,Durham,LS Livingstone,GJ Maxwell,L Trevaskis,1,0,,,,,,,,,
1167175,2019,2019-08-02,Riverside Ground,2,8.5,Lancashire,Durham,GJ Maxwell,LS Livingstone,L Trevaskis,0,0,,,,,,,,,
1167175,2019,2019-08-02,Riverside Ground,2,8.6,Lancashire,Durham,GJ Maxwell,LS Livingstone,L Trevaskis,0,0,,,,,,,,,
1167175,2019,2019-08-02,Riverside Ground,2,9.1,Lancashire,Durham,LS Livingstone,GJ Maxwell,DJM Short,1,0,,,,,,,,,
1167175,2019,2019-08-02,Riverside Ground,2,9.2,Lancashire,Durham,GJ Maxwell,LS Livingstone,DJM Short,1,0,,,,,,,,,
1167175,2019,2019-08-02,Riverside Ground,2,9.3,Lancashire,Durham,LS Livingstone,GJ Maxwell,DJM Short,4,0,,,,,,,,,
1167175,2019,2019-08-02,Riverside Ground,2,9.4,Lancashire,Durham,LS Livingstone,GJ Maxwell,DJM Short,1,0,,,,,,,,,
1167175,2019,2019-08-02,Riverside Ground,2,9.5,Lancashire,Durham,GJ Maxwell,LS Livingstone,DJM Short,0,0,,,,,,caught,GJ Maxwell,,
1167175,2019,2019-08-02,Riverside Ground,2,9.6,Lancashire,Durham,KK Jennings,LS Livingstone,DJM Short,0,0,,,,,,,,,
1167175,2019,2019-08-02,Riverside Ground,2,10.1,Lancashire,Durham,LS Livingstone,KK Jennings,BA Carse,2,0,,,,,,,,,
1167175,2019,2019-08-02,Riverside Ground,2,10.2,Lancashire,Durham,LS Livingstone,KK Jennings,BA Carse,0,0,,,,,,,,,
1167175,2019,2019-08-02,Riverside Ground,2,10.3,Lancashire,Durham,LS Livingstone,KK Jennings,BA Carse,0,1,,,,1,,,,,
1167175,2019,2019-08-02,Riverside Ground,2,10.4,Lancashire,Durham,KK Jennings,LS Livingstone,BA Carse,1,0,,,,,,,,,
1167175,2019,2019-08-02,Riverside Ground,2,10.5,Lancashire,Durham,LS Livingstone,KK Jennings,BA Carse,6,0,,,,,,,,,
1167175,2019,2019-08-02,Riverside Ground,2,10.6,Lancashire,Durham,LS Livingstone,KK Jennings,BA Carse,1,0,,,,,,,,,
1167175,2019,2019-08-02,Riverside Ground,2,11.1,Lancashire,Durham,LS Livingstone,KK Jennings,DJM Short,1,0,,,,,,,,,
1167175,2019,2019-08-02,Riverside Ground,2,11.2,Lancashire,Durham,KK Jennings,LS Livingstone,DJM Short,1,0,,,,,,,,,
1167175,2019,2019-08-02,Riverside Ground,2,11.3,Lancashire,Durham,LS Livingstone,KK Jennings,DJM Short,1,0,,,,,,,,,
1167175,2019,2019-08-02,Riverside Ground,2,11.4,Lancashire,Durham,KK Jennings,LS Livingstone,DJM Short,2,0,,,,,,,,,
1167175,2019,2019-08-02,Riverside Ground,2,11.5,Lancashire,Durham,KK Jennings,LS Livingstone,DJM Short,0,0,,,,,,bowled,KK Jennings,,
1167175,2019,2019-08-02,Riverside Ground,2,11.6,Lancashire,Durham,DJ Vilas,LS Livingstone,DJM Short,1,0,,,,,,,,,
1167175,2019,2019-08-02,Riverside Ground,2,12.1,Lancashire,Durham,DJ Vilas,LS Livingstone,NJ Rimmington,1,0,,,,,,,,,
1167175,2019,2019-08-02,Riverside Ground,2,12.2,Lancashire,Durham,LS Livingstone,DJ Vilas,NJ Rimmington,1,0,,,,,,,,,
1167175,2019,2019-08-02,Riverside Ground,2,12.3,Lancashire,Durham,DJ Vilas,LS Livingstone,NJ Rimmington,1,0,,,,,,,,,
1167175,2019,2019-08-02,Riverside Ground,2,12.4,Lancashire,Durham,LS Livingstone,DJ Vilas,NJ Rimmington,1,0,,,,,,,,,
1167175,2019,2019-08-02,Riverside Ground,2,12.5,Lancashire,Durham,DJ Vilas,LS Livingstone,NJ Rimmington,1,0,,,,,,,,,
1167175,2019,2019-08-02,Riverside Ground,2,12.6,Lancashire,Durham,LS Livingstone,DJ Vilas,NJ Rimmington,1,0,,,,,,,,,
1167175,2019,2019-08-02,Riverside Ground,2,13.1,Lancashire,Durham,LS Livingstone,DJ Vilas,DJM Short,1,0,,,,,,,,,
1167175,2019,2019-08-02,Riverside Ground,2,13.2,Lancashire,Durham,DJ Vilas,LS Livingstone,DJM Short,4,0,,,,,,,,,
1167175,2019,2019-08-02,Riverside Ground,2,13.3,Lancashire,Durham,DJ Vilas,LS Livingstone,DJM Short,1,0,,,,,,,,,
1167175,2019,2019-08-02,Riverside Ground,2,13.4,Lancashire,Durham,LS Livingstone,DJ Vilas,DJM Short,0,0,,,,,,,,,
1167175,2019,2019-08-02,Riverside Ground,2,13.5,Lancashire,Durham,LS Livingstone,DJ Vilas,DJM Short,2,0,,,,,,,,,
1167175,2019,2019-08-02,Riverside Ground,2,13.6,Lancashire,Durham,LS Livingstone,DJ Vilas,DJM Short,1,0,,,,,,,,,
1167175,2019,2019-08-02,Riverside Ground,2,14.1,Lancashire,Durham,LS Livingstone,DJ Vilas,S Steel,0,0,,,,,,,,,
1167175,2019,2019-08-02,Riverside Ground,2,14.2,Lancashire,Durham,LS Livingstone,DJ Vilas,S Steel,0,0,,,,,,,,,
1167175,2019,2019-08-02,Riverside Ground,2,14.3,Lancashire,Durham,LS Livingstone,DJ Vilas,S Steel,0,0,,,,,,,,,
1167175,2019,2019-08-02,Riverside Ground,2,14.4,Lancashire,Durham,LS Livingstone,DJ Vilas,S Steel,1,0,,,,,,,,,
1167175,2019,2019-08-02,Riverside Ground,2,14.5,Lancashire,Durham,DJ Vilas,LS Livingstone,S Steel,1,0,,,,,,,,,
1167175,2019,2019-08-02,Riverside Ground,2,14.6,Lancashire,Durham,LS Livingstone,DJ Vilas,S Steel,1,0,,,,,,,,,
1167175,2019,2019-08-02,Riverside Ground,2,15.1,Lancashire,Durham,LS Livingstone,DJ Vilas,L Trevaskis,0,0,,,,,,stumped,LS Livingstone,,
1167175,2019,2019-08-02,Riverside Ground,2,15.2,Lancashire,Durham,SJ Croft,DJ Vilas,L Trevaskis,0,0,,,,,,,,,
1167175,2019,2019-08-02,Riverside Ground,2,15.3,Lancashire,Durham,SJ Croft,DJ Vilas,L Trevaskis,1,0,,,,,,,,,
1167175,2019,2019-08-02,Riverside Ground,2,15.4,Lancashire,Durham,DJ Vilas,SJ Croft,L Trevaskis,1,0,,,,,,,,,
1167175,2019,2019-08-02,Riverside Ground,2,15.5,Lancashire,Durham,SJ Croft,DJ Vilas,L Trevaskis,0,0,,,,,,,,,
1167175,2019,2019-08-02,Riverside Ground,2,15.6,Lancashire,Durham,SJ Croft,DJ Vilas,L Trevaskis,1,0,,,,,,,,,
1167175,2019,2019-08-02,Riverside Ground,2,16.1,Lancashire,Durham,SJ Croft,DJ Vilas,NJ Rimmington,0,0,,,,,,,,,
1167175,2019,2019-08-02,Riverside Ground,2,16.2,Lancashire,Durham,SJ Croft,DJ Vilas,NJ Rimmington,0,0,,,,,,,,,
1167175,2019,2019-08-02,Riverside Ground,2,16.3,Lancashire,Durham,SJ Croft,DJ Vilas,NJ Rimmington,0,0,,,,,,bowled,SJ Croft,,
1167175,2019,2019-08-02,Riverside Ground,2,16.4,Lancashire,Durham,JP Faulkner,DJ Vilas,NJ Rimmington,1,0,,,,,,,,,
1167175,2019,2019-08-02,Riverside Ground,2,16.5,Lancashire,Durham,DJ Vilas,JP Faulkner,NJ Rimmington,1,0,,,,,,,,,
1167175,2019,2019-08-02,Riverside Ground,2,16.6,Lancashire,Durham,JP Faulkner,DJ Vilas,NJ Rimmington,1,0,,,,,,,,,
1167175,2019,2019-08-02,Riverside Ground,2,17.1,Lancashire,Durham,JP Faulkner,DJ Vilas,MJ Potts,0,2,,2,,,,,,,
1167175,2019,2019-08-02,Riverside Ground,2,17.2,Lancashire,Durham,JP Faulkner,DJ Vilas,MJ Potts,1,0,,,,,,,,,
1167175,2019,2019-08-02,Riverside Ground,2,17.3,Lancashire,Durham,DJ Vilas,JP Faulkner,MJ Potts,1,0,,,,,,,,,
1167175,2019,2019-08-02,Riverside Ground,2,17.4,Lancashire,Durham,JP Faulkner,DJ Vilas,MJ Potts,1,0,,,,,,,,,
1167175,2019,2019-08-02,Riverside Ground,2,17.5,Lancashire,Durham,DJ Vilas,JP Faulkner,MJ Potts,2,0,,,,,,,,,
1167175,2019,2019-08-02,Riverside Ground,2,17.6,Lancashire,Durham,DJ Vilas,JP Faulkner,MJ Potts,1,0,,,,,,,,,
1167175,2019,2019-08-02,Riverside Ground,2,17.7,Lancashire,Durham,JP Faulkner,DJ Vilas,MJ Potts,2,0,,,,,,,,,
1167175,2019,2019-08-02,Riverside Ground,2,18.1,Lancashire,Durham,DJ Vilas,JP Faulkner,NJ Rimmington,0,0,,,,,,,,,
1167175,2019,2019-08-02,Riverside Ground,2,18.2,Lancashire,Durham,DJ Vilas,JP Faulkner,NJ Rimmington,2,0,,,,,,,,,
1167175,2019,2019-08-02,Riverside Ground,2,18.3,Lancashire,Durham,DJ Vilas,JP Faulkner,NJ Rimmington,0,0,,,,,,,,,
1167175,2019,2019-08-02,Riverside Ground,2,18.4,Lancashire,Durham,DJ Vilas,JP Faulkner,NJ Rimmington,2,0,,,,,,,,,
1167175,2019,2019-08-02,Riverside Ground,2,18.5,Lancashire,Durham,DJ Vilas,JP Faulkner,NJ Rimmington,4,0,,,,,,,,,
