match_id,season,start_date,venue,innings,ball,batting_team,bowling_team,striker,non_striker,bowler,runs_off_bat,extras,wides,noballs,byes,legbyes,penalty,wicket_type,player_dismissed,other_wicket_type,other_player_dismissed
1167148,2019,2019-07-25,College Ground,1,0.1,Middlesex,Gloucestershire,SS Eskinazi,DJ Malan,DA Payne,4,0,,,,,,,,,
1167148,2019,2019-07-25,College Ground,1,0.2,Middlesex,Gloucestershire,SS Eskinazi,DJ Malan,DA Payne,0,0,,,,,,,,,
1167148,2019,2019-07-25,College Ground,1,0.3,Middlesex,Gloucestershire,SS Eskinazi,DJ Malan,DA Payne,4,0,,,,,,,,,
1167148,2019,2019-07-25,College Ground,1,0.4,Middlesex,Gloucestershire,SS Eskinazi,DJ Malan,DA Payne,4,0,,,,,,,,,
1167148,2019,2019-07-25,College Ground,1,0.5,Middlesex,Gloucestershire,SS Eskinazi,DJ Malan,DA Payne,1,0,,,,,,,,,
1167148,2019,2019-07-25,College Ground,1,0.6,Middlesex,Gloucestershire,DJ Malan,SS Eskinazi,DA Payne,0,0,,,,,,,,,
1167148,2019,2019-07-25,College Ground,1,1.1,Middlesex,Gloucestershire,SS Eskinazi,DJ Malan,GL van Buuren,1,0,,,,,,,,,
1167148,2019,2019-07-25,College Ground,1,1.2,Middlesex,Gloucestershire,DJ Malan,SS Eskinazi,GL van Buuren,6,0,,,,,,,,,
1167148,2019,2019-07-25,College Ground,1,1.3,Middlesex,Gloucestershire,DJ Malan,SS Eskinazi,GL van Buuren,0,0,,,,,,caught and bowled,DJ Malan,,
1167148,2019,2019-07-25,College Ground,1,1.4,Middlesex,Gloucestershire,SS Eskinazi,DJ Lincoln,GL van Buuren,0,0,,,,,,,,,
1167148,2019,2019-07-25,College Ground,1,1.5,Middlesex,Gloucestershire,SS Eskinazi,DJ Lincoln,GL van Buuren,1,0,,,,,,,,,
1167148,2019,2019-07-25,College Ground,1,1.6,Middlesex,Gloucestershire,DJ Lincoln,SS Eskinazi,GL van Buuren,0,0,,,,,,,,,
1167148,2019,2019-07-25,College Ground,1,2.1,Middlesex,Gloucestershire,SS Eskinazi,DJ Lincoln,DA Payne,1,0,,,,,,,,,
1167148,2019,2019-07-25,College Ground,1,2.2,Middlesex,Gloucestershire,DJ Lincoln,SS Eskinazi,DA Payne,0,0,,,,,,,,,
1167148,2019,2019-07-25,College Ground,1,2.3,Middlesex,Gloucestershire,DJ Lincoln,SS Eskinazi,DA Payne,4,0,,,,,,,,,
1167148,2019,2019-07-25,College Ground,1,2.4,Middlesex,Gloucestershire,DJ Lincoln,SS Eskinazi,DA Payne,1,0,,,,,,,,,
1167148,2019,2019-07-25,College Ground,1,2.5,Middlesex,Gloucestershire,SS Eskinazi,DJ Lincoln,DA Payne,0,0,,,,,,,,,
1167148,2019,2019-07-25,College Ground,1,2.6,Middlesex,Gloucestershire,SS Eskinazi,DJ Lincoln,DA Payne,0,0,,,,,,,,,
1167148,2019,2019-07-25,College Ground,1,3.1,Middlesex,Gloucestershire,DJ Lincoln,SS Eskinazi,GL van Buuren,0,1,1,,,,,,,,
1167148,2019,2019-07-25,College Ground,1,3.2,Middlesex,Gloucestershire,DJ Lincoln,SS Eskinazi,GL van Buuren,4,0,,,,,,,,,
1167148,2019,2019-07-25,College Ground,1,3.3,Middlesex,Gloucestershire,DJ Lincoln,SS Eskinazi,GL van Buuren,1,0,,,,,,,,,
1167148,2019,2019-07-25,College Ground,1,3.4,Middlesex,Gloucestershire,SS Eskinazi,DJ Lincoln,GL van Buuren,0,0,,,,,,,,,
1167148,2019,2019-07-25,College Ground,1,3.5,Middlesex,Gloucestershire,SS Eskinazi,DJ Lincoln,GL van Buuren,1,0,,,,,,,,,
1167148,2019,2019-07-25,College Ground,1,3.6,Middlesex,Gloucestershire,DJ Lincoln,SS Eskinazi,GL van Buuren,0,0,,,,,,,,,
1167148,2019,2019-07-25,College Ground,1,3.7,Middlesex,Gloucestershire,DJ Lincoln,SS Eskinazi,GL van Buuren,0,0,,,,,,,,,
1167148,2019,2019-07-25,College Ground,1,4.1,Middlesex,Gloucestershire,SS Eskinazi,DJ Lincoln,RF Higgins,1,0,,,,,,,,,
1167148,2019,2019-07-25,College Ground,1,4.2,Middlesex,Gloucestershire,DJ Lincoln,SS Eskinazi,RF Higgins,0,0,,,,,,,,,
1167148,2019,2019-07-25,College Ground,1,4.3,Middlesex,Gloucestershire,DJ Lincoln,SS Eskinazi,RF Higgins,0,0,,,,,,,,,
1167148,2019,2019-07-25,College Ground,1,4.4,Middlesex,Gloucestershire,DJ Lincoln,SS Eskinazi,RF Higgins,1,0,,,,,,,,,
1167148,2019,2019-07-25,College Ground,1,4.5,Middlesex,Gloucestershire,SS Eskinazi,DJ Lincoln,RF Higgins,0,1,,,1,,,,,,
1167148,2019,2019-07-25,College Ground,1,4.6,Middlesex,Gloucestershire,DJ Lincoln,SS Eskinazi,RF Higgins,1,0,,,,,,,,,
1167148,2019,2019-07-25,College Ground,1,5.1,Middlesex,Gloucestershire,DJ Lincoln,SS Eskinazi,AJ Tye,0,0,,,,,,,,,
1167148,2019,2019-07-25,College Ground,1,5.2,Middlesex,Gloucestershire,DJ Lincoln,SS Eskinazi,AJ Tye,1,0,,,,,,,,,
1167148,2019,2019-07-25,College Ground,1,5.3,Middlesex,Gloucestershire,SS Eskinazi,DJ Lincoln,AJ Tye,0,0,,,,,,,,,
1167148,2019,2019-07-25,College Ground,1,5.4,Middlesex,Gloucestershire,SS Eskinazi,DJ Lincoln,AJ Tye,4,0,,,,,,,,,
1167148,2019,2019-07-25,College Ground,1,5.5,Middlesex,Gloucestershire,SS Eskinazi,DJ Lincoln,AJ Tye,1,0,,,,,,,,,
1167148,2019,2019-07-25,College Ground,1,5.6,Middlesex,Gloucestershire,DJ Lincoln,SS Eskinazi,AJ Tye,4,0,,,,,,,,,
1167148,2019,2019-07-25,College Ground,1,6.1,Middlesex,Gloucestershire,SS Eskinazi,DJ Lincoln,BAC Howell,1,0,,,,,,,,,
1167148,2019,2019-07-25,College Ground,1,6.2,Middlesex,Gloucestershire,DJ Lincoln,SS Eskinazi,BAC Howell,1,0,,,,,,,,,
1167148,2019,2019-07-25,College Ground,1,6.3,Middlesex,Gloucestershire,SS Eskinazi,DJ Lincoln,BAC Howell,1,0,,,,,,,,,
1167148,2019,2019-07-25,College Ground,1,6.4,Middlesex,Gloucestershire,DJ Lincoln,SS Eskinazi,BAC Howell,4,0,,,,,,,,,
1167148,2019,2019-07-25,College Ground,1,6.5,Middlesex,Gloucestershire,DJ Lincoln,SS Eskinazi,BAC Howell,0,1,,,,1,,,,,
1167148,2019,2019-07-25,College Ground,1,6.6,Middlesex,Gloucestershire,SS Eskinazi,DJ Lincoln,BAC Howell,1,0,,,,,,,,,
1167148,2019,2019-07-25,College Ground,1,7.1,Middlesex,Gloucestershire,SS Eskinazi,DJ Lincoln,TMJ Smith,4,0,,,,,,,,,
1167148,2019,2019-07-25,College Ground,1,7.2,Middlesex,Gloucestershire,SS Eskinazi,DJ Lincoln,TMJ Smith,1,0,,,,,,,,,
1167148,2019,2019-07-25,College Ground,1,7.3,Middlesex,Gloucestershire,DJ Lincoln,SS Eskinazi,TMJ Smith,0,0,,,,,,,,,
1167148,2019,2019-07-25,College Ground,1,7.4,Middlesex,Gloucestershire,DJ Lincoln,SS Eskinazi,TMJ Smith,1,0,,,,,,,,,
1167148,2019,2019-07-25,College Ground,1,7.5,Middlesex,Gloucestershire,SS Eskinazi,DJ Lincoln,TMJ Smith,1,0,,,,,,,,,
1167148,2019,2019-07-25,College Ground,1,7.6,Middlesex,Gloucestershire,DJ Lincoln,SS Eskinazi,TMJ Smith,0,0,,,,,,,,,
1167148,2019,2019-07-25,College Ground,1,8.1,Middlesex,Gloucestershire,SS Eskinazi,DJ Lincoln,BAC Howell,4,0,,,,,,,,,
1167148,2019,2019-07-25,College Ground,1,8.2,Middlesex,Gloucestershire,SS Eskinazi,DJ Lincoln,BAC Howell,4,0,,,,,,,,,
1167148,2019,2019-07-25,College Ground,1,8.3,Middlesex,Gloucestershire,SS Eskinazi,DJ Lincoln,BAC Howell,0,1,1,,,,,stumped,SS Eskinazi,,
1167148,2019,2019-07-25,College Ground,1,8.4,Middlesex,Gloucestershire,NRT Gubbins,DJ Lincoln,BAC Howell,1,0,,,,,,,,,
1167148,2019,2019-07-25,College Ground,1,8.5,Middlesex,Gloucestershire,DJ Lincoln,NRT Gubbins,BAC Howell,1,0,,,,,,,,,
1167148,2019,2019-07-25,College Ground,1,8.6,Middlesex,Gloucestershire,NRT Gubbins,DJ Lincoln,BAC Howell,0,0,,,,,,,,,
1167148,2019,2019-07-25,College Ground,1,8.7,Middlesex,Gloucestershire,NRT Gubbins,DJ Lincoln,BAC Howell,0,0,,,,,,,,,
1167148,2019,2019-07-25,College Ground,1,9.1,Middlesex,Gloucestershire,DJ Lincoln,NRT Gubbins,RF Higgins,6,0,,,,,,,,,
1167148,2019,2019-07-25,College Ground,1,9.2,Middlesex,Gloucestershire,DJ Lincoln,NRT Gubbins,RF Higgins,0,0,,,,,,caught,DJ Lincoln,,
1167148,2019,2019-07-25,College Ground,1,9.3,Middlesex,Gloucestershire,NRT Gubbins,GFB Scott,RF Higgins,0,0,,,,,,,,,
1167148,2019,2019-07-25,College Ground,1,9.4,Middlesex,Gloucestershire,NRT Gubbins,GFB Scott,RF Higgins,0,0,,,,,,caught,NRT Gubbins,,
1167148,2019,2019-07-25,College Ground,1,9.5,Middlesex,Gloucestershire,GFB Scott,JA Simpson,RF Higgins,0,0,,,,,,,,,
1167148,2019,2019-07-25,College Ground,1,9.6,Middlesex,Gloucestershire,GFB Scott,JA Simpson,RF Higgins,0,0,,,,,,,,,
1167148,2019,2019-07-25,College Ground,1,10.1,Middlesex,Gloucestershire,JA Simpson,GFB Scott,BAC Howell,0,0,,,,,,,,,
1167148,2019,2019-07-25,College Ground,1,10.2,Middlesex,Gloucestershire,JA Simpson,GFB Scott,BAC Howell,1,0,,,,,,,,,
1167148,2019,2019-07-25,College Ground,1,10.3,Middlesex,Gloucestershire,GFB Scott,JA Simpson,BAC Howell,1,0,,,,,,,,,
1167148,2019,2019-07-25,College Ground,1,10.4,Middlesex,Gloucestershire,JA Simpson,GFB Scott,BAC Howell,1,0,,,,,,,,,
1167148,2019,2019-07-25,College Ground,1,10.5,Middlesex,Gloucestershire,GFB Scott,JA Simpson,BAC Howell,1,0,,,,,,,,,
1167148,2019,2019-07-25,College Ground,1,10.6,Middlesex,Gloucestershire,JA Simpson,GFB Scott,BAC Howell,6,0,,,,,,,,,
1167148,2019,2019-07-25,College Ground,1,11.1,Middlesex,Gloucestershire,GFB Scott,JA Simpson,AJ Tye,0,0,,,,,,,,,
1167148,2019,2019-07-25,College Ground,1,11.2,Middlesex,Gloucestershire,GFB Scott,JA Simpson,AJ Tye,0,0,,,,,,caught,GFB Scott,,
1167148,2019,2019-07-25,College Ground,1,11.3,Middlesex,Gloucestershire,TS Roland-Jones,JA Simpson,AJ Tye,0,0,,,,,,,,,
1167148,2019,2019-07-25,College Ground,1,11.4,Middlesex,Gloucestershire,TS Roland-Jones,JA Simpson,AJ Tye,1,0,,,,,,,,,
1167148,2019,2019-07-25,College Ground,1,11.5,Middlesex,Gloucestershire,JA Simpson,TS Roland-Jones,AJ Tye,0,0,,,,,,,,,
1167148,2019,2019-07-25,College Ground,1,11.6,Middlesex,Gloucestershire,JA Simpson,TS Roland-Jones,AJ Tye,1,0,,,,,,,,,
1167148,2019,2019-07-25,College Ground,1,12.1,Middlesex,Gloucestershire,JA Simpson,TS Roland-Jones,TMJ Smith,0,1,,,,1,,,,,
1167148,2019,2019-07-25,College Ground,1,12.2,Middlesex,Gloucestershire,TS Roland-Jones,JA Simpson,TMJ Smith,1,0,,,,,,,,,
1167148,2019,2019-07-25,College Ground,1,12.3,Middlesex,Gloucestershire,JA Simpson,TS Roland-Jones,TMJ Smith,2,0,,,,,,,,,
1167148,2019,2019-07-25,College Ground,1,12.4,Middlesex,Gloucestershire,JA Simpson,TS Roland-Jones,TMJ Smith,0,1,1,,,,,,,,
1167148,2019,2019-07-25,College Ground,1,12.5,Middlesex,Gloucestershire,JA Simpson,TS Roland-Jones,TMJ Smith,1,0,,,,,,,,,
1167148,2019,2019-07-25,College Ground,1,12.6,Middlesex,Gloucestershire,TS Roland-Jones,JA Simpson,TMJ Smith,0,0,,,,,,,,,
1167148,2019,2019-07-25,College Ground,1,12.7,Middlesex,Gloucestershire,TS Roland-Jones,JA Simpson,TMJ Smith,0,0,,,,,,,,,
1167148,2019,2019-07-25,College Ground,1,13.1,Middlesex,Gloucestershire,JA Simpson,TS Roland-Jones,RF Higgins,0,0,,,,,,,,,
1167148,2019,2019-07-25,College Ground,1,13.2,Middlesex,Gloucestershire,JA Simpson,TS Roland-Jones,RF Higgins,1,0,,,,,,,,,
1167148,2019,2019-07-25,College Ground,1,13.3,Middlesex,Gloucestershire,TS Roland-Jones,JA Simpson,RF Higgins,2,0,,,,,,,,,
1167148,2019,2019-07-25,College Ground,1,13.4,Middlesex,Gloucestershire,TS Roland-Jones,JA Simpson,RF Higgins,4,0,,,,,,,,,
1167148,2019,2019-07-25,College Ground,1,13.5,Middlesex,Gloucestershire,TS Roland-Jones,JA Simpson,RF Higgins,0,0,,,,,,,,,
1167148,2019,2019-07-25,College Ground,1,13.6,Middlesex,Gloucestershire,TS Roland-Jones,JA Simpson,RF Higgins,1,0,,,,,,,,,
1167148,2019,2019-07-25,College Ground,1,14.1,Middlesex,Gloucestershire,TS Roland-Jones,JA Simpson,BAC Howell,1,0,,,,,,,,,
1167148,2019,2019-07-25,College Ground,1,14.2,Middlesex,Gloucestershire,JA Simpson,TS Roland-Jones,BAC Howell,2,0,,,,,,,,,
1167148,2019,2019-07-25,College Ground,1,14.3,Middlesex,Gloucestershire,JA Simpson,TS Roland-Jones,BAC Howell,0,0,,,,,,,,,
1167148,2019,2019-07-25,College Ground,1,14.4,Middlesex,Gloucestershire,JA Simpson,TS Roland-Jones,BAC Howell,6,0,,,,,,,,,
1167148,2019,2019-07-25,College Ground,1,14.5,Middlesex,Gloucestershire,JA Simpson,TS Roland-Jones,BAC Howell,1,0,,,,,,,,,
1167148,2019,2019-07-25,College Ground,1,14.6,Middlesex,Gloucestershire,TS Roland-Jones,JA Simpson,BAC Howell,1,0,,,,,,,,,
1167148,2019,2019-07-25,College Ground,1,15.1,Middlesex,Gloucestershire,TS Roland-Jones,JA Simpson,AJ Tye,0,0,,,,,,,,,
1167148,2019,2019-07-25,College Ground,1,15.2,Middlesex,Gloucestershire,TS Roland-Jones,JA Simpson,AJ Tye,1,0,,,,,,,,,
1167148,2019,2019-07-25,College Ground,1,15.3,Middlesex,Gloucestershire,JA Simpson,TS Roland-Jones,AJ Tye,1,0,,,,,,,,,
1167148,2019,2019-07-25,College Ground,1,15.4,Middlesex,Gloucestershire,TS Roland-Jones,JA Simpson,AJ Tye,0,0,,,,,,,,,
1167148,2019,2019-07-25,College Ground,1,15.5,Middlesex,Gloucestershire,TS Roland-Jones,JA Simpson,AJ Tye,1,0,,,,,,,,,
1167148,2019,2019-07-25,College Ground,1,15.6,Middlesex,Gloucestershire,JA Simpson,TS Roland-Jones,AJ Tye,1,0,,,,,,,,,
1167148,2019,2019-07-25,College Ground,1,16.1,Middlesex,Gloucestershire,JA Simpson,TS Roland-Jones,DA Payne,1,0,,,,,,,,,
1167148,2019,2019-07-25,College Ground,1,16.2,Middlesex,Gloucestershire,TS Roland-Jones,JA Simpson,DA Payne,0,0,,,,,,,,,
1167148,2019,2019-07-25,College Ground,1,16.3,Middlesex,Gloucestershire,TS Roland-Jones,JA Simpson,DA Payne,1,0,,,,,,,,,
1167148,2019,2019-07-25,College Ground,1,16.4,Middlesex,Gloucestershire,JA Simpson,TS Roland-Jones,DA Payne,1,0,,,,,,,,,
1167148,2019,2019-07-25,College Ground,1,16.5,Middlesex,Gloucestershire,TS Roland-Jones,JA Simpson,DA Payne,0,0,,,,,,caught,TS Roland-Jones,,
1167148,2019,2019-07-25,College Ground,1,16.6,Middlesex,Gloucestershire,JA Simpson,TG Helm,DA Payne,2,0,,,,,,,,,
1167148,2019,2019-07-25,College Ground,1,17.1,Middlesex,Gloucestershire,TG Helm,JA Simpson,RF Higgins,1,0,,,,,,,,,
1167148,2019,2019-07-25,College Ground,1,17.2,Middlesex,Gloucestershire,JA Simpson,TG Helm,RF Higgins,2,0,,,,,,,,,
1167148,2019,2019-07-25,College Ground,1,17.3,Middlesex,Gloucestershire,JA Simpson,TG Helm,RF Higgins,1,0,,,,,,,,,
1167148,2019,2019-07-25,College Ground,1,17.4,Middlesex,Gloucestershire,TG Helm,JA Simpson,RF Higgins,1,0,,,,,,,,,
1167148,2019,2019-07-25,College Ground,1,17.5,Middlesex,Gloucestershire,JA Simpson,TG Helm,RF Higgins,1,0,,,,,,,,,
1167148,2019,2019-07-25,College Ground,1,17.6,Middlesex,Gloucestershire,TG Helm,JA Simpson,RF Higgins,0,0,,,,,,,,,
1167148,2019,2019-07-25,College Ground,1,18.1,Middlesex,Gloucestershire,JA Simpson,TG Helm,DA Payne,1,0,,,,,,,,,
1167148,2019,2019-07-25,College Ground,1,18.2,Middlesex,Gloucestershire,TG Helm,JA Simpson,DA Payne,0,0,,,,,,caught,TG Helm,,
1167148,2019,2019-07-25,College Ground,1,18.3,Middlesex,Gloucestershire,JA Simpson,NA Sowter,DA Payne,2,0,,,,,,,,,
1167148,2019,2019-07-25,College Ground,1,18.4,Middlesex,Gloucestershire,JA Simpson,NA Sowter,DA Payne,1,0,,,,,,,,,
1167148,2019,2019-07-25,College Ground,1,18.5,Middlesex,Gloucestershire,NA Sowter,JA Simpson,DA Payne,4,0,,,,,,,,,
1167148,2019,2019-07-25,College Ground,1,18.6,Middlesex,Gloucestershire,NA Sowter,JA Simpson,DA Payne,0,0,,,,,,caught,NA Sowter,,
1167148,2019,2019-07-25,College Ground,1,19.1,Middlesex,Gloucestershire,Mujeeb Ur Rahman,JA Simpson,AJ Tye,0,0,,,,,,bowled,Mujeeb Ur Rahman,,
1167148,2019,2019-07-25,College Ground,1,19.2,Middlesex,Gloucestershire,ST Finn,JA Simpson,AJ Tye,0,0,,,,,,,,,
1167148,2019,2019-07-25,College Ground,1,19.3,Middlesex,Gloucestershire,ST Finn,JA Simpson,AJ Tye,1,0,,,,,,,,,
1167148,2019,2019-07-25,College Ground,1,19.4,Middlesex,Gloucestershire,JA Simpson,ST Finn,AJ Tye,0,0,,,,,,,,,
1167148,2019,2019-07-25,College Ground,1,19.5,Middlesex,Gloucestershire,JA Simpson,ST Finn,AJ Tye,4,0,,,,,,,,,
1167148,2019,2019-07-25,College Ground,1,19.6,Middlesex,Gloucestershire,JA Simpson,ST Finn,AJ Tye,2,0,,,,,,,,,
1167148,2019,2019-07-25,College Ground,2,0.1,Gloucestershire,Middlesex,Miles Hammond,M Klinger,TG Helm,0,0,,,,,,,,,
1167148,2019,2019-07-25,College Ground,2,0.2,Gloucestershire,Middlesex,Miles Hammond,M Klinger,TG Helm,0,0,,,,,,,,,
1167148,2019,2019-07-25,College Ground,2,0.3,Gloucestershire,Middlesex,Miles Hammond,M Klinger,TG Helm,4,0,,,,,,,,,
1167148,2019,2019-07-25,College Ground,2,0.4,Gloucestershire,Middlesex,Miles Hammond,M Klinger,TG Helm,1,0,,,,,,,,,
1167148,2019,2019-07-25,College Ground,2,0.5,Gloucestershire,Middlesex,M Klinger,Miles Hammond,TG Helm,4,0,,,,,,,,,
1167148,2019,2019-07-25,College Ground,2,0.6,Gloucestershire,Middlesex,M Klinger,Miles Hammond,TG Helm,1,0,,,,,,,,,
1167148,2019,2019-07-25,College Ground,2,1.1,Gloucestershire,Middlesex,M Klinger,Miles Hammond,Mujeeb Ur Rahman,0,0,,,,,,,,,
1167148,2019,2019-07-25,College Ground,2,1.2,Gloucestershire,Middlesex,M Klinger,Miles Hammond,Mujeeb Ur Rahman,0,0,,,,,,,,,
1167148,2019,2019-07-25,College Ground,2,1.3,Gloucestershire,Middlesex,M Klinger,Miles Hammond,Mujeeb Ur Rahman,1,0,,,,,,,,,
1167148,2019,2019-07-25,College Ground,2,1.4,Gloucestershire,Middlesex,Miles Hammond,M Klinger,Mujeeb Ur Rahman,0,0,,,,,,,,,
1167148,2019,2019-07-25,College Ground,2,1.5,Gloucestershire,Middlesex,Miles Hammond,M Klinger,Mujeeb Ur Rahman,4,0,,,,,,,,,
1167148,2019,2019-07-25,College Ground,2,1.6,Gloucestershire,Middlesex,Miles Hammond,M Klinger,Mujeeb Ur Rahman,6,0,,,,,,,,,
1167148,2019,2019-07-25,College Ground,2,2.1,Gloucestershire,Middlesex,M Klinger,Miles Hammond,TG Helm,4,0,,,,,,,,,
1167148,2019,2019-07-25,College Ground,2,2.2,Gloucestershire,Middlesex,M Klinger,Miles Hammond,TG Helm,0,0,,,,,,caught,M Klinger,,
1167148,2019,2019-07-25,College Ground,2,2.3,Gloucestershire,Middlesex,IA Cockbain,Miles Hammond,TG Helm,0,0,,,,,,,,,
1167148,2019,2019-07-25,College Ground,2,2.4,Gloucestershire,Middlesex,IA Cockbain,Miles Hammond,TG Helm,0,0,,,,,,caught,IA Cockbain,,
1167148,2019,2019-07-25,College Ground,2,2.5,Gloucestershire,Middlesex,Miles Hammond,James Bracey,TG Helm,0,0,,,,,,,,,
1167148,2019,2019-07-25,College Ground,2,2.6,Gloucestershire,Middlesex,Miles Hammond,James Bracey,TG Helm,0,0,,,,,,,,,
1167148,2019,2019-07-25,College Ground,2,3.1,Gloucestershire,Middlesex,James Bracey,Miles Hammond,Mujeeb Ur Rahman,0,0,,,,,,,,,
1167148,2019,2019-07-25,College Ground,2,3.2,Gloucestershire,Middlesex,James Bracey,Miles Hammond,Mujeeb Ur Rahman,0,0,,,,,,,,,
1167148,2019,2019-07-25,College Ground,2,3.3,Gloucestershire,Middlesex,James Bracey,Miles Hammond,Mujeeb Ur Rahman,1,0,,,,,,,,,
1167148,2019,2019-07-25,College Ground,2,3.4,Gloucestershire,Middlesex,Miles Hammond,James Bracey,Mujeeb Ur Rahman,0,1,1,,,,,,,,
1167148,2019,2019-07-25,College Ground,2,3.5,Gloucestershire,Middlesex,Miles Hammond,James Bracey,Mujeeb Ur Rahman,0,0,,,,,,,,,
1167148,2019,2019-07-25,College Ground,2,3.6,Gloucestershire,Middlesex,Miles Hammond,James Bracey,Mujeeb Ur Rahman,2,0,,,,,,,,,
1167148,2019,2019-07-25,College Ground,2,3.7,Gloucestershire,Middlesex,Miles Hammond,James Bracey,Mujeeb Ur Rahman,4,0,,,,,,,,,
1167148,2019,2019-07-25,College Ground,2,4.1,Gloucestershire,Middlesex,James Bracey,Miles Hammond,TG Helm,1,0,,,,,,,,,
1167148,2019,2019-07-25,College Ground,2,4.2,Gloucestershire,Middlesex,Miles Hammond,James Bracey,TG Helm,4,0,,,,,,,,,
1167148,2019,2019-07-25,College Ground,2,4.3,Gloucestershire,Middlesex,Miles Hammond,James Bracey,TG Helm,1,0,,,,,,,,,
1167148,2019,2019-07-25,College Ground,2,4.4,Gloucestershire,Middlesex,James Bracey,Miles Hammond,TG Helm,0,1,,,,1,,,,,
1167148,2019,2019-07-25,College Ground,2,4.5,Gloucestershire,Middlesex,Miles Hammond,James Bracey,TG Helm,0,0,,,,,,,,,
1167148,2019,2019-07-25,College Ground,2,4.6,Gloucestershire,Middlesex,Miles Hammond,James Bracey,TG Helm,4,0,,,,,,,,,
1167148,2019,2019-07-25,College Ground,2,5.1,Gloucestershire,Middlesex,James Bracey,Miles Hammond,ST Finn,1,0,,,,,,,,,
1167148,2019,2019-07-25,College Ground,2,5.2,Gloucestershire,Middlesex,Miles Hammond,James Bracey,ST Finn,4,0,,,,,,,,,
1167148,2019,2019-07-25,College Ground,2,5.3,Gloucestershire,Middlesex,Miles Hammond,James Bracey,ST Finn,0,0,,,,,,,,,
1167148,2019,2019-07-25,College Ground,2,5.4,Gloucestershire,Middlesex,Miles Hammond,James Bracey,ST Finn,6,0,,,,,,,,,
1167148,2019,2019-07-25,College Ground,2,5.5,Gloucestershire,Middlesex,Miles Hammond,James Bracey,ST Finn,0,0,,,,,,,,,
1167148,2019,2019-07-25,College Ground,2,5.6,Gloucestershire,Middlesex,Miles Hammond,James Bracey,ST Finn,4,0,,,,,,,,,
1167148,2019,2019-07-25,College Ground,2,6.1,Gloucestershire,Middlesex,James Bracey,Miles Hammond,Mujeeb Ur Rahman,0,0,,,,,,caught,James Bracey,,
1167148,2019,2019-07-25,College Ground,2,6.2,Gloucestershire,Middlesex,RF Higgins,Miles Hammond,Mujeeb Ur Rahman,0,0,,,,,,,,,
1167148,2019,2019-07-25,College Ground,2,6.3,Gloucestershire,Middlesex,RF Higgins,Miles Hammond,Mujeeb Ur Rahman,1,0,,,,,,,,,
1167148,2019,2019-07-25,College Ground,2,6.4,Gloucestershire,Middlesex,Miles Hammond,RF Higgins,Mujeeb Ur Rahman,0,0,,,,,,,,,
1167148,2019,2019-07-25,College Ground,2,6.5,Gloucestershire,Middlesex,Miles Hammond,RF Higgins,Mujeeb Ur Rahman,1,0,,,,,,,,,
1167148,2019,2019-07-25,College Ground,2,6.6,Gloucestershire,Middlesex,RF Higgins,Miles Hammond,Mujeeb Ur Rahman,1,0,,,,,,,,,
1167148,2019,2019-07-25,College Ground,2,7.1,Gloucestershire,Middlesex,RF Higgins,Miles Hammond,NA Sowter,0,0,,,,,,,,,
1167148,2019,2019-07-25,College Ground,2,7.2,Gloucestershire,Middlesex,RF Higgins,Miles Hammond,NA Sowter,1,0,,,,,,,,,
1167148,2019,2019-07-25,College Ground,2,7.3,Gloucestershire,Middlesex,Miles Hammond,RF Higgins,NA Sowter,0,0,,,,,,,,,
1167148,2019,2019-07-25,College Ground,2,7.4,Gloucestershire,Middlesex,Miles Hammond,RF Higgins,NA Sowter,4,0,,,,,,,,,
1167148,2019,2019-07-25,College Ground,2,7.5,Gloucestershire,Middlesex,Miles Hammond,RF Higgins,NA Sowter,1,0,,,,,,,,,
1167148,2019,2019-07-25,College Ground,2,7.6,Gloucestershire,Middlesex,RF Higgins,Miles Hammond,NA Sowter,0,0,,,,,,,,,
1167148,2019,2019-07-25,College Ground,2,8.1,Gloucestershire,Middlesex,Miles Hammond,RF Higgins,TS Roland-Jones,0,0,,,,,,,,,
1167148,2019,2019-07-25,College Ground,2,8.2,Gloucestershire,Middlesex,Miles Hammond,RF Higgins,TS Roland-Jones,6,0,,,,,,,,,
1167148,2019,2019-07-25,College Ground,2,8.3,Gloucestershire,Middlesex,Miles Hammond,RF Higgins,TS Roland-Jones,1,0,,,,,,,,,
1167148,2019,2019-07-25,College Ground,2,8.4,Gloucestershire,Middlesex,RF Higgins,Miles Hammond,TS Roland-Jones,1,0,,,,,,,,,
1167148,2019,2019-07-25,College Ground,2,8.5,Gloucestershire,Middlesex,Miles Hammond,RF Higgins,TS Roland-Jones,1,0,,,,,,,,,
1167148,2019,2019-07-25,College Ground,2,8.6,Gloucestershire,Middlesex,RF Higgins,Miles Hammond,TS Roland-Jones,1,0,,,,,,,,,
1167148,2019,2019-07-25,College Ground,2,9.1,Gloucestershire,Middlesex,RF Higgins,Miles Hammond,NA Sowter,1,0,,,,,,,,,
1167148,2019,2019-07-25,College Ground,2,9.2,Gloucestershire,Middlesex,Miles Hammond,RF Higgins,NA Sowter,0,0,,,,,,,,,
1167148,2019,2019-07-25,College Ground,2,9.3,Gloucestershire,Middlesex,Miles Hammond,RF Higgins,NA Sowter,4,0,,,,,,,,,
1167148,2019,2019-07-25,College Ground,2,9.4,Gloucestershire,Middlesex,Miles Hammond,RF Higgins,NA Sowter,1,0,,,,,,,,,
1167148,2019,2019-07-25,College Ground,2,9.5,Gloucestershire,Middlesex,RF Higgins,Miles Hammond,NA Sowter,0,0,,,,,,lbw,RF Higgins,,
1167148,2019,2019-07-25,College Ground,2,9.6,Gloucestershire,Middlesex,BAC Howell,Miles Hammond,NA Sowter,0,0,,,,,,,,,
1167148,2019,2019-07-25,College Ground,2,10.1,Gloucestershire,Middlesex,Miles Hammond,BAC Howell,TS Roland-Jones,0,0,,,,,,,,,
1167148,2019,2019-07-25,College Ground,2,10.2,Gloucestershire,Middlesex,Miles Hammond,BAC Howell,TS Roland-Jones,0,0,,,,,,caught,Miles Hammond,,
1167148,2019,2019-07-25,College Ground,2,10.3,Gloucestershire,Middlesex,JMR Taylor,BAC Howell,TS Roland-Jones,1,0,,,,,,,,,
1167148,2019,2019-07-25,College Ground,2,10.4,Gloucestershire,Middlesex,BAC Howell,JMR Taylor,TS Roland-Jones,0,0,,,,,,,,,
1167148,2019,2019-07-25,College Ground,2,10.5,Gloucestershire,Middlesex,BAC Howell,JMR Taylor,TS Roland-Jones,2,0,,,,,,,,,
1167148,2019,2019-07-25,College Ground,2,10.6,Gloucestershire,Middlesex,BAC Howell,JMR Taylor,TS Roland-Jones,1,0,,,,,,,,,
1167148,2019,2019-07-25,College Ground,2,11.1,Gloucestershire,Middlesex,BAC Howell,JMR Taylor,NA Sowter,0,0,,,,,,,,,
1167148,2019,2019-07-25,College Ground,2,11.2,Gloucestershire,Middlesex,BAC Howell,JMR Taylor,NA Sowter,0,0,,,,,,,,,
1167148,2019,2019-07-25,College Ground,2,11.3,Gloucestershire,Middlesex,BAC Howell,JMR Taylor,NA Sowter,1,0,,,,,,,,,
1167148,2019,2019-07-25,College Ground,2,11.4,Gloucestershire,Middlesex,JMR Taylor,BAC Howell,NA Sowter,0,0,,,,,,,,,
1167148,2019,2019-07-25,College Ground,2,11.5,Gloucestershire,Middlesex,JMR Taylor,BAC Howell,NA Sowter,0,2,,,,2,,,,,
1167148,2019,2019-07-25,College Ground,2,11.6,Gloucestershire,Middlesex,JMR Taylor,BAC Howell,NA Sowter,1,0,,,,,,,,,
1167148,2019,2019-07-25,College Ground,2,12.1,Gloucestershire,Middlesex,JMR Taylor,BAC Howell,ST Finn,1,0,,,,,,,,,
1167148,2019,2019-07-25,College Ground,2,12.2,Gloucestershire,Middlesex,BAC Howell,JMR Taylor,ST Finn,1,0,,,,,,,,,
1167148,2019,2019-07-25,College Ground,2,12.3,Gloucestershire,Middlesex,JMR Taylor,BAC Howell,ST Finn,1,0,,,,,,,,,
1167148,2019,2019-07-25,College Ground,2,12.4,Gloucestershire,Middlesex,BAC Howell,JMR Taylor,ST Finn,0,0,,,,,,,,,
1167148,2019,2019-07-25,College Ground,2,12.5,Gloucestershire,Middlesex,BAC Howell,JMR Taylor,ST Finn,1,0,,,,,,,,,
1167148,2019,2019-07-25,College Ground,2,12.6,Gloucestershire,Middlesex,JMR Taylor,BAC Howell,ST Finn,0,0,,,,,,,,,
1167148,2019,2019-07-25,College Ground,2,13.1,Gloucestershire,Middlesex,BAC Howell,JMR Taylor,NA Sowter,1,0,,,,,,,,,
1167148,2019,2019-07-25,College Ground,2,13.2,Gloucestershire,Middlesex,JMR Taylor,BAC Howell,NA Sowter,3,0,,,,,,,,,
1167148,2019,2019-07-25,College Ground,2,13.3,Gloucestershire,Middlesex,BAC Howell,JMR Taylor,NA Sowter,0,0,,,,,,,,,
1167148,2019,2019-07-25,College Ground,2,13.4,Gloucestershire,Middlesex,BAC Howell,JMR Taylor,NA Sowter,4,0,,,,,,,,,
1167148,2019,2019-07-25,College Ground,2,13.5,Gloucestershire,Middlesex,BAC Howell,JMR Taylor,NA Sowter,4,0,,,,,,,,,
1167148,2019,2019-07-25,College Ground,2,13.6,Gloucestershire,Middlesex,BAC Howell,JMR Taylor,NA Sowter,1,0,,,,,,,,,
1167148,2019,2019-07-25,College Ground,2,14.1,Gloucestershire,Middlesex,BAC Howell,JMR Taylor,Mujeeb Ur Rahman,1,0,,,,,,,,,
1167148,2019,2019-07-25,College Ground,2,14.2,Gloucestershire,Middlesex,JMR Taylor,BAC Howell,Mujeeb Ur Rahman,1,0,,,,,,,,,
1167148,2019,2019-07-25,College Ground,2,14.3,Gloucestershire,Middlesex,BAC Howell,JMR Taylor,Mujeeb Ur Rahman,0,0,,,,,,,,,
1167148,2019,2019-07-25,College Ground,2,14.4,Gloucestershire,Middlesex,BAC Howell,JMR Taylor,Mujeeb Ur Rahman,1,0,,,,,,,,,
1167148,2019,2019-07-25,College Ground,2,14.5,Gloucestershire,Middlesex,JMR Taylor,BAC Howell,Mujeeb Ur Rahman,0,0,,,,,,,,,
1167148,2019,2019-07-25,College Ground,2,14.6,Gloucestershire,Middlesex,JMR Taylor,BAC Howell,Mujeeb Ur Rahman,0,0,,,,,,,,,
1167148,2019,2019-07-25,College Ground,2,15.1,Gloucestershire,Middlesex,BAC Howell,JMR Taylor,TS Roland-Jones,4,0,,,,,,,,,
1167148,2019,2019-07-25,College Ground,2,15.2,Gloucestershire,Middlesex,BAC Howell,JMR Taylor,TS Roland-Jones,3,0,,,,,,,,,
1167148,2019,2019-07-25,College Ground,2,15.3,Gloucestershire,Middlesex,JMR Taylor,BAC Howell,TS Roland-Jones,1,0,,,,,,,,,
1167148,2019,2019-07-25,College Ground,2,15.4,Gloucestershire,Middlesex,BAC Howell,JMR Taylor,TS Roland-Jones,1,0,,,,,,,,,
1167148,2019,2019-07-25,College Ground,2,15.5,Gloucestershire,Middlesex,JMR Taylor,BAC Howell,TS Roland-Jones,0,1,,,,1,,,,,
1167148,2019,2019-07-25,College Ground,2,15.6,Gloucestershire,Middlesex,BAC Howell,JMR Taylor,TS Roland-Jones,1,0,,,,,,,,,
1167148,2019,2019-07-25,College Ground,2,16.1,Gloucestershire,Middlesex,BAC Howell,JMR Taylor,ST Finn,0,0,,,,,,,,,
1167148,2019,2019-07-25,College Ground,2,16.2,Gloucestershire,Middlesex,BAC Howell,JMR Taylor,ST Finn,0,0,,,,,,,,,
1167148,2019,2019-07-25,College Ground,2,16.3,Gloucestershire,Middlesex,BAC Howell,JMR Taylor,ST Finn,4,0,,,,,,,,,
1167148,2019,2019-07-25,College Ground,2,16.4,Gloucestershire,Middlesex,BAC Howell,JMR Taylor,ST Finn,2,0,,,,,,,,,
1167148,2019,2019-07-25,College Ground,2,16.5,Gloucestershire,Middlesex,BAC Howell,JMR Taylor,ST Finn,0,0,,,,,,caught,BAC Howell,,
1167148,2019,2019-07-25,College Ground,2,16.6,Gloucestershire,Middlesex,JMR Taylor,GL van Buuren,ST Finn,1,0,,,,,,,,,
1167148,2019,2019-07-25,College Ground,2,17.1,Gloucestershire,Middlesex,JMR Taylor,GL van Buuren,TG Helm,0,0,,,,,,,,,
1167148,2019,2019-07-25,College Ground,2,17.2,Gloucestershire,Middlesex,JMR Taylor,GL van Buuren,TG Helm,1,0,,,,,,,,,
1167148,2019,2019-07-25,College Ground,2,17.3,Gloucestershire,Middlesex,GL van Buuren,JMR Taylor,TG Helm,1,0,,,,,,,,,
1167148,2019,2019-07-25,College Ground,2,17.4,Gloucestershire,Middlesex,JMR Taylor,GL van Buuren,TG Helm,4,0,,,,,,,,,
1167148,2019,2019-07-25,College Ground,2,17.5,Gloucestershire,Middlesex,JMR Taylor,GL van Buuren,TG Helm,4,0,,,,,,,,,
1167148,2019,2019-07-25,College Ground,2,17.6,Gloucestershire,Middlesex,JMR Taylor,GL van Buuren,TG Helm,1,0,,,,,,,,,
1167148,2019,2019-07-25,College Ground,2,18.1,Gloucestershire,Middlesex,JMR Taylor,GL van Buuren,ST Finn,2,0,,,,,,,,,
1167148,2019,2019-07-25,College Ground,2,18.2,Gloucestershire,Middlesex,JMR Taylor,GL van Buuren,ST Finn,0,0,,,,,,,,,
1167148,2019,2019-07-25,College Ground,2,18.3,Gloucestershire,Middlesex,JMR Taylor,GL van Buuren,ST Finn,0,0,,,,,,,,,
1167148,2019,2019-07-25,College Ground,2,18.4,Gloucestershire,Middlesex,JMR Taylor,GL van Buuren,ST Finn,2,0,,,,,,,,,
1167148,2019,2019-07-25,College Ground,2,18.5,Gloucestershire,Middlesex,JMR Taylor,GL van Buuren,ST Finn,0,0,,,,,,caught,JMR Taylor,,
1167148,2019,2019-07-25,College Ground,2,18.6,Gloucestershire,Middlesex,GL van Buuren,AJ Tye,ST Finn,0,0,,,,,,caught,GL van Buuren,,
1167148,2019,2019-07-25,College Ground,2,19.1,Gloucestershire,Middlesex,TMJ Smith,AJ Tye,TS Roland-Jones,2,0,,,,,,,,,
1167148,2019,2019-07-25,College Ground,2,19.2,Gloucestershire,Middlesex,TMJ Smith,AJ Tye,TS Roland-Jones,4,0,,,,,,,,,
