match_id,season,start_date,venue,innings,ball,batting_team,bowling_team,striker,non_striker,bowler,runs_off_bat,extras,wides,noballs,byes,legbyes,penalty,wicket_type,player_dismissed,other_wicket_type,other_player_dismissed
1167171,2019,2019-08-02,"County Ground, Hove",1,0.1,Kent,Sussex,DJ Bell-Drummond,Z Crawley,DR Briggs,1,0,,,,,,,,,
1167171,2019,2019-08-02,"County Ground, Hove",1,0.2,Kent,Sussex,Z Crawley,DJ Bell-Drummond,DR Briggs,0,0,,,,,,,,,
1167171,2019,2019-08-02,"County Ground, Hove",1,0.3,Kent,Sussex,Z Crawley,DJ Bell-Drummond,DR Briggs,6,0,,,,,,,,,
1167171,2019,2019-08-02,"County Ground, Hove",1,0.4,Kent,Sussex,Z Crawley,DJ Bell-Drummond,DR Briggs,1,0,,,,,,,,,
1167171,2019,2019-08-02,"County Ground, Hove",1,0.5,Kent,Sussex,DJ Bell-Drummond,Z Crawley,DR Briggs,1,0,,,,,,,,,
1167171,2019,2019-08-02,"County Ground, Hove",1,0.6,Kent,Sussex,Z Crawley,DJ Bell-Drummond,DR Briggs,4,0,,,,,,,,,
1167171,2019,2019-08-02,"County Ground, Hove",1,1.1,Kent,Sussex,DJ Bell-Drummond,Z Crawley,JC Archer,1,0,,,,,,,,,
1167171,2019,2019-08-02,"County Ground, Hove",1,1.2,Kent,Sussex,Z Crawley,DJ Bell-Drummond,JC Archer,0,0,,,,,,,,,
1167171,2019,2019-08-02,"County Ground, Hove",1,1.3,Kent,Sussex,Z Crawley,DJ Bell-Drummond,JC Archer,1,0,,,,,,,,,
1167171,2019,2019-08-02,"County Ground, Hove",1,1.4,Kent,Sussex,DJ Bell-Drummond,Z Crawley,JC Archer,1,0,,,,,,,,,
1167171,2019,2019-08-02,"County Ground, Hove",1,1.5,Kent,Sussex,Z Crawley,DJ Bell-Drummond,JC Archer,6,0,,,,,,,,,
1167171,2019,2019-08-02,"County Ground, Hove",1,1.6,Kent,Sussex,Z Crawley,DJ Bell-Drummond,JC Archer,0,0,,,,,,,,,
1167171,2019,2019-08-02,"County Ground, Hove",1,2.1,Kent,Sussex,DJ Bell-Drummond,Z Crawley,CJ Jordan,0,0,,,,,,,,,
1167171,2019,2019-08-02,"County Ground, Hove",1,2.2,Kent,Sussex,DJ Bell-Drummond,Z Crawley,CJ Jordan,1,0,,,,,,,,,
1167171,2019,2019-08-02,"County Ground, Hove",1,2.3,Kent,Sussex,Z Crawley,DJ Bell-Drummond,CJ Jordan,0,0,,,,,,bowled,Z Crawley,,
1167171,2019,2019-08-02,"County Ground, Hove",1,2.4,Kent,Sussex,OG Robinson,DJ Bell-Drummond,CJ Jordan,1,0,,,,,,,,,
1167171,2019,2019-08-02,"County Ground, Hove",1,2.5,Kent,Sussex,DJ Bell-Drummond,OG Robinson,CJ Jordan,1,0,,,,,,,,,
1167171,2019,2019-08-02,"County Ground, Hove",1,2.6,Kent,Sussex,OG Robinson,DJ Bell-Drummond,CJ Jordan,1,0,,,,,,,,,
1167171,2019,2019-08-02,"County Ground, Hove",1,3.1,Kent,Sussex,OG Robinson,DJ Bell-Drummond,JC Archer,1,0,,,,,,,,,
1167171,2019,2019-08-02,"County Ground, Hove",1,3.2,Kent,Sussex,DJ Bell-Drummond,OG Robinson,JC Archer,4,0,,,,,,,,,
1167171,2019,2019-08-02,"County Ground, Hove",1,3.3,Kent,Sussex,DJ Bell-Drummond,OG Robinson,JC Archer,0,0,,,,,,,,,
1167171,2019,2019-08-02,"County Ground, Hove",1,3.4,Kent,Sussex,DJ Bell-Drummond,OG Robinson,JC Archer,2,0,,,,,,,,,
1167171,2019,2019-08-02,"County Ground, Hove",1,3.5,Kent,Sussex,DJ Bell-Drummond,OG Robinson,JC Archer,0,0,,,,,,,,,
1167171,2019,2019-08-02,"County Ground, Hove",1,3.6,Kent,Sussex,DJ Bell-Drummond,OG Robinson,JC Archer,4,0,,,,,,,,,
1167171,2019,2019-08-02,"County Ground, Hove",1,4.1,Kent,Sussex,OG Robinson,DJ Bell-Drummond,CJ Jordan,1,0,,,,,,,,,
1167171,2019,2019-08-02,"County Ground, Hove",1,4.2,Kent,Sussex,DJ Bell-Drummond,OG Robinson,CJ Jordan,6,0,,,,,,,,,
1167171,2019,2019-08-02,"County Ground, Hove",1,4.3,Kent,Sussex,DJ Bell-Drummond,OG Robinson,CJ Jordan,6,0,,,,,,,,,
1167171,2019,2019-08-02,"County Ground, Hove",1,4.4,Kent,Sussex,DJ Bell-Drummond,OG Robinson,CJ Jordan,1,0,,,,,,,,,
1167171,2019,2019-08-02,"County Ground, Hove",1,4.5,Kent,Sussex,OG Robinson,DJ Bell-Drummond,CJ Jordan,0,0,,,,,,,,,
1167171,2019,2019-08-02,"County Ground, Hove",1,4.6,Kent,Sussex,OG Robinson,DJ Bell-Drummond,CJ Jordan,1,0,,,,,,,,,
1167171,2019,2019-08-02,"County Ground, Hove",1,5.1,Kent,Sussex,OG Robinson,DJ Bell-Drummond,TS Mills,1,0,,,,,,,,,
1167171,2019,2019-08-02,"County Ground, Hove",1,5.2,Kent,Sussex,DJ Bell-Drummond,OG Robinson,TS Mills,0,0,,,,,,,,,
1167171,2019,2019-08-02,"County Ground, Hove",1,5.3,Kent,Sussex,DJ Bell-Drummond,OG Robinson,TS Mills,1,0,,,,,,,,,
1167171,2019,2019-08-02,"County Ground, Hove",1,5.4,Kent,Sussex,OG Robinson,DJ Bell-Drummond,TS Mills,0,0,,,,,,caught,OG Robinson,,
1167171,2019,2019-08-02,"County Ground, Hove",1,5.5,Kent,Sussex,HG Kuhn,DJ Bell-Drummond,TS Mills,0,0,,,,,,,,,
1167171,2019,2019-08-02,"County Ground, Hove",1,5.6,Kent,Sussex,HG Kuhn,DJ Bell-Drummond,TS Mills,0,0,,,,,,,,,
1167171,2019,2019-08-02,"County Ground, Hove",1,6.1,Kent,Sussex,DJ Bell-Drummond,HG Kuhn,Rashid Khan,2,0,,,,,,,,,
1167171,2019,2019-08-02,"County Ground, Hove",1,6.2,Kent,Sussex,DJ Bell-Drummond,HG Kuhn,Rashid Khan,1,0,,,,,,,,,
1167171,2019,2019-08-02,"County Ground, Hove",1,6.3,Kent,Sussex,HG Kuhn,DJ Bell-Drummond,Rashid Khan,0,0,,,,,,,,,
1167171,2019,2019-08-02,"County Ground, Hove",1,6.4,Kent,Sussex,HG Kuhn,DJ Bell-Drummond,Rashid Khan,0,0,,,,,,,,,
1167171,2019,2019-08-02,"County Ground, Hove",1,6.5,Kent,Sussex,HG Kuhn,DJ Bell-Drummond,Rashid Khan,1,0,,,,,,,,,
1167171,2019,2019-08-02,"County Ground, Hove",1,6.6,Kent,Sussex,DJ Bell-Drummond,HG Kuhn,Rashid Khan,1,0,,,,,,,,,
1167171,2019,2019-08-02,"County Ground, Hove",1,7.1,Kent,Sussex,DJ Bell-Drummond,HG Kuhn,TS Mills,1,0,,,,,,,,,
1167171,2019,2019-08-02,"County Ground, Hove",1,7.2,Kent,Sussex,HG Kuhn,DJ Bell-Drummond,TS Mills,4,0,,,,,,,,,
1167171,2019,2019-08-02,"County Ground, Hove",1,7.3,Kent,Sussex,HG Kuhn,DJ Bell-Drummond,TS Mills,0,1,1,,,,,,,,
1167171,2019,2019-08-02,"County Ground, Hove",1,7.4,Kent,Sussex,HG Kuhn,DJ Bell-Drummond,TS Mills,0,0,,,,,,,,,
1167171,2019,2019-08-02,"County Ground, Hove",1,7.5,Kent,Sussex,HG Kuhn,DJ Bell-Drummond,TS Mills,0,0,,,,,,,,,
1167171,2019,2019-08-02,"County Ground, Hove",1,7.6,Kent,Sussex,HG Kuhn,DJ Bell-Drummond,TS Mills,0,0,,,,,,caught,HG Kuhn,,
1167171,2019,2019-08-02,"County Ground, Hove",1,7.7,Kent,Sussex,DJ Bell-Drummond,Mohammad Nabi,TS Mills,4,0,,,,,,,,,
1167171,2019,2019-08-02,"County Ground, Hove",1,8.1,Kent,Sussex,Mohammad Nabi,DJ Bell-Drummond,Rashid Khan,0,0,,,,,,,,,
1167171,2019,2019-08-02,"County Ground, Hove",1,8.2,Kent,Sussex,Mohammad Nabi,DJ Bell-Drummond,Rashid Khan,1,0,,,,,,,,,
1167171,2019,2019-08-02,"County Ground, Hove",1,8.3,Kent,Sussex,DJ Bell-Drummond,Mohammad Nabi,Rashid Khan,1,0,,,,,,,,,
1167171,2019,2019-08-02,"County Ground, Hove",1,8.4,Kent,Sussex,Mohammad Nabi,DJ Bell-Drummond,Rashid Khan,1,0,,,,,,,,,
1167171,2019,2019-08-02,"County Ground, Hove",1,8.5,Kent,Sussex,DJ Bell-Drummond,Mohammad Nabi,Rashid Khan,1,0,,,,,,,,,
1167171,2019,2019-08-02,"County Ground, Hove",1,8.6,Kent,Sussex,Mohammad Nabi,DJ Bell-Drummond,Rashid Khan,6,0,,,,,,,,,
1167171,2019,2019-08-02,"County Ground, Hove",1,9.1,Kent,Sussex,DJ Bell-Drummond,Mohammad Nabi,DR Briggs,1,0,,,,,,,,,
1167171,2019,2019-08-02,"County Ground, Hove",1,9.2,Kent,Sussex,Mohammad Nabi,DJ Bell-Drummond,DR Briggs,1,0,,,,,,,,,
1167171,2019,2019-08-02,"County Ground, Hove",1,9.3,Kent,Sussex,DJ Bell-Drummond,Mohammad Nabi,DR Briggs,0,0,,,,,,,,,
1167171,2019,2019-08-02,"County Ground, Hove",1,9.4,Kent,Sussex,DJ Bell-Drummond,Mohammad Nabi,DR Briggs,1,0,,,,,,,,,
1167171,2019,2019-08-02,"County Ground, Hove",1,9.5,Kent,Sussex,Mohammad Nabi,DJ Bell-Drummond,DR Briggs,1,0,,,,,,,,,
1167171,2019,2019-08-02,"County Ground, Hove",1,9.6,Kent,Sussex,DJ Bell-Drummond,Mohammad Nabi,DR Briggs,1,0,,,,,,,,,
1167171,2019,2019-08-02,"County Ground, Hove",1,10.1,Kent,Sussex,DJ Bell-Drummond,Mohammad Nabi,CJ Jordan,1,0,,,,,,,,,
1167171,2019,2019-08-02,"County Ground, Hove",1,10.2,Kent,Sussex,Mohammad Nabi,DJ Bell-Drummond,CJ Jordan,1,0,,,,,,,,,
1167171,2019,2019-08-02,"County Ground, Hove",1,10.3,Kent,Sussex,DJ Bell-Drummond,Mohammad Nabi,CJ Jordan,2,0,,,,,,,,,
1167171,2019,2019-08-02,"County Ground, Hove",1,10.4,Kent,Sussex,DJ Bell-Drummond,Mohammad Nabi,CJ Jordan,1,0,,,,,,,,,
1167171,2019,2019-08-02,"County Ground, Hove",1,10.5,Kent,Sussex,Mohammad Nabi,DJ Bell-Drummond,CJ Jordan,4,0,,,,,,,,,
1167171,2019,2019-08-02,"County Ground, Hove",1,10.6,Kent,Sussex,Mohammad Nabi,DJ Bell-Drummond,CJ Jordan,0,0,,,,,,,,,
1167171,2019,2019-08-02,"County Ground, Hove",1,11.1,Kent,Sussex,DJ Bell-Drummond,Mohammad Nabi,DR Briggs,0,0,,,,,,,,,
1167171,2019,2019-08-02,"County Ground, Hove",1,11.2,Kent,Sussex,DJ Bell-Drummond,Mohammad Nabi,DR Briggs,1,0,,,,,,,,,
1167171,2019,2019-08-02,"County Ground, Hove",1,11.3,Kent,Sussex,Mohammad Nabi,DJ Bell-Drummond,DR Briggs,0,0,,,,,,,,,
1167171,2019,2019-08-02,"County Ground, Hove",1,11.4,Kent,Sussex,Mohammad Nabi,DJ Bell-Drummond,DR Briggs,0,0,,,,,,,,,
1167171,2019,2019-08-02,"County Ground, Hove",1,11.5,Kent,Sussex,Mohammad Nabi,DJ Bell-Drummond,DR Briggs,1,0,,,,,,,,,
1167171,2019,2019-08-02,"County Ground, Hove",1,11.6,Kent,Sussex,DJ Bell-Drummond,Mohammad Nabi,DR Briggs,1,0,,,,,,,,,
1167171,2019,2019-08-02,"County Ground, Hove",1,12.1,Kent,Sussex,DJ Bell-Drummond,Mohammad Nabi,Rashid Khan,0,0,,,,,,,,,
1167171,2019,2019-08-02,"County Ground, Hove",1,12.2,Kent,Sussex,DJ Bell-Drummond,Mohammad Nabi,Rashid Khan,0,0,,,,,,bowled,DJ Bell-Drummond,,
1167171,2019,2019-08-02,"County Ground, Hove",1,12.3,Kent,Sussex,AJ Blake,Mohammad Nabi,Rashid Khan,0,0,,,,,,,,,
1167171,2019,2019-08-02,"County Ground, Hove",1,12.4,Kent,Sussex,AJ Blake,Mohammad Nabi,Rashid Khan,1,0,,,,,,,,,
1167171,2019,2019-08-02,"County Ground, Hove",1,12.5,Kent,Sussex,Mohammad Nabi,AJ Blake,Rashid Khan,1,0,,,,,,,,,
1167171,2019,2019-08-02,"County Ground, Hove",1,12.6,Kent,Sussex,AJ Blake,Mohammad Nabi,Rashid Khan,0,0,,,,,,,,,
1167171,2019,2019-08-02,"County Ground, Hove",1,13.1,Kent,Sussex,Mohammad Nabi,AJ Blake,TS Mills,0,0,,,,,,,,,
1167171,2019,2019-08-02,"County Ground, Hove",1,13.2,Kent,Sussex,Mohammad Nabi,AJ Blake,TS Mills,4,0,,,,,,,,,
1167171,2019,2019-08-02,"County Ground, Hove",1,13.3,Kent,Sussex,Mohammad Nabi,AJ Blake,TS Mills,1,0,,,,,,,,,
1167171,2019,2019-08-02,"County Ground, Hove",1,13.4,Kent,Sussex,AJ Blake,Mohammad Nabi,TS Mills,0,0,,,,,,,,,
1167171,2019,2019-08-02,"County Ground, Hove",1,13.5,Kent,Sussex,AJ Blake,Mohammad Nabi,TS Mills,1,0,,,,,,,,,
1167171,2019,2019-08-02,"County Ground, Hove",1,13.6,Kent,Sussex,Mohammad Nabi,AJ Blake,TS Mills,1,0,,,,,,,,,
1167171,2019,2019-08-02,"County Ground, Hove",1,14.1,Kent,Sussex,Mohammad Nabi,AJ Blake,Rashid Khan,1,0,,,,,,,,,
1167171,2019,2019-08-02,"County Ground, Hove",1,14.2,Kent,Sussex,AJ Blake,Mohammad Nabi,Rashid Khan,1,0,,,,,,,,,
1167171,2019,2019-08-02,"County Ground, Hove",1,14.3,Kent,Sussex,Mohammad Nabi,AJ Blake,Rashid Khan,4,0,,,,,,,,,
1167171,2019,2019-08-02,"County Ground, Hove",1,14.4,Kent,Sussex,Mohammad Nabi,AJ Blake,Rashid Khan,6,0,,,,,,,,,
1167171,2019,2019-08-02,"County Ground, Hove",1,14.5,Kent,Sussex,Mohammad Nabi,AJ Blake,Rashid Khan,4,0,,,,,,,,,
1167171,2019,2019-08-02,"County Ground, Hove",1,14.6,Kent,Sussex,Mohammad Nabi,AJ Blake,Rashid Khan,1,0,,,,,,,,,
1167171,2019,2019-08-02,"County Ground, Hove",1,15.1,Kent,Sussex,Mohammad Nabi,AJ Blake,D Wiese,1,0,,,,,,,,,
1167171,2019,2019-08-02,"County Ground, Hove",1,15.2,Kent,Sussex,AJ Blake,Mohammad Nabi,D Wiese,4,0,,,,,,,,,
1167171,2019,2019-08-02,"County Ground, Hove",1,15.3,Kent,Sussex,AJ Blake,Mohammad Nabi,D Wiese,0,0,,,,,,caught and bowled,AJ Blake,,
1167171,2019,2019-08-02,"County Ground, Hove",1,15.4,Kent,Sussex,JM Cox,Mohammad Nabi,D Wiese,1,0,,,,,,,,,
1167171,2019,2019-08-02,"County Ground, Hove",1,15.5,Kent,Sussex,Mohammad Nabi,JM Cox,D Wiese,1,0,,,,,,,,,
1167171,2019,2019-08-02,"County Ground, Hove",1,15.6,Kent,Sussex,JM Cox,Mohammad Nabi,D Wiese,1,0,,,,,,,,,
1167171,2019,2019-08-02,"County Ground, Hove",1,16.1,Kent,Sussex,JM Cox,Mohammad Nabi,JC Archer,1,0,,,,,,,,,
1167171,2019,2019-08-02,"County Ground, Hove",1,16.2,Kent,Sussex,Mohammad Nabi,JM Cox,JC Archer,0,0,,,,,,,,,
1167171,2019,2019-08-02,"County Ground, Hove",1,16.3,Kent,Sussex,Mohammad Nabi,JM Cox,JC Archer,1,0,,,,,,,,,
1167171,2019,2019-08-02,"County Ground, Hove",1,16.4,Kent,Sussex,JM Cox,Mohammad Nabi,JC Archer,0,0,,,,,,,,,
1167171,2019,2019-08-02,"County Ground, Hove",1,16.5,Kent,Sussex,JM Cox,Mohammad Nabi,JC Archer,1,0,,,,,,,,,
1167171,2019,2019-08-02,"County Ground, Hove",1,16.6,Kent,Sussex,Mohammad Nabi,JM Cox,JC Archer,0,0,,,,,,,,,
1167171,2019,2019-08-02,"County Ground, Hove",1,17.1,Kent,Sussex,JM Cox,Mohammad Nabi,TS Mills,1,0,,,,,,,,,
1167171,2019,2019-08-02,"County Ground, Hove",1,17.2,Kent,Sussex,Mohammad Nabi,JM Cox,TS Mills,1,0,,,,,,,,,
1167171,2019,2019-08-02,"County Ground, Hove",1,17.3,Kent,Sussex,JM Cox,Mohammad Nabi,TS Mills,1,0,,,,,,,,,
1167171,2019,2019-08-02,"County Ground, Hove",1,17.4,Kent,Sussex,Mohammad Nabi,JM Cox,TS Mills,0,0,,,,,,caught,Mohammad Nabi,,
1167171,2019,2019-08-02,"County Ground, Hove",1,17.5,Kent,Sussex,JM Cox,AF Milne,TS Mills,1,0,,,,,,,,,
1167171,2019,2019-08-02,"County Ground, Hove",1,17.6,Kent,Sussex,AF Milne,JM Cox,TS Mills,0,0,,,,,,,,,
1167171,2019,2019-08-02,"County Ground, Hove",1,18.1,Kent,Sussex,JM Cox,AF Milne,JC Archer,0,0,,,,,,,,,
1167171,2019,2019-08-02,"County Ground, Hove",1,18.2,Kent,Sussex,JM Cox,AF Milne,JC Archer,4,0,,,,,,,,,
1167171,2019,2019-08-02,"County Ground, Hove",1,18.3,Kent,Sussex,JM Cox,AF Milne,JC Archer,1,0,,,,,,,,,
1167171,2019,2019-08-02,"County Ground, Hove",1,18.4,Kent,Sussex,AF Milne,JM Cox,JC Archer,0,0,,,,,,caught,AF Milne,,
1167171,2019,2019-08-02,"County Ground, Hove",1,18.5,Kent,Sussex,JM Cox,GC Viljoen,JC Archer,0,0,,,,,,,,,
1167171,2019,2019-08-02,"County Ground, Hove",1,18.6,Kent,Sussex,JM Cox,GC Viljoen,JC Archer,0,0,,,,,,,,,
1167171,2019,2019-08-02,"County Ground, Hove",1,19.1,Kent,Sussex,GC Viljoen,JM Cox,CJ Jordan,0,0,,,,,,caught,GC Viljoen,,
1167171,2019,2019-08-02,"County Ground, Hove",1,19.2,Kent,Sussex,JM Cox,Imran Qayyum,CJ Jordan,2,0,,,,,,,,,
1167171,2019,2019-08-02,"County Ground, Hove",1,19.3,Kent,Sussex,JM Cox,Imran Qayyum,CJ Jordan,4,0,,,,,,,,,
1167171,2019,2019-08-02,"County Ground, Hove",1,19.4,Kent,Sussex,JM Cox,Imran Qayyum,CJ Jordan,4,0,,,,,,,,,
1167171,2019,2019-08-02,"County Ground, Hove",1,19.5,Kent,Sussex,JM Cox,Imran Qayyum,CJ Jordan,1,0,,,,,,,,,
1167171,2019,2019-08-02,"County Ground, Hove",1,19.6,Kent,Sussex,Imran Qayyum,JM Cox,CJ Jordan,1,0,,,,,,,,,
1167171,2019,2019-08-02,"County Ground, Hove",2,0.1,Sussex,Kent,PD Salt,LJ Wright,Imran Qayyum,0,0,,,,,,,,,
1167171,2019,2019-08-02,"County Ground, Hove",2,0.2,Sussex,Kent,PD Salt,LJ Wright,Imran Qayyum,1,0,,,,,,,,,
1167171,2019,2019-08-02,"County Ground, Hove",2,0.3,Sussex,Kent,LJ Wright,PD Salt,Imran Qayyum,1,0,,,,,,,,,
1167171,2019,2019-08-02,"County Ground, Hove",2,0.4,Sussex,Kent,PD Salt,LJ Wright,Imran Qayyum,6,0,,,,,,,,,
1167171,2019,2019-08-02,"County Ground, Hove",2,0.5,Sussex,Kent,PD Salt,LJ Wright,Imran Qayyum,4,0,,,,,,,,,
1167171,2019,2019-08-02,"County Ground, Hove",2,0.6,Sussex,Kent,PD Salt,LJ Wright,Imran Qayyum,0,0,,,,,,,,,
1167171,2019,2019-08-02,"County Ground, Hove",2,1.1,Sussex,Kent,LJ Wright,PD Salt,AF Milne,0,0,,,,,,,,,
1167171,2019,2019-08-02,"County Ground, Hove",2,1.2,Sussex,Kent,LJ Wright,PD Salt,AF Milne,4,0,,,,,,,,,
1167171,2019,2019-08-02,"County Ground, Hove",2,1.3,Sussex,Kent,LJ Wright,PD Salt,AF Milne,0,0,,,,,,,,,
1167171,2019,2019-08-02,"County Ground, Hove",2,1.4,Sussex,Kent,LJ Wright,PD Salt,AF Milne,4,0,,,,,,,,,
1167171,2019,2019-08-02,"County Ground, Hove",2,1.5,Sussex,Kent,LJ Wright,PD Salt,AF Milne,0,0,,,,,,,,,
1167171,2019,2019-08-02,"County Ground, Hove",2,1.6,Sussex,Kent,LJ Wright,PD Salt,AF Milne,0,0,,,,,,,,,
1167171,2019,2019-08-02,"County Ground, Hove",2,2.1,Sussex,Kent,PD Salt,LJ Wright,FJ Klaassen,4,0,,,,,,,,,
1167171,2019,2019-08-02,"County Ground, Hove",2,2.2,Sussex,Kent,PD Salt,LJ Wright,FJ Klaassen,0,0,,,,,,,,,
1167171,2019,2019-08-02,"County Ground, Hove",2,2.3,Sussex,Kent,PD Salt,LJ Wright,FJ Klaassen,0,0,,,,,,,,,
1167171,2019,2019-08-02,"County Ground, Hove",2,2.4,Sussex,Kent,PD Salt,LJ Wright,FJ Klaassen,1,0,,,,,,,,,
1167171,2019,2019-08-02,"County Ground, Hove",2,2.5,Sussex,Kent,LJ Wright,PD Salt,FJ Klaassen,0,0,,,,,,,,,
1167171,2019,2019-08-02,"County Ground, Hove",2,2.6,Sussex,Kent,LJ Wright,PD Salt,FJ Klaassen,1,0,,,,,,,,,
1167171,2019,2019-08-02,"County Ground, Hove",2,3.1,Sussex,Kent,LJ Wright,PD Salt,GC Viljoen,0,0,,,,,,,,,
1167171,2019,2019-08-02,"County Ground, Hove",2,3.2,Sussex,Kent,LJ Wright,PD Salt,GC Viljoen,0,0,,,,,,,,,
1167171,2019,2019-08-02,"County Ground, Hove",2,3.3,Sussex,Kent,LJ Wright,PD Salt,GC Viljoen,4,0,,,,,,,,,
1167171,2019,2019-08-02,"County Ground, Hove",2,3.4,Sussex,Kent,LJ Wright,PD Salt,GC Viljoen,4,0,,,,,,,,,
1167171,2019,2019-08-02,"County Ground, Hove",2,3.5,Sussex,Kent,LJ Wright,PD Salt,GC Viljoen,4,0,,,,,,,,,
1167171,2019,2019-08-02,"County Ground, Hove",2,3.6,Sussex,Kent,LJ Wright,PD Salt,GC Viljoen,0,0,,,,,,,,,
1167171,2019,2019-08-02,"County Ground, Hove",2,4.1,Sussex,Kent,PD Salt,LJ Wright,AF Milne,1,0,,,,,,,,,
1167171,2019,2019-08-02,"County Ground, Hove",2,4.2,Sussex,Kent,LJ Wright,PD Salt,AF Milne,1,0,,,,,,,,,
1167171,2019,2019-08-02,"County Ground, Hove",2,4.3,Sussex,Kent,PD Salt,LJ Wright,AF Milne,1,0,,,,,,,,,
1167171,2019,2019-08-02,"County Ground, Hove",2,4.4,Sussex,Kent,LJ Wright,PD Salt,AF Milne,1,0,,,,,,,,,
1167171,2019,2019-08-02,"County Ground, Hove",2,4.5,Sussex,Kent,PD Salt,LJ Wright,AF Milne,1,0,,,,,,,,,
1167171,2019,2019-08-02,"County Ground, Hove",2,4.6,Sussex,Kent,LJ Wright,PD Salt,AF Milne,0,0,,,,,,bowled,LJ Wright,,
1167171,2019,2019-08-02,"County Ground, Hove",2,5.1,Sussex,Kent,PD Salt,LJ Evans,GC Viljoen,1,0,,,,,,,,,
1167171,2019,2019-08-02,"County Ground, Hove",2,5.2,Sussex,Kent,LJ Evans,PD Salt,GC Viljoen,1,0,,,,,,,,,
1167171,2019,2019-08-02,"County Ground, Hove",2,5.3,Sussex,Kent,PD Salt,LJ Evans,GC Viljoen,0,0,,,,,,,,,
1167171,2019,2019-08-02,"County Ground, Hove",2,5.4,Sussex,Kent,PD Salt,LJ Evans,GC Viljoen,0,0,,,,,,,,,
1167171,2019,2019-08-02,"County Ground, Hove",2,5.5,Sussex,Kent,PD Salt,LJ Evans,GC Viljoen,0,0,,,,,,,,,
1167171,2019,2019-08-02,"County Ground, Hove",2,5.6,Sussex,Kent,PD Salt,LJ Evans,GC Viljoen,1,0,,,,,,,,,
1167171,2019,2019-08-02,"County Ground, Hove",2,6.1,Sussex,Kent,PD Salt,LJ Evans,Imran Qayyum,0,0,,,,,,,,,
1167171,2019,2019-08-02,"County Ground, Hove",2,6.2,Sussex,Kent,PD Salt,LJ Evans,Imran Qayyum,6,0,,,,,,,,,
1167171,2019,2019-08-02,"County Ground, Hove",2,6.3,Sussex,Kent,PD Salt,LJ Evans,Imran Qayyum,0,0,,,,,,,,,
1167171,2019,2019-08-02,"County Ground, Hove",2,6.4,Sussex,Kent,PD Salt,LJ Evans,Imran Qayyum,2,0,,,,,,,,,
1167171,2019,2019-08-02,"County Ground, Hove",2,6.5,Sussex,Kent,PD Salt,LJ Evans,Imran Qayyum,1,0,,,,,,,,,
1167171,2019,2019-08-02,"County Ground, Hove",2,6.6,Sussex,Kent,LJ Evans,PD Salt,Imran Qayyum,1,0,,,,,,,,,
1167171,2019,2019-08-02,"County Ground, Hove",2,7.1,Sussex,Kent,LJ Evans,PD Salt,Mohammad Nabi,0,0,,,,,,,,,
1167171,2019,2019-08-02,"County Ground, Hove",2,7.2,Sussex,Kent,LJ Evans,PD Salt,Mohammad Nabi,1,0,,,,,,,,,
1167171,2019,2019-08-02,"County Ground, Hove",2,7.3,Sussex,Kent,PD Salt,LJ Evans,Mohammad Nabi,1,0,,,,,,,,,
1167171,2019,2019-08-02,"County Ground, Hove",2,7.4,Sussex,Kent,LJ Evans,PD Salt,Mohammad Nabi,4,0,,,,,,,,,
1167171,2019,2019-08-02,"County Ground, Hove",2,7.5,Sussex,Kent,LJ Evans,PD Salt,Mohammad Nabi,1,0,,,,,,,,,
1167171,2019,2019-08-02,"County Ground, Hove",2,7.6,Sussex,Kent,PD Salt,LJ Evans,Mohammad Nabi,1,0,,,,,,,,,
1167171,2019,2019-08-02,"County Ground, Hove",2,8.1,Sussex,Kent,PD Salt,LJ Evans,FJ Klaassen,0,0,,,,,,,,,
1167171,2019,2019-08-02,"County Ground, Hove",2,8.2,Sussex,Kent,PD Salt,LJ Evans,FJ Klaassen,1,0,,,,,,,,,
1167171,2019,2019-08-02,"County Ground, Hove",2,8.3,Sussex,Kent,LJ Evans,PD Salt,FJ Klaassen,0,1,,,,1,,,,,
1167171,2019,2019-08-02,"County Ground, Hove",2,8.4,Sussex,Kent,PD Salt,LJ Evans,FJ Klaassen,4,0,,,,,,,,,
1167171,2019,2019-08-02,"County Ground, Hove",2,8.5,Sussex,Kent,PD Salt,LJ Evans,FJ Klaassen,1,2,,2,,,,,,,
1167171,2019,2019-08-02,"County Ground, Hove",2,8.6,Sussex,Kent,LJ Evans,PD Salt,FJ Klaassen,0,0,,,,,,,,,
1167171,2019,2019-08-02,"County Ground, Hove",2,8.7,Sussex,Kent,LJ Evans,PD Salt,FJ Klaassen,1,0,,,,,,,,,
1167171,2019,2019-08-02,"County Ground, Hove",2,9.1,Sussex,Kent,LJ Evans,PD Salt,Imran Qayyum,2,0,,,,,,,,,
1167171,2019,2019-08-02,"County Ground, Hove",2,9.2,Sussex,Kent,LJ Evans,PD Salt,Imran Qayyum,1,0,,,,,,,,,
1167171,2019,2019-08-02,"County Ground, Hove",2,9.3,Sussex,Kent,PD Salt,LJ Evans,Imran Qayyum,1,0,,,,,,,,,
1167171,2019,2019-08-02,"County Ground, Hove",2,9.4,Sussex,Kent,LJ Evans,PD Salt,Imran Qayyum,1,0,,,,,,,,,
1167171,2019,2019-08-02,"County Ground, Hove",2,9.5,Sussex,Kent,PD Salt,LJ Evans,Imran Qayyum,1,0,,,,,,,,,
1167171,2019,2019-08-02,"County Ground, Hove",2,9.6,Sussex,Kent,LJ Evans,PD Salt,Imran Qayyum,1,0,,,,,,,,,
1167171,2019,2019-08-02,"County Ground, Hove",2,10.1,Sussex,Kent,LJ Evans,PD Salt,GC Viljoen,4,0,,,,,,,,,
1167171,2019,2019-08-02,"County Ground, Hove",2,10.2,Sussex,Kent,LJ Evans,PD Salt,GC Viljoen,1,0,,,,,,,,,
1167171,2019,2019-08-02,"County Ground, Hove",2,10.3,Sussex,Kent,PD Salt,LJ Evans,GC Viljoen,1,0,,,,,,,,,
1167171,2019,2019-08-02,"County Ground, Hove",2,10.4,Sussex,Kent,LJ Evans,PD Salt,GC Viljoen,0,0,,,,,,,,,
1167171,2019,2019-08-02,"County Ground, Hove",2,10.5,Sussex,Kent,LJ Evans,PD Salt,GC Viljoen,2,0,,,,,,,,,
1167171,2019,2019-08-02,"County Ground, Hove",2,10.6,Sussex,Kent,LJ Evans,PD Salt,GC Viljoen,0,1,1,,,,,,,,
1167171,2019,2019-08-02,"County Ground, Hove",2,10.7,Sussex,Kent,LJ Evans,PD Salt,GC Viljoen,0,0,,,,,,,,,
1167171,2019,2019-08-02,"County Ground, Hove",2,11.1,Sussex,Kent,PD Salt,LJ Evans,Mohammad Nabi,4,0,,,,,,,,,
1167171,2019,2019-08-02,"County Ground, Hove",2,11.2,Sussex,Kent,PD Salt,LJ Evans,Mohammad Nabi,1,0,,,,,,,,,
1167171,2019,2019-08-02,"County Ground, Hove",2,11.3,Sussex,Kent,LJ Evans,PD Salt,Mohammad Nabi,1,0,,,,,,,,,
1167171,2019,2019-08-02,"County Ground, Hove",2,11.4,Sussex,Kent,PD Salt,LJ Evans,Mohammad Nabi,1,0,,,,,,,,,
1167171,2019,2019-08-02,"County Ground, Hove",2,11.5,Sussex,Kent,LJ Evans,PD Salt,Mohammad Nabi,1,0,,,,,,,,,
1167171,2019,2019-08-02,"County Ground, Hove",2,11.6,Sussex,Kent,PD Salt,LJ Evans,Mohammad Nabi,1,0,,,,,,,,,
1167171,2019,2019-08-02,"County Ground, Hove",2,12.1,Sussex,Kent,PD Salt,LJ Evans,AF Milne,1,0,,,,,,,,,
1167171,2019,2019-08-02,"County Ground, Hove",2,12.2,Sussex,Kent,LJ Evans,PD Salt,AF Milne,1,0,,,,,,,,,
1167171,2019,2019-08-02,"County Ground, Hove",2,12.3,Sussex,Kent,PD Salt,LJ Evans,AF Milne,1,0,,,,,,,,,
1167171,2019,2019-08-02,"County Ground, Hove",2,12.4,Sussex,Kent,LJ Evans,PD Salt,AF Milne,4,0,,,,,,,,,
1167171,2019,2019-08-02,"County Ground, Hove",2,12.5,Sussex,Kent,LJ Evans,PD Salt,AF Milne,6,0,,,,,,,,,
1167171,2019,2019-08-02,"County Ground, Hove",2,12.6,Sussex,Kent,LJ Evans,PD Salt,AF Milne,1,0,,,,,,,,,
1167171,2019,2019-08-02,"County Ground, Hove",2,13.1,Sussex,Kent,LJ Evans,PD Salt,GC Viljoen,1,0,,,,,,,,,
1167171,2019,2019-08-02,"County Ground, Hove",2,13.2,Sussex,Kent,PD Salt,LJ Evans,GC Viljoen,4,0,,,,,,,,,
1167171,2019,2019-08-02,"County Ground, Hove",2,13.3,Sussex,Kent,PD Salt,LJ Evans,GC Viljoen,1,0,,,,,,,,,
1167171,2019,2019-08-02,"County Ground, Hove",2,13.4,Sussex,Kent,LJ Evans,PD Salt,GC Viljoen,4,0,,,,,,,,,
1167171,2019,2019-08-02,"County Ground, Hove",2,13.5,Sussex,Kent,LJ Evans,PD Salt,GC Viljoen,4,0,,,,,,,,,
1167171,2019,2019-08-02,"County Ground, Hove",2,13.6,Sussex,Kent,LJ Evans,PD Salt,GC Viljoen,1,0,,,,,,,,,
1167171,2019,2019-08-02,"County Ground, Hove",2,14.1,Sussex,Kent,LJ Evans,PD Salt,FJ Klaassen,6,0,,,,,,,,,
1167171,2019,2019-08-02,"County Ground, Hove",2,14.2,Sussex,Kent,LJ Evans,PD Salt,FJ Klaassen,4,0,,,,,,,,,
1167171,2019,2019-08-02,"County Ground, Hove",2,14.3,Sussex,Kent,LJ Evans,PD Salt,FJ Klaassen,6,0,,,,,,,,,
1167171,2019,2019-08-02,"County Ground, Hove",2,14.4,Sussex,Kent,LJ Evans,PD Salt,FJ Klaassen,1,0,,,,,,,,,
1167171,2019,2019-08-02,"County Ground, Hove",2,14.5,Sussex,Kent,PD Salt,LJ Evans,FJ Klaassen,1,0,,,,,,,,,
1167171,2019,2019-08-02,"County Ground, Hove",2,14.6,Sussex,Kent,LJ Evans,PD Salt,FJ Klaassen,1,0,,,,,,,,,
1167171,2019,2019-08-02,"County Ground, Hove",2,15.1,Sussex,Kent,LJ Evans,PD Salt,Imran Qayyum,1,0,,,,,,,,,
1167171,2019,2019-08-02,"County Ground, Hove",2,15.2,Sussex,Kent,PD Salt,LJ Evans,DJ Bell-Drummond,2,0,,,,,,,,,
1167171,2019,2019-08-02,"County Ground, Hove",2,15.3,Sussex,Kent,PD Salt,LJ Evans,DJ Bell-Drummond,0,1,1,,,,,,,,
1167171,2019,2019-08-02,"County Ground, Hove",2,15.4,Sussex,Kent,PD Salt,LJ Evans,DJ Bell-Drummond,0,1,1,,,,,,,,
1167171,2019,2019-08-02,"County Ground, Hove",2,15.5,Sussex,Kent,PD Salt,LJ Evans,DJ Bell-Drummond,0,0,,,,,,,,,
1167171,2019,2019-08-02,"County Ground, Hove",2,15.6,Sussex,Kent,PD Salt,LJ Evans,DJ Bell-Drummond,1,0,,,,,,,,,
1167171,2019,2019-08-02,"County Ground, Hove",2,15.7,Sussex,Kent,LJ Evans,PD Salt,DJ Bell-Drummond,1,0,,,,,,,,,
1167171,2019,2019-08-02,"County Ground, Hove",2,15.8,Sussex,Kent,PD Salt,LJ Evans,DJ Bell-Drummond,4,0,,,,,,,,,
