match_id,season,start_date,venue,innings,ball,batting_team,bowling_team,striker,non_striker,bowler,runs_off_bat,extras,wides,noballs,byes,legbyes,penalty,wicket_type,player_dismissed,other_wicket_type,other_player_dismissed
1167130,2019,2019-07-19,Riverside Ground,1,0.1,Durham,Northamptonshire,DJM Short,S Steel,JJ Cobb,1,0,,,,,,,,,
1167130,2019,2019-07-19,Riverside Ground,1,0.2,Durham,Northamptonshire,S Steel,DJM Short,JJ Cobb,0,0,,,,,,,,,
1167130,2019,2019-07-19,Riverside Ground,1,0.3,Durham,Northamptonshire,S Steel,DJM Short,JJ Cobb,1,0,,,,,,,,,
1167130,2019,2019-07-19,Riverside Ground,1,0.4,Durham,Northamptonshire,DJM Short,S Steel,JJ Cobb,0,0,,,,,,,,,
1167130,2019,2019-07-19,Riverside Ground,1,0.5,Durham,Northamptonshire,DJM Short,S Steel,JJ Cobb,0,0,,,,,,,,,
1167130,2019,2019-07-19,Riverside Ground,1,0.6,Durham,Northamptonshire,DJM Short,S Steel,JJ Cobb,0,0,,,,,,,,,
1167130,2019,2019-07-19,Riverside Ground,1,1.1,Durham,Northamptonshire,S Steel,DJM Short,BW Sanderson,1,0,,,,,,,,,
1167130,2019,2019-07-19,Riverside Ground,1,1.2,Durham,Northamptonshire,DJM Short,S Steel,BW Sanderson,4,0,,,,,,,,,
1167130,2019,2019-07-19,Riverside Ground,1,1.3,Durham,Northamptonshire,DJM Short,S Steel,BW Sanderson,0,0,,,,,,,,,
1167130,2019,2019-07-19,Riverside Ground,1,1.4,Durham,Northamptonshire,DJM Short,S Steel,BW Sanderson,1,0,,,,,,,,,
1167130,2019,2019-07-19,Riverside Ground,1,1.5,Durham,Northamptonshire,S Steel,DJM Short,BW Sanderson,0,0,,,,,,,,,
1167130,2019,2019-07-19,Riverside Ground,1,1.6,Durham,Northamptonshire,S Steel,DJM Short,BW Sanderson,4,0,,,,,,,,,
1167130,2019,2019-07-19,Riverside Ground,1,2.1,Durham,Northamptonshire,DJM Short,S Steel,Faheem Ashraf,1,0,,,,,,,,,
1167130,2019,2019-07-19,Riverside Ground,1,2.2,Durham,Northamptonshire,S Steel,DJM Short,Faheem Ashraf,0,0,,,,,,,,,
1167130,2019,2019-07-19,Riverside Ground,1,2.3,Durham,Northamptonshire,S Steel,DJM Short,Faheem Ashraf,1,0,,,,,,,,,
1167130,2019,2019-07-19,Riverside Ground,1,2.4,Durham,Northamptonshire,DJM Short,S Steel,Faheem Ashraf,0,0,,,,,,,,,
1167130,2019,2019-07-19,Riverside Ground,1,2.5,Durham,Northamptonshire,DJM Short,S Steel,Faheem Ashraf,1,0,,,,,,,,,
1167130,2019,2019-07-19,Riverside Ground,1,2.6,Durham,Northamptonshire,S Steel,DJM Short,Faheem Ashraf,0,0,,,,,,,,,
1167130,2019,2019-07-19,Riverside Ground,1,3.1,Durham,Northamptonshire,DJM Short,S Steel,MT Coles,0,0,,,,,,,,,
1167130,2019,2019-07-19,Riverside Ground,1,3.2,Durham,Northamptonshire,DJM Short,S Steel,MT Coles,1,0,,,,,,,,,
1167130,2019,2019-07-19,Riverside Ground,1,3.3,Durham,Northamptonshire,S Steel,DJM Short,MT Coles,2,0,,,,,,,,,
1167130,2019,2019-07-19,Riverside Ground,1,3.4,Durham,Northamptonshire,S Steel,DJM Short,MT Coles,0,0,,,,,,,,,
1167130,2019,2019-07-19,Riverside Ground,1,3.5,Durham,Northamptonshire,S Steel,DJM Short,MT Coles,1,0,,,,,,,,,
1167130,2019,2019-07-19,Riverside Ground,1,3.6,Durham,Northamptonshire,DJM Short,S Steel,MT Coles,1,0,,,,,,,,,
1167130,2019,2019-07-19,Riverside Ground,1,4.1,Durham,Northamptonshire,DJM Short,S Steel,Faheem Ashraf,0,0,,,,,,,,,
1167130,2019,2019-07-19,Riverside Ground,1,4.2,Durham,Northamptonshire,DJM Short,S Steel,Faheem Ashraf,0,0,,,,,,,,,
1167130,2019,2019-07-19,Riverside Ground,1,4.3,Durham,Northamptonshire,DJM Short,S Steel,Faheem Ashraf,0,0,,,,,,,,,
1167130,2019,2019-07-19,Riverside Ground,1,4.4,Durham,Northamptonshire,DJM Short,S Steel,Faheem Ashraf,4,0,,,,,,,,,
1167130,2019,2019-07-19,Riverside Ground,1,4.5,Durham,Northamptonshire,DJM Short,S Steel,Faheem Ashraf,1,0,,,,,,,,,
1167130,2019,2019-07-19,Riverside Ground,1,4.6,Durham,Northamptonshire,S Steel,DJM Short,Faheem Ashraf,0,0,,,,,,,,,
1167130,2019,2019-07-19,Riverside Ground,1,5.1,Durham,Northamptonshire,DJM Short,S Steel,D Pretorius,1,0,,,,,,,,,
1167130,2019,2019-07-19,Riverside Ground,1,5.2,Durham,Northamptonshire,S Steel,DJM Short,D Pretorius,1,0,,,,,,,,,
1167130,2019,2019-07-19,Riverside Ground,1,5.3,Durham,Northamptonshire,DJM Short,S Steel,D Pretorius,0,0,,,,,,,,,
1167130,2019,2019-07-19,Riverside Ground,1,5.4,Durham,Northamptonshire,DJM Short,S Steel,D Pretorius,1,0,,,,,,,,,
1167130,2019,2019-07-19,Riverside Ground,1,5.5,Durham,Northamptonshire,S Steel,DJM Short,D Pretorius,0,0,,,,,,,,,
1167130,2019,2019-07-19,Riverside Ground,1,5.6,Durham,Northamptonshire,S Steel,DJM Short,D Pretorius,1,0,,,,,,,,,
1167130,2019,2019-07-19,Riverside Ground,1,6.1,Durham,Northamptonshire,S Steel,DJM Short,GG White,0,1,1,,,,,,,,
1167130,2019,2019-07-19,Riverside Ground,1,6.2,Durham,Northamptonshire,S Steel,DJM Short,GG White,1,0,,,,,,,,,
1167130,2019,2019-07-19,Riverside Ground,1,6.3,Durham,Northamptonshire,DJM Short,S Steel,GG White,0,0,,,,,,,,,
1167130,2019,2019-07-19,Riverside Ground,1,6.4,Durham,Northamptonshire,DJM Short,S Steel,GG White,2,0,,,,,,,,,
1167130,2019,2019-07-19,Riverside Ground,1,6.5,Durham,Northamptonshire,DJM Short,S Steel,GG White,0,0,,,,,,,,,
1167130,2019,2019-07-19,Riverside Ground,1,6.6,Durham,Northamptonshire,DJM Short,S Steel,GG White,4,0,,,,,,,,,
1167130,2019,2019-07-19,Riverside Ground,1,6.7,Durham,Northamptonshire,DJM Short,S Steel,GG White,3,0,,,,,,,,,
1167130,2019,2019-07-19,Riverside Ground,1,7.1,Durham,Northamptonshire,DJM Short,S Steel,D Pretorius,4,0,,,,,,,,,
1167130,2019,2019-07-19,Riverside Ground,1,7.2,Durham,Northamptonshire,DJM Short,S Steel,D Pretorius,1,0,,,,,,,,,
1167130,2019,2019-07-19,Riverside Ground,1,7.3,Durham,Northamptonshire,S Steel,DJM Short,D Pretorius,1,0,,,,,,,,,
1167130,2019,2019-07-19,Riverside Ground,1,7.4,Durham,Northamptonshire,DJM Short,S Steel,D Pretorius,4,0,,,,,,,,,
1167130,2019,2019-07-19,Riverside Ground,1,7.5,Durham,Northamptonshire,DJM Short,S Steel,D Pretorius,1,0,,,,,,,,,
1167130,2019,2019-07-19,Riverside Ground,1,7.6,Durham,Northamptonshire,S Steel,DJM Short,D Pretorius,0,0,,,,,,,,,
1167130,2019,2019-07-19,Riverside Ground,1,8.1,Durham,Northamptonshire,DJM Short,S Steel,MT Coles,1,0,,,,,,,,,
1167130,2019,2019-07-19,Riverside Ground,1,8.2,Durham,Northamptonshire,S Steel,DJM Short,MT Coles,0,0,,,,,,,,,
1167130,2019,2019-07-19,Riverside Ground,1,8.3,Durham,Northamptonshire,S Steel,DJM Short,MT Coles,2,0,,,,,,,,,
1167130,2019,2019-07-19,Riverside Ground,1,8.4,Durham,Northamptonshire,S Steel,DJM Short,MT Coles,1,0,,,,,,,,,
1167130,2019,2019-07-19,Riverside Ground,1,8.5,Durham,Northamptonshire,DJM Short,S Steel,MT Coles,2,0,,,,,,,,,
1167130,2019,2019-07-19,Riverside Ground,1,8.6,Durham,Northamptonshire,DJM Short,S Steel,MT Coles,0,0,,,,,,,,,
1167130,2019,2019-07-19,Riverside Ground,1,9.1,Durham,Northamptonshire,S Steel,DJM Short,JJ Cobb,1,0,,,,,,,,,
1167130,2019,2019-07-19,Riverside Ground,1,9.2,Durham,Northamptonshire,DJM Short,S Steel,JJ Cobb,1,0,,,,,,,,,
1167130,2019,2019-07-19,Riverside Ground,1,9.3,Durham,Northamptonshire,S Steel,DJM Short,JJ Cobb,0,1,,,,1,,,,,
1167130,2019,2019-07-19,Riverside Ground,1,9.4,Durham,Northamptonshire,DJM Short,S Steel,JJ Cobb,0,0,,,,,,,,,
1167130,2019,2019-07-19,Riverside Ground,1,9.5,Durham,Northamptonshire,DJM Short,S Steel,JJ Cobb,1,0,,,,,,,,,
1167130,2019,2019-07-19,Riverside Ground,1,9.6,Durham,Northamptonshire,S Steel,DJM Short,JJ Cobb,2,0,,,,,,,,,
1167130,2019,2019-07-19,Riverside Ground,1,10.1,Durham,Northamptonshire,DJM Short,S Steel,GG White,0,0,,,,,,,,,
1167130,2019,2019-07-19,Riverside Ground,1,10.2,Durham,Northamptonshire,DJM Short,S Steel,GG White,4,0,,,,,,,,,
1167130,2019,2019-07-19,Riverside Ground,1,10.3,Durham,Northamptonshire,DJM Short,S Steel,GG White,1,0,,,,,,,,,
1167130,2019,2019-07-19,Riverside Ground,1,10.4,Durham,Northamptonshire,S Steel,DJM Short,GG White,1,0,,,,,,,,,
1167130,2019,2019-07-19,Riverside Ground,1,10.5,Durham,Northamptonshire,DJM Short,S Steel,GG White,0,0,,,,,,caught,DJM Short,,
1167130,2019,2019-07-19,Riverside Ground,1,10.6,Durham,Northamptonshire,S Steel,G Clark,GG White,1,0,,,,,,,,,
1167130,2019,2019-07-19,Riverside Ground,1,11.1,Durham,Northamptonshire,S Steel,G Clark,JJ Cobb,1,0,,,,,,,,,
1167130,2019,2019-07-19,Riverside Ground,1,11.2,Durham,Northamptonshire,G Clark,S Steel,JJ Cobb,0,1,1,,,,,,,,
1167130,2019,2019-07-19,Riverside Ground,1,11.3,Durham,Northamptonshire,G Clark,S Steel,JJ Cobb,1,0,,,,,,,,,
1167130,2019,2019-07-19,Riverside Ground,1,11.4,Durham,Northamptonshire,S Steel,G Clark,JJ Cobb,1,0,,,,,,,,,
1167130,2019,2019-07-19,Riverside Ground,1,11.5,Durham,Northamptonshire,G Clark,S Steel,JJ Cobb,0,1,,,,1,,,,,
1167130,2019,2019-07-19,Riverside Ground,1,11.6,Durham,Northamptonshire,S Steel,G Clark,JJ Cobb,0,0,,,,,,,,,
1167130,2019,2019-07-19,Riverside Ground,1,11.7,Durham,Northamptonshire,S Steel,G Clark,JJ Cobb,1,0,,,,,,,,,
1167130,2019,2019-07-19,Riverside Ground,1,12.1,Durham,Northamptonshire,S Steel,G Clark,GG White,1,0,,,,,,,,,
1167130,2019,2019-07-19,Riverside Ground,1,12.2,Durham,Northamptonshire,G Clark,S Steel,GG White,0,0,,,,,,,,,
1167130,2019,2019-07-19,Riverside Ground,1,12.3,Durham,Northamptonshire,G Clark,S Steel,GG White,1,0,,,,,,,,,
1167130,2019,2019-07-19,Riverside Ground,1,12.4,Durham,Northamptonshire,S Steel,G Clark,GG White,3,0,,,,,,,,,
1167130,2019,2019-07-19,Riverside Ground,1,12.5,Durham,Northamptonshire,G Clark,S Steel,GG White,2,0,,,,,,,,,
1167130,2019,2019-07-19,Riverside Ground,1,12.6,Durham,Northamptonshire,G Clark,S Steel,GG White,1,0,,,,,,,,,
1167130,2019,2019-07-19,Riverside Ground,1,13.1,Durham,Northamptonshire,G Clark,S Steel,JJ Cobb,0,1,,,,1,,,,,
1167130,2019,2019-07-19,Riverside Ground,1,13.2,Durham,Northamptonshire,S Steel,G Clark,JJ Cobb,6,0,,,,,,,,,
1167130,2019,2019-07-19,Riverside Ground,1,13.3,Durham,Northamptonshire,S Steel,G Clark,JJ Cobb,1,0,,,,,,,,,
1167130,2019,2019-07-19,Riverside Ground,1,13.4,Durham,Northamptonshire,G Clark,S Steel,JJ Cobb,0,1,,,,1,,,,,
1167130,2019,2019-07-19,Riverside Ground,1,13.5,Durham,Northamptonshire,S Steel,G Clark,JJ Cobb,1,0,,,,,,,,,
1167130,2019,2019-07-19,Riverside Ground,1,13.6,Durham,Northamptonshire,G Clark,S Steel,JJ Cobb,1,0,,,,,,,,,
1167130,2019,2019-07-19,Riverside Ground,1,14.1,Durham,Northamptonshire,G Clark,S Steel,GG White,2,0,,,,,,,,,
1167130,2019,2019-07-19,Riverside Ground,1,14.2,Durham,Northamptonshire,G Clark,S Steel,GG White,4,0,,,,,,,,,
1167130,2019,2019-07-19,Riverside Ground,1,14.3,Durham,Northamptonshire,G Clark,S Steel,GG White,1,0,,,,,,,,,
1167130,2019,2019-07-19,Riverside Ground,1,14.4,Durham,Northamptonshire,S Steel,G Clark,GG White,0,0,,,,,,caught,S Steel,,
1167130,2019,2019-07-19,Riverside Ground,1,14.5,Durham,Northamptonshire,G Clark,BA Raine,GG White,1,0,,,,,,,,,
1167130,2019,2019-07-19,Riverside Ground,1,14.6,Durham,Northamptonshire,BA Raine,G Clark,GG White,2,0,,,,,,,,,
1167130,2019,2019-07-19,Riverside Ground,1,15.1,Durham,Northamptonshire,G Clark,BA Raine,BW Sanderson,1,0,,,,,,,,,
1167130,2019,2019-07-19,Riverside Ground,1,15.2,Durham,Northamptonshire,BA Raine,G Clark,BW Sanderson,2,0,,,,,,,,,
1167130,2019,2019-07-19,Riverside Ground,1,15.3,Durham,Northamptonshire,BA Raine,G Clark,BW Sanderson,0,0,,,,,,,,,
1167130,2019,2019-07-19,Riverside Ground,1,15.4,Durham,Northamptonshire,BA Raine,G Clark,BW Sanderson,0,0,,,,,,,,,
1167130,2019,2019-07-19,Riverside Ground,1,15.5,Durham,Northamptonshire,BA Raine,G Clark,BW Sanderson,1,0,,,,,,,,,
1167130,2019,2019-07-19,Riverside Ground,1,15.6,Durham,Northamptonshire,G Clark,BA Raine,BW Sanderson,1,0,,,,,,,,,
1167130,2019,2019-07-19,Riverside Ground,1,16.1,Durham,Northamptonshire,G Clark,BA Raine,Faheem Ashraf,1,0,,,,,,,,,
1167130,2019,2019-07-19,Riverside Ground,1,16.2,Durham,Northamptonshire,BA Raine,G Clark,Faheem Ashraf,4,0,,,,,,,,,
1167130,2019,2019-07-19,Riverside Ground,1,16.3,Durham,Northamptonshire,BA Raine,G Clark,Faheem Ashraf,4,0,,,,,,,,,
1167130,2019,2019-07-19,Riverside Ground,1,16.4,Durham,Northamptonshire,BA Raine,G Clark,Faheem Ashraf,0,0,,,,,,bowled,BA Raine,,
1167130,2019,2019-07-19,Riverside Ground,1,16.5,Durham,Northamptonshire,L Trevaskis,G Clark,Faheem Ashraf,2,0,,,,,,,,,
1167130,2019,2019-07-19,Riverside Ground,1,16.6,Durham,Northamptonshire,L Trevaskis,G Clark,Faheem Ashraf,0,0,,,,,,,,,
1167130,2019,2019-07-19,Riverside Ground,1,17.1,Durham,Northamptonshire,G Clark,L Trevaskis,BW Sanderson,0,0,,,,,,caught,G Clark,,
1167130,2019,2019-07-19,Riverside Ground,1,17.2,Durham,Northamptonshire,L Trevaskis,SW Poynter,BW Sanderson,1,0,,,,,,,,,
1167130,2019,2019-07-19,Riverside Ground,1,17.3,Durham,Northamptonshire,SW Poynter,L Trevaskis,BW Sanderson,2,0,,,,,,,,,
1167130,2019,2019-07-19,Riverside Ground,1,17.4,Durham,Northamptonshire,SW Poynter,L Trevaskis,BW Sanderson,1,0,,,,,,,,,
1167130,2019,2019-07-19,Riverside Ground,1,17.5,Durham,Northamptonshire,L Trevaskis,SW Poynter,BW Sanderson,0,0,,,,,,,,,
1167130,2019,2019-07-19,Riverside Ground,1,17.6,Durham,Northamptonshire,L Trevaskis,SW Poynter,BW Sanderson,1,0,,,,,,,,,
1167130,2019,2019-07-19,Riverside Ground,1,18.1,Durham,Northamptonshire,L Trevaskis,SW Poynter,Faheem Ashraf,0,1,,,,1,,,,,
1167130,2019,2019-07-19,Riverside Ground,1,18.2,Durham,Northamptonshire,SW Poynter,L Trevaskis,Faheem Ashraf,2,2,,2,,,,,,,
1167130,2019,2019-07-19,Riverside Ground,1,18.3,Durham,Northamptonshire,SW Poynter,L Trevaskis,Faheem Ashraf,1,0,,,,,,,,,
1167130,2019,2019-07-19,Riverside Ground,1,18.4,Durham,Northamptonshire,L Trevaskis,SW Poynter,Faheem Ashraf,1,0,,,,,,,,,
1167130,2019,2019-07-19,Riverside Ground,1,18.5,Durham,Northamptonshire,SW Poynter,L Trevaskis,Faheem Ashraf,2,0,,,,,,,,,
1167130,2019,2019-07-19,Riverside Ground,1,18.6,Durham,Northamptonshire,SW Poynter,L Trevaskis,Faheem Ashraf,2,0,,,,,,,,,
1167130,2019,2019-07-19,Riverside Ground,1,18.7,Durham,Northamptonshire,SW Poynter,L Trevaskis,Faheem Ashraf,0,0,,,,,,,,,
1167130,2019,2019-07-19,Riverside Ground,1,19.1,Durham,Northamptonshire,L Trevaskis,SW Poynter,BW Sanderson,1,0,,,,,,,,,
1167130,2019,2019-07-19,Riverside Ground,1,19.2,Durham,Northamptonshire,SW Poynter,L Trevaskis,BW Sanderson,1,0,,,,,,,,,
1167130,2019,2019-07-19,Riverside Ground,1,19.3,Durham,Northamptonshire,L Trevaskis,SW Poynter,BW Sanderson,1,0,,,,,,,,,
1167130,2019,2019-07-19,Riverside Ground,1,19.4,Durham,Northamptonshire,SW Poynter,L Trevaskis,BW Sanderson,4,0,,,,,,,,,
1167130,2019,2019-07-19,Riverside Ground,1,19.5,Durham,Northamptonshire,SW Poynter,L Trevaskis,BW Sanderson,2,0,,,,,,,,,
1167130,2019,2019-07-19,Riverside Ground,1,19.6,Durham,Northamptonshire,SW Poynter,L Trevaskis,BW Sanderson,2,0,,,,,,,,,
1167130,2019,2019-07-19,Riverside Ground,2,0.1,Northamptonshire,Durham,CO Thurston,AM Rossington,BA Carse,0,0,,,,,,,,,
1167130,2019,2019-07-19,Riverside Ground,2,0.2,Northamptonshire,Durham,CO Thurston,AM Rossington,BA Carse,0,0,,,,,,,,,
1167130,2019,2019-07-19,Riverside Ground,2,0.3,Northamptonshire,Durham,CO Thurston,AM Rossington,BA Carse,3,0,,,,,,,,,
1167130,2019,2019-07-19,Riverside Ground,2,0.4,Northamptonshire,Durham,AM Rossington,CO Thurston,BA Carse,4,0,,,,,,,,,
1167130,2019,2019-07-19,Riverside Ground,2,0.5,Northamptonshire,Durham,AM Rossington,CO Thurston,BA Carse,0,0,,,,,,,,,
1167130,2019,2019-07-19,Riverside Ground,2,0.6,Northamptonshire,Durham,AM Rossington,CO Thurston,BA Carse,0,0,,,,,,,,,
1167130,2019,2019-07-19,Riverside Ground,2,1.1,Northamptonshire,Durham,CO Thurston,AM Rossington,MJ Potts,0,0,,,,,,,,,
1167130,2019,2019-07-19,Riverside Ground,2,1.2,Northamptonshire,Durham,CO Thurston,AM Rossington,MJ Potts,0,0,,,,,,,,,
1167130,2019,2019-07-19,Riverside Ground,2,1.3,Northamptonshire,Durham,CO Thurston,AM Rossington,MJ Potts,0,0,,,,,,,,,
1167130,2019,2019-07-19,Riverside Ground,2,1.4,Northamptonshire,Durham,CO Thurston,AM Rossington,MJ Potts,0,0,,,,,,,,,
1167130,2019,2019-07-19,Riverside Ground,2,1.5,Northamptonshire,Durham,CO Thurston,AM Rossington,MJ Potts,0,1,1,,,,,,,,
1167130,2019,2019-07-19,Riverside Ground,2,1.6,Northamptonshire,Durham,CO Thurston,AM Rossington,MJ Potts,0,0,,,,,,,,,
1167130,2019,2019-07-19,Riverside Ground,2,1.7,Northamptonshire,Durham,CO Thurston,AM Rossington,MJ Potts,0,0,,,,,,caught,CO Thurston,,
1167130,2019,2019-07-19,Riverside Ground,2,2.1,Northamptonshire,Durham,AM Rossington,JJ Cobb,BA Carse,1,0,,,,,,,,,
1167130,2019,2019-07-19,Riverside Ground,2,2.2,Northamptonshire,Durham,JJ Cobb,AM Rossington,BA Carse,1,0,,,,,,,,,
1167130,2019,2019-07-19,Riverside Ground,2,2.3,Northamptonshire,Durham,AM Rossington,JJ Cobb,BA Carse,4,0,,,,,,,,,
1167130,2019,2019-07-19,Riverside Ground,2,2.4,Northamptonshire,Durham,AM Rossington,JJ Cobb,BA Carse,0,0,,,,,,,,,
1167130,2019,2019-07-19,Riverside Ground,2,2.5,Northamptonshire,Durham,AM Rossington,JJ Cobb,BA Carse,0,0,,,,,,,,,
1167130,2019,2019-07-19,Riverside Ground,2,2.6,Northamptonshire,Durham,AM Rossington,JJ Cobb,BA Carse,4,0,,,,,,,,,
1167130,2019,2019-07-19,Riverside Ground,2,3.1,Northamptonshire,Durham,JJ Cobb,AM Rossington,MJ Potts,0,0,,,,,,,,,
1167130,2019,2019-07-19,Riverside Ground,2,3.2,Northamptonshire,Durham,JJ Cobb,AM Rossington,MJ Potts,0,0,,,,,,bowled,JJ Cobb,,
1167130,2019,2019-07-19,Riverside Ground,2,3.3,Northamptonshire,Durham,MT Coles,AM Rossington,MJ Potts,0,1,1,,,,,,,,
1167130,2019,2019-07-19,Riverside Ground,2,3.4,Northamptonshire,Durham,MT Coles,AM Rossington,MJ Potts,0,0,,,,,,,,,
1167130,2019,2019-07-19,Riverside Ground,2,3.5,Northamptonshire,Durham,MT Coles,AM Rossington,MJ Potts,0,0,,,,,,,,,
1167130,2019,2019-07-19,Riverside Ground,2,3.6,Northamptonshire,Durham,MT Coles,AM Rossington,MJ Potts,0,1,1,,,,,,,,
1167130,2019,2019-07-19,Riverside Ground,2,3.7,Northamptonshire,Durham,MT Coles,AM Rossington,MJ Potts,0,0,,,,,,,,,
1167130,2019,2019-07-19,Riverside Ground,2,3.8,Northamptonshire,Durham,MT Coles,AM Rossington,MJ Potts,1,0,,,,,,,,,
1167130,2019,2019-07-19,Riverside Ground,2,4.1,Northamptonshire,Durham,MT Coles,AM Rossington,BA Raine,1,0,,,,,,,,,
1167130,2019,2019-07-19,Riverside Ground,2,4.2,Northamptonshire,Durham,AM Rossington,MT Coles,BA Raine,0,0,,,,,,,,,
1167130,2019,2019-07-19,Riverside Ground,2,4.3,Northamptonshire,Durham,AM Rossington,MT Coles,BA Raine,1,0,,,,,,,,,
1167130,2019,2019-07-19,Riverside Ground,2,4.4,Northamptonshire,Durham,MT Coles,AM Rossington,BA Raine,0,0,,,,,,caught,MT Coles,,
1167130,2019,2019-07-19,Riverside Ground,2,4.5,Northamptonshire,Durham,AM Rossington,AG Wakely,BA Raine,0,0,,,,,,,,,
1167130,2019,2019-07-19,Riverside Ground,2,4.6,Northamptonshire,Durham,AM Rossington,AG Wakely,BA Raine,6,0,,,,,,,,,
1167130,2019,2019-07-19,Riverside Ground,2,5.1,Northamptonshire,Durham,AG Wakely,AM Rossington,NJ Rimmington,0,0,,,,,,,,,
1167130,2019,2019-07-19,Riverside Ground,2,5.2,Northamptonshire,Durham,AG Wakely,AM Rossington,NJ Rimmington,1,0,,,,,,,,,
1167130,2019,2019-07-19,Riverside Ground,2,5.3,Northamptonshire,Durham,AM Rossington,AG Wakely,NJ Rimmington,1,0,,,,,,,,,
1167130,2019,2019-07-19,Riverside Ground,2,5.4,Northamptonshire,Durham,AG Wakely,AM Rossington,NJ Rimmington,1,0,,,,,,,,,
1167130,2019,2019-07-19,Riverside Ground,2,5.5,Northamptonshire,Durham,AM Rossington,AG Wakely,NJ Rimmington,1,0,,,,,,,,,
1167130,2019,2019-07-19,Riverside Ground,2,5.6,Northamptonshire,Durham,AG Wakely,AM Rossington,NJ Rimmington,0,0,,,,,,,,,
1167130,2019,2019-07-19,Riverside Ground,2,6.1,Northamptonshire,Durham,AM Rossington,AG Wakely,BA Raine,0,1,1,,,,,,,,
1167130,2019,2019-07-19,Riverside Ground,2,6.2,Northamptonshire,Durham,AM Rossington,AG Wakely,BA Raine,6,0,,,,,,,,,
1167130,2019,2019-07-19,Riverside Ground,2,6.3,Northamptonshire,Durham,AM Rossington,AG Wakely,BA Raine,4,0,,,,,,,,,
1167130,2019,2019-07-19,Riverside Ground,2,6.4,Northamptonshire,Durham,AM Rossington,AG Wakely,BA Raine,1,0,,,,,,,,,
1167130,2019,2019-07-19,Riverside Ground,2,6.5,Northamptonshire,Durham,AG Wakely,AM Rossington,BA Raine,1,0,,,,,,,,,
1167130,2019,2019-07-19,Riverside Ground,2,6.6,Northamptonshire,Durham,AM Rossington,AG Wakely,BA Raine,1,0,,,,,,,,,
1167130,2019,2019-07-19,Riverside Ground,2,6.7,Northamptonshire,Durham,AG Wakely,AM Rossington,BA Raine,1,0,,,,,,,,,
1167130,2019,2019-07-19,Riverside Ground,2,7.1,Northamptonshire,Durham,AG Wakely,AM Rossington,DJM Short,1,0,,,,,,,,,
1167130,2019,2019-07-19,Riverside Ground,2,7.2,Northamptonshire,Durham,AM Rossington,AG Wakely,DJM Short,1,0,,,,,,,,,
1167130,2019,2019-07-19,Riverside Ground,2,7.3,Northamptonshire,Durham,AG Wakely,AM Rossington,DJM Short,1,0,,,,,,,,,
1167130,2019,2019-07-19,Riverside Ground,2,7.4,Northamptonshire,Durham,AM Rossington,AG Wakely,DJM Short,0,0,,,,,,,,,
1167130,2019,2019-07-19,Riverside Ground,2,7.5,Northamptonshire,Durham,AM Rossington,AG Wakely,DJM Short,1,0,,,,,,,,,
1167130,2019,2019-07-19,Riverside Ground,2,7.6,Northamptonshire,Durham,AG Wakely,AM Rossington,DJM Short,2,0,,,,,,,,,
1167130,2019,2019-07-19,Riverside Ground,2,8.1,Northamptonshire,Durham,AM Rossington,AG Wakely,L Trevaskis,0,1,1,,,,,,,,
1167130,2019,2019-07-19,Riverside Ground,2,8.2,Northamptonshire,Durham,AM Rossington,AG Wakely,L Trevaskis,0,0,,,,,,,,,
1167130,2019,2019-07-19,Riverside Ground,2,8.3,Northamptonshire,Durham,AM Rossington,AG Wakely,L Trevaskis,1,0,,,,,,,,,
1167130,2019,2019-07-19,Riverside Ground,2,8.4,Northamptonshire,Durham,AG Wakely,AM Rossington,L Trevaskis,0,1,,,,1,,,,,
1167130,2019,2019-07-19,Riverside Ground,2,8.5,Northamptonshire,Durham,AM Rossington,AG Wakely,L Trevaskis,0,0,,,,,,,,,
1167130,2019,2019-07-19,Riverside Ground,2,8.6,Northamptonshire,Durham,AM Rossington,AG Wakely,L Trevaskis,1,0,,,,,,,,,
1167130,2019,2019-07-19,Riverside Ground,2,8.7,Northamptonshire,Durham,AG Wakely,AM Rossington,L Trevaskis,0,0,,,,,,bowled,AG Wakely,,
1167130,2019,2019-07-19,Riverside Ground,2,9.1,Northamptonshire,Durham,AM Rossington,D Pretorius,DJM Short,1,0,,,,,,,,,
1167130,2019,2019-07-19,Riverside Ground,2,9.2,Northamptonshire,Durham,D Pretorius,AM Rossington,DJM Short,0,0,,,,,,,,,
1167130,2019,2019-07-19,Riverside Ground,2,9.3,Northamptonshire,Durham,D Pretorius,AM Rossington,DJM Short,1,0,,,,,,,,,
1167130,2019,2019-07-19,Riverside Ground,2,9.4,Northamptonshire,Durham,AM Rossington,D Pretorius,DJM Short,1,0,,,,,,,,,
1167130,2019,2019-07-19,Riverside Ground,2,9.5,Northamptonshire,Durham,D Pretorius,AM Rossington,DJM Short,2,0,,,,,,,,,
1167130,2019,2019-07-19,Riverside Ground,2,9.6,Northamptonshire,Durham,D Pretorius,AM Rossington,DJM Short,0,0,,,,,,,,,
1167130,2019,2019-07-19,Riverside Ground,2,10.1,Northamptonshire,Durham,AM Rossington,D Pretorius,L Trevaskis,2,0,,,,,,,,,
1167130,2019,2019-07-19,Riverside Ground,2,10.2,Northamptonshire,Durham,AM Rossington,D Pretorius,L Trevaskis,1,0,,,,,,,,,
1167130,2019,2019-07-19,Riverside Ground,2,10.3,Northamptonshire,Durham,D Pretorius,AM Rossington,L Trevaskis,0,0,,,,,,,,,
1167130,2019,2019-07-19,Riverside Ground,2,10.4,Northamptonshire,Durham,D Pretorius,AM Rossington,L Trevaskis,0,0,,,,,,,,,
1167130,2019,2019-07-19,Riverside Ground,2,10.5,Northamptonshire,Durham,D Pretorius,AM Rossington,L Trevaskis,1,0,,,,,,,,,
1167130,2019,2019-07-19,Riverside Ground,2,10.6,Northamptonshire,Durham,AM Rossington,D Pretorius,L Trevaskis,4,0,,,,,,,,,
1167130,2019,2019-07-19,Riverside Ground,2,11.1,Northamptonshire,Durham,D Pretorius,AM Rossington,DJM Short,0,0,,,,,,,,,
1167130,2019,2019-07-19,Riverside Ground,2,11.2,Northamptonshire,Durham,D Pretorius,AM Rossington,DJM Short,1,0,,,,,,,,,
1167130,2019,2019-07-19,Riverside Ground,2,11.3,Northamptonshire,Durham,AM Rossington,D Pretorius,DJM Short,0,0,,,,,,caught,AM Rossington,,
1167130,2019,2019-07-19,Riverside Ground,2,11.4,Northamptonshire,Durham,RI Keogh,D Pretorius,DJM Short,1,0,,,,,,,,,
1167130,2019,2019-07-19,Riverside Ground,2,11.5,Northamptonshire,Durham,D Pretorius,RI Keogh,DJM Short,1,0,,,,,,,,,
1167130,2019,2019-07-19,Riverside Ground,2,11.6,Northamptonshire,Durham,RI Keogh,D Pretorius,DJM Short,1,0,,,,,,,,,
1167130,2019,2019-07-19,Riverside Ground,2,12.1,Northamptonshire,Durham,RI Keogh,D Pretorius,L Trevaskis,1,0,,,,,,,,,
1167130,2019,2019-07-19,Riverside Ground,2,12.2,Northamptonshire,Durham,D Pretorius,RI Keogh,L Trevaskis,1,0,,,,,,,,,
1167130,2019,2019-07-19,Riverside Ground,2,12.3,Northamptonshire,Durham,RI Keogh,D Pretorius,L Trevaskis,1,0,,,,,,,,,
1167130,2019,2019-07-19,Riverside Ground,2,12.4,Northamptonshire,Durham,D Pretorius,RI Keogh,L Trevaskis,6,0,,,,,,,,,
1167130,2019,2019-07-19,Riverside Ground,2,12.5,Northamptonshire,Durham,D Pretorius,RI Keogh,L Trevaskis,4,0,,,,,,,,,
1167130,2019,2019-07-19,Riverside Ground,2,12.6,Northamptonshire,Durham,D Pretorius,RI Keogh,L Trevaskis,1,0,,,,,,,,,
1167130,2019,2019-07-19,Riverside Ground,2,13.1,Northamptonshire,Durham,D Pretorius,RI Keogh,DJM Short,1,0,,,,,,,,,
1167130,2019,2019-07-19,Riverside Ground,2,13.2,Northamptonshire,Durham,RI Keogh,D Pretorius,DJM Short,1,0,,,,,,,,,
1167130,2019,2019-07-19,Riverside Ground,2,13.3,Northamptonshire,Durham,D Pretorius,RI Keogh,DJM Short,0,0,,,,,,caught,D Pretorius,,
1167130,2019,2019-07-19,Riverside Ground,2,13.4,Northamptonshire,Durham,RI Keogh,Faheem Ashraf,DJM Short,1,0,,,,,,,,,
1167130,2019,2019-07-19,Riverside Ground,2,13.5,Northamptonshire,Durham,Faheem Ashraf,RI Keogh,DJM Short,0,0,,,,,,,,,
1167130,2019,2019-07-19,Riverside Ground,2,13.6,Northamptonshire,Durham,Faheem Ashraf,RI Keogh,DJM Short,1,0,,,,,,,,,
1167130,2019,2019-07-19,Riverside Ground,2,14.1,Northamptonshire,Durham,Faheem Ashraf,RI Keogh,NJ Rimmington,0,0,,,,,,,,,
1167130,2019,2019-07-19,Riverside Ground,2,14.2,Northamptonshire,Durham,Faheem Ashraf,RI Keogh,NJ Rimmington,0,0,,,,,,caught,Faheem Ashraf,,
1167130,2019,2019-07-19,Riverside Ground,2,14.3,Northamptonshire,Durham,RI Keogh,TB Sole,NJ Rimmington,1,0,,,,,,,,,
1167130,2019,2019-07-19,Riverside Ground,2,14.4,Northamptonshire,Durham,TB Sole,RI Keogh,NJ Rimmington,0,1,1,,,,,,,,
1167130,2019,2019-07-19,Riverside Ground,2,14.5,Northamptonshire,Durham,TB Sole,RI Keogh,NJ Rimmington,0,0,,,,,,,,,
1167130,2019,2019-07-19,Riverside Ground,2,14.6,Northamptonshire,Durham,TB Sole,RI Keogh,NJ Rimmington,1,0,,,,,,,,,
1167130,2019,2019-07-19,Riverside Ground,2,14.7,Northamptonshire,Durham,RI Keogh,TB Sole,NJ Rimmington,1,0,,,,,,,,,
1167130,2019,2019-07-19,Riverside Ground,2,15.1,Northamptonshire,Durham,RI Keogh,TB Sole,BA Carse,1,0,,,,,,,,,
1167130,2019,2019-07-19,Riverside Ground,2,15.2,Northamptonshire,Durham,TB Sole,RI Keogh,BA Carse,2,0,,,,,,,,,
1167130,2019,2019-07-19,Riverside Ground,2,15.3,Northamptonshire,Durham,TB Sole,RI Keogh,BA Carse,4,0,,,,,,,,,
1167130,2019,2019-07-19,Riverside Ground,2,15.4,Northamptonshire,Durham,TB Sole,RI Keogh,BA Carse,0,0,,,,,,caught,TB Sole,,
1167130,2019,2019-07-19,Riverside Ground,2,15.5,Northamptonshire,Durham,RI Keogh,GG White,BA Carse,1,0,,,,,,,,,
1167130,2019,2019-07-19,Riverside Ground,2,15.6,Northamptonshire,Durham,GG White,RI Keogh,BA Carse,1,0,,,,,,,,,
1167130,2019,2019-07-19,Riverside Ground,2,16.1,Northamptonshire,Durham,GG White,RI Keogh,NJ Rimmington,0,0,,,,,,,,,
1167130,2019,2019-07-19,Riverside Ground,2,16.2,Northamptonshire,Durham,GG White,RI Keogh,NJ Rimmington,0,1,1,,,,,,,,
1167130,2019,2019-07-19,Riverside Ground,2,16.3,Northamptonshire,Durham,GG White,RI Keogh,NJ Rimmington,4,0,,,,,,,,,
1167130,2019,2019-07-19,Riverside Ground,2,16.4,Northamptonshire,Durham,GG White,RI Keogh,NJ Rimmington,0,0,,,,,,,,,
1167130,2019,2019-07-19,Riverside Ground,2,16.5,Northamptonshire,Durham,GG White,RI Keogh,NJ Rimmington,1,0,,,,,,,,,
1167130,2019,2019-07-19,Riverside Ground,2,16.6,Northamptonshire,Durham,RI Keogh,GG White,NJ Rimmington,4,0,,,,,,,,,
1167130,2019,2019-07-19,Riverside Ground,2,16.7,Northamptonshire,Durham,RI Keogh,GG White,NJ Rimmington,2,0,,,,,,,,,
1167130,2019,2019-07-19,Riverside Ground,2,17.1,Northamptonshire,Durham,GG White,RI Keogh,BA Carse,0,1,1,,,,,,,,
1167130,2019,2019-07-19,Riverside Ground,2,17.2,Northamptonshire,Durham,GG White,RI Keogh,BA Carse,1,0,,,,,,,,,
1167130,2019,2019-07-19,Riverside Ground,2,17.3,Northamptonshire,Durham,RI Keogh,GG White,BA Carse,1,0,,,,,,,,,
1167130,2019,2019-07-19,Riverside Ground,2,17.4,Northamptonshire,Durham,GG White,RI Keogh,BA Carse,4,0,,,,,,,,,
1167130,2019,2019-07-19,Riverside Ground,2,17.5,Northamptonshire,Durham,GG White,RI Keogh,BA Carse,0,1,,,,1,,,,,
1167130,2019,2019-07-19,Riverside Ground,2,17.6,Northamptonshire,Durham,RI Keogh,GG White,BA Carse,2,0,,,,,,,,,
1167130,2019,2019-07-19,Riverside Ground,2,17.7,Northamptonshire,Durham,RI Keogh,GG White,BA Carse,0,1,,,,1,,,,,
1167130,2019,2019-07-19,Riverside Ground,2,18.1,Northamptonshire,Durham,RI Keogh,GG White,NJ Rimmington,0,0,,,,,,,,,
1167130,2019,2019-07-19,Riverside Ground,2,18.2,Northamptonshire,Durham,RI Keogh,GG White,NJ Rimmington,2,0,,,,,,,,,
1167130,2019,2019-07-19,Riverside Ground,2,18.3,Northamptonshire,Durham,RI Keogh,GG White,NJ Rimmington,2,0,,,,,,,,,
1167130,2019,2019-07-19,Riverside Ground,2,18.4,Northamptonshire,Durham,RI Keogh,GG White,NJ Rimmington,1,0,,,,,,,,,
1167130,2019,2019-07-19,Riverside Ground,2,18.5,Northamptonshire,Durham,GG White,RI Keogh,NJ Rimmington,0,0,,,,,,,,,
1167130,2019,2019-07-19,Riverside Ground,2,18.6,Northamptonshire,Durham,GG White,RI Keogh,NJ Rimmington,0,0,,,,,,,,,
1167130,2019,2019-07-19,Riverside Ground,2,19.1,Northamptonshire,Durham,RI Keogh,GG White,MJ Potts,4,0,,,,,,,,,
1167130,2019,2019-07-19,Riverside Ground,2,19.2,Northamptonshire,Durham,RI Keogh,GG White,MJ Potts,1,0,,,,,,,,,
1167130,2019,2019-07-19,Riverside Ground,2,19.3,Northamptonshire,Durham,GG White,RI Keogh,MJ Potts,0,0,,,,,,run out,GG White,,
1167130,2019,2019-07-19,Riverside Ground,2,19.4,Northamptonshire,Durham,BW Sanderson,RI Keogh,MJ Potts,1,0,,,,,,,,,
1167130,2019,2019-07-19,Riverside Ground,2,19.5,Northamptonshire,Durham,RI Keogh,BW Sanderson,MJ Potts,1,0,,,,,,,,,
1167130,2019,2019-07-19,Riverside Ground,2,19.6,Northamptonshire,Durham,BW Sanderson,RI Keogh,MJ Potts,0,0,,,,,,,,,
