match_id,season,start_date,venue,innings,ball,batting_team,bowling_team,striker,non_striker,bowler,runs_off_bat,extras,wides,noballs,byes,legbyes,penalty,wicket_type,player_dismissed,other_wicket_type,other_player_dismissed
1167150,2019,2019-07-26,County Ground,1,0.1,Northamptonshire,Birmingham Bears,BJ Curran,AM Rossington,FH Edwards,0,0,,,,,,,,,
1167150,2019,2019-07-26,County Ground,1,0.2,Northamptonshire,Birmingham Bears,BJ Curran,AM Rossington,FH Edwards,0,0,,,,,,,,,
1167150,2019,2019-07-26,County Ground,1,0.3,Northamptonshire,Birmingham Bears,BJ Curran,AM Rossington,FH Edwards,0,0,,,,,,,,,
1167150,2019,2019-07-26,County Ground,1,0.4,Northamptonshire,Birmingham Bears,BJ Curran,AM Rossington,FH Edwards,4,0,,,,,,,,,
1167150,2019,2019-07-26,County Ground,1,0.5,Northamptonshire,Birmingham Bears,BJ Curran,AM Rossington,FH Edwards,0,0,,,,,,,,,
1167150,2019,2019-07-26,County Ground,1,0.6,Northamptonshire,Birmingham Bears,BJ Curran,AM Rossington,FH Edwards,1,0,,,,,,,,,
1167150,2019,2019-07-26,County Ground,1,1.1,Northamptonshire,Birmingham Bears,BJ Curran,AM Rossington,JC Wainman,0,1,,,,1,,,,,
1167150,2019,2019-07-26,County Ground,1,1.2,Northamptonshire,Birmingham Bears,AM Rossington,BJ Curran,JC Wainman,0,1,1,,,,,,,,
1167150,2019,2019-07-26,County Ground,1,1.3,Northamptonshire,Birmingham Bears,AM Rossington,BJ Curran,JC Wainman,2,0,,,,,,,,,
1167150,2019,2019-07-26,County Ground,1,1.4,Northamptonshire,Birmingham Bears,AM Rossington,BJ Curran,JC Wainman,4,0,,,,,,,,,
1167150,2019,2019-07-26,County Ground,1,1.5,Northamptonshire,Birmingham Bears,AM Rossington,BJ Curran,JC Wainman,4,0,,,,,,,,,
1167150,2019,2019-07-26,County Ground,1,1.6,Northamptonshire,Birmingham Bears,AM Rossington,BJ Curran,JC Wainman,0,0,,,,,,,,,
1167150,2019,2019-07-26,County Ground,1,1.7,Northamptonshire,Birmingham Bears,AM Rossington,BJ Curran,JC Wainman,0,0,,,,,,,,,
1167150,2019,2019-07-26,County Ground,1,2.1,Northamptonshire,Birmingham Bears,BJ Curran,AM Rossington,FH Edwards,0,0,,,,,,caught,BJ Curran,,
1167150,2019,2019-07-26,County Ground,1,2.2,Northamptonshire,Birmingham Bears,AM Rossington,JJ Cobb,FH Edwards,0,0,,,,,,,,,
1167150,2019,2019-07-26,County Ground,1,2.3,Northamptonshire,Birmingham Bears,AM Rossington,JJ Cobb,FH Edwards,0,0,,,,,,,,,
1167150,2019,2019-07-26,County Ground,1,2.4,Northamptonshire,Birmingham Bears,AM Rossington,JJ Cobb,FH Edwards,1,0,,,,,,,,,
1167150,2019,2019-07-26,County Ground,1,2.5,Northamptonshire,Birmingham Bears,JJ Cobb,AM Rossington,FH Edwards,0,4,,,,4,,,,,
1167150,2019,2019-07-26,County Ground,1,2.6,Northamptonshire,Birmingham Bears,JJ Cobb,AM Rossington,FH Edwards,4,0,,,,,,,,,
1167150,2019,2019-07-26,County Ground,1,3.1,Northamptonshire,Birmingham Bears,AM Rossington,JJ Cobb,HJH Brookes,1,0,,,,,,,,,
1167150,2019,2019-07-26,County Ground,1,3.2,Northamptonshire,Birmingham Bears,JJ Cobb,AM Rossington,HJH Brookes,4,0,,,,,,,,,
1167150,2019,2019-07-26,County Ground,1,3.3,Northamptonshire,Birmingham Bears,JJ Cobb,AM Rossington,HJH Brookes,0,0,,,,,,caught,JJ Cobb,,
1167150,2019,2019-07-26,County Ground,1,3.4,Northamptonshire,Birmingham Bears,RI Keogh,AM Rossington,HJH Brookes,4,0,,,,,,,,,
1167150,2019,2019-07-26,County Ground,1,3.5,Northamptonshire,Birmingham Bears,RI Keogh,AM Rossington,HJH Brookes,0,0,,,,,,,,,
1167150,2019,2019-07-26,County Ground,1,3.6,Northamptonshire,Birmingham Bears,RI Keogh,AM Rossington,HJH Brookes,0,0,,,,,,,,,
1167150,2019,2019-07-26,County Ground,1,4.1,Northamptonshire,Birmingham Bears,AM Rossington,RI Keogh,FH Edwards,0,0,,,,,,,,,
1167150,2019,2019-07-26,County Ground,1,4.2,Northamptonshire,Birmingham Bears,AM Rossington,RI Keogh,FH Edwards,0,0,,,,,,,,,
1167150,2019,2019-07-26,County Ground,1,4.3,Northamptonshire,Birmingham Bears,AM Rossington,RI Keogh,FH Edwards,1,0,,,,,,,,,
1167150,2019,2019-07-26,County Ground,1,4.4,Northamptonshire,Birmingham Bears,RI Keogh,AM Rossington,FH Edwards,0,0,,,,,,,,,
1167150,2019,2019-07-26,County Ground,1,4.5,Northamptonshire,Birmingham Bears,RI Keogh,AM Rossington,FH Edwards,0,0,,,,,,,,,
1167150,2019,2019-07-26,County Ground,1,4.6,Northamptonshire,Birmingham Bears,RI Keogh,AM Rossington,FH Edwards,0,0,,,,,,,,,
1167150,2019,2019-07-26,County Ground,1,5.1,Northamptonshire,Birmingham Bears,AM Rossington,RI Keogh,HJH Brookes,0,0,,,,,,caught,AM Rossington,,
1167150,2019,2019-07-26,County Ground,1,5.2,Northamptonshire,Birmingham Bears,AG Wakely,RI Keogh,HJH Brookes,2,0,,,,,,,,,
1167150,2019,2019-07-26,County Ground,1,5.3,Northamptonshire,Birmingham Bears,AG Wakely,RI Keogh,HJH Brookes,0,0,,,,,,,,,
1167150,2019,2019-07-26,County Ground,1,5.4,Northamptonshire,Birmingham Bears,AG Wakely,RI Keogh,HJH Brookes,1,0,,,,,,,,,
1167150,2019,2019-07-26,County Ground,1,5.5,Northamptonshire,Birmingham Bears,RI Keogh,AG Wakely,HJH Brookes,1,0,,,,,,,,,
1167150,2019,2019-07-26,County Ground,1,5.6,Northamptonshire,Birmingham Bears,AG Wakely,RI Keogh,HJH Brookes,0,1,1,,,,,,,,
1167150,2019,2019-07-26,County Ground,1,5.7,Northamptonshire,Birmingham Bears,AG Wakely,RI Keogh,HJH Brookes,1,0,,,,,,,,,
1167150,2019,2019-07-26,County Ground,1,6.1,Northamptonshire,Birmingham Bears,AG Wakely,RI Keogh,AC Agar,1,0,,,,,,,,,
1167150,2019,2019-07-26,County Ground,1,6.2,Northamptonshire,Birmingham Bears,RI Keogh,AG Wakely,AC Agar,0,0,,,,,,,,,
1167150,2019,2019-07-26,County Ground,1,6.3,Northamptonshire,Birmingham Bears,RI Keogh,AG Wakely,AC Agar,1,0,,,,,,,,,
1167150,2019,2019-07-26,County Ground,1,6.4,Northamptonshire,Birmingham Bears,AG Wakely,RI Keogh,AC Agar,0,0,,,,,,,,,
1167150,2019,2019-07-26,County Ground,1,6.5,Northamptonshire,Birmingham Bears,AG Wakely,RI Keogh,AC Agar,1,0,,,,,,,,,
1167150,2019,2019-07-26,County Ground,1,6.6,Northamptonshire,Birmingham Bears,RI Keogh,AG Wakely,AC Agar,0,0,,,,,,,,,
1167150,2019,2019-07-26,County Ground,1,7.1,Northamptonshire,Birmingham Bears,AG Wakely,RI Keogh,JC Wainman,1,0,,,,,,,,,
1167150,2019,2019-07-26,County Ground,1,7.2,Northamptonshire,Birmingham Bears,RI Keogh,AG Wakely,JC Wainman,1,0,,,,,,,,,
1167150,2019,2019-07-26,County Ground,1,7.3,Northamptonshire,Birmingham Bears,AG Wakely,RI Keogh,JC Wainman,0,2,,2,,,,,,,
1167150,2019,2019-07-26,County Ground,1,7.4,Northamptonshire,Birmingham Bears,AG Wakely,RI Keogh,JC Wainman,1,0,,,,,,,,,
1167150,2019,2019-07-26,County Ground,1,7.5,Northamptonshire,Birmingham Bears,RI Keogh,AG Wakely,JC Wainman,0,0,,,,,,,,,
1167150,2019,2019-07-26,County Ground,1,7.6,Northamptonshire,Birmingham Bears,RI Keogh,AG Wakely,JC Wainman,1,0,,,,,,,,,
1167150,2019,2019-07-26,County Ground,1,7.7,Northamptonshire,Birmingham Bears,AG Wakely,RI Keogh,JC Wainman,0,1,,,,1,,,,,
1167150,2019,2019-07-26,County Ground,1,8.1,Northamptonshire,Birmingham Bears,AG Wakely,RI Keogh,AC Agar,0,0,,,,,,,,,
1167150,2019,2019-07-26,County Ground,1,8.2,Northamptonshire,Birmingham Bears,AG Wakely,RI Keogh,AC Agar,0,0,,,,,,,,,
1167150,2019,2019-07-26,County Ground,1,8.3,Northamptonshire,Birmingham Bears,AG Wakely,RI Keogh,AC Agar,1,0,,,,,,,,,
1167150,2019,2019-07-26,County Ground,1,8.4,Northamptonshire,Birmingham Bears,RI Keogh,AG Wakely,AC Agar,0,0,,,,,,,,,
1167150,2019,2019-07-26,County Ground,1,8.5,Northamptonshire,Birmingham Bears,RI Keogh,AG Wakely,AC Agar,4,0,,,,,,,,,
1167150,2019,2019-07-26,County Ground,1,8.6,Northamptonshire,Birmingham Bears,RI Keogh,AG Wakely,AC Agar,0,0,,,,,,,,,
1167150,2019,2019-07-26,County Ground,1,9.1,Northamptonshire,Birmingham Bears,AG Wakely,RI Keogh,JS Patel,4,0,,,,,,,,,
1167150,2019,2019-07-26,County Ground,1,9.2,Northamptonshire,Birmingham Bears,AG Wakely,RI Keogh,JS Patel,1,0,,,,,,,,,
1167150,2019,2019-07-26,County Ground,1,9.3,Northamptonshire,Birmingham Bears,RI Keogh,AG Wakely,JS Patel,4,0,,,,,,,,,
1167150,2019,2019-07-26,County Ground,1,9.4,Northamptonshire,Birmingham Bears,RI Keogh,AG Wakely,JS Patel,1,0,,,,,,,,,
1167150,2019,2019-07-26,County Ground,1,9.5,Northamptonshire,Birmingham Bears,AG Wakely,RI Keogh,JS Patel,2,0,,,,,,,,,
1167150,2019,2019-07-26,County Ground,1,9.6,Northamptonshire,Birmingham Bears,AG Wakely,RI Keogh,JS Patel,0,0,,,,,,,,,
1167150,2019,2019-07-26,County Ground,1,10.1,Northamptonshire,Birmingham Bears,RI Keogh,AG Wakely,AC Agar,1,0,,,,,,,,,
1167150,2019,2019-07-26,County Ground,1,10.2,Northamptonshire,Birmingham Bears,AG Wakely,RI Keogh,AC Agar,4,0,,,,,,,,,
1167150,2019,2019-07-26,County Ground,1,10.3,Northamptonshire,Birmingham Bears,AG Wakely,RI Keogh,AC Agar,1,0,,,,,,,,,
1167150,2019,2019-07-26,County Ground,1,10.4,Northamptonshire,Birmingham Bears,RI Keogh,AG Wakely,AC Agar,0,0,,,,,,,,,
1167150,2019,2019-07-26,County Ground,1,10.5,Northamptonshire,Birmingham Bears,RI Keogh,AG Wakely,AC Agar,1,0,,,,,,,,,
1167150,2019,2019-07-26,County Ground,1,10.6,Northamptonshire,Birmingham Bears,AG Wakely,RI Keogh,AC Agar,1,0,,,,,,,,,
1167150,2019,2019-07-26,County Ground,1,11.1,Northamptonshire,Birmingham Bears,AG Wakely,RI Keogh,JS Patel,1,0,,,,,,,,,
1167150,2019,2019-07-26,County Ground,1,11.2,Northamptonshire,Birmingham Bears,RI Keogh,AG Wakely,JS Patel,1,0,,,,,,,,,
1167150,2019,2019-07-26,County Ground,1,11.3,Northamptonshire,Birmingham Bears,AG Wakely,RI Keogh,JS Patel,4,0,,,,,,,,,
1167150,2019,2019-07-26,County Ground,1,11.4,Northamptonshire,Birmingham Bears,AG Wakely,RI Keogh,JS Patel,1,0,,,,,,,,,
1167150,2019,2019-07-26,County Ground,1,11.5,Northamptonshire,Birmingham Bears,RI Keogh,AG Wakely,JS Patel,4,0,,,,,,,,,
1167150,2019,2019-07-26,County Ground,1,11.6,Northamptonshire,Birmingham Bears,RI Keogh,AG Wakely,JS Patel,1,0,,,,,,,,,
1167150,2019,2019-07-26,County Ground,1,12.1,Northamptonshire,Birmingham Bears,RI Keogh,AG Wakely,HJH Brookes,1,0,,,,,,,,,
1167150,2019,2019-07-26,County Ground,1,12.2,Northamptonshire,Birmingham Bears,AG Wakely,RI Keogh,HJH Brookes,0,0,,,,,,,,,
1167150,2019,2019-07-26,County Ground,1,12.3,Northamptonshire,Birmingham Bears,AG Wakely,RI Keogh,HJH Brookes,1,0,,,,,,,,,
1167150,2019,2019-07-26,County Ground,1,12.4,Northamptonshire,Birmingham Bears,RI Keogh,AG Wakely,HJH Brookes,0,0,,,,,,,,,
1167150,2019,2019-07-26,County Ground,1,12.5,Northamptonshire,Birmingham Bears,RI Keogh,AG Wakely,HJH Brookes,1,0,,,,,,,,,
1167150,2019,2019-07-26,County Ground,1,12.6,Northamptonshire,Birmingham Bears,AG Wakely,RI Keogh,HJH Brookes,1,0,,,,,,,,,
1167150,2019,2019-07-26,County Ground,1,13.1,Northamptonshire,Birmingham Bears,AG Wakely,RI Keogh,JC Wainman,0,0,,,,,,,,,
1167150,2019,2019-07-26,County Ground,1,13.2,Northamptonshire,Birmingham Bears,AG Wakely,RI Keogh,JC Wainman,0,0,,,,,,,,,
1167150,2019,2019-07-26,County Ground,1,13.3,Northamptonshire,Birmingham Bears,AG Wakely,RI Keogh,JC Wainman,1,0,,,,,,,,,
1167150,2019,2019-07-26,County Ground,1,13.4,Northamptonshire,Birmingham Bears,RI Keogh,AG Wakely,JC Wainman,2,0,,,,,,,,,
1167150,2019,2019-07-26,County Ground,1,13.5,Northamptonshire,Birmingham Bears,RI Keogh,AG Wakely,JC Wainman,0,0,,,,,,,,,
1167150,2019,2019-07-26,County Ground,1,13.6,Northamptonshire,Birmingham Bears,RI Keogh,AG Wakely,JC Wainman,1,0,,,,,,,,,
1167150,2019,2019-07-26,County Ground,1,14.1,Northamptonshire,Birmingham Bears,RI Keogh,AG Wakely,AC Agar,6,0,,,,,,,,,
1167150,2019,2019-07-26,County Ground,1,14.2,Northamptonshire,Birmingham Bears,RI Keogh,AG Wakely,AC Agar,2,0,,,,,,,,,
1167150,2019,2019-07-26,County Ground,1,14.3,Northamptonshire,Birmingham Bears,RI Keogh,AG Wakely,AC Agar,1,0,,,,,,,,,
1167150,2019,2019-07-26,County Ground,1,14.4,Northamptonshire,Birmingham Bears,AG Wakely,RI Keogh,AC Agar,1,0,,,,,,,,,
1167150,2019,2019-07-26,County Ground,1,14.5,Northamptonshire,Birmingham Bears,RI Keogh,AG Wakely,AC Agar,4,0,,,,,,,,,
1167150,2019,2019-07-26,County Ground,1,14.6,Northamptonshire,Birmingham Bears,RI Keogh,AG Wakely,AC Agar,1,0,,,,,,,,,
1167150,2019,2019-07-26,County Ground,1,15.1,Northamptonshire,Birmingham Bears,RI Keogh,AG Wakely,JS Patel,1,0,,,,,,,,,
1167150,2019,2019-07-26,County Ground,1,15.2,Northamptonshire,Birmingham Bears,AG Wakely,RI Keogh,JS Patel,1,0,,,,,,,,,
1167150,2019,2019-07-26,County Ground,1,15.3,Northamptonshire,Birmingham Bears,RI Keogh,AG Wakely,JS Patel,1,0,,,,,,,,,
1167150,2019,2019-07-26,County Ground,1,15.4,Northamptonshire,Birmingham Bears,AG Wakely,RI Keogh,JS Patel,4,0,,,,,,,,,
1167150,2019,2019-07-26,County Ground,1,15.5,Northamptonshire,Birmingham Bears,AG Wakely,RI Keogh,JS Patel,1,0,,,,,,,,,
1167150,2019,2019-07-26,County Ground,1,15.6,Northamptonshire,Birmingham Bears,RI Keogh,AG Wakely,JS Patel,0,0,,,,,,,,,
1167150,2019,2019-07-26,County Ground,1,16.1,Northamptonshire,Birmingham Bears,AG Wakely,RI Keogh,FH Edwards,0,0,,,,,,caught and bowled,AG Wakely,,
1167150,2019,2019-07-26,County Ground,1,16.2,Northamptonshire,Birmingham Bears,RI Keogh,D Pretorius,FH Edwards,1,0,,,,,,,,,
1167150,2019,2019-07-26,County Ground,1,16.3,Northamptonshire,Birmingham Bears,D Pretorius,RI Keogh,FH Edwards,0,0,,,,,,,,,
1167150,2019,2019-07-26,County Ground,1,16.4,Northamptonshire,Birmingham Bears,D Pretorius,RI Keogh,FH Edwards,1,0,,,,,,,,,
1167150,2019,2019-07-26,County Ground,1,16.5,Northamptonshire,Birmingham Bears,RI Keogh,D Pretorius,FH Edwards,1,0,,,,,,,,,
1167150,2019,2019-07-26,County Ground,1,16.6,Northamptonshire,Birmingham Bears,D Pretorius,RI Keogh,FH Edwards,0,1,1,,,,,,,,
1167150,2019,2019-07-26,County Ground,1,16.7,Northamptonshire,Birmingham Bears,D Pretorius,RI Keogh,FH Edwards,1,0,,,,,,,,,
1167150,2019,2019-07-26,County Ground,1,17.1,Northamptonshire,Birmingham Bears,D Pretorius,RI Keogh,JC Wainman,0,1,1,,,,,,,,
1167150,2019,2019-07-26,County Ground,1,17.2,Northamptonshire,Birmingham Bears,D Pretorius,RI Keogh,JC Wainman,4,0,,,,,,,,,
1167150,2019,2019-07-26,County Ground,1,17.3,Northamptonshire,Birmingham Bears,D Pretorius,RI Keogh,JC Wainman,0,0,,,,,,,,,
1167150,2019,2019-07-26,County Ground,1,17.4,Northamptonshire,Birmingham Bears,D Pretorius,RI Keogh,JC Wainman,0,0,,,,,,caught,D Pretorius,,
1167150,2019,2019-07-26,County Ground,1,17.5,Northamptonshire,Birmingham Bears,RI Keogh,MT Coles,JC Wainman,1,0,,,,,,,,,
1167150,2019,2019-07-26,County Ground,1,17.6,Northamptonshire,Birmingham Bears,MT Coles,RI Keogh,JC Wainman,0,0,,,,,,,,,
1167150,2019,2019-07-26,County Ground,1,17.7,Northamptonshire,Birmingham Bears,MT Coles,RI Keogh,JC Wainman,6,0,,,,,,,,,
1167150,2019,2019-07-26,County Ground,1,18.1,Northamptonshire,Birmingham Bears,RI Keogh,MT Coles,HJH Brookes,2,0,,,,,,,,,
1167150,2019,2019-07-26,County Ground,1,18.2,Northamptonshire,Birmingham Bears,RI Keogh,MT Coles,HJH Brookes,0,0,,,,,,,,,
1167150,2019,2019-07-26,County Ground,1,18.3,Northamptonshire,Birmingham Bears,RI Keogh,MT Coles,HJH Brookes,1,0,,,,,,,,,
1167150,2019,2019-07-26,County Ground,1,18.4,Northamptonshire,Birmingham Bears,MT Coles,RI Keogh,HJH Brookes,2,0,,,,,,,,,
1167150,2019,2019-07-26,County Ground,1,18.5,Northamptonshire,Birmingham Bears,MT Coles,RI Keogh,HJH Brookes,1,0,,,,,,,,,
1167150,2019,2019-07-26,County Ground,1,18.6,Northamptonshire,Birmingham Bears,RI Keogh,MT Coles,HJH Brookes,1,0,,,,,,,,,
1167150,2019,2019-07-26,County Ground,1,19.1,Northamptonshire,Birmingham Bears,RI Keogh,MT Coles,JS Patel,1,0,,,,,,,,,
1167150,2019,2019-07-26,County Ground,1,19.2,Northamptonshire,Birmingham Bears,MT Coles,RI Keogh,JS Patel,1,0,,,,,,,,,
1167150,2019,2019-07-26,County Ground,1,19.3,Northamptonshire,Birmingham Bears,RI Keogh,MT Coles,JS Patel,4,0,,,,,,,,,
1167150,2019,2019-07-26,County Ground,1,19.4,Northamptonshire,Birmingham Bears,RI Keogh,MT Coles,JS Patel,1,0,,,,,,,,,
1167150,2019,2019-07-26,County Ground,1,19.5,Northamptonshire,Birmingham Bears,MT Coles,RI Keogh,JS Patel,4,0,,,,,,,,,
1167150,2019,2019-07-26,County Ground,1,19.6,Northamptonshire,Birmingham Bears,MT Coles,RI Keogh,JS Patel,0,0,,,,,,caught,MT Coles,,
1167150,2019,2019-07-26,County Ground,2,0.1,Birmingham Bears,Northamptonshire,EJ Pollock,MGK Burgess,BW Sanderson,0,0,,,,,,caught,EJ Pollock,,
1167150,2019,2019-07-26,County Ground,2,0.2,Birmingham Bears,Northamptonshire,SR Hain,MGK Burgess,BW Sanderson,1,0,,,,,,,,,
1167150,2019,2019-07-26,County Ground,2,0.3,Birmingham Bears,Northamptonshire,MGK Burgess,SR Hain,BW Sanderson,1,0,,,,,,,,,
1167150,2019,2019-07-26,County Ground,2,0.4,Birmingham Bears,Northamptonshire,SR Hain,MGK Burgess,BW Sanderson,1,0,,,,,,,,,
1167150,2019,2019-07-26,County Ground,2,0.5,Birmingham Bears,Northamptonshire,MGK Burgess,SR Hain,BW Sanderson,2,0,,,,,,,,,
1167150,2019,2019-07-26,County Ground,2,0.6,Birmingham Bears,Northamptonshire,MGK Burgess,SR Hain,BW Sanderson,0,0,,,,,,,,,
1167150,2019,2019-07-26,County Ground,2,1.1,Birmingham Bears,Northamptonshire,SR Hain,MGK Burgess,Faheem Ashraf,4,0,,,,,,,,,
1167150,2019,2019-07-26,County Ground,2,1.2,Birmingham Bears,Northamptonshire,SR Hain,MGK Burgess,Faheem Ashraf,0,0,,,,,,,,,
1167150,2019,2019-07-26,County Ground,2,1.3,Birmingham Bears,Northamptonshire,SR Hain,MGK Burgess,Faheem Ashraf,1,0,,,,,,,,,
1167150,2019,2019-07-26,County Ground,2,1.4,Birmingham Bears,Northamptonshire,MGK Burgess,SR Hain,Faheem Ashraf,1,0,,,,,,,,,
1167150,2019,2019-07-26,County Ground,2,1.5,Birmingham Bears,Northamptonshire,SR Hain,MGK Burgess,Faheem Ashraf,1,0,,,,,,,,,
1167150,2019,2019-07-26,County Ground,2,1.6,Birmingham Bears,Northamptonshire,MGK Burgess,SR Hain,Faheem Ashraf,0,1,,,,1,,,,,
1167150,2019,2019-07-26,County Ground,2,2.1,Birmingham Bears,Northamptonshire,MGK Burgess,SR Hain,MT Coles,1,0,,,,,,,,,
1167150,2019,2019-07-26,County Ground,2,2.2,Birmingham Bears,Northamptonshire,SR Hain,MGK Burgess,MT Coles,1,0,,,,,,,,,
1167150,2019,2019-07-26,County Ground,2,2.3,Birmingham Bears,Northamptonshire,MGK Burgess,SR Hain,MT Coles,0,0,,,,,,,,,
1167150,2019,2019-07-26,County Ground,2,2.4,Birmingham Bears,Northamptonshire,MGK Burgess,SR Hain,MT Coles,6,0,,,,,,,,,
1167150,2019,2019-07-26,County Ground,2,2.5,Birmingham Bears,Northamptonshire,MGK Burgess,SR Hain,MT Coles,1,0,,,,,,,,,
1167150,2019,2019-07-26,County Ground,2,2.6,Birmingham Bears,Northamptonshire,SR Hain,MGK Burgess,MT Coles,4,0,,,,,,,,,
1167150,2019,2019-07-26,County Ground,2,3.1,Birmingham Bears,Northamptonshire,MGK Burgess,SR Hain,Faheem Ashraf,1,0,,,,,,,,,
1167150,2019,2019-07-26,County Ground,2,3.2,Birmingham Bears,Northamptonshire,SR Hain,MGK Burgess,Faheem Ashraf,0,0,,,,,,,,,
1167150,2019,2019-07-26,County Ground,2,3.3,Birmingham Bears,Northamptonshire,SR Hain,MGK Burgess,Faheem Ashraf,4,0,,,,,,,,,
1167150,2019,2019-07-26,County Ground,2,3.4,Birmingham Bears,Northamptonshire,SR Hain,MGK Burgess,Faheem Ashraf,1,0,,,,,,,,,
1167150,2019,2019-07-26,County Ground,2,3.5,Birmingham Bears,Northamptonshire,MGK Burgess,SR Hain,Faheem Ashraf,4,0,,,,,,,,,
1167150,2019,2019-07-26,County Ground,2,3.6,Birmingham Bears,Northamptonshire,MGK Burgess,SR Hain,Faheem Ashraf,1,0,,,,,,,,,
1167150,2019,2019-07-26,County Ground,2,4.1,Birmingham Bears,Northamptonshire,MGK Burgess,SR Hain,NL Buck,0,0,,,,,,caught,MGK Burgess,,
1167150,2019,2019-07-26,County Ground,2,4.2,Birmingham Bears,Northamptonshire,AJ Hose,SR Hain,NL Buck,0,0,,,,,,,,,
1167150,2019,2019-07-26,County Ground,2,4.3,Birmingham Bears,Northamptonshire,AJ Hose,SR Hain,NL Buck,1,0,,,,,,,,,
1167150,2019,2019-07-26,County Ground,2,4.4,Birmingham Bears,Northamptonshire,SR Hain,AJ Hose,NL Buck,0,0,,,,,,,,,
1167150,2019,2019-07-26,County Ground,2,4.5,Birmingham Bears,Northamptonshire,SR Hain,AJ Hose,NL Buck,1,0,,,,,,,,,
1167150,2019,2019-07-26,County Ground,2,4.6,Birmingham Bears,Northamptonshire,AJ Hose,SR Hain,NL Buck,0,0,,,,,,,,,
1167150,2019,2019-07-26,County Ground,2,5.1,Birmingham Bears,Northamptonshire,SR Hain,AJ Hose,D Pretorius,1,0,,,,,,,,,
1167150,2019,2019-07-26,County Ground,2,5.2,Birmingham Bears,Northamptonshire,AJ Hose,SR Hain,D Pretorius,0,0,,,,,,,,,
1167150,2019,2019-07-26,County Ground,2,5.3,Birmingham Bears,Northamptonshire,AJ Hose,SR Hain,D Pretorius,0,0,,,,,,,,,
1167150,2019,2019-07-26,County Ground,2,5.4,Birmingham Bears,Northamptonshire,AJ Hose,SR Hain,D Pretorius,2,0,,,,,,,,,
1167150,2019,2019-07-26,County Ground,2,5.5,Birmingham Bears,Northamptonshire,AJ Hose,SR Hain,D Pretorius,4,0,,,,,,,,,
1167150,2019,2019-07-26,County Ground,2,5.6,Birmingham Bears,Northamptonshire,AJ Hose,SR Hain,D Pretorius,1,0,,,,,,,,,
1167150,2019,2019-07-26,County Ground,2,6.1,Birmingham Bears,Northamptonshire,AJ Hose,SR Hain,GG White,0,0,,,,,,,,,
1167150,2019,2019-07-26,County Ground,2,6.2,Birmingham Bears,Northamptonshire,AJ Hose,SR Hain,GG White,1,0,,,,,,,,,
1167150,2019,2019-07-26,County Ground,2,6.3,Birmingham Bears,Northamptonshire,SR Hain,AJ Hose,GG White,1,0,,,,,,,,,
1167150,2019,2019-07-26,County Ground,2,6.4,Birmingham Bears,Northamptonshire,AJ Hose,SR Hain,GG White,0,0,,,,,,,,,
1167150,2019,2019-07-26,County Ground,2,6.5,Birmingham Bears,Northamptonshire,AJ Hose,SR Hain,GG White,6,0,,,,,,,,,
1167150,2019,2019-07-26,County Ground,2,6.6,Birmingham Bears,Northamptonshire,AJ Hose,SR Hain,GG White,1,0,,,,,,,,,
1167150,2019,2019-07-26,County Ground,2,7.1,Birmingham Bears,Northamptonshire,AJ Hose,SR Hain,NL Buck,0,0,,,,,,,,,
1167150,2019,2019-07-26,County Ground,2,7.2,Birmingham Bears,Northamptonshire,AJ Hose,SR Hain,NL Buck,0,0,,,,,,,,,
1167150,2019,2019-07-26,County Ground,2,7.3,Birmingham Bears,Northamptonshire,AJ Hose,SR Hain,NL Buck,1,0,,,,,,,,,
1167150,2019,2019-07-26,County Ground,2,7.4,Birmingham Bears,Northamptonshire,SR Hain,AJ Hose,NL Buck,0,0,,,,,,,,,
1167150,2019,2019-07-26,County Ground,2,7.5,Birmingham Bears,Northamptonshire,SR Hain,AJ Hose,NL Buck,0,0,,,,,,,,,
1167150,2019,2019-07-26,County Ground,2,7.6,Birmingham Bears,Northamptonshire,SR Hain,AJ Hose,NL Buck,1,0,,,,,,,,,
1167150,2019,2019-07-26,County Ground,2,8.1,Birmingham Bears,Northamptonshire,SR Hain,AJ Hose,BW Sanderson,1,0,,,,,,,,,
1167150,2019,2019-07-26,County Ground,2,8.2,Birmingham Bears,Northamptonshire,AJ Hose,SR Hain,BW Sanderson,0,0,,,,,,,,,
1167150,2019,2019-07-26,County Ground,2,8.3,Birmingham Bears,Northamptonshire,AJ Hose,SR Hain,BW Sanderson,0,0,,,,,,,,,
1167150,2019,2019-07-26,County Ground,2,8.4,Birmingham Bears,Northamptonshire,AJ Hose,SR Hain,BW Sanderson,1,0,,,,,,,,,
1167150,2019,2019-07-26,County Ground,2,8.5,Birmingham Bears,Northamptonshire,SR Hain,AJ Hose,BW Sanderson,4,0,,,,,,,,,
1167150,2019,2019-07-26,County Ground,2,8.6,Birmingham Bears,Northamptonshire,SR Hain,AJ Hose,BW Sanderson,1,0,,,,,,,,,
1167150,2019,2019-07-26,County Ground,2,9.1,Birmingham Bears,Northamptonshire,SR Hain,AJ Hose,GG White,1,0,,,,,,,,,
1167150,2019,2019-07-26,County Ground,2,9.2,Birmingham Bears,Northamptonshire,AJ Hose,SR Hain,GG White,1,0,,,,,,,,,
1167150,2019,2019-07-26,County Ground,2,9.3,Birmingham Bears,Northamptonshire,SR Hain,AJ Hose,GG White,0,0,,,,,,caught,SR Hain,,
1167150,2019,2019-07-26,County Ground,2,9.4,Birmingham Bears,Northamptonshire,AC Agar,AJ Hose,GG White,1,0,,,,,,,,,
1167150,2019,2019-07-26,County Ground,2,9.5,Birmingham Bears,Northamptonshire,AJ Hose,AC Agar,GG White,0,1,,,,1,,,,,
1167150,2019,2019-07-26,County Ground,2,9.6,Birmingham Bears,Northamptonshire,AC Agar,AJ Hose,GG White,1,0,,,,,,,,,
1167150,2019,2019-07-26,County Ground,2,10.1,Birmingham Bears,Northamptonshire,AC Agar,AJ Hose,NL Buck,2,0,,,,,,,,,
1167150,2019,2019-07-26,County Ground,2,10.2,Birmingham Bears,Northamptonshire,AC Agar,AJ Hose,NL Buck,0,0,,,,,,,,,
1167150,2019,2019-07-26,County Ground,2,10.3,Birmingham Bears,Northamptonshire,AC Agar,AJ Hose,NL Buck,2,0,,,,,,,,,
1167150,2019,2019-07-26,County Ground,2,10.4,Birmingham Bears,Northamptonshire,AC Agar,AJ Hose,NL Buck,0,2,,2,,,,,,,
1167150,2019,2019-07-26,County Ground,2,10.5,Birmingham Bears,Northamptonshire,AC Agar,AJ Hose,NL Buck,6,0,,,,,,,,,
1167150,2019,2019-07-26,County Ground,2,10.6,Birmingham Bears,Northamptonshire,AC Agar,AJ Hose,NL Buck,1,0,,,,,,,,,
1167150,2019,2019-07-26,County Ground,2,10.7,Birmingham Bears,Northamptonshire,AJ Hose,AC Agar,NL Buck,4,0,,,,,,,,,
1167150,2019,2019-07-26,County Ground,2,11.1,Birmingham Bears,Northamptonshire,AC Agar,AJ Hose,Faheem Ashraf,4,0,,,,,,,,,
1167150,2019,2019-07-26,County Ground,2,11.2,Birmingham Bears,Northamptonshire,AC Agar,AJ Hose,Faheem Ashraf,0,0,,,,,,bowled,AC Agar,,
1167150,2019,2019-07-26,County Ground,2,11.3,Birmingham Bears,Northamptonshire,WMH Rhodes,AJ Hose,Faheem Ashraf,0,0,,,,,,,,,
1167150,2019,2019-07-26,County Ground,2,11.4,Birmingham Bears,Northamptonshire,WMH Rhodes,AJ Hose,Faheem Ashraf,0,1,,,,1,,,,,
1167150,2019,2019-07-26,County Ground,2,11.5,Birmingham Bears,Northamptonshire,AJ Hose,WMH Rhodes,Faheem Ashraf,0,0,,,,,,,,,
1167150,2019,2019-07-26,County Ground,2,11.6,Birmingham Bears,Northamptonshire,AJ Hose,WMH Rhodes,Faheem Ashraf,1,0,,,,,,,,,
1167150,2019,2019-07-26,County Ground,2,12.1,Birmingham Bears,Northamptonshire,AJ Hose,WMH Rhodes,D Pretorius,1,0,,,,,,,,,
1167150,2019,2019-07-26,County Ground,2,12.2,Birmingham Bears,Northamptonshire,WMH Rhodes,AJ Hose,D Pretorius,0,1,1,,,,,,,,
1167150,2019,2019-07-26,County Ground,2,12.3,Birmingham Bears,Northamptonshire,WMH Rhodes,AJ Hose,D Pretorius,0,0,,,,,,,,,
1167150,2019,2019-07-26,County Ground,2,12.4,Birmingham Bears,Northamptonshire,WMH Rhodes,AJ Hose,D Pretorius,0,0,,,,,,,,,
1167150,2019,2019-07-26,County Ground,2,12.5,Birmingham Bears,Northamptonshire,WMH Rhodes,AJ Hose,D Pretorius,1,0,,,,,,,,,
1167150,2019,2019-07-26,County Ground,2,12.6,Birmingham Bears,Northamptonshire,AJ Hose,WMH Rhodes,D Pretorius,0,0,,,,,,,,,
1167150,2019,2019-07-26,County Ground,2,12.7,Birmingham Bears,Northamptonshire,AJ Hose,WMH Rhodes,D Pretorius,1,0,,,,,,,,,
1167150,2019,2019-07-26,County Ground,2,13.1,Birmingham Bears,Northamptonshire,AJ Hose,WMH Rhodes,Faheem Ashraf,1,0,,,,,,,,,
1167150,2019,2019-07-26,County Ground,2,13.2,Birmingham Bears,Northamptonshire,WMH Rhodes,AJ Hose,Faheem Ashraf,1,0,,,,,,,,,
1167150,2019,2019-07-26,County Ground,2,13.3,Birmingham Bears,Northamptonshire,AJ Hose,WMH Rhodes,Faheem Ashraf,0,1,,,,1,,,,,
1167150,2019,2019-07-26,County Ground,2,13.4,Birmingham Bears,Northamptonshire,WMH Rhodes,AJ Hose,Faheem Ashraf,1,0,,,,,,,,,
1167150,2019,2019-07-26,County Ground,2,13.5,Birmingham Bears,Northamptonshire,AJ Hose,WMH Rhodes,Faheem Ashraf,0,0,,,,,,,,,
1167150,2019,2019-07-26,County Ground,2,13.6,Birmingham Bears,Northamptonshire,AJ Hose,WMH Rhodes,Faheem Ashraf,0,0,,,,,,bowled,AJ Hose,,
1167150,2019,2019-07-26,County Ground,2,14.1,Birmingham Bears,Northamptonshire,WMH Rhodes,L Banks,BW Sanderson,0,1,,,,1,,,,,
1167150,2019,2019-07-26,County Ground,2,14.2,Birmingham Bears,Northamptonshire,L Banks,WMH Rhodes,BW Sanderson,1,0,,,,,,,,,
1167150,2019,2019-07-26,County Ground,2,14.3,Birmingham Bears,Northamptonshire,WMH Rhodes,L Banks,BW Sanderson,0,0,,,,,,,,,
1167150,2019,2019-07-26,County Ground,2,14.4,Birmingham Bears,Northamptonshire,WMH Rhodes,L Banks,BW Sanderson,2,0,,,,,,,,,
1167150,2019,2019-07-26,County Ground,2,14.5,Birmingham Bears,Northamptonshire,WMH Rhodes,L Banks,BW Sanderson,2,0,,,,,,,,,
1167150,2019,2019-07-26,County Ground,2,14.6,Birmingham Bears,Northamptonshire,WMH Rhodes,L Banks,BW Sanderson,0,0,,,,,,bowled,WMH Rhodes,,
1167150,2019,2019-07-26,County Ground,2,15.1,Birmingham Bears,Northamptonshire,L Banks,HJH Brookes,D Pretorius,0,1,1,,,,,,,,
1167150,2019,2019-07-26,County Ground,2,15.2,Birmingham Bears,Northamptonshire,L Banks,HJH Brookes,D Pretorius,1,0,,,,,,,,,
1167150,2019,2019-07-26,County Ground,2,15.3,Birmingham Bears,Northamptonshire,HJH Brookes,L Banks,D Pretorius,0,0,,,,,,caught,HJH Brookes,,
1167150,2019,2019-07-26,County Ground,2,15.4,Birmingham Bears,Northamptonshire,L Banks,JS Patel,D Pretorius,1,0,,,,,,,,,
1167150,2019,2019-07-26,County Ground,2,15.5,Birmingham Bears,Northamptonshire,JS Patel,L Banks,D Pretorius,1,0,,,,,,run out,JS Patel,,
1167150,2019,2019-07-26,County Ground,2,15.6,Birmingham Bears,Northamptonshire,JC Wainman,L Banks,D Pretorius,0,0,,,,,,,,,
1167150,2019,2019-07-26,County Ground,2,15.7,Birmingham Bears,Northamptonshire,JC Wainman,L Banks,D Pretorius,0,0,,,,,,,,,
