match_id,season,start_date,venue,innings,ball,batting_team,bowling_team,striker,non_striker,bowler,runs_off_bat,extras,wides,noballs,byes,legbyes,penalty,wicket_type,player_dismissed,other_wicket_type,other_player_dismissed
1167143,2019,2019-07-23,Grace Road,1,0.1,Yorkshire,Leicestershire,A Lyth,T Kohler-Cadmore,D Klein,0,0,,,,,,,,,
1167143,2019,2019-07-23,Grace Road,1,0.2,Yorkshire,Leicestershire,A Lyth,T Kohler-Cadmore,D Klein,6,0,,,,,,,,,
1167143,2019,2019-07-23,Grace Road,1,0.3,Yorkshire,Leicestershire,A Lyth,T Kohler-Cadmore,D Klein,0,0,,,,,,,,,
1167143,2019,2019-07-23,Grace Road,1,0.4,Yorkshire,Leicestershire,A Lyth,T Kohler-Cadmore,D Klein,4,0,,,,,,,,,
1167143,2019,2019-07-23,Grace Road,1,0.5,Yorkshire,Leicestershire,A Lyth,T Kohler-Cadmore,D Klein,0,0,,,,,,,,,
1167143,2019,2019-07-23,Grace Road,1,0.6,Yorkshire,Leicestershire,A Lyth,T Kohler-Cadmore,D Klein,0,0,,,,,,,,,
1167143,2019,2019-07-23,Grace Road,1,1.1,Yorkshire,Leicestershire,T Kohler-Cadmore,A Lyth,CJC Wright,4,0,,,,,,,,,
1167143,2019,2019-07-23,Grace Road,1,1.2,Yorkshire,Leicestershire,T Kohler-Cadmore,A Lyth,CJC Wright,0,0,,,,,,,,,
1167143,2019,2019-07-23,Grace Road,1,1.3,Yorkshire,Leicestershire,T Kohler-Cadmore,A Lyth,CJC Wright,1,0,,,,,,,,,
1167143,2019,2019-07-23,Grace Road,1,1.4,Yorkshire,Leicestershire,A Lyth,T Kohler-Cadmore,CJC Wright,4,0,,,,,,,,,
1167143,2019,2019-07-23,Grace Road,1,1.5,Yorkshire,Leicestershire,A Lyth,T Kohler-Cadmore,CJC Wright,4,0,,,,,,,,,
1167143,2019,2019-07-23,Grace Road,1,1.6,Yorkshire,Leicestershire,A Lyth,T Kohler-Cadmore,CJC Wright,4,0,,,,,,,,,
1167143,2019,2019-07-23,Grace Road,1,2.1,Yorkshire,Leicestershire,T Kohler-Cadmore,A Lyth,BWM Mike,0,1,,,,1,,,,,
1167143,2019,2019-07-23,Grace Road,1,2.2,Yorkshire,Leicestershire,A Lyth,T Kohler-Cadmore,BWM Mike,1,0,,,,,,,,,
1167143,2019,2019-07-23,Grace Road,1,2.3,Yorkshire,Leicestershire,T Kohler-Cadmore,A Lyth,BWM Mike,0,0,,,,,,,,,
1167143,2019,2019-07-23,Grace Road,1,2.4,Yorkshire,Leicestershire,T Kohler-Cadmore,A Lyth,BWM Mike,0,0,,,,,,,,,
1167143,2019,2019-07-23,Grace Road,1,2.5,Yorkshire,Leicestershire,T Kohler-Cadmore,A Lyth,BWM Mike,0,0,,,,,,,,,
1167143,2019,2019-07-23,Grace Road,1,2.6,Yorkshire,Leicestershire,T Kohler-Cadmore,A Lyth,BWM Mike,0,0,,,,,,,,,
1167143,2019,2019-07-23,Grace Road,1,3.1,Yorkshire,Leicestershire,A Lyth,T Kohler-Cadmore,CN Ackermann,6,0,,,,,,,,,
1167143,2019,2019-07-23,Grace Road,1,3.2,Yorkshire,Leicestershire,A Lyth,T Kohler-Cadmore,CN Ackermann,1,0,,,,,,,,,
1167143,2019,2019-07-23,Grace Road,1,3.3,Yorkshire,Leicestershire,T Kohler-Cadmore,A Lyth,CN Ackermann,0,0,,,,,,,,,
1167143,2019,2019-07-23,Grace Road,1,3.4,Yorkshire,Leicestershire,T Kohler-Cadmore,A Lyth,CN Ackermann,6,0,,,,,,,,,
1167143,2019,2019-07-23,Grace Road,1,3.5,Yorkshire,Leicestershire,T Kohler-Cadmore,A Lyth,CN Ackermann,0,5,5,,,,,,,,
1167143,2019,2019-07-23,Grace Road,1,3.6,Yorkshire,Leicestershire,T Kohler-Cadmore,A Lyth,CN Ackermann,1,0,,,,,,,,,
1167143,2019,2019-07-23,Grace Road,1,3.7,Yorkshire,Leicestershire,A Lyth,T Kohler-Cadmore,CN Ackermann,1,0,,,,,,,,,
1167143,2019,2019-07-23,Grace Road,1,4.1,Yorkshire,Leicestershire,A Lyth,T Kohler-Cadmore,BWM Mike,0,1,1,,,,,,,,
1167143,2019,2019-07-23,Grace Road,1,4.2,Yorkshire,Leicestershire,A Lyth,T Kohler-Cadmore,BWM Mike,2,0,,,,,,,,,
1167143,2019,2019-07-23,Grace Road,1,4.3,Yorkshire,Leicestershire,A Lyth,T Kohler-Cadmore,BWM Mike,2,0,,,,,,,,,
1167143,2019,2019-07-23,Grace Road,1,4.4,Yorkshire,Leicestershire,A Lyth,T Kohler-Cadmore,BWM Mike,6,0,,,,,,,,,
1167143,2019,2019-07-23,Grace Road,1,4.5,Yorkshire,Leicestershire,A Lyth,T Kohler-Cadmore,BWM Mike,4,0,,,,,,,,,
1167143,2019,2019-07-23,Grace Road,1,4.6,Yorkshire,Leicestershire,A Lyth,T Kohler-Cadmore,BWM Mike,0,0,,,,,,,,,
1167143,2019,2019-07-23,Grace Road,1,4.7,Yorkshire,Leicestershire,A Lyth,T Kohler-Cadmore,BWM Mike,0,1,1,,,,,,,,
1167143,2019,2019-07-23,Grace Road,1,4.8,Yorkshire,Leicestershire,A Lyth,T Kohler-Cadmore,BWM Mike,4,0,,,,,,,,,
1167143,2019,2019-07-23,Grace Road,1,5.1,Yorkshire,Leicestershire,T Kohler-Cadmore,A Lyth,CJC Wright,1,0,,,,,,,,,
1167143,2019,2019-07-23,Grace Road,1,5.2,Yorkshire,Leicestershire,A Lyth,T Kohler-Cadmore,CJC Wright,0,0,,,,,,,,,
1167143,2019,2019-07-23,Grace Road,1,5.3,Yorkshire,Leicestershire,A Lyth,T Kohler-Cadmore,CJC Wright,1,0,,,,,,,,,
1167143,2019,2019-07-23,Grace Road,1,5.4,Yorkshire,Leicestershire,T Kohler-Cadmore,A Lyth,CJC Wright,4,0,,,,,,,,,
1167143,2019,2019-07-23,Grace Road,1,5.5,Yorkshire,Leicestershire,T Kohler-Cadmore,A Lyth,CJC Wright,1,0,,,,,,,,,
1167143,2019,2019-07-23,Grace Road,1,5.6,Yorkshire,Leicestershire,A Lyth,T Kohler-Cadmore,CJC Wright,0,0,,,,,,,,,
1167143,2019,2019-07-23,Grace Road,1,6.1,Yorkshire,Leicestershire,T Kohler-Cadmore,A Lyth,CF Parkinson,6,0,,,,,,,,,
1167143,2019,2019-07-23,Grace Road,1,6.2,Yorkshire,Leicestershire,T Kohler-Cadmore,A Lyth,CF Parkinson,0,0,,,,,,,,,
1167143,2019,2019-07-23,Grace Road,1,6.3,Yorkshire,Leicestershire,T Kohler-Cadmore,A Lyth,CF Parkinson,1,0,,,,,,,,,
1167143,2019,2019-07-23,Grace Road,1,6.4,Yorkshire,Leicestershire,A Lyth,T Kohler-Cadmore,CF Parkinson,1,0,,,,,,,,,
1167143,2019,2019-07-23,Grace Road,1,6.5,Yorkshire,Leicestershire,T Kohler-Cadmore,A Lyth,CF Parkinson,0,0,,,,,,,,,
1167143,2019,2019-07-23,Grace Road,1,6.6,Yorkshire,Leicestershire,T Kohler-Cadmore,A Lyth,CF Parkinson,1,0,,,,,,,,,
1167143,2019,2019-07-23,Grace Road,1,7.1,Yorkshire,Leicestershire,T Kohler-Cadmore,A Lyth,NJ Dexter,1,0,,,,,,,,,
1167143,2019,2019-07-23,Grace Road,1,7.2,Yorkshire,Leicestershire,A Lyth,T Kohler-Cadmore,NJ Dexter,1,0,,,,,,,,,
1167143,2019,2019-07-23,Grace Road,1,7.3,Yorkshire,Leicestershire,T Kohler-Cadmore,A Lyth,NJ Dexter,1,0,,,,,,,,,
1167143,2019,2019-07-23,Grace Road,1,7.4,Yorkshire,Leicestershire,A Lyth,T Kohler-Cadmore,NJ Dexter,1,0,,,,,,,,,
1167143,2019,2019-07-23,Grace Road,1,7.5,Yorkshire,Leicestershire,T Kohler-Cadmore,A Lyth,NJ Dexter,1,0,,,,,,,,,
1167143,2019,2019-07-23,Grace Road,1,7.6,Yorkshire,Leicestershire,A Lyth,T Kohler-Cadmore,NJ Dexter,6,0,,,,,,,,,
1167143,2019,2019-07-23,Grace Road,1,8.1,Yorkshire,Leicestershire,T Kohler-Cadmore,A Lyth,D Klein,1,0,,,,,,,,,
1167143,2019,2019-07-23,Grace Road,1,8.2,Yorkshire,Leicestershire,A Lyth,T Kohler-Cadmore,D Klein,4,0,,,,,,,,,
1167143,2019,2019-07-23,Grace Road,1,8.3,Yorkshire,Leicestershire,A Lyth,T Kohler-Cadmore,D Klein,0,0,,,,,,,,,
1167143,2019,2019-07-23,Grace Road,1,8.4,Yorkshire,Leicestershire,A Lyth,T Kohler-Cadmore,D Klein,0,0,,,,,,,,,
1167143,2019,2019-07-23,Grace Road,1,8.5,Yorkshire,Leicestershire,A Lyth,T Kohler-Cadmore,D Klein,0,0,,,,,,,,,
1167143,2019,2019-07-23,Grace Road,1,8.6,Yorkshire,Leicestershire,A Lyth,T Kohler-Cadmore,D Klein,1,0,,,,,,,,,
1167143,2019,2019-07-23,Grace Road,1,9.1,Yorkshire,Leicestershire,A Lyth,T Kohler-Cadmore,AM Lilley,1,0,,,,,,,,,
1167143,2019,2019-07-23,Grace Road,1,9.2,Yorkshire,Leicestershire,T Kohler-Cadmore,A Lyth,AM Lilley,0,1,1,,,,,,,,
1167143,2019,2019-07-23,Grace Road,1,9.3,Yorkshire,Leicestershire,T Kohler-Cadmore,A Lyth,AM Lilley,6,0,,,,,,,,,
1167143,2019,2019-07-23,Grace Road,1,9.4,Yorkshire,Leicestershire,T Kohler-Cadmore,A Lyth,AM Lilley,0,0,,,,,,,,,
1167143,2019,2019-07-23,Grace Road,1,9.5,Yorkshire,Leicestershire,T Kohler-Cadmore,A Lyth,AM Lilley,1,0,,,,,,,,,
1167143,2019,2019-07-23,Grace Road,1,9.6,Yorkshire,Leicestershire,A Lyth,T Kohler-Cadmore,AM Lilley,4,0,,,,,,,,,
1167143,2019,2019-07-23,Grace Road,1,9.7,Yorkshire,Leicestershire,A Lyth,T Kohler-Cadmore,AM Lilley,0,1,,,,1,,,,,
1167143,2019,2019-07-23,Grace Road,1,10.1,Yorkshire,Leicestershire,A Lyth,T Kohler-Cadmore,CF Parkinson,0,0,,,,,,caught,A Lyth,,
1167143,2019,2019-07-23,Grace Road,1,10.2,Yorkshire,Leicestershire,T Kohler-Cadmore,N Pooran,CF Parkinson,1,0,,,,,,,,,
1167143,2019,2019-07-23,Grace Road,1,10.3,Yorkshire,Leicestershire,N Pooran,T Kohler-Cadmore,CF Parkinson,0,0,,,,,,,,,
1167143,2019,2019-07-23,Grace Road,1,10.4,Yorkshire,Leicestershire,N Pooran,T Kohler-Cadmore,CF Parkinson,1,0,,,,,,,,,
1167143,2019,2019-07-23,Grace Road,1,10.5,Yorkshire,Leicestershire,T Kohler-Cadmore,N Pooran,CF Parkinson,1,0,,,,,,,,,
1167143,2019,2019-07-23,Grace Road,1,10.6,Yorkshire,Leicestershire,N Pooran,T Kohler-Cadmore,CF Parkinson,1,0,,,,,,,,,
1167143,2019,2019-07-23,Grace Road,1,11.1,Yorkshire,Leicestershire,N Pooran,T Kohler-Cadmore,NJ Dexter,1,0,,,,,,,,,
1167143,2019,2019-07-23,Grace Road,1,11.2,Yorkshire,Leicestershire,T Kohler-Cadmore,N Pooran,NJ Dexter,0,0,,,,,,,,,
1167143,2019,2019-07-23,Grace Road,1,11.3,Yorkshire,Leicestershire,T Kohler-Cadmore,N Pooran,NJ Dexter,4,0,,,,,,,,,
1167143,2019,2019-07-23,Grace Road,1,11.4,Yorkshire,Leicestershire,T Kohler-Cadmore,N Pooran,NJ Dexter,1,0,,,,,,,,,
1167143,2019,2019-07-23,Grace Road,1,11.5,Yorkshire,Leicestershire,N Pooran,T Kohler-Cadmore,NJ Dexter,0,0,,,,,,,,,
1167143,2019,2019-07-23,Grace Road,1,11.6,Yorkshire,Leicestershire,N Pooran,T Kohler-Cadmore,NJ Dexter,1,0,,,,,,,,,
1167143,2019,2019-07-23,Grace Road,1,12.1,Yorkshire,Leicestershire,N Pooran,T Kohler-Cadmore,CF Parkinson,4,0,,,,,,,,,
1167143,2019,2019-07-23,Grace Road,1,12.2,Yorkshire,Leicestershire,N Pooran,T Kohler-Cadmore,CF Parkinson,0,1,,,,1,,,,,
1167143,2019,2019-07-23,Grace Road,1,12.3,Yorkshire,Leicestershire,T Kohler-Cadmore,N Pooran,CF Parkinson,6,0,,,,,,,,,
1167143,2019,2019-07-23,Grace Road,1,12.4,Yorkshire,Leicestershire,T Kohler-Cadmore,N Pooran,CF Parkinson,2,0,,,,,,,,,
1167143,2019,2019-07-23,Grace Road,1,12.5,Yorkshire,Leicestershire,T Kohler-Cadmore,N Pooran,CF Parkinson,1,0,,,,,,,,,
1167143,2019,2019-07-23,Grace Road,1,12.6,Yorkshire,Leicestershire,N Pooran,T Kohler-Cadmore,CF Parkinson,0,0,,,,,,,,,
1167143,2019,2019-07-23,Grace Road,1,13.1,Yorkshire,Leicestershire,T Kohler-Cadmore,N Pooran,CJC Wright,1,0,,,,,,,,,
1167143,2019,2019-07-23,Grace Road,1,13.2,Yorkshire,Leicestershire,N Pooran,T Kohler-Cadmore,CJC Wright,6,0,,,,,,,,,
1167143,2019,2019-07-23,Grace Road,1,13.3,Yorkshire,Leicestershire,N Pooran,T Kohler-Cadmore,CJC Wright,1,0,,,,,,,,,
1167143,2019,2019-07-23,Grace Road,1,13.4,Yorkshire,Leicestershire,T Kohler-Cadmore,N Pooran,CJC Wright,6,0,,,,,,,,,
1167143,2019,2019-07-23,Grace Road,1,13.5,Yorkshire,Leicestershire,T Kohler-Cadmore,N Pooran,CJC Wright,1,0,,,,,,,,,
1167143,2019,2019-07-23,Grace Road,1,13.6,Yorkshire,Leicestershire,N Pooran,T Kohler-Cadmore,CJC Wright,0,0,,,,,,,,,
1167143,2019,2019-07-23,Grace Road,1,14.1,Yorkshire,Leicestershire,T Kohler-Cadmore,N Pooran,BWM Mike,6,0,,,,,,,,,
1167143,2019,2019-07-23,Grace Road,1,14.2,Yorkshire,Leicestershire,T Kohler-Cadmore,N Pooran,BWM Mike,0,0,,,,,,,,,
1167143,2019,2019-07-23,Grace Road,1,14.3,Yorkshire,Leicestershire,T Kohler-Cadmore,N Pooran,BWM Mike,2,0,,,,,,,,,
1167143,2019,2019-07-23,Grace Road,1,14.4,Yorkshire,Leicestershire,T Kohler-Cadmore,N Pooran,BWM Mike,1,0,,,,,,,,,
1167143,2019,2019-07-23,Grace Road,1,14.5,Yorkshire,Leicestershire,N Pooran,T Kohler-Cadmore,BWM Mike,4,0,,,,,,,,,
1167143,2019,2019-07-23,Grace Road,1,14.6,Yorkshire,Leicestershire,N Pooran,T Kohler-Cadmore,BWM Mike,0,1,1,,,,,,,,
1167143,2019,2019-07-23,Grace Road,1,14.7,Yorkshire,Leicestershire,N Pooran,T Kohler-Cadmore,BWM Mike,0,0,,,,,,,,,
1167143,2019,2019-07-23,Grace Road,1,15.1,Yorkshire,Leicestershire,T Kohler-Cadmore,N Pooran,CF Parkinson,1,0,,,,,,,,,
1167143,2019,2019-07-23,Grace Road,1,15.2,Yorkshire,Leicestershire,N Pooran,T Kohler-Cadmore,CF Parkinson,1,0,,,,,,,,,
1167143,2019,2019-07-23,Grace Road,1,15.3,Yorkshire,Leicestershire,T Kohler-Cadmore,N Pooran,CF Parkinson,1,0,,,,,,,,,
1167143,2019,2019-07-23,Grace Road,1,15.4,Yorkshire,Leicestershire,N Pooran,T Kohler-Cadmore,CF Parkinson,6,0,,,,,,,,,
1167143,2019,2019-07-23,Grace Road,1,15.5,Yorkshire,Leicestershire,N Pooran,T Kohler-Cadmore,CF Parkinson,4,0,,,,,,,,,
1167143,2019,2019-07-23,Grace Road,1,15.6,Yorkshire,Leicestershire,N Pooran,T Kohler-Cadmore,CF Parkinson,6,2,,2,,,,,,,
1167143,2019,2019-07-23,Grace Road,1,15.7,Yorkshire,Leicestershire,N Pooran,T Kohler-Cadmore,CF Parkinson,6,0,,,,,,,,,
1167143,2019,2019-07-23,Grace Road,1,16.1,Yorkshire,Leicestershire,T Kohler-Cadmore,N Pooran,D Klein,4,0,,,,,,,,,
1167143,2019,2019-07-23,Grace Road,1,16.2,Yorkshire,Leicestershire,T Kohler-Cadmore,N Pooran,D Klein,1,0,,,,,,,,,
1167143,2019,2019-07-23,Grace Road,1,16.3,Yorkshire,Leicestershire,N Pooran,T Kohler-Cadmore,D Klein,4,0,,,,,,,,,
1167143,2019,2019-07-23,Grace Road,1,16.4,Yorkshire,Leicestershire,N Pooran,T Kohler-Cadmore,D Klein,0,0,,,,,,,,,
1167143,2019,2019-07-23,Grace Road,1,16.5,Yorkshire,Leicestershire,N Pooran,T Kohler-Cadmore,D Klein,6,0,,,,,,,,,
1167143,2019,2019-07-23,Grace Road,1,16.6,Yorkshire,Leicestershire,N Pooran,T Kohler-Cadmore,D Klein,1,0,,,,,,,,,
1167143,2019,2019-07-23,Grace Road,1,17.1,Yorkshire,Leicestershire,N Pooran,T Kohler-Cadmore,BWM Mike,0,1,1,,,,,,,,
1167143,2019,2019-07-23,Grace Road,1,17.2,Yorkshire,Leicestershire,N Pooran,T Kohler-Cadmore,BWM Mike,4,0,,,,,,,,,
1167143,2019,2019-07-23,Grace Road,1,17.3,Yorkshire,Leicestershire,N Pooran,T Kohler-Cadmore,BWM Mike,0,1,,,,1,,,,,
1167143,2019,2019-07-23,Grace Road,1,17.4,Yorkshire,Leicestershire,T Kohler-Cadmore,N Pooran,BWM Mike,6,0,,,,,,,,,
1167143,2019,2019-07-23,Grace Road,1,17.5,Yorkshire,Leicestershire,T Kohler-Cadmore,N Pooran,BWM Mike,1,0,,,,,,,,,
1167143,2019,2019-07-23,Grace Road,1,17.6,Yorkshire,Leicestershire,N Pooran,T Kohler-Cadmore,BWM Mike,4,0,,,,,,,,,
1167143,2019,2019-07-23,Grace Road,1,17.7,Yorkshire,Leicestershire,N Pooran,T Kohler-Cadmore,BWM Mike,6,0,,,,,,,,,
1167143,2019,2019-07-23,Grace Road,1,18.1,Yorkshire,Leicestershire,T Kohler-Cadmore,N Pooran,D Klein,1,0,,,,,,,,,
1167143,2019,2019-07-23,Grace Road,1,18.2,Yorkshire,Leicestershire,N Pooran,T Kohler-Cadmore,D Klein,0,0,,,,,,caught,N Pooran,,
1167143,2019,2019-07-23,Grace Road,1,18.3,Yorkshire,Leicestershire,T Kohler-Cadmore,HC Brook,D Klein,1,0,,,,,,,,,
1167143,2019,2019-07-23,Grace Road,1,18.4,Yorkshire,Leicestershire,HC Brook,T Kohler-Cadmore,D Klein,0,0,,,,,,,,,
1167143,2019,2019-07-23,Grace Road,1,18.5,Yorkshire,Leicestershire,HC Brook,T Kohler-Cadmore,D Klein,0,0,,,,,,,,,
1167143,2019,2019-07-23,Grace Road,1,18.6,Yorkshire,Leicestershire,HC Brook,T Kohler-Cadmore,D Klein,6,0,,,,,,,,,
1167143,2019,2019-07-23,Grace Road,1,19.1,Yorkshire,Leicestershire,T Kohler-Cadmore,HC Brook,CJC Wright,1,0,,,,,,,,,
1167143,2019,2019-07-23,Grace Road,1,19.2,Yorkshire,Leicestershire,HC Brook,T Kohler-Cadmore,CJC Wright,0,1,,,,1,,,,,
1167143,2019,2019-07-23,Grace Road,1,19.3,Yorkshire,Leicestershire,T Kohler-Cadmore,HC Brook,CJC Wright,6,0,,,,,,,,,
1167143,2019,2019-07-23,Grace Road,1,19.4,Yorkshire,Leicestershire,T Kohler-Cadmore,HC Brook,CJC Wright,0,0,,,,,,,,,
1167143,2019,2019-07-23,Grace Road,1,19.5,Yorkshire,Leicestershire,T Kohler-Cadmore,HC Brook,CJC Wright,2,0,,,,,,,,,
1167143,2019,2019-07-23,Grace Road,1,19.6,Yorkshire,Leicestershire,T Kohler-Cadmore,HC Brook,CJC Wright,1,0,,,,,,,,,
1167143,2019,2019-07-23,Grace Road,2,0.1,Leicestershire,Yorkshire,MJ Cosgrove,NJ Dexter,DJ Willey,0,0,,,,,,,,,
1167143,2019,2019-07-23,Grace Road,2,0.2,Leicestershire,Yorkshire,MJ Cosgrove,NJ Dexter,DJ Willey,0,1,1,,,,,,,,
1167143,2019,2019-07-23,Grace Road,2,0.3,Leicestershire,Yorkshire,MJ Cosgrove,NJ Dexter,DJ Willey,0,0,,,,,,,,,
1167143,2019,2019-07-23,Grace Road,2,0.4,Leicestershire,Yorkshire,MJ Cosgrove,NJ Dexter,DJ Willey,1,0,,,,,,,,,
1167143,2019,2019-07-23,Grace Road,2,0.5,Leicestershire,Yorkshire,NJ Dexter,MJ Cosgrove,DJ Willey,0,0,,,,,,,,,
1167143,2019,2019-07-23,Grace Road,2,0.6,Leicestershire,Yorkshire,NJ Dexter,MJ Cosgrove,DJ Willey,0,0,,,,,,,,,
1167143,2019,2019-07-23,Grace Road,2,0.7,Leicestershire,Yorkshire,NJ Dexter,MJ Cosgrove,DJ Willey,0,0,,,,,,,,,
1167143,2019,2019-07-23,Grace Road,2,1.1,Leicestershire,Yorkshire,MJ Cosgrove,NJ Dexter,D Olivier,0,0,,,,,,,,,
1167143,2019,2019-07-23,Grace Road,2,1.2,Leicestershire,Yorkshire,MJ Cosgrove,NJ Dexter,D Olivier,0,0,,,,,,,,,
1167143,2019,2019-07-23,Grace Road,2,1.3,Leicestershire,Yorkshire,MJ Cosgrove,NJ Dexter,D Olivier,4,0,,,,,,,,,
1167143,2019,2019-07-23,Grace Road,2,1.4,Leicestershire,Yorkshire,MJ Cosgrove,NJ Dexter,D Olivier,0,0,,,,,,,,,
1167143,2019,2019-07-23,Grace Road,2,1.5,Leicestershire,Yorkshire,MJ Cosgrove,NJ Dexter,D Olivier,6,0,,,,,,,,,
1167143,2019,2019-07-23,Grace Road,2,1.6,Leicestershire,Yorkshire,MJ Cosgrove,NJ Dexter,D Olivier,4,0,,,,,,,,,
1167143,2019,2019-07-23,Grace Road,2,2.1,Leicestershire,Yorkshire,NJ Dexter,MJ Cosgrove,DJ Willey,0,0,,,,,,,,,
1167143,2019,2019-07-23,Grace Road,2,2.2,Leicestershire,Yorkshire,NJ Dexter,MJ Cosgrove,DJ Willey,0,1,1,,,,,,,,
1167143,2019,2019-07-23,Grace Road,2,2.3,Leicestershire,Yorkshire,NJ Dexter,MJ Cosgrove,DJ Willey,1,0,,,,,,,,,
1167143,2019,2019-07-23,Grace Road,2,2.4,Leicestershire,Yorkshire,MJ Cosgrove,NJ Dexter,DJ Willey,1,0,,,,,,,,,
1167143,2019,2019-07-23,Grace Road,2,2.5,Leicestershire,Yorkshire,NJ Dexter,MJ Cosgrove,DJ Willey,1,0,,,,,,,,,
1167143,2019,2019-07-23,Grace Road,2,2.6,Leicestershire,Yorkshire,MJ Cosgrove,NJ Dexter,DJ Willey,0,0,,,,,,,,,
1167143,2019,2019-07-23,Grace Road,2,2.7,Leicestershire,Yorkshire,MJ Cosgrove,NJ Dexter,DJ Willey,1,0,,,,,,,,,
1167143,2019,2019-07-23,Grace Road,2,3.1,Leicestershire,Yorkshire,MJ Cosgrove,NJ Dexter,D Olivier,4,0,,,,,,,,,
1167143,2019,2019-07-23,Grace Road,2,3.2,Leicestershire,Yorkshire,MJ Cosgrove,NJ Dexter,D Olivier,1,0,,,,,,,,,
1167143,2019,2019-07-23,Grace Road,2,3.3,Leicestershire,Yorkshire,NJ Dexter,MJ Cosgrove,D Olivier,0,0,,,,,,,,,
1167143,2019,2019-07-23,Grace Road,2,3.4,Leicestershire,Yorkshire,NJ Dexter,MJ Cosgrove,D Olivier,0,0,,,,,,,,,
1167143,2019,2019-07-23,Grace Road,2,3.5,Leicestershire,Yorkshire,NJ Dexter,MJ Cosgrove,D Olivier,0,0,,,,,,,,,
1167143,2019,2019-07-23,Grace Road,2,3.6,Leicestershire,Yorkshire,NJ Dexter,MJ Cosgrove,D Olivier,6,0,,,,,,,,,
1167143,2019,2019-07-23,Grace Road,2,4.1,Leicestershire,Yorkshire,MJ Cosgrove,NJ Dexter,MW Pillans,0,0,,,,,,,,,
1167143,2019,2019-07-23,Grace Road,2,4.2,Leicestershire,Yorkshire,MJ Cosgrove,NJ Dexter,MW Pillans,1,0,,,,,,,,,
1167143,2019,2019-07-23,Grace Road,2,4.3,Leicestershire,Yorkshire,NJ Dexter,MJ Cosgrove,MW Pillans,0,1,1,,,,,,,,
1167143,2019,2019-07-23,Grace Road,2,4.4,Leicestershire,Yorkshire,NJ Dexter,MJ Cosgrove,MW Pillans,0,0,,,,,,,,,
1167143,2019,2019-07-23,Grace Road,2,4.5,Leicestershire,Yorkshire,NJ Dexter,MJ Cosgrove,MW Pillans,4,0,,,,,,,,,
1167143,2019,2019-07-23,Grace Road,2,4.6,Leicestershire,Yorkshire,NJ Dexter,MJ Cosgrove,MW Pillans,0,0,,,,,,,,,
1167143,2019,2019-07-23,Grace Road,2,4.7,Leicestershire,Yorkshire,NJ Dexter,MJ Cosgrove,MW Pillans,1,0,,,,,,,,,
1167143,2019,2019-07-23,Grace Road,2,5.1,Leicestershire,Yorkshire,NJ Dexter,MJ Cosgrove,D Olivier,2,0,,,,,,,,,
1167143,2019,2019-07-23,Grace Road,2,5.2,Leicestershire,Yorkshire,NJ Dexter,MJ Cosgrove,D Olivier,4,0,,,,,,,,,
1167143,2019,2019-07-23,Grace Road,2,5.3,Leicestershire,Yorkshire,NJ Dexter,MJ Cosgrove,D Olivier,6,0,,,,,,,,,
1167143,2019,2019-07-23,Grace Road,2,5.4,Leicestershire,Yorkshire,NJ Dexter,MJ Cosgrove,D Olivier,0,0,,,,,,,,,
1167143,2019,2019-07-23,Grace Road,2,5.5,Leicestershire,Yorkshire,NJ Dexter,MJ Cosgrove,D Olivier,0,0,,,,,,bowled,NJ Dexter,,
1167143,2019,2019-07-23,Grace Road,2,5.6,Leicestershire,Yorkshire,CN Ackermann,MJ Cosgrove,D Olivier,4,0,,,,,,,,,
1167143,2019,2019-07-23,Grace Road,2,6.1,Leicestershire,Yorkshire,MJ Cosgrove,CN Ackermann,JA Thompson,1,0,,,,,,,,,
1167143,2019,2019-07-23,Grace Road,2,6.2,Leicestershire,Yorkshire,CN Ackermann,MJ Cosgrove,JA Thompson,1,0,,,,,,,,,
1167143,2019,2019-07-23,Grace Road,2,6.3,Leicestershire,Yorkshire,MJ Cosgrove,CN Ackermann,JA Thompson,0,0,,,,,,,,,
1167143,2019,2019-07-23,Grace Road,2,6.4,Leicestershire,Yorkshire,MJ Cosgrove,CN Ackermann,JA Thompson,0,1,,,,1,,,,,
1167143,2019,2019-07-23,Grace Road,2,6.5,Leicestershire,Yorkshire,CN Ackermann,MJ Cosgrove,JA Thompson,1,0,,,,,,,,,
1167143,2019,2019-07-23,Grace Road,2,6.6,Leicestershire,Yorkshire,MJ Cosgrove,CN Ackermann,JA Thompson,1,0,,,,,,,,,
1167143,2019,2019-07-23,Grace Road,2,7.1,Leicestershire,Yorkshire,MJ Cosgrove,CN Ackermann,DM Bess,1,0,,,,,,,,,
1167143,2019,2019-07-23,Grace Road,2,7.2,Leicestershire,Yorkshire,CN Ackermann,MJ Cosgrove,DM Bess,1,0,,,,,,,,,
1167143,2019,2019-07-23,Grace Road,2,7.3,Leicestershire,Yorkshire,MJ Cosgrove,CN Ackermann,DM Bess,1,0,,,,,,,,,
1167143,2019,2019-07-23,Grace Road,2,7.4,Leicestershire,Yorkshire,CN Ackermann,MJ Cosgrove,DM Bess,1,0,,,,,,,,,
1167143,2019,2019-07-23,Grace Road,2,7.5,Leicestershire,Yorkshire,MJ Cosgrove,CN Ackermann,DM Bess,1,0,,,,,,,,,
1167143,2019,2019-07-23,Grace Road,2,7.6,Leicestershire,Yorkshire,CN Ackermann,MJ Cosgrove,DM Bess,1,0,,,,,,,,,
1167143,2019,2019-07-23,Grace Road,2,8.1,Leicestershire,Yorkshire,CN Ackermann,MJ Cosgrove,JA Thompson,6,0,,,,,,,,,
1167143,2019,2019-07-23,Grace Road,2,8.2,Leicestershire,Yorkshire,CN Ackermann,MJ Cosgrove,JA Thompson,1,0,,,,,,,,,
1167143,2019,2019-07-23,Grace Road,2,8.3,Leicestershire,Yorkshire,MJ Cosgrove,CN Ackermann,JA Thompson,0,0,,,,,,,,,
1167143,2019,2019-07-23,Grace Road,2,8.4,Leicestershire,Yorkshire,MJ Cosgrove,CN Ackermann,JA Thompson,1,0,,,,,,,,,
1167143,2019,2019-07-23,Grace Road,2,8.5,Leicestershire,Yorkshire,CN Ackermann,MJ Cosgrove,JA Thompson,1,0,,,,,,,,,
1167143,2019,2019-07-23,Grace Road,2,8.6,Leicestershire,Yorkshire,MJ Cosgrove,CN Ackermann,JA Thompson,1,0,,,,,,,,,
1167143,2019,2019-07-23,Grace Road,2,9.1,Leicestershire,Yorkshire,MJ Cosgrove,CN Ackermann,DM Bess,0,0,,,,,,,,,
1167143,2019,2019-07-23,Grace Road,2,9.2,Leicestershire,Yorkshire,MJ Cosgrove,CN Ackermann,DM Bess,1,0,,,,,,,,,
1167143,2019,2019-07-23,Grace Road,2,9.3,Leicestershire,Yorkshire,CN Ackermann,MJ Cosgrove,DM Bess,4,0,,,,,,,,,
1167143,2019,2019-07-23,Grace Road,2,9.4,Leicestershire,Yorkshire,CN Ackermann,MJ Cosgrove,DM Bess,0,0,,,,,,,,,
1167143,2019,2019-07-23,Grace Road,2,9.5,Leicestershire,Yorkshire,CN Ackermann,MJ Cosgrove,DM Bess,1,0,,,,,,,,,
1167143,2019,2019-07-23,Grace Road,2,9.6,Leicestershire,Yorkshire,MJ Cosgrove,CN Ackermann,DM Bess,0,0,,,,,,caught,MJ Cosgrove,,
1167143,2019,2019-07-23,Grace Road,2,10.1,Leicestershire,Yorkshire,CN Ackermann,AM Lilley,TT Bresnan,1,0,,,,,,,,,
1167143,2019,2019-07-23,Grace Road,2,10.2,Leicestershire,Yorkshire,AM Lilley,CN Ackermann,TT Bresnan,2,0,,,,,,,,,
1167143,2019,2019-07-23,Grace Road,2,10.3,Leicestershire,Yorkshire,AM Lilley,CN Ackermann,TT Bresnan,1,0,,,,,,,,,
1167143,2019,2019-07-23,Grace Road,2,10.4,Leicestershire,Yorkshire,CN Ackermann,AM Lilley,TT Bresnan,1,0,,,,,,,,,
1167143,2019,2019-07-23,Grace Road,2,10.5,Leicestershire,Yorkshire,AM Lilley,CN Ackermann,TT Bresnan,6,0,,,,,,,,,
1167143,2019,2019-07-23,Grace Road,2,10.6,Leicestershire,Yorkshire,AM Lilley,CN Ackermann,TT Bresnan,1,0,,,,,,,,,
1167143,2019,2019-07-23,Grace Road,2,11.1,Leicestershire,Yorkshire,AM Lilley,CN Ackermann,MW Pillans,4,0,,,,,,,,,
1167143,2019,2019-07-23,Grace Road,2,11.2,Leicestershire,Yorkshire,AM Lilley,CN Ackermann,MW Pillans,6,0,,,,,,,,,
1167143,2019,2019-07-23,Grace Road,2,11.3,Leicestershire,Yorkshire,AM Lilley,CN Ackermann,MW Pillans,1,0,,,,,,,,,
1167143,2019,2019-07-23,Grace Road,2,11.4,Leicestershire,Yorkshire,CN Ackermann,AM Lilley,MW Pillans,0,0,,,,,,,,,
1167143,2019,2019-07-23,Grace Road,2,11.5,Leicestershire,Yorkshire,CN Ackermann,AM Lilley,MW Pillans,4,0,,,,,,,,,
1167143,2019,2019-07-23,Grace Road,2,11.6,Leicestershire,Yorkshire,CN Ackermann,AM Lilley,MW Pillans,1,0,,,,,,,,,
1167143,2019,2019-07-23,Grace Road,2,12.1,Leicestershire,Yorkshire,CN Ackermann,AM Lilley,JA Thompson,0,0,,,,,,bowled,CN Ackermann,,
1167143,2019,2019-07-23,Grace Road,2,12.2,Leicestershire,Yorkshire,LJ Hill,AM Lilley,JA Thompson,1,0,,,,,,,,,
1167143,2019,2019-07-23,Grace Road,2,12.3,Leicestershire,Yorkshire,AM Lilley,LJ Hill,JA Thompson,0,0,,,,,,,,,
1167143,2019,2019-07-23,Grace Road,2,12.4,Leicestershire,Yorkshire,AM Lilley,LJ Hill,JA Thompson,1,0,,,,,,,,,
1167143,2019,2019-07-23,Grace Road,2,12.5,Leicestershire,Yorkshire,LJ Hill,AM Lilley,JA Thompson,2,0,,,,,,,,,
1167143,2019,2019-07-23,Grace Road,2,12.6,Leicestershire,Yorkshire,LJ Hill,AM Lilley,JA Thompson,1,0,,,,,,,,,
1167143,2019,2019-07-23,Grace Road,2,13.1,Leicestershire,Yorkshire,LJ Hill,AM Lilley,DM Bess,1,0,,,,,,,,,
1167143,2019,2019-07-23,Grace Road,2,13.2,Leicestershire,Yorkshire,AM Lilley,LJ Hill,DM Bess,2,0,,,,,,,,,
1167143,2019,2019-07-23,Grace Road,2,13.3,Leicestershire,Yorkshire,AM Lilley,LJ Hill,DM Bess,6,0,,,,,,,,,
1167143,2019,2019-07-23,Grace Road,2,13.4,Leicestershire,Yorkshire,AM Lilley,LJ Hill,DM Bess,1,0,,,,,,,,,
1167143,2019,2019-07-23,Grace Road,2,13.5,Leicestershire,Yorkshire,LJ Hill,AM Lilley,DM Bess,0,0,,,,,,,,,
1167143,2019,2019-07-23,Grace Road,2,13.6,Leicestershire,Yorkshire,LJ Hill,AM Lilley,DM Bess,0,0,,,,,,,,,
1167143,2019,2019-07-23,Grace Road,2,14.1,Leicestershire,Yorkshire,AM Lilley,LJ Hill,DJ Willey,1,0,,,,,,,,,
1167143,2019,2019-07-23,Grace Road,2,14.2,Leicestershire,Yorkshire,LJ Hill,AM Lilley,DJ Willey,1,0,,,,,,,,,
1167143,2019,2019-07-23,Grace Road,2,14.3,Leicestershire,Yorkshire,AM Lilley,LJ Hill,DJ Willey,1,0,,,,,,,,,
1167143,2019,2019-07-23,Grace Road,2,14.4,Leicestershire,Yorkshire,LJ Hill,AM Lilley,DJ Willey,4,2,,2,,,,,,,
1167143,2019,2019-07-23,Grace Road,2,14.5,Leicestershire,Yorkshire,LJ Hill,AM Lilley,DJ Willey,0,0,,,,,,,,,
1167143,2019,2019-07-23,Grace Road,2,14.6,Leicestershire,Yorkshire,LJ Hill,AM Lilley,DJ Willey,0,0,,,,,,,,,
1167143,2019,2019-07-23,Grace Road,2,14.7,Leicestershire,Yorkshire,LJ Hill,AM Lilley,DJ Willey,1,0,,,,,,,,,
1167143,2019,2019-07-23,Grace Road,2,15.1,Leicestershire,Yorkshire,LJ Hill,AM Lilley,DM Bess,4,0,,,,,,,,,
1167143,2019,2019-07-23,Grace Road,2,15.2,Leicestershire,Yorkshire,LJ Hill,AM Lilley,DM Bess,6,0,,,,,,,,,
1167143,2019,2019-07-23,Grace Road,2,15.3,Leicestershire,Yorkshire,LJ Hill,AM Lilley,DM Bess,6,0,,,,,,,,,
1167143,2019,2019-07-23,Grace Road,2,15.4,Leicestershire,Yorkshire,LJ Hill,AM Lilley,DM Bess,0,0,,,,,,,,,
1167143,2019,2019-07-23,Grace Road,2,15.5,Leicestershire,Yorkshire,LJ Hill,AM Lilley,DM Bess,1,0,,,,,,,,,
1167143,2019,2019-07-23,Grace Road,2,15.6,Leicestershire,Yorkshire,AM Lilley,LJ Hill,DM Bess,6,0,,,,,,,,,
1167143,2019,2019-07-23,Grace Road,2,16.1,Leicestershire,Yorkshire,LJ Hill,AM Lilley,MW Pillans,3,0,,,,,,,,,
1167143,2019,2019-07-23,Grace Road,2,16.2,Leicestershire,Yorkshire,AM Lilley,LJ Hill,MW Pillans,0,2,,2,,,,,,,
1167143,2019,2019-07-23,Grace Road,2,16.3,Leicestershire,Yorkshire,AM Lilley,LJ Hill,MW Pillans,0,0,,,,,,,,,
1167143,2019,2019-07-23,Grace Road,2,16.4,Leicestershire,Yorkshire,AM Lilley,LJ Hill,MW Pillans,0,1,1,,,,,,,,
1167143,2019,2019-07-23,Grace Road,2,16.5,Leicestershire,Yorkshire,AM Lilley,LJ Hill,MW Pillans,4,0,,,,,,,,,
1167143,2019,2019-07-23,Grace Road,2,16.6,Leicestershire,Yorkshire,AM Lilley,LJ Hill,MW Pillans,1,0,,,,,,,,,
1167143,2019,2019-07-23,Grace Road,2,16.7,Leicestershire,Yorkshire,LJ Hill,AM Lilley,MW Pillans,2,0,,,,,,,,,
1167143,2019,2019-07-23,Grace Road,2,16.8,Leicestershire,Yorkshire,LJ Hill,AM Lilley,MW Pillans,0,0,,,,,,,,,
1167143,2019,2019-07-23,Grace Road,2,17.1,Leicestershire,Yorkshire,AM Lilley,LJ Hill,DJ Willey,0,0,,,,,,,,,
1167143,2019,2019-07-23,Grace Road,2,17.2,Leicestershire,Yorkshire,AM Lilley,LJ Hill,DJ Willey,1,0,,,,,,,,,
1167143,2019,2019-07-23,Grace Road,2,17.3,Leicestershire,Yorkshire,LJ Hill,AM Lilley,DJ Willey,0,1,1,,,,,,,,
1167143,2019,2019-07-23,Grace Road,2,17.4,Leicestershire,Yorkshire,LJ Hill,AM Lilley,DJ Willey,1,0,,,,,,,,,
1167143,2019,2019-07-23,Grace Road,2,17.5,Leicestershire,Yorkshire,AM Lilley,LJ Hill,DJ Willey,1,0,,,,,,,,,
1167143,2019,2019-07-23,Grace Road,2,17.6,Leicestershire,Yorkshire,LJ Hill,AM Lilley,DJ Willey,1,0,,,,,,,,,
1167143,2019,2019-07-23,Grace Road,2,17.7,Leicestershire,Yorkshire,AM Lilley,LJ Hill,DJ Willey,1,0,,,,,,,,,
1167143,2019,2019-07-23,Grace Road,2,18.1,Leicestershire,Yorkshire,AM Lilley,LJ Hill,MW Pillans,0,0,,,,,,caught,AM Lilley,,
1167143,2019,2019-07-23,Grace Road,2,18.2,Leicestershire,Yorkshire,LJ Hill,HE Dearden,MW Pillans,6,0,,,,,,,,,
1167143,2019,2019-07-23,Grace Road,2,18.3,Leicestershire,Yorkshire,LJ Hill,HE Dearden,MW Pillans,6,0,,,,,,,,,
1167143,2019,2019-07-23,Grace Road,2,18.4,Leicestershire,Yorkshire,LJ Hill,HE Dearden,MW Pillans,1,0,,,,,,,,,
1167143,2019,2019-07-23,Grace Road,2,18.5,Leicestershire,Yorkshire,HE Dearden,LJ Hill,MW Pillans,1,0,,,,,,,,,
1167143,2019,2019-07-23,Grace Road,2,18.6,Leicestershire,Yorkshire,LJ Hill,HE Dearden,MW Pillans,0,4,,,,4,,,,,
1167143,2019,2019-07-23,Grace Road,2,19.1,Leicestershire,Yorkshire,HE Dearden,LJ Hill,D Olivier,2,0,,,,,,,,,
1167143,2019,2019-07-23,Grace Road,2,19.2,Leicestershire,Yorkshire,HE Dearden,LJ Hill,D Olivier,0,1,1,,,,,,,,
1167143,2019,2019-07-23,Grace Road,2,19.3,Leicestershire,Yorkshire,HE Dearden,LJ Hill,D Olivier,1,0,,,,,,,,,
1167143,2019,2019-07-23,Grace Road,2,19.4,Leicestershire,Yorkshire,LJ Hill,HE Dearden,D Olivier,0,0,,,,,,,,,
1167143,2019,2019-07-23,Grace Road,2,19.5,Leicestershire,Yorkshire,LJ Hill,HE Dearden,D Olivier,0,0,,,,,,,,,
1167143,2019,2019-07-23,Grace Road,2,19.6,Leicestershire,Yorkshire,LJ Hill,HE Dearden,D Olivier,1,0,,,,,,,,,
1167143,2019,2019-07-23,Grace Road,2,19.7,Leicestershire,Yorkshire,HE Dearden,LJ Hill,D Olivier,1,0,,,,,,,,,
