match_id,season,start_date,venue,innings,ball,batting_team,bowling_team,striker,non_striker,bowler,runs_off_bat,extras,wides,noballs,byes,legbyes,penalty,wicket_type,player_dismissed,other_wicket_type,other_player_dismissed
1167222,2019,2019-08-22,Lord's,1,0.1,Middlesex,Hampshire,PR Stirling,DJ Malan,CP Wood,1,0,,,,,,,,,
1167222,2019,2019-08-22,Lord's,1,0.2,Middlesex,Hampshire,DJ Malan,PR Stirling,CP Wood,0,0,,,,,,,,,
1167222,2019,2019-08-22,Lord's,1,0.3,Middlesex,Hampshire,DJ Malan,PR Stirling,CP Wood,0,0,,,,,,,,,
1167222,2019,2019-08-22,Lord's,1,0.4,Middlesex,Hampshire,DJ Malan,PR Stirling,CP Wood,4,0,,,,,,,,,
1167222,2019,2019-08-22,Lord's,1,0.5,Middlesex,Hampshire,DJ Malan,PR Stirling,CP Wood,0,0,,,,,,,,,
1167222,2019,2019-08-22,Lord's,1,0.6,Middlesex,Hampshire,DJ Malan,PR Stirling,CP Wood,1,0,,,,,,,,,
1167222,2019,2019-08-22,Lord's,1,1.1,Middlesex,Hampshire,DJ Malan,PR Stirling,KJ Abbott,1,0,,,,,,,,,
1167222,2019,2019-08-22,Lord's,1,1.2,Middlesex,Hampshire,PR Stirling,DJ Malan,KJ Abbott,0,0,,,,,,,,,
1167222,2019,2019-08-22,Lord's,1,1.3,Middlesex,Hampshire,PR Stirling,DJ Malan,KJ Abbott,1,0,,,,,,,,,
1167222,2019,2019-08-22,Lord's,1,1.4,Middlesex,Hampshire,DJ Malan,PR Stirling,KJ Abbott,0,0,,,,,,,,,
1167222,2019,2019-08-22,Lord's,1,1.5,Middlesex,Hampshire,DJ Malan,PR Stirling,KJ Abbott,2,0,,,,,,,,,
1167222,2019,2019-08-22,Lord's,1,1.6,Middlesex,Hampshire,DJ Malan,PR Stirling,KJ Abbott,4,0,,,,,,,,,
1167222,2019,2019-08-22,Lord's,1,2.1,Middlesex,Hampshire,PR Stirling,DJ Malan,CH Morris,1,0,,,,,,,,,
1167222,2019,2019-08-22,Lord's,1,2.2,Middlesex,Hampshire,DJ Malan,PR Stirling,CH Morris,1,0,,,,,,,,,
1167222,2019,2019-08-22,Lord's,1,2.3,Middlesex,Hampshire,PR Stirling,DJ Malan,CH Morris,0,0,,,,,,,,,
1167222,2019,2019-08-22,Lord's,1,2.4,Middlesex,Hampshire,PR Stirling,DJ Malan,CH Morris,6,0,,,,,,,,,
1167222,2019,2019-08-22,Lord's,1,2.5,Middlesex,Hampshire,PR Stirling,DJ Malan,CH Morris,0,0,,,,,,,,,
1167222,2019,2019-08-22,Lord's,1,2.6,Middlesex,Hampshire,PR Stirling,DJ Malan,CH Morris,1,0,,,,,,,,,
1167222,2019,2019-08-22,Lord's,1,3.1,Middlesex,Hampshire,PR Stirling,DJ Malan,KJ Abbott,0,0,,,,,,lbw,PR Stirling,,
1167222,2019,2019-08-22,Lord's,1,3.2,Middlesex,Hampshire,SS Eskinazi,DJ Malan,KJ Abbott,0,0,,,,,,,,,
1167222,2019,2019-08-22,Lord's,1,3.3,Middlesex,Hampshire,SS Eskinazi,DJ Malan,KJ Abbott,1,0,,,,,,,,,
1167222,2019,2019-08-22,Lord's,1,3.4,Middlesex,Hampshire,DJ Malan,SS Eskinazi,KJ Abbott,1,0,,,,,,,,,
1167222,2019,2019-08-22,Lord's,1,3.5,Middlesex,Hampshire,SS Eskinazi,DJ Malan,KJ Abbott,4,0,,,,,,,,,
1167222,2019,2019-08-22,Lord's,1,3.6,Middlesex,Hampshire,SS Eskinazi,DJ Malan,KJ Abbott,0,0,,,,,,,,,
1167222,2019,2019-08-22,Lord's,1,4.1,Middlesex,Hampshire,DJ Malan,SS Eskinazi,CP Wood,4,0,,,,,,,,,
1167222,2019,2019-08-22,Lord's,1,4.2,Middlesex,Hampshire,DJ Malan,SS Eskinazi,CP Wood,1,0,,,,,,,,,
1167222,2019,2019-08-22,Lord's,1,4.3,Middlesex,Hampshire,SS Eskinazi,DJ Malan,CP Wood,0,0,,,,,,,,,
1167222,2019,2019-08-22,Lord's,1,4.4,Middlesex,Hampshire,SS Eskinazi,DJ Malan,CP Wood,4,0,,,,,,,,,
1167222,2019,2019-08-22,Lord's,1,4.5,Middlesex,Hampshire,SS Eskinazi,DJ Malan,CP Wood,1,0,,,,,,,,,
1167222,2019,2019-08-22,Lord's,1,4.6,Middlesex,Hampshire,DJ Malan,SS Eskinazi,CP Wood,0,0,,,,,,,,,
1167222,2019,2019-08-22,Lord's,1,5.1,Middlesex,Hampshire,SS Eskinazi,DJ Malan,CH Morris,0,0,,,,,,,,,
1167222,2019,2019-08-22,Lord's,1,5.2,Middlesex,Hampshire,SS Eskinazi,DJ Malan,CH Morris,1,0,,,,,,,,,
1167222,2019,2019-08-22,Lord's,1,5.3,Middlesex,Hampshire,DJ Malan,SS Eskinazi,CH Morris,4,0,,,,,,,,,
1167222,2019,2019-08-22,Lord's,1,5.4,Middlesex,Hampshire,DJ Malan,SS Eskinazi,CH Morris,0,2,,2,,,,,,,
1167222,2019,2019-08-22,Lord's,1,5.5,Middlesex,Hampshire,DJ Malan,SS Eskinazi,CH Morris,0,0,,,,,,caught,DJ Malan,,
1167222,2019,2019-08-22,Lord's,1,5.6,Middlesex,Hampshire,EJG Morgan,SS Eskinazi,CH Morris,0,0,,,,,,,,,
1167222,2019,2019-08-22,Lord's,1,5.7,Middlesex,Hampshire,EJG Morgan,SS Eskinazi,CH Morris,0,0,,,,,,,,,
1167222,2019,2019-08-22,Lord's,1,6.1,Middlesex,Hampshire,SS Eskinazi,EJG Morgan,LA Dawson,1,0,,,,,,,,,
1167222,2019,2019-08-22,Lord's,1,6.2,Middlesex,Hampshire,EJG Morgan,SS Eskinazi,LA Dawson,1,0,,,,,,,,,
1167222,2019,2019-08-22,Lord's,1,6.3,Middlesex,Hampshire,SS Eskinazi,EJG Morgan,LA Dawson,0,0,,,,,,,,,
1167222,2019,2019-08-22,Lord's,1,6.4,Middlesex,Hampshire,SS Eskinazi,EJG Morgan,LA Dawson,1,0,,,,,,,,,
1167222,2019,2019-08-22,Lord's,1,6.5,Middlesex,Hampshire,EJG Morgan,SS Eskinazi,LA Dawson,0,0,,,,,,,,,
1167222,2019,2019-08-22,Lord's,1,6.6,Middlesex,Hampshire,EJG Morgan,SS Eskinazi,LA Dawson,6,0,,,,,,,,,
1167222,2019,2019-08-22,Lord's,1,7.1,Middlesex,Hampshire,SS Eskinazi,EJG Morgan,T Shamsi,0,0,,,,,,,,,
1167222,2019,2019-08-22,Lord's,1,7.2,Middlesex,Hampshire,SS Eskinazi,EJG Morgan,T Shamsi,2,0,,,,,,,,,
1167222,2019,2019-08-22,Lord's,1,7.3,Middlesex,Hampshire,SS Eskinazi,EJG Morgan,T Shamsi,1,0,,,,,,,,,
1167222,2019,2019-08-22,Lord's,1,7.4,Middlesex,Hampshire,EJG Morgan,SS Eskinazi,T Shamsi,0,0,,,,,,,,,
1167222,2019,2019-08-22,Lord's,1,7.5,Middlesex,Hampshire,EJG Morgan,SS Eskinazi,T Shamsi,1,0,,,,,,,,,
1167222,2019,2019-08-22,Lord's,1,7.6,Middlesex,Hampshire,SS Eskinazi,EJG Morgan,T Shamsi,0,0,,,,,,caught,SS Eskinazi,,
1167222,2019,2019-08-22,Lord's,1,8.1,Middlesex,Hampshire,EJG Morgan,Mohammad Hafeez,LA Dawson,0,0,,,,,,,,,
1167222,2019,2019-08-22,Lord's,1,8.2,Middlesex,Hampshire,EJG Morgan,Mohammad Hafeez,LA Dawson,1,0,,,,,,,,,
1167222,2019,2019-08-22,Lord's,1,8.3,Middlesex,Hampshire,Mohammad Hafeez,EJG Morgan,LA Dawson,1,0,,,,,,,,,
1167222,2019,2019-08-22,Lord's,1,8.4,Middlesex,Hampshire,EJG Morgan,Mohammad Hafeez,LA Dawson,1,0,,,,,,,,,
1167222,2019,2019-08-22,Lord's,1,8.5,Middlesex,Hampshire,Mohammad Hafeez,EJG Morgan,LA Dawson,0,0,,,,,,,,,
1167222,2019,2019-08-22,Lord's,1,8.6,Middlesex,Hampshire,Mohammad Hafeez,EJG Morgan,LA Dawson,0,0,,,,,,,,,
1167222,2019,2019-08-22,Lord's,1,9.1,Middlesex,Hampshire,EJG Morgan,Mohammad Hafeez,T Shamsi,1,0,,,,,,,,,
1167222,2019,2019-08-22,Lord's,1,9.2,Middlesex,Hampshire,Mohammad Hafeez,EJG Morgan,T Shamsi,1,0,,,,,,,,,
1167222,2019,2019-08-22,Lord's,1,9.3,Middlesex,Hampshire,EJG Morgan,Mohammad Hafeez,T Shamsi,6,0,,,,,,,,,
1167222,2019,2019-08-22,Lord's,1,9.4,Middlesex,Hampshire,EJG Morgan,Mohammad Hafeez,T Shamsi,0,0,,,,,,,,,
1167222,2019,2019-08-22,Lord's,1,9.5,Middlesex,Hampshire,EJG Morgan,Mohammad Hafeez,T Shamsi,1,0,,,,,,,,,
1167222,2019,2019-08-22,Lord's,1,9.6,Middlesex,Hampshire,Mohammad Hafeez,EJG Morgan,T Shamsi,0,0,,,,,,,,,
1167222,2019,2019-08-22,Lord's,1,10.1,Middlesex,Hampshire,EJG Morgan,Mohammad Hafeez,LA Dawson,1,0,,,,,,,,,
1167222,2019,2019-08-22,Lord's,1,10.2,Middlesex,Hampshire,Mohammad Hafeez,EJG Morgan,LA Dawson,1,0,,,,,,,,,
1167222,2019,2019-08-22,Lord's,1,10.3,Middlesex,Hampshire,EJG Morgan,Mohammad Hafeez,LA Dawson,1,0,,,,,,,,,
1167222,2019,2019-08-22,Lord's,1,10.4,Middlesex,Hampshire,Mohammad Hafeez,EJG Morgan,LA Dawson,1,0,,,,,,,,,
1167222,2019,2019-08-22,Lord's,1,10.5,Middlesex,Hampshire,EJG Morgan,Mohammad Hafeez,LA Dawson,0,0,,,,,,caught,EJG Morgan,,
1167222,2019,2019-08-22,Lord's,1,10.6,Middlesex,Hampshire,Mohammad Hafeez,JA Simpson,LA Dawson,1,0,,,,,,,,,
1167222,2019,2019-08-22,Lord's,1,11.1,Middlesex,Hampshire,Mohammad Hafeez,JA Simpson,T Shamsi,1,0,,,,,,,,,
1167222,2019,2019-08-22,Lord's,1,11.2,Middlesex,Hampshire,JA Simpson,Mohammad Hafeez,T Shamsi,1,0,,,,,,,,,
1167222,2019,2019-08-22,Lord's,1,11.3,Middlesex,Hampshire,Mohammad Hafeez,JA Simpson,T Shamsi,0,0,,,,,,,,,
1167222,2019,2019-08-22,Lord's,1,11.4,Middlesex,Hampshire,Mohammad Hafeez,JA Simpson,T Shamsi,0,0,,,,,,,,,
1167222,2019,2019-08-22,Lord's,1,11.5,Middlesex,Hampshire,Mohammad Hafeez,JA Simpson,T Shamsi,4,0,,,,,,,,,
1167222,2019,2019-08-22,Lord's,1,11.6,Middlesex,Hampshire,Mohammad Hafeez,JA Simpson,T Shamsi,0,0,,,,,,,,,
1167222,2019,2019-08-22,Lord's,1,12.1,Middlesex,Hampshire,JA Simpson,Mohammad Hafeez,LA Dawson,1,0,,,,,,,,,
1167222,2019,2019-08-22,Lord's,1,12.2,Middlesex,Hampshire,Mohammad Hafeez,JA Simpson,LA Dawson,0,0,,,,,,,,,
1167222,2019,2019-08-22,Lord's,1,12.3,Middlesex,Hampshire,Mohammad Hafeez,JA Simpson,LA Dawson,0,0,,,,,,,,,
1167222,2019,2019-08-22,Lord's,1,12.4,Middlesex,Hampshire,Mohammad Hafeez,JA Simpson,LA Dawson,0,0,,,,,,,,,
1167222,2019,2019-08-22,Lord's,1,12.5,Middlesex,Hampshire,Mohammad Hafeez,JA Simpson,LA Dawson,0,0,,,,,,,,,
1167222,2019,2019-08-22,Lord's,1,12.6,Middlesex,Hampshire,Mohammad Hafeez,JA Simpson,LA Dawson,3,0,,,,,,,,,
1167222,2019,2019-08-22,Lord's,1,13.1,Middlesex,Hampshire,Mohammad Hafeez,JA Simpson,CH Morris,0,0,,,,,,,,,
1167222,2019,2019-08-22,Lord's,1,13.2,Middlesex,Hampshire,Mohammad Hafeez,JA Simpson,CH Morris,0,0,,,,,,,,,
1167222,2019,2019-08-22,Lord's,1,13.3,Middlesex,Hampshire,Mohammad Hafeez,JA Simpson,CH Morris,1,0,,,,,,,,,
1167222,2019,2019-08-22,Lord's,1,13.4,Middlesex,Hampshire,JA Simpson,Mohammad Hafeez,CH Morris,1,0,,,,,,,,,
1167222,2019,2019-08-22,Lord's,1,13.5,Middlesex,Hampshire,Mohammad Hafeez,JA Simpson,CH Morris,1,0,,,,,,,,,
1167222,2019,2019-08-22,Lord's,1,13.6,Middlesex,Hampshire,JA Simpson,Mohammad Hafeez,CH Morris,2,0,,,,,,,,,
1167222,2019,2019-08-22,Lord's,1,14.1,Middlesex,Hampshire,Mohammad Hafeez,JA Simpson,CP Wood,0,0,,,,,,,,,
1167222,2019,2019-08-22,Lord's,1,14.2,Middlesex,Hampshire,Mohammad Hafeez,JA Simpson,CP Wood,1,0,,,,,,,,,
1167222,2019,2019-08-22,Lord's,1,14.3,Middlesex,Hampshire,JA Simpson,Mohammad Hafeez,CP Wood,1,0,,,,,,,,,
1167222,2019,2019-08-22,Lord's,1,14.4,Middlesex,Hampshire,Mohammad Hafeez,JA Simpson,CP Wood,1,0,,,,,,,,,
1167222,2019,2019-08-22,Lord's,1,14.5,Middlesex,Hampshire,JA Simpson,Mohammad Hafeez,CP Wood,2,0,,,,,,,,,
1167222,2019,2019-08-22,Lord's,1,14.6,Middlesex,Hampshire,JA Simpson,Mohammad Hafeez,CP Wood,1,0,,,,,,,,,
1167222,2019,2019-08-22,Lord's,1,15.1,Middlesex,Hampshire,JA Simpson,Mohammad Hafeez,T Shamsi,1,0,,,,,,,,,
1167222,2019,2019-08-22,Lord's,1,15.2,Middlesex,Hampshire,Mohammad Hafeez,JA Simpson,T Shamsi,1,0,,,,,,,,,
1167222,2019,2019-08-22,Lord's,1,15.3,Middlesex,Hampshire,JA Simpson,Mohammad Hafeez,T Shamsi,2,0,,,,,,,,,
1167222,2019,2019-08-22,Lord's,1,15.4,Middlesex,Hampshire,JA Simpson,Mohammad Hafeez,T Shamsi,1,0,,,,,,,,,
1167222,2019,2019-08-22,Lord's,1,15.5,Middlesex,Hampshire,Mohammad Hafeez,JA Simpson,T Shamsi,0,1,1,,,,,,,,
1167222,2019,2019-08-22,Lord's,1,15.6,Middlesex,Hampshire,Mohammad Hafeez,JA Simpson,T Shamsi,6,0,,,,,,,,,
1167222,2019,2019-08-22,Lord's,1,15.7,Middlesex,Hampshire,Mohammad Hafeez,JA Simpson,T Shamsi,1,0,,,,,,,,,
1167222,2019,2019-08-22,Lord's,1,16.1,Middlesex,Hampshire,Mohammad Hafeez,JA Simpson,KJ Abbott,1,0,,,,,,,,,
1167222,2019,2019-08-22,Lord's,1,16.2,Middlesex,Hampshire,JA Simpson,Mohammad Hafeez,KJ Abbott,1,0,,,,,,,,,
1167222,2019,2019-08-22,Lord's,1,16.3,Middlesex,Hampshire,Mohammad Hafeez,JA Simpson,KJ Abbott,1,0,,,,,,,,,
1167222,2019,2019-08-22,Lord's,1,16.4,Middlesex,Hampshire,JA Simpson,Mohammad Hafeez,KJ Abbott,1,0,,,,,,,,,
1167222,2019,2019-08-22,Lord's,1,16.5,Middlesex,Hampshire,Mohammad Hafeez,JA Simpson,KJ Abbott,4,0,,,,,,,,,
1167222,2019,2019-08-22,Lord's,1,16.6,Middlesex,Hampshire,Mohammad Hafeez,JA Simpson,KJ Abbott,1,0,,,,,,,,,
1167222,2019,2019-08-22,Lord's,1,17.1,Middlesex,Hampshire,Mohammad Hafeez,JA Simpson,CP Wood,2,0,,,,,,,,,
1167222,2019,2019-08-22,Lord's,1,17.2,Middlesex,Hampshire,Mohammad Hafeez,JA Simpson,CP Wood,0,0,,,,,,bowled,Mohammad Hafeez,,
1167222,2019,2019-08-22,Lord's,1,17.3,Middlesex,Hampshire,TS Roland-Jones,JA Simpson,CP Wood,1,0,,,,,,,,,
1167222,2019,2019-08-22,Lord's,1,17.4,Middlesex,Hampshire,JA Simpson,TS Roland-Jones,CP Wood,1,0,,,,,,,,,
1167222,2019,2019-08-22,Lord's,1,17.5,Middlesex,Hampshire,TS Roland-Jones,JA Simpson,CP Wood,1,0,,,,,,,,,
1167222,2019,2019-08-22,Lord's,1,17.6,Middlesex,Hampshire,JA Simpson,TS Roland-Jones,CP Wood,1,0,,,,,,,,,
1167222,2019,2019-08-22,Lord's,1,18.1,Middlesex,Hampshire,JA Simpson,TS Roland-Jones,KJ Abbott,1,0,,,,,,,,,
1167222,2019,2019-08-22,Lord's,1,18.2,Middlesex,Hampshire,TS Roland-Jones,JA Simpson,KJ Abbott,1,0,,,,,,,,,
1167222,2019,2019-08-22,Lord's,1,18.3,Middlesex,Hampshire,JA Simpson,TS Roland-Jones,KJ Abbott,0,0,,,,,,caught,JA Simpson,,
1167222,2019,2019-08-22,Lord's,1,18.4,Middlesex,Hampshire,TS Roland-Jones,TG Helm,KJ Abbott,0,0,,,,,,caught,TS Roland-Jones,,
1167222,2019,2019-08-22,Lord's,1,18.5,Middlesex,Hampshire,TG Helm,NA Sowter,KJ Abbott,0,0,,,,,,,,,
1167222,2019,2019-08-22,Lord's,1,18.6,Middlesex,Hampshire,TG Helm,NA Sowter,KJ Abbott,0,0,,,,,,,,,
1167222,2019,2019-08-22,Lord's,1,19.1,Middlesex,Hampshire,NA Sowter,TG Helm,CH Morris,0,0,,,,,,bowled,NA Sowter,,
1167222,2019,2019-08-22,Lord's,1,19.2,Middlesex,Hampshire,ST Finn,TG Helm,CH Morris,0,0,,,,,,,,,
1167222,2019,2019-08-22,Lord's,1,19.3,Middlesex,Hampshire,ST Finn,TG Helm,CH Morris,0,0,,,,,,,,,
1167222,2019,2019-08-22,Lord's,1,19.4,Middlesex,Hampshire,ST Finn,TG Helm,CH Morris,1,0,,,,,,,,,
1167222,2019,2019-08-22,Lord's,1,19.5,Middlesex,Hampshire,TG Helm,ST Finn,CH Morris,0,0,,,,,,run out,TG Helm,,
1167222,2019,2019-08-22,Lord's,1,19.6,Middlesex,Hampshire,TE Barber,ST Finn,CH Morris,0,0,,,,,,bowled,TE Barber,,
1167222,2019,2019-08-22,Lord's,2,0.1,Hampshire,Middlesex,JM Vince,RR Rossouw,Mohammad Hafeez,0,0,,,,,,,,,
1167222,2019,2019-08-22,Lord's,2,0.2,Hampshire,Middlesex,JM Vince,RR Rossouw,Mohammad Hafeez,1,0,,,,,,,,,
1167222,2019,2019-08-22,Lord's,2,0.3,Hampshire,Middlesex,RR Rossouw,JM Vince,Mohammad Hafeez,0,0,,,,,,,,,
1167222,2019,2019-08-22,Lord's,2,0.4,Hampshire,Middlesex,RR Rossouw,JM Vince,Mohammad Hafeez,1,0,,,,,,,,,
1167222,2019,2019-08-22,Lord's,2,0.5,Hampshire,Middlesex,JM Vince,RR Rossouw,Mohammad Hafeez,0,0,,,,,,,,,
1167222,2019,2019-08-22,Lord's,2,0.6,Hampshire,Middlesex,JM Vince,RR Rossouw,Mohammad Hafeez,2,0,,,,,,,,,
1167222,2019,2019-08-22,Lord's,2,1.1,Hampshire,Middlesex,RR Rossouw,JM Vince,TG Helm,2,0,,,,,,,,,
1167222,2019,2019-08-22,Lord's,2,1.2,Hampshire,Middlesex,RR Rossouw,JM Vince,TG Helm,0,0,,,,,,,,,
1167222,2019,2019-08-22,Lord's,2,1.3,Hampshire,Middlesex,RR Rossouw,JM Vince,TG Helm,1,0,,,,,,,,,
1167222,2019,2019-08-22,Lord's,2,1.4,Hampshire,Middlesex,JM Vince,RR Rossouw,TG Helm,4,0,,,,,,,,,
1167222,2019,2019-08-22,Lord's,2,1.5,Hampshire,Middlesex,JM Vince,RR Rossouw,TG Helm,2,0,,,,,,,,,
1167222,2019,2019-08-22,Lord's,2,1.6,Hampshire,Middlesex,JM Vince,RR Rossouw,TG Helm,2,0,,,,,,,,,
1167222,2019,2019-08-22,Lord's,2,2.1,Hampshire,Middlesex,RR Rossouw,JM Vince,Mohammad Hafeez,0,0,,,,,,,,,
1167222,2019,2019-08-22,Lord's,2,2.2,Hampshire,Middlesex,RR Rossouw,JM Vince,Mohammad Hafeez,0,0,,,,,,caught,RR Rossouw,,
1167222,2019,2019-08-22,Lord's,2,2.3,Hampshire,Middlesex,SA Northeast,JM Vince,Mohammad Hafeez,1,0,,,,,,,,,
1167222,2019,2019-08-22,Lord's,2,2.4,Hampshire,Middlesex,JM Vince,SA Northeast,Mohammad Hafeez,0,0,,,,,,,,,
1167222,2019,2019-08-22,Lord's,2,2.5,Hampshire,Middlesex,JM Vince,SA Northeast,Mohammad Hafeez,4,0,,,,,,,,,
1167222,2019,2019-08-22,Lord's,2,2.6,Hampshire,Middlesex,JM Vince,SA Northeast,Mohammad Hafeez,1,0,,,,,,,,,
1167222,2019,2019-08-22,Lord's,2,3.1,Hampshire,Middlesex,JM Vince,SA Northeast,TG Helm,1,0,,,,,,,,,
1167222,2019,2019-08-22,Lord's,2,3.2,Hampshire,Middlesex,SA Northeast,JM Vince,TG Helm,1,0,,,,,,,,,
1167222,2019,2019-08-22,Lord's,2,3.3,Hampshire,Middlesex,JM Vince,SA Northeast,TG Helm,2,0,,,,,,,,,
1167222,2019,2019-08-22,Lord's,2,3.4,Hampshire,Middlesex,JM Vince,SA Northeast,TG Helm,0,0,,,,,,,,,
1167222,2019,2019-08-22,Lord's,2,3.5,Hampshire,Middlesex,JM Vince,SA Northeast,TG Helm,0,0,,,,,,,,,
1167222,2019,2019-08-22,Lord's,2,3.6,Hampshire,Middlesex,JM Vince,SA Northeast,TG Helm,1,0,,,,,,,,,
1167222,2019,2019-08-22,Lord's,2,4.1,Hampshire,Middlesex,JM Vince,SA Northeast,Mohammad Hafeez,0,0,,,,,,,,,
1167222,2019,2019-08-22,Lord's,2,4.2,Hampshire,Middlesex,JM Vince,SA Northeast,Mohammad Hafeez,1,0,,,,,,,,,
1167222,2019,2019-08-22,Lord's,2,4.3,Hampshire,Middlesex,SA Northeast,JM Vince,Mohammad Hafeez,0,0,,,,,,,,,
1167222,2019,2019-08-22,Lord's,2,4.4,Hampshire,Middlesex,SA Northeast,JM Vince,Mohammad Hafeez,1,0,,,,,,,,,
1167222,2019,2019-08-22,Lord's,2,4.5,Hampshire,Middlesex,JM Vince,SA Northeast,Mohammad Hafeez,0,5,5,,,,,,,,
1167222,2019,2019-08-22,Lord's,2,4.6,Hampshire,Middlesex,JM Vince,SA Northeast,Mohammad Hafeez,4,0,,,,,,,,,
1167222,2019,2019-08-22,Lord's,2,4.7,Hampshire,Middlesex,JM Vince,SA Northeast,Mohammad Hafeez,1,0,,,,,,,,,
1167222,2019,2019-08-22,Lord's,2,5.1,Hampshire,Middlesex,JM Vince,SA Northeast,TS Roland-Jones,0,0,,,,,,,,,
1167222,2019,2019-08-22,Lord's,2,5.2,Hampshire,Middlesex,JM Vince,SA Northeast,TS Roland-Jones,1,0,,,,,,,,,
1167222,2019,2019-08-22,Lord's,2,5.3,Hampshire,Middlesex,SA Northeast,JM Vince,TS Roland-Jones,1,0,,,,,,,,,
1167222,2019,2019-08-22,Lord's,2,5.4,Hampshire,Middlesex,JM Vince,SA Northeast,TS Roland-Jones,1,0,,,,,,,,,
1167222,2019,2019-08-22,Lord's,2,5.5,Hampshire,Middlesex,SA Northeast,JM Vince,TS Roland-Jones,0,0,,,,,,caught,SA Northeast,,
1167222,2019,2019-08-22,Lord's,2,5.6,Hampshire,Middlesex,JM Vince,LA Dawson,TS Roland-Jones,4,0,,,,,,,,,
1167222,2019,2019-08-22,Lord's,2,6.1,Hampshire,Middlesex,LA Dawson,JM Vince,NA Sowter,1,0,,,,,,,,,
1167222,2019,2019-08-22,Lord's,2,6.2,Hampshire,Middlesex,JM Vince,LA Dawson,NA Sowter,0,0,,,,,,,,,
1167222,2019,2019-08-22,Lord's,2,6.3,Hampshire,Middlesex,JM Vince,LA Dawson,NA Sowter,1,0,,,,,,,,,
1167222,2019,2019-08-22,Lord's,2,6.4,Hampshire,Middlesex,LA Dawson,JM Vince,NA Sowter,0,0,,,,,,,,,
1167222,2019,2019-08-22,Lord's,2,6.5,Hampshire,Middlesex,LA Dawson,JM Vince,NA Sowter,1,0,,,,,,,,,
1167222,2019,2019-08-22,Lord's,2,6.6,Hampshire,Middlesex,JM Vince,LA Dawson,NA Sowter,4,0,,,,,,,,,
1167222,2019,2019-08-22,Lord's,2,7.1,Hampshire,Middlesex,LA Dawson,JM Vince,TS Roland-Jones,0,0,,,,,,,,,
1167222,2019,2019-08-22,Lord's,2,7.2,Hampshire,Middlesex,LA Dawson,JM Vince,TS Roland-Jones,0,0,,,,,,,,,
1167222,2019,2019-08-22,Lord's,2,7.3,Hampshire,Middlesex,LA Dawson,JM Vince,TS Roland-Jones,0,0,,,,,,,,,
1167222,2019,2019-08-22,Lord's,2,7.4,Hampshire,Middlesex,LA Dawson,JM Vince,TS Roland-Jones,1,0,,,,,,,,,
1167222,2019,2019-08-22,Lord's,2,7.5,Hampshire,Middlesex,JM Vince,LA Dawson,TS Roland-Jones,1,0,,,,,,,,,
1167222,2019,2019-08-22,Lord's,2,7.6,Hampshire,Middlesex,LA Dawson,JM Vince,TS Roland-Jones,3,0,,,,,,,,,
1167222,2019,2019-08-22,Lord's,2,8.1,Hampshire,Middlesex,LA Dawson,JM Vince,NA Sowter,2,0,,,,,,,,,
1167222,2019,2019-08-22,Lord's,2,8.2,Hampshire,Middlesex,LA Dawson,JM Vince,NA Sowter,2,0,,,,,,,,,
1167222,2019,2019-08-22,Lord's,2,8.3,Hampshire,Middlesex,LA Dawson,JM Vince,NA Sowter,1,0,,,,,,,,,
1167222,2019,2019-08-22,Lord's,2,8.4,Hampshire,Middlesex,JM Vince,LA Dawson,NA Sowter,1,0,,,,,,,,,
1167222,2019,2019-08-22,Lord's,2,8.5,Hampshire,Middlesex,LA Dawson,JM Vince,NA Sowter,4,0,,,,,,,,,
1167222,2019,2019-08-22,Lord's,2,8.6,Hampshire,Middlesex,LA Dawson,JM Vince,NA Sowter,1,0,,,,,,,,,
1167222,2019,2019-08-22,Lord's,2,9.1,Hampshire,Middlesex,LA Dawson,JM Vince,TS Roland-Jones,0,0,,,,,,,,,
1167222,2019,2019-08-22,Lord's,2,9.2,Hampshire,Middlesex,LA Dawson,JM Vince,TS Roland-Jones,1,0,,,,,,,,,
1167222,2019,2019-08-22,Lord's,2,9.3,Hampshire,Middlesex,JM Vince,LA Dawson,TS Roland-Jones,4,0,,,,,,,,,
1167222,2019,2019-08-22,Lord's,2,9.4,Hampshire,Middlesex,JM Vince,LA Dawson,TS Roland-Jones,1,0,,,,,,,,,
1167222,2019,2019-08-22,Lord's,2,9.5,Hampshire,Middlesex,LA Dawson,JM Vince,TS Roland-Jones,1,0,,,,,,,,,
1167222,2019,2019-08-22,Lord's,2,9.6,Hampshire,Middlesex,JM Vince,LA Dawson,TS Roland-Jones,1,0,,,,,,,,,
1167222,2019,2019-08-22,Lord's,2,10.1,Hampshire,Middlesex,JM Vince,LA Dawson,ST Finn,1,0,,,,,,,,,
1167222,2019,2019-08-22,Lord's,2,10.2,Hampshire,Middlesex,LA Dawson,JM Vince,ST Finn,3,0,,,,,,,,,
1167222,2019,2019-08-22,Lord's,2,10.3,Hampshire,Middlesex,JM Vince,LA Dawson,ST Finn,4,0,,,,,,,,,
1167222,2019,2019-08-22,Lord's,2,10.4,Hampshire,Middlesex,JM Vince,LA Dawson,ST Finn,4,0,,,,,,,,,
1167222,2019,2019-08-22,Lord's,2,10.5,Hampshire,Middlesex,JM Vince,LA Dawson,ST Finn,1,0,,,,,,,,,
1167222,2019,2019-08-22,Lord's,2,10.6,Hampshire,Middlesex,LA Dawson,JM Vince,ST Finn,0,0,,,,,,,,,
1167222,2019,2019-08-22,Lord's,2,11.1,Hampshire,Middlesex,JM Vince,LA Dawson,NA Sowter,4,0,,,,,,,,,
1167222,2019,2019-08-22,Lord's,2,11.2,Hampshire,Middlesex,JM Vince,LA Dawson,NA Sowter,1,0,,,,,,,,,
1167222,2019,2019-08-22,Lord's,2,11.3,Hampshire,Middlesex,LA Dawson,JM Vince,NA Sowter,1,0,,,,,,,,,
1167222,2019,2019-08-22,Lord's,2,11.4,Hampshire,Middlesex,JM Vince,LA Dawson,NA Sowter,4,0,,,,,,,,,
1167222,2019,2019-08-22,Lord's,2,11.5,Hampshire,Middlesex,JM Vince,LA Dawson,NA Sowter,1,0,,,,,,,,,
1167222,2019,2019-08-22,Lord's,2,11.6,Hampshire,Middlesex,LA Dawson,JM Vince,NA Sowter,0,0,,,,,,,,,
1167222,2019,2019-08-22,Lord's,2,12.1,Hampshire,Middlesex,JM Vince,LA Dawson,TE Barber,4,0,,,,,,,,,
1167222,2019,2019-08-22,Lord's,2,12.2,Hampshire,Middlesex,JM Vince,LA Dawson,TE Barber,0,0,,,,,,,,,
1167222,2019,2019-08-22,Lord's,2,12.3,Hampshire,Middlesex,JM Vince,LA Dawson,TE Barber,0,0,,,,,,caught,JM Vince,,
1167222,2019,2019-08-22,Lord's,2,12.4,Hampshire,Middlesex,IG Holland,LA Dawson,TE Barber,0,1,1,,,,,,,,
1167222,2019,2019-08-22,Lord's,2,12.5,Hampshire,Middlesex,IG Holland,LA Dawson,TE Barber,0,2,,2,,,,,,,
1167222,2019,2019-08-22,Lord's,2,12.6,Hampshire,Middlesex,IG Holland,LA Dawson,TE Barber,0,0,,,,,,,,,
1167222,2019,2019-08-22,Lord's,2,12.7,Hampshire,Middlesex,IG Holland,LA Dawson,TE Barber,2,0,,,,,,,,,
1167222,2019,2019-08-22,Lord's,2,12.8,Hampshire,Middlesex,IG Holland,LA Dawson,TE Barber,2,0,,,,,,,,,
1167222,2019,2019-08-22,Lord's,2,13.1,Hampshire,Middlesex,LA Dawson,IG Holland,TG Helm,2,0,,,,,,,,,
1167222,2019,2019-08-22,Lord's,2,13.2,Hampshire,Middlesex,LA Dawson,IG Holland,TG Helm,0,0,,,,,,,,,
1167222,2019,2019-08-22,Lord's,2,13.3,Hampshire,Middlesex,LA Dawson,IG Holland,TG Helm,4,0,,,,,,,,,
1167222,2019,2019-08-22,Lord's,2,13.4,Hampshire,Middlesex,LA Dawson,IG Holland,TG Helm,1,0,,,,,,,,,
1167222,2019,2019-08-22,Lord's,2,13.5,Hampshire,Middlesex,IG Holland,LA Dawson,TG Helm,3,0,,,,,,,,,
1167222,2019,2019-08-22,Lord's,2,13.6,Hampshire,Middlesex,LA Dawson,IG Holland,TG Helm,1,0,,,,,,,,,
1167222,2019,2019-08-22,Lord's,2,14.1,Hampshire,Middlesex,LA Dawson,IG Holland,TE Barber,4,0,,,,,,,,,
1167222,2019,2019-08-22,Lord's,2,14.2,Hampshire,Middlesex,LA Dawson,IG Holland,TE Barber,0,0,,,,,,,,,
1167222,2019,2019-08-22,Lord's,2,14.3,Hampshire,Middlesex,LA Dawson,IG Holland,TE Barber,0,0,,,,,,,,,
1167222,2019,2019-08-22,Lord's,2,14.4,Hampshire,Middlesex,LA Dawson,IG Holland,TE Barber,1,0,,,,,,,,,
1167222,2019,2019-08-22,Lord's,2,14.5,Hampshire,Middlesex,IG Holland,LA Dawson,TE Barber,4,0,,,,,,,,,
