match_id,season,start_date,venue,innings,ball,batting_team,bowling_team,striker,non_striker,bowler,runs_off_bat,extras,wides,noballs,byes,legbyes,penalty,wicket_type,player_dismissed,other_wicket_type,other_player_dismissed
1167159,2019,2019-07-27,Trent Bridge,1,0.1,Leicestershire,Nottinghamshire,MJ Cosgrove,HJ Swindells,L Wood,4,0,,,,,,,,,
1167159,2019,2019-07-27,Trent Bridge,1,0.2,Leicestershire,Nottinghamshire,MJ Cosgrove,HJ Swindells,L Wood,1,0,,,,,,,,,
1167159,2019,2019-07-27,Trent Bridge,1,0.3,Leicestershire,Nottinghamshire,HJ Swindells,MJ Cosgrove,L Wood,0,0,,,,,,lbw,HJ Swindells,,
1167159,2019,2019-07-27,Trent Bridge,1,0.4,Leicestershire,Nottinghamshire,AM Lilley,MJ Cosgrove,L Wood,4,0,,,,,,,,,
1167159,2019,2019-07-27,Trent Bridge,1,0.5,Leicestershire,Nottinghamshire,AM Lilley,MJ Cosgrove,L Wood,1,0,,,,,,,,,
1167159,2019,2019-07-27,Trent Bridge,1,0.6,Leicestershire,Nottinghamshire,MJ Cosgrove,AM Lilley,L Wood,0,0,,,,,,,,,
1167159,2019,2019-07-27,Trent Bridge,1,1.1,Leicestershire,Nottinghamshire,AM Lilley,MJ Cosgrove,Imad Wasim,0,0,,,,,,,,,
1167159,2019,2019-07-27,Trent Bridge,1,1.2,Leicestershire,Nottinghamshire,AM Lilley,MJ Cosgrove,Imad Wasim,4,0,,,,,,,,,
1167159,2019,2019-07-27,Trent Bridge,1,1.3,Leicestershire,Nottinghamshire,AM Lilley,MJ Cosgrove,Imad Wasim,4,0,,,,,,,,,
1167159,2019,2019-07-27,Trent Bridge,1,1.4,Leicestershire,Nottinghamshire,AM Lilley,MJ Cosgrove,Imad Wasim,4,0,,,,,,,,,
1167159,2019,2019-07-27,Trent Bridge,1,1.5,Leicestershire,Nottinghamshire,AM Lilley,MJ Cosgrove,Imad Wasim,0,0,,,,,,,,,
1167159,2019,2019-07-27,Trent Bridge,1,1.6,Leicestershire,Nottinghamshire,AM Lilley,MJ Cosgrove,Imad Wasim,0,0,,,,,,,,,
1167159,2019,2019-07-27,Trent Bridge,1,2.1,Leicestershire,Nottinghamshire,MJ Cosgrove,AM Lilley,HF Gurney,1,0,,,,,,,,,
1167159,2019,2019-07-27,Trent Bridge,1,2.2,Leicestershire,Nottinghamshire,AM Lilley,MJ Cosgrove,HF Gurney,1,0,,,,,,,,,
1167159,2019,2019-07-27,Trent Bridge,1,2.3,Leicestershire,Nottinghamshire,MJ Cosgrove,AM Lilley,HF Gurney,0,0,,,,,,,,,
1167159,2019,2019-07-27,Trent Bridge,1,2.4,Leicestershire,Nottinghamshire,MJ Cosgrove,AM Lilley,HF Gurney,4,0,,,,,,,,,
1167159,2019,2019-07-27,Trent Bridge,1,2.5,Leicestershire,Nottinghamshire,MJ Cosgrove,AM Lilley,HF Gurney,4,0,,,,,,,,,
1167159,2019,2019-07-27,Trent Bridge,1,2.6,Leicestershire,Nottinghamshire,MJ Cosgrove,AM Lilley,HF Gurney,0,1,1,,,,,,,,
1167159,2019,2019-07-27,Trent Bridge,1,2.7,Leicestershire,Nottinghamshire,MJ Cosgrove,AM Lilley,HF Gurney,4,0,,,,,,,,,
1167159,2019,2019-07-27,Trent Bridge,1,3.1,Leicestershire,Nottinghamshire,AM Lilley,MJ Cosgrove,JT Ball,1,0,,,,,,,,,
1167159,2019,2019-07-27,Trent Bridge,1,3.2,Leicestershire,Nottinghamshire,MJ Cosgrove,AM Lilley,JT Ball,1,0,,,,,,,,,
1167159,2019,2019-07-27,Trent Bridge,1,3.3,Leicestershire,Nottinghamshire,AM Lilley,MJ Cosgrove,JT Ball,4,0,,,,,,,,,
1167159,2019,2019-07-27,Trent Bridge,1,3.4,Leicestershire,Nottinghamshire,AM Lilley,MJ Cosgrove,JT Ball,4,0,,,,,,,,,
1167159,2019,2019-07-27,Trent Bridge,1,3.5,Leicestershire,Nottinghamshire,AM Lilley,MJ Cosgrove,JT Ball,1,0,,,,,,,,,
1167159,2019,2019-07-27,Trent Bridge,1,3.6,Leicestershire,Nottinghamshire,MJ Cosgrove,AM Lilley,JT Ball,0,0,,,,,,,,,
1167159,2019,2019-07-27,Trent Bridge,1,4.1,Leicestershire,Nottinghamshire,AM Lilley,MJ Cosgrove,LJ Fletcher,2,0,,,,,,,,,
1167159,2019,2019-07-27,Trent Bridge,1,4.2,Leicestershire,Nottinghamshire,AM Lilley,MJ Cosgrove,LJ Fletcher,4,0,,,,,,,,,
1167159,2019,2019-07-27,Trent Bridge,1,4.3,Leicestershire,Nottinghamshire,AM Lilley,MJ Cosgrove,LJ Fletcher,6,0,,,,,,,,,
1167159,2019,2019-07-27,Trent Bridge,1,4.4,Leicestershire,Nottinghamshire,AM Lilley,MJ Cosgrove,LJ Fletcher,1,0,,,,,,,,,
1167159,2019,2019-07-27,Trent Bridge,1,4.5,Leicestershire,Nottinghamshire,MJ Cosgrove,AM Lilley,LJ Fletcher,1,0,,,,,,,,,
1167159,2019,2019-07-27,Trent Bridge,1,4.6,Leicestershire,Nottinghamshire,AM Lilley,MJ Cosgrove,LJ Fletcher,1,0,,,,,,,,,
1167159,2019,2019-07-27,Trent Bridge,1,5.1,Leicestershire,Nottinghamshire,AM Lilley,MJ Cosgrove,SR Patel,1,0,,,,,,,,,
1167159,2019,2019-07-27,Trent Bridge,1,5.2,Leicestershire,Nottinghamshire,MJ Cosgrove,AM Lilley,SR Patel,1,0,,,,,,,,,
1167159,2019,2019-07-27,Trent Bridge,1,5.3,Leicestershire,Nottinghamshire,AM Lilley,MJ Cosgrove,SR Patel,1,0,,,,,,,,,
1167159,2019,2019-07-27,Trent Bridge,1,5.4,Leicestershire,Nottinghamshire,MJ Cosgrove,AM Lilley,SR Patel,2,0,,,,,,,,,
1167159,2019,2019-07-27,Trent Bridge,1,5.5,Leicestershire,Nottinghamshire,MJ Cosgrove,AM Lilley,SR Patel,1,0,,,,,,,,,
1167159,2019,2019-07-27,Trent Bridge,1,5.6,Leicestershire,Nottinghamshire,AM Lilley,MJ Cosgrove,SR Patel,1,0,,,,,,,,,
1167159,2019,2019-07-27,Trent Bridge,1,6.1,Leicestershire,Nottinghamshire,AM Lilley,MJ Cosgrove,JT Ball,6,0,,,,,,,,,
1167159,2019,2019-07-27,Trent Bridge,1,6.2,Leicestershire,Nottinghamshire,AM Lilley,MJ Cosgrove,JT Ball,0,0,,,,,,,,,
1167159,2019,2019-07-27,Trent Bridge,1,6.3,Leicestershire,Nottinghamshire,AM Lilley,MJ Cosgrove,JT Ball,4,0,,,,,,,,,
1167159,2019,2019-07-27,Trent Bridge,1,6.4,Leicestershire,Nottinghamshire,AM Lilley,MJ Cosgrove,JT Ball,4,0,,,,,,,,,
1167159,2019,2019-07-27,Trent Bridge,1,6.5,Leicestershire,Nottinghamshire,AM Lilley,MJ Cosgrove,JT Ball,4,0,,,,,,,,,
1167159,2019,2019-07-27,Trent Bridge,1,6.6,Leicestershire,Nottinghamshire,AM Lilley,MJ Cosgrove,JT Ball,1,0,,,,,,,,,
1167159,2019,2019-07-27,Trent Bridge,1,7.1,Leicestershire,Nottinghamshire,AM Lilley,MJ Cosgrove,Imad Wasim,2,0,,,,,,,,,
1167159,2019,2019-07-27,Trent Bridge,1,7.2,Leicestershire,Nottinghamshire,AM Lilley,MJ Cosgrove,Imad Wasim,0,0,,,,,,,,,
1167159,2019,2019-07-27,Trent Bridge,1,7.3,Leicestershire,Nottinghamshire,AM Lilley,MJ Cosgrove,Imad Wasim,0,0,,,,,,caught,AM Lilley,,
1167159,2019,2019-07-27,Trent Bridge,1,7.4,Leicestershire,Nottinghamshire,MJ Cosgrove,CN Ackermann,Imad Wasim,0,1,1,,,,,,,,
1167159,2019,2019-07-27,Trent Bridge,1,7.5,Leicestershire,Nottinghamshire,MJ Cosgrove,CN Ackermann,Imad Wasim,1,0,,,,,,,,,
1167159,2019,2019-07-27,Trent Bridge,1,7.6,Leicestershire,Nottinghamshire,CN Ackermann,MJ Cosgrove,Imad Wasim,1,0,,,,,,,,,
1167159,2019,2019-07-27,Trent Bridge,1,7.7,Leicestershire,Nottinghamshire,MJ Cosgrove,CN Ackermann,Imad Wasim,2,0,,,,,,,,,
1167159,2019,2019-07-27,Trent Bridge,1,8.1,Leicestershire,Nottinghamshire,CN Ackermann,MJ Cosgrove,HF Gurney,1,0,,,,,,,,,
1167159,2019,2019-07-27,Trent Bridge,1,8.2,Leicestershire,Nottinghamshire,MJ Cosgrove,CN Ackermann,HF Gurney,1,0,,,,,,,,,
1167159,2019,2019-07-27,Trent Bridge,1,8.3,Leicestershire,Nottinghamshire,CN Ackermann,MJ Cosgrove,HF Gurney,1,0,,,,,,,,,
1167159,2019,2019-07-27,Trent Bridge,1,8.4,Leicestershire,Nottinghamshire,MJ Cosgrove,CN Ackermann,HF Gurney,1,0,,,,,,,,,
1167159,2019,2019-07-27,Trent Bridge,1,8.5,Leicestershire,Nottinghamshire,CN Ackermann,MJ Cosgrove,HF Gurney,6,0,,,,,,,,,
1167159,2019,2019-07-27,Trent Bridge,1,8.6,Leicestershire,Nottinghamshire,CN Ackermann,MJ Cosgrove,HF Gurney,0,1,1,,,,,,,,
1167159,2019,2019-07-27,Trent Bridge,1,8.7,Leicestershire,Nottinghamshire,CN Ackermann,MJ Cosgrove,HF Gurney,1,0,,,,,,,,,
1167159,2019,2019-07-27,Trent Bridge,1,9.1,Leicestershire,Nottinghamshire,CN Ackermann,MJ Cosgrove,SR Patel,1,0,,,,,,,,,
1167159,2019,2019-07-27,Trent Bridge,1,9.2,Leicestershire,Nottinghamshire,MJ Cosgrove,CN Ackermann,SR Patel,1,0,,,,,,,,,
1167159,2019,2019-07-27,Trent Bridge,1,9.3,Leicestershire,Nottinghamshire,CN Ackermann,MJ Cosgrove,SR Patel,0,0,,,,,,,,,
1167159,2019,2019-07-27,Trent Bridge,1,9.4,Leicestershire,Nottinghamshire,CN Ackermann,MJ Cosgrove,SR Patel,1,0,,,,,,,,,
1167159,2019,2019-07-27,Trent Bridge,1,9.5,Leicestershire,Nottinghamshire,MJ Cosgrove,CN Ackermann,SR Patel,1,0,,,,,,,,,
1167159,2019,2019-07-27,Trent Bridge,1,9.6,Leicestershire,Nottinghamshire,CN Ackermann,MJ Cosgrove,SR Patel,0,0,,,,,,,,,
1167159,2019,2019-07-27,Trent Bridge,1,10.1,Leicestershire,Nottinghamshire,MJ Cosgrove,CN Ackermann,HF Gurney,4,0,,,,,,,,,
1167159,2019,2019-07-27,Trent Bridge,1,10.2,Leicestershire,Nottinghamshire,MJ Cosgrove,CN Ackermann,HF Gurney,0,1,1,,,,,,,,
1167159,2019,2019-07-27,Trent Bridge,1,10.3,Leicestershire,Nottinghamshire,MJ Cosgrove,CN Ackermann,HF Gurney,1,0,,,,,,,,,
1167159,2019,2019-07-27,Trent Bridge,1,10.4,Leicestershire,Nottinghamshire,CN Ackermann,MJ Cosgrove,HF Gurney,2,0,,,,,,,,,
1167159,2019,2019-07-27,Trent Bridge,1,10.5,Leicestershire,Nottinghamshire,CN Ackermann,MJ Cosgrove,HF Gurney,4,0,,,,,,,,,
1167159,2019,2019-07-27,Trent Bridge,1,10.6,Leicestershire,Nottinghamshire,CN Ackermann,MJ Cosgrove,HF Gurney,0,0,,,,,,caught,CN Ackermann,,
1167159,2019,2019-07-27,Trent Bridge,1,10.7,Leicestershire,Nottinghamshire,MJ Cosgrove,HE Dearden,HF Gurney,1,0,,,,,,,,,
1167159,2019,2019-07-27,Trent Bridge,2,0.1,Nottinghamshire,Leicestershire,AD Hales,BM Duckett,D Klein,4,0,,,,,,,,,
1167159,2019,2019-07-27,Trent Bridge,2,0.2,Nottinghamshire,Leicestershire,AD Hales,BM Duckett,D Klein,0,1,1,,,,,,,,
1167159,2019,2019-07-27,Trent Bridge,2,0.3,Nottinghamshire,Leicestershire,AD Hales,BM Duckett,D Klein,0,0,,,,,,,,,
1167159,2019,2019-07-27,Trent Bridge,2,0.4,Nottinghamshire,Leicestershire,AD Hales,BM Duckett,D Klein,1,2,,2,,,,,,,
1167159,2019,2019-07-27,Trent Bridge,2,0.5,Nottinghamshire,Leicestershire,BM Duckett,AD Hales,D Klein,2,0,,,,,,,,,
1167159,2019,2019-07-27,Trent Bridge,2,0.6,Nottinghamshire,Leicestershire,BM Duckett,AD Hales,D Klein,0,0,,,,,,,,,
1167159,2019,2019-07-27,Trent Bridge,2,0.7,Nottinghamshire,Leicestershire,BM Duckett,AD Hales,D Klein,2,0,,,,,,,,,
1167159,2019,2019-07-27,Trent Bridge,2,0.8,Nottinghamshire,Leicestershire,BM Duckett,AD Hales,D Klein,1,0,,,,,,,,,
1167159,2019,2019-07-27,Trent Bridge,2,1.1,Nottinghamshire,Leicestershire,BM Duckett,AD Hales,GT Griffiths,1,0,,,,,,,,,
1167159,2019,2019-07-27,Trent Bridge,2,1.2,Nottinghamshire,Leicestershire,AD Hales,BM Duckett,GT Griffiths,0,0,,,,,,,,,
1167159,2019,2019-07-27,Trent Bridge,2,1.3,Nottinghamshire,Leicestershire,AD Hales,BM Duckett,GT Griffiths,0,1,1,,,,,,,,
1167159,2019,2019-07-27,Trent Bridge,2,1.4,Nottinghamshire,Leicestershire,AD Hales,BM Duckett,GT Griffiths,4,0,,,,,,,,,
1167159,2019,2019-07-27,Trent Bridge,2,1.5,Nottinghamshire,Leicestershire,AD Hales,BM Duckett,GT Griffiths,1,0,,,,,,,,,
1167159,2019,2019-07-27,Trent Bridge,2,1.6,Nottinghamshire,Leicestershire,BM Duckett,AD Hales,GT Griffiths,0,0,,,,,,bowled,BM Duckett,,
1167159,2019,2019-07-27,Trent Bridge,2,1.7,Nottinghamshire,Leicestershire,JM Clarke,AD Hales,GT Griffiths,0,0,,,,,,,,,
1167159,2019,2019-07-27,Trent Bridge,2,2.1,Nottinghamshire,Leicestershire,AD Hales,JM Clarke,WS Davis,0,0,,,,,,,,,
1167159,2019,2019-07-27,Trent Bridge,2,2.2,Nottinghamshire,Leicestershire,AD Hales,JM Clarke,WS Davis,0,0,,,,,,caught,AD Hales,,
1167159,2019,2019-07-27,Trent Bridge,2,2.3,Nottinghamshire,Leicestershire,JM Clarke,DT Christian,WS Davis,0,0,,,,,,,,,
1167159,2019,2019-07-27,Trent Bridge,2,2.4,Nottinghamshire,Leicestershire,JM Clarke,DT Christian,WS Davis,1,0,,,,,,,,,
1167159,2019,2019-07-27,Trent Bridge,2,2.5,Nottinghamshire,Leicestershire,DT Christian,JM Clarke,WS Davis,1,0,,,,,,,,,
1167159,2019,2019-07-27,Trent Bridge,2,2.6,Nottinghamshire,Leicestershire,JM Clarke,DT Christian,WS Davis,0,0,,,,,,,,,
1167159,2019,2019-07-27,Trent Bridge,2,3.1,Nottinghamshire,Leicestershire,DT Christian,JM Clarke,CF Parkinson,4,0,,,,,,,,,
1167159,2019,2019-07-27,Trent Bridge,2,3.2,Nottinghamshire,Leicestershire,DT Christian,JM Clarke,CF Parkinson,1,0,,,,,,,,,
1167159,2019,2019-07-27,Trent Bridge,2,3.3,Nottinghamshire,Leicestershire,JM Clarke,DT Christian,CF Parkinson,1,0,,,,,,,,,
1167159,2019,2019-07-27,Trent Bridge,2,3.4,Nottinghamshire,Leicestershire,DT Christian,JM Clarke,CF Parkinson,1,0,,,,,,,,,
1167159,2019,2019-07-27,Trent Bridge,2,3.5,Nottinghamshire,Leicestershire,JM Clarke,DT Christian,CF Parkinson,1,0,,,,,,,,,
1167159,2019,2019-07-27,Trent Bridge,2,3.6,Nottinghamshire,Leicestershire,DT Christian,JM Clarke,CF Parkinson,1,0,,,,,,,,,
1167159,2019,2019-07-27,Trent Bridge,2,4.1,Nottinghamshire,Leicestershire,DT Christian,JM Clarke,AM Lilley,1,0,,,,,,,,,
1167159,2019,2019-07-27,Trent Bridge,2,4.2,Nottinghamshire,Leicestershire,JM Clarke,DT Christian,AM Lilley,6,0,,,,,,,,,
1167159,2019,2019-07-27,Trent Bridge,2,4.3,Nottinghamshire,Leicestershire,JM Clarke,DT Christian,AM Lilley,0,0,,,,,,,,,
1167159,2019,2019-07-27,Trent Bridge,2,4.4,Nottinghamshire,Leicestershire,JM Clarke,DT Christian,AM Lilley,0,0,,,,,,,,,
1167159,2019,2019-07-27,Trent Bridge,2,4.5,Nottinghamshire,Leicestershire,JM Clarke,DT Christian,AM Lilley,2,0,,,,,,,,,
1167159,2019,2019-07-27,Trent Bridge,2,4.6,Nottinghamshire,Leicestershire,JM Clarke,DT Christian,AM Lilley,1,0,,,,,,,,,
1167159,2019,2019-07-27,Trent Bridge,2,5.1,Nottinghamshire,Leicestershire,JM Clarke,DT Christian,GT Griffiths,0,0,,,,,,,,,
1167159,2019,2019-07-27,Trent Bridge,2,5.2,Nottinghamshire,Leicestershire,JM Clarke,DT Christian,GT Griffiths,2,0,,,,,,,,,
1167159,2019,2019-07-27,Trent Bridge,2,5.3,Nottinghamshire,Leicestershire,JM Clarke,DT Christian,GT Griffiths,0,0,,,,,,caught,JM Clarke,,
1167159,2019,2019-07-27,Trent Bridge,2,5.4,Nottinghamshire,Leicestershire,TJ Moores,DT Christian,GT Griffiths,1,0,,,,,,,,,
1167159,2019,2019-07-27,Trent Bridge,2,5.5,Nottinghamshire,Leicestershire,DT Christian,TJ Moores,GT Griffiths,1,0,,,,,,,,,
1167159,2019,2019-07-27,Trent Bridge,2,5.6,Nottinghamshire,Leicestershire,TJ Moores,DT Christian,GT Griffiths,1,0,,,,,,,,,
1167159,2019,2019-07-27,Trent Bridge,2,6.1,Nottinghamshire,Leicestershire,TJ Moores,DT Christian,WS Davis,0,0,,,,,,,,,
1167159,2019,2019-07-27,Trent Bridge,2,6.2,Nottinghamshire,Leicestershire,TJ Moores,DT Christian,WS Davis,6,0,,,,,,,,,
1167159,2019,2019-07-27,Trent Bridge,2,6.3,Nottinghamshire,Leicestershire,TJ Moores,DT Christian,WS Davis,0,0,,,,,,,,,
1167159,2019,2019-07-27,Trent Bridge,2,6.4,Nottinghamshire,Leicestershire,TJ Moores,DT Christian,WS Davis,1,0,,,,,,,,,
1167159,2019,2019-07-27,Trent Bridge,2,6.5,Nottinghamshire,Leicestershire,DT Christian,TJ Moores,WS Davis,1,0,,,,,,,,,
1167159,2019,2019-07-27,Trent Bridge,2,6.6,Nottinghamshire,Leicestershire,TJ Moores,DT Christian,WS Davis,6,0,,,,,,,,,
1167159,2019,2019-07-27,Trent Bridge,2,7.1,Nottinghamshire,Leicestershire,DT Christian,TJ Moores,CF Parkinson,1,0,,,,,,,,,
1167159,2019,2019-07-27,Trent Bridge,2,7.2,Nottinghamshire,Leicestershire,TJ Moores,DT Christian,CF Parkinson,1,0,,,,,,,,,
1167159,2019,2019-07-27,Trent Bridge,2,7.3,Nottinghamshire,Leicestershire,DT Christian,TJ Moores,CF Parkinson,2,0,,,,,,,,,
1167159,2019,2019-07-27,Trent Bridge,2,7.4,Nottinghamshire,Leicestershire,DT Christian,TJ Moores,CF Parkinson,4,0,,,,,,,,,
1167159,2019,2019-07-27,Trent Bridge,2,7.5,Nottinghamshire,Leicestershire,DT Christian,TJ Moores,CF Parkinson,0,0,,,,,,caught,DT Christian,,
1167159,2019,2019-07-27,Trent Bridge,2,7.6,Nottinghamshire,Leicestershire,SR Patel,TJ Moores,CF Parkinson,1,0,,,,,,,,,
1167159,2019,2019-07-27,Trent Bridge,2,8.1,Nottinghamshire,Leicestershire,SR Patel,TJ Moores,AM Lilley,1,0,,,,,,,,,
1167159,2019,2019-07-27,Trent Bridge,2,8.2,Nottinghamshire,Leicestershire,TJ Moores,SR Patel,AM Lilley,1,0,,,,,,,,,
1167159,2019,2019-07-27,Trent Bridge,2,8.3,Nottinghamshire,Leicestershire,SR Patel,TJ Moores,AM Lilley,0,0,,,,,,,,,
1167159,2019,2019-07-27,Trent Bridge,2,8.4,Nottinghamshire,Leicestershire,SR Patel,TJ Moores,AM Lilley,0,0,,,,,,caught,SR Patel,,
1167159,2019,2019-07-27,Trent Bridge,2,8.5,Nottinghamshire,Leicestershire,TJ Moores,Imad Wasim,AM Lilley,4,0,,,,,,,,,
1167159,2019,2019-07-27,Trent Bridge,2,8.6,Nottinghamshire,Leicestershire,TJ Moores,Imad Wasim,AM Lilley,1,0,,,,,,,,,
1167159,2019,2019-07-27,Trent Bridge,2,9.1,Nottinghamshire,Leicestershire,TJ Moores,Imad Wasim,GT Griffiths,6,0,,,,,,,,,
1167159,2019,2019-07-27,Trent Bridge,2,9.2,Nottinghamshire,Leicestershire,TJ Moores,Imad Wasim,GT Griffiths,0,0,,,,,,,,,
1167159,2019,2019-07-27,Trent Bridge,2,9.3,Nottinghamshire,Leicestershire,TJ Moores,Imad Wasim,GT Griffiths,0,0,,,,,,,,,
1167159,2019,2019-07-27,Trent Bridge,2,9.4,Nottinghamshire,Leicestershire,TJ Moores,Imad Wasim,GT Griffiths,1,0,,,,,,,,,
1167159,2019,2019-07-27,Trent Bridge,2,9.5,Nottinghamshire,Leicestershire,Imad Wasim,TJ Moores,GT Griffiths,1,0,,,,,,,,,
1167159,2019,2019-07-27,Trent Bridge,2,9.6,Nottinghamshire,Leicestershire,TJ Moores,Imad Wasim,GT Griffiths,2,0,,,,,,,,,
1167159,2019,2019-07-27,Trent Bridge,2,10.1,Nottinghamshire,Leicestershire,Imad Wasim,TJ Moores,D Klein,2,0,,,,,,,,,
1167159,2019,2019-07-27,Trent Bridge,2,10.2,Nottinghamshire,Leicestershire,Imad Wasim,TJ Moores,D Klein,0,1,1,,,,,,,,
1167159,2019,2019-07-27,Trent Bridge,2,10.3,Nottinghamshire,Leicestershire,Imad Wasim,TJ Moores,D Klein,0,0,,,,,,caught,Imad Wasim,,
1167159,2019,2019-07-27,Trent Bridge,2,10.4,Nottinghamshire,Leicestershire,L Wood,TJ Moores,D Klein,0,1,1,,,,,,,,
1167159,2019,2019-07-27,Trent Bridge,2,10.5,Nottinghamshire,Leicestershire,L Wood,TJ Moores,D Klein,1,0,,,,,,,,,
1167159,2019,2019-07-27,Trent Bridge,2,10.6,Nottinghamshire,Leicestershire,TJ Moores,L Wood,D Klein,6,0,,,,,,,,,
1167159,2019,2019-07-27,Trent Bridge,2,10.7,Nottinghamshire,Leicestershire,TJ Moores,L Wood,D Klein,6,0,,,,,,,,,
1167159,2019,2019-07-27,Trent Bridge,2,10.8,Nottinghamshire,Leicestershire,TJ Moores,L Wood,D Klein,1,0,,,,,,,,,
