match_id,season,start_date,venue,innings,ball,batting_team,bowling_team,striker,non_striker,bowler,runs_off_bat,extras,wides,noballs,byes,legbyes,penalty,wicket_type,player_dismissed,other_wicket_type,other_player_dismissed
1167237,2019,2019-08-26,Old Trafford,1,0.1,Derbyshire,Lancashire,MJJ Critchley,BA Godleman,SJ Croft,0,0,,,,,,,,,
1167237,2019,2019-08-26,Old Trafford,1,0.2,Derbyshire,Lancashire,MJJ Critchley,BA Godleman,SJ Croft,1,0,,,,,,,,,
1167237,2019,2019-08-26,Old Trafford,1,0.3,Derbyshire,Lancashire,BA Godleman,MJJ Critchley,SJ Croft,1,0,,,,,,,,,
1167237,2019,2019-08-26,Old Trafford,1,0.4,Derbyshire,Lancashire,MJJ Critchley,BA Godleman,SJ Croft,0,0,,,,,,,,,
1167237,2019,2019-08-26,Old Trafford,1,0.5,Derbyshire,Lancashire,MJJ Critchley,BA Godleman,SJ Croft,1,0,,,,,,,,,
1167237,2019,2019-08-26,Old Trafford,1,0.6,Derbyshire,Lancashire,BA Godleman,MJJ Critchley,SJ Croft,1,0,,,,,,,,,
1167237,2019,2019-08-26,Old Trafford,1,1.1,Derbyshire,Lancashire,BA Godleman,MJJ Critchley,LJ Hurt,0,0,,,,,,,,,
1167237,2019,2019-08-26,Old Trafford,1,1.2,Derbyshire,Lancashire,BA Godleman,MJJ Critchley,LJ Hurt,4,0,,,,,,,,,
1167237,2019,2019-08-26,Old Trafford,1,1.3,Derbyshire,Lancashire,BA Godleman,MJJ Critchley,LJ Hurt,4,0,,,,,,,,,
1167237,2019,2019-08-26,Old Trafford,1,1.4,Derbyshire,Lancashire,BA Godleman,MJJ Critchley,LJ Hurt,0,0,,,,,,,,,
1167237,2019,2019-08-26,Old Trafford,1,1.5,Derbyshire,Lancashire,BA Godleman,MJJ Critchley,LJ Hurt,0,0,,,,,,,,,
1167237,2019,2019-08-26,Old Trafford,1,1.6,Derbyshire,Lancashire,BA Godleman,MJJ Critchley,LJ Hurt,1,0,,,,,,,,,
1167237,2019,2019-08-26,Old Trafford,1,2.1,Derbyshire,Lancashire,BA Godleman,MJJ Critchley,JP Faulkner,1,0,,,,,,,,,
1167237,2019,2019-08-26,Old Trafford,1,2.2,Derbyshire,Lancashire,MJJ Critchley,BA Godleman,JP Faulkner,1,0,,,,,,,,,
1167237,2019,2019-08-26,Old Trafford,1,2.3,Derbyshire,Lancashire,BA Godleman,MJJ Critchley,JP Faulkner,1,0,,,,,,,,,
1167237,2019,2019-08-26,Old Trafford,1,2.4,Derbyshire,Lancashire,MJJ Critchley,BA Godleman,JP Faulkner,0,0,,,,,,,,,
1167237,2019,2019-08-26,Old Trafford,1,2.5,Derbyshire,Lancashire,MJJ Critchley,BA Godleman,JP Faulkner,0,0,,,,,,,,,
1167237,2019,2019-08-26,Old Trafford,1,2.6,Derbyshire,Lancashire,MJJ Critchley,BA Godleman,JP Faulkner,1,0,,,,,,,,,
1167237,2019,2019-08-26,Old Trafford,1,3.1,Derbyshire,Lancashire,MJJ Critchley,BA Godleman,SJ Croft,0,0,,,,,,caught,MJJ Critchley,,
1167237,2019,2019-08-26,Old Trafford,1,3.2,Derbyshire,Lancashire,BA Godleman,WL Madsen,SJ Croft,0,0,,,,,,,,,
1167237,2019,2019-08-26,Old Trafford,1,3.3,Derbyshire,Lancashire,BA Godleman,WL Madsen,SJ Croft,1,0,,,,,,,,,
1167237,2019,2019-08-26,Old Trafford,1,3.4,Derbyshire,Lancashire,WL Madsen,BA Godleman,SJ Croft,1,0,,,,,,,,,
1167237,2019,2019-08-26,Old Trafford,1,3.5,Derbyshire,Lancashire,BA Godleman,WL Madsen,SJ Croft,0,0,,,,,,,,,
1167237,2019,2019-08-26,Old Trafford,1,3.6,Derbyshire,Lancashire,BA Godleman,WL Madsen,SJ Croft,1,0,,,,,,,,,
1167237,2019,2019-08-26,Old Trafford,1,4.1,Derbyshire,Lancashire,BA Godleman,WL Madsen,DJ Lamb,1,0,,,,,,,,,
1167237,2019,2019-08-26,Old Trafford,1,4.2,Derbyshire,Lancashire,WL Madsen,BA Godleman,DJ Lamb,0,0,,,,,,,,,
1167237,2019,2019-08-26,Old Trafford,1,4.3,Derbyshire,Lancashire,WL Madsen,BA Godleman,DJ Lamb,1,0,,,,,,,,,
1167237,2019,2019-08-26,Old Trafford,1,4.4,Derbyshire,Lancashire,BA Godleman,WL Madsen,DJ Lamb,0,1,1,,,,,,,,
1167237,2019,2019-08-26,Old Trafford,1,4.5,Derbyshire,Lancashire,BA Godleman,WL Madsen,DJ Lamb,1,0,,,,,,,,,
1167237,2019,2019-08-26,Old Trafford,1,4.6,Derbyshire,Lancashire,WL Madsen,BA Godleman,DJ Lamb,1,0,,,,,,,,,
1167237,2019,2019-08-26,Old Trafford,1,4.7,Derbyshire,Lancashire,BA Godleman,WL Madsen,DJ Lamb,1,0,,,,,,,,,
1167237,2019,2019-08-26,Old Trafford,1,5.1,Derbyshire,Lancashire,BA Godleman,WL Madsen,SJ Croft,1,0,,,,,,,,,
1167237,2019,2019-08-26,Old Trafford,1,5.2,Derbyshire,Lancashire,WL Madsen,BA Godleman,SJ Croft,1,0,,,,,,,,,
1167237,2019,2019-08-26,Old Trafford,1,5.3,Derbyshire,Lancashire,BA Godleman,WL Madsen,SJ Croft,1,0,,,,,,,,,
1167237,2019,2019-08-26,Old Trafford,1,5.4,Derbyshire,Lancashire,WL Madsen,BA Godleman,SJ Croft,1,0,,,,,,,,,
1167237,2019,2019-08-26,Old Trafford,1,5.5,Derbyshire,Lancashire,BA Godleman,WL Madsen,SJ Croft,1,0,,,,,,,,,
1167237,2019,2019-08-26,Old Trafford,1,5.6,Derbyshire,Lancashire,WL Madsen,BA Godleman,SJ Croft,1,0,,,,,,,,,
1167237,2019,2019-08-26,Old Trafford,1,6.1,Derbyshire,Lancashire,WL Madsen,BA Godleman,LJ Hurt,0,0,,,,,,,,,
1167237,2019,2019-08-26,Old Trafford,1,6.2,Derbyshire,Lancashire,WL Madsen,BA Godleman,LJ Hurt,2,0,,,,,,,,,
1167237,2019,2019-08-26,Old Trafford,1,6.3,Derbyshire,Lancashire,WL Madsen,BA Godleman,LJ Hurt,0,2,,2,,,,,,,
1167237,2019,2019-08-26,Old Trafford,1,6.4,Derbyshire,Lancashire,WL Madsen,BA Godleman,LJ Hurt,6,0,,,,,,,,,
1167237,2019,2019-08-26,Old Trafford,1,6.5,Derbyshire,Lancashire,WL Madsen,BA Godleman,LJ Hurt,1,0,,,,,,,,,
1167237,2019,2019-08-26,Old Trafford,1,6.6,Derbyshire,Lancashire,BA Godleman,WL Madsen,LJ Hurt,1,0,,,,,,,,,
1167237,2019,2019-08-26,Old Trafford,1,6.7,Derbyshire,Lancashire,WL Madsen,BA Godleman,LJ Hurt,4,0,,,,,,,,,
1167237,2019,2019-08-26,Old Trafford,1,7.1,Derbyshire,Lancashire,BA Godleman,WL Madsen,GJ Maxwell,1,0,,,,,,,,,
1167237,2019,2019-08-26,Old Trafford,1,7.2,Derbyshire,Lancashire,WL Madsen,BA Godleman,GJ Maxwell,1,0,,,,,,,,,
1167237,2019,2019-08-26,Old Trafford,1,7.3,Derbyshire,Lancashire,BA Godleman,WL Madsen,GJ Maxwell,1,0,,,,,,,,,
1167237,2019,2019-08-26,Old Trafford,1,7.4,Derbyshire,Lancashire,WL Madsen,BA Godleman,GJ Maxwell,4,0,,,,,,,,,
1167237,2019,2019-08-26,Old Trafford,1,7.5,Derbyshire,Lancashire,WL Madsen,BA Godleman,GJ Maxwell,1,0,,,,,,,,,
1167237,2019,2019-08-26,Old Trafford,1,7.6,Derbyshire,Lancashire,BA Godleman,WL Madsen,GJ Maxwell,1,0,,,,,,,,,
1167237,2019,2019-08-26,Old Trafford,1,8.1,Derbyshire,Lancashire,BA Godleman,WL Madsen,MW Parkinson,1,0,,,,,,,,,
1167237,2019,2019-08-26,Old Trafford,1,8.2,Derbyshire,Lancashire,WL Madsen,BA Godleman,MW Parkinson,1,0,,,,,,,,,
1167237,2019,2019-08-26,Old Trafford,1,8.3,Derbyshire,Lancashire,BA Godleman,WL Madsen,MW Parkinson,0,0,,,,,,,,,
1167237,2019,2019-08-26,Old Trafford,1,8.4,Derbyshire,Lancashire,BA Godleman,WL Madsen,MW Parkinson,1,0,,,,,,,,,
1167237,2019,2019-08-26,Old Trafford,1,8.5,Derbyshire,Lancashire,WL Madsen,BA Godleman,MW Parkinson,4,0,,,,,,,,,
1167237,2019,2019-08-26,Old Trafford,1,8.6,Derbyshire,Lancashire,WL Madsen,BA Godleman,MW Parkinson,1,0,,,,,,,,,
1167237,2019,2019-08-26,Old Trafford,1,9.1,Derbyshire,Lancashire,WL Madsen,BA Godleman,GJ Maxwell,1,0,,,,,,,,,
1167237,2019,2019-08-26,Old Trafford,1,9.2,Derbyshire,Lancashire,BA Godleman,WL Madsen,GJ Maxwell,0,0,,,,,,,,,
1167237,2019,2019-08-26,Old Trafford,1,9.3,Derbyshire,Lancashire,BA Godleman,WL Madsen,GJ Maxwell,1,0,,,,,,,,,
1167237,2019,2019-08-26,Old Trafford,1,9.4,Derbyshire,Lancashire,WL Madsen,BA Godleman,GJ Maxwell,0,0,,,,,,,,,
1167237,2019,2019-08-26,Old Trafford,1,9.5,Derbyshire,Lancashire,WL Madsen,BA Godleman,GJ Maxwell,1,0,,,,,,,,,
1167237,2019,2019-08-26,Old Trafford,1,9.6,Derbyshire,Lancashire,BA Godleman,WL Madsen,GJ Maxwell,0,0,,,,,,,,,
1167237,2019,2019-08-26,Old Trafford,1,10.1,Derbyshire,Lancashire,WL Madsen,BA Godleman,MW Parkinson,6,0,,,,,,,,,
1167237,2019,2019-08-26,Old Trafford,1,10.2,Derbyshire,Lancashire,WL Madsen,BA Godleman,MW Parkinson,1,0,,,,,,,,,
1167237,2019,2019-08-26,Old Trafford,1,10.3,Derbyshire,Lancashire,BA Godleman,WL Madsen,MW Parkinson,2,0,,,,,,,,,
1167237,2019,2019-08-26,Old Trafford,1,10.4,Derbyshire,Lancashire,BA Godleman,WL Madsen,MW Parkinson,1,0,,,,,,,,,
1167237,2019,2019-08-26,Old Trafford,1,10.5,Derbyshire,Lancashire,WL Madsen,BA Godleman,MW Parkinson,4,0,,,,,,,,,
1167237,2019,2019-08-26,Old Trafford,1,10.6,Derbyshire,Lancashire,WL Madsen,BA Godleman,MW Parkinson,4,0,,,,,,,,,
1167237,2019,2019-08-26,Old Trafford,1,11.1,Derbyshire,Lancashire,BA Godleman,WL Madsen,DJ Lamb,1,0,,,,,,,,,
1167237,2019,2019-08-26,Old Trafford,1,11.2,Derbyshire,Lancashire,WL Madsen,BA Godleman,DJ Lamb,4,0,,,,,,,,,
1167237,2019,2019-08-26,Old Trafford,1,11.3,Derbyshire,Lancashire,WL Madsen,BA Godleman,DJ Lamb,1,0,,,,,,,,,
1167237,2019,2019-08-26,Old Trafford,1,11.4,Derbyshire,Lancashire,BA Godleman,WL Madsen,DJ Lamb,1,0,,,,,,,,,
1167237,2019,2019-08-26,Old Trafford,1,11.5,Derbyshire,Lancashire,WL Madsen,BA Godleman,DJ Lamb,2,0,,,,,,,,,
1167237,2019,2019-08-26,Old Trafford,1,11.6,Derbyshire,Lancashire,WL Madsen,BA Godleman,DJ Lamb,1,0,,,,,,,,,
1167237,2019,2019-08-26,Old Trafford,1,12.1,Derbyshire,Lancashire,WL Madsen,BA Godleman,JP Faulkner,1,0,,,,,,,,,
1167237,2019,2019-08-26,Old Trafford,1,12.2,Derbyshire,Lancashire,BA Godleman,WL Madsen,JP Faulkner,0,0,,,,,,,,,
1167237,2019,2019-08-26,Old Trafford,1,12.3,Derbyshire,Lancashire,BA Godleman,WL Madsen,JP Faulkner,1,0,,,,,,,,,
1167237,2019,2019-08-26,Old Trafford,1,12.4,Derbyshire,Lancashire,WL Madsen,BA Godleman,JP Faulkner,2,0,,,,,,,,,
1167237,2019,2019-08-26,Old Trafford,1,12.5,Derbyshire,Lancashire,WL Madsen,BA Godleman,JP Faulkner,1,0,,,,,,,,,
1167237,2019,2019-08-26,Old Trafford,1,12.6,Derbyshire,Lancashire,BA Godleman,WL Madsen,JP Faulkner,1,0,,,,,,,,,
1167237,2019,2019-08-26,Old Trafford,1,13.1,Derbyshire,Lancashire,BA Godleman,WL Madsen,MW Parkinson,0,0,,,,,,,,,
1167237,2019,2019-08-26,Old Trafford,1,13.2,Derbyshire,Lancashire,BA Godleman,WL Madsen,MW Parkinson,6,0,,,,,,,,,
1167237,2019,2019-08-26,Old Trafford,1,13.3,Derbyshire,Lancashire,BA Godleman,WL Madsen,MW Parkinson,2,0,,,,,,,,,
1167237,2019,2019-08-26,Old Trafford,1,13.4,Derbyshire,Lancashire,BA Godleman,WL Madsen,MW Parkinson,0,0,,,,,,,,,
1167237,2019,2019-08-26,Old Trafford,1,13.5,Derbyshire,Lancashire,BA Godleman,WL Madsen,MW Parkinson,1,0,,,,,,,,,
1167237,2019,2019-08-26,Old Trafford,1,13.6,Derbyshire,Lancashire,WL Madsen,BA Godleman,MW Parkinson,1,0,,,,,,,,,
1167237,2019,2019-08-26,Old Trafford,1,14.1,Derbyshire,Lancashire,WL Madsen,BA Godleman,DJ Lamb,1,0,,,,,,,,,
1167237,2019,2019-08-26,Old Trafford,1,14.2,Derbyshire,Lancashire,BA Godleman,WL Madsen,DJ Lamb,1,0,,,,,,,,,
1167237,2019,2019-08-26,Old Trafford,1,14.3,Derbyshire,Lancashire,WL Madsen,BA Godleman,DJ Lamb,0,0,,,,,,,,,
1167237,2019,2019-08-26,Old Trafford,1,14.4,Derbyshire,Lancashire,WL Madsen,BA Godleman,DJ Lamb,6,0,,,,,,,,,
1167237,2019,2019-08-26,Old Trafford,1,14.5,Derbyshire,Lancashire,WL Madsen,BA Godleman,DJ Lamb,1,0,,,,,,,,,
1167237,2019,2019-08-26,Old Trafford,1,14.6,Derbyshire,Lancashire,BA Godleman,WL Madsen,DJ Lamb,1,0,,,,,,,,,
1167237,2019,2019-08-26,Old Trafford,1,15.1,Derbyshire,Lancashire,BA Godleman,WL Madsen,GJ Maxwell,6,0,,,,,,,,,
1167237,2019,2019-08-26,Old Trafford,1,15.2,Derbyshire,Lancashire,BA Godleman,WL Madsen,GJ Maxwell,1,0,,,,,,,,,
1167237,2019,2019-08-26,Old Trafford,1,15.3,Derbyshire,Lancashire,WL Madsen,BA Godleman,GJ Maxwell,0,0,,,,,,caught,WL Madsen,,
1167237,2019,2019-08-26,Old Trafford,1,15.4,Derbyshire,Lancashire,BA Godleman,JL du Plooy,GJ Maxwell,1,0,,,,,,,,,
1167237,2019,2019-08-26,Old Trafford,1,15.5,Derbyshire,Lancashire,JL du Plooy,BA Godleman,GJ Maxwell,1,0,,,,,,,,,
1167237,2019,2019-08-26,Old Trafford,1,15.6,Derbyshire,Lancashire,BA Godleman,JL du Plooy,GJ Maxwell,1,0,,,,,,,,,
1167237,2019,2019-08-26,Old Trafford,1,16.1,Derbyshire,Lancashire,BA Godleman,JL du Plooy,MW Parkinson,2,0,,,,,,,,,
1167237,2019,2019-08-26,Old Trafford,1,16.2,Derbyshire,Lancashire,BA Godleman,JL du Plooy,MW Parkinson,0,0,,,,,,caught,BA Godleman,,
1167237,2019,2019-08-26,Old Trafford,1,16.3,Derbyshire,Lancashire,JL du Plooy,AL Hughes,MW Parkinson,1,0,,,,,,,,,
1167237,2019,2019-08-26,Old Trafford,1,16.4,Derbyshire,Lancashire,AL Hughes,JL du Plooy,MW Parkinson,0,0,,,,,,,,,
1167237,2019,2019-08-26,Old Trafford,1,16.5,Derbyshire,Lancashire,AL Hughes,JL du Plooy,MW Parkinson,0,0,,,,,,,,,
1167237,2019,2019-08-26,Old Trafford,1,16.6,Derbyshire,Lancashire,AL Hughes,JL du Plooy,MW Parkinson,4,0,,,,,,,,,
1167237,2019,2019-08-26,Old Trafford,1,17.1,Derbyshire,Lancashire,JL du Plooy,AL Hughes,JP Faulkner,0,0,,,,,,,,,
1167237,2019,2019-08-26,Old Trafford,1,17.2,Derbyshire,Lancashire,JL du Plooy,AL Hughes,JP Faulkner,0,0,,,,,,,,,
1167237,2019,2019-08-26,Old Trafford,1,17.3,Derbyshire,Lancashire,JL du Plooy,AL Hughes,JP Faulkner,1,0,,,,,,,,,
1167237,2019,2019-08-26,Old Trafford,1,17.4,Derbyshire,Lancashire,AL Hughes,JL du Plooy,JP Faulkner,1,0,,,,,,,,,
1167237,2019,2019-08-26,Old Trafford,1,17.5,Derbyshire,Lancashire,JL du Plooy,AL Hughes,JP Faulkner,1,0,,,,,,,,,
1167237,2019,2019-08-26,Old Trafford,1,17.6,Derbyshire,Lancashire,AL Hughes,JL du Plooy,JP Faulkner,1,0,,,,,,,,,
1167237,2019,2019-08-26,Old Trafford,1,18.1,Derbyshire,Lancashire,AL Hughes,JL du Plooy,DJ Lamb,6,0,,,,,,,,,
1167237,2019,2019-08-26,Old Trafford,1,18.2,Derbyshire,Lancashire,AL Hughes,JL du Plooy,DJ Lamb,2,0,,,,,,,,,
1167237,2019,2019-08-26,Old Trafford,1,18.3,Derbyshire,Lancashire,AL Hughes,JL du Plooy,DJ Lamb,1,0,,,,,,,,,
1167237,2019,2019-08-26,Old Trafford,1,18.4,Derbyshire,Lancashire,JL du Plooy,AL Hughes,DJ Lamb,1,0,,,,,,,,,
1167237,2019,2019-08-26,Old Trafford,1,18.5,Derbyshire,Lancashire,AL Hughes,JL du Plooy,DJ Lamb,2,0,,,,,,,,,
1167237,2019,2019-08-26,Old Trafford,1,18.6,Derbyshire,Lancashire,AL Hughes,JL du Plooy,DJ Lamb,1,0,,,,,,,,,
1167237,2019,2019-08-26,Old Trafford,1,19.1,Derbyshire,Lancashire,AL Hughes,JL du Plooy,JP Faulkner,1,0,,,,,,,,,
1167237,2019,2019-08-26,Old Trafford,1,19.2,Derbyshire,Lancashire,JL du Plooy,AL Hughes,JP Faulkner,1,0,,,,,,,,,
1167237,2019,2019-08-26,Old Trafford,1,19.3,Derbyshire,Lancashire,AL Hughes,JL du Plooy,JP Faulkner,0,0,,,,,,,,,
1167237,2019,2019-08-26,Old Trafford,1,19.4,Derbyshire,Lancashire,AL Hughes,JL du Plooy,JP Faulkner,1,0,,,,,,,,,
1167237,2019,2019-08-26,Old Trafford,1,19.5,Derbyshire,Lancashire,JL du Plooy,AL Hughes,JP Faulkner,1,0,,,,,,,,,
1167237,2019,2019-08-26,Old Trafford,1,19.6,Derbyshire,Lancashire,AL Hughes,JL du Plooy,JP Faulkner,2,0,,,,,,,,,
1167237,2019,2019-08-26,Old Trafford,2,0.1,Lancashire,Derbyshire,AL Davies,LS Livingstone,LV van Beek,0,0,,,,,,,,,
1167237,2019,2019-08-26,Old Trafford,2,0.2,Lancashire,Derbyshire,AL Davies,LS Livingstone,LV van Beek,0,0,,,,,,caught,AL Davies,,
1167237,2019,2019-08-26,Old Trafford,2,0.3,Lancashire,Derbyshire,SJ Croft,LS Livingstone,LV van Beek,4,0,,,,,,,,,
1167237,2019,2019-08-26,Old Trafford,2,0.4,Lancashire,Derbyshire,SJ Croft,LS Livingstone,LV van Beek,1,0,,,,,,,,,
1167237,2019,2019-08-26,Old Trafford,2,0.5,Lancashire,Derbyshire,LS Livingstone,SJ Croft,LV van Beek,1,0,,,,,,,,,
1167237,2019,2019-08-26,Old Trafford,2,0.6,Lancashire,Derbyshire,SJ Croft,LS Livingstone,LV van Beek,0,0,,,,,,,,,
1167237,2019,2019-08-26,Old Trafford,2,1.1,Lancashire,Derbyshire,LS Livingstone,SJ Croft,R Rampaul,1,0,,,,,,,,,
1167237,2019,2019-08-26,Old Trafford,2,1.2,Lancashire,Derbyshire,SJ Croft,LS Livingstone,R Rampaul,0,0,,,,,,,,,
1167237,2019,2019-08-26,Old Trafford,2,1.3,Lancashire,Derbyshire,SJ Croft,LS Livingstone,R Rampaul,0,0,,,,,,,,,
1167237,2019,2019-08-26,Old Trafford,2,1.4,Lancashire,Derbyshire,SJ Croft,LS Livingstone,R Rampaul,1,0,,,,,,,,,
1167237,2019,2019-08-26,Old Trafford,2,1.5,Lancashire,Derbyshire,LS Livingstone,SJ Croft,R Rampaul,1,0,,,,,,,,,
1167237,2019,2019-08-26,Old Trafford,2,1.6,Lancashire,Derbyshire,SJ Croft,LS Livingstone,R Rampaul,1,0,,,,,,,,,
1167237,2019,2019-08-26,Old Trafford,2,2.1,Lancashire,Derbyshire,SJ Croft,LS Livingstone,FJ Hudson-Prentice,1,0,,,,,,,,,
1167237,2019,2019-08-26,Old Trafford,2,2.2,Lancashire,Derbyshire,LS Livingstone,SJ Croft,FJ Hudson-Prentice,0,0,,,,,,,,,
1167237,2019,2019-08-26,Old Trafford,2,2.3,Lancashire,Derbyshire,LS Livingstone,SJ Croft,FJ Hudson-Prentice,6,0,,,,,,,,,
1167237,2019,2019-08-26,Old Trafford,2,2.4,Lancashire,Derbyshire,LS Livingstone,SJ Croft,FJ Hudson-Prentice,4,0,,,,,,,,,
1167237,2019,2019-08-26,Old Trafford,2,2.5,Lancashire,Derbyshire,LS Livingstone,SJ Croft,FJ Hudson-Prentice,1,0,,,,,,,,,
1167237,2019,2019-08-26,Old Trafford,2,2.6,Lancashire,Derbyshire,SJ Croft,LS Livingstone,FJ Hudson-Prentice,0,2,,2,,,,,,,
1167237,2019,2019-08-26,Old Trafford,2,2.7,Lancashire,Derbyshire,SJ Croft,LS Livingstone,FJ Hudson-Prentice,0,0,,,,,,,,,
1167237,2019,2019-08-26,Old Trafford,2,3.1,Lancashire,Derbyshire,LS Livingstone,SJ Croft,R Rampaul,1,0,,,,,,,,,
1167237,2019,2019-08-26,Old Trafford,2,3.2,Lancashire,Derbyshire,SJ Croft,LS Livingstone,R Rampaul,4,0,,,,,,,,,
1167237,2019,2019-08-26,Old Trafford,2,3.3,Lancashire,Derbyshire,SJ Croft,LS Livingstone,R Rampaul,4,0,,,,,,,,,
1167237,2019,2019-08-26,Old Trafford,2,3.4,Lancashire,Derbyshire,SJ Croft,LS Livingstone,R Rampaul,0,0,,,,,,,,,
1167237,2019,2019-08-26,Old Trafford,2,3.5,Lancashire,Derbyshire,SJ Croft,LS Livingstone,R Rampaul,0,0,,,,,,caught,SJ Croft,,
1167237,2019,2019-08-26,Old Trafford,2,3.6,Lancashire,Derbyshire,JJ Bohannon,LS Livingstone,R Rampaul,0,0,,,,,,bowled,JJ Bohannon,,
1167237,2019,2019-08-26,Old Trafford,2,4.1,Lancashire,Derbyshire,LS Livingstone,KK Jennings,FJ Hudson-Prentice,0,0,,,,,,,,,
1167237,2019,2019-08-26,Old Trafford,2,4.2,Lancashire,Derbyshire,LS Livingstone,KK Jennings,FJ Hudson-Prentice,6,0,,,,,,,,,
1167237,2019,2019-08-26,Old Trafford,2,4.3,Lancashire,Derbyshire,LS Livingstone,KK Jennings,FJ Hudson-Prentice,1,0,,,,,,,,,
1167237,2019,2019-08-26,Old Trafford,2,4.4,Lancashire,Derbyshire,KK Jennings,LS Livingstone,FJ Hudson-Prentice,1,0,,,,,,,,,
1167237,2019,2019-08-26,Old Trafford,2,4.5,Lancashire,Derbyshire,LS Livingstone,KK Jennings,FJ Hudson-Prentice,1,0,,,,,,,,,
1167237,2019,2019-08-26,Old Trafford,2,4.6,Lancashire,Derbyshire,KK Jennings,LS Livingstone,FJ Hudson-Prentice,0,0,,,,,,,,,
1167237,2019,2019-08-26,Old Trafford,2,5.1,Lancashire,Derbyshire,LS Livingstone,KK Jennings,LV van Beek,0,0,,,,,,,,,
1167237,2019,2019-08-26,Old Trafford,2,5.2,Lancashire,Derbyshire,LS Livingstone,KK Jennings,LV van Beek,4,0,,,,,,,,,
1167237,2019,2019-08-26,Old Trafford,2,5.3,Lancashire,Derbyshire,LS Livingstone,KK Jennings,LV van Beek,4,0,,,,,,,,,
1167237,2019,2019-08-26,Old Trafford,2,5.4,Lancashire,Derbyshire,LS Livingstone,KK Jennings,LV van Beek,1,0,,,,,,,,,
1167237,2019,2019-08-26,Old Trafford,2,5.5,Lancashire,Derbyshire,KK Jennings,LS Livingstone,LV van Beek,0,0,,,,,,,,,
1167237,2019,2019-08-26,Old Trafford,2,5.6,Lancashire,Derbyshire,KK Jennings,LS Livingstone,LV van Beek,1,0,,,,,,,,,
1167237,2019,2019-08-26,Old Trafford,2,6.1,Lancashire,Derbyshire,KK Jennings,LS Livingstone,AL Hughes,1,0,,,,,,,,,
1167237,2019,2019-08-26,Old Trafford,2,6.2,Lancashire,Derbyshire,LS Livingstone,KK Jennings,AL Hughes,1,0,,,,,,,,,
1167237,2019,2019-08-26,Old Trafford,2,6.3,Lancashire,Derbyshire,KK Jennings,LS Livingstone,AL Hughes,1,0,,,,,,,,,
1167237,2019,2019-08-26,Old Trafford,2,6.4,Lancashire,Derbyshire,LS Livingstone,KK Jennings,AL Hughes,4,0,,,,,,,,,
1167237,2019,2019-08-26,Old Trafford,2,6.5,Lancashire,Derbyshire,LS Livingstone,KK Jennings,AL Hughes,1,0,,,,,,,,,
1167237,2019,2019-08-26,Old Trafford,2,6.6,Lancashire,Derbyshire,KK Jennings,LS Livingstone,AL Hughes,0,0,,,,,,,,,
1167237,2019,2019-08-26,Old Trafford,2,7.1,Lancashire,Derbyshire,LS Livingstone,KK Jennings,LM Reece,1,0,,,,,,,,,
1167237,2019,2019-08-26,Old Trafford,2,7.2,Lancashire,Derbyshire,KK Jennings,LS Livingstone,LM Reece,1,0,,,,,,,,,
1167237,2019,2019-08-26,Old Trafford,2,7.3,Lancashire,Derbyshire,LS Livingstone,KK Jennings,LM Reece,1,0,,,,,,,,,
1167237,2019,2019-08-26,Old Trafford,2,7.4,Lancashire,Derbyshire,KK Jennings,LS Livingstone,LM Reece,1,0,,,,,,,,,
1167237,2019,2019-08-26,Old Trafford,2,7.5,Lancashire,Derbyshire,LS Livingstone,KK Jennings,LM Reece,1,0,,,,,,,,,
1167237,2019,2019-08-26,Old Trafford,2,7.6,Lancashire,Derbyshire,KK Jennings,LS Livingstone,LM Reece,1,0,,,,,,,,,
1167237,2019,2019-08-26,Old Trafford,2,8.1,Lancashire,Derbyshire,KK Jennings,LS Livingstone,AL Hughes,1,0,,,,,,,,,
1167237,2019,2019-08-26,Old Trafford,2,8.2,Lancashire,Derbyshire,LS Livingstone,KK Jennings,AL Hughes,1,0,,,,,,,,,
1167237,2019,2019-08-26,Old Trafford,2,8.3,Lancashire,Derbyshire,KK Jennings,LS Livingstone,AL Hughes,1,0,,,,,,,,,
1167237,2019,2019-08-26,Old Trafford,2,8.4,Lancashire,Derbyshire,LS Livingstone,KK Jennings,AL Hughes,1,0,,,,,,,,,
1167237,2019,2019-08-26,Old Trafford,2,8.5,Lancashire,Derbyshire,KK Jennings,LS Livingstone,AL Hughes,1,0,,,,,,,,,
1167237,2019,2019-08-26,Old Trafford,2,8.6,Lancashire,Derbyshire,LS Livingstone,KK Jennings,AL Hughes,0,1,1,,,,,,,,
1167237,2019,2019-08-26,Old Trafford,2,8.7,Lancashire,Derbyshire,LS Livingstone,KK Jennings,AL Hughes,1,0,,,,,,,,,
1167237,2019,2019-08-26,Old Trafford,2,9.1,Lancashire,Derbyshire,LS Livingstone,KK Jennings,MJJ Critchley,1,0,,,,,,,,,
1167237,2019,2019-08-26,Old Trafford,2,9.2,Lancashire,Derbyshire,KK Jennings,LS Livingstone,MJJ Critchley,1,0,,,,,,,,,
1167237,2019,2019-08-26,Old Trafford,2,9.3,Lancashire,Derbyshire,LS Livingstone,KK Jennings,MJJ Critchley,1,0,,,,,,,,,
1167237,2019,2019-08-26,Old Trafford,2,9.4,Lancashire,Derbyshire,KK Jennings,LS Livingstone,MJJ Critchley,0,0,,,,,,,,,
1167237,2019,2019-08-26,Old Trafford,2,9.5,Lancashire,Derbyshire,KK Jennings,LS Livingstone,MJJ Critchley,0,0,,,,,,,,,
1167237,2019,2019-08-26,Old Trafford,2,9.6,Lancashire,Derbyshire,KK Jennings,LS Livingstone,MJJ Critchley,1,0,,,,,,,,,
1167237,2019,2019-08-26,Old Trafford,2,10.1,Lancashire,Derbyshire,KK Jennings,LS Livingstone,LM Reece,0,0,,,,,,,,,
1167237,2019,2019-08-26,Old Trafford,2,10.2,Lancashire,Derbyshire,KK Jennings,LS Livingstone,LM Reece,1,0,,,,,,,,,
1167237,2019,2019-08-26,Old Trafford,2,10.3,Lancashire,Derbyshire,LS Livingstone,KK Jennings,LM Reece,0,0,,,,,,,,,
1167237,2019,2019-08-26,Old Trafford,2,10.4,Lancashire,Derbyshire,LS Livingstone,KK Jennings,LM Reece,1,0,,,,,,,,,
1167237,2019,2019-08-26,Old Trafford,2,10.5,Lancashire,Derbyshire,KK Jennings,LS Livingstone,LM Reece,4,0,,,,,,,,,
1167237,2019,2019-08-26,Old Trafford,2,10.6,Lancashire,Derbyshire,KK Jennings,LS Livingstone,LM Reece,0,0,,,,,,,,,
1167237,2019,2019-08-26,Old Trafford,2,11.1,Lancashire,Derbyshire,LS Livingstone,KK Jennings,MJJ Critchley,0,0,,,,,,,,,
1167237,2019,2019-08-26,Old Trafford,2,11.2,Lancashire,Derbyshire,LS Livingstone,KK Jennings,MJJ Critchley,1,0,,,,,,,,,
1167237,2019,2019-08-26,Old Trafford,2,11.3,Lancashire,Derbyshire,KK Jennings,LS Livingstone,MJJ Critchley,1,0,,,,,,,,,
1167237,2019,2019-08-26,Old Trafford,2,11.4,Lancashire,Derbyshire,LS Livingstone,KK Jennings,MJJ Critchley,1,0,,,,,,,,,
1167237,2019,2019-08-26,Old Trafford,2,11.5,Lancashire,Derbyshire,KK Jennings,LS Livingstone,MJJ Critchley,2,0,,,,,,,,,
1167237,2019,2019-08-26,Old Trafford,2,11.6,Lancashire,Derbyshire,KK Jennings,LS Livingstone,MJJ Critchley,0,0,,,,,,,,,
1167237,2019,2019-08-26,Old Trafford,2,12.1,Lancashire,Derbyshire,LS Livingstone,KK Jennings,AL Hughes,2,0,,,,,,,,,
1167237,2019,2019-08-26,Old Trafford,2,12.2,Lancashire,Derbyshire,LS Livingstone,KK Jennings,AL Hughes,6,0,,,,,,,,,
1167237,2019,2019-08-26,Old Trafford,2,12.3,Lancashire,Derbyshire,LS Livingstone,KK Jennings,AL Hughes,0,1,1,,,,,,,,
1167237,2019,2019-08-26,Old Trafford,2,12.4,Lancashire,Derbyshire,LS Livingstone,KK Jennings,AL Hughes,1,0,,,,,,,,,
1167237,2019,2019-08-26,Old Trafford,2,12.5,Lancashire,Derbyshire,KK Jennings,LS Livingstone,AL Hughes,1,0,,,,,,,,,
1167237,2019,2019-08-26,Old Trafford,2,12.6,Lancashire,Derbyshire,LS Livingstone,KK Jennings,AL Hughes,0,0,,,,,,caught,LS Livingstone,,
1167237,2019,2019-08-26,Old Trafford,2,12.7,Lancashire,Derbyshire,GJ Maxwell,KK Jennings,AL Hughes,0,0,,,,,,,,,
1167237,2019,2019-08-26,Old Trafford,2,13.1,Lancashire,Derbyshire,KK Jennings,GJ Maxwell,MJJ Critchley,0,0,,,,,,caught,KK Jennings,,
1167237,2019,2019-08-26,Old Trafford,2,13.2,Lancashire,Derbyshire,GJ Maxwell,DJ Vilas,MJJ Critchley,0,0,,,,,,,,,
1167237,2019,2019-08-26,Old Trafford,2,13.3,Lancashire,Derbyshire,GJ Maxwell,DJ Vilas,MJJ Critchley,4,0,,,,,,,,,
1167237,2019,2019-08-26,Old Trafford,2,13.4,Lancashire,Derbyshire,GJ Maxwell,DJ Vilas,MJJ Critchley,1,0,,,,,,,,,
1167237,2019,2019-08-26,Old Trafford,2,13.5,Lancashire,Derbyshire,DJ Vilas,GJ Maxwell,MJJ Critchley,0,0,,,,,,,,,
1167237,2019,2019-08-26,Old Trafford,2,13.6,Lancashire,Derbyshire,DJ Vilas,GJ Maxwell,MJJ Critchley,0,0,,,,,,,,,
1167237,2019,2019-08-26,Old Trafford,2,14.1,Lancashire,Derbyshire,GJ Maxwell,DJ Vilas,LM Reece,1,0,,,,,,,,,
1167237,2019,2019-08-26,Old Trafford,2,14.2,Lancashire,Derbyshire,DJ Vilas,GJ Maxwell,LM Reece,0,0,,,,,,,,,
1167237,2019,2019-08-26,Old Trafford,2,14.3,Lancashire,Derbyshire,DJ Vilas,GJ Maxwell,LM Reece,1,0,,,,,,,,,
1167237,2019,2019-08-26,Old Trafford,2,14.4,Lancashire,Derbyshire,GJ Maxwell,DJ Vilas,LM Reece,2,0,,,,,,,,,
1167237,2019,2019-08-26,Old Trafford,2,14.5,Lancashire,Derbyshire,GJ Maxwell,DJ Vilas,LM Reece,0,0,,,,,,bowled,GJ Maxwell,,
1167237,2019,2019-08-26,Old Trafford,2,14.6,Lancashire,Derbyshire,JP Faulkner,DJ Vilas,LM Reece,1,0,,,,,,,,,
1167237,2019,2019-08-26,Old Trafford,2,15.1,Lancashire,Derbyshire,JP Faulkner,DJ Vilas,MJJ Critchley,1,0,,,,,,,,,
1167237,2019,2019-08-26,Old Trafford,2,15.2,Lancashire,Derbyshire,DJ Vilas,JP Faulkner,MJJ Critchley,4,0,,,,,,,,,
1167237,2019,2019-08-26,Old Trafford,2,15.3,Lancashire,Derbyshire,DJ Vilas,JP Faulkner,MJJ Critchley,1,0,,,,,,,,,
1167237,2019,2019-08-26,Old Trafford,2,15.4,Lancashire,Derbyshire,JP Faulkner,DJ Vilas,MJJ Critchley,1,0,,,,,,,,,
1167237,2019,2019-08-26,Old Trafford,2,15.5,Lancashire,Derbyshire,DJ Vilas,JP Faulkner,MJJ Critchley,2,0,,,,,,,,,
1167237,2019,2019-08-26,Old Trafford,2,15.6,Lancashire,Derbyshire,DJ Vilas,JP Faulkner,MJJ Critchley,0,1,1,,,,,,,,
1167237,2019,2019-08-26,Old Trafford,2,15.7,Lancashire,Derbyshire,DJ Vilas,JP Faulkner,MJJ Critchley,1,0,,,,,,,,,
1167237,2019,2019-08-26,Old Trafford,2,16.1,Lancashire,Derbyshire,DJ Vilas,JP Faulkner,LM Reece,0,1,1,,,,,,,,
1167237,2019,2019-08-26,Old Trafford,2,16.2,Lancashire,Derbyshire,DJ Vilas,JP Faulkner,LM Reece,4,0,,,,,,,,,
1167237,2019,2019-08-26,Old Trafford,2,16.3,Lancashire,Derbyshire,DJ Vilas,JP Faulkner,LM Reece,1,0,,,,,,,,,
1167237,2019,2019-08-26,Old Trafford,2,16.4,Lancashire,Derbyshire,JP Faulkner,DJ Vilas,LM Reece,0,1,1,,,,,,,,
1167237,2019,2019-08-26,Old Trafford,2,16.5,Lancashire,Derbyshire,JP Faulkner,DJ Vilas,LM Reece,1,0,,,,,,,,,
1167237,2019,2019-08-26,Old Trafford,2,16.6,Lancashire,Derbyshire,DJ Vilas,JP Faulkner,LM Reece,4,0,,,,,,,,,
1167237,2019,2019-08-26,Old Trafford,2,16.7,Lancashire,Derbyshire,DJ Vilas,JP Faulkner,LM Reece,1,0,,,,,,,,,
1167237,2019,2019-08-26,Old Trafford,2,16.8,Lancashire,Derbyshire,JP Faulkner,DJ Vilas,LM Reece,1,0,,,,,,,,,
1167237,2019,2019-08-26,Old Trafford,2,17.1,Lancashire,Derbyshire,JP Faulkner,DJ Vilas,R Rampaul,1,0,,,,,,run out,DJ Vilas,,
1167237,2019,2019-08-26,Old Trafford,2,17.2,Lancashire,Derbyshire,JP Faulkner,DJ Lamb,R Rampaul,1,0,,,,,,,,,
1167237,2019,2019-08-26,Old Trafford,2,17.3,Lancashire,Derbyshire,DJ Lamb,JP Faulkner,R Rampaul,1,0,,,,,,,,,
1167237,2019,2019-08-26,Old Trafford,2,17.4,Lancashire,Derbyshire,JP Faulkner,DJ Lamb,R Rampaul,1,0,,,,,,,,,
1167237,2019,2019-08-26,Old Trafford,2,17.5,Lancashire,Derbyshire,DJ Lamb,JP Faulkner,R Rampaul,0,0,,,,,,,,,
1167237,2019,2019-08-26,Old Trafford,2,17.6,Lancashire,Derbyshire,DJ Lamb,JP Faulkner,R Rampaul,1,0,,,,,,,,,
1167237,2019,2019-08-26,Old Trafford,2,18.1,Lancashire,Derbyshire,DJ Lamb,JP Faulkner,FJ Hudson-Prentice,0,0,,,,,,,,,
1167237,2019,2019-08-26,Old Trafford,2,18.2,Lancashire,Derbyshire,DJ Lamb,JP Faulkner,FJ Hudson-Prentice,0,0,,,,,,,,,
1167237,2019,2019-08-26,Old Trafford,2,18.3,Lancashire,Derbyshire,DJ Lamb,JP Faulkner,FJ Hudson-Prentice,0,1,1,,,,,,,,
1167237,2019,2019-08-26,Old Trafford,2,18.4,Lancashire,Derbyshire,DJ Lamb,JP Faulkner,FJ Hudson-Prentice,1,0,,,,,,,,,
1167237,2019,2019-08-26,Old Trafford,2,18.5,Lancashire,Derbyshire,JP Faulkner,DJ Lamb,FJ Hudson-Prentice,6,0,,,,,,,,,
1167237,2019,2019-08-26,Old Trafford,2,18.6,Lancashire,Derbyshire,JP Faulkner,DJ Lamb,FJ Hudson-Prentice,0,0,,,,,,caught,JP Faulkner,,
1167237,2019,2019-08-26,Old Trafford,2,18.7,Lancashire,Derbyshire,DJ Lamb,LJ Hurt,FJ Hudson-Prentice,0,0,,,,,,,,,
1167237,2019,2019-08-26,Old Trafford,2,19.1,Lancashire,Derbyshire,LJ Hurt,DJ Lamb,R Rampaul,0,0,,,,,,,,,
1167237,2019,2019-08-26,Old Trafford,2,19.2,Lancashire,Derbyshire,LJ Hurt,DJ Lamb,R Rampaul,0,1,,,1,,,,,,
1167237,2019,2019-08-26,Old Trafford,2,19.3,Lancashire,Derbyshire,DJ Lamb,LJ Hurt,R Rampaul,1,0,,,,,,,,,
1167237,2019,2019-08-26,Old Trafford,2,19.4,Lancashire,Derbyshire,LJ Hurt,DJ Lamb,R Rampaul,0,1,,,1,,,,,,
1167237,2019,2019-08-26,Old Trafford,2,19.5,Lancashire,Derbyshire,DJ Lamb,LJ Hurt,R Rampaul,0,1,,,1,,,,,,
1167237,2019,2019-08-26,Old Trafford,2,19.6,Lancashire,Derbyshire,LJ Hurt,DJ Lamb,R Rampaul,0,0,,,,,,bowled,LJ Hurt,,
