match_id,season,start_date,venue,innings,ball,batting_team,bowling_team,striker,non_striker,bowler,runs_off_bat,extras,wides,noballs,byes,legbyes,penalty,wicket_type,player_dismissed,other_wicket_type,other_player_dismissed
1167256,2019,2019-09-07,County Ground,1,0.1,Gloucestershire,Derbyshire,Miles Hammond,M Klinger,LV van Beek,0,1,1,,,,,,,,
1167256,2019,2019-09-07,County Ground,1,0.2,Gloucestershire,Derbyshire,Miles Hammond,M Klinger,LV van Beek,0,0,,,,,,,,,
1167256,2019,2019-09-07,County Ground,1,0.3,Gloucestershire,Derbyshire,Miles Hammond,M Klinger,LV van Beek,0,0,,,,,,,,,
1167256,2019,2019-09-07,County Ground,1,0.4,Gloucestershire,Derbyshire,Miles Hammond,M Klinger,LV van Beek,0,0,,,,,,,,,
1167256,2019,2019-09-07,County Ground,1,0.5,Gloucestershire,Derbyshire,Miles Hammond,M Klinger,LV van Beek,0,0,,,,,,,,,
1167256,2019,2019-09-07,County Ground,1,0.6,Gloucestershire,Derbyshire,Miles Hammond,M Klinger,LV van Beek,3,0,,,,,,,,,
1167256,2019,2019-09-07,County Ground,1,0.7,Gloucestershire,Derbyshire,M Klinger,Miles Hammond,LV van Beek,1,0,,,,,,,,,
1167256,2019,2019-09-07,County Ground,1,1.1,Gloucestershire,Derbyshire,M Klinger,Miles Hammond,R Rampaul,0,0,,,,,,,,,
1167256,2019,2019-09-07,County Ground,1,1.2,Gloucestershire,Derbyshire,M Klinger,Miles Hammond,R Rampaul,1,0,,,,,,,,,
1167256,2019,2019-09-07,County Ground,1,1.3,Gloucestershire,Derbyshire,Miles Hammond,M Klinger,R Rampaul,0,0,,,,,,,,,
1167256,2019,2019-09-07,County Ground,1,1.4,Gloucestershire,Derbyshire,Miles Hammond,M Klinger,R Rampaul,4,0,,,,,,,,,
1167256,2019,2019-09-07,County Ground,1,1.5,Gloucestershire,Derbyshire,Miles Hammond,M Klinger,R Rampaul,0,0,,,,,,,,,
1167256,2019,2019-09-07,County Ground,1,1.6,Gloucestershire,Derbyshire,Miles Hammond,M Klinger,R Rampaul,0,0,,,,,,,,,
1167256,2019,2019-09-07,County Ground,1,2.1,Gloucestershire,Derbyshire,M Klinger,Miles Hammond,LV van Beek,6,0,,,,,,,,,
1167256,2019,2019-09-07,County Ground,1,2.2,Gloucestershire,Derbyshire,M Klinger,Miles Hammond,LV van Beek,1,0,,,,,,,,,
1167256,2019,2019-09-07,County Ground,1,2.3,Gloucestershire,Derbyshire,Miles Hammond,M Klinger,LV van Beek,6,0,,,,,,,,,
1167256,2019,2019-09-07,County Ground,1,2.4,Gloucestershire,Derbyshire,Miles Hammond,M Klinger,LV van Beek,2,0,,,,,,,,,
1167256,2019,2019-09-07,County Ground,1,2.5,Gloucestershire,Derbyshire,Miles Hammond,M Klinger,LV van Beek,4,0,,,,,,,,,
1167256,2019,2019-09-07,County Ground,1,2.6,Gloucestershire,Derbyshire,Miles Hammond,M Klinger,LV van Beek,0,0,,,,,,,,,
1167256,2019,2019-09-07,County Ground,1,3.1,Gloucestershire,Derbyshire,M Klinger,Miles Hammond,FJ Hudson-Prentice,1,0,,,,,,,,,
1167256,2019,2019-09-07,County Ground,1,3.2,Gloucestershire,Derbyshire,Miles Hammond,M Klinger,FJ Hudson-Prentice,2,0,,,,,,,,,
1167256,2019,2019-09-07,County Ground,1,3.3,Gloucestershire,Derbyshire,Miles Hammond,M Klinger,FJ Hudson-Prentice,0,0,,,,,,,,,
1167256,2019,2019-09-07,County Ground,1,3.4,Gloucestershire,Derbyshire,Miles Hammond,M Klinger,FJ Hudson-Prentice,0,0,,,,,,,,,
1167256,2019,2019-09-07,County Ground,1,3.5,Gloucestershire,Derbyshire,Miles Hammond,M Klinger,FJ Hudson-Prentice,0,0,,,,,,,,,
1167256,2019,2019-09-07,County Ground,1,3.6,Gloucestershire,Derbyshire,Miles Hammond,M Klinger,FJ Hudson-Prentice,1,0,,,,,,,,,
1167256,2019,2019-09-07,County Ground,1,4.1,Gloucestershire,Derbyshire,Miles Hammond,M Klinger,R Rampaul,0,0,,,,,,,,,
1167256,2019,2019-09-07,County Ground,1,4.2,Gloucestershire,Derbyshire,Miles Hammond,M Klinger,R Rampaul,1,0,,,,,,,,,
1167256,2019,2019-09-07,County Ground,1,4.3,Gloucestershire,Derbyshire,M Klinger,Miles Hammond,R Rampaul,1,0,,,,,,,,,
1167256,2019,2019-09-07,County Ground,1,4.4,Gloucestershire,Derbyshire,Miles Hammond,M Klinger,R Rampaul,4,0,,,,,,,,,
1167256,2019,2019-09-07,County Ground,1,4.5,Gloucestershire,Derbyshire,Miles Hammond,M Klinger,R Rampaul,0,1,,,,1,,,,,
1167256,2019,2019-09-07,County Ground,1,4.6,Gloucestershire,Derbyshire,M Klinger,Miles Hammond,R Rampaul,0,0,,,,,,,,,
1167256,2019,2019-09-07,County Ground,1,5.1,Gloucestershire,Derbyshire,Miles Hammond,M Klinger,FJ Hudson-Prentice,4,0,,,,,,,,,
1167256,2019,2019-09-07,County Ground,1,5.2,Gloucestershire,Derbyshire,Miles Hammond,M Klinger,FJ Hudson-Prentice,0,0,,,,,,,,,
1167256,2019,2019-09-07,County Ground,1,5.3,Gloucestershire,Derbyshire,Miles Hammond,M Klinger,FJ Hudson-Prentice,0,0,,,,,,caught,Miles Hammond,,
1167256,2019,2019-09-07,County Ground,1,5.4,Gloucestershire,Derbyshire,James Bracey,M Klinger,FJ Hudson-Prentice,0,0,,,,,,,,,
1167256,2019,2019-09-07,County Ground,1,5.5,Gloucestershire,Derbyshire,James Bracey,M Klinger,FJ Hudson-Prentice,4,0,,,,,,,,,
1167256,2019,2019-09-07,County Ground,1,5.6,Gloucestershire,Derbyshire,James Bracey,M Klinger,FJ Hudson-Prentice,0,0,,,,,,,,,
1167256,2019,2019-09-07,County Ground,1,6.1,Gloucestershire,Derbyshire,M Klinger,James Bracey,AL Hughes,1,0,,,,,,,,,
1167256,2019,2019-09-07,County Ground,1,6.2,Gloucestershire,Derbyshire,James Bracey,M Klinger,AL Hughes,0,1,,,,1,,,,,
1167256,2019,2019-09-07,County Ground,1,6.3,Gloucestershire,Derbyshire,M Klinger,James Bracey,AL Hughes,1,0,,,,,,,,,
1167256,2019,2019-09-07,County Ground,1,6.4,Gloucestershire,Derbyshire,James Bracey,M Klinger,AL Hughes,0,0,,,,,,,,,
1167256,2019,2019-09-07,County Ground,1,6.5,Gloucestershire,Derbyshire,James Bracey,M Klinger,AL Hughes,1,0,,,,,,,,,
1167256,2019,2019-09-07,County Ground,1,6.6,Gloucestershire,Derbyshire,M Klinger,James Bracey,AL Hughes,0,0,,,,,,,,,
1167256,2019,2019-09-07,County Ground,1,7.1,Gloucestershire,Derbyshire,James Bracey,M Klinger,MJJ Critchley,0,0,,,,,,,,,
1167256,2019,2019-09-07,County Ground,1,7.2,Gloucestershire,Derbyshire,James Bracey,M Klinger,MJJ Critchley,1,0,,,,,,,,,
1167256,2019,2019-09-07,County Ground,1,7.3,Gloucestershire,Derbyshire,M Klinger,James Bracey,MJJ Critchley,1,0,,,,,,,,,
1167256,2019,2019-09-07,County Ground,1,7.4,Gloucestershire,Derbyshire,James Bracey,M Klinger,MJJ Critchley,1,0,,,,,,,,,
1167256,2019,2019-09-07,County Ground,1,7.5,Gloucestershire,Derbyshire,M Klinger,James Bracey,MJJ Critchley,1,0,,,,,,,,,
1167256,2019,2019-09-07,County Ground,1,7.6,Gloucestershire,Derbyshire,James Bracey,M Klinger,MJJ Critchley,1,0,,,,,,,,,
1167256,2019,2019-09-07,County Ground,1,8.1,Gloucestershire,Derbyshire,James Bracey,M Klinger,AL Hughes,0,0,,,,,,caught,James Bracey,,
1167256,2019,2019-09-07,County Ground,1,8.2,Gloucestershire,Derbyshire,IA Cockbain,M Klinger,AL Hughes,1,0,,,,,,,,,
1167256,2019,2019-09-07,County Ground,1,8.3,Gloucestershire,Derbyshire,M Klinger,IA Cockbain,AL Hughes,0,0,,,,,,run out,M Klinger,,
1167256,2019,2019-09-07,County Ground,1,8.4,Gloucestershire,Derbyshire,RF Higgins,IA Cockbain,AL Hughes,0,0,,,,,,,,,
1167256,2019,2019-09-07,County Ground,1,8.5,Gloucestershire,Derbyshire,RF Higgins,IA Cockbain,AL Hughes,1,0,,,,,,,,,
1167256,2019,2019-09-07,County Ground,1,8.6,Gloucestershire,Derbyshire,IA Cockbain,RF Higgins,AL Hughes,1,0,,,,,,,,,
1167256,2019,2019-09-07,County Ground,1,9.1,Gloucestershire,Derbyshire,IA Cockbain,RF Higgins,MJJ Critchley,0,1,1,,,,,,,,
1167256,2019,2019-09-07,County Ground,1,9.2,Gloucestershire,Derbyshire,IA Cockbain,RF Higgins,MJJ Critchley,1,0,,,,,,,,,
1167256,2019,2019-09-07,County Ground,1,9.3,Gloucestershire,Derbyshire,RF Higgins,IA Cockbain,MJJ Critchley,0,0,,,,,,,,,
1167256,2019,2019-09-07,County Ground,1,9.4,Gloucestershire,Derbyshire,RF Higgins,IA Cockbain,MJJ Critchley,2,0,,,,,,,,,
1167256,2019,2019-09-07,County Ground,1,9.5,Gloucestershire,Derbyshire,RF Higgins,IA Cockbain,MJJ Critchley,1,0,,,,,,,,,
1167256,2019,2019-09-07,County Ground,1,9.6,Gloucestershire,Derbyshire,IA Cockbain,RF Higgins,MJJ Critchley,1,0,,,,,,,,,
1167256,2019,2019-09-07,County Ground,1,9.7,Gloucestershire,Derbyshire,RF Higgins,IA Cockbain,MJJ Critchley,1,0,,,,,,,,,
1167256,2019,2019-09-07,County Ground,1,10.1,Gloucestershire,Derbyshire,RF Higgins,IA Cockbain,AL Hughes,2,0,,,,,,,,,
1167256,2019,2019-09-07,County Ground,1,10.2,Gloucestershire,Derbyshire,RF Higgins,IA Cockbain,AL Hughes,1,0,,,,,,,,,
1167256,2019,2019-09-07,County Ground,1,10.3,Gloucestershire,Derbyshire,IA Cockbain,RF Higgins,AL Hughes,0,0,,,,,,,,,
1167256,2019,2019-09-07,County Ground,1,10.4,Gloucestershire,Derbyshire,IA Cockbain,RF Higgins,AL Hughes,0,0,,,,,,,,,
1167256,2019,2019-09-07,County Ground,1,10.5,Gloucestershire,Derbyshire,IA Cockbain,RF Higgins,AL Hughes,1,0,,,,,,,,,
1167256,2019,2019-09-07,County Ground,1,10.6,Gloucestershire,Derbyshire,RF Higgins,IA Cockbain,AL Hughes,1,0,,,,,,,,,
1167256,2019,2019-09-07,County Ground,1,11.1,Gloucestershire,Derbyshire,RF Higgins,IA Cockbain,MJJ Critchley,0,0,,,,,,caught and bowled,RF Higgins,,
1167256,2019,2019-09-07,County Ground,1,11.2,Gloucestershire,Derbyshire,JMR Taylor,IA Cockbain,MJJ Critchley,0,0,,,,,,,,,
1167256,2019,2019-09-07,County Ground,1,11.3,Gloucestershire,Derbyshire,JMR Taylor,IA Cockbain,MJJ Critchley,1,0,,,,,,,,,
1167256,2019,2019-09-07,County Ground,1,11.4,Gloucestershire,Derbyshire,IA Cockbain,JMR Taylor,MJJ Critchley,1,0,,,,,,,,,
1167256,2019,2019-09-07,County Ground,1,11.5,Gloucestershire,Derbyshire,JMR Taylor,IA Cockbain,MJJ Critchley,1,0,,,,,,,,,
1167256,2019,2019-09-07,County Ground,1,11.6,Gloucestershire,Derbyshire,IA Cockbain,JMR Taylor,MJJ Critchley,1,0,,,,,,,,,
1167256,2019,2019-09-07,County Ground,1,12.1,Gloucestershire,Derbyshire,IA Cockbain,JMR Taylor,LM Reece,1,0,,,,,,,,,
1167256,2019,2019-09-07,County Ground,1,12.2,Gloucestershire,Derbyshire,JMR Taylor,IA Cockbain,LM Reece,0,0,,,,,,,,,
1167256,2019,2019-09-07,County Ground,1,12.3,Gloucestershire,Derbyshire,JMR Taylor,IA Cockbain,LM Reece,1,0,,,,,,,,,
1167256,2019,2019-09-07,County Ground,1,12.4,Gloucestershire,Derbyshire,IA Cockbain,JMR Taylor,LM Reece,1,0,,,,,,,,,
1167256,2019,2019-09-07,County Ground,1,12.5,Gloucestershire,Derbyshire,JMR Taylor,IA Cockbain,LM Reece,1,0,,,,,,,,,
1167256,2019,2019-09-07,County Ground,1,12.6,Gloucestershire,Derbyshire,IA Cockbain,JMR Taylor,LM Reece,1,0,,,,,,,,,
1167256,2019,2019-09-07,County Ground,1,13.1,Gloucestershire,Derbyshire,IA Cockbain,JMR Taylor,MJJ Critchley,1,0,,,,,,,,,
1167256,2019,2019-09-07,County Ground,1,13.2,Gloucestershire,Derbyshire,JMR Taylor,IA Cockbain,MJJ Critchley,0,0,,,,,,caught and bowled,JMR Taylor,,
1167256,2019,2019-09-07,County Ground,1,13.3,Gloucestershire,Derbyshire,IA Cockbain,GL van Buuren,MJJ Critchley,1,0,,,,,,,,,
1167256,2019,2019-09-07,County Ground,1,13.4,Gloucestershire,Derbyshire,GL van Buuren,IA Cockbain,MJJ Critchley,1,0,,,,,,,,,
1167256,2019,2019-09-07,County Ground,1,13.5,Gloucestershire,Derbyshire,IA Cockbain,GL van Buuren,MJJ Critchley,2,0,,,,,,,,,
1167256,2019,2019-09-07,County Ground,1,13.6,Gloucestershire,Derbyshire,IA Cockbain,GL van Buuren,MJJ Critchley,0,0,,,,,,,,,
1167256,2019,2019-09-07,County Ground,1,14.1,Gloucestershire,Derbyshire,GL van Buuren,IA Cockbain,LM Reece,4,0,,,,,,,,,
1167256,2019,2019-09-07,County Ground,1,14.2,Gloucestershire,Derbyshire,GL van Buuren,IA Cockbain,LM Reece,1,0,,,,,,,,,
1167256,2019,2019-09-07,County Ground,1,14.3,Gloucestershire,Derbyshire,IA Cockbain,GL van Buuren,LM Reece,1,0,,,,,,,,,
1167256,2019,2019-09-07,County Ground,1,14.4,Gloucestershire,Derbyshire,GL van Buuren,IA Cockbain,LM Reece,1,0,,,,,,,,,
1167256,2019,2019-09-07,County Ground,1,14.5,Gloucestershire,Derbyshire,IA Cockbain,GL van Buuren,LM Reece,6,0,,,,,,,,,
1167256,2019,2019-09-07,County Ground,1,14.6,Gloucestershire,Derbyshire,IA Cockbain,GL van Buuren,LM Reece,1,0,,,,,,,,,
1167256,2019,2019-09-07,County Ground,1,15.1,Gloucestershire,Derbyshire,IA Cockbain,GL van Buuren,AL Hughes,4,0,,,,,,,,,
1167256,2019,2019-09-07,County Ground,1,15.2,Gloucestershire,Derbyshire,IA Cockbain,GL van Buuren,AL Hughes,1,0,,,,,,,,,
1167256,2019,2019-09-07,County Ground,1,15.3,Gloucestershire,Derbyshire,GL van Buuren,IA Cockbain,AL Hughes,1,0,,,,,,,,,
1167256,2019,2019-09-07,County Ground,1,15.4,Gloucestershire,Derbyshire,IA Cockbain,GL van Buuren,AL Hughes,1,0,,,,,,,,,
1167256,2019,2019-09-07,County Ground,1,15.5,Gloucestershire,Derbyshire,GL van Buuren,IA Cockbain,AL Hughes,0,0,,,,,,,,,
1167256,2019,2019-09-07,County Ground,1,15.6,Gloucestershire,Derbyshire,GL van Buuren,IA Cockbain,AL Hughes,1,0,,,,,,,,,
1167256,2019,2019-09-07,County Ground,1,16.1,Gloucestershire,Derbyshire,GL van Buuren,IA Cockbain,FJ Hudson-Prentice,1,0,,,,,,,,,
1167256,2019,2019-09-07,County Ground,1,16.2,Gloucestershire,Derbyshire,IA Cockbain,GL van Buuren,FJ Hudson-Prentice,1,0,,,,,,,,,
1167256,2019,2019-09-07,County Ground,1,16.3,Gloucestershire,Derbyshire,GL van Buuren,IA Cockbain,FJ Hudson-Prentice,1,0,,,,,,,,,
1167256,2019,2019-09-07,County Ground,1,16.4,Gloucestershire,Derbyshire,IA Cockbain,GL van Buuren,FJ Hudson-Prentice,1,0,,,,,,,,,
1167256,2019,2019-09-07,County Ground,1,16.5,Gloucestershire,Derbyshire,GL van Buuren,IA Cockbain,FJ Hudson-Prentice,0,0,,,,,,caught,GL van Buuren,,
1167256,2019,2019-09-07,County Ground,1,16.6,Gloucestershire,Derbyshire,IA Cockbain,AJ Tye,FJ Hudson-Prentice,1,0,,,,,,,,,
1167256,2019,2019-09-07,County Ground,1,17.1,Gloucestershire,Derbyshire,IA Cockbain,AJ Tye,R Rampaul,4,0,,,,,,,,,
1167256,2019,2019-09-07,County Ground,1,17.2,Gloucestershire,Derbyshire,IA Cockbain,AJ Tye,R Rampaul,0,0,,,,,,,,,
1167256,2019,2019-09-07,County Ground,1,17.3,Gloucestershire,Derbyshire,IA Cockbain,AJ Tye,R Rampaul,1,0,,,,,,,,,
1167256,2019,2019-09-07,County Ground,1,17.4,Gloucestershire,Derbyshire,AJ Tye,IA Cockbain,R Rampaul,1,0,,,,,,,,,
1167256,2019,2019-09-07,County Ground,1,17.5,Gloucestershire,Derbyshire,IA Cockbain,AJ Tye,R Rampaul,1,0,,,,,,,,,
1167256,2019,2019-09-07,County Ground,1,17.6,Gloucestershire,Derbyshire,AJ Tye,IA Cockbain,R Rampaul,0,1,,,,1,,,,,
1167256,2019,2019-09-07,County Ground,1,18.1,Gloucestershire,Derbyshire,AJ Tye,IA Cockbain,FJ Hudson-Prentice,1,0,,,,,,,,,
1167256,2019,2019-09-07,County Ground,1,18.2,Gloucestershire,Derbyshire,IA Cockbain,AJ Tye,FJ Hudson-Prentice,0,0,,,,,,,,,
1167256,2019,2019-09-07,County Ground,1,18.3,Gloucestershire,Derbyshire,IA Cockbain,AJ Tye,FJ Hudson-Prentice,6,0,,,,,,,,,
1167256,2019,2019-09-07,County Ground,1,18.4,Gloucestershire,Derbyshire,IA Cockbain,AJ Tye,FJ Hudson-Prentice,1,0,,,,,,,,,
1167256,2019,2019-09-07,County Ground,1,18.5,Gloucestershire,Derbyshire,AJ Tye,IA Cockbain,FJ Hudson-Prentice,0,0,,,,,,,,,
1167256,2019,2019-09-07,County Ground,1,18.6,Gloucestershire,Derbyshire,AJ Tye,IA Cockbain,FJ Hudson-Prentice,1,0,,,,,,,,,
1167256,2019,2019-09-07,County Ground,1,19.1,Gloucestershire,Derbyshire,AJ Tye,IA Cockbain,R Rampaul,2,0,,,,,,,,,
1167256,2019,2019-09-07,County Ground,1,19.2,Gloucestershire,Derbyshire,AJ Tye,IA Cockbain,R Rampaul,1,0,,,,,,,,,
1167256,2019,2019-09-07,County Ground,1,19.3,Gloucestershire,Derbyshire,IA Cockbain,AJ Tye,R Rampaul,1,0,,,,,,,,,
1167256,2019,2019-09-07,County Ground,1,19.4,Gloucestershire,Derbyshire,AJ Tye,IA Cockbain,R Rampaul,0,0,,,,,,lbw,AJ Tye,,
1167256,2019,2019-09-07,County Ground,1,19.5,Gloucestershire,Derbyshire,TMJ Smith,IA Cockbain,R Rampaul,1,0,,,,,,,,,
1167256,2019,2019-09-07,County Ground,1,19.6,Gloucestershire,Derbyshire,IA Cockbain,TMJ Smith,R Rampaul,0,0,,,,,,,,,
1167256,2019,2019-09-07,County Ground,2,0.1,Derbyshire,Gloucestershire,LM Reece,BA Godleman,DA Payne,0,0,,,,,,,,,
1167256,2019,2019-09-07,County Ground,2,0.2,Derbyshire,Gloucestershire,LM Reece,BA Godleman,DA Payne,0,0,,,,,,,,,
1167256,2019,2019-09-07,County Ground,2,0.3,Derbyshire,Gloucestershire,LM Reece,BA Godleman,DA Payne,1,0,,,,,,,,,
1167256,2019,2019-09-07,County Ground,2,0.4,Derbyshire,Gloucestershire,BA Godleman,LM Reece,DA Payne,4,0,,,,,,,,,
1167256,2019,2019-09-07,County Ground,2,0.5,Derbyshire,Gloucestershire,BA Godleman,LM Reece,DA Payne,0,0,,,,,,,,,
1167256,2019,2019-09-07,County Ground,2,0.6,Derbyshire,Gloucestershire,BA Godleman,LM Reece,DA Payne,1,0,,,,,,,,,
1167256,2019,2019-09-07,County Ground,2,1.1,Derbyshire,Gloucestershire,BA Godleman,LM Reece,AJ Tye,0,0,,,,,,,,,
1167256,2019,2019-09-07,County Ground,2,1.2,Derbyshire,Gloucestershire,BA Godleman,LM Reece,AJ Tye,4,0,,,,,,,,,
1167256,2019,2019-09-07,County Ground,2,1.3,Derbyshire,Gloucestershire,BA Godleman,LM Reece,AJ Tye,0,6,,2,4,,,,,,
1167256,2019,2019-09-07,County Ground,2,1.4,Derbyshire,Gloucestershire,BA Godleman,LM Reece,AJ Tye,0,0,,,,,,,,,
1167256,2019,2019-09-07,County Ground,2,1.5,Derbyshire,Gloucestershire,BA Godleman,LM Reece,AJ Tye,0,2,2,,,,,,,,
1167256,2019,2019-09-07,County Ground,2,1.6,Derbyshire,Gloucestershire,LM Reece,BA Godleman,AJ Tye,0,0,,,,,,,,,
1167256,2019,2019-09-07,County Ground,2,1.7,Derbyshire,Gloucestershire,LM Reece,BA Godleman,AJ Tye,6,0,,,,,,,,,
1167256,2019,2019-09-07,County Ground,2,1.8,Derbyshire,Gloucestershire,LM Reece,BA Godleman,AJ Tye,1,0,,,,,,,,,
1167256,2019,2019-09-07,County Ground,2,2.1,Derbyshire,Gloucestershire,LM Reece,BA Godleman,DA Payne,4,0,,,,,,,,,
1167256,2019,2019-09-07,County Ground,2,2.2,Derbyshire,Gloucestershire,LM Reece,BA Godleman,DA Payne,0,0,,,,,,,,,
1167256,2019,2019-09-07,County Ground,2,2.3,Derbyshire,Gloucestershire,LM Reece,BA Godleman,DA Payne,1,0,,,,,,,,,
1167256,2019,2019-09-07,County Ground,2,2.4,Derbyshire,Gloucestershire,BA Godleman,LM Reece,DA Payne,4,0,,,,,,,,,
1167256,2019,2019-09-07,County Ground,2,2.5,Derbyshire,Gloucestershire,BA Godleman,LM Reece,DA Payne,4,0,,,,,,,,,
1167256,2019,2019-09-07,County Ground,2,2.6,Derbyshire,Gloucestershire,BA Godleman,LM Reece,DA Payne,1,0,,,,,,,,,
1167256,2019,2019-09-07,County Ground,2,3.1,Derbyshire,Gloucestershire,BA Godleman,LM Reece,CJ Liddle,1,0,,,,,,,,,
1167256,2019,2019-09-07,County Ground,2,3.2,Derbyshire,Gloucestershire,LM Reece,BA Godleman,CJ Liddle,1,0,,,,,,,,,
1167256,2019,2019-09-07,County Ground,2,3.3,Derbyshire,Gloucestershire,BA Godleman,LM Reece,CJ Liddle,0,0,,,,,,,,,
1167256,2019,2019-09-07,County Ground,2,3.4,Derbyshire,Gloucestershire,BA Godleman,LM Reece,CJ Liddle,1,0,,,,,,,,,
1167256,2019,2019-09-07,County Ground,2,3.5,Derbyshire,Gloucestershire,LM Reece,BA Godleman,CJ Liddle,0,1,1,,,,,,,,
1167256,2019,2019-09-07,County Ground,2,3.6,Derbyshire,Gloucestershire,LM Reece,BA Godleman,CJ Liddle,1,0,,,,,,,,,
1167256,2019,2019-09-07,County Ground,2,3.7,Derbyshire,Gloucestershire,BA Godleman,LM Reece,CJ Liddle,0,0,,,,,,,,,
1167256,2019,2019-09-07,County Ground,2,4.1,Derbyshire,Gloucestershire,LM Reece,BA Godleman,AJ Tye,0,0,,,,,,,,,
1167256,2019,2019-09-07,County Ground,2,4.2,Derbyshire,Gloucestershire,LM Reece,BA Godleman,AJ Tye,0,0,,,,,,,,,
1167256,2019,2019-09-07,County Ground,2,4.3,Derbyshire,Gloucestershire,LM Reece,BA Godleman,AJ Tye,0,0,,,,,,,,,
1167256,2019,2019-09-07,County Ground,2,4.4,Derbyshire,Gloucestershire,LM Reece,BA Godleman,AJ Tye,0,0,,,,,,bowled,LM Reece,,
1167256,2019,2019-09-07,County Ground,2,4.5,Derbyshire,Gloucestershire,WL Madsen,BA Godleman,AJ Tye,0,0,,,,,,,,,
1167256,2019,2019-09-07,County Ground,2,4.6,Derbyshire,Gloucestershire,WL Madsen,BA Godleman,AJ Tye,4,0,,,,,,,,,
1167256,2019,2019-09-07,County Ground,2,5.1,Derbyshire,Gloucestershire,BA Godleman,WL Madsen,CJ Liddle,0,0,,,,,,,,,
1167256,2019,2019-09-07,County Ground,2,5.2,Derbyshire,Gloucestershire,BA Godleman,WL Madsen,CJ Liddle,0,1,1,,,,,,,,
1167256,2019,2019-09-07,County Ground,2,5.3,Derbyshire,Gloucestershire,BA Godleman,WL Madsen,CJ Liddle,1,0,,,,,,,,,
1167256,2019,2019-09-07,County Ground,2,5.4,Derbyshire,Gloucestershire,WL Madsen,BA Godleman,CJ Liddle,1,0,,,,,,,,,
1167256,2019,2019-09-07,County Ground,2,5.5,Derbyshire,Gloucestershire,BA Godleman,WL Madsen,CJ Liddle,4,0,,,,,,,,,
1167256,2019,2019-09-07,County Ground,2,5.6,Derbyshire,Gloucestershire,BA Godleman,WL Madsen,CJ Liddle,0,0,,,,,,caught,BA Godleman,,
1167256,2019,2019-09-07,County Ground,2,5.7,Derbyshire,Gloucestershire,WL Madsen,JL du Plooy,CJ Liddle,1,0,,,,,,,,,
1167256,2019,2019-09-07,County Ground,2,6.1,Derbyshire,Gloucestershire,WL Madsen,JL du Plooy,RF Higgins,1,0,,,,,,,,,
1167256,2019,2019-09-07,County Ground,2,6.2,Derbyshire,Gloucestershire,JL du Plooy,WL Madsen,RF Higgins,1,0,,,,,,,,,
1167256,2019,2019-09-07,County Ground,2,6.3,Derbyshire,Gloucestershire,WL Madsen,JL du Plooy,RF Higgins,1,0,,,,,,,,,
1167256,2019,2019-09-07,County Ground,2,6.4,Derbyshire,Gloucestershire,JL du Plooy,WL Madsen,RF Higgins,0,0,,,,,,,,,
1167256,2019,2019-09-07,County Ground,2,6.5,Derbyshire,Gloucestershire,JL du Plooy,WL Madsen,RF Higgins,0,1,1,,,,,,,,
1167256,2019,2019-09-07,County Ground,2,6.6,Derbyshire,Gloucestershire,JL du Plooy,WL Madsen,RF Higgins,0,0,,,,,,,,,
1167256,2019,2019-09-07,County Ground,2,6.7,Derbyshire,Gloucestershire,JL du Plooy,WL Madsen,RF Higgins,2,0,,,,,,,,,
1167256,2019,2019-09-07,County Ground,2,7.1,Derbyshire,Gloucestershire,WL Madsen,JL du Plooy,TMJ Smith,0,0,,,,,,,,,
1167256,2019,2019-09-07,County Ground,2,7.2,Derbyshire,Gloucestershire,WL Madsen,JL du Plooy,TMJ Smith,1,0,,,,,,,,,
1167256,2019,2019-09-07,County Ground,2,7.3,Derbyshire,Gloucestershire,JL du Plooy,WL Madsen,TMJ Smith,1,0,,,,,,,,,
1167256,2019,2019-09-07,County Ground,2,7.4,Derbyshire,Gloucestershire,WL Madsen,JL du Plooy,TMJ Smith,4,0,,,,,,,,,
1167256,2019,2019-09-07,County Ground,2,7.5,Derbyshire,Gloucestershire,WL Madsen,JL du Plooy,TMJ Smith,1,0,,,,,,,,,
1167256,2019,2019-09-07,County Ground,2,7.6,Derbyshire,Gloucestershire,JL du Plooy,WL Madsen,TMJ Smith,1,0,,,,,,,,,
1167256,2019,2019-09-07,County Ground,2,8.1,Derbyshire,Gloucestershire,JL du Plooy,WL Madsen,RF Higgins,1,0,,,,,,,,,
1167256,2019,2019-09-07,County Ground,2,8.2,Derbyshire,Gloucestershire,WL Madsen,JL du Plooy,RF Higgins,1,0,,,,,,,,,
1167256,2019,2019-09-07,County Ground,2,8.3,Derbyshire,Gloucestershire,JL du Plooy,WL Madsen,RF Higgins,1,0,,,,,,,,,
1167256,2019,2019-09-07,County Ground,2,8.4,Derbyshire,Gloucestershire,WL Madsen,JL du Plooy,RF Higgins,1,0,,,,,,,,,
1167256,2019,2019-09-07,County Ground,2,8.5,Derbyshire,Gloucestershire,JL du Plooy,WL Madsen,RF Higgins,1,0,,,,,,,,,
1167256,2019,2019-09-07,County Ground,2,8.6,Derbyshire,Gloucestershire,WL Madsen,JL du Plooy,RF Higgins,1,0,,,,,,,,,
1167256,2019,2019-09-07,County Ground,2,9.1,Derbyshire,Gloucestershire,WL Madsen,JL du Plooy,TMJ Smith,2,0,,,,,,,,,
1167256,2019,2019-09-07,County Ground,2,9.2,Derbyshire,Gloucestershire,WL Madsen,JL du Plooy,TMJ Smith,1,0,,,,,,,,,
1167256,2019,2019-09-07,County Ground,2,9.3,Derbyshire,Gloucestershire,JL du Plooy,WL Madsen,TMJ Smith,1,0,,,,,,,,,
1167256,2019,2019-09-07,County Ground,2,9.4,Derbyshire,Gloucestershire,WL Madsen,JL du Plooy,TMJ Smith,1,0,,,,,,,,,
1167256,2019,2019-09-07,County Ground,2,9.5,Derbyshire,Gloucestershire,JL du Plooy,WL Madsen,TMJ Smith,0,0,,,,,,,,,
1167256,2019,2019-09-07,County Ground,2,9.6,Derbyshire,Gloucestershire,JL du Plooy,WL Madsen,TMJ Smith,1,0,,,,,,,,,
1167256,2019,2019-09-07,County Ground,2,10.1,Derbyshire,Gloucestershire,JL du Plooy,WL Madsen,GL van Buuren,1,0,,,,,,,,,
1167256,2019,2019-09-07,County Ground,2,10.2,Derbyshire,Gloucestershire,WL Madsen,JL du Plooy,GL van Buuren,2,0,,,,,,,,,
1167256,2019,2019-09-07,County Ground,2,10.3,Derbyshire,Gloucestershire,WL Madsen,JL du Plooy,GL van Buuren,4,0,,,,,,,,,
1167256,2019,2019-09-07,County Ground,2,10.4,Derbyshire,Gloucestershire,WL Madsen,JL du Plooy,GL van Buuren,1,0,,,,,,,,,
1167256,2019,2019-09-07,County Ground,2,10.5,Derbyshire,Gloucestershire,JL du Plooy,WL Madsen,GL van Buuren,1,0,,,,,,,,,
1167256,2019,2019-09-07,County Ground,2,10.6,Derbyshire,Gloucestershire,WL Madsen,JL du Plooy,GL van Buuren,1,0,,,,,,,,,
1167256,2019,2019-09-07,County Ground,2,11.1,Derbyshire,Gloucestershire,WL Madsen,JL du Plooy,AJ Tye,0,0,,,,,,,,,
1167256,2019,2019-09-07,County Ground,2,11.2,Derbyshire,Gloucestershire,WL Madsen,JL du Plooy,AJ Tye,2,0,,,,,,,,,
1167256,2019,2019-09-07,County Ground,2,11.3,Derbyshire,Gloucestershire,WL Madsen,JL du Plooy,AJ Tye,0,0,,,,,,,,,
1167256,2019,2019-09-07,County Ground,2,11.4,Derbyshire,Gloucestershire,WL Madsen,JL du Plooy,AJ Tye,1,0,,,,,,,,,
1167256,2019,2019-09-07,County Ground,2,11.5,Derbyshire,Gloucestershire,JL du Plooy,WL Madsen,AJ Tye,1,0,,,,,,,,,
1167256,2019,2019-09-07,County Ground,2,11.6,Derbyshire,Gloucestershire,WL Madsen,JL du Plooy,AJ Tye,4,0,,,,,,,,,
1167256,2019,2019-09-07,County Ground,2,12.1,Derbyshire,Gloucestershire,JL du Plooy,WL Madsen,RF Higgins,1,0,,,,,,,,,
1167256,2019,2019-09-07,County Ground,2,12.2,Derbyshire,Gloucestershire,WL Madsen,JL du Plooy,RF Higgins,1,0,,,,,,,,,
1167256,2019,2019-09-07,County Ground,2,12.3,Derbyshire,Gloucestershire,JL du Plooy,WL Madsen,RF Higgins,0,0,,,,,,,,,
1167256,2019,2019-09-07,County Ground,2,12.4,Derbyshire,Gloucestershire,JL du Plooy,WL Madsen,RF Higgins,4,0,,,,,,,,,
1167256,2019,2019-09-07,County Ground,2,12.5,Derbyshire,Gloucestershire,JL du Plooy,WL Madsen,RF Higgins,1,0,,,,,,,,,
1167256,2019,2019-09-07,County Ground,2,12.6,Derbyshire,Gloucestershire,WL Madsen,JL du Plooy,RF Higgins,1,0,,,,,,,,,
1167256,2019,2019-09-07,County Ground,2,13.1,Derbyshire,Gloucestershire,WL Madsen,JL du Plooy,CJ Liddle,1,0,,,,,,,,,
1167256,2019,2019-09-07,County Ground,2,13.2,Derbyshire,Gloucestershire,JL du Plooy,WL Madsen,CJ Liddle,1,0,,,,,,,,,
1167256,2019,2019-09-07,County Ground,2,13.3,Derbyshire,Gloucestershire,WL Madsen,JL du Plooy,CJ Liddle,4,0,,,,,,,,,
1167256,2019,2019-09-07,County Ground,2,13.4,Derbyshire,Gloucestershire,WL Madsen,JL du Plooy,CJ Liddle,0,0,,,,,,,,,
1167256,2019,2019-09-07,County Ground,2,13.5,Derbyshire,Gloucestershire,WL Madsen,JL du Plooy,CJ Liddle,1,0,,,,,,,,,
1167256,2019,2019-09-07,County Ground,2,13.6,Derbyshire,Gloucestershire,JL du Plooy,WL Madsen,CJ Liddle,0,0,,,,,,,,,
1167256,2019,2019-09-07,County Ground,2,14.1,Derbyshire,Gloucestershire,WL Madsen,JL du Plooy,DA Payne,1,0,,,,,,,,,
1167256,2019,2019-09-07,County Ground,2,14.2,Derbyshire,Gloucestershire,JL du Plooy,WL Madsen,DA Payne,4,0,,,,,,,,,
1167256,2019,2019-09-07,County Ground,2,14.3,Derbyshire,Gloucestershire,JL du Plooy,WL Madsen,DA Payne,0,0,,,,,,,,,
1167256,2019,2019-09-07,County Ground,2,14.4,Derbyshire,Gloucestershire,JL du Plooy,WL Madsen,DA Payne,0,0,,,,,,,,,
1167256,2019,2019-09-07,County Ground,2,14.5,Derbyshire,Gloucestershire,JL du Plooy,WL Madsen,DA Payne,1,0,,,,,,,,,
1167256,2019,2019-09-07,County Ground,2,14.6,Derbyshire,Gloucestershire,WL Madsen,JL du Plooy,DA Payne,0,0,,,,,,,,,
1167256,2019,2019-09-07,County Ground,2,15.1,Derbyshire,Gloucestershire,JL du Plooy,WL Madsen,TMJ Smith,1,0,,,,,,,,,
1167256,2019,2019-09-07,County Ground,2,15.2,Derbyshire,Gloucestershire,WL Madsen,JL du Plooy,TMJ Smith,1,0,,,,,,,,,
1167256,2019,2019-09-07,County Ground,2,15.3,Derbyshire,Gloucestershire,JL du Plooy,WL Madsen,TMJ Smith,1,0,,,,,,,,,
1167256,2019,2019-09-07,County Ground,2,15.4,Derbyshire,Gloucestershire,WL Madsen,JL du Plooy,TMJ Smith,1,0,,,,,,,,,
1167256,2019,2019-09-07,County Ground,2,15.5,Derbyshire,Gloucestershire,JL du Plooy,WL Madsen,TMJ Smith,1,0,,,,,,,,,
1167256,2019,2019-09-07,County Ground,2,15.6,Derbyshire,Gloucestershire,WL Madsen,JL du Plooy,TMJ Smith,0,0,,,,,,,,,
1167256,2019,2019-09-07,County Ground,2,16.1,Derbyshire,Gloucestershire,JL du Plooy,WL Madsen,AJ Tye,1,0,,,,,,,,,
1167256,2019,2019-09-07,County Ground,2,16.2,Derbyshire,Gloucestershire,WL Madsen,JL du Plooy,AJ Tye,0,0,,,,,,caught,WL Madsen,,
1167256,2019,2019-09-07,County Ground,2,16.3,Derbyshire,Gloucestershire,AL Hughes,JL du Plooy,AJ Tye,0,0,,,,,,,,,
1167256,2019,2019-09-07,County Ground,2,16.4,Derbyshire,Gloucestershire,AL Hughes,JL du Plooy,AJ Tye,1,0,,,,,,,,,
1167256,2019,2019-09-07,County Ground,2,16.5,Derbyshire,Gloucestershire,JL du Plooy,AL Hughes,AJ Tye,0,2,,2,,,,,,,
1167256,2019,2019-09-07,County Ground,2,16.6,Derbyshire,Gloucestershire,JL du Plooy,AL Hughes,AJ Tye,0,2,,2,,,,,,,
1167256,2019,2019-09-07,County Ground,2,16.7,Derbyshire,Gloucestershire,JL du Plooy,AL Hughes,AJ Tye,0,0,,,,,,,,,
1167256,2019,2019-09-07,County Ground,2,16.8,Derbyshire,Gloucestershire,JL du Plooy,AL Hughes,AJ Tye,0,0,,,,,,,,,
1167256,2019,2019-09-07,County Ground,2,17.1,Derbyshire,Gloucestershire,AL Hughes,JL du Plooy,CJ Liddle,0,1,1,,,,,,,,
1167256,2019,2019-09-07,County Ground,2,17.2,Derbyshire,Gloucestershire,AL Hughes,JL du Plooy,CJ Liddle,4,0,,,,,,,,,
