version,2.1.0
info,balls_per_over,6
info,team,Gloucestershire
info,team,Hampshire
info,gender,male
info,season,2019
info,date,2019/08/13
info,event,Vitality Blast
info,venue,County Ground
info,city,Bristol
info,toss_winner,Hampshire
info,toss_decision,bat
info,player_of_match,James Bracey
info,umpire,M Burns
info,umpire,DJ Millns
info,tv_umpire,MJ Saggers
info,winner,Gloucestershire
info,winner_wickets,7
info,player,Hampshire,AHT Donald
info,player,Hampshire,JM Vince
info,player,Hampshire,SA Northeast
info,player,Hampshire,LA Dawson
info,player,Hampshire,CH Morris
info,player,Hampshire,JK Fuller
info,player,Hampshire,LD McManus
info,player,Hampshire,IG Holland
info,player,Hampshire,RA Stevenson
info,player,Hampshire,CP Wood
info,player,Hampshire,KJ Abbott
info,player,Gloucestershire,Miles Hammond
info,player,Gloucestershire,M Klinger
info,player,Gloucestershire,James Bracey
info,player,Gloucestershire,IA Cockbain
info,player,Gloucestershire,RF Higgins
info,player,Gloucestershire,JMR Taylor
info,player,Gloucestershire,TMJ Smith
info,player,Gloucestershire,ZJ Chappell
info,player,Gloucestershire,AJ Tye
info,player,Gloucestershire,DA Payne
info,player,Gloucestershire,CJ Liddle
info,registry,people,AHT Donald,72918338
info,registry,people,AJ Tye,7c7d63a2
info,registry,people,CH Morris,fb66ce1f
info,registry,people,CJ Liddle,5b3acc53
info,registry,people,CP Wood,1cfac535
info,registry,people,DA Payne,6c79c098
info,registry,people,DJ Millns,46ecfe40
info,registry,people,IA Cockbain,542fd5a6
info,registry,people,IG Holland,4167f30b
info,registry,people,JK Fuller,dda5aae5
info,registry,people,JM Vince,a15618fe
info,registry,people,JMR Taylor,aed5be04
info,registry,people,James Bracey,5bfdc77a
info,registry,people,KJ Abbott,a9da7784
info,registry,people,LA Dawson,4a461c24
info,registry,people,LD McManus,6feb46a4
info,registry,people,M Burns,b3bd0666
info,registry,people,M Klinger,b970a03f
info,registry,people,MJ Saggers,402d5937
info,registry,people,Miles Hammond,c88bc84a
info,registry,people,RA Stevenson,978bd738
info,registry,people,RF Higgins,ad212f96
info,registry,people,SA Northeast,7e4c8ba3
info,registry,people,TMJ Smith,0a12e736
info,registry,people,ZJ Chappell,fe5b4367
