match_id,season,start_date,venue,innings,ball,batting_team,bowling_team,striker,non_striker,bowler,runs_off_bat,extras,wides,noballs,byes,legbyes,penalty,wicket_type,player_dismissed,other_wicket_type,other_player_dismissed
1167188,2019,2019-08-07,Grace Road,1,0.1,Leicestershire,Birmingham Bears,MJ Cosgrove,HJ Swindells,HJH Brookes,4,0,,,,,,,,,
1167188,2019,2019-08-07,Grace Road,1,0.2,Leicestershire,Birmingham Bears,MJ Cosgrove,HJ Swindells,HJH Brookes,0,0,,,,,,,,,
1167188,2019,2019-08-07,Grace Road,1,0.3,Leicestershire,Birmingham Bears,MJ Cosgrove,HJ Swindells,HJH Brookes,1,0,,,,,,,,,
1167188,2019,2019-08-07,Grace Road,1,0.4,Leicestershire,Birmingham Bears,HJ Swindells,MJ Cosgrove,HJH Brookes,4,0,,,,,,,,,
1167188,2019,2019-08-07,Grace Road,1,0.5,Leicestershire,Birmingham Bears,HJ Swindells,MJ Cosgrove,HJH Brookes,0,0,,,,,,,,,
1167188,2019,2019-08-07,Grace Road,1,0.6,Leicestershire,Birmingham Bears,HJ Swindells,MJ Cosgrove,HJH Brookes,0,0,,,,,,,,,
1167188,2019,2019-08-07,Grace Road,1,1.1,Leicestershire,Birmingham Bears,MJ Cosgrove,HJ Swindells,FH Edwards,0,0,,,,,,,,,
1167188,2019,2019-08-07,Grace Road,1,1.2,Leicestershire,Birmingham Bears,MJ Cosgrove,HJ Swindells,FH Edwards,0,0,,,,,,,,,
1167188,2019,2019-08-07,Grace Road,1,1.3,Leicestershire,Birmingham Bears,MJ Cosgrove,HJ Swindells,FH Edwards,0,0,,,,,,,,,
1167188,2019,2019-08-07,Grace Road,1,1.4,Leicestershire,Birmingham Bears,MJ Cosgrove,HJ Swindells,FH Edwards,1,0,,,,,,,,,
1167188,2019,2019-08-07,Grace Road,1,1.5,Leicestershire,Birmingham Bears,HJ Swindells,MJ Cosgrove,FH Edwards,1,0,,,,,,,,,
1167188,2019,2019-08-07,Grace Road,1,1.6,Leicestershire,Birmingham Bears,MJ Cosgrove,HJ Swindells,FH Edwards,1,0,,,,,,,,,
1167188,2019,2019-08-07,Grace Road,1,2.1,Leicestershire,Birmingham Bears,MJ Cosgrove,HJ Swindells,JC Wainman,0,0,,,,,,,,,
1167188,2019,2019-08-07,Grace Road,1,2.2,Leicestershire,Birmingham Bears,MJ Cosgrove,HJ Swindells,JC Wainman,0,1,1,,,,,,,,
1167188,2019,2019-08-07,Grace Road,1,2.3,Leicestershire,Birmingham Bears,MJ Cosgrove,HJ Swindells,JC Wainman,0,1,1,,,,,,,,
1167188,2019,2019-08-07,Grace Road,1,2.4,Leicestershire,Birmingham Bears,MJ Cosgrove,HJ Swindells,JC Wainman,1,0,,,,,,,,,
1167188,2019,2019-08-07,Grace Road,1,2.5,Leicestershire,Birmingham Bears,HJ Swindells,MJ Cosgrove,JC Wainman,0,0,,,,,,,,,
1167188,2019,2019-08-07,Grace Road,1,2.6,Leicestershire,Birmingham Bears,HJ Swindells,MJ Cosgrove,JC Wainman,4,0,,,,,,,,,
1167188,2019,2019-08-07,Grace Road,1,2.7,Leicestershire,Birmingham Bears,HJ Swindells,MJ Cosgrove,JC Wainman,0,0,,,,,,,,,
1167188,2019,2019-08-07,Grace Road,1,2.8,Leicestershire,Birmingham Bears,HJ Swindells,MJ Cosgrove,JC Wainman,4,0,,,,,,,,,
1167188,2019,2019-08-07,Grace Road,1,3.1,Leicestershire,Birmingham Bears,MJ Cosgrove,HJ Swindells,FH Edwards,4,0,,,,,,,,,
1167188,2019,2019-08-07,Grace Road,1,3.2,Leicestershire,Birmingham Bears,MJ Cosgrove,HJ Swindells,FH Edwards,4,0,,,,,,,,,
1167188,2019,2019-08-07,Grace Road,1,3.3,Leicestershire,Birmingham Bears,MJ Cosgrove,HJ Swindells,FH Edwards,0,0,,,,,,,,,
1167188,2019,2019-08-07,Grace Road,1,3.4,Leicestershire,Birmingham Bears,MJ Cosgrove,HJ Swindells,FH Edwards,0,1,,,,1,,,,,
1167188,2019,2019-08-07,Grace Road,1,3.5,Leicestershire,Birmingham Bears,HJ Swindells,MJ Cosgrove,FH Edwards,1,0,,,,,,,,,
1167188,2019,2019-08-07,Grace Road,1,3.6,Leicestershire,Birmingham Bears,MJ Cosgrove,HJ Swindells,FH Edwards,4,0,,,,,,,,,
1167188,2019,2019-08-07,Grace Road,1,4.1,Leicestershire,Birmingham Bears,HJ Swindells,MJ Cosgrove,AT Thomson,0,0,,,,,,,,,
1167188,2019,2019-08-07,Grace Road,1,4.2,Leicestershire,Birmingham Bears,HJ Swindells,MJ Cosgrove,AT Thomson,2,0,,,,,,,,,
1167188,2019,2019-08-07,Grace Road,1,4.3,Leicestershire,Birmingham Bears,HJ Swindells,MJ Cosgrove,AT Thomson,1,0,,,,,,,,,
1167188,2019,2019-08-07,Grace Road,1,4.4,Leicestershire,Birmingham Bears,MJ Cosgrove,HJ Swindells,AT Thomson,0,0,,,,,,,,,
1167188,2019,2019-08-07,Grace Road,1,4.5,Leicestershire,Birmingham Bears,MJ Cosgrove,HJ Swindells,AT Thomson,0,0,,,,,,caught,MJ Cosgrove,,
1167188,2019,2019-08-07,Grace Road,1,4.6,Leicestershire,Birmingham Bears,HJ Swindells,AM Lilley,AT Thomson,1,0,,,,,,,,,
1167188,2019,2019-08-07,Grace Road,1,5.1,Leicestershire,Birmingham Bears,HJ Swindells,AM Lilley,HJH Brookes,0,0,,,,,,,,,
1167188,2019,2019-08-07,Grace Road,1,5.2,Leicestershire,Birmingham Bears,HJ Swindells,AM Lilley,HJH Brookes,4,0,,,,,,,,,
1167188,2019,2019-08-07,Grace Road,1,5.3,Leicestershire,Birmingham Bears,HJ Swindells,AM Lilley,HJH Brookes,0,0,,,,,,,,,
1167188,2019,2019-08-07,Grace Road,1,5.4,Leicestershire,Birmingham Bears,HJ Swindells,AM Lilley,HJH Brookes,4,0,,,,,,,,,
1167188,2019,2019-08-07,Grace Road,1,5.5,Leicestershire,Birmingham Bears,HJ Swindells,AM Lilley,HJH Brookes,1,0,,,,,,,,,
1167188,2019,2019-08-07,Grace Road,1,5.6,Leicestershire,Birmingham Bears,AM Lilley,HJ Swindells,HJH Brookes,0,0,,,,,,,,,
1167188,2019,2019-08-07,Grace Road,1,6.1,Leicestershire,Birmingham Bears,HJ Swindells,AM Lilley,AT Thomson,2,0,,,,,,,,,
1167188,2019,2019-08-07,Grace Road,1,6.2,Leicestershire,Birmingham Bears,HJ Swindells,AM Lilley,AT Thomson,2,0,,,,,,,,,
1167188,2019,2019-08-07,Grace Road,1,6.3,Leicestershire,Birmingham Bears,HJ Swindells,AM Lilley,AT Thomson,1,0,,,,,,,,,
1167188,2019,2019-08-07,Grace Road,1,6.4,Leicestershire,Birmingham Bears,AM Lilley,HJ Swindells,AT Thomson,0,0,,,,,,,,,
1167188,2019,2019-08-07,Grace Road,1,6.5,Leicestershire,Birmingham Bears,AM Lilley,HJ Swindells,AT Thomson,4,0,,,,,,,,,
1167188,2019,2019-08-07,Grace Road,1,6.6,Leicestershire,Birmingham Bears,AM Lilley,HJ Swindells,AT Thomson,0,0,,,,,,,,,
1167188,2019,2019-08-07,Grace Road,1,7.1,Leicestershire,Birmingham Bears,HJ Swindells,AM Lilley,JC Wainman,0,1,1,,,,,,,,
1167188,2019,2019-08-07,Grace Road,1,7.2,Leicestershire,Birmingham Bears,HJ Swindells,AM Lilley,JC Wainman,4,0,,,,,,,,,
1167188,2019,2019-08-07,Grace Road,1,7.3,Leicestershire,Birmingham Bears,HJ Swindells,AM Lilley,JC Wainman,0,0,,,,,,,,,
1167188,2019,2019-08-07,Grace Road,1,7.4,Leicestershire,Birmingham Bears,HJ Swindells,AM Lilley,JC Wainman,0,1,,,1,,,,,,
1167188,2019,2019-08-07,Grace Road,1,7.5,Leicestershire,Birmingham Bears,AM Lilley,HJ Swindells,JC Wainman,1,0,,,,,,,,,
1167188,2019,2019-08-07,Grace Road,1,7.6,Leicestershire,Birmingham Bears,HJ Swindells,AM Lilley,JC Wainman,1,0,,,,,,,,,
1167188,2019,2019-08-07,Grace Road,1,7.7,Leicestershire,Birmingham Bears,AM Lilley,HJ Swindells,JC Wainman,1,0,,,,,,,,,
1167188,2019,2019-08-07,Grace Road,1,8.1,Leicestershire,Birmingham Bears,AM Lilley,HJ Swindells,WMH Rhodes,1,0,,,,,,,,,
1167188,2019,2019-08-07,Grace Road,1,8.2,Leicestershire,Birmingham Bears,HJ Swindells,AM Lilley,WMH Rhodes,2,0,,,,,,,,,
1167188,2019,2019-08-07,Grace Road,1,8.3,Leicestershire,Birmingham Bears,HJ Swindells,AM Lilley,WMH Rhodes,1,0,,,,,,,,,
1167188,2019,2019-08-07,Grace Road,1,8.4,Leicestershire,Birmingham Bears,AM Lilley,HJ Swindells,WMH Rhodes,2,0,,,,,,,,,
1167188,2019,2019-08-07,Grace Road,1,8.5,Leicestershire,Birmingham Bears,AM Lilley,HJ Swindells,WMH Rhodes,1,0,,,,,,,,,
1167188,2019,2019-08-07,Grace Road,1,8.6,Leicestershire,Birmingham Bears,HJ Swindells,AM Lilley,WMH Rhodes,1,0,,,,,,,,,
1167188,2019,2019-08-07,Grace Road,1,9.1,Leicestershire,Birmingham Bears,HJ Swindells,AM Lilley,JS Patel,1,0,,,,,,,,,
1167188,2019,2019-08-07,Grace Road,1,9.2,Leicestershire,Birmingham Bears,AM Lilley,HJ Swindells,JS Patel,6,0,,,,,,,,,
1167188,2019,2019-08-07,Grace Road,1,9.3,Leicestershire,Birmingham Bears,AM Lilley,HJ Swindells,JS Patel,4,0,,,,,,,,,
1167188,2019,2019-08-07,Grace Road,1,9.4,Leicestershire,Birmingham Bears,AM Lilley,HJ Swindells,JS Patel,6,0,,,,,,,,,
1167188,2019,2019-08-07,Grace Road,1,9.5,Leicestershire,Birmingham Bears,AM Lilley,HJ Swindells,JS Patel,1,0,,,,,,,,,
1167188,2019,2019-08-07,Grace Road,1,9.6,Leicestershire,Birmingham Bears,HJ Swindells,AM Lilley,JS Patel,2,0,,,,,,,,,
1167188,2019,2019-08-07,Grace Road,1,10.1,Leicestershire,Birmingham Bears,AM Lilley,HJ Swindells,AT Thomson,1,0,,,,,,,,,
1167188,2019,2019-08-07,Grace Road,1,10.2,Leicestershire,Birmingham Bears,HJ Swindells,AM Lilley,AT Thomson,1,0,,,,,,,,,
1167188,2019,2019-08-07,Grace Road,1,10.3,Leicestershire,Birmingham Bears,AM Lilley,HJ Swindells,AT Thomson,0,0,,,,,,caught,AM Lilley,,
1167188,2019,2019-08-07,Grace Road,1,10.4,Leicestershire,Birmingham Bears,HJ Swindells,CN Ackermann,AT Thomson,1,0,,,,,,,,,
1167188,2019,2019-08-07,Grace Road,1,10.5,Leicestershire,Birmingham Bears,CN Ackermann,HJ Swindells,AT Thomson,4,0,,,,,,,,,
1167188,2019,2019-08-07,Grace Road,1,10.6,Leicestershire,Birmingham Bears,CN Ackermann,HJ Swindells,AT Thomson,0,0,,,,,,,,,
1167188,2019,2019-08-07,Grace Road,1,11.1,Leicestershire,Birmingham Bears,HJ Swindells,CN Ackermann,WMH Rhodes,1,0,,,,,,,,,
1167188,2019,2019-08-07,Grace Road,1,11.2,Leicestershire,Birmingham Bears,CN Ackermann,HJ Swindells,WMH Rhodes,0,0,,,,,,caught,CN Ackermann,,
1167188,2019,2019-08-07,Grace Road,1,11.3,Leicestershire,Birmingham Bears,LJ Hill,HJ Swindells,WMH Rhodes,1,0,,,,,,,,,
1167188,2019,2019-08-07,Grace Road,1,11.4,Leicestershire,Birmingham Bears,HJ Swindells,LJ Hill,WMH Rhodes,1,0,,,,,,,,,
1167188,2019,2019-08-07,Grace Road,1,11.5,Leicestershire,Birmingham Bears,LJ Hill,HJ Swindells,WMH Rhodes,1,0,,,,,,,,,
1167188,2019,2019-08-07,Grace Road,1,11.6,Leicestershire,Birmingham Bears,HJ Swindells,LJ Hill,WMH Rhodes,1,0,,,,,,,,,
1167188,2019,2019-08-07,Grace Road,1,12.1,Leicestershire,Birmingham Bears,HJ Swindells,LJ Hill,JS Patel,1,0,,,,,,,,,
1167188,2019,2019-08-07,Grace Road,1,12.2,Leicestershire,Birmingham Bears,LJ Hill,HJ Swindells,JS Patel,1,0,,,,,,,,,
1167188,2019,2019-08-07,Grace Road,1,12.3,Leicestershire,Birmingham Bears,HJ Swindells,LJ Hill,JS Patel,2,0,,,,,,,,,
1167188,2019,2019-08-07,Grace Road,1,12.4,Leicestershire,Birmingham Bears,HJ Swindells,LJ Hill,JS Patel,1,0,,,,,,,,,
1167188,2019,2019-08-07,Grace Road,1,12.5,Leicestershire,Birmingham Bears,LJ Hill,HJ Swindells,JS Patel,1,0,,,,,,,,,
1167188,2019,2019-08-07,Grace Road,1,12.6,Leicestershire,Birmingham Bears,HJ Swindells,LJ Hill,JS Patel,0,1,1,,,,,,,,
1167188,2019,2019-08-07,Grace Road,1,12.7,Leicestershire,Birmingham Bears,HJ Swindells,LJ Hill,JS Patel,1,0,,,,,,,,,
1167188,2019,2019-08-07,Grace Road,1,13.1,Leicestershire,Birmingham Bears,HJ Swindells,LJ Hill,WMH Rhodes,1,0,,,,,,,,,
1167188,2019,2019-08-07,Grace Road,1,13.2,Leicestershire,Birmingham Bears,LJ Hill,HJ Swindells,WMH Rhodes,2,0,,,,,,,,,
1167188,2019,2019-08-07,Grace Road,1,13.3,Leicestershire,Birmingham Bears,LJ Hill,HJ Swindells,WMH Rhodes,4,0,,,,,,,,,
1167188,2019,2019-08-07,Grace Road,1,13.4,Leicestershire,Birmingham Bears,LJ Hill,HJ Swindells,WMH Rhodes,1,0,,,,,,,,,
1167188,2019,2019-08-07,Grace Road,1,13.5,Leicestershire,Birmingham Bears,HJ Swindells,LJ Hill,WMH Rhodes,1,0,,,,,,,,,
1167188,2019,2019-08-07,Grace Road,1,13.6,Leicestershire,Birmingham Bears,LJ Hill,HJ Swindells,WMH Rhodes,0,4,,,,4,,,,,
1167188,2019,2019-08-07,Grace Road,1,14.1,Leicestershire,Birmingham Bears,HJ Swindells,LJ Hill,AT Thomson,1,0,,,,,,,,,
1167188,2019,2019-08-07,Grace Road,1,14.2,Leicestershire,Birmingham Bears,LJ Hill,HJ Swindells,AT Thomson,1,0,,,,,,,,,
1167188,2019,2019-08-07,Grace Road,1,14.3,Leicestershire,Birmingham Bears,HJ Swindells,LJ Hill,AT Thomson,1,0,,,,,,,,,
1167188,2019,2019-08-07,Grace Road,1,14.4,Leicestershire,Birmingham Bears,LJ Hill,HJ Swindells,AT Thomson,2,0,,,,,,,,,
1167188,2019,2019-08-07,Grace Road,1,14.5,Leicestershire,Birmingham Bears,LJ Hill,HJ Swindells,AT Thomson,1,0,,,,,,,,,
1167188,2019,2019-08-07,Grace Road,1,14.6,Leicestershire,Birmingham Bears,HJ Swindells,LJ Hill,AT Thomson,2,0,,,,,,,,,
1167188,2019,2019-08-07,Grace Road,1,15.1,Leicestershire,Birmingham Bears,LJ Hill,HJ Swindells,FH Edwards,6,0,,,,,,,,,
1167188,2019,2019-08-07,Grace Road,1,15.2,Leicestershire,Birmingham Bears,LJ Hill,HJ Swindells,FH Edwards,1,0,,,,,,,,,
1167188,2019,2019-08-07,Grace Road,1,15.3,Leicestershire,Birmingham Bears,HJ Swindells,LJ Hill,FH Edwards,1,0,,,,,,,,,
1167188,2019,2019-08-07,Grace Road,1,15.4,Leicestershire,Birmingham Bears,LJ Hill,HJ Swindells,FH Edwards,0,0,,,,,,,,,
1167188,2019,2019-08-07,Grace Road,1,15.5,Leicestershire,Birmingham Bears,LJ Hill,HJ Swindells,FH Edwards,2,0,,,,,,,,,
1167188,2019,2019-08-07,Grace Road,1,15.6,Leicestershire,Birmingham Bears,LJ Hill,HJ Swindells,FH Edwards,4,0,,,,,,,,,
1167188,2019,2019-08-07,Grace Road,1,16.1,Leicestershire,Birmingham Bears,HJ Swindells,LJ Hill,JS Patel,0,0,,,,,,,,,
1167188,2019,2019-08-07,Grace Road,1,16.2,Leicestershire,Birmingham Bears,HJ Swindells,LJ Hill,JS Patel,1,0,,,,,,,,,
1167188,2019,2019-08-07,Grace Road,1,16.3,Leicestershire,Birmingham Bears,LJ Hill,HJ Swindells,JS Patel,6,0,,,,,,,,,
1167188,2019,2019-08-07,Grace Road,1,16.4,Leicestershire,Birmingham Bears,LJ Hill,HJ Swindells,JS Patel,6,0,,,,,,,,,
1167188,2019,2019-08-07,Grace Road,1,16.5,Leicestershire,Birmingham Bears,LJ Hill,HJ Swindells,JS Patel,0,1,,,,1,,,,,
1167188,2019,2019-08-07,Grace Road,1,16.6,Leicestershire,Birmingham Bears,HJ Swindells,LJ Hill,JS Patel,1,0,,,,,,,,,
1167188,2019,2019-08-07,Grace Road,1,17.1,Leicestershire,Birmingham Bears,HJ Swindells,LJ Hill,HJH Brookes,0,0,,,,,,,,,
1167188,2019,2019-08-07,Grace Road,1,17.2,Leicestershire,Birmingham Bears,HJ Swindells,LJ Hill,HJH Brookes,0,0,,,,,,caught,HJ Swindells,,
1167188,2019,2019-08-07,Grace Road,1,17.3,Leicestershire,Birmingham Bears,LJ Hill,HE Dearden,HJH Brookes,2,0,,,,,,,,,
1167188,2019,2019-08-07,Grace Road,1,17.4,Leicestershire,Birmingham Bears,LJ Hill,HE Dearden,HJH Brookes,1,0,,,,,,,,,
1167188,2019,2019-08-07,Grace Road,1,17.5,Leicestershire,Birmingham Bears,HE Dearden,LJ Hill,HJH Brookes,0,0,,,,,,,,,
1167188,2019,2019-08-07,Grace Road,1,17.6,Leicestershire,Birmingham Bears,HE Dearden,LJ Hill,HJH Brookes,0,0,,,,,,,,,
1167188,2019,2019-08-07,Grace Road,1,18.1,Leicestershire,Birmingham Bears,LJ Hill,HE Dearden,FH Edwards,2,0,,,,,,,,,
1167188,2019,2019-08-07,Grace Road,1,18.2,Leicestershire,Birmingham Bears,LJ Hill,HE Dearden,FH Edwards,2,0,,,,,,,,,
1167188,2019,2019-08-07,Grace Road,1,18.3,Leicestershire,Birmingham Bears,LJ Hill,HE Dearden,FH Edwards,4,0,,,,,,,,,
1167188,2019,2019-08-07,Grace Road,1,18.4,Leicestershire,Birmingham Bears,LJ Hill,HE Dearden,FH Edwards,4,0,,,,,,,,,
1167188,2019,2019-08-07,Grace Road,1,18.5,Leicestershire,Birmingham Bears,LJ Hill,HE Dearden,FH Edwards,1,0,,,,,,,,,
1167188,2019,2019-08-07,Grace Road,1,18.6,Leicestershire,Birmingham Bears,HE Dearden,LJ Hill,FH Edwards,2,0,,,,,,,,,
1167188,2019,2019-08-07,Grace Road,1,19.1,Leicestershire,Birmingham Bears,LJ Hill,HE Dearden,HJH Brookes,2,0,,,,,,,,,
1167188,2019,2019-08-07,Grace Road,1,19.2,Leicestershire,Birmingham Bears,LJ Hill,HE Dearden,HJH Brookes,0,0,,,,,,caught and bowled,LJ Hill,,
1167188,2019,2019-08-07,Grace Road,1,19.3,Leicestershire,Birmingham Bears,HE Dearden,AM Ali,HJH Brookes,0,0,,,,,,bowled,HE Dearden,,
1167188,2019,2019-08-07,Grace Road,1,19.4,Leicestershire,Birmingham Bears,D Klein,AM Ali,HJH Brookes,0,0,,,,,,,,,
1167188,2019,2019-08-07,Grace Road,1,19.5,Leicestershire,Birmingham Bears,D Klein,AM Ali,HJH Brookes,1,0,,,,,,,,,
1167188,2019,2019-08-07,Grace Road,1,19.6,Leicestershire,Birmingham Bears,AM Ali,D Klein,HJH Brookes,2,0,,,,,,,,,
1167188,2019,2019-08-07,Grace Road,2,0.1,Birmingham Bears,Leicestershire,DP Sibley,MGK Burgess,CF Parkinson,1,0,,,,,,,,,
1167188,2019,2019-08-07,Grace Road,2,0.2,Birmingham Bears,Leicestershire,MGK Burgess,DP Sibley,CF Parkinson,1,0,,,,,,,,,
1167188,2019,2019-08-07,Grace Road,2,0.3,Birmingham Bears,Leicestershire,DP Sibley,MGK Burgess,CF Parkinson,1,0,,,,,,,,,
1167188,2019,2019-08-07,Grace Road,2,0.4,Birmingham Bears,Leicestershire,MGK Burgess,DP Sibley,CF Parkinson,0,0,,,,,,,,,
1167188,2019,2019-08-07,Grace Road,2,0.5,Birmingham Bears,Leicestershire,MGK Burgess,DP Sibley,CF Parkinson,1,0,,,,,,,,,
1167188,2019,2019-08-07,Grace Road,2,0.6,Birmingham Bears,Leicestershire,DP Sibley,MGK Burgess,CF Parkinson,1,0,,,,,,,,,
1167188,2019,2019-08-07,Grace Road,2,1.1,Birmingham Bears,Leicestershire,DP Sibley,MGK Burgess,D Klein,4,0,,,,,,,,,
1167188,2019,2019-08-07,Grace Road,2,1.2,Birmingham Bears,Leicestershire,DP Sibley,MGK Burgess,D Klein,0,0,,,,,,,,,
1167188,2019,2019-08-07,Grace Road,2,1.3,Birmingham Bears,Leicestershire,DP Sibley,MGK Burgess,D Klein,1,0,,,,,,,,,
1167188,2019,2019-08-07,Grace Road,2,1.4,Birmingham Bears,Leicestershire,MGK Burgess,DP Sibley,D Klein,4,0,,,,,,,,,
1167188,2019,2019-08-07,Grace Road,2,1.5,Birmingham Bears,Leicestershire,MGK Burgess,DP Sibley,D Klein,0,0,,,,,,,,,
1167188,2019,2019-08-07,Grace Road,2,1.6,Birmingham Bears,Leicestershire,MGK Burgess,DP Sibley,D Klein,0,0,,,,,,,,,
1167188,2019,2019-08-07,Grace Road,2,2.1,Birmingham Bears,Leicestershire,DP Sibley,MGK Burgess,CN Ackermann,0,0,,,,,,,,,
1167188,2019,2019-08-07,Grace Road,2,2.2,Birmingham Bears,Leicestershire,DP Sibley,MGK Burgess,CN Ackermann,3,0,,,,,,,,,
1167188,2019,2019-08-07,Grace Road,2,2.3,Birmingham Bears,Leicestershire,MGK Burgess,DP Sibley,CN Ackermann,4,0,,,,,,,,,
1167188,2019,2019-08-07,Grace Road,2,2.4,Birmingham Bears,Leicestershire,MGK Burgess,DP Sibley,CN Ackermann,0,0,,,,,,caught,MGK Burgess,,
1167188,2019,2019-08-07,Grace Road,2,2.5,Birmingham Bears,Leicestershire,SR Hain,DP Sibley,CN Ackermann,0,0,,,,,,,,,
1167188,2019,2019-08-07,Grace Road,2,2.6,Birmingham Bears,Leicestershire,SR Hain,DP Sibley,CN Ackermann,1,0,,,,,,,,,
1167188,2019,2019-08-07,Grace Road,2,3.1,Birmingham Bears,Leicestershire,SR Hain,DP Sibley,GT Griffiths,0,0,,,,,,,,,
1167188,2019,2019-08-07,Grace Road,2,3.2,Birmingham Bears,Leicestershire,SR Hain,DP Sibley,GT Griffiths,1,0,,,,,,,,,
1167188,2019,2019-08-07,Grace Road,2,3.3,Birmingham Bears,Leicestershire,DP Sibley,SR Hain,GT Griffiths,0,0,,,,,,,,,
1167188,2019,2019-08-07,Grace Road,2,3.4,Birmingham Bears,Leicestershire,DP Sibley,SR Hain,GT Griffiths,0,0,,,,,,caught,DP Sibley,,
1167188,2019,2019-08-07,Grace Road,2,3.5,Birmingham Bears,Leicestershire,AJ Hose,SR Hain,GT Griffiths,0,0,,,,,,,,,
1167188,2019,2019-08-07,Grace Road,2,3.6,Birmingham Bears,Leicestershire,AJ Hose,SR Hain,GT Griffiths,0,0,,,,,,,,,
1167188,2019,2019-08-07,Grace Road,2,4.1,Birmingham Bears,Leicestershire,SR Hain,AJ Hose,WS Davis,0,0,,,,,,,,,
1167188,2019,2019-08-07,Grace Road,2,4.2,Birmingham Bears,Leicestershire,SR Hain,AJ Hose,WS Davis,0,0,,,,,,,,,
1167188,2019,2019-08-07,Grace Road,2,4.3,Birmingham Bears,Leicestershire,SR Hain,AJ Hose,WS Davis,1,0,,,,,,,,,
1167188,2019,2019-08-07,Grace Road,2,4.4,Birmingham Bears,Leicestershire,AJ Hose,SR Hain,WS Davis,4,0,,,,,,,,,
1167188,2019,2019-08-07,Grace Road,2,4.5,Birmingham Bears,Leicestershire,AJ Hose,SR Hain,WS Davis,1,0,,,,,,,,,
1167188,2019,2019-08-07,Grace Road,2,4.6,Birmingham Bears,Leicestershire,SR Hain,AJ Hose,WS Davis,1,0,,,,,,,,,
1167188,2019,2019-08-07,Grace Road,2,5.1,Birmingham Bears,Leicestershire,SR Hain,AJ Hose,GT Griffiths,0,0,,,,,,,,,
1167188,2019,2019-08-07,Grace Road,2,5.2,Birmingham Bears,Leicestershire,SR Hain,AJ Hose,GT Griffiths,4,0,,,,,,,,,
1167188,2019,2019-08-07,Grace Road,2,5.3,Birmingham Bears,Leicestershire,SR Hain,AJ Hose,GT Griffiths,0,0,,,,,,,,,
1167188,2019,2019-08-07,Grace Road,2,5.4,Birmingham Bears,Leicestershire,SR Hain,AJ Hose,GT Griffiths,4,0,,,,,,,,,
1167188,2019,2019-08-07,Grace Road,2,5.5,Birmingham Bears,Leicestershire,SR Hain,AJ Hose,GT Griffiths,4,0,,,,,,,,,
1167188,2019,2019-08-07,Grace Road,2,5.6,Birmingham Bears,Leicestershire,SR Hain,AJ Hose,GT Griffiths,0,4,,,,4,,,,,
1167188,2019,2019-08-07,Grace Road,2,6.1,Birmingham Bears,Leicestershire,AJ Hose,SR Hain,CN Ackermann,0,0,,,,,,,,,
1167188,2019,2019-08-07,Grace Road,2,6.2,Birmingham Bears,Leicestershire,AJ Hose,SR Hain,CN Ackermann,1,0,,,,,,,,,
1167188,2019,2019-08-07,Grace Road,2,6.3,Birmingham Bears,Leicestershire,SR Hain,AJ Hose,CN Ackermann,1,0,,,,,,,,,
1167188,2019,2019-08-07,Grace Road,2,6.4,Birmingham Bears,Leicestershire,AJ Hose,SR Hain,CN Ackermann,1,0,,,,,,,,,
1167188,2019,2019-08-07,Grace Road,2,6.5,Birmingham Bears,Leicestershire,SR Hain,AJ Hose,CN Ackermann,1,0,,,,,,,,,
1167188,2019,2019-08-07,Grace Road,2,6.6,Birmingham Bears,Leicestershire,AJ Hose,SR Hain,CN Ackermann,1,0,,,,,,,,,
1167188,2019,2019-08-07,Grace Road,2,7.1,Birmingham Bears,Leicestershire,AJ Hose,SR Hain,CF Parkinson,0,0,,,,,,,,,
1167188,2019,2019-08-07,Grace Road,2,7.2,Birmingham Bears,Leicestershire,AJ Hose,SR Hain,CF Parkinson,1,0,,,,,,,,,
1167188,2019,2019-08-07,Grace Road,2,7.3,Birmingham Bears,Leicestershire,SR Hain,AJ Hose,CF Parkinson,4,0,,,,,,,,,
1167188,2019,2019-08-07,Grace Road,2,7.4,Birmingham Bears,Leicestershire,SR Hain,AJ Hose,CF Parkinson,1,0,,,,,,,,,
1167188,2019,2019-08-07,Grace Road,2,7.5,Birmingham Bears,Leicestershire,AJ Hose,SR Hain,CF Parkinson,1,0,,,,,,,,,
1167188,2019,2019-08-07,Grace Road,2,7.6,Birmingham Bears,Leicestershire,SR Hain,AJ Hose,CF Parkinson,1,0,,,,,,,,,
1167188,2019,2019-08-07,Grace Road,2,8.1,Birmingham Bears,Leicestershire,SR Hain,AJ Hose,WS Davis,1,0,,,,,,,,,
1167188,2019,2019-08-07,Grace Road,2,8.2,Birmingham Bears,Leicestershire,AJ Hose,SR Hain,WS Davis,1,0,,,,,,,,,
1167188,2019,2019-08-07,Grace Road,2,8.3,Birmingham Bears,Leicestershire,SR Hain,AJ Hose,WS Davis,4,0,,,,,,,,,
1167188,2019,2019-08-07,Grace Road,2,8.4,Birmingham Bears,Leicestershire,SR Hain,AJ Hose,WS Davis,2,0,,,,,,,,,
1167188,2019,2019-08-07,Grace Road,2,8.5,Birmingham Bears,Leicestershire,SR Hain,AJ Hose,WS Davis,1,0,,,,,,,,,
1167188,2019,2019-08-07,Grace Road,2,8.6,Birmingham Bears,Leicestershire,AJ Hose,SR Hain,WS Davis,0,0,,,,,,,,,
1167188,2019,2019-08-07,Grace Road,2,9.1,Birmingham Bears,Leicestershire,SR Hain,AJ Hose,D Klein,4,0,,,,,,,,,
1167188,2019,2019-08-07,Grace Road,2,9.2,Birmingham Bears,Leicestershire,SR Hain,AJ Hose,D Klein,1,0,,,,,,,,,
1167188,2019,2019-08-07,Grace Road,2,9.3,Birmingham Bears,Leicestershire,AJ Hose,SR Hain,D Klein,1,0,,,,,,,,,
1167188,2019,2019-08-07,Grace Road,2,9.4,Birmingham Bears,Leicestershire,SR Hain,AJ Hose,D Klein,1,0,,,,,,,,,
1167188,2019,2019-08-07,Grace Road,2,9.5,Birmingham Bears,Leicestershire,AJ Hose,SR Hain,D Klein,1,0,,,,,,,,,
1167188,2019,2019-08-07,Grace Road,2,9.6,Birmingham Bears,Leicestershire,SR Hain,AJ Hose,D Klein,1,0,,,,,,,,,
1167188,2019,2019-08-07,Grace Road,2,10.1,Birmingham Bears,Leicestershire,SR Hain,AJ Hose,AM Lilley,4,0,,,,,,,,,
1167188,2019,2019-08-07,Grace Road,2,10.2,Birmingham Bears,Leicestershire,SR Hain,AJ Hose,AM Lilley,0,0,,,,,,,,,
1167188,2019,2019-08-07,Grace Road,2,10.3,Birmingham Bears,Leicestershire,SR Hain,AJ Hose,AM Lilley,1,0,,,,,,,,,
1167188,2019,2019-08-07,Grace Road,2,10.4,Birmingham Bears,Leicestershire,AJ Hose,SR Hain,AM Lilley,6,0,,,,,,,,,
1167188,2019,2019-08-07,Grace Road,2,10.5,Birmingham Bears,Leicestershire,AJ Hose,SR Hain,AM Lilley,0,1,1,,,,,,,,
1167188,2019,2019-08-07,Grace Road,2,10.6,Birmingham Bears,Leicestershire,AJ Hose,SR Hain,AM Lilley,4,0,,,,,,,,,
1167188,2019,2019-08-07,Grace Road,2,10.7,Birmingham Bears,Leicestershire,AJ Hose,SR Hain,AM Lilley,6,0,,,,,,,,,
1167188,2019,2019-08-07,Grace Road,2,11.1,Birmingham Bears,Leicestershire,SR Hain,AJ Hose,CF Parkinson,0,0,,,,,,,,,
1167188,2019,2019-08-07,Grace Road,2,11.2,Birmingham Bears,Leicestershire,SR Hain,AJ Hose,CF Parkinson,1,0,,,,,,,,,
1167188,2019,2019-08-07,Grace Road,2,11.3,Birmingham Bears,Leicestershire,AJ Hose,SR Hain,CF Parkinson,1,0,,,,,,,,,
1167188,2019,2019-08-07,Grace Road,2,11.4,Birmingham Bears,Leicestershire,SR Hain,AJ Hose,CF Parkinson,2,0,,,,,,,,,
1167188,2019,2019-08-07,Grace Road,2,11.5,Birmingham Bears,Leicestershire,SR Hain,AJ Hose,CF Parkinson,1,0,,,,,,,,,
1167188,2019,2019-08-07,Grace Road,2,11.6,Birmingham Bears,Leicestershire,AJ Hose,SR Hain,CF Parkinson,2,0,,,,,,,,,
1167188,2019,2019-08-07,Grace Road,2,12.1,Birmingham Bears,Leicestershire,SR Hain,AJ Hose,GT Griffiths,1,0,,,,,,,,,
1167188,2019,2019-08-07,Grace Road,2,12.2,Birmingham Bears,Leicestershire,AJ Hose,SR Hain,GT Griffiths,1,0,,,,,,,,,
1167188,2019,2019-08-07,Grace Road,2,12.3,Birmingham Bears,Leicestershire,SR Hain,AJ Hose,GT Griffiths,4,0,,,,,,,,,
1167188,2019,2019-08-07,Grace Road,2,12.4,Birmingham Bears,Leicestershire,SR Hain,AJ Hose,GT Griffiths,1,0,,,,,,,,,
1167188,2019,2019-08-07,Grace Road,2,12.5,Birmingham Bears,Leicestershire,AJ Hose,SR Hain,GT Griffiths,0,0,,,,,,,,,
1167188,2019,2019-08-07,Grace Road,2,12.6,Birmingham Bears,Leicestershire,AJ Hose,SR Hain,GT Griffiths,1,0,,,,,,,,,
1167188,2019,2019-08-07,Grace Road,2,13.1,Birmingham Bears,Leicestershire,AJ Hose,SR Hain,WS Davis,0,0,,,,,,bowled,AJ Hose,,
1167188,2019,2019-08-07,Grace Road,2,13.2,Birmingham Bears,Leicestershire,WMH Rhodes,SR Hain,WS Davis,0,0,,,,,,,,,
1167188,2019,2019-08-07,Grace Road,2,13.3,Birmingham Bears,Leicestershire,WMH Rhodes,SR Hain,WS Davis,1,0,,,,,,,,,
1167188,2019,2019-08-07,Grace Road,2,13.4,Birmingham Bears,Leicestershire,SR Hain,WMH Rhodes,WS Davis,0,0,,,,,,,,,
1167188,2019,2019-08-07,Grace Road,2,13.5,Birmingham Bears,Leicestershire,SR Hain,WMH Rhodes,WS Davis,1,0,,,,,,,,,
1167188,2019,2019-08-07,Grace Road,2,13.6,Birmingham Bears,Leicestershire,WMH Rhodes,SR Hain,WS Davis,0,1,1,,,,,,,,
1167188,2019,2019-08-07,Grace Road,2,13.7,Birmingham Bears,Leicestershire,WMH Rhodes,SR Hain,WS Davis,1,0,,,,,,,,,
1167188,2019,2019-08-07,Grace Road,2,14.1,Birmingham Bears,Leicestershire,WMH Rhodes,SR Hain,CN Ackermann,0,0,,,,,,bowled,WMH Rhodes,,
1167188,2019,2019-08-07,Grace Road,2,14.2,Birmingham Bears,Leicestershire,L Banks,SR Hain,CN Ackermann,2,0,,,,,,,,,
1167188,2019,2019-08-07,Grace Road,2,14.3,Birmingham Bears,Leicestershire,L Banks,SR Hain,CN Ackermann,0,0,,,,,,caught and bowled,L Banks,,
1167188,2019,2019-08-07,Grace Road,2,14.4,Birmingham Bears,Leicestershire,AT Thomson,SR Hain,CN Ackermann,0,0,,,,,,,,,
1167188,2019,2019-08-07,Grace Road,2,14.5,Birmingham Bears,Leicestershire,AT Thomson,SR Hain,CN Ackermann,0,0,,,,,,bowled,AT Thomson,,
1167188,2019,2019-08-07,Grace Road,2,14.6,Birmingham Bears,Leicestershire,HJH Brookes,SR Hain,CN Ackermann,0,0,,,,,,,,,
1167188,2019,2019-08-07,Grace Road,2,15.1,Birmingham Bears,Leicestershire,SR Hain,HJH Brookes,CF Parkinson,2,0,,,,,,,,,
1167188,2019,2019-08-07,Grace Road,2,15.2,Birmingham Bears,Leicestershire,SR Hain,HJH Brookes,CF Parkinson,1,0,,,,,,,,,
1167188,2019,2019-08-07,Grace Road,2,15.3,Birmingham Bears,Leicestershire,HJH Brookes,SR Hain,CF Parkinson,1,0,,,,,,,,,
1167188,2019,2019-08-07,Grace Road,2,15.4,Birmingham Bears,Leicestershire,SR Hain,HJH Brookes,CF Parkinson,2,0,,,,,,,,,
1167188,2019,2019-08-07,Grace Road,2,15.5,Birmingham Bears,Leicestershire,SR Hain,HJH Brookes,CF Parkinson,1,0,,,,,,,,,
1167188,2019,2019-08-07,Grace Road,2,15.6,Birmingham Bears,Leicestershire,HJH Brookes,SR Hain,CF Parkinson,4,0,,,,,,,,,
1167188,2019,2019-08-07,Grace Road,2,16.1,Birmingham Bears,Leicestershire,SR Hain,HJH Brookes,CN Ackermann,0,0,,,,,,caught,SR Hain,,
1167188,2019,2019-08-07,Grace Road,2,16.2,Birmingham Bears,Leicestershire,HJH Brookes,JS Patel,CN Ackermann,1,0,,,,,,,,,
1167188,2019,2019-08-07,Grace Road,2,16.3,Birmingham Bears,Leicestershire,JS Patel,HJH Brookes,CN Ackermann,1,0,,,,,,,,,
1167188,2019,2019-08-07,Grace Road,2,16.4,Birmingham Bears,Leicestershire,HJH Brookes,JS Patel,CN Ackermann,0,0,,,,,,bowled,HJH Brookes,,
1167188,2019,2019-08-07,Grace Road,2,16.5,Birmingham Bears,Leicestershire,JC Wainman,JS Patel,CN Ackermann,1,0,,,,,,,,,
1167188,2019,2019-08-07,Grace Road,2,16.6,Birmingham Bears,Leicestershire,JS Patel,JC Wainman,CN Ackermann,0,0,,,,,,caught,JS Patel,,
1167188,2019,2019-08-07,Grace Road,2,17.1,Birmingham Bears,Leicestershire,FH Edwards,JC Wainman,WS Davis,0,0,,,,,,,,,
1167188,2019,2019-08-07,Grace Road,2,17.2,Birmingham Bears,Leicestershire,FH Edwards,JC Wainman,WS Davis,0,0,,,,,,,,,
1167188,2019,2019-08-07,Grace Road,2,17.3,Birmingham Bears,Leicestershire,FH Edwards,JC Wainman,WS Davis,0,0,,,,,,,,,
1167188,2019,2019-08-07,Grace Road,2,17.4,Birmingham Bears,Leicestershire,FH Edwards,JC Wainman,WS Davis,0,0,,,,,,caught,FH Edwards,,
