match_id,season,start_date,venue,innings,ball,batting_team,bowling_team,striker,non_striker,bowler,runs_off_bat,extras,wides,noballs,byes,legbyes,penalty,wicket_type,player_dismissed,other_wicket_type,other_player_dismissed
1167211,2019,2019-08-15,Kennington Oval,1,0.1,Surrey,Sussex,MD Stoneman,AJ Finch,RJW Topley,1,0,,,,,,,,,
1167211,2019,2019-08-15,Kennington Oval,1,0.2,Surrey,Sussex,AJ Finch,MD Stoneman,RJW Topley,0,0,,,,,,,,,
1167211,2019,2019-08-15,Kennington Oval,1,0.3,Surrey,Sussex,AJ Finch,MD Stoneman,RJW Topley,4,0,,,,,,,,,
1167211,2019,2019-08-15,Kennington Oval,1,0.4,Surrey,Sussex,AJ Finch,MD Stoneman,RJW Topley,0,0,,,,,,,,,
1167211,2019,2019-08-15,Kennington Oval,1,0.5,Surrey,Sussex,AJ Finch,MD Stoneman,RJW Topley,1,0,,,,,,,,,
1167211,2019,2019-08-15,Kennington Oval,1,0.6,Surrey,Sussex,MD Stoneman,AJ Finch,RJW Topley,0,0,,,,,,,,,
1167211,2019,2019-08-15,Kennington Oval,1,1.1,Surrey,Sussex,AJ Finch,MD Stoneman,D Wiese,4,0,,,,,,,,,
1167211,2019,2019-08-15,Kennington Oval,1,1.2,Surrey,Sussex,AJ Finch,MD Stoneman,D Wiese,0,0,,,,,,,,,
1167211,2019,2019-08-15,Kennington Oval,1,1.3,Surrey,Sussex,AJ Finch,MD Stoneman,D Wiese,0,0,,,,,,,,,
1167211,2019,2019-08-15,Kennington Oval,1,1.4,Surrey,Sussex,AJ Finch,MD Stoneman,D Wiese,0,0,,,,,,caught,AJ Finch,,
1167211,2019,2019-08-15,Kennington Oval,1,1.5,Surrey,Sussex,SM Curran,MD Stoneman,D Wiese,0,2,,2,,,,,,,
1167211,2019,2019-08-15,Kennington Oval,1,1.6,Surrey,Sussex,SM Curran,MD Stoneman,D Wiese,1,0,,,,,,,,,
1167211,2019,2019-08-15,Kennington Oval,1,1.7,Surrey,Sussex,MD Stoneman,SM Curran,D Wiese,0,0,,,,,,,,,
1167211,2019,2019-08-15,Kennington Oval,1,2.1,Surrey,Sussex,SM Curran,MD Stoneman,RJW Topley,1,0,,,,,,run out,MD Stoneman,,
1167211,2019,2019-08-15,Kennington Oval,1,2.2,Surrey,Sussex,OJ Pope,SM Curran,RJW Topley,1,0,,,,,,,,,
1167211,2019,2019-08-15,Kennington Oval,1,2.3,Surrey,Sussex,SM Curran,OJ Pope,RJW Topley,6,0,,,,,,,,,
1167211,2019,2019-08-15,Kennington Oval,1,2.4,Surrey,Sussex,SM Curran,OJ Pope,RJW Topley,0,0,,,,,,,,,
1167211,2019,2019-08-15,Kennington Oval,1,2.5,Surrey,Sussex,SM Curran,OJ Pope,RJW Topley,0,0,,,,,,,,,
1167211,2019,2019-08-15,Kennington Oval,1,2.6,Surrey,Sussex,SM Curran,OJ Pope,RJW Topley,4,0,,,,,,,,,
1167211,2019,2019-08-15,Kennington Oval,1,3.1,Surrey,Sussex,OJ Pope,SM Curran,D Wiese,1,0,,,,,,,,,
1167211,2019,2019-08-15,Kennington Oval,1,3.2,Surrey,Sussex,SM Curran,OJ Pope,D Wiese,1,0,,,,,,,,,
1167211,2019,2019-08-15,Kennington Oval,1,3.3,Surrey,Sussex,OJ Pope,SM Curran,D Wiese,1,0,,,,,,,,,
1167211,2019,2019-08-15,Kennington Oval,1,3.4,Surrey,Sussex,SM Curran,OJ Pope,D Wiese,6,0,,,,,,,,,
1167211,2019,2019-08-15,Kennington Oval,1,3.5,Surrey,Sussex,SM Curran,OJ Pope,D Wiese,4,0,,,,,,,,,
1167211,2019,2019-08-15,Kennington Oval,1,3.6,Surrey,Sussex,SM Curran,OJ Pope,D Wiese,0,0,,,,,,,,,
1167211,2019,2019-08-15,Kennington Oval,1,4.1,Surrey,Sussex,OJ Pope,SM Curran,Rashid Khan,0,0,,,,,,,,,
1167211,2019,2019-08-15,Kennington Oval,1,4.2,Surrey,Sussex,OJ Pope,SM Curran,Rashid Khan,1,0,,,,,,,,,
1167211,2019,2019-08-15,Kennington Oval,1,4.3,Surrey,Sussex,SM Curran,OJ Pope,Rashid Khan,0,0,,,,,,,,,
1167211,2019,2019-08-15,Kennington Oval,1,4.4,Surrey,Sussex,SM Curran,OJ Pope,Rashid Khan,1,0,,,,,,,,,
1167211,2019,2019-08-15,Kennington Oval,1,4.5,Surrey,Sussex,OJ Pope,SM Curran,Rashid Khan,0,0,,,,,,,,,
1167211,2019,2019-08-15,Kennington Oval,1,4.6,Surrey,Sussex,OJ Pope,SM Curran,Rashid Khan,5,0,,,,,,,,,
1167211,2019,2019-08-15,Kennington Oval,1,5.1,Surrey,Sussex,OJ Pope,SM Curran,CJ Jordan,1,0,,,,,,,,,
1167211,2019,2019-08-15,Kennington Oval,1,5.2,Surrey,Sussex,SM Curran,OJ Pope,CJ Jordan,4,0,,,,,,,,,
1167211,2019,2019-08-15,Kennington Oval,1,5.3,Surrey,Sussex,SM Curran,OJ Pope,CJ Jordan,0,1,1,,,,,,,,
1167211,2019,2019-08-15,Kennington Oval,1,5.4,Surrey,Sussex,SM Curran,OJ Pope,CJ Jordan,4,0,,,,,,,,,
1167211,2019,2019-08-15,Kennington Oval,1,5.5,Surrey,Sussex,SM Curran,OJ Pope,CJ Jordan,0,0,,,,,,,,,
1167211,2019,2019-08-15,Kennington Oval,1,5.6,Surrey,Sussex,SM Curran,OJ Pope,CJ Jordan,2,0,,,,,,,,,
1167211,2019,2019-08-15,Kennington Oval,1,5.7,Surrey,Sussex,SM Curran,OJ Pope,CJ Jordan,4,0,,,,,,,,,
1167211,2019,2019-08-15,Kennington Oval,1,6.1,Surrey,Sussex,OJ Pope,SM Curran,DR Briggs,1,0,,,,,,,,,
1167211,2019,2019-08-15,Kennington Oval,1,6.2,Surrey,Sussex,SM Curran,OJ Pope,DR Briggs,0,0,,,,,,,,,
1167211,2019,2019-08-15,Kennington Oval,1,6.3,Surrey,Sussex,SM Curran,OJ Pope,DR Briggs,6,0,,,,,,,,,
1167211,2019,2019-08-15,Kennington Oval,1,6.4,Surrey,Sussex,SM Curran,OJ Pope,DR Briggs,1,0,,,,,,,,,
1167211,2019,2019-08-15,Kennington Oval,1,6.5,Surrey,Sussex,OJ Pope,SM Curran,DR Briggs,1,0,,,,,,,,,
1167211,2019,2019-08-15,Kennington Oval,1,6.6,Surrey,Sussex,SM Curran,OJ Pope,DR Briggs,1,0,,,,,,,,,
1167211,2019,2019-08-15,Kennington Oval,1,7.1,Surrey,Sussex,SM Curran,OJ Pope,WAT Beer,1,0,,,,,,,,,
1167211,2019,2019-08-15,Kennington Oval,1,7.2,Surrey,Sussex,OJ Pope,SM Curran,WAT Beer,1,0,,,,,,,,,
1167211,2019,2019-08-15,Kennington Oval,1,7.3,Surrey,Sussex,SM Curran,OJ Pope,WAT Beer,0,0,,,,,,bowled,SM Curran,,
1167211,2019,2019-08-15,Kennington Oval,1,7.4,Surrey,Sussex,BT Foakes,OJ Pope,WAT Beer,1,0,,,,,,,,,
1167211,2019,2019-08-15,Kennington Oval,1,7.5,Surrey,Sussex,OJ Pope,BT Foakes,WAT Beer,2,0,,,,,,,,,
1167211,2019,2019-08-15,Kennington Oval,1,7.6,Surrey,Sussex,OJ Pope,BT Foakes,WAT Beer,1,0,,,,,,,,,
1167211,2019,2019-08-15,Kennington Oval,1,8.1,Surrey,Sussex,OJ Pope,BT Foakes,DR Briggs,1,0,,,,,,,,,
1167211,2019,2019-08-15,Kennington Oval,1,8.2,Surrey,Sussex,BT Foakes,OJ Pope,DR Briggs,1,0,,,,,,,,,
1167211,2019,2019-08-15,Kennington Oval,1,8.3,Surrey,Sussex,OJ Pope,BT Foakes,DR Briggs,1,0,,,,,,,,,
1167211,2019,2019-08-15,Kennington Oval,1,8.4,Surrey,Sussex,BT Foakes,OJ Pope,DR Briggs,1,0,,,,,,,,,
1167211,2019,2019-08-15,Kennington Oval,1,8.5,Surrey,Sussex,OJ Pope,BT Foakes,DR Briggs,1,0,,,,,,,,,
1167211,2019,2019-08-15,Kennington Oval,1,8.6,Surrey,Sussex,BT Foakes,OJ Pope,DR Briggs,1,0,,,,,,,,,
1167211,2019,2019-08-15,Kennington Oval,1,9.1,Surrey,Sussex,BT Foakes,OJ Pope,WAT Beer,1,0,,,,,,,,,
1167211,2019,2019-08-15,Kennington Oval,1,9.2,Surrey,Sussex,OJ Pope,BT Foakes,WAT Beer,1,0,,,,,,,,,
1167211,2019,2019-08-15,Kennington Oval,1,9.3,Surrey,Sussex,BT Foakes,OJ Pope,WAT Beer,1,0,,,,,,,,,
1167211,2019,2019-08-15,Kennington Oval,1,9.4,Surrey,Sussex,OJ Pope,BT Foakes,WAT Beer,0,0,,,,,,,,,
1167211,2019,2019-08-15,Kennington Oval,1,9.5,Surrey,Sussex,OJ Pope,BT Foakes,WAT Beer,1,0,,,,,,,,,
1167211,2019,2019-08-15,Kennington Oval,1,9.6,Surrey,Sussex,BT Foakes,OJ Pope,WAT Beer,1,0,,,,,,,,,
1167211,2019,2019-08-15,Kennington Oval,1,10.1,Surrey,Sussex,BT Foakes,OJ Pope,Rashid Khan,1,0,,,,,,,,,
1167211,2019,2019-08-15,Kennington Oval,1,10.2,Surrey,Sussex,OJ Pope,BT Foakes,Rashid Khan,1,0,,,,,,,,,
1167211,2019,2019-08-15,Kennington Oval,1,10.3,Surrey,Sussex,BT Foakes,OJ Pope,Rashid Khan,1,0,,,,,,,,,
1167211,2019,2019-08-15,Kennington Oval,1,10.4,Surrey,Sussex,OJ Pope,BT Foakes,Rashid Khan,1,0,,,,,,,,,
1167211,2019,2019-08-15,Kennington Oval,1,10.5,Surrey,Sussex,BT Foakes,OJ Pope,Rashid Khan,1,0,,,,,,,,,
1167211,2019,2019-08-15,Kennington Oval,1,10.6,Surrey,Sussex,OJ Pope,BT Foakes,Rashid Khan,0,0,,,,,,,,,
1167211,2019,2019-08-15,Kennington Oval,1,11.1,Surrey,Sussex,BT Foakes,OJ Pope,WAT Beer,2,0,,,,,,,,,
1167211,2019,2019-08-15,Kennington Oval,1,11.2,Surrey,Sussex,BT Foakes,OJ Pope,WAT Beer,0,0,,,,,,caught,BT Foakes,,
1167211,2019,2019-08-15,Kennington Oval,1,11.3,Surrey,Sussex,OJ Pope,WG Jacks,WAT Beer,1,0,,,,,,,,,
1167211,2019,2019-08-15,Kennington Oval,1,11.4,Surrey,Sussex,WG Jacks,OJ Pope,WAT Beer,1,0,,,,,,,,,
1167211,2019,2019-08-15,Kennington Oval,1,11.5,Surrey,Sussex,OJ Pope,WG Jacks,WAT Beer,1,0,,,,,,,,,
1167211,2019,2019-08-15,Kennington Oval,1,11.6,Surrey,Sussex,WG Jacks,OJ Pope,WAT Beer,0,0,,,,,,caught and bowled,WG Jacks,,
1167211,2019,2019-08-15,Kennington Oval,1,12.1,Surrey,Sussex,OJ Pope,TK Curran,DR Briggs,1,0,,,,,,,,,
1167211,2019,2019-08-15,Kennington Oval,1,12.2,Surrey,Sussex,TK Curran,OJ Pope,DR Briggs,2,0,,,,,,,,,
1167211,2019,2019-08-15,Kennington Oval,1,12.3,Surrey,Sussex,TK Curran,OJ Pope,DR Briggs,1,0,,,,,,,,,
1167211,2019,2019-08-15,Kennington Oval,1,12.4,Surrey,Sussex,OJ Pope,TK Curran,DR Briggs,0,0,,,,,,,,,
1167211,2019,2019-08-15,Kennington Oval,1,12.5,Surrey,Sussex,OJ Pope,TK Curran,DR Briggs,0,0,,,,,,,,,
1167211,2019,2019-08-15,Kennington Oval,1,12.6,Surrey,Sussex,OJ Pope,TK Curran,DR Briggs,1,0,,,,,,,,,
1167211,2019,2019-08-15,Kennington Oval,1,13.1,Surrey,Sussex,OJ Pope,TK Curran,WAT Beer,1,0,,,,,,,,,
1167211,2019,2019-08-15,Kennington Oval,1,13.2,Surrey,Sussex,TK Curran,OJ Pope,WAT Beer,1,0,,,,,,,,,
1167211,2019,2019-08-15,Kennington Oval,1,13.3,Surrey,Sussex,OJ Pope,TK Curran,WAT Beer,2,0,,,,,,,,,
1167211,2019,2019-08-15,Kennington Oval,1,13.4,Surrey,Sussex,OJ Pope,TK Curran,WAT Beer,1,0,,,,,,,,,
1167211,2019,2019-08-15,Kennington Oval,1,13.5,Surrey,Sussex,TK Curran,OJ Pope,WAT Beer,1,0,,,,,,,,,
1167211,2019,2019-08-15,Kennington Oval,1,13.6,Surrey,Sussex,OJ Pope,TK Curran,WAT Beer,0,0,,,,,,,,,
1167211,2019,2019-08-15,Kennington Oval,1,14.1,Surrey,Sussex,TK Curran,OJ Pope,Rashid Khan,1,0,,,,,,,,,
1167211,2019,2019-08-15,Kennington Oval,1,14.2,Surrey,Sussex,OJ Pope,TK Curran,Rashid Khan,4,0,,,,,,,,,
1167211,2019,2019-08-15,Kennington Oval,1,14.3,Surrey,Sussex,OJ Pope,TK Curran,Rashid Khan,1,0,,,,,,,,,
1167211,2019,2019-08-15,Kennington Oval,1,14.4,Surrey,Sussex,TK Curran,OJ Pope,Rashid Khan,1,0,,,,,,,,,
1167211,2019,2019-08-15,Kennington Oval,1,14.5,Surrey,Sussex,OJ Pope,TK Curran,Rashid Khan,1,0,,,,,,,,,
1167211,2019,2019-08-15,Kennington Oval,1,14.6,Surrey,Sussex,TK Curran,OJ Pope,Rashid Khan,1,0,,,,,,,,,
1167211,2019,2019-08-15,Kennington Oval,1,15.1,Surrey,Sussex,TK Curran,OJ Pope,DR Briggs,1,0,,,,,,,,,
1167211,2019,2019-08-15,Kennington Oval,1,15.2,Surrey,Sussex,OJ Pope,TK Curran,DR Briggs,1,0,,,,,,,,,
1167211,2019,2019-08-15,Kennington Oval,1,15.3,Surrey,Sussex,TK Curran,OJ Pope,DR Briggs,1,0,,,,,,,,,
1167211,2019,2019-08-15,Kennington Oval,1,15.4,Surrey,Sussex,OJ Pope,TK Curran,DR Briggs,1,0,,,,,,,,,
1167211,2019,2019-08-15,Kennington Oval,1,15.5,Surrey,Sussex,TK Curran,OJ Pope,DR Briggs,3,0,,,,,,,,,
1167211,2019,2019-08-15,Kennington Oval,1,15.6,Surrey,Sussex,OJ Pope,TK Curran,DR Briggs,1,0,,,,,,,,,
1167211,2019,2019-08-15,Kennington Oval,1,16.1,Surrey,Sussex,OJ Pope,TK Curran,Rashid Khan,1,0,,,,,,,,,
1167211,2019,2019-08-15,Kennington Oval,1,16.2,Surrey,Sussex,TK Curran,OJ Pope,Rashid Khan,1,0,,,,,,,,,
1167211,2019,2019-08-15,Kennington Oval,1,16.3,Surrey,Sussex,OJ Pope,TK Curran,Rashid Khan,4,0,,,,,,,,,
1167211,2019,2019-08-15,Kennington Oval,1,16.4,Surrey,Sussex,OJ Pope,TK Curran,Rashid Khan,1,0,,,,,,,,,
1167211,2019,2019-08-15,Kennington Oval,1,16.5,Surrey,Sussex,TK Curran,OJ Pope,Rashid Khan,1,0,,,,,,,,,
1167211,2019,2019-08-15,Kennington Oval,1,16.6,Surrey,Sussex,OJ Pope,TK Curran,Rashid Khan,1,0,,,,,,,,,
1167211,2019,2019-08-15,Kennington Oval,1,17.1,Surrey,Sussex,OJ Pope,TK Curran,CJ Jordan,1,0,,,,,,,,,
1167211,2019,2019-08-15,Kennington Oval,1,17.2,Surrey,Sussex,TK Curran,OJ Pope,CJ Jordan,1,0,,,,,,,,,
1167211,2019,2019-08-15,Kennington Oval,1,17.3,Surrey,Sussex,OJ Pope,TK Curran,CJ Jordan,0,0,,,,,,bowled,OJ Pope,,
1167211,2019,2019-08-15,Kennington Oval,1,17.4,Surrey,Sussex,J Clark,TK Curran,CJ Jordan,0,0,,,,,,,,,
1167211,2019,2019-08-15,Kennington Oval,1,17.5,Surrey,Sussex,J Clark,TK Curran,CJ Jordan,0,0,,,,,,,,,
1167211,2019,2019-08-15,Kennington Oval,1,17.6,Surrey,Sussex,J Clark,TK Curran,CJ Jordan,1,0,,,,,,,,,
1167211,2019,2019-08-15,Kennington Oval,1,18.1,Surrey,Sussex,J Clark,TK Curran,RJW Topley,2,0,,,,,,,,,
1167211,2019,2019-08-15,Kennington Oval,1,18.2,Surrey,Sussex,J Clark,TK Curran,RJW Topley,0,0,,,,,,,,,
1167211,2019,2019-08-15,Kennington Oval,1,18.3,Surrey,Sussex,J Clark,TK Curran,RJW Topley,6,0,,,,,,,,,
1167211,2019,2019-08-15,Kennington Oval,1,18.4,Surrey,Sussex,J Clark,TK Curran,RJW Topley,6,0,,,,,,,,,
1167211,2019,2019-08-15,Kennington Oval,1,18.5,Surrey,Sussex,J Clark,TK Curran,RJW Topley,0,0,,,,,,caught,J Clark,,
1167211,2019,2019-08-15,Kennington Oval,1,18.6,Surrey,Sussex,TK Curran,JW Dernbach,RJW Topley,1,0,,,,,,,,,
1167211,2019,2019-08-15,Kennington Oval,1,19.1,Surrey,Sussex,TK Curran,JW Dernbach,CJ Jordan,4,0,,,,,,,,,
1167211,2019,2019-08-15,Kennington Oval,1,19.2,Surrey,Sussex,TK Curran,JW Dernbach,CJ Jordan,2,0,,,,,,,,,
1167211,2019,2019-08-15,Kennington Oval,1,19.3,Surrey,Sussex,TK Curran,JW Dernbach,CJ Jordan,0,0,,,,,,bowled,TK Curran,,
1167211,2019,2019-08-15,Kennington Oval,1,19.4,Surrey,Sussex,GJ Batty,JW Dernbach,CJ Jordan,0,1,,,1,,,,,,
1167211,2019,2019-08-15,Kennington Oval,1,19.5,Surrey,Sussex,JW Dernbach,GJ Batty,CJ Jordan,1,0,,,,,,,,,
1167211,2019,2019-08-15,Kennington Oval,1,19.6,Surrey,Sussex,GJ Batty,JW Dernbach,CJ Jordan,2,0,,,,,,,,,
1167211,2019,2019-08-15,Kennington Oval,2,0.1,Sussex,Surrey,PD Salt,LJ Wright,Imran Tahir,0,0,,,,,,,,,
1167211,2019,2019-08-15,Kennington Oval,2,0.2,Sussex,Surrey,PD Salt,LJ Wright,Imran Tahir,1,0,,,,,,,,,
1167211,2019,2019-08-15,Kennington Oval,2,0.3,Sussex,Surrey,LJ Wright,PD Salt,Imran Tahir,4,0,,,,,,,,,
1167211,2019,2019-08-15,Kennington Oval,2,0.4,Sussex,Surrey,LJ Wright,PD Salt,Imran Tahir,0,0,,,,,,,,,
1167211,2019,2019-08-15,Kennington Oval,2,0.5,Sussex,Surrey,LJ Wright,PD Salt,Imran Tahir,1,0,,,,,,,,,
1167211,2019,2019-08-15,Kennington Oval,2,0.6,Sussex,Surrey,PD Salt,LJ Wright,Imran Tahir,1,0,,,,,,,,,
1167211,2019,2019-08-15,Kennington Oval,2,1.1,Sussex,Surrey,PD Salt,LJ Wright,SM Curran,2,0,,,,,,,,,
1167211,2019,2019-08-15,Kennington Oval,2,1.2,Sussex,Surrey,PD Salt,LJ Wright,SM Curran,4,0,,,,,,,,,
1167211,2019,2019-08-15,Kennington Oval,2,1.3,Sussex,Surrey,PD Salt,LJ Wright,SM Curran,4,0,,,,,,,,,
1167211,2019,2019-08-15,Kennington Oval,2,1.4,Sussex,Surrey,PD Salt,LJ Wright,SM Curran,0,0,,,,,,,,,
1167211,2019,2019-08-15,Kennington Oval,2,1.5,Sussex,Surrey,PD Salt,LJ Wright,SM Curran,1,0,,,,,,,,,
1167211,2019,2019-08-15,Kennington Oval,2,1.6,Sussex,Surrey,LJ Wright,PD Salt,SM Curran,1,0,,,,,,,,,
1167211,2019,2019-08-15,Kennington Oval,2,2.1,Sussex,Surrey,LJ Wright,PD Salt,JW Dernbach,3,0,,,,,,,,,
1167211,2019,2019-08-15,Kennington Oval,2,2.2,Sussex,Surrey,PD Salt,LJ Wright,JW Dernbach,1,0,,,,,,,,,
1167211,2019,2019-08-15,Kennington Oval,2,2.3,Sussex,Surrey,LJ Wright,PD Salt,JW Dernbach,1,0,,,,,,,,,
1167211,2019,2019-08-15,Kennington Oval,2,2.4,Sussex,Surrey,PD Salt,LJ Wright,JW Dernbach,1,0,,,,,,,,,
1167211,2019,2019-08-15,Kennington Oval,2,2.5,Sussex,Surrey,LJ Wright,PD Salt,JW Dernbach,4,0,,,,,,,,,
1167211,2019,2019-08-15,Kennington Oval,2,2.6,Sussex,Surrey,LJ Wright,PD Salt,JW Dernbach,1,0,,,,,,,,,
1167211,2019,2019-08-15,Kennington Oval,2,3.1,Sussex,Surrey,LJ Wright,PD Salt,TK Curran,0,1,1,,,,,,,,
1167211,2019,2019-08-15,Kennington Oval,2,3.2,Sussex,Surrey,LJ Wright,PD Salt,TK Curran,0,0,,,,,,,,,
1167211,2019,2019-08-15,Kennington Oval,2,3.3,Sussex,Surrey,LJ Wright,PD Salt,TK Curran,0,1,1,,,,,,,,
1167211,2019,2019-08-15,Kennington Oval,2,3.4,Sussex,Surrey,LJ Wright,PD Salt,TK Curran,1,0,,,,,,,,,
1167211,2019,2019-08-15,Kennington Oval,2,3.5,Sussex,Surrey,PD Salt,LJ Wright,TK Curran,0,0,,,,,,caught,PD Salt,,
1167211,2019,2019-08-15,Kennington Oval,2,3.6,Sussex,Surrey,LJ Wright,LJ Evans,TK Curran,0,0,,,,,,,,,
1167211,2019,2019-08-15,Kennington Oval,2,3.7,Sussex,Surrey,LJ Wright,LJ Evans,TK Curran,0,0,,,,,,,,,
1167211,2019,2019-08-15,Kennington Oval,2,3.8,Sussex,Surrey,LJ Wright,LJ Evans,TK Curran,4,0,,,,,,,,,
1167211,2019,2019-08-15,Kennington Oval,2,4.1,Sussex,Surrey,LJ Evans,LJ Wright,SM Curran,0,0,,,,,,,,,
1167211,2019,2019-08-15,Kennington Oval,2,4.2,Sussex,Surrey,LJ Evans,LJ Wright,SM Curran,1,0,,,,,,,,,
1167211,2019,2019-08-15,Kennington Oval,2,4.3,Sussex,Surrey,LJ Wright,LJ Evans,SM Curran,1,0,,,,,,,,,
1167211,2019,2019-08-15,Kennington Oval,2,4.4,Sussex,Surrey,LJ Evans,LJ Wright,SM Curran,0,0,,,,,,,,,
1167211,2019,2019-08-15,Kennington Oval,2,4.5,Sussex,Surrey,LJ Evans,LJ Wright,SM Curran,0,0,,,,,,,,,
1167211,2019,2019-08-15,Kennington Oval,2,4.6,Sussex,Surrey,LJ Evans,LJ Wright,SM Curran,1,0,,,,,,,,,
1167211,2019,2019-08-15,Kennington Oval,2,5.1,Sussex,Surrey,LJ Evans,LJ Wright,JW Dernbach,0,0,,,,,,,,,
1167211,2019,2019-08-15,Kennington Oval,2,5.2,Sussex,Surrey,LJ Evans,LJ Wright,JW Dernbach,4,0,,,,,,,,,
1167211,2019,2019-08-15,Kennington Oval,2,5.3,Sussex,Surrey,LJ Evans,LJ Wright,JW Dernbach,0,0,,,,,,,,,
1167211,2019,2019-08-15,Kennington Oval,2,5.4,Sussex,Surrey,LJ Evans,LJ Wright,JW Dernbach,1,0,,,,,,,,,
1167211,2019,2019-08-15,Kennington Oval,2,5.5,Sussex,Surrey,LJ Wright,LJ Evans,JW Dernbach,1,0,,,,,,,,,
1167211,2019,2019-08-15,Kennington Oval,2,5.6,Sussex,Surrey,LJ Evans,LJ Wright,JW Dernbach,1,0,,,,,,,,,
1167211,2019,2019-08-15,Kennington Oval,2,6.1,Sussex,Surrey,LJ Evans,LJ Wright,Imran Tahir,1,0,,,,,,,,,
1167211,2019,2019-08-15,Kennington Oval,2,6.2,Sussex,Surrey,LJ Wright,LJ Evans,Imran Tahir,1,0,,,,,,,,,
1167211,2019,2019-08-15,Kennington Oval,2,6.3,Sussex,Surrey,LJ Evans,LJ Wright,Imran Tahir,1,0,,,,,,,,,
1167211,2019,2019-08-15,Kennington Oval,2,6.4,Sussex,Surrey,LJ Wright,LJ Evans,Imran Tahir,1,0,,,,,,,,,
1167211,2019,2019-08-15,Kennington Oval,2,6.5,Sussex,Surrey,LJ Evans,LJ Wright,Imran Tahir,4,0,,,,,,,,,
1167211,2019,2019-08-15,Kennington Oval,2,6.6,Sussex,Surrey,LJ Evans,LJ Wright,Imran Tahir,0,0,,,,,,,,,
1167211,2019,2019-08-15,Kennington Oval,2,7.1,Sussex,Surrey,LJ Wright,LJ Evans,GJ Batty,1,0,,,,,,,,,
1167211,2019,2019-08-15,Kennington Oval,2,7.2,Sussex,Surrey,LJ Evans,LJ Wright,GJ Batty,0,0,,,,,,,,,
1167211,2019,2019-08-15,Kennington Oval,2,7.3,Sussex,Surrey,LJ Evans,LJ Wright,GJ Batty,2,0,,,,,,,,,
1167211,2019,2019-08-15,Kennington Oval,2,7.4,Sussex,Surrey,LJ Evans,LJ Wright,GJ Batty,0,0,,,,,,,,,
1167211,2019,2019-08-15,Kennington Oval,2,7.5,Sussex,Surrey,LJ Evans,LJ Wright,GJ Batty,1,0,,,,,,,,,
1167211,2019,2019-08-15,Kennington Oval,2,7.6,Sussex,Surrey,LJ Wright,LJ Evans,GJ Batty,0,0,,,,,,,,,
1167211,2019,2019-08-15,Kennington Oval,2,8.1,Sussex,Surrey,LJ Evans,LJ Wright,J Clark,0,0,,,,,,,,,
1167211,2019,2019-08-15,Kennington Oval,2,8.2,Sussex,Surrey,LJ Evans,LJ Wright,J Clark,1,0,,,,,,,,,
1167211,2019,2019-08-15,Kennington Oval,2,8.3,Sussex,Surrey,LJ Wright,LJ Evans,J Clark,0,0,,,,,,,,,
1167211,2019,2019-08-15,Kennington Oval,2,8.4,Sussex,Surrey,LJ Wright,LJ Evans,J Clark,0,0,,,,,,caught and bowled,LJ Wright,,
1167211,2019,2019-08-15,Kennington Oval,2,8.5,Sussex,Surrey,LJ Evans,AT Carey,J Clark,1,0,,,,,,,,,
1167211,2019,2019-08-15,Kennington Oval,2,8.6,Sussex,Surrey,AT Carey,LJ Evans,J Clark,0,0,,,,,,,,,
1167211,2019,2019-08-15,Kennington Oval,2,9.1,Sussex,Surrey,LJ Evans,AT Carey,GJ Batty,1,0,,,,,,,,,
1167211,2019,2019-08-15,Kennington Oval,2,9.2,Sussex,Surrey,AT Carey,LJ Evans,GJ Batty,1,0,,,,,,,,,
1167211,2019,2019-08-15,Kennington Oval,2,9.3,Sussex,Surrey,LJ Evans,AT Carey,GJ Batty,4,0,,,,,,,,,
1167211,2019,2019-08-15,Kennington Oval,2,9.4,Sussex,Surrey,LJ Evans,AT Carey,GJ Batty,1,0,,,,,,,,,
1167211,2019,2019-08-15,Kennington Oval,2,9.5,Sussex,Surrey,AT Carey,LJ Evans,GJ Batty,1,0,,,,,,,,,
1167211,2019,2019-08-15,Kennington Oval,2,9.6,Sussex,Surrey,LJ Evans,AT Carey,GJ Batty,1,0,,,,,,,,,
1167211,2019,2019-08-15,Kennington Oval,2,10.1,Sussex,Surrey,LJ Evans,AT Carey,J Clark,0,0,,,,,,,,,
1167211,2019,2019-08-15,Kennington Oval,2,10.2,Sussex,Surrey,LJ Evans,AT Carey,J Clark,0,1,,,,1,,,,,
1167211,2019,2019-08-15,Kennington Oval,2,10.3,Sussex,Surrey,AT Carey,LJ Evans,J Clark,1,0,,,,,,,,,
1167211,2019,2019-08-15,Kennington Oval,2,10.4,Sussex,Surrey,LJ Evans,AT Carey,J Clark,2,0,,,,,,,,,
1167211,2019,2019-08-15,Kennington Oval,2,10.5,Sussex,Surrey,LJ Evans,AT Carey,J Clark,1,0,,,,,,,,,
1167211,2019,2019-08-15,Kennington Oval,2,10.6,Sussex,Surrey,AT Carey,LJ Evans,J Clark,1,0,,,,,,,,,
1167211,2019,2019-08-15,Kennington Oval,2,11.1,Sussex,Surrey,AT Carey,LJ Evans,GJ Batty,1,0,,,,,,,,,
1167211,2019,2019-08-15,Kennington Oval,2,11.2,Sussex,Surrey,LJ Evans,AT Carey,GJ Batty,2,0,,,,,,,,,
1167211,2019,2019-08-15,Kennington Oval,2,11.3,Sussex,Surrey,LJ Evans,AT Carey,GJ Batty,1,0,,,,,,,,,
1167211,2019,2019-08-15,Kennington Oval,2,11.4,Sussex,Surrey,AT Carey,LJ Evans,GJ Batty,1,0,,,,,,,,,
1167211,2019,2019-08-15,Kennington Oval,2,11.5,Sussex,Surrey,LJ Evans,AT Carey,GJ Batty,1,0,,,,,,,,,
1167211,2019,2019-08-15,Kennington Oval,2,11.6,Sussex,Surrey,AT Carey,LJ Evans,GJ Batty,1,0,,,,,,,,,
1167211,2019,2019-08-15,Kennington Oval,2,12.1,Sussex,Surrey,AT Carey,LJ Evans,Imran Tahir,1,0,,,,,,,,,
1167211,2019,2019-08-15,Kennington Oval,2,12.2,Sussex,Surrey,LJ Evans,AT Carey,Imran Tahir,0,0,,,,,,,,,
1167211,2019,2019-08-15,Kennington Oval,2,12.3,Sussex,Surrey,LJ Evans,AT Carey,Imran Tahir,1,0,,,,,,,,,
1167211,2019,2019-08-15,Kennington Oval,2,12.4,Sussex,Surrey,AT Carey,LJ Evans,Imran Tahir,1,0,,,,,,,,,
1167211,2019,2019-08-15,Kennington Oval,2,12.5,Sussex,Surrey,LJ Evans,AT Carey,Imran Tahir,0,0,,,,,,caught,LJ Evans,,
1167211,2019,2019-08-15,Kennington Oval,2,12.6,Sussex,Surrey,D Wiese,AT Carey,Imran Tahir,1,0,,,,,,,,,
1167211,2019,2019-08-15,Kennington Oval,2,13.1,Sussex,Surrey,D Wiese,AT Carey,GJ Batty,0,0,,,,,,,,,
1167211,2019,2019-08-15,Kennington Oval,2,13.2,Sussex,Surrey,D Wiese,AT Carey,GJ Batty,1,0,,,,,,,,,
1167211,2019,2019-08-15,Kennington Oval,2,13.3,Sussex,Surrey,AT Carey,D Wiese,GJ Batty,0,0,,,,,,,,,
1167211,2019,2019-08-15,Kennington Oval,2,13.4,Sussex,Surrey,AT Carey,D Wiese,GJ Batty,1,0,,,,,,,,,
1167211,2019,2019-08-15,Kennington Oval,2,13.5,Sussex,Surrey,D Wiese,AT Carey,GJ Batty,2,0,,,,,,,,,
1167211,2019,2019-08-15,Kennington Oval,2,13.6,Sussex,Surrey,D Wiese,AT Carey,GJ Batty,0,0,,,,,,,,,
1167211,2019,2019-08-15,Kennington Oval,2,14.1,Sussex,Surrey,AT Carey,D Wiese,TK Curran,0,0,,,,,,,,,
1167211,2019,2019-08-15,Kennington Oval,2,14.2,Sussex,Surrey,AT Carey,D Wiese,TK Curran,4,0,,,,,,,,,
1167211,2019,2019-08-15,Kennington Oval,2,14.3,Sussex,Surrey,AT Carey,D Wiese,TK Curran,0,1,,,,1,,,,,
1167211,2019,2019-08-15,Kennington Oval,2,14.4,Sussex,Surrey,D Wiese,AT Carey,TK Curran,1,0,,,,,,,,,
1167211,2019,2019-08-15,Kennington Oval,2,14.5,Sussex,Surrey,AT Carey,D Wiese,TK Curran,1,0,,,,,,,,,
1167211,2019,2019-08-15,Kennington Oval,2,14.6,Sussex,Surrey,D Wiese,AT Carey,TK Curran,1,0,,,,,,,,,
1167211,2019,2019-08-15,Kennington Oval,2,15.1,Sussex,Surrey,D Wiese,AT Carey,J Clark,1,0,,,,,,,,,
1167211,2019,2019-08-15,Kennington Oval,2,15.2,Sussex,Surrey,AT Carey,D Wiese,J Clark,0,0,,,,,,,,,
1167211,2019,2019-08-15,Kennington Oval,2,15.3,Sussex,Surrey,AT Carey,D Wiese,J Clark,1,0,,,,,,,,,
1167211,2019,2019-08-15,Kennington Oval,2,15.4,Sussex,Surrey,D Wiese,AT Carey,J Clark,0,0,,,,,,,,,
1167211,2019,2019-08-15,Kennington Oval,2,15.5,Sussex,Surrey,D Wiese,AT Carey,J Clark,6,0,,,,,,,,,
1167211,2019,2019-08-15,Kennington Oval,2,15.6,Sussex,Surrey,D Wiese,AT Carey,J Clark,4,0,,,,,,,,,
1167211,2019,2019-08-15,Kennington Oval,2,16.1,Sussex,Surrey,AT Carey,D Wiese,Imran Tahir,2,0,,,,,,,,,
1167211,2019,2019-08-15,Kennington Oval,2,16.2,Sussex,Surrey,AT Carey,D Wiese,Imran Tahir,1,0,,,,,,,,,
1167211,2019,2019-08-15,Kennington Oval,2,16.3,Sussex,Surrey,D Wiese,AT Carey,Imran Tahir,0,1,,,,1,,,,,
1167211,2019,2019-08-15,Kennington Oval,2,16.4,Sussex,Surrey,AT Carey,D Wiese,Imran Tahir,0,0,,,,,,caught,AT Carey,,
1167211,2019,2019-08-15,Kennington Oval,2,16.5,Sussex,Surrey,D Wiese,DMW Rawlins,Imran Tahir,0,1,1,,,,,,,,
1167211,2019,2019-08-15,Kennington Oval,2,16.6,Sussex,Surrey,D Wiese,DMW Rawlins,Imran Tahir,1,0,,,,,,,,,
1167211,2019,2019-08-15,Kennington Oval,2,16.7,Sussex,Surrey,DMW Rawlins,D Wiese,Imran Tahir,0,0,,,,,,caught,DMW Rawlins,,
1167211,2019,2019-08-15,Kennington Oval,2,17.1,Sussex,Surrey,D Wiese,Rashid Khan,TK Curran,0,0,,,,,,,,,
1167211,2019,2019-08-15,Kennington Oval,2,17.2,Sussex,Surrey,D Wiese,Rashid Khan,TK Curran,1,0,,,,,,,,,
1167211,2019,2019-08-15,Kennington Oval,2,17.3,Sussex,Surrey,Rashid Khan,D Wiese,TK Curran,0,0,,,,,,caught,Rashid Khan,,
1167211,2019,2019-08-15,Kennington Oval,2,17.4,Sussex,Surrey,CJ Jordan,D Wiese,TK Curran,1,0,,,,,,,,,
1167211,2019,2019-08-15,Kennington Oval,2,17.5,Sussex,Surrey,D Wiese,CJ Jordan,TK Curran,1,0,,,,,,,,,
1167211,2019,2019-08-15,Kennington Oval,2,17.6,Sussex,Surrey,CJ Jordan,D Wiese,TK Curran,0,0,,,,,,caught,CJ Jordan,,
1167211,2019,2019-08-15,Kennington Oval,2,18.1,Sussex,Surrey,D Wiese,WAT Beer,JW Dernbach,0,1,1,,,,,,,,
1167211,2019,2019-08-15,Kennington Oval,2,18.2,Sussex,Surrey,D Wiese,WAT Beer,JW Dernbach,0,1,1,,,,,,,,
1167211,2019,2019-08-15,Kennington Oval,2,18.3,Sussex,Surrey,D Wiese,WAT Beer,JW Dernbach,1,0,,,,,,,,,
1167211,2019,2019-08-15,Kennington Oval,2,18.4,Sussex,Surrey,WAT Beer,D Wiese,JW Dernbach,0,0,,,,,,,,,
1167211,2019,2019-08-15,Kennington Oval,2,18.5,Sussex,Surrey,WAT Beer,D Wiese,JW Dernbach,0,0,,,,,,,,,
1167211,2019,2019-08-15,Kennington Oval,2,18.6,Sussex,Surrey,WAT Beer,D Wiese,JW Dernbach,1,0,,,,,,,,,
1167211,2019,2019-08-15,Kennington Oval,2,18.7,Sussex,Surrey,D Wiese,WAT Beer,JW Dernbach,1,0,,,,,,,,,
1167211,2019,2019-08-15,Kennington Oval,2,18.8,Sussex,Surrey,WAT Beer,D Wiese,JW Dernbach,0,0,,,,,,caught,WAT Beer,,
1167211,2019,2019-08-15,Kennington Oval,2,19.1,Sussex,Surrey,DR Briggs,D Wiese,TK Curran,0,1,1,,,,,,,,
1167211,2019,2019-08-15,Kennington Oval,2,19.2,Sussex,Surrey,DR Briggs,D Wiese,TK Curran,1,0,,,,,,,,,
1167211,2019,2019-08-15,Kennington Oval,2,19.3,Sussex,Surrey,D Wiese,DR Briggs,TK Curran,1,0,,,,,,,,,
1167211,2019,2019-08-15,Kennington Oval,2,19.4,Sussex,Surrey,DR Briggs,D Wiese,TK Curran,0,0,,,,,,,,,
1167211,2019,2019-08-15,Kennington Oval,2,19.5,Sussex,Surrey,DR Briggs,D Wiese,SM Curran,0,1,,,,1,,,,,
1167211,2019,2019-08-15,Kennington Oval,2,19.6,Sussex,Surrey,D Wiese,DR Briggs,SM Curran,6,0,,,,,,,,,
1167211,2019,2019-08-15,Kennington Oval,2,19.7,Sussex,Surrey,D Wiese,DR Briggs,SM Curran,2,0,,,,,,,,,
