match_id,season,start_date,venue,innings,ball,batting_team,bowling_team,striker,non_striker,bowler,runs_off_bat,extras,wides,noballs,byes,legbyes,penalty,wicket_type,player_dismissed,other_wicket_type,other_player_dismissed
1167221,2019,2019-08-22,"County Ground, Hove",1,0.1,Essex,Sussex,T Westley,CS Delport,JP Behrendorff,4,0,,,,,,,,,
1167221,2019,2019-08-22,"County Ground, Hove",1,0.2,Essex,Sussex,T Westley,CS Delport,JP Behrendorff,1,0,,,,,,,,,
1167221,2019,2019-08-22,"County Ground, Hove",1,0.3,Essex,Sussex,CS Delport,T Westley,JP Behrendorff,0,0,,,,,,,,,
1167221,2019,2019-08-22,"County Ground, Hove",1,0.4,Essex,Sussex,CS Delport,T Westley,JP Behrendorff,0,0,,,,,,,,,
1167221,2019,2019-08-22,"County Ground, Hove",1,0.5,Essex,Sussex,CS Delport,T Westley,JP Behrendorff,0,0,,,,,,,,,
1167221,2019,2019-08-22,"County Ground, Hove",1,0.6,Essex,Sussex,CS Delport,T Westley,JP Behrendorff,0,0,,,,,,,,,
1167221,2019,2019-08-22,"County Ground, Hove",1,1.1,Essex,Sussex,T Westley,CS Delport,RJW Topley,4,0,,,,,,,,,
1167221,2019,2019-08-22,"County Ground, Hove",1,1.2,Essex,Sussex,T Westley,CS Delport,RJW Topley,0,0,,,,,,,,,
1167221,2019,2019-08-22,"County Ground, Hove",1,1.3,Essex,Sussex,T Westley,CS Delport,RJW Topley,0,0,,,,,,,,,
1167221,2019,2019-08-22,"County Ground, Hove",1,1.4,Essex,Sussex,T Westley,CS Delport,RJW Topley,1,0,,,,,,,,,
1167221,2019,2019-08-22,"County Ground, Hove",1,1.5,Essex,Sussex,CS Delport,T Westley,RJW Topley,0,0,,,,,,,,,
1167221,2019,2019-08-22,"County Ground, Hove",1,1.6,Essex,Sussex,CS Delport,T Westley,RJW Topley,4,0,,,,,,,,,
1167221,2019,2019-08-22,"County Ground, Hove",1,2.1,Essex,Sussex,T Westley,CS Delport,JP Behrendorff,0,0,,,,,,,,,
1167221,2019,2019-08-22,"County Ground, Hove",1,2.2,Essex,Sussex,T Westley,CS Delport,JP Behrendorff,4,0,,,,,,,,,
1167221,2019,2019-08-22,"County Ground, Hove",1,2.3,Essex,Sussex,T Westley,CS Delport,JP Behrendorff,4,0,,,,,,,,,
1167221,2019,2019-08-22,"County Ground, Hove",1,2.4,Essex,Sussex,T Westley,CS Delport,JP Behrendorff,1,0,,,,,,,,,
1167221,2019,2019-08-22,"County Ground, Hove",1,2.5,Essex,Sussex,CS Delport,T Westley,JP Behrendorff,0,0,,,,,,,,,
1167221,2019,2019-08-22,"County Ground, Hove",1,2.6,Essex,Sussex,CS Delport,T Westley,JP Behrendorff,1,0,,,,,,,,,
1167221,2019,2019-08-22,"County Ground, Hove",1,3.1,Essex,Sussex,CS Delport,T Westley,RJW Topley,4,0,,,,,,,,,
1167221,2019,2019-08-22,"County Ground, Hove",1,3.2,Essex,Sussex,CS Delport,T Westley,RJW Topley,0,0,,,,,,caught,CS Delport,,
1167221,2019,2019-08-22,"County Ground, Hove",1,3.3,Essex,Sussex,AJA Wheater,T Westley,RJW Topley,0,0,,,,,,,,,
1167221,2019,2019-08-22,"County Ground, Hove",1,3.4,Essex,Sussex,AJA Wheater,T Westley,RJW Topley,0,0,,,,,,,,,
1167221,2019,2019-08-22,"County Ground, Hove",1,3.5,Essex,Sussex,AJA Wheater,T Westley,RJW Topley,1,0,,,,,,,,,
1167221,2019,2019-08-22,"County Ground, Hove",1,3.6,Essex,Sussex,T Westley,AJA Wheater,RJW Topley,1,0,,,,,,,,,
1167221,2019,2019-08-22,"County Ground, Hove",1,4.1,Essex,Sussex,T Westley,AJA Wheater,CJ Jordan,0,0,,,,,,,,,
1167221,2019,2019-08-22,"County Ground, Hove",1,4.2,Essex,Sussex,T Westley,AJA Wheater,CJ Jordan,0,1,,,,1,,,,,
1167221,2019,2019-08-22,"County Ground, Hove",1,4.3,Essex,Sussex,AJA Wheater,T Westley,CJ Jordan,0,0,,,,,,,,,
1167221,2019,2019-08-22,"County Ground, Hove",1,4.4,Essex,Sussex,AJA Wheater,T Westley,CJ Jordan,4,0,,,,,,,,,
1167221,2019,2019-08-22,"County Ground, Hove",1,4.5,Essex,Sussex,AJA Wheater,T Westley,CJ Jordan,1,0,,,,,,,,,
1167221,2019,2019-08-22,"County Ground, Hove",1,4.6,Essex,Sussex,T Westley,AJA Wheater,CJ Jordan,1,0,,,,,,,,,
1167221,2019,2019-08-22,"County Ground, Hove",1,5.1,Essex,Sussex,T Westley,AJA Wheater,JP Behrendorff,0,0,,,,,,,,,
1167221,2019,2019-08-22,"County Ground, Hove",1,5.2,Essex,Sussex,T Westley,AJA Wheater,JP Behrendorff,2,0,,,,,,,,,
1167221,2019,2019-08-22,"County Ground, Hove",1,5.3,Essex,Sussex,T Westley,AJA Wheater,JP Behrendorff,0,0,,,,,,,,,
1167221,2019,2019-08-22,"County Ground, Hove",1,5.4,Essex,Sussex,T Westley,AJA Wheater,JP Behrendorff,4,0,,,,,,,,,
1167221,2019,2019-08-22,"County Ground, Hove",1,5.5,Essex,Sussex,T Westley,AJA Wheater,JP Behrendorff,0,0,,,,,,run out,AJA Wheater,,
1167221,2019,2019-08-22,"County Ground, Hove",1,5.6,Essex,Sussex,DW Lawrence,T Westley,JP Behrendorff,0,0,,,,,,,,,
1167221,2019,2019-08-22,"County Ground, Hove",1,6.1,Essex,Sussex,T Westley,DW Lawrence,D Wiese,0,0,,,,,,,,,
1167221,2019,2019-08-22,"County Ground, Hove",1,6.2,Essex,Sussex,T Westley,DW Lawrence,D Wiese,4,0,,,,,,,,,
1167221,2019,2019-08-22,"County Ground, Hove",1,6.3,Essex,Sussex,T Westley,DW Lawrence,D Wiese,1,0,,,,,,,,,
1167221,2019,2019-08-22,"County Ground, Hove",1,6.4,Essex,Sussex,DW Lawrence,T Westley,D Wiese,1,0,,,,,,,,,
1167221,2019,2019-08-22,"County Ground, Hove",1,6.5,Essex,Sussex,T Westley,DW Lawrence,D Wiese,1,0,,,,,,,,,
1167221,2019,2019-08-22,"County Ground, Hove",1,6.6,Essex,Sussex,DW Lawrence,T Westley,D Wiese,0,0,,,,,,,,,
1167221,2019,2019-08-22,"County Ground, Hove",1,7.1,Essex,Sussex,T Westley,DW Lawrence,WAT Beer,1,0,,,,,,,,,
1167221,2019,2019-08-22,"County Ground, Hove",1,7.2,Essex,Sussex,DW Lawrence,T Westley,WAT Beer,1,0,,,,,,,,,
1167221,2019,2019-08-22,"County Ground, Hove",1,7.3,Essex,Sussex,T Westley,DW Lawrence,WAT Beer,0,0,,,,,,caught,T Westley,,
1167221,2019,2019-08-22,"County Ground, Hove",1,7.4,Essex,Sussex,DW Lawrence,RN ten Doeschate,WAT Beer,1,0,,,,,,,,,
1167221,2019,2019-08-22,"County Ground, Hove",1,7.5,Essex,Sussex,RN ten Doeschate,DW Lawrence,WAT Beer,2,0,,,,,,,,,
1167221,2019,2019-08-22,"County Ground, Hove",1,7.6,Essex,Sussex,RN ten Doeschate,DW Lawrence,WAT Beer,1,0,,,,,,,,,
1167221,2019,2019-08-22,"County Ground, Hove",1,8.1,Essex,Sussex,RN ten Doeschate,DW Lawrence,DR Briggs,1,0,,,,,,,,,
1167221,2019,2019-08-22,"County Ground, Hove",1,8.2,Essex,Sussex,DW Lawrence,RN ten Doeschate,DR Briggs,1,0,,,,,,,,,
1167221,2019,2019-08-22,"County Ground, Hove",1,8.3,Essex,Sussex,RN ten Doeschate,DW Lawrence,DR Briggs,1,0,,,,,,,,,
1167221,2019,2019-08-22,"County Ground, Hove",1,8.4,Essex,Sussex,DW Lawrence,RN ten Doeschate,DR Briggs,4,0,,,,,,,,,
1167221,2019,2019-08-22,"County Ground, Hove",1,8.5,Essex,Sussex,DW Lawrence,RN ten Doeschate,DR Briggs,1,0,,,,,,,,,
1167221,2019,2019-08-22,"County Ground, Hove",1,8.6,Essex,Sussex,RN ten Doeschate,DW Lawrence,DR Briggs,0,0,,,,,,,,,
1167221,2019,2019-08-22,"County Ground, Hove",1,9.1,Essex,Sussex,DW Lawrence,RN ten Doeschate,WAT Beer,1,0,,,,,,,,,
1167221,2019,2019-08-22,"County Ground, Hove",1,9.2,Essex,Sussex,RN ten Doeschate,DW Lawrence,WAT Beer,0,0,,,,,,,,,
1167221,2019,2019-08-22,"County Ground, Hove",1,9.3,Essex,Sussex,RN ten Doeschate,DW Lawrence,WAT Beer,0,0,,,,,,,,,
1167221,2019,2019-08-22,"County Ground, Hove",1,9.4,Essex,Sussex,RN ten Doeschate,DW Lawrence,WAT Beer,1,0,,,,,,,,,
1167221,2019,2019-08-22,"County Ground, Hove",1,9.5,Essex,Sussex,DW Lawrence,RN ten Doeschate,WAT Beer,1,0,,,,,,,,,
1167221,2019,2019-08-22,"County Ground, Hove",1,9.6,Essex,Sussex,RN ten Doeschate,DW Lawrence,WAT Beer,1,0,,,,,,,,,
1167221,2019,2019-08-22,"County Ground, Hove",1,10.1,Essex,Sussex,RN ten Doeschate,DW Lawrence,DR Briggs,0,1,1,,,,,,,,
1167221,2019,2019-08-22,"County Ground, Hove",1,10.2,Essex,Sussex,RN ten Doeschate,DW Lawrence,DR Briggs,1,0,,,,,,,,,
1167221,2019,2019-08-22,"County Ground, Hove",1,10.3,Essex,Sussex,DW Lawrence,RN ten Doeschate,DR Briggs,6,0,,,,,,,,,
1167221,2019,2019-08-22,"County Ground, Hove",1,10.4,Essex,Sussex,DW Lawrence,RN ten Doeschate,DR Briggs,6,0,,,,,,,,,
1167221,2019,2019-08-22,"County Ground, Hove",1,10.5,Essex,Sussex,DW Lawrence,RN ten Doeschate,DR Briggs,0,0,,,,,,,,,
1167221,2019,2019-08-22,"County Ground, Hove",1,10.6,Essex,Sussex,DW Lawrence,RN ten Doeschate,DR Briggs,1,0,,,,,,,,,
1167221,2019,2019-08-22,"County Ground, Hove",1,10.7,Essex,Sussex,RN ten Doeschate,DW Lawrence,DR Briggs,1,0,,,,,,,,,
1167221,2019,2019-08-22,"County Ground, Hove",1,11.1,Essex,Sussex,RN ten Doeschate,DW Lawrence,WAT Beer,0,0,,,,,,,,,
1167221,2019,2019-08-22,"County Ground, Hove",1,11.2,Essex,Sussex,RN ten Doeschate,DW Lawrence,WAT Beer,0,0,,,,,,caught,RN ten Doeschate,,
1167221,2019,2019-08-22,"County Ground, Hove",1,11.3,Essex,Sussex,DW Lawrence,RS Bopara,WAT Beer,0,0,,,,,,,,,
1167221,2019,2019-08-22,"County Ground, Hove",1,11.4,Essex,Sussex,DW Lawrence,RS Bopara,WAT Beer,0,0,,,,,,,,,
1167221,2019,2019-08-22,"County Ground, Hove",1,11.5,Essex,Sussex,DW Lawrence,RS Bopara,WAT Beer,1,0,,,,,,,,,
1167221,2019,2019-08-22,"County Ground, Hove",1,11.6,Essex,Sussex,RS Bopara,DW Lawrence,WAT Beer,1,0,,,,,,,,,
1167221,2019,2019-08-22,"County Ground, Hove",1,12.1,Essex,Sussex,RS Bopara,DW Lawrence,CJ Jordan,0,1,,,,1,,,,,
1167221,2019,2019-08-22,"County Ground, Hove",1,12.2,Essex,Sussex,DW Lawrence,RS Bopara,CJ Jordan,4,0,,,,,,,,,
1167221,2019,2019-08-22,"County Ground, Hove",1,12.3,Essex,Sussex,DW Lawrence,RS Bopara,CJ Jordan,1,0,,,,,,,,,
1167221,2019,2019-08-22,"County Ground, Hove",1,12.4,Essex,Sussex,RS Bopara,DW Lawrence,CJ Jordan,1,0,,,,,,,,,
1167221,2019,2019-08-22,"County Ground, Hove",1,12.5,Essex,Sussex,DW Lawrence,RS Bopara,CJ Jordan,1,0,,,,,,,,,
1167221,2019,2019-08-22,"County Ground, Hove",1,12.6,Essex,Sussex,RS Bopara,DW Lawrence,CJ Jordan,0,0,,,,,,,,,
1167221,2019,2019-08-22,"County Ground, Hove",1,13.1,Essex,Sussex,DW Lawrence,RS Bopara,WAT Beer,1,0,,,,,,,,,
1167221,2019,2019-08-22,"County Ground, Hove",1,13.2,Essex,Sussex,RS Bopara,DW Lawrence,WAT Beer,1,0,,,,,,,,,
1167221,2019,2019-08-22,"County Ground, Hove",1,13.3,Essex,Sussex,DW Lawrence,RS Bopara,WAT Beer,1,0,,,,,,,,,
1167221,2019,2019-08-22,"County Ground, Hove",1,13.4,Essex,Sussex,RS Bopara,DW Lawrence,WAT Beer,1,0,,,,,,,,,
1167221,2019,2019-08-22,"County Ground, Hove",1,13.5,Essex,Sussex,DW Lawrence,RS Bopara,WAT Beer,2,0,,,,,,,,,
1167221,2019,2019-08-22,"County Ground, Hove",1,13.6,Essex,Sussex,DW Lawrence,RS Bopara,WAT Beer,1,0,,,,,,,,,
1167221,2019,2019-08-22,"County Ground, Hove",1,14.1,Essex,Sussex,DW Lawrence,RS Bopara,D Wiese,6,0,,,,,,,,,
1167221,2019,2019-08-22,"County Ground, Hove",1,14.2,Essex,Sussex,DW Lawrence,RS Bopara,D Wiese,6,0,,,,,,,,,
1167221,2019,2019-08-22,"County Ground, Hove",1,14.3,Essex,Sussex,DW Lawrence,RS Bopara,D Wiese,1,0,,,,,,,,,
1167221,2019,2019-08-22,"County Ground, Hove",1,14.4,Essex,Sussex,RS Bopara,DW Lawrence,D Wiese,0,0,,,,,,,,,
1167221,2019,2019-08-22,"County Ground, Hove",1,14.5,Essex,Sussex,RS Bopara,DW Lawrence,D Wiese,2,0,,,,,,,,,
1167221,2019,2019-08-22,"County Ground, Hove",1,14.6,Essex,Sussex,RS Bopara,DW Lawrence,D Wiese,1,0,,,,,,,,,
1167221,2019,2019-08-22,"County Ground, Hove",1,15.1,Essex,Sussex,RS Bopara,DW Lawrence,JP Behrendorff,3,0,,,,,,,,,
1167221,2019,2019-08-22,"County Ground, Hove",1,15.2,Essex,Sussex,DW Lawrence,RS Bopara,JP Behrendorff,0,0,,,,,,,,,
1167221,2019,2019-08-22,"County Ground, Hove",1,15.3,Essex,Sussex,DW Lawrence,RS Bopara,JP Behrendorff,1,0,,,,,,,,,
1167221,2019,2019-08-22,"County Ground, Hove",1,15.4,Essex,Sussex,RS Bopara,DW Lawrence,JP Behrendorff,0,1,1,,,,,,,,
1167221,2019,2019-08-22,"County Ground, Hove",1,15.5,Essex,Sussex,RS Bopara,DW Lawrence,JP Behrendorff,4,0,,,,,,,,,
1167221,2019,2019-08-22,"County Ground, Hove",1,15.6,Essex,Sussex,RS Bopara,DW Lawrence,JP Behrendorff,1,0,,,,,,,,,
1167221,2019,2019-08-22,"County Ground, Hove",1,15.7,Essex,Sussex,DW Lawrence,RS Bopara,JP Behrendorff,0,2,,2,,,,,,,
1167221,2019,2019-08-22,"County Ground, Hove",1,15.8,Essex,Sussex,DW Lawrence,RS Bopara,JP Behrendorff,1,0,,,,,,,,,
1167221,2019,2019-08-22,"County Ground, Hove",1,16.1,Essex,Sussex,DW Lawrence,RS Bopara,CJ Jordan,0,0,,,,,,,,,
1167221,2019,2019-08-22,"County Ground, Hove",1,16.2,Essex,Sussex,DW Lawrence,RS Bopara,CJ Jordan,1,0,,,,,,,,,
1167221,2019,2019-08-22,"County Ground, Hove",1,16.3,Essex,Sussex,RS Bopara,DW Lawrence,CJ Jordan,1,0,,,,,,,,,
1167221,2019,2019-08-22,"County Ground, Hove",1,16.4,Essex,Sussex,DW Lawrence,RS Bopara,CJ Jordan,1,0,,,,,,,,,
1167221,2019,2019-08-22,"County Ground, Hove",1,16.5,Essex,Sussex,RS Bopara,DW Lawrence,CJ Jordan,4,0,,,,,,,,,
1167221,2019,2019-08-22,"County Ground, Hove",1,16.6,Essex,Sussex,RS Bopara,DW Lawrence,CJ Jordan,1,0,,,,,,,,,
1167221,2019,2019-08-22,"County Ground, Hove",1,17.1,Essex,Sussex,RS Bopara,DW Lawrence,RJW Topley,1,0,,,,,,,,,
1167221,2019,2019-08-22,"County Ground, Hove",1,17.2,Essex,Sussex,DW Lawrence,RS Bopara,RJW Topley,0,0,,,,,,,,,
1167221,2019,2019-08-22,"County Ground, Hove",1,17.3,Essex,Sussex,DW Lawrence,RS Bopara,RJW Topley,0,0,,,,,,,,,
1167221,2019,2019-08-22,"County Ground, Hove",1,17.4,Essex,Sussex,DW Lawrence,RS Bopara,RJW Topley,1,0,,,,,,,,,
1167221,2019,2019-08-22,"County Ground, Hove",1,17.5,Essex,Sussex,RS Bopara,DW Lawrence,RJW Topley,0,0,,,,,,,,,
1167221,2019,2019-08-22,"County Ground, Hove",1,17.6,Essex,Sussex,RS Bopara,DW Lawrence,RJW Topley,4,0,,,,,,,,,
1167221,2019,2019-08-22,"County Ground, Hove",1,18.1,Essex,Sussex,DW Lawrence,RS Bopara,CJ Jordan,1,0,,,,,,,,,
1167221,2019,2019-08-22,"County Ground, Hove",1,18.2,Essex,Sussex,RS Bopara,DW Lawrence,CJ Jordan,4,0,,,,,,,,,
1167221,2019,2019-08-22,"County Ground, Hove",1,18.3,Essex,Sussex,RS Bopara,DW Lawrence,CJ Jordan,6,0,,,,,,,,,
1167221,2019,2019-08-22,"County Ground, Hove",1,18.4,Essex,Sussex,RS Bopara,DW Lawrence,CJ Jordan,1,0,,,,,,,,,
1167221,2019,2019-08-22,"County Ground, Hove",1,18.5,Essex,Sussex,DW Lawrence,RS Bopara,CJ Jordan,0,0,,,,,,,,,
1167221,2019,2019-08-22,"County Ground, Hove",1,18.6,Essex,Sussex,DW Lawrence,RS Bopara,CJ Jordan,1,0,,,,,,,,,
1167221,2019,2019-08-22,"County Ground, Hove",1,19.1,Essex,Sussex,DW Lawrence,RS Bopara,RJW Topley,0,0,,,,,,,,,
1167221,2019,2019-08-22,"County Ground, Hove",1,19.2,Essex,Sussex,DW Lawrence,RS Bopara,RJW Topley,1,0,,,,,,,,,
1167221,2019,2019-08-22,"County Ground, Hove",1,19.3,Essex,Sussex,RS Bopara,DW Lawrence,RJW Topley,6,0,,,,,,,,,
1167221,2019,2019-08-22,"County Ground, Hove",1,19.4,Essex,Sussex,RS Bopara,DW Lawrence,RJW Topley,2,0,,,,,,,,,
1167221,2019,2019-08-22,"County Ground, Hove",1,19.5,Essex,Sussex,RS Bopara,DW Lawrence,RJW Topley,0,0,,,,,,caught,RS Bopara,,
1167221,2019,2019-08-22,"County Ground, Hove",1,19.6,Essex,Sussex,DW Lawrence,PI Walter,RJW Topley,2,0,,,,,,,,,
1167221,2019,2019-08-22,"County Ground, Hove",2,0.1,Sussex,Essex,PD Salt,LJ Wright,Mohammad Amir,2,0,,,,,,,,,
1167221,2019,2019-08-22,"County Ground, Hove",2,0.2,Sussex,Essex,PD Salt,LJ Wright,Mohammad Amir,0,0,,,,,,,,,
1167221,2019,2019-08-22,"County Ground, Hove",2,0.3,Sussex,Essex,PD Salt,LJ Wright,Mohammad Amir,4,0,,,,,,,,,
1167221,2019,2019-08-22,"County Ground, Hove",2,0.4,Sussex,Essex,PD Salt,LJ Wright,Mohammad Amir,0,1,1,,,,,,,,
1167221,2019,2019-08-22,"County Ground, Hove",2,0.5,Sussex,Essex,PD Salt,LJ Wright,Mohammad Amir,0,0,,,,,,caught,PD Salt,,
1167221,2019,2019-08-22,"County Ground, Hove",2,0.6,Sussex,Essex,LJ Wright,LJ Evans,Mohammad Amir,0,0,,,,,,,,,
1167221,2019,2019-08-22,"County Ground, Hove",2,0.7,Sussex,Essex,LJ Wright,LJ Evans,Mohammad Amir,4,0,,,,,,,,,
1167221,2019,2019-08-22,"County Ground, Hove",2,1.1,Sussex,Essex,LJ Evans,LJ Wright,AP Beard,0,0,,,,,,,,,
1167221,2019,2019-08-22,"County Ground, Hove",2,1.2,Sussex,Essex,LJ Evans,LJ Wright,AP Beard,0,0,,,,,,,,,
1167221,2019,2019-08-22,"County Ground, Hove",2,1.3,Sussex,Essex,LJ Evans,LJ Wright,AP Beard,4,0,,,,,,,,,
1167221,2019,2019-08-22,"County Ground, Hove",2,1.4,Sussex,Essex,LJ Evans,LJ Wright,AP Beard,0,0,,,,,,,,,
1167221,2019,2019-08-22,"County Ground, Hove",2,1.5,Sussex,Essex,LJ Evans,LJ Wright,AP Beard,0,0,,,,,,,,,
1167221,2019,2019-08-22,"County Ground, Hove",2,1.6,Sussex,Essex,LJ Evans,LJ Wright,AP Beard,0,0,,,,,,,,,
1167221,2019,2019-08-22,"County Ground, Hove",2,2.1,Sussex,Essex,LJ Wright,LJ Evans,Mohammad Amir,0,0,,,,,,,,,
1167221,2019,2019-08-22,"County Ground, Hove",2,2.2,Sussex,Essex,LJ Wright,LJ Evans,Mohammad Amir,0,0,,,,,,,,,
1167221,2019,2019-08-22,"County Ground, Hove",2,2.3,Sussex,Essex,LJ Wright,LJ Evans,Mohammad Amir,1,0,,,,,,,,,
1167221,2019,2019-08-22,"County Ground, Hove",2,2.4,Sussex,Essex,LJ Evans,LJ Wright,Mohammad Amir,1,0,,,,,,,,,
1167221,2019,2019-08-22,"County Ground, Hove",2,2.5,Sussex,Essex,LJ Wright,LJ Evans,Mohammad Amir,0,0,,,,,,caught,LJ Wright,,
1167221,2019,2019-08-22,"County Ground, Hove",2,2.6,Sussex,Essex,LJ Evans,AT Carey,Mohammad Amir,4,0,,,,,,,,,
1167221,2019,2019-08-22,"County Ground, Hove",2,3.1,Sussex,Essex,AT Carey,LJ Evans,AP Beard,0,0,,,,,,,,,
1167221,2019,2019-08-22,"County Ground, Hove",2,3.2,Sussex,Essex,AT Carey,LJ Evans,AP Beard,1,0,,,,,,,,,
1167221,2019,2019-08-22,"County Ground, Hove",2,3.3,Sussex,Essex,LJ Evans,AT Carey,AP Beard,1,0,,,,,,,,,
1167221,2019,2019-08-22,"County Ground, Hove",2,3.4,Sussex,Essex,AT Carey,LJ Evans,AP Beard,2,0,,,,,,,,,
1167221,2019,2019-08-22,"County Ground, Hove",2,3.5,Sussex,Essex,AT Carey,LJ Evans,AP Beard,0,0,,,,,,caught,AT Carey,,
1167221,2019,2019-08-22,"County Ground, Hove",2,3.6,Sussex,Essex,LJ Evans,D Wiese,AP Beard,4,0,,,,,,,,,
1167221,2019,2019-08-22,"County Ground, Hove",2,4.1,Sussex,Essex,D Wiese,LJ Evans,PI Walter,0,0,,,,,,,,,
1167221,2019,2019-08-22,"County Ground, Hove",2,4.2,Sussex,Essex,D Wiese,LJ Evans,PI Walter,0,0,,,,,,,,,
1167221,2019,2019-08-22,"County Ground, Hove",2,4.3,Sussex,Essex,D Wiese,LJ Evans,PI Walter,4,0,,,,,,,,,
1167221,2019,2019-08-22,"County Ground, Hove",2,4.4,Sussex,Essex,D Wiese,LJ Evans,PI Walter,4,0,,,,,,,,,
1167221,2019,2019-08-22,"County Ground, Hove",2,4.5,Sussex,Essex,D Wiese,LJ Evans,PI Walter,4,0,,,,,,,,,
1167221,2019,2019-08-22,"County Ground, Hove",2,4.6,Sussex,Essex,D Wiese,LJ Evans,PI Walter,4,0,,,,,,,,,
1167221,2019,2019-08-22,"County Ground, Hove",2,5.1,Sussex,Essex,LJ Evans,D Wiese,A Zampa,0,0,,,,,,,,,
1167221,2019,2019-08-22,"County Ground, Hove",2,5.2,Sussex,Essex,LJ Evans,D Wiese,A Zampa,1,0,,,,,,,,,
1167221,2019,2019-08-22,"County Ground, Hove",2,5.3,Sussex,Essex,D Wiese,LJ Evans,A Zampa,1,0,,,,,,,,,
1167221,2019,2019-08-22,"County Ground, Hove",2,5.4,Sussex,Essex,LJ Evans,D Wiese,A Zampa,1,0,,,,,,,,,
1167221,2019,2019-08-22,"County Ground, Hove",2,5.5,Sussex,Essex,D Wiese,LJ Evans,A Zampa,4,0,,,,,,,,,
1167221,2019,2019-08-22,"County Ground, Hove",2,5.6,Sussex,Essex,D Wiese,LJ Evans,A Zampa,0,0,,,,,,,,,
1167221,2019,2019-08-22,"County Ground, Hove",2,6.1,Sussex,Essex,LJ Evans,D Wiese,CS Delport,1,0,,,,,,,,,
1167221,2019,2019-08-22,"County Ground, Hove",2,6.2,Sussex,Essex,D Wiese,LJ Evans,CS Delport,0,0,,,,,,,,,
1167221,2019,2019-08-22,"County Ground, Hove",2,6.3,Sussex,Essex,D Wiese,LJ Evans,CS Delport,6,0,,,,,,,,,
1167221,2019,2019-08-22,"County Ground, Hove",2,6.4,Sussex,Essex,D Wiese,LJ Evans,CS Delport,1,0,,,,,,,,,
1167221,2019,2019-08-22,"County Ground, Hove",2,6.5,Sussex,Essex,LJ Evans,D Wiese,CS Delport,1,0,,,,,,,,,
1167221,2019,2019-08-22,"County Ground, Hove",2,6.6,Sussex,Essex,D Wiese,LJ Evans,CS Delport,1,0,,,,,,,,,
1167221,2019,2019-08-22,"County Ground, Hove",2,7.1,Sussex,Essex,D Wiese,LJ Evans,A Zampa,1,0,,,,,,,,,
1167221,2019,2019-08-22,"County Ground, Hove",2,7.2,Sussex,Essex,LJ Evans,D Wiese,A Zampa,0,0,,,,,,,,,
1167221,2019,2019-08-22,"County Ground, Hove",2,7.3,Sussex,Essex,LJ Evans,D Wiese,A Zampa,4,0,,,,,,,,,
1167221,2019,2019-08-22,"County Ground, Hove",2,7.4,Sussex,Essex,LJ Evans,D Wiese,A Zampa,1,0,,,,,,,,,
1167221,2019,2019-08-22,"County Ground, Hove",2,7.5,Sussex,Essex,D Wiese,LJ Evans,A Zampa,1,0,,,,,,,,,
1167221,2019,2019-08-22,"County Ground, Hove",2,7.6,Sussex,Essex,LJ Evans,D Wiese,A Zampa,1,0,,,,,,,,,
1167221,2019,2019-08-22,"County Ground, Hove",2,8.1,Sussex,Essex,LJ Evans,D Wiese,CS Delport,0,0,,,,,,,,,
1167221,2019,2019-08-22,"County Ground, Hove",2,8.2,Sussex,Essex,LJ Evans,D Wiese,CS Delport,0,0,,,,,,,,,
1167221,2019,2019-08-22,"County Ground, Hove",2,8.3,Sussex,Essex,LJ Evans,D Wiese,CS Delport,1,0,,,,,,,,,
1167221,2019,2019-08-22,"County Ground, Hove",2,8.4,Sussex,Essex,D Wiese,LJ Evans,CS Delport,1,0,,,,,,,,,
1167221,2019,2019-08-22,"County Ground, Hove",2,8.5,Sussex,Essex,LJ Evans,D Wiese,CS Delport,4,0,,,,,,,,,
1167221,2019,2019-08-22,"County Ground, Hove",2,8.6,Sussex,Essex,LJ Evans,D Wiese,CS Delport,1,0,,,,,,,,,
1167221,2019,2019-08-22,"County Ground, Hove",2,9.1,Sussex,Essex,LJ Evans,D Wiese,SR Harmer,1,0,,,,,,,,,
1167221,2019,2019-08-22,"County Ground, Hove",2,9.2,Sussex,Essex,D Wiese,LJ Evans,SR Harmer,1,0,,,,,,,,,
1167221,2019,2019-08-22,"County Ground, Hove",2,9.3,Sussex,Essex,LJ Evans,D Wiese,SR Harmer,1,0,,,,,,,,,
1167221,2019,2019-08-22,"County Ground, Hove",2,9.4,Sussex,Essex,D Wiese,LJ Evans,SR Harmer,4,0,,,,,,,,,
1167221,2019,2019-08-22,"County Ground, Hove",2,9.5,Sussex,Essex,D Wiese,LJ Evans,SR Harmer,1,0,,,,,,,,,
1167221,2019,2019-08-22,"County Ground, Hove",2,9.6,Sussex,Essex,LJ Evans,D Wiese,SR Harmer,1,0,,,,,,,,,
1167221,2019,2019-08-22,"County Ground, Hove",2,10.1,Sussex,Essex,LJ Evans,D Wiese,PI Walter,1,0,,,,,,,,,
1167221,2019,2019-08-22,"County Ground, Hove",2,10.2,Sussex,Essex,D Wiese,LJ Evans,PI Walter,1,0,,,,,,,,,
1167221,2019,2019-08-22,"County Ground, Hove",2,10.3,Sussex,Essex,LJ Evans,D Wiese,PI Walter,1,0,,,,,,,,,
1167221,2019,2019-08-22,"County Ground, Hove",2,10.4,Sussex,Essex,D Wiese,LJ Evans,PI Walter,1,0,,,,,,,,,
1167221,2019,2019-08-22,"County Ground, Hove",2,10.5,Sussex,Essex,LJ Evans,D Wiese,PI Walter,0,0,,,,,,caught,LJ Evans,,
1167221,2019,2019-08-22,"County Ground, Hove",2,10.6,Sussex,Essex,D Wiese,HZ Finch,PI Walter,1,0,,,,,,,,,
1167221,2019,2019-08-22,"County Ground, Hove",2,11.1,Sussex,Essex,D Wiese,HZ Finch,SR Harmer,4,0,,,,,,,,,
1167221,2019,2019-08-22,"County Ground, Hove",2,11.2,Sussex,Essex,D Wiese,HZ Finch,SR Harmer,1,0,,,,,,,,,
1167221,2019,2019-08-22,"County Ground, Hove",2,11.3,Sussex,Essex,HZ Finch,D Wiese,SR Harmer,0,0,,,,,,lbw,HZ Finch,,
1167221,2019,2019-08-22,"County Ground, Hove",2,11.4,Sussex,Essex,CJ Jordan,D Wiese,SR Harmer,0,0,,,,,,,,,
1167221,2019,2019-08-22,"County Ground, Hove",2,11.5,Sussex,Essex,CJ Jordan,D Wiese,SR Harmer,0,0,,,,,,,,,
1167221,2019,2019-08-22,"County Ground, Hove",2,11.6,Sussex,Essex,CJ Jordan,D Wiese,SR Harmer,1,0,,,,,,,,,
1167221,2019,2019-08-22,"County Ground, Hove",2,12.1,Sussex,Essex,CJ Jordan,D Wiese,PI Walter,0,0,,,,,,,,,
1167221,2019,2019-08-22,"County Ground, Hove",2,12.2,Sussex,Essex,CJ Jordan,D Wiese,PI Walter,4,0,,,,,,,,,
1167221,2019,2019-08-22,"County Ground, Hove",2,12.3,Sussex,Essex,CJ Jordan,D Wiese,PI Walter,1,0,,,,,,,,,
1167221,2019,2019-08-22,"County Ground, Hove",2,12.4,Sussex,Essex,D Wiese,CJ Jordan,PI Walter,0,0,,,,,,,,,
1167221,2019,2019-08-22,"County Ground, Hove",2,12.5,Sussex,Essex,D Wiese,CJ Jordan,PI Walter,4,0,,,,,,,,,
1167221,2019,2019-08-22,"County Ground, Hove",2,12.6,Sussex,Essex,D Wiese,CJ Jordan,PI Walter,1,0,,,,,,,,,
1167221,2019,2019-08-22,"County Ground, Hove",2,13.1,Sussex,Essex,D Wiese,CJ Jordan,A Zampa,0,0,,,,,,,,,
1167221,2019,2019-08-22,"County Ground, Hove",2,13.2,Sussex,Essex,D Wiese,CJ Jordan,A Zampa,1,0,,,,,,,,,
1167221,2019,2019-08-22,"County Ground, Hove",2,13.3,Sussex,Essex,CJ Jordan,D Wiese,A Zampa,0,0,,,,,,,,,
1167221,2019,2019-08-22,"County Ground, Hove",2,13.4,Sussex,Essex,CJ Jordan,D Wiese,A Zampa,1,0,,,,,,,,,
1167221,2019,2019-08-22,"County Ground, Hove",2,13.5,Sussex,Essex,D Wiese,CJ Jordan,A Zampa,2,0,,,,,,,,,
1167221,2019,2019-08-22,"County Ground, Hove",2,13.6,Sussex,Essex,D Wiese,CJ Jordan,A Zampa,1,0,,,,,,,,,
1167221,2019,2019-08-22,"County Ground, Hove",2,14.1,Sussex,Essex,D Wiese,CJ Jordan,AP Beard,0,4,,,4,,,,,,
1167221,2019,2019-08-22,"County Ground, Hove",2,14.2,Sussex,Essex,D Wiese,CJ Jordan,AP Beard,0,0,,,,,,,,,
1167221,2019,2019-08-22,"County Ground, Hove",2,14.3,Sussex,Essex,D Wiese,CJ Jordan,AP Beard,4,0,,,,,,,,,
1167221,2019,2019-08-22,"County Ground, Hove",2,14.4,Sussex,Essex,D Wiese,CJ Jordan,AP Beard,1,0,,,,,,,,,
1167221,2019,2019-08-22,"County Ground, Hove",2,14.5,Sussex,Essex,CJ Jordan,D Wiese,AP Beard,0,1,1,,,,,,,,
1167221,2019,2019-08-22,"County Ground, Hove",2,14.6,Sussex,Essex,CJ Jordan,D Wiese,AP Beard,1,0,,,,,,,,,
1167221,2019,2019-08-22,"County Ground, Hove",2,14.7,Sussex,Essex,D Wiese,CJ Jordan,AP Beard,6,0,,,,,,,,,
1167221,2019,2019-08-22,"County Ground, Hove",2,15.1,Sussex,Essex,CJ Jordan,D Wiese,SR Harmer,1,0,,,,,,,,,
1167221,2019,2019-08-22,"County Ground, Hove",2,15.2,Sussex,Essex,D Wiese,CJ Jordan,SR Harmer,0,0,,,,,,lbw,D Wiese,,
1167221,2019,2019-08-22,"County Ground, Hove",2,15.3,Sussex,Essex,WAT Beer,CJ Jordan,SR Harmer,1,0,,,,,,,,,
1167221,2019,2019-08-22,"County Ground, Hove",2,15.4,Sussex,Essex,CJ Jordan,WAT Beer,SR Harmer,1,0,,,,,,,,,
1167221,2019,2019-08-22,"County Ground, Hove",2,15.5,Sussex,Essex,WAT Beer,CJ Jordan,SR Harmer,0,0,,,,,,,,,
1167221,2019,2019-08-22,"County Ground, Hove",2,15.6,Sussex,Essex,WAT Beer,CJ Jordan,SR Harmer,1,0,,,,,,,,,
1167221,2019,2019-08-22,"County Ground, Hove",2,16.1,Sussex,Essex,WAT Beer,CJ Jordan,Mohammad Amir,1,0,,,,,,,,,
1167221,2019,2019-08-22,"County Ground, Hove",2,16.2,Sussex,Essex,CJ Jordan,WAT Beer,Mohammad Amir,4,0,,,,,,,,,
1167221,2019,2019-08-22,"County Ground, Hove",2,16.3,Sussex,Essex,CJ Jordan,WAT Beer,Mohammad Amir,4,0,,,,,,,,,
1167221,2019,2019-08-22,"County Ground, Hove",2,16.4,Sussex,Essex,CJ Jordan,WAT Beer,Mohammad Amir,0,0,,,,,,,,,
1167221,2019,2019-08-22,"County Ground, Hove",2,16.5,Sussex,Essex,CJ Jordan,WAT Beer,Mohammad Amir,0,0,,,,,,,,,
1167221,2019,2019-08-22,"County Ground, Hove",2,16.6,Sussex,Essex,CJ Jordan,WAT Beer,Mohammad Amir,0,4,,,,4,,,,,
1167221,2019,2019-08-22,"County Ground, Hove",2,17.1,Sussex,Essex,WAT Beer,CJ Jordan,A Zampa,0,0,,,,,,caught,WAT Beer,,
1167221,2019,2019-08-22,"County Ground, Hove",2,17.2,Sussex,Essex,DR Briggs,CJ Jordan,A Zampa,0,0,,,,,,,,,
1167221,2019,2019-08-22,"County Ground, Hove",2,17.3,Sussex,Essex,DR Briggs,CJ Jordan,A Zampa,1,0,,,,,,,,,
1167221,2019,2019-08-22,"County Ground, Hove",2,17.4,Sussex,Essex,CJ Jordan,DR Briggs,A Zampa,0,0,,,,,,,,,
1167221,2019,2019-08-22,"County Ground, Hove",2,17.5,Sussex,Essex,CJ Jordan,DR Briggs,A Zampa,1,0,,,,,,,,,
1167221,2019,2019-08-22,"County Ground, Hove",2,17.6,Sussex,Essex,DR Briggs,CJ Jordan,A Zampa,0,0,,,,,,,,,
1167221,2019,2019-08-22,"County Ground, Hove",2,18.1,Sussex,Essex,CJ Jordan,DR Briggs,Mohammad Amir,0,0,,,,,,caught,CJ Jordan,,
1167221,2019,2019-08-22,"County Ground, Hove",2,18.2,Sussex,Essex,JP Behrendorff,DR Briggs,Mohammad Amir,1,0,,,,,,,,,
1167221,2019,2019-08-22,"County Ground, Hove",2,18.3,Sussex,Essex,DR Briggs,JP Behrendorff,Mohammad Amir,0,0,,,,,,,,,
1167221,2019,2019-08-22,"County Ground, Hove",2,18.4,Sussex,Essex,DR Briggs,JP Behrendorff,Mohammad Amir,1,0,,,,,,,,,
1167221,2019,2019-08-22,"County Ground, Hove",2,18.5,Sussex,Essex,JP Behrendorff,DR Briggs,Mohammad Amir,0,0,,,,,,bowled,JP Behrendorff,,
1167221,2019,2019-08-22,"County Ground, Hove",2,18.6,Sussex,Essex,RJW Topley,DR Briggs,Mohammad Amir,1,0,,,,,,,,,
1167221,2019,2019-08-22,"County Ground, Hove",2,19.1,Sussex,Essex,RJW Topley,DR Briggs,AP Beard,0,0,,,,,,,,,
1167221,2019,2019-08-22,"County Ground, Hove",2,19.2,Sussex,Essex,RJW Topley,DR Briggs,AP Beard,0,1,,,,1,,,,,
1167221,2019,2019-08-22,"County Ground, Hove",2,19.3,Sussex,Essex,DR Briggs,RJW Topley,AP Beard,0,1,1,,,,,,,,
1167221,2019,2019-08-22,"County Ground, Hove",2,19.4,Sussex,Essex,DR Briggs,RJW Topley,AP Beard,1,0,,,,,,,,,
1167221,2019,2019-08-22,"County Ground, Hove",2,19.5,Sussex,Essex,RJW Topley,DR Briggs,AP Beard,1,0,,,,,,,,,
1167221,2019,2019-08-22,"County Ground, Hove",2,19.6,Sussex,Essex,DR Briggs,RJW Topley,AP Beard,0,0,,,,,,,,,
1167221,2019,2019-08-22,"County Ground, Hove",2,19.7,Sussex,Essex,DR Briggs,RJW Topley,AP Beard,4,0,,,,,,,,,
