match_id,season,start_date,venue,innings,ball,batting_team,bowling_team,striker,non_striker,bowler,runs_off_bat,extras,wides,noballs,byes,legbyes,penalty,wicket_type,player_dismissed,other_wicket_type,other_player_dismissed
1167235,2019,2019-08-25,Trent Bridge,1,0.1,Nottinghamshire,Yorkshire,JM Clarke,AD Hales,A Lyth,0,0,,,,,,,,,
1167235,2019,2019-08-25,Trent Bridge,1,0.2,Nottinghamshire,Yorkshire,JM Clarke,AD Hales,A Lyth,1,0,,,,,,,,,
1167235,2019,2019-08-25,Trent Bridge,1,0.3,Nottinghamshire,Yorkshire,AD Hales,JM Clarke,A Lyth,0,0,,,,,,,,,
1167235,2019,2019-08-25,Trent Bridge,1,0.4,Nottinghamshire,Yorkshire,AD Hales,JM Clarke,A Lyth,0,0,,,,,,,,,
1167235,2019,2019-08-25,Trent Bridge,1,0.5,Nottinghamshire,Yorkshire,AD Hales,JM Clarke,A Lyth,0,0,,,,,,,,,
1167235,2019,2019-08-25,Trent Bridge,1,0.6,Nottinghamshire,Yorkshire,AD Hales,JM Clarke,A Lyth,0,0,,,,,,,,,
1167235,2019,2019-08-25,Trent Bridge,1,1.1,Nottinghamshire,Yorkshire,JM Clarke,AD Hales,DJ Willey,2,0,,,,,,,,,
1167235,2019,2019-08-25,Trent Bridge,1,1.2,Nottinghamshire,Yorkshire,JM Clarke,AD Hales,DJ Willey,0,0,,,,,,,,,
1167235,2019,2019-08-25,Trent Bridge,1,1.3,Nottinghamshire,Yorkshire,JM Clarke,AD Hales,DJ Willey,0,0,,,,,,,,,
1167235,2019,2019-08-25,Trent Bridge,1,1.4,Nottinghamshire,Yorkshire,JM Clarke,AD Hales,DJ Willey,1,0,,,,,,,,,
1167235,2019,2019-08-25,Trent Bridge,1,1.5,Nottinghamshire,Yorkshire,AD Hales,JM Clarke,DJ Willey,2,0,,,,,,,,,
1167235,2019,2019-08-25,Trent Bridge,1,1.6,Nottinghamshire,Yorkshire,AD Hales,JM Clarke,DJ Willey,0,1,1,,,,,,,,
1167235,2019,2019-08-25,Trent Bridge,1,1.7,Nottinghamshire,Yorkshire,AD Hales,JM Clarke,DJ Willey,1,0,,,,,,,,,
1167235,2019,2019-08-25,Trent Bridge,1,2.1,Nottinghamshire,Yorkshire,AD Hales,JM Clarke,TT Bresnan,4,0,,,,,,,,,
1167235,2019,2019-08-25,Trent Bridge,1,2.2,Nottinghamshire,Yorkshire,AD Hales,JM Clarke,TT Bresnan,0,0,,,,,,,,,
1167235,2019,2019-08-25,Trent Bridge,1,2.3,Nottinghamshire,Yorkshire,AD Hales,JM Clarke,TT Bresnan,0,0,,,,,,,,,
1167235,2019,2019-08-25,Trent Bridge,1,2.4,Nottinghamshire,Yorkshire,AD Hales,JM Clarke,TT Bresnan,0,0,,,,,,caught,AD Hales,,
1167235,2019,2019-08-25,Trent Bridge,1,2.5,Nottinghamshire,Yorkshire,BM Duckett,JM Clarke,TT Bresnan,0,0,,,,,,,,,
1167235,2019,2019-08-25,Trent Bridge,1,2.6,Nottinghamshire,Yorkshire,BM Duckett,JM Clarke,TT Bresnan,1,0,,,,,,,,,
1167235,2019,2019-08-25,Trent Bridge,1,3.1,Nottinghamshire,Yorkshire,BM Duckett,JM Clarke,JA Thompson,0,0,,,,,,,,,
1167235,2019,2019-08-25,Trent Bridge,1,3.2,Nottinghamshire,Yorkshire,BM Duckett,JM Clarke,JA Thompson,0,0,,,,,,,,,
1167235,2019,2019-08-25,Trent Bridge,1,3.3,Nottinghamshire,Yorkshire,BM Duckett,JM Clarke,JA Thompson,1,0,,,,,,,,,
1167235,2019,2019-08-25,Trent Bridge,1,3.4,Nottinghamshire,Yorkshire,JM Clarke,BM Duckett,JA Thompson,1,0,,,,,,,,,
1167235,2019,2019-08-25,Trent Bridge,1,3.5,Nottinghamshire,Yorkshire,BM Duckett,JM Clarke,JA Thompson,0,0,,,,,,,,,
1167235,2019,2019-08-25,Trent Bridge,1,3.6,Nottinghamshire,Yorkshire,BM Duckett,JM Clarke,JA Thompson,0,0,,,,,,,,,
1167235,2019,2019-08-25,Trent Bridge,1,4.1,Nottinghamshire,Yorkshire,JM Clarke,BM Duckett,TT Bresnan,0,0,,,,,,,,,
1167235,2019,2019-08-25,Trent Bridge,1,4.2,Nottinghamshire,Yorkshire,JM Clarke,BM Duckett,TT Bresnan,1,0,,,,,,,,,
1167235,2019,2019-08-25,Trent Bridge,1,4.3,Nottinghamshire,Yorkshire,BM Duckett,JM Clarke,TT Bresnan,0,0,,,,,,caught,BM Duckett,,
1167235,2019,2019-08-25,Trent Bridge,1,4.4,Nottinghamshire,Yorkshire,JM Clarke,JD Libby,TT Bresnan,0,0,,,,,,,,,
1167235,2019,2019-08-25,Trent Bridge,1,4.5,Nottinghamshire,Yorkshire,JM Clarke,JD Libby,TT Bresnan,4,0,,,,,,,,,
1167235,2019,2019-08-25,Trent Bridge,1,4.6,Nottinghamshire,Yorkshire,JM Clarke,JD Libby,TT Bresnan,2,0,,,,,,,,,
1167235,2019,2019-08-25,Trent Bridge,1,5.1,Nottinghamshire,Yorkshire,JD Libby,JM Clarke,DJ Willey,4,0,,,,,,,,,
1167235,2019,2019-08-25,Trent Bridge,1,5.2,Nottinghamshire,Yorkshire,JD Libby,JM Clarke,DJ Willey,0,0,,,,,,,,,
1167235,2019,2019-08-25,Trent Bridge,1,5.3,Nottinghamshire,Yorkshire,JD Libby,JM Clarke,DJ Willey,0,0,,,,,,,,,
1167235,2019,2019-08-25,Trent Bridge,1,5.4,Nottinghamshire,Yorkshire,JD Libby,JM Clarke,DJ Willey,0,0,,,,,,,,,
1167235,2019,2019-08-25,Trent Bridge,1,5.5,Nottinghamshire,Yorkshire,JD Libby,JM Clarke,DJ Willey,0,0,,,,,,,,,
1167235,2019,2019-08-25,Trent Bridge,1,5.6,Nottinghamshire,Yorkshire,JD Libby,JM Clarke,DJ Willey,4,0,,,,,,,,,
1167235,2019,2019-08-25,Trent Bridge,1,6.1,Nottinghamshire,Yorkshire,JM Clarke,JD Libby,TT Bresnan,0,0,,,,,,,,,
1167235,2019,2019-08-25,Trent Bridge,1,6.2,Nottinghamshire,Yorkshire,JM Clarke,JD Libby,TT Bresnan,1,0,,,,,,,,,
1167235,2019,2019-08-25,Trent Bridge,1,6.3,Nottinghamshire,Yorkshire,JD Libby,JM Clarke,TT Bresnan,0,0,,,,,,,,,
1167235,2019,2019-08-25,Trent Bridge,1,6.4,Nottinghamshire,Yorkshire,JD Libby,JM Clarke,TT Bresnan,1,0,,,,,,,,,
1167235,2019,2019-08-25,Trent Bridge,1,6.5,Nottinghamshire,Yorkshire,JM Clarke,JD Libby,TT Bresnan,1,0,,,,,,,,,
1167235,2019,2019-08-25,Trent Bridge,1,6.6,Nottinghamshire,Yorkshire,JD Libby,JM Clarke,TT Bresnan,2,0,,,,,,,,,
1167235,2019,2019-08-25,Trent Bridge,1,7.1,Nottinghamshire,Yorkshire,JM Clarke,JD Libby,KA Maharaj,0,0,,,,,,,,,
1167235,2019,2019-08-25,Trent Bridge,1,7.2,Nottinghamshire,Yorkshire,JM Clarke,JD Libby,KA Maharaj,0,0,,,,,,,,,
1167235,2019,2019-08-25,Trent Bridge,1,7.3,Nottinghamshire,Yorkshire,JM Clarke,JD Libby,KA Maharaj,1,0,,,,,,,,,
1167235,2019,2019-08-25,Trent Bridge,1,7.4,Nottinghamshire,Yorkshire,JD Libby,JM Clarke,KA Maharaj,2,0,,,,,,,,,
1167235,2019,2019-08-25,Trent Bridge,1,7.5,Nottinghamshire,Yorkshire,JD Libby,JM Clarke,KA Maharaj,1,0,,,,,,,,,
1167235,2019,2019-08-25,Trent Bridge,1,7.6,Nottinghamshire,Yorkshire,JM Clarke,JD Libby,KA Maharaj,0,0,,,,,,,,,
1167235,2019,2019-08-25,Trent Bridge,1,8.1,Nottinghamshire,Yorkshire,JD Libby,JM Clarke,JW Shutt,1,0,,,,,,,,,
1167235,2019,2019-08-25,Trent Bridge,1,8.2,Nottinghamshire,Yorkshire,JM Clarke,JD Libby,JW Shutt,4,0,,,,,,,,,
1167235,2019,2019-08-25,Trent Bridge,1,8.3,Nottinghamshire,Yorkshire,JM Clarke,JD Libby,JW Shutt,1,0,,,,,,,,,
1167235,2019,2019-08-25,Trent Bridge,1,8.4,Nottinghamshire,Yorkshire,JD Libby,JM Clarke,JW Shutt,1,0,,,,,,,,,
1167235,2019,2019-08-25,Trent Bridge,1,8.5,Nottinghamshire,Yorkshire,JM Clarke,JD Libby,JW Shutt,0,0,,,,,,,,,
1167235,2019,2019-08-25,Trent Bridge,1,8.6,Nottinghamshire,Yorkshire,JM Clarke,JD Libby,JW Shutt,0,0,,,,,,,,,
1167235,2019,2019-08-25,Trent Bridge,1,9.1,Nottinghamshire,Yorkshire,JD Libby,JM Clarke,KA Maharaj,1,0,,,,,,,,,
1167235,2019,2019-08-25,Trent Bridge,1,9.2,Nottinghamshire,Yorkshire,JM Clarke,JD Libby,KA Maharaj,0,0,,,,,,,,,
1167235,2019,2019-08-25,Trent Bridge,1,9.3,Nottinghamshire,Yorkshire,JM Clarke,JD Libby,KA Maharaj,1,0,,,,,,,,,
1167235,2019,2019-08-25,Trent Bridge,1,9.4,Nottinghamshire,Yorkshire,JD Libby,JM Clarke,KA Maharaj,0,0,,,,,,,,,
1167235,2019,2019-08-25,Trent Bridge,1,9.5,Nottinghamshire,Yorkshire,JD Libby,JM Clarke,KA Maharaj,1,0,,,,,,,,,
1167235,2019,2019-08-25,Trent Bridge,1,9.6,Nottinghamshire,Yorkshire,JM Clarke,JD Libby,KA Maharaj,1,0,,,,,,,,,
1167235,2019,2019-08-25,Trent Bridge,1,10.1,Nottinghamshire,Yorkshire,JM Clarke,JD Libby,JW Shutt,1,0,,,,,,,,,
1167235,2019,2019-08-25,Trent Bridge,1,10.2,Nottinghamshire,Yorkshire,JD Libby,JM Clarke,JW Shutt,1,0,,,,,,,,,
1167235,2019,2019-08-25,Trent Bridge,1,10.3,Nottinghamshire,Yorkshire,JM Clarke,JD Libby,JW Shutt,1,0,,,,,,,,,
1167235,2019,2019-08-25,Trent Bridge,1,10.4,Nottinghamshire,Yorkshire,JD Libby,JM Clarke,JW Shutt,2,0,,,,,,,,,
1167235,2019,2019-08-25,Trent Bridge,1,10.5,Nottinghamshire,Yorkshire,JD Libby,JM Clarke,JW Shutt,1,0,,,,,,,,,
1167235,2019,2019-08-25,Trent Bridge,1,10.6,Nottinghamshire,Yorkshire,JM Clarke,JD Libby,JW Shutt,1,0,,,,,,,,,
1167235,2019,2019-08-25,Trent Bridge,1,11.1,Nottinghamshire,Yorkshire,JM Clarke,JD Libby,KA Maharaj,0,0,,,,,,,,,
1167235,2019,2019-08-25,Trent Bridge,1,11.2,Nottinghamshire,Yorkshire,JM Clarke,JD Libby,KA Maharaj,2,0,,,,,,,,,
1167235,2019,2019-08-25,Trent Bridge,1,11.3,Nottinghamshire,Yorkshire,JM Clarke,JD Libby,KA Maharaj,0,0,,,,,,,,,
1167235,2019,2019-08-25,Trent Bridge,1,11.4,Nottinghamshire,Yorkshire,JM Clarke,JD Libby,KA Maharaj,0,0,,,,,,,,,
1167235,2019,2019-08-25,Trent Bridge,1,11.5,Nottinghamshire,Yorkshire,JM Clarke,JD Libby,KA Maharaj,1,0,,,,,,,,,
1167235,2019,2019-08-25,Trent Bridge,1,11.6,Nottinghamshire,Yorkshire,JD Libby,JM Clarke,KA Maharaj,1,0,,,,,,,,,
1167235,2019,2019-08-25,Trent Bridge,1,12.1,Nottinghamshire,Yorkshire,JD Libby,JM Clarke,JA Thompson,4,0,,,,,,,,,
1167235,2019,2019-08-25,Trent Bridge,1,12.2,Nottinghamshire,Yorkshire,JD Libby,JM Clarke,JA Thompson,2,0,,,,,,,,,
1167235,2019,2019-08-25,Trent Bridge,1,12.3,Nottinghamshire,Yorkshire,JD Libby,JM Clarke,JA Thompson,1,0,,,,,,,,,
1167235,2019,2019-08-25,Trent Bridge,1,12.4,Nottinghamshire,Yorkshire,JM Clarke,JD Libby,JA Thompson,6,0,,,,,,,,,
1167235,2019,2019-08-25,Trent Bridge,1,12.5,Nottinghamshire,Yorkshire,JM Clarke,JD Libby,JA Thompson,0,0,,,,,,,,,
1167235,2019,2019-08-25,Trent Bridge,1,12.6,Nottinghamshire,Yorkshire,JM Clarke,JD Libby,JA Thompson,2,0,,,,,,,,,
1167235,2019,2019-08-25,Trent Bridge,1,13.1,Nottinghamshire,Yorkshire,JD Libby,JM Clarke,A Lyth,4,0,,,,,,,,,
1167235,2019,2019-08-25,Trent Bridge,1,13.2,Nottinghamshire,Yorkshire,JD Libby,JM Clarke,A Lyth,1,0,,,,,,,,,
1167235,2019,2019-08-25,Trent Bridge,1,13.3,Nottinghamshire,Yorkshire,JM Clarke,JD Libby,A Lyth,0,0,,,,,,,,,
1167235,2019,2019-08-25,Trent Bridge,1,13.4,Nottinghamshire,Yorkshire,JM Clarke,JD Libby,A Lyth,1,0,,,,,,,,,
1167235,2019,2019-08-25,Trent Bridge,1,13.5,Nottinghamshire,Yorkshire,JD Libby,JM Clarke,A Lyth,0,0,,,,,,caught,JD Libby,,
1167235,2019,2019-08-25,Trent Bridge,1,13.6,Nottinghamshire,Yorkshire,JM Clarke,TJ Moores,A Lyth,4,0,,,,,,,,,
1167235,2019,2019-08-25,Trent Bridge,1,14.1,Nottinghamshire,Yorkshire,TJ Moores,JM Clarke,JW Shutt,1,0,,,,,,,,,
1167235,2019,2019-08-25,Trent Bridge,1,14.2,Nottinghamshire,Yorkshire,JM Clarke,TJ Moores,JW Shutt,0,0,,,,,,,,,
1167235,2019,2019-08-25,Trent Bridge,1,14.3,Nottinghamshire,Yorkshire,JM Clarke,TJ Moores,JW Shutt,1,0,,,,,,,,,
1167235,2019,2019-08-25,Trent Bridge,1,14.4,Nottinghamshire,Yorkshire,TJ Moores,JM Clarke,JW Shutt,0,0,,,,,,,,,
1167235,2019,2019-08-25,Trent Bridge,1,14.5,Nottinghamshire,Yorkshire,TJ Moores,JM Clarke,JW Shutt,1,0,,,,,,,,,
1167235,2019,2019-08-25,Trent Bridge,1,14.6,Nottinghamshire,Yorkshire,JM Clarke,TJ Moores,JW Shutt,1,0,,,,,,,,,
1167235,2019,2019-08-25,Trent Bridge,1,15.1,Nottinghamshire,Yorkshire,JM Clarke,TJ Moores,A Lyth,6,0,,,,,,,,,
1167235,2019,2019-08-25,Trent Bridge,1,15.2,Nottinghamshire,Yorkshire,JM Clarke,TJ Moores,A Lyth,1,0,,,,,,,,,
1167235,2019,2019-08-25,Trent Bridge,1,15.3,Nottinghamshire,Yorkshire,TJ Moores,JM Clarke,A Lyth,0,1,1,,,,,,,,
1167235,2019,2019-08-25,Trent Bridge,1,15.4,Nottinghamshire,Yorkshire,TJ Moores,JM Clarke,A Lyth,0,0,,,,,,caught,TJ Moores,,
1167235,2019,2019-08-25,Trent Bridge,1,15.5,Nottinghamshire,Yorkshire,JM Clarke,DT Christian,A Lyth,0,0,,,,,,caught,JM Clarke,,
1167235,2019,2019-08-25,Trent Bridge,1,15.6,Nottinghamshire,Yorkshire,SR Patel,DT Christian,A Lyth,1,0,,,,,,,,,
1167235,2019,2019-08-25,Trent Bridge,1,15.7,Nottinghamshire,Yorkshire,DT Christian,SR Patel,A Lyth,0,0,,,,,,,,,
1167235,2019,2019-08-25,Trent Bridge,1,16.1,Nottinghamshire,Yorkshire,SR Patel,DT Christian,JW Shutt,1,0,,,,,,,,,
1167235,2019,2019-08-25,Trent Bridge,1,16.2,Nottinghamshire,Yorkshire,DT Christian,SR Patel,JW Shutt,1,0,,,,,,,,,
1167235,2019,2019-08-25,Trent Bridge,1,16.3,Nottinghamshire,Yorkshire,SR Patel,DT Christian,JW Shutt,2,0,,,,,,,,,
1167235,2019,2019-08-25,Trent Bridge,1,16.4,Nottinghamshire,Yorkshire,SR Patel,DT Christian,JW Shutt,1,0,,,,,,,,,
1167235,2019,2019-08-25,Trent Bridge,1,16.5,Nottinghamshire,Yorkshire,DT Christian,SR Patel,JW Shutt,0,0,,,,,,,,,
1167235,2019,2019-08-25,Trent Bridge,1,16.6,Nottinghamshire,Yorkshire,DT Christian,SR Patel,JW Shutt,1,0,,,,,,,,,
1167235,2019,2019-08-25,Trent Bridge,1,17.1,Nottinghamshire,Yorkshire,DT Christian,SR Patel,KA Maharaj,1,0,,,,,,,,,
1167235,2019,2019-08-25,Trent Bridge,1,17.2,Nottinghamshire,Yorkshire,SR Patel,DT Christian,KA Maharaj,4,0,,,,,,,,,
1167235,2019,2019-08-25,Trent Bridge,1,17.3,Nottinghamshire,Yorkshire,SR Patel,DT Christian,KA Maharaj,1,0,,,,,,,,,
1167235,2019,2019-08-25,Trent Bridge,1,17.4,Nottinghamshire,Yorkshire,DT Christian,SR Patel,KA Maharaj,0,0,,,,,,,,,
1167235,2019,2019-08-25,Trent Bridge,1,17.5,Nottinghamshire,Yorkshire,DT Christian,SR Patel,KA Maharaj,2,0,,,,,,,,,
1167235,2019,2019-08-25,Trent Bridge,1,17.6,Nottinghamshire,Yorkshire,DT Christian,SR Patel,KA Maharaj,6,0,,,,,,,,,
1167235,2019,2019-08-25,Trent Bridge,1,18.1,Nottinghamshire,Yorkshire,SR Patel,DT Christian,DJ Willey,1,0,,,,,,,,,
1167235,2019,2019-08-25,Trent Bridge,1,18.2,Nottinghamshire,Yorkshire,DT Christian,SR Patel,DJ Willey,4,0,,,,,,,,,
1167235,2019,2019-08-25,Trent Bridge,1,18.3,Nottinghamshire,Yorkshire,DT Christian,SR Patel,DJ Willey,6,0,,,,,,,,,
1167235,2019,2019-08-25,Trent Bridge,1,18.4,Nottinghamshire,Yorkshire,DT Christian,SR Patel,DJ Willey,6,0,,,,,,,,,
1167235,2019,2019-08-25,Trent Bridge,1,18.5,Nottinghamshire,Yorkshire,DT Christian,SR Patel,DJ Willey,0,0,,,,,,,,,
1167235,2019,2019-08-25,Trent Bridge,1,18.6,Nottinghamshire,Yorkshire,DT Christian,SR Patel,DJ Willey,0,0,,,,,,,,,
1167235,2019,2019-08-25,Trent Bridge,1,19.1,Nottinghamshire,Yorkshire,SR Patel,DT Christian,A Lyth,0,0,,,,,,caught,SR Patel,,
1167235,2019,2019-08-25,Trent Bridge,1,19.2,Nottinghamshire,Yorkshire,DT Christian,LJ Fletcher,A Lyth,2,0,,,,,,,,,
1167235,2019,2019-08-25,Trent Bridge,1,19.3,Nottinghamshire,Yorkshire,DT Christian,LJ Fletcher,A Lyth,2,0,,,,,,,,,
1167235,2019,2019-08-25,Trent Bridge,1,19.4,Nottinghamshire,Yorkshire,DT Christian,LJ Fletcher,A Lyth,0,1,1,,,,,,,,
1167235,2019,2019-08-25,Trent Bridge,1,19.5,Nottinghamshire,Yorkshire,DT Christian,LJ Fletcher,A Lyth,0,1,,,,1,,,,,
1167235,2019,2019-08-25,Trent Bridge,1,19.6,Nottinghamshire,Yorkshire,LJ Fletcher,DT Christian,A Lyth,6,0,,,,,,,,,
1167235,2019,2019-08-25,Trent Bridge,1,19.7,Nottinghamshire,Yorkshire,LJ Fletcher,DT Christian,A Lyth,0,0,,,,,,caught,LJ Fletcher,,
1167235,2019,2019-08-25,Trent Bridge,2,0.1,Yorkshire,Nottinghamshire,A Lyth,T Kohler-Cadmore,L Wood,0,0,,,,,,,,,
1167235,2019,2019-08-25,Trent Bridge,2,0.2,Yorkshire,Nottinghamshire,A Lyth,T Kohler-Cadmore,L Wood,0,0,,,,,,,,,
1167235,2019,2019-08-25,Trent Bridge,2,0.3,Yorkshire,Nottinghamshire,A Lyth,T Kohler-Cadmore,L Wood,0,0,,,,,,,,,
1167235,2019,2019-08-25,Trent Bridge,2,0.4,Yorkshire,Nottinghamshire,A Lyth,T Kohler-Cadmore,L Wood,4,0,,,,,,,,,
1167235,2019,2019-08-25,Trent Bridge,2,0.5,Yorkshire,Nottinghamshire,A Lyth,T Kohler-Cadmore,L Wood,4,0,,,,,,,,,
1167235,2019,2019-08-25,Trent Bridge,2,0.6,Yorkshire,Nottinghamshire,A Lyth,T Kohler-Cadmore,L Wood,0,0,,,,,,,,,
1167235,2019,2019-08-25,Trent Bridge,2,1.1,Yorkshire,Nottinghamshire,T Kohler-Cadmore,A Lyth,M Carter,0,0,,,,,,,,,
1167235,2019,2019-08-25,Trent Bridge,2,1.2,Yorkshire,Nottinghamshire,T Kohler-Cadmore,A Lyth,M Carter,0,0,,,,,,,,,
1167235,2019,2019-08-25,Trent Bridge,2,1.3,Yorkshire,Nottinghamshire,T Kohler-Cadmore,A Lyth,M Carter,1,0,,,,,,,,,
1167235,2019,2019-08-25,Trent Bridge,2,1.4,Yorkshire,Nottinghamshire,A Lyth,T Kohler-Cadmore,M Carter,1,0,,,,,,,,,
1167235,2019,2019-08-25,Trent Bridge,2,1.5,Yorkshire,Nottinghamshire,T Kohler-Cadmore,A Lyth,M Carter,0,0,,,,,,,,,
1167235,2019,2019-08-25,Trent Bridge,2,1.6,Yorkshire,Nottinghamshire,T Kohler-Cadmore,A Lyth,M Carter,0,0,,,,,,,,,
1167235,2019,2019-08-25,Trent Bridge,2,2.1,Yorkshire,Nottinghamshire,A Lyth,T Kohler-Cadmore,HF Gurney,1,0,,,,,,,,,
1167235,2019,2019-08-25,Trent Bridge,2,2.2,Yorkshire,Nottinghamshire,T Kohler-Cadmore,A Lyth,HF Gurney,0,0,,,,,,,,,
1167235,2019,2019-08-25,Trent Bridge,2,2.3,Yorkshire,Nottinghamshire,T Kohler-Cadmore,A Lyth,HF Gurney,4,0,,,,,,,,,
1167235,2019,2019-08-25,Trent Bridge,2,2.4,Yorkshire,Nottinghamshire,T Kohler-Cadmore,A Lyth,HF Gurney,0,0,,,,,,run out,T Kohler-Cadmore,,
1167235,2019,2019-08-25,Trent Bridge,2,2.5,Yorkshire,Nottinghamshire,DJ Willey,A Lyth,HF Gurney,0,0,,,,,,,,,
1167235,2019,2019-08-25,Trent Bridge,2,2.6,Yorkshire,Nottinghamshire,DJ Willey,A Lyth,HF Gurney,1,0,,,,,,,,,
1167235,2019,2019-08-25,Trent Bridge,2,3.1,Yorkshire,Nottinghamshire,DJ Willey,A Lyth,M Carter,1,0,,,,,,,,,
1167235,2019,2019-08-25,Trent Bridge,2,3.2,Yorkshire,Nottinghamshire,A Lyth,DJ Willey,M Carter,0,0,,,,,,,,,
1167235,2019,2019-08-25,Trent Bridge,2,3.3,Yorkshire,Nottinghamshire,A Lyth,DJ Willey,M Carter,1,0,,,,,,,,,
1167235,2019,2019-08-25,Trent Bridge,2,3.4,Yorkshire,Nottinghamshire,DJ Willey,A Lyth,M Carter,0,0,,,,,,,,,
1167235,2019,2019-08-25,Trent Bridge,2,3.5,Yorkshire,Nottinghamshire,DJ Willey,A Lyth,M Carter,0,0,,,,,,,,,
1167235,2019,2019-08-25,Trent Bridge,2,3.6,Yorkshire,Nottinghamshire,DJ Willey,A Lyth,M Carter,1,0,,,,,,,,,
1167235,2019,2019-08-25,Trent Bridge,2,4.1,Yorkshire,Nottinghamshire,DJ Willey,A Lyth,LJ Fletcher,4,0,,,,,,,,,
1167235,2019,2019-08-25,Trent Bridge,2,4.2,Yorkshire,Nottinghamshire,DJ Willey,A Lyth,LJ Fletcher,1,0,,,,,,,,,
1167235,2019,2019-08-25,Trent Bridge,2,4.3,Yorkshire,Nottinghamshire,A Lyth,DJ Willey,LJ Fletcher,4,0,,,,,,,,,
1167235,2019,2019-08-25,Trent Bridge,2,4.4,Yorkshire,Nottinghamshire,A Lyth,DJ Willey,LJ Fletcher,4,0,,,,,,,,,
1167235,2019,2019-08-25,Trent Bridge,2,4.5,Yorkshire,Nottinghamshire,A Lyth,DJ Willey,LJ Fletcher,1,0,,,,,,,,,
1167235,2019,2019-08-25,Trent Bridge,2,4.6,Yorkshire,Nottinghamshire,DJ Willey,A Lyth,LJ Fletcher,1,0,,,,,,,,,
1167235,2019,2019-08-25,Trent Bridge,2,5.1,Yorkshire,Nottinghamshire,DJ Willey,A Lyth,L Wood,1,0,,,,,,,,,
1167235,2019,2019-08-25,Trent Bridge,2,5.2,Yorkshire,Nottinghamshire,A Lyth,DJ Willey,L Wood,1,2,,2,,,,,,,
1167235,2019,2019-08-25,Trent Bridge,2,5.3,Yorkshire,Nottinghamshire,DJ Willey,A Lyth,L Wood,1,0,,,,,,,,,
1167235,2019,2019-08-25,Trent Bridge,2,5.4,Yorkshire,Nottinghamshire,A Lyth,DJ Willey,L Wood,1,0,,,,,,,,,
1167235,2019,2019-08-25,Trent Bridge,2,5.5,Yorkshire,Nottinghamshire,DJ Willey,A Lyth,L Wood,0,0,,,,,,,,,
1167235,2019,2019-08-25,Trent Bridge,2,5.6,Yorkshire,Nottinghamshire,DJ Willey,A Lyth,L Wood,1,0,,,,,,,,,
1167235,2019,2019-08-25,Trent Bridge,2,5.7,Yorkshire,Nottinghamshire,A Lyth,DJ Willey,L Wood,1,0,,,,,,,,,
1167235,2019,2019-08-25,Trent Bridge,2,6.1,Yorkshire,Nottinghamshire,A Lyth,DJ Willey,DT Christian,0,0,,,,,,,,,
1167235,2019,2019-08-25,Trent Bridge,2,6.2,Yorkshire,Nottinghamshire,A Lyth,DJ Willey,DT Christian,1,0,,,,,,,,,
1167235,2019,2019-08-25,Trent Bridge,2,6.3,Yorkshire,Nottinghamshire,DJ Willey,A Lyth,DT Christian,1,0,,,,,,,,,
1167235,2019,2019-08-25,Trent Bridge,2,6.4,Yorkshire,Nottinghamshire,A Lyth,DJ Willey,DT Christian,1,0,,,,,,,,,
1167235,2019,2019-08-25,Trent Bridge,2,6.5,Yorkshire,Nottinghamshire,DJ Willey,A Lyth,DT Christian,1,0,,,,,,,,,
1167235,2019,2019-08-25,Trent Bridge,2,6.6,Yorkshire,Nottinghamshire,A Lyth,DJ Willey,DT Christian,1,0,,,,,,,,,
1167235,2019,2019-08-25,Trent Bridge,2,7.1,Yorkshire,Nottinghamshire,A Lyth,DJ Willey,M Carter,1,0,,,,,,,,,
1167235,2019,2019-08-25,Trent Bridge,2,7.2,Yorkshire,Nottinghamshire,DJ Willey,A Lyth,M Carter,0,0,,,,,,,,,
1167235,2019,2019-08-25,Trent Bridge,2,7.3,Yorkshire,Nottinghamshire,DJ Willey,A Lyth,M Carter,0,0,,,,,,,,,
1167235,2019,2019-08-25,Trent Bridge,2,7.4,Yorkshire,Nottinghamshire,DJ Willey,A Lyth,M Carter,1,0,,,,,,,,,
1167235,2019,2019-08-25,Trent Bridge,2,7.5,Yorkshire,Nottinghamshire,A Lyth,DJ Willey,M Carter,1,0,,,,,,,,,
1167235,2019,2019-08-25,Trent Bridge,2,7.6,Yorkshire,Nottinghamshire,DJ Willey,A Lyth,M Carter,1,0,,,,,,,,,
1167235,2019,2019-08-25,Trent Bridge,2,8.1,Yorkshire,Nottinghamshire,DJ Willey,A Lyth,JD Libby,1,0,,,,,,,,,
1167235,2019,2019-08-25,Trent Bridge,2,8.2,Yorkshire,Nottinghamshire,A Lyth,DJ Willey,JD Libby,1,0,,,,,,,,,
1167235,2019,2019-08-25,Trent Bridge,2,8.3,Yorkshire,Nottinghamshire,DJ Willey,A Lyth,JD Libby,6,0,,,,,,,,,
1167235,2019,2019-08-25,Trent Bridge,2,8.4,Yorkshire,Nottinghamshire,DJ Willey,A Lyth,JD Libby,0,0,,,,,,bowled,DJ Willey,,
1167235,2019,2019-08-25,Trent Bridge,2,8.5,Yorkshire,Nottinghamshire,JA Tattersall,A Lyth,JD Libby,2,0,,,,,,,,,
1167235,2019,2019-08-25,Trent Bridge,2,8.6,Yorkshire,Nottinghamshire,JA Tattersall,A Lyth,JD Libby,1,0,,,,,,,,,
1167235,2019,2019-08-25,Trent Bridge,2,9.1,Yorkshire,Nottinghamshire,JA Tattersall,A Lyth,SR Patel,1,0,,,,,,,,,
1167235,2019,2019-08-25,Trent Bridge,2,9.2,Yorkshire,Nottinghamshire,A Lyth,JA Tattersall,SR Patel,0,0,,,,,,,,,
1167235,2019,2019-08-25,Trent Bridge,2,9.3,Yorkshire,Nottinghamshire,A Lyth,JA Tattersall,SR Patel,2,0,,,,,,,,,
1167235,2019,2019-08-25,Trent Bridge,2,9.4,Yorkshire,Nottinghamshire,A Lyth,JA Tattersall,SR Patel,0,1,,,,1,,,,,
1167235,2019,2019-08-25,Trent Bridge,2,9.5,Yorkshire,Nottinghamshire,JA Tattersall,A Lyth,SR Patel,1,0,,,,,,,,,
1167235,2019,2019-08-25,Trent Bridge,2,9.6,Yorkshire,Nottinghamshire,A Lyth,JA Tattersall,SR Patel,4,0,,,,,,,,,
1167235,2019,2019-08-25,Trent Bridge,2,10.1,Yorkshire,Nottinghamshire,JA Tattersall,A Lyth,DT Christian,1,0,,,,,,,,,
1167235,2019,2019-08-25,Trent Bridge,2,10.2,Yorkshire,Nottinghamshire,A Lyth,JA Tattersall,DT Christian,4,0,,,,,,,,,
1167235,2019,2019-08-25,Trent Bridge,2,10.3,Yorkshire,Nottinghamshire,A Lyth,JA Tattersall,DT Christian,4,0,,,,,,,,,
1167235,2019,2019-08-25,Trent Bridge,2,10.4,Yorkshire,Nottinghamshire,A Lyth,JA Tattersall,DT Christian,1,0,,,,,,,,,
1167235,2019,2019-08-25,Trent Bridge,2,10.5,Yorkshire,Nottinghamshire,JA Tattersall,A Lyth,DT Christian,1,0,,,,,,,,,
1167235,2019,2019-08-25,Trent Bridge,2,10.6,Yorkshire,Nottinghamshire,A Lyth,JA Tattersall,DT Christian,1,0,,,,,,,,,
1167235,2019,2019-08-25,Trent Bridge,2,11.1,Yorkshire,Nottinghamshire,A Lyth,JA Tattersall,SR Patel,1,0,,,,,,,,,
1167235,2019,2019-08-25,Trent Bridge,2,11.2,Yorkshire,Nottinghamshire,JA Tattersall,A Lyth,SR Patel,1,0,,,,,,,,,
1167235,2019,2019-08-25,Trent Bridge,2,11.3,Yorkshire,Nottinghamshire,A Lyth,JA Tattersall,SR Patel,0,0,,,,,,,,,
1167235,2019,2019-08-25,Trent Bridge,2,11.4,Yorkshire,Nottinghamshire,A Lyth,JA Tattersall,SR Patel,1,0,,,,,,,,,
1167235,2019,2019-08-25,Trent Bridge,2,11.5,Yorkshire,Nottinghamshire,JA Tattersall,A Lyth,SR Patel,0,0,,,,,,,,,
1167235,2019,2019-08-25,Trent Bridge,2,11.6,Yorkshire,Nottinghamshire,JA Tattersall,A Lyth,SR Patel,1,0,,,,,,,,,
1167235,2019,2019-08-25,Trent Bridge,2,12.1,Yorkshire,Nottinghamshire,JA Tattersall,A Lyth,M Carter,0,0,,,,,,,,,
1167235,2019,2019-08-25,Trent Bridge,2,12.2,Yorkshire,Nottinghamshire,JA Tattersall,A Lyth,M Carter,1,0,,,,,,,,,
1167235,2019,2019-08-25,Trent Bridge,2,12.3,Yorkshire,Nottinghamshire,A Lyth,JA Tattersall,M Carter,0,0,,,,,,,,,
1167235,2019,2019-08-25,Trent Bridge,2,12.4,Yorkshire,Nottinghamshire,A Lyth,JA Tattersall,M Carter,0,0,,,,,,,,,
1167235,2019,2019-08-25,Trent Bridge,2,12.5,Yorkshire,Nottinghamshire,A Lyth,JA Tattersall,M Carter,1,0,,,,,,,,,
1167235,2019,2019-08-25,Trent Bridge,2,12.6,Yorkshire,Nottinghamshire,JA Tattersall,A Lyth,M Carter,1,0,,,,,,,,,
1167235,2019,2019-08-25,Trent Bridge,2,13.1,Yorkshire,Nottinghamshire,JA Tattersall,A Lyth,HF Gurney,2,0,,,,,,,,,
1167235,2019,2019-08-25,Trent Bridge,2,13.2,Yorkshire,Nottinghamshire,JA Tattersall,A Lyth,HF Gurney,1,0,,,,,,,,,
1167235,2019,2019-08-25,Trent Bridge,2,13.3,Yorkshire,Nottinghamshire,A Lyth,JA Tattersall,HF Gurney,0,1,1,,,,,,,,
1167235,2019,2019-08-25,Trent Bridge,2,13.4,Yorkshire,Nottinghamshire,A Lyth,JA Tattersall,HF Gurney,0,5,5,,,,,,,,
1167235,2019,2019-08-25,Trent Bridge,2,13.5,Yorkshire,Nottinghamshire,A Lyth,JA Tattersall,HF Gurney,0,0,,,,,,,,,
1167235,2019,2019-08-25,Trent Bridge,2,13.6,Yorkshire,Nottinghamshire,A Lyth,JA Tattersall,HF Gurney,0,0,,,,,,caught,A Lyth,,
1167235,2019,2019-08-25,Trent Bridge,2,13.7,Yorkshire,Nottinghamshire,JA Leaning,JA Tattersall,HF Gurney,1,0,,,,,,,,,
1167235,2019,2019-08-25,Trent Bridge,2,13.8,Yorkshire,Nottinghamshire,JA Tattersall,JA Leaning,HF Gurney,0,0,,,,,,,,,
1167235,2019,2019-08-25,Trent Bridge,2,14.1,Yorkshire,Nottinghamshire,JA Leaning,JA Tattersall,SR Patel,0,0,,,,,,,,,
1167235,2019,2019-08-25,Trent Bridge,2,14.2,Yorkshire,Nottinghamshire,JA Leaning,JA Tattersall,SR Patel,1,0,,,,,,,,,
1167235,2019,2019-08-25,Trent Bridge,2,14.3,Yorkshire,Nottinghamshire,JA Tattersall,JA Leaning,SR Patel,0,1,1,,,,,,,,
1167235,2019,2019-08-25,Trent Bridge,2,14.4,Yorkshire,Nottinghamshire,JA Tattersall,JA Leaning,SR Patel,1,0,,,,,,,,,
1167235,2019,2019-08-25,Trent Bridge,2,14.5,Yorkshire,Nottinghamshire,JA Leaning,JA Tattersall,SR Patel,4,0,,,,,,,,,
1167235,2019,2019-08-25,Trent Bridge,2,14.6,Yorkshire,Nottinghamshire,JA Leaning,JA Tattersall,SR Patel,0,1,,,,1,,,,,
1167235,2019,2019-08-25,Trent Bridge,2,14.7,Yorkshire,Nottinghamshire,JA Tattersall,JA Leaning,SR Patel,0,0,,,,,,lbw,JA Tattersall,,
1167235,2019,2019-08-25,Trent Bridge,2,15.1,Yorkshire,Nottinghamshire,JA Leaning,WAR Fraine,LJ Fletcher,0,1,1,,,,,,,,
1167235,2019,2019-08-25,Trent Bridge,2,15.2,Yorkshire,Nottinghamshire,JA Leaning,WAR Fraine,LJ Fletcher,1,0,,,,,,,,,
1167235,2019,2019-08-25,Trent Bridge,2,15.3,Yorkshire,Nottinghamshire,WAR Fraine,JA Leaning,LJ Fletcher,1,0,,,,,,,,,
1167235,2019,2019-08-25,Trent Bridge,2,15.4,Yorkshire,Nottinghamshire,JA Leaning,WAR Fraine,LJ Fletcher,4,0,,,,,,,,,
1167235,2019,2019-08-25,Trent Bridge,2,15.5,Yorkshire,Nottinghamshire,JA Leaning,WAR Fraine,LJ Fletcher,1,0,,,,,,,,,
1167235,2019,2019-08-25,Trent Bridge,2,15.6,Yorkshire,Nottinghamshire,WAR Fraine,JA Leaning,LJ Fletcher,0,0,,,,,,,,,
1167235,2019,2019-08-25,Trent Bridge,2,15.7,Yorkshire,Nottinghamshire,WAR Fraine,JA Leaning,LJ Fletcher,2,0,,,,,,,,,
1167235,2019,2019-08-25,Trent Bridge,2,16.1,Yorkshire,Nottinghamshire,JA Leaning,WAR Fraine,SR Patel,1,0,,,,,,,,,
1167235,2019,2019-08-25,Trent Bridge,2,16.2,Yorkshire,Nottinghamshire,WAR Fraine,JA Leaning,SR Patel,0,0,,,,,,,,,
1167235,2019,2019-08-25,Trent Bridge,2,16.3,Yorkshire,Nottinghamshire,WAR Fraine,JA Leaning,SR Patel,0,1,,,,1,,,,,
1167235,2019,2019-08-25,Trent Bridge,2,16.4,Yorkshire,Nottinghamshire,JA Leaning,WAR Fraine,SR Patel,1,0,,,,,,,,,
1167235,2019,2019-08-25,Trent Bridge,2,16.5,Yorkshire,Nottinghamshire,WAR Fraine,JA Leaning,SR Patel,1,0,,,,,,,,,
1167235,2019,2019-08-25,Trent Bridge,2,16.6,Yorkshire,Nottinghamshire,JA Leaning,WAR Fraine,SR Patel,4,0,,,,,,,,,
1167235,2019,2019-08-25,Trent Bridge,2,17.1,Yorkshire,Nottinghamshire,WAR Fraine,JA Leaning,HF Gurney,1,0,,,,,,,,,
1167235,2019,2019-08-25,Trent Bridge,2,17.2,Yorkshire,Nottinghamshire,JA Leaning,WAR Fraine,HF Gurney,0,1,1,,,,,,,,
1167235,2019,2019-08-25,Trent Bridge,2,17.3,Yorkshire,Nottinghamshire,JA Leaning,WAR Fraine,HF Gurney,1,0,,,,,,,,,
1167235,2019,2019-08-25,Trent Bridge,2,17.4,Yorkshire,Nottinghamshire,WAR Fraine,JA Leaning,HF Gurney,0,0,,,,,,,,,
1167235,2019,2019-08-25,Trent Bridge,2,17.5,Yorkshire,Nottinghamshire,WAR Fraine,JA Leaning,HF Gurney,0,0,,,,,,,,,
1167235,2019,2019-08-25,Trent Bridge,2,17.6,Yorkshire,Nottinghamshire,WAR Fraine,JA Leaning,HF Gurney,1,0,,,,,,,,,
1167235,2019,2019-08-25,Trent Bridge,2,17.7,Yorkshire,Nottinghamshire,JA Leaning,WAR Fraine,HF Gurney,1,0,,,,,,,,,
1167235,2019,2019-08-25,Trent Bridge,2,18.1,Yorkshire,Nottinghamshire,JA Leaning,WAR Fraine,LJ Fletcher,0,0,,,,,,bowled,JA Leaning,,
1167235,2019,2019-08-25,Trent Bridge,2,18.2,Yorkshire,Nottinghamshire,TT Bresnan,WAR Fraine,LJ Fletcher,1,0,,,,,,,,,
1167235,2019,2019-08-25,Trent Bridge,2,18.3,Yorkshire,Nottinghamshire,WAR Fraine,TT Bresnan,LJ Fletcher,1,0,,,,,,,,,
1167235,2019,2019-08-25,Trent Bridge,2,18.4,Yorkshire,Nottinghamshire,TT Bresnan,WAR Fraine,LJ Fletcher,2,0,,,,,,,,,
1167235,2019,2019-08-25,Trent Bridge,2,18.5,Yorkshire,Nottinghamshire,TT Bresnan,WAR Fraine,LJ Fletcher,2,0,,,,,,,,,
1167235,2019,2019-08-25,Trent Bridge,2,18.6,Yorkshire,Nottinghamshire,TT Bresnan,WAR Fraine,LJ Fletcher,0,0,,,,,,bowled,TT Bresnan,,
1167235,2019,2019-08-25,Trent Bridge,2,19.1,Yorkshire,Nottinghamshire,WAR Fraine,JA Thompson,HF Gurney,6,0,,,,,,,,,
1167235,2019,2019-08-25,Trent Bridge,2,19.2,Yorkshire,Nottinghamshire,WAR Fraine,JA Thompson,HF Gurney,0,0,,,,,,caught,WAR Fraine,,
1167235,2019,2019-08-25,Trent Bridge,2,19.3,Yorkshire,Nottinghamshire,JA Thompson,KA Maharaj,HF Gurney,0,0,,,,,,,,,
1167235,2019,2019-08-25,Trent Bridge,2,19.4,Yorkshire,Nottinghamshire,JA Thompson,KA Maharaj,HF Gurney,0,0,,,,,,,,,
1167235,2019,2019-08-25,Trent Bridge,2,19.5,Yorkshire,Nottinghamshire,JA Thompson,KA Maharaj,HF Gurney,2,0,,,,,,,,,
1167235,2019,2019-08-25,Trent Bridge,2,19.6,Yorkshire,Nottinghamshire,JA Thompson,KA Maharaj,HF Gurney,0,0,,,,,,,,,
