match_id,season,start_date,venue,innings,ball,batting_team,bowling_team,striker,non_striker,bowler,runs_off_bat,extras,wides,noballs,byes,legbyes,penalty,wicket_type,player_dismissed,other_wicket_type,other_player_dismissed
1167145,2019,2019-07-24,"County Ground, Hove",1,0.1,Sussex,Hampshire,PD Salt,LJ Wright,CP Wood,0,1,1,,,,,,,,
1167145,2019,2019-07-24,"County Ground, Hove",1,0.2,Sussex,Hampshire,PD Salt,LJ Wright,CP Wood,1,0,,,,,,,,,
1167145,2019,2019-07-24,"County Ground, Hove",1,0.3,Sussex,Hampshire,LJ Wright,PD Salt,CP Wood,0,0,,,,,,,,,
1167145,2019,2019-07-24,"County Ground, Hove",1,0.4,Sussex,Hampshire,LJ Wright,PD Salt,CP Wood,0,1,,,,1,,,,,
1167145,2019,2019-07-24,"County Ground, Hove",1,0.5,Sussex,Hampshire,PD Salt,LJ Wright,CP Wood,1,0,,,,,,,,,
1167145,2019,2019-07-24,"County Ground, Hove",1,0.6,Sussex,Hampshire,LJ Wright,PD Salt,CP Wood,1,0,,,,,,,,,
1167145,2019,2019-07-24,"County Ground, Hove",1,0.7,Sussex,Hampshire,PD Salt,LJ Wright,CP Wood,1,0,,,,,,,,,
1167145,2019,2019-07-24,"County Ground, Hove",1,1.1,Sussex,Hampshire,PD Salt,LJ Wright,KJ Abbott,2,0,,,,,,,,,
1167145,2019,2019-07-24,"County Ground, Hove",1,1.2,Sussex,Hampshire,PD Salt,LJ Wright,KJ Abbott,1,0,,,,,,,,,
1167145,2019,2019-07-24,"County Ground, Hove",1,1.3,Sussex,Hampshire,LJ Wright,PD Salt,KJ Abbott,1,0,,,,,,,,,
1167145,2019,2019-07-24,"County Ground, Hove",1,1.4,Sussex,Hampshire,PD Salt,LJ Wright,KJ Abbott,4,0,,,,,,,,,
1167145,2019,2019-07-24,"County Ground, Hove",1,1.5,Sussex,Hampshire,PD Salt,LJ Wright,KJ Abbott,0,0,,,,,,,,,
1167145,2019,2019-07-24,"County Ground, Hove",1,1.6,Sussex,Hampshire,PD Salt,LJ Wright,KJ Abbott,1,0,,,,,,,,,
1167145,2019,2019-07-24,"County Ground, Hove",1,2.1,Sussex,Hampshire,PD Salt,LJ Wright,CH Morris,0,0,,,,,,,,,
1167145,2019,2019-07-24,"County Ground, Hove",1,2.2,Sussex,Hampshire,PD Salt,LJ Wright,CH Morris,0,0,,,,,,,,,
1167145,2019,2019-07-24,"County Ground, Hove",1,2.3,Sussex,Hampshire,PD Salt,LJ Wright,CH Morris,4,0,,,,,,,,,
1167145,2019,2019-07-24,"County Ground, Hove",1,2.4,Sussex,Hampshire,PD Salt,LJ Wright,CH Morris,6,0,,,,,,,,,
1167145,2019,2019-07-24,"County Ground, Hove",1,2.5,Sussex,Hampshire,PD Salt,LJ Wright,CH Morris,4,0,,,,,,,,,
1167145,2019,2019-07-24,"County Ground, Hove",1,2.6,Sussex,Hampshire,PD Salt,LJ Wright,CH Morris,4,0,,,,,,,,,
1167145,2019,2019-07-24,"County Ground, Hove",1,3.1,Sussex,Hampshire,LJ Wright,PD Salt,CP Wood,4,0,,,,,,,,,
1167145,2019,2019-07-24,"County Ground, Hove",1,3.2,Sussex,Hampshire,LJ Wright,PD Salt,CP Wood,1,0,,,,,,,,,
1167145,2019,2019-07-24,"County Ground, Hove",1,3.3,Sussex,Hampshire,PD Salt,LJ Wright,CP Wood,0,0,,,,,,,,,
1167145,2019,2019-07-24,"County Ground, Hove",1,3.4,Sussex,Hampshire,PD Salt,LJ Wright,CP Wood,1,0,,,,,,,,,
1167145,2019,2019-07-24,"County Ground, Hove",1,3.5,Sussex,Hampshire,LJ Wright,PD Salt,CP Wood,1,0,,,,,,,,,
1167145,2019,2019-07-24,"County Ground, Hove",1,3.6,Sussex,Hampshire,PD Salt,LJ Wright,CP Wood,4,0,,,,,,,,,
1167145,2019,2019-07-24,"County Ground, Hove",1,4.1,Sussex,Hampshire,LJ Wright,PD Salt,LA Dawson,0,0,,,,,,,,,
1167145,2019,2019-07-24,"County Ground, Hove",1,4.2,Sussex,Hampshire,LJ Wright,PD Salt,LA Dawson,0,0,,,,,,,,,
1167145,2019,2019-07-24,"County Ground, Hove",1,4.3,Sussex,Hampshire,LJ Wright,PD Salt,LA Dawson,1,0,,,,,,,,,
1167145,2019,2019-07-24,"County Ground, Hove",1,4.4,Sussex,Hampshire,PD Salt,LJ Wright,LA Dawson,1,0,,,,,,,,,
1167145,2019,2019-07-24,"County Ground, Hove",1,4.5,Sussex,Hampshire,LJ Wright,PD Salt,LA Dawson,4,0,,,,,,,,,
1167145,2019,2019-07-24,"County Ground, Hove",1,4.6,Sussex,Hampshire,LJ Wright,PD Salt,LA Dawson,2,0,,,,,,,,,
1167145,2019,2019-07-24,"County Ground, Hove",1,5.1,Sussex,Hampshire,PD Salt,LJ Wright,KJ Abbott,1,0,,,,,,,,,
1167145,2019,2019-07-24,"County Ground, Hove",1,5.2,Sussex,Hampshire,LJ Wright,PD Salt,KJ Abbott,0,0,,,,,,caught,LJ Wright,,
1167145,2019,2019-07-24,"County Ground, Hove",1,5.3,Sussex,Hampshire,PD Salt,LJ Evans,KJ Abbott,1,0,,,,,,,,,
1167145,2019,2019-07-24,"County Ground, Hove",1,5.4,Sussex,Hampshire,LJ Evans,PD Salt,KJ Abbott,0,0,,,,,,,,,
1167145,2019,2019-07-24,"County Ground, Hove",1,5.5,Sussex,Hampshire,LJ Evans,PD Salt,KJ Abbott,1,0,,,,,,,,,
1167145,2019,2019-07-24,"County Ground, Hove",1,5.6,Sussex,Hampshire,PD Salt,LJ Evans,KJ Abbott,0,0,,,,,,,,,
1167145,2019,2019-07-24,"County Ground, Hove",1,6.1,Sussex,Hampshire,LJ Evans,PD Salt,LA Dawson,0,0,,,,,,,,,
1167145,2019,2019-07-24,"County Ground, Hove",1,6.2,Sussex,Hampshire,LJ Evans,PD Salt,LA Dawson,1,0,,,,,,,,,
1167145,2019,2019-07-24,"County Ground, Hove",1,6.3,Sussex,Hampshire,PD Salt,LJ Evans,LA Dawson,1,0,,,,,,,,,
1167145,2019,2019-07-24,"County Ground, Hove",1,6.4,Sussex,Hampshire,LJ Evans,PD Salt,LA Dawson,1,0,,,,,,,,,
1167145,2019,2019-07-24,"County Ground, Hove",1,6.5,Sussex,Hampshire,PD Salt,LJ Evans,LA Dawson,1,0,,,,,,,,,
1167145,2019,2019-07-24,"County Ground, Hove",1,6.6,Sussex,Hampshire,LJ Evans,PD Salt,LA Dawson,4,0,,,,,,,,,
1167145,2019,2019-07-24,"County Ground, Hove",1,7.1,Sussex,Hampshire,PD Salt,LJ Evans,MS Crane,6,0,,,,,,,,,
1167145,2019,2019-07-24,"County Ground, Hove",1,7.2,Sussex,Hampshire,PD Salt,LJ Evans,MS Crane,1,0,,,,,,,,,
1167145,2019,2019-07-24,"County Ground, Hove",1,7.3,Sussex,Hampshire,LJ Evans,PD Salt,MS Crane,2,0,,,,,,,,,
1167145,2019,2019-07-24,"County Ground, Hove",1,7.4,Sussex,Hampshire,LJ Evans,PD Salt,MS Crane,0,0,,,,,,,,,
1167145,2019,2019-07-24,"County Ground, Hove",1,7.5,Sussex,Hampshire,LJ Evans,PD Salt,MS Crane,1,0,,,,,,,,,
1167145,2019,2019-07-24,"County Ground, Hove",1,7.6,Sussex,Hampshire,PD Salt,LJ Evans,MS Crane,1,0,,,,,,,,,
1167145,2019,2019-07-24,"County Ground, Hove",1,8.1,Sussex,Hampshire,PD Salt,LJ Evans,JK Fuller,1,0,,,,,,,,,
1167145,2019,2019-07-24,"County Ground, Hove",1,8.2,Sussex,Hampshire,LJ Evans,PD Salt,JK Fuller,4,0,,,,,,,,,
1167145,2019,2019-07-24,"County Ground, Hove",1,8.3,Sussex,Hampshire,LJ Evans,PD Salt,JK Fuller,1,0,,,,,,,,,
1167145,2019,2019-07-24,"County Ground, Hove",1,8.4,Sussex,Hampshire,PD Salt,LJ Evans,JK Fuller,4,0,,,,,,,,,
1167145,2019,2019-07-24,"County Ground, Hove",1,8.5,Sussex,Hampshire,PD Salt,LJ Evans,JK Fuller,0,0,,,,,,,,,
1167145,2019,2019-07-24,"County Ground, Hove",1,8.6,Sussex,Hampshire,PD Salt,LJ Evans,JK Fuller,1,0,,,,,,,,,
1167145,2019,2019-07-24,"County Ground, Hove",1,9.1,Sussex,Hampshire,PD Salt,LJ Evans,MS Crane,1,0,,,,,,,,,
1167145,2019,2019-07-24,"County Ground, Hove",1,9.2,Sussex,Hampshire,LJ Evans,PD Salt,MS Crane,0,0,,,,,,run out,LJ Evans,,
1167145,2019,2019-07-24,"County Ground, Hove",1,9.3,Sussex,Hampshire,DMW Rawlins,PD Salt,MS Crane,6,0,,,,,,,,,
1167145,2019,2019-07-24,"County Ground, Hove",1,9.4,Sussex,Hampshire,DMW Rawlins,PD Salt,MS Crane,0,0,,,,,,caught,DMW Rawlins,,
1167145,2019,2019-07-24,"County Ground, Hove",1,9.5,Sussex,Hampshire,PD Salt,D Wiese,MS Crane,1,0,,,,,,,,,
1167145,2019,2019-07-24,"County Ground, Hove",1,9.6,Sussex,Hampshire,D Wiese,PD Salt,MS Crane,1,0,,,,,,,,,
1167145,2019,2019-07-24,"County Ground, Hove",1,10.1,Sussex,Hampshire,D Wiese,PD Salt,LA Dawson,1,0,,,,,,,,,
1167145,2019,2019-07-24,"County Ground, Hove",1,10.2,Sussex,Hampshire,PD Salt,D Wiese,LA Dawson,0,0,,,,,,,,,
1167145,2019,2019-07-24,"County Ground, Hove",1,10.3,Sussex,Hampshire,PD Salt,D Wiese,LA Dawson,0,0,,,,,,,,,
1167145,2019,2019-07-24,"County Ground, Hove",1,10.4,Sussex,Hampshire,PD Salt,D Wiese,LA Dawson,0,0,,,,,,,,,
1167145,2019,2019-07-24,"County Ground, Hove",1,10.5,Sussex,Hampshire,PD Salt,D Wiese,LA Dawson,1,0,,,,,,,,,
1167145,2019,2019-07-24,"County Ground, Hove",1,10.6,Sussex,Hampshire,D Wiese,PD Salt,LA Dawson,1,0,,,,,,,,,
1167145,2019,2019-07-24,"County Ground, Hove",1,11.1,Sussex,Hampshire,D Wiese,PD Salt,MS Crane,0,0,,,,,,,,,
1167145,2019,2019-07-24,"County Ground, Hove",1,11.2,Sussex,Hampshire,D Wiese,PD Salt,MS Crane,6,0,,,,,,,,,
1167145,2019,2019-07-24,"County Ground, Hove",1,11.3,Sussex,Hampshire,D Wiese,PD Salt,MS Crane,1,0,,,,,,,,,
1167145,2019,2019-07-24,"County Ground, Hove",1,11.4,Sussex,Hampshire,PD Salt,D Wiese,MS Crane,2,0,,,,,,,,,
1167145,2019,2019-07-24,"County Ground, Hove",1,11.5,Sussex,Hampshire,PD Salt,D Wiese,MS Crane,4,0,,,,,,,,,
1167145,2019,2019-07-24,"County Ground, Hove",1,11.6,Sussex,Hampshire,PD Salt,D Wiese,MS Crane,0,0,,,,,,,,,
1167145,2019,2019-07-24,"County Ground, Hove",1,12.1,Sussex,Hampshire,D Wiese,PD Salt,CH Morris,1,0,,,,,,,,,
1167145,2019,2019-07-24,"County Ground, Hove",1,12.2,Sussex,Hampshire,PD Salt,D Wiese,CH Morris,0,0,,,,,,,,,
1167145,2019,2019-07-24,"County Ground, Hove",1,12.3,Sussex,Hampshire,PD Salt,D Wiese,CH Morris,6,0,,,,,,,,,
1167145,2019,2019-07-24,"County Ground, Hove",1,12.4,Sussex,Hampshire,PD Salt,D Wiese,CH Morris,1,0,,,,,,,,,
1167145,2019,2019-07-24,"County Ground, Hove",1,12.5,Sussex,Hampshire,D Wiese,PD Salt,CH Morris,1,0,,,,,,,,,
1167145,2019,2019-07-24,"County Ground, Hove",1,12.6,Sussex,Hampshire,PD Salt,D Wiese,CH Morris,1,0,,,,,,,,,
1167145,2019,2019-07-24,"County Ground, Hove",1,13.1,Sussex,Hampshire,PD Salt,D Wiese,CP Wood,2,0,,,,,,,,,
1167145,2019,2019-07-24,"County Ground, Hove",1,13.2,Sussex,Hampshire,PD Salt,D Wiese,CP Wood,1,0,,,,,,,,,
1167145,2019,2019-07-24,"County Ground, Hove",1,13.3,Sussex,Hampshire,D Wiese,PD Salt,CP Wood,1,0,,,,,,,,,
1167145,2019,2019-07-24,"County Ground, Hove",1,13.4,Sussex,Hampshire,PD Salt,D Wiese,CP Wood,0,0,,,,,,caught,PD Salt,,
1167145,2019,2019-07-24,"County Ground, Hove",1,13.5,Sussex,Hampshire,D Wiese,BC Brown,CP Wood,1,0,,,,,,,,,
1167145,2019,2019-07-24,"County Ground, Hove",1,13.6,Sussex,Hampshire,BC Brown,D Wiese,CP Wood,4,0,,,,,,,,,
1167145,2019,2019-07-24,"County Ground, Hove",1,14.1,Sussex,Hampshire,D Wiese,BC Brown,LA Dawson,1,0,,,,,,,,,
1167145,2019,2019-07-24,"County Ground, Hove",1,14.2,Sussex,Hampshire,BC Brown,D Wiese,LA Dawson,0,0,,,,,,,,,
1167145,2019,2019-07-24,"County Ground, Hove",1,14.3,Sussex,Hampshire,BC Brown,D Wiese,LA Dawson,1,0,,,,,,,,,
1167145,2019,2019-07-24,"County Ground, Hove",1,14.4,Sussex,Hampshire,D Wiese,BC Brown,LA Dawson,1,0,,,,,,,,,
1167145,2019,2019-07-24,"County Ground, Hove",1,14.5,Sussex,Hampshire,BC Brown,D Wiese,LA Dawson,1,0,,,,,,,,,
1167145,2019,2019-07-24,"County Ground, Hove",1,14.6,Sussex,Hampshire,D Wiese,BC Brown,LA Dawson,1,0,,,,,,,,,
1167145,2019,2019-07-24,"County Ground, Hove",1,15.1,Sussex,Hampshire,D Wiese,BC Brown,CH Morris,1,0,,,,,,,,,
1167145,2019,2019-07-24,"County Ground, Hove",1,15.2,Sussex,Hampshire,BC Brown,D Wiese,CH Morris,0,0,,,,,,,,,
1167145,2019,2019-07-24,"County Ground, Hove",1,15.3,Sussex,Hampshire,BC Brown,D Wiese,CH Morris,1,0,,,,,,,,,
1167145,2019,2019-07-24,"County Ground, Hove",1,15.4,Sussex,Hampshire,D Wiese,BC Brown,CH Morris,1,0,,,,,,,,,
1167145,2019,2019-07-24,"County Ground, Hove",1,15.5,Sussex,Hampshire,BC Brown,D Wiese,CH Morris,1,0,,,,,,,,,
1167145,2019,2019-07-24,"County Ground, Hove",1,15.6,Sussex,Hampshire,D Wiese,BC Brown,CH Morris,1,0,,,,,,,,,
1167145,2019,2019-07-24,"County Ground, Hove",1,16.1,Sussex,Hampshire,D Wiese,BC Brown,CP Wood,1,0,,,,,,,,,
1167145,2019,2019-07-24,"County Ground, Hove",1,16.2,Sussex,Hampshire,BC Brown,D Wiese,CP Wood,2,0,,,,,,,,,
1167145,2019,2019-07-24,"County Ground, Hove",1,16.3,Sussex,Hampshire,BC Brown,D Wiese,CP Wood,0,0,,,,,,,,,
1167145,2019,2019-07-24,"County Ground, Hove",1,16.4,Sussex,Hampshire,BC Brown,D Wiese,CP Wood,1,0,,,,,,,,,
1167145,2019,2019-07-24,"County Ground, Hove",1,16.5,Sussex,Hampshire,D Wiese,BC Brown,CP Wood,1,0,,,,,,,,,
1167145,2019,2019-07-24,"County Ground, Hove",1,16.6,Sussex,Hampshire,BC Brown,D Wiese,CP Wood,0,0,,,,,,lbw,BC Brown,,
1167145,2019,2019-07-24,"County Ground, Hove",1,17.1,Sussex,Hampshire,D Wiese,Rashid Khan,KJ Abbott,1,0,,,,,,,,,
1167145,2019,2019-07-24,"County Ground, Hove",1,17.2,Sussex,Hampshire,Rashid Khan,D Wiese,KJ Abbott,6,0,,,,,,,,,
1167145,2019,2019-07-24,"County Ground, Hove",1,17.3,Sussex,Hampshire,Rashid Khan,D Wiese,KJ Abbott,4,0,,,,,,,,,
1167145,2019,2019-07-24,"County Ground, Hove",1,17.4,Sussex,Hampshire,Rashid Khan,D Wiese,KJ Abbott,4,0,,,,,,,,,
1167145,2019,2019-07-24,"County Ground, Hove",1,17.5,Sussex,Hampshire,Rashid Khan,D Wiese,KJ Abbott,6,0,,,,,,,,,
1167145,2019,2019-07-24,"County Ground, Hove",1,17.6,Sussex,Hampshire,Rashid Khan,D Wiese,KJ Abbott,1,0,,,,,,,,,
1167145,2019,2019-07-24,"County Ground, Hove",1,18.1,Sussex,Hampshire,Rashid Khan,D Wiese,CH Morris,1,0,,,,,,,,,
1167145,2019,2019-07-24,"County Ground, Hove",1,18.2,Sussex,Hampshire,D Wiese,Rashid Khan,CH Morris,0,0,,,,,,,,,
1167145,2019,2019-07-24,"County Ground, Hove",1,18.3,Sussex,Hampshire,D Wiese,Rashid Khan,CH Morris,2,0,,,,,,,,,
1167145,2019,2019-07-24,"County Ground, Hove",1,18.4,Sussex,Hampshire,D Wiese,Rashid Khan,CH Morris,1,0,,,,,,,,,
1167145,2019,2019-07-24,"County Ground, Hove",1,18.5,Sussex,Hampshire,Rashid Khan,D Wiese,CH Morris,0,0,,,,,,caught,Rashid Khan,,
1167145,2019,2019-07-24,"County Ground, Hove",1,18.6,Sussex,Hampshire,D Wiese,OE Robinson,CH Morris,1,0,,,,,,,,,
1167145,2019,2019-07-24,"County Ground, Hove",1,19.1,Sussex,Hampshire,D Wiese,OE Robinson,KJ Abbott,4,0,,,,,,,,,
1167145,2019,2019-07-24,"County Ground, Hove",1,19.2,Sussex,Hampshire,D Wiese,OE Robinson,KJ Abbott,2,0,,,,,,,,,
1167145,2019,2019-07-24,"County Ground, Hove",1,19.3,Sussex,Hampshire,D Wiese,OE Robinson,KJ Abbott,6,0,,,,,,,,,
1167145,2019,2019-07-24,"County Ground, Hove",1,19.4,Sussex,Hampshire,D Wiese,OE Robinson,KJ Abbott,4,0,,,,,,,,,
1167145,2019,2019-07-24,"County Ground, Hove",1,19.5,Sussex,Hampshire,D Wiese,OE Robinson,KJ Abbott,0,0,,,,,,,,,
1167145,2019,2019-07-24,"County Ground, Hove",1,19.6,Sussex,Hampshire,D Wiese,OE Robinson,KJ Abbott,1,0,,,,,,,,,
1167145,2019,2019-07-24,"County Ground, Hove",2,0.1,Hampshire,Sussex,AHT Donald,RR Rossouw,RJW Topley,2,0,,,,,,,,,
1167145,2019,2019-07-24,"County Ground, Hove",2,0.2,Hampshire,Sussex,AHT Donald,RR Rossouw,RJW Topley,0,0,,,,,,,,,
1167145,2019,2019-07-24,"County Ground, Hove",2,0.3,Hampshire,Sussex,AHT Donald,RR Rossouw,RJW Topley,4,0,,,,,,,,,
1167145,2019,2019-07-24,"County Ground, Hove",2,0.4,Hampshire,Sussex,AHT Donald,RR Rossouw,RJW Topley,0,0,,,,,,,,,
1167145,2019,2019-07-24,"County Ground, Hove",2,0.5,Hampshire,Sussex,AHT Donald,RR Rossouw,RJW Topley,0,0,,,,,,,,,
1167145,2019,2019-07-24,"County Ground, Hove",2,0.6,Hampshire,Sussex,AHT Donald,RR Rossouw,RJW Topley,0,0,,,,,,,,,
1167145,2019,2019-07-24,"County Ground, Hove",2,1.1,Hampshire,Sussex,RR Rossouw,AHT Donald,OE Robinson,1,0,,,,,,,,,
1167145,2019,2019-07-24,"County Ground, Hove",2,1.2,Hampshire,Sussex,AHT Donald,RR Rossouw,OE Robinson,0,0,,,,,,,,,
1167145,2019,2019-07-24,"County Ground, Hove",2,1.3,Hampshire,Sussex,AHT Donald,RR Rossouw,OE Robinson,1,0,,,,,,,,,
1167145,2019,2019-07-24,"County Ground, Hove",2,1.4,Hampshire,Sussex,RR Rossouw,AHT Donald,OE Robinson,0,0,,,,,,,,,
1167145,2019,2019-07-24,"County Ground, Hove",2,1.5,Hampshire,Sussex,RR Rossouw,AHT Donald,OE Robinson,4,0,,,,,,,,,
1167145,2019,2019-07-24,"County Ground, Hove",2,1.6,Hampshire,Sussex,RR Rossouw,AHT Donald,OE Robinson,0,0,,,,,,,,,
1167145,2019,2019-07-24,"County Ground, Hove",2,2.1,Hampshire,Sussex,AHT Donald,RR Rossouw,RJW Topley,6,0,,,,,,,,,
1167145,2019,2019-07-24,"County Ground, Hove",2,2.2,Hampshire,Sussex,AHT Donald,RR Rossouw,RJW Topley,0,0,,,,,,,,,
1167145,2019,2019-07-24,"County Ground, Hove",2,2.3,Hampshire,Sussex,AHT Donald,RR Rossouw,RJW Topley,0,0,,,,,,lbw,AHT Donald,,
1167145,2019,2019-07-24,"County Ground, Hove",2,2.4,Hampshire,Sussex,JM Vince,RR Rossouw,RJW Topley,0,0,,,,,,,,,
1167145,2019,2019-07-24,"County Ground, Hove",2,2.5,Hampshire,Sussex,JM Vince,RR Rossouw,RJW Topley,0,0,,,,,,caught,JM Vince,,
1167145,2019,2019-07-24,"County Ground, Hove",2,2.6,Hampshire,Sussex,SA Northeast,RR Rossouw,RJW Topley,0,0,,,,,,bowled,SA Northeast,,
1167145,2019,2019-07-24,"County Ground, Hove",2,3.1,Hampshire,Sussex,RR Rossouw,LA Dawson,OE Robinson,0,0,,,,,,,,,
1167145,2019,2019-07-24,"County Ground, Hove",2,3.2,Hampshire,Sussex,RR Rossouw,LA Dawson,OE Robinson,4,0,,,,,,,,,
1167145,2019,2019-07-24,"County Ground, Hove",2,3.3,Hampshire,Sussex,RR Rossouw,LA Dawson,OE Robinson,0,0,,,,,,,,,
1167145,2019,2019-07-24,"County Ground, Hove",2,3.4,Hampshire,Sussex,RR Rossouw,LA Dawson,OE Robinson,0,0,,,,,,,,,
1167145,2019,2019-07-24,"County Ground, Hove",2,3.5,Hampshire,Sussex,RR Rossouw,LA Dawson,OE Robinson,1,0,,,,,,,,,
1167145,2019,2019-07-24,"County Ground, Hove",2,3.6,Hampshire,Sussex,LA Dawson,RR Rossouw,OE Robinson,4,0,,,,,,,,,
1167145,2019,2019-07-24,"County Ground, Hove",2,4.1,Hampshire,Sussex,RR Rossouw,LA Dawson,RJW Topley,0,0,,,,,,,,,
1167145,2019,2019-07-24,"County Ground, Hove",2,4.2,Hampshire,Sussex,RR Rossouw,LA Dawson,RJW Topley,4,0,,,,,,,,,
1167145,2019,2019-07-24,"County Ground, Hove",2,4.3,Hampshire,Sussex,RR Rossouw,LA Dawson,RJW Topley,1,0,,,,,,,,,
1167145,2019,2019-07-24,"County Ground, Hove",2,4.4,Hampshire,Sussex,LA Dawson,RR Rossouw,RJW Topley,4,0,,,,,,,,,
1167145,2019,2019-07-24,"County Ground, Hove",2,4.5,Hampshire,Sussex,LA Dawson,RR Rossouw,RJW Topley,0,0,,,,,,,,,
1167145,2019,2019-07-24,"County Ground, Hove",2,4.6,Hampshire,Sussex,LA Dawson,RR Rossouw,RJW Topley,1,0,,,,,,,,,
1167145,2019,2019-07-24,"County Ground, Hove",2,5.1,Hampshire,Sussex,LA Dawson,RR Rossouw,TS Mills,0,0,,,,,,,,,
1167145,2019,2019-07-24,"County Ground, Hove",2,5.2,Hampshire,Sussex,LA Dawson,RR Rossouw,TS Mills,0,0,,,,,,,,,
1167145,2019,2019-07-24,"County Ground, Hove",2,5.3,Hampshire,Sussex,LA Dawson,RR Rossouw,TS Mills,0,0,,,,,,,,,
1167145,2019,2019-07-24,"County Ground, Hove",2,5.4,Hampshire,Sussex,LA Dawson,RR Rossouw,TS Mills,0,0,,,,,,,,,
1167145,2019,2019-07-24,"County Ground, Hove",2,5.5,Hampshire,Sussex,LA Dawson,RR Rossouw,TS Mills,0,4,,,4,,,,,,
1167145,2019,2019-07-24,"County Ground, Hove",2,5.6,Hampshire,Sussex,LA Dawson,RR Rossouw,TS Mills,1,0,,,,,,,,,
1167145,2019,2019-07-24,"County Ground, Hove",2,6.1,Hampshire,Sussex,LA Dawson,RR Rossouw,Rashid Khan,1,0,,,,,,,,,
1167145,2019,2019-07-24,"County Ground, Hove",2,6.2,Hampshire,Sussex,RR Rossouw,LA Dawson,Rashid Khan,4,0,,,,,,,,,
1167145,2019,2019-07-24,"County Ground, Hove",2,6.3,Hampshire,Sussex,RR Rossouw,LA Dawson,Rashid Khan,1,0,,,,,,,,,
1167145,2019,2019-07-24,"County Ground, Hove",2,6.4,Hampshire,Sussex,LA Dawson,RR Rossouw,Rashid Khan,1,0,,,,,,,,,
1167145,2019,2019-07-24,"County Ground, Hove",2,6.5,Hampshire,Sussex,RR Rossouw,LA Dawson,Rashid Khan,1,0,,,,,,,,,
1167145,2019,2019-07-24,"County Ground, Hove",2,6.6,Hampshire,Sussex,LA Dawson,RR Rossouw,Rashid Khan,1,0,,,,,,,,,
1167145,2019,2019-07-24,"County Ground, Hove",2,7.1,Hampshire,Sussex,LA Dawson,RR Rossouw,TS Mills,4,0,,,,,,,,,
1167145,2019,2019-07-24,"County Ground, Hove",2,7.2,Hampshire,Sussex,LA Dawson,RR Rossouw,TS Mills,0,0,,,,,,,,,
1167145,2019,2019-07-24,"County Ground, Hove",2,7.3,Hampshire,Sussex,LA Dawson,RR Rossouw,TS Mills,4,0,,,,,,,,,
1167145,2019,2019-07-24,"County Ground, Hove",2,7.4,Hampshire,Sussex,LA Dawson,RR Rossouw,TS Mills,1,0,,,,,,,,,
1167145,2019,2019-07-24,"County Ground, Hove",2,7.5,Hampshire,Sussex,RR Rossouw,LA Dawson,TS Mills,1,0,,,,,,,,,
1167145,2019,2019-07-24,"County Ground, Hove",2,7.6,Hampshire,Sussex,LA Dawson,RR Rossouw,TS Mills,2,0,,,,,,,,,
1167145,2019,2019-07-24,"County Ground, Hove",2,8.1,Hampshire,Sussex,RR Rossouw,LA Dawson,D Wiese,1,0,,,,,,,,,
1167145,2019,2019-07-24,"County Ground, Hove",2,8.2,Hampshire,Sussex,LA Dawson,RR Rossouw,D Wiese,1,0,,,,,,,,,
1167145,2019,2019-07-24,"County Ground, Hove",2,8.3,Hampshire,Sussex,RR Rossouw,LA Dawson,D Wiese,1,0,,,,,,,,,
1167145,2019,2019-07-24,"County Ground, Hove",2,8.4,Hampshire,Sussex,LA Dawson,RR Rossouw,D Wiese,0,0,,,,,,caught,LA Dawson,,
1167145,2019,2019-07-24,"County Ground, Hove",2,8.5,Hampshire,Sussex,RR Rossouw,CH Morris,D Wiese,1,0,,,,,,,,,
1167145,2019,2019-07-24,"County Ground, Hove",2,8.6,Hampshire,Sussex,CH Morris,RR Rossouw,D Wiese,4,0,,,,,,,,,
1167145,2019,2019-07-24,"County Ground, Hove",2,9.1,Hampshire,Sussex,RR Rossouw,CH Morris,DR Briggs,1,0,,,,,,,,,
1167145,2019,2019-07-24,"County Ground, Hove",2,9.2,Hampshire,Sussex,CH Morris,RR Rossouw,DR Briggs,1,0,,,,,,,,,
1167145,2019,2019-07-24,"County Ground, Hove",2,9.3,Hampshire,Sussex,RR Rossouw,CH Morris,DR Briggs,1,0,,,,,,,,,
1167145,2019,2019-07-24,"County Ground, Hove",2,9.4,Hampshire,Sussex,CH Morris,RR Rossouw,DR Briggs,1,0,,,,,,,,,
1167145,2019,2019-07-24,"County Ground, Hove",2,9.5,Hampshire,Sussex,RR Rossouw,CH Morris,DR Briggs,1,0,,,,,,,,,
1167145,2019,2019-07-24,"County Ground, Hove",2,9.6,Hampshire,Sussex,CH Morris,RR Rossouw,DR Briggs,1,0,,,,,,,,,
1167145,2019,2019-07-24,"County Ground, Hove",2,10.1,Hampshire,Sussex,CH Morris,RR Rossouw,Rashid Khan,1,0,,,,,,,,,
1167145,2019,2019-07-24,"County Ground, Hove",2,10.2,Hampshire,Sussex,RR Rossouw,CH Morris,Rashid Khan,1,0,,,,,,,,,
1167145,2019,2019-07-24,"County Ground, Hove",2,10.3,Hampshire,Sussex,CH Morris,RR Rossouw,Rashid Khan,0,0,,,,,,caught,CH Morris,,
1167145,2019,2019-07-24,"County Ground, Hove",2,10.4,Hampshire,Sussex,RR Rossouw,JK Fuller,Rashid Khan,1,0,,,,,,,,,
1167145,2019,2019-07-24,"County Ground, Hove",2,10.5,Hampshire,Sussex,JK Fuller,RR Rossouw,Rashid Khan,1,0,,,,,,,,,
1167145,2019,2019-07-24,"County Ground, Hove",2,10.6,Hampshire,Sussex,RR Rossouw,JK Fuller,Rashid Khan,1,0,,,,,,,,,
1167145,2019,2019-07-24,"County Ground, Hove",2,11.1,Hampshire,Sussex,RR Rossouw,JK Fuller,DR Briggs,4,0,,,,,,,,,
1167145,2019,2019-07-24,"County Ground, Hove",2,11.2,Hampshire,Sussex,RR Rossouw,JK Fuller,DR Briggs,4,0,,,,,,,,,
1167145,2019,2019-07-24,"County Ground, Hove",2,11.3,Hampshire,Sussex,RR Rossouw,JK Fuller,DR Briggs,1,0,,,,,,,,,
1167145,2019,2019-07-24,"County Ground, Hove",2,11.4,Hampshire,Sussex,JK Fuller,RR Rossouw,DR Briggs,0,0,,,,,,bowled,JK Fuller,,
1167145,2019,2019-07-24,"County Ground, Hove",2,11.5,Hampshire,Sussex,LD McManus,RR Rossouw,DR Briggs,1,0,,,,,,,,,
1167145,2019,2019-07-24,"County Ground, Hove",2,11.6,Hampshire,Sussex,RR Rossouw,LD McManus,DR Briggs,1,0,,,,,,,,,
1167145,2019,2019-07-24,"County Ground, Hove",2,12.1,Hampshire,Sussex,RR Rossouw,LD McManus,D Wiese,6,0,,,,,,,,,
1167145,2019,2019-07-24,"County Ground, Hove",2,12.2,Hampshire,Sussex,RR Rossouw,LD McManus,D Wiese,0,0,,,,,,,,,
1167145,2019,2019-07-24,"County Ground, Hove",2,12.3,Hampshire,Sussex,CP Wood,LD McManus,D Wiese,4,0,,,,,,,,,
1167145,2019,2019-07-24,"County Ground, Hove",2,12.4,Hampshire,Sussex,CP Wood,LD McManus,D Wiese,1,0,,,,,,,,,
1167145,2019,2019-07-24,"County Ground, Hove",2,12.5,Hampshire,Sussex,LD McManus,CP Wood,D Wiese,1,0,,,,,,,,,
1167145,2019,2019-07-24,"County Ground, Hove",2,12.6,Hampshire,Sussex,CP Wood,LD McManus,D Wiese,4,0,,,,,,,,,
1167145,2019,2019-07-24,"County Ground, Hove",2,13.1,Hampshire,Sussex,LD McManus,CP Wood,DR Briggs,2,0,,,,,,,,,
1167145,2019,2019-07-24,"County Ground, Hove",2,13.2,Hampshire,Sussex,LD McManus,CP Wood,DR Briggs,1,0,,,,,,,,,
1167145,2019,2019-07-24,"County Ground, Hove",2,13.3,Hampshire,Sussex,CP Wood,LD McManus,DR Briggs,0,0,,,,,,,,,
1167145,2019,2019-07-24,"County Ground, Hove",2,13.4,Hampshire,Sussex,CP Wood,LD McManus,DR Briggs,0,0,,,,,,caught,CP Wood,,
1167145,2019,2019-07-24,"County Ground, Hove",2,13.5,Hampshire,Sussex,LD McManus,RR Rossouw,DR Briggs,1,0,,,,,,,,,
1167145,2019,2019-07-24,"County Ground, Hove",2,13.6,Hampshire,Sussex,RR Rossouw,LD McManus,DR Briggs,1,0,,,,,,,,,
1167145,2019,2019-07-24,"County Ground, Hove",2,14.1,Hampshire,Sussex,RR Rossouw,LD McManus,Rashid Khan,2,0,,,,,,,,,
1167145,2019,2019-07-24,"County Ground, Hove",2,14.2,Hampshire,Sussex,RR Rossouw,LD McManus,Rashid Khan,4,0,,,,,,,,,
1167145,2019,2019-07-24,"County Ground, Hove",2,14.3,Hampshire,Sussex,RR Rossouw,LD McManus,Rashid Khan,4,0,,,,,,,,,
1167145,2019,2019-07-24,"County Ground, Hove",2,14.4,Hampshire,Sussex,RR Rossouw,LD McManus,Rashid Khan,1,0,,,,,,,,,
1167145,2019,2019-07-24,"County Ground, Hove",2,14.5,Hampshire,Sussex,LD McManus,RR Rossouw,Rashid Khan,2,0,,,,,,,,,
1167145,2019,2019-07-24,"County Ground, Hove",2,14.6,Hampshire,Sussex,LD McManus,RR Rossouw,Rashid Khan,6,0,,,,,,,,,
1167145,2019,2019-07-24,"County Ground, Hove",2,15.1,Hampshire,Sussex,RR Rossouw,LD McManus,DR Briggs,1,0,,,,,,,,,
1167145,2019,2019-07-24,"County Ground, Hove",2,15.2,Hampshire,Sussex,LD McManus,RR Rossouw,DR Briggs,4,0,,,,,,,,,
1167145,2019,2019-07-24,"County Ground, Hove",2,15.3,Hampshire,Sussex,LD McManus,RR Rossouw,DR Briggs,6,0,,,,,,,,,
1167145,2019,2019-07-24,"County Ground, Hove",2,15.4,Hampshire,Sussex,LD McManus,RR Rossouw,DR Briggs,1,0,,,,,,,,,
1167145,2019,2019-07-24,"County Ground, Hove",2,15.5,Hampshire,Sussex,RR Rossouw,LD McManus,DR Briggs,0,0,,,,,,caught,RR Rossouw,,
1167145,2019,2019-07-24,"County Ground, Hove",2,15.6,Hampshire,Sussex,LD McManus,KJ Abbott,DR Briggs,1,0,,,,,,,,,
1167145,2019,2019-07-24,"County Ground, Hove",2,16.1,Hampshire,Sussex,LD McManus,KJ Abbott,Rashid Khan,0,0,,,,,,,,,
1167145,2019,2019-07-24,"County Ground, Hove",2,16.2,Hampshire,Sussex,LD McManus,KJ Abbott,Rashid Khan,0,0,,,,,,,,,
1167145,2019,2019-07-24,"County Ground, Hove",2,16.3,Hampshire,Sussex,LD McManus,KJ Abbott,Rashid Khan,6,0,,,,,,,,,
1167145,2019,2019-07-24,"County Ground, Hove",2,16.4,Hampshire,Sussex,LD McManus,KJ Abbott,Rashid Khan,0,0,,,,,,caught,LD McManus,,
1167145,2019,2019-07-24,"County Ground, Hove",2,16.5,Hampshire,Sussex,KJ Abbott,MS Crane,Rashid Khan,1,0,,,,,,,,,
1167145,2019,2019-07-24,"County Ground, Hove",2,16.6,Hampshire,Sussex,MS Crane,KJ Abbott,Rashid Khan,1,0,,,,,,,,,
1167145,2019,2019-07-24,"County Ground, Hove",2,17.1,Hampshire,Sussex,MS Crane,KJ Abbott,TS Mills,1,2,,2,,,,,,,
1167145,2019,2019-07-24,"County Ground, Hove",2,17.2,Hampshire,Sussex,KJ Abbott,MS Crane,TS Mills,0,0,,,,,,,,,
1167145,2019,2019-07-24,"County Ground, Hove",2,17.3,Hampshire,Sussex,KJ Abbott,MS Crane,TS Mills,0,0,,,,,,,,,
1167145,2019,2019-07-24,"County Ground, Hove",2,17.4,Hampshire,Sussex,KJ Abbott,MS Crane,TS Mills,1,0,,,,,,,,,
1167145,2019,2019-07-24,"County Ground, Hove",2,17.5,Hampshire,Sussex,MS Crane,KJ Abbott,TS Mills,1,0,,,,,,,,,
1167145,2019,2019-07-24,"County Ground, Hove",2,17.6,Hampshire,Sussex,KJ Abbott,MS Crane,TS Mills,3,0,,,,,,,,,
1167145,2019,2019-07-24,"County Ground, Hove",2,17.7,Hampshire,Sussex,MS Crane,KJ Abbott,TS Mills,1,0,,,,,,,,,
1167145,2019,2019-07-24,"County Ground, Hove",2,18.1,Hampshire,Sussex,MS Crane,KJ Abbott,RJW Topley,0,0,,,,,,,,,
1167145,2019,2019-07-24,"County Ground, Hove",2,18.2,Hampshire,Sussex,MS Crane,KJ Abbott,RJW Topley,1,0,,,,,,,,,
1167145,2019,2019-07-24,"County Ground, Hove",2,18.3,Hampshire,Sussex,KJ Abbott,MS Crane,RJW Topley,6,0,,,,,,,,,
1167145,2019,2019-07-24,"County Ground, Hove",2,18.4,Hampshire,Sussex,KJ Abbott,MS Crane,RJW Topley,2,0,,,,,,,,,
1167145,2019,2019-07-24,"County Ground, Hove",2,18.5,Hampshire,Sussex,KJ Abbott,MS Crane,RJW Topley,2,0,,,,,,,,,
1167145,2019,2019-07-24,"County Ground, Hove",2,18.6,Hampshire,Sussex,KJ Abbott,MS Crane,RJW Topley,0,0,,,,,,caught,KJ Abbott,,
