match_id,season,start_date,venue,innings,ball,batting_team,bowling_team,striker,non_striker,bowler,runs_off_bat,extras,wides,noballs,byes,legbyes,penalty,wicket_type,player_dismissed,other_wicket_type,other_player_dismissed
1167174,2019,2019-08-02,County Ground,1,0.1,Essex,Gloucestershire,T Westley,CS Delport,DA Payne,1,0,,,,,,,,,
1167174,2019,2019-08-02,County Ground,1,0.2,Essex,Gloucestershire,CS Delport,T Westley,DA Payne,0,0,,,,,,,,,
1167174,2019,2019-08-02,County Ground,1,0.3,Essex,Gloucestershire,CS Delport,T Westley,DA Payne,4,0,,,,,,,,,
1167174,2019,2019-08-02,County Ground,1,0.4,Essex,Gloucestershire,CS Delport,T Westley,DA Payne,0,0,,,,,,,,,
1167174,2019,2019-08-02,County Ground,1,0.5,Essex,Gloucestershire,CS Delport,T Westley,DA Payne,0,0,,,,,,,,,
1167174,2019,2019-08-02,County Ground,1,0.6,Essex,Gloucestershire,CS Delport,T Westley,DA Payne,0,0,,,,,,,,,
1167174,2019,2019-08-02,County Ground,1,1.1,Essex,Gloucestershire,T Westley,CS Delport,RF Higgins,1,0,,,,,,,,,
1167174,2019,2019-08-02,County Ground,1,1.2,Essex,Gloucestershire,CS Delport,T Westley,RF Higgins,0,0,,,,,,,,,
1167174,2019,2019-08-02,County Ground,1,1.3,Essex,Gloucestershire,CS Delport,T Westley,RF Higgins,4,0,,,,,,,,,
1167174,2019,2019-08-02,County Ground,1,1.4,Essex,Gloucestershire,CS Delport,T Westley,RF Higgins,1,0,,,,,,,,,
1167174,2019,2019-08-02,County Ground,1,1.5,Essex,Gloucestershire,T Westley,CS Delport,RF Higgins,0,0,,,,,,,,,
1167174,2019,2019-08-02,County Ground,1,1.6,Essex,Gloucestershire,T Westley,CS Delport,RF Higgins,4,0,,,,,,,,,
1167174,2019,2019-08-02,County Ground,1,2.1,Essex,Gloucestershire,CS Delport,T Westley,DA Payne,0,0,,,,,,,,,
1167174,2019,2019-08-02,County Ground,1,2.2,Essex,Gloucestershire,CS Delport,T Westley,DA Payne,0,0,,,,,,,,,
1167174,2019,2019-08-02,County Ground,1,2.3,Essex,Gloucestershire,CS Delport,T Westley,DA Payne,6,0,,,,,,,,,
1167174,2019,2019-08-02,County Ground,1,2.4,Essex,Gloucestershire,CS Delport,T Westley,DA Payne,1,0,,,,,,,,,
1167174,2019,2019-08-02,County Ground,1,2.5,Essex,Gloucestershire,T Westley,CS Delport,DA Payne,0,0,,,,,,,,,
1167174,2019,2019-08-02,County Ground,1,2.6,Essex,Gloucestershire,T Westley,CS Delport,DA Payne,1,0,,,,,,,,,
1167174,2019,2019-08-02,County Ground,1,3.1,Essex,Gloucestershire,T Westley,CS Delport,AJ Tye,1,0,,,,,,,,,
1167174,2019,2019-08-02,County Ground,1,3.2,Essex,Gloucestershire,CS Delport,T Westley,AJ Tye,6,0,,,,,,,,,
1167174,2019,2019-08-02,County Ground,1,3.3,Essex,Gloucestershire,CS Delport,T Westley,AJ Tye,1,0,,,,,,,,,
1167174,2019,2019-08-02,County Ground,1,3.4,Essex,Gloucestershire,T Westley,CS Delport,AJ Tye,0,0,,,,,,,,,
1167174,2019,2019-08-02,County Ground,1,3.5,Essex,Gloucestershire,T Westley,CS Delport,AJ Tye,4,0,,,,,,,,,
1167174,2019,2019-08-02,County Ground,1,3.6,Essex,Gloucestershire,T Westley,CS Delport,AJ Tye,2,0,,,,,,,,,
1167174,2019,2019-08-02,County Ground,1,4.1,Essex,Gloucestershire,CS Delport,T Westley,DA Payne,0,0,,,,,,,,,
1167174,2019,2019-08-02,County Ground,1,4.2,Essex,Gloucestershire,CS Delport,T Westley,DA Payne,0,0,,,,,,,,,
1167174,2019,2019-08-02,County Ground,1,4.3,Essex,Gloucestershire,CS Delport,T Westley,DA Payne,2,0,,,,,,,,,
1167174,2019,2019-08-02,County Ground,1,4.4,Essex,Gloucestershire,CS Delport,T Westley,DA Payne,6,0,,,,,,,,,
1167174,2019,2019-08-02,County Ground,1,4.5,Essex,Gloucestershire,CS Delport,T Westley,DA Payne,2,0,,,,,,,,,
1167174,2019,2019-08-02,County Ground,1,4.6,Essex,Gloucestershire,CS Delport,T Westley,DA Payne,1,0,,,,,,,,,
1167174,2019,2019-08-02,County Ground,1,5.1,Essex,Gloucestershire,CS Delport,T Westley,RF Higgins,0,0,,,,,,,,,
1167174,2019,2019-08-02,County Ground,1,5.2,Essex,Gloucestershire,CS Delport,T Westley,RF Higgins,1,0,,,,,,,,,
1167174,2019,2019-08-02,County Ground,1,5.3,Essex,Gloucestershire,T Westley,CS Delport,RF Higgins,0,1,1,,,,,,,,
1167174,2019,2019-08-02,County Ground,1,5.4,Essex,Gloucestershire,T Westley,CS Delport,RF Higgins,0,0,,,,,,,,,
1167174,2019,2019-08-02,County Ground,1,5.5,Essex,Gloucestershire,T Westley,CS Delport,RF Higgins,4,0,,,,,,,,,
1167174,2019,2019-08-02,County Ground,1,5.6,Essex,Gloucestershire,T Westley,CS Delport,RF Higgins,2,0,,,,,,,,,
1167174,2019,2019-08-02,County Ground,1,5.7,Essex,Gloucestershire,T Westley,CS Delport,RF Higgins,2,0,,,,,,,,,
1167174,2019,2019-08-02,County Ground,1,6.1,Essex,Gloucestershire,CS Delport,T Westley,BAC Howell,0,0,,,,,,,,,
1167174,2019,2019-08-02,County Ground,1,6.2,Essex,Gloucestershire,CS Delport,T Westley,BAC Howell,0,0,,,,,,,,,
1167174,2019,2019-08-02,County Ground,1,6.3,Essex,Gloucestershire,CS Delport,T Westley,BAC Howell,0,0,,,,,,,,,
1167174,2019,2019-08-02,County Ground,1,6.4,Essex,Gloucestershire,CS Delport,T Westley,BAC Howell,1,0,,,,,,,,,
1167174,2019,2019-08-02,County Ground,1,6.5,Essex,Gloucestershire,T Westley,CS Delport,BAC Howell,0,0,,,,,,,,,
1167174,2019,2019-08-02,County Ground,1,6.6,Essex,Gloucestershire,T Westley,CS Delport,BAC Howell,1,0,,,,,,,,,
1167174,2019,2019-08-02,County Ground,1,7.1,Essex,Gloucestershire,T Westley,CS Delport,TMJ Smith,0,1,1,,,,,,,,
1167174,2019,2019-08-02,County Ground,1,7.2,Essex,Gloucestershire,T Westley,CS Delport,TMJ Smith,0,1,1,,,,,,,,
1167174,2019,2019-08-02,County Ground,1,7.3,Essex,Gloucestershire,T Westley,CS Delport,TMJ Smith,1,0,,,,,,,,,
1167174,2019,2019-08-02,County Ground,1,7.4,Essex,Gloucestershire,CS Delport,T Westley,TMJ Smith,1,0,,,,,,,,,
1167174,2019,2019-08-02,County Ground,1,7.5,Essex,Gloucestershire,T Westley,CS Delport,TMJ Smith,1,0,,,,,,,,,
1167174,2019,2019-08-02,County Ground,1,7.6,Essex,Gloucestershire,CS Delport,T Westley,TMJ Smith,0,1,1,,,,,,,,
1167174,2019,2019-08-02,County Ground,1,7.7,Essex,Gloucestershire,CS Delport,T Westley,TMJ Smith,6,0,,,,,,,,,
1167174,2019,2019-08-02,County Ground,1,7.8,Essex,Gloucestershire,CS Delport,T Westley,TMJ Smith,6,0,,,,,,,,,
1167174,2019,2019-08-02,County Ground,1,7.9,Essex,Gloucestershire,CS Delport,T Westley,TMJ Smith,2,0,,,,,,,,,
1167174,2019,2019-08-02,County Ground,1,8.1,Essex,Gloucestershire,T Westley,CS Delport,BAC Howell,1,0,,,,,,,,,
1167174,2019,2019-08-02,County Ground,1,8.2,Essex,Gloucestershire,CS Delport,T Westley,BAC Howell,0,0,,,,,,caught,CS Delport,,
1167174,2019,2019-08-02,County Ground,1,8.3,Essex,Gloucestershire,T Westley,AJA Wheater,BAC Howell,0,0,,,,,,,,,
1167174,2019,2019-08-02,County Ground,1,8.4,Essex,Gloucestershire,T Westley,AJA Wheater,BAC Howell,0,0,,,,,,,,,
1167174,2019,2019-08-02,County Ground,1,8.5,Essex,Gloucestershire,T Westley,AJA Wheater,BAC Howell,0,0,,,,,,,,,
1167174,2019,2019-08-02,County Ground,1,8.6,Essex,Gloucestershire,T Westley,AJA Wheater,BAC Howell,1,0,,,,,,,,,
1167174,2019,2019-08-02,County Ground,1,9.1,Essex,Gloucestershire,T Westley,AJA Wheater,TMJ Smith,6,0,,,,,,,,,
1167174,2019,2019-08-02,County Ground,1,9.2,Essex,Gloucestershire,T Westley,AJA Wheater,TMJ Smith,1,0,,,,,,,,,
1167174,2019,2019-08-02,County Ground,1,9.3,Essex,Gloucestershire,AJA Wheater,T Westley,TMJ Smith,2,0,,,,,,,,,
1167174,2019,2019-08-02,County Ground,1,9.4,Essex,Gloucestershire,AJA Wheater,T Westley,TMJ Smith,1,0,,,,,,,,,
1167174,2019,2019-08-02,County Ground,1,9.5,Essex,Gloucestershire,T Westley,AJA Wheater,TMJ Smith,0,0,,,,,,,,,
1167174,2019,2019-08-02,County Ground,1,9.6,Essex,Gloucestershire,T Westley,AJA Wheater,TMJ Smith,1,0,,,,,,,,,
1167174,2019,2019-08-02,County Ground,1,10.1,Essex,Gloucestershire,T Westley,AJA Wheater,BAC Howell,1,0,,,,,,,,,
1167174,2019,2019-08-02,County Ground,1,10.2,Essex,Gloucestershire,AJA Wheater,T Westley,BAC Howell,0,0,,,,,,bowled,AJA Wheater,,
1167174,2019,2019-08-02,County Ground,1,10.3,Essex,Gloucestershire,DW Lawrence,T Westley,BAC Howell,1,0,,,,,,,,,
1167174,2019,2019-08-02,County Ground,1,10.4,Essex,Gloucestershire,T Westley,DW Lawrence,BAC Howell,1,0,,,,,,,,,
1167174,2019,2019-08-02,County Ground,1,10.5,Essex,Gloucestershire,DW Lawrence,T Westley,BAC Howell,0,0,,,,,,,,,
1167174,2019,2019-08-02,County Ground,1,10.6,Essex,Gloucestershire,DW Lawrence,T Westley,BAC Howell,1,0,,,,,,,,,
1167174,2019,2019-08-02,County Ground,1,11.1,Essex,Gloucestershire,DW Lawrence,T Westley,GL van Buuren,1,0,,,,,,,,,
1167174,2019,2019-08-02,County Ground,1,11.2,Essex,Gloucestershire,T Westley,DW Lawrence,GL van Buuren,4,0,,,,,,,,,
1167174,2019,2019-08-02,County Ground,1,11.3,Essex,Gloucestershire,T Westley,DW Lawrence,GL van Buuren,1,0,,,,,,,,,
1167174,2019,2019-08-02,County Ground,1,11.4,Essex,Gloucestershire,DW Lawrence,T Westley,GL van Buuren,1,0,,,,,,,,,
1167174,2019,2019-08-02,County Ground,1,11.5,Essex,Gloucestershire,T Westley,DW Lawrence,GL van Buuren,1,0,,,,,,,,,
1167174,2019,2019-08-02,County Ground,1,11.6,Essex,Gloucestershire,DW Lawrence,T Westley,GL van Buuren,4,0,,,,,,,,,
1167174,2019,2019-08-02,County Ground,1,12.1,Essex,Gloucestershire,T Westley,DW Lawrence,AJ Tye,1,0,,,,,,,,,
1167174,2019,2019-08-02,County Ground,1,12.2,Essex,Gloucestershire,DW Lawrence,T Westley,AJ Tye,1,0,,,,,,,,,
1167174,2019,2019-08-02,County Ground,1,12.3,Essex,Gloucestershire,T Westley,DW Lawrence,AJ Tye,4,0,,,,,,,,,
1167174,2019,2019-08-02,County Ground,1,12.4,Essex,Gloucestershire,T Westley,DW Lawrence,AJ Tye,1,0,,,,,,,,,
1167174,2019,2019-08-02,County Ground,1,12.5,Essex,Gloucestershire,DW Lawrence,T Westley,AJ Tye,1,0,,,,,,,,,
1167174,2019,2019-08-02,County Ground,1,12.6,Essex,Gloucestershire,T Westley,DW Lawrence,AJ Tye,1,0,,,,,,,,,
1167174,2019,2019-08-02,County Ground,1,13.1,Essex,Gloucestershire,T Westley,DW Lawrence,TMJ Smith,6,0,,,,,,,,,
1167174,2019,2019-08-02,County Ground,1,13.2,Essex,Gloucestershire,T Westley,DW Lawrence,TMJ Smith,4,0,,,,,,,,,
1167174,2019,2019-08-02,County Ground,1,13.3,Essex,Gloucestershire,T Westley,DW Lawrence,TMJ Smith,1,0,,,,,,,,,
1167174,2019,2019-08-02,County Ground,1,13.4,Essex,Gloucestershire,DW Lawrence,T Westley,TMJ Smith,1,0,,,,,,,,,
1167174,2019,2019-08-02,County Ground,1,13.5,Essex,Gloucestershire,T Westley,DW Lawrence,TMJ Smith,6,0,,,,,,,,,
1167174,2019,2019-08-02,County Ground,1,13.6,Essex,Gloucestershire,T Westley,DW Lawrence,TMJ Smith,6,0,,,,,,,,,
1167174,2019,2019-08-02,County Ground,1,14.1,Essex,Gloucestershire,DW Lawrence,T Westley,BAC Howell,0,0,,,,,,,,,
1167174,2019,2019-08-02,County Ground,1,14.2,Essex,Gloucestershire,DW Lawrence,T Westley,BAC Howell,1,0,,,,,,,,,
1167174,2019,2019-08-02,County Ground,1,14.3,Essex,Gloucestershire,T Westley,DW Lawrence,BAC Howell,1,0,,,,,,,,,
1167174,2019,2019-08-02,County Ground,1,14.4,Essex,Gloucestershire,DW Lawrence,T Westley,BAC Howell,1,0,,,,,,,,,
1167174,2019,2019-08-02,County Ground,1,14.5,Essex,Gloucestershire,T Westley,DW Lawrence,BAC Howell,1,0,,,,,,,,,
1167174,2019,2019-08-02,County Ground,1,14.6,Essex,Gloucestershire,DW Lawrence,T Westley,BAC Howell,1,0,,,,,,,,,
1167174,2019,2019-08-02,County Ground,1,15.1,Essex,Gloucestershire,DW Lawrence,T Westley,RF Higgins,1,0,,,,,,,,,
1167174,2019,2019-08-02,County Ground,1,15.2,Essex,Gloucestershire,T Westley,DW Lawrence,RF Higgins,2,0,,,,,,,,,
1167174,2019,2019-08-02,County Ground,1,15.3,Essex,Gloucestershire,T Westley,DW Lawrence,RF Higgins,0,0,,,,,,,,,
1167174,2019,2019-08-02,County Ground,1,15.4,Essex,Gloucestershire,T Westley,DW Lawrence,RF Higgins,1,0,,,,,,,,,
1167174,2019,2019-08-02,County Ground,1,15.5,Essex,Gloucestershire,DW Lawrence,T Westley,RF Higgins,1,0,,,,,,,,,
1167174,2019,2019-08-02,County Ground,1,15.6,Essex,Gloucestershire,T Westley,DW Lawrence,RF Higgins,1,0,,,,,,,,,
1167174,2019,2019-08-02,County Ground,1,16.1,Essex,Gloucestershire,T Westley,DW Lawrence,AJ Tye,0,1,1,,,,,,,,
1167174,2019,2019-08-02,County Ground,1,16.2,Essex,Gloucestershire,T Westley,DW Lawrence,AJ Tye,0,0,,,,,,,,,
1167174,2019,2019-08-02,County Ground,1,16.3,Essex,Gloucestershire,T Westley,DW Lawrence,AJ Tye,0,0,,,,,,,,,
1167174,2019,2019-08-02,County Ground,1,16.4,Essex,Gloucestershire,T Westley,DW Lawrence,AJ Tye,1,0,,,,,,,,,
1167174,2019,2019-08-02,County Ground,1,16.5,Essex,Gloucestershire,DW Lawrence,T Westley,AJ Tye,0,0,,,,,,,,,
1167174,2019,2019-08-02,County Ground,1,16.6,Essex,Gloucestershire,DW Lawrence,T Westley,AJ Tye,1,0,,,,,,,,,
1167174,2019,2019-08-02,County Ground,1,16.7,Essex,Gloucestershire,T Westley,DW Lawrence,AJ Tye,4,0,,,,,,,,,
1167174,2019,2019-08-02,County Ground,1,17.1,Essex,Gloucestershire,DW Lawrence,T Westley,RF Higgins,2,0,,,,,,,,,
1167174,2019,2019-08-02,County Ground,1,17.2,Essex,Gloucestershire,DW Lawrence,T Westley,RF Higgins,6,0,,,,,,,,,
1167174,2019,2019-08-02,County Ground,1,17.3,Essex,Gloucestershire,DW Lawrence,T Westley,RF Higgins,6,0,,,,,,,,,
1167174,2019,2019-08-02,County Ground,1,17.4,Essex,Gloucestershire,DW Lawrence,T Westley,RF Higgins,0,0,,,,,,,,,
1167174,2019,2019-08-02,County Ground,1,17.5,Essex,Gloucestershire,DW Lawrence,T Westley,RF Higgins,4,0,,,,,,,,,
1167174,2019,2019-08-02,County Ground,1,17.6,Essex,Gloucestershire,DW Lawrence,T Westley,RF Higgins,1,0,,,,,,,,,
1167174,2019,2019-08-02,County Ground,1,18.1,Essex,Gloucestershire,DW Lawrence,T Westley,AJ Tye,0,0,,,,,,,,,
1167174,2019,2019-08-02,County Ground,1,18.2,Essex,Gloucestershire,DW Lawrence,T Westley,AJ Tye,4,0,,,,,,,,,
1167174,2019,2019-08-02,County Ground,1,18.3,Essex,Gloucestershire,DW Lawrence,T Westley,AJ Tye,4,0,,,,,,,,,
1167174,2019,2019-08-02,County Ground,1,18.4,Essex,Gloucestershire,DW Lawrence,T Westley,AJ Tye,6,0,,,,,,,,,
1167174,2019,2019-08-02,County Ground,1,18.5,Essex,Gloucestershire,DW Lawrence,T Westley,AJ Tye,6,0,,,,,,,,,
1167174,2019,2019-08-02,County Ground,1,18.6,Essex,Gloucestershire,DW Lawrence,T Westley,AJ Tye,0,0,,,,,,caught,DW Lawrence,,
1167174,2019,2019-08-02,County Ground,1,19.1,Essex,Gloucestershire,T Westley,RN ten Doeschate,DA Payne,1,0,,,,,,,,,
1167174,2019,2019-08-02,County Ground,1,19.2,Essex,Gloucestershire,RN ten Doeschate,T Westley,DA Payne,1,0,,,,,,,,,
1167174,2019,2019-08-02,County Ground,1,19.3,Essex,Gloucestershire,T Westley,RN ten Doeschate,DA Payne,0,1,,,,1,,,,,
1167174,2019,2019-08-02,County Ground,1,19.4,Essex,Gloucestershire,RN ten Doeschate,T Westley,DA Payne,2,0,,,,,,,,,
1167174,2019,2019-08-02,County Ground,1,19.5,Essex,Gloucestershire,RN ten Doeschate,T Westley,DA Payne,1,0,,,,,,,,,
1167174,2019,2019-08-02,County Ground,1,19.6,Essex,Gloucestershire,T Westley,RN ten Doeschate,DA Payne,1,0,,,,,,,,,
1167174,2019,2019-08-02,County Ground,2,0.1,Gloucestershire,Essex,Miles Hammond,M Klinger,Mohammad Amir,0,0,,,,,,,,,
1167174,2019,2019-08-02,County Ground,2,0.2,Gloucestershire,Essex,Miles Hammond,M Klinger,Mohammad Amir,0,0,,,,,,,,,
1167174,2019,2019-08-02,County Ground,2,0.3,Gloucestershire,Essex,Miles Hammond,M Klinger,Mohammad Amir,2,0,,,,,,,,,
1167174,2019,2019-08-02,County Ground,2,0.4,Gloucestershire,Essex,Miles Hammond,M Klinger,Mohammad Amir,0,0,,,,,,,,,
1167174,2019,2019-08-02,County Ground,2,0.5,Gloucestershire,Essex,Miles Hammond,M Klinger,Mohammad Amir,2,0,,,,,,,,,
1167174,2019,2019-08-02,County Ground,2,0.6,Gloucestershire,Essex,Miles Hammond,M Klinger,Mohammad Amir,2,0,,,,,,,,,
1167174,2019,2019-08-02,County Ground,2,1.1,Gloucestershire,Essex,M Klinger,Miles Hammond,S Snater,1,0,,,,,,,,,
1167174,2019,2019-08-02,County Ground,2,1.2,Gloucestershire,Essex,Miles Hammond,M Klinger,S Snater,0,0,,,,,,,,,
1167174,2019,2019-08-02,County Ground,2,1.3,Gloucestershire,Essex,Miles Hammond,M Klinger,S Snater,1,0,,,,,,,,,
1167174,2019,2019-08-02,County Ground,2,1.4,Gloucestershire,Essex,M Klinger,Miles Hammond,S Snater,0,0,,,,,,,,,
1167174,2019,2019-08-02,County Ground,2,1.5,Gloucestershire,Essex,M Klinger,Miles Hammond,S Snater,1,0,,,,,,,,,
1167174,2019,2019-08-02,County Ground,2,1.6,Gloucestershire,Essex,Miles Hammond,M Klinger,S Snater,6,0,,,,,,,,,
1167174,2019,2019-08-02,County Ground,2,2.1,Gloucestershire,Essex,M Klinger,Miles Hammond,A Zampa,1,0,,,,,,,,,
1167174,2019,2019-08-02,County Ground,2,2.2,Gloucestershire,Essex,Miles Hammond,M Klinger,A Zampa,0,0,,,,,,,,,
1167174,2019,2019-08-02,County Ground,2,2.3,Gloucestershire,Essex,Miles Hammond,M Klinger,A Zampa,4,0,,,,,,,,,
1167174,2019,2019-08-02,County Ground,2,2.4,Gloucestershire,Essex,Miles Hammond,M Klinger,A Zampa,2,0,,,,,,,,,
1167174,2019,2019-08-02,County Ground,2,2.5,Gloucestershire,Essex,Miles Hammond,M Klinger,A Zampa,0,0,,,,,,,,,
1167174,2019,2019-08-02,County Ground,2,2.6,Gloucestershire,Essex,Miles Hammond,M Klinger,A Zampa,0,0,,,,,,caught,Miles Hammond,,
1167174,2019,2019-08-02,County Ground,2,3.1,Gloucestershire,Essex,M Klinger,James Bracey,AP Beard,1,0,,,,,,,,,
1167174,2019,2019-08-02,County Ground,2,3.2,Gloucestershire,Essex,James Bracey,M Klinger,AP Beard,0,0,,,,,,,,,
1167174,2019,2019-08-02,County Ground,2,3.3,Gloucestershire,Essex,James Bracey,M Klinger,AP Beard,0,0,,,,,,,,,
1167174,2019,2019-08-02,County Ground,2,3.4,Gloucestershire,Essex,James Bracey,M Klinger,AP Beard,0,1,1,,,,,,,,
1167174,2019,2019-08-02,County Ground,2,3.5,Gloucestershire,Essex,James Bracey,M Klinger,AP Beard,0,1,,,,1,,,,,
1167174,2019,2019-08-02,County Ground,2,3.6,Gloucestershire,Essex,M Klinger,James Bracey,AP Beard,1,0,,,,,,,,,
1167174,2019,2019-08-02,County Ground,2,3.7,Gloucestershire,Essex,James Bracey,M Klinger,AP Beard,1,0,,,,,,,,,
1167174,2019,2019-08-02,County Ground,2,4.1,Gloucestershire,Essex,James Bracey,M Klinger,S Snater,1,0,,,,,,,,,
1167174,2019,2019-08-02,County Ground,2,4.2,Gloucestershire,Essex,M Klinger,James Bracey,S Snater,4,0,,,,,,,,,
1167174,2019,2019-08-02,County Ground,2,4.3,Gloucestershire,Essex,M Klinger,James Bracey,S Snater,2,0,,,,,,,,,
1167174,2019,2019-08-02,County Ground,2,4.4,Gloucestershire,Essex,M Klinger,James Bracey,S Snater,0,0,,,,,,,,,
1167174,2019,2019-08-02,County Ground,2,4.5,Gloucestershire,Essex,M Klinger,James Bracey,S Snater,0,0,,,,,,caught,M Klinger,,
1167174,2019,2019-08-02,County Ground,2,4.6,Gloucestershire,Essex,IA Cockbain,James Bracey,S Snater,0,0,,,,,,,,,
1167174,2019,2019-08-02,County Ground,2,5.1,Gloucestershire,Essex,James Bracey,IA Cockbain,Mohammad Amir,1,0,,,,,,,,,
1167174,2019,2019-08-02,County Ground,2,5.2,Gloucestershire,Essex,IA Cockbain,James Bracey,Mohammad Amir,0,0,,,,,,,,,
1167174,2019,2019-08-02,County Ground,2,5.3,Gloucestershire,Essex,IA Cockbain,James Bracey,Mohammad Amir,1,0,,,,,,,,,
1167174,2019,2019-08-02,County Ground,2,5.4,Gloucestershire,Essex,James Bracey,IA Cockbain,Mohammad Amir,0,0,,,,,,,,,
1167174,2019,2019-08-02,County Ground,2,5.5,Gloucestershire,Essex,James Bracey,IA Cockbain,Mohammad Amir,4,0,,,,,,,,,
1167174,2019,2019-08-02,County Ground,2,5.6,Gloucestershire,Essex,James Bracey,IA Cockbain,Mohammad Amir,0,0,,,,,,,,,
1167174,2019,2019-08-02,County Ground,2,6.1,Gloucestershire,Essex,IA Cockbain,James Bracey,SR Harmer,1,0,,,,,,,,,
1167174,2019,2019-08-02,County Ground,2,6.2,Gloucestershire,Essex,James Bracey,IA Cockbain,SR Harmer,1,0,,,,,,,,,
1167174,2019,2019-08-02,County Ground,2,6.3,Gloucestershire,Essex,IA Cockbain,James Bracey,SR Harmer,0,0,,,,,,,,,
1167174,2019,2019-08-02,County Ground,2,6.4,Gloucestershire,Essex,IA Cockbain,James Bracey,SR Harmer,1,0,,,,,,,,,
1167174,2019,2019-08-02,County Ground,2,6.5,Gloucestershire,Essex,James Bracey,IA Cockbain,SR Harmer,0,0,,,,,,caught,James Bracey,,
1167174,2019,2019-08-02,County Ground,2,6.6,Gloucestershire,Essex,IA Cockbain,RF Higgins,SR Harmer,0,0,,,,,,,,,
1167174,2019,2019-08-02,County Ground,2,7.1,Gloucestershire,Essex,RF Higgins,IA Cockbain,A Zampa,0,0,,,,,,,,,
1167174,2019,2019-08-02,County Ground,2,7.2,Gloucestershire,Essex,RF Higgins,IA Cockbain,A Zampa,1,0,,,,,,,,,
1167174,2019,2019-08-02,County Ground,2,7.3,Gloucestershire,Essex,IA Cockbain,RF Higgins,A Zampa,0,0,,,,,,,,,
1167174,2019,2019-08-02,County Ground,2,7.4,Gloucestershire,Essex,IA Cockbain,RF Higgins,A Zampa,1,0,,,,,,,,,
1167174,2019,2019-08-02,County Ground,2,7.5,Gloucestershire,Essex,RF Higgins,IA Cockbain,A Zampa,1,0,,,,,,,,,
1167174,2019,2019-08-02,County Ground,2,7.6,Gloucestershire,Essex,IA Cockbain,RF Higgins,A Zampa,0,0,,,,,,,,,
1167174,2019,2019-08-02,County Ground,2,8.1,Gloucestershire,Essex,RF Higgins,IA Cockbain,PI Walter,0,0,,,,,,,,,
1167174,2019,2019-08-02,County Ground,2,8.2,Gloucestershire,Essex,RF Higgins,IA Cockbain,PI Walter,4,0,,,,,,,,,
1167174,2019,2019-08-02,County Ground,2,8.3,Gloucestershire,Essex,RF Higgins,IA Cockbain,PI Walter,2,0,,,,,,,,,
1167174,2019,2019-08-02,County Ground,2,8.4,Gloucestershire,Essex,RF Higgins,IA Cockbain,PI Walter,1,0,,,,,,,,,
1167174,2019,2019-08-02,County Ground,2,8.5,Gloucestershire,Essex,IA Cockbain,RF Higgins,PI Walter,4,0,,,,,,,,,
1167174,2019,2019-08-02,County Ground,2,8.6,Gloucestershire,Essex,IA Cockbain,RF Higgins,PI Walter,0,1,1,,,,,,,,
1167174,2019,2019-08-02,County Ground,2,8.7,Gloucestershire,Essex,IA Cockbain,RF Higgins,PI Walter,1,0,,,,,,,,,
1167174,2019,2019-08-02,County Ground,2,9.1,Gloucestershire,Essex,IA Cockbain,RF Higgins,A Zampa,1,0,,,,,,,,,
1167174,2019,2019-08-02,County Ground,2,9.2,Gloucestershire,Essex,RF Higgins,IA Cockbain,A Zampa,1,0,,,,,,,,,
1167174,2019,2019-08-02,County Ground,2,9.3,Gloucestershire,Essex,IA Cockbain,RF Higgins,A Zampa,1,0,,,,,,,,,
1167174,2019,2019-08-02,County Ground,2,9.4,Gloucestershire,Essex,RF Higgins,IA Cockbain,A Zampa,1,0,,,,,,,,,
1167174,2019,2019-08-02,County Ground,2,9.5,Gloucestershire,Essex,IA Cockbain,RF Higgins,A Zampa,1,0,,,,,,,,,
1167174,2019,2019-08-02,County Ground,2,9.6,Gloucestershire,Essex,RF Higgins,IA Cockbain,A Zampa,1,0,,,,,,,,,
1167174,2019,2019-08-02,County Ground,2,10.1,Gloucestershire,Essex,RF Higgins,IA Cockbain,AP Beard,1,0,,,,,,,,,
1167174,2019,2019-08-02,County Ground,2,10.2,Gloucestershire,Essex,IA Cockbain,RF Higgins,AP Beard,0,0,,,,,,,,,
1167174,2019,2019-08-02,County Ground,2,10.3,Gloucestershire,Essex,IA Cockbain,RF Higgins,AP Beard,1,0,,,,,,,,,
1167174,2019,2019-08-02,County Ground,2,10.4,Gloucestershire,Essex,RF Higgins,IA Cockbain,AP Beard,1,0,,,,,,,,,
1167174,2019,2019-08-02,County Ground,2,10.5,Gloucestershire,Essex,IA Cockbain,RF Higgins,AP Beard,0,0,,,,,,caught,IA Cockbain,,
1167174,2019,2019-08-02,County Ground,2,10.6,Gloucestershire,Essex,JMR Taylor,RF Higgins,AP Beard,0,0,,,,,,,,,
1167174,2019,2019-08-02,County Ground,2,11.1,Gloucestershire,Essex,RF Higgins,JMR Taylor,SR Harmer,4,0,,,,,,,,,
1167174,2019,2019-08-02,County Ground,2,11.2,Gloucestershire,Essex,RF Higgins,JMR Taylor,SR Harmer,4,0,,,,,,,,,
1167174,2019,2019-08-02,County Ground,2,11.3,Gloucestershire,Essex,RF Higgins,JMR Taylor,SR Harmer,4,0,,,,,,,,,
1167174,2019,2019-08-02,County Ground,2,11.4,Gloucestershire,Essex,RF Higgins,JMR Taylor,SR Harmer,1,0,,,,,,,,,
1167174,2019,2019-08-02,County Ground,2,11.5,Gloucestershire,Essex,JMR Taylor,RF Higgins,SR Harmer,0,0,,,,,,,,,
1167174,2019,2019-08-02,County Ground,2,11.6,Gloucestershire,Essex,JMR Taylor,RF Higgins,SR Harmer,1,0,,,,,,,,,
1167174,2019,2019-08-02,County Ground,2,12.1,Gloucestershire,Essex,JMR Taylor,RF Higgins,AP Beard,4,0,,,,,,,,,
1167174,2019,2019-08-02,County Ground,2,12.2,Gloucestershire,Essex,JMR Taylor,RF Higgins,AP Beard,1,0,,,,,,,,,
1167174,2019,2019-08-02,County Ground,2,12.3,Gloucestershire,Essex,RF Higgins,JMR Taylor,AP Beard,0,0,,,,,,,,,
1167174,2019,2019-08-02,County Ground,2,12.4,Gloucestershire,Essex,RF Higgins,JMR Taylor,AP Beard,4,0,,,,,,,,,
1167174,2019,2019-08-02,County Ground,2,12.5,Gloucestershire,Essex,RF Higgins,JMR Taylor,AP Beard,1,0,,,,,,,,,
1167174,2019,2019-08-02,County Ground,2,12.6,Gloucestershire,Essex,JMR Taylor,RF Higgins,AP Beard,1,0,,,,,,,,,
1167174,2019,2019-08-02,County Ground,2,13.1,Gloucestershire,Essex,JMR Taylor,RF Higgins,SR Harmer,1,0,,,,,,,,,
1167174,2019,2019-08-02,County Ground,2,13.2,Gloucestershire,Essex,RF Higgins,JMR Taylor,SR Harmer,2,0,,,,,,,,,
1167174,2019,2019-08-02,County Ground,2,13.3,Gloucestershire,Essex,RF Higgins,JMR Taylor,SR Harmer,2,0,,,,,,,,,
1167174,2019,2019-08-02,County Ground,2,13.4,Gloucestershire,Essex,RF Higgins,JMR Taylor,SR Harmer,0,0,,,,,,,,,
1167174,2019,2019-08-02,County Ground,2,13.5,Gloucestershire,Essex,RF Higgins,JMR Taylor,SR Harmer,6,0,,,,,,,,,
1167174,2019,2019-08-02,County Ground,2,13.6,Gloucestershire,Essex,RF Higgins,JMR Taylor,SR Harmer,1,0,,,,,,,,,
1167174,2019,2019-08-02,County Ground,2,14.1,Gloucestershire,Essex,RF Higgins,JMR Taylor,S Snater,1,0,,,,,,,,,
1167174,2019,2019-08-02,County Ground,2,14.2,Gloucestershire,Essex,JMR Taylor,RF Higgins,S Snater,4,0,,,,,,,,,
1167174,2019,2019-08-02,County Ground,2,14.3,Gloucestershire,Essex,JMR Taylor,RF Higgins,S Snater,2,0,,,,,,,,,
1167174,2019,2019-08-02,County Ground,2,14.4,Gloucestershire,Essex,JMR Taylor,RF Higgins,S Snater,1,0,,,,,,,,,
1167174,2019,2019-08-02,County Ground,2,14.5,Gloucestershire,Essex,RF Higgins,JMR Taylor,S Snater,1,0,,,,,,,,,
1167174,2019,2019-08-02,County Ground,2,14.6,Gloucestershire,Essex,JMR Taylor,RF Higgins,S Snater,6,0,,,,,,,,,
1167174,2019,2019-08-02,County Ground,2,15.1,Gloucestershire,Essex,RF Higgins,JMR Taylor,CS Delport,1,0,,,,,,,,,
1167174,2019,2019-08-02,County Ground,2,15.2,Gloucestershire,Essex,JMR Taylor,RF Higgins,CS Delport,4,0,,,,,,,,,
1167174,2019,2019-08-02,County Ground,2,15.3,Gloucestershire,Essex,JMR Taylor,RF Higgins,CS Delport,1,2,,2,,,,,,,
1167174,2019,2019-08-02,County Ground,2,15.4,Gloucestershire,Essex,RF Higgins,JMR Taylor,CS Delport,6,0,,,,,,,,,
1167174,2019,2019-08-02,County Ground,2,15.5,Gloucestershire,Essex,RF Higgins,JMR Taylor,CS Delport,2,0,,,,,,,,,
1167174,2019,2019-08-02,County Ground,2,15.6,Gloucestershire,Essex,RF Higgins,JMR Taylor,CS Delport,2,0,,,,,,,,,
1167174,2019,2019-08-02,County Ground,2,15.7,Gloucestershire,Essex,RF Higgins,JMR Taylor,CS Delport,1,0,,,,,,,,,
1167174,2019,2019-08-02,County Ground,2,16.1,Gloucestershire,Essex,RF Higgins,JMR Taylor,Mohammad Amir,1,0,,,,,,,,,
1167174,2019,2019-08-02,County Ground,2,16.2,Gloucestershire,Essex,JMR Taylor,RF Higgins,Mohammad Amir,1,0,,,,,,,,,
1167174,2019,2019-08-02,County Ground,2,16.3,Gloucestershire,Essex,RF Higgins,JMR Taylor,Mohammad Amir,0,0,,,,,,,,,
1167174,2019,2019-08-02,County Ground,2,16.4,Gloucestershire,Essex,RF Higgins,JMR Taylor,Mohammad Amir,4,0,,,,,,,,,
1167174,2019,2019-08-02,County Ground,2,16.5,Gloucestershire,Essex,RF Higgins,JMR Taylor,Mohammad Amir,1,0,,,,,,,,,
1167174,2019,2019-08-02,County Ground,2,16.6,Gloucestershire,Essex,JMR Taylor,RF Higgins,Mohammad Amir,1,0,,,,,,,,,
1167174,2019,2019-08-02,County Ground,2,17.1,Gloucestershire,Essex,JMR Taylor,RF Higgins,A Zampa,2,0,,,,,,,,,
1167174,2019,2019-08-02,County Ground,2,17.2,Gloucestershire,Essex,JMR Taylor,RF Higgins,A Zampa,2,0,,,,,,,,,
1167174,2019,2019-08-02,County Ground,2,17.3,Gloucestershire,Essex,JMR Taylor,RF Higgins,A Zampa,4,0,,,,,,,,,
1167174,2019,2019-08-02,County Ground,2,17.4,Gloucestershire,Essex,JMR Taylor,RF Higgins,A Zampa,6,0,,,,,,,,,
1167174,2019,2019-08-02,County Ground,2,17.5,Gloucestershire,Essex,JMR Taylor,RF Higgins,A Zampa,0,0,,,,,,caught,JMR Taylor,,
1167174,2019,2019-08-02,County Ground,2,17.6,Gloucestershire,Essex,RF Higgins,BAC Howell,A Zampa,1,0,,,,,,,,,
1167174,2019,2019-08-02,County Ground,2,18.1,Gloucestershire,Essex,RF Higgins,BAC Howell,Mohammad Amir,6,0,,,,,,,,,
1167174,2019,2019-08-02,County Ground,2,18.2,Gloucestershire,Essex,RF Higgins,BAC Howell,Mohammad Amir,0,1,1,,,,,,,,
1167174,2019,2019-08-02,County Ground,2,18.3,Gloucestershire,Essex,RF Higgins,BAC Howell,Mohammad Amir,2,0,,,,,,,,,
1167174,2019,2019-08-02,County Ground,2,18.4,Gloucestershire,Essex,RF Higgins,BAC Howell,Mohammad Amir,1,0,,,,,,,,,
1167174,2019,2019-08-02,County Ground,2,18.5,Gloucestershire,Essex,BAC Howell,RF Higgins,Mohammad Amir,1,0,,,,,,,,,
1167174,2019,2019-08-02,County Ground,2,18.6,Gloucestershire,Essex,RF Higgins,BAC Howell,Mohammad Amir,2,0,,,,,,,,,
1167174,2019,2019-08-02,County Ground,2,18.7,Gloucestershire,Essex,RF Higgins,BAC Howell,Mohammad Amir,0,0,,,,,,,,,
1167174,2019,2019-08-02,County Ground,2,19.1,Gloucestershire,Essex,BAC Howell,RF Higgins,AP Beard,0,1,,,1,,,,,,
1167174,2019,2019-08-02,County Ground,2,19.2,Gloucestershire,Essex,RF Higgins,BAC Howell,AP Beard,1,0,,,,,,,,,
1167174,2019,2019-08-02,County Ground,2,19.3,Gloucestershire,Essex,BAC Howell,RF Higgins,AP Beard,2,0,,,,,,,,,
1167174,2019,2019-08-02,County Ground,2,19.4,Gloucestershire,Essex,BAC Howell,RF Higgins,AP Beard,0,0,,,,,,,,,
1167174,2019,2019-08-02,County Ground,2,19.5,Gloucestershire,Essex,BAC Howell,RF Higgins,AP Beard,1,0,,,,,,,,,
1167174,2019,2019-08-02,County Ground,2,19.6,Gloucestershire,Essex,RF Higgins,BAC Howell,AP Beard,1,0,,,,,,,,,
