version,2.1.0
info,balls_per_over,6
info,team,Derbyshire
info,team,Yorkshire
info,gender,male
info,season,2019
info,date,2019/07/20
info,event,Vitality Blast
info,venue,Queen's Park
info,city,Chesterfield
info,toss_winner,Yorkshire
info,toss_decision,bat
info,player_of_match,BA Godleman
info,umpire,Tom Lungley
info,umpire,NJ Llong
info,winner,Derbyshire
info,winner_wickets,5
info,player,Yorkshire,A Lyth
info,player,Yorkshire,T Kohler-Cadmore
info,player,Yorkshire,DJ Willey
info,player,Yorkshire,HC Brook
info,player,Yorkshire,JA Tattersall
info,player,Yorkshire,GS Ballance
info,player,Yorkshire,N Pooran
info,player,Yorkshire,JA Thompson
info,player,Yorkshire,MD Fisher
info,player,Yorkshire,JE Poysden
info,player,Yorkshire,DM Bess
info,player,Derbyshire,FJ Hudson-Prentice
info,player,Derbyshire,BA Godleman
info,player,Derbyshire,LM Reece
info,player,Derbyshire,WL Madsen
info,player,Derbyshire,JL du Plooy
info,player,Derbyshire,DI Stevens
info,player,Derbyshire,MJJ Critchley
info,player,Derbyshire,D Smit
info,player,Derbyshire,LV van Beek
info,player,Derbyshire,MRJ Watt
info,player,Derbyshire,R Rampaul
info,registry,people,A Lyth,70b8fd28
info,registry,people,BA Godleman,b26b1e3d
info,registry,people,D Smit,4bb02ef1
info,registry,people,DI Stevens,bca21d18
info,registry,people,DJ Willey,7f048519
info,registry,people,DM Bess,ad46c747
info,registry,people,FJ Hudson-Prentice,932d3cc9
info,registry,people,GS Ballance,755a77c6
info,registry,people,HC Brook,4ae1755b
info,registry,people,JA Tattersall,793977d8
info,registry,people,JA Thompson,1d2f290a
info,registry,people,JE Poysden,bbbb7f1e
info,registry,people,JL du Plooy,6e6fb538
info,registry,people,LM Reece,9789e56e
info,registry,people,LV van Beek,782fb776
info,registry,people,MD Fisher,8f2dfebf
info,registry,people,MJJ Critchley,c5cc48bc
info,registry,people,MRJ Watt,1252f71a
info,registry,people,MW Pillans,6a2fadd0
info,registry,people,N Pooran,3241e3fd
info,registry,people,NJ Llong,573fb985
info,registry,people,R Rampaul,d68e7f48
info,registry,people,T Kohler-Cadmore,f836b33d
info,registry,people,Tom Lungley,75169b8c
info,registry,people,WL Madsen,86e0f3f0
