match_id,season,start_date,venue,innings,ball,batting_team,bowling_team,striker,non_striker,bowler,runs_off_bat,extras,wides,noballs,byes,legbyes,penalty,wicket_type,player_dismissed,other_wicket_type,other_player_dismissed
1167212,2019,2019-08-15,County Ground,1,0.1,Leicestershire,Derbyshire,MJ Cosgrove,HJ Swindells,LV van Beek,1,0,,,,,,,,,
1167212,2019,2019-08-15,County Ground,1,0.2,Leicestershire,Derbyshire,HJ Swindells,MJ Cosgrove,LV van Beek,2,0,,,,,,,,,
1167212,2019,2019-08-15,County Ground,1,0.3,Leicestershire,Derbyshire,HJ Swindells,MJ Cosgrove,LV van Beek,1,0,,,,,,,,,
1167212,2019,2019-08-15,County Ground,1,0.4,Leicestershire,Derbyshire,MJ Cosgrove,HJ Swindells,LV van Beek,0,0,,,,,,,,,
1167212,2019,2019-08-15,County Ground,1,0.5,Leicestershire,Derbyshire,MJ Cosgrove,HJ Swindells,LV van Beek,4,0,,,,,,,,,
1167212,2019,2019-08-15,County Ground,1,0.6,Leicestershire,Derbyshire,MJ Cosgrove,HJ Swindells,LV van Beek,0,0,,,,,,,,,
1167212,2019,2019-08-15,County Ground,1,1.1,Leicestershire,Derbyshire,HJ Swindells,MJ Cosgrove,R Rampaul,4,0,,,,,,,,,
1167212,2019,2019-08-15,County Ground,1,1.2,Leicestershire,Derbyshire,HJ Swindells,MJ Cosgrove,R Rampaul,0,0,,,,,,,,,
1167212,2019,2019-08-15,County Ground,1,1.3,Leicestershire,Derbyshire,HJ Swindells,MJ Cosgrove,R Rampaul,0,0,,,,,,,,,
1167212,2019,2019-08-15,County Ground,1,1.4,Leicestershire,Derbyshire,HJ Swindells,MJ Cosgrove,R Rampaul,1,0,,,,,,,,,
1167212,2019,2019-08-15,County Ground,1,1.5,Leicestershire,Derbyshire,MJ Cosgrove,HJ Swindells,R Rampaul,4,0,,,,,,,,,
1167212,2019,2019-08-15,County Ground,1,1.6,Leicestershire,Derbyshire,MJ Cosgrove,HJ Swindells,R Rampaul,0,1,,,,1,,,,,
1167212,2019,2019-08-15,County Ground,1,2.1,Leicestershire,Derbyshire,MJ Cosgrove,HJ Swindells,FJ Hudson-Prentice,0,1,,,,1,,,,,
1167212,2019,2019-08-15,County Ground,1,2.2,Leicestershire,Derbyshire,HJ Swindells,MJ Cosgrove,FJ Hudson-Prentice,0,0,,,,,,,,,
1167212,2019,2019-08-15,County Ground,1,2.3,Leicestershire,Derbyshire,HJ Swindells,MJ Cosgrove,FJ Hudson-Prentice,0,0,,,,,,,,,
1167212,2019,2019-08-15,County Ground,1,2.4,Leicestershire,Derbyshire,HJ Swindells,MJ Cosgrove,FJ Hudson-Prentice,0,0,,,,,,,,,
1167212,2019,2019-08-15,County Ground,1,2.5,Leicestershire,Derbyshire,HJ Swindells,MJ Cosgrove,FJ Hudson-Prentice,1,0,,,,,,,,,
1167212,2019,2019-08-15,County Ground,1,2.6,Leicestershire,Derbyshire,MJ Cosgrove,HJ Swindells,FJ Hudson-Prentice,0,0,,,,,,,,,
1167212,2019,2019-08-15,County Ground,1,3.1,Leicestershire,Derbyshire,HJ Swindells,MJ Cosgrove,R Rampaul,1,0,,,,,,,,,
1167212,2019,2019-08-15,County Ground,1,3.2,Leicestershire,Derbyshire,MJ Cosgrove,HJ Swindells,R Rampaul,1,0,,,,,,,,,
1167212,2019,2019-08-15,County Ground,1,3.3,Leicestershire,Derbyshire,HJ Swindells,MJ Cosgrove,R Rampaul,0,0,,,,,,caught,HJ Swindells,,
1167212,2019,2019-08-15,County Ground,1,3.4,Leicestershire,Derbyshire,AM Lilley,MJ Cosgrove,R Rampaul,1,0,,,,,,,,,
1167212,2019,2019-08-15,County Ground,1,3.5,Leicestershire,Derbyshire,MJ Cosgrove,AM Lilley,R Rampaul,4,0,,,,,,,,,
1167212,2019,2019-08-15,County Ground,1,3.6,Leicestershire,Derbyshire,MJ Cosgrove,AM Lilley,R Rampaul,0,0,,,,,,,,,
1167212,2019,2019-08-15,County Ground,1,4.1,Leicestershire,Derbyshire,AM Lilley,MJ Cosgrove,FJ Hudson-Prentice,0,0,,,,,,,,,
1167212,2019,2019-08-15,County Ground,1,4.2,Leicestershire,Derbyshire,AM Lilley,MJ Cosgrove,FJ Hudson-Prentice,0,0,,,,,,,,,
1167212,2019,2019-08-15,County Ground,1,4.3,Leicestershire,Derbyshire,AM Lilley,MJ Cosgrove,FJ Hudson-Prentice,1,0,,,,,,,,,
1167212,2019,2019-08-15,County Ground,1,4.4,Leicestershire,Derbyshire,MJ Cosgrove,AM Lilley,FJ Hudson-Prentice,4,0,,,,,,,,,
1167212,2019,2019-08-15,County Ground,1,4.5,Leicestershire,Derbyshire,MJ Cosgrove,AM Lilley,FJ Hudson-Prentice,1,0,,,,,,,,,
1167212,2019,2019-08-15,County Ground,1,4.6,Leicestershire,Derbyshire,AM Lilley,MJ Cosgrove,FJ Hudson-Prentice,1,0,,,,,,,,,
1167212,2019,2019-08-15,County Ground,1,5.1,Leicestershire,Derbyshire,AM Lilley,MJ Cosgrove,LV van Beek,0,0,,,,,,,,,
1167212,2019,2019-08-15,County Ground,1,5.2,Leicestershire,Derbyshire,AM Lilley,MJ Cosgrove,LV van Beek,1,0,,,,,,,,,
1167212,2019,2019-08-15,County Ground,1,5.3,Leicestershire,Derbyshire,MJ Cosgrove,AM Lilley,LV van Beek,1,0,,,,,,,,,
1167212,2019,2019-08-15,County Ground,1,5.4,Leicestershire,Derbyshire,AM Lilley,MJ Cosgrove,LV van Beek,6,0,,,,,,,,,
1167212,2019,2019-08-15,County Ground,1,5.5,Leicestershire,Derbyshire,AM Lilley,MJ Cosgrove,LV van Beek,0,0,,,,,,,,,
1167212,2019,2019-08-15,County Ground,1,5.6,Leicestershire,Derbyshire,AM Lilley,MJ Cosgrove,LV van Beek,1,0,,,,,,,,,
1167212,2019,2019-08-15,County Ground,1,6.1,Leicestershire,Derbyshire,AM Lilley,MJ Cosgrove,AL Hughes,1,0,,,,,,,,,
1167212,2019,2019-08-15,County Ground,1,6.2,Leicestershire,Derbyshire,MJ Cosgrove,AM Lilley,AL Hughes,1,0,,,,,,,,,
1167212,2019,2019-08-15,County Ground,1,6.3,Leicestershire,Derbyshire,AM Lilley,MJ Cosgrove,AL Hughes,1,0,,,,,,,,,
1167212,2019,2019-08-15,County Ground,1,6.4,Leicestershire,Derbyshire,MJ Cosgrove,AM Lilley,AL Hughes,4,0,,,,,,,,,
1167212,2019,2019-08-15,County Ground,1,6.5,Leicestershire,Derbyshire,MJ Cosgrove,AM Lilley,AL Hughes,4,0,,,,,,,,,
1167212,2019,2019-08-15,County Ground,1,6.6,Leicestershire,Derbyshire,MJ Cosgrove,AM Lilley,AL Hughes,1,0,,,,,,,,,
1167212,2019,2019-08-15,County Ground,1,7.1,Leicestershire,Derbyshire,MJ Cosgrove,AM Lilley,LM Reece,1,0,,,,,,,,,
1167212,2019,2019-08-15,County Ground,1,7.2,Leicestershire,Derbyshire,AM Lilley,MJ Cosgrove,LM Reece,0,0,,,,,,,,,
1167212,2019,2019-08-15,County Ground,1,7.3,Leicestershire,Derbyshire,AM Lilley,MJ Cosgrove,LM Reece,1,0,,,,,,,,,
1167212,2019,2019-08-15,County Ground,1,7.4,Leicestershire,Derbyshire,MJ Cosgrove,AM Lilley,LM Reece,1,0,,,,,,,,,
1167212,2019,2019-08-15,County Ground,1,7.5,Leicestershire,Derbyshire,AM Lilley,MJ Cosgrove,LM Reece,2,0,,,,,,,,,
1167212,2019,2019-08-15,County Ground,1,7.6,Leicestershire,Derbyshire,AM Lilley,MJ Cosgrove,LM Reece,0,0,,,,,,caught,AM Lilley,,
1167212,2019,2019-08-15,County Ground,1,8.1,Leicestershire,Derbyshire,MJ Cosgrove,CN Ackermann,MJJ Critchley,1,0,,,,,,,,,
1167212,2019,2019-08-15,County Ground,1,8.2,Leicestershire,Derbyshire,CN Ackermann,MJ Cosgrove,MJJ Critchley,1,0,,,,,,,,,
1167212,2019,2019-08-15,County Ground,1,8.3,Leicestershire,Derbyshire,MJ Cosgrove,CN Ackermann,MJJ Critchley,1,0,,,,,,,,,
1167212,2019,2019-08-15,County Ground,1,8.4,Leicestershire,Derbyshire,CN Ackermann,MJ Cosgrove,MJJ Critchley,0,0,,,,,,,,,
1167212,2019,2019-08-15,County Ground,1,8.5,Leicestershire,Derbyshire,CN Ackermann,MJ Cosgrove,MJJ Critchley,0,0,,,,,,,,,
1167212,2019,2019-08-15,County Ground,1,8.6,Leicestershire,Derbyshire,CN Ackermann,MJ Cosgrove,MJJ Critchley,4,0,,,,,,,,,
1167212,2019,2019-08-15,County Ground,1,9.1,Leicestershire,Derbyshire,MJ Cosgrove,CN Ackermann,LM Reece,1,0,,,,,,,,,
1167212,2019,2019-08-15,County Ground,1,9.2,Leicestershire,Derbyshire,CN Ackermann,MJ Cosgrove,LM Reece,1,0,,,,,,,,,
1167212,2019,2019-08-15,County Ground,1,9.3,Leicestershire,Derbyshire,MJ Cosgrove,CN Ackermann,LM Reece,2,0,,,,,,,,,
1167212,2019,2019-08-15,County Ground,1,9.4,Leicestershire,Derbyshire,MJ Cosgrove,CN Ackermann,LM Reece,1,0,,,,,,,,,
1167212,2019,2019-08-15,County Ground,1,9.5,Leicestershire,Derbyshire,CN Ackermann,MJ Cosgrove,LM Reece,4,0,,,,,,,,,
1167212,2019,2019-08-15,County Ground,1,9.6,Leicestershire,Derbyshire,CN Ackermann,MJ Cosgrove,LM Reece,1,0,,,,,,,,,
1167212,2019,2019-08-15,County Ground,1,10.1,Leicestershire,Derbyshire,CN Ackermann,MJ Cosgrove,MJJ Critchley,1,0,,,,,,,,,
1167212,2019,2019-08-15,County Ground,1,10.2,Leicestershire,Derbyshire,MJ Cosgrove,CN Ackermann,MJJ Critchley,0,0,,,,,,caught,MJ Cosgrove,,
1167212,2019,2019-08-15,County Ground,1,10.3,Leicestershire,Derbyshire,HE Dearden,CN Ackermann,MJJ Critchley,0,0,,,,,,,,,
1167212,2019,2019-08-15,County Ground,1,10.4,Leicestershire,Derbyshire,HE Dearden,CN Ackermann,MJJ Critchley,1,0,,,,,,,,,
1167212,2019,2019-08-15,County Ground,1,10.5,Leicestershire,Derbyshire,CN Ackermann,HE Dearden,MJJ Critchley,1,0,,,,,,,,,
1167212,2019,2019-08-15,County Ground,1,10.6,Leicestershire,Derbyshire,HE Dearden,CN Ackermann,MJJ Critchley,1,0,,,,,,,,,
1167212,2019,2019-08-15,County Ground,1,11.1,Leicestershire,Derbyshire,HE Dearden,CN Ackermann,LM Reece,1,0,,,,,,,,,
1167212,2019,2019-08-15,County Ground,1,11.2,Leicestershire,Derbyshire,CN Ackermann,HE Dearden,LM Reece,2,0,,,,,,,,,
1167212,2019,2019-08-15,County Ground,1,11.3,Leicestershire,Derbyshire,CN Ackermann,HE Dearden,LM Reece,1,0,,,,,,,,,
1167212,2019,2019-08-15,County Ground,1,11.4,Leicestershire,Derbyshire,HE Dearden,CN Ackermann,LM Reece,1,0,,,,,,,,,
1167212,2019,2019-08-15,County Ground,1,11.5,Leicestershire,Derbyshire,CN Ackermann,HE Dearden,LM Reece,1,0,,,,,,,,,
1167212,2019,2019-08-15,County Ground,1,11.6,Leicestershire,Derbyshire,HE Dearden,CN Ackermann,LM Reece,1,0,,,,,,,,,
1167212,2019,2019-08-15,County Ground,1,12.1,Leicestershire,Derbyshire,HE Dearden,CN Ackermann,MJJ Critchley,1,0,,,,,,,,,
1167212,2019,2019-08-15,County Ground,1,12.2,Leicestershire,Derbyshire,CN Ackermann,HE Dearden,MJJ Critchley,2,0,,,,,,,,,
1167212,2019,2019-08-15,County Ground,1,12.3,Leicestershire,Derbyshire,CN Ackermann,HE Dearden,MJJ Critchley,4,0,,,,,,,,,
1167212,2019,2019-08-15,County Ground,1,12.4,Leicestershire,Derbyshire,CN Ackermann,HE Dearden,MJJ Critchley,2,0,,,,,,,,,
1167212,2019,2019-08-15,County Ground,1,12.5,Leicestershire,Derbyshire,CN Ackermann,HE Dearden,MJJ Critchley,0,0,,,,,,,,,
1167212,2019,2019-08-15,County Ground,1,12.6,Leicestershire,Derbyshire,CN Ackermann,HE Dearden,MJJ Critchley,0,0,,,,,,,,,
1167212,2019,2019-08-15,County Ground,1,13.1,Leicestershire,Derbyshire,HE Dearden,CN Ackermann,AL Hughes,6,0,,,,,,,,,
1167212,2019,2019-08-15,County Ground,1,13.2,Leicestershire,Derbyshire,HE Dearden,CN Ackermann,AL Hughes,0,0,,,,,,,,,
1167212,2019,2019-08-15,County Ground,1,13.3,Leicestershire,Derbyshire,HE Dearden,CN Ackermann,AL Hughes,0,0,,,,,,,,,
1167212,2019,2019-08-15,County Ground,1,13.4,Leicestershire,Derbyshire,HE Dearden,CN Ackermann,AL Hughes,0,0,,,,,,,,,
1167212,2019,2019-08-15,County Ground,1,13.5,Leicestershire,Derbyshire,HE Dearden,CN Ackermann,AL Hughes,0,0,,,,,,caught,HE Dearden,,
1167212,2019,2019-08-15,County Ground,1,13.6,Leicestershire,Derbyshire,CN Ackermann,LJ Hill,AL Hughes,1,0,,,,,,,,,
1167212,2019,2019-08-15,County Ground,1,14.1,Leicestershire,Derbyshire,CN Ackermann,LJ Hill,MJJ Critchley,0,0,,,,,,,,,
1167212,2019,2019-08-15,County Ground,1,14.2,Leicestershire,Derbyshire,CN Ackermann,LJ Hill,MJJ Critchley,2,0,,,,,,,,,
1167212,2019,2019-08-15,County Ground,1,14.3,Leicestershire,Derbyshire,CN Ackermann,LJ Hill,MJJ Critchley,0,0,,,,,,caught,CN Ackermann,,
1167212,2019,2019-08-15,County Ground,1,14.4,Leicestershire,Derbyshire,LJ Hill,AM Ali,MJJ Critchley,1,0,,,,,,,,,
1167212,2019,2019-08-15,County Ground,1,14.5,Leicestershire,Derbyshire,AM Ali,LJ Hill,MJJ Critchley,1,0,,,,,,,,,
1167212,2019,2019-08-15,County Ground,1,14.6,Leicestershire,Derbyshire,LJ Hill,AM Ali,MJJ Critchley,1,0,,,,,,,,,
1167212,2019,2019-08-15,County Ground,1,15.1,Leicestershire,Derbyshire,LJ Hill,AM Ali,LM Reece,1,0,,,,,,,,,
1167212,2019,2019-08-15,County Ground,1,15.2,Leicestershire,Derbyshire,AM Ali,LJ Hill,LM Reece,0,0,,,,,,,,,
1167212,2019,2019-08-15,County Ground,1,15.3,Leicestershire,Derbyshire,AM Ali,LJ Hill,LM Reece,1,0,,,,,,,,,
1167212,2019,2019-08-15,County Ground,1,15.4,Leicestershire,Derbyshire,LJ Hill,AM Ali,LM Reece,2,0,,,,,,,,,
1167212,2019,2019-08-15,County Ground,1,15.5,Leicestershire,Derbyshire,LJ Hill,AM Ali,LM Reece,1,0,,,,,,,,,
1167212,2019,2019-08-15,County Ground,1,15.6,Leicestershire,Derbyshire,AM Ali,LJ Hill,LM Reece,1,0,,,,,,,,,
1167212,2019,2019-08-15,County Ground,1,16.1,Leicestershire,Derbyshire,AM Ali,LJ Hill,AL Hughes,1,0,,,,,,,,,
1167212,2019,2019-08-15,County Ground,1,16.2,Leicestershire,Derbyshire,LJ Hill,AM Ali,AL Hughes,1,0,,,,,,,,,
1167212,2019,2019-08-15,County Ground,1,16.3,Leicestershire,Derbyshire,AM Ali,LJ Hill,AL Hughes,1,0,,,,,,,,,
1167212,2019,2019-08-15,County Ground,1,16.4,Leicestershire,Derbyshire,LJ Hill,AM Ali,AL Hughes,1,0,,,,,,,,,
1167212,2019,2019-08-15,County Ground,1,16.5,Leicestershire,Derbyshire,AM Ali,LJ Hill,AL Hughes,0,0,,,,,,,,,
1167212,2019,2019-08-15,County Ground,1,16.6,Leicestershire,Derbyshire,AM Ali,LJ Hill,AL Hughes,1,0,,,,,,,,,
1167212,2019,2019-08-15,County Ground,1,17.1,Leicestershire,Derbyshire,AM Ali,LJ Hill,R Rampaul,1,0,,,,,,,,,
1167212,2019,2019-08-15,County Ground,1,17.2,Leicestershire,Derbyshire,LJ Hill,AM Ali,R Rampaul,4,0,,,,,,,,,
1167212,2019,2019-08-15,County Ground,1,17.3,Leicestershire,Derbyshire,LJ Hill,AM Ali,R Rampaul,1,0,,,,,,,,,
1167212,2019,2019-08-15,County Ground,1,17.4,Leicestershire,Derbyshire,AM Ali,LJ Hill,R Rampaul,1,0,,,,,,,,,
1167212,2019,2019-08-15,County Ground,1,17.5,Leicestershire,Derbyshire,LJ Hill,AM Ali,R Rampaul,0,0,,,,,,,,,
1167212,2019,2019-08-15,County Ground,1,17.6,Leicestershire,Derbyshire,LJ Hill,AM Ali,R Rampaul,1,0,,,,,,,,,
1167212,2019,2019-08-15,County Ground,1,18.1,Leicestershire,Derbyshire,LJ Hill,AM Ali,AL Hughes,0,0,,,,,,,,,
1167212,2019,2019-08-15,County Ground,1,18.2,Leicestershire,Derbyshire,LJ Hill,AM Ali,AL Hughes,1,0,,,,,,,,,
1167212,2019,2019-08-15,County Ground,1,18.3,Leicestershire,Derbyshire,AM Ali,LJ Hill,AL Hughes,1,0,,,,,,,,,
1167212,2019,2019-08-15,County Ground,1,18.4,Leicestershire,Derbyshire,LJ Hill,AM Ali,AL Hughes,0,0,,,,,,caught,LJ Hill,,
1167212,2019,2019-08-15,County Ground,1,18.5,Leicestershire,Derbyshire,AM Ali,CF Parkinson,AL Hughes,2,0,,,,,,,,,
1167212,2019,2019-08-15,County Ground,1,18.6,Leicestershire,Derbyshire,AM Ali,CF Parkinson,AL Hughes,6,0,,,,,,,,,
1167212,2019,2019-08-15,County Ground,1,19.1,Leicestershire,Derbyshire,CF Parkinson,AM Ali,R Rampaul,1,0,,,,,,,,,
1167212,2019,2019-08-15,County Ground,1,19.2,Leicestershire,Derbyshire,AM Ali,CF Parkinson,R Rampaul,1,0,,,,,,,,,
1167212,2019,2019-08-15,County Ground,1,19.3,Leicestershire,Derbyshire,CF Parkinson,AM Ali,R Rampaul,1,0,,,,,,,,,
1167212,2019,2019-08-15,County Ground,1,19.4,Leicestershire,Derbyshire,AM Ali,CF Parkinson,R Rampaul,0,0,,,,,,caught,AM Ali,,
1167212,2019,2019-08-15,County Ground,1,19.5,Leicestershire,Derbyshire,CF Parkinson,D Klein,R Rampaul,4,0,,,,,,,,,
1167212,2019,2019-08-15,County Ground,1,19.6,Leicestershire,Derbyshire,CF Parkinson,D Klein,R Rampaul,4,0,,,,,,,,,
1167212,2019,2019-08-15,County Ground,2,0.1,Derbyshire,Leicestershire,LM Reece,BA Godleman,CF Parkinson,0,0,,,,,,,,,
1167212,2019,2019-08-15,County Ground,2,0.2,Derbyshire,Leicestershire,LM Reece,BA Godleman,CF Parkinson,1,0,,,,,,,,,
1167212,2019,2019-08-15,County Ground,2,0.3,Derbyshire,Leicestershire,BA Godleman,LM Reece,CF Parkinson,1,0,,,,,,,,,
1167212,2019,2019-08-15,County Ground,2,0.4,Derbyshire,Leicestershire,LM Reece,BA Godleman,CF Parkinson,4,0,,,,,,,,,
1167212,2019,2019-08-15,County Ground,2,0.5,Derbyshire,Leicestershire,LM Reece,BA Godleman,CF Parkinson,0,0,,,,,,,,,
1167212,2019,2019-08-15,County Ground,2,0.6,Derbyshire,Leicestershire,LM Reece,BA Godleman,CF Parkinson,1,0,,,,,,,,,
1167212,2019,2019-08-15,County Ground,2,1.1,Derbyshire,Leicestershire,LM Reece,BA Godleman,D Klein,0,0,,,,,,,,,
1167212,2019,2019-08-15,County Ground,2,1.2,Derbyshire,Leicestershire,LM Reece,BA Godleman,D Klein,0,2,,2,,,,,,,
1167212,2019,2019-08-15,County Ground,2,1.3,Derbyshire,Leicestershire,LM Reece,BA Godleman,D Klein,0,0,,,,,,,,,
1167212,2019,2019-08-15,County Ground,2,1.4,Derbyshire,Leicestershire,LM Reece,BA Godleman,D Klein,0,0,,,,,,,,,
1167212,2019,2019-08-15,County Ground,2,1.5,Derbyshire,Leicestershire,LM Reece,BA Godleman,D Klein,0,0,,,,,,caught,LM Reece,,
1167212,2019,2019-08-15,County Ground,2,1.6,Derbyshire,Leicestershire,WL Madsen,BA Godleman,D Klein,0,2,,2,,,,,,,
1167212,2019,2019-08-15,County Ground,2,1.7,Derbyshire,Leicestershire,WL Madsen,BA Godleman,D Klein,6,0,,,,,,,,,
1167212,2019,2019-08-15,County Ground,2,1.8,Derbyshire,Leicestershire,WL Madsen,BA Godleman,D Klein,0,0,,,,,,,,,
1167212,2019,2019-08-15,County Ground,2,2.1,Derbyshire,Leicestershire,BA Godleman,WL Madsen,CN Ackermann,1,0,,,,,,,,,
1167212,2019,2019-08-15,County Ground,2,2.2,Derbyshire,Leicestershire,WL Madsen,BA Godleman,CN Ackermann,0,0,,,,,,caught,WL Madsen,,
1167212,2019,2019-08-15,County Ground,2,2.3,Derbyshire,Leicestershire,JL du Plooy,BA Godleman,CN Ackermann,0,0,,,,,,,,,
1167212,2019,2019-08-15,County Ground,2,2.4,Derbyshire,Leicestershire,JL du Plooy,BA Godleman,CN Ackermann,0,0,,,,,,,,,
1167212,2019,2019-08-15,County Ground,2,2.5,Derbyshire,Leicestershire,JL du Plooy,BA Godleman,CN Ackermann,0,0,,,,,,,,,
1167212,2019,2019-08-15,County Ground,2,2.6,Derbyshire,Leicestershire,JL du Plooy,BA Godleman,CN Ackermann,0,0,,,,,,,,,
1167212,2019,2019-08-15,County Ground,2,3.1,Derbyshire,Leicestershire,BA Godleman,JL du Plooy,GT Griffiths,0,0,,,,,,caught,BA Godleman,,
1167212,2019,2019-08-15,County Ground,2,3.2,Derbyshire,Leicestershire,JL du Plooy,DI Stevens,GT Griffiths,0,0,,,,,,caught,JL du Plooy,,
1167212,2019,2019-08-15,County Ground,2,3.3,Derbyshire,Leicestershire,MJJ Critchley,DI Stevens,GT Griffiths,1,0,,,,,,,,,
1167212,2019,2019-08-15,County Ground,2,3.4,Derbyshire,Leicestershire,DI Stevens,MJJ Critchley,GT Griffiths,0,0,,,,,,,,,
1167212,2019,2019-08-15,County Ground,2,3.5,Derbyshire,Leicestershire,DI Stevens,MJJ Critchley,GT Griffiths,0,0,,,,,,,,,
1167212,2019,2019-08-15,County Ground,2,3.6,Derbyshire,Leicestershire,DI Stevens,MJJ Critchley,GT Griffiths,0,0,,,,,,run out,DI Stevens,,
1167212,2019,2019-08-15,County Ground,2,4.1,Derbyshire,Leicestershire,AL Hughes,MJJ Critchley,WS Davis,1,0,,,,,,,,,
1167212,2019,2019-08-15,County Ground,2,4.2,Derbyshire,Leicestershire,MJJ Critchley,AL Hughes,WS Davis,1,0,,,,,,,,,
1167212,2019,2019-08-15,County Ground,2,4.3,Derbyshire,Leicestershire,AL Hughes,MJJ Critchley,WS Davis,0,0,,,,,,,,,
1167212,2019,2019-08-15,County Ground,2,4.4,Derbyshire,Leicestershire,AL Hughes,MJJ Critchley,WS Davis,0,0,,,,,,,,,
1167212,2019,2019-08-15,County Ground,2,4.5,Derbyshire,Leicestershire,AL Hughes,MJJ Critchley,WS Davis,0,0,,,,,,,,,
1167212,2019,2019-08-15,County Ground,2,4.6,Derbyshire,Leicestershire,AL Hughes,MJJ Critchley,WS Davis,1,0,,,,,,,,,
1167212,2019,2019-08-15,County Ground,2,5.1,Derbyshire,Leicestershire,AL Hughes,MJJ Critchley,GT Griffiths,1,0,,,,,,,,,
1167212,2019,2019-08-15,County Ground,2,5.2,Derbyshire,Leicestershire,MJJ Critchley,AL Hughes,GT Griffiths,0,0,,,,,,,,,
1167212,2019,2019-08-15,County Ground,2,5.3,Derbyshire,Leicestershire,MJJ Critchley,AL Hughes,GT Griffiths,1,0,,,,,,,,,
1167212,2019,2019-08-15,County Ground,2,5.4,Derbyshire,Leicestershire,AL Hughes,MJJ Critchley,GT Griffiths,0,0,,,,,,,,,
1167212,2019,2019-08-15,County Ground,2,5.5,Derbyshire,Leicestershire,AL Hughes,MJJ Critchley,GT Griffiths,0,0,,,,,,caught,AL Hughes,,
1167212,2019,2019-08-15,County Ground,2,5.6,Derbyshire,Leicestershire,MJJ Critchley,FJ Hudson-Prentice,GT Griffiths,4,0,,,,,,,,,
1167212,2019,2019-08-15,County Ground,2,6.1,Derbyshire,Leicestershire,FJ Hudson-Prentice,MJJ Critchley,CF Parkinson,0,1,1,,,,,,,,
1167212,2019,2019-08-15,County Ground,2,6.2,Derbyshire,Leicestershire,FJ Hudson-Prentice,MJJ Critchley,CF Parkinson,0,0,,,,,,,,,
1167212,2019,2019-08-15,County Ground,2,6.3,Derbyshire,Leicestershire,FJ Hudson-Prentice,MJJ Critchley,CF Parkinson,1,0,,,,,,,,,
1167212,2019,2019-08-15,County Ground,2,6.4,Derbyshire,Leicestershire,MJJ Critchley,FJ Hudson-Prentice,CF Parkinson,1,0,,,,,,,,,
1167212,2019,2019-08-15,County Ground,2,6.5,Derbyshire,Leicestershire,FJ Hudson-Prentice,MJJ Critchley,CF Parkinson,1,0,,,,,,,,,
1167212,2019,2019-08-15,County Ground,2,6.6,Derbyshire,Leicestershire,MJJ Critchley,FJ Hudson-Prentice,CF Parkinson,1,0,,,,,,,,,
1167212,2019,2019-08-15,County Ground,2,6.7,Derbyshire,Leicestershire,FJ Hudson-Prentice,MJJ Critchley,CF Parkinson,1,0,,,,,,,,,
1167212,2019,2019-08-15,County Ground,2,7.1,Derbyshire,Leicestershire,FJ Hudson-Prentice,MJJ Critchley,CN Ackermann,0,0,,,,,,,,,
1167212,2019,2019-08-15,County Ground,2,7.2,Derbyshire,Leicestershire,FJ Hudson-Prentice,MJJ Critchley,CN Ackermann,0,0,,,,,,,,,
1167212,2019,2019-08-15,County Ground,2,7.3,Derbyshire,Leicestershire,FJ Hudson-Prentice,MJJ Critchley,CN Ackermann,1,0,,,,,,,,,
1167212,2019,2019-08-15,County Ground,2,7.4,Derbyshire,Leicestershire,MJJ Critchley,FJ Hudson-Prentice,CN Ackermann,0,0,,,,,,,,,
1167212,2019,2019-08-15,County Ground,2,7.5,Derbyshire,Leicestershire,MJJ Critchley,FJ Hudson-Prentice,CN Ackermann,0,0,,,,,,,,,
1167212,2019,2019-08-15,County Ground,2,7.6,Derbyshire,Leicestershire,MJJ Critchley,FJ Hudson-Prentice,CN Ackermann,1,0,,,,,,,,,
1167212,2019,2019-08-15,County Ground,2,8.1,Derbyshire,Leicestershire,MJJ Critchley,FJ Hudson-Prentice,WS Davis,1,0,,,,,,,,,
1167212,2019,2019-08-15,County Ground,2,8.2,Derbyshire,Leicestershire,FJ Hudson-Prentice,MJJ Critchley,WS Davis,1,0,,,,,,,,,
1167212,2019,2019-08-15,County Ground,2,8.3,Derbyshire,Leicestershire,MJJ Critchley,FJ Hudson-Prentice,WS Davis,2,0,,,,,,,,,
1167212,2019,2019-08-15,County Ground,2,8.4,Derbyshire,Leicestershire,MJJ Critchley,FJ Hudson-Prentice,WS Davis,0,0,,,,,,,,,
1167212,2019,2019-08-15,County Ground,2,8.5,Derbyshire,Leicestershire,MJJ Critchley,FJ Hudson-Prentice,WS Davis,1,0,,,,,,,,,
1167212,2019,2019-08-15,County Ground,2,8.6,Derbyshire,Leicestershire,FJ Hudson-Prentice,MJJ Critchley,WS Davis,0,0,,,,,,,,,
1167212,2019,2019-08-15,County Ground,2,9.1,Derbyshire,Leicestershire,MJJ Critchley,FJ Hudson-Prentice,D Klein,0,0,,,,,,,,,
1167212,2019,2019-08-15,County Ground,2,9.2,Derbyshire,Leicestershire,MJJ Critchley,FJ Hudson-Prentice,D Klein,1,0,,,,,,,,,
1167212,2019,2019-08-15,County Ground,2,9.3,Derbyshire,Leicestershire,FJ Hudson-Prentice,MJJ Critchley,D Klein,1,0,,,,,,,,,
1167212,2019,2019-08-15,County Ground,2,9.4,Derbyshire,Leicestershire,MJJ Critchley,FJ Hudson-Prentice,D Klein,1,0,,,,,,,,,
1167212,2019,2019-08-15,County Ground,2,9.5,Derbyshire,Leicestershire,FJ Hudson-Prentice,MJJ Critchley,D Klein,0,0,,,,,,,,,
1167212,2019,2019-08-15,County Ground,2,9.6,Derbyshire,Leicestershire,FJ Hudson-Prentice,MJJ Critchley,D Klein,0,0,,,,,,,,,
1167212,2019,2019-08-15,County Ground,2,10.1,Derbyshire,Leicestershire,MJJ Critchley,FJ Hudson-Prentice,CF Parkinson,1,0,,,,,,,,,
1167212,2019,2019-08-15,County Ground,2,10.2,Derbyshire,Leicestershire,FJ Hudson-Prentice,MJJ Critchley,CF Parkinson,6,0,,,,,,,,,
1167212,2019,2019-08-15,County Ground,2,10.3,Derbyshire,Leicestershire,FJ Hudson-Prentice,MJJ Critchley,CF Parkinson,1,0,,,,,,,,,
1167212,2019,2019-08-15,County Ground,2,10.4,Derbyshire,Leicestershire,MJJ Critchley,FJ Hudson-Prentice,CF Parkinson,4,0,,,,,,,,,
1167212,2019,2019-08-15,County Ground,2,10.5,Derbyshire,Leicestershire,MJJ Critchley,FJ Hudson-Prentice,CF Parkinson,0,0,,,,,,bowled,MJJ Critchley,,
1167212,2019,2019-08-15,County Ground,2,10.6,Derbyshire,Leicestershire,D Smit,FJ Hudson-Prentice,CF Parkinson,1,0,,,,,,,,,
1167212,2019,2019-08-15,County Ground,2,11.1,Derbyshire,Leicestershire,D Smit,FJ Hudson-Prentice,CN Ackermann,1,0,,,,,,,,,
1167212,2019,2019-08-15,County Ground,2,11.2,Derbyshire,Leicestershire,FJ Hudson-Prentice,D Smit,CN Ackermann,0,0,,,,,,,,,
1167212,2019,2019-08-15,County Ground,2,11.3,Derbyshire,Leicestershire,FJ Hudson-Prentice,D Smit,CN Ackermann,1,0,,,,,,,,,
1167212,2019,2019-08-15,County Ground,2,11.4,Derbyshire,Leicestershire,D Smit,FJ Hudson-Prentice,CN Ackermann,1,0,,,,,,,,,
1167212,2019,2019-08-15,County Ground,2,11.5,Derbyshire,Leicestershire,FJ Hudson-Prentice,D Smit,CN Ackermann,0,0,,,,,,,,,
1167212,2019,2019-08-15,County Ground,2,11.6,Derbyshire,Leicestershire,FJ Hudson-Prentice,D Smit,CN Ackermann,0,0,,,,,,caught,FJ Hudson-Prentice,,
1167212,2019,2019-08-15,County Ground,2,12.1,Derbyshire,Leicestershire,D Smit,LV van Beek,CF Parkinson,1,0,,,,,,,,,
1167212,2019,2019-08-15,County Ground,2,12.2,Derbyshire,Leicestershire,LV van Beek,D Smit,CF Parkinson,1,0,,,,,,,,,
1167212,2019,2019-08-15,County Ground,2,12.3,Derbyshire,Leicestershire,D Smit,LV van Beek,CF Parkinson,0,1,,,,1,,,,,
1167212,2019,2019-08-15,County Ground,2,12.4,Derbyshire,Leicestershire,LV van Beek,D Smit,CF Parkinson,0,0,,,,,,,,,
1167212,2019,2019-08-15,County Ground,2,12.5,Derbyshire,Leicestershire,LV van Beek,D Smit,CF Parkinson,0,0,,,,,,,,,
1167212,2019,2019-08-15,County Ground,2,12.6,Derbyshire,Leicestershire,LV van Beek,D Smit,CF Parkinson,1,0,,,,,,,,,
1167212,2019,2019-08-15,County Ground,2,13.1,Derbyshire,Leicestershire,LV van Beek,D Smit,D Klein,0,0,,,,,,,,,
1167212,2019,2019-08-15,County Ground,2,13.2,Derbyshire,Leicestershire,LV van Beek,D Smit,D Klein,1,0,,,,,,,,,
1167212,2019,2019-08-15,County Ground,2,13.3,Derbyshire,Leicestershire,D Smit,LV van Beek,D Klein,1,0,,,,,,,,,
1167212,2019,2019-08-15,County Ground,2,13.4,Derbyshire,Leicestershire,LV van Beek,D Smit,D Klein,1,0,,,,,,,,,
1167212,2019,2019-08-15,County Ground,2,13.5,Derbyshire,Leicestershire,D Smit,LV van Beek,D Klein,1,0,,,,,,,,,
1167212,2019,2019-08-15,County Ground,2,13.6,Derbyshire,Leicestershire,LV van Beek,D Smit,D Klein,0,0,,,,,,,,,
1167212,2019,2019-08-15,County Ground,2,14.1,Derbyshire,Leicestershire,D Smit,LV van Beek,WS Davis,1,0,,,,,,,,,
1167212,2019,2019-08-15,County Ground,2,14.2,Derbyshire,Leicestershire,LV van Beek,D Smit,WS Davis,0,0,,,,,,,,,
1167212,2019,2019-08-15,County Ground,2,14.3,Derbyshire,Leicestershire,LV van Beek,D Smit,WS Davis,0,0,,,,,,,,,
1167212,2019,2019-08-15,County Ground,2,14.4,Derbyshire,Leicestershire,LV van Beek,D Smit,WS Davis,0,1,,,,1,,,,,
1167212,2019,2019-08-15,County Ground,2,14.5,Derbyshire,Leicestershire,D Smit,LV van Beek,WS Davis,1,0,,,,,,,,,
1167212,2019,2019-08-15,County Ground,2,14.6,Derbyshire,Leicestershire,LV van Beek,D Smit,WS Davis,1,0,,,,,,,,,
1167212,2019,2019-08-15,County Ground,2,15.1,Derbyshire,Leicestershire,LV van Beek,D Smit,CN Ackermann,0,0,,,,,,caught,LV van Beek,,
1167212,2019,2019-08-15,County Ground,2,15.2,Derbyshire,Leicestershire,R Rampaul,D Smit,CN Ackermann,0,1,1,,,,,,,,
1167212,2019,2019-08-15,County Ground,2,15.3,Derbyshire,Leicestershire,R Rampaul,D Smit,CN Ackermann,1,0,,,,,,,,,
1167212,2019,2019-08-15,County Ground,2,15.4,Derbyshire,Leicestershire,D Smit,R Rampaul,CN Ackermann,0,0,,,,,,,,,
1167212,2019,2019-08-15,County Ground,2,15.5,Derbyshire,Leicestershire,D Smit,R Rampaul,CN Ackermann,0,0,,,,,,,,,
1167212,2019,2019-08-15,County Ground,2,15.6,Derbyshire,Leicestershire,D Smit,R Rampaul,CN Ackermann,1,0,,,,,,,,,
1167212,2019,2019-08-15,County Ground,2,15.7,Derbyshire,Leicestershire,R Rampaul,D Smit,CN Ackermann,0,4,,,4,,,,,,
1167212,2019,2019-08-15,County Ground,2,16.1,Derbyshire,Leicestershire,D Smit,R Rampaul,GT Griffiths,1,0,,,,,,,,,
1167212,2019,2019-08-15,County Ground,2,16.2,Derbyshire,Leicestershire,R Rampaul,D Smit,GT Griffiths,3,0,,,,,,,,,
1167212,2019,2019-08-15,County Ground,2,16.3,Derbyshire,Leicestershire,D Smit,R Rampaul,GT Griffiths,0,0,,,,,,,,,
1167212,2019,2019-08-15,County Ground,2,16.4,Derbyshire,Leicestershire,D Smit,R Rampaul,GT Griffiths,1,0,,,,,,,,,
1167212,2019,2019-08-15,County Ground,2,16.5,Derbyshire,Leicestershire,R Rampaul,D Smit,GT Griffiths,2,0,,,,,,,,,
1167212,2019,2019-08-15,County Ground,2,16.6,Derbyshire,Leicestershire,R Rampaul,D Smit,GT Griffiths,0,0,,,,,,,,,
1167212,2019,2019-08-15,County Ground,2,17.1,Derbyshire,Leicestershire,D Smit,R Rampaul,D Klein,1,0,,,,,,,,,
1167212,2019,2019-08-15,County Ground,2,17.2,Derbyshire,Leicestershire,R Rampaul,D Smit,D Klein,1,0,,,,,,,,,
1167212,2019,2019-08-15,County Ground,2,17.3,Derbyshire,Leicestershire,D Smit,R Rampaul,D Klein,4,0,,,,,,,,,
1167212,2019,2019-08-15,County Ground,2,17.4,Derbyshire,Leicestershire,D Smit,R Rampaul,D Klein,0,0,,,,,,,,,
1167212,2019,2019-08-15,County Ground,2,17.5,Derbyshire,Leicestershire,D Smit,R Rampaul,D Klein,1,0,,,,,,,,,
1167212,2019,2019-08-15,County Ground,2,17.6,Derbyshire,Leicestershire,R Rampaul,D Smit,D Klein,0,0,,,,,,,,,
1167212,2019,2019-08-15,County Ground,2,18.1,Derbyshire,Leicestershire,D Smit,R Rampaul,WS Davis,1,0,,,,,,,,,
1167212,2019,2019-08-15,County Ground,2,18.2,Derbyshire,Leicestershire,R Rampaul,D Smit,WS Davis,0,0,,,,,,bowled,R Rampaul,,
