match_id,season,start_date,venue,innings,ball,batting_team,bowling_team,striker,non_striker,bowler,runs_off_bat,extras,wides,noballs,byes,legbyes,penalty,wicket_type,player_dismissed,other_wicket_type,other_player_dismissed
1167149,2019,2019-07-25,Kennington Oval,1,0.1,Surrey,Glamorgan,AJ Finch,MD Stoneman,AO Morgan,1,0,,,,,,,,,
1167149,2019,2019-07-25,Kennington Oval,1,0.2,Surrey,Glamorgan,MD Stoneman,AJ Finch,AO Morgan,0,0,,,,,,,,,
1167149,2019,2019-07-25,Kennington Oval,1,0.3,Surrey,Glamorgan,MD Stoneman,AJ Finch,AO Morgan,0,0,,,,,,,,,
1167149,2019,2019-07-25,Kennington Oval,1,0.4,Surrey,Glamorgan,MD Stoneman,AJ Finch,AO Morgan,1,0,,,,,,,,,
1167149,2019,2019-07-25,Kennington Oval,1,0.5,Surrey,Glamorgan,AJ Finch,MD Stoneman,AO Morgan,4,0,,,,,,,,,
1167149,2019,2019-07-25,Kennington Oval,1,0.6,Surrey,Glamorgan,AJ Finch,MD Stoneman,AO Morgan,1,0,,,,,,,,,
1167149,2019,2019-07-25,Kennington Oval,1,1.1,Surrey,Glamorgan,AJ Finch,MD Stoneman,M de Lange,1,0,,,,,,,,,
1167149,2019,2019-07-25,Kennington Oval,1,1.2,Surrey,Glamorgan,MD Stoneman,AJ Finch,M de Lange,0,0,,,,,,,,,
1167149,2019,2019-07-25,Kennington Oval,1,1.3,Surrey,Glamorgan,MD Stoneman,AJ Finch,M de Lange,4,0,,,,,,,,,
1167149,2019,2019-07-25,Kennington Oval,1,1.4,Surrey,Glamorgan,MD Stoneman,AJ Finch,M de Lange,0,0,,,,,,,,,
1167149,2019,2019-07-25,Kennington Oval,1,1.5,Surrey,Glamorgan,MD Stoneman,AJ Finch,M de Lange,0,0,,,,,,caught,MD Stoneman,,
1167149,2019,2019-07-25,Kennington Oval,1,1.6,Surrey,Glamorgan,WG Jacks,AJ Finch,M de Lange,6,0,,,,,,,,,
1167149,2019,2019-07-25,Kennington Oval,1,2.1,Surrey,Glamorgan,AJ Finch,WG Jacks,DA Douthwaite,4,0,,,,,,,,,
1167149,2019,2019-07-25,Kennington Oval,1,2.2,Surrey,Glamorgan,AJ Finch,WG Jacks,DA Douthwaite,0,0,,,,,,,,,
1167149,2019,2019-07-25,Kennington Oval,1,2.3,Surrey,Glamorgan,AJ Finch,WG Jacks,DA Douthwaite,1,0,,,,,,,,,
1167149,2019,2019-07-25,Kennington Oval,1,2.4,Surrey,Glamorgan,WG Jacks,AJ Finch,DA Douthwaite,0,0,,,,,,,,,
1167149,2019,2019-07-25,Kennington Oval,1,2.5,Surrey,Glamorgan,WG Jacks,AJ Finch,DA Douthwaite,0,0,,,,,,,,,
1167149,2019,2019-07-25,Kennington Oval,1,2.6,Surrey,Glamorgan,WG Jacks,AJ Finch,DA Douthwaite,0,0,,,,,,,,,
1167149,2019,2019-07-25,Kennington Oval,1,3.1,Surrey,Glamorgan,AJ Finch,WG Jacks,M de Lange,1,0,,,,,,,,,
1167149,2019,2019-07-25,Kennington Oval,1,3.2,Surrey,Glamorgan,WG Jacks,AJ Finch,M de Lange,2,0,,,,,,,,,
1167149,2019,2019-07-25,Kennington Oval,1,3.3,Surrey,Glamorgan,WG Jacks,AJ Finch,M de Lange,4,0,,,,,,,,,
1167149,2019,2019-07-25,Kennington Oval,1,3.4,Surrey,Glamorgan,WG Jacks,AJ Finch,M de Lange,0,0,,,,,,,,,
1167149,2019,2019-07-25,Kennington Oval,1,3.5,Surrey,Glamorgan,WG Jacks,AJ Finch,M de Lange,4,0,,,,,,,,,
1167149,2019,2019-07-25,Kennington Oval,1,3.6,Surrey,Glamorgan,WG Jacks,AJ Finch,M de Lange,4,0,,,,,,,,,
1167149,2019,2019-07-25,Kennington Oval,1,4.1,Surrey,Glamorgan,AJ Finch,WG Jacks,DA Douthwaite,1,0,,,,,,,,,
1167149,2019,2019-07-25,Kennington Oval,1,4.2,Surrey,Glamorgan,WG Jacks,AJ Finch,DA Douthwaite,1,0,,,,,,,,,
1167149,2019,2019-07-25,Kennington Oval,1,4.3,Surrey,Glamorgan,AJ Finch,WG Jacks,DA Douthwaite,1,0,,,,,,,,,
1167149,2019,2019-07-25,Kennington Oval,1,4.4,Surrey,Glamorgan,WG Jacks,AJ Finch,DA Douthwaite,2,0,,,,,,,,,
1167149,2019,2019-07-25,Kennington Oval,1,4.5,Surrey,Glamorgan,WG Jacks,AJ Finch,DA Douthwaite,6,0,,,,,,,,,
1167149,2019,2019-07-25,Kennington Oval,1,4.6,Surrey,Glamorgan,WG Jacks,AJ Finch,DA Douthwaite,0,0,,,,,,,,,
1167149,2019,2019-07-25,Kennington Oval,1,5.1,Surrey,Glamorgan,AJ Finch,WG Jacks,MG Hogan,0,1,,,,1,,,,,
1167149,2019,2019-07-25,Kennington Oval,1,5.2,Surrey,Glamorgan,WG Jacks,AJ Finch,MG Hogan,1,0,,,,,,,,,
1167149,2019,2019-07-25,Kennington Oval,1,5.3,Surrey,Glamorgan,AJ Finch,WG Jacks,MG Hogan,1,0,,,,,,,,,
1167149,2019,2019-07-25,Kennington Oval,1,5.4,Surrey,Glamorgan,WG Jacks,AJ Finch,MG Hogan,2,0,,,,,,,,,
1167149,2019,2019-07-25,Kennington Oval,1,5.5,Surrey,Glamorgan,WG Jacks,AJ Finch,MG Hogan,0,0,,,,,,,,,
1167149,2019,2019-07-25,Kennington Oval,1,5.6,Surrey,Glamorgan,WG Jacks,AJ Finch,MG Hogan,0,0,,,,,,,,,
1167149,2019,2019-07-25,Kennington Oval,1,6.1,Surrey,Glamorgan,AJ Finch,WG Jacks,GG Wagg,1,0,,,,,,,,,
1167149,2019,2019-07-25,Kennington Oval,1,6.2,Surrey,Glamorgan,WG Jacks,AJ Finch,GG Wagg,1,0,,,,,,,,,
1167149,2019,2019-07-25,Kennington Oval,1,6.3,Surrey,Glamorgan,AJ Finch,WG Jacks,GG Wagg,1,0,,,,,,,,,
1167149,2019,2019-07-25,Kennington Oval,1,6.4,Surrey,Glamorgan,WG Jacks,AJ Finch,GG Wagg,1,0,,,,,,,,,
1167149,2019,2019-07-25,Kennington Oval,1,6.5,Surrey,Glamorgan,AJ Finch,WG Jacks,GG Wagg,6,0,,,,,,,,,
1167149,2019,2019-07-25,Kennington Oval,1,6.6,Surrey,Glamorgan,AJ Finch,WG Jacks,GG Wagg,1,0,,,,,,,,,
1167149,2019,2019-07-25,Kennington Oval,1,7.1,Surrey,Glamorgan,AJ Finch,WG Jacks,MG Hogan,1,0,,,,,,,,,
1167149,2019,2019-07-25,Kennington Oval,1,7.2,Surrey,Glamorgan,WG Jacks,AJ Finch,MG Hogan,0,0,,,,,,,,,
1167149,2019,2019-07-25,Kennington Oval,1,7.3,Surrey,Glamorgan,WG Jacks,AJ Finch,MG Hogan,1,0,,,,,,,,,
1167149,2019,2019-07-25,Kennington Oval,1,7.4,Surrey,Glamorgan,AJ Finch,WG Jacks,MG Hogan,1,0,,,,,,,,,
1167149,2019,2019-07-25,Kennington Oval,1,7.5,Surrey,Glamorgan,WG Jacks,AJ Finch,MG Hogan,4,0,,,,,,,,,
1167149,2019,2019-07-25,Kennington Oval,1,7.6,Surrey,Glamorgan,WG Jacks,AJ Finch,MG Hogan,1,0,,,,,,,,,
1167149,2019,2019-07-25,Kennington Oval,1,8.1,Surrey,Glamorgan,WG Jacks,AJ Finch,GG Wagg,0,0,,,,,,,,,
1167149,2019,2019-07-25,Kennington Oval,1,8.2,Surrey,Glamorgan,WG Jacks,AJ Finch,GG Wagg,0,0,,,,,,,,,
1167149,2019,2019-07-25,Kennington Oval,1,8.3,Surrey,Glamorgan,WG Jacks,AJ Finch,GG Wagg,0,0,,,,,,caught,WG Jacks,,
1167149,2019,2019-07-25,Kennington Oval,1,8.4,Surrey,Glamorgan,OJ Pope,AJ Finch,GG Wagg,0,0,,,,,,,,,
1167149,2019,2019-07-25,Kennington Oval,1,8.5,Surrey,Glamorgan,OJ Pope,AJ Finch,GG Wagg,1,0,,,,,,,,,
1167149,2019,2019-07-25,Kennington Oval,1,8.6,Surrey,Glamorgan,AJ Finch,OJ Pope,GG Wagg,1,0,,,,,,,,,
1167149,2019,2019-07-25,Kennington Oval,1,9.1,Surrey,Glamorgan,AJ Finch,OJ Pope,AG Salter,0,0,,,,,,caught,AJ Finch,,
1167149,2019,2019-07-25,Kennington Oval,1,9.2,Surrey,Glamorgan,OJ Pope,R Clarke,AG Salter,1,0,,,,,,,,,
1167149,2019,2019-07-25,Kennington Oval,1,9.3,Surrey,Glamorgan,R Clarke,OJ Pope,AG Salter,0,0,,,,,,,,,
1167149,2019,2019-07-25,Kennington Oval,1,9.4,Surrey,Glamorgan,R Clarke,OJ Pope,AG Salter,1,0,,,,,,,,,
1167149,2019,2019-07-25,Kennington Oval,1,9.5,Surrey,Glamorgan,OJ Pope,R Clarke,AG Salter,1,0,,,,,,,,,
1167149,2019,2019-07-25,Kennington Oval,1,9.6,Surrey,Glamorgan,R Clarke,OJ Pope,AG Salter,0,0,,,,,,caught and bowled,R Clarke,,
1167149,2019,2019-07-25,Kennington Oval,1,10.1,Surrey,Glamorgan,OJ Pope,TK Curran,AO Morgan,0,0,,,,,,,,,
1167149,2019,2019-07-25,Kennington Oval,1,10.2,Surrey,Glamorgan,OJ Pope,TK Curran,AO Morgan,2,0,,,,,,,,,
1167149,2019,2019-07-25,Kennington Oval,1,10.3,Surrey,Glamorgan,OJ Pope,TK Curran,AO Morgan,1,0,,,,,,,,,
1167149,2019,2019-07-25,Kennington Oval,1,10.4,Surrey,Glamorgan,TK Curran,OJ Pope,AO Morgan,0,0,,,,,,,,,
1167149,2019,2019-07-25,Kennington Oval,1,10.5,Surrey,Glamorgan,TK Curran,OJ Pope,AO Morgan,1,0,,,,,,,,,
1167149,2019,2019-07-25,Kennington Oval,1,10.6,Surrey,Glamorgan,OJ Pope,TK Curran,AO Morgan,1,0,,,,,,,,,
1167149,2019,2019-07-25,Kennington Oval,1,11.1,Surrey,Glamorgan,OJ Pope,TK Curran,AG Salter,1,0,,,,,,,,,
1167149,2019,2019-07-25,Kennington Oval,1,11.2,Surrey,Glamorgan,TK Curran,OJ Pope,AG Salter,0,0,,,,,,caught,TK Curran,,
1167149,2019,2019-07-25,Kennington Oval,1,11.3,Surrey,Glamorgan,J Clark,OJ Pope,AG Salter,0,0,,,,,,,,,
1167149,2019,2019-07-25,Kennington Oval,1,11.4,Surrey,Glamorgan,J Clark,OJ Pope,AG Salter,0,0,,,,,,,,,
1167149,2019,2019-07-25,Kennington Oval,1,11.5,Surrey,Glamorgan,J Clark,OJ Pope,AG Salter,1,0,,,,,,,,,
1167149,2019,2019-07-25,Kennington Oval,1,11.6,Surrey,Glamorgan,OJ Pope,J Clark,AG Salter,2,0,,,,,,,,,
1167149,2019,2019-07-25,Kennington Oval,1,12.1,Surrey,Glamorgan,J Clark,OJ Pope,AO Morgan,1,0,,,,,,,,,
1167149,2019,2019-07-25,Kennington Oval,1,12.2,Surrey,Glamorgan,OJ Pope,J Clark,AO Morgan,1,0,,,,,,,,,
1167149,2019,2019-07-25,Kennington Oval,1,12.3,Surrey,Glamorgan,J Clark,OJ Pope,AO Morgan,0,0,,,,,,,,,
1167149,2019,2019-07-25,Kennington Oval,1,12.4,Surrey,Glamorgan,J Clark,OJ Pope,AO Morgan,2,0,,,,,,,,,
1167149,2019,2019-07-25,Kennington Oval,1,12.5,Surrey,Glamorgan,J Clark,OJ Pope,AO Morgan,1,0,,,,,,,,,
1167149,2019,2019-07-25,Kennington Oval,1,12.6,Surrey,Glamorgan,OJ Pope,J Clark,AO Morgan,0,0,,,,,,,,,
1167149,2019,2019-07-25,Kennington Oval,1,13.1,Surrey,Glamorgan,J Clark,OJ Pope,AG Salter,1,0,,,,,,,,,
1167149,2019,2019-07-25,Kennington Oval,1,13.2,Surrey,Glamorgan,OJ Pope,J Clark,AG Salter,1,0,,,,,,,,,
1167149,2019,2019-07-25,Kennington Oval,1,13.3,Surrey,Glamorgan,J Clark,OJ Pope,AG Salter,2,0,,,,,,,,,
1167149,2019,2019-07-25,Kennington Oval,1,13.4,Surrey,Glamorgan,J Clark,OJ Pope,AG Salter,2,0,,,,,,,,,
1167149,2019,2019-07-25,Kennington Oval,1,13.5,Surrey,Glamorgan,J Clark,OJ Pope,AG Salter,1,0,,,,,,,,,
1167149,2019,2019-07-25,Kennington Oval,1,13.6,Surrey,Glamorgan,OJ Pope,J Clark,AG Salter,0,0,,,,,,caught,OJ Pope,,
1167149,2019,2019-07-25,Kennington Oval,1,14.1,Surrey,Glamorgan,J Clark,LE Plunkett,AO Morgan,1,0,,,,,,,,,
1167149,2019,2019-07-25,Kennington Oval,1,14.2,Surrey,Glamorgan,LE Plunkett,J Clark,AO Morgan,0,0,,,,,,,,,
1167149,2019,2019-07-25,Kennington Oval,1,14.3,Surrey,Glamorgan,LE Plunkett,J Clark,AO Morgan,1,0,,,,,,,,,
1167149,2019,2019-07-25,Kennington Oval,1,14.4,Surrey,Glamorgan,J Clark,LE Plunkett,AO Morgan,0,1,1,,,,,,,,
1167149,2019,2019-07-25,Kennington Oval,1,14.5,Surrey,Glamorgan,J Clark,LE Plunkett,AO Morgan,1,0,,,,,,,,,
1167149,2019,2019-07-25,Kennington Oval,1,14.6,Surrey,Glamorgan,LE Plunkett,J Clark,AO Morgan,1,0,,,,,,,,,
1167149,2019,2019-07-25,Kennington Oval,1,14.7,Surrey,Glamorgan,J Clark,LE Plunkett,AO Morgan,1,0,,,,,,,,,
1167149,2019,2019-07-25,Kennington Oval,1,15.1,Surrey,Glamorgan,J Clark,LE Plunkett,AG Salter,0,0,,,,,,,,,
1167149,2019,2019-07-25,Kennington Oval,1,15.2,Surrey,Glamorgan,J Clark,LE Plunkett,AG Salter,2,0,,,,,,,,,
1167149,2019,2019-07-25,Kennington Oval,1,15.3,Surrey,Glamorgan,J Clark,LE Plunkett,AG Salter,1,0,,,,,,,,,
1167149,2019,2019-07-25,Kennington Oval,1,15.4,Surrey,Glamorgan,LE Plunkett,J Clark,AG Salter,0,0,,,,,,,,,
1167149,2019,2019-07-25,Kennington Oval,1,15.5,Surrey,Glamorgan,LE Plunkett,J Clark,AG Salter,0,0,,,,,,,,,
1167149,2019,2019-07-25,Kennington Oval,1,15.6,Surrey,Glamorgan,LE Plunkett,J Clark,AG Salter,6,0,,,,,,,,,
1167149,2019,2019-07-25,Kennington Oval,1,16.1,Surrey,Glamorgan,J Clark,LE Plunkett,GG Wagg,0,1,1,,,,,,,,
1167149,2019,2019-07-25,Kennington Oval,1,16.2,Surrey,Glamorgan,J Clark,LE Plunkett,GG Wagg,1,0,,,,,,,,,
1167149,2019,2019-07-25,Kennington Oval,1,16.3,Surrey,Glamorgan,LE Plunkett,J Clark,GG Wagg,1,0,,,,,,,,,
1167149,2019,2019-07-25,Kennington Oval,1,16.4,Surrey,Glamorgan,J Clark,LE Plunkett,GG Wagg,0,0,,,,,,,,,
1167149,2019,2019-07-25,Kennington Oval,1,16.5,Surrey,Glamorgan,J Clark,LE Plunkett,GG Wagg,1,0,,,,,,,,,
1167149,2019,2019-07-25,Kennington Oval,1,16.6,Surrey,Glamorgan,LE Plunkett,J Clark,GG Wagg,1,0,,,,,,,,,
1167149,2019,2019-07-25,Kennington Oval,1,16.7,Surrey,Glamorgan,J Clark,LE Plunkett,GG Wagg,2,0,,,,,,,,,
1167149,2019,2019-07-25,Kennington Oval,1,17.1,Surrey,Glamorgan,LE Plunkett,J Clark,MG Hogan,2,0,,,,,,,,,
1167149,2019,2019-07-25,Kennington Oval,1,17.2,Surrey,Glamorgan,LE Plunkett,J Clark,MG Hogan,1,2,,2,,,,,,,
1167149,2019,2019-07-25,Kennington Oval,1,17.3,Surrey,Glamorgan,J Clark,LE Plunkett,MG Hogan,0,1,,,,1,,,,,
1167149,2019,2019-07-25,Kennington Oval,1,17.4,Surrey,Glamorgan,LE Plunkett,J Clark,MG Hogan,1,0,,,,,,,,,
1167149,2019,2019-07-25,Kennington Oval,1,17.5,Surrey,Glamorgan,J Clark,LE Plunkett,MG Hogan,1,0,,,,,,,,,
1167149,2019,2019-07-25,Kennington Oval,1,17.6,Surrey,Glamorgan,LE Plunkett,J Clark,MG Hogan,0,0,,,,,,,,,
1167149,2019,2019-07-25,Kennington Oval,1,17.7,Surrey,Glamorgan,LE Plunkett,J Clark,MG Hogan,2,0,,,,,,,,,
1167149,2019,2019-07-25,Kennington Oval,1,18.1,Surrey,Glamorgan,J Clark,LE Plunkett,GG Wagg,2,0,,,,,,,,,
1167149,2019,2019-07-25,Kennington Oval,1,18.2,Surrey,Glamorgan,J Clark,LE Plunkett,GG Wagg,0,1,1,,,,,,,,
1167149,2019,2019-07-25,Kennington Oval,1,18.3,Surrey,Glamorgan,J Clark,LE Plunkett,GG Wagg,1,0,,,,,,,,,
1167149,2019,2019-07-25,Kennington Oval,1,18.4,Surrey,Glamorgan,LE Plunkett,J Clark,GG Wagg,2,0,,,,,,,,,
1167149,2019,2019-07-25,Kennington Oval,1,18.5,Surrey,Glamorgan,LE Plunkett,J Clark,GG Wagg,0,0,,,,,,caught,LE Plunkett,,
1167149,2019,2019-07-25,Kennington Oval,1,18.6,Surrey,Glamorgan,J Clark,JW Dernbach,GG Wagg,1,0,,,,,,,,,
1167149,2019,2019-07-25,Kennington Oval,1,18.7,Surrey,Glamorgan,JW Dernbach,J Clark,GG Wagg,1,0,,,,,,,,,
1167149,2019,2019-07-25,Kennington Oval,1,19.1,Surrey,Glamorgan,JW Dernbach,J Clark,MG Hogan,1,0,,,,,,,,,
1167149,2019,2019-07-25,Kennington Oval,1,19.2,Surrey,Glamorgan,J Clark,JW Dernbach,M de Lange,0,1,,,,1,,,,,
1167149,2019,2019-07-25,Kennington Oval,1,19.3,Surrey,Glamorgan,JW Dernbach,J Clark,M de Lange,0,0,,,,,,bowled,JW Dernbach,,
1167149,2019,2019-07-25,Kennington Oval,1,19.4,Surrey,Glamorgan,GJ Batty,J Clark,M de Lange,0,0,,,,,,hit wicket,GJ Batty,,
1167149,2019,2019-07-25,Kennington Oval,1,19.5,Surrey,Glamorgan,Imran Tahir,J Clark,M de Lange,0,0,,,,,,,,,
1167149,2019,2019-07-25,Kennington Oval,1,19.6,Surrey,Glamorgan,Imran Tahir,J Clark,M de Lange,0,0,,,,,,caught,Imran Tahir,,
1167149,2019,2019-07-25,Kennington Oval,2,0.1,Glamorgan,Surrey,Fakhar Zaman,DL Lloyd,JW Dernbach,0,0,,,,,,,,,
1167149,2019,2019-07-25,Kennington Oval,2,0.2,Glamorgan,Surrey,Fakhar Zaman,DL Lloyd,JW Dernbach,0,0,,,,,,,,,
1167149,2019,2019-07-25,Kennington Oval,2,0.3,Glamorgan,Surrey,Fakhar Zaman,DL Lloyd,JW Dernbach,0,0,,,,,,,,,
1167149,2019,2019-07-25,Kennington Oval,2,0.4,Glamorgan,Surrey,Fakhar Zaman,DL Lloyd,JW Dernbach,0,0,,,,,,,,,
1167149,2019,2019-07-25,Kennington Oval,2,0.5,Glamorgan,Surrey,Fakhar Zaman,DL Lloyd,JW Dernbach,1,0,,,,,,,,,
1167149,2019,2019-07-25,Kennington Oval,2,0.6,Glamorgan,Surrey,DL Lloyd,Fakhar Zaman,JW Dernbach,4,0,,,,,,,,,
1167149,2019,2019-07-25,Kennington Oval,2,1.1,Glamorgan,Surrey,Fakhar Zaman,DL Lloyd,TK Curran,1,0,,,,,,,,,
1167149,2019,2019-07-25,Kennington Oval,2,1.2,Glamorgan,Surrey,DL Lloyd,Fakhar Zaman,TK Curran,0,0,,,,,,,,,
1167149,2019,2019-07-25,Kennington Oval,2,1.3,Glamorgan,Surrey,DL Lloyd,Fakhar Zaman,TK Curran,0,0,,,,,,bowled,DL Lloyd,,
1167149,2019,2019-07-25,Kennington Oval,2,1.4,Glamorgan,Surrey,CA Ingram,Fakhar Zaman,TK Curran,0,0,,,,,,caught,CA Ingram,,
1167149,2019,2019-07-25,Kennington Oval,2,1.5,Glamorgan,Surrey,WT Root,Fakhar Zaman,TK Curran,0,0,,,,,,caught,WT Root,,
1167149,2019,2019-07-25,Kennington Oval,2,1.6,Glamorgan,Surrey,AO Morgan,Fakhar Zaman,TK Curran,0,0,,,,,,,,,
1167149,2019,2019-07-25,Kennington Oval,2,2.1,Glamorgan,Surrey,Fakhar Zaman,AO Morgan,JW Dernbach,0,0,,,,,,,,,
1167149,2019,2019-07-25,Kennington Oval,2,2.2,Glamorgan,Surrey,Fakhar Zaman,AO Morgan,JW Dernbach,0,0,,,,,,,,,
1167149,2019,2019-07-25,Kennington Oval,2,2.3,Glamorgan,Surrey,Fakhar Zaman,AO Morgan,JW Dernbach,1,0,,,,,,,,,
1167149,2019,2019-07-25,Kennington Oval,2,2.4,Glamorgan,Surrey,AO Morgan,Fakhar Zaman,JW Dernbach,2,0,,,,,,,,,
1167149,2019,2019-07-25,Kennington Oval,2,2.5,Glamorgan,Surrey,AO Morgan,Fakhar Zaman,JW Dernbach,0,0,,,,,,caught,AO Morgan,,
1167149,2019,2019-07-25,Kennington Oval,2,2.6,Glamorgan,Surrey,CB Cooke,Fakhar Zaman,JW Dernbach,0,0,,,,,,,,,
1167149,2019,2019-07-25,Kennington Oval,2,3.1,Glamorgan,Surrey,Fakhar Zaman,CB Cooke,TK Curran,2,0,,,,,,,,,
1167149,2019,2019-07-25,Kennington Oval,2,3.2,Glamorgan,Surrey,Fakhar Zaman,CB Cooke,TK Curran,0,0,,,,,,,,,
1167149,2019,2019-07-25,Kennington Oval,2,3.3,Glamorgan,Surrey,Fakhar Zaman,CB Cooke,TK Curran,0,0,,,,,,,,,
1167149,2019,2019-07-25,Kennington Oval,2,3.4,Glamorgan,Surrey,Fakhar Zaman,CB Cooke,TK Curran,0,0,,,,,,,,,
1167149,2019,2019-07-25,Kennington Oval,2,3.5,Glamorgan,Surrey,Fakhar Zaman,CB Cooke,TK Curran,0,0,,,,,,,,,
1167149,2019,2019-07-25,Kennington Oval,2,3.6,Glamorgan,Surrey,Fakhar Zaman,CB Cooke,TK Curran,0,0,,,,,,,,,
1167149,2019,2019-07-25,Kennington Oval,2,4.1,Glamorgan,Surrey,CB Cooke,Fakhar Zaman,Imran Tahir,0,0,,,,,,,,,
1167149,2019,2019-07-25,Kennington Oval,2,4.2,Glamorgan,Surrey,CB Cooke,Fakhar Zaman,Imran Tahir,1,0,,,,,,,,,
1167149,2019,2019-07-25,Kennington Oval,2,4.3,Glamorgan,Surrey,Fakhar Zaman,CB Cooke,Imran Tahir,1,0,,,,,,,,,
1167149,2019,2019-07-25,Kennington Oval,2,4.4,Glamorgan,Surrey,CB Cooke,Fakhar Zaman,Imran Tahir,0,0,,,,,,,,,
1167149,2019,2019-07-25,Kennington Oval,2,4.5,Glamorgan,Surrey,CB Cooke,Fakhar Zaman,Imran Tahir,1,0,,,,,,,,,
1167149,2019,2019-07-25,Kennington Oval,2,4.6,Glamorgan,Surrey,Fakhar Zaman,CB Cooke,Imran Tahir,0,0,,,,,,,,,
1167149,2019,2019-07-25,Kennington Oval,2,5.1,Glamorgan,Surrey,CB Cooke,Fakhar Zaman,J Clark,1,0,,,,,,,,,
1167149,2019,2019-07-25,Kennington Oval,2,5.2,Glamorgan,Surrey,Fakhar Zaman,CB Cooke,J Clark,4,0,,,,,,,,,
1167149,2019,2019-07-25,Kennington Oval,2,5.3,Glamorgan,Surrey,Fakhar Zaman,CB Cooke,J Clark,4,0,,,,,,,,,
1167149,2019,2019-07-25,Kennington Oval,2,5.4,Glamorgan,Surrey,Fakhar Zaman,CB Cooke,J Clark,1,0,,,,,,,,,
1167149,2019,2019-07-25,Kennington Oval,2,5.5,Glamorgan,Surrey,CB Cooke,Fakhar Zaman,J Clark,2,0,,,,,,,,,
1167149,2019,2019-07-25,Kennington Oval,2,5.6,Glamorgan,Surrey,CB Cooke,Fakhar Zaman,J Clark,0,0,,,,,,,,,
1167149,2019,2019-07-25,Kennington Oval,2,6.1,Glamorgan,Surrey,Fakhar Zaman,CB Cooke,LE Plunkett,0,0,,,,,,,,,
1167149,2019,2019-07-25,Kennington Oval,2,6.2,Glamorgan,Surrey,Fakhar Zaman,CB Cooke,LE Plunkett,1,0,,,,,,,,,
1167149,2019,2019-07-25,Kennington Oval,2,6.3,Glamorgan,Surrey,CB Cooke,Fakhar Zaman,LE Plunkett,0,0,,,,,,,,,
1167149,2019,2019-07-25,Kennington Oval,2,6.4,Glamorgan,Surrey,CB Cooke,Fakhar Zaman,LE Plunkett,2,0,,,,,,,,,
1167149,2019,2019-07-25,Kennington Oval,2,6.5,Glamorgan,Surrey,CB Cooke,Fakhar Zaman,LE Plunkett,1,0,,,,,,,,,
1167149,2019,2019-07-25,Kennington Oval,2,6.6,Glamorgan,Surrey,Fakhar Zaman,CB Cooke,LE Plunkett,0,0,,,,,,,,,
1167149,2019,2019-07-25,Kennington Oval,2,7.1,Glamorgan,Surrey,CB Cooke,Fakhar Zaman,GJ Batty,1,0,,,,,,,,,
1167149,2019,2019-07-25,Kennington Oval,2,7.2,Glamorgan,Surrey,Fakhar Zaman,CB Cooke,GJ Batty,0,0,,,,,,,,,
1167149,2019,2019-07-25,Kennington Oval,2,7.3,Glamorgan,Surrey,Fakhar Zaman,CB Cooke,GJ Batty,0,0,,,,,,,,,
1167149,2019,2019-07-25,Kennington Oval,2,7.4,Glamorgan,Surrey,Fakhar Zaman,CB Cooke,GJ Batty,1,0,,,,,,,,,
1167149,2019,2019-07-25,Kennington Oval,2,7.5,Glamorgan,Surrey,CB Cooke,Fakhar Zaman,GJ Batty,1,0,,,,,,,,,
1167149,2019,2019-07-25,Kennington Oval,2,7.6,Glamorgan,Surrey,Fakhar Zaman,CB Cooke,GJ Batty,0,0,,,,,,caught,Fakhar Zaman,,
1167149,2019,2019-07-25,Kennington Oval,2,8.1,Glamorgan,Surrey,CB Cooke,DA Douthwaite,LE Plunkett,0,0,,,,,,,,,
1167149,2019,2019-07-25,Kennington Oval,2,8.2,Glamorgan,Surrey,CB Cooke,DA Douthwaite,LE Plunkett,0,0,,,,,,,,,
1167149,2019,2019-07-25,Kennington Oval,2,8.3,Glamorgan,Surrey,CB Cooke,DA Douthwaite,LE Plunkett,1,0,,,,,,,,,
1167149,2019,2019-07-25,Kennington Oval,2,8.4,Glamorgan,Surrey,DA Douthwaite,CB Cooke,LE Plunkett,0,0,,,,,,,,,
1167149,2019,2019-07-25,Kennington Oval,2,8.5,Glamorgan,Surrey,DA Douthwaite,CB Cooke,LE Plunkett,0,0,,,,,,,,,
1167149,2019,2019-07-25,Kennington Oval,2,8.6,Glamorgan,Surrey,DA Douthwaite,CB Cooke,LE Plunkett,0,0,,,,,,,,,
1167149,2019,2019-07-25,Kennington Oval,2,9.1,Glamorgan,Surrey,CB Cooke,DA Douthwaite,Imran Tahir,0,0,,,,,,,,,
1167149,2019,2019-07-25,Kennington Oval,2,9.2,Glamorgan,Surrey,CB Cooke,DA Douthwaite,Imran Tahir,1,0,,,,,,,,,
1167149,2019,2019-07-25,Kennington Oval,2,9.3,Glamorgan,Surrey,DA Douthwaite,CB Cooke,Imran Tahir,0,0,,,,,,,,,
1167149,2019,2019-07-25,Kennington Oval,2,9.4,Glamorgan,Surrey,DA Douthwaite,CB Cooke,Imran Tahir,1,0,,,,,,,,,
1167149,2019,2019-07-25,Kennington Oval,2,9.5,Glamorgan,Surrey,CB Cooke,DA Douthwaite,Imran Tahir,1,0,,,,,,,,,
1167149,2019,2019-07-25,Kennington Oval,2,9.6,Glamorgan,Surrey,DA Douthwaite,CB Cooke,Imran Tahir,1,0,,,,,,,,,
1167149,2019,2019-07-25,Kennington Oval,2,10.1,Glamorgan,Surrey,DA Douthwaite,CB Cooke,GJ Batty,1,0,,,,,,,,,
1167149,2019,2019-07-25,Kennington Oval,2,10.2,Glamorgan,Surrey,CB Cooke,DA Douthwaite,GJ Batty,0,0,,,,,,caught,CB Cooke,,
1167149,2019,2019-07-25,Kennington Oval,2,10.3,Glamorgan,Surrey,GG Wagg,DA Douthwaite,GJ Batty,0,0,,,,,,,,,
1167149,2019,2019-07-25,Kennington Oval,2,10.4,Glamorgan,Surrey,GG Wagg,DA Douthwaite,GJ Batty,0,1,,,1,,,,,,
1167149,2019,2019-07-25,Kennington Oval,2,10.5,Glamorgan,Surrey,DA Douthwaite,GG Wagg,GJ Batty,0,0,,,,,,,,,
1167149,2019,2019-07-25,Kennington Oval,2,10.6,Glamorgan,Surrey,DA Douthwaite,GG Wagg,GJ Batty,0,0,,,,,,,,,
1167149,2019,2019-07-25,Kennington Oval,2,11.1,Glamorgan,Surrey,GG Wagg,DA Douthwaite,Imran Tahir,0,0,,,,,,lbw,GG Wagg,,
1167149,2019,2019-07-25,Kennington Oval,2,11.2,Glamorgan,Surrey,AG Salter,DA Douthwaite,Imran Tahir,0,0,,,,,,,,,
1167149,2019,2019-07-25,Kennington Oval,2,11.3,Glamorgan,Surrey,AG Salter,DA Douthwaite,Imran Tahir,0,0,,,,,,,,,
1167149,2019,2019-07-25,Kennington Oval,2,11.4,Glamorgan,Surrey,AG Salter,DA Douthwaite,Imran Tahir,0,0,,,,,,caught,AG Salter,,
1167149,2019,2019-07-25,Kennington Oval,2,11.5,Glamorgan,Surrey,M de Lange,DA Douthwaite,Imran Tahir,0,0,,,,,,caught,M de Lange,,
1167149,2019,2019-07-25,Kennington Oval,2,11.6,Glamorgan,Surrey,DA Douthwaite,MG Hogan,Imran Tahir,1,0,,,,,,,,,
1167149,2019,2019-07-25,Kennington Oval,2,12.1,Glamorgan,Surrey,DA Douthwaite,MG Hogan,GJ Batty,1,0,,,,,,,,,
1167149,2019,2019-07-25,Kennington Oval,2,12.2,Glamorgan,Surrey,MG Hogan,DA Douthwaite,GJ Batty,1,0,,,,,,,,,
1167149,2019,2019-07-25,Kennington Oval,2,12.3,Glamorgan,Surrey,DA Douthwaite,MG Hogan,GJ Batty,1,0,,,,,,,,,
1167149,2019,2019-07-25,Kennington Oval,2,12.4,Glamorgan,Surrey,MG Hogan,DA Douthwaite,GJ Batty,0,0,,,,,,,,,
1167149,2019,2019-07-25,Kennington Oval,2,12.5,Glamorgan,Surrey,MG Hogan,DA Douthwaite,GJ Batty,0,0,,,,,,bowled,MG Hogan,,
