match_id,season,start_date,venue,innings,ball,batting_team,bowling_team,striker,non_striker,bowler,runs_off_bat,extras,wides,noballs,byes,legbyes,penalty,wicket_type,player_dismissed,other_wicket_type,other_player_dismissed
1167183,2019,2019-08-04,"County Ground, New Road",1,0.1,Leicestershire,Worcestershire,MJ Cosgrove,HJ Swindells,DY Pennington,0,0,,,,,,,,,
1167183,2019,2019-08-04,"County Ground, New Road",1,0.2,Leicestershire,Worcestershire,MJ Cosgrove,HJ Swindells,DY Pennington,0,0,,,,,,,,,
1167183,2019,2019-08-04,"County Ground, New Road",1,0.3,Leicestershire,Worcestershire,MJ Cosgrove,HJ Swindells,DY Pennington,1,0,,,,,,,,,
1167183,2019,2019-08-04,"County Ground, New Road",1,0.4,Leicestershire,Worcestershire,HJ Swindells,MJ Cosgrove,DY Pennington,0,1,1,,,,,,,,
1167183,2019,2019-08-04,"County Ground, New Road",1,0.5,Leicestershire,Worcestershire,HJ Swindells,MJ Cosgrove,DY Pennington,0,0,,,,,,,,,
1167183,2019,2019-08-04,"County Ground, New Road",1,0.6,Leicestershire,Worcestershire,HJ Swindells,MJ Cosgrove,DY Pennington,0,0,,,,,,,,,
1167183,2019,2019-08-04,"County Ground, New Road",1,0.7,Leicestershire,Worcestershire,HJ Swindells,MJ Cosgrove,DY Pennington,0,0,,,,,,,,,
1167183,2019,2019-08-04,"County Ground, New Road",1,1.1,Leicestershire,Worcestershire,MJ Cosgrove,HJ Swindells,WD Parnell,0,0,,,,,,,,,
1167183,2019,2019-08-04,"County Ground, New Road",1,1.2,Leicestershire,Worcestershire,MJ Cosgrove,HJ Swindells,WD Parnell,1,0,,,,,,,,,
1167183,2019,2019-08-04,"County Ground, New Road",1,1.3,Leicestershire,Worcestershire,HJ Swindells,MJ Cosgrove,WD Parnell,0,5,5,,,,,,,,
1167183,2019,2019-08-04,"County Ground, New Road",1,1.4,Leicestershire,Worcestershire,HJ Swindells,MJ Cosgrove,WD Parnell,1,0,,,,,,,,,
1167183,2019,2019-08-04,"County Ground, New Road",1,1.5,Leicestershire,Worcestershire,MJ Cosgrove,HJ Swindells,WD Parnell,4,0,,,,,,,,,
1167183,2019,2019-08-04,"County Ground, New Road",1,1.6,Leicestershire,Worcestershire,MJ Cosgrove,HJ Swindells,WD Parnell,0,0,,,,,,,,,
1167183,2019,2019-08-04,"County Ground, New Road",1,1.7,Leicestershire,Worcestershire,MJ Cosgrove,HJ Swindells,WD Parnell,1,0,,,,,,,,,
1167183,2019,2019-08-04,"County Ground, New Road",1,2.1,Leicestershire,Worcestershire,MJ Cosgrove,HJ Swindells,DY Pennington,2,0,,,,,,,,,
1167183,2019,2019-08-04,"County Ground, New Road",1,2.2,Leicestershire,Worcestershire,MJ Cosgrove,HJ Swindells,DY Pennington,0,0,,,,,,caught,MJ Cosgrove,,
1167183,2019,2019-08-04,"County Ground, New Road",1,2.3,Leicestershire,Worcestershire,HE Dearden,HJ Swindells,DY Pennington,0,0,,,,,,,,,
1167183,2019,2019-08-04,"County Ground, New Road",1,2.4,Leicestershire,Worcestershire,HE Dearden,HJ Swindells,DY Pennington,0,0,,,,,,,,,
1167183,2019,2019-08-04,"County Ground, New Road",1,2.5,Leicestershire,Worcestershire,HE Dearden,HJ Swindells,DY Pennington,4,0,,,,,,,,,
1167183,2019,2019-08-04,"County Ground, New Road",1,2.6,Leicestershire,Worcestershire,HE Dearden,HJ Swindells,DY Pennington,4,0,,,,,,,,,
1167183,2019,2019-08-04,"County Ground, New Road",1,3.1,Leicestershire,Worcestershire,HJ Swindells,HE Dearden,WD Parnell,0,1,,,,1,,,,,
1167183,2019,2019-08-04,"County Ground, New Road",1,3.2,Leicestershire,Worcestershire,HE Dearden,HJ Swindells,WD Parnell,0,0,,,,,,,,,
1167183,2019,2019-08-04,"County Ground, New Road",1,3.3,Leicestershire,Worcestershire,HE Dearden,HJ Swindells,WD Parnell,0,0,,,,,,,,,
1167183,2019,2019-08-04,"County Ground, New Road",1,3.4,Leicestershire,Worcestershire,HE Dearden,HJ Swindells,WD Parnell,0,0,,,,,,,,,
1167183,2019,2019-08-04,"County Ground, New Road",1,3.5,Leicestershire,Worcestershire,HE Dearden,HJ Swindells,WD Parnell,1,0,,,,,,,,,
1167183,2019,2019-08-04,"County Ground, New Road",1,3.6,Leicestershire,Worcestershire,HJ Swindells,HE Dearden,WD Parnell,0,0,,,,,,caught,HJ Swindells,,
1167183,2019,2019-08-04,"County Ground, New Road",1,4.1,Leicestershire,Worcestershire,AM Lilley,HE Dearden,DY Pennington,4,0,,,,,,,,,
1167183,2019,2019-08-04,"County Ground, New Road",1,4.2,Leicestershire,Worcestershire,AM Lilley,HE Dearden,DY Pennington,4,0,,,,,,,,,
1167183,2019,2019-08-04,"County Ground, New Road",1,4.3,Leicestershire,Worcestershire,AM Lilley,HE Dearden,DY Pennington,4,0,,,,,,,,,
1167183,2019,2019-08-04,"County Ground, New Road",1,4.4,Leicestershire,Worcestershire,AM Lilley,HE Dearden,DY Pennington,1,0,,,,,,,,,
1167183,2019,2019-08-04,"County Ground, New Road",1,4.5,Leicestershire,Worcestershire,HE Dearden,AM Lilley,DY Pennington,0,1,,,,1,,,,,
1167183,2019,2019-08-04,"County Ground, New Road",1,4.6,Leicestershire,Worcestershire,AM Lilley,HE Dearden,DY Pennington,1,0,,,,,,,,,
1167183,2019,2019-08-04,"County Ground, New Road",1,5.1,Leicestershire,Worcestershire,AM Lilley,HE Dearden,PR Brown,4,0,,,,,,,,,
1167183,2019,2019-08-04,"County Ground, New Road",1,5.2,Leicestershire,Worcestershire,AM Lilley,HE Dearden,PR Brown,1,0,,,,,,,,,
1167183,2019,2019-08-04,"County Ground, New Road",1,5.3,Leicestershire,Worcestershire,HE Dearden,AM Lilley,PR Brown,1,0,,,,,,,,,
1167183,2019,2019-08-04,"County Ground, New Road",1,5.4,Leicestershire,Worcestershire,AM Lilley,HE Dearden,PR Brown,1,0,,,,,,,,,
1167183,2019,2019-08-04,"County Ground, New Road",1,5.5,Leicestershire,Worcestershire,HE Dearden,AM Lilley,PR Brown,1,0,,,,,,,,,
1167183,2019,2019-08-04,"County Ground, New Road",1,5.6,Leicestershire,Worcestershire,AM Lilley,HE Dearden,PR Brown,6,0,,,,,,,,,
1167183,2019,2019-08-04,"County Ground, New Road",1,6.1,Leicestershire,Worcestershire,HE Dearden,AM Lilley,EG Barnard,1,0,,,,,,,,,
1167183,2019,2019-08-04,"County Ground, New Road",1,6.2,Leicestershire,Worcestershire,AM Lilley,HE Dearden,EG Barnard,4,0,,,,,,,,,
1167183,2019,2019-08-04,"County Ground, New Road",1,6.3,Leicestershire,Worcestershire,AM Lilley,HE Dearden,EG Barnard,1,0,,,,,,,,,
1167183,2019,2019-08-04,"County Ground, New Road",1,6.4,Leicestershire,Worcestershire,HE Dearden,AM Lilley,EG Barnard,1,0,,,,,,,,,
1167183,2019,2019-08-04,"County Ground, New Road",1,6.5,Leicestershire,Worcestershire,AM Lilley,HE Dearden,EG Barnard,0,0,,,,,,caught,AM Lilley,,
1167183,2019,2019-08-04,"County Ground, New Road",1,6.6,Leicestershire,Worcestershire,HE Dearden,CN Ackermann,EG Barnard,1,0,,,,,,,,,
1167183,2019,2019-08-04,"County Ground, New Road",1,7.1,Leicestershire,Worcestershire,HE Dearden,CN Ackermann,DKH Mitchell,0,0,,,,,,caught and bowled,HE Dearden,,
1167183,2019,2019-08-04,"County Ground, New Road",1,7.2,Leicestershire,Worcestershire,LJ Hill,CN Ackermann,DKH Mitchell,0,0,,,,,,,,,
1167183,2019,2019-08-04,"County Ground, New Road",1,7.3,Leicestershire,Worcestershire,LJ Hill,CN Ackermann,DKH Mitchell,1,0,,,,,,,,,
1167183,2019,2019-08-04,"County Ground, New Road",1,7.4,Leicestershire,Worcestershire,CN Ackermann,LJ Hill,DKH Mitchell,1,0,,,,,,,,,
1167183,2019,2019-08-04,"County Ground, New Road",1,7.5,Leicestershire,Worcestershire,LJ Hill,CN Ackermann,DKH Mitchell,1,0,,,,,,,,,
1167183,2019,2019-08-04,"County Ground, New Road",1,7.6,Leicestershire,Worcestershire,CN Ackermann,LJ Hill,DKH Mitchell,0,0,,,,,,,,,
1167183,2019,2019-08-04,"County Ground, New Road",1,8.1,Leicestershire,Worcestershire,LJ Hill,CN Ackermann,EG Barnard,1,0,,,,,,,,,
1167183,2019,2019-08-04,"County Ground, New Road",1,8.2,Leicestershire,Worcestershire,CN Ackermann,LJ Hill,EG Barnard,1,0,,,,,,,,,
1167183,2019,2019-08-04,"County Ground, New Road",1,8.3,Leicestershire,Worcestershire,LJ Hill,CN Ackermann,EG Barnard,0,0,,,,,,,,,
1167183,2019,2019-08-04,"County Ground, New Road",1,8.4,Leicestershire,Worcestershire,LJ Hill,CN Ackermann,EG Barnard,4,0,,,,,,,,,
1167183,2019,2019-08-04,"County Ground, New Road",1,8.5,Leicestershire,Worcestershire,LJ Hill,CN Ackermann,EG Barnard,0,0,,,,,,,,,
1167183,2019,2019-08-04,"County Ground, New Road",1,8.6,Leicestershire,Worcestershire,LJ Hill,CN Ackermann,EG Barnard,1,0,,,,,,,,,
1167183,2019,2019-08-04,"County Ground, New Road",1,9.1,Leicestershire,Worcestershire,LJ Hill,CN Ackermann,DKH Mitchell,1,0,,,,,,,,,
1167183,2019,2019-08-04,"County Ground, New Road",1,9.2,Leicestershire,Worcestershire,CN Ackermann,LJ Hill,DKH Mitchell,0,0,,,,,,,,,
1167183,2019,2019-08-04,"County Ground, New Road",1,9.3,Leicestershire,Worcestershire,CN Ackermann,LJ Hill,DKH Mitchell,1,0,,,,,,,,,
1167183,2019,2019-08-04,"County Ground, New Road",1,9.4,Leicestershire,Worcestershire,LJ Hill,CN Ackermann,DKH Mitchell,1,0,,,,,,,,,
1167183,2019,2019-08-04,"County Ground, New Road",1,9.5,Leicestershire,Worcestershire,CN Ackermann,LJ Hill,DKH Mitchell,1,0,,,,,,,,,
1167183,2019,2019-08-04,"County Ground, New Road",1,9.6,Leicestershire,Worcestershire,LJ Hill,CN Ackermann,DKH Mitchell,1,0,,,,,,,,,
1167183,2019,2019-08-04,"County Ground, New Road",1,10.1,Leicestershire,Worcestershire,LJ Hill,CN Ackermann,EG Barnard,1,0,,,,,,,,,
1167183,2019,2019-08-04,"County Ground, New Road",1,10.2,Leicestershire,Worcestershire,CN Ackermann,LJ Hill,EG Barnard,0,0,,,,,,,,,
1167183,2019,2019-08-04,"County Ground, New Road",1,10.3,Leicestershire,Worcestershire,CN Ackermann,LJ Hill,EG Barnard,0,1,,,,1,,,,,
1167183,2019,2019-08-04,"County Ground, New Road",1,10.4,Leicestershire,Worcestershire,LJ Hill,CN Ackermann,EG Barnard,0,0,,,,,,,,,
1167183,2019,2019-08-04,"County Ground, New Road",1,10.5,Leicestershire,Worcestershire,LJ Hill,CN Ackermann,EG Barnard,0,0,,,,,,,,,
1167183,2019,2019-08-04,"County Ground, New Road",1,10.6,Leicestershire,Worcestershire,LJ Hill,CN Ackermann,EG Barnard,1,0,,,,,,,,,
1167183,2019,2019-08-04,"County Ground, New Road",1,11.1,Leicestershire,Worcestershire,LJ Hill,CN Ackermann,DKH Mitchell,1,0,,,,,,,,,
1167183,2019,2019-08-04,"County Ground, New Road",1,11.2,Leicestershire,Worcestershire,CN Ackermann,LJ Hill,DKH Mitchell,1,0,,,,,,,,,
1167183,2019,2019-08-04,"County Ground, New Road",1,11.3,Leicestershire,Worcestershire,LJ Hill,CN Ackermann,DKH Mitchell,1,0,,,,,,,,,
1167183,2019,2019-08-04,"County Ground, New Road",1,11.4,Leicestershire,Worcestershire,CN Ackermann,LJ Hill,DKH Mitchell,4,0,,,,,,,,,
1167183,2019,2019-08-04,"County Ground, New Road",1,11.5,Leicestershire,Worcestershire,CN Ackermann,LJ Hill,DKH Mitchell,2,0,,,,,,,,,
1167183,2019,2019-08-04,"County Ground, New Road",1,11.6,Leicestershire,Worcestershire,CN Ackermann,LJ Hill,DKH Mitchell,6,0,,,,,,,,,
1167183,2019,2019-08-04,"County Ground, New Road",1,12.1,Leicestershire,Worcestershire,LJ Hill,CN Ackermann,PR Brown,1,0,,,,,,,,,
1167183,2019,2019-08-04,"County Ground, New Road",1,12.2,Leicestershire,Worcestershire,CN Ackermann,LJ Hill,PR Brown,2,0,,,,,,,,,
1167183,2019,2019-08-04,"County Ground, New Road",1,12.3,Leicestershire,Worcestershire,CN Ackermann,LJ Hill,PR Brown,1,0,,,,,,,,,
1167183,2019,2019-08-04,"County Ground, New Road",1,12.4,Leicestershire,Worcestershire,LJ Hill,CN Ackermann,PR Brown,0,0,,,,,,,,,
1167183,2019,2019-08-04,"County Ground, New Road",1,12.5,Leicestershire,Worcestershire,LJ Hill,CN Ackermann,PR Brown,1,0,,,,,,,,,
1167183,2019,2019-08-04,"County Ground, New Road",1,12.6,Leicestershire,Worcestershire,CN Ackermann,LJ Hill,PR Brown,1,0,,,,,,,,,
1167183,2019,2019-08-04,"County Ground, New Road",1,13.1,Leicestershire,Worcestershire,CN Ackermann,LJ Hill,GH Rhodes,1,0,,,,,,,,,
1167183,2019,2019-08-04,"County Ground, New Road",1,13.2,Leicestershire,Worcestershire,LJ Hill,CN Ackermann,GH Rhodes,1,0,,,,,,,,,
1167183,2019,2019-08-04,"County Ground, New Road",1,13.3,Leicestershire,Worcestershire,CN Ackermann,LJ Hill,GH Rhodes,1,0,,,,,,,,,
1167183,2019,2019-08-04,"County Ground, New Road",1,13.4,Leicestershire,Worcestershire,LJ Hill,CN Ackermann,GH Rhodes,4,0,,,,,,,,,
1167183,2019,2019-08-04,"County Ground, New Road",1,13.5,Leicestershire,Worcestershire,LJ Hill,CN Ackermann,GH Rhodes,1,0,,,,,,,,,
1167183,2019,2019-08-04,"County Ground, New Road",1,13.6,Leicestershire,Worcestershire,CN Ackermann,LJ Hill,GH Rhodes,1,0,,,,,,,,,
1167183,2019,2019-08-04,"County Ground, New Road",1,14.1,Leicestershire,Worcestershire,CN Ackermann,LJ Hill,EG Barnard,1,0,,,,,,,,,
1167183,2019,2019-08-04,"County Ground, New Road",1,14.2,Leicestershire,Worcestershire,LJ Hill,CN Ackermann,EG Barnard,0,0,,,,,,caught,LJ Hill,,
1167183,2019,2019-08-04,"County Ground, New Road",1,14.3,Leicestershire,Worcestershire,AM Ali,CN Ackermann,EG Barnard,1,0,,,,,,,,,
1167183,2019,2019-08-04,"County Ground, New Road",1,14.4,Leicestershire,Worcestershire,CN Ackermann,AM Ali,EG Barnard,1,0,,,,,,,,,
1167183,2019,2019-08-04,"County Ground, New Road",1,14.5,Leicestershire,Worcestershire,AM Ali,CN Ackermann,EG Barnard,1,0,,,,,,,,,
1167183,2019,2019-08-04,"County Ground, New Road",1,14.6,Leicestershire,Worcestershire,CN Ackermann,AM Ali,EG Barnard,1,0,,,,,,,,,
1167183,2019,2019-08-04,"County Ground, New Road",1,15.1,Leicestershire,Worcestershire,CN Ackermann,AM Ali,DKH Mitchell,1,0,,,,,,,,,
1167183,2019,2019-08-04,"County Ground, New Road",1,15.2,Leicestershire,Worcestershire,AM Ali,CN Ackermann,DKH Mitchell,1,0,,,,,,,,,
1167183,2019,2019-08-04,"County Ground, New Road",1,15.3,Leicestershire,Worcestershire,CN Ackermann,AM Ali,DKH Mitchell,1,0,,,,,,,,,
1167183,2019,2019-08-04,"County Ground, New Road",1,15.4,Leicestershire,Worcestershire,AM Ali,CN Ackermann,DKH Mitchell,1,0,,,,,,,,,
1167183,2019,2019-08-04,"County Ground, New Road",1,15.5,Leicestershire,Worcestershire,CN Ackermann,AM Ali,DKH Mitchell,1,0,,,,,,,,,
1167183,2019,2019-08-04,"County Ground, New Road",1,15.6,Leicestershire,Worcestershire,AM Ali,CN Ackermann,DKH Mitchell,1,0,,,,,,,,,
1167183,2019,2019-08-04,"County Ground, New Road",1,16.1,Leicestershire,Worcestershire,AM Ali,CN Ackermann,PR Brown,1,0,,,,,,,,,
1167183,2019,2019-08-04,"County Ground, New Road",1,16.2,Leicestershire,Worcestershire,CN Ackermann,AM Ali,PR Brown,1,0,,,,,,,,,
1167183,2019,2019-08-04,"County Ground, New Road",1,16.3,Leicestershire,Worcestershire,AM Ali,CN Ackermann,PR Brown,1,0,,,,,,,,,
1167183,2019,2019-08-04,"County Ground, New Road",1,16.4,Leicestershire,Worcestershire,CN Ackermann,AM Ali,PR Brown,1,0,,,,,,,,,
1167183,2019,2019-08-04,"County Ground, New Road",1,16.5,Leicestershire,Worcestershire,AM Ali,CN Ackermann,PR Brown,6,0,,,,,,,,,
1167183,2019,2019-08-04,"County Ground, New Road",1,16.6,Leicestershire,Worcestershire,AM Ali,CN Ackermann,PR Brown,1,0,,,,,,,,,
1167183,2019,2019-08-04,"County Ground, New Road",1,17.1,Leicestershire,Worcestershire,AM Ali,CN Ackermann,WD Parnell,4,0,,,,,,,,,
1167183,2019,2019-08-04,"County Ground, New Road",1,17.2,Leicestershire,Worcestershire,AM Ali,CN Ackermann,WD Parnell,0,0,,,,,,bowled,AM Ali,,
1167183,2019,2019-08-04,"County Ground, New Road",1,17.3,Leicestershire,Worcestershire,CF Parkinson,CN Ackermann,WD Parnell,1,0,,,,,,,,,
1167183,2019,2019-08-04,"County Ground, New Road",1,17.4,Leicestershire,Worcestershire,CN Ackermann,CF Parkinson,WD Parnell,2,0,,,,,,,,,
1167183,2019,2019-08-04,"County Ground, New Road",1,17.5,Leicestershire,Worcestershire,CN Ackermann,CF Parkinson,WD Parnell,1,0,,,,,,,,,
1167183,2019,2019-08-04,"County Ground, New Road",1,17.6,Leicestershire,Worcestershire,CF Parkinson,CN Ackermann,WD Parnell,0,1,,,,1,,,,,
1167183,2019,2019-08-04,"County Ground, New Road",1,18.1,Leicestershire,Worcestershire,CF Parkinson,CN Ackermann,PR Brown,0,0,,,,,,caught,CF Parkinson,,
1167183,2019,2019-08-04,"County Ground, New Road",1,18.2,Leicestershire,Worcestershire,D Klein,CN Ackermann,PR Brown,1,0,,,,,,,,,
1167183,2019,2019-08-04,"County Ground, New Road",1,18.3,Leicestershire,Worcestershire,CN Ackermann,D Klein,PR Brown,2,0,,,,,,,,,
1167183,2019,2019-08-04,"County Ground, New Road",1,18.4,Leicestershire,Worcestershire,CN Ackermann,D Klein,PR Brown,0,0,,,,,,caught,CN Ackermann,,
1167183,2019,2019-08-04,"County Ground, New Road",1,18.5,Leicestershire,Worcestershire,D Klein,GT Griffiths,PR Brown,2,0,,,,,,,,,
1167183,2019,2019-08-04,"County Ground, New Road",1,18.6,Leicestershire,Worcestershire,D Klein,GT Griffiths,PR Brown,1,0,,,,,,,,,
1167183,2019,2019-08-04,"County Ground, New Road",1,19.1,Leicestershire,Worcestershire,D Klein,GT Griffiths,WD Parnell,0,0,,,,,,caught,D Klein,,
1167183,2019,2019-08-04,"County Ground, New Road",1,19.2,Leicestershire,Worcestershire,WS Davis,GT Griffiths,WD Parnell,1,0,,,,,,,,,
1167183,2019,2019-08-04,"County Ground, New Road",1,19.3,Leicestershire,Worcestershire,GT Griffiths,WS Davis,WD Parnell,1,0,,,,,,,,,
1167183,2019,2019-08-04,"County Ground, New Road",1,19.4,Leicestershire,Worcestershire,WS Davis,GT Griffiths,WD Parnell,1,0,,,,,,,,,
1167183,2019,2019-08-04,"County Ground, New Road",1,19.5,Leicestershire,Worcestershire,GT Griffiths,WS Davis,WD Parnell,1,0,,,,,,,,,
1167183,2019,2019-08-04,"County Ground, New Road",1,19.6,Leicestershire,Worcestershire,WS Davis,GT Griffiths,WD Parnell,0,0,,,,,,bowled,WS Davis,,
1167183,2019,2019-08-04,"County Ground, New Road",2,0.1,Worcestershire,Leicestershire,MJ Guptill,MH Wessels,CF Parkinson,1,0,,,,,,,,,
1167183,2019,2019-08-04,"County Ground, New Road",2,0.2,Worcestershire,Leicestershire,MH Wessels,MJ Guptill,CF Parkinson,1,0,,,,,,,,,
1167183,2019,2019-08-04,"County Ground, New Road",2,0.3,Worcestershire,Leicestershire,MJ Guptill,MH Wessels,CF Parkinson,0,0,,,,,,,,,
1167183,2019,2019-08-04,"County Ground, New Road",2,0.4,Worcestershire,Leicestershire,MJ Guptill,MH Wessels,CF Parkinson,6,0,,,,,,,,,
1167183,2019,2019-08-04,"County Ground, New Road",2,0.5,Worcestershire,Leicestershire,MJ Guptill,MH Wessels,CF Parkinson,0,0,,,,,,,,,
1167183,2019,2019-08-04,"County Ground, New Road",2,0.6,Worcestershire,Leicestershire,MJ Guptill,MH Wessels,CF Parkinson,0,0,,,,,,,,,
1167183,2019,2019-08-04,"County Ground, New Road",2,1.1,Worcestershire,Leicestershire,MH Wessels,MJ Guptill,D Klein,1,0,,,,,,,,,
1167183,2019,2019-08-04,"County Ground, New Road",2,1.2,Worcestershire,Leicestershire,MJ Guptill,MH Wessels,D Klein,1,0,,,,,,,,,
1167183,2019,2019-08-04,"County Ground, New Road",2,1.3,Worcestershire,Leicestershire,MH Wessels,MJ Guptill,D Klein,4,0,,,,,,,,,
1167183,2019,2019-08-04,"County Ground, New Road",2,1.4,Worcestershire,Leicestershire,MH Wessels,MJ Guptill,D Klein,1,0,,,,,,,,,
1167183,2019,2019-08-04,"County Ground, New Road",2,1.5,Worcestershire,Leicestershire,MJ Guptill,MH Wessels,D Klein,0,0,,,,,,,,,
1167183,2019,2019-08-04,"County Ground, New Road",2,1.6,Worcestershire,Leicestershire,MJ Guptill,MH Wessels,D Klein,1,0,,,,,,,,,
1167183,2019,2019-08-04,"County Ground, New Road",2,2.1,Worcestershire,Leicestershire,MJ Guptill,MH Wessels,CN Ackermann,0,0,,,,,,,,,
1167183,2019,2019-08-04,"County Ground, New Road",2,2.2,Worcestershire,Leicestershire,MJ Guptill,MH Wessels,CN Ackermann,1,0,,,,,,,,,
1167183,2019,2019-08-04,"County Ground, New Road",2,2.3,Worcestershire,Leicestershire,MH Wessels,MJ Guptill,CN Ackermann,0,0,,,,,,,,,
1167183,2019,2019-08-04,"County Ground, New Road",2,2.4,Worcestershire,Leicestershire,MH Wessels,MJ Guptill,CN Ackermann,1,0,,,,,,,,,
1167183,2019,2019-08-04,"County Ground, New Road",2,2.5,Worcestershire,Leicestershire,MJ Guptill,MH Wessels,CN Ackermann,1,0,,,,,,,,,
1167183,2019,2019-08-04,"County Ground, New Road",2,2.6,Worcestershire,Leicestershire,MH Wessels,MJ Guptill,CN Ackermann,1,0,,,,,,,,,
1167183,2019,2019-08-04,"County Ground, New Road",2,3.1,Worcestershire,Leicestershire,MH Wessels,MJ Guptill,GT Griffiths,1,0,,,,,,,,,
1167183,2019,2019-08-04,"County Ground, New Road",2,3.2,Worcestershire,Leicestershire,MJ Guptill,MH Wessels,GT Griffiths,0,0,,,,,,,,,
1167183,2019,2019-08-04,"County Ground, New Road",2,3.3,Worcestershire,Leicestershire,MJ Guptill,MH Wessels,GT Griffiths,6,0,,,,,,,,,
1167183,2019,2019-08-04,"County Ground, New Road",2,3.4,Worcestershire,Leicestershire,MJ Guptill,MH Wessels,GT Griffiths,0,0,,,,,,caught,MJ Guptill,,
1167183,2019,2019-08-04,"County Ground, New Road",2,3.5,Worcestershire,Leicestershire,MH Wessels,CJ Ferguson,GT Griffiths,1,0,,,,,,,,,
1167183,2019,2019-08-04,"County Ground, New Road",2,3.6,Worcestershire,Leicestershire,CJ Ferguson,MH Wessels,GT Griffiths,4,0,,,,,,,,,
1167183,2019,2019-08-04,"County Ground, New Road",2,4.1,Worcestershire,Leicestershire,MH Wessels,CJ Ferguson,WS Davis,1,0,,,,,,,,,
1167183,2019,2019-08-04,"County Ground, New Road",2,4.2,Worcestershire,Leicestershire,CJ Ferguson,MH Wessels,WS Davis,1,0,,,,,,,,,
1167183,2019,2019-08-04,"County Ground, New Road",2,4.3,Worcestershire,Leicestershire,MH Wessels,CJ Ferguson,WS Davis,0,0,,,,,,,,,
1167183,2019,2019-08-04,"County Ground, New Road",2,4.4,Worcestershire,Leicestershire,MH Wessels,CJ Ferguson,WS Davis,0,0,,,,,,caught,MH Wessels,,
1167183,2019,2019-08-04,"County Ground, New Road",2,4.5,Worcestershire,Leicestershire,WD Parnell,CJ Ferguson,WS Davis,0,0,,,,,,,,,
1167183,2019,2019-08-04,"County Ground, New Road",2,4.6,Worcestershire,Leicestershire,WD Parnell,CJ Ferguson,WS Davis,0,1,1,,,,,,,,
1167183,2019,2019-08-04,"County Ground, New Road",2,4.7,Worcestershire,Leicestershire,WD Parnell,CJ Ferguson,WS Davis,0,0,,,,,,caught,WD Parnell,,
1167183,2019,2019-08-04,"County Ground, New Road",2,5.1,Worcestershire,Leicestershire,CJ Ferguson,OB Cox,D Klein,0,0,,,,,,,,,
1167183,2019,2019-08-04,"County Ground, New Road",2,5.2,Worcestershire,Leicestershire,CJ Ferguson,OB Cox,D Klein,0,0,,,,,,,,,
1167183,2019,2019-08-04,"County Ground, New Road",2,5.3,Worcestershire,Leicestershire,CJ Ferguson,OB Cox,D Klein,0,0,,,,,,,,,
1167183,2019,2019-08-04,"County Ground, New Road",2,5.4,Worcestershire,Leicestershire,CJ Ferguson,OB Cox,D Klein,0,0,,,,,,,,,
1167183,2019,2019-08-04,"County Ground, New Road",2,5.5,Worcestershire,Leicestershire,CJ Ferguson,OB Cox,D Klein,0,0,,,,,,,,,
1167183,2019,2019-08-04,"County Ground, New Road",2,5.6,Worcestershire,Leicestershire,CJ Ferguson,OB Cox,D Klein,0,0,,,,,,,,,
1167183,2019,2019-08-04,"County Ground, New Road",2,6.1,Worcestershire,Leicestershire,OB Cox,CJ Ferguson,CN Ackermann,1,0,,,,,,,,,
1167183,2019,2019-08-04,"County Ground, New Road",2,6.2,Worcestershire,Leicestershire,CJ Ferguson,OB Cox,CN Ackermann,0,0,,,,,,,,,
1167183,2019,2019-08-04,"County Ground, New Road",2,6.3,Worcestershire,Leicestershire,CJ Ferguson,OB Cox,CN Ackermann,1,0,,,,,,,,,
1167183,2019,2019-08-04,"County Ground, New Road",2,6.4,Worcestershire,Leicestershire,OB Cox,CJ Ferguson,CN Ackermann,1,0,,,,,,,,,
1167183,2019,2019-08-04,"County Ground, New Road",2,6.5,Worcestershire,Leicestershire,CJ Ferguson,OB Cox,CN Ackermann,1,0,,,,,,,,,
1167183,2019,2019-08-04,"County Ground, New Road",2,6.6,Worcestershire,Leicestershire,OB Cox,CJ Ferguson,CN Ackermann,0,0,,,,,,,,,
1167183,2019,2019-08-04,"County Ground, New Road",2,7.1,Worcestershire,Leicestershire,CJ Ferguson,OB Cox,CF Parkinson,0,0,,,,,,caught,CJ Ferguson,,
1167183,2019,2019-08-04,"County Ground, New Road",2,7.2,Worcestershire,Leicestershire,OB Cox,RA Whiteley,CF Parkinson,1,0,,,,,,,,,
1167183,2019,2019-08-04,"County Ground, New Road",2,7.3,Worcestershire,Leicestershire,RA Whiteley,OB Cox,CF Parkinson,0,0,,,,,,,,,
1167183,2019,2019-08-04,"County Ground, New Road",2,7.4,Worcestershire,Leicestershire,RA Whiteley,OB Cox,CF Parkinson,0,0,,,,,,,,,
1167183,2019,2019-08-04,"County Ground, New Road",2,7.5,Worcestershire,Leicestershire,RA Whiteley,OB Cox,CF Parkinson,1,0,,,,,,,,,
1167183,2019,2019-08-04,"County Ground, New Road",2,7.6,Worcestershire,Leicestershire,OB Cox,RA Whiteley,CF Parkinson,1,0,,,,,,,,,
1167183,2019,2019-08-04,"County Ground, New Road",2,8.1,Worcestershire,Leicestershire,OB Cox,RA Whiteley,CN Ackermann,1,0,,,,,,,,,
1167183,2019,2019-08-04,"County Ground, New Road",2,8.2,Worcestershire,Leicestershire,RA Whiteley,OB Cox,CN Ackermann,0,0,,,,,,,,,
1167183,2019,2019-08-04,"County Ground, New Road",2,8.3,Worcestershire,Leicestershire,RA Whiteley,OB Cox,CN Ackermann,1,0,,,,,,,,,
1167183,2019,2019-08-04,"County Ground, New Road",2,8.4,Worcestershire,Leicestershire,OB Cox,RA Whiteley,CN Ackermann,0,0,,,,,,,,,
1167183,2019,2019-08-04,"County Ground, New Road",2,8.5,Worcestershire,Leicestershire,OB Cox,RA Whiteley,CN Ackermann,0,0,,,,,,,,,
1167183,2019,2019-08-04,"County Ground, New Road",2,8.6,Worcestershire,Leicestershire,OB Cox,RA Whiteley,CN Ackermann,1,0,,,,,,,,,
1167183,2019,2019-08-04,"County Ground, New Road",2,9.1,Worcestershire,Leicestershire,OB Cox,RA Whiteley,CF Parkinson,1,0,,,,,,,,,
1167183,2019,2019-08-04,"County Ground, New Road",2,9.2,Worcestershire,Leicestershire,RA Whiteley,OB Cox,CF Parkinson,1,0,,,,,,,,,
1167183,2019,2019-08-04,"County Ground, New Road",2,9.3,Worcestershire,Leicestershire,OB Cox,RA Whiteley,CF Parkinson,1,0,,,,,,,,,
1167183,2019,2019-08-04,"County Ground, New Road",2,9.4,Worcestershire,Leicestershire,RA Whiteley,OB Cox,CF Parkinson,1,0,,,,,,,,,
1167183,2019,2019-08-04,"County Ground, New Road",2,9.5,Worcestershire,Leicestershire,OB Cox,RA Whiteley,CF Parkinson,0,0,,,,,,,,,
1167183,2019,2019-08-04,"County Ground, New Road",2,9.6,Worcestershire,Leicestershire,OB Cox,RA Whiteley,CF Parkinson,1,0,,,,,,,,,
1167183,2019,2019-08-04,"County Ground, New Road",2,10.1,Worcestershire,Leicestershire,OB Cox,RA Whiteley,WS Davis,4,0,,,,,,,,,
1167183,2019,2019-08-04,"County Ground, New Road",2,10.2,Worcestershire,Leicestershire,OB Cox,RA Whiteley,WS Davis,4,0,,,,,,,,,
1167183,2019,2019-08-04,"County Ground, New Road",2,10.3,Worcestershire,Leicestershire,OB Cox,RA Whiteley,WS Davis,1,0,,,,,,,,,
1167183,2019,2019-08-04,"County Ground, New Road",2,10.4,Worcestershire,Leicestershire,RA Whiteley,OB Cox,WS Davis,0,0,,,,,,,,,
1167183,2019,2019-08-04,"County Ground, New Road",2,10.5,Worcestershire,Leicestershire,RA Whiteley,OB Cox,WS Davis,0,0,,,,,,caught,RA Whiteley,,
1167183,2019,2019-08-04,"County Ground, New Road",2,10.6,Worcestershire,Leicestershire,EG Barnard,OB Cox,WS Davis,0,0,,,,,,,,,
1167183,2019,2019-08-04,"County Ground, New Road",2,11.1,Worcestershire,Leicestershire,OB Cox,EG Barnard,GT Griffiths,0,0,,,,,,,,,
1167183,2019,2019-08-04,"County Ground, New Road",2,11.2,Worcestershire,Leicestershire,OB Cox,EG Barnard,GT Griffiths,0,0,,,,,,,,,
1167183,2019,2019-08-04,"County Ground, New Road",2,11.3,Worcestershire,Leicestershire,OB Cox,EG Barnard,GT Griffiths,0,0,,,,,,,,,
1167183,2019,2019-08-04,"County Ground, New Road",2,11.4,Worcestershire,Leicestershire,OB Cox,EG Barnard,GT Griffiths,0,0,,,,,,,,,
1167183,2019,2019-08-04,"County Ground, New Road",2,11.5,Worcestershire,Leicestershire,OB Cox,EG Barnard,GT Griffiths,1,0,,,,,,,,,
1167183,2019,2019-08-04,"County Ground, New Road",2,11.6,Worcestershire,Leicestershire,EG Barnard,OB Cox,GT Griffiths,1,0,,,,,,,,,
1167183,2019,2019-08-04,"County Ground, New Road",2,12.1,Worcestershire,Leicestershire,EG Barnard,OB Cox,WS Davis,1,0,,,,,,,,,
1167183,2019,2019-08-04,"County Ground, New Road",2,12.2,Worcestershire,Leicestershire,OB Cox,EG Barnard,WS Davis,1,0,,,,,,,,,
1167183,2019,2019-08-04,"County Ground, New Road",2,12.3,Worcestershire,Leicestershire,EG Barnard,OB Cox,WS Davis,1,0,,,,,,,,,
1167183,2019,2019-08-04,"County Ground, New Road",2,12.4,Worcestershire,Leicestershire,OB Cox,EG Barnard,WS Davis,1,0,,,,,,,,,
1167183,2019,2019-08-04,"County Ground, New Road",2,12.5,Worcestershire,Leicestershire,EG Barnard,OB Cox,WS Davis,0,0,,,,,,,,,
1167183,2019,2019-08-04,"County Ground, New Road",2,12.6,Worcestershire,Leicestershire,EG Barnard,OB Cox,WS Davis,0,2,,2,,,,,,,
1167183,2019,2019-08-04,"County Ground, New Road",2,12.7,Worcestershire,Leicestershire,EG Barnard,OB Cox,WS Davis,6,0,,,,,,,,,
1167183,2019,2019-08-04,"County Ground, New Road",2,13.1,Worcestershire,Leicestershire,OB Cox,EG Barnard,D Klein,0,0,,,,,,,,,
1167183,2019,2019-08-04,"County Ground, New Road",2,13.2,Worcestershire,Leicestershire,OB Cox,EG Barnard,D Klein,6,0,,,,,,,,,
1167183,2019,2019-08-04,"County Ground, New Road",2,13.3,Worcestershire,Leicestershire,OB Cox,EG Barnard,D Klein,0,0,,,,,,,,,
1167183,2019,2019-08-04,"County Ground, New Road",2,13.4,Worcestershire,Leicestershire,OB Cox,EG Barnard,D Klein,1,0,,,,,,,,,
1167183,2019,2019-08-04,"County Ground, New Road",2,13.5,Worcestershire,Leicestershire,EG Barnard,OB Cox,D Klein,0,2,,2,,,,,,,
1167183,2019,2019-08-04,"County Ground, New Road",2,13.6,Worcestershire,Leicestershire,EG Barnard,OB Cox,D Klein,2,0,,,,,,,,,
1167183,2019,2019-08-04,"County Ground, New Road",2,13.7,Worcestershire,Leicestershire,EG Barnard,OB Cox,D Klein,4,0,,,,,,,,,
1167183,2019,2019-08-04,"County Ground, New Road",2,14.1,Worcestershire,Leicestershire,OB Cox,EG Barnard,CN Ackermann,2,0,,,,,,,,,
1167183,2019,2019-08-04,"County Ground, New Road",2,14.2,Worcestershire,Leicestershire,OB Cox,EG Barnard,CN Ackermann,0,0,,,,,,bowled,OB Cox,,
1167183,2019,2019-08-04,"County Ground, New Road",2,14.3,Worcestershire,Leicestershire,GH Rhodes,EG Barnard,CN Ackermann,0,2,,,,2,,,,,
1167183,2019,2019-08-04,"County Ground, New Road",2,14.4,Worcestershire,Leicestershire,GH Rhodes,EG Barnard,CN Ackermann,1,0,,,,,,,,,
1167183,2019,2019-08-04,"County Ground, New Road",2,14.5,Worcestershire,Leicestershire,EG Barnard,GH Rhodes,CN Ackermann,0,0,,,,,,,,,
1167183,2019,2019-08-04,"County Ground, New Road",2,14.6,Worcestershire,Leicestershire,EG Barnard,GH Rhodes,CN Ackermann,1,0,,,,,,,,,
1167183,2019,2019-08-04,"County Ground, New Road",2,15.1,Worcestershire,Leicestershire,EG Barnard,GH Rhodes,CF Parkinson,1,0,,,,,,,,,
1167183,2019,2019-08-04,"County Ground, New Road",2,15.2,Worcestershire,Leicestershire,GH Rhodes,EG Barnard,CF Parkinson,0,0,,,,,,,,,
1167183,2019,2019-08-04,"County Ground, New Road",2,15.3,Worcestershire,Leicestershire,GH Rhodes,EG Barnard,CF Parkinson,2,0,,,,,,,,,
1167183,2019,2019-08-04,"County Ground, New Road",2,15.4,Worcestershire,Leicestershire,GH Rhodes,EG Barnard,CF Parkinson,1,0,,,,,,,,,
1167183,2019,2019-08-04,"County Ground, New Road",2,15.5,Worcestershire,Leicestershire,EG Barnard,GH Rhodes,CF Parkinson,0,0,,,,,,caught,EG Barnard,,
1167183,2019,2019-08-04,"County Ground, New Road",2,15.6,Worcestershire,Leicestershire,GH Rhodes,DKH Mitchell,CF Parkinson,1,0,,,,,,,,,
1167183,2019,2019-08-04,"County Ground, New Road",2,16.1,Worcestershire,Leicestershire,GH Rhodes,DKH Mitchell,AM Lilley,0,0,,,,,,caught,GH Rhodes,,
1167183,2019,2019-08-04,"County Ground, New Road",2,16.2,Worcestershire,Leicestershire,DY Pennington,DKH Mitchell,AM Lilley,1,0,,,,,,,,,
1167183,2019,2019-08-04,"County Ground, New Road",2,16.3,Worcestershire,Leicestershire,DKH Mitchell,DY Pennington,AM Lilley,1,0,,,,,,,,,
1167183,2019,2019-08-04,"County Ground, New Road",2,16.4,Worcestershire,Leicestershire,DY Pennington,DKH Mitchell,AM Lilley,1,0,,,,,,,,,
1167183,2019,2019-08-04,"County Ground, New Road",2,16.5,Worcestershire,Leicestershire,DKH Mitchell,DY Pennington,AM Lilley,1,0,,,,,,,,,
1167183,2019,2019-08-04,"County Ground, New Road",2,16.6,Worcestershire,Leicestershire,DY Pennington,DKH Mitchell,AM Lilley,1,0,,,,,,,,,
1167183,2019,2019-08-04,"County Ground, New Road",2,17.1,Worcestershire,Leicestershire,DY Pennington,DKH Mitchell,GT Griffiths,1,0,,,,,,,,,
1167183,2019,2019-08-04,"County Ground, New Road",2,17.2,Worcestershire,Leicestershire,DKH Mitchell,DY Pennington,GT Griffiths,1,0,,,,,,,,,
1167183,2019,2019-08-04,"County Ground, New Road",2,17.3,Worcestershire,Leicestershire,DY Pennington,DKH Mitchell,GT Griffiths,0,1,1,,,,,,,,
1167183,2019,2019-08-04,"County Ground, New Road",2,17.4,Worcestershire,Leicestershire,DY Pennington,DKH Mitchell,GT Griffiths,0,0,,,,,,caught,DY Pennington,,
1167183,2019,2019-08-04,"County Ground, New Road",2,17.5,Worcestershire,Leicestershire,DKH Mitchell,PR Brown,GT Griffiths,4,0,,,,,,,,,
1167183,2019,2019-08-04,"County Ground, New Road",2,17.6,Worcestershire,Leicestershire,DKH Mitchell,PR Brown,GT Griffiths,1,0,,,,,,,,,
1167183,2019,2019-08-04,"County Ground, New Road",2,17.7,Worcestershire,Leicestershire,PR Brown,DKH Mitchell,GT Griffiths,0,0,,,,,,,,,
1167183,2019,2019-08-04,"County Ground, New Road",2,18.1,Worcestershire,Leicestershire,DKH Mitchell,PR Brown,AM Lilley,1,0,,,,,,,,,
1167183,2019,2019-08-04,"County Ground, New Road",2,18.2,Worcestershire,Leicestershire,PR Brown,DKH Mitchell,AM Lilley,1,0,,,,,,,,,
1167183,2019,2019-08-04,"County Ground, New Road",2,18.3,Worcestershire,Leicestershire,DKH Mitchell,PR Brown,AM Lilley,2,0,,,,,,,,,
1167183,2019,2019-08-04,"County Ground, New Road",2,18.4,Worcestershire,Leicestershire,DKH Mitchell,PR Brown,AM Lilley,0,0,,,,,,,,,
1167183,2019,2019-08-04,"County Ground, New Road",2,18.5,Worcestershire,Leicestershire,DKH Mitchell,PR Brown,AM Lilley,1,0,,,,,,,,,
1167183,2019,2019-08-04,"County Ground, New Road",2,18.6,Worcestershire,Leicestershire,PR Brown,DKH Mitchell,AM Lilley,1,0,,,,,,,,,
1167183,2019,2019-08-04,"County Ground, New Road",2,19.1,Worcestershire,Leicestershire,PR Brown,DKH Mitchell,GT Griffiths,1,0,,,,,,,,,
1167183,2019,2019-08-04,"County Ground, New Road",2,19.2,Worcestershire,Leicestershire,DKH Mitchell,PR Brown,GT Griffiths,0,0,,,,,,caught,DKH Mitchell,,
