match_id,season,start_date,venue,innings,ball,batting_team,bowling_team,striker,non_striker,bowler,runs_off_bat,extras,wides,noballs,byes,legbyes,penalty,wicket_type,player_dismissed,other_wicket_type,other_player_dismissed
1167172,2019,2019-08-02,The Cooper Associates County Ground,1,0.1,Surrey,Somerset,WG Jacks,AJ Finch,MTC Waller,1,0,,,,,,,,,
1167172,2019,2019-08-02,The Cooper Associates County Ground,1,0.2,Surrey,Somerset,AJ Finch,WG Jacks,MTC Waller,0,1,1,,,,,,,,
1167172,2019,2019-08-02,The Cooper Associates County Ground,1,0.3,Surrey,Somerset,AJ Finch,WG Jacks,MTC Waller,1,0,,,,,,,,,
1167172,2019,2019-08-02,The Cooper Associates County Ground,1,0.4,Surrey,Somerset,WG Jacks,AJ Finch,MTC Waller,4,0,,,,,,,,,
1167172,2019,2019-08-02,The Cooper Associates County Ground,1,0.5,Surrey,Somerset,WG Jacks,AJ Finch,MTC Waller,1,0,,,,,,,,,
1167172,2019,2019-08-02,The Cooper Associates County Ground,1,0.6,Surrey,Somerset,AJ Finch,WG Jacks,MTC Waller,0,0,,,,,,,,,
1167172,2019,2019-08-02,The Cooper Associates County Ground,1,0.7,Surrey,Somerset,AJ Finch,WG Jacks,MTC Waller,0,0,,,,,,,,,
1167172,2019,2019-08-02,The Cooper Associates County Ground,1,1.1,Surrey,Somerset,WG Jacks,AJ Finch,JE Taylor,2,0,,,,,,,,,
1167172,2019,2019-08-02,The Cooper Associates County Ground,1,1.2,Surrey,Somerset,WG Jacks,AJ Finch,JE Taylor,0,0,,,,,,,,,
1167172,2019,2019-08-02,The Cooper Associates County Ground,1,1.3,Surrey,Somerset,WG Jacks,AJ Finch,JE Taylor,1,0,,,,,,,,,
1167172,2019,2019-08-02,The Cooper Associates County Ground,1,1.4,Surrey,Somerset,AJ Finch,WG Jacks,JE Taylor,1,0,,,,,,,,,
1167172,2019,2019-08-02,The Cooper Associates County Ground,1,1.5,Surrey,Somerset,WG Jacks,AJ Finch,JE Taylor,0,0,,,,,,,,,
1167172,2019,2019-08-02,The Cooper Associates County Ground,1,1.6,Surrey,Somerset,WG Jacks,AJ Finch,JE Taylor,0,0,,,,,,caught,WG Jacks,,
1167172,2019,2019-08-02,The Cooper Associates County Ground,1,2.1,Surrey,Somerset,AJ Finch,SM Curran,C Overton,4,0,,,,,,,,,
1167172,2019,2019-08-02,The Cooper Associates County Ground,1,2.2,Surrey,Somerset,AJ Finch,SM Curran,C Overton,4,0,,,,,,,,,
1167172,2019,2019-08-02,The Cooper Associates County Ground,1,2.3,Surrey,Somerset,AJ Finch,SM Curran,C Overton,0,0,,,,,,,,,
1167172,2019,2019-08-02,The Cooper Associates County Ground,1,2.4,Surrey,Somerset,AJ Finch,SM Curran,C Overton,0,1,,,,1,,,,,
1167172,2019,2019-08-02,The Cooper Associates County Ground,1,2.5,Surrey,Somerset,SM Curran,AJ Finch,C Overton,1,0,,,,,,,,,
1167172,2019,2019-08-02,The Cooper Associates County Ground,1,2.6,Surrey,Somerset,AJ Finch,SM Curran,C Overton,1,0,,,,,,,,,
1167172,2019,2019-08-02,The Cooper Associates County Ground,1,3.1,Surrey,Somerset,AJ Finch,SM Curran,J Overton,1,0,,,,,,,,,
1167172,2019,2019-08-02,The Cooper Associates County Ground,1,3.2,Surrey,Somerset,SM Curran,AJ Finch,J Overton,4,0,,,,,,,,,
1167172,2019,2019-08-02,The Cooper Associates County Ground,1,3.3,Surrey,Somerset,SM Curran,AJ Finch,J Overton,1,0,,,,,,,,,
1167172,2019,2019-08-02,The Cooper Associates County Ground,1,3.4,Surrey,Somerset,AJ Finch,SM Curran,J Overton,1,0,,,,,,,,,
1167172,2019,2019-08-02,The Cooper Associates County Ground,1,3.5,Surrey,Somerset,SM Curran,AJ Finch,J Overton,0,0,,,,,,,,,
1167172,2019,2019-08-02,The Cooper Associates County Ground,1,3.6,Surrey,Somerset,SM Curran,AJ Finch,J Overton,4,0,,,,,,,,,
1167172,2019,2019-08-02,The Cooper Associates County Ground,1,4.1,Surrey,Somerset,AJ Finch,SM Curran,JE Taylor,1,0,,,,,,,,,
1167172,2019,2019-08-02,The Cooper Associates County Ground,1,4.2,Surrey,Somerset,SM Curran,AJ Finch,JE Taylor,0,0,,,,,,,,,
1167172,2019,2019-08-02,The Cooper Associates County Ground,1,4.3,Surrey,Somerset,SM Curran,AJ Finch,JE Taylor,1,0,,,,,,,,,
1167172,2019,2019-08-02,The Cooper Associates County Ground,1,4.4,Surrey,Somerset,AJ Finch,SM Curran,JE Taylor,1,0,,,,,,,,,
1167172,2019,2019-08-02,The Cooper Associates County Ground,1,4.5,Surrey,Somerset,SM Curran,AJ Finch,JE Taylor,0,0,,,,,,,,,
1167172,2019,2019-08-02,The Cooper Associates County Ground,1,4.6,Surrey,Somerset,SM Curran,AJ Finch,JE Taylor,0,0,,,,,,,,,
1167172,2019,2019-08-02,The Cooper Associates County Ground,1,5.1,Surrey,Somerset,AJ Finch,SM Curran,C Overton,0,0,,,,,,,,,
1167172,2019,2019-08-02,The Cooper Associates County Ground,1,5.2,Surrey,Somerset,AJ Finch,SM Curran,C Overton,0,0,,,,,,,,,
1167172,2019,2019-08-02,The Cooper Associates County Ground,1,5.3,Surrey,Somerset,AJ Finch,SM Curran,C Overton,1,0,,,,,,,,,
1167172,2019,2019-08-02,The Cooper Associates County Ground,1,5.4,Surrey,Somerset,SM Curran,AJ Finch,C Overton,4,0,,,,,,,,,
1167172,2019,2019-08-02,The Cooper Associates County Ground,1,5.5,Surrey,Somerset,SM Curran,AJ Finch,C Overton,1,0,,,,,,,,,
1167172,2019,2019-08-02,The Cooper Associates County Ground,1,5.6,Surrey,Somerset,AJ Finch,SM Curran,C Overton,4,0,,,,,,,,,
1167172,2019,2019-08-02,The Cooper Associates County Ground,1,6.1,Surrey,Somerset,SM Curran,AJ Finch,J Overton,4,0,,,,,,,,,
1167172,2019,2019-08-02,The Cooper Associates County Ground,1,6.2,Surrey,Somerset,SM Curran,AJ Finch,J Overton,1,0,,,,,,,,,
1167172,2019,2019-08-02,The Cooper Associates County Ground,1,6.3,Surrey,Somerset,AJ Finch,SM Curran,J Overton,0,0,,,,,,,,,
1167172,2019,2019-08-02,The Cooper Associates County Ground,1,6.4,Surrey,Somerset,AJ Finch,SM Curran,J Overton,4,0,,,,,,,,,
1167172,2019,2019-08-02,The Cooper Associates County Ground,1,6.5,Surrey,Somerset,AJ Finch,SM Curran,J Overton,1,0,,,,,,,,,
1167172,2019,2019-08-02,The Cooper Associates County Ground,1,6.6,Surrey,Somerset,SM Curran,AJ Finch,J Overton,1,0,,,,,,,,,
1167172,2019,2019-08-02,The Cooper Associates County Ground,1,7.1,Surrey,Somerset,SM Curran,AJ Finch,RE van der Merwe,1,0,,,,,,,,,
1167172,2019,2019-08-02,The Cooper Associates County Ground,1,7.2,Surrey,Somerset,AJ Finch,SM Curran,RE van der Merwe,0,0,,,,,,,,,
1167172,2019,2019-08-02,The Cooper Associates County Ground,1,7.3,Surrey,Somerset,AJ Finch,SM Curran,RE van der Merwe,1,0,,,,,,,,,
1167172,2019,2019-08-02,The Cooper Associates County Ground,1,7.4,Surrey,Somerset,SM Curran,AJ Finch,RE van der Merwe,6,0,,,,,,,,,
1167172,2019,2019-08-02,The Cooper Associates County Ground,1,7.5,Surrey,Somerset,SM Curran,AJ Finch,RE van der Merwe,0,0,,,,,,,,,
1167172,2019,2019-08-02,The Cooper Associates County Ground,1,7.6,Surrey,Somerset,SM Curran,AJ Finch,RE van der Merwe,0,0,,,,,,,,,
1167172,2019,2019-08-02,The Cooper Associates County Ground,1,8.1,Surrey,Somerset,AJ Finch,SM Curran,C Overton,1,0,,,,,,,,,
1167172,2019,2019-08-02,The Cooper Associates County Ground,1,8.2,Surrey,Somerset,SM Curran,AJ Finch,C Overton,0,0,,,,,,,,,
1167172,2019,2019-08-02,The Cooper Associates County Ground,1,8.3,Surrey,Somerset,SM Curran,AJ Finch,C Overton,0,0,,,,,,,,,
1167172,2019,2019-08-02,The Cooper Associates County Ground,1,8.4,Surrey,Somerset,SM Curran,AJ Finch,C Overton,4,0,,,,,,,,,
1167172,2019,2019-08-02,The Cooper Associates County Ground,1,8.5,Surrey,Somerset,SM Curran,AJ Finch,C Overton,0,1,1,,,,,,,,
1167172,2019,2019-08-02,The Cooper Associates County Ground,1,8.6,Surrey,Somerset,SM Curran,AJ Finch,C Overton,4,0,,,,,,,,,
1167172,2019,2019-08-02,The Cooper Associates County Ground,1,8.7,Surrey,Somerset,SM Curran,AJ Finch,C Overton,1,0,,,,,,,,,
1167172,2019,2019-08-02,The Cooper Associates County Ground,1,9.1,Surrey,Somerset,SM Curran,AJ Finch,RE van der Merwe,1,0,,,,,,,,,
1167172,2019,2019-08-02,The Cooper Associates County Ground,1,9.2,Surrey,Somerset,AJ Finch,SM Curran,RE van der Merwe,1,0,,,,,,,,,
1167172,2019,2019-08-02,The Cooper Associates County Ground,1,9.3,Surrey,Somerset,SM Curran,AJ Finch,RE van der Merwe,6,0,,,,,,,,,
1167172,2019,2019-08-02,The Cooper Associates County Ground,1,9.4,Surrey,Somerset,SM Curran,AJ Finch,RE van der Merwe,0,0,,,,,,,,,
1167172,2019,2019-08-02,The Cooper Associates County Ground,1,9.5,Surrey,Somerset,SM Curran,AJ Finch,RE van der Merwe,1,0,,,,,,,,,
1167172,2019,2019-08-02,The Cooper Associates County Ground,1,9.6,Surrey,Somerset,AJ Finch,SM Curran,RE van der Merwe,0,0,,,,,,,,,
1167172,2019,2019-08-02,The Cooper Associates County Ground,1,10.1,Surrey,Somerset,SM Curran,AJ Finch,TA Lammonby,1,0,,,,,,,,,
1167172,2019,2019-08-02,The Cooper Associates County Ground,1,10.2,Surrey,Somerset,AJ Finch,SM Curran,TA Lammonby,4,0,,,,,,,,,
1167172,2019,2019-08-02,The Cooper Associates County Ground,1,10.3,Surrey,Somerset,AJ Finch,SM Curran,TA Lammonby,3,0,,,,,,,,,
1167172,2019,2019-08-02,The Cooper Associates County Ground,1,10.4,Surrey,Somerset,SM Curran,AJ Finch,TA Lammonby,1,0,,,,,,,,,
1167172,2019,2019-08-02,The Cooper Associates County Ground,1,10.5,Surrey,Somerset,AJ Finch,SM Curran,TA Lammonby,0,0,,,,,,,,,
1167172,2019,2019-08-02,The Cooper Associates County Ground,1,10.6,Surrey,Somerset,AJ Finch,SM Curran,TA Lammonby,6,0,,,,,,,,,
1167172,2019,2019-08-02,The Cooper Associates County Ground,1,11.1,Surrey,Somerset,SM Curran,AJ Finch,MTC Waller,1,0,,,,,,,,,
1167172,2019,2019-08-02,The Cooper Associates County Ground,1,11.2,Surrey,Somerset,AJ Finch,SM Curran,MTC Waller,1,0,,,,,,,,,
1167172,2019,2019-08-02,The Cooper Associates County Ground,1,11.3,Surrey,Somerset,SM Curran,AJ Finch,MTC Waller,1,0,,,,,,,,,
1167172,2019,2019-08-02,The Cooper Associates County Ground,1,11.4,Surrey,Somerset,AJ Finch,SM Curran,MTC Waller,0,1,,,,1,,,,,
1167172,2019,2019-08-02,The Cooper Associates County Ground,1,11.5,Surrey,Somerset,SM Curran,AJ Finch,MTC Waller,1,0,,,,,,,,,
1167172,2019,2019-08-02,The Cooper Associates County Ground,1,11.6,Surrey,Somerset,AJ Finch,SM Curran,MTC Waller,1,0,,,,,,,,,
1167172,2019,2019-08-02,The Cooper Associates County Ground,1,12.1,Surrey,Somerset,AJ Finch,SM Curran,J Overton,1,0,,,,,,,,,
1167172,2019,2019-08-02,The Cooper Associates County Ground,1,12.2,Surrey,Somerset,SM Curran,AJ Finch,J Overton,1,0,,,,,,,,,
1167172,2019,2019-08-02,The Cooper Associates County Ground,1,12.3,Surrey,Somerset,AJ Finch,SM Curran,J Overton,1,0,,,,,,,,,
1167172,2019,2019-08-02,The Cooper Associates County Ground,1,12.4,Surrey,Somerset,SM Curran,AJ Finch,J Overton,0,0,,,,,,,,,
1167172,2019,2019-08-02,The Cooper Associates County Ground,1,12.5,Surrey,Somerset,SM Curran,AJ Finch,J Overton,0,0,,,,,,,,,
1167172,2019,2019-08-02,The Cooper Associates County Ground,1,12.6,Surrey,Somerset,SM Curran,AJ Finch,J Overton,1,0,,,,,,,,,
1167172,2019,2019-08-02,The Cooper Associates County Ground,1,13.1,Surrey,Somerset,SM Curran,AJ Finch,MTC Waller,0,1,1,,,,,,,,
1167172,2019,2019-08-02,The Cooper Associates County Ground,1,13.2,Surrey,Somerset,SM Curran,AJ Finch,MTC Waller,0,0,,,,,,caught,SM Curran,,
1167172,2019,2019-08-02,The Cooper Associates County Ground,1,13.3,Surrey,Somerset,OJ Pope,AJ Finch,MTC Waller,1,0,,,,,,,,,
1167172,2019,2019-08-02,The Cooper Associates County Ground,1,13.4,Surrey,Somerset,AJ Finch,OJ Pope,MTC Waller,1,0,,,,,,,,,
1167172,2019,2019-08-02,The Cooper Associates County Ground,1,13.5,Surrey,Somerset,OJ Pope,AJ Finch,MTC Waller,2,0,,,,,,,,,
1167172,2019,2019-08-02,The Cooper Associates County Ground,1,13.6,Surrey,Somerset,OJ Pope,AJ Finch,MTC Waller,1,0,,,,,,,,,
1167172,2019,2019-08-02,The Cooper Associates County Ground,1,13.7,Surrey,Somerset,AJ Finch,OJ Pope,MTC Waller,1,0,,,,,,,,,
1167172,2019,2019-08-02,The Cooper Associates County Ground,1,14.1,Surrey,Somerset,AJ Finch,OJ Pope,C Overton,1,0,,,,,,,,,
1167172,2019,2019-08-02,The Cooper Associates County Ground,1,14.2,Surrey,Somerset,OJ Pope,AJ Finch,C Overton,0,0,,,,,,,,,
1167172,2019,2019-08-02,The Cooper Associates County Ground,1,14.3,Surrey,Somerset,OJ Pope,AJ Finch,C Overton,1,0,,,,,,,,,
1167172,2019,2019-08-02,The Cooper Associates County Ground,1,14.4,Surrey,Somerset,AJ Finch,OJ Pope,C Overton,4,0,,,,,,,,,
1167172,2019,2019-08-02,The Cooper Associates County Ground,1,14.5,Surrey,Somerset,AJ Finch,OJ Pope,C Overton,2,0,,,,,,,,,
1167172,2019,2019-08-02,The Cooper Associates County Ground,1,14.6,Surrey,Somerset,AJ Finch,OJ Pope,C Overton,6,0,,,,,,,,,
1167172,2019,2019-08-02,The Cooper Associates County Ground,1,15.1,Surrey,Somerset,OJ Pope,AJ Finch,MTC Waller,1,0,,,,,,,,,
1167172,2019,2019-08-02,The Cooper Associates County Ground,1,15.2,Surrey,Somerset,AJ Finch,OJ Pope,MTC Waller,6,0,,,,,,,,,
1167172,2019,2019-08-02,The Cooper Associates County Ground,1,15.3,Surrey,Somerset,AJ Finch,OJ Pope,MTC Waller,0,1,,,,1,,,,,
1167172,2019,2019-08-02,The Cooper Associates County Ground,1,15.4,Surrey,Somerset,OJ Pope,AJ Finch,MTC Waller,1,0,,,,,,,,,
1167172,2019,2019-08-02,The Cooper Associates County Ground,1,15.5,Surrey,Somerset,AJ Finch,OJ Pope,MTC Waller,6,0,,,,,,,,,
1167172,2019,2019-08-02,The Cooper Associates County Ground,1,15.6,Surrey,Somerset,AJ Finch,OJ Pope,MTC Waller,0,0,,,,,,caught,AJ Finch,,
1167172,2019,2019-08-02,The Cooper Associates County Ground,1,16.1,Surrey,Somerset,OJ Pope,TK Curran,JE Taylor,4,0,,,,,,,,,
1167172,2019,2019-08-02,The Cooper Associates County Ground,1,16.2,Surrey,Somerset,OJ Pope,TK Curran,JE Taylor,4,0,,,,,,,,,
1167172,2019,2019-08-02,The Cooper Associates County Ground,1,16.3,Surrey,Somerset,OJ Pope,TK Curran,JE Taylor,1,0,,,,,,,,,
1167172,2019,2019-08-02,The Cooper Associates County Ground,1,16.4,Surrey,Somerset,TK Curran,OJ Pope,JE Taylor,1,0,,,,,,,,,
1167172,2019,2019-08-02,The Cooper Associates County Ground,1,16.5,Surrey,Somerset,OJ Pope,TK Curran,JE Taylor,6,0,,,,,,,,,
1167172,2019,2019-08-02,The Cooper Associates County Ground,1,16.6,Surrey,Somerset,OJ Pope,TK Curran,JE Taylor,4,0,,,,,,,,,
1167172,2019,2019-08-02,The Cooper Associates County Ground,1,17.1,Surrey,Somerset,TK Curran,OJ Pope,RE van der Merwe,1,0,,,,,,,,,
1167172,2019,2019-08-02,The Cooper Associates County Ground,1,17.2,Surrey,Somerset,OJ Pope,TK Curran,RE van der Merwe,1,0,,,,,,,,,
1167172,2019,2019-08-02,The Cooper Associates County Ground,1,17.3,Surrey,Somerset,TK Curran,OJ Pope,RE van der Merwe,1,0,,,,,,,,,
1167172,2019,2019-08-02,The Cooper Associates County Ground,1,17.4,Surrey,Somerset,OJ Pope,TK Curran,RE van der Merwe,1,0,,,,,,,,,
1167172,2019,2019-08-02,The Cooper Associates County Ground,1,17.5,Surrey,Somerset,TK Curran,OJ Pope,RE van der Merwe,1,0,,,,,,,,,
1167172,2019,2019-08-02,The Cooper Associates County Ground,1,17.6,Surrey,Somerset,OJ Pope,TK Curran,RE van der Merwe,2,0,,,,,,,,,
1167172,2019,2019-08-02,The Cooper Associates County Ground,1,18.1,Surrey,Somerset,TK Curran,OJ Pope,J Overton,6,0,,,,,,,,,
1167172,2019,2019-08-02,The Cooper Associates County Ground,1,18.2,Surrey,Somerset,TK Curran,OJ Pope,J Overton,1,0,,,,,,,,,
1167172,2019,2019-08-02,The Cooper Associates County Ground,1,18.3,Surrey,Somerset,OJ Pope,TK Curran,J Overton,1,0,,,,,,,,,
1167172,2019,2019-08-02,The Cooper Associates County Ground,1,18.4,Surrey,Somerset,TK Curran,OJ Pope,J Overton,0,1,1,,,,,,,,
1167172,2019,2019-08-02,The Cooper Associates County Ground,1,18.5,Surrey,Somerset,TK Curran,OJ Pope,J Overton,4,0,,,,,,,,,
1167172,2019,2019-08-02,The Cooper Associates County Ground,1,18.6,Surrey,Somerset,TK Curran,OJ Pope,J Overton,0,1,,,,1,,,,,
1167172,2019,2019-08-02,The Cooper Associates County Ground,1,18.7,Surrey,Somerset,OJ Pope,TK Curran,J Overton,4,0,,,,,,,,,
1167172,2019,2019-08-02,The Cooper Associates County Ground,1,19.1,Surrey,Somerset,TK Curran,OJ Pope,RE van der Merwe,1,0,,,,,,,,,
1167172,2019,2019-08-02,The Cooper Associates County Ground,1,19.2,Surrey,Somerset,OJ Pope,TK Curran,RE van der Merwe,1,0,,,,,,,,,
1167172,2019,2019-08-02,The Cooper Associates County Ground,1,19.3,Surrey,Somerset,TK Curran,OJ Pope,RE van der Merwe,1,0,,,,,,,,,
1167172,2019,2019-08-02,The Cooper Associates County Ground,1,19.4,Surrey,Somerset,OJ Pope,TK Curran,RE van der Merwe,1,0,,,,,,run out,OJ Pope,,
1167172,2019,2019-08-02,The Cooper Associates County Ground,1,19.5,Surrey,Somerset,J Clark,TK Curran,RE van der Merwe,1,0,,,,,,,,,
1167172,2019,2019-08-02,The Cooper Associates County Ground,1,19.6,Surrey,Somerset,TK Curran,J Clark,RE van der Merwe,6,0,,,,,,,,,
1167172,2019,2019-08-02,The Cooper Associates County Ground,2,0.1,Somerset,Surrey,T Banton,Babar Azam,SM Curran,0,0,,,,,,,,,
1167172,2019,2019-08-02,The Cooper Associates County Ground,2,0.2,Somerset,Surrey,T Banton,Babar Azam,SM Curran,0,0,,,,,,,,,
1167172,2019,2019-08-02,The Cooper Associates County Ground,2,0.3,Somerset,Surrey,T Banton,Babar Azam,SM Curran,0,0,,,,,,,,,
1167172,2019,2019-08-02,The Cooper Associates County Ground,2,0.4,Somerset,Surrey,T Banton,Babar Azam,SM Curran,1,0,,,,,,,,,
1167172,2019,2019-08-02,The Cooper Associates County Ground,2,0.5,Somerset,Surrey,Babar Azam,T Banton,SM Curran,0,0,,,,,,,,,
1167172,2019,2019-08-02,The Cooper Associates County Ground,2,0.6,Somerset,Surrey,Babar Azam,T Banton,SM Curran,0,0,,,,,,,,,
1167172,2019,2019-08-02,The Cooper Associates County Ground,2,1.1,Somerset,Surrey,T Banton,Babar Azam,TK Curran,1,0,,,,,,,,,
1167172,2019,2019-08-02,The Cooper Associates County Ground,2,1.2,Somerset,Surrey,Babar Azam,T Banton,TK Curran,0,0,,,,,,,,,
1167172,2019,2019-08-02,The Cooper Associates County Ground,2,1.3,Somerset,Surrey,Babar Azam,T Banton,TK Curran,1,0,,,,,,,,,
1167172,2019,2019-08-02,The Cooper Associates County Ground,2,1.4,Somerset,Surrey,T Banton,Babar Azam,TK Curran,4,0,,,,,,,,,
1167172,2019,2019-08-02,The Cooper Associates County Ground,2,1.5,Somerset,Surrey,T Banton,Babar Azam,TK Curran,4,0,,,,,,,,,
1167172,2019,2019-08-02,The Cooper Associates County Ground,2,1.6,Somerset,Surrey,T Banton,Babar Azam,TK Curran,0,0,,,,,,,,,
1167172,2019,2019-08-02,The Cooper Associates County Ground,2,2.1,Somerset,Surrey,Babar Azam,T Banton,SM Curran,0,2,,2,,,,,,,
1167172,2019,2019-08-02,The Cooper Associates County Ground,2,2.2,Somerset,Surrey,Babar Azam,T Banton,SM Curran,1,0,,,,,,,,,
1167172,2019,2019-08-02,The Cooper Associates County Ground,2,2.3,Somerset,Surrey,T Banton,Babar Azam,SM Curran,4,0,,,,,,,,,
1167172,2019,2019-08-02,The Cooper Associates County Ground,2,2.4,Somerset,Surrey,T Banton,Babar Azam,SM Curran,0,0,,,,,,,,,
1167172,2019,2019-08-02,The Cooper Associates County Ground,2,2.5,Somerset,Surrey,T Banton,Babar Azam,SM Curran,2,0,,,,,,,,,
1167172,2019,2019-08-02,The Cooper Associates County Ground,2,2.6,Somerset,Surrey,T Banton,Babar Azam,SM Curran,6,0,,,,,,,,,
1167172,2019,2019-08-02,The Cooper Associates County Ground,2,2.7,Somerset,Surrey,T Banton,Babar Azam,SM Curran,1,0,,,,,,,,,
1167172,2019,2019-08-02,The Cooper Associates County Ground,2,3.1,Somerset,Surrey,T Banton,Babar Azam,J Clark,0,1,1,,,,,,,,
1167172,2019,2019-08-02,The Cooper Associates County Ground,2,3.2,Somerset,Surrey,T Banton,Babar Azam,J Clark,1,0,,,,,,,,,
1167172,2019,2019-08-02,The Cooper Associates County Ground,2,3.3,Somerset,Surrey,Babar Azam,T Banton,J Clark,4,0,,,,,,,,,
1167172,2019,2019-08-02,The Cooper Associates County Ground,2,3.4,Somerset,Surrey,Babar Azam,T Banton,J Clark,1,0,,,,,,,,,
1167172,2019,2019-08-02,The Cooper Associates County Ground,2,3.5,Somerset,Surrey,T Banton,Babar Azam,J Clark,1,0,,,,,,,,,
1167172,2019,2019-08-02,The Cooper Associates County Ground,2,3.6,Somerset,Surrey,Babar Azam,T Banton,J Clark,0,0,,,,,,,,,
1167172,2019,2019-08-02,The Cooper Associates County Ground,2,3.7,Somerset,Surrey,Babar Azam,T Banton,J Clark,4,0,,,,,,,,,
1167172,2019,2019-08-02,The Cooper Associates County Ground,2,4.1,Somerset,Surrey,T Banton,Babar Azam,TK Curran,6,0,,,,,,,,,
1167172,2019,2019-08-02,The Cooper Associates County Ground,2,4.2,Somerset,Surrey,T Banton,Babar Azam,TK Curran,4,0,,,,,,,,,
1167172,2019,2019-08-02,The Cooper Associates County Ground,2,4.3,Somerset,Surrey,T Banton,Babar Azam,TK Curran,4,0,,,,,,,,,
1167172,2019,2019-08-02,The Cooper Associates County Ground,2,4.4,Somerset,Surrey,T Banton,Babar Azam,TK Curran,4,0,,,,,,,,,
1167172,2019,2019-08-02,The Cooper Associates County Ground,2,4.5,Somerset,Surrey,T Banton,Babar Azam,TK Curran,0,0,,,,,,,,,
1167172,2019,2019-08-02,The Cooper Associates County Ground,2,4.6,Somerset,Surrey,T Banton,Babar Azam,TK Curran,4,0,,,,,,,,,
1167172,2019,2019-08-02,The Cooper Associates County Ground,2,5.1,Somerset,Surrey,Babar Azam,T Banton,Imran Tahir,0,0,,,,,,,,,
1167172,2019,2019-08-02,The Cooper Associates County Ground,2,5.2,Somerset,Surrey,Babar Azam,T Banton,Imran Tahir,0,0,,,,,,,,,
1167172,2019,2019-08-02,The Cooper Associates County Ground,2,5.3,Somerset,Surrey,Babar Azam,T Banton,Imran Tahir,1,0,,,,,,,,,
1167172,2019,2019-08-02,The Cooper Associates County Ground,2,5.4,Somerset,Surrey,T Banton,Babar Azam,Imran Tahir,0,0,,,,,,,,,
1167172,2019,2019-08-02,The Cooper Associates County Ground,2,5.5,Somerset,Surrey,T Banton,Babar Azam,Imran Tahir,4,0,,,,,,,,,
1167172,2019,2019-08-02,The Cooper Associates County Ground,2,5.6,Somerset,Surrey,T Banton,Babar Azam,Imran Tahir,0,0,,,,,,,,,
1167172,2019,2019-08-02,The Cooper Associates County Ground,2,6.1,Somerset,Surrey,Babar Azam,T Banton,J Clark,1,0,,,,,,,,,
1167172,2019,2019-08-02,The Cooper Associates County Ground,2,6.2,Somerset,Surrey,T Banton,Babar Azam,J Clark,1,0,,,,,,,,,
1167172,2019,2019-08-02,The Cooper Associates County Ground,2,6.3,Somerset,Surrey,Babar Azam,T Banton,J Clark,0,1,1,,,,,,,,
1167172,2019,2019-08-02,The Cooper Associates County Ground,2,6.4,Somerset,Surrey,Babar Azam,T Banton,J Clark,1,0,,,,,,,,,
1167172,2019,2019-08-02,The Cooper Associates County Ground,2,6.5,Somerset,Surrey,T Banton,Babar Azam,J Clark,4,0,,,,,,,,,
1167172,2019,2019-08-02,The Cooper Associates County Ground,2,6.6,Somerset,Surrey,T Banton,Babar Azam,J Clark,4,0,,,,,,,,,
1167172,2019,2019-08-02,The Cooper Associates County Ground,2,6.7,Somerset,Surrey,T Banton,Babar Azam,J Clark,4,0,,,,,,,,,
1167172,2019,2019-08-02,The Cooper Associates County Ground,2,7.1,Somerset,Surrey,Babar Azam,T Banton,GJ Batty,0,0,,,,,,,,,
1167172,2019,2019-08-02,The Cooper Associates County Ground,2,7.2,Somerset,Surrey,Babar Azam,T Banton,GJ Batty,1,0,,,,,,,,,
1167172,2019,2019-08-02,The Cooper Associates County Ground,2,7.3,Somerset,Surrey,T Banton,Babar Azam,GJ Batty,1,0,,,,,,,,,
1167172,2019,2019-08-02,The Cooper Associates County Ground,2,7.4,Somerset,Surrey,Babar Azam,T Banton,GJ Batty,1,0,,,,,,,,,
1167172,2019,2019-08-02,The Cooper Associates County Ground,2,7.5,Somerset,Surrey,T Banton,Babar Azam,GJ Batty,0,0,,,,,,,,,
1167172,2019,2019-08-02,The Cooper Associates County Ground,2,7.6,Somerset,Surrey,T Banton,Babar Azam,GJ Batty,1,0,,,,,,,,,
1167172,2019,2019-08-02,The Cooper Associates County Ground,2,8.1,Somerset,Surrey,T Banton,Babar Azam,Imran Tahir,1,0,,,,,,,,,
1167172,2019,2019-08-02,The Cooper Associates County Ground,2,8.2,Somerset,Surrey,Babar Azam,T Banton,Imran Tahir,1,0,,,,,,,,,
1167172,2019,2019-08-02,The Cooper Associates County Ground,2,8.3,Somerset,Surrey,T Banton,Babar Azam,Imran Tahir,1,0,,,,,,,,,
1167172,2019,2019-08-02,The Cooper Associates County Ground,2,8.4,Somerset,Surrey,Babar Azam,T Banton,Imran Tahir,1,0,,,,,,,,,
1167172,2019,2019-08-02,The Cooper Associates County Ground,2,8.5,Somerset,Surrey,T Banton,Babar Azam,Imran Tahir,2,0,,,,,,,,,
1167172,2019,2019-08-02,The Cooper Associates County Ground,2,8.6,Somerset,Surrey,T Banton,Babar Azam,Imran Tahir,1,0,,,,,,,,,
1167172,2019,2019-08-02,The Cooper Associates County Ground,2,9.1,Somerset,Surrey,T Banton,Babar Azam,GJ Batty,0,0,,,,,,,,,
1167172,2019,2019-08-02,The Cooper Associates County Ground,2,9.2,Somerset,Surrey,T Banton,Babar Azam,GJ Batty,0,0,,,,,,caught,T Banton,,
1167172,2019,2019-08-02,The Cooper Associates County Ground,2,9.3,Somerset,Surrey,Babar Azam,JC Hildreth,GJ Batty,2,0,,,,,,,,,
1167172,2019,2019-08-02,The Cooper Associates County Ground,2,9.4,Somerset,Surrey,Babar Azam,JC Hildreth,GJ Batty,0,0,,,,,,,,,
1167172,2019,2019-08-02,The Cooper Associates County Ground,2,9.5,Somerset,Surrey,Babar Azam,JC Hildreth,GJ Batty,1,0,,,,,,,,,
1167172,2019,2019-08-02,The Cooper Associates County Ground,2,9.6,Somerset,Surrey,JC Hildreth,Babar Azam,GJ Batty,1,0,,,,,,,,,
1167172,2019,2019-08-02,The Cooper Associates County Ground,2,10.1,Somerset,Surrey,JC Hildreth,Babar Azam,J Clark,0,0,,,,,,,,,
1167172,2019,2019-08-02,The Cooper Associates County Ground,2,10.2,Somerset,Surrey,JC Hildreth,Babar Azam,J Clark,4,0,,,,,,,,,
1167172,2019,2019-08-02,The Cooper Associates County Ground,2,10.3,Somerset,Surrey,JC Hildreth,Babar Azam,J Clark,1,0,,,,,,,,,
1167172,2019,2019-08-02,The Cooper Associates County Ground,2,10.4,Somerset,Surrey,Babar Azam,JC Hildreth,J Clark,4,0,,,,,,,,,
1167172,2019,2019-08-02,The Cooper Associates County Ground,2,10.5,Somerset,Surrey,Babar Azam,JC Hildreth,J Clark,0,1,1,,,,,,,,
1167172,2019,2019-08-02,The Cooper Associates County Ground,2,10.6,Somerset,Surrey,Babar Azam,JC Hildreth,J Clark,3,0,,,,,,,,,
1167172,2019,2019-08-02,The Cooper Associates County Ground,2,10.7,Somerset,Surrey,JC Hildreth,Babar Azam,J Clark,0,0,,,,,,,,,
1167172,2019,2019-08-02,The Cooper Associates County Ground,2,11.1,Somerset,Surrey,Babar Azam,JC Hildreth,GJ Batty,6,0,,,,,,,,,
1167172,2019,2019-08-02,The Cooper Associates County Ground,2,11.2,Somerset,Surrey,Babar Azam,JC Hildreth,GJ Batty,4,0,,,,,,,,,
1167172,2019,2019-08-02,The Cooper Associates County Ground,2,11.3,Somerset,Surrey,Babar Azam,JC Hildreth,GJ Batty,4,0,,,,,,,,,
1167172,2019,2019-08-02,The Cooper Associates County Ground,2,11.4,Somerset,Surrey,Babar Azam,JC Hildreth,GJ Batty,0,0,,,,,,,,,
1167172,2019,2019-08-02,The Cooper Associates County Ground,2,11.5,Somerset,Surrey,Babar Azam,JC Hildreth,GJ Batty,1,0,,,,,,,,,
1167172,2019,2019-08-02,The Cooper Associates County Ground,2,11.6,Somerset,Surrey,JC Hildreth,Babar Azam,GJ Batty,1,0,,,,,,,,,
1167172,2019,2019-08-02,The Cooper Associates County Ground,2,12.1,Somerset,Surrey,JC Hildreth,Babar Azam,Imran Tahir,1,0,,,,,,,,,
1167172,2019,2019-08-02,The Cooper Associates County Ground,2,12.2,Somerset,Surrey,Babar Azam,JC Hildreth,Imran Tahir,0,0,,,,,,bowled,Babar Azam,,
1167172,2019,2019-08-02,The Cooper Associates County Ground,2,12.3,Somerset,Surrey,EJ Byrom,JC Hildreth,Imran Tahir,0,0,,,,,,,,,
1167172,2019,2019-08-02,The Cooper Associates County Ground,2,12.4,Somerset,Surrey,EJ Byrom,JC Hildreth,Imran Tahir,0,1,,,,1,,,,,
1167172,2019,2019-08-02,The Cooper Associates County Ground,2,12.5,Somerset,Surrey,JC Hildreth,EJ Byrom,Imran Tahir,0,0,,,,,,,,,
1167172,2019,2019-08-02,The Cooper Associates County Ground,2,12.6,Somerset,Surrey,JC Hildreth,EJ Byrom,Imran Tahir,1,0,,,,,,,,,
1167172,2019,2019-08-02,The Cooper Associates County Ground,2,13.1,Somerset,Surrey,JC Hildreth,EJ Byrom,GJ Batty,1,0,,,,,,,,,
1167172,2019,2019-08-02,The Cooper Associates County Ground,2,13.2,Somerset,Surrey,EJ Byrom,JC Hildreth,GJ Batty,1,0,,,,,,,,,
1167172,2019,2019-08-02,The Cooper Associates County Ground,2,13.3,Somerset,Surrey,JC Hildreth,EJ Byrom,GJ Batty,1,0,,,,,,,,,
1167172,2019,2019-08-02,The Cooper Associates County Ground,2,13.4,Somerset,Surrey,EJ Byrom,JC Hildreth,GJ Batty,0,1,1,,,,,,,,
1167172,2019,2019-08-02,The Cooper Associates County Ground,2,13.5,Somerset,Surrey,EJ Byrom,JC Hildreth,GJ Batty,6,0,,,,,,,,,
1167172,2019,2019-08-02,The Cooper Associates County Ground,2,13.6,Somerset,Surrey,EJ Byrom,JC Hildreth,GJ Batty,4,0,,,,,,,,,
1167172,2019,2019-08-02,The Cooper Associates County Ground,2,13.7,Somerset,Surrey,EJ Byrom,JC Hildreth,GJ Batty,6,0,,,,,,,,,
1167172,2019,2019-08-02,The Cooper Associates County Ground,2,14.1,Somerset,Surrey,JC Hildreth,EJ Byrom,Imran Tahir,4,0,,,,,,,,,
1167172,2019,2019-08-02,The Cooper Associates County Ground,2,14.2,Somerset,Surrey,JC Hildreth,EJ Byrom,Imran Tahir,2,0,,,,,,,,,
1167172,2019,2019-08-02,The Cooper Associates County Ground,2,14.3,Somerset,Surrey,JC Hildreth,EJ Byrom,Imran Tahir,1,0,,,,,,,,,
1167172,2019,2019-08-02,The Cooper Associates County Ground,2,14.4,Somerset,Surrey,EJ Byrom,JC Hildreth,Imran Tahir,0,0,,,,,,,,,
1167172,2019,2019-08-02,The Cooper Associates County Ground,2,14.5,Somerset,Surrey,EJ Byrom,JC Hildreth,Imran Tahir,6,0,,,,,,,,,
1167172,2019,2019-08-02,The Cooper Associates County Ground,2,14.6,Somerset,Surrey,EJ Byrom,JC Hildreth,Imran Tahir,4,0,,,,,,,,,
1167172,2019,2019-08-02,The Cooper Associates County Ground,2,15.1,Somerset,Surrey,JC Hildreth,EJ Byrom,R Clarke,0,1,1,,,,,,,,
1167172,2019,2019-08-02,The Cooper Associates County Ground,2,15.2,Somerset,Surrey,JC Hildreth,EJ Byrom,R Clarke,6,0,,,,,,,,,
1167172,2019,2019-08-02,The Cooper Associates County Ground,2,15.3,Somerset,Surrey,JC Hildreth,EJ Byrom,R Clarke,1,0,,,,,,,,,
1167172,2019,2019-08-02,The Cooper Associates County Ground,2,15.4,Somerset,Surrey,EJ Byrom,JC Hildreth,R Clarke,1,0,,,,,,,,,
1167172,2019,2019-08-02,The Cooper Associates County Ground,2,15.5,Somerset,Surrey,JC Hildreth,EJ Byrom,R Clarke,0,0,,,,,,,,,
1167172,2019,2019-08-02,The Cooper Associates County Ground,2,15.6,Somerset,Surrey,JC Hildreth,EJ Byrom,R Clarke,1,0,,,,,,,,,
1167172,2019,2019-08-02,The Cooper Associates County Ground,2,15.7,Somerset,Surrey,EJ Byrom,JC Hildreth,R Clarke,2,0,,,,,,,,,
1167172,2019,2019-08-02,The Cooper Associates County Ground,2,16.1,Somerset,Surrey,JC Hildreth,EJ Byrom,TK Curran,0,0,,,,,,,,,
1167172,2019,2019-08-02,The Cooper Associates County Ground,2,16.2,Somerset,Surrey,JC Hildreth,EJ Byrom,TK Curran,0,0,,,,,,,,,
1167172,2019,2019-08-02,The Cooper Associates County Ground,2,16.3,Somerset,Surrey,JC Hildreth,EJ Byrom,TK Curran,1,0,,,,,,,,,
1167172,2019,2019-08-02,The Cooper Associates County Ground,2,16.4,Somerset,Surrey,EJ Byrom,JC Hildreth,TK Curran,1,0,,,,,,,,,
1167172,2019,2019-08-02,The Cooper Associates County Ground,2,16.5,Somerset,Surrey,JC Hildreth,EJ Byrom,TK Curran,1,0,,,,,,,,,
1167172,2019,2019-08-02,The Cooper Associates County Ground,2,16.6,Somerset,Surrey,EJ Byrom,JC Hildreth,TK Curran,4,0,,,,,,,,,
1167172,2019,2019-08-02,The Cooper Associates County Ground,2,17.1,Somerset,Surrey,JC Hildreth,EJ Byrom,SM Curran,1,0,,,,,,,,,
1167172,2019,2019-08-02,The Cooper Associates County Ground,2,17.2,Somerset,Surrey,EJ Byrom,JC Hildreth,SM Curran,4,0,,,,,,,,,
1167172,2019,2019-08-02,The Cooper Associates County Ground,2,17.3,Somerset,Surrey,EJ Byrom,JC Hildreth,SM Curran,6,0,,,,,,,,,
1167172,2019,2019-08-02,The Cooper Associates County Ground,2,17.4,Somerset,Surrey,EJ Byrom,JC Hildreth,SM Curran,0,0,,,,,,,,,
1167172,2019,2019-08-02,The Cooper Associates County Ground,2,17.5,Somerset,Surrey,EJ Byrom,JC Hildreth,SM Curran,1,0,,,,,,,,,
1167172,2019,2019-08-02,The Cooper Associates County Ground,2,17.6,Somerset,Surrey,JC Hildreth,EJ Byrom,SM Curran,1,0,,,,,,,,,
1167172,2019,2019-08-02,The Cooper Associates County Ground,2,18.1,Somerset,Surrey,JC Hildreth,EJ Byrom,TK Curran,0,0,,,,,,,,,
1167172,2019,2019-08-02,The Cooper Associates County Ground,2,18.2,Somerset,Surrey,JC Hildreth,EJ Byrom,TK Curran,1,0,,,,,,,,,
1167172,2019,2019-08-02,The Cooper Associates County Ground,2,18.3,Somerset,Surrey,EJ Byrom,JC Hildreth,TK Curran,4,0,,,,,,,,,
1167172,2019,2019-08-02,The Cooper Associates County Ground,2,18.4,Somerset,Surrey,EJ Byrom,JC Hildreth,TK Curran,4,0,,,,,,,,,
