match_id,season,start_date,venue,innings,ball,batting_team,bowling_team,striker,non_striker,bowler,runs_off_bat,extras,wides,noballs,byes,legbyes,penalty,wicket_type,player_dismissed,other_wicket_type,other_player_dismissed
1167206,2019,2019-08-13,County Ground,1,0.1,Derbyshire,Worcestershire,LM Reece,BA Godleman,DY Pennington,0,0,,,,,,,,,
1167206,2019,2019-08-13,County Ground,1,0.2,Derbyshire,Worcestershire,LM Reece,BA Godleman,DY Pennington,0,0,,,,,,,,,
1167206,2019,2019-08-13,County Ground,1,0.3,Derbyshire,Worcestershire,LM Reece,BA Godleman,DY Pennington,0,0,,,,,,,,,
1167206,2019,2019-08-13,County Ground,1,0.4,Derbyshire,Worcestershire,LM Reece,BA Godleman,DY Pennington,0,0,,,,,,,,,
1167206,2019,2019-08-13,County Ground,1,0.5,Derbyshire,Worcestershire,LM Reece,BA Godleman,DY Pennington,0,0,,,,,,,,,
1167206,2019,2019-08-13,County Ground,1,0.6,Derbyshire,Worcestershire,LM Reece,BA Godleman,DY Pennington,0,0,,,,,,,,,
1167206,2019,2019-08-13,County Ground,1,1.1,Derbyshire,Worcestershire,BA Godleman,LM Reece,WD Parnell,6,0,,,,,,,,,
1167206,2019,2019-08-13,County Ground,1,1.2,Derbyshire,Worcestershire,BA Godleman,LM Reece,WD Parnell,0,0,,,,,,,,,
1167206,2019,2019-08-13,County Ground,1,1.3,Derbyshire,Worcestershire,BA Godleman,LM Reece,WD Parnell,4,0,,,,,,,,,
1167206,2019,2019-08-13,County Ground,1,1.4,Derbyshire,Worcestershire,BA Godleman,LM Reece,WD Parnell,0,0,,,,,,,,,
1167206,2019,2019-08-13,County Ground,1,1.5,Derbyshire,Worcestershire,BA Godleman,LM Reece,WD Parnell,0,0,,,,,,,,,
1167206,2019,2019-08-13,County Ground,1,1.6,Derbyshire,Worcestershire,BA Godleman,LM Reece,WD Parnell,1,0,,,,,,,,,
1167206,2019,2019-08-13,County Ground,1,2.1,Derbyshire,Worcestershire,BA Godleman,LM Reece,DY Pennington,4,0,,,,,,,,,
1167206,2019,2019-08-13,County Ground,1,2.2,Derbyshire,Worcestershire,BA Godleman,LM Reece,DY Pennington,4,0,,,,,,,,,
1167206,2019,2019-08-13,County Ground,1,2.3,Derbyshire,Worcestershire,BA Godleman,LM Reece,DY Pennington,4,0,,,,,,,,,
1167206,2019,2019-08-13,County Ground,1,2.4,Derbyshire,Worcestershire,BA Godleman,LM Reece,DY Pennington,2,0,,,,,,,,,
1167206,2019,2019-08-13,County Ground,1,2.5,Derbyshire,Worcestershire,BA Godleman,LM Reece,DY Pennington,1,0,,,,,,,,,
1167206,2019,2019-08-13,County Ground,1,2.6,Derbyshire,Worcestershire,LM Reece,BA Godleman,DY Pennington,0,0,,,,,,,,,
1167206,2019,2019-08-13,County Ground,1,3.1,Derbyshire,Worcestershire,BA Godleman,LM Reece,PR Brown,0,0,,,,,,,,,
1167206,2019,2019-08-13,County Ground,1,3.2,Derbyshire,Worcestershire,BA Godleman,LM Reece,PR Brown,4,0,,,,,,,,,
1167206,2019,2019-08-13,County Ground,1,3.3,Derbyshire,Worcestershire,BA Godleman,LM Reece,PR Brown,0,0,,,,,,,,,
1167206,2019,2019-08-13,County Ground,1,3.4,Derbyshire,Worcestershire,BA Godleman,LM Reece,PR Brown,0,0,,,,,,,,,
1167206,2019,2019-08-13,County Ground,1,3.5,Derbyshire,Worcestershire,BA Godleman,LM Reece,PR Brown,1,0,,,,,,,,,
1167206,2019,2019-08-13,County Ground,1,3.6,Derbyshire,Worcestershire,LM Reece,BA Godleman,PR Brown,0,0,,,,,,,,,
1167206,2019,2019-08-13,County Ground,1,4.1,Derbyshire,Worcestershire,BA Godleman,LM Reece,WD Parnell,1,0,,,,,,,,,
1167206,2019,2019-08-13,County Ground,1,4.2,Derbyshire,Worcestershire,LM Reece,BA Godleman,WD Parnell,1,0,,,,,,,,,
1167206,2019,2019-08-13,County Ground,1,4.3,Derbyshire,Worcestershire,BA Godleman,LM Reece,WD Parnell,2,0,,,,,,,,,
1167206,2019,2019-08-13,County Ground,1,4.4,Derbyshire,Worcestershire,BA Godleman,LM Reece,WD Parnell,4,0,,,,,,,,,
1167206,2019,2019-08-13,County Ground,1,4.5,Derbyshire,Worcestershire,BA Godleman,LM Reece,WD Parnell,1,0,,,,,,,,,
1167206,2019,2019-08-13,County Ground,1,4.6,Derbyshire,Worcestershire,LM Reece,BA Godleman,WD Parnell,6,0,,,,,,,,,
1167206,2019,2019-08-13,County Ground,1,5.1,Derbyshire,Worcestershire,BA Godleman,LM Reece,EG Barnard,1,0,,,,,,,,,
1167206,2019,2019-08-13,County Ground,1,5.2,Derbyshire,Worcestershire,LM Reece,BA Godleman,EG Barnard,4,0,,,,,,,,,
1167206,2019,2019-08-13,County Ground,1,5.3,Derbyshire,Worcestershire,LM Reece,BA Godleman,EG Barnard,0,0,,,,,,,,,
1167206,2019,2019-08-13,County Ground,1,5.4,Derbyshire,Worcestershire,LM Reece,BA Godleman,EG Barnard,4,0,,,,,,,,,
1167206,2019,2019-08-13,County Ground,1,5.5,Derbyshire,Worcestershire,LM Reece,BA Godleman,EG Barnard,2,0,,,,,,,,,
1167206,2019,2019-08-13,County Ground,1,5.6,Derbyshire,Worcestershire,LM Reece,BA Godleman,EG Barnard,0,0,,,,,,,,,
1167206,2019,2019-08-13,County Ground,1,6.1,Derbyshire,Worcestershire,BA Godleman,LM Reece,DKH Mitchell,2,0,,,,,,,,,
1167206,2019,2019-08-13,County Ground,1,6.2,Derbyshire,Worcestershire,BA Godleman,LM Reece,DKH Mitchell,0,0,,,,,,,,,
1167206,2019,2019-08-13,County Ground,1,6.3,Derbyshire,Worcestershire,BA Godleman,LM Reece,DKH Mitchell,1,0,,,,,,,,,
1167206,2019,2019-08-13,County Ground,1,6.4,Derbyshire,Worcestershire,LM Reece,BA Godleman,DKH Mitchell,1,0,,,,,,,,,
1167206,2019,2019-08-13,County Ground,1,6.5,Derbyshire,Worcestershire,BA Godleman,LM Reece,DKH Mitchell,0,0,,,,,,,,,
1167206,2019,2019-08-13,County Ground,1,6.6,Derbyshire,Worcestershire,BA Godleman,LM Reece,DKH Mitchell,1,0,,,,,,,,,
1167206,2019,2019-08-13,County Ground,1,7.1,Derbyshire,Worcestershire,BA Godleman,LM Reece,EG Barnard,1,0,,,,,,,,,
1167206,2019,2019-08-13,County Ground,1,7.2,Derbyshire,Worcestershire,LM Reece,BA Godleman,EG Barnard,1,0,,,,,,,,,
1167206,2019,2019-08-13,County Ground,1,7.3,Derbyshire,Worcestershire,BA Godleman,LM Reece,EG Barnard,4,0,,,,,,,,,
1167206,2019,2019-08-13,County Ground,1,7.4,Derbyshire,Worcestershire,BA Godleman,LM Reece,EG Barnard,1,0,,,,,,,,,
1167206,2019,2019-08-13,County Ground,1,7.5,Derbyshire,Worcestershire,LM Reece,BA Godleman,EG Barnard,1,0,,,,,,,,,
1167206,2019,2019-08-13,County Ground,1,7.6,Derbyshire,Worcestershire,BA Godleman,LM Reece,EG Barnard,2,0,,,,,,,,,
1167206,2019,2019-08-13,County Ground,1,8.1,Derbyshire,Worcestershire,BA Godleman,LM Reece,DKH Mitchell,1,0,,,,,,,,,
1167206,2019,2019-08-13,County Ground,1,8.2,Derbyshire,Worcestershire,LM Reece,BA Godleman,DKH Mitchell,1,0,,,,,,,,,
1167206,2019,2019-08-13,County Ground,1,8.3,Derbyshire,Worcestershire,BA Godleman,LM Reece,DKH Mitchell,1,0,,,,,,,,,
1167206,2019,2019-08-13,County Ground,1,8.4,Derbyshire,Worcestershire,LM Reece,BA Godleman,DKH Mitchell,1,0,,,,,,,,,
1167206,2019,2019-08-13,County Ground,1,8.5,Derbyshire,Worcestershire,BA Godleman,LM Reece,DKH Mitchell,0,1,1,,,,,,,,
1167206,2019,2019-08-13,County Ground,1,8.6,Derbyshire,Worcestershire,BA Godleman,LM Reece,DKH Mitchell,0,0,,,,,,,,,
1167206,2019,2019-08-13,County Ground,1,8.7,Derbyshire,Worcestershire,BA Godleman,LM Reece,DKH Mitchell,1,0,,,,,,,,,
1167206,2019,2019-08-13,County Ground,1,9.1,Derbyshire,Worcestershire,BA Godleman,LM Reece,PR Brown,1,0,,,,,,,,,
1167206,2019,2019-08-13,County Ground,1,9.2,Derbyshire,Worcestershire,LM Reece,BA Godleman,PR Brown,1,0,,,,,,,,,
1167206,2019,2019-08-13,County Ground,1,9.3,Derbyshire,Worcestershire,BA Godleman,LM Reece,PR Brown,1,0,,,,,,,,,
1167206,2019,2019-08-13,County Ground,1,9.4,Derbyshire,Worcestershire,LM Reece,BA Godleman,PR Brown,1,0,,,,,,,,,
1167206,2019,2019-08-13,County Ground,1,9.5,Derbyshire,Worcestershire,BA Godleman,LM Reece,PR Brown,1,0,,,,,,,,,
1167206,2019,2019-08-13,County Ground,1,9.6,Derbyshire,Worcestershire,LM Reece,BA Godleman,PR Brown,4,0,,,,,,,,,
1167206,2019,2019-08-13,County Ground,1,10.1,Derbyshire,Worcestershire,BA Godleman,LM Reece,MJ Guptill,2,0,,,,,,,,,
1167206,2019,2019-08-13,County Ground,1,10.2,Derbyshire,Worcestershire,BA Godleman,LM Reece,MJ Guptill,1,0,,,,,,,,,
1167206,2019,2019-08-13,County Ground,1,10.3,Derbyshire,Worcestershire,LM Reece,BA Godleman,MJ Guptill,1,0,,,,,,,,,
1167206,2019,2019-08-13,County Ground,1,10.4,Derbyshire,Worcestershire,BA Godleman,LM Reece,MJ Guptill,4,0,,,,,,,,,
1167206,2019,2019-08-13,County Ground,1,10.5,Derbyshire,Worcestershire,BA Godleman,LM Reece,MJ Guptill,1,0,,,,,,,,,
1167206,2019,2019-08-13,County Ground,1,10.6,Derbyshire,Worcestershire,LM Reece,BA Godleman,MJ Guptill,0,0,,,,,,,,,
1167206,2019,2019-08-13,County Ground,1,11.1,Derbyshire,Worcestershire,BA Godleman,LM Reece,EG Barnard,1,0,,,,,,,,,
1167206,2019,2019-08-13,County Ground,1,11.2,Derbyshire,Worcestershire,LM Reece,BA Godleman,EG Barnard,4,0,,,,,,,,,
1167206,2019,2019-08-13,County Ground,1,11.3,Derbyshire,Worcestershire,LM Reece,BA Godleman,EG Barnard,1,0,,,,,,,,,
1167206,2019,2019-08-13,County Ground,1,11.4,Derbyshire,Worcestershire,BA Godleman,LM Reece,EG Barnard,2,0,,,,,,,,,
1167206,2019,2019-08-13,County Ground,1,11.5,Derbyshire,Worcestershire,BA Godleman,LM Reece,EG Barnard,0,0,,,,,,,,,
1167206,2019,2019-08-13,County Ground,1,11.6,Derbyshire,Worcestershire,BA Godleman,LM Reece,EG Barnard,0,0,,,,,,,,,
1167206,2019,2019-08-13,County Ground,1,12.1,Derbyshire,Worcestershire,LM Reece,BA Godleman,WD Parnell,1,0,,,,,,,,,
1167206,2019,2019-08-13,County Ground,1,12.2,Derbyshire,Worcestershire,BA Godleman,LM Reece,WD Parnell,0,1,,,,1,,,,,
1167206,2019,2019-08-13,County Ground,1,12.3,Derbyshire,Worcestershire,LM Reece,BA Godleman,WD Parnell,1,0,,,,,,,,,
1167206,2019,2019-08-13,County Ground,1,12.4,Derbyshire,Worcestershire,BA Godleman,LM Reece,WD Parnell,0,0,,,,,,,,,
1167206,2019,2019-08-13,County Ground,1,12.5,Derbyshire,Worcestershire,BA Godleman,LM Reece,WD Parnell,1,0,,,,,,,,,
1167206,2019,2019-08-13,County Ground,1,12.6,Derbyshire,Worcestershire,LM Reece,BA Godleman,WD Parnell,1,0,,,,,,,,,
1167206,2019,2019-08-13,County Ground,1,13.1,Derbyshire,Worcestershire,LM Reece,BA Godleman,DKH Mitchell,1,0,,,,,,,,,
1167206,2019,2019-08-13,County Ground,1,13.2,Derbyshire,Worcestershire,BA Godleman,LM Reece,DKH Mitchell,2,0,,,,,,,,,
1167206,2019,2019-08-13,County Ground,1,13.3,Derbyshire,Worcestershire,BA Godleman,LM Reece,DKH Mitchell,0,0,,,,,,,,,
1167206,2019,2019-08-13,County Ground,1,13.4,Derbyshire,Worcestershire,BA Godleman,LM Reece,DKH Mitchell,1,0,,,,,,,,,
1167206,2019,2019-08-13,County Ground,1,13.5,Derbyshire,Worcestershire,LM Reece,BA Godleman,DKH Mitchell,4,0,,,,,,,,,
1167206,2019,2019-08-13,County Ground,1,13.6,Derbyshire,Worcestershire,LM Reece,BA Godleman,DKH Mitchell,1,0,,,,,,,,,
1167206,2019,2019-08-13,County Ground,1,14.1,Derbyshire,Worcestershire,LM Reece,BA Godleman,J Leach,1,0,,,,,,,,,
1167206,2019,2019-08-13,County Ground,1,14.2,Derbyshire,Worcestershire,BA Godleman,LM Reece,J Leach,1,0,,,,,,,,,
1167206,2019,2019-08-13,County Ground,1,14.3,Derbyshire,Worcestershire,LM Reece,BA Godleman,J Leach,2,0,,,,,,,,,
1167206,2019,2019-08-13,County Ground,1,14.4,Derbyshire,Worcestershire,LM Reece,BA Godleman,J Leach,0,5,5,,,,,,,,
1167206,2019,2019-08-13,County Ground,1,14.5,Derbyshire,Worcestershire,LM Reece,BA Godleman,J Leach,0,1,1,,,,,,,,
1167206,2019,2019-08-13,County Ground,1,14.6,Derbyshire,Worcestershire,LM Reece,BA Godleman,J Leach,4,0,,,,,,,,,
1167206,2019,2019-08-13,County Ground,1,14.7,Derbyshire,Worcestershire,LM Reece,BA Godleman,J Leach,1,0,,,,,,,,,
1167206,2019,2019-08-13,County Ground,1,14.8,Derbyshire,Worcestershire,BA Godleman,LM Reece,J Leach,1,0,,,,,,,,,
1167206,2019,2019-08-13,County Ground,1,15.1,Derbyshire,Worcestershire,BA Godleman,LM Reece,DKH Mitchell,1,0,,,,,,,,,
1167206,2019,2019-08-13,County Ground,1,15.2,Derbyshire,Worcestershire,LM Reece,BA Godleman,DKH Mitchell,0,0,,,,,,,,,
1167206,2019,2019-08-13,County Ground,1,15.3,Derbyshire,Worcestershire,LM Reece,BA Godleman,DKH Mitchell,0,0,,,,,,caught,LM Reece,,
1167206,2019,2019-08-13,County Ground,1,15.4,Derbyshire,Worcestershire,WL Madsen,BA Godleman,DKH Mitchell,1,0,,,,,,,,,
1167206,2019,2019-08-13,County Ground,1,15.5,Derbyshire,Worcestershire,BA Godleman,WL Madsen,DKH Mitchell,0,0,,,,,,,,,
1167206,2019,2019-08-13,County Ground,1,15.6,Derbyshire,Worcestershire,BA Godleman,WL Madsen,DKH Mitchell,1,0,,,,,,,,,
1167206,2019,2019-08-13,County Ground,1,16.1,Derbyshire,Worcestershire,BA Godleman,WL Madsen,EG Barnard,1,2,,2,,,,,,,
1167206,2019,2019-08-13,County Ground,1,16.2,Derbyshire,Worcestershire,WL Madsen,BA Godleman,EG Barnard,1,0,,,,,,,,,
1167206,2019,2019-08-13,County Ground,1,16.3,Derbyshire,Worcestershire,BA Godleman,WL Madsen,EG Barnard,0,0,,,,,,,,,
1167206,2019,2019-08-13,County Ground,1,16.4,Derbyshire,Worcestershire,BA Godleman,WL Madsen,EG Barnard,4,0,,,,,,,,,
1167206,2019,2019-08-13,County Ground,1,16.5,Derbyshire,Worcestershire,BA Godleman,WL Madsen,EG Barnard,1,0,,,,,,,,,
1167206,2019,2019-08-13,County Ground,1,16.6,Derbyshire,Worcestershire,WL Madsen,BA Godleman,EG Barnard,0,0,,,,,,,,,
1167206,2019,2019-08-13,County Ground,1,16.7,Derbyshire,Worcestershire,WL Madsen,BA Godleman,EG Barnard,1,0,,,,,,,,,
1167206,2019,2019-08-13,County Ground,1,17.1,Derbyshire,Worcestershire,WL Madsen,BA Godleman,PR Brown,0,0,,,,,,,,,
1167206,2019,2019-08-13,County Ground,1,17.2,Derbyshire,Worcestershire,WL Madsen,BA Godleman,PR Brown,1,0,,,,,,,,,
1167206,2019,2019-08-13,County Ground,1,17.3,Derbyshire,Worcestershire,BA Godleman,WL Madsen,PR Brown,2,0,,,,,,,,,
1167206,2019,2019-08-13,County Ground,1,17.4,Derbyshire,Worcestershire,BA Godleman,WL Madsen,PR Brown,1,0,,,,,,,,,
1167206,2019,2019-08-13,County Ground,1,17.5,Derbyshire,Worcestershire,WL Madsen,BA Godleman,PR Brown,4,0,,,,,,,,,
1167206,2019,2019-08-13,County Ground,1,17.6,Derbyshire,Worcestershire,WL Madsen,BA Godleman,PR Brown,0,0,,,,,,,,,
1167206,2019,2019-08-13,County Ground,1,18.1,Derbyshire,Worcestershire,BA Godleman,WL Madsen,WD Parnell,4,0,,,,,,,,,
1167206,2019,2019-08-13,County Ground,1,18.2,Derbyshire,Worcestershire,BA Godleman,WL Madsen,WD Parnell,1,0,,,,,,,,,
1167206,2019,2019-08-13,County Ground,1,18.3,Derbyshire,Worcestershire,WL Madsen,BA Godleman,WD Parnell,1,0,,,,,,,,,
1167206,2019,2019-08-13,County Ground,1,18.4,Derbyshire,Worcestershire,BA Godleman,WL Madsen,WD Parnell,0,0,,,,,,,,,
1167206,2019,2019-08-13,County Ground,1,18.5,Derbyshire,Worcestershire,BA Godleman,WL Madsen,WD Parnell,1,0,,,,,,,,,
1167206,2019,2019-08-13,County Ground,1,18.6,Derbyshire,Worcestershire,WL Madsen,BA Godleman,WD Parnell,6,0,,,,,,,,,
1167206,2019,2019-08-13,County Ground,1,19.1,Derbyshire,Worcestershire,BA Godleman,WL Madsen,PR Brown,0,0,,,,,,caught,BA Godleman,,
1167206,2019,2019-08-13,County Ground,1,19.2,Derbyshire,Worcestershire,WL Madsen,JL du Plooy,PR Brown,2,0,,,,,,,,,
1167206,2019,2019-08-13,County Ground,1,19.3,Derbyshire,Worcestershire,WL Madsen,JL du Plooy,PR Brown,1,0,,,,,,,,,
1167206,2019,2019-08-13,County Ground,1,19.4,Derbyshire,Worcestershire,JL du Plooy,WL Madsen,PR Brown,2,0,,,,,,,,,
1167206,2019,2019-08-13,County Ground,1,19.5,Derbyshire,Worcestershire,JL du Plooy,WL Madsen,PR Brown,4,0,,,,,,,,,
1167206,2019,2019-08-13,County Ground,1,19.6,Derbyshire,Worcestershire,JL du Plooy,WL Madsen,PR Brown,4,0,,,,,,,,,
1167206,2019,2019-08-13,County Ground,2,0.1,Worcestershire,Derbyshire,MH Wessels,MJ Guptill,LV van Beek,0,1,,,,1,,,,,
1167206,2019,2019-08-13,County Ground,2,0.2,Worcestershire,Derbyshire,MJ Guptill,MH Wessels,LV van Beek,0,0,,,,,,,,,
1167206,2019,2019-08-13,County Ground,2,0.3,Worcestershire,Derbyshire,MJ Guptill,MH Wessels,LV van Beek,0,1,1,,,,,,,,
1167206,2019,2019-08-13,County Ground,2,0.4,Worcestershire,Derbyshire,MJ Guptill,MH Wessels,LV van Beek,0,0,,,,,,,,,
1167206,2019,2019-08-13,County Ground,2,0.5,Worcestershire,Derbyshire,MJ Guptill,MH Wessels,LV van Beek,0,0,,,,,,,,,
1167206,2019,2019-08-13,County Ground,2,0.6,Worcestershire,Derbyshire,MJ Guptill,MH Wessels,LV van Beek,1,0,,,,,,,,,
1167206,2019,2019-08-13,County Ground,2,0.7,Worcestershire,Derbyshire,MH Wessels,MJ Guptill,LV van Beek,0,0,,,,,,,,,
1167206,2019,2019-08-13,County Ground,2,1.1,Worcestershire,Derbyshire,MJ Guptill,MH Wessels,R Rampaul,3,0,,,,,,,,,
1167206,2019,2019-08-13,County Ground,2,1.2,Worcestershire,Derbyshire,MH Wessels,MJ Guptill,R Rampaul,0,0,,,,,,,,,
1167206,2019,2019-08-13,County Ground,2,1.3,Worcestershire,Derbyshire,MH Wessels,MJ Guptill,R Rampaul,1,0,,,,,,,,,
1167206,2019,2019-08-13,County Ground,2,1.4,Worcestershire,Derbyshire,MJ Guptill,MH Wessels,R Rampaul,0,0,,,,,,,,,
1167206,2019,2019-08-13,County Ground,2,1.5,Worcestershire,Derbyshire,MJ Guptill,MH Wessels,R Rampaul,6,0,,,,,,,,,
1167206,2019,2019-08-13,County Ground,2,1.6,Worcestershire,Derbyshire,MJ Guptill,MH Wessels,R Rampaul,0,0,,,,,,run out,MH Wessels,,
1167206,2019,2019-08-13,County Ground,2,2.1,Worcestershire,Derbyshire,MJ Guptill,CJ Ferguson,FJ Hudson-Prentice,0,0,,,,,,,,,
1167206,2019,2019-08-13,County Ground,2,2.2,Worcestershire,Derbyshire,MJ Guptill,CJ Ferguson,FJ Hudson-Prentice,0,0,,,,,,,,,
1167206,2019,2019-08-13,County Ground,2,2.3,Worcestershire,Derbyshire,MJ Guptill,CJ Ferguson,FJ Hudson-Prentice,1,0,,,,,,,,,
1167206,2019,2019-08-13,County Ground,2,2.4,Worcestershire,Derbyshire,CJ Ferguson,MJ Guptill,FJ Hudson-Prentice,1,0,,,,,,,,,
1167206,2019,2019-08-13,County Ground,2,2.5,Worcestershire,Derbyshire,MJ Guptill,CJ Ferguson,FJ Hudson-Prentice,1,0,,,,,,,,,
1167206,2019,2019-08-13,County Ground,2,2.6,Worcestershire,Derbyshire,CJ Ferguson,MJ Guptill,FJ Hudson-Prentice,4,0,,,,,,,,,
1167206,2019,2019-08-13,County Ground,2,3.1,Worcestershire,Derbyshire,MJ Guptill,CJ Ferguson,R Rampaul,3,0,,,,,,,,,
1167206,2019,2019-08-13,County Ground,2,3.2,Worcestershire,Derbyshire,CJ Ferguson,MJ Guptill,R Rampaul,0,0,,,,,,,,,
1167206,2019,2019-08-13,County Ground,2,3.3,Worcestershire,Derbyshire,CJ Ferguson,MJ Guptill,R Rampaul,0,0,,,,,,,,,
1167206,2019,2019-08-13,County Ground,2,3.4,Worcestershire,Derbyshire,CJ Ferguson,MJ Guptill,R Rampaul,1,0,,,,,,,,,
1167206,2019,2019-08-13,County Ground,2,3.5,Worcestershire,Derbyshire,MJ Guptill,CJ Ferguson,R Rampaul,4,0,,,,,,,,,
1167206,2019,2019-08-13,County Ground,2,3.6,Worcestershire,Derbyshire,MJ Guptill,CJ Ferguson,R Rampaul,0,0,,,,,,,,,
1167206,2019,2019-08-13,County Ground,2,4.1,Worcestershire,Derbyshire,CJ Ferguson,MJ Guptill,FJ Hudson-Prentice,0,0,,,,,,,,,
1167206,2019,2019-08-13,County Ground,2,4.2,Worcestershire,Derbyshire,CJ Ferguson,MJ Guptill,FJ Hudson-Prentice,4,0,,,,,,,,,
1167206,2019,2019-08-13,County Ground,2,4.3,Worcestershire,Derbyshire,CJ Ferguson,MJ Guptill,FJ Hudson-Prentice,4,0,,,,,,,,,
1167206,2019,2019-08-13,County Ground,2,4.4,Worcestershire,Derbyshire,CJ Ferguson,MJ Guptill,FJ Hudson-Prentice,1,0,,,,,,,,,
1167206,2019,2019-08-13,County Ground,2,4.5,Worcestershire,Derbyshire,MJ Guptill,CJ Ferguson,FJ Hudson-Prentice,0,0,,,,,,,,,
1167206,2019,2019-08-13,County Ground,2,4.6,Worcestershire,Derbyshire,MJ Guptill,CJ Ferguson,FJ Hudson-Prentice,0,1,,,,1,,,,,
1167206,2019,2019-08-13,County Ground,2,5.1,Worcestershire,Derbyshire,MJ Guptill,CJ Ferguson,LV van Beek,1,0,,,,,,,,,
1167206,2019,2019-08-13,County Ground,2,5.2,Worcestershire,Derbyshire,CJ Ferguson,MJ Guptill,LV van Beek,1,0,,,,,,,,,
1167206,2019,2019-08-13,County Ground,2,5.3,Worcestershire,Derbyshire,MJ Guptill,CJ Ferguson,LV van Beek,0,0,,,,,,,,,
1167206,2019,2019-08-13,County Ground,2,5.4,Worcestershire,Derbyshire,MJ Guptill,CJ Ferguson,LV van Beek,4,0,,,,,,,,,
1167206,2019,2019-08-13,County Ground,2,5.5,Worcestershire,Derbyshire,MJ Guptill,CJ Ferguson,LV van Beek,1,0,,,,,,,,,
1167206,2019,2019-08-13,County Ground,2,5.6,Worcestershire,Derbyshire,CJ Ferguson,MJ Guptill,LV van Beek,0,0,,,,,,,,,
1167206,2019,2019-08-13,County Ground,2,6.1,Worcestershire,Derbyshire,MJ Guptill,CJ Ferguson,AL Hughes,1,0,,,,,,,,,
1167206,2019,2019-08-13,County Ground,2,6.2,Worcestershire,Derbyshire,CJ Ferguson,MJ Guptill,AL Hughes,1,0,,,,,,,,,
1167206,2019,2019-08-13,County Ground,2,6.3,Worcestershire,Derbyshire,MJ Guptill,CJ Ferguson,AL Hughes,0,0,,,,,,,,,
1167206,2019,2019-08-13,County Ground,2,6.4,Worcestershire,Derbyshire,MJ Guptill,CJ Ferguson,AL Hughes,1,0,,,,,,,,,
1167206,2019,2019-08-13,County Ground,2,6.5,Worcestershire,Derbyshire,CJ Ferguson,MJ Guptill,AL Hughes,0,0,,,,,,,,,
1167206,2019,2019-08-13,County Ground,2,6.6,Worcestershire,Derbyshire,CJ Ferguson,MJ Guptill,AL Hughes,1,0,,,,,,,,,
1167206,2019,2019-08-13,County Ground,2,7.1,Worcestershire,Derbyshire,CJ Ferguson,MJ Guptill,WB Rankin,1,0,,,,,,,,,
1167206,2019,2019-08-13,County Ground,2,7.2,Worcestershire,Derbyshire,MJ Guptill,CJ Ferguson,WB Rankin,1,0,,,,,,,,,
1167206,2019,2019-08-13,County Ground,2,7.3,Worcestershire,Derbyshire,CJ Ferguson,MJ Guptill,WB Rankin,1,0,,,,,,,,,
1167206,2019,2019-08-13,County Ground,2,7.4,Worcestershire,Derbyshire,MJ Guptill,CJ Ferguson,WB Rankin,1,0,,,,,,,,,
1167206,2019,2019-08-13,County Ground,2,7.5,Worcestershire,Derbyshire,CJ Ferguson,MJ Guptill,WB Rankin,6,0,,,,,,,,,
1167206,2019,2019-08-13,County Ground,2,7.6,Worcestershire,Derbyshire,CJ Ferguson,MJ Guptill,WB Rankin,4,0,,,,,,,,,
1167206,2019,2019-08-13,County Ground,2,8.1,Worcestershire,Derbyshire,MJ Guptill,CJ Ferguson,AL Hughes,0,0,,,,,,,,,
1167206,2019,2019-08-13,County Ground,2,8.2,Worcestershire,Derbyshire,MJ Guptill,CJ Ferguson,AL Hughes,1,0,,,,,,,,,
1167206,2019,2019-08-13,County Ground,2,8.3,Worcestershire,Derbyshire,CJ Ferguson,MJ Guptill,AL Hughes,1,0,,,,,,,,,
1167206,2019,2019-08-13,County Ground,2,8.4,Worcestershire,Derbyshire,MJ Guptill,CJ Ferguson,AL Hughes,0,2,,2,,,,,,,
1167206,2019,2019-08-13,County Ground,2,8.5,Worcestershire,Derbyshire,MJ Guptill,CJ Ferguson,AL Hughes,2,0,,,,,,,,,
1167206,2019,2019-08-13,County Ground,2,8.6,Worcestershire,Derbyshire,MJ Guptill,CJ Ferguson,AL Hughes,1,0,,,,,,,,,
1167206,2019,2019-08-13,County Ground,2,8.7,Worcestershire,Derbyshire,CJ Ferguson,MJ Guptill,AL Hughes,1,0,,,,,,,,,
1167206,2019,2019-08-13,County Ground,2,9.1,Worcestershire,Derbyshire,CJ Ferguson,MJ Guptill,LM Reece,1,0,,,,,,,,,
1167206,2019,2019-08-13,County Ground,2,9.2,Worcestershire,Derbyshire,MJ Guptill,CJ Ferguson,LM Reece,6,0,,,,,,,,,
1167206,2019,2019-08-13,County Ground,2,9.3,Worcestershire,Derbyshire,MJ Guptill,CJ Ferguson,LM Reece,1,0,,,,,,,,,
1167206,2019,2019-08-13,County Ground,2,9.4,Worcestershire,Derbyshire,CJ Ferguson,MJ Guptill,LM Reece,1,0,,,,,,,,,
1167206,2019,2019-08-13,County Ground,2,9.5,Worcestershire,Derbyshire,MJ Guptill,CJ Ferguson,LM Reece,1,0,,,,,,,,,
1167206,2019,2019-08-13,County Ground,2,9.6,Worcestershire,Derbyshire,CJ Ferguson,MJ Guptill,LM Reece,1,0,,,,,,,,,
1167206,2019,2019-08-13,County Ground,2,10.1,Worcestershire,Derbyshire,CJ Ferguson,MJ Guptill,MJJ Critchley,1,0,,,,,,,,,
1167206,2019,2019-08-13,County Ground,2,10.2,Worcestershire,Derbyshire,MJ Guptill,CJ Ferguson,MJJ Critchley,1,0,,,,,,,,,
1167206,2019,2019-08-13,County Ground,2,10.3,Worcestershire,Derbyshire,CJ Ferguson,MJ Guptill,MJJ Critchley,1,0,,,,,,,,,
1167206,2019,2019-08-13,County Ground,2,10.4,Worcestershire,Derbyshire,MJ Guptill,CJ Ferguson,MJJ Critchley,0,0,,,,,,,,,
1167206,2019,2019-08-13,County Ground,2,10.5,Worcestershire,Derbyshire,MJ Guptill,CJ Ferguson,MJJ Critchley,1,0,,,,,,,,,
1167206,2019,2019-08-13,County Ground,2,10.6,Worcestershire,Derbyshire,CJ Ferguson,MJ Guptill,MJJ Critchley,0,0,,,,,,caught,CJ Ferguson,,
1167206,2019,2019-08-13,County Ground,2,11.1,Worcestershire,Derbyshire,MJ Guptill,WD Parnell,LM Reece,0,1,1,,,,,,,,
1167206,2019,2019-08-13,County Ground,2,11.2,Worcestershire,Derbyshire,MJ Guptill,WD Parnell,LM Reece,1,0,,,,,,,,,
1167206,2019,2019-08-13,County Ground,2,11.3,Worcestershire,Derbyshire,WD Parnell,MJ Guptill,LM Reece,0,0,,,,,,,,,
1167206,2019,2019-08-13,County Ground,2,11.4,Worcestershire,Derbyshire,WD Parnell,MJ Guptill,LM Reece,1,0,,,,,,,,,
1167206,2019,2019-08-13,County Ground,2,11.5,Worcestershire,Derbyshire,MJ Guptill,WD Parnell,LM Reece,0,1,1,,,,,,,,
1167206,2019,2019-08-13,County Ground,2,11.6,Worcestershire,Derbyshire,MJ Guptill,WD Parnell,LM Reece,1,0,,,,,,,,,
1167206,2019,2019-08-13,County Ground,2,11.7,Worcestershire,Derbyshire,WD Parnell,MJ Guptill,LM Reece,0,0,,,,,,,,,
1167206,2019,2019-08-13,County Ground,2,11.8,Worcestershire,Derbyshire,WD Parnell,MJ Guptill,LM Reece,0,0,,,,,,,,,
1167206,2019,2019-08-13,County Ground,2,12.1,Worcestershire,Derbyshire,MJ Guptill,WD Parnell,MJJ Critchley,0,0,,,,,,bowled,MJ Guptill,,
1167206,2019,2019-08-13,County Ground,2,12.2,Worcestershire,Derbyshire,OB Cox,WD Parnell,MJJ Critchley,1,0,,,,,,,,,
1167206,2019,2019-08-13,County Ground,2,12.3,Worcestershire,Derbyshire,WD Parnell,OB Cox,MJJ Critchley,6,0,,,,,,,,,
1167206,2019,2019-08-13,County Ground,2,12.4,Worcestershire,Derbyshire,WD Parnell,OB Cox,MJJ Critchley,0,0,,,,,,,,,
1167206,2019,2019-08-13,County Ground,2,12.5,Worcestershire,Derbyshire,WD Parnell,OB Cox,MJJ Critchley,0,0,,,,,,caught,WD Parnell,,
1167206,2019,2019-08-13,County Ground,2,12.6,Worcestershire,Derbyshire,RA Whiteley,OB Cox,MJJ Critchley,0,0,,,,,,,,,
1167206,2019,2019-08-13,County Ground,2,13.1,Worcestershire,Derbyshire,OB Cox,RA Whiteley,LM Reece,0,0,,,,,,,,,
1167206,2019,2019-08-13,County Ground,2,13.2,Worcestershire,Derbyshire,OB Cox,RA Whiteley,LM Reece,1,0,,,,,,,,,
1167206,2019,2019-08-13,County Ground,2,13.3,Worcestershire,Derbyshire,RA Whiteley,OB Cox,LM Reece,0,0,,,,,,,,,
1167206,2019,2019-08-13,County Ground,2,13.4,Worcestershire,Derbyshire,RA Whiteley,OB Cox,LM Reece,1,0,,,,,,,,,
1167206,2019,2019-08-13,County Ground,2,13.5,Worcestershire,Derbyshire,OB Cox,RA Whiteley,LM Reece,0,1,1,,,,,,,,
1167206,2019,2019-08-13,County Ground,2,13.6,Worcestershire,Derbyshire,OB Cox,RA Whiteley,LM Reece,2,0,,,,,,,,,
1167206,2019,2019-08-13,County Ground,2,13.7,Worcestershire,Derbyshire,OB Cox,RA Whiteley,LM Reece,0,0,,,,,,,,,
1167206,2019,2019-08-13,County Ground,2,14.1,Worcestershire,Derbyshire,RA Whiteley,OB Cox,MJJ Critchley,2,0,,,,,,,,,
1167206,2019,2019-08-13,County Ground,2,14.2,Worcestershire,Derbyshire,RA Whiteley,OB Cox,MJJ Critchley,2,0,,,,,,,,,
1167206,2019,2019-08-13,County Ground,2,14.3,Worcestershire,Derbyshire,RA Whiteley,OB Cox,MJJ Critchley,4,0,,,,,,,,,
1167206,2019,2019-08-13,County Ground,2,14.4,Worcestershire,Derbyshire,RA Whiteley,OB Cox,MJJ Critchley,1,0,,,,,,,,,
1167206,2019,2019-08-13,County Ground,2,14.5,Worcestershire,Derbyshire,OB Cox,RA Whiteley,MJJ Critchley,0,0,,,,,,,,,
1167206,2019,2019-08-13,County Ground,2,14.6,Worcestershire,Derbyshire,OB Cox,RA Whiteley,MJJ Critchley,1,0,,,,,,,,,
1167206,2019,2019-08-13,County Ground,2,15.1,Worcestershire,Derbyshire,OB Cox,RA Whiteley,LM Reece,1,0,,,,,,,,,
1167206,2019,2019-08-13,County Ground,2,15.2,Worcestershire,Derbyshire,RA Whiteley,OB Cox,LM Reece,0,0,,,,,,caught,RA Whiteley,,
1167206,2019,2019-08-13,County Ground,2,15.3,Worcestershire,Derbyshire,OB Cox,EG Barnard,LM Reece,0,1,1,,,,,,,,
1167206,2019,2019-08-13,County Ground,2,15.4,Worcestershire,Derbyshire,OB Cox,EG Barnard,LM Reece,1,0,,,,,,,,,
1167206,2019,2019-08-13,County Ground,2,15.5,Worcestershire,Derbyshire,EG Barnard,OB Cox,LM Reece,0,0,,,,,,,,,
1167206,2019,2019-08-13,County Ground,2,15.6,Worcestershire,Derbyshire,EG Barnard,OB Cox,LM Reece,1,0,,,,,,,,,
1167206,2019,2019-08-13,County Ground,2,15.7,Worcestershire,Derbyshire,OB Cox,EG Barnard,LM Reece,2,0,,,,,,,,,
1167206,2019,2019-08-13,County Ground,2,16.1,Worcestershire,Derbyshire,EG Barnard,OB Cox,MJJ Critchley,0,1,1,,,,,,,,
1167206,2019,2019-08-13,County Ground,2,16.2,Worcestershire,Derbyshire,EG Barnard,OB Cox,MJJ Critchley,6,0,,,,,,,,,
1167206,2019,2019-08-13,County Ground,2,16.3,Worcestershire,Derbyshire,EG Barnard,OB Cox,MJJ Critchley,1,0,,,,,,,,,
1167206,2019,2019-08-13,County Ground,2,16.4,Worcestershire,Derbyshire,OB Cox,EG Barnard,MJJ Critchley,6,0,,,,,,,,,
1167206,2019,2019-08-13,County Ground,2,16.5,Worcestershire,Derbyshire,OB Cox,EG Barnard,MJJ Critchley,0,0,,,,,,caught,OB Cox,,
1167206,2019,2019-08-13,County Ground,2,16.6,Worcestershire,Derbyshire,EG Barnard,DKH Mitchell,MJJ Critchley,0,0,,,,,,,,,
1167206,2019,2019-08-13,County Ground,2,16.7,Worcestershire,Derbyshire,EG Barnard,DKH Mitchell,MJJ Critchley,1,0,,,,,,,,,
1167206,2019,2019-08-13,County Ground,2,17.1,Worcestershire,Derbyshire,EG Barnard,DKH Mitchell,R Rampaul,1,0,,,,,,,,,
1167206,2019,2019-08-13,County Ground,2,17.2,Worcestershire,Derbyshire,DKH Mitchell,EG Barnard,R Rampaul,1,0,,,,,,,,,
1167206,2019,2019-08-13,County Ground,2,17.3,Worcestershire,Derbyshire,EG Barnard,DKH Mitchell,R Rampaul,6,0,,,,,,,,,
1167206,2019,2019-08-13,County Ground,2,17.4,Worcestershire,Derbyshire,EG Barnard,DKH Mitchell,R Rampaul,1,0,,,,,,,,,
1167206,2019,2019-08-13,County Ground,2,17.5,Worcestershire,Derbyshire,DKH Mitchell,EG Barnard,R Rampaul,1,0,,,,,,,,,
1167206,2019,2019-08-13,County Ground,2,17.6,Worcestershire,Derbyshire,EG Barnard,DKH Mitchell,R Rampaul,0,1,,,,1,,,,,
1167206,2019,2019-08-13,County Ground,2,18.1,Worcestershire,Derbyshire,EG Barnard,DKH Mitchell,FJ Hudson-Prentice,1,0,,,,,,,,,
1167206,2019,2019-08-13,County Ground,2,18.2,Worcestershire,Derbyshire,DKH Mitchell,EG Barnard,FJ Hudson-Prentice,0,0,,,,,,,,,
1167206,2019,2019-08-13,County Ground,2,18.3,Worcestershire,Derbyshire,DKH Mitchell,EG Barnard,FJ Hudson-Prentice,2,0,,,,,,,,,
1167206,2019,2019-08-13,County Ground,2,18.4,Worcestershire,Derbyshire,DKH Mitchell,EG Barnard,FJ Hudson-Prentice,1,0,,,,,,,,,
1167206,2019,2019-08-13,County Ground,2,18.5,Worcestershire,Derbyshire,EG Barnard,DKH Mitchell,FJ Hudson-Prentice,2,0,,,,,,,,,
1167206,2019,2019-08-13,County Ground,2,18.6,Worcestershire,Derbyshire,EG Barnard,DKH Mitchell,FJ Hudson-Prentice,2,0,,,,,,,,,
1167206,2019,2019-08-13,County Ground,2,19.1,Worcestershire,Derbyshire,DKH Mitchell,EG Barnard,R Rampaul,1,0,,,,,,,,,
1167206,2019,2019-08-13,County Ground,2,19.2,Worcestershire,Derbyshire,EG Barnard,DKH Mitchell,R Rampaul,0,0,,,,,,,,,
1167206,2019,2019-08-13,County Ground,2,19.3,Worcestershire,Derbyshire,EG Barnard,DKH Mitchell,R Rampaul,4,0,,,,,,,,,
1167206,2019,2019-08-13,County Ground,2,19.4,Worcestershire,Derbyshire,EG Barnard,DKH Mitchell,R Rampaul,2,0,,,,,,,,,
1167206,2019,2019-08-13,County Ground,2,19.5,Worcestershire,Derbyshire,EG Barnard,DKH Mitchell,R Rampaul,1,0,,,,,,,,,
1167206,2019,2019-08-13,County Ground,2,19.6,Worcestershire,Derbyshire,DKH Mitchell,EG Barnard,R Rampaul,0,0,,,,,,caught,DKH Mitchell,,
