match_id,season,start_date,venue,innings,ball,batting_team,bowling_team,striker,non_striker,bowler,runs_off_bat,extras,wides,noballs,byes,legbyes,penalty,wicket_type,player_dismissed,other_wicket_type,other_player_dismissed
947097,2016,2016-05-20,St Lawrence Ground,1,0.1,Somerset,Kent,JG Myburgh,J Allenby,MT Coles,0,0,,,,,,,,,
947097,2016,2016-05-20,St Lawrence Ground,1,0.2,Somerset,Kent,JG Myburgh,J Allenby,MT Coles,4,0,,,,,,,,,
947097,2016,2016-05-20,St Lawrence Ground,1,0.3,Somerset,Kent,JG Myburgh,J Allenby,MT Coles,0,0,,,,,,,,,
947097,2016,2016-05-20,St Lawrence Ground,1,0.4,Somerset,Kent,JG Myburgh,J Allenby,MT Coles,0,0,,,,,,,,,
947097,2016,2016-05-20,St Lawrence Ground,1,0.5,Somerset,Kent,JG Myburgh,J Allenby,MT Coles,1,0,,,,,,,,,
947097,2016,2016-05-20,St Lawrence Ground,1,0.6,Somerset,Kent,J Allenby,JG Myburgh,MT Coles,4,0,,,,,,,,,
947097,2016,2016-05-20,St Lawrence Ground,1,1.1,Somerset,Kent,JG Myburgh,J Allenby,DA Griffiths,0,0,,,,,,caught,JG Myburgh,,
947097,2016,2016-05-20,St Lawrence Ground,1,1.2,Somerset,Kent,PD Trego,J Allenby,DA Griffiths,1,0,,,,,,,,,
947097,2016,2016-05-20,St Lawrence Ground,1,1.3,Somerset,Kent,J Allenby,PD Trego,DA Griffiths,4,0,,,,,,,,,
947097,2016,2016-05-20,St Lawrence Ground,1,1.4,Somerset,Kent,J Allenby,PD Trego,DA Griffiths,0,0,,,,,,,,,
947097,2016,2016-05-20,St Lawrence Ground,1,1.5,Somerset,Kent,J Allenby,PD Trego,DA Griffiths,4,0,,,,,,,,,
947097,2016,2016-05-20,St Lawrence Ground,1,1.6,Somerset,Kent,J Allenby,PD Trego,DA Griffiths,0,0,,,,,,,,,
947097,2016,2016-05-20,St Lawrence Ground,1,2.1,Somerset,Kent,PD Trego,J Allenby,ME Claydon,1,0,,,,,,,,,
947097,2016,2016-05-20,St Lawrence Ground,1,2.2,Somerset,Kent,J Allenby,PD Trego,ME Claydon,0,0,,,,,,,,,
947097,2016,2016-05-20,St Lawrence Ground,1,2.3,Somerset,Kent,J Allenby,PD Trego,ME Claydon,0,0,,,,,,,,,
947097,2016,2016-05-20,St Lawrence Ground,1,2.4,Somerset,Kent,J Allenby,PD Trego,ME Claydon,2,0,,,,,,,,,
947097,2016,2016-05-20,St Lawrence Ground,1,2.5,Somerset,Kent,J Allenby,PD Trego,ME Claydon,1,0,,,,,,,,,
947097,2016,2016-05-20,St Lawrence Ground,1,2.6,Somerset,Kent,PD Trego,J Allenby,ME Claydon,4,0,,,,,,,,,
947097,2016,2016-05-20,St Lawrence Ground,1,3.1,Somerset,Kent,J Allenby,PD Trego,MT Coles,0,0,,,,,,,,,
947097,2016,2016-05-20,St Lawrence Ground,1,3.2,Somerset,Kent,J Allenby,PD Trego,MT Coles,0,0,,,,,,,,,
947097,2016,2016-05-20,St Lawrence Ground,1,3.3,Somerset,Kent,J Allenby,PD Trego,MT Coles,1,0,,,,,,,,,
947097,2016,2016-05-20,St Lawrence Ground,1,3.4,Somerset,Kent,PD Trego,J Allenby,MT Coles,1,0,,,,,,,,,
947097,2016,2016-05-20,St Lawrence Ground,1,3.5,Somerset,Kent,J Allenby,PD Trego,MT Coles,1,0,,,,,,,,,
947097,2016,2016-05-20,St Lawrence Ground,1,3.6,Somerset,Kent,PD Trego,J Allenby,MT Coles,0,0,,,,,,,,,
947097,2016,2016-05-20,St Lawrence Ground,1,4.1,Somerset,Kent,J Allenby,PD Trego,ME Claydon,1,0,,,,,,,,,
947097,2016,2016-05-20,St Lawrence Ground,1,4.2,Somerset,Kent,PD Trego,J Allenby,ME Claydon,0,0,,,,,,,,,
947097,2016,2016-05-20,St Lawrence Ground,1,4.3,Somerset,Kent,PD Trego,J Allenby,ME Claydon,4,0,,,,,,,,,
947097,2016,2016-05-20,St Lawrence Ground,1,4.4,Somerset,Kent,PD Trego,J Allenby,ME Claydon,1,0,,,,,,,,,
947097,2016,2016-05-20,St Lawrence Ground,1,4.5,Somerset,Kent,J Allenby,PD Trego,ME Claydon,1,0,,,,,,,,,
947097,2016,2016-05-20,St Lawrence Ground,1,4.6,Somerset,Kent,PD Trego,J Allenby,ME Claydon,0,0,,,,,,,,,
947097,2016,2016-05-20,St Lawrence Ground,1,5.1,Somerset,Kent,J Allenby,PD Trego,MT Coles,0,0,,,,,,,,,
947097,2016,2016-05-20,St Lawrence Ground,1,5.2,Somerset,Kent,J Allenby,PD Trego,MT Coles,4,0,,,,,,,,,
947097,2016,2016-05-20,St Lawrence Ground,1,5.3,Somerset,Kent,J Allenby,PD Trego,MT Coles,4,0,,,,,,,,,
947097,2016,2016-05-20,St Lawrence Ground,1,5.4,Somerset,Kent,J Allenby,PD Trego,MT Coles,4,0,,,,,,,,,
947097,2016,2016-05-20,St Lawrence Ground,1,5.5,Somerset,Kent,J Allenby,PD Trego,MT Coles,4,0,,,,,,,,,
947097,2016,2016-05-20,St Lawrence Ground,1,5.6,Somerset,Kent,J Allenby,PD Trego,MT Coles,1,0,,,,,,,,,
947097,2016,2016-05-20,St Lawrence Ground,1,6.1,Somerset,Kent,J Allenby,PD Trego,JC Tredwell,1,0,,,,,,,,,
947097,2016,2016-05-20,St Lawrence Ground,1,6.2,Somerset,Kent,PD Trego,J Allenby,JC Tredwell,4,0,,,,,,,,,
947097,2016,2016-05-20,St Lawrence Ground,1,6.3,Somerset,Kent,PD Trego,J Allenby,JC Tredwell,1,0,,,,,,,,,
947097,2016,2016-05-20,St Lawrence Ground,1,6.4,Somerset,Kent,J Allenby,PD Trego,JC Tredwell,6,0,,,,,,,,,
947097,2016,2016-05-20,St Lawrence Ground,1,6.5,Somerset,Kent,J Allenby,PD Trego,JC Tredwell,1,0,,,,,,,,,
947097,2016,2016-05-20,St Lawrence Ground,1,6.6,Somerset,Kent,PD Trego,J Allenby,JC Tredwell,2,0,,,,,,,,,
947097,2016,2016-05-20,St Lawrence Ground,1,7.1,Somerset,Kent,J Allenby,PD Trego,DI Stevens,1,0,,,,,,,,,
947097,2016,2016-05-20,St Lawrence Ground,1,7.2,Somerset,Kent,PD Trego,J Allenby,DI Stevens,0,3,3,,,,,,,,
947097,2016,2016-05-20,St Lawrence Ground,1,7.3,Somerset,Kent,PD Trego,J Allenby,DI Stevens,1,0,,,,,,,,,
947097,2016,2016-05-20,St Lawrence Ground,1,7.4,Somerset,Kent,J Allenby,PD Trego,DI Stevens,1,0,,,,,,,,,
947097,2016,2016-05-20,St Lawrence Ground,1,7.5,Somerset,Kent,PD Trego,J Allenby,DI Stevens,1,0,,,,,,,,,
947097,2016,2016-05-20,St Lawrence Ground,1,7.6,Somerset,Kent,J Allenby,PD Trego,DI Stevens,0,0,,,,,,,,,
947097,2016,2016-05-20,St Lawrence Ground,1,7.7,Somerset,Kent,J Allenby,PD Trego,DI Stevens,0,0,,,,,,,,,
947097,2016,2016-05-20,St Lawrence Ground,1,8.1,Somerset,Kent,PD Trego,J Allenby,DA Griffiths,0,0,,,,,,,,,
947097,2016,2016-05-20,St Lawrence Ground,1,8.2,Somerset,Kent,PD Trego,J Allenby,DA Griffiths,1,0,,,,,,,,,
947097,2016,2016-05-20,St Lawrence Ground,1,8.3,Somerset,Kent,J Allenby,PD Trego,DA Griffiths,1,0,,,,,,,,,
947097,2016,2016-05-20,St Lawrence Ground,1,8.4,Somerset,Kent,PD Trego,J Allenby,DA Griffiths,1,0,,,,,,,,,
947097,2016,2016-05-20,St Lawrence Ground,1,8.5,Somerset,Kent,J Allenby,PD Trego,DA Griffiths,1,0,,,,,,,,,
947097,2016,2016-05-20,St Lawrence Ground,1,8.6,Somerset,Kent,PD Trego,J Allenby,DA Griffiths,6,0,,,,,,,,,
947097,2016,2016-05-20,St Lawrence Ground,1,9.1,Somerset,Kent,J Allenby,PD Trego,JC Tredwell,1,0,,,,,,,,,
947097,2016,2016-05-20,St Lawrence Ground,1,9.2,Somerset,Kent,PD Trego,J Allenby,JC Tredwell,1,0,,,,,,,,,
947097,2016,2016-05-20,St Lawrence Ground,1,9.3,Somerset,Kent,J Allenby,PD Trego,JC Tredwell,1,0,,,,,,,,,
947097,2016,2016-05-20,St Lawrence Ground,1,9.4,Somerset,Kent,PD Trego,J Allenby,JC Tredwell,1,0,,,,,,,,,
947097,2016,2016-05-20,St Lawrence Ground,1,9.5,Somerset,Kent,J Allenby,PD Trego,JC Tredwell,1,0,,,,,,,,,
947097,2016,2016-05-20,St Lawrence Ground,1,9.6,Somerset,Kent,PD Trego,J Allenby,JC Tredwell,6,0,,,,,,,,,
947097,2016,2016-05-20,St Lawrence Ground,1,10.1,Somerset,Kent,J Allenby,PD Trego,DI Stevens,4,0,,,,,,,,,
947097,2016,2016-05-20,St Lawrence Ground,1,10.2,Somerset,Kent,J Allenby,PD Trego,DI Stevens,4,0,,,,,,,,,
947097,2016,2016-05-20,St Lawrence Ground,1,10.3,Somerset,Kent,J Allenby,PD Trego,DI Stevens,0,1,1,,,,,,,,
947097,2016,2016-05-20,St Lawrence Ground,1,10.4,Somerset,Kent,J Allenby,PD Trego,DI Stevens,1,0,,,,,,,,,
947097,2016,2016-05-20,St Lawrence Ground,1,10.5,Somerset,Kent,PD Trego,J Allenby,DI Stevens,6,0,,,,,,,,,
947097,2016,2016-05-20,St Lawrence Ground,1,10.6,Somerset,Kent,PD Trego,J Allenby,DI Stevens,1,0,,,,,,,,,
947097,2016,2016-05-20,St Lawrence Ground,1,10.7,Somerset,Kent,J Allenby,PD Trego,DI Stevens,0,0,,,,,,,,,
947097,2016,2016-05-20,St Lawrence Ground,1,11.1,Somerset,Kent,PD Trego,J Allenby,FK Cowdrey,0,0,,,,,,,,,
947097,2016,2016-05-20,St Lawrence Ground,1,11.2,Somerset,Kent,PD Trego,J Allenby,FK Cowdrey,1,0,,,,,,,,,
947097,2016,2016-05-20,St Lawrence Ground,1,11.3,Somerset,Kent,J Allenby,PD Trego,FK Cowdrey,1,0,,,,,,,,,
947097,2016,2016-05-20,St Lawrence Ground,1,11.4,Somerset,Kent,PD Trego,J Allenby,FK Cowdrey,6,0,,,,,,,,,
947097,2016,2016-05-20,St Lawrence Ground,1,11.5,Somerset,Kent,PD Trego,J Allenby,FK Cowdrey,1,0,,,,,,,,,
947097,2016,2016-05-20,St Lawrence Ground,1,11.6,Somerset,Kent,J Allenby,PD Trego,FK Cowdrey,1,0,,,,,,,,,
947097,2016,2016-05-20,St Lawrence Ground,1,12.1,Somerset,Kent,J Allenby,PD Trego,DI Stevens,1,0,,,,,,,,,
947097,2016,2016-05-20,St Lawrence Ground,1,12.2,Somerset,Kent,PD Trego,J Allenby,DI Stevens,4,0,,,,,,,,,
947097,2016,2016-05-20,St Lawrence Ground,1,12.3,Somerset,Kent,PD Trego,J Allenby,DI Stevens,1,0,,,,,,,,,
947097,2016,2016-05-20,St Lawrence Ground,1,12.4,Somerset,Kent,J Allenby,PD Trego,DI Stevens,6,0,,,,,,,,,
947097,2016,2016-05-20,St Lawrence Ground,1,12.5,Somerset,Kent,J Allenby,PD Trego,DI Stevens,6,0,,,,,,,,,
947097,2016,2016-05-20,St Lawrence Ground,1,12.6,Somerset,Kent,J Allenby,PD Trego,DI Stevens,1,0,,,,,,,,,
947097,2016,2016-05-20,St Lawrence Ground,1,13.1,Somerset,Kent,J Allenby,PD Trego,FK Cowdrey,1,0,,,,,,,,,
947097,2016,2016-05-20,St Lawrence Ground,1,13.2,Somerset,Kent,PD Trego,J Allenby,FK Cowdrey,0,0,,,,,,caught,PD Trego,,
947097,2016,2016-05-20,St Lawrence Ground,1,13.3,Somerset,Kent,J Allenby,MA Leask,FK Cowdrey,1,0,,,,,,,,,
947097,2016,2016-05-20,St Lawrence Ground,1,13.4,Somerset,Kent,MA Leask,J Allenby,FK Cowdrey,1,0,,,,,,,,,
947097,2016,2016-05-20,St Lawrence Ground,1,13.5,Somerset,Kent,J Allenby,MA Leask,FK Cowdrey,1,0,,,,,,,,,
947097,2016,2016-05-20,St Lawrence Ground,1,13.6,Somerset,Kent,MA Leask,J Allenby,FK Cowdrey,1,0,,,,,,,,,
947097,2016,2016-05-20,St Lawrence Ground,1,14.1,Somerset,Kent,MA Leask,J Allenby,MT Coles,6,0,,,,,,,,,
947097,2016,2016-05-20,St Lawrence Ground,1,14.2,Somerset,Kent,MA Leask,J Allenby,MT Coles,0,0,,,,,,caught,MA Leask,,
947097,2016,2016-05-20,St Lawrence Ground,1,14.3,Somerset,Kent,J Allenby,RC Davies,MT Coles,0,0,,,,,,,,,
947097,2016,2016-05-20,St Lawrence Ground,1,14.4,Somerset,Kent,J Allenby,RC Davies,MT Coles,1,0,,,,,,,,,
947097,2016,2016-05-20,St Lawrence Ground,1,14.5,Somerset,Kent,RC Davies,J Allenby,MT Coles,4,0,,,,,,,,,
947097,2016,2016-05-20,St Lawrence Ground,1,14.6,Somerset,Kent,RC Davies,J Allenby,MT Coles,1,0,,,,,,,,,
947097,2016,2016-05-20,St Lawrence Ground,1,15.1,Somerset,Kent,RC Davies,J Allenby,FK Cowdrey,0,0,,,,,,caught,RC Davies,,
947097,2016,2016-05-20,St Lawrence Ground,1,15.2,Somerset,Kent,J Allenby,J Overton,FK Cowdrey,1,0,,,,,,,,,
947097,2016,2016-05-20,St Lawrence Ground,1,15.3,Somerset,Kent,J Overton,J Allenby,FK Cowdrey,1,0,,,,,,,,,
947097,2016,2016-05-20,St Lawrence Ground,1,15.4,Somerset,Kent,J Allenby,J Overton,FK Cowdrey,0,0,,,,,,,,,
947097,2016,2016-05-20,St Lawrence Ground,1,15.5,Somerset,Kent,J Allenby,J Overton,FK Cowdrey,1,0,,,,,,,,,
947097,2016,2016-05-20,St Lawrence Ground,1,15.6,Somerset,Kent,J Overton,J Allenby,FK Cowdrey,0,0,,,,,,caught,J Overton,,
947097,2016,2016-05-20,St Lawrence Ground,1,16.1,Somerset,Kent,J Allenby,RE van der Merwe,ME Claydon,1,0,,,,,,,,,
947097,2016,2016-05-20,St Lawrence Ground,1,16.2,Somerset,Kent,RE van der Merwe,J Allenby,ME Claydon,4,0,,,,,,,,,
947097,2016,2016-05-20,St Lawrence Ground,1,16.3,Somerset,Kent,RE van der Merwe,J Allenby,ME Claydon,4,0,,,,,,,,,
947097,2016,2016-05-20,St Lawrence Ground,1,16.4,Somerset,Kent,RE van der Merwe,J Allenby,ME Claydon,0,0,,,,,,,,,
947097,2016,2016-05-20,St Lawrence Ground,1,16.5,Somerset,Kent,RE van der Merwe,J Allenby,ME Claydon,1,0,,,,,,,,,
947097,2016,2016-05-20,St Lawrence Ground,1,16.6,Somerset,Kent,J Allenby,RE van der Merwe,ME Claydon,1,0,,,,,,,,,
947097,2016,2016-05-20,St Lawrence Ground,1,17.1,Somerset,Kent,J Allenby,RE van der Merwe,DA Griffiths,0,1,,,,1,,,,,
947097,2016,2016-05-20,St Lawrence Ground,1,17.2,Somerset,Kent,RE van der Merwe,J Allenby,DA Griffiths,0,0,,,,,,bowled,RE van der Merwe,,
947097,2016,2016-05-20,St Lawrence Ground,1,17.3,Somerset,Kent,JC Hildreth,J Allenby,DA Griffiths,4,0,,,,,,,,,
947097,2016,2016-05-20,St Lawrence Ground,1,17.4,Somerset,Kent,JC Hildreth,J Allenby,DA Griffiths,1,0,,,,,,,,,
947097,2016,2016-05-20,St Lawrence Ground,1,17.5,Somerset,Kent,J Allenby,JC Hildreth,DA Griffiths,2,0,,,,,,,,,
947097,2016,2016-05-20,St Lawrence Ground,1,17.6,Somerset,Kent,J Allenby,JC Hildreth,DA Griffiths,1,0,,,,,,,,,
947097,2016,2016-05-20,St Lawrence Ground,1,18.1,Somerset,Kent,J Allenby,JC Hildreth,ME Claydon,4,0,,,,,,,,,
947097,2016,2016-05-20,St Lawrence Ground,1,18.2,Somerset,Kent,J Allenby,JC Hildreth,ME Claydon,0,0,,,,,,,,,
947097,2016,2016-05-20,St Lawrence Ground,1,18.3,Somerset,Kent,J Allenby,JC Hildreth,ME Claydon,0,0,,,,,,bowled,J Allenby,,
947097,2016,2016-05-20,St Lawrence Ground,1,18.4,Somerset,Kent,Yasir Arafat,JC Hildreth,ME Claydon,4,0,,,,,,,,,
947097,2016,2016-05-20,St Lawrence Ground,1,18.5,Somerset,Kent,Yasir Arafat,JC Hildreth,ME Claydon,1,0,,,,,,,,,
947097,2016,2016-05-20,St Lawrence Ground,1,18.6,Somerset,Kent,JC Hildreth,Yasir Arafat,ME Claydon,0,0,,,,,,,,,
947097,2016,2016-05-20,St Lawrence Ground,1,19.1,Somerset,Kent,Yasir Arafat,JC Hildreth,DA Griffiths,1,0,,,,,,,,,
947097,2016,2016-05-20,St Lawrence Ground,1,19.2,Somerset,Kent,JC Hildreth,Yasir Arafat,DA Griffiths,1,0,,,,,,,,,
947097,2016,2016-05-20,St Lawrence Ground,1,19.3,Somerset,Kent,Yasir Arafat,JC Hildreth,DA Griffiths,1,0,,,,,,,,,
947097,2016,2016-05-20,St Lawrence Ground,1,19.4,Somerset,Kent,JC Hildreth,Yasir Arafat,DA Griffiths,1,0,,,,,,,,,
947097,2016,2016-05-20,St Lawrence Ground,1,19.5,Somerset,Kent,Yasir Arafat,JC Hildreth,DA Griffiths,1,0,,,,,,,,,
947097,2016,2016-05-20,St Lawrence Ground,1,19.6,Somerset,Kent,JC Hildreth,Yasir Arafat,DA Griffiths,1,0,,,,,,,,,
947097,2016,2016-05-20,St Lawrence Ground,2,0.1,Kent,Somerset,DJ Bell-Drummond,JL Denly,J Overton,0,0,,,,,,,,,
947097,2016,2016-05-20,St Lawrence Ground,2,0.2,Kent,Somerset,DJ Bell-Drummond,JL Denly,J Overton,0,1,1,,,,,,,,
947097,2016,2016-05-20,St Lawrence Ground,2,0.3,Kent,Somerset,DJ Bell-Drummond,JL Denly,J Overton,0,0,,,,,,,,,
947097,2016,2016-05-20,St Lawrence Ground,2,0.4,Kent,Somerset,DJ Bell-Drummond,JL Denly,J Overton,1,0,,,,,,,,,
947097,2016,2016-05-20,St Lawrence Ground,2,0.5,Kent,Somerset,JL Denly,DJ Bell-Drummond,J Overton,0,0,,,,,,,,,
947097,2016,2016-05-20,St Lawrence Ground,2,0.6,Kent,Somerset,JL Denly,DJ Bell-Drummond,J Overton,0,0,,,,,,,,,
947097,2016,2016-05-20,St Lawrence Ground,2,0.7,Kent,Somerset,JL Denly,DJ Bell-Drummond,J Overton,4,0,,,,,,,,,
947097,2016,2016-05-20,St Lawrence Ground,2,1.1,Kent,Somerset,DJ Bell-Drummond,JL Denly,TD Groenewald,0,0,,,,,,,,,
947097,2016,2016-05-20,St Lawrence Ground,2,1.2,Kent,Somerset,DJ Bell-Drummond,JL Denly,TD Groenewald,1,0,,,,,,,,,
947097,2016,2016-05-20,St Lawrence Ground,2,1.3,Kent,Somerset,JL Denly,DJ Bell-Drummond,TD Groenewald,1,0,,,,,,,,,
947097,2016,2016-05-20,St Lawrence Ground,2,1.4,Kent,Somerset,DJ Bell-Drummond,JL Denly,TD Groenewald,4,0,,,,,,,,,
947097,2016,2016-05-20,St Lawrence Ground,2,1.5,Kent,Somerset,DJ Bell-Drummond,JL Denly,TD Groenewald,1,0,,,,,,,,,
947097,2016,2016-05-20,St Lawrence Ground,2,1.6,Kent,Somerset,JL Denly,DJ Bell-Drummond,TD Groenewald,0,0,,,,,,,,,
947097,2016,2016-05-20,St Lawrence Ground,2,2.1,Kent,Somerset,DJ Bell-Drummond,JL Denly,Yasir Arafat,6,0,,,,,,,,,
947097,2016,2016-05-20,St Lawrence Ground,2,2.2,Kent,Somerset,DJ Bell-Drummond,JL Denly,Yasir Arafat,4,0,,,,,,,,,
947097,2016,2016-05-20,St Lawrence Ground,2,2.3,Kent,Somerset,DJ Bell-Drummond,JL Denly,Yasir Arafat,4,0,,,,,,,,,
947097,2016,2016-05-20,St Lawrence Ground,2,2.4,Kent,Somerset,DJ Bell-Drummond,JL Denly,Yasir Arafat,0,0,,,,,,,,,
947097,2016,2016-05-20,St Lawrence Ground,2,2.5,Kent,Somerset,DJ Bell-Drummond,JL Denly,Yasir Arafat,4,0,,,,,,,,,
947097,2016,2016-05-20,St Lawrence Ground,2,2.6,Kent,Somerset,DJ Bell-Drummond,JL Denly,Yasir Arafat,4,0,,,,,,,,,
947097,2016,2016-05-20,St Lawrence Ground,2,3.1,Kent,Somerset,JL Denly,DJ Bell-Drummond,TD Groenewald,1,0,,,,,,,,,
947097,2016,2016-05-20,St Lawrence Ground,2,3.2,Kent,Somerset,DJ Bell-Drummond,JL Denly,TD Groenewald,1,0,,,,,,,,,
947097,2016,2016-05-20,St Lawrence Ground,2,3.3,Kent,Somerset,JL Denly,DJ Bell-Drummond,TD Groenewald,1,0,,,,,,,,,
947097,2016,2016-05-20,St Lawrence Ground,2,3.4,Kent,Somerset,DJ Bell-Drummond,JL Denly,TD Groenewald,2,0,,,,,,,,,
947097,2016,2016-05-20,St Lawrence Ground,2,3.5,Kent,Somerset,DJ Bell-Drummond,JL Denly,TD Groenewald,0,0,,,,,,,,,
947097,2016,2016-05-20,St Lawrence Ground,2,3.6,Kent,Somerset,DJ Bell-Drummond,JL Denly,TD Groenewald,1,0,,,,,,,,,
947097,2016,2016-05-20,St Lawrence Ground,2,4.1,Kent,Somerset,DJ Bell-Drummond,JL Denly,J Overton,1,0,,,,,,,,,
947097,2016,2016-05-20,St Lawrence Ground,2,4.2,Kent,Somerset,JL Denly,DJ Bell-Drummond,J Overton,6,0,,,,,,,,,
947097,2016,2016-05-20,St Lawrence Ground,2,4.3,Kent,Somerset,JL Denly,DJ Bell-Drummond,J Overton,0,0,,,,,,,,,
947097,2016,2016-05-20,St Lawrence Ground,2,4.4,Kent,Somerset,JL Denly,DJ Bell-Drummond,J Overton,6,0,,,,,,,,,
947097,2016,2016-05-20,St Lawrence Ground,2,4.5,Kent,Somerset,JL Denly,DJ Bell-Drummond,J Overton,1,0,,,,,,,,,
947097,2016,2016-05-20,St Lawrence Ground,2,4.6,Kent,Somerset,DJ Bell-Drummond,JL Denly,J Overton,1,0,,,,,,,,,
947097,2016,2016-05-20,St Lawrence Ground,2,5.1,Kent,Somerset,DJ Bell-Drummond,JL Denly,RE van der Merwe,4,0,,,,,,,,,
947097,2016,2016-05-20,St Lawrence Ground,2,5.2,Kent,Somerset,DJ Bell-Drummond,JL Denly,RE van der Merwe,0,0,,,,,,,,,
947097,2016,2016-05-20,St Lawrence Ground,2,5.3,Kent,Somerset,DJ Bell-Drummond,JL Denly,RE van der Merwe,1,0,,,,,,,,,
947097,2016,2016-05-20,St Lawrence Ground,2,5.4,Kent,Somerset,JL Denly,DJ Bell-Drummond,RE van der Merwe,1,0,,,,,,,,,
947097,2016,2016-05-20,St Lawrence Ground,2,5.5,Kent,Somerset,DJ Bell-Drummond,JL Denly,RE van der Merwe,4,0,,,,,,,,,
947097,2016,2016-05-20,St Lawrence Ground,2,5.6,Kent,Somerset,DJ Bell-Drummond,JL Denly,RE van der Merwe,2,0,,,,,,,,,
947097,2016,2016-05-20,St Lawrence Ground,2,6.1,Kent,Somerset,JL Denly,DJ Bell-Drummond,J Allenby,6,0,,,,,,,,,
947097,2016,2016-05-20,St Lawrence Ground,2,6.2,Kent,Somerset,JL Denly,DJ Bell-Drummond,J Allenby,1,0,,,,,,,,,
947097,2016,2016-05-20,St Lawrence Ground,2,6.3,Kent,Somerset,DJ Bell-Drummond,JL Denly,J Allenby,1,0,,,,,,,,,
947097,2016,2016-05-20,St Lawrence Ground,2,6.4,Kent,Somerset,JL Denly,DJ Bell-Drummond,J Allenby,1,0,,,,,,,,,
947097,2016,2016-05-20,St Lawrence Ground,2,6.5,Kent,Somerset,DJ Bell-Drummond,JL Denly,J Allenby,1,0,,,,,,,,,
947097,2016,2016-05-20,St Lawrence Ground,2,6.6,Kent,Somerset,JL Denly,DJ Bell-Drummond,J Allenby,1,0,,,,,,,,,
947097,2016,2016-05-20,St Lawrence Ground,2,7.1,Kent,Somerset,JL Denly,DJ Bell-Drummond,MTC Waller,1,0,,,,,,,,,
947097,2016,2016-05-20,St Lawrence Ground,2,7.2,Kent,Somerset,DJ Bell-Drummond,JL Denly,MTC Waller,1,0,,,,,,,,,
947097,2016,2016-05-20,St Lawrence Ground,2,7.3,Kent,Somerset,JL Denly,DJ Bell-Drummond,MTC Waller,0,0,,,,,,,,,
947097,2016,2016-05-20,St Lawrence Ground,2,7.4,Kent,Somerset,JL Denly,DJ Bell-Drummond,MTC Waller,1,0,,,,,,,,,
947097,2016,2016-05-20,St Lawrence Ground,2,7.5,Kent,Somerset,DJ Bell-Drummond,JL Denly,MTC Waller,1,0,,,,,,,,,
947097,2016,2016-05-20,St Lawrence Ground,2,7.6,Kent,Somerset,JL Denly,DJ Bell-Drummond,MTC Waller,1,0,,,,,,,,,
947097,2016,2016-05-20,St Lawrence Ground,2,8.1,Kent,Somerset,JL Denly,DJ Bell-Drummond,Yasir Arafat,0,1,,,,1,,,,,
947097,2016,2016-05-20,St Lawrence Ground,2,8.2,Kent,Somerset,DJ Bell-Drummond,JL Denly,Yasir Arafat,1,0,,,,,,,,,
947097,2016,2016-05-20,St Lawrence Ground,2,8.3,Kent,Somerset,JL Denly,DJ Bell-Drummond,Yasir Arafat,2,0,,,,,,,,,
947097,2016,2016-05-20,St Lawrence Ground,2,8.4,Kent,Somerset,JL Denly,DJ Bell-Drummond,Yasir Arafat,4,0,,,,,,,,,
947097,2016,2016-05-20,St Lawrence Ground,2,8.5,Kent,Somerset,JL Denly,DJ Bell-Drummond,Yasir Arafat,1,0,,,,,,,,,
947097,2016,2016-05-20,St Lawrence Ground,2,8.6,Kent,Somerset,DJ Bell-Drummond,JL Denly,Yasir Arafat,4,0,,,,,,,,,
947097,2016,2016-05-20,St Lawrence Ground,2,9.1,Kent,Somerset,JL Denly,DJ Bell-Drummond,MTC Waller,1,0,,,,,,,,,
947097,2016,2016-05-20,St Lawrence Ground,2,9.2,Kent,Somerset,DJ Bell-Drummond,JL Denly,MTC Waller,6,0,,,,,,,,,
947097,2016,2016-05-20,St Lawrence Ground,2,9.3,Kent,Somerset,DJ Bell-Drummond,JL Denly,MTC Waller,1,0,,,,,,,,,
947097,2016,2016-05-20,St Lawrence Ground,2,9.4,Kent,Somerset,JL Denly,DJ Bell-Drummond,MTC Waller,6,0,,,,,,,,,
947097,2016,2016-05-20,St Lawrence Ground,2,9.5,Kent,Somerset,JL Denly,DJ Bell-Drummond,MTC Waller,0,0,,,,,,,,,
947097,2016,2016-05-20,St Lawrence Ground,2,9.6,Kent,Somerset,JL Denly,DJ Bell-Drummond,MTC Waller,1,0,,,,,,,,,
947097,2016,2016-05-20,St Lawrence Ground,2,10.1,Kent,Somerset,JL Denly,DJ Bell-Drummond,J Overton,1,0,,,,,,,,,
947097,2016,2016-05-20,St Lawrence Ground,2,10.2,Kent,Somerset,DJ Bell-Drummond,JL Denly,J Overton,1,0,,,,,,,,,
947097,2016,2016-05-20,St Lawrence Ground,2,10.3,Kent,Somerset,JL Denly,DJ Bell-Drummond,J Overton,4,0,,,,,,,,,
947097,2016,2016-05-20,St Lawrence Ground,2,10.4,Kent,Somerset,JL Denly,DJ Bell-Drummond,J Overton,0,0,,,,,,,,,
947097,2016,2016-05-20,St Lawrence Ground,2,10.5,Kent,Somerset,JL Denly,DJ Bell-Drummond,J Overton,4,0,,,,,,,,,
947097,2016,2016-05-20,St Lawrence Ground,2,10.6,Kent,Somerset,JL Denly,DJ Bell-Drummond,J Overton,6,0,,,,,,,,,
947097,2016,2016-05-20,St Lawrence Ground,2,11.1,Kent,Somerset,DJ Bell-Drummond,JL Denly,RE van der Merwe,4,0,,,,,,,,,
947097,2016,2016-05-20,St Lawrence Ground,2,11.2,Kent,Somerset,DJ Bell-Drummond,JL Denly,RE van der Merwe,1,0,,,,,,,,,
947097,2016,2016-05-20,St Lawrence Ground,2,11.3,Kent,Somerset,JL Denly,DJ Bell-Drummond,RE van der Merwe,1,0,,,,,,,,,
947097,2016,2016-05-20,St Lawrence Ground,2,11.4,Kent,Somerset,DJ Bell-Drummond,JL Denly,RE van der Merwe,4,0,,,,,,,,,
947097,2016,2016-05-20,St Lawrence Ground,2,11.5,Kent,Somerset,DJ Bell-Drummond,JL Denly,RE van der Merwe,1,0,,,,,,,,,
947097,2016,2016-05-20,St Lawrence Ground,2,11.6,Kent,Somerset,JL Denly,DJ Bell-Drummond,RE van der Merwe,1,0,,,,,,,,,
947097,2016,2016-05-20,St Lawrence Ground,2,12.1,Kent,Somerset,JL Denly,DJ Bell-Drummond,TD Groenewald,6,0,,,,,,,,,
947097,2016,2016-05-20,St Lawrence Ground,2,12.2,Kent,Somerset,JL Denly,DJ Bell-Drummond,TD Groenewald,4,0,,,,,,,,,
947097,2016,2016-05-20,St Lawrence Ground,2,12.3,Kent,Somerset,JL Denly,DJ Bell-Drummond,TD Groenewald,0,0,,,,,,caught,JL Denly,,
947097,2016,2016-05-20,St Lawrence Ground,2,12.4,Kent,Somerset,SA Northeast,DJ Bell-Drummond,TD Groenewald,1,0,,,,,,,,,
947097,2016,2016-05-20,St Lawrence Ground,2,12.5,Kent,Somerset,DJ Bell-Drummond,SA Northeast,TD Groenewald,1,0,,,,,,,,,
947097,2016,2016-05-20,St Lawrence Ground,2,12.6,Kent,Somerset,SA Northeast,DJ Bell-Drummond,TD Groenewald,1,0,,,,,,,,,
947097,2016,2016-05-20,St Lawrence Ground,2,13.1,Kent,Somerset,SA Northeast,DJ Bell-Drummond,Yasir Arafat,2,0,,,,,,,,,
947097,2016,2016-05-20,St Lawrence Ground,2,13.2,Kent,Somerset,SA Northeast,DJ Bell-Drummond,Yasir Arafat,4,0,,,,,,,,,
947097,2016,2016-05-20,St Lawrence Ground,2,13.3,Kent,Somerset,SA Northeast,DJ Bell-Drummond,Yasir Arafat,1,0,,,,,,,,,
947097,2016,2016-05-20,St Lawrence Ground,2,13.4,Kent,Somerset,DJ Bell-Drummond,SA Northeast,Yasir Arafat,1,0,,,,,,,,,
947097,2016,2016-05-20,St Lawrence Ground,2,13.5,Kent,Somerset,SA Northeast,DJ Bell-Drummond,Yasir Arafat,0,0,,,,,,,,,
947097,2016,2016-05-20,St Lawrence Ground,2,13.6,Kent,Somerset,SA Northeast,DJ Bell-Drummond,Yasir Arafat,6,0,,,,,,,,,
947097,2016,2016-05-20,St Lawrence Ground,2,14.1,Kent,Somerset,DJ Bell-Drummond,SA Northeast,TD Groenewald,2,0,,,,,,,,,
947097,2016,2016-05-20,St Lawrence Ground,2,14.2,Kent,Somerset,DJ Bell-Drummond,SA Northeast,TD Groenewald,1,0,,,,,,,,,
947097,2016,2016-05-20,St Lawrence Ground,2,14.3,Kent,Somerset,SA Northeast,DJ Bell-Drummond,TD Groenewald,4,0,,,,,,,,,
947097,2016,2016-05-20,St Lawrence Ground,2,14.4,Kent,Somerset,SA Northeast,DJ Bell-Drummond,TD Groenewald,4,0,,,,,,,,,
947097,2016,2016-05-20,St Lawrence Ground,2,14.5,Kent,Somerset,SA Northeast,DJ Bell-Drummond,TD Groenewald,1,0,,,,,,,,,
947097,2016,2016-05-20,St Lawrence Ground,2,14.6,Kent,Somerset,DJ Bell-Drummond,SA Northeast,TD Groenewald,0,0,,,,,,,,,
947097,2016,2016-05-20,St Lawrence Ground,2,15.1,Kent,Somerset,SA Northeast,DJ Bell-Drummond,J Allenby,1,0,,,,,,,,,
947097,2016,2016-05-20,St Lawrence Ground,2,15.2,Kent,Somerset,DJ Bell-Drummond,SA Northeast,J Allenby,1,0,,,,,,,,,
947097,2016,2016-05-20,St Lawrence Ground,2,15.3,Kent,Somerset,SA Northeast,DJ Bell-Drummond,J Allenby,1,0,,,,,,,,,
947097,2016,2016-05-20,St Lawrence Ground,2,15.4,Kent,Somerset,DJ Bell-Drummond,SA Northeast,J Allenby,1,0,,,,,,,,,
947097,2016,2016-05-20,St Lawrence Ground,2,15.5,Kent,Somerset,SA Northeast,DJ Bell-Drummond,J Allenby,1,0,,,,,,,,,
947097,2016,2016-05-20,St Lawrence Ground,2,15.6,Kent,Somerset,DJ Bell-Drummond,SA Northeast,J Allenby,1,0,,,,,,,,,
947097,2016,2016-05-20,St Lawrence Ground,2,16.1,Kent,Somerset,DJ Bell-Drummond,SA Northeast,RE van der Merwe,1,0,,,,,,,,,
947097,2016,2016-05-20,St Lawrence Ground,2,16.2,Kent,Somerset,SA Northeast,DJ Bell-Drummond,RE van der Merwe,0,0,,,,,,caught,SA Northeast,,
947097,2016,2016-05-20,St Lawrence Ground,2,16.3,Kent,Somerset,DI Stevens,DJ Bell-Drummond,RE van der Merwe,6,0,,,,,,,,,
947097,2016,2016-05-20,St Lawrence Ground,2,16.4,Kent,Somerset,DI Stevens,DJ Bell-Drummond,RE van der Merwe,1,0,,,,,,,,,
947097,2016,2016-05-20,St Lawrence Ground,2,16.5,Kent,Somerset,DJ Bell-Drummond,DI Stevens,RE van der Merwe,0,1,1,,,,,,,,
947097,2016,2016-05-20,St Lawrence Ground,2,16.6,Kent,Somerset,DJ Bell-Drummond,DI Stevens,RE van der Merwe,1,0,,,,,,,,,
947097,2016,2016-05-20,St Lawrence Ground,2,16.7,Kent,Somerset,DI Stevens,DJ Bell-Drummond,RE van der Merwe,1,0,,,,,,,,,
947097,2016,2016-05-20,St Lawrence Ground,2,17.1,Kent,Somerset,DI Stevens,DJ Bell-Drummond,MTC Waller,0,0,,,,,,,,,
947097,2016,2016-05-20,St Lawrence Ground,2,17.2,Kent,Somerset,DI Stevens,DJ Bell-Drummond,MTC Waller,4,0,,,,,,,,,
