match_id,season,start_date,venue,innings,ball,batting_team,bowling_team,striker,non_striker,bowler,runs_off_bat,extras,wides,noballs,byes,legbyes,penalty,wicket_type,player_dismissed,other_wicket_type,other_player_dismissed
947113,2016,2016-05-27,Headingley,1,0.1,Leicestershire,Yorkshire,ML Pettini,MJ Cosgrove,TT Bresnan,0,0,,,,,,,,,
947113,2016,2016-05-27,Headingley,1,0.2,Leicestershire,Yorkshire,ML Pettini,MJ Cosgrove,TT Bresnan,0,0,,,,,,,,,
947113,2016,2016-05-27,Headingley,1,0.3,Leicestershire,Yorkshire,ML Pettini,MJ Cosgrove,TT Bresnan,0,0,,,,,,,,,
947113,2016,2016-05-27,Headingley,1,0.4,Leicestershire,Yorkshire,ML Pettini,MJ Cosgrove,TT Bresnan,0,0,,,,,,,,,
947113,2016,2016-05-27,Headingley,1,0.5,Leicestershire,Yorkshire,ML Pettini,MJ Cosgrove,TT Bresnan,0,0,,,,,,caught,ML Pettini,,
947113,2016,2016-05-27,Headingley,1,0.6,Leicestershire,Yorkshire,KJ O'Brien,MJ Cosgrove,TT Bresnan,0,0,,,,,,,,,
947113,2016,2016-05-27,Headingley,1,1.1,Leicestershire,Yorkshire,MJ Cosgrove,KJ O'Brien,JC Wainman,0,1,1,,,,,,,,
947113,2016,2016-05-27,Headingley,1,1.2,Leicestershire,Yorkshire,MJ Cosgrove,KJ O'Brien,JC Wainman,4,0,,,,,,,,,
947113,2016,2016-05-27,Headingley,1,1.3,Leicestershire,Yorkshire,MJ Cosgrove,KJ O'Brien,JC Wainman,0,0,,,,,,,,,
947113,2016,2016-05-27,Headingley,1,1.4,Leicestershire,Yorkshire,MJ Cosgrove,KJ O'Brien,JC Wainman,4,0,,,,,,,,,
947113,2016,2016-05-27,Headingley,1,1.5,Leicestershire,Yorkshire,MJ Cosgrove,KJ O'Brien,JC Wainman,1,0,,,,,,,,,
947113,2016,2016-05-27,Headingley,1,1.6,Leicestershire,Yorkshire,KJ O'Brien,MJ Cosgrove,JC Wainman,0,0,,,,,,,,,
947113,2016,2016-05-27,Headingley,1,1.7,Leicestershire,Yorkshire,KJ O'Brien,MJ Cosgrove,JC Wainman,0,0,,,,,,,,,
947113,2016,2016-05-27,Headingley,1,2.1,Leicestershire,Yorkshire,MJ Cosgrove,KJ O'Brien,TT Bresnan,4,0,,,,,,,,,
947113,2016,2016-05-27,Headingley,1,2.2,Leicestershire,Yorkshire,MJ Cosgrove,KJ O'Brien,TT Bresnan,0,0,,,,,,,,,
947113,2016,2016-05-27,Headingley,1,2.3,Leicestershire,Yorkshire,MJ Cosgrove,KJ O'Brien,TT Bresnan,2,0,,,,,,,,,
947113,2016,2016-05-27,Headingley,1,2.4,Leicestershire,Yorkshire,MJ Cosgrove,KJ O'Brien,TT Bresnan,0,0,,,,,,,,,
947113,2016,2016-05-27,Headingley,1,2.5,Leicestershire,Yorkshire,MJ Cosgrove,KJ O'Brien,TT Bresnan,1,0,,,,,,,,,
947113,2016,2016-05-27,Headingley,1,2.6,Leicestershire,Yorkshire,KJ O'Brien,MJ Cosgrove,TT Bresnan,4,0,,,,,,,,,
947113,2016,2016-05-27,Headingley,1,3.1,Leicestershire,Yorkshire,MJ Cosgrove,KJ O'Brien,JC Wainman,4,0,,,,,,,,,
947113,2016,2016-05-27,Headingley,1,3.2,Leicestershire,Yorkshire,MJ Cosgrove,KJ O'Brien,JC Wainman,0,0,,,,,,caught,MJ Cosgrove,,
947113,2016,2016-05-27,Headingley,1,3.3,Leicestershire,Yorkshire,BA Raine,KJ O'Brien,JC Wainman,0,0,,,,,,,,,
947113,2016,2016-05-27,Headingley,1,3.4,Leicestershire,Yorkshire,BA Raine,KJ O'Brien,JC Wainman,1,0,,,,,,,,,
947113,2016,2016-05-27,Headingley,1,3.5,Leicestershire,Yorkshire,KJ O'Brien,BA Raine,JC Wainman,1,0,,,,,,,,,
947113,2016,2016-05-27,Headingley,1,3.6,Leicestershire,Yorkshire,BA Raine,KJ O'Brien,JC Wainman,1,0,,,,,,,,,
947113,2016,2016-05-27,Headingley,1,4.1,Leicestershire,Yorkshire,BA Raine,KJ O'Brien,LE Plunkett,1,0,,,,,,,,,
947113,2016,2016-05-27,Headingley,1,4.2,Leicestershire,Yorkshire,KJ O'Brien,BA Raine,LE Plunkett,4,0,,,,,,,,,
947113,2016,2016-05-27,Headingley,1,4.3,Leicestershire,Yorkshire,KJ O'Brien,BA Raine,LE Plunkett,1,0,,,,,,,,,
947113,2016,2016-05-27,Headingley,1,4.4,Leicestershire,Yorkshire,BA Raine,KJ O'Brien,LE Plunkett,0,0,,,,,,,,,
947113,2016,2016-05-27,Headingley,1,4.5,Leicestershire,Yorkshire,BA Raine,KJ O'Brien,LE Plunkett,3,0,,,,,,,,,
947113,2016,2016-05-27,Headingley,1,4.6,Leicestershire,Yorkshire,KJ O'Brien,BA Raine,LE Plunkett,1,0,,,,,,,,,
947113,2016,2016-05-27,Headingley,1,5.1,Leicestershire,Yorkshire,KJ O'Brien,BA Raine,JC Wainman,4,0,,,,,,,,,
947113,2016,2016-05-27,Headingley,1,5.2,Leicestershire,Yorkshire,KJ O'Brien,BA Raine,JC Wainman,2,0,,,,,,,,,
947113,2016,2016-05-27,Headingley,1,5.3,Leicestershire,Yorkshire,KJ O'Brien,BA Raine,JC Wainman,0,0,,,,,,,,,
947113,2016,2016-05-27,Headingley,1,5.4,Leicestershire,Yorkshire,KJ O'Brien,BA Raine,JC Wainman,2,0,,,,,,,,,
947113,2016,2016-05-27,Headingley,1,5.5,Leicestershire,Yorkshire,KJ O'Brien,BA Raine,JC Wainman,1,0,,,,,,,,,
947113,2016,2016-05-27,Headingley,1,5.6,Leicestershire,Yorkshire,BA Raine,KJ O'Brien,JC Wainman,1,0,,,,,,,,,
947113,2016,2016-05-27,Headingley,1,6.1,Leicestershire,Yorkshire,BA Raine,KJ O'Brien,LE Plunkett,1,0,,,,,,,,,
947113,2016,2016-05-27,Headingley,1,6.2,Leicestershire,Yorkshire,KJ O'Brien,BA Raine,LE Plunkett,1,0,,,,,,,,,
947113,2016,2016-05-27,Headingley,1,6.3,Leicestershire,Yorkshire,BA Raine,KJ O'Brien,LE Plunkett,1,0,,,,,,,,,
947113,2016,2016-05-27,Headingley,1,6.4,Leicestershire,Yorkshire,KJ O'Brien,BA Raine,LE Plunkett,0,0,,,,,,,,,
947113,2016,2016-05-27,Headingley,1,6.5,Leicestershire,Yorkshire,KJ O'Brien,BA Raine,LE Plunkett,0,0,,,,,,caught,KJ O'Brien,,
947113,2016,2016-05-27,Headingley,1,6.6,Leicestershire,Yorkshire,BA Raine,Umar Akmal,LE Plunkett,0,0,,,,,,,,,
947113,2016,2016-05-27,Headingley,1,7.1,Leicestershire,Yorkshire,Umar Akmal,BA Raine,AU Rashid,1,0,,,,,,,,,
947113,2016,2016-05-27,Headingley,1,7.2,Leicestershire,Yorkshire,BA Raine,Umar Akmal,AU Rashid,0,0,,,,,,,,,
947113,2016,2016-05-27,Headingley,1,7.3,Leicestershire,Yorkshire,BA Raine,Umar Akmal,AU Rashid,4,0,,,,,,,,,
947113,2016,2016-05-27,Headingley,1,7.4,Leicestershire,Yorkshire,BA Raine,Umar Akmal,AU Rashid,1,0,,,,,,,,,
947113,2016,2016-05-27,Headingley,1,7.5,Leicestershire,Yorkshire,Umar Akmal,BA Raine,AU Rashid,1,0,,,,,,,,,
947113,2016,2016-05-27,Headingley,1,7.6,Leicestershire,Yorkshire,BA Raine,Umar Akmal,AU Rashid,1,0,,,,,,,,,
947113,2016,2016-05-27,Headingley,1,8.1,Leicestershire,Yorkshire,BA Raine,Umar Akmal,LE Plunkett,0,2,,2,,,,,,,
947113,2016,2016-05-27,Headingley,1,8.2,Leicestershire,Yorkshire,BA Raine,Umar Akmal,LE Plunkett,1,0,,,,,,,,,
947113,2016,2016-05-27,Headingley,1,8.3,Leicestershire,Yorkshire,Umar Akmal,BA Raine,LE Plunkett,0,0,,,,,,,,,
947113,2016,2016-05-27,Headingley,1,8.4,Leicestershire,Yorkshire,Umar Akmal,BA Raine,LE Plunkett,4,0,,,,,,,,,
947113,2016,2016-05-27,Headingley,1,8.5,Leicestershire,Yorkshire,Umar Akmal,BA Raine,LE Plunkett,1,0,,,,,,,,,
947113,2016,2016-05-27,Headingley,1,8.6,Leicestershire,Yorkshire,BA Raine,Umar Akmal,LE Plunkett,0,0,,,,,,,,,
947113,2016,2016-05-27,Headingley,1,8.7,Leicestershire,Yorkshire,BA Raine,Umar Akmal,LE Plunkett,1,0,,,,,,,,,
947113,2016,2016-05-27,Headingley,1,9.1,Leicestershire,Yorkshire,BA Raine,Umar Akmal,AU Rashid,1,0,,,,,,,,,
947113,2016,2016-05-27,Headingley,1,9.2,Leicestershire,Yorkshire,Umar Akmal,BA Raine,AU Rashid,0,0,,,,,,,,,
947113,2016,2016-05-27,Headingley,1,9.3,Leicestershire,Yorkshire,Umar Akmal,BA Raine,AU Rashid,0,1,,,,1,,,,,
947113,2016,2016-05-27,Headingley,1,9.4,Leicestershire,Yorkshire,BA Raine,Umar Akmal,AU Rashid,0,0,,,,,,,,,
947113,2016,2016-05-27,Headingley,1,9.5,Leicestershire,Yorkshire,BA Raine,Umar Akmal,AU Rashid,1,0,,,,,,,,,
947113,2016,2016-05-27,Headingley,1,9.6,Leicestershire,Yorkshire,Umar Akmal,BA Raine,AU Rashid,1,0,,,,,,,,,
947113,2016,2016-05-27,Headingley,1,10.1,Leicestershire,Yorkshire,Umar Akmal,BA Raine,LE Plunkett,0,0,,,,,,,,,
947113,2016,2016-05-27,Headingley,1,10.2,Leicestershire,Yorkshire,Umar Akmal,BA Raine,LE Plunkett,0,0,,,,,,caught,Umar Akmal,,
947113,2016,2016-05-27,Headingley,1,10.3,Leicestershire,Yorkshire,BA Raine,NJ O'Brien,LE Plunkett,0,0,,,,,,,,,
947113,2016,2016-05-27,Headingley,1,10.4,Leicestershire,Yorkshire,BA Raine,NJ O'Brien,LE Plunkett,0,0,,,,,,,,,
947113,2016,2016-05-27,Headingley,1,10.5,Leicestershire,Yorkshire,BA Raine,NJ O'Brien,LE Plunkett,1,0,,,,,,,,,
947113,2016,2016-05-27,Headingley,1,10.6,Leicestershire,Yorkshire,NJ O'Brien,BA Raine,LE Plunkett,0,0,,,,,,,,,
947113,2016,2016-05-27,Headingley,1,11.1,Leicestershire,Yorkshire,BA Raine,NJ O'Brien,A Lyth,0,0,,,,,,,,,
947113,2016,2016-05-27,Headingley,1,11.2,Leicestershire,Yorkshire,BA Raine,NJ O'Brien,A Lyth,1,0,,,,,,,,,
947113,2016,2016-05-27,Headingley,1,11.3,Leicestershire,Yorkshire,NJ O'Brien,BA Raine,A Lyth,1,0,,,,,,,,,
947113,2016,2016-05-27,Headingley,1,11.4,Leicestershire,Yorkshire,BA Raine,NJ O'Brien,A Lyth,0,0,,,,,,,,,
947113,2016,2016-05-27,Headingley,1,11.5,Leicestershire,Yorkshire,BA Raine,NJ O'Brien,A Lyth,1,0,,,,,,,,,
947113,2016,2016-05-27,Headingley,1,11.6,Leicestershire,Yorkshire,NJ O'Brien,BA Raine,A Lyth,1,0,,,,,,,,,
947113,2016,2016-05-27,Headingley,1,12.1,Leicestershire,Yorkshire,NJ O'Brien,BA Raine,AU Rashid,1,0,,,,,,,,,
947113,2016,2016-05-27,Headingley,1,12.2,Leicestershire,Yorkshire,BA Raine,NJ O'Brien,AU Rashid,0,0,,,,,,,,,
947113,2016,2016-05-27,Headingley,1,12.3,Leicestershire,Yorkshire,BA Raine,NJ O'Brien,AU Rashid,0,0,,,,,,,,,
947113,2016,2016-05-27,Headingley,1,12.4,Leicestershire,Yorkshire,BA Raine,NJ O'Brien,AU Rashid,1,0,,,,,,,,,
947113,2016,2016-05-27,Headingley,1,12.5,Leicestershire,Yorkshire,NJ O'Brien,BA Raine,AU Rashid,2,0,,,,,,,,,
947113,2016,2016-05-27,Headingley,1,12.6,Leicestershire,Yorkshire,NJ O'Brien,BA Raine,AU Rashid,2,0,,,,,,,,,
947113,2016,2016-05-27,Headingley,1,13.1,Leicestershire,Yorkshire,BA Raine,NJ O'Brien,A Lyth,4,0,,,,,,,,,
947113,2016,2016-05-27,Headingley,1,13.2,Leicestershire,Yorkshire,BA Raine,NJ O'Brien,A Lyth,0,0,,,,,,,,,
947113,2016,2016-05-27,Headingley,1,13.3,Leicestershire,Yorkshire,BA Raine,NJ O'Brien,A Lyth,1,0,,,,,,,,,
947113,2016,2016-05-27,Headingley,1,13.4,Leicestershire,Yorkshire,NJ O'Brien,BA Raine,A Lyth,6,0,,,,,,,,,
947113,2016,2016-05-27,Headingley,1,13.5,Leicestershire,Yorkshire,NJ O'Brien,BA Raine,A Lyth,1,0,,,,,,,,,
947113,2016,2016-05-27,Headingley,1,13.6,Leicestershire,Yorkshire,BA Raine,NJ O'Brien,A Lyth,1,0,,,,,,,,,
947113,2016,2016-05-27,Headingley,1,14.1,Leicestershire,Yorkshire,BA Raine,NJ O'Brien,AU Rashid,6,0,,,,,,,,,
947113,2016,2016-05-27,Headingley,1,14.2,Leicestershire,Yorkshire,BA Raine,NJ O'Brien,AU Rashid,6,0,,,,,,,,,
947113,2016,2016-05-27,Headingley,1,14.3,Leicestershire,Yorkshire,BA Raine,NJ O'Brien,AU Rashid,2,0,,,,,,,,,
947113,2016,2016-05-27,Headingley,1,14.4,Leicestershire,Yorkshire,BA Raine,NJ O'Brien,AU Rashid,0,0,,,,,,,,,
947113,2016,2016-05-27,Headingley,1,14.5,Leicestershire,Yorkshire,BA Raine,NJ O'Brien,AU Rashid,1,0,,,,,,,,,
947113,2016,2016-05-27,Headingley,1,14.6,Leicestershire,Yorkshire,NJ O'Brien,BA Raine,AU Rashid,1,0,,,,,,,,,
947113,2016,2016-05-27,Headingley,1,15.1,Leicestershire,Yorkshire,NJ O'Brien,BA Raine,WMH Rhodes,2,0,,,,,,,,,
947113,2016,2016-05-27,Headingley,1,15.2,Leicestershire,Yorkshire,NJ O'Brien,BA Raine,WMH Rhodes,1,2,,2,,,,,,,
947113,2016,2016-05-27,Headingley,1,15.3,Leicestershire,Yorkshire,BA Raine,NJ O'Brien,WMH Rhodes,2,0,,,,,,,,,
947113,2016,2016-05-27,Headingley,1,15.4,Leicestershire,Yorkshire,BA Raine,NJ O'Brien,WMH Rhodes,2,0,,,,,,,,,
947113,2016,2016-05-27,Headingley,1,15.5,Leicestershire,Yorkshire,BA Raine,NJ O'Brien,WMH Rhodes,0,0,,,,,,caught,BA Raine,,
947113,2016,2016-05-27,Headingley,1,15.6,Leicestershire,Yorkshire,NJ O'Brien,TJ Wells,WMH Rhodes,1,0,,,,,,,,,
947113,2016,2016-05-27,Headingley,1,15.7,Leicestershire,Yorkshire,TJ Wells,NJ O'Brien,WMH Rhodes,1,0,,,,,,,,,
947113,2016,2016-05-27,Headingley,1,16.1,Leicestershire,Yorkshire,TJ Wells,NJ O'Brien,TT Bresnan,1,0,,,,,,,,,
947113,2016,2016-05-27,Headingley,1,16.2,Leicestershire,Yorkshire,NJ O'Brien,TJ Wells,TT Bresnan,0,0,,,,,,,,,
947113,2016,2016-05-27,Headingley,1,16.3,Leicestershire,Yorkshire,NJ O'Brien,TJ Wells,TT Bresnan,6,0,,,,,,,,,
947113,2016,2016-05-27,Headingley,1,16.4,Leicestershire,Yorkshire,NJ O'Brien,TJ Wells,TT Bresnan,1,0,,,,,,,,,
947113,2016,2016-05-27,Headingley,1,16.5,Leicestershire,Yorkshire,TJ Wells,NJ O'Brien,TT Bresnan,1,0,,,,,,,,,
947113,2016,2016-05-27,Headingley,1,16.6,Leicestershire,Yorkshire,NJ O'Brien,TJ Wells,TT Bresnan,1,0,,,,,,,,,
947113,2016,2016-05-27,Headingley,1,17.1,Leicestershire,Yorkshire,NJ O'Brien,TJ Wells,BO Coad,0,0,,,,,,,,,
947113,2016,2016-05-27,Headingley,1,17.2,Leicestershire,Yorkshire,NJ O'Brien,TJ Wells,BO Coad,0,0,,,,,,,,,
947113,2016,2016-05-27,Headingley,1,17.3,Leicestershire,Yorkshire,NJ O'Brien,TJ Wells,BO Coad,6,0,,,,,,,,,
947113,2016,2016-05-27,Headingley,1,17.4,Leicestershire,Yorkshire,NJ O'Brien,TJ Wells,BO Coad,6,0,,,,,,,,,
947113,2016,2016-05-27,Headingley,1,17.5,Leicestershire,Yorkshire,NJ O'Brien,TJ Wells,BO Coad,0,0,,,,,,caught,NJ O'Brien,,
947113,2016,2016-05-27,Headingley,1,17.6,Leicestershire,Yorkshire,LJ Hill,TJ Wells,BO Coad,0,0,,,,,,,,,
947113,2016,2016-05-27,Headingley,1,18.1,Leicestershire,Yorkshire,TJ Wells,LJ Hill,TT Bresnan,0,0,,,,,,caught,TJ Wells,,
947113,2016,2016-05-27,Headingley,1,18.2,Leicestershire,Yorkshire,LJ Hill,NJ Dexter,TT Bresnan,1,0,,,,,,,,,
947113,2016,2016-05-27,Headingley,1,18.3,Leicestershire,Yorkshire,NJ Dexter,LJ Hill,TT Bresnan,1,0,,,,,,,,,
947113,2016,2016-05-27,Headingley,1,18.4,Leicestershire,Yorkshire,LJ Hill,NJ Dexter,TT Bresnan,0,0,,,,,,,,,
947113,2016,2016-05-27,Headingley,1,18.5,Leicestershire,Yorkshire,LJ Hill,NJ Dexter,TT Bresnan,1,0,,,,,,,,,
947113,2016,2016-05-27,Headingley,1,18.6,Leicestershire,Yorkshire,NJ Dexter,LJ Hill,TT Bresnan,4,0,,,,,,,,,
947113,2016,2016-05-27,Headingley,1,19.1,Leicestershire,Yorkshire,LJ Hill,NJ Dexter,BO Coad,2,0,,,,,,,,,
947113,2016,2016-05-27,Headingley,1,19.2,Leicestershire,Yorkshire,LJ Hill,NJ Dexter,BO Coad,6,0,,,,,,,,,
947113,2016,2016-05-27,Headingley,1,19.3,Leicestershire,Yorkshire,LJ Hill,NJ Dexter,BO Coad,0,0,,,,,,,,,
947113,2016,2016-05-27,Headingley,1,19.4,Leicestershire,Yorkshire,LJ Hill,NJ Dexter,BO Coad,6,0,,,,,,,,,
947113,2016,2016-05-27,Headingley,1,19.5,Leicestershire,Yorkshire,LJ Hill,NJ Dexter,BO Coad,6,0,,,,,,,,,
947113,2016,2016-05-27,Headingley,1,19.6,Leicestershire,Yorkshire,LJ Hill,NJ Dexter,BO Coad,2,0,,,,,,,,,
947113,2016,2016-05-27,Headingley,2,0.1,Yorkshire,Leicestershire,A Lyth,AZ Lees,CJ McKay,0,0,,,,,,,,,
947113,2016,2016-05-27,Headingley,2,0.2,Yorkshire,Leicestershire,A Lyth,AZ Lees,CJ McKay,4,0,,,,,,,,,
947113,2016,2016-05-27,Headingley,2,0.3,Yorkshire,Leicestershire,A Lyth,AZ Lees,CJ McKay,0,0,,,,,,,,,
947113,2016,2016-05-27,Headingley,2,0.4,Yorkshire,Leicestershire,A Lyth,AZ Lees,CJ McKay,4,0,,,,,,,,,
947113,2016,2016-05-27,Headingley,2,0.5,Yorkshire,Leicestershire,A Lyth,AZ Lees,CJ McKay,0,0,,,,,,,,,
947113,2016,2016-05-27,Headingley,2,0.6,Yorkshire,Leicestershire,A Lyth,AZ Lees,CJ McKay,0,0,,,,,,,,,
947113,2016,2016-05-27,Headingley,2,1.1,Yorkshire,Leicestershire,AZ Lees,A Lyth,BA Raine,0,0,,,,,,,,,
947113,2016,2016-05-27,Headingley,2,1.2,Yorkshire,Leicestershire,AZ Lees,A Lyth,BA Raine,0,0,,,,,,,,,
947113,2016,2016-05-27,Headingley,2,1.3,Yorkshire,Leicestershire,AZ Lees,A Lyth,BA Raine,0,0,,,,,,,,,
947113,2016,2016-05-27,Headingley,2,1.4,Yorkshire,Leicestershire,AZ Lees,A Lyth,BA Raine,0,0,,,,,,,,,
947113,2016,2016-05-27,Headingley,2,1.5,Yorkshire,Leicestershire,AZ Lees,A Lyth,BA Raine,0,0,,,,,,,,,
947113,2016,2016-05-27,Headingley,2,1.6,Yorkshire,Leicestershire,AZ Lees,A Lyth,BA Raine,0,0,,,,,,,,,
947113,2016,2016-05-27,Headingley,2,2.1,Yorkshire,Leicestershire,A Lyth,AZ Lees,CJ McKay,0,0,,,,,,,,,
947113,2016,2016-05-27,Headingley,2,2.2,Yorkshire,Leicestershire,A Lyth,AZ Lees,CJ McKay,0,0,,,,,,,,,
947113,2016,2016-05-27,Headingley,2,2.3,Yorkshire,Leicestershire,A Lyth,AZ Lees,CJ McKay,0,0,,,,,,,,,
947113,2016,2016-05-27,Headingley,2,2.4,Yorkshire,Leicestershire,A Lyth,AZ Lees,CJ McKay,1,0,,,,,,,,,
947113,2016,2016-05-27,Headingley,2,2.5,Yorkshire,Leicestershire,AZ Lees,A Lyth,CJ McKay,0,1,,,,1,,,,,
947113,2016,2016-05-27,Headingley,2,2.6,Yorkshire,Leicestershire,A Lyth,AZ Lees,CJ McKay,2,0,,,,,,,,,
947113,2016,2016-05-27,Headingley,2,3.1,Yorkshire,Leicestershire,AZ Lees,A Lyth,BA Raine,1,0,,,,,,,,,
947113,2016,2016-05-27,Headingley,2,3.2,Yorkshire,Leicestershire,A Lyth,AZ Lees,BA Raine,0,0,,,,,,caught,A Lyth,,
947113,2016,2016-05-27,Headingley,2,3.3,Yorkshire,Leicestershire,AZ Lees,AU Rashid,BA Raine,1,0,,,,,,,,,
947113,2016,2016-05-27,Headingley,2,3.4,Yorkshire,Leicestershire,AU Rashid,AZ Lees,BA Raine,1,0,,,,,,,,,
947113,2016,2016-05-27,Headingley,2,3.5,Yorkshire,Leicestershire,AZ Lees,AU Rashid,BA Raine,1,0,,,,,,,,,
947113,2016,2016-05-27,Headingley,2,3.6,Yorkshire,Leicestershire,AU Rashid,AZ Lees,BA Raine,0,0,,,,,,,,,
947113,2016,2016-05-27,Headingley,2,4.1,Yorkshire,Leicestershire,AZ Lees,AU Rashid,KJ O'Brien,0,0,,,,,,caught,AZ Lees,,
947113,2016,2016-05-27,Headingley,2,4.2,Yorkshire,Leicestershire,JA Leaning,AU Rashid,KJ O'Brien,0,0,,,,,,,,,
947113,2016,2016-05-27,Headingley,2,4.3,Yorkshire,Leicestershire,JA Leaning,AU Rashid,KJ O'Brien,1,0,,,,,,,,,
947113,2016,2016-05-27,Headingley,2,4.4,Yorkshire,Leicestershire,AU Rashid,JA Leaning,KJ O'Brien,0,0,,,,,,,,,
947113,2016,2016-05-27,Headingley,2,4.5,Yorkshire,Leicestershire,AU Rashid,JA Leaning,KJ O'Brien,0,0,,,,,,,,,
947113,2016,2016-05-27,Headingley,2,4.6,Yorkshire,Leicestershire,AU Rashid,JA Leaning,KJ O'Brien,0,0,,,,,,,,,
947113,2016,2016-05-27,Headingley,2,5.1,Yorkshire,Leicestershire,JA Leaning,AU Rashid,BA Raine,0,0,,,,,,,,,
947113,2016,2016-05-27,Headingley,2,5.2,Yorkshire,Leicestershire,JA Leaning,AU Rashid,BA Raine,0,1,,,,1,,,,,
947113,2016,2016-05-27,Headingley,2,5.3,Yorkshire,Leicestershire,AU Rashid,JA Leaning,BA Raine,1,0,,,,,,,,,
947113,2016,2016-05-27,Headingley,2,5.4,Yorkshire,Leicestershire,JA Leaning,AU Rashid,BA Raine,0,0,,,,,,,,,
947113,2016,2016-05-27,Headingley,2,5.5,Yorkshire,Leicestershire,JA Leaning,AU Rashid,BA Raine,1,0,,,,,,,,,
947113,2016,2016-05-27,Headingley,2,5.6,Yorkshire,Leicestershire,AU Rashid,JA Leaning,BA Raine,0,0,,,,,,caught,AU Rashid,,
947113,2016,2016-05-27,Headingley,2,6.1,Yorkshire,Leicestershire,JA Leaning,GS Ballance,KJ O'Brien,0,0,,,,,,,,,
947113,2016,2016-05-27,Headingley,2,6.2,Yorkshire,Leicestershire,JA Leaning,GS Ballance,KJ O'Brien,0,0,,,,,,,,,
947113,2016,2016-05-27,Headingley,2,6.3,Yorkshire,Leicestershire,JA Leaning,GS Ballance,KJ O'Brien,0,0,,,,,,,,,
947113,2016,2016-05-27,Headingley,2,6.4,Yorkshire,Leicestershire,JA Leaning,GS Ballance,KJ O'Brien,4,0,,,,,,,,,
947113,2016,2016-05-27,Headingley,2,6.5,Yorkshire,Leicestershire,JA Leaning,GS Ballance,KJ O'Brien,1,0,,,,,,,,,
947113,2016,2016-05-27,Headingley,2,6.6,Yorkshire,Leicestershire,GS Ballance,JA Leaning,KJ O'Brien,1,0,,,,,,,,,
947113,2016,2016-05-27,Headingley,2,7.1,Yorkshire,Leicestershire,GS Ballance,JA Leaning,NJ Dexter,0,0,,,,,,,,,
947113,2016,2016-05-27,Headingley,2,7.2,Yorkshire,Leicestershire,GS Ballance,JA Leaning,NJ Dexter,1,0,,,,,,,,,
947113,2016,2016-05-27,Headingley,2,7.3,Yorkshire,Leicestershire,JA Leaning,GS Ballance,NJ Dexter,1,0,,,,,,,,,
947113,2016,2016-05-27,Headingley,2,7.4,Yorkshire,Leicestershire,GS Ballance,JA Leaning,NJ Dexter,0,0,,,,,,,,,
947113,2016,2016-05-27,Headingley,2,7.5,Yorkshire,Leicestershire,GS Ballance,JA Leaning,NJ Dexter,1,0,,,,,,,,,
947113,2016,2016-05-27,Headingley,2,7.6,Yorkshire,Leicestershire,JA Leaning,GS Ballance,NJ Dexter,0,1,1,,,,,,,,
947113,2016,2016-05-27,Headingley,2,7.7,Yorkshire,Leicestershire,JA Leaning,GS Ballance,NJ Dexter,1,0,,,,,,,,,
947113,2016,2016-05-27,Headingley,2,8.1,Yorkshire,Leicestershire,JA Leaning,GS Ballance,TJ Wells,0,1,1,,,,,,,,
947113,2016,2016-05-27,Headingley,2,8.2,Yorkshire,Leicestershire,JA Leaning,GS Ballance,TJ Wells,0,0,,,,,,caught,JA Leaning,,
947113,2016,2016-05-27,Headingley,2,8.3,Yorkshire,Leicestershire,GS Ballance,WMH Rhodes,TJ Wells,4,0,,,,,,,,,
947113,2016,2016-05-27,Headingley,2,8.4,Yorkshire,Leicestershire,GS Ballance,WMH Rhodes,TJ Wells,1,0,,,,,,,,,
947113,2016,2016-05-27,Headingley,2,8.5,Yorkshire,Leicestershire,WMH Rhodes,GS Ballance,TJ Wells,0,0,,,,,,,,,
947113,2016,2016-05-27,Headingley,2,8.6,Yorkshire,Leicestershire,WMH Rhodes,GS Ballance,TJ Wells,2,0,,,,,,,,,
947113,2016,2016-05-27,Headingley,2,8.7,Yorkshire,Leicestershire,WMH Rhodes,GS Ballance,TJ Wells,1,0,,,,,,,,,
947113,2016,2016-05-27,Headingley,2,9.1,Yorkshire,Leicestershire,WMH Rhodes,GS Ballance,NJ Dexter,1,0,,,,,,,,,
947113,2016,2016-05-27,Headingley,2,9.2,Yorkshire,Leicestershire,GS Ballance,WMH Rhodes,NJ Dexter,1,0,,,,,,,,,
947113,2016,2016-05-27,Headingley,2,9.3,Yorkshire,Leicestershire,WMH Rhodes,GS Ballance,NJ Dexter,1,0,,,,,,,,,
947113,2016,2016-05-27,Headingley,2,9.4,Yorkshire,Leicestershire,GS Ballance,WMH Rhodes,NJ Dexter,0,0,,,,,,,,,
947113,2016,2016-05-27,Headingley,2,9.5,Yorkshire,Leicestershire,GS Ballance,WMH Rhodes,NJ Dexter,1,0,,,,,,,,,
947113,2016,2016-05-27,Headingley,2,9.6,Yorkshire,Leicestershire,WMH Rhodes,GS Ballance,NJ Dexter,4,0,,,,,,,,,
947113,2016,2016-05-27,Headingley,2,10.1,Yorkshire,Leicestershire,GS Ballance,WMH Rhodes,JKH Naik,1,0,,,,,,,,,
947113,2016,2016-05-27,Headingley,2,10.2,Yorkshire,Leicestershire,WMH Rhodes,GS Ballance,JKH Naik,0,0,,,,,,,,,
947113,2016,2016-05-27,Headingley,2,10.3,Yorkshire,Leicestershire,WMH Rhodes,GS Ballance,JKH Naik,1,0,,,,,,,,,
947113,2016,2016-05-27,Headingley,2,10.4,Yorkshire,Leicestershire,GS Ballance,WMH Rhodes,JKH Naik,4,0,,,,,,,,,
947113,2016,2016-05-27,Headingley,2,10.5,Yorkshire,Leicestershire,GS Ballance,WMH Rhodes,JKH Naik,2,0,,,,,,,,,
947113,2016,2016-05-27,Headingley,2,10.6,Yorkshire,Leicestershire,GS Ballance,WMH Rhodes,JKH Naik,0,0,,,,,,,,,
947113,2016,2016-05-27,Headingley,2,11.1,Yorkshire,Leicestershire,WMH Rhodes,GS Ballance,KJ O'Brien,0,0,,,,,,,,,
947113,2016,2016-05-27,Headingley,2,11.2,Yorkshire,Leicestershire,WMH Rhodes,GS Ballance,KJ O'Brien,0,1,1,,,,,,,,
947113,2016,2016-05-27,Headingley,2,11.3,Yorkshire,Leicestershire,WMH Rhodes,GS Ballance,KJ O'Brien,4,0,,,,,,,,,
947113,2016,2016-05-27,Headingley,2,11.4,Yorkshire,Leicestershire,WMH Rhodes,GS Ballance,KJ O'Brien,1,0,,,,,,,,,
947113,2016,2016-05-27,Headingley,2,11.5,Yorkshire,Leicestershire,GS Ballance,WMH Rhodes,KJ O'Brien,0,0,,,,,,caught,GS Ballance,,
947113,2016,2016-05-27,Headingley,2,11.6,Yorkshire,Leicestershire,TT Bresnan,WMH Rhodes,KJ O'Brien,0,0,,,,,,,,,
947113,2016,2016-05-27,Headingley,2,11.7,Yorkshire,Leicestershire,TT Bresnan,WMH Rhodes,KJ O'Brien,6,0,,,,,,,,,
947113,2016,2016-05-27,Headingley,2,12.1,Yorkshire,Leicestershire,WMH Rhodes,TT Bresnan,TJ Wells,1,0,,,,,,,,,
947113,2016,2016-05-27,Headingley,2,12.2,Yorkshire,Leicestershire,TT Bresnan,WMH Rhodes,TJ Wells,0,0,,,,,,,,,
947113,2016,2016-05-27,Headingley,2,12.3,Yorkshire,Leicestershire,TT Bresnan,WMH Rhodes,TJ Wells,1,0,,,,,,,,,
947113,2016,2016-05-27,Headingley,2,12.4,Yorkshire,Leicestershire,WMH Rhodes,TT Bresnan,TJ Wells,1,0,,,,,,,,,
947113,2016,2016-05-27,Headingley,2,12.5,Yorkshire,Leicestershire,TT Bresnan,WMH Rhodes,TJ Wells,1,0,,,,,,,,,
947113,2016,2016-05-27,Headingley,2,12.6,Yorkshire,Leicestershire,WMH Rhodes,TT Bresnan,TJ Wells,6,0,,,,,,,,,
947113,2016,2016-05-27,Headingley,2,13.1,Yorkshire,Leicestershire,TT Bresnan,WMH Rhodes,JKH Naik,1,0,,,,,,,,,
947113,2016,2016-05-27,Headingley,2,13.2,Yorkshire,Leicestershire,WMH Rhodes,TT Bresnan,JKH Naik,0,1,1,,,,,,,,
947113,2016,2016-05-27,Headingley,2,13.3,Yorkshire,Leicestershire,WMH Rhodes,TT Bresnan,JKH Naik,6,0,,,,,,,,,
947113,2016,2016-05-27,Headingley,2,13.4,Yorkshire,Leicestershire,WMH Rhodes,TT Bresnan,JKH Naik,1,0,,,,,,,,,
947113,2016,2016-05-27,Headingley,2,13.5,Yorkshire,Leicestershire,TT Bresnan,WMH Rhodes,JKH Naik,1,0,,,,,,,,,
947113,2016,2016-05-27,Headingley,2,13.6,Yorkshire,Leicestershire,WMH Rhodes,TT Bresnan,JKH Naik,1,0,,,,,,,,,
947113,2016,2016-05-27,Headingley,2,13.7,Yorkshire,Leicestershire,TT Bresnan,WMH Rhodes,JKH Naik,0,0,,,,,,caught,TT Bresnan,,
947113,2016,2016-05-27,Headingley,2,14.1,Yorkshire,Leicestershire,LE Plunkett,WMH Rhodes,NJ Dexter,0,0,,,,,,,,,
947113,2016,2016-05-27,Headingley,2,14.2,Yorkshire,Leicestershire,LE Plunkett,WMH Rhodes,NJ Dexter,0,0,,,,,,caught,LE Plunkett,,
947113,2016,2016-05-27,Headingley,2,14.3,Yorkshire,Leicestershire,AJ Hodd,WMH Rhodes,NJ Dexter,1,0,,,,,,,,,
947113,2016,2016-05-27,Headingley,2,14.4,Yorkshire,Leicestershire,WMH Rhodes,AJ Hodd,NJ Dexter,2,0,,,,,,,,,
947113,2016,2016-05-27,Headingley,2,14.5,Yorkshire,Leicestershire,WMH Rhodes,AJ Hodd,NJ Dexter,4,0,,,,,,,,,
947113,2016,2016-05-27,Headingley,2,14.6,Yorkshire,Leicestershire,WMH Rhodes,AJ Hodd,NJ Dexter,1,0,,,,,,,,,
947113,2016,2016-05-27,Headingley,2,15.1,Yorkshire,Leicestershire,WMH Rhodes,AJ Hodd,KJ O'Brien,1,0,,,,,,,,,
947113,2016,2016-05-27,Headingley,2,15.2,Yorkshire,Leicestershire,AJ Hodd,WMH Rhodes,KJ O'Brien,0,0,,,,,,,,,
947113,2016,2016-05-27,Headingley,2,15.3,Yorkshire,Leicestershire,AJ Hodd,WMH Rhodes,KJ O'Brien,0,0,,,,,,bowled,AJ Hodd,,
947113,2016,2016-05-27,Headingley,2,15.4,Yorkshire,Leicestershire,JC Wainman,WMH Rhodes,KJ O'Brien,1,0,,,,,,,,,
947113,2016,2016-05-27,Headingley,2,15.5,Yorkshire,Leicestershire,WMH Rhodes,JC Wainman,KJ O'Brien,0,1,1,,,,,,,,
947113,2016,2016-05-27,Headingley,2,15.6,Yorkshire,Leicestershire,WMH Rhodes,JC Wainman,KJ O'Brien,0,1,1,,,,,,,,
947113,2016,2016-05-27,Headingley,2,15.7,Yorkshire,Leicestershire,WMH Rhodes,JC Wainman,KJ O'Brien,2,0,,,,,,,,,
947113,2016,2016-05-27,Headingley,2,15.8,Yorkshire,Leicestershire,WMH Rhodes,JC Wainman,KJ O'Brien,0,1,1,,,,,,,,
947113,2016,2016-05-27,Headingley,2,15.9,Yorkshire,Leicestershire,WMH Rhodes,JC Wainman,KJ O'Brien,1,0,,,,,,,,,
947113,2016,2016-05-27,Headingley,2,16.1,Yorkshire,Leicestershire,WMH Rhodes,JC Wainman,NJ Dexter,2,0,,,,,,,,,
947113,2016,2016-05-27,Headingley,2,16.2,Yorkshire,Leicestershire,WMH Rhodes,JC Wainman,NJ Dexter,1,0,,,,,,,,,
947113,2016,2016-05-27,Headingley,2,16.3,Yorkshire,Leicestershire,JC Wainman,WMH Rhodes,NJ Dexter,0,0,,,,,,,,,
947113,2016,2016-05-27,Headingley,2,16.4,Yorkshire,Leicestershire,JC Wainman,WMH Rhodes,NJ Dexter,1,0,,,,,,,,,
947113,2016,2016-05-27,Headingley,2,16.5,Yorkshire,Leicestershire,WMH Rhodes,JC Wainman,NJ Dexter,0,0,,,,,,caught,WMH Rhodes,,
947113,2016,2016-05-27,Headingley,2,16.6,Yorkshire,Leicestershire,JC Wainman,BO Coad,NJ Dexter,1,0,,,,,,,,,
947113,2016,2016-05-27,Headingley,2,17.1,Yorkshire,Leicestershire,JC Wainman,BO Coad,CJ McKay,2,0,,,,,,,,,
947113,2016,2016-05-27,Headingley,2,17.2,Yorkshire,Leicestershire,JC Wainman,BO Coad,CJ McKay,4,0,,,,,,,,,
947113,2016,2016-05-27,Headingley,2,17.3,Yorkshire,Leicestershire,JC Wainman,BO Coad,CJ McKay,1,0,,,,,,,,,
947113,2016,2016-05-27,Headingley,2,17.4,Yorkshire,Leicestershire,BO Coad,JC Wainman,CJ McKay,1,0,,,,,,,,,
947113,2016,2016-05-27,Headingley,2,17.5,Yorkshire,Leicestershire,JC Wainman,BO Coad,CJ McKay,0,0,,,,,,,,,
947113,2016,2016-05-27,Headingley,2,17.6,Yorkshire,Leicestershire,JC Wainman,BO Coad,CJ McKay,1,0,,,,,,,,,
947113,2016,2016-05-27,Headingley,2,18.1,Yorkshire,Leicestershire,JC Wainman,BO Coad,BA Raine,0,0,,,,,,,,,
947113,2016,2016-05-27,Headingley,2,18.2,Yorkshire,Leicestershire,JC Wainman,BO Coad,BA Raine,0,0,,,,,,,,,
947113,2016,2016-05-27,Headingley,2,18.3,Yorkshire,Leicestershire,JC Wainman,BO Coad,BA Raine,1,0,,,,,,,,,
947113,2016,2016-05-27,Headingley,2,18.4,Yorkshire,Leicestershire,BO Coad,JC Wainman,BA Raine,0,0,,,,,,bowled,BO Coad,,
