match_id,season,start_date,venue,innings,ball,batting_team,bowling_team,striker,non_striker,bowler,runs_off_bat,extras,wides,noballs,byes,legbyes,penalty,wicket_type,player_dismissed,other_wicket_type,other_player_dismissed
947137,2016,2016-06-03,County Ground,1,0.1,Leicestershire,Derbyshire,ML Pettini,MJ Cosgrove,WL Madsen,1,0,,,,,,,,,
947137,2016,2016-06-03,County Ground,1,0.2,Leicestershire,Derbyshire,MJ Cosgrove,ML Pettini,WL Madsen,1,0,,,,,,,,,
947137,2016,2016-06-03,County Ground,1,0.3,Leicestershire,Derbyshire,ML Pettini,MJ Cosgrove,WL Madsen,4,0,,,,,,,,,
947137,2016,2016-06-03,County Ground,1,0.4,Leicestershire,Derbyshire,ML Pettini,MJ Cosgrove,WL Madsen,0,0,,,,,,bowled,ML Pettini,,
947137,2016,2016-06-03,County Ground,1,0.5,Leicestershire,Derbyshire,KJ O'Brien,MJ Cosgrove,WL Madsen,0,0,,,,,,,,,
947137,2016,2016-06-03,County Ground,1,0.6,Leicestershire,Derbyshire,KJ O'Brien,MJ Cosgrove,WL Madsen,1,0,,,,,,,,,
947137,2016,2016-06-03,County Ground,1,1.1,Leicestershire,Derbyshire,KJ O'Brien,MJ Cosgrove,JDS Neesham,0,0,,,,,,,,,
947137,2016,2016-06-03,County Ground,1,1.2,Leicestershire,Derbyshire,KJ O'Brien,MJ Cosgrove,JDS Neesham,0,0,,,,,,,,,
947137,2016,2016-06-03,County Ground,1,1.3,Leicestershire,Derbyshire,KJ O'Brien,MJ Cosgrove,JDS Neesham,2,0,,,,,,,,,
947137,2016,2016-06-03,County Ground,1,1.4,Leicestershire,Derbyshire,KJ O'Brien,MJ Cosgrove,JDS Neesham,3,0,,,,,,,,,
947137,2016,2016-06-03,County Ground,1,1.5,Leicestershire,Derbyshire,MJ Cosgrove,KJ O'Brien,JDS Neesham,0,0,,,,,,bowled,MJ Cosgrove,,
947137,2016,2016-06-03,County Ground,1,1.6,Leicestershire,Derbyshire,BA Raine,KJ O'Brien,JDS Neesham,4,0,,,,,,,,,
947137,2016,2016-06-03,County Ground,1,2.1,Leicestershire,Derbyshire,KJ O'Brien,BA Raine,A Carter,0,1,1,,,,,,,,
947137,2016,2016-06-03,County Ground,1,2.2,Leicestershire,Derbyshire,KJ O'Brien,BA Raine,A Carter,0,0,,,,,,,,,
947137,2016,2016-06-03,County Ground,1,2.3,Leicestershire,Derbyshire,KJ O'Brien,BA Raine,A Carter,1,0,,,,,,,,,
947137,2016,2016-06-03,County Ground,1,2.4,Leicestershire,Derbyshire,BA Raine,KJ O'Brien,A Carter,0,2,,2,,,,,,,
947137,2016,2016-06-03,County Ground,1,2.5,Leicestershire,Derbyshire,BA Raine,KJ O'Brien,A Carter,0,0,,,,,,,,,
947137,2016,2016-06-03,County Ground,1,2.6,Leicestershire,Derbyshire,BA Raine,KJ O'Brien,A Carter,1,0,,,,,,,,,
947137,2016,2016-06-03,County Ground,1,2.7,Leicestershire,Derbyshire,KJ O'Brien,BA Raine,A Carter,0,0,,,,,,,,,
947137,2016,2016-06-03,County Ground,1,2.8,Leicestershire,Derbyshire,KJ O'Brien,BA Raine,A Carter,2,0,,,,,,,,,
947137,2016,2016-06-03,County Ground,1,3.1,Leicestershire,Derbyshire,BA Raine,KJ O'Brien,JDS Neesham,1,0,,,,,,,,,
947137,2016,2016-06-03,County Ground,1,3.2,Leicestershire,Derbyshire,KJ O'Brien,BA Raine,JDS Neesham,0,0,,,,,,caught,KJ O'Brien,,
947137,2016,2016-06-03,County Ground,1,3.3,Leicestershire,Derbyshire,BA Raine,Umar Akmal,JDS Neesham,0,0,,,,,,,,,
947137,2016,2016-06-03,County Ground,1,3.4,Leicestershire,Derbyshire,BA Raine,Umar Akmal,JDS Neesham,2,0,,,,,,,,,
947137,2016,2016-06-03,County Ground,1,3.5,Leicestershire,Derbyshire,BA Raine,Umar Akmal,JDS Neesham,1,0,,,,,,,,,
947137,2016,2016-06-03,County Ground,1,3.6,Leicestershire,Derbyshire,Umar Akmal,BA Raine,JDS Neesham,0,0,,,,,,,,,
947137,2016,2016-06-03,County Ground,1,4.1,Leicestershire,Derbyshire,BA Raine,Umar Akmal,A Carter,4,0,,,,,,,,,
947137,2016,2016-06-03,County Ground,1,4.2,Leicestershire,Derbyshire,BA Raine,Umar Akmal,A Carter,0,0,,,,,,,,,
947137,2016,2016-06-03,County Ground,1,4.3,Leicestershire,Derbyshire,BA Raine,Umar Akmal,A Carter,0,0,,,,,,,,,
947137,2016,2016-06-03,County Ground,1,4.4,Leicestershire,Derbyshire,BA Raine,Umar Akmal,A Carter,0,0,,,,,,,,,
947137,2016,2016-06-03,County Ground,1,4.5,Leicestershire,Derbyshire,BA Raine,Umar Akmal,A Carter,0,0,,,,,,,,,
947137,2016,2016-06-03,County Ground,1,4.6,Leicestershire,Derbyshire,BA Raine,Umar Akmal,A Carter,0,0,,,,,,,,,
947137,2016,2016-06-03,County Ground,1,5.1,Leicestershire,Derbyshire,Umar Akmal,BA Raine,SJ Thakor,0,0,,,,,,,,,
947137,2016,2016-06-03,County Ground,1,5.2,Leicestershire,Derbyshire,Umar Akmal,BA Raine,SJ Thakor,0,0,,,,,,caught,Umar Akmal,,
947137,2016,2016-06-03,County Ground,1,5.3,Leicestershire,Derbyshire,NJ O'Brien,BA Raine,SJ Thakor,1,0,,,,,,,,,
947137,2016,2016-06-03,County Ground,1,5.4,Leicestershire,Derbyshire,BA Raine,NJ O'Brien,SJ Thakor,2,0,,,,,,,,,
947137,2016,2016-06-03,County Ground,1,5.5,Leicestershire,Derbyshire,BA Raine,NJ O'Brien,SJ Thakor,0,0,,,,,,,,,
947137,2016,2016-06-03,County Ground,1,5.6,Leicestershire,Derbyshire,BA Raine,NJ O'Brien,SJ Thakor,2,0,,,,,,,,,
947137,2016,2016-06-03,County Ground,1,6.1,Leicestershire,Derbyshire,NJ O'Brien,BA Raine,AL Hughes,1,0,,,,,,,,,
947137,2016,2016-06-03,County Ground,1,6.2,Leicestershire,Derbyshire,BA Raine,NJ O'Brien,AL Hughes,1,0,,,,,,,,,
947137,2016,2016-06-03,County Ground,1,6.3,Leicestershire,Derbyshire,NJ O'Brien,BA Raine,AL Hughes,1,0,,,,,,,,,
947137,2016,2016-06-03,County Ground,1,6.4,Leicestershire,Derbyshire,BA Raine,NJ O'Brien,AL Hughes,1,0,,,,,,,,,
947137,2016,2016-06-03,County Ground,1,6.5,Leicestershire,Derbyshire,NJ O'Brien,BA Raine,AL Hughes,1,0,,,,,,,,,
947137,2016,2016-06-03,County Ground,1,6.6,Leicestershire,Derbyshire,BA Raine,NJ O'Brien,AL Hughes,1,0,,,,,,,,,
947137,2016,2016-06-03,County Ground,1,7.1,Leicestershire,Derbyshire,BA Raine,NJ O'Brien,MJJ Critchley,0,0,,,,,,caught,BA Raine,,
947137,2016,2016-06-03,County Ground,1,7.2,Leicestershire,Derbyshire,NJ O'Brien,NJ Dexter,MJJ Critchley,0,0,,,,,,,,,
947137,2016,2016-06-03,County Ground,1,7.3,Leicestershire,Derbyshire,NJ O'Brien,NJ Dexter,MJJ Critchley,0,0,,,,,,,,,
947137,2016,2016-06-03,County Ground,1,7.4,Leicestershire,Derbyshire,NJ O'Brien,NJ Dexter,MJJ Critchley,0,0,,,,,,,,,
947137,2016,2016-06-03,County Ground,1,7.5,Leicestershire,Derbyshire,NJ O'Brien,NJ Dexter,MJJ Critchley,0,1,,,,1,,,,,
947137,2016,2016-06-03,County Ground,1,7.6,Leicestershire,Derbyshire,NJ Dexter,NJ O'Brien,MJJ Critchley,1,0,,,,,,,,,
947137,2016,2016-06-03,County Ground,1,8.1,Leicestershire,Derbyshire,NJ Dexter,NJ O'Brien,AL Hughes,0,0,,,,,,,,,
947137,2016,2016-06-03,County Ground,1,8.2,Leicestershire,Derbyshire,NJ Dexter,NJ O'Brien,AL Hughes,4,0,,,,,,,,,
947137,2016,2016-06-03,County Ground,1,8.3,Leicestershire,Derbyshire,NJ Dexter,NJ O'Brien,AL Hughes,1,0,,,,,,,,,
947137,2016,2016-06-03,County Ground,1,8.4,Leicestershire,Derbyshire,NJ O'Brien,NJ Dexter,AL Hughes,0,0,,,,,,,,,
947137,2016,2016-06-03,County Ground,1,8.5,Leicestershire,Derbyshire,NJ O'Brien,NJ Dexter,AL Hughes,0,0,,,,,,caught,NJ O'Brien,,
947137,2016,2016-06-03,County Ground,1,8.6,Leicestershire,Derbyshire,NJ Dexter,LJ Hill,AL Hughes,1,0,,,,,,,,,
947137,2016,2016-06-03,County Ground,1,9.1,Leicestershire,Derbyshire,NJ Dexter,LJ Hill,MJJ Critchley,1,0,,,,,,,,,
947137,2016,2016-06-03,County Ground,1,9.2,Leicestershire,Derbyshire,LJ Hill,NJ Dexter,MJJ Critchley,0,0,,,,,,,,,
947137,2016,2016-06-03,County Ground,1,9.3,Leicestershire,Derbyshire,LJ Hill,NJ Dexter,MJJ Critchley,1,0,,,,,,,,,
947137,2016,2016-06-03,County Ground,1,9.4,Leicestershire,Derbyshire,NJ Dexter,LJ Hill,MJJ Critchley,0,0,,,,,,,,,
947137,2016,2016-06-03,County Ground,1,9.5,Leicestershire,Derbyshire,NJ Dexter,LJ Hill,MJJ Critchley,1,0,,,,,,,,,
947137,2016,2016-06-03,County Ground,1,9.6,Leicestershire,Derbyshire,LJ Hill,NJ Dexter,MJJ Critchley,0,0,,,,,,,,,
947137,2016,2016-06-03,County Ground,1,10.1,Leicestershire,Derbyshire,NJ Dexter,LJ Hill,A Carter,0,1,1,,,,,,,,
947137,2016,2016-06-03,County Ground,1,10.2,Leicestershire,Derbyshire,NJ Dexter,LJ Hill,A Carter,1,0,,,,,,,,,
947137,2016,2016-06-03,County Ground,1,10.3,Leicestershire,Derbyshire,LJ Hill,NJ Dexter,A Carter,2,0,,,,,,,,,
947137,2016,2016-06-03,County Ground,1,10.4,Leicestershire,Derbyshire,LJ Hill,NJ Dexter,A Carter,0,0,,,,,,,,,
947137,2016,2016-06-03,County Ground,1,10.5,Leicestershire,Derbyshire,LJ Hill,NJ Dexter,A Carter,0,0,,,,,,,,,
947137,2016,2016-06-03,County Ground,1,10.6,Leicestershire,Derbyshire,LJ Hill,NJ Dexter,A Carter,0,0,,,,,,,,,
947137,2016,2016-06-03,County Ground,1,10.7,Leicestershire,Derbyshire,LJ Hill,NJ Dexter,A Carter,6,0,,,,,,,,,
947137,2016,2016-06-03,County Ground,1,11.1,Leicestershire,Derbyshire,NJ Dexter,LJ Hill,MJJ Critchley,0,0,,,,,,,,,
947137,2016,2016-06-03,County Ground,1,11.2,Leicestershire,Derbyshire,NJ Dexter,LJ Hill,MJJ Critchley,4,0,,,,,,,,,
947137,2016,2016-06-03,County Ground,1,11.3,Leicestershire,Derbyshire,NJ Dexter,LJ Hill,MJJ Critchley,0,0,,,,,,,,,
947137,2016,2016-06-03,County Ground,1,11.4,Leicestershire,Derbyshire,NJ Dexter,LJ Hill,MJJ Critchley,2,0,,,,,,,,,
947137,2016,2016-06-03,County Ground,1,11.5,Leicestershire,Derbyshire,NJ Dexter,LJ Hill,MJJ Critchley,2,0,,,,,,,,,
947137,2016,2016-06-03,County Ground,1,11.6,Leicestershire,Derbyshire,NJ Dexter,LJ Hill,MJJ Critchley,2,0,,,,,,,,,
947137,2016,2016-06-03,County Ground,1,12.1,Leicestershire,Derbyshire,LJ Hill,NJ Dexter,AL Hughes,1,0,,,,,,,,,
947137,2016,2016-06-03,County Ground,1,12.2,Leicestershire,Derbyshire,NJ Dexter,LJ Hill,AL Hughes,1,0,,,,,,,,,
947137,2016,2016-06-03,County Ground,1,12.3,Leicestershire,Derbyshire,LJ Hill,NJ Dexter,AL Hughes,1,0,,,,,,,,,
947137,2016,2016-06-03,County Ground,1,12.4,Leicestershire,Derbyshire,NJ Dexter,LJ Hill,AL Hughes,0,1,,,1,,,,,,
947137,2016,2016-06-03,County Ground,1,12.5,Leicestershire,Derbyshire,LJ Hill,NJ Dexter,AL Hughes,4,0,,,,,,,,,
947137,2016,2016-06-03,County Ground,1,12.6,Leicestershire,Derbyshire,LJ Hill,NJ Dexter,AL Hughes,3,0,,,,,,,,,
947137,2016,2016-06-03,County Ground,1,13.1,Leicestershire,Derbyshire,LJ Hill,NJ Dexter,SJ Thakor,0,0,,,,,,caught,LJ Hill,,
947137,2016,2016-06-03,County Ground,1,13.2,Leicestershire,Derbyshire,NJ Dexter,TJ Wells,SJ Thakor,1,0,,,,,,,,,
947137,2016,2016-06-03,County Ground,1,13.3,Leicestershire,Derbyshire,TJ Wells,NJ Dexter,SJ Thakor,1,0,,,,,,,,,
947137,2016,2016-06-03,County Ground,1,13.4,Leicestershire,Derbyshire,NJ Dexter,TJ Wells,SJ Thakor,1,0,,,,,,,,,
947137,2016,2016-06-03,County Ground,1,13.5,Leicestershire,Derbyshire,TJ Wells,NJ Dexter,SJ Thakor,0,0,,,,,,bowled,TJ Wells,,
947137,2016,2016-06-03,County Ground,1,13.6,Leicestershire,Derbyshire,CJ McKay,NJ Dexter,SJ Thakor,0,0,,,,,,,,,
947137,2016,2016-06-03,County Ground,1,14.1,Leicestershire,Derbyshire,NJ Dexter,CJ McKay,MJJ Critchley,1,0,,,,,,,,,
947137,2016,2016-06-03,County Ground,1,14.2,Leicestershire,Derbyshire,CJ McKay,NJ Dexter,MJJ Critchley,0,0,,,,,,,,,
947137,2016,2016-06-03,County Ground,1,14.3,Leicestershire,Derbyshire,CJ McKay,NJ Dexter,MJJ Critchley,0,0,,,,,,,,,
947137,2016,2016-06-03,County Ground,1,14.4,Leicestershire,Derbyshire,CJ McKay,NJ Dexter,MJJ Critchley,1,0,,,,,,,,,
947137,2016,2016-06-03,County Ground,1,14.5,Leicestershire,Derbyshire,NJ Dexter,CJ McKay,MJJ Critchley,1,0,,,,,,,,,
947137,2016,2016-06-03,County Ground,1,14.6,Leicestershire,Derbyshire,CJ McKay,NJ Dexter,MJJ Critchley,1,0,,,,,,,,,
947137,2016,2016-06-03,County Ground,1,15.1,Leicestershire,Derbyshire,CJ McKay,NJ Dexter,SJ Thakor,0,0,,,,,,,,,
947137,2016,2016-06-03,County Ground,1,15.2,Leicestershire,Derbyshire,CJ McKay,NJ Dexter,SJ Thakor,1,0,,,,,,,,,
947137,2016,2016-06-03,County Ground,1,15.3,Leicestershire,Derbyshire,NJ Dexter,CJ McKay,SJ Thakor,0,0,,,,,,,,,
947137,2016,2016-06-03,County Ground,1,15.4,Leicestershire,Derbyshire,NJ Dexter,CJ McKay,SJ Thakor,2,0,,,,,,,,,
947137,2016,2016-06-03,County Ground,1,15.5,Leicestershire,Derbyshire,NJ Dexter,CJ McKay,SJ Thakor,1,0,,,,,,,,,
947137,2016,2016-06-03,County Ground,1,15.6,Leicestershire,Derbyshire,CJ McKay,NJ Dexter,SJ Thakor,1,0,,,,,,,,,
947137,2016,2016-06-03,County Ground,1,16.1,Leicestershire,Derbyshire,CJ McKay,NJ Dexter,JDS Neesham,1,0,,,,,,,,,
947137,2016,2016-06-03,County Ground,1,16.2,Leicestershire,Derbyshire,NJ Dexter,CJ McKay,JDS Neesham,1,0,,,,,,,,,
947137,2016,2016-06-03,County Ground,1,16.3,Leicestershire,Derbyshire,CJ McKay,NJ Dexter,JDS Neesham,0,2,,2,,,,,,,
947137,2016,2016-06-03,County Ground,1,16.4,Leicestershire,Derbyshire,CJ McKay,NJ Dexter,JDS Neesham,1,0,,,,,,,,,
947137,2016,2016-06-03,County Ground,1,16.5,Leicestershire,Derbyshire,NJ Dexter,CJ McKay,JDS Neesham,1,0,,,,,,,,,
947137,2016,2016-06-03,County Ground,1,16.6,Leicestershire,Derbyshire,CJ McKay,NJ Dexter,JDS Neesham,1,0,,,,,,,,,
947137,2016,2016-06-03,County Ground,1,16.7,Leicestershire,Derbyshire,NJ Dexter,CJ McKay,JDS Neesham,1,0,,,,,,,,,
947137,2016,2016-06-03,County Ground,1,17.1,Leicestershire,Derbyshire,NJ Dexter,CJ McKay,SJ Thakor,0,0,,,,,,,,,
947137,2016,2016-06-03,County Ground,1,17.2,Leicestershire,Derbyshire,NJ Dexter,CJ McKay,SJ Thakor,1,0,,,,,,,,,
947137,2016,2016-06-03,County Ground,1,17.3,Leicestershire,Derbyshire,CJ McKay,NJ Dexter,SJ Thakor,1,0,,,,,,,,,
947137,2016,2016-06-03,County Ground,1,17.4,Leicestershire,Derbyshire,NJ Dexter,CJ McKay,SJ Thakor,0,0,,,,,,,,,
947137,2016,2016-06-03,County Ground,1,17.5,Leicestershire,Derbyshire,NJ Dexter,CJ McKay,SJ Thakor,2,0,,,,,,,,,
947137,2016,2016-06-03,County Ground,1,17.6,Leicestershire,Derbyshire,NJ Dexter,CJ McKay,SJ Thakor,0,0,,,,,,,,,
947137,2016,2016-06-03,County Ground,1,18.1,Leicestershire,Derbyshire,CJ McKay,NJ Dexter,JDS Neesham,1,0,,,,,,,,,
947137,2016,2016-06-03,County Ground,1,18.2,Leicestershire,Derbyshire,NJ Dexter,CJ McKay,JDS Neesham,0,0,,,,,,caught,NJ Dexter,,
947137,2016,2016-06-03,County Ground,1,18.3,Leicestershire,Derbyshire,CJ McKay,JKH Naik,JDS Neesham,1,0,,,,,,,,,
947137,2016,2016-06-03,County Ground,1,18.4,Leicestershire,Derbyshire,JKH Naik,CJ McKay,JDS Neesham,1,0,,,,,,,,,
947137,2016,2016-06-03,County Ground,1,18.5,Leicestershire,Derbyshire,CJ McKay,JKH Naik,JDS Neesham,1,0,,,,,,,,,
947137,2016,2016-06-03,County Ground,1,18.6,Leicestershire,Derbyshire,JKH Naik,CJ McKay,JDS Neesham,1,0,,,,,,,,,
947137,2016,2016-06-03,County Ground,1,19.1,Leicestershire,Derbyshire,JKH Naik,CJ McKay,A Carter,1,0,,,,,,,,,
947137,2016,2016-06-03,County Ground,1,19.2,Leicestershire,Derbyshire,CJ McKay,JKH Naik,A Carter,1,0,,,,,,,,,
947137,2016,2016-06-03,County Ground,1,19.3,Leicestershire,Derbyshire,JKH Naik,CJ McKay,A Carter,1,0,,,,,,,,,
947137,2016,2016-06-03,County Ground,1,19.4,Leicestershire,Derbyshire,CJ McKay,JKH Naik,A Carter,2,0,,,,,,,,,
947137,2016,2016-06-03,County Ground,1,19.5,Leicestershire,Derbyshire,CJ McKay,JKH Naik,A Carter,1,0,,,,,,,,,
947137,2016,2016-06-03,County Ground,1,19.6,Leicestershire,Derbyshire,JKH Naik,CJ McKay,A Carter,1,0,,,,,,run out,JKH Naik,,
947137,2016,2016-06-03,County Ground,2,0.1,Derbyshire,Leicestershire,HD Rutherford,BA Godleman,CJ McKay,0,1,1,,,,,,,,
947137,2016,2016-06-03,County Ground,2,0.2,Derbyshire,Leicestershire,HD Rutherford,BA Godleman,CJ McKay,4,0,,,,,,,,,
947137,2016,2016-06-03,County Ground,2,0.3,Derbyshire,Leicestershire,HD Rutherford,BA Godleman,CJ McKay,4,0,,,,,,,,,
947137,2016,2016-06-03,County Ground,2,0.4,Derbyshire,Leicestershire,HD Rutherford,BA Godleman,CJ McKay,0,0,,,,,,,,,
947137,2016,2016-06-03,County Ground,2,0.5,Derbyshire,Leicestershire,HD Rutherford,BA Godleman,CJ McKay,0,0,,,,,,,,,
947137,2016,2016-06-03,County Ground,2,0.6,Derbyshire,Leicestershire,HD Rutherford,BA Godleman,CJ McKay,0,0,,,,,,,,,
947137,2016,2016-06-03,County Ground,2,0.7,Derbyshire,Leicestershire,HD Rutherford,BA Godleman,CJ McKay,0,0,,,,,,,,,
947137,2016,2016-06-03,County Ground,2,1.1,Derbyshire,Leicestershire,BA Godleman,HD Rutherford,BA Raine,0,0,,,,,,,,,
947137,2016,2016-06-03,County Ground,2,1.2,Derbyshire,Leicestershire,BA Godleman,HD Rutherford,BA Raine,1,0,,,,,,,,,
947137,2016,2016-06-03,County Ground,2,1.3,Derbyshire,Leicestershire,HD Rutherford,BA Godleman,BA Raine,0,0,,,,,,caught,HD Rutherford,,
947137,2016,2016-06-03,County Ground,2,1.4,Derbyshire,Leicestershire,CF Hughes,BA Godleman,BA Raine,1,0,,,,,,,,,
947137,2016,2016-06-03,County Ground,2,1.5,Derbyshire,Leicestershire,BA Godleman,CF Hughes,BA Raine,1,0,,,,,,,,,
947137,2016,2016-06-03,County Ground,2,1.6,Derbyshire,Leicestershire,CF Hughes,BA Godleman,BA Raine,1,0,,,,,,,,,
947137,2016,2016-06-03,County Ground,2,2.1,Derbyshire,Leicestershire,CF Hughes,BA Godleman,CJ McKay,1,0,,,,,,,,,
947137,2016,2016-06-03,County Ground,2,2.2,Derbyshire,Leicestershire,BA Godleman,CF Hughes,CJ McKay,0,0,,,,,,caught,BA Godleman,,
947137,2016,2016-06-03,County Ground,2,2.3,Derbyshire,Leicestershire,NT Broom,CF Hughes,CJ McKay,0,0,,,,,,caught,NT Broom,,
947137,2016,2016-06-03,County Ground,2,2.4,Derbyshire,Leicestershire,WL Madsen,CF Hughes,CJ McKay,1,0,,,,,,,,,
947137,2016,2016-06-03,County Ground,2,2.5,Derbyshire,Leicestershire,CF Hughes,WL Madsen,CJ McKay,0,0,,,,,,,,,
947137,2016,2016-06-03,County Ground,2,2.6,Derbyshire,Leicestershire,CF Hughes,WL Madsen,CJ McKay,0,0,,,,,,,,,
947137,2016,2016-06-03,County Ground,2,3.1,Derbyshire,Leicestershire,WL Madsen,CF Hughes,BA Raine,4,0,,,,,,,,,
947137,2016,2016-06-03,County Ground,2,3.2,Derbyshire,Leicestershire,WL Madsen,CF Hughes,BA Raine,0,0,,,,,,,,,
947137,2016,2016-06-03,County Ground,2,3.3,Derbyshire,Leicestershire,WL Madsen,CF Hughes,BA Raine,0,0,,,,,,,,,
947137,2016,2016-06-03,County Ground,2,3.4,Derbyshire,Leicestershire,WL Madsen,CF Hughes,BA Raine,3,0,,,,,,,,,
947137,2016,2016-06-03,County Ground,2,3.5,Derbyshire,Leicestershire,CF Hughes,WL Madsen,BA Raine,0,0,,,,,,,,,
947137,2016,2016-06-03,County Ground,2,3.6,Derbyshire,Leicestershire,CF Hughes,WL Madsen,BA Raine,0,0,,,,,,,,,
947137,2016,2016-06-03,County Ground,2,4.1,Derbyshire,Leicestershire,WL Madsen,CF Hughes,CJ McKay,0,0,,,,,,,,,
947137,2016,2016-06-03,County Ground,2,4.2,Derbyshire,Leicestershire,WL Madsen,CF Hughes,CJ McKay,0,0,,,,,,,,,
947137,2016,2016-06-03,County Ground,2,4.3,Derbyshire,Leicestershire,WL Madsen,CF Hughes,CJ McKay,1,0,,,,,,,,,
947137,2016,2016-06-03,County Ground,2,4.4,Derbyshire,Leicestershire,CF Hughes,WL Madsen,CJ McKay,1,0,,,,,,,,,
947137,2016,2016-06-03,County Ground,2,4.5,Derbyshire,Leicestershire,WL Madsen,CF Hughes,CJ McKay,4,0,,,,,,,,,
947137,2016,2016-06-03,County Ground,2,4.6,Derbyshire,Leicestershire,WL Madsen,CF Hughes,CJ McKay,0,0,,,,,,,,,
947137,2016,2016-06-03,County Ground,2,5.1,Derbyshire,Leicestershire,CF Hughes,WL Madsen,BA Raine,0,0,,,,,,,,,
947137,2016,2016-06-03,County Ground,2,5.2,Derbyshire,Leicestershire,CF Hughes,WL Madsen,BA Raine,0,0,,,,,,,,,
947137,2016,2016-06-03,County Ground,2,5.3,Derbyshire,Leicestershire,CF Hughes,WL Madsen,BA Raine,6,0,,,,,,,,,
947137,2016,2016-06-03,County Ground,2,5.4,Derbyshire,Leicestershire,CF Hughes,WL Madsen,BA Raine,1,0,,,,,,,,,
947137,2016,2016-06-03,County Ground,2,5.5,Derbyshire,Leicestershire,WL Madsen,CF Hughes,BA Raine,0,0,,,,,,,,,
947137,2016,2016-06-03,County Ground,2,5.6,Derbyshire,Leicestershire,WL Madsen,CF Hughes,BA Raine,1,0,,,,,,,,,
947137,2016,2016-06-03,County Ground,2,6.1,Derbyshire,Leicestershire,WL Madsen,CF Hughes,JKH Naik,1,0,,,,,,,,,
947137,2016,2016-06-03,County Ground,2,6.2,Derbyshire,Leicestershire,CF Hughes,WL Madsen,JKH Naik,6,0,,,,,,,,,
947137,2016,2016-06-03,County Ground,2,6.3,Derbyshire,Leicestershire,CF Hughes,WL Madsen,JKH Naik,1,0,,,,,,,,,
947137,2016,2016-06-03,County Ground,2,6.4,Derbyshire,Leicestershire,WL Madsen,CF Hughes,JKH Naik,0,0,,,,,,,,,
947137,2016,2016-06-03,County Ground,2,6.5,Derbyshire,Leicestershire,WL Madsen,CF Hughes,JKH Naik,0,0,,,,,,,,,
947137,2016,2016-06-03,County Ground,2,6.6,Derbyshire,Leicestershire,WL Madsen,CF Hughes,JKH Naik,1,0,,,,,,,,,
947137,2016,2016-06-03,County Ground,2,7.1,Derbyshire,Leicestershire,WL Madsen,CF Hughes,TJ Wells,0,0,,,,,,,,,
947137,2016,2016-06-03,County Ground,2,7.2,Derbyshire,Leicestershire,WL Madsen,CF Hughes,TJ Wells,0,0,,,,,,,,,
947137,2016,2016-06-03,County Ground,2,7.3,Derbyshire,Leicestershire,WL Madsen,CF Hughes,TJ Wells,1,0,,,,,,,,,
947137,2016,2016-06-03,County Ground,2,7.4,Derbyshire,Leicestershire,CF Hughes,WL Madsen,TJ Wells,1,0,,,,,,,,,
947137,2016,2016-06-03,County Ground,2,7.5,Derbyshire,Leicestershire,WL Madsen,CF Hughes,TJ Wells,4,0,,,,,,,,,
947137,2016,2016-06-03,County Ground,2,7.6,Derbyshire,Leicestershire,WL Madsen,CF Hughes,TJ Wells,1,0,,,,,,,,,
947137,2016,2016-06-03,County Ground,2,8.1,Derbyshire,Leicestershire,WL Madsen,CF Hughes,NJ Dexter,1,0,,,,,,,,,
947137,2016,2016-06-03,County Ground,2,8.2,Derbyshire,Leicestershire,CF Hughes,WL Madsen,NJ Dexter,0,0,,,,,,bowled,CF Hughes,,
947137,2016,2016-06-03,County Ground,2,8.3,Derbyshire,Leicestershire,AL Hughes,WL Madsen,NJ Dexter,0,0,,,,,,,,,
947137,2016,2016-06-03,County Ground,2,8.4,Derbyshire,Leicestershire,AL Hughes,WL Madsen,NJ Dexter,1,0,,,,,,,,,
947137,2016,2016-06-03,County Ground,2,8.5,Derbyshire,Leicestershire,WL Madsen,AL Hughes,NJ Dexter,0,0,,,,,,caught,WL Madsen,,
947137,2016,2016-06-03,County Ground,2,8.6,Derbyshire,Leicestershire,JDS Neesham,AL Hughes,NJ Dexter,0,0,,,,,,,,,
947137,2016,2016-06-03,County Ground,2,9.1,Derbyshire,Leicestershire,AL Hughes,JDS Neesham,TJ Wells,2,0,,,,,,,,,
947137,2016,2016-06-03,County Ground,2,9.2,Derbyshire,Leicestershire,AL Hughes,JDS Neesham,TJ Wells,0,0,,,,,,,,,
947137,2016,2016-06-03,County Ground,2,9.3,Derbyshire,Leicestershire,AL Hughes,JDS Neesham,TJ Wells,0,0,,,,,,,,,
947137,2016,2016-06-03,County Ground,2,9.4,Derbyshire,Leicestershire,AL Hughes,JDS Neesham,TJ Wells,1,0,,,,,,,,,
947137,2016,2016-06-03,County Ground,2,9.5,Derbyshire,Leicestershire,JDS Neesham,AL Hughes,TJ Wells,4,0,,,,,,,,,
947137,2016,2016-06-03,County Ground,2,9.6,Derbyshire,Leicestershire,JDS Neesham,AL Hughes,TJ Wells,0,0,,,,,,,,,
947137,2016,2016-06-03,County Ground,2,10.1,Derbyshire,Leicestershire,AL Hughes,JDS Neesham,NJ Dexter,1,0,,,,,,,,,
947137,2016,2016-06-03,County Ground,2,10.2,Derbyshire,Leicestershire,JDS Neesham,AL Hughes,NJ Dexter,1,0,,,,,,,,,
947137,2016,2016-06-03,County Ground,2,10.3,Derbyshire,Leicestershire,AL Hughes,JDS Neesham,NJ Dexter,0,0,,,,,,,,,
947137,2016,2016-06-03,County Ground,2,10.4,Derbyshire,Leicestershire,AL Hughes,JDS Neesham,NJ Dexter,1,0,,,,,,,,,
947137,2016,2016-06-03,County Ground,2,10.5,Derbyshire,Leicestershire,JDS Neesham,AL Hughes,NJ Dexter,1,0,,,,,,,,,
947137,2016,2016-06-03,County Ground,2,10.6,Derbyshire,Leicestershire,AL Hughes,JDS Neesham,NJ Dexter,1,0,,,,,,,,,
947137,2016,2016-06-03,County Ground,2,11.1,Derbyshire,Leicestershire,AL Hughes,JDS Neesham,JKH Naik,1,0,,,,,,,,,
947137,2016,2016-06-03,County Ground,2,11.2,Derbyshire,Leicestershire,JDS Neesham,AL Hughes,JKH Naik,1,0,,,,,,,,,
947137,2016,2016-06-03,County Ground,2,11.3,Derbyshire,Leicestershire,AL Hughes,JDS Neesham,JKH Naik,0,0,,,,,,,,,
947137,2016,2016-06-03,County Ground,2,11.4,Derbyshire,Leicestershire,AL Hughes,JDS Neesham,JKH Naik,1,0,,,,,,,,,
947137,2016,2016-06-03,County Ground,2,11.5,Derbyshire,Leicestershire,JDS Neesham,AL Hughes,JKH Naik,4,0,,,,,,,,,
947137,2016,2016-06-03,County Ground,2,11.6,Derbyshire,Leicestershire,JDS Neesham,AL Hughes,JKH Naik,0,0,,,,,,,,,
947137,2016,2016-06-03,County Ground,2,12.1,Derbyshire,Leicestershire,AL Hughes,JDS Neesham,KJ O'Brien,4,0,,,,,,,,,
947137,2016,2016-06-03,County Ground,2,12.2,Derbyshire,Leicestershire,AL Hughes,JDS Neesham,KJ O'Brien,1,0,,,,,,,,,
947137,2016,2016-06-03,County Ground,2,12.3,Derbyshire,Leicestershire,JDS Neesham,AL Hughes,KJ O'Brien,1,0,,,,,,,,,
947137,2016,2016-06-03,County Ground,2,12.4,Derbyshire,Leicestershire,AL Hughes,JDS Neesham,KJ O'Brien,0,0,,,,,,,,,
947137,2016,2016-06-03,County Ground,2,12.5,Derbyshire,Leicestershire,AL Hughes,JDS Neesham,KJ O'Brien,0,0,,,,,,,,,
947137,2016,2016-06-03,County Ground,2,12.6,Derbyshire,Leicestershire,AL Hughes,JDS Neesham,KJ O'Brien,0,0,,,,,,,,,
947137,2016,2016-06-03,County Ground,2,13.1,Derbyshire,Leicestershire,JDS Neesham,AL Hughes,BA Raine,1,0,,,,,,,,,
947137,2016,2016-06-03,County Ground,2,13.2,Derbyshire,Leicestershire,AL Hughes,JDS Neesham,BA Raine,1,0,,,,,,,,,
947137,2016,2016-06-03,County Ground,2,13.3,Derbyshire,Leicestershire,JDS Neesham,AL Hughes,BA Raine,0,0,,,,,,,,,
947137,2016,2016-06-03,County Ground,2,13.4,Derbyshire,Leicestershire,JDS Neesham,AL Hughes,BA Raine,1,0,,,,,,,,,
947137,2016,2016-06-03,County Ground,2,13.5,Derbyshire,Leicestershire,AL Hughes,JDS Neesham,BA Raine,4,0,,,,,,,,,
947137,2016,2016-06-03,County Ground,2,13.6,Derbyshire,Leicestershire,AL Hughes,JDS Neesham,BA Raine,4,0,,,,,,,,,
947137,2016,2016-06-03,County Ground,2,14.1,Derbyshire,Leicestershire,JDS Neesham,AL Hughes,NJ Dexter,1,0,,,,,,,,,
947137,2016,2016-06-03,County Ground,2,14.2,Derbyshire,Leicestershire,AL Hughes,JDS Neesham,NJ Dexter,1,0,,,,,,,,,
947137,2016,2016-06-03,County Ground,2,14.3,Derbyshire,Leicestershire,JDS Neesham,AL Hughes,NJ Dexter,4,0,,,,,,,,,
947137,2016,2016-06-03,County Ground,2,14.4,Derbyshire,Leicestershire,JDS Neesham,AL Hughes,NJ Dexter,1,0,,,,,,,,,
947137,2016,2016-06-03,County Ground,2,14.5,Derbyshire,Leicestershire,AL Hughes,JDS Neesham,NJ Dexter,0,0,,,,,,,,,
947137,2016,2016-06-03,County Ground,2,14.6,Derbyshire,Leicestershire,AL Hughes,JDS Neesham,NJ Dexter,2,0,,,,,,,,,
947137,2016,2016-06-03,County Ground,2,15.1,Derbyshire,Leicestershire,JDS Neesham,AL Hughes,CJ McKay,1,0,,,,,,,,,
947137,2016,2016-06-03,County Ground,2,15.2,Derbyshire,Leicestershire,AL Hughes,JDS Neesham,CJ McKay,0,0,,,,,,,,,
947137,2016,2016-06-03,County Ground,2,15.3,Derbyshire,Leicestershire,AL Hughes,JDS Neesham,CJ McKay,0,0,,,,,,,,,
947137,2016,2016-06-03,County Ground,2,15.4,Derbyshire,Leicestershire,AL Hughes,JDS Neesham,CJ McKay,1,0,,,,,,,,,
947137,2016,2016-06-03,County Ground,2,15.5,Derbyshire,Leicestershire,JDS Neesham,AL Hughes,CJ McKay,1,0,,,,,,,,,
947137,2016,2016-06-03,County Ground,2,15.6,Derbyshire,Leicestershire,AL Hughes,JDS Neesham,CJ McKay,0,0,,,,,,,,,
947137,2016,2016-06-03,County Ground,2,16.1,Derbyshire,Leicestershire,JDS Neesham,AL Hughes,JKH Naik,0,0,,,,,,,,,
947137,2016,2016-06-03,County Ground,2,16.2,Derbyshire,Leicestershire,JDS Neesham,AL Hughes,JKH Naik,1,0,,,,,,,,,
947137,2016,2016-06-03,County Ground,2,16.3,Derbyshire,Leicestershire,AL Hughes,JDS Neesham,JKH Naik,0,0,,,,,,caught,AL Hughes,,
947137,2016,2016-06-03,County Ground,2,16.4,Derbyshire,Leicestershire,JDS Neesham,SJ Thakor,JKH Naik,0,0,,,,,,,,,
947137,2016,2016-06-03,County Ground,2,16.5,Derbyshire,Leicestershire,JDS Neesham,SJ Thakor,JKH Naik,6,0,,,,,,,,,
947137,2016,2016-06-03,County Ground,2,16.6,Derbyshire,Leicestershire,JDS Neesham,SJ Thakor,JKH Naik,0,0,,,,,,,,,
947137,2016,2016-06-03,County Ground,2,17.1,Derbyshire,Leicestershire,SJ Thakor,JDS Neesham,KJ O'Brien,0,0,,,,,,,,,
947137,2016,2016-06-03,County Ground,2,17.2,Derbyshire,Leicestershire,SJ Thakor,JDS Neesham,KJ O'Brien,2,0,,,,,,,,,
947137,2016,2016-06-03,County Ground,2,17.3,Derbyshire,Leicestershire,SJ Thakor,JDS Neesham,KJ O'Brien,4,0,,,,,,,,,
947137,2016,2016-06-03,County Ground,2,17.4,Derbyshire,Leicestershire,SJ Thakor,JDS Neesham,KJ O'Brien,4,0,,,,,,,,,
947137,2016,2016-06-03,County Ground,2,17.5,Derbyshire,Leicestershire,SJ Thakor,JDS Neesham,KJ O'Brien,0,0,,,,,,,,,
947137,2016,2016-06-03,County Ground,2,17.6,Derbyshire,Leicestershire,SJ Thakor,JDS Neesham,KJ O'Brien,4,0,,,,,,,,,
