version,2.1.0
info,balls_per_over,6
info,team,Lancashire
info,team,Durham
info,gender,male
info,season,2016
info,date,2016/05/27
info,event,NatWest T20 Blast
info,venue,Old Trafford
info,city,Manchester
info,toss_winner,Durham
info,toss_decision,field
info,player_of_match,P Mustard
info,umpire,M Burns
info,umpire,RT Robinson
info,winner,Durham
info,winner_wickets,6
info,player,Durham,P Mustard
info,player,Durham,MD Stoneman
info,player,Durham,G Clark
info,player,Durham,MJ Richardson
info,player,Durham,RD Pringle
info,player,Durham,KK Jennings
info,player,Durham,PD Collingwood
info,player,Durham,SG Borthwick
info,player,Durham,BJ McCarthy
info,player,Durham,U Arshad
info,player,Durham,P Coughlin
info,player,Lancashire,MJ Guptill
info,player,Lancashire,AN Petersen
info,player,Lancashire,KR Brown
info,player,Lancashire,JC Buttler
info,player,Lancashire,SJ Croft
info,player,Lancashire,AL Davies
info,player,Lancashire,AM Lilley
info,player,Lancashire,N Wagner
info,player,Lancashire,SD Parry
info,player,Lancashire,KM Jarvis
info,player,Lancashire,GA Edwards
info,registry,people,AL Davies,29ede60b
info,registry,people,AM Lilley,88a004e9
info,registry,people,AN Petersen,e01aafc1
info,registry,people,BJ McCarthy,3766056b
info,registry,people,G Clark,4fd09cfc
info,registry,people,GA Edwards,45966141
info,registry,people,JC Buttler,99b75528
info,registry,people,KK Jennings,8479a24a
info,registry,people,KM Jarvis,59792462
info,registry,people,KR Brown,818c9e0d
info,registry,people,M Burns,b3bd0666
info,registry,people,MD Stoneman,1b77f62b
info,registry,people,MJ Guptill,2be41edb
info,registry,people,MJ Richardson,22176fe7
info,registry,people,N Wagner,78adc879
info,registry,people,P Coughlin,71440756
info,registry,people,P Mustard,1b6fef02
info,registry,people,PD Collingwood,a386e91b
info,registry,people,RD Pringle,757502b5
info,registry,people,RT Robinson,b143c87d
info,registry,people,SD Parry,fdb8ed0d
info,registry,people,SG Borthwick,51e1ed69
info,registry,people,SJ Croft,ab474682
info,registry,people,U Arshad,02b93a83
