match_id,season,start_date,venue,innings,ball,batting_team,bowling_team,striker,non_striker,bowler,runs_off_bat,extras,wides,noballs,byes,legbyes,penalty,wicket_type,player_dismissed,other_wicket_type,other_player_dismissed
947251,2016,2016-07-08,Headingley,1,0.1,Yorkshire,Warwickshire,A Lyth,DJ Willey,R Clarke,0,0,,,,,,,,,
947251,2016,2016-07-08,Headingley,1,0.2,Yorkshire,Warwickshire,A Lyth,DJ Willey,R Clarke,0,0,,,,,,,,,
947251,2016,2016-07-08,Headingley,1,0.3,Yorkshire,Warwickshire,A Lyth,DJ Willey,R Clarke,4,0,,,,,,,,,
947251,2016,2016-07-08,Headingley,1,0.4,Yorkshire,Warwickshire,A Lyth,DJ Willey,R Clarke,6,0,,,,,,,,,
947251,2016,2016-07-08,Headingley,1,0.5,Yorkshire,Warwickshire,A Lyth,DJ Willey,R Clarke,0,0,,,,,,,,,
947251,2016,2016-07-08,Headingley,1,0.6,Yorkshire,Warwickshire,A Lyth,DJ Willey,R Clarke,1,0,,,,,,,,,
947251,2016,2016-07-08,Headingley,1,1.1,Yorkshire,Warwickshire,A Lyth,DJ Willey,OJ Hannon-Dalby,1,0,,,,,,,,,
947251,2016,2016-07-08,Headingley,1,1.2,Yorkshire,Warwickshire,DJ Willey,A Lyth,OJ Hannon-Dalby,0,0,,,,,,,,,
947251,2016,2016-07-08,Headingley,1,1.3,Yorkshire,Warwickshire,DJ Willey,A Lyth,OJ Hannon-Dalby,1,0,,,,,,,,,
947251,2016,2016-07-08,Headingley,1,1.4,Yorkshire,Warwickshire,A Lyth,DJ Willey,OJ Hannon-Dalby,0,0,,,,,,caught,A Lyth,,
947251,2016,2016-07-08,Headingley,1,1.5,Yorkshire,Warwickshire,AZ Lees,DJ Willey,OJ Hannon-Dalby,0,0,,,,,,,,,
947251,2016,2016-07-08,Headingley,1,1.6,Yorkshire,Warwickshire,AZ Lees,DJ Willey,OJ Hannon-Dalby,2,0,,,,,,,,,
947251,2016,2016-07-08,Headingley,1,2.1,Yorkshire,Warwickshire,DJ Willey,AZ Lees,R Clarke,0,0,,,,,,,,,
947251,2016,2016-07-08,Headingley,1,2.2,Yorkshire,Warwickshire,DJ Willey,AZ Lees,R Clarke,0,0,,,,,,,,,
947251,2016,2016-07-08,Headingley,1,2.3,Yorkshire,Warwickshire,DJ Willey,AZ Lees,R Clarke,1,0,,,,,,,,,
947251,2016,2016-07-08,Headingley,1,2.4,Yorkshire,Warwickshire,AZ Lees,DJ Willey,R Clarke,0,0,,,,,,,,,
947251,2016,2016-07-08,Headingley,1,2.5,Yorkshire,Warwickshire,AZ Lees,DJ Willey,R Clarke,0,0,,,,,,,,,
947251,2016,2016-07-08,Headingley,1,2.6,Yorkshire,Warwickshire,AZ Lees,DJ Willey,R Clarke,1,2,,2,,,,,,,
947251,2016,2016-07-08,Headingley,1,2.7,Yorkshire,Warwickshire,DJ Willey,AZ Lees,R Clarke,1,0,,,,,,,,,
947251,2016,2016-07-08,Headingley,1,3.1,Yorkshire,Warwickshire,DJ Willey,AZ Lees,RO Gordon,1,0,,,,,,,,,
947251,2016,2016-07-08,Headingley,1,3.2,Yorkshire,Warwickshire,AZ Lees,DJ Willey,RO Gordon,1,0,,,,,,,,,
947251,2016,2016-07-08,Headingley,1,3.3,Yorkshire,Warwickshire,DJ Willey,AZ Lees,RO Gordon,1,0,,,,,,,,,
947251,2016,2016-07-08,Headingley,1,3.4,Yorkshire,Warwickshire,AZ Lees,DJ Willey,RO Gordon,0,0,,,,,,,,,
947251,2016,2016-07-08,Headingley,1,3.5,Yorkshire,Warwickshire,AZ Lees,DJ Willey,RO Gordon,0,0,,,,,,,,,
947251,2016,2016-07-08,Headingley,1,3.6,Yorkshire,Warwickshire,AZ Lees,DJ Willey,RO Gordon,0,0,,,,,,,,,
947251,2016,2016-07-08,Headingley,1,4.1,Yorkshire,Warwickshire,DJ Willey,AZ Lees,OJ Hannon-Dalby,1,0,,,,,,,,,
947251,2016,2016-07-08,Headingley,1,4.2,Yorkshire,Warwickshire,AZ Lees,DJ Willey,OJ Hannon-Dalby,0,0,,,,,,,,,
947251,2016,2016-07-08,Headingley,1,4.3,Yorkshire,Warwickshire,AZ Lees,DJ Willey,OJ Hannon-Dalby,4,0,,,,,,,,,
947251,2016,2016-07-08,Headingley,1,4.4,Yorkshire,Warwickshire,AZ Lees,DJ Willey,OJ Hannon-Dalby,0,1,,,,1,,,,,
947251,2016,2016-07-08,Headingley,1,4.5,Yorkshire,Warwickshire,DJ Willey,AZ Lees,OJ Hannon-Dalby,4,0,,,,,,,,,
947251,2016,2016-07-08,Headingley,1,4.6,Yorkshire,Warwickshire,DJ Willey,AZ Lees,OJ Hannon-Dalby,0,1,1,,,,,,,,
947251,2016,2016-07-08,Headingley,1,4.7,Yorkshire,Warwickshire,DJ Willey,AZ Lees,OJ Hannon-Dalby,0,0,,,,,,caught,DJ Willey,,
947251,2016,2016-07-08,Headingley,1,5.1,Yorkshire,Warwickshire,KS Williamson,AZ Lees,RO Gordon,0,0,,,,,,,,,
947251,2016,2016-07-08,Headingley,1,5.2,Yorkshire,Warwickshire,KS Williamson,AZ Lees,RO Gordon,0,0,,,,,,,,,
947251,2016,2016-07-08,Headingley,1,5.3,Yorkshire,Warwickshire,KS Williamson,AZ Lees,RO Gordon,0,0,,,,,,,,,
947251,2016,2016-07-08,Headingley,1,5.4,Yorkshire,Warwickshire,KS Williamson,AZ Lees,RO Gordon,1,0,,,,,,,,,
947251,2016,2016-07-08,Headingley,1,5.5,Yorkshire,Warwickshire,AZ Lees,KS Williamson,RO Gordon,4,0,,,,,,,,,
947251,2016,2016-07-08,Headingley,1,5.6,Yorkshire,Warwickshire,AZ Lees,KS Williamson,RO Gordon,0,0,,,,,,,,,
947251,2016,2016-07-08,Headingley,1,6.1,Yorkshire,Warwickshire,KS Williamson,AZ Lees,JS Patel,1,0,,,,,,,,,
947251,2016,2016-07-08,Headingley,1,6.2,Yorkshire,Warwickshire,AZ Lees,KS Williamson,JS Patel,0,0,,,,,,,,,
947251,2016,2016-07-08,Headingley,1,6.3,Yorkshire,Warwickshire,AZ Lees,KS Williamson,JS Patel,1,0,,,,,,,,,
947251,2016,2016-07-08,Headingley,1,6.4,Yorkshire,Warwickshire,KS Williamson,AZ Lees,JS Patel,1,0,,,,,,,,,
947251,2016,2016-07-08,Headingley,1,6.5,Yorkshire,Warwickshire,AZ Lees,KS Williamson,JS Patel,0,0,,,,,,,,,
947251,2016,2016-07-08,Headingley,1,6.6,Yorkshire,Warwickshire,AZ Lees,KS Williamson,JS Patel,0,0,,,,,,,,,
947251,2016,2016-07-08,Headingley,1,7.1,Yorkshire,Warwickshire,KS Williamson,AZ Lees,JE Poysden,1,0,,,,,,,,,
947251,2016,2016-07-08,Headingley,1,7.2,Yorkshire,Warwickshire,AZ Lees,KS Williamson,JE Poysden,4,0,,,,,,,,,
947251,2016,2016-07-08,Headingley,1,7.3,Yorkshire,Warwickshire,AZ Lees,KS Williamson,JE Poysden,4,0,,,,,,,,,
947251,2016,2016-07-08,Headingley,1,7.4,Yorkshire,Warwickshire,AZ Lees,KS Williamson,JE Poysden,2,0,,,,,,,,,
947251,2016,2016-07-08,Headingley,1,7.5,Yorkshire,Warwickshire,AZ Lees,KS Williamson,JE Poysden,0,0,,,,,,bowled,AZ Lees,,
947251,2016,2016-07-08,Headingley,1,7.6,Yorkshire,Warwickshire,GS Ballance,KS Williamson,JE Poysden,1,0,,,,,,,,,
947251,2016,2016-07-08,Headingley,1,8.1,Yorkshire,Warwickshire,GS Ballance,KS Williamson,JS Patel,1,0,,,,,,,,,
947251,2016,2016-07-08,Headingley,1,8.2,Yorkshire,Warwickshire,KS Williamson,GS Ballance,JS Patel,1,0,,,,,,,,,
947251,2016,2016-07-08,Headingley,1,8.3,Yorkshire,Warwickshire,GS Ballance,KS Williamson,JS Patel,1,0,,,,,,,,,
947251,2016,2016-07-08,Headingley,1,8.4,Yorkshire,Warwickshire,KS Williamson,GS Ballance,JS Patel,0,0,,,,,,,,,
947251,2016,2016-07-08,Headingley,1,8.5,Yorkshire,Warwickshire,KS Williamson,GS Ballance,JS Patel,0,0,,,,,,,,,
947251,2016,2016-07-08,Headingley,1,8.6,Yorkshire,Warwickshire,KS Williamson,GS Ballance,JS Patel,2,0,,,,,,,,,
947251,2016,2016-07-08,Headingley,1,9.1,Yorkshire,Warwickshire,GS Ballance,KS Williamson,JE Poysden,1,0,,,,,,,,,
947251,2016,2016-07-08,Headingley,1,9.2,Yorkshire,Warwickshire,KS Williamson,GS Ballance,JE Poysden,1,0,,,,,,,,,
947251,2016,2016-07-08,Headingley,1,9.3,Yorkshire,Warwickshire,GS Ballance,KS Williamson,JE Poysden,0,0,,,,,,,,,
947251,2016,2016-07-08,Headingley,1,9.4,Yorkshire,Warwickshire,GS Ballance,KS Williamson,JE Poysden,1,0,,,,,,,,,
947251,2016,2016-07-08,Headingley,1,9.5,Yorkshire,Warwickshire,KS Williamson,GS Ballance,JE Poysden,0,0,,,,,,,,,
947251,2016,2016-07-08,Headingley,1,9.6,Yorkshire,Warwickshire,KS Williamson,GS Ballance,JE Poysden,2,0,,,,,,,,,
947251,2016,2016-07-08,Headingley,1,10.1,Yorkshire,Warwickshire,GS Ballance,KS Williamson,A Javid,1,0,,,,,,,,,
947251,2016,2016-07-08,Headingley,1,10.2,Yorkshire,Warwickshire,KS Williamson,GS Ballance,A Javid,2,0,,,,,,,,,
947251,2016,2016-07-08,Headingley,1,10.3,Yorkshire,Warwickshire,KS Williamson,GS Ballance,A Javid,1,0,,,,,,,,,
947251,2016,2016-07-08,Headingley,1,10.4,Yorkshire,Warwickshire,GS Ballance,KS Williamson,A Javid,0,1,1,,,,,,,,
947251,2016,2016-07-08,Headingley,1,10.5,Yorkshire,Warwickshire,GS Ballance,KS Williamson,A Javid,1,0,,,,,,,,,
947251,2016,2016-07-08,Headingley,1,10.6,Yorkshire,Warwickshire,KS Williamson,GS Ballance,A Javid,4,0,,,,,,,,,
947251,2016,2016-07-08,Headingley,1,10.7,Yorkshire,Warwickshire,KS Williamson,GS Ballance,A Javid,1,0,,,,,,,,,
947251,2016,2016-07-08,Headingley,1,11.1,Yorkshire,Warwickshire,KS Williamson,GS Ballance,JE Poysden,0,0,,,,,,,,,
947251,2016,2016-07-08,Headingley,1,11.2,Yorkshire,Warwickshire,KS Williamson,GS Ballance,JE Poysden,6,0,,,,,,,,,
947251,2016,2016-07-08,Headingley,1,11.3,Yorkshire,Warwickshire,KS Williamson,GS Ballance,JE Poysden,1,0,,,,,,,,,
947251,2016,2016-07-08,Headingley,1,11.4,Yorkshire,Warwickshire,GS Ballance,KS Williamson,JE Poysden,1,0,,,,,,,,,
947251,2016,2016-07-08,Headingley,1,11.5,Yorkshire,Warwickshire,KS Williamson,GS Ballance,JE Poysden,0,0,,,,,,,,,
947251,2016,2016-07-08,Headingley,1,11.6,Yorkshire,Warwickshire,KS Williamson,GS Ballance,JE Poysden,1,0,,,,,,,,,
947251,2016,2016-07-08,Headingley,1,12.1,Yorkshire,Warwickshire,KS Williamson,GS Ballance,JS Patel,1,0,,,,,,,,,
947251,2016,2016-07-08,Headingley,1,12.2,Yorkshire,Warwickshire,GS Ballance,KS Williamson,JS Patel,0,0,,,,,,,,,
947251,2016,2016-07-08,Headingley,1,12.3,Yorkshire,Warwickshire,GS Ballance,KS Williamson,JS Patel,0,1,,,,1,,,,,
947251,2016,2016-07-08,Headingley,1,12.4,Yorkshire,Warwickshire,KS Williamson,GS Ballance,JS Patel,1,0,,,,,,,,,
947251,2016,2016-07-08,Headingley,1,12.5,Yorkshire,Warwickshire,GS Ballance,KS Williamson,JS Patel,0,2,,,,2,,,,,
947251,2016,2016-07-08,Headingley,1,12.6,Yorkshire,Warwickshire,GS Ballance,KS Williamson,JS Patel,1,0,,,,,,,,,
947251,2016,2016-07-08,Headingley,1,13.1,Yorkshire,Warwickshire,GS Ballance,KS Williamson,R Clarke,1,0,,,,,,,,,
947251,2016,2016-07-08,Headingley,1,13.2,Yorkshire,Warwickshire,KS Williamson,GS Ballance,R Clarke,0,0,,,,,,,,,
947251,2016,2016-07-08,Headingley,1,13.3,Yorkshire,Warwickshire,KS Williamson,GS Ballance,R Clarke,4,0,,,,,,,,,
947251,2016,2016-07-08,Headingley,1,13.4,Yorkshire,Warwickshire,KS Williamson,GS Ballance,R Clarke,0,0,,,,,,,,,
947251,2016,2016-07-08,Headingley,1,13.5,Yorkshire,Warwickshire,KS Williamson,GS Ballance,R Clarke,1,0,,,,,,,,,
947251,2016,2016-07-08,Headingley,1,13.6,Yorkshire,Warwickshire,GS Ballance,KS Williamson,R Clarke,1,0,,,,,,,,,
947251,2016,2016-07-08,Headingley,1,14.1,Yorkshire,Warwickshire,GS Ballance,KS Williamson,JS Patel,4,0,,,,,,,,,
947251,2016,2016-07-08,Headingley,1,14.2,Yorkshire,Warwickshire,GS Ballance,KS Williamson,JS Patel,1,0,,,,,,,,,
947251,2016,2016-07-08,Headingley,1,14.3,Yorkshire,Warwickshire,KS Williamson,GS Ballance,JS Patel,0,0,,,,,,,,,
947251,2016,2016-07-08,Headingley,1,14.4,Yorkshire,Warwickshire,KS Williamson,GS Ballance,JS Patel,4,0,,,,,,,,,
947251,2016,2016-07-08,Headingley,1,14.5,Yorkshire,Warwickshire,KS Williamson,GS Ballance,JS Patel,1,0,,,,,,,,,
947251,2016,2016-07-08,Headingley,1,14.6,Yorkshire,Warwickshire,GS Ballance,KS Williamson,JS Patel,1,0,,,,,,,,,
947251,2016,2016-07-08,Headingley,1,15.1,Yorkshire,Warwickshire,GS Ballance,KS Williamson,RO Gordon,2,0,,,,,,,,,
947251,2016,2016-07-08,Headingley,1,15.2,Yorkshire,Warwickshire,GS Ballance,KS Williamson,RO Gordon,0,1,,,,1,,,,,
947251,2016,2016-07-08,Headingley,1,15.3,Yorkshire,Warwickshire,KS Williamson,GS Ballance,RO Gordon,1,0,,,,,,,,,
947251,2016,2016-07-08,Headingley,1,15.4,Yorkshire,Warwickshire,GS Ballance,KS Williamson,RO Gordon,4,0,,,,,,,,,
947251,2016,2016-07-08,Headingley,1,15.5,Yorkshire,Warwickshire,GS Ballance,KS Williamson,RO Gordon,1,0,,,,,,,,,
947251,2016,2016-07-08,Headingley,1,15.6,Yorkshire,Warwickshire,KS Williamson,GS Ballance,RO Gordon,0,1,1,,,,,,,,
947251,2016,2016-07-08,Headingley,1,15.7,Yorkshire,Warwickshire,KS Williamson,GS Ballance,RO Gordon,2,0,,,,,,,,,
947251,2016,2016-07-08,Headingley,1,16.1,Yorkshire,Warwickshire,GS Ballance,KS Williamson,OJ Hannon-Dalby,0,0,,,,,,,,,
947251,2016,2016-07-08,Headingley,1,16.2,Yorkshire,Warwickshire,GS Ballance,KS Williamson,OJ Hannon-Dalby,4,0,,,,,,,,,
947251,2016,2016-07-08,Headingley,1,16.3,Yorkshire,Warwickshire,GS Ballance,KS Williamson,OJ Hannon-Dalby,4,0,,,,,,,,,
947251,2016,2016-07-08,Headingley,1,16.4,Yorkshire,Warwickshire,GS Ballance,KS Williamson,OJ Hannon-Dalby,1,0,,,,,,,,,
947251,2016,2016-07-08,Headingley,1,16.5,Yorkshire,Warwickshire,KS Williamson,GS Ballance,OJ Hannon-Dalby,1,0,,,,,,,,,
947251,2016,2016-07-08,Headingley,1,16.6,Yorkshire,Warwickshire,GS Ballance,KS Williamson,OJ Hannon-Dalby,0,0,,,,,,,,,
947251,2016,2016-07-08,Headingley,1,17.1,Yorkshire,Warwickshire,KS Williamson,GS Ballance,R Clarke,0,0,,,,,,,,,
947251,2016,2016-07-08,Headingley,1,17.2,Yorkshire,Warwickshire,KS Williamson,GS Ballance,R Clarke,1,0,,,,,,,,,
947251,2016,2016-07-08,Headingley,1,17.3,Yorkshire,Warwickshire,GS Ballance,KS Williamson,R Clarke,0,0,,,,,,,,,
947251,2016,2016-07-08,Headingley,1,17.4,Yorkshire,Warwickshire,GS Ballance,KS Williamson,R Clarke,0,0,,,,,,bowled,GS Ballance,,
947251,2016,2016-07-08,Headingley,1,17.5,Yorkshire,Warwickshire,TT Bresnan,KS Williamson,R Clarke,6,0,,,,,,,,,
947251,2016,2016-07-08,Headingley,1,17.6,Yorkshire,Warwickshire,TT Bresnan,KS Williamson,R Clarke,0,0,,,,,,,,,
947251,2016,2016-07-08,Headingley,1,18.1,Yorkshire,Warwickshire,KS Williamson,TT Bresnan,OJ Hannon-Dalby,0,1,,,,1,,,,,
947251,2016,2016-07-08,Headingley,1,18.2,Yorkshire,Warwickshire,TT Bresnan,KS Williamson,OJ Hannon-Dalby,1,0,,,,,,,,,
947251,2016,2016-07-08,Headingley,1,18.3,Yorkshire,Warwickshire,KS Williamson,TT Bresnan,OJ Hannon-Dalby,1,0,,,,,,,,,
947251,2016,2016-07-08,Headingley,1,18.4,Yorkshire,Warwickshire,TT Bresnan,KS Williamson,OJ Hannon-Dalby,2,0,,,,,,,,,
947251,2016,2016-07-08,Headingley,1,18.5,Yorkshire,Warwickshire,TT Bresnan,KS Williamson,OJ Hannon-Dalby,1,0,,,,,,,,,
947251,2016,2016-07-08,Headingley,1,18.6,Yorkshire,Warwickshire,KS Williamson,TT Bresnan,OJ Hannon-Dalby,4,0,,,,,,,,,
947251,2016,2016-07-08,Headingley,1,19.1,Yorkshire,Warwickshire,TT Bresnan,KS Williamson,RO Gordon,0,0,,,,,,caught,TT Bresnan,,
947251,2016,2016-07-08,Headingley,1,19.2,Yorkshire,Warwickshire,KS Williamson,LE Plunkett,RO Gordon,0,0,,,,,,,,,
947251,2016,2016-07-08,Headingley,1,19.3,Yorkshire,Warwickshire,KS Williamson,LE Plunkett,RO Gordon,0,0,,,,,,run out,KS Williamson,,
947251,2016,2016-07-08,Headingley,1,19.4,Yorkshire,Warwickshire,JA Leaning,LE Plunkett,RO Gordon,6,0,,,,,,,,,
947251,2016,2016-07-08,Headingley,1,19.5,Yorkshire,Warwickshire,JA Leaning,LE Plunkett,RO Gordon,0,1,,,1,,,,,,
947251,2016,2016-07-08,Headingley,1,19.6,Yorkshire,Warwickshire,LE Plunkett,JA Leaning,RO Gordon,2,0,,,,,,,,,
947251,2016,2016-07-08,Headingley,2,0.1,Warwickshire,Yorkshire,SR Hain,IR Bell,DJ Willey,0,1,1,,,,,,,,
947251,2016,2016-07-08,Headingley,2,0.2,Warwickshire,Yorkshire,SR Hain,IR Bell,DJ Willey,0,0,,,,,,lbw,SR Hain,,
947251,2016,2016-07-08,Headingley,2,0.3,Warwickshire,Yorkshire,WTS Porterfield,IR Bell,DJ Willey,0,0,,,,,,,,,
947251,2016,2016-07-08,Headingley,2,0.4,Warwickshire,Yorkshire,WTS Porterfield,IR Bell,DJ Willey,1,0,,,,,,,,,
947251,2016,2016-07-08,Headingley,2,0.5,Warwickshire,Yorkshire,IR Bell,WTS Porterfield,DJ Willey,4,0,,,,,,,,,
947251,2016,2016-07-08,Headingley,2,0.6,Warwickshire,Yorkshire,IR Bell,WTS Porterfield,DJ Willey,2,0,,,,,,,,,
947251,2016,2016-07-08,Headingley,2,0.7,Warwickshire,Yorkshire,IR Bell,WTS Porterfield,DJ Willey,0,0,,,,,,,,,
947251,2016,2016-07-08,Headingley,2,1.1,Warwickshire,Yorkshire,WTS Porterfield,IR Bell,TT Bresnan,4,0,,,,,,,,,
947251,2016,2016-07-08,Headingley,2,1.2,Warwickshire,Yorkshire,WTS Porterfield,IR Bell,TT Bresnan,1,0,,,,,,,,,
947251,2016,2016-07-08,Headingley,2,1.3,Warwickshire,Yorkshire,IR Bell,WTS Porterfield,TT Bresnan,1,0,,,,,,,,,
947251,2016,2016-07-08,Headingley,2,1.4,Warwickshire,Yorkshire,WTS Porterfield,IR Bell,TT Bresnan,0,0,,,,,,,,,
947251,2016,2016-07-08,Headingley,2,1.5,Warwickshire,Yorkshire,WTS Porterfield,IR Bell,TT Bresnan,0,0,,,,,,,,,
947251,2016,2016-07-08,Headingley,2,1.6,Warwickshire,Yorkshire,WTS Porterfield,IR Bell,TT Bresnan,0,0,,,,,,,,,
947251,2016,2016-07-08,Headingley,2,2.1,Warwickshire,Yorkshire,IR Bell,WTS Porterfield,DJ Willey,4,0,,,,,,,,,
947251,2016,2016-07-08,Headingley,2,2.2,Warwickshire,Yorkshire,IR Bell,WTS Porterfield,DJ Willey,2,0,,,,,,,,,
947251,2016,2016-07-08,Headingley,2,2.3,Warwickshire,Yorkshire,IR Bell,WTS Porterfield,DJ Willey,2,0,,,,,,,,,
947251,2016,2016-07-08,Headingley,2,2.4,Warwickshire,Yorkshire,IR Bell,WTS Porterfield,DJ Willey,1,0,,,,,,,,,
947251,2016,2016-07-08,Headingley,2,2.5,Warwickshire,Yorkshire,WTS Porterfield,IR Bell,DJ Willey,1,0,,,,,,,,,
947251,2016,2016-07-08,Headingley,2,2.6,Warwickshire,Yorkshire,IR Bell,WTS Porterfield,DJ Willey,0,0,,,,,,,,,
947251,2016,2016-07-08,Headingley,2,3.1,Warwickshire,Yorkshire,WTS Porterfield,IR Bell,TT Bresnan,1,0,,,,,,,,,
947251,2016,2016-07-08,Headingley,2,3.2,Warwickshire,Yorkshire,IR Bell,WTS Porterfield,TT Bresnan,0,0,,,,,,,,,
947251,2016,2016-07-08,Headingley,2,3.3,Warwickshire,Yorkshire,IR Bell,WTS Porterfield,TT Bresnan,1,0,,,,,,,,,
947251,2016,2016-07-08,Headingley,2,3.4,Warwickshire,Yorkshire,WTS Porterfield,IR Bell,TT Bresnan,1,0,,,,,,,,,
947251,2016,2016-07-08,Headingley,2,3.5,Warwickshire,Yorkshire,IR Bell,WTS Porterfield,TT Bresnan,0,0,,,,,,,,,
947251,2016,2016-07-08,Headingley,2,3.6,Warwickshire,Yorkshire,IR Bell,WTS Porterfield,TT Bresnan,1,0,,,,,,,,,
947251,2016,2016-07-08,Headingley,2,4.1,Warwickshire,Yorkshire,IR Bell,WTS Porterfield,LE Plunkett,1,0,,,,,,,,,
947251,2016,2016-07-08,Headingley,2,4.2,Warwickshire,Yorkshire,WTS Porterfield,IR Bell,LE Plunkett,4,0,,,,,,,,,
947251,2016,2016-07-08,Headingley,2,4.3,Warwickshire,Yorkshire,WTS Porterfield,IR Bell,LE Plunkett,4,0,,,,,,,,,
947251,2016,2016-07-08,Headingley,2,4.4,Warwickshire,Yorkshire,WTS Porterfield,IR Bell,LE Plunkett,1,0,,,,,,,,,
947251,2016,2016-07-08,Headingley,2,4.5,Warwickshire,Yorkshire,IR Bell,WTS Porterfield,LE Plunkett,4,0,,,,,,,,,
947251,2016,2016-07-08,Headingley,2,4.6,Warwickshire,Yorkshire,IR Bell,WTS Porterfield,LE Plunkett,4,0,,,,,,,,,
947251,2016,2016-07-08,Headingley,2,5.1,Warwickshire,Yorkshire,WTS Porterfield,IR Bell,Azeem Rafiq,0,0,,,,,,,,,
947251,2016,2016-07-08,Headingley,2,5.2,Warwickshire,Yorkshire,WTS Porterfield,IR Bell,Azeem Rafiq,1,0,,,,,,,,,
947251,2016,2016-07-08,Headingley,2,5.3,Warwickshire,Yorkshire,IR Bell,WTS Porterfield,Azeem Rafiq,0,0,,,,,,,,,
947251,2016,2016-07-08,Headingley,2,5.4,Warwickshire,Yorkshire,IR Bell,WTS Porterfield,Azeem Rafiq,0,0,,,,,,,,,
947251,2016,2016-07-08,Headingley,2,5.5,Warwickshire,Yorkshire,IR Bell,WTS Porterfield,Azeem Rafiq,0,0,,,,,,,,,
947251,2016,2016-07-08,Headingley,2,5.6,Warwickshire,Yorkshire,IR Bell,WTS Porterfield,Azeem Rafiq,1,0,,,,,,,,,
947251,2016,2016-07-08,Headingley,2,6.1,Warwickshire,Yorkshire,IR Bell,WTS Porterfield,AU Rashid,1,0,,,,,,,,,
947251,2016,2016-07-08,Headingley,2,6.2,Warwickshire,Yorkshire,WTS Porterfield,IR Bell,AU Rashid,1,0,,,,,,,,,
947251,2016,2016-07-08,Headingley,2,6.3,Warwickshire,Yorkshire,IR Bell,WTS Porterfield,AU Rashid,1,0,,,,,,,,,
947251,2016,2016-07-08,Headingley,2,6.4,Warwickshire,Yorkshire,WTS Porterfield,IR Bell,AU Rashid,1,0,,,,,,,,,
947251,2016,2016-07-08,Headingley,2,6.5,Warwickshire,Yorkshire,IR Bell,WTS Porterfield,AU Rashid,0,0,,,,,,stumped,IR Bell,,
947251,2016,2016-07-08,Headingley,2,6.6,Warwickshire,Yorkshire,MS Wade,WTS Porterfield,AU Rashid,1,0,,,,,,,,,
947251,2016,2016-07-08,Headingley,2,7.1,Warwickshire,Yorkshire,MS Wade,WTS Porterfield,Azeem Rafiq,2,0,,,,,,,,,
947251,2016,2016-07-08,Headingley,2,7.2,Warwickshire,Yorkshire,MS Wade,WTS Porterfield,Azeem Rafiq,1,0,,,,,,,,,
947251,2016,2016-07-08,Headingley,2,7.3,Warwickshire,Yorkshire,WTS Porterfield,MS Wade,Azeem Rafiq,0,0,,,,,,,,,
947251,2016,2016-07-08,Headingley,2,7.4,Warwickshire,Yorkshire,WTS Porterfield,MS Wade,Azeem Rafiq,1,0,,,,,,,,,
947251,2016,2016-07-08,Headingley,2,7.5,Warwickshire,Yorkshire,MS Wade,WTS Porterfield,Azeem Rafiq,1,0,,,,,,,,,
947251,2016,2016-07-08,Headingley,2,7.6,Warwickshire,Yorkshire,WTS Porterfield,MS Wade,Azeem Rafiq,0,0,,,,,,,,,
947251,2016,2016-07-08,Headingley,2,8.1,Warwickshire,Yorkshire,MS Wade,WTS Porterfield,AU Rashid,1,0,,,,,,,,,
947251,2016,2016-07-08,Headingley,2,8.2,Warwickshire,Yorkshire,WTS Porterfield,MS Wade,AU Rashid,1,0,,,,,,,,,
947251,2016,2016-07-08,Headingley,2,8.3,Warwickshire,Yorkshire,MS Wade,WTS Porterfield,AU Rashid,0,0,,,,,,,,,
947251,2016,2016-07-08,Headingley,2,8.4,Warwickshire,Yorkshire,MS Wade,WTS Porterfield,AU Rashid,0,0,,,,,,,,,
947251,2016,2016-07-08,Headingley,2,8.5,Warwickshire,Yorkshire,MS Wade,WTS Porterfield,AU Rashid,0,0,,,,,,caught,MS Wade,,
947251,2016,2016-07-08,Headingley,2,8.6,Warwickshire,Yorkshire,LJ Evans,WTS Porterfield,AU Rashid,1,0,,,,,,,,,
947251,2016,2016-07-08,Headingley,2,9.1,Warwickshire,Yorkshire,LJ Evans,WTS Porterfield,A Lyth,0,0,,,,,,,,,
947251,2016,2016-07-08,Headingley,2,9.2,Warwickshire,Yorkshire,LJ Evans,WTS Porterfield,A Lyth,1,0,,,,,,,,,
947251,2016,2016-07-08,Headingley,2,9.3,Warwickshire,Yorkshire,WTS Porterfield,LJ Evans,A Lyth,0,0,,,,,,,,,
947251,2016,2016-07-08,Headingley,2,9.4,Warwickshire,Yorkshire,WTS Porterfield,LJ Evans,A Lyth,2,0,,,,,,,,,
947251,2016,2016-07-08,Headingley,2,9.5,Warwickshire,Yorkshire,WTS Porterfield,LJ Evans,A Lyth,1,0,,,,,,,,,
947251,2016,2016-07-08,Headingley,2,9.6,Warwickshire,Yorkshire,LJ Evans,WTS Porterfield,A Lyth,0,0,,,,,,,,,
947251,2016,2016-07-08,Headingley,2,10.1,Warwickshire,Yorkshire,WTS Porterfield,LJ Evans,AU Rashid,4,0,,,,,,,,,
947251,2016,2016-07-08,Headingley,2,10.2,Warwickshire,Yorkshire,WTS Porterfield,LJ Evans,AU Rashid,2,0,,,,,,,,,
947251,2016,2016-07-08,Headingley,2,10.3,Warwickshire,Yorkshire,WTS Porterfield,LJ Evans,AU Rashid,0,0,,,,,,,,,
947251,2016,2016-07-08,Headingley,2,10.4,Warwickshire,Yorkshire,WTS Porterfield,LJ Evans,AU Rashid,1,0,,,,,,,,,
947251,2016,2016-07-08,Headingley,2,10.5,Warwickshire,Yorkshire,LJ Evans,WTS Porterfield,AU Rashid,6,0,,,,,,,,,
947251,2016,2016-07-08,Headingley,2,10.6,Warwickshire,Yorkshire,LJ Evans,WTS Porterfield,AU Rashid,1,0,,,,,,,,,
947251,2016,2016-07-08,Headingley,2,11.1,Warwickshire,Yorkshire,LJ Evans,WTS Porterfield,Azeem Rafiq,0,0,,,,,,,,,
947251,2016,2016-07-08,Headingley,2,11.2,Warwickshire,Yorkshire,LJ Evans,WTS Porterfield,Azeem Rafiq,2,0,,,,,,,,,
947251,2016,2016-07-08,Headingley,2,11.3,Warwickshire,Yorkshire,LJ Evans,WTS Porterfield,Azeem Rafiq,2,0,,,,,,,,,
947251,2016,2016-07-08,Headingley,2,11.4,Warwickshire,Yorkshire,LJ Evans,WTS Porterfield,Azeem Rafiq,4,0,,,,,,,,,
947251,2016,2016-07-08,Headingley,2,11.5,Warwickshire,Yorkshire,LJ Evans,WTS Porterfield,Azeem Rafiq,0,0,,,,,,,,,
947251,2016,2016-07-08,Headingley,2,11.6,Warwickshire,Yorkshire,LJ Evans,WTS Porterfield,Azeem Rafiq,1,0,,,,,,,,,
947251,2016,2016-07-08,Headingley,2,12.1,Warwickshire,Yorkshire,LJ Evans,WTS Porterfield,AU Rashid,4,0,,,,,,,,,
947251,2016,2016-07-08,Headingley,2,12.2,Warwickshire,Yorkshire,LJ Evans,WTS Porterfield,AU Rashid,0,0,,,,,,,,,
947251,2016,2016-07-08,Headingley,2,12.3,Warwickshire,Yorkshire,LJ Evans,WTS Porterfield,AU Rashid,1,0,,,,,,,,,
947251,2016,2016-07-08,Headingley,2,12.4,Warwickshire,Yorkshire,WTS Porterfield,LJ Evans,AU Rashid,1,0,,,,,,,,,
947251,2016,2016-07-08,Headingley,2,12.5,Warwickshire,Yorkshire,LJ Evans,WTS Porterfield,AU Rashid,1,0,,,,,,,,,
947251,2016,2016-07-08,Headingley,2,12.6,Warwickshire,Yorkshire,WTS Porterfield,LJ Evans,AU Rashid,1,0,,,,,,,,,
947251,2016,2016-07-08,Headingley,2,13.1,Warwickshire,Yorkshire,WTS Porterfield,LJ Evans,LE Plunkett,1,0,,,,,,,,,
947251,2016,2016-07-08,Headingley,2,13.2,Warwickshire,Yorkshire,LJ Evans,WTS Porterfield,LE Plunkett,1,0,,,,,,,,,
947251,2016,2016-07-08,Headingley,2,13.3,Warwickshire,Yorkshire,WTS Porterfield,LJ Evans,LE Plunkett,1,0,,,,,,,,,
947251,2016,2016-07-08,Headingley,2,13.4,Warwickshire,Yorkshire,LJ Evans,WTS Porterfield,LE Plunkett,0,5,5,,,,,,,,
947251,2016,2016-07-08,Headingley,2,13.5,Warwickshire,Yorkshire,LJ Evans,WTS Porterfield,LE Plunkett,6,0,,,,,,,,,
947251,2016,2016-07-08,Headingley,2,13.6,Warwickshire,Yorkshire,LJ Evans,WTS Porterfield,LE Plunkett,0,0,,,,,,,,,
947251,2016,2016-07-08,Headingley,2,13.7,Warwickshire,Yorkshire,LJ Evans,WTS Porterfield,LE Plunkett,1,0,,,,,,,,,
947251,2016,2016-07-08,Headingley,2,14.1,Warwickshire,Yorkshire,LJ Evans,WTS Porterfield,DJ Willey,2,0,,,,,,,,,
947251,2016,2016-07-08,Headingley,2,14.2,Warwickshire,Yorkshire,LJ Evans,WTS Porterfield,DJ Willey,0,0,,,,,,,,,
947251,2016,2016-07-08,Headingley,2,14.3,Warwickshire,Yorkshire,LJ Evans,WTS Porterfield,DJ Willey,0,0,,,,,,,,,
947251,2016,2016-07-08,Headingley,2,14.4,Warwickshire,Yorkshire,LJ Evans,WTS Porterfield,DJ Willey,0,0,,,,,,,,,
947251,2016,2016-07-08,Headingley,2,14.5,Warwickshire,Yorkshire,LJ Evans,WTS Porterfield,DJ Willey,1,0,,,,,,,,,
947251,2016,2016-07-08,Headingley,2,14.6,Warwickshire,Yorkshire,WTS Porterfield,LJ Evans,DJ Willey,2,0,,,,,,,,,
947251,2016,2016-07-08,Headingley,2,15.1,Warwickshire,Yorkshire,LJ Evans,WTS Porterfield,Azeem Rafiq,1,0,,,,,,,,,
947251,2016,2016-07-08,Headingley,2,15.2,Warwickshire,Yorkshire,WTS Porterfield,LJ Evans,Azeem Rafiq,1,0,,,,,,,,,
947251,2016,2016-07-08,Headingley,2,15.3,Warwickshire,Yorkshire,LJ Evans,WTS Porterfield,Azeem Rafiq,1,0,,,,,,,,,
947251,2016,2016-07-08,Headingley,2,15.4,Warwickshire,Yorkshire,WTS Porterfield,LJ Evans,Azeem Rafiq,1,0,,,,,,,,,
947251,2016,2016-07-08,Headingley,2,15.5,Warwickshire,Yorkshire,LJ Evans,WTS Porterfield,Azeem Rafiq,0,0,,,,,,caught,LJ Evans,,
947251,2016,2016-07-08,Headingley,2,15.6,Warwickshire,Yorkshire,WTS Porterfield,R Clarke,Azeem Rafiq,1,0,,,,,,,,,
947251,2016,2016-07-08,Headingley,2,16.1,Warwickshire,Yorkshire,WTS Porterfield,R Clarke,LE Plunkett,1,0,,,,,,,,,
947251,2016,2016-07-08,Headingley,2,16.2,Warwickshire,Yorkshire,R Clarke,WTS Porterfield,LE Plunkett,0,0,,,,,,,,,
947251,2016,2016-07-08,Headingley,2,16.3,Warwickshire,Yorkshire,R Clarke,WTS Porterfield,LE Plunkett,1,0,,,,,,,,,
947251,2016,2016-07-08,Headingley,2,16.4,Warwickshire,Yorkshire,WTS Porterfield,R Clarke,LE Plunkett,0,1,,,1,,,,,,
947251,2016,2016-07-08,Headingley,2,16.5,Warwickshire,Yorkshire,R Clarke,WTS Porterfield,LE Plunkett,2,0,,,,,,,,,
947251,2016,2016-07-08,Headingley,2,16.6,Warwickshire,Yorkshire,R Clarke,WTS Porterfield,LE Plunkett,0,1,,,,1,,,,,
947251,2016,2016-07-08,Headingley,2,17.1,Warwickshire,Yorkshire,R Clarke,WTS Porterfield,TT Bresnan,1,0,,,,,,,,,
947251,2016,2016-07-08,Headingley,2,17.2,Warwickshire,Yorkshire,WTS Porterfield,R Clarke,TT Bresnan,0,1,1,,,,,,,,
947251,2016,2016-07-08,Headingley,2,17.3,Warwickshire,Yorkshire,WTS Porterfield,R Clarke,TT Bresnan,0,1,1,,,,,,,,
947251,2016,2016-07-08,Headingley,2,17.4,Warwickshire,Yorkshire,WTS Porterfield,R Clarke,TT Bresnan,0,1,1,,,,,,,,
947251,2016,2016-07-08,Headingley,2,17.5,Warwickshire,Yorkshire,WTS Porterfield,R Clarke,TT Bresnan,4,0,,,,,,,,,
947251,2016,2016-07-08,Headingley,2,17.6,Warwickshire,Yorkshire,WTS Porterfield,R Clarke,TT Bresnan,1,0,,,,,,,,,
947251,2016,2016-07-08,Headingley,2,17.7,Warwickshire,Yorkshire,R Clarke,WTS Porterfield,TT Bresnan,4,0,,,,,,,,,
947251,2016,2016-07-08,Headingley,2,17.8,Warwickshire,Yorkshire,R Clarke,WTS Porterfield,TT Bresnan,0,1,,,,1,,,,,
947251,2016,2016-07-08,Headingley,2,17.9,Warwickshire,Yorkshire,WTS Porterfield,R Clarke,TT Bresnan,0,0,,,,,,caught,WTS Porterfield,,
947251,2016,2016-07-08,Headingley,2,18.1,Warwickshire,Yorkshire,A Javid,R Clarke,DJ Willey,2,0,,,,,,,,,
947251,2016,2016-07-08,Headingley,2,18.2,Warwickshire,Yorkshire,A Javid,R Clarke,DJ Willey,1,0,,,,,,,,,
947251,2016,2016-07-08,Headingley,2,18.3,Warwickshire,Yorkshire,R Clarke,A Javid,DJ Willey,1,0,,,,,,,,,
947251,2016,2016-07-08,Headingley,2,18.4,Warwickshire,Yorkshire,A Javid,R Clarke,DJ Willey,0,0,,,,,,run out,R Clarke,,
947251,2016,2016-07-08,Headingley,2,18.5,Warwickshire,Yorkshire,A Javid,JS Patel,DJ Willey,1,0,,,,,,,,,
947251,2016,2016-07-08,Headingley,2,18.6,Warwickshire,Yorkshire,JS Patel,A Javid,DJ Willey,0,0,,,,,,caught,JS Patel,,
947251,2016,2016-07-08,Headingley,2,19.1,Warwickshire,Yorkshire,RO Gordon,A Javid,TT Bresnan,0,0,,,,,,caught and bowled,RO Gordon,,
947251,2016,2016-07-08,Headingley,2,19.2,Warwickshire,Yorkshire,A Javid,JE Poysden,TT Bresnan,1,0,,,,,,run out,JE Poysden,,
947251,2016,2016-07-08,Headingley,2,19.3,Warwickshire,Yorkshire,A Javid,OJ Hannon-Dalby,TT Bresnan,1,0,,,,,,,,,
947251,2016,2016-07-08,Headingley,2,19.4,Warwickshire,Yorkshire,OJ Hannon-Dalby,A Javid,TT Bresnan,1,0,,,,,,,,,
947251,2016,2016-07-08,Headingley,2,19.5,Warwickshire,Yorkshire,A Javid,OJ Hannon-Dalby,TT Bresnan,0,2,2,,,,,,,,
947251,2016,2016-07-08,Headingley,2,19.6,Warwickshire,Yorkshire,OJ Hannon-Dalby,A Javid,TT Bresnan,1,0,,,,,,,,,
947251,2016,2016-07-08,Headingley,2,19.7,Warwickshire,Yorkshire,A Javid,OJ Hannon-Dalby,TT Bresnan,2,0,,,,,,run out,A Javid,,
