match_id,season,start_date,venue,innings,ball,batting_team,bowling_team,striker,non_striker,bowler,runs_off_bat,extras,wides,noballs,byes,legbyes,penalty,wicket_type,player_dismissed,other_wicket_type,other_player_dismissed
947289,2016,2016-07-15,Riverside Ground,1,0.1,Northamptonshire,Durham,RE Levi,AM Rossington,C Rushworth,0,0,,,,,,bowled,RE Levi,,
947289,2016,2016-07-15,Riverside Ground,1,0.2,Northamptonshire,Durham,JJ Cobb,AM Rossington,C Rushworth,2,0,,,,,,,,,
947289,2016,2016-07-15,Riverside Ground,1,0.3,Northamptonshire,Durham,JJ Cobb,AM Rossington,C Rushworth,0,0,,,,,,,,,
947289,2016,2016-07-15,Riverside Ground,1,0.4,Northamptonshire,Durham,JJ Cobb,AM Rossington,C Rushworth,0,0,,,,,,,,,
947289,2016,2016-07-15,Riverside Ground,1,0.5,Northamptonshire,Durham,JJ Cobb,AM Rossington,C Rushworth,1,0,,,,,,,,,
947289,2016,2016-07-15,Riverside Ground,1,0.6,Northamptonshire,Durham,AM Rossington,JJ Cobb,C Rushworth,0,0,,,,,,,,,
947289,2016,2016-07-15,Riverside Ground,1,1.1,Northamptonshire,Durham,JJ Cobb,AM Rossington,MA Wood,1,0,,,,,,,,,
947289,2016,2016-07-15,Riverside Ground,1,1.2,Northamptonshire,Durham,AM Rossington,JJ Cobb,MA Wood,0,0,,,,,,,,,
947289,2016,2016-07-15,Riverside Ground,1,1.3,Northamptonshire,Durham,AM Rossington,JJ Cobb,MA Wood,0,0,,,,,,,,,
947289,2016,2016-07-15,Riverside Ground,1,1.4,Northamptonshire,Durham,AM Rossington,JJ Cobb,MA Wood,4,0,,,,,,,,,
947289,2016,2016-07-15,Riverside Ground,1,1.5,Northamptonshire,Durham,AM Rossington,JJ Cobb,MA Wood,0,0,,,,,,,,,
947289,2016,2016-07-15,Riverside Ground,1,1.6,Northamptonshire,Durham,AM Rossington,JJ Cobb,MA Wood,0,0,,,,,,,,,
947289,2016,2016-07-15,Riverside Ground,1,2.1,Northamptonshire,Durham,JJ Cobb,AM Rossington,C Rushworth,0,0,,,,,,,,,
947289,2016,2016-07-15,Riverside Ground,1,2.2,Northamptonshire,Durham,JJ Cobb,AM Rossington,C Rushworth,0,0,,,,,,,,,
947289,2016,2016-07-15,Riverside Ground,1,2.3,Northamptonshire,Durham,JJ Cobb,AM Rossington,C Rushworth,0,0,,,,,,,,,
947289,2016,2016-07-15,Riverside Ground,1,2.4,Northamptonshire,Durham,JJ Cobb,AM Rossington,C Rushworth,2,0,,,,,,,,,
947289,2016,2016-07-15,Riverside Ground,1,2.5,Northamptonshire,Durham,JJ Cobb,AM Rossington,C Rushworth,3,0,,,,,,,,,
947289,2016,2016-07-15,Riverside Ground,1,2.6,Northamptonshire,Durham,AM Rossington,JJ Cobb,C Rushworth,1,0,,,,,,,,,
947289,2016,2016-07-15,Riverside Ground,1,3.1,Northamptonshire,Durham,AM Rossington,JJ Cobb,MA Wood,0,0,,,,,,,,,
947289,2016,2016-07-15,Riverside Ground,1,3.2,Northamptonshire,Durham,AM Rossington,JJ Cobb,MA Wood,0,0,,,,,,caught,AM Rossington,,
947289,2016,2016-07-15,Riverside Ground,1,3.3,Northamptonshire,Durham,JJ Cobb,BM Duckett,MA Wood,0,0,,,,,,,,,
947289,2016,2016-07-15,Riverside Ground,1,3.4,Northamptonshire,Durham,JJ Cobb,BM Duckett,MA Wood,0,0,,,,,,,,,
947289,2016,2016-07-15,Riverside Ground,1,3.5,Northamptonshire,Durham,JJ Cobb,BM Duckett,MA Wood,4,0,,,,,,,,,
947289,2016,2016-07-15,Riverside Ground,1,3.6,Northamptonshire,Durham,JJ Cobb,BM Duckett,MA Wood,0,0,,,,,,,,,
947289,2016,2016-07-15,Riverside Ground,1,4.1,Northamptonshire,Durham,BM Duckett,JJ Cobb,C Rushworth,1,0,,,,,,,,,
947289,2016,2016-07-15,Riverside Ground,1,4.2,Northamptonshire,Durham,JJ Cobb,BM Duckett,C Rushworth,1,0,,,,,,,,,
947289,2016,2016-07-15,Riverside Ground,1,4.3,Northamptonshire,Durham,BM Duckett,JJ Cobb,C Rushworth,0,0,,,,,,,,,
947289,2016,2016-07-15,Riverside Ground,1,4.4,Northamptonshire,Durham,BM Duckett,JJ Cobb,C Rushworth,0,0,,,,,,,,,
947289,2016,2016-07-15,Riverside Ground,1,4.5,Northamptonshire,Durham,BM Duckett,JJ Cobb,C Rushworth,4,0,,,,,,,,,
947289,2016,2016-07-15,Riverside Ground,1,4.6,Northamptonshire,Durham,BM Duckett,JJ Cobb,C Rushworth,0,0,,,,,,,,,
947289,2016,2016-07-15,Riverside Ground,1,5.1,Northamptonshire,Durham,JJ Cobb,BM Duckett,MA Wood,2,0,,,,,,,,,
947289,2016,2016-07-15,Riverside Ground,1,5.2,Northamptonshire,Durham,JJ Cobb,BM Duckett,MA Wood,0,0,,,,,,,,,
947289,2016,2016-07-15,Riverside Ground,1,5.3,Northamptonshire,Durham,JJ Cobb,BM Duckett,MA Wood,4,0,,,,,,,,,
947289,2016,2016-07-15,Riverside Ground,1,5.4,Northamptonshire,Durham,JJ Cobb,BM Duckett,MA Wood,0,0,,,,,,,,,
947289,2016,2016-07-15,Riverside Ground,1,5.5,Northamptonshire,Durham,JJ Cobb,BM Duckett,MA Wood,0,0,,,,,,,,,
947289,2016,2016-07-15,Riverside Ground,1,5.6,Northamptonshire,Durham,JJ Cobb,BM Duckett,MA Wood,1,0,,,,,,,,,
947289,2016,2016-07-15,Riverside Ground,1,6.1,Northamptonshire,Durham,JJ Cobb,BM Duckett,KK Jennings,1,0,,,,,,,,,
947289,2016,2016-07-15,Riverside Ground,1,6.2,Northamptonshire,Durham,BM Duckett,JJ Cobb,KK Jennings,4,0,,,,,,,,,
947289,2016,2016-07-15,Riverside Ground,1,6.3,Northamptonshire,Durham,BM Duckett,JJ Cobb,KK Jennings,0,0,,,,,,,,,
947289,2016,2016-07-15,Riverside Ground,1,6.4,Northamptonshire,Durham,BM Duckett,JJ Cobb,KK Jennings,1,0,,,,,,,,,
947289,2016,2016-07-15,Riverside Ground,1,6.5,Northamptonshire,Durham,JJ Cobb,BM Duckett,KK Jennings,0,0,,,,,,,,,
947289,2016,2016-07-15,Riverside Ground,1,6.6,Northamptonshire,Durham,JJ Cobb,BM Duckett,KK Jennings,1,0,,,,,,,,,
947289,2016,2016-07-15,Riverside Ground,1,7.1,Northamptonshire,Durham,JJ Cobb,BM Duckett,P Coughlin,1,0,,,,,,,,,
947289,2016,2016-07-15,Riverside Ground,1,7.2,Northamptonshire,Durham,BM Duckett,JJ Cobb,P Coughlin,1,0,,,,,,,,,
947289,2016,2016-07-15,Riverside Ground,1,7.3,Northamptonshire,Durham,JJ Cobb,BM Duckett,P Coughlin,0,1,1,,,,,,,,
947289,2016,2016-07-15,Riverside Ground,1,7.4,Northamptonshire,Durham,JJ Cobb,BM Duckett,P Coughlin,1,0,,,,,,,,,
947289,2016,2016-07-15,Riverside Ground,1,7.5,Northamptonshire,Durham,BM Duckett,JJ Cobb,P Coughlin,0,0,,,,,,,,,
947289,2016,2016-07-15,Riverside Ground,1,7.6,Northamptonshire,Durham,BM Duckett,JJ Cobb,P Coughlin,1,0,,,,,,,,,
947289,2016,2016-07-15,Riverside Ground,1,7.7,Northamptonshire,Durham,JJ Cobb,BM Duckett,P Coughlin,0,0,,,,,,,,,
947289,2016,2016-07-15,Riverside Ground,1,8.1,Northamptonshire,Durham,BM Duckett,JJ Cobb,SG Borthwick,1,0,,,,,,,,,
947289,2016,2016-07-15,Riverside Ground,1,8.2,Northamptonshire,Durham,JJ Cobb,BM Duckett,SG Borthwick,1,0,,,,,,,,,
947289,2016,2016-07-15,Riverside Ground,1,8.3,Northamptonshire,Durham,BM Duckett,JJ Cobb,SG Borthwick,1,0,,,,,,,,,
947289,2016,2016-07-15,Riverside Ground,1,8.4,Northamptonshire,Durham,JJ Cobb,BM Duckett,SG Borthwick,2,0,,,,,,,,,
947289,2016,2016-07-15,Riverside Ground,1,8.5,Northamptonshire,Durham,JJ Cobb,BM Duckett,SG Borthwick,6,0,,,,,,,,,
947289,2016,2016-07-15,Riverside Ground,1,8.6,Northamptonshire,Durham,JJ Cobb,BM Duckett,SG Borthwick,0,0,,,,,,,,,
947289,2016,2016-07-15,Riverside Ground,1,9.1,Northamptonshire,Durham,BM Duckett,JJ Cobb,P Coughlin,0,0,,,,,,,,,
947289,2016,2016-07-15,Riverside Ground,1,9.2,Northamptonshire,Durham,BM Duckett,JJ Cobb,P Coughlin,1,0,,,,,,,,,
947289,2016,2016-07-15,Riverside Ground,1,9.3,Northamptonshire,Durham,JJ Cobb,BM Duckett,P Coughlin,4,0,,,,,,,,,
947289,2016,2016-07-15,Riverside Ground,1,9.4,Northamptonshire,Durham,JJ Cobb,BM Duckett,P Coughlin,0,0,,,,,,,,,
947289,2016,2016-07-15,Riverside Ground,1,9.5,Northamptonshire,Durham,JJ Cobb,BM Duckett,P Coughlin,1,0,,,,,,,,,
947289,2016,2016-07-15,Riverside Ground,1,9.6,Northamptonshire,Durham,BM Duckett,JJ Cobb,P Coughlin,1,0,,,,,,,,,
947289,2016,2016-07-15,Riverside Ground,1,10.1,Northamptonshire,Durham,BM Duckett,JJ Cobb,SG Borthwick,4,0,,,,,,,,,
947289,2016,2016-07-15,Riverside Ground,1,10.2,Northamptonshire,Durham,BM Duckett,JJ Cobb,SG Borthwick,1,0,,,,,,,,,
947289,2016,2016-07-15,Riverside Ground,1,10.3,Northamptonshire,Durham,JJ Cobb,BM Duckett,SG Borthwick,1,0,,,,,,,,,
947289,2016,2016-07-15,Riverside Ground,1,10.4,Northamptonshire,Durham,BM Duckett,JJ Cobb,SG Borthwick,1,0,,,,,,,,,
947289,2016,2016-07-15,Riverside Ground,1,10.5,Northamptonshire,Durham,JJ Cobb,BM Duckett,SG Borthwick,2,0,,,,,,,,,
947289,2016,2016-07-15,Riverside Ground,1,10.6,Northamptonshire,Durham,JJ Cobb,BM Duckett,SG Borthwick,4,0,,,,,,,,,
947289,2016,2016-07-15,Riverside Ground,1,11.1,Northamptonshire,Durham,BM Duckett,JJ Cobb,RD Pringle,1,0,,,,,,,,,
947289,2016,2016-07-15,Riverside Ground,1,11.2,Northamptonshire,Durham,JJ Cobb,BM Duckett,RD Pringle,1,0,,,,,,,,,
947289,2016,2016-07-15,Riverside Ground,1,11.3,Northamptonshire,Durham,BM Duckett,JJ Cobb,RD Pringle,4,0,,,,,,,,,
947289,2016,2016-07-15,Riverside Ground,1,11.4,Northamptonshire,Durham,BM Duckett,JJ Cobb,RD Pringle,1,0,,,,,,,,,
947289,2016,2016-07-15,Riverside Ground,1,11.5,Northamptonshire,Durham,JJ Cobb,BM Duckett,RD Pringle,1,0,,,,,,,,,
947289,2016,2016-07-15,Riverside Ground,1,11.6,Northamptonshire,Durham,BM Duckett,JJ Cobb,RD Pringle,1,0,,,,,,,,,
947289,2016,2016-07-15,Riverside Ground,1,12.1,Northamptonshire,Durham,BM Duckett,JJ Cobb,KK Jennings,0,0,,,,,,,,,
947289,2016,2016-07-15,Riverside Ground,1,12.2,Northamptonshire,Durham,BM Duckett,JJ Cobb,KK Jennings,0,0,,,,,,,,,
947289,2016,2016-07-15,Riverside Ground,1,12.3,Northamptonshire,Durham,BM Duckett,JJ Cobb,KK Jennings,1,0,,,,,,,,,
947289,2016,2016-07-15,Riverside Ground,1,12.4,Northamptonshire,Durham,JJ Cobb,BM Duckett,KK Jennings,4,0,,,,,,,,,
947289,2016,2016-07-15,Riverside Ground,1,12.5,Northamptonshire,Durham,JJ Cobb,BM Duckett,KK Jennings,2,0,,,,,,,,,
947289,2016,2016-07-15,Riverside Ground,1,12.6,Northamptonshire,Durham,JJ Cobb,BM Duckett,KK Jennings,1,0,,,,,,,,,
947289,2016,2016-07-15,Riverside Ground,1,13.1,Northamptonshire,Durham,JJ Cobb,BM Duckett,RD Pringle,1,0,,,,,,,,,
947289,2016,2016-07-15,Riverside Ground,1,13.2,Northamptonshire,Durham,BM Duckett,JJ Cobb,RD Pringle,1,0,,,,,,,,,
947289,2016,2016-07-15,Riverside Ground,1,13.3,Northamptonshire,Durham,JJ Cobb,BM Duckett,RD Pringle,6,0,,,,,,,,,
947289,2016,2016-07-15,Riverside Ground,1,13.4,Northamptonshire,Durham,JJ Cobb,BM Duckett,RD Pringle,0,0,,,,,,,,,
947289,2016,2016-07-15,Riverside Ground,1,13.5,Northamptonshire,Durham,JJ Cobb,BM Duckett,RD Pringle,0,0,,,,,,,,,
947289,2016,2016-07-15,Riverside Ground,1,13.6,Northamptonshire,Durham,JJ Cobb,BM Duckett,RD Pringle,1,0,,,,,,,,,
947289,2016,2016-07-15,Riverside Ground,1,14.1,Northamptonshire,Durham,JJ Cobb,BM Duckett,MA Wood,1,0,,,,,,,,,
947289,2016,2016-07-15,Riverside Ground,1,14.2,Northamptonshire,Durham,BM Duckett,JJ Cobb,MA Wood,0,0,,,,,,,,,
947289,2016,2016-07-15,Riverside Ground,1,14.3,Northamptonshire,Durham,BM Duckett,JJ Cobb,MA Wood,0,0,,,,,,,,,
947289,2016,2016-07-15,Riverside Ground,1,14.4,Northamptonshire,Durham,BM Duckett,JJ Cobb,MA Wood,1,0,,,,,,,,,
947289,2016,2016-07-15,Riverside Ground,1,14.5,Northamptonshire,Durham,JJ Cobb,BM Duckett,MA Wood,0,1,,,1,,,,,,
947289,2016,2016-07-15,Riverside Ground,1,14.6,Northamptonshire,Durham,BM Duckett,JJ Cobb,MA Wood,1,0,,,,,,,,,
947289,2016,2016-07-15,Riverside Ground,1,15.1,Northamptonshire,Durham,BM Duckett,JJ Cobb,KK Jennings,1,0,,,,,,,,,
947289,2016,2016-07-15,Riverside Ground,1,15.2,Northamptonshire,Durham,JJ Cobb,BM Duckett,KK Jennings,4,0,,,,,,,,,
947289,2016,2016-07-15,Riverside Ground,1,15.3,Northamptonshire,Durham,JJ Cobb,BM Duckett,KK Jennings,0,0,,,,,,bowled,JJ Cobb,,
947289,2016,2016-07-15,Riverside Ground,1,15.4,Northamptonshire,Durham,SP Crook,BM Duckett,KK Jennings,0,1,1,,,,,,,,
947289,2016,2016-07-15,Riverside Ground,1,15.5,Northamptonshire,Durham,SP Crook,BM Duckett,KK Jennings,1,0,,,,,,,,,
947289,2016,2016-07-15,Riverside Ground,1,15.6,Northamptonshire,Durham,BM Duckett,SP Crook,KK Jennings,3,0,,,,,,,,,
947289,2016,2016-07-15,Riverside Ground,1,15.7,Northamptonshire,Durham,SP Crook,BM Duckett,KK Jennings,0,0,,,,,,stumped,SP Crook,,
947289,2016,2016-07-15,Riverside Ground,1,16.1,Northamptonshire,Durham,BM Duckett,RK Kleinveldt,P Coughlin,0,0,,,,,,,,,
947289,2016,2016-07-15,Riverside Ground,1,16.2,Northamptonshire,Durham,BM Duckett,RK Kleinveldt,P Coughlin,1,0,,,,,,,,,
947289,2016,2016-07-15,Riverside Ground,1,16.3,Northamptonshire,Durham,RK Kleinveldt,BM Duckett,P Coughlin,0,0,,,,,,,,,
947289,2016,2016-07-15,Riverside Ground,1,16.4,Northamptonshire,Durham,RK Kleinveldt,BM Duckett,P Coughlin,0,0,,,,,,,,,
947289,2016,2016-07-15,Riverside Ground,1,16.5,Northamptonshire,Durham,RK Kleinveldt,BM Duckett,P Coughlin,4,0,,,,,,,,,
947289,2016,2016-07-15,Riverside Ground,1,16.6,Northamptonshire,Durham,RK Kleinveldt,BM Duckett,P Coughlin,0,1,1,,,,,,,,
947289,2016,2016-07-15,Riverside Ground,1,16.7,Northamptonshire,Durham,RK Kleinveldt,BM Duckett,P Coughlin,1,0,,,,,,,,,
947289,2016,2016-07-15,Riverside Ground,1,17.1,Northamptonshire,Durham,RK Kleinveldt,BM Duckett,KK Jennings,0,0,,,,,,,,,
947289,2016,2016-07-15,Riverside Ground,1,17.2,Northamptonshire,Durham,RK Kleinveldt,BM Duckett,KK Jennings,1,0,,,,,,,,,
947289,2016,2016-07-15,Riverside Ground,1,17.3,Northamptonshire,Durham,BM Duckett,RK Kleinveldt,KK Jennings,1,0,,,,,,,,,
947289,2016,2016-07-15,Riverside Ground,1,17.4,Northamptonshire,Durham,RK Kleinveldt,BM Duckett,KK Jennings,6,0,,,,,,,,,
947289,2016,2016-07-15,Riverside Ground,1,17.5,Northamptonshire,Durham,RK Kleinveldt,BM Duckett,KK Jennings,1,0,,,,,,,,,
947289,2016,2016-07-15,Riverside Ground,1,17.6,Northamptonshire,Durham,BM Duckett,RK Kleinveldt,KK Jennings,4,0,,,,,,,,,
947289,2016,2016-07-15,Riverside Ground,1,18.1,Northamptonshire,Durham,RK Kleinveldt,BM Duckett,C Rushworth,2,0,,,,,,,,,
947289,2016,2016-07-15,Riverside Ground,1,18.2,Northamptonshire,Durham,RK Kleinveldt,BM Duckett,C Rushworth,1,0,,,,,,,,,
947289,2016,2016-07-15,Riverside Ground,1,18.3,Northamptonshire,Durham,BM Duckett,RK Kleinveldt,C Rushworth,1,0,,,,,,,,,
947289,2016,2016-07-15,Riverside Ground,1,18.4,Northamptonshire,Durham,RK Kleinveldt,BM Duckett,C Rushworth,0,0,,,,,,,,,
947289,2016,2016-07-15,Riverside Ground,1,18.5,Northamptonshire,Durham,RK Kleinveldt,BM Duckett,C Rushworth,4,0,,,,,,,,,
947289,2016,2016-07-15,Riverside Ground,1,18.6,Northamptonshire,Durham,RK Kleinveldt,BM Duckett,C Rushworth,2,0,,,,,,,,,
947289,2016,2016-07-15,Riverside Ground,1,19.1,Northamptonshire,Durham,BM Duckett,RK Kleinveldt,P Coughlin,2,0,,,,,,,,,
947289,2016,2016-07-15,Riverside Ground,1,19.2,Northamptonshire,Durham,BM Duckett,RK Kleinveldt,P Coughlin,1,0,,,,,,,,,
947289,2016,2016-07-15,Riverside Ground,1,19.3,Northamptonshire,Durham,RK Kleinveldt,BM Duckett,P Coughlin,1,0,,,,,,,,,
947289,2016,2016-07-15,Riverside Ground,1,19.4,Northamptonshire,Durham,BM Duckett,RK Kleinveldt,P Coughlin,0,0,,,,,,,,,
947289,2016,2016-07-15,Riverside Ground,1,19.5,Northamptonshire,Durham,BM Duckett,RK Kleinveldt,P Coughlin,1,0,,,,,,,,,
947289,2016,2016-07-15,Riverside Ground,1,19.6,Northamptonshire,Durham,RK Kleinveldt,BM Duckett,P Coughlin,0,0,,,,,,caught,RK Kleinveldt,,
947289,2016,2016-07-15,Riverside Ground,2,0.1,Durham,Northamptonshire,MD Stoneman,P Mustard,MA Ashraf,1,0,,,,,,,,,
947289,2016,2016-07-15,Riverside Ground,2,0.2,Durham,Northamptonshire,P Mustard,MD Stoneman,MA Ashraf,0,0,,,,,,,,,
947289,2016,2016-07-15,Riverside Ground,2,0.3,Durham,Northamptonshire,P Mustard,MD Stoneman,MA Ashraf,0,0,,,,,,,,,
947289,2016,2016-07-15,Riverside Ground,2,0.4,Durham,Northamptonshire,P Mustard,MD Stoneman,MA Ashraf,1,0,,,,,,,,,
947289,2016,2016-07-15,Riverside Ground,2,0.5,Durham,Northamptonshire,MD Stoneman,P Mustard,MA Ashraf,1,0,,,,,,,,,
947289,2016,2016-07-15,Riverside Ground,2,0.6,Durham,Northamptonshire,P Mustard,MD Stoneman,MA Ashraf,0,0,,,,,,,,,
947289,2016,2016-07-15,Riverside Ground,2,1.1,Durham,Northamptonshire,MD Stoneman,P Mustard,RJ Gleeson,0,0,,,,,,,,,
947289,2016,2016-07-15,Riverside Ground,2,1.2,Durham,Northamptonshire,MD Stoneman,P Mustard,RJ Gleeson,4,0,,,,,,,,,
947289,2016,2016-07-15,Riverside Ground,2,1.3,Durham,Northamptonshire,MD Stoneman,P Mustard,RJ Gleeson,0,0,,,,,,,,,
947289,2016,2016-07-15,Riverside Ground,2,1.4,Durham,Northamptonshire,MD Stoneman,P Mustard,RJ Gleeson,4,0,,,,,,,,,
947289,2016,2016-07-15,Riverside Ground,2,1.5,Durham,Northamptonshire,MD Stoneman,P Mustard,RJ Gleeson,1,0,,,,,,,,,
947289,2016,2016-07-15,Riverside Ground,2,1.6,Durham,Northamptonshire,P Mustard,MD Stoneman,RJ Gleeson,0,0,,,,,,,,,
947289,2016,2016-07-15,Riverside Ground,2,2.1,Durham,Northamptonshire,MD Stoneman,P Mustard,MA Ashraf,0,0,,,,,,,,,
947289,2016,2016-07-15,Riverside Ground,2,2.2,Durham,Northamptonshire,MD Stoneman,P Mustard,MA Ashraf,4,0,,,,,,,,,
947289,2016,2016-07-15,Riverside Ground,2,2.3,Durham,Northamptonshire,MD Stoneman,P Mustard,MA Ashraf,3,0,,,,,,,,,
947289,2016,2016-07-15,Riverside Ground,2,2.4,Durham,Northamptonshire,P Mustard,MD Stoneman,MA Ashraf,0,0,,,,,,,,,
947289,2016,2016-07-15,Riverside Ground,2,2.5,Durham,Northamptonshire,P Mustard,MD Stoneman,MA Ashraf,1,0,,,,,,,,,
947289,2016,2016-07-15,Riverside Ground,2,2.6,Durham,Northamptonshire,MD Stoneman,P Mustard,MA Ashraf,2,0,,,,,,,,,
947289,2016,2016-07-15,Riverside Ground,2,3.1,Durham,Northamptonshire,P Mustard,MD Stoneman,RK Kleinveldt,0,0,,,,,,,,,
947289,2016,2016-07-15,Riverside Ground,2,3.2,Durham,Northamptonshire,P Mustard,MD Stoneman,RK Kleinveldt,3,0,,,,,,,,,
947289,2016,2016-07-15,Riverside Ground,2,3.3,Durham,Northamptonshire,MD Stoneman,P Mustard,RK Kleinveldt,1,0,,,,,,,,,
947289,2016,2016-07-15,Riverside Ground,2,3.4,Durham,Northamptonshire,P Mustard,MD Stoneman,RK Kleinveldt,0,0,,,,,,,,,
947289,2016,2016-07-15,Riverside Ground,2,3.5,Durham,Northamptonshire,P Mustard,MD Stoneman,RK Kleinveldt,0,0,,,,,,,,,
947289,2016,2016-07-15,Riverside Ground,2,3.6,Durham,Northamptonshire,P Mustard,MD Stoneman,RK Kleinveldt,1,0,,,,,,,,,
947289,2016,2016-07-15,Riverside Ground,2,4.1,Durham,Northamptonshire,P Mustard,MD Stoneman,RJ Gleeson,0,0,,,,,,,,,
947289,2016,2016-07-15,Riverside Ground,2,4.2,Durham,Northamptonshire,P Mustard,MD Stoneman,RJ Gleeson,0,0,,,,,,,,,
947289,2016,2016-07-15,Riverside Ground,2,4.3,Durham,Northamptonshire,P Mustard,MD Stoneman,RJ Gleeson,2,0,,,,,,,,,
947289,2016,2016-07-15,Riverside Ground,2,4.4,Durham,Northamptonshire,P Mustard,MD Stoneman,RJ Gleeson,4,0,,,,,,,,,
947289,2016,2016-07-15,Riverside Ground,2,4.5,Durham,Northamptonshire,P Mustard,MD Stoneman,RJ Gleeson,0,0,,,,,,,,,
947289,2016,2016-07-15,Riverside Ground,2,4.6,Durham,Northamptonshire,P Mustard,MD Stoneman,RJ Gleeson,1,0,,,,,,,,,
947289,2016,2016-07-15,Riverside Ground,2,5.1,Durham,Northamptonshire,P Mustard,MD Stoneman,RK Kleinveldt,0,0,,,,,,,,,
947289,2016,2016-07-15,Riverside Ground,2,5.2,Durham,Northamptonshire,P Mustard,MD Stoneman,RK Kleinveldt,3,0,,,,,,,,,
947289,2016,2016-07-15,Riverside Ground,2,5.3,Durham,Northamptonshire,MD Stoneman,P Mustard,RK Kleinveldt,0,0,,,,,,,,,
947289,2016,2016-07-15,Riverside Ground,2,5.4,Durham,Northamptonshire,MD Stoneman,P Mustard,RK Kleinveldt,2,0,,,,,,,,,
947289,2016,2016-07-15,Riverside Ground,2,5.5,Durham,Northamptonshire,MD Stoneman,P Mustard,RK Kleinveldt,2,0,,,,,,,,,
947289,2016,2016-07-15,Riverside Ground,2,5.6,Durham,Northamptonshire,MD Stoneman,P Mustard,RK Kleinveldt,0,0,,,,,,,,,
947289,2016,2016-07-15,Riverside Ground,2,6.1,Durham,Northamptonshire,P Mustard,MD Stoneman,JJ Cobb,2,0,,,,,,,,,
947289,2016,2016-07-15,Riverside Ground,2,6.2,Durham,Northamptonshire,P Mustard,MD Stoneman,JJ Cobb,0,0,,,,,,,,,
947289,2016,2016-07-15,Riverside Ground,2,6.3,Durham,Northamptonshire,P Mustard,MD Stoneman,JJ Cobb,4,0,,,,,,,,,
947289,2016,2016-07-15,Riverside Ground,2,6.4,Durham,Northamptonshire,P Mustard,MD Stoneman,JJ Cobb,1,0,,,,,,,,,
947289,2016,2016-07-15,Riverside Ground,2,6.5,Durham,Northamptonshire,MD Stoneman,P Mustard,JJ Cobb,2,0,,,,,,,,,
947289,2016,2016-07-15,Riverside Ground,2,6.6,Durham,Northamptonshire,MD Stoneman,P Mustard,JJ Cobb,1,0,,,,,,,,,
947289,2016,2016-07-15,Riverside Ground,2,7.1,Durham,Northamptonshire,MD Stoneman,P Mustard,S Prasanna,1,0,,,,,,,,,
947289,2016,2016-07-15,Riverside Ground,2,7.2,Durham,Northamptonshire,P Mustard,MD Stoneman,S Prasanna,0,0,,,,,,,,,
947289,2016,2016-07-15,Riverside Ground,2,7.3,Durham,Northamptonshire,P Mustard,MD Stoneman,S Prasanna,1,0,,,,,,,,,
947289,2016,2016-07-15,Riverside Ground,2,7.4,Durham,Northamptonshire,MD Stoneman,P Mustard,S Prasanna,1,0,,,,,,,,,
947289,2016,2016-07-15,Riverside Ground,2,7.5,Durham,Northamptonshire,P Mustard,MD Stoneman,S Prasanna,1,0,,,,,,,,,
947289,2016,2016-07-15,Riverside Ground,2,7.6,Durham,Northamptonshire,MD Stoneman,P Mustard,S Prasanna,1,0,,,,,,,,,
947289,2016,2016-07-15,Riverside Ground,2,8.1,Durham,Northamptonshire,MD Stoneman,P Mustard,SP Crook,0,1,1,,,,,,,,
947289,2016,2016-07-15,Riverside Ground,2,8.2,Durham,Northamptonshire,MD Stoneman,P Mustard,SP Crook,1,0,,,,,,,,,
947289,2016,2016-07-15,Riverside Ground,2,8.3,Durham,Northamptonshire,P Mustard,MD Stoneman,SP Crook,0,4,,,,4,,,,,
947289,2016,2016-07-15,Riverside Ground,2,8.4,Durham,Northamptonshire,P Mustard,MD Stoneman,SP Crook,0,0,,,,,,,,,
947289,2016,2016-07-15,Riverside Ground,2,8.5,Durham,Northamptonshire,P Mustard,MD Stoneman,SP Crook,4,0,,,,,,,,,
947289,2016,2016-07-15,Riverside Ground,2,8.6,Durham,Northamptonshire,P Mustard,MD Stoneman,SP Crook,6,0,,,,,,,,,
947289,2016,2016-07-15,Riverside Ground,2,8.7,Durham,Northamptonshire,P Mustard,MD Stoneman,SP Crook,1,0,,,,,,,,,
947289,2016,2016-07-15,Riverside Ground,2,9.1,Durham,Northamptonshire,P Mustard,MD Stoneman,S Prasanna,4,0,,,,,,,,,
947289,2016,2016-07-15,Riverside Ground,2,9.2,Durham,Northamptonshire,P Mustard,MD Stoneman,S Prasanna,0,0,,,,,,caught,P Mustard,,
947289,2016,2016-07-15,Riverside Ground,2,9.3,Durham,Northamptonshire,MD Stoneman,BA Stokes,S Prasanna,1,0,,,,,,,,,
947289,2016,2016-07-15,Riverside Ground,2,9.4,Durham,Northamptonshire,BA Stokes,MD Stoneman,S Prasanna,1,0,,,,,,,,,
947289,2016,2016-07-15,Riverside Ground,2,9.5,Durham,Northamptonshire,MD Stoneman,BA Stokes,S Prasanna,1,0,,,,,,,,,
947289,2016,2016-07-15,Riverside Ground,2,9.6,Durham,Northamptonshire,BA Stokes,MD Stoneman,S Prasanna,0,0,,,,,,lbw,BA Stokes,,
947289,2016,2016-07-15,Riverside Ground,2,10.1,Durham,Northamptonshire,MD Stoneman,GJ Muchall,RK Kleinveldt,0,0,,,,,,,,,
947289,2016,2016-07-15,Riverside Ground,2,10.2,Durham,Northamptonshire,MD Stoneman,GJ Muchall,RK Kleinveldt,1,0,,,,,,,,,
947289,2016,2016-07-15,Riverside Ground,2,10.3,Durham,Northamptonshire,GJ Muchall,MD Stoneman,RK Kleinveldt,0,0,,,,,,lbw,GJ Muchall,,
947289,2016,2016-07-15,Riverside Ground,2,10.4,Durham,Northamptonshire,KK Jennings,MD Stoneman,RK Kleinveldt,0,0,,,,,,,,,
947289,2016,2016-07-15,Riverside Ground,2,10.5,Durham,Northamptonshire,KK Jennings,MD Stoneman,RK Kleinveldt,0,0,,,,,,,,,
947289,2016,2016-07-15,Riverside Ground,2,10.6,Durham,Northamptonshire,KK Jennings,MD Stoneman,RK Kleinveldt,2,0,,,,,,,,,
947289,2016,2016-07-15,Riverside Ground,2,11.1,Durham,Northamptonshire,MD Stoneman,KK Jennings,S Prasanna,1,0,,,,,,,,,
947289,2016,2016-07-15,Riverside Ground,2,11.2,Durham,Northamptonshire,KK Jennings,MD Stoneman,S Prasanna,1,0,,,,,,,,,
947289,2016,2016-07-15,Riverside Ground,2,11.3,Durham,Northamptonshire,MD Stoneman,KK Jennings,S Prasanna,2,0,,,,,,,,,
947289,2016,2016-07-15,Riverside Ground,2,11.4,Durham,Northamptonshire,MD Stoneman,KK Jennings,S Prasanna,2,0,,,,,,,,,
947289,2016,2016-07-15,Riverside Ground,2,11.5,Durham,Northamptonshire,MD Stoneman,KK Jennings,S Prasanna,0,0,,,,,,lbw,MD Stoneman,,
947289,2016,2016-07-15,Riverside Ground,2,11.6,Durham,Northamptonshire,MJ Richardson,KK Jennings,S Prasanna,0,0,,,,,,,,,
947289,2016,2016-07-15,Riverside Ground,2,12.1,Durham,Northamptonshire,KK Jennings,MJ Richardson,JJ Cobb,0,0,,,,,,,,,
947289,2016,2016-07-15,Riverside Ground,2,12.2,Durham,Northamptonshire,KK Jennings,MJ Richardson,JJ Cobb,0,0,,,,,,,,,
947289,2016,2016-07-15,Riverside Ground,2,12.3,Durham,Northamptonshire,KK Jennings,MJ Richardson,JJ Cobb,4,0,,,,,,,,,
947289,2016,2016-07-15,Riverside Ground,2,12.4,Durham,Northamptonshire,KK Jennings,MJ Richardson,JJ Cobb,1,0,,,,,,,,,
947289,2016,2016-07-15,Riverside Ground,2,12.5,Durham,Northamptonshire,MJ Richardson,KK Jennings,JJ Cobb,0,0,,,,,,,,,
947289,2016,2016-07-15,Riverside Ground,2,12.6,Durham,Northamptonshire,MJ Richardson,KK Jennings,JJ Cobb,0,0,,,,,,,,,
947289,2016,2016-07-15,Riverside Ground,2,13.1,Durham,Northamptonshire,KK Jennings,MJ Richardson,S Prasanna,2,0,,,,,,,,,
947289,2016,2016-07-15,Riverside Ground,2,13.2,Durham,Northamptonshire,KK Jennings,MJ Richardson,S Prasanna,1,0,,,,,,,,,
947289,2016,2016-07-15,Riverside Ground,2,13.3,Durham,Northamptonshire,MJ Richardson,KK Jennings,S Prasanna,1,0,,,,,,,,,
947289,2016,2016-07-15,Riverside Ground,2,13.4,Durham,Northamptonshire,KK Jennings,MJ Richardson,S Prasanna,0,0,,,,,,,,,
947289,2016,2016-07-15,Riverside Ground,2,13.5,Durham,Northamptonshire,KK Jennings,MJ Richardson,S Prasanna,1,0,,,,,,,,,
947289,2016,2016-07-15,Riverside Ground,2,13.6,Durham,Northamptonshire,MJ Richardson,KK Jennings,S Prasanna,1,0,,,,,,,,,
947289,2016,2016-07-15,Riverside Ground,2,14.1,Durham,Northamptonshire,MJ Richardson,KK Jennings,JJ Cobb,4,0,,,,,,,,,
947289,2016,2016-07-15,Riverside Ground,2,14.2,Durham,Northamptonshire,MJ Richardson,KK Jennings,JJ Cobb,1,0,,,,,,,,,
947289,2016,2016-07-15,Riverside Ground,2,14.3,Durham,Northamptonshire,KK Jennings,MJ Richardson,JJ Cobb,2,0,,,,,,,,,
947289,2016,2016-07-15,Riverside Ground,2,14.4,Durham,Northamptonshire,KK Jennings,MJ Richardson,JJ Cobb,1,0,,,,,,,,,
947289,2016,2016-07-15,Riverside Ground,2,14.5,Durham,Northamptonshire,MJ Richardson,KK Jennings,JJ Cobb,0,0,,,,,,,,,
947289,2016,2016-07-15,Riverside Ground,2,14.6,Durham,Northamptonshire,MJ Richardson,KK Jennings,JJ Cobb,2,0,,,,,,,,,
947289,2016,2016-07-15,Riverside Ground,2,15.1,Durham,Northamptonshire,KK Jennings,MJ Richardson,RK Kleinveldt,4,0,,,,,,,,,
947289,2016,2016-07-15,Riverside Ground,2,15.2,Durham,Northamptonshire,KK Jennings,MJ Richardson,RK Kleinveldt,1,0,,,,,,,,,
947289,2016,2016-07-15,Riverside Ground,2,15.3,Durham,Northamptonshire,MJ Richardson,KK Jennings,RK Kleinveldt,1,0,,,,,,,,,
947289,2016,2016-07-15,Riverside Ground,2,15.4,Durham,Northamptonshire,KK Jennings,MJ Richardson,RK Kleinveldt,0,1,1,,,,,,,,
947289,2016,2016-07-15,Riverside Ground,2,15.5,Durham,Northamptonshire,KK Jennings,MJ Richardson,RK Kleinveldt,6,0,,,,,,,,,
947289,2016,2016-07-15,Riverside Ground,2,15.6,Durham,Northamptonshire,KK Jennings,MJ Richardson,RK Kleinveldt,0,1,1,,,,,,,,
947289,2016,2016-07-15,Riverside Ground,2,15.7,Durham,Northamptonshire,KK Jennings,MJ Richardson,RK Kleinveldt,1,0,,,,,,,,,
947289,2016,2016-07-15,Riverside Ground,2,15.8,Durham,Northamptonshire,MJ Richardson,KK Jennings,RK Kleinveldt,0,0,,,,,,,,,
947289,2016,2016-07-15,Riverside Ground,2,16.1,Durham,Northamptonshire,KK Jennings,MJ Richardson,RJ Gleeson,1,0,,,,,,,,,
947289,2016,2016-07-15,Riverside Ground,2,16.2,Durham,Northamptonshire,MJ Richardson,KK Jennings,RJ Gleeson,0,0,,,,,,,,,
947289,2016,2016-07-15,Riverside Ground,2,16.3,Durham,Northamptonshire,MJ Richardson,KK Jennings,RJ Gleeson,4,0,,,,,,,,,
947289,2016,2016-07-15,Riverside Ground,2,16.4,Durham,Northamptonshire,MJ Richardson,KK Jennings,RJ Gleeson,1,0,,,,,,,,,
947289,2016,2016-07-15,Riverside Ground,2,16.5,Durham,Northamptonshire,KK Jennings,MJ Richardson,RJ Gleeson,0,0,,,,,,,,,
947289,2016,2016-07-15,Riverside Ground,2,16.6,Durham,Northamptonshire,KK Jennings,MJ Richardson,RJ Gleeson,0,0,,,,,,,,,
947289,2016,2016-07-15,Riverside Ground,2,17.1,Durham,Northamptonshire,MJ Richardson,KK Jennings,MA Ashraf,0,0,,,,,,,,,
947289,2016,2016-07-15,Riverside Ground,2,17.2,Durham,Northamptonshire,MJ Richardson,KK Jennings,MA Ashraf,0,0,,,,,,,,,
947289,2016,2016-07-15,Riverside Ground,2,17.3,Durham,Northamptonshire,MJ Richardson,KK Jennings,MA Ashraf,1,0,,,,,,,,,
947289,2016,2016-07-15,Riverside Ground,2,17.4,Durham,Northamptonshire,KK Jennings,MJ Richardson,MA Ashraf,4,0,,,,,,,,,
947289,2016,2016-07-15,Riverside Ground,2,17.5,Durham,Northamptonshire,KK Jennings,MJ Richardson,MA Ashraf,3,0,,,,,,,,,
947289,2016,2016-07-15,Riverside Ground,2,17.6,Durham,Northamptonshire,MJ Richardson,KK Jennings,MA Ashraf,1,0,,,,,,,,,
947289,2016,2016-07-15,Riverside Ground,2,18.1,Durham,Northamptonshire,MJ Richardson,KK Jennings,RJ Gleeson,4,0,,,,,,,,,
947289,2016,2016-07-15,Riverside Ground,2,18.2,Durham,Northamptonshire,MJ Richardson,KK Jennings,RJ Gleeson,1,0,,,,,,,,,
947289,2016,2016-07-15,Riverside Ground,2,18.3,Durham,Northamptonshire,KK Jennings,MJ Richardson,RJ Gleeson,1,0,,,,,,,,,
947289,2016,2016-07-15,Riverside Ground,2,18.4,Durham,Northamptonshire,MJ Richardson,KK Jennings,RJ Gleeson,0,2,,2,,,,,,,
947289,2016,2016-07-15,Riverside Ground,2,18.5,Durham,Northamptonshire,MJ Richardson,KK Jennings,RJ Gleeson,0,5,5,,,,,,,,
