match_id,season,start_date,venue,innings,ball,batting_team,bowling_team,striker,non_striker,bowler,runs_off_bat,extras,wides,noballs,byes,legbyes,penalty,wicket_type,player_dismissed,other_wicket_type,other_player_dismissed
947219,2016,2016-06-26,Arundel Castle Cricket Club Ground,1,0.1,Gloucestershire,Sussex,HJH Marshall,M Klinger,DR Briggs,1,0,,,,,,,,,
947219,2016,2016-06-26,Arundel Castle Cricket Club Ground,1,0.2,Gloucestershire,Sussex,M Klinger,HJH Marshall,DR Briggs,1,0,,,,,,,,,
947219,2016,2016-06-26,Arundel Castle Cricket Club Ground,1,0.3,Gloucestershire,Sussex,HJH Marshall,M Klinger,DR Briggs,0,0,,,,,,,,,
947219,2016,2016-06-26,Arundel Castle Cricket Club Ground,1,0.4,Gloucestershire,Sussex,HJH Marshall,M Klinger,DR Briggs,1,0,,,,,,,,,
947219,2016,2016-06-26,Arundel Castle Cricket Club Ground,1,0.5,Gloucestershire,Sussex,M Klinger,HJH Marshall,DR Briggs,1,0,,,,,,,,,
947219,2016,2016-06-26,Arundel Castle Cricket Club Ground,1,0.6,Gloucestershire,Sussex,HJH Marshall,M Klinger,DR Briggs,0,0,,,,,,,,,
947219,2016,2016-06-26,Arundel Castle Cricket Club Ground,1,1.1,Gloucestershire,Sussex,M Klinger,HJH Marshall,A Shahzad,0,0,,,,,,,,,
947219,2016,2016-06-26,Arundel Castle Cricket Club Ground,1,1.2,Gloucestershire,Sussex,M Klinger,HJH Marshall,A Shahzad,0,0,,,,,,lbw,M Klinger,,
947219,2016,2016-06-26,Arundel Castle Cricket Club Ground,1,1.3,Gloucestershire,Sussex,IA Cockbain,HJH Marshall,A Shahzad,1,0,,,,,,,,,
947219,2016,2016-06-26,Arundel Castle Cricket Club Ground,1,1.4,Gloucestershire,Sussex,HJH Marshall,IA Cockbain,A Shahzad,1,0,,,,,,,,,
947219,2016,2016-06-26,Arundel Castle Cricket Club Ground,1,1.5,Gloucestershire,Sussex,IA Cockbain,HJH Marshall,A Shahzad,0,0,,,,,,,,,
947219,2016,2016-06-26,Arundel Castle Cricket Club Ground,1,1.6,Gloucestershire,Sussex,IA Cockbain,HJH Marshall,A Shahzad,0,0,,,,,,,,,
947219,2016,2016-06-26,Arundel Castle Cricket Club Ground,1,2.1,Gloucestershire,Sussex,HJH Marshall,IA Cockbain,TS Mills,0,0,,,,,,,,,
947219,2016,2016-06-26,Arundel Castle Cricket Club Ground,1,2.2,Gloucestershire,Sussex,HJH Marshall,IA Cockbain,TS Mills,4,0,,,,,,,,,
947219,2016,2016-06-26,Arundel Castle Cricket Club Ground,1,2.3,Gloucestershire,Sussex,HJH Marshall,IA Cockbain,TS Mills,0,1,1,,,,,,,,
947219,2016,2016-06-26,Arundel Castle Cricket Club Ground,1,2.4,Gloucestershire,Sussex,HJH Marshall,IA Cockbain,TS Mills,2,0,,,,,,,,,
947219,2016,2016-06-26,Arundel Castle Cricket Club Ground,1,2.5,Gloucestershire,Sussex,HJH Marshall,IA Cockbain,TS Mills,0,0,,,,,,,,,
947219,2016,2016-06-26,Arundel Castle Cricket Club Ground,1,2.6,Gloucestershire,Sussex,HJH Marshall,IA Cockbain,TS Mills,1,0,,,,,,,,,
947219,2016,2016-06-26,Arundel Castle Cricket Club Ground,1,2.7,Gloucestershire,Sussex,IA Cockbain,HJH Marshall,TS Mills,1,0,,,,,,,,,
947219,2016,2016-06-26,Arundel Castle Cricket Club Ground,1,3.1,Gloucestershire,Sussex,IA Cockbain,HJH Marshall,A Shahzad,0,0,,,,,,,,,
947219,2016,2016-06-26,Arundel Castle Cricket Club Ground,1,3.2,Gloucestershire,Sussex,IA Cockbain,HJH Marshall,A Shahzad,1,0,,,,,,,,,
947219,2016,2016-06-26,Arundel Castle Cricket Club Ground,1,3.3,Gloucestershire,Sussex,HJH Marshall,IA Cockbain,A Shahzad,0,0,,,,,,,,,
947219,2016,2016-06-26,Arundel Castle Cricket Club Ground,1,3.4,Gloucestershire,Sussex,HJH Marshall,IA Cockbain,A Shahzad,1,0,,,,,,,,,
947219,2016,2016-06-26,Arundel Castle Cricket Club Ground,1,3.5,Gloucestershire,Sussex,IA Cockbain,HJH Marshall,A Shahzad,0,0,,,,,,,,,
947219,2016,2016-06-26,Arundel Castle Cricket Club Ground,1,3.6,Gloucestershire,Sussex,IA Cockbain,HJH Marshall,A Shahzad,1,0,,,,,,,,,
947219,2016,2016-06-26,Arundel Castle Cricket Club Ground,1,4.1,Gloucestershire,Sussex,IA Cockbain,HJH Marshall,TS Mills,1,0,,,,,,,,,
947219,2016,2016-06-26,Arundel Castle Cricket Club Ground,1,4.2,Gloucestershire,Sussex,HJH Marshall,IA Cockbain,TS Mills,1,0,,,,,,,,,
947219,2016,2016-06-26,Arundel Castle Cricket Club Ground,1,4.3,Gloucestershire,Sussex,IA Cockbain,HJH Marshall,TS Mills,1,0,,,,,,,,,
947219,2016,2016-06-26,Arundel Castle Cricket Club Ground,1,4.4,Gloucestershire,Sussex,HJH Marshall,IA Cockbain,TS Mills,4,0,,,,,,,,,
947219,2016,2016-06-26,Arundel Castle Cricket Club Ground,1,4.5,Gloucestershire,Sussex,HJH Marshall,IA Cockbain,TS Mills,2,0,,,,,,,,,
947219,2016,2016-06-26,Arundel Castle Cricket Club Ground,1,4.6,Gloucestershire,Sussex,HJH Marshall,IA Cockbain,TS Mills,1,0,,,,,,,,,
947219,2016,2016-06-26,Arundel Castle Cricket Club Ground,1,5.1,Gloucestershire,Sussex,HJH Marshall,IA Cockbain,GHS Garton,4,0,,,,,,,,,
947219,2016,2016-06-26,Arundel Castle Cricket Club Ground,1,5.2,Gloucestershire,Sussex,HJH Marshall,IA Cockbain,GHS Garton,4,0,,,,,,,,,
947219,2016,2016-06-26,Arundel Castle Cricket Club Ground,1,5.3,Gloucestershire,Sussex,HJH Marshall,IA Cockbain,GHS Garton,1,0,,,,,,,,,
947219,2016,2016-06-26,Arundel Castle Cricket Club Ground,1,5.4,Gloucestershire,Sussex,IA Cockbain,HJH Marshall,GHS Garton,1,0,,,,,,,,,
947219,2016,2016-06-26,Arundel Castle Cricket Club Ground,1,5.5,Gloucestershire,Sussex,HJH Marshall,IA Cockbain,GHS Garton,1,0,,,,,,,,,
947219,2016,2016-06-26,Arundel Castle Cricket Club Ground,1,5.6,Gloucestershire,Sussex,IA Cockbain,HJH Marshall,GHS Garton,6,0,,,,,,,,,
947219,2016,2016-06-26,Arundel Castle Cricket Club Ground,1,6.1,Gloucestershire,Sussex,HJH Marshall,IA Cockbain,WAT Beer,1,0,,,,,,,,,
947219,2016,2016-06-26,Arundel Castle Cricket Club Ground,1,6.2,Gloucestershire,Sussex,IA Cockbain,HJH Marshall,WAT Beer,1,0,,,,,,,,,
947219,2016,2016-06-26,Arundel Castle Cricket Club Ground,1,6.3,Gloucestershire,Sussex,HJH Marshall,IA Cockbain,WAT Beer,1,0,,,,,,,,,
947219,2016,2016-06-26,Arundel Castle Cricket Club Ground,1,6.4,Gloucestershire,Sussex,IA Cockbain,HJH Marshall,WAT Beer,1,0,,,,,,,,,
947219,2016,2016-06-26,Arundel Castle Cricket Club Ground,1,6.5,Gloucestershire,Sussex,HJH Marshall,IA Cockbain,WAT Beer,0,0,,,,,,,,,
947219,2016,2016-06-26,Arundel Castle Cricket Club Ground,1,6.6,Gloucestershire,Sussex,HJH Marshall,IA Cockbain,WAT Beer,4,0,,,,,,,,,
947219,2016,2016-06-26,Arundel Castle Cricket Club Ground,1,7.1,Gloucestershire,Sussex,IA Cockbain,HJH Marshall,DR Briggs,0,0,,,,,,,,,
947219,2016,2016-06-26,Arundel Castle Cricket Club Ground,1,7.2,Gloucestershire,Sussex,IA Cockbain,HJH Marshall,DR Briggs,1,0,,,,,,,,,
947219,2016,2016-06-26,Arundel Castle Cricket Club Ground,1,7.3,Gloucestershire,Sussex,HJH Marshall,IA Cockbain,DR Briggs,1,0,,,,,,,,,
947219,2016,2016-06-26,Arundel Castle Cricket Club Ground,1,7.4,Gloucestershire,Sussex,IA Cockbain,HJH Marshall,DR Briggs,1,0,,,,,,,,,
947219,2016,2016-06-26,Arundel Castle Cricket Club Ground,1,7.5,Gloucestershire,Sussex,HJH Marshall,IA Cockbain,DR Briggs,2,0,,,,,,,,,
947219,2016,2016-06-26,Arundel Castle Cricket Club Ground,1,7.6,Gloucestershire,Sussex,HJH Marshall,IA Cockbain,DR Briggs,0,5,5,,,,,,,,
947219,2016,2016-06-26,Arundel Castle Cricket Club Ground,1,7.7,Gloucestershire,Sussex,HJH Marshall,IA Cockbain,DR Briggs,1,0,,,,,,,,,
947219,2016,2016-06-26,Arundel Castle Cricket Club Ground,1,8.1,Gloucestershire,Sussex,HJH Marshall,IA Cockbain,WAT Beer,6,0,,,,,,,,,
947219,2016,2016-06-26,Arundel Castle Cricket Club Ground,1,8.2,Gloucestershire,Sussex,HJH Marshall,IA Cockbain,WAT Beer,0,0,,,,,,,,,
947219,2016,2016-06-26,Arundel Castle Cricket Club Ground,1,8.3,Gloucestershire,Sussex,HJH Marshall,IA Cockbain,WAT Beer,4,0,,,,,,,,,
947219,2016,2016-06-26,Arundel Castle Cricket Club Ground,1,8.4,Gloucestershire,Sussex,HJH Marshall,IA Cockbain,WAT Beer,1,0,,,,,,,,,
947219,2016,2016-06-26,Arundel Castle Cricket Club Ground,1,8.5,Gloucestershire,Sussex,IA Cockbain,HJH Marshall,WAT Beer,0,0,,,,,,,,,
947219,2016,2016-06-26,Arundel Castle Cricket Club Ground,1,8.6,Gloucestershire,Sussex,IA Cockbain,HJH Marshall,WAT Beer,1,0,,,,,,,,,
947219,2016,2016-06-26,Arundel Castle Cricket Club Ground,1,9.1,Gloucestershire,Sussex,IA Cockbain,HJH Marshall,DR Briggs,6,0,,,,,,,,,
947219,2016,2016-06-26,Arundel Castle Cricket Club Ground,1,9.2,Gloucestershire,Sussex,IA Cockbain,HJH Marshall,DR Briggs,1,0,,,,,,,,,
947219,2016,2016-06-26,Arundel Castle Cricket Club Ground,1,9.3,Gloucestershire,Sussex,HJH Marshall,IA Cockbain,DR Briggs,1,0,,,,,,,,,
947219,2016,2016-06-26,Arundel Castle Cricket Club Ground,1,9.4,Gloucestershire,Sussex,IA Cockbain,HJH Marshall,DR Briggs,1,0,,,,,,,,,
947219,2016,2016-06-26,Arundel Castle Cricket Club Ground,1,9.5,Gloucestershire,Sussex,HJH Marshall,IA Cockbain,DR Briggs,2,0,,,,,,,,,
947219,2016,2016-06-26,Arundel Castle Cricket Club Ground,1,9.6,Gloucestershire,Sussex,HJH Marshall,IA Cockbain,DR Briggs,2,0,,,,,,,,,
947219,2016,2016-06-26,Arundel Castle Cricket Club Ground,1,10.1,Gloucestershire,Sussex,IA Cockbain,HJH Marshall,CD Nash,1,0,,,,,,,,,
947219,2016,2016-06-26,Arundel Castle Cricket Club Ground,1,10.2,Gloucestershire,Sussex,HJH Marshall,IA Cockbain,CD Nash,1,0,,,,,,,,,
947219,2016,2016-06-26,Arundel Castle Cricket Club Ground,1,10.3,Gloucestershire,Sussex,IA Cockbain,HJH Marshall,CD Nash,2,0,,,,,,,,,
947219,2016,2016-06-26,Arundel Castle Cricket Club Ground,1,10.4,Gloucestershire,Sussex,IA Cockbain,HJH Marshall,CD Nash,1,0,,,,,,,,,
947219,2016,2016-06-26,Arundel Castle Cricket Club Ground,1,10.5,Gloucestershire,Sussex,HJH Marshall,IA Cockbain,CD Nash,1,0,,,,,,,,,
947219,2016,2016-06-26,Arundel Castle Cricket Club Ground,1,10.6,Gloucestershire,Sussex,IA Cockbain,HJH Marshall,CD Nash,1,0,,,,,,,,,
947219,2016,2016-06-26,Arundel Castle Cricket Club Ground,1,11.1,Gloucestershire,Sussex,IA Cockbain,HJH Marshall,GHS Garton,1,0,,,,,,,,,
947219,2016,2016-06-26,Arundel Castle Cricket Club Ground,1,11.2,Gloucestershire,Sussex,HJH Marshall,IA Cockbain,GHS Garton,1,0,,,,,,,,,
947219,2016,2016-06-26,Arundel Castle Cricket Club Ground,1,11.3,Gloucestershire,Sussex,IA Cockbain,HJH Marshall,GHS Garton,2,0,,,,,,,,,
947219,2016,2016-06-26,Arundel Castle Cricket Club Ground,1,11.4,Gloucestershire,Sussex,IA Cockbain,HJH Marshall,GHS Garton,1,0,,,,,,,,,
947219,2016,2016-06-26,Arundel Castle Cricket Club Ground,1,11.5,Gloucestershire,Sussex,HJH Marshall,IA Cockbain,GHS Garton,1,0,,,,,,,,,
947219,2016,2016-06-26,Arundel Castle Cricket Club Ground,1,11.6,Gloucestershire,Sussex,IA Cockbain,HJH Marshall,GHS Garton,0,0,,,,,,,,,
947219,2016,2016-06-26,Arundel Castle Cricket Club Ground,1,12.1,Gloucestershire,Sussex,HJH Marshall,IA Cockbain,CD Nash,0,1,1,,,,,,,,
947219,2016,2016-06-26,Arundel Castle Cricket Club Ground,1,12.2,Gloucestershire,Sussex,HJH Marshall,IA Cockbain,CD Nash,1,0,,,,,,,,,
947219,2016,2016-06-26,Arundel Castle Cricket Club Ground,1,12.3,Gloucestershire,Sussex,IA Cockbain,HJH Marshall,CD Nash,1,0,,,,,,,,,
947219,2016,2016-06-26,Arundel Castle Cricket Club Ground,1,12.4,Gloucestershire,Sussex,HJH Marshall,IA Cockbain,CD Nash,1,0,,,,,,,,,
947219,2016,2016-06-26,Arundel Castle Cricket Club Ground,1,12.5,Gloucestershire,Sussex,IA Cockbain,HJH Marshall,CD Nash,1,0,,,,,,,,,
947219,2016,2016-06-26,Arundel Castle Cricket Club Ground,1,12.6,Gloucestershire,Sussex,HJH Marshall,IA Cockbain,CD Nash,0,1,1,,,,,,,,
947219,2016,2016-06-26,Arundel Castle Cricket Club Ground,1,12.7,Gloucestershire,Sussex,HJH Marshall,IA Cockbain,CD Nash,2,0,,,,,,,,,
947219,2016,2016-06-26,Arundel Castle Cricket Club Ground,1,12.8,Gloucestershire,Sussex,HJH Marshall,IA Cockbain,CD Nash,1,0,,,,,,,,,
947219,2016,2016-06-26,Arundel Castle Cricket Club Ground,1,13.1,Gloucestershire,Sussex,HJH Marshall,IA Cockbain,DR Briggs,4,0,,,,,,,,,
947219,2016,2016-06-26,Arundel Castle Cricket Club Ground,1,13.2,Gloucestershire,Sussex,HJH Marshall,IA Cockbain,DR Briggs,2,0,,,,,,,,,
947219,2016,2016-06-26,Arundel Castle Cricket Club Ground,1,13.3,Gloucestershire,Sussex,HJH Marshall,IA Cockbain,DR Briggs,6,0,,,,,,,,,
947219,2016,2016-06-26,Arundel Castle Cricket Club Ground,1,13.4,Gloucestershire,Sussex,HJH Marshall,IA Cockbain,DR Briggs,1,0,,,,,,,,,
947219,2016,2016-06-26,Arundel Castle Cricket Club Ground,1,13.5,Gloucestershire,Sussex,IA Cockbain,HJH Marshall,DR Briggs,0,0,,,,,,caught,IA Cockbain,,
947219,2016,2016-06-26,Arundel Castle Cricket Club Ground,1,13.6,Gloucestershire,Sussex,CDJ Dent,HJH Marshall,DR Briggs,1,0,,,,,,,,,
947219,2016,2016-06-26,Arundel Castle Cricket Club Ground,1,14.1,Gloucestershire,Sussex,CDJ Dent,HJH Marshall,CD Nash,1,0,,,,,,,,,
947219,2016,2016-06-26,Arundel Castle Cricket Club Ground,1,14.2,Gloucestershire,Sussex,HJH Marshall,CDJ Dent,CD Nash,1,0,,,,,,,,,
947219,2016,2016-06-26,Arundel Castle Cricket Club Ground,1,14.3,Gloucestershire,Sussex,CDJ Dent,HJH Marshall,CD Nash,1,0,,,,,,,,,
947219,2016,2016-06-26,Arundel Castle Cricket Club Ground,1,14.4,Gloucestershire,Sussex,HJH Marshall,CDJ Dent,CD Nash,3,0,,,,,,,,,
947219,2016,2016-06-26,Arundel Castle Cricket Club Ground,1,14.5,Gloucestershire,Sussex,CDJ Dent,HJH Marshall,CD Nash,0,0,,,,,,,,,
947219,2016,2016-06-26,Arundel Castle Cricket Club Ground,1,14.6,Gloucestershire,Sussex,CDJ Dent,HJH Marshall,CD Nash,1,0,,,,,,,,,
947219,2016,2016-06-26,Arundel Castle Cricket Club Ground,1,15.1,Gloucestershire,Sussex,CDJ Dent,HJH Marshall,GHS Garton,0,0,,,,,,,,,
947219,2016,2016-06-26,Arundel Castle Cricket Club Ground,1,15.2,Gloucestershire,Sussex,CDJ Dent,HJH Marshall,GHS Garton,1,0,,,,,,,,,
947219,2016,2016-06-26,Arundel Castle Cricket Club Ground,1,15.3,Gloucestershire,Sussex,HJH Marshall,CDJ Dent,GHS Garton,1,0,,,,,,,,,
947219,2016,2016-06-26,Arundel Castle Cricket Club Ground,1,15.4,Gloucestershire,Sussex,CDJ Dent,HJH Marshall,GHS Garton,2,0,,,,,,,,,
947219,2016,2016-06-26,Arundel Castle Cricket Club Ground,1,15.5,Gloucestershire,Sussex,CDJ Dent,HJH Marshall,GHS Garton,2,0,,,,,,,,,
947219,2016,2016-06-26,Arundel Castle Cricket Club Ground,1,15.6,Gloucestershire,Sussex,CDJ Dent,HJH Marshall,GHS Garton,0,0,,,,,,,,,
947219,2016,2016-06-26,Arundel Castle Cricket Club Ground,1,16.1,Gloucestershire,Sussex,HJH Marshall,CDJ Dent,TS Mills,4,0,,,,,,,,,
947219,2016,2016-06-26,Arundel Castle Cricket Club Ground,1,16.2,Gloucestershire,Sussex,HJH Marshall,CDJ Dent,TS Mills,1,0,,,,,,,,,
947219,2016,2016-06-26,Arundel Castle Cricket Club Ground,1,16.3,Gloucestershire,Sussex,CDJ Dent,HJH Marshall,TS Mills,0,1,1,,,,,,,,
947219,2016,2016-06-26,Arundel Castle Cricket Club Ground,1,16.4,Gloucestershire,Sussex,CDJ Dent,HJH Marshall,TS Mills,0,0,,,,,,,,,
947219,2016,2016-06-26,Arundel Castle Cricket Club Ground,1,16.5,Gloucestershire,Sussex,CDJ Dent,HJH Marshall,TS Mills,1,0,,,,,,,,,
947219,2016,2016-06-26,Arundel Castle Cricket Club Ground,1,16.6,Gloucestershire,Sussex,HJH Marshall,CDJ Dent,TS Mills,1,0,,,,,,,,,
947219,2016,2016-06-26,Arundel Castle Cricket Club Ground,1,16.7,Gloucestershire,Sussex,CDJ Dent,HJH Marshall,TS Mills,0,0,,,,,,,,,
947219,2016,2016-06-26,Arundel Castle Cricket Club Ground,1,17.1,Gloucestershire,Sussex,HJH Marshall,CDJ Dent,A Shahzad,0,1,1,,,,,,,,
947219,2016,2016-06-26,Arundel Castle Cricket Club Ground,1,17.2,Gloucestershire,Sussex,HJH Marshall,CDJ Dent,A Shahzad,1,0,,,,,,,,,
947219,2016,2016-06-26,Arundel Castle Cricket Club Ground,1,17.3,Gloucestershire,Sussex,CDJ Dent,HJH Marshall,A Shahzad,1,0,,,,,,,,,
947219,2016,2016-06-26,Arundel Castle Cricket Club Ground,1,17.4,Gloucestershire,Sussex,HJH Marshall,CDJ Dent,A Shahzad,1,0,,,,,,,,,
947219,2016,2016-06-26,Arundel Castle Cricket Club Ground,1,17.5,Gloucestershire,Sussex,CDJ Dent,HJH Marshall,A Shahzad,0,1,,,,1,,,,,
947219,2016,2016-06-26,Arundel Castle Cricket Club Ground,1,17.6,Gloucestershire,Sussex,HJH Marshall,CDJ Dent,A Shahzad,0,1,1,,,,,,,,
947219,2016,2016-06-26,Arundel Castle Cricket Club Ground,1,17.7,Gloucestershire,Sussex,HJH Marshall,CDJ Dent,A Shahzad,0,0,,,,,,caught,HJH Marshall,,
947219,2016,2016-06-26,Arundel Castle Cricket Club Ground,1,17.8,Gloucestershire,Sussex,BAC Howell,CDJ Dent,A Shahzad,1,0,,,,,,,,,
947219,2016,2016-06-26,Arundel Castle Cricket Club Ground,1,18.1,Gloucestershire,Sussex,BAC Howell,CDJ Dent,TS Mills,1,0,,,,,,,,,
947219,2016,2016-06-26,Arundel Castle Cricket Club Ground,1,18.2,Gloucestershire,Sussex,CDJ Dent,BAC Howell,TS Mills,1,0,,,,,,,,,
947219,2016,2016-06-26,Arundel Castle Cricket Club Ground,1,18.3,Gloucestershire,Sussex,BAC Howell,CDJ Dent,TS Mills,6,0,,,,,,,,,
947219,2016,2016-06-26,Arundel Castle Cricket Club Ground,1,18.4,Gloucestershire,Sussex,BAC Howell,CDJ Dent,TS Mills,1,0,,,,,,,,,
947219,2016,2016-06-26,Arundel Castle Cricket Club Ground,1,18.5,Gloucestershire,Sussex,CDJ Dent,BAC Howell,TS Mills,0,1,,,,1,,,,,
947219,2016,2016-06-26,Arundel Castle Cricket Club Ground,1,18.6,Gloucestershire,Sussex,BAC Howell,CDJ Dent,TS Mills,6,0,,,,,,,,,
947219,2016,2016-06-26,Arundel Castle Cricket Club Ground,1,19.1,Gloucestershire,Sussex,CDJ Dent,BAC Howell,A Shahzad,2,0,,,,,,,,,
947219,2016,2016-06-26,Arundel Castle Cricket Club Ground,1,19.2,Gloucestershire,Sussex,CDJ Dent,BAC Howell,A Shahzad,1,0,,,,,,,,,
947219,2016,2016-06-26,Arundel Castle Cricket Club Ground,1,19.3,Gloucestershire,Sussex,BAC Howell,CDJ Dent,A Shahzad,2,0,,,,,,,,,
947219,2016,2016-06-26,Arundel Castle Cricket Club Ground,1,19.4,Gloucestershire,Sussex,BAC Howell,CDJ Dent,A Shahzad,6,0,,,,,,,,,
947219,2016,2016-06-26,Arundel Castle Cricket Club Ground,1,19.5,Gloucestershire,Sussex,BAC Howell,CDJ Dent,A Shahzad,0,0,,,,,,caught,BAC Howell,,
947219,2016,2016-06-26,Arundel Castle Cricket Club Ground,1,19.6,Gloucestershire,Sussex,GH Roderick,CDJ Dent,A Shahzad,4,0,,,,,,,,,
947219,2016,2016-06-26,Arundel Castle Cricket Club Ground,2,0.1,Sussex,Gloucestershire,CD Nash,LJ Wright,MD Taylor,0,0,,,,,,,,,
947219,2016,2016-06-26,Arundel Castle Cricket Club Ground,2,0.2,Sussex,Gloucestershire,CD Nash,LJ Wright,MD Taylor,0,0,,,,,,,,,
947219,2016,2016-06-26,Arundel Castle Cricket Club Ground,2,0.3,Sussex,Gloucestershire,CD Nash,LJ Wright,MD Taylor,1,0,,,,,,,,,
947219,2016,2016-06-26,Arundel Castle Cricket Club Ground,2,0.4,Sussex,Gloucestershire,LJ Wright,CD Nash,MD Taylor,0,0,,,,,,,,,
947219,2016,2016-06-26,Arundel Castle Cricket Club Ground,2,0.5,Sussex,Gloucestershire,LJ Wright,CD Nash,MD Taylor,0,0,,,,,,,,,
947219,2016,2016-06-26,Arundel Castle Cricket Club Ground,2,0.6,Sussex,Gloucestershire,LJ Wright,CD Nash,MD Taylor,0,0,,,,,,,,,
947219,2016,2016-06-26,Arundel Castle Cricket Club Ground,2,1.1,Sussex,Gloucestershire,CD Nash,LJ Wright,GL van Buuren,0,0,,,,,,,,,
947219,2016,2016-06-26,Arundel Castle Cricket Club Ground,2,1.2,Sussex,Gloucestershire,CD Nash,LJ Wright,GL van Buuren,6,0,,,,,,,,,
947219,2016,2016-06-26,Arundel Castle Cricket Club Ground,2,1.3,Sussex,Gloucestershire,CD Nash,LJ Wright,GL van Buuren,1,0,,,,,,,,,
947219,2016,2016-06-26,Arundel Castle Cricket Club Ground,2,1.4,Sussex,Gloucestershire,LJ Wright,CD Nash,GL van Buuren,1,0,,,,,,,,,
947219,2016,2016-06-26,Arundel Castle Cricket Club Ground,2,1.5,Sussex,Gloucestershire,CD Nash,LJ Wright,GL van Buuren,1,0,,,,,,,,,
947219,2016,2016-06-26,Arundel Castle Cricket Club Ground,2,1.6,Sussex,Gloucestershire,LJ Wright,CD Nash,GL van Buuren,1,0,,,,,,,,,
947219,2016,2016-06-26,Arundel Castle Cricket Club Ground,2,2.1,Sussex,Gloucestershire,LJ Wright,CD Nash,MD Taylor,4,0,,,,,,,,,
947219,2016,2016-06-26,Arundel Castle Cricket Club Ground,2,2.2,Sussex,Gloucestershire,LJ Wright,CD Nash,MD Taylor,0,0,,,,,,,,,
947219,2016,2016-06-26,Arundel Castle Cricket Club Ground,2,2.3,Sussex,Gloucestershire,LJ Wright,CD Nash,MD Taylor,4,0,,,,,,,,,
947219,2016,2016-06-26,Arundel Castle Cricket Club Ground,2,2.4,Sussex,Gloucestershire,LJ Wright,CD Nash,MD Taylor,0,0,,,,,,,,,
947219,2016,2016-06-26,Arundel Castle Cricket Club Ground,2,2.5,Sussex,Gloucestershire,LJ Wright,CD Nash,MD Taylor,0,0,,,,,,,,,
947219,2016,2016-06-26,Arundel Castle Cricket Club Ground,2,2.6,Sussex,Gloucestershire,LJ Wright,CD Nash,MD Taylor,4,0,,,,,,,,,
947219,2016,2016-06-26,Arundel Castle Cricket Club Ground,2,3.1,Sussex,Gloucestershire,CD Nash,LJ Wright,GL van Buuren,4,0,,,,,,,,,
947219,2016,2016-06-26,Arundel Castle Cricket Club Ground,2,3.2,Sussex,Gloucestershire,CD Nash,LJ Wright,GL van Buuren,0,0,,,,,,caught,CD Nash,,
947219,2016,2016-06-26,Arundel Castle Cricket Club Ground,2,3.3,Sussex,Gloucestershire,LJ Wright,PD Salt,GL van Buuren,4,0,,,,,,,,,
947219,2016,2016-06-26,Arundel Castle Cricket Club Ground,2,3.4,Sussex,Gloucestershire,LJ Wright,PD Salt,GL van Buuren,1,0,,,,,,,,,
947219,2016,2016-06-26,Arundel Castle Cricket Club Ground,2,3.5,Sussex,Gloucestershire,PD Salt,LJ Wright,GL van Buuren,0,0,,,,,,,,,
947219,2016,2016-06-26,Arundel Castle Cricket Club Ground,2,3.6,Sussex,Gloucestershire,PD Salt,LJ Wright,GL van Buuren,4,0,,,,,,,,,
947219,2016,2016-06-26,Arundel Castle Cricket Club Ground,2,4.1,Sussex,Gloucestershire,LJ Wright,PD Salt,AJ Tye,0,0,,,,,,,,,
947219,2016,2016-06-26,Arundel Castle Cricket Club Ground,2,4.2,Sussex,Gloucestershire,LJ Wright,PD Salt,AJ Tye,0,0,,,,,,,,,
947219,2016,2016-06-26,Arundel Castle Cricket Club Ground,2,4.3,Sussex,Gloucestershire,LJ Wright,PD Salt,AJ Tye,4,0,,,,,,,,,
947219,2016,2016-06-26,Arundel Castle Cricket Club Ground,2,4.4,Sussex,Gloucestershire,LJ Wright,PD Salt,AJ Tye,4,0,,,,,,,,,
947219,2016,2016-06-26,Arundel Castle Cricket Club Ground,2,4.5,Sussex,Gloucestershire,LJ Wright,PD Salt,AJ Tye,0,0,,,,,,,,,
947219,2016,2016-06-26,Arundel Castle Cricket Club Ground,2,4.6,Sussex,Gloucestershire,LJ Wright,PD Salt,AJ Tye,0,0,,,,,,,,,
947219,2016,2016-06-26,Arundel Castle Cricket Club Ground,2,5.1,Sussex,Gloucestershire,PD Salt,LJ Wright,BAC Howell,0,1,,,1,,,,,,
947219,2016,2016-06-26,Arundel Castle Cricket Club Ground,2,5.2,Sussex,Gloucestershire,LJ Wright,PD Salt,BAC Howell,1,0,,,,,,,,,
947219,2016,2016-06-26,Arundel Castle Cricket Club Ground,2,5.3,Sussex,Gloucestershire,PD Salt,LJ Wright,BAC Howell,1,0,,,,,,,,,
947219,2016,2016-06-26,Arundel Castle Cricket Club Ground,2,5.4,Sussex,Gloucestershire,LJ Wright,PD Salt,BAC Howell,1,0,,,,,,,,,
947219,2016,2016-06-26,Arundel Castle Cricket Club Ground,2,5.5,Sussex,Gloucestershire,PD Salt,LJ Wright,BAC Howell,1,0,,,,,,,,,
947219,2016,2016-06-26,Arundel Castle Cricket Club Ground,2,5.6,Sussex,Gloucestershire,LJ Wright,PD Salt,BAC Howell,1,0,,,,,,,,,
947219,2016,2016-06-26,Arundel Castle Cricket Club Ground,2,6.1,Sussex,Gloucestershire,LJ Wright,PD Salt,K Noema-Barnett,4,0,,,,,,,,,
947219,2016,2016-06-26,Arundel Castle Cricket Club Ground,2,6.2,Sussex,Gloucestershire,LJ Wright,PD Salt,K Noema-Barnett,1,0,,,,,,,,,
947219,2016,2016-06-26,Arundel Castle Cricket Club Ground,2,6.3,Sussex,Gloucestershire,PD Salt,LJ Wright,K Noema-Barnett,0,0,,,,,,,,,
947219,2016,2016-06-26,Arundel Castle Cricket Club Ground,2,6.4,Sussex,Gloucestershire,PD Salt,LJ Wright,K Noema-Barnett,0,0,,,,,,,,,
947219,2016,2016-06-26,Arundel Castle Cricket Club Ground,2,6.5,Sussex,Gloucestershire,PD Salt,LJ Wright,K Noema-Barnett,0,1,1,,,,,,,,
947219,2016,2016-06-26,Arundel Castle Cricket Club Ground,2,6.6,Sussex,Gloucestershire,PD Salt,LJ Wright,K Noema-Barnett,1,0,,,,,,,,,
947219,2016,2016-06-26,Arundel Castle Cricket Club Ground,2,6.7,Sussex,Gloucestershire,LJ Wright,PD Salt,K Noema-Barnett,1,0,,,,,,,,,
947219,2016,2016-06-26,Arundel Castle Cricket Club Ground,2,7.1,Sussex,Gloucestershire,LJ Wright,PD Salt,TMJ Smith,1,0,,,,,,,,,
947219,2016,2016-06-26,Arundel Castle Cricket Club Ground,2,7.2,Sussex,Gloucestershire,PD Salt,LJ Wright,TMJ Smith,1,0,,,,,,,,,
947219,2016,2016-06-26,Arundel Castle Cricket Club Ground,2,7.3,Sussex,Gloucestershire,LJ Wright,PD Salt,TMJ Smith,1,0,,,,,,,,,
947219,2016,2016-06-26,Arundel Castle Cricket Club Ground,2,7.4,Sussex,Gloucestershire,PD Salt,LJ Wright,TMJ Smith,4,0,,,,,,,,,
947219,2016,2016-06-26,Arundel Castle Cricket Club Ground,2,7.5,Sussex,Gloucestershire,PD Salt,LJ Wright,TMJ Smith,0,0,,,,,,lbw,PD Salt,,
947219,2016,2016-06-26,Arundel Castle Cricket Club Ground,2,7.6,Sussex,Gloucestershire,LRPL Taylor,LJ Wright,TMJ Smith,0,0,,,,,,,,,
947219,2016,2016-06-26,Arundel Castle Cricket Club Ground,2,8.1,Sussex,Gloucestershire,LJ Wright,LRPL Taylor,BAC Howell,1,0,,,,,,,,,
947219,2016,2016-06-26,Arundel Castle Cricket Club Ground,2,8.2,Sussex,Gloucestershire,LRPL Taylor,LJ Wright,BAC Howell,1,0,,,,,,,,,
947219,2016,2016-06-26,Arundel Castle Cricket Club Ground,2,8.3,Sussex,Gloucestershire,LJ Wright,LRPL Taylor,BAC Howell,1,0,,,,,,,,,
947219,2016,2016-06-26,Arundel Castle Cricket Club Ground,2,8.4,Sussex,Gloucestershire,LRPL Taylor,LJ Wright,BAC Howell,4,0,,,,,,,,,
947219,2016,2016-06-26,Arundel Castle Cricket Club Ground,2,8.5,Sussex,Gloucestershire,LRPL Taylor,LJ Wright,BAC Howell,0,0,,,,,,,,,
947219,2016,2016-06-26,Arundel Castle Cricket Club Ground,2,8.6,Sussex,Gloucestershire,LRPL Taylor,LJ Wright,BAC Howell,1,0,,,,,,,,,
947219,2016,2016-06-26,Arundel Castle Cricket Club Ground,2,9.1,Sussex,Gloucestershire,LRPL Taylor,LJ Wright,TMJ Smith,1,0,,,,,,,,,
947219,2016,2016-06-26,Arundel Castle Cricket Club Ground,2,9.2,Sussex,Gloucestershire,LJ Wright,LRPL Taylor,TMJ Smith,1,0,,,,,,,,,
947219,2016,2016-06-26,Arundel Castle Cricket Club Ground,2,9.3,Sussex,Gloucestershire,LRPL Taylor,LJ Wright,TMJ Smith,1,0,,,,,,,,,
947219,2016,2016-06-26,Arundel Castle Cricket Club Ground,2,9.4,Sussex,Gloucestershire,LJ Wright,LRPL Taylor,TMJ Smith,1,0,,,,,,,,,
947219,2016,2016-06-26,Arundel Castle Cricket Club Ground,2,9.5,Sussex,Gloucestershire,LRPL Taylor,LJ Wright,TMJ Smith,0,0,,,,,,,,,
947219,2016,2016-06-26,Arundel Castle Cricket Club Ground,2,9.6,Sussex,Gloucestershire,LRPL Taylor,LJ Wright,TMJ Smith,1,0,,,,,,,,,
947219,2016,2016-06-26,Arundel Castle Cricket Club Ground,2,10.1,Sussex,Gloucestershire,LRPL Taylor,LJ Wright,AJ Tye,1,0,,,,,,,,,
947219,2016,2016-06-26,Arundel Castle Cricket Club Ground,2,10.2,Sussex,Gloucestershire,LJ Wright,LRPL Taylor,AJ Tye,2,0,,,,,,,,,
947219,2016,2016-06-26,Arundel Castle Cricket Club Ground,2,10.3,Sussex,Gloucestershire,LJ Wright,LRPL Taylor,AJ Tye,1,0,,,,,,,,,
947219,2016,2016-06-26,Arundel Castle Cricket Club Ground,2,10.4,Sussex,Gloucestershire,LRPL Taylor,LJ Wright,AJ Tye,1,0,,,,,,,,,
947219,2016,2016-06-26,Arundel Castle Cricket Club Ground,2,10.5,Sussex,Gloucestershire,LJ Wright,LRPL Taylor,AJ Tye,1,0,,,,,,,,,
947219,2016,2016-06-26,Arundel Castle Cricket Club Ground,2,10.6,Sussex,Gloucestershire,LRPL Taylor,LJ Wright,AJ Tye,1,0,,,,,,,,,
947219,2016,2016-06-26,Arundel Castle Cricket Club Ground,2,11.1,Sussex,Gloucestershire,LRPL Taylor,LJ Wright,TMJ Smith,4,0,,,,,,,,,
947219,2016,2016-06-26,Arundel Castle Cricket Club Ground,2,11.2,Sussex,Gloucestershire,LRPL Taylor,LJ Wright,TMJ Smith,0,0,,,,,,lbw,LRPL Taylor,,
947219,2016,2016-06-26,Arundel Castle Cricket Club Ground,2,11.3,Sussex,Gloucestershire,MW Machan,LJ Wright,TMJ Smith,1,0,,,,,,,,,
947219,2016,2016-06-26,Arundel Castle Cricket Club Ground,2,11.4,Sussex,Gloucestershire,LJ Wright,MW Machan,TMJ Smith,1,0,,,,,,,,,
947219,2016,2016-06-26,Arundel Castle Cricket Club Ground,2,11.5,Sussex,Gloucestershire,MW Machan,LJ Wright,TMJ Smith,1,0,,,,,,,,,
947219,2016,2016-06-26,Arundel Castle Cricket Club Ground,2,11.6,Sussex,Gloucestershire,LJ Wright,MW Machan,TMJ Smith,1,0,,,,,,,,,
947219,2016,2016-06-26,Arundel Castle Cricket Club Ground,2,12.1,Sussex,Gloucestershire,LJ Wright,MW Machan,BAC Howell,4,0,,,,,,,,,
947219,2016,2016-06-26,Arundel Castle Cricket Club Ground,2,12.2,Sussex,Gloucestershire,LJ Wright,MW Machan,BAC Howell,0,0,,,,,,,,,
947219,2016,2016-06-26,Arundel Castle Cricket Club Ground,2,12.3,Sussex,Gloucestershire,LJ Wright,MW Machan,BAC Howell,6,0,,,,,,,,,
947219,2016,2016-06-26,Arundel Castle Cricket Club Ground,2,12.4,Sussex,Gloucestershire,LJ Wright,MW Machan,BAC Howell,0,1,1,,,,,,,,
947219,2016,2016-06-26,Arundel Castle Cricket Club Ground,2,12.5,Sussex,Gloucestershire,LJ Wright,MW Machan,BAC Howell,1,0,,,,,,,,,
947219,2016,2016-06-26,Arundel Castle Cricket Club Ground,2,12.6,Sussex,Gloucestershire,MW Machan,LJ Wright,BAC Howell,0,0,,,,,,,,,
947219,2016,2016-06-26,Arundel Castle Cricket Club Ground,2,12.7,Sussex,Gloucestershire,MW Machan,LJ Wright,BAC Howell,1,0,,,,,,,,,
947219,2016,2016-06-26,Arundel Castle Cricket Club Ground,2,13.1,Sussex,Gloucestershire,MW Machan,LJ Wright,K Noema-Barnett,1,0,,,,,,,,,
947219,2016,2016-06-26,Arundel Castle Cricket Club Ground,2,13.2,Sussex,Gloucestershire,LJ Wright,MW Machan,K Noema-Barnett,2,0,,,,,,,,,
947219,2016,2016-06-26,Arundel Castle Cricket Club Ground,2,13.3,Sussex,Gloucestershire,LJ Wright,MW Machan,K Noema-Barnett,1,0,,,,,,,,,
947219,2016,2016-06-26,Arundel Castle Cricket Club Ground,2,13.4,Sussex,Gloucestershire,MW Machan,LJ Wright,K Noema-Barnett,1,0,,,,,,,,,
947219,2016,2016-06-26,Arundel Castle Cricket Club Ground,2,13.5,Sussex,Gloucestershire,LJ Wright,MW Machan,K Noema-Barnett,6,0,,,,,,,,,
947219,2016,2016-06-26,Arundel Castle Cricket Club Ground,2,13.6,Sussex,Gloucestershire,LJ Wright,MW Machan,K Noema-Barnett,1,0,,,,,,,,,
947219,2016,2016-06-26,Arundel Castle Cricket Club Ground,2,14.1,Sussex,Gloucestershire,LJ Wright,MW Machan,BAC Howell,1,0,,,,,,,,,
947219,2016,2016-06-26,Arundel Castle Cricket Club Ground,2,14.2,Sussex,Gloucestershire,MW Machan,LJ Wright,BAC Howell,1,0,,,,,,,,,
947219,2016,2016-06-26,Arundel Castle Cricket Club Ground,2,14.3,Sussex,Gloucestershire,LJ Wright,MW Machan,BAC Howell,1,0,,,,,,,,,
947219,2016,2016-06-26,Arundel Castle Cricket Club Ground,2,14.4,Sussex,Gloucestershire,MW Machan,LJ Wright,BAC Howell,1,0,,,,,,,,,
947219,2016,2016-06-26,Arundel Castle Cricket Club Ground,2,14.5,Sussex,Gloucestershire,LJ Wright,MW Machan,BAC Howell,0,0,,,,,,caught,LJ Wright,,
947219,2016,2016-06-26,Arundel Castle Cricket Club Ground,2,14.6,Sussex,Gloucestershire,MW Machan,BC Brown,BAC Howell,1,0,,,,,,,,,
947219,2016,2016-06-26,Arundel Castle Cricket Club Ground,2,15.1,Sussex,Gloucestershire,MW Machan,BC Brown,K Noema-Barnett,1,0,,,,,,,,,
947219,2016,2016-06-26,Arundel Castle Cricket Club Ground,2,15.2,Sussex,Gloucestershire,BC Brown,MW Machan,K Noema-Barnett,1,0,,,,,,,,,
947219,2016,2016-06-26,Arundel Castle Cricket Club Ground,2,15.3,Sussex,Gloucestershire,MW Machan,BC Brown,K Noema-Barnett,6,0,,,,,,,,,
947219,2016,2016-06-26,Arundel Castle Cricket Club Ground,2,15.4,Sussex,Gloucestershire,MW Machan,BC Brown,K Noema-Barnett,1,0,,,,,,,,,
947219,2016,2016-06-26,Arundel Castle Cricket Club Ground,2,15.5,Sussex,Gloucestershire,BC Brown,MW Machan,K Noema-Barnett,0,0,,,,,,,,,
947219,2016,2016-06-26,Arundel Castle Cricket Club Ground,2,15.6,Sussex,Gloucestershire,BC Brown,MW Machan,K Noema-Barnett,1,0,,,,,,,,,
947219,2016,2016-06-26,Arundel Castle Cricket Club Ground,2,16.1,Sussex,Gloucestershire,BC Brown,MW Machan,MD Taylor,2,0,,,,,,,,,
947219,2016,2016-06-26,Arundel Castle Cricket Club Ground,2,16.2,Sussex,Gloucestershire,BC Brown,MW Machan,MD Taylor,0,0,,,,,,,,,
947219,2016,2016-06-26,Arundel Castle Cricket Club Ground,2,16.3,Sussex,Gloucestershire,BC Brown,MW Machan,MD Taylor,1,0,,,,,,,,,
947219,2016,2016-06-26,Arundel Castle Cricket Club Ground,2,16.4,Sussex,Gloucestershire,MW Machan,BC Brown,MD Taylor,1,0,,,,,,,,,
947219,2016,2016-06-26,Arundel Castle Cricket Club Ground,2,16.5,Sussex,Gloucestershire,BC Brown,MW Machan,MD Taylor,0,0,,,,,,bowled,BC Brown,,
947219,2016,2016-06-26,Arundel Castle Cricket Club Ground,2,16.6,Sussex,Gloucestershire,WAT Beer,MW Machan,MD Taylor,1,0,,,,,,,,,
947219,2016,2016-06-26,Arundel Castle Cricket Club Ground,2,17.1,Sussex,Gloucestershire,WAT Beer,MW Machan,AJ Tye,1,0,,,,,,,,,
947219,2016,2016-06-26,Arundel Castle Cricket Club Ground,2,17.2,Sussex,Gloucestershire,MW Machan,WAT Beer,AJ Tye,6,0,,,,,,,,,
947219,2016,2016-06-26,Arundel Castle Cricket Club Ground,2,17.3,Sussex,Gloucestershire,MW Machan,WAT Beer,AJ Tye,1,0,,,,,,,,,
947219,2016,2016-06-26,Arundel Castle Cricket Club Ground,2,17.4,Sussex,Gloucestershire,WAT Beer,MW Machan,AJ Tye,0,0,,,,,,caught,WAT Beer,,
947219,2016,2016-06-26,Arundel Castle Cricket Club Ground,2,17.5,Sussex,Gloucestershire,MW Machan,A Shahzad,AJ Tye,6,0,,,,,,,,,
947219,2016,2016-06-26,Arundel Castle Cricket Club Ground,2,17.6,Sussex,Gloucestershire,MW Machan,A Shahzad,AJ Tye,1,0,,,,,,,,,
947219,2016,2016-06-26,Arundel Castle Cricket Club Ground,2,18.1,Sussex,Gloucestershire,MW Machan,A Shahzad,MD Taylor,0,0,,,,,,bowled,MW Machan,,
947219,2016,2016-06-26,Arundel Castle Cricket Club Ground,2,18.2,Sussex,Gloucestershire,DR Briggs,A Shahzad,MD Taylor,1,0,,,,,,,,,
947219,2016,2016-06-26,Arundel Castle Cricket Club Ground,2,18.3,Sussex,Gloucestershire,A Shahzad,DR Briggs,MD Taylor,0,0,,,,,,caught,A Shahzad,,
947219,2016,2016-06-26,Arundel Castle Cricket Club Ground,2,18.4,Sussex,Gloucestershire,DR Briggs,GHS Garton,MD Taylor,4,0,,,,,,,,,
947219,2016,2016-06-26,Arundel Castle Cricket Club Ground,2,18.5,Sussex,Gloucestershire,DR Briggs,GHS Garton,MD Taylor,2,0,,,,,,,,,
947219,2016,2016-06-26,Arundel Castle Cricket Club Ground,2,18.6,Sussex,Gloucestershire,DR Briggs,GHS Garton,MD Taylor,4,0,,,,,,,,,
947219,2016,2016-06-26,Arundel Castle Cricket Club Ground,2,19.1,Sussex,Gloucestershire,GHS Garton,DR Briggs,AJ Tye,1,0,,,,,,,,,
947219,2016,2016-06-26,Arundel Castle Cricket Club Ground,2,19.2,Sussex,Gloucestershire,DR Briggs,GHS Garton,AJ Tye,0,0,,,,,,,,,
947219,2016,2016-06-26,Arundel Castle Cricket Club Ground,2,19.3,Sussex,Gloucestershire,DR Briggs,GHS Garton,AJ Tye,0,0,,,,,,caught,DR Briggs,,
947219,2016,2016-06-26,Arundel Castle Cricket Club Ground,2,19.4,Sussex,Gloucestershire,GHS Garton,TS Mills,AJ Tye,1,0,,,,,,,,,
947219,2016,2016-06-26,Arundel Castle Cricket Club Ground,2,19.5,Sussex,Gloucestershire,TS Mills,GHS Garton,AJ Tye,6,0,,,,,,,,,
947219,2016,2016-06-26,Arundel Castle Cricket Club Ground,2,19.6,Sussex,Gloucestershire,TS Mills,GHS Garton,AJ Tye,1,0,,,,,,,,,
