version,2.1.0
info,balls_per_over,6
info,team,Essex
info,team,Hampshire
info,gender,male
info,season,2016
info,date,2016/06/24
info,event,NatWest T20 Blast
info,venue,County Ground
info,city,Chelmsford
info,toss_winner,Hampshire
info,toss_decision,bat
info,player_of_match,Ashar Zaidi
info,umpire,NL Bainton
info,umpire,MJ Saggers
info,winner,Essex
info,winner_wickets,5
info,player,Essex,JD Ryder
info,player,Essex,KS Velani
info,player,Essex,T Westley
info,player,Essex,RS Bopara
info,player,Essex,Ashar Zaidi
info,player,Essex,RN ten Doeschate
info,player,Essex,DW Lawrence
info,player,Essex,JS Foster
info,player,Essex,GR Napier
info,player,Essex,PI Walter
info,player,Essex,MR Quinn
info,player,Hampshire,MA Carberry
info,player,Hampshire,TP Alsop
info,player,Hampshire,JJ Weatherley
info,player,Hampshire,LA Dawson
info,player,Hampshire,SM Ervine
info,player,Hampshire,Shahid Afridi
info,player,Hampshire,DJG Sammy
info,player,Hampshire,LD McManus
info,player,Hampshire,GM Andrew
info,player,Hampshire,GK Berg
info,player,Hampshire,TL Best
info,registry,people,Ashar Zaidi,9bab2b81
info,registry,people,DJG Sammy,c03c6200
info,registry,people,DW Lawrence,4b685e2d
info,registry,people,GK Berg,42151725
info,registry,people,GM Andrew,fac298ff
info,registry,people,GR Napier,611926bc
info,registry,people,JD Ryder,91ffa6c6
info,registry,people,JJ Weatherley,a05d0552
info,registry,people,JS Foster,e68dd455
info,registry,people,KS Velani,a83107e2
info,registry,people,LA Dawson,4a461c24
info,registry,people,LD McManus,6feb46a4
info,registry,people,MA Carberry,8305580c
info,registry,people,MJ Saggers,402d5937
info,registry,people,MR Quinn,b082d112
info,registry,people,NL Bainton,cd219cb3
info,registry,people,PI Walter,57590dbb
info,registry,people,RN ten Doeschate,4ec07775
info,registry,people,RS Bopara,7ca5e05d
info,registry,people,SM Ervine,556302a7
info,registry,people,Shahid Afridi,0dc00542
info,registry,people,T Westley,25a42048
info,registry,people,TL Best,db767b89
info,registry,people,TP Alsop,961b8ff1
