version,2.1.0
info,balls_per_over,6
info,team,Yorkshire
info,team,Northamptonshire
info,gender,male
info,season,2016
info,date,2016/07/22
info,event,NatWest T20 Blast
info,venue,Headingley
info,city,Leeds
info,toss_winner,Yorkshire
info,toss_decision,bat
info,player_of_match,DJ Willey
info,umpire,NGB Cook
info,umpire,SC Gale
info,winner,Yorkshire
info,winner_runs,75
info,player,Northamptonshire,JJ Cobb
info,player,Northamptonshire,AM Rossington
info,player,Northamptonshire,BM Duckett
info,player,Northamptonshire,AG Wakely
info,player,Northamptonshire,SP Crook
info,player,Northamptonshire,S Prasanna
info,player,Northamptonshire,RK Kleinveldt
info,player,Northamptonshire,GG White
info,player,Northamptonshire,RJ Gleeson
info,player,Northamptonshire,MA Ashraf
info,player,Northamptonshire,RE Levi
info,player,Yorkshire,A Lyth
info,player,Yorkshire,DJ Willey
info,player,Yorkshire,AZ Lees
info,player,Yorkshire,TM Head
info,player,Yorkshire,JA Leaning
info,player,Yorkshire,TT Bresnan
info,player,Yorkshire,LE Plunkett
info,player,Yorkshire,WMH Rhodes
info,player,Yorkshire,AU Rashid
info,player,Yorkshire,AJ Hodd
info,player,Yorkshire,Azeem Rafiq
info,registry,people,A Lyth,70b8fd28
info,registry,people,AG Wakely,730d120f
info,registry,people,AJ Hodd,60938c83
info,registry,people,AM Rossington,7bcde3fe
info,registry,people,AU Rashid,249d60c9
info,registry,people,AZ Lees,c9c0fe50
info,registry,people,Azeem Rafiq,5fcb6fb1
info,registry,people,BM Duckett,5f26f677
info,registry,people,DJ Willey,7f048519
info,registry,people,GG White,0f21680d
info,registry,people,JA Leaning,f2ab7a69
info,registry,people,JJ Cobb,58c481c6
info,registry,people,LE Plunkett,9a963804
info,registry,people,MA Ashraf,65d39793
info,registry,people,NGB Cook,772fe461
info,registry,people,RE Levi,18c78b11
info,registry,people,RJ Gleeson,402f8494
info,registry,people,RK Kleinveldt,7955eb15
info,registry,people,S Prasanna,f78e7113
info,registry,people,SC Gale,3df4cd05
info,registry,people,SP Crook,c4450a69
info,registry,people,TM Head,12b610c2
info,registry,people,TT Bresnan,58043739
info,registry,people,WMH Rhodes,f54dbda7
