match_id,season,start_date,venue,innings,ball,batting_team,bowling_team,striker,non_striker,bowler,runs_off_bat,extras,wides,noballs,byes,legbyes,penalty,wicket_type,player_dismissed,other_wicket_type,other_player_dismissed
947311,2016,2016-07-22,The Rose Bowl,1,0.1,Middlesex,Hampshire,PR Stirling,DJ Malan,R McLaren,1,0,,,,,,,,,
947311,2016,2016-07-22,The Rose Bowl,1,0.2,Middlesex,Hampshire,DJ Malan,PR Stirling,R McLaren,0,0,,,,,,,,,
947311,2016,2016-07-22,The Rose Bowl,1,0.3,Middlesex,Hampshire,DJ Malan,PR Stirling,R McLaren,0,5,,,,5,,,,,
947311,2016,2016-07-22,The Rose Bowl,1,0.4,Middlesex,Hampshire,PR Stirling,DJ Malan,R McLaren,0,0,,,,,,,,,
947311,2016,2016-07-22,The Rose Bowl,1,0.5,Middlesex,Hampshire,PR Stirling,DJ Malan,R McLaren,4,0,,,,,,,,,
947311,2016,2016-07-22,The Rose Bowl,1,0.6,Middlesex,Hampshire,PR Stirling,DJ Malan,R McLaren,2,0,,,,,,,,,
947311,2016,2016-07-22,The Rose Bowl,1,1.1,Middlesex,Hampshire,DJ Malan,PR Stirling,BTJ Wheal,0,0,,,,,,,,,
947311,2016,2016-07-22,The Rose Bowl,1,1.2,Middlesex,Hampshire,DJ Malan,PR Stirling,BTJ Wheal,0,1,1,,,,,,,,
947311,2016,2016-07-22,The Rose Bowl,1,1.3,Middlesex,Hampshire,DJ Malan,PR Stirling,BTJ Wheal,1,0,,,,,,,,,
947311,2016,2016-07-22,The Rose Bowl,1,1.4,Middlesex,Hampshire,PR Stirling,DJ Malan,BTJ Wheal,0,0,,,,,,,,,
947311,2016,2016-07-22,The Rose Bowl,1,1.5,Middlesex,Hampshire,PR Stirling,DJ Malan,BTJ Wheal,1,0,,,,,,,,,
947311,2016,2016-07-22,The Rose Bowl,1,1.6,Middlesex,Hampshire,DJ Malan,PR Stirling,BTJ Wheal,4,0,,,,,,,,,
947311,2016,2016-07-22,The Rose Bowl,1,1.7,Middlesex,Hampshire,DJ Malan,PR Stirling,BTJ Wheal,1,0,,,,,,,,,
947311,2016,2016-07-22,The Rose Bowl,1,2.1,Middlesex,Hampshire,DJ Malan,PR Stirling,GT Griffiths,1,0,,,,,,,,,
947311,2016,2016-07-22,The Rose Bowl,1,2.2,Middlesex,Hampshire,PR Stirling,DJ Malan,GT Griffiths,0,0,,,,,,,,,
947311,2016,2016-07-22,The Rose Bowl,1,2.3,Middlesex,Hampshire,PR Stirling,DJ Malan,GT Griffiths,1,0,,,,,,,,,
947311,2016,2016-07-22,The Rose Bowl,1,2.4,Middlesex,Hampshire,DJ Malan,PR Stirling,GT Griffiths,0,0,,,,,,,,,
947311,2016,2016-07-22,The Rose Bowl,1,2.5,Middlesex,Hampshire,DJ Malan,PR Stirling,GT Griffiths,4,0,,,,,,,,,
947311,2016,2016-07-22,The Rose Bowl,1,2.6,Middlesex,Hampshire,DJ Malan,PR Stirling,GT Griffiths,0,0,,,,,,,,,
947311,2016,2016-07-22,The Rose Bowl,1,3.1,Middlesex,Hampshire,PR Stirling,DJ Malan,R McLaren,1,0,,,,,,,,,
947311,2016,2016-07-22,The Rose Bowl,1,3.2,Middlesex,Hampshire,DJ Malan,PR Stirling,R McLaren,0,0,,,,,,caught and bowled,DJ Malan,,
947311,2016,2016-07-22,The Rose Bowl,1,3.3,Middlesex,Hampshire,EJG Morgan,PR Stirling,R McLaren,0,0,,,,,,,,,
947311,2016,2016-07-22,The Rose Bowl,1,3.4,Middlesex,Hampshire,EJG Morgan,PR Stirling,R McLaren,1,0,,,,,,,,,
947311,2016,2016-07-22,The Rose Bowl,1,3.5,Middlesex,Hampshire,PR Stirling,EJG Morgan,R McLaren,1,0,,,,,,,,,
947311,2016,2016-07-22,The Rose Bowl,1,3.6,Middlesex,Hampshire,EJG Morgan,PR Stirling,R McLaren,1,0,,,,,,,,,
947311,2016,2016-07-22,The Rose Bowl,1,4.1,Middlesex,Hampshire,EJG Morgan,PR Stirling,GT Griffiths,0,0,,,,,,,,,
947311,2016,2016-07-22,The Rose Bowl,1,4.2,Middlesex,Hampshire,EJG Morgan,PR Stirling,GT Griffiths,0,0,,,,,,caught,EJG Morgan,,
947311,2016,2016-07-22,The Rose Bowl,1,4.3,Middlesex,Hampshire,GJ Bailey,PR Stirling,GT Griffiths,0,0,,,,,,,,,
947311,2016,2016-07-22,The Rose Bowl,1,4.4,Middlesex,Hampshire,GJ Bailey,PR Stirling,GT Griffiths,0,0,,,,,,,,,
947311,2016,2016-07-22,The Rose Bowl,1,4.5,Middlesex,Hampshire,GJ Bailey,PR Stirling,GT Griffiths,0,0,,,,,,,,,
947311,2016,2016-07-22,The Rose Bowl,1,4.6,Middlesex,Hampshire,GJ Bailey,PR Stirling,GT Griffiths,2,0,,,,,,,,,
947311,2016,2016-07-22,The Rose Bowl,1,5.1,Middlesex,Hampshire,PR Stirling,GJ Bailey,BTJ Wheal,1,0,,,,,,,,,
947311,2016,2016-07-22,The Rose Bowl,1,5.2,Middlesex,Hampshire,GJ Bailey,PR Stirling,BTJ Wheal,1,0,,,,,,,,,
947311,2016,2016-07-22,The Rose Bowl,1,5.3,Middlesex,Hampshire,PR Stirling,GJ Bailey,BTJ Wheal,0,0,,,,,,,,,
947311,2016,2016-07-22,The Rose Bowl,1,5.4,Middlesex,Hampshire,PR Stirling,GJ Bailey,BTJ Wheal,0,0,,,,,,,,,
947311,2016,2016-07-22,The Rose Bowl,1,5.5,Middlesex,Hampshire,PR Stirling,GJ Bailey,BTJ Wheal,6,0,,,,,,,,,
947311,2016,2016-07-22,The Rose Bowl,1,5.6,Middlesex,Hampshire,PR Stirling,GJ Bailey,BTJ Wheal,0,0,,,,,,bowled,PR Stirling,,
947311,2016,2016-07-22,The Rose Bowl,1,6.1,Middlesex,Hampshire,GJ Bailey,JA Simpson,Shahid Afridi,1,0,,,,,,,,,
947311,2016,2016-07-22,The Rose Bowl,1,6.2,Middlesex,Hampshire,JA Simpson,GJ Bailey,Shahid Afridi,0,0,,,,,,,,,
947311,2016,2016-07-22,The Rose Bowl,1,6.3,Middlesex,Hampshire,JA Simpson,GJ Bailey,Shahid Afridi,0,0,,,,,,,,,
947311,2016,2016-07-22,The Rose Bowl,1,6.4,Middlesex,Hampshire,JA Simpson,GJ Bailey,Shahid Afridi,0,1,,,,1,,,,,
947311,2016,2016-07-22,The Rose Bowl,1,6.5,Middlesex,Hampshire,GJ Bailey,JA Simpson,Shahid Afridi,1,0,,,,,,,,,
947311,2016,2016-07-22,The Rose Bowl,1,6.6,Middlesex,Hampshire,JA Simpson,GJ Bailey,Shahid Afridi,1,0,,,,,,,,,
947311,2016,2016-07-22,The Rose Bowl,1,7.1,Middlesex,Hampshire,JA Simpson,GJ Bailey,LA Dawson,1,0,,,,,,,,,
947311,2016,2016-07-22,The Rose Bowl,1,7.2,Middlesex,Hampshire,GJ Bailey,JA Simpson,LA Dawson,0,0,,,,,,,,,
947311,2016,2016-07-22,The Rose Bowl,1,7.3,Middlesex,Hampshire,GJ Bailey,JA Simpson,LA Dawson,4,0,,,,,,,,,
947311,2016,2016-07-22,The Rose Bowl,1,7.4,Middlesex,Hampshire,GJ Bailey,JA Simpson,LA Dawson,0,0,,,,,,,,,
947311,2016,2016-07-22,The Rose Bowl,1,7.5,Middlesex,Hampshire,GJ Bailey,JA Simpson,LA Dawson,1,0,,,,,,,,,
947311,2016,2016-07-22,The Rose Bowl,1,7.6,Middlesex,Hampshire,JA Simpson,GJ Bailey,LA Dawson,1,0,,,,,,,,,
947311,2016,2016-07-22,The Rose Bowl,1,8.1,Middlesex,Hampshire,JA Simpson,GJ Bailey,Shahid Afridi,4,0,,,,,,,,,
947311,2016,2016-07-22,The Rose Bowl,1,8.2,Middlesex,Hampshire,JA Simpson,GJ Bailey,Shahid Afridi,0,0,,,,,,,,,
947311,2016,2016-07-22,The Rose Bowl,1,8.3,Middlesex,Hampshire,JA Simpson,GJ Bailey,Shahid Afridi,1,0,,,,,,,,,
947311,2016,2016-07-22,The Rose Bowl,1,8.4,Middlesex,Hampshire,GJ Bailey,JA Simpson,Shahid Afridi,0,0,,,,,,,,,
947311,2016,2016-07-22,The Rose Bowl,1,8.5,Middlesex,Hampshire,GJ Bailey,JA Simpson,Shahid Afridi,1,0,,,,,,,,,
947311,2016,2016-07-22,The Rose Bowl,1,8.6,Middlesex,Hampshire,JA Simpson,GJ Bailey,Shahid Afridi,0,0,,,,,,,,,
947311,2016,2016-07-22,The Rose Bowl,1,9.1,Middlesex,Hampshire,GJ Bailey,JA Simpson,LA Dawson,2,0,,,,,,,,,
947311,2016,2016-07-22,The Rose Bowl,1,9.2,Middlesex,Hampshire,GJ Bailey,JA Simpson,LA Dawson,0,0,,,,,,,,,
947311,2016,2016-07-22,The Rose Bowl,1,9.3,Middlesex,Hampshire,GJ Bailey,JA Simpson,LA Dawson,0,1,,,,1,,,,,
947311,2016,2016-07-22,The Rose Bowl,1,9.4,Middlesex,Hampshire,JA Simpson,GJ Bailey,LA Dawson,0,0,,,,,,,,,
947311,2016,2016-07-22,The Rose Bowl,1,9.5,Middlesex,Hampshire,JA Simpson,GJ Bailey,LA Dawson,2,0,,,,,,,,,
947311,2016,2016-07-22,The Rose Bowl,1,9.6,Middlesex,Hampshire,JA Simpson,GJ Bailey,LA Dawson,6,0,,,,,,,,,
947311,2016,2016-07-22,The Rose Bowl,1,10.1,Middlesex,Hampshire,GJ Bailey,JA Simpson,Shahid Afridi,2,0,,,,,,,,,
947311,2016,2016-07-22,The Rose Bowl,1,10.2,Middlesex,Hampshire,GJ Bailey,JA Simpson,Shahid Afridi,0,0,,,,,,,,,
947311,2016,2016-07-22,The Rose Bowl,1,10.3,Middlesex,Hampshire,GJ Bailey,JA Simpson,Shahid Afridi,0,0,,,,,,,,,
947311,2016,2016-07-22,The Rose Bowl,1,10.4,Middlesex,Hampshire,GJ Bailey,JA Simpson,Shahid Afridi,0,0,,,,,,,,,
947311,2016,2016-07-22,The Rose Bowl,1,10.5,Middlesex,Hampshire,GJ Bailey,JA Simpson,Shahid Afridi,4,0,,,,,,,,,
947311,2016,2016-07-22,The Rose Bowl,1,10.6,Middlesex,Hampshire,GJ Bailey,JA Simpson,Shahid Afridi,2,0,,,,,,,,,
947311,2016,2016-07-22,The Rose Bowl,1,11.1,Middlesex,Hampshire,JA Simpson,GJ Bailey,BJ Taylor,1,0,,,,,,,,,
947311,2016,2016-07-22,The Rose Bowl,1,11.2,Middlesex,Hampshire,GJ Bailey,JA Simpson,BJ Taylor,1,0,,,,,,,,,
947311,2016,2016-07-22,The Rose Bowl,1,11.3,Middlesex,Hampshire,JA Simpson,GJ Bailey,BJ Taylor,1,0,,,,,,,,,
947311,2016,2016-07-22,The Rose Bowl,1,11.4,Middlesex,Hampshire,GJ Bailey,JA Simpson,BJ Taylor,1,0,,,,,,,,,
947311,2016,2016-07-22,The Rose Bowl,1,11.5,Middlesex,Hampshire,JA Simpson,GJ Bailey,BJ Taylor,1,0,,,,,,,,,
947311,2016,2016-07-22,The Rose Bowl,1,11.6,Middlesex,Hampshire,GJ Bailey,JA Simpson,BJ Taylor,1,0,,,,,,,,,
947311,2016,2016-07-22,The Rose Bowl,1,12.1,Middlesex,Hampshire,GJ Bailey,JA Simpson,LA Dawson,1,0,,,,,,,,,
947311,2016,2016-07-22,The Rose Bowl,1,12.2,Middlesex,Hampshire,JA Simpson,GJ Bailey,LA Dawson,0,0,,,,,,,,,
947311,2016,2016-07-22,The Rose Bowl,1,12.3,Middlesex,Hampshire,JA Simpson,GJ Bailey,LA Dawson,0,1,,,,1,,,,,
947311,2016,2016-07-22,The Rose Bowl,1,12.4,Middlesex,Hampshire,GJ Bailey,JA Simpson,LA Dawson,1,0,,,,,,,,,
947311,2016,2016-07-22,The Rose Bowl,1,12.5,Middlesex,Hampshire,JA Simpson,GJ Bailey,LA Dawson,0,0,,,,,,,,,
947311,2016,2016-07-22,The Rose Bowl,1,12.6,Middlesex,Hampshire,JA Simpson,GJ Bailey,LA Dawson,1,0,,,,,,,,,
947311,2016,2016-07-22,The Rose Bowl,1,13.1,Middlesex,Hampshire,JA Simpson,GJ Bailey,Shahid Afridi,1,0,,,,,,,,,
947311,2016,2016-07-22,The Rose Bowl,1,13.2,Middlesex,Hampshire,GJ Bailey,JA Simpson,Shahid Afridi,1,0,,,,,,,,,
947311,2016,2016-07-22,The Rose Bowl,1,13.3,Middlesex,Hampshire,JA Simpson,GJ Bailey,Shahid Afridi,0,1,1,,,,,,,,
947311,2016,2016-07-22,The Rose Bowl,1,13.4,Middlesex,Hampshire,JA Simpson,GJ Bailey,Shahid Afridi,2,0,,,,,,,,,
947311,2016,2016-07-22,The Rose Bowl,1,13.5,Middlesex,Hampshire,JA Simpson,GJ Bailey,Shahid Afridi,4,0,,,,,,,,,
947311,2016,2016-07-22,The Rose Bowl,1,13.6,Middlesex,Hampshire,JA Simpson,GJ Bailey,Shahid Afridi,1,0,,,,,,,,,
947311,2016,2016-07-22,The Rose Bowl,1,13.7,Middlesex,Hampshire,GJ Bailey,JA Simpson,Shahid Afridi,1,0,,,,,,,,,
947311,2016,2016-07-22,The Rose Bowl,1,14.1,Middlesex,Hampshire,GJ Bailey,JA Simpson,R McLaren,1,0,,,,,,,,,
947311,2016,2016-07-22,The Rose Bowl,1,14.2,Middlesex,Hampshire,JA Simpson,GJ Bailey,R McLaren,1,0,,,,,,,,,
947311,2016,2016-07-22,The Rose Bowl,1,14.3,Middlesex,Hampshire,GJ Bailey,JA Simpson,R McLaren,4,0,,,,,,,,,
947311,2016,2016-07-22,The Rose Bowl,1,14.4,Middlesex,Hampshire,GJ Bailey,JA Simpson,R McLaren,1,0,,,,,,,,,
947311,2016,2016-07-22,The Rose Bowl,1,14.5,Middlesex,Hampshire,JA Simpson,GJ Bailey,R McLaren,6,0,,,,,,,,,
947311,2016,2016-07-22,The Rose Bowl,1,14.6,Middlesex,Hampshire,JA Simpson,GJ Bailey,R McLaren,1,0,,,,,,,,,
947311,2016,2016-07-22,The Rose Bowl,1,15.1,Middlesex,Hampshire,JA Simpson,GJ Bailey,LA Dawson,1,0,,,,,,,,,
947311,2016,2016-07-22,The Rose Bowl,1,15.2,Middlesex,Hampshire,GJ Bailey,JA Simpson,LA Dawson,1,0,,,,,,,,,
947311,2016,2016-07-22,The Rose Bowl,1,15.3,Middlesex,Hampshire,JA Simpson,GJ Bailey,LA Dawson,6,0,,,,,,,,,
947311,2016,2016-07-22,The Rose Bowl,1,15.4,Middlesex,Hampshire,JA Simpson,GJ Bailey,LA Dawson,2,0,,,,,,,,,
947311,2016,2016-07-22,The Rose Bowl,1,15.5,Middlesex,Hampshire,JA Simpson,GJ Bailey,LA Dawson,1,0,,,,,,,,,
947311,2016,2016-07-22,The Rose Bowl,1,15.6,Middlesex,Hampshire,GJ Bailey,JA Simpson,LA Dawson,1,0,,,,,,,,,
947311,2016,2016-07-22,The Rose Bowl,1,16.1,Middlesex,Hampshire,GJ Bailey,JA Simpson,GT Griffiths,4,0,,,,,,,,,
947311,2016,2016-07-22,The Rose Bowl,1,16.2,Middlesex,Hampshire,GJ Bailey,JA Simpson,GT Griffiths,2,0,,,,,,,,,
947311,2016,2016-07-22,The Rose Bowl,1,16.3,Middlesex,Hampshire,GJ Bailey,JA Simpson,GT Griffiths,4,0,,,,,,,,,
947311,2016,2016-07-22,The Rose Bowl,1,16.4,Middlesex,Hampshire,GJ Bailey,JA Simpson,GT Griffiths,4,0,,,,,,,,,
947311,2016,2016-07-22,The Rose Bowl,1,16.5,Middlesex,Hampshire,GJ Bailey,JA Simpson,GT Griffiths,4,0,,,,,,,,,
947311,2016,2016-07-22,The Rose Bowl,1,16.6,Middlesex,Hampshire,GJ Bailey,JA Simpson,GT Griffiths,0,1,1,,,,,,,,
947311,2016,2016-07-22,The Rose Bowl,1,16.7,Middlesex,Hampshire,GJ Bailey,JA Simpson,GT Griffiths,1,0,,,,,,,,,
947311,2016,2016-07-22,The Rose Bowl,1,17.1,Middlesex,Hampshire,GJ Bailey,JA Simpson,BTJ Wheal,3,0,,,,,,,,,
947311,2016,2016-07-22,The Rose Bowl,1,17.2,Middlesex,Hampshire,JA Simpson,GJ Bailey,BTJ Wheal,4,0,,,,,,,,,
947311,2016,2016-07-22,The Rose Bowl,1,17.3,Middlesex,Hampshire,JA Simpson,GJ Bailey,BTJ Wheal,4,0,,,,,,,,,
947311,2016,2016-07-22,The Rose Bowl,1,17.4,Middlesex,Hampshire,JA Simpson,GJ Bailey,BTJ Wheal,0,0,,,,,,caught,JA Simpson,,
947311,2016,2016-07-22,The Rose Bowl,1,17.5,Middlesex,Hampshire,GJ Bailey,JEC Franklin,BTJ Wheal,1,0,,,,,,,,,
947311,2016,2016-07-22,The Rose Bowl,1,17.6,Middlesex,Hampshire,JEC Franklin,GJ Bailey,BTJ Wheal,1,0,,,,,,,,,
947311,2016,2016-07-22,The Rose Bowl,1,18.1,Middlesex,Hampshire,JEC Franklin,GJ Bailey,R McLaren,0,0,,,,,,bowled,JEC Franklin,,
947311,2016,2016-07-22,The Rose Bowl,1,18.2,Middlesex,Hampshire,TS Roland-Jones,GJ Bailey,R McLaren,0,1,1,,,,,,,,
947311,2016,2016-07-22,The Rose Bowl,1,18.3,Middlesex,Hampshire,TS Roland-Jones,GJ Bailey,R McLaren,1,0,,,,,,,,,
947311,2016,2016-07-22,The Rose Bowl,1,18.4,Middlesex,Hampshire,GJ Bailey,TS Roland-Jones,R McLaren,4,0,,,,,,,,,
947311,2016,2016-07-22,The Rose Bowl,1,18.5,Middlesex,Hampshire,GJ Bailey,TS Roland-Jones,R McLaren,1,0,,,,,,,,,
947311,2016,2016-07-22,The Rose Bowl,1,18.6,Middlesex,Hampshire,TS Roland-Jones,GJ Bailey,R McLaren,1,0,,,,,,,,,
947311,2016,2016-07-22,The Rose Bowl,1,18.7,Middlesex,Hampshire,GJ Bailey,TS Roland-Jones,R McLaren,2,0,,,,,,,,,
947311,2016,2016-07-22,The Rose Bowl,1,19.1,Middlesex,Hampshire,TS Roland-Jones,GJ Bailey,BTJ Wheal,4,0,,,,,,,,,
947311,2016,2016-07-22,The Rose Bowl,1,19.2,Middlesex,Hampshire,TS Roland-Jones,GJ Bailey,BTJ Wheal,0,1,,,,1,,,,,
947311,2016,2016-07-22,The Rose Bowl,1,19.3,Middlesex,Hampshire,GJ Bailey,TS Roland-Jones,BTJ Wheal,4,0,,,,,,,,,
947311,2016,2016-07-22,The Rose Bowl,1,19.4,Middlesex,Hampshire,GJ Bailey,TS Roland-Jones,BTJ Wheal,4,0,,,,,,,,,
947311,2016,2016-07-22,The Rose Bowl,1,19.5,Middlesex,Hampshire,GJ Bailey,TS Roland-Jones,BTJ Wheal,2,0,,,,,,,,,
947311,2016,2016-07-22,The Rose Bowl,1,19.6,Middlesex,Hampshire,GJ Bailey,TS Roland-Jones,BTJ Wheal,0,0,,,,,,caught,GJ Bailey,,
947311,2016,2016-07-22,The Rose Bowl,2,0.1,Hampshire,Middlesex,TP Alsop,AJA Wheater,TS Roland-Jones,1,0,,,,,,,,,
947311,2016,2016-07-22,The Rose Bowl,2,0.2,Hampshire,Middlesex,AJA Wheater,TP Alsop,TS Roland-Jones,0,0,,,,,,,,,
947311,2016,2016-07-22,The Rose Bowl,2,0.3,Hampshire,Middlesex,AJA Wheater,TP Alsop,TS Roland-Jones,1,0,,,,,,,,,
947311,2016,2016-07-22,The Rose Bowl,2,0.4,Hampshire,Middlesex,TP Alsop,AJA Wheater,TS Roland-Jones,1,0,,,,,,,,,
947311,2016,2016-07-22,The Rose Bowl,2,0.5,Hampshire,Middlesex,AJA Wheater,TP Alsop,TS Roland-Jones,0,0,,,,,,,,,
947311,2016,2016-07-22,The Rose Bowl,2,0.6,Hampshire,Middlesex,AJA Wheater,TP Alsop,TS Roland-Jones,0,0,,,,,,,,,
947311,2016,2016-07-22,The Rose Bowl,2,1.1,Hampshire,Middlesex,TP Alsop,AJA Wheater,ST Finn,4,0,,,,,,,,,
947311,2016,2016-07-22,The Rose Bowl,2,1.2,Hampshire,Middlesex,TP Alsop,AJA Wheater,ST Finn,0,0,,,,,,,,,
947311,2016,2016-07-22,The Rose Bowl,2,1.3,Hampshire,Middlesex,TP Alsop,AJA Wheater,ST Finn,1,0,,,,,,,,,
947311,2016,2016-07-22,The Rose Bowl,2,1.4,Hampshire,Middlesex,AJA Wheater,TP Alsop,ST Finn,0,0,,,,,,,,,
947311,2016,2016-07-22,The Rose Bowl,2,1.5,Hampshire,Middlesex,AJA Wheater,TP Alsop,ST Finn,1,0,,,,,,,,,
947311,2016,2016-07-22,The Rose Bowl,2,1.6,Hampshire,Middlesex,TP Alsop,AJA Wheater,ST Finn,0,0,,,,,,,,,
947311,2016,2016-07-22,The Rose Bowl,2,2.1,Hampshire,Middlesex,AJA Wheater,TP Alsop,TS Roland-Jones,1,0,,,,,,,,,
947311,2016,2016-07-22,The Rose Bowl,2,2.2,Hampshire,Middlesex,TP Alsop,AJA Wheater,TS Roland-Jones,1,0,,,,,,,,,
947311,2016,2016-07-22,The Rose Bowl,2,2.3,Hampshire,Middlesex,AJA Wheater,TP Alsop,TS Roland-Jones,0,0,,,,,,,,,
947311,2016,2016-07-22,The Rose Bowl,2,2.4,Hampshire,Middlesex,AJA Wheater,TP Alsop,TS Roland-Jones,1,0,,,,,,,,,
947311,2016,2016-07-22,The Rose Bowl,2,2.5,Hampshire,Middlesex,TP Alsop,AJA Wheater,TS Roland-Jones,1,0,,,,,,,,,
947311,2016,2016-07-22,The Rose Bowl,2,2.6,Hampshire,Middlesex,AJA Wheater,TP Alsop,TS Roland-Jones,1,0,,,,,,,,,
947311,2016,2016-07-22,The Rose Bowl,2,3.1,Hampshire,Middlesex,AJA Wheater,TP Alsop,JK Fuller,0,0,,,,,,,,,
947311,2016,2016-07-22,The Rose Bowl,2,3.2,Hampshire,Middlesex,AJA Wheater,TP Alsop,JK Fuller,0,0,,,,,,caught,AJA Wheater,,
947311,2016,2016-07-22,The Rose Bowl,2,3.3,Hampshire,Middlesex,TP Alsop,SM Ervine,JK Fuller,1,0,,,,,,,,,
947311,2016,2016-07-22,The Rose Bowl,2,3.4,Hampshire,Middlesex,SM Ervine,TP Alsop,JK Fuller,1,0,,,,,,,,,
947311,2016,2016-07-22,The Rose Bowl,2,3.5,Hampshire,Middlesex,TP Alsop,SM Ervine,JK Fuller,0,0,,,,,,,,,
947311,2016,2016-07-22,The Rose Bowl,2,3.6,Hampshire,Middlesex,TP Alsop,SM Ervine,JK Fuller,0,0,,,,,,caught,TP Alsop,,
947311,2016,2016-07-22,The Rose Bowl,2,4.1,Hampshire,Middlesex,LA Dawson,SM Ervine,ST Finn,0,1,,,,1,,,,,
947311,2016,2016-07-22,The Rose Bowl,2,4.2,Hampshire,Middlesex,SM Ervine,LA Dawson,ST Finn,0,0,,,,,,,,,
947311,2016,2016-07-22,The Rose Bowl,2,4.3,Hampshire,Middlesex,SM Ervine,LA Dawson,ST Finn,0,0,,,,,,,,,
947311,2016,2016-07-22,The Rose Bowl,2,4.4,Hampshire,Middlesex,SM Ervine,LA Dawson,ST Finn,1,0,,,,,,,,,
947311,2016,2016-07-22,The Rose Bowl,2,4.5,Hampshire,Middlesex,LA Dawson,SM Ervine,ST Finn,2,0,,,,,,,,,
947311,2016,2016-07-22,The Rose Bowl,2,4.6,Hampshire,Middlesex,LA Dawson,SM Ervine,ST Finn,1,0,,,,,,,,,
947311,2016,2016-07-22,The Rose Bowl,2,5.1,Hampshire,Middlesex,LA Dawson,SM Ervine,JK Fuller,4,0,,,,,,,,,
947311,2016,2016-07-22,The Rose Bowl,2,5.2,Hampshire,Middlesex,LA Dawson,SM Ervine,JK Fuller,1,0,,,,,,,,,
947311,2016,2016-07-22,The Rose Bowl,2,5.3,Hampshire,Middlesex,SM Ervine,LA Dawson,JK Fuller,0,0,,,,,,,,,
947311,2016,2016-07-22,The Rose Bowl,2,5.4,Hampshire,Middlesex,SM Ervine,LA Dawson,JK Fuller,0,0,,,,,,,,,
947311,2016,2016-07-22,The Rose Bowl,2,5.5,Hampshire,Middlesex,SM Ervine,LA Dawson,JK Fuller,1,0,,,,,,,,,
947311,2016,2016-07-22,The Rose Bowl,2,5.6,Hampshire,Middlesex,LA Dawson,SM Ervine,JK Fuller,1,0,,,,,,,,,
947311,2016,2016-07-22,The Rose Bowl,2,6.1,Hampshire,Middlesex,LA Dawson,SM Ervine,NA Sowter,0,0,,,,,,,,,
947311,2016,2016-07-22,The Rose Bowl,2,6.2,Hampshire,Middlesex,LA Dawson,SM Ervine,NA Sowter,1,0,,,,,,,,,
947311,2016,2016-07-22,The Rose Bowl,2,6.3,Hampshire,Middlesex,SM Ervine,LA Dawson,NA Sowter,0,0,,,,,,,,,
947311,2016,2016-07-22,The Rose Bowl,2,6.4,Hampshire,Middlesex,SM Ervine,LA Dawson,NA Sowter,2,0,,,,,,,,,
947311,2016,2016-07-22,The Rose Bowl,2,6.5,Hampshire,Middlesex,SM Ervine,LA Dawson,NA Sowter,1,0,,,,,,,,,
947311,2016,2016-07-22,The Rose Bowl,2,6.6,Hampshire,Middlesex,LA Dawson,SM Ervine,NA Sowter,2,0,,,,,,,,,
947311,2016,2016-07-22,The Rose Bowl,2,7.1,Hampshire,Middlesex,SM Ervine,LA Dawson,PR Stirling,6,0,,,,,,,,,
947311,2016,2016-07-22,The Rose Bowl,2,7.2,Hampshire,Middlesex,SM Ervine,LA Dawson,PR Stirling,1,0,,,,,,,,,
947311,2016,2016-07-22,The Rose Bowl,2,7.3,Hampshire,Middlesex,LA Dawson,SM Ervine,PR Stirling,1,0,,,,,,,,,
947311,2016,2016-07-22,The Rose Bowl,2,7.4,Hampshire,Middlesex,SM Ervine,LA Dawson,PR Stirling,1,0,,,,,,,,,
947311,2016,2016-07-22,The Rose Bowl,2,7.5,Hampshire,Middlesex,LA Dawson,SM Ervine,PR Stirling,1,0,,,,,,,,,
947311,2016,2016-07-22,The Rose Bowl,2,7.6,Hampshire,Middlesex,SM Ervine,LA Dawson,PR Stirling,4,0,,,,,,,,,
947311,2016,2016-07-22,The Rose Bowl,2,8.1,Hampshire,Middlesex,LA Dawson,SM Ervine,NA Sowter,1,0,,,,,,,,,
947311,2016,2016-07-22,The Rose Bowl,2,8.2,Hampshire,Middlesex,SM Ervine,LA Dawson,NA Sowter,0,0,,,,,,,,,
947311,2016,2016-07-22,The Rose Bowl,2,8.3,Hampshire,Middlesex,SM Ervine,LA Dawson,NA Sowter,0,1,1,,,,,,,,
947311,2016,2016-07-22,The Rose Bowl,2,8.4,Hampshire,Middlesex,SM Ervine,LA Dawson,NA Sowter,4,0,,,,,,,,,
947311,2016,2016-07-22,The Rose Bowl,2,8.5,Hampshire,Middlesex,SM Ervine,LA Dawson,NA Sowter,4,0,,,,,,,,,
947311,2016,2016-07-22,The Rose Bowl,2,8.6,Hampshire,Middlesex,SM Ervine,LA Dawson,NA Sowter,1,0,,,,,,,,,
947311,2016,2016-07-22,The Rose Bowl,2,8.7,Hampshire,Middlesex,LA Dawson,SM Ervine,NA Sowter,1,0,,,,,,,,,
947311,2016,2016-07-22,The Rose Bowl,2,9.1,Hampshire,Middlesex,LA Dawson,SM Ervine,RF Higgins,0,0,,,,,,caught,LA Dawson,,
947311,2016,2016-07-22,The Rose Bowl,2,9.2,Hampshire,Middlesex,Shahid Afridi,SM Ervine,RF Higgins,1,0,,,,,,,,,
947311,2016,2016-07-22,The Rose Bowl,2,9.3,Hampshire,Middlesex,SM Ervine,Shahid Afridi,RF Higgins,1,0,,,,,,,,,
947311,2016,2016-07-22,The Rose Bowl,2,9.4,Hampshire,Middlesex,Shahid Afridi,SM Ervine,RF Higgins,0,0,,,,,,,,,
947311,2016,2016-07-22,The Rose Bowl,2,9.5,Hampshire,Middlesex,Shahid Afridi,SM Ervine,RF Higgins,1,0,,,,,,,,,
947311,2016,2016-07-22,The Rose Bowl,2,9.6,Hampshire,Middlesex,SM Ervine,Shahid Afridi,RF Higgins,4,0,,,,,,,,,
947311,2016,2016-07-22,The Rose Bowl,2,10.1,Hampshire,Middlesex,Shahid Afridi,SM Ervine,ST Finn,0,0,,,,,,,,,
947311,2016,2016-07-22,The Rose Bowl,2,10.2,Hampshire,Middlesex,Shahid Afridi,SM Ervine,ST Finn,4,0,,,,,,,,,
947311,2016,2016-07-22,The Rose Bowl,2,10.3,Hampshire,Middlesex,Shahid Afridi,SM Ervine,ST Finn,0,0,,,,,,caught,Shahid Afridi,,
947311,2016,2016-07-22,The Rose Bowl,2,10.4,Hampshire,Middlesex,SM Ervine,JJ Weatherley,ST Finn,0,0,,,,,,,,,
947311,2016,2016-07-22,The Rose Bowl,2,10.5,Hampshire,Middlesex,SM Ervine,JJ Weatherley,ST Finn,4,0,,,,,,,,,
947311,2016,2016-07-22,The Rose Bowl,2,10.6,Hampshire,Middlesex,SM Ervine,JJ Weatherley,ST Finn,0,0,,,,,,,,,
947311,2016,2016-07-22,The Rose Bowl,2,11.1,Hampshire,Middlesex,JJ Weatherley,SM Ervine,RF Higgins,1,0,,,,,,,,,
947311,2016,2016-07-22,The Rose Bowl,2,11.2,Hampshire,Middlesex,SM Ervine,JJ Weatherley,RF Higgins,0,0,,,,,,bowled,SM Ervine,,
947311,2016,2016-07-22,The Rose Bowl,2,11.3,Hampshire,Middlesex,R McLaren,JJ Weatherley,RF Higgins,0,0,,,,,,,,,
947311,2016,2016-07-22,The Rose Bowl,2,11.4,Hampshire,Middlesex,R McLaren,JJ Weatherley,RF Higgins,0,0,,,,,,,,,
947311,2016,2016-07-22,The Rose Bowl,2,11.5,Hampshire,Middlesex,R McLaren,JJ Weatherley,RF Higgins,1,0,,,,,,,,,
947311,2016,2016-07-22,The Rose Bowl,2,11.6,Hampshire,Middlesex,JJ Weatherley,R McLaren,RF Higgins,0,0,,,,,,,,,
947311,2016,2016-07-22,The Rose Bowl,2,12.1,Hampshire,Middlesex,R McLaren,JJ Weatherley,NA Sowter,2,0,,,,,,,,,
947311,2016,2016-07-22,The Rose Bowl,2,12.2,Hampshire,Middlesex,R McLaren,JJ Weatherley,NA Sowter,4,0,,,,,,,,,
947311,2016,2016-07-22,The Rose Bowl,2,12.3,Hampshire,Middlesex,R McLaren,JJ Weatherley,NA Sowter,1,0,,,,,,,,,
947311,2016,2016-07-22,The Rose Bowl,2,12.4,Hampshire,Middlesex,JJ Weatherley,R McLaren,NA Sowter,1,0,,,,,,,,,
947311,2016,2016-07-22,The Rose Bowl,2,12.5,Hampshire,Middlesex,R McLaren,JJ Weatherley,NA Sowter,0,0,,,,,,,,,
947311,2016,2016-07-22,The Rose Bowl,2,12.6,Hampshire,Middlesex,R McLaren,JJ Weatherley,NA Sowter,4,0,,,,,,,,,
947311,2016,2016-07-22,The Rose Bowl,2,13.1,Hampshire,Middlesex,JJ Weatherley,R McLaren,JK Fuller,0,0,,,,,,,,,
947311,2016,2016-07-22,The Rose Bowl,2,13.2,Hampshire,Middlesex,JJ Weatherley,R McLaren,JK Fuller,2,0,,,,,,,,,
947311,2016,2016-07-22,The Rose Bowl,2,13.3,Hampshire,Middlesex,JJ Weatherley,R McLaren,JK Fuller,1,0,,,,,,,,,
947311,2016,2016-07-22,The Rose Bowl,2,13.4,Hampshire,Middlesex,R McLaren,JJ Weatherley,JK Fuller,1,0,,,,,,,,,
947311,2016,2016-07-22,The Rose Bowl,2,13.5,Hampshire,Middlesex,JJ Weatherley,R McLaren,JK Fuller,4,0,,,,,,,,,
947311,2016,2016-07-22,The Rose Bowl,2,13.6,Hampshire,Middlesex,JJ Weatherley,R McLaren,JK Fuller,1,0,,,,,,,,,
947311,2016,2016-07-22,The Rose Bowl,2,14.1,Hampshire,Middlesex,JJ Weatherley,R McLaren,TS Roland-Jones,2,0,,,,,,,,,
947311,2016,2016-07-22,The Rose Bowl,2,14.2,Hampshire,Middlesex,JJ Weatherley,R McLaren,TS Roland-Jones,1,0,,,,,,,,,
947311,2016,2016-07-22,The Rose Bowl,2,14.3,Hampshire,Middlesex,R McLaren,JJ Weatherley,TS Roland-Jones,2,0,,,,,,,,,
947311,2016,2016-07-22,The Rose Bowl,2,14.4,Hampshire,Middlesex,R McLaren,JJ Weatherley,TS Roland-Jones,6,0,,,,,,,,,
947311,2016,2016-07-22,The Rose Bowl,2,14.5,Hampshire,Middlesex,R McLaren,JJ Weatherley,TS Roland-Jones,0,0,,,,,,,,,
947311,2016,2016-07-22,The Rose Bowl,2,14.6,Hampshire,Middlesex,R McLaren,JJ Weatherley,TS Roland-Jones,1,0,,,,,,,,,
947311,2016,2016-07-22,The Rose Bowl,2,15.1,Hampshire,Middlesex,R McLaren,JJ Weatherley,RF Higgins,1,0,,,,,,,,,
947311,2016,2016-07-22,The Rose Bowl,2,15.2,Hampshire,Middlesex,JJ Weatherley,R McLaren,RF Higgins,0,0,,,,,,caught,JJ Weatherley,,
947311,2016,2016-07-22,The Rose Bowl,2,15.3,Hampshire,Middlesex,R McLaren,LD McManus,RF Higgins,0,0,,,,,,caught,R McLaren,,
947311,2016,2016-07-22,The Rose Bowl,2,15.4,Hampshire,Middlesex,BJ Taylor,LD McManus,RF Higgins,1,0,,,,,,,,,
947311,2016,2016-07-22,The Rose Bowl,2,15.5,Hampshire,Middlesex,LD McManus,BJ Taylor,RF Higgins,1,0,,,,,,,,,
947311,2016,2016-07-22,The Rose Bowl,2,15.6,Hampshire,Middlesex,BJ Taylor,LD McManus,RF Higgins,1,0,,,,,,,,,
947311,2016,2016-07-22,The Rose Bowl,2,16.1,Hampshire,Middlesex,BJ Taylor,LD McManus,ST Finn,1,0,,,,,,,,,
947311,2016,2016-07-22,The Rose Bowl,2,16.2,Hampshire,Middlesex,LD McManus,BJ Taylor,ST Finn,0,0,,,,,,caught,LD McManus,,
947311,2016,2016-07-22,The Rose Bowl,2,16.3,Hampshire,Middlesex,BTJ Wheal,BJ Taylor,ST Finn,1,0,,,,,,,,,
947311,2016,2016-07-22,The Rose Bowl,2,16.4,Hampshire,Middlesex,BJ Taylor,BTJ Wheal,ST Finn,0,0,,,,,,,,,
947311,2016,2016-07-22,The Rose Bowl,2,16.5,Hampshire,Middlesex,BJ Taylor,BTJ Wheal,ST Finn,4,0,,,,,,,,,
947311,2016,2016-07-22,The Rose Bowl,2,16.6,Hampshire,Middlesex,BJ Taylor,BTJ Wheal,ST Finn,0,0,,,,,,,,,
947311,2016,2016-07-22,The Rose Bowl,2,17.1,Hampshire,Middlesex,BTJ Wheal,BJ Taylor,JK Fuller,0,1,1,,,,,,,,
947311,2016,2016-07-22,The Rose Bowl,2,17.2,Hampshire,Middlesex,BTJ Wheal,BJ Taylor,JK Fuller,4,0,,,,,,,,,
947311,2016,2016-07-22,The Rose Bowl,2,17.3,Hampshire,Middlesex,BTJ Wheal,BJ Taylor,JK Fuller,0,0,,,,,,,,,
947311,2016,2016-07-22,The Rose Bowl,2,17.4,Hampshire,Middlesex,BTJ Wheal,BJ Taylor,JK Fuller,1,0,,,,,,,,,
947311,2016,2016-07-22,The Rose Bowl,2,17.5,Hampshire,Middlesex,BJ Taylor,BTJ Wheal,JK Fuller,0,0,,,,,,,,,
947311,2016,2016-07-22,The Rose Bowl,2,17.6,Hampshire,Middlesex,BJ Taylor,BTJ Wheal,JK Fuller,0,0,,,,,,caught,BJ Taylor,,
947311,2016,2016-07-22,The Rose Bowl,2,17.7,Hampshire,Middlesex,BTJ Wheal,GT Griffiths,JK Fuller,0,0,,,,,,,,,
947311,2016,2016-07-22,The Rose Bowl,2,18.1,Hampshire,Middlesex,GT Griffiths,BTJ Wheal,NA Sowter,1,0,,,,,,,,,
947311,2016,2016-07-22,The Rose Bowl,2,18.2,Hampshire,Middlesex,BTJ Wheal,GT Griffiths,NA Sowter,1,0,,,,,,,,,
947311,2016,2016-07-22,The Rose Bowl,2,18.3,Hampshire,Middlesex,GT Griffiths,BTJ Wheal,NA Sowter,1,0,,,,,,,,,
947311,2016,2016-07-22,The Rose Bowl,2,18.4,Hampshire,Middlesex,BTJ Wheal,GT Griffiths,NA Sowter,4,0,,,,,,,,,
947311,2016,2016-07-22,The Rose Bowl,2,18.5,Hampshire,Middlesex,BTJ Wheal,GT Griffiths,NA Sowter,4,0,,,,,,,,,
947311,2016,2016-07-22,The Rose Bowl,2,18.6,Hampshire,Middlesex,BTJ Wheal,GT Griffiths,NA Sowter,1,0,,,,,,,,,
947311,2016,2016-07-22,The Rose Bowl,2,19.1,Hampshire,Middlesex,BTJ Wheal,GT Griffiths,RF Higgins,0,0,,,,,,bowled,BTJ Wheal,,
