match_id,season,start_date,venue,innings,ball,batting_team,bowling_team,striker,non_striker,bowler,runs_off_bat,extras,wides,noballs,byes,legbyes,penalty,wicket_type,player_dismissed,other_wicket_type,other_player_dismissed
947333,2016,2016-07-29,Kennington Oval,1,0.1,Surrey,Kent,JJ Roy,AJ Finch,MT Coles,1,0,,,,,,,,,
947333,2016,2016-07-29,Kennington Oval,1,0.2,Surrey,Kent,AJ Finch,JJ Roy,MT Coles,0,0,,,,,,,,,
947333,2016,2016-07-29,Kennington Oval,1,0.3,Surrey,Kent,AJ Finch,JJ Roy,MT Coles,0,1,1,,,,,,,,
947333,2016,2016-07-29,Kennington Oval,1,0.4,Surrey,Kent,AJ Finch,JJ Roy,MT Coles,0,0,,,,,,,,,
947333,2016,2016-07-29,Kennington Oval,1,0.5,Surrey,Kent,AJ Finch,JJ Roy,MT Coles,0,0,,,,,,,,,
947333,2016,2016-07-29,Kennington Oval,1,0.6,Surrey,Kent,AJ Finch,JJ Roy,MT Coles,2,0,,,,,,,,,
947333,2016,2016-07-29,Kennington Oval,1,0.7,Surrey,Kent,AJ Finch,JJ Roy,MT Coles,4,0,,,,,,,,,
947333,2016,2016-07-29,Kennington Oval,1,1.1,Surrey,Kent,JJ Roy,AJ Finch,ME Claydon,0,0,,,,,,,,,
947333,2016,2016-07-29,Kennington Oval,1,1.2,Surrey,Kent,JJ Roy,AJ Finch,ME Claydon,1,0,,,,,,,,,
947333,2016,2016-07-29,Kennington Oval,1,1.3,Surrey,Kent,AJ Finch,JJ Roy,ME Claydon,1,0,,,,,,,,,
947333,2016,2016-07-29,Kennington Oval,1,1.4,Surrey,Kent,JJ Roy,AJ Finch,ME Claydon,1,0,,,,,,,,,
947333,2016,2016-07-29,Kennington Oval,1,1.5,Surrey,Kent,AJ Finch,JJ Roy,ME Claydon,1,0,,,,,,,,,
947333,2016,2016-07-29,Kennington Oval,1,1.6,Surrey,Kent,JJ Roy,AJ Finch,ME Claydon,0,1,,,,1,,,,,
947333,2016,2016-07-29,Kennington Oval,1,2.1,Surrey,Kent,JJ Roy,AJ Finch,DA Griffiths,1,0,,,,,,,,,
947333,2016,2016-07-29,Kennington Oval,1,2.2,Surrey,Kent,AJ Finch,JJ Roy,DA Griffiths,0,0,,,,,,,,,
947333,2016,2016-07-29,Kennington Oval,1,2.3,Surrey,Kent,AJ Finch,JJ Roy,DA Griffiths,4,0,,,,,,,,,
947333,2016,2016-07-29,Kennington Oval,1,2.4,Surrey,Kent,AJ Finch,JJ Roy,DA Griffiths,0,1,1,,,,,,,,
947333,2016,2016-07-29,Kennington Oval,1,2.5,Surrey,Kent,AJ Finch,JJ Roy,DA Griffiths,4,0,,,,,,,,,
947333,2016,2016-07-29,Kennington Oval,1,2.6,Surrey,Kent,AJ Finch,JJ Roy,DA Griffiths,1,0,,,,,,,,,
947333,2016,2016-07-29,Kennington Oval,1,2.7,Surrey,Kent,JJ Roy,AJ Finch,DA Griffiths,1,0,,,,,,,,,
947333,2016,2016-07-29,Kennington Oval,1,3.1,Surrey,Kent,JJ Roy,AJ Finch,ME Claydon,4,0,,,,,,,,,
947333,2016,2016-07-29,Kennington Oval,1,3.2,Surrey,Kent,JJ Roy,AJ Finch,ME Claydon,0,0,,,,,,,,,
947333,2016,2016-07-29,Kennington Oval,1,3.3,Surrey,Kent,JJ Roy,AJ Finch,ME Claydon,0,0,,,,,,,,,
947333,2016,2016-07-29,Kennington Oval,1,3.4,Surrey,Kent,JJ Roy,AJ Finch,ME Claydon,2,0,,,,,,,,,
947333,2016,2016-07-29,Kennington Oval,1,3.5,Surrey,Kent,JJ Roy,AJ Finch,ME Claydon,1,0,,,,,,,,,
947333,2016,2016-07-29,Kennington Oval,1,3.6,Surrey,Kent,AJ Finch,JJ Roy,ME Claydon,0,0,,,,,,,,,
947333,2016,2016-07-29,Kennington Oval,1,4.1,Surrey,Kent,JJ Roy,AJ Finch,MT Coles,0,0,,,,,,,,,
947333,2016,2016-07-29,Kennington Oval,1,4.2,Surrey,Kent,JJ Roy,AJ Finch,MT Coles,4,0,,,,,,,,,
947333,2016,2016-07-29,Kennington Oval,1,4.3,Surrey,Kent,JJ Roy,AJ Finch,MT Coles,0,1,1,,,,,,,,
947333,2016,2016-07-29,Kennington Oval,1,4.4,Surrey,Kent,JJ Roy,AJ Finch,MT Coles,4,0,,,,,,,,,
947333,2016,2016-07-29,Kennington Oval,1,4.5,Surrey,Kent,JJ Roy,AJ Finch,MT Coles,1,0,,,,,,,,,
947333,2016,2016-07-29,Kennington Oval,1,4.6,Surrey,Kent,AJ Finch,JJ Roy,MT Coles,1,0,,,,,,,,,
947333,2016,2016-07-29,Kennington Oval,1,4.7,Surrey,Kent,JJ Roy,AJ Finch,MT Coles,0,0,,,,,,,,,
947333,2016,2016-07-29,Kennington Oval,1,5.1,Surrey,Kent,AJ Finch,JJ Roy,DA Griffiths,1,0,,,,,,,,,
947333,2016,2016-07-29,Kennington Oval,1,5.2,Surrey,Kent,JJ Roy,AJ Finch,DA Griffiths,4,0,,,,,,,,,
947333,2016,2016-07-29,Kennington Oval,1,5.3,Surrey,Kent,JJ Roy,AJ Finch,DA Griffiths,4,0,,,,,,,,,
947333,2016,2016-07-29,Kennington Oval,1,5.4,Surrey,Kent,JJ Roy,AJ Finch,DA Griffiths,0,0,,,,,,,,,
947333,2016,2016-07-29,Kennington Oval,1,5.5,Surrey,Kent,JJ Roy,AJ Finch,DA Griffiths,4,0,,,,,,,,,
947333,2016,2016-07-29,Kennington Oval,1,5.6,Surrey,Kent,JJ Roy,AJ Finch,DA Griffiths,1,0,,,,,,,,,
947333,2016,2016-07-29,Kennington Oval,1,6.1,Surrey,Kent,JJ Roy,AJ Finch,WRS Gidman,1,0,,,,,,,,,
947333,2016,2016-07-29,Kennington Oval,1,6.2,Surrey,Kent,AJ Finch,JJ Roy,WRS Gidman,2,0,,,,,,,,,
947333,2016,2016-07-29,Kennington Oval,1,6.3,Surrey,Kent,AJ Finch,JJ Roy,WRS Gidman,2,0,,,,,,,,,
947333,2016,2016-07-29,Kennington Oval,1,6.4,Surrey,Kent,AJ Finch,JJ Roy,WRS Gidman,1,0,,,,,,,,,
947333,2016,2016-07-29,Kennington Oval,1,6.5,Surrey,Kent,JJ Roy,AJ Finch,WRS Gidman,4,0,,,,,,,,,
947333,2016,2016-07-29,Kennington Oval,1,6.6,Surrey,Kent,JJ Roy,AJ Finch,WRS Gidman,1,0,,,,,,,,,
947333,2016,2016-07-29,Kennington Oval,1,7.1,Surrey,Kent,JJ Roy,AJ Finch,JC Tredwell,6,0,,,,,,,,,
947333,2016,2016-07-29,Kennington Oval,1,7.2,Surrey,Kent,JJ Roy,AJ Finch,JC Tredwell,0,0,,,,,,,,,
947333,2016,2016-07-29,Kennington Oval,1,7.3,Surrey,Kent,JJ Roy,AJ Finch,JC Tredwell,1,0,,,,,,,,,
947333,2016,2016-07-29,Kennington Oval,1,7.4,Surrey,Kent,AJ Finch,JJ Roy,JC Tredwell,1,0,,,,,,,,,
947333,2016,2016-07-29,Kennington Oval,1,7.5,Surrey,Kent,JJ Roy,AJ Finch,JC Tredwell,6,0,,,,,,,,,
947333,2016,2016-07-29,Kennington Oval,1,7.6,Surrey,Kent,JJ Roy,AJ Finch,JC Tredwell,1,0,,,,,,,,,
947333,2016,2016-07-29,Kennington Oval,1,8.1,Surrey,Kent,JJ Roy,AJ Finch,MT Coles,6,0,,,,,,,,,
947333,2016,2016-07-29,Kennington Oval,1,8.2,Surrey,Kent,JJ Roy,AJ Finch,MT Coles,0,0,,,,,,,,,
947333,2016,2016-07-29,Kennington Oval,1,8.3,Surrey,Kent,JJ Roy,AJ Finch,MT Coles,1,0,,,,,,,,,
947333,2016,2016-07-29,Kennington Oval,1,8.4,Surrey,Kent,AJ Finch,JJ Roy,MT Coles,0,0,,,,,,,,,
947333,2016,2016-07-29,Kennington Oval,1,8.5,Surrey,Kent,AJ Finch,JJ Roy,MT Coles,0,0,,,,,,,,,
947333,2016,2016-07-29,Kennington Oval,1,8.6,Surrey,Kent,AJ Finch,JJ Roy,MT Coles,0,0,,,,,,,,,
947333,2016,2016-07-29,Kennington Oval,1,9.1,Surrey,Kent,JJ Roy,AJ Finch,DI Stevens,4,0,,,,,,,,,
947333,2016,2016-07-29,Kennington Oval,1,9.2,Surrey,Kent,JJ Roy,AJ Finch,DI Stevens,1,0,,,,,,,,,
947333,2016,2016-07-29,Kennington Oval,1,9.3,Surrey,Kent,AJ Finch,JJ Roy,DI Stevens,6,0,,,,,,,,,
947333,2016,2016-07-29,Kennington Oval,1,9.4,Surrey,Kent,AJ Finch,JJ Roy,DI Stevens,0,0,,,,,,,,,
947333,2016,2016-07-29,Kennington Oval,1,9.5,Surrey,Kent,AJ Finch,JJ Roy,DI Stevens,2,0,,,,,,,,,
947333,2016,2016-07-29,Kennington Oval,1,9.6,Surrey,Kent,AJ Finch,JJ Roy,DI Stevens,1,0,,,,,,,,,
947333,2016,2016-07-29,Kennington Oval,1,10.1,Surrey,Kent,AJ Finch,JJ Roy,WRS Gidman,1,0,,,,,,,,,
947333,2016,2016-07-29,Kennington Oval,1,10.2,Surrey,Kent,JJ Roy,AJ Finch,WRS Gidman,4,0,,,,,,,,,
947333,2016,2016-07-29,Kennington Oval,1,10.3,Surrey,Kent,JJ Roy,AJ Finch,WRS Gidman,1,0,,,,,,,,,
947333,2016,2016-07-29,Kennington Oval,1,10.4,Surrey,Kent,AJ Finch,JJ Roy,WRS Gidman,1,0,,,,,,,,,
947333,2016,2016-07-29,Kennington Oval,1,10.5,Surrey,Kent,JJ Roy,AJ Finch,WRS Gidman,4,0,,,,,,,,,
947333,2016,2016-07-29,Kennington Oval,1,10.6,Surrey,Kent,JJ Roy,AJ Finch,WRS Gidman,4,0,,,,,,,,,
947333,2016,2016-07-29,Kennington Oval,1,11.1,Surrey,Kent,AJ Finch,JJ Roy,JC Tredwell,0,0,,,,,,,,,
947333,2016,2016-07-29,Kennington Oval,1,11.2,Surrey,Kent,AJ Finch,JJ Roy,JC Tredwell,4,0,,,,,,,,,
947333,2016,2016-07-29,Kennington Oval,1,11.3,Surrey,Kent,AJ Finch,JJ Roy,JC Tredwell,1,0,,,,,,,,,
947333,2016,2016-07-29,Kennington Oval,1,11.4,Surrey,Kent,JJ Roy,AJ Finch,JC Tredwell,1,0,,,,,,,,,
947333,2016,2016-07-29,Kennington Oval,1,11.5,Surrey,Kent,AJ Finch,JJ Roy,JC Tredwell,2,0,,,,,,,,,
947333,2016,2016-07-29,Kennington Oval,1,11.6,Surrey,Kent,AJ Finch,JJ Roy,JC Tredwell,0,0,,,,,,,,,
947333,2016,2016-07-29,Kennington Oval,1,12.1,Surrey,Kent,JJ Roy,AJ Finch,WRS Gidman,2,0,,,,,,,,,
947333,2016,2016-07-29,Kennington Oval,1,12.2,Surrey,Kent,JJ Roy,AJ Finch,WRS Gidman,1,0,,,,,,,,,
947333,2016,2016-07-29,Kennington Oval,1,12.3,Surrey,Kent,AJ Finch,JJ Roy,WRS Gidman,1,0,,,,,,,,,
947333,2016,2016-07-29,Kennington Oval,1,12.4,Surrey,Kent,JJ Roy,AJ Finch,WRS Gidman,4,0,,,,,,,,,
947333,2016,2016-07-29,Kennington Oval,1,12.5,Surrey,Kent,JJ Roy,AJ Finch,WRS Gidman,2,0,,,,,,,,,
947333,2016,2016-07-29,Kennington Oval,1,12.6,Surrey,Kent,JJ Roy,AJ Finch,WRS Gidman,4,0,,,,,,,,,
947333,2016,2016-07-29,Kennington Oval,1,13.1,Surrey,Kent,AJ Finch,JJ Roy,JC Tredwell,1,0,,,,,,,,,
947333,2016,2016-07-29,Kennington Oval,1,13.2,Surrey,Kent,JJ Roy,AJ Finch,JC Tredwell,1,0,,,,,,,,,
947333,2016,2016-07-29,Kennington Oval,1,13.3,Surrey,Kent,AJ Finch,JJ Roy,JC Tredwell,0,0,,,,,,,,,
947333,2016,2016-07-29,Kennington Oval,1,13.4,Surrey,Kent,AJ Finch,JJ Roy,JC Tredwell,2,0,,,,,,,,,
947333,2016,2016-07-29,Kennington Oval,1,13.5,Surrey,Kent,AJ Finch,JJ Roy,JC Tredwell,0,0,,,,,,,,,
947333,2016,2016-07-29,Kennington Oval,1,13.6,Surrey,Kent,AJ Finch,JJ Roy,JC Tredwell,6,0,,,,,,,,,
947333,2016,2016-07-29,Kennington Oval,1,14.1,Surrey,Kent,JJ Roy,AJ Finch,MT Coles,1,0,,,,,,,,,
947333,2016,2016-07-29,Kennington Oval,1,14.2,Surrey,Kent,AJ Finch,JJ Roy,MT Coles,2,0,,,,,,,,,
947333,2016,2016-07-29,Kennington Oval,1,14.3,Surrey,Kent,AJ Finch,JJ Roy,MT Coles,1,0,,,,,,,,,
947333,2016,2016-07-29,Kennington Oval,1,14.4,Surrey,Kent,JJ Roy,AJ Finch,MT Coles,1,0,,,,,,,,,
947333,2016,2016-07-29,Kennington Oval,1,14.5,Surrey,Kent,AJ Finch,JJ Roy,MT Coles,2,0,,,,,,,,,
947333,2016,2016-07-29,Kennington Oval,1,14.6,Surrey,Kent,AJ Finch,JJ Roy,MT Coles,2,0,,,,,,,,,
947333,2016,2016-07-29,Kennington Oval,1,15.1,Surrey,Kent,JJ Roy,AJ Finch,WRS Gidman,1,0,,,,,,,,,
947333,2016,2016-07-29,Kennington Oval,1,15.2,Surrey,Kent,AJ Finch,JJ Roy,WRS Gidman,6,0,,,,,,,,,
947333,2016,2016-07-29,Kennington Oval,1,15.3,Surrey,Kent,AJ Finch,JJ Roy,WRS Gidman,1,0,,,,,,,,,
947333,2016,2016-07-29,Kennington Oval,1,15.4,Surrey,Kent,JJ Roy,AJ Finch,WRS Gidman,1,0,,,,,,,,,
947333,2016,2016-07-29,Kennington Oval,1,15.5,Surrey,Kent,AJ Finch,JJ Roy,WRS Gidman,6,0,,,,,,,,,
947333,2016,2016-07-29,Kennington Oval,1,15.6,Surrey,Kent,AJ Finch,JJ Roy,WRS Gidman,0,0,,,,,,,,,
947333,2016,2016-07-29,Kennington Oval,1,16.1,Surrey,Kent,JJ Roy,AJ Finch,DA Griffiths,4,0,,,,,,,,,
947333,2016,2016-07-29,Kennington Oval,1,16.2,Surrey,Kent,JJ Roy,AJ Finch,DA Griffiths,1,0,,,,,,,,,
947333,2016,2016-07-29,Kennington Oval,1,16.3,Surrey,Kent,AJ Finch,JJ Roy,DA Griffiths,1,0,,,,,,,,,
947333,2016,2016-07-29,Kennington Oval,1,16.4,Surrey,Kent,JJ Roy,AJ Finch,DA Griffiths,1,0,,,,,,,,,
947333,2016,2016-07-29,Kennington Oval,1,16.5,Surrey,Kent,AJ Finch,JJ Roy,DA Griffiths,4,0,,,,,,,,,
947333,2016,2016-07-29,Kennington Oval,1,16.6,Surrey,Kent,AJ Finch,JJ Roy,DA Griffiths,1,0,,,,,,,,,
947333,2016,2016-07-29,Kennington Oval,1,17.1,Surrey,Kent,AJ Finch,JJ Roy,ME Claydon,0,0,,,,,,,,,
947333,2016,2016-07-29,Kennington Oval,1,17.2,Surrey,Kent,AJ Finch,JJ Roy,ME Claydon,0,0,,,,,,caught,AJ Finch,,
947333,2016,2016-07-29,Kennington Oval,1,17.3,Surrey,Kent,JJ Roy,CH Morris,ME Claydon,1,0,,,,,,,,,
947333,2016,2016-07-29,Kennington Oval,1,17.4,Surrey,Kent,CH Morris,JJ Roy,ME Claydon,1,0,,,,,,,,,
947333,2016,2016-07-29,Kennington Oval,1,17.5,Surrey,Kent,JJ Roy,CH Morris,ME Claydon,1,0,,,,,,,,,
947333,2016,2016-07-29,Kennington Oval,1,17.6,Surrey,Kent,CH Morris,JJ Roy,ME Claydon,2,0,,,,,,,,,
947333,2016,2016-07-29,Kennington Oval,1,18.1,Surrey,Kent,JJ Roy,CH Morris,DA Griffiths,4,0,,,,,,,,,
947333,2016,2016-07-29,Kennington Oval,1,18.2,Surrey,Kent,JJ Roy,CH Morris,DA Griffiths,1,0,,,,,,,,,
947333,2016,2016-07-29,Kennington Oval,1,18.3,Surrey,Kent,CH Morris,JJ Roy,DA Griffiths,0,0,,,,,,bowled,CH Morris,,
947333,2016,2016-07-29,Kennington Oval,1,18.4,Surrey,Kent,TK Curran,JJ Roy,DA Griffiths,4,0,,,,,,,,,
947333,2016,2016-07-29,Kennington Oval,1,18.5,Surrey,Kent,TK Curran,JJ Roy,DA Griffiths,0,0,,,,,,bowled,TK Curran,,
947333,2016,2016-07-29,Kennington Oval,1,18.6,Surrey,Kent,SM Curran,JJ Roy,DA Griffiths,0,0,,,,,,,,,
947333,2016,2016-07-29,Kennington Oval,1,19.1,Surrey,Kent,JJ Roy,SM Curran,ME Claydon,2,0,,,,,,,,,
947333,2016,2016-07-29,Kennington Oval,1,19.2,Surrey,Kent,JJ Roy,SM Curran,ME Claydon,0,1,1,,,,,,,,
947333,2016,2016-07-29,Kennington Oval,1,19.3,Surrey,Kent,JJ Roy,SM Curran,ME Claydon,1,0,,,,,,,,,
947333,2016,2016-07-29,Kennington Oval,1,19.4,Surrey,Kent,SM Curran,JJ Roy,ME Claydon,1,0,,,,,,,,,
947333,2016,2016-07-29,Kennington Oval,1,19.5,Surrey,Kent,JJ Roy,SM Curran,ME Claydon,2,0,,,,,,,,,
947333,2016,2016-07-29,Kennington Oval,1,19.6,Surrey,Kent,JJ Roy,SM Curran,ME Claydon,2,0,,,,,,,,,
947333,2016,2016-07-29,Kennington Oval,1,19.7,Surrey,Kent,JJ Roy,SM Curran,ME Claydon,2,0,,,,,,run out,SM Curran,,
947333,2016,2016-07-29,Kennington Oval,2,0.1,Kent,Surrey,DJ Bell-Drummond,JL Denly,JW Dernbach,4,0,,,,,,,,,
947333,2016,2016-07-29,Kennington Oval,2,0.2,Kent,Surrey,DJ Bell-Drummond,JL Denly,JW Dernbach,0,0,,,,,,,,,
947333,2016,2016-07-29,Kennington Oval,2,0.3,Kent,Surrey,DJ Bell-Drummond,JL Denly,JW Dernbach,4,0,,,,,,,,,
947333,2016,2016-07-29,Kennington Oval,2,0.4,Kent,Surrey,DJ Bell-Drummond,JL Denly,JW Dernbach,0,0,,,,,,,,,
947333,2016,2016-07-29,Kennington Oval,2,0.5,Kent,Surrey,DJ Bell-Drummond,JL Denly,JW Dernbach,4,0,,,,,,,,,
947333,2016,2016-07-29,Kennington Oval,2,0.6,Kent,Surrey,DJ Bell-Drummond,JL Denly,JW Dernbach,1,0,,,,,,,,,
947333,2016,2016-07-29,Kennington Oval,2,1.1,Kent,Surrey,DJ Bell-Drummond,JL Denly,SM Curran,0,0,,,,,,,,,
947333,2016,2016-07-29,Kennington Oval,2,1.2,Kent,Surrey,DJ Bell-Drummond,JL Denly,SM Curran,2,0,,,,,,,,,
947333,2016,2016-07-29,Kennington Oval,2,1.3,Kent,Surrey,DJ Bell-Drummond,JL Denly,SM Curran,3,0,,,,,,,,,
947333,2016,2016-07-29,Kennington Oval,2,1.4,Kent,Surrey,JL Denly,DJ Bell-Drummond,SM Curran,0,0,,,,,,,,,
947333,2016,2016-07-29,Kennington Oval,2,1.5,Kent,Surrey,JL Denly,DJ Bell-Drummond,SM Curran,0,0,,,,,,,,,
947333,2016,2016-07-29,Kennington Oval,2,1.6,Kent,Surrey,JL Denly,DJ Bell-Drummond,SM Curran,1,0,,,,,,,,,
947333,2016,2016-07-29,Kennington Oval,2,2.1,Kent,Surrey,JL Denly,DJ Bell-Drummond,CH Morris,0,0,,,,,,,,,
947333,2016,2016-07-29,Kennington Oval,2,2.2,Kent,Surrey,JL Denly,DJ Bell-Drummond,CH Morris,1,0,,,,,,,,,
947333,2016,2016-07-29,Kennington Oval,2,2.3,Kent,Surrey,DJ Bell-Drummond,JL Denly,CH Morris,4,0,,,,,,,,,
947333,2016,2016-07-29,Kennington Oval,2,2.4,Kent,Surrey,DJ Bell-Drummond,JL Denly,CH Morris,0,0,,,,,,,,,
947333,2016,2016-07-29,Kennington Oval,2,2.5,Kent,Surrey,DJ Bell-Drummond,JL Denly,CH Morris,0,0,,,,,,,,,
947333,2016,2016-07-29,Kennington Oval,2,2.6,Kent,Surrey,DJ Bell-Drummond,JL Denly,CH Morris,0,2,,2,,,,,,,
947333,2016,2016-07-29,Kennington Oval,2,2.7,Kent,Surrey,DJ Bell-Drummond,JL Denly,CH Morris,1,0,,,,,,,,,
947333,2016,2016-07-29,Kennington Oval,2,3.1,Kent,Surrey,DJ Bell-Drummond,JL Denly,SM Curran,4,0,,,,,,,,,
947333,2016,2016-07-29,Kennington Oval,2,3.2,Kent,Surrey,DJ Bell-Drummond,JL Denly,SM Curran,4,0,,,,,,,,,
947333,2016,2016-07-29,Kennington Oval,2,3.3,Kent,Surrey,DJ Bell-Drummond,JL Denly,SM Curran,0,0,,,,,,caught,DJ Bell-Drummond,,
947333,2016,2016-07-29,Kennington Oval,2,3.4,Kent,Surrey,SA Northeast,JL Denly,SM Curran,0,0,,,,,,,,,
947333,2016,2016-07-29,Kennington Oval,2,3.5,Kent,Surrey,SA Northeast,JL Denly,SM Curran,0,0,,,,,,,,,
947333,2016,2016-07-29,Kennington Oval,2,3.6,Kent,Surrey,SA Northeast,JL Denly,SM Curran,1,0,,,,,,,,,
947333,2016,2016-07-29,Kennington Oval,2,4.1,Kent,Surrey,SA Northeast,JL Denly,CH Morris,1,0,,,,,,,,,
947333,2016,2016-07-29,Kennington Oval,2,4.2,Kent,Surrey,JL Denly,SA Northeast,CH Morris,4,0,,,,,,,,,
947333,2016,2016-07-29,Kennington Oval,2,4.3,Kent,Surrey,JL Denly,SA Northeast,CH Morris,1,0,,,,,,,,,
947333,2016,2016-07-29,Kennington Oval,2,4.4,Kent,Surrey,SA Northeast,JL Denly,CH Morris,1,0,,,,,,,,,
947333,2016,2016-07-29,Kennington Oval,2,4.5,Kent,Surrey,JL Denly,SA Northeast,CH Morris,1,0,,,,,,,,,
947333,2016,2016-07-29,Kennington Oval,2,4.6,Kent,Surrey,SA Northeast,JL Denly,CH Morris,4,0,,,,,,,,,
947333,2016,2016-07-29,Kennington Oval,2,5.1,Kent,Surrey,JL Denly,SA Northeast,TK Curran,4,0,,,,,,,,,
947333,2016,2016-07-29,Kennington Oval,2,5.2,Kent,Surrey,JL Denly,SA Northeast,TK Curran,1,0,,,,,,,,,
947333,2016,2016-07-29,Kennington Oval,2,5.3,Kent,Surrey,SA Northeast,JL Denly,TK Curran,4,0,,,,,,,,,
947333,2016,2016-07-29,Kennington Oval,2,5.4,Kent,Surrey,SA Northeast,JL Denly,TK Curran,1,0,,,,,,,,,
947333,2016,2016-07-29,Kennington Oval,2,5.5,Kent,Surrey,JL Denly,SA Northeast,TK Curran,1,0,,,,,,,,,
947333,2016,2016-07-29,Kennington Oval,2,5.6,Kent,Surrey,SA Northeast,JL Denly,TK Curran,0,0,,,,,,,,,
947333,2016,2016-07-29,Kennington Oval,2,6.1,Kent,Surrey,JL Denly,SA Northeast,GJ Batty,1,0,,,,,,,,,
947333,2016,2016-07-29,Kennington Oval,2,6.2,Kent,Surrey,SA Northeast,JL Denly,GJ Batty,1,0,,,,,,,,,
947333,2016,2016-07-29,Kennington Oval,2,6.3,Kent,Surrey,JL Denly,SA Northeast,GJ Batty,1,0,,,,,,,,,
947333,2016,2016-07-29,Kennington Oval,2,6.4,Kent,Surrey,SA Northeast,JL Denly,GJ Batty,1,0,,,,,,,,,
947333,2016,2016-07-29,Kennington Oval,2,6.5,Kent,Surrey,JL Denly,SA Northeast,GJ Batty,2,0,,,,,,,,,
947333,2016,2016-07-29,Kennington Oval,2,6.6,Kent,Surrey,JL Denly,SA Northeast,GJ Batty,1,0,,,,,,,,,
947333,2016,2016-07-29,Kennington Oval,2,7.1,Kent,Surrey,JL Denly,SA Northeast,TK Curran,1,0,,,,,,,,,
947333,2016,2016-07-29,Kennington Oval,2,7.2,Kent,Surrey,SA Northeast,JL Denly,TK Curran,0,0,,,,,,run out,JL Denly,,
947333,2016,2016-07-29,Kennington Oval,2,7.3,Kent,Surrey,SW Billings,SA Northeast,TK Curran,1,0,,,,,,,,,
947333,2016,2016-07-29,Kennington Oval,2,7.4,Kent,Surrey,SA Northeast,SW Billings,TK Curran,1,0,,,,,,,,,
947333,2016,2016-07-29,Kennington Oval,2,7.5,Kent,Surrey,SW Billings,SA Northeast,TK Curran,0,0,,,,,,,,,
947333,2016,2016-07-29,Kennington Oval,2,7.6,Kent,Surrey,SW Billings,SA Northeast,TK Curran,1,0,,,,,,,,,
947333,2016,2016-07-29,Kennington Oval,2,8.1,Kent,Surrey,SW Billings,SA Northeast,GJ Batty,0,1,1,,,,,stumped,SW Billings,,
947333,2016,2016-07-29,Kennington Oval,2,8.2,Kent,Surrey,AJ Blake,SA Northeast,GJ Batty,1,0,,,,,,,,,
947333,2016,2016-07-29,Kennington Oval,2,8.3,Kent,Surrey,SA Northeast,AJ Blake,GJ Batty,1,0,,,,,,,,,
947333,2016,2016-07-29,Kennington Oval,2,8.4,Kent,Surrey,AJ Blake,SA Northeast,GJ Batty,1,0,,,,,,,,,
947333,2016,2016-07-29,Kennington Oval,2,8.5,Kent,Surrey,SA Northeast,AJ Blake,GJ Batty,1,0,,,,,,,,,
947333,2016,2016-07-29,Kennington Oval,2,8.6,Kent,Surrey,AJ Blake,SA Northeast,GJ Batty,2,0,,,,,,,,,
947333,2016,2016-07-29,Kennington Oval,2,8.7,Kent,Surrey,AJ Blake,SA Northeast,GJ Batty,6,0,,,,,,,,,
947333,2016,2016-07-29,Kennington Oval,2,9.1,Kent,Surrey,SA Northeast,AJ Blake,Azhar Mahmood,0,0,,,,,,,,,
947333,2016,2016-07-29,Kennington Oval,2,9.2,Kent,Surrey,SA Northeast,AJ Blake,Azhar Mahmood,1,0,,,,,,,,,
947333,2016,2016-07-29,Kennington Oval,2,9.3,Kent,Surrey,AJ Blake,SA Northeast,Azhar Mahmood,4,0,,,,,,,,,
947333,2016,2016-07-29,Kennington Oval,2,9.4,Kent,Surrey,AJ Blake,SA Northeast,Azhar Mahmood,0,0,,,,,,,,,
947333,2016,2016-07-29,Kennington Oval,2,9.5,Kent,Surrey,AJ Blake,SA Northeast,Azhar Mahmood,0,0,,,,,,,,,
947333,2016,2016-07-29,Kennington Oval,2,9.6,Kent,Surrey,AJ Blake,SA Northeast,Azhar Mahmood,0,2,,2,,,,,,,
947333,2016,2016-07-29,Kennington Oval,2,9.7,Kent,Surrey,AJ Blake,SA Northeast,Azhar Mahmood,0,0,,,,,,,,,
947333,2016,2016-07-29,Kennington Oval,2,10.1,Kent,Surrey,SA Northeast,AJ Blake,JW Dernbach,0,0,,,,,,,,,
947333,2016,2016-07-29,Kennington Oval,2,10.2,Kent,Surrey,SA Northeast,AJ Blake,JW Dernbach,6,0,,,,,,,,,
947333,2016,2016-07-29,Kennington Oval,2,10.3,Kent,Surrey,SA Northeast,AJ Blake,JW Dernbach,1,0,,,,,,,,,
947333,2016,2016-07-29,Kennington Oval,2,10.4,Kent,Surrey,AJ Blake,SA Northeast,JW Dernbach,1,0,,,,,,,,,
947333,2016,2016-07-29,Kennington Oval,2,10.5,Kent,Surrey,SA Northeast,AJ Blake,JW Dernbach,1,0,,,,,,,,,
947333,2016,2016-07-29,Kennington Oval,2,10.6,Kent,Surrey,AJ Blake,SA Northeast,JW Dernbach,1,0,,,,,,,,,
947333,2016,2016-07-29,Kennington Oval,2,11.1,Kent,Surrey,AJ Blake,SA Northeast,Azhar Mahmood,1,0,,,,,,,,,
947333,2016,2016-07-29,Kennington Oval,2,11.2,Kent,Surrey,SA Northeast,AJ Blake,Azhar Mahmood,1,0,,,,,,,,,
947333,2016,2016-07-29,Kennington Oval,2,11.3,Kent,Surrey,AJ Blake,SA Northeast,Azhar Mahmood,0,0,,,,,,,,,
947333,2016,2016-07-29,Kennington Oval,2,11.4,Kent,Surrey,AJ Blake,SA Northeast,Azhar Mahmood,1,0,,,,,,,,,
947333,2016,2016-07-29,Kennington Oval,2,11.5,Kent,Surrey,SA Northeast,AJ Blake,Azhar Mahmood,1,0,,,,,,,,,
947333,2016,2016-07-29,Kennington Oval,2,11.6,Kent,Surrey,AJ Blake,SA Northeast,Azhar Mahmood,0,1,1,,,,,,,,
947333,2016,2016-07-29,Kennington Oval,2,11.7,Kent,Surrey,AJ Blake,SA Northeast,Azhar Mahmood,1,0,,,,,,,,,
947333,2016,2016-07-29,Kennington Oval,2,12.1,Kent,Surrey,AJ Blake,SA Northeast,CH Morris,0,0,,,,,,,,,
947333,2016,2016-07-29,Kennington Oval,2,12.2,Kent,Surrey,AJ Blake,SA Northeast,CH Morris,0,0,,,,,,bowled,AJ Blake,,
947333,2016,2016-07-29,Kennington Oval,2,12.3,Kent,Surrey,DI Stevens,SA Northeast,CH Morris,0,1,1,,,,,,,,
947333,2016,2016-07-29,Kennington Oval,2,12.4,Kent,Surrey,DI Stevens,SA Northeast,CH Morris,1,0,,,,,,,,,
947333,2016,2016-07-29,Kennington Oval,2,12.5,Kent,Surrey,SA Northeast,DI Stevens,CH Morris,1,0,,,,,,,,,
947333,2016,2016-07-29,Kennington Oval,2,12.6,Kent,Surrey,DI Stevens,SA Northeast,CH Morris,0,0,,,,,,caught,DI Stevens,,
947333,2016,2016-07-29,Kennington Oval,2,12.7,Kent,Surrey,SA Northeast,MT Coles,CH Morris,0,0,,,,,,,,,
947333,2016,2016-07-29,Kennington Oval,2,13.1,Kent,Surrey,MT Coles,SA Northeast,Azhar Mahmood,1,0,,,,,,,,,
947333,2016,2016-07-29,Kennington Oval,2,13.2,Kent,Surrey,SA Northeast,MT Coles,Azhar Mahmood,1,0,,,,,,,,,
947333,2016,2016-07-29,Kennington Oval,2,13.3,Kent,Surrey,MT Coles,SA Northeast,Azhar Mahmood,0,0,,,,,,caught,MT Coles,,
947333,2016,2016-07-29,Kennington Oval,2,13.4,Kent,Surrey,SA Northeast,WRS Gidman,Azhar Mahmood,1,0,,,,,,,,,
947333,2016,2016-07-29,Kennington Oval,2,13.5,Kent,Surrey,WRS Gidman,SA Northeast,Azhar Mahmood,1,0,,,,,,,,,
947333,2016,2016-07-29,Kennington Oval,2,13.6,Kent,Surrey,SA Northeast,WRS Gidman,Azhar Mahmood,0,2,,2,,,,,,,
947333,2016,2016-07-29,Kennington Oval,2,13.7,Kent,Surrey,SA Northeast,WRS Gidman,Azhar Mahmood,1,0,,,,,,,,,
947333,2016,2016-07-29,Kennington Oval,2,14.1,Kent,Surrey,SA Northeast,WRS Gidman,CH Morris,6,0,,,,,,,,,
947333,2016,2016-07-29,Kennington Oval,2,14.2,Kent,Surrey,SA Northeast,WRS Gidman,CH Morris,1,0,,,,,,,,,
947333,2016,2016-07-29,Kennington Oval,2,14.3,Kent,Surrey,WRS Gidman,SA Northeast,CH Morris,1,0,,,,,,,,,
947333,2016,2016-07-29,Kennington Oval,2,14.4,Kent,Surrey,SA Northeast,WRS Gidman,CH Morris,4,0,,,,,,,,,
947333,2016,2016-07-29,Kennington Oval,2,14.5,Kent,Surrey,SA Northeast,WRS Gidman,CH Morris,2,0,,,,,,,,,
947333,2016,2016-07-29,Kennington Oval,2,14.6,Kent,Surrey,SA Northeast,WRS Gidman,CH Morris,1,0,,,,,,,,,
947333,2016,2016-07-29,Kennington Oval,2,15.1,Kent,Surrey,SA Northeast,WRS Gidman,Azhar Mahmood,1,0,,,,,,,,,
947333,2016,2016-07-29,Kennington Oval,2,15.2,Kent,Surrey,WRS Gidman,SA Northeast,Azhar Mahmood,4,0,,,,,,,,,
947333,2016,2016-07-29,Kennington Oval,2,15.3,Kent,Surrey,WRS Gidman,SA Northeast,Azhar Mahmood,2,0,,,,,,,,,
947333,2016,2016-07-29,Kennington Oval,2,15.4,Kent,Surrey,WRS Gidman,SA Northeast,Azhar Mahmood,1,0,,,,,,,,,
947333,2016,2016-07-29,Kennington Oval,2,15.5,Kent,Surrey,SA Northeast,WRS Gidman,Azhar Mahmood,1,0,,,,,,,,,
947333,2016,2016-07-29,Kennington Oval,2,15.6,Kent,Surrey,WRS Gidman,SA Northeast,Azhar Mahmood,1,0,,,,,,,,,
947333,2016,2016-07-29,Kennington Oval,2,16.1,Kent,Surrey,WRS Gidman,SA Northeast,JW Dernbach,2,0,,,,,,,,,
947333,2016,2016-07-29,Kennington Oval,2,16.2,Kent,Surrey,WRS Gidman,SA Northeast,JW Dernbach,1,0,,,,,,,,,
947333,2016,2016-07-29,Kennington Oval,2,16.3,Kent,Surrey,SA Northeast,WRS Gidman,JW Dernbach,0,0,,,,,,,,,
947333,2016,2016-07-29,Kennington Oval,2,16.4,Kent,Surrey,SA Northeast,WRS Gidman,JW Dernbach,1,0,,,,,,,,,
947333,2016,2016-07-29,Kennington Oval,2,16.5,Kent,Surrey,WRS Gidman,SA Northeast,JW Dernbach,1,0,,,,,,,,,
947333,2016,2016-07-29,Kennington Oval,2,16.6,Kent,Surrey,SA Northeast,WRS Gidman,JW Dernbach,0,1,1,,,,,,,,
947333,2016,2016-07-29,Kennington Oval,2,16.7,Kent,Surrey,SA Northeast,WRS Gidman,JW Dernbach,0,0,,,,,,,,,
947333,2016,2016-07-29,Kennington Oval,2,17.1,Kent,Surrey,WRS Gidman,SA Northeast,TK Curran,4,0,,,,,,,,,
947333,2016,2016-07-29,Kennington Oval,2,17.2,Kent,Surrey,WRS Gidman,SA Northeast,TK Curran,1,0,,,,,,,,,
947333,2016,2016-07-29,Kennington Oval,2,17.3,Kent,Surrey,SA Northeast,WRS Gidman,TK Curran,4,0,,,,,,,,,
947333,2016,2016-07-29,Kennington Oval,2,17.4,Kent,Surrey,SA Northeast,WRS Gidman,TK Curran,4,0,,,,,,,,,
947333,2016,2016-07-29,Kennington Oval,2,17.5,Kent,Surrey,SA Northeast,WRS Gidman,TK Curran,1,0,,,,,,,,,
947333,2016,2016-07-29,Kennington Oval,2,17.6,Kent,Surrey,WRS Gidman,SA Northeast,TK Curran,0,0,,,,,,,,,
947333,2016,2016-07-29,Kennington Oval,2,18.1,Kent,Surrey,SA Northeast,WRS Gidman,JW Dernbach,1,0,,,,,,,,,
947333,2016,2016-07-29,Kennington Oval,2,18.2,Kent,Surrey,WRS Gidman,SA Northeast,JW Dernbach,0,0,,,,,,,,,
947333,2016,2016-07-29,Kennington Oval,2,18.3,Kent,Surrey,WRS Gidman,SA Northeast,JW Dernbach,1,0,,,,,,,,,
947333,2016,2016-07-29,Kennington Oval,2,18.4,Kent,Surrey,SA Northeast,WRS Gidman,JW Dernbach,0,0,,,,,,caught,SA Northeast,,
947333,2016,2016-07-29,Kennington Oval,2,18.5,Kent,Surrey,WRS Gidman,JC Tredwell,JW Dernbach,0,0,,,,,,,,,
947333,2016,2016-07-29,Kennington Oval,2,18.6,Kent,Surrey,WRS Gidman,JC Tredwell,JW Dernbach,0,0,,,,,,,,,
947333,2016,2016-07-29,Kennington Oval,2,19.1,Kent,Surrey,JC Tredwell,WRS Gidman,TK Curran,1,0,,,,,,,,,
947333,2016,2016-07-29,Kennington Oval,2,19.2,Kent,Surrey,WRS Gidman,JC Tredwell,TK Curran,4,0,,,,,,,,,
947333,2016,2016-07-29,Kennington Oval,2,19.3,Kent,Surrey,WRS Gidman,JC Tredwell,TK Curran,4,0,,,,,,,,,
947333,2016,2016-07-29,Kennington Oval,2,19.4,Kent,Surrey,WRS Gidman,JC Tredwell,TK Curran,1,0,,,,,,,,,
947333,2016,2016-07-29,Kennington Oval,2,19.5,Kent,Surrey,JC Tredwell,WRS Gidman,TK Curran,1,0,,,,,,,,,
947333,2016,2016-07-29,Kennington Oval,2,19.6,Kent,Surrey,WRS Gidman,JC Tredwell,TK Curran,1,0,,,,,,,,,
