match_id,season,start_date,venue,innings,ball,batting_team,bowling_team,striker,non_striker,bowler,runs_off_bat,extras,wides,noballs,byes,legbyes,penalty,wicket_type,player_dismissed,other_wicket_type,other_player_dismissed
947351,2016,2016-08-20,Edgbaston,1,0.1,Northamptonshire,Nottinghamshire,RE Levi,AM Rossington,AD Russell,2,0,,,,,,,,,
947351,2016,2016-08-20,Edgbaston,1,0.2,Northamptonshire,Nottinghamshire,RE Levi,AM Rossington,AD Russell,1,0,,,,,,,,,
947351,2016,2016-08-20,Edgbaston,1,0.3,Northamptonshire,Nottinghamshire,AM Rossington,RE Levi,AD Russell,1,0,,,,,,,,,
947351,2016,2016-08-20,Edgbaston,1,0.4,Northamptonshire,Nottinghamshire,RE Levi,AM Rossington,AD Russell,0,0,,,,,,run out,AM Rossington,,
947351,2016,2016-08-20,Edgbaston,1,0.5,Northamptonshire,Nottinghamshire,JJ Cobb,RE Levi,AD Russell,0,0,,,,,,,,,
947351,2016,2016-08-20,Edgbaston,1,0.6,Northamptonshire,Nottinghamshire,JJ Cobb,RE Levi,AD Russell,1,0,,,,,,,,,
947351,2016,2016-08-20,Edgbaston,1,1.1,Northamptonshire,Nottinghamshire,JJ Cobb,RE Levi,HF Gurney,0,0,,,,,,,,,
947351,2016,2016-08-20,Edgbaston,1,1.2,Northamptonshire,Nottinghamshire,JJ Cobb,RE Levi,HF Gurney,0,2,,2,,,,,,,
947351,2016,2016-08-20,Edgbaston,1,1.3,Northamptonshire,Nottinghamshire,JJ Cobb,RE Levi,HF Gurney,6,0,,,,,,,,,
947351,2016,2016-08-20,Edgbaston,1,1.4,Northamptonshire,Nottinghamshire,JJ Cobb,RE Levi,HF Gurney,0,0,,,,,,,,,
947351,2016,2016-08-20,Edgbaston,1,1.5,Northamptonshire,Nottinghamshire,JJ Cobb,RE Levi,HF Gurney,0,0,,,,,,,,,
947351,2016,2016-08-20,Edgbaston,1,1.6,Northamptonshire,Nottinghamshire,JJ Cobb,RE Levi,HF Gurney,0,0,,,,,,,,,
947351,2016,2016-08-20,Edgbaston,1,1.7,Northamptonshire,Nottinghamshire,JJ Cobb,RE Levi,HF Gurney,0,2,,2,,,,,,,
947351,2016,2016-08-20,Edgbaston,1,1.8,Northamptonshire,Nottinghamshire,JJ Cobb,RE Levi,HF Gurney,0,0,,,,,,caught,JJ Cobb,,
947351,2016,2016-08-20,Edgbaston,1,2.1,Northamptonshire,Nottinghamshire,RE Levi,BM Duckett,AD Russell,0,0,,,,,,,,,
947351,2016,2016-08-20,Edgbaston,1,2.2,Northamptonshire,Nottinghamshire,RE Levi,BM Duckett,AD Russell,0,0,,,,,,lbw,RE Levi,,
947351,2016,2016-08-20,Edgbaston,1,2.3,Northamptonshire,Nottinghamshire,AG Wakely,BM Duckett,AD Russell,0,0,,,,,,,,,
947351,2016,2016-08-20,Edgbaston,1,2.4,Northamptonshire,Nottinghamshire,AG Wakely,BM Duckett,AD Russell,1,0,,,,,,,,,
947351,2016,2016-08-20,Edgbaston,1,2.5,Northamptonshire,Nottinghamshire,BM Duckett,AG Wakely,AD Russell,1,0,,,,,,,,,
947351,2016,2016-08-20,Edgbaston,1,2.6,Northamptonshire,Nottinghamshire,AG Wakely,BM Duckett,AD Russell,4,0,,,,,,,,,
947351,2016,2016-08-20,Edgbaston,1,3.1,Northamptonshire,Nottinghamshire,BM Duckett,AG Wakely,JT Ball,4,0,,,,,,,,,
947351,2016,2016-08-20,Edgbaston,1,3.2,Northamptonshire,Nottinghamshire,BM Duckett,AG Wakely,JT Ball,1,0,,,,,,,,,
947351,2016,2016-08-20,Edgbaston,1,3.3,Northamptonshire,Nottinghamshire,AG Wakely,BM Duckett,JT Ball,2,0,,,,,,,,,
947351,2016,2016-08-20,Edgbaston,1,3.4,Northamptonshire,Nottinghamshire,AG Wakely,BM Duckett,JT Ball,1,0,,,,,,,,,
947351,2016,2016-08-20,Edgbaston,1,3.5,Northamptonshire,Nottinghamshire,BM Duckett,AG Wakely,JT Ball,4,0,,,,,,,,,
947351,2016,2016-08-20,Edgbaston,1,3.6,Northamptonshire,Nottinghamshire,BM Duckett,AG Wakely,JT Ball,1,0,,,,,,,,,
947351,2016,2016-08-20,Edgbaston,1,4.1,Northamptonshire,Nottinghamshire,BM Duckett,AG Wakely,SCJ Broad,4,0,,,,,,,,,
947351,2016,2016-08-20,Edgbaston,1,4.2,Northamptonshire,Nottinghamshire,BM Duckett,AG Wakely,SCJ Broad,1,0,,,,,,,,,
947351,2016,2016-08-20,Edgbaston,1,4.3,Northamptonshire,Nottinghamshire,AG Wakely,BM Duckett,SCJ Broad,1,0,,,,,,,,,
947351,2016,2016-08-20,Edgbaston,1,4.4,Northamptonshire,Nottinghamshire,BM Duckett,AG Wakely,SCJ Broad,0,0,,,,,,,,,
947351,2016,2016-08-20,Edgbaston,1,4.5,Northamptonshire,Nottinghamshire,BM Duckett,AG Wakely,SCJ Broad,4,0,,,,,,,,,
947351,2016,2016-08-20,Edgbaston,1,4.6,Northamptonshire,Nottinghamshire,BM Duckett,AG Wakely,SCJ Broad,1,0,,,,,,,,,
947351,2016,2016-08-20,Edgbaston,1,5.1,Northamptonshire,Nottinghamshire,BM Duckett,AG Wakely,JT Ball,0,0,,,,,,,,,
947351,2016,2016-08-20,Edgbaston,1,5.2,Northamptonshire,Nottinghamshire,BM Duckett,AG Wakely,JT Ball,1,0,,,,,,,,,
947351,2016,2016-08-20,Edgbaston,1,5.3,Northamptonshire,Nottinghamshire,AG Wakely,BM Duckett,JT Ball,0,0,,,,,,,,,
947351,2016,2016-08-20,Edgbaston,1,5.4,Northamptonshire,Nottinghamshire,AG Wakely,BM Duckett,JT Ball,1,0,,,,,,,,,
947351,2016,2016-08-20,Edgbaston,1,5.5,Northamptonshire,Nottinghamshire,BM Duckett,AG Wakely,JT Ball,0,0,,,,,,,,,
947351,2016,2016-08-20,Edgbaston,1,5.6,Northamptonshire,Nottinghamshire,BM Duckett,AG Wakely,JT Ball,0,0,,,,,,,,,
947351,2016,2016-08-20,Edgbaston,1,6.1,Northamptonshire,Nottinghamshire,AG Wakely,BM Duckett,SR Patel,0,0,,,,,,,,,
947351,2016,2016-08-20,Edgbaston,1,6.2,Northamptonshire,Nottinghamshire,AG Wakely,BM Duckett,SR Patel,1,0,,,,,,,,,
947351,2016,2016-08-20,Edgbaston,1,6.3,Northamptonshire,Nottinghamshire,BM Duckett,AG Wakely,SR Patel,2,0,,,,,,,,,
947351,2016,2016-08-20,Edgbaston,1,6.4,Northamptonshire,Nottinghamshire,BM Duckett,AG Wakely,SR Patel,0,0,,,,,,,,,
947351,2016,2016-08-20,Edgbaston,1,6.5,Northamptonshire,Nottinghamshire,BM Duckett,AG Wakely,SR Patel,2,0,,,,,,,,,
947351,2016,2016-08-20,Edgbaston,1,6.6,Northamptonshire,Nottinghamshire,BM Duckett,AG Wakely,SR Patel,0,0,,,,,,,,,
947351,2016,2016-08-20,Edgbaston,1,7.1,Northamptonshire,Nottinghamshire,AG Wakely,BM Duckett,SJ Mullaney,1,0,,,,,,,,,
947351,2016,2016-08-20,Edgbaston,1,7.2,Northamptonshire,Nottinghamshire,BM Duckett,AG Wakely,SJ Mullaney,1,0,,,,,,,,,
947351,2016,2016-08-20,Edgbaston,1,7.3,Northamptonshire,Nottinghamshire,AG Wakely,BM Duckett,SJ Mullaney,1,0,,,,,,,,,
947351,2016,2016-08-20,Edgbaston,1,7.4,Northamptonshire,Nottinghamshire,BM Duckett,AG Wakely,SJ Mullaney,1,0,,,,,,,,,
947351,2016,2016-08-20,Edgbaston,1,7.5,Northamptonshire,Nottinghamshire,AG Wakely,BM Duckett,SJ Mullaney,1,0,,,,,,,,,
947351,2016,2016-08-20,Edgbaston,1,7.6,Northamptonshire,Nottinghamshire,BM Duckett,AG Wakely,SJ Mullaney,1,0,,,,,,,,,
947351,2016,2016-08-20,Edgbaston,1,8.1,Northamptonshire,Nottinghamshire,BM Duckett,AG Wakely,SR Patel,1,0,,,,,,,,,
947351,2016,2016-08-20,Edgbaston,1,8.2,Northamptonshire,Nottinghamshire,AG Wakely,BM Duckett,SR Patel,0,0,,,,,,,,,
947351,2016,2016-08-20,Edgbaston,1,8.3,Northamptonshire,Nottinghamshire,AG Wakely,BM Duckett,SR Patel,1,0,,,,,,,,,
947351,2016,2016-08-20,Edgbaston,1,8.4,Northamptonshire,Nottinghamshire,BM Duckett,AG Wakely,SR Patel,6,0,,,,,,,,,
947351,2016,2016-08-20,Edgbaston,1,8.5,Northamptonshire,Nottinghamshire,BM Duckett,AG Wakely,SR Patel,1,0,,,,,,,,,
947351,2016,2016-08-20,Edgbaston,1,8.6,Northamptonshire,Nottinghamshire,AG Wakely,BM Duckett,SR Patel,0,0,,,,,,,,,
947351,2016,2016-08-20,Edgbaston,1,9.1,Northamptonshire,Nottinghamshire,BM Duckett,AG Wakely,SJ Mullaney,4,0,,,,,,,,,
947351,2016,2016-08-20,Edgbaston,1,9.2,Northamptonshire,Nottinghamshire,BM Duckett,AG Wakely,SJ Mullaney,4,0,,,,,,,,,
947351,2016,2016-08-20,Edgbaston,1,9.3,Northamptonshire,Nottinghamshire,BM Duckett,AG Wakely,SJ Mullaney,4,0,,,,,,,,,
947351,2016,2016-08-20,Edgbaston,1,9.4,Northamptonshire,Nottinghamshire,BM Duckett,AG Wakely,SJ Mullaney,1,0,,,,,,,,,
947351,2016,2016-08-20,Edgbaston,1,9.5,Northamptonshire,Nottinghamshire,AG Wakely,BM Duckett,SJ Mullaney,1,0,,,,,,,,,
947351,2016,2016-08-20,Edgbaston,1,9.6,Northamptonshire,Nottinghamshire,BM Duckett,AG Wakely,SJ Mullaney,1,0,,,,,,,,,
947351,2016,2016-08-20,Edgbaston,1,10.1,Northamptonshire,Nottinghamshire,BM Duckett,AG Wakely,SR Patel,1,0,,,,,,,,,
947351,2016,2016-08-20,Edgbaston,1,10.2,Northamptonshire,Nottinghamshire,AG Wakely,BM Duckett,SR Patel,1,0,,,,,,,,,
947351,2016,2016-08-20,Edgbaston,1,10.3,Northamptonshire,Nottinghamshire,BM Duckett,AG Wakely,SR Patel,1,0,,,,,,,,,
947351,2016,2016-08-20,Edgbaston,1,10.4,Northamptonshire,Nottinghamshire,AG Wakely,BM Duckett,SR Patel,0,0,,,,,,,,,
947351,2016,2016-08-20,Edgbaston,1,10.5,Northamptonshire,Nottinghamshire,AG Wakely,BM Duckett,SR Patel,1,0,,,,,,,,,
947351,2016,2016-08-20,Edgbaston,1,10.6,Northamptonshire,Nottinghamshire,BM Duckett,AG Wakely,SR Patel,4,0,,,,,,,,,
947351,2016,2016-08-20,Edgbaston,1,11.1,Northamptonshire,Nottinghamshire,AG Wakely,BM Duckett,HF Gurney,0,0,,,,,,,,,
947351,2016,2016-08-20,Edgbaston,1,11.2,Northamptonshire,Nottinghamshire,AG Wakely,BM Duckett,HF Gurney,1,0,,,,,,,,,
947351,2016,2016-08-20,Edgbaston,1,11.3,Northamptonshire,Nottinghamshire,BM Duckett,AG Wakely,HF Gurney,1,0,,,,,,,,,
947351,2016,2016-08-20,Edgbaston,1,11.4,Northamptonshire,Nottinghamshire,AG Wakely,BM Duckett,HF Gurney,4,0,,,,,,,,,
947351,2016,2016-08-20,Edgbaston,1,11.5,Northamptonshire,Nottinghamshire,AG Wakely,BM Duckett,HF Gurney,1,0,,,,,,,,,
947351,2016,2016-08-20,Edgbaston,1,11.6,Northamptonshire,Nottinghamshire,BM Duckett,AG Wakely,HF Gurney,0,0,,,,,,,,,
947351,2016,2016-08-20,Edgbaston,1,12.1,Northamptonshire,Nottinghamshire,AG Wakely,BM Duckett,AD Russell,1,0,,,,,,,,,
947351,2016,2016-08-20,Edgbaston,1,12.2,Northamptonshire,Nottinghamshire,BM Duckett,AG Wakely,AD Russell,0,0,,,,,,,,,
947351,2016,2016-08-20,Edgbaston,1,12.3,Northamptonshire,Nottinghamshire,BM Duckett,AG Wakely,AD Russell,1,0,,,,,,,,,
947351,2016,2016-08-20,Edgbaston,1,12.4,Northamptonshire,Nottinghamshire,AG Wakely,BM Duckett,AD Russell,1,0,,,,,,,,,
947351,2016,2016-08-20,Edgbaston,1,12.5,Northamptonshire,Nottinghamshire,BM Duckett,AG Wakely,AD Russell,0,1,1,,,,,,,,
947351,2016,2016-08-20,Edgbaston,1,12.6,Northamptonshire,Nottinghamshire,BM Duckett,AG Wakely,AD Russell,1,0,,,,,,,,,
947351,2016,2016-08-20,Edgbaston,1,12.7,Northamptonshire,Nottinghamshire,AG Wakely,BM Duckett,AD Russell,1,0,,,,,,,,,
947351,2016,2016-08-20,Edgbaston,1,13.1,Northamptonshire,Nottinghamshire,AG Wakely,BM Duckett,SCJ Broad,1,0,,,,,,,,,
947351,2016,2016-08-20,Edgbaston,1,13.2,Northamptonshire,Nottinghamshire,BM Duckett,AG Wakely,SCJ Broad,0,1,,,,1,,,,,
947351,2016,2016-08-20,Edgbaston,1,13.3,Northamptonshire,Nottinghamshire,AG Wakely,BM Duckett,SCJ Broad,1,0,,,,,,,,,
947351,2016,2016-08-20,Edgbaston,1,13.4,Northamptonshire,Nottinghamshire,BM Duckett,AG Wakely,SCJ Broad,4,0,,,,,,,,,
947351,2016,2016-08-20,Edgbaston,1,13.5,Northamptonshire,Nottinghamshire,BM Duckett,AG Wakely,SCJ Broad,0,0,,,,,,,,,
947351,2016,2016-08-20,Edgbaston,1,13.6,Northamptonshire,Nottinghamshire,BM Duckett,AG Wakely,SCJ Broad,1,0,,,,,,,,,
947351,2016,2016-08-20,Edgbaston,1,14.1,Northamptonshire,Nottinghamshire,BM Duckett,AG Wakely,SR Patel,6,0,,,,,,,,,
947351,2016,2016-08-20,Edgbaston,1,14.2,Northamptonshire,Nottinghamshire,BM Duckett,AG Wakely,SR Patel,1,0,,,,,,,,,
947351,2016,2016-08-20,Edgbaston,1,14.3,Northamptonshire,Nottinghamshire,AG Wakely,BM Duckett,SR Patel,4,0,,,,,,,,,
947351,2016,2016-08-20,Edgbaston,1,14.4,Northamptonshire,Nottinghamshire,AG Wakely,BM Duckett,SR Patel,1,0,,,,,,,,,
947351,2016,2016-08-20,Edgbaston,1,14.5,Northamptonshire,Nottinghamshire,BM Duckett,AG Wakely,SR Patel,4,0,,,,,,,,,
947351,2016,2016-08-20,Edgbaston,1,14.6,Northamptonshire,Nottinghamshire,BM Duckett,AG Wakely,SR Patel,4,0,,,,,,,,,
947351,2016,2016-08-20,Edgbaston,1,15.1,Northamptonshire,Nottinghamshire,AG Wakely,BM Duckett,JT Ball,0,0,,,,,,,,,
947351,2016,2016-08-20,Edgbaston,1,15.2,Northamptonshire,Nottinghamshire,AG Wakely,BM Duckett,JT Ball,2,0,,,,,,,,,
947351,2016,2016-08-20,Edgbaston,1,15.3,Northamptonshire,Nottinghamshire,AG Wakely,BM Duckett,JT Ball,1,0,,,,,,,,,
947351,2016,2016-08-20,Edgbaston,1,15.4,Northamptonshire,Nottinghamshire,BM Duckett,AG Wakely,JT Ball,4,0,,,,,,,,,
947351,2016,2016-08-20,Edgbaston,1,15.5,Northamptonshire,Nottinghamshire,BM Duckett,AG Wakely,JT Ball,0,0,,,,,,bowled,BM Duckett,,
947351,2016,2016-08-20,Edgbaston,1,15.6,Northamptonshire,Nottinghamshire,RK Kleinveldt,AG Wakely,JT Ball,0,0,,,,,,,,,
947351,2016,2016-08-20,Edgbaston,1,16.1,Northamptonshire,Nottinghamshire,AG Wakely,RK Kleinveldt,AD Russell,1,0,,,,,,,,,
947351,2016,2016-08-20,Edgbaston,1,16.2,Northamptonshire,Nottinghamshire,RK Kleinveldt,AG Wakely,AD Russell,0,0,,,,,,caught,RK Kleinveldt,,
947351,2016,2016-08-20,Edgbaston,1,16.3,Northamptonshire,Nottinghamshire,SP Crook,AG Wakely,AD Russell,1,0,,,,,,,,,
947351,2016,2016-08-20,Edgbaston,1,16.4,Northamptonshire,Nottinghamshire,AG Wakely,SP Crook,AD Russell,1,0,,,,,,,,,
947351,2016,2016-08-20,Edgbaston,1,16.5,Northamptonshire,Nottinghamshire,SP Crook,AG Wakely,AD Russell,0,0,,,,,,caught,SP Crook,,
947351,2016,2016-08-20,Edgbaston,1,16.6,Northamptonshire,Nottinghamshire,RI Keogh,AG Wakely,AD Russell,0,0,,,,,,,,,
947351,2016,2016-08-20,Edgbaston,1,17.1,Northamptonshire,Nottinghamshire,AG Wakely,RI Keogh,HF Gurney,1,0,,,,,,,,,
947351,2016,2016-08-20,Edgbaston,1,17.2,Northamptonshire,Nottinghamshire,RI Keogh,AG Wakely,HF Gurney,0,0,,,,,,,,,
947351,2016,2016-08-20,Edgbaston,1,17.3,Northamptonshire,Nottinghamshire,RI Keogh,AG Wakely,HF Gurney,2,0,,,,,,,,,
947351,2016,2016-08-20,Edgbaston,1,17.4,Northamptonshire,Nottinghamshire,RI Keogh,AG Wakely,HF Gurney,1,0,,,,,,,,,
947351,2016,2016-08-20,Edgbaston,1,17.5,Northamptonshire,Nottinghamshire,AG Wakely,RI Keogh,HF Gurney,2,0,,,,,,,,,
947351,2016,2016-08-20,Edgbaston,1,17.6,Northamptonshire,Nottinghamshire,AG Wakely,RI Keogh,HF Gurney,1,0,,,,,,,,,
947351,2016,2016-08-20,Edgbaston,1,18.1,Northamptonshire,Nottinghamshire,AG Wakely,RI Keogh,JT Ball,1,0,,,,,,,,,
947351,2016,2016-08-20,Edgbaston,1,18.2,Northamptonshire,Nottinghamshire,RI Keogh,AG Wakely,JT Ball,1,0,,,,,,,,,
947351,2016,2016-08-20,Edgbaston,1,18.3,Northamptonshire,Nottinghamshire,AG Wakely,RI Keogh,JT Ball,0,1,,,,1,,,,,
947351,2016,2016-08-20,Edgbaston,1,18.4,Northamptonshire,Nottinghamshire,RI Keogh,AG Wakely,JT Ball,0,0,,,,,,,,,
947351,2016,2016-08-20,Edgbaston,1,18.5,Northamptonshire,Nottinghamshire,RI Keogh,AG Wakely,JT Ball,0,0,,,,,,caught,RI Keogh,,
947351,2016,2016-08-20,Edgbaston,1,18.6,Northamptonshire,Nottinghamshire,GG White,AG Wakely,JT Ball,0,0,,,,,,,,,
947351,2016,2016-08-20,Edgbaston,1,19.1,Northamptonshire,Nottinghamshire,AG Wakely,GG White,HF Gurney,2,0,,,,,,,,,
947351,2016,2016-08-20,Edgbaston,1,19.2,Northamptonshire,Nottinghamshire,AG Wakely,GG White,HF Gurney,4,0,,,,,,,,,
947351,2016,2016-08-20,Edgbaston,1,19.3,Northamptonshire,Nottinghamshire,AG Wakely,GG White,HF Gurney,2,0,,,,,,,,,
947351,2016,2016-08-20,Edgbaston,1,19.4,Northamptonshire,Nottinghamshire,AG Wakely,GG White,HF Gurney,1,0,,,,,,,,,
947351,2016,2016-08-20,Edgbaston,1,19.5,Northamptonshire,Nottinghamshire,GG White,AG Wakely,HF Gurney,0,0,,,,,,run out,AG Wakely,,
947351,2016,2016-08-20,Edgbaston,1,19.6,Northamptonshire,Nottinghamshire,BW Sanderson,GG White,HF Gurney,1,0,,,,,,,,,
947351,2016,2016-08-20,Edgbaston,2,0.1,Nottinghamshire,Northamptonshire,MJ Lumb,AD Hales,BW Sanderson,0,0,,,,,,,,,
947351,2016,2016-08-20,Edgbaston,2,0.2,Nottinghamshire,Northamptonshire,MJ Lumb,AD Hales,BW Sanderson,0,0,,,,,,,,,
947351,2016,2016-08-20,Edgbaston,2,0.3,Nottinghamshire,Northamptonshire,MJ Lumb,AD Hales,BW Sanderson,2,0,,,,,,,,,
947351,2016,2016-08-20,Edgbaston,2,0.4,Nottinghamshire,Northamptonshire,MJ Lumb,AD Hales,BW Sanderson,0,2,,2,,,,,,,
947351,2016,2016-08-20,Edgbaston,2,0.5,Nottinghamshire,Northamptonshire,MJ Lumb,AD Hales,BW Sanderson,0,0,,,,,,,,,
947351,2016,2016-08-20,Edgbaston,2,0.6,Nottinghamshire,Northamptonshire,MJ Lumb,AD Hales,BW Sanderson,0,0,,,,,,caught,MJ Lumb,,
947351,2016,2016-08-20,Edgbaston,2,0.7,Nottinghamshire,Northamptonshire,AD Hales,MH Wessels,BW Sanderson,0,0,,,,,,,,,
947351,2016,2016-08-20,Edgbaston,2,1.1,Nottinghamshire,Northamptonshire,MH Wessels,AD Hales,RK Kleinveldt,0,1,,,,1,,,,,
947351,2016,2016-08-20,Edgbaston,2,1.2,Nottinghamshire,Northamptonshire,AD Hales,MH Wessels,RK Kleinveldt,0,0,,,,,,bowled,AD Hales,,
947351,2016,2016-08-20,Edgbaston,2,1.3,Nottinghamshire,Northamptonshire,DT Christian,MH Wessels,RK Kleinveldt,0,0,,,,,,,,,
947351,2016,2016-08-20,Edgbaston,2,1.4,Nottinghamshire,Northamptonshire,DT Christian,MH Wessels,RK Kleinveldt,0,0,,,,,,,,,
947351,2016,2016-08-20,Edgbaston,2,1.5,Nottinghamshire,Northamptonshire,DT Christian,MH Wessels,RK Kleinveldt,1,0,,,,,,,,,
947351,2016,2016-08-20,Edgbaston,2,1.6,Nottinghamshire,Northamptonshire,MH Wessels,DT Christian,RK Kleinveldt,4,0,,,,,,,,,
947351,2016,2016-08-20,Edgbaston,2,2.1,Nottinghamshire,Northamptonshire,DT Christian,MH Wessels,BW Sanderson,0,0,,,,,,,,,
947351,2016,2016-08-20,Edgbaston,2,2.2,Nottinghamshire,Northamptonshire,DT Christian,MH Wessels,BW Sanderson,1,0,,,,,,,,,
947351,2016,2016-08-20,Edgbaston,2,2.3,Nottinghamshire,Northamptonshire,MH Wessels,DT Christian,BW Sanderson,2,0,,,,,,,,,
947351,2016,2016-08-20,Edgbaston,2,2.4,Nottinghamshire,Northamptonshire,MH Wessels,DT Christian,BW Sanderson,0,0,,,,,,,,,
947351,2016,2016-08-20,Edgbaston,2,2.5,Nottinghamshire,Northamptonshire,MH Wessels,DT Christian,BW Sanderson,0,0,,,,,,,,,
947351,2016,2016-08-20,Edgbaston,2,2.6,Nottinghamshire,Northamptonshire,MH Wessels,DT Christian,BW Sanderson,1,0,,,,,,,,,
947351,2016,2016-08-20,Edgbaston,2,3.1,Nottinghamshire,Northamptonshire,MH Wessels,DT Christian,Azharullah,0,0,,,,,,,,,
947351,2016,2016-08-20,Edgbaston,2,3.2,Nottinghamshire,Northamptonshire,MH Wessels,DT Christian,Azharullah,1,0,,,,,,,,,
947351,2016,2016-08-20,Edgbaston,2,3.3,Nottinghamshire,Northamptonshire,DT Christian,MH Wessels,Azharullah,0,0,,,,,,,,,
947351,2016,2016-08-20,Edgbaston,2,3.4,Nottinghamshire,Northamptonshire,DT Christian,MH Wessels,Azharullah,0,0,,,,,,caught,DT Christian,,
947351,2016,2016-08-20,Edgbaston,2,3.5,Nottinghamshire,Northamptonshire,MH Wessels,SR Patel,Azharullah,0,0,,,,,,,,,
947351,2016,2016-08-20,Edgbaston,2,3.6,Nottinghamshire,Northamptonshire,MH Wessels,SR Patel,Azharullah,0,0,,,,,,,,,
947351,2016,2016-08-20,Edgbaston,2,4.1,Nottinghamshire,Northamptonshire,SR Patel,MH Wessels,RK Kleinveldt,1,0,,,,,,,,,
947351,2016,2016-08-20,Edgbaston,2,4.2,Nottinghamshire,Northamptonshire,MH Wessels,SR Patel,RK Kleinveldt,4,0,,,,,,,,,
947351,2016,2016-08-20,Edgbaston,2,4.3,Nottinghamshire,Northamptonshire,MH Wessels,SR Patel,RK Kleinveldt,2,0,,,,,,,,,
947351,2016,2016-08-20,Edgbaston,2,4.4,Nottinghamshire,Northamptonshire,MH Wessels,SR Patel,RK Kleinveldt,1,0,,,,,,,,,
947351,2016,2016-08-20,Edgbaston,2,4.5,Nottinghamshire,Northamptonshire,SR Patel,MH Wessels,RK Kleinveldt,1,0,,,,,,,,,
947351,2016,2016-08-20,Edgbaston,2,4.6,Nottinghamshire,Northamptonshire,MH Wessels,SR Patel,RK Kleinveldt,0,0,,,,,,,,,
947351,2016,2016-08-20,Edgbaston,2,5.1,Nottinghamshire,Northamptonshire,SR Patel,MH Wessels,Azharullah,4,0,,,,,,,,,
947351,2016,2016-08-20,Edgbaston,2,5.2,Nottinghamshire,Northamptonshire,SR Patel,MH Wessels,Azharullah,1,0,,,,,,,,,
947351,2016,2016-08-20,Edgbaston,2,5.3,Nottinghamshire,Northamptonshire,MH Wessels,SR Patel,Azharullah,4,0,,,,,,,,,
947351,2016,2016-08-20,Edgbaston,2,5.4,Nottinghamshire,Northamptonshire,MH Wessels,SR Patel,Azharullah,1,0,,,,,,,,,
947351,2016,2016-08-20,Edgbaston,2,5.5,Nottinghamshire,Northamptonshire,SR Patel,MH Wessels,Azharullah,0,0,,,,,,,,,
947351,2016,2016-08-20,Edgbaston,2,5.6,Nottinghamshire,Northamptonshire,SR Patel,MH Wessels,Azharullah,4,0,,,,,,,,,
947351,2016,2016-08-20,Edgbaston,2,6.1,Nottinghamshire,Northamptonshire,MH Wessels,SR Patel,BW Sanderson,1,0,,,,,,,,,
947351,2016,2016-08-20,Edgbaston,2,6.2,Nottinghamshire,Northamptonshire,SR Patel,MH Wessels,BW Sanderson,2,0,,,,,,,,,
947351,2016,2016-08-20,Edgbaston,2,6.3,Nottinghamshire,Northamptonshire,SR Patel,MH Wessels,BW Sanderson,1,0,,,,,,,,,
947351,2016,2016-08-20,Edgbaston,2,6.4,Nottinghamshire,Northamptonshire,MH Wessels,SR Patel,BW Sanderson,2,0,,,,,,,,,
947351,2016,2016-08-20,Edgbaston,2,6.5,Nottinghamshire,Northamptonshire,MH Wessels,SR Patel,BW Sanderson,1,0,,,,,,,,,
947351,2016,2016-08-20,Edgbaston,2,6.6,Nottinghamshire,Northamptonshire,SR Patel,MH Wessels,BW Sanderson,0,0,,,,,,,,,
947351,2016,2016-08-20,Edgbaston,2,7.1,Nottinghamshire,Northamptonshire,MH Wessels,SR Patel,GG White,0,0,,,,,,,,,
947351,2016,2016-08-20,Edgbaston,2,7.2,Nottinghamshire,Northamptonshire,MH Wessels,SR Patel,GG White,0,0,,,,,,caught,MH Wessels,,
947351,2016,2016-08-20,Edgbaston,2,7.3,Nottinghamshire,Northamptonshire,SR Patel,AD Russell,GG White,1,0,,,,,,,,,
947351,2016,2016-08-20,Edgbaston,2,7.4,Nottinghamshire,Northamptonshire,AD Russell,SR Patel,GG White,1,0,,,,,,,,,
947351,2016,2016-08-20,Edgbaston,2,7.5,Nottinghamshire,Northamptonshire,SR Patel,AD Russell,GG White,1,0,,,,,,,,,
947351,2016,2016-08-20,Edgbaston,2,7.6,Nottinghamshire,Northamptonshire,AD Russell,SR Patel,GG White,1,0,,,,,,,,,
947351,2016,2016-08-20,Edgbaston,2,8.1,Nottinghamshire,Northamptonshire,AD Russell,SR Patel,SP Crook,0,0,,,,,,,,,
947351,2016,2016-08-20,Edgbaston,2,8.2,Nottinghamshire,Northamptonshire,AD Russell,SR Patel,SP Crook,4,0,,,,,,,,,
947351,2016,2016-08-20,Edgbaston,2,8.3,Nottinghamshire,Northamptonshire,AD Russell,SR Patel,SP Crook,0,0,,,,,,,,,
947351,2016,2016-08-20,Edgbaston,2,8.4,Nottinghamshire,Northamptonshire,AD Russell,SR Patel,SP Crook,1,0,,,,,,,,,
947351,2016,2016-08-20,Edgbaston,2,8.5,Nottinghamshire,Northamptonshire,SR Patel,AD Russell,SP Crook,0,0,,,,,,,,,
947351,2016,2016-08-20,Edgbaston,2,8.6,Nottinghamshire,Northamptonshire,SR Patel,AD Russell,SP Crook,1,0,,,,,,,,,
947351,2016,2016-08-20,Edgbaston,2,9.1,Nottinghamshire,Northamptonshire,SR Patel,AD Russell,GG White,1,0,,,,,,,,,
947351,2016,2016-08-20,Edgbaston,2,9.2,Nottinghamshire,Northamptonshire,AD Russell,SR Patel,GG White,6,0,,,,,,,,,
947351,2016,2016-08-20,Edgbaston,2,9.3,Nottinghamshire,Northamptonshire,AD Russell,SR Patel,GG White,0,0,,,,,,,,,
947351,2016,2016-08-20,Edgbaston,2,9.4,Nottinghamshire,Northamptonshire,AD Russell,SR Patel,GG White,6,0,,,,,,,,,
947351,2016,2016-08-20,Edgbaston,2,9.5,Nottinghamshire,Northamptonshire,AD Russell,SR Patel,GG White,0,0,,,,,,,,,
947351,2016,2016-08-20,Edgbaston,2,9.6,Nottinghamshire,Northamptonshire,AD Russell,SR Patel,GG White,1,0,,,,,,,,,
947351,2016,2016-08-20,Edgbaston,2,10.1,Nottinghamshire,Northamptonshire,AD Russell,SR Patel,Azharullah,6,0,,,,,,,,,
947351,2016,2016-08-20,Edgbaston,2,10.2,Nottinghamshire,Northamptonshire,AD Russell,SR Patel,Azharullah,4,0,,,,,,,,,
947351,2016,2016-08-20,Edgbaston,2,10.3,Nottinghamshire,Northamptonshire,AD Russell,SR Patel,Azharullah,1,0,,,,,,,,,
947351,2016,2016-08-20,Edgbaston,2,10.4,Nottinghamshire,Northamptonshire,SR Patel,AD Russell,Azharullah,1,0,,,,,,,,,
947351,2016,2016-08-20,Edgbaston,2,10.5,Nottinghamshire,Northamptonshire,AD Russell,SR Patel,Azharullah,4,0,,,,,,,,,
947351,2016,2016-08-20,Edgbaston,2,10.6,Nottinghamshire,Northamptonshire,AD Russell,SR Patel,Azharullah,4,0,,,,,,,,,
947351,2016,2016-08-20,Edgbaston,2,11.1,Nottinghamshire,Northamptonshire,SR Patel,AD Russell,RK Kleinveldt,1,0,,,,,,,,,
947351,2016,2016-08-20,Edgbaston,2,11.2,Nottinghamshire,Northamptonshire,AD Russell,SR Patel,RK Kleinveldt,0,0,,,,,,,,,
947351,2016,2016-08-20,Edgbaston,2,11.3,Nottinghamshire,Northamptonshire,AD Russell,SR Patel,RK Kleinveldt,0,0,,,,,,caught,AD Russell,,
947351,2016,2016-08-20,Edgbaston,2,11.4,Nottinghamshire,Northamptonshire,SJ Mullaney,SR Patel,RK Kleinveldt,1,0,,,,,,,,,
947351,2016,2016-08-20,Edgbaston,2,11.5,Nottinghamshire,Northamptonshire,SR Patel,SJ Mullaney,RK Kleinveldt,0,0,,,,,,,,,
947351,2016,2016-08-20,Edgbaston,2,11.6,Nottinghamshire,Northamptonshire,SR Patel,SJ Mullaney,RK Kleinveldt,1,0,,,,,,,,,
947351,2016,2016-08-20,Edgbaston,2,12.1,Nottinghamshire,Northamptonshire,SR Patel,SJ Mullaney,SP Crook,0,0,,,,,,,,,
947351,2016,2016-08-20,Edgbaston,2,12.2,Nottinghamshire,Northamptonshire,SR Patel,SJ Mullaney,SP Crook,0,0,,,,,,,,,
947351,2016,2016-08-20,Edgbaston,2,12.3,Nottinghamshire,Northamptonshire,SR Patel,SJ Mullaney,SP Crook,0,0,,,,,,caught and bowled,SR Patel,,
947351,2016,2016-08-20,Edgbaston,2,12.4,Nottinghamshire,Northamptonshire,CMW Read,SJ Mullaney,SP Crook,1,0,,,,,,,,,
947351,2016,2016-08-20,Edgbaston,2,12.5,Nottinghamshire,Northamptonshire,SJ Mullaney,CMW Read,SP Crook,1,0,,,,,,,,,
947351,2016,2016-08-20,Edgbaston,2,12.6,Nottinghamshire,Northamptonshire,CMW Read,SJ Mullaney,SP Crook,0,0,,,,,,,,,
947351,2016,2016-08-20,Edgbaston,2,13.1,Nottinghamshire,Northamptonshire,SJ Mullaney,CMW Read,JJ Cobb,1,0,,,,,,,,,
947351,2016,2016-08-20,Edgbaston,2,13.2,Nottinghamshire,Northamptonshire,CMW Read,SJ Mullaney,JJ Cobb,1,0,,,,,,,,,
947351,2016,2016-08-20,Edgbaston,2,13.3,Nottinghamshire,Northamptonshire,SJ Mullaney,CMW Read,JJ Cobb,1,0,,,,,,,,,
947351,2016,2016-08-20,Edgbaston,2,13.4,Nottinghamshire,Northamptonshire,CMW Read,SJ Mullaney,JJ Cobb,0,0,,,,,,,,,
947351,2016,2016-08-20,Edgbaston,2,13.5,Nottinghamshire,Northamptonshire,CMW Read,SJ Mullaney,JJ Cobb,2,0,,,,,,,,,
947351,2016,2016-08-20,Edgbaston,2,13.6,Nottinghamshire,Northamptonshire,CMW Read,SJ Mullaney,JJ Cobb,2,0,,,,,,,,,
947351,2016,2016-08-20,Edgbaston,2,14.1,Nottinghamshire,Northamptonshire,SJ Mullaney,CMW Read,SP Crook,6,0,,,,,,,,,
947351,2016,2016-08-20,Edgbaston,2,14.2,Nottinghamshire,Northamptonshire,SJ Mullaney,CMW Read,SP Crook,0,0,,,,,,caught,SJ Mullaney,,
947351,2016,2016-08-20,Edgbaston,2,14.3,Nottinghamshire,Northamptonshire,CMW Read,SCJ Broad,SP Crook,1,0,,,,,,,,,
947351,2016,2016-08-20,Edgbaston,2,14.4,Nottinghamshire,Northamptonshire,SCJ Broad,CMW Read,SP Crook,0,1,1,,,,,,,,
947351,2016,2016-08-20,Edgbaston,2,14.5,Nottinghamshire,Northamptonshire,SCJ Broad,CMW Read,SP Crook,0,0,,,,,,,,,
947351,2016,2016-08-20,Edgbaston,2,14.6,Nottinghamshire,Northamptonshire,SCJ Broad,CMW Read,SP Crook,0,0,,,,,,,,,
947351,2016,2016-08-20,Edgbaston,2,14.7,Nottinghamshire,Northamptonshire,SCJ Broad,CMW Read,SP Crook,0,0,,,,,,,,,
947351,2016,2016-08-20,Edgbaston,2,15.1,Nottinghamshire,Northamptonshire,CMW Read,SCJ Broad,GG White,1,0,,,,,,,,,
947351,2016,2016-08-20,Edgbaston,2,15.2,Nottinghamshire,Northamptonshire,SCJ Broad,CMW Read,GG White,0,1,,,,1,,,,,
947351,2016,2016-08-20,Edgbaston,2,15.3,Nottinghamshire,Northamptonshire,CMW Read,SCJ Broad,GG White,1,0,,,,,,,,,
947351,2016,2016-08-20,Edgbaston,2,15.4,Nottinghamshire,Northamptonshire,SCJ Broad,CMW Read,GG White,0,1,,,,1,,,,,
947351,2016,2016-08-20,Edgbaston,2,15.5,Nottinghamshire,Northamptonshire,CMW Read,SCJ Broad,GG White,4,0,,,,,,,,,
947351,2016,2016-08-20,Edgbaston,2,15.6,Nottinghamshire,Northamptonshire,CMW Read,SCJ Broad,GG White,4,0,,,,,,,,,
947351,2016,2016-08-20,Edgbaston,2,16.1,Nottinghamshire,Northamptonshire,SCJ Broad,CMW Read,RK Kleinveldt,3,0,,,,,,,,,
947351,2016,2016-08-20,Edgbaston,2,16.2,Nottinghamshire,Northamptonshire,CMW Read,SCJ Broad,RK Kleinveldt,0,0,,,,,,,,,
947351,2016,2016-08-20,Edgbaston,2,16.3,Nottinghamshire,Northamptonshire,CMW Read,SCJ Broad,RK Kleinveldt,1,0,,,,,,,,,
947351,2016,2016-08-20,Edgbaston,2,16.4,Nottinghamshire,Northamptonshire,SCJ Broad,CMW Read,RK Kleinveldt,1,0,,,,,,,,,
947351,2016,2016-08-20,Edgbaston,2,16.5,Nottinghamshire,Northamptonshire,CMW Read,SCJ Broad,RK Kleinveldt,0,1,,,,1,,,,,
947351,2016,2016-08-20,Edgbaston,2,16.6,Nottinghamshire,Northamptonshire,SCJ Broad,CMW Read,RK Kleinveldt,2,0,,,,,,,,,
947351,2016,2016-08-20,Edgbaston,2,17.1,Nottinghamshire,Northamptonshire,CMW Read,SCJ Broad,SP Crook,2,0,,,,,,,,,
947351,2016,2016-08-20,Edgbaston,2,17.2,Nottinghamshire,Northamptonshire,CMW Read,SCJ Broad,SP Crook,4,0,,,,,,,,,
947351,2016,2016-08-20,Edgbaston,2,17.3,Nottinghamshire,Northamptonshire,CMW Read,SCJ Broad,SP Crook,2,0,,,,,,,,,
947351,2016,2016-08-20,Edgbaston,2,17.4,Nottinghamshire,Northamptonshire,CMW Read,SCJ Broad,SP Crook,4,0,,,,,,,,,
947351,2016,2016-08-20,Edgbaston,2,17.5,Nottinghamshire,Northamptonshire,CMW Read,SCJ Broad,SP Crook,0,0,,,,,,,,,
947351,2016,2016-08-20,Edgbaston,2,17.6,Nottinghamshire,Northamptonshire,CMW Read,SCJ Broad,SP Crook,0,0,,,,,,caught,CMW Read,,
947351,2016,2016-08-20,Edgbaston,2,18.1,Nottinghamshire,Northamptonshire,SCJ Broad,JT Ball,BW Sanderson,4,0,,,,,,,,,
947351,2016,2016-08-20,Edgbaston,2,18.2,Nottinghamshire,Northamptonshire,SCJ Broad,JT Ball,BW Sanderson,1,0,,,,,,,,,
947351,2016,2016-08-20,Edgbaston,2,18.3,Nottinghamshire,Northamptonshire,JT Ball,SCJ Broad,BW Sanderson,1,0,,,,,,,,,
947351,2016,2016-08-20,Edgbaston,2,18.4,Nottinghamshire,Northamptonshire,SCJ Broad,JT Ball,BW Sanderson,0,0,,,,,,caught,SCJ Broad,,
947351,2016,2016-08-20,Edgbaston,2,18.5,Nottinghamshire,Northamptonshire,HF Gurney,JT Ball,BW Sanderson,0,0,,,,,,,,,
947351,2016,2016-08-20,Edgbaston,2,18.6,Nottinghamshire,Northamptonshire,HF Gurney,JT Ball,BW Sanderson,0,0,,,,,,,,,
947351,2016,2016-08-20,Edgbaston,2,19.1,Nottinghamshire,Northamptonshire,JT Ball,HF Gurney,Azharullah,0,0,,,,,,,,,
947351,2016,2016-08-20,Edgbaston,2,19.2,Nottinghamshire,Northamptonshire,JT Ball,HF Gurney,Azharullah,0,0,,,,,,,,,
947351,2016,2016-08-20,Edgbaston,2,19.3,Nottinghamshire,Northamptonshire,JT Ball,HF Gurney,Azharullah,1,0,,,,,,,,,
947351,2016,2016-08-20,Edgbaston,2,19.4,Nottinghamshire,Northamptonshire,HF Gurney,JT Ball,Azharullah,4,0,,,,,,,,,
947351,2016,2016-08-20,Edgbaston,2,19.5,Nottinghamshire,Northamptonshire,HF Gurney,JT Ball,Azharullah,1,0,,,,,,,,,
947351,2016,2016-08-20,Edgbaston,2,19.6,Nottinghamshire,Northamptonshire,JT Ball,HF Gurney,Azharullah,0,0,,,,,,,,,
