match_id,season,start_date,venue,innings,ball,batting_team,bowling_team,striker,non_striker,bowler,runs_off_bat,extras,wides,noballs,byes,legbyes,penalty,wicket_type,player_dismissed,other_wicket_type,other_player_dismissed
947349,2016,2016-08-11,Sophia Gardens,1,0.1,Yorkshire,Glamorgan,A Lyth,DJ Willey,T van der Gugten,0,1,1,,,,,,,,
947349,2016,2016-08-11,Sophia Gardens,1,0.2,Yorkshire,Glamorgan,A Lyth,DJ Willey,T van der Gugten,0,0,,,,,,,,,
947349,2016,2016-08-11,Sophia Gardens,1,0.3,Yorkshire,Glamorgan,A Lyth,DJ Willey,T van der Gugten,0,1,,,,1,,,,,
947349,2016,2016-08-11,Sophia Gardens,1,0.4,Yorkshire,Glamorgan,DJ Willey,A Lyth,T van der Gugten,0,0,,,,,,,,,
947349,2016,2016-08-11,Sophia Gardens,1,0.5,Yorkshire,Glamorgan,DJ Willey,A Lyth,T van der Gugten,1,0,,,,,,,,,
947349,2016,2016-08-11,Sophia Gardens,1,0.6,Yorkshire,Glamorgan,A Lyth,DJ Willey,T van der Gugten,0,0,,,,,,,,,
947349,2016,2016-08-11,Sophia Gardens,1,0.7,Yorkshire,Glamorgan,A Lyth,DJ Willey,T van der Gugten,4,0,,,,,,,,,
947349,2016,2016-08-11,Sophia Gardens,1,1.1,Yorkshire,Glamorgan,DJ Willey,A Lyth,GG Wagg,2,0,,,,,,,,,
947349,2016,2016-08-11,Sophia Gardens,1,1.2,Yorkshire,Glamorgan,DJ Willey,A Lyth,GG Wagg,0,0,,,,,,,,,
947349,2016,2016-08-11,Sophia Gardens,1,1.3,Yorkshire,Glamorgan,DJ Willey,A Lyth,GG Wagg,0,0,,,,,,,,,
947349,2016,2016-08-11,Sophia Gardens,1,1.4,Yorkshire,Glamorgan,DJ Willey,A Lyth,GG Wagg,4,0,,,,,,,,,
947349,2016,2016-08-11,Sophia Gardens,1,1.5,Yorkshire,Glamorgan,DJ Willey,A Lyth,GG Wagg,4,0,,,,,,,,,
947349,2016,2016-08-11,Sophia Gardens,1,1.6,Yorkshire,Glamorgan,DJ Willey,A Lyth,GG Wagg,1,0,,,,,,,,,
947349,2016,2016-08-11,Sophia Gardens,1,2.1,Yorkshire,Glamorgan,DJ Willey,A Lyth,MG Hogan,0,0,,,,,,,,,
947349,2016,2016-08-11,Sophia Gardens,1,2.2,Yorkshire,Glamorgan,DJ Willey,A Lyth,MG Hogan,0,0,,,,,,,,,
947349,2016,2016-08-11,Sophia Gardens,1,2.3,Yorkshire,Glamorgan,DJ Willey,A Lyth,MG Hogan,6,0,,,,,,,,,
947349,2016,2016-08-11,Sophia Gardens,1,2.4,Yorkshire,Glamorgan,DJ Willey,A Lyth,MG Hogan,4,0,,,,,,,,,
947349,2016,2016-08-11,Sophia Gardens,1,2.5,Yorkshire,Glamorgan,DJ Willey,A Lyth,MG Hogan,4,0,,,,,,,,,
947349,2016,2016-08-11,Sophia Gardens,1,2.6,Yorkshire,Glamorgan,DJ Willey,A Lyth,MG Hogan,0,0,,,,,,,,,
947349,2016,2016-08-11,Sophia Gardens,1,3.1,Yorkshire,Glamorgan,A Lyth,DJ Willey,SW Tait,0,0,,,,,,,,,
947349,2016,2016-08-11,Sophia Gardens,1,3.2,Yorkshire,Glamorgan,A Lyth,DJ Willey,SW Tait,0,0,,,,,,,,,
947349,2016,2016-08-11,Sophia Gardens,1,3.3,Yorkshire,Glamorgan,A Lyth,DJ Willey,SW Tait,4,0,,,,,,,,,
947349,2016,2016-08-11,Sophia Gardens,1,3.4,Yorkshire,Glamorgan,A Lyth,DJ Willey,SW Tait,0,0,,,,,,,,,
947349,2016,2016-08-11,Sophia Gardens,1,3.5,Yorkshire,Glamorgan,A Lyth,DJ Willey,SW Tait,0,0,,,,,,caught,A Lyth,,
947349,2016,2016-08-11,Sophia Gardens,1,3.6,Yorkshire,Glamorgan,AZ Lees,DJ Willey,SW Tait,0,1,1,,,,,,,,
947349,2016,2016-08-11,Sophia Gardens,1,3.7,Yorkshire,Glamorgan,AZ Lees,DJ Willey,SW Tait,0,0,,,,,,,,,
947349,2016,2016-08-11,Sophia Gardens,1,4.1,Yorkshire,Glamorgan,DJ Willey,AZ Lees,T van der Gugten,0,0,,,,,,,,,
947349,2016,2016-08-11,Sophia Gardens,1,4.2,Yorkshire,Glamorgan,DJ Willey,AZ Lees,T van der Gugten,1,0,,,,,,,,,
947349,2016,2016-08-11,Sophia Gardens,1,4.3,Yorkshire,Glamorgan,AZ Lees,DJ Willey,T van der Gugten,0,0,,,,,,,,,
947349,2016,2016-08-11,Sophia Gardens,1,4.4,Yorkshire,Glamorgan,AZ Lees,DJ Willey,T van der Gugten,1,0,,,,,,,,,
947349,2016,2016-08-11,Sophia Gardens,1,4.5,Yorkshire,Glamorgan,DJ Willey,AZ Lees,T van der Gugten,0,0,,,,,,,,,
947349,2016,2016-08-11,Sophia Gardens,1,4.6,Yorkshire,Glamorgan,DJ Willey,AZ Lees,T van der Gugten,0,0,,,,,,,,,
947349,2016,2016-08-11,Sophia Gardens,1,5.1,Yorkshire,Glamorgan,AZ Lees,DJ Willey,SW Tait,0,0,,,,,,,,,
947349,2016,2016-08-11,Sophia Gardens,1,5.2,Yorkshire,Glamorgan,AZ Lees,DJ Willey,SW Tait,0,0,,,,,,,,,
947349,2016,2016-08-11,Sophia Gardens,1,5.3,Yorkshire,Glamorgan,AZ Lees,DJ Willey,SW Tait,0,0,,,,,,,,,
947349,2016,2016-08-11,Sophia Gardens,1,5.4,Yorkshire,Glamorgan,AZ Lees,DJ Willey,SW Tait,4,0,,,,,,,,,
947349,2016,2016-08-11,Sophia Gardens,1,5.5,Yorkshire,Glamorgan,AZ Lees,DJ Willey,SW Tait,4,2,,2,,,,,,,
947349,2016,2016-08-11,Sophia Gardens,1,5.6,Yorkshire,Glamorgan,AZ Lees,DJ Willey,SW Tait,0,2,,2,,,,,,,
947349,2016,2016-08-11,Sophia Gardens,1,5.7,Yorkshire,Glamorgan,AZ Lees,DJ Willey,SW Tait,6,0,,,,,,,,,
947349,2016,2016-08-11,Sophia Gardens,1,5.8,Yorkshire,Glamorgan,AZ Lees,DJ Willey,SW Tait,4,0,,,,,,,,,
947349,2016,2016-08-11,Sophia Gardens,1,6.1,Yorkshire,Glamorgan,DJ Willey,AZ Lees,CAJ Meschede,1,0,,,,,,,,,
947349,2016,2016-08-11,Sophia Gardens,1,6.2,Yorkshire,Glamorgan,AZ Lees,DJ Willey,CAJ Meschede,1,0,,,,,,,,,
947349,2016,2016-08-11,Sophia Gardens,1,6.3,Yorkshire,Glamorgan,DJ Willey,AZ Lees,CAJ Meschede,0,0,,,,,,,,,
947349,2016,2016-08-11,Sophia Gardens,1,6.4,Yorkshire,Glamorgan,DJ Willey,AZ Lees,CAJ Meschede,1,0,,,,,,,,,
947349,2016,2016-08-11,Sophia Gardens,1,6.5,Yorkshire,Glamorgan,AZ Lees,DJ Willey,CAJ Meschede,1,0,,,,,,,,,
947349,2016,2016-08-11,Sophia Gardens,1,6.6,Yorkshire,Glamorgan,DJ Willey,AZ Lees,CAJ Meschede,6,0,,,,,,,,,
947349,2016,2016-08-11,Sophia Gardens,1,7.1,Yorkshire,Glamorgan,AZ Lees,DJ Willey,AG Salter,4,0,,,,,,,,,
947349,2016,2016-08-11,Sophia Gardens,1,7.2,Yorkshire,Glamorgan,AZ Lees,DJ Willey,AG Salter,0,0,,,,,,,,,
947349,2016,2016-08-11,Sophia Gardens,1,7.3,Yorkshire,Glamorgan,AZ Lees,DJ Willey,AG Salter,1,0,,,,,,,,,
947349,2016,2016-08-11,Sophia Gardens,1,7.4,Yorkshire,Glamorgan,DJ Willey,AZ Lees,AG Salter,4,0,,,,,,,,,
947349,2016,2016-08-11,Sophia Gardens,1,7.5,Yorkshire,Glamorgan,DJ Willey,AZ Lees,AG Salter,2,0,,,,,,,,,
947349,2016,2016-08-11,Sophia Gardens,1,7.6,Yorkshire,Glamorgan,DJ Willey,AZ Lees,AG Salter,4,0,,,,,,,,,
947349,2016,2016-08-11,Sophia Gardens,1,8.1,Yorkshire,Glamorgan,AZ Lees,DJ Willey,MG Hogan,1,0,,,,,,,,,
947349,2016,2016-08-11,Sophia Gardens,1,8.2,Yorkshire,Glamorgan,DJ Willey,AZ Lees,MG Hogan,0,0,,,,,,,,,
947349,2016,2016-08-11,Sophia Gardens,1,8.3,Yorkshire,Glamorgan,DJ Willey,AZ Lees,MG Hogan,1,0,,,,,,,,,
947349,2016,2016-08-11,Sophia Gardens,1,8.4,Yorkshire,Glamorgan,AZ Lees,DJ Willey,MG Hogan,1,0,,,,,,,,,
947349,2016,2016-08-11,Sophia Gardens,1,8.5,Yorkshire,Glamorgan,DJ Willey,AZ Lees,MG Hogan,6,0,,,,,,,,,
947349,2016,2016-08-11,Sophia Gardens,1,8.6,Yorkshire,Glamorgan,DJ Willey,AZ Lees,MG Hogan,6,0,,,,,,,,,
947349,2016,2016-08-11,Sophia Gardens,1,9.1,Yorkshire,Glamorgan,AZ Lees,DJ Willey,CA Ingram,0,0,,,,,,,,,
947349,2016,2016-08-11,Sophia Gardens,1,9.2,Yorkshire,Glamorgan,AZ Lees,DJ Willey,CA Ingram,2,0,,,,,,,,,
947349,2016,2016-08-11,Sophia Gardens,1,9.3,Yorkshire,Glamorgan,AZ Lees,DJ Willey,CA Ingram,1,0,,,,,,,,,
947349,2016,2016-08-11,Sophia Gardens,1,9.4,Yorkshire,Glamorgan,DJ Willey,AZ Lees,CA Ingram,0,0,,,,,,,,,
947349,2016,2016-08-11,Sophia Gardens,1,9.5,Yorkshire,Glamorgan,DJ Willey,AZ Lees,CA Ingram,1,0,,,,,,,,,
947349,2016,2016-08-11,Sophia Gardens,1,9.6,Yorkshire,Glamorgan,AZ Lees,DJ Willey,CA Ingram,1,0,,,,,,,,,
947349,2016,2016-08-11,Sophia Gardens,1,10.1,Yorkshire,Glamorgan,AZ Lees,DJ Willey,GG Wagg,4,0,,,,,,,,,
947349,2016,2016-08-11,Sophia Gardens,1,10.2,Yorkshire,Glamorgan,AZ Lees,DJ Willey,GG Wagg,0,0,,,,,,caught,AZ Lees,,
947349,2016,2016-08-11,Sophia Gardens,1,10.3,Yorkshire,Glamorgan,JA Leaning,DJ Willey,GG Wagg,1,0,,,,,,,,,
947349,2016,2016-08-11,Sophia Gardens,1,10.4,Yorkshire,Glamorgan,DJ Willey,JA Leaning,GG Wagg,2,0,,,,,,,,,
947349,2016,2016-08-11,Sophia Gardens,1,10.5,Yorkshire,Glamorgan,DJ Willey,JA Leaning,GG Wagg,6,0,,,,,,,,,
947349,2016,2016-08-11,Sophia Gardens,1,10.6,Yorkshire,Glamorgan,DJ Willey,JA Leaning,GG Wagg,1,0,,,,,,,,,
947349,2016,2016-08-11,Sophia Gardens,1,11.1,Yorkshire,Glamorgan,DJ Willey,JA Leaning,CA Ingram,6,0,,,,,,,,,
947349,2016,2016-08-11,Sophia Gardens,1,11.2,Yorkshire,Glamorgan,DJ Willey,JA Leaning,CA Ingram,1,0,,,,,,,,,
947349,2016,2016-08-11,Sophia Gardens,1,11.3,Yorkshire,Glamorgan,JA Leaning,DJ Willey,CA Ingram,2,0,,,,,,,,,
947349,2016,2016-08-11,Sophia Gardens,1,11.4,Yorkshire,Glamorgan,JA Leaning,DJ Willey,CA Ingram,1,0,,,,,,,,,
947349,2016,2016-08-11,Sophia Gardens,1,11.5,Yorkshire,Glamorgan,DJ Willey,JA Leaning,CA Ingram,4,0,,,,,,,,,
947349,2016,2016-08-11,Sophia Gardens,1,11.6,Yorkshire,Glamorgan,DJ Willey,JA Leaning,CA Ingram,0,0,,,,,,bowled,DJ Willey,,
947349,2016,2016-08-11,Sophia Gardens,1,12.1,Yorkshire,Glamorgan,JA Leaning,WMH Rhodes,SW Tait,1,0,,,,,,,,,
947349,2016,2016-08-11,Sophia Gardens,1,12.2,Yorkshire,Glamorgan,WMH Rhodes,JA Leaning,SW Tait,0,0,,,,,,,,,
947349,2016,2016-08-11,Sophia Gardens,1,12.3,Yorkshire,Glamorgan,WMH Rhodes,JA Leaning,SW Tait,1,0,,,,,,,,,
947349,2016,2016-08-11,Sophia Gardens,1,12.4,Yorkshire,Glamorgan,JA Leaning,WMH Rhodes,SW Tait,1,0,,,,,,,,,
947349,2016,2016-08-11,Sophia Gardens,1,12.5,Yorkshire,Glamorgan,WMH Rhodes,JA Leaning,SW Tait,0,0,,,,,,,,,
947349,2016,2016-08-11,Sophia Gardens,1,12.6,Yorkshire,Glamorgan,WMH Rhodes,JA Leaning,SW Tait,0,0,,,,,,,,,
947349,2016,2016-08-11,Sophia Gardens,1,13.1,Yorkshire,Glamorgan,JA Leaning,WMH Rhodes,CA Ingram,4,0,,,,,,,,,
947349,2016,2016-08-11,Sophia Gardens,1,13.2,Yorkshire,Glamorgan,JA Leaning,WMH Rhodes,CA Ingram,0,0,,,,,,bowled,JA Leaning,,
947349,2016,2016-08-11,Sophia Gardens,1,13.3,Yorkshire,Glamorgan,TT Bresnan,WMH Rhodes,CA Ingram,0,0,,,,,,,,,
947349,2016,2016-08-11,Sophia Gardens,1,13.4,Yorkshire,Glamorgan,TT Bresnan,WMH Rhodes,CA Ingram,4,0,,,,,,,,,
947349,2016,2016-08-11,Sophia Gardens,1,13.5,Yorkshire,Glamorgan,TT Bresnan,WMH Rhodes,CA Ingram,1,0,,,,,,,,,
947349,2016,2016-08-11,Sophia Gardens,1,13.6,Yorkshire,Glamorgan,WMH Rhodes,TT Bresnan,CA Ingram,0,0,,,,,,lbw,WMH Rhodes,,
947349,2016,2016-08-11,Sophia Gardens,1,14.1,Yorkshire,Glamorgan,TT Bresnan,LE Plunkett,SW Tait,0,0,,,,,,,,,
947349,2016,2016-08-11,Sophia Gardens,1,14.2,Yorkshire,Glamorgan,TT Bresnan,LE Plunkett,SW Tait,1,0,,,,,,,,,
947349,2016,2016-08-11,Sophia Gardens,1,14.3,Yorkshire,Glamorgan,LE Plunkett,TT Bresnan,SW Tait,1,0,,,,,,,,,
947349,2016,2016-08-11,Sophia Gardens,1,14.4,Yorkshire,Glamorgan,TT Bresnan,LE Plunkett,SW Tait,0,1,,,,1,,,,,
947349,2016,2016-08-11,Sophia Gardens,1,14.5,Yorkshire,Glamorgan,LE Plunkett,TT Bresnan,SW Tait,1,0,,,,,,,,,
947349,2016,2016-08-11,Sophia Gardens,1,14.6,Yorkshire,Glamorgan,TT Bresnan,LE Plunkett,SW Tait,1,0,,,,,,,,,
947349,2016,2016-08-11,Sophia Gardens,1,15.1,Yorkshire,Glamorgan,TT Bresnan,LE Plunkett,CA Ingram,1,0,,,,,,,,,
947349,2016,2016-08-11,Sophia Gardens,1,15.2,Yorkshire,Glamorgan,LE Plunkett,TT Bresnan,CA Ingram,1,0,,,,,,,,,
947349,2016,2016-08-11,Sophia Gardens,1,15.3,Yorkshire,Glamorgan,TT Bresnan,LE Plunkett,CA Ingram,0,0,,,,,,,,,
947349,2016,2016-08-11,Sophia Gardens,1,15.4,Yorkshire,Glamorgan,TT Bresnan,LE Plunkett,CA Ingram,1,0,,,,,,,,,
947349,2016,2016-08-11,Sophia Gardens,1,15.5,Yorkshire,Glamorgan,LE Plunkett,TT Bresnan,CA Ingram,0,0,,,,,,caught,LE Plunkett,,
947349,2016,2016-08-11,Sophia Gardens,1,15.6,Yorkshire,Glamorgan,MJ Waite,TT Bresnan,CA Ingram,1,0,,,,,,,,,
947349,2016,2016-08-11,Sophia Gardens,1,16.1,Yorkshire,Glamorgan,MJ Waite,TT Bresnan,T van der Gugten,1,0,,,,,,,,,
947349,2016,2016-08-11,Sophia Gardens,1,16.2,Yorkshire,Glamorgan,TT Bresnan,MJ Waite,T van der Gugten,0,0,,,,,,,,,
947349,2016,2016-08-11,Sophia Gardens,1,16.3,Yorkshire,Glamorgan,TT Bresnan,MJ Waite,T van der Gugten,0,0,,,,,,caught,TT Bresnan,,
947349,2016,2016-08-11,Sophia Gardens,1,16.4,Yorkshire,Glamorgan,MJ Waite,AU Rashid,T van der Gugten,1,0,,,,,,,,,
947349,2016,2016-08-11,Sophia Gardens,1,16.5,Yorkshire,Glamorgan,AU Rashid,MJ Waite,T van der Gugten,1,0,,,,,,,,,
947349,2016,2016-08-11,Sophia Gardens,1,16.6,Yorkshire,Glamorgan,MJ Waite,AU Rashid,T van der Gugten,4,0,,,,,,,,,
947349,2016,2016-08-11,Sophia Gardens,1,17.1,Yorkshire,Glamorgan,AU Rashid,MJ Waite,MG Hogan,1,0,,,,,,,,,
947349,2016,2016-08-11,Sophia Gardens,1,17.2,Yorkshire,Glamorgan,MJ Waite,AU Rashid,MG Hogan,1,0,,,,,,,,,
947349,2016,2016-08-11,Sophia Gardens,1,17.3,Yorkshire,Glamorgan,AU Rashid,MJ Waite,MG Hogan,1,0,,,,,,,,,
947349,2016,2016-08-11,Sophia Gardens,1,17.4,Yorkshire,Glamorgan,MJ Waite,AU Rashid,MG Hogan,1,0,,,,,,,,,
947349,2016,2016-08-11,Sophia Gardens,1,17.5,Yorkshire,Glamorgan,AU Rashid,MJ Waite,MG Hogan,1,0,,,,,,,,,
947349,2016,2016-08-11,Sophia Gardens,1,17.6,Yorkshire,Glamorgan,MJ Waite,AU Rashid,MG Hogan,0,0,,,,,,,,,
947349,2016,2016-08-11,Sophia Gardens,1,18.1,Yorkshire,Glamorgan,AU Rashid,MJ Waite,T van der Gugten,1,0,,,,,,,,,
947349,2016,2016-08-11,Sophia Gardens,1,18.2,Yorkshire,Glamorgan,MJ Waite,AU Rashid,T van der Gugten,1,0,,,,,,,,,
947349,2016,2016-08-11,Sophia Gardens,1,18.3,Yorkshire,Glamorgan,AU Rashid,MJ Waite,T van der Gugten,0,0,,,,,,caught,AU Rashid,,
947349,2016,2016-08-11,Sophia Gardens,1,18.4,Yorkshire,Glamorgan,MJ Waite,AJ Hodd,T van der Gugten,4,0,,,,,,,,,
947349,2016,2016-08-11,Sophia Gardens,1,18.5,Yorkshire,Glamorgan,MJ Waite,AJ Hodd,T van der Gugten,0,0,,,,,,,,,
947349,2016,2016-08-11,Sophia Gardens,1,18.6,Yorkshire,Glamorgan,MJ Waite,AJ Hodd,T van der Gugten,1,0,,,,,,,,,
947349,2016,2016-08-11,Sophia Gardens,1,19.1,Yorkshire,Glamorgan,MJ Waite,AJ Hodd,MG Hogan,1,0,,,,,,,,,
947349,2016,2016-08-11,Sophia Gardens,1,19.2,Yorkshire,Glamorgan,AJ Hodd,MJ Waite,MG Hogan,0,1,,,1,,,,,,
947349,2016,2016-08-11,Sophia Gardens,1,19.3,Yorkshire,Glamorgan,MJ Waite,AJ Hodd,MG Hogan,0,0,,,,,,,,,
947349,2016,2016-08-11,Sophia Gardens,1,19.4,Yorkshire,Glamorgan,MJ Waite,AJ Hodd,MG Hogan,2,0,,,,,,,,,
947349,2016,2016-08-11,Sophia Gardens,1,19.5,Yorkshire,Glamorgan,MJ Waite,AJ Hodd,MG Hogan,1,0,,,,,,,,,
947349,2016,2016-08-11,Sophia Gardens,1,19.6,Yorkshire,Glamorgan,AJ Hodd,MJ Waite,MG Hogan,1,0,,,,,,,,,
947349,2016,2016-08-11,Sophia Gardens,2,0.1,Glamorgan,Yorkshire,DL Lloyd,MA Wallace,TT Bresnan,0,0,,,,,,bowled,DL Lloyd,,
947349,2016,2016-08-11,Sophia Gardens,2,0.2,Glamorgan,Yorkshire,CA Ingram,MA Wallace,TT Bresnan,2,0,,,,,,,,,
947349,2016,2016-08-11,Sophia Gardens,2,0.3,Glamorgan,Yorkshire,CA Ingram,MA Wallace,TT Bresnan,0,1,,,,1,,,,,
947349,2016,2016-08-11,Sophia Gardens,2,0.4,Glamorgan,Yorkshire,MA Wallace,CA Ingram,TT Bresnan,1,0,,,,,,,,,
947349,2016,2016-08-11,Sophia Gardens,2,0.5,Glamorgan,Yorkshire,CA Ingram,MA Wallace,TT Bresnan,0,0,,,,,,,,,
947349,2016,2016-08-11,Sophia Gardens,2,0.6,Glamorgan,Yorkshire,CA Ingram,MA Wallace,TT Bresnan,4,0,,,,,,,,,
947349,2016,2016-08-11,Sophia Gardens,2,1.1,Glamorgan,Yorkshire,MA Wallace,CA Ingram,DJ Willey,0,0,,,,,,,,,
947349,2016,2016-08-11,Sophia Gardens,2,1.2,Glamorgan,Yorkshire,MA Wallace,CA Ingram,DJ Willey,0,0,,,,,,,,,
947349,2016,2016-08-11,Sophia Gardens,2,1.3,Glamorgan,Yorkshire,MA Wallace,CA Ingram,DJ Willey,1,0,,,,,,,,,
947349,2016,2016-08-11,Sophia Gardens,2,1.4,Glamorgan,Yorkshire,CA Ingram,MA Wallace,DJ Willey,0,0,,,,,,,,,
947349,2016,2016-08-11,Sophia Gardens,2,1.5,Glamorgan,Yorkshire,CA Ingram,MA Wallace,DJ Willey,4,0,,,,,,,,,
947349,2016,2016-08-11,Sophia Gardens,2,1.6,Glamorgan,Yorkshire,CA Ingram,MA Wallace,DJ Willey,4,0,,,,,,,,,
947349,2016,2016-08-11,Sophia Gardens,2,2.1,Glamorgan,Yorkshire,MA Wallace,CA Ingram,TT Bresnan,4,0,,,,,,,,,
947349,2016,2016-08-11,Sophia Gardens,2,2.2,Glamorgan,Yorkshire,MA Wallace,CA Ingram,TT Bresnan,0,0,,,,,,caught,MA Wallace,,
947349,2016,2016-08-11,Sophia Gardens,2,2.3,Glamorgan,Yorkshire,AHT Donald,CA Ingram,TT Bresnan,0,0,,,,,,,,,
947349,2016,2016-08-11,Sophia Gardens,2,2.4,Glamorgan,Yorkshire,AHT Donald,CA Ingram,TT Bresnan,1,0,,,,,,,,,
947349,2016,2016-08-11,Sophia Gardens,2,2.5,Glamorgan,Yorkshire,CA Ingram,AHT Donald,TT Bresnan,1,0,,,,,,,,,
947349,2016,2016-08-11,Sophia Gardens,2,2.6,Glamorgan,Yorkshire,AHT Donald,CA Ingram,TT Bresnan,0,0,,,,,,,,,
947349,2016,2016-08-11,Sophia Gardens,2,3.1,Glamorgan,Yorkshire,CA Ingram,AHT Donald,DJ Willey,1,0,,,,,,,,,
947349,2016,2016-08-11,Sophia Gardens,2,3.2,Glamorgan,Yorkshire,AHT Donald,CA Ingram,DJ Willey,0,0,,,,,,,,,
947349,2016,2016-08-11,Sophia Gardens,2,3.3,Glamorgan,Yorkshire,AHT Donald,CA Ingram,DJ Willey,0,0,,,,,,,,,
947349,2016,2016-08-11,Sophia Gardens,2,3.4,Glamorgan,Yorkshire,AHT Donald,CA Ingram,DJ Willey,0,0,,,,,,bowled,AHT Donald,,
947349,2016,2016-08-11,Sophia Gardens,2,3.5,Glamorgan,Yorkshire,JA Rudolph,CA Ingram,DJ Willey,0,0,,,,,,,,,
947349,2016,2016-08-11,Sophia Gardens,2,3.6,Glamorgan,Yorkshire,JA Rudolph,CA Ingram,DJ Willey,1,0,,,,,,,,,
947349,2016,2016-08-11,Sophia Gardens,2,4.1,Glamorgan,Yorkshire,JA Rudolph,CA Ingram,MJ Waite,1,0,,,,,,,,,
947349,2016,2016-08-11,Sophia Gardens,2,4.2,Glamorgan,Yorkshire,CA Ingram,JA Rudolph,MJ Waite,0,0,,,,,,,,,
947349,2016,2016-08-11,Sophia Gardens,2,4.3,Glamorgan,Yorkshire,CA Ingram,JA Rudolph,MJ Waite,0,2,,2,,,,,,,
947349,2016,2016-08-11,Sophia Gardens,2,4.4,Glamorgan,Yorkshire,CA Ingram,JA Rudolph,MJ Waite,0,0,,,,,,,,,
947349,2016,2016-08-11,Sophia Gardens,2,4.5,Glamorgan,Yorkshire,CA Ingram,JA Rudolph,MJ Waite,0,0,,,,,,caught,CA Ingram,,
947349,2016,2016-08-11,Sophia Gardens,2,4.6,Glamorgan,Yorkshire,JA Rudolph,GG Wagg,MJ Waite,1,0,,,,,,,,,
947349,2016,2016-08-11,Sophia Gardens,2,4.7,Glamorgan,Yorkshire,GG Wagg,JA Rudolph,MJ Waite,1,0,,,,,,,,,
947349,2016,2016-08-11,Sophia Gardens,2,5.1,Glamorgan,Yorkshire,GG Wagg,JA Rudolph,LE Plunkett,1,0,,,,,,,,,
947349,2016,2016-08-11,Sophia Gardens,2,5.2,Glamorgan,Yorkshire,JA Rudolph,GG Wagg,LE Plunkett,0,0,,,,,,,,,
947349,2016,2016-08-11,Sophia Gardens,2,5.3,Glamorgan,Yorkshire,JA Rudolph,GG Wagg,LE Plunkett,2,0,,,,,,,,,
947349,2016,2016-08-11,Sophia Gardens,2,5.4,Glamorgan,Yorkshire,JA Rudolph,GG Wagg,LE Plunkett,0,0,,,,,,,,,
947349,2016,2016-08-11,Sophia Gardens,2,5.5,Glamorgan,Yorkshire,JA Rudolph,GG Wagg,LE Plunkett,0,1,,,,1,,,,,
947349,2016,2016-08-11,Sophia Gardens,2,5.6,Glamorgan,Yorkshire,GG Wagg,JA Rudolph,LE Plunkett,0,0,,,,,,bowled,GG Wagg,,
947349,2016,2016-08-11,Sophia Gardens,2,6.1,Glamorgan,Yorkshire,JA Rudolph,CAJ Meschede,MJ Waite,0,0,,,,,,,,,
947349,2016,2016-08-11,Sophia Gardens,2,6.2,Glamorgan,Yorkshire,JA Rudolph,CAJ Meschede,MJ Waite,0,0,,,,,,,,,
947349,2016,2016-08-11,Sophia Gardens,2,6.3,Glamorgan,Yorkshire,JA Rudolph,CAJ Meschede,MJ Waite,1,0,,,,,,,,,
947349,2016,2016-08-11,Sophia Gardens,2,6.4,Glamorgan,Yorkshire,CAJ Meschede,JA Rudolph,MJ Waite,0,0,,,,,,,,,
947349,2016,2016-08-11,Sophia Gardens,2,6.5,Glamorgan,Yorkshire,CAJ Meschede,JA Rudolph,MJ Waite,0,0,,,,,,,,,
947349,2016,2016-08-11,Sophia Gardens,2,6.6,Glamorgan,Yorkshire,CAJ Meschede,JA Rudolph,MJ Waite,0,0,,,,,,,,,
947349,2016,2016-08-11,Sophia Gardens,2,7.1,Glamorgan,Yorkshire,JA Rudolph,CAJ Meschede,LE Plunkett,0,0,,,,,,,,,
947349,2016,2016-08-11,Sophia Gardens,2,7.2,Glamorgan,Yorkshire,JA Rudolph,CAJ Meschede,LE Plunkett,1,0,,,,,,,,,
947349,2016,2016-08-11,Sophia Gardens,2,7.3,Glamorgan,Yorkshire,CAJ Meschede,JA Rudolph,LE Plunkett,0,0,,,,,,,,,
947349,2016,2016-08-11,Sophia Gardens,2,7.4,Glamorgan,Yorkshire,CAJ Meschede,JA Rudolph,LE Plunkett,1,0,,,,,,,,,
947349,2016,2016-08-11,Sophia Gardens,2,7.5,Glamorgan,Yorkshire,JA Rudolph,CAJ Meschede,LE Plunkett,0,0,,,,,,,,,
947349,2016,2016-08-11,Sophia Gardens,2,7.6,Glamorgan,Yorkshire,JA Rudolph,CAJ Meschede,LE Plunkett,0,0,,,,,,,,,
947349,2016,2016-08-11,Sophia Gardens,2,8.1,Glamorgan,Yorkshire,CAJ Meschede,JA Rudolph,AU Rashid,0,0,,,,,,,,,
947349,2016,2016-08-11,Sophia Gardens,2,8.2,Glamorgan,Yorkshire,CAJ Meschede,JA Rudolph,AU Rashid,0,0,,,,,,caught,CAJ Meschede,,
947349,2016,2016-08-11,Sophia Gardens,2,8.3,Glamorgan,Yorkshire,AG Salter,JA Rudolph,AU Rashid,0,0,,,,,,,,,
947349,2016,2016-08-11,Sophia Gardens,2,8.4,Glamorgan,Yorkshire,AG Salter,JA Rudolph,AU Rashid,1,0,,,,,,,,,
947349,2016,2016-08-11,Sophia Gardens,2,8.5,Glamorgan,Yorkshire,JA Rudolph,AG Salter,AU Rashid,1,0,,,,,,,,,
947349,2016,2016-08-11,Sophia Gardens,2,8.6,Glamorgan,Yorkshire,AG Salter,JA Rudolph,AU Rashid,6,0,,,,,,,,,
947349,2016,2016-08-11,Sophia Gardens,2,9.1,Glamorgan,Yorkshire,JA Rudolph,AG Salter,LE Plunkett,4,0,,,,,,,,,
947349,2016,2016-08-11,Sophia Gardens,2,9.2,Glamorgan,Yorkshire,JA Rudolph,AG Salter,LE Plunkett,1,0,,,,,,,,,
947349,2016,2016-08-11,Sophia Gardens,2,9.3,Glamorgan,Yorkshire,AG Salter,JA Rudolph,LE Plunkett,1,0,,,,,,,,,
947349,2016,2016-08-11,Sophia Gardens,2,9.4,Glamorgan,Yorkshire,JA Rudolph,AG Salter,LE Plunkett,4,0,,,,,,,,,
947349,2016,2016-08-11,Sophia Gardens,2,9.5,Glamorgan,Yorkshire,JA Rudolph,AG Salter,LE Plunkett,0,0,,,,,,,,,
947349,2016,2016-08-11,Sophia Gardens,2,9.6,Glamorgan,Yorkshire,JA Rudolph,AG Salter,LE Plunkett,4,0,,,,,,,,,
947349,2016,2016-08-11,Sophia Gardens,2,10.1,Glamorgan,Yorkshire,AG Salter,JA Rudolph,AU Rashid,1,0,,,,,,,,,
947349,2016,2016-08-11,Sophia Gardens,2,10.2,Glamorgan,Yorkshire,JA Rudolph,AG Salter,AU Rashid,4,0,,,,,,,,,
947349,2016,2016-08-11,Sophia Gardens,2,10.3,Glamorgan,Yorkshire,JA Rudolph,AG Salter,AU Rashid,0,0,,,,,,,,,
947349,2016,2016-08-11,Sophia Gardens,2,10.4,Glamorgan,Yorkshire,JA Rudolph,AG Salter,AU Rashid,1,0,,,,,,,,,
947349,2016,2016-08-11,Sophia Gardens,2,10.5,Glamorgan,Yorkshire,AG Salter,JA Rudolph,AU Rashid,0,0,,,,,,bowled,AG Salter,,
947349,2016,2016-08-11,Sophia Gardens,2,10.6,Glamorgan,Yorkshire,T van der Gugten,JA Rudolph,AU Rashid,1,0,,,,,,,,,
947349,2016,2016-08-11,Sophia Gardens,2,11.1,Glamorgan,Yorkshire,T van der Gugten,JA Rudolph,Azeem Rafiq,4,0,,,,,,,,,
947349,2016,2016-08-11,Sophia Gardens,2,11.2,Glamorgan,Yorkshire,T van der Gugten,JA Rudolph,Azeem Rafiq,1,0,,,,,,,,,
947349,2016,2016-08-11,Sophia Gardens,2,11.3,Glamorgan,Yorkshire,JA Rudolph,T van der Gugten,Azeem Rafiq,0,0,,,,,,caught,JA Rudolph,,
947349,2016,2016-08-11,Sophia Gardens,2,11.4,Glamorgan,Yorkshire,T van der Gugten,MG Hogan,Azeem Rafiq,6,0,,,,,,,,,
947349,2016,2016-08-11,Sophia Gardens,2,11.5,Glamorgan,Yorkshire,T van der Gugten,MG Hogan,Azeem Rafiq,1,0,,,,,,,,,
947349,2016,2016-08-11,Sophia Gardens,2,11.6,Glamorgan,Yorkshire,MG Hogan,T van der Gugten,Azeem Rafiq,1,0,,,,,,,,,
947349,2016,2016-08-11,Sophia Gardens,2,12.1,Glamorgan,Yorkshire,MG Hogan,T van der Gugten,AU Rashid,0,0,,,,,,,,,
947349,2016,2016-08-11,Sophia Gardens,2,12.2,Glamorgan,Yorkshire,MG Hogan,T van der Gugten,AU Rashid,6,0,,,,,,,,,
947349,2016,2016-08-11,Sophia Gardens,2,12.3,Glamorgan,Yorkshire,MG Hogan,T van der Gugten,AU Rashid,1,0,,,,,,,,,
947349,2016,2016-08-11,Sophia Gardens,2,12.4,Glamorgan,Yorkshire,T van der Gugten,MG Hogan,AU Rashid,0,0,,,,,,caught,T van der Gugten,,
947349,2016,2016-08-11,Sophia Gardens,2,12.5,Glamorgan,Yorkshire,MG Hogan,SW Tait,AU Rashid,4,0,,,,,,,,,
947349,2016,2016-08-11,Sophia Gardens,2,12.6,Glamorgan,Yorkshire,MG Hogan,SW Tait,AU Rashid,0,0,,,,,,bowled,MG Hogan,,
