match_id,season,start_date,venue,innings,ball,batting_team,bowling_team,striker,non_striker,bowler,runs_off_bat,extras,wides,noballs,byes,legbyes,penalty,wicket_type,player_dismissed,other_wicket_type,other_player_dismissed
947315,2016,2016-07-22,Edgbaston,1,0.1,Warwickshire,Nottinghamshire,SR Hain,IR Bell,SR Patel,1,0,,,,,,,,,
947315,2016,2016-07-22,Edgbaston,1,0.2,Warwickshire,Nottinghamshire,IR Bell,SR Hain,SR Patel,0,0,,,,,,,,,
947315,2016,2016-07-22,Edgbaston,1,0.3,Warwickshire,Nottinghamshire,IR Bell,SR Hain,SR Patel,1,0,,,,,,,,,
947315,2016,2016-07-22,Edgbaston,1,0.4,Warwickshire,Nottinghamshire,SR Hain,IR Bell,SR Patel,1,0,,,,,,,,,
947315,2016,2016-07-22,Edgbaston,1,0.5,Warwickshire,Nottinghamshire,IR Bell,SR Hain,SR Patel,1,0,,,,,,,,,
947315,2016,2016-07-22,Edgbaston,1,0.6,Warwickshire,Nottinghamshire,SR Hain,IR Bell,SR Patel,1,0,,,,,,,,,
947315,2016,2016-07-22,Edgbaston,1,1.1,Warwickshire,Nottinghamshire,SR Hain,IR Bell,JT Ball,0,0,,,,,,,,,
947315,2016,2016-07-22,Edgbaston,1,1.2,Warwickshire,Nottinghamshire,SR Hain,IR Bell,JT Ball,0,0,,,,,,,,,
947315,2016,2016-07-22,Edgbaston,1,1.3,Warwickshire,Nottinghamshire,SR Hain,IR Bell,JT Ball,1,0,,,,,,,,,
947315,2016,2016-07-22,Edgbaston,1,1.4,Warwickshire,Nottinghamshire,IR Bell,SR Hain,JT Ball,0,0,,,,,,,,,
947315,2016,2016-07-22,Edgbaston,1,1.5,Warwickshire,Nottinghamshire,IR Bell,SR Hain,JT Ball,1,0,,,,,,,,,
947315,2016,2016-07-22,Edgbaston,1,1.6,Warwickshire,Nottinghamshire,SR Hain,IR Bell,JT Ball,1,0,,,,,,,,,
947315,2016,2016-07-22,Edgbaston,1,2.1,Warwickshire,Nottinghamshire,SR Hain,IR Bell,HF Gurney,0,0,,,,,,,,,
947315,2016,2016-07-22,Edgbaston,1,2.2,Warwickshire,Nottinghamshire,SR Hain,IR Bell,HF Gurney,1,0,,,,,,,,,
947315,2016,2016-07-22,Edgbaston,1,2.3,Warwickshire,Nottinghamshire,IR Bell,SR Hain,HF Gurney,1,0,,,,,,,,,
947315,2016,2016-07-22,Edgbaston,1,2.4,Warwickshire,Nottinghamshire,SR Hain,IR Bell,HF Gurney,0,0,,,,,,,,,
947315,2016,2016-07-22,Edgbaston,1,2.5,Warwickshire,Nottinghamshire,SR Hain,IR Bell,HF Gurney,1,0,,,,,,,,,
947315,2016,2016-07-22,Edgbaston,1,2.6,Warwickshire,Nottinghamshire,IR Bell,SR Hain,HF Gurney,0,0,,,,,,,,,
947315,2016,2016-07-22,Edgbaston,1,3.1,Warwickshire,Nottinghamshire,SR Hain,IR Bell,JT Ball,4,0,,,,,,,,,
947315,2016,2016-07-22,Edgbaston,1,3.2,Warwickshire,Nottinghamshire,SR Hain,IR Bell,JT Ball,2,0,,,,,,,,,
947315,2016,2016-07-22,Edgbaston,1,3.3,Warwickshire,Nottinghamshire,SR Hain,IR Bell,JT Ball,1,0,,,,,,,,,
947315,2016,2016-07-22,Edgbaston,1,3.4,Warwickshire,Nottinghamshire,IR Bell,SR Hain,JT Ball,1,0,,,,,,,,,
947315,2016,2016-07-22,Edgbaston,1,3.5,Warwickshire,Nottinghamshire,SR Hain,IR Bell,JT Ball,0,0,,,,,,,,,
947315,2016,2016-07-22,Edgbaston,1,3.6,Warwickshire,Nottinghamshire,SR Hain,IR Bell,JT Ball,4,0,,,,,,,,,
947315,2016,2016-07-22,Edgbaston,1,4.1,Warwickshire,Nottinghamshire,IR Bell,SR Hain,HF Gurney,0,0,,,,,,,,,
947315,2016,2016-07-22,Edgbaston,1,4.2,Warwickshire,Nottinghamshire,IR Bell,SR Hain,HF Gurney,1,0,,,,,,,,,
947315,2016,2016-07-22,Edgbaston,1,4.3,Warwickshire,Nottinghamshire,SR Hain,IR Bell,HF Gurney,1,0,,,,,,,,,
947315,2016,2016-07-22,Edgbaston,1,4.4,Warwickshire,Nottinghamshire,IR Bell,SR Hain,HF Gurney,6,0,,,,,,,,,
947315,2016,2016-07-22,Edgbaston,1,4.5,Warwickshire,Nottinghamshire,IR Bell,SR Hain,HF Gurney,0,0,,,,,,,,,
947315,2016,2016-07-22,Edgbaston,1,4.6,Warwickshire,Nottinghamshire,IR Bell,SR Hain,HF Gurney,1,0,,,,,,,,,
947315,2016,2016-07-22,Edgbaston,1,5.1,Warwickshire,Nottinghamshire,IR Bell,SR Hain,JT Ball,6,0,,,,,,,,,
947315,2016,2016-07-22,Edgbaston,1,5.2,Warwickshire,Nottinghamshire,IR Bell,SR Hain,JT Ball,0,1,,,,1,,,,,
947315,2016,2016-07-22,Edgbaston,1,5.3,Warwickshire,Nottinghamshire,SR Hain,IR Bell,JT Ball,0,0,,,,,,lbw,SR Hain,,
947315,2016,2016-07-22,Edgbaston,1,5.4,Warwickshire,Nottinghamshire,WTS Porterfield,IR Bell,JT Ball,0,0,,,,,,,,,
947315,2016,2016-07-22,Edgbaston,1,5.5,Warwickshire,Nottinghamshire,WTS Porterfield,IR Bell,JT Ball,0,0,,,,,,,,,
947315,2016,2016-07-22,Edgbaston,1,5.6,Warwickshire,Nottinghamshire,WTS Porterfield,IR Bell,JT Ball,0,0,,,,,,,,,
947315,2016,2016-07-22,Edgbaston,1,6.1,Warwickshire,Nottinghamshire,IR Bell,WTS Porterfield,SR Patel,1,0,,,,,,,,,
947315,2016,2016-07-22,Edgbaston,1,6.2,Warwickshire,Nottinghamshire,WTS Porterfield,IR Bell,SR Patel,1,0,,,,,,,,,
947315,2016,2016-07-22,Edgbaston,1,6.3,Warwickshire,Nottinghamshire,IR Bell,WTS Porterfield,SR Patel,1,0,,,,,,,,,
947315,2016,2016-07-22,Edgbaston,1,6.4,Warwickshire,Nottinghamshire,WTS Porterfield,IR Bell,SR Patel,1,0,,,,,,,,,
947315,2016,2016-07-22,Edgbaston,1,6.5,Warwickshire,Nottinghamshire,IR Bell,WTS Porterfield,SR Patel,0,0,,,,,,,,,
947315,2016,2016-07-22,Edgbaston,1,6.6,Warwickshire,Nottinghamshire,IR Bell,WTS Porterfield,SR Patel,0,0,,,,,,,,,
947315,2016,2016-07-22,Edgbaston,1,7.1,Warwickshire,Nottinghamshire,WTS Porterfield,IR Bell,SJ Mullaney,0,0,,,,,,,,,
947315,2016,2016-07-22,Edgbaston,1,7.2,Warwickshire,Nottinghamshire,WTS Porterfield,IR Bell,SJ Mullaney,0,0,,,,,,,,,
947315,2016,2016-07-22,Edgbaston,1,7.3,Warwickshire,Nottinghamshire,WTS Porterfield,IR Bell,SJ Mullaney,1,0,,,,,,,,,
947315,2016,2016-07-22,Edgbaston,1,7.4,Warwickshire,Nottinghamshire,IR Bell,WTS Porterfield,SJ Mullaney,2,0,,,,,,,,,
947315,2016,2016-07-22,Edgbaston,1,7.5,Warwickshire,Nottinghamshire,IR Bell,WTS Porterfield,SJ Mullaney,1,0,,,,,,,,,
947315,2016,2016-07-22,Edgbaston,1,7.6,Warwickshire,Nottinghamshire,WTS Porterfield,IR Bell,SJ Mullaney,1,0,,,,,,,,,
947315,2016,2016-07-22,Edgbaston,1,8.1,Warwickshire,Nottinghamshire,WTS Porterfield,IR Bell,SR Patel,1,0,,,,,,,,,
947315,2016,2016-07-22,Edgbaston,1,8.2,Warwickshire,Nottinghamshire,IR Bell,WTS Porterfield,SR Patel,6,0,,,,,,,,,
947315,2016,2016-07-22,Edgbaston,1,8.3,Warwickshire,Nottinghamshire,IR Bell,WTS Porterfield,SR Patel,1,0,,,,,,,,,
947315,2016,2016-07-22,Edgbaston,1,8.4,Warwickshire,Nottinghamshire,WTS Porterfield,IR Bell,SR Patel,0,0,,,,,,,,,
947315,2016,2016-07-22,Edgbaston,1,8.5,Warwickshire,Nottinghamshire,WTS Porterfield,IR Bell,SR Patel,2,0,,,,,,,,,
947315,2016,2016-07-22,Edgbaston,1,8.6,Warwickshire,Nottinghamshire,WTS Porterfield,IR Bell,SR Patel,1,0,,,,,,,,,
947315,2016,2016-07-22,Edgbaston,1,9.1,Warwickshire,Nottinghamshire,WTS Porterfield,IR Bell,SJ Mullaney,4,0,,,,,,,,,
947315,2016,2016-07-22,Edgbaston,1,9.2,Warwickshire,Nottinghamshire,WTS Porterfield,IR Bell,SJ Mullaney,1,0,,,,,,,,,
947315,2016,2016-07-22,Edgbaston,1,9.3,Warwickshire,Nottinghamshire,IR Bell,WTS Porterfield,SJ Mullaney,0,0,,,,,,,,,
947315,2016,2016-07-22,Edgbaston,1,9.4,Warwickshire,Nottinghamshire,IR Bell,WTS Porterfield,SJ Mullaney,0,0,,,,,,,,,
947315,2016,2016-07-22,Edgbaston,1,9.5,Warwickshire,Nottinghamshire,IR Bell,WTS Porterfield,SJ Mullaney,1,0,,,,,,,,,
947315,2016,2016-07-22,Edgbaston,1,9.6,Warwickshire,Nottinghamshire,WTS Porterfield,IR Bell,SJ Mullaney,1,0,,,,,,,,,
947315,2016,2016-07-22,Edgbaston,1,10.1,Warwickshire,Nottinghamshire,WTS Porterfield,IR Bell,Imran Tahir,0,0,,,,,,,,,
947315,2016,2016-07-22,Edgbaston,1,10.2,Warwickshire,Nottinghamshire,WTS Porterfield,IR Bell,Imran Tahir,1,0,,,,,,,,,
947315,2016,2016-07-22,Edgbaston,1,10.3,Warwickshire,Nottinghamshire,IR Bell,WTS Porterfield,Imran Tahir,1,0,,,,,,,,,
947315,2016,2016-07-22,Edgbaston,1,10.4,Warwickshire,Nottinghamshire,WTS Porterfield,IR Bell,Imran Tahir,1,0,,,,,,,,,
947315,2016,2016-07-22,Edgbaston,1,10.5,Warwickshire,Nottinghamshire,IR Bell,WTS Porterfield,Imran Tahir,1,0,,,,,,,,,
947315,2016,2016-07-22,Edgbaston,1,10.6,Warwickshire,Nottinghamshire,WTS Porterfield,IR Bell,Imran Tahir,1,0,,,,,,,,,
947315,2016,2016-07-22,Edgbaston,1,11.1,Warwickshire,Nottinghamshire,WTS Porterfield,IR Bell,SJ Mullaney,1,0,,,,,,,,,
947315,2016,2016-07-22,Edgbaston,1,11.2,Warwickshire,Nottinghamshire,IR Bell,WTS Porterfield,SJ Mullaney,6,0,,,,,,,,,
947315,2016,2016-07-22,Edgbaston,1,11.3,Warwickshire,Nottinghamshire,IR Bell,WTS Porterfield,SJ Mullaney,1,0,,,,,,,,,
947315,2016,2016-07-22,Edgbaston,1,11.4,Warwickshire,Nottinghamshire,WTS Porterfield,IR Bell,SJ Mullaney,4,0,,,,,,,,,
947315,2016,2016-07-22,Edgbaston,1,11.5,Warwickshire,Nottinghamshire,WTS Porterfield,IR Bell,SJ Mullaney,1,0,,,,,,,,,
947315,2016,2016-07-22,Edgbaston,1,11.6,Warwickshire,Nottinghamshire,IR Bell,WTS Porterfield,SJ Mullaney,0,0,,,,,,,,,
947315,2016,2016-07-22,Edgbaston,1,12.1,Warwickshire,Nottinghamshire,WTS Porterfield,IR Bell,Imran Tahir,4,0,,,,,,,,,
947315,2016,2016-07-22,Edgbaston,1,12.2,Warwickshire,Nottinghamshire,WTS Porterfield,IR Bell,Imran Tahir,1,0,,,,,,,,,
947315,2016,2016-07-22,Edgbaston,1,12.3,Warwickshire,Nottinghamshire,IR Bell,WTS Porterfield,Imran Tahir,1,0,,,,,,,,,
947315,2016,2016-07-22,Edgbaston,1,12.4,Warwickshire,Nottinghamshire,WTS Porterfield,IR Bell,Imran Tahir,0,0,,,,,,,,,
947315,2016,2016-07-22,Edgbaston,1,12.5,Warwickshire,Nottinghamshire,WTS Porterfield,IR Bell,Imran Tahir,1,0,,,,,,,,,
947315,2016,2016-07-22,Edgbaston,1,12.6,Warwickshire,Nottinghamshire,IR Bell,WTS Porterfield,Imran Tahir,1,0,,,,,,,,,
947315,2016,2016-07-22,Edgbaston,1,13.1,Warwickshire,Nottinghamshire,IR Bell,WTS Porterfield,SJ Mullaney,1,0,,,,,,,,,
947315,2016,2016-07-22,Edgbaston,1,13.2,Warwickshire,Nottinghamshire,WTS Porterfield,IR Bell,SJ Mullaney,4,0,,,,,,,,,
947315,2016,2016-07-22,Edgbaston,1,13.3,Warwickshire,Nottinghamshire,WTS Porterfield,IR Bell,SJ Mullaney,6,0,,,,,,,,,
947315,2016,2016-07-22,Edgbaston,1,13.4,Warwickshire,Nottinghamshire,WTS Porterfield,IR Bell,SJ Mullaney,1,0,,,,,,,,,
947315,2016,2016-07-22,Edgbaston,1,13.5,Warwickshire,Nottinghamshire,IR Bell,WTS Porterfield,SJ Mullaney,0,0,,,,,,,,,
947315,2016,2016-07-22,Edgbaston,1,13.6,Warwickshire,Nottinghamshire,IR Bell,WTS Porterfield,SJ Mullaney,0,0,,,,,,,,,
947315,2016,2016-07-22,Edgbaston,1,14.1,Warwickshire,Nottinghamshire,WTS Porterfield,IR Bell,SR Patel,1,0,,,,,,,,,
947315,2016,2016-07-22,Edgbaston,1,14.2,Warwickshire,Nottinghamshire,IR Bell,WTS Porterfield,SR Patel,0,0,,,,,,,,,
947315,2016,2016-07-22,Edgbaston,1,14.3,Warwickshire,Nottinghamshire,IR Bell,WTS Porterfield,SR Patel,1,0,,,,,,,,,
947315,2016,2016-07-22,Edgbaston,1,14.4,Warwickshire,Nottinghamshire,WTS Porterfield,IR Bell,SR Patel,0,1,,,,1,,,,,
947315,2016,2016-07-22,Edgbaston,1,14.5,Warwickshire,Nottinghamshire,IR Bell,WTS Porterfield,SR Patel,1,0,,,,,,,,,
947315,2016,2016-07-22,Edgbaston,1,14.6,Warwickshire,Nottinghamshire,WTS Porterfield,IR Bell,SR Patel,0,0,,,,,,,,,
947315,2016,2016-07-22,Edgbaston,1,15.1,Warwickshire,Nottinghamshire,IR Bell,WTS Porterfield,Imran Tahir,2,0,,,,,,,,,
947315,2016,2016-07-22,Edgbaston,1,15.2,Warwickshire,Nottinghamshire,IR Bell,WTS Porterfield,Imran Tahir,1,0,,,,,,,,,
947315,2016,2016-07-22,Edgbaston,1,15.3,Warwickshire,Nottinghamshire,WTS Porterfield,IR Bell,Imran Tahir,0,1,1,,,,,,,,
947315,2016,2016-07-22,Edgbaston,1,15.4,Warwickshire,Nottinghamshire,WTS Porterfield,IR Bell,Imran Tahir,1,0,,,,,,,,,
947315,2016,2016-07-22,Edgbaston,1,15.5,Warwickshire,Nottinghamshire,IR Bell,WTS Porterfield,Imran Tahir,1,0,,,,,,,,,
947315,2016,2016-07-22,Edgbaston,1,15.6,Warwickshire,Nottinghamshire,WTS Porterfield,IR Bell,Imran Tahir,2,0,,,,,,,,,
947315,2016,2016-07-22,Edgbaston,1,15.7,Warwickshire,Nottinghamshire,WTS Porterfield,IR Bell,Imran Tahir,0,0,,,,,,,,,
947315,2016,2016-07-22,Edgbaston,1,16.1,Warwickshire,Nottinghamshire,IR Bell,WTS Porterfield,HF Gurney,4,0,,,,,,,,,
947315,2016,2016-07-22,Edgbaston,1,16.2,Warwickshire,Nottinghamshire,IR Bell,WTS Porterfield,HF Gurney,2,0,,,,,,,,,
947315,2016,2016-07-22,Edgbaston,1,16.3,Warwickshire,Nottinghamshire,IR Bell,WTS Porterfield,HF Gurney,2,0,,,,,,,,,
947315,2016,2016-07-22,Edgbaston,1,16.4,Warwickshire,Nottinghamshire,IR Bell,WTS Porterfield,HF Gurney,4,0,,,,,,,,,
947315,2016,2016-07-22,Edgbaston,1,16.5,Warwickshire,Nottinghamshire,IR Bell,WTS Porterfield,HF Gurney,6,0,,,,,,,,,
947315,2016,2016-07-22,Edgbaston,1,16.6,Warwickshire,Nottinghamshire,IR Bell,WTS Porterfield,HF Gurney,3,0,,,,,,,,,
947315,2016,2016-07-22,Edgbaston,1,17.1,Warwickshire,Nottinghamshire,IR Bell,WTS Porterfield,Imran Tahir,0,0,,,,,,,,,
947315,2016,2016-07-22,Edgbaston,1,17.2,Warwickshire,Nottinghamshire,IR Bell,WTS Porterfield,Imran Tahir,0,1,1,,,,,,,,
947315,2016,2016-07-22,Edgbaston,1,17.3,Warwickshire,Nottinghamshire,IR Bell,WTS Porterfield,Imran Tahir,1,0,,,,,,,,,
947315,2016,2016-07-22,Edgbaston,1,17.4,Warwickshire,Nottinghamshire,WTS Porterfield,IR Bell,Imran Tahir,6,0,,,,,,,,,
947315,2016,2016-07-22,Edgbaston,1,17.5,Warwickshire,Nottinghamshire,WTS Porterfield,IR Bell,Imran Tahir,1,0,,,,,,,,,
947315,2016,2016-07-22,Edgbaston,1,17.6,Warwickshire,Nottinghamshire,IR Bell,WTS Porterfield,Imran Tahir,4,0,,,,,,,,,
947315,2016,2016-07-22,Edgbaston,1,17.7,Warwickshire,Nottinghamshire,IR Bell,WTS Porterfield,Imran Tahir,2,0,,,,,,,,,
947315,2016,2016-07-22,Edgbaston,1,18.1,Warwickshire,Nottinghamshire,WTS Porterfield,IR Bell,HF Gurney,1,0,,,,,,,,,
947315,2016,2016-07-22,Edgbaston,1,18.2,Warwickshire,Nottinghamshire,IR Bell,WTS Porterfield,HF Gurney,0,0,,,,,,,,,
947315,2016,2016-07-22,Edgbaston,1,18.3,Warwickshire,Nottinghamshire,IR Bell,WTS Porterfield,HF Gurney,2,0,,,,,,,,,
947315,2016,2016-07-22,Edgbaston,1,18.4,Warwickshire,Nottinghamshire,IR Bell,WTS Porterfield,HF Gurney,0,0,,,,,,caught,IR Bell,,
947315,2016,2016-07-22,Edgbaston,1,18.5,Warwickshire,Nottinghamshire,MS Wade,WTS Porterfield,HF Gurney,2,0,,,,,,,,,
947315,2016,2016-07-22,Edgbaston,1,18.6,Warwickshire,Nottinghamshire,MS Wade,WTS Porterfield,HF Gurney,4,0,,,,,,,,,
947315,2016,2016-07-22,Edgbaston,1,19.1,Warwickshire,Nottinghamshire,WTS Porterfield,MS Wade,JT Ball,0,1,1,,,,,,,,
947315,2016,2016-07-22,Edgbaston,1,19.2,Warwickshire,Nottinghamshire,WTS Porterfield,MS Wade,JT Ball,0,0,,,,,,,,,
947315,2016,2016-07-22,Edgbaston,1,19.3,Warwickshire,Nottinghamshire,WTS Porterfield,MS Wade,JT Ball,1,0,,,,,,,,,
947315,2016,2016-07-22,Edgbaston,1,19.4,Warwickshire,Nottinghamshire,MS Wade,WTS Porterfield,JT Ball,1,0,,,,,,,,,
947315,2016,2016-07-22,Edgbaston,1,19.5,Warwickshire,Nottinghamshire,WTS Porterfield,MS Wade,JT Ball,4,0,,,,,,,,,
947315,2016,2016-07-22,Edgbaston,1,19.6,Warwickshire,Nottinghamshire,WTS Porterfield,MS Wade,JT Ball,2,0,,,,,,,,,
947315,2016,2016-07-22,Edgbaston,1,19.7,Warwickshire,Nottinghamshire,WTS Porterfield,MS Wade,JT Ball,2,0,,,,,,,,,
947315,2016,2016-07-22,Edgbaston,2,0.1,Nottinghamshire,Warwickshire,MJ Lumb,MH Wessels,R Clarke,1,0,,,,,,,,,
947315,2016,2016-07-22,Edgbaston,2,0.2,Nottinghamshire,Warwickshire,MH Wessels,MJ Lumb,R Clarke,0,0,,,,,,,,,
947315,2016,2016-07-22,Edgbaston,2,0.3,Nottinghamshire,Warwickshire,MH Wessels,MJ Lumb,R Clarke,4,0,,,,,,,,,
947315,2016,2016-07-22,Edgbaston,2,0.4,Nottinghamshire,Warwickshire,MH Wessels,MJ Lumb,R Clarke,1,0,,,,,,,,,
947315,2016,2016-07-22,Edgbaston,2,0.5,Nottinghamshire,Warwickshire,MJ Lumb,MH Wessels,R Clarke,0,0,,,,,,,,,
947315,2016,2016-07-22,Edgbaston,2,0.6,Nottinghamshire,Warwickshire,MJ Lumb,MH Wessels,R Clarke,0,0,,,,,,,,,
947315,2016,2016-07-22,Edgbaston,2,1.1,Nottinghamshire,Warwickshire,MH Wessels,MJ Lumb,OJ Hannon-Dalby,0,0,,,,,,,,,
947315,2016,2016-07-22,Edgbaston,2,1.2,Nottinghamshire,Warwickshire,MH Wessels,MJ Lumb,OJ Hannon-Dalby,1,0,,,,,,,,,
947315,2016,2016-07-22,Edgbaston,2,1.3,Nottinghamshire,Warwickshire,MJ Lumb,MH Wessels,OJ Hannon-Dalby,0,0,,,,,,,,,
947315,2016,2016-07-22,Edgbaston,2,1.4,Nottinghamshire,Warwickshire,MJ Lumb,MH Wessels,OJ Hannon-Dalby,1,0,,,,,,,,,
947315,2016,2016-07-22,Edgbaston,2,1.5,Nottinghamshire,Warwickshire,MH Wessels,MJ Lumb,OJ Hannon-Dalby,1,0,,,,,,,,,
947315,2016,2016-07-22,Edgbaston,2,1.6,Nottinghamshire,Warwickshire,MJ Lumb,MH Wessels,OJ Hannon-Dalby,0,0,,,,,,,,,
947315,2016,2016-07-22,Edgbaston,2,2.1,Nottinghamshire,Warwickshire,MH Wessels,MJ Lumb,R Clarke,0,0,,,,,,,,,
947315,2016,2016-07-22,Edgbaston,2,2.2,Nottinghamshire,Warwickshire,MH Wessels,MJ Lumb,R Clarke,0,0,,,,,,,,,
947315,2016,2016-07-22,Edgbaston,2,2.3,Nottinghamshire,Warwickshire,MH Wessels,MJ Lumb,R Clarke,1,0,,,,,,,,,
947315,2016,2016-07-22,Edgbaston,2,2.4,Nottinghamshire,Warwickshire,MJ Lumb,MH Wessels,R Clarke,0,0,,,,,,,,,
947315,2016,2016-07-22,Edgbaston,2,2.5,Nottinghamshire,Warwickshire,MJ Lumb,MH Wessels,R Clarke,4,0,,,,,,,,,
947315,2016,2016-07-22,Edgbaston,2,2.6,Nottinghamshire,Warwickshire,MJ Lumb,MH Wessels,R Clarke,4,0,,,,,,,,,
947315,2016,2016-07-22,Edgbaston,2,3.1,Nottinghamshire,Warwickshire,MH Wessels,MJ Lumb,KHD Barker,1,0,,,,,,,,,
947315,2016,2016-07-22,Edgbaston,2,3.2,Nottinghamshire,Warwickshire,MJ Lumb,MH Wessels,KHD Barker,1,0,,,,,,,,,
947315,2016,2016-07-22,Edgbaston,2,3.3,Nottinghamshire,Warwickshire,MH Wessels,MJ Lumb,KHD Barker,1,0,,,,,,,,,
947315,2016,2016-07-22,Edgbaston,2,3.4,Nottinghamshire,Warwickshire,MJ Lumb,MH Wessels,KHD Barker,4,0,,,,,,,,,
947315,2016,2016-07-22,Edgbaston,2,3.5,Nottinghamshire,Warwickshire,MJ Lumb,MH Wessels,KHD Barker,0,0,,,,,,,,,
947315,2016,2016-07-22,Edgbaston,2,3.6,Nottinghamshire,Warwickshire,MJ Lumb,MH Wessels,KHD Barker,1,0,,,,,,,,,
947315,2016,2016-07-22,Edgbaston,2,4.1,Nottinghamshire,Warwickshire,MJ Lumb,MH Wessels,OJ Hannon-Dalby,1,0,,,,,,,,,
947315,2016,2016-07-22,Edgbaston,2,4.2,Nottinghamshire,Warwickshire,MH Wessels,MJ Lumb,OJ Hannon-Dalby,4,0,,,,,,,,,
947315,2016,2016-07-22,Edgbaston,2,4.3,Nottinghamshire,Warwickshire,MH Wessels,MJ Lumb,OJ Hannon-Dalby,4,0,,,,,,,,,
947315,2016,2016-07-22,Edgbaston,2,4.4,Nottinghamshire,Warwickshire,MH Wessels,MJ Lumb,OJ Hannon-Dalby,0,0,,,,,,,,,
947315,2016,2016-07-22,Edgbaston,2,4.5,Nottinghamshire,Warwickshire,MH Wessels,MJ Lumb,OJ Hannon-Dalby,4,0,,,,,,,,,
947315,2016,2016-07-22,Edgbaston,2,4.6,Nottinghamshire,Warwickshire,MH Wessels,MJ Lumb,OJ Hannon-Dalby,0,0,,,,,,,,,
947315,2016,2016-07-22,Edgbaston,2,5.1,Nottinghamshire,Warwickshire,MJ Lumb,MH Wessels,KHD Barker,1,0,,,,,,,,,
947315,2016,2016-07-22,Edgbaston,2,5.2,Nottinghamshire,Warwickshire,MH Wessels,MJ Lumb,KHD Barker,1,0,,,,,,,,,
947315,2016,2016-07-22,Edgbaston,2,5.3,Nottinghamshire,Warwickshire,MJ Lumb,MH Wessels,KHD Barker,6,0,,,,,,,,,
947315,2016,2016-07-22,Edgbaston,2,5.4,Nottinghamshire,Warwickshire,MJ Lumb,MH Wessels,KHD Barker,0,0,,,,,,,,,
947315,2016,2016-07-22,Edgbaston,2,5.5,Nottinghamshire,Warwickshire,MJ Lumb,MH Wessels,KHD Barker,1,0,,,,,,,,,
947315,2016,2016-07-22,Edgbaston,2,5.6,Nottinghamshire,Warwickshire,MH Wessels,MJ Lumb,KHD Barker,1,0,,,,,,,,,
947315,2016,2016-07-22,Edgbaston,2,6.1,Nottinghamshire,Warwickshire,MH Wessels,MJ Lumb,AD Thomason,0,0,,,,,,,,,
947315,2016,2016-07-22,Edgbaston,2,6.2,Nottinghamshire,Warwickshire,MH Wessels,MJ Lumb,AD Thomason,0,1,1,,,,,,,,
947315,2016,2016-07-22,Edgbaston,2,6.3,Nottinghamshire,Warwickshire,MH Wessels,MJ Lumb,AD Thomason,2,0,,,,,,,,,
947315,2016,2016-07-22,Edgbaston,2,6.4,Nottinghamshire,Warwickshire,MH Wessels,MJ Lumb,AD Thomason,1,0,,,,,,,,,
947315,2016,2016-07-22,Edgbaston,2,6.5,Nottinghamshire,Warwickshire,MJ Lumb,MH Wessels,AD Thomason,1,0,,,,,,,,,
947315,2016,2016-07-22,Edgbaston,2,6.6,Nottinghamshire,Warwickshire,MH Wessels,MJ Lumb,AD Thomason,0,1,1,,,,,,,,
947315,2016,2016-07-22,Edgbaston,2,6.7,Nottinghamshire,Warwickshire,MH Wessels,MJ Lumb,AD Thomason,0,0,,,,,,,,,
947315,2016,2016-07-22,Edgbaston,2,6.8,Nottinghamshire,Warwickshire,MH Wessels,MJ Lumb,AD Thomason,6,0,,,,,,,,,
947315,2016,2016-07-22,Edgbaston,2,7.1,Nottinghamshire,Warwickshire,MJ Lumb,MH Wessels,JS Patel,0,0,,,,,,,,,
947315,2016,2016-07-22,Edgbaston,2,7.2,Nottinghamshire,Warwickshire,MJ Lumb,MH Wessels,JS Patel,3,0,,,,,,,,,
947315,2016,2016-07-22,Edgbaston,2,7.3,Nottinghamshire,Warwickshire,MH Wessels,MJ Lumb,JS Patel,1,0,,,,,,,,,
947315,2016,2016-07-22,Edgbaston,2,7.4,Nottinghamshire,Warwickshire,MJ Lumb,MH Wessels,JS Patel,1,0,,,,,,,,,
947315,2016,2016-07-22,Edgbaston,2,7.5,Nottinghamshire,Warwickshire,MH Wessels,MJ Lumb,JS Patel,2,0,,,,,,,,,
947315,2016,2016-07-22,Edgbaston,2,7.6,Nottinghamshire,Warwickshire,MH Wessels,MJ Lumb,JS Patel,0,0,,,,,,,,,
947315,2016,2016-07-22,Edgbaston,2,8.1,Nottinghamshire,Warwickshire,MJ Lumb,MH Wessels,KHD Barker,4,0,,,,,,,,,
947315,2016,2016-07-22,Edgbaston,2,8.2,Nottinghamshire,Warwickshire,MJ Lumb,MH Wessels,KHD Barker,0,1,,,,1,,,,,
947315,2016,2016-07-22,Edgbaston,2,8.3,Nottinghamshire,Warwickshire,MH Wessels,MJ Lumb,KHD Barker,1,0,,,,,,,,,
947315,2016,2016-07-22,Edgbaston,2,8.4,Nottinghamshire,Warwickshire,MJ Lumb,MH Wessels,KHD Barker,0,0,,,,,,caught,MJ Lumb,,
947315,2016,2016-07-22,Edgbaston,2,8.5,Nottinghamshire,Warwickshire,GP Smith,MH Wessels,KHD Barker,1,0,,,,,,,,,
947315,2016,2016-07-22,Edgbaston,2,8.6,Nottinghamshire,Warwickshire,MH Wessels,GP Smith,KHD Barker,0,0,,,,,,caught,MH Wessels,,
947315,2016,2016-07-22,Edgbaston,2,9.1,Nottinghamshire,Warwickshire,DT Christian,GP Smith,A Javid,1,0,,,,,,,,,
947315,2016,2016-07-22,Edgbaston,2,9.2,Nottinghamshire,Warwickshire,GP Smith,DT Christian,A Javid,0,0,,,,,,,,,
947315,2016,2016-07-22,Edgbaston,2,9.3,Nottinghamshire,Warwickshire,GP Smith,DT Christian,A Javid,1,0,,,,,,,,,
947315,2016,2016-07-22,Edgbaston,2,9.4,Nottinghamshire,Warwickshire,DT Christian,GP Smith,A Javid,1,0,,,,,,,,,
947315,2016,2016-07-22,Edgbaston,2,9.5,Nottinghamshire,Warwickshire,GP Smith,DT Christian,A Javid,1,0,,,,,,,,,
947315,2016,2016-07-22,Edgbaston,2,9.6,Nottinghamshire,Warwickshire,DT Christian,GP Smith,A Javid,1,0,,,,,,,,,
947315,2016,2016-07-22,Edgbaston,2,10.1,Nottinghamshire,Warwickshire,DT Christian,GP Smith,AD Thomason,1,0,,,,,,,,,
947315,2016,2016-07-22,Edgbaston,2,10.2,Nottinghamshire,Warwickshire,GP Smith,DT Christian,AD Thomason,4,0,,,,,,,,,
947315,2016,2016-07-22,Edgbaston,2,10.3,Nottinghamshire,Warwickshire,GP Smith,DT Christian,AD Thomason,2,0,,,,,,,,,
947315,2016,2016-07-22,Edgbaston,2,10.4,Nottinghamshire,Warwickshire,GP Smith,DT Christian,AD Thomason,4,0,,,,,,,,,
947315,2016,2016-07-22,Edgbaston,2,10.5,Nottinghamshire,Warwickshire,GP Smith,DT Christian,AD Thomason,1,0,,,,,,,,,
947315,2016,2016-07-22,Edgbaston,2,10.6,Nottinghamshire,Warwickshire,DT Christian,GP Smith,AD Thomason,1,0,,,,,,,,,
947315,2016,2016-07-22,Edgbaston,2,11.1,Nottinghamshire,Warwickshire,DT Christian,GP Smith,JS Patel,0,0,,,,,,,,,
947315,2016,2016-07-22,Edgbaston,2,11.2,Nottinghamshire,Warwickshire,DT Christian,GP Smith,JS Patel,1,0,,,,,,,,,
947315,2016,2016-07-22,Edgbaston,2,11.3,Nottinghamshire,Warwickshire,GP Smith,DT Christian,JS Patel,4,0,,,,,,,,,
947315,2016,2016-07-22,Edgbaston,2,11.4,Nottinghamshire,Warwickshire,GP Smith,DT Christian,JS Patel,1,0,,,,,,,,,
947315,2016,2016-07-22,Edgbaston,2,11.5,Nottinghamshire,Warwickshire,DT Christian,GP Smith,JS Patel,1,0,,,,,,,,,
947315,2016,2016-07-22,Edgbaston,2,11.6,Nottinghamshire,Warwickshire,GP Smith,DT Christian,JS Patel,2,0,,,,,,,,,
947315,2016,2016-07-22,Edgbaston,2,12.1,Nottinghamshire,Warwickshire,DT Christian,GP Smith,R Clarke,0,0,,,,,,,,,
947315,2016,2016-07-22,Edgbaston,2,12.2,Nottinghamshire,Warwickshire,DT Christian,GP Smith,R Clarke,1,0,,,,,,,,,
947315,2016,2016-07-22,Edgbaston,2,12.3,Nottinghamshire,Warwickshire,GP Smith,DT Christian,R Clarke,1,0,,,,,,,,,
947315,2016,2016-07-22,Edgbaston,2,12.4,Nottinghamshire,Warwickshire,DT Christian,GP Smith,R Clarke,1,0,,,,,,,,,
947315,2016,2016-07-22,Edgbaston,2,12.5,Nottinghamshire,Warwickshire,GP Smith,DT Christian,R Clarke,1,0,,,,,,,,,
947315,2016,2016-07-22,Edgbaston,2,12.6,Nottinghamshire,Warwickshire,DT Christian,GP Smith,R Clarke,1,0,,,,,,,,,
947315,2016,2016-07-22,Edgbaston,2,13.1,Nottinghamshire,Warwickshire,DT Christian,GP Smith,JS Patel,1,0,,,,,,,,,
947315,2016,2016-07-22,Edgbaston,2,13.2,Nottinghamshire,Warwickshire,GP Smith,DT Christian,JS Patel,1,0,,,,,,,,,
947315,2016,2016-07-22,Edgbaston,2,13.3,Nottinghamshire,Warwickshire,DT Christian,GP Smith,JS Patel,1,0,,,,,,,,,
947315,2016,2016-07-22,Edgbaston,2,13.4,Nottinghamshire,Warwickshire,GP Smith,DT Christian,JS Patel,0,0,,,,,,,,,
947315,2016,2016-07-22,Edgbaston,2,13.5,Nottinghamshire,Warwickshire,GP Smith,DT Christian,JS Patel,1,0,,,,,,,,,
947315,2016,2016-07-22,Edgbaston,2,13.6,Nottinghamshire,Warwickshire,DT Christian,GP Smith,JS Patel,1,0,,,,,,,,,
947315,2016,2016-07-22,Edgbaston,2,14.1,Nottinghamshire,Warwickshire,DT Christian,GP Smith,OJ Hannon-Dalby,2,0,,,,,,,,,
947315,2016,2016-07-22,Edgbaston,2,14.2,Nottinghamshire,Warwickshire,DT Christian,GP Smith,OJ Hannon-Dalby,4,0,,,,,,,,,
947315,2016,2016-07-22,Edgbaston,2,14.3,Nottinghamshire,Warwickshire,DT Christian,GP Smith,OJ Hannon-Dalby,1,0,,,,,,,,,
947315,2016,2016-07-22,Edgbaston,2,14.4,Nottinghamshire,Warwickshire,GP Smith,DT Christian,OJ Hannon-Dalby,1,0,,,,,,,,,
947315,2016,2016-07-22,Edgbaston,2,14.5,Nottinghamshire,Warwickshire,DT Christian,GP Smith,OJ Hannon-Dalby,1,0,,,,,,,,,
947315,2016,2016-07-22,Edgbaston,2,14.6,Nottinghamshire,Warwickshire,GP Smith,DT Christian,OJ Hannon-Dalby,1,0,,,,,,,,,
947315,2016,2016-07-22,Edgbaston,2,15.1,Nottinghamshire,Warwickshire,GP Smith,DT Christian,A Javid,1,0,,,,,,,,,
947315,2016,2016-07-22,Edgbaston,2,15.2,Nottinghamshire,Warwickshire,DT Christian,GP Smith,A Javid,6,0,,,,,,,,,
947315,2016,2016-07-22,Edgbaston,2,15.3,Nottinghamshire,Warwickshire,DT Christian,GP Smith,A Javid,0,1,1,,,,,,,,
947315,2016,2016-07-22,Edgbaston,2,15.4,Nottinghamshire,Warwickshire,DT Christian,GP Smith,A Javid,6,0,,,,,,,,,
947315,2016,2016-07-22,Edgbaston,2,15.5,Nottinghamshire,Warwickshire,DT Christian,GP Smith,A Javid,4,0,,,,,,,,,
947315,2016,2016-07-22,Edgbaston,2,15.6,Nottinghamshire,Warwickshire,DT Christian,GP Smith,A Javid,0,0,,,,,,lbw,DT Christian,,
947315,2016,2016-07-22,Edgbaston,2,15.7,Nottinghamshire,Warwickshire,SR Patel,GP Smith,A Javid,1,0,,,,,,,,,
947315,2016,2016-07-22,Edgbaston,2,16.1,Nottinghamshire,Warwickshire,SR Patel,GP Smith,KHD Barker,0,0,,,,,,,,,
947315,2016,2016-07-22,Edgbaston,2,16.2,Nottinghamshire,Warwickshire,SR Patel,GP Smith,KHD Barker,0,0,,,,,,caught and bowled,SR Patel,,
947315,2016,2016-07-22,Edgbaston,2,16.3,Nottinghamshire,Warwickshire,GP Smith,BRM Taylor,KHD Barker,0,2,,2,,,,,,,
947315,2016,2016-07-22,Edgbaston,2,16.4,Nottinghamshire,Warwickshire,GP Smith,BRM Taylor,KHD Barker,0,0,,,,,,,,,
947315,2016,2016-07-22,Edgbaston,2,16.5,Nottinghamshire,Warwickshire,GP Smith,BRM Taylor,KHD Barker,0,0,,,,,,,,,
947315,2016,2016-07-22,Edgbaston,2,16.6,Nottinghamshire,Warwickshire,GP Smith,BRM Taylor,KHD Barker,0,1,1,,,,,,,,
947315,2016,2016-07-22,Edgbaston,2,16.7,Nottinghamshire,Warwickshire,GP Smith,BRM Taylor,KHD Barker,6,0,,,,,,,,,
947315,2016,2016-07-22,Edgbaston,2,16.8,Nottinghamshire,Warwickshire,GP Smith,BRM Taylor,KHD Barker,1,0,,,,,,,,,
947315,2016,2016-07-22,Edgbaston,2,17.1,Nottinghamshire,Warwickshire,GP Smith,BRM Taylor,JS Patel,1,0,,,,,,,,,
947315,2016,2016-07-22,Edgbaston,2,17.2,Nottinghamshire,Warwickshire,BRM Taylor,GP Smith,JS Patel,1,0,,,,,,,,,
947315,2016,2016-07-22,Edgbaston,2,17.3,Nottinghamshire,Warwickshire,GP Smith,BRM Taylor,JS Patel,4,0,,,,,,,,,
947315,2016,2016-07-22,Edgbaston,2,17.4,Nottinghamshire,Warwickshire,GP Smith,BRM Taylor,JS Patel,1,0,,,,,,,,,
947315,2016,2016-07-22,Edgbaston,2,17.5,Nottinghamshire,Warwickshire,BRM Taylor,GP Smith,JS Patel,0,0,,,,,,,,,
947315,2016,2016-07-22,Edgbaston,2,17.6,Nottinghamshire,Warwickshire,BRM Taylor,GP Smith,JS Patel,0,0,,,,,,,,,
947315,2016,2016-07-22,Edgbaston,2,18.1,Nottinghamshire,Warwickshire,GP Smith,BRM Taylor,R Clarke,0,1,,,,1,,,,,
947315,2016,2016-07-22,Edgbaston,2,18.2,Nottinghamshire,Warwickshire,BRM Taylor,GP Smith,R Clarke,1,0,,,,,,,,,
947315,2016,2016-07-22,Edgbaston,2,18.3,Nottinghamshire,Warwickshire,GP Smith,BRM Taylor,R Clarke,4,0,,,,,,,,,
947315,2016,2016-07-22,Edgbaston,2,18.4,Nottinghamshire,Warwickshire,GP Smith,BRM Taylor,R Clarke,6,0,,,,,,,,,
947315,2016,2016-07-22,Edgbaston,2,18.5,Nottinghamshire,Warwickshire,GP Smith,BRM Taylor,R Clarke,1,0,,,,,,,,,
947315,2016,2016-07-22,Edgbaston,2,18.6,Nottinghamshire,Warwickshire,BRM Taylor,GP Smith,R Clarke,1,0,,,,,,,,,
947315,2016,2016-07-22,Edgbaston,2,19.1,Nottinghamshire,Warwickshire,BRM Taylor,GP Smith,OJ Hannon-Dalby,1,0,,,,,,,,,
