match_id,season,start_date,venue,innings,ball,batting_team,bowling_team,striker,non_striker,bowler,runs_off_bat,extras,wides,noballs,byes,legbyes,penalty,wicket_type,player_dismissed,other_wicket_type,other_player_dismissed
947331,2016,2016-07-29,County Ground,1,0.1,Glamorgan,Essex,DL Lloyd,MA Wallace,DD Masters,0,0,,,,,,,,,
947331,2016,2016-07-29,County Ground,1,0.2,Glamorgan,Essex,DL Lloyd,MA Wallace,DD Masters,4,0,,,,,,,,,
947331,2016,2016-07-29,County Ground,1,0.3,Glamorgan,Essex,DL Lloyd,MA Wallace,DD Masters,0,0,,,,,,,,,
947331,2016,2016-07-29,County Ground,1,0.4,Glamorgan,Essex,DL Lloyd,MA Wallace,DD Masters,4,0,,,,,,,,,
947331,2016,2016-07-29,County Ground,1,0.5,Glamorgan,Essex,DL Lloyd,MA Wallace,DD Masters,1,0,,,,,,,,,
947331,2016,2016-07-29,County Ground,1,0.6,Glamorgan,Essex,MA Wallace,DL Lloyd,DD Masters,0,0,,,,,,,,,
947331,2016,2016-07-29,County Ground,1,1.1,Glamorgan,Essex,DL Lloyd,MA Wallace,MR Quinn,0,0,,,,,,,,,
947331,2016,2016-07-29,County Ground,1,1.2,Glamorgan,Essex,DL Lloyd,MA Wallace,MR Quinn,4,0,,,,,,,,,
947331,2016,2016-07-29,County Ground,1,1.3,Glamorgan,Essex,DL Lloyd,MA Wallace,MR Quinn,0,0,,,,,,,,,
947331,2016,2016-07-29,County Ground,1,1.4,Glamorgan,Essex,DL Lloyd,MA Wallace,MR Quinn,0,0,,,,,,,,,
947331,2016,2016-07-29,County Ground,1,1.5,Glamorgan,Essex,DL Lloyd,MA Wallace,MR Quinn,4,0,,,,,,,,,
947331,2016,2016-07-29,County Ground,1,1.6,Glamorgan,Essex,DL Lloyd,MA Wallace,MR Quinn,6,0,,,,,,,,,
947331,2016,2016-07-29,County Ground,1,2.1,Glamorgan,Essex,MA Wallace,DL Lloyd,DD Masters,1,0,,,,,,,,,
947331,2016,2016-07-29,County Ground,1,2.2,Glamorgan,Essex,DL Lloyd,MA Wallace,DD Masters,0,0,,,,,,,,,
947331,2016,2016-07-29,County Ground,1,2.3,Glamorgan,Essex,DL Lloyd,MA Wallace,DD Masters,0,0,,,,,,,,,
947331,2016,2016-07-29,County Ground,1,2.4,Glamorgan,Essex,DL Lloyd,MA Wallace,DD Masters,0,0,,,,,,caught,DL Lloyd,,
947331,2016,2016-07-29,County Ground,1,2.5,Glamorgan,Essex,CA Ingram,MA Wallace,DD Masters,0,0,,,,,,,,,
947331,2016,2016-07-29,County Ground,1,2.6,Glamorgan,Essex,CA Ingram,MA Wallace,DD Masters,0,0,,,,,,,,,
947331,2016,2016-07-29,County Ground,1,3.1,Glamorgan,Essex,MA Wallace,CA Ingram,GR Napier,0,0,,,,,,,,,
947331,2016,2016-07-29,County Ground,1,3.2,Glamorgan,Essex,MA Wallace,CA Ingram,GR Napier,1,0,,,,,,,,,
947331,2016,2016-07-29,County Ground,1,3.3,Glamorgan,Essex,CA Ingram,MA Wallace,GR Napier,0,0,,,,,,,,,
947331,2016,2016-07-29,County Ground,1,3.4,Glamorgan,Essex,CA Ingram,MA Wallace,GR Napier,2,0,,,,,,,,,
947331,2016,2016-07-29,County Ground,1,3.5,Glamorgan,Essex,CA Ingram,MA Wallace,GR Napier,4,0,,,,,,,,,
947331,2016,2016-07-29,County Ground,1,3.6,Glamorgan,Essex,CA Ingram,MA Wallace,GR Napier,6,0,,,,,,,,,
947331,2016,2016-07-29,County Ground,1,4.1,Glamorgan,Essex,MA Wallace,CA Ingram,DD Masters,1,0,,,,,,,,,
947331,2016,2016-07-29,County Ground,1,4.2,Glamorgan,Essex,CA Ingram,MA Wallace,DD Masters,0,0,,,,,,,,,
947331,2016,2016-07-29,County Ground,1,4.3,Glamorgan,Essex,CA Ingram,MA Wallace,DD Masters,1,0,,,,,,,,,
947331,2016,2016-07-29,County Ground,1,4.4,Glamorgan,Essex,MA Wallace,CA Ingram,DD Masters,0,0,,,,,,,,,
947331,2016,2016-07-29,County Ground,1,4.5,Glamorgan,Essex,MA Wallace,CA Ingram,DD Masters,0,0,,,,,,,,,
947331,2016,2016-07-29,County Ground,1,4.6,Glamorgan,Essex,MA Wallace,CA Ingram,DD Masters,1,0,,,,,,,,,
947331,2016,2016-07-29,County Ground,1,5.1,Glamorgan,Essex,MA Wallace,CA Ingram,MR Quinn,1,0,,,,,,,,,
947331,2016,2016-07-29,County Ground,1,5.2,Glamorgan,Essex,CA Ingram,MA Wallace,MR Quinn,0,0,,,,,,,,,
947331,2016,2016-07-29,County Ground,1,5.3,Glamorgan,Essex,CA Ingram,MA Wallace,MR Quinn,2,0,,,,,,,,,
947331,2016,2016-07-29,County Ground,1,5.4,Glamorgan,Essex,CA Ingram,MA Wallace,MR Quinn,0,0,,,,,,,,,
947331,2016,2016-07-29,County Ground,1,5.5,Glamorgan,Essex,CA Ingram,MA Wallace,MR Quinn,1,0,,,,,,,,,
947331,2016,2016-07-29,County Ground,1,5.6,Glamorgan,Essex,MA Wallace,CA Ingram,MR Quinn,1,0,,,,,,,,,
947331,2016,2016-07-29,County Ground,1,6.1,Glamorgan,Essex,MA Wallace,CA Ingram,RN ten Doeschate,1,0,,,,,,,,,
947331,2016,2016-07-29,County Ground,1,6.2,Glamorgan,Essex,CA Ingram,MA Wallace,RN ten Doeschate,0,0,,,,,,,,,
947331,2016,2016-07-29,County Ground,1,6.3,Glamorgan,Essex,CA Ingram,MA Wallace,RN ten Doeschate,2,0,,,,,,,,,
947331,2016,2016-07-29,County Ground,1,6.4,Glamorgan,Essex,CA Ingram,MA Wallace,RN ten Doeschate,0,0,,,,,,,,,
947331,2016,2016-07-29,County Ground,1,6.5,Glamorgan,Essex,CA Ingram,MA Wallace,RN ten Doeschate,4,0,,,,,,,,,
947331,2016,2016-07-29,County Ground,1,6.6,Glamorgan,Essex,CA Ingram,MA Wallace,RN ten Doeschate,1,0,,,,,,,,,
947331,2016,2016-07-29,County Ground,1,7.1,Glamorgan,Essex,CA Ingram,MA Wallace,DW Lawrence,0,1,1,,,,,,,,
947331,2016,2016-07-29,County Ground,1,7.2,Glamorgan,Essex,CA Ingram,MA Wallace,DW Lawrence,1,0,,,,,,,,,
947331,2016,2016-07-29,County Ground,1,7.3,Glamorgan,Essex,MA Wallace,CA Ingram,DW Lawrence,1,0,,,,,,,,,
947331,2016,2016-07-29,County Ground,1,7.4,Glamorgan,Essex,CA Ingram,MA Wallace,DW Lawrence,0,0,,,,,,,,,
947331,2016,2016-07-29,County Ground,1,7.5,Glamorgan,Essex,CA Ingram,MA Wallace,DW Lawrence,0,0,,,,,,,,,
947331,2016,2016-07-29,County Ground,1,7.6,Glamorgan,Essex,CA Ingram,MA Wallace,DW Lawrence,0,0,,,,,,,,,
947331,2016,2016-07-29,County Ground,1,7.7,Glamorgan,Essex,CA Ingram,MA Wallace,DW Lawrence,0,1,1,,,,,,,,
947331,2016,2016-07-29,County Ground,1,7.8,Glamorgan,Essex,CA Ingram,MA Wallace,DW Lawrence,2,0,,,,,,,,,
947331,2016,2016-07-29,County Ground,1,8.1,Glamorgan,Essex,MA Wallace,CA Ingram,RS Bopara,0,0,,,,,,,,,
947331,2016,2016-07-29,County Ground,1,8.2,Glamorgan,Essex,MA Wallace,CA Ingram,RS Bopara,1,0,,,,,,,,,
947331,2016,2016-07-29,County Ground,1,8.3,Glamorgan,Essex,CA Ingram,MA Wallace,RS Bopara,1,0,,,,,,,,,
947331,2016,2016-07-29,County Ground,1,8.4,Glamorgan,Essex,MA Wallace,CA Ingram,RS Bopara,1,0,,,,,,,,,
947331,2016,2016-07-29,County Ground,1,8.5,Glamorgan,Essex,CA Ingram,MA Wallace,RS Bopara,4,0,,,,,,,,,
947331,2016,2016-07-29,County Ground,1,8.6,Glamorgan,Essex,CA Ingram,MA Wallace,RS Bopara,0,1,1,,,,,,,,
947331,2016,2016-07-29,County Ground,1,8.7,Glamorgan,Essex,CA Ingram,MA Wallace,RS Bopara,6,0,,,,,,,,,
947331,2016,2016-07-29,County Ground,1,9.1,Glamorgan,Essex,MA Wallace,CA Ingram,DW Lawrence,1,0,,,,,,,,,
947331,2016,2016-07-29,County Ground,1,9.2,Glamorgan,Essex,CA Ingram,MA Wallace,DW Lawrence,2,0,,,,,,,,,
947331,2016,2016-07-29,County Ground,1,9.3,Glamorgan,Essex,CA Ingram,MA Wallace,DW Lawrence,1,0,,,,,,,,,
947331,2016,2016-07-29,County Ground,1,9.4,Glamorgan,Essex,MA Wallace,CA Ingram,DW Lawrence,0,0,,,,,,bowled,MA Wallace,,
947331,2016,2016-07-29,County Ground,1,9.5,Glamorgan,Essex,AHT Donald,CA Ingram,DW Lawrence,4,0,,,,,,,,,
947331,2016,2016-07-29,County Ground,1,9.6,Glamorgan,Essex,AHT Donald,CA Ingram,DW Lawrence,4,0,,,,,,,,,
947331,2016,2016-07-29,County Ground,1,10.1,Glamorgan,Essex,CA Ingram,AHT Donald,RN ten Doeschate,1,0,,,,,,,,,
947331,2016,2016-07-29,County Ground,1,10.2,Glamorgan,Essex,AHT Donald,CA Ingram,RN ten Doeschate,0,0,,,,,,,,,
947331,2016,2016-07-29,County Ground,1,10.3,Glamorgan,Essex,AHT Donald,CA Ingram,RN ten Doeschate,0,0,,,,,,,,,
947331,2016,2016-07-29,County Ground,1,10.4,Glamorgan,Essex,AHT Donald,CA Ingram,RN ten Doeschate,1,0,,,,,,,,,
947331,2016,2016-07-29,County Ground,1,10.5,Glamorgan,Essex,CA Ingram,AHT Donald,RN ten Doeschate,1,0,,,,,,,,,
947331,2016,2016-07-29,County Ground,1,10.6,Glamorgan,Essex,AHT Donald,CA Ingram,RN ten Doeschate,1,0,,,,,,,,,
947331,2016,2016-07-29,County Ground,1,11.1,Glamorgan,Essex,AHT Donald,CA Ingram,DD Masters,0,0,,,,,,,,,
947331,2016,2016-07-29,County Ground,1,11.2,Glamorgan,Essex,AHT Donald,CA Ingram,DD Masters,1,0,,,,,,,,,
947331,2016,2016-07-29,County Ground,1,11.3,Glamorgan,Essex,CA Ingram,AHT Donald,DD Masters,1,0,,,,,,,,,
947331,2016,2016-07-29,County Ground,1,11.4,Glamorgan,Essex,AHT Donald,CA Ingram,DD Masters,0,0,,,,,,,,,
947331,2016,2016-07-29,County Ground,1,11.5,Glamorgan,Essex,AHT Donald,CA Ingram,DD Masters,1,0,,,,,,,,,
947331,2016,2016-07-29,County Ground,1,11.6,Glamorgan,Essex,CA Ingram,AHT Donald,DD Masters,0,0,,,,,,,,,
947331,2016,2016-07-29,County Ground,1,12.1,Glamorgan,Essex,AHT Donald,CA Ingram,RN ten Doeschate,0,0,,,,,,caught,AHT Donald,,
947331,2016,2016-07-29,County Ground,1,12.2,Glamorgan,Essex,CA Ingram,JA Rudolph,RN ten Doeschate,1,0,,,,,,,,,
947331,2016,2016-07-29,County Ground,1,12.3,Glamorgan,Essex,JA Rudolph,CA Ingram,RN ten Doeschate,1,0,,,,,,,,,
947331,2016,2016-07-29,County Ground,1,12.4,Glamorgan,Essex,CA Ingram,JA Rudolph,RN ten Doeschate,1,0,,,,,,,,,
947331,2016,2016-07-29,County Ground,1,12.5,Glamorgan,Essex,JA Rudolph,CA Ingram,RN ten Doeschate,0,0,,,,,,,,,
947331,2016,2016-07-29,County Ground,1,12.6,Glamorgan,Essex,JA Rudolph,CA Ingram,RN ten Doeschate,1,0,,,,,,,,,
947331,2016,2016-07-29,County Ground,1,13.1,Glamorgan,Essex,JA Rudolph,CA Ingram,DW Lawrence,6,0,,,,,,,,,
947331,2016,2016-07-29,County Ground,1,13.2,Glamorgan,Essex,JA Rudolph,CA Ingram,DW Lawrence,1,0,,,,,,,,,
947331,2016,2016-07-29,County Ground,1,13.3,Glamorgan,Essex,CA Ingram,JA Rudolph,DW Lawrence,2,0,,,,,,,,,
947331,2016,2016-07-29,County Ground,1,13.4,Glamorgan,Essex,CA Ingram,JA Rudolph,DW Lawrence,0,0,,,,,,,,,
947331,2016,2016-07-29,County Ground,1,13.5,Glamorgan,Essex,CA Ingram,JA Rudolph,DW Lawrence,1,0,,,,,,,,,
947331,2016,2016-07-29,County Ground,1,13.6,Glamorgan,Essex,JA Rudolph,CA Ingram,DW Lawrence,1,0,,,,,,,,,
947331,2016,2016-07-29,County Ground,1,14.1,Glamorgan,Essex,JA Rudolph,CA Ingram,RS Bopara,2,0,,,,,,,,,
947331,2016,2016-07-29,County Ground,1,14.2,Glamorgan,Essex,JA Rudolph,CA Ingram,RS Bopara,0,0,,,,,,,,,
947331,2016,2016-07-29,County Ground,1,14.3,Glamorgan,Essex,JA Rudolph,CA Ingram,RS Bopara,1,0,,,,,,,,,
947331,2016,2016-07-29,County Ground,1,14.4,Glamorgan,Essex,CA Ingram,JA Rudolph,RS Bopara,1,0,,,,,,,,,
947331,2016,2016-07-29,County Ground,1,14.5,Glamorgan,Essex,JA Rudolph,CA Ingram,RS Bopara,4,0,,,,,,,,,
947331,2016,2016-07-29,County Ground,1,14.6,Glamorgan,Essex,JA Rudolph,CA Ingram,RS Bopara,1,0,,,,,,,,,
947331,2016,2016-07-29,County Ground,1,15.1,Glamorgan,Essex,JA Rudolph,CA Ingram,MR Quinn,2,0,,,,,,,,,
947331,2016,2016-07-29,County Ground,1,15.2,Glamorgan,Essex,JA Rudolph,CA Ingram,MR Quinn,0,1,,,,1,,,,,
947331,2016,2016-07-29,County Ground,1,15.3,Glamorgan,Essex,CA Ingram,JA Rudolph,MR Quinn,1,0,,,,,,,,,
947331,2016,2016-07-29,County Ground,1,15.4,Glamorgan,Essex,JA Rudolph,CA Ingram,MR Quinn,4,0,,,,,,,,,
947331,2016,2016-07-29,County Ground,1,15.5,Glamorgan,Essex,JA Rudolph,CA Ingram,MR Quinn,0,0,,,,,,,,,
947331,2016,2016-07-29,County Ground,1,15.6,Glamorgan,Essex,JA Rudolph,CA Ingram,MR Quinn,2,0,,,,,,,,,
947331,2016,2016-07-29,County Ground,1,16.1,Glamorgan,Essex,CA Ingram,JA Rudolph,RN ten Doeschate,1,0,,,,,,,,,
947331,2016,2016-07-29,County Ground,1,16.2,Glamorgan,Essex,JA Rudolph,CA Ingram,RN ten Doeschate,1,0,,,,,,,,,
947331,2016,2016-07-29,County Ground,1,16.3,Glamorgan,Essex,CA Ingram,JA Rudolph,RN ten Doeschate,6,0,,,,,,,,,
947331,2016,2016-07-29,County Ground,1,16.4,Glamorgan,Essex,CA Ingram,JA Rudolph,RN ten Doeschate,0,0,,,,,,,,,
947331,2016,2016-07-29,County Ground,1,16.5,Glamorgan,Essex,CA Ingram,JA Rudolph,RN ten Doeschate,2,0,,,,,,,,,
947331,2016,2016-07-29,County Ground,1,16.6,Glamorgan,Essex,CA Ingram,JA Rudolph,RN ten Doeschate,1,0,,,,,,,,,
947331,2016,2016-07-29,County Ground,1,17.1,Glamorgan,Essex,CA Ingram,JA Rudolph,GR Napier,4,0,,,,,,,,,
947331,2016,2016-07-29,County Ground,1,17.2,Glamorgan,Essex,CA Ingram,JA Rudolph,GR Napier,0,1,,,,1,,,,,
947331,2016,2016-07-29,County Ground,1,17.3,Glamorgan,Essex,JA Rudolph,CA Ingram,GR Napier,1,0,,,,,,,,,
947331,2016,2016-07-29,County Ground,1,17.4,Glamorgan,Essex,CA Ingram,JA Rudolph,GR Napier,6,0,,,,,,,,,
947331,2016,2016-07-29,County Ground,1,17.5,Glamorgan,Essex,CA Ingram,JA Rudolph,GR Napier,4,0,,,,,,,,,
947331,2016,2016-07-29,County Ground,1,17.6,Glamorgan,Essex,CA Ingram,JA Rudolph,GR Napier,1,0,,,,,,,,,
947331,2016,2016-07-29,County Ground,1,18.1,Glamorgan,Essex,CA Ingram,JA Rudolph,MR Quinn,6,0,,,,,,,,,
947331,2016,2016-07-29,County Ground,1,18.2,Glamorgan,Essex,CA Ingram,JA Rudolph,MR Quinn,2,0,,,,,,,,,
947331,2016,2016-07-29,County Ground,1,18.3,Glamorgan,Essex,CA Ingram,JA Rudolph,MR Quinn,1,0,,,,,,,,,
947331,2016,2016-07-29,County Ground,1,18.4,Glamorgan,Essex,JA Rudolph,CA Ingram,MR Quinn,0,0,,,,,,caught,JA Rudolph,,
947331,2016,2016-07-29,County Ground,1,18.5,Glamorgan,Essex,CA Ingram,GG Wagg,MR Quinn,6,0,,,,,,,,,
947331,2016,2016-07-29,County Ground,1,18.6,Glamorgan,Essex,CA Ingram,GG Wagg,MR Quinn,1,0,,,,,,,,,
947331,2016,2016-07-29,County Ground,1,19.1,Glamorgan,Essex,CA Ingram,GG Wagg,GR Napier,0,1,1,,,,,,,,
947331,2016,2016-07-29,County Ground,1,19.2,Glamorgan,Essex,CA Ingram,GG Wagg,GR Napier,6,0,,,,,,,,,
947331,2016,2016-07-29,County Ground,1,19.3,Glamorgan,Essex,CA Ingram,GG Wagg,GR Napier,4,0,,,,,,,,,
947331,2016,2016-07-29,County Ground,1,19.4,Glamorgan,Essex,CA Ingram,GG Wagg,GR Napier,0,0,,,,,,bowled,CA Ingram,,
947331,2016,2016-07-29,County Ground,1,19.5,Glamorgan,Essex,AG Salter,GG Wagg,GR Napier,0,0,,,,,,,,,
947331,2016,2016-07-29,County Ground,1,19.6,Glamorgan,Essex,AG Salter,GG Wagg,GR Napier,1,0,,,,,,,,,
947331,2016,2016-07-29,County Ground,1,19.7,Glamorgan,Essex,GG Wagg,AG Salter,GR Napier,2,0,,,,,,,,,
