match_id,season,start_date,venue,innings,ball,batting_team,bowling_team,striker,non_striker,bowler,runs_off_bat,extras,wides,noballs,byes,legbyes,penalty,wicket_type,player_dismissed,other_wicket_type,other_player_dismissed
947343,2016,2016-08-08,Trent Bridge,1,0.1,Nottinghamshire,Essex,MH Wessels,MJ Lumb,DW Lawrence,1,0,,,,,,,,,
947343,2016,2016-08-08,Trent Bridge,1,0.2,Nottinghamshire,Essex,MJ Lumb,MH Wessels,DW Lawrence,0,0,,,,,,,,,
947343,2016,2016-08-08,Trent Bridge,1,0.3,Nottinghamshire,Essex,MJ Lumb,MH Wessels,DW Lawrence,0,0,,,,,,,,,
947343,2016,2016-08-08,Trent Bridge,1,0.4,Nottinghamshire,Essex,MJ Lumb,MH Wessels,DW Lawrence,4,0,,,,,,,,,
947343,2016,2016-08-08,Trent Bridge,1,0.5,Nottinghamshire,Essex,MJ Lumb,MH Wessels,DW Lawrence,1,0,,,,,,,,,
947343,2016,2016-08-08,Trent Bridge,1,0.6,Nottinghamshire,Essex,MH Wessels,MJ Lumb,DW Lawrence,1,0,,,,,,,,,
947343,2016,2016-08-08,Trent Bridge,1,1.1,Nottinghamshire,Essex,MH Wessels,MJ Lumb,DD Masters,1,0,,,,,,,,,
947343,2016,2016-08-08,Trent Bridge,1,1.2,Nottinghamshire,Essex,MJ Lumb,MH Wessels,DD Masters,1,0,,,,,,,,,
947343,2016,2016-08-08,Trent Bridge,1,1.3,Nottinghamshire,Essex,MH Wessels,MJ Lumb,DD Masters,0,0,,,,,,,,,
947343,2016,2016-08-08,Trent Bridge,1,1.4,Nottinghamshire,Essex,MH Wessels,MJ Lumb,DD Masters,0,0,,,,,,,,,
947343,2016,2016-08-08,Trent Bridge,1,1.5,Nottinghamshire,Essex,MH Wessels,MJ Lumb,DD Masters,1,0,,,,,,,,,
947343,2016,2016-08-08,Trent Bridge,1,1.6,Nottinghamshire,Essex,MJ Lumb,MH Wessels,DD Masters,1,0,,,,,,,,,
947343,2016,2016-08-08,Trent Bridge,1,2.1,Nottinghamshire,Essex,MJ Lumb,MH Wessels,PI Walter,4,0,,,,,,,,,
947343,2016,2016-08-08,Trent Bridge,1,2.2,Nottinghamshire,Essex,MJ Lumb,MH Wessels,PI Walter,0,0,,,,,,caught,MJ Lumb,,
947343,2016,2016-08-08,Trent Bridge,1,2.3,Nottinghamshire,Essex,GP Smith,MH Wessels,PI Walter,4,0,,,,,,,,,
947343,2016,2016-08-08,Trent Bridge,1,2.4,Nottinghamshire,Essex,GP Smith,MH Wessels,PI Walter,0,0,,,,,,,,,
947343,2016,2016-08-08,Trent Bridge,1,2.5,Nottinghamshire,Essex,GP Smith,MH Wessels,PI Walter,4,0,,,,,,,,,
947343,2016,2016-08-08,Trent Bridge,1,2.6,Nottinghamshire,Essex,GP Smith,MH Wessels,PI Walter,0,0,,,,,,,,,
947343,2016,2016-08-08,Trent Bridge,1,3.1,Nottinghamshire,Essex,MH Wessels,GP Smith,DD Masters,4,0,,,,,,,,,
947343,2016,2016-08-08,Trent Bridge,1,3.2,Nottinghamshire,Essex,MH Wessels,GP Smith,DD Masters,0,0,,,,,,,,,
947343,2016,2016-08-08,Trent Bridge,1,3.3,Nottinghamshire,Essex,MH Wessels,GP Smith,DD Masters,4,0,,,,,,,,,
947343,2016,2016-08-08,Trent Bridge,1,3.4,Nottinghamshire,Essex,MH Wessels,GP Smith,DD Masters,0,0,,,,,,,,,
947343,2016,2016-08-08,Trent Bridge,1,3.5,Nottinghamshire,Essex,MH Wessels,GP Smith,DD Masters,1,0,,,,,,,,,
947343,2016,2016-08-08,Trent Bridge,1,3.6,Nottinghamshire,Essex,GP Smith,MH Wessels,DD Masters,6,0,,,,,,,,,
947343,2016,2016-08-08,Trent Bridge,1,4.1,Nottinghamshire,Essex,MH Wessels,GP Smith,GR Napier,1,0,,,,,,,,,
947343,2016,2016-08-08,Trent Bridge,1,4.2,Nottinghamshire,Essex,GP Smith,MH Wessels,GR Napier,0,1,1,,,,,,,,
947343,2016,2016-08-08,Trent Bridge,1,4.3,Nottinghamshire,Essex,GP Smith,MH Wessels,GR Napier,1,0,,,,,,,,,
947343,2016,2016-08-08,Trent Bridge,1,4.4,Nottinghamshire,Essex,MH Wessels,GP Smith,GR Napier,0,0,,,,,,,,,
947343,2016,2016-08-08,Trent Bridge,1,4.5,Nottinghamshire,Essex,MH Wessels,GP Smith,GR Napier,0,0,,,,,,,,,
947343,2016,2016-08-08,Trent Bridge,1,4.6,Nottinghamshire,Essex,MH Wessels,GP Smith,GR Napier,0,0,,,,,,,,,
947343,2016,2016-08-08,Trent Bridge,1,4.7,Nottinghamshire,Essex,MH Wessels,GP Smith,GR Napier,1,0,,,,,,,,,
947343,2016,2016-08-08,Trent Bridge,1,5.1,Nottinghamshire,Essex,MH Wessels,GP Smith,PI Walter,4,0,,,,,,,,,
947343,2016,2016-08-08,Trent Bridge,1,5.2,Nottinghamshire,Essex,MH Wessels,GP Smith,PI Walter,4,0,,,,,,,,,
947343,2016,2016-08-08,Trent Bridge,1,5.3,Nottinghamshire,Essex,MH Wessels,GP Smith,PI Walter,4,0,,,,,,,,,
947343,2016,2016-08-08,Trent Bridge,1,5.4,Nottinghamshire,Essex,MH Wessels,GP Smith,PI Walter,2,0,,,,,,,,,
947343,2016,2016-08-08,Trent Bridge,1,5.5,Nottinghamshire,Essex,MH Wessels,GP Smith,PI Walter,1,0,,,,,,,,,
947343,2016,2016-08-08,Trent Bridge,1,5.6,Nottinghamshire,Essex,GP Smith,MH Wessels,PI Walter,1,0,,,,,,,,,
947343,2016,2016-08-08,Trent Bridge,1,6.1,Nottinghamshire,Essex,GP Smith,MH Wessels,RS Bopara,1,0,,,,,,,,,
947343,2016,2016-08-08,Trent Bridge,1,6.2,Nottinghamshire,Essex,MH Wessels,GP Smith,RS Bopara,2,0,,,,,,,,,
947343,2016,2016-08-08,Trent Bridge,1,6.3,Nottinghamshire,Essex,MH Wessels,GP Smith,RS Bopara,1,0,,,,,,,,,
947343,2016,2016-08-08,Trent Bridge,1,6.4,Nottinghamshire,Essex,GP Smith,MH Wessels,RS Bopara,1,0,,,,,,,,,
947343,2016,2016-08-08,Trent Bridge,1,6.5,Nottinghamshire,Essex,MH Wessels,GP Smith,RS Bopara,1,0,,,,,,,,,
947343,2016,2016-08-08,Trent Bridge,1,6.6,Nottinghamshire,Essex,GP Smith,MH Wessels,RS Bopara,1,0,,,,,,,,,
947343,2016,2016-08-08,Trent Bridge,1,7.1,Nottinghamshire,Essex,GP Smith,MH Wessels,Ashar Zaidi,1,0,,,,,,,,,
947343,2016,2016-08-08,Trent Bridge,1,7.2,Nottinghamshire,Essex,MH Wessels,GP Smith,Ashar Zaidi,0,0,,,,,,,,,
947343,2016,2016-08-08,Trent Bridge,1,7.3,Nottinghamshire,Essex,MH Wessels,GP Smith,Ashar Zaidi,0,0,,,,,,,,,
947343,2016,2016-08-08,Trent Bridge,1,7.4,Nottinghamshire,Essex,MH Wessels,GP Smith,Ashar Zaidi,1,0,,,,,,,,,
947343,2016,2016-08-08,Trent Bridge,1,7.5,Nottinghamshire,Essex,GP Smith,MH Wessels,Ashar Zaidi,1,0,,,,,,,,,
947343,2016,2016-08-08,Trent Bridge,1,7.6,Nottinghamshire,Essex,MH Wessels,GP Smith,Ashar Zaidi,1,0,,,,,,,,,
947343,2016,2016-08-08,Trent Bridge,1,8.1,Nottinghamshire,Essex,MH Wessels,GP Smith,RN ten Doeschate,0,0,,,,,,caught,MH Wessels,,
947343,2016,2016-08-08,Trent Bridge,1,8.2,Nottinghamshire,Essex,GP Smith,DT Christian,RN ten Doeschate,0,0,,,,,,,,,
947343,2016,2016-08-08,Trent Bridge,1,8.3,Nottinghamshire,Essex,GP Smith,DT Christian,RN ten Doeschate,0,0,,,,,,,,,
947343,2016,2016-08-08,Trent Bridge,1,8.4,Nottinghamshire,Essex,GP Smith,DT Christian,RN ten Doeschate,1,0,,,,,,,,,
947343,2016,2016-08-08,Trent Bridge,1,8.5,Nottinghamshire,Essex,DT Christian,GP Smith,RN ten Doeschate,0,0,,,,,,,,,
947343,2016,2016-08-08,Trent Bridge,1,8.6,Nottinghamshire,Essex,DT Christian,GP Smith,RN ten Doeschate,1,0,,,,,,,,,
947343,2016,2016-08-08,Trent Bridge,1,9.1,Nottinghamshire,Essex,DT Christian,GP Smith,GR Napier,0,0,,,,,,,,,
947343,2016,2016-08-08,Trent Bridge,1,9.2,Nottinghamshire,Essex,DT Christian,GP Smith,GR Napier,0,0,,,,,,,,,
947343,2016,2016-08-08,Trent Bridge,1,9.3,Nottinghamshire,Essex,DT Christian,GP Smith,GR Napier,1,0,,,,,,,,,
947343,2016,2016-08-08,Trent Bridge,1,9.4,Nottinghamshire,Essex,GP Smith,DT Christian,GR Napier,1,0,,,,,,,,,
947343,2016,2016-08-08,Trent Bridge,1,9.5,Nottinghamshire,Essex,DT Christian,GP Smith,GR Napier,1,0,,,,,,,,,
947343,2016,2016-08-08,Trent Bridge,1,9.6,Nottinghamshire,Essex,GP Smith,DT Christian,GR Napier,1,0,,,,,,,,,
947343,2016,2016-08-08,Trent Bridge,1,10.1,Nottinghamshire,Essex,GP Smith,DT Christian,RS Bopara,1,0,,,,,,,,,
947343,2016,2016-08-08,Trent Bridge,1,10.2,Nottinghamshire,Essex,DT Christian,GP Smith,RS Bopara,1,0,,,,,,,,,
947343,2016,2016-08-08,Trent Bridge,1,10.3,Nottinghamshire,Essex,GP Smith,DT Christian,RS Bopara,4,0,,,,,,,,,
947343,2016,2016-08-08,Trent Bridge,1,10.4,Nottinghamshire,Essex,GP Smith,DT Christian,RS Bopara,1,0,,,,,,,,,
947343,2016,2016-08-08,Trent Bridge,1,10.5,Nottinghamshire,Essex,DT Christian,GP Smith,RS Bopara,4,0,,,,,,,,,
947343,2016,2016-08-08,Trent Bridge,1,10.6,Nottinghamshire,Essex,DT Christian,GP Smith,RS Bopara,0,0,,,,,,,,,
947343,2016,2016-08-08,Trent Bridge,1,11.1,Nottinghamshire,Essex,GP Smith,DT Christian,PI Walter,4,0,,,,,,,,,
947343,2016,2016-08-08,Trent Bridge,1,11.2,Nottinghamshire,Essex,GP Smith,DT Christian,PI Walter,0,0,,,,,,,,,
947343,2016,2016-08-08,Trent Bridge,1,11.3,Nottinghamshire,Essex,GP Smith,DT Christian,PI Walter,2,0,,,,,,,,,
947343,2016,2016-08-08,Trent Bridge,1,11.4,Nottinghamshire,Essex,GP Smith,DT Christian,PI Walter,4,0,,,,,,,,,
947343,2016,2016-08-08,Trent Bridge,1,11.5,Nottinghamshire,Essex,GP Smith,DT Christian,PI Walter,4,0,,,,,,,,,
947343,2016,2016-08-08,Trent Bridge,1,11.6,Nottinghamshire,Essex,GP Smith,DT Christian,PI Walter,1,0,,,,,,,,,
947343,2016,2016-08-08,Trent Bridge,1,12.1,Nottinghamshire,Essex,GP Smith,DT Christian,RN ten Doeschate,1,0,,,,,,,,,
947343,2016,2016-08-08,Trent Bridge,1,12.2,Nottinghamshire,Essex,DT Christian,GP Smith,RN ten Doeschate,1,0,,,,,,,,,
947343,2016,2016-08-08,Trent Bridge,1,12.3,Nottinghamshire,Essex,GP Smith,DT Christian,RN ten Doeschate,0,1,,,,1,,,,,
947343,2016,2016-08-08,Trent Bridge,1,12.4,Nottinghamshire,Essex,DT Christian,GP Smith,RN ten Doeschate,0,1,,,,1,,,,,
947343,2016,2016-08-08,Trent Bridge,1,12.5,Nottinghamshire,Essex,GP Smith,DT Christian,RN ten Doeschate,0,0,,,,,,,,,
947343,2016,2016-08-08,Trent Bridge,1,12.6,Nottinghamshire,Essex,GP Smith,DT Christian,RN ten Doeschate,0,0,,,,,,,,,
947343,2016,2016-08-08,Trent Bridge,1,13.1,Nottinghamshire,Essex,DT Christian,GP Smith,RS Bopara,1,0,,,,,,,,,
947343,2016,2016-08-08,Trent Bridge,1,13.2,Nottinghamshire,Essex,GP Smith,DT Christian,RS Bopara,4,0,,,,,,,,,
947343,2016,2016-08-08,Trent Bridge,1,13.3,Nottinghamshire,Essex,GP Smith,DT Christian,RS Bopara,0,0,,,,,,,,,
947343,2016,2016-08-08,Trent Bridge,1,13.4,Nottinghamshire,Essex,GP Smith,DT Christian,RS Bopara,0,0,,,,,,bowled,GP Smith,,
947343,2016,2016-08-08,Trent Bridge,1,13.5,Nottinghamshire,Essex,SR Patel,DT Christian,RS Bopara,1,0,,,,,,,,,
947343,2016,2016-08-08,Trent Bridge,1,13.6,Nottinghamshire,Essex,DT Christian,SR Patel,RS Bopara,0,0,,,,,,,,,
947343,2016,2016-08-08,Trent Bridge,1,14.1,Nottinghamshire,Essex,SR Patel,DT Christian,DD Masters,1,0,,,,,,,,,
947343,2016,2016-08-08,Trent Bridge,1,14.2,Nottinghamshire,Essex,DT Christian,SR Patel,DD Masters,4,0,,,,,,,,,
947343,2016,2016-08-08,Trent Bridge,1,14.3,Nottinghamshire,Essex,DT Christian,SR Patel,DD Masters,4,0,,,,,,,,,
947343,2016,2016-08-08,Trent Bridge,1,14.4,Nottinghamshire,Essex,DT Christian,SR Patel,DD Masters,1,0,,,,,,,,,
947343,2016,2016-08-08,Trent Bridge,1,14.5,Nottinghamshire,Essex,SR Patel,DT Christian,DD Masters,1,0,,,,,,,,,
947343,2016,2016-08-08,Trent Bridge,1,14.6,Nottinghamshire,Essex,DT Christian,SR Patel,DD Masters,1,0,,,,,,,,,
947343,2016,2016-08-08,Trent Bridge,1,15.1,Nottinghamshire,Essex,DT Christian,SR Patel,RS Bopara,1,0,,,,,,,,,
947343,2016,2016-08-08,Trent Bridge,1,15.2,Nottinghamshire,Essex,SR Patel,DT Christian,RS Bopara,1,0,,,,,,,,,
947343,2016,2016-08-08,Trent Bridge,1,15.3,Nottinghamshire,Essex,DT Christian,SR Patel,RS Bopara,0,1,,,,1,,,,,
947343,2016,2016-08-08,Trent Bridge,1,15.4,Nottinghamshire,Essex,SR Patel,DT Christian,RS Bopara,4,0,,,,,,,,,
947343,2016,2016-08-08,Trent Bridge,1,15.5,Nottinghamshire,Essex,SR Patel,DT Christian,RS Bopara,4,0,,,,,,,,,
947343,2016,2016-08-08,Trent Bridge,1,15.6,Nottinghamshire,Essex,SR Patel,DT Christian,RS Bopara,1,0,,,,,,,,,
947343,2016,2016-08-08,Trent Bridge,1,16.1,Nottinghamshire,Essex,SR Patel,DT Christian,RN ten Doeschate,1,0,,,,,,,,,
947343,2016,2016-08-08,Trent Bridge,1,16.2,Nottinghamshire,Essex,DT Christian,SR Patel,RN ten Doeschate,0,0,,,,,,caught,DT Christian,,
947343,2016,2016-08-08,Trent Bridge,1,16.3,Nottinghamshire,Essex,SR Patel,SJ Mullaney,RN ten Doeschate,3,0,,,,,,,,,
947343,2016,2016-08-08,Trent Bridge,1,16.4,Nottinghamshire,Essex,SJ Mullaney,SR Patel,RN ten Doeschate,1,0,,,,,,,,,
947343,2016,2016-08-08,Trent Bridge,1,16.5,Nottinghamshire,Essex,SR Patel,SJ Mullaney,RN ten Doeschate,1,0,,,,,,,,,
947343,2016,2016-08-08,Trent Bridge,1,16.6,Nottinghamshire,Essex,SJ Mullaney,SR Patel,RN ten Doeschate,0,0,,,,,,,,,
947343,2016,2016-08-08,Trent Bridge,1,17.1,Nottinghamshire,Essex,SR Patel,SJ Mullaney,GR Napier,0,0,,,,,,,,,
947343,2016,2016-08-08,Trent Bridge,1,17.2,Nottinghamshire,Essex,SR Patel,SJ Mullaney,GR Napier,0,0,,,,,,,,,
947343,2016,2016-08-08,Trent Bridge,1,17.3,Nottinghamshire,Essex,SR Patel,SJ Mullaney,GR Napier,1,0,,,,,,,,,
947343,2016,2016-08-08,Trent Bridge,1,17.4,Nottinghamshire,Essex,SJ Mullaney,SR Patel,GR Napier,0,0,,,,,,,,,
947343,2016,2016-08-08,Trent Bridge,1,17.5,Nottinghamshire,Essex,SJ Mullaney,SR Patel,GR Napier,4,0,,,,,,,,,
947343,2016,2016-08-08,Trent Bridge,1,17.6,Nottinghamshire,Essex,SJ Mullaney,SR Patel,GR Napier,0,0,,,,,,bowled,SJ Mullaney,,
947343,2016,2016-08-08,Trent Bridge,1,18.1,Nottinghamshire,Essex,SR Patel,CMW Read,RN ten Doeschate,2,0,,,,,,,,,
947343,2016,2016-08-08,Trent Bridge,1,18.2,Nottinghamshire,Essex,SR Patel,CMW Read,RN ten Doeschate,0,0,,,,,,,,,
947343,2016,2016-08-08,Trent Bridge,1,18.3,Nottinghamshire,Essex,SR Patel,CMW Read,RN ten Doeschate,2,0,,,,,,,,,
947343,2016,2016-08-08,Trent Bridge,1,18.4,Nottinghamshire,Essex,SR Patel,CMW Read,RN ten Doeschate,0,0,,,,,,caught,SR Patel,,
947343,2016,2016-08-08,Trent Bridge,1,18.5,Nottinghamshire,Essex,CMW Read,L Wood,RN ten Doeschate,4,0,,,,,,,,,
947343,2016,2016-08-08,Trent Bridge,1,18.6,Nottinghamshire,Essex,CMW Read,L Wood,RN ten Doeschate,1,0,,,,,,,,,
947343,2016,2016-08-08,Trent Bridge,1,19.1,Nottinghamshire,Essex,CMW Read,L Wood,GR Napier,1,0,,,,,,,,,
947343,2016,2016-08-08,Trent Bridge,1,19.2,Nottinghamshire,Essex,L Wood,CMW Read,GR Napier,0,0,,,,,,,,,
947343,2016,2016-08-08,Trent Bridge,1,19.3,Nottinghamshire,Essex,L Wood,CMW Read,GR Napier,0,0,,,,,,caught,L Wood,,
947343,2016,2016-08-08,Trent Bridge,1,19.4,Nottinghamshire,Essex,CMW Read,JT Ball,GR Napier,0,0,,,,,,,,,
947343,2016,2016-08-08,Trent Bridge,1,19.5,Nottinghamshire,Essex,CMW Read,JT Ball,GR Napier,4,0,,,,,,,,,
947343,2016,2016-08-08,Trent Bridge,1,19.6,Nottinghamshire,Essex,CMW Read,JT Ball,GR Napier,2,0,,,,,,,,,
947343,2016,2016-08-08,Trent Bridge,2,0.1,Essex,Nottinghamshire,NLJ Browne,JD Ryder,L Wood,1,0,,,,,,,,,
947343,2016,2016-08-08,Trent Bridge,2,0.2,Essex,Nottinghamshire,JD Ryder,NLJ Browne,L Wood,4,0,,,,,,,,,
947343,2016,2016-08-08,Trent Bridge,2,0.3,Essex,Nottinghamshire,JD Ryder,NLJ Browne,L Wood,0,0,,,,,,,,,
947343,2016,2016-08-08,Trent Bridge,2,0.4,Essex,Nottinghamshire,JD Ryder,NLJ Browne,L Wood,0,0,,,,,,,,,
947343,2016,2016-08-08,Trent Bridge,2,0.5,Essex,Nottinghamshire,JD Ryder,NLJ Browne,L Wood,4,0,,,,,,,,,
947343,2016,2016-08-08,Trent Bridge,2,0.6,Essex,Nottinghamshire,JD Ryder,NLJ Browne,L Wood,0,0,,,,,,,,,
947343,2016,2016-08-08,Trent Bridge,2,1.1,Essex,Nottinghamshire,NLJ Browne,JD Ryder,HF Gurney,3,0,,,,,,,,,
947343,2016,2016-08-08,Trent Bridge,2,1.2,Essex,Nottinghamshire,JD Ryder,NLJ Browne,HF Gurney,0,0,,,,,,,,,
947343,2016,2016-08-08,Trent Bridge,2,1.3,Essex,Nottinghamshire,JD Ryder,NLJ Browne,HF Gurney,4,0,,,,,,,,,
947343,2016,2016-08-08,Trent Bridge,2,1.4,Essex,Nottinghamshire,JD Ryder,NLJ Browne,HF Gurney,1,2,,2,,,,,,,
947343,2016,2016-08-08,Trent Bridge,2,1.5,Essex,Nottinghamshire,NLJ Browne,JD Ryder,HF Gurney,1,0,,,,,,,,,
947343,2016,2016-08-08,Trent Bridge,2,1.6,Essex,Nottinghamshire,JD Ryder,NLJ Browne,HF Gurney,1,0,,,,,,,,,
947343,2016,2016-08-08,Trent Bridge,2,1.7,Essex,Nottinghamshire,NLJ Browne,JD Ryder,HF Gurney,0,0,,,,,,,,,
947343,2016,2016-08-08,Trent Bridge,2,2.1,Essex,Nottinghamshire,JD Ryder,NLJ Browne,L Wood,4,0,,,,,,,,,
947343,2016,2016-08-08,Trent Bridge,2,2.2,Essex,Nottinghamshire,JD Ryder,NLJ Browne,L Wood,4,0,,,,,,,,,
947343,2016,2016-08-08,Trent Bridge,2,2.3,Essex,Nottinghamshire,JD Ryder,NLJ Browne,L Wood,0,0,,,,,,,,,
947343,2016,2016-08-08,Trent Bridge,2,2.4,Essex,Nottinghamshire,JD Ryder,NLJ Browne,L Wood,1,0,,,,,,,,,
947343,2016,2016-08-08,Trent Bridge,2,2.5,Essex,Nottinghamshire,NLJ Browne,JD Ryder,L Wood,4,0,,,,,,,,,
947343,2016,2016-08-08,Trent Bridge,2,2.6,Essex,Nottinghamshire,NLJ Browne,JD Ryder,L Wood,0,0,,,,,,,,,
947343,2016,2016-08-08,Trent Bridge,2,3.1,Essex,Nottinghamshire,JD Ryder,NLJ Browne,JT Ball,0,0,,,,,,,,,
947343,2016,2016-08-08,Trent Bridge,2,3.2,Essex,Nottinghamshire,JD Ryder,NLJ Browne,JT Ball,4,0,,,,,,,,,
947343,2016,2016-08-08,Trent Bridge,2,3.3,Essex,Nottinghamshire,JD Ryder,NLJ Browne,JT Ball,1,0,,,,,,,,,
947343,2016,2016-08-08,Trent Bridge,2,3.4,Essex,Nottinghamshire,NLJ Browne,JD Ryder,JT Ball,1,0,,,,,,,,,
947343,2016,2016-08-08,Trent Bridge,2,3.5,Essex,Nottinghamshire,JD Ryder,NLJ Browne,JT Ball,0,0,,,,,,,,,
947343,2016,2016-08-08,Trent Bridge,2,3.6,Essex,Nottinghamshire,JD Ryder,NLJ Browne,JT Ball,4,0,,,,,,,,,
947343,2016,2016-08-08,Trent Bridge,2,4.1,Essex,Nottinghamshire,NLJ Browne,JD Ryder,Imran Tahir,1,0,,,,,,,,,
947343,2016,2016-08-08,Trent Bridge,2,4.2,Essex,Nottinghamshire,JD Ryder,NLJ Browne,Imran Tahir,4,0,,,,,,,,,
947343,2016,2016-08-08,Trent Bridge,2,4.3,Essex,Nottinghamshire,JD Ryder,NLJ Browne,Imran Tahir,0,0,,,,,,,,,
947343,2016,2016-08-08,Trent Bridge,2,4.4,Essex,Nottinghamshire,JD Ryder,NLJ Browne,Imran Tahir,0,0,,,,,,,,,
947343,2016,2016-08-08,Trent Bridge,2,4.5,Essex,Nottinghamshire,JD Ryder,NLJ Browne,Imran Tahir,1,0,,,,,,,,,
947343,2016,2016-08-08,Trent Bridge,2,4.6,Essex,Nottinghamshire,NLJ Browne,JD Ryder,Imran Tahir,0,0,,,,,,,,,
947343,2016,2016-08-08,Trent Bridge,2,5.1,Essex,Nottinghamshire,JD Ryder,NLJ Browne,HF Gurney,4,0,,,,,,,,,
947343,2016,2016-08-08,Trent Bridge,2,5.2,Essex,Nottinghamshire,JD Ryder,NLJ Browne,HF Gurney,1,0,,,,,,,,,
947343,2016,2016-08-08,Trent Bridge,2,5.3,Essex,Nottinghamshire,NLJ Browne,JD Ryder,HF Gurney,2,0,,,,,,,,,
947343,2016,2016-08-08,Trent Bridge,2,5.4,Essex,Nottinghamshire,NLJ Browne,JD Ryder,HF Gurney,1,0,,,,,,,,,
947343,2016,2016-08-08,Trent Bridge,2,5.5,Essex,Nottinghamshire,JD Ryder,NLJ Browne,HF Gurney,0,0,,,,,,,,,
947343,2016,2016-08-08,Trent Bridge,2,5.6,Essex,Nottinghamshire,JD Ryder,NLJ Browne,HF Gurney,4,0,,,,,,,,,
947343,2016,2016-08-08,Trent Bridge,2,6.1,Essex,Nottinghamshire,NLJ Browne,JD Ryder,Imran Tahir,1,0,,,,,,,,,
947343,2016,2016-08-08,Trent Bridge,2,6.2,Essex,Nottinghamshire,JD Ryder,NLJ Browne,Imran Tahir,1,0,,,,,,,,,
947343,2016,2016-08-08,Trent Bridge,2,6.3,Essex,Nottinghamshire,NLJ Browne,JD Ryder,Imran Tahir,1,0,,,,,,,,,
947343,2016,2016-08-08,Trent Bridge,2,6.4,Essex,Nottinghamshire,JD Ryder,NLJ Browne,Imran Tahir,0,0,,,,,,,,,
947343,2016,2016-08-08,Trent Bridge,2,6.5,Essex,Nottinghamshire,JD Ryder,NLJ Browne,Imran Tahir,0,0,,,,,,,,,
947343,2016,2016-08-08,Trent Bridge,2,6.6,Essex,Nottinghamshire,JD Ryder,NLJ Browne,Imran Tahir,0,0,,,,,,,,,
947343,2016,2016-08-08,Trent Bridge,2,7.1,Essex,Nottinghamshire,NLJ Browne,JD Ryder,SJ Mullaney,0,0,,,,,,run out,JD Ryder,,
947343,2016,2016-08-08,Trent Bridge,2,7.2,Essex,Nottinghamshire,NLJ Browne,T Westley,SJ Mullaney,1,0,,,,,,,,,
947343,2016,2016-08-08,Trent Bridge,2,7.3,Essex,Nottinghamshire,T Westley,NLJ Browne,SJ Mullaney,1,0,,,,,,,,,
947343,2016,2016-08-08,Trent Bridge,2,7.4,Essex,Nottinghamshire,NLJ Browne,T Westley,SJ Mullaney,0,0,,,,,,,,,
947343,2016,2016-08-08,Trent Bridge,2,7.5,Essex,Nottinghamshire,NLJ Browne,T Westley,SJ Mullaney,1,0,,,,,,,,,
947343,2016,2016-08-08,Trent Bridge,2,7.6,Essex,Nottinghamshire,T Westley,NLJ Browne,SJ Mullaney,0,0,,,,,,,,,
947343,2016,2016-08-08,Trent Bridge,2,8.1,Essex,Nottinghamshire,NLJ Browne,T Westley,SR Patel,1,0,,,,,,,,,
947343,2016,2016-08-08,Trent Bridge,2,8.2,Essex,Nottinghamshire,T Westley,NLJ Browne,SR Patel,1,0,,,,,,,,,
947343,2016,2016-08-08,Trent Bridge,2,8.3,Essex,Nottinghamshire,NLJ Browne,T Westley,SR Patel,0,0,,,,,,,,,
947343,2016,2016-08-08,Trent Bridge,2,8.4,Essex,Nottinghamshire,NLJ Browne,T Westley,SR Patel,0,0,,,,,,,,,
947343,2016,2016-08-08,Trent Bridge,2,8.5,Essex,Nottinghamshire,NLJ Browne,T Westley,SR Patel,1,0,,,,,,,,,
947343,2016,2016-08-08,Trent Bridge,2,8.6,Essex,Nottinghamshire,T Westley,NLJ Browne,SR Patel,1,0,,,,,,,,,
947343,2016,2016-08-08,Trent Bridge,2,9.1,Essex,Nottinghamshire,T Westley,NLJ Browne,SJ Mullaney,1,0,,,,,,,,,
947343,2016,2016-08-08,Trent Bridge,2,9.2,Essex,Nottinghamshire,NLJ Browne,T Westley,SJ Mullaney,0,0,,,,,,,,,
947343,2016,2016-08-08,Trent Bridge,2,9.3,Essex,Nottinghamshire,NLJ Browne,T Westley,SJ Mullaney,0,0,,,,,,,,,
947343,2016,2016-08-08,Trent Bridge,2,9.4,Essex,Nottinghamshire,NLJ Browne,T Westley,SJ Mullaney,0,0,,,,,,,,,
947343,2016,2016-08-08,Trent Bridge,2,9.5,Essex,Nottinghamshire,NLJ Browne,T Westley,SJ Mullaney,0,0,,,,,,,,,
947343,2016,2016-08-08,Trent Bridge,2,9.6,Essex,Nottinghamshire,NLJ Browne,T Westley,SJ Mullaney,1,0,,,,,,,,,
947343,2016,2016-08-08,Trent Bridge,2,10.1,Essex,Nottinghamshire,NLJ Browne,T Westley,SR Patel,0,0,,,,,,,,,
947343,2016,2016-08-08,Trent Bridge,2,10.2,Essex,Nottinghamshire,NLJ Browne,T Westley,SR Patel,1,0,,,,,,,,,
947343,2016,2016-08-08,Trent Bridge,2,10.3,Essex,Nottinghamshire,T Westley,NLJ Browne,SR Patel,1,0,,,,,,,,,
947343,2016,2016-08-08,Trent Bridge,2,10.4,Essex,Nottinghamshire,NLJ Browne,T Westley,SR Patel,0,0,,,,,,caught,NLJ Browne,,
947343,2016,2016-08-08,Trent Bridge,2,10.5,Essex,Nottinghamshire,Ashar Zaidi,T Westley,SR Patel,6,0,,,,,,,,,
947343,2016,2016-08-08,Trent Bridge,2,10.6,Essex,Nottinghamshire,Ashar Zaidi,T Westley,SR Patel,0,0,,,,,,caught,Ashar Zaidi,,
947343,2016,2016-08-08,Trent Bridge,2,11.1,Essex,Nottinghamshire,T Westley,RS Bopara,JT Ball,1,0,,,,,,,,,
947343,2016,2016-08-08,Trent Bridge,2,11.2,Essex,Nottinghamshire,RS Bopara,T Westley,JT Ball,0,0,,,,,,,,,
947343,2016,2016-08-08,Trent Bridge,2,11.3,Essex,Nottinghamshire,RS Bopara,T Westley,JT Ball,1,0,,,,,,,,,
947343,2016,2016-08-08,Trent Bridge,2,11.4,Essex,Nottinghamshire,T Westley,RS Bopara,JT Ball,1,0,,,,,,,,,
947343,2016,2016-08-08,Trent Bridge,2,11.5,Essex,Nottinghamshire,RS Bopara,T Westley,JT Ball,1,0,,,,,,,,,
947343,2016,2016-08-08,Trent Bridge,2,11.6,Essex,Nottinghamshire,T Westley,RS Bopara,JT Ball,1,0,,,,,,,,,
947343,2016,2016-08-08,Trent Bridge,2,12.1,Essex,Nottinghamshire,T Westley,RS Bopara,SR Patel,0,0,,,,,,bowled,T Westley,,
947343,2016,2016-08-08,Trent Bridge,2,12.2,Essex,Nottinghamshire,RN ten Doeschate,RS Bopara,SR Patel,1,0,,,,,,,,,
947343,2016,2016-08-08,Trent Bridge,2,12.3,Essex,Nottinghamshire,RS Bopara,RN ten Doeschate,SR Patel,0,0,,,,,,,,,
947343,2016,2016-08-08,Trent Bridge,2,12.4,Essex,Nottinghamshire,RS Bopara,RN ten Doeschate,SR Patel,1,0,,,,,,,,,
947343,2016,2016-08-08,Trent Bridge,2,12.5,Essex,Nottinghamshire,RN ten Doeschate,RS Bopara,SR Patel,1,0,,,,,,,,,
947343,2016,2016-08-08,Trent Bridge,2,12.6,Essex,Nottinghamshire,RS Bopara,RN ten Doeschate,SR Patel,1,0,,,,,,,,,
947343,2016,2016-08-08,Trent Bridge,2,13.1,Essex,Nottinghamshire,RS Bopara,RN ten Doeschate,SJ Mullaney,0,0,,,,,,,,,
947343,2016,2016-08-08,Trent Bridge,2,13.2,Essex,Nottinghamshire,RS Bopara,RN ten Doeschate,SJ Mullaney,1,0,,,,,,,,,
947343,2016,2016-08-08,Trent Bridge,2,13.3,Essex,Nottinghamshire,RN ten Doeschate,RS Bopara,SJ Mullaney,0,0,,,,,,,,,
947343,2016,2016-08-08,Trent Bridge,2,13.4,Essex,Nottinghamshire,RN ten Doeschate,RS Bopara,SJ Mullaney,1,0,,,,,,,,,
947343,2016,2016-08-08,Trent Bridge,2,13.5,Essex,Nottinghamshire,RS Bopara,RN ten Doeschate,SJ Mullaney,1,0,,,,,,,,,
947343,2016,2016-08-08,Trent Bridge,2,13.6,Essex,Nottinghamshire,RN ten Doeschate,RS Bopara,SJ Mullaney,0,0,,,,,,,,,
947343,2016,2016-08-08,Trent Bridge,2,14.1,Essex,Nottinghamshire,RS Bopara,RN ten Doeschate,Imran Tahir,1,0,,,,,,,,,
947343,2016,2016-08-08,Trent Bridge,2,14.2,Essex,Nottinghamshire,RN ten Doeschate,RS Bopara,Imran Tahir,1,0,,,,,,,,,
947343,2016,2016-08-08,Trent Bridge,2,14.3,Essex,Nottinghamshire,RS Bopara,RN ten Doeschate,Imran Tahir,1,0,,,,,,,,,
947343,2016,2016-08-08,Trent Bridge,2,14.4,Essex,Nottinghamshire,RN ten Doeschate,RS Bopara,Imran Tahir,0,1,1,,,,,,,,
947343,2016,2016-08-08,Trent Bridge,2,14.5,Essex,Nottinghamshire,RN ten Doeschate,RS Bopara,Imran Tahir,0,0,,,,,,,,,
947343,2016,2016-08-08,Trent Bridge,2,14.6,Essex,Nottinghamshire,RN ten Doeschate,RS Bopara,Imran Tahir,0,0,,,,,,,,,
947343,2016,2016-08-08,Trent Bridge,2,14.7,Essex,Nottinghamshire,RN ten Doeschate,RS Bopara,Imran Tahir,2,0,,,,,,,,,
947343,2016,2016-08-08,Trent Bridge,2,15.1,Essex,Nottinghamshire,RS Bopara,RN ten Doeschate,SR Patel,0,0,,,,,,,,,
947343,2016,2016-08-08,Trent Bridge,2,15.2,Essex,Nottinghamshire,RS Bopara,RN ten Doeschate,SR Patel,1,0,,,,,,,,,
947343,2016,2016-08-08,Trent Bridge,2,15.3,Essex,Nottinghamshire,RN ten Doeschate,RS Bopara,SR Patel,1,0,,,,,,,,,
947343,2016,2016-08-08,Trent Bridge,2,15.4,Essex,Nottinghamshire,RS Bopara,RN ten Doeschate,SR Patel,1,0,,,,,,,,,
947343,2016,2016-08-08,Trent Bridge,2,15.5,Essex,Nottinghamshire,RN ten Doeschate,RS Bopara,SR Patel,0,0,,,,,,lbw,RN ten Doeschate,,
947343,2016,2016-08-08,Trent Bridge,2,15.6,Essex,Nottinghamshire,JS Foster,RS Bopara,SR Patel,1,0,,,,,,,,,
947343,2016,2016-08-08,Trent Bridge,2,16.1,Essex,Nottinghamshire,JS Foster,RS Bopara,Imran Tahir,1,0,,,,,,,,,
947343,2016,2016-08-08,Trent Bridge,2,16.2,Essex,Nottinghamshire,RS Bopara,JS Foster,Imran Tahir,0,0,,,,,,caught,RS Bopara,,
947343,2016,2016-08-08,Trent Bridge,2,16.3,Essex,Nottinghamshire,JS Foster,DW Lawrence,Imran Tahir,1,0,,,,,,,,,
947343,2016,2016-08-08,Trent Bridge,2,16.4,Essex,Nottinghamshire,DW Lawrence,JS Foster,Imran Tahir,4,0,,,,,,,,,
947343,2016,2016-08-08,Trent Bridge,2,16.5,Essex,Nottinghamshire,DW Lawrence,JS Foster,Imran Tahir,2,0,,,,,,,,,
947343,2016,2016-08-08,Trent Bridge,2,16.6,Essex,Nottinghamshire,DW Lawrence,JS Foster,Imran Tahir,1,0,,,,,,,,,
947343,2016,2016-08-08,Trent Bridge,2,17.1,Essex,Nottinghamshire,DW Lawrence,JS Foster,SJ Mullaney,0,0,,,,,,caught,DW Lawrence,,
947343,2016,2016-08-08,Trent Bridge,2,17.2,Essex,Nottinghamshire,GR Napier,JS Foster,SJ Mullaney,0,0,,,,,,,,,
947343,2016,2016-08-08,Trent Bridge,2,17.3,Essex,Nottinghamshire,GR Napier,JS Foster,SJ Mullaney,0,0,,,,,,caught,GR Napier,,
947343,2016,2016-08-08,Trent Bridge,2,17.4,Essex,Nottinghamshire,PI Walter,JS Foster,SJ Mullaney,0,0,,,,,,,,,
947343,2016,2016-08-08,Trent Bridge,2,17.5,Essex,Nottinghamshire,PI Walter,JS Foster,SJ Mullaney,6,0,,,,,,,,,
947343,2016,2016-08-08,Trent Bridge,2,17.6,Essex,Nottinghamshire,PI Walter,JS Foster,SJ Mullaney,2,0,,,,,,,,,
947343,2016,2016-08-08,Trent Bridge,2,18.1,Essex,Nottinghamshire,JS Foster,PI Walter,HF Gurney,1,0,,,,,,,,,
947343,2016,2016-08-08,Trent Bridge,2,18.2,Essex,Nottinghamshire,PI Walter,JS Foster,HF Gurney,0,0,,,,,,caught,PI Walter,,
947343,2016,2016-08-08,Trent Bridge,2,18.3,Essex,Nottinghamshire,DD Masters,JS Foster,HF Gurney,0,1,,,1,,,,,,
947343,2016,2016-08-08,Trent Bridge,2,18.4,Essex,Nottinghamshire,JS Foster,DD Masters,HF Gurney,0,0,,,,,,caught,JS Foster,,
