match_id,season,start_date,venue,innings,ball,batting_team,bowling_team,striker,non_striker,bowler,runs_off_bat,extras,wides,noballs,byes,legbyes,penalty,wicket_type,player_dismissed,other_wicket_type,other_player_dismissed
1114892,2017/18,2018-01-24,Manuka Oval,1,0.1,Melbourne Renegades,Sydney Thunder,MS Harris,MW Short,GS Sandhu,0,0,,,,,,,,,
1114892,2017/18,2018-01-24,Manuka Oval,1,0.2,Melbourne Renegades,Sydney Thunder,MS Harris,MW Short,GS Sandhu,4,0,,,,,,,,,
1114892,2017/18,2018-01-24,Manuka Oval,1,0.3,Melbourne Renegades,Sydney Thunder,MS Harris,MW Short,GS Sandhu,1,0,,,,,,,,,
1114892,2017/18,2018-01-24,Manuka Oval,1,0.4,Melbourne Renegades,Sydney Thunder,MW Short,MS Harris,GS Sandhu,3,0,,,,,,,,,
1114892,2017/18,2018-01-24,Manuka Oval,1,0.5,Melbourne Renegades,Sydney Thunder,MS Harris,MW Short,GS Sandhu,0,0,,,,,,,,,
1114892,2017/18,2018-01-24,Manuka Oval,1,0.6,Melbourne Renegades,Sydney Thunder,MS Harris,MW Short,GS Sandhu,4,0,,,,,,,,,
1114892,2017/18,2018-01-24,Manuka Oval,1,1.1,Melbourne Renegades,Sydney Thunder,MW Short,MS Harris,MJ McClenaghan,0,0,,,,,,,,,
1114892,2017/18,2018-01-24,Manuka Oval,1,1.2,Melbourne Renegades,Sydney Thunder,MW Short,MS Harris,MJ McClenaghan,0,0,,,,,,,,,
1114892,2017/18,2018-01-24,Manuka Oval,1,1.3,Melbourne Renegades,Sydney Thunder,MW Short,MS Harris,MJ McClenaghan,0,0,,,,,,,,,
1114892,2017/18,2018-01-24,Manuka Oval,1,1.4,Melbourne Renegades,Sydney Thunder,MW Short,MS Harris,MJ McClenaghan,0,1,,,,1,,,,,
1114892,2017/18,2018-01-24,Manuka Oval,1,1.5,Melbourne Renegades,Sydney Thunder,MS Harris,MW Short,MJ McClenaghan,1,0,,,,,,,,,
1114892,2017/18,2018-01-24,Manuka Oval,1,1.6,Melbourne Renegades,Sydney Thunder,MW Short,MS Harris,MJ McClenaghan,1,0,,,,,,,,,
1114892,2017/18,2018-01-24,Manuka Oval,1,2.1,Melbourne Renegades,Sydney Thunder,MW Short,MS Harris,CJ Green,1,0,,,,,,,,,
1114892,2017/18,2018-01-24,Manuka Oval,1,2.2,Melbourne Renegades,Sydney Thunder,MS Harris,MW Short,CJ Green,0,0,,,,,,,,,
1114892,2017/18,2018-01-24,Manuka Oval,1,2.3,Melbourne Renegades,Sydney Thunder,MS Harris,MW Short,CJ Green,1,0,,,,,,,,,
1114892,2017/18,2018-01-24,Manuka Oval,1,2.4,Melbourne Renegades,Sydney Thunder,MW Short,MS Harris,CJ Green,1,0,,,,,,,,,
1114892,2017/18,2018-01-24,Manuka Oval,1,2.5,Melbourne Renegades,Sydney Thunder,MS Harris,MW Short,CJ Green,4,0,,,,,,,,,
1114892,2017/18,2018-01-24,Manuka Oval,1,2.6,Melbourne Renegades,Sydney Thunder,MS Harris,MW Short,CJ Green,0,0,,,,,,,,,
1114892,2017/18,2018-01-24,Manuka Oval,1,3.1,Melbourne Renegades,Sydney Thunder,MW Short,MS Harris,SR Watson,4,0,,,,,,,,,
1114892,2017/18,2018-01-24,Manuka Oval,1,3.2,Melbourne Renegades,Sydney Thunder,MW Short,MS Harris,SR Watson,0,1,,,,1,,,,,
1114892,2017/18,2018-01-24,Manuka Oval,1,3.3,Melbourne Renegades,Sydney Thunder,MS Harris,MW Short,SR Watson,0,0,,,,,,,,,
1114892,2017/18,2018-01-24,Manuka Oval,1,3.4,Melbourne Renegades,Sydney Thunder,MS Harris,MW Short,SR Watson,4,0,,,,,,,,,
1114892,2017/18,2018-01-24,Manuka Oval,1,3.5,Melbourne Renegades,Sydney Thunder,MS Harris,MW Short,SR Watson,1,0,,,,,,,,,
1114892,2017/18,2018-01-24,Manuka Oval,1,3.6,Melbourne Renegades,Sydney Thunder,MW Short,MS Harris,SR Watson,4,0,,,,,,,,,
1114892,2017/18,2018-01-24,Manuka Oval,1,4.1,Melbourne Renegades,Sydney Thunder,MS Harris,MW Short,MJ McClenaghan,3,0,,,,,,,,,
1114892,2017/18,2018-01-24,Manuka Oval,1,4.2,Melbourne Renegades,Sydney Thunder,MW Short,MS Harris,MJ McClenaghan,0,1,,1,,,,,,,
1114892,2017/18,2018-01-24,Manuka Oval,1,4.3,Melbourne Renegades,Sydney Thunder,MW Short,MS Harris,MJ McClenaghan,4,0,,,,,,,,,
1114892,2017/18,2018-01-24,Manuka Oval,1,4.4,Melbourne Renegades,Sydney Thunder,MW Short,MS Harris,MJ McClenaghan,0,0,,,,,,,,,
1114892,2017/18,2018-01-24,Manuka Oval,1,4.5,Melbourne Renegades,Sydney Thunder,MW Short,MS Harris,MJ McClenaghan,1,0,,,,,,,,,
1114892,2017/18,2018-01-24,Manuka Oval,1,4.6,Melbourne Renegades,Sydney Thunder,MS Harris,MW Short,MJ McClenaghan,0,0,,,,,,,,,
1114892,2017/18,2018-01-24,Manuka Oval,1,4.7,Melbourne Renegades,Sydney Thunder,MS Harris,MW Short,MJ McClenaghan,0,1,1,,,,,,,,
1114892,2017/18,2018-01-24,Manuka Oval,1,4.8,Melbourne Renegades,Sydney Thunder,MS Harris,MW Short,MJ McClenaghan,3,0,,,,,,,,,
1114892,2017/18,2018-01-24,Manuka Oval,1,5.1,Melbourne Renegades,Sydney Thunder,MS Harris,MW Short,CJ Green,0,0,,,,,,,,,
1114892,2017/18,2018-01-24,Manuka Oval,1,5.2,Melbourne Renegades,Sydney Thunder,MS Harris,MW Short,CJ Green,0,0,,,,,,,,,
1114892,2017/18,2018-01-24,Manuka Oval,1,5.3,Melbourne Renegades,Sydney Thunder,MS Harris,MW Short,CJ Green,4,0,,,,,,,,,
1114892,2017/18,2018-01-24,Manuka Oval,1,5.4,Melbourne Renegades,Sydney Thunder,MS Harris,MW Short,CJ Green,0,0,,,,,,,,,
1114892,2017/18,2018-01-24,Manuka Oval,1,5.5,Melbourne Renegades,Sydney Thunder,MS Harris,MW Short,CJ Green,4,0,,,,,,,,,
1114892,2017/18,2018-01-24,Manuka Oval,1,5.6,Melbourne Renegades,Sydney Thunder,MS Harris,MW Short,CJ Green,2,0,,,,,,,,,
1114892,2017/18,2018-01-24,Manuka Oval,1,6.1,Melbourne Renegades,Sydney Thunder,MW Short,MS Harris,Fawad Ahmed,1,0,,,,,,,,,
1114892,2017/18,2018-01-24,Manuka Oval,1,6.2,Melbourne Renegades,Sydney Thunder,MS Harris,MW Short,Fawad Ahmed,1,0,,,,,,,,,
1114892,2017/18,2018-01-24,Manuka Oval,1,6.3,Melbourne Renegades,Sydney Thunder,MW Short,MS Harris,Fawad Ahmed,1,0,,,,,,,,,
1114892,2017/18,2018-01-24,Manuka Oval,1,6.4,Melbourne Renegades,Sydney Thunder,MS Harris,MW Short,Fawad Ahmed,1,0,,,,,,,,,
1114892,2017/18,2018-01-24,Manuka Oval,1,6.5,Melbourne Renegades,Sydney Thunder,MW Short,MS Harris,Fawad Ahmed,1,0,,,,,,,,,
1114892,2017/18,2018-01-24,Manuka Oval,1,6.6,Melbourne Renegades,Sydney Thunder,MS Harris,MW Short,Fawad Ahmed,0,0,,,,,,,,,
1114892,2017/18,2018-01-24,Manuka Oval,1,7.1,Melbourne Renegades,Sydney Thunder,MW Short,MS Harris,GS Sandhu,2,0,,,,,,,,,
1114892,2017/18,2018-01-24,Manuka Oval,1,7.2,Melbourne Renegades,Sydney Thunder,MW Short,MS Harris,GS Sandhu,2,0,,,,,,,,,
1114892,2017/18,2018-01-24,Manuka Oval,1,7.3,Melbourne Renegades,Sydney Thunder,MW Short,MS Harris,GS Sandhu,1,0,,,,,,,,,
1114892,2017/18,2018-01-24,Manuka Oval,1,7.4,Melbourne Renegades,Sydney Thunder,MS Harris,MW Short,GS Sandhu,1,0,,,,,,,,,
1114892,2017/18,2018-01-24,Manuka Oval,1,7.5,Melbourne Renegades,Sydney Thunder,MW Short,MS Harris,GS Sandhu,1,0,,,,,,,,,
1114892,2017/18,2018-01-24,Manuka Oval,1,7.6,Melbourne Renegades,Sydney Thunder,MS Harris,MW Short,GS Sandhu,6,0,,,,,,,,,
1114892,2017/18,2018-01-24,Manuka Oval,1,8.1,Melbourne Renegades,Sydney Thunder,MW Short,MS Harris,Fawad Ahmed,0,0,,,,,,,,,
1114892,2017/18,2018-01-24,Manuka Oval,1,8.2,Melbourne Renegades,Sydney Thunder,MW Short,MS Harris,Fawad Ahmed,0,0,,,,,,stumped,MW Short,,
1114892,2017/18,2018-01-24,Manuka Oval,1,8.3,Melbourne Renegades,Sydney Thunder,TLW Cooper,MS Harris,Fawad Ahmed,2,0,,,,,,,,,
1114892,2017/18,2018-01-24,Manuka Oval,1,8.4,Melbourne Renegades,Sydney Thunder,TLW Cooper,MS Harris,Fawad Ahmed,1,0,,,,,,,,,
1114892,2017/18,2018-01-24,Manuka Oval,1,8.5,Melbourne Renegades,Sydney Thunder,MS Harris,TLW Cooper,Fawad Ahmed,1,0,,,,,,,,,
1114892,2017/18,2018-01-24,Manuka Oval,1,8.6,Melbourne Renegades,Sydney Thunder,TLW Cooper,MS Harris,Fawad Ahmed,6,0,,,,,,,,,
1114892,2017/18,2018-01-24,Manuka Oval,1,9.1,Melbourne Renegades,Sydney Thunder,MS Harris,TLW Cooper,SR Watson,2,0,,,,,,,,,
1114892,2017/18,2018-01-24,Manuka Oval,1,9.2,Melbourne Renegades,Sydney Thunder,MS Harris,TLW Cooper,SR Watson,1,0,,,,,,,,,
1114892,2017/18,2018-01-24,Manuka Oval,1,9.3,Melbourne Renegades,Sydney Thunder,TLW Cooper,MS Harris,SR Watson,1,0,,,,,,,,,
1114892,2017/18,2018-01-24,Manuka Oval,1,9.4,Melbourne Renegades,Sydney Thunder,MS Harris,TLW Cooper,SR Watson,1,0,,,,,,,,,
1114892,2017/18,2018-01-24,Manuka Oval,1,9.5,Melbourne Renegades,Sydney Thunder,TLW Cooper,MS Harris,SR Watson,1,0,,,,,,,,,
1114892,2017/18,2018-01-24,Manuka Oval,1,9.6,Melbourne Renegades,Sydney Thunder,MS Harris,TLW Cooper,SR Watson,0,1,,,,1,,,,,
1114892,2017/18,2018-01-24,Manuka Oval,1,10.1,Melbourne Renegades,Sydney Thunder,MS Harris,TLW Cooper,Fawad Ahmed,6,0,,,,,,,,,
1114892,2017/18,2018-01-24,Manuka Oval,1,10.2,Melbourne Renegades,Sydney Thunder,MS Harris,TLW Cooper,Fawad Ahmed,0,0,,,,,,run out,TLW Cooper,,
1114892,2017/18,2018-01-24,Manuka Oval,1,10.3,Melbourne Renegades,Sydney Thunder,MS Harris,DJ Bravo,Fawad Ahmed,0,0,,,,,,,,,
1114892,2017/18,2018-01-24,Manuka Oval,1,10.4,Melbourne Renegades,Sydney Thunder,MS Harris,DJ Bravo,Fawad Ahmed,1,0,,,,,,,,,
1114892,2017/18,2018-01-24,Manuka Oval,1,10.5,Melbourne Renegades,Sydney Thunder,DJ Bravo,MS Harris,Fawad Ahmed,0,0,,,,,,,,,
1114892,2017/18,2018-01-24,Manuka Oval,1,10.6,Melbourne Renegades,Sydney Thunder,DJ Bravo,MS Harris,Fawad Ahmed,0,0,,,,,,,,,
1114892,2017/18,2018-01-24,Manuka Oval,1,11.1,Melbourne Renegades,Sydney Thunder,MS Harris,DJ Bravo,GS Sandhu,4,0,,,,,,,,,
1114892,2017/18,2018-01-24,Manuka Oval,1,11.2,Melbourne Renegades,Sydney Thunder,MS Harris,DJ Bravo,GS Sandhu,0,0,,,,,,,,,
1114892,2017/18,2018-01-24,Manuka Oval,1,11.3,Melbourne Renegades,Sydney Thunder,MS Harris,DJ Bravo,GS Sandhu,1,0,,,,,,,,,
1114892,2017/18,2018-01-24,Manuka Oval,1,11.4,Melbourne Renegades,Sydney Thunder,DJ Bravo,MS Harris,GS Sandhu,0,0,,,,,,,,,
1114892,2017/18,2018-01-24,Manuka Oval,1,11.5,Melbourne Renegades,Sydney Thunder,DJ Bravo,MS Harris,GS Sandhu,0,0,,,,,,,,,
1114892,2017/18,2018-01-24,Manuka Oval,1,11.6,Melbourne Renegades,Sydney Thunder,DJ Bravo,MS Harris,GS Sandhu,1,0,,,,,,,,,
1114892,2017/18,2018-01-24,Manuka Oval,1,12.1,Melbourne Renegades,Sydney Thunder,DJ Bravo,MS Harris,CJ Green,2,0,,,,,,,,,
1114892,2017/18,2018-01-24,Manuka Oval,1,12.2,Melbourne Renegades,Sydney Thunder,DJ Bravo,MS Harris,CJ Green,0,0,,,,,,,,,
1114892,2017/18,2018-01-24,Manuka Oval,1,12.3,Melbourne Renegades,Sydney Thunder,DJ Bravo,MS Harris,CJ Green,0,0,,,,,,,,,
1114892,2017/18,2018-01-24,Manuka Oval,1,12.4,Melbourne Renegades,Sydney Thunder,DJ Bravo,MS Harris,CJ Green,1,0,,,,,,,,,
1114892,2017/18,2018-01-24,Manuka Oval,1,12.5,Melbourne Renegades,Sydney Thunder,MS Harris,DJ Bravo,CJ Green,2,0,,,,,,,,,
1114892,2017/18,2018-01-24,Manuka Oval,1,12.6,Melbourne Renegades,Sydney Thunder,MS Harris,DJ Bravo,CJ Green,0,0,,,,,,bowled,MS Harris,,
1114892,2017/18,2018-01-24,Manuka Oval,1,13.1,Melbourne Renegades,Sydney Thunder,DJ Bravo,KA Pollard,SR Watson,1,0,,,,,,,,,
1114892,2017/18,2018-01-24,Manuka Oval,1,13.2,Melbourne Renegades,Sydney Thunder,KA Pollard,DJ Bravo,SR Watson,0,0,,,,,,,,,
1114892,2017/18,2018-01-24,Manuka Oval,1,13.3,Melbourne Renegades,Sydney Thunder,KA Pollard,DJ Bravo,SR Watson,4,0,,,,,,,,,
1114892,2017/18,2018-01-24,Manuka Oval,1,13.4,Melbourne Renegades,Sydney Thunder,KA Pollard,DJ Bravo,SR Watson,1,0,,,,,,,,,
1114892,2017/18,2018-01-24,Manuka Oval,1,13.5,Melbourne Renegades,Sydney Thunder,DJ Bravo,KA Pollard,SR Watson,0,1,1,,,,,,,,
1114892,2017/18,2018-01-24,Manuka Oval,1,13.6,Melbourne Renegades,Sydney Thunder,DJ Bravo,KA Pollard,SR Watson,0,0,,,,,,,,,
1114892,2017/18,2018-01-24,Manuka Oval,1,13.7,Melbourne Renegades,Sydney Thunder,DJ Bravo,KA Pollard,SR Watson,1,0,,,,,,,,,
1114892,2017/18,2018-01-24,Manuka Oval,1,14.1,Melbourne Renegades,Sydney Thunder,DJ Bravo,KA Pollard,Fawad Ahmed,0,1,1,,,,,,,,
1114892,2017/18,2018-01-24,Manuka Oval,1,14.2,Melbourne Renegades,Sydney Thunder,DJ Bravo,KA Pollard,Fawad Ahmed,1,0,,,,,,,,,
1114892,2017/18,2018-01-24,Manuka Oval,1,14.3,Melbourne Renegades,Sydney Thunder,KA Pollard,DJ Bravo,Fawad Ahmed,0,0,,,,,,,,,
1114892,2017/18,2018-01-24,Manuka Oval,1,14.4,Melbourne Renegades,Sydney Thunder,KA Pollard,DJ Bravo,Fawad Ahmed,0,0,,,,,,,,,
1114892,2017/18,2018-01-24,Manuka Oval,1,14.5,Melbourne Renegades,Sydney Thunder,KA Pollard,DJ Bravo,Fawad Ahmed,1,0,,,,,,,,,
1114892,2017/18,2018-01-24,Manuka Oval,1,14.6,Melbourne Renegades,Sydney Thunder,DJ Bravo,KA Pollard,Fawad Ahmed,2,0,,,,,,,,,
1114892,2017/18,2018-01-24,Manuka Oval,1,14.7,Melbourne Renegades,Sydney Thunder,DJ Bravo,KA Pollard,Fawad Ahmed,0,0,,,,,,,,,
1114892,2017/18,2018-01-24,Manuka Oval,1,15.1,Melbourne Renegades,Sydney Thunder,KA Pollard,DJ Bravo,MJ McClenaghan,0,1,,,,1,,,,,
1114892,2017/18,2018-01-24,Manuka Oval,1,15.2,Melbourne Renegades,Sydney Thunder,DJ Bravo,KA Pollard,MJ McClenaghan,1,0,,,,,,,,,
1114892,2017/18,2018-01-24,Manuka Oval,1,15.3,Melbourne Renegades,Sydney Thunder,KA Pollard,DJ Bravo,MJ McClenaghan,1,0,,,,,,,,,
1114892,2017/18,2018-01-24,Manuka Oval,1,15.4,Melbourne Renegades,Sydney Thunder,DJ Bravo,KA Pollard,MJ McClenaghan,6,0,,,,,,,,,
1114892,2017/18,2018-01-24,Manuka Oval,1,15.5,Melbourne Renegades,Sydney Thunder,DJ Bravo,KA Pollard,MJ McClenaghan,0,0,,,,,,caught and bowled,DJ Bravo,,
1114892,2017/18,2018-01-24,Manuka Oval,1,15.6,Melbourne Renegades,Sydney Thunder,JD Wildermuth,KA Pollard,MJ McClenaghan,0,0,,,,,,,,,
1114892,2017/18,2018-01-24,Manuka Oval,1,16.1,Melbourne Renegades,Sydney Thunder,KA Pollard,JD Wildermuth,SR Watson,6,0,,,,,,,,,
1114892,2017/18,2018-01-24,Manuka Oval,1,16.2,Melbourne Renegades,Sydney Thunder,KA Pollard,JD Wildermuth,SR Watson,0,0,,,,,,,,,
1114892,2017/18,2018-01-24,Manuka Oval,1,16.3,Melbourne Renegades,Sydney Thunder,KA Pollard,JD Wildermuth,SR Watson,1,0,,,,,,,,,
1114892,2017/18,2018-01-24,Manuka Oval,1,16.4,Melbourne Renegades,Sydney Thunder,JD Wildermuth,KA Pollard,SR Watson,1,0,,,,,,,,,
1114892,2017/18,2018-01-24,Manuka Oval,1,16.5,Melbourne Renegades,Sydney Thunder,KA Pollard,JD Wildermuth,SR Watson,1,0,,,,,,,,,
1114892,2017/18,2018-01-24,Manuka Oval,1,16.6,Melbourne Renegades,Sydney Thunder,JD Wildermuth,KA Pollard,SR Watson,1,0,,,,,,,,,
1114892,2017/18,2018-01-24,Manuka Oval,1,17.1,Melbourne Renegades,Sydney Thunder,JD Wildermuth,KA Pollard,CJ Green,4,0,,,,,,,,,
1114892,2017/18,2018-01-24,Manuka Oval,1,17.2,Melbourne Renegades,Sydney Thunder,JD Wildermuth,KA Pollard,CJ Green,1,0,,,,,,,,,
1114892,2017/18,2018-01-24,Manuka Oval,1,17.3,Melbourne Renegades,Sydney Thunder,KA Pollard,JD Wildermuth,CJ Green,1,0,,,,,,,,,
1114892,2017/18,2018-01-24,Manuka Oval,1,17.4,Melbourne Renegades,Sydney Thunder,JD Wildermuth,KA Pollard,CJ Green,6,0,,,,,,,,,
1114892,2017/18,2018-01-24,Manuka Oval,1,17.5,Melbourne Renegades,Sydney Thunder,JD Wildermuth,KA Pollard,CJ Green,1,0,,,,,,,,,
1114892,2017/18,2018-01-24,Manuka Oval,1,17.6,Melbourne Renegades,Sydney Thunder,KA Pollard,JD Wildermuth,CJ Green,1,0,,,,,,,,,
1114892,2017/18,2018-01-24,Manuka Oval,1,18.1,Melbourne Renegades,Sydney Thunder,KA Pollard,JD Wildermuth,GS Sandhu,0,0,,,,,,,,,
1114892,2017/18,2018-01-24,Manuka Oval,1,18.2,Melbourne Renegades,Sydney Thunder,KA Pollard,JD Wildermuth,GS Sandhu,4,0,,,,,,,,,
1114892,2017/18,2018-01-24,Manuka Oval,1,18.3,Melbourne Renegades,Sydney Thunder,KA Pollard,JD Wildermuth,GS Sandhu,2,0,,,,,,,,,
1114892,2017/18,2018-01-24,Manuka Oval,1,18.4,Melbourne Renegades,Sydney Thunder,KA Pollard,JD Wildermuth,GS Sandhu,0,0,,,,,,,,,
1114892,2017/18,2018-01-24,Manuka Oval,1,18.5,Melbourne Renegades,Sydney Thunder,KA Pollard,JD Wildermuth,GS Sandhu,0,0,,,,,,caught,KA Pollard,,
1114892,2017/18,2018-01-24,Manuka Oval,1,18.6,Melbourne Renegades,Sydney Thunder,JD Wildermuth,TP Ludeman,GS Sandhu,0,0,,,,,,caught,JD Wildermuth,,
1114892,2017/18,2018-01-24,Manuka Oval,1,19.1,Melbourne Renegades,Sydney Thunder,TP Ludeman,BJ Webster,MJ McClenaghan,4,0,,,,,,,,,
1114892,2017/18,2018-01-24,Manuka Oval,1,19.2,Melbourne Renegades,Sydney Thunder,TP Ludeman,BJ Webster,MJ McClenaghan,0,1,1,,,,,,,,
1114892,2017/18,2018-01-24,Manuka Oval,1,19.3,Melbourne Renegades,Sydney Thunder,TP Ludeman,BJ Webster,MJ McClenaghan,1,0,,,,,,,,,
1114892,2017/18,2018-01-24,Manuka Oval,1,19.4,Melbourne Renegades,Sydney Thunder,BJ Webster,TP Ludeman,MJ McClenaghan,2,0,,,,,,,,,
1114892,2017/18,2018-01-24,Manuka Oval,1,19.5,Melbourne Renegades,Sydney Thunder,BJ Webster,TP Ludeman,MJ McClenaghan,0,1,1,,,,,,,,
1114892,2017/18,2018-01-24,Manuka Oval,1,19.6,Melbourne Renegades,Sydney Thunder,BJ Webster,TP Ludeman,MJ McClenaghan,6,0,,,,,,,,,
1114892,2017/18,2018-01-24,Manuka Oval,1,19.7,Melbourne Renegades,Sydney Thunder,BJ Webster,TP Ludeman,MJ McClenaghan,6,0,,,,,,,,,
1114892,2017/18,2018-01-24,Manuka Oval,1,19.8,Melbourne Renegades,Sydney Thunder,BJ Webster,TP Ludeman,MJ McClenaghan,4,0,,,,,,,,,
1114892,2017/18,2018-01-24,Manuka Oval,2,0.1,Sydney Thunder,Melbourne Renegades,JM Vince,KR Patterson,TLW Cooper,0,0,,,,,,,,,
1114892,2017/18,2018-01-24,Manuka Oval,2,0.2,Sydney Thunder,Melbourne Renegades,JM Vince,KR Patterson,TLW Cooper,0,0,,,,,,,,,
1114892,2017/18,2018-01-24,Manuka Oval,2,0.3,Sydney Thunder,Melbourne Renegades,JM Vince,KR Patterson,TLW Cooper,0,0,,,,,,,,,
1114892,2017/18,2018-01-24,Manuka Oval,2,0.4,Sydney Thunder,Melbourne Renegades,JM Vince,KR Patterson,TLW Cooper,1,0,,,,,,,,,
1114892,2017/18,2018-01-24,Manuka Oval,2,0.5,Sydney Thunder,Melbourne Renegades,KR Patterson,JM Vince,TLW Cooper,0,0,,,,,,,,,
1114892,2017/18,2018-01-24,Manuka Oval,2,0.6,Sydney Thunder,Melbourne Renegades,KR Patterson,JM Vince,TLW Cooper,0,0,,,,,,,,,
1114892,2017/18,2018-01-24,Manuka Oval,2,1.1,Sydney Thunder,Melbourne Renegades,JM Vince,KR Patterson,CP Tremain,0,0,,,,,,,,,
1114892,2017/18,2018-01-24,Manuka Oval,2,1.2,Sydney Thunder,Melbourne Renegades,JM Vince,KR Patterson,CP Tremain,0,0,,,,,,caught,JM Vince,,
1114892,2017/18,2018-01-24,Manuka Oval,2,1.3,Sydney Thunder,Melbourne Renegades,KR Patterson,SR Watson,CP Tremain,2,0,,,,,,,,,
1114892,2017/18,2018-01-24,Manuka Oval,2,1.4,Sydney Thunder,Melbourne Renegades,KR Patterson,SR Watson,CP Tremain,1,0,,,,,,,,,
1114892,2017/18,2018-01-24,Manuka Oval,2,1.5,Sydney Thunder,Melbourne Renegades,SR Watson,KR Patterson,CP Tremain,0,0,,,,,,,,,
1114892,2017/18,2018-01-24,Manuka Oval,2,1.6,Sydney Thunder,Melbourne Renegades,SR Watson,KR Patterson,CP Tremain,3,0,,,,,,,,,
1114892,2017/18,2018-01-24,Manuka Oval,2,2.1,Sydney Thunder,Melbourne Renegades,SR Watson,KR Patterson,KW Richardson,0,0,,,,,,,,,
1114892,2017/18,2018-01-24,Manuka Oval,2,2.2,Sydney Thunder,Melbourne Renegades,SR Watson,KR Patterson,KW Richardson,0,0,,,,,,,,,
1114892,2017/18,2018-01-24,Manuka Oval,2,2.3,Sydney Thunder,Melbourne Renegades,SR Watson,KR Patterson,KW Richardson,0,0,,,,,,,,,
1114892,2017/18,2018-01-24,Manuka Oval,2,2.4,Sydney Thunder,Melbourne Renegades,SR Watson,KR Patterson,KW Richardson,0,0,,,,,,,,,
1114892,2017/18,2018-01-24,Manuka Oval,2,2.5,Sydney Thunder,Melbourne Renegades,SR Watson,KR Patterson,KW Richardson,0,0,,,,,,,,,
1114892,2017/18,2018-01-24,Manuka Oval,2,2.6,Sydney Thunder,Melbourne Renegades,SR Watson,KR Patterson,KW Richardson,6,0,,,,,,,,,
1114892,2017/18,2018-01-24,Manuka Oval,2,3.1,Sydney Thunder,Melbourne Renegades,KR Patterson,SR Watson,CP Tremain,0,0,,,,,,,,,
1114892,2017/18,2018-01-24,Manuka Oval,2,3.2,Sydney Thunder,Melbourne Renegades,KR Patterson,SR Watson,CP Tremain,0,0,,,,,,caught,KR Patterson,,
1114892,2017/18,2018-01-24,Manuka Oval,2,3.3,Sydney Thunder,Melbourne Renegades,SR Watson,JS Lenton,CP Tremain,0,0,,,,,,,,,
1114892,2017/18,2018-01-24,Manuka Oval,2,3.4,Sydney Thunder,Melbourne Renegades,SR Watson,JS Lenton,CP Tremain,6,0,,,,,,,,,
1114892,2017/18,2018-01-24,Manuka Oval,2,3.5,Sydney Thunder,Melbourne Renegades,SR Watson,JS Lenton,CP Tremain,6,0,,,,,,,,,
1114892,2017/18,2018-01-24,Manuka Oval,2,3.6,Sydney Thunder,Melbourne Renegades,SR Watson,JS Lenton,CP Tremain,0,0,,,,,,,,,
1114892,2017/18,2018-01-24,Manuka Oval,2,4.1,Sydney Thunder,Melbourne Renegades,JS Lenton,SR Watson,DJ Bravo,0,0,,,,,,,,,
1114892,2017/18,2018-01-24,Manuka Oval,2,4.2,Sydney Thunder,Melbourne Renegades,JS Lenton,SR Watson,DJ Bravo,0,0,,,,,,,,,
1114892,2017/18,2018-01-24,Manuka Oval,2,4.3,Sydney Thunder,Melbourne Renegades,JS Lenton,SR Watson,DJ Bravo,2,0,,,,,,,,,
1114892,2017/18,2018-01-24,Manuka Oval,2,4.4,Sydney Thunder,Melbourne Renegades,JS Lenton,SR Watson,DJ Bravo,0,0,,,,,,,,,
1114892,2017/18,2018-01-24,Manuka Oval,2,4.5,Sydney Thunder,Melbourne Renegades,JS Lenton,SR Watson,DJ Bravo,6,0,,,,,,,,,
1114892,2017/18,2018-01-24,Manuka Oval,2,4.6,Sydney Thunder,Melbourne Renegades,JS Lenton,SR Watson,DJ Bravo,6,0,,,,,,,,,
1114892,2017/18,2018-01-24,Manuka Oval,2,5.1,Sydney Thunder,Melbourne Renegades,SR Watson,JS Lenton,KW Richardson,1,0,,,,,,,,,
1114892,2017/18,2018-01-24,Manuka Oval,2,5.2,Sydney Thunder,Melbourne Renegades,JS Lenton,SR Watson,KW Richardson,0,0,,,,,,,,,
1114892,2017/18,2018-01-24,Manuka Oval,2,5.3,Sydney Thunder,Melbourne Renegades,JS Lenton,SR Watson,KW Richardson,0,0,,,,,,,,,
1114892,2017/18,2018-01-24,Manuka Oval,2,5.4,Sydney Thunder,Melbourne Renegades,JS Lenton,SR Watson,KW Richardson,4,0,,,,,,,,,
1114892,2017/18,2018-01-24,Manuka Oval,2,5.5,Sydney Thunder,Melbourne Renegades,JS Lenton,SR Watson,KW Richardson,1,0,,,,,,,,,
1114892,2017/18,2018-01-24,Manuka Oval,2,5.6,Sydney Thunder,Melbourne Renegades,SR Watson,JS Lenton,KW Richardson,0,0,,,,,,,,,
1114892,2017/18,2018-01-24,Manuka Oval,2,6.1,Sydney Thunder,Melbourne Renegades,JS Lenton,SR Watson,JD Wildermuth,0,0,,,,,,,,,
1114892,2017/18,2018-01-24,Manuka Oval,2,6.2,Sydney Thunder,Melbourne Renegades,JS Lenton,SR Watson,JD Wildermuth,1,0,,,,,,,,,
1114892,2017/18,2018-01-24,Manuka Oval,2,6.3,Sydney Thunder,Melbourne Renegades,SR Watson,JS Lenton,JD Wildermuth,0,0,,,,,,,,,
1114892,2017/18,2018-01-24,Manuka Oval,2,6.4,Sydney Thunder,Melbourne Renegades,SR Watson,JS Lenton,JD Wildermuth,0,0,,,,,,caught,SR Watson,,
1114892,2017/18,2018-01-24,Manuka Oval,2,6.5,Sydney Thunder,Melbourne Renegades,JS Lenton,AJ Nair,JD Wildermuth,0,0,,,,,,,,,
1114892,2017/18,2018-01-24,Manuka Oval,2,6.6,Sydney Thunder,Melbourne Renegades,JS Lenton,AJ Nair,JD Wildermuth,0,0,,,,,,,,,
1114892,2017/18,2018-01-24,Manuka Oval,2,7.1,Sydney Thunder,Melbourne Renegades,AJ Nair,JS Lenton,JM Holland,1,0,,,,,,,,,
1114892,2017/18,2018-01-24,Manuka Oval,2,7.2,Sydney Thunder,Melbourne Renegades,JS Lenton,AJ Nair,JM Holland,1,0,,,,,,,,,
1114892,2017/18,2018-01-24,Manuka Oval,2,7.3,Sydney Thunder,Melbourne Renegades,AJ Nair,JS Lenton,JM Holland,1,0,,,,,,,,,
1114892,2017/18,2018-01-24,Manuka Oval,2,7.4,Sydney Thunder,Melbourne Renegades,JS Lenton,AJ Nair,JM Holland,2,0,,,,,,,,,
1114892,2017/18,2018-01-24,Manuka Oval,2,7.5,Sydney Thunder,Melbourne Renegades,JS Lenton,AJ Nair,JM Holland,0,0,,,,,,caught,JS Lenton,,
1114892,2017/18,2018-01-24,Manuka Oval,2,7.6,Sydney Thunder,Melbourne Renegades,AJ Nair,BJ Rohrer,JM Holland,1,0,,,,,,,,,
1114892,2017/18,2018-01-24,Manuka Oval,2,8.1,Sydney Thunder,Melbourne Renegades,AJ Nair,BJ Rohrer,JD Wildermuth,1,0,,,,,,,,,
1114892,2017/18,2018-01-24,Manuka Oval,2,8.2,Sydney Thunder,Melbourne Renegades,BJ Rohrer,AJ Nair,JD Wildermuth,2,0,,,,,,,,,
1114892,2017/18,2018-01-24,Manuka Oval,2,8.3,Sydney Thunder,Melbourne Renegades,BJ Rohrer,AJ Nair,JD Wildermuth,1,0,,,,,,,,,
1114892,2017/18,2018-01-24,Manuka Oval,2,8.4,Sydney Thunder,Melbourne Renegades,AJ Nair,BJ Rohrer,JD Wildermuth,0,0,,,,,,,,,
1114892,2017/18,2018-01-24,Manuka Oval,2,8.5,Sydney Thunder,Melbourne Renegades,AJ Nair,BJ Rohrer,JD Wildermuth,4,0,,,,,,,,,
1114892,2017/18,2018-01-24,Manuka Oval,2,8.6,Sydney Thunder,Melbourne Renegades,AJ Nair,BJ Rohrer,JD Wildermuth,6,0,,,,,,,,,
1114892,2017/18,2018-01-24,Manuka Oval,2,9.1,Sydney Thunder,Melbourne Renegades,BJ Rohrer,AJ Nair,JM Holland,1,0,,,,,,,,,
1114892,2017/18,2018-01-24,Manuka Oval,2,9.2,Sydney Thunder,Melbourne Renegades,AJ Nair,BJ Rohrer,JM Holland,1,0,,,,,,,,,
1114892,2017/18,2018-01-24,Manuka Oval,2,9.3,Sydney Thunder,Melbourne Renegades,BJ Rohrer,AJ Nair,JM Holland,1,0,,,,,,,,,
1114892,2017/18,2018-01-24,Manuka Oval,2,9.4,Sydney Thunder,Melbourne Renegades,AJ Nair,BJ Rohrer,JM Holland,0,0,,,,,,,,,
1114892,2017/18,2018-01-24,Manuka Oval,2,9.5,Sydney Thunder,Melbourne Renegades,AJ Nair,BJ Rohrer,JM Holland,6,0,,,,,,,,,
1114892,2017/18,2018-01-24,Manuka Oval,2,9.6,Sydney Thunder,Melbourne Renegades,AJ Nair,BJ Rohrer,JM Holland,1,0,,,,,,,,,
1114892,2017/18,2018-01-24,Manuka Oval,2,10.1,Sydney Thunder,Melbourne Renegades,AJ Nair,BJ Rohrer,KA Pollard,2,0,,,,,,,,,
1114892,2017/18,2018-01-24,Manuka Oval,2,10.2,Sydney Thunder,Melbourne Renegades,AJ Nair,BJ Rohrer,KA Pollard,2,0,,,,,,,,,
1114892,2017/18,2018-01-24,Manuka Oval,2,10.3,Sydney Thunder,Melbourne Renegades,AJ Nair,BJ Rohrer,KA Pollard,0,1,,1,,,,,,,
1114892,2017/18,2018-01-24,Manuka Oval,2,10.4,Sydney Thunder,Melbourne Renegades,AJ Nair,BJ Rohrer,KA Pollard,6,0,,,,,,,,,
1114892,2017/18,2018-01-24,Manuka Oval,2,10.5,Sydney Thunder,Melbourne Renegades,AJ Nair,BJ Rohrer,KA Pollard,1,0,,,,,,,,,
1114892,2017/18,2018-01-24,Manuka Oval,2,10.6,Sydney Thunder,Melbourne Renegades,BJ Rohrer,AJ Nair,KA Pollard,1,0,,,,,,,,,
1114892,2017/18,2018-01-24,Manuka Oval,2,10.7,Sydney Thunder,Melbourne Renegades,AJ Nair,BJ Rohrer,KA Pollard,2,0,,,,,,,,,
1114892,2017/18,2018-01-24,Manuka Oval,2,11.1,Sydney Thunder,Melbourne Renegades,BJ Rohrer,AJ Nair,DJ Bravo,1,0,,,,,,,,,
1114892,2017/18,2018-01-24,Manuka Oval,2,11.2,Sydney Thunder,Melbourne Renegades,AJ Nair,BJ Rohrer,DJ Bravo,2,0,,,,,,,,,
1114892,2017/18,2018-01-24,Manuka Oval,2,11.3,Sydney Thunder,Melbourne Renegades,AJ Nair,BJ Rohrer,DJ Bravo,0,0,,,,,,,,,
1114892,2017/18,2018-01-24,Manuka Oval,2,11.4,Sydney Thunder,Melbourne Renegades,AJ Nair,BJ Rohrer,DJ Bravo,1,0,,,,,,,,,
1114892,2017/18,2018-01-24,Manuka Oval,2,11.5,Sydney Thunder,Melbourne Renegades,BJ Rohrer,AJ Nair,DJ Bravo,2,0,,,,,,,,,
1114892,2017/18,2018-01-24,Manuka Oval,2,11.6,Sydney Thunder,Melbourne Renegades,BJ Rohrer,AJ Nair,DJ Bravo,1,0,,,,,,,,,
1114892,2017/18,2018-01-24,Manuka Oval,2,12.1,Sydney Thunder,Melbourne Renegades,BJ Rohrer,AJ Nair,CP Tremain,1,0,,,,,,,,,
1114892,2017/18,2018-01-24,Manuka Oval,2,12.2,Sydney Thunder,Melbourne Renegades,AJ Nair,BJ Rohrer,CP Tremain,2,0,,,,,,,,,
1114892,2017/18,2018-01-24,Manuka Oval,2,12.3,Sydney Thunder,Melbourne Renegades,AJ Nair,BJ Rohrer,CP Tremain,2,0,,,,,,,,,
1114892,2017/18,2018-01-24,Manuka Oval,2,12.4,Sydney Thunder,Melbourne Renegades,AJ Nair,BJ Rohrer,CP Tremain,1,0,,,,,,,,,
1114892,2017/18,2018-01-24,Manuka Oval,2,12.5,Sydney Thunder,Melbourne Renegades,BJ Rohrer,AJ Nair,CP Tremain,1,0,,,,,,,,,
1114892,2017/18,2018-01-24,Manuka Oval,2,12.6,Sydney Thunder,Melbourne Renegades,AJ Nair,BJ Rohrer,CP Tremain,2,0,,,,,,,,,
1114892,2017/18,2018-01-24,Manuka Oval,2,13.1,Sydney Thunder,Melbourne Renegades,BJ Rohrer,AJ Nair,JD Wildermuth,6,0,,,,,,,,,
1114892,2017/18,2018-01-24,Manuka Oval,2,13.2,Sydney Thunder,Melbourne Renegades,BJ Rohrer,AJ Nair,JD Wildermuth,4,0,,,,,,,,,
1114892,2017/18,2018-01-24,Manuka Oval,2,13.3,Sydney Thunder,Melbourne Renegades,BJ Rohrer,AJ Nair,JD Wildermuth,4,0,,,,,,,,,
1114892,2017/18,2018-01-24,Manuka Oval,2,13.4,Sydney Thunder,Melbourne Renegades,BJ Rohrer,AJ Nair,JD Wildermuth,6,0,,,,,,,,,
1114892,2017/18,2018-01-24,Manuka Oval,2,13.5,Sydney Thunder,Melbourne Renegades,BJ Rohrer,AJ Nair,JD Wildermuth,4,0,,,,,,,,,
1114892,2017/18,2018-01-24,Manuka Oval,2,13.6,Sydney Thunder,Melbourne Renegades,BJ Rohrer,AJ Nair,JD Wildermuth,4,0,,,,,,,,,
1114892,2017/18,2018-01-24,Manuka Oval,2,14.1,Sydney Thunder,Melbourne Renegades,AJ Nair,BJ Rohrer,KW Richardson,0,0,,,,,,caught,AJ Nair,,
1114892,2017/18,2018-01-24,Manuka Oval,2,14.2,Sydney Thunder,Melbourne Renegades,BJ Rohrer,CJ Green,KW Richardson,4,0,,,,,,,,,
1114892,2017/18,2018-01-24,Manuka Oval,2,14.3,Sydney Thunder,Melbourne Renegades,BJ Rohrer,CJ Green,KW Richardson,0,0,,,,,,,,,
1114892,2017/18,2018-01-24,Manuka Oval,2,14.4,Sydney Thunder,Melbourne Renegades,BJ Rohrer,CJ Green,KW Richardson,0,0,,,,,,,,,
1114892,2017/18,2018-01-24,Manuka Oval,2,14.5,Sydney Thunder,Melbourne Renegades,BJ Rohrer,CJ Green,KW Richardson,4,0,,,,,,,,,
1114892,2017/18,2018-01-24,Manuka Oval,2,14.6,Sydney Thunder,Melbourne Renegades,BJ Rohrer,CJ Green,KW Richardson,0,0,,,,,,caught,BJ Rohrer,,
1114892,2017/18,2018-01-24,Manuka Oval,2,15.1,Sydney Thunder,Melbourne Renegades,AC Blizzard,CJ Green,DJ Bravo,0,1,,,,1,,,,,
1114892,2017/18,2018-01-24,Manuka Oval,2,15.2,Sydney Thunder,Melbourne Renegades,CJ Green,AC Blizzard,DJ Bravo,1,0,,,,,,,,,
1114892,2017/18,2018-01-24,Manuka Oval,2,15.3,Sydney Thunder,Melbourne Renegades,AC Blizzard,CJ Green,DJ Bravo,1,0,,,,,,,,,
1114892,2017/18,2018-01-24,Manuka Oval,2,15.4,Sydney Thunder,Melbourne Renegades,CJ Green,AC Blizzard,DJ Bravo,0,0,,,,,,,,,
1114892,2017/18,2018-01-24,Manuka Oval,2,15.5,Sydney Thunder,Melbourne Renegades,CJ Green,AC Blizzard,DJ Bravo,1,0,,,,,,,,,
1114892,2017/18,2018-01-24,Manuka Oval,2,15.6,Sydney Thunder,Melbourne Renegades,AC Blizzard,CJ Green,DJ Bravo,1,0,,,,,,,,,
1114892,2017/18,2018-01-24,Manuka Oval,2,16.1,Sydney Thunder,Melbourne Renegades,AC Blizzard,CJ Green,KW Richardson,0,0,,,,,,caught,AC Blizzard,,
1114892,2017/18,2018-01-24,Manuka Oval,2,16.2,Sydney Thunder,Melbourne Renegades,CJ Green,GS Sandhu,KW Richardson,0,0,,,,,,,,,
1114892,2017/18,2018-01-24,Manuka Oval,2,16.3,Sydney Thunder,Melbourne Renegades,CJ Green,GS Sandhu,KW Richardson,1,0,,,,,,,,,
1114892,2017/18,2018-01-24,Manuka Oval,2,16.4,Sydney Thunder,Melbourne Renegades,GS Sandhu,CJ Green,KW Richardson,0,0,,,,,,,,,
1114892,2017/18,2018-01-24,Manuka Oval,2,16.5,Sydney Thunder,Melbourne Renegades,GS Sandhu,CJ Green,KW Richardson,0,0,,,,,,caught,GS Sandhu,,
1114892,2017/18,2018-01-24,Manuka Oval,2,16.6,Sydney Thunder,Melbourne Renegades,CJ Green,MJ McClenaghan,KW Richardson,1,0,,,,,,,,,
1114892,2017/18,2018-01-24,Manuka Oval,2,17.1,Sydney Thunder,Melbourne Renegades,CJ Green,MJ McClenaghan,DJ Bravo,6,0,,,,,,,,,
1114892,2017/18,2018-01-24,Manuka Oval,2,17.2,Sydney Thunder,Melbourne Renegades,CJ Green,MJ McClenaghan,DJ Bravo,2,0,,,,,,,,,
1114892,2017/18,2018-01-24,Manuka Oval,2,17.3,Sydney Thunder,Melbourne Renegades,CJ Green,MJ McClenaghan,DJ Bravo,6,0,,,,,,,,,
1114892,2017/18,2018-01-24,Manuka Oval,2,17.4,Sydney Thunder,Melbourne Renegades,CJ Green,MJ McClenaghan,DJ Bravo,1,0,,,,,,,,,
1114892,2017/18,2018-01-24,Manuka Oval,2,17.5,Sydney Thunder,Melbourne Renegades,MJ McClenaghan,CJ Green,DJ Bravo,2,0,,,,,,,,,
1114892,2017/18,2018-01-24,Manuka Oval,2,17.6,Sydney Thunder,Melbourne Renegades,MJ McClenaghan,CJ Green,DJ Bravo,1,0,,,,,,,,,
1114892,2017/18,2018-01-24,Manuka Oval,2,18.1,Sydney Thunder,Melbourne Renegades,MJ McClenaghan,CJ Green,CP Tremain,0,2,,,,2,,,,,
1114892,2017/18,2018-01-24,Manuka Oval,2,18.2,Sydney Thunder,Melbourne Renegades,MJ McClenaghan,CJ Green,CP Tremain,2,0,,,,,,,,,
1114892,2017/18,2018-01-24,Manuka Oval,2,18.3,Sydney Thunder,Melbourne Renegades,MJ McClenaghan,CJ Green,CP Tremain,1,0,,,,,,,,,
1114892,2017/18,2018-01-24,Manuka Oval,2,18.4,Sydney Thunder,Melbourne Renegades,CJ Green,MJ McClenaghan,CP Tremain,2,0,,,,,,,,,
1114892,2017/18,2018-01-24,Manuka Oval,2,18.5,Sydney Thunder,Melbourne Renegades,CJ Green,MJ McClenaghan,CP Tremain,0,0,,,,,,,,,
1114892,2017/18,2018-01-24,Manuka Oval,2,18.6,Sydney Thunder,Melbourne Renegades,CJ Green,MJ McClenaghan,CP Tremain,1,0,,,,,,,,,
1114892,2017/18,2018-01-24,Manuka Oval,2,19.1,Sydney Thunder,Melbourne Renegades,CJ Green,MJ McClenaghan,KA Pollard,0,0,,,,,,caught,CJ Green,,
1114892,2017/18,2018-01-24,Manuka Oval,2,19.2,Sydney Thunder,Melbourne Renegades,MJ McClenaghan,Fawad Ahmed,KA Pollard,2,0,,,,,,,,,
1114892,2017/18,2018-01-24,Manuka Oval,2,19.3,Sydney Thunder,Melbourne Renegades,MJ McClenaghan,Fawad Ahmed,KA Pollard,1,0,,,,,,,,,
1114892,2017/18,2018-01-24,Manuka Oval,2,19.4,Sydney Thunder,Melbourne Renegades,Fawad Ahmed,MJ McClenaghan,KA Pollard,0,0,,,,,,,,,
1114892,2017/18,2018-01-24,Manuka Oval,2,19.5,Sydney Thunder,Melbourne Renegades,Fawad Ahmed,MJ McClenaghan,KA Pollard,1,0,,,,,,,,,
1114892,2017/18,2018-01-24,Manuka Oval,2,19.6,Sydney Thunder,Melbourne Renegades,MJ McClenaghan,Fawad Ahmed,KA Pollard,0,0,,,,,,lbw,MJ McClenaghan,,
