match_id,season,start_date,venue,innings,ball,batting_team,bowling_team,striker,non_striker,bowler,runs_off_bat,extras,wides,noballs,byes,legbyes,penalty,wicket_type,player_dismissed,other_wicket_type,other_player_dismissed
1114858,2017/18,2017-12-21,Bellerive Oval,1,0.1,Hobart Hurricanes,Melbourne Renegades,AJ Doolan,DJM Short,TLW Cooper,0,0,,,,,,,,,
1114858,2017/18,2017-12-21,Bellerive Oval,1,0.2,Hobart Hurricanes,Melbourne Renegades,AJ Doolan,DJM Short,TLW Cooper,0,0,,,,,,,,,
1114858,2017/18,2017-12-21,Bellerive Oval,1,0.3,Hobart Hurricanes,Melbourne Renegades,AJ Doolan,DJM Short,TLW Cooper,4,0,,,,,,,,,
1114858,2017/18,2017-12-21,Bellerive Oval,1,0.4,Hobart Hurricanes,Melbourne Renegades,AJ Doolan,DJM Short,TLW Cooper,3,0,,,,,,,,,
1114858,2017/18,2017-12-21,Bellerive Oval,1,0.5,Hobart Hurricanes,Melbourne Renegades,DJM Short,AJ Doolan,TLW Cooper,2,0,,,,,,,,,
1114858,2017/18,2017-12-21,Bellerive Oval,1,0.6,Hobart Hurricanes,Melbourne Renegades,DJM Short,AJ Doolan,TLW Cooper,0,0,,,,,,,,,
1114858,2017/18,2017-12-21,Bellerive Oval,1,1.1,Hobart Hurricanes,Melbourne Renegades,AJ Doolan,DJM Short,KW Richardson,0,0,,,,,,,,,
1114858,2017/18,2017-12-21,Bellerive Oval,1,1.2,Hobart Hurricanes,Melbourne Renegades,AJ Doolan,DJM Short,KW Richardson,4,0,,,,,,,,,
1114858,2017/18,2017-12-21,Bellerive Oval,1,1.3,Hobart Hurricanes,Melbourne Renegades,AJ Doolan,DJM Short,KW Richardson,0,0,,,,,,,,,
1114858,2017/18,2017-12-21,Bellerive Oval,1,1.4,Hobart Hurricanes,Melbourne Renegades,AJ Doolan,DJM Short,KW Richardson,0,0,,,,,,,,,
1114858,2017/18,2017-12-21,Bellerive Oval,1,1.5,Hobart Hurricanes,Melbourne Renegades,AJ Doolan,DJM Short,KW Richardson,0,0,,,,,,,,,
1114858,2017/18,2017-12-21,Bellerive Oval,1,1.6,Hobart Hurricanes,Melbourne Renegades,AJ Doolan,DJM Short,KW Richardson,4,0,,,,,,,,,
1114858,2017/18,2017-12-21,Bellerive Oval,1,2.1,Hobart Hurricanes,Melbourne Renegades,DJM Short,AJ Doolan,JD Wildermuth,0,0,,,,,,,,,
1114858,2017/18,2017-12-21,Bellerive Oval,1,2.2,Hobart Hurricanes,Melbourne Renegades,DJM Short,AJ Doolan,JD Wildermuth,0,0,,,,,,,,,
1114858,2017/18,2017-12-21,Bellerive Oval,1,2.3,Hobart Hurricanes,Melbourne Renegades,DJM Short,AJ Doolan,JD Wildermuth,6,0,,,,,,,,,
1114858,2017/18,2017-12-21,Bellerive Oval,1,2.4,Hobart Hurricanes,Melbourne Renegades,DJM Short,AJ Doolan,JD Wildermuth,4,0,,,,,,,,,
1114858,2017/18,2017-12-21,Bellerive Oval,1,2.5,Hobart Hurricanes,Melbourne Renegades,DJM Short,AJ Doolan,JD Wildermuth,2,0,,,,,,,,,
1114858,2017/18,2017-12-21,Bellerive Oval,1,2.6,Hobart Hurricanes,Melbourne Renegades,DJM Short,AJ Doolan,JD Wildermuth,1,0,,,,,,,,,
1114858,2017/18,2017-12-21,Bellerive Oval,1,3.1,Hobart Hurricanes,Melbourne Renegades,DJM Short,AJ Doolan,Mohammad Nabi,1,0,,,,,,,,,
1114858,2017/18,2017-12-21,Bellerive Oval,1,3.2,Hobart Hurricanes,Melbourne Renegades,AJ Doolan,DJM Short,Mohammad Nabi,1,0,,,,,,,,,
1114858,2017/18,2017-12-21,Bellerive Oval,1,3.3,Hobart Hurricanes,Melbourne Renegades,DJM Short,AJ Doolan,Mohammad Nabi,1,0,,,,,,,,,
1114858,2017/18,2017-12-21,Bellerive Oval,1,3.4,Hobart Hurricanes,Melbourne Renegades,AJ Doolan,DJM Short,Mohammad Nabi,1,0,,,,,,,,,
1114858,2017/18,2017-12-21,Bellerive Oval,1,3.5,Hobart Hurricanes,Melbourne Renegades,DJM Short,AJ Doolan,Mohammad Nabi,4,0,,,,,,,,,
1114858,2017/18,2017-12-21,Bellerive Oval,1,3.6,Hobart Hurricanes,Melbourne Renegades,DJM Short,AJ Doolan,Mohammad Nabi,0,0,,,,,,,,,
1114858,2017/18,2017-12-21,Bellerive Oval,1,4.1,Hobart Hurricanes,Melbourne Renegades,AJ Doolan,DJM Short,KW Richardson,4,0,,,,,,,,,
1114858,2017/18,2017-12-21,Bellerive Oval,1,4.2,Hobart Hurricanes,Melbourne Renegades,AJ Doolan,DJM Short,KW Richardson,0,0,,,,,,,,,
1114858,2017/18,2017-12-21,Bellerive Oval,1,4.3,Hobart Hurricanes,Melbourne Renegades,AJ Doolan,DJM Short,KW Richardson,0,0,,,,,,,,,
1114858,2017/18,2017-12-21,Bellerive Oval,1,4.4,Hobart Hurricanes,Melbourne Renegades,AJ Doolan,DJM Short,KW Richardson,1,0,,,,,,,,,
1114858,2017/18,2017-12-21,Bellerive Oval,1,4.5,Hobart Hurricanes,Melbourne Renegades,DJM Short,AJ Doolan,KW Richardson,4,0,,,,,,,,,
1114858,2017/18,2017-12-21,Bellerive Oval,1,4.6,Hobart Hurricanes,Melbourne Renegades,DJM Short,AJ Doolan,KW Richardson,1,0,,,,,,,,,
1114858,2017/18,2017-12-21,Bellerive Oval,1,5.1,Hobart Hurricanes,Melbourne Renegades,DJM Short,AJ Doolan,DJ Bravo,1,0,,,,,,,,,
1114858,2017/18,2017-12-21,Bellerive Oval,1,5.2,Hobart Hurricanes,Melbourne Renegades,AJ Doolan,DJM Short,DJ Bravo,0,0,,,,,,,,,
1114858,2017/18,2017-12-21,Bellerive Oval,1,5.3,Hobart Hurricanes,Melbourne Renegades,AJ Doolan,DJM Short,DJ Bravo,0,0,,,,,,,,,
1114858,2017/18,2017-12-21,Bellerive Oval,1,5.4,Hobart Hurricanes,Melbourne Renegades,AJ Doolan,DJM Short,DJ Bravo,0,0,,,,,,,,,
1114858,2017/18,2017-12-21,Bellerive Oval,1,5.5,Hobart Hurricanes,Melbourne Renegades,AJ Doolan,DJM Short,DJ Bravo,4,0,,,,,,,,,
1114858,2017/18,2017-12-21,Bellerive Oval,1,5.6,Hobart Hurricanes,Melbourne Renegades,AJ Doolan,DJM Short,DJ Bravo,0,0,,,,,,caught,AJ Doolan,,
1114858,2017/18,2017-12-21,Bellerive Oval,1,6.1,Hobart Hurricanes,Melbourne Renegades,DJM Short,BR McDermott,JD Wildermuth,1,0,,,,,,,,,
1114858,2017/18,2017-12-21,Bellerive Oval,1,6.2,Hobart Hurricanes,Melbourne Renegades,BR McDermott,DJM Short,JD Wildermuth,0,0,,,,,,,,,
1114858,2017/18,2017-12-21,Bellerive Oval,1,6.3,Hobart Hurricanes,Melbourne Renegades,BR McDermott,DJM Short,JD Wildermuth,0,0,,,,,,,,,
1114858,2017/18,2017-12-21,Bellerive Oval,1,6.4,Hobart Hurricanes,Melbourne Renegades,BR McDermott,DJM Short,JD Wildermuth,1,0,,,,,,,,,
1114858,2017/18,2017-12-21,Bellerive Oval,1,6.5,Hobart Hurricanes,Melbourne Renegades,DJM Short,BR McDermott,JD Wildermuth,4,0,,,,,,,,,
1114858,2017/18,2017-12-21,Bellerive Oval,1,6.6,Hobart Hurricanes,Melbourne Renegades,DJM Short,BR McDermott,JD Wildermuth,2,0,,,,,,,,,
1114858,2017/18,2017-12-21,Bellerive Oval,1,7.1,Hobart Hurricanes,Melbourne Renegades,BR McDermott,DJM Short,GB Hogg,1,0,,,,,,,,,
1114858,2017/18,2017-12-21,Bellerive Oval,1,7.2,Hobart Hurricanes,Melbourne Renegades,DJM Short,BR McDermott,GB Hogg,0,0,,,,,,lbw,DJM Short,,
1114858,2017/18,2017-12-21,Bellerive Oval,1,7.3,Hobart Hurricanes,Melbourne Renegades,GJ Bailey,BR McDermott,GB Hogg,1,0,,,,,,,,,
1114858,2017/18,2017-12-21,Bellerive Oval,1,7.4,Hobart Hurricanes,Melbourne Renegades,BR McDermott,GJ Bailey,GB Hogg,1,0,,,,,,,,,
1114858,2017/18,2017-12-21,Bellerive Oval,1,7.5,Hobart Hurricanes,Melbourne Renegades,GJ Bailey,BR McDermott,GB Hogg,0,0,,,,,,,,,
1114858,2017/18,2017-12-21,Bellerive Oval,1,7.6,Hobart Hurricanes,Melbourne Renegades,GJ Bailey,BR McDermott,GB Hogg,2,0,,,,,,,,,
1114858,2017/18,2017-12-21,Bellerive Oval,1,8.1,Hobart Hurricanes,Melbourne Renegades,BR McDermott,GJ Bailey,JD Wildermuth,1,0,,,,,,,,,
1114858,2017/18,2017-12-21,Bellerive Oval,1,8.2,Hobart Hurricanes,Melbourne Renegades,GJ Bailey,BR McDermott,JD Wildermuth,1,0,,,,,,,,,
1114858,2017/18,2017-12-21,Bellerive Oval,1,8.3,Hobart Hurricanes,Melbourne Renegades,BR McDermott,GJ Bailey,JD Wildermuth,1,0,,,,,,,,,
1114858,2017/18,2017-12-21,Bellerive Oval,1,8.4,Hobart Hurricanes,Melbourne Renegades,GJ Bailey,BR McDermott,JD Wildermuth,0,0,,,,,,,,,
1114858,2017/18,2017-12-21,Bellerive Oval,1,8.5,Hobart Hurricanes,Melbourne Renegades,GJ Bailey,BR McDermott,JD Wildermuth,0,1,1,,,,,,,,
1114858,2017/18,2017-12-21,Bellerive Oval,1,8.6,Hobart Hurricanes,Melbourne Renegades,GJ Bailey,BR McDermott,JD Wildermuth,0,0,,,,,,,,,
1114858,2017/18,2017-12-21,Bellerive Oval,1,8.7,Hobart Hurricanes,Melbourne Renegades,GJ Bailey,BR McDermott,JD Wildermuth,1,0,,,,,,,,,
1114858,2017/18,2017-12-21,Bellerive Oval,1,9.1,Hobart Hurricanes,Melbourne Renegades,GJ Bailey,BR McDermott,Mohammad Nabi,1,0,,,,,,,,,
1114858,2017/18,2017-12-21,Bellerive Oval,1,9.2,Hobart Hurricanes,Melbourne Renegades,BR McDermott,GJ Bailey,Mohammad Nabi,1,0,,,,,,,,,
1114858,2017/18,2017-12-21,Bellerive Oval,1,9.3,Hobart Hurricanes,Melbourne Renegades,GJ Bailey,BR McDermott,Mohammad Nabi,2,0,,,,,,,,,
1114858,2017/18,2017-12-21,Bellerive Oval,1,9.4,Hobart Hurricanes,Melbourne Renegades,GJ Bailey,BR McDermott,Mohammad Nabi,1,0,,,,,,,,,
1114858,2017/18,2017-12-21,Bellerive Oval,1,9.5,Hobart Hurricanes,Melbourne Renegades,BR McDermott,GJ Bailey,Mohammad Nabi,0,0,,,,,,,,,
1114858,2017/18,2017-12-21,Bellerive Oval,1,9.6,Hobart Hurricanes,Melbourne Renegades,BR McDermott,GJ Bailey,Mohammad Nabi,4,0,,,,,,,,,
1114858,2017/18,2017-12-21,Bellerive Oval,1,10.1,Hobart Hurricanes,Melbourne Renegades,GJ Bailey,BR McDermott,GB Hogg,4,0,,,,,,,,,
1114858,2017/18,2017-12-21,Bellerive Oval,1,10.2,Hobart Hurricanes,Melbourne Renegades,GJ Bailey,BR McDermott,GB Hogg,1,0,,,,,,,,,
1114858,2017/18,2017-12-21,Bellerive Oval,1,10.3,Hobart Hurricanes,Melbourne Renegades,BR McDermott,GJ Bailey,GB Hogg,6,0,,,,,,,,,
1114858,2017/18,2017-12-21,Bellerive Oval,1,10.4,Hobart Hurricanes,Melbourne Renegades,BR McDermott,GJ Bailey,GB Hogg,6,0,,,,,,,,,
1114858,2017/18,2017-12-21,Bellerive Oval,1,10.5,Hobart Hurricanes,Melbourne Renegades,BR McDermott,GJ Bailey,GB Hogg,4,0,,,,,,,,,
1114858,2017/18,2017-12-21,Bellerive Oval,1,10.6,Hobart Hurricanes,Melbourne Renegades,BR McDermott,GJ Bailey,GB Hogg,1,0,,,,,,,,,
1114858,2017/18,2017-12-21,Bellerive Oval,1,11.1,Hobart Hurricanes,Melbourne Renegades,BR McDermott,GJ Bailey,Mohammad Nabi,2,0,,,,,,,,,
1114858,2017/18,2017-12-21,Bellerive Oval,1,11.2,Hobart Hurricanes,Melbourne Renegades,BR McDermott,GJ Bailey,Mohammad Nabi,0,0,,,,,,,,,
1114858,2017/18,2017-12-21,Bellerive Oval,1,11.3,Hobart Hurricanes,Melbourne Renegades,BR McDermott,GJ Bailey,Mohammad Nabi,0,0,,,,,,,,,
1114858,2017/18,2017-12-21,Bellerive Oval,1,11.4,Hobart Hurricanes,Melbourne Renegades,BR McDermott,GJ Bailey,Mohammad Nabi,1,0,,,,,,,,,
1114858,2017/18,2017-12-21,Bellerive Oval,1,11.5,Hobart Hurricanes,Melbourne Renegades,GJ Bailey,BR McDermott,Mohammad Nabi,0,0,,,,,,,,,
1114858,2017/18,2017-12-21,Bellerive Oval,1,11.6,Hobart Hurricanes,Melbourne Renegades,GJ Bailey,BR McDermott,Mohammad Nabi,1,0,,,,,,,,,
1114858,2017/18,2017-12-21,Bellerive Oval,1,12.1,Hobart Hurricanes,Melbourne Renegades,GJ Bailey,BR McDermott,JD Wildermuth,1,0,,,,,,,,,
1114858,2017/18,2017-12-21,Bellerive Oval,1,12.2,Hobart Hurricanes,Melbourne Renegades,BR McDermott,GJ Bailey,JD Wildermuth,1,0,,,,,,,,,
1114858,2017/18,2017-12-21,Bellerive Oval,1,12.3,Hobart Hurricanes,Melbourne Renegades,GJ Bailey,BR McDermott,JD Wildermuth,1,0,,,,,,,,,
1114858,2017/18,2017-12-21,Bellerive Oval,1,12.4,Hobart Hurricanes,Melbourne Renegades,BR McDermott,GJ Bailey,JD Wildermuth,1,0,,,,,,,,,
1114858,2017/18,2017-12-21,Bellerive Oval,1,12.5,Hobart Hurricanes,Melbourne Renegades,GJ Bailey,BR McDermott,JD Wildermuth,1,0,,,,,,,,,
1114858,2017/18,2017-12-21,Bellerive Oval,1,12.6,Hobart Hurricanes,Melbourne Renegades,BR McDermott,GJ Bailey,JD Wildermuth,1,0,,,,,,,,,
1114858,2017/18,2017-12-21,Bellerive Oval,1,13.1,Hobart Hurricanes,Melbourne Renegades,BR McDermott,GJ Bailey,DJ Bravo,1,0,,,,,,,,,
1114858,2017/18,2017-12-21,Bellerive Oval,1,13.2,Hobart Hurricanes,Melbourne Renegades,GJ Bailey,BR McDermott,DJ Bravo,1,0,,,,,,,,,
1114858,2017/18,2017-12-21,Bellerive Oval,1,13.3,Hobart Hurricanes,Melbourne Renegades,BR McDermott,GJ Bailey,DJ Bravo,0,0,,,,,,,,,
1114858,2017/18,2017-12-21,Bellerive Oval,1,13.4,Hobart Hurricanes,Melbourne Renegades,BR McDermott,GJ Bailey,DJ Bravo,0,0,,,,,,caught,BR McDermott,,
1114858,2017/18,2017-12-21,Bellerive Oval,1,13.5,Hobart Hurricanes,Melbourne Renegades,GJ Bailey,DT Christian,DJ Bravo,1,0,,,,,,,,,
1114858,2017/18,2017-12-21,Bellerive Oval,1,13.6,Hobart Hurricanes,Melbourne Renegades,DT Christian,GJ Bailey,DJ Bravo,1,0,,,,,,,,,
1114858,2017/18,2017-12-21,Bellerive Oval,1,14.1,Hobart Hurricanes,Melbourne Renegades,DT Christian,GJ Bailey,GB Hogg,1,0,,,,,,,,,
1114858,2017/18,2017-12-21,Bellerive Oval,1,14.2,Hobart Hurricanes,Melbourne Renegades,GJ Bailey,DT Christian,GB Hogg,4,0,,,,,,,,,
1114858,2017/18,2017-12-21,Bellerive Oval,1,14.3,Hobart Hurricanes,Melbourne Renegades,GJ Bailey,DT Christian,GB Hogg,0,0,,,,,,,,,
1114858,2017/18,2017-12-21,Bellerive Oval,1,14.4,Hobart Hurricanes,Melbourne Renegades,GJ Bailey,DT Christian,GB Hogg,0,0,,,,,,,,,
1114858,2017/18,2017-12-21,Bellerive Oval,1,14.5,Hobart Hurricanes,Melbourne Renegades,GJ Bailey,DT Christian,GB Hogg,1,0,,,,,,,,,
1114858,2017/18,2017-12-21,Bellerive Oval,1,14.6,Hobart Hurricanes,Melbourne Renegades,DT Christian,GJ Bailey,GB Hogg,1,0,,,,,,,,,
1114858,2017/18,2017-12-21,Bellerive Oval,1,15.1,Hobart Hurricanes,Melbourne Renegades,DT Christian,GJ Bailey,Mohammad Nabi,0,0,,,,,,,,,
1114858,2017/18,2017-12-21,Bellerive Oval,1,15.2,Hobart Hurricanes,Melbourne Renegades,DT Christian,GJ Bailey,Mohammad Nabi,2,0,,,,,,,,,
1114858,2017/18,2017-12-21,Bellerive Oval,1,15.3,Hobart Hurricanes,Melbourne Renegades,DT Christian,GJ Bailey,Mohammad Nabi,1,0,,,,,,,,,
1114858,2017/18,2017-12-21,Bellerive Oval,1,15.4,Hobart Hurricanes,Melbourne Renegades,GJ Bailey,DT Christian,Mohammad Nabi,0,0,,,,,,stumped,GJ Bailey,,
1114858,2017/18,2017-12-21,Bellerive Oval,1,15.5,Hobart Hurricanes,Melbourne Renegades,MS Wade,DT Christian,Mohammad Nabi,0,0,,,,,,,,,
1114858,2017/18,2017-12-21,Bellerive Oval,1,15.6,Hobart Hurricanes,Melbourne Renegades,MS Wade,DT Christian,Mohammad Nabi,1,0,,,,,,,,,
1114858,2017/18,2017-12-21,Bellerive Oval,1,16.1,Hobart Hurricanes,Melbourne Renegades,MS Wade,DT Christian,KW Richardson,1,0,,,,,,,,,
1114858,2017/18,2017-12-21,Bellerive Oval,1,16.2,Hobart Hurricanes,Melbourne Renegades,DT Christian,MS Wade,KW Richardson,6,0,,,,,,,,,
1114858,2017/18,2017-12-21,Bellerive Oval,1,16.3,Hobart Hurricanes,Melbourne Renegades,DT Christian,MS Wade,KW Richardson,2,0,,,,,,,,,
1114858,2017/18,2017-12-21,Bellerive Oval,1,16.4,Hobart Hurricanes,Melbourne Renegades,DT Christian,MS Wade,KW Richardson,0,0,,,,,,,,,
1114858,2017/18,2017-12-21,Bellerive Oval,1,16.5,Hobart Hurricanes,Melbourne Renegades,DT Christian,MS Wade,KW Richardson,2,0,,,,,,,,,
1114858,2017/18,2017-12-21,Bellerive Oval,1,16.6,Hobart Hurricanes,Melbourne Renegades,DT Christian,MS Wade,KW Richardson,1,0,,,,,,,,,
1114858,2017/18,2017-12-21,Bellerive Oval,1,17.1,Hobart Hurricanes,Melbourne Renegades,DT Christian,MS Wade,DJ Bravo,2,0,,,,,,,,,
1114858,2017/18,2017-12-21,Bellerive Oval,1,17.2,Hobart Hurricanes,Melbourne Renegades,DT Christian,MS Wade,DJ Bravo,0,1,1,,,,,,,,
1114858,2017/18,2017-12-21,Bellerive Oval,1,17.3,Hobart Hurricanes,Melbourne Renegades,DT Christian,MS Wade,DJ Bravo,0,0,,,,,,,,,
1114858,2017/18,2017-12-21,Bellerive Oval,1,17.4,Hobart Hurricanes,Melbourne Renegades,DT Christian,MS Wade,DJ Bravo,1,0,,,,,,,,,
1114858,2017/18,2017-12-21,Bellerive Oval,1,17.5,Hobart Hurricanes,Melbourne Renegades,MS Wade,DT Christian,DJ Bravo,2,0,,,,,,,,,
1114858,2017/18,2017-12-21,Bellerive Oval,1,17.6,Hobart Hurricanes,Melbourne Renegades,MS Wade,DT Christian,DJ Bravo,1,0,,,,,,,,,
1114858,2017/18,2017-12-21,Bellerive Oval,1,17.7,Hobart Hurricanes,Melbourne Renegades,DT Christian,MS Wade,DJ Bravo,1,0,,,,,,,,,
1114858,2017/18,2017-12-21,Bellerive Oval,1,18.1,Hobart Hurricanes,Melbourne Renegades,DT Christian,MS Wade,KW Richardson,2,0,,,,,,,,,
1114858,2017/18,2017-12-21,Bellerive Oval,1,18.2,Hobart Hurricanes,Melbourne Renegades,DT Christian,MS Wade,KW Richardson,0,0,,,,,,,,,
1114858,2017/18,2017-12-21,Bellerive Oval,1,18.3,Hobart Hurricanes,Melbourne Renegades,DT Christian,MS Wade,KW Richardson,0,0,,,,,,caught,DT Christian,,
1114858,2017/18,2017-12-21,Bellerive Oval,1,18.4,Hobart Hurricanes,Melbourne Renegades,MS Wade,JC Archer,KW Richardson,1,0,,,,,,,,,
1114858,2017/18,2017-12-21,Bellerive Oval,1,18.5,Hobart Hurricanes,Melbourne Renegades,JC Archer,MS Wade,KW Richardson,1,0,,,,,,,,,
1114858,2017/18,2017-12-21,Bellerive Oval,1,18.6,Hobart Hurricanes,Melbourne Renegades,MS Wade,JC Archer,KW Richardson,2,0,,,,,,,,,
1114858,2017/18,2017-12-21,Bellerive Oval,1,19.1,Hobart Hurricanes,Melbourne Renegades,JC Archer,MS Wade,DJ Bravo,0,0,,,,,,caught,JC Archer,,
1114858,2017/18,2017-12-21,Bellerive Oval,1,19.2,Hobart Hurricanes,Melbourne Renegades,MS Wade,CJ Boyce,DJ Bravo,1,0,,,,,,,,,
1114858,2017/18,2017-12-21,Bellerive Oval,1,19.3,Hobart Hurricanes,Melbourne Renegades,CJ Boyce,MS Wade,DJ Bravo,4,0,,,,,,,,,
1114858,2017/18,2017-12-21,Bellerive Oval,1,19.4,Hobart Hurricanes,Melbourne Renegades,CJ Boyce,MS Wade,DJ Bravo,0,0,,,,,,caught,CJ Boyce,,
1114858,2017/18,2017-12-21,Bellerive Oval,1,19.5,Hobart Hurricanes,Melbourne Renegades,MS Wade,CA Rose,DJ Bravo,6,0,,,,,,,,,
1114858,2017/18,2017-12-21,Bellerive Oval,1,19.6,Hobart Hurricanes,Melbourne Renegades,MS Wade,CA Rose,DJ Bravo,0,0,,,,,,caught,MS Wade,,
1114858,2017/18,2017-12-21,Bellerive Oval,2,0.1,Melbourne Renegades,Hobart Hurricanes,AJ Finch,MS Harris,CA Rose,4,0,,,,,,,,,
1114858,2017/18,2017-12-21,Bellerive Oval,2,0.2,Melbourne Renegades,Hobart Hurricanes,AJ Finch,MS Harris,CA Rose,0,0,,,,,,caught,AJ Finch,,
1114858,2017/18,2017-12-21,Bellerive Oval,2,0.3,Melbourne Renegades,Hobart Hurricanes,CL White,MS Harris,CA Rose,0,0,,,,,,,,,
1114858,2017/18,2017-12-21,Bellerive Oval,2,0.4,Melbourne Renegades,Hobart Hurricanes,CL White,MS Harris,CA Rose,0,0,,,,,,,,,
1114858,2017/18,2017-12-21,Bellerive Oval,2,0.5,Melbourne Renegades,Hobart Hurricanes,CL White,MS Harris,CA Rose,0,0,,,,,,,,,
1114858,2017/18,2017-12-21,Bellerive Oval,2,0.6,Melbourne Renegades,Hobart Hurricanes,CL White,MS Harris,CA Rose,1,0,,,,,,,,,
1114858,2017/18,2017-12-21,Bellerive Oval,2,1.1,Melbourne Renegades,Hobart Hurricanes,CL White,MS Harris,TS Mills,0,1,1,,,,,,,,
1114858,2017/18,2017-12-21,Bellerive Oval,2,1.2,Melbourne Renegades,Hobart Hurricanes,CL White,MS Harris,TS Mills,4,0,,,,,,,,,
1114858,2017/18,2017-12-21,Bellerive Oval,2,1.3,Melbourne Renegades,Hobart Hurricanes,CL White,MS Harris,TS Mills,0,1,1,,,,,,,,
1114858,2017/18,2017-12-21,Bellerive Oval,2,1.4,Melbourne Renegades,Hobart Hurricanes,CL White,MS Harris,TS Mills,0,0,,,,,,,,,
1114858,2017/18,2017-12-21,Bellerive Oval,2,1.5,Melbourne Renegades,Hobart Hurricanes,CL White,MS Harris,TS Mills,1,0,,,,,,,,,
1114858,2017/18,2017-12-21,Bellerive Oval,2,1.6,Melbourne Renegades,Hobart Hurricanes,MS Harris,CL White,TS Mills,3,0,,,,,,,,,
1114858,2017/18,2017-12-21,Bellerive Oval,2,1.7,Melbourne Renegades,Hobart Hurricanes,CL White,MS Harris,TS Mills,0,1,,1,,,,,,,
1114858,2017/18,2017-12-21,Bellerive Oval,2,1.8,Melbourne Renegades,Hobart Hurricanes,CL White,MS Harris,TS Mills,1,0,,,,,,,,,
1114858,2017/18,2017-12-21,Bellerive Oval,2,1.9,Melbourne Renegades,Hobart Hurricanes,MS Harris,CL White,TS Mills,1,0,,,,,,,,,
1114858,2017/18,2017-12-21,Bellerive Oval,2,2.1,Melbourne Renegades,Hobart Hurricanes,MS Harris,CL White,JC Archer,0,0,,,,,,,,,
1114858,2017/18,2017-12-21,Bellerive Oval,2,2.2,Melbourne Renegades,Hobart Hurricanes,MS Harris,CL White,JC Archer,4,0,,,,,,,,,
1114858,2017/18,2017-12-21,Bellerive Oval,2,2.3,Melbourne Renegades,Hobart Hurricanes,MS Harris,CL White,JC Archer,4,0,,,,,,,,,
1114858,2017/18,2017-12-21,Bellerive Oval,2,2.4,Melbourne Renegades,Hobart Hurricanes,MS Harris,CL White,JC Archer,0,0,,,,,,,,,
1114858,2017/18,2017-12-21,Bellerive Oval,2,2.5,Melbourne Renegades,Hobart Hurricanes,MS Harris,CL White,JC Archer,0,0,,,,,,,,,
1114858,2017/18,2017-12-21,Bellerive Oval,2,2.6,Melbourne Renegades,Hobart Hurricanes,MS Harris,CL White,JC Archer,0,0,,,,,,,,,
1114858,2017/18,2017-12-21,Bellerive Oval,2,3.1,Melbourne Renegades,Hobart Hurricanes,CL White,MS Harris,TS Mills,0,0,,,,,,,,,
1114858,2017/18,2017-12-21,Bellerive Oval,2,3.2,Melbourne Renegades,Hobart Hurricanes,CL White,MS Harris,TS Mills,0,0,,,,,,,,,
1114858,2017/18,2017-12-21,Bellerive Oval,2,3.3,Melbourne Renegades,Hobart Hurricanes,CL White,MS Harris,TS Mills,1,0,,,,,,,,,
1114858,2017/18,2017-12-21,Bellerive Oval,2,3.4,Melbourne Renegades,Hobart Hurricanes,MS Harris,CL White,TS Mills,0,0,,,,,,,,,
1114858,2017/18,2017-12-21,Bellerive Oval,2,3.5,Melbourne Renegades,Hobart Hurricanes,MS Harris,CL White,TS Mills,4,0,,,,,,,,,
1114858,2017/18,2017-12-21,Bellerive Oval,2,3.6,Melbourne Renegades,Hobart Hurricanes,MS Harris,CL White,TS Mills,2,0,,,,,,,,,
1114858,2017/18,2017-12-21,Bellerive Oval,2,4.1,Melbourne Renegades,Hobart Hurricanes,CL White,MS Harris,CA Rose,2,0,,,,,,,,,
1114858,2017/18,2017-12-21,Bellerive Oval,2,4.2,Melbourne Renegades,Hobart Hurricanes,CL White,MS Harris,CA Rose,4,0,,,,,,,,,
1114858,2017/18,2017-12-21,Bellerive Oval,2,4.3,Melbourne Renegades,Hobart Hurricanes,CL White,MS Harris,CA Rose,1,0,,,,,,,,,
1114858,2017/18,2017-12-21,Bellerive Oval,2,4.4,Melbourne Renegades,Hobart Hurricanes,MS Harris,CL White,CA Rose,0,0,,,,,,,,,
1114858,2017/18,2017-12-21,Bellerive Oval,2,4.5,Melbourne Renegades,Hobart Hurricanes,MS Harris,CL White,CA Rose,4,0,,,,,,,,,
1114858,2017/18,2017-12-21,Bellerive Oval,2,4.6,Melbourne Renegades,Hobart Hurricanes,MS Harris,CL White,CA Rose,2,0,,,,,,,,,
1114858,2017/18,2017-12-21,Bellerive Oval,2,5.1,Melbourne Renegades,Hobart Hurricanes,CL White,MS Harris,JC Archer,0,0,,,,,,,,,
1114858,2017/18,2017-12-21,Bellerive Oval,2,5.2,Melbourne Renegades,Hobart Hurricanes,CL White,MS Harris,JC Archer,1,0,,,,,,,,,
1114858,2017/18,2017-12-21,Bellerive Oval,2,5.3,Melbourne Renegades,Hobart Hurricanes,MS Harris,CL White,JC Archer,1,0,,,,,,,,,
1114858,2017/18,2017-12-21,Bellerive Oval,2,5.4,Melbourne Renegades,Hobart Hurricanes,CL White,MS Harris,JC Archer,0,1,1,,,,,,,,
1114858,2017/18,2017-12-21,Bellerive Oval,2,5.5,Melbourne Renegades,Hobart Hurricanes,CL White,MS Harris,JC Archer,1,0,,,,,,,,,
1114858,2017/18,2017-12-21,Bellerive Oval,2,5.6,Melbourne Renegades,Hobart Hurricanes,MS Harris,CL White,JC Archer,1,0,,,,,,,,,
1114858,2017/18,2017-12-21,Bellerive Oval,2,5.7,Melbourne Renegades,Hobart Hurricanes,CL White,MS Harris,JC Archer,1,0,,,,,,,,,
1114858,2017/18,2017-12-21,Bellerive Oval,2,6.1,Melbourne Renegades,Hobart Hurricanes,CL White,MS Harris,AW Summers,0,0,,,,,,,,,
1114858,2017/18,2017-12-21,Bellerive Oval,2,6.2,Melbourne Renegades,Hobart Hurricanes,CL White,MS Harris,AW Summers,0,0,,,,,,,,,
1114858,2017/18,2017-12-21,Bellerive Oval,2,6.3,Melbourne Renegades,Hobart Hurricanes,CL White,MS Harris,AW Summers,0,1,1,,,,,,,,
1114858,2017/18,2017-12-21,Bellerive Oval,2,6.4,Melbourne Renegades,Hobart Hurricanes,CL White,MS Harris,AW Summers,0,0,,,,,,,,,
1114858,2017/18,2017-12-21,Bellerive Oval,2,6.5,Melbourne Renegades,Hobart Hurricanes,CL White,MS Harris,AW Summers,1,1,,1,,,,,,,
1114858,2017/18,2017-12-21,Bellerive Oval,2,6.6,Melbourne Renegades,Hobart Hurricanes,MS Harris,CL White,AW Summers,1,0,,,,,,,,,
1114858,2017/18,2017-12-21,Bellerive Oval,2,6.7,Melbourne Renegades,Hobart Hurricanes,CL White,MS Harris,AW Summers,6,0,,,,,,,,,
1114858,2017/18,2017-12-21,Bellerive Oval,2,6.8,Melbourne Renegades,Hobart Hurricanes,CL White,MS Harris,AW Summers,1,0,,,,,,,,,
1114858,2017/18,2017-12-21,Bellerive Oval,2,7.1,Melbourne Renegades,Hobart Hurricanes,CL White,MS Harris,CJ Boyce,0,0,,,,,,,,,
1114858,2017/18,2017-12-21,Bellerive Oval,2,7.2,Melbourne Renegades,Hobart Hurricanes,CL White,MS Harris,CJ Boyce,1,0,,,,,,,,,
1114858,2017/18,2017-12-21,Bellerive Oval,2,7.3,Melbourne Renegades,Hobart Hurricanes,MS Harris,CL White,CJ Boyce,6,0,,,,,,,,,
1114858,2017/18,2017-12-21,Bellerive Oval,2,7.4,Melbourne Renegades,Hobart Hurricanes,MS Harris,CL White,CJ Boyce,1,0,,,,,,,,,
1114858,2017/18,2017-12-21,Bellerive Oval,2,7.5,Melbourne Renegades,Hobart Hurricanes,CL White,MS Harris,CJ Boyce,1,0,,,,,,,,,
1114858,2017/18,2017-12-21,Bellerive Oval,2,7.6,Melbourne Renegades,Hobart Hurricanes,MS Harris,CL White,CJ Boyce,0,0,,,,,,,,,
1114858,2017/18,2017-12-21,Bellerive Oval,2,8.1,Melbourne Renegades,Hobart Hurricanes,CL White,MS Harris,DT Christian,0,0,,,,,,,,,
1114858,2017/18,2017-12-21,Bellerive Oval,2,8.2,Melbourne Renegades,Hobart Hurricanes,CL White,MS Harris,DT Christian,0,1,,,,1,,,,,
1114858,2017/18,2017-12-21,Bellerive Oval,2,8.3,Melbourne Renegades,Hobart Hurricanes,MS Harris,CL White,DT Christian,4,0,,,,,,,,,
1114858,2017/18,2017-12-21,Bellerive Oval,2,8.4,Melbourne Renegades,Hobart Hurricanes,MS Harris,CL White,DT Christian,1,0,,,,,,,,,
1114858,2017/18,2017-12-21,Bellerive Oval,2,8.5,Melbourne Renegades,Hobart Hurricanes,CL White,MS Harris,DT Christian,1,0,,,,,,,,,
1114858,2017/18,2017-12-21,Bellerive Oval,2,8.6,Melbourne Renegades,Hobart Hurricanes,MS Harris,CL White,DT Christian,4,0,,,,,,,,,
1114858,2017/18,2017-12-21,Bellerive Oval,2,9.1,Melbourne Renegades,Hobart Hurricanes,CL White,MS Harris,DJM Short,4,0,,,,,,,,,
1114858,2017/18,2017-12-21,Bellerive Oval,2,9.2,Melbourne Renegades,Hobart Hurricanes,CL White,MS Harris,DJM Short,4,0,,,,,,,,,
1114858,2017/18,2017-12-21,Bellerive Oval,2,9.3,Melbourne Renegades,Hobart Hurricanes,CL White,MS Harris,DJM Short,1,0,,,,,,,,,
1114858,2017/18,2017-12-21,Bellerive Oval,2,9.4,Melbourne Renegades,Hobart Hurricanes,MS Harris,CL White,DJM Short,1,0,,,,,,,,,
1114858,2017/18,2017-12-21,Bellerive Oval,2,9.5,Melbourne Renegades,Hobart Hurricanes,CL White,MS Harris,DJM Short,0,0,,,,,,,,,
1114858,2017/18,2017-12-21,Bellerive Oval,2,9.6,Melbourne Renegades,Hobart Hurricanes,CL White,MS Harris,DJM Short,0,0,,,,,,,,,
1114858,2017/18,2017-12-21,Bellerive Oval,2,10.1,Melbourne Renegades,Hobart Hurricanes,MS Harris,CL White,TS Mills,0,0,,,,,,,,,
1114858,2017/18,2017-12-21,Bellerive Oval,2,10.2,Melbourne Renegades,Hobart Hurricanes,MS Harris,CL White,TS Mills,1,0,,,,,,,,,
1114858,2017/18,2017-12-21,Bellerive Oval,2,10.3,Melbourne Renegades,Hobart Hurricanes,CL White,MS Harris,TS Mills,1,0,,,,,,,,,
1114858,2017/18,2017-12-21,Bellerive Oval,2,10.4,Melbourne Renegades,Hobart Hurricanes,MS Harris,CL White,TS Mills,1,0,,,,,,,,,
1114858,2017/18,2017-12-21,Bellerive Oval,2,10.5,Melbourne Renegades,Hobart Hurricanes,CL White,MS Harris,TS Mills,2,0,,,,,,,,,
1114858,2017/18,2017-12-21,Bellerive Oval,2,10.6,Melbourne Renegades,Hobart Hurricanes,CL White,MS Harris,TS Mills,1,0,,,,,,,,,
1114858,2017/18,2017-12-21,Bellerive Oval,2,11.1,Melbourne Renegades,Hobart Hurricanes,CL White,MS Harris,AW Summers,1,0,,,,,,,,,
1114858,2017/18,2017-12-21,Bellerive Oval,2,11.2,Melbourne Renegades,Hobart Hurricanes,MS Harris,CL White,AW Summers,0,1,1,,,,,,,,
1114858,2017/18,2017-12-21,Bellerive Oval,2,11.3,Melbourne Renegades,Hobart Hurricanes,MS Harris,CL White,AW Summers,1,0,,,,,,,,,
1114858,2017/18,2017-12-21,Bellerive Oval,2,11.4,Melbourne Renegades,Hobart Hurricanes,CL White,MS Harris,AW Summers,1,0,,,,,,,,,
1114858,2017/18,2017-12-21,Bellerive Oval,2,11.5,Melbourne Renegades,Hobart Hurricanes,MS Harris,CL White,AW Summers,0,0,,,,,,,,,
1114858,2017/18,2017-12-21,Bellerive Oval,2,11.6,Melbourne Renegades,Hobart Hurricanes,MS Harris,CL White,AW Summers,1,0,,,,,,,,,
1114858,2017/18,2017-12-21,Bellerive Oval,2,11.7,Melbourne Renegades,Hobart Hurricanes,CL White,MS Harris,AW Summers,1,0,,,,,,,,,
1114858,2017/18,2017-12-21,Bellerive Oval,2,12.1,Melbourne Renegades,Hobart Hurricanes,CL White,MS Harris,CA Rose,2,0,,,,,,,,,
1114858,2017/18,2017-12-21,Bellerive Oval,2,12.2,Melbourne Renegades,Hobart Hurricanes,CL White,MS Harris,CA Rose,1,0,,,,,,,,,
1114858,2017/18,2017-12-21,Bellerive Oval,2,12.3,Melbourne Renegades,Hobart Hurricanes,MS Harris,CL White,CA Rose,1,0,,,,,,,,,
1114858,2017/18,2017-12-21,Bellerive Oval,2,12.4,Melbourne Renegades,Hobart Hurricanes,CL White,MS Harris,CA Rose,6,0,,,,,,,,,
1114858,2017/18,2017-12-21,Bellerive Oval,2,12.5,Melbourne Renegades,Hobart Hurricanes,CL White,MS Harris,CA Rose,1,0,,,,,,,,,
1114858,2017/18,2017-12-21,Bellerive Oval,2,12.6,Melbourne Renegades,Hobart Hurricanes,MS Harris,CL White,CA Rose,1,0,,,,,,,,,
1114858,2017/18,2017-12-21,Bellerive Oval,2,13.1,Melbourne Renegades,Hobart Hurricanes,MS Harris,CL White,JC Archer,0,0,,,,,,,,,
1114858,2017/18,2017-12-21,Bellerive Oval,2,13.2,Melbourne Renegades,Hobart Hurricanes,MS Harris,CL White,JC Archer,0,0,,,,,,caught,MS Harris,,
1114858,2017/18,2017-12-21,Bellerive Oval,2,13.3,Melbourne Renegades,Hobart Hurricanes,TLW Cooper,CL White,JC Archer,0,0,,,,,,,,,
1114858,2017/18,2017-12-21,Bellerive Oval,2,13.4,Melbourne Renegades,Hobart Hurricanes,TLW Cooper,CL White,JC Archer,0,0,,,,,,,,,
1114858,2017/18,2017-12-21,Bellerive Oval,2,13.5,Melbourne Renegades,Hobart Hurricanes,TLW Cooper,CL White,JC Archer,0,0,,,,,,,,,
1114858,2017/18,2017-12-21,Bellerive Oval,2,13.6,Melbourne Renegades,Hobart Hurricanes,TLW Cooper,CL White,JC Archer,0,0,,,,,,caught,TLW Cooper,,
1114858,2017/18,2017-12-21,Bellerive Oval,2,14.1,Melbourne Renegades,Hobart Hurricanes,CL White,BJ Hodge,AW Summers,4,0,,,,,,,,,
1114858,2017/18,2017-12-21,Bellerive Oval,2,14.2,Melbourne Renegades,Hobart Hurricanes,CL White,BJ Hodge,AW Summers,1,0,,,,,,,,,
1114858,2017/18,2017-12-21,Bellerive Oval,2,14.3,Melbourne Renegades,Hobart Hurricanes,BJ Hodge,CL White,AW Summers,0,0,,,,,,,,,
1114858,2017/18,2017-12-21,Bellerive Oval,2,14.4,Melbourne Renegades,Hobart Hurricanes,BJ Hodge,CL White,AW Summers,6,0,,,,,,,,,
1114858,2017/18,2017-12-21,Bellerive Oval,2,14.5,Melbourne Renegades,Hobart Hurricanes,BJ Hodge,CL White,AW Summers,0,1,1,,,,,,,,
1114858,2017/18,2017-12-21,Bellerive Oval,2,14.6,Melbourne Renegades,Hobart Hurricanes,BJ Hodge,CL White,AW Summers,1,0,,,,,,,,,
1114858,2017/18,2017-12-21,Bellerive Oval,2,14.7,Melbourne Renegades,Hobart Hurricanes,CL White,BJ Hodge,AW Summers,1,0,,,,,,,,,
1114858,2017/18,2017-12-21,Bellerive Oval,2,15.1,Melbourne Renegades,Hobart Hurricanes,CL White,BJ Hodge,DT Christian,4,0,,,,,,,,,
1114858,2017/18,2017-12-21,Bellerive Oval,2,15.2,Melbourne Renegades,Hobart Hurricanes,CL White,BJ Hodge,DT Christian,4,0,,,,,,,,,
1114858,2017/18,2017-12-21,Bellerive Oval,2,15.3,Melbourne Renegades,Hobart Hurricanes,CL White,BJ Hodge,DT Christian,1,0,,,,,,,,,
1114858,2017/18,2017-12-21,Bellerive Oval,2,15.4,Melbourne Renegades,Hobart Hurricanes,BJ Hodge,CL White,DT Christian,0,1,1,,,,,,,,
1114858,2017/18,2017-12-21,Bellerive Oval,2,15.5,Melbourne Renegades,Hobart Hurricanes,BJ Hodge,CL White,DT Christian,1,0,,,,,,,,,
1114858,2017/18,2017-12-21,Bellerive Oval,2,15.6,Melbourne Renegades,Hobart Hurricanes,CL White,BJ Hodge,DT Christian,1,0,,,,,,,,,
1114858,2017/18,2017-12-21,Bellerive Oval,2,15.7,Melbourne Renegades,Hobart Hurricanes,BJ Hodge,CL White,DT Christian,1,0,,,,,,,,,
1114858,2017/18,2017-12-21,Bellerive Oval,2,16.1,Melbourne Renegades,Hobart Hurricanes,BJ Hodge,CL White,TS Mills,4,0,,,,,,,,,
1114858,2017/18,2017-12-21,Bellerive Oval,2,16.2,Melbourne Renegades,Hobart Hurricanes,BJ Hodge,CL White,TS Mills,0,0,,,,,,,,,
1114858,2017/18,2017-12-21,Bellerive Oval,2,16.3,Melbourne Renegades,Hobart Hurricanes,BJ Hodge,CL White,TS Mills,1,0,,,,,,,,,
1114858,2017/18,2017-12-21,Bellerive Oval,2,16.4,Melbourne Renegades,Hobart Hurricanes,CL White,BJ Hodge,TS Mills,4,0,,,,,,,,,
1114858,2017/18,2017-12-21,Bellerive Oval,2,16.5,Melbourne Renegades,Hobart Hurricanes,CL White,BJ Hodge,TS Mills,1,0,,,,,,,,,
1114858,2017/18,2017-12-21,Bellerive Oval,2,16.6,Melbourne Renegades,Hobart Hurricanes,BJ Hodge,CL White,TS Mills,0,0,,,,,,,,,
1114858,2017/18,2017-12-21,Bellerive Oval,2,17.1,Melbourne Renegades,Hobart Hurricanes,CL White,BJ Hodge,JC Archer,0,0,,,,,,,,,
1114858,2017/18,2017-12-21,Bellerive Oval,2,17.2,Melbourne Renegades,Hobart Hurricanes,CL White,BJ Hodge,JC Archer,1,0,,,,,,,,,
1114858,2017/18,2017-12-21,Bellerive Oval,2,17.3,Melbourne Renegades,Hobart Hurricanes,BJ Hodge,CL White,JC Archer,0,0,,,,,,,,,
1114858,2017/18,2017-12-21,Bellerive Oval,2,17.4,Melbourne Renegades,Hobart Hurricanes,BJ Hodge,CL White,JC Archer,1,0,,,,,,,,,
1114858,2017/18,2017-12-21,Bellerive Oval,2,17.5,Melbourne Renegades,Hobart Hurricanes,CL White,BJ Hodge,JC Archer,1,0,,,,,,,,,
1114858,2017/18,2017-12-21,Bellerive Oval,2,17.6,Melbourne Renegades,Hobart Hurricanes,BJ Hodge,CL White,JC Archer,0,0,,,,,,,,,
1114858,2017/18,2017-12-21,Bellerive Oval,2,18.1,Melbourne Renegades,Hobart Hurricanes,CL White,BJ Hodge,CJ Boyce,1,0,,,,,,,,,
1114858,2017/18,2017-12-21,Bellerive Oval,2,18.2,Melbourne Renegades,Hobart Hurricanes,BJ Hodge,CL White,CJ Boyce,6,0,,,,,,,,,
1114858,2017/18,2017-12-21,Bellerive Oval,2,18.3,Melbourne Renegades,Hobart Hurricanes,BJ Hodge,CL White,CJ Boyce,1,0,,,,,,,,,
