match_id,season,start_date,venue,innings,ball,batting_team,bowling_team,striker,non_striker,bowler,runs_off_bat,extras,wides,noballs,byes,legbyes,penalty,wicket_type,player_dismissed,other_wicket_type,other_player_dismissed
1114856,2017/18,2017-12-19,Sydney Showground Stadium,1,0.1,Sydney Sixers,Sydney Thunder,JJ Roy,DP Hughes,CJ Green,0,0,,,,,,,,,
1114856,2017/18,2017-12-19,Sydney Showground Stadium,1,0.2,Sydney Sixers,Sydney Thunder,JJ Roy,DP Hughes,CJ Green,1,0,,,,,,,,,
1114856,2017/18,2017-12-19,Sydney Showground Stadium,1,0.3,Sydney Sixers,Sydney Thunder,DP Hughes,JJ Roy,CJ Green,0,0,,,,,,,,,
1114856,2017/18,2017-12-19,Sydney Showground Stadium,1,0.4,Sydney Sixers,Sydney Thunder,DP Hughes,JJ Roy,CJ Green,1,0,,,,,,,,,
1114856,2017/18,2017-12-19,Sydney Showground Stadium,1,0.5,Sydney Sixers,Sydney Thunder,JJ Roy,DP Hughes,CJ Green,1,0,,,,,,,,,
1114856,2017/18,2017-12-19,Sydney Showground Stadium,1,0.6,Sydney Sixers,Sydney Thunder,DP Hughes,JJ Roy,CJ Green,1,0,,,,,,,,,
1114856,2017/18,2017-12-19,Sydney Showground Stadium,1,1.1,Sydney Sixers,Sydney Thunder,DP Hughes,JJ Roy,AL Fekete,2,0,,,,,,,,,
1114856,2017/18,2017-12-19,Sydney Showground Stadium,1,1.2,Sydney Sixers,Sydney Thunder,DP Hughes,JJ Roy,AL Fekete,4,0,,,,,,,,,
1114856,2017/18,2017-12-19,Sydney Showground Stadium,1,1.3,Sydney Sixers,Sydney Thunder,DP Hughes,JJ Roy,AL Fekete,6,0,,,,,,,,,
1114856,2017/18,2017-12-19,Sydney Showground Stadium,1,1.4,Sydney Sixers,Sydney Thunder,DP Hughes,JJ Roy,AL Fekete,0,0,,,,,,,,,
1114856,2017/18,2017-12-19,Sydney Showground Stadium,1,1.5,Sydney Sixers,Sydney Thunder,DP Hughes,JJ Roy,AL Fekete,0,0,,,,,,,,,
1114856,2017/18,2017-12-19,Sydney Showground Stadium,1,1.6,Sydney Sixers,Sydney Thunder,DP Hughes,JJ Roy,AL Fekete,0,0,,,,,,,,,
1114856,2017/18,2017-12-19,Sydney Showground Stadium,1,2.1,Sydney Sixers,Sydney Thunder,JJ Roy,DP Hughes,MJ McClenaghan,0,0,,,,,,,,,
1114856,2017/18,2017-12-19,Sydney Showground Stadium,1,2.2,Sydney Sixers,Sydney Thunder,JJ Roy,DP Hughes,MJ McClenaghan,0,0,,,,,,caught,JJ Roy,,
1114856,2017/18,2017-12-19,Sydney Showground Stadium,1,2.3,Sydney Sixers,Sydney Thunder,NJ Maddinson,DP Hughes,MJ McClenaghan,0,0,,,,,,,,,
1114856,2017/18,2017-12-19,Sydney Showground Stadium,1,2.4,Sydney Sixers,Sydney Thunder,NJ Maddinson,DP Hughes,MJ McClenaghan,0,0,,,,,,,,,
1114856,2017/18,2017-12-19,Sydney Showground Stadium,1,2.5,Sydney Sixers,Sydney Thunder,NJ Maddinson,DP Hughes,MJ McClenaghan,0,0,,,,,,,,,
1114856,2017/18,2017-12-19,Sydney Showground Stadium,1,2.6,Sydney Sixers,Sydney Thunder,NJ Maddinson,DP Hughes,MJ McClenaghan,1,0,,,,,,,,,
1114856,2017/18,2017-12-19,Sydney Showground Stadium,1,3.1,Sydney Sixers,Sydney Thunder,NJ Maddinson,DP Hughes,CJ Green,4,0,,,,,,,,,
1114856,2017/18,2017-12-19,Sydney Showground Stadium,1,3.2,Sydney Sixers,Sydney Thunder,NJ Maddinson,DP Hughes,CJ Green,0,0,,,,,,,,,
1114856,2017/18,2017-12-19,Sydney Showground Stadium,1,3.3,Sydney Sixers,Sydney Thunder,NJ Maddinson,DP Hughes,CJ Green,6,0,,,,,,,,,
1114856,2017/18,2017-12-19,Sydney Showground Stadium,1,3.4,Sydney Sixers,Sydney Thunder,NJ Maddinson,DP Hughes,CJ Green,0,0,,,,,,,,,
1114856,2017/18,2017-12-19,Sydney Showground Stadium,1,3.5,Sydney Sixers,Sydney Thunder,NJ Maddinson,DP Hughes,CJ Green,4,0,,,,,,,,,
1114856,2017/18,2017-12-19,Sydney Showground Stadium,1,3.6,Sydney Sixers,Sydney Thunder,NJ Maddinson,DP Hughes,CJ Green,0,0,,,,,,,,,
1114856,2017/18,2017-12-19,Sydney Showground Stadium,1,4.1,Sydney Sixers,Sydney Thunder,DP Hughes,NJ Maddinson,MJ McClenaghan,0,0,,,,,,,,,
1114856,2017/18,2017-12-19,Sydney Showground Stadium,1,4.2,Sydney Sixers,Sydney Thunder,DP Hughes,NJ Maddinson,MJ McClenaghan,1,0,,,,,,,,,
1114856,2017/18,2017-12-19,Sydney Showground Stadium,1,4.3,Sydney Sixers,Sydney Thunder,NJ Maddinson,DP Hughes,MJ McClenaghan,0,0,,,,,,,,,
1114856,2017/18,2017-12-19,Sydney Showground Stadium,1,4.4,Sydney Sixers,Sydney Thunder,NJ Maddinson,DP Hughes,MJ McClenaghan,1,0,,,,,,,,,
1114856,2017/18,2017-12-19,Sydney Showground Stadium,1,4.5,Sydney Sixers,Sydney Thunder,DP Hughes,NJ Maddinson,MJ McClenaghan,0,1,1,,,,,,,,
1114856,2017/18,2017-12-19,Sydney Showground Stadium,1,4.6,Sydney Sixers,Sydney Thunder,DP Hughes,NJ Maddinson,MJ McClenaghan,6,0,,,,,,,,,
1114856,2017/18,2017-12-19,Sydney Showground Stadium,1,4.7,Sydney Sixers,Sydney Thunder,DP Hughes,NJ Maddinson,MJ McClenaghan,0,0,,,,,,,,,
1114856,2017/18,2017-12-19,Sydney Showground Stadium,1,5.1,Sydney Sixers,Sydney Thunder,NJ Maddinson,DP Hughes,SR Watson,6,0,,,,,,,,,
1114856,2017/18,2017-12-19,Sydney Showground Stadium,1,5.2,Sydney Sixers,Sydney Thunder,NJ Maddinson,DP Hughes,SR Watson,0,0,,,,,,,,,
1114856,2017/18,2017-12-19,Sydney Showground Stadium,1,5.3,Sydney Sixers,Sydney Thunder,NJ Maddinson,DP Hughes,SR Watson,4,0,,,,,,,,,
1114856,2017/18,2017-12-19,Sydney Showground Stadium,1,5.4,Sydney Sixers,Sydney Thunder,NJ Maddinson,DP Hughes,SR Watson,4,0,,,,,,,,,
1114856,2017/18,2017-12-19,Sydney Showground Stadium,1,5.5,Sydney Sixers,Sydney Thunder,NJ Maddinson,DP Hughes,SR Watson,0,0,,,,,,,,,
1114856,2017/18,2017-12-19,Sydney Showground Stadium,1,5.6,Sydney Sixers,Sydney Thunder,NJ Maddinson,DP Hughes,SR Watson,1,0,,,,,,,,,
1114856,2017/18,2017-12-19,Sydney Showground Stadium,1,6.1,Sydney Sixers,Sydney Thunder,NJ Maddinson,DP Hughes,Fawad Ahmed,0,0,,,,,,,,,
1114856,2017/18,2017-12-19,Sydney Showground Stadium,1,6.2,Sydney Sixers,Sydney Thunder,NJ Maddinson,DP Hughes,Fawad Ahmed,0,0,,,,,,,,,
1114856,2017/18,2017-12-19,Sydney Showground Stadium,1,6.3,Sydney Sixers,Sydney Thunder,NJ Maddinson,DP Hughes,Fawad Ahmed,0,0,,,,,,lbw,NJ Maddinson,,
1114856,2017/18,2017-12-19,Sydney Showground Stadium,1,6.4,Sydney Sixers,Sydney Thunder,MC Henriques,DP Hughes,Fawad Ahmed,0,0,,,,,,,,,
1114856,2017/18,2017-12-19,Sydney Showground Stadium,1,6.5,Sydney Sixers,Sydney Thunder,MC Henriques,DP Hughes,Fawad Ahmed,0,0,,,,,,,,,
1114856,2017/18,2017-12-19,Sydney Showground Stadium,1,6.6,Sydney Sixers,Sydney Thunder,MC Henriques,DP Hughes,Fawad Ahmed,0,0,,,,,,,,,
1114856,2017/18,2017-12-19,Sydney Showground Stadium,1,7.1,Sydney Sixers,Sydney Thunder,DP Hughes,MC Henriques,AL Fekete,1,0,,,,,,,,,
1114856,2017/18,2017-12-19,Sydney Showground Stadium,1,7.2,Sydney Sixers,Sydney Thunder,MC Henriques,DP Hughes,AL Fekete,1,0,,,,,,,,,
1114856,2017/18,2017-12-19,Sydney Showground Stadium,1,7.3,Sydney Sixers,Sydney Thunder,DP Hughes,MC Henriques,AL Fekete,2,0,,,,,,,,,
1114856,2017/18,2017-12-19,Sydney Showground Stadium,1,7.4,Sydney Sixers,Sydney Thunder,DP Hughes,MC Henriques,AL Fekete,1,0,,,,,,,,,
1114856,2017/18,2017-12-19,Sydney Showground Stadium,1,7.5,Sydney Sixers,Sydney Thunder,MC Henriques,DP Hughes,AL Fekete,2,0,,,,,,,,,
1114856,2017/18,2017-12-19,Sydney Showground Stadium,1,7.6,Sydney Sixers,Sydney Thunder,MC Henriques,DP Hughes,AL Fekete,0,0,,,,,,,,,
1114856,2017/18,2017-12-19,Sydney Showground Stadium,1,8.1,Sydney Sixers,Sydney Thunder,DP Hughes,MC Henriques,Fawad Ahmed,0,0,,,,,,,,,
1114856,2017/18,2017-12-19,Sydney Showground Stadium,1,8.2,Sydney Sixers,Sydney Thunder,DP Hughes,MC Henriques,Fawad Ahmed,0,0,,,,,,,,,
1114856,2017/18,2017-12-19,Sydney Showground Stadium,1,8.3,Sydney Sixers,Sydney Thunder,DP Hughes,MC Henriques,Fawad Ahmed,1,0,,,,,,,,,
1114856,2017/18,2017-12-19,Sydney Showground Stadium,1,8.4,Sydney Sixers,Sydney Thunder,MC Henriques,DP Hughes,Fawad Ahmed,1,0,,,,,,,,,
1114856,2017/18,2017-12-19,Sydney Showground Stadium,1,8.5,Sydney Sixers,Sydney Thunder,DP Hughes,MC Henriques,Fawad Ahmed,1,0,,,,,,,,,
1114856,2017/18,2017-12-19,Sydney Showground Stadium,1,8.6,Sydney Sixers,Sydney Thunder,MC Henriques,DP Hughes,Fawad Ahmed,1,0,,,,,,,,,
1114856,2017/18,2017-12-19,Sydney Showground Stadium,1,9.1,Sydney Sixers,Sydney Thunder,MC Henriques,DP Hughes,AJ Nair,6,0,,,,,,,,,
1114856,2017/18,2017-12-19,Sydney Showground Stadium,1,9.2,Sydney Sixers,Sydney Thunder,MC Henriques,DP Hughes,AJ Nair,2,0,,,,,,,,,
1114856,2017/18,2017-12-19,Sydney Showground Stadium,1,9.3,Sydney Sixers,Sydney Thunder,MC Henriques,DP Hughes,AJ Nair,0,0,,,,,,caught,MC Henriques,,
1114856,2017/18,2017-12-19,Sydney Showground Stadium,1,9.4,Sydney Sixers,Sydney Thunder,DP Hughes,SW Billings,AJ Nair,0,0,,,,,,,,,
1114856,2017/18,2017-12-19,Sydney Showground Stadium,1,9.5,Sydney Sixers,Sydney Thunder,DP Hughes,SW Billings,AJ Nair,0,0,,,,,,,,,
1114856,2017/18,2017-12-19,Sydney Showground Stadium,1,9.6,Sydney Sixers,Sydney Thunder,DP Hughes,SW Billings,AJ Nair,1,0,,,,,,,,,
1114856,2017/18,2017-12-19,Sydney Showground Stadium,1,10.1,Sydney Sixers,Sydney Thunder,DP Hughes,SW Billings,Fawad Ahmed,0,0,,,,,,,,,
1114856,2017/18,2017-12-19,Sydney Showground Stadium,1,10.2,Sydney Sixers,Sydney Thunder,DP Hughes,SW Billings,Fawad Ahmed,1,0,,,,,,,,,
1114856,2017/18,2017-12-19,Sydney Showground Stadium,1,10.3,Sydney Sixers,Sydney Thunder,SW Billings,DP Hughes,Fawad Ahmed,1,0,,,,,,,,,
1114856,2017/18,2017-12-19,Sydney Showground Stadium,1,10.4,Sydney Sixers,Sydney Thunder,DP Hughes,SW Billings,Fawad Ahmed,0,0,,,,,,,,,
1114856,2017/18,2017-12-19,Sydney Showground Stadium,1,10.5,Sydney Sixers,Sydney Thunder,DP Hughes,SW Billings,Fawad Ahmed,0,0,,,,,,caught,DP Hughes,,
1114856,2017/18,2017-12-19,Sydney Showground Stadium,1,10.6,Sydney Sixers,Sydney Thunder,SW Billings,J Botha,Fawad Ahmed,1,0,,,,,,,,,
1114856,2017/18,2017-12-19,Sydney Showground Stadium,1,11.1,Sydney Sixers,Sydney Thunder,SW Billings,J Botha,AJ Nair,1,0,,,,,,,,,
1114856,2017/18,2017-12-19,Sydney Showground Stadium,1,11.2,Sydney Sixers,Sydney Thunder,J Botha,SW Billings,AJ Nair,0,0,,,,,,,,,
1114856,2017/18,2017-12-19,Sydney Showground Stadium,1,11.3,Sydney Sixers,Sydney Thunder,J Botha,SW Billings,AJ Nair,0,0,,,,,,,,,
1114856,2017/18,2017-12-19,Sydney Showground Stadium,1,11.4,Sydney Sixers,Sydney Thunder,J Botha,SW Billings,AJ Nair,0,0,,,,,,lbw,J Botha,,
1114856,2017/18,2017-12-19,Sydney Showground Stadium,1,11.5,Sydney Sixers,Sydney Thunder,PM Nevill,SW Billings,AJ Nair,0,0,,,,,,,,,
1114856,2017/18,2017-12-19,Sydney Showground Stadium,1,11.6,Sydney Sixers,Sydney Thunder,PM Nevill,SW Billings,AJ Nair,1,0,,,,,,,,,
1114856,2017/18,2017-12-19,Sydney Showground Stadium,1,12.1,Sydney Sixers,Sydney Thunder,PM Nevill,SW Billings,Fawad Ahmed,1,0,,,,,,,,,
1114856,2017/18,2017-12-19,Sydney Showground Stadium,1,12.2,Sydney Sixers,Sydney Thunder,SW Billings,PM Nevill,Fawad Ahmed,1,0,,,,,,,,,
1114856,2017/18,2017-12-19,Sydney Showground Stadium,1,12.3,Sydney Sixers,Sydney Thunder,PM Nevill,SW Billings,Fawad Ahmed,1,0,,,,,,,,,
1114856,2017/18,2017-12-19,Sydney Showground Stadium,1,12.4,Sydney Sixers,Sydney Thunder,SW Billings,PM Nevill,Fawad Ahmed,1,0,,,,,,,,,
1114856,2017/18,2017-12-19,Sydney Showground Stadium,1,12.5,Sydney Sixers,Sydney Thunder,PM Nevill,SW Billings,Fawad Ahmed,0,0,,,,,,,,,
1114856,2017/18,2017-12-19,Sydney Showground Stadium,1,12.6,Sydney Sixers,Sydney Thunder,PM Nevill,SW Billings,Fawad Ahmed,0,0,,,,,,,,,
1114856,2017/18,2017-12-19,Sydney Showground Stadium,1,13.1,Sydney Sixers,Sydney Thunder,SW Billings,PM Nevill,AJ Nair,0,0,,,,,,,,,
1114856,2017/18,2017-12-19,Sydney Showground Stadium,1,13.2,Sydney Sixers,Sydney Thunder,SW Billings,PM Nevill,AJ Nair,4,0,,,,,,,,,
1114856,2017/18,2017-12-19,Sydney Showground Stadium,1,13.3,Sydney Sixers,Sydney Thunder,SW Billings,PM Nevill,AJ Nair,4,0,,,,,,,,,
1114856,2017/18,2017-12-19,Sydney Showground Stadium,1,13.4,Sydney Sixers,Sydney Thunder,SW Billings,PM Nevill,AJ Nair,1,0,,,,,,,,,
1114856,2017/18,2017-12-19,Sydney Showground Stadium,1,13.5,Sydney Sixers,Sydney Thunder,PM Nevill,SW Billings,AJ Nair,0,0,,,,,,,,,
1114856,2017/18,2017-12-19,Sydney Showground Stadium,1,13.6,Sydney Sixers,Sydney Thunder,PM Nevill,SW Billings,AJ Nair,0,0,,,,,,,,,
1114856,2017/18,2017-12-19,Sydney Showground Stadium,1,14.1,Sydney Sixers,Sydney Thunder,SW Billings,PM Nevill,CJ Green,1,0,,,,,,,,,
1114856,2017/18,2017-12-19,Sydney Showground Stadium,1,14.2,Sydney Sixers,Sydney Thunder,PM Nevill,SW Billings,CJ Green,4,0,,,,,,,,,
1114856,2017/18,2017-12-19,Sydney Showground Stadium,1,14.3,Sydney Sixers,Sydney Thunder,PM Nevill,SW Billings,CJ Green,1,0,,,,,,,,,
1114856,2017/18,2017-12-19,Sydney Showground Stadium,1,14.4,Sydney Sixers,Sydney Thunder,SW Billings,PM Nevill,CJ Green,6,0,,,,,,,,,
1114856,2017/18,2017-12-19,Sydney Showground Stadium,1,14.5,Sydney Sixers,Sydney Thunder,SW Billings,PM Nevill,CJ Green,1,0,,,,,,,,,
1114856,2017/18,2017-12-19,Sydney Showground Stadium,1,14.6,Sydney Sixers,Sydney Thunder,PM Nevill,SW Billings,CJ Green,1,0,,,,,,,,,
1114856,2017/18,2017-12-19,Sydney Showground Stadium,1,15.1,Sydney Sixers,Sydney Thunder,PM Nevill,SW Billings,AJ Nair,2,0,,,,,,,,,
1114856,2017/18,2017-12-19,Sydney Showground Stadium,1,15.2,Sydney Sixers,Sydney Thunder,PM Nevill,SW Billings,AJ Nair,1,0,,,,,,,,,
1114856,2017/18,2017-12-19,Sydney Showground Stadium,1,15.3,Sydney Sixers,Sydney Thunder,SW Billings,PM Nevill,AJ Nair,1,0,,,,,,,,,
1114856,2017/18,2017-12-19,Sydney Showground Stadium,1,15.4,Sydney Sixers,Sydney Thunder,PM Nevill,SW Billings,AJ Nair,1,0,,,,,,,,,
1114856,2017/18,2017-12-19,Sydney Showground Stadium,1,15.5,Sydney Sixers,Sydney Thunder,SW Billings,PM Nevill,AJ Nair,2,0,,,,,,,,,
1114856,2017/18,2017-12-19,Sydney Showground Stadium,1,15.6,Sydney Sixers,Sydney Thunder,SW Billings,PM Nevill,AJ Nair,2,0,,,,,,,,,
1114856,2017/18,2017-12-19,Sydney Showground Stadium,1,16.1,Sydney Sixers,Sydney Thunder,PM Nevill,SW Billings,AL Fekete,0,0,,,,,,caught,PM Nevill,,
1114856,2017/18,2017-12-19,Sydney Showground Stadium,1,16.2,Sydney Sixers,Sydney Thunder,SNJ O'Keefe,SW Billings,AL Fekete,0,0,,,,,,,,,
1114856,2017/18,2017-12-19,Sydney Showground Stadium,1,16.3,Sydney Sixers,Sydney Thunder,SNJ O'Keefe,SW Billings,AL Fekete,4,0,,,,,,,,,
1114856,2017/18,2017-12-19,Sydney Showground Stadium,1,16.4,Sydney Sixers,Sydney Thunder,SNJ O'Keefe,SW Billings,AL Fekete,4,1,,1,,,,,,,
1114856,2017/18,2017-12-19,Sydney Showground Stadium,1,16.5,Sydney Sixers,Sydney Thunder,SNJ O'Keefe,SW Billings,AL Fekete,1,0,,,,,,,,,
1114856,2017/18,2017-12-19,Sydney Showground Stadium,1,16.6,Sydney Sixers,Sydney Thunder,SW Billings,SNJ O'Keefe,AL Fekete,2,0,,,,,,,,,
1114856,2017/18,2017-12-19,Sydney Showground Stadium,1,16.7,Sydney Sixers,Sydney Thunder,SW Billings,SNJ O'Keefe,AL Fekete,0,0,,,,,,,,,
1114856,2017/18,2017-12-19,Sydney Showground Stadium,1,17.1,Sydney Sixers,Sydney Thunder,SNJ O'Keefe,SW Billings,MJ McClenaghan,1,0,,,,,,,,,
1114856,2017/18,2017-12-19,Sydney Showground Stadium,1,17.2,Sydney Sixers,Sydney Thunder,SW Billings,SNJ O'Keefe,MJ McClenaghan,1,0,,,,,,,,,
1114856,2017/18,2017-12-19,Sydney Showground Stadium,1,17.3,Sydney Sixers,Sydney Thunder,SNJ O'Keefe,SW Billings,MJ McClenaghan,2,0,,,,,,,,,
1114856,2017/18,2017-12-19,Sydney Showground Stadium,1,17.4,Sydney Sixers,Sydney Thunder,SNJ O'Keefe,SW Billings,MJ McClenaghan,4,0,,,,,,,,,
1114856,2017/18,2017-12-19,Sydney Showground Stadium,1,17.5,Sydney Sixers,Sydney Thunder,SNJ O'Keefe,SW Billings,MJ McClenaghan,1,0,,,,,,,,,
1114856,2017/18,2017-12-19,Sydney Showground Stadium,1,17.6,Sydney Sixers,Sydney Thunder,SW Billings,SNJ O'Keefe,MJ McClenaghan,1,0,,,,,,,,,
1114856,2017/18,2017-12-19,Sydney Showground Stadium,1,18.1,Sydney Sixers,Sydney Thunder,SW Billings,SNJ O'Keefe,AL Fekete,0,0,,,,,,,,,
1114856,2017/18,2017-12-19,Sydney Showground Stadium,1,18.2,Sydney Sixers,Sydney Thunder,SW Billings,SNJ O'Keefe,AL Fekete,1,0,,,,,,run out,SW Billings,,
1114856,2017/18,2017-12-19,Sydney Showground Stadium,1,18.3,Sydney Sixers,Sydney Thunder,SA Abbott,SNJ O'Keefe,AL Fekete,0,1,1,,,,,,,,
1114856,2017/18,2017-12-19,Sydney Showground Stadium,1,18.4,Sydney Sixers,Sydney Thunder,SA Abbott,SNJ O'Keefe,AL Fekete,1,0,,,,,,,,,
1114856,2017/18,2017-12-19,Sydney Showground Stadium,1,18.5,Sydney Sixers,Sydney Thunder,SNJ O'Keefe,SA Abbott,AL Fekete,1,0,,,,,,,,,
1114856,2017/18,2017-12-19,Sydney Showground Stadium,1,18.6,Sydney Sixers,Sydney Thunder,SA Abbott,SNJ O'Keefe,AL Fekete,1,0,,,,,,,,,
1114856,2017/18,2017-12-19,Sydney Showground Stadium,1,18.7,Sydney Sixers,Sydney Thunder,SNJ O'Keefe,SA Abbott,AL Fekete,1,0,,,,,,,,,
1114856,2017/18,2017-12-19,Sydney Showground Stadium,1,19.1,Sydney Sixers,Sydney Thunder,SNJ O'Keefe,SA Abbott,MJ McClenaghan,0,0,,,,,,,,,
1114856,2017/18,2017-12-19,Sydney Showground Stadium,1,19.2,Sydney Sixers,Sydney Thunder,SNJ O'Keefe,SA Abbott,MJ McClenaghan,0,0,,,,,,,,,
1114856,2017/18,2017-12-19,Sydney Showground Stadium,1,19.3,Sydney Sixers,Sydney Thunder,SNJ O'Keefe,SA Abbott,MJ McClenaghan,0,0,,,,,,,,,
1114856,2017/18,2017-12-19,Sydney Showground Stadium,1,19.4,Sydney Sixers,Sydney Thunder,SNJ O'Keefe,SA Abbott,MJ McClenaghan,0,0,,,,,,caught,SNJ O'Keefe,,
1114856,2017/18,2017-12-19,Sydney Showground Stadium,1,19.5,Sydney Sixers,Sydney Thunder,SA Abbott,DR Sams,MJ McClenaghan,4,0,,,,,,,,,
1114856,2017/18,2017-12-19,Sydney Showground Stadium,1,19.6,Sydney Sixers,Sydney Thunder,SA Abbott,DR Sams,MJ McClenaghan,1,0,,,,,,run out,SA Abbott,,
1114856,2017/18,2017-12-19,Sydney Showground Stadium,2,0.1,Sydney Thunder,Sydney Sixers,KR Patterson,JC Buttler,DR Sams,0,0,,,,,,,,,
1114856,2017/18,2017-12-19,Sydney Showground Stadium,2,0.2,Sydney Thunder,Sydney Sixers,KR Patterson,JC Buttler,DR Sams,0,0,,,,,,,,,
1114856,2017/18,2017-12-19,Sydney Showground Stadium,2,0.3,Sydney Thunder,Sydney Sixers,KR Patterson,JC Buttler,DR Sams,1,0,,,,,,,,,
1114856,2017/18,2017-12-19,Sydney Showground Stadium,2,0.4,Sydney Thunder,Sydney Sixers,JC Buttler,KR Patterson,DR Sams,0,0,,,,,,,,,
1114856,2017/18,2017-12-19,Sydney Showground Stadium,2,0.5,Sydney Thunder,Sydney Sixers,JC Buttler,KR Patterson,DR Sams,0,0,,,,,,,,,
1114856,2017/18,2017-12-19,Sydney Showground Stadium,2,0.6,Sydney Thunder,Sydney Sixers,JC Buttler,KR Patterson,DR Sams,0,0,,,,,,caught and bowled,JC Buttler,,
1114856,2017/18,2017-12-19,Sydney Showground Stadium,2,1.1,Sydney Thunder,Sydney Sixers,KR Patterson,SR Watson,SNJ O'Keefe,1,0,,,,,,,,,
1114856,2017/18,2017-12-19,Sydney Showground Stadium,2,1.2,Sydney Thunder,Sydney Sixers,SR Watson,KR Patterson,SNJ O'Keefe,0,0,,,,,,,,,
1114856,2017/18,2017-12-19,Sydney Showground Stadium,2,1.3,Sydney Thunder,Sydney Sixers,SR Watson,KR Patterson,SNJ O'Keefe,1,0,,,,,,,,,
1114856,2017/18,2017-12-19,Sydney Showground Stadium,2,1.4,Sydney Thunder,Sydney Sixers,KR Patterson,SR Watson,SNJ O'Keefe,0,0,,,,,,,,,
1114856,2017/18,2017-12-19,Sydney Showground Stadium,2,1.5,Sydney Thunder,Sydney Sixers,KR Patterson,SR Watson,SNJ O'Keefe,1,0,,,,,,,,,
1114856,2017/18,2017-12-19,Sydney Showground Stadium,2,1.6,Sydney Thunder,Sydney Sixers,SR Watson,KR Patterson,SNJ O'Keefe,0,1,,1,,,,,,,
1114856,2017/18,2017-12-19,Sydney Showground Stadium,2,1.7,Sydney Thunder,Sydney Sixers,SR Watson,KR Patterson,SNJ O'Keefe,4,0,,,,,,,,,
1114856,2017/18,2017-12-19,Sydney Showground Stadium,2,2.1,Sydney Thunder,Sydney Sixers,KR Patterson,SR Watson,DR Sams,0,0,,,,,,,,,
1114856,2017/18,2017-12-19,Sydney Showground Stadium,2,2.2,Sydney Thunder,Sydney Sixers,KR Patterson,SR Watson,DR Sams,0,1,1,,,,,,,,
1114856,2017/18,2017-12-19,Sydney Showground Stadium,2,2.3,Sydney Thunder,Sydney Sixers,KR Patterson,SR Watson,DR Sams,4,0,,,,,,,,,
1114856,2017/18,2017-12-19,Sydney Showground Stadium,2,2.4,Sydney Thunder,Sydney Sixers,KR Patterson,SR Watson,DR Sams,0,0,,,,,,,,,
1114856,2017/18,2017-12-19,Sydney Showground Stadium,2,2.5,Sydney Thunder,Sydney Sixers,KR Patterson,SR Watson,DR Sams,0,0,,,,,,,,,
1114856,2017/18,2017-12-19,Sydney Showground Stadium,2,2.6,Sydney Thunder,Sydney Sixers,KR Patterson,SR Watson,DR Sams,0,0,,,,,,,,,
1114856,2017/18,2017-12-19,Sydney Showground Stadium,2,2.7,Sydney Thunder,Sydney Sixers,KR Patterson,SR Watson,DR Sams,4,0,,,,,,,,,
1114856,2017/18,2017-12-19,Sydney Showground Stadium,2,3.1,Sydney Thunder,Sydney Sixers,SR Watson,KR Patterson,DE Bollinger,0,0,,,,,,,,,
1114856,2017/18,2017-12-19,Sydney Showground Stadium,2,3.2,Sydney Thunder,Sydney Sixers,SR Watson,KR Patterson,DE Bollinger,6,0,,,,,,,,,
1114856,2017/18,2017-12-19,Sydney Showground Stadium,2,3.3,Sydney Thunder,Sydney Sixers,SR Watson,KR Patterson,DE Bollinger,1,0,,,,,,,,,
1114856,2017/18,2017-12-19,Sydney Showground Stadium,2,3.4,Sydney Thunder,Sydney Sixers,KR Patterson,SR Watson,DE Bollinger,0,0,,,,,,,,,
1114856,2017/18,2017-12-19,Sydney Showground Stadium,2,3.5,Sydney Thunder,Sydney Sixers,KR Patterson,SR Watson,DE Bollinger,2,0,,,,,,,,,
1114856,2017/18,2017-12-19,Sydney Showground Stadium,2,3.6,Sydney Thunder,Sydney Sixers,KR Patterson,SR Watson,DE Bollinger,1,0,,,,,,,,,
1114856,2017/18,2017-12-19,Sydney Showground Stadium,2,4.1,Sydney Thunder,Sydney Sixers,KR Patterson,SR Watson,SA Abbott,0,0,,,,,,,,,
1114856,2017/18,2017-12-19,Sydney Showground Stadium,2,4.2,Sydney Thunder,Sydney Sixers,KR Patterson,SR Watson,SA Abbott,1,0,,,,,,,,,
1114856,2017/18,2017-12-19,Sydney Showground Stadium,2,4.3,Sydney Thunder,Sydney Sixers,SR Watson,KR Patterson,SA Abbott,0,0,,,,,,,,,
1114856,2017/18,2017-12-19,Sydney Showground Stadium,2,4.4,Sydney Thunder,Sydney Sixers,SR Watson,KR Patterson,SA Abbott,1,0,,,,,,,,,
1114856,2017/18,2017-12-19,Sydney Showground Stadium,2,4.5,Sydney Thunder,Sydney Sixers,KR Patterson,SR Watson,SA Abbott,0,0,,,,,,,,,
1114856,2017/18,2017-12-19,Sydney Showground Stadium,2,4.6,Sydney Thunder,Sydney Sixers,KR Patterson,SR Watson,SA Abbott,1,0,,,,,,,,,
1114856,2017/18,2017-12-19,Sydney Showground Stadium,2,5.1,Sydney Thunder,Sydney Sixers,KR Patterson,SR Watson,DE Bollinger,0,0,,,,,,,,,
1114856,2017/18,2017-12-19,Sydney Showground Stadium,2,5.2,Sydney Thunder,Sydney Sixers,KR Patterson,SR Watson,DE Bollinger,0,0,,,,,,,,,
1114856,2017/18,2017-12-19,Sydney Showground Stadium,2,5.3,Sydney Thunder,Sydney Sixers,KR Patterson,SR Watson,DE Bollinger,0,0,,,,,,,,,
1114856,2017/18,2017-12-19,Sydney Showground Stadium,2,5.4,Sydney Thunder,Sydney Sixers,KR Patterson,SR Watson,DE Bollinger,1,0,,,,,,,,,
1114856,2017/18,2017-12-19,Sydney Showground Stadium,2,5.5,Sydney Thunder,Sydney Sixers,SR Watson,KR Patterson,DE Bollinger,0,1,1,,,,,,,,
1114856,2017/18,2017-12-19,Sydney Showground Stadium,2,5.6,Sydney Thunder,Sydney Sixers,SR Watson,KR Patterson,DE Bollinger,0,0,,,,,,,,,
1114856,2017/18,2017-12-19,Sydney Showground Stadium,2,5.7,Sydney Thunder,Sydney Sixers,SR Watson,KR Patterson,DE Bollinger,4,0,,,,,,,,,
1114856,2017/18,2017-12-19,Sydney Showground Stadium,2,6.1,Sydney Thunder,Sydney Sixers,KR Patterson,SR Watson,SNJ O'Keefe,1,0,,,,,,,,,
1114856,2017/18,2017-12-19,Sydney Showground Stadium,2,6.2,Sydney Thunder,Sydney Sixers,SR Watson,KR Patterson,SNJ O'Keefe,1,0,,,,,,,,,
1114856,2017/18,2017-12-19,Sydney Showground Stadium,2,6.3,Sydney Thunder,Sydney Sixers,KR Patterson,SR Watson,SNJ O'Keefe,1,0,,,,,,,,,
1114856,2017/18,2017-12-19,Sydney Showground Stadium,2,6.4,Sydney Thunder,Sydney Sixers,SR Watson,KR Patterson,SNJ O'Keefe,1,0,,,,,,,,,
1114856,2017/18,2017-12-19,Sydney Showground Stadium,2,6.5,Sydney Thunder,Sydney Sixers,KR Patterson,SR Watson,SNJ O'Keefe,0,0,,,,,,,,,
1114856,2017/18,2017-12-19,Sydney Showground Stadium,2,6.6,Sydney Thunder,Sydney Sixers,KR Patterson,SR Watson,SNJ O'Keefe,2,0,,,,,,,,,
1114856,2017/18,2017-12-19,Sydney Showground Stadium,2,7.1,Sydney Thunder,Sydney Sixers,SR Watson,KR Patterson,J Botha,0,0,,,,,,,,,
1114856,2017/18,2017-12-19,Sydney Showground Stadium,2,7.2,Sydney Thunder,Sydney Sixers,SR Watson,KR Patterson,J Botha,0,0,,,,,,,,,
1114856,2017/18,2017-12-19,Sydney Showground Stadium,2,7.3,Sydney Thunder,Sydney Sixers,SR Watson,KR Patterson,J Botha,6,0,,,,,,,,,
1114856,2017/18,2017-12-19,Sydney Showground Stadium,2,7.4,Sydney Thunder,Sydney Sixers,SR Watson,KR Patterson,J Botha,0,0,,,,,,,,,
1114856,2017/18,2017-12-19,Sydney Showground Stadium,2,7.5,Sydney Thunder,Sydney Sixers,SR Watson,KR Patterson,J Botha,1,0,,,,,,,,,
1114856,2017/18,2017-12-19,Sydney Showground Stadium,2,7.6,Sydney Thunder,Sydney Sixers,KR Patterson,SR Watson,J Botha,1,0,,,,,,,,,
1114856,2017/18,2017-12-19,Sydney Showground Stadium,2,8.1,Sydney Thunder,Sydney Sixers,KR Patterson,SR Watson,SNJ O'Keefe,0,0,,,,,,,,,
1114856,2017/18,2017-12-19,Sydney Showground Stadium,2,8.2,Sydney Thunder,Sydney Sixers,KR Patterson,SR Watson,SNJ O'Keefe,1,0,,,,,,,,,
1114856,2017/18,2017-12-19,Sydney Showground Stadium,2,8.3,Sydney Thunder,Sydney Sixers,SR Watson,KR Patterson,SNJ O'Keefe,1,0,,,,,,,,,
1114856,2017/18,2017-12-19,Sydney Showground Stadium,2,8.4,Sydney Thunder,Sydney Sixers,KR Patterson,SR Watson,SNJ O'Keefe,1,0,,,,,,,,,
1114856,2017/18,2017-12-19,Sydney Showground Stadium,2,8.5,Sydney Thunder,Sydney Sixers,SR Watson,KR Patterson,SNJ O'Keefe,4,0,,,,,,,,,
1114856,2017/18,2017-12-19,Sydney Showground Stadium,2,8.6,Sydney Thunder,Sydney Sixers,SR Watson,KR Patterson,SNJ O'Keefe,6,0,,,,,,,,,
1114856,2017/18,2017-12-19,Sydney Showground Stadium,2,9.1,Sydney Thunder,Sydney Sixers,KR Patterson,SR Watson,J Botha,1,0,,,,,,,,,
1114856,2017/18,2017-12-19,Sydney Showground Stadium,2,9.2,Sydney Thunder,Sydney Sixers,SR Watson,KR Patterson,J Botha,4,0,,,,,,,,,
1114856,2017/18,2017-12-19,Sydney Showground Stadium,2,9.3,Sydney Thunder,Sydney Sixers,SR Watson,KR Patterson,J Botha,0,0,,,,,,,,,
1114856,2017/18,2017-12-19,Sydney Showground Stadium,2,9.4,Sydney Thunder,Sydney Sixers,SR Watson,KR Patterson,J Botha,0,0,,,,,,,,,
1114856,2017/18,2017-12-19,Sydney Showground Stadium,2,9.5,Sydney Thunder,Sydney Sixers,SR Watson,KR Patterson,J Botha,1,0,,,,,,,,,
1114856,2017/18,2017-12-19,Sydney Showground Stadium,2,9.6,Sydney Thunder,Sydney Sixers,KR Patterson,SR Watson,J Botha,1,0,,,,,,,,,
1114856,2017/18,2017-12-19,Sydney Showground Stadium,2,10.1,Sydney Thunder,Sydney Sixers,KR Patterson,SR Watson,SA Abbott,1,0,,,,,,,,,
1114856,2017/18,2017-12-19,Sydney Showground Stadium,2,10.2,Sydney Thunder,Sydney Sixers,SR Watson,KR Patterson,SA Abbott,1,0,,,,,,,,,
1114856,2017/18,2017-12-19,Sydney Showground Stadium,2,10.3,Sydney Thunder,Sydney Sixers,KR Patterson,SR Watson,SA Abbott,1,0,,,,,,,,,
1114856,2017/18,2017-12-19,Sydney Showground Stadium,2,10.4,Sydney Thunder,Sydney Sixers,SR Watson,KR Patterson,SA Abbott,1,0,,,,,,,,,
1114856,2017/18,2017-12-19,Sydney Showground Stadium,2,10.5,Sydney Thunder,Sydney Sixers,KR Patterson,SR Watson,SA Abbott,1,0,,,,,,,,,
1114856,2017/18,2017-12-19,Sydney Showground Stadium,2,10.6,Sydney Thunder,Sydney Sixers,SR Watson,KR Patterson,SA Abbott,0,0,,,,,,,,,
1114856,2017/18,2017-12-19,Sydney Showground Stadium,2,11.1,Sydney Thunder,Sydney Sixers,KR Patterson,SR Watson,DR Sams,0,0,,,,,,bowled,KR Patterson,,
1114856,2017/18,2017-12-19,Sydney Showground Stadium,2,11.2,Sydney Thunder,Sydney Sixers,BJ Rohrer,SR Watson,DR Sams,0,0,,,,,,,,,
1114856,2017/18,2017-12-19,Sydney Showground Stadium,2,11.3,Sydney Thunder,Sydney Sixers,BJ Rohrer,SR Watson,DR Sams,1,0,,,,,,,,,
1114856,2017/18,2017-12-19,Sydney Showground Stadium,2,11.4,Sydney Thunder,Sydney Sixers,SR Watson,BJ Rohrer,DR Sams,0,0,,,,,,,,,
1114856,2017/18,2017-12-19,Sydney Showground Stadium,2,11.5,Sydney Thunder,Sydney Sixers,SR Watson,BJ Rohrer,DR Sams,1,0,,,,,,,,,
1114856,2017/18,2017-12-19,Sydney Showground Stadium,2,11.6,Sydney Thunder,Sydney Sixers,BJ Rohrer,SR Watson,DR Sams,0,0,,,,,,,,,
1114856,2017/18,2017-12-19,Sydney Showground Stadium,2,12.1,Sydney Thunder,Sydney Sixers,SR Watson,BJ Rohrer,J Botha,1,0,,,,,,,,,
1114856,2017/18,2017-12-19,Sydney Showground Stadium,2,12.2,Sydney Thunder,Sydney Sixers,BJ Rohrer,SR Watson,J Botha,2,0,,,,,,,,,
1114856,2017/18,2017-12-19,Sydney Showground Stadium,2,12.3,Sydney Thunder,Sydney Sixers,BJ Rohrer,SR Watson,J Botha,4,0,,,,,,,,,
1114856,2017/18,2017-12-19,Sydney Showground Stadium,2,12.4,Sydney Thunder,Sydney Sixers,BJ Rohrer,SR Watson,J Botha,0,0,,,,,,caught,BJ Rohrer,,
1114856,2017/18,2017-12-19,Sydney Showground Stadium,2,12.5,Sydney Thunder,Sydney Sixers,RJ Gibson,SR Watson,J Botha,1,0,,,,,,,,,
1114856,2017/18,2017-12-19,Sydney Showground Stadium,2,12.6,Sydney Thunder,Sydney Sixers,SR Watson,RJ Gibson,J Botha,0,0,,,,,,,,,
1114856,2017/18,2017-12-19,Sydney Showground Stadium,2,13.1,Sydney Thunder,Sydney Sixers,RJ Gibson,SR Watson,SNJ O'Keefe,0,0,,,,,,,,,
1114856,2017/18,2017-12-19,Sydney Showground Stadium,2,13.2,Sydney Thunder,Sydney Sixers,RJ Gibson,SR Watson,SNJ O'Keefe,0,0,,,,,,,,,
1114856,2017/18,2017-12-19,Sydney Showground Stadium,2,13.3,Sydney Thunder,Sydney Sixers,RJ Gibson,SR Watson,SNJ O'Keefe,0,0,,,,,,,,,
1114856,2017/18,2017-12-19,Sydney Showground Stadium,2,13.4,Sydney Thunder,Sydney Sixers,RJ Gibson,SR Watson,SNJ O'Keefe,0,0,,,,,,,,,
1114856,2017/18,2017-12-19,Sydney Showground Stadium,2,13.5,Sydney Thunder,Sydney Sixers,RJ Gibson,SR Watson,SNJ O'Keefe,1,0,,,,,,,,,
1114856,2017/18,2017-12-19,Sydney Showground Stadium,2,13.6,Sydney Thunder,Sydney Sixers,SR Watson,RJ Gibson,SNJ O'Keefe,1,0,,,,,,,,,
1114856,2017/18,2017-12-19,Sydney Showground Stadium,2,14.1,Sydney Thunder,Sydney Sixers,SR Watson,RJ Gibson,DE Bollinger,6,0,,,,,,,,,
1114856,2017/18,2017-12-19,Sydney Showground Stadium,2,14.2,Sydney Thunder,Sydney Sixers,SR Watson,RJ Gibson,DE Bollinger,1,0,,,,,,,,,
1114856,2017/18,2017-12-19,Sydney Showground Stadium,2,14.3,Sydney Thunder,Sydney Sixers,RJ Gibson,SR Watson,DE Bollinger,1,0,,,,,,,,,
1114856,2017/18,2017-12-19,Sydney Showground Stadium,2,14.4,Sydney Thunder,Sydney Sixers,SR Watson,RJ Gibson,DE Bollinger,1,1,,1,,,,,,,
1114856,2017/18,2017-12-19,Sydney Showground Stadium,2,14.5,Sydney Thunder,Sydney Sixers,RJ Gibson,SR Watson,DE Bollinger,0,0,,,,,,,,,
1114856,2017/18,2017-12-19,Sydney Showground Stadium,2,14.6,Sydney Thunder,Sydney Sixers,RJ Gibson,SR Watson,DE Bollinger,1,0,,,,,,,,,
1114856,2017/18,2017-12-19,Sydney Showground Stadium,2,14.7,Sydney Thunder,Sydney Sixers,SR Watson,RJ Gibson,DE Bollinger,0,0,,,,,,,,,
1114856,2017/18,2017-12-19,Sydney Showground Stadium,2,15.1,Sydney Thunder,Sydney Sixers,RJ Gibson,SR Watson,J Botha,0,0,,,,,,,,,
1114856,2017/18,2017-12-19,Sydney Showground Stadium,2,15.2,Sydney Thunder,Sydney Sixers,RJ Gibson,SR Watson,J Botha,0,0,,,,,,,,,
1114856,2017/18,2017-12-19,Sydney Showground Stadium,2,15.3,Sydney Thunder,Sydney Sixers,RJ Gibson,SR Watson,J Botha,1,0,,,,,,,,,
1114856,2017/18,2017-12-19,Sydney Showground Stadium,2,15.4,Sydney Thunder,Sydney Sixers,SR Watson,RJ Gibson,J Botha,6,0,,,,,,,,,
1114856,2017/18,2017-12-19,Sydney Showground Stadium,2,15.5,Sydney Thunder,Sydney Sixers,SR Watson,RJ Gibson,J Botha,1,0,,,,,,,,,
1114856,2017/18,2017-12-19,Sydney Showground Stadium,2,15.6,Sydney Thunder,Sydney Sixers,RJ Gibson,SR Watson,J Botha,1,0,,,,,,,,,
1114856,2017/18,2017-12-19,Sydney Showground Stadium,2,16.1,Sydney Thunder,Sydney Sixers,RJ Gibson,SR Watson,SA Abbott,0,0,,,,,,,,,
1114856,2017/18,2017-12-19,Sydney Showground Stadium,2,16.2,Sydney Thunder,Sydney Sixers,RJ Gibson,SR Watson,SA Abbott,1,0,,,,,,,,,
1114856,2017/18,2017-12-19,Sydney Showground Stadium,2,16.3,Sydney Thunder,Sydney Sixers,SR Watson,RJ Gibson,SA Abbott,6,0,,,,,,,,,
1114856,2017/18,2017-12-19,Sydney Showground Stadium,2,16.4,Sydney Thunder,Sydney Sixers,SR Watson,RJ Gibson,SA Abbott,4,0,,,,,,,,,
1114856,2017/18,2017-12-19,Sydney Showground Stadium,2,16.5,Sydney Thunder,Sydney Sixers,SR Watson,RJ Gibson,SA Abbott,0,1,1,,,,,,,,
1114856,2017/18,2017-12-19,Sydney Showground Stadium,2,16.6,Sydney Thunder,Sydney Sixers,SR Watson,RJ Gibson,SA Abbott,4,0,,,,,,,,,
1114856,2017/18,2017-12-19,Sydney Showground Stadium,2,16.7,Sydney Thunder,Sydney Sixers,SR Watson,RJ Gibson,SA Abbott,0,0,,,,,,,,,
1114856,2017/18,2017-12-19,Sydney Showground Stadium,2,17.1,Sydney Thunder,Sydney Sixers,RJ Gibson,SR Watson,DR Sams,1,0,,,,,,,,,
1114856,2017/18,2017-12-19,Sydney Showground Stadium,2,17.2,Sydney Thunder,Sydney Sixers,SR Watson,RJ Gibson,DR Sams,0,0,,,,,,,,,
1114856,2017/18,2017-12-19,Sydney Showground Stadium,2,17.3,Sydney Thunder,Sydney Sixers,SR Watson,RJ Gibson,DR Sams,1,0,,,,,,,,,
1114856,2017/18,2017-12-19,Sydney Showground Stadium,2,17.4,Sydney Thunder,Sydney Sixers,RJ Gibson,SR Watson,DR Sams,0,0,,,,,,caught,RJ Gibson,,
1114856,2017/18,2017-12-19,Sydney Showground Stadium,2,17.5,Sydney Thunder,Sydney Sixers,SR Watson,AJ Nair,DR Sams,0,0,,,,,,caught,SR Watson,,
1114856,2017/18,2017-12-19,Sydney Showground Stadium,2,17.6,Sydney Thunder,Sydney Sixers,AC Blizzard,AJ Nair,DR Sams,0,1,,,,1,,,,,
1114856,2017/18,2017-12-19,Sydney Showground Stadium,2,18.1,Sydney Thunder,Sydney Sixers,AC Blizzard,AJ Nair,DE Bollinger,4,0,,,,,,,,,
1114856,2017/18,2017-12-19,Sydney Showground Stadium,2,18.2,Sydney Thunder,Sydney Sixers,AC Blizzard,AJ Nair,DE Bollinger,1,0,,,,,,,,,
1114856,2017/18,2017-12-19,Sydney Showground Stadium,2,18.3,Sydney Thunder,Sydney Sixers,AJ Nair,AC Blizzard,DE Bollinger,1,0,,,,,,,,,
1114856,2017/18,2017-12-19,Sydney Showground Stadium,2,18.4,Sydney Thunder,Sydney Sixers,AC Blizzard,AJ Nair,DE Bollinger,0,0,,,,,,,,,
1114856,2017/18,2017-12-19,Sydney Showground Stadium,2,18.5,Sydney Thunder,Sydney Sixers,AC Blizzard,AJ Nair,DE Bollinger,1,0,,,,,,,,,
1114856,2017/18,2017-12-19,Sydney Showground Stadium,2,18.6,Sydney Thunder,Sydney Sixers,AJ Nair,AC Blizzard,DE Bollinger,1,0,,,,,,,,,
1114856,2017/18,2017-12-19,Sydney Showground Stadium,2,19.1,Sydney Thunder,Sydney Sixers,AJ Nair,AC Blizzard,SA Abbott,4,0,,,,,,,,,
1114856,2017/18,2017-12-19,Sydney Showground Stadium,2,19.2,Sydney Thunder,Sydney Sixers,AJ Nair,AC Blizzard,SA Abbott,4,0,,,,,,,,,
1114856,2017/18,2017-12-19,Sydney Showground Stadium,2,19.3,Sydney Thunder,Sydney Sixers,AJ Nair,AC Blizzard,SA Abbott,1,0,,,,,,,,,
1114856,2017/18,2017-12-19,Sydney Showground Stadium,2,19.4,Sydney Thunder,Sydney Sixers,AC Blizzard,AJ Nair,SA Abbott,4,0,,,,,,,,,
1114856,2017/18,2017-12-19,Sydney Showground Stadium,2,19.5,Sydney Thunder,Sydney Sixers,AC Blizzard,AJ Nair,SA Abbott,1,0,,,,,,,,,
1114856,2017/18,2017-12-19,Sydney Showground Stadium,2,19.6,Sydney Thunder,Sydney Sixers,AJ Nair,AC Blizzard,SA Abbott,1,0,,,,,,,,,
