match_id,season,start_date,venue,innings,ball,batting_team,bowling_team,striker,non_striker,bowler,runs_off_bat,extras,wides,noballs,byes,legbyes,penalty,wicket_type,player_dismissed,other_wicket_type,other_player_dismissed
1114898,2017/18,2018-02-04,Adelaide Oval,1,0.1,Adelaide Strikers,Hobart Hurricanes,AT Carey,J Weatherald,CA Rose,1,0,,,,,,,,,
1114898,2017/18,2018-02-04,Adelaide Oval,1,0.2,Adelaide Strikers,Hobart Hurricanes,J Weatherald,AT Carey,CA Rose,1,0,,,,,,,,,
1114898,2017/18,2018-02-04,Adelaide Oval,1,0.3,Adelaide Strikers,Hobart Hurricanes,AT Carey,J Weatherald,CA Rose,1,0,,,,,,,,,
1114898,2017/18,2018-02-04,Adelaide Oval,1,0.4,Adelaide Strikers,Hobart Hurricanes,J Weatherald,AT Carey,CA Rose,4,0,,,,,,,,,
1114898,2017/18,2018-02-04,Adelaide Oval,1,0.5,Adelaide Strikers,Hobart Hurricanes,J Weatherald,AT Carey,CA Rose,0,0,,,,,,,,,
1114898,2017/18,2018-02-04,Adelaide Oval,1,0.6,Adelaide Strikers,Hobart Hurricanes,J Weatherald,AT Carey,CA Rose,0,0,,,,,,,,,
1114898,2017/18,2018-02-04,Adelaide Oval,1,1.1,Adelaide Strikers,Hobart Hurricanes,AT Carey,J Weatherald,JC Archer,4,0,,,,,,,,,
1114898,2017/18,2018-02-04,Adelaide Oval,1,1.2,Adelaide Strikers,Hobart Hurricanes,AT Carey,J Weatherald,JC Archer,0,1,1,,,,,,,,
1114898,2017/18,2018-02-04,Adelaide Oval,1,1.3,Adelaide Strikers,Hobart Hurricanes,AT Carey,J Weatherald,JC Archer,0,0,,,,,,,,,
1114898,2017/18,2018-02-04,Adelaide Oval,1,1.4,Adelaide Strikers,Hobart Hurricanes,AT Carey,J Weatherald,JC Archer,0,1,1,,,,,,,,
1114898,2017/18,2018-02-04,Adelaide Oval,1,1.5,Adelaide Strikers,Hobart Hurricanes,AT Carey,J Weatherald,JC Archer,1,0,,,,,,,,,
1114898,2017/18,2018-02-04,Adelaide Oval,1,1.6,Adelaide Strikers,Hobart Hurricanes,J Weatherald,AT Carey,JC Archer,1,0,,,,,,,,,
1114898,2017/18,2018-02-04,Adelaide Oval,1,1.7,Adelaide Strikers,Hobart Hurricanes,AT Carey,J Weatherald,JC Archer,0,0,,,,,,,,,
1114898,2017/18,2018-02-04,Adelaide Oval,1,1.8,Adelaide Strikers,Hobart Hurricanes,AT Carey,J Weatherald,JC Archer,0,0,,,,,,,,,
1114898,2017/18,2018-02-04,Adelaide Oval,1,2.1,Adelaide Strikers,Hobart Hurricanes,J Weatherald,AT Carey,TS Rogers,1,0,,,,,,,,,
1114898,2017/18,2018-02-04,Adelaide Oval,1,2.2,Adelaide Strikers,Hobart Hurricanes,AT Carey,J Weatherald,TS Rogers,1,0,,,,,,,,,
1114898,2017/18,2018-02-04,Adelaide Oval,1,2.3,Adelaide Strikers,Hobart Hurricanes,J Weatherald,AT Carey,TS Rogers,0,0,,,,,,,,,
1114898,2017/18,2018-02-04,Adelaide Oval,1,2.4,Adelaide Strikers,Hobart Hurricanes,J Weatherald,AT Carey,TS Rogers,4,0,,,,,,,,,
1114898,2017/18,2018-02-04,Adelaide Oval,1,2.5,Adelaide Strikers,Hobart Hurricanes,J Weatherald,AT Carey,TS Rogers,1,0,,,,,,,,,
1114898,2017/18,2018-02-04,Adelaide Oval,1,2.6,Adelaide Strikers,Hobart Hurricanes,AT Carey,J Weatherald,TS Rogers,1,0,,,,,,,,,
1114898,2017/18,2018-02-04,Adelaide Oval,1,3.1,Adelaide Strikers,Hobart Hurricanes,AT Carey,J Weatherald,RP Meredith,4,0,,,,,,,,,
1114898,2017/18,2018-02-04,Adelaide Oval,1,3.2,Adelaide Strikers,Hobart Hurricanes,AT Carey,J Weatherald,RP Meredith,0,0,,,,,,,,,
1114898,2017/18,2018-02-04,Adelaide Oval,1,3.3,Adelaide Strikers,Hobart Hurricanes,AT Carey,J Weatherald,RP Meredith,1,0,,,,,,,,,
1114898,2017/18,2018-02-04,Adelaide Oval,1,3.4,Adelaide Strikers,Hobart Hurricanes,J Weatherald,AT Carey,RP Meredith,0,0,,,,,,,,,
1114898,2017/18,2018-02-04,Adelaide Oval,1,3.5,Adelaide Strikers,Hobart Hurricanes,J Weatherald,AT Carey,RP Meredith,0,1,1,,,,,,,,
1114898,2017/18,2018-02-04,Adelaide Oval,1,3.6,Adelaide Strikers,Hobart Hurricanes,J Weatherald,AT Carey,RP Meredith,1,0,,,,,,,,,
1114898,2017/18,2018-02-04,Adelaide Oval,1,3.7,Adelaide Strikers,Hobart Hurricanes,AT Carey,J Weatherald,RP Meredith,0,0,,,,,,,,,
1114898,2017/18,2018-02-04,Adelaide Oval,1,4.1,Adelaide Strikers,Hobart Hurricanes,J Weatherald,AT Carey,JC Archer,0,0,,,,,,,,,
1114898,2017/18,2018-02-04,Adelaide Oval,1,4.2,Adelaide Strikers,Hobart Hurricanes,J Weatherald,AT Carey,JC Archer,6,0,,,,,,,,,
1114898,2017/18,2018-02-04,Adelaide Oval,1,4.3,Adelaide Strikers,Hobart Hurricanes,J Weatherald,AT Carey,JC Archer,1,0,,,,,,,,,
1114898,2017/18,2018-02-04,Adelaide Oval,1,4.4,Adelaide Strikers,Hobart Hurricanes,AT Carey,J Weatherald,JC Archer,4,0,,,,,,,,,
1114898,2017/18,2018-02-04,Adelaide Oval,1,4.5,Adelaide Strikers,Hobart Hurricanes,AT Carey,J Weatherald,JC Archer,0,0,,,,,,,,,
1114898,2017/18,2018-02-04,Adelaide Oval,1,4.6,Adelaide Strikers,Hobart Hurricanes,AT Carey,J Weatherald,JC Archer,0,0,,,,,,bowled,AT Carey,,
1114898,2017/18,2018-02-04,Adelaide Oval,1,5.1,Adelaide Strikers,Hobart Hurricanes,J Weatherald,TM Head,RP Meredith,0,0,,,,,,,,,
1114898,2017/18,2018-02-04,Adelaide Oval,1,5.2,Adelaide Strikers,Hobart Hurricanes,J Weatherald,TM Head,RP Meredith,0,0,,,,,,,,,
1114898,2017/18,2018-02-04,Adelaide Oval,1,5.3,Adelaide Strikers,Hobart Hurricanes,J Weatherald,TM Head,RP Meredith,0,1,,,,1,,,,,
1114898,2017/18,2018-02-04,Adelaide Oval,1,5.4,Adelaide Strikers,Hobart Hurricanes,TM Head,J Weatherald,RP Meredith,1,0,,,,,,,,,
1114898,2017/18,2018-02-04,Adelaide Oval,1,5.5,Adelaide Strikers,Hobart Hurricanes,J Weatherald,TM Head,RP Meredith,4,0,,,,,,,,,
1114898,2017/18,2018-02-04,Adelaide Oval,1,5.6,Adelaide Strikers,Hobart Hurricanes,J Weatherald,TM Head,RP Meredith,6,0,,,,,,,,,
1114898,2017/18,2018-02-04,Adelaide Oval,1,6.1,Adelaide Strikers,Hobart Hurricanes,TM Head,J Weatherald,DJM Short,1,0,,,,,,,,,
1114898,2017/18,2018-02-04,Adelaide Oval,1,6.2,Adelaide Strikers,Hobart Hurricanes,J Weatherald,TM Head,DJM Short,0,0,,,,,,,,,
1114898,2017/18,2018-02-04,Adelaide Oval,1,6.3,Adelaide Strikers,Hobart Hurricanes,J Weatherald,TM Head,DJM Short,1,0,,,,,,,,,
1114898,2017/18,2018-02-04,Adelaide Oval,1,6.4,Adelaide Strikers,Hobart Hurricanes,TM Head,J Weatherald,DJM Short,0,0,,,,,,,,,
1114898,2017/18,2018-02-04,Adelaide Oval,1,6.5,Adelaide Strikers,Hobart Hurricanes,TM Head,J Weatherald,DJM Short,1,0,,,,,,,,,
1114898,2017/18,2018-02-04,Adelaide Oval,1,6.6,Adelaide Strikers,Hobart Hurricanes,J Weatherald,TM Head,DJM Short,1,0,,,,,,,,,
1114898,2017/18,2018-02-04,Adelaide Oval,1,7.1,Adelaide Strikers,Hobart Hurricanes,J Weatherald,TM Head,DT Christian,6,0,,,,,,,,,
1114898,2017/18,2018-02-04,Adelaide Oval,1,7.2,Adelaide Strikers,Hobart Hurricanes,J Weatherald,TM Head,DT Christian,4,0,,,,,,,,,
1114898,2017/18,2018-02-04,Adelaide Oval,1,7.3,Adelaide Strikers,Hobart Hurricanes,J Weatherald,TM Head,DT Christian,6,0,,,,,,,,,
1114898,2017/18,2018-02-04,Adelaide Oval,1,7.4,Adelaide Strikers,Hobart Hurricanes,J Weatherald,TM Head,DT Christian,0,0,,,,,,,,,
1114898,2017/18,2018-02-04,Adelaide Oval,1,7.5,Adelaide Strikers,Hobart Hurricanes,J Weatherald,TM Head,DT Christian,0,0,,,,,,,,,
1114898,2017/18,2018-02-04,Adelaide Oval,1,7.6,Adelaide Strikers,Hobart Hurricanes,J Weatherald,TM Head,DT Christian,1,0,,,,,,,,,
1114898,2017/18,2018-02-04,Adelaide Oval,1,8.1,Adelaide Strikers,Hobart Hurricanes,J Weatherald,TM Head,DJM Short,6,0,,,,,,,,,
1114898,2017/18,2018-02-04,Adelaide Oval,1,8.2,Adelaide Strikers,Hobart Hurricanes,J Weatherald,TM Head,DJM Short,0,0,,,,,,,,,
1114898,2017/18,2018-02-04,Adelaide Oval,1,8.3,Adelaide Strikers,Hobart Hurricanes,J Weatherald,TM Head,DJM Short,0,0,,,,,,,,,
1114898,2017/18,2018-02-04,Adelaide Oval,1,8.4,Adelaide Strikers,Hobart Hurricanes,J Weatherald,TM Head,DJM Short,2,0,,,,,,,,,
1114898,2017/18,2018-02-04,Adelaide Oval,1,8.5,Adelaide Strikers,Hobart Hurricanes,J Weatherald,TM Head,DJM Short,6,0,,,,,,,,,
1114898,2017/18,2018-02-04,Adelaide Oval,1,8.6,Adelaide Strikers,Hobart Hurricanes,J Weatherald,TM Head,DJM Short,0,1,1,,,,,,,,
1114898,2017/18,2018-02-04,Adelaide Oval,1,8.7,Adelaide Strikers,Hobart Hurricanes,J Weatherald,TM Head,DJM Short,1,0,,,,,,,,,
1114898,2017/18,2018-02-04,Adelaide Oval,1,9.1,Adelaide Strikers,Hobart Hurricanes,J Weatherald,TM Head,TS Rogers,0,0,,,,,,,,,
1114898,2017/18,2018-02-04,Adelaide Oval,1,9.2,Adelaide Strikers,Hobart Hurricanes,J Weatherald,TM Head,TS Rogers,1,0,,,,,,,,,
1114898,2017/18,2018-02-04,Adelaide Oval,1,9.3,Adelaide Strikers,Hobart Hurricanes,TM Head,J Weatherald,TS Rogers,2,0,,,,,,,,,
1114898,2017/18,2018-02-04,Adelaide Oval,1,9.4,Adelaide Strikers,Hobart Hurricanes,TM Head,J Weatherald,TS Rogers,0,0,,,,,,,,,
1114898,2017/18,2018-02-04,Adelaide Oval,1,9.5,Adelaide Strikers,Hobart Hurricanes,TM Head,J Weatherald,TS Rogers,0,0,,,,,,,,,
1114898,2017/18,2018-02-04,Adelaide Oval,1,9.6,Adelaide Strikers,Hobart Hurricanes,TM Head,J Weatherald,TS Rogers,3,0,,,,,,,,,
1114898,2017/18,2018-02-04,Adelaide Oval,1,10.1,Adelaide Strikers,Hobart Hurricanes,TM Head,J Weatherald,CA Rose,1,0,,,,,,,,,
1114898,2017/18,2018-02-04,Adelaide Oval,1,10.2,Adelaide Strikers,Hobart Hurricanes,J Weatherald,TM Head,CA Rose,1,0,,,,,,,,,
1114898,2017/18,2018-02-04,Adelaide Oval,1,10.3,Adelaide Strikers,Hobart Hurricanes,TM Head,J Weatherald,CA Rose,1,0,,,,,,,,,
1114898,2017/18,2018-02-04,Adelaide Oval,1,10.4,Adelaide Strikers,Hobart Hurricanes,J Weatherald,TM Head,CA Rose,1,0,,,,,,,,,
1114898,2017/18,2018-02-04,Adelaide Oval,1,10.5,Adelaide Strikers,Hobart Hurricanes,TM Head,J Weatherald,CA Rose,2,0,,,,,,,,,
1114898,2017/18,2018-02-04,Adelaide Oval,1,10.6,Adelaide Strikers,Hobart Hurricanes,TM Head,J Weatherald,CA Rose,2,0,,,,,,,,,
1114898,2017/18,2018-02-04,Adelaide Oval,1,11.1,Adelaide Strikers,Hobart Hurricanes,J Weatherald,TM Head,RP Meredith,0,0,,,,,,,,,
1114898,2017/18,2018-02-04,Adelaide Oval,1,11.2,Adelaide Strikers,Hobart Hurricanes,J Weatherald,TM Head,RP Meredith,6,0,,,,,,,,,
1114898,2017/18,2018-02-04,Adelaide Oval,1,11.3,Adelaide Strikers,Hobart Hurricanes,J Weatherald,TM Head,RP Meredith,4,0,,,,,,,,,
1114898,2017/18,2018-02-04,Adelaide Oval,1,11.4,Adelaide Strikers,Hobart Hurricanes,J Weatherald,TM Head,RP Meredith,0,0,,,,,,,,,
1114898,2017/18,2018-02-04,Adelaide Oval,1,11.5,Adelaide Strikers,Hobart Hurricanes,J Weatherald,TM Head,RP Meredith,4,0,,,,,,,,,
1114898,2017/18,2018-02-04,Adelaide Oval,1,11.6,Adelaide Strikers,Hobart Hurricanes,J Weatherald,TM Head,RP Meredith,0,1,1,,,,,,,,
1114898,2017/18,2018-02-04,Adelaide Oval,1,11.7,Adelaide Strikers,Hobart Hurricanes,J Weatherald,TM Head,RP Meredith,1,0,,,,,,,,,
1114898,2017/18,2018-02-04,Adelaide Oval,1,12.1,Adelaide Strikers,Hobart Hurricanes,J Weatherald,TM Head,DT Christian,1,0,,,,,,,,,
1114898,2017/18,2018-02-04,Adelaide Oval,1,12.2,Adelaide Strikers,Hobart Hurricanes,TM Head,J Weatherald,DT Christian,1,0,,,,,,,,,
1114898,2017/18,2018-02-04,Adelaide Oval,1,12.3,Adelaide Strikers,Hobart Hurricanes,J Weatherald,TM Head,DT Christian,0,0,,,,,,,,,
1114898,2017/18,2018-02-04,Adelaide Oval,1,12.4,Adelaide Strikers,Hobart Hurricanes,J Weatherald,TM Head,DT Christian,1,0,,,,,,,,,
1114898,2017/18,2018-02-04,Adelaide Oval,1,12.5,Adelaide Strikers,Hobart Hurricanes,TM Head,J Weatherald,DT Christian,2,0,,,,,,,,,
1114898,2017/18,2018-02-04,Adelaide Oval,1,12.6,Adelaide Strikers,Hobart Hurricanes,TM Head,J Weatherald,DT Christian,4,0,,,,,,,,,
1114898,2017/18,2018-02-04,Adelaide Oval,1,13.1,Adelaide Strikers,Hobart Hurricanes,J Weatherald,TM Head,TS Rogers,0,0,,,,,,,,,
1114898,2017/18,2018-02-04,Adelaide Oval,1,13.2,Adelaide Strikers,Hobart Hurricanes,J Weatherald,TM Head,TS Rogers,0,0,,,,,,,,,
1114898,2017/18,2018-02-04,Adelaide Oval,1,13.3,Adelaide Strikers,Hobart Hurricanes,J Weatherald,TM Head,TS Rogers,0,0,,,,,,,,,
1114898,2017/18,2018-02-04,Adelaide Oval,1,13.4,Adelaide Strikers,Hobart Hurricanes,J Weatherald,TM Head,TS Rogers,2,0,,,,,,,,,
1114898,2017/18,2018-02-04,Adelaide Oval,1,13.5,Adelaide Strikers,Hobart Hurricanes,J Weatherald,TM Head,TS Rogers,1,0,,,,,,,,,
1114898,2017/18,2018-02-04,Adelaide Oval,1,13.6,Adelaide Strikers,Hobart Hurricanes,TM Head,J Weatherald,TS Rogers,4,0,,,,,,,,,
1114898,2017/18,2018-02-04,Adelaide Oval,1,14.1,Adelaide Strikers,Hobart Hurricanes,J Weatherald,TM Head,CA Rose,0,0,,,,,,,,,
1114898,2017/18,2018-02-04,Adelaide Oval,1,14.2,Adelaide Strikers,Hobart Hurricanes,J Weatherald,TM Head,CA Rose,1,0,,,,,,,,,
1114898,2017/18,2018-02-04,Adelaide Oval,1,14.3,Adelaide Strikers,Hobart Hurricanes,TM Head,J Weatherald,CA Rose,6,0,,,,,,,,,
1114898,2017/18,2018-02-04,Adelaide Oval,1,14.4,Adelaide Strikers,Hobart Hurricanes,TM Head,J Weatherald,CA Rose,1,0,,,,,,,,,
1114898,2017/18,2018-02-04,Adelaide Oval,1,14.5,Adelaide Strikers,Hobart Hurricanes,J Weatherald,TM Head,CA Rose,6,0,,,,,,,,,
1114898,2017/18,2018-02-04,Adelaide Oval,1,14.6,Adelaide Strikers,Hobart Hurricanes,J Weatherald,TM Head,CA Rose,1,0,,,,,,,,,
1114898,2017/18,2018-02-04,Adelaide Oval,1,15.1,Adelaide Strikers,Hobart Hurricanes,J Weatherald,TM Head,TS Rogers,4,0,,,,,,,,,
1114898,2017/18,2018-02-04,Adelaide Oval,1,15.2,Adelaide Strikers,Hobart Hurricanes,J Weatherald,TM Head,TS Rogers,2,0,,,,,,,,,
1114898,2017/18,2018-02-04,Adelaide Oval,1,15.3,Adelaide Strikers,Hobart Hurricanes,J Weatherald,TM Head,TS Rogers,0,0,,,,,,,,,
1114898,2017/18,2018-02-04,Adelaide Oval,1,15.4,Adelaide Strikers,Hobart Hurricanes,J Weatherald,TM Head,TS Rogers,1,0,,,,,,,,,
1114898,2017/18,2018-02-04,Adelaide Oval,1,15.5,Adelaide Strikers,Hobart Hurricanes,TM Head,J Weatherald,TS Rogers,1,0,,,,,,,,,
1114898,2017/18,2018-02-04,Adelaide Oval,1,15.6,Adelaide Strikers,Hobart Hurricanes,J Weatherald,TM Head,TS Rogers,1,0,,,,,,,,,
1114898,2017/18,2018-02-04,Adelaide Oval,1,16.1,Adelaide Strikers,Hobart Hurricanes,J Weatherald,TM Head,DT Christian,1,0,,,,,,,,,
1114898,2017/18,2018-02-04,Adelaide Oval,1,16.2,Adelaide Strikers,Hobart Hurricanes,TM Head,J Weatherald,DT Christian,2,0,,,,,,,,,
1114898,2017/18,2018-02-04,Adelaide Oval,1,16.3,Adelaide Strikers,Hobart Hurricanes,TM Head,J Weatherald,DT Christian,1,0,,,,,,,,,
1114898,2017/18,2018-02-04,Adelaide Oval,1,16.4,Adelaide Strikers,Hobart Hurricanes,J Weatherald,TM Head,DT Christian,0,0,,,,,,,,,
1114898,2017/18,2018-02-04,Adelaide Oval,1,16.5,Adelaide Strikers,Hobart Hurricanes,J Weatherald,TM Head,DT Christian,0,0,,,,,,,,,
1114898,2017/18,2018-02-04,Adelaide Oval,1,16.6,Adelaide Strikers,Hobart Hurricanes,J Weatherald,TM Head,DT Christian,2,0,,,,,,,,,
1114898,2017/18,2018-02-04,Adelaide Oval,1,17.1,Adelaide Strikers,Hobart Hurricanes,TM Head,J Weatherald,JC Archer,2,1,,1,,,,,,,
1114898,2017/18,2018-02-04,Adelaide Oval,1,17.2,Adelaide Strikers,Hobart Hurricanes,TM Head,J Weatherald,JC Archer,1,0,,,,,,,,,
1114898,2017/18,2018-02-04,Adelaide Oval,1,17.3,Adelaide Strikers,Hobart Hurricanes,J Weatherald,TM Head,JC Archer,4,0,,,,,,,,,
1114898,2017/18,2018-02-04,Adelaide Oval,1,17.4,Adelaide Strikers,Hobart Hurricanes,J Weatherald,TM Head,JC Archer,4,0,,,,,,,,,
1114898,2017/18,2018-02-04,Adelaide Oval,1,17.5,Adelaide Strikers,Hobart Hurricanes,J Weatherald,TM Head,JC Archer,1,0,,,,,,,,,
1114898,2017/18,2018-02-04,Adelaide Oval,1,17.6,Adelaide Strikers,Hobart Hurricanes,TM Head,J Weatherald,JC Archer,1,0,,,,,,,,,
1114898,2017/18,2018-02-04,Adelaide Oval,1,17.7,Adelaide Strikers,Hobart Hurricanes,J Weatherald,TM Head,JC Archer,0,0,,,,,,,,,
1114898,2017/18,2018-02-04,Adelaide Oval,1,18.1,Adelaide Strikers,Hobart Hurricanes,TM Head,J Weatherald,DT Christian,0,1,,,,1,,,,,
1114898,2017/18,2018-02-04,Adelaide Oval,1,18.2,Adelaide Strikers,Hobart Hurricanes,J Weatherald,TM Head,DT Christian,0,0,,,,,,caught,J Weatherald,,
1114898,2017/18,2018-02-04,Adelaide Oval,1,18.3,Adelaide Strikers,Hobart Hurricanes,TM Head,CA Ingram,DT Christian,1,0,,,,,,,,,
1114898,2017/18,2018-02-04,Adelaide Oval,1,18.4,Adelaide Strikers,Hobart Hurricanes,CA Ingram,TM Head,DT Christian,0,1,1,,,,,,,,
1114898,2017/18,2018-02-04,Adelaide Oval,1,18.5,Adelaide Strikers,Hobart Hurricanes,CA Ingram,TM Head,DT Christian,2,0,,,,,,,,,
1114898,2017/18,2018-02-04,Adelaide Oval,1,18.6,Adelaide Strikers,Hobart Hurricanes,CA Ingram,TM Head,DT Christian,1,0,,,,,,,,,
1114898,2017/18,2018-02-04,Adelaide Oval,1,18.7,Adelaide Strikers,Hobart Hurricanes,TM Head,CA Ingram,DT Christian,1,0,,,,,,,,,
1114898,2017/18,2018-02-04,Adelaide Oval,1,19.1,Adelaide Strikers,Hobart Hurricanes,TM Head,CA Ingram,JC Archer,1,0,,,,,,,,,
1114898,2017/18,2018-02-04,Adelaide Oval,1,19.2,Adelaide Strikers,Hobart Hurricanes,CA Ingram,TM Head,JC Archer,1,0,,,,,,,,,
1114898,2017/18,2018-02-04,Adelaide Oval,1,19.3,Adelaide Strikers,Hobart Hurricanes,TM Head,CA Ingram,JC Archer,1,0,,,,,,,,,
1114898,2017/18,2018-02-04,Adelaide Oval,1,19.4,Adelaide Strikers,Hobart Hurricanes,CA Ingram,TM Head,JC Archer,6,0,,,,,,,,,
1114898,2017/18,2018-02-04,Adelaide Oval,1,19.5,Adelaide Strikers,Hobart Hurricanes,CA Ingram,TM Head,JC Archer,4,0,,,,,,,,,
1114898,2017/18,2018-02-04,Adelaide Oval,1,19.6,Adelaide Strikers,Hobart Hurricanes,CA Ingram,TM Head,JC Archer,0,2,,,,2,,,,,
1114898,2017/18,2018-02-04,Adelaide Oval,2,0.1,Hobart Hurricanes,Adelaide Strikers,TD Paine,DJM Short,TM Head,1,0,,,,,,,,,
1114898,2017/18,2018-02-04,Adelaide Oval,2,0.2,Hobart Hurricanes,Adelaide Strikers,DJM Short,TD Paine,TM Head,1,0,,,,,,,,,
1114898,2017/18,2018-02-04,Adelaide Oval,2,0.3,Hobart Hurricanes,Adelaide Strikers,TD Paine,DJM Short,TM Head,4,0,,,,,,,,,
1114898,2017/18,2018-02-04,Adelaide Oval,2,0.4,Hobart Hurricanes,Adelaide Strikers,TD Paine,DJM Short,TM Head,0,0,,,,,,,,,
1114898,2017/18,2018-02-04,Adelaide Oval,2,0.5,Hobart Hurricanes,Adelaide Strikers,TD Paine,DJM Short,TM Head,0,0,,,,,,caught,TD Paine,,
1114898,2017/18,2018-02-04,Adelaide Oval,2,0.6,Hobart Hurricanes,Adelaide Strikers,GJ Bailey,DJM Short,TM Head,1,0,,,,,,,,,
1114898,2017/18,2018-02-04,Adelaide Oval,2,1.1,Hobart Hurricanes,Adelaide Strikers,GJ Bailey,DJM Short,MG Neser,4,0,,,,,,,,,
1114898,2017/18,2018-02-04,Adelaide Oval,2,1.2,Hobart Hurricanes,Adelaide Strikers,GJ Bailey,DJM Short,MG Neser,0,0,,,,,,,,,
1114898,2017/18,2018-02-04,Adelaide Oval,2,1.3,Hobart Hurricanes,Adelaide Strikers,GJ Bailey,DJM Short,MG Neser,2,0,,,,,,,,,
1114898,2017/18,2018-02-04,Adelaide Oval,2,1.4,Hobart Hurricanes,Adelaide Strikers,GJ Bailey,DJM Short,MG Neser,1,0,,,,,,,,,
1114898,2017/18,2018-02-04,Adelaide Oval,2,1.5,Hobart Hurricanes,Adelaide Strikers,DJM Short,GJ Bailey,MG Neser,4,0,,,,,,,,,
1114898,2017/18,2018-02-04,Adelaide Oval,2,1.6,Hobart Hurricanes,Adelaide Strikers,DJM Short,GJ Bailey,MG Neser,0,0,,,,,,,,,
1114898,2017/18,2018-02-04,Adelaide Oval,2,2.1,Hobart Hurricanes,Adelaide Strikers,GJ Bailey,DJM Short,TM Head,0,1,1,,,,,,,,
1114898,2017/18,2018-02-04,Adelaide Oval,2,2.2,Hobart Hurricanes,Adelaide Strikers,GJ Bailey,DJM Short,TM Head,6,0,,,,,,,,,
1114898,2017/18,2018-02-04,Adelaide Oval,2,2.3,Hobart Hurricanes,Adelaide Strikers,GJ Bailey,DJM Short,TM Head,2,0,,,,,,,,,
1114898,2017/18,2018-02-04,Adelaide Oval,2,2.4,Hobart Hurricanes,Adelaide Strikers,GJ Bailey,DJM Short,TM Head,0,0,,,,,,,,,
1114898,2017/18,2018-02-04,Adelaide Oval,2,2.5,Hobart Hurricanes,Adelaide Strikers,GJ Bailey,DJM Short,TM Head,0,0,,,,,,,,,
1114898,2017/18,2018-02-04,Adelaide Oval,2,2.6,Hobart Hurricanes,Adelaide Strikers,GJ Bailey,DJM Short,TM Head,6,0,,,,,,,,,
1114898,2017/18,2018-02-04,Adelaide Oval,2,2.7,Hobart Hurricanes,Adelaide Strikers,GJ Bailey,DJM Short,TM Head,1,0,,,,,,,,,
1114898,2017/18,2018-02-04,Adelaide Oval,2,3.1,Hobart Hurricanes,Adelaide Strikers,GJ Bailey,DJM Short,MG Neser,1,0,,,,,,,,,
1114898,2017/18,2018-02-04,Adelaide Oval,2,3.2,Hobart Hurricanes,Adelaide Strikers,DJM Short,GJ Bailey,MG Neser,4,0,,,,,,,,,
1114898,2017/18,2018-02-04,Adelaide Oval,2,3.3,Hobart Hurricanes,Adelaide Strikers,DJM Short,GJ Bailey,MG Neser,0,0,,,,,,,,,
1114898,2017/18,2018-02-04,Adelaide Oval,2,3.4,Hobart Hurricanes,Adelaide Strikers,DJM Short,GJ Bailey,MG Neser,1,0,,,,,,,,,
1114898,2017/18,2018-02-04,Adelaide Oval,2,3.5,Hobart Hurricanes,Adelaide Strikers,GJ Bailey,DJM Short,MG Neser,0,0,,,,,,,,,
1114898,2017/18,2018-02-04,Adelaide Oval,2,3.6,Hobart Hurricanes,Adelaide Strikers,GJ Bailey,DJM Short,MG Neser,0,0,,,,,,,,,
1114898,2017/18,2018-02-04,Adelaide Oval,2,4.1,Hobart Hurricanes,Adelaide Strikers,DJM Short,GJ Bailey,B Laughlin,0,0,,,,,,,,,
1114898,2017/18,2018-02-04,Adelaide Oval,2,4.2,Hobart Hurricanes,Adelaide Strikers,DJM Short,GJ Bailey,B Laughlin,0,0,,,,,,,,,
1114898,2017/18,2018-02-04,Adelaide Oval,2,4.3,Hobart Hurricanes,Adelaide Strikers,DJM Short,GJ Bailey,B Laughlin,0,1,1,,,,,,,,
1114898,2017/18,2018-02-04,Adelaide Oval,2,4.4,Hobart Hurricanes,Adelaide Strikers,DJM Short,GJ Bailey,B Laughlin,4,0,,,,,,,,,
1114898,2017/18,2018-02-04,Adelaide Oval,2,4.5,Hobart Hurricanes,Adelaide Strikers,DJM Short,GJ Bailey,B Laughlin,4,0,,,,,,,,,
1114898,2017/18,2018-02-04,Adelaide Oval,2,4.6,Hobart Hurricanes,Adelaide Strikers,DJM Short,GJ Bailey,B Laughlin,1,0,,,,,,,,,
1114898,2017/18,2018-02-04,Adelaide Oval,2,4.7,Hobart Hurricanes,Adelaide Strikers,GJ Bailey,DJM Short,B Laughlin,2,0,,,,,,,,,
1114898,2017/18,2018-02-04,Adelaide Oval,2,5.1,Hobart Hurricanes,Adelaide Strikers,DJM Short,GJ Bailey,PM Siddle,0,1,1,,,,,,,,
1114898,2017/18,2018-02-04,Adelaide Oval,2,5.2,Hobart Hurricanes,Adelaide Strikers,DJM Short,GJ Bailey,PM Siddle,1,0,,,,,,,,,
1114898,2017/18,2018-02-04,Adelaide Oval,2,5.3,Hobart Hurricanes,Adelaide Strikers,GJ Bailey,DJM Short,PM Siddle,0,0,,,,,,,,,
1114898,2017/18,2018-02-04,Adelaide Oval,2,5.4,Hobart Hurricanes,Adelaide Strikers,GJ Bailey,DJM Short,PM Siddle,4,0,,,,,,,,,
1114898,2017/18,2018-02-04,Adelaide Oval,2,5.5,Hobart Hurricanes,Adelaide Strikers,GJ Bailey,DJM Short,PM Siddle,1,0,,,,,,,,,
1114898,2017/18,2018-02-04,Adelaide Oval,2,5.6,Hobart Hurricanes,Adelaide Strikers,DJM Short,GJ Bailey,PM Siddle,0,0,,,,,,,,,
1114898,2017/18,2018-02-04,Adelaide Oval,2,5.7,Hobart Hurricanes,Adelaide Strikers,DJM Short,GJ Bailey,PM Siddle,0,1,,,,1,,,,,
1114898,2017/18,2018-02-04,Adelaide Oval,2,6.1,Hobart Hurricanes,Adelaide Strikers,DJM Short,GJ Bailey,TM Head,1,0,,,,,,,,,
1114898,2017/18,2018-02-04,Adelaide Oval,2,6.2,Hobart Hurricanes,Adelaide Strikers,GJ Bailey,DJM Short,TM Head,2,0,,,,,,,,,
1114898,2017/18,2018-02-04,Adelaide Oval,2,6.3,Hobart Hurricanes,Adelaide Strikers,GJ Bailey,DJM Short,TM Head,2,0,,,,,,,,,
1114898,2017/18,2018-02-04,Adelaide Oval,2,6.4,Hobart Hurricanes,Adelaide Strikers,GJ Bailey,DJM Short,TM Head,1,0,,,,,,,,,
1114898,2017/18,2018-02-04,Adelaide Oval,2,6.5,Hobart Hurricanes,Adelaide Strikers,DJM Short,GJ Bailey,TM Head,0,1,,,,1,,,,,
1114898,2017/18,2018-02-04,Adelaide Oval,2,6.6,Hobart Hurricanes,Adelaide Strikers,GJ Bailey,DJM Short,TM Head,1,0,,,,,,,,,
1114898,2017/18,2018-02-04,Adelaide Oval,2,7.1,Hobart Hurricanes,Adelaide Strikers,GJ Bailey,DJM Short,LN O'Connor,0,0,,,,,,,,,
1114898,2017/18,2018-02-04,Adelaide Oval,2,7.2,Hobart Hurricanes,Adelaide Strikers,GJ Bailey,DJM Short,LN O'Connor,0,0,,,,,,,,,
1114898,2017/18,2018-02-04,Adelaide Oval,2,7.3,Hobart Hurricanes,Adelaide Strikers,GJ Bailey,DJM Short,LN O'Connor,1,0,,,,,,,,,
1114898,2017/18,2018-02-04,Adelaide Oval,2,7.4,Hobart Hurricanes,Adelaide Strikers,DJM Short,GJ Bailey,LN O'Connor,1,0,,,,,,,,,
1114898,2017/18,2018-02-04,Adelaide Oval,2,7.5,Hobart Hurricanes,Adelaide Strikers,GJ Bailey,DJM Short,LN O'Connor,1,0,,,,,,,,,
1114898,2017/18,2018-02-04,Adelaide Oval,2,7.6,Hobart Hurricanes,Adelaide Strikers,DJM Short,GJ Bailey,LN O'Connor,1,0,,,,,,,,,
1114898,2017/18,2018-02-04,Adelaide Oval,2,8.1,Hobart Hurricanes,Adelaide Strikers,DJM Short,GJ Bailey,MG Neser,1,0,,,,,,,,,
1114898,2017/18,2018-02-04,Adelaide Oval,2,8.2,Hobart Hurricanes,Adelaide Strikers,GJ Bailey,DJM Short,MG Neser,1,0,,,,,,,,,
1114898,2017/18,2018-02-04,Adelaide Oval,2,8.3,Hobart Hurricanes,Adelaide Strikers,DJM Short,GJ Bailey,MG Neser,0,1,,,,1,,,,,
1114898,2017/18,2018-02-04,Adelaide Oval,2,8.4,Hobart Hurricanes,Adelaide Strikers,GJ Bailey,DJM Short,MG Neser,1,0,,,,,,,,,
1114898,2017/18,2018-02-04,Adelaide Oval,2,8.5,Hobart Hurricanes,Adelaide Strikers,DJM Short,GJ Bailey,MG Neser,1,0,,,,,,,,,
1114898,2017/18,2018-02-04,Adelaide Oval,2,8.6,Hobart Hurricanes,Adelaide Strikers,GJ Bailey,DJM Short,MG Neser,1,0,,,,,,,,,
1114898,2017/18,2018-02-04,Adelaide Oval,2,9.1,Hobart Hurricanes,Adelaide Strikers,GJ Bailey,DJM Short,LN O'Connor,1,0,,,,,,,,,
1114898,2017/18,2018-02-04,Adelaide Oval,2,9.2,Hobart Hurricanes,Adelaide Strikers,DJM Short,GJ Bailey,LN O'Connor,4,0,,,,,,,,,
1114898,2017/18,2018-02-04,Adelaide Oval,2,9.3,Hobart Hurricanes,Adelaide Strikers,DJM Short,GJ Bailey,LN O'Connor,1,0,,,,,,,,,
1114898,2017/18,2018-02-04,Adelaide Oval,2,9.4,Hobart Hurricanes,Adelaide Strikers,GJ Bailey,DJM Short,LN O'Connor,1,0,,,,,,,,,
1114898,2017/18,2018-02-04,Adelaide Oval,2,9.5,Hobart Hurricanes,Adelaide Strikers,DJM Short,GJ Bailey,LN O'Connor,0,0,,,,,,,,,
1114898,2017/18,2018-02-04,Adelaide Oval,2,9.6,Hobart Hurricanes,Adelaide Strikers,DJM Short,GJ Bailey,LN O'Connor,0,0,,,,,,,,,
1114898,2017/18,2018-02-04,Adelaide Oval,2,10.1,Hobart Hurricanes,Adelaide Strikers,GJ Bailey,DJM Short,PM Siddle,2,0,,,,,,,,,
1114898,2017/18,2018-02-04,Adelaide Oval,2,10.2,Hobart Hurricanes,Adelaide Strikers,GJ Bailey,DJM Short,PM Siddle,0,0,,,,,,caught,GJ Bailey,,
1114898,2017/18,2018-02-04,Adelaide Oval,2,10.3,Hobart Hurricanes,Adelaide Strikers,DJM Short,BR McDermott,PM Siddle,1,0,,,,,,,,,
1114898,2017/18,2018-02-04,Adelaide Oval,2,10.4,Hobart Hurricanes,Adelaide Strikers,BR McDermott,DJM Short,PM Siddle,0,0,,,,,,,,,
1114898,2017/18,2018-02-04,Adelaide Oval,2,10.5,Hobart Hurricanes,Adelaide Strikers,BR McDermott,DJM Short,PM Siddle,1,0,,,,,,,,,
1114898,2017/18,2018-02-04,Adelaide Oval,2,10.6,Hobart Hurricanes,Adelaide Strikers,DJM Short,BR McDermott,PM Siddle,1,0,,,,,,,,,
1114898,2017/18,2018-02-04,Adelaide Oval,2,11.1,Hobart Hurricanes,Adelaide Strikers,DJM Short,BR McDermott,LN O'Connor,1,0,,,,,,,,,
1114898,2017/18,2018-02-04,Adelaide Oval,2,11.2,Hobart Hurricanes,Adelaide Strikers,BR McDermott,DJM Short,LN O'Connor,1,0,,,,,,,,,
1114898,2017/18,2018-02-04,Adelaide Oval,2,11.3,Hobart Hurricanes,Adelaide Strikers,DJM Short,BR McDermott,LN O'Connor,0,0,,,,,,,,,
1114898,2017/18,2018-02-04,Adelaide Oval,2,11.4,Hobart Hurricanes,Adelaide Strikers,DJM Short,BR McDermott,LN O'Connor,1,0,,,,,,,,,
1114898,2017/18,2018-02-04,Adelaide Oval,2,11.5,Hobart Hurricanes,Adelaide Strikers,BR McDermott,DJM Short,LN O'Connor,2,0,,,,,,,,,
1114898,2017/18,2018-02-04,Adelaide Oval,2,11.6,Hobart Hurricanes,Adelaide Strikers,BR McDermott,DJM Short,LN O'Connor,0,0,,,,,,,,,
1114898,2017/18,2018-02-04,Adelaide Oval,2,12.1,Hobart Hurricanes,Adelaide Strikers,DJM Short,BR McDermott,B Laughlin,1,0,,,,,,,,,
1114898,2017/18,2018-02-04,Adelaide Oval,2,12.2,Hobart Hurricanes,Adelaide Strikers,BR McDermott,DJM Short,B Laughlin,1,0,,,,,,,,,
1114898,2017/18,2018-02-04,Adelaide Oval,2,12.3,Hobart Hurricanes,Adelaide Strikers,DJM Short,BR McDermott,B Laughlin,2,0,,,,,,,,,
1114898,2017/18,2018-02-04,Adelaide Oval,2,12.4,Hobart Hurricanes,Adelaide Strikers,DJM Short,BR McDermott,B Laughlin,6,0,,,,,,,,,
1114898,2017/18,2018-02-04,Adelaide Oval,2,12.5,Hobart Hurricanes,Adelaide Strikers,DJM Short,BR McDermott,B Laughlin,0,1,,,,1,,,,,
1114898,2017/18,2018-02-04,Adelaide Oval,2,12.6,Hobart Hurricanes,Adelaide Strikers,BR McDermott,DJM Short,B Laughlin,1,0,,,,,,,,,
1114898,2017/18,2018-02-04,Adelaide Oval,2,13.1,Hobart Hurricanes,Adelaide Strikers,BR McDermott,DJM Short,LN O'Connor,1,0,,,,,,,,,
1114898,2017/18,2018-02-04,Adelaide Oval,2,13.2,Hobart Hurricanes,Adelaide Strikers,DJM Short,BR McDermott,LN O'Connor,6,0,,,,,,,,,
1114898,2017/18,2018-02-04,Adelaide Oval,2,13.3,Hobart Hurricanes,Adelaide Strikers,DJM Short,BR McDermott,LN O'Connor,1,0,,,,,,,,,
1114898,2017/18,2018-02-04,Adelaide Oval,2,13.4,Hobart Hurricanes,Adelaide Strikers,BR McDermott,DJM Short,LN O'Connor,1,0,,,,,,,,,
1114898,2017/18,2018-02-04,Adelaide Oval,2,13.5,Hobart Hurricanes,Adelaide Strikers,DJM Short,BR McDermott,LN O'Connor,1,0,,,,,,,,,
1114898,2017/18,2018-02-04,Adelaide Oval,2,13.6,Hobart Hurricanes,Adelaide Strikers,BR McDermott,DJM Short,LN O'Connor,1,0,,,,,,,,,
1114898,2017/18,2018-02-04,Adelaide Oval,2,14.1,Hobart Hurricanes,Adelaide Strikers,BR McDermott,DJM Short,PM Siddle,0,1,,,,1,,,,,
1114898,2017/18,2018-02-04,Adelaide Oval,2,14.2,Hobart Hurricanes,Adelaide Strikers,DJM Short,BR McDermott,PM Siddle,0,0,,,,,,,,,
1114898,2017/18,2018-02-04,Adelaide Oval,2,14.3,Hobart Hurricanes,Adelaide Strikers,DJM Short,BR McDermott,PM Siddle,0,1,,,,1,,,,,
1114898,2017/18,2018-02-04,Adelaide Oval,2,14.4,Hobart Hurricanes,Adelaide Strikers,BR McDermott,DJM Short,PM Siddle,0,0,,,,,,,,,
1114898,2017/18,2018-02-04,Adelaide Oval,2,14.5,Hobart Hurricanes,Adelaide Strikers,BR McDermott,DJM Short,PM Siddle,0,0,,,,,,lbw,BR McDermott,,
1114898,2017/18,2018-02-04,Adelaide Oval,2,14.6,Hobart Hurricanes,Adelaide Strikers,DT Christian,DJM Short,PM Siddle,0,1,,,,1,,,,,
1114898,2017/18,2018-02-04,Adelaide Oval,2,15.1,Hobart Hurricanes,Adelaide Strikers,DT Christian,DJM Short,CA Ingram,0,1,,,,1,,,,,
1114898,2017/18,2018-02-04,Adelaide Oval,2,15.2,Hobart Hurricanes,Adelaide Strikers,DJM Short,DT Christian,CA Ingram,4,0,,,,,,,,,
1114898,2017/18,2018-02-04,Adelaide Oval,2,15.3,Hobart Hurricanes,Adelaide Strikers,DJM Short,DT Christian,CA Ingram,6,0,,,,,,,,,
1114898,2017/18,2018-02-04,Adelaide Oval,2,15.4,Hobart Hurricanes,Adelaide Strikers,DJM Short,DT Christian,CA Ingram,6,0,,,,,,,,,
1114898,2017/18,2018-02-04,Adelaide Oval,2,15.5,Hobart Hurricanes,Adelaide Strikers,DJM Short,DT Christian,CA Ingram,1,0,,,,,,,,,
1114898,2017/18,2018-02-04,Adelaide Oval,2,15.6,Hobart Hurricanes,Adelaide Strikers,DT Christian,DJM Short,CA Ingram,1,0,,,,,,,,,
1114898,2017/18,2018-02-04,Adelaide Oval,2,16.1,Hobart Hurricanes,Adelaide Strikers,DT Christian,DJM Short,PM Siddle,0,0,,,,,,,,,
1114898,2017/18,2018-02-04,Adelaide Oval,2,16.2,Hobart Hurricanes,Adelaide Strikers,DT Christian,DJM Short,PM Siddle,0,0,,,,,,,,,
1114898,2017/18,2018-02-04,Adelaide Oval,2,16.3,Hobart Hurricanes,Adelaide Strikers,DT Christian,DJM Short,PM Siddle,4,0,,,,,,,,,
1114898,2017/18,2018-02-04,Adelaide Oval,2,16.4,Hobart Hurricanes,Adelaide Strikers,DT Christian,DJM Short,PM Siddle,0,0,,,,,,,,,
1114898,2017/18,2018-02-04,Adelaide Oval,2,16.5,Hobart Hurricanes,Adelaide Strikers,DT Christian,DJM Short,PM Siddle,1,0,,,,,,,,,
1114898,2017/18,2018-02-04,Adelaide Oval,2,16.6,Hobart Hurricanes,Adelaide Strikers,DJM Short,DT Christian,PM Siddle,0,0,,,,,,caught,DJM Short,,
1114898,2017/18,2018-02-04,Adelaide Oval,2,17.1,Hobart Hurricanes,Adelaide Strikers,DT Christian,MS Wade,B Laughlin,0,0,,,,,,run out,MS Wade,,
1114898,2017/18,2018-02-04,Adelaide Oval,2,17.2,Hobart Hurricanes,Adelaide Strikers,S Milenko,DT Christian,B Laughlin,1,0,,,,,,,,,
1114898,2017/18,2018-02-04,Adelaide Oval,2,17.3,Hobart Hurricanes,Adelaide Strikers,DT Christian,S Milenko,B Laughlin,1,0,,,,,,,,,
1114898,2017/18,2018-02-04,Adelaide Oval,2,17.4,Hobart Hurricanes,Adelaide Strikers,S Milenko,DT Christian,B Laughlin,0,0,,,,,,,,,
1114898,2017/18,2018-02-04,Adelaide Oval,2,17.5,Hobart Hurricanes,Adelaide Strikers,S Milenko,DT Christian,B Laughlin,1,0,,,,,,,,,
1114898,2017/18,2018-02-04,Adelaide Oval,2,17.6,Hobart Hurricanes,Adelaide Strikers,DT Christian,S Milenko,B Laughlin,4,0,,,,,,,,,
1114898,2017/18,2018-02-04,Adelaide Oval,2,18.1,Hobart Hurricanes,Adelaide Strikers,S Milenko,DT Christian,MG Neser,4,0,,,,,,,,,
1114898,2017/18,2018-02-04,Adelaide Oval,2,18.2,Hobart Hurricanes,Adelaide Strikers,S Milenko,DT Christian,MG Neser,2,0,,,,,,,,,
1114898,2017/18,2018-02-04,Adelaide Oval,2,18.3,Hobart Hurricanes,Adelaide Strikers,S Milenko,DT Christian,MG Neser,1,0,,,,,,,,,
1114898,2017/18,2018-02-04,Adelaide Oval,2,18.4,Hobart Hurricanes,Adelaide Strikers,DT Christian,S Milenko,MG Neser,2,0,,,,,,,,,
1114898,2017/18,2018-02-04,Adelaide Oval,2,18.5,Hobart Hurricanes,Adelaide Strikers,DT Christian,S Milenko,MG Neser,2,0,,,,,,,,,
1114898,2017/18,2018-02-04,Adelaide Oval,2,18.6,Hobart Hurricanes,Adelaide Strikers,DT Christian,S Milenko,MG Neser,1,0,,,,,,,,,
1114898,2017/18,2018-02-04,Adelaide Oval,2,19.1,Hobart Hurricanes,Adelaide Strikers,DT Christian,S Milenko,B Laughlin,6,0,,,,,,,,,
1114898,2017/18,2018-02-04,Adelaide Oval,2,19.2,Hobart Hurricanes,Adelaide Strikers,DT Christian,S Milenko,B Laughlin,4,0,,,,,,,,,
1114898,2017/18,2018-02-04,Adelaide Oval,2,19.3,Hobart Hurricanes,Adelaide Strikers,DT Christian,S Milenko,B Laughlin,2,0,,,,,,,,,
1114898,2017/18,2018-02-04,Adelaide Oval,2,19.4,Hobart Hurricanes,Adelaide Strikers,DT Christian,S Milenko,B Laughlin,0,0,,,,,,,,,
1114898,2017/18,2018-02-04,Adelaide Oval,2,19.5,Hobart Hurricanes,Adelaide Strikers,DT Christian,S Milenko,B Laughlin,1,0,,,,,,,,,
1114898,2017/18,2018-02-04,Adelaide Oval,2,19.6,Hobart Hurricanes,Adelaide Strikers,S Milenko,DT Christian,B Laughlin,0,0,,,,,,,,,
