match_id,season,start_date,venue,innings,ball,batting_team,bowling_team,striker,non_striker,bowler,runs_off_bat,extras,wides,noballs,byes,legbyes,penalty,wicket_type,player_dismissed,other_wicket_type,other_player_dismissed
1114882,2017/18,2018-01-13,Traeger Park,1,0.1,Adelaide Strikers,Perth Scorchers,AT Carey,J Weatherald,MG Johnson,1,0,,,,,,,,,
1114882,2017/18,2018-01-13,Traeger Park,1,0.2,Adelaide Strikers,Perth Scorchers,J Weatherald,AT Carey,MG Johnson,0,0,,,,,,,,,
1114882,2017/18,2018-01-13,Traeger Park,1,0.3,Adelaide Strikers,Perth Scorchers,J Weatherald,AT Carey,MG Johnson,1,0,,,,,,,,,
1114882,2017/18,2018-01-13,Traeger Park,1,0.4,Adelaide Strikers,Perth Scorchers,AT Carey,J Weatherald,MG Johnson,1,0,,,,,,,,,
1114882,2017/18,2018-01-13,Traeger Park,1,0.5,Adelaide Strikers,Perth Scorchers,J Weatherald,AT Carey,MG Johnson,0,0,,,,,,,,,
1114882,2017/18,2018-01-13,Traeger Park,1,0.6,Adelaide Strikers,Perth Scorchers,J Weatherald,AT Carey,MG Johnson,0,0,,,,,,,,,
1114882,2017/18,2018-01-13,Traeger Park,1,1.1,Adelaide Strikers,Perth Scorchers,AT Carey,J Weatherald,JS Paris,1,0,,,,,,,,,
1114882,2017/18,2018-01-13,Traeger Park,1,1.2,Adelaide Strikers,Perth Scorchers,J Weatherald,AT Carey,JS Paris,0,0,,,,,,,,,
1114882,2017/18,2018-01-13,Traeger Park,1,1.3,Adelaide Strikers,Perth Scorchers,J Weatherald,AT Carey,JS Paris,0,0,,,,,,,,,
1114882,2017/18,2018-01-13,Traeger Park,1,1.4,Adelaide Strikers,Perth Scorchers,J Weatherald,AT Carey,JS Paris,0,0,,,,,,,,,
1114882,2017/18,2018-01-13,Traeger Park,1,1.5,Adelaide Strikers,Perth Scorchers,J Weatherald,AT Carey,JS Paris,0,0,,,,,,,,,
1114882,2017/18,2018-01-13,Traeger Park,1,1.6,Adelaide Strikers,Perth Scorchers,J Weatherald,AT Carey,JS Paris,4,0,,,,,,,,,
1114882,2017/18,2018-01-13,Traeger Park,1,2.1,Adelaide Strikers,Perth Scorchers,AT Carey,J Weatherald,MG Johnson,1,0,,,,,,,,,
1114882,2017/18,2018-01-13,Traeger Park,1,2.2,Adelaide Strikers,Perth Scorchers,J Weatherald,AT Carey,MG Johnson,0,1,1,,,,,,,,
1114882,2017/18,2018-01-13,Traeger Park,1,2.3,Adelaide Strikers,Perth Scorchers,J Weatherald,AT Carey,MG Johnson,1,0,,,,,,,,,
1114882,2017/18,2018-01-13,Traeger Park,1,2.4,Adelaide Strikers,Perth Scorchers,AT Carey,J Weatherald,MG Johnson,0,0,,,,,,,,,
1114882,2017/18,2018-01-13,Traeger Park,1,2.5,Adelaide Strikers,Perth Scorchers,AT Carey,J Weatherald,MG Johnson,0,1,,,,1,,,,,
1114882,2017/18,2018-01-13,Traeger Park,1,2.6,Adelaide Strikers,Perth Scorchers,J Weatherald,AT Carey,MG Johnson,0,0,,,,,,,,,
1114882,2017/18,2018-01-13,Traeger Park,1,2.7,Adelaide Strikers,Perth Scorchers,J Weatherald,AT Carey,MG Johnson,1,0,,,,,,,,,
1114882,2017/18,2018-01-13,Traeger Park,1,3.1,Adelaide Strikers,Perth Scorchers,J Weatherald,AT Carey,JS Paris,1,0,,,,,,,,,
1114882,2017/18,2018-01-13,Traeger Park,1,3.2,Adelaide Strikers,Perth Scorchers,AT Carey,J Weatherald,JS Paris,1,0,,,,,,,,,
1114882,2017/18,2018-01-13,Traeger Park,1,3.3,Adelaide Strikers,Perth Scorchers,J Weatherald,AT Carey,JS Paris,1,0,,,,,,,,,
1114882,2017/18,2018-01-13,Traeger Park,1,3.4,Adelaide Strikers,Perth Scorchers,AT Carey,J Weatherald,JS Paris,1,0,,,,,,,,,
1114882,2017/18,2018-01-13,Traeger Park,1,3.5,Adelaide Strikers,Perth Scorchers,J Weatherald,AT Carey,JS Paris,0,0,,,,,,,,,
1114882,2017/18,2018-01-13,Traeger Park,1,3.6,Adelaide Strikers,Perth Scorchers,J Weatherald,AT Carey,JS Paris,4,0,,,,,,,,,
1114882,2017/18,2018-01-13,Traeger Park,1,4.1,Adelaide Strikers,Perth Scorchers,AT Carey,J Weatherald,MG Johnson,1,0,,,,,,,,,
1114882,2017/18,2018-01-13,Traeger Park,1,4.2,Adelaide Strikers,Perth Scorchers,J Weatherald,AT Carey,MG Johnson,3,0,,,,,,,,,
1114882,2017/18,2018-01-13,Traeger Park,1,4.3,Adelaide Strikers,Perth Scorchers,AT Carey,J Weatherald,MG Johnson,4,0,,,,,,,,,
1114882,2017/18,2018-01-13,Traeger Park,1,4.4,Adelaide Strikers,Perth Scorchers,AT Carey,J Weatherald,MG Johnson,0,0,,,,,,,,,
1114882,2017/18,2018-01-13,Traeger Park,1,4.5,Adelaide Strikers,Perth Scorchers,AT Carey,J Weatherald,MG Johnson,0,0,,,,,,,,,
1114882,2017/18,2018-01-13,Traeger Park,1,4.6,Adelaide Strikers,Perth Scorchers,AT Carey,J Weatherald,MG Johnson,2,0,,,,,,,,,
1114882,2017/18,2018-01-13,Traeger Park,1,5.1,Adelaide Strikers,Perth Scorchers,J Weatherald,AT Carey,JS Paris,0,1,1,,,,,,,,
1114882,2017/18,2018-01-13,Traeger Park,1,5.2,Adelaide Strikers,Perth Scorchers,J Weatherald,AT Carey,JS Paris,0,0,,,,,,,,,
1114882,2017/18,2018-01-13,Traeger Park,1,5.3,Adelaide Strikers,Perth Scorchers,J Weatherald,AT Carey,JS Paris,1,0,,,,,,,,,
1114882,2017/18,2018-01-13,Traeger Park,1,5.4,Adelaide Strikers,Perth Scorchers,AT Carey,J Weatherald,JS Paris,0,0,,,,,,,,,
1114882,2017/18,2018-01-13,Traeger Park,1,5.5,Adelaide Strikers,Perth Scorchers,AT Carey,J Weatherald,JS Paris,2,0,,,,,,,,,
1114882,2017/18,2018-01-13,Traeger Park,1,5.6,Adelaide Strikers,Perth Scorchers,AT Carey,J Weatherald,JS Paris,6,0,,,,,,,,,
1114882,2017/18,2018-01-13,Traeger Park,1,5.7,Adelaide Strikers,Perth Scorchers,AT Carey,J Weatherald,JS Paris,6,0,,,,,,,,,
1114882,2017/18,2018-01-13,Traeger Park,1,6.1,Adelaide Strikers,Perth Scorchers,J Weatherald,AT Carey,WG Bosisto,2,0,,,,,,,,,
1114882,2017/18,2018-01-13,Traeger Park,1,6.2,Adelaide Strikers,Perth Scorchers,J Weatherald,AT Carey,WG Bosisto,0,0,,,,,,lbw,J Weatherald,,
1114882,2017/18,2018-01-13,Traeger Park,1,6.3,Adelaide Strikers,Perth Scorchers,CA Ingram,AT Carey,WG Bosisto,0,0,,,,,,,,,
1114882,2017/18,2018-01-13,Traeger Park,1,6.4,Adelaide Strikers,Perth Scorchers,CA Ingram,AT Carey,WG Bosisto,1,0,,,,,,,,,
1114882,2017/18,2018-01-13,Traeger Park,1,6.5,Adelaide Strikers,Perth Scorchers,AT Carey,CA Ingram,WG Bosisto,0,0,,,,,,,,,
1114882,2017/18,2018-01-13,Traeger Park,1,6.6,Adelaide Strikers,Perth Scorchers,AT Carey,CA Ingram,WG Bosisto,1,0,,,,,,,,,
1114882,2017/18,2018-01-13,Traeger Park,1,7.1,Adelaide Strikers,Perth Scorchers,AT Carey,CA Ingram,AC Agar,1,0,,,,,,,,,
1114882,2017/18,2018-01-13,Traeger Park,1,7.2,Adelaide Strikers,Perth Scorchers,CA Ingram,AT Carey,AC Agar,1,0,,,,,,,,,
1114882,2017/18,2018-01-13,Traeger Park,1,7.3,Adelaide Strikers,Perth Scorchers,AT Carey,CA Ingram,AC Agar,1,0,,,,,,,,,
1114882,2017/18,2018-01-13,Traeger Park,1,7.4,Adelaide Strikers,Perth Scorchers,CA Ingram,AT Carey,AC Agar,1,0,,,,,,,,,
1114882,2017/18,2018-01-13,Traeger Park,1,7.5,Adelaide Strikers,Perth Scorchers,AT Carey,CA Ingram,AC Agar,1,0,,,,,,,,,
1114882,2017/18,2018-01-13,Traeger Park,1,7.6,Adelaide Strikers,Perth Scorchers,CA Ingram,AT Carey,AC Agar,0,0,,,,,,caught,CA Ingram,,
1114882,2017/18,2018-01-13,Traeger Park,1,8.1,Adelaide Strikers,Perth Scorchers,JW Wells,AT Carey,WG Bosisto,1,0,,,,,,,,,
1114882,2017/18,2018-01-13,Traeger Park,1,8.2,Adelaide Strikers,Perth Scorchers,AT Carey,JW Wells,WG Bosisto,0,0,,,,,,,,,
1114882,2017/18,2018-01-13,Traeger Park,1,8.3,Adelaide Strikers,Perth Scorchers,AT Carey,JW Wells,WG Bosisto,1,0,,,,,,,,,
1114882,2017/18,2018-01-13,Traeger Park,1,8.4,Adelaide Strikers,Perth Scorchers,JW Wells,AT Carey,WG Bosisto,1,0,,,,,,,,,
1114882,2017/18,2018-01-13,Traeger Park,1,8.5,Adelaide Strikers,Perth Scorchers,AT Carey,JW Wells,WG Bosisto,1,0,,,,,,,,,
1114882,2017/18,2018-01-13,Traeger Park,1,8.6,Adelaide Strikers,Perth Scorchers,JW Wells,AT Carey,WG Bosisto,1,0,,,,,,,,,
1114882,2017/18,2018-01-13,Traeger Park,1,9.1,Adelaide Strikers,Perth Scorchers,JW Wells,AT Carey,AC Agar,2,0,,,,,,,,,
1114882,2017/18,2018-01-13,Traeger Park,1,9.2,Adelaide Strikers,Perth Scorchers,JW Wells,AT Carey,AC Agar,1,0,,,,,,,,,
1114882,2017/18,2018-01-13,Traeger Park,1,9.3,Adelaide Strikers,Perth Scorchers,AT Carey,JW Wells,AC Agar,1,0,,,,,,,,,
1114882,2017/18,2018-01-13,Traeger Park,1,9.4,Adelaide Strikers,Perth Scorchers,JW Wells,AT Carey,AC Agar,1,0,,,,,,,,,
1114882,2017/18,2018-01-13,Traeger Park,1,9.5,Adelaide Strikers,Perth Scorchers,AT Carey,JW Wells,AC Agar,2,0,,,,,,,,,
1114882,2017/18,2018-01-13,Traeger Park,1,9.6,Adelaide Strikers,Perth Scorchers,AT Carey,JW Wells,AC Agar,0,0,,,,,,,,,
1114882,2017/18,2018-01-13,Traeger Park,1,10.1,Adelaide Strikers,Perth Scorchers,JW Wells,AT Carey,TT Bresnan,1,0,,,,,,,,,
1114882,2017/18,2018-01-13,Traeger Park,1,10.2,Adelaide Strikers,Perth Scorchers,AT Carey,JW Wells,TT Bresnan,4,0,,,,,,,,,
1114882,2017/18,2018-01-13,Traeger Park,1,10.3,Adelaide Strikers,Perth Scorchers,AT Carey,JW Wells,TT Bresnan,1,0,,,,,,,,,
1114882,2017/18,2018-01-13,Traeger Park,1,10.4,Adelaide Strikers,Perth Scorchers,JW Wells,AT Carey,TT Bresnan,1,0,,,,,,,,,
1114882,2017/18,2018-01-13,Traeger Park,1,10.5,Adelaide Strikers,Perth Scorchers,AT Carey,JW Wells,TT Bresnan,3,0,,,,,,,,,
1114882,2017/18,2018-01-13,Traeger Park,1,10.6,Adelaide Strikers,Perth Scorchers,JW Wells,AT Carey,TT Bresnan,1,0,,,,,,,,,
1114882,2017/18,2018-01-13,Traeger Park,1,11.1,Adelaide Strikers,Perth Scorchers,JW Wells,AT Carey,M Kelly,0,0,,,,,,run out,JW Wells,,
1114882,2017/18,2018-01-13,Traeger Park,1,11.2,Adelaide Strikers,Perth Scorchers,JS Lehmann,AT Carey,M Kelly,0,0,,,,,,,,,
1114882,2017/18,2018-01-13,Traeger Park,1,11.3,Adelaide Strikers,Perth Scorchers,JS Lehmann,AT Carey,M Kelly,0,0,,,,,,,,,
1114882,2017/18,2018-01-13,Traeger Park,1,11.4,Adelaide Strikers,Perth Scorchers,JS Lehmann,AT Carey,M Kelly,1,0,,,,,,,,,
1114882,2017/18,2018-01-13,Traeger Park,1,11.5,Adelaide Strikers,Perth Scorchers,AT Carey,JS Lehmann,M Kelly,0,0,,,,,,caught,AT Carey,,
1114882,2017/18,2018-01-13,Traeger Park,1,11.6,Adelaide Strikers,Perth Scorchers,JS Lehmann,JR Dean,M Kelly,0,0,,,,,,,,,
1114882,2017/18,2018-01-13,Traeger Park,1,12.1,Adelaide Strikers,Perth Scorchers,JR Dean,JS Lehmann,AC Agar,0,0,,,,,,,,,
1114882,2017/18,2018-01-13,Traeger Park,1,12.2,Adelaide Strikers,Perth Scorchers,JR Dean,JS Lehmann,AC Agar,1,0,,,,,,,,,
1114882,2017/18,2018-01-13,Traeger Park,1,12.3,Adelaide Strikers,Perth Scorchers,JS Lehmann,JR Dean,AC Agar,0,0,,,,,,caught,JS Lehmann,,
1114882,2017/18,2018-01-13,Traeger Park,1,12.4,Adelaide Strikers,Perth Scorchers,JR Dean,MG Neser,AC Agar,0,0,,,,,,,,,
1114882,2017/18,2018-01-13,Traeger Park,1,12.5,Adelaide Strikers,Perth Scorchers,JR Dean,MG Neser,AC Agar,1,0,,,,,,,,,
1114882,2017/18,2018-01-13,Traeger Park,1,12.6,Adelaide Strikers,Perth Scorchers,MG Neser,JR Dean,AC Agar,1,0,,,,,,,,,
1114882,2017/18,2018-01-13,Traeger Park,1,13.1,Adelaide Strikers,Perth Scorchers,MG Neser,JR Dean,M Kelly,1,0,,,,,,,,,
1114882,2017/18,2018-01-13,Traeger Park,1,13.2,Adelaide Strikers,Perth Scorchers,JR Dean,MG Neser,M Kelly,0,0,,,,,,,,,
1114882,2017/18,2018-01-13,Traeger Park,1,13.3,Adelaide Strikers,Perth Scorchers,JR Dean,MG Neser,M Kelly,1,0,,,,,,,,,
1114882,2017/18,2018-01-13,Traeger Park,1,13.4,Adelaide Strikers,Perth Scorchers,MG Neser,JR Dean,M Kelly,0,0,,,,,,,,,
1114882,2017/18,2018-01-13,Traeger Park,1,13.5,Adelaide Strikers,Perth Scorchers,MG Neser,JR Dean,M Kelly,1,0,,,,,,,,,
1114882,2017/18,2018-01-13,Traeger Park,1,13.6,Adelaide Strikers,Perth Scorchers,JR Dean,MG Neser,M Kelly,0,1,1,,,,,,,,
1114882,2017/18,2018-01-13,Traeger Park,1,13.7,Adelaide Strikers,Perth Scorchers,JR Dean,MG Neser,M Kelly,0,0,,,,,,,,,
1114882,2017/18,2018-01-13,Traeger Park,1,14.1,Adelaide Strikers,Perth Scorchers,MG Neser,JR Dean,MG Johnson,1,0,,,,,,,,,
1114882,2017/18,2018-01-13,Traeger Park,1,14.2,Adelaide Strikers,Perth Scorchers,JR Dean,MG Neser,MG Johnson,0,0,,,,,,,,,
1114882,2017/18,2018-01-13,Traeger Park,1,14.3,Adelaide Strikers,Perth Scorchers,JR Dean,MG Neser,MG Johnson,0,0,,,,,,,,,
1114882,2017/18,2018-01-13,Traeger Park,1,14.4,Adelaide Strikers,Perth Scorchers,JR Dean,MG Neser,MG Johnson,1,0,,,,,,,,,
1114882,2017/18,2018-01-13,Traeger Park,1,14.5,Adelaide Strikers,Perth Scorchers,MG Neser,JR Dean,MG Johnson,1,0,,,,,,,,,
1114882,2017/18,2018-01-13,Traeger Park,1,14.6,Adelaide Strikers,Perth Scorchers,JR Dean,MG Neser,MG Johnson,2,0,,,,,,,,,
1114882,2017/18,2018-01-13,Traeger Park,1,15.1,Adelaide Strikers,Perth Scorchers,MG Neser,JR Dean,M Kelly,0,0,,,,,,caught,MG Neser,,
1114882,2017/18,2018-01-13,Traeger Park,1,15.2,Adelaide Strikers,Perth Scorchers,JR Dean,Rashid Khan,M Kelly,6,0,,,,,,,,,
1114882,2017/18,2018-01-13,Traeger Park,1,15.3,Adelaide Strikers,Perth Scorchers,JR Dean,Rashid Khan,M Kelly,1,0,,,,,,,,,
1114882,2017/18,2018-01-13,Traeger Park,1,15.4,Adelaide Strikers,Perth Scorchers,Rashid Khan,JR Dean,M Kelly,0,0,,,,,,,,,
1114882,2017/18,2018-01-13,Traeger Park,1,15.5,Adelaide Strikers,Perth Scorchers,Rashid Khan,JR Dean,M Kelly,1,0,,,,,,,,,
1114882,2017/18,2018-01-13,Traeger Park,1,15.6,Adelaide Strikers,Perth Scorchers,JR Dean,Rashid Khan,M Kelly,0,0,,,,,,,,,
1114882,2017/18,2018-01-13,Traeger Park,1,16.1,Adelaide Strikers,Perth Scorchers,Rashid Khan,JR Dean,AC Agar,2,0,,,,,,,,,
1114882,2017/18,2018-01-13,Traeger Park,1,16.2,Adelaide Strikers,Perth Scorchers,Rashid Khan,JR Dean,AC Agar,1,0,,,,,,,,,
1114882,2017/18,2018-01-13,Traeger Park,1,16.3,Adelaide Strikers,Perth Scorchers,JR Dean,Rashid Khan,AC Agar,0,1,,,,1,,,,,
1114882,2017/18,2018-01-13,Traeger Park,1,16.4,Adelaide Strikers,Perth Scorchers,Rashid Khan,JR Dean,AC Agar,1,0,,,,,,,,,
1114882,2017/18,2018-01-13,Traeger Park,1,16.5,Adelaide Strikers,Perth Scorchers,JR Dean,Rashid Khan,AC Agar,0,0,,,,,,,,,
1114882,2017/18,2018-01-13,Traeger Park,1,16.6,Adelaide Strikers,Perth Scorchers,JR Dean,Rashid Khan,AC Agar,0,0,,,,,,caught,JR Dean,,
1114882,2017/18,2018-01-13,Traeger Park,1,17.1,Adelaide Strikers,Perth Scorchers,Rashid Khan,PM Siddle,TT Bresnan,0,0,,,,,,bowled,Rashid Khan,,
1114882,2017/18,2018-01-13,Traeger Park,1,17.2,Adelaide Strikers,Perth Scorchers,B Laughlin,PM Siddle,TT Bresnan,1,0,,,,,,,,,
1114882,2017/18,2018-01-13,Traeger Park,1,17.3,Adelaide Strikers,Perth Scorchers,PM Siddle,B Laughlin,TT Bresnan,0,0,,,,,,,,,
1114882,2017/18,2018-01-13,Traeger Park,1,17.4,Adelaide Strikers,Perth Scorchers,PM Siddle,B Laughlin,TT Bresnan,0,0,,,,,,,,,
1114882,2017/18,2018-01-13,Traeger Park,1,17.5,Adelaide Strikers,Perth Scorchers,PM Siddle,B Laughlin,TT Bresnan,1,0,,,,,,,,,
1114882,2017/18,2018-01-13,Traeger Park,1,17.6,Adelaide Strikers,Perth Scorchers,B Laughlin,PM Siddle,TT Bresnan,0,0,,,,,,,,,
1114882,2017/18,2018-01-13,Traeger Park,1,18.1,Adelaide Strikers,Perth Scorchers,PM Siddle,B Laughlin,JS Paris,1,0,,,,,,,,,
1114882,2017/18,2018-01-13,Traeger Park,1,18.2,Adelaide Strikers,Perth Scorchers,B Laughlin,PM Siddle,JS Paris,0,0,,,,,,bowled,B Laughlin,,
1114882,2017/18,2018-01-13,Traeger Park,1,18.3,Adelaide Strikers,Perth Scorchers,B Stanlake,PM Siddle,JS Paris,2,0,,,,,,,,,
1114882,2017/18,2018-01-13,Traeger Park,1,18.4,Adelaide Strikers,Perth Scorchers,B Stanlake,PM Siddle,JS Paris,0,0,,,,,,,,,
1114882,2017/18,2018-01-13,Traeger Park,1,18.5,Adelaide Strikers,Perth Scorchers,B Stanlake,PM Siddle,JS Paris,0,0,,,,,,,,,
1114882,2017/18,2018-01-13,Traeger Park,1,18.6,Adelaide Strikers,Perth Scorchers,B Stanlake,PM Siddle,JS Paris,1,0,,,,,,,,,
1114882,2017/18,2018-01-13,Traeger Park,1,19.1,Adelaide Strikers,Perth Scorchers,B Stanlake,PM Siddle,TT Bresnan,1,0,,,,,,,,,
1114882,2017/18,2018-01-13,Traeger Park,1,19.2,Adelaide Strikers,Perth Scorchers,PM Siddle,B Stanlake,TT Bresnan,0,0,,,,,,caught,PM Siddle,,
1114882,2017/18,2018-01-13,Traeger Park,2,0.1,Perth Scorchers,Adelaide Strikers,WG Bosisto,M Klinger,MG Neser,0,0,,,,,,,,,
1114882,2017/18,2018-01-13,Traeger Park,2,0.2,Perth Scorchers,Adelaide Strikers,WG Bosisto,M Klinger,MG Neser,0,0,,,,,,,,,
1114882,2017/18,2018-01-13,Traeger Park,2,0.3,Perth Scorchers,Adelaide Strikers,WG Bosisto,M Klinger,MG Neser,0,2,2,,,,,,,,
1114882,2017/18,2018-01-13,Traeger Park,2,0.4,Perth Scorchers,Adelaide Strikers,M Klinger,WG Bosisto,MG Neser,0,0,,,,,,,,,
1114882,2017/18,2018-01-13,Traeger Park,2,0.5,Perth Scorchers,Adelaide Strikers,M Klinger,WG Bosisto,MG Neser,0,0,,,,,,,,,
1114882,2017/18,2018-01-13,Traeger Park,2,0.6,Perth Scorchers,Adelaide Strikers,M Klinger,WG Bosisto,MG Neser,0,0,,,,,,,,,
1114882,2017/18,2018-01-13,Traeger Park,2,0.7,Perth Scorchers,Adelaide Strikers,M Klinger,WG Bosisto,MG Neser,4,0,,,,,,,,,
1114882,2017/18,2018-01-13,Traeger Park,2,1.1,Perth Scorchers,Adelaide Strikers,WG Bosisto,M Klinger,B Stanlake,1,0,,,,,,,,,
1114882,2017/18,2018-01-13,Traeger Park,2,1.2,Perth Scorchers,Adelaide Strikers,M Klinger,WG Bosisto,B Stanlake,1,0,,,,,,,,,
1114882,2017/18,2018-01-13,Traeger Park,2,1.3,Perth Scorchers,Adelaide Strikers,WG Bosisto,M Klinger,B Stanlake,0,0,,,,,,,,,
1114882,2017/18,2018-01-13,Traeger Park,2,1.4,Perth Scorchers,Adelaide Strikers,WG Bosisto,M Klinger,B Stanlake,2,0,,,,,,,,,
1114882,2017/18,2018-01-13,Traeger Park,2,1.5,Perth Scorchers,Adelaide Strikers,WG Bosisto,M Klinger,B Stanlake,0,0,,,,,,,,,
1114882,2017/18,2018-01-13,Traeger Park,2,1.6,Perth Scorchers,Adelaide Strikers,WG Bosisto,M Klinger,B Stanlake,0,0,,,,,,,,,
1114882,2017/18,2018-01-13,Traeger Park,2,2.1,Perth Scorchers,Adelaide Strikers,M Klinger,WG Bosisto,MG Neser,1,0,,,,,,,,,
1114882,2017/18,2018-01-13,Traeger Park,2,2.2,Perth Scorchers,Adelaide Strikers,WG Bosisto,M Klinger,MG Neser,0,0,,,,,,,,,
1114882,2017/18,2018-01-13,Traeger Park,2,2.3,Perth Scorchers,Adelaide Strikers,WG Bosisto,M Klinger,MG Neser,0,0,,,,,,caught,WG Bosisto,,
1114882,2017/18,2018-01-13,Traeger Park,2,2.4,Perth Scorchers,Adelaide Strikers,CT Bancroft,M Klinger,MG Neser,0,0,,,,,,,,,
1114882,2017/18,2018-01-13,Traeger Park,2,2.5,Perth Scorchers,Adelaide Strikers,CT Bancroft,M Klinger,MG Neser,1,0,,,,,,,,,
1114882,2017/18,2018-01-13,Traeger Park,2,2.6,Perth Scorchers,Adelaide Strikers,M Klinger,CT Bancroft,MG Neser,0,0,,,,,,,,,
1114882,2017/18,2018-01-13,Traeger Park,2,3.1,Perth Scorchers,Adelaide Strikers,CT Bancroft,M Klinger,B Stanlake,1,0,,,,,,,,,
1114882,2017/18,2018-01-13,Traeger Park,2,3.2,Perth Scorchers,Adelaide Strikers,M Klinger,CT Bancroft,B Stanlake,4,0,,,,,,,,,
1114882,2017/18,2018-01-13,Traeger Park,2,3.3,Perth Scorchers,Adelaide Strikers,M Klinger,CT Bancroft,B Stanlake,1,0,,,,,,,,,
1114882,2017/18,2018-01-13,Traeger Park,2,3.4,Perth Scorchers,Adelaide Strikers,CT Bancroft,M Klinger,B Stanlake,0,0,,,,,,,,,
1114882,2017/18,2018-01-13,Traeger Park,2,3.5,Perth Scorchers,Adelaide Strikers,CT Bancroft,M Klinger,B Stanlake,1,0,,,,,,,,,
1114882,2017/18,2018-01-13,Traeger Park,2,3.6,Perth Scorchers,Adelaide Strikers,M Klinger,CT Bancroft,B Stanlake,1,0,,,,,,,,,
1114882,2017/18,2018-01-13,Traeger Park,2,4.1,Perth Scorchers,Adelaide Strikers,M Klinger,CT Bancroft,MG Neser,0,0,,,,,,,,,
1114882,2017/18,2018-01-13,Traeger Park,2,4.2,Perth Scorchers,Adelaide Strikers,M Klinger,CT Bancroft,MG Neser,4,0,,,,,,,,,
1114882,2017/18,2018-01-13,Traeger Park,2,4.3,Perth Scorchers,Adelaide Strikers,M Klinger,CT Bancroft,MG Neser,1,0,,,,,,,,,
1114882,2017/18,2018-01-13,Traeger Park,2,4.4,Perth Scorchers,Adelaide Strikers,CT Bancroft,M Klinger,MG Neser,1,0,,,,,,,,,
1114882,2017/18,2018-01-13,Traeger Park,2,4.5,Perth Scorchers,Adelaide Strikers,M Klinger,CT Bancroft,MG Neser,0,0,,,,,,caught,M Klinger,,
1114882,2017/18,2018-01-13,Traeger Park,2,4.6,Perth Scorchers,Adelaide Strikers,HWR Cartwright,CT Bancroft,MG Neser,0,0,,,,,,,,,
1114882,2017/18,2018-01-13,Traeger Park,2,5.1,Perth Scorchers,Adelaide Strikers,CT Bancroft,HWR Cartwright,Rashid Khan,1,0,,,,,,,,,
1114882,2017/18,2018-01-13,Traeger Park,2,5.2,Perth Scorchers,Adelaide Strikers,HWR Cartwright,CT Bancroft,Rashid Khan,0,0,,,,,,,,,
1114882,2017/18,2018-01-13,Traeger Park,2,5.3,Perth Scorchers,Adelaide Strikers,HWR Cartwright,CT Bancroft,Rashid Khan,0,0,,,,,,,,,
1114882,2017/18,2018-01-13,Traeger Park,2,5.4,Perth Scorchers,Adelaide Strikers,HWR Cartwright,CT Bancroft,Rashid Khan,0,0,,,,,,,,,
1114882,2017/18,2018-01-13,Traeger Park,2,5.5,Perth Scorchers,Adelaide Strikers,HWR Cartwright,CT Bancroft,Rashid Khan,0,0,,,,,,,,,
1114882,2017/18,2018-01-13,Traeger Park,2,5.6,Perth Scorchers,Adelaide Strikers,HWR Cartwright,CT Bancroft,Rashid Khan,1,0,,,,,,,,,
1114882,2017/18,2018-01-13,Traeger Park,2,6.1,Perth Scorchers,Adelaide Strikers,HWR Cartwright,CT Bancroft,CA Ingram,1,0,,,,,,,,,
1114882,2017/18,2018-01-13,Traeger Park,2,6.2,Perth Scorchers,Adelaide Strikers,CT Bancroft,HWR Cartwright,CA Ingram,1,0,,,,,,,,,
1114882,2017/18,2018-01-13,Traeger Park,2,6.3,Perth Scorchers,Adelaide Strikers,HWR Cartwright,CT Bancroft,CA Ingram,1,0,,,,,,,,,
1114882,2017/18,2018-01-13,Traeger Park,2,6.4,Perth Scorchers,Adelaide Strikers,CT Bancroft,HWR Cartwright,CA Ingram,2,0,,,,,,,,,
1114882,2017/18,2018-01-13,Traeger Park,2,6.5,Perth Scorchers,Adelaide Strikers,CT Bancroft,HWR Cartwright,CA Ingram,6,0,,,,,,,,,
1114882,2017/18,2018-01-13,Traeger Park,2,6.6,Perth Scorchers,Adelaide Strikers,CT Bancroft,HWR Cartwright,CA Ingram,0,0,,,,,,,,,
1114882,2017/18,2018-01-13,Traeger Park,2,7.1,Perth Scorchers,Adelaide Strikers,HWR Cartwright,CT Bancroft,PM Siddle,1,0,,,,,,,,,
1114882,2017/18,2018-01-13,Traeger Park,2,7.2,Perth Scorchers,Adelaide Strikers,CT Bancroft,HWR Cartwright,PM Siddle,1,0,,,,,,,,,
1114882,2017/18,2018-01-13,Traeger Park,2,7.3,Perth Scorchers,Adelaide Strikers,HWR Cartwright,CT Bancroft,PM Siddle,1,0,,,,,,,,,
1114882,2017/18,2018-01-13,Traeger Park,2,7.4,Perth Scorchers,Adelaide Strikers,CT Bancroft,HWR Cartwright,PM Siddle,0,0,,,,,,,,,
1114882,2017/18,2018-01-13,Traeger Park,2,7.5,Perth Scorchers,Adelaide Strikers,CT Bancroft,HWR Cartwright,PM Siddle,0,0,,,,,,caught,CT Bancroft,,
1114882,2017/18,2018-01-13,Traeger Park,2,7.6,Perth Scorchers,Adelaide Strikers,AJ Turner,HWR Cartwright,PM Siddle,1,0,,,,,,,,,
1114882,2017/18,2018-01-13,Traeger Park,2,8.1,Perth Scorchers,Adelaide Strikers,AJ Turner,HWR Cartwright,Rashid Khan,0,0,,,,,,bowled,AJ Turner,,
1114882,2017/18,2018-01-13,Traeger Park,2,8.2,Perth Scorchers,Adelaide Strikers,AC Agar,HWR Cartwright,Rashid Khan,1,0,,,,,,,,,
1114882,2017/18,2018-01-13,Traeger Park,2,8.3,Perth Scorchers,Adelaide Strikers,HWR Cartwright,AC Agar,Rashid Khan,1,0,,,,,,,,,
1114882,2017/18,2018-01-13,Traeger Park,2,8.4,Perth Scorchers,Adelaide Strikers,AC Agar,HWR Cartwright,Rashid Khan,0,0,,,,,,,,,
1114882,2017/18,2018-01-13,Traeger Park,2,8.5,Perth Scorchers,Adelaide Strikers,AC Agar,HWR Cartwright,Rashid Khan,1,0,,,,,,,,,
1114882,2017/18,2018-01-13,Traeger Park,2,8.6,Perth Scorchers,Adelaide Strikers,HWR Cartwright,AC Agar,Rashid Khan,1,0,,,,,,,,,
1114882,2017/18,2018-01-13,Traeger Park,2,9.1,Perth Scorchers,Adelaide Strikers,HWR Cartwright,AC Agar,PM Siddle,0,0,,,,,,,,,
1114882,2017/18,2018-01-13,Traeger Park,2,9.2,Perth Scorchers,Adelaide Strikers,HWR Cartwright,AC Agar,PM Siddle,1,0,,,,,,,,,
1114882,2017/18,2018-01-13,Traeger Park,2,9.3,Perth Scorchers,Adelaide Strikers,AC Agar,HWR Cartwright,PM Siddle,0,0,,,,,,,,,
1114882,2017/18,2018-01-13,Traeger Park,2,9.4,Perth Scorchers,Adelaide Strikers,AC Agar,HWR Cartwright,PM Siddle,1,0,,,,,,,,,
1114882,2017/18,2018-01-13,Traeger Park,2,9.5,Perth Scorchers,Adelaide Strikers,HWR Cartwright,AC Agar,PM Siddle,0,0,,,,,,,,,
1114882,2017/18,2018-01-13,Traeger Park,2,9.6,Perth Scorchers,Adelaide Strikers,HWR Cartwright,AC Agar,PM Siddle,0,0,,,,,,,,,
1114882,2017/18,2018-01-13,Traeger Park,2,10.1,Perth Scorchers,Adelaide Strikers,AC Agar,HWR Cartwright,B Laughlin,1,0,,,,,,,,,
1114882,2017/18,2018-01-13,Traeger Park,2,10.2,Perth Scorchers,Adelaide Strikers,HWR Cartwright,AC Agar,B Laughlin,0,0,,,,,,,,,
1114882,2017/18,2018-01-13,Traeger Park,2,10.3,Perth Scorchers,Adelaide Strikers,HWR Cartwright,AC Agar,B Laughlin,1,0,,,,,,,,,
1114882,2017/18,2018-01-13,Traeger Park,2,10.4,Perth Scorchers,Adelaide Strikers,AC Agar,HWR Cartwright,B Laughlin,1,0,,,,,,,,,
1114882,2017/18,2018-01-13,Traeger Park,2,10.5,Perth Scorchers,Adelaide Strikers,HWR Cartwright,AC Agar,B Laughlin,1,0,,,,,,,,,
1114882,2017/18,2018-01-13,Traeger Park,2,10.6,Perth Scorchers,Adelaide Strikers,AC Agar,HWR Cartwright,B Laughlin,1,0,,,,,,,,,
1114882,2017/18,2018-01-13,Traeger Park,2,11.1,Perth Scorchers,Adelaide Strikers,AC Agar,HWR Cartwright,B Stanlake,0,0,,,,,,,,,
1114882,2017/18,2018-01-13,Traeger Park,2,11.2,Perth Scorchers,Adelaide Strikers,AC Agar,HWR Cartwright,B Stanlake,4,0,,,,,,,,,
1114882,2017/18,2018-01-13,Traeger Park,2,11.3,Perth Scorchers,Adelaide Strikers,AC Agar,HWR Cartwright,B Stanlake,0,0,,,,,,,,,
1114882,2017/18,2018-01-13,Traeger Park,2,11.4,Perth Scorchers,Adelaide Strikers,AC Agar,HWR Cartwright,B Stanlake,1,0,,,,,,,,,
1114882,2017/18,2018-01-13,Traeger Park,2,11.5,Perth Scorchers,Adelaide Strikers,HWR Cartwright,AC Agar,B Stanlake,2,0,,,,,,,,,
1114882,2017/18,2018-01-13,Traeger Park,2,11.6,Perth Scorchers,Adelaide Strikers,HWR Cartwright,AC Agar,B Stanlake,4,0,,,,,,,,,
1114882,2017/18,2018-01-13,Traeger Park,2,12.1,Perth Scorchers,Adelaide Strikers,AC Agar,HWR Cartwright,Rashid Khan,1,0,,,,,,,,,
1114882,2017/18,2018-01-13,Traeger Park,2,12.2,Perth Scorchers,Adelaide Strikers,HWR Cartwright,AC Agar,Rashid Khan,1,0,,,,,,,,,
1114882,2017/18,2018-01-13,Traeger Park,2,12.3,Perth Scorchers,Adelaide Strikers,AC Agar,HWR Cartwright,Rashid Khan,0,0,,,,,,,,,
1114882,2017/18,2018-01-13,Traeger Park,2,12.4,Perth Scorchers,Adelaide Strikers,AC Agar,HWR Cartwright,Rashid Khan,3,0,,,,,,,,,
1114882,2017/18,2018-01-13,Traeger Park,2,12.5,Perth Scorchers,Adelaide Strikers,HWR Cartwright,AC Agar,Rashid Khan,1,0,,,,,,,,,
1114882,2017/18,2018-01-13,Traeger Park,2,12.6,Perth Scorchers,Adelaide Strikers,AC Agar,HWR Cartwright,Rashid Khan,0,0,,,,,,,,,
1114882,2017/18,2018-01-13,Traeger Park,2,13.1,Perth Scorchers,Adelaide Strikers,HWR Cartwright,AC Agar,PM Siddle,0,0,,,,,,,,,
1114882,2017/18,2018-01-13,Traeger Park,2,13.2,Perth Scorchers,Adelaide Strikers,HWR Cartwright,AC Agar,PM Siddle,1,0,,,,,,,,,
1114882,2017/18,2018-01-13,Traeger Park,2,13.3,Perth Scorchers,Adelaide Strikers,AC Agar,HWR Cartwright,PM Siddle,0,0,,,,,,,,,
1114882,2017/18,2018-01-13,Traeger Park,2,13.4,Perth Scorchers,Adelaide Strikers,AC Agar,HWR Cartwright,PM Siddle,1,0,,,,,,,,,
1114882,2017/18,2018-01-13,Traeger Park,2,13.5,Perth Scorchers,Adelaide Strikers,HWR Cartwright,AC Agar,PM Siddle,2,0,,,,,,,,,
1114882,2017/18,2018-01-13,Traeger Park,2,13.6,Perth Scorchers,Adelaide Strikers,HWR Cartwright,AC Agar,PM Siddle,0,0,,,,,,,,,
1114882,2017/18,2018-01-13,Traeger Park,2,14.1,Perth Scorchers,Adelaide Strikers,AC Agar,HWR Cartwright,B Laughlin,2,0,,,,,,,,,
1114882,2017/18,2018-01-13,Traeger Park,2,14.2,Perth Scorchers,Adelaide Strikers,AC Agar,HWR Cartwright,B Laughlin,1,0,,,,,,,,,
1114882,2017/18,2018-01-13,Traeger Park,2,14.3,Perth Scorchers,Adelaide Strikers,HWR Cartwright,AC Agar,B Laughlin,1,0,,,,,,,,,
1114882,2017/18,2018-01-13,Traeger Park,2,14.4,Perth Scorchers,Adelaide Strikers,AC Agar,HWR Cartwright,B Laughlin,2,0,,,,,,,,,
1114882,2017/18,2018-01-13,Traeger Park,2,14.5,Perth Scorchers,Adelaide Strikers,AC Agar,HWR Cartwright,B Laughlin,0,0,,,,,,,,,
1114882,2017/18,2018-01-13,Traeger Park,2,14.6,Perth Scorchers,Adelaide Strikers,AC Agar,HWR Cartwright,B Laughlin,2,0,,,,,,,,,
1114882,2017/18,2018-01-13,Traeger Park,2,15.1,Perth Scorchers,Adelaide Strikers,HWR Cartwright,AC Agar,PM Siddle,6,0,,,,,,,,,
1114882,2017/18,2018-01-13,Traeger Park,2,15.2,Perth Scorchers,Adelaide Strikers,HWR Cartwright,AC Agar,PM Siddle,0,0,,,,,,,,,
1114882,2017/18,2018-01-13,Traeger Park,2,15.3,Perth Scorchers,Adelaide Strikers,HWR Cartwright,AC Agar,PM Siddle,0,1,,1,,,,,,,
1114882,2017/18,2018-01-13,Traeger Park,2,15.4,Perth Scorchers,Adelaide Strikers,HWR Cartwright,AC Agar,PM Siddle,6,0,,,,,,,,,
1114882,2017/18,2018-01-13,Traeger Park,2,15.5,Perth Scorchers,Adelaide Strikers,HWR Cartwright,AC Agar,PM Siddle,1,0,,,,,,,,,
1114882,2017/18,2018-01-13,Traeger Park,2,15.6,Perth Scorchers,Adelaide Strikers,AC Agar,HWR Cartwright,PM Siddle,0,1,,,,1,,,,,
1114882,2017/18,2018-01-13,Traeger Park,2,15.7,Perth Scorchers,Adelaide Strikers,HWR Cartwright,AC Agar,PM Siddle,1,0,,,,,,,,,
1114882,2017/18,2018-01-13,Traeger Park,2,16.1,Perth Scorchers,Adelaide Strikers,HWR Cartwright,AC Agar,Rashid Khan,1,0,,,,,,,,,
1114882,2017/18,2018-01-13,Traeger Park,2,16.2,Perth Scorchers,Adelaide Strikers,AC Agar,HWR Cartwright,Rashid Khan,1,0,,,,,,,,,
1114882,2017/18,2018-01-13,Traeger Park,2,16.3,Perth Scorchers,Adelaide Strikers,HWR Cartwright,AC Agar,Rashid Khan,0,0,,,,,,,,,
1114882,2017/18,2018-01-13,Traeger Park,2,16.4,Perth Scorchers,Adelaide Strikers,HWR Cartwright,AC Agar,Rashid Khan,1,0,,,,,,,,,
1114882,2017/18,2018-01-13,Traeger Park,2,16.5,Perth Scorchers,Adelaide Strikers,AC Agar,HWR Cartwright,Rashid Khan,0,0,,,,,,,,,
1114882,2017/18,2018-01-13,Traeger Park,2,16.6,Perth Scorchers,Adelaide Strikers,AC Agar,HWR Cartwright,Rashid Khan,0,0,,,,,,,,,
1114882,2017/18,2018-01-13,Traeger Park,2,17.1,Perth Scorchers,Adelaide Strikers,HWR Cartwright,AC Agar,B Laughlin,0,0,,,,,,,,,
1114882,2017/18,2018-01-13,Traeger Park,2,17.2,Perth Scorchers,Adelaide Strikers,HWR Cartwright,AC Agar,B Laughlin,2,0,,,,,,,,,
1114882,2017/18,2018-01-13,Traeger Park,2,17.3,Perth Scorchers,Adelaide Strikers,HWR Cartwright,AC Agar,B Laughlin,2,0,,,,,,,,,
1114882,2017/18,2018-01-13,Traeger Park,2,17.4,Perth Scorchers,Adelaide Strikers,HWR Cartwright,AC Agar,B Laughlin,0,0,,,,,,,,,
1114882,2017/18,2018-01-13,Traeger Park,2,17.5,Perth Scorchers,Adelaide Strikers,HWR Cartwright,AC Agar,B Laughlin,1,1,,1,,,,,,,
1114882,2017/18,2018-01-13,Traeger Park,2,17.6,Perth Scorchers,Adelaide Strikers,AC Agar,HWR Cartwright,B Laughlin,2,0,,,,,,,,,
1114882,2017/18,2018-01-13,Traeger Park,2,17.7,Perth Scorchers,Adelaide Strikers,AC Agar,HWR Cartwright,B Laughlin,0,0,,,,,,,,,
1114882,2017/18,2018-01-13,Traeger Park,2,18.1,Perth Scorchers,Adelaide Strikers,HWR Cartwright,AC Agar,MG Neser,0,0,,,,,,,,,
1114882,2017/18,2018-01-13,Traeger Park,2,18.2,Perth Scorchers,Adelaide Strikers,HWR Cartwright,AC Agar,MG Neser,4,0,,,,,,,,,
