match_id,season,start_date,venue,innings,ball,batting_team,bowling_team,striker,non_striker,bowler,runs_off_bat,extras,wides,noballs,byes,legbyes,penalty,wicket_type,player_dismissed,other_wicket_type,other_player_dismissed
1152515,2018/19,2018-12-22,Carrara Oval,1,0.1,Hobart Hurricanes,Brisbane Heat,MS Wade,DJM Short,JK Lalor,0,0,,,,,,,,,
1152515,2018/19,2018-12-22,Carrara Oval,1,0.2,Hobart Hurricanes,Brisbane Heat,MS Wade,DJM Short,JK Lalor,1,0,,,,,,,,,
1152515,2018/19,2018-12-22,Carrara Oval,1,0.3,Hobart Hurricanes,Brisbane Heat,DJM Short,MS Wade,JK Lalor,0,0,,,,,,,,,
1152515,2018/19,2018-12-22,Carrara Oval,1,0.4,Hobart Hurricanes,Brisbane Heat,DJM Short,MS Wade,JK Lalor,2,0,,,,,,,,,
1152515,2018/19,2018-12-22,Carrara Oval,1,0.5,Hobart Hurricanes,Brisbane Heat,DJM Short,MS Wade,JK Lalor,0,0,,,,,,,,,
1152515,2018/19,2018-12-22,Carrara Oval,1,0.6,Hobart Hurricanes,Brisbane Heat,DJM Short,MS Wade,JK Lalor,1,0,,,,,,,,,
1152515,2018/19,2018-12-22,Carrara Oval,1,1.1,Hobart Hurricanes,Brisbane Heat,DJM Short,MS Wade,Mujeeb Ur Rahman,0,0,,,,,,,,,
1152515,2018/19,2018-12-22,Carrara Oval,1,1.2,Hobart Hurricanes,Brisbane Heat,DJM Short,MS Wade,Mujeeb Ur Rahman,1,0,,,,,,,,,
1152515,2018/19,2018-12-22,Carrara Oval,1,1.3,Hobart Hurricanes,Brisbane Heat,MS Wade,DJM Short,Mujeeb Ur Rahman,0,0,,,,,,,,,
1152515,2018/19,2018-12-22,Carrara Oval,1,1.4,Hobart Hurricanes,Brisbane Heat,MS Wade,DJM Short,Mujeeb Ur Rahman,3,0,,,,,,,,,
1152515,2018/19,2018-12-22,Carrara Oval,1,1.5,Hobart Hurricanes,Brisbane Heat,DJM Short,MS Wade,Mujeeb Ur Rahman,1,0,,,,,,,,,
1152515,2018/19,2018-12-22,Carrara Oval,1,1.6,Hobart Hurricanes,Brisbane Heat,MS Wade,DJM Short,Mujeeb Ur Rahman,0,0,,,,,,,,,
1152515,2018/19,2018-12-22,Carrara Oval,1,2.1,Hobart Hurricanes,Brisbane Heat,DJM Short,MS Wade,JK Lalor,4,0,,,,,,,,,
1152515,2018/19,2018-12-22,Carrara Oval,1,2.2,Hobart Hurricanes,Brisbane Heat,DJM Short,MS Wade,JK Lalor,0,0,,,,,,,,,
1152515,2018/19,2018-12-22,Carrara Oval,1,2.3,Hobart Hurricanes,Brisbane Heat,DJM Short,MS Wade,JK Lalor,0,0,,,,,,,,,
1152515,2018/19,2018-12-22,Carrara Oval,1,2.4,Hobart Hurricanes,Brisbane Heat,DJM Short,MS Wade,JK Lalor,0,0,,,,,,,,,
1152515,2018/19,2018-12-22,Carrara Oval,1,2.5,Hobart Hurricanes,Brisbane Heat,DJM Short,MS Wade,JK Lalor,6,0,,,,,,,,,
1152515,2018/19,2018-12-22,Carrara Oval,1,2.6,Hobart Hurricanes,Brisbane Heat,DJM Short,MS Wade,JK Lalor,4,0,,,,,,,,,
1152515,2018/19,2018-12-22,Carrara Oval,1,3.1,Hobart Hurricanes,Brisbane Heat,MS Wade,DJM Short,Mujeeb Ur Rahman,0,0,,,,,,,,,
1152515,2018/19,2018-12-22,Carrara Oval,1,3.2,Hobart Hurricanes,Brisbane Heat,MS Wade,DJM Short,Mujeeb Ur Rahman,1,0,,,,,,,,,
1152515,2018/19,2018-12-22,Carrara Oval,1,3.3,Hobart Hurricanes,Brisbane Heat,DJM Short,MS Wade,Mujeeb Ur Rahman,0,0,,,,,,,,,
1152515,2018/19,2018-12-22,Carrara Oval,1,3.4,Hobart Hurricanes,Brisbane Heat,DJM Short,MS Wade,Mujeeb Ur Rahman,1,0,,,,,,,,,
1152515,2018/19,2018-12-22,Carrara Oval,1,3.5,Hobart Hurricanes,Brisbane Heat,MS Wade,DJM Short,Mujeeb Ur Rahman,0,0,,,,,,caught,MS Wade,,
1152515,2018/19,2018-12-22,Carrara Oval,1,3.6,Hobart Hurricanes,Brisbane Heat,AJ Doolan,DJM Short,Mujeeb Ur Rahman,0,0,,,,,,,,,
1152515,2018/19,2018-12-22,Carrara Oval,1,4.1,Hobart Hurricanes,Brisbane Heat,DJM Short,AJ Doolan,MT Steketee,1,0,,,,,,,,,
1152515,2018/19,2018-12-22,Carrara Oval,1,4.2,Hobart Hurricanes,Brisbane Heat,AJ Doolan,DJM Short,MT Steketee,1,0,,,,,,,,,
1152515,2018/19,2018-12-22,Carrara Oval,1,4.3,Hobart Hurricanes,Brisbane Heat,DJM Short,AJ Doolan,MT Steketee,0,0,,,,,,,,,
1152515,2018/19,2018-12-22,Carrara Oval,1,4.4,Hobart Hurricanes,Brisbane Heat,DJM Short,AJ Doolan,MT Steketee,6,0,,,,,,,,,
1152515,2018/19,2018-12-22,Carrara Oval,1,4.5,Hobart Hurricanes,Brisbane Heat,DJM Short,AJ Doolan,MT Steketee,0,1,1,,,,,,,,
1152515,2018/19,2018-12-22,Carrara Oval,1,4.6,Hobart Hurricanes,Brisbane Heat,DJM Short,AJ Doolan,MT Steketee,3,0,,,,,,,,,
1152515,2018/19,2018-12-22,Carrara Oval,1,4.7,Hobart Hurricanes,Brisbane Heat,AJ Doolan,DJM Short,MT Steketee,0,0,,,,,,,,,
1152515,2018/19,2018-12-22,Carrara Oval,1,5.1,Hobart Hurricanes,Brisbane Heat,DJM Short,AJ Doolan,Mujeeb Ur Rahman,1,0,,,,,,,,,
1152515,2018/19,2018-12-22,Carrara Oval,1,5.2,Hobart Hurricanes,Brisbane Heat,AJ Doolan,DJM Short,Mujeeb Ur Rahman,0,0,,,,,,,,,
1152515,2018/19,2018-12-22,Carrara Oval,1,5.3,Hobart Hurricanes,Brisbane Heat,AJ Doolan,DJM Short,Mujeeb Ur Rahman,4,0,,,,,,,,,
1152515,2018/19,2018-12-22,Carrara Oval,1,5.4,Hobart Hurricanes,Brisbane Heat,AJ Doolan,DJM Short,Mujeeb Ur Rahman,0,0,,,,,,bowled,AJ Doolan,,
1152515,2018/19,2018-12-22,Carrara Oval,1,5.5,Hobart Hurricanes,Brisbane Heat,BR McDermott,DJM Short,Mujeeb Ur Rahman,0,1,,,,1,,,,,
1152515,2018/19,2018-12-22,Carrara Oval,1,5.6,Hobart Hurricanes,Brisbane Heat,DJM Short,BR McDermott,Mujeeb Ur Rahman,0,0,,,,,,,,,
1152515,2018/19,2018-12-22,Carrara Oval,1,6.1,Hobart Hurricanes,Brisbane Heat,BR McDermott,DJM Short,MJ Swepson,1,0,,,,,,,,,
1152515,2018/19,2018-12-22,Carrara Oval,1,6.2,Hobart Hurricanes,Brisbane Heat,DJM Short,BR McDermott,MJ Swepson,0,0,,,,,,,,,
1152515,2018/19,2018-12-22,Carrara Oval,1,6.3,Hobart Hurricanes,Brisbane Heat,DJM Short,BR McDermott,MJ Swepson,1,0,,,,,,,,,
1152515,2018/19,2018-12-22,Carrara Oval,1,6.4,Hobart Hurricanes,Brisbane Heat,BR McDermott,DJM Short,MJ Swepson,0,0,,,,,,,,,
1152515,2018/19,2018-12-22,Carrara Oval,1,6.5,Hobart Hurricanes,Brisbane Heat,BR McDermott,DJM Short,MJ Swepson,6,0,,,,,,,,,
1152515,2018/19,2018-12-22,Carrara Oval,1,6.6,Hobart Hurricanes,Brisbane Heat,BR McDermott,DJM Short,MJ Swepson,0,0,,,,,,,,,
1152515,2018/19,2018-12-22,Carrara Oval,1,7.1,Hobart Hurricanes,Brisbane Heat,DJM Short,BR McDermott,BCJ Cutting,1,0,,,,,,,,,
1152515,2018/19,2018-12-22,Carrara Oval,1,7.2,Hobart Hurricanes,Brisbane Heat,BR McDermott,DJM Short,BCJ Cutting,1,0,,,,,,,,,
1152515,2018/19,2018-12-22,Carrara Oval,1,7.3,Hobart Hurricanes,Brisbane Heat,DJM Short,BR McDermott,BCJ Cutting,1,0,,,,,,,,,
1152515,2018/19,2018-12-22,Carrara Oval,1,7.4,Hobart Hurricanes,Brisbane Heat,BR McDermott,DJM Short,BCJ Cutting,0,0,,,,,,,,,
1152515,2018/19,2018-12-22,Carrara Oval,1,7.5,Hobart Hurricanes,Brisbane Heat,BR McDermott,DJM Short,BCJ Cutting,1,0,,,,,,,,,
1152515,2018/19,2018-12-22,Carrara Oval,1,7.6,Hobart Hurricanes,Brisbane Heat,DJM Short,BR McDermott,BCJ Cutting,0,0,,,,,,,,,
1152515,2018/19,2018-12-22,Carrara Oval,1,8.1,Hobart Hurricanes,Brisbane Heat,BR McDermott,DJM Short,MJ Swepson,1,0,,,,,,,,,
1152515,2018/19,2018-12-22,Carrara Oval,1,8.2,Hobart Hurricanes,Brisbane Heat,DJM Short,BR McDermott,MJ Swepson,1,0,,,,,,,,,
1152515,2018/19,2018-12-22,Carrara Oval,1,8.3,Hobart Hurricanes,Brisbane Heat,BR McDermott,DJM Short,MJ Swepson,1,0,,,,,,,,,
1152515,2018/19,2018-12-22,Carrara Oval,1,8.4,Hobart Hurricanes,Brisbane Heat,DJM Short,BR McDermott,MJ Swepson,0,0,,,,,,,,,
1152515,2018/19,2018-12-22,Carrara Oval,1,8.5,Hobart Hurricanes,Brisbane Heat,DJM Short,BR McDermott,MJ Swepson,2,0,,,,,,,,,
1152515,2018/19,2018-12-22,Carrara Oval,1,8.6,Hobart Hurricanes,Brisbane Heat,DJM Short,BR McDermott,MJ Swepson,1,0,,,,,,,,,
1152515,2018/19,2018-12-22,Carrara Oval,1,9.1,Hobart Hurricanes,Brisbane Heat,DJM Short,BR McDermott,MT Steketee,0,0,,,,,,,,,
1152515,2018/19,2018-12-22,Carrara Oval,1,9.2,Hobart Hurricanes,Brisbane Heat,DJM Short,BR McDermott,MT Steketee,1,0,,,,,,,,,
1152515,2018/19,2018-12-22,Carrara Oval,1,9.3,Hobart Hurricanes,Brisbane Heat,BR McDermott,DJM Short,MT Steketee,1,0,,,,,,,,,
1152515,2018/19,2018-12-22,Carrara Oval,1,9.4,Hobart Hurricanes,Brisbane Heat,DJM Short,BR McDermott,MT Steketee,0,0,,,,,,,,,
1152515,2018/19,2018-12-22,Carrara Oval,1,9.5,Hobart Hurricanes,Brisbane Heat,DJM Short,BR McDermott,MT Steketee,0,0,,,,,,,,,
1152515,2018/19,2018-12-22,Carrara Oval,1,9.6,Hobart Hurricanes,Brisbane Heat,DJM Short,BR McDermott,MT Steketee,4,0,,,,,,,,,
1152515,2018/19,2018-12-22,Carrara Oval,1,10.1,Hobart Hurricanes,Brisbane Heat,BR McDermott,DJM Short,MJ Swepson,6,0,,,,,,,,,
1152515,2018/19,2018-12-22,Carrara Oval,1,10.2,Hobart Hurricanes,Brisbane Heat,BR McDermott,DJM Short,MJ Swepson,1,0,,,,,,,,,
1152515,2018/19,2018-12-22,Carrara Oval,1,10.3,Hobart Hurricanes,Brisbane Heat,DJM Short,BR McDermott,MJ Swepson,4,0,,,,,,,,,
1152515,2018/19,2018-12-22,Carrara Oval,1,10.4,Hobart Hurricanes,Brisbane Heat,DJM Short,BR McDermott,MJ Swepson,1,0,,,,,,,,,
1152515,2018/19,2018-12-22,Carrara Oval,1,10.5,Hobart Hurricanes,Brisbane Heat,BR McDermott,DJM Short,MJ Swepson,1,0,,,,,,,,,
1152515,2018/19,2018-12-22,Carrara Oval,1,10.6,Hobart Hurricanes,Brisbane Heat,DJM Short,BR McDermott,MJ Swepson,1,0,,,,,,,,,
1152515,2018/19,2018-12-22,Carrara Oval,1,11.1,Hobart Hurricanes,Brisbane Heat,DJM Short,BR McDermott,BCJ Cutting,1,0,,,,,,,,,
1152515,2018/19,2018-12-22,Carrara Oval,1,11.2,Hobart Hurricanes,Brisbane Heat,BR McDermott,DJM Short,BCJ Cutting,4,0,,,,,,,,,
1152515,2018/19,2018-12-22,Carrara Oval,1,11.3,Hobart Hurricanes,Brisbane Heat,BR McDermott,DJM Short,BCJ Cutting,1,0,,,,,,,,,
1152515,2018/19,2018-12-22,Carrara Oval,1,11.4,Hobart Hurricanes,Brisbane Heat,DJM Short,BR McDermott,BCJ Cutting,0,1,1,,,,,,,,
1152515,2018/19,2018-12-22,Carrara Oval,1,11.5,Hobart Hurricanes,Brisbane Heat,DJM Short,BR McDermott,BCJ Cutting,0,0,,,,,,,,,
1152515,2018/19,2018-12-22,Carrara Oval,1,11.6,Hobart Hurricanes,Brisbane Heat,DJM Short,BR McDermott,BCJ Cutting,0,0,,,,,,,,,
1152515,2018/19,2018-12-22,Carrara Oval,1,11.7,Hobart Hurricanes,Brisbane Heat,DJM Short,BR McDermott,BCJ Cutting,1,0,,,,,,,,,
1152515,2018/19,2018-12-22,Carrara Oval,1,12.1,Hobart Hurricanes,Brisbane Heat,DJM Short,BR McDermott,MJ Swepson,6,0,,,,,,,,,
1152515,2018/19,2018-12-22,Carrara Oval,1,12.2,Hobart Hurricanes,Brisbane Heat,DJM Short,BR McDermott,MJ Swepson,6,0,,,,,,,,,
1152515,2018/19,2018-12-22,Carrara Oval,1,12.3,Hobart Hurricanes,Brisbane Heat,DJM Short,BR McDermott,MJ Swepson,0,0,,,,,,run out,BR McDermott,,
1152515,2018/19,2018-12-22,Carrara Oval,1,12.4,Hobart Hurricanes,Brisbane Heat,GJ Bailey,DJM Short,MJ Swepson,1,0,,,,,,,,,
1152515,2018/19,2018-12-22,Carrara Oval,1,12.5,Hobart Hurricanes,Brisbane Heat,DJM Short,GJ Bailey,MJ Swepson,0,0,,,,,,,,,
1152515,2018/19,2018-12-22,Carrara Oval,1,12.6,Hobart Hurricanes,Brisbane Heat,DJM Short,GJ Bailey,MJ Swepson,2,0,,,,,,,,,
1152515,2018/19,2018-12-22,Carrara Oval,1,13.1,Hobart Hurricanes,Brisbane Heat,GJ Bailey,DJM Short,Mujeeb Ur Rahman,1,0,,,,,,,,,
1152515,2018/19,2018-12-22,Carrara Oval,1,13.2,Hobart Hurricanes,Brisbane Heat,DJM Short,GJ Bailey,Mujeeb Ur Rahman,0,0,,,,,,,,,
1152515,2018/19,2018-12-22,Carrara Oval,1,13.3,Hobart Hurricanes,Brisbane Heat,DJM Short,GJ Bailey,Mujeeb Ur Rahman,0,0,,,,,,,,,
1152515,2018/19,2018-12-22,Carrara Oval,1,13.4,Hobart Hurricanes,Brisbane Heat,DJM Short,GJ Bailey,Mujeeb Ur Rahman,1,0,,,,,,,,,
1152515,2018/19,2018-12-22,Carrara Oval,1,13.5,Hobart Hurricanes,Brisbane Heat,GJ Bailey,DJM Short,Mujeeb Ur Rahman,3,0,,,,,,,,,
1152515,2018/19,2018-12-22,Carrara Oval,1,13.6,Hobart Hurricanes,Brisbane Heat,DJM Short,GJ Bailey,Mujeeb Ur Rahman,0,5,5,,,,,,,,
1152515,2018/19,2018-12-22,Carrara Oval,1,13.7,Hobart Hurricanes,Brisbane Heat,DJM Short,GJ Bailey,Mujeeb Ur Rahman,1,0,,,,,,,,,
1152515,2018/19,2018-12-22,Carrara Oval,1,14.1,Hobart Hurricanes,Brisbane Heat,DJM Short,GJ Bailey,MT Steketee,0,0,,,,,,caught,DJM Short,,
1152515,2018/19,2018-12-22,Carrara Oval,1,14.2,Hobart Hurricanes,Brisbane Heat,S Milenko,GJ Bailey,MT Steketee,1,0,,,,,,,,,
1152515,2018/19,2018-12-22,Carrara Oval,1,14.3,Hobart Hurricanes,Brisbane Heat,GJ Bailey,S Milenko,MT Steketee,1,0,,,,,,,,,
1152515,2018/19,2018-12-22,Carrara Oval,1,14.4,Hobart Hurricanes,Brisbane Heat,S Milenko,GJ Bailey,MT Steketee,1,0,,,,,,,,,
1152515,2018/19,2018-12-22,Carrara Oval,1,14.5,Hobart Hurricanes,Brisbane Heat,GJ Bailey,S Milenko,MT Steketee,1,0,,,,,,,,,
1152515,2018/19,2018-12-22,Carrara Oval,1,14.6,Hobart Hurricanes,Brisbane Heat,S Milenko,GJ Bailey,MT Steketee,0,0,,,,,,,,,
1152515,2018/19,2018-12-22,Carrara Oval,1,15.1,Hobart Hurricanes,Brisbane Heat,GJ Bailey,S Milenko,BCJ Cutting,1,0,,,,,,,,,
1152515,2018/19,2018-12-22,Carrara Oval,1,15.2,Hobart Hurricanes,Brisbane Heat,S Milenko,GJ Bailey,BCJ Cutting,0,0,,,,,,,,,
1152515,2018/19,2018-12-22,Carrara Oval,1,15.3,Hobart Hurricanes,Brisbane Heat,S Milenko,GJ Bailey,BCJ Cutting,1,0,,,,,,,,,
1152515,2018/19,2018-12-22,Carrara Oval,1,15.4,Hobart Hurricanes,Brisbane Heat,GJ Bailey,S Milenko,BCJ Cutting,4,0,,,,,,,,,
1152515,2018/19,2018-12-22,Carrara Oval,1,15.5,Hobart Hurricanes,Brisbane Heat,GJ Bailey,S Milenko,BCJ Cutting,1,0,,,,,,,,,
1152515,2018/19,2018-12-22,Carrara Oval,1,15.6,Hobart Hurricanes,Brisbane Heat,S Milenko,GJ Bailey,BCJ Cutting,0,0,,,,,,,,,
1152515,2018/19,2018-12-22,Carrara Oval,1,16.1,Hobart Hurricanes,Brisbane Heat,GJ Bailey,S Milenko,JK Lalor,1,0,,,,,,,,,
1152515,2018/19,2018-12-22,Carrara Oval,1,16.2,Hobart Hurricanes,Brisbane Heat,S Milenko,GJ Bailey,JK Lalor,1,0,,,,,,,,,
1152515,2018/19,2018-12-22,Carrara Oval,1,16.3,Hobart Hurricanes,Brisbane Heat,GJ Bailey,S Milenko,JK Lalor,4,0,,,,,,,,,
1152515,2018/19,2018-12-22,Carrara Oval,1,16.4,Hobart Hurricanes,Brisbane Heat,GJ Bailey,S Milenko,JK Lalor,4,0,,,,,,,,,
1152515,2018/19,2018-12-22,Carrara Oval,1,16.5,Hobart Hurricanes,Brisbane Heat,GJ Bailey,S Milenko,JK Lalor,0,0,,,,,,caught,GJ Bailey,,
1152515,2018/19,2018-12-22,Carrara Oval,1,16.6,Hobart Hurricanes,Brisbane Heat,S Milenko,JP Faulkner,JK Lalor,0,1,1,,,,,,,,
1152515,2018/19,2018-12-22,Carrara Oval,1,16.7,Hobart Hurricanes,Brisbane Heat,S Milenko,JP Faulkner,JK Lalor,0,0,,,,,,,,,
1152515,2018/19,2018-12-22,Carrara Oval,1,17.1,Hobart Hurricanes,Brisbane Heat,JP Faulkner,S Milenko,BCJ Cutting,0,0,,,,,,,,,
1152515,2018/19,2018-12-22,Carrara Oval,1,17.2,Hobart Hurricanes,Brisbane Heat,JP Faulkner,S Milenko,BCJ Cutting,0,1,1,,,,,,,,
1152515,2018/19,2018-12-22,Carrara Oval,1,17.3,Hobart Hurricanes,Brisbane Heat,JP Faulkner,S Milenko,BCJ Cutting,0,0,,,,,,,,,
1152515,2018/19,2018-12-22,Carrara Oval,1,17.4,Hobart Hurricanes,Brisbane Heat,JP Faulkner,S Milenko,BCJ Cutting,1,0,,,,,,,,,
1152515,2018/19,2018-12-22,Carrara Oval,1,17.5,Hobart Hurricanes,Brisbane Heat,S Milenko,JP Faulkner,BCJ Cutting,0,1,,1,,,,,,,
1152515,2018/19,2018-12-22,Carrara Oval,1,17.6,Hobart Hurricanes,Brisbane Heat,S Milenko,JP Faulkner,BCJ Cutting,0,1,1,,,,,,,,
1152515,2018/19,2018-12-22,Carrara Oval,1,17.7,Hobart Hurricanes,Brisbane Heat,S Milenko,JP Faulkner,BCJ Cutting,1,0,,,,,,,,,
1152515,2018/19,2018-12-22,Carrara Oval,1,17.8,Hobart Hurricanes,Brisbane Heat,JP Faulkner,S Milenko,BCJ Cutting,2,0,,,,,,,,,
1152515,2018/19,2018-12-22,Carrara Oval,1,17.9,Hobart Hurricanes,Brisbane Heat,JP Faulkner,S Milenko,BCJ Cutting,1,0,,,,,,,,,
1152515,2018/19,2018-12-22,Carrara Oval,1,18.1,Hobart Hurricanes,Brisbane Heat,JP Faulkner,S Milenko,MT Steketee,0,0,,,,,,caught,JP Faulkner,,
1152515,2018/19,2018-12-22,Carrara Oval,1,18.2,Hobart Hurricanes,Brisbane Heat,S Milenko,J Botha,MT Steketee,1,0,,,,,,,,,
1152515,2018/19,2018-12-22,Carrara Oval,1,18.3,Hobart Hurricanes,Brisbane Heat,J Botha,S Milenko,MT Steketee,1,0,,,,,,,,,
1152515,2018/19,2018-12-22,Carrara Oval,1,18.4,Hobart Hurricanes,Brisbane Heat,S Milenko,J Botha,MT Steketee,6,0,,,,,,,,,
1152515,2018/19,2018-12-22,Carrara Oval,1,18.5,Hobart Hurricanes,Brisbane Heat,S Milenko,J Botha,MT Steketee,0,0,,,,,,,,,
1152515,2018/19,2018-12-22,Carrara Oval,1,18.6,Hobart Hurricanes,Brisbane Heat,S Milenko,J Botha,MT Steketee,6,0,,,,,,,,,
1152515,2018/19,2018-12-22,Carrara Oval,2,0.1,Brisbane Heat,Hobart Hurricanes,BB McCullum,M Bryant,JP Faulkner,3,0,,,,,,,,,
1152515,2018/19,2018-12-22,Carrara Oval,2,0.2,Brisbane Heat,Hobart Hurricanes,M Bryant,BB McCullum,JP Faulkner,0,0,,,,,,,,,
1152515,2018/19,2018-12-22,Carrara Oval,2,0.3,Brisbane Heat,Hobart Hurricanes,M Bryant,BB McCullum,JP Faulkner,0,3,3,,,,,,,,
1152515,2018/19,2018-12-22,Carrara Oval,2,0.4,Brisbane Heat,Hobart Hurricanes,M Bryant,BB McCullum,JP Faulkner,0,0,,,,,,,,,
1152515,2018/19,2018-12-22,Carrara Oval,2,0.5,Brisbane Heat,Hobart Hurricanes,M Bryant,BB McCullum,JP Faulkner,0,1,1,,,,,,,,
1152515,2018/19,2018-12-22,Carrara Oval,2,0.6,Brisbane Heat,Hobart Hurricanes,M Bryant,BB McCullum,JP Faulkner,1,0,,,,,,,,,
1152515,2018/19,2018-12-22,Carrara Oval,2,0.7,Brisbane Heat,Hobart Hurricanes,BB McCullum,M Bryant,JP Faulkner,0,0,,,,,,,,,
1152515,2018/19,2018-12-22,Carrara Oval,2,0.8,Brisbane Heat,Hobart Hurricanes,BB McCullum,M Bryant,JP Faulkner,1,0,,,,,,,,,
1152515,2018/19,2018-12-22,Carrara Oval,2,1.1,Brisbane Heat,Hobart Hurricanes,BB McCullum,M Bryant,CA Rose,0,0,,,,,,run out,BB McCullum,,
1152515,2018/19,2018-12-22,Carrara Oval,2,1.2,Brisbane Heat,Hobart Hurricanes,M Bryant,CA Lynn,CA Rose,6,0,,,,,,,,,
1152515,2018/19,2018-12-22,Carrara Oval,2,1.3,Brisbane Heat,Hobart Hurricanes,M Bryant,CA Lynn,CA Rose,4,0,,,,,,,,,
1152515,2018/19,2018-12-22,Carrara Oval,2,1.4,Brisbane Heat,Hobart Hurricanes,M Bryant,CA Lynn,CA Rose,0,0,,,,,,,,,
1152515,2018/19,2018-12-22,Carrara Oval,2,1.5,Brisbane Heat,Hobart Hurricanes,M Bryant,CA Lynn,CA Rose,4,0,,,,,,,,,
1152515,2018/19,2018-12-22,Carrara Oval,2,1.6,Brisbane Heat,Hobart Hurricanes,M Bryant,CA Lynn,CA Rose,4,0,,,,,,,,,
1152515,2018/19,2018-12-22,Carrara Oval,2,2.1,Brisbane Heat,Hobart Hurricanes,CA Lynn,M Bryant,JC Archer,0,0,,,,,,,,,
1152515,2018/19,2018-12-22,Carrara Oval,2,2.2,Brisbane Heat,Hobart Hurricanes,CA Lynn,M Bryant,JC Archer,0,0,,,,,,,,,
1152515,2018/19,2018-12-22,Carrara Oval,2,2.3,Brisbane Heat,Hobart Hurricanes,CA Lynn,M Bryant,JC Archer,0,0,,,,,,,,,
1152515,2018/19,2018-12-22,Carrara Oval,2,2.4,Brisbane Heat,Hobart Hurricanes,CA Lynn,M Bryant,JC Archer,0,0,,,,,,,,,
1152515,2018/19,2018-12-22,Carrara Oval,2,2.5,Brisbane Heat,Hobart Hurricanes,CA Lynn,M Bryant,JC Archer,4,0,,,,,,,,,
1152515,2018/19,2018-12-22,Carrara Oval,2,2.6,Brisbane Heat,Hobart Hurricanes,CA Lynn,M Bryant,JC Archer,0,0,,,,,,,,,
1152515,2018/19,2018-12-22,Carrara Oval,2,3.1,Brisbane Heat,Hobart Hurricanes,M Bryant,CA Lynn,JP Faulkner,6,0,,,,,,,,,
1152515,2018/19,2018-12-22,Carrara Oval,2,3.2,Brisbane Heat,Hobart Hurricanes,M Bryant,CA Lynn,JP Faulkner,0,0,,,,,,,,,
1152515,2018/19,2018-12-22,Carrara Oval,2,3.3,Brisbane Heat,Hobart Hurricanes,M Bryant,CA Lynn,JP Faulkner,0,0,,,,,,,,,
1152515,2018/19,2018-12-22,Carrara Oval,2,3.4,Brisbane Heat,Hobart Hurricanes,M Bryant,CA Lynn,JP Faulkner,1,0,,,,,,,,,
1152515,2018/19,2018-12-22,Carrara Oval,2,3.5,Brisbane Heat,Hobart Hurricanes,CA Lynn,M Bryant,JP Faulkner,0,0,,,,,,,,,
1152515,2018/19,2018-12-22,Carrara Oval,2,3.6,Brisbane Heat,Hobart Hurricanes,CA Lynn,M Bryant,JP Faulkner,0,0,,,,,,,,,
1152515,2018/19,2018-12-22,Carrara Oval,2,4.1,Brisbane Heat,Hobart Hurricanes,M Bryant,CA Lynn,J Botha,4,0,,,,,,,,,
1152515,2018/19,2018-12-22,Carrara Oval,2,4.2,Brisbane Heat,Hobart Hurricanes,M Bryant,CA Lynn,J Botha,0,0,,,,,,,,,
1152515,2018/19,2018-12-22,Carrara Oval,2,4.3,Brisbane Heat,Hobart Hurricanes,M Bryant,CA Lynn,J Botha,0,0,,,,,,caught,M Bryant,,
1152515,2018/19,2018-12-22,Carrara Oval,2,4.4,Brisbane Heat,Hobart Hurricanes,JA Burns,CA Lynn,J Botha,1,0,,,,,,,,,
1152515,2018/19,2018-12-22,Carrara Oval,2,4.5,Brisbane Heat,Hobart Hurricanes,CA Lynn,JA Burns,J Botha,6,0,,,,,,,,,
1152515,2018/19,2018-12-22,Carrara Oval,2,4.6,Brisbane Heat,Hobart Hurricanes,CA Lynn,JA Burns,J Botha,0,0,,,,,,,,,
1152515,2018/19,2018-12-22,Carrara Oval,2,5.1,Brisbane Heat,Hobart Hurricanes,JA Burns,CA Lynn,JC Archer,1,0,,,,,,,,,
1152515,2018/19,2018-12-22,Carrara Oval,2,5.2,Brisbane Heat,Hobart Hurricanes,CA Lynn,JA Burns,JC Archer,1,0,,,,,,,,,
1152515,2018/19,2018-12-22,Carrara Oval,2,5.3,Brisbane Heat,Hobart Hurricanes,JA Burns,CA Lynn,JC Archer,0,0,,,,,,,,,
1152515,2018/19,2018-12-22,Carrara Oval,2,5.4,Brisbane Heat,Hobart Hurricanes,JA Burns,CA Lynn,JC Archer,1,0,,,,,,,,,
1152515,2018/19,2018-12-22,Carrara Oval,2,5.5,Brisbane Heat,Hobart Hurricanes,CA Lynn,JA Burns,JC Archer,0,0,,,,,,,,,
1152515,2018/19,2018-12-22,Carrara Oval,2,5.6,Brisbane Heat,Hobart Hurricanes,CA Lynn,JA Burns,JC Archer,0,0,,,,,,,,,
1152515,2018/19,2018-12-22,Carrara Oval,2,6.1,Brisbane Heat,Hobart Hurricanes,JA Burns,CA Lynn,J Botha,1,0,,,,,,,,,
1152515,2018/19,2018-12-22,Carrara Oval,2,6.2,Brisbane Heat,Hobart Hurricanes,CA Lynn,JA Burns,J Botha,1,0,,,,,,,,,
1152515,2018/19,2018-12-22,Carrara Oval,2,6.3,Brisbane Heat,Hobart Hurricanes,JA Burns,CA Lynn,J Botha,0,0,,,,,,caught,JA Burns,,
1152515,2018/19,2018-12-22,Carrara Oval,2,6.4,Brisbane Heat,Hobart Hurricanes,CA Lynn,SD Heazlett,J Botha,0,0,,,,,,,,,
1152515,2018/19,2018-12-22,Carrara Oval,2,6.5,Brisbane Heat,Hobart Hurricanes,CA Lynn,SD Heazlett,J Botha,1,0,,,,,,,,,
1152515,2018/19,2018-12-22,Carrara Oval,2,6.6,Brisbane Heat,Hobart Hurricanes,SD Heazlett,CA Lynn,J Botha,0,0,,,,,,,,,
1152515,2018/19,2018-12-22,Carrara Oval,2,7.1,Brisbane Heat,Hobart Hurricanes,CA Lynn,SD Heazlett,RP Meredith,0,0,,,,,,,,,
1152515,2018/19,2018-12-22,Carrara Oval,2,7.2,Brisbane Heat,Hobart Hurricanes,CA Lynn,SD Heazlett,RP Meredith,1,0,,,,,,,,,
1152515,2018/19,2018-12-22,Carrara Oval,2,7.3,Brisbane Heat,Hobart Hurricanes,SD Heazlett,CA Lynn,RP Meredith,0,0,,,,,,,,,
1152515,2018/19,2018-12-22,Carrara Oval,2,7.4,Brisbane Heat,Hobart Hurricanes,SD Heazlett,CA Lynn,RP Meredith,0,0,,,,,,,,,
1152515,2018/19,2018-12-22,Carrara Oval,2,7.5,Brisbane Heat,Hobart Hurricanes,SD Heazlett,CA Lynn,RP Meredith,0,0,,,,,,bowled,SD Heazlett,,
1152515,2018/19,2018-12-22,Carrara Oval,2,7.6,Brisbane Heat,Hobart Hurricanes,BCJ Cutting,CA Lynn,RP Meredith,2,0,,,,,,,,,
1152515,2018/19,2018-12-22,Carrara Oval,2,8.1,Brisbane Heat,Hobart Hurricanes,CA Lynn,BCJ Cutting,CA Rose,0,0,,,,,,,,,
1152515,2018/19,2018-12-22,Carrara Oval,2,8.2,Brisbane Heat,Hobart Hurricanes,CA Lynn,BCJ Cutting,CA Rose,1,0,,,,,,,,,
1152515,2018/19,2018-12-22,Carrara Oval,2,8.3,Brisbane Heat,Hobart Hurricanes,BCJ Cutting,CA Lynn,CA Rose,0,0,,,,,,,,,
1152515,2018/19,2018-12-22,Carrara Oval,2,8.4,Brisbane Heat,Hobart Hurricanes,BCJ Cutting,CA Lynn,CA Rose,1,0,,,,,,,,,
1152515,2018/19,2018-12-22,Carrara Oval,2,8.5,Brisbane Heat,Hobart Hurricanes,CA Lynn,BCJ Cutting,CA Rose,0,0,,,,,,,,,
1152515,2018/19,2018-12-22,Carrara Oval,2,8.6,Brisbane Heat,Hobart Hurricanes,CA Lynn,BCJ Cutting,CA Rose,0,0,,,,,,,,,
1152515,2018/19,2018-12-22,Carrara Oval,2,9.1,Brisbane Heat,Hobart Hurricanes,BCJ Cutting,CA Lynn,RP Meredith,1,0,,,,,,,,,
1152515,2018/19,2018-12-22,Carrara Oval,2,9.2,Brisbane Heat,Hobart Hurricanes,CA Lynn,BCJ Cutting,RP Meredith,4,0,,,,,,,,,
1152515,2018/19,2018-12-22,Carrara Oval,2,9.3,Brisbane Heat,Hobart Hurricanes,CA Lynn,BCJ Cutting,RP Meredith,1,0,,,,,,,,,
1152515,2018/19,2018-12-22,Carrara Oval,2,9.4,Brisbane Heat,Hobart Hurricanes,BCJ Cutting,CA Lynn,RP Meredith,0,0,,,,,,,,,
1152515,2018/19,2018-12-22,Carrara Oval,2,9.5,Brisbane Heat,Hobart Hurricanes,BCJ Cutting,CA Lynn,RP Meredith,0,0,,,,,,,,,
1152515,2018/19,2018-12-22,Carrara Oval,2,9.6,Brisbane Heat,Hobart Hurricanes,BCJ Cutting,CA Lynn,RP Meredith,6,0,,,,,,,,,
1152515,2018/19,2018-12-22,Carrara Oval,2,10.1,Brisbane Heat,Hobart Hurricanes,CA Lynn,BCJ Cutting,CA Rose,1,0,,,,,,,,,
1152515,2018/19,2018-12-22,Carrara Oval,2,10.2,Brisbane Heat,Hobart Hurricanes,BCJ Cutting,CA Lynn,CA Rose,1,0,,,,,,,,,
1152515,2018/19,2018-12-22,Carrara Oval,2,10.3,Brisbane Heat,Hobart Hurricanes,CA Lynn,BCJ Cutting,CA Rose,0,0,,,,,,,,,
1152515,2018/19,2018-12-22,Carrara Oval,2,10.4,Brisbane Heat,Hobart Hurricanes,CA Lynn,BCJ Cutting,CA Rose,1,0,,,,,,,,,
1152515,2018/19,2018-12-22,Carrara Oval,2,10.5,Brisbane Heat,Hobart Hurricanes,BCJ Cutting,CA Lynn,CA Rose,1,0,,,,,,,,,
1152515,2018/19,2018-12-22,Carrara Oval,2,10.6,Brisbane Heat,Hobart Hurricanes,CA Lynn,BCJ Cutting,CA Rose,1,0,,,,,,,,,
1152515,2018/19,2018-12-22,Carrara Oval,2,11.1,Brisbane Heat,Hobart Hurricanes,CA Lynn,BCJ Cutting,DJM Short,1,0,,,,,,,,,
1152515,2018/19,2018-12-22,Carrara Oval,2,11.2,Brisbane Heat,Hobart Hurricanes,BCJ Cutting,CA Lynn,DJM Short,6,0,,,,,,,,,
1152515,2018/19,2018-12-22,Carrara Oval,2,11.3,Brisbane Heat,Hobart Hurricanes,BCJ Cutting,CA Lynn,DJM Short,1,0,,,,,,,,,
1152515,2018/19,2018-12-22,Carrara Oval,2,11.4,Brisbane Heat,Hobart Hurricanes,CA Lynn,BCJ Cutting,DJM Short,1,0,,,,,,,,,
1152515,2018/19,2018-12-22,Carrara Oval,2,11.5,Brisbane Heat,Hobart Hurricanes,BCJ Cutting,CA Lynn,DJM Short,1,0,,,,,,,,,
1152515,2018/19,2018-12-22,Carrara Oval,2,11.6,Brisbane Heat,Hobart Hurricanes,CA Lynn,BCJ Cutting,DJM Short,1,0,,,,,,,,,
1152515,2018/19,2018-12-22,Carrara Oval,2,12.1,Brisbane Heat,Hobart Hurricanes,CA Lynn,BCJ Cutting,J Botha,0,0,,,,,,,,,
1152515,2018/19,2018-12-22,Carrara Oval,2,12.2,Brisbane Heat,Hobart Hurricanes,CA Lynn,BCJ Cutting,J Botha,1,0,,,,,,,,,
1152515,2018/19,2018-12-22,Carrara Oval,2,12.3,Brisbane Heat,Hobart Hurricanes,BCJ Cutting,CA Lynn,J Botha,1,0,,,,,,,,,
1152515,2018/19,2018-12-22,Carrara Oval,2,12.4,Brisbane Heat,Hobart Hurricanes,CA Lynn,BCJ Cutting,J Botha,1,0,,,,,,,,,
1152515,2018/19,2018-12-22,Carrara Oval,2,12.5,Brisbane Heat,Hobart Hurricanes,BCJ Cutting,CA Lynn,J Botha,1,0,,,,,,,,,
1152515,2018/19,2018-12-22,Carrara Oval,2,12.6,Brisbane Heat,Hobart Hurricanes,CA Lynn,BCJ Cutting,J Botha,1,0,,,,,,,,,
1152515,2018/19,2018-12-22,Carrara Oval,2,13.1,Brisbane Heat,Hobart Hurricanes,CA Lynn,BCJ Cutting,JP Faulkner,0,0,,,,,,,,,
1152515,2018/19,2018-12-22,Carrara Oval,2,13.2,Brisbane Heat,Hobart Hurricanes,CA Lynn,BCJ Cutting,JP Faulkner,0,0,,,,,,caught,CA Lynn,,
1152515,2018/19,2018-12-22,Carrara Oval,2,13.3,Brisbane Heat,Hobart Hurricanes,BCJ Cutting,JJ Peirson,JP Faulkner,4,0,,,,,,,,,
1152515,2018/19,2018-12-22,Carrara Oval,2,13.4,Brisbane Heat,Hobart Hurricanes,BCJ Cutting,JJ Peirson,JP Faulkner,1,0,,,,,,,,,
1152515,2018/19,2018-12-22,Carrara Oval,2,13.5,Brisbane Heat,Hobart Hurricanes,JJ Peirson,BCJ Cutting,JP Faulkner,1,0,,,,,,,,,
1152515,2018/19,2018-12-22,Carrara Oval,2,13.6,Brisbane Heat,Hobart Hurricanes,BCJ Cutting,JJ Peirson,JP Faulkner,0,0,,,,,,,,,
1152515,2018/19,2018-12-22,Carrara Oval,2,14.1,Brisbane Heat,Hobart Hurricanes,JJ Peirson,BCJ Cutting,J Botha,1,0,,,,,,,,,
1152515,2018/19,2018-12-22,Carrara Oval,2,14.2,Brisbane Heat,Hobart Hurricanes,BCJ Cutting,JJ Peirson,J Botha,6,0,,,,,,,,,
1152515,2018/19,2018-12-22,Carrara Oval,2,14.3,Brisbane Heat,Hobart Hurricanes,BCJ Cutting,JJ Peirson,J Botha,0,0,,,,,,,,,
1152515,2018/19,2018-12-22,Carrara Oval,2,14.4,Brisbane Heat,Hobart Hurricanes,BCJ Cutting,JJ Peirson,J Botha,1,0,,,,,,,,,
1152515,2018/19,2018-12-22,Carrara Oval,2,14.5,Brisbane Heat,Hobart Hurricanes,JJ Peirson,BCJ Cutting,J Botha,1,0,,,,,,,,,
1152515,2018/19,2018-12-22,Carrara Oval,2,14.6,Brisbane Heat,Hobart Hurricanes,BCJ Cutting,JJ Peirson,J Botha,2,0,,,,,,,,,
1152515,2018/19,2018-12-22,Carrara Oval,2,15.1,Brisbane Heat,Hobart Hurricanes,JJ Peirson,BCJ Cutting,JC Archer,1,0,,,,,,,,,
1152515,2018/19,2018-12-22,Carrara Oval,2,15.2,Brisbane Heat,Hobart Hurricanes,BCJ Cutting,JJ Peirson,JC Archer,2,0,,,,,,,,,
1152515,2018/19,2018-12-22,Carrara Oval,2,15.3,Brisbane Heat,Hobart Hurricanes,BCJ Cutting,JJ Peirson,JC Archer,6,0,,,,,,,,,
1152515,2018/19,2018-12-22,Carrara Oval,2,15.4,Brisbane Heat,Hobart Hurricanes,BCJ Cutting,JJ Peirson,JC Archer,0,0,,,,,,,,,
1152515,2018/19,2018-12-22,Carrara Oval,2,15.5,Brisbane Heat,Hobart Hurricanes,BCJ Cutting,JJ Peirson,JC Archer,0,0,,,,,,,,,
1152515,2018/19,2018-12-22,Carrara Oval,2,15.6,Brisbane Heat,Hobart Hurricanes,BCJ Cutting,JJ Peirson,JC Archer,1,0,,,,,,,,,
1152515,2018/19,2018-12-22,Carrara Oval,2,16.1,Brisbane Heat,Hobart Hurricanes,BCJ Cutting,JJ Peirson,RP Meredith,4,0,,,,,,,,,
1152515,2018/19,2018-12-22,Carrara Oval,2,16.2,Brisbane Heat,Hobart Hurricanes,BCJ Cutting,JJ Peirson,RP Meredith,0,1,1,,,,,,,,
1152515,2018/19,2018-12-22,Carrara Oval,2,16.3,Brisbane Heat,Hobart Hurricanes,BCJ Cutting,JJ Peirson,RP Meredith,0,1,1,,,,,,,,
1152515,2018/19,2018-12-22,Carrara Oval,2,16.4,Brisbane Heat,Hobart Hurricanes,BCJ Cutting,JJ Peirson,RP Meredith,6,0,,,,,,,,,
1152515,2018/19,2018-12-22,Carrara Oval,2,16.5,Brisbane Heat,Hobart Hurricanes,BCJ Cutting,JJ Peirson,RP Meredith,1,0,,,,,,,,,
1152515,2018/19,2018-12-22,Carrara Oval,2,16.6,Brisbane Heat,Hobart Hurricanes,JJ Peirson,BCJ Cutting,RP Meredith,0,0,,,,,,bowled,JJ Peirson,,
1152515,2018/19,2018-12-22,Carrara Oval,2,16.7,Brisbane Heat,Hobart Hurricanes,MT Steketee,BCJ Cutting,RP Meredith,1,0,,,,,,,,,
1152515,2018/19,2018-12-22,Carrara Oval,2,16.8,Brisbane Heat,Hobart Hurricanes,BCJ Cutting,MT Steketee,RP Meredith,1,0,,,,,,,,,
1152515,2018/19,2018-12-22,Carrara Oval,2,17.1,Brisbane Heat,Hobart Hurricanes,BCJ Cutting,MT Steketee,JC Archer,1,0,,,,,,,,,
1152515,2018/19,2018-12-22,Carrara Oval,2,17.2,Brisbane Heat,Hobart Hurricanes,MT Steketee,BCJ Cutting,JC Archer,1,0,,,,,,,,,
1152515,2018/19,2018-12-22,Carrara Oval,2,17.3,Brisbane Heat,Hobart Hurricanes,BCJ Cutting,MT Steketee,JC Archer,0,0,,,,,,caught,BCJ Cutting,,
1152515,2018/19,2018-12-22,Carrara Oval,2,17.4,Brisbane Heat,Hobart Hurricanes,MT Steketee,JK Lalor,JC Archer,0,0,,,,,,caught,MT Steketee,,
1152515,2018/19,2018-12-22,Carrara Oval,2,17.5,Brisbane Heat,Hobart Hurricanes,JK Lalor,MJ Swepson,JC Archer,4,0,,,,,,,,,
1152515,2018/19,2018-12-22,Carrara Oval,2,17.6,Brisbane Heat,Hobart Hurricanes,JK Lalor,MJ Swepson,JC Archer,0,0,,,,,,,,,
1152515,2018/19,2018-12-22,Carrara Oval,2,18.1,Brisbane Heat,Hobart Hurricanes,MJ Swepson,JK Lalor,JP Faulkner,2,0,,,,,,,,,
1152515,2018/19,2018-12-22,Carrara Oval,2,18.2,Brisbane Heat,Hobart Hurricanes,MJ Swepson,JK Lalor,JP Faulkner,0,0,,,,,,caught,MJ Swepson,,
1152515,2018/19,2018-12-22,Carrara Oval,2,18.3,Brisbane Heat,Hobart Hurricanes,JK Lalor,Mujeeb Ur Rahman,JP Faulkner,0,1,1,,,,,,,,
1152515,2018/19,2018-12-22,Carrara Oval,2,18.4,Brisbane Heat,Hobart Hurricanes,JK Lalor,Mujeeb Ur Rahman,JP Faulkner,0,0,,,,,,,,,
1152515,2018/19,2018-12-22,Carrara Oval,2,18.5,Brisbane Heat,Hobart Hurricanes,JK Lalor,Mujeeb Ur Rahman,JP Faulkner,0,0,,,,,,caught,JK Lalor,,
