match_id,season,start_date,venue,innings,ball,batting_team,bowling_team,striker,non_striker,bowler,runs_off_bat,extras,wides,noballs,byes,legbyes,penalty,wicket_type,player_dismissed,other_wicket_type,other_player_dismissed
1152520,2018/19,2018-12-27,Sydney Cricket Ground,1,0.1,Sydney Sixers,Melbourne Stars,J Edwards,JL Denly,A Zampa,4,0,,,,,,,,,
1152520,2018/19,2018-12-27,Sydney Cricket Ground,1,0.2,Sydney Sixers,Melbourne Stars,J Edwards,JL Denly,A Zampa,0,0,,,,,,stumped,J Edwards,,
1152520,2018/19,2018-12-27,Sydney Cricket Ground,1,0.3,Sydney Sixers,Melbourne Stars,DP Hughes,JL Denly,A Zampa,1,0,,,,,,,,,
1152520,2018/19,2018-12-27,Sydney Cricket Ground,1,0.4,Sydney Sixers,Melbourne Stars,JL Denly,DP Hughes,A Zampa,1,0,,,,,,,,,
1152520,2018/19,2018-12-27,Sydney Cricket Ground,1,0.5,Sydney Sixers,Melbourne Stars,DP Hughes,JL Denly,A Zampa,1,0,,,,,,,,,
1152520,2018/19,2018-12-27,Sydney Cricket Ground,1,0.6,Sydney Sixers,Melbourne Stars,JL Denly,DP Hughes,A Zampa,0,0,,,,,,,,,
1152520,2018/19,2018-12-27,Sydney Cricket Ground,1,1.1,Sydney Sixers,Melbourne Stars,DP Hughes,JL Denly,GJ Maxwell,1,0,,,,,,,,,
1152520,2018/19,2018-12-27,Sydney Cricket Ground,1,1.2,Sydney Sixers,Melbourne Stars,JL Denly,DP Hughes,GJ Maxwell,4,0,,,,,,,,,
1152520,2018/19,2018-12-27,Sydney Cricket Ground,1,1.3,Sydney Sixers,Melbourne Stars,JL Denly,DP Hughes,GJ Maxwell,2,0,,,,,,,,,
1152520,2018/19,2018-12-27,Sydney Cricket Ground,1,1.4,Sydney Sixers,Melbourne Stars,JL Denly,DP Hughes,GJ Maxwell,0,0,,,,,,,,,
1152520,2018/19,2018-12-27,Sydney Cricket Ground,1,1.5,Sydney Sixers,Melbourne Stars,JL Denly,DP Hughes,GJ Maxwell,0,0,,,,,,,,,
1152520,2018/19,2018-12-27,Sydney Cricket Ground,1,1.6,Sydney Sixers,Melbourne Stars,JL Denly,DP Hughes,GJ Maxwell,1,0,,,,,,,,,
1152520,2018/19,2018-12-27,Sydney Cricket Ground,1,2.1,Sydney Sixers,Melbourne Stars,JL Denly,DP Hughes,SM Boland,0,0,,,,,,,,,
1152520,2018/19,2018-12-27,Sydney Cricket Ground,1,2.2,Sydney Sixers,Melbourne Stars,JL Denly,DP Hughes,SM Boland,0,0,,,,,,,,,
1152520,2018/19,2018-12-27,Sydney Cricket Ground,1,2.3,Sydney Sixers,Melbourne Stars,JL Denly,DP Hughes,SM Boland,4,0,,,,,,,,,
1152520,2018/19,2018-12-27,Sydney Cricket Ground,1,2.4,Sydney Sixers,Melbourne Stars,JL Denly,DP Hughes,SM Boland,0,0,,,,,,,,,
1152520,2018/19,2018-12-27,Sydney Cricket Ground,1,2.5,Sydney Sixers,Melbourne Stars,JL Denly,DP Hughes,SM Boland,1,0,,,,,,,,,
1152520,2018/19,2018-12-27,Sydney Cricket Ground,1,2.6,Sydney Sixers,Melbourne Stars,DP Hughes,JL Denly,SM Boland,4,0,,,,,,,,,
1152520,2018/19,2018-12-27,Sydney Cricket Ground,1,3.1,Sydney Sixers,Melbourne Stars,JL Denly,DP Hughes,GJ Maxwell,1,0,,,,,,,,,
1152520,2018/19,2018-12-27,Sydney Cricket Ground,1,3.2,Sydney Sixers,Melbourne Stars,DP Hughes,JL Denly,GJ Maxwell,1,0,,,,,,,,,
1152520,2018/19,2018-12-27,Sydney Cricket Ground,1,3.3,Sydney Sixers,Melbourne Stars,JL Denly,DP Hughes,GJ Maxwell,0,0,,,,,,,,,
1152520,2018/19,2018-12-27,Sydney Cricket Ground,1,3.4,Sydney Sixers,Melbourne Stars,JL Denly,DP Hughes,GJ Maxwell,0,0,,,,,,caught,JL Denly,,
1152520,2018/19,2018-12-27,Sydney Cricket Ground,1,3.5,Sydney Sixers,Melbourne Stars,DP Hughes,MC Henriques,GJ Maxwell,0,0,,,,,,,,,
1152520,2018/19,2018-12-27,Sydney Cricket Ground,1,3.6,Sydney Sixers,Melbourne Stars,DP Hughes,MC Henriques,GJ Maxwell,0,0,,,,,,,,,
1152520,2018/19,2018-12-27,Sydney Cricket Ground,1,4.1,Sydney Sixers,Melbourne Stars,MC Henriques,DP Hughes,SM Boland,0,0,,,,,,,,,
1152520,2018/19,2018-12-27,Sydney Cricket Ground,1,4.2,Sydney Sixers,Melbourne Stars,MC Henriques,DP Hughes,SM Boland,1,0,,,,,,,,,
1152520,2018/19,2018-12-27,Sydney Cricket Ground,1,4.3,Sydney Sixers,Melbourne Stars,DP Hughes,MC Henriques,SM Boland,4,0,,,,,,,,,
1152520,2018/19,2018-12-27,Sydney Cricket Ground,1,4.4,Sydney Sixers,Melbourne Stars,DP Hughes,MC Henriques,SM Boland,1,0,,,,,,,,,
1152520,2018/19,2018-12-27,Sydney Cricket Ground,1,4.5,Sydney Sixers,Melbourne Stars,MC Henriques,DP Hughes,SM Boland,0,0,,,,,,,,,
1152520,2018/19,2018-12-27,Sydney Cricket Ground,1,4.6,Sydney Sixers,Melbourne Stars,MC Henriques,DP Hughes,SM Boland,2,0,,,,,,,,,
1152520,2018/19,2018-12-27,Sydney Cricket Ground,1,5.1,Sydney Sixers,Melbourne Stars,DP Hughes,MC Henriques,GJ Maxwell,4,0,,,,,,,,,
1152520,2018/19,2018-12-27,Sydney Cricket Ground,1,5.2,Sydney Sixers,Melbourne Stars,DP Hughes,MC Henriques,GJ Maxwell,1,0,,,,,,,,,
1152520,2018/19,2018-12-27,Sydney Cricket Ground,1,5.3,Sydney Sixers,Melbourne Stars,MC Henriques,DP Hughes,GJ Maxwell,1,0,,,,,,,,,
1152520,2018/19,2018-12-27,Sydney Cricket Ground,1,5.4,Sydney Sixers,Melbourne Stars,DP Hughes,MC Henriques,GJ Maxwell,1,0,,,,,,,,,
1152520,2018/19,2018-12-27,Sydney Cricket Ground,1,5.5,Sydney Sixers,Melbourne Stars,MC Henriques,DP Hughes,GJ Maxwell,0,0,,,,,,,,,
1152520,2018/19,2018-12-27,Sydney Cricket Ground,1,5.6,Sydney Sixers,Melbourne Stars,MC Henriques,DP Hughes,GJ Maxwell,1,0,,,,,,,,,
1152520,2018/19,2018-12-27,Sydney Cricket Ground,1,6.1,Sydney Sixers,Melbourne Stars,MC Henriques,DP Hughes,S Lamichhane,0,0,,,,,,,,,
1152520,2018/19,2018-12-27,Sydney Cricket Ground,1,6.2,Sydney Sixers,Melbourne Stars,MC Henriques,DP Hughes,S Lamichhane,0,0,,,,,,,,,
1152520,2018/19,2018-12-27,Sydney Cricket Ground,1,6.3,Sydney Sixers,Melbourne Stars,MC Henriques,DP Hughes,S Lamichhane,1,0,,,,,,,,,
1152520,2018/19,2018-12-27,Sydney Cricket Ground,1,6.4,Sydney Sixers,Melbourne Stars,DP Hughes,MC Henriques,S Lamichhane,1,0,,,,,,,,,
1152520,2018/19,2018-12-27,Sydney Cricket Ground,1,6.5,Sydney Sixers,Melbourne Stars,MC Henriques,DP Hughes,S Lamichhane,0,2,,,,2,,,,,
1152520,2018/19,2018-12-27,Sydney Cricket Ground,1,6.6,Sydney Sixers,Melbourne Stars,MC Henriques,DP Hughes,S Lamichhane,2,0,,,,,,,,,
1152520,2018/19,2018-12-27,Sydney Cricket Ground,1,7.1,Sydney Sixers,Melbourne Stars,DP Hughes,MC Henriques,JR Coleman,0,0,,,,,,bowled,DP Hughes,,
1152520,2018/19,2018-12-27,Sydney Cricket Ground,1,7.2,Sydney Sixers,Melbourne Stars,JC Silk,MC Henriques,JR Coleman,1,0,,,,,,,,,
1152520,2018/19,2018-12-27,Sydney Cricket Ground,1,7.3,Sydney Sixers,Melbourne Stars,MC Henriques,JC Silk,JR Coleman,0,1,1,,,,,,,,
1152520,2018/19,2018-12-27,Sydney Cricket Ground,1,7.4,Sydney Sixers,Melbourne Stars,MC Henriques,JC Silk,JR Coleman,1,0,,,,,,,,,
1152520,2018/19,2018-12-27,Sydney Cricket Ground,1,7.5,Sydney Sixers,Melbourne Stars,JC Silk,MC Henriques,JR Coleman,0,0,,,,,,,,,
1152520,2018/19,2018-12-27,Sydney Cricket Ground,1,7.6,Sydney Sixers,Melbourne Stars,JC Silk,MC Henriques,JR Coleman,0,0,,,,,,,,,
1152520,2018/19,2018-12-27,Sydney Cricket Ground,1,7.7,Sydney Sixers,Melbourne Stars,JC Silk,MC Henriques,JR Coleman,2,0,,,,,,,,,
1152520,2018/19,2018-12-27,Sydney Cricket Ground,1,8.1,Sydney Sixers,Melbourne Stars,MC Henriques,JC Silk,S Lamichhane,0,0,,,,,,,,,
1152520,2018/19,2018-12-27,Sydney Cricket Ground,1,8.2,Sydney Sixers,Melbourne Stars,MC Henriques,JC Silk,S Lamichhane,0,0,,,,,,lbw,MC Henriques,,
1152520,2018/19,2018-12-27,Sydney Cricket Ground,1,8.3,Sydney Sixers,Melbourne Stars,JR Philippe,JC Silk,S Lamichhane,2,0,,,,,,,,,
1152520,2018/19,2018-12-27,Sydney Cricket Ground,1,8.4,Sydney Sixers,Melbourne Stars,JR Philippe,JC Silk,S Lamichhane,1,0,,,,,,,,,
1152520,2018/19,2018-12-27,Sydney Cricket Ground,1,8.5,Sydney Sixers,Melbourne Stars,JC Silk,JR Philippe,S Lamichhane,0,0,,,,,,,,,
1152520,2018/19,2018-12-27,Sydney Cricket Ground,1,8.6,Sydney Sixers,Melbourne Stars,JC Silk,JR Philippe,S Lamichhane,1,0,,,,,,,,,
1152520,2018/19,2018-12-27,Sydney Cricket Ground,1,9.1,Sydney Sixers,Melbourne Stars,JC Silk,JR Philippe,A Zampa,1,0,,,,,,,,,
1152520,2018/19,2018-12-27,Sydney Cricket Ground,1,9.2,Sydney Sixers,Melbourne Stars,JR Philippe,JC Silk,A Zampa,1,0,,,,,,,,,
1152520,2018/19,2018-12-27,Sydney Cricket Ground,1,9.3,Sydney Sixers,Melbourne Stars,JC Silk,JR Philippe,A Zampa,0,0,,,,,,,,,
1152520,2018/19,2018-12-27,Sydney Cricket Ground,1,9.4,Sydney Sixers,Melbourne Stars,JC Silk,JR Philippe,A Zampa,1,0,,,,,,,,,
1152520,2018/19,2018-12-27,Sydney Cricket Ground,1,9.5,Sydney Sixers,Melbourne Stars,JR Philippe,JC Silk,A Zampa,2,0,,,,,,,,,
1152520,2018/19,2018-12-27,Sydney Cricket Ground,1,9.6,Sydney Sixers,Melbourne Stars,JR Philippe,JC Silk,A Zampa,1,0,,,,,,,,,
1152520,2018/19,2018-12-27,Sydney Cricket Ground,1,10.1,Sydney Sixers,Melbourne Stars,JR Philippe,JC Silk,DJ Bravo,0,0,,,,,,bowled,JR Philippe,,
1152520,2018/19,2018-12-27,Sydney Cricket Ground,1,10.2,Sydney Sixers,Melbourne Stars,TK Curran,JC Silk,DJ Bravo,0,0,,,,,,,,,
1152520,2018/19,2018-12-27,Sydney Cricket Ground,1,10.3,Sydney Sixers,Melbourne Stars,TK Curran,JC Silk,DJ Bravo,0,0,,,,,,,,,
1152520,2018/19,2018-12-27,Sydney Cricket Ground,1,10.4,Sydney Sixers,Melbourne Stars,TK Curran,JC Silk,DJ Bravo,1,0,,,,,,,,,
1152520,2018/19,2018-12-27,Sydney Cricket Ground,1,10.5,Sydney Sixers,Melbourne Stars,JC Silk,TK Curran,DJ Bravo,2,0,,,,,,,,,
1152520,2018/19,2018-12-27,Sydney Cricket Ground,1,10.6,Sydney Sixers,Melbourne Stars,JC Silk,TK Curran,DJ Bravo,1,0,,,,,,,,,
1152520,2018/19,2018-12-27,Sydney Cricket Ground,1,11.1,Sydney Sixers,Melbourne Stars,JC Silk,TK Curran,S Lamichhane,1,0,,,,,,,,,
1152520,2018/19,2018-12-27,Sydney Cricket Ground,1,11.2,Sydney Sixers,Melbourne Stars,TK Curran,JC Silk,S Lamichhane,0,0,,,,,,,,,
1152520,2018/19,2018-12-27,Sydney Cricket Ground,1,11.3,Sydney Sixers,Melbourne Stars,TK Curran,JC Silk,S Lamichhane,1,0,,,,,,,,,
1152520,2018/19,2018-12-27,Sydney Cricket Ground,1,11.4,Sydney Sixers,Melbourne Stars,JC Silk,TK Curran,S Lamichhane,0,0,,,,,,,,,
1152520,2018/19,2018-12-27,Sydney Cricket Ground,1,11.5,Sydney Sixers,Melbourne Stars,JC Silk,TK Curran,S Lamichhane,1,0,,,,,,,,,
1152520,2018/19,2018-12-27,Sydney Cricket Ground,1,11.6,Sydney Sixers,Melbourne Stars,TK Curran,JC Silk,S Lamichhane,0,0,,,,,,lbw,TK Curran,,
1152520,2018/19,2018-12-27,Sydney Cricket Ground,1,12.1,Sydney Sixers,Melbourne Stars,JC Silk,SA Abbott,DJ Bravo,1,0,,,,,,,,,
1152520,2018/19,2018-12-27,Sydney Cricket Ground,1,12.2,Sydney Sixers,Melbourne Stars,SA Abbott,JC Silk,DJ Bravo,0,0,,,,,,,,,
1152520,2018/19,2018-12-27,Sydney Cricket Ground,1,12.3,Sydney Sixers,Melbourne Stars,SA Abbott,JC Silk,DJ Bravo,0,0,,,,,,,,,
1152520,2018/19,2018-12-27,Sydney Cricket Ground,1,12.4,Sydney Sixers,Melbourne Stars,SA Abbott,JC Silk,DJ Bravo,4,0,,,,,,,,,
1152520,2018/19,2018-12-27,Sydney Cricket Ground,1,12.5,Sydney Sixers,Melbourne Stars,SA Abbott,JC Silk,DJ Bravo,1,0,,,,,,,,,
1152520,2018/19,2018-12-27,Sydney Cricket Ground,1,12.6,Sydney Sixers,Melbourne Stars,JC Silk,SA Abbott,DJ Bravo,0,0,,,,,,,,,
1152520,2018/19,2018-12-27,Sydney Cricket Ground,1,13.1,Sydney Sixers,Melbourne Stars,SA Abbott,JC Silk,S Lamichhane,4,0,,,,,,,,,
1152520,2018/19,2018-12-27,Sydney Cricket Ground,1,13.2,Sydney Sixers,Melbourne Stars,SA Abbott,JC Silk,S Lamichhane,0,0,,,,,,,,,
1152520,2018/19,2018-12-27,Sydney Cricket Ground,1,13.3,Sydney Sixers,Melbourne Stars,SA Abbott,JC Silk,S Lamichhane,1,0,,,,,,,,,
1152520,2018/19,2018-12-27,Sydney Cricket Ground,1,13.4,Sydney Sixers,Melbourne Stars,JC Silk,SA Abbott,S Lamichhane,0,2,,,,2,,,,,
1152520,2018/19,2018-12-27,Sydney Cricket Ground,1,13.5,Sydney Sixers,Melbourne Stars,JC Silk,SA Abbott,S Lamichhane,1,0,,,,,,,,,
1152520,2018/19,2018-12-27,Sydney Cricket Ground,1,13.6,Sydney Sixers,Melbourne Stars,SA Abbott,JC Silk,S Lamichhane,1,0,,,,,,,,,
1152520,2018/19,2018-12-27,Sydney Cricket Ground,1,14.1,Sydney Sixers,Melbourne Stars,SA Abbott,JC Silk,A Zampa,1,0,,,,,,,,,
1152520,2018/19,2018-12-27,Sydney Cricket Ground,1,14.2,Sydney Sixers,Melbourne Stars,JC Silk,SA Abbott,A Zampa,0,0,,,,,,,,,
1152520,2018/19,2018-12-27,Sydney Cricket Ground,1,14.3,Sydney Sixers,Melbourne Stars,JC Silk,SA Abbott,A Zampa,0,0,,,,,,,,,
1152520,2018/19,2018-12-27,Sydney Cricket Ground,1,14.4,Sydney Sixers,Melbourne Stars,JC Silk,SA Abbott,A Zampa,2,0,,,,,,,,,
1152520,2018/19,2018-12-27,Sydney Cricket Ground,1,14.5,Sydney Sixers,Melbourne Stars,JC Silk,SA Abbott,A Zampa,1,0,,,,,,,,,
1152520,2018/19,2018-12-27,Sydney Cricket Ground,1,14.6,Sydney Sixers,Melbourne Stars,SA Abbott,JC Silk,A Zampa,0,0,,,,,,,,,
1152520,2018/19,2018-12-27,Sydney Cricket Ground,1,15.1,Sydney Sixers,Melbourne Stars,JC Silk,SA Abbott,GJ Maxwell,2,0,,,,,,,,,
1152520,2018/19,2018-12-27,Sydney Cricket Ground,1,15.2,Sydney Sixers,Melbourne Stars,JC Silk,SA Abbott,GJ Maxwell,0,0,,,,,,,,,
1152520,2018/19,2018-12-27,Sydney Cricket Ground,1,15.3,Sydney Sixers,Melbourne Stars,JC Silk,SA Abbott,GJ Maxwell,1,0,,,,,,,,,
1152520,2018/19,2018-12-27,Sydney Cricket Ground,1,15.4,Sydney Sixers,Melbourne Stars,SA Abbott,JC Silk,GJ Maxwell,6,0,,,,,,,,,
1152520,2018/19,2018-12-27,Sydney Cricket Ground,1,15.5,Sydney Sixers,Melbourne Stars,SA Abbott,JC Silk,GJ Maxwell,0,0,,,,,,,,,
1152520,2018/19,2018-12-27,Sydney Cricket Ground,1,15.6,Sydney Sixers,Melbourne Stars,SA Abbott,JC Silk,GJ Maxwell,0,0,,,,,,,,,
1152520,2018/19,2018-12-27,Sydney Cricket Ground,1,16.1,Sydney Sixers,Melbourne Stars,JC Silk,SA Abbott,JR Coleman,1,0,,,,,,,,,
1152520,2018/19,2018-12-27,Sydney Cricket Ground,1,16.2,Sydney Sixers,Melbourne Stars,SA Abbott,JC Silk,JR Coleman,0,0,,,,,,,,,
1152520,2018/19,2018-12-27,Sydney Cricket Ground,1,16.3,Sydney Sixers,Melbourne Stars,SA Abbott,JC Silk,JR Coleman,4,0,,,,,,,,,
1152520,2018/19,2018-12-27,Sydney Cricket Ground,1,16.4,Sydney Sixers,Melbourne Stars,SA Abbott,JC Silk,JR Coleman,0,0,,,,,,caught,SA Abbott,,
1152520,2018/19,2018-12-27,Sydney Cricket Ground,1,16.5,Sydney Sixers,Melbourne Stars,SNJ O'Keefe,JC Silk,JR Coleman,0,0,,,,,,,,,
1152520,2018/19,2018-12-27,Sydney Cricket Ground,1,16.6,Sydney Sixers,Melbourne Stars,SNJ O'Keefe,JC Silk,JR Coleman,0,0,,,,,,,,,
1152520,2018/19,2018-12-27,Sydney Cricket Ground,1,17.1,Sydney Sixers,Melbourne Stars,JC Silk,SNJ O'Keefe,DJ Bravo,1,0,,,,,,,,,
1152520,2018/19,2018-12-27,Sydney Cricket Ground,1,17.2,Sydney Sixers,Melbourne Stars,SNJ O'Keefe,JC Silk,DJ Bravo,0,1,1,,,,,,,,
1152520,2018/19,2018-12-27,Sydney Cricket Ground,1,17.3,Sydney Sixers,Melbourne Stars,SNJ O'Keefe,JC Silk,DJ Bravo,0,0,,,,,,,,,
1152520,2018/19,2018-12-27,Sydney Cricket Ground,1,17.4,Sydney Sixers,Melbourne Stars,SNJ O'Keefe,JC Silk,DJ Bravo,1,0,,,,,,,,,
1152520,2018/19,2018-12-27,Sydney Cricket Ground,1,17.5,Sydney Sixers,Melbourne Stars,JC Silk,SNJ O'Keefe,DJ Bravo,4,0,,,,,,,,,
1152520,2018/19,2018-12-27,Sydney Cricket Ground,1,17.6,Sydney Sixers,Melbourne Stars,JC Silk,SNJ O'Keefe,DJ Bravo,0,0,,,,,,,,,
1152520,2018/19,2018-12-27,Sydney Cricket Ground,1,17.7,Sydney Sixers,Melbourne Stars,JC Silk,SNJ O'Keefe,DJ Bravo,2,0,,,,,,,,,
1152520,2018/19,2018-12-27,Sydney Cricket Ground,1,18.1,Sydney Sixers,Melbourne Stars,SNJ O'Keefe,JC Silk,JR Coleman,0,0,,,,,,caught,SNJ O'Keefe,,
1152520,2018/19,2018-12-27,Sydney Cricket Ground,1,18.2,Sydney Sixers,Melbourne Stars,JC Silk,BJ Dwarshuis,JR Coleman,2,0,,,,,,,,,
1152520,2018/19,2018-12-27,Sydney Cricket Ground,1,18.3,Sydney Sixers,Melbourne Stars,JC Silk,BJ Dwarshuis,JR Coleman,2,0,,,,,,,,,
1152520,2018/19,2018-12-27,Sydney Cricket Ground,1,18.4,Sydney Sixers,Melbourne Stars,JC Silk,BJ Dwarshuis,JR Coleman,1,0,,,,,,,,,
1152520,2018/19,2018-12-27,Sydney Cricket Ground,1,18.5,Sydney Sixers,Melbourne Stars,BJ Dwarshuis,JC Silk,JR Coleman,1,0,,,,,,,,,
1152520,2018/19,2018-12-27,Sydney Cricket Ground,1,18.6,Sydney Sixers,Melbourne Stars,JC Silk,BJ Dwarshuis,JR Coleman,2,0,,,,,,,,,
1152520,2018/19,2018-12-27,Sydney Cricket Ground,1,19.1,Sydney Sixers,Melbourne Stars,BJ Dwarshuis,JC Silk,DJ Bravo,2,0,,,,,,,,,
1152520,2018/19,2018-12-27,Sydney Cricket Ground,1,19.2,Sydney Sixers,Melbourne Stars,BJ Dwarshuis,JC Silk,DJ Bravo,0,0,,,,,,caught,BJ Dwarshuis,,
1152520,2018/19,2018-12-27,Sydney Cricket Ground,1,19.3,Sydney Sixers,Melbourne Stars,JC Silk,GA West,DJ Bravo,2,0,,,,,,,,,
1152520,2018/19,2018-12-27,Sydney Cricket Ground,1,19.4,Sydney Sixers,Melbourne Stars,JC Silk,GA West,DJ Bravo,1,0,,,,,,,,,
1152520,2018/19,2018-12-27,Sydney Cricket Ground,1,19.5,Sydney Sixers,Melbourne Stars,GA West,JC Silk,DJ Bravo,0,1,,,1,,,,,,
1152520,2018/19,2018-12-27,Sydney Cricket Ground,1,19.6,Sydney Sixers,Melbourne Stars,JC Silk,GA West,DJ Bravo,4,0,,,,,,,,,
1152520,2018/19,2018-12-27,Sydney Cricket Ground,2,0.1,Melbourne Stars,Sydney Sixers,BR Dunk,PSP Handscomb,SNJ O'Keefe,0,0,,,,,,,,,
1152520,2018/19,2018-12-27,Sydney Cricket Ground,2,0.2,Melbourne Stars,Sydney Sixers,BR Dunk,PSP Handscomb,SNJ O'Keefe,2,0,,,,,,,,,
1152520,2018/19,2018-12-27,Sydney Cricket Ground,2,0.3,Melbourne Stars,Sydney Sixers,BR Dunk,PSP Handscomb,SNJ O'Keefe,0,0,,,,,,,,,
1152520,2018/19,2018-12-27,Sydney Cricket Ground,2,0.4,Melbourne Stars,Sydney Sixers,BR Dunk,PSP Handscomb,SNJ O'Keefe,0,0,,,,,,,,,
1152520,2018/19,2018-12-27,Sydney Cricket Ground,2,0.5,Melbourne Stars,Sydney Sixers,BR Dunk,PSP Handscomb,SNJ O'Keefe,2,0,,,,,,,,,
1152520,2018/19,2018-12-27,Sydney Cricket Ground,2,0.6,Melbourne Stars,Sydney Sixers,BR Dunk,PSP Handscomb,SNJ O'Keefe,0,0,,,,,,caught,BR Dunk,,
1152520,2018/19,2018-12-27,Sydney Cricket Ground,2,1.1,Melbourne Stars,Sydney Sixers,PSP Handscomb,NCR Larkin,BJ Dwarshuis,0,0,,,,,,,,,
1152520,2018/19,2018-12-27,Sydney Cricket Ground,2,1.2,Melbourne Stars,Sydney Sixers,PSP Handscomb,NCR Larkin,BJ Dwarshuis,0,0,,,,,,,,,
1152520,2018/19,2018-12-27,Sydney Cricket Ground,2,1.3,Melbourne Stars,Sydney Sixers,PSP Handscomb,NCR Larkin,BJ Dwarshuis,6,0,,,,,,,,,
1152520,2018/19,2018-12-27,Sydney Cricket Ground,2,1.4,Melbourne Stars,Sydney Sixers,PSP Handscomb,NCR Larkin,BJ Dwarshuis,1,0,,,,,,,,,
1152520,2018/19,2018-12-27,Sydney Cricket Ground,2,1.5,Melbourne Stars,Sydney Sixers,NCR Larkin,PSP Handscomb,BJ Dwarshuis,1,0,,,,,,,,,
1152520,2018/19,2018-12-27,Sydney Cricket Ground,2,1.6,Melbourne Stars,Sydney Sixers,PSP Handscomb,NCR Larkin,BJ Dwarshuis,0,0,,,,,,,,,
1152520,2018/19,2018-12-27,Sydney Cricket Ground,2,2.1,Melbourne Stars,Sydney Sixers,NCR Larkin,PSP Handscomb,SNJ O'Keefe,0,0,,,,,,,,,
1152520,2018/19,2018-12-27,Sydney Cricket Ground,2,2.2,Melbourne Stars,Sydney Sixers,NCR Larkin,PSP Handscomb,SNJ O'Keefe,0,0,,,,,,,,,
1152520,2018/19,2018-12-27,Sydney Cricket Ground,2,2.3,Melbourne Stars,Sydney Sixers,NCR Larkin,PSP Handscomb,SNJ O'Keefe,0,0,,,,,,,,,
1152520,2018/19,2018-12-27,Sydney Cricket Ground,2,2.4,Melbourne Stars,Sydney Sixers,NCR Larkin,PSP Handscomb,SNJ O'Keefe,0,0,,,,,,,,,
1152520,2018/19,2018-12-27,Sydney Cricket Ground,2,2.5,Melbourne Stars,Sydney Sixers,NCR Larkin,PSP Handscomb,SNJ O'Keefe,1,0,,,,,,,,,
1152520,2018/19,2018-12-27,Sydney Cricket Ground,2,2.6,Melbourne Stars,Sydney Sixers,PSP Handscomb,NCR Larkin,SNJ O'Keefe,4,0,,,,,,,,,
1152520,2018/19,2018-12-27,Sydney Cricket Ground,2,3.1,Melbourne Stars,Sydney Sixers,NCR Larkin,PSP Handscomb,JL Denly,1,0,,,,,,,,,
1152520,2018/19,2018-12-27,Sydney Cricket Ground,2,3.2,Melbourne Stars,Sydney Sixers,PSP Handscomb,NCR Larkin,JL Denly,2,0,,,,,,,,,
1152520,2018/19,2018-12-27,Sydney Cricket Ground,2,3.3,Melbourne Stars,Sydney Sixers,PSP Handscomb,NCR Larkin,JL Denly,4,0,,,,,,,,,
1152520,2018/19,2018-12-27,Sydney Cricket Ground,2,3.4,Melbourne Stars,Sydney Sixers,PSP Handscomb,NCR Larkin,JL Denly,1,0,,,,,,,,,
1152520,2018/19,2018-12-27,Sydney Cricket Ground,2,3.5,Melbourne Stars,Sydney Sixers,NCR Larkin,PSP Handscomb,JL Denly,0,0,,,,,,,,,
1152520,2018/19,2018-12-27,Sydney Cricket Ground,2,3.6,Melbourne Stars,Sydney Sixers,NCR Larkin,PSP Handscomb,JL Denly,1,0,,,,,,,,,
1152520,2018/19,2018-12-27,Sydney Cricket Ground,2,4.1,Melbourne Stars,Sydney Sixers,NCR Larkin,PSP Handscomb,SA Abbott,4,0,,,,,,,,,
1152520,2018/19,2018-12-27,Sydney Cricket Ground,2,4.2,Melbourne Stars,Sydney Sixers,NCR Larkin,PSP Handscomb,SA Abbott,1,0,,,,,,,,,
1152520,2018/19,2018-12-27,Sydney Cricket Ground,2,4.3,Melbourne Stars,Sydney Sixers,PSP Handscomb,NCR Larkin,SA Abbott,0,0,,,,,,,,,
1152520,2018/19,2018-12-27,Sydney Cricket Ground,2,4.4,Melbourne Stars,Sydney Sixers,PSP Handscomb,NCR Larkin,SA Abbott,1,0,,,,,,,,,
1152520,2018/19,2018-12-27,Sydney Cricket Ground,2,4.5,Melbourne Stars,Sydney Sixers,NCR Larkin,PSP Handscomb,SA Abbott,0,0,,,,,,,,,
1152520,2018/19,2018-12-27,Sydney Cricket Ground,2,4.6,Melbourne Stars,Sydney Sixers,NCR Larkin,PSP Handscomb,SA Abbott,0,0,,,,,,,,,
1152520,2018/19,2018-12-27,Sydney Cricket Ground,2,5.1,Melbourne Stars,Sydney Sixers,PSP Handscomb,NCR Larkin,TK Curran,4,0,,,,,,,,,
1152520,2018/19,2018-12-27,Sydney Cricket Ground,2,5.2,Melbourne Stars,Sydney Sixers,PSP Handscomb,NCR Larkin,TK Curran,0,0,,,,,,,,,
1152520,2018/19,2018-12-27,Sydney Cricket Ground,2,5.3,Melbourne Stars,Sydney Sixers,PSP Handscomb,NCR Larkin,TK Curran,4,0,,,,,,,,,
1152520,2018/19,2018-12-27,Sydney Cricket Ground,2,5.4,Melbourne Stars,Sydney Sixers,PSP Handscomb,NCR Larkin,TK Curran,0,0,,,,,,,,,
1152520,2018/19,2018-12-27,Sydney Cricket Ground,2,5.5,Melbourne Stars,Sydney Sixers,PSP Handscomb,NCR Larkin,TK Curran,0,0,,,,,,,,,
1152520,2018/19,2018-12-27,Sydney Cricket Ground,2,5.6,Melbourne Stars,Sydney Sixers,PSP Handscomb,NCR Larkin,TK Curran,6,0,,,,,,,,,
1152520,2018/19,2018-12-27,Sydney Cricket Ground,2,6.1,Melbourne Stars,Sydney Sixers,NCR Larkin,PSP Handscomb,GA West,4,0,,,,,,,,,
1152520,2018/19,2018-12-27,Sydney Cricket Ground,2,6.2,Melbourne Stars,Sydney Sixers,NCR Larkin,PSP Handscomb,GA West,0,1,1,,,,,,,,
1152520,2018/19,2018-12-27,Sydney Cricket Ground,2,6.3,Melbourne Stars,Sydney Sixers,NCR Larkin,PSP Handscomb,GA West,1,0,,,,,,,,,
1152520,2018/19,2018-12-27,Sydney Cricket Ground,2,6.4,Melbourne Stars,Sydney Sixers,PSP Handscomb,NCR Larkin,GA West,2,0,,,,,,,,,
1152520,2018/19,2018-12-27,Sydney Cricket Ground,2,6.5,Melbourne Stars,Sydney Sixers,PSP Handscomb,NCR Larkin,GA West,4,0,,,,,,,,,
1152520,2018/19,2018-12-27,Sydney Cricket Ground,2,6.6,Melbourne Stars,Sydney Sixers,PSP Handscomb,NCR Larkin,GA West,4,0,,,,,,,,,
1152520,2018/19,2018-12-27,Sydney Cricket Ground,2,6.7,Melbourne Stars,Sydney Sixers,PSP Handscomb,NCR Larkin,GA West,0,1,1,,,,,,,,
1152520,2018/19,2018-12-27,Sydney Cricket Ground,2,6.8,Melbourne Stars,Sydney Sixers,PSP Handscomb,NCR Larkin,GA West,6,0,,,,,,,,,
1152520,2018/19,2018-12-27,Sydney Cricket Ground,2,7.1,Melbourne Stars,Sydney Sixers,NCR Larkin,PSP Handscomb,SNJ O'Keefe,2,0,,,,,,,,,
1152520,2018/19,2018-12-27,Sydney Cricket Ground,2,7.2,Melbourne Stars,Sydney Sixers,NCR Larkin,PSP Handscomb,SNJ O'Keefe,1,0,,,,,,,,,
1152520,2018/19,2018-12-27,Sydney Cricket Ground,2,7.3,Melbourne Stars,Sydney Sixers,PSP Handscomb,NCR Larkin,SNJ O'Keefe,1,0,,,,,,,,,
1152520,2018/19,2018-12-27,Sydney Cricket Ground,2,7.4,Melbourne Stars,Sydney Sixers,NCR Larkin,PSP Handscomb,SNJ O'Keefe,0,0,,,,,,,,,
1152520,2018/19,2018-12-27,Sydney Cricket Ground,2,7.5,Melbourne Stars,Sydney Sixers,NCR Larkin,PSP Handscomb,SNJ O'Keefe,1,0,,,,,,,,,
1152520,2018/19,2018-12-27,Sydney Cricket Ground,2,7.6,Melbourne Stars,Sydney Sixers,PSP Handscomb,NCR Larkin,SNJ O'Keefe,2,0,,,,,,,,,
1152520,2018/19,2018-12-27,Sydney Cricket Ground,2,8.1,Melbourne Stars,Sydney Sixers,NCR Larkin,PSP Handscomb,SA Abbott,1,0,,,,,,,,,
1152520,2018/19,2018-12-27,Sydney Cricket Ground,2,8.2,Melbourne Stars,Sydney Sixers,PSP Handscomb,NCR Larkin,SA Abbott,4,0,,,,,,,,,
1152520,2018/19,2018-12-27,Sydney Cricket Ground,2,8.3,Melbourne Stars,Sydney Sixers,PSP Handscomb,NCR Larkin,SA Abbott,1,0,,,,,,,,,
1152520,2018/19,2018-12-27,Sydney Cricket Ground,2,8.4,Melbourne Stars,Sydney Sixers,NCR Larkin,PSP Handscomb,SA Abbott,1,0,,,,,,,,,
1152520,2018/19,2018-12-27,Sydney Cricket Ground,2,8.5,Melbourne Stars,Sydney Sixers,PSP Handscomb,NCR Larkin,SA Abbott,4,0,,,,,,,,,
1152520,2018/19,2018-12-27,Sydney Cricket Ground,2,8.6,Melbourne Stars,Sydney Sixers,PSP Handscomb,NCR Larkin,SA Abbott,4,0,,,,,,,,,
1152520,2018/19,2018-12-27,Sydney Cricket Ground,2,9.1,Melbourne Stars,Sydney Sixers,NCR Larkin,PSP Handscomb,SNJ O'Keefe,0,0,,,,,,caught,NCR Larkin,,
1152520,2018/19,2018-12-27,Sydney Cricket Ground,2,9.2,Melbourne Stars,Sydney Sixers,GJ Maxwell,PSP Handscomb,SNJ O'Keefe,0,1,,,1,,,,,,
1152520,2018/19,2018-12-27,Sydney Cricket Ground,2,9.3,Melbourne Stars,Sydney Sixers,PSP Handscomb,GJ Maxwell,SNJ O'Keefe,1,0,,,,,,,,,
1152520,2018/19,2018-12-27,Sydney Cricket Ground,2,9.4,Melbourne Stars,Sydney Sixers,GJ Maxwell,PSP Handscomb,SNJ O'Keefe,0,0,,,,,,,,,
1152520,2018/19,2018-12-27,Sydney Cricket Ground,2,9.5,Melbourne Stars,Sydney Sixers,GJ Maxwell,PSP Handscomb,SNJ O'Keefe,1,0,,,,,,,,,
1152520,2018/19,2018-12-27,Sydney Cricket Ground,2,9.6,Melbourne Stars,Sydney Sixers,PSP Handscomb,GJ Maxwell,SNJ O'Keefe,0,3,3,,,,,,,,
1152520,2018/19,2018-12-27,Sydney Cricket Ground,2,9.7,Melbourne Stars,Sydney Sixers,PSP Handscomb,GJ Maxwell,SNJ O'Keefe,1,0,,,,,,,,,
1152520,2018/19,2018-12-27,Sydney Cricket Ground,2,10.1,Melbourne Stars,Sydney Sixers,PSP Handscomb,GJ Maxwell,BJ Dwarshuis,1,0,,,,,,,,,
1152520,2018/19,2018-12-27,Sydney Cricket Ground,2,10.2,Melbourne Stars,Sydney Sixers,GJ Maxwell,PSP Handscomb,BJ Dwarshuis,1,0,,,,,,,,,
1152520,2018/19,2018-12-27,Sydney Cricket Ground,2,10.3,Melbourne Stars,Sydney Sixers,PSP Handscomb,GJ Maxwell,BJ Dwarshuis,0,0,,,,,,,,,
1152520,2018/19,2018-12-27,Sydney Cricket Ground,2,10.4,Melbourne Stars,Sydney Sixers,PSP Handscomb,GJ Maxwell,BJ Dwarshuis,1,0,,,,,,,,,
1152520,2018/19,2018-12-27,Sydney Cricket Ground,2,10.5,Melbourne Stars,Sydney Sixers,GJ Maxwell,PSP Handscomb,BJ Dwarshuis,0,1,1,,,,,,,,
1152520,2018/19,2018-12-27,Sydney Cricket Ground,2,10.6,Melbourne Stars,Sydney Sixers,GJ Maxwell,PSP Handscomb,BJ Dwarshuis,1,0,,,,,,,,,
1152520,2018/19,2018-12-27,Sydney Cricket Ground,2,10.7,Melbourne Stars,Sydney Sixers,PSP Handscomb,GJ Maxwell,BJ Dwarshuis,0,0,,,,,,,,,
1152520,2018/19,2018-12-27,Sydney Cricket Ground,2,11.1,Melbourne Stars,Sydney Sixers,GJ Maxwell,PSP Handscomb,SA Abbott,0,0,,,,,,,,,
1152520,2018/19,2018-12-27,Sydney Cricket Ground,2,11.2,Melbourne Stars,Sydney Sixers,GJ Maxwell,PSP Handscomb,SA Abbott,2,0,,,,,,,,,
1152520,2018/19,2018-12-27,Sydney Cricket Ground,2,11.3,Melbourne Stars,Sydney Sixers,GJ Maxwell,PSP Handscomb,SA Abbott,1,0,,,,,,,,,
1152520,2018/19,2018-12-27,Sydney Cricket Ground,2,11.4,Melbourne Stars,Sydney Sixers,PSP Handscomb,GJ Maxwell,SA Abbott,1,0,,,,,,,,,
1152520,2018/19,2018-12-27,Sydney Cricket Ground,2,11.5,Melbourne Stars,Sydney Sixers,GJ Maxwell,PSP Handscomb,SA Abbott,2,0,,,,,,,,,
1152520,2018/19,2018-12-27,Sydney Cricket Ground,2,11.6,Melbourne Stars,Sydney Sixers,GJ Maxwell,PSP Handscomb,SA Abbott,0,0,,,,,,,,,
1152520,2018/19,2018-12-27,Sydney Cricket Ground,2,12.1,Melbourne Stars,Sydney Sixers,PSP Handscomb,GJ Maxwell,BJ Dwarshuis,0,0,,,,,,caught,PSP Handscomb,,
1152520,2018/19,2018-12-27,Sydney Cricket Ground,2,12.2,Melbourne Stars,Sydney Sixers,MP Stoinis,GJ Maxwell,BJ Dwarshuis,0,0,,,,,,,,,
1152520,2018/19,2018-12-27,Sydney Cricket Ground,2,12.3,Melbourne Stars,Sydney Sixers,MP Stoinis,GJ Maxwell,BJ Dwarshuis,1,0,,,,,,,,,
1152520,2018/19,2018-12-27,Sydney Cricket Ground,2,12.4,Melbourne Stars,Sydney Sixers,GJ Maxwell,MP Stoinis,BJ Dwarshuis,0,0,,,,,,caught,GJ Maxwell,,
1152520,2018/19,2018-12-27,Sydney Cricket Ground,2,12.5,Melbourne Stars,Sydney Sixers,MP Stoinis,DJ Bravo,BJ Dwarshuis,1,0,,,,,,,,,
1152520,2018/19,2018-12-27,Sydney Cricket Ground,2,12.6,Melbourne Stars,Sydney Sixers,DJ Bravo,MP Stoinis,BJ Dwarshuis,3,0,,,,,,,,,
1152520,2018/19,2018-12-27,Sydney Cricket Ground,2,13.1,Melbourne Stars,Sydney Sixers,DJ Bravo,MP Stoinis,JL Denly,1,0,,,,,,,,,
1152520,2018/19,2018-12-27,Sydney Cricket Ground,2,13.2,Melbourne Stars,Sydney Sixers,MP Stoinis,DJ Bravo,JL Denly,2,0,,,,,,,,,
1152520,2018/19,2018-12-27,Sydney Cricket Ground,2,13.3,Melbourne Stars,Sydney Sixers,MP Stoinis,DJ Bravo,JL Denly,1,0,,,,,,,,,
1152520,2018/19,2018-12-27,Sydney Cricket Ground,2,13.4,Melbourne Stars,Sydney Sixers,DJ Bravo,MP Stoinis,JL Denly,1,0,,,,,,,,,
1152520,2018/19,2018-12-27,Sydney Cricket Ground,2,13.5,Melbourne Stars,Sydney Sixers,MP Stoinis,DJ Bravo,JL Denly,1,0,,,,,,,,,
1152520,2018/19,2018-12-27,Sydney Cricket Ground,2,13.6,Melbourne Stars,Sydney Sixers,DJ Bravo,MP Stoinis,JL Denly,4,0,,,,,,,,,
1152520,2018/19,2018-12-27,Sydney Cricket Ground,2,14.1,Melbourne Stars,Sydney Sixers,MP Stoinis,DJ Bravo,BJ Dwarshuis,4,0,,,,,,,,,
1152520,2018/19,2018-12-27,Sydney Cricket Ground,2,14.2,Melbourne Stars,Sydney Sixers,MP Stoinis,DJ Bravo,BJ Dwarshuis,0,0,,,,,,caught,MP Stoinis,,
1152520,2018/19,2018-12-27,Sydney Cricket Ground,2,14.3,Melbourne Stars,Sydney Sixers,EP Gulbis,DJ Bravo,BJ Dwarshuis,0,0,,,,,,,,,
1152520,2018/19,2018-12-27,Sydney Cricket Ground,2,14.4,Melbourne Stars,Sydney Sixers,EP Gulbis,DJ Bravo,BJ Dwarshuis,0,0,,,,,,,,,
1152520,2018/19,2018-12-27,Sydney Cricket Ground,2,14.5,Melbourne Stars,Sydney Sixers,EP Gulbis,DJ Bravo,BJ Dwarshuis,4,0,,,,,,,,,
