match_id,season,start_date,venue,innings,ball,batting_team,bowling_team,striker,non_striker,bowler,runs_off_bat,extras,wides,noballs,byes,legbyes,penalty,wicket_type,player_dismissed,other_wicket_type,other_player_dismissed
1152525,2018/19,2019-01-01,Carrara Oval,1,0.1,Brisbane Heat,Sydney Sixers,M Bryant,SD Heazlett,BAD Manenti,0,0,,,,,,,,,
1152525,2018/19,2019-01-01,Carrara Oval,1,0.2,Brisbane Heat,Sydney Sixers,M Bryant,SD Heazlett,BAD Manenti,0,0,,,,,,,,,
1152525,2018/19,2019-01-01,Carrara Oval,1,0.3,Brisbane Heat,Sydney Sixers,M Bryant,SD Heazlett,BAD Manenti,1,0,,,,,,,,,
1152525,2018/19,2019-01-01,Carrara Oval,1,0.4,Brisbane Heat,Sydney Sixers,SD Heazlett,M Bryant,BAD Manenti,1,0,,,,,,,,,
1152525,2018/19,2019-01-01,Carrara Oval,1,0.5,Brisbane Heat,Sydney Sixers,M Bryant,SD Heazlett,BAD Manenti,6,0,,,,,,,,,
1152525,2018/19,2019-01-01,Carrara Oval,1,0.6,Brisbane Heat,Sydney Sixers,M Bryant,SD Heazlett,BAD Manenti,1,0,,,,,,,,,
1152525,2018/19,2019-01-01,Carrara Oval,1,1.1,Brisbane Heat,Sydney Sixers,M Bryant,SD Heazlett,SNJ O'Keefe,4,0,,,,,,,,,
1152525,2018/19,2019-01-01,Carrara Oval,1,1.2,Brisbane Heat,Sydney Sixers,M Bryant,SD Heazlett,SNJ O'Keefe,4,0,,,,,,,,,
1152525,2018/19,2019-01-01,Carrara Oval,1,1.3,Brisbane Heat,Sydney Sixers,M Bryant,SD Heazlett,SNJ O'Keefe,0,0,,,,,,,,,
1152525,2018/19,2019-01-01,Carrara Oval,1,1.4,Brisbane Heat,Sydney Sixers,M Bryant,SD Heazlett,SNJ O'Keefe,4,0,,,,,,,,,
1152525,2018/19,2019-01-01,Carrara Oval,1,1.5,Brisbane Heat,Sydney Sixers,M Bryant,SD Heazlett,SNJ O'Keefe,6,0,,,,,,,,,
1152525,2018/19,2019-01-01,Carrara Oval,1,1.6,Brisbane Heat,Sydney Sixers,M Bryant,SD Heazlett,SNJ O'Keefe,0,0,,,,,,,,,
1152525,2018/19,2019-01-01,Carrara Oval,1,2.1,Brisbane Heat,Sydney Sixers,SD Heazlett,M Bryant,BJ Dwarshuis,1,0,,,,,,,,,
1152525,2018/19,2019-01-01,Carrara Oval,1,2.2,Brisbane Heat,Sydney Sixers,M Bryant,SD Heazlett,BJ Dwarshuis,4,0,,,,,,,,,
1152525,2018/19,2019-01-01,Carrara Oval,1,2.3,Brisbane Heat,Sydney Sixers,M Bryant,SD Heazlett,BJ Dwarshuis,0,1,1,,,,,,,,
1152525,2018/19,2019-01-01,Carrara Oval,1,2.4,Brisbane Heat,Sydney Sixers,M Bryant,SD Heazlett,BJ Dwarshuis,0,0,,,,,,,,,
1152525,2018/19,2019-01-01,Carrara Oval,1,2.5,Brisbane Heat,Sydney Sixers,M Bryant,SD Heazlett,BJ Dwarshuis,0,1,,,,1,,,,,
1152525,2018/19,2019-01-01,Carrara Oval,1,2.6,Brisbane Heat,Sydney Sixers,SD Heazlett,M Bryant,BJ Dwarshuis,0,0,,,,,,bowled,SD Heazlett,,
1152525,2018/19,2019-01-01,Carrara Oval,1,2.7,Brisbane Heat,Sydney Sixers,CA Lynn,M Bryant,BJ Dwarshuis,0,0,,,,,,,,,
1152525,2018/19,2019-01-01,Carrara Oval,1,3.1,Brisbane Heat,Sydney Sixers,M Bryant,CA Lynn,TK Curran,0,0,,,,,,,,,
1152525,2018/19,2019-01-01,Carrara Oval,1,3.2,Brisbane Heat,Sydney Sixers,M Bryant,CA Lynn,TK Curran,4,0,,,,,,,,,
1152525,2018/19,2019-01-01,Carrara Oval,1,3.3,Brisbane Heat,Sydney Sixers,M Bryant,CA Lynn,TK Curran,0,0,,,,,,,,,
1152525,2018/19,2019-01-01,Carrara Oval,1,3.4,Brisbane Heat,Sydney Sixers,M Bryant,CA Lynn,TK Curran,0,0,,,,,,caught,M Bryant,,
1152525,2018/19,2019-01-01,Carrara Oval,1,3.5,Brisbane Heat,Sydney Sixers,CA Lynn,BB McCullum,TK Curran,0,0,,,,,,,,,
1152525,2018/19,2019-01-01,Carrara Oval,1,3.6,Brisbane Heat,Sydney Sixers,CA Lynn,BB McCullum,TK Curran,0,0,,,,,,,,,
1152525,2018/19,2019-01-01,Carrara Oval,1,4.1,Brisbane Heat,Sydney Sixers,BB McCullum,CA Lynn,BJ Dwarshuis,0,0,,,,,,,,,
1152525,2018/19,2019-01-01,Carrara Oval,1,4.2,Brisbane Heat,Sydney Sixers,BB McCullum,CA Lynn,BJ Dwarshuis,2,0,,,,,,,,,
1152525,2018/19,2019-01-01,Carrara Oval,1,4.3,Brisbane Heat,Sydney Sixers,BB McCullum,CA Lynn,BJ Dwarshuis,0,0,,,,,,,,,
1152525,2018/19,2019-01-01,Carrara Oval,1,4.4,Brisbane Heat,Sydney Sixers,BB McCullum,CA Lynn,BJ Dwarshuis,1,0,,,,,,,,,
1152525,2018/19,2019-01-01,Carrara Oval,1,4.5,Brisbane Heat,Sydney Sixers,CA Lynn,BB McCullum,BJ Dwarshuis,1,0,,,,,,,,,
1152525,2018/19,2019-01-01,Carrara Oval,1,4.6,Brisbane Heat,Sydney Sixers,BB McCullum,CA Lynn,BJ Dwarshuis,1,0,,,,,,,,,
1152525,2018/19,2019-01-01,Carrara Oval,1,5.1,Brisbane Heat,Sydney Sixers,BB McCullum,CA Lynn,TK Curran,0,1,,,,1,,,,,
1152525,2018/19,2019-01-01,Carrara Oval,1,5.2,Brisbane Heat,Sydney Sixers,CA Lynn,BB McCullum,TK Curran,4,0,,,,,,,,,
1152525,2018/19,2019-01-01,Carrara Oval,1,5.3,Brisbane Heat,Sydney Sixers,CA Lynn,BB McCullum,TK Curran,1,0,,,,,,,,,
1152525,2018/19,2019-01-01,Carrara Oval,1,5.4,Brisbane Heat,Sydney Sixers,BB McCullum,CA Lynn,TK Curran,0,0,,,,,,,,,
1152525,2018/19,2019-01-01,Carrara Oval,1,5.5,Brisbane Heat,Sydney Sixers,BB McCullum,CA Lynn,TK Curran,0,1,,,,1,,,,,
1152525,2018/19,2019-01-01,Carrara Oval,1,5.6,Brisbane Heat,Sydney Sixers,CA Lynn,BB McCullum,TK Curran,1,0,,,,,,,,,
1152525,2018/19,2019-01-01,Carrara Oval,1,6.1,Brisbane Heat,Sydney Sixers,CA Lynn,BB McCullum,SNJ O'Keefe,1,0,,,,,,,,,
1152525,2018/19,2019-01-01,Carrara Oval,1,6.2,Brisbane Heat,Sydney Sixers,BB McCullum,CA Lynn,SNJ O'Keefe,1,0,,,,,,,,,
1152525,2018/19,2019-01-01,Carrara Oval,1,6.3,Brisbane Heat,Sydney Sixers,CA Lynn,BB McCullum,SNJ O'Keefe,0,0,,,,,,,,,
1152525,2018/19,2019-01-01,Carrara Oval,1,6.4,Brisbane Heat,Sydney Sixers,CA Lynn,BB McCullum,SNJ O'Keefe,0,0,,,,,,,,,
1152525,2018/19,2019-01-01,Carrara Oval,1,6.5,Brisbane Heat,Sydney Sixers,CA Lynn,BB McCullum,SNJ O'Keefe,1,0,,,,,,,,,
1152525,2018/19,2019-01-01,Carrara Oval,1,6.6,Brisbane Heat,Sydney Sixers,BB McCullum,CA Lynn,SNJ O'Keefe,0,0,,,,,,,,,
1152525,2018/19,2019-01-01,Carrara Oval,1,7.1,Brisbane Heat,Sydney Sixers,CA Lynn,BB McCullum,SA Abbott,0,0,,,,,,,,,
1152525,2018/19,2019-01-01,Carrara Oval,1,7.2,Brisbane Heat,Sydney Sixers,CA Lynn,BB McCullum,SA Abbott,1,0,,,,,,,,,
1152525,2018/19,2019-01-01,Carrara Oval,1,7.3,Brisbane Heat,Sydney Sixers,BB McCullum,CA Lynn,SA Abbott,2,0,,,,,,,,,
1152525,2018/19,2019-01-01,Carrara Oval,1,7.4,Brisbane Heat,Sydney Sixers,BB McCullum,CA Lynn,SA Abbott,1,0,,,,,,,,,
1152525,2018/19,2019-01-01,Carrara Oval,1,7.5,Brisbane Heat,Sydney Sixers,CA Lynn,BB McCullum,SA Abbott,1,0,,,,,,,,,
1152525,2018/19,2019-01-01,Carrara Oval,1,7.6,Brisbane Heat,Sydney Sixers,BB McCullum,CA Lynn,SA Abbott,0,0,,,,,,caught,BB McCullum,,
1152525,2018/19,2019-01-01,Carrara Oval,1,8.1,Brisbane Heat,Sydney Sixers,CA Lynn,JA Burns,JL Denly,1,0,,,,,,,,,
1152525,2018/19,2019-01-01,Carrara Oval,1,8.2,Brisbane Heat,Sydney Sixers,JA Burns,CA Lynn,JL Denly,0,0,,,,,,,,,
1152525,2018/19,2019-01-01,Carrara Oval,1,8.3,Brisbane Heat,Sydney Sixers,JA Burns,CA Lynn,JL Denly,1,0,,,,,,,,,
1152525,2018/19,2019-01-01,Carrara Oval,1,8.4,Brisbane Heat,Sydney Sixers,CA Lynn,JA Burns,JL Denly,1,0,,,,,,,,,
1152525,2018/19,2019-01-01,Carrara Oval,1,8.5,Brisbane Heat,Sydney Sixers,JA Burns,CA Lynn,JL Denly,0,0,,,,,,,,,
1152525,2018/19,2019-01-01,Carrara Oval,1,8.6,Brisbane Heat,Sydney Sixers,JA Burns,CA Lynn,JL Denly,0,0,,,,,,,,,
1152525,2018/19,2019-01-01,Carrara Oval,1,9.1,Brisbane Heat,Sydney Sixers,CA Lynn,JA Burns,SA Abbott,2,0,,,,,,,,,
1152525,2018/19,2019-01-01,Carrara Oval,1,9.2,Brisbane Heat,Sydney Sixers,CA Lynn,JA Burns,SA Abbott,1,0,,,,,,,,,
1152525,2018/19,2019-01-01,Carrara Oval,1,9.3,Brisbane Heat,Sydney Sixers,JA Burns,CA Lynn,SA Abbott,1,0,,,,,,,,,
1152525,2018/19,2019-01-01,Carrara Oval,1,9.4,Brisbane Heat,Sydney Sixers,CA Lynn,JA Burns,SA Abbott,0,0,,,,,,,,,
1152525,2018/19,2019-01-01,Carrara Oval,1,9.5,Brisbane Heat,Sydney Sixers,CA Lynn,JA Burns,SA Abbott,0,1,1,,,,,,,,
1152525,2018/19,2019-01-01,Carrara Oval,1,9.6,Brisbane Heat,Sydney Sixers,CA Lynn,JA Burns,SA Abbott,3,0,,,,,,,,,
1152525,2018/19,2019-01-01,Carrara Oval,1,9.7,Brisbane Heat,Sydney Sixers,JA Burns,CA Lynn,SA Abbott,0,0,,,,,,,,,
1152525,2018/19,2019-01-01,Carrara Oval,1,10.1,Brisbane Heat,Sydney Sixers,CA Lynn,JA Burns,BAD Manenti,2,0,,,,,,,,,
1152525,2018/19,2019-01-01,Carrara Oval,1,10.2,Brisbane Heat,Sydney Sixers,CA Lynn,JA Burns,BAD Manenti,6,0,,,,,,,,,
1152525,2018/19,2019-01-01,Carrara Oval,1,10.3,Brisbane Heat,Sydney Sixers,CA Lynn,JA Burns,BAD Manenti,4,0,,,,,,,,,
1152525,2018/19,2019-01-01,Carrara Oval,1,10.4,Brisbane Heat,Sydney Sixers,CA Lynn,JA Burns,BAD Manenti,1,0,,,,,,,,,
1152525,2018/19,2019-01-01,Carrara Oval,1,10.5,Brisbane Heat,Sydney Sixers,JA Burns,CA Lynn,BAD Manenti,1,0,,,,,,,,,
1152525,2018/19,2019-01-01,Carrara Oval,1,10.6,Brisbane Heat,Sydney Sixers,CA Lynn,JA Burns,BAD Manenti,2,0,,,,,,,,,
1152525,2018/19,2019-01-01,Carrara Oval,1,11.1,Brisbane Heat,Sydney Sixers,JA Burns,CA Lynn,SNJ O'Keefe,1,0,,,,,,,,,
1152525,2018/19,2019-01-01,Carrara Oval,1,11.2,Brisbane Heat,Sydney Sixers,CA Lynn,JA Burns,SNJ O'Keefe,1,0,,,,,,,,,
1152525,2018/19,2019-01-01,Carrara Oval,1,11.3,Brisbane Heat,Sydney Sixers,JA Burns,CA Lynn,SNJ O'Keefe,0,0,,,,,,caught and bowled,JA Burns,,
1152525,2018/19,2019-01-01,Carrara Oval,1,11.4,Brisbane Heat,Sydney Sixers,BCJ Cutting,CA Lynn,SNJ O'Keefe,0,0,,,,,,,,,
1152525,2018/19,2019-01-01,Carrara Oval,1,11.5,Brisbane Heat,Sydney Sixers,BCJ Cutting,CA Lynn,SNJ O'Keefe,0,1,,,,1,,,,,
1152525,2018/19,2019-01-01,Carrara Oval,1,11.6,Brisbane Heat,Sydney Sixers,CA Lynn,BCJ Cutting,SNJ O'Keefe,1,0,,,,,,,,,
1152525,2018/19,2019-01-01,Carrara Oval,1,12.1,Brisbane Heat,Sydney Sixers,CA Lynn,BCJ Cutting,JL Denly,1,0,,,,,,,,,
1152525,2018/19,2019-01-01,Carrara Oval,1,12.2,Brisbane Heat,Sydney Sixers,BCJ Cutting,CA Lynn,JL Denly,0,0,,,,,,bowled,BCJ Cutting,,
1152525,2018/19,2019-01-01,Carrara Oval,1,12.3,Brisbane Heat,Sydney Sixers,JJ Peirson,CA Lynn,JL Denly,1,0,,,,,,,,,
1152525,2018/19,2019-01-01,Carrara Oval,1,12.4,Brisbane Heat,Sydney Sixers,CA Lynn,JJ Peirson,JL Denly,1,0,,,,,,,,,
1152525,2018/19,2019-01-01,Carrara Oval,1,12.5,Brisbane Heat,Sydney Sixers,JJ Peirson,CA Lynn,JL Denly,1,0,,,,,,,,,
1152525,2018/19,2019-01-01,Carrara Oval,1,12.6,Brisbane Heat,Sydney Sixers,CA Lynn,JJ Peirson,JL Denly,1,0,,,,,,,,,
1152525,2018/19,2019-01-01,Carrara Oval,1,13.1,Brisbane Heat,Sydney Sixers,CA Lynn,JJ Peirson,SNJ O'Keefe,1,0,,,,,,,,,
1152525,2018/19,2019-01-01,Carrara Oval,1,13.2,Brisbane Heat,Sydney Sixers,JJ Peirson,CA Lynn,SNJ O'Keefe,1,0,,,,,,,,,
1152525,2018/19,2019-01-01,Carrara Oval,1,13.3,Brisbane Heat,Sydney Sixers,CA Lynn,JJ Peirson,SNJ O'Keefe,1,0,,,,,,,,,
1152525,2018/19,2019-01-01,Carrara Oval,1,13.4,Brisbane Heat,Sydney Sixers,JJ Peirson,CA Lynn,SNJ O'Keefe,1,0,,,,,,,,,
1152525,2018/19,2019-01-01,Carrara Oval,1,13.5,Brisbane Heat,Sydney Sixers,CA Lynn,JJ Peirson,SNJ O'Keefe,1,0,,,,,,,,,
1152525,2018/19,2019-01-01,Carrara Oval,1,13.6,Brisbane Heat,Sydney Sixers,JJ Peirson,CA Lynn,SNJ O'Keefe,1,0,,,,,,,,,
1152525,2018/19,2019-01-01,Carrara Oval,1,14.1,Brisbane Heat,Sydney Sixers,JJ Peirson,CA Lynn,BJ Dwarshuis,1,0,,,,,,,,,
1152525,2018/19,2019-01-01,Carrara Oval,1,14.2,Brisbane Heat,Sydney Sixers,CA Lynn,JJ Peirson,BJ Dwarshuis,2,0,,,,,,,,,
1152525,2018/19,2019-01-01,Carrara Oval,1,14.3,Brisbane Heat,Sydney Sixers,CA Lynn,JJ Peirson,BJ Dwarshuis,0,0,,,,,,,,,
1152525,2018/19,2019-01-01,Carrara Oval,1,14.4,Brisbane Heat,Sydney Sixers,CA Lynn,JJ Peirson,BJ Dwarshuis,0,0,,,,,,,,,
1152525,2018/19,2019-01-01,Carrara Oval,1,14.5,Brisbane Heat,Sydney Sixers,CA Lynn,JJ Peirson,BJ Dwarshuis,6,0,,,,,,,,,
1152525,2018/19,2019-01-01,Carrara Oval,1,14.6,Brisbane Heat,Sydney Sixers,CA Lynn,JJ Peirson,BJ Dwarshuis,1,0,,,,,,,,,
1152525,2018/19,2019-01-01,Carrara Oval,1,15.1,Brisbane Heat,Sydney Sixers,CA Lynn,JJ Peirson,SA Abbott,0,1,,,,1,,,,,
1152525,2018/19,2019-01-01,Carrara Oval,1,15.2,Brisbane Heat,Sydney Sixers,JJ Peirson,CA Lynn,SA Abbott,1,0,,,,,,,,,
1152525,2018/19,2019-01-01,Carrara Oval,1,15.3,Brisbane Heat,Sydney Sixers,CA Lynn,JJ Peirson,SA Abbott,6,0,,,,,,,,,
1152525,2018/19,2019-01-01,Carrara Oval,1,15.4,Brisbane Heat,Sydney Sixers,CA Lynn,JJ Peirson,SA Abbott,4,0,,,,,,,,,
1152525,2018/19,2019-01-01,Carrara Oval,1,15.5,Brisbane Heat,Sydney Sixers,CA Lynn,JJ Peirson,SA Abbott,1,0,,,,,,,,,
1152525,2018/19,2019-01-01,Carrara Oval,1,15.6,Brisbane Heat,Sydney Sixers,JJ Peirson,CA Lynn,SA Abbott,0,0,,,,,,,,,
1152525,2018/19,2019-01-01,Carrara Oval,1,16.1,Brisbane Heat,Sydney Sixers,CA Lynn,JJ Peirson,TK Curran,0,0,,,,,,,,,
1152525,2018/19,2019-01-01,Carrara Oval,1,16.2,Brisbane Heat,Sydney Sixers,CA Lynn,JJ Peirson,TK Curran,3,0,,,,,,,,,
1152525,2018/19,2019-01-01,Carrara Oval,1,16.3,Brisbane Heat,Sydney Sixers,JJ Peirson,CA Lynn,TK Curran,1,0,,,,,,,,,
1152525,2018/19,2019-01-01,Carrara Oval,1,16.4,Brisbane Heat,Sydney Sixers,CA Lynn,JJ Peirson,TK Curran,6,0,,,,,,,,,
1152525,2018/19,2019-01-01,Carrara Oval,1,16.5,Brisbane Heat,Sydney Sixers,CA Lynn,JJ Peirson,TK Curran,2,0,,,,,,,,,
1152525,2018/19,2019-01-01,Carrara Oval,1,16.6,Brisbane Heat,Sydney Sixers,CA Lynn,JJ Peirson,TK Curran,0,0,,,,,,,,,
1152525,2018/19,2019-01-01,Carrara Oval,1,17.1,Brisbane Heat,Sydney Sixers,JJ Peirson,CA Lynn,BJ Dwarshuis,1,0,,,,,,,,,
1152525,2018/19,2019-01-01,Carrara Oval,1,17.2,Brisbane Heat,Sydney Sixers,CA Lynn,JJ Peirson,BJ Dwarshuis,2,0,,,,,,,,,
1152525,2018/19,2019-01-01,Carrara Oval,1,17.3,Brisbane Heat,Sydney Sixers,CA Lynn,JJ Peirson,BJ Dwarshuis,0,0,,,,,,,,,
1152525,2018/19,2019-01-01,Carrara Oval,1,17.4,Brisbane Heat,Sydney Sixers,CA Lynn,JJ Peirson,BJ Dwarshuis,1,0,,,,,,,,,
1152525,2018/19,2019-01-01,Carrara Oval,1,17.5,Brisbane Heat,Sydney Sixers,JJ Peirson,CA Lynn,BJ Dwarshuis,4,0,,,,,,,,,
1152525,2018/19,2019-01-01,Carrara Oval,1,17.6,Brisbane Heat,Sydney Sixers,JJ Peirson,CA Lynn,BJ Dwarshuis,1,0,,,,,,,,,
1152525,2018/19,2019-01-01,Carrara Oval,1,18.1,Brisbane Heat,Sydney Sixers,JJ Peirson,CA Lynn,SA Abbott,1,0,,,,,,,,,
1152525,2018/19,2019-01-01,Carrara Oval,1,18.2,Brisbane Heat,Sydney Sixers,CA Lynn,JJ Peirson,SA Abbott,6,0,,,,,,,,,
1152525,2018/19,2019-01-01,Carrara Oval,1,18.3,Brisbane Heat,Sydney Sixers,CA Lynn,JJ Peirson,SA Abbott,0,1,,,,1,,,,,
1152525,2018/19,2019-01-01,Carrara Oval,1,18.4,Brisbane Heat,Sydney Sixers,JJ Peirson,CA Lynn,SA Abbott,6,0,,,,,,,,,
1152525,2018/19,2019-01-01,Carrara Oval,1,18.5,Brisbane Heat,Sydney Sixers,JJ Peirson,CA Lynn,SA Abbott,1,0,,,,,,,,,
1152525,2018/19,2019-01-01,Carrara Oval,1,18.6,Brisbane Heat,Sydney Sixers,CA Lynn,JJ Peirson,SA Abbott,1,0,,,,,,,,,
1152525,2018/19,2019-01-01,Carrara Oval,1,19.1,Brisbane Heat,Sydney Sixers,CA Lynn,JJ Peirson,TK Curran,1,0,,,,,,,,,
1152525,2018/19,2019-01-01,Carrara Oval,1,19.2,Brisbane Heat,Sydney Sixers,JJ Peirson,CA Lynn,TK Curran,1,0,,,,,,,,,
1152525,2018/19,2019-01-01,Carrara Oval,1,19.3,Brisbane Heat,Sydney Sixers,CA Lynn,JJ Peirson,TK Curran,0,0,,,,,,lbw,CA Lynn,,
1152525,2018/19,2019-01-01,Carrara Oval,1,19.4,Brisbane Heat,Sydney Sixers,JL Pattinson,JJ Peirson,TK Curran,0,0,,,,,,,,,
1152525,2018/19,2019-01-01,Carrara Oval,1,19.5,Brisbane Heat,Sydney Sixers,JL Pattinson,JJ Peirson,TK Curran,1,0,,,,,,,,,
1152525,2018/19,2019-01-01,Carrara Oval,1,19.6,Brisbane Heat,Sydney Sixers,JJ Peirson,JL Pattinson,TK Curran,0,0,,,,,,caught,JJ Peirson,,
1152525,2018/19,2019-01-01,Carrara Oval,2,0.1,Sydney Sixers,Brisbane Heat,JL Denly,J Avendano,JK Lalor,0,0,,,,,,,,,
1152525,2018/19,2019-01-01,Carrara Oval,2,0.2,Sydney Sixers,Brisbane Heat,JL Denly,J Avendano,JK Lalor,0,0,,,,,,,,,
1152525,2018/19,2019-01-01,Carrara Oval,2,0.3,Sydney Sixers,Brisbane Heat,JL Denly,J Avendano,JK Lalor,2,0,,,,,,,,,
1152525,2018/19,2019-01-01,Carrara Oval,2,0.4,Sydney Sixers,Brisbane Heat,JL Denly,J Avendano,JK Lalor,1,0,,,,,,,,,
1152525,2018/19,2019-01-01,Carrara Oval,2,0.5,Sydney Sixers,Brisbane Heat,J Avendano,JL Denly,JK Lalor,0,0,,,,,,,,,
1152525,2018/19,2019-01-01,Carrara Oval,2,0.6,Sydney Sixers,Brisbane Heat,J Avendano,JL Denly,JK Lalor,4,0,,,,,,,,,
1152525,2018/19,2019-01-01,Carrara Oval,2,1.1,Sydney Sixers,Brisbane Heat,JL Denly,J Avendano,Mujeeb Ur Rahman,0,0,,,,,,,,,
1152525,2018/19,2019-01-01,Carrara Oval,2,1.2,Sydney Sixers,Brisbane Heat,JL Denly,J Avendano,Mujeeb Ur Rahman,0,0,,,,,,,,,
1152525,2018/19,2019-01-01,Carrara Oval,2,1.3,Sydney Sixers,Brisbane Heat,JL Denly,J Avendano,Mujeeb Ur Rahman,0,0,,,,,,,,,
1152525,2018/19,2019-01-01,Carrara Oval,2,1.4,Sydney Sixers,Brisbane Heat,JL Denly,J Avendano,Mujeeb Ur Rahman,0,0,,,,,,,,,
1152525,2018/19,2019-01-01,Carrara Oval,2,1.5,Sydney Sixers,Brisbane Heat,JL Denly,J Avendano,Mujeeb Ur Rahman,0,0,,,,,,,,,
1152525,2018/19,2019-01-01,Carrara Oval,2,1.6,Sydney Sixers,Brisbane Heat,JL Denly,J Avendano,Mujeeb Ur Rahman,0,0,,,,,,,,,
1152525,2018/19,2019-01-01,Carrara Oval,2,2.1,Sydney Sixers,Brisbane Heat,J Avendano,JL Denly,JL Pattinson,0,0,,,,,,,,,
1152525,2018/19,2019-01-01,Carrara Oval,2,2.2,Sydney Sixers,Brisbane Heat,J Avendano,JL Denly,JL Pattinson,0,0,,,,,,,,,
1152525,2018/19,2019-01-01,Carrara Oval,2,2.3,Sydney Sixers,Brisbane Heat,J Avendano,JL Denly,JL Pattinson,6,0,,,,,,,,,
1152525,2018/19,2019-01-01,Carrara Oval,2,2.4,Sydney Sixers,Brisbane Heat,J Avendano,JL Denly,JL Pattinson,0,0,,,,,,,,,
1152525,2018/19,2019-01-01,Carrara Oval,2,2.5,Sydney Sixers,Brisbane Heat,J Avendano,JL Denly,JL Pattinson,0,0,,,,,,,,,
1152525,2018/19,2019-01-01,Carrara Oval,2,2.6,Sydney Sixers,Brisbane Heat,J Avendano,JL Denly,JL Pattinson,1,0,,,,,,,,,
1152525,2018/19,2019-01-01,Carrara Oval,2,3.1,Sydney Sixers,Brisbane Heat,J Avendano,JL Denly,Mujeeb Ur Rahman,1,0,,,,,,,,,
1152525,2018/19,2019-01-01,Carrara Oval,2,3.2,Sydney Sixers,Brisbane Heat,JL Denly,J Avendano,Mujeeb Ur Rahman,1,0,,,,,,,,,
1152525,2018/19,2019-01-01,Carrara Oval,2,3.3,Sydney Sixers,Brisbane Heat,J Avendano,JL Denly,Mujeeb Ur Rahman,6,0,,,,,,,,,
1152525,2018/19,2019-01-01,Carrara Oval,2,3.4,Sydney Sixers,Brisbane Heat,J Avendano,JL Denly,Mujeeb Ur Rahman,0,0,,,,,,,,,
1152525,2018/19,2019-01-01,Carrara Oval,2,3.5,Sydney Sixers,Brisbane Heat,J Avendano,JL Denly,Mujeeb Ur Rahman,1,0,,,,,,,,,
1152525,2018/19,2019-01-01,Carrara Oval,2,3.6,Sydney Sixers,Brisbane Heat,JL Denly,J Avendano,Mujeeb Ur Rahman,1,0,,,,,,,,,
1152525,2018/19,2019-01-01,Carrara Oval,2,4.1,Sydney Sixers,Brisbane Heat,JL Denly,J Avendano,JL Pattinson,0,0,,,,,,,,,
1152525,2018/19,2019-01-01,Carrara Oval,2,4.2,Sydney Sixers,Brisbane Heat,JL Denly,J Avendano,JL Pattinson,4,0,,,,,,,,,
1152525,2018/19,2019-01-01,Carrara Oval,2,4.3,Sydney Sixers,Brisbane Heat,JL Denly,J Avendano,JL Pattinson,0,0,,,,,,,,,
1152525,2018/19,2019-01-01,Carrara Oval,2,4.4,Sydney Sixers,Brisbane Heat,JL Denly,J Avendano,JL Pattinson,2,0,,,,,,,,,
1152525,2018/19,2019-01-01,Carrara Oval,2,4.5,Sydney Sixers,Brisbane Heat,JL Denly,J Avendano,JL Pattinson,0,0,,,,,,,,,
1152525,2018/19,2019-01-01,Carrara Oval,2,4.6,Sydney Sixers,Brisbane Heat,JL Denly,J Avendano,JL Pattinson,0,0,,,,,,,,,
1152525,2018/19,2019-01-01,Carrara Oval,2,5.1,Sydney Sixers,Brisbane Heat,J Avendano,JL Denly,JK Lalor,1,0,,,,,,,,,
1152525,2018/19,2019-01-01,Carrara Oval,2,5.2,Sydney Sixers,Brisbane Heat,JL Denly,J Avendano,JK Lalor,0,0,,,,,,caught,JL Denly,,
1152525,2018/19,2019-01-01,Carrara Oval,2,5.3,Sydney Sixers,Brisbane Heat,MC Henriques,J Avendano,JK Lalor,1,0,,,,,,,,,
1152525,2018/19,2019-01-01,Carrara Oval,2,5.4,Sydney Sixers,Brisbane Heat,J Avendano,MC Henriques,JK Lalor,0,0,,,,,,,,,
1152525,2018/19,2019-01-01,Carrara Oval,2,5.5,Sydney Sixers,Brisbane Heat,J Avendano,MC Henriques,JK Lalor,1,0,,,,,,,,,
1152525,2018/19,2019-01-01,Carrara Oval,2,5.6,Sydney Sixers,Brisbane Heat,MC Henriques,J Avendano,JK Lalor,1,0,,,,,,,,,
1152525,2018/19,2019-01-01,Carrara Oval,2,6.1,Sydney Sixers,Brisbane Heat,MC Henriques,J Avendano,Mujeeb Ur Rahman,4,0,,,,,,,,,
1152525,2018/19,2019-01-01,Carrara Oval,2,6.2,Sydney Sixers,Brisbane Heat,MC Henriques,J Avendano,Mujeeb Ur Rahman,1,0,,,,,,,,,
1152525,2018/19,2019-01-01,Carrara Oval,2,6.3,Sydney Sixers,Brisbane Heat,J Avendano,MC Henriques,Mujeeb Ur Rahman,1,0,,,,,,,,,
1152525,2018/19,2019-01-01,Carrara Oval,2,6.4,Sydney Sixers,Brisbane Heat,MC Henriques,J Avendano,Mujeeb Ur Rahman,1,0,,,,,,,,,
1152525,2018/19,2019-01-01,Carrara Oval,2,6.5,Sydney Sixers,Brisbane Heat,J Avendano,MC Henriques,Mujeeb Ur Rahman,1,0,,,,,,,,,
1152525,2018/19,2019-01-01,Carrara Oval,2,6.6,Sydney Sixers,Brisbane Heat,MC Henriques,J Avendano,Mujeeb Ur Rahman,0,0,,,,,,,,,
1152525,2018/19,2019-01-01,Carrara Oval,2,7.1,Sydney Sixers,Brisbane Heat,J Avendano,MC Henriques,BCJ Cutting,1,0,,,,,,,,,
1152525,2018/19,2019-01-01,Carrara Oval,2,7.2,Sydney Sixers,Brisbane Heat,MC Henriques,J Avendano,BCJ Cutting,1,0,,,,,,,,,
1152525,2018/19,2019-01-01,Carrara Oval,2,7.3,Sydney Sixers,Brisbane Heat,J Avendano,MC Henriques,BCJ Cutting,1,0,,,,,,,,,
1152525,2018/19,2019-01-01,Carrara Oval,2,7.4,Sydney Sixers,Brisbane Heat,MC Henriques,J Avendano,BCJ Cutting,1,0,,,,,,,,,
1152525,2018/19,2019-01-01,Carrara Oval,2,7.5,Sydney Sixers,Brisbane Heat,J Avendano,MC Henriques,BCJ Cutting,1,0,,,,,,,,,
1152525,2018/19,2019-01-01,Carrara Oval,2,7.6,Sydney Sixers,Brisbane Heat,MC Henriques,J Avendano,BCJ Cutting,1,0,,,,,,,,,
1152525,2018/19,2019-01-01,Carrara Oval,2,8.1,Sydney Sixers,Brisbane Heat,MC Henriques,J Avendano,MJ Swepson,4,0,,,,,,,,,
1152525,2018/19,2019-01-01,Carrara Oval,2,8.2,Sydney Sixers,Brisbane Heat,MC Henriques,J Avendano,MJ Swepson,2,0,,,,,,,,,
1152525,2018/19,2019-01-01,Carrara Oval,2,8.3,Sydney Sixers,Brisbane Heat,MC Henriques,J Avendano,MJ Swepson,0,0,,,,,,,,,
1152525,2018/19,2019-01-01,Carrara Oval,2,8.4,Sydney Sixers,Brisbane Heat,MC Henriques,J Avendano,MJ Swepson,6,0,,,,,,,,,
1152525,2018/19,2019-01-01,Carrara Oval,2,8.5,Sydney Sixers,Brisbane Heat,MC Henriques,J Avendano,MJ Swepson,1,0,,,,,,,,,
1152525,2018/19,2019-01-01,Carrara Oval,2,8.6,Sydney Sixers,Brisbane Heat,J Avendano,MC Henriques,MJ Swepson,2,0,,,,,,,,,
1152525,2018/19,2019-01-01,Carrara Oval,2,9.1,Sydney Sixers,Brisbane Heat,MC Henriques,J Avendano,BCJ Cutting,4,0,,,,,,,,,
1152525,2018/19,2019-01-01,Carrara Oval,2,9.2,Sydney Sixers,Brisbane Heat,MC Henriques,J Avendano,BCJ Cutting,0,0,,,,,,,,,
1152525,2018/19,2019-01-01,Carrara Oval,2,9.3,Sydney Sixers,Brisbane Heat,MC Henriques,J Avendano,BCJ Cutting,4,0,,,,,,,,,
1152525,2018/19,2019-01-01,Carrara Oval,2,9.4,Sydney Sixers,Brisbane Heat,MC Henriques,J Avendano,BCJ Cutting,1,0,,,,,,,,,
1152525,2018/19,2019-01-01,Carrara Oval,2,9.5,Sydney Sixers,Brisbane Heat,J Avendano,MC Henriques,BCJ Cutting,1,0,,,,,,,,,
1152525,2018/19,2019-01-01,Carrara Oval,2,9.6,Sydney Sixers,Brisbane Heat,MC Henriques,J Avendano,BCJ Cutting,1,0,,,,,,,,,
1152525,2018/19,2019-01-01,Carrara Oval,2,10.1,Sydney Sixers,Brisbane Heat,MC Henriques,J Avendano,JL Pattinson,1,0,,,,,,,,,
1152525,2018/19,2019-01-01,Carrara Oval,2,10.2,Sydney Sixers,Brisbane Heat,J Avendano,MC Henriques,JL Pattinson,1,0,,,,,,,,,
1152525,2018/19,2019-01-01,Carrara Oval,2,10.3,Sydney Sixers,Brisbane Heat,MC Henriques,J Avendano,JL Pattinson,1,0,,,,,,,,,
1152525,2018/19,2019-01-01,Carrara Oval,2,10.4,Sydney Sixers,Brisbane Heat,J Avendano,MC Henriques,JL Pattinson,0,0,,,,,,run out,J Avendano,,
1152525,2018/19,2019-01-01,Carrara Oval,2,10.5,Sydney Sixers,Brisbane Heat,MC Henriques,DP Hughes,JL Pattinson,1,0,,,,,,,,,
1152525,2018/19,2019-01-01,Carrara Oval,2,10.6,Sydney Sixers,Brisbane Heat,DP Hughes,MC Henriques,JL Pattinson,1,0,,,,,,,,,
1152525,2018/19,2019-01-01,Carrara Oval,2,11.1,Sydney Sixers,Brisbane Heat,DP Hughes,MC Henriques,MJ Swepson,1,0,,,,,,,,,
1152525,2018/19,2019-01-01,Carrara Oval,2,11.2,Sydney Sixers,Brisbane Heat,MC Henriques,DP Hughes,MJ Swepson,1,0,,,,,,,,,
1152525,2018/19,2019-01-01,Carrara Oval,2,11.3,Sydney Sixers,Brisbane Heat,DP Hughes,MC Henriques,MJ Swepson,0,0,,,,,,stumped,DP Hughes,,
1152525,2018/19,2019-01-01,Carrara Oval,2,11.4,Sydney Sixers,Brisbane Heat,JC Silk,MC Henriques,MJ Swepson,1,0,,,,,,,,,
1152525,2018/19,2019-01-01,Carrara Oval,2,11.5,Sydney Sixers,Brisbane Heat,MC Henriques,JC Silk,MJ Swepson,0,0,,,,,,,,,
1152525,2018/19,2019-01-01,Carrara Oval,2,11.6,Sydney Sixers,Brisbane Heat,MC Henriques,JC Silk,MJ Swepson,1,0,,,,,,,,,
1152525,2018/19,2019-01-01,Carrara Oval,2,12.1,Sydney Sixers,Brisbane Heat,MC Henriques,JC Silk,JK Lalor,1,0,,,,,,,,,
1152525,2018/19,2019-01-01,Carrara Oval,2,12.2,Sydney Sixers,Brisbane Heat,JC Silk,MC Henriques,JK Lalor,1,0,,,,,,,,,
1152525,2018/19,2019-01-01,Carrara Oval,2,12.3,Sydney Sixers,Brisbane Heat,MC Henriques,JC Silk,JK Lalor,1,0,,,,,,,,,
1152525,2018/19,2019-01-01,Carrara Oval,2,12.4,Sydney Sixers,Brisbane Heat,JC Silk,MC Henriques,JK Lalor,2,0,,,,,,,,,
1152525,2018/19,2019-01-01,Carrara Oval,2,12.5,Sydney Sixers,Brisbane Heat,JC Silk,MC Henriques,JK Lalor,1,0,,,,,,,,,
1152525,2018/19,2019-01-01,Carrara Oval,2,12.6,Sydney Sixers,Brisbane Heat,MC Henriques,JC Silk,JK Lalor,1,0,,,,,,,,,
1152525,2018/19,2019-01-01,Carrara Oval,2,13.1,Sydney Sixers,Brisbane Heat,MC Henriques,JC Silk,MJ Swepson,4,0,,,,,,,,,
1152525,2018/19,2019-01-01,Carrara Oval,2,13.2,Sydney Sixers,Brisbane Heat,MC Henriques,JC Silk,MJ Swepson,1,0,,,,,,,,,
1152525,2018/19,2019-01-01,Carrara Oval,2,13.3,Sydney Sixers,Brisbane Heat,JC Silk,MC Henriques,MJ Swepson,0,0,,,,,,,,,
1152525,2018/19,2019-01-01,Carrara Oval,2,13.4,Sydney Sixers,Brisbane Heat,JC Silk,MC Henriques,MJ Swepson,1,0,,,,,,,,,
1152525,2018/19,2019-01-01,Carrara Oval,2,13.5,Sydney Sixers,Brisbane Heat,MC Henriques,JC Silk,MJ Swepson,1,0,,,,,,,,,
1152525,2018/19,2019-01-01,Carrara Oval,2,13.6,Sydney Sixers,Brisbane Heat,JC Silk,MC Henriques,MJ Swepson,1,0,,,,,,,,,
1152525,2018/19,2019-01-01,Carrara Oval,2,14.1,Sydney Sixers,Brisbane Heat,JC Silk,MC Henriques,JL Pattinson,2,0,,,,,,,,,
1152525,2018/19,2019-01-01,Carrara Oval,2,14.2,Sydney Sixers,Brisbane Heat,JC Silk,MC Henriques,JL Pattinson,1,0,,,,,,,,,
1152525,2018/19,2019-01-01,Carrara Oval,2,14.3,Sydney Sixers,Brisbane Heat,MC Henriques,JC Silk,JL Pattinson,0,0,,,,,,,,,
1152525,2018/19,2019-01-01,Carrara Oval,2,14.4,Sydney Sixers,Brisbane Heat,MC Henriques,JC Silk,JL Pattinson,1,0,,,,,,,,,
1152525,2018/19,2019-01-01,Carrara Oval,2,14.5,Sydney Sixers,Brisbane Heat,JC Silk,MC Henriques,JL Pattinson,1,0,,,,,,,,,
1152525,2018/19,2019-01-01,Carrara Oval,2,14.6,Sydney Sixers,Brisbane Heat,MC Henriques,JC Silk,JL Pattinson,6,0,,,,,,,,,
1152525,2018/19,2019-01-01,Carrara Oval,2,15.1,Sydney Sixers,Brisbane Heat,JC Silk,MC Henriques,Mujeeb Ur Rahman,2,0,,,,,,,,,
1152525,2018/19,2019-01-01,Carrara Oval,2,15.2,Sydney Sixers,Brisbane Heat,JC Silk,MC Henriques,Mujeeb Ur Rahman,1,0,,,,,,,,,
1152525,2018/19,2019-01-01,Carrara Oval,2,15.3,Sydney Sixers,Brisbane Heat,MC Henriques,JC Silk,Mujeeb Ur Rahman,1,0,,,,,,,,,
1152525,2018/19,2019-01-01,Carrara Oval,2,15.4,Sydney Sixers,Brisbane Heat,JC Silk,MC Henriques,Mujeeb Ur Rahman,6,0,,,,,,,,,
1152525,2018/19,2019-01-01,Carrara Oval,2,15.5,Sydney Sixers,Brisbane Heat,JC Silk,MC Henriques,Mujeeb Ur Rahman,1,0,,,,,,,,,
1152525,2018/19,2019-01-01,Carrara Oval,2,15.6,Sydney Sixers,Brisbane Heat,MC Henriques,JC Silk,Mujeeb Ur Rahman,1,0,,,,,,,,,
1152525,2018/19,2019-01-01,Carrara Oval,2,16.1,Sydney Sixers,Brisbane Heat,MC Henriques,JC Silk,BCJ Cutting,0,0,,,,,,caught,MC Henriques,,
1152525,2018/19,2019-01-01,Carrara Oval,2,16.2,Sydney Sixers,Brisbane Heat,JC Silk,JR Philippe,BCJ Cutting,1,0,,,,,,,,,
1152525,2018/19,2019-01-01,Carrara Oval,2,16.3,Sydney Sixers,Brisbane Heat,JR Philippe,JC Silk,BCJ Cutting,2,0,,,,,,,,,
1152525,2018/19,2019-01-01,Carrara Oval,2,16.4,Sydney Sixers,Brisbane Heat,JR Philippe,JC Silk,BCJ Cutting,3,0,,,,,,,,,
1152525,2018/19,2019-01-01,Carrara Oval,2,16.5,Sydney Sixers,Brisbane Heat,JC Silk,JR Philippe,BCJ Cutting,4,0,,,,,,,,,
1152525,2018/19,2019-01-01,Carrara Oval,2,16.6,Sydney Sixers,Brisbane Heat,JC Silk,JR Philippe,BCJ Cutting,1,0,,,,,,,,,
1152525,2018/19,2019-01-01,Carrara Oval,2,17.1,Sydney Sixers,Brisbane Heat,JC Silk,JR Philippe,MJ Swepson,6,0,,,,,,,,,
1152525,2018/19,2019-01-01,Carrara Oval,2,17.2,Sydney Sixers,Brisbane Heat,JC Silk,JR Philippe,MJ Swepson,1,0,,,,,,,,,
1152525,2018/19,2019-01-01,Carrara Oval,2,17.3,Sydney Sixers,Brisbane Heat,JR Philippe,JC Silk,MJ Swepson,2,0,,,,,,,,,
1152525,2018/19,2019-01-01,Carrara Oval,2,17.4,Sydney Sixers,Brisbane Heat,JR Philippe,JC Silk,MJ Swepson,1,0,,,,,,,,,
1152525,2018/19,2019-01-01,Carrara Oval,2,17.5,Sydney Sixers,Brisbane Heat,JC Silk,JR Philippe,MJ Swepson,2,0,,,,,,,,,
1152525,2018/19,2019-01-01,Carrara Oval,2,17.6,Sydney Sixers,Brisbane Heat,JC Silk,JR Philippe,MJ Swepson,1,0,,,,,,,,,
1152525,2018/19,2019-01-01,Carrara Oval,2,18.1,Sydney Sixers,Brisbane Heat,JC Silk,JR Philippe,JK Lalor,1,0,,,,,,,,,
1152525,2018/19,2019-01-01,Carrara Oval,2,18.2,Sydney Sixers,Brisbane Heat,JR Philippe,JC Silk,JK Lalor,4,0,,,,,,,,,
1152525,2018/19,2019-01-01,Carrara Oval,2,18.3,Sydney Sixers,Brisbane Heat,JR Philippe,JC Silk,JK Lalor,1,0,,,,,,,,,
1152525,2018/19,2019-01-01,Carrara Oval,2,18.4,Sydney Sixers,Brisbane Heat,JC Silk,JR Philippe,JK Lalor,4,0,,,,,,,,,
1152525,2018/19,2019-01-01,Carrara Oval,2,18.5,Sydney Sixers,Brisbane Heat,JC Silk,JR Philippe,JK Lalor,4,0,,,,,,,,,
1152525,2018/19,2019-01-01,Carrara Oval,2,18.6,Sydney Sixers,Brisbane Heat,JC Silk,JR Philippe,JK Lalor,0,0,,,,,,caught,JC Silk,,
1152525,2018/19,2019-01-01,Carrara Oval,2,19.1,Sydney Sixers,Brisbane Heat,JR Philippe,TK Curran,BCJ Cutting,1,0,,,,,,,,,
1152525,2018/19,2019-01-01,Carrara Oval,2,19.2,Sydney Sixers,Brisbane Heat,TK Curran,JR Philippe,BCJ Cutting,4,0,,,,,,,,,
1152525,2018/19,2019-01-01,Carrara Oval,2,19.3,Sydney Sixers,Brisbane Heat,TK Curran,JR Philippe,BCJ Cutting,1,0,,,,,,,,,
