match_id,season,start_date,venue,innings,ball,batting_team,bowling_team,striker,non_striker,bowler,runs_off_bat,extras,wides,noballs,byes,legbyes,penalty,wicket_type,player_dismissed,other_wicket_type,other_player_dismissed
1152530,2018/19,2019-01-05,Carrara Oval,1,0.1,Sydney Thunder,Melbourne Stars,JC Buttler,SR Watson,SM Boland,0,0,,,,,,,,,
1152530,2018/19,2019-01-05,Carrara Oval,1,0.2,Sydney Thunder,Melbourne Stars,JC Buttler,SR Watson,SM Boland,4,0,,,,,,,,,
1152530,2018/19,2019-01-05,Carrara Oval,1,0.3,Sydney Thunder,Melbourne Stars,JC Buttler,SR Watson,SM Boland,0,1,1,,,,,,,,
1152530,2018/19,2019-01-05,Carrara Oval,1,0.4,Sydney Thunder,Melbourne Stars,JC Buttler,SR Watson,SM Boland,0,0,,,,,,,,,
1152530,2018/19,2019-01-05,Carrara Oval,1,0.5,Sydney Thunder,Melbourne Stars,JC Buttler,SR Watson,SM Boland,0,0,,,,,,,,,
1152530,2018/19,2019-01-05,Carrara Oval,1,0.6,Sydney Thunder,Melbourne Stars,JC Buttler,SR Watson,SM Boland,0,0,,,,,,,,,
1152530,2018/19,2019-01-05,Carrara Oval,1,0.7,Sydney Thunder,Melbourne Stars,JC Buttler,SR Watson,SM Boland,1,0,,,,,,,,,
1152530,2018/19,2019-01-05,Carrara Oval,1,1.1,Sydney Thunder,Melbourne Stars,JC Buttler,SR Watson,A Zampa,2,0,,,,,,,,,
1152530,2018/19,2019-01-05,Carrara Oval,1,1.2,Sydney Thunder,Melbourne Stars,JC Buttler,SR Watson,A Zampa,4,0,,,,,,,,,
1152530,2018/19,2019-01-05,Carrara Oval,1,1.3,Sydney Thunder,Melbourne Stars,JC Buttler,SR Watson,A Zampa,0,0,,,,,,,,,
1152530,2018/19,2019-01-05,Carrara Oval,1,1.4,Sydney Thunder,Melbourne Stars,JC Buttler,SR Watson,A Zampa,1,0,,,,,,,,,
1152530,2018/19,2019-01-05,Carrara Oval,1,1.5,Sydney Thunder,Melbourne Stars,SR Watson,JC Buttler,A Zampa,4,0,,,,,,,,,
1152530,2018/19,2019-01-05,Carrara Oval,1,1.6,Sydney Thunder,Melbourne Stars,SR Watson,JC Buttler,A Zampa,2,0,,,,,,,,,
1152530,2018/19,2019-01-05,Carrara Oval,1,2.1,Sydney Thunder,Melbourne Stars,JC Buttler,SR Watson,MA Beer,0,0,,,,,,,,,
1152530,2018/19,2019-01-05,Carrara Oval,1,2.2,Sydney Thunder,Melbourne Stars,JC Buttler,SR Watson,MA Beer,2,0,,,,,,,,,
1152530,2018/19,2019-01-05,Carrara Oval,1,2.3,Sydney Thunder,Melbourne Stars,JC Buttler,SR Watson,MA Beer,2,0,,,,,,,,,
1152530,2018/19,2019-01-05,Carrara Oval,1,2.4,Sydney Thunder,Melbourne Stars,JC Buttler,SR Watson,MA Beer,1,0,,,,,,,,,
1152530,2018/19,2019-01-05,Carrara Oval,1,2.5,Sydney Thunder,Melbourne Stars,SR Watson,JC Buttler,MA Beer,0,0,,,,,,,,,
1152530,2018/19,2019-01-05,Carrara Oval,1,2.6,Sydney Thunder,Melbourne Stars,SR Watson,JC Buttler,MA Beer,2,0,,,,,,,,,
1152530,2018/19,2019-01-05,Carrara Oval,1,3.1,Sydney Thunder,Melbourne Stars,JC Buttler,SR Watson,SM Boland,0,0,,,,,,,,,
1152530,2018/19,2019-01-05,Carrara Oval,1,3.2,Sydney Thunder,Melbourne Stars,JC Buttler,SR Watson,SM Boland,1,0,,,,,,,,,
1152530,2018/19,2019-01-05,Carrara Oval,1,3.3,Sydney Thunder,Melbourne Stars,SR Watson,JC Buttler,SM Boland,1,0,,,,,,,,,
1152530,2018/19,2019-01-05,Carrara Oval,1,3.4,Sydney Thunder,Melbourne Stars,JC Buttler,SR Watson,SM Boland,0,0,,,,,,caught,JC Buttler,,
1152530,2018/19,2019-01-05,Carrara Oval,1,3.5,Sydney Thunder,Melbourne Stars,CJ Ferguson,SR Watson,SM Boland,0,0,,,,,,caught,CJ Ferguson,,
1152530,2018/19,2019-01-05,Carrara Oval,1,3.6,Sydney Thunder,Melbourne Stars,JE Root,SR Watson,SM Boland,0,0,,,,,,,,,
1152530,2018/19,2019-01-05,Carrara Oval,1,4.1,Sydney Thunder,Melbourne Stars,SR Watson,JE Root,LE Plunkett,1,0,,,,,,,,,
1152530,2018/19,2019-01-05,Carrara Oval,1,4.2,Sydney Thunder,Melbourne Stars,JE Root,SR Watson,LE Plunkett,0,0,,,,,,,,,
1152530,2018/19,2019-01-05,Carrara Oval,1,4.3,Sydney Thunder,Melbourne Stars,JE Root,SR Watson,LE Plunkett,0,0,,,,,,,,,
1152530,2018/19,2019-01-05,Carrara Oval,1,4.4,Sydney Thunder,Melbourne Stars,JE Root,SR Watson,LE Plunkett,1,0,,,,,,,,,
1152530,2018/19,2019-01-05,Carrara Oval,1,4.5,Sydney Thunder,Melbourne Stars,SR Watson,JE Root,LE Plunkett,1,0,,,,,,,,,
1152530,2018/19,2019-01-05,Carrara Oval,1,4.6,Sydney Thunder,Melbourne Stars,JE Root,SR Watson,LE Plunkett,1,0,,,,,,,,,
1152530,2018/19,2019-01-05,Carrara Oval,1,5.1,Sydney Thunder,Melbourne Stars,JE Root,SR Watson,SM Boland,4,0,,,,,,,,,
1152530,2018/19,2019-01-05,Carrara Oval,1,5.2,Sydney Thunder,Melbourne Stars,JE Root,SR Watson,SM Boland,0,0,,,,,,,,,
1152530,2018/19,2019-01-05,Carrara Oval,1,5.3,Sydney Thunder,Melbourne Stars,JE Root,SR Watson,SM Boland,0,0,,,,,,,,,
1152530,2018/19,2019-01-05,Carrara Oval,1,5.4,Sydney Thunder,Melbourne Stars,JE Root,SR Watson,SM Boland,0,0,,,,,,,,,
1152530,2018/19,2019-01-05,Carrara Oval,1,5.5,Sydney Thunder,Melbourne Stars,JE Root,SR Watson,SM Boland,4,0,,,,,,,,,
1152530,2018/19,2019-01-05,Carrara Oval,1,5.6,Sydney Thunder,Melbourne Stars,JE Root,SR Watson,SM Boland,4,0,,,,,,,,,
1152530,2018/19,2019-01-05,Carrara Oval,1,6.1,Sydney Thunder,Melbourne Stars,SR Watson,JE Root,MP Stoinis,0,0,,,,,,,,,
1152530,2018/19,2019-01-05,Carrara Oval,1,6.2,Sydney Thunder,Melbourne Stars,SR Watson,JE Root,MP Stoinis,1,0,,,,,,,,,
1152530,2018/19,2019-01-05,Carrara Oval,1,6.3,Sydney Thunder,Melbourne Stars,JE Root,SR Watson,MP Stoinis,0,0,,,,,,,,,
1152530,2018/19,2019-01-05,Carrara Oval,1,6.4,Sydney Thunder,Melbourne Stars,JE Root,SR Watson,MP Stoinis,1,0,,,,,,,,,
1152530,2018/19,2019-01-05,Carrara Oval,1,6.5,Sydney Thunder,Melbourne Stars,SR Watson,JE Root,MP Stoinis,0,0,,,,,,,,,
1152530,2018/19,2019-01-05,Carrara Oval,1,6.6,Sydney Thunder,Melbourne Stars,SR Watson,JE Root,MP Stoinis,1,0,,,,,,,,,
1152530,2018/19,2019-01-05,Carrara Oval,1,7.1,Sydney Thunder,Melbourne Stars,SR Watson,JE Root,A Zampa,1,0,,,,,,,,,
1152530,2018/19,2019-01-05,Carrara Oval,1,7.2,Sydney Thunder,Melbourne Stars,JE Root,SR Watson,A Zampa,0,0,,,,,,,,,
1152530,2018/19,2019-01-05,Carrara Oval,1,7.3,Sydney Thunder,Melbourne Stars,JE Root,SR Watson,A Zampa,0,0,,,,,,,,,
1152530,2018/19,2019-01-05,Carrara Oval,1,7.4,Sydney Thunder,Melbourne Stars,JE Root,SR Watson,A Zampa,1,0,,,,,,,,,
1152530,2018/19,2019-01-05,Carrara Oval,1,7.5,Sydney Thunder,Melbourne Stars,SR Watson,JE Root,A Zampa,0,0,,,,,,caught,SR Watson,,
1152530,2018/19,2019-01-05,Carrara Oval,1,7.6,Sydney Thunder,Melbourne Stars,JJS Sangha,JE Root,A Zampa,0,0,,,,,,,,,
1152530,2018/19,2019-01-05,Carrara Oval,1,8.1,Sydney Thunder,Melbourne Stars,JE Root,JJS Sangha,MA Beer,0,0,,,,,,,,,
1152530,2018/19,2019-01-05,Carrara Oval,1,8.2,Sydney Thunder,Melbourne Stars,JE Root,JJS Sangha,MA Beer,2,0,,,,,,,,,
1152530,2018/19,2019-01-05,Carrara Oval,1,8.3,Sydney Thunder,Melbourne Stars,JE Root,JJS Sangha,MA Beer,1,0,,,,,,,,,
1152530,2018/19,2019-01-05,Carrara Oval,1,8.4,Sydney Thunder,Melbourne Stars,JJS Sangha,JE Root,MA Beer,0,0,,,,,,,,,
1152530,2018/19,2019-01-05,Carrara Oval,1,8.5,Sydney Thunder,Melbourne Stars,JJS Sangha,JE Root,MA Beer,1,0,,,,,,,,,
1152530,2018/19,2019-01-05,Carrara Oval,1,8.6,Sydney Thunder,Melbourne Stars,JE Root,JJS Sangha,MA Beer,1,0,,,,,,,,,
1152530,2018/19,2019-01-05,Carrara Oval,1,9.1,Sydney Thunder,Melbourne Stars,JE Root,JJS Sangha,A Zampa,1,0,,,,,,,,,
1152530,2018/19,2019-01-05,Carrara Oval,1,9.2,Sydney Thunder,Melbourne Stars,JJS Sangha,JE Root,A Zampa,3,0,,,,,,,,,
1152530,2018/19,2019-01-05,Carrara Oval,1,9.3,Sydney Thunder,Melbourne Stars,JE Root,JJS Sangha,A Zampa,1,0,,,,,,,,,
1152530,2018/19,2019-01-05,Carrara Oval,1,9.4,Sydney Thunder,Melbourne Stars,JJS Sangha,JE Root,A Zampa,0,0,,,,,,,,,
1152530,2018/19,2019-01-05,Carrara Oval,1,9.5,Sydney Thunder,Melbourne Stars,JJS Sangha,JE Root,A Zampa,1,0,,,,,,,,,
1152530,2018/19,2019-01-05,Carrara Oval,1,9.6,Sydney Thunder,Melbourne Stars,JE Root,JJS Sangha,A Zampa,1,0,,,,,,,,,
1152530,2018/19,2019-01-05,Carrara Oval,1,10.1,Sydney Thunder,Melbourne Stars,JE Root,JJS Sangha,DJ Bravo,1,0,,,,,,,,,
1152530,2018/19,2019-01-05,Carrara Oval,1,10.2,Sydney Thunder,Melbourne Stars,JJS Sangha,JE Root,DJ Bravo,0,0,,,,,,,,,
1152530,2018/19,2019-01-05,Carrara Oval,1,10.3,Sydney Thunder,Melbourne Stars,JJS Sangha,JE Root,DJ Bravo,0,1,1,,,,,,,,
1152530,2018/19,2019-01-05,Carrara Oval,1,10.4,Sydney Thunder,Melbourne Stars,JJS Sangha,JE Root,DJ Bravo,0,0,,,,,,,,,
1152530,2018/19,2019-01-05,Carrara Oval,1,10.5,Sydney Thunder,Melbourne Stars,JJS Sangha,JE Root,DJ Bravo,0,0,,,,,,,,,
1152530,2018/19,2019-01-05,Carrara Oval,1,10.6,Sydney Thunder,Melbourne Stars,JJS Sangha,JE Root,DJ Bravo,2,0,,,,,,,,,
1152530,2018/19,2019-01-05,Carrara Oval,1,10.7,Sydney Thunder,Melbourne Stars,JJS Sangha,JE Root,DJ Bravo,1,0,,,,,,,,,
1152530,2018/19,2019-01-05,Carrara Oval,1,11.1,Sydney Thunder,Melbourne Stars,JJS Sangha,JE Root,LE Plunkett,1,0,,,,,,,,,
1152530,2018/19,2019-01-05,Carrara Oval,1,11.2,Sydney Thunder,Melbourne Stars,JE Root,JJS Sangha,LE Plunkett,1,0,,,,,,,,,
1152530,2018/19,2019-01-05,Carrara Oval,1,11.3,Sydney Thunder,Melbourne Stars,JJS Sangha,JE Root,LE Plunkett,1,0,,,,,,,,,
1152530,2018/19,2019-01-05,Carrara Oval,1,11.4,Sydney Thunder,Melbourne Stars,JE Root,JJS Sangha,LE Plunkett,1,0,,,,,,,,,
1152530,2018/19,2019-01-05,Carrara Oval,1,11.5,Sydney Thunder,Melbourne Stars,JJS Sangha,JE Root,LE Plunkett,0,0,,,,,,,,,
1152530,2018/19,2019-01-05,Carrara Oval,1,11.6,Sydney Thunder,Melbourne Stars,JJS Sangha,JE Root,LE Plunkett,0,0,,,,,,caught,JJS Sangha,,
1152530,2018/19,2019-01-05,Carrara Oval,1,12.1,Sydney Thunder,Melbourne Stars,DR Sams,JE Root,MP Stoinis,1,0,,,,,,,,,
1152530,2018/19,2019-01-05,Carrara Oval,1,12.2,Sydney Thunder,Melbourne Stars,JE Root,DR Sams,MP Stoinis,0,0,,,,,,,,,
1152530,2018/19,2019-01-05,Carrara Oval,1,12.3,Sydney Thunder,Melbourne Stars,JE Root,DR Sams,MP Stoinis,0,0,,,,,,caught,JE Root,,
1152530,2018/19,2019-01-05,Carrara Oval,1,12.4,Sydney Thunder,Melbourne Stars,CJ Green,DR Sams,MP Stoinis,0,0,,,,,,,,,
1152530,2018/19,2019-01-05,Carrara Oval,1,12.5,Sydney Thunder,Melbourne Stars,CJ Green,DR Sams,MP Stoinis,0,0,,,,,,,,,
1152530,2018/19,2019-01-05,Carrara Oval,1,12.6,Sydney Thunder,Melbourne Stars,CJ Green,DR Sams,MP Stoinis,1,0,,,,,,,,,
1152530,2018/19,2019-01-05,Carrara Oval,1,13.1,Sydney Thunder,Melbourne Stars,CJ Green,DR Sams,DJ Bravo,1,0,,,,,,,,,
1152530,2018/19,2019-01-05,Carrara Oval,1,13.2,Sydney Thunder,Melbourne Stars,DR Sams,CJ Green,DJ Bravo,0,0,,,,,,,,,
1152530,2018/19,2019-01-05,Carrara Oval,1,13.3,Sydney Thunder,Melbourne Stars,DR Sams,CJ Green,DJ Bravo,0,0,,,,,,,,,
1152530,2018/19,2019-01-05,Carrara Oval,1,13.4,Sydney Thunder,Melbourne Stars,DR Sams,CJ Green,DJ Bravo,1,0,,,,,,,,,
1152530,2018/19,2019-01-05,Carrara Oval,1,13.5,Sydney Thunder,Melbourne Stars,CJ Green,DR Sams,DJ Bravo,1,0,,,,,,,,,
1152530,2018/19,2019-01-05,Carrara Oval,1,13.6,Sydney Thunder,Melbourne Stars,DR Sams,CJ Green,DJ Bravo,2,0,,,,,,,,,
1152530,2018/19,2019-01-05,Carrara Oval,1,14.1,Sydney Thunder,Melbourne Stars,CJ Green,DR Sams,LE Plunkett,1,0,,,,,,,,,
1152530,2018/19,2019-01-05,Carrara Oval,1,14.2,Sydney Thunder,Melbourne Stars,DR Sams,CJ Green,LE Plunkett,6,0,,,,,,,,,
1152530,2018/19,2019-01-05,Carrara Oval,1,14.3,Sydney Thunder,Melbourne Stars,DR Sams,CJ Green,LE Plunkett,6,0,,,,,,,,,
1152530,2018/19,2019-01-05,Carrara Oval,1,14.4,Sydney Thunder,Melbourne Stars,DR Sams,CJ Green,LE Plunkett,1,0,,,,,,,,,
1152530,2018/19,2019-01-05,Carrara Oval,1,14.5,Sydney Thunder,Melbourne Stars,CJ Green,DR Sams,LE Plunkett,1,0,,,,,,,,,
1152530,2018/19,2019-01-05,Carrara Oval,1,14.6,Sydney Thunder,Melbourne Stars,DR Sams,CJ Green,LE Plunkett,0,0,,,,,,,,,
1152530,2018/19,2019-01-05,Carrara Oval,1,15.1,Sydney Thunder,Melbourne Stars,CJ Green,DR Sams,SM Boland,1,0,,,,,,,,,
1152530,2018/19,2019-01-05,Carrara Oval,1,15.2,Sydney Thunder,Melbourne Stars,DR Sams,CJ Green,SM Boland,0,1,,,,1,,,,,
1152530,2018/19,2019-01-05,Carrara Oval,1,15.3,Sydney Thunder,Melbourne Stars,CJ Green,DR Sams,SM Boland,1,0,,,,,,,,,
1152530,2018/19,2019-01-05,Carrara Oval,1,15.4,Sydney Thunder,Melbourne Stars,DR Sams,CJ Green,SM Boland,2,0,,,,,,,,,
1152530,2018/19,2019-01-05,Carrara Oval,1,15.5,Sydney Thunder,Melbourne Stars,DR Sams,CJ Green,SM Boland,0,1,1,,,,,,,,
1152530,2018/19,2019-01-05,Carrara Oval,1,15.6,Sydney Thunder,Melbourne Stars,DR Sams,CJ Green,SM Boland,2,0,,,,,,,,,
1152530,2018/19,2019-01-05,Carrara Oval,1,15.7,Sydney Thunder,Melbourne Stars,DR Sams,CJ Green,SM Boland,1,0,,,,,,,,,
1152530,2018/19,2019-01-05,Carrara Oval,1,16.1,Sydney Thunder,Melbourne Stars,DR Sams,CJ Green,MP Stoinis,1,0,,,,,,,,,
1152530,2018/19,2019-01-05,Carrara Oval,1,16.2,Sydney Thunder,Melbourne Stars,CJ Green,DR Sams,MP Stoinis,1,0,,,,,,,,,
1152530,2018/19,2019-01-05,Carrara Oval,1,16.3,Sydney Thunder,Melbourne Stars,DR Sams,CJ Green,MP Stoinis,6,0,,,,,,,,,
1152530,2018/19,2019-01-05,Carrara Oval,1,16.4,Sydney Thunder,Melbourne Stars,DR Sams,CJ Green,MP Stoinis,1,0,,,,,,,,,
1152530,2018/19,2019-01-05,Carrara Oval,1,16.5,Sydney Thunder,Melbourne Stars,CJ Green,DR Sams,MP Stoinis,1,0,,,,,,,,,
1152530,2018/19,2019-01-05,Carrara Oval,1,16.6,Sydney Thunder,Melbourne Stars,DR Sams,CJ Green,MP Stoinis,0,1,1,,,,,,,,
1152530,2018/19,2019-01-05,Carrara Oval,1,16.7,Sydney Thunder,Melbourne Stars,DR Sams,CJ Green,MP Stoinis,0,0,,,,,,,,,
1152530,2018/19,2019-01-05,Carrara Oval,1,17.1,Sydney Thunder,Melbourne Stars,CJ Green,DR Sams,DJ Bravo,1,0,,,,,,,,,
1152530,2018/19,2019-01-05,Carrara Oval,1,17.2,Sydney Thunder,Melbourne Stars,DR Sams,CJ Green,DJ Bravo,0,0,,,,,,,,,
1152530,2018/19,2019-01-05,Carrara Oval,1,17.3,Sydney Thunder,Melbourne Stars,DR Sams,CJ Green,DJ Bravo,1,0,,,,,,,,,
1152530,2018/19,2019-01-05,Carrara Oval,1,17.4,Sydney Thunder,Melbourne Stars,CJ Green,DR Sams,DJ Bravo,2,0,,,,,,,,,
1152530,2018/19,2019-01-05,Carrara Oval,1,17.5,Sydney Thunder,Melbourne Stars,CJ Green,DR Sams,DJ Bravo,1,0,,,,,,,,,
1152530,2018/19,2019-01-05,Carrara Oval,1,17.6,Sydney Thunder,Melbourne Stars,DR Sams,CJ Green,DJ Bravo,1,0,,,,,,,,,
1152530,2018/19,2019-01-05,Carrara Oval,1,18.1,Sydney Thunder,Melbourne Stars,DR Sams,CJ Green,MP Stoinis,2,0,,,,,,,,,
1152530,2018/19,2019-01-05,Carrara Oval,1,18.2,Sydney Thunder,Melbourne Stars,DR Sams,CJ Green,MP Stoinis,0,0,,,,,,,,,
1152530,2018/19,2019-01-05,Carrara Oval,1,18.3,Sydney Thunder,Melbourne Stars,DR Sams,CJ Green,MP Stoinis,0,1,1,,,,,,,,
1152530,2018/19,2019-01-05,Carrara Oval,1,18.4,Sydney Thunder,Melbourne Stars,DR Sams,CJ Green,MP Stoinis,6,0,,,,,,,,,
1152530,2018/19,2019-01-05,Carrara Oval,1,18.5,Sydney Thunder,Melbourne Stars,DR Sams,CJ Green,MP Stoinis,2,0,,,,,,,,,
1152530,2018/19,2019-01-05,Carrara Oval,1,18.6,Sydney Thunder,Melbourne Stars,DR Sams,CJ Green,MP Stoinis,0,0,,,,,,caught,DR Sams,,
1152530,2018/19,2019-01-05,Carrara Oval,1,18.7,Sydney Thunder,Melbourne Stars,GS Sandhu,CJ Green,MP Stoinis,2,0,,,,,,,,,
1152530,2018/19,2019-01-05,Carrara Oval,1,19.1,Sydney Thunder,Melbourne Stars,CJ Green,GS Sandhu,DJ Bravo,1,0,,,,,,,,,
1152530,2018/19,2019-01-05,Carrara Oval,1,19.2,Sydney Thunder,Melbourne Stars,GS Sandhu,CJ Green,DJ Bravo,0,1,,,1,,,,,,
1152530,2018/19,2019-01-05,Carrara Oval,1,19.3,Sydney Thunder,Melbourne Stars,CJ Green,GS Sandhu,DJ Bravo,0,0,,,,,,caught,CJ Green,,
1152530,2018/19,2019-01-05,Carrara Oval,1,19.4,Sydney Thunder,Melbourne Stars,GS Sandhu,JD Cook,DJ Bravo,0,0,,,,,,,,,
1152530,2018/19,2019-01-05,Carrara Oval,1,19.5,Sydney Thunder,Melbourne Stars,GS Sandhu,JD Cook,DJ Bravo,1,0,,,,,,run out,JD Cook,,
1152530,2018/19,2019-01-05,Carrara Oval,1,19.6,Sydney Thunder,Melbourne Stars,GS Sandhu,SL Rainbird,DJ Bravo,0,1,,,1,,,,,,
1152530,2018/19,2019-01-05,Carrara Oval,2,0.1,Melbourne Stars,Sydney Thunder,BR Dunk,MP Stoinis,SL Rainbird,0,0,,,,,,,,,
1152530,2018/19,2019-01-05,Carrara Oval,2,0.2,Melbourne Stars,Sydney Thunder,BR Dunk,MP Stoinis,SL Rainbird,0,0,,,,,,,,,
1152530,2018/19,2019-01-05,Carrara Oval,2,0.3,Melbourne Stars,Sydney Thunder,BR Dunk,MP Stoinis,SL Rainbird,4,0,,,,,,,,,
1152530,2018/19,2019-01-05,Carrara Oval,2,0.4,Melbourne Stars,Sydney Thunder,BR Dunk,MP Stoinis,SL Rainbird,0,0,,,,,,,,,
1152530,2018/19,2019-01-05,Carrara Oval,2,0.5,Melbourne Stars,Sydney Thunder,BR Dunk,MP Stoinis,SL Rainbird,1,0,,,,,,,,,
1152530,2018/19,2019-01-05,Carrara Oval,2,0.6,Melbourne Stars,Sydney Thunder,MP Stoinis,BR Dunk,SL Rainbird,1,0,,,,,,,,,
1152530,2018/19,2019-01-05,Carrara Oval,2,1.1,Melbourne Stars,Sydney Thunder,MP Stoinis,BR Dunk,GS Sandhu,0,0,,,,,,,,,
1152530,2018/19,2019-01-05,Carrara Oval,2,1.2,Melbourne Stars,Sydney Thunder,MP Stoinis,BR Dunk,GS Sandhu,1,0,,,,,,,,,
1152530,2018/19,2019-01-05,Carrara Oval,2,1.3,Melbourne Stars,Sydney Thunder,BR Dunk,MP Stoinis,GS Sandhu,0,0,,,,,,,,,
1152530,2018/19,2019-01-05,Carrara Oval,2,1.4,Melbourne Stars,Sydney Thunder,BR Dunk,MP Stoinis,GS Sandhu,4,0,,,,,,,,,
1152530,2018/19,2019-01-05,Carrara Oval,2,1.5,Melbourne Stars,Sydney Thunder,BR Dunk,MP Stoinis,GS Sandhu,4,0,,,,,,,,,
1152530,2018/19,2019-01-05,Carrara Oval,2,1.6,Melbourne Stars,Sydney Thunder,BR Dunk,MP Stoinis,GS Sandhu,0,0,,,,,,,,,
1152530,2018/19,2019-01-05,Carrara Oval,2,2.1,Melbourne Stars,Sydney Thunder,MP Stoinis,BR Dunk,DR Sams,0,1,1,,,,,,,,
1152530,2018/19,2019-01-05,Carrara Oval,2,2.2,Melbourne Stars,Sydney Thunder,MP Stoinis,BR Dunk,DR Sams,0,0,,,,,,,,,
1152530,2018/19,2019-01-05,Carrara Oval,2,2.3,Melbourne Stars,Sydney Thunder,MP Stoinis,BR Dunk,DR Sams,4,0,,,,,,,,,
1152530,2018/19,2019-01-05,Carrara Oval,2,2.4,Melbourne Stars,Sydney Thunder,MP Stoinis,BR Dunk,DR Sams,1,0,,,,,,,,,
1152530,2018/19,2019-01-05,Carrara Oval,2,2.5,Melbourne Stars,Sydney Thunder,BR Dunk,MP Stoinis,DR Sams,0,0,,,,,,caught,BR Dunk,,
1152530,2018/19,2019-01-05,Carrara Oval,2,2.6,Melbourne Stars,Sydney Thunder,NCR Larkin,MP Stoinis,DR Sams,0,0,,,,,,,,,
1152530,2018/19,2019-01-05,Carrara Oval,2,2.7,Melbourne Stars,Sydney Thunder,NCR Larkin,MP Stoinis,DR Sams,2,0,,,,,,,,,
1152530,2018/19,2019-01-05,Carrara Oval,2,3.1,Melbourne Stars,Sydney Thunder,MP Stoinis,NCR Larkin,JD Cook,0,0,,,,,,,,,
1152530,2018/19,2019-01-05,Carrara Oval,2,3.2,Melbourne Stars,Sydney Thunder,MP Stoinis,NCR Larkin,JD Cook,2,0,,,,,,,,,
1152530,2018/19,2019-01-05,Carrara Oval,2,3.3,Melbourne Stars,Sydney Thunder,MP Stoinis,NCR Larkin,JD Cook,4,0,,,,,,,,,
1152530,2018/19,2019-01-05,Carrara Oval,2,3.4,Melbourne Stars,Sydney Thunder,MP Stoinis,NCR Larkin,JD Cook,1,0,,,,,,,,,
1152530,2018/19,2019-01-05,Carrara Oval,2,3.5,Melbourne Stars,Sydney Thunder,NCR Larkin,MP Stoinis,JD Cook,0,0,,,,,,,,,
1152530,2018/19,2019-01-05,Carrara Oval,2,3.6,Melbourne Stars,Sydney Thunder,NCR Larkin,MP Stoinis,JD Cook,0,0,,,,,,,,,
1152530,2018/19,2019-01-05,Carrara Oval,2,4.1,Melbourne Stars,Sydney Thunder,MP Stoinis,NCR Larkin,DR Sams,0,0,,,,,,,,,
1152530,2018/19,2019-01-05,Carrara Oval,2,4.2,Melbourne Stars,Sydney Thunder,MP Stoinis,NCR Larkin,DR Sams,1,0,,,,,,,,,
1152530,2018/19,2019-01-05,Carrara Oval,2,4.3,Melbourne Stars,Sydney Thunder,NCR Larkin,MP Stoinis,DR Sams,0,0,,,,,,,,,
1152530,2018/19,2019-01-05,Carrara Oval,2,4.4,Melbourne Stars,Sydney Thunder,NCR Larkin,MP Stoinis,DR Sams,3,0,,,,,,,,,
1152530,2018/19,2019-01-05,Carrara Oval,2,4.5,Melbourne Stars,Sydney Thunder,MP Stoinis,NCR Larkin,DR Sams,0,0,,,,,,,,,
1152530,2018/19,2019-01-05,Carrara Oval,2,4.6,Melbourne Stars,Sydney Thunder,MP Stoinis,NCR Larkin,DR Sams,4,0,,,,,,,,,
1152530,2018/19,2019-01-05,Carrara Oval,2,5.1,Melbourne Stars,Sydney Thunder,NCR Larkin,MP Stoinis,JD Cook,1,0,,,,,,,,,
1152530,2018/19,2019-01-05,Carrara Oval,2,5.2,Melbourne Stars,Sydney Thunder,MP Stoinis,NCR Larkin,JD Cook,2,0,,,,,,,,,
1152530,2018/19,2019-01-05,Carrara Oval,2,5.3,Melbourne Stars,Sydney Thunder,MP Stoinis,NCR Larkin,JD Cook,4,0,,,,,,,,,
1152530,2018/19,2019-01-05,Carrara Oval,2,5.4,Melbourne Stars,Sydney Thunder,MP Stoinis,NCR Larkin,JD Cook,4,0,,,,,,,,,
1152530,2018/19,2019-01-05,Carrara Oval,2,5.5,Melbourne Stars,Sydney Thunder,MP Stoinis,NCR Larkin,JD Cook,4,0,,,,,,,,,
1152530,2018/19,2019-01-05,Carrara Oval,2,5.6,Melbourne Stars,Sydney Thunder,MP Stoinis,NCR Larkin,JD Cook,0,0,,,,,,,,,
1152530,2018/19,2019-01-05,Carrara Oval,2,6.1,Melbourne Stars,Sydney Thunder,NCR Larkin,MP Stoinis,Fawad Ahmed,1,0,,,,,,,,,
1152530,2018/19,2019-01-05,Carrara Oval,2,6.2,Melbourne Stars,Sydney Thunder,MP Stoinis,NCR Larkin,Fawad Ahmed,1,0,,,,,,,,,
1152530,2018/19,2019-01-05,Carrara Oval,2,6.3,Melbourne Stars,Sydney Thunder,NCR Larkin,MP Stoinis,Fawad Ahmed,0,1,1,,,,,,,,
1152530,2018/19,2019-01-05,Carrara Oval,2,6.4,Melbourne Stars,Sydney Thunder,NCR Larkin,MP Stoinis,Fawad Ahmed,1,0,,,,,,,,,
1152530,2018/19,2019-01-05,Carrara Oval,2,6.5,Melbourne Stars,Sydney Thunder,MP Stoinis,NCR Larkin,Fawad Ahmed,0,0,,,,,,,,,
1152530,2018/19,2019-01-05,Carrara Oval,2,6.6,Melbourne Stars,Sydney Thunder,MP Stoinis,NCR Larkin,Fawad Ahmed,0,0,,,,,,caught,MP Stoinis,,
1152530,2018/19,2019-01-05,Carrara Oval,2,6.7,Melbourne Stars,Sydney Thunder,GJ Maxwell,NCR Larkin,Fawad Ahmed,0,0,,,,,,,,,
1152530,2018/19,2019-01-05,Carrara Oval,2,7.1,Melbourne Stars,Sydney Thunder,NCR Larkin,GJ Maxwell,CJ Green,0,0,,,,,,,,,
1152530,2018/19,2019-01-05,Carrara Oval,2,7.2,Melbourne Stars,Sydney Thunder,NCR Larkin,GJ Maxwell,CJ Green,0,0,,,,,,,,,
1152530,2018/19,2019-01-05,Carrara Oval,2,7.3,Melbourne Stars,Sydney Thunder,NCR Larkin,GJ Maxwell,CJ Green,0,0,,,,,,,,,
1152530,2018/19,2019-01-05,Carrara Oval,2,7.4,Melbourne Stars,Sydney Thunder,NCR Larkin,GJ Maxwell,CJ Green,0,0,,,,,,,,,
1152530,2018/19,2019-01-05,Carrara Oval,2,7.5,Melbourne Stars,Sydney Thunder,NCR Larkin,GJ Maxwell,CJ Green,0,0,,,,,,,,,
1152530,2018/19,2019-01-05,Carrara Oval,2,7.6,Melbourne Stars,Sydney Thunder,NCR Larkin,GJ Maxwell,CJ Green,1,0,,,,,,,,,
1152530,2018/19,2019-01-05,Carrara Oval,2,8.1,Melbourne Stars,Sydney Thunder,NCR Larkin,GJ Maxwell,Fawad Ahmed,0,0,,,,,,,,,
1152530,2018/19,2019-01-05,Carrara Oval,2,8.2,Melbourne Stars,Sydney Thunder,NCR Larkin,GJ Maxwell,Fawad Ahmed,1,0,,,,,,,,,
1152530,2018/19,2019-01-05,Carrara Oval,2,8.3,Melbourne Stars,Sydney Thunder,GJ Maxwell,NCR Larkin,Fawad Ahmed,1,0,,,,,,,,,
1152530,2018/19,2019-01-05,Carrara Oval,2,8.4,Melbourne Stars,Sydney Thunder,NCR Larkin,GJ Maxwell,Fawad Ahmed,2,0,,,,,,,,,
1152530,2018/19,2019-01-05,Carrara Oval,2,8.5,Melbourne Stars,Sydney Thunder,NCR Larkin,GJ Maxwell,Fawad Ahmed,0,0,,,,,,,,,
1152530,2018/19,2019-01-05,Carrara Oval,2,8.6,Melbourne Stars,Sydney Thunder,NCR Larkin,GJ Maxwell,Fawad Ahmed,1,0,,,,,,,,,
1152530,2018/19,2019-01-05,Carrara Oval,2,9.1,Melbourne Stars,Sydney Thunder,NCR Larkin,GJ Maxwell,CJ Green,1,0,,,,,,,,,
1152530,2018/19,2019-01-05,Carrara Oval,2,9.2,Melbourne Stars,Sydney Thunder,GJ Maxwell,NCR Larkin,CJ Green,1,0,,,,,,,,,
1152530,2018/19,2019-01-05,Carrara Oval,2,9.3,Melbourne Stars,Sydney Thunder,NCR Larkin,GJ Maxwell,CJ Green,1,0,,,,,,,,,
1152530,2018/19,2019-01-05,Carrara Oval,2,9.4,Melbourne Stars,Sydney Thunder,GJ Maxwell,NCR Larkin,CJ Green,1,0,,,,,,,,,
1152530,2018/19,2019-01-05,Carrara Oval,2,9.5,Melbourne Stars,Sydney Thunder,NCR Larkin,GJ Maxwell,CJ Green,1,0,,,,,,,,,
1152530,2018/19,2019-01-05,Carrara Oval,2,9.6,Melbourne Stars,Sydney Thunder,GJ Maxwell,NCR Larkin,CJ Green,6,0,,,,,,,,,
1152530,2018/19,2019-01-05,Carrara Oval,2,10.1,Melbourne Stars,Sydney Thunder,NCR Larkin,GJ Maxwell,Fawad Ahmed,1,0,,,,,,,,,
1152530,2018/19,2019-01-05,Carrara Oval,2,10.2,Melbourne Stars,Sydney Thunder,GJ Maxwell,NCR Larkin,Fawad Ahmed,1,0,,,,,,,,,
1152530,2018/19,2019-01-05,Carrara Oval,2,10.3,Melbourne Stars,Sydney Thunder,NCR Larkin,GJ Maxwell,Fawad Ahmed,6,0,,,,,,,,,
1152530,2018/19,2019-01-05,Carrara Oval,2,10.4,Melbourne Stars,Sydney Thunder,NCR Larkin,GJ Maxwell,Fawad Ahmed,1,0,,,,,,,,,
1152530,2018/19,2019-01-05,Carrara Oval,2,10.5,Melbourne Stars,Sydney Thunder,GJ Maxwell,NCR Larkin,Fawad Ahmed,0,0,,,,,,,,,
1152530,2018/19,2019-01-05,Carrara Oval,2,10.6,Melbourne Stars,Sydney Thunder,GJ Maxwell,NCR Larkin,Fawad Ahmed,1,0,,,,,,,,,
1152530,2018/19,2019-01-05,Carrara Oval,2,11.1,Melbourne Stars,Sydney Thunder,GJ Maxwell,NCR Larkin,GS Sandhu,2,0,,,,,,,,,
1152530,2018/19,2019-01-05,Carrara Oval,2,11.2,Melbourne Stars,Sydney Thunder,GJ Maxwell,NCR Larkin,GS Sandhu,1,0,,,,,,,,,
1152530,2018/19,2019-01-05,Carrara Oval,2,11.3,Melbourne Stars,Sydney Thunder,NCR Larkin,GJ Maxwell,GS Sandhu,4,0,,,,,,,,,
1152530,2018/19,2019-01-05,Carrara Oval,2,11.4,Melbourne Stars,Sydney Thunder,NCR Larkin,GJ Maxwell,GS Sandhu,1,0,,,,,,,,,
1152530,2018/19,2019-01-05,Carrara Oval,2,11.5,Melbourne Stars,Sydney Thunder,GJ Maxwell,NCR Larkin,GS Sandhu,0,0,,,,,,,,,
1152530,2018/19,2019-01-05,Carrara Oval,2,11.6,Melbourne Stars,Sydney Thunder,GJ Maxwell,NCR Larkin,GS Sandhu,1,0,,,,,,,,,
1152530,2018/19,2019-01-05,Carrara Oval,2,12.1,Melbourne Stars,Sydney Thunder,GJ Maxwell,NCR Larkin,SL Rainbird,2,0,,,,,,,,,
1152530,2018/19,2019-01-05,Carrara Oval,2,12.2,Melbourne Stars,Sydney Thunder,GJ Maxwell,NCR Larkin,SL Rainbird,2,0,,,,,,,,,
1152530,2018/19,2019-01-05,Carrara Oval,2,12.3,Melbourne Stars,Sydney Thunder,GJ Maxwell,NCR Larkin,SL Rainbird,1,0,,,,,,,,,
1152530,2018/19,2019-01-05,Carrara Oval,2,12.4,Melbourne Stars,Sydney Thunder,NCR Larkin,GJ Maxwell,SL Rainbird,1,0,,,,,,,,,
1152530,2018/19,2019-01-05,Carrara Oval,2,12.5,Melbourne Stars,Sydney Thunder,GJ Maxwell,NCR Larkin,SL Rainbird,0,4,,,,4,,,,,
1152530,2018/19,2019-01-05,Carrara Oval,2,12.6,Melbourne Stars,Sydney Thunder,GJ Maxwell,NCR Larkin,SL Rainbird,4,0,,,,,,,,,
1152530,2018/19,2019-01-05,Carrara Oval,2,13.1,Melbourne Stars,Sydney Thunder,NCR Larkin,GJ Maxwell,DR Sams,0,1,,,,1,,,,,
1152530,2018/19,2019-01-05,Carrara Oval,2,13.2,Melbourne Stars,Sydney Thunder,GJ Maxwell,NCR Larkin,DR Sams,0,0,,,,,,,,,
1152530,2018/19,2019-01-05,Carrara Oval,2,13.3,Melbourne Stars,Sydney Thunder,GJ Maxwell,NCR Larkin,DR Sams,1,0,,,,,,,,,
1152530,2018/19,2019-01-05,Carrara Oval,2,13.4,Melbourne Stars,Sydney Thunder,NCR Larkin,GJ Maxwell,DR Sams,2,0,,,,,,,,,
1152530,2018/19,2019-01-05,Carrara Oval,2,13.5,Melbourne Stars,Sydney Thunder,NCR Larkin,GJ Maxwell,DR Sams,1,0,,,,,,,,,
1152530,2018/19,2019-01-05,Carrara Oval,2,13.6,Melbourne Stars,Sydney Thunder,GJ Maxwell,NCR Larkin,DR Sams,1,0,,,,,,,,,
1152530,2018/19,2019-01-05,Carrara Oval,2,14.1,Melbourne Stars,Sydney Thunder,GJ Maxwell,NCR Larkin,Fawad Ahmed,2,0,,,,,,,,,
1152530,2018/19,2019-01-05,Carrara Oval,2,14.2,Melbourne Stars,Sydney Thunder,GJ Maxwell,NCR Larkin,Fawad Ahmed,1,0,,,,,,,,,
1152530,2018/19,2019-01-05,Carrara Oval,2,14.3,Melbourne Stars,Sydney Thunder,NCR Larkin,GJ Maxwell,Fawad Ahmed,1,0,,,,,,,,,
1152530,2018/19,2019-01-05,Carrara Oval,2,14.4,Melbourne Stars,Sydney Thunder,GJ Maxwell,NCR Larkin,Fawad Ahmed,1,0,,,,,,,,,
1152530,2018/19,2019-01-05,Carrara Oval,2,14.5,Melbourne Stars,Sydney Thunder,NCR Larkin,GJ Maxwell,Fawad Ahmed,1,0,,,,,,,,,
1152530,2018/19,2019-01-05,Carrara Oval,2,14.6,Melbourne Stars,Sydney Thunder,GJ Maxwell,NCR Larkin,Fawad Ahmed,1,0,,,,,,,,,
1152530,2018/19,2019-01-05,Carrara Oval,2,15.1,Melbourne Stars,Sydney Thunder,GJ Maxwell,NCR Larkin,CJ Green,1,0,,,,,,,,,
1152530,2018/19,2019-01-05,Carrara Oval,2,15.2,Melbourne Stars,Sydney Thunder,NCR Larkin,GJ Maxwell,CJ Green,1,0,,,,,,,,,
1152530,2018/19,2019-01-05,Carrara Oval,2,15.3,Melbourne Stars,Sydney Thunder,GJ Maxwell,NCR Larkin,CJ Green,1,0,,,,,,,,,
1152530,2018/19,2019-01-05,Carrara Oval,2,15.4,Melbourne Stars,Sydney Thunder,NCR Larkin,GJ Maxwell,CJ Green,1,0,,,,,,,,,
1152530,2018/19,2019-01-05,Carrara Oval,2,15.5,Melbourne Stars,Sydney Thunder,GJ Maxwell,NCR Larkin,CJ Green,1,0,,,,,,,,,
1152530,2018/19,2019-01-05,Carrara Oval,2,15.6,Melbourne Stars,Sydney Thunder,NCR Larkin,GJ Maxwell,CJ Green,1,0,,,,,,,,,
1152530,2018/19,2019-01-05,Carrara Oval,2,16.1,Melbourne Stars,Sydney Thunder,NCR Larkin,GJ Maxwell,GS Sandhu,0,1,1,,,,,,,,
1152530,2018/19,2019-01-05,Carrara Oval,2,16.2,Melbourne Stars,Sydney Thunder,NCR Larkin,GJ Maxwell,GS Sandhu,1,0,,,,,,,,,
1152530,2018/19,2019-01-05,Carrara Oval,2,16.3,Melbourne Stars,Sydney Thunder,GJ Maxwell,NCR Larkin,GS Sandhu,0,0,,,,,,,,,
1152530,2018/19,2019-01-05,Carrara Oval,2,16.4,Melbourne Stars,Sydney Thunder,GJ Maxwell,NCR Larkin,GS Sandhu,1,0,,,,,,,,,
1152530,2018/19,2019-01-05,Carrara Oval,2,16.5,Melbourne Stars,Sydney Thunder,NCR Larkin,GJ Maxwell,GS Sandhu,0,0,,,,,,,,,
1152530,2018/19,2019-01-05,Carrara Oval,2,16.6,Melbourne Stars,Sydney Thunder,NCR Larkin,GJ Maxwell,GS Sandhu,1,0,,,,,,,,,
1152530,2018/19,2019-01-05,Carrara Oval,2,16.7,Melbourne Stars,Sydney Thunder,GJ Maxwell,NCR Larkin,GS Sandhu,0,0,,,,,,,,,
1152530,2018/19,2019-01-05,Carrara Oval,2,17.1,Melbourne Stars,Sydney Thunder,NCR Larkin,GJ Maxwell,DR Sams,1,0,,,,,,,,,
1152530,2018/19,2019-01-05,Carrara Oval,2,17.2,Melbourne Stars,Sydney Thunder,GJ Maxwell,NCR Larkin,DR Sams,6,0,,,,,,,,,
