match_id,season,start_date,venue,innings,ball,batting_team,bowling_team,striker,non_striker,bowler,runs_off_bat,extras,wides,noballs,byes,legbyes,penalty,wicket_type,player_dismissed,other_wicket_type,other_player_dismissed
1152518,2018/19,2018-12-24,Sydney Showground Stadium,1,0.1,Sydney Thunder,Sydney Sixers,JC Buttler,SR Watson,JL Denly,1,0,,,,,,,,,
1152518,2018/19,2018-12-24,Sydney Showground Stadium,1,0.2,Sydney Thunder,Sydney Sixers,SR Watson,JC Buttler,JL Denly,0,0,,,,,,,,,
1152518,2018/19,2018-12-24,Sydney Showground Stadium,1,0.3,Sydney Thunder,Sydney Sixers,SR Watson,JC Buttler,JL Denly,1,0,,,,,,,,,
1152518,2018/19,2018-12-24,Sydney Showground Stadium,1,0.4,Sydney Thunder,Sydney Sixers,JC Buttler,SR Watson,JL Denly,1,0,,,,,,,,,
1152518,2018/19,2018-12-24,Sydney Showground Stadium,1,0.5,Sydney Thunder,Sydney Sixers,SR Watson,JC Buttler,JL Denly,4,0,,,,,,,,,
1152518,2018/19,2018-12-24,Sydney Showground Stadium,1,0.6,Sydney Thunder,Sydney Sixers,SR Watson,JC Buttler,JL Denly,0,0,,,,,,,,,
1152518,2018/19,2018-12-24,Sydney Showground Stadium,1,1.1,Sydney Thunder,Sydney Sixers,JC Buttler,SR Watson,BJ Dwarshuis,4,0,,,,,,,,,
1152518,2018/19,2018-12-24,Sydney Showground Stadium,1,1.2,Sydney Thunder,Sydney Sixers,JC Buttler,SR Watson,BJ Dwarshuis,0,0,,,,,,,,,
1152518,2018/19,2018-12-24,Sydney Showground Stadium,1,1.3,Sydney Thunder,Sydney Sixers,JC Buttler,SR Watson,BJ Dwarshuis,0,0,,,,,,,,,
1152518,2018/19,2018-12-24,Sydney Showground Stadium,1,1.4,Sydney Thunder,Sydney Sixers,JC Buttler,SR Watson,BJ Dwarshuis,0,0,,,,,,,,,
1152518,2018/19,2018-12-24,Sydney Showground Stadium,1,1.5,Sydney Thunder,Sydney Sixers,JC Buttler,SR Watson,BJ Dwarshuis,1,0,,,,,,,,,
1152518,2018/19,2018-12-24,Sydney Showground Stadium,1,1.6,Sydney Thunder,Sydney Sixers,SR Watson,JC Buttler,BJ Dwarshuis,0,0,,,,,,,,,
1152518,2018/19,2018-12-24,Sydney Showground Stadium,1,2.1,Sydney Thunder,Sydney Sixers,JC Buttler,SR Watson,SA Abbott,1,0,,,,,,,,,
1152518,2018/19,2018-12-24,Sydney Showground Stadium,1,2.2,Sydney Thunder,Sydney Sixers,SR Watson,JC Buttler,SA Abbott,0,0,,,,,,,,,
1152518,2018/19,2018-12-24,Sydney Showground Stadium,1,2.3,Sydney Thunder,Sydney Sixers,SR Watson,JC Buttler,SA Abbott,0,0,,,,,,,,,
1152518,2018/19,2018-12-24,Sydney Showground Stadium,1,2.4,Sydney Thunder,Sydney Sixers,SR Watson,JC Buttler,SA Abbott,6,0,,,,,,,,,
1152518,2018/19,2018-12-24,Sydney Showground Stadium,1,2.5,Sydney Thunder,Sydney Sixers,SR Watson,JC Buttler,SA Abbott,4,0,,,,,,,,,
1152518,2018/19,2018-12-24,Sydney Showground Stadium,1,2.6,Sydney Thunder,Sydney Sixers,SR Watson,JC Buttler,SA Abbott,0,0,,,,,,,,,
1152518,2018/19,2018-12-24,Sydney Showground Stadium,1,3.1,Sydney Thunder,Sydney Sixers,JC Buttler,SR Watson,TK Curran,4,0,,,,,,,,,
1152518,2018/19,2018-12-24,Sydney Showground Stadium,1,3.2,Sydney Thunder,Sydney Sixers,JC Buttler,SR Watson,TK Curran,0,0,,,,,,,,,
1152518,2018/19,2018-12-24,Sydney Showground Stadium,1,3.3,Sydney Thunder,Sydney Sixers,JC Buttler,SR Watson,TK Curran,4,0,,,,,,,,,
1152518,2018/19,2018-12-24,Sydney Showground Stadium,1,3.4,Sydney Thunder,Sydney Sixers,JC Buttler,SR Watson,TK Curran,1,0,,,,,,,,,
1152518,2018/19,2018-12-24,Sydney Showground Stadium,1,3.5,Sydney Thunder,Sydney Sixers,SR Watson,JC Buttler,TK Curran,0,0,,,,,,,,,
1152518,2018/19,2018-12-24,Sydney Showground Stadium,1,3.6,Sydney Thunder,Sydney Sixers,SR Watson,JC Buttler,TK Curran,0,0,,,,,,,,,
1152518,2018/19,2018-12-24,Sydney Showground Stadium,1,4.1,Sydney Thunder,Sydney Sixers,JC Buttler,SR Watson,BJ Dwarshuis,2,0,,,,,,,,,
1152518,2018/19,2018-12-24,Sydney Showground Stadium,1,4.2,Sydney Thunder,Sydney Sixers,JC Buttler,SR Watson,BJ Dwarshuis,4,0,,,,,,,,,
1152518,2018/19,2018-12-24,Sydney Showground Stadium,1,4.3,Sydney Thunder,Sydney Sixers,JC Buttler,SR Watson,BJ Dwarshuis,0,0,,,,,,,,,
1152518,2018/19,2018-12-24,Sydney Showground Stadium,1,4.4,Sydney Thunder,Sydney Sixers,JC Buttler,SR Watson,BJ Dwarshuis,4,0,,,,,,,,,
1152518,2018/19,2018-12-24,Sydney Showground Stadium,1,4.5,Sydney Thunder,Sydney Sixers,JC Buttler,SR Watson,BJ Dwarshuis,4,0,,,,,,,,,
1152518,2018/19,2018-12-24,Sydney Showground Stadium,1,4.6,Sydney Thunder,Sydney Sixers,JC Buttler,SR Watson,BJ Dwarshuis,1,0,,,,,,,,,
1152518,2018/19,2018-12-24,Sydney Showground Stadium,1,5.1,Sydney Thunder,Sydney Sixers,JC Buttler,SR Watson,SA Abbott,2,0,,,,,,,,,
1152518,2018/19,2018-12-24,Sydney Showground Stadium,1,5.2,Sydney Thunder,Sydney Sixers,JC Buttler,SR Watson,SA Abbott,1,0,,,,,,,,,
1152518,2018/19,2018-12-24,Sydney Showground Stadium,1,5.3,Sydney Thunder,Sydney Sixers,SR Watson,JC Buttler,SA Abbott,0,0,,,,,,,,,
1152518,2018/19,2018-12-24,Sydney Showground Stadium,1,5.4,Sydney Thunder,Sydney Sixers,SR Watson,JC Buttler,SA Abbott,4,0,,,,,,,,,
1152518,2018/19,2018-12-24,Sydney Showground Stadium,1,5.5,Sydney Thunder,Sydney Sixers,SR Watson,JC Buttler,SA Abbott,0,0,,,,,,bowled,SR Watson,,
1152518,2018/19,2018-12-24,Sydney Showground Stadium,1,5.6,Sydney Thunder,Sydney Sixers,CJ Ferguson,JC Buttler,SA Abbott,0,0,,,,,,,,,
1152518,2018/19,2018-12-24,Sydney Showground Stadium,1,6.1,Sydney Thunder,Sydney Sixers,JC Buttler,CJ Ferguson,SNJ O'Keefe,0,0,,,,,,,,,
1152518,2018/19,2018-12-24,Sydney Showground Stadium,1,6.2,Sydney Thunder,Sydney Sixers,JC Buttler,CJ Ferguson,SNJ O'Keefe,0,0,,,,,,,,,
1152518,2018/19,2018-12-24,Sydney Showground Stadium,1,6.3,Sydney Thunder,Sydney Sixers,JC Buttler,CJ Ferguson,SNJ O'Keefe,0,0,,,,,,,,,
1152518,2018/19,2018-12-24,Sydney Showground Stadium,1,6.4,Sydney Thunder,Sydney Sixers,JC Buttler,CJ Ferguson,SNJ O'Keefe,1,0,,,,,,,,,
1152518,2018/19,2018-12-24,Sydney Showground Stadium,1,6.5,Sydney Thunder,Sydney Sixers,CJ Ferguson,JC Buttler,SNJ O'Keefe,0,0,,,,,,,,,
1152518,2018/19,2018-12-24,Sydney Showground Stadium,1,6.6,Sydney Thunder,Sydney Sixers,CJ Ferguson,JC Buttler,SNJ O'Keefe,1,0,,,,,,,,,
1152518,2018/19,2018-12-24,Sydney Showground Stadium,1,7.1,Sydney Thunder,Sydney Sixers,CJ Ferguson,JC Buttler,L Pope,1,0,,,,,,,,,
1152518,2018/19,2018-12-24,Sydney Showground Stadium,1,7.2,Sydney Thunder,Sydney Sixers,JC Buttler,CJ Ferguson,L Pope,1,0,,,,,,,,,
1152518,2018/19,2018-12-24,Sydney Showground Stadium,1,7.3,Sydney Thunder,Sydney Sixers,CJ Ferguson,JC Buttler,L Pope,4,0,,,,,,,,,
1152518,2018/19,2018-12-24,Sydney Showground Stadium,1,7.4,Sydney Thunder,Sydney Sixers,CJ Ferguson,JC Buttler,L Pope,4,0,,,,,,,,,
1152518,2018/19,2018-12-24,Sydney Showground Stadium,1,7.5,Sydney Thunder,Sydney Sixers,CJ Ferguson,JC Buttler,L Pope,1,0,,,,,,,,,
1152518,2018/19,2018-12-24,Sydney Showground Stadium,1,7.6,Sydney Thunder,Sydney Sixers,JC Buttler,CJ Ferguson,L Pope,6,0,,,,,,,,,
1152518,2018/19,2018-12-24,Sydney Showground Stadium,1,8.1,Sydney Thunder,Sydney Sixers,CJ Ferguson,JC Buttler,SNJ O'Keefe,0,0,,,,,,,,,
1152518,2018/19,2018-12-24,Sydney Showground Stadium,1,8.2,Sydney Thunder,Sydney Sixers,CJ Ferguson,JC Buttler,SNJ O'Keefe,0,0,,,,,,,,,
1152518,2018/19,2018-12-24,Sydney Showground Stadium,1,8.3,Sydney Thunder,Sydney Sixers,CJ Ferguson,JC Buttler,SNJ O'Keefe,1,0,,,,,,,,,
1152518,2018/19,2018-12-24,Sydney Showground Stadium,1,8.4,Sydney Thunder,Sydney Sixers,JC Buttler,CJ Ferguson,SNJ O'Keefe,1,0,,,,,,,,,
1152518,2018/19,2018-12-24,Sydney Showground Stadium,1,8.5,Sydney Thunder,Sydney Sixers,CJ Ferguson,JC Buttler,SNJ O'Keefe,0,1,,,1,,,,,,
1152518,2018/19,2018-12-24,Sydney Showground Stadium,1,8.6,Sydney Thunder,Sydney Sixers,JC Buttler,CJ Ferguson,SNJ O'Keefe,0,0,,,,,,,,,
1152518,2018/19,2018-12-24,Sydney Showground Stadium,1,9.1,Sydney Thunder,Sydney Sixers,CJ Ferguson,JC Buttler,JL Denly,0,1,1,,,,,,,,
1152518,2018/19,2018-12-24,Sydney Showground Stadium,1,9.2,Sydney Thunder,Sydney Sixers,CJ Ferguson,JC Buttler,JL Denly,1,0,,,,,,,,,
1152518,2018/19,2018-12-24,Sydney Showground Stadium,1,9.3,Sydney Thunder,Sydney Sixers,JC Buttler,CJ Ferguson,JL Denly,6,0,,,,,,,,,
1152518,2018/19,2018-12-24,Sydney Showground Stadium,1,9.4,Sydney Thunder,Sydney Sixers,JC Buttler,CJ Ferguson,JL Denly,1,0,,,,,,,,,
1152518,2018/19,2018-12-24,Sydney Showground Stadium,1,9.5,Sydney Thunder,Sydney Sixers,CJ Ferguson,JC Buttler,JL Denly,1,0,,,,,,,,,
1152518,2018/19,2018-12-24,Sydney Showground Stadium,1,9.6,Sydney Thunder,Sydney Sixers,JC Buttler,CJ Ferguson,JL Denly,1,0,,,,,,,,,
1152518,2018/19,2018-12-24,Sydney Showground Stadium,1,9.7,Sydney Thunder,Sydney Sixers,CJ Ferguson,JC Buttler,JL Denly,0,0,,,,,,,,,
1152518,2018/19,2018-12-24,Sydney Showground Stadium,1,10.1,Sydney Thunder,Sydney Sixers,JC Buttler,CJ Ferguson,TK Curran,1,0,,,,,,,,,
1152518,2018/19,2018-12-24,Sydney Showground Stadium,1,10.2,Sydney Thunder,Sydney Sixers,CJ Ferguson,JC Buttler,TK Curran,0,0,,,,,,,,,
1152518,2018/19,2018-12-24,Sydney Showground Stadium,1,10.3,Sydney Thunder,Sydney Sixers,CJ Ferguson,JC Buttler,TK Curran,1,0,,,,,,,,,
1152518,2018/19,2018-12-24,Sydney Showground Stadium,1,10.4,Sydney Thunder,Sydney Sixers,JC Buttler,CJ Ferguson,TK Curran,1,0,,,,,,,,,
1152518,2018/19,2018-12-24,Sydney Showground Stadium,1,10.5,Sydney Thunder,Sydney Sixers,CJ Ferguson,JC Buttler,TK Curran,0,0,,,,,,,,,
1152518,2018/19,2018-12-24,Sydney Showground Stadium,1,10.6,Sydney Thunder,Sydney Sixers,CJ Ferguson,JC Buttler,TK Curran,2,0,,,,,,,,,
1152518,2018/19,2018-12-24,Sydney Showground Stadium,1,11.1,Sydney Thunder,Sydney Sixers,JC Buttler,CJ Ferguson,SNJ O'Keefe,6,0,,,,,,,,,
1152518,2018/19,2018-12-24,Sydney Showground Stadium,1,11.2,Sydney Thunder,Sydney Sixers,JC Buttler,CJ Ferguson,SNJ O'Keefe,1,0,,,,,,,,,
1152518,2018/19,2018-12-24,Sydney Showground Stadium,1,11.3,Sydney Thunder,Sydney Sixers,CJ Ferguson,JC Buttler,SNJ O'Keefe,1,0,,,,,,,,,
1152518,2018/19,2018-12-24,Sydney Showground Stadium,1,11.4,Sydney Thunder,Sydney Sixers,JC Buttler,CJ Ferguson,SNJ O'Keefe,2,0,,,,,,,,,
1152518,2018/19,2018-12-24,Sydney Showground Stadium,1,11.5,Sydney Thunder,Sydney Sixers,JC Buttler,CJ Ferguson,SNJ O'Keefe,0,0,,,,,,caught,JC Buttler,,
1152518,2018/19,2018-12-24,Sydney Showground Stadium,1,11.6,Sydney Thunder,Sydney Sixers,JE Root,CJ Ferguson,SNJ O'Keefe,0,0,,,,,,,,,
1152518,2018/19,2018-12-24,Sydney Showground Stadium,1,12.1,Sydney Thunder,Sydney Sixers,CJ Ferguson,JE Root,L Pope,1,0,,,,,,,,,
1152518,2018/19,2018-12-24,Sydney Showground Stadium,1,12.2,Sydney Thunder,Sydney Sixers,JE Root,CJ Ferguson,L Pope,0,0,,,,,,,,,
1152518,2018/19,2018-12-24,Sydney Showground Stadium,1,12.3,Sydney Thunder,Sydney Sixers,JE Root,CJ Ferguson,L Pope,2,0,,,,,,,,,
1152518,2018/19,2018-12-24,Sydney Showground Stadium,1,12.4,Sydney Thunder,Sydney Sixers,JE Root,CJ Ferguson,L Pope,1,0,,,,,,,,,
1152518,2018/19,2018-12-24,Sydney Showground Stadium,1,12.5,Sydney Thunder,Sydney Sixers,CJ Ferguson,JE Root,L Pope,2,0,,,,,,,,,
1152518,2018/19,2018-12-24,Sydney Showground Stadium,1,12.6,Sydney Thunder,Sydney Sixers,CJ Ferguson,JE Root,L Pope,1,0,,,,,,,,,
1152518,2018/19,2018-12-24,Sydney Showground Stadium,1,13.1,Sydney Thunder,Sydney Sixers,CJ Ferguson,JE Root,BJ Dwarshuis,1,0,,,,,,,,,
1152518,2018/19,2018-12-24,Sydney Showground Stadium,1,13.2,Sydney Thunder,Sydney Sixers,JE Root,CJ Ferguson,BJ Dwarshuis,1,0,,,,,,,,,
1152518,2018/19,2018-12-24,Sydney Showground Stadium,1,13.3,Sydney Thunder,Sydney Sixers,CJ Ferguson,JE Root,BJ Dwarshuis,0,0,,,,,,run out,CJ Ferguson,,
1152518,2018/19,2018-12-24,Sydney Showground Stadium,1,13.4,Sydney Thunder,Sydney Sixers,JE Root,JJS Sangha,BJ Dwarshuis,1,0,,,,,,,,,
1152518,2018/19,2018-12-24,Sydney Showground Stadium,1,13.5,Sydney Thunder,Sydney Sixers,JJS Sangha,JE Root,BJ Dwarshuis,0,0,,,,,,,,,
1152518,2018/19,2018-12-24,Sydney Showground Stadium,1,13.6,Sydney Thunder,Sydney Sixers,JJS Sangha,JE Root,BJ Dwarshuis,0,0,,,,,,,,,
1152518,2018/19,2018-12-24,Sydney Showground Stadium,1,14.1,Sydney Thunder,Sydney Sixers,JE Root,JJS Sangha,SNJ O'Keefe,4,0,,,,,,,,,
1152518,2018/19,2018-12-24,Sydney Showground Stadium,1,14.2,Sydney Thunder,Sydney Sixers,JE Root,JJS Sangha,SNJ O'Keefe,0,0,,,,,,bowled,JE Root,,
1152518,2018/19,2018-12-24,Sydney Showground Stadium,1,14.3,Sydney Thunder,Sydney Sixers,DR Sams,JJS Sangha,SNJ O'Keefe,4,0,,,,,,,,,
1152518,2018/19,2018-12-24,Sydney Showground Stadium,1,14.4,Sydney Thunder,Sydney Sixers,DR Sams,JJS Sangha,SNJ O'Keefe,4,0,,,,,,,,,
1152518,2018/19,2018-12-24,Sydney Showground Stadium,1,14.5,Sydney Thunder,Sydney Sixers,DR Sams,JJS Sangha,SNJ O'Keefe,0,0,,,,,,,,,
1152518,2018/19,2018-12-24,Sydney Showground Stadium,1,14.6,Sydney Thunder,Sydney Sixers,DR Sams,JJS Sangha,SNJ O'Keefe,1,0,,,,,,,,,
1152518,2018/19,2018-12-24,Sydney Showground Stadium,1,15.1,Sydney Thunder,Sydney Sixers,DR Sams,JJS Sangha,SA Abbott,6,0,,,,,,,,,
1152518,2018/19,2018-12-24,Sydney Showground Stadium,1,15.2,Sydney Thunder,Sydney Sixers,DR Sams,JJS Sangha,SA Abbott,6,0,,,,,,,,,
1152518,2018/19,2018-12-24,Sydney Showground Stadium,1,15.3,Sydney Thunder,Sydney Sixers,DR Sams,JJS Sangha,SA Abbott,4,0,,,,,,,,,
1152518,2018/19,2018-12-24,Sydney Showground Stadium,1,15.4,Sydney Thunder,Sydney Sixers,DR Sams,JJS Sangha,SA Abbott,1,0,,,,,,,,,
1152518,2018/19,2018-12-24,Sydney Showground Stadium,1,15.5,Sydney Thunder,Sydney Sixers,JJS Sangha,DR Sams,SA Abbott,0,0,,,,,,,,,
1152518,2018/19,2018-12-24,Sydney Showground Stadium,1,15.6,Sydney Thunder,Sydney Sixers,JJS Sangha,DR Sams,SA Abbott,2,0,,,,,,,,,
1152518,2018/19,2018-12-24,Sydney Showground Stadium,1,16.1,Sydney Thunder,Sydney Sixers,DR Sams,JJS Sangha,TK Curran,1,0,,,,,,,,,
1152518,2018/19,2018-12-24,Sydney Showground Stadium,1,16.2,Sydney Thunder,Sydney Sixers,JJS Sangha,DR Sams,TK Curran,1,0,,,,,,,,,
1152518,2018/19,2018-12-24,Sydney Showground Stadium,1,16.3,Sydney Thunder,Sydney Sixers,DR Sams,JJS Sangha,TK Curran,1,0,,,,,,,,,
1152518,2018/19,2018-12-24,Sydney Showground Stadium,1,16.4,Sydney Thunder,Sydney Sixers,JJS Sangha,DR Sams,TK Curran,0,0,,,,,,caught,JJS Sangha,,
1152518,2018/19,2018-12-24,Sydney Showground Stadium,1,16.5,Sydney Thunder,Sydney Sixers,CJ Green,DR Sams,TK Curran,0,0,,,,,,,,,
1152518,2018/19,2018-12-24,Sydney Showground Stadium,1,16.6,Sydney Thunder,Sydney Sixers,CJ Green,DR Sams,TK Curran,0,0,,,,,,caught,CJ Green,,
1152518,2018/19,2018-12-24,Sydney Showground Stadium,1,17.1,Sydney Thunder,Sydney Sixers,DR Sams,N McAndrew,BJ Dwarshuis,0,0,,,,,,caught,DR Sams,,
1152518,2018/19,2018-12-24,Sydney Showground Stadium,1,17.2,Sydney Thunder,Sydney Sixers,JD Cook,N McAndrew,BJ Dwarshuis,0,0,,,,,,,,,
1152518,2018/19,2018-12-24,Sydney Showground Stadium,1,17.3,Sydney Thunder,Sydney Sixers,JD Cook,N McAndrew,BJ Dwarshuis,2,0,,,,,,,,,
1152518,2018/19,2018-12-24,Sydney Showground Stadium,1,17.4,Sydney Thunder,Sydney Sixers,JD Cook,N McAndrew,BJ Dwarshuis,0,0,,,,,,,,,
1152518,2018/19,2018-12-24,Sydney Showground Stadium,1,17.5,Sydney Thunder,Sydney Sixers,JD Cook,N McAndrew,BJ Dwarshuis,0,0,,,,,,,,,
1152518,2018/19,2018-12-24,Sydney Showground Stadium,1,17.6,Sydney Thunder,Sydney Sixers,JD Cook,N McAndrew,BJ Dwarshuis,1,0,,,,,,,,,
1152518,2018/19,2018-12-24,Sydney Showground Stadium,1,18.1,Sydney Thunder,Sydney Sixers,JD Cook,N McAndrew,SA Abbott,2,0,,,,,,,,,
1152518,2018/19,2018-12-24,Sydney Showground Stadium,1,18.2,Sydney Thunder,Sydney Sixers,JD Cook,N McAndrew,SA Abbott,1,0,,,,,,,,,
1152518,2018/19,2018-12-24,Sydney Showground Stadium,1,18.3,Sydney Thunder,Sydney Sixers,N McAndrew,JD Cook,SA Abbott,4,0,,,,,,,,,
1152518,2018/19,2018-12-24,Sydney Showground Stadium,1,18.4,Sydney Thunder,Sydney Sixers,N McAndrew,JD Cook,SA Abbott,1,0,,,,,,,,,
1152518,2018/19,2018-12-24,Sydney Showground Stadium,1,18.5,Sydney Thunder,Sydney Sixers,JD Cook,N McAndrew,SA Abbott,1,0,,,,,,,,,
1152518,2018/19,2018-12-24,Sydney Showground Stadium,1,18.6,Sydney Thunder,Sydney Sixers,N McAndrew,JD Cook,SA Abbott,2,0,,,,,,,,,
1152518,2018/19,2018-12-24,Sydney Showground Stadium,1,19.1,Sydney Thunder,Sydney Sixers,JD Cook,N McAndrew,TK Curran,1,0,,,,,,,,,
1152518,2018/19,2018-12-24,Sydney Showground Stadium,1,19.2,Sydney Thunder,Sydney Sixers,N McAndrew,JD Cook,TK Curran,0,1,,1,,,,,,,
1152518,2018/19,2018-12-24,Sydney Showground Stadium,1,19.3,Sydney Thunder,Sydney Sixers,N McAndrew,JD Cook,TK Curran,0,1,1,,,,,,,,
1152518,2018/19,2018-12-24,Sydney Showground Stadium,1,19.4,Sydney Thunder,Sydney Sixers,N McAndrew,JD Cook,TK Curran,0,1,,,,1,,,,,
1152518,2018/19,2018-12-24,Sydney Showground Stadium,1,19.5,Sydney Thunder,Sydney Sixers,JD Cook,N McAndrew,TK Curran,0,0,,,,,,,,,
1152518,2018/19,2018-12-24,Sydney Showground Stadium,1,19.6,Sydney Thunder,Sydney Sixers,JD Cook,N McAndrew,TK Curran,4,0,,,,,,,,,
1152518,2018/19,2018-12-24,Sydney Showground Stadium,1,19.7,Sydney Thunder,Sydney Sixers,JD Cook,N McAndrew,TK Curran,0,0,,,,,,run out,N McAndrew,,
1152518,2018/19,2018-12-24,Sydney Showground Stadium,1,19.8,Sydney Thunder,Sydney Sixers,SL Rainbird,JD Cook,TK Curran,0,0,,,,,,bowled,SL Rainbird,,
1152518,2018/19,2018-12-24,Sydney Showground Stadium,2,0.1,Sydney Sixers,Sydney Thunder,J Edwards,JL Denly,JD Cook,2,0,,,,,,,,,
1152518,2018/19,2018-12-24,Sydney Showground Stadium,2,0.2,Sydney Sixers,Sydney Thunder,J Edwards,JL Denly,JD Cook,0,0,,,,,,,,,
1152518,2018/19,2018-12-24,Sydney Showground Stadium,2,0.3,Sydney Sixers,Sydney Thunder,J Edwards,JL Denly,JD Cook,2,0,,,,,,,,,
1152518,2018/19,2018-12-24,Sydney Showground Stadium,2,0.4,Sydney Sixers,Sydney Thunder,J Edwards,JL Denly,JD Cook,2,0,,,,,,,,,
1152518,2018/19,2018-12-24,Sydney Showground Stadium,2,0.5,Sydney Sixers,Sydney Thunder,J Edwards,JL Denly,JD Cook,1,0,,,,,,,,,
1152518,2018/19,2018-12-24,Sydney Showground Stadium,2,0.6,Sydney Sixers,Sydney Thunder,JL Denly,J Edwards,JD Cook,1,0,,,,,,,,,
1152518,2018/19,2018-12-24,Sydney Showground Stadium,2,1.1,Sydney Sixers,Sydney Thunder,JL Denly,J Edwards,SL Rainbird,0,0,,,,,,,,,
1152518,2018/19,2018-12-24,Sydney Showground Stadium,2,1.2,Sydney Sixers,Sydney Thunder,JL Denly,J Edwards,SL Rainbird,0,0,,,,,,,,,
1152518,2018/19,2018-12-24,Sydney Showground Stadium,2,1.3,Sydney Sixers,Sydney Thunder,JL Denly,J Edwards,SL Rainbird,0,0,,,,,,bowled,JL Denly,,
1152518,2018/19,2018-12-24,Sydney Showground Stadium,2,1.4,Sydney Sixers,Sydney Thunder,MC Henriques,J Edwards,SL Rainbird,1,0,,,,,,,,,
1152518,2018/19,2018-12-24,Sydney Showground Stadium,2,1.5,Sydney Sixers,Sydney Thunder,J Edwards,MC Henriques,SL Rainbird,1,0,,,,,,,,,
1152518,2018/19,2018-12-24,Sydney Showground Stadium,2,1.6,Sydney Sixers,Sydney Thunder,MC Henriques,J Edwards,SL Rainbird,1,0,,,,,,,,,
1152518,2018/19,2018-12-24,Sydney Showground Stadium,2,2.1,Sydney Sixers,Sydney Thunder,MC Henriques,J Edwards,JD Cook,1,0,,,,,,,,,
1152518,2018/19,2018-12-24,Sydney Showground Stadium,2,2.2,Sydney Sixers,Sydney Thunder,J Edwards,MC Henriques,JD Cook,0,0,,,,,,,,,
1152518,2018/19,2018-12-24,Sydney Showground Stadium,2,2.3,Sydney Sixers,Sydney Thunder,J Edwards,MC Henriques,JD Cook,1,0,,,,,,,,,
1152518,2018/19,2018-12-24,Sydney Showground Stadium,2,2.4,Sydney Sixers,Sydney Thunder,MC Henriques,J Edwards,JD Cook,0,0,,,,,,,,,
1152518,2018/19,2018-12-24,Sydney Showground Stadium,2,2.5,Sydney Sixers,Sydney Thunder,MC Henriques,J Edwards,JD Cook,1,0,,,,,,,,,
1152518,2018/19,2018-12-24,Sydney Showground Stadium,2,2.6,Sydney Sixers,Sydney Thunder,J Edwards,MC Henriques,JD Cook,0,0,,,,,,lbw,J Edwards,,
1152518,2018/19,2018-12-24,Sydney Showground Stadium,2,3.1,Sydney Sixers,Sydney Thunder,MC Henriques,DP Hughes,SL Rainbird,0,0,,,,,,,,,
1152518,2018/19,2018-12-24,Sydney Showground Stadium,2,3.2,Sydney Sixers,Sydney Thunder,MC Henriques,DP Hughes,SL Rainbird,3,0,,,,,,,,,
1152518,2018/19,2018-12-24,Sydney Showground Stadium,2,3.3,Sydney Sixers,Sydney Thunder,DP Hughes,MC Henriques,SL Rainbird,4,0,,,,,,,,,
1152518,2018/19,2018-12-24,Sydney Showground Stadium,2,3.4,Sydney Sixers,Sydney Thunder,DP Hughes,MC Henriques,SL Rainbird,1,0,,,,,,,,,
1152518,2018/19,2018-12-24,Sydney Showground Stadium,2,3.5,Sydney Sixers,Sydney Thunder,MC Henriques,DP Hughes,SL Rainbird,4,0,,,,,,,,,
1152518,2018/19,2018-12-24,Sydney Showground Stadium,2,3.6,Sydney Sixers,Sydney Thunder,MC Henriques,DP Hughes,SL Rainbird,0,0,,,,,,,,,
1152518,2018/19,2018-12-24,Sydney Showground Stadium,2,4.1,Sydney Sixers,Sydney Thunder,DP Hughes,MC Henriques,JD Cook,0,0,,,,,,,,,
1152518,2018/19,2018-12-24,Sydney Showground Stadium,2,4.2,Sydney Sixers,Sydney Thunder,DP Hughes,MC Henriques,JD Cook,0,0,,,,,,,,,
1152518,2018/19,2018-12-24,Sydney Showground Stadium,2,4.3,Sydney Sixers,Sydney Thunder,DP Hughes,MC Henriques,JD Cook,0,0,,,,,,,,,
1152518,2018/19,2018-12-24,Sydney Showground Stadium,2,4.4,Sydney Sixers,Sydney Thunder,DP Hughes,MC Henriques,JD Cook,0,0,,,,,,,,,
1152518,2018/19,2018-12-24,Sydney Showground Stadium,2,4.5,Sydney Sixers,Sydney Thunder,DP Hughes,MC Henriques,JD Cook,1,0,,,,,,,,,
1152518,2018/19,2018-12-24,Sydney Showground Stadium,2,4.6,Sydney Sixers,Sydney Thunder,MC Henriques,DP Hughes,JD Cook,1,0,,,,,,,,,
1152518,2018/19,2018-12-24,Sydney Showground Stadium,2,5.1,Sydney Sixers,Sydney Thunder,MC Henriques,DP Hughes,DR Sams,1,0,,,,,,,,,
1152518,2018/19,2018-12-24,Sydney Showground Stadium,2,5.2,Sydney Sixers,Sydney Thunder,DP Hughes,MC Henriques,DR Sams,1,0,,,,,,,,,
1152518,2018/19,2018-12-24,Sydney Showground Stadium,2,5.3,Sydney Sixers,Sydney Thunder,MC Henriques,DP Hughes,DR Sams,2,0,,,,,,,,,
1152518,2018/19,2018-12-24,Sydney Showground Stadium,2,5.4,Sydney Sixers,Sydney Thunder,MC Henriques,DP Hughes,DR Sams,0,0,,,,,,caught,MC Henriques,,
1152518,2018/19,2018-12-24,Sydney Showground Stadium,2,5.5,Sydney Sixers,Sydney Thunder,DP Hughes,JC Silk,DR Sams,0,0,,,,,,,,,
1152518,2018/19,2018-12-24,Sydney Showground Stadium,2,5.6,Sydney Sixers,Sydney Thunder,DP Hughes,JC Silk,DR Sams,1,0,,,,,,,,,
1152518,2018/19,2018-12-24,Sydney Showground Stadium,2,6.1,Sydney Sixers,Sydney Thunder,DP Hughes,JC Silk,Fawad Ahmed,1,0,,,,,,,,,
1152518,2018/19,2018-12-24,Sydney Showground Stadium,2,6.2,Sydney Sixers,Sydney Thunder,JC Silk,DP Hughes,Fawad Ahmed,0,0,,,,,,bowled,JC Silk,,
1152518,2018/19,2018-12-24,Sydney Showground Stadium,2,6.3,Sydney Sixers,Sydney Thunder,JR Philippe,DP Hughes,Fawad Ahmed,1,0,,,,,,,,,
1152518,2018/19,2018-12-24,Sydney Showground Stadium,2,6.4,Sydney Sixers,Sydney Thunder,DP Hughes,JR Philippe,Fawad Ahmed,4,0,,,,,,,,,
1152518,2018/19,2018-12-24,Sydney Showground Stadium,2,6.5,Sydney Sixers,Sydney Thunder,DP Hughes,JR Philippe,Fawad Ahmed,0,0,,,,,,,,,
1152518,2018/19,2018-12-24,Sydney Showground Stadium,2,6.6,Sydney Sixers,Sydney Thunder,DP Hughes,JR Philippe,Fawad Ahmed,0,0,,,,,,bowled,DP Hughes,,
1152518,2018/19,2018-12-24,Sydney Showground Stadium,2,7.1,Sydney Sixers,Sydney Thunder,JR Philippe,TK Curran,DR Sams,1,0,,,,,,,,,
1152518,2018/19,2018-12-24,Sydney Showground Stadium,2,7.2,Sydney Sixers,Sydney Thunder,TK Curran,JR Philippe,DR Sams,1,0,,,,,,,,,
1152518,2018/19,2018-12-24,Sydney Showground Stadium,2,7.3,Sydney Sixers,Sydney Thunder,JR Philippe,TK Curran,DR Sams,4,0,,,,,,,,,
1152518,2018/19,2018-12-24,Sydney Showground Stadium,2,7.4,Sydney Sixers,Sydney Thunder,JR Philippe,TK Curran,DR Sams,1,0,,,,,,,,,
1152518,2018/19,2018-12-24,Sydney Showground Stadium,2,7.5,Sydney Sixers,Sydney Thunder,TK Curran,JR Philippe,DR Sams,0,0,,,,,,,,,
1152518,2018/19,2018-12-24,Sydney Showground Stadium,2,7.6,Sydney Sixers,Sydney Thunder,TK Curran,JR Philippe,DR Sams,4,0,,,,,,,,,
1152518,2018/19,2018-12-24,Sydney Showground Stadium,2,8.1,Sydney Sixers,Sydney Thunder,JR Philippe,TK Curran,Fawad Ahmed,0,0,,,,,,,,,
1152518,2018/19,2018-12-24,Sydney Showground Stadium,2,8.2,Sydney Sixers,Sydney Thunder,JR Philippe,TK Curran,Fawad Ahmed,1,0,,,,,,,,,
1152518,2018/19,2018-12-24,Sydney Showground Stadium,2,8.3,Sydney Sixers,Sydney Thunder,TK Curran,JR Philippe,Fawad Ahmed,0,0,,,,,,,,,
1152518,2018/19,2018-12-24,Sydney Showground Stadium,2,8.4,Sydney Sixers,Sydney Thunder,TK Curran,JR Philippe,Fawad Ahmed,1,0,,,,,,,,,
1152518,2018/19,2018-12-24,Sydney Showground Stadium,2,8.5,Sydney Sixers,Sydney Thunder,JR Philippe,TK Curran,Fawad Ahmed,4,0,,,,,,,,,
1152518,2018/19,2018-12-24,Sydney Showground Stadium,2,8.6,Sydney Sixers,Sydney Thunder,JR Philippe,TK Curran,Fawad Ahmed,0,0,,,,,,lbw,JR Philippe,,
1152518,2018/19,2018-12-24,Sydney Showground Stadium,2,9.1,Sydney Sixers,Sydney Thunder,TK Curran,SA Abbott,JD Cook,0,0,,,,,,,,,
1152518,2018/19,2018-12-24,Sydney Showground Stadium,2,9.2,Sydney Sixers,Sydney Thunder,TK Curran,SA Abbott,JD Cook,1,0,,,,,,,,,
1152518,2018/19,2018-12-24,Sydney Showground Stadium,2,9.3,Sydney Sixers,Sydney Thunder,SA Abbott,TK Curran,JD Cook,1,0,,,,,,,,,
1152518,2018/19,2018-12-24,Sydney Showground Stadium,2,9.4,Sydney Sixers,Sydney Thunder,TK Curran,SA Abbott,JD Cook,1,0,,,,,,,,,
1152518,2018/19,2018-12-24,Sydney Showground Stadium,2,9.5,Sydney Sixers,Sydney Thunder,SA Abbott,TK Curran,JD Cook,0,0,,,,,,,,,
1152518,2018/19,2018-12-24,Sydney Showground Stadium,2,9.6,Sydney Sixers,Sydney Thunder,SA Abbott,TK Curran,JD Cook,1,0,,,,,,,,,
1152518,2018/19,2018-12-24,Sydney Showground Stadium,2,10.1,Sydney Sixers,Sydney Thunder,SA Abbott,TK Curran,Fawad Ahmed,0,0,,,,,,,,,
1152518,2018/19,2018-12-24,Sydney Showground Stadium,2,10.2,Sydney Sixers,Sydney Thunder,SA Abbott,TK Curran,Fawad Ahmed,1,0,,,,,,,,,
1152518,2018/19,2018-12-24,Sydney Showground Stadium,2,10.3,Sydney Sixers,Sydney Thunder,TK Curran,SA Abbott,Fawad Ahmed,1,0,,,,,,,,,
1152518,2018/19,2018-12-24,Sydney Showground Stadium,2,10.4,Sydney Sixers,Sydney Thunder,SA Abbott,TK Curran,Fawad Ahmed,1,0,,,,,,,,,
1152518,2018/19,2018-12-24,Sydney Showground Stadium,2,10.5,Sydney Sixers,Sydney Thunder,TK Curran,SA Abbott,Fawad Ahmed,4,0,,,,,,,,,
1152518,2018/19,2018-12-24,Sydney Showground Stadium,2,10.6,Sydney Sixers,Sydney Thunder,TK Curran,SA Abbott,Fawad Ahmed,1,0,,,,,,,,,
1152518,2018/19,2018-12-24,Sydney Showground Stadium,2,11.1,Sydney Sixers,Sydney Thunder,TK Curran,SA Abbott,N McAndrew,1,0,,,,,,,,,
1152518,2018/19,2018-12-24,Sydney Showground Stadium,2,11.2,Sydney Sixers,Sydney Thunder,SA Abbott,TK Curran,N McAndrew,0,0,,,,,,,,,
1152518,2018/19,2018-12-24,Sydney Showground Stadium,2,11.3,Sydney Sixers,Sydney Thunder,SA Abbott,TK Curran,N McAndrew,2,0,,,,,,,,,
1152518,2018/19,2018-12-24,Sydney Showground Stadium,2,11.4,Sydney Sixers,Sydney Thunder,SA Abbott,TK Curran,N McAndrew,0,0,,,,,,,,,
1152518,2018/19,2018-12-24,Sydney Showground Stadium,2,11.5,Sydney Sixers,Sydney Thunder,SA Abbott,TK Curran,N McAndrew,4,0,,,,,,,,,
1152518,2018/19,2018-12-24,Sydney Showground Stadium,2,11.6,Sydney Sixers,Sydney Thunder,SA Abbott,TK Curran,N McAndrew,0,1,1,,,,,,,,
1152518,2018/19,2018-12-24,Sydney Showground Stadium,2,11.7,Sydney Sixers,Sydney Thunder,SA Abbott,TK Curran,N McAndrew,1,0,,,,,,,,,
1152518,2018/19,2018-12-24,Sydney Showground Stadium,2,12.1,Sydney Sixers,Sydney Thunder,SA Abbott,TK Curran,CJ Green,0,0,,,,,,,,,
1152518,2018/19,2018-12-24,Sydney Showground Stadium,2,12.2,Sydney Sixers,Sydney Thunder,SA Abbott,TK Curran,CJ Green,1,0,,,,,,,,,
1152518,2018/19,2018-12-24,Sydney Showground Stadium,2,12.3,Sydney Sixers,Sydney Thunder,TK Curran,SA Abbott,CJ Green,4,0,,,,,,,,,
1152518,2018/19,2018-12-24,Sydney Showground Stadium,2,12.4,Sydney Sixers,Sydney Thunder,TK Curran,SA Abbott,CJ Green,0,0,,,,,,,,,
1152518,2018/19,2018-12-24,Sydney Showground Stadium,2,12.5,Sydney Sixers,Sydney Thunder,TK Curran,SA Abbott,CJ Green,1,0,,,,,,,,,
1152518,2018/19,2018-12-24,Sydney Showground Stadium,2,12.6,Sydney Sixers,Sydney Thunder,SA Abbott,TK Curran,CJ Green,0,0,,,,,,,,,
1152518,2018/19,2018-12-24,Sydney Showground Stadium,2,13.1,Sydney Sixers,Sydney Thunder,TK Curran,SA Abbott,SL Rainbird,4,0,,,,,,,,,
1152518,2018/19,2018-12-24,Sydney Showground Stadium,2,13.2,Sydney Sixers,Sydney Thunder,TK Curran,SA Abbott,SL Rainbird,0,0,,,,,,,,,
1152518,2018/19,2018-12-24,Sydney Showground Stadium,2,13.3,Sydney Sixers,Sydney Thunder,TK Curran,SA Abbott,SL Rainbird,1,0,,,,,,,,,
1152518,2018/19,2018-12-24,Sydney Showground Stadium,2,13.4,Sydney Sixers,Sydney Thunder,SA Abbott,TK Curran,SL Rainbird,1,0,,,,,,,,,
1152518,2018/19,2018-12-24,Sydney Showground Stadium,2,13.5,Sydney Sixers,Sydney Thunder,TK Curran,SA Abbott,SL Rainbird,0,0,,,,,,,,,
1152518,2018/19,2018-12-24,Sydney Showground Stadium,2,13.6,Sydney Sixers,Sydney Thunder,TK Curran,SA Abbott,SL Rainbird,2,0,,,,,,,,,
1152518,2018/19,2018-12-24,Sydney Showground Stadium,2,14.1,Sydney Sixers,Sydney Thunder,SA Abbott,TK Curran,CJ Green,1,0,,,,,,,,,
1152518,2018/19,2018-12-24,Sydney Showground Stadium,2,14.2,Sydney Sixers,Sydney Thunder,TK Curran,SA Abbott,CJ Green,0,0,,,,,,,,,
1152518,2018/19,2018-12-24,Sydney Showground Stadium,2,14.3,Sydney Sixers,Sydney Thunder,TK Curran,SA Abbott,CJ Green,0,0,,,,,,,,,
1152518,2018/19,2018-12-24,Sydney Showground Stadium,2,14.4,Sydney Sixers,Sydney Thunder,TK Curran,SA Abbott,CJ Green,0,0,,,,,,,,,
1152518,2018/19,2018-12-24,Sydney Showground Stadium,2,14.5,Sydney Sixers,Sydney Thunder,TK Curran,SA Abbott,CJ Green,4,0,,,,,,,,,
1152518,2018/19,2018-12-24,Sydney Showground Stadium,2,14.6,Sydney Sixers,Sydney Thunder,TK Curran,SA Abbott,CJ Green,1,0,,,,,,,,,
1152518,2018/19,2018-12-24,Sydney Showground Stadium,2,15.1,Sydney Sixers,Sydney Thunder,TK Curran,SA Abbott,DR Sams,1,0,,,,,,,,,
1152518,2018/19,2018-12-24,Sydney Showground Stadium,2,15.2,Sydney Sixers,Sydney Thunder,SA Abbott,TK Curran,DR Sams,2,0,,,,,,,,,
1152518,2018/19,2018-12-24,Sydney Showground Stadium,2,15.3,Sydney Sixers,Sydney Thunder,SA Abbott,TK Curran,DR Sams,1,0,,,,,,,,,
1152518,2018/19,2018-12-24,Sydney Showground Stadium,2,15.4,Sydney Sixers,Sydney Thunder,TK Curran,SA Abbott,DR Sams,1,0,,,,,,,,,
1152518,2018/19,2018-12-24,Sydney Showground Stadium,2,15.5,Sydney Sixers,Sydney Thunder,SA Abbott,TK Curran,DR Sams,1,0,,,,,,,,,
1152518,2018/19,2018-12-24,Sydney Showground Stadium,2,15.6,Sydney Sixers,Sydney Thunder,TK Curran,SA Abbott,DR Sams,4,0,,,,,,,,,
1152518,2018/19,2018-12-24,Sydney Showground Stadium,2,16.1,Sydney Sixers,Sydney Thunder,SA Abbott,TK Curran,Fawad Ahmed,3,0,,,,,,,,,
1152518,2018/19,2018-12-24,Sydney Showground Stadium,2,16.2,Sydney Sixers,Sydney Thunder,TK Curran,SA Abbott,Fawad Ahmed,1,0,,,,,,,,,
1152518,2018/19,2018-12-24,Sydney Showground Stadium,2,16.3,Sydney Sixers,Sydney Thunder,SA Abbott,TK Curran,Fawad Ahmed,6,0,,,,,,,,,
1152518,2018/19,2018-12-24,Sydney Showground Stadium,2,16.4,Sydney Sixers,Sydney Thunder,SA Abbott,TK Curran,Fawad Ahmed,1,0,,,,,,,,,
1152518,2018/19,2018-12-24,Sydney Showground Stadium,2,16.5,Sydney Sixers,Sydney Thunder,TK Curran,SA Abbott,Fawad Ahmed,2,0,,,,,,,,,
1152518,2018/19,2018-12-24,Sydney Showground Stadium,2,16.6,Sydney Sixers,Sydney Thunder,TK Curran,SA Abbott,Fawad Ahmed,0,0,,,,,,,,,
1152518,2018/19,2018-12-24,Sydney Showground Stadium,2,17.1,Sydney Sixers,Sydney Thunder,SA Abbott,TK Curran,N McAndrew,1,0,,,,,,,,,
1152518,2018/19,2018-12-24,Sydney Showground Stadium,2,17.2,Sydney Sixers,Sydney Thunder,TK Curran,SA Abbott,N McAndrew,6,0,,,,,,,,,
1152518,2018/19,2018-12-24,Sydney Showground Stadium,2,17.3,Sydney Sixers,Sydney Thunder,TK Curran,SA Abbott,N McAndrew,4,0,,,,,,,,,
1152518,2018/19,2018-12-24,Sydney Showground Stadium,2,17.4,Sydney Sixers,Sydney Thunder,TK Curran,SA Abbott,N McAndrew,2,0,,,,,,,,,
1152518,2018/19,2018-12-24,Sydney Showground Stadium,2,17.5,Sydney Sixers,Sydney Thunder,TK Curran,SA Abbott,N McAndrew,0,0,,,,,,,,,
1152518,2018/19,2018-12-24,Sydney Showground Stadium,2,17.6,Sydney Sixers,Sydney Thunder,TK Curran,SA Abbott,N McAndrew,4,0,,,,,,,,,
1152518,2018/19,2018-12-24,Sydney Showground Stadium,2,18.1,Sydney Sixers,Sydney Thunder,SA Abbott,TK Curran,CJ Green,1,0,,,,,,,,,
1152518,2018/19,2018-12-24,Sydney Showground Stadium,2,18.2,Sydney Sixers,Sydney Thunder,TK Curran,SA Abbott,CJ Green,2,0,,,,,,,,,
1152518,2018/19,2018-12-24,Sydney Showground Stadium,2,18.3,Sydney Sixers,Sydney Thunder,TK Curran,SA Abbott,CJ Green,2,0,,,,,,,,,
1152518,2018/19,2018-12-24,Sydney Showground Stadium,2,18.4,Sydney Sixers,Sydney Thunder,TK Curran,SA Abbott,CJ Green,1,0,,,,,,,,,
1152518,2018/19,2018-12-24,Sydney Showground Stadium,2,18.5,Sydney Sixers,Sydney Thunder,SA Abbott,TK Curran,CJ Green,1,0,,,,,,,,,
1152518,2018/19,2018-12-24,Sydney Showground Stadium,2,18.6,Sydney Sixers,Sydney Thunder,TK Curran,SA Abbott,CJ Green,0,0,,,,,,caught,TK Curran,,
1152518,2018/19,2018-12-24,Sydney Showground Stadium,2,19.1,Sydney Sixers,Sydney Thunder,SA Abbott,SNJ O'Keefe,DR Sams,2,0,,,,,,,,,
1152518,2018/19,2018-12-24,Sydney Showground Stadium,2,19.2,Sydney Sixers,Sydney Thunder,SA Abbott,SNJ O'Keefe,DR Sams,2,0,,,,,,,,,
1152518,2018/19,2018-12-24,Sydney Showground Stadium,2,19.3,Sydney Sixers,Sydney Thunder,SA Abbott,SNJ O'Keefe,DR Sams,0,0,,,,,,caught,SA Abbott,,
1152518,2018/19,2018-12-24,Sydney Showground Stadium,2,19.4,Sydney Sixers,Sydney Thunder,SNJ O'Keefe,BJ Dwarshuis,DR Sams,0,0,,,,,,,,,
1152518,2018/19,2018-12-24,Sydney Showground Stadium,2,19.5,Sydney Sixers,Sydney Thunder,SNJ O'Keefe,BJ Dwarshuis,DR Sams,0,0,,,,,,bowled,SNJ O'Keefe,,
1152518,2018/19,2018-12-24,Sydney Showground Stadium,2,19.6,Sydney Sixers,Sydney Thunder,L Pope,BJ Dwarshuis,DR Sams,0,0,,,,,,,,,
