match_id,season,start_date,venue,innings,ball,batting_team,bowling_team,striker,non_striker,bowler,runs_off_bat,extras,wides,noballs,byes,legbyes,penalty,wicket_type,player_dismissed,other_wicket_type,other_player_dismissed
1152516,2018/19,2018-12-23,Adelaide Oval,1,0.1,Adelaide Strikers,Melbourne Renegades,AT Carey,J Weatherald,Mohammad Nabi,0,0,,,,,,,,,
1152516,2018/19,2018-12-23,Adelaide Oval,1,0.2,Adelaide Strikers,Melbourne Renegades,AT Carey,J Weatherald,Mohammad Nabi,0,0,,,,,,,,,
1152516,2018/19,2018-12-23,Adelaide Oval,1,0.3,Adelaide Strikers,Melbourne Renegades,AT Carey,J Weatherald,Mohammad Nabi,1,0,,,,,,,,,
1152516,2018/19,2018-12-23,Adelaide Oval,1,0.4,Adelaide Strikers,Melbourne Renegades,J Weatherald,AT Carey,Mohammad Nabi,1,0,,,,,,,,,
1152516,2018/19,2018-12-23,Adelaide Oval,1,0.5,Adelaide Strikers,Melbourne Renegades,AT Carey,J Weatherald,Mohammad Nabi,0,0,,,,,,,,,
1152516,2018/19,2018-12-23,Adelaide Oval,1,0.6,Adelaide Strikers,Melbourne Renegades,AT Carey,J Weatherald,Mohammad Nabi,1,0,,,,,,,,,
1152516,2018/19,2018-12-23,Adelaide Oval,1,1.1,Adelaide Strikers,Melbourne Renegades,AT Carey,J Weatherald,Usman Shinwari,3,0,,,,,,,,,
1152516,2018/19,2018-12-23,Adelaide Oval,1,1.2,Adelaide Strikers,Melbourne Renegades,J Weatherald,AT Carey,Usman Shinwari,0,0,,,,,,,,,
1152516,2018/19,2018-12-23,Adelaide Oval,1,1.3,Adelaide Strikers,Melbourne Renegades,J Weatherald,AT Carey,Usman Shinwari,4,0,,,,,,,,,
1152516,2018/19,2018-12-23,Adelaide Oval,1,1.4,Adelaide Strikers,Melbourne Renegades,J Weatherald,AT Carey,Usman Shinwari,0,0,,,,,,,,,
1152516,2018/19,2018-12-23,Adelaide Oval,1,1.5,Adelaide Strikers,Melbourne Renegades,J Weatherald,AT Carey,Usman Shinwari,0,0,,,,,,,,,
1152516,2018/19,2018-12-23,Adelaide Oval,1,1.6,Adelaide Strikers,Melbourne Renegades,J Weatherald,AT Carey,Usman Shinwari,1,0,,,,,,,,,
1152516,2018/19,2018-12-23,Adelaide Oval,1,2.1,Adelaide Strikers,Melbourne Renegades,J Weatherald,AT Carey,JD Wildermuth,0,0,,,,,,,,,
1152516,2018/19,2018-12-23,Adelaide Oval,1,2.2,Adelaide Strikers,Melbourne Renegades,J Weatherald,AT Carey,JD Wildermuth,0,0,,,,,,,,,
1152516,2018/19,2018-12-23,Adelaide Oval,1,2.3,Adelaide Strikers,Melbourne Renegades,J Weatherald,AT Carey,JD Wildermuth,0,0,,,,,,,,,
1152516,2018/19,2018-12-23,Adelaide Oval,1,2.4,Adelaide Strikers,Melbourne Renegades,J Weatherald,AT Carey,JD Wildermuth,0,0,,,,,,,,,
1152516,2018/19,2018-12-23,Adelaide Oval,1,2.5,Adelaide Strikers,Melbourne Renegades,J Weatherald,AT Carey,JD Wildermuth,1,0,,,,,,,,,
1152516,2018/19,2018-12-23,Adelaide Oval,1,2.6,Adelaide Strikers,Melbourne Renegades,AT Carey,J Weatherald,JD Wildermuth,0,0,,,,,,run out,AT Carey,,
1152516,2018/19,2018-12-23,Adelaide Oval,1,3.1,Adelaide Strikers,Melbourne Renegades,J Weatherald,CA Ingram,KW Richardson,4,0,,,,,,,,,
1152516,2018/19,2018-12-23,Adelaide Oval,1,3.2,Adelaide Strikers,Melbourne Renegades,J Weatherald,CA Ingram,KW Richardson,0,0,,,,,,,,,
1152516,2018/19,2018-12-23,Adelaide Oval,1,3.3,Adelaide Strikers,Melbourne Renegades,J Weatherald,CA Ingram,KW Richardson,0,0,,,,,,,,,
1152516,2018/19,2018-12-23,Adelaide Oval,1,3.4,Adelaide Strikers,Melbourne Renegades,J Weatherald,CA Ingram,KW Richardson,0,0,,,,,,,,,
1152516,2018/19,2018-12-23,Adelaide Oval,1,3.5,Adelaide Strikers,Melbourne Renegades,J Weatherald,CA Ingram,KW Richardson,1,0,,,,,,,,,
1152516,2018/19,2018-12-23,Adelaide Oval,1,3.6,Adelaide Strikers,Melbourne Renegades,CA Ingram,J Weatherald,KW Richardson,4,0,,,,,,,,,
1152516,2018/19,2018-12-23,Adelaide Oval,1,4.1,Adelaide Strikers,Melbourne Renegades,J Weatherald,CA Ingram,Usman Shinwari,1,0,,,,,,,,,
1152516,2018/19,2018-12-23,Adelaide Oval,1,4.2,Adelaide Strikers,Melbourne Renegades,CA Ingram,J Weatherald,Usman Shinwari,1,0,,,,,,,,,
1152516,2018/19,2018-12-23,Adelaide Oval,1,4.3,Adelaide Strikers,Melbourne Renegades,J Weatherald,CA Ingram,Usman Shinwari,1,0,,,,,,,,,
1152516,2018/19,2018-12-23,Adelaide Oval,1,4.4,Adelaide Strikers,Melbourne Renegades,CA Ingram,J Weatherald,Usman Shinwari,1,0,,,,,,,,,
1152516,2018/19,2018-12-23,Adelaide Oval,1,4.5,Adelaide Strikers,Melbourne Renegades,J Weatherald,CA Ingram,Usman Shinwari,1,0,,,,,,,,,
1152516,2018/19,2018-12-23,Adelaide Oval,1,4.6,Adelaide Strikers,Melbourne Renegades,CA Ingram,J Weatherald,Usman Shinwari,3,0,,,,,,,,,
1152516,2018/19,2018-12-23,Adelaide Oval,1,5.1,Adelaide Strikers,Melbourne Renegades,CA Ingram,J Weatherald,KW Richardson,0,0,,,,,,,,,
1152516,2018/19,2018-12-23,Adelaide Oval,1,5.2,Adelaide Strikers,Melbourne Renegades,CA Ingram,J Weatherald,KW Richardson,4,0,,,,,,,,,
1152516,2018/19,2018-12-23,Adelaide Oval,1,5.3,Adelaide Strikers,Melbourne Renegades,CA Ingram,J Weatherald,KW Richardson,2,0,,,,,,,,,
1152516,2018/19,2018-12-23,Adelaide Oval,1,5.4,Adelaide Strikers,Melbourne Renegades,CA Ingram,J Weatherald,KW Richardson,4,0,,,,,,,,,
1152516,2018/19,2018-12-23,Adelaide Oval,1,5.5,Adelaide Strikers,Melbourne Renegades,CA Ingram,J Weatherald,KW Richardson,0,0,,,,,,,,,
1152516,2018/19,2018-12-23,Adelaide Oval,1,5.6,Adelaide Strikers,Melbourne Renegades,CA Ingram,J Weatherald,KW Richardson,1,0,,,,,,,,,
1152516,2018/19,2018-12-23,Adelaide Oval,1,6.1,Adelaide Strikers,Melbourne Renegades,CA Ingram,J Weatherald,Mohammad Nabi,0,0,,,,,,,,,
1152516,2018/19,2018-12-23,Adelaide Oval,1,6.2,Adelaide Strikers,Melbourne Renegades,CA Ingram,J Weatherald,Mohammad Nabi,1,0,,,,,,,,,
1152516,2018/19,2018-12-23,Adelaide Oval,1,6.3,Adelaide Strikers,Melbourne Renegades,J Weatherald,CA Ingram,Mohammad Nabi,4,0,,,,,,,,,
1152516,2018/19,2018-12-23,Adelaide Oval,1,6.4,Adelaide Strikers,Melbourne Renegades,J Weatherald,CA Ingram,Mohammad Nabi,1,0,,,,,,,,,
1152516,2018/19,2018-12-23,Adelaide Oval,1,6.5,Adelaide Strikers,Melbourne Renegades,CA Ingram,J Weatherald,Mohammad Nabi,0,0,,,,,,caught,CA Ingram,,
1152516,2018/19,2018-12-23,Adelaide Oval,1,6.6,Adelaide Strikers,Melbourne Renegades,MW Short,J Weatherald,Mohammad Nabi,1,0,,,,,,,,,
1152516,2018/19,2018-12-23,Adelaide Oval,1,7.1,Adelaide Strikers,Melbourne Renegades,MW Short,J Weatherald,JD Wildermuth,1,0,,,,,,,,,
1152516,2018/19,2018-12-23,Adelaide Oval,1,7.2,Adelaide Strikers,Melbourne Renegades,J Weatherald,MW Short,JD Wildermuth,0,0,,,,,,,,,
1152516,2018/19,2018-12-23,Adelaide Oval,1,7.3,Adelaide Strikers,Melbourne Renegades,J Weatherald,MW Short,JD Wildermuth,4,0,,,,,,,,,
1152516,2018/19,2018-12-23,Adelaide Oval,1,7.4,Adelaide Strikers,Melbourne Renegades,J Weatherald,MW Short,JD Wildermuth,1,0,,,,,,,,,
1152516,2018/19,2018-12-23,Adelaide Oval,1,7.5,Adelaide Strikers,Melbourne Renegades,MW Short,J Weatherald,JD Wildermuth,1,0,,,,,,,,,
1152516,2018/19,2018-12-23,Adelaide Oval,1,7.6,Adelaide Strikers,Melbourne Renegades,J Weatherald,MW Short,JD Wildermuth,6,0,,,,,,,,,
1152516,2018/19,2018-12-23,Adelaide Oval,1,8.1,Adelaide Strikers,Melbourne Renegades,MW Short,J Weatherald,CJ Boyce,1,0,,,,,,,,,
1152516,2018/19,2018-12-23,Adelaide Oval,1,8.2,Adelaide Strikers,Melbourne Renegades,J Weatherald,MW Short,CJ Boyce,0,0,,,,,,,,,
1152516,2018/19,2018-12-23,Adelaide Oval,1,8.3,Adelaide Strikers,Melbourne Renegades,J Weatherald,MW Short,CJ Boyce,1,0,,,,,,,,,
1152516,2018/19,2018-12-23,Adelaide Oval,1,8.4,Adelaide Strikers,Melbourne Renegades,MW Short,J Weatherald,CJ Boyce,1,0,,,,,,,,,
1152516,2018/19,2018-12-23,Adelaide Oval,1,8.5,Adelaide Strikers,Melbourne Renegades,J Weatherald,MW Short,CJ Boyce,0,0,,,,,,caught,J Weatherald,,
1152516,2018/19,2018-12-23,Adelaide Oval,1,8.6,Adelaide Strikers,Melbourne Renegades,MW Short,JW Wells,CJ Boyce,6,0,,,,,,,,,
1152516,2018/19,2018-12-23,Adelaide Oval,1,9.1,Adelaide Strikers,Melbourne Renegades,JW Wells,MW Short,DT Christian,0,0,,,,,,,,,
1152516,2018/19,2018-12-23,Adelaide Oval,1,9.2,Adelaide Strikers,Melbourne Renegades,JW Wells,MW Short,DT Christian,0,1,1,,,,,,,,
1152516,2018/19,2018-12-23,Adelaide Oval,1,9.3,Adelaide Strikers,Melbourne Renegades,JW Wells,MW Short,DT Christian,1,0,,,,,,,,,
1152516,2018/19,2018-12-23,Adelaide Oval,1,9.4,Adelaide Strikers,Melbourne Renegades,MW Short,JW Wells,DT Christian,0,0,,,,,,,,,
1152516,2018/19,2018-12-23,Adelaide Oval,1,9.5,Adelaide Strikers,Melbourne Renegades,MW Short,JW Wells,DT Christian,1,0,,,,,,,,,
1152516,2018/19,2018-12-23,Adelaide Oval,1,9.6,Adelaide Strikers,Melbourne Renegades,JW Wells,MW Short,DT Christian,1,0,,,,,,,,,
1152516,2018/19,2018-12-23,Adelaide Oval,1,9.7,Adelaide Strikers,Melbourne Renegades,MW Short,JW Wells,DT Christian,2,0,,,,,,,,,
1152516,2018/19,2018-12-23,Adelaide Oval,1,10.1,Adelaide Strikers,Melbourne Renegades,JW Wells,MW Short,JD Wildermuth,1,0,,,,,,,,,
1152516,2018/19,2018-12-23,Adelaide Oval,1,10.2,Adelaide Strikers,Melbourne Renegades,MW Short,JW Wells,JD Wildermuth,0,0,,,,,,,,,
1152516,2018/19,2018-12-23,Adelaide Oval,1,10.3,Adelaide Strikers,Melbourne Renegades,MW Short,JW Wells,JD Wildermuth,1,0,,,,,,,,,
1152516,2018/19,2018-12-23,Adelaide Oval,1,10.4,Adelaide Strikers,Melbourne Renegades,JW Wells,MW Short,JD Wildermuth,0,0,,,,,,,,,
1152516,2018/19,2018-12-23,Adelaide Oval,1,10.5,Adelaide Strikers,Melbourne Renegades,JW Wells,MW Short,JD Wildermuth,1,0,,,,,,,,,
1152516,2018/19,2018-12-23,Adelaide Oval,1,10.6,Adelaide Strikers,Melbourne Renegades,MW Short,JW Wells,JD Wildermuth,0,0,,,,,,,,,
1152516,2018/19,2018-12-23,Adelaide Oval,1,11.1,Adelaide Strikers,Melbourne Renegades,JW Wells,MW Short,CJ Boyce,1,0,,,,,,,,,
1152516,2018/19,2018-12-23,Adelaide Oval,1,11.2,Adelaide Strikers,Melbourne Renegades,MW Short,JW Wells,CJ Boyce,1,0,,,,,,,,,
1152516,2018/19,2018-12-23,Adelaide Oval,1,11.3,Adelaide Strikers,Melbourne Renegades,JW Wells,MW Short,CJ Boyce,1,0,,,,,,,,,
1152516,2018/19,2018-12-23,Adelaide Oval,1,11.4,Adelaide Strikers,Melbourne Renegades,MW Short,JW Wells,CJ Boyce,1,0,,,,,,,,,
1152516,2018/19,2018-12-23,Adelaide Oval,1,11.5,Adelaide Strikers,Melbourne Renegades,JW Wells,MW Short,CJ Boyce,0,0,,,,,,,,,
1152516,2018/19,2018-12-23,Adelaide Oval,1,11.6,Adelaide Strikers,Melbourne Renegades,JW Wells,MW Short,CJ Boyce,0,0,,,,,,,,,
1152516,2018/19,2018-12-23,Adelaide Oval,1,12.1,Adelaide Strikers,Melbourne Renegades,MW Short,JW Wells,Usman Shinwari,0,0,,,,,,,,,
1152516,2018/19,2018-12-23,Adelaide Oval,1,12.2,Adelaide Strikers,Melbourne Renegades,MW Short,JW Wells,Usman Shinwari,1,0,,,,,,,,,
1152516,2018/19,2018-12-23,Adelaide Oval,1,12.3,Adelaide Strikers,Melbourne Renegades,JW Wells,MW Short,Usman Shinwari,1,0,,,,,,,,,
1152516,2018/19,2018-12-23,Adelaide Oval,1,12.4,Adelaide Strikers,Melbourne Renegades,MW Short,JW Wells,Usman Shinwari,1,0,,,,,,,,,
1152516,2018/19,2018-12-23,Adelaide Oval,1,12.5,Adelaide Strikers,Melbourne Renegades,JW Wells,MW Short,Usman Shinwari,1,0,,,,,,,,,
1152516,2018/19,2018-12-23,Adelaide Oval,1,12.6,Adelaide Strikers,Melbourne Renegades,MW Short,JW Wells,Usman Shinwari,1,0,,,,,,,,,
1152516,2018/19,2018-12-23,Adelaide Oval,1,13.1,Adelaide Strikers,Melbourne Renegades,MW Short,JW Wells,CJ Boyce,1,0,,,,,,,,,
1152516,2018/19,2018-12-23,Adelaide Oval,1,13.2,Adelaide Strikers,Melbourne Renegades,JW Wells,MW Short,CJ Boyce,4,0,,,,,,,,,
1152516,2018/19,2018-12-23,Adelaide Oval,1,13.3,Adelaide Strikers,Melbourne Renegades,JW Wells,MW Short,CJ Boyce,4,0,,,,,,,,,
1152516,2018/19,2018-12-23,Adelaide Oval,1,13.4,Adelaide Strikers,Melbourne Renegades,JW Wells,MW Short,CJ Boyce,1,0,,,,,,,,,
1152516,2018/19,2018-12-23,Adelaide Oval,1,13.5,Adelaide Strikers,Melbourne Renegades,MW Short,JW Wells,CJ Boyce,1,0,,,,,,,,,
1152516,2018/19,2018-12-23,Adelaide Oval,1,13.6,Adelaide Strikers,Melbourne Renegades,JW Wells,MW Short,CJ Boyce,1,0,,,,,,,,,
1152516,2018/19,2018-12-23,Adelaide Oval,1,14.1,Adelaide Strikers,Melbourne Renegades,JW Wells,MW Short,JD Wildermuth,2,0,,,,,,,,,
1152516,2018/19,2018-12-23,Adelaide Oval,1,14.2,Adelaide Strikers,Melbourne Renegades,JW Wells,MW Short,JD Wildermuth,2,0,,,,,,,,,
1152516,2018/19,2018-12-23,Adelaide Oval,1,14.3,Adelaide Strikers,Melbourne Renegades,JW Wells,MW Short,JD Wildermuth,1,0,,,,,,,,,
1152516,2018/19,2018-12-23,Adelaide Oval,1,14.4,Adelaide Strikers,Melbourne Renegades,MW Short,JW Wells,JD Wildermuth,6,0,,,,,,,,,
1152516,2018/19,2018-12-23,Adelaide Oval,1,14.5,Adelaide Strikers,Melbourne Renegades,MW Short,JW Wells,JD Wildermuth,0,0,,,,,,,,,
1152516,2018/19,2018-12-23,Adelaide Oval,1,14.6,Adelaide Strikers,Melbourne Renegades,MW Short,JW Wells,JD Wildermuth,6,0,,,,,,,,,
1152516,2018/19,2018-12-23,Adelaide Oval,1,15.1,Adelaide Strikers,Melbourne Renegades,JW Wells,MW Short,Mohammad Nabi,1,0,,,,,,,,,
1152516,2018/19,2018-12-23,Adelaide Oval,1,15.2,Adelaide Strikers,Melbourne Renegades,MW Short,JW Wells,Mohammad Nabi,1,0,,,,,,,,,
1152516,2018/19,2018-12-23,Adelaide Oval,1,15.3,Adelaide Strikers,Melbourne Renegades,JW Wells,MW Short,Mohammad Nabi,4,0,,,,,,,,,
1152516,2018/19,2018-12-23,Adelaide Oval,1,15.4,Adelaide Strikers,Melbourne Renegades,JW Wells,MW Short,Mohammad Nabi,1,0,,,,,,,,,
1152516,2018/19,2018-12-23,Adelaide Oval,1,15.5,Adelaide Strikers,Melbourne Renegades,MW Short,JW Wells,Mohammad Nabi,1,0,,,,,,,,,
1152516,2018/19,2018-12-23,Adelaide Oval,1,15.6,Adelaide Strikers,Melbourne Renegades,JW Wells,MW Short,Mohammad Nabi,3,0,,,,,,,,,
1152516,2018/19,2018-12-23,Adelaide Oval,1,16.1,Adelaide Strikers,Melbourne Renegades,JW Wells,MW Short,KW Richardson,1,0,,,,,,,,,
1152516,2018/19,2018-12-23,Adelaide Oval,1,16.2,Adelaide Strikers,Melbourne Renegades,MW Short,JW Wells,KW Richardson,0,0,,,,,,,,,
1152516,2018/19,2018-12-23,Adelaide Oval,1,16.3,Adelaide Strikers,Melbourne Renegades,MW Short,JW Wells,KW Richardson,2,0,,,,,,,,,
1152516,2018/19,2018-12-23,Adelaide Oval,1,16.4,Adelaide Strikers,Melbourne Renegades,MW Short,JW Wells,KW Richardson,1,0,,,,,,,,,
1152516,2018/19,2018-12-23,Adelaide Oval,1,16.5,Adelaide Strikers,Melbourne Renegades,JW Wells,MW Short,KW Richardson,4,0,,,,,,,,,
1152516,2018/19,2018-12-23,Adelaide Oval,1,16.6,Adelaide Strikers,Melbourne Renegades,JW Wells,MW Short,KW Richardson,1,1,,1,,,,,,,
1152516,2018/19,2018-12-23,Adelaide Oval,1,16.7,Adelaide Strikers,Melbourne Renegades,MW Short,JW Wells,KW Richardson,1,0,,,,,,,,,
1152516,2018/19,2018-12-23,Adelaide Oval,1,17.1,Adelaide Strikers,Melbourne Renegades,MW Short,JW Wells,CJ Boyce,6,0,,,,,,,,,
1152516,2018/19,2018-12-23,Adelaide Oval,1,17.2,Adelaide Strikers,Melbourne Renegades,MW Short,JW Wells,CJ Boyce,2,0,,,,,,,,,
1152516,2018/19,2018-12-23,Adelaide Oval,1,17.3,Adelaide Strikers,Melbourne Renegades,MW Short,JW Wells,CJ Boyce,2,0,,,,,,,,,
1152516,2018/19,2018-12-23,Adelaide Oval,1,17.4,Adelaide Strikers,Melbourne Renegades,MW Short,JW Wells,CJ Boyce,1,0,,,,,,,,,
1152516,2018/19,2018-12-23,Adelaide Oval,1,17.5,Adelaide Strikers,Melbourne Renegades,JW Wells,MW Short,CJ Boyce,1,0,,,,,,,,,
1152516,2018/19,2018-12-23,Adelaide Oval,1,17.6,Adelaide Strikers,Melbourne Renegades,MW Short,JW Wells,CJ Boyce,1,0,,,,,,,,,
1152516,2018/19,2018-12-23,Adelaide Oval,1,18.1,Adelaide Strikers,Melbourne Renegades,MW Short,JW Wells,Usman Shinwari,4,0,,,,,,,,,
1152516,2018/19,2018-12-23,Adelaide Oval,1,18.2,Adelaide Strikers,Melbourne Renegades,MW Short,JW Wells,Usman Shinwari,6,0,,,,,,,,,
1152516,2018/19,2018-12-23,Adelaide Oval,1,18.3,Adelaide Strikers,Melbourne Renegades,MW Short,JW Wells,Usman Shinwari,1,0,,,,,,,,,
1152516,2018/19,2018-12-23,Adelaide Oval,1,18.4,Adelaide Strikers,Melbourne Renegades,JW Wells,MW Short,Usman Shinwari,1,0,,,,,,,,,
1152516,2018/19,2018-12-23,Adelaide Oval,1,18.5,Adelaide Strikers,Melbourne Renegades,MW Short,JW Wells,Usman Shinwari,1,0,,,,,,,,,
1152516,2018/19,2018-12-23,Adelaide Oval,1,18.6,Adelaide Strikers,Melbourne Renegades,JW Wells,MW Short,Usman Shinwari,2,0,,,,,,,,,
1152516,2018/19,2018-12-23,Adelaide Oval,1,19.1,Adelaide Strikers,Melbourne Renegades,MW Short,JW Wells,KW Richardson,0,0,,,,,,,,,
1152516,2018/19,2018-12-23,Adelaide Oval,1,19.2,Adelaide Strikers,Melbourne Renegades,MW Short,JW Wells,KW Richardson,1,0,,,,,,,,,
1152516,2018/19,2018-12-23,Adelaide Oval,1,19.3,Adelaide Strikers,Melbourne Renegades,JW Wells,MW Short,KW Richardson,0,0,,,,,,bowled,JW Wells,,
1152516,2018/19,2018-12-23,Adelaide Oval,1,19.4,Adelaide Strikers,Melbourne Renegades,JS Lehmann,MW Short,KW Richardson,6,0,,,,,,,,,
1152516,2018/19,2018-12-23,Adelaide Oval,1,19.5,Adelaide Strikers,Melbourne Renegades,JS Lehmann,MW Short,KW Richardson,1,0,,,,,,,,,
1152516,2018/19,2018-12-23,Adelaide Oval,1,19.6,Adelaide Strikers,Melbourne Renegades,MW Short,JS Lehmann,KW Richardson,0,0,,,,,,caught and bowled,MW Short,,
1152516,2018/19,2018-12-23,Adelaide Oval,2,0.1,Melbourne Renegades,Adelaide Strikers,SB Harper,TP Ludeman,MW Short,0,0,,,,,,,,,
1152516,2018/19,2018-12-23,Adelaide Oval,2,0.2,Melbourne Renegades,Adelaide Strikers,SB Harper,TP Ludeman,MW Short,1,0,,,,,,,,,
1152516,2018/19,2018-12-23,Adelaide Oval,2,0.3,Melbourne Renegades,Adelaide Strikers,TP Ludeman,SB Harper,MW Short,1,0,,,,,,,,,
1152516,2018/19,2018-12-23,Adelaide Oval,2,0.4,Melbourne Renegades,Adelaide Strikers,SB Harper,TP Ludeman,MW Short,4,0,,,,,,,,,
1152516,2018/19,2018-12-23,Adelaide Oval,2,0.5,Melbourne Renegades,Adelaide Strikers,SB Harper,TP Ludeman,MW Short,0,0,,,,,,,,,
1152516,2018/19,2018-12-23,Adelaide Oval,2,0.6,Melbourne Renegades,Adelaide Strikers,SB Harper,TP Ludeman,MW Short,6,0,,,,,,,,,
1152516,2018/19,2018-12-23,Adelaide Oval,2,1.1,Melbourne Renegades,Adelaide Strikers,TP Ludeman,SB Harper,MG Neser,4,0,,,,,,,,,
1152516,2018/19,2018-12-23,Adelaide Oval,2,1.2,Melbourne Renegades,Adelaide Strikers,TP Ludeman,SB Harper,MG Neser,2,0,,,,,,,,,
1152516,2018/19,2018-12-23,Adelaide Oval,2,1.3,Melbourne Renegades,Adelaide Strikers,TP Ludeman,SB Harper,MG Neser,0,0,,,,,,,,,
1152516,2018/19,2018-12-23,Adelaide Oval,2,1.4,Melbourne Renegades,Adelaide Strikers,TP Ludeman,SB Harper,MG Neser,1,0,,,,,,,,,
1152516,2018/19,2018-12-23,Adelaide Oval,2,1.5,Melbourne Renegades,Adelaide Strikers,SB Harper,TP Ludeman,MG Neser,0,0,,,,,,,,,
1152516,2018/19,2018-12-23,Adelaide Oval,2,1.6,Melbourne Renegades,Adelaide Strikers,SB Harper,TP Ludeman,MG Neser,0,2,,,,2,,,,,
1152516,2018/19,2018-12-23,Adelaide Oval,2,2.1,Melbourne Renegades,Adelaide Strikers,TP Ludeman,SB Harper,B Stanlake,0,0,,,,,,caught,TP Ludeman,,
1152516,2018/19,2018-12-23,Adelaide Oval,2,2.2,Melbourne Renegades,Adelaide Strikers,CL White,SB Harper,B Stanlake,4,0,,,,,,,,,
1152516,2018/19,2018-12-23,Adelaide Oval,2,2.3,Melbourne Renegades,Adelaide Strikers,CL White,SB Harper,B Stanlake,6,0,,,,,,,,,
1152516,2018/19,2018-12-23,Adelaide Oval,2,2.4,Melbourne Renegades,Adelaide Strikers,CL White,SB Harper,B Stanlake,1,0,,,,,,,,,
1152516,2018/19,2018-12-23,Adelaide Oval,2,2.5,Melbourne Renegades,Adelaide Strikers,SB Harper,CL White,B Stanlake,0,0,,,,,,,,,
1152516,2018/19,2018-12-23,Adelaide Oval,2,2.6,Melbourne Renegades,Adelaide Strikers,SB Harper,CL White,B Stanlake,0,0,,,,,,,,,
1152516,2018/19,2018-12-23,Adelaide Oval,2,3.1,Melbourne Renegades,Adelaide Strikers,CL White,SB Harper,MG Neser,4,0,,,,,,,,,
1152516,2018/19,2018-12-23,Adelaide Oval,2,3.2,Melbourne Renegades,Adelaide Strikers,CL White,SB Harper,MG Neser,0,0,,,,,,,,,
1152516,2018/19,2018-12-23,Adelaide Oval,2,3.3,Melbourne Renegades,Adelaide Strikers,CL White,SB Harper,MG Neser,1,0,,,,,,,,,
1152516,2018/19,2018-12-23,Adelaide Oval,2,3.4,Melbourne Renegades,Adelaide Strikers,SB Harper,CL White,MG Neser,0,0,,,,,,,,,
1152516,2018/19,2018-12-23,Adelaide Oval,2,3.5,Melbourne Renegades,Adelaide Strikers,SB Harper,CL White,MG Neser,1,0,,,,,,,,,
1152516,2018/19,2018-12-23,Adelaide Oval,2,3.6,Melbourne Renegades,Adelaide Strikers,CL White,SB Harper,MG Neser,4,0,,,,,,,,,
1152516,2018/19,2018-12-23,Adelaide Oval,2,4.1,Melbourne Renegades,Adelaide Strikers,SB Harper,CL White,B Stanlake,4,0,,,,,,,,,
1152516,2018/19,2018-12-23,Adelaide Oval,2,4.2,Melbourne Renegades,Adelaide Strikers,SB Harper,CL White,B Stanlake,0,0,,,,,,,,,
1152516,2018/19,2018-12-23,Adelaide Oval,2,4.3,Melbourne Renegades,Adelaide Strikers,SB Harper,CL White,B Stanlake,4,0,,,,,,,,,
1152516,2018/19,2018-12-23,Adelaide Oval,2,4.4,Melbourne Renegades,Adelaide Strikers,SB Harper,CL White,B Stanlake,0,0,,,,,,,,,
1152516,2018/19,2018-12-23,Adelaide Oval,2,4.5,Melbourne Renegades,Adelaide Strikers,SB Harper,CL White,B Stanlake,0,0,,,,,,,,,
1152516,2018/19,2018-12-23,Adelaide Oval,2,4.6,Melbourne Renegades,Adelaide Strikers,SB Harper,CL White,B Stanlake,1,0,,,,,,,,,
1152516,2018/19,2018-12-23,Adelaide Oval,2,5.1,Melbourne Renegades,Adelaide Strikers,SB Harper,CL White,Rashid Khan,1,0,,,,,,,,,
1152516,2018/19,2018-12-23,Adelaide Oval,2,5.2,Melbourne Renegades,Adelaide Strikers,CL White,SB Harper,Rashid Khan,0,0,,,,,,,,,
1152516,2018/19,2018-12-23,Adelaide Oval,2,5.3,Melbourne Renegades,Adelaide Strikers,CL White,SB Harper,Rashid Khan,0,0,,,,,,,,,
1152516,2018/19,2018-12-23,Adelaide Oval,2,5.4,Melbourne Renegades,Adelaide Strikers,CL White,SB Harper,Rashid Khan,1,0,,,,,,,,,
1152516,2018/19,2018-12-23,Adelaide Oval,2,5.5,Melbourne Renegades,Adelaide Strikers,SB Harper,CL White,Rashid Khan,1,0,,,,,,,,,
1152516,2018/19,2018-12-23,Adelaide Oval,2,5.6,Melbourne Renegades,Adelaide Strikers,CL White,SB Harper,Rashid Khan,0,0,,,,,,,,,
1152516,2018/19,2018-12-23,Adelaide Oval,2,6.1,Melbourne Renegades,Adelaide Strikers,SB Harper,CL White,B Laughlin,1,0,,,,,,,,,
1152516,2018/19,2018-12-23,Adelaide Oval,2,6.2,Melbourne Renegades,Adelaide Strikers,CL White,SB Harper,B Laughlin,1,0,,,,,,,,,
1152516,2018/19,2018-12-23,Adelaide Oval,2,6.3,Melbourne Renegades,Adelaide Strikers,SB Harper,CL White,B Laughlin,1,0,,,,,,,,,
1152516,2018/19,2018-12-23,Adelaide Oval,2,6.4,Melbourne Renegades,Adelaide Strikers,CL White,SB Harper,B Laughlin,1,0,,,,,,,,,
1152516,2018/19,2018-12-23,Adelaide Oval,2,6.5,Melbourne Renegades,Adelaide Strikers,SB Harper,CL White,B Laughlin,1,0,,,,,,,,,
1152516,2018/19,2018-12-23,Adelaide Oval,2,6.6,Melbourne Renegades,Adelaide Strikers,CL White,SB Harper,B Laughlin,0,1,,1,,,,,,,
1152516,2018/19,2018-12-23,Adelaide Oval,2,6.7,Melbourne Renegades,Adelaide Strikers,CL White,SB Harper,B Laughlin,4,0,,,,,,,,,
1152516,2018/19,2018-12-23,Adelaide Oval,2,7.1,Melbourne Renegades,Adelaide Strikers,SB Harper,CL White,C Valente,1,0,,,,,,,,,
1152516,2018/19,2018-12-23,Adelaide Oval,2,7.2,Melbourne Renegades,Adelaide Strikers,CL White,SB Harper,C Valente,0,0,,,,,,,,,
1152516,2018/19,2018-12-23,Adelaide Oval,2,7.3,Melbourne Renegades,Adelaide Strikers,CL White,SB Harper,C Valente,1,0,,,,,,,,,
1152516,2018/19,2018-12-23,Adelaide Oval,2,7.4,Melbourne Renegades,Adelaide Strikers,SB Harper,CL White,C Valente,1,0,,,,,,,,,
1152516,2018/19,2018-12-23,Adelaide Oval,2,7.5,Melbourne Renegades,Adelaide Strikers,CL White,SB Harper,C Valente,2,0,,,,,,,,,
1152516,2018/19,2018-12-23,Adelaide Oval,2,7.6,Melbourne Renegades,Adelaide Strikers,CL White,SB Harper,C Valente,2,0,,,,,,,,,
1152516,2018/19,2018-12-23,Adelaide Oval,2,8.1,Melbourne Renegades,Adelaide Strikers,SB Harper,CL White,Rashid Khan,0,0,,,,,,lbw,SB Harper,,
1152516,2018/19,2018-12-23,Adelaide Oval,2,8.2,Melbourne Renegades,Adelaide Strikers,KR Smith,CL White,Rashid Khan,0,0,,,,,,,,,
1152516,2018/19,2018-12-23,Adelaide Oval,2,8.3,Melbourne Renegades,Adelaide Strikers,KR Smith,CL White,Rashid Khan,1,0,,,,,,,,,
1152516,2018/19,2018-12-23,Adelaide Oval,2,8.4,Melbourne Renegades,Adelaide Strikers,CL White,KR Smith,Rashid Khan,0,0,,,,,,,,,
1152516,2018/19,2018-12-23,Adelaide Oval,2,8.5,Melbourne Renegades,Adelaide Strikers,CL White,KR Smith,Rashid Khan,0,0,,,,,,,,,
1152516,2018/19,2018-12-23,Adelaide Oval,2,8.6,Melbourne Renegades,Adelaide Strikers,CL White,KR Smith,Rashid Khan,0,0,,,,,,lbw,CL White,,
1152516,2018/19,2018-12-23,Adelaide Oval,2,9.1,Melbourne Renegades,Adelaide Strikers,KR Smith,TLW Cooper,C Valente,1,0,,,,,,,,,
1152516,2018/19,2018-12-23,Adelaide Oval,2,9.2,Melbourne Renegades,Adelaide Strikers,TLW Cooper,KR Smith,C Valente,0,0,,,,,,caught,TLW Cooper,,
1152516,2018/19,2018-12-23,Adelaide Oval,2,9.3,Melbourne Renegades,Adelaide Strikers,Mohammad Nabi,KR Smith,C Valente,0,0,,,,,,,,,
1152516,2018/19,2018-12-23,Adelaide Oval,2,9.4,Melbourne Renegades,Adelaide Strikers,Mohammad Nabi,KR Smith,C Valente,2,0,,,,,,,,,
1152516,2018/19,2018-12-23,Adelaide Oval,2,9.5,Melbourne Renegades,Adelaide Strikers,Mohammad Nabi,KR Smith,C Valente,0,0,,,,,,,,,
1152516,2018/19,2018-12-23,Adelaide Oval,2,9.6,Melbourne Renegades,Adelaide Strikers,Mohammad Nabi,KR Smith,C Valente,0,0,,,,,,,,,
1152516,2018/19,2018-12-23,Adelaide Oval,2,10.1,Melbourne Renegades,Adelaide Strikers,KR Smith,Mohammad Nabi,Rashid Khan,1,0,,,,,,,,,
1152516,2018/19,2018-12-23,Adelaide Oval,2,10.2,Melbourne Renegades,Adelaide Strikers,Mohammad Nabi,KR Smith,Rashid Khan,0,0,,,,,,,,,
1152516,2018/19,2018-12-23,Adelaide Oval,2,10.3,Melbourne Renegades,Adelaide Strikers,Mohammad Nabi,KR Smith,Rashid Khan,0,0,,,,,,,,,
1152516,2018/19,2018-12-23,Adelaide Oval,2,10.4,Melbourne Renegades,Adelaide Strikers,Mohammad Nabi,KR Smith,Rashid Khan,0,0,,,,,,,,,
1152516,2018/19,2018-12-23,Adelaide Oval,2,10.5,Melbourne Renegades,Adelaide Strikers,Mohammad Nabi,KR Smith,Rashid Khan,6,0,,,,,,,,,
1152516,2018/19,2018-12-23,Adelaide Oval,2,10.6,Melbourne Renegades,Adelaide Strikers,Mohammad Nabi,KR Smith,Rashid Khan,0,0,,,,,,,,,
1152516,2018/19,2018-12-23,Adelaide Oval,2,11.1,Melbourne Renegades,Adelaide Strikers,KR Smith,Mohammad Nabi,B Stanlake,0,0,,,,,,caught,KR Smith,,
1152516,2018/19,2018-12-23,Adelaide Oval,2,11.2,Melbourne Renegades,Adelaide Strikers,DT Christian,Mohammad Nabi,B Stanlake,0,0,,,,,,,,,
1152516,2018/19,2018-12-23,Adelaide Oval,2,11.3,Melbourne Renegades,Adelaide Strikers,DT Christian,Mohammad Nabi,B Stanlake,0,0,,,,,,,,,
1152516,2018/19,2018-12-23,Adelaide Oval,2,11.4,Melbourne Renegades,Adelaide Strikers,DT Christian,Mohammad Nabi,B Stanlake,1,0,,,,,,,,,
1152516,2018/19,2018-12-23,Adelaide Oval,2,11.5,Melbourne Renegades,Adelaide Strikers,Mohammad Nabi,DT Christian,B Stanlake,0,0,,,,,,,,,
1152516,2018/19,2018-12-23,Adelaide Oval,2,11.6,Melbourne Renegades,Adelaide Strikers,Mohammad Nabi,DT Christian,B Stanlake,6,0,,,,,,,,,
1152516,2018/19,2018-12-23,Adelaide Oval,2,12.1,Melbourne Renegades,Adelaide Strikers,DT Christian,Mohammad Nabi,B Laughlin,0,0,,,,,,,,,
1152516,2018/19,2018-12-23,Adelaide Oval,2,12.2,Melbourne Renegades,Adelaide Strikers,DT Christian,Mohammad Nabi,B Laughlin,1,0,,,,,,,,,
1152516,2018/19,2018-12-23,Adelaide Oval,2,12.3,Melbourne Renegades,Adelaide Strikers,Mohammad Nabi,DT Christian,B Laughlin,4,0,,,,,,,,,
1152516,2018/19,2018-12-23,Adelaide Oval,2,12.4,Melbourne Renegades,Adelaide Strikers,Mohammad Nabi,DT Christian,B Laughlin,1,0,,,,,,,,,
1152516,2018/19,2018-12-23,Adelaide Oval,2,12.5,Melbourne Renegades,Adelaide Strikers,DT Christian,Mohammad Nabi,B Laughlin,0,1,1,,,,,,,,
1152516,2018/19,2018-12-23,Adelaide Oval,2,12.6,Melbourne Renegades,Adelaide Strikers,DT Christian,Mohammad Nabi,B Laughlin,2,0,,,,,,,,,
1152516,2018/19,2018-12-23,Adelaide Oval,2,12.7,Melbourne Renegades,Adelaide Strikers,DT Christian,Mohammad Nabi,B Laughlin,6,0,,,,,,,,,
1152516,2018/19,2018-12-23,Adelaide Oval,2,13.1,Melbourne Renegades,Adelaide Strikers,Mohammad Nabi,DT Christian,MW Short,1,0,,,,,,,,,
1152516,2018/19,2018-12-23,Adelaide Oval,2,13.2,Melbourne Renegades,Adelaide Strikers,DT Christian,Mohammad Nabi,MW Short,1,0,,,,,,,,,
1152516,2018/19,2018-12-23,Adelaide Oval,2,13.3,Melbourne Renegades,Adelaide Strikers,Mohammad Nabi,DT Christian,MW Short,0,0,,,,,,,,,
1152516,2018/19,2018-12-23,Adelaide Oval,2,13.4,Melbourne Renegades,Adelaide Strikers,Mohammad Nabi,DT Christian,MW Short,2,0,,,,,,,,,
1152516,2018/19,2018-12-23,Adelaide Oval,2,13.5,Melbourne Renegades,Adelaide Strikers,Mohammad Nabi,DT Christian,MW Short,1,0,,,,,,,,,
1152516,2018/19,2018-12-23,Adelaide Oval,2,13.6,Melbourne Renegades,Adelaide Strikers,DT Christian,Mohammad Nabi,MW Short,6,0,,,,,,,,,
1152516,2018/19,2018-12-23,Adelaide Oval,2,14.1,Melbourne Renegades,Adelaide Strikers,Mohammad Nabi,DT Christian,MG Neser,1,0,,,,,,,,,
1152516,2018/19,2018-12-23,Adelaide Oval,2,14.2,Melbourne Renegades,Adelaide Strikers,DT Christian,Mohammad Nabi,MG Neser,2,0,,,,,,,,,
1152516,2018/19,2018-12-23,Adelaide Oval,2,14.3,Melbourne Renegades,Adelaide Strikers,DT Christian,Mohammad Nabi,MG Neser,0,0,,,,,,,,,
1152516,2018/19,2018-12-23,Adelaide Oval,2,14.4,Melbourne Renegades,Adelaide Strikers,DT Christian,Mohammad Nabi,MG Neser,6,0,,,,,,,,,
1152516,2018/19,2018-12-23,Adelaide Oval,2,14.5,Melbourne Renegades,Adelaide Strikers,DT Christian,Mohammad Nabi,MG Neser,1,0,,,,,,,,,
1152516,2018/19,2018-12-23,Adelaide Oval,2,14.6,Melbourne Renegades,Adelaide Strikers,Mohammad Nabi,DT Christian,MG Neser,2,0,,,,,,,,,
1152516,2018/19,2018-12-23,Adelaide Oval,2,15.1,Melbourne Renegades,Adelaide Strikers,DT Christian,Mohammad Nabi,C Valente,1,0,,,,,,,,,
1152516,2018/19,2018-12-23,Adelaide Oval,2,15.2,Melbourne Renegades,Adelaide Strikers,Mohammad Nabi,DT Christian,C Valente,4,0,,,,,,,,,
1152516,2018/19,2018-12-23,Adelaide Oval,2,15.3,Melbourne Renegades,Adelaide Strikers,Mohammad Nabi,DT Christian,C Valente,0,0,,,,,,,,,
1152516,2018/19,2018-12-23,Adelaide Oval,2,15.4,Melbourne Renegades,Adelaide Strikers,Mohammad Nabi,DT Christian,C Valente,2,0,,,,,,,,,
1152516,2018/19,2018-12-23,Adelaide Oval,2,15.5,Melbourne Renegades,Adelaide Strikers,Mohammad Nabi,DT Christian,C Valente,2,0,,,,,,,,,
1152516,2018/19,2018-12-23,Adelaide Oval,2,15.6,Melbourne Renegades,Adelaide Strikers,Mohammad Nabi,DT Christian,C Valente,4,0,,,,,,,,,
1152516,2018/19,2018-12-23,Adelaide Oval,2,16.1,Melbourne Renegades,Adelaide Strikers,DT Christian,Mohammad Nabi,Rashid Khan,0,0,,,,,,,,,
1152516,2018/19,2018-12-23,Adelaide Oval,2,16.2,Melbourne Renegades,Adelaide Strikers,DT Christian,Mohammad Nabi,Rashid Khan,0,0,,,,,,,,,
1152516,2018/19,2018-12-23,Adelaide Oval,2,16.3,Melbourne Renegades,Adelaide Strikers,DT Christian,Mohammad Nabi,Rashid Khan,1,0,,,,,,,,,
1152516,2018/19,2018-12-23,Adelaide Oval,2,16.4,Melbourne Renegades,Adelaide Strikers,Mohammad Nabi,DT Christian,Rashid Khan,1,0,,,,,,,,,
1152516,2018/19,2018-12-23,Adelaide Oval,2,16.5,Melbourne Renegades,Adelaide Strikers,DT Christian,Mohammad Nabi,Rashid Khan,0,0,,,,,,,,,
1152516,2018/19,2018-12-23,Adelaide Oval,2,16.6,Melbourne Renegades,Adelaide Strikers,DT Christian,Mohammad Nabi,Rashid Khan,0,0,,,,,,,,,
1152516,2018/19,2018-12-23,Adelaide Oval,2,17.1,Melbourne Renegades,Adelaide Strikers,Mohammad Nabi,DT Christian,B Laughlin,0,0,,,,,,,,,
1152516,2018/19,2018-12-23,Adelaide Oval,2,17.2,Melbourne Renegades,Adelaide Strikers,Mohammad Nabi,DT Christian,B Laughlin,1,0,,,,,,,,,
1152516,2018/19,2018-12-23,Adelaide Oval,2,17.3,Melbourne Renegades,Adelaide Strikers,DT Christian,Mohammad Nabi,B Laughlin,4,0,,,,,,,,,
1152516,2018/19,2018-12-23,Adelaide Oval,2,17.4,Melbourne Renegades,Adelaide Strikers,DT Christian,Mohammad Nabi,B Laughlin,1,0,,,,,,,,,
1152516,2018/19,2018-12-23,Adelaide Oval,2,17.5,Melbourne Renegades,Adelaide Strikers,Mohammad Nabi,DT Christian,B Laughlin,2,0,,,,,,,,,
1152516,2018/19,2018-12-23,Adelaide Oval,2,17.6,Melbourne Renegades,Adelaide Strikers,Mohammad Nabi,DT Christian,B Laughlin,2,0,,,,,,,,,
1152516,2018/19,2018-12-23,Adelaide Oval,2,18.1,Melbourne Renegades,Adelaide Strikers,DT Christian,Mohammad Nabi,B Stanlake,0,4,,,,4,,,,,
1152516,2018/19,2018-12-23,Adelaide Oval,2,18.2,Melbourne Renegades,Adelaide Strikers,DT Christian,Mohammad Nabi,B Stanlake,6,0,,,,,,,,,
1152516,2018/19,2018-12-23,Adelaide Oval,2,18.3,Melbourne Renegades,Adelaide Strikers,DT Christian,Mohammad Nabi,B Stanlake,0,0,,,,,,,,,
1152516,2018/19,2018-12-23,Adelaide Oval,2,18.4,Melbourne Renegades,Adelaide Strikers,DT Christian,Mohammad Nabi,B Stanlake,0,0,,,,,,,,,
1152516,2018/19,2018-12-23,Adelaide Oval,2,18.5,Melbourne Renegades,Adelaide Strikers,DT Christian,Mohammad Nabi,B Stanlake,6,0,,,,,,,,,
1152516,2018/19,2018-12-23,Adelaide Oval,2,18.6,Melbourne Renegades,Adelaide Strikers,DT Christian,Mohammad Nabi,B Stanlake,4,0,,,,,,,,,
1152516,2018/19,2018-12-23,Adelaide Oval,2,19.1,Melbourne Renegades,Adelaide Strikers,Mohammad Nabi,DT Christian,B Laughlin,4,0,,,,,,,,,
