match_id,season,start_date,venue,innings,ball,batting_team,bowling_team,striker,non_striker,bowler,runs_off_bat,extras,wides,noballs,byes,legbyes,penalty,wicket_type,player_dismissed,other_wicket_type,other_player_dismissed
524939,2011/12,2012-01-17,"Brisbane Cricket Ground, Woolloongabba",1,0.1,Brisbane Heat,Sydney Thunder,BB McCullum,ML Hayden,SJ Coyte (2),0,0,,,,,,,,,
524939,2011/12,2012-01-17,"Brisbane Cricket Ground, Woolloongabba",1,0.2,Brisbane Heat,Sydney Thunder,BB McCullum,ML Hayden,SJ Coyte (2),1,0,,,,,,,,,
524939,2011/12,2012-01-17,"Brisbane Cricket Ground, Woolloongabba",1,0.3,Brisbane Heat,Sydney Thunder,ML Hayden,BB McCullum,SJ Coyte (2),0,1,,,,1,,,,,
524939,2011/12,2012-01-17,"Brisbane Cricket Ground, Woolloongabba",1,0.4,Brisbane Heat,Sydney Thunder,BB McCullum,ML Hayden,SJ Coyte (2),0,0,,,,,,,,,
524939,2011/12,2012-01-17,"Brisbane Cricket Ground, Woolloongabba",1,0.5,Brisbane Heat,Sydney Thunder,BB McCullum,ML Hayden,SJ Coyte (2),1,0,,,,,,,,,
524939,2011/12,2012-01-17,"Brisbane Cricket Ground, Woolloongabba",1,0.6,Brisbane Heat,Sydney Thunder,ML Hayden,BB McCullum,SJ Coyte (2),1,0,,,,,,,,,
524939,2011/12,2012-01-17,"Brisbane Cricket Ground, Woolloongabba",1,1.1,Brisbane Heat,Sydney Thunder,ML Hayden,BB McCullum,ND Bills,1,0,,,,,,,,,
524939,2011/12,2012-01-17,"Brisbane Cricket Ground, Woolloongabba",1,1.2,Brisbane Heat,Sydney Thunder,BB McCullum,ML Hayden,ND Bills,0,0,,,,,,,,,
524939,2011/12,2012-01-17,"Brisbane Cricket Ground, Woolloongabba",1,1.3,Brisbane Heat,Sydney Thunder,BB McCullum,ML Hayden,ND Bills,4,0,,,,,,,,,
524939,2011/12,2012-01-17,"Brisbane Cricket Ground, Woolloongabba",1,1.4,Brisbane Heat,Sydney Thunder,BB McCullum,ML Hayden,ND Bills,0,0,,,,,,caught,BB McCullum,,
524939,2011/12,2012-01-17,"Brisbane Cricket Ground, Woolloongabba",1,1.5,Brisbane Heat,Sydney Thunder,ML Hayden,AW Robinson,ND Bills,0,0,,,,,,,,,
524939,2011/12,2012-01-17,"Brisbane Cricket Ground, Woolloongabba",1,1.6,Brisbane Heat,Sydney Thunder,ML Hayden,AW Robinson,ND Bills,4,0,,,,,,,,,
524939,2011/12,2012-01-17,"Brisbane Cricket Ground, Woolloongabba",1,2.1,Brisbane Heat,Sydney Thunder,AW Robinson,ML Hayden,SJ Coyte (2),0,0,,,,,,,,,
524939,2011/12,2012-01-17,"Brisbane Cricket Ground, Woolloongabba",1,2.2,Brisbane Heat,Sydney Thunder,AW Robinson,ML Hayden,SJ Coyte (2),0,0,,,,,,,,,
524939,2011/12,2012-01-17,"Brisbane Cricket Ground, Woolloongabba",1,2.3,Brisbane Heat,Sydney Thunder,AW Robinson,ML Hayden,SJ Coyte (2),0,0,,,,,,,,,
524939,2011/12,2012-01-17,"Brisbane Cricket Ground, Woolloongabba",1,2.4,Brisbane Heat,Sydney Thunder,AW Robinson,ML Hayden,SJ Coyte (2),0,0,,,,,,,,,
524939,2011/12,2012-01-17,"Brisbane Cricket Ground, Woolloongabba",1,2.5,Brisbane Heat,Sydney Thunder,AW Robinson,ML Hayden,SJ Coyte (2),1,0,,,,,,,,,
524939,2011/12,2012-01-17,"Brisbane Cricket Ground, Woolloongabba",1,2.6,Brisbane Heat,Sydney Thunder,ML Hayden,AW Robinson,SJ Coyte (2),0,0,,,,,,caught,ML Hayden,,
524939,2011/12,2012-01-17,"Brisbane Cricket Ground, Woolloongabba",1,3.1,Brisbane Heat,Sydney Thunder,AW Robinson,DT Christian,ND Bills,0,1,,,,1,,,,,
524939,2011/12,2012-01-17,"Brisbane Cricket Ground, Woolloongabba",1,3.2,Brisbane Heat,Sydney Thunder,DT Christian,AW Robinson,ND Bills,0,0,,,,,,,,,
524939,2011/12,2012-01-17,"Brisbane Cricket Ground, Woolloongabba",1,3.3,Brisbane Heat,Sydney Thunder,DT Christian,AW Robinson,ND Bills,0,0,,,,,,,,,
524939,2011/12,2012-01-17,"Brisbane Cricket Ground, Woolloongabba",1,3.4,Brisbane Heat,Sydney Thunder,DT Christian,AW Robinson,ND Bills,0,0,,,,,,,,,
524939,2011/12,2012-01-17,"Brisbane Cricket Ground, Woolloongabba",1,3.5,Brisbane Heat,Sydney Thunder,DT Christian,AW Robinson,ND Bills,4,0,,,,,,,,,
524939,2011/12,2012-01-17,"Brisbane Cricket Ground, Woolloongabba",1,3.6,Brisbane Heat,Sydney Thunder,DT Christian,AW Robinson,ND Bills,0,0,,,,,,,,,
524939,2011/12,2012-01-17,"Brisbane Cricket Ground, Woolloongabba",1,4.1,Brisbane Heat,Sydney Thunder,AW Robinson,DT Christian,SA Abbott,0,0,,,,,,,,,
524939,2011/12,2012-01-17,"Brisbane Cricket Ground, Woolloongabba",1,4.2,Brisbane Heat,Sydney Thunder,AW Robinson,DT Christian,SA Abbott,0,0,,,,,,,,,
524939,2011/12,2012-01-17,"Brisbane Cricket Ground, Woolloongabba",1,4.3,Brisbane Heat,Sydney Thunder,AW Robinson,DT Christian,SA Abbott,0,0,,,,,,,,,
524939,2011/12,2012-01-17,"Brisbane Cricket Ground, Woolloongabba",1,4.4,Brisbane Heat,Sydney Thunder,AW Robinson,DT Christian,SA Abbott,4,0,,,,,,,,,
524939,2011/12,2012-01-17,"Brisbane Cricket Ground, Woolloongabba",1,4.5,Brisbane Heat,Sydney Thunder,AW Robinson,DT Christian,SA Abbott,6,0,,,,,,,,,
524939,2011/12,2012-01-17,"Brisbane Cricket Ground, Woolloongabba",1,4.6,Brisbane Heat,Sydney Thunder,AW Robinson,DT Christian,SA Abbott,0,0,,,,,,,,,
524939,2011/12,2012-01-17,"Brisbane Cricket Ground, Woolloongabba",1,5.1,Brisbane Heat,Sydney Thunder,DT Christian,AW Robinson,ND Bills,1,0,,,,,,,,,
524939,2011/12,2012-01-17,"Brisbane Cricket Ground, Woolloongabba",1,5.2,Brisbane Heat,Sydney Thunder,AW Robinson,DT Christian,ND Bills,4,0,,,,,,,,,
524939,2011/12,2012-01-17,"Brisbane Cricket Ground, Woolloongabba",1,5.3,Brisbane Heat,Sydney Thunder,AW Robinson,DT Christian,ND Bills,4,0,,,,,,,,,
524939,2011/12,2012-01-17,"Brisbane Cricket Ground, Woolloongabba",1,5.4,Brisbane Heat,Sydney Thunder,AW Robinson,DT Christian,ND Bills,6,0,,,,,,,,,
524939,2011/12,2012-01-17,"Brisbane Cricket Ground, Woolloongabba",1,5.5,Brisbane Heat,Sydney Thunder,AW Robinson,DT Christian,ND Bills,0,0,,,,,,caught,AW Robinson,,
524939,2011/12,2012-01-17,"Brisbane Cricket Ground, Woolloongabba",1,5.6,Brisbane Heat,Sydney Thunder,PJ Forrest,DT Christian,ND Bills,0,0,,,,,,,,,
524939,2011/12,2012-01-17,"Brisbane Cricket Ground, Woolloongabba",1,6.1,Brisbane Heat,Sydney Thunder,DT Christian,PJ Forrest,MR Day,0,1,1,,,,,,,,
524939,2011/12,2012-01-17,"Brisbane Cricket Ground, Woolloongabba",1,6.2,Brisbane Heat,Sydney Thunder,DT Christian,PJ Forrest,MR Day,0,0,,,,,,,,,
524939,2011/12,2012-01-17,"Brisbane Cricket Ground, Woolloongabba",1,6.3,Brisbane Heat,Sydney Thunder,DT Christian,PJ Forrest,MR Day,4,0,,,,,,,,,
524939,2011/12,2012-01-17,"Brisbane Cricket Ground, Woolloongabba",1,6.4,Brisbane Heat,Sydney Thunder,DT Christian,PJ Forrest,MR Day,2,0,,,,,,,,,
524939,2011/12,2012-01-17,"Brisbane Cricket Ground, Woolloongabba",1,6.5,Brisbane Heat,Sydney Thunder,DT Christian,PJ Forrest,MR Day,0,1,1,,,,,,,,
524939,2011/12,2012-01-17,"Brisbane Cricket Ground, Woolloongabba",1,6.6,Brisbane Heat,Sydney Thunder,DT Christian,PJ Forrest,MR Day,1,0,,,,,,,,,
524939,2011/12,2012-01-17,"Brisbane Cricket Ground, Woolloongabba",1,6.7,Brisbane Heat,Sydney Thunder,PJ Forrest,DT Christian,MR Day,2,0,,,,,,,,,
524939,2011/12,2012-01-17,"Brisbane Cricket Ground, Woolloongabba",1,6.8,Brisbane Heat,Sydney Thunder,PJ Forrest,DT Christian,MR Day,2,0,,,,,,,,,
524939,2011/12,2012-01-17,"Brisbane Cricket Ground, Woolloongabba",1,7.1,Brisbane Heat,Sydney Thunder,DT Christian,PJ Forrest,LA Doran,0,0,,,,,,,,,
524939,2011/12,2012-01-17,"Brisbane Cricket Ground, Woolloongabba",1,7.2,Brisbane Heat,Sydney Thunder,DT Christian,PJ Forrest,LA Doran,2,0,,,,,,,,,
524939,2011/12,2012-01-17,"Brisbane Cricket Ground, Woolloongabba",1,7.3,Brisbane Heat,Sydney Thunder,DT Christian,PJ Forrest,LA Doran,1,0,,,,,,,,,
524939,2011/12,2012-01-17,"Brisbane Cricket Ground, Woolloongabba",1,7.4,Brisbane Heat,Sydney Thunder,PJ Forrest,DT Christian,LA Doran,1,0,,,,,,,,,
524939,2011/12,2012-01-17,"Brisbane Cricket Ground, Woolloongabba",1,7.5,Brisbane Heat,Sydney Thunder,DT Christian,PJ Forrest,LA Doran,1,0,,,,,,,,,
524939,2011/12,2012-01-17,"Brisbane Cricket Ground, Woolloongabba",1,7.6,Brisbane Heat,Sydney Thunder,PJ Forrest,DT Christian,LA Doran,0,0,,,,,,,,,
524939,2011/12,2012-01-17,"Brisbane Cricket Ground, Woolloongabba",1,8.1,Brisbane Heat,Sydney Thunder,DT Christian,PJ Forrest,SA Abbott,0,0,,,,,,,,,
524939,2011/12,2012-01-17,"Brisbane Cricket Ground, Woolloongabba",1,8.2,Brisbane Heat,Sydney Thunder,DT Christian,PJ Forrest,SA Abbott,0,0,,,,,,,,,
524939,2011/12,2012-01-17,"Brisbane Cricket Ground, Woolloongabba",1,8.3,Brisbane Heat,Sydney Thunder,DT Christian,PJ Forrest,SA Abbott,1,0,,,,,,,,,
524939,2011/12,2012-01-17,"Brisbane Cricket Ground, Woolloongabba",1,8.4,Brisbane Heat,Sydney Thunder,PJ Forrest,DT Christian,SA Abbott,0,0,,,,,,,,,
524939,2011/12,2012-01-17,"Brisbane Cricket Ground, Woolloongabba",1,8.5,Brisbane Heat,Sydney Thunder,PJ Forrest,DT Christian,SA Abbott,4,0,,,,,,,,,
524939,2011/12,2012-01-17,"Brisbane Cricket Ground, Woolloongabba",1,8.6,Brisbane Heat,Sydney Thunder,PJ Forrest,DT Christian,SA Abbott,1,0,,,,,,,,,
524939,2011/12,2012-01-17,"Brisbane Cricket Ground, Woolloongabba",1,9.1,Brisbane Heat,Sydney Thunder,PJ Forrest,DT Christian,LA Doran,0,0,,,,,,,,,
524939,2011/12,2012-01-17,"Brisbane Cricket Ground, Woolloongabba",1,9.2,Brisbane Heat,Sydney Thunder,PJ Forrest,DT Christian,LA Doran,1,0,,,,,,,,,
524939,2011/12,2012-01-17,"Brisbane Cricket Ground, Woolloongabba",1,9.3,Brisbane Heat,Sydney Thunder,DT Christian,PJ Forrest,LA Doran,1,0,,,,,,,,,
524939,2011/12,2012-01-17,"Brisbane Cricket Ground, Woolloongabba",1,9.4,Brisbane Heat,Sydney Thunder,PJ Forrest,DT Christian,LA Doran,1,0,,,,,,,,,
524939,2011/12,2012-01-17,"Brisbane Cricket Ground, Woolloongabba",1,9.5,Brisbane Heat,Sydney Thunder,DT Christian,PJ Forrest,LA Doran,4,0,,,,,,,,,
524939,2011/12,2012-01-17,"Brisbane Cricket Ground, Woolloongabba",1,9.6,Brisbane Heat,Sydney Thunder,DT Christian,PJ Forrest,LA Doran,2,0,,,,,,,,,
524939,2011/12,2012-01-17,"Brisbane Cricket Ground, Woolloongabba",1,10.1,Brisbane Heat,Sydney Thunder,PJ Forrest,DT Christian,MR Day,2,0,,,,,,,,,
524939,2011/12,2012-01-17,"Brisbane Cricket Ground, Woolloongabba",1,10.2,Brisbane Heat,Sydney Thunder,PJ Forrest,DT Christian,MR Day,0,0,,,,,,,,,
524939,2011/12,2012-01-17,"Brisbane Cricket Ground, Woolloongabba",1,10.3,Brisbane Heat,Sydney Thunder,PJ Forrest,DT Christian,MR Day,2,0,,,,,,,,,
524939,2011/12,2012-01-17,"Brisbane Cricket Ground, Woolloongabba",1,10.4,Brisbane Heat,Sydney Thunder,PJ Forrest,DT Christian,MR Day,6,0,,,,,,,,,
524939,2011/12,2012-01-17,"Brisbane Cricket Ground, Woolloongabba",1,10.5,Brisbane Heat,Sydney Thunder,PJ Forrest,DT Christian,MR Day,1,0,,,,,,,,,
524939,2011/12,2012-01-17,"Brisbane Cricket Ground, Woolloongabba",1,10.6,Brisbane Heat,Sydney Thunder,DT Christian,PJ Forrest,MR Day,1,0,,,,,,,,,
524939,2011/12,2012-01-17,"Brisbane Cricket Ground, Woolloongabba",1,11.1,Brisbane Heat,Sydney Thunder,DT Christian,PJ Forrest,CH Gayle,0,0,,,,,,,,,
524939,2011/12,2012-01-17,"Brisbane Cricket Ground, Woolloongabba",1,11.2,Brisbane Heat,Sydney Thunder,DT Christian,PJ Forrest,CH Gayle,0,0,,,,,,,,,
524939,2011/12,2012-01-17,"Brisbane Cricket Ground, Woolloongabba",1,11.3,Brisbane Heat,Sydney Thunder,DT Christian,PJ Forrest,CH Gayle,1,0,,,,,,,,,
524939,2011/12,2012-01-17,"Brisbane Cricket Ground, Woolloongabba",1,11.4,Brisbane Heat,Sydney Thunder,PJ Forrest,DT Christian,CH Gayle,0,0,,,,,,,,,
524939,2011/12,2012-01-17,"Brisbane Cricket Ground, Woolloongabba",1,11.5,Brisbane Heat,Sydney Thunder,PJ Forrest,DT Christian,CH Gayle,2,0,,,,,,,,,
524939,2011/12,2012-01-17,"Brisbane Cricket Ground, Woolloongabba",1,11.6,Brisbane Heat,Sydney Thunder,PJ Forrest,DT Christian,CH Gayle,1,0,,,,,,,,,
524939,2011/12,2012-01-17,"Brisbane Cricket Ground, Woolloongabba",1,12.1,Brisbane Heat,Sydney Thunder,PJ Forrest,DT Christian,SJ Coyte (2),0,1,1,,,,,,,,
524939,2011/12,2012-01-17,"Brisbane Cricket Ground, Woolloongabba",1,12.2,Brisbane Heat,Sydney Thunder,PJ Forrest,DT Christian,SJ Coyte (2),0,0,,,,,,,,,
524939,2011/12,2012-01-17,"Brisbane Cricket Ground, Woolloongabba",1,12.3,Brisbane Heat,Sydney Thunder,PJ Forrest,DT Christian,SJ Coyte (2),1,0,,,,,,,,,
524939,2011/12,2012-01-17,"Brisbane Cricket Ground, Woolloongabba",1,12.4,Brisbane Heat,Sydney Thunder,DT Christian,PJ Forrest,SJ Coyte (2),0,0,,,,,,,,,
524939,2011/12,2012-01-17,"Brisbane Cricket Ground, Woolloongabba",1,12.5,Brisbane Heat,Sydney Thunder,DT Christian,PJ Forrest,SJ Coyte (2),1,0,,,,,,,,,
524939,2011/12,2012-01-17,"Brisbane Cricket Ground, Woolloongabba",1,12.6,Brisbane Heat,Sydney Thunder,PJ Forrest,DT Christian,SJ Coyte (2),1,0,,,,,,,,,
524939,2011/12,2012-01-17,"Brisbane Cricket Ground, Woolloongabba",1,12.7,Brisbane Heat,Sydney Thunder,DT Christian,PJ Forrest,SJ Coyte (2),1,0,,,,,,,,,
524939,2011/12,2012-01-17,"Brisbane Cricket Ground, Woolloongabba",1,13.1,Brisbane Heat,Sydney Thunder,DT Christian,PJ Forrest,CH Gayle,0,1,1,,,,,,,,
524939,2011/12,2012-01-17,"Brisbane Cricket Ground, Woolloongabba",1,13.2,Brisbane Heat,Sydney Thunder,DT Christian,PJ Forrest,CH Gayle,1,0,,,,,,,,,
524939,2011/12,2012-01-17,"Brisbane Cricket Ground, Woolloongabba",1,13.3,Brisbane Heat,Sydney Thunder,PJ Forrest,DT Christian,CH Gayle,1,0,,,,,,,,,
524939,2011/12,2012-01-17,"Brisbane Cricket Ground, Woolloongabba",1,13.4,Brisbane Heat,Sydney Thunder,DT Christian,PJ Forrest,CH Gayle,3,0,,,,,,,,,
524939,2011/12,2012-01-17,"Brisbane Cricket Ground, Woolloongabba",1,13.5,Brisbane Heat,Sydney Thunder,PJ Forrest,DT Christian,CH Gayle,1,0,,,,,,,,,
524939,2011/12,2012-01-17,"Brisbane Cricket Ground, Woolloongabba",1,13.6,Brisbane Heat,Sydney Thunder,DT Christian,PJ Forrest,CH Gayle,1,0,,,,,,,,,
524939,2011/12,2012-01-17,"Brisbane Cricket Ground, Woolloongabba",1,13.7,Brisbane Heat,Sydney Thunder,PJ Forrest,DT Christian,CH Gayle,2,0,,,,,,,,,
524939,2011/12,2012-01-17,"Brisbane Cricket Ground, Woolloongabba",1,14.1,Brisbane Heat,Sydney Thunder,DT Christian,PJ Forrest,SA Abbott,6,0,,,,,,,,,
524939,2011/12,2012-01-17,"Brisbane Cricket Ground, Woolloongabba",1,14.2,Brisbane Heat,Sydney Thunder,DT Christian,PJ Forrest,SA Abbott,2,0,,,,,,,,,
524939,2011/12,2012-01-17,"Brisbane Cricket Ground, Woolloongabba",1,14.3,Brisbane Heat,Sydney Thunder,DT Christian,PJ Forrest,SA Abbott,1,0,,,,,,,,,
524939,2011/12,2012-01-17,"Brisbane Cricket Ground, Woolloongabba",1,14.4,Brisbane Heat,Sydney Thunder,PJ Forrest,DT Christian,SA Abbott,1,0,,,,,,,,,
524939,2011/12,2012-01-17,"Brisbane Cricket Ground, Woolloongabba",1,14.5,Brisbane Heat,Sydney Thunder,DT Christian,PJ Forrest,SA Abbott,0,0,,,,,,,,,
524939,2011/12,2012-01-17,"Brisbane Cricket Ground, Woolloongabba",1,14.6,Brisbane Heat,Sydney Thunder,DT Christian,PJ Forrest,SA Abbott,1,0,,,,,,,,,
524939,2011/12,2012-01-17,"Brisbane Cricket Ground, Woolloongabba",1,15.1,Brisbane Heat,Sydney Thunder,DT Christian,PJ Forrest,LA Doran,0,4,,,4,,,,,,
524939,2011/12,2012-01-17,"Brisbane Cricket Ground, Woolloongabba",1,15.2,Brisbane Heat,Sydney Thunder,DT Christian,PJ Forrest,LA Doran,1,0,,,,,,,,,
524939,2011/12,2012-01-17,"Brisbane Cricket Ground, Woolloongabba",1,15.3,Brisbane Heat,Sydney Thunder,PJ Forrest,DT Christian,LA Doran,0,0,,,,,,caught,PJ Forrest,,
524939,2011/12,2012-01-17,"Brisbane Cricket Ground, Woolloongabba",1,15.4,Brisbane Heat,Sydney Thunder,DT Christian,CA Lynn,LA Doran,0,1,1,,,,,,,,
524939,2011/12,2012-01-17,"Brisbane Cricket Ground, Woolloongabba",1,15.5,Brisbane Heat,Sydney Thunder,DT Christian,CA Lynn,LA Doran,1,0,,,,,,,,,
524939,2011/12,2012-01-17,"Brisbane Cricket Ground, Woolloongabba",1,15.6,Brisbane Heat,Sydney Thunder,CA Lynn,DT Christian,LA Doran,0,0,,,,,,,,,
524939,2011/12,2012-01-17,"Brisbane Cricket Ground, Woolloongabba",1,15.7,Brisbane Heat,Sydney Thunder,CA Lynn,DT Christian,LA Doran,1,0,,,,,,,,,
524939,2011/12,2012-01-17,"Brisbane Cricket Ground, Woolloongabba",1,16.1,Brisbane Heat,Sydney Thunder,CA Lynn,DT Christian,ND Bills,1,0,,,,,,,,,
524939,2011/12,2012-01-17,"Brisbane Cricket Ground, Woolloongabba",1,16.2,Brisbane Heat,Sydney Thunder,DT Christian,CA Lynn,ND Bills,6,0,,,,,,,,,
524939,2011/12,2012-01-17,"Brisbane Cricket Ground, Woolloongabba",1,16.3,Brisbane Heat,Sydney Thunder,DT Christian,CA Lynn,ND Bills,6,0,,,,,,,,,
524939,2011/12,2012-01-17,"Brisbane Cricket Ground, Woolloongabba",1,16.4,Brisbane Heat,Sydney Thunder,DT Christian,CA Lynn,ND Bills,1,0,,,,,,,,,
524939,2011/12,2012-01-17,"Brisbane Cricket Ground, Woolloongabba",1,16.5,Brisbane Heat,Sydney Thunder,CA Lynn,DT Christian,ND Bills,1,0,,,,,,,,,
524939,2011/12,2012-01-17,"Brisbane Cricket Ground, Woolloongabba",1,16.6,Brisbane Heat,Sydney Thunder,DT Christian,CA Lynn,ND Bills,1,0,,,,,,,,,
524939,2011/12,2012-01-17,"Brisbane Cricket Ground, Woolloongabba",1,17.1,Brisbane Heat,Sydney Thunder,DT Christian,CA Lynn,CH Gayle,0,1,1,,,,,,,,
524939,2011/12,2012-01-17,"Brisbane Cricket Ground, Woolloongabba",1,17.2,Brisbane Heat,Sydney Thunder,DT Christian,CA Lynn,CH Gayle,1,0,,,,,,,,,
524939,2011/12,2012-01-17,"Brisbane Cricket Ground, Woolloongabba",1,17.3,Brisbane Heat,Sydney Thunder,CA Lynn,DT Christian,CH Gayle,6,0,,,,,,,,,
524939,2011/12,2012-01-17,"Brisbane Cricket Ground, Woolloongabba",1,17.4,Brisbane Heat,Sydney Thunder,CA Lynn,DT Christian,CH Gayle,6,0,,,,,,,,,
524939,2011/12,2012-01-17,"Brisbane Cricket Ground, Woolloongabba",1,17.5,Brisbane Heat,Sydney Thunder,CA Lynn,DT Christian,CH Gayle,0,0,,,,,,,,,
524939,2011/12,2012-01-17,"Brisbane Cricket Ground, Woolloongabba",1,17.6,Brisbane Heat,Sydney Thunder,CA Lynn,DT Christian,CH Gayle,2,0,,,,,,,,,
524939,2011/12,2012-01-17,"Brisbane Cricket Ground, Woolloongabba",1,17.7,Brisbane Heat,Sydney Thunder,CA Lynn,DT Christian,CH Gayle,1,0,,,,,,,,,
524939,2011/12,2012-01-17,"Brisbane Cricket Ground, Woolloongabba",1,18.1,Brisbane Heat,Sydney Thunder,CA Lynn,DT Christian,SJ Coyte (2),1,0,,,,,,,,,
524939,2011/12,2012-01-17,"Brisbane Cricket Ground, Woolloongabba",1,18.2,Brisbane Heat,Sydney Thunder,DT Christian,CA Lynn,SJ Coyte (2),1,0,,,,,,,,,
524939,2011/12,2012-01-17,"Brisbane Cricket Ground, Woolloongabba",1,18.3,Brisbane Heat,Sydney Thunder,CA Lynn,DT Christian,SJ Coyte (2),0,0,,,,,,,,,
524939,2011/12,2012-01-17,"Brisbane Cricket Ground, Woolloongabba",1,18.4,Brisbane Heat,Sydney Thunder,CA Lynn,DT Christian,SJ Coyte (2),1,0,,,,,,,,,
524939,2011/12,2012-01-17,"Brisbane Cricket Ground, Woolloongabba",1,18.5,Brisbane Heat,Sydney Thunder,DT Christian,CA Lynn,SJ Coyte (2),0,1,1,,,,,,,,
524939,2011/12,2012-01-17,"Brisbane Cricket Ground, Woolloongabba",1,18.6,Brisbane Heat,Sydney Thunder,DT Christian,CA Lynn,SJ Coyte (2),4,0,,,,,,,,,
524939,2011/12,2012-01-17,"Brisbane Cricket Ground, Woolloongabba",1,18.7,Brisbane Heat,Sydney Thunder,DT Christian,CA Lynn,SJ Coyte (2),6,0,,,,,,,,,
524939,2011/12,2012-01-17,"Brisbane Cricket Ground, Woolloongabba",1,19.1,Brisbane Heat,Sydney Thunder,CA Lynn,DT Christian,SA Abbott,2,0,,,,,,,,,
524939,2011/12,2012-01-17,"Brisbane Cricket Ground, Woolloongabba",1,19.2,Brisbane Heat,Sydney Thunder,CA Lynn,DT Christian,SA Abbott,2,0,,,,,,,,,
524939,2011/12,2012-01-17,"Brisbane Cricket Ground, Woolloongabba",1,19.3,Brisbane Heat,Sydney Thunder,CA Lynn,DT Christian,SA Abbott,6,0,,,,,,,,,
524939,2011/12,2012-01-17,"Brisbane Cricket Ground, Woolloongabba",1,19.4,Brisbane Heat,Sydney Thunder,CA Lynn,DT Christian,SA Abbott,6,0,,,,,,,,,
524939,2011/12,2012-01-17,"Brisbane Cricket Ground, Woolloongabba",1,19.5,Brisbane Heat,Sydney Thunder,CA Lynn,DT Christian,SA Abbott,1,0,,,,,,,,,
524939,2011/12,2012-01-17,"Brisbane Cricket Ground, Woolloongabba",1,19.6,Brisbane Heat,Sydney Thunder,DT Christian,CA Lynn,SA Abbott,4,0,,,,,,,,,
524939,2011/12,2012-01-17,"Brisbane Cricket Ground, Woolloongabba",2,0.1,Sydney Thunder,Brisbane Heat,UT Khawaja,CH Gayle,CR Swan,0,0,,,,,,,,,
524939,2011/12,2012-01-17,"Brisbane Cricket Ground, Woolloongabba",2,0.2,Sydney Thunder,Brisbane Heat,UT Khawaja,CH Gayle,CR Swan,0,0,,,,,,,,,
524939,2011/12,2012-01-17,"Brisbane Cricket Ground, Woolloongabba",2,0.3,Sydney Thunder,Brisbane Heat,UT Khawaja,CH Gayle,CR Swan,0,0,,,,,,,,,
524939,2011/12,2012-01-17,"Brisbane Cricket Ground, Woolloongabba",2,0.4,Sydney Thunder,Brisbane Heat,UT Khawaja,CH Gayle,CR Swan,0,0,,,,,,,,,
524939,2011/12,2012-01-17,"Brisbane Cricket Ground, Woolloongabba",2,0.5,Sydney Thunder,Brisbane Heat,UT Khawaja,CH Gayle,CR Swan,0,0,,,,,,,,,
524939,2011/12,2012-01-17,"Brisbane Cricket Ground, Woolloongabba",2,0.6,Sydney Thunder,Brisbane Heat,UT Khawaja,CH Gayle,CR Swan,4,0,,,,,,,,,
524939,2011/12,2012-01-17,"Brisbane Cricket Ground, Woolloongabba",2,1.1,Sydney Thunder,Brisbane Heat,CH Gayle,UT Khawaja,AC McDermott,0,0,,,,,,caught,CH Gayle,,
524939,2011/12,2012-01-17,"Brisbane Cricket Ground, Woolloongabba",2,1.2,Sydney Thunder,Brisbane Heat,TD Cruickshank,UT Khawaja,AC McDermott,0,0,,,,,,,,,
524939,2011/12,2012-01-17,"Brisbane Cricket Ground, Woolloongabba",2,1.3,Sydney Thunder,Brisbane Heat,TD Cruickshank,UT Khawaja,AC McDermott,0,0,,,,,,,,,
524939,2011/12,2012-01-17,"Brisbane Cricket Ground, Woolloongabba",2,1.4,Sydney Thunder,Brisbane Heat,TD Cruickshank,UT Khawaja,AC McDermott,0,0,,,,,,,,,
524939,2011/12,2012-01-17,"Brisbane Cricket Ground, Woolloongabba",2,1.5,Sydney Thunder,Brisbane Heat,TD Cruickshank,UT Khawaja,AC McDermott,0,0,,,,,,caught,TD Cruickshank,,
524939,2011/12,2012-01-17,"Brisbane Cricket Ground, Woolloongabba",2,1.6,Sydney Thunder,Brisbane Heat,BR Dunk,UT Khawaja,AC McDermott,0,0,,,,,,,,,
524939,2011/12,2012-01-17,"Brisbane Cricket Ground, Woolloongabba",2,2.1,Sydney Thunder,Brisbane Heat,UT Khawaja,BR Dunk,CR Swan,0,0,,,,,,,,,
524939,2011/12,2012-01-17,"Brisbane Cricket Ground, Woolloongabba",2,2.2,Sydney Thunder,Brisbane Heat,UT Khawaja,BR Dunk,CR Swan,1,0,,,,,,,,,
524939,2011/12,2012-01-17,"Brisbane Cricket Ground, Woolloongabba",2,2.3,Sydney Thunder,Brisbane Heat,BR Dunk,UT Khawaja,CR Swan,0,0,,,,,,,,,
524939,2011/12,2012-01-17,"Brisbane Cricket Ground, Woolloongabba",2,2.4,Sydney Thunder,Brisbane Heat,BR Dunk,UT Khawaja,CR Swan,0,0,,,,,,,,,
524939,2011/12,2012-01-17,"Brisbane Cricket Ground, Woolloongabba",2,2.5,Sydney Thunder,Brisbane Heat,BR Dunk,UT Khawaja,CR Swan,0,0,,,,,,,,,
524939,2011/12,2012-01-17,"Brisbane Cricket Ground, Woolloongabba",2,2.6,Sydney Thunder,Brisbane Heat,BR Dunk,UT Khawaja,CR Swan,0,0,,,,,,,,,
524939,2011/12,2012-01-17,"Brisbane Cricket Ground, Woolloongabba",2,3.1,Sydney Thunder,Brisbane Heat,UT Khawaja,BR Dunk,AC McDermott,0,0,,,,,,,,,
524939,2011/12,2012-01-17,"Brisbane Cricket Ground, Woolloongabba",2,3.2,Sydney Thunder,Brisbane Heat,UT Khawaja,BR Dunk,AC McDermott,0,0,,,,,,,,,
524939,2011/12,2012-01-17,"Brisbane Cricket Ground, Woolloongabba",2,3.3,Sydney Thunder,Brisbane Heat,UT Khawaja,BR Dunk,AC McDermott,1,0,,,,,,,,,
524939,2011/12,2012-01-17,"Brisbane Cricket Ground, Woolloongabba",2,3.4,Sydney Thunder,Brisbane Heat,BR Dunk,UT Khawaja,AC McDermott,0,0,,,,,,,,,
524939,2011/12,2012-01-17,"Brisbane Cricket Ground, Woolloongabba",2,3.5,Sydney Thunder,Brisbane Heat,BR Dunk,UT Khawaja,AC McDermott,1,0,,,,,,,,,
524939,2011/12,2012-01-17,"Brisbane Cricket Ground, Woolloongabba",2,3.6,Sydney Thunder,Brisbane Heat,UT Khawaja,BR Dunk,AC McDermott,0,0,,,,,,,,,
524939,2011/12,2012-01-17,"Brisbane Cricket Ground, Woolloongabba",2,4.1,Sydney Thunder,Brisbane Heat,BR Dunk,UT Khawaja,CR Swan,2,0,,,,,,,,,
524939,2011/12,2012-01-17,"Brisbane Cricket Ground, Woolloongabba",2,4.2,Sydney Thunder,Brisbane Heat,BR Dunk,UT Khawaja,CR Swan,0,0,,,,,,,,,
524939,2011/12,2012-01-17,"Brisbane Cricket Ground, Woolloongabba",2,4.3,Sydney Thunder,Brisbane Heat,BR Dunk,UT Khawaja,CR Swan,0,0,,,,,,,,,
524939,2011/12,2012-01-17,"Brisbane Cricket Ground, Woolloongabba",2,4.4,Sydney Thunder,Brisbane Heat,BR Dunk,UT Khawaja,CR Swan,0,0,,,,,,,,,
524939,2011/12,2012-01-17,"Brisbane Cricket Ground, Woolloongabba",2,4.5,Sydney Thunder,Brisbane Heat,BR Dunk,UT Khawaja,CR Swan,1,0,,,,,,,,,
524939,2011/12,2012-01-17,"Brisbane Cricket Ground, Woolloongabba",2,4.6,Sydney Thunder,Brisbane Heat,UT Khawaja,BR Dunk,CR Swan,4,0,,,,,,,,,
524939,2011/12,2012-01-17,"Brisbane Cricket Ground, Woolloongabba",2,5.1,Sydney Thunder,Brisbane Heat,BR Dunk,UT Khawaja,DT Christian,0,1,1,,,,,,,,
524939,2011/12,2012-01-17,"Brisbane Cricket Ground, Woolloongabba",2,5.2,Sydney Thunder,Brisbane Heat,BR Dunk,UT Khawaja,DT Christian,0,0,,,,,,,,,
524939,2011/12,2012-01-17,"Brisbane Cricket Ground, Woolloongabba",2,5.3,Sydney Thunder,Brisbane Heat,BR Dunk,UT Khawaja,DT Christian,0,0,,,,,,,,,
524939,2011/12,2012-01-17,"Brisbane Cricket Ground, Woolloongabba",2,5.4,Sydney Thunder,Brisbane Heat,BR Dunk,UT Khawaja,DT Christian,1,0,,,,,,,,,
524939,2011/12,2012-01-17,"Brisbane Cricket Ground, Woolloongabba",2,5.5,Sydney Thunder,Brisbane Heat,UT Khawaja,BR Dunk,DT Christian,4,0,,,,,,,,,
524939,2011/12,2012-01-17,"Brisbane Cricket Ground, Woolloongabba",2,5.6,Sydney Thunder,Brisbane Heat,UT Khawaja,BR Dunk,DT Christian,1,0,,,,,,,,,
524939,2011/12,2012-01-17,"Brisbane Cricket Ground, Woolloongabba",2,5.7,Sydney Thunder,Brisbane Heat,BR Dunk,UT Khawaja,DT Christian,0,0,,,,,,,,,
524939,2011/12,2012-01-17,"Brisbane Cricket Ground, Woolloongabba",2,6.1,Sydney Thunder,Brisbane Heat,UT Khawaja,BR Dunk,CR Swan,1,0,,,,,,,,,
524939,2011/12,2012-01-17,"Brisbane Cricket Ground, Woolloongabba",2,6.2,Sydney Thunder,Brisbane Heat,BR Dunk,UT Khawaja,CR Swan,0,0,,,,,,,,,
524939,2011/12,2012-01-17,"Brisbane Cricket Ground, Woolloongabba",2,6.3,Sydney Thunder,Brisbane Heat,BR Dunk,UT Khawaja,CR Swan,1,0,,,,,,,,,
524939,2011/12,2012-01-17,"Brisbane Cricket Ground, Woolloongabba",2,6.4,Sydney Thunder,Brisbane Heat,UT Khawaja,BR Dunk,CR Swan,1,0,,,,,,,,,
524939,2011/12,2012-01-17,"Brisbane Cricket Ground, Woolloongabba",2,6.5,Sydney Thunder,Brisbane Heat,BR Dunk,UT Khawaja,CR Swan,0,0,,,,,,caught,BR Dunk,,
524939,2011/12,2012-01-17,"Brisbane Cricket Ground, Woolloongabba",2,6.6,Sydney Thunder,Brisbane Heat,DLR Smith,UT Khawaja,CR Swan,1,0,,,,,,,,,
524939,2011/12,2012-01-17,"Brisbane Cricket Ground, Woolloongabba",2,7.1,Sydney Thunder,Brisbane Heat,DLR Smith,UT Khawaja,DT Christian,0,0,,,,,,,,,
524939,2011/12,2012-01-17,"Brisbane Cricket Ground, Woolloongabba",2,7.2,Sydney Thunder,Brisbane Heat,DLR Smith,UT Khawaja,DT Christian,1,0,,,,,,,,,
524939,2011/12,2012-01-17,"Brisbane Cricket Ground, Woolloongabba",2,7.3,Sydney Thunder,Brisbane Heat,UT Khawaja,DLR Smith,DT Christian,0,0,,,,,,,,,
524939,2011/12,2012-01-17,"Brisbane Cricket Ground, Woolloongabba",2,7.4,Sydney Thunder,Brisbane Heat,UT Khawaja,DLR Smith,DT Christian,0,0,,,,,,,,,
524939,2011/12,2012-01-17,"Brisbane Cricket Ground, Woolloongabba",2,7.5,Sydney Thunder,Brisbane Heat,UT Khawaja,DLR Smith,DT Christian,1,0,,,,,,,,,
524939,2011/12,2012-01-17,"Brisbane Cricket Ground, Woolloongabba",2,7.6,Sydney Thunder,Brisbane Heat,DLR Smith,UT Khawaja,DT Christian,0,0,,,,,,caught,DLR Smith,,
524939,2011/12,2012-01-17,"Brisbane Cricket Ground, Woolloongabba",2,8.1,Sydney Thunder,Brisbane Heat,TJ Armstrong,UT Khawaja,MG Neser,0,0,,,,,,,,,
524939,2011/12,2012-01-17,"Brisbane Cricket Ground, Woolloongabba",2,8.2,Sydney Thunder,Brisbane Heat,TJ Armstrong,UT Khawaja,MG Neser,1,0,,,,,,,,,
524939,2011/12,2012-01-17,"Brisbane Cricket Ground, Woolloongabba",2,8.3,Sydney Thunder,Brisbane Heat,UT Khawaja,TJ Armstrong,MG Neser,1,0,,,,,,,,,
524939,2011/12,2012-01-17,"Brisbane Cricket Ground, Woolloongabba",2,8.4,Sydney Thunder,Brisbane Heat,TJ Armstrong,UT Khawaja,MG Neser,0,0,,,,,,,,,
524939,2011/12,2012-01-17,"Brisbane Cricket Ground, Woolloongabba",2,8.5,Sydney Thunder,Brisbane Heat,TJ Armstrong,UT Khawaja,MG Neser,1,0,,,,,,,,,
524939,2011/12,2012-01-17,"Brisbane Cricket Ground, Woolloongabba",2,8.6,Sydney Thunder,Brisbane Heat,UT Khawaja,TJ Armstrong,MG Neser,1,0,,,,,,,,,
524939,2011/12,2012-01-17,"Brisbane Cricket Ground, Woolloongabba",2,9.1,Sydney Thunder,Brisbane Heat,UT Khawaja,TJ Armstrong,DT Christian,0,0,,,,,,,,,
524939,2011/12,2012-01-17,"Brisbane Cricket Ground, Woolloongabba",2,9.2,Sydney Thunder,Brisbane Heat,UT Khawaja,TJ Armstrong,DT Christian,1,0,,,,,,,,,
524939,2011/12,2012-01-17,"Brisbane Cricket Ground, Woolloongabba",2,9.3,Sydney Thunder,Brisbane Heat,TJ Armstrong,UT Khawaja,DT Christian,0,0,,,,,,,,,
524939,2011/12,2012-01-17,"Brisbane Cricket Ground, Woolloongabba",2,9.4,Sydney Thunder,Brisbane Heat,TJ Armstrong,UT Khawaja,DT Christian,0,0,,,,,,,,,
524939,2011/12,2012-01-17,"Brisbane Cricket Ground, Woolloongabba",2,9.5,Sydney Thunder,Brisbane Heat,TJ Armstrong,UT Khawaja,DT Christian,0,0,,,,,,,,,
524939,2011/12,2012-01-17,"Brisbane Cricket Ground, Woolloongabba",2,9.6,Sydney Thunder,Brisbane Heat,TJ Armstrong,UT Khawaja,DT Christian,1,0,,,,,,,,,
524939,2011/12,2012-01-17,"Brisbane Cricket Ground, Woolloongabba",2,10.1,Sydney Thunder,Brisbane Heat,TJ Armstrong,UT Khawaja,MG Neser,0,0,,,,,,,,,
524939,2011/12,2012-01-17,"Brisbane Cricket Ground, Woolloongabba",2,10.2,Sydney Thunder,Brisbane Heat,TJ Armstrong,UT Khawaja,MG Neser,0,0,,,,,,,,,
524939,2011/12,2012-01-17,"Brisbane Cricket Ground, Woolloongabba",2,10.3,Sydney Thunder,Brisbane Heat,TJ Armstrong,UT Khawaja,MG Neser,0,0,,,,,,,,,
524939,2011/12,2012-01-17,"Brisbane Cricket Ground, Woolloongabba",2,10.4,Sydney Thunder,Brisbane Heat,TJ Armstrong,UT Khawaja,MG Neser,0,0,,,,,,,,,
524939,2011/12,2012-01-17,"Brisbane Cricket Ground, Woolloongabba",2,10.5,Sydney Thunder,Brisbane Heat,TJ Armstrong,UT Khawaja,MG Neser,1,0,,,,,,,,,
524939,2011/12,2012-01-17,"Brisbane Cricket Ground, Woolloongabba",2,10.6,Sydney Thunder,Brisbane Heat,UT Khawaja,TJ Armstrong,MG Neser,0,0,,,,,,,,,
524939,2011/12,2012-01-17,"Brisbane Cricket Ground, Woolloongabba",2,11.1,Sydney Thunder,Brisbane Heat,TJ Armstrong,UT Khawaja,DL Vettori,0,0,,,,,,bowled,TJ Armstrong,,
524939,2011/12,2012-01-17,"Brisbane Cricket Ground, Woolloongabba",2,11.2,Sydney Thunder,Brisbane Heat,SA Abbott,UT Khawaja,DL Vettori,0,0,,,,,,,,,
524939,2011/12,2012-01-17,"Brisbane Cricket Ground, Woolloongabba",2,11.3,Sydney Thunder,Brisbane Heat,SA Abbott,UT Khawaja,DL Vettori,2,0,,,,,,,,,
524939,2011/12,2012-01-17,"Brisbane Cricket Ground, Woolloongabba",2,11.4,Sydney Thunder,Brisbane Heat,SA Abbott,UT Khawaja,DL Vettori,0,0,,,,,,,,,
524939,2011/12,2012-01-17,"Brisbane Cricket Ground, Woolloongabba",2,11.5,Sydney Thunder,Brisbane Heat,SA Abbott,UT Khawaja,DL Vettori,0,0,,,,,,,,,
524939,2011/12,2012-01-17,"Brisbane Cricket Ground, Woolloongabba",2,11.6,Sydney Thunder,Brisbane Heat,SA Abbott,UT Khawaja,DL Vettori,0,0,,,,,,,,,
524939,2011/12,2012-01-17,"Brisbane Cricket Ground, Woolloongabba",2,12.1,Sydney Thunder,Brisbane Heat,UT Khawaja,SA Abbott,MG Neser,2,0,,,,,,,,,
524939,2011/12,2012-01-17,"Brisbane Cricket Ground, Woolloongabba",2,12.2,Sydney Thunder,Brisbane Heat,UT Khawaja,SA Abbott,MG Neser,4,0,,,,,,,,,
524939,2011/12,2012-01-17,"Brisbane Cricket Ground, Woolloongabba",2,12.3,Sydney Thunder,Brisbane Heat,UT Khawaja,SA Abbott,MG Neser,0,0,,,,,,,,,
524939,2011/12,2012-01-17,"Brisbane Cricket Ground, Woolloongabba",2,12.4,Sydney Thunder,Brisbane Heat,UT Khawaja,SA Abbott,MG Neser,0,0,,,,,,,,,
524939,2011/12,2012-01-17,"Brisbane Cricket Ground, Woolloongabba",2,12.5,Sydney Thunder,Brisbane Heat,UT Khawaja,SA Abbott,MG Neser,1,0,,,,,,,,,
524939,2011/12,2012-01-17,"Brisbane Cricket Ground, Woolloongabba",2,12.6,Sydney Thunder,Brisbane Heat,SA Abbott,UT Khawaja,MG Neser,1,0,,,,,,,,,
524939,2011/12,2012-01-17,"Brisbane Cricket Ground, Woolloongabba",2,13.1,Sydney Thunder,Brisbane Heat,SA Abbott,UT Khawaja,DL Vettori,0,0,,,,,,,,,
524939,2011/12,2012-01-17,"Brisbane Cricket Ground, Woolloongabba",2,13.2,Sydney Thunder,Brisbane Heat,SA Abbott,UT Khawaja,DL Vettori,0,0,,,,,,,,,
524939,2011/12,2012-01-17,"Brisbane Cricket Ground, Woolloongabba",2,13.3,Sydney Thunder,Brisbane Heat,SA Abbott,UT Khawaja,DL Vettori,0,0,,,,,,,,,
524939,2011/12,2012-01-17,"Brisbane Cricket Ground, Woolloongabba",2,13.4,Sydney Thunder,Brisbane Heat,SA Abbott,UT Khawaja,DL Vettori,1,0,,,,,,,,,
524939,2011/12,2012-01-17,"Brisbane Cricket Ground, Woolloongabba",2,13.5,Sydney Thunder,Brisbane Heat,UT Khawaja,SA Abbott,DL Vettori,0,0,,,,,,,,,
524939,2011/12,2012-01-17,"Brisbane Cricket Ground, Woolloongabba",2,13.6,Sydney Thunder,Brisbane Heat,UT Khawaja,SA Abbott,DL Vettori,1,0,,,,,,,,,
524939,2011/12,2012-01-17,"Brisbane Cricket Ground, Woolloongabba",2,14.1,Sydney Thunder,Brisbane Heat,UT Khawaja,SA Abbott,MG Neser,0,0,,,,,,,,,
524939,2011/12,2012-01-17,"Brisbane Cricket Ground, Woolloongabba",2,14.2,Sydney Thunder,Brisbane Heat,UT Khawaja,SA Abbott,MG Neser,4,0,,,,,,,,,
524939,2011/12,2012-01-17,"Brisbane Cricket Ground, Woolloongabba",2,14.3,Sydney Thunder,Brisbane Heat,UT Khawaja,SA Abbott,MG Neser,4,0,,,,,,,,,
524939,2011/12,2012-01-17,"Brisbane Cricket Ground, Woolloongabba",2,14.4,Sydney Thunder,Brisbane Heat,UT Khawaja,SA Abbott,MG Neser,0,0,,,,,,caught,UT Khawaja,,
524939,2011/12,2012-01-17,"Brisbane Cricket Ground, Woolloongabba",2,14.5,Sydney Thunder,Brisbane Heat,MR Day,SA Abbott,MG Neser,1,0,,,,,,,,,
524939,2011/12,2012-01-17,"Brisbane Cricket Ground, Woolloongabba",2,14.6,Sydney Thunder,Brisbane Heat,SA Abbott,MR Day,MG Neser,0,0,,,,,,,,,
524939,2011/12,2012-01-17,"Brisbane Cricket Ground, Woolloongabba",2,15.1,Sydney Thunder,Brisbane Heat,MR Day,SA Abbott,DL Vettori,2,0,,,,,,,,,
524939,2011/12,2012-01-17,"Brisbane Cricket Ground, Woolloongabba",2,15.2,Sydney Thunder,Brisbane Heat,MR Day,SA Abbott,DL Vettori,0,0,,,,,,,,,
524939,2011/12,2012-01-17,"Brisbane Cricket Ground, Woolloongabba",2,15.3,Sydney Thunder,Brisbane Heat,MR Day,SA Abbott,DL Vettori,1,0,,,,,,,,,
524939,2011/12,2012-01-17,"Brisbane Cricket Ground, Woolloongabba",2,15.4,Sydney Thunder,Brisbane Heat,SA Abbott,MR Day,DL Vettori,1,0,,,,,,,,,
524939,2011/12,2012-01-17,"Brisbane Cricket Ground, Woolloongabba",2,15.5,Sydney Thunder,Brisbane Heat,MR Day,SA Abbott,DL Vettori,1,0,,,,,,,,,
524939,2011/12,2012-01-17,"Brisbane Cricket Ground, Woolloongabba",2,15.6,Sydney Thunder,Brisbane Heat,SA Abbott,MR Day,DL Vettori,0,0,,,,,,,,,
524939,2011/12,2012-01-17,"Brisbane Cricket Ground, Woolloongabba",2,16.1,Sydney Thunder,Brisbane Heat,MR Day,SA Abbott,AC McDermott,1,0,,,,,,,,,
524939,2011/12,2012-01-17,"Brisbane Cricket Ground, Woolloongabba",2,16.2,Sydney Thunder,Brisbane Heat,SA Abbott,MR Day,AC McDermott,6,0,,,,,,,,,
524939,2011/12,2012-01-17,"Brisbane Cricket Ground, Woolloongabba",2,16.3,Sydney Thunder,Brisbane Heat,SA Abbott,MR Day,AC McDermott,2,0,,,,,,,,,
524939,2011/12,2012-01-17,"Brisbane Cricket Ground, Woolloongabba",2,16.4,Sydney Thunder,Brisbane Heat,SA Abbott,MR Day,AC McDermott,1,0,,,,,,,,,
524939,2011/12,2012-01-17,"Brisbane Cricket Ground, Woolloongabba",2,16.5,Sydney Thunder,Brisbane Heat,MR Day,SA Abbott,AC McDermott,0,0,,,,,,,,,
524939,2011/12,2012-01-17,"Brisbane Cricket Ground, Woolloongabba",2,16.6,Sydney Thunder,Brisbane Heat,MR Day,SA Abbott,AC McDermott,0,1,,,,1,,,,,
524939,2011/12,2012-01-17,"Brisbane Cricket Ground, Woolloongabba",2,17.1,Sydney Thunder,Brisbane Heat,MR Day,SA Abbott,DL Vettori,2,0,,,,,,,,,
524939,2011/12,2012-01-17,"Brisbane Cricket Ground, Woolloongabba",2,17.2,Sydney Thunder,Brisbane Heat,MR Day,SA Abbott,DL Vettori,4,0,,,,,,,,,
524939,2011/12,2012-01-17,"Brisbane Cricket Ground, Woolloongabba",2,17.3,Sydney Thunder,Brisbane Heat,MR Day,SA Abbott,DL Vettori,1,0,,,,,,,,,
524939,2011/12,2012-01-17,"Brisbane Cricket Ground, Woolloongabba",2,17.4,Sydney Thunder,Brisbane Heat,SA Abbott,MR Day,DL Vettori,4,0,,,,,,,,,
524939,2011/12,2012-01-17,"Brisbane Cricket Ground, Woolloongabba",2,17.5,Sydney Thunder,Brisbane Heat,SA Abbott,MR Day,DL Vettori,1,0,,,,,,,,,
524939,2011/12,2012-01-17,"Brisbane Cricket Ground, Woolloongabba",2,17.6,Sydney Thunder,Brisbane Heat,MR Day,SA Abbott,DL Vettori,2,0,,,,,,,,,
524939,2011/12,2012-01-17,"Brisbane Cricket Ground, Woolloongabba",2,18.1,Sydney Thunder,Brisbane Heat,SA Abbott,MR Day,AC McDermott,1,0,,,,,,,,,
524939,2011/12,2012-01-17,"Brisbane Cricket Ground, Woolloongabba",2,18.2,Sydney Thunder,Brisbane Heat,MR Day,SA Abbott,AC McDermott,2,0,,,,,,,,,
524939,2011/12,2012-01-17,"Brisbane Cricket Ground, Woolloongabba",2,18.3,Sydney Thunder,Brisbane Heat,MR Day,SA Abbott,AC McDermott,0,0,,,,,,,,,
524939,2011/12,2012-01-17,"Brisbane Cricket Ground, Woolloongabba",2,18.4,Sydney Thunder,Brisbane Heat,MR Day,SA Abbott,AC McDermott,2,0,,,,,,,,,
524939,2011/12,2012-01-17,"Brisbane Cricket Ground, Woolloongabba",2,18.5,Sydney Thunder,Brisbane Heat,MR Day,SA Abbott,AC McDermott,0,1,1,,,,,,,,
524939,2011/12,2012-01-17,"Brisbane Cricket Ground, Woolloongabba",2,18.6,Sydney Thunder,Brisbane Heat,MR Day,SA Abbott,AC McDermott,0,1,1,,,,,,,,
524939,2011/12,2012-01-17,"Brisbane Cricket Ground, Woolloongabba",2,18.7,Sydney Thunder,Brisbane Heat,MR Day,SA Abbott,AC McDermott,6,0,,,,,,,,,
524939,2011/12,2012-01-17,"Brisbane Cricket Ground, Woolloongabba",2,18.8,Sydney Thunder,Brisbane Heat,MR Day,SA Abbott,AC McDermott,0,0,,,,,,,,,
524939,2011/12,2012-01-17,"Brisbane Cricket Ground, Woolloongabba",2,19.1,Sydney Thunder,Brisbane Heat,SA Abbott,MR Day,DT Christian,1,0,,,,,,,,,
524939,2011/12,2012-01-17,"Brisbane Cricket Ground, Woolloongabba",2,19.2,Sydney Thunder,Brisbane Heat,MR Day,SA Abbott,DT Christian,0,0,,,,,,,,,
524939,2011/12,2012-01-17,"Brisbane Cricket Ground, Woolloongabba",2,19.3,Sydney Thunder,Brisbane Heat,MR Day,SA Abbott,DT Christian,1,0,,,,,,,,,
524939,2011/12,2012-01-17,"Brisbane Cricket Ground, Woolloongabba",2,19.4,Sydney Thunder,Brisbane Heat,SA Abbott,MR Day,DT Christian,1,0,,,,,,,,,
524939,2011/12,2012-01-17,"Brisbane Cricket Ground, Woolloongabba",2,19.5,Sydney Thunder,Brisbane Heat,MR Day,SA Abbott,DT Christian,3,0,,,,,,,,,
524939,2011/12,2012-01-17,"Brisbane Cricket Ground, Woolloongabba",2,19.6,Sydney Thunder,Brisbane Heat,SA Abbott,MR Day,DT Christian,0,0,,,,,,,,,
