match_id,season,start_date,venue,innings,ball,batting_team,bowling_team,striker,non_striker,bowler,runs_off_bat,extras,wides,noballs,byes,legbyes,penalty,wicket_type,player_dismissed,other_wicket_type,other_player_dismissed
524922,2011/12,2011-12-23,Stadium Australia,1,0.1,Adelaide Strikers,Sydney Thunder,M Klinger,DJ Harris,LA Doran,0,0,,,,,,,,,
524922,2011/12,2011-12-23,Stadium Australia,1,0.2,Adelaide Strikers,Sydney Thunder,M Klinger,DJ Harris,LA Doran,1,0,,,,,,,,,
524922,2011/12,2011-12-23,Stadium Australia,1,0.3,Adelaide Strikers,Sydney Thunder,DJ Harris,M Klinger,LA Doran,0,0,,,,,,,,,
524922,2011/12,2011-12-23,Stadium Australia,1,0.4,Adelaide Strikers,Sydney Thunder,DJ Harris,M Klinger,LA Doran,2,0,,,,,,,,,
524922,2011/12,2011-12-23,Stadium Australia,1,0.5,Adelaide Strikers,Sydney Thunder,DJ Harris,M Klinger,LA Doran,0,0,,,,,,,,,
524922,2011/12,2011-12-23,Stadium Australia,1,0.6,Adelaide Strikers,Sydney Thunder,DJ Harris,M Klinger,LA Doran,1,0,,,,,,,,,
524922,2011/12,2011-12-23,Stadium Australia,1,1.1,Adelaide Strikers,Sydney Thunder,DJ Harris,M Klinger,FH Edwards,0,0,,,,,,,,,
524922,2011/12,2011-12-23,Stadium Australia,1,1.2,Adelaide Strikers,Sydney Thunder,DJ Harris,M Klinger,FH Edwards,0,0,,,,,,,,,
524922,2011/12,2011-12-23,Stadium Australia,1,1.3,Adelaide Strikers,Sydney Thunder,DJ Harris,M Klinger,FH Edwards,3,0,,,,,,,,,
524922,2011/12,2011-12-23,Stadium Australia,1,1.4,Adelaide Strikers,Sydney Thunder,M Klinger,DJ Harris,FH Edwards,1,0,,,,,,,,,
524922,2011/12,2011-12-23,Stadium Australia,1,1.5,Adelaide Strikers,Sydney Thunder,DJ Harris,M Klinger,FH Edwards,6,0,,,,,,,,,
524922,2011/12,2011-12-23,Stadium Australia,1,1.6,Adelaide Strikers,Sydney Thunder,DJ Harris,M Klinger,FH Edwards,1,0,,,,,,,,,
524922,2011/12,2011-12-23,Stadium Australia,1,2.1,Adelaide Strikers,Sydney Thunder,DJ Harris,M Klinger,LA Doran,1,0,,,,,,,,,
524922,2011/12,2011-12-23,Stadium Australia,1,2.2,Adelaide Strikers,Sydney Thunder,M Klinger,DJ Harris,LA Doran,0,0,,,,,,,,,
524922,2011/12,2011-12-23,Stadium Australia,1,2.3,Adelaide Strikers,Sydney Thunder,M Klinger,DJ Harris,LA Doran,4,0,,,,,,,,,
524922,2011/12,2011-12-23,Stadium Australia,1,2.4,Adelaide Strikers,Sydney Thunder,M Klinger,DJ Harris,LA Doran,0,0,,,,,,,,,
524922,2011/12,2011-12-23,Stadium Australia,1,2.5,Adelaide Strikers,Sydney Thunder,M Klinger,DJ Harris,LA Doran,0,0,,,,,,caught,M Klinger,,
524922,2011/12,2011-12-23,Stadium Australia,1,2.6,Adelaide Strikers,Sydney Thunder,DJ Harris,AC Blizzard,LA Doran,1,0,,,,,,,,,
524922,2011/12,2011-12-23,Stadium Australia,1,3.1,Adelaide Strikers,Sydney Thunder,DJ Harris,AC Blizzard,CH Gayle,2,0,,,,,,,,,
524922,2011/12,2011-12-23,Stadium Australia,1,3.2,Adelaide Strikers,Sydney Thunder,DJ Harris,AC Blizzard,CH Gayle,1,0,,,,,,,,,
524922,2011/12,2011-12-23,Stadium Australia,1,3.3,Adelaide Strikers,Sydney Thunder,AC Blizzard,DJ Harris,CH Gayle,2,0,,,,,,,,,
524922,2011/12,2011-12-23,Stadium Australia,1,3.4,Adelaide Strikers,Sydney Thunder,AC Blizzard,DJ Harris,CH Gayle,4,0,,,,,,,,,
524922,2011/12,2011-12-23,Stadium Australia,1,3.5,Adelaide Strikers,Sydney Thunder,AC Blizzard,DJ Harris,CH Gayle,0,0,,,,,,,,,
524922,2011/12,2011-12-23,Stadium Australia,1,3.6,Adelaide Strikers,Sydney Thunder,AC Blizzard,DJ Harris,CH Gayle,0,0,,,,,,,,,
524922,2011/12,2011-12-23,Stadium Australia,1,4.1,Adelaide Strikers,Sydney Thunder,DJ Harris,AC Blizzard,DE Bollinger,0,1,,,,1,,,,,
524922,2011/12,2011-12-23,Stadium Australia,1,4.2,Adelaide Strikers,Sydney Thunder,AC Blizzard,DJ Harris,DE Bollinger,2,0,,,,,,,,,
524922,2011/12,2011-12-23,Stadium Australia,1,4.3,Adelaide Strikers,Sydney Thunder,AC Blizzard,DJ Harris,DE Bollinger,4,0,,,,,,,,,
524922,2011/12,2011-12-23,Stadium Australia,1,4.4,Adelaide Strikers,Sydney Thunder,AC Blizzard,DJ Harris,DE Bollinger,2,0,,,,,,,,,
524922,2011/12,2011-12-23,Stadium Australia,1,4.5,Adelaide Strikers,Sydney Thunder,AC Blizzard,DJ Harris,DE Bollinger,0,0,,,,,,,,,
524922,2011/12,2011-12-23,Stadium Australia,1,4.6,Adelaide Strikers,Sydney Thunder,AC Blizzard,DJ Harris,DE Bollinger,1,0,,,,,,,,,
524922,2011/12,2011-12-23,Stadium Australia,1,5.1,Adelaide Strikers,Sydney Thunder,AC Blizzard,DJ Harris,SJ Coyte (2),0,0,,,,,,,,,
524922,2011/12,2011-12-23,Stadium Australia,1,5.2,Adelaide Strikers,Sydney Thunder,AC Blizzard,DJ Harris,SJ Coyte (2),1,0,,,,,,,,,
524922,2011/12,2011-12-23,Stadium Australia,1,5.3,Adelaide Strikers,Sydney Thunder,DJ Harris,AC Blizzard,SJ Coyte (2),1,0,,,,,,,,,
524922,2011/12,2011-12-23,Stadium Australia,1,5.4,Adelaide Strikers,Sydney Thunder,AC Blizzard,DJ Harris,SJ Coyte (2),4,0,,,,,,,,,
524922,2011/12,2011-12-23,Stadium Australia,1,5.5,Adelaide Strikers,Sydney Thunder,AC Blizzard,DJ Harris,SJ Coyte (2),0,0,,,,,,caught,AC Blizzard,,
524922,2011/12,2011-12-23,Stadium Australia,1,5.6,Adelaide Strikers,Sydney Thunder,DJ Harris,CJ Ferguson,SJ Coyte (2),0,0,,,,,,,,,
524922,2011/12,2011-12-23,Stadium Australia,1,6.1,Adelaide Strikers,Sydney Thunder,CJ Ferguson,DJ Harris,FH Edwards,1,0,,,,,,,,,
524922,2011/12,2011-12-23,Stadium Australia,1,6.2,Adelaide Strikers,Sydney Thunder,DJ Harris,CJ Ferguson,FH Edwards,0,0,,,,,,caught,DJ Harris,,
524922,2011/12,2011-12-23,Stadium Australia,1,6.3,Adelaide Strikers,Sydney Thunder,CJ Borgas,CJ Ferguson,FH Edwards,0,0,,,,,,,,,
524922,2011/12,2011-12-23,Stadium Australia,1,6.4,Adelaide Strikers,Sydney Thunder,CJ Borgas,CJ Ferguson,FH Edwards,0,0,,,,,,,,,
524922,2011/12,2011-12-23,Stadium Australia,1,6.5,Adelaide Strikers,Sydney Thunder,CJ Borgas,CJ Ferguson,FH Edwards,0,1,,,,1,,,,,
524922,2011/12,2011-12-23,Stadium Australia,1,6.6,Adelaide Strikers,Sydney Thunder,CJ Ferguson,CJ Borgas,FH Edwards,0,0,,,,,,,,,
524922,2011/12,2011-12-23,Stadium Australia,1,7.1,Adelaide Strikers,Sydney Thunder,CJ Borgas,CJ Ferguson,SJ Coyte (2),1,0,,,,,,,,,
524922,2011/12,2011-12-23,Stadium Australia,1,7.2,Adelaide Strikers,Sydney Thunder,CJ Ferguson,CJ Borgas,SJ Coyte (2),0,0,,,,,,,,,
524922,2011/12,2011-12-23,Stadium Australia,1,7.3,Adelaide Strikers,Sydney Thunder,CJ Ferguson,CJ Borgas,SJ Coyte (2),1,0,,,,,,,,,
524922,2011/12,2011-12-23,Stadium Australia,1,7.4,Adelaide Strikers,Sydney Thunder,CJ Borgas,CJ Ferguson,SJ Coyte (2),0,0,,,,,,,,,
524922,2011/12,2011-12-23,Stadium Australia,1,7.5,Adelaide Strikers,Sydney Thunder,CJ Borgas,CJ Ferguson,SJ Coyte (2),0,0,,,,,,,,,
524922,2011/12,2011-12-23,Stadium Australia,1,7.6,Adelaide Strikers,Sydney Thunder,CJ Borgas,CJ Ferguson,SJ Coyte (2),1,0,,,,,,,,,
524922,2011/12,2011-12-23,Stadium Australia,1,8.1,Adelaide Strikers,Sydney Thunder,CJ Borgas,CJ Ferguson,SA Abbott,1,0,,,,,,,,,
524922,2011/12,2011-12-23,Stadium Australia,1,8.2,Adelaide Strikers,Sydney Thunder,CJ Ferguson,CJ Borgas,SA Abbott,0,0,,,,,,caught,CJ Ferguson,,
524922,2011/12,2011-12-23,Stadium Australia,1,8.3,Adelaide Strikers,Sydney Thunder,CJ Borgas,J Botha,SA Abbott,1,0,,,,,,,,,
524922,2011/12,2011-12-23,Stadium Australia,1,8.4,Adelaide Strikers,Sydney Thunder,J Botha,CJ Borgas,SA Abbott,1,0,,,,,,,,,
524922,2011/12,2011-12-23,Stadium Australia,1,8.5,Adelaide Strikers,Sydney Thunder,CJ Borgas,J Botha,SA Abbott,0,0,,,,,,,,,
524922,2011/12,2011-12-23,Stadium Australia,1,8.6,Adelaide Strikers,Sydney Thunder,CJ Borgas,J Botha,SA Abbott,0,0,,,,,,,,,
524922,2011/12,2011-12-23,Stadium Australia,1,9.1,Adelaide Strikers,Sydney Thunder,J Botha,CJ Borgas,DE Bollinger,0,0,,,,,,,,,
524922,2011/12,2011-12-23,Stadium Australia,1,9.2,Adelaide Strikers,Sydney Thunder,J Botha,CJ Borgas,DE Bollinger,1,0,,,,,,,,,
524922,2011/12,2011-12-23,Stadium Australia,1,9.3,Adelaide Strikers,Sydney Thunder,CJ Borgas,J Botha,DE Bollinger,1,0,,,,,,,,,
524922,2011/12,2011-12-23,Stadium Australia,1,9.4,Adelaide Strikers,Sydney Thunder,J Botha,CJ Borgas,DE Bollinger,0,0,,,,,,,,,
524922,2011/12,2011-12-23,Stadium Australia,1,9.5,Adelaide Strikers,Sydney Thunder,J Botha,CJ Borgas,DE Bollinger,4,0,,,,,,,,,
524922,2011/12,2011-12-23,Stadium Australia,1,9.6,Adelaide Strikers,Sydney Thunder,J Botha,CJ Borgas,DE Bollinger,1,0,,,,,,,,,
524922,2011/12,2011-12-23,Stadium Australia,1,10.1,Adelaide Strikers,Sydney Thunder,J Botha,CJ Borgas,LA Doran,2,0,,,,,,,,,
524922,2011/12,2011-12-23,Stadium Australia,1,10.2,Adelaide Strikers,Sydney Thunder,J Botha,CJ Borgas,LA Doran,1,0,,,,,,,,,
524922,2011/12,2011-12-23,Stadium Australia,1,10.3,Adelaide Strikers,Sydney Thunder,CJ Borgas,J Botha,LA Doran,1,0,,,,,,,,,
524922,2011/12,2011-12-23,Stadium Australia,1,10.4,Adelaide Strikers,Sydney Thunder,J Botha,CJ Borgas,LA Doran,1,0,,,,,,,,,
524922,2011/12,2011-12-23,Stadium Australia,1,10.5,Adelaide Strikers,Sydney Thunder,CJ Borgas,J Botha,LA Doran,2,0,,,,,,,,,
524922,2011/12,2011-12-23,Stadium Australia,1,10.6,Adelaide Strikers,Sydney Thunder,CJ Borgas,J Botha,LA Doran,2,0,,,,,,,,,
524922,2011/12,2011-12-23,Stadium Australia,1,11.1,Adelaide Strikers,Sydney Thunder,J Botha,CJ Borgas,SA Abbott,0,0,,,,,,,,,
524922,2011/12,2011-12-23,Stadium Australia,1,11.2,Adelaide Strikers,Sydney Thunder,J Botha,CJ Borgas,SA Abbott,0,0,,,,,,,,,
524922,2011/12,2011-12-23,Stadium Australia,1,11.3,Adelaide Strikers,Sydney Thunder,J Botha,CJ Borgas,SA Abbott,1,0,,,,,,,,,
524922,2011/12,2011-12-23,Stadium Australia,1,11.4,Adelaide Strikers,Sydney Thunder,CJ Borgas,J Botha,SA Abbott,1,0,,,,,,,,,
524922,2011/12,2011-12-23,Stadium Australia,1,11.5,Adelaide Strikers,Sydney Thunder,J Botha,CJ Borgas,SA Abbott,1,0,,,,,,,,,
524922,2011/12,2011-12-23,Stadium Australia,1,11.6,Adelaide Strikers,Sydney Thunder,CJ Borgas,J Botha,SA Abbott,1,0,,,,,,,,,
524922,2011/12,2011-12-23,Stadium Australia,1,12.1,Adelaide Strikers,Sydney Thunder,CJ Borgas,J Botha,LA Doran,1,0,,,,,,,,,
524922,2011/12,2011-12-23,Stadium Australia,1,12.2,Adelaide Strikers,Sydney Thunder,J Botha,CJ Borgas,LA Doran,1,0,,,,,,,,,
524922,2011/12,2011-12-23,Stadium Australia,1,12.3,Adelaide Strikers,Sydney Thunder,CJ Borgas,J Botha,LA Doran,1,0,,,,,,,,,
524922,2011/12,2011-12-23,Stadium Australia,1,12.4,Adelaide Strikers,Sydney Thunder,J Botha,CJ Borgas,LA Doran,1,0,,,,,,,,,
524922,2011/12,2011-12-23,Stadium Australia,1,12.5,Adelaide Strikers,Sydney Thunder,CJ Borgas,J Botha,LA Doran,1,0,,,,,,,,,
524922,2011/12,2011-12-23,Stadium Australia,1,12.6,Adelaide Strikers,Sydney Thunder,J Botha,CJ Borgas,LA Doran,1,0,,,,,,,,,
524922,2011/12,2011-12-23,Stadium Australia,1,13.1,Adelaide Strikers,Sydney Thunder,J Botha,CJ Borgas,SA Abbott,4,0,,,,,,,,,
524922,2011/12,2011-12-23,Stadium Australia,1,13.2,Adelaide Strikers,Sydney Thunder,J Botha,CJ Borgas,SA Abbott,0,0,,,,,,,,,
524922,2011/12,2011-12-23,Stadium Australia,1,13.3,Adelaide Strikers,Sydney Thunder,J Botha,CJ Borgas,SA Abbott,0,0,,,,,,,,,
524922,2011/12,2011-12-23,Stadium Australia,1,13.4,Adelaide Strikers,Sydney Thunder,J Botha,CJ Borgas,SA Abbott,1,0,,,,,,,,,
524922,2011/12,2011-12-23,Stadium Australia,1,13.5,Adelaide Strikers,Sydney Thunder,CJ Borgas,J Botha,SA Abbott,0,0,,,,,,,,,
524922,2011/12,2011-12-23,Stadium Australia,1,13.6,Adelaide Strikers,Sydney Thunder,CJ Borgas,J Botha,SA Abbott,2,0,,,,,,,,,
524922,2011/12,2011-12-23,Stadium Australia,1,14.1,Adelaide Strikers,Sydney Thunder,J Botha,CJ Borgas,DE Bollinger,0,0,,,,,,,,,
524922,2011/12,2011-12-23,Stadium Australia,1,14.2,Adelaide Strikers,Sydney Thunder,J Botha,CJ Borgas,DE Bollinger,1,0,,,,,,,,,
524922,2011/12,2011-12-23,Stadium Australia,1,14.3,Adelaide Strikers,Sydney Thunder,CJ Borgas,J Botha,DE Bollinger,4,0,,,,,,,,,
524922,2011/12,2011-12-23,Stadium Australia,1,14.4,Adelaide Strikers,Sydney Thunder,CJ Borgas,J Botha,DE Bollinger,1,0,,,,,,,,,
524922,2011/12,2011-12-23,Stadium Australia,1,14.5,Adelaide Strikers,Sydney Thunder,J Botha,CJ Borgas,DE Bollinger,4,0,,,,,,,,,
524922,2011/12,2011-12-23,Stadium Australia,1,14.6,Adelaide Strikers,Sydney Thunder,J Botha,CJ Borgas,DE Bollinger,1,0,,,,,,,,,
524922,2011/12,2011-12-23,Stadium Australia,1,15.1,Adelaide Strikers,Sydney Thunder,J Botha,CJ Borgas,SA Abbott,1,0,,,,,,,,,
524922,2011/12,2011-12-23,Stadium Australia,1,15.2,Adelaide Strikers,Sydney Thunder,CJ Borgas,J Botha,SA Abbott,2,0,,,,,,,,,
524922,2011/12,2011-12-23,Stadium Australia,1,15.3,Adelaide Strikers,Sydney Thunder,CJ Borgas,J Botha,SA Abbott,0,0,,,,,,caught,CJ Borgas,,
524922,2011/12,2011-12-23,Stadium Australia,1,15.4,Adelaide Strikers,Sydney Thunder,AJ Crosthwaite,J Botha,SA Abbott,1,0,,,,,,,,,
524922,2011/12,2011-12-23,Stadium Australia,1,15.5,Adelaide Strikers,Sydney Thunder,J Botha,AJ Crosthwaite,SA Abbott,1,0,,,,,,,,,
524922,2011/12,2011-12-23,Stadium Australia,1,15.6,Adelaide Strikers,Sydney Thunder,AJ Crosthwaite,J Botha,SA Abbott,1,0,,,,,,,,,
524922,2011/12,2011-12-23,Stadium Australia,1,16.1,Adelaide Strikers,Sydney Thunder,AJ Crosthwaite,J Botha,FH Edwards,0,0,,,,,,,,,
524922,2011/12,2011-12-23,Stadium Australia,1,16.2,Adelaide Strikers,Sydney Thunder,AJ Crosthwaite,J Botha,FH Edwards,4,0,,,,,,,,,
524922,2011/12,2011-12-23,Stadium Australia,1,16.3,Adelaide Strikers,Sydney Thunder,AJ Crosthwaite,J Botha,FH Edwards,0,1,,,,1,,,,,
524922,2011/12,2011-12-23,Stadium Australia,1,16.4,Adelaide Strikers,Sydney Thunder,J Botha,AJ Crosthwaite,FH Edwards,1,0,,,,,,,,,
524922,2011/12,2011-12-23,Stadium Australia,1,16.5,Adelaide Strikers,Sydney Thunder,AJ Crosthwaite,J Botha,FH Edwards,0,0,,,,,,,,,
524922,2011/12,2011-12-23,Stadium Australia,1,16.6,Adelaide Strikers,Sydney Thunder,AJ Crosthwaite,J Botha,FH Edwards,4,0,,,,,,,,,
524922,2011/12,2011-12-23,Stadium Australia,1,17.1,Adelaide Strikers,Sydney Thunder,J Botha,AJ Crosthwaite,SJ Coyte (2),1,0,,,,,,,,,
524922,2011/12,2011-12-23,Stadium Australia,1,17.2,Adelaide Strikers,Sydney Thunder,AJ Crosthwaite,J Botha,SJ Coyte (2),4,0,,,,,,,,,
524922,2011/12,2011-12-23,Stadium Australia,1,17.3,Adelaide Strikers,Sydney Thunder,AJ Crosthwaite,J Botha,SJ Coyte (2),0,0,,,,,,,,,
524922,2011/12,2011-12-23,Stadium Australia,1,17.4,Adelaide Strikers,Sydney Thunder,AJ Crosthwaite,J Botha,SJ Coyte (2),2,0,,,,,,,,,
524922,2011/12,2011-12-23,Stadium Australia,1,17.5,Adelaide Strikers,Sydney Thunder,AJ Crosthwaite,J Botha,SJ Coyte (2),2,0,,,,,,,,,
524922,2011/12,2011-12-23,Stadium Australia,1,17.6,Adelaide Strikers,Sydney Thunder,AJ Crosthwaite,J Botha,SJ Coyte (2),0,0,,,,,,,,,
524922,2011/12,2011-12-23,Stadium Australia,1,18.1,Adelaide Strikers,Sydney Thunder,J Botha,AJ Crosthwaite,FH Edwards,2,0,,,,,,,,,
524922,2011/12,2011-12-23,Stadium Australia,1,18.2,Adelaide Strikers,Sydney Thunder,J Botha,AJ Crosthwaite,FH Edwards,4,0,,,,,,,,,
524922,2011/12,2011-12-23,Stadium Australia,1,18.3,Adelaide Strikers,Sydney Thunder,J Botha,AJ Crosthwaite,FH Edwards,0,0,,,,,,run out,AJ Crosthwaite,,
524922,2011/12,2011-12-23,Stadium Australia,1,18.4,Adelaide Strikers,Sydney Thunder,J Botha,KW Richardson,FH Edwards,4,0,,,,,,,,,
524922,2011/12,2011-12-23,Stadium Australia,1,18.5,Adelaide Strikers,Sydney Thunder,J Botha,KW Richardson,FH Edwards,0,0,,,,,,caught,J Botha,,
524922,2011/12,2011-12-23,Stadium Australia,1,18.6,Adelaide Strikers,Sydney Thunder,KW Richardson,AW O'Brien,FH Edwards,4,0,,,,,,,,,
524922,2011/12,2011-12-23,Stadium Australia,1,19.1,Adelaide Strikers,Sydney Thunder,AW O'Brien,KW Richardson,SJ Coyte (2),1,0,,,,,,,,,
524922,2011/12,2011-12-23,Stadium Australia,1,19.2,Adelaide Strikers,Sydney Thunder,KW Richardson,AW O'Brien,SJ Coyte (2),0,1,,,1,,,,,,
524922,2011/12,2011-12-23,Stadium Australia,1,19.3,Adelaide Strikers,Sydney Thunder,AW O'Brien,KW Richardson,SJ Coyte (2),4,0,,,,,,,,,
524922,2011/12,2011-12-23,Stadium Australia,1,19.4,Adelaide Strikers,Sydney Thunder,AW O'Brien,KW Richardson,SJ Coyte (2),1,0,,,,,,,,,
524922,2011/12,2011-12-23,Stadium Australia,1,19.5,Adelaide Strikers,Sydney Thunder,KW Richardson,AW O'Brien,SJ Coyte (2),0,3,3,,,,,,,,
524922,2011/12,2011-12-23,Stadium Australia,1,19.6,Adelaide Strikers,Sydney Thunder,KW Richardson,AW O'Brien,SJ Coyte (2),0,1,,1,,,,,,,
524922,2011/12,2011-12-23,Stadium Australia,1,19.7,Adelaide Strikers,Sydney Thunder,KW Richardson,AW O'Brien,SJ Coyte (2),6,0,,,,,,,,,
524922,2011/12,2011-12-23,Stadium Australia,1,19.8,Adelaide Strikers,Sydney Thunder,KW Richardson,AW O'Brien,SJ Coyte (2),1,0,,,,,,run out,KW Richardson,,
524922,2011/12,2011-12-23,Stadium Australia,2,0.1,Sydney Thunder,Adelaide Strikers,DLR Smith,CH Gayle,AC Thomas,0,0,,,,,,,,,
524922,2011/12,2011-12-23,Stadium Australia,2,0.2,Sydney Thunder,Adelaide Strikers,DLR Smith,CH Gayle,AC Thomas,1,0,,,,,,,,,
524922,2011/12,2011-12-23,Stadium Australia,2,0.3,Sydney Thunder,Adelaide Strikers,CH Gayle,DLR Smith,AC Thomas,1,0,,,,,,,,,
524922,2011/12,2011-12-23,Stadium Australia,2,0.4,Sydney Thunder,Adelaide Strikers,DLR Smith,CH Gayle,AC Thomas,4,0,,,,,,,,,
524922,2011/12,2011-12-23,Stadium Australia,2,0.5,Sydney Thunder,Adelaide Strikers,DLR Smith,CH Gayle,AC Thomas,0,0,,,,,,,,,
524922,2011/12,2011-12-23,Stadium Australia,2,0.6,Sydney Thunder,Adelaide Strikers,DLR Smith,CH Gayle,AC Thomas,0,0,,,,,,,,,
524922,2011/12,2011-12-23,Stadium Australia,2,1.1,Sydney Thunder,Adelaide Strikers,CH Gayle,DLR Smith,J Botha,0,0,,,,,,,,,
524922,2011/12,2011-12-23,Stadium Australia,2,1.2,Sydney Thunder,Adelaide Strikers,CH Gayle,DLR Smith,J Botha,0,4,,,4,,,,,,
524922,2011/12,2011-12-23,Stadium Australia,2,1.3,Sydney Thunder,Adelaide Strikers,CH Gayle,DLR Smith,J Botha,0,0,,,,,,,,,
524922,2011/12,2011-12-23,Stadium Australia,2,1.4,Sydney Thunder,Adelaide Strikers,CH Gayle,DLR Smith,J Botha,0,0,,,,,,,,,
524922,2011/12,2011-12-23,Stadium Australia,2,1.5,Sydney Thunder,Adelaide Strikers,CH Gayle,DLR Smith,J Botha,0,1,,,,1,,,,,
524922,2011/12,2011-12-23,Stadium Australia,2,1.6,Sydney Thunder,Adelaide Strikers,DLR Smith,CH Gayle,J Botha,0,0,,,,,,,,,
524922,2011/12,2011-12-23,Stadium Australia,2,2.1,Sydney Thunder,Adelaide Strikers,CH Gayle,DLR Smith,KW Richardson,1,0,,,,,,,,,
524922,2011/12,2011-12-23,Stadium Australia,2,2.2,Sydney Thunder,Adelaide Strikers,DLR Smith,CH Gayle,KW Richardson,0,0,,,,,,,,,
524922,2011/12,2011-12-23,Stadium Australia,2,2.3,Sydney Thunder,Adelaide Strikers,DLR Smith,CH Gayle,KW Richardson,1,0,,,,,,,,,
524922,2011/12,2011-12-23,Stadium Australia,2,2.4,Sydney Thunder,Adelaide Strikers,CH Gayle,DLR Smith,KW Richardson,0,0,,,,,,,,,
524922,2011/12,2011-12-23,Stadium Australia,2,2.5,Sydney Thunder,Adelaide Strikers,CH Gayle,DLR Smith,KW Richardson,0,0,,,,,,,,,
524922,2011/12,2011-12-23,Stadium Australia,2,2.6,Sydney Thunder,Adelaide Strikers,CH Gayle,DLR Smith,KW Richardson,4,0,,,,,,,,,
524922,2011/12,2011-12-23,Stadium Australia,2,3.1,Sydney Thunder,Adelaide Strikers,DLR Smith,CH Gayle,AW O'Brien,0,0,,,,,,bowled,DLR Smith,,
524922,2011/12,2011-12-23,Stadium Australia,2,3.2,Sydney Thunder,Adelaide Strikers,UT Khawaja,CH Gayle,AW O'Brien,2,0,,,,,,,,,
524922,2011/12,2011-12-23,Stadium Australia,2,3.3,Sydney Thunder,Adelaide Strikers,UT Khawaja,CH Gayle,AW O'Brien,1,0,,,,,,,,,
524922,2011/12,2011-12-23,Stadium Australia,2,3.4,Sydney Thunder,Adelaide Strikers,CH Gayle,UT Khawaja,AW O'Brien,1,0,,,,,,,,,
524922,2011/12,2011-12-23,Stadium Australia,2,3.5,Sydney Thunder,Adelaide Strikers,UT Khawaja,CH Gayle,AW O'Brien,0,0,,,,,,,,,
524922,2011/12,2011-12-23,Stadium Australia,2,3.6,Sydney Thunder,Adelaide Strikers,UT Khawaja,CH Gayle,AW O'Brien,1,0,,,,,,,,,
524922,2011/12,2011-12-23,Stadium Australia,2,4.1,Sydney Thunder,Adelaide Strikers,UT Khawaja,CH Gayle,KW Richardson,0,0,,,,,,,,,
524922,2011/12,2011-12-23,Stadium Australia,2,4.2,Sydney Thunder,Adelaide Strikers,UT Khawaja,CH Gayle,KW Richardson,2,0,,,,,,,,,
524922,2011/12,2011-12-23,Stadium Australia,2,4.3,Sydney Thunder,Adelaide Strikers,UT Khawaja,CH Gayle,KW Richardson,1,0,,,,,,,,,
524922,2011/12,2011-12-23,Stadium Australia,2,4.4,Sydney Thunder,Adelaide Strikers,CH Gayle,UT Khawaja,KW Richardson,4,0,,,,,,,,,
524922,2011/12,2011-12-23,Stadium Australia,2,4.5,Sydney Thunder,Adelaide Strikers,CH Gayle,UT Khawaja,KW Richardson,6,0,,,,,,,,,
524922,2011/12,2011-12-23,Stadium Australia,2,4.6,Sydney Thunder,Adelaide Strikers,CH Gayle,UT Khawaja,KW Richardson,1,0,,,,,,,,,
524922,2011/12,2011-12-23,Stadium Australia,2,5.1,Sydney Thunder,Adelaide Strikers,CH Gayle,UT Khawaja,J Botha,1,0,,,,,,,,,
524922,2011/12,2011-12-23,Stadium Australia,2,5.2,Sydney Thunder,Adelaide Strikers,UT Khawaja,CH Gayle,J Botha,4,0,,,,,,,,,
524922,2011/12,2011-12-23,Stadium Australia,2,5.3,Sydney Thunder,Adelaide Strikers,UT Khawaja,CH Gayle,J Botha,0,0,,,,,,,,,
524922,2011/12,2011-12-23,Stadium Australia,2,5.4,Sydney Thunder,Adelaide Strikers,UT Khawaja,CH Gayle,J Botha,1,0,,,,,,,,,
524922,2011/12,2011-12-23,Stadium Australia,2,5.5,Sydney Thunder,Adelaide Strikers,CH Gayle,UT Khawaja,J Botha,4,0,,,,,,,,,
524922,2011/12,2011-12-23,Stadium Australia,2,5.6,Sydney Thunder,Adelaide Strikers,CH Gayle,UT Khawaja,J Botha,1,0,,,,,,,,,
524922,2011/12,2011-12-23,Stadium Australia,2,6.1,Sydney Thunder,Adelaide Strikers,CH Gayle,UT Khawaja,AC Thomas,6,0,,,,,,,,,
524922,2011/12,2011-12-23,Stadium Australia,2,6.2,Sydney Thunder,Adelaide Strikers,CH Gayle,UT Khawaja,AC Thomas,0,0,,,,,,,,,
524922,2011/12,2011-12-23,Stadium Australia,2,6.3,Sydney Thunder,Adelaide Strikers,CH Gayle,UT Khawaja,AC Thomas,0,0,,,,,,,,,
524922,2011/12,2011-12-23,Stadium Australia,2,6.4,Sydney Thunder,Adelaide Strikers,CH Gayle,UT Khawaja,AC Thomas,0,0,,,,,,,,,
524922,2011/12,2011-12-23,Stadium Australia,2,6.5,Sydney Thunder,Adelaide Strikers,CH Gayle,UT Khawaja,AC Thomas,1,0,,,,,,,,,
524922,2011/12,2011-12-23,Stadium Australia,2,6.6,Sydney Thunder,Adelaide Strikers,UT Khawaja,CH Gayle,AC Thomas,1,0,,,,,,,,,
524922,2011/12,2011-12-23,Stadium Australia,2,7.1,Sydney Thunder,Adelaide Strikers,UT Khawaja,CH Gayle,BE McGain,1,0,,,,,,,,,
524922,2011/12,2011-12-23,Stadium Australia,2,7.2,Sydney Thunder,Adelaide Strikers,CH Gayle,UT Khawaja,BE McGain,0,0,,,,,,,,,
524922,2011/12,2011-12-23,Stadium Australia,2,7.3,Sydney Thunder,Adelaide Strikers,CH Gayle,UT Khawaja,BE McGain,6,0,,,,,,,,,
524922,2011/12,2011-12-23,Stadium Australia,2,7.4,Sydney Thunder,Adelaide Strikers,CH Gayle,UT Khawaja,BE McGain,1,0,,,,,,,,,
524922,2011/12,2011-12-23,Stadium Australia,2,7.5,Sydney Thunder,Adelaide Strikers,UT Khawaja,CH Gayle,BE McGain,0,0,,,,,,,,,
524922,2011/12,2011-12-23,Stadium Australia,2,7.6,Sydney Thunder,Adelaide Strikers,UT Khawaja,CH Gayle,BE McGain,0,0,,,,,,,,,
524922,2011/12,2011-12-23,Stadium Australia,2,8.1,Sydney Thunder,Adelaide Strikers,CH Gayle,UT Khawaja,AW O'Brien,0,0,,,,,,,,,
524922,2011/12,2011-12-23,Stadium Australia,2,8.2,Sydney Thunder,Adelaide Strikers,CH Gayle,UT Khawaja,AW O'Brien,1,0,,,,,,,,,
524922,2011/12,2011-12-23,Stadium Australia,2,8.3,Sydney Thunder,Adelaide Strikers,UT Khawaja,CH Gayle,AW O'Brien,1,0,,,,,,,,,
524922,2011/12,2011-12-23,Stadium Australia,2,8.4,Sydney Thunder,Adelaide Strikers,CH Gayle,UT Khawaja,AW O'Brien,6,0,,,,,,,,,
524922,2011/12,2011-12-23,Stadium Australia,2,8.5,Sydney Thunder,Adelaide Strikers,CH Gayle,UT Khawaja,AW O'Brien,1,0,,,,,,,,,
524922,2011/12,2011-12-23,Stadium Australia,2,8.6,Sydney Thunder,Adelaide Strikers,UT Khawaja,CH Gayle,AW O'Brien,0,0,,,,,,stumped,UT Khawaja,,
524922,2011/12,2011-12-23,Stadium Australia,2,9.1,Sydney Thunder,Adelaide Strikers,CH Gayle,BR Dunk,BE McGain,0,0,,,,,,,,,
524922,2011/12,2011-12-23,Stadium Australia,2,9.2,Sydney Thunder,Adelaide Strikers,CH Gayle,BR Dunk,BE McGain,6,0,,,,,,,,,
524922,2011/12,2011-12-23,Stadium Australia,2,9.3,Sydney Thunder,Adelaide Strikers,CH Gayle,BR Dunk,BE McGain,0,0,,,,,,,,,
524922,2011/12,2011-12-23,Stadium Australia,2,9.4,Sydney Thunder,Adelaide Strikers,CH Gayle,BR Dunk,BE McGain,6,0,,,,,,,,,
524922,2011/12,2011-12-23,Stadium Australia,2,9.5,Sydney Thunder,Adelaide Strikers,CH Gayle,BR Dunk,BE McGain,0,0,,,,,,,,,
524922,2011/12,2011-12-23,Stadium Australia,2,9.6,Sydney Thunder,Adelaide Strikers,CH Gayle,BR Dunk,BE McGain,1,0,,,,,,,,,
524922,2011/12,2011-12-23,Stadium Australia,2,10.1,Sydney Thunder,Adelaide Strikers,CH Gayle,BR Dunk,AW O'Brien,1,0,,,,,,,,,
524922,2011/12,2011-12-23,Stadium Australia,2,10.2,Sydney Thunder,Adelaide Strikers,BR Dunk,CH Gayle,AW O'Brien,0,0,,,,,,,,,
524922,2011/12,2011-12-23,Stadium Australia,2,10.3,Sydney Thunder,Adelaide Strikers,BR Dunk,CH Gayle,AW O'Brien,1,0,,,,,,,,,
524922,2011/12,2011-12-23,Stadium Australia,2,10.4,Sydney Thunder,Adelaide Strikers,CH Gayle,BR Dunk,AW O'Brien,0,0,,,,,,,,,
524922,2011/12,2011-12-23,Stadium Australia,2,10.5,Sydney Thunder,Adelaide Strikers,CH Gayle,BR Dunk,AW O'Brien,1,0,,,,,,,,,
524922,2011/12,2011-12-23,Stadium Australia,2,10.6,Sydney Thunder,Adelaide Strikers,BR Dunk,CH Gayle,AW O'Brien,0,0,,,,,,,,,
524922,2011/12,2011-12-23,Stadium Australia,2,11.1,Sydney Thunder,Adelaide Strikers,CH Gayle,BR Dunk,KW Richardson,1,0,,,,,,,,,
524922,2011/12,2011-12-23,Stadium Australia,2,11.2,Sydney Thunder,Adelaide Strikers,BR Dunk,CH Gayle,KW Richardson,0,0,,,,,,,,,
524922,2011/12,2011-12-23,Stadium Australia,2,11.3,Sydney Thunder,Adelaide Strikers,BR Dunk,CH Gayle,KW Richardson,0,0,,,,,,,,,
524922,2011/12,2011-12-23,Stadium Australia,2,11.4,Sydney Thunder,Adelaide Strikers,BR Dunk,CH Gayle,KW Richardson,0,0,,,,,,,,,
524922,2011/12,2011-12-23,Stadium Australia,2,11.5,Sydney Thunder,Adelaide Strikers,BR Dunk,CH Gayle,KW Richardson,1,0,,,,,,,,,
524922,2011/12,2011-12-23,Stadium Australia,2,11.6,Sydney Thunder,Adelaide Strikers,CH Gayle,BR Dunk,KW Richardson,0,0,,,,,,,,,
524922,2011/12,2011-12-23,Stadium Australia,2,12.1,Sydney Thunder,Adelaide Strikers,BR Dunk,CH Gayle,J Botha,0,0,,,,,,,,,
524922,2011/12,2011-12-23,Stadium Australia,2,12.2,Sydney Thunder,Adelaide Strikers,BR Dunk,CH Gayle,J Botha,6,0,,,,,,,,,
524922,2011/12,2011-12-23,Stadium Australia,2,12.3,Sydney Thunder,Adelaide Strikers,BR Dunk,CH Gayle,J Botha,0,0,,,,,,,,,
524922,2011/12,2011-12-23,Stadium Australia,2,12.4,Sydney Thunder,Adelaide Strikers,BR Dunk,CH Gayle,J Botha,0,0,,,,,,caught,BR Dunk,,
524922,2011/12,2011-12-23,Stadium Australia,2,12.5,Sydney Thunder,Adelaide Strikers,CA Philipson,CH Gayle,J Botha,1,0,,,,,,,,,
524922,2011/12,2011-12-23,Stadium Australia,2,12.6,Sydney Thunder,Adelaide Strikers,CH Gayle,CA Philipson,J Botha,1,0,,,,,,,,,
524922,2011/12,2011-12-23,Stadium Australia,2,13.1,Sydney Thunder,Adelaide Strikers,CH Gayle,CA Philipson,AC Thomas,1,0,,,,,,,,,
524922,2011/12,2011-12-23,Stadium Australia,2,13.2,Sydney Thunder,Adelaide Strikers,CA Philipson,CH Gayle,AC Thomas,0,0,,,,,,,,,
524922,2011/12,2011-12-23,Stadium Australia,2,13.3,Sydney Thunder,Adelaide Strikers,CA Philipson,CH Gayle,AC Thomas,0,0,,,,,,,,,
524922,2011/12,2011-12-23,Stadium Australia,2,13.4,Sydney Thunder,Adelaide Strikers,CA Philipson,CH Gayle,AC Thomas,0,0,,,,,,,,,
524922,2011/12,2011-12-23,Stadium Australia,2,13.5,Sydney Thunder,Adelaide Strikers,CA Philipson,CH Gayle,AC Thomas,0,0,,,,,,,,,
524922,2011/12,2011-12-23,Stadium Australia,2,13.6,Sydney Thunder,Adelaide Strikers,CA Philipson,CH Gayle,AC Thomas,1,0,,,,,,,,,
524922,2011/12,2011-12-23,Stadium Australia,2,14.1,Sydney Thunder,Adelaide Strikers,CA Philipson,CH Gayle,AW O'Brien,0,0,,,,,,,,,
524922,2011/12,2011-12-23,Stadium Australia,2,14.2,Sydney Thunder,Adelaide Strikers,CA Philipson,CH Gayle,AW O'Brien,0,0,,,,,,bowled,CA Philipson,,
524922,2011/12,2011-12-23,Stadium Australia,2,14.3,Sydney Thunder,Adelaide Strikers,JS Floros,CH Gayle,AW O'Brien,0,0,,,,,,,,,
524922,2011/12,2011-12-23,Stadium Australia,2,14.4,Sydney Thunder,Adelaide Strikers,JS Floros,CH Gayle,AW O'Brien,1,0,,,,,,,,,
524922,2011/12,2011-12-23,Stadium Australia,2,14.5,Sydney Thunder,Adelaide Strikers,CH Gayle,JS Floros,AW O'Brien,2,0,,,,,,,,,
524922,2011/12,2011-12-23,Stadium Australia,2,14.6,Sydney Thunder,Adelaide Strikers,CH Gayle,JS Floros,AW O'Brien,6,0,,,,,,,,,
524922,2011/12,2011-12-23,Stadium Australia,2,15.1,Sydney Thunder,Adelaide Strikers,JS Floros,CH Gayle,KW Richardson,0,0,,,,,,,,,
524922,2011/12,2011-12-23,Stadium Australia,2,15.2,Sydney Thunder,Adelaide Strikers,JS Floros,CH Gayle,KW Richardson,0,2,,,,2,,,,,
524922,2011/12,2011-12-23,Stadium Australia,2,15.3,Sydney Thunder,Adelaide Strikers,JS Floros,CH Gayle,KW Richardson,4,0,,,,,,,,,
524922,2011/12,2011-12-23,Stadium Australia,2,15.4,Sydney Thunder,Adelaide Strikers,JS Floros,CH Gayle,KW Richardson,4,0,,,,,,,,,
524922,2011/12,2011-12-23,Stadium Australia,2,15.5,Sydney Thunder,Adelaide Strikers,JS Floros,CH Gayle,KW Richardson,0,0,,,,,,,,,
524922,2011/12,2011-12-23,Stadium Australia,2,15.6,Sydney Thunder,Adelaide Strikers,JS Floros,CH Gayle,KW Richardson,1,0,,,,,,,,,
524922,2011/12,2011-12-23,Stadium Australia,2,16.1,Sydney Thunder,Adelaide Strikers,JS Floros,CH Gayle,CJ Borgas,1,0,,,,,,,,,
524922,2011/12,2011-12-23,Stadium Australia,2,16.2,Sydney Thunder,Adelaide Strikers,CH Gayle,JS Floros,CJ Borgas,6,0,,,,,,,,,
524922,2011/12,2011-12-23,Stadium Australia,2,16.3,Sydney Thunder,Adelaide Strikers,CH Gayle,JS Floros,CJ Borgas,6,0,,,,,,,,,
524922,2011/12,2011-12-23,Stadium Australia,2,16.4,Sydney Thunder,Adelaide Strikers,CH Gayle,JS Floros,CJ Borgas,6,0,,,,,,,,,
524922,2011/12,2011-12-23,Stadium Australia,2,16.5,Sydney Thunder,Adelaide Strikers,CH Gayle,JS Floros,CJ Borgas,0,0,,,,,,,,,
524922,2011/12,2011-12-23,Stadium Australia,2,16.6,Sydney Thunder,Adelaide Strikers,CH Gayle,JS Floros,CJ Borgas,1,0,,,,,,,,,
524922,2011/12,2011-12-23,Stadium Australia,2,17.1,Sydney Thunder,Adelaide Strikers,CH Gayle,JS Floros,AC Thomas,6,0,,,,,,,,,
524922,2011/12,2011-12-23,Stadium Australia,2,17.2,Sydney Thunder,Adelaide Strikers,CH Gayle,JS Floros,AC Thomas,1,0,,,,,,,,,
524922,2011/12,2011-12-23,Stadium Australia,2,17.3,Sydney Thunder,Adelaide Strikers,JS Floros,CH Gayle,AC Thomas,1,0,,,,,,,,,
524922,2011/12,2011-12-23,Stadium Australia,2,17.4,Sydney Thunder,Adelaide Strikers,CH Gayle,JS Floros,AC Thomas,1,0,,,,,,,,,
524922,2011/12,2011-12-23,Stadium Australia,2,17.5,Sydney Thunder,Adelaide Strikers,JS Floros,CH Gayle,AC Thomas,1,0,,,,,,,,,
524922,2011/12,2011-12-23,Stadium Australia,2,17.6,Sydney Thunder,Adelaide Strikers,CH Gayle,JS Floros,AC Thomas,1,0,,,,,,,,,
524922,2011/12,2011-12-23,Stadium Australia,2,18.1,Sydney Thunder,Adelaide Strikers,CH Gayle,JS Floros,J Botha,0,1,,,,1,,,,,
524922,2011/12,2011-12-23,Stadium Australia,2,18.2,Sydney Thunder,Adelaide Strikers,JS Floros,CH Gayle,J Botha,0,0,,,,,,,,,
524922,2011/12,2011-12-23,Stadium Australia,2,18.3,Sydney Thunder,Adelaide Strikers,JS Floros,CH Gayle,J Botha,4,0,,,,,,,,,
