version,2.1.0
info,balls_per_over,6
info,team,Hobart Hurricanes
info,team,Sydney Thunder
info,gender,male
info,season,2011/12
info,date,2012/01/01
info,event,Big Bash League
info,venue,Bellerive Oval
info,city,Hobart
info,toss_winner,Sydney Thunder
info,toss_decision,bat
info,player_of_match,Naved-ul-Hasan
info,umpire,IH Lock
info,umpire,RL Parry
info,tv_umpire,SJ Nogajski
info,match_referee,D Levens
info,winner,Hobart Hurricanes
info,winner_wickets,5
info,player,Hobart Hurricanes,JW Wells
info,player,Hobart Hurricanes,PA Jaques
info,player,Hobart Hurricanes,TR Birt
info,player,Hobart Hurricanes,OA Shah
info,player,Hobart Hurricanes,TIF Triffitt
info,player,Hobart Hurricanes,RJG Lockyear
info,player,Hobart Hurricanes,MJ Johnston
info,player,Hobart Hurricanes,JJ Krejza
info,player,Hobart Hurricanes,Naved-ul-Hasan
info,player,Hobart Hurricanes,XJ Doherty
info,player,Hobart Hurricanes,B Laughlin
info,player,Sydney Thunder,DLR Smith
info,player,Sydney Thunder,CH Gayle
info,player,Sydney Thunder,SA Abbott
info,player,Sydney Thunder,UT Khawaja
info,player,Sydney Thunder,BR Dunk
info,player,Sydney Thunder,JS Floros
info,player,Sydney Thunder,TD Cruickshank
info,player,Sydney Thunder,SJ Coyte (2)
info,player,Sydney Thunder,LR Butterworth
info,player,Sydney Thunder,FH Edwards
info,player,Sydney Thunder,LA Doran
info,registry,people,B Laughlin,b2a79f17
info,registry,people,BR Dunk,272d796e
info,registry,people,CH Gayle,db584dad
info,registry,people,D Levens,8fc718ea
info,registry,people,DLR Smith,0c5c3a87
info,registry,people,FH Edwards,a7c226e1
info,registry,people,IH Lock,a1b1e3c2
info,registry,people,JJ Krejza,047d9032
info,registry,people,JS Floros,79765f6f
info,registry,people,JW Wells,8bdac857
info,registry,people,LA Doran,f201593c
info,registry,people,LR Butterworth,ff6707cc
info,registry,people,MJ Johnston,db2114f1
info,registry,people,Naved-ul-Hasan,33f28243
info,registry,people,OA Shah,7bf96684
info,registry,people,PA Jaques,03252e44
info,registry,people,RJG Lockyear,c8e7c983
info,registry,people,RL Parry,86d151dc
info,registry,people,SA Abbott,1a2676c5
info,registry,people,SJ Coyte (2),36769c31
info,registry,people,SJ Nogajski,9b3f9323
info,registry,people,TD Cruickshank,c8d0314b
info,registry,people,TIF Triffitt,593513d5
info,registry,people,TR Birt,d2d4bb0a
info,registry,people,UT Khawaja,331ea488
info,registry,people,XJ Doherty,502b2c81
