version,2.1.0
info,balls_per_over,6
info,team,Perth Scorchers
info,team,Adelaide Strikers
info,gender,male
info,season,2012/13
info,date,2012/12/09
info,event,Big Bash League
info,venue,Western Australia Cricket Association Ground
info,city,Perth
info,toss_winner,Perth Scorchers
info,toss_decision,bat
info,player_of_match,PJ Hughes
info,umpire,IH Lock
info,umpire,P Wilson
info,tv_umpire,JD Ward
info,match_referee,RJ Evans (2)
info,winner,Adelaide Strikers
info,winner_wickets,6
info,player,Adelaide Strikers,M Klinger
info,player,Adelaide Strikers,PJ Hughes
info,player,Adelaide Strikers,CJ Ferguson
info,player,Adelaide Strikers,NJ Reardon
info,player,Adelaide Strikers,TP Doropoulos
info,player,Adelaide Strikers,J Botha
info,player,Adelaide Strikers,TP Ludeman
info,player,Adelaide Strikers,KW Richardson
info,player,Adelaide Strikers,NM Lyon
info,player,Adelaide Strikers,GD Putland
info,player,Adelaide Strikers,Saeed Ajmal
info,player,Perth Scorchers,SE Marsh
info,player,Perth Scorchers,HH Gibbs
info,player,Perth Scorchers,MEK Hussey
info,player,Perth Scorchers,AC Voges
info,player,Perth Scorchers,NM Coulter-Nile
info,player,Perth Scorchers,SM Katich
info,player,Perth Scorchers,TIF Triffitt
info,player,Perth Scorchers,JM Mennie
info,player,Perth Scorchers,GB Hogg
info,player,Perth Scorchers,MA Beer
info,player,Perth Scorchers,BM Edmondson
info,registry,people,AC Voges,864c199e
info,registry,people,BM Edmondson,b0b320a0
info,registry,people,CJ Ferguson,9b4935c8
info,registry,people,GB Hogg,f708a0bc
info,registry,people,GD Putland,9f54ae00
info,registry,people,HH Gibbs,e1d1b294
info,registry,people,IH Lock,a1b1e3c2
info,registry,people,J Botha,7c503806
info,registry,people,JD Ward,511299c1
info,registry,people,JM Mennie,f048bb41
info,registry,people,KW Richardson,dfc4d8b5
info,registry,people,M Klinger,b970a03f
info,registry,people,MA Beer,f60dc2a5
info,registry,people,MEK Hussey,48fd7349
info,registry,people,NJ Reardon,c7bdb5b5
info,registry,people,NM Coulter-Nile,56ab442f
info,registry,people,NM Lyon,96a6a7ad
info,registry,people,P Wilson,68304a36
info,registry,people,PJ Hughes,004c9e85
info,registry,people,RJ Evans (2),d5fc9e42
info,registry,people,SE Marsh,508a1ea7
info,registry,people,SM Katich,fdedb37c
info,registry,people,Saeed Ajmal,05d74535
info,registry,people,TIF Triffitt,593513d5
info,registry,people,TP Doropoulos,d87404b4
info,registry,people,TP Ludeman,c3f7898b
