match_id,season,start_date,venue,innings,ball,batting_team,bowling_team,striker,non_striker,bowler,runs_off_bat,extras,wides,noballs,byes,legbyes,penalty,wicket_type,player_dismissed,other_wicket_type,other_player_dismissed
571260,2012/13,2013-01-08,Melbourne Cricket Ground,1,0.1,Melbourne Stars,Sydney Thunder,RJ Quiney,LJ Wright,LA Doran,1,0,,,,,,,,,
571260,2012/13,2013-01-08,Melbourne Cricket Ground,1,0.2,Melbourne Stars,Sydney Thunder,LJ Wright,RJ Quiney,LA Doran,0,0,,,,,,,,,
571260,2012/13,2013-01-08,Melbourne Cricket Ground,1,0.3,Melbourne Stars,Sydney Thunder,LJ Wright,RJ Quiney,LA Doran,1,0,,,,,,,,,
571260,2012/13,2013-01-08,Melbourne Cricket Ground,1,0.4,Melbourne Stars,Sydney Thunder,RJ Quiney,LJ Wright,LA Doran,0,0,,,,,,,,,
571260,2012/13,2013-01-08,Melbourne Cricket Ground,1,0.5,Melbourne Stars,Sydney Thunder,RJ Quiney,LJ Wright,LA Doran,1,0,,,,,,,,,
571260,2012/13,2013-01-08,Melbourne Cricket Ground,1,0.6,Melbourne Stars,Sydney Thunder,LJ Wright,RJ Quiney,LA Doran,0,0,,,,,,,,,
571260,2012/13,2013-01-08,Melbourne Cricket Ground,1,1.1,Melbourne Stars,Sydney Thunder,RJ Quiney,LJ Wright,GS Sandhu,0,0,,,,,,,,,
571260,2012/13,2013-01-08,Melbourne Cricket Ground,1,1.2,Melbourne Stars,Sydney Thunder,RJ Quiney,LJ Wright,GS Sandhu,0,1,1,,,,,,,,
571260,2012/13,2013-01-08,Melbourne Cricket Ground,1,1.3,Melbourne Stars,Sydney Thunder,RJ Quiney,LJ Wright,GS Sandhu,4,0,,,,,,,,,
571260,2012/13,2013-01-08,Melbourne Cricket Ground,1,1.4,Melbourne Stars,Sydney Thunder,RJ Quiney,LJ Wright,GS Sandhu,1,0,,,,,,,,,
571260,2012/13,2013-01-08,Melbourne Cricket Ground,1,1.5,Melbourne Stars,Sydney Thunder,LJ Wright,RJ Quiney,GS Sandhu,0,0,,,,,,,,,
571260,2012/13,2013-01-08,Melbourne Cricket Ground,1,1.6,Melbourne Stars,Sydney Thunder,LJ Wright,RJ Quiney,GS Sandhu,1,0,,,,,,,,,
571260,2012/13,2013-01-08,Melbourne Cricket Ground,1,1.7,Melbourne Stars,Sydney Thunder,RJ Quiney,LJ Wright,GS Sandhu,0,1,1,,,,,,,,
571260,2012/13,2013-01-08,Melbourne Cricket Ground,1,1.8,Melbourne Stars,Sydney Thunder,RJ Quiney,LJ Wright,GS Sandhu,2,0,,,,,,,,,
571260,2012/13,2013-01-08,Melbourne Cricket Ground,1,2.1,Melbourne Stars,Sydney Thunder,LJ Wright,RJ Quiney,DP Nannes,0,0,,,,,,,,,
571260,2012/13,2013-01-08,Melbourne Cricket Ground,1,2.2,Melbourne Stars,Sydney Thunder,LJ Wright,RJ Quiney,DP Nannes,0,0,,,,,,,,,
571260,2012/13,2013-01-08,Melbourne Cricket Ground,1,2.3,Melbourne Stars,Sydney Thunder,LJ Wright,RJ Quiney,DP Nannes,4,0,,,,,,,,,
571260,2012/13,2013-01-08,Melbourne Cricket Ground,1,2.4,Melbourne Stars,Sydney Thunder,LJ Wright,RJ Quiney,DP Nannes,0,0,,,,,,run out,LJ Wright,,
571260,2012/13,2013-01-08,Melbourne Cricket Ground,1,2.5,Melbourne Stars,Sydney Thunder,RJ Quiney,BJ Hodge,DP Nannes,1,0,,,,,,,,,
571260,2012/13,2013-01-08,Melbourne Cricket Ground,1,2.6,Melbourne Stars,Sydney Thunder,BJ Hodge,RJ Quiney,DP Nannes,0,0,,,,,,,,,
571260,2012/13,2013-01-08,Melbourne Cricket Ground,1,3.1,Melbourne Stars,Sydney Thunder,RJ Quiney,BJ Hodge,GS Sandhu,1,0,,,,,,,,,
571260,2012/13,2013-01-08,Melbourne Cricket Ground,1,3.2,Melbourne Stars,Sydney Thunder,BJ Hodge,RJ Quiney,GS Sandhu,3,0,,,,,,,,,
571260,2012/13,2013-01-08,Melbourne Cricket Ground,1,3.3,Melbourne Stars,Sydney Thunder,RJ Quiney,BJ Hodge,GS Sandhu,1,0,,,,,,,,,
571260,2012/13,2013-01-08,Melbourne Cricket Ground,1,3.4,Melbourne Stars,Sydney Thunder,BJ Hodge,RJ Quiney,GS Sandhu,1,0,,,,,,,,,
571260,2012/13,2013-01-08,Melbourne Cricket Ground,1,3.5,Melbourne Stars,Sydney Thunder,RJ Quiney,BJ Hodge,GS Sandhu,0,0,,,,,,,,,
571260,2012/13,2013-01-08,Melbourne Cricket Ground,1,3.6,Melbourne Stars,Sydney Thunder,RJ Quiney,BJ Hodge,GS Sandhu,0,1,,,,1,,,,,
571260,2012/13,2013-01-08,Melbourne Cricket Ground,1,4.1,Melbourne Stars,Sydney Thunder,RJ Quiney,BJ Hodge,DP Nannes,1,0,,,,,,,,,
571260,2012/13,2013-01-08,Melbourne Cricket Ground,1,4.2,Melbourne Stars,Sydney Thunder,BJ Hodge,RJ Quiney,DP Nannes,0,0,,,,,,,,,
571260,2012/13,2013-01-08,Melbourne Cricket Ground,1,4.3,Melbourne Stars,Sydney Thunder,BJ Hodge,RJ Quiney,DP Nannes,0,0,,,,,,,,,
571260,2012/13,2013-01-08,Melbourne Cricket Ground,1,4.4,Melbourne Stars,Sydney Thunder,BJ Hodge,RJ Quiney,DP Nannes,1,0,,,,,,,,,
571260,2012/13,2013-01-08,Melbourne Cricket Ground,1,4.5,Melbourne Stars,Sydney Thunder,RJ Quiney,BJ Hodge,DP Nannes,0,0,,,,,,,,,
571260,2012/13,2013-01-08,Melbourne Cricket Ground,1,4.6,Melbourne Stars,Sydney Thunder,RJ Quiney,BJ Hodge,DP Nannes,1,0,,,,,,,,,
571260,2012/13,2013-01-08,Melbourne Cricket Ground,1,5.1,Melbourne Stars,Sydney Thunder,RJ Quiney,BJ Hodge,SA Abbott,4,0,,,,,,,,,
571260,2012/13,2013-01-08,Melbourne Cricket Ground,1,5.2,Melbourne Stars,Sydney Thunder,RJ Quiney,BJ Hodge,SA Abbott,4,0,,,,,,,,,
571260,2012/13,2013-01-08,Melbourne Cricket Ground,1,5.3,Melbourne Stars,Sydney Thunder,RJ Quiney,BJ Hodge,SA Abbott,0,0,,,,,,,,,
571260,2012/13,2013-01-08,Melbourne Cricket Ground,1,5.4,Melbourne Stars,Sydney Thunder,RJ Quiney,BJ Hodge,SA Abbott,0,0,,,,,,caught,RJ Quiney,,
571260,2012/13,2013-01-08,Melbourne Cricket Ground,1,5.5,Melbourne Stars,Sydney Thunder,BJ Hodge,DJ Hussey,SA Abbott,1,0,,,,,,,,,
571260,2012/13,2013-01-08,Melbourne Cricket Ground,1,5.6,Melbourne Stars,Sydney Thunder,DJ Hussey,BJ Hodge,SA Abbott,0,0,,,,,,,,,
571260,2012/13,2013-01-08,Melbourne Cricket Ground,1,6.1,Melbourne Stars,Sydney Thunder,BJ Hodge,DJ Hussey,LA Doran,4,0,,,,,,,,,
571260,2012/13,2013-01-08,Melbourne Cricket Ground,1,6.2,Melbourne Stars,Sydney Thunder,BJ Hodge,DJ Hussey,LA Doran,1,0,,,,,,,,,
571260,2012/13,2013-01-08,Melbourne Cricket Ground,1,6.3,Melbourne Stars,Sydney Thunder,DJ Hussey,BJ Hodge,LA Doran,2,0,,,,,,,,,
571260,2012/13,2013-01-08,Melbourne Cricket Ground,1,6.4,Melbourne Stars,Sydney Thunder,DJ Hussey,BJ Hodge,LA Doran,1,0,,,,,,,,,
571260,2012/13,2013-01-08,Melbourne Cricket Ground,1,6.5,Melbourne Stars,Sydney Thunder,BJ Hodge,DJ Hussey,LA Doran,1,0,,,,,,,,,
571260,2012/13,2013-01-08,Melbourne Cricket Ground,1,6.6,Melbourne Stars,Sydney Thunder,DJ Hussey,BJ Hodge,LA Doran,1,0,,,,,,,,,
571260,2012/13,2013-01-08,Melbourne Cricket Ground,1,7.1,Melbourne Stars,Sydney Thunder,DJ Hussey,BJ Hodge,A Zampa,2,0,,,,,,,,,
571260,2012/13,2013-01-08,Melbourne Cricket Ground,1,7.2,Melbourne Stars,Sydney Thunder,DJ Hussey,BJ Hodge,A Zampa,1,0,,,,,,,,,
571260,2012/13,2013-01-08,Melbourne Cricket Ground,1,7.3,Melbourne Stars,Sydney Thunder,BJ Hodge,DJ Hussey,A Zampa,1,0,,,,,,,,,
571260,2012/13,2013-01-08,Melbourne Cricket Ground,1,7.4,Melbourne Stars,Sydney Thunder,DJ Hussey,BJ Hodge,A Zampa,2,0,,,,,,,,,
571260,2012/13,2013-01-08,Melbourne Cricket Ground,1,7.5,Melbourne Stars,Sydney Thunder,DJ Hussey,BJ Hodge,A Zampa,1,0,,,,,,,,,
571260,2012/13,2013-01-08,Melbourne Cricket Ground,1,7.6,Melbourne Stars,Sydney Thunder,BJ Hodge,DJ Hussey,A Zampa,1,0,,,,,,,,,
571260,2012/13,2013-01-08,Melbourne Cricket Ground,1,8.1,Melbourne Stars,Sydney Thunder,BJ Hodge,DJ Hussey,SJC Keen,1,0,,,,,,,,,
571260,2012/13,2013-01-08,Melbourne Cricket Ground,1,8.2,Melbourne Stars,Sydney Thunder,DJ Hussey,BJ Hodge,SJC Keen,1,0,,,,,,,,,
571260,2012/13,2013-01-08,Melbourne Cricket Ground,1,8.3,Melbourne Stars,Sydney Thunder,BJ Hodge,DJ Hussey,SJC Keen,0,0,,,,,,,,,
571260,2012/13,2013-01-08,Melbourne Cricket Ground,1,8.4,Melbourne Stars,Sydney Thunder,BJ Hodge,DJ Hussey,SJC Keen,1,0,,,,,,,,,
571260,2012/13,2013-01-08,Melbourne Cricket Ground,1,8.5,Melbourne Stars,Sydney Thunder,DJ Hussey,BJ Hodge,SJC Keen,1,0,,,,,,,,,
571260,2012/13,2013-01-08,Melbourne Cricket Ground,1,8.6,Melbourne Stars,Sydney Thunder,BJ Hodge,DJ Hussey,SJC Keen,4,0,,,,,,,,,
571260,2012/13,2013-01-08,Melbourne Cricket Ground,1,9.1,Melbourne Stars,Sydney Thunder,DJ Hussey,BJ Hodge,SA Abbott,2,0,,,,,,,,,
571260,2012/13,2013-01-08,Melbourne Cricket Ground,1,9.2,Melbourne Stars,Sydney Thunder,DJ Hussey,BJ Hodge,SA Abbott,0,0,,,,,,,,,
571260,2012/13,2013-01-08,Melbourne Cricket Ground,1,9.3,Melbourne Stars,Sydney Thunder,DJ Hussey,BJ Hodge,SA Abbott,1,0,,,,,,,,,
571260,2012/13,2013-01-08,Melbourne Cricket Ground,1,9.4,Melbourne Stars,Sydney Thunder,BJ Hodge,DJ Hussey,SA Abbott,0,0,,,,,,,,,
571260,2012/13,2013-01-08,Melbourne Cricket Ground,1,9.5,Melbourne Stars,Sydney Thunder,BJ Hodge,DJ Hussey,SA Abbott,4,0,,,,,,,,,
571260,2012/13,2013-01-08,Melbourne Cricket Ground,1,9.6,Melbourne Stars,Sydney Thunder,BJ Hodge,DJ Hussey,SA Abbott,0,0,,,,,,,,,
571260,2012/13,2013-01-08,Melbourne Cricket Ground,1,10.1,Melbourne Stars,Sydney Thunder,DJ Hussey,BJ Hodge,A Zampa,2,0,,,,,,,,,
571260,2012/13,2013-01-08,Melbourne Cricket Ground,1,10.2,Melbourne Stars,Sydney Thunder,DJ Hussey,BJ Hodge,A Zampa,0,0,,,,,,,,,
571260,2012/13,2013-01-08,Melbourne Cricket Ground,1,10.3,Melbourne Stars,Sydney Thunder,DJ Hussey,BJ Hodge,A Zampa,1,0,,,,,,,,,
571260,2012/13,2013-01-08,Melbourne Cricket Ground,1,10.4,Melbourne Stars,Sydney Thunder,BJ Hodge,DJ Hussey,A Zampa,1,0,,,,,,,,,
571260,2012/13,2013-01-08,Melbourne Cricket Ground,1,10.5,Melbourne Stars,Sydney Thunder,DJ Hussey,BJ Hodge,A Zampa,0,1,,,,1,,,,,
571260,2012/13,2013-01-08,Melbourne Cricket Ground,1,10.6,Melbourne Stars,Sydney Thunder,BJ Hodge,DJ Hussey,A Zampa,2,0,,,,,,,,,
571260,2012/13,2013-01-08,Melbourne Cricket Ground,1,11.1,Melbourne Stars,Sydney Thunder,DJ Hussey,BJ Hodge,SJC Keen,1,1,,1,,,,,,,
571260,2012/13,2013-01-08,Melbourne Cricket Ground,1,11.2,Melbourne Stars,Sydney Thunder,BJ Hodge,DJ Hussey,SJC Keen,4,0,,,,,,,,,
571260,2012/13,2013-01-08,Melbourne Cricket Ground,1,11.3,Melbourne Stars,Sydney Thunder,BJ Hodge,DJ Hussey,SJC Keen,6,0,,,,,,,,,
571260,2012/13,2013-01-08,Melbourne Cricket Ground,1,11.4,Melbourne Stars,Sydney Thunder,BJ Hodge,DJ Hussey,SJC Keen,1,0,,,,,,,,,
571260,2012/13,2013-01-08,Melbourne Cricket Ground,1,11.5,Melbourne Stars,Sydney Thunder,DJ Hussey,BJ Hodge,SJC Keen,1,0,,,,,,,,,
571260,2012/13,2013-01-08,Melbourne Cricket Ground,1,11.6,Melbourne Stars,Sydney Thunder,BJ Hodge,DJ Hussey,SJC Keen,1,0,,,,,,,,,
571260,2012/13,2013-01-08,Melbourne Cricket Ground,1,11.7,Melbourne Stars,Sydney Thunder,DJ Hussey,BJ Hodge,SJC Keen,2,0,,,,,,,,,
571260,2012/13,2013-01-08,Melbourne Cricket Ground,1,12.1,Melbourne Stars,Sydney Thunder,BJ Hodge,DJ Hussey,DP Nannes,0,0,,,,,,bowled,BJ Hodge,,
571260,2012/13,2013-01-08,Melbourne Cricket Ground,1,12.2,Melbourne Stars,Sydney Thunder,GJ Maxwell,DJ Hussey,DP Nannes,1,0,,,,,,,,,
571260,2012/13,2013-01-08,Melbourne Cricket Ground,1,12.3,Melbourne Stars,Sydney Thunder,DJ Hussey,GJ Maxwell,DP Nannes,1,0,,,,,,,,,
571260,2012/13,2013-01-08,Melbourne Cricket Ground,1,12.4,Melbourne Stars,Sydney Thunder,GJ Maxwell,DJ Hussey,DP Nannes,1,0,,,,,,,,,
571260,2012/13,2013-01-08,Melbourne Cricket Ground,1,12.5,Melbourne Stars,Sydney Thunder,DJ Hussey,GJ Maxwell,DP Nannes,2,0,,,,,,,,,
571260,2012/13,2013-01-08,Melbourne Cricket Ground,1,12.6,Melbourne Stars,Sydney Thunder,DJ Hussey,GJ Maxwell,DP Nannes,0,1,,,1,,,,,,
571260,2012/13,2013-01-08,Melbourne Cricket Ground,1,13.1,Melbourne Stars,Sydney Thunder,DJ Hussey,GJ Maxwell,GS Sandhu,4,0,,,,,,,,,
571260,2012/13,2013-01-08,Melbourne Cricket Ground,1,13.2,Melbourne Stars,Sydney Thunder,DJ Hussey,GJ Maxwell,GS Sandhu,0,0,,,,,,,,,
571260,2012/13,2013-01-08,Melbourne Cricket Ground,1,13.3,Melbourne Stars,Sydney Thunder,DJ Hussey,GJ Maxwell,GS Sandhu,2,0,,,,,,,,,
571260,2012/13,2013-01-08,Melbourne Cricket Ground,1,13.4,Melbourne Stars,Sydney Thunder,DJ Hussey,GJ Maxwell,GS Sandhu,1,0,,,,,,,,,
571260,2012/13,2013-01-08,Melbourne Cricket Ground,1,13.5,Melbourne Stars,Sydney Thunder,GJ Maxwell,DJ Hussey,GS Sandhu,1,0,,,,,,,,,
571260,2012/13,2013-01-08,Melbourne Cricket Ground,1,13.6,Melbourne Stars,Sydney Thunder,DJ Hussey,GJ Maxwell,GS Sandhu,0,0,,,,,,caught,DJ Hussey,,
571260,2012/13,2013-01-08,Melbourne Cricket Ground,1,14.1,Melbourne Stars,Sydney Thunder,GJ Maxwell,CL White,SA Abbott,4,0,,,,,,,,,
571260,2012/13,2013-01-08,Melbourne Cricket Ground,1,14.2,Melbourne Stars,Sydney Thunder,GJ Maxwell,CL White,SA Abbott,0,0,,,,,,,,,
571260,2012/13,2013-01-08,Melbourne Cricket Ground,1,14.3,Melbourne Stars,Sydney Thunder,GJ Maxwell,CL White,SA Abbott,0,1,1,,,,,,,,
571260,2012/13,2013-01-08,Melbourne Cricket Ground,1,14.4,Melbourne Stars,Sydney Thunder,GJ Maxwell,CL White,SA Abbott,1,0,,,,,,,,,
571260,2012/13,2013-01-08,Melbourne Cricket Ground,1,14.5,Melbourne Stars,Sydney Thunder,CL White,GJ Maxwell,SA Abbott,1,0,,,,,,,,,
571260,2012/13,2013-01-08,Melbourne Cricket Ground,1,14.6,Melbourne Stars,Sydney Thunder,GJ Maxwell,CL White,SA Abbott,0,1,1,,,,,,,,
571260,2012/13,2013-01-08,Melbourne Cricket Ground,1,14.7,Melbourne Stars,Sydney Thunder,GJ Maxwell,CL White,SA Abbott,1,0,,,,,,,,,
571260,2012/13,2013-01-08,Melbourne Cricket Ground,1,14.8,Melbourne Stars,Sydney Thunder,CL White,GJ Maxwell,SA Abbott,1,0,,,,,,,,,
571260,2012/13,2013-01-08,Melbourne Cricket Ground,1,15.1,Melbourne Stars,Sydney Thunder,CL White,GJ Maxwell,GS Sandhu,1,0,,,,,,,,,
571260,2012/13,2013-01-08,Melbourne Cricket Ground,1,15.2,Melbourne Stars,Sydney Thunder,GJ Maxwell,CL White,GS Sandhu,4,0,,,,,,,,,
571260,2012/13,2013-01-08,Melbourne Cricket Ground,1,15.3,Melbourne Stars,Sydney Thunder,GJ Maxwell,CL White,GS Sandhu,4,0,,,,,,,,,
571260,2012/13,2013-01-08,Melbourne Cricket Ground,1,15.4,Melbourne Stars,Sydney Thunder,GJ Maxwell,CL White,GS Sandhu,0,0,,,,,,,,,
571260,2012/13,2013-01-08,Melbourne Cricket Ground,1,15.5,Melbourne Stars,Sydney Thunder,GJ Maxwell,CL White,GS Sandhu,0,0,,,,,,,,,
571260,2012/13,2013-01-08,Melbourne Cricket Ground,1,15.6,Melbourne Stars,Sydney Thunder,GJ Maxwell,CL White,GS Sandhu,0,0,,,,,,caught,GJ Maxwell,,
571260,2012/13,2013-01-08,Melbourne Cricket Ground,1,16.1,Melbourne Stars,Sydney Thunder,JP Faulkner,CL White,SA Abbott,1,0,,,,,,,,,
571260,2012/13,2013-01-08,Melbourne Cricket Ground,1,16.2,Melbourne Stars,Sydney Thunder,CL White,JP Faulkner,SA Abbott,1,0,,,,,,,,,
571260,2012/13,2013-01-08,Melbourne Cricket Ground,1,16.3,Melbourne Stars,Sydney Thunder,JP Faulkner,CL White,SA Abbott,0,0,,,,,,,,,
571260,2012/13,2013-01-08,Melbourne Cricket Ground,1,16.4,Melbourne Stars,Sydney Thunder,JP Faulkner,CL White,SA Abbott,1,0,,,,,,,,,
571260,2012/13,2013-01-08,Melbourne Cricket Ground,1,16.5,Melbourne Stars,Sydney Thunder,CL White,JP Faulkner,SA Abbott,1,0,,,,,,,,,
571260,2012/13,2013-01-08,Melbourne Cricket Ground,1,16.6,Melbourne Stars,Sydney Thunder,JP Faulkner,CL White,SA Abbott,1,0,,,,,,,,,
571260,2012/13,2013-01-08,Melbourne Cricket Ground,1,17.1,Melbourne Stars,Sydney Thunder,JP Faulkner,CL White,SJC Keen,1,0,,,,,,,,,
571260,2012/13,2013-01-08,Melbourne Cricket Ground,1,17.2,Melbourne Stars,Sydney Thunder,CL White,JP Faulkner,SJC Keen,0,0,,,,,,bowled,CL White,,
571260,2012/13,2013-01-08,Melbourne Cricket Ground,1,17.3,Melbourne Stars,Sydney Thunder,JW Hastings,JP Faulkner,SJC Keen,0,0,,,,,,,,,
571260,2012/13,2013-01-08,Melbourne Cricket Ground,1,17.4,Melbourne Stars,Sydney Thunder,JW Hastings,JP Faulkner,SJC Keen,0,0,,,,,,,,,
571260,2012/13,2013-01-08,Melbourne Cricket Ground,1,17.5,Melbourne Stars,Sydney Thunder,JW Hastings,JP Faulkner,SJC Keen,2,0,,,,,,,,,
571260,2012/13,2013-01-08,Melbourne Cricket Ground,1,17.6,Melbourne Stars,Sydney Thunder,JW Hastings,JP Faulkner,SJC Keen,0,0,,,,,,,,,
571260,2012/13,2013-01-08,Melbourne Cricket Ground,1,18.1,Melbourne Stars,Sydney Thunder,JP Faulkner,JW Hastings,DP Nannes,1,0,,,,,,,,,
571260,2012/13,2013-01-08,Melbourne Cricket Ground,1,18.2,Melbourne Stars,Sydney Thunder,JW Hastings,JP Faulkner,DP Nannes,1,0,,,,,,,,,
571260,2012/13,2013-01-08,Melbourne Cricket Ground,1,18.3,Melbourne Stars,Sydney Thunder,JP Faulkner,JW Hastings,DP Nannes,1,0,,,,,,,,,
571260,2012/13,2013-01-08,Melbourne Cricket Ground,1,18.4,Melbourne Stars,Sydney Thunder,JW Hastings,JP Faulkner,DP Nannes,0,0,,,,,,,,,
571260,2012/13,2013-01-08,Melbourne Cricket Ground,1,18.5,Melbourne Stars,Sydney Thunder,JW Hastings,JP Faulkner,DP Nannes,1,0,,,,,,,,,
571260,2012/13,2013-01-08,Melbourne Cricket Ground,1,18.6,Melbourne Stars,Sydney Thunder,JP Faulkner,JW Hastings,DP Nannes,1,0,,,,,,,,,
571260,2012/13,2013-01-08,Melbourne Cricket Ground,1,19.1,Melbourne Stars,Sydney Thunder,JP Faulkner,JW Hastings,CH Gayle,1,0,,,,,,,,,
571260,2012/13,2013-01-08,Melbourne Cricket Ground,1,19.2,Melbourne Stars,Sydney Thunder,JW Hastings,JP Faulkner,CH Gayle,0,0,,,,,,bowled,JW Hastings,,
571260,2012/13,2013-01-08,Melbourne Cricket Ground,1,19.3,Melbourne Stars,Sydney Thunder,AD Mascarenhas,JP Faulkner,CH Gayle,1,0,,,,,,,,,
571260,2012/13,2013-01-08,Melbourne Cricket Ground,1,19.4,Melbourne Stars,Sydney Thunder,JP Faulkner,AD Mascarenhas,CH Gayle,1,0,,,,,,,,,
571260,2012/13,2013-01-08,Melbourne Cricket Ground,1,19.5,Melbourne Stars,Sydney Thunder,AD Mascarenhas,JP Faulkner,CH Gayle,0,0,,,,,,caught,AD Mascarenhas,,
571260,2012/13,2013-01-08,Melbourne Cricket Ground,1,19.6,Melbourne Stars,Sydney Thunder,JP Faulkner,CJ McKay,CH Gayle,2,0,,,,,,,,,
571260,2012/13,2013-01-08,Melbourne Cricket Ground,2,0.1,Sydney Thunder,Melbourne Stars,CH Gayle,SJC Keen,JP Faulkner,0,0,,,,,,,,,
571260,2012/13,2013-01-08,Melbourne Cricket Ground,2,0.2,Sydney Thunder,Melbourne Stars,CH Gayle,SJC Keen,JP Faulkner,0,0,,,,,,,,,
571260,2012/13,2013-01-08,Melbourne Cricket Ground,2,0.3,Sydney Thunder,Melbourne Stars,CH Gayle,SJC Keen,JP Faulkner,0,0,,,,,,,,,
571260,2012/13,2013-01-08,Melbourne Cricket Ground,2,0.4,Sydney Thunder,Melbourne Stars,CH Gayle,SJC Keen,JP Faulkner,4,0,,,,,,,,,
571260,2012/13,2013-01-08,Melbourne Cricket Ground,2,0.5,Sydney Thunder,Melbourne Stars,CH Gayle,SJC Keen,JP Faulkner,0,0,,,,,,,,,
571260,2012/13,2013-01-08,Melbourne Cricket Ground,2,0.6,Sydney Thunder,Melbourne Stars,CH Gayle,SJC Keen,JP Faulkner,3,0,,,,,,,,,
571260,2012/13,2013-01-08,Melbourne Cricket Ground,2,1.1,Sydney Thunder,Melbourne Stars,CH Gayle,SJC Keen,JM Bird,2,0,,,,,,,,,
571260,2012/13,2013-01-08,Melbourne Cricket Ground,2,1.2,Sydney Thunder,Melbourne Stars,CH Gayle,SJC Keen,JM Bird,0,0,,,,,,,,,
571260,2012/13,2013-01-08,Melbourne Cricket Ground,2,1.3,Sydney Thunder,Melbourne Stars,CH Gayle,SJC Keen,JM Bird,0,0,,,,,,,,,
571260,2012/13,2013-01-08,Melbourne Cricket Ground,2,1.4,Sydney Thunder,Melbourne Stars,CH Gayle,SJC Keen,JM Bird,0,0,,,,,,,,,
571260,2012/13,2013-01-08,Melbourne Cricket Ground,2,1.5,Sydney Thunder,Melbourne Stars,CH Gayle,SJC Keen,JM Bird,0,0,,,,,,,,,
571260,2012/13,2013-01-08,Melbourne Cricket Ground,2,1.6,Sydney Thunder,Melbourne Stars,CH Gayle,SJC Keen,JM Bird,6,0,,,,,,,,,
571260,2012/13,2013-01-08,Melbourne Cricket Ground,2,2.1,Sydney Thunder,Melbourne Stars,SJC Keen,CH Gayle,JP Faulkner,4,0,,,,,,,,,
571260,2012/13,2013-01-08,Melbourne Cricket Ground,2,2.2,Sydney Thunder,Melbourne Stars,SJC Keen,CH Gayle,JP Faulkner,0,0,,,,,,caught,SJC Keen,,
571260,2012/13,2013-01-08,Melbourne Cricket Ground,2,2.3,Sydney Thunder,Melbourne Stars,MJ Prior,CH Gayle,JP Faulkner,0,0,,,,,,,,,
571260,2012/13,2013-01-08,Melbourne Cricket Ground,2,2.4,Sydney Thunder,Melbourne Stars,MJ Prior,CH Gayle,JP Faulkner,0,0,,,,,,,,,
571260,2012/13,2013-01-08,Melbourne Cricket Ground,2,2.5,Sydney Thunder,Melbourne Stars,MJ Prior,CH Gayle,JP Faulkner,2,0,,,,,,,,,
571260,2012/13,2013-01-08,Melbourne Cricket Ground,2,2.6,Sydney Thunder,Melbourne Stars,MJ Prior,CH Gayle,JP Faulkner,0,0,,,,,,,,,
571260,2012/13,2013-01-08,Melbourne Cricket Ground,2,3.1,Sydney Thunder,Melbourne Stars,CH Gayle,MJ Prior,JW Hastings,4,0,,,,,,,,,
571260,2012/13,2013-01-08,Melbourne Cricket Ground,2,3.2,Sydney Thunder,Melbourne Stars,CH Gayle,MJ Prior,JW Hastings,0,0,,,,,,,,,
571260,2012/13,2013-01-08,Melbourne Cricket Ground,2,3.3,Sydney Thunder,Melbourne Stars,CH Gayle,MJ Prior,JW Hastings,4,0,,,,,,,,,
571260,2012/13,2013-01-08,Melbourne Cricket Ground,2,3.4,Sydney Thunder,Melbourne Stars,CH Gayle,MJ Prior,JW Hastings,4,0,,,,,,,,,
571260,2012/13,2013-01-08,Melbourne Cricket Ground,2,3.5,Sydney Thunder,Melbourne Stars,CH Gayle,MJ Prior,JW Hastings,6,0,,,,,,,,,
571260,2012/13,2013-01-08,Melbourne Cricket Ground,2,3.6,Sydney Thunder,Melbourne Stars,CH Gayle,MJ Prior,JW Hastings,1,0,,,,,,,,,
571260,2012/13,2013-01-08,Melbourne Cricket Ground,2,4.1,Sydney Thunder,Melbourne Stars,CH Gayle,MJ Prior,AD Mascarenhas,1,0,,,,,,,,,
571260,2012/13,2013-01-08,Melbourne Cricket Ground,2,4.2,Sydney Thunder,Melbourne Stars,MJ Prior,CH Gayle,AD Mascarenhas,1,0,,,,,,,,,
571260,2012/13,2013-01-08,Melbourne Cricket Ground,2,4.3,Sydney Thunder,Melbourne Stars,CH Gayle,MJ Prior,AD Mascarenhas,0,0,,,,,,,,,
571260,2012/13,2013-01-08,Melbourne Cricket Ground,2,4.4,Sydney Thunder,Melbourne Stars,CH Gayle,MJ Prior,AD Mascarenhas,6,0,,,,,,,,,
571260,2012/13,2013-01-08,Melbourne Cricket Ground,2,4.5,Sydney Thunder,Melbourne Stars,CH Gayle,MJ Prior,AD Mascarenhas,0,0,,,,,,,,,
571260,2012/13,2013-01-08,Melbourne Cricket Ground,2,4.6,Sydney Thunder,Melbourne Stars,CH Gayle,MJ Prior,AD Mascarenhas,4,0,,,,,,,,,
571260,2012/13,2013-01-08,Melbourne Cricket Ground,2,5.1,Sydney Thunder,Melbourne Stars,MJ Prior,CH Gayle,CJ McKay,1,0,,,,,,,,,
571260,2012/13,2013-01-08,Melbourne Cricket Ground,2,5.2,Sydney Thunder,Melbourne Stars,CH Gayle,MJ Prior,CJ McKay,4,0,,,,,,,,,
571260,2012/13,2013-01-08,Melbourne Cricket Ground,2,5.3,Sydney Thunder,Melbourne Stars,CH Gayle,MJ Prior,CJ McKay,1,0,,,,,,,,,
571260,2012/13,2013-01-08,Melbourne Cricket Ground,2,5.4,Sydney Thunder,Melbourne Stars,MJ Prior,CH Gayle,CJ McKay,0,0,,,,,,,,,
571260,2012/13,2013-01-08,Melbourne Cricket Ground,2,5.5,Sydney Thunder,Melbourne Stars,MJ Prior,CH Gayle,CJ McKay,0,0,,,,,,,,,
571260,2012/13,2013-01-08,Melbourne Cricket Ground,2,5.6,Sydney Thunder,Melbourne Stars,MJ Prior,CH Gayle,CJ McKay,1,0,,,,,,,,,
571260,2012/13,2013-01-08,Melbourne Cricket Ground,2,6.1,Sydney Thunder,Melbourne Stars,MJ Prior,CH Gayle,AD Mascarenhas,0,0,,,,,,,,,
571260,2012/13,2013-01-08,Melbourne Cricket Ground,2,6.2,Sydney Thunder,Melbourne Stars,MJ Prior,CH Gayle,AD Mascarenhas,0,0,,,,,,,,,
571260,2012/13,2013-01-08,Melbourne Cricket Ground,2,6.3,Sydney Thunder,Melbourne Stars,MJ Prior,CH Gayle,AD Mascarenhas,2,0,,,,,,,,,
571260,2012/13,2013-01-08,Melbourne Cricket Ground,2,6.4,Sydney Thunder,Melbourne Stars,MJ Prior,CH Gayle,AD Mascarenhas,0,0,,,,,,,,,
571260,2012/13,2013-01-08,Melbourne Cricket Ground,2,6.5,Sydney Thunder,Melbourne Stars,MJ Prior,CH Gayle,AD Mascarenhas,0,0,,,,,,,,,
571260,2012/13,2013-01-08,Melbourne Cricket Ground,2,6.6,Sydney Thunder,Melbourne Stars,MJ Prior,CH Gayle,AD Mascarenhas,0,0,,,,,,,,,
571260,2012/13,2013-01-08,Melbourne Cricket Ground,2,7.1,Sydney Thunder,Melbourne Stars,CH Gayle,MJ Prior,CJ McKay,0,0,,,,,,,,,
571260,2012/13,2013-01-08,Melbourne Cricket Ground,2,7.2,Sydney Thunder,Melbourne Stars,CH Gayle,MJ Prior,CJ McKay,1,0,,,,,,,,,
571260,2012/13,2013-01-08,Melbourne Cricket Ground,2,7.3,Sydney Thunder,Melbourne Stars,MJ Prior,CH Gayle,CJ McKay,0,0,,,,,,caught,MJ Prior,,
571260,2012/13,2013-01-08,Melbourne Cricket Ground,2,7.4,Sydney Thunder,Melbourne Stars,CH Gayle,UT Khawaja,CJ McKay,1,0,,,,,,,,,
571260,2012/13,2013-01-08,Melbourne Cricket Ground,2,7.5,Sydney Thunder,Melbourne Stars,UT Khawaja,CH Gayle,CJ McKay,2,0,,,,,,,,,
571260,2012/13,2013-01-08,Melbourne Cricket Ground,2,7.6,Sydney Thunder,Melbourne Stars,UT Khawaja,CH Gayle,CJ McKay,1,0,,,,,,,,,
571260,2012/13,2013-01-08,Melbourne Cricket Ground,2,8.1,Sydney Thunder,Melbourne Stars,UT Khawaja,CH Gayle,JP Faulkner,4,0,,,,,,,,,
571260,2012/13,2013-01-08,Melbourne Cricket Ground,2,8.2,Sydney Thunder,Melbourne Stars,UT Khawaja,CH Gayle,JP Faulkner,2,0,,,,,,,,,
571260,2012/13,2013-01-08,Melbourne Cricket Ground,2,8.3,Sydney Thunder,Melbourne Stars,UT Khawaja,CH Gayle,JP Faulkner,1,0,,,,,,,,,
571260,2012/13,2013-01-08,Melbourne Cricket Ground,2,8.4,Sydney Thunder,Melbourne Stars,CH Gayle,UT Khawaja,JP Faulkner,0,0,,,,,,,,,
571260,2012/13,2013-01-08,Melbourne Cricket Ground,2,8.5,Sydney Thunder,Melbourne Stars,CH Gayle,UT Khawaja,JP Faulkner,0,0,,,,,,,,,
571260,2012/13,2013-01-08,Melbourne Cricket Ground,2,8.6,Sydney Thunder,Melbourne Stars,CH Gayle,UT Khawaja,JP Faulkner,0,0,,,,,,,,,
571260,2012/13,2013-01-08,Melbourne Cricket Ground,2,9.1,Sydney Thunder,Melbourne Stars,UT Khawaja,CH Gayle,CJ McKay,0,0,,,,,,,,,
571260,2012/13,2013-01-08,Melbourne Cricket Ground,2,9.2,Sydney Thunder,Melbourne Stars,UT Khawaja,CH Gayle,CJ McKay,1,0,,,,,,,,,
571260,2012/13,2013-01-08,Melbourne Cricket Ground,2,9.3,Sydney Thunder,Melbourne Stars,CH Gayle,UT Khawaja,CJ McKay,1,0,,,,,,,,,
571260,2012/13,2013-01-08,Melbourne Cricket Ground,2,9.4,Sydney Thunder,Melbourne Stars,UT Khawaja,CH Gayle,CJ McKay,0,0,,,,,,,,,
571260,2012/13,2013-01-08,Melbourne Cricket Ground,2,9.5,Sydney Thunder,Melbourne Stars,UT Khawaja,CH Gayle,CJ McKay,1,0,,,,,,,,,
571260,2012/13,2013-01-08,Melbourne Cricket Ground,2,9.6,Sydney Thunder,Melbourne Stars,CH Gayle,UT Khawaja,CJ McKay,1,0,,,,,,,,,
571260,2012/13,2013-01-08,Melbourne Cricket Ground,2,10.1,Sydney Thunder,Melbourne Stars,CH Gayle,UT Khawaja,JW Hastings,0,1,,,,1,,,,,
571260,2012/13,2013-01-08,Melbourne Cricket Ground,2,10.2,Sydney Thunder,Melbourne Stars,UT Khawaja,CH Gayle,JW Hastings,1,0,,,,,,,,,
571260,2012/13,2013-01-08,Melbourne Cricket Ground,2,10.3,Sydney Thunder,Melbourne Stars,CH Gayle,UT Khawaja,JW Hastings,0,0,,,,,,,,,
571260,2012/13,2013-01-08,Melbourne Cricket Ground,2,10.4,Sydney Thunder,Melbourne Stars,CH Gayle,UT Khawaja,JW Hastings,0,0,,,,,,,,,
571260,2012/13,2013-01-08,Melbourne Cricket Ground,2,10.5,Sydney Thunder,Melbourne Stars,CH Gayle,UT Khawaja,JW Hastings,2,0,,,,,,,,,
571260,2012/13,2013-01-08,Melbourne Cricket Ground,2,10.6,Sydney Thunder,Melbourne Stars,CH Gayle,UT Khawaja,JW Hastings,1,0,,,,,,,,,
571260,2012/13,2013-01-08,Melbourne Cricket Ground,2,11.1,Sydney Thunder,Melbourne Stars,CH Gayle,UT Khawaja,JM Bird,1,0,,,,,,,,,
571260,2012/13,2013-01-08,Melbourne Cricket Ground,2,11.2,Sydney Thunder,Melbourne Stars,UT Khawaja,CH Gayle,JM Bird,0,0,,,,,,,,,
571260,2012/13,2013-01-08,Melbourne Cricket Ground,2,11.3,Sydney Thunder,Melbourne Stars,UT Khawaja,CH Gayle,JM Bird,1,0,,,,,,,,,
571260,2012/13,2013-01-08,Melbourne Cricket Ground,2,11.4,Sydney Thunder,Melbourne Stars,CH Gayle,UT Khawaja,JM Bird,6,0,,,,,,,,,
571260,2012/13,2013-01-08,Melbourne Cricket Ground,2,11.5,Sydney Thunder,Melbourne Stars,CH Gayle,UT Khawaja,JM Bird,0,0,,,,,,,,,
571260,2012/13,2013-01-08,Melbourne Cricket Ground,2,11.6,Sydney Thunder,Melbourne Stars,CH Gayle,UT Khawaja,JM Bird,1,0,,,,,,,,,
571260,2012/13,2013-01-08,Melbourne Cricket Ground,2,12.1,Sydney Thunder,Melbourne Stars,CH Gayle,UT Khawaja,AD Mascarenhas,0,0,,,,,,caught,CH Gayle,,
571260,2012/13,2013-01-08,Melbourne Cricket Ground,2,12.2,Sydney Thunder,Melbourne Stars,UT Khawaja,SA Abbott,AD Mascarenhas,2,0,,,,,,,,,
571260,2012/13,2013-01-08,Melbourne Cricket Ground,2,12.3,Sydney Thunder,Melbourne Stars,UT Khawaja,SA Abbott,AD Mascarenhas,0,0,,,,,,,,,
571260,2012/13,2013-01-08,Melbourne Cricket Ground,2,12.4,Sydney Thunder,Melbourne Stars,UT Khawaja,SA Abbott,AD Mascarenhas,6,0,,,,,,,,,
571260,2012/13,2013-01-08,Melbourne Cricket Ground,2,12.5,Sydney Thunder,Melbourne Stars,UT Khawaja,SA Abbott,AD Mascarenhas,0,0,,,,,,,,,
571260,2012/13,2013-01-08,Melbourne Cricket Ground,2,12.6,Sydney Thunder,Melbourne Stars,UT Khawaja,SA Abbott,AD Mascarenhas,1,0,,,,,,,,,
571260,2012/13,2013-01-08,Melbourne Cricket Ground,2,13.1,Sydney Thunder,Melbourne Stars,UT Khawaja,SA Abbott,JM Bird,0,0,,,,,,caught,UT Khawaja,,
571260,2012/13,2013-01-08,Melbourne Cricket Ground,2,13.2,Sydney Thunder,Melbourne Stars,MJ Cosgrove,SA Abbott,JM Bird,0,0,,,,,,,,,
571260,2012/13,2013-01-08,Melbourne Cricket Ground,2,13.3,Sydney Thunder,Melbourne Stars,MJ Cosgrove,SA Abbott,JM Bird,0,0,,,,,,,,,
571260,2012/13,2013-01-08,Melbourne Cricket Ground,2,13.4,Sydney Thunder,Melbourne Stars,MJ Cosgrove,SA Abbott,JM Bird,1,0,,,,,,,,,
571260,2012/13,2013-01-08,Melbourne Cricket Ground,2,13.5,Sydney Thunder,Melbourne Stars,SA Abbott,MJ Cosgrove,JM Bird,0,1,,,1,,,,,,
571260,2012/13,2013-01-08,Melbourne Cricket Ground,2,13.6,Sydney Thunder,Melbourne Stars,MJ Cosgrove,SA Abbott,JM Bird,0,0,,,,,,,,,
571260,2012/13,2013-01-08,Melbourne Cricket Ground,2,14.1,Sydney Thunder,Melbourne Stars,SA Abbott,MJ Cosgrove,GJ Maxwell,1,0,,,,,,,,,
571260,2012/13,2013-01-08,Melbourne Cricket Ground,2,14.2,Sydney Thunder,Melbourne Stars,MJ Cosgrove,SA Abbott,GJ Maxwell,1,0,,,,,,,,,
571260,2012/13,2013-01-08,Melbourne Cricket Ground,2,14.3,Sydney Thunder,Melbourne Stars,SA Abbott,MJ Cosgrove,GJ Maxwell,2,0,,,,,,,,,
571260,2012/13,2013-01-08,Melbourne Cricket Ground,2,14.4,Sydney Thunder,Melbourne Stars,SA Abbott,MJ Cosgrove,GJ Maxwell,0,0,,,,,,caught,SA Abbott,,
571260,2012/13,2013-01-08,Melbourne Cricket Ground,2,14.5,Sydney Thunder,Melbourne Stars,RGL Carters,MJ Cosgrove,GJ Maxwell,1,0,,,,,,,,,
571260,2012/13,2013-01-08,Melbourne Cricket Ground,2,14.6,Sydney Thunder,Melbourne Stars,MJ Cosgrove,RGL Carters,GJ Maxwell,0,0,,,,,,,,,
571260,2012/13,2013-01-08,Melbourne Cricket Ground,2,15.1,Sydney Thunder,Melbourne Stars,RGL Carters,MJ Cosgrove,JM Bird,0,0,,,,,,,,,
571260,2012/13,2013-01-08,Melbourne Cricket Ground,2,15.2,Sydney Thunder,Melbourne Stars,RGL Carters,MJ Cosgrove,JM Bird,0,0,,,,,,,,,
571260,2012/13,2013-01-08,Melbourne Cricket Ground,2,15.3,Sydney Thunder,Melbourne Stars,RGL Carters,MJ Cosgrove,JM Bird,0,0,,,,,,,,,
571260,2012/13,2013-01-08,Melbourne Cricket Ground,2,15.4,Sydney Thunder,Melbourne Stars,RGL Carters,MJ Cosgrove,JM Bird,1,0,,,,,,,,,
571260,2012/13,2013-01-08,Melbourne Cricket Ground,2,15.5,Sydney Thunder,Melbourne Stars,MJ Cosgrove,RGL Carters,JM Bird,1,0,,,,,,,,,
571260,2012/13,2013-01-08,Melbourne Cricket Ground,2,15.6,Sydney Thunder,Melbourne Stars,RGL Carters,MJ Cosgrove,JM Bird,0,0,,,,,,,,,
571260,2012/13,2013-01-08,Melbourne Cricket Ground,2,16.1,Sydney Thunder,Melbourne Stars,MJ Cosgrove,RGL Carters,AD Mascarenhas,1,0,,,,,,,,,
571260,2012/13,2013-01-08,Melbourne Cricket Ground,2,16.2,Sydney Thunder,Melbourne Stars,RGL Carters,MJ Cosgrove,AD Mascarenhas,0,0,,,,,,caught,RGL Carters,,
571260,2012/13,2013-01-08,Melbourne Cricket Ground,2,16.3,Sydney Thunder,Melbourne Stars,MJ Cosgrove,A Zampa,AD Mascarenhas,0,0,,,,,,,,,
571260,2012/13,2013-01-08,Melbourne Cricket Ground,2,16.4,Sydney Thunder,Melbourne Stars,MJ Cosgrove,A Zampa,AD Mascarenhas,1,0,,,,,,,,,
571260,2012/13,2013-01-08,Melbourne Cricket Ground,2,16.5,Sydney Thunder,Melbourne Stars,A Zampa,MJ Cosgrove,AD Mascarenhas,0,0,,,,,,,,,
571260,2012/13,2013-01-08,Melbourne Cricket Ground,2,16.6,Sydney Thunder,Melbourne Stars,A Zampa,MJ Cosgrove,AD Mascarenhas,2,0,,,,,,,,,
571260,2012/13,2013-01-08,Melbourne Cricket Ground,2,17.1,Sydney Thunder,Melbourne Stars,MJ Cosgrove,A Zampa,CJ McKay,1,0,,,,,,,,,
571260,2012/13,2013-01-08,Melbourne Cricket Ground,2,17.2,Sydney Thunder,Melbourne Stars,A Zampa,MJ Cosgrove,CJ McKay,1,0,,,,,,,,,
571260,2012/13,2013-01-08,Melbourne Cricket Ground,2,17.3,Sydney Thunder,Melbourne Stars,MJ Cosgrove,A Zampa,CJ McKay,1,0,,,,,,,,,
571260,2012/13,2013-01-08,Melbourne Cricket Ground,2,17.4,Sydney Thunder,Melbourne Stars,A Zampa,MJ Cosgrove,CJ McKay,1,0,,,,,,,,,
571260,2012/13,2013-01-08,Melbourne Cricket Ground,2,17.5,Sydney Thunder,Melbourne Stars,MJ Cosgrove,A Zampa,CJ McKay,1,0,,,,,,run out,MJ Cosgrove,,
571260,2012/13,2013-01-08,Melbourne Cricket Ground,2,17.6,Sydney Thunder,Melbourne Stars,GS Sandhu,A Zampa,CJ McKay,0,0,,,,,,,,,
571260,2012/13,2013-01-08,Melbourne Cricket Ground,2,18.1,Sydney Thunder,Melbourne Stars,A Zampa,GS Sandhu,JW Hastings,4,0,,,,,,,,,
571260,2012/13,2013-01-08,Melbourne Cricket Ground,2,18.2,Sydney Thunder,Melbourne Stars,A Zampa,GS Sandhu,JW Hastings,0,0,,,,,,caught,A Zampa,,
571260,2012/13,2013-01-08,Melbourne Cricket Ground,2,18.3,Sydney Thunder,Melbourne Stars,GS Sandhu,LA Doran,JW Hastings,0,0,,,,,,,,,
571260,2012/13,2013-01-08,Melbourne Cricket Ground,2,18.4,Sydney Thunder,Melbourne Stars,GS Sandhu,LA Doran,JW Hastings,0,0,,,,,,,,,
571260,2012/13,2013-01-08,Melbourne Cricket Ground,2,18.5,Sydney Thunder,Melbourne Stars,GS Sandhu,LA Doran,JW Hastings,2,0,,,,,,,,,
571260,2012/13,2013-01-08,Melbourne Cricket Ground,2,18.6,Sydney Thunder,Melbourne Stars,GS Sandhu,LA Doran,JW Hastings,4,0,,,,,,,,,
571260,2012/13,2013-01-08,Melbourne Cricket Ground,2,19.1,Sydney Thunder,Melbourne Stars,LA Doran,GS Sandhu,JP Faulkner,0,0,,,,,,,,,
571260,2012/13,2013-01-08,Melbourne Cricket Ground,2,19.2,Sydney Thunder,Melbourne Stars,LA Doran,GS Sandhu,JP Faulkner,4,0,,,,,,,,,
571260,2012/13,2013-01-08,Melbourne Cricket Ground,2,19.3,Sydney Thunder,Melbourne Stars,LA Doran,GS Sandhu,JP Faulkner,0,0,,,,,,caught,LA Doran,,
571260,2012/13,2013-01-08,Melbourne Cricket Ground,2,19.4,Sydney Thunder,Melbourne Stars,GS Sandhu,DP Nannes,JP Faulkner,0,0,,,,,,caught,GS Sandhu,,
