match_id,season,start_date,venue,innings,ball,batting_team,bowling_team,striker,non_striker,bowler,runs_off_bat,extras,wides,noballs,byes,legbyes,penalty,wicket_type,player_dismissed,other_wicket_type,other_player_dismissed
571240,2012/13,2012-12-16,Sydney Cricket Ground,1,0.1,Sydney Sixers,Perth Scorchers,MC Henriques,DLR Smith,AC Thomas,0,0,,,,,,,,,
571240,2012/13,2012-12-16,Sydney Cricket Ground,1,0.2,Sydney Sixers,Perth Scorchers,MC Henriques,DLR Smith,AC Thomas,0,0,,,,,,,,,
571240,2012/13,2012-12-16,Sydney Cricket Ground,1,0.3,Sydney Sixers,Perth Scorchers,MC Henriques,DLR Smith,AC Thomas,0,0,,,,,,,,,
571240,2012/13,2012-12-16,Sydney Cricket Ground,1,0.4,Sydney Sixers,Perth Scorchers,MC Henriques,DLR Smith,AC Thomas,1,0,,,,,,,,,
571240,2012/13,2012-12-16,Sydney Cricket Ground,1,0.5,Sydney Sixers,Perth Scorchers,DLR Smith,MC Henriques,AC Thomas,1,0,,,,,,,,,
571240,2012/13,2012-12-16,Sydney Cricket Ground,1,0.6,Sydney Sixers,Perth Scorchers,MC Henriques,DLR Smith,AC Thomas,2,0,,,,,,,,,
571240,2012/13,2012-12-16,Sydney Cricket Ground,1,1.1,Sydney Sixers,Perth Scorchers,DLR Smith,MC Henriques,MA Beer,0,0,,,,,,,,,
571240,2012/13,2012-12-16,Sydney Cricket Ground,1,1.2,Sydney Sixers,Perth Scorchers,DLR Smith,MC Henriques,MA Beer,0,0,,,,,,,,,
571240,2012/13,2012-12-16,Sydney Cricket Ground,1,1.3,Sydney Sixers,Perth Scorchers,DLR Smith,MC Henriques,MA Beer,0,0,,,,,,,,,
571240,2012/13,2012-12-16,Sydney Cricket Ground,1,1.4,Sydney Sixers,Perth Scorchers,DLR Smith,MC Henriques,MA Beer,0,0,,,,,,caught,DLR Smith,,
571240,2012/13,2012-12-16,Sydney Cricket Ground,1,1.5,Sydney Sixers,Perth Scorchers,BJ Haddin,MC Henriques,MA Beer,4,0,,,,,,,,,
571240,2012/13,2012-12-16,Sydney Cricket Ground,1,1.6,Sydney Sixers,Perth Scorchers,BJ Haddin,MC Henriques,MA Beer,1,0,,,,,,,,,
571240,2012/13,2012-12-16,Sydney Cricket Ground,1,2.1,Sydney Sixers,Perth Scorchers,BJ Haddin,MC Henriques,AC Thomas,0,0,,,,,,,,,
571240,2012/13,2012-12-16,Sydney Cricket Ground,1,2.2,Sydney Sixers,Perth Scorchers,BJ Haddin,MC Henriques,AC Thomas,2,0,,,,,,,,,
571240,2012/13,2012-12-16,Sydney Cricket Ground,1,2.3,Sydney Sixers,Perth Scorchers,BJ Haddin,MC Henriques,AC Thomas,1,0,,,,,,,,,
571240,2012/13,2012-12-16,Sydney Cricket Ground,1,2.4,Sydney Sixers,Perth Scorchers,MC Henriques,BJ Haddin,AC Thomas,0,0,,,,,,,,,
571240,2012/13,2012-12-16,Sydney Cricket Ground,1,2.5,Sydney Sixers,Perth Scorchers,MC Henriques,BJ Haddin,AC Thomas,0,0,,,,,,,,,
571240,2012/13,2012-12-16,Sydney Cricket Ground,1,2.6,Sydney Sixers,Perth Scorchers,MC Henriques,BJ Haddin,AC Thomas,0,0,,,,,,caught,MC Henriques,,
571240,2012/13,2012-12-16,Sydney Cricket Ground,1,3.1,Sydney Sixers,Perth Scorchers,BJ Haddin,SPD Smith,MA Beer,2,0,,,,,,,,,
571240,2012/13,2012-12-16,Sydney Cricket Ground,1,3.2,Sydney Sixers,Perth Scorchers,BJ Haddin,SPD Smith,MA Beer,0,0,,,,,,,,,
571240,2012/13,2012-12-16,Sydney Cricket Ground,1,3.3,Sydney Sixers,Perth Scorchers,BJ Haddin,SPD Smith,MA Beer,0,0,,,,,,caught,BJ Haddin,,
571240,2012/13,2012-12-16,Sydney Cricket Ground,1,3.4,Sydney Sixers,Perth Scorchers,BMAJ Mendis,SPD Smith,MA Beer,0,0,,,,,,,,,
571240,2012/13,2012-12-16,Sydney Cricket Ground,1,3.5,Sydney Sixers,Perth Scorchers,BMAJ Mendis,SPD Smith,MA Beer,0,0,,,,,,,,,
571240,2012/13,2012-12-16,Sydney Cricket Ground,1,3.6,Sydney Sixers,Perth Scorchers,BMAJ Mendis,SPD Smith,MA Beer,0,0,,,,,,,,,
571240,2012/13,2012-12-16,Sydney Cricket Ground,1,4.1,Sydney Sixers,Perth Scorchers,SPD Smith,BMAJ Mendis,NM Coulter-Nile,0,0,,,,,,,,,
571240,2012/13,2012-12-16,Sydney Cricket Ground,1,4.2,Sydney Sixers,Perth Scorchers,SPD Smith,BMAJ Mendis,NM Coulter-Nile,0,0,,,,,,caught,SPD Smith,,
571240,2012/13,2012-12-16,Sydney Cricket Ground,1,4.3,Sydney Sixers,Perth Scorchers,DJ Thornely,BMAJ Mendis,NM Coulter-Nile,0,0,,,,,,,,,
571240,2012/13,2012-12-16,Sydney Cricket Ground,1,4.4,Sydney Sixers,Perth Scorchers,DJ Thornely,BMAJ Mendis,NM Coulter-Nile,1,0,,,,,,,,,
571240,2012/13,2012-12-16,Sydney Cricket Ground,1,4.5,Sydney Sixers,Perth Scorchers,BMAJ Mendis,DJ Thornely,NM Coulter-Nile,0,0,,,,,,,,,
571240,2012/13,2012-12-16,Sydney Cricket Ground,1,4.6,Sydney Sixers,Perth Scorchers,BMAJ Mendis,DJ Thornely,NM Coulter-Nile,0,0,,,,,,,,,
571240,2012/13,2012-12-16,Sydney Cricket Ground,1,5.1,Sydney Sixers,Perth Scorchers,DJ Thornely,BMAJ Mendis,MA Beer,1,0,,,,,,,,,
571240,2012/13,2012-12-16,Sydney Cricket Ground,1,5.2,Sydney Sixers,Perth Scorchers,BMAJ Mendis,DJ Thornely,MA Beer,2,0,,,,,,,,,
571240,2012/13,2012-12-16,Sydney Cricket Ground,1,5.3,Sydney Sixers,Perth Scorchers,BMAJ Mendis,DJ Thornely,MA Beer,0,0,,,,,,run out,BMAJ Mendis,,
571240,2012/13,2012-12-16,Sydney Cricket Ground,1,5.4,Sydney Sixers,Perth Scorchers,DJ Thornely,SNJ O'Keefe,MA Beer,0,0,,,,,,,,,
571240,2012/13,2012-12-16,Sydney Cricket Ground,1,5.5,Sydney Sixers,Perth Scorchers,DJ Thornely,SNJ O'Keefe,MA Beer,1,0,,,,,,,,,
571240,2012/13,2012-12-16,Sydney Cricket Ground,1,5.6,Sydney Sixers,Perth Scorchers,SNJ O'Keefe,DJ Thornely,MA Beer,0,0,,,,,,,,,
571240,2012/13,2012-12-16,Sydney Cricket Ground,1,6.1,Sydney Sixers,Perth Scorchers,DJ Thornely,SNJ O'Keefe,NM Coulter-Nile,0,1,,,,1,,,,,
571240,2012/13,2012-12-16,Sydney Cricket Ground,1,6.2,Sydney Sixers,Perth Scorchers,SNJ O'Keefe,DJ Thornely,NM Coulter-Nile,0,0,,,,,,,,,
571240,2012/13,2012-12-16,Sydney Cricket Ground,1,6.3,Sydney Sixers,Perth Scorchers,SNJ O'Keefe,DJ Thornely,NM Coulter-Nile,0,0,,,,,,,,,
571240,2012/13,2012-12-16,Sydney Cricket Ground,1,6.4,Sydney Sixers,Perth Scorchers,SNJ O'Keefe,DJ Thornely,NM Coulter-Nile,1,0,,,,,,,,,
571240,2012/13,2012-12-16,Sydney Cricket Ground,1,6.5,Sydney Sixers,Perth Scorchers,DJ Thornely,SNJ O'Keefe,NM Coulter-Nile,0,0,,,,,,,,,
571240,2012/13,2012-12-16,Sydney Cricket Ground,1,6.6,Sydney Sixers,Perth Scorchers,DJ Thornely,SNJ O'Keefe,NM Coulter-Nile,0,0,,,,,,,,,
571240,2012/13,2012-12-16,Sydney Cricket Ground,1,7.1,Sydney Sixers,Perth Scorchers,SNJ O'Keefe,DJ Thornely,GB Hogg,1,0,,,,,,,,,
571240,2012/13,2012-12-16,Sydney Cricket Ground,1,7.2,Sydney Sixers,Perth Scorchers,DJ Thornely,SNJ O'Keefe,GB Hogg,1,0,,,,,,,,,
571240,2012/13,2012-12-16,Sydney Cricket Ground,1,7.3,Sydney Sixers,Perth Scorchers,SNJ O'Keefe,DJ Thornely,GB Hogg,0,0,,,,,,,,,
571240,2012/13,2012-12-16,Sydney Cricket Ground,1,7.4,Sydney Sixers,Perth Scorchers,SNJ O'Keefe,DJ Thornely,GB Hogg,1,0,,,,,,,,,
571240,2012/13,2012-12-16,Sydney Cricket Ground,1,7.5,Sydney Sixers,Perth Scorchers,DJ Thornely,SNJ O'Keefe,GB Hogg,0,0,,,,,,,,,
571240,2012/13,2012-12-16,Sydney Cricket Ground,1,7.6,Sydney Sixers,Perth Scorchers,DJ Thornely,SNJ O'Keefe,GB Hogg,0,0,,,,,,,,,
571240,2012/13,2012-12-16,Sydney Cricket Ground,1,8.1,Sydney Sixers,Perth Scorchers,SNJ O'Keefe,DJ Thornely,HWR Cartwright,1,0,,,,,,,,,
571240,2012/13,2012-12-16,Sydney Cricket Ground,1,8.2,Sydney Sixers,Perth Scorchers,DJ Thornely,SNJ O'Keefe,HWR Cartwright,0,0,,,,,,,,,
571240,2012/13,2012-12-16,Sydney Cricket Ground,1,8.3,Sydney Sixers,Perth Scorchers,DJ Thornely,SNJ O'Keefe,HWR Cartwright,1,0,,,,,,,,,
571240,2012/13,2012-12-16,Sydney Cricket Ground,1,8.4,Sydney Sixers,Perth Scorchers,SNJ O'Keefe,DJ Thornely,HWR Cartwright,0,0,,,,,,,,,
571240,2012/13,2012-12-16,Sydney Cricket Ground,1,8.5,Sydney Sixers,Perth Scorchers,SNJ O'Keefe,DJ Thornely,HWR Cartwright,2,0,,,,,,,,,
571240,2012/13,2012-12-16,Sydney Cricket Ground,1,8.6,Sydney Sixers,Perth Scorchers,SNJ O'Keefe,DJ Thornely,HWR Cartwright,0,0,,,,,,,,,
571240,2012/13,2012-12-16,Sydney Cricket Ground,1,9.1,Sydney Sixers,Perth Scorchers,DJ Thornely,SNJ O'Keefe,GB Hogg,0,0,,,,,,stumped,DJ Thornely,,
571240,2012/13,2012-12-16,Sydney Cricket Ground,1,9.2,Sydney Sixers,Perth Scorchers,IA Moran,SNJ O'Keefe,GB Hogg,1,0,,,,,,,,,
571240,2012/13,2012-12-16,Sydney Cricket Ground,1,9.3,Sydney Sixers,Perth Scorchers,SNJ O'Keefe,IA Moran,GB Hogg,0,0,,,,,,,,,
571240,2012/13,2012-12-16,Sydney Cricket Ground,1,9.4,Sydney Sixers,Perth Scorchers,SNJ O'Keefe,IA Moran,GB Hogg,0,0,,,,,,,,,
571240,2012/13,2012-12-16,Sydney Cricket Ground,1,9.5,Sydney Sixers,Perth Scorchers,SNJ O'Keefe,IA Moran,GB Hogg,1,0,,,,,,,,,
571240,2012/13,2012-12-16,Sydney Cricket Ground,1,9.6,Sydney Sixers,Perth Scorchers,IA Moran,SNJ O'Keefe,GB Hogg,0,0,,,,,,,,,
571240,2012/13,2012-12-16,Sydney Cricket Ground,1,10.1,Sydney Sixers,Perth Scorchers,SNJ O'Keefe,IA Moran,HWR Cartwright,0,0,,,,,,,,,
571240,2012/13,2012-12-16,Sydney Cricket Ground,1,10.2,Sydney Sixers,Perth Scorchers,SNJ O'Keefe,IA Moran,HWR Cartwright,2,0,,,,,,,,,
571240,2012/13,2012-12-16,Sydney Cricket Ground,1,10.3,Sydney Sixers,Perth Scorchers,SNJ O'Keefe,IA Moran,HWR Cartwright,0,0,,,,,,,,,
571240,2012/13,2012-12-16,Sydney Cricket Ground,1,10.4,Sydney Sixers,Perth Scorchers,SNJ O'Keefe,IA Moran,HWR Cartwright,1,0,,,,,,,,,
571240,2012/13,2012-12-16,Sydney Cricket Ground,1,10.5,Sydney Sixers,Perth Scorchers,IA Moran,SNJ O'Keefe,HWR Cartwright,4,0,,,,,,,,,
571240,2012/13,2012-12-16,Sydney Cricket Ground,1,10.6,Sydney Sixers,Perth Scorchers,IA Moran,SNJ O'Keefe,HWR Cartwright,4,0,,,,,,,,,
571240,2012/13,2012-12-16,Sydney Cricket Ground,1,11.1,Sydney Sixers,Perth Scorchers,SNJ O'Keefe,IA Moran,GB Hogg,4,0,,,,,,,,,
571240,2012/13,2012-12-16,Sydney Cricket Ground,1,11.2,Sydney Sixers,Perth Scorchers,SNJ O'Keefe,IA Moran,GB Hogg,0,0,,,,,,,,,
571240,2012/13,2012-12-16,Sydney Cricket Ground,1,11.3,Sydney Sixers,Perth Scorchers,SNJ O'Keefe,IA Moran,GB Hogg,1,0,,,,,,,,,
571240,2012/13,2012-12-16,Sydney Cricket Ground,1,11.4,Sydney Sixers,Perth Scorchers,IA Moran,SNJ O'Keefe,GB Hogg,1,0,,,,,,,,,
571240,2012/13,2012-12-16,Sydney Cricket Ground,1,11.5,Sydney Sixers,Perth Scorchers,SNJ O'Keefe,IA Moran,GB Hogg,1,0,,,,,,,,,
571240,2012/13,2012-12-16,Sydney Cricket Ground,1,11.6,Sydney Sixers,Perth Scorchers,IA Moran,SNJ O'Keefe,GB Hogg,1,0,,,,,,,,,
571240,2012/13,2012-12-16,Sydney Cricket Ground,1,12.1,Sydney Sixers,Perth Scorchers,IA Moran,SNJ O'Keefe,NM Coulter-Nile,1,0,,,,,,,,,
571240,2012/13,2012-12-16,Sydney Cricket Ground,1,12.2,Sydney Sixers,Perth Scorchers,SNJ O'Keefe,IA Moran,NM Coulter-Nile,0,0,,,,,,,,,
571240,2012/13,2012-12-16,Sydney Cricket Ground,1,12.3,Sydney Sixers,Perth Scorchers,SNJ O'Keefe,IA Moran,NM Coulter-Nile,1,0,,,,,,,,,
571240,2012/13,2012-12-16,Sydney Cricket Ground,1,12.4,Sydney Sixers,Perth Scorchers,IA Moran,SNJ O'Keefe,NM Coulter-Nile,0,0,,,,,,,,,
571240,2012/13,2012-12-16,Sydney Cricket Ground,1,12.5,Sydney Sixers,Perth Scorchers,IA Moran,SNJ O'Keefe,NM Coulter-Nile,0,0,,,,,,,,,
571240,2012/13,2012-12-16,Sydney Cricket Ground,1,12.6,Sydney Sixers,Perth Scorchers,IA Moran,SNJ O'Keefe,NM Coulter-Nile,0,0,,,,,,,,,
571240,2012/13,2012-12-16,Sydney Cricket Ground,1,13.1,Sydney Sixers,Perth Scorchers,SNJ O'Keefe,IA Moran,MA Beer,1,0,,,,,,,,,
571240,2012/13,2012-12-16,Sydney Cricket Ground,1,13.2,Sydney Sixers,Perth Scorchers,IA Moran,SNJ O'Keefe,MA Beer,1,0,,,,,,,,,
571240,2012/13,2012-12-16,Sydney Cricket Ground,1,13.3,Sydney Sixers,Perth Scorchers,SNJ O'Keefe,IA Moran,MA Beer,0,0,,,,,,,,,
571240,2012/13,2012-12-16,Sydney Cricket Ground,1,13.4,Sydney Sixers,Perth Scorchers,SNJ O'Keefe,IA Moran,MA Beer,1,0,,,,,,,,,
571240,2012/13,2012-12-16,Sydney Cricket Ground,1,13.5,Sydney Sixers,Perth Scorchers,IA Moran,SNJ O'Keefe,MA Beer,1,0,,,,,,,,,
571240,2012/13,2012-12-16,Sydney Cricket Ground,1,13.6,Sydney Sixers,Perth Scorchers,SNJ O'Keefe,IA Moran,MA Beer,4,0,,,,,,,,,
571240,2012/13,2012-12-16,Sydney Cricket Ground,1,14.1,Sydney Sixers,Perth Scorchers,IA Moran,SNJ O'Keefe,HWR Cartwright,6,0,,,,,,,,,
571240,2012/13,2012-12-16,Sydney Cricket Ground,1,14.2,Sydney Sixers,Perth Scorchers,IA Moran,SNJ O'Keefe,HWR Cartwright,0,0,,,,,,caught,IA Moran,,
571240,2012/13,2012-12-16,Sydney Cricket Ground,1,14.3,Sydney Sixers,Perth Scorchers,SNJ O'Keefe,B Lee,HWR Cartwright,0,0,,,,,,,,,
571240,2012/13,2012-12-16,Sydney Cricket Ground,1,14.4,Sydney Sixers,Perth Scorchers,SNJ O'Keefe,B Lee,HWR Cartwright,0,1,1,,,,,,,,
571240,2012/13,2012-12-16,Sydney Cricket Ground,1,14.5,Sydney Sixers,Perth Scorchers,SNJ O'Keefe,B Lee,HWR Cartwright,0,0,,,,,,,,,
571240,2012/13,2012-12-16,Sydney Cricket Ground,1,14.6,Sydney Sixers,Perth Scorchers,SNJ O'Keefe,B Lee,HWR Cartwright,1,0,,,,,,,,,
571240,2012/13,2012-12-16,Sydney Cricket Ground,1,14.7,Sydney Sixers,Perth Scorchers,B Lee,SNJ O'Keefe,HWR Cartwright,1,0,,,,,,,,,
571240,2012/13,2012-12-16,Sydney Cricket Ground,1,15.1,Sydney Sixers,Perth Scorchers,B Lee,SNJ O'Keefe,GB Hogg,0,0,,,,,,,,,
571240,2012/13,2012-12-16,Sydney Cricket Ground,1,15.2,Sydney Sixers,Perth Scorchers,B Lee,SNJ O'Keefe,GB Hogg,0,0,,,,,,,,,
571240,2012/13,2012-12-16,Sydney Cricket Ground,1,15.3,Sydney Sixers,Perth Scorchers,B Lee,SNJ O'Keefe,GB Hogg,1,0,,,,,,,,,
571240,2012/13,2012-12-16,Sydney Cricket Ground,1,15.4,Sydney Sixers,Perth Scorchers,SNJ O'Keefe,B Lee,GB Hogg,1,0,,,,,,,,,
571240,2012/13,2012-12-16,Sydney Cricket Ground,1,15.5,Sydney Sixers,Perth Scorchers,B Lee,SNJ O'Keefe,GB Hogg,0,0,,,,,,,,,
571240,2012/13,2012-12-16,Sydney Cricket Ground,1,15.6,Sydney Sixers,Perth Scorchers,B Lee,SNJ O'Keefe,GB Hogg,0,0,,,,,,,,,
571240,2012/13,2012-12-16,Sydney Cricket Ground,1,16.1,Sydney Sixers,Perth Scorchers,SNJ O'Keefe,B Lee,HWR Cartwright,4,0,,,,,,,,,
571240,2012/13,2012-12-16,Sydney Cricket Ground,1,16.2,Sydney Sixers,Perth Scorchers,SNJ O'Keefe,B Lee,HWR Cartwright,0,0,,,,,,bowled,SNJ O'Keefe,,
571240,2012/13,2012-12-16,Sydney Cricket Ground,1,16.3,Sydney Sixers,Perth Scorchers,SP Narine,B Lee,HWR Cartwright,1,0,,,,,,,,,
571240,2012/13,2012-12-16,Sydney Cricket Ground,1,16.4,Sydney Sixers,Perth Scorchers,B Lee,SP Narine,HWR Cartwright,0,0,,,,,,,,,
571240,2012/13,2012-12-16,Sydney Cricket Ground,1,16.5,Sydney Sixers,Perth Scorchers,B Lee,SP Narine,HWR Cartwright,6,0,,,,,,,,,
571240,2012/13,2012-12-16,Sydney Cricket Ground,1,16.6,Sydney Sixers,Perth Scorchers,B Lee,SP Narine,HWR Cartwright,6,0,,,,,,,,,
571240,2012/13,2012-12-16,Sydney Cricket Ground,1,17.1,Sydney Sixers,Perth Scorchers,SP Narine,B Lee,AC Thomas,4,0,,,,,,,,,
571240,2012/13,2012-12-16,Sydney Cricket Ground,1,17.2,Sydney Sixers,Perth Scorchers,SP Narine,B Lee,AC Thomas,0,1,1,,,,,,,,
571240,2012/13,2012-12-16,Sydney Cricket Ground,1,17.3,Sydney Sixers,Perth Scorchers,SP Narine,B Lee,AC Thomas,0,0,,,,,,caught,SP Narine,,
571240,2012/13,2012-12-16,Sydney Cricket Ground,1,17.4,Sydney Sixers,Perth Scorchers,LW Feldman,B Lee,AC Thomas,0,0,,,,,,,,,
571240,2012/13,2012-12-16,Sydney Cricket Ground,1,17.5,Sydney Sixers,Perth Scorchers,LW Feldman,B Lee,AC Thomas,0,0,,,,,,,,,
571240,2012/13,2012-12-16,Sydney Cricket Ground,1,17.6,Sydney Sixers,Perth Scorchers,LW Feldman,B Lee,AC Thomas,2,0,,,,,,,,,
571240,2012/13,2012-12-16,Sydney Cricket Ground,1,17.7,Sydney Sixers,Perth Scorchers,LW Feldman,B Lee,AC Thomas,6,0,,,,,,,,,
571240,2012/13,2012-12-16,Sydney Cricket Ground,1,18.1,Sydney Sixers,Perth Scorchers,B Lee,LW Feldman,NM Coulter-Nile,1,0,,,,,,,,,
571240,2012/13,2012-12-16,Sydney Cricket Ground,1,18.2,Sydney Sixers,Perth Scorchers,LW Feldman,B Lee,NM Coulter-Nile,0,0,,,,,,,,,
571240,2012/13,2012-12-16,Sydney Cricket Ground,1,18.3,Sydney Sixers,Perth Scorchers,LW Feldman,B Lee,NM Coulter-Nile,0,0,,,,,,,,,
571240,2012/13,2012-12-16,Sydney Cricket Ground,1,18.4,Sydney Sixers,Perth Scorchers,LW Feldman,B Lee,NM Coulter-Nile,2,0,,,,,,,,,
571240,2012/13,2012-12-16,Sydney Cricket Ground,1,18.5,Sydney Sixers,Perth Scorchers,LW Feldman,B Lee,NM Coulter-Nile,1,0,,,,,,,,,
571240,2012/13,2012-12-16,Sydney Cricket Ground,1,18.6,Sydney Sixers,Perth Scorchers,B Lee,LW Feldman,NM Coulter-Nile,1,0,,,,,,,,,
571240,2012/13,2012-12-16,Sydney Cricket Ground,1,19.1,Sydney Sixers,Perth Scorchers,B Lee,LW Feldman,AC Thomas,1,0,,,,,,,,,
571240,2012/13,2012-12-16,Sydney Cricket Ground,1,19.2,Sydney Sixers,Perth Scorchers,LW Feldman,B Lee,AC Thomas,1,0,,,,,,,,,
571240,2012/13,2012-12-16,Sydney Cricket Ground,1,19.3,Sydney Sixers,Perth Scorchers,B Lee,LW Feldman,AC Thomas,2,0,,,,,,,,,
571240,2012/13,2012-12-16,Sydney Cricket Ground,1,19.4,Sydney Sixers,Perth Scorchers,B Lee,LW Feldman,AC Thomas,2,0,,,,,,,,,
571240,2012/13,2012-12-16,Sydney Cricket Ground,1,19.5,Sydney Sixers,Perth Scorchers,B Lee,LW Feldman,AC Thomas,1,0,,,,,,,,,
571240,2012/13,2012-12-16,Sydney Cricket Ground,1,19.6,Sydney Sixers,Perth Scorchers,LW Feldman,B Lee,AC Thomas,0,1,,,1,,,,,,
571240,2012/13,2012-12-16,Sydney Cricket Ground,2,0.1,Perth Scorchers,Sydney Sixers,SE Marsh,HH Gibbs,B Lee,4,0,,,,,,,,,
571240,2012/13,2012-12-16,Sydney Cricket Ground,2,0.2,Perth Scorchers,Sydney Sixers,SE Marsh,HH Gibbs,B Lee,0,1,1,,,,,,,,
571240,2012/13,2012-12-16,Sydney Cricket Ground,2,0.3,Perth Scorchers,Sydney Sixers,SE Marsh,HH Gibbs,B Lee,0,0,,,,,,,,,
571240,2012/13,2012-12-16,Sydney Cricket Ground,2,0.4,Perth Scorchers,Sydney Sixers,SE Marsh,HH Gibbs,B Lee,1,0,,,,,,,,,
571240,2012/13,2012-12-16,Sydney Cricket Ground,2,0.5,Perth Scorchers,Sydney Sixers,HH Gibbs,SE Marsh,B Lee,0,0,,,,,,,,,
571240,2012/13,2012-12-16,Sydney Cricket Ground,2,0.6,Perth Scorchers,Sydney Sixers,HH Gibbs,SE Marsh,B Lee,0,0,,,,,,,,,
571240,2012/13,2012-12-16,Sydney Cricket Ground,2,0.7,Perth Scorchers,Sydney Sixers,HH Gibbs,SE Marsh,B Lee,0,0,,,,,,,,,
571240,2012/13,2012-12-16,Sydney Cricket Ground,2,1.1,Perth Scorchers,Sydney Sixers,SE Marsh,HH Gibbs,LW Feldman,0,1,1,,,,,,,,
571240,2012/13,2012-12-16,Sydney Cricket Ground,2,1.2,Perth Scorchers,Sydney Sixers,SE Marsh,HH Gibbs,LW Feldman,0,0,,,,,,,,,
571240,2012/13,2012-12-16,Sydney Cricket Ground,2,1.3,Perth Scorchers,Sydney Sixers,SE Marsh,HH Gibbs,LW Feldman,1,0,,,,,,,,,
571240,2012/13,2012-12-16,Sydney Cricket Ground,2,1.4,Perth Scorchers,Sydney Sixers,HH Gibbs,SE Marsh,LW Feldman,0,0,,,,,,,,,
571240,2012/13,2012-12-16,Sydney Cricket Ground,2,1.5,Perth Scorchers,Sydney Sixers,HH Gibbs,SE Marsh,LW Feldman,1,0,,,,,,,,,
571240,2012/13,2012-12-16,Sydney Cricket Ground,2,1.6,Perth Scorchers,Sydney Sixers,SE Marsh,HH Gibbs,LW Feldman,0,0,,,,,,,,,
571240,2012/13,2012-12-16,Sydney Cricket Ground,2,1.7,Perth Scorchers,Sydney Sixers,SE Marsh,HH Gibbs,LW Feldman,1,0,,,,,,,,,
571240,2012/13,2012-12-16,Sydney Cricket Ground,2,2.1,Perth Scorchers,Sydney Sixers,SE Marsh,HH Gibbs,B Lee,0,0,,,,,,,,,
571240,2012/13,2012-12-16,Sydney Cricket Ground,2,2.2,Perth Scorchers,Sydney Sixers,SE Marsh,HH Gibbs,B Lee,1,1,,1,,,,,,,
571240,2012/13,2012-12-16,Sydney Cricket Ground,2,2.3,Perth Scorchers,Sydney Sixers,HH Gibbs,SE Marsh,B Lee,0,0,,,,,,,,,
571240,2012/13,2012-12-16,Sydney Cricket Ground,2,2.4,Perth Scorchers,Sydney Sixers,HH Gibbs,SE Marsh,B Lee,1,0,,,,,,,,,
571240,2012/13,2012-12-16,Sydney Cricket Ground,2,2.5,Perth Scorchers,Sydney Sixers,SE Marsh,HH Gibbs,B Lee,2,0,,,,,,,,,
571240,2012/13,2012-12-16,Sydney Cricket Ground,2,2.6,Perth Scorchers,Sydney Sixers,SE Marsh,HH Gibbs,B Lee,1,0,,,,,,,,,
571240,2012/13,2012-12-16,Sydney Cricket Ground,2,2.7,Perth Scorchers,Sydney Sixers,HH Gibbs,SE Marsh,B Lee,0,0,,,,,,,,,
571240,2012/13,2012-12-16,Sydney Cricket Ground,2,3.1,Perth Scorchers,Sydney Sixers,SE Marsh,HH Gibbs,SP Narine,0,0,,,,,,,,,
571240,2012/13,2012-12-16,Sydney Cricket Ground,2,3.2,Perth Scorchers,Sydney Sixers,SE Marsh,HH Gibbs,SP Narine,0,0,,,,,,,,,
571240,2012/13,2012-12-16,Sydney Cricket Ground,2,3.3,Perth Scorchers,Sydney Sixers,SE Marsh,HH Gibbs,SP Narine,0,0,,,,,,,,,
571240,2012/13,2012-12-16,Sydney Cricket Ground,2,3.4,Perth Scorchers,Sydney Sixers,SE Marsh,HH Gibbs,SP Narine,0,0,,,,,,,,,
571240,2012/13,2012-12-16,Sydney Cricket Ground,2,3.5,Perth Scorchers,Sydney Sixers,SE Marsh,HH Gibbs,SP Narine,0,1,,1,,,,,,,
571240,2012/13,2012-12-16,Sydney Cricket Ground,2,3.6,Perth Scorchers,Sydney Sixers,SE Marsh,HH Gibbs,SP Narine,1,0,,,,,,,,,
571240,2012/13,2012-12-16,Sydney Cricket Ground,2,3.7,Perth Scorchers,Sydney Sixers,HH Gibbs,SE Marsh,SP Narine,1,0,,,,,,,,,
571240,2012/13,2012-12-16,Sydney Cricket Ground,2,4.1,Perth Scorchers,Sydney Sixers,HH Gibbs,SE Marsh,B Lee,4,0,,,,,,,,,
571240,2012/13,2012-12-16,Sydney Cricket Ground,2,4.2,Perth Scorchers,Sydney Sixers,HH Gibbs,SE Marsh,B Lee,4,0,,,,,,,,,
571240,2012/13,2012-12-16,Sydney Cricket Ground,2,4.3,Perth Scorchers,Sydney Sixers,HH Gibbs,SE Marsh,B Lee,1,0,,,,,,,,,
571240,2012/13,2012-12-16,Sydney Cricket Ground,2,4.4,Perth Scorchers,Sydney Sixers,SE Marsh,HH Gibbs,B Lee,1,0,,,,,,,,,
571240,2012/13,2012-12-16,Sydney Cricket Ground,2,4.5,Perth Scorchers,Sydney Sixers,HH Gibbs,SE Marsh,B Lee,0,0,,,,,,,,,
571240,2012/13,2012-12-16,Sydney Cricket Ground,2,4.6,Perth Scorchers,Sydney Sixers,HH Gibbs,SE Marsh,B Lee,0,0,,,,,,,,,
571240,2012/13,2012-12-16,Sydney Cricket Ground,2,5.1,Perth Scorchers,Sydney Sixers,SE Marsh,HH Gibbs,SP Narine,0,0,,,,,,,,,
571240,2012/13,2012-12-16,Sydney Cricket Ground,2,5.2,Perth Scorchers,Sydney Sixers,SE Marsh,HH Gibbs,SP Narine,2,0,,,,,,,,,
571240,2012/13,2012-12-16,Sydney Cricket Ground,2,5.3,Perth Scorchers,Sydney Sixers,SE Marsh,HH Gibbs,SP Narine,0,0,,,,,,,,,
571240,2012/13,2012-12-16,Sydney Cricket Ground,2,5.4,Perth Scorchers,Sydney Sixers,SE Marsh,HH Gibbs,SP Narine,0,3,3,,,,,,,,
571240,2012/13,2012-12-16,Sydney Cricket Ground,2,5.5,Perth Scorchers,Sydney Sixers,SE Marsh,HH Gibbs,SP Narine,1,0,,,,,,,,,
571240,2012/13,2012-12-16,Sydney Cricket Ground,2,5.6,Perth Scorchers,Sydney Sixers,HH Gibbs,SE Marsh,SP Narine,0,0,,,,,,,,,
571240,2012/13,2012-12-16,Sydney Cricket Ground,2,5.7,Perth Scorchers,Sydney Sixers,HH Gibbs,SE Marsh,SP Narine,0,0,,,,,,,,,
571240,2012/13,2012-12-16,Sydney Cricket Ground,2,6.1,Perth Scorchers,Sydney Sixers,SE Marsh,HH Gibbs,LW Feldman,0,0,,,,,,,,,
571240,2012/13,2012-12-16,Sydney Cricket Ground,2,6.2,Perth Scorchers,Sydney Sixers,SE Marsh,HH Gibbs,LW Feldman,0,0,,,,,,,,,
571240,2012/13,2012-12-16,Sydney Cricket Ground,2,6.3,Perth Scorchers,Sydney Sixers,SE Marsh,HH Gibbs,LW Feldman,0,0,,,,,,,,,
571240,2012/13,2012-12-16,Sydney Cricket Ground,2,6.4,Perth Scorchers,Sydney Sixers,SE Marsh,HH Gibbs,LW Feldman,4,0,,,,,,,,,
571240,2012/13,2012-12-16,Sydney Cricket Ground,2,6.5,Perth Scorchers,Sydney Sixers,SE Marsh,HH Gibbs,LW Feldman,0,0,,,,,,,,,
571240,2012/13,2012-12-16,Sydney Cricket Ground,2,6.6,Perth Scorchers,Sydney Sixers,SE Marsh,HH Gibbs,LW Feldman,2,0,,,,,,,,,
571240,2012/13,2012-12-16,Sydney Cricket Ground,2,7.1,Perth Scorchers,Sydney Sixers,HH Gibbs,SE Marsh,SNJ O'Keefe,0,0,,,,,,,,,
571240,2012/13,2012-12-16,Sydney Cricket Ground,2,7.2,Perth Scorchers,Sydney Sixers,HH Gibbs,SE Marsh,SNJ O'Keefe,4,0,,,,,,,,,
571240,2012/13,2012-12-16,Sydney Cricket Ground,2,7.3,Perth Scorchers,Sydney Sixers,HH Gibbs,SE Marsh,SNJ O'Keefe,0,0,,,,,,,,,
571240,2012/13,2012-12-16,Sydney Cricket Ground,2,7.4,Perth Scorchers,Sydney Sixers,HH Gibbs,SE Marsh,SNJ O'Keefe,1,0,,,,,,,,,
571240,2012/13,2012-12-16,Sydney Cricket Ground,2,7.5,Perth Scorchers,Sydney Sixers,SE Marsh,HH Gibbs,SNJ O'Keefe,4,0,,,,,,,,,
571240,2012/13,2012-12-16,Sydney Cricket Ground,2,7.6,Perth Scorchers,Sydney Sixers,SE Marsh,HH Gibbs,SNJ O'Keefe,0,0,,,,,,,,,
571240,2012/13,2012-12-16,Sydney Cricket Ground,2,8.1,Perth Scorchers,Sydney Sixers,HH Gibbs,SE Marsh,BMAJ Mendis,1,0,,,,,,,,,
571240,2012/13,2012-12-16,Sydney Cricket Ground,2,8.2,Perth Scorchers,Sydney Sixers,SE Marsh,HH Gibbs,BMAJ Mendis,0,0,,,,,,,,,
571240,2012/13,2012-12-16,Sydney Cricket Ground,2,8.3,Perth Scorchers,Sydney Sixers,SE Marsh,HH Gibbs,BMAJ Mendis,0,0,,,,,,caught,SE Marsh,,
571240,2012/13,2012-12-16,Sydney Cricket Ground,2,8.4,Perth Scorchers,Sydney Sixers,MJ North,HH Gibbs,BMAJ Mendis,0,0,,,,,,,,,
571240,2012/13,2012-12-16,Sydney Cricket Ground,2,8.5,Perth Scorchers,Sydney Sixers,MJ North,HH Gibbs,BMAJ Mendis,0,0,,,,,,,,,
571240,2012/13,2012-12-16,Sydney Cricket Ground,2,8.6,Perth Scorchers,Sydney Sixers,MJ North,HH Gibbs,BMAJ Mendis,0,0,,,,,,,,,
571240,2012/13,2012-12-16,Sydney Cricket Ground,2,9.1,Perth Scorchers,Sydney Sixers,HH Gibbs,MJ North,SP Narine,1,0,,,,,,,,,
571240,2012/13,2012-12-16,Sydney Cricket Ground,2,9.2,Perth Scorchers,Sydney Sixers,MJ North,HH Gibbs,SP Narine,0,0,,,,,,,,,
571240,2012/13,2012-12-16,Sydney Cricket Ground,2,9.3,Perth Scorchers,Sydney Sixers,MJ North,HH Gibbs,SP Narine,4,0,,,,,,,,,
571240,2012/13,2012-12-16,Sydney Cricket Ground,2,9.4,Perth Scorchers,Sydney Sixers,MJ North,HH Gibbs,SP Narine,0,4,,,,4,,,,,
571240,2012/13,2012-12-16,Sydney Cricket Ground,2,9.5,Perth Scorchers,Sydney Sixers,MJ North,HH Gibbs,SP Narine,0,0,,,,,,,,,
571240,2012/13,2012-12-16,Sydney Cricket Ground,2,9.6,Perth Scorchers,Sydney Sixers,MJ North,HH Gibbs,SP Narine,0,0,,,,,,,,,
571240,2012/13,2012-12-16,Sydney Cricket Ground,2,10.1,Perth Scorchers,Sydney Sixers,HH Gibbs,MJ North,BMAJ Mendis,1,0,,,,,,,,,
571240,2012/13,2012-12-16,Sydney Cricket Ground,2,10.2,Perth Scorchers,Sydney Sixers,MJ North,HH Gibbs,BMAJ Mendis,1,0,,,,,,,,,
571240,2012/13,2012-12-16,Sydney Cricket Ground,2,10.3,Perth Scorchers,Sydney Sixers,HH Gibbs,MJ North,BMAJ Mendis,1,0,,,,,,,,,
571240,2012/13,2012-12-16,Sydney Cricket Ground,2,10.4,Perth Scorchers,Sydney Sixers,MJ North,HH Gibbs,BMAJ Mendis,2,0,,,,,,,,,
571240,2012/13,2012-12-16,Sydney Cricket Ground,2,10.5,Perth Scorchers,Sydney Sixers,MJ North,HH Gibbs,BMAJ Mendis,0,0,,,,,,,,,
571240,2012/13,2012-12-16,Sydney Cricket Ground,2,10.6,Perth Scorchers,Sydney Sixers,MJ North,HH Gibbs,BMAJ Mendis,1,0,,,,,,,,,
571240,2012/13,2012-12-16,Sydney Cricket Ground,2,11.1,Perth Scorchers,Sydney Sixers,MJ North,HH Gibbs,SNJ O'Keefe,0,1,1,,,,,,,,
571240,2012/13,2012-12-16,Sydney Cricket Ground,2,11.2,Perth Scorchers,Sydney Sixers,MJ North,HH Gibbs,SNJ O'Keefe,1,0,,,,,,,,,
571240,2012/13,2012-12-16,Sydney Cricket Ground,2,11.3,Perth Scorchers,Sydney Sixers,HH Gibbs,MJ North,SNJ O'Keefe,0,0,,,,,,,,,
571240,2012/13,2012-12-16,Sydney Cricket Ground,2,11.4,Perth Scorchers,Sydney Sixers,HH Gibbs,MJ North,SNJ O'Keefe,1,0,,,,,,,,,
571240,2012/13,2012-12-16,Sydney Cricket Ground,2,11.5,Perth Scorchers,Sydney Sixers,MJ North,HH Gibbs,SNJ O'Keefe,1,0,,,,,,,,,
571240,2012/13,2012-12-16,Sydney Cricket Ground,2,11.6,Perth Scorchers,Sydney Sixers,HH Gibbs,MJ North,SNJ O'Keefe,0,0,,,,,,,,,
571240,2012/13,2012-12-16,Sydney Cricket Ground,2,11.7,Perth Scorchers,Sydney Sixers,HH Gibbs,MJ North,SNJ O'Keefe,1,0,,,,,,,,,
571240,2012/13,2012-12-16,Sydney Cricket Ground,2,12.1,Perth Scorchers,Sydney Sixers,HH Gibbs,MJ North,BMAJ Mendis,2,0,,,,,,,,,
571240,2012/13,2012-12-16,Sydney Cricket Ground,2,12.2,Perth Scorchers,Sydney Sixers,HH Gibbs,MJ North,BMAJ Mendis,1,0,,,,,,,,,
571240,2012/13,2012-12-16,Sydney Cricket Ground,2,12.3,Perth Scorchers,Sydney Sixers,MJ North,HH Gibbs,BMAJ Mendis,0,0,,,,,,,,,
571240,2012/13,2012-12-16,Sydney Cricket Ground,2,12.4,Perth Scorchers,Sydney Sixers,MJ North,HH Gibbs,BMAJ Mendis,1,0,,,,,,,,,
571240,2012/13,2012-12-16,Sydney Cricket Ground,2,12.5,Perth Scorchers,Sydney Sixers,HH Gibbs,MJ North,BMAJ Mendis,0,0,,,,,,,,,
571240,2012/13,2012-12-16,Sydney Cricket Ground,2,12.6,Perth Scorchers,Sydney Sixers,HH Gibbs,MJ North,BMAJ Mendis,0,0,,,,,,,,,
571240,2012/13,2012-12-16,Sydney Cricket Ground,2,13.1,Perth Scorchers,Sydney Sixers,MJ North,HH Gibbs,SP Narine,0,0,,,,,,,,,
571240,2012/13,2012-12-16,Sydney Cricket Ground,2,13.2,Perth Scorchers,Sydney Sixers,MJ North,HH Gibbs,SP Narine,0,0,,,,,,,,,
571240,2012/13,2012-12-16,Sydney Cricket Ground,2,13.3,Perth Scorchers,Sydney Sixers,MJ North,HH Gibbs,SP Narine,0,0,,,,,,,,,
571240,2012/13,2012-12-16,Sydney Cricket Ground,2,13.4,Perth Scorchers,Sydney Sixers,MJ North,HH Gibbs,SP Narine,1,0,,,,,,,,,
571240,2012/13,2012-12-16,Sydney Cricket Ground,2,13.5,Perth Scorchers,Sydney Sixers,HH Gibbs,MJ North,SP Narine,1,0,,,,,,,,,
571240,2012/13,2012-12-16,Sydney Cricket Ground,2,13.6,Perth Scorchers,Sydney Sixers,MJ North,HH Gibbs,SP Narine,0,0,,,,,,,,,
571240,2012/13,2012-12-16,Sydney Cricket Ground,2,14.1,Perth Scorchers,Sydney Sixers,HH Gibbs,MJ North,BMAJ Mendis,2,0,,,,,,,,,
571240,2012/13,2012-12-16,Sydney Cricket Ground,2,14.2,Perth Scorchers,Sydney Sixers,HH Gibbs,MJ North,BMAJ Mendis,1,0,,,,,,,,,
571240,2012/13,2012-12-16,Sydney Cricket Ground,2,14.3,Perth Scorchers,Sydney Sixers,MJ North,HH Gibbs,BMAJ Mendis,0,0,,,,,,,,,
571240,2012/13,2012-12-16,Sydney Cricket Ground,2,14.4,Perth Scorchers,Sydney Sixers,MJ North,HH Gibbs,BMAJ Mendis,1,0,,,,,,,,,
571240,2012/13,2012-12-16,Sydney Cricket Ground,2,14.5,Perth Scorchers,Sydney Sixers,HH Gibbs,MJ North,BMAJ Mendis,0,0,,,,,,,,,
571240,2012/13,2012-12-16,Sydney Cricket Ground,2,14.6,Perth Scorchers,Sydney Sixers,HH Gibbs,MJ North,BMAJ Mendis,4,0,,,,,,,,,
571240,2012/13,2012-12-16,Sydney Cricket Ground,2,15.1,Perth Scorchers,Sydney Sixers,MJ North,HH Gibbs,SNJ O'Keefe,0,0,,,,,,,,,
571240,2012/13,2012-12-16,Sydney Cricket Ground,2,15.2,Perth Scorchers,Sydney Sixers,MJ North,HH Gibbs,SNJ O'Keefe,1,0,,,,,,,,,
571240,2012/13,2012-12-16,Sydney Cricket Ground,2,15.3,Perth Scorchers,Sydney Sixers,HH Gibbs,MJ North,SNJ O'Keefe,1,0,,,,,,,,,
571240,2012/13,2012-12-16,Sydney Cricket Ground,2,15.4,Perth Scorchers,Sydney Sixers,MJ North,HH Gibbs,SNJ O'Keefe,0,0,,,,,,,,,
571240,2012/13,2012-12-16,Sydney Cricket Ground,2,15.5,Perth Scorchers,Sydney Sixers,MJ North,HH Gibbs,SNJ O'Keefe,4,0,,,,,,,,,
571240,2012/13,2012-12-16,Sydney Cricket Ground,2,15.6,Perth Scorchers,Sydney Sixers,MJ North,HH Gibbs,SNJ O'Keefe,4,0,,,,,,,,,
571240,2012/13,2012-12-16,Sydney Cricket Ground,2,16.1,Perth Scorchers,Sydney Sixers,HH Gibbs,MJ North,B Lee,4,0,,,,,,,,,
571240,2012/13,2012-12-16,Sydney Cricket Ground,2,16.2,Perth Scorchers,Sydney Sixers,HH Gibbs,MJ North,B Lee,0,0,,,,,,,,,
571240,2012/13,2012-12-16,Sydney Cricket Ground,2,16.3,Perth Scorchers,Sydney Sixers,HH Gibbs,MJ North,B Lee,1,0,,,,,,,,,
571240,2012/13,2012-12-16,Sydney Cricket Ground,2,16.4,Perth Scorchers,Sydney Sixers,MJ North,HH Gibbs,B Lee,0,0,,,,,,,,,
571240,2012/13,2012-12-16,Sydney Cricket Ground,2,16.5,Perth Scorchers,Sydney Sixers,MJ North,HH Gibbs,B Lee,0,0,,,,,,,,,
571240,2012/13,2012-12-16,Sydney Cricket Ground,2,16.6,Perth Scorchers,Sydney Sixers,MJ North,HH Gibbs,B Lee,0,0,,,,,,,,,
571240,2012/13,2012-12-16,Sydney Cricket Ground,2,17.1,Perth Scorchers,Sydney Sixers,HH Gibbs,MJ North,LW Feldman,0,0,,,,,,bowled,HH Gibbs,,
571240,2012/13,2012-12-16,Sydney Cricket Ground,2,17.2,Perth Scorchers,Sydney Sixers,HWR Cartwright,MJ North,LW Feldman,0,0,,,,,,,,,
571240,2012/13,2012-12-16,Sydney Cricket Ground,2,17.3,Perth Scorchers,Sydney Sixers,HWR Cartwright,MJ North,LW Feldman,1,0,,,,,,,,,
571240,2012/13,2012-12-16,Sydney Cricket Ground,2,17.4,Perth Scorchers,Sydney Sixers,MJ North,HWR Cartwright,LW Feldman,0,0,,,,,,,,,
571240,2012/13,2012-12-16,Sydney Cricket Ground,2,17.5,Perth Scorchers,Sydney Sixers,MJ North,HWR Cartwright,LW Feldman,1,0,,,,,,,,,
571240,2012/13,2012-12-16,Sydney Cricket Ground,2,17.6,Perth Scorchers,Sydney Sixers,HWR Cartwright,MJ North,LW Feldman,0,0,,,,,,,,,
571240,2012/13,2012-12-16,Sydney Cricket Ground,2,18.1,Perth Scorchers,Sydney Sixers,MJ North,HWR Cartwright,SNJ O'Keefe,0,0,,,,,,caught,MJ North,,
571240,2012/13,2012-12-16,Sydney Cricket Ground,2,18.2,Perth Scorchers,Sydney Sixers,SM Katich,HWR Cartwright,SNJ O'Keefe,6,0,,,,,,,,,
571240,2012/13,2012-12-16,Sydney Cricket Ground,2,18.3,Perth Scorchers,Sydney Sixers,SM Katich,HWR Cartwright,SNJ O'Keefe,1,0,,,,,,,,,
571240,2012/13,2012-12-16,Sydney Cricket Ground,2,18.4,Perth Scorchers,Sydney Sixers,HWR Cartwright,SM Katich,SNJ O'Keefe,0,0,,,,,,,,,
571240,2012/13,2012-12-16,Sydney Cricket Ground,2,18.5,Perth Scorchers,Sydney Sixers,HWR Cartwright,SM Katich,SNJ O'Keefe,2,0,,,,,,,,,
571240,2012/13,2012-12-16,Sydney Cricket Ground,2,18.6,Perth Scorchers,Sydney Sixers,HWR Cartwright,SM Katich,SNJ O'Keefe,2,0,,,,,,,,,
571240,2012/13,2012-12-16,Sydney Cricket Ground,2,19.1,Perth Scorchers,Sydney Sixers,SM Katich,HWR Cartwright,LW Feldman,0,0,,,,,,,,,
571240,2012/13,2012-12-16,Sydney Cricket Ground,2,19.2,Perth Scorchers,Sydney Sixers,SM Katich,HWR Cartwright,LW Feldman,1,0,,,,,,,,,
