match_id,season,start_date,venue,innings,ball,batting_team,bowling_team,striker,non_striker,bowler,runs_off_bat,extras,wides,noballs,byes,legbyes,penalty,wicket_type,player_dismissed,other_wicket_type,other_player_dismissed
654053,2013/14,2014-01-01,Stadium Australia,1,0.1,Sydney Thunder,Melbourne Stars,DP Hughes,TM Dilshan,JM Bird,0,0,,,,,,,,,
654053,2013/14,2014-01-01,Stadium Australia,1,0.2,Sydney Thunder,Melbourne Stars,DP Hughes,TM Dilshan,JM Bird,0,0,,,,,,,,,
654053,2013/14,2014-01-01,Stadium Australia,1,0.3,Sydney Thunder,Melbourne Stars,DP Hughes,TM Dilshan,JM Bird,0,0,,,,,,,,,
654053,2013/14,2014-01-01,Stadium Australia,1,0.4,Sydney Thunder,Melbourne Stars,DP Hughes,TM Dilshan,JM Bird,4,0,,,,,,,,,
654053,2013/14,2014-01-01,Stadium Australia,1,0.5,Sydney Thunder,Melbourne Stars,DP Hughes,TM Dilshan,JM Bird,1,0,,,,,,,,,
654053,2013/14,2014-01-01,Stadium Australia,1,0.6,Sydney Thunder,Melbourne Stars,TM Dilshan,DP Hughes,JM Bird,0,0,,,,,,,,,
654053,2013/14,2014-01-01,Stadium Australia,1,1.1,Sydney Thunder,Melbourne Stars,DP Hughes,TM Dilshan,JW Hastings,1,0,,,,,,,,,
654053,2013/14,2014-01-01,Stadium Australia,1,1.2,Sydney Thunder,Melbourne Stars,TM Dilshan,DP Hughes,JW Hastings,0,0,,,,,,,,,
654053,2013/14,2014-01-01,Stadium Australia,1,1.3,Sydney Thunder,Melbourne Stars,TM Dilshan,DP Hughes,JW Hastings,0,0,,,,,,,,,
654053,2013/14,2014-01-01,Stadium Australia,1,1.4,Sydney Thunder,Melbourne Stars,TM Dilshan,DP Hughes,JW Hastings,0,0,,,,,,caught,TM Dilshan,,
654053,2013/14,2014-01-01,Stadium Australia,1,1.5,Sydney Thunder,Melbourne Stars,MEK Hussey,DP Hughes,JW Hastings,1,0,,,,,,,,,
654053,2013/14,2014-01-01,Stadium Australia,1,1.6,Sydney Thunder,Melbourne Stars,DP Hughes,MEK Hussey,JW Hastings,0,0,,,,,,,,,
654053,2013/14,2014-01-01,Stadium Australia,1,2.1,Sydney Thunder,Melbourne Stars,MEK Hussey,DP Hughes,GJ Maxwell,0,0,,,,,,,,,
654053,2013/14,2014-01-01,Stadium Australia,1,2.2,Sydney Thunder,Melbourne Stars,MEK Hussey,DP Hughes,GJ Maxwell,0,0,,,,,,,,,
654053,2013/14,2014-01-01,Stadium Australia,1,2.3,Sydney Thunder,Melbourne Stars,MEK Hussey,DP Hughes,GJ Maxwell,1,0,,,,,,,,,
654053,2013/14,2014-01-01,Stadium Australia,1,2.4,Sydney Thunder,Melbourne Stars,DP Hughes,MEK Hussey,GJ Maxwell,1,0,,,,,,,,,
654053,2013/14,2014-01-01,Stadium Australia,1,2.5,Sydney Thunder,Melbourne Stars,MEK Hussey,DP Hughes,GJ Maxwell,1,0,,,,,,,,,
654053,2013/14,2014-01-01,Stadium Australia,1,2.6,Sydney Thunder,Melbourne Stars,DP Hughes,MEK Hussey,GJ Maxwell,0,0,,,,,,,,,
654053,2013/14,2014-01-01,Stadium Australia,1,3.1,Sydney Thunder,Melbourne Stars,MEK Hussey,DP Hughes,JM Bird,4,0,,,,,,,,,
654053,2013/14,2014-01-01,Stadium Australia,1,3.2,Sydney Thunder,Melbourne Stars,MEK Hussey,DP Hughes,JM Bird,0,0,,,,,,,,,
654053,2013/14,2014-01-01,Stadium Australia,1,3.3,Sydney Thunder,Melbourne Stars,MEK Hussey,DP Hughes,JM Bird,2,0,,,,,,,,,
654053,2013/14,2014-01-01,Stadium Australia,1,3.4,Sydney Thunder,Melbourne Stars,MEK Hussey,DP Hughes,JM Bird,0,0,,,,,,,,,
654053,2013/14,2014-01-01,Stadium Australia,1,3.5,Sydney Thunder,Melbourne Stars,MEK Hussey,DP Hughes,JM Bird,0,0,,,,,,,,,
654053,2013/14,2014-01-01,Stadium Australia,1,3.6,Sydney Thunder,Melbourne Stars,MEK Hussey,DP Hughes,JM Bird,0,0,,,,,,,,,
654053,2013/14,2014-01-01,Stadium Australia,1,4.1,Sydney Thunder,Melbourne Stars,DP Hughes,MEK Hussey,SL Malinga,2,0,,,,,,,,,
654053,2013/14,2014-01-01,Stadium Australia,1,4.2,Sydney Thunder,Melbourne Stars,DP Hughes,MEK Hussey,SL Malinga,0,0,,,,,,,,,
654053,2013/14,2014-01-01,Stadium Australia,1,4.3,Sydney Thunder,Melbourne Stars,DP Hughes,MEK Hussey,SL Malinga,4,0,,,,,,,,,
654053,2013/14,2014-01-01,Stadium Australia,1,4.4,Sydney Thunder,Melbourne Stars,DP Hughes,MEK Hussey,SL Malinga,0,0,,,,,,,,,
654053,2013/14,2014-01-01,Stadium Australia,1,4.5,Sydney Thunder,Melbourne Stars,DP Hughes,MEK Hussey,SL Malinga,2,0,,,,,,,,,
654053,2013/14,2014-01-01,Stadium Australia,1,4.6,Sydney Thunder,Melbourne Stars,DP Hughes,MEK Hussey,SL Malinga,1,0,,,,,,,,,
654053,2013/14,2014-01-01,Stadium Australia,1,5.1,Sydney Thunder,Melbourne Stars,DP Hughes,MEK Hussey,JW Hastings,0,0,,,,,,caught,DP Hughes,,
654053,2013/14,2014-01-01,Stadium Australia,1,5.2,Sydney Thunder,Melbourne Stars,MEK Hussey,EJG Morgan,JW Hastings,0,0,,,,,,,,,
654053,2013/14,2014-01-01,Stadium Australia,1,5.3,Sydney Thunder,Melbourne Stars,MEK Hussey,EJG Morgan,JW Hastings,2,0,,,,,,,,,
654053,2013/14,2014-01-01,Stadium Australia,1,5.4,Sydney Thunder,Melbourne Stars,MEK Hussey,EJG Morgan,JW Hastings,4,0,,,,,,,,,
654053,2013/14,2014-01-01,Stadium Australia,1,5.5,Sydney Thunder,Melbourne Stars,MEK Hussey,EJG Morgan,JW Hastings,0,0,,,,,,,,,
654053,2013/14,2014-01-01,Stadium Australia,1,5.6,Sydney Thunder,Melbourne Stars,MEK Hussey,EJG Morgan,JW Hastings,1,0,,,,,,,,,
654053,2013/14,2014-01-01,Stadium Australia,1,6.1,Sydney Thunder,Melbourne Stars,MEK Hussey,EJG Morgan,SL Malinga,1,0,,,,,,,,,
654053,2013/14,2014-01-01,Stadium Australia,1,6.2,Sydney Thunder,Melbourne Stars,EJG Morgan,MEK Hussey,SL Malinga,0,0,,,,,,,,,
654053,2013/14,2014-01-01,Stadium Australia,1,6.3,Sydney Thunder,Melbourne Stars,EJG Morgan,MEK Hussey,SL Malinga,1,0,,,,,,,,,
654053,2013/14,2014-01-01,Stadium Australia,1,6.4,Sydney Thunder,Melbourne Stars,MEK Hussey,EJG Morgan,SL Malinga,2,0,,,,,,,,,
654053,2013/14,2014-01-01,Stadium Australia,1,6.5,Sydney Thunder,Melbourne Stars,MEK Hussey,EJG Morgan,SL Malinga,0,0,,,,,,,,,
654053,2013/14,2014-01-01,Stadium Australia,1,6.6,Sydney Thunder,Melbourne Stars,MEK Hussey,EJG Morgan,SL Malinga,2,0,,,,,,,,,
654053,2013/14,2014-01-01,Stadium Australia,1,7.1,Sydney Thunder,Melbourne Stars,EJG Morgan,MEK Hussey,CJ McKay,6,0,,,,,,,,,
654053,2013/14,2014-01-01,Stadium Australia,1,7.2,Sydney Thunder,Melbourne Stars,EJG Morgan,MEK Hussey,CJ McKay,1,0,,,,,,,,,
654053,2013/14,2014-01-01,Stadium Australia,1,7.3,Sydney Thunder,Melbourne Stars,MEK Hussey,EJG Morgan,CJ McKay,0,0,,,,,,,,,
654053,2013/14,2014-01-01,Stadium Australia,1,7.4,Sydney Thunder,Melbourne Stars,MEK Hussey,EJG Morgan,CJ McKay,1,0,,,,,,,,,
654053,2013/14,2014-01-01,Stadium Australia,1,7.5,Sydney Thunder,Melbourne Stars,EJG Morgan,MEK Hussey,CJ McKay,2,0,,,,,,,,,
654053,2013/14,2014-01-01,Stadium Australia,1,7.6,Sydney Thunder,Melbourne Stars,EJG Morgan,MEK Hussey,CJ McKay,1,0,,,,,,,,,
654053,2013/14,2014-01-01,Stadium Australia,1,8.1,Sydney Thunder,Melbourne Stars,EJG Morgan,MEK Hussey,LJ Wright,1,0,,,,,,,,,
654053,2013/14,2014-01-01,Stadium Australia,1,8.2,Sydney Thunder,Melbourne Stars,MEK Hussey,EJG Morgan,LJ Wright,4,0,,,,,,,,,
654053,2013/14,2014-01-01,Stadium Australia,1,8.3,Sydney Thunder,Melbourne Stars,MEK Hussey,EJG Morgan,LJ Wright,1,0,,,,,,,,,
654053,2013/14,2014-01-01,Stadium Australia,1,8.4,Sydney Thunder,Melbourne Stars,EJG Morgan,MEK Hussey,LJ Wright,1,0,,,,,,,,,
654053,2013/14,2014-01-01,Stadium Australia,1,8.5,Sydney Thunder,Melbourne Stars,MEK Hussey,EJG Morgan,LJ Wright,1,0,,,,,,,,,
654053,2013/14,2014-01-01,Stadium Australia,1,8.6,Sydney Thunder,Melbourne Stars,EJG Morgan,MEK Hussey,LJ Wright,4,0,,,,,,,,,
654053,2013/14,2014-01-01,Stadium Australia,1,9.1,Sydney Thunder,Melbourne Stars,MEK Hussey,EJG Morgan,JM Bird,1,0,,,,,,,,,
654053,2013/14,2014-01-01,Stadium Australia,1,9.2,Sydney Thunder,Melbourne Stars,EJG Morgan,MEK Hussey,JM Bird,1,0,,,,,,,,,
654053,2013/14,2014-01-01,Stadium Australia,1,9.3,Sydney Thunder,Melbourne Stars,MEK Hussey,EJG Morgan,JM Bird,1,0,,,,,,,,,
654053,2013/14,2014-01-01,Stadium Australia,1,9.4,Sydney Thunder,Melbourne Stars,EJG Morgan,MEK Hussey,JM Bird,0,0,,,,,,,,,
654053,2013/14,2014-01-01,Stadium Australia,1,9.5,Sydney Thunder,Melbourne Stars,EJG Morgan,MEK Hussey,JM Bird,0,0,,,,,,,,,
654053,2013/14,2014-01-01,Stadium Australia,1,9.6,Sydney Thunder,Melbourne Stars,EJG Morgan,MEK Hussey,JM Bird,0,0,,,,,,,,,
654053,2013/14,2014-01-01,Stadium Australia,1,10.1,Sydney Thunder,Melbourne Stars,MEK Hussey,EJG Morgan,CJ McKay,1,0,,,,,,,,,
654053,2013/14,2014-01-01,Stadium Australia,1,10.2,Sydney Thunder,Melbourne Stars,EJG Morgan,MEK Hussey,CJ McKay,1,0,,,,,,,,,
654053,2013/14,2014-01-01,Stadium Australia,1,10.3,Sydney Thunder,Melbourne Stars,MEK Hussey,EJG Morgan,CJ McKay,1,0,,,,,,,,,
654053,2013/14,2014-01-01,Stadium Australia,1,10.4,Sydney Thunder,Melbourne Stars,EJG Morgan,MEK Hussey,CJ McKay,1,0,,,,,,,,,
654053,2013/14,2014-01-01,Stadium Australia,1,10.5,Sydney Thunder,Melbourne Stars,MEK Hussey,EJG Morgan,CJ McKay,1,0,,,,,,,,,
654053,2013/14,2014-01-01,Stadium Australia,1,10.6,Sydney Thunder,Melbourne Stars,EJG Morgan,MEK Hussey,CJ McKay,1,0,,,,,,,,,
654053,2013/14,2014-01-01,Stadium Australia,1,11.1,Sydney Thunder,Melbourne Stars,EJG Morgan,MEK Hussey,JW Hastings,6,0,,,,,,,,,
654053,2013/14,2014-01-01,Stadium Australia,1,11.2,Sydney Thunder,Melbourne Stars,EJG Morgan,MEK Hussey,JW Hastings,2,0,,,,,,,,,
654053,2013/14,2014-01-01,Stadium Australia,1,11.3,Sydney Thunder,Melbourne Stars,EJG Morgan,MEK Hussey,JW Hastings,1,0,,,,,,,,,
654053,2013/14,2014-01-01,Stadium Australia,1,11.4,Sydney Thunder,Melbourne Stars,MEK Hussey,EJG Morgan,JW Hastings,1,0,,,,,,,,,
654053,2013/14,2014-01-01,Stadium Australia,1,11.5,Sydney Thunder,Melbourne Stars,EJG Morgan,MEK Hussey,JW Hastings,0,1,1,,,,,,,,
654053,2013/14,2014-01-01,Stadium Australia,1,11.6,Sydney Thunder,Melbourne Stars,EJG Morgan,MEK Hussey,JW Hastings,1,0,,,,,,,,,
654053,2013/14,2014-01-01,Stadium Australia,1,11.7,Sydney Thunder,Melbourne Stars,MEK Hussey,EJG Morgan,JW Hastings,0,0,,,,,,,,,
654053,2013/14,2014-01-01,Stadium Australia,1,12.1,Sydney Thunder,Melbourne Stars,EJG Morgan,MEK Hussey,JM Bird,0,0,,,,,,,,,
654053,2013/14,2014-01-01,Stadium Australia,1,12.2,Sydney Thunder,Melbourne Stars,EJG Morgan,MEK Hussey,JM Bird,0,0,,,,,,,,,
654053,2013/14,2014-01-01,Stadium Australia,1,12.3,Sydney Thunder,Melbourne Stars,EJG Morgan,MEK Hussey,JM Bird,0,0,,,,,,caught,EJG Morgan,,
654053,2013/14,2014-01-01,Stadium Australia,1,12.4,Sydney Thunder,Melbourne Stars,MEK Hussey,KR Patterson,JM Bird,1,0,,,,,,,,,
654053,2013/14,2014-01-01,Stadium Australia,1,12.5,Sydney Thunder,Melbourne Stars,KR Patterson,MEK Hussey,JM Bird,1,0,,,,,,,,,
654053,2013/14,2014-01-01,Stadium Australia,1,12.6,Sydney Thunder,Melbourne Stars,MEK Hussey,KR Patterson,JM Bird,1,0,,,,,,,,,
654053,2013/14,2014-01-01,Stadium Australia,1,13.1,Sydney Thunder,Melbourne Stars,MEK Hussey,KR Patterson,GJ Maxwell,1,0,,,,,,,,,
654053,2013/14,2014-01-01,Stadium Australia,1,13.2,Sydney Thunder,Melbourne Stars,KR Patterson,MEK Hussey,GJ Maxwell,1,0,,,,,,,,,
654053,2013/14,2014-01-01,Stadium Australia,1,13.3,Sydney Thunder,Melbourne Stars,MEK Hussey,KR Patterson,GJ Maxwell,1,0,,,,,,,,,
654053,2013/14,2014-01-01,Stadium Australia,1,13.4,Sydney Thunder,Melbourne Stars,KR Patterson,MEK Hussey,GJ Maxwell,6,0,,,,,,,,,
654053,2013/14,2014-01-01,Stadium Australia,1,13.5,Sydney Thunder,Melbourne Stars,KR Patterson,MEK Hussey,GJ Maxwell,0,0,,,,,,,,,
654053,2013/14,2014-01-01,Stadium Australia,1,13.6,Sydney Thunder,Melbourne Stars,KR Patterson,MEK Hussey,GJ Maxwell,2,0,,,,,,,,,
654053,2013/14,2014-01-01,Stadium Australia,1,14.1,Sydney Thunder,Melbourne Stars,MEK Hussey,KR Patterson,CJ McKay,2,0,,,,,,,,,
654053,2013/14,2014-01-01,Stadium Australia,1,14.2,Sydney Thunder,Melbourne Stars,MEK Hussey,KR Patterson,CJ McKay,4,0,,,,,,,,,
654053,2013/14,2014-01-01,Stadium Australia,1,14.3,Sydney Thunder,Melbourne Stars,MEK Hussey,KR Patterson,CJ McKay,1,0,,,,,,,,,
654053,2013/14,2014-01-01,Stadium Australia,1,14.4,Sydney Thunder,Melbourne Stars,KR Patterson,MEK Hussey,CJ McKay,1,0,,,,,,,,,
654053,2013/14,2014-01-01,Stadium Australia,1,14.5,Sydney Thunder,Melbourne Stars,MEK Hussey,KR Patterson,CJ McKay,1,0,,,,,,,,,
654053,2013/14,2014-01-01,Stadium Australia,1,14.6,Sydney Thunder,Melbourne Stars,KR Patterson,MEK Hussey,CJ McKay,6,0,,,,,,,,,
654053,2013/14,2014-01-01,Stadium Australia,1,15.1,Sydney Thunder,Melbourne Stars,MEK Hussey,KR Patterson,SL Malinga,6,0,,,,,,,,,
654053,2013/14,2014-01-01,Stadium Australia,1,15.2,Sydney Thunder,Melbourne Stars,MEK Hussey,KR Patterson,SL Malinga,1,0,,,,,,,,,
654053,2013/14,2014-01-01,Stadium Australia,1,15.3,Sydney Thunder,Melbourne Stars,KR Patterson,MEK Hussey,SL Malinga,0,1,,,,1,,,,,
654053,2013/14,2014-01-01,Stadium Australia,1,15.4,Sydney Thunder,Melbourne Stars,MEK Hussey,KR Patterson,SL Malinga,2,0,,,,,,,,,
654053,2013/14,2014-01-01,Stadium Australia,1,15.5,Sydney Thunder,Melbourne Stars,MEK Hussey,KR Patterson,SL Malinga,1,0,,,,,,,,,
654053,2013/14,2014-01-01,Stadium Australia,1,15.6,Sydney Thunder,Melbourne Stars,KR Patterson,MEK Hussey,SL Malinga,1,0,,,,,,,,,
654053,2013/14,2014-01-01,Stadium Australia,1,16.1,Sydney Thunder,Melbourne Stars,KR Patterson,MEK Hussey,JW Hastings,0,0,,,,,,,,,
654053,2013/14,2014-01-01,Stadium Australia,1,16.2,Sydney Thunder,Melbourne Stars,KR Patterson,MEK Hussey,JW Hastings,0,0,,,,,,caught,KR Patterson,,
654053,2013/14,2014-01-01,Stadium Australia,1,16.3,Sydney Thunder,Melbourne Stars,MEK Hussey,JS Floros,JW Hastings,4,0,,,,,,,,,
654053,2013/14,2014-01-01,Stadium Australia,1,16.4,Sydney Thunder,Melbourne Stars,MEK Hussey,JS Floros,JW Hastings,4,0,,,,,,,,,
654053,2013/14,2014-01-01,Stadium Australia,1,16.5,Sydney Thunder,Melbourne Stars,MEK Hussey,JS Floros,JW Hastings,1,0,,,,,,,,,
654053,2013/14,2014-01-01,Stadium Australia,1,16.6,Sydney Thunder,Melbourne Stars,JS Floros,MEK Hussey,JW Hastings,1,0,,,,,,,,,
654053,2013/14,2014-01-01,Stadium Australia,1,17.1,Sydney Thunder,Melbourne Stars,JS Floros,MEK Hussey,GJ Maxwell,1,0,,,,,,,,,
654053,2013/14,2014-01-01,Stadium Australia,1,17.2,Sydney Thunder,Melbourne Stars,MEK Hussey,JS Floros,GJ Maxwell,1,0,,,,,,,,,
654053,2013/14,2014-01-01,Stadium Australia,1,17.3,Sydney Thunder,Melbourne Stars,JS Floros,MEK Hussey,GJ Maxwell,0,0,,,,,,,,,
654053,2013/14,2014-01-01,Stadium Australia,1,17.4,Sydney Thunder,Melbourne Stars,JS Floros,MEK Hussey,GJ Maxwell,0,0,,,,,,run out,MEK Hussey,,
654053,2013/14,2014-01-01,Stadium Australia,1,17.5,Sydney Thunder,Melbourne Stars,JS Floros,RGL Carters,GJ Maxwell,1,0,,,,,,,,,
654053,2013/14,2014-01-01,Stadium Australia,1,17.6,Sydney Thunder,Melbourne Stars,RGL Carters,JS Floros,GJ Maxwell,0,0,,,,,,,,,
654053,2013/14,2014-01-01,Stadium Australia,1,18.1,Sydney Thunder,Melbourne Stars,JS Floros,RGL Carters,SL Malinga,0,0,,,,,,,,,
654053,2013/14,2014-01-01,Stadium Australia,1,18.2,Sydney Thunder,Melbourne Stars,JS Floros,RGL Carters,SL Malinga,0,0,,,,,,,,,
654053,2013/14,2014-01-01,Stadium Australia,1,18.3,Sydney Thunder,Melbourne Stars,JS Floros,RGL Carters,SL Malinga,4,0,,,,,,,,,
654053,2013/14,2014-01-01,Stadium Australia,1,18.4,Sydney Thunder,Melbourne Stars,JS Floros,RGL Carters,SL Malinga,0,0,,,,,,,,,
654053,2013/14,2014-01-01,Stadium Australia,1,18.5,Sydney Thunder,Melbourne Stars,JS Floros,RGL Carters,SL Malinga,1,0,,,,,,,,,
654053,2013/14,2014-01-01,Stadium Australia,1,18.6,Sydney Thunder,Melbourne Stars,RGL Carters,JS Floros,SL Malinga,2,0,,,,,,,,,
654053,2013/14,2014-01-01,Stadium Australia,1,19.1,Sydney Thunder,Melbourne Stars,JS Floros,RGL Carters,CJ McKay,4,0,,,,,,,,,
654053,2013/14,2014-01-01,Stadium Australia,1,19.2,Sydney Thunder,Melbourne Stars,JS Floros,RGL Carters,CJ McKay,6,0,,,,,,,,,
654053,2013/14,2014-01-01,Stadium Australia,1,19.3,Sydney Thunder,Melbourne Stars,JS Floros,RGL Carters,CJ McKay,0,0,,,,,,,,,
654053,2013/14,2014-01-01,Stadium Australia,1,19.4,Sydney Thunder,Melbourne Stars,JS Floros,RGL Carters,CJ McKay,0,0,,,,,,caught,JS Floros,,
654053,2013/14,2014-01-01,Stadium Australia,1,19.5,Sydney Thunder,Melbourne Stars,RGL Carters,SJ Coyte (2),CJ McKay,1,0,,,,,,,,,
654053,2013/14,2014-01-01,Stadium Australia,1,19.6,Sydney Thunder,Melbourne Stars,SJ Coyte (2),RGL Carters,CJ McKay,0,1,,,1,,,,,,
654053,2013/14,2014-01-01,Stadium Australia,2,0.1,Melbourne Stars,Sydney Thunder,LJ Wright,CL White,DP Nannes,0,1,1,,,,,,,,
654053,2013/14,2014-01-01,Stadium Australia,2,0.2,Melbourne Stars,Sydney Thunder,LJ Wright,CL White,DP Nannes,0,0,,,,,,,,,
654053,2013/14,2014-01-01,Stadium Australia,2,0.3,Melbourne Stars,Sydney Thunder,LJ Wright,CL White,DP Nannes,0,0,,,,,,,,,
654053,2013/14,2014-01-01,Stadium Australia,2,0.4,Melbourne Stars,Sydney Thunder,LJ Wright,CL White,DP Nannes,0,0,,,,,,,,,
654053,2013/14,2014-01-01,Stadium Australia,2,0.5,Melbourne Stars,Sydney Thunder,LJ Wright,CL White,DP Nannes,0,0,,,,,,,,,
654053,2013/14,2014-01-01,Stadium Australia,2,0.6,Melbourne Stars,Sydney Thunder,LJ Wright,CL White,DP Nannes,0,0,,,,,,,,,
654053,2013/14,2014-01-01,Stadium Australia,2,0.7,Melbourne Stars,Sydney Thunder,LJ Wright,CL White,DP Nannes,4,0,,,,,,,,,
654053,2013/14,2014-01-01,Stadium Australia,2,1.1,Melbourne Stars,Sydney Thunder,CL White,LJ Wright,LW Feldman,4,0,,,,,,,,,
654053,2013/14,2014-01-01,Stadium Australia,2,1.2,Melbourne Stars,Sydney Thunder,CL White,LJ Wright,LW Feldman,1,0,,,,,,,,,
654053,2013/14,2014-01-01,Stadium Australia,2,1.3,Melbourne Stars,Sydney Thunder,LJ Wright,CL White,LW Feldman,4,0,,,,,,,,,
654053,2013/14,2014-01-01,Stadium Australia,2,1.4,Melbourne Stars,Sydney Thunder,LJ Wright,CL White,LW Feldman,0,1,,,,1,,,,,
654053,2013/14,2014-01-01,Stadium Australia,2,1.5,Melbourne Stars,Sydney Thunder,CL White,LJ Wright,LW Feldman,1,0,,,,,,,,,
654053,2013/14,2014-01-01,Stadium Australia,2,1.6,Melbourne Stars,Sydney Thunder,LJ Wright,CL White,LW Feldman,1,0,,,,,,,,,
654053,2013/14,2014-01-01,Stadium Australia,2,2.1,Melbourne Stars,Sydney Thunder,LJ Wright,CL White,DP Nannes,0,0,,,,,,caught,LJ Wright,,
654053,2013/14,2014-01-01,Stadium Australia,2,2.2,Melbourne Stars,Sydney Thunder,MS Wade,CL White,DP Nannes,0,0,,,,,,,,,
654053,2013/14,2014-01-01,Stadium Australia,2,2.3,Melbourne Stars,Sydney Thunder,MS Wade,CL White,DP Nannes,0,0,,,,,,,,,
654053,2013/14,2014-01-01,Stadium Australia,2,2.4,Melbourne Stars,Sydney Thunder,MS Wade,CL White,DP Nannes,0,0,,,,,,,,,
654053,2013/14,2014-01-01,Stadium Australia,2,2.5,Melbourne Stars,Sydney Thunder,MS Wade,CL White,DP Nannes,1,0,,,,,,,,,
654053,2013/14,2014-01-01,Stadium Australia,2,2.6,Melbourne Stars,Sydney Thunder,CL White,MS Wade,DP Nannes,2,0,,,,,,,,,
654053,2013/14,2014-01-01,Stadium Australia,2,3.1,Melbourne Stars,Sydney Thunder,MS Wade,CL White,GS Sandhu,4,0,,,,,,,,,
654053,2013/14,2014-01-01,Stadium Australia,2,3.2,Melbourne Stars,Sydney Thunder,MS Wade,CL White,GS Sandhu,0,0,,,,,,,,,
654053,2013/14,2014-01-01,Stadium Australia,2,3.3,Melbourne Stars,Sydney Thunder,MS Wade,CL White,GS Sandhu,0,0,,,,,,,,,
654053,2013/14,2014-01-01,Stadium Australia,2,3.4,Melbourne Stars,Sydney Thunder,MS Wade,CL White,GS Sandhu,1,0,,,,,,,,,
654053,2013/14,2014-01-01,Stadium Australia,2,3.5,Melbourne Stars,Sydney Thunder,CL White,MS Wade,GS Sandhu,1,0,,,,,,,,,
654053,2013/14,2014-01-01,Stadium Australia,2,3.6,Melbourne Stars,Sydney Thunder,MS Wade,CL White,GS Sandhu,0,0,,,,,,,,,
654053,2013/14,2014-01-01,Stadium Australia,2,4.1,Melbourne Stars,Sydney Thunder,CL White,MS Wade,DP Nannes,0,0,,,,,,,,,
654053,2013/14,2014-01-01,Stadium Australia,2,4.2,Melbourne Stars,Sydney Thunder,CL White,MS Wade,DP Nannes,1,0,,,,,,,,,
654053,2013/14,2014-01-01,Stadium Australia,2,4.3,Melbourne Stars,Sydney Thunder,MS Wade,CL White,DP Nannes,0,0,,,,,,,,,
654053,2013/14,2014-01-01,Stadium Australia,2,4.4,Melbourne Stars,Sydney Thunder,MS Wade,CL White,DP Nannes,1,0,,,,,,,,,
654053,2013/14,2014-01-01,Stadium Australia,2,4.5,Melbourne Stars,Sydney Thunder,CL White,MS Wade,DP Nannes,0,0,,,,,,,,,
654053,2013/14,2014-01-01,Stadium Australia,2,4.6,Melbourne Stars,Sydney Thunder,CL White,MS Wade,DP Nannes,1,0,,,,,,,,,
654053,2013/14,2014-01-01,Stadium Australia,2,5.1,Melbourne Stars,Sydney Thunder,CL White,MS Wade,GS Sandhu,0,0,,,,,,,,,
654053,2013/14,2014-01-01,Stadium Australia,2,5.2,Melbourne Stars,Sydney Thunder,CL White,MS Wade,GS Sandhu,0,0,,,,,,,,,
654053,2013/14,2014-01-01,Stadium Australia,2,5.3,Melbourne Stars,Sydney Thunder,CL White,MS Wade,GS Sandhu,4,0,,,,,,,,,
654053,2013/14,2014-01-01,Stadium Australia,2,5.4,Melbourne Stars,Sydney Thunder,CL White,MS Wade,GS Sandhu,1,0,,,,,,,,,
654053,2013/14,2014-01-01,Stadium Australia,2,5.5,Melbourne Stars,Sydney Thunder,MS Wade,CL White,GS Sandhu,4,0,,,,,,,,,
654053,2013/14,2014-01-01,Stadium Australia,2,5.6,Melbourne Stars,Sydney Thunder,MS Wade,CL White,GS Sandhu,1,0,,,,,,,,,
654053,2013/14,2014-01-01,Stadium Australia,2,6.1,Melbourne Stars,Sydney Thunder,MS Wade,CL White,SJ Coyte (2),1,0,,,,,,,,,
654053,2013/14,2014-01-01,Stadium Australia,2,6.2,Melbourne Stars,Sydney Thunder,CL White,MS Wade,SJ Coyte (2),1,0,,,,,,,,,
654053,2013/14,2014-01-01,Stadium Australia,2,6.3,Melbourne Stars,Sydney Thunder,MS Wade,CL White,SJ Coyte (2),0,0,,,,,,,,,
654053,2013/14,2014-01-01,Stadium Australia,2,6.4,Melbourne Stars,Sydney Thunder,MS Wade,CL White,SJ Coyte (2),0,0,,,,,,,,,
654053,2013/14,2014-01-01,Stadium Australia,2,6.5,Melbourne Stars,Sydney Thunder,MS Wade,CL White,SJ Coyte (2),1,0,,,,,,,,,
654053,2013/14,2014-01-01,Stadium Australia,2,6.6,Melbourne Stars,Sydney Thunder,CL White,MS Wade,SJ Coyte (2),4,0,,,,,,,,,
654053,2013/14,2014-01-01,Stadium Australia,2,7.1,Melbourne Stars,Sydney Thunder,MS Wade,CL White,LW Feldman,4,0,,,,,,,,,
654053,2013/14,2014-01-01,Stadium Australia,2,7.2,Melbourne Stars,Sydney Thunder,MS Wade,CL White,LW Feldman,1,0,,,,,,,,,
654053,2013/14,2014-01-01,Stadium Australia,2,7.3,Melbourne Stars,Sydney Thunder,CL White,MS Wade,LW Feldman,0,0,,,,,,caught,CL White,,
654053,2013/14,2014-01-01,Stadium Australia,2,7.4,Melbourne Stars,Sydney Thunder,MS Wade,BJ Hodge,LW Feldman,0,0,,,,,,,,,
654053,2013/14,2014-01-01,Stadium Australia,2,7.5,Melbourne Stars,Sydney Thunder,MS Wade,BJ Hodge,LW Feldman,0,0,,,,,,,,,
654053,2013/14,2014-01-01,Stadium Australia,2,7.6,Melbourne Stars,Sydney Thunder,MS Wade,BJ Hodge,LW Feldman,2,0,,,,,,,,,
654053,2013/14,2014-01-01,Stadium Australia,2,8.1,Melbourne Stars,Sydney Thunder,BJ Hodge,MS Wade,TM Dilshan,0,0,,,,,,,,,
654053,2013/14,2014-01-01,Stadium Australia,2,8.2,Melbourne Stars,Sydney Thunder,BJ Hodge,MS Wade,TM Dilshan,0,0,,,,,,,,,
654053,2013/14,2014-01-01,Stadium Australia,2,8.3,Melbourne Stars,Sydney Thunder,BJ Hodge,MS Wade,TM Dilshan,1,0,,,,,,,,,
654053,2013/14,2014-01-01,Stadium Australia,2,8.4,Melbourne Stars,Sydney Thunder,MS Wade,BJ Hodge,TM Dilshan,0,0,,,,,,,,,
654053,2013/14,2014-01-01,Stadium Australia,2,8.5,Melbourne Stars,Sydney Thunder,MS Wade,BJ Hodge,TM Dilshan,0,0,,,,,,,,,
654053,2013/14,2014-01-01,Stadium Australia,2,8.6,Melbourne Stars,Sydney Thunder,MS Wade,BJ Hodge,TM Dilshan,1,0,,,,,,,,,
654053,2013/14,2014-01-01,Stadium Australia,2,9.1,Melbourne Stars,Sydney Thunder,MS Wade,BJ Hodge,LW Feldman,2,0,,,,,,,,,
654053,2013/14,2014-01-01,Stadium Australia,2,9.2,Melbourne Stars,Sydney Thunder,MS Wade,BJ Hodge,LW Feldman,2,0,,,,,,,,,
654053,2013/14,2014-01-01,Stadium Australia,2,9.3,Melbourne Stars,Sydney Thunder,MS Wade,BJ Hodge,LW Feldman,6,0,,,,,,,,,
654053,2013/14,2014-01-01,Stadium Australia,2,9.4,Melbourne Stars,Sydney Thunder,MS Wade,BJ Hodge,LW Feldman,1,0,,,,,,,,,
654053,2013/14,2014-01-01,Stadium Australia,2,9.5,Melbourne Stars,Sydney Thunder,BJ Hodge,MS Wade,LW Feldman,1,0,,,,,,,,,
654053,2013/14,2014-01-01,Stadium Australia,2,9.6,Melbourne Stars,Sydney Thunder,MS Wade,BJ Hodge,LW Feldman,1,0,,,,,,,,,
654053,2013/14,2014-01-01,Stadium Australia,2,10.1,Melbourne Stars,Sydney Thunder,MS Wade,BJ Hodge,TM Dilshan,0,0,,,,,,,,,
654053,2013/14,2014-01-01,Stadium Australia,2,10.2,Melbourne Stars,Sydney Thunder,MS Wade,BJ Hodge,TM Dilshan,1,0,,,,,,,,,
654053,2013/14,2014-01-01,Stadium Australia,2,10.3,Melbourne Stars,Sydney Thunder,BJ Hodge,MS Wade,TM Dilshan,1,0,,,,,,,,,
654053,2013/14,2014-01-01,Stadium Australia,2,10.4,Melbourne Stars,Sydney Thunder,MS Wade,BJ Hodge,TM Dilshan,1,0,,,,,,,,,
654053,2013/14,2014-01-01,Stadium Australia,2,10.5,Melbourne Stars,Sydney Thunder,BJ Hodge,MS Wade,TM Dilshan,0,0,,,,,,,,,
654053,2013/14,2014-01-01,Stadium Australia,2,10.6,Melbourne Stars,Sydney Thunder,BJ Hodge,MS Wade,TM Dilshan,6,0,,,,,,,,,
654053,2013/14,2014-01-01,Stadium Australia,2,11.1,Melbourne Stars,Sydney Thunder,MS Wade,BJ Hodge,LW Feldman,1,0,,,,,,,,,
654053,2013/14,2014-01-01,Stadium Australia,2,11.2,Melbourne Stars,Sydney Thunder,BJ Hodge,MS Wade,LW Feldman,0,0,,,,,,,,,
654053,2013/14,2014-01-01,Stadium Australia,2,11.3,Melbourne Stars,Sydney Thunder,BJ Hodge,MS Wade,LW Feldman,0,0,,,,,,,,,
654053,2013/14,2014-01-01,Stadium Australia,2,11.4,Melbourne Stars,Sydney Thunder,BJ Hodge,MS Wade,LW Feldman,1,0,,,,,,,,,
654053,2013/14,2014-01-01,Stadium Australia,2,11.5,Melbourne Stars,Sydney Thunder,MS Wade,BJ Hodge,LW Feldman,0,0,,,,,,,,,
654053,2013/14,2014-01-01,Stadium Australia,2,11.6,Melbourne Stars,Sydney Thunder,MS Wade,BJ Hodge,LW Feldman,1,0,,,,,,,,,
654053,2013/14,2014-01-01,Stadium Australia,2,12.1,Melbourne Stars,Sydney Thunder,MS Wade,BJ Hodge,SJ Coyte (2),1,0,,,,,,,,,
654053,2013/14,2014-01-01,Stadium Australia,2,12.2,Melbourne Stars,Sydney Thunder,BJ Hodge,MS Wade,SJ Coyte (2),0,0,,,,,,,,,
654053,2013/14,2014-01-01,Stadium Australia,2,12.3,Melbourne Stars,Sydney Thunder,BJ Hodge,MS Wade,SJ Coyte (2),1,0,,,,,,,,,
654053,2013/14,2014-01-01,Stadium Australia,2,12.4,Melbourne Stars,Sydney Thunder,MS Wade,BJ Hodge,SJ Coyte (2),4,0,,,,,,,,,
654053,2013/14,2014-01-01,Stadium Australia,2,12.5,Melbourne Stars,Sydney Thunder,MS Wade,BJ Hodge,SJ Coyte (2),1,0,,,,,,,,,
654053,2013/14,2014-01-01,Stadium Australia,2,12.6,Melbourne Stars,Sydney Thunder,BJ Hodge,MS Wade,SJ Coyte (2),1,0,,,,,,,,,
654053,2013/14,2014-01-01,Stadium Australia,2,13.1,Melbourne Stars,Sydney Thunder,BJ Hodge,MS Wade,GS Sandhu,1,0,,,,,,,,,
654053,2013/14,2014-01-01,Stadium Australia,2,13.2,Melbourne Stars,Sydney Thunder,MS Wade,BJ Hodge,GS Sandhu,0,0,,,,,,caught,MS Wade,,
654053,2013/14,2014-01-01,Stadium Australia,2,13.3,Melbourne Stars,Sydney Thunder,DJ Hussey,BJ Hodge,GS Sandhu,0,0,,,,,,,,,
654053,2013/14,2014-01-01,Stadium Australia,2,13.4,Melbourne Stars,Sydney Thunder,DJ Hussey,BJ Hodge,GS Sandhu,1,0,,,,,,,,,
654053,2013/14,2014-01-01,Stadium Australia,2,13.5,Melbourne Stars,Sydney Thunder,BJ Hodge,DJ Hussey,GS Sandhu,1,0,,,,,,,,,
654053,2013/14,2014-01-01,Stadium Australia,2,13.6,Melbourne Stars,Sydney Thunder,DJ Hussey,BJ Hodge,GS Sandhu,1,0,,,,,,,,,
654053,2013/14,2014-01-01,Stadium Australia,2,14.1,Melbourne Stars,Sydney Thunder,DJ Hussey,BJ Hodge,TM Dilshan,4,0,,,,,,,,,
654053,2013/14,2014-01-01,Stadium Australia,2,14.2,Melbourne Stars,Sydney Thunder,DJ Hussey,BJ Hodge,TM Dilshan,1,0,,,,,,,,,
654053,2013/14,2014-01-01,Stadium Australia,2,14.3,Melbourne Stars,Sydney Thunder,BJ Hodge,DJ Hussey,TM Dilshan,6,0,,,,,,,,,
654053,2013/14,2014-01-01,Stadium Australia,2,14.4,Melbourne Stars,Sydney Thunder,BJ Hodge,DJ Hussey,TM Dilshan,6,0,,,,,,,,,
654053,2013/14,2014-01-01,Stadium Australia,2,14.5,Melbourne Stars,Sydney Thunder,BJ Hodge,DJ Hussey,TM Dilshan,0,0,,,,,,,,,
654053,2013/14,2014-01-01,Stadium Australia,2,14.6,Melbourne Stars,Sydney Thunder,BJ Hodge,DJ Hussey,TM Dilshan,1,0,,,,,,,,,
654053,2013/14,2014-01-01,Stadium Australia,2,15.1,Melbourne Stars,Sydney Thunder,BJ Hodge,DJ Hussey,SJ Coyte (2),4,0,,,,,,,,,
654053,2013/14,2014-01-01,Stadium Australia,2,15.2,Melbourne Stars,Sydney Thunder,BJ Hodge,DJ Hussey,SJ Coyte (2),6,0,,,,,,,,,
654053,2013/14,2014-01-01,Stadium Australia,2,15.3,Melbourne Stars,Sydney Thunder,BJ Hodge,DJ Hussey,SJ Coyte (2),1,0,,,,,,,,,
654053,2013/14,2014-01-01,Stadium Australia,2,15.4,Melbourne Stars,Sydney Thunder,DJ Hussey,BJ Hodge,SJ Coyte (2),1,0,,,,,,,,,
654053,2013/14,2014-01-01,Stadium Australia,2,15.5,Melbourne Stars,Sydney Thunder,BJ Hodge,DJ Hussey,SJ Coyte (2),0,0,,,,,,,,,
654053,2013/14,2014-01-01,Stadium Australia,2,15.6,Melbourne Stars,Sydney Thunder,BJ Hodge,DJ Hussey,SJ Coyte (2),4,0,,,,,,,,,
654053,2013/14,2014-01-01,Stadium Australia,2,16.1,Melbourne Stars,Sydney Thunder,DJ Hussey,BJ Hodge,DP Nannes,1,0,,,,,,,,,
654053,2013/14,2014-01-01,Stadium Australia,2,16.2,Melbourne Stars,Sydney Thunder,BJ Hodge,DJ Hussey,DP Nannes,0,0,,,,,,,,,
654053,2013/14,2014-01-01,Stadium Australia,2,16.3,Melbourne Stars,Sydney Thunder,BJ Hodge,DJ Hussey,DP Nannes,1,0,,,,,,,,,
654053,2013/14,2014-01-01,Stadium Australia,2,16.4,Melbourne Stars,Sydney Thunder,DJ Hussey,BJ Hodge,DP Nannes,0,0,,,,,,,,,
654053,2013/14,2014-01-01,Stadium Australia,2,16.5,Melbourne Stars,Sydney Thunder,DJ Hussey,BJ Hodge,DP Nannes,1,0,,,,,,,,,
654053,2013/14,2014-01-01,Stadium Australia,2,16.6,Melbourne Stars,Sydney Thunder,BJ Hodge,DJ Hussey,DP Nannes,1,0,,,,,,,,,
654053,2013/14,2014-01-01,Stadium Australia,2,17.1,Melbourne Stars,Sydney Thunder,BJ Hodge,DJ Hussey,GS Sandhu,4,0,,,,,,,,,
654053,2013/14,2014-01-01,Stadium Australia,2,17.2,Melbourne Stars,Sydney Thunder,BJ Hodge,DJ Hussey,GS Sandhu,1,0,,,,,,,,,
654053,2013/14,2014-01-01,Stadium Australia,2,17.3,Melbourne Stars,Sydney Thunder,DJ Hussey,BJ Hodge,GS Sandhu,3,0,,,,,,,,,
654053,2013/14,2014-01-01,Stadium Australia,2,17.4,Melbourne Stars,Sydney Thunder,BJ Hodge,DJ Hussey,GS Sandhu,2,0,,,,,,,,,
654053,2013/14,2014-01-01,Stadium Australia,2,17.5,Melbourne Stars,Sydney Thunder,BJ Hodge,DJ Hussey,GS Sandhu,0,0,,,,,,,,,
654053,2013/14,2014-01-01,Stadium Australia,2,17.6,Melbourne Stars,Sydney Thunder,BJ Hodge,DJ Hussey,GS Sandhu,1,0,,,,,,,,,
654053,2013/14,2014-01-01,Stadium Australia,2,18.1,Melbourne Stars,Sydney Thunder,BJ Hodge,DJ Hussey,SJ Coyte (2),6,0,,,,,,,,,
654053,2013/14,2014-01-01,Stadium Australia,2,18.2,Melbourne Stars,Sydney Thunder,BJ Hodge,DJ Hussey,SJ Coyte (2),4,0,,,,,,,,,
654053,2013/14,2014-01-01,Stadium Australia,2,18.3,Melbourne Stars,Sydney Thunder,BJ Hodge,DJ Hussey,SJ Coyte (2),1,0,,,,,,,,,
654053,2013/14,2014-01-01,Stadium Australia,2,18.4,Melbourne Stars,Sydney Thunder,DJ Hussey,BJ Hodge,SJ Coyte (2),1,0,,,,,,,,,
654053,2013/14,2014-01-01,Stadium Australia,2,18.5,Melbourne Stars,Sydney Thunder,BJ Hodge,DJ Hussey,SJ Coyte (2),1,0,,,,,,,,,
654053,2013/14,2014-01-01,Stadium Australia,2,18.6,Melbourne Stars,Sydney Thunder,DJ Hussey,BJ Hodge,SJ Coyte (2),1,0,,,,,,,,,
654053,2013/14,2014-01-01,Stadium Australia,2,19.1,Melbourne Stars,Sydney Thunder,DJ Hussey,BJ Hodge,TM Dilshan,1,0,,,,,,,,,
