match_id,season,start_date,venue,innings,ball,batting_team,bowling_team,striker,non_striker,bowler,runs_off_bat,extras,wides,noballs,byes,legbyes,penalty,wicket_type,player_dismissed,other_wicket_type,other_player_dismissed
654061,2013/14,2014-01-05,Adelaide Oval,1,0.1,Adelaide Strikers,Sydney Sixers,M Klinger,AD Hales,B Lee,0,0,,,,,,,,,
654061,2013/14,2014-01-05,Adelaide Oval,1,0.2,Adelaide Strikers,Sydney Sixers,M Klinger,AD Hales,B Lee,0,0,,,,,,,,,
654061,2013/14,2014-01-05,Adelaide Oval,1,0.3,Adelaide Strikers,Sydney Sixers,M Klinger,AD Hales,B Lee,0,0,,,,,,,,,
654061,2013/14,2014-01-05,Adelaide Oval,1,0.4,Adelaide Strikers,Sydney Sixers,M Klinger,AD Hales,B Lee,1,0,,,,,,,,,
654061,2013/14,2014-01-05,Adelaide Oval,1,0.5,Adelaide Strikers,Sydney Sixers,AD Hales,M Klinger,B Lee,0,0,,,,,,,,,
654061,2013/14,2014-01-05,Adelaide Oval,1,0.6,Adelaide Strikers,Sydney Sixers,AD Hales,M Klinger,B Lee,1,0,,,,,,,,,
654061,2013/14,2014-01-05,Adelaide Oval,1,1.1,Adelaide Strikers,Sydney Sixers,AD Hales,M Klinger,SNJ O'Keefe,1,0,,,,,,,,,
654061,2013/14,2014-01-05,Adelaide Oval,1,1.2,Adelaide Strikers,Sydney Sixers,M Klinger,AD Hales,SNJ O'Keefe,0,0,,,,,,caught,M Klinger,,
654061,2013/14,2014-01-05,Adelaide Oval,1,1.3,Adelaide Strikers,Sydney Sixers,AD Hales,PJ Hughes,SNJ O'Keefe,1,0,,,,,,,,,
654061,2013/14,2014-01-05,Adelaide Oval,1,1.4,Adelaide Strikers,Sydney Sixers,PJ Hughes,AD Hales,SNJ O'Keefe,0,0,,,,,,,,,
654061,2013/14,2014-01-05,Adelaide Oval,1,1.5,Adelaide Strikers,Sydney Sixers,PJ Hughes,AD Hales,SNJ O'Keefe,0,0,,,,,,,,,
654061,2013/14,2014-01-05,Adelaide Oval,1,1.6,Adelaide Strikers,Sydney Sixers,PJ Hughes,AD Hales,SNJ O'Keefe,4,0,,,,,,,,,
654061,2013/14,2014-01-05,Adelaide Oval,1,2.1,Adelaide Strikers,Sydney Sixers,AD Hales,PJ Hughes,B Lee,0,0,,,,,,,,,
654061,2013/14,2014-01-05,Adelaide Oval,1,2.2,Adelaide Strikers,Sydney Sixers,AD Hales,PJ Hughes,B Lee,0,0,,,,,,,,,
654061,2013/14,2014-01-05,Adelaide Oval,1,2.3,Adelaide Strikers,Sydney Sixers,AD Hales,PJ Hughes,B Lee,0,0,,,,,,,,,
654061,2013/14,2014-01-05,Adelaide Oval,1,2.4,Adelaide Strikers,Sydney Sixers,AD Hales,PJ Hughes,B Lee,1,0,,,,,,,,,
654061,2013/14,2014-01-05,Adelaide Oval,1,2.5,Adelaide Strikers,Sydney Sixers,PJ Hughes,AD Hales,B Lee,0,0,,,,,,,,,
654061,2013/14,2014-01-05,Adelaide Oval,1,2.6,Adelaide Strikers,Sydney Sixers,PJ Hughes,AD Hales,B Lee,1,0,,,,,,,,,
654061,2013/14,2014-01-05,Adelaide Oval,1,3.1,Adelaide Strikers,Sydney Sixers,PJ Hughes,AD Hales,JK Lalor,0,0,,,,,,,,,
654061,2013/14,2014-01-05,Adelaide Oval,1,3.2,Adelaide Strikers,Sydney Sixers,PJ Hughes,AD Hales,JK Lalor,0,0,,,,,,,,,
654061,2013/14,2014-01-05,Adelaide Oval,1,3.3,Adelaide Strikers,Sydney Sixers,PJ Hughes,AD Hales,JK Lalor,0,0,,,,,,,,,
654061,2013/14,2014-01-05,Adelaide Oval,1,3.4,Adelaide Strikers,Sydney Sixers,PJ Hughes,AD Hales,JK Lalor,0,1,1,,,,,,,,
654061,2013/14,2014-01-05,Adelaide Oval,1,3.5,Adelaide Strikers,Sydney Sixers,PJ Hughes,AD Hales,JK Lalor,1,0,,,,,,,,,
654061,2013/14,2014-01-05,Adelaide Oval,1,3.6,Adelaide Strikers,Sydney Sixers,AD Hales,PJ Hughes,JK Lalor,4,0,,,,,,,,,
654061,2013/14,2014-01-05,Adelaide Oval,1,3.7,Adelaide Strikers,Sydney Sixers,AD Hales,PJ Hughes,JK Lalor,0,0,,,,,,caught,AD Hales,,
654061,2013/14,2014-01-05,Adelaide Oval,1,4.1,Adelaide Strikers,Sydney Sixers,CJ Ferguson,PJ Hughes,JR Hazlewood,1,0,,,,,,,,,
654061,2013/14,2014-01-05,Adelaide Oval,1,4.2,Adelaide Strikers,Sydney Sixers,PJ Hughes,CJ Ferguson,JR Hazlewood,0,0,,,,,,,,,
654061,2013/14,2014-01-05,Adelaide Oval,1,4.3,Adelaide Strikers,Sydney Sixers,PJ Hughes,CJ Ferguson,JR Hazlewood,1,0,,,,,,,,,
654061,2013/14,2014-01-05,Adelaide Oval,1,4.4,Adelaide Strikers,Sydney Sixers,CJ Ferguson,PJ Hughes,JR Hazlewood,0,1,,,,1,,,,,
654061,2013/14,2014-01-05,Adelaide Oval,1,4.5,Adelaide Strikers,Sydney Sixers,PJ Hughes,CJ Ferguson,JR Hazlewood,0,0,,,,,,,,,
654061,2013/14,2014-01-05,Adelaide Oval,1,4.6,Adelaide Strikers,Sydney Sixers,PJ Hughes,CJ Ferguson,JR Hazlewood,1,0,,,,,,,,,
654061,2013/14,2014-01-05,Adelaide Oval,1,5.1,Adelaide Strikers,Sydney Sixers,PJ Hughes,CJ Ferguson,JK Lalor,1,0,,,,,,,,,
654061,2013/14,2014-01-05,Adelaide Oval,1,5.2,Adelaide Strikers,Sydney Sixers,CJ Ferguson,PJ Hughes,JK Lalor,1,0,,,,,,,,,
654061,2013/14,2014-01-05,Adelaide Oval,1,5.3,Adelaide Strikers,Sydney Sixers,PJ Hughes,CJ Ferguson,JK Lalor,1,0,,,,,,,,,
654061,2013/14,2014-01-05,Adelaide Oval,1,5.4,Adelaide Strikers,Sydney Sixers,CJ Ferguson,PJ Hughes,JK Lalor,2,0,,,,,,,,,
654061,2013/14,2014-01-05,Adelaide Oval,1,5.5,Adelaide Strikers,Sydney Sixers,CJ Ferguson,PJ Hughes,JK Lalor,1,0,,,,,,,,,
654061,2013/14,2014-01-05,Adelaide Oval,1,5.6,Adelaide Strikers,Sydney Sixers,PJ Hughes,CJ Ferguson,JK Lalor,1,0,,,,,,,,,
654061,2013/14,2014-01-05,Adelaide Oval,1,6.1,Adelaide Strikers,Sydney Sixers,PJ Hughes,CJ Ferguson,JR Hazlewood,0,0,,,,,,,,,
654061,2013/14,2014-01-05,Adelaide Oval,1,6.2,Adelaide Strikers,Sydney Sixers,PJ Hughes,CJ Ferguson,JR Hazlewood,1,0,,,,,,,,,
654061,2013/14,2014-01-05,Adelaide Oval,1,6.3,Adelaide Strikers,Sydney Sixers,CJ Ferguson,PJ Hughes,JR Hazlewood,0,0,,,,,,caught,CJ Ferguson,,
654061,2013/14,2014-01-05,Adelaide Oval,1,6.4,Adelaide Strikers,Sydney Sixers,NJ Reardon,PJ Hughes,JR Hazlewood,1,0,,,,,,,,,
654061,2013/14,2014-01-05,Adelaide Oval,1,6.5,Adelaide Strikers,Sydney Sixers,PJ Hughes,NJ Reardon,JR Hazlewood,0,0,,,,,,,,,
654061,2013/14,2014-01-05,Adelaide Oval,1,6.6,Adelaide Strikers,Sydney Sixers,PJ Hughes,NJ Reardon,JR Hazlewood,0,0,,,,,,,,,
654061,2013/14,2014-01-05,Adelaide Oval,1,7.1,Adelaide Strikers,Sydney Sixers,NJ Reardon,PJ Hughes,MJ North,2,0,,,,,,,,,
654061,2013/14,2014-01-05,Adelaide Oval,1,7.2,Adelaide Strikers,Sydney Sixers,NJ Reardon,PJ Hughes,MJ North,1,0,,,,,,,,,
654061,2013/14,2014-01-05,Adelaide Oval,1,7.3,Adelaide Strikers,Sydney Sixers,PJ Hughes,NJ Reardon,MJ North,0,0,,,,,,,,,
654061,2013/14,2014-01-05,Adelaide Oval,1,7.4,Adelaide Strikers,Sydney Sixers,PJ Hughes,NJ Reardon,MJ North,0,0,,,,,,bowled,PJ Hughes,,
654061,2013/14,2014-01-05,Adelaide Oval,1,7.5,Adelaide Strikers,Sydney Sixers,Shakib Al Hasan,NJ Reardon,MJ North,2,0,,,,,,,,,
654061,2013/14,2014-01-05,Adelaide Oval,1,7.6,Adelaide Strikers,Sydney Sixers,Shakib Al Hasan,NJ Reardon,MJ North,1,0,,,,,,,,,
654061,2013/14,2014-01-05,Adelaide Oval,1,8.1,Adelaide Strikers,Sydney Sixers,Shakib Al Hasan,NJ Reardon,RS Bopara,0,0,,,,,,,,,
654061,2013/14,2014-01-05,Adelaide Oval,1,8.2,Adelaide Strikers,Sydney Sixers,Shakib Al Hasan,NJ Reardon,RS Bopara,0,0,,,,,,,,,
654061,2013/14,2014-01-05,Adelaide Oval,1,8.3,Adelaide Strikers,Sydney Sixers,Shakib Al Hasan,NJ Reardon,RS Bopara,1,0,,,,,,,,,
654061,2013/14,2014-01-05,Adelaide Oval,1,8.4,Adelaide Strikers,Sydney Sixers,NJ Reardon,Shakib Al Hasan,RS Bopara,4,0,,,,,,,,,
654061,2013/14,2014-01-05,Adelaide Oval,1,8.5,Adelaide Strikers,Sydney Sixers,NJ Reardon,Shakib Al Hasan,RS Bopara,0,0,,,,,,,,,
654061,2013/14,2014-01-05,Adelaide Oval,1,8.6,Adelaide Strikers,Sydney Sixers,NJ Reardon,Shakib Al Hasan,RS Bopara,1,0,,,,,,,,,
654061,2013/14,2014-01-05,Adelaide Oval,1,9.1,Adelaide Strikers,Sydney Sixers,NJ Reardon,Shakib Al Hasan,B Lee,0,0,,,,,,,,,
654061,2013/14,2014-01-05,Adelaide Oval,1,9.2,Adelaide Strikers,Sydney Sixers,NJ Reardon,Shakib Al Hasan,B Lee,1,0,,,,,,,,,
654061,2013/14,2014-01-05,Adelaide Oval,1,9.3,Adelaide Strikers,Sydney Sixers,Shakib Al Hasan,NJ Reardon,B Lee,4,0,,,,,,,,,
654061,2013/14,2014-01-05,Adelaide Oval,1,9.4,Adelaide Strikers,Sydney Sixers,Shakib Al Hasan,NJ Reardon,B Lee,1,0,,,,,,,,,
654061,2013/14,2014-01-05,Adelaide Oval,1,9.5,Adelaide Strikers,Sydney Sixers,NJ Reardon,Shakib Al Hasan,B Lee,0,5,5,,,,,,,,
654061,2013/14,2014-01-05,Adelaide Oval,1,9.6,Adelaide Strikers,Sydney Sixers,NJ Reardon,Shakib Al Hasan,B Lee,4,0,,,,,,,,,
654061,2013/14,2014-01-05,Adelaide Oval,1,9.7,Adelaide Strikers,Sydney Sixers,NJ Reardon,Shakib Al Hasan,B Lee,1,0,,,,,,,,,
654061,2013/14,2014-01-05,Adelaide Oval,1,10.1,Adelaide Strikers,Sydney Sixers,NJ Reardon,Shakib Al Hasan,RS Bopara,1,0,,,,,,,,,
654061,2013/14,2014-01-05,Adelaide Oval,1,10.2,Adelaide Strikers,Sydney Sixers,Shakib Al Hasan,NJ Reardon,RS Bopara,4,0,,,,,,,,,
654061,2013/14,2014-01-05,Adelaide Oval,1,10.3,Adelaide Strikers,Sydney Sixers,Shakib Al Hasan,NJ Reardon,RS Bopara,1,0,,,,,,,,,
654061,2013/14,2014-01-05,Adelaide Oval,1,10.4,Adelaide Strikers,Sydney Sixers,NJ Reardon,Shakib Al Hasan,RS Bopara,0,1,1,,,,,,,,
654061,2013/14,2014-01-05,Adelaide Oval,1,10.5,Adelaide Strikers,Sydney Sixers,NJ Reardon,Shakib Al Hasan,RS Bopara,1,0,,,,,,,,,
654061,2013/14,2014-01-05,Adelaide Oval,1,10.6,Adelaide Strikers,Sydney Sixers,Shakib Al Hasan,NJ Reardon,RS Bopara,1,0,,,,,,,,,
654061,2013/14,2014-01-05,Adelaide Oval,1,10.7,Adelaide Strikers,Sydney Sixers,NJ Reardon,Shakib Al Hasan,RS Bopara,2,0,,,,,,,,,
654061,2013/14,2014-01-05,Adelaide Oval,1,11.1,Adelaide Strikers,Sydney Sixers,Shakib Al Hasan,NJ Reardon,MJ North,0,0,,,,,,,,,
654061,2013/14,2014-01-05,Adelaide Oval,1,11.2,Adelaide Strikers,Sydney Sixers,Shakib Al Hasan,NJ Reardon,MJ North,2,0,,,,,,,,,
654061,2013/14,2014-01-05,Adelaide Oval,1,11.3,Adelaide Strikers,Sydney Sixers,Shakib Al Hasan,NJ Reardon,MJ North,1,0,,,,,,,,,
654061,2013/14,2014-01-05,Adelaide Oval,1,11.4,Adelaide Strikers,Sydney Sixers,NJ Reardon,Shakib Al Hasan,MJ North,1,0,,,,,,,,,
654061,2013/14,2014-01-05,Adelaide Oval,1,11.5,Adelaide Strikers,Sydney Sixers,Shakib Al Hasan,NJ Reardon,MJ North,1,0,,,,,,,,,
654061,2013/14,2014-01-05,Adelaide Oval,1,11.6,Adelaide Strikers,Sydney Sixers,NJ Reardon,Shakib Al Hasan,MJ North,1,0,,,,,,,,,
654061,2013/14,2014-01-05,Adelaide Oval,1,12.1,Adelaide Strikers,Sydney Sixers,NJ Reardon,Shakib Al Hasan,MC Henriques,2,0,,,,,,,,,
654061,2013/14,2014-01-05,Adelaide Oval,1,12.2,Adelaide Strikers,Sydney Sixers,NJ Reardon,Shakib Al Hasan,MC Henriques,0,0,,,,,,,,,
654061,2013/14,2014-01-05,Adelaide Oval,1,12.3,Adelaide Strikers,Sydney Sixers,NJ Reardon,Shakib Al Hasan,MC Henriques,1,0,,,,,,,,,
654061,2013/14,2014-01-05,Adelaide Oval,1,12.4,Adelaide Strikers,Sydney Sixers,Shakib Al Hasan,NJ Reardon,MC Henriques,0,0,,,,,,,,,
654061,2013/14,2014-01-05,Adelaide Oval,1,12.5,Adelaide Strikers,Sydney Sixers,Shakib Al Hasan,NJ Reardon,MC Henriques,1,0,,,,,,,,,
654061,2013/14,2014-01-05,Adelaide Oval,1,12.6,Adelaide Strikers,Sydney Sixers,NJ Reardon,Shakib Al Hasan,MC Henriques,4,0,,,,,,,,,
654061,2013/14,2014-01-05,Adelaide Oval,1,13.1,Adelaide Strikers,Sydney Sixers,Shakib Al Hasan,NJ Reardon,SNJ O'Keefe,1,0,,,,,,,,,
654061,2013/14,2014-01-05,Adelaide Oval,1,13.2,Adelaide Strikers,Sydney Sixers,NJ Reardon,Shakib Al Hasan,SNJ O'Keefe,1,0,,,,,,,,,
654061,2013/14,2014-01-05,Adelaide Oval,1,13.3,Adelaide Strikers,Sydney Sixers,Shakib Al Hasan,NJ Reardon,SNJ O'Keefe,0,0,,,,,,,,,
654061,2013/14,2014-01-05,Adelaide Oval,1,13.4,Adelaide Strikers,Sydney Sixers,Shakib Al Hasan,NJ Reardon,SNJ O'Keefe,2,0,,,,,,,,,
654061,2013/14,2014-01-05,Adelaide Oval,1,13.5,Adelaide Strikers,Sydney Sixers,Shakib Al Hasan,NJ Reardon,SNJ O'Keefe,2,0,,,,,,,,,
654061,2013/14,2014-01-05,Adelaide Oval,1,13.6,Adelaide Strikers,Sydney Sixers,Shakib Al Hasan,NJ Reardon,SNJ O'Keefe,6,0,,,,,,,,,
654061,2013/14,2014-01-05,Adelaide Oval,1,14.1,Adelaide Strikers,Sydney Sixers,NJ Reardon,Shakib Al Hasan,MC Henriques,1,0,,,,,,,,,
654061,2013/14,2014-01-05,Adelaide Oval,1,14.2,Adelaide Strikers,Sydney Sixers,Shakib Al Hasan,NJ Reardon,MC Henriques,1,0,,,,,,,,,
654061,2013/14,2014-01-05,Adelaide Oval,1,14.3,Adelaide Strikers,Sydney Sixers,NJ Reardon,Shakib Al Hasan,MC Henriques,1,0,,,,,,,,,
654061,2013/14,2014-01-05,Adelaide Oval,1,14.4,Adelaide Strikers,Sydney Sixers,Shakib Al Hasan,NJ Reardon,MC Henriques,6,0,,,,,,,,,
654061,2013/14,2014-01-05,Adelaide Oval,1,14.5,Adelaide Strikers,Sydney Sixers,Shakib Al Hasan,NJ Reardon,MC Henriques,0,0,,,,,,,,,
654061,2013/14,2014-01-05,Adelaide Oval,1,14.6,Adelaide Strikers,Sydney Sixers,Shakib Al Hasan,NJ Reardon,MC Henriques,1,0,,,,,,,,,
654061,2013/14,2014-01-05,Adelaide Oval,1,15.1,Adelaide Strikers,Sydney Sixers,Shakib Al Hasan,NJ Reardon,JR Hazlewood,2,0,,,,,,,,,
654061,2013/14,2014-01-05,Adelaide Oval,1,15.2,Adelaide Strikers,Sydney Sixers,Shakib Al Hasan,NJ Reardon,JR Hazlewood,0,0,,,,,,,,,
654061,2013/14,2014-01-05,Adelaide Oval,1,15.3,Adelaide Strikers,Sydney Sixers,Shakib Al Hasan,NJ Reardon,JR Hazlewood,4,0,,,,,,,,,
654061,2013/14,2014-01-05,Adelaide Oval,1,15.4,Adelaide Strikers,Sydney Sixers,Shakib Al Hasan,NJ Reardon,JR Hazlewood,1,0,,,,,,,,,
654061,2013/14,2014-01-05,Adelaide Oval,1,15.5,Adelaide Strikers,Sydney Sixers,NJ Reardon,Shakib Al Hasan,JR Hazlewood,1,0,,,,,,,,,
654061,2013/14,2014-01-05,Adelaide Oval,1,15.6,Adelaide Strikers,Sydney Sixers,Shakib Al Hasan,NJ Reardon,JR Hazlewood,0,0,,,,,,caught,Shakib Al Hasan,,
654061,2013/14,2014-01-05,Adelaide Oval,1,16.1,Adelaide Strikers,Sydney Sixers,NJ Reardon,TP Ludeman,JK Lalor,6,0,,,,,,,,,
654061,2013/14,2014-01-05,Adelaide Oval,1,16.2,Adelaide Strikers,Sydney Sixers,NJ Reardon,TP Ludeman,JK Lalor,1,0,,,,,,,,,
654061,2013/14,2014-01-05,Adelaide Oval,1,16.3,Adelaide Strikers,Sydney Sixers,TP Ludeman,NJ Reardon,JK Lalor,4,0,,,,,,,,,
654061,2013/14,2014-01-05,Adelaide Oval,1,16.4,Adelaide Strikers,Sydney Sixers,TP Ludeman,NJ Reardon,JK Lalor,6,0,,,,,,,,,
654061,2013/14,2014-01-05,Adelaide Oval,1,16.5,Adelaide Strikers,Sydney Sixers,TP Ludeman,NJ Reardon,JK Lalor,0,1,,,,1,,,,,
654061,2013/14,2014-01-05,Adelaide Oval,1,16.6,Adelaide Strikers,Sydney Sixers,NJ Reardon,TP Ludeman,JK Lalor,1,0,,,,,,,,,
654061,2013/14,2014-01-05,Adelaide Oval,1,17.1,Adelaide Strikers,Sydney Sixers,NJ Reardon,TP Ludeman,JR Hazlewood,1,0,,,,,,,,,
654061,2013/14,2014-01-05,Adelaide Oval,1,17.2,Adelaide Strikers,Sydney Sixers,TP Ludeman,NJ Reardon,JR Hazlewood,0,0,,,,,,caught,TP Ludeman,,
654061,2013/14,2014-01-05,Adelaide Oval,1,17.3,Adelaide Strikers,Sydney Sixers,NJ Reardon,MG Neser,JR Hazlewood,1,0,,,,,,,,,
654061,2013/14,2014-01-05,Adelaide Oval,1,17.4,Adelaide Strikers,Sydney Sixers,MG Neser,NJ Reardon,JR Hazlewood,0,0,,,,,,,,,
654061,2013/14,2014-01-05,Adelaide Oval,1,17.5,Adelaide Strikers,Sydney Sixers,MG Neser,NJ Reardon,JR Hazlewood,0,0,,,,,,,,,
654061,2013/14,2014-01-05,Adelaide Oval,1,17.6,Adelaide Strikers,Sydney Sixers,MG Neser,NJ Reardon,JR Hazlewood,1,0,,,,,,,,,
654061,2013/14,2014-01-05,Adelaide Oval,1,18.1,Adelaide Strikers,Sydney Sixers,MG Neser,NJ Reardon,JK Lalor,1,0,,,,,,,,,
654061,2013/14,2014-01-05,Adelaide Oval,1,18.2,Adelaide Strikers,Sydney Sixers,NJ Reardon,MG Neser,JK Lalor,1,0,,,,,,,,,
654061,2013/14,2014-01-05,Adelaide Oval,1,18.3,Adelaide Strikers,Sydney Sixers,MG Neser,NJ Reardon,JK Lalor,0,0,,,,,,run out,NJ Reardon,,
654061,2013/14,2014-01-05,Adelaide Oval,1,18.4,Adelaide Strikers,Sydney Sixers,KW Richardson,MG Neser,JK Lalor,1,0,,,,,,,,,
654061,2013/14,2014-01-05,Adelaide Oval,1,18.5,Adelaide Strikers,Sydney Sixers,MG Neser,KW Richardson,JK Lalor,0,0,,,,,,,,,
654061,2013/14,2014-01-05,Adelaide Oval,1,18.6,Adelaide Strikers,Sydney Sixers,MG Neser,KW Richardson,JK Lalor,1,0,,,,,,,,,
654061,2013/14,2014-01-05,Adelaide Oval,1,19.1,Adelaide Strikers,Sydney Sixers,MG Neser,KW Richardson,B Lee,3,0,,,,,,,,,
654061,2013/14,2014-01-05,Adelaide Oval,1,19.2,Adelaide Strikers,Sydney Sixers,KW Richardson,MG Neser,B Lee,1,0,,,,,,,,,
654061,2013/14,2014-01-05,Adelaide Oval,1,19.3,Adelaide Strikers,Sydney Sixers,MG Neser,KW Richardson,B Lee,1,0,,,,,,,,,
654061,2013/14,2014-01-05,Adelaide Oval,1,19.4,Adelaide Strikers,Sydney Sixers,KW Richardson,MG Neser,B Lee,0,0,,,,,,,,,
654061,2013/14,2014-01-05,Adelaide Oval,1,19.5,Adelaide Strikers,Sydney Sixers,KW Richardson,MG Neser,B Lee,4,0,,,,,,,,,
654061,2013/14,2014-01-05,Adelaide Oval,1,19.6,Adelaide Strikers,Sydney Sixers,KW Richardson,MG Neser,B Lee,2,0,,,,,,,,,
654061,2013/14,2014-01-05,Adelaide Oval,2,0.1,Sydney Sixers,Adelaide Strikers,MJ Lumb,NJ Maddinson,KW Richardson,0,0,,,,,,,,,
654061,2013/14,2014-01-05,Adelaide Oval,2,0.2,Sydney Sixers,Adelaide Strikers,MJ Lumb,NJ Maddinson,KW Richardson,0,0,,,,,,,,,
654061,2013/14,2014-01-05,Adelaide Oval,2,0.3,Sydney Sixers,Adelaide Strikers,MJ Lumb,NJ Maddinson,KW Richardson,0,1,1,,,,,,,,
654061,2013/14,2014-01-05,Adelaide Oval,2,0.4,Sydney Sixers,Adelaide Strikers,MJ Lumb,NJ Maddinson,KW Richardson,0,0,,,,,,,,,
654061,2013/14,2014-01-05,Adelaide Oval,2,0.5,Sydney Sixers,Adelaide Strikers,MJ Lumb,NJ Maddinson,KW Richardson,6,0,,,,,,,,,
654061,2013/14,2014-01-05,Adelaide Oval,2,0.6,Sydney Sixers,Adelaide Strikers,MJ Lumb,NJ Maddinson,KW Richardson,1,0,,,,,,,,,
654061,2013/14,2014-01-05,Adelaide Oval,2,0.7,Sydney Sixers,Adelaide Strikers,NJ Maddinson,MJ Lumb,KW Richardson,0,0,,,,,,,,,
654061,2013/14,2014-01-05,Adelaide Oval,2,1.1,Sydney Sixers,Adelaide Strikers,MJ Lumb,NJ Maddinson,SW Tait,0,0,,,,,,,,,
654061,2013/14,2014-01-05,Adelaide Oval,2,1.2,Sydney Sixers,Adelaide Strikers,MJ Lumb,NJ Maddinson,SW Tait,1,0,,,,,,,,,
654061,2013/14,2014-01-05,Adelaide Oval,2,1.3,Sydney Sixers,Adelaide Strikers,NJ Maddinson,MJ Lumb,SW Tait,0,0,,,,,,,,,
654061,2013/14,2014-01-05,Adelaide Oval,2,1.4,Sydney Sixers,Adelaide Strikers,NJ Maddinson,MJ Lumb,SW Tait,0,0,,,,,,caught,NJ Maddinson,,
654061,2013/14,2014-01-05,Adelaide Oval,2,1.5,Sydney Sixers,Adelaide Strikers,MJ Lumb,MC Henriques,SW Tait,0,0,,,,,,,,,
654061,2013/14,2014-01-05,Adelaide Oval,2,1.6,Sydney Sixers,Adelaide Strikers,MJ Lumb,MC Henriques,SW Tait,0,0,,,,,,,,,
654061,2013/14,2014-01-05,Adelaide Oval,2,2.1,Sydney Sixers,Adelaide Strikers,MC Henriques,MJ Lumb,KW Richardson,0,0,,,,,,,,,
654061,2013/14,2014-01-05,Adelaide Oval,2,2.2,Sydney Sixers,Adelaide Strikers,MC Henriques,MJ Lumb,KW Richardson,4,0,,,,,,,,,
654061,2013/14,2014-01-05,Adelaide Oval,2,2.3,Sydney Sixers,Adelaide Strikers,MC Henriques,MJ Lumb,KW Richardson,0,0,,,,,,,,,
654061,2013/14,2014-01-05,Adelaide Oval,2,2.4,Sydney Sixers,Adelaide Strikers,MC Henriques,MJ Lumb,KW Richardson,0,0,,,,,,,,,
654061,2013/14,2014-01-05,Adelaide Oval,2,2.5,Sydney Sixers,Adelaide Strikers,MC Henriques,MJ Lumb,KW Richardson,1,0,,,,,,,,,
654061,2013/14,2014-01-05,Adelaide Oval,2,2.6,Sydney Sixers,Adelaide Strikers,MJ Lumb,MC Henriques,KW Richardson,3,0,,,,,,,,,
654061,2013/14,2014-01-05,Adelaide Oval,2,3.1,Sydney Sixers,Adelaide Strikers,MJ Lumb,MC Henriques,SW Tait,1,0,,,,,,,,,
654061,2013/14,2014-01-05,Adelaide Oval,2,3.2,Sydney Sixers,Adelaide Strikers,MC Henriques,MJ Lumb,SW Tait,0,1,1,,,,,,,,
654061,2013/14,2014-01-05,Adelaide Oval,2,3.3,Sydney Sixers,Adelaide Strikers,MC Henriques,MJ Lumb,SW Tait,4,0,,,,,,,,,
654061,2013/14,2014-01-05,Adelaide Oval,2,3.4,Sydney Sixers,Adelaide Strikers,MC Henriques,MJ Lumb,SW Tait,2,0,,,,,,,,,
654061,2013/14,2014-01-05,Adelaide Oval,2,3.5,Sydney Sixers,Adelaide Strikers,MC Henriques,MJ Lumb,SW Tait,4,0,,,,,,,,,
654061,2013/14,2014-01-05,Adelaide Oval,2,3.6,Sydney Sixers,Adelaide Strikers,MC Henriques,MJ Lumb,SW Tait,0,0,,,,,,,,,
654061,2013/14,2014-01-05,Adelaide Oval,2,3.7,Sydney Sixers,Adelaide Strikers,MC Henriques,MJ Lumb,SW Tait,4,0,,,,,,,,,
654061,2013/14,2014-01-05,Adelaide Oval,2,4.1,Sydney Sixers,Adelaide Strikers,MJ Lumb,MC Henriques,MG Neser,6,0,,,,,,,,,
654061,2013/14,2014-01-05,Adelaide Oval,2,4.2,Sydney Sixers,Adelaide Strikers,MJ Lumb,MC Henriques,MG Neser,0,0,,,,,,,,,
654061,2013/14,2014-01-05,Adelaide Oval,2,4.3,Sydney Sixers,Adelaide Strikers,MJ Lumb,MC Henriques,MG Neser,1,0,,,,,,,,,
654061,2013/14,2014-01-05,Adelaide Oval,2,4.4,Sydney Sixers,Adelaide Strikers,MC Henriques,MJ Lumb,MG Neser,0,0,,,,,,,,,
654061,2013/14,2014-01-05,Adelaide Oval,2,4.5,Sydney Sixers,Adelaide Strikers,MC Henriques,MJ Lumb,MG Neser,1,0,,,,,,,,,
654061,2013/14,2014-01-05,Adelaide Oval,2,4.6,Sydney Sixers,Adelaide Strikers,MJ Lumb,MC Henriques,MG Neser,1,0,,,,,,,,,
654061,2013/14,2014-01-05,Adelaide Oval,2,5.1,Sydney Sixers,Adelaide Strikers,MJ Lumb,MC Henriques,Shakib Al Hasan,0,0,,,,,,,,,
654061,2013/14,2014-01-05,Adelaide Oval,2,5.2,Sydney Sixers,Adelaide Strikers,MJ Lumb,MC Henriques,Shakib Al Hasan,4,0,,,,,,,,,
654061,2013/14,2014-01-05,Adelaide Oval,2,5.3,Sydney Sixers,Adelaide Strikers,MJ Lumb,MC Henriques,Shakib Al Hasan,0,0,,,,,,,,,
654061,2013/14,2014-01-05,Adelaide Oval,2,5.4,Sydney Sixers,Adelaide Strikers,MJ Lumb,MC Henriques,Shakib Al Hasan,1,0,,,,,,,,,
654061,2013/14,2014-01-05,Adelaide Oval,2,5.5,Sydney Sixers,Adelaide Strikers,MC Henriques,MJ Lumb,Shakib Al Hasan,4,0,,,,,,,,,
654061,2013/14,2014-01-05,Adelaide Oval,2,5.6,Sydney Sixers,Adelaide Strikers,MC Henriques,MJ Lumb,Shakib Al Hasan,0,0,,,,,,,,,
654061,2013/14,2014-01-05,Adelaide Oval,2,6.1,Sydney Sixers,Adelaide Strikers,MJ Lumb,MC Henriques,A Zampa,1,0,,,,,,,,,
654061,2013/14,2014-01-05,Adelaide Oval,2,6.2,Sydney Sixers,Adelaide Strikers,MC Henriques,MJ Lumb,A Zampa,1,0,,,,,,,,,
654061,2013/14,2014-01-05,Adelaide Oval,2,6.3,Sydney Sixers,Adelaide Strikers,MJ Lumb,MC Henriques,A Zampa,0,0,,,,,,,,,
654061,2013/14,2014-01-05,Adelaide Oval,2,6.4,Sydney Sixers,Adelaide Strikers,MJ Lumb,MC Henriques,A Zampa,1,0,,,,,,,,,
654061,2013/14,2014-01-05,Adelaide Oval,2,6.5,Sydney Sixers,Adelaide Strikers,MC Henriques,MJ Lumb,A Zampa,1,0,,,,,,,,,
654061,2013/14,2014-01-05,Adelaide Oval,2,6.6,Sydney Sixers,Adelaide Strikers,MJ Lumb,MC Henriques,A Zampa,0,0,,,,,,,,,
654061,2013/14,2014-01-05,Adelaide Oval,2,7.1,Sydney Sixers,Adelaide Strikers,MC Henriques,MJ Lumb,Shakib Al Hasan,0,0,,,,,,,,,
654061,2013/14,2014-01-05,Adelaide Oval,2,7.2,Sydney Sixers,Adelaide Strikers,MC Henriques,MJ Lumb,Shakib Al Hasan,0,0,,,,,,lbw,MC Henriques,,
654061,2013/14,2014-01-05,Adelaide Oval,2,7.3,Sydney Sixers,Adelaide Strikers,MJ North,MJ Lumb,Shakib Al Hasan,1,0,,,,,,,,,
654061,2013/14,2014-01-05,Adelaide Oval,2,7.4,Sydney Sixers,Adelaide Strikers,MJ Lumb,MJ North,Shakib Al Hasan,1,0,,,,,,,,,
654061,2013/14,2014-01-05,Adelaide Oval,2,7.5,Sydney Sixers,Adelaide Strikers,MJ North,MJ Lumb,Shakib Al Hasan,0,0,,,,,,,,,
654061,2013/14,2014-01-05,Adelaide Oval,2,7.6,Sydney Sixers,Adelaide Strikers,MJ North,MJ Lumb,Shakib Al Hasan,0,0,,,,,,,,,
654061,2013/14,2014-01-05,Adelaide Oval,2,8.1,Sydney Sixers,Adelaide Strikers,MJ Lumb,MJ North,A Zampa,1,0,,,,,,,,,
654061,2013/14,2014-01-05,Adelaide Oval,2,8.2,Sydney Sixers,Adelaide Strikers,MJ North,MJ Lumb,A Zampa,1,0,,,,,,,,,
654061,2013/14,2014-01-05,Adelaide Oval,2,8.3,Sydney Sixers,Adelaide Strikers,MJ Lumb,MJ North,A Zampa,1,0,,,,,,,,,
654061,2013/14,2014-01-05,Adelaide Oval,2,8.4,Sydney Sixers,Adelaide Strikers,MJ North,MJ Lumb,A Zampa,0,0,,,,,,,,,
654061,2013/14,2014-01-05,Adelaide Oval,2,8.5,Sydney Sixers,Adelaide Strikers,MJ North,MJ Lumb,A Zampa,0,0,,,,,,,,,
654061,2013/14,2014-01-05,Adelaide Oval,2,8.6,Sydney Sixers,Adelaide Strikers,MJ North,MJ Lumb,A Zampa,1,0,,,,,,,,,
654061,2013/14,2014-01-05,Adelaide Oval,2,9.1,Sydney Sixers,Adelaide Strikers,MJ North,MJ Lumb,MG Neser,1,0,,,,,,,,,
654061,2013/14,2014-01-05,Adelaide Oval,2,9.2,Sydney Sixers,Adelaide Strikers,MJ Lumb,MJ North,MG Neser,0,0,,,,,,,,,
654061,2013/14,2014-01-05,Adelaide Oval,2,9.3,Sydney Sixers,Adelaide Strikers,MJ Lumb,MJ North,MG Neser,0,1,,,,1,,,,,
654061,2013/14,2014-01-05,Adelaide Oval,2,9.4,Sydney Sixers,Adelaide Strikers,MJ North,MJ Lumb,MG Neser,1,0,,,,,,,,,
654061,2013/14,2014-01-05,Adelaide Oval,2,9.5,Sydney Sixers,Adelaide Strikers,MJ Lumb,MJ North,MG Neser,0,0,,,,,,,,,
654061,2013/14,2014-01-05,Adelaide Oval,2,9.6,Sydney Sixers,Adelaide Strikers,MJ Lumb,MJ North,MG Neser,0,0,,,,,,,,,
654061,2013/14,2014-01-05,Adelaide Oval,2,10.1,Sydney Sixers,Adelaide Strikers,MJ North,MJ Lumb,A Zampa,1,0,,,,,,,,,
654061,2013/14,2014-01-05,Adelaide Oval,2,10.2,Sydney Sixers,Adelaide Strikers,MJ Lumb,MJ North,A Zampa,6,0,,,,,,,,,
654061,2013/14,2014-01-05,Adelaide Oval,2,10.3,Sydney Sixers,Adelaide Strikers,MJ Lumb,MJ North,A Zampa,6,0,,,,,,,,,
654061,2013/14,2014-01-05,Adelaide Oval,2,10.4,Sydney Sixers,Adelaide Strikers,MJ Lumb,MJ North,A Zampa,1,0,,,,,,,,,
654061,2013/14,2014-01-05,Adelaide Oval,2,10.5,Sydney Sixers,Adelaide Strikers,MJ North,MJ Lumb,A Zampa,1,0,,,,,,,,,
654061,2013/14,2014-01-05,Adelaide Oval,2,10.6,Sydney Sixers,Adelaide Strikers,MJ Lumb,MJ North,A Zampa,6,0,,,,,,,,,
654061,2013/14,2014-01-05,Adelaide Oval,2,11.1,Sydney Sixers,Adelaide Strikers,MJ North,MJ Lumb,SW Tait,4,0,,,,,,,,,
654061,2013/14,2014-01-05,Adelaide Oval,2,11.2,Sydney Sixers,Adelaide Strikers,MJ North,MJ Lumb,SW Tait,1,0,,,,,,,,,
654061,2013/14,2014-01-05,Adelaide Oval,2,11.3,Sydney Sixers,Adelaide Strikers,MJ Lumb,MJ North,SW Tait,2,0,,,,,,,,,
654061,2013/14,2014-01-05,Adelaide Oval,2,11.4,Sydney Sixers,Adelaide Strikers,MJ Lumb,MJ North,SW Tait,1,0,,,,,,,,,
654061,2013/14,2014-01-05,Adelaide Oval,2,11.5,Sydney Sixers,Adelaide Strikers,MJ North,MJ Lumb,SW Tait,1,0,,,,,,,,,
654061,2013/14,2014-01-05,Adelaide Oval,2,11.6,Sydney Sixers,Adelaide Strikers,MJ Lumb,MJ North,SW Tait,1,0,,,,,,,,,
654061,2013/14,2014-01-05,Adelaide Oval,2,12.1,Sydney Sixers,Adelaide Strikers,MJ Lumb,MJ North,MG Neser,1,0,,,,,,,,,
654061,2013/14,2014-01-05,Adelaide Oval,2,12.2,Sydney Sixers,Adelaide Strikers,MJ North,MJ Lumb,MG Neser,0,0,,,,,,,,,
654061,2013/14,2014-01-05,Adelaide Oval,2,12.3,Sydney Sixers,Adelaide Strikers,MJ North,MJ Lumb,MG Neser,0,1,1,,,,,,,,
654061,2013/14,2014-01-05,Adelaide Oval,2,12.4,Sydney Sixers,Adelaide Strikers,MJ North,MJ Lumb,MG Neser,2,0,,,,,,,,,
654061,2013/14,2014-01-05,Adelaide Oval,2,12.5,Sydney Sixers,Adelaide Strikers,MJ North,MJ Lumb,MG Neser,1,0,,,,,,,,,
654061,2013/14,2014-01-05,Adelaide Oval,2,12.6,Sydney Sixers,Adelaide Strikers,MJ Lumb,MJ North,MG Neser,0,0,,,,,,,,,
654061,2013/14,2014-01-05,Adelaide Oval,2,12.7,Sydney Sixers,Adelaide Strikers,MJ Lumb,MJ North,MG Neser,0,0,,,,,,,,,
654061,2013/14,2014-01-05,Adelaide Oval,2,13.1,Sydney Sixers,Adelaide Strikers,MJ North,MJ Lumb,Shakib Al Hasan,2,0,,,,,,,,,
654061,2013/14,2014-01-05,Adelaide Oval,2,13.2,Sydney Sixers,Adelaide Strikers,MJ North,MJ Lumb,Shakib Al Hasan,1,0,,,,,,,,,
654061,2013/14,2014-01-05,Adelaide Oval,2,13.3,Sydney Sixers,Adelaide Strikers,MJ Lumb,MJ North,Shakib Al Hasan,0,0,,,,,,caught,MJ Lumb,,
654061,2013/14,2014-01-05,Adelaide Oval,2,13.4,Sydney Sixers,Adelaide Strikers,RS Bopara,MJ North,Shakib Al Hasan,1,0,,,,,,,,,
654061,2013/14,2014-01-05,Adelaide Oval,2,13.5,Sydney Sixers,Adelaide Strikers,MJ North,RS Bopara,Shakib Al Hasan,1,0,,,,,,,,,
654061,2013/14,2014-01-05,Adelaide Oval,2,13.6,Sydney Sixers,Adelaide Strikers,RS Bopara,MJ North,Shakib Al Hasan,1,0,,,,,,,,,
654061,2013/14,2014-01-05,Adelaide Oval,2,14.1,Sydney Sixers,Adelaide Strikers,RS Bopara,MJ North,MG Neser,0,0,,,,,,,,,
654061,2013/14,2014-01-05,Adelaide Oval,2,14.2,Sydney Sixers,Adelaide Strikers,RS Bopara,MJ North,MG Neser,1,0,,,,,,,,,
654061,2013/14,2014-01-05,Adelaide Oval,2,14.3,Sydney Sixers,Adelaide Strikers,MJ North,RS Bopara,MG Neser,0,0,,,,,,,,,
654061,2013/14,2014-01-05,Adelaide Oval,2,14.4,Sydney Sixers,Adelaide Strikers,MJ North,RS Bopara,MG Neser,1,0,,,,,,,,,
654061,2013/14,2014-01-05,Adelaide Oval,2,14.5,Sydney Sixers,Adelaide Strikers,RS Bopara,MJ North,MG Neser,0,0,,,,,,,,,
654061,2013/14,2014-01-05,Adelaide Oval,2,14.6,Sydney Sixers,Adelaide Strikers,RS Bopara,MJ North,MG Neser,1,0,,,,,,,,,
654061,2013/14,2014-01-05,Adelaide Oval,2,15.1,Sydney Sixers,Adelaide Strikers,RS Bopara,MJ North,Shakib Al Hasan,1,0,,,,,,,,,
654061,2013/14,2014-01-05,Adelaide Oval,2,15.2,Sydney Sixers,Adelaide Strikers,MJ North,RS Bopara,Shakib Al Hasan,0,0,,,,,,,,,
654061,2013/14,2014-01-05,Adelaide Oval,2,15.3,Sydney Sixers,Adelaide Strikers,MJ North,RS Bopara,Shakib Al Hasan,1,0,,,,,,,,,
654061,2013/14,2014-01-05,Adelaide Oval,2,15.4,Sydney Sixers,Adelaide Strikers,RS Bopara,MJ North,Shakib Al Hasan,0,0,,,,,,,,,
654061,2013/14,2014-01-05,Adelaide Oval,2,15.5,Sydney Sixers,Adelaide Strikers,RS Bopara,MJ North,Shakib Al Hasan,1,0,,,,,,,,,
654061,2013/14,2014-01-05,Adelaide Oval,2,15.6,Sydney Sixers,Adelaide Strikers,MJ North,RS Bopara,Shakib Al Hasan,1,0,,,,,,,,,
654061,2013/14,2014-01-05,Adelaide Oval,2,16.1,Sydney Sixers,Adelaide Strikers,MJ North,RS Bopara,NJ Reardon,1,0,,,,,,,,,
654061,2013/14,2014-01-05,Adelaide Oval,2,16.2,Sydney Sixers,Adelaide Strikers,RS Bopara,MJ North,NJ Reardon,0,0,,,,,,,,,
654061,2013/14,2014-01-05,Adelaide Oval,2,16.3,Sydney Sixers,Adelaide Strikers,RS Bopara,MJ North,NJ Reardon,0,1,1,,,,,,,,
654061,2013/14,2014-01-05,Adelaide Oval,2,16.4,Sydney Sixers,Adelaide Strikers,RS Bopara,MJ North,NJ Reardon,1,0,,,,,,,,,
654061,2013/14,2014-01-05,Adelaide Oval,2,16.5,Sydney Sixers,Adelaide Strikers,MJ North,RS Bopara,NJ Reardon,2,0,,,,,,,,,
654061,2013/14,2014-01-05,Adelaide Oval,2,16.6,Sydney Sixers,Adelaide Strikers,MJ North,RS Bopara,NJ Reardon,6,0,,,,,,,,,
654061,2013/14,2014-01-05,Adelaide Oval,2,16.7,Sydney Sixers,Adelaide Strikers,MJ North,RS Bopara,NJ Reardon,6,0,,,,,,,,,
654061,2013/14,2014-01-05,Adelaide Oval,2,17.1,Sydney Sixers,Adelaide Strikers,RS Bopara,MJ North,KW Richardson,1,0,,,,,,,,,
654061,2013/14,2014-01-05,Adelaide Oval,2,17.2,Sydney Sixers,Adelaide Strikers,MJ North,RS Bopara,KW Richardson,0,0,,,,,,caught,MJ North,,
654061,2013/14,2014-01-05,Adelaide Oval,2,17.3,Sydney Sixers,Adelaide Strikers,JC Silk,RS Bopara,KW Richardson,1,0,,,,,,,,,
654061,2013/14,2014-01-05,Adelaide Oval,2,17.4,Sydney Sixers,Adelaide Strikers,RS Bopara,JC Silk,KW Richardson,4,0,,,,,,,,,
654061,2013/14,2014-01-05,Adelaide Oval,2,17.5,Sydney Sixers,Adelaide Strikers,RS Bopara,JC Silk,KW Richardson,1,0,,,,,,,,,
654061,2013/14,2014-01-05,Adelaide Oval,2,17.6,Sydney Sixers,Adelaide Strikers,JC Silk,RS Bopara,KW Richardson,2,0,,,,,,,,,
654061,2013/14,2014-01-05,Adelaide Oval,2,18.1,Sydney Sixers,Adelaide Strikers,RS Bopara,JC Silk,SW Tait,2,0,,,,,,,,,
654061,2013/14,2014-01-05,Adelaide Oval,2,18.2,Sydney Sixers,Adelaide Strikers,RS Bopara,JC Silk,SW Tait,1,0,,,,,,,,,
654061,2013/14,2014-01-05,Adelaide Oval,2,18.3,Sydney Sixers,Adelaide Strikers,JC Silk,RS Bopara,SW Tait,1,0,,,,,,,,,
654061,2013/14,2014-01-05,Adelaide Oval,2,18.4,Sydney Sixers,Adelaide Strikers,RS Bopara,JC Silk,SW Tait,2,0,,,,,,,,,
654061,2013/14,2014-01-05,Adelaide Oval,2,18.5,Sydney Sixers,Adelaide Strikers,RS Bopara,JC Silk,SW Tait,1,0,,,,,,,,,
654061,2013/14,2014-01-05,Adelaide Oval,2,18.6,Sydney Sixers,Adelaide Strikers,JC Silk,RS Bopara,SW Tait,0,0,,,,,,,,,
654061,2013/14,2014-01-05,Adelaide Oval,2,19.1,Sydney Sixers,Adelaide Strikers,RS Bopara,JC Silk,KW Richardson,4,0,,,,,,,,,
