match_id,season,start_date,venue,innings,ball,batting_team,bowling_team,striker,non_striker,bowler,runs_off_bat,extras,wides,noballs,byes,legbyes,penalty,wicket_type,player_dismissed,other_wicket_type,other_player_dismissed
654073,2013/14,2014-01-11,"Brisbane Cricket Ground, Woolloongabba",1,0.1,Brisbane Heat,Melbourne Stars,C Kieswetter,LA Pomersbach,DJ Hussey,1,0,,,,,,,,,
654073,2013/14,2014-01-11,"Brisbane Cricket Ground, Woolloongabba",1,0.2,Brisbane Heat,Melbourne Stars,LA Pomersbach,C Kieswetter,DJ Hussey,1,0,,,,,,,,,
654073,2013/14,2014-01-11,"Brisbane Cricket Ground, Woolloongabba",1,0.3,Brisbane Heat,Melbourne Stars,C Kieswetter,LA Pomersbach,DJ Hussey,3,0,,,,,,,,,
654073,2013/14,2014-01-11,"Brisbane Cricket Ground, Woolloongabba",1,0.4,Brisbane Heat,Melbourne Stars,LA Pomersbach,C Kieswetter,DJ Hussey,0,0,,,,,,lbw,LA Pomersbach,,
654073,2013/14,2014-01-11,"Brisbane Cricket Ground, Woolloongabba",1,0.5,Brisbane Heat,Melbourne Stars,PJ Forrest,C Kieswetter,DJ Hussey,1,0,,,,,,,,,
654073,2013/14,2014-01-11,"Brisbane Cricket Ground, Woolloongabba",1,0.6,Brisbane Heat,Melbourne Stars,C Kieswetter,PJ Forrest,DJ Hussey,0,0,,,,,,,,,
654073,2013/14,2014-01-11,"Brisbane Cricket Ground, Woolloongabba",1,1.1,Brisbane Heat,Melbourne Stars,PJ Forrest,C Kieswetter,JM Bird,1,0,,,,,,,,,
654073,2013/14,2014-01-11,"Brisbane Cricket Ground, Woolloongabba",1,1.2,Brisbane Heat,Melbourne Stars,C Kieswetter,PJ Forrest,JM Bird,0,0,,,,,,,,,
654073,2013/14,2014-01-11,"Brisbane Cricket Ground, Woolloongabba",1,1.3,Brisbane Heat,Melbourne Stars,C Kieswetter,PJ Forrest,JM Bird,0,0,,,,,,,,,
654073,2013/14,2014-01-11,"Brisbane Cricket Ground, Woolloongabba",1,1.4,Brisbane Heat,Melbourne Stars,C Kieswetter,PJ Forrest,JM Bird,0,0,,,,,,,,,
654073,2013/14,2014-01-11,"Brisbane Cricket Ground, Woolloongabba",1,1.5,Brisbane Heat,Melbourne Stars,C Kieswetter,PJ Forrest,JM Bird,0,0,,,,,,,,,
654073,2013/14,2014-01-11,"Brisbane Cricket Ground, Woolloongabba",1,1.6,Brisbane Heat,Melbourne Stars,C Kieswetter,PJ Forrest,JM Bird,4,0,,,,,,,,,
654073,2013/14,2014-01-11,"Brisbane Cricket Ground, Woolloongabba",1,2.1,Brisbane Heat,Melbourne Stars,PJ Forrest,C Kieswetter,JW Hastings,1,0,,,,,,,,,
654073,2013/14,2014-01-11,"Brisbane Cricket Ground, Woolloongabba",1,2.2,Brisbane Heat,Melbourne Stars,C Kieswetter,PJ Forrest,JW Hastings,0,0,,,,,,,,,
654073,2013/14,2014-01-11,"Brisbane Cricket Ground, Woolloongabba",1,2.3,Brisbane Heat,Melbourne Stars,C Kieswetter,PJ Forrest,JW Hastings,4,0,,,,,,,,,
654073,2013/14,2014-01-11,"Brisbane Cricket Ground, Woolloongabba",1,2.4,Brisbane Heat,Melbourne Stars,C Kieswetter,PJ Forrest,JW Hastings,1,0,,,,,,,,,
654073,2013/14,2014-01-11,"Brisbane Cricket Ground, Woolloongabba",1,2.5,Brisbane Heat,Melbourne Stars,PJ Forrest,C Kieswetter,JW Hastings,4,0,,,,,,,,,
654073,2013/14,2014-01-11,"Brisbane Cricket Ground, Woolloongabba",1,2.6,Brisbane Heat,Melbourne Stars,PJ Forrest,C Kieswetter,JW Hastings,0,0,,,,,,,,,
654073,2013/14,2014-01-11,"Brisbane Cricket Ground, Woolloongabba",1,3.1,Brisbane Heat,Melbourne Stars,C Kieswetter,PJ Forrest,JM Bird,0,0,,,,,,,,,
654073,2013/14,2014-01-11,"Brisbane Cricket Ground, Woolloongabba",1,3.2,Brisbane Heat,Melbourne Stars,C Kieswetter,PJ Forrest,JM Bird,0,0,,,,,,caught,C Kieswetter,,
654073,2013/14,2014-01-11,"Brisbane Cricket Ground, Woolloongabba",1,3.3,Brisbane Heat,Melbourne Stars,DT Christian,PJ Forrest,JM Bird,0,0,,,,,,,,,
654073,2013/14,2014-01-11,"Brisbane Cricket Ground, Woolloongabba",1,3.4,Brisbane Heat,Melbourne Stars,DT Christian,PJ Forrest,JM Bird,0,0,,,,,,,,,
654073,2013/14,2014-01-11,"Brisbane Cricket Ground, Woolloongabba",1,3.5,Brisbane Heat,Melbourne Stars,DT Christian,PJ Forrest,JM Bird,0,0,,,,,,,,,
654073,2013/14,2014-01-11,"Brisbane Cricket Ground, Woolloongabba",1,3.6,Brisbane Heat,Melbourne Stars,DT Christian,PJ Forrest,JM Bird,0,0,,,,,,,,,
654073,2013/14,2014-01-11,"Brisbane Cricket Ground, Woolloongabba",1,4.1,Brisbane Heat,Melbourne Stars,PJ Forrest,DT Christian,JW Hastings,2,0,,,,,,,,,
654073,2013/14,2014-01-11,"Brisbane Cricket Ground, Woolloongabba",1,4.2,Brisbane Heat,Melbourne Stars,PJ Forrest,DT Christian,JW Hastings,1,0,,,,,,,,,
654073,2013/14,2014-01-11,"Brisbane Cricket Ground, Woolloongabba",1,4.3,Brisbane Heat,Melbourne Stars,DT Christian,PJ Forrest,JW Hastings,1,0,,,,,,,,,
654073,2013/14,2014-01-11,"Brisbane Cricket Ground, Woolloongabba",1,4.4,Brisbane Heat,Melbourne Stars,PJ Forrest,DT Christian,JW Hastings,0,0,,,,,,,,,
654073,2013/14,2014-01-11,"Brisbane Cricket Ground, Woolloongabba",1,4.5,Brisbane Heat,Melbourne Stars,PJ Forrest,DT Christian,JW Hastings,1,0,,,,,,,,,
654073,2013/14,2014-01-11,"Brisbane Cricket Ground, Woolloongabba",1,4.6,Brisbane Heat,Melbourne Stars,DT Christian,PJ Forrest,JW Hastings,1,0,,,,,,,,,
654073,2013/14,2014-01-11,"Brisbane Cricket Ground, Woolloongabba",1,5.1,Brisbane Heat,Melbourne Stars,DT Christian,PJ Forrest,JM Bird,6,0,,,,,,,,,
654073,2013/14,2014-01-11,"Brisbane Cricket Ground, Woolloongabba",1,5.2,Brisbane Heat,Melbourne Stars,DT Christian,PJ Forrest,JM Bird,0,0,,,,,,,,,
654073,2013/14,2014-01-11,"Brisbane Cricket Ground, Woolloongabba",1,5.3,Brisbane Heat,Melbourne Stars,DT Christian,PJ Forrest,JM Bird,1,0,,,,,,,,,
654073,2013/14,2014-01-11,"Brisbane Cricket Ground, Woolloongabba",1,5.4,Brisbane Heat,Melbourne Stars,PJ Forrest,DT Christian,JM Bird,1,0,,,,,,,,,
654073,2013/14,2014-01-11,"Brisbane Cricket Ground, Woolloongabba",1,5.5,Brisbane Heat,Melbourne Stars,DT Christian,PJ Forrest,JM Bird,1,0,,,,,,,,,
654073,2013/14,2014-01-11,"Brisbane Cricket Ground, Woolloongabba",1,5.6,Brisbane Heat,Melbourne Stars,PJ Forrest,DT Christian,JM Bird,0,0,,,,,,caught,PJ Forrest,,
654073,2013/14,2014-01-11,"Brisbane Cricket Ground, Woolloongabba",1,6.1,Brisbane Heat,Melbourne Stars,CA Lynn,DT Christian,JM Muirhead,1,0,,,,,,,,,
654073,2013/14,2014-01-11,"Brisbane Cricket Ground, Woolloongabba",1,6.2,Brisbane Heat,Melbourne Stars,DT Christian,CA Lynn,JM Muirhead,1,0,,,,,,,,,
654073,2013/14,2014-01-11,"Brisbane Cricket Ground, Woolloongabba",1,6.3,Brisbane Heat,Melbourne Stars,CA Lynn,DT Christian,JM Muirhead,1,0,,,,,,,,,
654073,2013/14,2014-01-11,"Brisbane Cricket Ground, Woolloongabba",1,6.4,Brisbane Heat,Melbourne Stars,DT Christian,CA Lynn,JM Muirhead,1,0,,,,,,,,,
654073,2013/14,2014-01-11,"Brisbane Cricket Ground, Woolloongabba",1,6.5,Brisbane Heat,Melbourne Stars,CA Lynn,DT Christian,JM Muirhead,1,0,,,,,,,,,
654073,2013/14,2014-01-11,"Brisbane Cricket Ground, Woolloongabba",1,6.6,Brisbane Heat,Melbourne Stars,DT Christian,CA Lynn,JM Muirhead,0,0,,,,,,,,,
654073,2013/14,2014-01-11,"Brisbane Cricket Ground, Woolloongabba",1,7.1,Brisbane Heat,Melbourne Stars,CA Lynn,DT Christian,LJ Wright,1,0,,,,,,,,,
654073,2013/14,2014-01-11,"Brisbane Cricket Ground, Woolloongabba",1,7.2,Brisbane Heat,Melbourne Stars,DT Christian,CA Lynn,LJ Wright,0,0,,,,,,,,,
654073,2013/14,2014-01-11,"Brisbane Cricket Ground, Woolloongabba",1,7.3,Brisbane Heat,Melbourne Stars,DT Christian,CA Lynn,LJ Wright,1,0,,,,,,,,,
654073,2013/14,2014-01-11,"Brisbane Cricket Ground, Woolloongabba",1,7.4,Brisbane Heat,Melbourne Stars,CA Lynn,DT Christian,LJ Wright,2,0,,,,,,,,,
654073,2013/14,2014-01-11,"Brisbane Cricket Ground, Woolloongabba",1,7.5,Brisbane Heat,Melbourne Stars,CA Lynn,DT Christian,LJ Wright,4,0,,,,,,,,,
654073,2013/14,2014-01-11,"Brisbane Cricket Ground, Woolloongabba",1,7.6,Brisbane Heat,Melbourne Stars,CA Lynn,DT Christian,LJ Wright,0,0,,,,,,caught,CA Lynn,,
654073,2013/14,2014-01-11,"Brisbane Cricket Ground, Woolloongabba",1,8.1,Brisbane Heat,Melbourne Stars,DT Christian,JR Hopes,JM Muirhead,1,0,,,,,,,,,
654073,2013/14,2014-01-11,"Brisbane Cricket Ground, Woolloongabba",1,8.2,Brisbane Heat,Melbourne Stars,JR Hopes,DT Christian,JM Muirhead,0,0,,,,,,,,,
654073,2013/14,2014-01-11,"Brisbane Cricket Ground, Woolloongabba",1,8.3,Brisbane Heat,Melbourne Stars,JR Hopes,DT Christian,JM Muirhead,1,0,,,,,,,,,
654073,2013/14,2014-01-11,"Brisbane Cricket Ground, Woolloongabba",1,8.4,Brisbane Heat,Melbourne Stars,DT Christian,JR Hopes,JM Muirhead,0,0,,,,,,,,,
654073,2013/14,2014-01-11,"Brisbane Cricket Ground, Woolloongabba",1,8.5,Brisbane Heat,Melbourne Stars,DT Christian,JR Hopes,JM Muirhead,1,0,,,,,,,,,
654073,2013/14,2014-01-11,"Brisbane Cricket Ground, Woolloongabba",1,8.6,Brisbane Heat,Melbourne Stars,JR Hopes,DT Christian,JM Muirhead,1,0,,,,,,,,,
654073,2013/14,2014-01-11,"Brisbane Cricket Ground, Woolloongabba",1,9.1,Brisbane Heat,Melbourne Stars,JR Hopes,DT Christian,SL Malinga,0,0,,,,,,bowled,JR Hopes,,
654073,2013/14,2014-01-11,"Brisbane Cricket Ground, Woolloongabba",1,9.2,Brisbane Heat,Melbourne Stars,CJM Sabburg,DT Christian,SL Malinga,0,0,,,,,,,,,
654073,2013/14,2014-01-11,"Brisbane Cricket Ground, Woolloongabba",1,9.3,Brisbane Heat,Melbourne Stars,CJM Sabburg,DT Christian,SL Malinga,0,0,,,,,,,,,
654073,2013/14,2014-01-11,"Brisbane Cricket Ground, Woolloongabba",1,9.4,Brisbane Heat,Melbourne Stars,CJM Sabburg,DT Christian,SL Malinga,1,0,,,,,,,,,
654073,2013/14,2014-01-11,"Brisbane Cricket Ground, Woolloongabba",1,9.5,Brisbane Heat,Melbourne Stars,DT Christian,CJM Sabburg,SL Malinga,1,0,,,,,,,,,
654073,2013/14,2014-01-11,"Brisbane Cricket Ground, Woolloongabba",1,9.6,Brisbane Heat,Melbourne Stars,CJM Sabburg,DT Christian,SL Malinga,0,1,1,,,,,,,,
654073,2013/14,2014-01-11,"Brisbane Cricket Ground, Woolloongabba",1,9.7,Brisbane Heat,Melbourne Stars,CJM Sabburg,DT Christian,SL Malinga,0,0,,,,,,,,,
654073,2013/14,2014-01-11,"Brisbane Cricket Ground, Woolloongabba",1,10.1,Brisbane Heat,Melbourne Stars,DT Christian,CJM Sabburg,JM Muirhead,1,0,,,,,,,,,
654073,2013/14,2014-01-11,"Brisbane Cricket Ground, Woolloongabba",1,10.2,Brisbane Heat,Melbourne Stars,CJM Sabburg,DT Christian,JM Muirhead,1,0,,,,,,,,,
654073,2013/14,2014-01-11,"Brisbane Cricket Ground, Woolloongabba",1,10.3,Brisbane Heat,Melbourne Stars,DT Christian,CJM Sabburg,JM Muirhead,1,0,,,,,,,,,
654073,2013/14,2014-01-11,"Brisbane Cricket Ground, Woolloongabba",1,10.4,Brisbane Heat,Melbourne Stars,CJM Sabburg,DT Christian,JM Muirhead,0,2,,,,2,,,,,
654073,2013/14,2014-01-11,"Brisbane Cricket Ground, Woolloongabba",1,10.5,Brisbane Heat,Melbourne Stars,CJM Sabburg,DT Christian,JM Muirhead,2,0,,,,,,,,,
654073,2013/14,2014-01-11,"Brisbane Cricket Ground, Woolloongabba",1,10.6,Brisbane Heat,Melbourne Stars,CJM Sabburg,DT Christian,JM Muirhead,1,0,,,,,,,,,
654073,2013/14,2014-01-11,"Brisbane Cricket Ground, Woolloongabba",1,11.1,Brisbane Heat,Melbourne Stars,CJM Sabburg,DT Christian,JM Bird,0,0,,,,,,,,,
654073,2013/14,2014-01-11,"Brisbane Cricket Ground, Woolloongabba",1,11.2,Brisbane Heat,Melbourne Stars,CJM Sabburg,DT Christian,JM Bird,1,0,,,,,,,,,
654073,2013/14,2014-01-11,"Brisbane Cricket Ground, Woolloongabba",1,11.3,Brisbane Heat,Melbourne Stars,DT Christian,CJM Sabburg,JM Bird,2,0,,,,,,,,,
654073,2013/14,2014-01-11,"Brisbane Cricket Ground, Woolloongabba",1,11.4,Brisbane Heat,Melbourne Stars,DT Christian,CJM Sabburg,JM Bird,6,0,,,,,,,,,
654073,2013/14,2014-01-11,"Brisbane Cricket Ground, Woolloongabba",1,11.5,Brisbane Heat,Melbourne Stars,DT Christian,CJM Sabburg,JM Bird,0,0,,,,,,,,,
654073,2013/14,2014-01-11,"Brisbane Cricket Ground, Woolloongabba",1,11.6,Brisbane Heat,Melbourne Stars,DT Christian,CJM Sabburg,JM Bird,2,0,,,,,,,,,
654073,2013/14,2014-01-11,"Brisbane Cricket Ground, Woolloongabba",1,12.1,Brisbane Heat,Melbourne Stars,CJM Sabburg,DT Christian,LJ Wright,1,0,,,,,,,,,
654073,2013/14,2014-01-11,"Brisbane Cricket Ground, Woolloongabba",1,12.2,Brisbane Heat,Melbourne Stars,DT Christian,CJM Sabburg,LJ Wright,4,0,,,,,,,,,
654073,2013/14,2014-01-11,"Brisbane Cricket Ground, Woolloongabba",1,12.3,Brisbane Heat,Melbourne Stars,DT Christian,CJM Sabburg,LJ Wright,0,1,,,,1,,,,,
654073,2013/14,2014-01-11,"Brisbane Cricket Ground, Woolloongabba",1,12.4,Brisbane Heat,Melbourne Stars,CJM Sabburg,DT Christian,LJ Wright,0,4,,,,4,,,,,
654073,2013/14,2014-01-11,"Brisbane Cricket Ground, Woolloongabba",1,12.5,Brisbane Heat,Melbourne Stars,CJM Sabburg,DT Christian,LJ Wright,0,0,,,,,,,,,
654073,2013/14,2014-01-11,"Brisbane Cricket Ground, Woolloongabba",1,12.6,Brisbane Heat,Melbourne Stars,CJM Sabburg,DT Christian,LJ Wright,0,0,,,,,,,,,
654073,2013/14,2014-01-11,"Brisbane Cricket Ground, Woolloongabba",1,13.1,Brisbane Heat,Melbourne Stars,DT Christian,CJM Sabburg,SL Malinga,0,0,,,,,,,,,
654073,2013/14,2014-01-11,"Brisbane Cricket Ground, Woolloongabba",1,13.2,Brisbane Heat,Melbourne Stars,DT Christian,CJM Sabburg,SL Malinga,1,0,,,,,,,,,
654073,2013/14,2014-01-11,"Brisbane Cricket Ground, Woolloongabba",1,13.3,Brisbane Heat,Melbourne Stars,CJM Sabburg,DT Christian,SL Malinga,1,0,,,,,,,,,
654073,2013/14,2014-01-11,"Brisbane Cricket Ground, Woolloongabba",1,13.4,Brisbane Heat,Melbourne Stars,DT Christian,CJM Sabburg,SL Malinga,2,0,,,,,,,,,
654073,2013/14,2014-01-11,"Brisbane Cricket Ground, Woolloongabba",1,13.5,Brisbane Heat,Melbourne Stars,DT Christian,CJM Sabburg,SL Malinga,0,0,,,,,,,,,
654073,2013/14,2014-01-11,"Brisbane Cricket Ground, Woolloongabba",1,13.6,Brisbane Heat,Melbourne Stars,DT Christian,CJM Sabburg,SL Malinga,0,1,1,,,,,,,,
654073,2013/14,2014-01-11,"Brisbane Cricket Ground, Woolloongabba",1,13.7,Brisbane Heat,Melbourne Stars,DT Christian,CJM Sabburg,SL Malinga,0,1,1,,,,,,,,
654073,2013/14,2014-01-11,"Brisbane Cricket Ground, Woolloongabba",1,13.8,Brisbane Heat,Melbourne Stars,DT Christian,CJM Sabburg,SL Malinga,2,0,,,,,,,,,
654073,2013/14,2014-01-11,"Brisbane Cricket Ground, Woolloongabba",1,14.1,Brisbane Heat,Melbourne Stars,CJM Sabburg,DT Christian,JM Muirhead,1,0,,,,,,,,,
654073,2013/14,2014-01-11,"Brisbane Cricket Ground, Woolloongabba",1,14.2,Brisbane Heat,Melbourne Stars,DT Christian,CJM Sabburg,JM Muirhead,2,0,,,,,,,,,
654073,2013/14,2014-01-11,"Brisbane Cricket Ground, Woolloongabba",1,14.3,Brisbane Heat,Melbourne Stars,DT Christian,CJM Sabburg,JM Muirhead,6,0,,,,,,,,,
654073,2013/14,2014-01-11,"Brisbane Cricket Ground, Woolloongabba",1,14.4,Brisbane Heat,Melbourne Stars,DT Christian,CJM Sabburg,JM Muirhead,0,0,,,,,,,,,
654073,2013/14,2014-01-11,"Brisbane Cricket Ground, Woolloongabba",1,14.5,Brisbane Heat,Melbourne Stars,DT Christian,CJM Sabburg,JM Muirhead,1,0,,,,,,,,,
654073,2013/14,2014-01-11,"Brisbane Cricket Ground, Woolloongabba",1,14.6,Brisbane Heat,Melbourne Stars,CJM Sabburg,DT Christian,JM Muirhead,1,0,,,,,,,,,
654073,2013/14,2014-01-11,"Brisbane Cricket Ground, Woolloongabba",1,15.1,Brisbane Heat,Melbourne Stars,CJM Sabburg,DT Christian,JW Hastings,1,0,,,,,,,,,
654073,2013/14,2014-01-11,"Brisbane Cricket Ground, Woolloongabba",1,15.2,Brisbane Heat,Melbourne Stars,DT Christian,CJM Sabburg,JW Hastings,0,1,1,,,,,,,,
654073,2013/14,2014-01-11,"Brisbane Cricket Ground, Woolloongabba",1,15.3,Brisbane Heat,Melbourne Stars,DT Christian,CJM Sabburg,JW Hastings,2,0,,,,,,,,,
654073,2013/14,2014-01-11,"Brisbane Cricket Ground, Woolloongabba",1,15.4,Brisbane Heat,Melbourne Stars,DT Christian,CJM Sabburg,JW Hastings,0,1,1,,,,,,,,
654073,2013/14,2014-01-11,"Brisbane Cricket Ground, Woolloongabba",1,15.5,Brisbane Heat,Melbourne Stars,DT Christian,CJM Sabburg,JW Hastings,1,0,,,,,,,,,
654073,2013/14,2014-01-11,"Brisbane Cricket Ground, Woolloongabba",1,15.6,Brisbane Heat,Melbourne Stars,CJM Sabburg,DT Christian,JW Hastings,0,0,,,,,,,,,
654073,2013/14,2014-01-11,"Brisbane Cricket Ground, Woolloongabba",1,15.7,Brisbane Heat,Melbourne Stars,CJM Sabburg,DT Christian,JW Hastings,0,0,,,,,,,,,
654073,2013/14,2014-01-11,"Brisbane Cricket Ground, Woolloongabba",1,15.8,Brisbane Heat,Melbourne Stars,CJM Sabburg,DT Christian,JW Hastings,1,0,,,,,,,,,
654073,2013/14,2014-01-11,"Brisbane Cricket Ground, Woolloongabba",1,16.1,Brisbane Heat,Melbourne Stars,CJM Sabburg,DT Christian,LJ Wright,1,0,,,,,,,,,
654073,2013/14,2014-01-11,"Brisbane Cricket Ground, Woolloongabba",1,16.2,Brisbane Heat,Melbourne Stars,DT Christian,CJM Sabburg,LJ Wright,1,0,,,,,,,,,
654073,2013/14,2014-01-11,"Brisbane Cricket Ground, Woolloongabba",1,16.3,Brisbane Heat,Melbourne Stars,CJM Sabburg,DT Christian,LJ Wright,1,0,,,,,,,,,
654073,2013/14,2014-01-11,"Brisbane Cricket Ground, Woolloongabba",1,16.4,Brisbane Heat,Melbourne Stars,DT Christian,CJM Sabburg,LJ Wright,4,0,,,,,,,,,
654073,2013/14,2014-01-11,"Brisbane Cricket Ground, Woolloongabba",1,16.5,Brisbane Heat,Melbourne Stars,DT Christian,CJM Sabburg,LJ Wright,4,0,,,,,,,,,
654073,2013/14,2014-01-11,"Brisbane Cricket Ground, Woolloongabba",1,16.6,Brisbane Heat,Melbourne Stars,DT Christian,CJM Sabburg,LJ Wright,1,0,,,,,,,,,
654073,2013/14,2014-01-11,"Brisbane Cricket Ground, Woolloongabba",1,17.1,Brisbane Heat,Melbourne Stars,DT Christian,CJM Sabburg,SL Malinga,1,0,,,,,,,,,
654073,2013/14,2014-01-11,"Brisbane Cricket Ground, Woolloongabba",1,17.2,Brisbane Heat,Melbourne Stars,CJM Sabburg,DT Christian,SL Malinga,0,0,,,,,,,,,
654073,2013/14,2014-01-11,"Brisbane Cricket Ground, Woolloongabba",1,17.3,Brisbane Heat,Melbourne Stars,CJM Sabburg,DT Christian,SL Malinga,1,0,,,,,,,,,
654073,2013/14,2014-01-11,"Brisbane Cricket Ground, Woolloongabba",1,17.4,Brisbane Heat,Melbourne Stars,DT Christian,CJM Sabburg,SL Malinga,1,0,,,,,,,,,
654073,2013/14,2014-01-11,"Brisbane Cricket Ground, Woolloongabba",1,17.5,Brisbane Heat,Melbourne Stars,CJM Sabburg,DT Christian,SL Malinga,0,0,,,,,,,,,
654073,2013/14,2014-01-11,"Brisbane Cricket Ground, Woolloongabba",1,17.6,Brisbane Heat,Melbourne Stars,CJM Sabburg,DT Christian,SL Malinga,1,0,,,,,,,,,
654073,2013/14,2014-01-11,"Brisbane Cricket Ground, Woolloongabba",1,18.1,Brisbane Heat,Melbourne Stars,CJM Sabburg,DT Christian,JW Hastings,0,0,,,,,,caught,CJM Sabburg,,
654073,2013/14,2014-01-11,"Brisbane Cricket Ground, Woolloongabba",1,18.2,Brisbane Heat,Melbourne Stars,BCJ Cutting,DT Christian,JW Hastings,2,0,,,,,,,,,
654073,2013/14,2014-01-11,"Brisbane Cricket Ground, Woolloongabba",1,18.3,Brisbane Heat,Melbourne Stars,BCJ Cutting,DT Christian,JW Hastings,2,0,,,,,,,,,
654073,2013/14,2014-01-11,"Brisbane Cricket Ground, Woolloongabba",1,18.4,Brisbane Heat,Melbourne Stars,BCJ Cutting,DT Christian,JW Hastings,1,0,,,,,,,,,
654073,2013/14,2014-01-11,"Brisbane Cricket Ground, Woolloongabba",1,18.5,Brisbane Heat,Melbourne Stars,DT Christian,BCJ Cutting,JW Hastings,0,1,1,,,,,,,,
654073,2013/14,2014-01-11,"Brisbane Cricket Ground, Woolloongabba",1,18.6,Brisbane Heat,Melbourne Stars,DT Christian,BCJ Cutting,JW Hastings,2,0,,,,,,,,,
654073,2013/14,2014-01-11,"Brisbane Cricket Ground, Woolloongabba",1,18.7,Brisbane Heat,Melbourne Stars,DT Christian,BCJ Cutting,JW Hastings,1,0,,,,,,,,,
654073,2013/14,2014-01-11,"Brisbane Cricket Ground, Woolloongabba",1,19.1,Brisbane Heat,Melbourne Stars,DT Christian,BCJ Cutting,SL Malinga,4,0,,,,,,,,,
654073,2013/14,2014-01-11,"Brisbane Cricket Ground, Woolloongabba",1,19.2,Brisbane Heat,Melbourne Stars,DT Christian,BCJ Cutting,SL Malinga,0,1,,,1,,,,,,
654073,2013/14,2014-01-11,"Brisbane Cricket Ground, Woolloongabba",1,19.3,Brisbane Heat,Melbourne Stars,BCJ Cutting,DT Christian,SL Malinga,0,0,,,,,,,,,
654073,2013/14,2014-01-11,"Brisbane Cricket Ground, Woolloongabba",1,19.4,Brisbane Heat,Melbourne Stars,BCJ Cutting,DT Christian,SL Malinga,2,0,,,,,,,,,
654073,2013/14,2014-01-11,"Brisbane Cricket Ground, Woolloongabba",1,19.5,Brisbane Heat,Melbourne Stars,BCJ Cutting,DT Christian,SL Malinga,0,0,,,,,,caught,BCJ Cutting,,
654073,2013/14,2014-01-11,"Brisbane Cricket Ground, Woolloongabba",1,19.6,Brisbane Heat,Melbourne Stars,DT Christian,CJ Gannon,SL Malinga,0,1,,,,1,,,,,
654073,2013/14,2014-01-11,"Brisbane Cricket Ground, Woolloongabba",2,0.1,Melbourne Stars,Brisbane Heat,CL White,LJ Wright,AC McDermott,4,0,,,,,,,,,
654073,2013/14,2014-01-11,"Brisbane Cricket Ground, Woolloongabba",2,0.2,Melbourne Stars,Brisbane Heat,CL White,LJ Wright,AC McDermott,0,0,,,,,,,,,
654073,2013/14,2014-01-11,"Brisbane Cricket Ground, Woolloongabba",2,0.3,Melbourne Stars,Brisbane Heat,CL White,LJ Wright,AC McDermott,2,0,,,,,,,,,
654073,2013/14,2014-01-11,"Brisbane Cricket Ground, Woolloongabba",2,0.4,Melbourne Stars,Brisbane Heat,CL White,LJ Wright,AC McDermott,0,0,,,,,,,,,
654073,2013/14,2014-01-11,"Brisbane Cricket Ground, Woolloongabba",2,0.5,Melbourne Stars,Brisbane Heat,CL White,LJ Wright,AC McDermott,1,0,,,,,,,,,
654073,2013/14,2014-01-11,"Brisbane Cricket Ground, Woolloongabba",2,0.6,Melbourne Stars,Brisbane Heat,LJ Wright,CL White,AC McDermott,1,0,,,,,,,,,
654073,2013/14,2014-01-11,"Brisbane Cricket Ground, Woolloongabba",2,1.1,Melbourne Stars,Brisbane Heat,LJ Wright,CL White,DT Christian,0,0,,,,,,,,,
654073,2013/14,2014-01-11,"Brisbane Cricket Ground, Woolloongabba",2,1.2,Melbourne Stars,Brisbane Heat,LJ Wright,CL White,DT Christian,0,0,,,,,,,,,
654073,2013/14,2014-01-11,"Brisbane Cricket Ground, Woolloongabba",2,1.3,Melbourne Stars,Brisbane Heat,LJ Wright,CL White,DT Christian,0,0,,,,,,,,,
654073,2013/14,2014-01-11,"Brisbane Cricket Ground, Woolloongabba",2,1.4,Melbourne Stars,Brisbane Heat,LJ Wright,CL White,DT Christian,0,0,,,,,,,,,
654073,2013/14,2014-01-11,"Brisbane Cricket Ground, Woolloongabba",2,1.5,Melbourne Stars,Brisbane Heat,LJ Wright,CL White,DT Christian,4,0,,,,,,,,,
654073,2013/14,2014-01-11,"Brisbane Cricket Ground, Woolloongabba",2,1.6,Melbourne Stars,Brisbane Heat,LJ Wright,CL White,DT Christian,1,0,,,,,,,,,
654073,2013/14,2014-01-11,"Brisbane Cricket Ground, Woolloongabba",2,2.1,Melbourne Stars,Brisbane Heat,LJ Wright,CL White,AC McDermott,6,0,,,,,,,,,
654073,2013/14,2014-01-11,"Brisbane Cricket Ground, Woolloongabba",2,2.2,Melbourne Stars,Brisbane Heat,LJ Wright,CL White,AC McDermott,1,0,,,,,,,,,
654073,2013/14,2014-01-11,"Brisbane Cricket Ground, Woolloongabba",2,2.3,Melbourne Stars,Brisbane Heat,CL White,LJ Wright,AC McDermott,0,0,,,,,,,,,
654073,2013/14,2014-01-11,"Brisbane Cricket Ground, Woolloongabba",2,2.4,Melbourne Stars,Brisbane Heat,CL White,LJ Wright,AC McDermott,1,0,,,,,,,,,
654073,2013/14,2014-01-11,"Brisbane Cricket Ground, Woolloongabba",2,2.5,Melbourne Stars,Brisbane Heat,LJ Wright,CL White,AC McDermott,1,0,,,,,,,,,
654073,2013/14,2014-01-11,"Brisbane Cricket Ground, Woolloongabba",2,2.6,Melbourne Stars,Brisbane Heat,CL White,LJ Wright,AC McDermott,0,0,,,,,,,,,
654073,2013/14,2014-01-11,"Brisbane Cricket Ground, Woolloongabba",2,3.1,Melbourne Stars,Brisbane Heat,LJ Wright,CL White,MT Steketee,0,0,,,,,,,,,
654073,2013/14,2014-01-11,"Brisbane Cricket Ground, Woolloongabba",2,3.2,Melbourne Stars,Brisbane Heat,LJ Wright,CL White,MT Steketee,0,0,,,,,,,,,
654073,2013/14,2014-01-11,"Brisbane Cricket Ground, Woolloongabba",2,3.3,Melbourne Stars,Brisbane Heat,LJ Wright,CL White,MT Steketee,1,0,,,,,,,,,
654073,2013/14,2014-01-11,"Brisbane Cricket Ground, Woolloongabba",2,3.4,Melbourne Stars,Brisbane Heat,CL White,LJ Wright,MT Steketee,4,0,,,,,,,,,
654073,2013/14,2014-01-11,"Brisbane Cricket Ground, Woolloongabba",2,3.5,Melbourne Stars,Brisbane Heat,CL White,LJ Wright,MT Steketee,0,0,,,,,,,,,
654073,2013/14,2014-01-11,"Brisbane Cricket Ground, Woolloongabba",2,3.6,Melbourne Stars,Brisbane Heat,CL White,LJ Wright,MT Steketee,4,0,,,,,,,,,
654073,2013/14,2014-01-11,"Brisbane Cricket Ground, Woolloongabba",2,4.1,Melbourne Stars,Brisbane Heat,LJ Wright,CL White,CJ Gannon,1,0,,,,,,,,,
654073,2013/14,2014-01-11,"Brisbane Cricket Ground, Woolloongabba",2,4.2,Melbourne Stars,Brisbane Heat,CL White,LJ Wright,CJ Gannon,1,0,,,,,,,,,
654073,2013/14,2014-01-11,"Brisbane Cricket Ground, Woolloongabba",2,4.3,Melbourne Stars,Brisbane Heat,LJ Wright,CL White,CJ Gannon,2,0,,,,,,,,,
654073,2013/14,2014-01-11,"Brisbane Cricket Ground, Woolloongabba",2,4.4,Melbourne Stars,Brisbane Heat,LJ Wright,CL White,CJ Gannon,4,0,,,,,,,,,
654073,2013/14,2014-01-11,"Brisbane Cricket Ground, Woolloongabba",2,4.5,Melbourne Stars,Brisbane Heat,LJ Wright,CL White,CJ Gannon,4,0,,,,,,,,,
654073,2013/14,2014-01-11,"Brisbane Cricket Ground, Woolloongabba",2,4.6,Melbourne Stars,Brisbane Heat,LJ Wright,CL White,CJ Gannon,4,0,,,,,,,,,
654073,2013/14,2014-01-11,"Brisbane Cricket Ground, Woolloongabba",2,5.1,Melbourne Stars,Brisbane Heat,CL White,LJ Wright,MT Steketee,0,0,,,,,,caught,CL White,,
654073,2013/14,2014-01-11,"Brisbane Cricket Ground, Woolloongabba",2,5.2,Melbourne Stars,Brisbane Heat,MS Wade,LJ Wright,MT Steketee,0,0,,,,,,,,,
654073,2013/14,2014-01-11,"Brisbane Cricket Ground, Woolloongabba",2,5.3,Melbourne Stars,Brisbane Heat,MS Wade,LJ Wright,MT Steketee,1,0,,,,,,,,,
654073,2013/14,2014-01-11,"Brisbane Cricket Ground, Woolloongabba",2,5.4,Melbourne Stars,Brisbane Heat,LJ Wright,MS Wade,MT Steketee,0,0,,,,,,,,,
654073,2013/14,2014-01-11,"Brisbane Cricket Ground, Woolloongabba",2,5.5,Melbourne Stars,Brisbane Heat,LJ Wright,MS Wade,MT Steketee,0,0,,,,,,,,,
654073,2013/14,2014-01-11,"Brisbane Cricket Ground, Woolloongabba",2,5.6,Melbourne Stars,Brisbane Heat,LJ Wright,MS Wade,MT Steketee,0,0,,,,,,,,,
654073,2013/14,2014-01-11,"Brisbane Cricket Ground, Woolloongabba",2,6.1,Melbourne Stars,Brisbane Heat,MS Wade,LJ Wright,BCJ Cutting,1,0,,,,,,,,,
654073,2013/14,2014-01-11,"Brisbane Cricket Ground, Woolloongabba",2,6.2,Melbourne Stars,Brisbane Heat,LJ Wright,MS Wade,BCJ Cutting,0,0,,,,,,,,,
654073,2013/14,2014-01-11,"Brisbane Cricket Ground, Woolloongabba",2,6.3,Melbourne Stars,Brisbane Heat,LJ Wright,MS Wade,BCJ Cutting,1,0,,,,,,,,,
654073,2013/14,2014-01-11,"Brisbane Cricket Ground, Woolloongabba",2,6.4,Melbourne Stars,Brisbane Heat,MS Wade,LJ Wright,BCJ Cutting,4,0,,,,,,,,,
654073,2013/14,2014-01-11,"Brisbane Cricket Ground, Woolloongabba",2,6.5,Melbourne Stars,Brisbane Heat,MS Wade,LJ Wright,BCJ Cutting,2,0,,,,,,,,,
654073,2013/14,2014-01-11,"Brisbane Cricket Ground, Woolloongabba",2,6.6,Melbourne Stars,Brisbane Heat,MS Wade,LJ Wright,BCJ Cutting,6,0,,,,,,,,,
654073,2013/14,2014-01-11,"Brisbane Cricket Ground, Woolloongabba",2,7.1,Melbourne Stars,Brisbane Heat,LJ Wright,MS Wade,CJM Sabburg,1,0,,,,,,,,,
654073,2013/14,2014-01-11,"Brisbane Cricket Ground, Woolloongabba",2,7.2,Melbourne Stars,Brisbane Heat,MS Wade,LJ Wright,CJM Sabburg,1,0,,,,,,,,,
654073,2013/14,2014-01-11,"Brisbane Cricket Ground, Woolloongabba",2,7.3,Melbourne Stars,Brisbane Heat,LJ Wright,MS Wade,CJM Sabburg,1,0,,,,,,,,,
654073,2013/14,2014-01-11,"Brisbane Cricket Ground, Woolloongabba",2,7.4,Melbourne Stars,Brisbane Heat,MS Wade,LJ Wright,CJM Sabburg,1,0,,,,,,,,,
654073,2013/14,2014-01-11,"Brisbane Cricket Ground, Woolloongabba",2,7.5,Melbourne Stars,Brisbane Heat,LJ Wright,MS Wade,CJM Sabburg,0,0,,,,,,,,,
654073,2013/14,2014-01-11,"Brisbane Cricket Ground, Woolloongabba",2,7.6,Melbourne Stars,Brisbane Heat,LJ Wright,MS Wade,CJM Sabburg,1,0,,,,,,,,,
654073,2013/14,2014-01-11,"Brisbane Cricket Ground, Woolloongabba",2,8.1,Melbourne Stars,Brisbane Heat,LJ Wright,MS Wade,CJ Gannon,1,0,,,,,,,,,
654073,2013/14,2014-01-11,"Brisbane Cricket Ground, Woolloongabba",2,8.2,Melbourne Stars,Brisbane Heat,MS Wade,LJ Wright,CJ Gannon,0,0,,,,,,,,,
654073,2013/14,2014-01-11,"Brisbane Cricket Ground, Woolloongabba",2,8.3,Melbourne Stars,Brisbane Heat,MS Wade,LJ Wright,CJ Gannon,1,0,,,,,,,,,
654073,2013/14,2014-01-11,"Brisbane Cricket Ground, Woolloongabba",2,8.4,Melbourne Stars,Brisbane Heat,LJ Wright,MS Wade,CJ Gannon,0,0,,,,,,,,,
654073,2013/14,2014-01-11,"Brisbane Cricket Ground, Woolloongabba",2,8.5,Melbourne Stars,Brisbane Heat,LJ Wright,MS Wade,CJ Gannon,1,0,,,,,,,,,
654073,2013/14,2014-01-11,"Brisbane Cricket Ground, Woolloongabba",2,8.6,Melbourne Stars,Brisbane Heat,MS Wade,LJ Wright,CJ Gannon,1,0,,,,,,,,,
654073,2013/14,2014-01-11,"Brisbane Cricket Ground, Woolloongabba",2,9.1,Melbourne Stars,Brisbane Heat,MS Wade,LJ Wright,JR Hopes,1,0,,,,,,,,,
654073,2013/14,2014-01-11,"Brisbane Cricket Ground, Woolloongabba",2,9.2,Melbourne Stars,Brisbane Heat,LJ Wright,MS Wade,JR Hopes,0,0,,,,,,,,,
654073,2013/14,2014-01-11,"Brisbane Cricket Ground, Woolloongabba",2,9.3,Melbourne Stars,Brisbane Heat,LJ Wright,MS Wade,JR Hopes,0,1,1,,,,,,,,
654073,2013/14,2014-01-11,"Brisbane Cricket Ground, Woolloongabba",2,9.4,Melbourne Stars,Brisbane Heat,LJ Wright,MS Wade,JR Hopes,1,0,,,,,,,,,
654073,2013/14,2014-01-11,"Brisbane Cricket Ground, Woolloongabba",2,9.5,Melbourne Stars,Brisbane Heat,MS Wade,LJ Wright,JR Hopes,0,1,1,,,,,,,,
654073,2013/14,2014-01-11,"Brisbane Cricket Ground, Woolloongabba",2,9.6,Melbourne Stars,Brisbane Heat,MS Wade,LJ Wright,JR Hopes,4,0,,,,,,,,,
654073,2013/14,2014-01-11,"Brisbane Cricket Ground, Woolloongabba",2,9.7,Melbourne Stars,Brisbane Heat,MS Wade,LJ Wright,JR Hopes,1,0,,,,,,,,,
654073,2013/14,2014-01-11,"Brisbane Cricket Ground, Woolloongabba",2,9.8,Melbourne Stars,Brisbane Heat,LJ Wright,MS Wade,JR Hopes,0,0,,,,,,caught,LJ Wright,,
654073,2013/14,2014-01-11,"Brisbane Cricket Ground, Woolloongabba",2,10.1,Melbourne Stars,Brisbane Heat,MS Wade,BJ Hodge,MT Steketee,0,0,,,,,,,,,
654073,2013/14,2014-01-11,"Brisbane Cricket Ground, Woolloongabba",2,10.2,Melbourne Stars,Brisbane Heat,MS Wade,BJ Hodge,MT Steketee,0,0,,,,,,,,,
654073,2013/14,2014-01-11,"Brisbane Cricket Ground, Woolloongabba",2,10.3,Melbourne Stars,Brisbane Heat,MS Wade,BJ Hodge,MT Steketee,0,0,,,,,,,,,
654073,2013/14,2014-01-11,"Brisbane Cricket Ground, Woolloongabba",2,10.4,Melbourne Stars,Brisbane Heat,MS Wade,BJ Hodge,MT Steketee,1,0,,,,,,,,,
654073,2013/14,2014-01-11,"Brisbane Cricket Ground, Woolloongabba",2,10.5,Melbourne Stars,Brisbane Heat,BJ Hodge,MS Wade,MT Steketee,0,0,,,,,,,,,
654073,2013/14,2014-01-11,"Brisbane Cricket Ground, Woolloongabba",2,10.6,Melbourne Stars,Brisbane Heat,BJ Hodge,MS Wade,MT Steketee,1,0,,,,,,,,,
654073,2013/14,2014-01-11,"Brisbane Cricket Ground, Woolloongabba",2,11.1,Melbourne Stars,Brisbane Heat,BJ Hodge,MS Wade,JR Hopes,0,0,,,,,,,,,
654073,2013/14,2014-01-11,"Brisbane Cricket Ground, Woolloongabba",2,11.2,Melbourne Stars,Brisbane Heat,BJ Hodge,MS Wade,JR Hopes,0,0,,,,,,caught,BJ Hodge,,
654073,2013/14,2014-01-11,"Brisbane Cricket Ground, Woolloongabba",2,11.3,Melbourne Stars,Brisbane Heat,DJ Hussey,MS Wade,JR Hopes,4,0,,,,,,,,,
654073,2013/14,2014-01-11,"Brisbane Cricket Ground, Woolloongabba",2,11.4,Melbourne Stars,Brisbane Heat,DJ Hussey,MS Wade,JR Hopes,0,0,,,,,,,,,
654073,2013/14,2014-01-11,"Brisbane Cricket Ground, Woolloongabba",2,11.5,Melbourne Stars,Brisbane Heat,DJ Hussey,MS Wade,JR Hopes,1,0,,,,,,,,,
654073,2013/14,2014-01-11,"Brisbane Cricket Ground, Woolloongabba",2,11.6,Melbourne Stars,Brisbane Heat,MS Wade,DJ Hussey,JR Hopes,1,0,,,,,,,,,
654073,2013/14,2014-01-11,"Brisbane Cricket Ground, Woolloongabba",2,12.1,Melbourne Stars,Brisbane Heat,MS Wade,DJ Hussey,BCJ Cutting,1,0,,,,,,,,,
654073,2013/14,2014-01-11,"Brisbane Cricket Ground, Woolloongabba",2,12.2,Melbourne Stars,Brisbane Heat,DJ Hussey,MS Wade,BCJ Cutting,0,0,,,,,,,,,
654073,2013/14,2014-01-11,"Brisbane Cricket Ground, Woolloongabba",2,12.3,Melbourne Stars,Brisbane Heat,DJ Hussey,MS Wade,BCJ Cutting,0,0,,,,,,,,,
654073,2013/14,2014-01-11,"Brisbane Cricket Ground, Woolloongabba",2,12.4,Melbourne Stars,Brisbane Heat,DJ Hussey,MS Wade,BCJ Cutting,0,0,,,,,,,,,
654073,2013/14,2014-01-11,"Brisbane Cricket Ground, Woolloongabba",2,12.5,Melbourne Stars,Brisbane Heat,DJ Hussey,MS Wade,BCJ Cutting,0,0,,,,,,,,,
654073,2013/14,2014-01-11,"Brisbane Cricket Ground, Woolloongabba",2,12.6,Melbourne Stars,Brisbane Heat,DJ Hussey,MS Wade,BCJ Cutting,0,0,,,,,,,,,
654073,2013/14,2014-01-11,"Brisbane Cricket Ground, Woolloongabba",2,13.1,Melbourne Stars,Brisbane Heat,MS Wade,DJ Hussey,JR Hopes,1,0,,,,,,,,,
654073,2013/14,2014-01-11,"Brisbane Cricket Ground, Woolloongabba",2,13.2,Melbourne Stars,Brisbane Heat,DJ Hussey,MS Wade,JR Hopes,0,1,1,,,,,,,,
654073,2013/14,2014-01-11,"Brisbane Cricket Ground, Woolloongabba",2,13.3,Melbourne Stars,Brisbane Heat,DJ Hussey,MS Wade,JR Hopes,0,0,,,,,,,,,
654073,2013/14,2014-01-11,"Brisbane Cricket Ground, Woolloongabba",2,13.4,Melbourne Stars,Brisbane Heat,DJ Hussey,MS Wade,JR Hopes,1,0,,,,,,,,,
654073,2013/14,2014-01-11,"Brisbane Cricket Ground, Woolloongabba",2,13.5,Melbourne Stars,Brisbane Heat,MS Wade,DJ Hussey,JR Hopes,2,0,,,,,,,,,
654073,2013/14,2014-01-11,"Brisbane Cricket Ground, Woolloongabba",2,13.6,Melbourne Stars,Brisbane Heat,MS Wade,DJ Hussey,JR Hopes,0,0,,,,,,,,,
654073,2013/14,2014-01-11,"Brisbane Cricket Ground, Woolloongabba",2,13.7,Melbourne Stars,Brisbane Heat,MS Wade,DJ Hussey,JR Hopes,0,0,,,,,,,,,
654073,2013/14,2014-01-11,"Brisbane Cricket Ground, Woolloongabba",2,14.1,Melbourne Stars,Brisbane Heat,DJ Hussey,MS Wade,BCJ Cutting,6,0,,,,,,,,,
654073,2013/14,2014-01-11,"Brisbane Cricket Ground, Woolloongabba",2,14.2,Melbourne Stars,Brisbane Heat,DJ Hussey,MS Wade,BCJ Cutting,1,0,,,,,,,,,
654073,2013/14,2014-01-11,"Brisbane Cricket Ground, Woolloongabba",2,14.3,Melbourne Stars,Brisbane Heat,MS Wade,DJ Hussey,BCJ Cutting,1,0,,,,,,,,,
654073,2013/14,2014-01-11,"Brisbane Cricket Ground, Woolloongabba",2,14.4,Melbourne Stars,Brisbane Heat,DJ Hussey,MS Wade,BCJ Cutting,1,0,,,,,,,,,
654073,2013/14,2014-01-11,"Brisbane Cricket Ground, Woolloongabba",2,14.5,Melbourne Stars,Brisbane Heat,MS Wade,DJ Hussey,BCJ Cutting,0,1,1,,,,,,,,
654073,2013/14,2014-01-11,"Brisbane Cricket Ground, Woolloongabba",2,14.6,Melbourne Stars,Brisbane Heat,MS Wade,DJ Hussey,BCJ Cutting,1,0,,,,,,,,,
654073,2013/14,2014-01-11,"Brisbane Cricket Ground, Woolloongabba",2,14.7,Melbourne Stars,Brisbane Heat,DJ Hussey,MS Wade,BCJ Cutting,1,0,,,,,,,,,
654073,2013/14,2014-01-11,"Brisbane Cricket Ground, Woolloongabba",2,15.1,Melbourne Stars,Brisbane Heat,DJ Hussey,MS Wade,JR Hopes,1,0,,,,,,,,,
654073,2013/14,2014-01-11,"Brisbane Cricket Ground, Woolloongabba",2,15.2,Melbourne Stars,Brisbane Heat,MS Wade,DJ Hussey,JR Hopes,1,0,,,,,,,,,
654073,2013/14,2014-01-11,"Brisbane Cricket Ground, Woolloongabba",2,15.3,Melbourne Stars,Brisbane Heat,DJ Hussey,MS Wade,JR Hopes,0,0,,,,,,caught,DJ Hussey,,
654073,2013/14,2014-01-11,"Brisbane Cricket Ground, Woolloongabba",2,15.4,Melbourne Stars,Brisbane Heat,RJ Quiney,MS Wade,JR Hopes,0,0,,,,,,,,,
654073,2013/14,2014-01-11,"Brisbane Cricket Ground, Woolloongabba",2,15.5,Melbourne Stars,Brisbane Heat,RJ Quiney,MS Wade,JR Hopes,0,0,,,,,,,,,
654073,2013/14,2014-01-11,"Brisbane Cricket Ground, Woolloongabba",2,15.6,Melbourne Stars,Brisbane Heat,RJ Quiney,MS Wade,JR Hopes,1,0,,,,,,,,,
654073,2013/14,2014-01-11,"Brisbane Cricket Ground, Woolloongabba",2,16.1,Melbourne Stars,Brisbane Heat,RJ Quiney,MS Wade,CJ Gannon,2,0,,,,,,,,,
654073,2013/14,2014-01-11,"Brisbane Cricket Ground, Woolloongabba",2,16.2,Melbourne Stars,Brisbane Heat,RJ Quiney,MS Wade,CJ Gannon,1,0,,,,,,,,,
654073,2013/14,2014-01-11,"Brisbane Cricket Ground, Woolloongabba",2,16.3,Melbourne Stars,Brisbane Heat,MS Wade,RJ Quiney,CJ Gannon,0,0,,,,,,bowled,MS Wade,,
654073,2013/14,2014-01-11,"Brisbane Cricket Ground, Woolloongabba",2,16.4,Melbourne Stars,Brisbane Heat,MP Stoinis,RJ Quiney,CJ Gannon,1,0,,,,,,,,,
654073,2013/14,2014-01-11,"Brisbane Cricket Ground, Woolloongabba",2,16.5,Melbourne Stars,Brisbane Heat,RJ Quiney,MP Stoinis,CJ Gannon,1,0,,,,,,,,,
654073,2013/14,2014-01-11,"Brisbane Cricket Ground, Woolloongabba",2,16.6,Melbourne Stars,Brisbane Heat,MP Stoinis,RJ Quiney,CJ Gannon,1,0,,,,,,,,,
654073,2013/14,2014-01-11,"Brisbane Cricket Ground, Woolloongabba",2,17.1,Melbourne Stars,Brisbane Heat,MP Stoinis,RJ Quiney,AC McDermott,1,0,,,,,,,,,
654073,2013/14,2014-01-11,"Brisbane Cricket Ground, Woolloongabba",2,17.2,Melbourne Stars,Brisbane Heat,RJ Quiney,MP Stoinis,AC McDermott,6,0,,,,,,,,,
654073,2013/14,2014-01-11,"Brisbane Cricket Ground, Woolloongabba",2,17.3,Melbourne Stars,Brisbane Heat,RJ Quiney,MP Stoinis,AC McDermott,2,0,,,,,,,,,
654073,2013/14,2014-01-11,"Brisbane Cricket Ground, Woolloongabba",2,17.4,Melbourne Stars,Brisbane Heat,RJ Quiney,MP Stoinis,AC McDermott,4,0,,,,,,,,,
654073,2013/14,2014-01-11,"Brisbane Cricket Ground, Woolloongabba",2,17.5,Melbourne Stars,Brisbane Heat,RJ Quiney,MP Stoinis,AC McDermott,1,0,,,,,,,,,
654073,2013/14,2014-01-11,"Brisbane Cricket Ground, Woolloongabba",2,17.6,Melbourne Stars,Brisbane Heat,MP Stoinis,RJ Quiney,AC McDermott,1,0,,,,,,,,,
654073,2013/14,2014-01-11,"Brisbane Cricket Ground, Woolloongabba",2,18.1,Melbourne Stars,Brisbane Heat,MP Stoinis,RJ Quiney,CJ Gannon,1,0,,,,,,,,,
654073,2013/14,2014-01-11,"Brisbane Cricket Ground, Woolloongabba",2,18.2,Melbourne Stars,Brisbane Heat,RJ Quiney,MP Stoinis,CJ Gannon,1,0,,,,,,,,,
654073,2013/14,2014-01-11,"Brisbane Cricket Ground, Woolloongabba",2,18.3,Melbourne Stars,Brisbane Heat,MP Stoinis,RJ Quiney,CJ Gannon,6,0,,,,,,,,,
654073,2013/14,2014-01-11,"Brisbane Cricket Ground, Woolloongabba",2,18.4,Melbourne Stars,Brisbane Heat,MP Stoinis,RJ Quiney,CJ Gannon,0,0,,,,,,,,,
654073,2013/14,2014-01-11,"Brisbane Cricket Ground, Woolloongabba",2,18.5,Melbourne Stars,Brisbane Heat,MP Stoinis,RJ Quiney,CJ Gannon,0,0,,,,,,caught,MP Stoinis,,
654073,2013/14,2014-01-11,"Brisbane Cricket Ground, Woolloongabba",2,18.6,Melbourne Stars,Brisbane Heat,RJ Quiney,JW Hastings,CJ Gannon,1,0,,,,,,,,,
654073,2013/14,2014-01-11,"Brisbane Cricket Ground, Woolloongabba",2,19.1,Melbourne Stars,Brisbane Heat,RJ Quiney,JW Hastings,MT Steketee,2,0,,,,,,,,,
654073,2013/14,2014-01-11,"Brisbane Cricket Ground, Woolloongabba",2,19.2,Melbourne Stars,Brisbane Heat,RJ Quiney,JW Hastings,MT Steketee,0,0,,,,,,caught,RJ Quiney,,
654073,2013/14,2014-01-11,"Brisbane Cricket Ground, Woolloongabba",2,19.3,Melbourne Stars,Brisbane Heat,JW Hastings,JM Muirhead,MT Steketee,2,0,,,,,,,,,
654073,2013/14,2014-01-11,"Brisbane Cricket Ground, Woolloongabba",2,19.4,Melbourne Stars,Brisbane Heat,JW Hastings,JM Muirhead,MT Steketee,6,0,,,,,,,,,
