version,2.1.0
info,balls_per_over,6
info,team,Perth Scorchers
info,team,Hobart Hurricanes
info,gender,male
info,season,2013/14
info,date,2014/02/07
info,event,Big Bash League
info,venue,Western Australia Cricket Association Ground
info,city,Perth
info,toss_winner,Perth Scorchers
info,toss_decision,bat
info,player_of_match,GB Hogg
info,umpire,MD Martell
info,umpire,JD Ward
info,reserve_umpire,SJ Nogajski
info,tv_umpire,P Wilson
info,match_referee,RW Stratford
info,winner,Perth Scorchers
info,winner_runs,39
info,player,Hobart Hurricanes,BR Dunk
info,player,Hobart Hurricanes,TD Paine
info,player,Hobart Hurricanes,JW Wells
info,player,Hobart Hurricanes,GJ Bailey
info,player,Hobart Hurricanes,TR Birt
info,player,Hobart Hurricanes,EP Gulbis
info,player,Hobart Hurricanes,BW Hilfenhaus
info,player,Hobart Hurricanes,AD Mascarenhas
info,player,Hobart Hurricanes,CJ Boyce
info,player,Hobart Hurricanes,XJ Doherty
info,player,Hobart Hurricanes,DE Bollinger
info,player,Perth Scorchers,CJ Simmons
info,player,Perth Scorchers,SM Katich
info,player,Perth Scorchers,SE Marsh
info,player,Perth Scorchers,AC Voges
info,player,Perth Scorchers,MR Marsh
info,player,Perth Scorchers,NM Coulter-Nile
info,player,Perth Scorchers,SM Whiteman
info,player,Perth Scorchers,PJ Cummins
info,player,Perth Scorchers,JP Behrendorff
info,player,Perth Scorchers,AC Thomas
info,player,Perth Scorchers,GB Hogg
info,registry,people,AC Thomas,b552a935
info,registry,people,AC Voges,864c199e
info,registry,people,AD Mascarenhas,3edb58fc
info,registry,people,BR Dunk,272d796e
info,registry,people,BW Hilfenhaus,f3171936
info,registry,people,CJ Boyce,51a60c16
info,registry,people,CJ Simmons,0095ce38
info,registry,people,DE Bollinger,45c2196c
info,registry,people,EP Gulbis,bbce4647
info,registry,people,GB Hogg,f708a0bc
info,registry,people,GJ Bailey,5056011d
info,registry,people,JD Ward,511299c1
info,registry,people,JP Behrendorff,4933f499
info,registry,people,JW Wells,8bdac857
info,registry,people,MD Martell,487c072e
info,registry,people,MR Marsh,3d8feaf8
info,registry,people,NM Coulter-Nile,56ab442f
info,registry,people,P Wilson,68304a36
info,registry,people,PJ Cummins,ded9240e
info,registry,people,RW Stratford,85489579
info,registry,people,SE Marsh,508a1ea7
info,registry,people,SJ Nogajski,9b3f9323
info,registry,people,SM Katich,fdedb37c
info,registry,people,SM Whiteman,f4427cc6
info,registry,people,TD Paine,5748e866
info,registry,people,TR Birt,d2d4bb0a
info,registry,people,XJ Doherty,502b2c81
