match_id,season,start_date,venue,innings,ball,batting_team,bowling_team,striker,non_striker,bowler,runs_off_bat,extras,wides,noballs,byes,legbyes,penalty,wicket_type,player_dismissed,other_wicket_type,other_player_dismissed
654055,2013/14,2014-01-02,"Brisbane Cricket Ground, Woolloongabba",1,0.1,Sydney Sixers,Brisbane Heat,NJ Maddinson,MJ Lumb,DT Christian,3,0,,,,,,,,,
654055,2013/14,2014-01-02,"Brisbane Cricket Ground, Woolloongabba",1,0.2,Sydney Sixers,Brisbane Heat,MJ Lumb,NJ Maddinson,DT Christian,2,0,,,,,,,,,
654055,2013/14,2014-01-02,"Brisbane Cricket Ground, Woolloongabba",1,0.3,Sydney Sixers,Brisbane Heat,MJ Lumb,NJ Maddinson,DT Christian,2,0,,,,,,,,,
654055,2013/14,2014-01-02,"Brisbane Cricket Ground, Woolloongabba",1,0.4,Sydney Sixers,Brisbane Heat,MJ Lumb,NJ Maddinson,DT Christian,0,0,,,,,,,,,
654055,2013/14,2014-01-02,"Brisbane Cricket Ground, Woolloongabba",1,0.5,Sydney Sixers,Brisbane Heat,MJ Lumb,NJ Maddinson,DT Christian,0,0,,,,,,,,,
654055,2013/14,2014-01-02,"Brisbane Cricket Ground, Woolloongabba",1,0.6,Sydney Sixers,Brisbane Heat,MJ Lumb,NJ Maddinson,DT Christian,0,0,,,,,,,,,
654055,2013/14,2014-01-02,"Brisbane Cricket Ground, Woolloongabba",1,1.1,Sydney Sixers,Brisbane Heat,NJ Maddinson,MJ Lumb,MT Steketee,0,0,,,,,,,,,
654055,2013/14,2014-01-02,"Brisbane Cricket Ground, Woolloongabba",1,1.2,Sydney Sixers,Brisbane Heat,NJ Maddinson,MJ Lumb,MT Steketee,0,0,,,,,,,,,
654055,2013/14,2014-01-02,"Brisbane Cricket Ground, Woolloongabba",1,1.3,Sydney Sixers,Brisbane Heat,NJ Maddinson,MJ Lumb,MT Steketee,0,0,,,,,,,,,
654055,2013/14,2014-01-02,"Brisbane Cricket Ground, Woolloongabba",1,1.4,Sydney Sixers,Brisbane Heat,NJ Maddinson,MJ Lumb,MT Steketee,6,0,,,,,,,,,
654055,2013/14,2014-01-02,"Brisbane Cricket Ground, Woolloongabba",1,1.5,Sydney Sixers,Brisbane Heat,NJ Maddinson,MJ Lumb,MT Steketee,0,1,1,,,,,,,,
654055,2013/14,2014-01-02,"Brisbane Cricket Ground, Woolloongabba",1,1.6,Sydney Sixers,Brisbane Heat,NJ Maddinson,MJ Lumb,MT Steketee,0,0,,,,,,caught,NJ Maddinson,,
654055,2013/14,2014-01-02,"Brisbane Cricket Ground, Woolloongabba",1,1.7,Sydney Sixers,Brisbane Heat,MJ Lumb,MC Henriques,MT Steketee,0,0,,,,,,,,,
654055,2013/14,2014-01-02,"Brisbane Cricket Ground, Woolloongabba",1,2.1,Sydney Sixers,Brisbane Heat,MC Henriques,MJ Lumb,DT Christian,0,0,,,,,,,,,
654055,2013/14,2014-01-02,"Brisbane Cricket Ground, Woolloongabba",1,2.2,Sydney Sixers,Brisbane Heat,MC Henriques,MJ Lumb,DT Christian,1,0,,,,,,,,,
654055,2013/14,2014-01-02,"Brisbane Cricket Ground, Woolloongabba",1,2.3,Sydney Sixers,Brisbane Heat,MJ Lumb,MC Henriques,DT Christian,0,0,,,,,,,,,
654055,2013/14,2014-01-02,"Brisbane Cricket Ground, Woolloongabba",1,2.4,Sydney Sixers,Brisbane Heat,MJ Lumb,MC Henriques,DT Christian,2,0,,,,,,,,,
654055,2013/14,2014-01-02,"Brisbane Cricket Ground, Woolloongabba",1,2.5,Sydney Sixers,Brisbane Heat,MJ Lumb,MC Henriques,DT Christian,4,0,,,,,,,,,
654055,2013/14,2014-01-02,"Brisbane Cricket Ground, Woolloongabba",1,2.6,Sydney Sixers,Brisbane Heat,MJ Lumb,MC Henriques,DT Christian,4,0,,,,,,,,,
654055,2013/14,2014-01-02,"Brisbane Cricket Ground, Woolloongabba",1,3.1,Sydney Sixers,Brisbane Heat,MC Henriques,MJ Lumb,MT Steketee,1,0,,,,,,,,,
654055,2013/14,2014-01-02,"Brisbane Cricket Ground, Woolloongabba",1,3.2,Sydney Sixers,Brisbane Heat,MJ Lumb,MC Henriques,MT Steketee,0,1,1,,,,,,,,
654055,2013/14,2014-01-02,"Brisbane Cricket Ground, Woolloongabba",1,3.3,Sydney Sixers,Brisbane Heat,MJ Lumb,MC Henriques,MT Steketee,0,0,,,,,,,,,
654055,2013/14,2014-01-02,"Brisbane Cricket Ground, Woolloongabba",1,3.4,Sydney Sixers,Brisbane Heat,MJ Lumb,MC Henriques,MT Steketee,4,0,,,,,,,,,
654055,2013/14,2014-01-02,"Brisbane Cricket Ground, Woolloongabba",1,3.5,Sydney Sixers,Brisbane Heat,MJ Lumb,MC Henriques,MT Steketee,0,0,,,,,,,,,
654055,2013/14,2014-01-02,"Brisbane Cricket Ground, Woolloongabba",1,3.6,Sydney Sixers,Brisbane Heat,MJ Lumb,MC Henriques,MT Steketee,1,0,,,,,,,,,
654055,2013/14,2014-01-02,"Brisbane Cricket Ground, Woolloongabba",1,3.7,Sydney Sixers,Brisbane Heat,MC Henriques,MJ Lumb,MT Steketee,1,0,,,,,,,,,
654055,2013/14,2014-01-02,"Brisbane Cricket Ground, Woolloongabba",1,4.1,Sydney Sixers,Brisbane Heat,MC Henriques,MJ Lumb,CJ Gannon,0,0,,,,,,,,,
654055,2013/14,2014-01-02,"Brisbane Cricket Ground, Woolloongabba",1,4.2,Sydney Sixers,Brisbane Heat,MC Henriques,MJ Lumb,CJ Gannon,0,0,,,,,,,,,
654055,2013/14,2014-01-02,"Brisbane Cricket Ground, Woolloongabba",1,4.3,Sydney Sixers,Brisbane Heat,MC Henriques,MJ Lumb,CJ Gannon,4,0,,,,,,,,,
654055,2013/14,2014-01-02,"Brisbane Cricket Ground, Woolloongabba",1,4.4,Sydney Sixers,Brisbane Heat,MC Henriques,MJ Lumb,CJ Gannon,0,0,,,,,,,,,
654055,2013/14,2014-01-02,"Brisbane Cricket Ground, Woolloongabba",1,4.5,Sydney Sixers,Brisbane Heat,MC Henriques,MJ Lumb,CJ Gannon,1,0,,,,,,,,,
654055,2013/14,2014-01-02,"Brisbane Cricket Ground, Woolloongabba",1,4.6,Sydney Sixers,Brisbane Heat,MJ Lumb,MC Henriques,CJ Gannon,0,0,,,,,,,,,
654055,2013/14,2014-01-02,"Brisbane Cricket Ground, Woolloongabba",1,5.1,Sydney Sixers,Brisbane Heat,MC Henriques,MJ Lumb,DL Vettori,0,0,,,,,,,,,
654055,2013/14,2014-01-02,"Brisbane Cricket Ground, Woolloongabba",1,5.2,Sydney Sixers,Brisbane Heat,MC Henriques,MJ Lumb,DL Vettori,1,0,,,,,,,,,
654055,2013/14,2014-01-02,"Brisbane Cricket Ground, Woolloongabba",1,5.3,Sydney Sixers,Brisbane Heat,MJ Lumb,MC Henriques,DL Vettori,0,0,,,,,,,,,
654055,2013/14,2014-01-02,"Brisbane Cricket Ground, Woolloongabba",1,5.4,Sydney Sixers,Brisbane Heat,MJ Lumb,MC Henriques,DL Vettori,0,0,,,,,,,,,
654055,2013/14,2014-01-02,"Brisbane Cricket Ground, Woolloongabba",1,5.5,Sydney Sixers,Brisbane Heat,MJ Lumb,MC Henriques,DL Vettori,1,0,,,,,,,,,
654055,2013/14,2014-01-02,"Brisbane Cricket Ground, Woolloongabba",1,5.6,Sydney Sixers,Brisbane Heat,MC Henriques,MJ Lumb,DL Vettori,4,0,,,,,,,,,
654055,2013/14,2014-01-02,"Brisbane Cricket Ground, Woolloongabba",1,6.1,Sydney Sixers,Brisbane Heat,MJ Lumb,MC Henriques,CJ Gannon,1,0,,,,,,,,,
654055,2013/14,2014-01-02,"Brisbane Cricket Ground, Woolloongabba",1,6.2,Sydney Sixers,Brisbane Heat,MC Henriques,MJ Lumb,CJ Gannon,4,0,,,,,,,,,
654055,2013/14,2014-01-02,"Brisbane Cricket Ground, Woolloongabba",1,6.3,Sydney Sixers,Brisbane Heat,MC Henriques,MJ Lumb,CJ Gannon,2,0,,,,,,,,,
654055,2013/14,2014-01-02,"Brisbane Cricket Ground, Woolloongabba",1,6.4,Sydney Sixers,Brisbane Heat,MC Henriques,MJ Lumb,CJ Gannon,0,0,,,,,,caught,MC Henriques,,
654055,2013/14,2014-01-02,"Brisbane Cricket Ground, Woolloongabba",1,6.5,Sydney Sixers,Brisbane Heat,MJ Lumb,MJ North,CJ Gannon,1,0,,,,,,,,,
654055,2013/14,2014-01-02,"Brisbane Cricket Ground, Woolloongabba",1,6.6,Sydney Sixers,Brisbane Heat,MJ North,MJ Lumb,CJ Gannon,2,0,,,,,,,,,
654055,2013/14,2014-01-02,"Brisbane Cricket Ground, Woolloongabba",1,7.1,Sydney Sixers,Brisbane Heat,MJ Lumb,MJ North,JR Hopes,0,0,,,,,,,,,
654055,2013/14,2014-01-02,"Brisbane Cricket Ground, Woolloongabba",1,7.2,Sydney Sixers,Brisbane Heat,MJ Lumb,MJ North,JR Hopes,4,0,,,,,,,,,
654055,2013/14,2014-01-02,"Brisbane Cricket Ground, Woolloongabba",1,7.3,Sydney Sixers,Brisbane Heat,MJ Lumb,MJ North,JR Hopes,1,0,,,,,,,,,
654055,2013/14,2014-01-02,"Brisbane Cricket Ground, Woolloongabba",1,7.4,Sydney Sixers,Brisbane Heat,MJ North,MJ Lumb,JR Hopes,1,0,,,,,,,,,
654055,2013/14,2014-01-02,"Brisbane Cricket Ground, Woolloongabba",1,7.5,Sydney Sixers,Brisbane Heat,MJ Lumb,MJ North,JR Hopes,2,0,,,,,,,,,
654055,2013/14,2014-01-02,"Brisbane Cricket Ground, Woolloongabba",1,7.6,Sydney Sixers,Brisbane Heat,MJ Lumb,MJ North,JR Hopes,2,0,,,,,,,,,
654055,2013/14,2014-01-02,"Brisbane Cricket Ground, Woolloongabba",1,8.1,Sydney Sixers,Brisbane Heat,MJ North,MJ Lumb,BCJ Cutting,1,0,,,,,,,,,
654055,2013/14,2014-01-02,"Brisbane Cricket Ground, Woolloongabba",1,8.2,Sydney Sixers,Brisbane Heat,MJ Lumb,MJ North,BCJ Cutting,1,0,,,,,,,,,
654055,2013/14,2014-01-02,"Brisbane Cricket Ground, Woolloongabba",1,8.3,Sydney Sixers,Brisbane Heat,MJ North,MJ Lumb,BCJ Cutting,2,0,,,,,,,,,
654055,2013/14,2014-01-02,"Brisbane Cricket Ground, Woolloongabba",1,8.4,Sydney Sixers,Brisbane Heat,MJ North,MJ Lumb,BCJ Cutting,1,0,,,,,,,,,
654055,2013/14,2014-01-02,"Brisbane Cricket Ground, Woolloongabba",1,8.5,Sydney Sixers,Brisbane Heat,MJ Lumb,MJ North,BCJ Cutting,1,0,,,,,,,,,
654055,2013/14,2014-01-02,"Brisbane Cricket Ground, Woolloongabba",1,8.6,Sydney Sixers,Brisbane Heat,MJ North,MJ Lumb,BCJ Cutting,1,0,,,,,,,,,
654055,2013/14,2014-01-02,"Brisbane Cricket Ground, Woolloongabba",1,9.1,Sydney Sixers,Brisbane Heat,MJ North,MJ Lumb,DL Vettori,0,0,,,,,,,,,
654055,2013/14,2014-01-02,"Brisbane Cricket Ground, Woolloongabba",1,9.2,Sydney Sixers,Brisbane Heat,MJ North,MJ Lumb,DL Vettori,0,1,,,,1,,,,,
654055,2013/14,2014-01-02,"Brisbane Cricket Ground, Woolloongabba",1,9.3,Sydney Sixers,Brisbane Heat,MJ Lumb,MJ North,DL Vettori,2,0,,,,,,,,,
654055,2013/14,2014-01-02,"Brisbane Cricket Ground, Woolloongabba",1,9.4,Sydney Sixers,Brisbane Heat,MJ Lumb,MJ North,DL Vettori,0,0,,,,,,,,,
654055,2013/14,2014-01-02,"Brisbane Cricket Ground, Woolloongabba",1,9.5,Sydney Sixers,Brisbane Heat,MJ Lumb,MJ North,DL Vettori,1,0,,,,,,,,,
654055,2013/14,2014-01-02,"Brisbane Cricket Ground, Woolloongabba",1,9.6,Sydney Sixers,Brisbane Heat,MJ North,MJ Lumb,DL Vettori,0,0,,,,,,,,,
654055,2013/14,2014-01-02,"Brisbane Cricket Ground, Woolloongabba",1,10.1,Sydney Sixers,Brisbane Heat,MJ Lumb,MJ North,BCJ Cutting,0,0,,,,,,,,,
654055,2013/14,2014-01-02,"Brisbane Cricket Ground, Woolloongabba",1,10.2,Sydney Sixers,Brisbane Heat,MJ Lumb,MJ North,BCJ Cutting,4,0,,,,,,,,,
654055,2013/14,2014-01-02,"Brisbane Cricket Ground, Woolloongabba",1,10.3,Sydney Sixers,Brisbane Heat,MJ Lumb,MJ North,BCJ Cutting,2,0,,,,,,,,,
654055,2013/14,2014-01-02,"Brisbane Cricket Ground, Woolloongabba",1,10.4,Sydney Sixers,Brisbane Heat,MJ Lumb,MJ North,BCJ Cutting,0,0,,,,,,,,,
654055,2013/14,2014-01-02,"Brisbane Cricket Ground, Woolloongabba",1,10.5,Sydney Sixers,Brisbane Heat,MJ Lumb,MJ North,BCJ Cutting,1,0,,,,,,,,,
654055,2013/14,2014-01-02,"Brisbane Cricket Ground, Woolloongabba",1,10.6,Sydney Sixers,Brisbane Heat,MJ North,MJ Lumb,BCJ Cutting,0,0,,,,,,,,,
654055,2013/14,2014-01-02,"Brisbane Cricket Ground, Woolloongabba",1,11.1,Sydney Sixers,Brisbane Heat,MJ Lumb,MJ North,DL Vettori,0,0,,,,,,,,,
654055,2013/14,2014-01-02,"Brisbane Cricket Ground, Woolloongabba",1,11.2,Sydney Sixers,Brisbane Heat,MJ Lumb,MJ North,DL Vettori,2,0,,,,,,,,,
654055,2013/14,2014-01-02,"Brisbane Cricket Ground, Woolloongabba",1,11.3,Sydney Sixers,Brisbane Heat,MJ Lumb,MJ North,DL Vettori,0,0,,,,,,,,,
654055,2013/14,2014-01-02,"Brisbane Cricket Ground, Woolloongabba",1,11.4,Sydney Sixers,Brisbane Heat,MJ Lumb,MJ North,DL Vettori,6,0,,,,,,,,,
654055,2013/14,2014-01-02,"Brisbane Cricket Ground, Woolloongabba",1,11.5,Sydney Sixers,Brisbane Heat,MJ Lumb,MJ North,DL Vettori,4,0,,,,,,,,,
654055,2013/14,2014-01-02,"Brisbane Cricket Ground, Woolloongabba",1,11.6,Sydney Sixers,Brisbane Heat,MJ Lumb,MJ North,DL Vettori,1,0,,,,,,,,,
654055,2013/14,2014-01-02,"Brisbane Cricket Ground, Woolloongabba",1,12.1,Sydney Sixers,Brisbane Heat,MJ Lumb,MJ North,BCJ Cutting,0,0,,,,,,caught,MJ Lumb,,
654055,2013/14,2014-01-02,"Brisbane Cricket Ground, Woolloongabba",1,12.2,Sydney Sixers,Brisbane Heat,RS Bopara,MJ North,BCJ Cutting,1,0,,,,,,,,,
654055,2013/14,2014-01-02,"Brisbane Cricket Ground, Woolloongabba",1,12.3,Sydney Sixers,Brisbane Heat,MJ North,RS Bopara,BCJ Cutting,0,1,1,,,,,,,,
654055,2013/14,2014-01-02,"Brisbane Cricket Ground, Woolloongabba",1,12.4,Sydney Sixers,Brisbane Heat,MJ North,RS Bopara,BCJ Cutting,0,0,,,,,,,,,
654055,2013/14,2014-01-02,"Brisbane Cricket Ground, Woolloongabba",1,12.5,Sydney Sixers,Brisbane Heat,MJ North,RS Bopara,BCJ Cutting,0,0,,,,,,,,,
654055,2013/14,2014-01-02,"Brisbane Cricket Ground, Woolloongabba",1,12.6,Sydney Sixers,Brisbane Heat,MJ North,RS Bopara,BCJ Cutting,4,0,,,,,,,,,
654055,2013/14,2014-01-02,"Brisbane Cricket Ground, Woolloongabba",1,12.7,Sydney Sixers,Brisbane Heat,MJ North,RS Bopara,BCJ Cutting,0,1,,,,1,,,,,
654055,2013/14,2014-01-02,"Brisbane Cricket Ground, Woolloongabba",1,13.1,Sydney Sixers,Brisbane Heat,MJ North,RS Bopara,DL Vettori,1,0,,,,,,,,,
654055,2013/14,2014-01-02,"Brisbane Cricket Ground, Woolloongabba",1,13.2,Sydney Sixers,Brisbane Heat,RS Bopara,MJ North,DL Vettori,0,0,,,,,,,,,
654055,2013/14,2014-01-02,"Brisbane Cricket Ground, Woolloongabba",1,13.3,Sydney Sixers,Brisbane Heat,RS Bopara,MJ North,DL Vettori,0,0,,,,,,,,,
654055,2013/14,2014-01-02,"Brisbane Cricket Ground, Woolloongabba",1,13.4,Sydney Sixers,Brisbane Heat,RS Bopara,MJ North,DL Vettori,1,0,,,,,,,,,
654055,2013/14,2014-01-02,"Brisbane Cricket Ground, Woolloongabba",1,13.5,Sydney Sixers,Brisbane Heat,MJ North,RS Bopara,DL Vettori,0,0,,,,,,caught,MJ North,,
654055,2013/14,2014-01-02,"Brisbane Cricket Ground, Woolloongabba",1,13.6,Sydney Sixers,Brisbane Heat,RS Bopara,JC Silk,DL Vettori,1,0,,,,,,,,,
654055,2013/14,2014-01-02,"Brisbane Cricket Ground, Woolloongabba",1,14.1,Sydney Sixers,Brisbane Heat,RS Bopara,JC Silk,BCJ Cutting,0,0,,,,,,,,,
654055,2013/14,2014-01-02,"Brisbane Cricket Ground, Woolloongabba",1,14.2,Sydney Sixers,Brisbane Heat,RS Bopara,JC Silk,BCJ Cutting,2,0,,,,,,,,,
654055,2013/14,2014-01-02,"Brisbane Cricket Ground, Woolloongabba",1,14.3,Sydney Sixers,Brisbane Heat,RS Bopara,JC Silk,BCJ Cutting,6,0,,,,,,,,,
654055,2013/14,2014-01-02,"Brisbane Cricket Ground, Woolloongabba",1,14.4,Sydney Sixers,Brisbane Heat,RS Bopara,JC Silk,BCJ Cutting,0,0,,,,,,,,,
654055,2013/14,2014-01-02,"Brisbane Cricket Ground, Woolloongabba",1,14.5,Sydney Sixers,Brisbane Heat,RS Bopara,JC Silk,BCJ Cutting,2,0,,,,,,,,,
654055,2013/14,2014-01-02,"Brisbane Cricket Ground, Woolloongabba",1,14.6,Sydney Sixers,Brisbane Heat,RS Bopara,JC Silk,BCJ Cutting,0,0,,,,,,caught,RS Bopara,,
654055,2013/14,2014-01-02,"Brisbane Cricket Ground, Woolloongabba",1,15.1,Sydney Sixers,Brisbane Heat,JC Silk,DLR Smith,JR Hopes,1,0,,,,,,,,,
654055,2013/14,2014-01-02,"Brisbane Cricket Ground, Woolloongabba",1,15.2,Sydney Sixers,Brisbane Heat,DLR Smith,JC Silk,JR Hopes,1,0,,,,,,,,,
654055,2013/14,2014-01-02,"Brisbane Cricket Ground, Woolloongabba",1,15.3,Sydney Sixers,Brisbane Heat,JC Silk,DLR Smith,JR Hopes,1,0,,,,,,,,,
654055,2013/14,2014-01-02,"Brisbane Cricket Ground, Woolloongabba",1,15.4,Sydney Sixers,Brisbane Heat,DLR Smith,JC Silk,JR Hopes,0,1,1,,,,,,,,
654055,2013/14,2014-01-02,"Brisbane Cricket Ground, Woolloongabba",1,15.5,Sydney Sixers,Brisbane Heat,DLR Smith,JC Silk,JR Hopes,1,0,,,,,,,,,
654055,2013/14,2014-01-02,"Brisbane Cricket Ground, Woolloongabba",1,15.6,Sydney Sixers,Brisbane Heat,JC Silk,DLR Smith,JR Hopes,1,0,,,,,,,,,
654055,2013/14,2014-01-02,"Brisbane Cricket Ground, Woolloongabba",1,15.7,Sydney Sixers,Brisbane Heat,DLR Smith,JC Silk,JR Hopes,0,0,,,,,,,,,
654055,2013/14,2014-01-02,"Brisbane Cricket Ground, Woolloongabba",1,16.1,Sydney Sixers,Brisbane Heat,JC Silk,DLR Smith,CJ Gannon,0,0,,,,,,,,,
654055,2013/14,2014-01-02,"Brisbane Cricket Ground, Woolloongabba",1,16.2,Sydney Sixers,Brisbane Heat,JC Silk,DLR Smith,CJ Gannon,0,0,,,,,,,,,
654055,2013/14,2014-01-02,"Brisbane Cricket Ground, Woolloongabba",1,16.3,Sydney Sixers,Brisbane Heat,JC Silk,DLR Smith,CJ Gannon,1,0,,,,,,,,,
654055,2013/14,2014-01-02,"Brisbane Cricket Ground, Woolloongabba",1,16.4,Sydney Sixers,Brisbane Heat,DLR Smith,JC Silk,CJ Gannon,1,0,,,,,,,,,
654055,2013/14,2014-01-02,"Brisbane Cricket Ground, Woolloongabba",1,16.5,Sydney Sixers,Brisbane Heat,JC Silk,DLR Smith,CJ Gannon,0,1,1,,,,,,,,
654055,2013/14,2014-01-02,"Brisbane Cricket Ground, Woolloongabba",1,16.6,Sydney Sixers,Brisbane Heat,JC Silk,DLR Smith,CJ Gannon,0,1,1,,,,,,,,
654055,2013/14,2014-01-02,"Brisbane Cricket Ground, Woolloongabba",1,16.7,Sydney Sixers,Brisbane Heat,JC Silk,DLR Smith,CJ Gannon,2,0,,,,,,,,,
654055,2013/14,2014-01-02,"Brisbane Cricket Ground, Woolloongabba",1,16.8,Sydney Sixers,Brisbane Heat,JC Silk,DLR Smith,CJ Gannon,0,0,,,,,,bowled,JC Silk,,
654055,2013/14,2014-01-02,"Brisbane Cricket Ground, Woolloongabba",1,17.1,Sydney Sixers,Brisbane Heat,DLR Smith,SNJ O'Keefe,JR Hopes,1,0,,,,,,,,,
654055,2013/14,2014-01-02,"Brisbane Cricket Ground, Woolloongabba",1,17.2,Sydney Sixers,Brisbane Heat,SNJ O'Keefe,DLR Smith,JR Hopes,0,0,,,,,,,,,
654055,2013/14,2014-01-02,"Brisbane Cricket Ground, Woolloongabba",1,17.3,Sydney Sixers,Brisbane Heat,SNJ O'Keefe,DLR Smith,JR Hopes,1,0,,,,,,,,,
654055,2013/14,2014-01-02,"Brisbane Cricket Ground, Woolloongabba",1,17.4,Sydney Sixers,Brisbane Heat,DLR Smith,SNJ O'Keefe,JR Hopes,0,0,,,,,,,,,
654055,2013/14,2014-01-02,"Brisbane Cricket Ground, Woolloongabba",1,17.5,Sydney Sixers,Brisbane Heat,DLR Smith,SNJ O'Keefe,JR Hopes,1,0,,,,,,,,,
654055,2013/14,2014-01-02,"Brisbane Cricket Ground, Woolloongabba",1,17.6,Sydney Sixers,Brisbane Heat,SNJ O'Keefe,DLR Smith,JR Hopes,1,0,,,,,,,,,
654055,2013/14,2014-01-02,"Brisbane Cricket Ground, Woolloongabba",1,18.1,Sydney Sixers,Brisbane Heat,SNJ O'Keefe,DLR Smith,CJ Gannon,1,0,,,,,,,,,
654055,2013/14,2014-01-02,"Brisbane Cricket Ground, Woolloongabba",1,18.2,Sydney Sixers,Brisbane Heat,DLR Smith,SNJ O'Keefe,CJ Gannon,0,0,,,,,,caught,DLR Smith,,
654055,2013/14,2014-01-02,"Brisbane Cricket Ground, Woolloongabba",1,18.3,Sydney Sixers,Brisbane Heat,SNJ O'Keefe,B Lee,CJ Gannon,1,0,,,,,,,,,
654055,2013/14,2014-01-02,"Brisbane Cricket Ground, Woolloongabba",1,18.4,Sydney Sixers,Brisbane Heat,B Lee,SNJ O'Keefe,CJ Gannon,0,0,,,,,,,,,
654055,2013/14,2014-01-02,"Brisbane Cricket Ground, Woolloongabba",1,18.5,Sydney Sixers,Brisbane Heat,B Lee,SNJ O'Keefe,CJ Gannon,0,0,,,,,,caught,B Lee,,
654055,2013/14,2014-01-02,"Brisbane Cricket Ground, Woolloongabba",1,18.6,Sydney Sixers,Brisbane Heat,SNJ O'Keefe,JK Lalor,CJ Gannon,1,0,,,,,,,,,
654055,2013/14,2014-01-02,"Brisbane Cricket Ground, Woolloongabba",1,19.1,Sydney Sixers,Brisbane Heat,SNJ O'Keefe,JK Lalor,JR Hopes,1,0,,,,,,,,,
654055,2013/14,2014-01-02,"Brisbane Cricket Ground, Woolloongabba",1,19.2,Sydney Sixers,Brisbane Heat,JK Lalor,SNJ O'Keefe,JR Hopes,0,0,,,,,,,,,
654055,2013/14,2014-01-02,"Brisbane Cricket Ground, Woolloongabba",1,19.3,Sydney Sixers,Brisbane Heat,JK Lalor,SNJ O'Keefe,JR Hopes,1,0,,,,,,,,,
654055,2013/14,2014-01-02,"Brisbane Cricket Ground, Woolloongabba",1,19.4,Sydney Sixers,Brisbane Heat,SNJ O'Keefe,JK Lalor,JR Hopes,1,0,,,,,,,,,
654055,2013/14,2014-01-02,"Brisbane Cricket Ground, Woolloongabba",1,19.5,Sydney Sixers,Brisbane Heat,JK Lalor,SNJ O'Keefe,JR Hopes,2,0,,,,,,,,,
654055,2013/14,2014-01-02,"Brisbane Cricket Ground, Woolloongabba",1,19.6,Sydney Sixers,Brisbane Heat,JK Lalor,SNJ O'Keefe,JR Hopes,1,0,,,,,,,,,
654055,2013/14,2014-01-02,"Brisbane Cricket Ground, Woolloongabba",2,0.1,Brisbane Heat,Sydney Sixers,LA Pomersbach,C Kieswetter,B Lee,1,0,,,,,,,,,
654055,2013/14,2014-01-02,"Brisbane Cricket Ground, Woolloongabba",2,0.2,Brisbane Heat,Sydney Sixers,C Kieswetter,LA Pomersbach,B Lee,1,0,,,,,,,,,
654055,2013/14,2014-01-02,"Brisbane Cricket Ground, Woolloongabba",2,0.3,Brisbane Heat,Sydney Sixers,LA Pomersbach,C Kieswetter,B Lee,0,0,,,,,,,,,
654055,2013/14,2014-01-02,"Brisbane Cricket Ground, Woolloongabba",2,0.4,Brisbane Heat,Sydney Sixers,LA Pomersbach,C Kieswetter,B Lee,2,0,,,,,,,,,
654055,2013/14,2014-01-02,"Brisbane Cricket Ground, Woolloongabba",2,0.5,Brisbane Heat,Sydney Sixers,LA Pomersbach,C Kieswetter,B Lee,0,0,,,,,,,,,
654055,2013/14,2014-01-02,"Brisbane Cricket Ground, Woolloongabba",2,0.6,Brisbane Heat,Sydney Sixers,LA Pomersbach,C Kieswetter,B Lee,4,0,,,,,,,,,
654055,2013/14,2014-01-02,"Brisbane Cricket Ground, Woolloongabba",2,1.1,Brisbane Heat,Sydney Sixers,C Kieswetter,LA Pomersbach,JR Hazlewood,0,0,,,,,,,,,
654055,2013/14,2014-01-02,"Brisbane Cricket Ground, Woolloongabba",2,1.2,Brisbane Heat,Sydney Sixers,C Kieswetter,LA Pomersbach,JR Hazlewood,1,0,,,,,,,,,
654055,2013/14,2014-01-02,"Brisbane Cricket Ground, Woolloongabba",2,1.3,Brisbane Heat,Sydney Sixers,LA Pomersbach,C Kieswetter,JR Hazlewood,0,0,,,,,,,,,
654055,2013/14,2014-01-02,"Brisbane Cricket Ground, Woolloongabba",2,1.4,Brisbane Heat,Sydney Sixers,LA Pomersbach,C Kieswetter,JR Hazlewood,1,0,,,,,,,,,
654055,2013/14,2014-01-02,"Brisbane Cricket Ground, Woolloongabba",2,1.5,Brisbane Heat,Sydney Sixers,C Kieswetter,LA Pomersbach,JR Hazlewood,0,1,1,,,,,,,,
654055,2013/14,2014-01-02,"Brisbane Cricket Ground, Woolloongabba",2,1.6,Brisbane Heat,Sydney Sixers,C Kieswetter,LA Pomersbach,JR Hazlewood,0,0,,,,,,,,,
654055,2013/14,2014-01-02,"Brisbane Cricket Ground, Woolloongabba",2,1.7,Brisbane Heat,Sydney Sixers,C Kieswetter,LA Pomersbach,JR Hazlewood,1,0,,,,,,,,,
654055,2013/14,2014-01-02,"Brisbane Cricket Ground, Woolloongabba",2,2.1,Brisbane Heat,Sydney Sixers,C Kieswetter,LA Pomersbach,B Lee,0,0,,,,,,,,,
654055,2013/14,2014-01-02,"Brisbane Cricket Ground, Woolloongabba",2,2.2,Brisbane Heat,Sydney Sixers,C Kieswetter,LA Pomersbach,B Lee,0,0,,,,,,,,,
654055,2013/14,2014-01-02,"Brisbane Cricket Ground, Woolloongabba",2,2.3,Brisbane Heat,Sydney Sixers,C Kieswetter,LA Pomersbach,B Lee,4,0,,,,,,,,,
654055,2013/14,2014-01-02,"Brisbane Cricket Ground, Woolloongabba",2,2.4,Brisbane Heat,Sydney Sixers,C Kieswetter,LA Pomersbach,B Lee,0,0,,,,,,,,,
654055,2013/14,2014-01-02,"Brisbane Cricket Ground, Woolloongabba",2,2.5,Brisbane Heat,Sydney Sixers,C Kieswetter,LA Pomersbach,B Lee,0,0,,,,,,,,,
654055,2013/14,2014-01-02,"Brisbane Cricket Ground, Woolloongabba",2,2.6,Brisbane Heat,Sydney Sixers,C Kieswetter,LA Pomersbach,B Lee,0,1,1,,,,,,,,
654055,2013/14,2014-01-02,"Brisbane Cricket Ground, Woolloongabba",2,2.7,Brisbane Heat,Sydney Sixers,C Kieswetter,LA Pomersbach,B Lee,0,0,,,,,,,,,
654055,2013/14,2014-01-02,"Brisbane Cricket Ground, Woolloongabba",2,3.1,Brisbane Heat,Sydney Sixers,LA Pomersbach,C Kieswetter,JK Lalor,0,0,,,,,,,,,
654055,2013/14,2014-01-02,"Brisbane Cricket Ground, Woolloongabba",2,3.2,Brisbane Heat,Sydney Sixers,LA Pomersbach,C Kieswetter,JK Lalor,0,4,,,,4,,,,,
654055,2013/14,2014-01-02,"Brisbane Cricket Ground, Woolloongabba",2,3.3,Brisbane Heat,Sydney Sixers,LA Pomersbach,C Kieswetter,JK Lalor,0,0,,,,,,,,,
654055,2013/14,2014-01-02,"Brisbane Cricket Ground, Woolloongabba",2,3.4,Brisbane Heat,Sydney Sixers,LA Pomersbach,C Kieswetter,JK Lalor,1,0,,,,,,,,,
654055,2013/14,2014-01-02,"Brisbane Cricket Ground, Woolloongabba",2,3.5,Brisbane Heat,Sydney Sixers,C Kieswetter,LA Pomersbach,JK Lalor,1,0,,,,,,,,,
654055,2013/14,2014-01-02,"Brisbane Cricket Ground, Woolloongabba",2,3.6,Brisbane Heat,Sydney Sixers,LA Pomersbach,C Kieswetter,JK Lalor,1,0,,,,,,,,,
654055,2013/14,2014-01-02,"Brisbane Cricket Ground, Woolloongabba",2,4.1,Brisbane Heat,Sydney Sixers,LA Pomersbach,C Kieswetter,JR Hazlewood,0,0,,,,,,,,,
654055,2013/14,2014-01-02,"Brisbane Cricket Ground, Woolloongabba",2,4.2,Brisbane Heat,Sydney Sixers,LA Pomersbach,C Kieswetter,JR Hazlewood,4,0,,,,,,,,,
654055,2013/14,2014-01-02,"Brisbane Cricket Ground, Woolloongabba",2,4.3,Brisbane Heat,Sydney Sixers,LA Pomersbach,C Kieswetter,JR Hazlewood,1,0,,,,,,,,,
654055,2013/14,2014-01-02,"Brisbane Cricket Ground, Woolloongabba",2,4.4,Brisbane Heat,Sydney Sixers,C Kieswetter,LA Pomersbach,JR Hazlewood,1,0,,,,,,run out,LA Pomersbach,,
654055,2013/14,2014-01-02,"Brisbane Cricket Ground, Woolloongabba",2,4.5,Brisbane Heat,Sydney Sixers,JA Burns,C Kieswetter,JR Hazlewood,0,0,,,,,,,,,
654055,2013/14,2014-01-02,"Brisbane Cricket Ground, Woolloongabba",2,4.6,Brisbane Heat,Sydney Sixers,JA Burns,C Kieswetter,JR Hazlewood,1,0,,,,,,,,,
654055,2013/14,2014-01-02,"Brisbane Cricket Ground, Woolloongabba",2,5.1,Brisbane Heat,Sydney Sixers,JA Burns,C Kieswetter,JK Lalor,0,0,,,,,,,,,
654055,2013/14,2014-01-02,"Brisbane Cricket Ground, Woolloongabba",2,5.2,Brisbane Heat,Sydney Sixers,JA Burns,C Kieswetter,JK Lalor,0,0,,,,,,,,,
654055,2013/14,2014-01-02,"Brisbane Cricket Ground, Woolloongabba",2,5.3,Brisbane Heat,Sydney Sixers,JA Burns,C Kieswetter,JK Lalor,0,0,,,,,,,,,
654055,2013/14,2014-01-02,"Brisbane Cricket Ground, Woolloongabba",2,5.4,Brisbane Heat,Sydney Sixers,JA Burns,C Kieswetter,JK Lalor,0,0,,,,,,,,,
654055,2013/14,2014-01-02,"Brisbane Cricket Ground, Woolloongabba",2,5.5,Brisbane Heat,Sydney Sixers,JA Burns,C Kieswetter,JK Lalor,0,0,,,,,,caught,JA Burns,,
654055,2013/14,2014-01-02,"Brisbane Cricket Ground, Woolloongabba",2,5.6,Brisbane Heat,Sydney Sixers,C Kieswetter,DT Christian,JK Lalor,0,0,,,,,,,,,
654055,2013/14,2014-01-02,"Brisbane Cricket Ground, Woolloongabba",2,6.1,Brisbane Heat,Sydney Sixers,DT Christian,C Kieswetter,MC Henriques,1,0,,,,,,,,,
654055,2013/14,2014-01-02,"Brisbane Cricket Ground, Woolloongabba",2,6.2,Brisbane Heat,Sydney Sixers,C Kieswetter,DT Christian,MC Henriques,1,0,,,,,,,,,
654055,2013/14,2014-01-02,"Brisbane Cricket Ground, Woolloongabba",2,6.3,Brisbane Heat,Sydney Sixers,DT Christian,C Kieswetter,MC Henriques,0,0,,,,,,,,,
654055,2013/14,2014-01-02,"Brisbane Cricket Ground, Woolloongabba",2,6.4,Brisbane Heat,Sydney Sixers,DT Christian,C Kieswetter,MC Henriques,0,0,,,,,,caught,DT Christian,,
654055,2013/14,2014-01-02,"Brisbane Cricket Ground, Woolloongabba",2,6.5,Brisbane Heat,Sydney Sixers,CA Lynn,C Kieswetter,MC Henriques,1,0,,,,,,,,,
654055,2013/14,2014-01-02,"Brisbane Cricket Ground, Woolloongabba",2,6.6,Brisbane Heat,Sydney Sixers,C Kieswetter,CA Lynn,MC Henriques,0,0,,,,,,,,,
654055,2013/14,2014-01-02,"Brisbane Cricket Ground, Woolloongabba",2,7.1,Brisbane Heat,Sydney Sixers,CA Lynn,C Kieswetter,SNJ O'Keefe,1,0,,,,,,,,,
654055,2013/14,2014-01-02,"Brisbane Cricket Ground, Woolloongabba",2,7.2,Brisbane Heat,Sydney Sixers,C Kieswetter,CA Lynn,SNJ O'Keefe,1,0,,,,,,,,,
654055,2013/14,2014-01-02,"Brisbane Cricket Ground, Woolloongabba",2,7.3,Brisbane Heat,Sydney Sixers,CA Lynn,C Kieswetter,SNJ O'Keefe,1,0,,,,,,,,,
654055,2013/14,2014-01-02,"Brisbane Cricket Ground, Woolloongabba",2,7.4,Brisbane Heat,Sydney Sixers,C Kieswetter,CA Lynn,SNJ O'Keefe,0,0,,,,,,,,,
654055,2013/14,2014-01-02,"Brisbane Cricket Ground, Woolloongabba",2,7.5,Brisbane Heat,Sydney Sixers,C Kieswetter,CA Lynn,SNJ O'Keefe,2,0,,,,,,,,,
654055,2013/14,2014-01-02,"Brisbane Cricket Ground, Woolloongabba",2,7.6,Brisbane Heat,Sydney Sixers,C Kieswetter,CA Lynn,SNJ O'Keefe,0,0,,,,,,,,,
654055,2013/14,2014-01-02,"Brisbane Cricket Ground, Woolloongabba",2,8.1,Brisbane Heat,Sydney Sixers,CA Lynn,C Kieswetter,MC Henriques,4,0,,,,,,,,,
654055,2013/14,2014-01-02,"Brisbane Cricket Ground, Woolloongabba",2,8.2,Brisbane Heat,Sydney Sixers,CA Lynn,C Kieswetter,MC Henriques,1,0,,,,,,,,,
654055,2013/14,2014-01-02,"Brisbane Cricket Ground, Woolloongabba",2,8.3,Brisbane Heat,Sydney Sixers,C Kieswetter,CA Lynn,MC Henriques,0,0,,,,,,,,,
654055,2013/14,2014-01-02,"Brisbane Cricket Ground, Woolloongabba",2,8.4,Brisbane Heat,Sydney Sixers,C Kieswetter,CA Lynn,MC Henriques,0,0,,,,,,,,,
654055,2013/14,2014-01-02,"Brisbane Cricket Ground, Woolloongabba",2,8.5,Brisbane Heat,Sydney Sixers,C Kieswetter,CA Lynn,MC Henriques,0,0,,,,,,,,,
654055,2013/14,2014-01-02,"Brisbane Cricket Ground, Woolloongabba",2,8.6,Brisbane Heat,Sydney Sixers,C Kieswetter,CA Lynn,MC Henriques,4,0,,,,,,,,,
654055,2013/14,2014-01-02,"Brisbane Cricket Ground, Woolloongabba",2,9.1,Brisbane Heat,Sydney Sixers,CA Lynn,C Kieswetter,SNJ O'Keefe,0,0,,,,,,,,,
654055,2013/14,2014-01-02,"Brisbane Cricket Ground, Woolloongabba",2,9.2,Brisbane Heat,Sydney Sixers,CA Lynn,C Kieswetter,SNJ O'Keefe,1,0,,,,,,,,,
654055,2013/14,2014-01-02,"Brisbane Cricket Ground, Woolloongabba",2,9.3,Brisbane Heat,Sydney Sixers,C Kieswetter,CA Lynn,SNJ O'Keefe,0,0,,,,,,,,,
654055,2013/14,2014-01-02,"Brisbane Cricket Ground, Woolloongabba",2,9.4,Brisbane Heat,Sydney Sixers,C Kieswetter,CA Lynn,SNJ O'Keefe,1,0,,,,,,,,,
654055,2013/14,2014-01-02,"Brisbane Cricket Ground, Woolloongabba",2,9.5,Brisbane Heat,Sydney Sixers,CA Lynn,C Kieswetter,SNJ O'Keefe,2,0,,,,,,,,,
654055,2013/14,2014-01-02,"Brisbane Cricket Ground, Woolloongabba",2,9.6,Brisbane Heat,Sydney Sixers,CA Lynn,C Kieswetter,SNJ O'Keefe,1,0,,,,,,,,,
654055,2013/14,2014-01-02,"Brisbane Cricket Ground, Woolloongabba",2,10.1,Brisbane Heat,Sydney Sixers,CA Lynn,C Kieswetter,JR Hazlewood,4,0,,,,,,,,,
654055,2013/14,2014-01-02,"Brisbane Cricket Ground, Woolloongabba",2,10.2,Brisbane Heat,Sydney Sixers,CA Lynn,C Kieswetter,JR Hazlewood,6,0,,,,,,,,,
654055,2013/14,2014-01-02,"Brisbane Cricket Ground, Woolloongabba",2,10.3,Brisbane Heat,Sydney Sixers,CA Lynn,C Kieswetter,JR Hazlewood,6,0,,,,,,,,,
654055,2013/14,2014-01-02,"Brisbane Cricket Ground, Woolloongabba",2,10.4,Brisbane Heat,Sydney Sixers,CA Lynn,C Kieswetter,JR Hazlewood,0,0,,,,,,,,,
654055,2013/14,2014-01-02,"Brisbane Cricket Ground, Woolloongabba",2,10.5,Brisbane Heat,Sydney Sixers,CA Lynn,C Kieswetter,JR Hazlewood,0,0,,,,,,,,,
654055,2013/14,2014-01-02,"Brisbane Cricket Ground, Woolloongabba",2,10.6,Brisbane Heat,Sydney Sixers,CA Lynn,C Kieswetter,JR Hazlewood,1,0,,,,,,,,,
654055,2013/14,2014-01-02,"Brisbane Cricket Ground, Woolloongabba",2,11.1,Brisbane Heat,Sydney Sixers,CA Lynn,C Kieswetter,RS Bopara,1,0,,,,,,,,,
654055,2013/14,2014-01-02,"Brisbane Cricket Ground, Woolloongabba",2,11.2,Brisbane Heat,Sydney Sixers,C Kieswetter,CA Lynn,RS Bopara,1,0,,,,,,,,,
654055,2013/14,2014-01-02,"Brisbane Cricket Ground, Woolloongabba",2,11.3,Brisbane Heat,Sydney Sixers,CA Lynn,C Kieswetter,RS Bopara,1,0,,,,,,,,,
654055,2013/14,2014-01-02,"Brisbane Cricket Ground, Woolloongabba",2,11.4,Brisbane Heat,Sydney Sixers,C Kieswetter,CA Lynn,RS Bopara,1,0,,,,,,,,,
654055,2013/14,2014-01-02,"Brisbane Cricket Ground, Woolloongabba",2,11.5,Brisbane Heat,Sydney Sixers,CA Lynn,C Kieswetter,RS Bopara,1,0,,,,,,,,,
654055,2013/14,2014-01-02,"Brisbane Cricket Ground, Woolloongabba",2,11.6,Brisbane Heat,Sydney Sixers,C Kieswetter,CA Lynn,RS Bopara,1,0,,,,,,,,,
654055,2013/14,2014-01-02,"Brisbane Cricket Ground, Woolloongabba",2,12.1,Brisbane Heat,Sydney Sixers,C Kieswetter,CA Lynn,JK Lalor,4,0,,,,,,,,,
654055,2013/14,2014-01-02,"Brisbane Cricket Ground, Woolloongabba",2,12.2,Brisbane Heat,Sydney Sixers,C Kieswetter,CA Lynn,JK Lalor,0,0,,,,,,,,,
654055,2013/14,2014-01-02,"Brisbane Cricket Ground, Woolloongabba",2,12.3,Brisbane Heat,Sydney Sixers,C Kieswetter,CA Lynn,JK Lalor,4,0,,,,,,,,,
654055,2013/14,2014-01-02,"Brisbane Cricket Ground, Woolloongabba",2,12.4,Brisbane Heat,Sydney Sixers,C Kieswetter,CA Lynn,JK Lalor,1,0,,,,,,,,,
654055,2013/14,2014-01-02,"Brisbane Cricket Ground, Woolloongabba",2,12.5,Brisbane Heat,Sydney Sixers,CA Lynn,C Kieswetter,JK Lalor,1,0,,,,,,,,,
654055,2013/14,2014-01-02,"Brisbane Cricket Ground, Woolloongabba",2,12.6,Brisbane Heat,Sydney Sixers,C Kieswetter,CA Lynn,JK Lalor,0,1,1,,,,,,,,
654055,2013/14,2014-01-02,"Brisbane Cricket Ground, Woolloongabba",2,12.7,Brisbane Heat,Sydney Sixers,C Kieswetter,CA Lynn,JK Lalor,1,0,,,,,,,,,
654055,2013/14,2014-01-02,"Brisbane Cricket Ground, Woolloongabba",2,13.1,Brisbane Heat,Sydney Sixers,C Kieswetter,CA Lynn,SNJ O'Keefe,0,0,,,,,,,,,
654055,2013/14,2014-01-02,"Brisbane Cricket Ground, Woolloongabba",2,13.2,Brisbane Heat,Sydney Sixers,C Kieswetter,CA Lynn,SNJ O'Keefe,0,0,,,,,,,,,
654055,2013/14,2014-01-02,"Brisbane Cricket Ground, Woolloongabba",2,13.3,Brisbane Heat,Sydney Sixers,C Kieswetter,CA Lynn,SNJ O'Keefe,1,0,,,,,,,,,
654055,2013/14,2014-01-02,"Brisbane Cricket Ground, Woolloongabba",2,13.4,Brisbane Heat,Sydney Sixers,CA Lynn,C Kieswetter,SNJ O'Keefe,1,0,,,,,,,,,
654055,2013/14,2014-01-02,"Brisbane Cricket Ground, Woolloongabba",2,13.5,Brisbane Heat,Sydney Sixers,C Kieswetter,CA Lynn,SNJ O'Keefe,6,0,,,,,,,,,
654055,2013/14,2014-01-02,"Brisbane Cricket Ground, Woolloongabba",2,13.6,Brisbane Heat,Sydney Sixers,C Kieswetter,CA Lynn,SNJ O'Keefe,0,0,,,,,,,,,
654055,2013/14,2014-01-02,"Brisbane Cricket Ground, Woolloongabba",2,14.1,Brisbane Heat,Sydney Sixers,CA Lynn,C Kieswetter,B Lee,0,0,,,,,,bowled,CA Lynn,,
654055,2013/14,2014-01-02,"Brisbane Cricket Ground, Woolloongabba",2,14.2,Brisbane Heat,Sydney Sixers,CJM Sabburg,C Kieswetter,B Lee,0,0,,,,,,,,,
654055,2013/14,2014-01-02,"Brisbane Cricket Ground, Woolloongabba",2,14.3,Brisbane Heat,Sydney Sixers,CJM Sabburg,C Kieswetter,B Lee,1,0,,,,,,,,,
654055,2013/14,2014-01-02,"Brisbane Cricket Ground, Woolloongabba",2,14.4,Brisbane Heat,Sydney Sixers,C Kieswetter,CJM Sabburg,B Lee,0,0,,,,,,caught,C Kieswetter,,
654055,2013/14,2014-01-02,"Brisbane Cricket Ground, Woolloongabba",2,14.5,Brisbane Heat,Sydney Sixers,JR Hopes,CJM Sabburg,B Lee,0,0,,,,,,,,,
654055,2013/14,2014-01-02,"Brisbane Cricket Ground, Woolloongabba",2,14.6,Brisbane Heat,Sydney Sixers,JR Hopes,CJM Sabburg,B Lee,0,0,,,,,,,,,
654055,2013/14,2014-01-02,"Brisbane Cricket Ground, Woolloongabba",2,15.1,Brisbane Heat,Sydney Sixers,CJM Sabburg,JR Hopes,SNJ O'Keefe,1,0,,,,,,,,,
654055,2013/14,2014-01-02,"Brisbane Cricket Ground, Woolloongabba",2,15.2,Brisbane Heat,Sydney Sixers,JR Hopes,CJM Sabburg,SNJ O'Keefe,1,0,,,,,,,,,
654055,2013/14,2014-01-02,"Brisbane Cricket Ground, Woolloongabba",2,15.3,Brisbane Heat,Sydney Sixers,CJM Sabburg,JR Hopes,SNJ O'Keefe,1,0,,,,,,,,,
654055,2013/14,2014-01-02,"Brisbane Cricket Ground, Woolloongabba",2,15.4,Brisbane Heat,Sydney Sixers,JR Hopes,CJM Sabburg,SNJ O'Keefe,1,0,,,,,,,,,
654055,2013/14,2014-01-02,"Brisbane Cricket Ground, Woolloongabba",2,15.5,Brisbane Heat,Sydney Sixers,CJM Sabburg,JR Hopes,SNJ O'Keefe,0,0,,,,,,,,,
654055,2013/14,2014-01-02,"Brisbane Cricket Ground, Woolloongabba",2,15.6,Brisbane Heat,Sydney Sixers,CJM Sabburg,JR Hopes,SNJ O'Keefe,0,1,1,,,,,,,,
654055,2013/14,2014-01-02,"Brisbane Cricket Ground, Woolloongabba",2,15.7,Brisbane Heat,Sydney Sixers,CJM Sabburg,JR Hopes,SNJ O'Keefe,1,0,,,,,,,,,
654055,2013/14,2014-01-02,"Brisbane Cricket Ground, Woolloongabba",2,16.1,Brisbane Heat,Sydney Sixers,CJM Sabburg,JR Hopes,JK Lalor,0,0,,,,,,,,,
654055,2013/14,2014-01-02,"Brisbane Cricket Ground, Woolloongabba",2,16.2,Brisbane Heat,Sydney Sixers,CJM Sabburg,JR Hopes,JK Lalor,0,0,,,,,,,,,
654055,2013/14,2014-01-02,"Brisbane Cricket Ground, Woolloongabba",2,16.3,Brisbane Heat,Sydney Sixers,CJM Sabburg,JR Hopes,JK Lalor,0,1,,,,1,,,,,
654055,2013/14,2014-01-02,"Brisbane Cricket Ground, Woolloongabba",2,16.4,Brisbane Heat,Sydney Sixers,JR Hopes,CJM Sabburg,JK Lalor,1,0,,,,,,,,,
654055,2013/14,2014-01-02,"Brisbane Cricket Ground, Woolloongabba",2,16.5,Brisbane Heat,Sydney Sixers,CJM Sabburg,JR Hopes,JK Lalor,1,0,,,,,,,,,
654055,2013/14,2014-01-02,"Brisbane Cricket Ground, Woolloongabba",2,16.6,Brisbane Heat,Sydney Sixers,JR Hopes,CJM Sabburg,JK Lalor,1,0,,,,,,,,,
654055,2013/14,2014-01-02,"Brisbane Cricket Ground, Woolloongabba",2,17.1,Brisbane Heat,Sydney Sixers,JR Hopes,CJM Sabburg,RS Bopara,0,0,,,,,,,,,
654055,2013/14,2014-01-02,"Brisbane Cricket Ground, Woolloongabba",2,17.2,Brisbane Heat,Sydney Sixers,JR Hopes,CJM Sabburg,RS Bopara,0,0,,,,,,,,,
654055,2013/14,2014-01-02,"Brisbane Cricket Ground, Woolloongabba",2,17.3,Brisbane Heat,Sydney Sixers,JR Hopes,CJM Sabburg,RS Bopara,1,0,,,,,,,,,
654055,2013/14,2014-01-02,"Brisbane Cricket Ground, Woolloongabba",2,17.4,Brisbane Heat,Sydney Sixers,CJM Sabburg,JR Hopes,RS Bopara,2,0,,,,,,,,,
654055,2013/14,2014-01-02,"Brisbane Cricket Ground, Woolloongabba",2,17.5,Brisbane Heat,Sydney Sixers,CJM Sabburg,JR Hopes,RS Bopara,1,0,,,,,,,,,
654055,2013/14,2014-01-02,"Brisbane Cricket Ground, Woolloongabba",2,17.6,Brisbane Heat,Sydney Sixers,JR Hopes,CJM Sabburg,RS Bopara,1,0,,,,,,,,,
654055,2013/14,2014-01-02,"Brisbane Cricket Ground, Woolloongabba",2,18.1,Brisbane Heat,Sydney Sixers,JR Hopes,CJM Sabburg,B Lee,1,0,,,,,,,,,
654055,2013/14,2014-01-02,"Brisbane Cricket Ground, Woolloongabba",2,18.2,Brisbane Heat,Sydney Sixers,CJM Sabburg,JR Hopes,B Lee,0,1,,,1,,,,,,
654055,2013/14,2014-01-02,"Brisbane Cricket Ground, Woolloongabba",2,18.3,Brisbane Heat,Sydney Sixers,JR Hopes,CJM Sabburg,B Lee,1,0,,,,,,,,,
654055,2013/14,2014-01-02,"Brisbane Cricket Ground, Woolloongabba",2,18.4,Brisbane Heat,Sydney Sixers,CJM Sabburg,JR Hopes,B Lee,1,1,,1,,,,,,,
654055,2013/14,2014-01-02,"Brisbane Cricket Ground, Woolloongabba",2,18.5,Brisbane Heat,Sydney Sixers,JR Hopes,CJM Sabburg,B Lee,0,1,1,,,,,,,,
654055,2013/14,2014-01-02,"Brisbane Cricket Ground, Woolloongabba",2,18.6,Brisbane Heat,Sydney Sixers,JR Hopes,CJM Sabburg,B Lee,1,0,,,,,,,,,
654055,2013/14,2014-01-02,"Brisbane Cricket Ground, Woolloongabba",2,18.7,Brisbane Heat,Sydney Sixers,CJM Sabburg,JR Hopes,B Lee,2,0,,,,,,,,,
654055,2013/14,2014-01-02,"Brisbane Cricket Ground, Woolloongabba",2,18.8,Brisbane Heat,Sydney Sixers,CJM Sabburg,JR Hopes,B Lee,0,0,,,,,,run out,JR Hopes,,
654055,2013/14,2014-01-02,"Brisbane Cricket Ground, Woolloongabba",2,19.1,Brisbane Heat,Sydney Sixers,CJM Sabburg,BCJ Cutting,JR Hazlewood,3,0,,,,,,,,,
654055,2013/14,2014-01-02,"Brisbane Cricket Ground, Woolloongabba",2,19.2,Brisbane Heat,Sydney Sixers,BCJ Cutting,CJM Sabburg,JR Hazlewood,1,0,,,,,,,,,
654055,2013/14,2014-01-02,"Brisbane Cricket Ground, Woolloongabba",2,19.3,Brisbane Heat,Sydney Sixers,CJM Sabburg,BCJ Cutting,JR Hazlewood,2,0,,,,,,,,,
654055,2013/14,2014-01-02,"Brisbane Cricket Ground, Woolloongabba",2,19.4,Brisbane Heat,Sydney Sixers,CJM Sabburg,BCJ Cutting,JR Hazlewood,3,0,,,,,,,,,
654055,2013/14,2014-01-02,"Brisbane Cricket Ground, Woolloongabba",2,19.5,Brisbane Heat,Sydney Sixers,BCJ Cutting,CJM Sabburg,JR Hazlewood,6,0,,,,,,,,,
654055,2013/14,2014-01-02,"Brisbane Cricket Ground, Woolloongabba",2,19.6,Brisbane Heat,Sydney Sixers,BCJ Cutting,CJM Sabburg,JR Hazlewood,0,0,,,,,,caught,BCJ Cutting,,
