match_id,season,start_date,venue,innings,ball,batting_team,bowling_team,striker,non_striker,bowler,runs_off_bat,extras,wides,noballs,byes,legbyes,penalty,wicket_type,player_dismissed,other_wicket_type,other_player_dismissed
654089,2013/14,2014-01-23,Bellerive Oval,1,0.1,Hobart Hurricanes,Brisbane Heat,BR Dunk,TD Paine,RJ Harris,1,0,,,,,,,,,
654089,2013/14,2014-01-23,Bellerive Oval,1,0.2,Hobart Hurricanes,Brisbane Heat,TD Paine,BR Dunk,RJ Harris,0,0,,,,,,,,,
654089,2013/14,2014-01-23,Bellerive Oval,1,0.3,Hobart Hurricanes,Brisbane Heat,TD Paine,BR Dunk,RJ Harris,2,0,,,,,,,,,
654089,2013/14,2014-01-23,Bellerive Oval,1,0.4,Hobart Hurricanes,Brisbane Heat,TD Paine,BR Dunk,RJ Harris,2,0,,,,,,,,,
654089,2013/14,2014-01-23,Bellerive Oval,1,0.5,Hobart Hurricanes,Brisbane Heat,TD Paine,BR Dunk,RJ Harris,2,0,,,,,,,,,
654089,2013/14,2014-01-23,Bellerive Oval,1,0.6,Hobart Hurricanes,Brisbane Heat,TD Paine,BR Dunk,RJ Harris,1,0,,,,,,,,,
654089,2013/14,2014-01-23,Bellerive Oval,1,1.1,Hobart Hurricanes,Brisbane Heat,TD Paine,BR Dunk,DL Vettori,0,0,,,,,,,,,
654089,2013/14,2014-01-23,Bellerive Oval,1,1.2,Hobart Hurricanes,Brisbane Heat,TD Paine,BR Dunk,DL Vettori,0,1,1,,,,,,,,
654089,2013/14,2014-01-23,Bellerive Oval,1,1.3,Hobart Hurricanes,Brisbane Heat,TD Paine,BR Dunk,DL Vettori,1,0,,,,,,,,,
654089,2013/14,2014-01-23,Bellerive Oval,1,1.4,Hobart Hurricanes,Brisbane Heat,BR Dunk,TD Paine,DL Vettori,0,0,,,,,,,,,
654089,2013/14,2014-01-23,Bellerive Oval,1,1.5,Hobart Hurricanes,Brisbane Heat,BR Dunk,TD Paine,DL Vettori,0,0,,,,,,,,,
654089,2013/14,2014-01-23,Bellerive Oval,1,1.6,Hobart Hurricanes,Brisbane Heat,BR Dunk,TD Paine,DL Vettori,2,0,,,,,,,,,
654089,2013/14,2014-01-23,Bellerive Oval,1,1.7,Hobart Hurricanes,Brisbane Heat,BR Dunk,TD Paine,DL Vettori,0,0,,,,,,,,,
654089,2013/14,2014-01-23,Bellerive Oval,1,2.1,Hobart Hurricanes,Brisbane Heat,TD Paine,BR Dunk,MT Steketee,1,0,,,,,,,,,
654089,2013/14,2014-01-23,Bellerive Oval,1,2.2,Hobart Hurricanes,Brisbane Heat,BR Dunk,TD Paine,MT Steketee,1,0,,,,,,,,,
654089,2013/14,2014-01-23,Bellerive Oval,1,2.3,Hobart Hurricanes,Brisbane Heat,TD Paine,BR Dunk,MT Steketee,4,0,,,,,,,,,
654089,2013/14,2014-01-23,Bellerive Oval,1,2.4,Hobart Hurricanes,Brisbane Heat,TD Paine,BR Dunk,MT Steketee,4,0,,,,,,,,,
654089,2013/14,2014-01-23,Bellerive Oval,1,2.5,Hobart Hurricanes,Brisbane Heat,TD Paine,BR Dunk,MT Steketee,1,0,,,,,,,,,
654089,2013/14,2014-01-23,Bellerive Oval,1,2.6,Hobart Hurricanes,Brisbane Heat,BR Dunk,TD Paine,MT Steketee,1,0,,,,,,,,,
654089,2013/14,2014-01-23,Bellerive Oval,1,3.1,Hobart Hurricanes,Brisbane Heat,BR Dunk,TD Paine,DL Vettori,1,0,,,,,,,,,
654089,2013/14,2014-01-23,Bellerive Oval,1,3.2,Hobart Hurricanes,Brisbane Heat,TD Paine,BR Dunk,DL Vettori,0,0,,,,,,,,,
654089,2013/14,2014-01-23,Bellerive Oval,1,3.3,Hobart Hurricanes,Brisbane Heat,TD Paine,BR Dunk,DL Vettori,1,0,,,,,,,,,
654089,2013/14,2014-01-23,Bellerive Oval,1,3.4,Hobart Hurricanes,Brisbane Heat,BR Dunk,TD Paine,DL Vettori,4,0,,,,,,,,,
654089,2013/14,2014-01-23,Bellerive Oval,1,3.5,Hobart Hurricanes,Brisbane Heat,BR Dunk,TD Paine,DL Vettori,0,0,,,,,,,,,
654089,2013/14,2014-01-23,Bellerive Oval,1,3.6,Hobart Hurricanes,Brisbane Heat,BR Dunk,TD Paine,DL Vettori,2,0,,,,,,,,,
654089,2013/14,2014-01-23,Bellerive Oval,1,4.1,Hobart Hurricanes,Brisbane Heat,TD Paine,BR Dunk,CJ Gannon,6,0,,,,,,,,,
654089,2013/14,2014-01-23,Bellerive Oval,1,4.2,Hobart Hurricanes,Brisbane Heat,TD Paine,BR Dunk,CJ Gannon,4,0,,,,,,,,,
654089,2013/14,2014-01-23,Bellerive Oval,1,4.3,Hobart Hurricanes,Brisbane Heat,TD Paine,BR Dunk,CJ Gannon,0,0,,,,,,,,,
654089,2013/14,2014-01-23,Bellerive Oval,1,4.4,Hobart Hurricanes,Brisbane Heat,TD Paine,BR Dunk,CJ Gannon,1,0,,,,,,,,,
654089,2013/14,2014-01-23,Bellerive Oval,1,4.5,Hobart Hurricanes,Brisbane Heat,BR Dunk,TD Paine,CJ Gannon,1,0,,,,,,,,,
654089,2013/14,2014-01-23,Bellerive Oval,1,4.6,Hobart Hurricanes,Brisbane Heat,TD Paine,BR Dunk,CJ Gannon,6,0,,,,,,,,,
654089,2013/14,2014-01-23,Bellerive Oval,1,5.1,Hobart Hurricanes,Brisbane Heat,BR Dunk,TD Paine,DL Vettori,4,0,,,,,,,,,
654089,2013/14,2014-01-23,Bellerive Oval,1,5.2,Hobart Hurricanes,Brisbane Heat,BR Dunk,TD Paine,DL Vettori,1,0,,,,,,,,,
654089,2013/14,2014-01-23,Bellerive Oval,1,5.3,Hobart Hurricanes,Brisbane Heat,TD Paine,BR Dunk,DL Vettori,0,0,,,,,,,,,
654089,2013/14,2014-01-23,Bellerive Oval,1,5.4,Hobart Hurricanes,Brisbane Heat,TD Paine,BR Dunk,DL Vettori,1,0,,,,,,,,,
654089,2013/14,2014-01-23,Bellerive Oval,1,5.5,Hobart Hurricanes,Brisbane Heat,BR Dunk,TD Paine,DL Vettori,6,0,,,,,,,,,
654089,2013/14,2014-01-23,Bellerive Oval,1,5.6,Hobart Hurricanes,Brisbane Heat,BR Dunk,TD Paine,DL Vettori,1,0,,,,,,,,,
654089,2013/14,2014-01-23,Bellerive Oval,1,6.1,Hobart Hurricanes,Brisbane Heat,BR Dunk,TD Paine,RJ Harris,0,0,,,,,,,,,
654089,2013/14,2014-01-23,Bellerive Oval,1,6.2,Hobart Hurricanes,Brisbane Heat,BR Dunk,TD Paine,RJ Harris,2,0,,,,,,,,,
654089,2013/14,2014-01-23,Bellerive Oval,1,6.3,Hobart Hurricanes,Brisbane Heat,BR Dunk,TD Paine,RJ Harris,6,0,,,,,,,,,
654089,2013/14,2014-01-23,Bellerive Oval,1,6.4,Hobart Hurricanes,Brisbane Heat,BR Dunk,TD Paine,RJ Harris,1,0,,,,,,,,,
654089,2013/14,2014-01-23,Bellerive Oval,1,6.5,Hobart Hurricanes,Brisbane Heat,TD Paine,BR Dunk,RJ Harris,1,0,,,,,,,,,
654089,2013/14,2014-01-23,Bellerive Oval,1,6.6,Hobart Hurricanes,Brisbane Heat,BR Dunk,TD Paine,RJ Harris,4,0,,,,,,,,,
654089,2013/14,2014-01-23,Bellerive Oval,1,7.1,Hobart Hurricanes,Brisbane Heat,TD Paine,BR Dunk,JR Hopes,4,0,,,,,,,,,
654089,2013/14,2014-01-23,Bellerive Oval,1,7.2,Hobart Hurricanes,Brisbane Heat,TD Paine,BR Dunk,JR Hopes,1,0,,,,,,,,,
654089,2013/14,2014-01-23,Bellerive Oval,1,7.3,Hobart Hurricanes,Brisbane Heat,BR Dunk,TD Paine,JR Hopes,2,0,,,,,,,,,
654089,2013/14,2014-01-23,Bellerive Oval,1,7.4,Hobart Hurricanes,Brisbane Heat,BR Dunk,TD Paine,JR Hopes,1,0,,,,,,,,,
654089,2013/14,2014-01-23,Bellerive Oval,1,7.5,Hobart Hurricanes,Brisbane Heat,TD Paine,BR Dunk,JR Hopes,1,0,,,,,,,,,
654089,2013/14,2014-01-23,Bellerive Oval,1,7.6,Hobart Hurricanes,Brisbane Heat,BR Dunk,TD Paine,JR Hopes,4,0,,,,,,,,,
654089,2013/14,2014-01-23,Bellerive Oval,1,8.1,Hobart Hurricanes,Brisbane Heat,TD Paine,BR Dunk,BCJ Cutting,1,0,,,,,,,,,
654089,2013/14,2014-01-23,Bellerive Oval,1,8.2,Hobart Hurricanes,Brisbane Heat,BR Dunk,TD Paine,BCJ Cutting,0,1,1,,,,,,,,
654089,2013/14,2014-01-23,Bellerive Oval,1,8.3,Hobart Hurricanes,Brisbane Heat,BR Dunk,TD Paine,BCJ Cutting,1,0,,,,,,,,,
654089,2013/14,2014-01-23,Bellerive Oval,1,8.4,Hobart Hurricanes,Brisbane Heat,TD Paine,BR Dunk,BCJ Cutting,1,0,,,,,,,,,
654089,2013/14,2014-01-23,Bellerive Oval,1,8.5,Hobart Hurricanes,Brisbane Heat,BR Dunk,TD Paine,BCJ Cutting,1,0,,,,,,,,,
654089,2013/14,2014-01-23,Bellerive Oval,1,8.6,Hobart Hurricanes,Brisbane Heat,TD Paine,BR Dunk,BCJ Cutting,1,0,,,,,,,,,
654089,2013/14,2014-01-23,Bellerive Oval,1,8.7,Hobart Hurricanes,Brisbane Heat,BR Dunk,TD Paine,BCJ Cutting,1,0,,,,,,,,,
654089,2013/14,2014-01-23,Bellerive Oval,1,9.1,Hobart Hurricanes,Brisbane Heat,BR Dunk,TD Paine,JR Hopes,0,0,,,,,,,,,
654089,2013/14,2014-01-23,Bellerive Oval,1,9.2,Hobart Hurricanes,Brisbane Heat,BR Dunk,TD Paine,JR Hopes,1,0,,,,,,,,,
654089,2013/14,2014-01-23,Bellerive Oval,1,9.3,Hobart Hurricanes,Brisbane Heat,TD Paine,BR Dunk,JR Hopes,0,0,,,,,,caught,TD Paine,,
654089,2013/14,2014-01-23,Bellerive Oval,1,9.4,Hobart Hurricanes,Brisbane Heat,JW Wells,BR Dunk,JR Hopes,0,0,,,,,,,,,
654089,2013/14,2014-01-23,Bellerive Oval,1,9.5,Hobart Hurricanes,Brisbane Heat,JW Wells,BR Dunk,JR Hopes,1,0,,,,,,,,,
654089,2013/14,2014-01-23,Bellerive Oval,1,9.6,Hobart Hurricanes,Brisbane Heat,BR Dunk,JW Wells,JR Hopes,1,0,,,,,,,,,
654089,2013/14,2014-01-23,Bellerive Oval,1,10.1,Hobart Hurricanes,Brisbane Heat,BR Dunk,JW Wells,BCJ Cutting,0,1,1,,,,,,,,
654089,2013/14,2014-01-23,Bellerive Oval,1,10.2,Hobart Hurricanes,Brisbane Heat,BR Dunk,JW Wells,BCJ Cutting,4,0,,,,,,,,,
654089,2013/14,2014-01-23,Bellerive Oval,1,10.3,Hobart Hurricanes,Brisbane Heat,BR Dunk,JW Wells,BCJ Cutting,1,0,,,,,,,,,
654089,2013/14,2014-01-23,Bellerive Oval,1,10.4,Hobart Hurricanes,Brisbane Heat,JW Wells,BR Dunk,BCJ Cutting,2,0,,,,,,,,,
654089,2013/14,2014-01-23,Bellerive Oval,1,10.5,Hobart Hurricanes,Brisbane Heat,JW Wells,BR Dunk,BCJ Cutting,1,0,,,,,,,,,
654089,2013/14,2014-01-23,Bellerive Oval,1,10.6,Hobart Hurricanes,Brisbane Heat,BR Dunk,JW Wells,BCJ Cutting,1,0,,,,,,,,,
654089,2013/14,2014-01-23,Bellerive Oval,1,10.7,Hobart Hurricanes,Brisbane Heat,JW Wells,BR Dunk,BCJ Cutting,1,0,,,,,,,,,
654089,2013/14,2014-01-23,Bellerive Oval,1,11.1,Hobart Hurricanes,Brisbane Heat,JW Wells,BR Dunk,JR Hopes,1,0,,,,,,,,,
654089,2013/14,2014-01-23,Bellerive Oval,1,11.2,Hobart Hurricanes,Brisbane Heat,BR Dunk,JW Wells,JR Hopes,1,0,,,,,,,,,
654089,2013/14,2014-01-23,Bellerive Oval,1,11.3,Hobart Hurricanes,Brisbane Heat,JW Wells,BR Dunk,JR Hopes,4,0,,,,,,,,,
654089,2013/14,2014-01-23,Bellerive Oval,1,11.4,Hobart Hurricanes,Brisbane Heat,JW Wells,BR Dunk,JR Hopes,0,0,,,,,,,,,
654089,2013/14,2014-01-23,Bellerive Oval,1,11.5,Hobart Hurricanes,Brisbane Heat,JW Wells,BR Dunk,JR Hopes,0,0,,,,,,,,,
654089,2013/14,2014-01-23,Bellerive Oval,1,11.6,Hobart Hurricanes,Brisbane Heat,JW Wells,BR Dunk,JR Hopes,1,0,,,,,,,,,
654089,2013/14,2014-01-23,Bellerive Oval,1,12.1,Hobart Hurricanes,Brisbane Heat,JW Wells,BR Dunk,CJ Gannon,1,0,,,,,,,,,
654089,2013/14,2014-01-23,Bellerive Oval,1,12.2,Hobart Hurricanes,Brisbane Heat,BR Dunk,JW Wells,CJ Gannon,0,0,,,,,,,,,
654089,2013/14,2014-01-23,Bellerive Oval,1,12.3,Hobart Hurricanes,Brisbane Heat,BR Dunk,JW Wells,CJ Gannon,1,0,,,,,,,,,
654089,2013/14,2014-01-23,Bellerive Oval,1,12.4,Hobart Hurricanes,Brisbane Heat,JW Wells,BR Dunk,CJ Gannon,0,0,,,,,,caught,JW Wells,,
654089,2013/14,2014-01-23,Bellerive Oval,1,12.5,Hobart Hurricanes,Brisbane Heat,Shoaib Malik,BR Dunk,CJ Gannon,1,0,,,,,,,,,
654089,2013/14,2014-01-23,Bellerive Oval,1,12.6,Hobart Hurricanes,Brisbane Heat,BR Dunk,Shoaib Malik,CJ Gannon,1,0,,,,,,,,,
654089,2013/14,2014-01-23,Bellerive Oval,1,13.1,Hobart Hurricanes,Brisbane Heat,BR Dunk,Shoaib Malik,JR Hopes,1,0,,,,,,,,,
654089,2013/14,2014-01-23,Bellerive Oval,1,13.2,Hobart Hurricanes,Brisbane Heat,Shoaib Malik,BR Dunk,JR Hopes,2,0,,,,,,,,,
654089,2013/14,2014-01-23,Bellerive Oval,1,13.3,Hobart Hurricanes,Brisbane Heat,Shoaib Malik,BR Dunk,JR Hopes,4,0,,,,,,,,,
654089,2013/14,2014-01-23,Bellerive Oval,1,13.4,Hobart Hurricanes,Brisbane Heat,Shoaib Malik,BR Dunk,JR Hopes,0,0,,,,,,,,,
654089,2013/14,2014-01-23,Bellerive Oval,1,13.5,Hobart Hurricanes,Brisbane Heat,Shoaib Malik,BR Dunk,JR Hopes,6,0,,,,,,,,,
654089,2013/14,2014-01-23,Bellerive Oval,1,13.6,Hobart Hurricanes,Brisbane Heat,Shoaib Malik,BR Dunk,JR Hopes,1,0,,,,,,,,,
654089,2013/14,2014-01-23,Bellerive Oval,1,14.1,Hobart Hurricanes,Brisbane Heat,Shoaib Malik,BR Dunk,RJ Harris,0,0,,,,,,,,,
654089,2013/14,2014-01-23,Bellerive Oval,1,14.2,Hobart Hurricanes,Brisbane Heat,Shoaib Malik,BR Dunk,RJ Harris,0,0,,,,,,caught,Shoaib Malik,,
654089,2013/14,2014-01-23,Bellerive Oval,1,14.3,Hobart Hurricanes,Brisbane Heat,BR Dunk,TR Birt,RJ Harris,1,0,,,,,,,,,
654089,2013/14,2014-01-23,Bellerive Oval,1,14.4,Hobart Hurricanes,Brisbane Heat,TR Birt,BR Dunk,RJ Harris,4,0,,,,,,,,,
654089,2013/14,2014-01-23,Bellerive Oval,1,14.5,Hobart Hurricanes,Brisbane Heat,TR Birt,BR Dunk,RJ Harris,1,0,,,,,,,,,
654089,2013/14,2014-01-23,Bellerive Oval,1,14.6,Hobart Hurricanes,Brisbane Heat,BR Dunk,TR Birt,RJ Harris,2,0,,,,,,,,,
654089,2013/14,2014-01-23,Bellerive Oval,1,15.1,Hobart Hurricanes,Brisbane Heat,TR Birt,BR Dunk,DL Vettori,1,0,,,,,,,,,
654089,2013/14,2014-01-23,Bellerive Oval,1,15.2,Hobart Hurricanes,Brisbane Heat,BR Dunk,TR Birt,DL Vettori,1,0,,,,,,,,,
654089,2013/14,2014-01-23,Bellerive Oval,1,15.3,Hobart Hurricanes,Brisbane Heat,TR Birt,BR Dunk,DL Vettori,0,5,5,,,,,,,,
654089,2013/14,2014-01-23,Bellerive Oval,1,15.4,Hobart Hurricanes,Brisbane Heat,TR Birt,BR Dunk,DL Vettori,1,0,,,,,,,,,
654089,2013/14,2014-01-23,Bellerive Oval,1,15.5,Hobart Hurricanes,Brisbane Heat,BR Dunk,TR Birt,DL Vettori,6,0,,,,,,,,,
654089,2013/14,2014-01-23,Bellerive Oval,1,15.6,Hobart Hurricanes,Brisbane Heat,BR Dunk,TR Birt,DL Vettori,2,0,,,,,,,,,
654089,2013/14,2014-01-23,Bellerive Oval,1,15.7,Hobart Hurricanes,Brisbane Heat,BR Dunk,TR Birt,DL Vettori,1,0,,,,,,,,,
654089,2013/14,2014-01-23,Bellerive Oval,1,16.1,Hobart Hurricanes,Brisbane Heat,BR Dunk,TR Birt,CJ Gannon,1,0,,,,,,,,,
654089,2013/14,2014-01-23,Bellerive Oval,1,16.2,Hobart Hurricanes,Brisbane Heat,TR Birt,BR Dunk,CJ Gannon,4,0,,,,,,,,,
654089,2013/14,2014-01-23,Bellerive Oval,1,16.3,Hobart Hurricanes,Brisbane Heat,TR Birt,BR Dunk,CJ Gannon,0,0,,,,,,caught,TR Birt,,
654089,2013/14,2014-01-23,Bellerive Oval,1,16.4,Hobart Hurricanes,Brisbane Heat,BR Dunk,EP Gulbis,CJ Gannon,2,0,,,,,,,,,
654089,2013/14,2014-01-23,Bellerive Oval,1,16.5,Hobart Hurricanes,Brisbane Heat,BR Dunk,EP Gulbis,CJ Gannon,1,0,,,,,,,,,
654089,2013/14,2014-01-23,Bellerive Oval,1,16.6,Hobart Hurricanes,Brisbane Heat,EP Gulbis,BR Dunk,CJ Gannon,1,0,,,,,,,,,
654089,2013/14,2014-01-23,Bellerive Oval,1,17.1,Hobart Hurricanes,Brisbane Heat,EP Gulbis,BR Dunk,MT Steketee,1,0,,,,,,,,,
654089,2013/14,2014-01-23,Bellerive Oval,1,17.2,Hobart Hurricanes,Brisbane Heat,BR Dunk,EP Gulbis,MT Steketee,2,0,,,,,,,,,
654089,2013/14,2014-01-23,Bellerive Oval,1,17.3,Hobart Hurricanes,Brisbane Heat,BR Dunk,EP Gulbis,MT Steketee,1,0,,,,,,,,,
654089,2013/14,2014-01-23,Bellerive Oval,1,17.4,Hobart Hurricanes,Brisbane Heat,EP Gulbis,BR Dunk,MT Steketee,1,0,,,,,,,,,
654089,2013/14,2014-01-23,Bellerive Oval,1,17.5,Hobart Hurricanes,Brisbane Heat,BR Dunk,EP Gulbis,MT Steketee,1,0,,,,,,,,,
654089,2013/14,2014-01-23,Bellerive Oval,1,17.6,Hobart Hurricanes,Brisbane Heat,EP Gulbis,BR Dunk,MT Steketee,0,5,,5,,,,,,,
654089,2013/14,2014-01-23,Bellerive Oval,1,17.7,Hobart Hurricanes,Brisbane Heat,EP Gulbis,BR Dunk,MT Steketee,4,0,,,,,,,,,
654089,2013/14,2014-01-23,Bellerive Oval,1,18.1,Hobart Hurricanes,Brisbane Heat,BR Dunk,EP Gulbis,CJ Gannon,2,0,,,,,,,,,
654089,2013/14,2014-01-23,Bellerive Oval,1,18.2,Hobart Hurricanes,Brisbane Heat,BR Dunk,EP Gulbis,CJ Gannon,4,0,,,,,,,,,
654089,2013/14,2014-01-23,Bellerive Oval,1,18.3,Hobart Hurricanes,Brisbane Heat,BR Dunk,EP Gulbis,CJ Gannon,0,0,,,,,,caught,BR Dunk,,
654089,2013/14,2014-01-23,Bellerive Oval,1,18.4,Hobart Hurricanes,Brisbane Heat,EP Gulbis,AC Blizzard,CJ Gannon,0,1,,,,1,,,,,
654089,2013/14,2014-01-23,Bellerive Oval,1,18.5,Hobart Hurricanes,Brisbane Heat,AC Blizzard,EP Gulbis,CJ Gannon,1,0,,,,,,,,,
654089,2013/14,2014-01-23,Bellerive Oval,1,18.6,Hobart Hurricanes,Brisbane Heat,EP Gulbis,AC Blizzard,CJ Gannon,4,0,,,,,,,,,
654089,2013/14,2014-01-23,Bellerive Oval,1,19.1,Hobart Hurricanes,Brisbane Heat,AC Blizzard,EP Gulbis,RJ Harris,1,0,,,,,,,,,
654089,2013/14,2014-01-23,Bellerive Oval,1,19.2,Hobart Hurricanes,Brisbane Heat,EP Gulbis,AC Blizzard,RJ Harris,1,0,,,,,,run out,AC Blizzard,,
654089,2013/14,2014-01-23,Bellerive Oval,1,19.3,Hobart Hurricanes,Brisbane Heat,EP Gulbis,AD Mascarenhas,RJ Harris,2,0,,,,,,,,,
654089,2013/14,2014-01-23,Bellerive Oval,1,19.4,Hobart Hurricanes,Brisbane Heat,EP Gulbis,AD Mascarenhas,RJ Harris,4,0,,,,,,,,,
654089,2013/14,2014-01-23,Bellerive Oval,1,19.5,Hobart Hurricanes,Brisbane Heat,EP Gulbis,AD Mascarenhas,RJ Harris,4,0,,,,,,,,,
654089,2013/14,2014-01-23,Bellerive Oval,1,19.6,Hobart Hurricanes,Brisbane Heat,EP Gulbis,AD Mascarenhas,RJ Harris,0,0,,,,,,caught,EP Gulbis,,
654089,2013/14,2014-01-23,Bellerive Oval,2,0.1,Brisbane Heat,Hobart Hurricanes,LA Pomersbach,C Kieswetter,DE Bollinger,0,0,,,,,,,,,
654089,2013/14,2014-01-23,Bellerive Oval,2,0.2,Brisbane Heat,Hobart Hurricanes,LA Pomersbach,C Kieswetter,DE Bollinger,0,0,,,,,,,,,
654089,2013/14,2014-01-23,Bellerive Oval,2,0.3,Brisbane Heat,Hobart Hurricanes,LA Pomersbach,C Kieswetter,DE Bollinger,1,0,,,,,,,,,
654089,2013/14,2014-01-23,Bellerive Oval,2,0.4,Brisbane Heat,Hobart Hurricanes,C Kieswetter,LA Pomersbach,DE Bollinger,0,0,,,,,,,,,
654089,2013/14,2014-01-23,Bellerive Oval,2,0.5,Brisbane Heat,Hobart Hurricanes,C Kieswetter,LA Pomersbach,DE Bollinger,1,0,,,,,,,,,
654089,2013/14,2014-01-23,Bellerive Oval,2,0.6,Brisbane Heat,Hobart Hurricanes,LA Pomersbach,C Kieswetter,DE Bollinger,0,1,1,,,,,,,,
654089,2013/14,2014-01-23,Bellerive Oval,2,0.7,Brisbane Heat,Hobart Hurricanes,LA Pomersbach,C Kieswetter,DE Bollinger,0,0,,,,,,,,,
654089,2013/14,2014-01-23,Bellerive Oval,2,1.1,Brisbane Heat,Hobart Hurricanes,C Kieswetter,LA Pomersbach,AD Mascarenhas,1,0,,,,,,,,,
654089,2013/14,2014-01-23,Bellerive Oval,2,1.2,Brisbane Heat,Hobart Hurricanes,LA Pomersbach,C Kieswetter,AD Mascarenhas,0,0,,,,,,,,,
654089,2013/14,2014-01-23,Bellerive Oval,2,1.3,Brisbane Heat,Hobart Hurricanes,LA Pomersbach,C Kieswetter,AD Mascarenhas,6,0,,,,,,,,,
654089,2013/14,2014-01-23,Bellerive Oval,2,1.4,Brisbane Heat,Hobart Hurricanes,LA Pomersbach,C Kieswetter,AD Mascarenhas,0,0,,,,,,,,,
654089,2013/14,2014-01-23,Bellerive Oval,2,1.5,Brisbane Heat,Hobart Hurricanes,LA Pomersbach,C Kieswetter,AD Mascarenhas,1,0,,,,,,,,,
654089,2013/14,2014-01-23,Bellerive Oval,2,1.6,Brisbane Heat,Hobart Hurricanes,C Kieswetter,LA Pomersbach,AD Mascarenhas,0,1,1,,,,,,,,
654089,2013/14,2014-01-23,Bellerive Oval,2,1.7,Brisbane Heat,Hobart Hurricanes,C Kieswetter,LA Pomersbach,AD Mascarenhas,1,0,,,,,,,,,
654089,2013/14,2014-01-23,Bellerive Oval,2,2.1,Brisbane Heat,Hobart Hurricanes,C Kieswetter,LA Pomersbach,DE Bollinger,0,0,,,,,,,,,
654089,2013/14,2014-01-23,Bellerive Oval,2,2.2,Brisbane Heat,Hobart Hurricanes,C Kieswetter,LA Pomersbach,DE Bollinger,2,0,,,,,,,,,
654089,2013/14,2014-01-23,Bellerive Oval,2,2.3,Brisbane Heat,Hobart Hurricanes,C Kieswetter,LA Pomersbach,DE Bollinger,0,0,,,,,,,,,
654089,2013/14,2014-01-23,Bellerive Oval,2,2.4,Brisbane Heat,Hobart Hurricanes,C Kieswetter,LA Pomersbach,DE Bollinger,1,0,,,,,,,,,
654089,2013/14,2014-01-23,Bellerive Oval,2,2.5,Brisbane Heat,Hobart Hurricanes,LA Pomersbach,C Kieswetter,DE Bollinger,4,0,,,,,,,,,
654089,2013/14,2014-01-23,Bellerive Oval,2,2.6,Brisbane Heat,Hobart Hurricanes,LA Pomersbach,C Kieswetter,DE Bollinger,0,0,,,,,,,,,
654089,2013/14,2014-01-23,Bellerive Oval,2,3.1,Brisbane Heat,Hobart Hurricanes,C Kieswetter,LA Pomersbach,AD Mascarenhas,2,0,,,,,,,,,
654089,2013/14,2014-01-23,Bellerive Oval,2,3.2,Brisbane Heat,Hobart Hurricanes,C Kieswetter,LA Pomersbach,AD Mascarenhas,0,0,,,,,,,,,
654089,2013/14,2014-01-23,Bellerive Oval,2,3.3,Brisbane Heat,Hobart Hurricanes,C Kieswetter,LA Pomersbach,AD Mascarenhas,0,0,,,,,,,,,
654089,2013/14,2014-01-23,Bellerive Oval,2,3.4,Brisbane Heat,Hobart Hurricanes,C Kieswetter,LA Pomersbach,AD Mascarenhas,1,0,,,,,,,,,
654089,2013/14,2014-01-23,Bellerive Oval,2,3.5,Brisbane Heat,Hobart Hurricanes,LA Pomersbach,C Kieswetter,AD Mascarenhas,2,0,,,,,,,,,
654089,2013/14,2014-01-23,Bellerive Oval,2,3.6,Brisbane Heat,Hobart Hurricanes,LA Pomersbach,C Kieswetter,AD Mascarenhas,4,0,,,,,,,,,
654089,2013/14,2014-01-23,Bellerive Oval,2,4.1,Brisbane Heat,Hobart Hurricanes,C Kieswetter,LA Pomersbach,EP Gulbis,4,0,,,,,,,,,
654089,2013/14,2014-01-23,Bellerive Oval,2,4.2,Brisbane Heat,Hobart Hurricanes,C Kieswetter,LA Pomersbach,EP Gulbis,4,0,,,,,,,,,
654089,2013/14,2014-01-23,Bellerive Oval,2,4.3,Brisbane Heat,Hobart Hurricanes,C Kieswetter,LA Pomersbach,EP Gulbis,1,0,,,,,,,,,
654089,2013/14,2014-01-23,Bellerive Oval,2,4.4,Brisbane Heat,Hobart Hurricanes,LA Pomersbach,C Kieswetter,EP Gulbis,4,0,,,,,,,,,
654089,2013/14,2014-01-23,Bellerive Oval,2,4.5,Brisbane Heat,Hobart Hurricanes,LA Pomersbach,C Kieswetter,EP Gulbis,0,0,,,,,,,,,
654089,2013/14,2014-01-23,Bellerive Oval,2,4.6,Brisbane Heat,Hobart Hurricanes,LA Pomersbach,C Kieswetter,EP Gulbis,4,0,,,,,,,,,
654089,2013/14,2014-01-23,Bellerive Oval,2,5.1,Brisbane Heat,Hobart Hurricanes,C Kieswetter,LA Pomersbach,AD Mascarenhas,4,0,,,,,,,,,
654089,2013/14,2014-01-23,Bellerive Oval,2,5.2,Brisbane Heat,Hobart Hurricanes,C Kieswetter,LA Pomersbach,AD Mascarenhas,0,0,,,,,,,,,
654089,2013/14,2014-01-23,Bellerive Oval,2,5.3,Brisbane Heat,Hobart Hurricanes,C Kieswetter,LA Pomersbach,AD Mascarenhas,0,0,,,,,,caught,C Kieswetter,,
654089,2013/14,2014-01-23,Bellerive Oval,2,5.4,Brisbane Heat,Hobart Hurricanes,JA Burns,LA Pomersbach,AD Mascarenhas,0,0,,,,,,,,,
654089,2013/14,2014-01-23,Bellerive Oval,2,5.5,Brisbane Heat,Hobart Hurricanes,JA Burns,LA Pomersbach,AD Mascarenhas,0,0,,,,,,,,,
654089,2013/14,2014-01-23,Bellerive Oval,2,5.6,Brisbane Heat,Hobart Hurricanes,JA Burns,LA Pomersbach,AD Mascarenhas,0,0,,,,,,bowled,JA Burns,,
654089,2013/14,2014-01-23,Bellerive Oval,2,6.1,Brisbane Heat,Hobart Hurricanes,LA Pomersbach,CA Lynn,CJ Boyce,1,0,,,,,,,,,
654089,2013/14,2014-01-23,Bellerive Oval,2,6.2,Brisbane Heat,Hobart Hurricanes,CA Lynn,LA Pomersbach,CJ Boyce,0,0,,,,,,,,,
654089,2013/14,2014-01-23,Bellerive Oval,2,6.3,Brisbane Heat,Hobart Hurricanes,CA Lynn,LA Pomersbach,CJ Boyce,1,0,,,,,,,,,
654089,2013/14,2014-01-23,Bellerive Oval,2,6.4,Brisbane Heat,Hobart Hurricanes,LA Pomersbach,CA Lynn,CJ Boyce,1,0,,,,,,,,,
654089,2013/14,2014-01-23,Bellerive Oval,2,6.5,Brisbane Heat,Hobart Hurricanes,CA Lynn,LA Pomersbach,CJ Boyce,0,0,,,,,,,,,
654089,2013/14,2014-01-23,Bellerive Oval,2,6.6,Brisbane Heat,Hobart Hurricanes,CA Lynn,LA Pomersbach,CJ Boyce,0,0,,,,,,caught,CA Lynn,,
654089,2013/14,2014-01-23,Bellerive Oval,2,7.1,Brisbane Heat,Hobart Hurricanes,LA Pomersbach,BR McDermott,AD Mascarenhas,4,0,,,,,,,,,
654089,2013/14,2014-01-23,Bellerive Oval,2,7.2,Brisbane Heat,Hobart Hurricanes,LA Pomersbach,BR McDermott,AD Mascarenhas,0,0,,,,,,,,,
654089,2013/14,2014-01-23,Bellerive Oval,2,7.3,Brisbane Heat,Hobart Hurricanes,LA Pomersbach,BR McDermott,AD Mascarenhas,2,0,,,,,,,,,
654089,2013/14,2014-01-23,Bellerive Oval,2,7.4,Brisbane Heat,Hobart Hurricanes,LA Pomersbach,BR McDermott,AD Mascarenhas,6,0,,,,,,,,,
654089,2013/14,2014-01-23,Bellerive Oval,2,7.5,Brisbane Heat,Hobart Hurricanes,LA Pomersbach,BR McDermott,AD Mascarenhas,6,0,,,,,,,,,
654089,2013/14,2014-01-23,Bellerive Oval,2,7.6,Brisbane Heat,Hobart Hurricanes,LA Pomersbach,BR McDermott,AD Mascarenhas,1,0,,,,,,,,,
654089,2013/14,2014-01-23,Bellerive Oval,2,8.1,Brisbane Heat,Hobart Hurricanes,LA Pomersbach,BR McDermott,CJ Boyce,0,0,,,,,,,,,
654089,2013/14,2014-01-23,Bellerive Oval,2,8.2,Brisbane Heat,Hobart Hurricanes,LA Pomersbach,BR McDermott,CJ Boyce,4,0,,,,,,,,,
654089,2013/14,2014-01-23,Bellerive Oval,2,8.3,Brisbane Heat,Hobart Hurricanes,LA Pomersbach,BR McDermott,CJ Boyce,0,0,,,,,,,,,
654089,2013/14,2014-01-23,Bellerive Oval,2,8.4,Brisbane Heat,Hobart Hurricanes,LA Pomersbach,BR McDermott,CJ Boyce,1,0,,,,,,,,,
654089,2013/14,2014-01-23,Bellerive Oval,2,8.5,Brisbane Heat,Hobart Hurricanes,BR McDermott,LA Pomersbach,CJ Boyce,0,0,,,,,,,,,
654089,2013/14,2014-01-23,Bellerive Oval,2,8.6,Brisbane Heat,Hobart Hurricanes,BR McDermott,LA Pomersbach,CJ Boyce,0,0,,,,,,bowled,BR McDermott,,
654089,2013/14,2014-01-23,Bellerive Oval,2,9.1,Brisbane Heat,Hobart Hurricanes,LA Pomersbach,BCJ Cutting,B Laughlin,0,0,,,,,,,,,
654089,2013/14,2014-01-23,Bellerive Oval,2,9.2,Brisbane Heat,Hobart Hurricanes,LA Pomersbach,BCJ Cutting,B Laughlin,0,0,,,,,,,,,
654089,2013/14,2014-01-23,Bellerive Oval,2,9.3,Brisbane Heat,Hobart Hurricanes,LA Pomersbach,BCJ Cutting,B Laughlin,4,0,,,,,,,,,
654089,2013/14,2014-01-23,Bellerive Oval,2,9.4,Brisbane Heat,Hobart Hurricanes,LA Pomersbach,BCJ Cutting,B Laughlin,4,0,,,,,,,,,
654089,2013/14,2014-01-23,Bellerive Oval,2,9.5,Brisbane Heat,Hobart Hurricanes,LA Pomersbach,BCJ Cutting,B Laughlin,0,0,,,,,,bowled,LA Pomersbach,,
654089,2013/14,2014-01-23,Bellerive Oval,2,9.6,Brisbane Heat,Hobart Hurricanes,JR Hopes,BCJ Cutting,B Laughlin,1,0,,,,,,,,,
654089,2013/14,2014-01-23,Bellerive Oval,2,10.1,Brisbane Heat,Hobart Hurricanes,JR Hopes,BCJ Cutting,DE Bollinger,1,0,,,,,,,,,
654089,2013/14,2014-01-23,Bellerive Oval,2,10.2,Brisbane Heat,Hobart Hurricanes,BCJ Cutting,JR Hopes,DE Bollinger,2,0,,,,,,,,,
654089,2013/14,2014-01-23,Bellerive Oval,2,10.3,Brisbane Heat,Hobart Hurricanes,BCJ Cutting,JR Hopes,DE Bollinger,0,0,,,,,,,,,
654089,2013/14,2014-01-23,Bellerive Oval,2,10.4,Brisbane Heat,Hobart Hurricanes,BCJ Cutting,JR Hopes,DE Bollinger,0,1,1,,,,,,,,
654089,2013/14,2014-01-23,Bellerive Oval,2,10.5,Brisbane Heat,Hobart Hurricanes,BCJ Cutting,JR Hopes,DE Bollinger,1,0,,,,,,,,,
654089,2013/14,2014-01-23,Bellerive Oval,2,10.6,Brisbane Heat,Hobart Hurricanes,JR Hopes,BCJ Cutting,DE Bollinger,1,0,,,,,,,,,
654089,2013/14,2014-01-23,Bellerive Oval,2,10.7,Brisbane Heat,Hobart Hurricanes,BCJ Cutting,JR Hopes,DE Bollinger,1,0,,,,,,,,,
654089,2013/14,2014-01-23,Bellerive Oval,2,11.1,Brisbane Heat,Hobart Hurricanes,BCJ Cutting,JR Hopes,CJ Boyce,1,0,,,,,,,,,
654089,2013/14,2014-01-23,Bellerive Oval,2,11.2,Brisbane Heat,Hobart Hurricanes,JR Hopes,BCJ Cutting,CJ Boyce,1,0,,,,,,,,,
654089,2013/14,2014-01-23,Bellerive Oval,2,11.3,Brisbane Heat,Hobart Hurricanes,BCJ Cutting,JR Hopes,CJ Boyce,1,0,,,,,,,,,
654089,2013/14,2014-01-23,Bellerive Oval,2,11.4,Brisbane Heat,Hobart Hurricanes,JR Hopes,BCJ Cutting,CJ Boyce,1,0,,,,,,,,,
654089,2013/14,2014-01-23,Bellerive Oval,2,11.5,Brisbane Heat,Hobart Hurricanes,BCJ Cutting,JR Hopes,CJ Boyce,2,0,,,,,,,,,
654089,2013/14,2014-01-23,Bellerive Oval,2,11.6,Brisbane Heat,Hobart Hurricanes,BCJ Cutting,JR Hopes,CJ Boyce,1,0,,,,,,,,,
654089,2013/14,2014-01-23,Bellerive Oval,2,12.1,Brisbane Heat,Hobart Hurricanes,BCJ Cutting,JR Hopes,B Laughlin,4,0,,,,,,,,,
654089,2013/14,2014-01-23,Bellerive Oval,2,12.2,Brisbane Heat,Hobart Hurricanes,BCJ Cutting,JR Hopes,B Laughlin,1,0,,,,,,,,,
654089,2013/14,2014-01-23,Bellerive Oval,2,12.3,Brisbane Heat,Hobart Hurricanes,JR Hopes,BCJ Cutting,B Laughlin,0,0,,,,,,,,,
654089,2013/14,2014-01-23,Bellerive Oval,2,12.4,Brisbane Heat,Hobart Hurricanes,JR Hopes,BCJ Cutting,B Laughlin,4,0,,,,,,,,,
654089,2013/14,2014-01-23,Bellerive Oval,2,12.5,Brisbane Heat,Hobart Hurricanes,JR Hopes,BCJ Cutting,B Laughlin,4,0,,,,,,,,,
654089,2013/14,2014-01-23,Bellerive Oval,2,12.6,Brisbane Heat,Hobart Hurricanes,JR Hopes,BCJ Cutting,B Laughlin,4,0,,,,,,,,,
654089,2013/14,2014-01-23,Bellerive Oval,2,13.1,Brisbane Heat,Hobart Hurricanes,BCJ Cutting,JR Hopes,Shoaib Malik,6,0,,,,,,,,,
654089,2013/14,2014-01-23,Bellerive Oval,2,13.2,Brisbane Heat,Hobart Hurricanes,BCJ Cutting,JR Hopes,Shoaib Malik,0,0,,,,,,,,,
654089,2013/14,2014-01-23,Bellerive Oval,2,13.3,Brisbane Heat,Hobart Hurricanes,BCJ Cutting,JR Hopes,Shoaib Malik,0,1,1,,,,,,,,
654089,2013/14,2014-01-23,Bellerive Oval,2,13.4,Brisbane Heat,Hobart Hurricanes,BCJ Cutting,JR Hopes,Shoaib Malik,4,0,,,,,,,,,
654089,2013/14,2014-01-23,Bellerive Oval,2,13.5,Brisbane Heat,Hobart Hurricanes,BCJ Cutting,JR Hopes,Shoaib Malik,0,0,,,,,,,,,
654089,2013/14,2014-01-23,Bellerive Oval,2,13.6,Brisbane Heat,Hobart Hurricanes,BCJ Cutting,JR Hopes,Shoaib Malik,1,0,,,,,,,,,
654089,2013/14,2014-01-23,Bellerive Oval,2,13.7,Brisbane Heat,Hobart Hurricanes,JR Hopes,BCJ Cutting,Shoaib Malik,1,0,,,,,,,,,
654089,2013/14,2014-01-23,Bellerive Oval,2,14.1,Brisbane Heat,Hobart Hurricanes,JR Hopes,BCJ Cutting,DE Bollinger,0,0,,,,,,,,,
654089,2013/14,2014-01-23,Bellerive Oval,2,14.2,Brisbane Heat,Hobart Hurricanes,JR Hopes,BCJ Cutting,DE Bollinger,1,0,,,,,,,,,
654089,2013/14,2014-01-23,Bellerive Oval,2,14.3,Brisbane Heat,Hobart Hurricanes,BCJ Cutting,JR Hopes,DE Bollinger,1,0,,,,,,,,,
654089,2013/14,2014-01-23,Bellerive Oval,2,14.4,Brisbane Heat,Hobart Hurricanes,JR Hopes,BCJ Cutting,DE Bollinger,1,0,,,,,,,,,
654089,2013/14,2014-01-23,Bellerive Oval,2,14.5,Brisbane Heat,Hobart Hurricanes,BCJ Cutting,JR Hopes,DE Bollinger,1,0,,,,,,,,,
654089,2013/14,2014-01-23,Bellerive Oval,2,14.6,Brisbane Heat,Hobart Hurricanes,JR Hopes,BCJ Cutting,DE Bollinger,2,0,,,,,,,,,
654089,2013/14,2014-01-23,Bellerive Oval,2,15.1,Brisbane Heat,Hobart Hurricanes,BCJ Cutting,JR Hopes,Shoaib Malik,1,0,,,,,,,,,
654089,2013/14,2014-01-23,Bellerive Oval,2,15.2,Brisbane Heat,Hobart Hurricanes,JR Hopes,BCJ Cutting,Shoaib Malik,0,0,,,,,,stumped,JR Hopes,,
654089,2013/14,2014-01-23,Bellerive Oval,2,15.3,Brisbane Heat,Hobart Hurricanes,DL Vettori,BCJ Cutting,Shoaib Malik,1,0,,,,,,,,,
654089,2013/14,2014-01-23,Bellerive Oval,2,15.4,Brisbane Heat,Hobart Hurricanes,BCJ Cutting,DL Vettori,Shoaib Malik,6,0,,,,,,,,,
654089,2013/14,2014-01-23,Bellerive Oval,2,15.5,Brisbane Heat,Hobart Hurricanes,BCJ Cutting,DL Vettori,Shoaib Malik,1,0,,,,,,,,,
654089,2013/14,2014-01-23,Bellerive Oval,2,15.6,Brisbane Heat,Hobart Hurricanes,DL Vettori,BCJ Cutting,Shoaib Malik,1,0,,,,,,,,,
654089,2013/14,2014-01-23,Bellerive Oval,2,16.1,Brisbane Heat,Hobart Hurricanes,DL Vettori,BCJ Cutting,CJ Boyce,1,0,,,,,,,,,
654089,2013/14,2014-01-23,Bellerive Oval,2,16.2,Brisbane Heat,Hobart Hurricanes,BCJ Cutting,DL Vettori,CJ Boyce,0,0,,,,,,bowled,BCJ Cutting,,
654089,2013/14,2014-01-23,Bellerive Oval,2,16.3,Brisbane Heat,Hobart Hurricanes,RJ Harris,DL Vettori,CJ Boyce,0,0,,,,,,,,,
654089,2013/14,2014-01-23,Bellerive Oval,2,16.4,Brisbane Heat,Hobart Hurricanes,RJ Harris,DL Vettori,CJ Boyce,2,0,,,,,,,,,
654089,2013/14,2014-01-23,Bellerive Oval,2,16.5,Brisbane Heat,Hobart Hurricanes,RJ Harris,DL Vettori,CJ Boyce,1,0,,,,,,,,,
654089,2013/14,2014-01-23,Bellerive Oval,2,16.6,Brisbane Heat,Hobart Hurricanes,DL Vettori,RJ Harris,CJ Boyce,2,0,,,,,,,,,
654089,2013/14,2014-01-23,Bellerive Oval,2,17.1,Brisbane Heat,Hobart Hurricanes,RJ Harris,DL Vettori,B Laughlin,0,0,,,,,,caught,RJ Harris,,
654089,2013/14,2014-01-23,Bellerive Oval,2,17.2,Brisbane Heat,Hobart Hurricanes,DL Vettori,CJ Gannon,B Laughlin,0,0,,,,,,,,,
654089,2013/14,2014-01-23,Bellerive Oval,2,17.3,Brisbane Heat,Hobart Hurricanes,DL Vettori,CJ Gannon,B Laughlin,0,0,,,,,,,,,
654089,2013/14,2014-01-23,Bellerive Oval,2,17.4,Brisbane Heat,Hobart Hurricanes,DL Vettori,CJ Gannon,B Laughlin,0,0,,,,,,,,,
654089,2013/14,2014-01-23,Bellerive Oval,2,17.5,Brisbane Heat,Hobart Hurricanes,DL Vettori,CJ Gannon,B Laughlin,0,0,,,,,,,,,
654089,2013/14,2014-01-23,Bellerive Oval,2,17.6,Brisbane Heat,Hobart Hurricanes,DL Vettori,CJ Gannon,B Laughlin,4,0,,,,,,,,,
654089,2013/14,2014-01-23,Bellerive Oval,2,18.1,Brisbane Heat,Hobart Hurricanes,CJ Gannon,DL Vettori,EP Gulbis,1,0,,,,,,,,,
654089,2013/14,2014-01-23,Bellerive Oval,2,18.2,Brisbane Heat,Hobart Hurricanes,DL Vettori,CJ Gannon,EP Gulbis,1,0,,,,,,,,,
654089,2013/14,2014-01-23,Bellerive Oval,2,18.3,Brisbane Heat,Hobart Hurricanes,CJ Gannon,DL Vettori,EP Gulbis,2,0,,,,,,,,,
654089,2013/14,2014-01-23,Bellerive Oval,2,18.4,Brisbane Heat,Hobart Hurricanes,CJ Gannon,DL Vettori,EP Gulbis,0,0,,,,,,,,,
654089,2013/14,2014-01-23,Bellerive Oval,2,18.5,Brisbane Heat,Hobart Hurricanes,CJ Gannon,DL Vettori,EP Gulbis,0,0,,,,,,,,,
654089,2013/14,2014-01-23,Bellerive Oval,2,18.6,Brisbane Heat,Hobart Hurricanes,CJ Gannon,DL Vettori,EP Gulbis,0,0,,,,,,,,,
654089,2013/14,2014-01-23,Bellerive Oval,2,19.1,Brisbane Heat,Hobart Hurricanes,DL Vettori,CJ Gannon,B Laughlin,0,1,,,1,,,,,,
654089,2013/14,2014-01-23,Bellerive Oval,2,19.2,Brisbane Heat,Hobart Hurricanes,CJ Gannon,DL Vettori,B Laughlin,1,0,,,,,,,,,
654089,2013/14,2014-01-23,Bellerive Oval,2,19.3,Brisbane Heat,Hobart Hurricanes,DL Vettori,CJ Gannon,B Laughlin,1,0,,,,,,,,,
654089,2013/14,2014-01-23,Bellerive Oval,2,19.4,Brisbane Heat,Hobart Hurricanes,CJ Gannon,DL Vettori,B Laughlin,4,0,,,,,,,,,
654089,2013/14,2014-01-23,Bellerive Oval,2,19.5,Brisbane Heat,Hobart Hurricanes,CJ Gannon,DL Vettori,B Laughlin,2,0,,,,,,,,,
654089,2013/14,2014-01-23,Bellerive Oval,2,19.6,Brisbane Heat,Hobart Hurricanes,CJ Gannon,DL Vettori,B Laughlin,0,0,,,,,,,,,
