match_id,season,start_date,venue,innings,ball,batting_team,bowling_team,striker,non_striker,bowler,runs_off_bat,extras,wides,noballs,byes,legbyes,penalty,wicket_type,player_dismissed,other_wicket_type,other_player_dismissed
756775,2014/15,2015-01-22,Sydney Cricket Ground,1,0.1,Sydney Thunder,Sydney Sixers,JH Kallis,CS Delport,B Lee,0,0,,,,,,,,,
756775,2014/15,2015-01-22,Sydney Cricket Ground,1,0.2,Sydney Thunder,Sydney Sixers,JH Kallis,CS Delport,B Lee,1,0,,,,,,,,,
756775,2014/15,2015-01-22,Sydney Cricket Ground,1,0.3,Sydney Thunder,Sydney Sixers,CS Delport,JH Kallis,B Lee,1,0,,,,,,,,,
756775,2014/15,2015-01-22,Sydney Cricket Ground,1,0.4,Sydney Thunder,Sydney Sixers,JH Kallis,CS Delport,B Lee,4,0,,,,,,,,,
756775,2014/15,2015-01-22,Sydney Cricket Ground,1,0.5,Sydney Thunder,Sydney Sixers,JH Kallis,CS Delport,B Lee,1,0,,,,,,,,,
756775,2014/15,2015-01-22,Sydney Cricket Ground,1,0.6,Sydney Thunder,Sydney Sixers,CS Delport,JH Kallis,B Lee,0,0,,,,,,,,,
756775,2014/15,2015-01-22,Sydney Cricket Ground,1,1.1,Sydney Thunder,Sydney Sixers,JH Kallis,CS Delport,DE Bollinger,0,0,,,,,,,,,
756775,2014/15,2015-01-22,Sydney Cricket Ground,1,1.2,Sydney Thunder,Sydney Sixers,JH Kallis,CS Delport,DE Bollinger,0,0,,,,,,,,,
756775,2014/15,2015-01-22,Sydney Cricket Ground,1,1.3,Sydney Thunder,Sydney Sixers,JH Kallis,CS Delport,DE Bollinger,1,0,,,,,,,,,
756775,2014/15,2015-01-22,Sydney Cricket Ground,1,1.4,Sydney Thunder,Sydney Sixers,CS Delport,JH Kallis,DE Bollinger,0,0,,,,,,,,,
756775,2014/15,2015-01-22,Sydney Cricket Ground,1,1.5,Sydney Thunder,Sydney Sixers,CS Delport,JH Kallis,DE Bollinger,4,0,,,,,,,,,
756775,2014/15,2015-01-22,Sydney Cricket Ground,1,1.6,Sydney Thunder,Sydney Sixers,CS Delport,JH Kallis,DE Bollinger,2,0,,,,,,,,,
756775,2014/15,2015-01-22,Sydney Cricket Ground,1,2.1,Sydney Thunder,Sydney Sixers,JH Kallis,CS Delport,B Lee,0,0,,,,,,,,,
756775,2014/15,2015-01-22,Sydney Cricket Ground,1,2.2,Sydney Thunder,Sydney Sixers,JH Kallis,CS Delport,B Lee,4,0,,,,,,,,,
756775,2014/15,2015-01-22,Sydney Cricket Ground,1,2.3,Sydney Thunder,Sydney Sixers,JH Kallis,CS Delport,B Lee,0,0,,,,,,,,,
756775,2014/15,2015-01-22,Sydney Cricket Ground,1,2.4,Sydney Thunder,Sydney Sixers,JH Kallis,CS Delport,B Lee,0,0,,,,,,,,,
756775,2014/15,2015-01-22,Sydney Cricket Ground,1,2.5,Sydney Thunder,Sydney Sixers,JH Kallis,CS Delport,B Lee,0,0,,,,,,,,,
756775,2014/15,2015-01-22,Sydney Cricket Ground,1,2.6,Sydney Thunder,Sydney Sixers,JH Kallis,CS Delport,B Lee,4,0,,,,,,,,,
756775,2014/15,2015-01-22,Sydney Cricket Ground,1,3.1,Sydney Thunder,Sydney Sixers,CS Delport,JH Kallis,SNJ O'Keefe,1,0,,,,,,,,,
756775,2014/15,2015-01-22,Sydney Cricket Ground,1,3.2,Sydney Thunder,Sydney Sixers,JH Kallis,CS Delport,SNJ O'Keefe,1,0,,,,,,,,,
756775,2014/15,2015-01-22,Sydney Cricket Ground,1,3.3,Sydney Thunder,Sydney Sixers,CS Delport,JH Kallis,SNJ O'Keefe,1,0,,,,,,,,,
756775,2014/15,2015-01-22,Sydney Cricket Ground,1,3.4,Sydney Thunder,Sydney Sixers,JH Kallis,CS Delport,SNJ O'Keefe,6,0,,,,,,,,,
756775,2014/15,2015-01-22,Sydney Cricket Ground,1,3.5,Sydney Thunder,Sydney Sixers,JH Kallis,CS Delport,SNJ O'Keefe,1,0,,,,,,,,,
756775,2014/15,2015-01-22,Sydney Cricket Ground,1,3.6,Sydney Thunder,Sydney Sixers,CS Delport,JH Kallis,SNJ O'Keefe,1,0,,,,,,,,,
756775,2014/15,2015-01-22,Sydney Cricket Ground,1,4.1,Sydney Thunder,Sydney Sixers,CS Delport,JH Kallis,SA Abbott,6,0,,,,,,,,,
756775,2014/15,2015-01-22,Sydney Cricket Ground,1,4.2,Sydney Thunder,Sydney Sixers,CS Delport,JH Kallis,SA Abbott,2,0,,,,,,,,,
756775,2014/15,2015-01-22,Sydney Cricket Ground,1,4.3,Sydney Thunder,Sydney Sixers,CS Delport,JH Kallis,SA Abbott,0,0,,,,,,,,,
756775,2014/15,2015-01-22,Sydney Cricket Ground,1,4.4,Sydney Thunder,Sydney Sixers,CS Delport,JH Kallis,SA Abbott,0,0,,,,,,,,,
756775,2014/15,2015-01-22,Sydney Cricket Ground,1,4.5,Sydney Thunder,Sydney Sixers,CS Delport,JH Kallis,SA Abbott,4,0,,,,,,,,,
756775,2014/15,2015-01-22,Sydney Cricket Ground,1,4.6,Sydney Thunder,Sydney Sixers,CS Delport,JH Kallis,SA Abbott,0,0,,,,,,,,,
756775,2014/15,2015-01-22,Sydney Cricket Ground,1,5.1,Sydney Thunder,Sydney Sixers,JH Kallis,CS Delport,DE Bollinger,4,0,,,,,,,,,
756775,2014/15,2015-01-22,Sydney Cricket Ground,1,5.2,Sydney Thunder,Sydney Sixers,JH Kallis,CS Delport,DE Bollinger,6,0,,,,,,,,,
756775,2014/15,2015-01-22,Sydney Cricket Ground,1,5.3,Sydney Thunder,Sydney Sixers,JH Kallis,CS Delport,DE Bollinger,0,0,,,,,,,,,
756775,2014/15,2015-01-22,Sydney Cricket Ground,1,5.4,Sydney Thunder,Sydney Sixers,JH Kallis,CS Delport,DE Bollinger,1,0,,,,,,,,,
756775,2014/15,2015-01-22,Sydney Cricket Ground,1,5.5,Sydney Thunder,Sydney Sixers,CS Delport,JH Kallis,DE Bollinger,0,0,,,,,,,,,
756775,2014/15,2015-01-22,Sydney Cricket Ground,1,5.6,Sydney Thunder,Sydney Sixers,CS Delport,JH Kallis,DE Bollinger,1,0,,,,,,,,,
756775,2014/15,2015-01-22,Sydney Cricket Ground,1,6.1,Sydney Thunder,Sydney Sixers,CS Delport,JH Kallis,NM Lyon,2,0,,,,,,,,,
756775,2014/15,2015-01-22,Sydney Cricket Ground,1,6.2,Sydney Thunder,Sydney Sixers,CS Delport,JH Kallis,NM Lyon,1,0,,,,,,,,,
756775,2014/15,2015-01-22,Sydney Cricket Ground,1,6.3,Sydney Thunder,Sydney Sixers,JH Kallis,CS Delport,NM Lyon,0,0,,,,,,,,,
756775,2014/15,2015-01-22,Sydney Cricket Ground,1,6.4,Sydney Thunder,Sydney Sixers,JH Kallis,CS Delport,NM Lyon,2,0,,,,,,,,,
756775,2014/15,2015-01-22,Sydney Cricket Ground,1,6.5,Sydney Thunder,Sydney Sixers,JH Kallis,CS Delport,NM Lyon,1,0,,,,,,,,,
756775,2014/15,2015-01-22,Sydney Cricket Ground,1,6.6,Sydney Thunder,Sydney Sixers,CS Delport,JH Kallis,NM Lyon,0,0,,,,,,,,,
756775,2014/15,2015-01-22,Sydney Cricket Ground,1,7.1,Sydney Thunder,Sydney Sixers,JH Kallis,CS Delport,SA Abbott,1,0,,,,,,,,,
756775,2014/15,2015-01-22,Sydney Cricket Ground,1,7.2,Sydney Thunder,Sydney Sixers,CS Delport,JH Kallis,SA Abbott,1,1,,1,,,,,,,
756775,2014/15,2015-01-22,Sydney Cricket Ground,1,7.3,Sydney Thunder,Sydney Sixers,JH Kallis,CS Delport,SA Abbott,2,0,,,,,,,,,
756775,2014/15,2015-01-22,Sydney Cricket Ground,1,7.4,Sydney Thunder,Sydney Sixers,JH Kallis,CS Delport,SA Abbott,1,1,,1,,,,,,,
756775,2014/15,2015-01-22,Sydney Cricket Ground,1,7.5,Sydney Thunder,Sydney Sixers,CS Delport,JH Kallis,SA Abbott,0,0,,,,,,,,,
756775,2014/15,2015-01-22,Sydney Cricket Ground,1,7.6,Sydney Thunder,Sydney Sixers,CS Delport,JH Kallis,SA Abbott,0,0,,,,,,,,,
756775,2014/15,2015-01-22,Sydney Cricket Ground,1,7.7,Sydney Thunder,Sydney Sixers,CS Delport,JH Kallis,SA Abbott,0,0,,,,,,,,,
756775,2014/15,2015-01-22,Sydney Cricket Ground,1,7.8,Sydney Thunder,Sydney Sixers,CS Delport,JH Kallis,SA Abbott,0,1,1,,,,,,,,
756775,2014/15,2015-01-22,Sydney Cricket Ground,1,7.9,Sydney Thunder,Sydney Sixers,CS Delport,JH Kallis,SA Abbott,1,0,,,,,,,,,
756775,2014/15,2015-01-22,Sydney Cricket Ground,1,8.1,Sydney Thunder,Sydney Sixers,CS Delport,JH Kallis,NM Lyon,2,0,,,,,,,,,
756775,2014/15,2015-01-22,Sydney Cricket Ground,1,8.2,Sydney Thunder,Sydney Sixers,CS Delport,JH Kallis,NM Lyon,0,0,,,,,,,,,
756775,2014/15,2015-01-22,Sydney Cricket Ground,1,8.3,Sydney Thunder,Sydney Sixers,CS Delport,JH Kallis,NM Lyon,0,0,,,,,,,,,
756775,2014/15,2015-01-22,Sydney Cricket Ground,1,8.4,Sydney Thunder,Sydney Sixers,CS Delport,JH Kallis,NM Lyon,0,0,,,,,,,,,
756775,2014/15,2015-01-22,Sydney Cricket Ground,1,8.5,Sydney Thunder,Sydney Sixers,CS Delport,JH Kallis,NM Lyon,0,0,,,,,,caught,CS Delport,,
756775,2014/15,2015-01-22,Sydney Cricket Ground,1,8.6,Sydney Thunder,Sydney Sixers,JH Kallis,AC Blizzard,NM Lyon,1,0,,,,,,,,,
756775,2014/15,2015-01-22,Sydney Cricket Ground,1,9.1,Sydney Thunder,Sydney Sixers,JH Kallis,AC Blizzard,SNJ O'Keefe,0,0,,,,,,,,,
756775,2014/15,2015-01-22,Sydney Cricket Ground,1,9.2,Sydney Thunder,Sydney Sixers,JH Kallis,AC Blizzard,SNJ O'Keefe,0,0,,,,,,,,,
756775,2014/15,2015-01-22,Sydney Cricket Ground,1,9.3,Sydney Thunder,Sydney Sixers,JH Kallis,AC Blizzard,SNJ O'Keefe,1,0,,,,,,,,,
756775,2014/15,2015-01-22,Sydney Cricket Ground,1,9.4,Sydney Thunder,Sydney Sixers,AC Blizzard,JH Kallis,SNJ O'Keefe,0,0,,,,,,,,,
756775,2014/15,2015-01-22,Sydney Cricket Ground,1,9.5,Sydney Thunder,Sydney Sixers,AC Blizzard,JH Kallis,SNJ O'Keefe,1,0,,,,,,,,,
756775,2014/15,2015-01-22,Sydney Cricket Ground,1,9.6,Sydney Thunder,Sydney Sixers,JH Kallis,AC Blizzard,SNJ O'Keefe,1,0,,,,,,,,,
756775,2014/15,2015-01-22,Sydney Cricket Ground,1,10.1,Sydney Thunder,Sydney Sixers,JH Kallis,AC Blizzard,DE Bollinger,4,0,,,,,,,,,
756775,2014/15,2015-01-22,Sydney Cricket Ground,1,10.2,Sydney Thunder,Sydney Sixers,JH Kallis,AC Blizzard,DE Bollinger,0,0,,,,,,,,,
756775,2014/15,2015-01-22,Sydney Cricket Ground,1,10.3,Sydney Thunder,Sydney Sixers,JH Kallis,AC Blizzard,DE Bollinger,0,0,,,,,,,,,
756775,2014/15,2015-01-22,Sydney Cricket Ground,1,10.4,Sydney Thunder,Sydney Sixers,JH Kallis,AC Blizzard,DE Bollinger,1,0,,,,,,,,,
756775,2014/15,2015-01-22,Sydney Cricket Ground,1,10.5,Sydney Thunder,Sydney Sixers,AC Blizzard,JH Kallis,DE Bollinger,1,0,,,,,,,,,
756775,2014/15,2015-01-22,Sydney Cricket Ground,1,10.6,Sydney Thunder,Sydney Sixers,JH Kallis,AC Blizzard,DE Bollinger,1,0,,,,,,,,,
756775,2014/15,2015-01-22,Sydney Cricket Ground,1,11.1,Sydney Thunder,Sydney Sixers,JH Kallis,AC Blizzard,SNJ O'Keefe,0,0,,,,,,,,,
756775,2014/15,2015-01-22,Sydney Cricket Ground,1,11.2,Sydney Thunder,Sydney Sixers,JH Kallis,AC Blizzard,SNJ O'Keefe,1,0,,,,,,,,,
756775,2014/15,2015-01-22,Sydney Cricket Ground,1,11.3,Sydney Thunder,Sydney Sixers,AC Blizzard,JH Kallis,SNJ O'Keefe,1,0,,,,,,,,,
756775,2014/15,2015-01-22,Sydney Cricket Ground,1,11.4,Sydney Thunder,Sydney Sixers,JH Kallis,AC Blizzard,SNJ O'Keefe,2,0,,,,,,,,,
756775,2014/15,2015-01-22,Sydney Cricket Ground,1,11.5,Sydney Thunder,Sydney Sixers,JH Kallis,AC Blizzard,SNJ O'Keefe,1,0,,,,,,,,,
756775,2014/15,2015-01-22,Sydney Cricket Ground,1,11.6,Sydney Thunder,Sydney Sixers,AC Blizzard,JH Kallis,SNJ O'Keefe,0,1,1,,,,,,,,
756775,2014/15,2015-01-22,Sydney Cricket Ground,1,11.7,Sydney Thunder,Sydney Sixers,AC Blizzard,JH Kallis,SNJ O'Keefe,1,0,,,,,,,,,
756775,2014/15,2015-01-22,Sydney Cricket Ground,1,12.1,Sydney Thunder,Sydney Sixers,AC Blizzard,JH Kallis,NM Lyon,1,0,,,,,,,,,
756775,2014/15,2015-01-22,Sydney Cricket Ground,1,12.2,Sydney Thunder,Sydney Sixers,JH Kallis,AC Blizzard,NM Lyon,1,0,,,,,,,,,
756775,2014/15,2015-01-22,Sydney Cricket Ground,1,12.3,Sydney Thunder,Sydney Sixers,AC Blizzard,JH Kallis,NM Lyon,1,0,,,,,,,,,
756775,2014/15,2015-01-22,Sydney Cricket Ground,1,12.4,Sydney Thunder,Sydney Sixers,JH Kallis,AC Blizzard,NM Lyon,1,0,,,,,,,,,
756775,2014/15,2015-01-22,Sydney Cricket Ground,1,12.5,Sydney Thunder,Sydney Sixers,AC Blizzard,JH Kallis,NM Lyon,1,0,,,,,,,,,
756775,2014/15,2015-01-22,Sydney Cricket Ground,1,12.6,Sydney Thunder,Sydney Sixers,JH Kallis,AC Blizzard,NM Lyon,0,0,,,,,,caught,JH Kallis,,
756775,2014/15,2015-01-22,Sydney Cricket Ground,1,13.1,Sydney Thunder,Sydney Sixers,AC Blizzard,CJ Green,SNJ O'Keefe,2,0,,,,,,,,,
756775,2014/15,2015-01-22,Sydney Cricket Ground,1,13.2,Sydney Thunder,Sydney Sixers,AC Blizzard,CJ Green,SNJ O'Keefe,1,0,,,,,,,,,
756775,2014/15,2015-01-22,Sydney Cricket Ground,1,13.3,Sydney Thunder,Sydney Sixers,CJ Green,AC Blizzard,SNJ O'Keefe,1,0,,,,,,,,,
756775,2014/15,2015-01-22,Sydney Cricket Ground,1,13.4,Sydney Thunder,Sydney Sixers,AC Blizzard,CJ Green,SNJ O'Keefe,1,0,,,,,,,,,
756775,2014/15,2015-01-22,Sydney Cricket Ground,1,13.5,Sydney Thunder,Sydney Sixers,CJ Green,AC Blizzard,SNJ O'Keefe,1,0,,,,,,,,,
756775,2014/15,2015-01-22,Sydney Cricket Ground,1,13.6,Sydney Thunder,Sydney Sixers,AC Blizzard,CJ Green,SNJ O'Keefe,0,0,,,,,,,,,
756775,2014/15,2015-01-22,Sydney Cricket Ground,1,14.1,Sydney Thunder,Sydney Sixers,CJ Green,AC Blizzard,SA Abbott,1,0,,,,,,,,,
756775,2014/15,2015-01-22,Sydney Cricket Ground,1,14.2,Sydney Thunder,Sydney Sixers,AC Blizzard,CJ Green,SA Abbott,0,0,,,,,,,,,
756775,2014/15,2015-01-22,Sydney Cricket Ground,1,14.3,Sydney Thunder,Sydney Sixers,AC Blizzard,CJ Green,SA Abbott,4,0,,,,,,,,,
756775,2014/15,2015-01-22,Sydney Cricket Ground,1,14.4,Sydney Thunder,Sydney Sixers,AC Blizzard,CJ Green,SA Abbott,1,0,,,,,,,,,
756775,2014/15,2015-01-22,Sydney Cricket Ground,1,14.5,Sydney Thunder,Sydney Sixers,CJ Green,AC Blizzard,SA Abbott,0,0,,,,,,,,,
756775,2014/15,2015-01-22,Sydney Cricket Ground,1,14.6,Sydney Thunder,Sydney Sixers,CJ Green,AC Blizzard,SA Abbott,0,0,,,,,,caught,CJ Green,,
756775,2014/15,2015-01-22,Sydney Cricket Ground,1,15.1,Sydney Thunder,Sydney Sixers,AC Blizzard,MEK Hussey,DE Bollinger,1,0,,,,,,,,,
756775,2014/15,2015-01-22,Sydney Cricket Ground,1,15.2,Sydney Thunder,Sydney Sixers,MEK Hussey,AC Blizzard,DE Bollinger,1,0,,,,,,,,,
756775,2014/15,2015-01-22,Sydney Cricket Ground,1,15.3,Sydney Thunder,Sydney Sixers,AC Blizzard,MEK Hussey,DE Bollinger,4,0,,,,,,,,,
756775,2014/15,2015-01-22,Sydney Cricket Ground,1,15.4,Sydney Thunder,Sydney Sixers,AC Blizzard,MEK Hussey,DE Bollinger,1,0,,,,,,,,,
756775,2014/15,2015-01-22,Sydney Cricket Ground,1,15.5,Sydney Thunder,Sydney Sixers,MEK Hussey,AC Blizzard,DE Bollinger,1,0,,,,,,,,,
756775,2014/15,2015-01-22,Sydney Cricket Ground,1,15.6,Sydney Thunder,Sydney Sixers,AC Blizzard,MEK Hussey,DE Bollinger,1,0,,,,,,,,,
756775,2014/15,2015-01-22,Sydney Cricket Ground,1,16.1,Sydney Thunder,Sydney Sixers,AC Blizzard,MEK Hussey,SA Abbott,1,0,,,,,,,,,
756775,2014/15,2015-01-22,Sydney Cricket Ground,1,16.2,Sydney Thunder,Sydney Sixers,MEK Hussey,AC Blizzard,SA Abbott,1,0,,,,,,,,,
756775,2014/15,2015-01-22,Sydney Cricket Ground,1,16.3,Sydney Thunder,Sydney Sixers,AC Blizzard,MEK Hussey,SA Abbott,4,0,,,,,,,,,
756775,2014/15,2015-01-22,Sydney Cricket Ground,1,16.4,Sydney Thunder,Sydney Sixers,AC Blizzard,MEK Hussey,SA Abbott,0,0,,,,,,,,,
756775,2014/15,2015-01-22,Sydney Cricket Ground,1,16.5,Sydney Thunder,Sydney Sixers,AC Blizzard,MEK Hussey,SA Abbott,0,0,,,,,,,,,
756775,2014/15,2015-01-22,Sydney Cricket Ground,1,16.6,Sydney Thunder,Sydney Sixers,AC Blizzard,MEK Hussey,SA Abbott,2,0,,,,,,,,,
756775,2014/15,2015-01-22,Sydney Cricket Ground,1,17.1,Sydney Thunder,Sydney Sixers,MEK Hussey,AC Blizzard,B Lee,0,0,,,,,,,,,
756775,2014/15,2015-01-22,Sydney Cricket Ground,1,17.2,Sydney Thunder,Sydney Sixers,MEK Hussey,AC Blizzard,B Lee,4,0,,,,,,,,,
756775,2014/15,2015-01-22,Sydney Cricket Ground,1,17.3,Sydney Thunder,Sydney Sixers,MEK Hussey,AC Blizzard,B Lee,1,0,,,,,,,,,
756775,2014/15,2015-01-22,Sydney Cricket Ground,1,17.4,Sydney Thunder,Sydney Sixers,AC Blizzard,MEK Hussey,B Lee,2,0,,,,,,,,,
756775,2014/15,2015-01-22,Sydney Cricket Ground,1,17.5,Sydney Thunder,Sydney Sixers,AC Blizzard,MEK Hussey,B Lee,2,0,,,,,,,,,
756775,2014/15,2015-01-22,Sydney Cricket Ground,1,17.6,Sydney Thunder,Sydney Sixers,AC Blizzard,MEK Hussey,B Lee,4,0,,,,,,,,,
756775,2014/15,2015-01-22,Sydney Cricket Ground,1,18.1,Sydney Thunder,Sydney Sixers,MEK Hussey,AC Blizzard,NM Lyon,1,0,,,,,,,,,
756775,2014/15,2015-01-22,Sydney Cricket Ground,1,18.2,Sydney Thunder,Sydney Sixers,AC Blizzard,MEK Hussey,NM Lyon,2,0,,,,,,,,,
756775,2014/15,2015-01-22,Sydney Cricket Ground,1,18.3,Sydney Thunder,Sydney Sixers,AC Blizzard,MEK Hussey,NM Lyon,0,0,,,,,,,,,
756775,2014/15,2015-01-22,Sydney Cricket Ground,1,18.4,Sydney Thunder,Sydney Sixers,AC Blizzard,MEK Hussey,NM Lyon,1,0,,,,,,,,,
756775,2014/15,2015-01-22,Sydney Cricket Ground,1,18.5,Sydney Thunder,Sydney Sixers,MEK Hussey,AC Blizzard,NM Lyon,0,0,,,,,,caught,MEK Hussey,,
756775,2014/15,2015-01-22,Sydney Cricket Ground,1,18.6,Sydney Thunder,Sydney Sixers,AC Blizzard,DP Hughes,NM Lyon,1,0,,,,,,,,,
756775,2014/15,2015-01-22,Sydney Cricket Ground,1,19.1,Sydney Thunder,Sydney Sixers,AC Blizzard,DP Hughes,B Lee,4,0,,,,,,,,,
756775,2014/15,2015-01-22,Sydney Cricket Ground,1,19.2,Sydney Thunder,Sydney Sixers,AC Blizzard,DP Hughes,B Lee,2,0,,,,,,,,,
756775,2014/15,2015-01-22,Sydney Cricket Ground,1,19.3,Sydney Thunder,Sydney Sixers,AC Blizzard,DP Hughes,B Lee,0,0,,,,,,,,,
756775,2014/15,2015-01-22,Sydney Cricket Ground,1,19.4,Sydney Thunder,Sydney Sixers,AC Blizzard,DP Hughes,B Lee,2,0,,,,,,,,,
756775,2014/15,2015-01-22,Sydney Cricket Ground,1,19.5,Sydney Thunder,Sydney Sixers,AC Blizzard,DP Hughes,B Lee,1,0,,,,,,,,,
756775,2014/15,2015-01-22,Sydney Cricket Ground,1,19.6,Sydney Thunder,Sydney Sixers,DP Hughes,AC Blizzard,B Lee,1,0,,,,,,,,,
756775,2014/15,2015-01-22,Sydney Cricket Ground,2,0.1,Sydney Sixers,Sydney Thunder,NJ Maddinson,MJ Lumb,NM Hauritz,3,0,,,,,,,,,
756775,2014/15,2015-01-22,Sydney Cricket Ground,2,0.2,Sydney Sixers,Sydney Thunder,MJ Lumb,NJ Maddinson,NM Hauritz,0,0,,,,,,,,,
756775,2014/15,2015-01-22,Sydney Cricket Ground,2,0.3,Sydney Sixers,Sydney Thunder,MJ Lumb,NJ Maddinson,NM Hauritz,0,0,,,,,,,,,
756775,2014/15,2015-01-22,Sydney Cricket Ground,2,0.4,Sydney Sixers,Sydney Thunder,MJ Lumb,NJ Maddinson,NM Hauritz,0,0,,,,,,,,,
756775,2014/15,2015-01-22,Sydney Cricket Ground,2,0.5,Sydney Sixers,Sydney Thunder,MJ Lumb,NJ Maddinson,NM Hauritz,0,0,,,,,,,,,
756775,2014/15,2015-01-22,Sydney Cricket Ground,2,0.6,Sydney Sixers,Sydney Thunder,MJ Lumb,NJ Maddinson,NM Hauritz,1,0,,,,,,,,,
756775,2014/15,2015-01-22,Sydney Cricket Ground,2,1.1,Sydney Sixers,Sydney Thunder,MJ Lumb,NJ Maddinson,JK Lalor,0,0,,,,,,lbw,MJ Lumb,,
756775,2014/15,2015-01-22,Sydney Cricket Ground,2,1.2,Sydney Sixers,Sydney Thunder,MH Wessels,NJ Maddinson,JK Lalor,0,0,,,,,,,,,
756775,2014/15,2015-01-22,Sydney Cricket Ground,2,1.3,Sydney Sixers,Sydney Thunder,MH Wessels,NJ Maddinson,JK Lalor,1,0,,,,,,,,,
756775,2014/15,2015-01-22,Sydney Cricket Ground,2,1.4,Sydney Sixers,Sydney Thunder,NJ Maddinson,MH Wessels,JK Lalor,0,0,,,,,,,,,
756775,2014/15,2015-01-22,Sydney Cricket Ground,2,1.5,Sydney Sixers,Sydney Thunder,NJ Maddinson,MH Wessels,JK Lalor,0,0,,,,,,,,,
756775,2014/15,2015-01-22,Sydney Cricket Ground,2,1.6,Sydney Sixers,Sydney Thunder,NJ Maddinson,MH Wessels,JK Lalor,1,0,,,,,,,,,
756775,2014/15,2015-01-22,Sydney Cricket Ground,2,2.1,Sydney Sixers,Sydney Thunder,NJ Maddinson,MH Wessels,CJ Green,0,0,,,,,,,,,
756775,2014/15,2015-01-22,Sydney Cricket Ground,2,2.2,Sydney Sixers,Sydney Thunder,NJ Maddinson,MH Wessels,CJ Green,1,0,,,,,,,,,
756775,2014/15,2015-01-22,Sydney Cricket Ground,2,2.3,Sydney Sixers,Sydney Thunder,MH Wessels,NJ Maddinson,CJ Green,0,0,,,,,,,,,
756775,2014/15,2015-01-22,Sydney Cricket Ground,2,2.4,Sydney Sixers,Sydney Thunder,MH Wessels,NJ Maddinson,CJ Green,1,0,,,,,,,,,
756775,2014/15,2015-01-22,Sydney Cricket Ground,2,2.5,Sydney Sixers,Sydney Thunder,NJ Maddinson,MH Wessels,CJ Green,0,0,,,,,,,,,
756775,2014/15,2015-01-22,Sydney Cricket Ground,2,2.6,Sydney Sixers,Sydney Thunder,NJ Maddinson,MH Wessels,CJ Green,0,0,,,,,,,,,
756775,2014/15,2015-01-22,Sydney Cricket Ground,2,3.1,Sydney Sixers,Sydney Thunder,MH Wessels,NJ Maddinson,CP Tremain,0,0,,,,,,,,,
756775,2014/15,2015-01-22,Sydney Cricket Ground,2,3.2,Sydney Sixers,Sydney Thunder,MH Wessels,NJ Maddinson,CP Tremain,4,0,,,,,,,,,
756775,2014/15,2015-01-22,Sydney Cricket Ground,2,3.3,Sydney Sixers,Sydney Thunder,MH Wessels,NJ Maddinson,CP Tremain,0,0,,,,,,,,,
756775,2014/15,2015-01-22,Sydney Cricket Ground,2,3.4,Sydney Sixers,Sydney Thunder,MH Wessels,NJ Maddinson,CP Tremain,4,0,,,,,,,,,
756775,2014/15,2015-01-22,Sydney Cricket Ground,2,3.5,Sydney Sixers,Sydney Thunder,MH Wessels,NJ Maddinson,CP Tremain,3,0,,,,,,,,,
756775,2014/15,2015-01-22,Sydney Cricket Ground,2,3.6,Sydney Sixers,Sydney Thunder,NJ Maddinson,MH Wessels,CP Tremain,0,0,,,,,,,,,
756775,2014/15,2015-01-22,Sydney Cricket Ground,2,4.1,Sydney Sixers,Sydney Thunder,MH Wessels,NJ Maddinson,NM Hauritz,0,0,,,,,,,,,
756775,2014/15,2015-01-22,Sydney Cricket Ground,2,4.2,Sydney Sixers,Sydney Thunder,MH Wessels,NJ Maddinson,NM Hauritz,1,0,,,,,,,,,
756775,2014/15,2015-01-22,Sydney Cricket Ground,2,4.3,Sydney Sixers,Sydney Thunder,NJ Maddinson,MH Wessels,NM Hauritz,0,0,,,,,,,,,
756775,2014/15,2015-01-22,Sydney Cricket Ground,2,4.4,Sydney Sixers,Sydney Thunder,NJ Maddinson,MH Wessels,NM Hauritz,4,0,,,,,,,,,
756775,2014/15,2015-01-22,Sydney Cricket Ground,2,4.5,Sydney Sixers,Sydney Thunder,NJ Maddinson,MH Wessels,NM Hauritz,6,0,,,,,,,,,
756775,2014/15,2015-01-22,Sydney Cricket Ground,2,4.6,Sydney Sixers,Sydney Thunder,NJ Maddinson,MH Wessels,NM Hauritz,0,0,,,,,,,,,
756775,2014/15,2015-01-22,Sydney Cricket Ground,2,5.1,Sydney Sixers,Sydney Thunder,MH Wessels,NJ Maddinson,JK Lalor,0,1,,,,1,,,,,
756775,2014/15,2015-01-22,Sydney Cricket Ground,2,5.2,Sydney Sixers,Sydney Thunder,NJ Maddinson,MH Wessels,JK Lalor,0,0,,,,,,bowled,NJ Maddinson,,
756775,2014/15,2015-01-22,Sydney Cricket Ground,2,5.3,Sydney Sixers,Sydney Thunder,EJM Cowan,MH Wessels,JK Lalor,0,0,,,,,,,,,
756775,2014/15,2015-01-22,Sydney Cricket Ground,2,5.4,Sydney Sixers,Sydney Thunder,EJM Cowan,MH Wessels,JK Lalor,0,0,,,,,,,,,
756775,2014/15,2015-01-22,Sydney Cricket Ground,2,5.5,Sydney Sixers,Sydney Thunder,EJM Cowan,MH Wessels,JK Lalor,0,0,,,,,,caught,EJM Cowan,,
756775,2014/15,2015-01-22,Sydney Cricket Ground,2,5.6,Sydney Sixers,Sydney Thunder,JC Silk,MH Wessels,JK Lalor,0,0,,,,,,,,,
756775,2014/15,2015-01-22,Sydney Cricket Ground,2,6.1,Sydney Sixers,Sydney Thunder,MH Wessels,JC Silk,CJ Green,2,0,,,,,,,,,
756775,2014/15,2015-01-22,Sydney Cricket Ground,2,6.2,Sydney Sixers,Sydney Thunder,MH Wessels,JC Silk,CJ Green,0,4,,,,4,,,,,
756775,2014/15,2015-01-22,Sydney Cricket Ground,2,6.3,Sydney Sixers,Sydney Thunder,MH Wessels,JC Silk,CJ Green,1,0,,,,,,,,,
756775,2014/15,2015-01-22,Sydney Cricket Ground,2,6.4,Sydney Sixers,Sydney Thunder,JC Silk,MH Wessels,CJ Green,0,0,,,,,,,,,
756775,2014/15,2015-01-22,Sydney Cricket Ground,2,6.5,Sydney Sixers,Sydney Thunder,JC Silk,MH Wessels,CJ Green,2,0,,,,,,,,,
756775,2014/15,2015-01-22,Sydney Cricket Ground,2,6.6,Sydney Sixers,Sydney Thunder,JC Silk,MH Wessels,CJ Green,1,0,,,,,,,,,
756775,2014/15,2015-01-22,Sydney Cricket Ground,2,7.1,Sydney Sixers,Sydney Thunder,JC Silk,MH Wessels,AR Beadle,1,0,,,,,,,,,
756775,2014/15,2015-01-22,Sydney Cricket Ground,2,7.2,Sydney Sixers,Sydney Thunder,MH Wessels,JC Silk,AR Beadle,1,0,,,,,,,,,
756775,2014/15,2015-01-22,Sydney Cricket Ground,2,7.3,Sydney Sixers,Sydney Thunder,JC Silk,MH Wessels,AR Beadle,1,0,,,,,,,,,
756775,2014/15,2015-01-22,Sydney Cricket Ground,2,7.4,Sydney Sixers,Sydney Thunder,MH Wessels,JC Silk,AR Beadle,0,0,,,,,,,,,
756775,2014/15,2015-01-22,Sydney Cricket Ground,2,7.5,Sydney Sixers,Sydney Thunder,MH Wessels,JC Silk,AR Beadle,1,0,,,,,,,,,
756775,2014/15,2015-01-22,Sydney Cricket Ground,2,7.6,Sydney Sixers,Sydney Thunder,JC Silk,MH Wessels,AR Beadle,1,0,,,,,,,,,
756775,2014/15,2015-01-22,Sydney Cricket Ground,2,8.1,Sydney Sixers,Sydney Thunder,JC Silk,MH Wessels,CP Tremain,0,0,,,,,,,,,
756775,2014/15,2015-01-22,Sydney Cricket Ground,2,8.2,Sydney Sixers,Sydney Thunder,JC Silk,MH Wessels,CP Tremain,1,0,,,,,,,,,
756775,2014/15,2015-01-22,Sydney Cricket Ground,2,8.3,Sydney Sixers,Sydney Thunder,MH Wessels,JC Silk,CP Tremain,4,0,,,,,,,,,
756775,2014/15,2015-01-22,Sydney Cricket Ground,2,8.4,Sydney Sixers,Sydney Thunder,MH Wessels,JC Silk,CP Tremain,1,0,,,,,,,,,
756775,2014/15,2015-01-22,Sydney Cricket Ground,2,8.5,Sydney Sixers,Sydney Thunder,JC Silk,MH Wessels,CP Tremain,2,1,,1,,,,,,,
756775,2014/15,2015-01-22,Sydney Cricket Ground,2,8.6,Sydney Sixers,Sydney Thunder,JC Silk,MH Wessels,CP Tremain,2,0,,,,,,,,,
756775,2014/15,2015-01-22,Sydney Cricket Ground,2,8.7,Sydney Sixers,Sydney Thunder,JC Silk,MH Wessels,CP Tremain,1,0,,,,,,,,,
756775,2014/15,2015-01-22,Sydney Cricket Ground,2,9.1,Sydney Sixers,Sydney Thunder,JC Silk,MH Wessels,AR Beadle,1,0,,,,,,,,,
756775,2014/15,2015-01-22,Sydney Cricket Ground,2,9.2,Sydney Sixers,Sydney Thunder,MH Wessels,JC Silk,AR Beadle,1,0,,,,,,,,,
756775,2014/15,2015-01-22,Sydney Cricket Ground,2,9.3,Sydney Sixers,Sydney Thunder,JC Silk,MH Wessels,AR Beadle,1,0,,,,,,,,,
756775,2014/15,2015-01-22,Sydney Cricket Ground,2,9.4,Sydney Sixers,Sydney Thunder,MH Wessels,JC Silk,AR Beadle,0,1,,,,1,,,,,
756775,2014/15,2015-01-22,Sydney Cricket Ground,2,9.5,Sydney Sixers,Sydney Thunder,JC Silk,MH Wessels,AR Beadle,1,0,,,,,,,,,
756775,2014/15,2015-01-22,Sydney Cricket Ground,2,9.6,Sydney Sixers,Sydney Thunder,MH Wessels,JC Silk,AR Beadle,1,0,,,,,,,,,
756775,2014/15,2015-01-22,Sydney Cricket Ground,2,10.1,Sydney Sixers,Sydney Thunder,MH Wessels,JC Silk,NM Hauritz,0,0,,,,,,,,,
756775,2014/15,2015-01-22,Sydney Cricket Ground,2,10.2,Sydney Sixers,Sydney Thunder,MH Wessels,JC Silk,NM Hauritz,1,0,,,,,,,,,
756775,2014/15,2015-01-22,Sydney Cricket Ground,2,10.3,Sydney Sixers,Sydney Thunder,JC Silk,MH Wessels,NM Hauritz,1,0,,,,,,,,,
756775,2014/15,2015-01-22,Sydney Cricket Ground,2,10.4,Sydney Sixers,Sydney Thunder,MH Wessels,JC Silk,NM Hauritz,0,0,,,,,,,,,
756775,2014/15,2015-01-22,Sydney Cricket Ground,2,10.5,Sydney Sixers,Sydney Thunder,MH Wessels,JC Silk,NM Hauritz,0,0,,,,,,,,,
756775,2014/15,2015-01-22,Sydney Cricket Ground,2,10.6,Sydney Sixers,Sydney Thunder,MH Wessels,JC Silk,NM Hauritz,1,0,,,,,,,,,
756775,2014/15,2015-01-22,Sydney Cricket Ground,2,11.1,Sydney Sixers,Sydney Thunder,MH Wessels,JC Silk,AR Beadle,1,0,,,,,,,,,
756775,2014/15,2015-01-22,Sydney Cricket Ground,2,11.2,Sydney Sixers,Sydney Thunder,JC Silk,MH Wessels,AR Beadle,0,0,,,,,,,,,
756775,2014/15,2015-01-22,Sydney Cricket Ground,2,11.3,Sydney Sixers,Sydney Thunder,JC Silk,MH Wessels,AR Beadle,1,0,,,,,,,,,
756775,2014/15,2015-01-22,Sydney Cricket Ground,2,11.4,Sydney Sixers,Sydney Thunder,MH Wessels,JC Silk,AR Beadle,1,0,,,,,,,,,
756775,2014/15,2015-01-22,Sydney Cricket Ground,2,11.5,Sydney Sixers,Sydney Thunder,JC Silk,MH Wessels,AR Beadle,1,0,,,,,,,,,
756775,2014/15,2015-01-22,Sydney Cricket Ground,2,11.6,Sydney Sixers,Sydney Thunder,MH Wessels,JC Silk,AR Beadle,0,0,,,,,,bowled,MH Wessels,,
756775,2014/15,2015-01-22,Sydney Cricket Ground,2,12.1,Sydney Sixers,Sydney Thunder,JC Silk,RGL Carters,CJ Green,1,0,,,,,,,,,
756775,2014/15,2015-01-22,Sydney Cricket Ground,2,12.2,Sydney Sixers,Sydney Thunder,RGL Carters,JC Silk,CJ Green,1,0,,,,,,,,,
756775,2014/15,2015-01-22,Sydney Cricket Ground,2,12.3,Sydney Sixers,Sydney Thunder,JC Silk,RGL Carters,CJ Green,0,0,,,,,,,,,
756775,2014/15,2015-01-22,Sydney Cricket Ground,2,12.4,Sydney Sixers,Sydney Thunder,JC Silk,RGL Carters,CJ Green,1,0,,,,,,,,,
756775,2014/15,2015-01-22,Sydney Cricket Ground,2,12.5,Sydney Sixers,Sydney Thunder,RGL Carters,JC Silk,CJ Green,1,0,,,,,,,,,
756775,2014/15,2015-01-22,Sydney Cricket Ground,2,12.6,Sydney Sixers,Sydney Thunder,JC Silk,RGL Carters,CJ Green,0,0,,,,,,,,,
756775,2014/15,2015-01-22,Sydney Cricket Ground,2,13.1,Sydney Sixers,Sydney Thunder,RGL Carters,JC Silk,JK Lalor,0,0,,,,,,bowled,RGL Carters,,
756775,2014/15,2015-01-22,Sydney Cricket Ground,2,13.2,Sydney Sixers,Sydney Thunder,SA Abbott,JC Silk,JK Lalor,0,0,,,,,,,,,
756775,2014/15,2015-01-22,Sydney Cricket Ground,2,13.3,Sydney Sixers,Sydney Thunder,SA Abbott,JC Silk,JK Lalor,2,0,,,,,,,,,
756775,2014/15,2015-01-22,Sydney Cricket Ground,2,13.4,Sydney Sixers,Sydney Thunder,SA Abbott,JC Silk,JK Lalor,0,0,,,,,,,,,
756775,2014/15,2015-01-22,Sydney Cricket Ground,2,13.5,Sydney Sixers,Sydney Thunder,SA Abbott,JC Silk,JK Lalor,1,0,,,,,,,,,
756775,2014/15,2015-01-22,Sydney Cricket Ground,2,13.6,Sydney Sixers,Sydney Thunder,JC Silk,SA Abbott,JK Lalor,1,0,,,,,,,,,
756775,2014/15,2015-01-22,Sydney Cricket Ground,2,14.1,Sydney Sixers,Sydney Thunder,JC Silk,SA Abbott,CJ Green,0,0,,,,,,,,,
756775,2014/15,2015-01-22,Sydney Cricket Ground,2,14.2,Sydney Sixers,Sydney Thunder,JC Silk,SA Abbott,CJ Green,1,0,,,,,,,,,
756775,2014/15,2015-01-22,Sydney Cricket Ground,2,14.3,Sydney Sixers,Sydney Thunder,SA Abbott,JC Silk,CJ Green,0,0,,,,,,,,,
756775,2014/15,2015-01-22,Sydney Cricket Ground,2,14.4,Sydney Sixers,Sydney Thunder,SA Abbott,JC Silk,CJ Green,0,0,,,,,,,,,
756775,2014/15,2015-01-22,Sydney Cricket Ground,2,14.5,Sydney Sixers,Sydney Thunder,SA Abbott,JC Silk,CJ Green,0,0,,,,,,,,,
756775,2014/15,2015-01-22,Sydney Cricket Ground,2,14.6,Sydney Sixers,Sydney Thunder,SA Abbott,JC Silk,CJ Green,1,0,,,,,,,,,
756775,2014/15,2015-01-22,Sydney Cricket Ground,2,15.1,Sydney Sixers,Sydney Thunder,SA Abbott,JC Silk,CP Tremain,0,0,,,,,,,,,
756775,2014/15,2015-01-22,Sydney Cricket Ground,2,15.2,Sydney Sixers,Sydney Thunder,SA Abbott,JC Silk,CP Tremain,0,1,1,,,,,,,,
756775,2014/15,2015-01-22,Sydney Cricket Ground,2,15.3,Sydney Sixers,Sydney Thunder,SA Abbott,JC Silk,CP Tremain,6,0,,,,,,,,,
756775,2014/15,2015-01-22,Sydney Cricket Ground,2,15.4,Sydney Sixers,Sydney Thunder,SA Abbott,JC Silk,CP Tremain,2,0,,,,,,,,,
756775,2014/15,2015-01-22,Sydney Cricket Ground,2,15.5,Sydney Sixers,Sydney Thunder,SA Abbott,JC Silk,CP Tremain,1,0,,,,,,,,,
756775,2014/15,2015-01-22,Sydney Cricket Ground,2,15.6,Sydney Sixers,Sydney Thunder,JC Silk,SA Abbott,CP Tremain,1,0,,,,,,,,,
756775,2014/15,2015-01-22,Sydney Cricket Ground,2,15.7,Sydney Sixers,Sydney Thunder,SA Abbott,JC Silk,CP Tremain,1,0,,,,,,,,,
756775,2014/15,2015-01-22,Sydney Cricket Ground,2,16.1,Sydney Sixers,Sydney Thunder,SA Abbott,JC Silk,NM Hauritz,1,0,,,,,,,,,
756775,2014/15,2015-01-22,Sydney Cricket Ground,2,16.2,Sydney Sixers,Sydney Thunder,JC Silk,SA Abbott,NM Hauritz,1,0,,,,,,,,,
756775,2014/15,2015-01-22,Sydney Cricket Ground,2,16.3,Sydney Sixers,Sydney Thunder,SA Abbott,JC Silk,NM Hauritz,1,0,,,,,,,,,
756775,2014/15,2015-01-22,Sydney Cricket Ground,2,16.4,Sydney Sixers,Sydney Thunder,JC Silk,SA Abbott,NM Hauritz,1,0,,,,,,,,,
756775,2014/15,2015-01-22,Sydney Cricket Ground,2,16.5,Sydney Sixers,Sydney Thunder,SA Abbott,JC Silk,NM Hauritz,1,0,,,,,,,,,
756775,2014/15,2015-01-22,Sydney Cricket Ground,2,16.6,Sydney Sixers,Sydney Thunder,JC Silk,SA Abbott,NM Hauritz,1,0,,,,,,,,,
756775,2014/15,2015-01-22,Sydney Cricket Ground,2,17.1,Sydney Sixers,Sydney Thunder,JC Silk,SA Abbott,AR Beadle,6,0,,,,,,,,,
756775,2014/15,2015-01-22,Sydney Cricket Ground,2,17.2,Sydney Sixers,Sydney Thunder,JC Silk,SA Abbott,AR Beadle,6,0,,,,,,,,,
756775,2014/15,2015-01-22,Sydney Cricket Ground,2,17.3,Sydney Sixers,Sydney Thunder,JC Silk,SA Abbott,AR Beadle,4,0,,,,,,,,,
756775,2014/15,2015-01-22,Sydney Cricket Ground,2,17.4,Sydney Sixers,Sydney Thunder,JC Silk,SA Abbott,AR Beadle,6,0,,,,,,,,,
756775,2014/15,2015-01-22,Sydney Cricket Ground,2,17.5,Sydney Sixers,Sydney Thunder,JC Silk,SA Abbott,AR Beadle,2,0,,,,,,,,,
756775,2014/15,2015-01-22,Sydney Cricket Ground,2,17.6,Sydney Sixers,Sydney Thunder,JC Silk,SA Abbott,AR Beadle,1,0,,,,,,,,,
756775,2014/15,2015-01-22,Sydney Cricket Ground,2,18.1,Sydney Sixers,Sydney Thunder,JC Silk,SA Abbott,CP Tremain,1,0,,,,,,,,,
756775,2014/15,2015-01-22,Sydney Cricket Ground,2,18.2,Sydney Sixers,Sydney Thunder,SA Abbott,JC Silk,CP Tremain,4,0,,,,,,,,,
756775,2014/15,2015-01-22,Sydney Cricket Ground,2,18.3,Sydney Sixers,Sydney Thunder,SA Abbott,JC Silk,CP Tremain,0,0,,,,,,caught,SA Abbott,,
756775,2014/15,2015-01-22,Sydney Cricket Ground,2,18.4,Sydney Sixers,Sydney Thunder,JC Silk,SNJ O'Keefe,CP Tremain,1,0,,,,,,,,,
756775,2014/15,2015-01-22,Sydney Cricket Ground,2,18.5,Sydney Sixers,Sydney Thunder,SNJ O'Keefe,JC Silk,CP Tremain,1,0,,,,,,,,,
756775,2014/15,2015-01-22,Sydney Cricket Ground,2,18.6,Sydney Sixers,Sydney Thunder,JC Silk,SNJ O'Keefe,CP Tremain,1,0,,,,,,,,,
756775,2014/15,2015-01-22,Sydney Cricket Ground,2,19.1,Sydney Sixers,Sydney Thunder,JC Silk,SNJ O'Keefe,JK Lalor,2,0,,,,,,,,,
756775,2014/15,2015-01-22,Sydney Cricket Ground,2,19.2,Sydney Sixers,Sydney Thunder,JC Silk,SNJ O'Keefe,JK Lalor,6,0,,,,,,,,,
756775,2014/15,2015-01-22,Sydney Cricket Ground,2,19.3,Sydney Sixers,Sydney Thunder,JC Silk,SNJ O'Keefe,JK Lalor,6,0,,,,,,,,,
756775,2014/15,2015-01-22,Sydney Cricket Ground,2,19.4,Sydney Sixers,Sydney Thunder,JC Silk,SNJ O'Keefe,JK Lalor,1,0,,,,,,,,,
756775,2014/15,2015-01-22,Sydney Cricket Ground,2,19.5,Sydney Sixers,Sydney Thunder,SNJ O'Keefe,JC Silk,JK Lalor,4,0,,,,,,,,,
756775,2014/15,2015-01-22,Sydney Cricket Ground,2,19.6,Sydney Sixers,Sydney Thunder,SNJ O'Keefe,JC Silk,JK Lalor,4,0,,,,,,,,,
