match_id,season,start_date,venue,innings,ball,batting_team,bowling_team,striker,non_striker,bowler,runs_off_bat,extras,wides,noballs,byes,legbyes,penalty,wicket_type,player_dismissed,other_wicket_type,other_player_dismissed
756773,2014/15,2015-01-08,Western Australia Cricket Association Ground,1,0.1,Brisbane Heat,Perth Scorchers,JJ Peirson,PJ Forrest,Yasir Arafat,0,0,,,,,,,,,
756773,2014/15,2015-01-08,Western Australia Cricket Association Ground,1,0.2,Brisbane Heat,Perth Scorchers,JJ Peirson,PJ Forrest,Yasir Arafat,0,0,,,,,,,,,
756773,2014/15,2015-01-08,Western Australia Cricket Association Ground,1,0.3,Brisbane Heat,Perth Scorchers,JJ Peirson,PJ Forrest,Yasir Arafat,0,1,,,,1,,,,,
756773,2014/15,2015-01-08,Western Australia Cricket Association Ground,1,0.4,Brisbane Heat,Perth Scorchers,PJ Forrest,JJ Peirson,Yasir Arafat,1,0,,,,,,,,,
756773,2014/15,2015-01-08,Western Australia Cricket Association Ground,1,0.5,Brisbane Heat,Perth Scorchers,JJ Peirson,PJ Forrest,Yasir Arafat,4,0,,,,,,,,,
756773,2014/15,2015-01-08,Western Australia Cricket Association Ground,1,0.6,Brisbane Heat,Perth Scorchers,JJ Peirson,PJ Forrest,Yasir Arafat,0,0,,,,,,,,,
756773,2014/15,2015-01-08,Western Australia Cricket Association Ground,1,1.1,Brisbane Heat,Perth Scorchers,PJ Forrest,JJ Peirson,JP Behrendorff,4,0,,,,,,,,,
756773,2014/15,2015-01-08,Western Australia Cricket Association Ground,1,1.2,Brisbane Heat,Perth Scorchers,PJ Forrest,JJ Peirson,JP Behrendorff,0,0,,,,,,,,,
756773,2014/15,2015-01-08,Western Australia Cricket Association Ground,1,1.3,Brisbane Heat,Perth Scorchers,PJ Forrest,JJ Peirson,JP Behrendorff,1,0,,,,,,,,,
756773,2014/15,2015-01-08,Western Australia Cricket Association Ground,1,1.4,Brisbane Heat,Perth Scorchers,JJ Peirson,PJ Forrest,JP Behrendorff,0,0,,,,,,,,,
756773,2014/15,2015-01-08,Western Australia Cricket Association Ground,1,1.5,Brisbane Heat,Perth Scorchers,JJ Peirson,PJ Forrest,JP Behrendorff,4,0,,,,,,,,,
756773,2014/15,2015-01-08,Western Australia Cricket Association Ground,1,1.6,Brisbane Heat,Perth Scorchers,JJ Peirson,PJ Forrest,JP Behrendorff,0,0,,,,,,,,,
756773,2014/15,2015-01-08,Western Australia Cricket Association Ground,1,2.1,Brisbane Heat,Perth Scorchers,PJ Forrest,JJ Peirson,Yasir Arafat,0,0,,,,,,,,,
756773,2014/15,2015-01-08,Western Australia Cricket Association Ground,1,2.2,Brisbane Heat,Perth Scorchers,PJ Forrest,JJ Peirson,Yasir Arafat,4,0,,,,,,,,,
756773,2014/15,2015-01-08,Western Australia Cricket Association Ground,1,2.3,Brisbane Heat,Perth Scorchers,PJ Forrest,JJ Peirson,Yasir Arafat,1,0,,,,,,,,,
756773,2014/15,2015-01-08,Western Australia Cricket Association Ground,1,2.4,Brisbane Heat,Perth Scorchers,JJ Peirson,PJ Forrest,Yasir Arafat,1,0,,,,,,,,,
756773,2014/15,2015-01-08,Western Australia Cricket Association Ground,1,2.5,Brisbane Heat,Perth Scorchers,PJ Forrest,JJ Peirson,Yasir Arafat,1,0,,,,,,,,,
756773,2014/15,2015-01-08,Western Australia Cricket Association Ground,1,2.6,Brisbane Heat,Perth Scorchers,JJ Peirson,PJ Forrest,Yasir Arafat,6,0,,,,,,,,,
756773,2014/15,2015-01-08,Western Australia Cricket Association Ground,1,3.1,Brisbane Heat,Perth Scorchers,PJ Forrest,JJ Peirson,AJ Turner,0,0,,,,,,bowled,PJ Forrest,,
756773,2014/15,2015-01-08,Western Australia Cricket Association Ground,1,3.2,Brisbane Heat,Perth Scorchers,CA Lynn,JJ Peirson,AJ Turner,0,0,,,,,,,,,
756773,2014/15,2015-01-08,Western Australia Cricket Association Ground,1,3.3,Brisbane Heat,Perth Scorchers,CA Lynn,JJ Peirson,AJ Turner,1,0,,,,,,,,,
756773,2014/15,2015-01-08,Western Australia Cricket Association Ground,1,3.4,Brisbane Heat,Perth Scorchers,JJ Peirson,CA Lynn,AJ Turner,1,0,,,,,,,,,
756773,2014/15,2015-01-08,Western Australia Cricket Association Ground,1,3.5,Brisbane Heat,Perth Scorchers,CA Lynn,JJ Peirson,AJ Turner,0,0,,,,,,,,,
756773,2014/15,2015-01-08,Western Australia Cricket Association Ground,1,3.6,Brisbane Heat,Perth Scorchers,CA Lynn,JJ Peirson,AJ Turner,4,0,,,,,,,,,
756773,2014/15,2015-01-08,Western Australia Cricket Association Ground,1,4.1,Brisbane Heat,Perth Scorchers,JJ Peirson,CA Lynn,JP Behrendorff,0,0,,,,,,,,,
756773,2014/15,2015-01-08,Western Australia Cricket Association Ground,1,4.2,Brisbane Heat,Perth Scorchers,JJ Peirson,CA Lynn,JP Behrendorff,0,0,,,,,,,,,
756773,2014/15,2015-01-08,Western Australia Cricket Association Ground,1,4.3,Brisbane Heat,Perth Scorchers,JJ Peirson,CA Lynn,JP Behrendorff,4,0,,,,,,,,,
756773,2014/15,2015-01-08,Western Australia Cricket Association Ground,1,4.4,Brisbane Heat,Perth Scorchers,JJ Peirson,CA Lynn,JP Behrendorff,0,0,,,,,,,,,
756773,2014/15,2015-01-08,Western Australia Cricket Association Ground,1,4.5,Brisbane Heat,Perth Scorchers,JJ Peirson,CA Lynn,JP Behrendorff,0,0,,,,,,caught,JJ Peirson,,
756773,2014/15,2015-01-08,Western Australia Cricket Association Ground,1,4.6,Brisbane Heat,Perth Scorchers,S Milenko,CA Lynn,JP Behrendorff,0,0,,,,,,,,,
756773,2014/15,2015-01-08,Western Australia Cricket Association Ground,1,5.1,Brisbane Heat,Perth Scorchers,CA Lynn,S Milenko,AJ Tye,0,1,1,,,,,,,,
756773,2014/15,2015-01-08,Western Australia Cricket Association Ground,1,5.2,Brisbane Heat,Perth Scorchers,CA Lynn,S Milenko,AJ Tye,0,0,,,,,,,,,
756773,2014/15,2015-01-08,Western Australia Cricket Association Ground,1,5.3,Brisbane Heat,Perth Scorchers,CA Lynn,S Milenko,AJ Tye,1,0,,,,,,,,,
756773,2014/15,2015-01-08,Western Australia Cricket Association Ground,1,5.4,Brisbane Heat,Perth Scorchers,S Milenko,CA Lynn,AJ Tye,0,0,,,,,,,,,
756773,2014/15,2015-01-08,Western Australia Cricket Association Ground,1,5.5,Brisbane Heat,Perth Scorchers,S Milenko,CA Lynn,AJ Tye,0,0,,,,,,,,,
756773,2014/15,2015-01-08,Western Australia Cricket Association Ground,1,5.6,Brisbane Heat,Perth Scorchers,S Milenko,CA Lynn,AJ Tye,0,0,,,,,,,,,
756773,2014/15,2015-01-08,Western Australia Cricket Association Ground,1,5.7,Brisbane Heat,Perth Scorchers,S Milenko,CA Lynn,AJ Tye,1,0,,,,,,,,,
756773,2014/15,2015-01-08,Western Australia Cricket Association Ground,1,6.1,Brisbane Heat,Perth Scorchers,S Milenko,CA Lynn,AC Agar,1,0,,,,,,,,,
756773,2014/15,2015-01-08,Western Australia Cricket Association Ground,1,6.2,Brisbane Heat,Perth Scorchers,CA Lynn,S Milenko,AC Agar,1,0,,,,,,,,,
756773,2014/15,2015-01-08,Western Australia Cricket Association Ground,1,6.3,Brisbane Heat,Perth Scorchers,S Milenko,CA Lynn,AC Agar,1,0,,,,,,,,,
756773,2014/15,2015-01-08,Western Australia Cricket Association Ground,1,6.4,Brisbane Heat,Perth Scorchers,CA Lynn,S Milenko,AC Agar,1,0,,,,,,,,,
756773,2014/15,2015-01-08,Western Australia Cricket Association Ground,1,6.5,Brisbane Heat,Perth Scorchers,S Milenko,CA Lynn,AC Agar,3,0,,,,,,,,,
756773,2014/15,2015-01-08,Western Australia Cricket Association Ground,1,6.6,Brisbane Heat,Perth Scorchers,CA Lynn,S Milenko,AC Agar,1,0,,,,,,,,,
756773,2014/15,2015-01-08,Western Australia Cricket Association Ground,1,7.1,Brisbane Heat,Perth Scorchers,CA Lynn,S Milenko,GB Hogg,0,0,,,,,,,,,
756773,2014/15,2015-01-08,Western Australia Cricket Association Ground,1,7.2,Brisbane Heat,Perth Scorchers,CA Lynn,S Milenko,GB Hogg,1,0,,,,,,,,,
756773,2014/15,2015-01-08,Western Australia Cricket Association Ground,1,7.3,Brisbane Heat,Perth Scorchers,S Milenko,CA Lynn,GB Hogg,0,0,,,,,,,,,
756773,2014/15,2015-01-08,Western Australia Cricket Association Ground,1,7.4,Brisbane Heat,Perth Scorchers,S Milenko,CA Lynn,GB Hogg,1,0,,,,,,,,,
756773,2014/15,2015-01-08,Western Australia Cricket Association Ground,1,7.5,Brisbane Heat,Perth Scorchers,CA Lynn,S Milenko,GB Hogg,0,0,,,,,,,,,
756773,2014/15,2015-01-08,Western Australia Cricket Association Ground,1,7.6,Brisbane Heat,Perth Scorchers,CA Lynn,S Milenko,GB Hogg,1,0,,,,,,,,,
756773,2014/15,2015-01-08,Western Australia Cricket Association Ground,1,8.1,Brisbane Heat,Perth Scorchers,CA Lynn,S Milenko,AJ Tye,1,0,,,,,,,,,
756773,2014/15,2015-01-08,Western Australia Cricket Association Ground,1,8.2,Brisbane Heat,Perth Scorchers,S Milenko,CA Lynn,AJ Tye,0,0,,,,,,caught,S Milenko,,
756773,2014/15,2015-01-08,Western Australia Cricket Association Ground,1,8.3,Brisbane Heat,Perth Scorchers,NJ Reardon,CA Lynn,AJ Tye,1,0,,,,,,,,,
756773,2014/15,2015-01-08,Western Australia Cricket Association Ground,1,8.4,Brisbane Heat,Perth Scorchers,CA Lynn,NJ Reardon,AJ Tye,0,0,,,,,,,,,
756773,2014/15,2015-01-08,Western Australia Cricket Association Ground,1,8.5,Brisbane Heat,Perth Scorchers,CA Lynn,NJ Reardon,AJ Tye,1,0,,,,,,,,,
756773,2014/15,2015-01-08,Western Australia Cricket Association Ground,1,8.6,Brisbane Heat,Perth Scorchers,NJ Reardon,CA Lynn,AJ Tye,0,0,,,,,,,,,
756773,2014/15,2015-01-08,Western Australia Cricket Association Ground,1,9.1,Brisbane Heat,Perth Scorchers,CA Lynn,NJ Reardon,GB Hogg,0,0,,,,,,,,,
756773,2014/15,2015-01-08,Western Australia Cricket Association Ground,1,9.2,Brisbane Heat,Perth Scorchers,CA Lynn,NJ Reardon,GB Hogg,1,0,,,,,,,,,
756773,2014/15,2015-01-08,Western Australia Cricket Association Ground,1,9.3,Brisbane Heat,Perth Scorchers,NJ Reardon,CA Lynn,GB Hogg,1,0,,,,,,,,,
756773,2014/15,2015-01-08,Western Australia Cricket Association Ground,1,9.4,Brisbane Heat,Perth Scorchers,CA Lynn,NJ Reardon,GB Hogg,0,0,,,,,,caught,CA Lynn,,
756773,2014/15,2015-01-08,Western Australia Cricket Association Ground,1,9.5,Brisbane Heat,Perth Scorchers,NJ Reardon,A Flintoff,GB Hogg,0,0,,,,,,,,,
756773,2014/15,2015-01-08,Western Australia Cricket Association Ground,1,9.6,Brisbane Heat,Perth Scorchers,NJ Reardon,A Flintoff,GB Hogg,0,0,,,,,,,,,
756773,2014/15,2015-01-08,Western Australia Cricket Association Ground,1,10.1,Brisbane Heat,Perth Scorchers,A Flintoff,NJ Reardon,AC Agar,1,0,,,,,,,,,
756773,2014/15,2015-01-08,Western Australia Cricket Association Ground,1,10.2,Brisbane Heat,Perth Scorchers,NJ Reardon,A Flintoff,AC Agar,1,0,,,,,,,,,
756773,2014/15,2015-01-08,Western Australia Cricket Association Ground,1,10.3,Brisbane Heat,Perth Scorchers,A Flintoff,NJ Reardon,AC Agar,1,0,,,,,,,,,
756773,2014/15,2015-01-08,Western Australia Cricket Association Ground,1,10.4,Brisbane Heat,Perth Scorchers,NJ Reardon,A Flintoff,AC Agar,0,0,,,,,,,,,
756773,2014/15,2015-01-08,Western Australia Cricket Association Ground,1,10.5,Brisbane Heat,Perth Scorchers,NJ Reardon,A Flintoff,AC Agar,6,0,,,,,,,,,
756773,2014/15,2015-01-08,Western Australia Cricket Association Ground,1,10.6,Brisbane Heat,Perth Scorchers,NJ Reardon,A Flintoff,AC Agar,1,0,,,,,,,,,
756773,2014/15,2015-01-08,Western Australia Cricket Association Ground,1,11.1,Brisbane Heat,Perth Scorchers,NJ Reardon,A Flintoff,GB Hogg,1,0,,,,,,,,,
756773,2014/15,2015-01-08,Western Australia Cricket Association Ground,1,11.2,Brisbane Heat,Perth Scorchers,A Flintoff,NJ Reardon,GB Hogg,0,0,,,,,,,,,
756773,2014/15,2015-01-08,Western Australia Cricket Association Ground,1,11.3,Brisbane Heat,Perth Scorchers,A Flintoff,NJ Reardon,GB Hogg,0,0,,,,,,,,,
756773,2014/15,2015-01-08,Western Australia Cricket Association Ground,1,11.4,Brisbane Heat,Perth Scorchers,A Flintoff,NJ Reardon,GB Hogg,2,0,,,,,,,,,
756773,2014/15,2015-01-08,Western Australia Cricket Association Ground,1,11.5,Brisbane Heat,Perth Scorchers,A Flintoff,NJ Reardon,GB Hogg,1,0,,,,,,,,,
756773,2014/15,2015-01-08,Western Australia Cricket Association Ground,1,11.6,Brisbane Heat,Perth Scorchers,NJ Reardon,A Flintoff,GB Hogg,1,0,,,,,,,,,
756773,2014/15,2015-01-08,Western Australia Cricket Association Ground,1,12.1,Brisbane Heat,Perth Scorchers,NJ Reardon,A Flintoff,JP Behrendorff,1,0,,,,,,,,,
756773,2014/15,2015-01-08,Western Australia Cricket Association Ground,1,12.2,Brisbane Heat,Perth Scorchers,A Flintoff,NJ Reardon,JP Behrendorff,2,0,,,,,,,,,
756773,2014/15,2015-01-08,Western Australia Cricket Association Ground,1,12.3,Brisbane Heat,Perth Scorchers,A Flintoff,NJ Reardon,JP Behrendorff,0,0,,,,,,,,,
756773,2014/15,2015-01-08,Western Australia Cricket Association Ground,1,12.4,Brisbane Heat,Perth Scorchers,A Flintoff,NJ Reardon,JP Behrendorff,0,0,,,,,,caught,A Flintoff,,
756773,2014/15,2015-01-08,Western Australia Cricket Association Ground,1,12.5,Brisbane Heat,Perth Scorchers,BCJ Cutting,NJ Reardon,JP Behrendorff,1,0,,,,,,,,,
756773,2014/15,2015-01-08,Western Australia Cricket Association Ground,1,12.6,Brisbane Heat,Perth Scorchers,NJ Reardon,BCJ Cutting,JP Behrendorff,0,0,,,,,,,,,
756773,2014/15,2015-01-08,Western Australia Cricket Association Ground,1,13.1,Brisbane Heat,Perth Scorchers,BCJ Cutting,NJ Reardon,GB Hogg,0,0,,,,,,caught,BCJ Cutting,,
756773,2014/15,2015-01-08,Western Australia Cricket Association Ground,1,13.2,Brisbane Heat,Perth Scorchers,NJ Reardon,JR Hopes,GB Hogg,1,0,,,,,,,,,
756773,2014/15,2015-01-08,Western Australia Cricket Association Ground,1,13.3,Brisbane Heat,Perth Scorchers,JR Hopes,NJ Reardon,GB Hogg,1,0,,,,,,,,,
756773,2014/15,2015-01-08,Western Australia Cricket Association Ground,1,13.4,Brisbane Heat,Perth Scorchers,NJ Reardon,JR Hopes,GB Hogg,1,0,,,,,,,,,
756773,2014/15,2015-01-08,Western Australia Cricket Association Ground,1,13.5,Brisbane Heat,Perth Scorchers,JR Hopes,NJ Reardon,GB Hogg,0,0,,,,,,,,,
756773,2014/15,2015-01-08,Western Australia Cricket Association Ground,1,13.6,Brisbane Heat,Perth Scorchers,JR Hopes,NJ Reardon,GB Hogg,0,1,1,,,,,,,,
756773,2014/15,2015-01-08,Western Australia Cricket Association Ground,1,13.7,Brisbane Heat,Perth Scorchers,JR Hopes,NJ Reardon,GB Hogg,0,0,,,,,,,,,
756773,2014/15,2015-01-08,Western Australia Cricket Association Ground,1,14.1,Brisbane Heat,Perth Scorchers,NJ Reardon,JR Hopes,AC Agar,2,0,,,,,,,,,
756773,2014/15,2015-01-08,Western Australia Cricket Association Ground,1,14.2,Brisbane Heat,Perth Scorchers,NJ Reardon,JR Hopes,AC Agar,0,0,,,,,,,,,
756773,2014/15,2015-01-08,Western Australia Cricket Association Ground,1,14.3,Brisbane Heat,Perth Scorchers,NJ Reardon,JR Hopes,AC Agar,1,0,,,,,,,,,
756773,2014/15,2015-01-08,Western Australia Cricket Association Ground,1,14.4,Brisbane Heat,Perth Scorchers,JR Hopes,NJ Reardon,AC Agar,1,0,,,,,,,,,
756773,2014/15,2015-01-08,Western Australia Cricket Association Ground,1,14.5,Brisbane Heat,Perth Scorchers,NJ Reardon,JR Hopes,AC Agar,1,0,,,,,,,,,
756773,2014/15,2015-01-08,Western Australia Cricket Association Ground,1,14.6,Brisbane Heat,Perth Scorchers,JR Hopes,NJ Reardon,AC Agar,0,0,,,,,,,,,
756773,2014/15,2015-01-08,Western Australia Cricket Association Ground,1,15.1,Brisbane Heat,Perth Scorchers,NJ Reardon,JR Hopes,Yasir Arafat,1,0,,,,,,,,,
756773,2014/15,2015-01-08,Western Australia Cricket Association Ground,1,15.2,Brisbane Heat,Perth Scorchers,JR Hopes,NJ Reardon,Yasir Arafat,1,0,,,,,,,,,
756773,2014/15,2015-01-08,Western Australia Cricket Association Ground,1,15.3,Brisbane Heat,Perth Scorchers,NJ Reardon,JR Hopes,Yasir Arafat,0,0,,,,,,,,,
756773,2014/15,2015-01-08,Western Australia Cricket Association Ground,1,15.4,Brisbane Heat,Perth Scorchers,NJ Reardon,JR Hopes,Yasir Arafat,1,0,,,,,,,,,
756773,2014/15,2015-01-08,Western Australia Cricket Association Ground,1,15.5,Brisbane Heat,Perth Scorchers,JR Hopes,NJ Reardon,Yasir Arafat,0,1,1,,,,,,,,
756773,2014/15,2015-01-08,Western Australia Cricket Association Ground,1,15.6,Brisbane Heat,Perth Scorchers,JR Hopes,NJ Reardon,Yasir Arafat,1,0,,,,,,,,,
756773,2014/15,2015-01-08,Western Australia Cricket Association Ground,1,15.7,Brisbane Heat,Perth Scorchers,NJ Reardon,JR Hopes,Yasir Arafat,1,0,,,,,,,,,
756773,2014/15,2015-01-08,Western Australia Cricket Association Ground,1,16.1,Brisbane Heat,Perth Scorchers,NJ Reardon,JR Hopes,AJ Tye,0,0,,,,,,,,,
756773,2014/15,2015-01-08,Western Australia Cricket Association Ground,1,16.2,Brisbane Heat,Perth Scorchers,NJ Reardon,JR Hopes,AJ Tye,0,0,,,,,,,,,
756773,2014/15,2015-01-08,Western Australia Cricket Association Ground,1,16.3,Brisbane Heat,Perth Scorchers,NJ Reardon,JR Hopes,AJ Tye,0,0,,,,,,,,,
756773,2014/15,2015-01-08,Western Australia Cricket Association Ground,1,16.4,Brisbane Heat,Perth Scorchers,NJ Reardon,JR Hopes,AJ Tye,1,0,,,,,,,,,
756773,2014/15,2015-01-08,Western Australia Cricket Association Ground,1,16.5,Brisbane Heat,Perth Scorchers,JR Hopes,NJ Reardon,AJ Tye,1,0,,,,,,,,,
756773,2014/15,2015-01-08,Western Australia Cricket Association Ground,1,16.6,Brisbane Heat,Perth Scorchers,NJ Reardon,JR Hopes,AJ Tye,2,0,,,,,,,,,
756773,2014/15,2015-01-08,Western Australia Cricket Association Ground,1,17.1,Brisbane Heat,Perth Scorchers,JR Hopes,NJ Reardon,Yasir Arafat,4,0,,,,,,,,,
756773,2014/15,2015-01-08,Western Australia Cricket Association Ground,1,17.2,Brisbane Heat,Perth Scorchers,JR Hopes,NJ Reardon,Yasir Arafat,0,0,,,,,,,,,
756773,2014/15,2015-01-08,Western Australia Cricket Association Ground,1,17.3,Brisbane Heat,Perth Scorchers,JR Hopes,NJ Reardon,Yasir Arafat,1,0,,,,,,,,,
756773,2014/15,2015-01-08,Western Australia Cricket Association Ground,1,17.4,Brisbane Heat,Perth Scorchers,NJ Reardon,JR Hopes,Yasir Arafat,4,0,,,,,,,,,
756773,2014/15,2015-01-08,Western Australia Cricket Association Ground,1,17.5,Brisbane Heat,Perth Scorchers,NJ Reardon,JR Hopes,Yasir Arafat,1,0,,,,,,,,,
756773,2014/15,2015-01-08,Western Australia Cricket Association Ground,1,17.6,Brisbane Heat,Perth Scorchers,JR Hopes,NJ Reardon,Yasir Arafat,4,0,,,,,,,,,
756773,2014/15,2015-01-08,Western Australia Cricket Association Ground,1,18.1,Brisbane Heat,Perth Scorchers,NJ Reardon,JR Hopes,JP Behrendorff,0,0,,,,,,,,,
756773,2014/15,2015-01-08,Western Australia Cricket Association Ground,1,18.2,Brisbane Heat,Perth Scorchers,NJ Reardon,JR Hopes,JP Behrendorff,4,0,,,,,,,,,
756773,2014/15,2015-01-08,Western Australia Cricket Association Ground,1,18.3,Brisbane Heat,Perth Scorchers,NJ Reardon,JR Hopes,JP Behrendorff,1,0,,,,,,,,,
756773,2014/15,2015-01-08,Western Australia Cricket Association Ground,1,18.4,Brisbane Heat,Perth Scorchers,JR Hopes,NJ Reardon,JP Behrendorff,1,0,,,,,,,,,
756773,2014/15,2015-01-08,Western Australia Cricket Association Ground,1,18.5,Brisbane Heat,Perth Scorchers,NJ Reardon,JR Hopes,JP Behrendorff,4,0,,,,,,,,,
756773,2014/15,2015-01-08,Western Australia Cricket Association Ground,1,18.6,Brisbane Heat,Perth Scorchers,NJ Reardon,JR Hopes,JP Behrendorff,1,0,,,,,,,,,
756773,2014/15,2015-01-08,Western Australia Cricket Association Ground,1,19.1,Brisbane Heat,Perth Scorchers,NJ Reardon,JR Hopes,AJ Tye,4,0,,,,,,,,,
756773,2014/15,2015-01-08,Western Australia Cricket Association Ground,1,19.2,Brisbane Heat,Perth Scorchers,NJ Reardon,JR Hopes,AJ Tye,6,0,,,,,,,,,
756773,2014/15,2015-01-08,Western Australia Cricket Association Ground,1,19.3,Brisbane Heat,Perth Scorchers,NJ Reardon,JR Hopes,AJ Tye,1,0,,,,,,,,,
756773,2014/15,2015-01-08,Western Australia Cricket Association Ground,1,19.4,Brisbane Heat,Perth Scorchers,JR Hopes,NJ Reardon,AJ Tye,1,0,,,,,,,,,
756773,2014/15,2015-01-08,Western Australia Cricket Association Ground,1,19.5,Brisbane Heat,Perth Scorchers,NJ Reardon,JR Hopes,AJ Tye,1,0,,,,,,run out,JR Hopes,,
756773,2014/15,2015-01-08,Western Australia Cricket Association Ground,1,19.6,Brisbane Heat,Perth Scorchers,NJ Reardon,DL Vettori,AJ Tye,0,1,,,1,,,,,,
756773,2014/15,2015-01-08,Western Australia Cricket Association Ground,2,0.1,Perth Scorchers,Brisbane Heat,MS Harris,M Klinger,RM Duffield,0,1,1,,,,,,,,
756773,2014/15,2015-01-08,Western Australia Cricket Association Ground,2,0.2,Perth Scorchers,Brisbane Heat,MS Harris,M Klinger,RM Duffield,0,0,,,,,,,,,
756773,2014/15,2015-01-08,Western Australia Cricket Association Ground,2,0.3,Perth Scorchers,Brisbane Heat,MS Harris,M Klinger,RM Duffield,0,0,,,,,,,,,
756773,2014/15,2015-01-08,Western Australia Cricket Association Ground,2,0.4,Perth Scorchers,Brisbane Heat,MS Harris,M Klinger,RM Duffield,0,0,,,,,,,,,
756773,2014/15,2015-01-08,Western Australia Cricket Association Ground,2,0.5,Perth Scorchers,Brisbane Heat,MS Harris,M Klinger,RM Duffield,4,0,,,,,,,,,
756773,2014/15,2015-01-08,Western Australia Cricket Association Ground,2,0.6,Perth Scorchers,Brisbane Heat,MS Harris,M Klinger,RM Duffield,0,0,,,,,,,,,
756773,2014/15,2015-01-08,Western Australia Cricket Association Ground,2,0.7,Perth Scorchers,Brisbane Heat,MS Harris,M Klinger,RM Duffield,1,0,,,,,,,,,
756773,2014/15,2015-01-08,Western Australia Cricket Association Ground,2,1.1,Perth Scorchers,Brisbane Heat,MS Harris,M Klinger,MT Steketee,0,0,,,,,,,,,
756773,2014/15,2015-01-08,Western Australia Cricket Association Ground,2,1.2,Perth Scorchers,Brisbane Heat,MS Harris,M Klinger,MT Steketee,1,0,,,,,,,,,
756773,2014/15,2015-01-08,Western Australia Cricket Association Ground,2,1.3,Perth Scorchers,Brisbane Heat,M Klinger,MS Harris,MT Steketee,0,0,,,,,,,,,
756773,2014/15,2015-01-08,Western Australia Cricket Association Ground,2,1.4,Perth Scorchers,Brisbane Heat,M Klinger,MS Harris,MT Steketee,4,0,,,,,,,,,
756773,2014/15,2015-01-08,Western Australia Cricket Association Ground,2,1.5,Perth Scorchers,Brisbane Heat,M Klinger,MS Harris,MT Steketee,0,0,,,,,,,,,
756773,2014/15,2015-01-08,Western Australia Cricket Association Ground,2,1.6,Perth Scorchers,Brisbane Heat,M Klinger,MS Harris,MT Steketee,0,0,,,,,,,,,
756773,2014/15,2015-01-08,Western Australia Cricket Association Ground,2,2.1,Perth Scorchers,Brisbane Heat,MS Harris,M Klinger,BCJ Cutting,0,0,,,,,,,,,
756773,2014/15,2015-01-08,Western Australia Cricket Association Ground,2,2.2,Perth Scorchers,Brisbane Heat,MS Harris,M Klinger,BCJ Cutting,0,0,,,,,,caught,MS Harris,,
756773,2014/15,2015-01-08,Western Australia Cricket Association Ground,2,2.3,Perth Scorchers,Brisbane Heat,AC Voges,M Klinger,BCJ Cutting,1,0,,,,,,,,,
756773,2014/15,2015-01-08,Western Australia Cricket Association Ground,2,2.4,Perth Scorchers,Brisbane Heat,M Klinger,AC Voges,BCJ Cutting,0,0,,,,,,,,,
756773,2014/15,2015-01-08,Western Australia Cricket Association Ground,2,2.5,Perth Scorchers,Brisbane Heat,M Klinger,AC Voges,BCJ Cutting,0,0,,,,,,,,,
756773,2014/15,2015-01-08,Western Australia Cricket Association Ground,2,2.6,Perth Scorchers,Brisbane Heat,M Klinger,AC Voges,BCJ Cutting,4,0,,,,,,,,,
756773,2014/15,2015-01-08,Western Australia Cricket Association Ground,2,3.1,Perth Scorchers,Brisbane Heat,AC Voges,M Klinger,DL Vettori,0,0,,,,,,,,,
756773,2014/15,2015-01-08,Western Australia Cricket Association Ground,2,3.2,Perth Scorchers,Brisbane Heat,AC Voges,M Klinger,DL Vettori,0,0,,,,,,,,,
756773,2014/15,2015-01-08,Western Australia Cricket Association Ground,2,3.3,Perth Scorchers,Brisbane Heat,AC Voges,M Klinger,DL Vettori,1,0,,,,,,,,,
756773,2014/15,2015-01-08,Western Australia Cricket Association Ground,2,3.4,Perth Scorchers,Brisbane Heat,M Klinger,AC Voges,DL Vettori,1,0,,,,,,,,,
756773,2014/15,2015-01-08,Western Australia Cricket Association Ground,2,3.5,Perth Scorchers,Brisbane Heat,AC Voges,M Klinger,DL Vettori,0,0,,,,,,,,,
756773,2014/15,2015-01-08,Western Australia Cricket Association Ground,2,3.6,Perth Scorchers,Brisbane Heat,AC Voges,M Klinger,DL Vettori,1,0,,,,,,,,,
756773,2014/15,2015-01-08,Western Australia Cricket Association Ground,2,4.1,Perth Scorchers,Brisbane Heat,AC Voges,M Klinger,RM Duffield,0,0,,,,,,,,,
756773,2014/15,2015-01-08,Western Australia Cricket Association Ground,2,4.2,Perth Scorchers,Brisbane Heat,AC Voges,M Klinger,RM Duffield,1,0,,,,,,,,,
756773,2014/15,2015-01-08,Western Australia Cricket Association Ground,2,4.3,Perth Scorchers,Brisbane Heat,M Klinger,AC Voges,RM Duffield,1,0,,,,,,,,,
756773,2014/15,2015-01-08,Western Australia Cricket Association Ground,2,4.4,Perth Scorchers,Brisbane Heat,AC Voges,M Klinger,RM Duffield,1,0,,,,,,,,,
756773,2014/15,2015-01-08,Western Australia Cricket Association Ground,2,4.5,Perth Scorchers,Brisbane Heat,M Klinger,AC Voges,RM Duffield,0,1,1,,,,,,,,
756773,2014/15,2015-01-08,Western Australia Cricket Association Ground,2,4.6,Perth Scorchers,Brisbane Heat,M Klinger,AC Voges,RM Duffield,0,0,,,,,,,,,
756773,2014/15,2015-01-08,Western Australia Cricket Association Ground,2,4.7,Perth Scorchers,Brisbane Heat,M Klinger,AC Voges,RM Duffield,0,0,,,,,,caught,M Klinger,,
756773,2014/15,2015-01-08,Western Australia Cricket Association Ground,2,5.1,Perth Scorchers,Brisbane Heat,AC Voges,MA Carberry,DL Vettori,1,0,,,,,,,,,
756773,2014/15,2015-01-08,Western Australia Cricket Association Ground,2,5.2,Perth Scorchers,Brisbane Heat,MA Carberry,AC Voges,DL Vettori,0,0,,,,,,,,,
756773,2014/15,2015-01-08,Western Australia Cricket Association Ground,2,5.3,Perth Scorchers,Brisbane Heat,MA Carberry,AC Voges,DL Vettori,2,0,,,,,,,,,
756773,2014/15,2015-01-08,Western Australia Cricket Association Ground,2,5.4,Perth Scorchers,Brisbane Heat,MA Carberry,AC Voges,DL Vettori,1,0,,,,,,,,,
756773,2014/15,2015-01-08,Western Australia Cricket Association Ground,2,5.5,Perth Scorchers,Brisbane Heat,AC Voges,MA Carberry,DL Vettori,0,0,,,,,,,,,
756773,2014/15,2015-01-08,Western Australia Cricket Association Ground,2,5.6,Perth Scorchers,Brisbane Heat,AC Voges,MA Carberry,DL Vettori,1,0,,,,,,,,,
756773,2014/15,2015-01-08,Western Australia Cricket Association Ground,2,6.1,Perth Scorchers,Brisbane Heat,AC Voges,MA Carberry,JR Hopes,4,0,,,,,,,,,
756773,2014/15,2015-01-08,Western Australia Cricket Association Ground,2,6.2,Perth Scorchers,Brisbane Heat,AC Voges,MA Carberry,JR Hopes,1,0,,,,,,,,,
756773,2014/15,2015-01-08,Western Australia Cricket Association Ground,2,6.3,Perth Scorchers,Brisbane Heat,MA Carberry,AC Voges,JR Hopes,0,0,,,,,,,,,
756773,2014/15,2015-01-08,Western Australia Cricket Association Ground,2,6.4,Perth Scorchers,Brisbane Heat,MA Carberry,AC Voges,JR Hopes,1,0,,,,,,,,,
756773,2014/15,2015-01-08,Western Australia Cricket Association Ground,2,6.5,Perth Scorchers,Brisbane Heat,AC Voges,MA Carberry,JR Hopes,1,0,,,,,,,,,
756773,2014/15,2015-01-08,Western Australia Cricket Association Ground,2,6.6,Perth Scorchers,Brisbane Heat,MA Carberry,AC Voges,JR Hopes,0,0,,,,,,,,,
756773,2014/15,2015-01-08,Western Australia Cricket Association Ground,2,7.1,Perth Scorchers,Brisbane Heat,AC Voges,MA Carberry,MT Steketee,0,1,1,,,,,,,,
756773,2014/15,2015-01-08,Western Australia Cricket Association Ground,2,7.2,Perth Scorchers,Brisbane Heat,AC Voges,MA Carberry,MT Steketee,1,0,,,,,,,,,
756773,2014/15,2015-01-08,Western Australia Cricket Association Ground,2,7.3,Perth Scorchers,Brisbane Heat,MA Carberry,AC Voges,MT Steketee,1,0,,,,,,,,,
756773,2014/15,2015-01-08,Western Australia Cricket Association Ground,2,7.4,Perth Scorchers,Brisbane Heat,AC Voges,MA Carberry,MT Steketee,1,0,,,,,,,,,
756773,2014/15,2015-01-08,Western Australia Cricket Association Ground,2,7.5,Perth Scorchers,Brisbane Heat,MA Carberry,AC Voges,MT Steketee,0,0,,,,,,,,,
756773,2014/15,2015-01-08,Western Australia Cricket Association Ground,2,7.6,Perth Scorchers,Brisbane Heat,MA Carberry,AC Voges,MT Steketee,2,0,,,,,,,,,
756773,2014/15,2015-01-08,Western Australia Cricket Association Ground,2,7.7,Perth Scorchers,Brisbane Heat,MA Carberry,AC Voges,MT Steketee,6,0,,,,,,,,,
756773,2014/15,2015-01-08,Western Australia Cricket Association Ground,2,8.1,Perth Scorchers,Brisbane Heat,AC Voges,MA Carberry,BCJ Cutting,2,0,,,,,,,,,
756773,2014/15,2015-01-08,Western Australia Cricket Association Ground,2,8.2,Perth Scorchers,Brisbane Heat,AC Voges,MA Carberry,BCJ Cutting,0,0,,,,,,,,,
756773,2014/15,2015-01-08,Western Australia Cricket Association Ground,2,8.3,Perth Scorchers,Brisbane Heat,AC Voges,MA Carberry,BCJ Cutting,0,0,,,,,,,,,
756773,2014/15,2015-01-08,Western Australia Cricket Association Ground,2,8.4,Perth Scorchers,Brisbane Heat,AC Voges,MA Carberry,BCJ Cutting,1,0,,,,,,,,,
756773,2014/15,2015-01-08,Western Australia Cricket Association Ground,2,8.5,Perth Scorchers,Brisbane Heat,MA Carberry,AC Voges,BCJ Cutting,0,1,,,,1,,,,,
756773,2014/15,2015-01-08,Western Australia Cricket Association Ground,2,8.6,Perth Scorchers,Brisbane Heat,AC Voges,MA Carberry,BCJ Cutting,1,0,,,,,,,,,
756773,2014/15,2015-01-08,Western Australia Cricket Association Ground,2,9.1,Perth Scorchers,Brisbane Heat,AC Voges,MA Carberry,DL Vettori,1,0,,,,,,,,,
756773,2014/15,2015-01-08,Western Australia Cricket Association Ground,2,9.2,Perth Scorchers,Brisbane Heat,MA Carberry,AC Voges,DL Vettori,0,0,,,,,,,,,
756773,2014/15,2015-01-08,Western Australia Cricket Association Ground,2,9.3,Perth Scorchers,Brisbane Heat,MA Carberry,AC Voges,DL Vettori,1,0,,,,,,,,,
756773,2014/15,2015-01-08,Western Australia Cricket Association Ground,2,9.4,Perth Scorchers,Brisbane Heat,AC Voges,MA Carberry,DL Vettori,0,2,,,2,,,,,,
756773,2014/15,2015-01-08,Western Australia Cricket Association Ground,2,9.5,Perth Scorchers,Brisbane Heat,AC Voges,MA Carberry,DL Vettori,1,0,,,,,,,,,
756773,2014/15,2015-01-08,Western Australia Cricket Association Ground,2,9.6,Perth Scorchers,Brisbane Heat,MA Carberry,AC Voges,DL Vettori,4,0,,,,,,,,,
756773,2014/15,2015-01-08,Western Australia Cricket Association Ground,2,10.1,Perth Scorchers,Brisbane Heat,AC Voges,MA Carberry,RM Duffield,0,1,1,,,,,,,,
756773,2014/15,2015-01-08,Western Australia Cricket Association Ground,2,10.2,Perth Scorchers,Brisbane Heat,AC Voges,MA Carberry,RM Duffield,4,0,,,,,,,,,
756773,2014/15,2015-01-08,Western Australia Cricket Association Ground,2,10.3,Perth Scorchers,Brisbane Heat,AC Voges,MA Carberry,RM Duffield,1,0,,,,,,,,,
756773,2014/15,2015-01-08,Western Australia Cricket Association Ground,2,10.4,Perth Scorchers,Brisbane Heat,MA Carberry,AC Voges,RM Duffield,4,0,,,,,,,,,
756773,2014/15,2015-01-08,Western Australia Cricket Association Ground,2,10.5,Perth Scorchers,Brisbane Heat,MA Carberry,AC Voges,RM Duffield,0,0,,,,,,,,,
756773,2014/15,2015-01-08,Western Australia Cricket Association Ground,2,10.6,Perth Scorchers,Brisbane Heat,MA Carberry,AC Voges,RM Duffield,4,0,,,,,,,,,
756773,2014/15,2015-01-08,Western Australia Cricket Association Ground,2,10.7,Perth Scorchers,Brisbane Heat,MA Carberry,AC Voges,RM Duffield,6,0,,,,,,,,,
756773,2014/15,2015-01-08,Western Australia Cricket Association Ground,2,11.1,Perth Scorchers,Brisbane Heat,AC Voges,MA Carberry,JR Hopes,1,0,,,,,,,,,
756773,2014/15,2015-01-08,Western Australia Cricket Association Ground,2,11.2,Perth Scorchers,Brisbane Heat,MA Carberry,AC Voges,JR Hopes,1,0,,,,,,,,,
756773,2014/15,2015-01-08,Western Australia Cricket Association Ground,2,11.3,Perth Scorchers,Brisbane Heat,AC Voges,MA Carberry,JR Hopes,2,0,,,,,,,,,
756773,2014/15,2015-01-08,Western Australia Cricket Association Ground,2,11.4,Perth Scorchers,Brisbane Heat,AC Voges,MA Carberry,JR Hopes,1,0,,,,,,,,,
756773,2014/15,2015-01-08,Western Australia Cricket Association Ground,2,11.5,Perth Scorchers,Brisbane Heat,MA Carberry,AC Voges,JR Hopes,1,0,,,,,,,,,
756773,2014/15,2015-01-08,Western Australia Cricket Association Ground,2,11.6,Perth Scorchers,Brisbane Heat,AC Voges,MA Carberry,JR Hopes,1,0,,,,,,,,,
756773,2014/15,2015-01-08,Western Australia Cricket Association Ground,2,12.1,Perth Scorchers,Brisbane Heat,AC Voges,MA Carberry,A Flintoff,1,0,,,,,,,,,
756773,2014/15,2015-01-08,Western Australia Cricket Association Ground,2,12.2,Perth Scorchers,Brisbane Heat,MA Carberry,AC Voges,A Flintoff,6,0,,,,,,,,,
756773,2014/15,2015-01-08,Western Australia Cricket Association Ground,2,12.3,Perth Scorchers,Brisbane Heat,MA Carberry,AC Voges,A Flintoff,6,0,,,,,,,,,
756773,2014/15,2015-01-08,Western Australia Cricket Association Ground,2,12.4,Perth Scorchers,Brisbane Heat,MA Carberry,AC Voges,A Flintoff,0,0,,,,,,,,,
756773,2014/15,2015-01-08,Western Australia Cricket Association Ground,2,12.5,Perth Scorchers,Brisbane Heat,MA Carberry,AC Voges,A Flintoff,4,0,,,,,,,,,
756773,2014/15,2015-01-08,Western Australia Cricket Association Ground,2,12.6,Perth Scorchers,Brisbane Heat,MA Carberry,AC Voges,A Flintoff,1,0,,,,,,,,,
756773,2014/15,2015-01-08,Western Australia Cricket Association Ground,2,13.1,Perth Scorchers,Brisbane Heat,MA Carberry,AC Voges,DL Vettori,4,0,,,,,,,,,
756773,2014/15,2015-01-08,Western Australia Cricket Association Ground,2,13.2,Perth Scorchers,Brisbane Heat,MA Carberry,AC Voges,DL Vettori,6,0,,,,,,,,,
756773,2014/15,2015-01-08,Western Australia Cricket Association Ground,2,13.3,Perth Scorchers,Brisbane Heat,MA Carberry,AC Voges,DL Vettori,2,0,,,,,,,,,
756773,2014/15,2015-01-08,Western Australia Cricket Association Ground,2,13.4,Perth Scorchers,Brisbane Heat,MA Carberry,AC Voges,DL Vettori,0,1,,,1,,,,,,
756773,2014/15,2015-01-08,Western Australia Cricket Association Ground,2,13.5,Perth Scorchers,Brisbane Heat,AC Voges,MA Carberry,DL Vettori,0,0,,,,,,,,,
756773,2014/15,2015-01-08,Western Australia Cricket Association Ground,2,13.6,Perth Scorchers,Brisbane Heat,AC Voges,MA Carberry,DL Vettori,0,0,,,,,,,,,
756773,2014/15,2015-01-08,Western Australia Cricket Association Ground,2,14.1,Perth Scorchers,Brisbane Heat,MA Carberry,AC Voges,BCJ Cutting,0,0,,,,,,,,,
756773,2014/15,2015-01-08,Western Australia Cricket Association Ground,2,14.2,Perth Scorchers,Brisbane Heat,MA Carberry,AC Voges,BCJ Cutting,0,0,,,,,,,,,
756773,2014/15,2015-01-08,Western Australia Cricket Association Ground,2,14.3,Perth Scorchers,Brisbane Heat,MA Carberry,AC Voges,BCJ Cutting,6,0,,,,,,,,,
756773,2014/15,2015-01-08,Western Australia Cricket Association Ground,2,14.4,Perth Scorchers,Brisbane Heat,MA Carberry,AC Voges,BCJ Cutting,1,0,,,,,,,,,
756773,2014/15,2015-01-08,Western Australia Cricket Association Ground,2,14.5,Perth Scorchers,Brisbane Heat,AC Voges,MA Carberry,BCJ Cutting,1,0,,,,,,,,,
756773,2014/15,2015-01-08,Western Australia Cricket Association Ground,2,14.6,Perth Scorchers,Brisbane Heat,MA Carberry,AC Voges,BCJ Cutting,2,0,,,,,,,,,
756773,2014/15,2015-01-08,Western Australia Cricket Association Ground,2,15.1,Perth Scorchers,Brisbane Heat,AC Voges,MA Carberry,MT Steketee,1,0,,,,,,,,,
756773,2014/15,2015-01-08,Western Australia Cricket Association Ground,2,15.2,Perth Scorchers,Brisbane Heat,MA Carberry,AC Voges,MT Steketee,0,1,1,,,,,,,,
756773,2014/15,2015-01-08,Western Australia Cricket Association Ground,2,15.3,Perth Scorchers,Brisbane Heat,MA Carberry,AC Voges,MT Steketee,0,0,,,,,,,,,
756773,2014/15,2015-01-08,Western Australia Cricket Association Ground,2,15.4,Perth Scorchers,Brisbane Heat,MA Carberry,AC Voges,MT Steketee,1,0,,,,,,,,,
756773,2014/15,2015-01-08,Western Australia Cricket Association Ground,2,15.5,Perth Scorchers,Brisbane Heat,AC Voges,MA Carberry,MT Steketee,1,0,,,,,,,,,
756773,2014/15,2015-01-08,Western Australia Cricket Association Ground,2,15.6,Perth Scorchers,Brisbane Heat,MA Carberry,AC Voges,MT Steketee,4,0,,,,,,,,,
