match_id,season,start_date,venue,innings,ball,batting_team,bowling_team,striker,non_striker,bowler,runs_off_bat,extras,wides,noballs,byes,legbyes,penalty,wicket_type,player_dismissed,other_wicket_type,other_player_dismissed
756757,2014/15,2014-12-31,Adelaide Oval,1,0.1,Hobart Hurricanes,Adelaide Strikers,BR Dunk,AD Hales,KW Richardson,0,0,,,,,,,,,
756757,2014/15,2014-12-31,Adelaide Oval,1,0.2,Hobart Hurricanes,Adelaide Strikers,BR Dunk,AD Hales,KW Richardson,0,0,,,,,,caught,BR Dunk,,
756757,2014/15,2014-12-31,Adelaide Oval,1,0.3,Hobart Hurricanes,Adelaide Strikers,TD Paine,AD Hales,KW Richardson,0,0,,,,,,,,,
756757,2014/15,2014-12-31,Adelaide Oval,1,0.4,Hobart Hurricanes,Adelaide Strikers,TD Paine,AD Hales,KW Richardson,2,0,,,,,,,,,
756757,2014/15,2014-12-31,Adelaide Oval,1,0.5,Hobart Hurricanes,Adelaide Strikers,TD Paine,AD Hales,KW Richardson,0,0,,,,,,,,,
756757,2014/15,2014-12-31,Adelaide Oval,1,0.6,Hobart Hurricanes,Adelaide Strikers,TD Paine,AD Hales,KW Richardson,0,1,,,,1,,,,,
756757,2014/15,2014-12-31,Adelaide Oval,1,1.1,Hobart Hurricanes,Adelaide Strikers,TD Paine,AD Hales,CJ Simmons,2,0,,,,,,,,,
756757,2014/15,2014-12-31,Adelaide Oval,1,1.2,Hobart Hurricanes,Adelaide Strikers,TD Paine,AD Hales,CJ Simmons,1,0,,,,,,,,,
756757,2014/15,2014-12-31,Adelaide Oval,1,1.3,Hobart Hurricanes,Adelaide Strikers,AD Hales,TD Paine,CJ Simmons,0,0,,,,,,,,,
756757,2014/15,2014-12-31,Adelaide Oval,1,1.4,Hobart Hurricanes,Adelaide Strikers,AD Hales,TD Paine,CJ Simmons,0,0,,,,,,,,,
756757,2014/15,2014-12-31,Adelaide Oval,1,1.5,Hobart Hurricanes,Adelaide Strikers,AD Hales,TD Paine,CJ Simmons,1,0,,,,,,,,,
756757,2014/15,2014-12-31,Adelaide Oval,1,1.6,Hobart Hurricanes,Adelaide Strikers,TD Paine,AD Hales,CJ Simmons,0,1,,,1,,,,,,
756757,2014/15,2014-12-31,Adelaide Oval,1,2.1,Hobart Hurricanes,Adelaide Strikers,TD Paine,AD Hales,KW Richardson,1,0,,,,,,,,,
756757,2014/15,2014-12-31,Adelaide Oval,1,2.2,Hobart Hurricanes,Adelaide Strikers,AD Hales,TD Paine,KW Richardson,2,0,,,,,,,,,
756757,2014/15,2014-12-31,Adelaide Oval,1,2.3,Hobart Hurricanes,Adelaide Strikers,AD Hales,TD Paine,KW Richardson,2,0,,,,,,,,,
756757,2014/15,2014-12-31,Adelaide Oval,1,2.4,Hobart Hurricanes,Adelaide Strikers,AD Hales,TD Paine,KW Richardson,1,0,,,,,,,,,
756757,2014/15,2014-12-31,Adelaide Oval,1,2.5,Hobart Hurricanes,Adelaide Strikers,TD Paine,AD Hales,KW Richardson,4,0,,,,,,,,,
756757,2014/15,2014-12-31,Adelaide Oval,1,2.6,Hobart Hurricanes,Adelaide Strikers,TD Paine,AD Hales,KW Richardson,0,0,,,,,,,,,
756757,2014/15,2014-12-31,Adelaide Oval,1,3.1,Hobart Hurricanes,Adelaide Strikers,AD Hales,TD Paine,CJ Simmons,0,0,,,,,,,,,
756757,2014/15,2014-12-31,Adelaide Oval,1,3.2,Hobart Hurricanes,Adelaide Strikers,AD Hales,TD Paine,CJ Simmons,4,0,,,,,,,,,
756757,2014/15,2014-12-31,Adelaide Oval,1,3.3,Hobart Hurricanes,Adelaide Strikers,AD Hales,TD Paine,CJ Simmons,0,0,,,,,,,,,
756757,2014/15,2014-12-31,Adelaide Oval,1,3.4,Hobart Hurricanes,Adelaide Strikers,AD Hales,TD Paine,CJ Simmons,2,0,,,,,,,,,
756757,2014/15,2014-12-31,Adelaide Oval,1,3.5,Hobart Hurricanes,Adelaide Strikers,AD Hales,TD Paine,CJ Simmons,1,0,,,,,,,,,
756757,2014/15,2014-12-31,Adelaide Oval,1,3.6,Hobart Hurricanes,Adelaide Strikers,TD Paine,AD Hales,CJ Simmons,2,0,,,,,,,,,
756757,2014/15,2014-12-31,Adelaide Oval,1,4.1,Hobart Hurricanes,Adelaide Strikers,AD Hales,TD Paine,SW Tait,2,0,,,,,,,,,
756757,2014/15,2014-12-31,Adelaide Oval,1,4.2,Hobart Hurricanes,Adelaide Strikers,AD Hales,TD Paine,SW Tait,2,0,,,,,,,,,
756757,2014/15,2014-12-31,Adelaide Oval,1,4.3,Hobart Hurricanes,Adelaide Strikers,AD Hales,TD Paine,SW Tait,0,0,,,,,,,,,
756757,2014/15,2014-12-31,Adelaide Oval,1,4.4,Hobart Hurricanes,Adelaide Strikers,AD Hales,TD Paine,SW Tait,2,0,,,,,,,,,
756757,2014/15,2014-12-31,Adelaide Oval,1,4.5,Hobart Hurricanes,Adelaide Strikers,AD Hales,TD Paine,SW Tait,6,0,,,,,,,,,
756757,2014/15,2014-12-31,Adelaide Oval,1,4.6,Hobart Hurricanes,Adelaide Strikers,AD Hales,TD Paine,SW Tait,2,0,,,,,,,,,
756757,2014/15,2014-12-31,Adelaide Oval,1,5.1,Hobart Hurricanes,Adelaide Strikers,TD Paine,AD Hales,B Laughlin,0,0,,,,,,,,,
756757,2014/15,2014-12-31,Adelaide Oval,1,5.2,Hobart Hurricanes,Adelaide Strikers,TD Paine,AD Hales,B Laughlin,0,0,,,,,,,,,
756757,2014/15,2014-12-31,Adelaide Oval,1,5.3,Hobart Hurricanes,Adelaide Strikers,TD Paine,AD Hales,B Laughlin,0,0,,,,,,caught,TD Paine,,
756757,2014/15,2014-12-31,Adelaide Oval,1,5.4,Hobart Hurricanes,Adelaide Strikers,GJ Bailey,AD Hales,B Laughlin,1,0,,,,,,,,,
756757,2014/15,2014-12-31,Adelaide Oval,1,5.5,Hobart Hurricanes,Adelaide Strikers,AD Hales,GJ Bailey,B Laughlin,0,0,,,,,,,,,
756757,2014/15,2014-12-31,Adelaide Oval,1,5.6,Hobart Hurricanes,Adelaide Strikers,AD Hales,GJ Bailey,B Laughlin,0,0,,,,,,,,,
756757,2014/15,2014-12-31,Adelaide Oval,1,6.1,Hobart Hurricanes,Adelaide Strikers,GJ Bailey,AD Hales,A Zampa,0,0,,,,,,,,,
756757,2014/15,2014-12-31,Adelaide Oval,1,6.2,Hobart Hurricanes,Adelaide Strikers,GJ Bailey,AD Hales,A Zampa,1,0,,,,,,,,,
756757,2014/15,2014-12-31,Adelaide Oval,1,6.3,Hobart Hurricanes,Adelaide Strikers,AD Hales,GJ Bailey,A Zampa,0,0,,,,,,,,,
756757,2014/15,2014-12-31,Adelaide Oval,1,6.4,Hobart Hurricanes,Adelaide Strikers,AD Hales,GJ Bailey,A Zampa,1,0,,,,,,,,,
756757,2014/15,2014-12-31,Adelaide Oval,1,6.5,Hobart Hurricanes,Adelaide Strikers,GJ Bailey,AD Hales,A Zampa,1,0,,,,,,,,,
756757,2014/15,2014-12-31,Adelaide Oval,1,6.6,Hobart Hurricanes,Adelaide Strikers,AD Hales,GJ Bailey,A Zampa,0,0,,,,,,,,,
756757,2014/15,2014-12-31,Adelaide Oval,1,7.1,Hobart Hurricanes,Adelaide Strikers,GJ Bailey,AD Hales,J Botha,1,0,,,,,,,,,
756757,2014/15,2014-12-31,Adelaide Oval,1,7.2,Hobart Hurricanes,Adelaide Strikers,AD Hales,GJ Bailey,J Botha,1,0,,,,,,,,,
756757,2014/15,2014-12-31,Adelaide Oval,1,7.3,Hobart Hurricanes,Adelaide Strikers,GJ Bailey,AD Hales,J Botha,1,0,,,,,,,,,
756757,2014/15,2014-12-31,Adelaide Oval,1,7.4,Hobart Hurricanes,Adelaide Strikers,AD Hales,GJ Bailey,J Botha,0,0,,,,,,stumped,AD Hales,,
756757,2014/15,2014-12-31,Adelaide Oval,1,7.5,Hobart Hurricanes,Adelaide Strikers,EP Gulbis,GJ Bailey,J Botha,1,0,,,,,,,,,
756757,2014/15,2014-12-31,Adelaide Oval,1,7.6,Hobart Hurricanes,Adelaide Strikers,GJ Bailey,EP Gulbis,J Botha,0,0,,,,,,,,,
756757,2014/15,2014-12-31,Adelaide Oval,1,8.1,Hobart Hurricanes,Adelaide Strikers,EP Gulbis,GJ Bailey,SW Tait,1,0,,,,,,,,,
756757,2014/15,2014-12-31,Adelaide Oval,1,8.2,Hobart Hurricanes,Adelaide Strikers,GJ Bailey,EP Gulbis,SW Tait,1,0,,,,,,,,,
756757,2014/15,2014-12-31,Adelaide Oval,1,8.3,Hobart Hurricanes,Adelaide Strikers,EP Gulbis,GJ Bailey,SW Tait,0,0,,,,,,caught,EP Gulbis,,
756757,2014/15,2014-12-31,Adelaide Oval,1,8.4,Hobart Hurricanes,Adelaide Strikers,JW Wells,GJ Bailey,SW Tait,0,0,,,,,,,,,
756757,2014/15,2014-12-31,Adelaide Oval,1,8.5,Hobart Hurricanes,Adelaide Strikers,JW Wells,GJ Bailey,SW Tait,0,0,,,,,,,,,
756757,2014/15,2014-12-31,Adelaide Oval,1,8.6,Hobart Hurricanes,Adelaide Strikers,JW Wells,GJ Bailey,SW Tait,1,0,,,,,,,,,
756757,2014/15,2014-12-31,Adelaide Oval,1,9.1,Hobart Hurricanes,Adelaide Strikers,JW Wells,GJ Bailey,J Botha,1,0,,,,,,,,,
756757,2014/15,2014-12-31,Adelaide Oval,1,9.2,Hobart Hurricanes,Adelaide Strikers,GJ Bailey,JW Wells,J Botha,2,0,,,,,,,,,
756757,2014/15,2014-12-31,Adelaide Oval,1,9.3,Hobart Hurricanes,Adelaide Strikers,GJ Bailey,JW Wells,J Botha,1,0,,,,,,,,,
756757,2014/15,2014-12-31,Adelaide Oval,1,9.4,Hobart Hurricanes,Adelaide Strikers,JW Wells,GJ Bailey,J Botha,1,0,,,,,,,,,
756757,2014/15,2014-12-31,Adelaide Oval,1,9.5,Hobart Hurricanes,Adelaide Strikers,GJ Bailey,JW Wells,J Botha,1,0,,,,,,,,,
756757,2014/15,2014-12-31,Adelaide Oval,1,9.6,Hobart Hurricanes,Adelaide Strikers,JW Wells,GJ Bailey,J Botha,4,0,,,,,,,,,
756757,2014/15,2014-12-31,Adelaide Oval,1,10.1,Hobart Hurricanes,Adelaide Strikers,GJ Bailey,JW Wells,A Zampa,2,0,,,,,,,,,
756757,2014/15,2014-12-31,Adelaide Oval,1,10.2,Hobart Hurricanes,Adelaide Strikers,GJ Bailey,JW Wells,A Zampa,0,0,,,,,,,,,
756757,2014/15,2014-12-31,Adelaide Oval,1,10.3,Hobart Hurricanes,Adelaide Strikers,GJ Bailey,JW Wells,A Zampa,0,0,,,,,,caught,GJ Bailey,,
756757,2014/15,2014-12-31,Adelaide Oval,1,10.4,Hobart Hurricanes,Adelaide Strikers,JW Wells,DJG Sammy,A Zampa,0,0,,,,,,,,,
756757,2014/15,2014-12-31,Adelaide Oval,1,10.5,Hobart Hurricanes,Adelaide Strikers,JW Wells,DJG Sammy,A Zampa,0,1,1,,,,,,,,
756757,2014/15,2014-12-31,Adelaide Oval,1,10.6,Hobart Hurricanes,Adelaide Strikers,JW Wells,DJG Sammy,A Zampa,0,0,,,,,,,,,
756757,2014/15,2014-12-31,Adelaide Oval,1,10.7,Hobart Hurricanes,Adelaide Strikers,JW Wells,DJG Sammy,A Zampa,1,0,,,,,,,,,
756757,2014/15,2014-12-31,Adelaide Oval,1,11.1,Hobart Hurricanes,Adelaide Strikers,JW Wells,DJG Sammy,CJ Simmons,0,0,,,,,,,,,
756757,2014/15,2014-12-31,Adelaide Oval,1,11.2,Hobart Hurricanes,Adelaide Strikers,JW Wells,DJG Sammy,CJ Simmons,1,0,,,,,,,,,
756757,2014/15,2014-12-31,Adelaide Oval,1,11.3,Hobart Hurricanes,Adelaide Strikers,DJG Sammy,JW Wells,CJ Simmons,1,0,,,,,,,,,
756757,2014/15,2014-12-31,Adelaide Oval,1,11.4,Hobart Hurricanes,Adelaide Strikers,JW Wells,DJG Sammy,CJ Simmons,1,0,,,,,,,,,
756757,2014/15,2014-12-31,Adelaide Oval,1,11.5,Hobart Hurricanes,Adelaide Strikers,DJG Sammy,JW Wells,CJ Simmons,0,0,,,,,,,,,
756757,2014/15,2014-12-31,Adelaide Oval,1,11.6,Hobart Hurricanes,Adelaide Strikers,DJG Sammy,JW Wells,CJ Simmons,0,0,,,,,,,,,
756757,2014/15,2014-12-31,Adelaide Oval,1,12.1,Hobart Hurricanes,Adelaide Strikers,JW Wells,DJG Sammy,SW Tait,0,0,,,,,,,,,
756757,2014/15,2014-12-31,Adelaide Oval,1,12.2,Hobart Hurricanes,Adelaide Strikers,JW Wells,DJG Sammy,SW Tait,1,0,,,,,,,,,
756757,2014/15,2014-12-31,Adelaide Oval,1,12.3,Hobart Hurricanes,Adelaide Strikers,DJG Sammy,JW Wells,SW Tait,0,0,,,,,,bowled,DJG Sammy,,
756757,2014/15,2014-12-31,Adelaide Oval,1,12.4,Hobart Hurricanes,Adelaide Strikers,JM Mennie,JW Wells,SW Tait,0,0,,,,,,,,,
756757,2014/15,2014-12-31,Adelaide Oval,1,12.5,Hobart Hurricanes,Adelaide Strikers,JM Mennie,JW Wells,SW Tait,1,0,,,,,,,,,
756757,2014/15,2014-12-31,Adelaide Oval,1,12.6,Hobart Hurricanes,Adelaide Strikers,JW Wells,JM Mennie,SW Tait,1,0,,,,,,,,,
756757,2014/15,2014-12-31,Adelaide Oval,1,13.1,Hobart Hurricanes,Adelaide Strikers,JW Wells,JM Mennie,A Zampa,1,0,,,,,,,,,
756757,2014/15,2014-12-31,Adelaide Oval,1,13.2,Hobart Hurricanes,Adelaide Strikers,JM Mennie,JW Wells,A Zampa,0,0,,,,,,,,,
756757,2014/15,2014-12-31,Adelaide Oval,1,13.3,Hobart Hurricanes,Adelaide Strikers,JM Mennie,JW Wells,A Zampa,1,0,,,,,,,,,
756757,2014/15,2014-12-31,Adelaide Oval,1,13.4,Hobart Hurricanes,Adelaide Strikers,JW Wells,JM Mennie,A Zampa,1,0,,,,,,,,,
756757,2014/15,2014-12-31,Adelaide Oval,1,13.5,Hobart Hurricanes,Adelaide Strikers,JM Mennie,JW Wells,A Zampa,1,0,,,,,,,,,
756757,2014/15,2014-12-31,Adelaide Oval,1,13.6,Hobart Hurricanes,Adelaide Strikers,JW Wells,JM Mennie,A Zampa,1,0,,,,,,,,,
756757,2014/15,2014-12-31,Adelaide Oval,1,14.1,Hobart Hurricanes,Adelaide Strikers,JW Wells,JM Mennie,SW Tait,0,1,,,,1,,,,,
756757,2014/15,2014-12-31,Adelaide Oval,1,14.2,Hobart Hurricanes,Adelaide Strikers,JM Mennie,JW Wells,SW Tait,0,0,,,,,,lbw,JM Mennie,,
756757,2014/15,2014-12-31,Adelaide Oval,1,14.3,Hobart Hurricanes,Adelaide Strikers,BW Hilfenhaus,JW Wells,SW Tait,0,0,,,,,,,,,
756757,2014/15,2014-12-31,Adelaide Oval,1,14.4,Hobart Hurricanes,Adelaide Strikers,BW Hilfenhaus,JW Wells,SW Tait,0,0,,,,,,,,,
756757,2014/15,2014-12-31,Adelaide Oval,1,14.5,Hobart Hurricanes,Adelaide Strikers,BW Hilfenhaus,JW Wells,SW Tait,1,0,,,,,,,,,
756757,2014/15,2014-12-31,Adelaide Oval,1,14.6,Hobart Hurricanes,Adelaide Strikers,JW Wells,BW Hilfenhaus,SW Tait,1,0,,,,,,,,,
756757,2014/15,2014-12-31,Adelaide Oval,1,15.1,Hobart Hurricanes,Adelaide Strikers,JW Wells,BW Hilfenhaus,A Zampa,2,0,,,,,,,,,
756757,2014/15,2014-12-31,Adelaide Oval,1,15.2,Hobart Hurricanes,Adelaide Strikers,JW Wells,BW Hilfenhaus,A Zampa,2,0,,,,,,,,,
756757,2014/15,2014-12-31,Adelaide Oval,1,15.3,Hobart Hurricanes,Adelaide Strikers,JW Wells,BW Hilfenhaus,A Zampa,1,0,,,,,,,,,
756757,2014/15,2014-12-31,Adelaide Oval,1,15.4,Hobart Hurricanes,Adelaide Strikers,BW Hilfenhaus,JW Wells,A Zampa,0,0,,,,,,,,,
756757,2014/15,2014-12-31,Adelaide Oval,1,15.5,Hobart Hurricanes,Adelaide Strikers,BW Hilfenhaus,JW Wells,A Zampa,2,0,,,,,,,,,
756757,2014/15,2014-12-31,Adelaide Oval,1,15.6,Hobart Hurricanes,Adelaide Strikers,BW Hilfenhaus,JW Wells,A Zampa,0,0,,,,,,,,,
756757,2014/15,2014-12-31,Adelaide Oval,1,16.1,Hobart Hurricanes,Adelaide Strikers,JW Wells,BW Hilfenhaus,B Laughlin,2,0,,,,,,,,,
756757,2014/15,2014-12-31,Adelaide Oval,1,16.2,Hobart Hurricanes,Adelaide Strikers,JW Wells,BW Hilfenhaus,B Laughlin,6,0,,,,,,,,,
756757,2014/15,2014-12-31,Adelaide Oval,1,16.3,Hobart Hurricanes,Adelaide Strikers,JW Wells,BW Hilfenhaus,B Laughlin,1,0,,,,,,,,,
756757,2014/15,2014-12-31,Adelaide Oval,1,16.4,Hobart Hurricanes,Adelaide Strikers,BW Hilfenhaus,JW Wells,B Laughlin,0,1,1,,,,,,,,
756757,2014/15,2014-12-31,Adelaide Oval,1,16.5,Hobart Hurricanes,Adelaide Strikers,BW Hilfenhaus,JW Wells,B Laughlin,2,0,,,,,,,,,
756757,2014/15,2014-12-31,Adelaide Oval,1,16.6,Hobart Hurricanes,Adelaide Strikers,BW Hilfenhaus,JW Wells,B Laughlin,0,0,,,,,,caught,BW Hilfenhaus,,
756757,2014/15,2014-12-31,Adelaide Oval,1,16.7,Hobart Hurricanes,Adelaide Strikers,JW Wells,T van der Gugten,B Laughlin,4,0,,,,,,,,,
756757,2014/15,2014-12-31,Adelaide Oval,1,17.1,Hobart Hurricanes,Adelaide Strikers,T van der Gugten,JW Wells,CJ Simmons,0,0,,,,,,,,,
756757,2014/15,2014-12-31,Adelaide Oval,1,17.2,Hobart Hurricanes,Adelaide Strikers,T van der Gugten,JW Wells,CJ Simmons,1,0,,,,,,,,,
756757,2014/15,2014-12-31,Adelaide Oval,1,17.3,Hobart Hurricanes,Adelaide Strikers,JW Wells,T van der Gugten,CJ Simmons,1,0,,,,,,,,,
756757,2014/15,2014-12-31,Adelaide Oval,1,17.4,Hobart Hurricanes,Adelaide Strikers,T van der Gugten,JW Wells,CJ Simmons,2,0,,,,,,,,,
756757,2014/15,2014-12-31,Adelaide Oval,1,17.5,Hobart Hurricanes,Adelaide Strikers,T van der Gugten,JW Wells,CJ Simmons,0,0,,,,,,,,,
756757,2014/15,2014-12-31,Adelaide Oval,1,17.6,Hobart Hurricanes,Adelaide Strikers,T van der Gugten,JW Wells,CJ Simmons,1,0,,,,,,,,,
756757,2014/15,2014-12-31,Adelaide Oval,1,18.1,Hobart Hurricanes,Adelaide Strikers,T van der Gugten,JW Wells,B Laughlin,1,0,,,,,,,,,
756757,2014/15,2014-12-31,Adelaide Oval,1,18.2,Hobart Hurricanes,Adelaide Strikers,JW Wells,T van der Gugten,B Laughlin,2,0,,,,,,,,,
756757,2014/15,2014-12-31,Adelaide Oval,1,18.3,Hobart Hurricanes,Adelaide Strikers,JW Wells,T van der Gugten,B Laughlin,0,0,,,,,,,,,
756757,2014/15,2014-12-31,Adelaide Oval,1,18.4,Hobart Hurricanes,Adelaide Strikers,JW Wells,T van der Gugten,B Laughlin,1,0,,,,,,,,,
756757,2014/15,2014-12-31,Adelaide Oval,1,18.5,Hobart Hurricanes,Adelaide Strikers,T van der Gugten,JW Wells,B Laughlin,1,0,,,,,,,,,
756757,2014/15,2014-12-31,Adelaide Oval,1,18.6,Hobart Hurricanes,Adelaide Strikers,JW Wells,T van der Gugten,B Laughlin,4,0,,,,,,,,,
756757,2014/15,2014-12-31,Adelaide Oval,1,19.1,Hobart Hurricanes,Adelaide Strikers,T van der Gugten,JW Wells,J Botha,2,0,,,,,,,,,
756757,2014/15,2014-12-31,Adelaide Oval,1,19.2,Hobart Hurricanes,Adelaide Strikers,T van der Gugten,JW Wells,J Botha,1,0,,,,,,,,,
756757,2014/15,2014-12-31,Adelaide Oval,1,19.3,Hobart Hurricanes,Adelaide Strikers,JW Wells,T van der Gugten,J Botha,4,0,,,,,,,,,
756757,2014/15,2014-12-31,Adelaide Oval,1,19.4,Hobart Hurricanes,Adelaide Strikers,JW Wells,T van der Gugten,J Botha,2,0,,,,,,,,,
756757,2014/15,2014-12-31,Adelaide Oval,1,19.5,Hobart Hurricanes,Adelaide Strikers,JW Wells,T van der Gugten,J Botha,6,0,,,,,,,,,
756757,2014/15,2014-12-31,Adelaide Oval,1,19.6,Hobart Hurricanes,Adelaide Strikers,JW Wells,T van der Gugten,J Botha,4,0,,,,,,,,,
756757,2014/15,2014-12-31,Adelaide Oval,2,0.1,Adelaide Strikers,Hobart Hurricanes,TP Ludeman,CJ Simmons,T van der Gugten,0,0,,,,,,,,,
756757,2014/15,2014-12-31,Adelaide Oval,2,0.2,Adelaide Strikers,Hobart Hurricanes,TP Ludeman,CJ Simmons,T van der Gugten,0,0,,,,,,,,,
756757,2014/15,2014-12-31,Adelaide Oval,2,0.3,Adelaide Strikers,Hobart Hurricanes,TP Ludeman,CJ Simmons,T van der Gugten,0,0,,,,,,,,,
756757,2014/15,2014-12-31,Adelaide Oval,2,0.4,Adelaide Strikers,Hobart Hurricanes,TP Ludeman,CJ Simmons,T van der Gugten,4,0,,,,,,,,,
756757,2014/15,2014-12-31,Adelaide Oval,2,0.5,Adelaide Strikers,Hobart Hurricanes,TP Ludeman,CJ Simmons,T van der Gugten,0,0,,,,,,,,,
756757,2014/15,2014-12-31,Adelaide Oval,2,0.6,Adelaide Strikers,Hobart Hurricanes,TP Ludeman,CJ Simmons,T van der Gugten,0,0,,,,,,,,,
756757,2014/15,2014-12-31,Adelaide Oval,2,1.1,Adelaide Strikers,Hobart Hurricanes,CJ Simmons,TP Ludeman,JM Mennie,0,0,,,,,,,,,
756757,2014/15,2014-12-31,Adelaide Oval,2,1.2,Adelaide Strikers,Hobart Hurricanes,CJ Simmons,TP Ludeman,JM Mennie,0,0,,,,,,,,,
756757,2014/15,2014-12-31,Adelaide Oval,2,1.3,Adelaide Strikers,Hobart Hurricanes,CJ Simmons,TP Ludeman,JM Mennie,0,0,,,,,,,,,
756757,2014/15,2014-12-31,Adelaide Oval,2,1.4,Adelaide Strikers,Hobart Hurricanes,CJ Simmons,TP Ludeman,JM Mennie,0,0,,,,,,,,,
756757,2014/15,2014-12-31,Adelaide Oval,2,1.5,Adelaide Strikers,Hobart Hurricanes,CJ Simmons,TP Ludeman,JM Mennie,1,0,,,,,,,,,
756757,2014/15,2014-12-31,Adelaide Oval,2,1.6,Adelaide Strikers,Hobart Hurricanes,TP Ludeman,CJ Simmons,JM Mennie,4,0,,,,,,,,,
756757,2014/15,2014-12-31,Adelaide Oval,2,2.1,Adelaide Strikers,Hobart Hurricanes,CJ Simmons,TP Ludeman,T van der Gugten,4,0,,,,,,,,,
756757,2014/15,2014-12-31,Adelaide Oval,2,2.2,Adelaide Strikers,Hobart Hurricanes,CJ Simmons,TP Ludeman,T van der Gugten,2,0,,,,,,,,,
756757,2014/15,2014-12-31,Adelaide Oval,2,2.3,Adelaide Strikers,Hobart Hurricanes,CJ Simmons,TP Ludeman,T van der Gugten,1,0,,,,,,,,,
756757,2014/15,2014-12-31,Adelaide Oval,2,2.4,Adelaide Strikers,Hobart Hurricanes,TP Ludeman,CJ Simmons,T van der Gugten,0,1,,,,1,,,,,
756757,2014/15,2014-12-31,Adelaide Oval,2,2.5,Adelaide Strikers,Hobart Hurricanes,CJ Simmons,TP Ludeman,T van der Gugten,6,0,,,,,,,,,
756757,2014/15,2014-12-31,Adelaide Oval,2,2.6,Adelaide Strikers,Hobart Hurricanes,CJ Simmons,TP Ludeman,T van der Gugten,0,0,,,,,,,,,
756757,2014/15,2014-12-31,Adelaide Oval,2,3.1,Adelaide Strikers,Hobart Hurricanes,TP Ludeman,CJ Simmons,JM Mennie,4,0,,,,,,,,,
756757,2014/15,2014-12-31,Adelaide Oval,2,3.2,Adelaide Strikers,Hobart Hurricanes,TP Ludeman,CJ Simmons,JM Mennie,1,0,,,,,,,,,
756757,2014/15,2014-12-31,Adelaide Oval,2,3.3,Adelaide Strikers,Hobart Hurricanes,CJ Simmons,TP Ludeman,JM Mennie,0,0,,,,,,,,,
756757,2014/15,2014-12-31,Adelaide Oval,2,3.4,Adelaide Strikers,Hobart Hurricanes,CJ Simmons,TP Ludeman,JM Mennie,4,0,,,,,,,,,
756757,2014/15,2014-12-31,Adelaide Oval,2,3.5,Adelaide Strikers,Hobart Hurricanes,CJ Simmons,TP Ludeman,JM Mennie,4,0,,,,,,,,,
756757,2014/15,2014-12-31,Adelaide Oval,2,3.6,Adelaide Strikers,Hobart Hurricanes,CJ Simmons,TP Ludeman,JM Mennie,0,0,,,,,,,,,
756757,2014/15,2014-12-31,Adelaide Oval,2,4.1,Adelaide Strikers,Hobart Hurricanes,TP Ludeman,CJ Simmons,DJG Sammy,1,0,,,,,,,,,
756757,2014/15,2014-12-31,Adelaide Oval,2,4.2,Adelaide Strikers,Hobart Hurricanes,CJ Simmons,TP Ludeman,DJG Sammy,0,0,,,,,,,,,
756757,2014/15,2014-12-31,Adelaide Oval,2,4.3,Adelaide Strikers,Hobart Hurricanes,CJ Simmons,TP Ludeman,DJG Sammy,0,0,,,,,,,,,
756757,2014/15,2014-12-31,Adelaide Oval,2,4.4,Adelaide Strikers,Hobart Hurricanes,CJ Simmons,TP Ludeman,DJG Sammy,0,0,,,,,,caught,CJ Simmons,,
756757,2014/15,2014-12-31,Adelaide Oval,2,4.5,Adelaide Strikers,Hobart Hurricanes,JR Dean,TP Ludeman,DJG Sammy,0,0,,,,,,,,,
756757,2014/15,2014-12-31,Adelaide Oval,2,4.6,Adelaide Strikers,Hobart Hurricanes,JR Dean,TP Ludeman,DJG Sammy,1,0,,,,,,,,,
756757,2014/15,2014-12-31,Adelaide Oval,2,5.1,Adelaide Strikers,Hobart Hurricanes,JR Dean,TP Ludeman,BW Hilfenhaus,1,0,,,,,,,,,
756757,2014/15,2014-12-31,Adelaide Oval,2,5.2,Adelaide Strikers,Hobart Hurricanes,TP Ludeman,JR Dean,BW Hilfenhaus,0,0,,,,,,,,,
756757,2014/15,2014-12-31,Adelaide Oval,2,5.3,Adelaide Strikers,Hobart Hurricanes,TP Ludeman,JR Dean,BW Hilfenhaus,6,0,,,,,,,,,
756757,2014/15,2014-12-31,Adelaide Oval,2,5.4,Adelaide Strikers,Hobart Hurricanes,TP Ludeman,JR Dean,BW Hilfenhaus,0,0,,,,,,,,,
756757,2014/15,2014-12-31,Adelaide Oval,2,5.5,Adelaide Strikers,Hobart Hurricanes,TP Ludeman,JR Dean,BW Hilfenhaus,6,0,,,,,,,,,
756757,2014/15,2014-12-31,Adelaide Oval,2,5.6,Adelaide Strikers,Hobart Hurricanes,TP Ludeman,JR Dean,BW Hilfenhaus,6,0,,,,,,,,,
756757,2014/15,2014-12-31,Adelaide Oval,2,6.1,Adelaide Strikers,Hobart Hurricanes,JR Dean,TP Ludeman,CJ Boyce,0,0,,,,,,,,,
756757,2014/15,2014-12-31,Adelaide Oval,2,6.2,Adelaide Strikers,Hobart Hurricanes,JR Dean,TP Ludeman,CJ Boyce,1,0,,,,,,,,,
756757,2014/15,2014-12-31,Adelaide Oval,2,6.3,Adelaide Strikers,Hobart Hurricanes,TP Ludeman,JR Dean,CJ Boyce,1,0,,,,,,,,,
756757,2014/15,2014-12-31,Adelaide Oval,2,6.4,Adelaide Strikers,Hobart Hurricanes,JR Dean,TP Ludeman,CJ Boyce,0,0,,,,,,,,,
756757,2014/15,2014-12-31,Adelaide Oval,2,6.5,Adelaide Strikers,Hobart Hurricanes,JR Dean,TP Ludeman,CJ Boyce,0,0,,,,,,,,,
756757,2014/15,2014-12-31,Adelaide Oval,2,6.6,Adelaide Strikers,Hobart Hurricanes,JR Dean,TP Ludeman,CJ Boyce,1,0,,,,,,,,,
756757,2014/15,2014-12-31,Adelaide Oval,2,7.1,Adelaide Strikers,Hobart Hurricanes,JR Dean,TP Ludeman,T van der Gugten,1,0,,,,,,,,,
756757,2014/15,2014-12-31,Adelaide Oval,2,7.2,Adelaide Strikers,Hobart Hurricanes,TP Ludeman,JR Dean,T van der Gugten,4,0,,,,,,,,,
756757,2014/15,2014-12-31,Adelaide Oval,2,7.3,Adelaide Strikers,Hobart Hurricanes,TP Ludeman,JR Dean,T van der Gugten,2,0,,,,,,,,,
756757,2014/15,2014-12-31,Adelaide Oval,2,7.4,Adelaide Strikers,Hobart Hurricanes,TP Ludeman,JR Dean,T van der Gugten,1,0,,,,,,,,,
756757,2014/15,2014-12-31,Adelaide Oval,2,7.5,Adelaide Strikers,Hobart Hurricanes,JR Dean,TP Ludeman,T van der Gugten,1,0,,,,,,,,,
756757,2014/15,2014-12-31,Adelaide Oval,2,7.6,Adelaide Strikers,Hobart Hurricanes,TP Ludeman,JR Dean,T van der Gugten,6,0,,,,,,,,,
756757,2014/15,2014-12-31,Adelaide Oval,2,8.1,Adelaide Strikers,Hobart Hurricanes,JR Dean,TP Ludeman,DJG Sammy,0,0,,,,,,,,,
756757,2014/15,2014-12-31,Adelaide Oval,2,8.2,Adelaide Strikers,Hobart Hurricanes,JR Dean,TP Ludeman,DJG Sammy,0,0,,,,,,,,,
756757,2014/15,2014-12-31,Adelaide Oval,2,8.3,Adelaide Strikers,Hobart Hurricanes,JR Dean,TP Ludeman,DJG Sammy,0,0,,,,,,,,,
756757,2014/15,2014-12-31,Adelaide Oval,2,8.4,Adelaide Strikers,Hobart Hurricanes,JR Dean,TP Ludeman,DJG Sammy,3,0,,,,,,,,,
756757,2014/15,2014-12-31,Adelaide Oval,2,8.5,Adelaide Strikers,Hobart Hurricanes,TP Ludeman,JR Dean,DJG Sammy,2,0,,,,,,,,,
756757,2014/15,2014-12-31,Adelaide Oval,2,8.6,Adelaide Strikers,Hobart Hurricanes,TP Ludeman,JR Dean,DJG Sammy,0,0,,,,,,,,,
756757,2014/15,2014-12-31,Adelaide Oval,2,9.1,Adelaide Strikers,Hobart Hurricanes,JR Dean,TP Ludeman,CJ Boyce,1,0,,,,,,,,,
756757,2014/15,2014-12-31,Adelaide Oval,2,9.2,Adelaide Strikers,Hobart Hurricanes,TP Ludeman,JR Dean,CJ Boyce,1,0,,,,,,,,,
756757,2014/15,2014-12-31,Adelaide Oval,2,9.3,Adelaide Strikers,Hobart Hurricanes,JR Dean,TP Ludeman,CJ Boyce,6,0,,,,,,,,,
756757,2014/15,2014-12-31,Adelaide Oval,2,9.4,Adelaide Strikers,Hobart Hurricanes,JR Dean,TP Ludeman,CJ Boyce,0,0,,,,,,,,,
756757,2014/15,2014-12-31,Adelaide Oval,2,9.5,Adelaide Strikers,Hobart Hurricanes,JR Dean,TP Ludeman,CJ Boyce,0,0,,,,,,,,,
756757,2014/15,2014-12-31,Adelaide Oval,2,9.6,Adelaide Strikers,Hobart Hurricanes,JR Dean,TP Ludeman,CJ Boyce,1,0,,,,,,,,,
756757,2014/15,2014-12-31,Adelaide Oval,2,10.1,Adelaide Strikers,Hobart Hurricanes,JR Dean,TP Ludeman,DJG Sammy,0,0,,,,,,,,,
756757,2014/15,2014-12-31,Adelaide Oval,2,10.2,Adelaide Strikers,Hobart Hurricanes,JR Dean,TP Ludeman,DJG Sammy,1,0,,,,,,,,,
756757,2014/15,2014-12-31,Adelaide Oval,2,10.3,Adelaide Strikers,Hobart Hurricanes,TP Ludeman,JR Dean,DJG Sammy,0,0,,,,,,,,,
756757,2014/15,2014-12-31,Adelaide Oval,2,10.4,Adelaide Strikers,Hobart Hurricanes,TP Ludeman,JR Dean,DJG Sammy,2,0,,,,,,,,,
756757,2014/15,2014-12-31,Adelaide Oval,2,10.5,Adelaide Strikers,Hobart Hurricanes,TP Ludeman,JR Dean,DJG Sammy,0,0,,,,,,,,,
756757,2014/15,2014-12-31,Adelaide Oval,2,10.6,Adelaide Strikers,Hobart Hurricanes,TP Ludeman,JR Dean,DJG Sammy,0,0,,,,,,,,,
756757,2014/15,2014-12-31,Adelaide Oval,2,11.1,Adelaide Strikers,Hobart Hurricanes,JR Dean,TP Ludeman,CJ Boyce,0,0,,,,,,,,,
756757,2014/15,2014-12-31,Adelaide Oval,2,11.2,Adelaide Strikers,Hobart Hurricanes,JR Dean,TP Ludeman,CJ Boyce,6,0,,,,,,,,,
756757,2014/15,2014-12-31,Adelaide Oval,2,11.3,Adelaide Strikers,Hobart Hurricanes,JR Dean,TP Ludeman,CJ Boyce,1,0,,,,,,,,,
756757,2014/15,2014-12-31,Adelaide Oval,2,11.4,Adelaide Strikers,Hobart Hurricanes,TP Ludeman,JR Dean,CJ Boyce,0,0,,,,,,,,,
756757,2014/15,2014-12-31,Adelaide Oval,2,11.5,Adelaide Strikers,Hobart Hurricanes,TP Ludeman,JR Dean,CJ Boyce,1,0,,,,,,,,,
756757,2014/15,2014-12-31,Adelaide Oval,2,11.6,Adelaide Strikers,Hobart Hurricanes,JR Dean,TP Ludeman,CJ Boyce,0,0,,,,,,,,,
756757,2014/15,2014-12-31,Adelaide Oval,2,12.1,Adelaide Strikers,Hobart Hurricanes,TP Ludeman,JR Dean,EP Gulbis,1,0,,,,,,,,,
756757,2014/15,2014-12-31,Adelaide Oval,2,12.2,Adelaide Strikers,Hobart Hurricanes,JR Dean,TP Ludeman,EP Gulbis,0,0,,,,,,,,,
756757,2014/15,2014-12-31,Adelaide Oval,2,12.3,Adelaide Strikers,Hobart Hurricanes,JR Dean,TP Ludeman,EP Gulbis,0,0,,,,,,,,,
756757,2014/15,2014-12-31,Adelaide Oval,2,12.4,Adelaide Strikers,Hobart Hurricanes,JR Dean,TP Ludeman,EP Gulbis,0,1,1,,,,,,,,
756757,2014/15,2014-12-31,Adelaide Oval,2,12.5,Adelaide Strikers,Hobart Hurricanes,JR Dean,TP Ludeman,EP Gulbis,1,0,,,,,,,,,
756757,2014/15,2014-12-31,Adelaide Oval,2,12.6,Adelaide Strikers,Hobart Hurricanes,TP Ludeman,JR Dean,EP Gulbis,1,0,,,,,,,,,
756757,2014/15,2014-12-31,Adelaide Oval,2,12.7,Adelaide Strikers,Hobart Hurricanes,JR Dean,TP Ludeman,EP Gulbis,0,1,,,,1,,,,,
756757,2014/15,2014-12-31,Adelaide Oval,2,13.1,Adelaide Strikers,Hobart Hurricanes,JR Dean,TP Ludeman,CJ Boyce,6,0,,,,,,,,,
756757,2014/15,2014-12-31,Adelaide Oval,2,13.2,Adelaide Strikers,Hobart Hurricanes,JR Dean,TP Ludeman,CJ Boyce,0,1,,,,1,,,,,
756757,2014/15,2014-12-31,Adelaide Oval,2,13.3,Adelaide Strikers,Hobart Hurricanes,TP Ludeman,JR Dean,CJ Boyce,0,0,,,,,,caught,TP Ludeman,,
756757,2014/15,2014-12-31,Adelaide Oval,2,13.4,Adelaide Strikers,Hobart Hurricanes,JR Dean,KA Pollard,CJ Boyce,4,0,,,,,,,,,
756757,2014/15,2014-12-31,Adelaide Oval,2,13.5,Adelaide Strikers,Hobart Hurricanes,JR Dean,KA Pollard,CJ Boyce,6,0,,,,,,,,,
756757,2014/15,2014-12-31,Adelaide Oval,2,13.6,Adelaide Strikers,Hobart Hurricanes,JR Dean,KA Pollard,CJ Boyce,6,0,,,,,,,,,
756757,2014/15,2014-12-31,Adelaide Oval,2,14.1,Adelaide Strikers,Hobart Hurricanes,KA Pollard,JR Dean,BW Hilfenhaus,6,0,,,,,,,,,
756757,2014/15,2014-12-31,Adelaide Oval,2,14.2,Adelaide Strikers,Hobart Hurricanes,KA Pollard,JR Dean,BW Hilfenhaus,1,0,,,,,,,,,
756757,2014/15,2014-12-31,Adelaide Oval,2,14.3,Adelaide Strikers,Hobart Hurricanes,JR Dean,KA Pollard,BW Hilfenhaus,6,0,,,,,,,,,
