match_id,season,start_date,venue,innings,ball,batting_team,bowling_team,striker,non_striker,bowler,runs_off_bat,extras,wides,noballs,byes,legbyes,penalty,wicket_type,player_dismissed,other_wicket_type,other_player_dismissed
756745,2014/15,2014-12-23,Bellerive Oval,1,0.1,Hobart Hurricanes,Sydney Sixers,BR Dunk,AD Hales,B Lee,1,0,,,,,,,,,
756745,2014/15,2014-12-23,Bellerive Oval,1,0.2,Hobart Hurricanes,Sydney Sixers,AD Hales,BR Dunk,B Lee,0,0,,,,,,,,,
756745,2014/15,2014-12-23,Bellerive Oval,1,0.3,Hobart Hurricanes,Sydney Sixers,AD Hales,BR Dunk,B Lee,0,0,,,,,,,,,
756745,2014/15,2014-12-23,Bellerive Oval,1,0.4,Hobart Hurricanes,Sydney Sixers,AD Hales,BR Dunk,B Lee,1,0,,,,,,,,,
756745,2014/15,2014-12-23,Bellerive Oval,1,0.5,Hobart Hurricanes,Sydney Sixers,BR Dunk,AD Hales,B Lee,1,0,,,,,,,,,
756745,2014/15,2014-12-23,Bellerive Oval,1,0.6,Hobart Hurricanes,Sydney Sixers,AD Hales,BR Dunk,B Lee,0,0,,,,,,caught,AD Hales,,
756745,2014/15,2014-12-23,Bellerive Oval,1,1.1,Hobart Hurricanes,Sydney Sixers,TD Paine,BR Dunk,DE Bollinger,0,0,,,,,,,,,
756745,2014/15,2014-12-23,Bellerive Oval,1,1.2,Hobart Hurricanes,Sydney Sixers,TD Paine,BR Dunk,DE Bollinger,0,0,,,,,,,,,
756745,2014/15,2014-12-23,Bellerive Oval,1,1.3,Hobart Hurricanes,Sydney Sixers,TD Paine,BR Dunk,DE Bollinger,4,0,,,,,,,,,
756745,2014/15,2014-12-23,Bellerive Oval,1,1.4,Hobart Hurricanes,Sydney Sixers,TD Paine,BR Dunk,DE Bollinger,0,0,,,,,,,,,
756745,2014/15,2014-12-23,Bellerive Oval,1,1.5,Hobart Hurricanes,Sydney Sixers,TD Paine,BR Dunk,DE Bollinger,0,0,,,,,,,,,
756745,2014/15,2014-12-23,Bellerive Oval,1,1.6,Hobart Hurricanes,Sydney Sixers,TD Paine,BR Dunk,DE Bollinger,0,0,,,,,,,,,
756745,2014/15,2014-12-23,Bellerive Oval,1,2.1,Hobart Hurricanes,Sydney Sixers,BR Dunk,TD Paine,B Lee,0,0,,,,,,,,,
756745,2014/15,2014-12-23,Bellerive Oval,1,2.2,Hobart Hurricanes,Sydney Sixers,BR Dunk,TD Paine,B Lee,2,0,,,,,,,,,
756745,2014/15,2014-12-23,Bellerive Oval,1,2.3,Hobart Hurricanes,Sydney Sixers,BR Dunk,TD Paine,B Lee,1,0,,,,,,,,,
756745,2014/15,2014-12-23,Bellerive Oval,1,2.4,Hobart Hurricanes,Sydney Sixers,TD Paine,BR Dunk,B Lee,3,0,,,,,,,,,
756745,2014/15,2014-12-23,Bellerive Oval,1,2.5,Hobart Hurricanes,Sydney Sixers,BR Dunk,TD Paine,B Lee,0,1,,,,1,,,,,
756745,2014/15,2014-12-23,Bellerive Oval,1,2.6,Hobart Hurricanes,Sydney Sixers,TD Paine,BR Dunk,B Lee,4,0,,,,,,,,,
756745,2014/15,2014-12-23,Bellerive Oval,1,3.1,Hobart Hurricanes,Sydney Sixers,BR Dunk,TD Paine,SA Abbott,1,0,,,,,,,,,
756745,2014/15,2014-12-23,Bellerive Oval,1,3.2,Hobart Hurricanes,Sydney Sixers,TD Paine,BR Dunk,SA Abbott,0,0,,,,,,,,,
756745,2014/15,2014-12-23,Bellerive Oval,1,3.3,Hobart Hurricanes,Sydney Sixers,TD Paine,BR Dunk,SA Abbott,2,0,,,,,,,,,
756745,2014/15,2014-12-23,Bellerive Oval,1,3.4,Hobart Hurricanes,Sydney Sixers,TD Paine,BR Dunk,SA Abbott,0,0,,,,,,,,,
756745,2014/15,2014-12-23,Bellerive Oval,1,3.5,Hobart Hurricanes,Sydney Sixers,TD Paine,BR Dunk,SA Abbott,0,0,,,,,,,,,
756745,2014/15,2014-12-23,Bellerive Oval,1,3.6,Hobart Hurricanes,Sydney Sixers,TD Paine,BR Dunk,SA Abbott,4,0,,,,,,,,,
756745,2014/15,2014-12-23,Bellerive Oval,1,4.1,Hobart Hurricanes,Sydney Sixers,BR Dunk,TD Paine,BJ Dwarshuis,4,0,,,,,,,,,
756745,2014/15,2014-12-23,Bellerive Oval,1,4.2,Hobart Hurricanes,Sydney Sixers,BR Dunk,TD Paine,BJ Dwarshuis,4,0,,,,,,,,,
756745,2014/15,2014-12-23,Bellerive Oval,1,4.3,Hobart Hurricanes,Sydney Sixers,BR Dunk,TD Paine,BJ Dwarshuis,0,0,,,,,,,,,
756745,2014/15,2014-12-23,Bellerive Oval,1,4.4,Hobart Hurricanes,Sydney Sixers,BR Dunk,TD Paine,BJ Dwarshuis,4,0,,,,,,,,,
756745,2014/15,2014-12-23,Bellerive Oval,1,4.5,Hobart Hurricanes,Sydney Sixers,BR Dunk,TD Paine,BJ Dwarshuis,1,0,,,,,,,,,
756745,2014/15,2014-12-23,Bellerive Oval,1,4.6,Hobart Hurricanes,Sydney Sixers,TD Paine,BR Dunk,BJ Dwarshuis,4,0,,,,,,,,,
756745,2014/15,2014-12-23,Bellerive Oval,1,5.1,Hobart Hurricanes,Sydney Sixers,BR Dunk,TD Paine,SA Abbott,0,0,,,,,,,,,
756745,2014/15,2014-12-23,Bellerive Oval,1,5.2,Hobart Hurricanes,Sydney Sixers,BR Dunk,TD Paine,SA Abbott,0,0,,,,,,,,,
756745,2014/15,2014-12-23,Bellerive Oval,1,5.3,Hobart Hurricanes,Sydney Sixers,BR Dunk,TD Paine,SA Abbott,1,0,,,,,,,,,
756745,2014/15,2014-12-23,Bellerive Oval,1,5.4,Hobart Hurricanes,Sydney Sixers,TD Paine,BR Dunk,SA Abbott,4,0,,,,,,,,,
756745,2014/15,2014-12-23,Bellerive Oval,1,5.5,Hobart Hurricanes,Sydney Sixers,TD Paine,BR Dunk,SA Abbott,1,0,,,,,,,,,
756745,2014/15,2014-12-23,Bellerive Oval,1,5.6,Hobart Hurricanes,Sydney Sixers,BR Dunk,TD Paine,SA Abbott,1,0,,,,,,,,,
756745,2014/15,2014-12-23,Bellerive Oval,1,6.1,Hobart Hurricanes,Sydney Sixers,BR Dunk,TD Paine,MC Henriques,2,0,,,,,,,,,
756745,2014/15,2014-12-23,Bellerive Oval,1,6.2,Hobart Hurricanes,Sydney Sixers,BR Dunk,TD Paine,MC Henriques,0,0,,,,,,caught,BR Dunk,,
756745,2014/15,2014-12-23,Bellerive Oval,1,6.3,Hobart Hurricanes,Sydney Sixers,TD Paine,GJ Bailey,MC Henriques,0,0,,,,,,,,,
756745,2014/15,2014-12-23,Bellerive Oval,1,6.4,Hobart Hurricanes,Sydney Sixers,TD Paine,GJ Bailey,MC Henriques,1,0,,,,,,,,,
756745,2014/15,2014-12-23,Bellerive Oval,1,6.5,Hobart Hurricanes,Sydney Sixers,GJ Bailey,TD Paine,MC Henriques,0,0,,,,,,,,,
756745,2014/15,2014-12-23,Bellerive Oval,1,6.6,Hobart Hurricanes,Sydney Sixers,GJ Bailey,TD Paine,MC Henriques,1,0,,,,,,,,,
756745,2014/15,2014-12-23,Bellerive Oval,1,7.1,Hobart Hurricanes,Sydney Sixers,GJ Bailey,TD Paine,DE Bollinger,1,0,,,,,,,,,
756745,2014/15,2014-12-23,Bellerive Oval,1,7.2,Hobart Hurricanes,Sydney Sixers,TD Paine,GJ Bailey,DE Bollinger,1,0,,,,,,,,,
756745,2014/15,2014-12-23,Bellerive Oval,1,7.3,Hobart Hurricanes,Sydney Sixers,GJ Bailey,TD Paine,DE Bollinger,1,0,,,,,,,,,
756745,2014/15,2014-12-23,Bellerive Oval,1,7.4,Hobart Hurricanes,Sydney Sixers,TD Paine,GJ Bailey,DE Bollinger,0,0,,,,,,,,,
756745,2014/15,2014-12-23,Bellerive Oval,1,7.5,Hobart Hurricanes,Sydney Sixers,TD Paine,GJ Bailey,DE Bollinger,1,0,,,,,,,,,
756745,2014/15,2014-12-23,Bellerive Oval,1,7.6,Hobart Hurricanes,Sydney Sixers,GJ Bailey,TD Paine,DE Bollinger,1,0,,,,,,,,,
756745,2014/15,2014-12-23,Bellerive Oval,1,8.1,Hobart Hurricanes,Sydney Sixers,GJ Bailey,TD Paine,MC Henriques,1,0,,,,,,,,,
756745,2014/15,2014-12-23,Bellerive Oval,1,8.2,Hobart Hurricanes,Sydney Sixers,TD Paine,GJ Bailey,MC Henriques,1,0,,,,,,,,,
756745,2014/15,2014-12-23,Bellerive Oval,1,8.3,Hobart Hurricanes,Sydney Sixers,GJ Bailey,TD Paine,MC Henriques,1,0,,,,,,,,,
756745,2014/15,2014-12-23,Bellerive Oval,1,8.4,Hobart Hurricanes,Sydney Sixers,TD Paine,GJ Bailey,MC Henriques,1,0,,,,,,,,,
756745,2014/15,2014-12-23,Bellerive Oval,1,8.5,Hobart Hurricanes,Sydney Sixers,GJ Bailey,TD Paine,MC Henriques,0,0,,,,,,,,,
756745,2014/15,2014-12-23,Bellerive Oval,1,8.6,Hobart Hurricanes,Sydney Sixers,GJ Bailey,TD Paine,MC Henriques,2,0,,,,,,,,,
756745,2014/15,2014-12-23,Bellerive Oval,1,9.1,Hobart Hurricanes,Sydney Sixers,TD Paine,GJ Bailey,DE Bollinger,0,0,,,,,,,,,
756745,2014/15,2014-12-23,Bellerive Oval,1,9.2,Hobart Hurricanes,Sydney Sixers,TD Paine,GJ Bailey,DE Bollinger,4,0,,,,,,,,,
756745,2014/15,2014-12-23,Bellerive Oval,1,9.3,Hobart Hurricanes,Sydney Sixers,TD Paine,GJ Bailey,DE Bollinger,1,0,,,,,,,,,
756745,2014/15,2014-12-23,Bellerive Oval,1,9.4,Hobart Hurricanes,Sydney Sixers,GJ Bailey,TD Paine,DE Bollinger,0,1,1,,,,,,,,
756745,2014/15,2014-12-23,Bellerive Oval,1,9.5,Hobart Hurricanes,Sydney Sixers,GJ Bailey,TD Paine,DE Bollinger,1,0,,,,,,,,,
756745,2014/15,2014-12-23,Bellerive Oval,1,9.6,Hobart Hurricanes,Sydney Sixers,TD Paine,GJ Bailey,DE Bollinger,0,0,,,,,,caught,TD Paine,,
756745,2014/15,2014-12-23,Bellerive Oval,1,9.7,Hobart Hurricanes,Sydney Sixers,JW Wells,GJ Bailey,DE Bollinger,0,0,,,,,,,,,
756745,2014/15,2014-12-23,Bellerive Oval,1,10.1,Hobart Hurricanes,Sydney Sixers,GJ Bailey,JW Wells,MC Henriques,1,0,,,,,,,,,
756745,2014/15,2014-12-23,Bellerive Oval,1,10.2,Hobart Hurricanes,Sydney Sixers,JW Wells,GJ Bailey,MC Henriques,0,0,,,,,,,,,
756745,2014/15,2014-12-23,Bellerive Oval,1,10.3,Hobart Hurricanes,Sydney Sixers,JW Wells,GJ Bailey,MC Henriques,1,0,,,,,,,,,
756745,2014/15,2014-12-23,Bellerive Oval,1,10.4,Hobart Hurricanes,Sydney Sixers,GJ Bailey,JW Wells,MC Henriques,1,0,,,,,,,,,
756745,2014/15,2014-12-23,Bellerive Oval,1,10.5,Hobart Hurricanes,Sydney Sixers,JW Wells,GJ Bailey,MC Henriques,1,0,,,,,,,,,
756745,2014/15,2014-12-23,Bellerive Oval,1,10.6,Hobart Hurricanes,Sydney Sixers,GJ Bailey,JW Wells,MC Henriques,1,0,,,,,,,,,
756745,2014/15,2014-12-23,Bellerive Oval,1,11.1,Hobart Hurricanes,Sydney Sixers,GJ Bailey,JW Wells,BJ Dwarshuis,0,0,,,,,,,,,
756745,2014/15,2014-12-23,Bellerive Oval,1,11.2,Hobart Hurricanes,Sydney Sixers,GJ Bailey,JW Wells,BJ Dwarshuis,4,0,,,,,,,,,
756745,2014/15,2014-12-23,Bellerive Oval,1,11.3,Hobart Hurricanes,Sydney Sixers,GJ Bailey,JW Wells,BJ Dwarshuis,0,0,,,,,,,,,
756745,2014/15,2014-12-23,Bellerive Oval,1,11.4,Hobart Hurricanes,Sydney Sixers,GJ Bailey,JW Wells,BJ Dwarshuis,4,0,,,,,,,,,
756745,2014/15,2014-12-23,Bellerive Oval,1,11.5,Hobart Hurricanes,Sydney Sixers,GJ Bailey,JW Wells,BJ Dwarshuis,1,0,,,,,,,,,
756745,2014/15,2014-12-23,Bellerive Oval,1,11.6,Hobart Hurricanes,Sydney Sixers,JW Wells,GJ Bailey,BJ Dwarshuis,0,0,,,,,,,,,
756745,2014/15,2014-12-23,Bellerive Oval,1,12.1,Hobart Hurricanes,Sydney Sixers,GJ Bailey,JW Wells,LA Doran,1,0,,,,,,,,,
756745,2014/15,2014-12-23,Bellerive Oval,1,12.2,Hobart Hurricanes,Sydney Sixers,JW Wells,GJ Bailey,LA Doran,1,0,,,,,,,,,
756745,2014/15,2014-12-23,Bellerive Oval,1,12.3,Hobart Hurricanes,Sydney Sixers,GJ Bailey,JW Wells,LA Doran,6,0,,,,,,,,,
756745,2014/15,2014-12-23,Bellerive Oval,1,12.4,Hobart Hurricanes,Sydney Sixers,GJ Bailey,JW Wells,LA Doran,6,0,,,,,,,,,
756745,2014/15,2014-12-23,Bellerive Oval,1,12.5,Hobart Hurricanes,Sydney Sixers,GJ Bailey,JW Wells,LA Doran,1,0,,,,,,,,,
756745,2014/15,2014-12-23,Bellerive Oval,1,12.6,Hobart Hurricanes,Sydney Sixers,JW Wells,GJ Bailey,LA Doran,0,0,,,,,,bowled,JW Wells,,
756745,2014/15,2014-12-23,Bellerive Oval,1,13.1,Hobart Hurricanes,Sydney Sixers,GJ Bailey,DJG Sammy,SA Abbott,0,0,,,,,,,,,
756745,2014/15,2014-12-23,Bellerive Oval,1,13.2,Hobart Hurricanes,Sydney Sixers,GJ Bailey,DJG Sammy,SA Abbott,0,0,,,,,,,,,
756745,2014/15,2014-12-23,Bellerive Oval,1,13.3,Hobart Hurricanes,Sydney Sixers,GJ Bailey,DJG Sammy,SA Abbott,0,0,,,,,,,,,
756745,2014/15,2014-12-23,Bellerive Oval,1,13.4,Hobart Hurricanes,Sydney Sixers,GJ Bailey,DJG Sammy,SA Abbott,1,0,,,,,,,,,
756745,2014/15,2014-12-23,Bellerive Oval,1,13.5,Hobart Hurricanes,Sydney Sixers,DJG Sammy,GJ Bailey,SA Abbott,1,0,,,,,,,,,
756745,2014/15,2014-12-23,Bellerive Oval,1,13.6,Hobart Hurricanes,Sydney Sixers,GJ Bailey,DJG Sammy,SA Abbott,0,0,,,,,,,,,
756745,2014/15,2014-12-23,Bellerive Oval,1,14.1,Hobart Hurricanes,Sydney Sixers,DJG Sammy,GJ Bailey,MC Henriques,1,0,,,,,,,,,
756745,2014/15,2014-12-23,Bellerive Oval,1,14.2,Hobart Hurricanes,Sydney Sixers,GJ Bailey,DJG Sammy,MC Henriques,1,0,,,,,,,,,
756745,2014/15,2014-12-23,Bellerive Oval,1,14.3,Hobart Hurricanes,Sydney Sixers,DJG Sammy,GJ Bailey,MC Henriques,0,0,,,,,,caught,DJG Sammy,,
756745,2014/15,2014-12-23,Bellerive Oval,1,14.4,Hobart Hurricanes,Sydney Sixers,GJ Bailey,EP Gulbis,MC Henriques,0,1,1,,,,,,,,
756745,2014/15,2014-12-23,Bellerive Oval,1,14.5,Hobart Hurricanes,Sydney Sixers,GJ Bailey,EP Gulbis,MC Henriques,2,0,,,,,,,,,
756745,2014/15,2014-12-23,Bellerive Oval,1,14.6,Hobart Hurricanes,Sydney Sixers,GJ Bailey,EP Gulbis,MC Henriques,2,0,,,,,,,,,
756745,2014/15,2014-12-23,Bellerive Oval,1,14.7,Hobart Hurricanes,Sydney Sixers,GJ Bailey,EP Gulbis,MC Henriques,0,0,,,,,,,,,
756745,2014/15,2014-12-23,Bellerive Oval,1,15.1,Hobart Hurricanes,Sydney Sixers,EP Gulbis,GJ Bailey,SA Abbott,1,0,,,,,,,,,
756745,2014/15,2014-12-23,Bellerive Oval,1,15.2,Hobart Hurricanes,Sydney Sixers,GJ Bailey,EP Gulbis,SA Abbott,4,0,,,,,,,,,
756745,2014/15,2014-12-23,Bellerive Oval,1,15.3,Hobart Hurricanes,Sydney Sixers,GJ Bailey,EP Gulbis,SA Abbott,4,0,,,,,,,,,
756745,2014/15,2014-12-23,Bellerive Oval,1,15.4,Hobart Hurricanes,Sydney Sixers,GJ Bailey,EP Gulbis,SA Abbott,2,0,,,,,,,,,
756745,2014/15,2014-12-23,Bellerive Oval,1,15.5,Hobart Hurricanes,Sydney Sixers,GJ Bailey,EP Gulbis,SA Abbott,1,0,,,,,,,,,
756745,2014/15,2014-12-23,Bellerive Oval,1,15.6,Hobart Hurricanes,Sydney Sixers,EP Gulbis,GJ Bailey,SA Abbott,1,0,,,,,,,,,
756745,2014/15,2014-12-23,Bellerive Oval,1,16.1,Hobart Hurricanes,Sydney Sixers,EP Gulbis,GJ Bailey,B Lee,0,0,,,,,,,,,
756745,2014/15,2014-12-23,Bellerive Oval,1,16.2,Hobart Hurricanes,Sydney Sixers,EP Gulbis,GJ Bailey,B Lee,1,0,,,,,,,,,
756745,2014/15,2014-12-23,Bellerive Oval,1,16.3,Hobart Hurricanes,Sydney Sixers,GJ Bailey,EP Gulbis,B Lee,4,0,,,,,,,,,
756745,2014/15,2014-12-23,Bellerive Oval,1,16.4,Hobart Hurricanes,Sydney Sixers,GJ Bailey,EP Gulbis,B Lee,0,0,,,,,,,,,
756745,2014/15,2014-12-23,Bellerive Oval,1,16.5,Hobart Hurricanes,Sydney Sixers,GJ Bailey,EP Gulbis,B Lee,2,0,,,,,,,,,
756745,2014/15,2014-12-23,Bellerive Oval,1,16.6,Hobart Hurricanes,Sydney Sixers,GJ Bailey,EP Gulbis,B Lee,4,0,,,,,,,,,
756745,2014/15,2014-12-23,Bellerive Oval,1,17.1,Hobart Hurricanes,Sydney Sixers,EP Gulbis,GJ Bailey,DE Bollinger,2,0,,,,,,,,,
756745,2014/15,2014-12-23,Bellerive Oval,1,17.2,Hobart Hurricanes,Sydney Sixers,EP Gulbis,GJ Bailey,DE Bollinger,6,0,,,,,,,,,
756745,2014/15,2014-12-23,Bellerive Oval,1,17.3,Hobart Hurricanes,Sydney Sixers,EP Gulbis,GJ Bailey,DE Bollinger,1,0,,,,,,,,,
756745,2014/15,2014-12-23,Bellerive Oval,1,17.4,Hobart Hurricanes,Sydney Sixers,GJ Bailey,EP Gulbis,DE Bollinger,1,0,,,,,,,,,
756745,2014/15,2014-12-23,Bellerive Oval,1,17.5,Hobart Hurricanes,Sydney Sixers,EP Gulbis,GJ Bailey,DE Bollinger,1,0,,,,,,,,,
756745,2014/15,2014-12-23,Bellerive Oval,1,17.6,Hobart Hurricanes,Sydney Sixers,GJ Bailey,EP Gulbis,DE Bollinger,0,0,,,,,,,,,
756745,2014/15,2014-12-23,Bellerive Oval,1,18.1,Hobart Hurricanes,Sydney Sixers,EP Gulbis,GJ Bailey,B Lee,1,0,,,,,,,,,
756745,2014/15,2014-12-23,Bellerive Oval,1,18.2,Hobart Hurricanes,Sydney Sixers,GJ Bailey,EP Gulbis,B Lee,2,0,,,,,,,,,
756745,2014/15,2014-12-23,Bellerive Oval,1,18.3,Hobart Hurricanes,Sydney Sixers,GJ Bailey,EP Gulbis,B Lee,6,0,,,,,,,,,
756745,2014/15,2014-12-23,Bellerive Oval,1,18.4,Hobart Hurricanes,Sydney Sixers,GJ Bailey,EP Gulbis,B Lee,0,0,,,,,,caught,GJ Bailey,,
756745,2014/15,2014-12-23,Bellerive Oval,1,18.5,Hobart Hurricanes,Sydney Sixers,EP Gulbis,JM Mennie,B Lee,1,0,,,,,,run out,JM Mennie,,
756745,2014/15,2014-12-23,Bellerive Oval,1,18.6,Hobart Hurricanes,Sydney Sixers,EP Gulbis,BW Hilfenhaus,B Lee,0,0,,,,,,caught,EP Gulbis,,
756745,2014/15,2014-12-23,Bellerive Oval,2,0.1,Sydney Sixers,Hobart Hurricanes,MJ Lumb,NJ Maddinson,BW Hilfenhaus,1,0,,,,,,,,,
756745,2014/15,2014-12-23,Bellerive Oval,2,0.2,Sydney Sixers,Hobart Hurricanes,NJ Maddinson,MJ Lumb,BW Hilfenhaus,0,0,,,,,,,,,
756745,2014/15,2014-12-23,Bellerive Oval,2,0.3,Sydney Sixers,Hobart Hurricanes,NJ Maddinson,MJ Lumb,BW Hilfenhaus,4,0,,,,,,,,,
756745,2014/15,2014-12-23,Bellerive Oval,2,0.4,Sydney Sixers,Hobart Hurricanes,NJ Maddinson,MJ Lumb,BW Hilfenhaus,4,0,,,,,,,,,
756745,2014/15,2014-12-23,Bellerive Oval,2,0.5,Sydney Sixers,Hobart Hurricanes,NJ Maddinson,MJ Lumb,BW Hilfenhaus,4,0,,,,,,,,,
756745,2014/15,2014-12-23,Bellerive Oval,2,0.6,Sydney Sixers,Hobart Hurricanes,NJ Maddinson,MJ Lumb,BW Hilfenhaus,1,0,,,,,,,,,
756745,2014/15,2014-12-23,Bellerive Oval,2,1.1,Sydney Sixers,Hobart Hurricanes,NJ Maddinson,MJ Lumb,JM Mennie,4,0,,,,,,,,,
756745,2014/15,2014-12-23,Bellerive Oval,2,1.2,Sydney Sixers,Hobart Hurricanes,NJ Maddinson,MJ Lumb,JM Mennie,0,0,,,,,,,,,
756745,2014/15,2014-12-23,Bellerive Oval,2,1.3,Sydney Sixers,Hobart Hurricanes,NJ Maddinson,MJ Lumb,JM Mennie,6,0,,,,,,,,,
756745,2014/15,2014-12-23,Bellerive Oval,2,1.4,Sydney Sixers,Hobart Hurricanes,NJ Maddinson,MJ Lumb,JM Mennie,0,0,,,,,,,,,
756745,2014/15,2014-12-23,Bellerive Oval,2,1.5,Sydney Sixers,Hobart Hurricanes,NJ Maddinson,MJ Lumb,JM Mennie,2,0,,,,,,,,,
756745,2014/15,2014-12-23,Bellerive Oval,2,1.6,Sydney Sixers,Hobart Hurricanes,NJ Maddinson,MJ Lumb,JM Mennie,4,0,,,,,,,,,
756745,2014/15,2014-12-23,Bellerive Oval,2,2.1,Sydney Sixers,Hobart Hurricanes,MJ Lumb,NJ Maddinson,XJ Doherty,0,0,,,,,,,,,
756745,2014/15,2014-12-23,Bellerive Oval,2,2.2,Sydney Sixers,Hobart Hurricanes,MJ Lumb,NJ Maddinson,XJ Doherty,1,0,,,,,,,,,
756745,2014/15,2014-12-23,Bellerive Oval,2,2.3,Sydney Sixers,Hobart Hurricanes,NJ Maddinson,MJ Lumb,XJ Doherty,0,0,,,,,,caught,NJ Maddinson,,
756745,2014/15,2014-12-23,Bellerive Oval,2,2.4,Sydney Sixers,Hobart Hurricanes,MJ Lumb,MH Wessels,XJ Doherty,1,0,,,,,,,,,
756745,2014/15,2014-12-23,Bellerive Oval,2,2.5,Sydney Sixers,Hobart Hurricanes,MH Wessels,MJ Lumb,XJ Doherty,1,0,,,,,,,,,
756745,2014/15,2014-12-23,Bellerive Oval,2,2.6,Sydney Sixers,Hobart Hurricanes,MJ Lumb,MH Wessels,XJ Doherty,1,0,,,,,,,,,
756745,2014/15,2014-12-23,Bellerive Oval,2,3.1,Sydney Sixers,Hobart Hurricanes,MJ Lumb,MH Wessels,JM Mennie,0,0,,,,,,,,,
756745,2014/15,2014-12-23,Bellerive Oval,2,3.2,Sydney Sixers,Hobart Hurricanes,MJ Lumb,MH Wessels,JM Mennie,1,0,,,,,,,,,
756745,2014/15,2014-12-23,Bellerive Oval,2,3.3,Sydney Sixers,Hobart Hurricanes,MH Wessels,MJ Lumb,JM Mennie,0,0,,,,,,,,,
756745,2014/15,2014-12-23,Bellerive Oval,2,3.4,Sydney Sixers,Hobart Hurricanes,MH Wessels,MJ Lumb,JM Mennie,0,0,,,,,,,,,
756745,2014/15,2014-12-23,Bellerive Oval,2,3.5,Sydney Sixers,Hobart Hurricanes,MH Wessels,MJ Lumb,JM Mennie,1,0,,,,,,,,,
756745,2014/15,2014-12-23,Bellerive Oval,2,3.6,Sydney Sixers,Hobart Hurricanes,MJ Lumb,MH Wessels,JM Mennie,0,1,,,,1,,,,,
756745,2014/15,2014-12-23,Bellerive Oval,2,4.1,Sydney Sixers,Hobart Hurricanes,MJ Lumb,MH Wessels,XJ Doherty,2,0,,,,,,,,,
756745,2014/15,2014-12-23,Bellerive Oval,2,4.2,Sydney Sixers,Hobart Hurricanes,MJ Lumb,MH Wessels,XJ Doherty,0,0,,,,,,,,,
756745,2014/15,2014-12-23,Bellerive Oval,2,4.3,Sydney Sixers,Hobart Hurricanes,MJ Lumb,MH Wessels,XJ Doherty,4,0,,,,,,,,,
756745,2014/15,2014-12-23,Bellerive Oval,2,4.4,Sydney Sixers,Hobart Hurricanes,MJ Lumb,MH Wessels,XJ Doherty,4,0,,,,,,,,,
756745,2014/15,2014-12-23,Bellerive Oval,2,4.5,Sydney Sixers,Hobart Hurricanes,MJ Lumb,MH Wessels,XJ Doherty,0,0,,,,,,,,,
756745,2014/15,2014-12-23,Bellerive Oval,2,4.6,Sydney Sixers,Hobart Hurricanes,MJ Lumb,MH Wessels,XJ Doherty,6,0,,,,,,,,,
756745,2014/15,2014-12-23,Bellerive Oval,2,5.1,Sydney Sixers,Hobart Hurricanes,MH Wessels,MJ Lumb,BW Hilfenhaus,1,0,,,,,,,,,
756745,2014/15,2014-12-23,Bellerive Oval,2,5.2,Sydney Sixers,Hobart Hurricanes,MJ Lumb,MH Wessels,BW Hilfenhaus,1,0,,,,,,,,,
756745,2014/15,2014-12-23,Bellerive Oval,2,5.3,Sydney Sixers,Hobart Hurricanes,MH Wessels,MJ Lumb,BW Hilfenhaus,1,0,,,,,,,,,
756745,2014/15,2014-12-23,Bellerive Oval,2,5.4,Sydney Sixers,Hobart Hurricanes,MJ Lumb,MH Wessels,BW Hilfenhaus,0,0,,,,,,,,,
756745,2014/15,2014-12-23,Bellerive Oval,2,5.5,Sydney Sixers,Hobart Hurricanes,MJ Lumb,MH Wessels,BW Hilfenhaus,1,0,,,,,,,,,
756745,2014/15,2014-12-23,Bellerive Oval,2,5.6,Sydney Sixers,Hobart Hurricanes,MH Wessels,MJ Lumb,BW Hilfenhaus,4,0,,,,,,,,,
756745,2014/15,2014-12-23,Bellerive Oval,2,6.1,Sydney Sixers,Hobart Hurricanes,MJ Lumb,MH Wessels,CJ Boyce,1,0,,,,,,,,,
756745,2014/15,2014-12-23,Bellerive Oval,2,6.2,Sydney Sixers,Hobart Hurricanes,MH Wessels,MJ Lumb,CJ Boyce,0,0,,,,,,,,,
756745,2014/15,2014-12-23,Bellerive Oval,2,6.3,Sydney Sixers,Hobart Hurricanes,MH Wessels,MJ Lumb,CJ Boyce,1,0,,,,,,,,,
756745,2014/15,2014-12-23,Bellerive Oval,2,6.4,Sydney Sixers,Hobart Hurricanes,MJ Lumb,MH Wessels,CJ Boyce,1,0,,,,,,,,,
756745,2014/15,2014-12-23,Bellerive Oval,2,6.5,Sydney Sixers,Hobart Hurricanes,MH Wessels,MJ Lumb,CJ Boyce,2,0,,,,,,,,,
756745,2014/15,2014-12-23,Bellerive Oval,2,6.6,Sydney Sixers,Hobart Hurricanes,MH Wessels,MJ Lumb,CJ Boyce,1,0,,,,,,,,,
756745,2014/15,2014-12-23,Bellerive Oval,2,7.1,Sydney Sixers,Hobart Hurricanes,MH Wessels,MJ Lumb,DJG Sammy,1,0,,,,,,,,,
756745,2014/15,2014-12-23,Bellerive Oval,2,7.2,Sydney Sixers,Hobart Hurricanes,MJ Lumb,MH Wessels,DJG Sammy,4,0,,,,,,,,,
756745,2014/15,2014-12-23,Bellerive Oval,2,7.3,Sydney Sixers,Hobart Hurricanes,MJ Lumb,MH Wessels,DJG Sammy,1,0,,,,,,,,,
756745,2014/15,2014-12-23,Bellerive Oval,2,7.4,Sydney Sixers,Hobart Hurricanes,MH Wessels,MJ Lumb,DJG Sammy,1,0,,,,,,,,,
756745,2014/15,2014-12-23,Bellerive Oval,2,7.5,Sydney Sixers,Hobart Hurricanes,MJ Lumb,MH Wessels,DJG Sammy,1,0,,,,,,,,,
756745,2014/15,2014-12-23,Bellerive Oval,2,7.6,Sydney Sixers,Hobart Hurricanes,MH Wessels,MJ Lumb,DJG Sammy,4,0,,,,,,,,,
756745,2014/15,2014-12-23,Bellerive Oval,2,8.1,Sydney Sixers,Hobart Hurricanes,MJ Lumb,MH Wessels,CJ Boyce,1,0,,,,,,,,,
756745,2014/15,2014-12-23,Bellerive Oval,2,8.2,Sydney Sixers,Hobart Hurricanes,MH Wessels,MJ Lumb,CJ Boyce,1,0,,,,,,,,,
756745,2014/15,2014-12-23,Bellerive Oval,2,8.3,Sydney Sixers,Hobart Hurricanes,MJ Lumb,MH Wessels,CJ Boyce,1,0,,,,,,,,,
756745,2014/15,2014-12-23,Bellerive Oval,2,8.4,Sydney Sixers,Hobart Hurricanes,MH Wessels,MJ Lumb,CJ Boyce,1,0,,,,,,,,,
756745,2014/15,2014-12-23,Bellerive Oval,2,8.5,Sydney Sixers,Hobart Hurricanes,MJ Lumb,MH Wessels,CJ Boyce,2,0,,,,,,,,,
756745,2014/15,2014-12-23,Bellerive Oval,2,8.6,Sydney Sixers,Hobart Hurricanes,MJ Lumb,MH Wessels,CJ Boyce,0,1,,,1,,,,,,
756745,2014/15,2014-12-23,Bellerive Oval,2,9.1,Sydney Sixers,Hobart Hurricanes,MJ Lumb,MH Wessels,JM Mennie,6,0,,,,,,,,,
756745,2014/15,2014-12-23,Bellerive Oval,2,9.2,Sydney Sixers,Hobart Hurricanes,MJ Lumb,MH Wessels,JM Mennie,1,0,,,,,,,,,
756745,2014/15,2014-12-23,Bellerive Oval,2,9.3,Sydney Sixers,Hobart Hurricanes,MH Wessels,MJ Lumb,JM Mennie,2,0,,,,,,,,,
756745,2014/15,2014-12-23,Bellerive Oval,2,9.4,Sydney Sixers,Hobart Hurricanes,MH Wessels,MJ Lumb,JM Mennie,0,0,,,,,,caught,MH Wessels,,
756745,2014/15,2014-12-23,Bellerive Oval,2,9.5,Sydney Sixers,Hobart Hurricanes,MJ Lumb,MC Henriques,JM Mennie,1,0,,,,,,,,,
756745,2014/15,2014-12-23,Bellerive Oval,2,9.6,Sydney Sixers,Hobart Hurricanes,MC Henriques,MJ Lumb,JM Mennie,0,0,,,,,,,,,
756745,2014/15,2014-12-23,Bellerive Oval,2,10.1,Sydney Sixers,Hobart Hurricanes,MJ Lumb,MC Henriques,CJ Boyce,1,0,,,,,,,,,
756745,2014/15,2014-12-23,Bellerive Oval,2,10.2,Sydney Sixers,Hobart Hurricanes,MC Henriques,MJ Lumb,CJ Boyce,0,0,,,,,,,,,
756745,2014/15,2014-12-23,Bellerive Oval,2,10.3,Sydney Sixers,Hobart Hurricanes,MC Henriques,MJ Lumb,CJ Boyce,1,0,,,,,,,,,
756745,2014/15,2014-12-23,Bellerive Oval,2,10.4,Sydney Sixers,Hobart Hurricanes,MJ Lumb,MC Henriques,CJ Boyce,0,0,,,,,,caught,MJ Lumb,,
756745,2014/15,2014-12-23,Bellerive Oval,2,10.5,Sydney Sixers,Hobart Hurricanes,MC Henriques,JC Silk,CJ Boyce,1,0,,,,,,,,,
756745,2014/15,2014-12-23,Bellerive Oval,2,10.6,Sydney Sixers,Hobart Hurricanes,JC Silk,MC Henriques,CJ Boyce,1,0,,,,,,,,,
756745,2014/15,2014-12-23,Bellerive Oval,2,11.1,Sydney Sixers,Hobart Hurricanes,JC Silk,MC Henriques,XJ Doherty,1,0,,,,,,,,,
756745,2014/15,2014-12-23,Bellerive Oval,2,11.2,Sydney Sixers,Hobart Hurricanes,MC Henriques,JC Silk,XJ Doherty,1,0,,,,,,,,,
756745,2014/15,2014-12-23,Bellerive Oval,2,11.3,Sydney Sixers,Hobart Hurricanes,JC Silk,MC Henriques,XJ Doherty,1,0,,,,,,,,,
756745,2014/15,2014-12-23,Bellerive Oval,2,11.4,Sydney Sixers,Hobart Hurricanes,MC Henriques,JC Silk,XJ Doherty,1,0,,,,,,,,,
756745,2014/15,2014-12-23,Bellerive Oval,2,11.5,Sydney Sixers,Hobart Hurricanes,JC Silk,MC Henriques,XJ Doherty,2,0,,,,,,,,,
756745,2014/15,2014-12-23,Bellerive Oval,2,11.6,Sydney Sixers,Hobart Hurricanes,JC Silk,MC Henriques,XJ Doherty,0,0,,,,,,,,,
756745,2014/15,2014-12-23,Bellerive Oval,2,12.1,Sydney Sixers,Hobart Hurricanes,MC Henriques,JC Silk,BW Hilfenhaus,0,0,,,,,,,,,
756745,2014/15,2014-12-23,Bellerive Oval,2,12.2,Sydney Sixers,Hobart Hurricanes,MC Henriques,JC Silk,BW Hilfenhaus,0,1,,,,1,,,,,
756745,2014/15,2014-12-23,Bellerive Oval,2,12.3,Sydney Sixers,Hobart Hurricanes,JC Silk,MC Henriques,BW Hilfenhaus,1,0,,,,,,,,,
756745,2014/15,2014-12-23,Bellerive Oval,2,12.4,Sydney Sixers,Hobart Hurricanes,MC Henriques,JC Silk,BW Hilfenhaus,1,0,,,,,,,,,
756745,2014/15,2014-12-23,Bellerive Oval,2,12.5,Sydney Sixers,Hobart Hurricanes,JC Silk,MC Henriques,BW Hilfenhaus,2,0,,,,,,,,,
756745,2014/15,2014-12-23,Bellerive Oval,2,12.6,Sydney Sixers,Hobart Hurricanes,JC Silk,MC Henriques,BW Hilfenhaus,2,0,,,,,,,,,
756745,2014/15,2014-12-23,Bellerive Oval,2,13.1,Sydney Sixers,Hobart Hurricanes,MC Henriques,JC Silk,XJ Doherty,1,0,,,,,,,,,
756745,2014/15,2014-12-23,Bellerive Oval,2,13.2,Sydney Sixers,Hobart Hurricanes,JC Silk,MC Henriques,XJ Doherty,0,0,,,,,,,,,
756745,2014/15,2014-12-23,Bellerive Oval,2,13.3,Sydney Sixers,Hobart Hurricanes,JC Silk,MC Henriques,XJ Doherty,2,0,,,,,,,,,
756745,2014/15,2014-12-23,Bellerive Oval,2,13.4,Sydney Sixers,Hobart Hurricanes,JC Silk,MC Henriques,XJ Doherty,1,0,,,,,,,,,
756745,2014/15,2014-12-23,Bellerive Oval,2,13.5,Sydney Sixers,Hobart Hurricanes,MC Henriques,JC Silk,XJ Doherty,1,0,,,,,,,,,
756745,2014/15,2014-12-23,Bellerive Oval,2,13.6,Sydney Sixers,Hobart Hurricanes,JC Silk,MC Henriques,XJ Doherty,1,0,,,,,,,,,
756745,2014/15,2014-12-23,Bellerive Oval,2,14.1,Sydney Sixers,Hobart Hurricanes,JC Silk,MC Henriques,CJ Boyce,1,0,,,,,,,,,
756745,2014/15,2014-12-23,Bellerive Oval,2,14.2,Sydney Sixers,Hobart Hurricanes,MC Henriques,JC Silk,CJ Boyce,2,0,,,,,,,,,
756745,2014/15,2014-12-23,Bellerive Oval,2,14.3,Sydney Sixers,Hobart Hurricanes,MC Henriques,JC Silk,CJ Boyce,2,0,,,,,,,,,
756745,2014/15,2014-12-23,Bellerive Oval,2,14.4,Sydney Sixers,Hobart Hurricanes,MC Henriques,JC Silk,CJ Boyce,2,0,,,,,,,,,
756745,2014/15,2014-12-23,Bellerive Oval,2,14.5,Sydney Sixers,Hobart Hurricanes,MC Henriques,JC Silk,CJ Boyce,1,0,,,,,,,,,
756745,2014/15,2014-12-23,Bellerive Oval,2,14.6,Sydney Sixers,Hobart Hurricanes,JC Silk,MC Henriques,CJ Boyce,0,0,,,,,,,,,
756745,2014/15,2014-12-23,Bellerive Oval,2,15.1,Sydney Sixers,Hobart Hurricanes,MC Henriques,JC Silk,JM Mennie,0,0,,,,,,,,,
756745,2014/15,2014-12-23,Bellerive Oval,2,15.2,Sydney Sixers,Hobart Hurricanes,MC Henriques,JC Silk,JM Mennie,0,0,,,,,,,,,
756745,2014/15,2014-12-23,Bellerive Oval,2,15.3,Sydney Sixers,Hobart Hurricanes,MC Henriques,JC Silk,JM Mennie,1,0,,,,,,,,,
756745,2014/15,2014-12-23,Bellerive Oval,2,15.4,Sydney Sixers,Hobart Hurricanes,JC Silk,MC Henriques,JM Mennie,4,0,,,,,,,,,
756745,2014/15,2014-12-23,Bellerive Oval,2,15.5,Sydney Sixers,Hobart Hurricanes,JC Silk,MC Henriques,JM Mennie,1,0,,,,,,,,,
756745,2014/15,2014-12-23,Bellerive Oval,2,15.6,Sydney Sixers,Hobart Hurricanes,MC Henriques,JC Silk,JM Mennie,1,0,,,,,,,,,
756745,2014/15,2014-12-23,Bellerive Oval,2,16.1,Sydney Sixers,Hobart Hurricanes,MC Henriques,JC Silk,BW Hilfenhaus,6,0,,,,,,,,,
756745,2014/15,2014-12-23,Bellerive Oval,2,16.2,Sydney Sixers,Hobart Hurricanes,MC Henriques,JC Silk,BW Hilfenhaus,0,0,,,,,,,,,
756745,2014/15,2014-12-23,Bellerive Oval,2,16.3,Sydney Sixers,Hobart Hurricanes,MC Henriques,JC Silk,BW Hilfenhaus,1,0,,,,,,,,,
756745,2014/15,2014-12-23,Bellerive Oval,2,16.4,Sydney Sixers,Hobart Hurricanes,JC Silk,MC Henriques,BW Hilfenhaus,4,0,,,,,,,,,
756745,2014/15,2014-12-23,Bellerive Oval,2,16.5,Sydney Sixers,Hobart Hurricanes,JC Silk,MC Henriques,BW Hilfenhaus,0,0,,,,,,,,,
756745,2014/15,2014-12-23,Bellerive Oval,2,16.6,Sydney Sixers,Hobart Hurricanes,JC Silk,MC Henriques,BW Hilfenhaus,1,0,,,,,,,,,
756745,2014/15,2014-12-23,Bellerive Oval,2,17.1,Sydney Sixers,Hobart Hurricanes,JC Silk,MC Henriques,DJG Sammy,1,0,,,,,,,,,
756745,2014/15,2014-12-23,Bellerive Oval,2,17.2,Sydney Sixers,Hobart Hurricanes,MC Henriques,JC Silk,DJG Sammy,1,0,,,,,,,,,
756745,2014/15,2014-12-23,Bellerive Oval,2,17.3,Sydney Sixers,Hobart Hurricanes,JC Silk,MC Henriques,DJG Sammy,2,0,,,,,,,,,
756745,2014/15,2014-12-23,Bellerive Oval,2,17.4,Sydney Sixers,Hobart Hurricanes,JC Silk,MC Henriques,DJG Sammy,1,0,,,,,,,,,
756745,2014/15,2014-12-23,Bellerive Oval,2,17.5,Sydney Sixers,Hobart Hurricanes,MC Henriques,JC Silk,DJG Sammy,1,0,,,,,,,,,
756745,2014/15,2014-12-23,Bellerive Oval,2,17.6,Sydney Sixers,Hobart Hurricanes,JC Silk,MC Henriques,DJG Sammy,2,0,,,,,,,,,
756745,2014/15,2014-12-23,Bellerive Oval,2,18.1,Sydney Sixers,Hobart Hurricanes,MC Henriques,JC Silk,EP Gulbis,4,0,,,,,,,,,
