match_id,season,start_date,venue,innings,ball,batting_team,bowling_team,striker,non_striker,bowler,runs_off_bat,extras,wides,noballs,byes,legbyes,penalty,wicket_type,player_dismissed,other_wicket_type,other_player_dismissed
756739,2014/15,2014-12-20,Melbourne Cricket Ground,1,0.1,Hobart Hurricanes,Melbourne Stars,BR Dunk,AD Hales,JM Bird,0,0,,,,,,,,,
756739,2014/15,2014-12-20,Melbourne Cricket Ground,1,0.2,Hobart Hurricanes,Melbourne Stars,BR Dunk,AD Hales,JM Bird,1,0,,,,,,,,,
756739,2014/15,2014-12-20,Melbourne Cricket Ground,1,0.3,Hobart Hurricanes,Melbourne Stars,AD Hales,BR Dunk,JM Bird,0,0,,,,,,,,,
756739,2014/15,2014-12-20,Melbourne Cricket Ground,1,0.4,Hobart Hurricanes,Melbourne Stars,AD Hales,BR Dunk,JM Bird,0,0,,,,,,caught,AD Hales,,
756739,2014/15,2014-12-20,Melbourne Cricket Ground,1,0.5,Hobart Hurricanes,Melbourne Stars,TD Paine,BR Dunk,JM Bird,1,0,,,,,,,,,
756739,2014/15,2014-12-20,Melbourne Cricket Ground,1,0.6,Hobart Hurricanes,Melbourne Stars,BR Dunk,TD Paine,JM Bird,0,0,,,,,,,,,
756739,2014/15,2014-12-20,Melbourne Cricket Ground,1,1.1,Hobart Hurricanes,Melbourne Stars,TD Paine,BR Dunk,DJ Worrall,4,0,,,,,,,,,
756739,2014/15,2014-12-20,Melbourne Cricket Ground,1,1.2,Hobart Hurricanes,Melbourne Stars,TD Paine,BR Dunk,DJ Worrall,0,0,,,,,,,,,
756739,2014/15,2014-12-20,Melbourne Cricket Ground,1,1.3,Hobart Hurricanes,Melbourne Stars,TD Paine,BR Dunk,DJ Worrall,1,0,,,,,,,,,
756739,2014/15,2014-12-20,Melbourne Cricket Ground,1,1.4,Hobart Hurricanes,Melbourne Stars,BR Dunk,TD Paine,DJ Worrall,2,0,,,,,,,,,
756739,2014/15,2014-12-20,Melbourne Cricket Ground,1,1.5,Hobart Hurricanes,Melbourne Stars,BR Dunk,TD Paine,DJ Worrall,0,0,,,,,,,,,
756739,2014/15,2014-12-20,Melbourne Cricket Ground,1,1.6,Hobart Hurricanes,Melbourne Stars,BR Dunk,TD Paine,DJ Worrall,2,0,,,,,,,,,
756739,2014/15,2014-12-20,Melbourne Cricket Ground,1,2.1,Hobart Hurricanes,Melbourne Stars,TD Paine,BR Dunk,JM Bird,4,0,,,,,,,,,
756739,2014/15,2014-12-20,Melbourne Cricket Ground,1,2.2,Hobart Hurricanes,Melbourne Stars,TD Paine,BR Dunk,JM Bird,1,0,,,,,,,,,
756739,2014/15,2014-12-20,Melbourne Cricket Ground,1,2.3,Hobart Hurricanes,Melbourne Stars,BR Dunk,TD Paine,JM Bird,1,0,,,,,,,,,
756739,2014/15,2014-12-20,Melbourne Cricket Ground,1,2.4,Hobart Hurricanes,Melbourne Stars,TD Paine,BR Dunk,JM Bird,0,0,,,,,,,,,
756739,2014/15,2014-12-20,Melbourne Cricket Ground,1,2.5,Hobart Hurricanes,Melbourne Stars,TD Paine,BR Dunk,JM Bird,2,1,,1,,,,,,,
756739,2014/15,2014-12-20,Melbourne Cricket Ground,1,2.6,Hobart Hurricanes,Melbourne Stars,TD Paine,BR Dunk,JM Bird,4,0,,,,,,,,,
756739,2014/15,2014-12-20,Melbourne Cricket Ground,1,2.7,Hobart Hurricanes,Melbourne Stars,TD Paine,BR Dunk,JM Bird,2,0,,,,,,,,,
756739,2014/15,2014-12-20,Melbourne Cricket Ground,1,3.1,Hobart Hurricanes,Melbourne Stars,BR Dunk,TD Paine,JW Hastings,0,0,,,,,,,,,
756739,2014/15,2014-12-20,Melbourne Cricket Ground,1,3.2,Hobart Hurricanes,Melbourne Stars,BR Dunk,TD Paine,JW Hastings,1,0,,,,,,,,,
756739,2014/15,2014-12-20,Melbourne Cricket Ground,1,3.3,Hobart Hurricanes,Melbourne Stars,TD Paine,BR Dunk,JW Hastings,0,0,,,,,,,,,
756739,2014/15,2014-12-20,Melbourne Cricket Ground,1,3.4,Hobart Hurricanes,Melbourne Stars,TD Paine,BR Dunk,JW Hastings,0,0,,,,,,caught,TD Paine,,
756739,2014/15,2014-12-20,Melbourne Cricket Ground,1,3.5,Hobart Hurricanes,Melbourne Stars,GJ Bailey,BR Dunk,JW Hastings,0,0,,,,,,,,,
756739,2014/15,2014-12-20,Melbourne Cricket Ground,1,3.6,Hobart Hurricanes,Melbourne Stars,GJ Bailey,BR Dunk,JW Hastings,0,0,,,,,,,,,
756739,2014/15,2014-12-20,Melbourne Cricket Ground,1,4.1,Hobart Hurricanes,Melbourne Stars,BR Dunk,GJ Bailey,JM Bird,0,0,,,,,,,,,
756739,2014/15,2014-12-20,Melbourne Cricket Ground,1,4.2,Hobart Hurricanes,Melbourne Stars,BR Dunk,GJ Bailey,JM Bird,1,0,,,,,,,,,
756739,2014/15,2014-12-20,Melbourne Cricket Ground,1,4.3,Hobart Hurricanes,Melbourne Stars,GJ Bailey,BR Dunk,JM Bird,1,0,,,,,,,,,
756739,2014/15,2014-12-20,Melbourne Cricket Ground,1,4.4,Hobart Hurricanes,Melbourne Stars,BR Dunk,GJ Bailey,JM Bird,1,0,,,,,,,,,
756739,2014/15,2014-12-20,Melbourne Cricket Ground,1,4.5,Hobart Hurricanes,Melbourne Stars,GJ Bailey,BR Dunk,JM Bird,0,0,,,,,,,,,
756739,2014/15,2014-12-20,Melbourne Cricket Ground,1,4.6,Hobart Hurricanes,Melbourne Stars,GJ Bailey,BR Dunk,JM Bird,1,0,,,,,,,,,
756739,2014/15,2014-12-20,Melbourne Cricket Ground,1,5.1,Hobart Hurricanes,Melbourne Stars,GJ Bailey,BR Dunk,JW Hastings,0,0,,,,,,caught,GJ Bailey,,
756739,2014/15,2014-12-20,Melbourne Cricket Ground,1,5.2,Hobart Hurricanes,Melbourne Stars,BR Dunk,JW Wells,JW Hastings,0,0,,,,,,,,,
756739,2014/15,2014-12-20,Melbourne Cricket Ground,1,5.3,Hobart Hurricanes,Melbourne Stars,BR Dunk,JW Wells,JW Hastings,0,0,,,,,,,,,
756739,2014/15,2014-12-20,Melbourne Cricket Ground,1,5.4,Hobart Hurricanes,Melbourne Stars,BR Dunk,JW Wells,JW Hastings,0,0,,,,,,,,,
756739,2014/15,2014-12-20,Melbourne Cricket Ground,1,5.5,Hobart Hurricanes,Melbourne Stars,BR Dunk,JW Wells,JW Hastings,1,0,,,,,,,,,
756739,2014/15,2014-12-20,Melbourne Cricket Ground,1,5.6,Hobart Hurricanes,Melbourne Stars,JW Wells,BR Dunk,JW Hastings,1,0,,,,,,,,,
756739,2014/15,2014-12-20,Melbourne Cricket Ground,1,6.1,Hobart Hurricanes,Melbourne Stars,JW Wells,BR Dunk,MA Beer,1,0,,,,,,,,,
756739,2014/15,2014-12-20,Melbourne Cricket Ground,1,6.2,Hobart Hurricanes,Melbourne Stars,BR Dunk,JW Wells,MA Beer,1,0,,,,,,,,,
756739,2014/15,2014-12-20,Melbourne Cricket Ground,1,6.3,Hobart Hurricanes,Melbourne Stars,JW Wells,BR Dunk,MA Beer,1,0,,,,,,,,,
756739,2014/15,2014-12-20,Melbourne Cricket Ground,1,6.4,Hobart Hurricanes,Melbourne Stars,BR Dunk,JW Wells,MA Beer,1,0,,,,,,,,,
756739,2014/15,2014-12-20,Melbourne Cricket Ground,1,6.5,Hobart Hurricanes,Melbourne Stars,JW Wells,BR Dunk,MA Beer,1,0,,,,,,,,,
756739,2014/15,2014-12-20,Melbourne Cricket Ground,1,6.6,Hobart Hurricanes,Melbourne Stars,BR Dunk,JW Wells,MA Beer,1,0,,,,,,,,,
756739,2014/15,2014-12-20,Melbourne Cricket Ground,1,7.1,Hobart Hurricanes,Melbourne Stars,BR Dunk,JW Wells,GJ Maxwell,1,0,,,,,,,,,
756739,2014/15,2014-12-20,Melbourne Cricket Ground,1,7.2,Hobart Hurricanes,Melbourne Stars,JW Wells,BR Dunk,GJ Maxwell,1,0,,,,,,,,,
756739,2014/15,2014-12-20,Melbourne Cricket Ground,1,7.3,Hobart Hurricanes,Melbourne Stars,BR Dunk,JW Wells,GJ Maxwell,1,0,,,,,,,,,
756739,2014/15,2014-12-20,Melbourne Cricket Ground,1,7.4,Hobart Hurricanes,Melbourne Stars,JW Wells,BR Dunk,GJ Maxwell,6,0,,,,,,,,,
756739,2014/15,2014-12-20,Melbourne Cricket Ground,1,7.5,Hobart Hurricanes,Melbourne Stars,JW Wells,BR Dunk,GJ Maxwell,0,0,,,,,,,,,
756739,2014/15,2014-12-20,Melbourne Cricket Ground,1,7.6,Hobart Hurricanes,Melbourne Stars,JW Wells,BR Dunk,GJ Maxwell,1,0,,,,,,,,,
756739,2014/15,2014-12-20,Melbourne Cricket Ground,1,8.1,Hobart Hurricanes,Melbourne Stars,JW Wells,BR Dunk,DJ Worrall,0,0,,,,,,,,,
756739,2014/15,2014-12-20,Melbourne Cricket Ground,1,8.2,Hobart Hurricanes,Melbourne Stars,JW Wells,BR Dunk,DJ Worrall,2,0,,,,,,,,,
756739,2014/15,2014-12-20,Melbourne Cricket Ground,1,8.3,Hobart Hurricanes,Melbourne Stars,JW Wells,BR Dunk,DJ Worrall,0,0,,,,,,,,,
756739,2014/15,2014-12-20,Melbourne Cricket Ground,1,8.4,Hobart Hurricanes,Melbourne Stars,JW Wells,BR Dunk,DJ Worrall,4,0,,,,,,,,,
756739,2014/15,2014-12-20,Melbourne Cricket Ground,1,8.5,Hobart Hurricanes,Melbourne Stars,JW Wells,BR Dunk,DJ Worrall,3,0,,,,,,,,,
756739,2014/15,2014-12-20,Melbourne Cricket Ground,1,8.6,Hobart Hurricanes,Melbourne Stars,BR Dunk,JW Wells,DJ Worrall,4,0,,,,,,,,,
756739,2014/15,2014-12-20,Melbourne Cricket Ground,1,9.1,Hobart Hurricanes,Melbourne Stars,JW Wells,BR Dunk,JP Faulkner,1,0,,,,,,,,,
756739,2014/15,2014-12-20,Melbourne Cricket Ground,1,9.2,Hobart Hurricanes,Melbourne Stars,BR Dunk,JW Wells,JP Faulkner,0,0,,,,,,,,,
756739,2014/15,2014-12-20,Melbourne Cricket Ground,1,9.3,Hobart Hurricanes,Melbourne Stars,BR Dunk,JW Wells,JP Faulkner,1,0,,,,,,,,,
756739,2014/15,2014-12-20,Melbourne Cricket Ground,1,9.4,Hobart Hurricanes,Melbourne Stars,JW Wells,BR Dunk,JP Faulkner,1,0,,,,,,,,,
756739,2014/15,2014-12-20,Melbourne Cricket Ground,1,9.5,Hobart Hurricanes,Melbourne Stars,BR Dunk,JW Wells,JP Faulkner,1,0,,,,,,,,,
756739,2014/15,2014-12-20,Melbourne Cricket Ground,1,9.6,Hobart Hurricanes,Melbourne Stars,JW Wells,BR Dunk,JP Faulkner,0,0,,,,,,,,,
756739,2014/15,2014-12-20,Melbourne Cricket Ground,1,10.1,Hobart Hurricanes,Melbourne Stars,BR Dunk,JW Wells,JM Bird,2,0,,,,,,,,,
756739,2014/15,2014-12-20,Melbourne Cricket Ground,1,10.2,Hobart Hurricanes,Melbourne Stars,BR Dunk,JW Wells,JM Bird,2,0,,,,,,,,,
756739,2014/15,2014-12-20,Melbourne Cricket Ground,1,10.3,Hobart Hurricanes,Melbourne Stars,BR Dunk,JW Wells,JM Bird,1,0,,,,,,,,,
756739,2014/15,2014-12-20,Melbourne Cricket Ground,1,10.4,Hobart Hurricanes,Melbourne Stars,JW Wells,BR Dunk,JM Bird,2,0,,,,,,,,,
756739,2014/15,2014-12-20,Melbourne Cricket Ground,1,10.5,Hobart Hurricanes,Melbourne Stars,JW Wells,BR Dunk,JM Bird,2,0,,,,,,,,,
756739,2014/15,2014-12-20,Melbourne Cricket Ground,1,10.6,Hobart Hurricanes,Melbourne Stars,JW Wells,BR Dunk,JM Bird,1,0,,,,,,,,,
756739,2014/15,2014-12-20,Melbourne Cricket Ground,1,11.1,Hobart Hurricanes,Melbourne Stars,JW Wells,BR Dunk,JP Faulkner,1,0,,,,,,,,,
756739,2014/15,2014-12-20,Melbourne Cricket Ground,1,11.2,Hobart Hurricanes,Melbourne Stars,BR Dunk,JW Wells,JP Faulkner,1,0,,,,,,,,,
756739,2014/15,2014-12-20,Melbourne Cricket Ground,1,11.3,Hobart Hurricanes,Melbourne Stars,JW Wells,BR Dunk,JP Faulkner,1,0,,,,,,,,,
756739,2014/15,2014-12-20,Melbourne Cricket Ground,1,11.4,Hobart Hurricanes,Melbourne Stars,BR Dunk,JW Wells,JP Faulkner,0,0,,,,,,,,,
756739,2014/15,2014-12-20,Melbourne Cricket Ground,1,11.5,Hobart Hurricanes,Melbourne Stars,BR Dunk,JW Wells,JP Faulkner,1,0,,,,,,,,,
756739,2014/15,2014-12-20,Melbourne Cricket Ground,1,11.6,Hobart Hurricanes,Melbourne Stars,JW Wells,BR Dunk,JP Faulkner,1,1,,1,,,,,,,
756739,2014/15,2014-12-20,Melbourne Cricket Ground,1,11.7,Hobart Hurricanes,Melbourne Stars,BR Dunk,JW Wells,JP Faulkner,0,0,,,,,,,,,
756739,2014/15,2014-12-20,Melbourne Cricket Ground,1,12.1,Hobart Hurricanes,Melbourne Stars,JW Wells,BR Dunk,DJ Worrall,4,0,,,,,,,,,
756739,2014/15,2014-12-20,Melbourne Cricket Ground,1,12.2,Hobart Hurricanes,Melbourne Stars,JW Wells,BR Dunk,DJ Worrall,0,1,,,,1,,,,,
756739,2014/15,2014-12-20,Melbourne Cricket Ground,1,12.3,Hobart Hurricanes,Melbourne Stars,BR Dunk,JW Wells,DJ Worrall,2,0,,,,,,,,,
756739,2014/15,2014-12-20,Melbourne Cricket Ground,1,12.4,Hobart Hurricanes,Melbourne Stars,BR Dunk,JW Wells,DJ Worrall,1,0,,,,,,,,,
756739,2014/15,2014-12-20,Melbourne Cricket Ground,1,12.5,Hobart Hurricanes,Melbourne Stars,JW Wells,BR Dunk,DJ Worrall,1,0,,,,,,,,,
756739,2014/15,2014-12-20,Melbourne Cricket Ground,1,12.6,Hobart Hurricanes,Melbourne Stars,BR Dunk,JW Wells,DJ Worrall,1,0,,,,,,,,,
756739,2014/15,2014-12-20,Melbourne Cricket Ground,1,13.1,Hobart Hurricanes,Melbourne Stars,BR Dunk,JW Wells,JW Hastings,1,0,,,,,,,,,
756739,2014/15,2014-12-20,Melbourne Cricket Ground,1,13.2,Hobart Hurricanes,Melbourne Stars,JW Wells,BR Dunk,JW Hastings,1,0,,,,,,,,,
756739,2014/15,2014-12-20,Melbourne Cricket Ground,1,13.3,Hobart Hurricanes,Melbourne Stars,BR Dunk,JW Wells,JW Hastings,2,0,,,,,,,,,
756739,2014/15,2014-12-20,Melbourne Cricket Ground,1,13.4,Hobart Hurricanes,Melbourne Stars,BR Dunk,JW Wells,JW Hastings,1,0,,,,,,,,,
756739,2014/15,2014-12-20,Melbourne Cricket Ground,1,13.5,Hobart Hurricanes,Melbourne Stars,JW Wells,BR Dunk,JW Hastings,4,1,,1,,,,,,,
756739,2014/15,2014-12-20,Melbourne Cricket Ground,1,13.6,Hobart Hurricanes,Melbourne Stars,JW Wells,BR Dunk,JW Hastings,4,0,,,,,,,,,
756739,2014/15,2014-12-20,Melbourne Cricket Ground,1,13.7,Hobart Hurricanes,Melbourne Stars,JW Wells,BR Dunk,JW Hastings,1,0,,,,,,,,,
756739,2014/15,2014-12-20,Melbourne Cricket Ground,1,14.1,Hobart Hurricanes,Melbourne Stars,JW Wells,BR Dunk,GJ Maxwell,2,0,,,,,,,,,
756739,2014/15,2014-12-20,Melbourne Cricket Ground,1,14.2,Hobart Hurricanes,Melbourne Stars,JW Wells,BR Dunk,GJ Maxwell,2,0,,,,,,,,,
756739,2014/15,2014-12-20,Melbourne Cricket Ground,1,14.3,Hobart Hurricanes,Melbourne Stars,JW Wells,BR Dunk,GJ Maxwell,1,0,,,,,,,,,
756739,2014/15,2014-12-20,Melbourne Cricket Ground,1,14.4,Hobart Hurricanes,Melbourne Stars,BR Dunk,JW Wells,GJ Maxwell,1,0,,,,,,,,,
756739,2014/15,2014-12-20,Melbourne Cricket Ground,1,14.5,Hobart Hurricanes,Melbourne Stars,JW Wells,BR Dunk,GJ Maxwell,1,0,,,,,,,,,
756739,2014/15,2014-12-20,Melbourne Cricket Ground,1,14.6,Hobart Hurricanes,Melbourne Stars,BR Dunk,JW Wells,GJ Maxwell,2,0,,,,,,,,,
756739,2014/15,2014-12-20,Melbourne Cricket Ground,1,15.1,Hobart Hurricanes,Melbourne Stars,JW Wells,BR Dunk,JP Faulkner,1,0,,,,,,,,,
756739,2014/15,2014-12-20,Melbourne Cricket Ground,1,15.2,Hobart Hurricanes,Melbourne Stars,BR Dunk,JW Wells,JP Faulkner,4,0,,,,,,,,,
756739,2014/15,2014-12-20,Melbourne Cricket Ground,1,15.3,Hobart Hurricanes,Melbourne Stars,BR Dunk,JW Wells,JP Faulkner,0,0,,,,,,caught,BR Dunk,,
756739,2014/15,2014-12-20,Melbourne Cricket Ground,1,15.4,Hobart Hurricanes,Melbourne Stars,JW Wells,DJG Sammy,JP Faulkner,2,0,,,,,,,,,
756739,2014/15,2014-12-20,Melbourne Cricket Ground,1,15.5,Hobart Hurricanes,Melbourne Stars,JW Wells,DJG Sammy,JP Faulkner,3,0,,,,,,,,,
756739,2014/15,2014-12-20,Melbourne Cricket Ground,1,15.6,Hobart Hurricanes,Melbourne Stars,DJG Sammy,JW Wells,JP Faulkner,4,0,,,,,,,,,
756739,2014/15,2014-12-20,Melbourne Cricket Ground,1,16.1,Hobart Hurricanes,Melbourne Stars,JW Wells,DJG Sammy,MA Beer,0,0,,,,,,,,,
756739,2014/15,2014-12-20,Melbourne Cricket Ground,1,16.2,Hobart Hurricanes,Melbourne Stars,JW Wells,DJG Sammy,MA Beer,1,0,,,,,,,,,
756739,2014/15,2014-12-20,Melbourne Cricket Ground,1,16.3,Hobart Hurricanes,Melbourne Stars,DJG Sammy,JW Wells,MA Beer,1,0,,,,,,,,,
756739,2014/15,2014-12-20,Melbourne Cricket Ground,1,16.4,Hobart Hurricanes,Melbourne Stars,JW Wells,DJG Sammy,MA Beer,2,0,,,,,,,,,
756739,2014/15,2014-12-20,Melbourne Cricket Ground,1,16.5,Hobart Hurricanes,Melbourne Stars,JW Wells,DJG Sammy,MA Beer,3,0,,,,,,,,,
756739,2014/15,2014-12-20,Melbourne Cricket Ground,1,16.6,Hobart Hurricanes,Melbourne Stars,DJG Sammy,JW Wells,MA Beer,0,0,,,,,,,,,
756739,2014/15,2014-12-20,Melbourne Cricket Ground,1,17.1,Hobart Hurricanes,Melbourne Stars,JW Wells,DJG Sammy,JW Hastings,1,0,,,,,,,,,
756739,2014/15,2014-12-20,Melbourne Cricket Ground,1,17.2,Hobart Hurricanes,Melbourne Stars,DJG Sammy,JW Wells,JW Hastings,1,0,,,,,,,,,
756739,2014/15,2014-12-20,Melbourne Cricket Ground,1,17.3,Hobart Hurricanes,Melbourne Stars,JW Wells,DJG Sammy,JW Hastings,1,0,,,,,,,,,
756739,2014/15,2014-12-20,Melbourne Cricket Ground,1,17.4,Hobart Hurricanes,Melbourne Stars,DJG Sammy,JW Wells,JW Hastings,1,0,,,,,,,,,
756739,2014/15,2014-12-20,Melbourne Cricket Ground,1,17.5,Hobart Hurricanes,Melbourne Stars,JW Wells,DJG Sammy,JW Hastings,2,0,,,,,,,,,
756739,2014/15,2014-12-20,Melbourne Cricket Ground,1,17.6,Hobart Hurricanes,Melbourne Stars,JW Wells,DJG Sammy,JW Hastings,0,0,,,,,,caught,JW Wells,,
756739,2014/15,2014-12-20,Melbourne Cricket Ground,1,18.1,Hobart Hurricanes,Melbourne Stars,EP Gulbis,DJG Sammy,DJ Worrall,1,0,,,,,,,,,
756739,2014/15,2014-12-20,Melbourne Cricket Ground,1,18.2,Hobart Hurricanes,Melbourne Stars,DJG Sammy,EP Gulbis,DJ Worrall,0,1,1,,,,,,,,
756739,2014/15,2014-12-20,Melbourne Cricket Ground,1,18.3,Hobart Hurricanes,Melbourne Stars,DJG Sammy,EP Gulbis,DJ Worrall,6,0,,,,,,,,,
756739,2014/15,2014-12-20,Melbourne Cricket Ground,1,18.4,Hobart Hurricanes,Melbourne Stars,DJG Sammy,EP Gulbis,DJ Worrall,6,0,,,,,,,,,
756739,2014/15,2014-12-20,Melbourne Cricket Ground,1,18.5,Hobart Hurricanes,Melbourne Stars,DJG Sammy,EP Gulbis,DJ Worrall,4,0,,,,,,,,,
756739,2014/15,2014-12-20,Melbourne Cricket Ground,1,18.6,Hobart Hurricanes,Melbourne Stars,DJG Sammy,EP Gulbis,DJ Worrall,6,0,,,,,,,,,
756739,2014/15,2014-12-20,Melbourne Cricket Ground,1,18.7,Hobart Hurricanes,Melbourne Stars,DJG Sammy,EP Gulbis,DJ Worrall,0,1,1,,,,,,,,
756739,2014/15,2014-12-20,Melbourne Cricket Ground,1,18.8,Hobart Hurricanes,Melbourne Stars,DJG Sammy,EP Gulbis,DJ Worrall,4,0,,,,,,,,,
756739,2014/15,2014-12-20,Melbourne Cricket Ground,1,19.1,Hobart Hurricanes,Melbourne Stars,EP Gulbis,DJG Sammy,JP Faulkner,1,0,,,,,,,,,
756739,2014/15,2014-12-20,Melbourne Cricket Ground,1,19.2,Hobart Hurricanes,Melbourne Stars,DJG Sammy,EP Gulbis,JP Faulkner,4,0,,,,,,,,,
756739,2014/15,2014-12-20,Melbourne Cricket Ground,1,19.3,Hobart Hurricanes,Melbourne Stars,DJG Sammy,EP Gulbis,JP Faulkner,1,0,,,,,,,,,
756739,2014/15,2014-12-20,Melbourne Cricket Ground,1,19.4,Hobart Hurricanes,Melbourne Stars,EP Gulbis,DJG Sammy,JP Faulkner,2,0,,,,,,,,,
756739,2014/15,2014-12-20,Melbourne Cricket Ground,1,19.5,Hobart Hurricanes,Melbourne Stars,EP Gulbis,DJG Sammy,JP Faulkner,4,0,,,,,,,,,
756739,2014/15,2014-12-20,Melbourne Cricket Ground,1,19.6,Hobart Hurricanes,Melbourne Stars,EP Gulbis,DJG Sammy,JP Faulkner,6,0,,,,,,,,,
756739,2014/15,2014-12-20,Melbourne Cricket Ground,2,0.1,Melbourne Stars,Hobart Hurricanes,CL White,LJ Wright,XJ Doherty,0,0,,,,,,,,,
756739,2014/15,2014-12-20,Melbourne Cricket Ground,2,0.2,Melbourne Stars,Hobart Hurricanes,CL White,LJ Wright,XJ Doherty,6,0,,,,,,,,,
756739,2014/15,2014-12-20,Melbourne Cricket Ground,2,0.3,Melbourne Stars,Hobart Hurricanes,CL White,LJ Wright,XJ Doherty,1,0,,,,,,,,,
756739,2014/15,2014-12-20,Melbourne Cricket Ground,2,0.4,Melbourne Stars,Hobart Hurricanes,LJ Wright,CL White,XJ Doherty,0,0,,,,,,,,,
756739,2014/15,2014-12-20,Melbourne Cricket Ground,2,0.5,Melbourne Stars,Hobart Hurricanes,LJ Wright,CL White,XJ Doherty,0,0,,,,,,,,,
756739,2014/15,2014-12-20,Melbourne Cricket Ground,2,0.6,Melbourne Stars,Hobart Hurricanes,LJ Wright,CL White,XJ Doherty,1,0,,,,,,,,,
756739,2014/15,2014-12-20,Melbourne Cricket Ground,2,1.1,Melbourne Stars,Hobart Hurricanes,LJ Wright,CL White,JM Mennie,4,0,,,,,,,,,
756739,2014/15,2014-12-20,Melbourne Cricket Ground,2,1.2,Melbourne Stars,Hobart Hurricanes,LJ Wright,CL White,JM Mennie,0,0,,,,,,,,,
756739,2014/15,2014-12-20,Melbourne Cricket Ground,2,1.3,Melbourne Stars,Hobart Hurricanes,LJ Wright,CL White,JM Mennie,3,0,,,,,,,,,
756739,2014/15,2014-12-20,Melbourne Cricket Ground,2,1.4,Melbourne Stars,Hobart Hurricanes,CL White,LJ Wright,JM Mennie,0,0,,,,,,,,,
756739,2014/15,2014-12-20,Melbourne Cricket Ground,2,1.5,Melbourne Stars,Hobart Hurricanes,CL White,LJ Wright,JM Mennie,0,1,,,,1,,,,,
756739,2014/15,2014-12-20,Melbourne Cricket Ground,2,1.6,Melbourne Stars,Hobart Hurricanes,LJ Wright,CL White,JM Mennie,4,0,,,,,,,,,
756739,2014/15,2014-12-20,Melbourne Cricket Ground,2,2.1,Melbourne Stars,Hobart Hurricanes,CL White,LJ Wright,XJ Doherty,1,0,,,,,,,,,
756739,2014/15,2014-12-20,Melbourne Cricket Ground,2,2.2,Melbourne Stars,Hobart Hurricanes,LJ Wright,CL White,XJ Doherty,0,0,,,,,,,,,
756739,2014/15,2014-12-20,Melbourne Cricket Ground,2,2.3,Melbourne Stars,Hobart Hurricanes,LJ Wright,CL White,XJ Doherty,0,0,,,,,,,,,
756739,2014/15,2014-12-20,Melbourne Cricket Ground,2,2.4,Melbourne Stars,Hobart Hurricanes,LJ Wright,CL White,XJ Doherty,1,0,,,,,,,,,
756739,2014/15,2014-12-20,Melbourne Cricket Ground,2,2.5,Melbourne Stars,Hobart Hurricanes,CL White,LJ Wright,XJ Doherty,6,0,,,,,,,,,
756739,2014/15,2014-12-20,Melbourne Cricket Ground,2,2.6,Melbourne Stars,Hobart Hurricanes,CL White,LJ Wright,XJ Doherty,0,1,1,,,,,,,,
756739,2014/15,2014-12-20,Melbourne Cricket Ground,2,2.7,Melbourne Stars,Hobart Hurricanes,CL White,LJ Wright,XJ Doherty,1,0,,,,,,,,,
756739,2014/15,2014-12-20,Melbourne Cricket Ground,2,3.1,Melbourne Stars,Hobart Hurricanes,CL White,LJ Wright,JM Mennie,0,1,,,,1,,,,,
756739,2014/15,2014-12-20,Melbourne Cricket Ground,2,3.2,Melbourne Stars,Hobart Hurricanes,LJ Wright,CL White,JM Mennie,0,0,,,,,,caught,LJ Wright,,
756739,2014/15,2014-12-20,Melbourne Cricket Ground,2,3.3,Melbourne Stars,Hobart Hurricanes,CL White,KP Pietersen,JM Mennie,0,0,,,,,,,,,
756739,2014/15,2014-12-20,Melbourne Cricket Ground,2,3.4,Melbourne Stars,Hobart Hurricanes,CL White,KP Pietersen,JM Mennie,0,0,,,,,,,,,
756739,2014/15,2014-12-20,Melbourne Cricket Ground,2,3.5,Melbourne Stars,Hobart Hurricanes,CL White,KP Pietersen,JM Mennie,0,0,,,,,,,,,
756739,2014/15,2014-12-20,Melbourne Cricket Ground,2,3.6,Melbourne Stars,Hobart Hurricanes,CL White,KP Pietersen,JM Mennie,0,0,,,,,,,,,
756739,2014/15,2014-12-20,Melbourne Cricket Ground,2,4.1,Melbourne Stars,Hobart Hurricanes,KP Pietersen,CL White,EP Gulbis,1,0,,,,,,,,,
756739,2014/15,2014-12-20,Melbourne Cricket Ground,2,4.2,Melbourne Stars,Hobart Hurricanes,CL White,KP Pietersen,EP Gulbis,2,0,,,,,,,,,
756739,2014/15,2014-12-20,Melbourne Cricket Ground,2,4.3,Melbourne Stars,Hobart Hurricanes,CL White,KP Pietersen,EP Gulbis,4,0,,,,,,,,,
756739,2014/15,2014-12-20,Melbourne Cricket Ground,2,4.4,Melbourne Stars,Hobart Hurricanes,CL White,KP Pietersen,EP Gulbis,0,0,,,,,,,,,
756739,2014/15,2014-12-20,Melbourne Cricket Ground,2,4.5,Melbourne Stars,Hobart Hurricanes,CL White,KP Pietersen,EP Gulbis,4,0,,,,,,,,,
756739,2014/15,2014-12-20,Melbourne Cricket Ground,2,4.6,Melbourne Stars,Hobart Hurricanes,CL White,KP Pietersen,EP Gulbis,0,0,,,,,,,,,
756739,2014/15,2014-12-20,Melbourne Cricket Ground,2,5.1,Melbourne Stars,Hobart Hurricanes,KP Pietersen,CL White,BW Hilfenhaus,0,0,,,,,,,,,
756739,2014/15,2014-12-20,Melbourne Cricket Ground,2,5.2,Melbourne Stars,Hobart Hurricanes,KP Pietersen,CL White,BW Hilfenhaus,0,0,,,,,,caught,KP Pietersen,,
756739,2014/15,2014-12-20,Melbourne Cricket Ground,2,5.3,Melbourne Stars,Hobart Hurricanes,GJ Maxwell,CL White,BW Hilfenhaus,4,0,,,,,,,,,
756739,2014/15,2014-12-20,Melbourne Cricket Ground,2,5.4,Melbourne Stars,Hobart Hurricanes,GJ Maxwell,CL White,BW Hilfenhaus,0,0,,,,,,,,,
756739,2014/15,2014-12-20,Melbourne Cricket Ground,2,5.5,Melbourne Stars,Hobart Hurricanes,GJ Maxwell,CL White,BW Hilfenhaus,4,0,,,,,,,,,
756739,2014/15,2014-12-20,Melbourne Cricket Ground,2,5.6,Melbourne Stars,Hobart Hurricanes,GJ Maxwell,CL White,BW Hilfenhaus,0,0,,,,,,,,,
756739,2014/15,2014-12-20,Melbourne Cricket Ground,2,6.1,Melbourne Stars,Hobart Hurricanes,CL White,GJ Maxwell,CJ Boyce,0,0,,,,,,,,,
756739,2014/15,2014-12-20,Melbourne Cricket Ground,2,6.2,Melbourne Stars,Hobart Hurricanes,CL White,GJ Maxwell,CJ Boyce,0,0,,,,,,,,,
756739,2014/15,2014-12-20,Melbourne Cricket Ground,2,6.3,Melbourne Stars,Hobart Hurricanes,CL White,GJ Maxwell,CJ Boyce,0,0,,,,,,,,,
756739,2014/15,2014-12-20,Melbourne Cricket Ground,2,6.4,Melbourne Stars,Hobart Hurricanes,CL White,GJ Maxwell,CJ Boyce,2,0,,,,,,,,,
756739,2014/15,2014-12-20,Melbourne Cricket Ground,2,6.5,Melbourne Stars,Hobart Hurricanes,CL White,GJ Maxwell,CJ Boyce,4,0,,,,,,,,,
756739,2014/15,2014-12-20,Melbourne Cricket Ground,2,6.6,Melbourne Stars,Hobart Hurricanes,CL White,GJ Maxwell,CJ Boyce,1,0,,,,,,,,,
756739,2014/15,2014-12-20,Melbourne Cricket Ground,2,7.1,Melbourne Stars,Hobart Hurricanes,CL White,GJ Maxwell,BW Hilfenhaus,1,0,,,,,,,,,
756739,2014/15,2014-12-20,Melbourne Cricket Ground,2,7.2,Melbourne Stars,Hobart Hurricanes,GJ Maxwell,CL White,BW Hilfenhaus,4,0,,,,,,,,,
756739,2014/15,2014-12-20,Melbourne Cricket Ground,2,7.3,Melbourne Stars,Hobart Hurricanes,GJ Maxwell,CL White,BW Hilfenhaus,0,0,,,,,,caught,GJ Maxwell,,
756739,2014/15,2014-12-20,Melbourne Cricket Ground,2,7.4,Melbourne Stars,Hobart Hurricanes,DJ Hussey,CL White,BW Hilfenhaus,1,0,,,,,,,,,
756739,2014/15,2014-12-20,Melbourne Cricket Ground,2,7.5,Melbourne Stars,Hobart Hurricanes,CL White,DJ Hussey,BW Hilfenhaus,2,0,,,,,,,,,
756739,2014/15,2014-12-20,Melbourne Cricket Ground,2,7.6,Melbourne Stars,Hobart Hurricanes,CL White,DJ Hussey,BW Hilfenhaus,0,0,,,,,,,,,
756739,2014/15,2014-12-20,Melbourne Cricket Ground,2,8.1,Melbourne Stars,Hobart Hurricanes,DJ Hussey,CL White,CJ Boyce,1,0,,,,,,,,,
756739,2014/15,2014-12-20,Melbourne Cricket Ground,2,8.2,Melbourne Stars,Hobart Hurricanes,CL White,DJ Hussey,CJ Boyce,2,0,,,,,,,,,
756739,2014/15,2014-12-20,Melbourne Cricket Ground,2,8.3,Melbourne Stars,Hobart Hurricanes,CL White,DJ Hussey,CJ Boyce,1,0,,,,,,,,,
756739,2014/15,2014-12-20,Melbourne Cricket Ground,2,8.4,Melbourne Stars,Hobart Hurricanes,DJ Hussey,CL White,CJ Boyce,0,0,,,,,,,,,
756739,2014/15,2014-12-20,Melbourne Cricket Ground,2,8.5,Melbourne Stars,Hobart Hurricanes,DJ Hussey,CL White,CJ Boyce,1,0,,,,,,,,,
756739,2014/15,2014-12-20,Melbourne Cricket Ground,2,8.6,Melbourne Stars,Hobart Hurricanes,CL White,DJ Hussey,CJ Boyce,1,0,,,,,,,,,
756739,2014/15,2014-12-20,Melbourne Cricket Ground,2,9.1,Melbourne Stars,Hobart Hurricanes,CL White,DJ Hussey,EP Gulbis,0,0,,,,,,,,,
756739,2014/15,2014-12-20,Melbourne Cricket Ground,2,9.2,Melbourne Stars,Hobart Hurricanes,CL White,DJ Hussey,EP Gulbis,1,0,,,,,,,,,
756739,2014/15,2014-12-20,Melbourne Cricket Ground,2,9.3,Melbourne Stars,Hobart Hurricanes,DJ Hussey,CL White,EP Gulbis,4,0,,,,,,,,,
756739,2014/15,2014-12-20,Melbourne Cricket Ground,2,9.4,Melbourne Stars,Hobart Hurricanes,DJ Hussey,CL White,EP Gulbis,0,0,,,,,,,,,
756739,2014/15,2014-12-20,Melbourne Cricket Ground,2,9.5,Melbourne Stars,Hobart Hurricanes,DJ Hussey,CL White,EP Gulbis,1,0,,,,,,,,,
756739,2014/15,2014-12-20,Melbourne Cricket Ground,2,9.6,Melbourne Stars,Hobart Hurricanes,CL White,DJ Hussey,EP Gulbis,1,0,,,,,,,,,
756739,2014/15,2014-12-20,Melbourne Cricket Ground,2,10.1,Melbourne Stars,Hobart Hurricanes,CL White,DJ Hussey,XJ Doherty,1,0,,,,,,,,,
756739,2014/15,2014-12-20,Melbourne Cricket Ground,2,10.2,Melbourne Stars,Hobart Hurricanes,DJ Hussey,CL White,XJ Doherty,1,0,,,,,,,,,
756739,2014/15,2014-12-20,Melbourne Cricket Ground,2,10.3,Melbourne Stars,Hobart Hurricanes,CL White,DJ Hussey,XJ Doherty,0,0,,,,,,,,,
756739,2014/15,2014-12-20,Melbourne Cricket Ground,2,10.4,Melbourne Stars,Hobart Hurricanes,CL White,DJ Hussey,XJ Doherty,4,0,,,,,,,,,
756739,2014/15,2014-12-20,Melbourne Cricket Ground,2,10.5,Melbourne Stars,Hobart Hurricanes,CL White,DJ Hussey,XJ Doherty,1,0,,,,,,,,,
756739,2014/15,2014-12-20,Melbourne Cricket Ground,2,10.6,Melbourne Stars,Hobart Hurricanes,DJ Hussey,CL White,XJ Doherty,0,0,,,,,,,,,
756739,2014/15,2014-12-20,Melbourne Cricket Ground,2,11.1,Melbourne Stars,Hobart Hurricanes,CL White,DJ Hussey,DJG Sammy,2,0,,,,,,,,,
756739,2014/15,2014-12-20,Melbourne Cricket Ground,2,11.2,Melbourne Stars,Hobart Hurricanes,CL White,DJ Hussey,DJG Sammy,2,0,,,,,,,,,
756739,2014/15,2014-12-20,Melbourne Cricket Ground,2,11.3,Melbourne Stars,Hobart Hurricanes,CL White,DJ Hussey,DJG Sammy,1,0,,,,,,,,,
756739,2014/15,2014-12-20,Melbourne Cricket Ground,2,11.4,Melbourne Stars,Hobart Hurricanes,DJ Hussey,CL White,DJG Sammy,1,0,,,,,,,,,
756739,2014/15,2014-12-20,Melbourne Cricket Ground,2,11.5,Melbourne Stars,Hobart Hurricanes,CL White,DJ Hussey,DJG Sammy,1,0,,,,,,,,,
756739,2014/15,2014-12-20,Melbourne Cricket Ground,2,11.6,Melbourne Stars,Hobart Hurricanes,DJ Hussey,CL White,DJG Sammy,1,0,,,,,,,,,
756739,2014/15,2014-12-20,Melbourne Cricket Ground,2,12.1,Melbourne Stars,Hobart Hurricanes,DJ Hussey,CL White,CJ Boyce,0,0,,,,,,caught,DJ Hussey,,
756739,2014/15,2014-12-20,Melbourne Cricket Ground,2,12.2,Melbourne Stars,Hobart Hurricanes,CL White,JP Faulkner,CJ Boyce,2,0,,,,,,,,,
756739,2014/15,2014-12-20,Melbourne Cricket Ground,2,12.3,Melbourne Stars,Hobart Hurricanes,CL White,JP Faulkner,CJ Boyce,1,0,,,,,,,,,
756739,2014/15,2014-12-20,Melbourne Cricket Ground,2,12.4,Melbourne Stars,Hobart Hurricanes,JP Faulkner,CL White,CJ Boyce,1,0,,,,,,,,,
756739,2014/15,2014-12-20,Melbourne Cricket Ground,2,12.5,Melbourne Stars,Hobart Hurricanes,CL White,JP Faulkner,CJ Boyce,1,0,,,,,,,,,
756739,2014/15,2014-12-20,Melbourne Cricket Ground,2,12.6,Melbourne Stars,Hobart Hurricanes,JP Faulkner,CL White,CJ Boyce,1,0,,,,,,,,,
756739,2014/15,2014-12-20,Melbourne Cricket Ground,2,13.1,Melbourne Stars,Hobart Hurricanes,JP Faulkner,CL White,DJG Sammy,2,0,,,,,,,,,
756739,2014/15,2014-12-20,Melbourne Cricket Ground,2,13.2,Melbourne Stars,Hobart Hurricanes,JP Faulkner,CL White,DJG Sammy,0,0,,,,,,,,,
756739,2014/15,2014-12-20,Melbourne Cricket Ground,2,13.3,Melbourne Stars,Hobart Hurricanes,JP Faulkner,CL White,DJG Sammy,1,0,,,,,,,,,
756739,2014/15,2014-12-20,Melbourne Cricket Ground,2,13.4,Melbourne Stars,Hobart Hurricanes,CL White,JP Faulkner,DJG Sammy,0,0,,,,,,,,,
756739,2014/15,2014-12-20,Melbourne Cricket Ground,2,13.5,Melbourne Stars,Hobart Hurricanes,CL White,JP Faulkner,DJG Sammy,4,0,,,,,,,,,
756739,2014/15,2014-12-20,Melbourne Cricket Ground,2,13.6,Melbourne Stars,Hobart Hurricanes,CL White,JP Faulkner,DJG Sammy,1,0,,,,,,,,,
756739,2014/15,2014-12-20,Melbourne Cricket Ground,2,14.1,Melbourne Stars,Hobart Hurricanes,CL White,JP Faulkner,XJ Doherty,0,0,,,,,,caught,CL White,,
756739,2014/15,2014-12-20,Melbourne Cricket Ground,2,14.2,Melbourne Stars,Hobart Hurricanes,JP Faulkner,TIF Triffitt,XJ Doherty,1,0,,,,,,,,,
756739,2014/15,2014-12-20,Melbourne Cricket Ground,2,14.3,Melbourne Stars,Hobart Hurricanes,TIF Triffitt,JP Faulkner,XJ Doherty,0,0,,,,,,,,,
756739,2014/15,2014-12-20,Melbourne Cricket Ground,2,14.4,Melbourne Stars,Hobart Hurricanes,TIF Triffitt,JP Faulkner,XJ Doherty,0,0,,,,,,,,,
756739,2014/15,2014-12-20,Melbourne Cricket Ground,2,14.5,Melbourne Stars,Hobart Hurricanes,TIF Triffitt,JP Faulkner,XJ Doherty,0,0,,,,,,,,,
756739,2014/15,2014-12-20,Melbourne Cricket Ground,2,14.6,Melbourne Stars,Hobart Hurricanes,TIF Triffitt,JP Faulkner,XJ Doherty,1,0,,,,,,,,,
756739,2014/15,2014-12-20,Melbourne Cricket Ground,2,15.1,Melbourne Stars,Hobart Hurricanes,TIF Triffitt,JP Faulkner,BW Hilfenhaus,1,0,,,,,,,,,
756739,2014/15,2014-12-20,Melbourne Cricket Ground,2,15.2,Melbourne Stars,Hobart Hurricanes,JP Faulkner,TIF Triffitt,BW Hilfenhaus,1,0,,,,,,,,,
756739,2014/15,2014-12-20,Melbourne Cricket Ground,2,15.3,Melbourne Stars,Hobart Hurricanes,TIF Triffitt,JP Faulkner,BW Hilfenhaus,1,0,,,,,,,,,
756739,2014/15,2014-12-20,Melbourne Cricket Ground,2,15.4,Melbourne Stars,Hobart Hurricanes,JP Faulkner,TIF Triffitt,BW Hilfenhaus,0,0,,,,,,,,,
756739,2014/15,2014-12-20,Melbourne Cricket Ground,2,15.5,Melbourne Stars,Hobart Hurricanes,JP Faulkner,TIF Triffitt,BW Hilfenhaus,3,0,,,,,,,,,
756739,2014/15,2014-12-20,Melbourne Cricket Ground,2,15.6,Melbourne Stars,Hobart Hurricanes,TIF Triffitt,JP Faulkner,BW Hilfenhaus,0,0,,,,,,caught,TIF Triffitt,,
756739,2014/15,2014-12-20,Melbourne Cricket Ground,2,16.1,Melbourne Stars,Hobart Hurricanes,JP Faulkner,JW Hastings,CJ Boyce,1,0,,,,,,,,,
756739,2014/15,2014-12-20,Melbourne Cricket Ground,2,16.2,Melbourne Stars,Hobart Hurricanes,JW Hastings,JP Faulkner,CJ Boyce,1,0,,,,,,,,,
756739,2014/15,2014-12-20,Melbourne Cricket Ground,2,16.3,Melbourne Stars,Hobart Hurricanes,JP Faulkner,JW Hastings,CJ Boyce,4,0,,,,,,,,,
756739,2014/15,2014-12-20,Melbourne Cricket Ground,2,16.4,Melbourne Stars,Hobart Hurricanes,JP Faulkner,JW Hastings,CJ Boyce,0,0,,,,,,,,,
756739,2014/15,2014-12-20,Melbourne Cricket Ground,2,16.5,Melbourne Stars,Hobart Hurricanes,JP Faulkner,JW Hastings,CJ Boyce,2,0,,,,,,,,,
756739,2014/15,2014-12-20,Melbourne Cricket Ground,2,16.6,Melbourne Stars,Hobart Hurricanes,JP Faulkner,JW Hastings,CJ Boyce,1,0,,,,,,,,,
756739,2014/15,2014-12-20,Melbourne Cricket Ground,2,17.1,Melbourne Stars,Hobart Hurricanes,JP Faulkner,JW Hastings,JM Mennie,0,0,,,,,,,,,
756739,2014/15,2014-12-20,Melbourne Cricket Ground,2,17.2,Melbourne Stars,Hobart Hurricanes,JP Faulkner,JW Hastings,JM Mennie,2,0,,,,,,,,,
756739,2014/15,2014-12-20,Melbourne Cricket Ground,2,17.3,Melbourne Stars,Hobart Hurricanes,JP Faulkner,JW Hastings,JM Mennie,0,0,,,,,,,,,
756739,2014/15,2014-12-20,Melbourne Cricket Ground,2,17.4,Melbourne Stars,Hobart Hurricanes,JP Faulkner,JW Hastings,JM Mennie,0,0,,,,,,bowled,JP Faulkner,,
756739,2014/15,2014-12-20,Melbourne Cricket Ground,2,17.5,Melbourne Stars,Hobart Hurricanes,DJ Worrall,JW Hastings,JM Mennie,1,0,,,,,,,,,
756739,2014/15,2014-12-20,Melbourne Cricket Ground,2,17.6,Melbourne Stars,Hobart Hurricanes,JW Hastings,DJ Worrall,JM Mennie,1,0,,,,,,,,,
756739,2014/15,2014-12-20,Melbourne Cricket Ground,2,18.1,Melbourne Stars,Hobart Hurricanes,JW Hastings,DJ Worrall,BW Hilfenhaus,0,0,,,,,,,,,
756739,2014/15,2014-12-20,Melbourne Cricket Ground,2,18.2,Melbourne Stars,Hobart Hurricanes,JW Hastings,DJ Worrall,BW Hilfenhaus,0,0,,,,,,,,,
756739,2014/15,2014-12-20,Melbourne Cricket Ground,2,18.3,Melbourne Stars,Hobart Hurricanes,JW Hastings,DJ Worrall,BW Hilfenhaus,4,0,,,,,,,,,
756739,2014/15,2014-12-20,Melbourne Cricket Ground,2,18.4,Melbourne Stars,Hobart Hurricanes,JW Hastings,DJ Worrall,BW Hilfenhaus,0,0,,,,,,caught,JW Hastings,,
756739,2014/15,2014-12-20,Melbourne Cricket Ground,2,18.5,Melbourne Stars,Hobart Hurricanes,DJ Worrall,JM Bird,BW Hilfenhaus,0,0,,,,,,,,,
756739,2014/15,2014-12-20,Melbourne Cricket Ground,2,18.6,Melbourne Stars,Hobart Hurricanes,DJ Worrall,JM Bird,BW Hilfenhaus,1,0,,,,,,,,,
756739,2014/15,2014-12-20,Melbourne Cricket Ground,2,19.1,Melbourne Stars,Hobart Hurricanes,DJ Worrall,JM Bird,JM Mennie,1,0,,,,,,,,,
756739,2014/15,2014-12-20,Melbourne Cricket Ground,2,19.2,Melbourne Stars,Hobart Hurricanes,JM Bird,DJ Worrall,JM Mennie,0,0,,,,,,caught,JM Bird,,
756739,2014/15,2014-12-20,Melbourne Cricket Ground,2,19.3,Melbourne Stars,Hobart Hurricanes,DJ Worrall,MA Beer,JM Mennie,2,0,,,,,,,,,
756739,2014/15,2014-12-20,Melbourne Cricket Ground,2,19.4,Melbourne Stars,Hobart Hurricanes,DJ Worrall,MA Beer,JM Mennie,1,0,,,,,,,,,
756739,2014/15,2014-12-20,Melbourne Cricket Ground,2,19.5,Melbourne Stars,Hobart Hurricanes,MA Beer,DJ Worrall,JM Mennie,0,0,,,,,,,,,
756739,2014/15,2014-12-20,Melbourne Cricket Ground,2,19.6,Melbourne Stars,Hobart Hurricanes,MA Beer,DJ Worrall,JM Mennie,1,0,,,,,,,,,
