match_id,season,start_date,venue,innings,ball,batting_team,bowling_team,striker,non_striker,bowler,runs_off_bat,extras,wides,noballs,byes,legbyes,penalty,wicket_type,player_dismissed,other_wicket_type,other_player_dismissed
897745,2015/16,2016-01-10,Sydney Cricket Ground,1,0.1,Brisbane Heat,Sydney Sixers,JJ Peirson,LMP Simmons,DE Bollinger,0,1,1,,,,,,,,
897745,2015/16,2016-01-10,Sydney Cricket Ground,1,0.2,Brisbane Heat,Sydney Sixers,JJ Peirson,LMP Simmons,DE Bollinger,0,0,,,,,,,,,
897745,2015/16,2016-01-10,Sydney Cricket Ground,1,0.3,Brisbane Heat,Sydney Sixers,JJ Peirson,LMP Simmons,DE Bollinger,0,0,,,,,,,,,
897745,2015/16,2016-01-10,Sydney Cricket Ground,1,0.4,Brisbane Heat,Sydney Sixers,JJ Peirson,LMP Simmons,DE Bollinger,0,0,,,,,,,,,
897745,2015/16,2016-01-10,Sydney Cricket Ground,1,0.5,Brisbane Heat,Sydney Sixers,JJ Peirson,LMP Simmons,DE Bollinger,1,0,,,,,,,,,
897745,2015/16,2016-01-10,Sydney Cricket Ground,1,0.6,Brisbane Heat,Sydney Sixers,LMP Simmons,JJ Peirson,DE Bollinger,1,0,,,,,,,,,
897745,2015/16,2016-01-10,Sydney Cricket Ground,1,0.7,Brisbane Heat,Sydney Sixers,JJ Peirson,LMP Simmons,DE Bollinger,1,0,,,,,,,,,
897745,2015/16,2016-01-10,Sydney Cricket Ground,1,1.1,Brisbane Heat,Sydney Sixers,JJ Peirson,LMP Simmons,JM Bird,6,0,,,,,,,,,
897745,2015/16,2016-01-10,Sydney Cricket Ground,1,1.2,Brisbane Heat,Sydney Sixers,JJ Peirson,LMP Simmons,JM Bird,2,0,,,,,,,,,
897745,2015/16,2016-01-10,Sydney Cricket Ground,1,1.3,Brisbane Heat,Sydney Sixers,JJ Peirson,LMP Simmons,JM Bird,0,0,,,,,,,,,
897745,2015/16,2016-01-10,Sydney Cricket Ground,1,1.4,Brisbane Heat,Sydney Sixers,JJ Peirson,LMP Simmons,JM Bird,0,0,,,,,,caught,JJ Peirson,,
897745,2015/16,2016-01-10,Sydney Cricket Ground,1,1.5,Brisbane Heat,Sydney Sixers,LMP Simmons,CA Lynn,JM Bird,0,0,,,,,,,,,
897745,2015/16,2016-01-10,Sydney Cricket Ground,1,1.6,Brisbane Heat,Sydney Sixers,LMP Simmons,CA Lynn,JM Bird,0,0,,,,,,,,,
897745,2015/16,2016-01-10,Sydney Cricket Ground,1,2.1,Brisbane Heat,Sydney Sixers,CA Lynn,LMP Simmons,DE Bollinger,0,0,,,,,,,,,
897745,2015/16,2016-01-10,Sydney Cricket Ground,1,2.2,Brisbane Heat,Sydney Sixers,CA Lynn,LMP Simmons,DE Bollinger,1,0,,,,,,,,,
897745,2015/16,2016-01-10,Sydney Cricket Ground,1,2.3,Brisbane Heat,Sydney Sixers,LMP Simmons,CA Lynn,DE Bollinger,4,0,,,,,,,,,
897745,2015/16,2016-01-10,Sydney Cricket Ground,1,2.4,Brisbane Heat,Sydney Sixers,LMP Simmons,CA Lynn,DE Bollinger,0,0,,,,,,,,,
897745,2015/16,2016-01-10,Sydney Cricket Ground,1,2.5,Brisbane Heat,Sydney Sixers,LMP Simmons,CA Lynn,DE Bollinger,4,0,,,,,,,,,
897745,2015/16,2016-01-10,Sydney Cricket Ground,1,2.6,Brisbane Heat,Sydney Sixers,LMP Simmons,CA Lynn,DE Bollinger,1,0,,,,,,,,,
897745,2015/16,2016-01-10,Sydney Cricket Ground,1,3.1,Brisbane Heat,Sydney Sixers,LMP Simmons,CA Lynn,JM Bird,0,0,,,,,,,,,
897745,2015/16,2016-01-10,Sydney Cricket Ground,1,3.2,Brisbane Heat,Sydney Sixers,LMP Simmons,CA Lynn,JM Bird,4,0,,,,,,,,,
897745,2015/16,2016-01-10,Sydney Cricket Ground,1,3.3,Brisbane Heat,Sydney Sixers,LMP Simmons,CA Lynn,JM Bird,4,0,,,,,,,,,
897745,2015/16,2016-01-10,Sydney Cricket Ground,1,3.4,Brisbane Heat,Sydney Sixers,LMP Simmons,CA Lynn,JM Bird,0,0,,,,,,,,,
897745,2015/16,2016-01-10,Sydney Cricket Ground,1,3.5,Brisbane Heat,Sydney Sixers,LMP Simmons,CA Lynn,JM Bird,1,0,,,,,,,,,
897745,2015/16,2016-01-10,Sydney Cricket Ground,1,3.6,Brisbane Heat,Sydney Sixers,CA Lynn,LMP Simmons,JM Bird,0,0,,,,,,,,,
897745,2015/16,2016-01-10,Sydney Cricket Ground,1,4.1,Brisbane Heat,Sydney Sixers,LMP Simmons,CA Lynn,DE Bollinger,0,2,,,2,,,,,,
897745,2015/16,2016-01-10,Sydney Cricket Ground,1,4.2,Brisbane Heat,Sydney Sixers,LMP Simmons,CA Lynn,DE Bollinger,1,0,,,,,,,,,
897745,2015/16,2016-01-10,Sydney Cricket Ground,1,4.3,Brisbane Heat,Sydney Sixers,CA Lynn,LMP Simmons,DE Bollinger,0,0,,,,,,,,,
897745,2015/16,2016-01-10,Sydney Cricket Ground,1,4.4,Brisbane Heat,Sydney Sixers,CA Lynn,LMP Simmons,DE Bollinger,0,0,,,,,,caught,CA Lynn,,
897745,2015/16,2016-01-10,Sydney Cricket Ground,1,4.5,Brisbane Heat,Sydney Sixers,JA Burns,LMP Simmons,DE Bollinger,0,0,,,,,,,,,
897745,2015/16,2016-01-10,Sydney Cricket Ground,1,4.6,Brisbane Heat,Sydney Sixers,JA Burns,LMP Simmons,DE Bollinger,0,0,,,,,,,,,
897745,2015/16,2016-01-10,Sydney Cricket Ground,1,5.1,Brisbane Heat,Sydney Sixers,LMP Simmons,JA Burns,JM Bird,4,0,,,,,,,,,
897745,2015/16,2016-01-10,Sydney Cricket Ground,1,5.2,Brisbane Heat,Sydney Sixers,LMP Simmons,JA Burns,JM Bird,1,0,,,,,,,,,
897745,2015/16,2016-01-10,Sydney Cricket Ground,1,5.3,Brisbane Heat,Sydney Sixers,JA Burns,LMP Simmons,JM Bird,0,0,,,,,,,,,
897745,2015/16,2016-01-10,Sydney Cricket Ground,1,5.4,Brisbane Heat,Sydney Sixers,JA Burns,LMP Simmons,JM Bird,0,0,,,,,,,,,
897745,2015/16,2016-01-10,Sydney Cricket Ground,1,5.5,Brisbane Heat,Sydney Sixers,JA Burns,LMP Simmons,JM Bird,1,0,,,,,,,,,
897745,2015/16,2016-01-10,Sydney Cricket Ground,1,5.6,Brisbane Heat,Sydney Sixers,LMP Simmons,JA Burns,JM Bird,4,0,,,,,,,,,
897745,2015/16,2016-01-10,Sydney Cricket Ground,1,6.1,Brisbane Heat,Sydney Sixers,JA Burns,LMP Simmons,NM Lyon,0,0,,,,,,,,,
897745,2015/16,2016-01-10,Sydney Cricket Ground,1,6.2,Brisbane Heat,Sydney Sixers,JA Burns,LMP Simmons,NM Lyon,1,0,,,,,,,,,
897745,2015/16,2016-01-10,Sydney Cricket Ground,1,6.3,Brisbane Heat,Sydney Sixers,LMP Simmons,JA Burns,NM Lyon,0,0,,,,,,,,,
897745,2015/16,2016-01-10,Sydney Cricket Ground,1,6.4,Brisbane Heat,Sydney Sixers,LMP Simmons,JA Burns,NM Lyon,1,0,,,,,,,,,
897745,2015/16,2016-01-10,Sydney Cricket Ground,1,6.5,Brisbane Heat,Sydney Sixers,JA Burns,LMP Simmons,NM Lyon,2,0,,,,,,,,,
897745,2015/16,2016-01-10,Sydney Cricket Ground,1,6.6,Brisbane Heat,Sydney Sixers,JA Burns,LMP Simmons,NM Lyon,1,0,,,,,,,,,
897745,2015/16,2016-01-10,Sydney Cricket Ground,1,7.1,Brisbane Heat,Sydney Sixers,JA Burns,LMP Simmons,J Botha,0,0,,,,,,,,,
897745,2015/16,2016-01-10,Sydney Cricket Ground,1,7.2,Brisbane Heat,Sydney Sixers,JA Burns,LMP Simmons,J Botha,1,0,,,,,,,,,
897745,2015/16,2016-01-10,Sydney Cricket Ground,1,7.3,Brisbane Heat,Sydney Sixers,LMP Simmons,JA Burns,J Botha,1,0,,,,,,,,,
897745,2015/16,2016-01-10,Sydney Cricket Ground,1,7.4,Brisbane Heat,Sydney Sixers,JA Burns,LMP Simmons,J Botha,0,0,,,,,,,,,
897745,2015/16,2016-01-10,Sydney Cricket Ground,1,7.5,Brisbane Heat,Sydney Sixers,JA Burns,LMP Simmons,J Botha,2,0,,,,,,,,,
897745,2015/16,2016-01-10,Sydney Cricket Ground,1,7.6,Brisbane Heat,Sydney Sixers,JA Burns,LMP Simmons,J Botha,1,0,,,,,,,,,
897745,2015/16,2016-01-10,Sydney Cricket Ground,1,8.1,Brisbane Heat,Sydney Sixers,JA Burns,LMP Simmons,NM Lyon,2,0,,,,,,,,,
897745,2015/16,2016-01-10,Sydney Cricket Ground,1,8.2,Brisbane Heat,Sydney Sixers,JA Burns,LMP Simmons,NM Lyon,6,0,,,,,,,,,
897745,2015/16,2016-01-10,Sydney Cricket Ground,1,8.3,Brisbane Heat,Sydney Sixers,JA Burns,LMP Simmons,NM Lyon,2,0,,,,,,,,,
897745,2015/16,2016-01-10,Sydney Cricket Ground,1,8.4,Brisbane Heat,Sydney Sixers,JA Burns,LMP Simmons,NM Lyon,0,0,,,,,,,,,
897745,2015/16,2016-01-10,Sydney Cricket Ground,1,8.5,Brisbane Heat,Sydney Sixers,JA Burns,LMP Simmons,NM Lyon,1,0,,,,,,,,,
897745,2015/16,2016-01-10,Sydney Cricket Ground,1,8.6,Brisbane Heat,Sydney Sixers,LMP Simmons,JA Burns,NM Lyon,2,0,,,,,,,,,
897745,2015/16,2016-01-10,Sydney Cricket Ground,1,9.1,Brisbane Heat,Sydney Sixers,JA Burns,LMP Simmons,BJ Dwarshuis,1,0,,,,,,,,,
897745,2015/16,2016-01-10,Sydney Cricket Ground,1,9.2,Brisbane Heat,Sydney Sixers,LMP Simmons,JA Burns,BJ Dwarshuis,4,0,,,,,,,,,
897745,2015/16,2016-01-10,Sydney Cricket Ground,1,9.3,Brisbane Heat,Sydney Sixers,LMP Simmons,JA Burns,BJ Dwarshuis,1,0,,,,,,,,,
897745,2015/16,2016-01-10,Sydney Cricket Ground,1,9.4,Brisbane Heat,Sydney Sixers,JA Burns,LMP Simmons,BJ Dwarshuis,0,0,,,,,,,,,
897745,2015/16,2016-01-10,Sydney Cricket Ground,1,9.5,Brisbane Heat,Sydney Sixers,JA Burns,LMP Simmons,BJ Dwarshuis,0,1,1,,,,,,,,
897745,2015/16,2016-01-10,Sydney Cricket Ground,1,9.6,Brisbane Heat,Sydney Sixers,JA Burns,LMP Simmons,BJ Dwarshuis,4,0,,,,,,,,,
897745,2015/16,2016-01-10,Sydney Cricket Ground,1,9.7,Brisbane Heat,Sydney Sixers,JA Burns,LMP Simmons,BJ Dwarshuis,1,0,,,,,,,,,
897745,2015/16,2016-01-10,Sydney Cricket Ground,1,10.1,Brisbane Heat,Sydney Sixers,JA Burns,LMP Simmons,J Botha,1,0,,,,,,,,,
897745,2015/16,2016-01-10,Sydney Cricket Ground,1,10.2,Brisbane Heat,Sydney Sixers,LMP Simmons,JA Burns,J Botha,1,0,,,,,,,,,
897745,2015/16,2016-01-10,Sydney Cricket Ground,1,10.3,Brisbane Heat,Sydney Sixers,JA Burns,LMP Simmons,J Botha,1,0,,,,,,,,,
897745,2015/16,2016-01-10,Sydney Cricket Ground,1,10.4,Brisbane Heat,Sydney Sixers,LMP Simmons,JA Burns,J Botha,4,0,,,,,,,,,
897745,2015/16,2016-01-10,Sydney Cricket Ground,1,10.5,Brisbane Heat,Sydney Sixers,LMP Simmons,JA Burns,J Botha,1,0,,,,,,,,,
897745,2015/16,2016-01-10,Sydney Cricket Ground,1,10.6,Brisbane Heat,Sydney Sixers,JA Burns,LMP Simmons,J Botha,1,0,,,,,,,,,
897745,2015/16,2016-01-10,Sydney Cricket Ground,1,11.1,Brisbane Heat,Sydney Sixers,JA Burns,LMP Simmons,JM Bird,0,0,,,,,,,,,
897745,2015/16,2016-01-10,Sydney Cricket Ground,1,11.2,Brisbane Heat,Sydney Sixers,JA Burns,LMP Simmons,JM Bird,2,0,,,,,,,,,
897745,2015/16,2016-01-10,Sydney Cricket Ground,1,11.3,Brisbane Heat,Sydney Sixers,JA Burns,LMP Simmons,JM Bird,0,0,,,,,,,,,
897745,2015/16,2016-01-10,Sydney Cricket Ground,1,11.4,Brisbane Heat,Sydney Sixers,JA Burns,LMP Simmons,JM Bird,4,0,,,,,,,,,
897745,2015/16,2016-01-10,Sydney Cricket Ground,1,11.5,Brisbane Heat,Sydney Sixers,JA Burns,LMP Simmons,JM Bird,1,0,,,,,,,,,
897745,2015/16,2016-01-10,Sydney Cricket Ground,1,11.6,Brisbane Heat,Sydney Sixers,LMP Simmons,JA Burns,JM Bird,0,1,1,,,,,,,,
897745,2015/16,2016-01-10,Sydney Cricket Ground,1,11.7,Brisbane Heat,Sydney Sixers,LMP Simmons,JA Burns,JM Bird,0,0,,,,,,,,,
897745,2015/16,2016-01-10,Sydney Cricket Ground,1,12.1,Brisbane Heat,Sydney Sixers,JA Burns,LMP Simmons,J Botha,1,0,,,,,,,,,
897745,2015/16,2016-01-10,Sydney Cricket Ground,1,12.2,Brisbane Heat,Sydney Sixers,LMP Simmons,JA Burns,J Botha,4,0,,,,,,,,,
897745,2015/16,2016-01-10,Sydney Cricket Ground,1,12.3,Brisbane Heat,Sydney Sixers,LMP Simmons,JA Burns,J Botha,6,0,,,,,,,,,
897745,2015/16,2016-01-10,Sydney Cricket Ground,1,12.4,Brisbane Heat,Sydney Sixers,LMP Simmons,JA Burns,J Botha,0,0,,,,,,caught,LMP Simmons,,
897745,2015/16,2016-01-10,Sydney Cricket Ground,1,12.5,Brisbane Heat,Sydney Sixers,JA Burns,NJ Reardon,J Botha,4,0,,,,,,,,,
897745,2015/16,2016-01-10,Sydney Cricket Ground,1,12.6,Brisbane Heat,Sydney Sixers,JA Burns,NJ Reardon,J Botha,2,0,,,,,,,,,
897745,2015/16,2016-01-10,Sydney Cricket Ground,1,13.1,Brisbane Heat,Sydney Sixers,NJ Reardon,JA Burns,NM Lyon,1,0,,,,,,,,,
897745,2015/16,2016-01-10,Sydney Cricket Ground,1,13.2,Brisbane Heat,Sydney Sixers,JA Burns,NJ Reardon,NM Lyon,0,0,,,,,,,,,
897745,2015/16,2016-01-10,Sydney Cricket Ground,1,13.3,Brisbane Heat,Sydney Sixers,JA Burns,NJ Reardon,NM Lyon,0,0,,,,,,,,,
897745,2015/16,2016-01-10,Sydney Cricket Ground,1,13.4,Brisbane Heat,Sydney Sixers,JA Burns,NJ Reardon,NM Lyon,0,0,,,,,,,,,
897745,2015/16,2016-01-10,Sydney Cricket Ground,1,13.5,Brisbane Heat,Sydney Sixers,JA Burns,NJ Reardon,NM Lyon,0,0,,,,,,,,,
897745,2015/16,2016-01-10,Sydney Cricket Ground,1,13.6,Brisbane Heat,Sydney Sixers,JA Burns,NJ Reardon,NM Lyon,1,0,,,,,,,,,
897745,2015/16,2016-01-10,Sydney Cricket Ground,1,14.1,Brisbane Heat,Sydney Sixers,JA Burns,NJ Reardon,J Botha,0,0,,,,,,,,,
897745,2015/16,2016-01-10,Sydney Cricket Ground,1,14.2,Brisbane Heat,Sydney Sixers,JA Burns,NJ Reardon,J Botha,0,0,,,,,,,,,
897745,2015/16,2016-01-10,Sydney Cricket Ground,1,14.3,Brisbane Heat,Sydney Sixers,JA Burns,NJ Reardon,J Botha,0,0,,,,,,,,,
897745,2015/16,2016-01-10,Sydney Cricket Ground,1,14.4,Brisbane Heat,Sydney Sixers,JA Burns,NJ Reardon,J Botha,6,0,,,,,,,,,
897745,2015/16,2016-01-10,Sydney Cricket Ground,1,14.5,Brisbane Heat,Sydney Sixers,JA Burns,NJ Reardon,J Botha,6,0,,,,,,,,,
897745,2015/16,2016-01-10,Sydney Cricket Ground,1,14.6,Brisbane Heat,Sydney Sixers,JA Burns,NJ Reardon,J Botha,2,0,,,,,,,,,
897745,2015/16,2016-01-10,Sydney Cricket Ground,1,15.1,Brisbane Heat,Sydney Sixers,NJ Reardon,JA Burns,NM Lyon,2,0,,,,,,,,,
897745,2015/16,2016-01-10,Sydney Cricket Ground,1,15.2,Brisbane Heat,Sydney Sixers,NJ Reardon,JA Burns,NM Lyon,1,0,,,,,,,,,
897745,2015/16,2016-01-10,Sydney Cricket Ground,1,15.3,Brisbane Heat,Sydney Sixers,JA Burns,NJ Reardon,NM Lyon,1,0,,,,,,,,,
897745,2015/16,2016-01-10,Sydney Cricket Ground,1,15.4,Brisbane Heat,Sydney Sixers,NJ Reardon,JA Burns,NM Lyon,0,0,,,,,,,,,
897745,2015/16,2016-01-10,Sydney Cricket Ground,1,15.5,Brisbane Heat,Sydney Sixers,NJ Reardon,JA Burns,NM Lyon,2,0,,,,,,,,,
897745,2015/16,2016-01-10,Sydney Cricket Ground,1,15.6,Brisbane Heat,Sydney Sixers,NJ Reardon,JA Burns,NM Lyon,1,0,,,,,,,,,
897745,2015/16,2016-01-10,Sydney Cricket Ground,1,16.1,Brisbane Heat,Sydney Sixers,NJ Reardon,JA Burns,BJ Dwarshuis,0,0,,,,,,bowled,NJ Reardon,,
897745,2015/16,2016-01-10,Sydney Cricket Ground,1,16.2,Brisbane Heat,Sydney Sixers,BCJ Cutting,JA Burns,BJ Dwarshuis,0,0,,,,,,,,,
897745,2015/16,2016-01-10,Sydney Cricket Ground,1,16.3,Brisbane Heat,Sydney Sixers,BCJ Cutting,JA Burns,BJ Dwarshuis,2,0,,,,,,,,,
897745,2015/16,2016-01-10,Sydney Cricket Ground,1,16.4,Brisbane Heat,Sydney Sixers,BCJ Cutting,JA Burns,BJ Dwarshuis,6,0,,,,,,,,,
897745,2015/16,2016-01-10,Sydney Cricket Ground,1,16.5,Brisbane Heat,Sydney Sixers,BCJ Cutting,JA Burns,BJ Dwarshuis,1,0,,,,,,,,,
897745,2015/16,2016-01-10,Sydney Cricket Ground,1,16.6,Brisbane Heat,Sydney Sixers,JA Burns,BCJ Cutting,BJ Dwarshuis,1,0,,,,,,,,,
897745,2015/16,2016-01-10,Sydney Cricket Ground,1,17.1,Brisbane Heat,Sydney Sixers,JA Burns,BCJ Cutting,SA Abbott,0,0,,,,,,,,,
897745,2015/16,2016-01-10,Sydney Cricket Ground,1,17.2,Brisbane Heat,Sydney Sixers,JA Burns,BCJ Cutting,SA Abbott,0,0,,,,,,,,,
897745,2015/16,2016-01-10,Sydney Cricket Ground,1,17.3,Brisbane Heat,Sydney Sixers,JA Burns,BCJ Cutting,SA Abbott,0,0,,,,,,,,,
897745,2015/16,2016-01-10,Sydney Cricket Ground,1,17.4,Brisbane Heat,Sydney Sixers,JA Burns,BCJ Cutting,SA Abbott,0,0,,,,,,caught,JA Burns,,
897745,2015/16,2016-01-10,Sydney Cricket Ground,1,17.5,Brisbane Heat,Sydney Sixers,BCJ Cutting,JS Floros,SA Abbott,1,0,,,,,,,,,
897745,2015/16,2016-01-10,Sydney Cricket Ground,1,17.6,Brisbane Heat,Sydney Sixers,JS Floros,BCJ Cutting,SA Abbott,1,0,,,,,,,,,
897745,2015/16,2016-01-10,Sydney Cricket Ground,1,18.1,Brisbane Heat,Sydney Sixers,JS Floros,BCJ Cutting,DE Bollinger,0,0,,,,,,,,,
897745,2015/16,2016-01-10,Sydney Cricket Ground,1,18.2,Brisbane Heat,Sydney Sixers,JS Floros,BCJ Cutting,DE Bollinger,0,0,,,,,,,,,
897745,2015/16,2016-01-10,Sydney Cricket Ground,1,18.3,Brisbane Heat,Sydney Sixers,JS Floros,BCJ Cutting,DE Bollinger,0,0,,,,,,,,,
897745,2015/16,2016-01-10,Sydney Cricket Ground,1,18.4,Brisbane Heat,Sydney Sixers,JS Floros,BCJ Cutting,DE Bollinger,4,0,,,,,,,,,
897745,2015/16,2016-01-10,Sydney Cricket Ground,1,18.5,Brisbane Heat,Sydney Sixers,JS Floros,BCJ Cutting,DE Bollinger,4,0,,,,,,,,,
897745,2015/16,2016-01-10,Sydney Cricket Ground,1,18.6,Brisbane Heat,Sydney Sixers,JS Floros,BCJ Cutting,DE Bollinger,0,0,,,,,,,,,
897745,2015/16,2016-01-10,Sydney Cricket Ground,1,19.1,Brisbane Heat,Sydney Sixers,BCJ Cutting,JS Floros,SA Abbott,2,0,,,,,,,,,
897745,2015/16,2016-01-10,Sydney Cricket Ground,1,19.2,Brisbane Heat,Sydney Sixers,BCJ Cutting,JS Floros,SA Abbott,0,1,1,,,,,,,,
897745,2015/16,2016-01-10,Sydney Cricket Ground,1,19.3,Brisbane Heat,Sydney Sixers,BCJ Cutting,JS Floros,SA Abbott,0,0,,,,,,,,,
897745,2015/16,2016-01-10,Sydney Cricket Ground,1,19.4,Brisbane Heat,Sydney Sixers,BCJ Cutting,JS Floros,SA Abbott,0,0,,,,,,caught,BCJ Cutting,,
897745,2015/16,2016-01-10,Sydney Cricket Ground,1,19.5,Brisbane Heat,Sydney Sixers,JS Floros,JR Hopes,SA Abbott,0,0,,,,,,caught,JS Floros,,
897745,2015/16,2016-01-10,Sydney Cricket Ground,1,19.6,Brisbane Heat,Sydney Sixers,JR Hopes,JK Lalor,SA Abbott,2,0,,,,,,,,,
897745,2015/16,2016-01-10,Sydney Cricket Ground,1,19.7,Brisbane Heat,Sydney Sixers,JR Hopes,JK Lalor,SA Abbott,1,0,,,,,,run out,JR Hopes,,
897745,2015/16,2016-01-10,Sydney Cricket Ground,2,0.1,Sydney Sixers,Brisbane Heat,EJM Cowan,MJ Lumb,JR Hopes,0,0,,,,,,,,,
897745,2015/16,2016-01-10,Sydney Cricket Ground,2,0.2,Sydney Sixers,Brisbane Heat,EJM Cowan,MJ Lumb,JR Hopes,0,0,,,,,,,,,
897745,2015/16,2016-01-10,Sydney Cricket Ground,2,0.3,Sydney Sixers,Brisbane Heat,EJM Cowan,MJ Lumb,JR Hopes,0,0,,,,,,,,,
897745,2015/16,2016-01-10,Sydney Cricket Ground,2,0.4,Sydney Sixers,Brisbane Heat,EJM Cowan,MJ Lumb,JR Hopes,1,0,,,,,,,,,
897745,2015/16,2016-01-10,Sydney Cricket Ground,2,0.5,Sydney Sixers,Brisbane Heat,MJ Lumb,EJM Cowan,JR Hopes,1,0,,,,,,,,,
897745,2015/16,2016-01-10,Sydney Cricket Ground,2,0.6,Sydney Sixers,Brisbane Heat,EJM Cowan,MJ Lumb,JR Hopes,2,0,,,,,,,,,
897745,2015/16,2016-01-10,Sydney Cricket Ground,2,1.1,Sydney Sixers,Brisbane Heat,MJ Lumb,EJM Cowan,S Badree,1,0,,,,,,,,,
897745,2015/16,2016-01-10,Sydney Cricket Ground,2,1.2,Sydney Sixers,Brisbane Heat,EJM Cowan,MJ Lumb,S Badree,1,0,,,,,,,,,
897745,2015/16,2016-01-10,Sydney Cricket Ground,2,1.3,Sydney Sixers,Brisbane Heat,MJ Lumb,EJM Cowan,S Badree,0,0,,,,,,,,,
897745,2015/16,2016-01-10,Sydney Cricket Ground,2,1.4,Sydney Sixers,Brisbane Heat,MJ Lumb,EJM Cowan,S Badree,0,1,1,,,,,,,,
897745,2015/16,2016-01-10,Sydney Cricket Ground,2,1.5,Sydney Sixers,Brisbane Heat,MJ Lumb,EJM Cowan,S Badree,0,0,,,,,,,,,
897745,2015/16,2016-01-10,Sydney Cricket Ground,2,1.6,Sydney Sixers,Brisbane Heat,MJ Lumb,EJM Cowan,S Badree,1,0,,,,,,,,,
897745,2015/16,2016-01-10,Sydney Cricket Ground,2,1.7,Sydney Sixers,Brisbane Heat,EJM Cowan,MJ Lumb,S Badree,0,0,,,,,,,,,
897745,2015/16,2016-01-10,Sydney Cricket Ground,2,2.1,Sydney Sixers,Brisbane Heat,MJ Lumb,EJM Cowan,JR Hopes,4,0,,,,,,,,,
897745,2015/16,2016-01-10,Sydney Cricket Ground,2,2.2,Sydney Sixers,Brisbane Heat,MJ Lumb,EJM Cowan,JR Hopes,1,0,,,,,,,,,
897745,2015/16,2016-01-10,Sydney Cricket Ground,2,2.3,Sydney Sixers,Brisbane Heat,EJM Cowan,MJ Lumb,JR Hopes,0,0,,,,,,,,,
897745,2015/16,2016-01-10,Sydney Cricket Ground,2,2.4,Sydney Sixers,Brisbane Heat,EJM Cowan,MJ Lumb,JR Hopes,0,0,,,,,,caught,EJM Cowan,,
897745,2015/16,2016-01-10,Sydney Cricket Ground,2,2.5,Sydney Sixers,Brisbane Heat,MJ Lumb,NCR Larkin,JR Hopes,0,0,,,,,,,,,
897745,2015/16,2016-01-10,Sydney Cricket Ground,2,2.6,Sydney Sixers,Brisbane Heat,MJ Lumb,NCR Larkin,JR Hopes,4,0,,,,,,,,,
897745,2015/16,2016-01-10,Sydney Cricket Ground,2,3.1,Sydney Sixers,Brisbane Heat,NCR Larkin,MJ Lumb,S Badree,0,0,,,,,,,,,
897745,2015/16,2016-01-10,Sydney Cricket Ground,2,3.2,Sydney Sixers,Brisbane Heat,NCR Larkin,MJ Lumb,S Badree,4,0,,,,,,,,,
897745,2015/16,2016-01-10,Sydney Cricket Ground,2,3.3,Sydney Sixers,Brisbane Heat,NCR Larkin,MJ Lumb,S Badree,0,0,,,,,,,,,
897745,2015/16,2016-01-10,Sydney Cricket Ground,2,3.4,Sydney Sixers,Brisbane Heat,NCR Larkin,MJ Lumb,S Badree,0,0,,,,,,,,,
897745,2015/16,2016-01-10,Sydney Cricket Ground,2,3.5,Sydney Sixers,Brisbane Heat,NCR Larkin,MJ Lumb,S Badree,0,0,,,,,,,,,
897745,2015/16,2016-01-10,Sydney Cricket Ground,2,3.6,Sydney Sixers,Brisbane Heat,NCR Larkin,MJ Lumb,S Badree,1,0,,,,,,,,,
897745,2015/16,2016-01-10,Sydney Cricket Ground,2,4.1,Sydney Sixers,Brisbane Heat,NCR Larkin,MJ Lumb,JK Lalor,1,0,,,,,,,,,
897745,2015/16,2016-01-10,Sydney Cricket Ground,2,4.2,Sydney Sixers,Brisbane Heat,MJ Lumb,NCR Larkin,JK Lalor,0,0,,,,,,,,,
897745,2015/16,2016-01-10,Sydney Cricket Ground,2,4.3,Sydney Sixers,Brisbane Heat,MJ Lumb,NCR Larkin,JK Lalor,0,1,1,,,,,,,,
897745,2015/16,2016-01-10,Sydney Cricket Ground,2,4.4,Sydney Sixers,Brisbane Heat,MJ Lumb,NCR Larkin,JK Lalor,0,0,,,,,,,,,
897745,2015/16,2016-01-10,Sydney Cricket Ground,2,4.5,Sydney Sixers,Brisbane Heat,MJ Lumb,NCR Larkin,JK Lalor,1,0,,,,,,,,,
897745,2015/16,2016-01-10,Sydney Cricket Ground,2,4.6,Sydney Sixers,Brisbane Heat,NCR Larkin,MJ Lumb,JK Lalor,0,0,,,,,,,,,
897745,2015/16,2016-01-10,Sydney Cricket Ground,2,4.7,Sydney Sixers,Brisbane Heat,NCR Larkin,MJ Lumb,JK Lalor,0,0,,,,,,,,,
897745,2015/16,2016-01-10,Sydney Cricket Ground,2,5.1,Sydney Sixers,Brisbane Heat,MJ Lumb,NCR Larkin,S Badree,0,1,1,,,,,,,,
897745,2015/16,2016-01-10,Sydney Cricket Ground,2,5.2,Sydney Sixers,Brisbane Heat,MJ Lumb,NCR Larkin,S Badree,4,0,,,,,,,,,
897745,2015/16,2016-01-10,Sydney Cricket Ground,2,5.3,Sydney Sixers,Brisbane Heat,MJ Lumb,NCR Larkin,S Badree,0,0,,,,,,,,,
897745,2015/16,2016-01-10,Sydney Cricket Ground,2,5.4,Sydney Sixers,Brisbane Heat,MJ Lumb,NCR Larkin,S Badree,2,0,,,,,,,,,
897745,2015/16,2016-01-10,Sydney Cricket Ground,2,5.5,Sydney Sixers,Brisbane Heat,MJ Lumb,NCR Larkin,S Badree,0,0,,,,,,,,,
897745,2015/16,2016-01-10,Sydney Cricket Ground,2,5.6,Sydney Sixers,Brisbane Heat,MJ Lumb,NCR Larkin,S Badree,0,0,,,,,,,,,
897745,2015/16,2016-01-10,Sydney Cricket Ground,2,5.7,Sydney Sixers,Brisbane Heat,MJ Lumb,NCR Larkin,S Badree,0,0,,,,,,,,,
897745,2015/16,2016-01-10,Sydney Cricket Ground,2,6.1,Sydney Sixers,Brisbane Heat,NCR Larkin,MJ Lumb,JK Lalor,4,0,,,,,,,,,
897745,2015/16,2016-01-10,Sydney Cricket Ground,2,6.2,Sydney Sixers,Brisbane Heat,NCR Larkin,MJ Lumb,JK Lalor,0,0,,,,,,,,,
897745,2015/16,2016-01-10,Sydney Cricket Ground,2,6.3,Sydney Sixers,Brisbane Heat,NCR Larkin,MJ Lumb,JK Lalor,0,0,,,,,,,,,
897745,2015/16,2016-01-10,Sydney Cricket Ground,2,6.4,Sydney Sixers,Brisbane Heat,NCR Larkin,MJ Lumb,JK Lalor,1,0,,,,,,,,,
897745,2015/16,2016-01-10,Sydney Cricket Ground,2,6.5,Sydney Sixers,Brisbane Heat,MJ Lumb,NCR Larkin,JK Lalor,0,1,1,,,,,,,,
897745,2015/16,2016-01-10,Sydney Cricket Ground,2,6.6,Sydney Sixers,Brisbane Heat,MJ Lumb,NCR Larkin,JK Lalor,2,0,,,,,,,,,
897745,2015/16,2016-01-10,Sydney Cricket Ground,2,6.7,Sydney Sixers,Brisbane Heat,MJ Lumb,NCR Larkin,JK Lalor,2,0,,,,,,,,,
897745,2015/16,2016-01-10,Sydney Cricket Ground,2,7.1,Sydney Sixers,Brisbane Heat,NCR Larkin,MJ Lumb,MJ Swepson,4,0,,,,,,,,,
897745,2015/16,2016-01-10,Sydney Cricket Ground,2,7.2,Sydney Sixers,Brisbane Heat,NCR Larkin,MJ Lumb,MJ Swepson,0,0,,,,,,caught,NCR Larkin,,
897745,2015/16,2016-01-10,Sydney Cricket Ground,2,7.3,Sydney Sixers,Brisbane Heat,SA Abbott,MJ Lumb,MJ Swepson,0,0,,,,,,,,,
897745,2015/16,2016-01-10,Sydney Cricket Ground,2,7.4,Sydney Sixers,Brisbane Heat,SA Abbott,MJ Lumb,MJ Swepson,0,0,,,,,,,,,
897745,2015/16,2016-01-10,Sydney Cricket Ground,2,7.5,Sydney Sixers,Brisbane Heat,SA Abbott,MJ Lumb,MJ Swepson,0,0,,,,,,,,,
897745,2015/16,2016-01-10,Sydney Cricket Ground,2,7.6,Sydney Sixers,Brisbane Heat,SA Abbott,MJ Lumb,MJ Swepson,0,0,,,,,,,,,
897745,2015/16,2016-01-10,Sydney Cricket Ground,2,8.1,Sydney Sixers,Brisbane Heat,MJ Lumb,SA Abbott,JR Hopes,2,0,,,,,,,,,
897745,2015/16,2016-01-10,Sydney Cricket Ground,2,8.2,Sydney Sixers,Brisbane Heat,MJ Lumb,SA Abbott,JR Hopes,1,0,,,,,,,,,
897745,2015/16,2016-01-10,Sydney Cricket Ground,2,8.3,Sydney Sixers,Brisbane Heat,SA Abbott,MJ Lumb,JR Hopes,0,0,,,,,,,,,
897745,2015/16,2016-01-10,Sydney Cricket Ground,2,8.4,Sydney Sixers,Brisbane Heat,SA Abbott,MJ Lumb,JR Hopes,1,0,,,,,,run out,SA Abbott,,
897745,2015/16,2016-01-10,Sydney Cricket Ground,2,8.5,Sydney Sixers,Brisbane Heat,MJ Lumb,BJ Haddin,JR Hopes,0,1,,,,1,,,,,
897745,2015/16,2016-01-10,Sydney Cricket Ground,2,8.6,Sydney Sixers,Brisbane Heat,BJ Haddin,MJ Lumb,JR Hopes,1,0,,,,,,,,,
897745,2015/16,2016-01-10,Sydney Cricket Ground,2,9.1,Sydney Sixers,Brisbane Heat,BJ Haddin,MJ Lumb,MJ Swepson,0,0,,,,,,,,,
897745,2015/16,2016-01-10,Sydney Cricket Ground,2,9.2,Sydney Sixers,Brisbane Heat,BJ Haddin,MJ Lumb,MJ Swepson,0,0,,,,,,,,,
897745,2015/16,2016-01-10,Sydney Cricket Ground,2,9.3,Sydney Sixers,Brisbane Heat,BJ Haddin,MJ Lumb,MJ Swepson,6,0,,,,,,,,,
897745,2015/16,2016-01-10,Sydney Cricket Ground,2,9.4,Sydney Sixers,Brisbane Heat,BJ Haddin,MJ Lumb,MJ Swepson,1,0,,,,,,,,,
897745,2015/16,2016-01-10,Sydney Cricket Ground,2,9.5,Sydney Sixers,Brisbane Heat,MJ Lumb,BJ Haddin,MJ Swepson,1,0,,,,,,,,,
897745,2015/16,2016-01-10,Sydney Cricket Ground,2,9.6,Sydney Sixers,Brisbane Heat,BJ Haddin,MJ Lumb,MJ Swepson,4,0,,,,,,,,,
897745,2015/16,2016-01-10,Sydney Cricket Ground,2,10.1,Sydney Sixers,Brisbane Heat,MJ Lumb,BJ Haddin,JR Hopes,2,0,,,,,,,,,
897745,2015/16,2016-01-10,Sydney Cricket Ground,2,10.2,Sydney Sixers,Brisbane Heat,MJ Lumb,BJ Haddin,JR Hopes,4,0,,,,,,,,,
897745,2015/16,2016-01-10,Sydney Cricket Ground,2,10.3,Sydney Sixers,Brisbane Heat,MJ Lumb,BJ Haddin,JR Hopes,1,0,,,,,,,,,
897745,2015/16,2016-01-10,Sydney Cricket Ground,2,10.4,Sydney Sixers,Brisbane Heat,BJ Haddin,MJ Lumb,JR Hopes,1,0,,,,,,,,,
897745,2015/16,2016-01-10,Sydney Cricket Ground,2,10.5,Sydney Sixers,Brisbane Heat,MJ Lumb,BJ Haddin,JR Hopes,1,0,,,,,,,,,
897745,2015/16,2016-01-10,Sydney Cricket Ground,2,10.6,Sydney Sixers,Brisbane Heat,BJ Haddin,MJ Lumb,JR Hopes,4,0,,,,,,,,,
897745,2015/16,2016-01-10,Sydney Cricket Ground,2,11.1,Sydney Sixers,Brisbane Heat,MJ Lumb,BJ Haddin,S Badree,2,0,,,,,,,,,
897745,2015/16,2016-01-10,Sydney Cricket Ground,2,11.2,Sydney Sixers,Brisbane Heat,MJ Lumb,BJ Haddin,S Badree,1,0,,,,,,,,,
897745,2015/16,2016-01-10,Sydney Cricket Ground,2,11.3,Sydney Sixers,Brisbane Heat,BJ Haddin,MJ Lumb,S Badree,0,0,,,,,,,,,
897745,2015/16,2016-01-10,Sydney Cricket Ground,2,11.4,Sydney Sixers,Brisbane Heat,BJ Haddin,MJ Lumb,S Badree,1,0,,,,,,,,,
897745,2015/16,2016-01-10,Sydney Cricket Ground,2,11.5,Sydney Sixers,Brisbane Heat,MJ Lumb,BJ Haddin,S Badree,1,0,,,,,,,,,
897745,2015/16,2016-01-10,Sydney Cricket Ground,2,11.6,Sydney Sixers,Brisbane Heat,BJ Haddin,MJ Lumb,S Badree,0,0,,,,,,,,,
897745,2015/16,2016-01-10,Sydney Cricket Ground,2,12.1,Sydney Sixers,Brisbane Heat,MJ Lumb,BJ Haddin,BCJ Cutting,2,0,,,,,,,,,
897745,2015/16,2016-01-10,Sydney Cricket Ground,2,12.2,Sydney Sixers,Brisbane Heat,MJ Lumb,BJ Haddin,BCJ Cutting,1,0,,,,,,,,,
897745,2015/16,2016-01-10,Sydney Cricket Ground,2,12.3,Sydney Sixers,Brisbane Heat,BJ Haddin,MJ Lumb,BCJ Cutting,1,0,,,,,,,,,
897745,2015/16,2016-01-10,Sydney Cricket Ground,2,12.4,Sydney Sixers,Brisbane Heat,MJ Lumb,BJ Haddin,BCJ Cutting,2,0,,,,,,,,,
897745,2015/16,2016-01-10,Sydney Cricket Ground,2,12.5,Sydney Sixers,Brisbane Heat,MJ Lumb,BJ Haddin,BCJ Cutting,2,0,,,,,,,,,
897745,2015/16,2016-01-10,Sydney Cricket Ground,2,12.6,Sydney Sixers,Brisbane Heat,MJ Lumb,BJ Haddin,BCJ Cutting,0,0,,,,,,,,,
897745,2015/16,2016-01-10,Sydney Cricket Ground,2,13.1,Sydney Sixers,Brisbane Heat,BJ Haddin,MJ Lumb,JS Floros,1,0,,,,,,,,,
897745,2015/16,2016-01-10,Sydney Cricket Ground,2,13.2,Sydney Sixers,Brisbane Heat,MJ Lumb,BJ Haddin,JS Floros,1,0,,,,,,,,,
897745,2015/16,2016-01-10,Sydney Cricket Ground,2,13.3,Sydney Sixers,Brisbane Heat,BJ Haddin,MJ Lumb,JS Floros,6,0,,,,,,,,,
897745,2015/16,2016-01-10,Sydney Cricket Ground,2,13.4,Sydney Sixers,Brisbane Heat,BJ Haddin,MJ Lumb,JS Floros,1,0,,,,,,,,,
897745,2015/16,2016-01-10,Sydney Cricket Ground,2,13.5,Sydney Sixers,Brisbane Heat,MJ Lumb,BJ Haddin,JS Floros,0,0,,,,,,bowled,MJ Lumb,,
897745,2015/16,2016-01-10,Sydney Cricket Ground,2,13.6,Sydney Sixers,Brisbane Heat,JC Silk,BJ Haddin,JS Floros,1,0,,,,,,,,,
897745,2015/16,2016-01-10,Sydney Cricket Ground,2,14.1,Sydney Sixers,Brisbane Heat,JC Silk,BJ Haddin,BCJ Cutting,0,0,,,,,,,,,
897745,2015/16,2016-01-10,Sydney Cricket Ground,2,14.2,Sydney Sixers,Brisbane Heat,JC Silk,BJ Haddin,BCJ Cutting,1,0,,,,,,,,,
897745,2015/16,2016-01-10,Sydney Cricket Ground,2,14.3,Sydney Sixers,Brisbane Heat,BJ Haddin,JC Silk,BCJ Cutting,4,0,,,,,,,,,
897745,2015/16,2016-01-10,Sydney Cricket Ground,2,14.4,Sydney Sixers,Brisbane Heat,BJ Haddin,JC Silk,BCJ Cutting,1,0,,,,,,,,,
897745,2015/16,2016-01-10,Sydney Cricket Ground,2,14.5,Sydney Sixers,Brisbane Heat,JC Silk,BJ Haddin,BCJ Cutting,1,0,,,,,,,,,
897745,2015/16,2016-01-10,Sydney Cricket Ground,2,14.6,Sydney Sixers,Brisbane Heat,BJ Haddin,JC Silk,BCJ Cutting,4,0,,,,,,,,,
897745,2015/16,2016-01-10,Sydney Cricket Ground,2,15.1,Sydney Sixers,Brisbane Heat,JC Silk,BJ Haddin,MJ Swepson,0,0,,,,,,bowled,JC Silk,,
897745,2015/16,2016-01-10,Sydney Cricket Ground,2,15.2,Sydney Sixers,Brisbane Heat,BJ Dwarshuis,BJ Haddin,MJ Swepson,0,0,,,,,,,,,
897745,2015/16,2016-01-10,Sydney Cricket Ground,2,15.3,Sydney Sixers,Brisbane Heat,BJ Dwarshuis,BJ Haddin,MJ Swepson,2,0,,,,,,,,,
897745,2015/16,2016-01-10,Sydney Cricket Ground,2,15.4,Sydney Sixers,Brisbane Heat,BJ Dwarshuis,BJ Haddin,MJ Swepson,6,0,,,,,,,,,
897745,2015/16,2016-01-10,Sydney Cricket Ground,2,15.5,Sydney Sixers,Brisbane Heat,BJ Dwarshuis,BJ Haddin,MJ Swepson,1,0,,,,,,,,,
897745,2015/16,2016-01-10,Sydney Cricket Ground,2,15.6,Sydney Sixers,Brisbane Heat,BJ Haddin,BJ Dwarshuis,MJ Swepson,1,0,,,,,,,,,
897745,2015/16,2016-01-10,Sydney Cricket Ground,2,16.1,Sydney Sixers,Brisbane Heat,BJ Haddin,BJ Dwarshuis,JK Lalor,1,0,,,,,,,,,
897745,2015/16,2016-01-10,Sydney Cricket Ground,2,16.2,Sydney Sixers,Brisbane Heat,BJ Dwarshuis,BJ Haddin,JK Lalor,2,0,,,,,,,,,
897745,2015/16,2016-01-10,Sydney Cricket Ground,2,16.3,Sydney Sixers,Brisbane Heat,BJ Dwarshuis,BJ Haddin,JK Lalor,1,0,,,,,,,,,
897745,2015/16,2016-01-10,Sydney Cricket Ground,2,16.4,Sydney Sixers,Brisbane Heat,BJ Haddin,BJ Dwarshuis,JK Lalor,4,0,,,,,,,,,
897745,2015/16,2016-01-10,Sydney Cricket Ground,2,16.5,Sydney Sixers,Brisbane Heat,BJ Haddin,BJ Dwarshuis,JK Lalor,0,0,,,,,,,,,
897745,2015/16,2016-01-10,Sydney Cricket Ground,2,16.6,Sydney Sixers,Brisbane Heat,BJ Haddin,BJ Dwarshuis,JK Lalor,0,0,,,,,,,,,
897745,2015/16,2016-01-10,Sydney Cricket Ground,2,17.1,Sydney Sixers,Brisbane Heat,BJ Dwarshuis,BJ Haddin,BCJ Cutting,1,0,,,,,,,,,
897745,2015/16,2016-01-10,Sydney Cricket Ground,2,17.2,Sydney Sixers,Brisbane Heat,BJ Haddin,BJ Dwarshuis,BCJ Cutting,0,0,,,,,,caught,BJ Haddin,,
897745,2015/16,2016-01-10,Sydney Cricket Ground,2,17.3,Sydney Sixers,Brisbane Heat,J Botha,BJ Dwarshuis,BCJ Cutting,1,0,,,,,,,,,
897745,2015/16,2016-01-10,Sydney Cricket Ground,2,17.4,Sydney Sixers,Brisbane Heat,BJ Dwarshuis,J Botha,BCJ Cutting,0,0,,,,,,caught,BJ Dwarshuis,,
897745,2015/16,2016-01-10,Sydney Cricket Ground,2,17.5,Sydney Sixers,Brisbane Heat,NM Lyon,J Botha,BCJ Cutting,4,0,,,,,,,,,
897745,2015/16,2016-01-10,Sydney Cricket Ground,2,17.6,Sydney Sixers,Brisbane Heat,NM Lyon,J Botha,BCJ Cutting,2,0,,,,,,,,,
897745,2015/16,2016-01-10,Sydney Cricket Ground,2,18.1,Sydney Sixers,Brisbane Heat,J Botha,NM Lyon,JK Lalor,2,0,,,,,,,,,
897745,2015/16,2016-01-10,Sydney Cricket Ground,2,18.2,Sydney Sixers,Brisbane Heat,J Botha,NM Lyon,JK Lalor,1,0,,,,,,,,,
897745,2015/16,2016-01-10,Sydney Cricket Ground,2,18.3,Sydney Sixers,Brisbane Heat,NM Lyon,J Botha,JK Lalor,1,0,,,,,,,,,
897745,2015/16,2016-01-10,Sydney Cricket Ground,2,18.4,Sydney Sixers,Brisbane Heat,J Botha,NM Lyon,JK Lalor,1,0,,,,,,,,,
897745,2015/16,2016-01-10,Sydney Cricket Ground,2,18.5,Sydney Sixers,Brisbane Heat,NM Lyon,J Botha,JK Lalor,0,0,,,,,,caught,NM Lyon,,
897745,2015/16,2016-01-10,Sydney Cricket Ground,2,18.6,Sydney Sixers,Brisbane Heat,J Botha,JM Bird,JK Lalor,0,0,,,,,,,,,
897745,2015/16,2016-01-10,Sydney Cricket Ground,2,19.1,Sydney Sixers,Brisbane Heat,JM Bird,J Botha,BCJ Cutting,1,0,,,,,,,,,
897745,2015/16,2016-01-10,Sydney Cricket Ground,2,19.2,Sydney Sixers,Brisbane Heat,J Botha,JM Bird,BCJ Cutting,0,0,,,,,,,,,
897745,2015/16,2016-01-10,Sydney Cricket Ground,2,19.3,Sydney Sixers,Brisbane Heat,J Botha,JM Bird,BCJ Cutting,2,0,,,,,,,,,
897745,2015/16,2016-01-10,Sydney Cricket Ground,2,19.4,Sydney Sixers,Brisbane Heat,J Botha,JM Bird,BCJ Cutting,4,0,,,,,,,,,
897745,2015/16,2016-01-10,Sydney Cricket Ground,2,19.5,Sydney Sixers,Brisbane Heat,J Botha,JM Bird,BCJ Cutting,6,0,,,,,,,,,
897745,2015/16,2016-01-10,Sydney Cricket Ground,2,19.6,Sydney Sixers,Brisbane Heat,J Botha,JM Bird,BCJ Cutting,1,0,,,,,,,,,
