version,2.1.0
info,balls_per_over,6
info,team,Adelaide Strikers
info,team,Sydney Thunder
info,gender,male
info,season,2015/16
info,date,2016/01/21
info,event,Big Bash League
info,venue,Adelaide Oval
info,city,
info,toss_winner,Adelaide Strikers
info,toss_decision,bat
info,player_of_match,UT Khawaja
info,umpire,GA Abood
info,umpire,SD Fry
info,reserve_umpire,P Wilson
info,tv_umpire,SAJ Craig
info,match_referee,DJ Harper
info,winner,Sydney Thunder
info,winner_wickets,8
info,player,Adelaide Strikers,TP Ludeman
info,player,Adelaide Strikers,DPMD Jayawardene
info,player,Adelaide Strikers,TM Head
info,player,Adelaide Strikers,BJ Hodge
info,player,Adelaide Strikers,AI Ross
info,player,Adelaide Strikers,JS Lehmann
info,player,Adelaide Strikers,MG Neser
info,player,Adelaide Strikers,AU Rashid
info,player,Adelaide Strikers,B Laughlin
info,player,Adelaide Strikers,JM Holland
info,player,Adelaide Strikers,GD Putland
info,player,Sydney Thunder,UT Khawaja
info,player,Sydney Thunder,SR Watson
info,player,Sydney Thunder,MEK Hussey
info,player,Sydney Thunder,HM Nicholls
info,player,Sydney Thunder,BJ Rohrer
info,player,Sydney Thunder,AD Russell
info,player,Sydney Thunder,CJ Green
info,player,Sydney Thunder,CD Hartley
info,player,Sydney Thunder,CJ McKay
info,player,Sydney Thunder,Fawad Ahmed
info,player,Sydney Thunder,N McAndrew
info,registry,people,AD Russell,bbd41817
info,registry,people,AI Ross,fb0d68b4
info,registry,people,AU Rashid,249d60c9
info,registry,people,B Laughlin,b2a79f17
info,registry,people,BJ Hodge,b57f8a9a
info,registry,people,BJ Rohrer,27af6414
info,registry,people,CD Hartley,9a06679d
info,registry,people,CJ Green,19b9f399
info,registry,people,CJ McKay,94eac556
info,registry,people,DJ Harper,0ec08b27
info,registry,people,DPMD Jayawardene,d18f9182
info,registry,people,Fawad Ahmed,22ae3041
info,registry,people,GA Abood,a4af5528
info,registry,people,GD Putland,9f54ae00
info,registry,people,HM Nicholls,03521fd3
info,registry,people,JM Holland,70c4f525
info,registry,people,JS Lehmann,c96a215f
info,registry,people,MEK Hussey,48fd7349
info,registry,people,MG Neser,0164b064
info,registry,people,N McAndrew,38c276e1
info,registry,people,P Wilson,68304a36
info,registry,people,SAJ Craig,689f2eed
info,registry,people,SD Fry,6b725ed1
info,registry,people,SR Watson,4329fbb5
info,registry,people,TM Head,12b610c2
info,registry,people,TP Ludeman,c3f7898b
info,registry,people,UT Khawaja,331ea488
