match_id,season,start_date,venue,innings,ball,batting_team,bowling_team,striker,non_striker,bowler,runs_off_bat,extras,wides,noballs,byes,legbyes,penalty,wicket_type,player_dismissed,other_wicket_type,other_player_dismissed
1019643,2016,2016-07-11,"Kensington Oval, Bridgetown",1,0.1,Jamaica Tallawahs,Barbados Tridents,CAK Walton,CH Gayle,WD Parnell,0,0,,,,,,,,,
1019643,2016,2016-07-11,"Kensington Oval, Bridgetown",1,0.2,Jamaica Tallawahs,Barbados Tridents,CAK Walton,CH Gayle,WD Parnell,0,1,1,,,,,,,,
1019643,2016,2016-07-11,"Kensington Oval, Bridgetown",1,0.3,Jamaica Tallawahs,Barbados Tridents,CAK Walton,CH Gayle,WD Parnell,4,0,,,,,,,,,
1019643,2016,2016-07-11,"Kensington Oval, Bridgetown",1,0.4,Jamaica Tallawahs,Barbados Tridents,CAK Walton,CH Gayle,WD Parnell,0,0,,,,,,,,,
1019643,2016,2016-07-11,"Kensington Oval, Bridgetown",1,0.5,Jamaica Tallawahs,Barbados Tridents,CAK Walton,CH Gayle,WD Parnell,0,0,,,,,,,,,
1019643,2016,2016-07-11,"Kensington Oval, Bridgetown",1,0.6,Jamaica Tallawahs,Barbados Tridents,CAK Walton,CH Gayle,WD Parnell,1,0,,,,,,,,,
1019643,2016,2016-07-11,"Kensington Oval, Bridgetown",1,0.7,Jamaica Tallawahs,Barbados Tridents,CH Gayle,CAK Walton,WD Parnell,0,0,,,,,,,,,
1019643,2016,2016-07-11,"Kensington Oval, Bridgetown",1,1.1,Jamaica Tallawahs,Barbados Tridents,CAK Walton,CH Gayle,R Rampaul,0,0,,,,,,,,,
1019643,2016,2016-07-11,"Kensington Oval, Bridgetown",1,1.2,Jamaica Tallawahs,Barbados Tridents,CAK Walton,CH Gayle,R Rampaul,0,0,,,,,,,,,
1019643,2016,2016-07-11,"Kensington Oval, Bridgetown",1,1.3,Jamaica Tallawahs,Barbados Tridents,CAK Walton,CH Gayle,R Rampaul,2,0,,,,,,,,,
1019643,2016,2016-07-11,"Kensington Oval, Bridgetown",1,1.4,Jamaica Tallawahs,Barbados Tridents,CAK Walton,CH Gayle,R Rampaul,0,1,,,,1,,,,,
1019643,2016,2016-07-11,"Kensington Oval, Bridgetown",1,1.5,Jamaica Tallawahs,Barbados Tridents,CH Gayle,CAK Walton,R Rampaul,4,0,,,,,,,,,
1019643,2016,2016-07-11,"Kensington Oval, Bridgetown",1,1.6,Jamaica Tallawahs,Barbados Tridents,CH Gayle,CAK Walton,R Rampaul,0,0,,,,,,,,,
1019643,2016,2016-07-11,"Kensington Oval, Bridgetown",1,2.1,Jamaica Tallawahs,Barbados Tridents,CAK Walton,CH Gayle,WD Parnell,4,0,,,,,,,,,
1019643,2016,2016-07-11,"Kensington Oval, Bridgetown",1,2.2,Jamaica Tallawahs,Barbados Tridents,CAK Walton,CH Gayle,WD Parnell,0,0,,,,,,,,,
1019643,2016,2016-07-11,"Kensington Oval, Bridgetown",1,2.3,Jamaica Tallawahs,Barbados Tridents,CAK Walton,CH Gayle,WD Parnell,0,0,,,,,,,,,
1019643,2016,2016-07-11,"Kensington Oval, Bridgetown",1,2.4,Jamaica Tallawahs,Barbados Tridents,CAK Walton,CH Gayle,WD Parnell,0,0,,,,,,,,,
1019643,2016,2016-07-11,"Kensington Oval, Bridgetown",1,2.5,Jamaica Tallawahs,Barbados Tridents,CAK Walton,CH Gayle,WD Parnell,0,0,,,,,,,,,
1019643,2016,2016-07-11,"Kensington Oval, Bridgetown",1,2.6,Jamaica Tallawahs,Barbados Tridents,CAK Walton,CH Gayle,WD Parnell,4,0,,,,,,,,,
1019643,2016,2016-07-11,"Kensington Oval, Bridgetown",1,3.1,Jamaica Tallawahs,Barbados Tridents,CH Gayle,CAK Walton,R Rampaul,6,0,,,,,,,,,
1019643,2016,2016-07-11,"Kensington Oval, Bridgetown",1,3.2,Jamaica Tallawahs,Barbados Tridents,CH Gayle,CAK Walton,R Rampaul,1,0,,,,,,,,,
1019643,2016,2016-07-11,"Kensington Oval, Bridgetown",1,3.3,Jamaica Tallawahs,Barbados Tridents,CAK Walton,CH Gayle,R Rampaul,2,0,,,,,,,,,
1019643,2016,2016-07-11,"Kensington Oval, Bridgetown",1,3.4,Jamaica Tallawahs,Barbados Tridents,CAK Walton,CH Gayle,R Rampaul,0,0,,,,,,,,,
1019643,2016,2016-07-11,"Kensington Oval, Bridgetown",1,3.5,Jamaica Tallawahs,Barbados Tridents,CAK Walton,CH Gayle,R Rampaul,0,0,,,,,,,,,
1019643,2016,2016-07-11,"Kensington Oval, Bridgetown",1,3.6,Jamaica Tallawahs,Barbados Tridents,CAK Walton,CH Gayle,R Rampaul,4,0,,,,,,,,,
1019643,2016,2016-07-11,"Kensington Oval, Bridgetown",1,4.1,Jamaica Tallawahs,Barbados Tridents,CH Gayle,CAK Walton,D Wiese,0,0,,,,,,,,,
1019643,2016,2016-07-11,"Kensington Oval, Bridgetown",1,4.2,Jamaica Tallawahs,Barbados Tridents,CH Gayle,CAK Walton,D Wiese,0,0,,,,,,,,,
1019643,2016,2016-07-11,"Kensington Oval, Bridgetown",1,4.3,Jamaica Tallawahs,Barbados Tridents,CH Gayle,CAK Walton,D Wiese,0,1,1,,,,,,,,
1019643,2016,2016-07-11,"Kensington Oval, Bridgetown",1,4.4,Jamaica Tallawahs,Barbados Tridents,CH Gayle,CAK Walton,D Wiese,4,0,,,,,,,,,
1019643,2016,2016-07-11,"Kensington Oval, Bridgetown",1,4.5,Jamaica Tallawahs,Barbados Tridents,CH Gayle,CAK Walton,D Wiese,2,0,,,,,,,,,
1019643,2016,2016-07-11,"Kensington Oval, Bridgetown",1,4.6,Jamaica Tallawahs,Barbados Tridents,CH Gayle,CAK Walton,D Wiese,1,0,,,,,,,,,
1019643,2016,2016-07-11,"Kensington Oval, Bridgetown",1,4.7,Jamaica Tallawahs,Barbados Tridents,CAK Walton,CH Gayle,D Wiese,4,0,,,,,,,,,
1019643,2016,2016-07-11,"Kensington Oval, Bridgetown",1,5.1,Jamaica Tallawahs,Barbados Tridents,CH Gayle,CAK Walton,Shoaib Malik,1,0,,,,,,,,,
1019643,2016,2016-07-11,"Kensington Oval, Bridgetown",1,5.2,Jamaica Tallawahs,Barbados Tridents,CAK Walton,CH Gayle,Shoaib Malik,0,0,,,,,,caught,CAK Walton,,
1019643,2016,2016-07-11,"Kensington Oval, Bridgetown",1,5.3,Jamaica Tallawahs,Barbados Tridents,CH Gayle,KC Sangakkara,Shoaib Malik,1,0,,,,,,,,,
1019643,2016,2016-07-11,"Kensington Oval, Bridgetown",1,5.4,Jamaica Tallawahs,Barbados Tridents,KC Sangakkara,CH Gayle,Shoaib Malik,1,0,,,,,,,,,
1019643,2016,2016-07-11,"Kensington Oval, Bridgetown",1,5.5,Jamaica Tallawahs,Barbados Tridents,CH Gayle,KC Sangakkara,Shoaib Malik,0,5,5,,,,,,,,
1019643,2016,2016-07-11,"Kensington Oval, Bridgetown",1,5.6,Jamaica Tallawahs,Barbados Tridents,CH Gayle,KC Sangakkara,Shoaib Malik,6,0,,,,,,,,,
1019643,2016,2016-07-11,"Kensington Oval, Bridgetown",1,5.7,Jamaica Tallawahs,Barbados Tridents,CH Gayle,KC Sangakkara,Shoaib Malik,1,0,,,,,,,,,
1019643,2016,2016-07-11,"Kensington Oval, Bridgetown",1,6.1,Jamaica Tallawahs,Barbados Tridents,CH Gayle,KC Sangakkara,RA Reifer,1,0,,,,,,,,,
1019643,2016,2016-07-11,"Kensington Oval, Bridgetown",1,6.2,Jamaica Tallawahs,Barbados Tridents,KC Sangakkara,CH Gayle,RA Reifer,4,0,,,,,,,,,
1019643,2016,2016-07-11,"Kensington Oval, Bridgetown",1,6.3,Jamaica Tallawahs,Barbados Tridents,KC Sangakkara,CH Gayle,RA Reifer,2,0,,,,,,,,,
1019643,2016,2016-07-11,"Kensington Oval, Bridgetown",1,6.4,Jamaica Tallawahs,Barbados Tridents,KC Sangakkara,CH Gayle,RA Reifer,0,0,,,,,,,,,
1019643,2016,2016-07-11,"Kensington Oval, Bridgetown",1,6.5,Jamaica Tallawahs,Barbados Tridents,KC Sangakkara,CH Gayle,RA Reifer,0,0,,,,,,,,,
1019643,2016,2016-07-11,"Kensington Oval, Bridgetown",1,6.6,Jamaica Tallawahs,Barbados Tridents,KC Sangakkara,CH Gayle,RA Reifer,1,0,,,,,,,,,
1019643,2016,2016-07-11,"Kensington Oval, Bridgetown",1,7.1,Jamaica Tallawahs,Barbados Tridents,KC Sangakkara,CH Gayle,Shoaib Malik,4,0,,,,,,,,,
1019643,2016,2016-07-11,"Kensington Oval, Bridgetown",1,7.2,Jamaica Tallawahs,Barbados Tridents,KC Sangakkara,CH Gayle,Shoaib Malik,0,0,,,,,,,,,
1019643,2016,2016-07-11,"Kensington Oval, Bridgetown",1,7.3,Jamaica Tallawahs,Barbados Tridents,KC Sangakkara,CH Gayle,Shoaib Malik,2,0,,,,,,,,,
1019643,2016,2016-07-11,"Kensington Oval, Bridgetown",1,7.4,Jamaica Tallawahs,Barbados Tridents,KC Sangakkara,CH Gayle,Shoaib Malik,6,0,,,,,,,,,
1019643,2016,2016-07-11,"Kensington Oval, Bridgetown",1,7.5,Jamaica Tallawahs,Barbados Tridents,KC Sangakkara,CH Gayle,Shoaib Malik,0,0,,,,,,,,,
1019643,2016,2016-07-11,"Kensington Oval, Bridgetown",1,7.6,Jamaica Tallawahs,Barbados Tridents,KC Sangakkara,CH Gayle,Shoaib Malik,4,0,,,,,,,,,
1019643,2016,2016-07-11,"Kensington Oval, Bridgetown",1,8.1,Jamaica Tallawahs,Barbados Tridents,CH Gayle,KC Sangakkara,D Wiese,6,0,,,,,,,,,
1019643,2016,2016-07-11,"Kensington Oval, Bridgetown",1,8.2,Jamaica Tallawahs,Barbados Tridents,CH Gayle,KC Sangakkara,D Wiese,0,0,,,,,,,,,
1019643,2016,2016-07-11,"Kensington Oval, Bridgetown",1,8.3,Jamaica Tallawahs,Barbados Tridents,CH Gayle,KC Sangakkara,D Wiese,1,0,,,,,,,,,
1019643,2016,2016-07-11,"Kensington Oval, Bridgetown",1,8.4,Jamaica Tallawahs,Barbados Tridents,KC Sangakkara,CH Gayle,D Wiese,1,0,,,,,,,,,
1019643,2016,2016-07-11,"Kensington Oval, Bridgetown",1,8.5,Jamaica Tallawahs,Barbados Tridents,CH Gayle,KC Sangakkara,D Wiese,0,1,1,,,,,,,,
1019643,2016,2016-07-11,"Kensington Oval, Bridgetown",1,8.6,Jamaica Tallawahs,Barbados Tridents,CH Gayle,KC Sangakkara,D Wiese,6,0,,,,,,,,,
1019643,2016,2016-07-11,"Kensington Oval, Bridgetown",1,8.7,Jamaica Tallawahs,Barbados Tridents,CH Gayle,KC Sangakkara,D Wiese,6,0,,,,,,,,,
1019643,2016,2016-07-11,"Kensington Oval, Bridgetown",1,9.1,Jamaica Tallawahs,Barbados Tridents,KC Sangakkara,CH Gayle,R Rampaul,0,0,,,,,,bowled,KC Sangakkara,,
1019643,2016,2016-07-11,"Kensington Oval, Bridgetown",1,9.2,Jamaica Tallawahs,Barbados Tridents,R Powell,CH Gayle,R Rampaul,0,0,,,,,,,,,
1019643,2016,2016-07-11,"Kensington Oval, Bridgetown",1,9.3,Jamaica Tallawahs,Barbados Tridents,R Powell,CH Gayle,R Rampaul,0,4,,,,4,,,,,
1019643,2016,2016-07-11,"Kensington Oval, Bridgetown",1,9.4,Jamaica Tallawahs,Barbados Tridents,R Powell,CH Gayle,R Rampaul,0,0,,,,,,,,,
1019643,2016,2016-07-11,"Kensington Oval, Bridgetown",1,9.5,Jamaica Tallawahs,Barbados Tridents,R Powell,CH Gayle,R Rampaul,0,0,,,,,,,,,
1019643,2016,2016-07-11,"Kensington Oval, Bridgetown",1,9.6,Jamaica Tallawahs,Barbados Tridents,R Powell,CH Gayle,R Rampaul,6,0,,,,,,,,,
