version,2.1.0
info,balls_per_over,6
info,team,Trinbago Knight Riders
info,team,St Lucia Zouks
info,gender,male
info,season,2016
info,date,2016/06/29
info,event,Caribbean Premier League
info,match_number,1
info,venue,"Queen's Park Oval, Port of Spain"
info,city,Trinidad
info,toss_winner,St Lucia Zouks
info,toss_decision,field
info,player_of_match,J Charles
info,umpire,PA Gustard
info,umpire,Zahid Bassarath
info,reserve_umpire,Danesh Ramdhanie
info,tv_umpire,JD Cloete
info,match_referee,Denavon Hayles
info,winner,St Lucia Zouks
info,winner_wickets,6
info,player,Trinbago Knight Riders,BB McCullum
info,player,Trinbago Knight Riders,HM Amla
info,player,Trinbago Knight Riders,C Munro
info,player,Trinbago Knight Riders,DM Bravo
info,player,Trinbago Knight Riders,Umar Akmal
info,player,Trinbago Knight Riders,DJ Bravo
info,player,Trinbago Knight Riders,KK Cooper
info,player,Trinbago Knight Riders,SP Narine
info,player,Trinbago Knight Riders,NO Miller
info,player,Trinbago Knight Riders,RR Beaton
info,player,Trinbago Knight Riders,SJ Benn
info,player,St Lucia Zouks,J Charles
info,player,St Lucia Zouks,SR Watson
info,player,St Lucia Zouks,ADS Fletcher
info,player,St Lucia Zouks,MEK Hussey
info,player,St Lucia Zouks,DA Miller
info,player,St Lucia Zouks,DJG Sammy
info,player,St Lucia Zouks,NR Kumar
info,player,St Lucia Zouks,KR Mayers
info,player,St Lucia Zouks,K Ramsaran
info,player,St Lucia Zouks,DYA Davis
info,player,St Lucia Zouks,M Morkel
info,registry,people,ADS Fletcher,1bae756b
info,registry,people,BB McCullum,b8a55852
info,registry,people,C Munro,af2c687b
info,registry,people,DA Miller,d67d5f00
info,registry,people,DJ Bravo,87e562a9
info,registry,people,DJG Sammy,c03c6200
info,registry,people,DM Bravo,14b14cd8
info,registry,people,DYA Davis,74b02e0c
info,registry,people,Danesh Ramdhanie,d09891ad
info,registry,people,Denavon Hayles,5cbeeb02
info,registry,people,HM Amla,e798611a
info,registry,people,J Charles,09a9d073
info,registry,people,JD Cloete,b0419f8c
info,registry,people,K Ramsaran,92b925f7
info,registry,people,KK Cooper,557153ca
info,registry,people,KR Mayers,73c18486
info,registry,people,M Morkel,5bb5a915
info,registry,people,MEK Hussey,48fd7349
info,registry,people,NO Miller,ea3ffd1b
info,registry,people,NR Kumar,b3bad3f2
info,registry,people,PA Gustard,25bcf808
info,registry,people,RR Beaton,684a56df
info,registry,people,SJ Benn,364ee2cf
info,registry,people,SP Narine,9d430b40
info,registry,people,SR Watson,4329fbb5
info,registry,people,Umar Akmal,fd2bf2a0
info,registry,people,Zahid Bassarath,ca6bf044
