match_id,season,start_date,venue,innings,ball,batting_team,bowling_team,striker,non_striker,bowler,runs_off_bat,extras,wides,noballs,byes,legbyes,penalty,wicket_type,player_dismissed,other_wicket_type,other_player_dismissed
1094678,2017,2017-08-09,"Queen's Park Oval, Port of Spain",1,0.1,Trinbago Knight Riders,Jamaica Tallawahs,BB McCullum,SP Narine,K Santokie,4,0,,,,,,,,,
1094678,2017,2017-08-09,"Queen's Park Oval, Port of Spain",1,0.2,Trinbago Knight Riders,Jamaica Tallawahs,BB McCullum,SP Narine,K Santokie,1,0,,,,,,,,,
1094678,2017,2017-08-09,"Queen's Park Oval, Port of Spain",1,0.3,Trinbago Knight Riders,Jamaica Tallawahs,SP Narine,BB McCullum,K Santokie,6,0,,,,,,,,,
1094678,2017,2017-08-09,"Queen's Park Oval, Port of Spain",1,0.4,Trinbago Knight Riders,Jamaica Tallawahs,SP Narine,BB McCullum,K Santokie,1,0,,,,,,,,,
1094678,2017,2017-08-09,"Queen's Park Oval, Port of Spain",1,0.5,Trinbago Knight Riders,Jamaica Tallawahs,BB McCullum,SP Narine,K Santokie,4,0,,,,,,,,,
1094678,2017,2017-08-09,"Queen's Park Oval, Port of Spain",1,0.6,Trinbago Knight Riders,Jamaica Tallawahs,BB McCullum,SP Narine,K Santokie,4,0,,,,,,,,,
1094678,2017,2017-08-09,"Queen's Park Oval, Port of Spain",1,1.1,Trinbago Knight Riders,Jamaica Tallawahs,SP Narine,BB McCullum,Imad Wasim,1,0,,,,,,,,,
1094678,2017,2017-08-09,"Queen's Park Oval, Port of Spain",1,1.2,Trinbago Knight Riders,Jamaica Tallawahs,BB McCullum,SP Narine,Imad Wasim,0,1,,,1,,,,,,
1094678,2017,2017-08-09,"Queen's Park Oval, Port of Spain",1,1.3,Trinbago Knight Riders,Jamaica Tallawahs,SP Narine,BB McCullum,Imad Wasim,1,0,,,,,,,,,
1094678,2017,2017-08-09,"Queen's Park Oval, Port of Spain",1,1.4,Trinbago Knight Riders,Jamaica Tallawahs,BB McCullum,SP Narine,Imad Wasim,0,0,,,,,,,,,
1094678,2017,2017-08-09,"Queen's Park Oval, Port of Spain",1,1.5,Trinbago Knight Riders,Jamaica Tallawahs,BB McCullum,SP Narine,Imad Wasim,1,0,,,,,,,,,
1094678,2017,2017-08-09,"Queen's Park Oval, Port of Spain",1,1.6,Trinbago Knight Riders,Jamaica Tallawahs,SP Narine,BB McCullum,Imad Wasim,6,0,,,,,,,,,
1094678,2017,2017-08-09,"Queen's Park Oval, Port of Spain",1,2.1,Trinbago Knight Riders,Jamaica Tallawahs,BB McCullum,SP Narine,KOK Williams,0,1,1,,,,,,,,
1094678,2017,2017-08-09,"Queen's Park Oval, Port of Spain",1,2.2,Trinbago Knight Riders,Jamaica Tallawahs,BB McCullum,SP Narine,KOK Williams,2,0,,,,,,,,,
1094678,2017,2017-08-09,"Queen's Park Oval, Port of Spain",1,2.3,Trinbago Knight Riders,Jamaica Tallawahs,BB McCullum,SP Narine,KOK Williams,0,0,,,,,,caught,BB McCullum,,
1094678,2017,2017-08-09,"Queen's Park Oval, Port of Spain",1,2.4,Trinbago Knight Riders,Jamaica Tallawahs,C Munro,SP Narine,KOK Williams,0,0,,,,,,,,,
1094678,2017,2017-08-09,"Queen's Park Oval, Port of Spain",1,2.5,Trinbago Knight Riders,Jamaica Tallawahs,C Munro,SP Narine,KOK Williams,4,0,,,,,,,,,
1094678,2017,2017-08-09,"Queen's Park Oval, Port of Spain",1,2.6,Trinbago Knight Riders,Jamaica Tallawahs,C Munro,SP Narine,KOK Williams,0,0,,,,,,,,,
1094678,2017,2017-08-09,"Queen's Park Oval, Port of Spain",1,2.7,Trinbago Knight Riders,Jamaica Tallawahs,C Munro,SP Narine,KOK Williams,6,0,,,,,,,,,
1094678,2017,2017-08-09,"Queen's Park Oval, Port of Spain",1,3.1,Trinbago Knight Riders,Jamaica Tallawahs,SP Narine,C Munro,Mohammad Sami,0,0,,,,,,,,,
1094678,2017,2017-08-09,"Queen's Park Oval, Port of Spain",1,3.2,Trinbago Knight Riders,Jamaica Tallawahs,SP Narine,C Munro,Mohammad Sami,4,0,,,,,,,,,
1094678,2017,2017-08-09,"Queen's Park Oval, Port of Spain",1,3.3,Trinbago Knight Riders,Jamaica Tallawahs,SP Narine,C Munro,Mohammad Sami,0,0,,,,,,,,,
1094678,2017,2017-08-09,"Queen's Park Oval, Port of Spain",1,3.4,Trinbago Knight Riders,Jamaica Tallawahs,SP Narine,C Munro,Mohammad Sami,4,0,,,,,,,,,
1094678,2017,2017-08-09,"Queen's Park Oval, Port of Spain",1,3.5,Trinbago Knight Riders,Jamaica Tallawahs,SP Narine,C Munro,Mohammad Sami,0,1,,,1,,,,,,
1094678,2017,2017-08-09,"Queen's Park Oval, Port of Spain",1,3.6,Trinbago Knight Riders,Jamaica Tallawahs,C Munro,SP Narine,Mohammad Sami,0,0,,,,,,,,,
1094678,2017,2017-08-09,"Queen's Park Oval, Port of Spain",1,4.1,Trinbago Knight Riders,Jamaica Tallawahs,SP Narine,C Munro,KOK Williams,0,0,,,,,,caught,SP Narine,,
1094678,2017,2017-08-09,"Queen's Park Oval, Port of Spain",1,4.2,Trinbago Knight Riders,Jamaica Tallawahs,C Munro,DM Bravo,KOK Williams,1,0,,,,,,,,,
1094678,2017,2017-08-09,"Queen's Park Oval, Port of Spain",1,4.3,Trinbago Knight Riders,Jamaica Tallawahs,DM Bravo,C Munro,KOK Williams,1,0,,,,,,,,,
1094678,2017,2017-08-09,"Queen's Park Oval, Port of Spain",1,4.4,Trinbago Knight Riders,Jamaica Tallawahs,C Munro,DM Bravo,KOK Williams,2,0,,,,,,,,,
1094678,2017,2017-08-09,"Queen's Park Oval, Port of Spain",1,4.5,Trinbago Knight Riders,Jamaica Tallawahs,C Munro,DM Bravo,KOK Williams,4,0,,,,,,,,,
1094678,2017,2017-08-09,"Queen's Park Oval, Port of Spain",1,4.6,Trinbago Knight Riders,Jamaica Tallawahs,C Munro,DM Bravo,KOK Williams,1,0,,,,,,,,,
1094678,2017,2017-08-09,"Queen's Park Oval, Port of Spain",1,5.1,Trinbago Knight Riders,Jamaica Tallawahs,C Munro,DM Bravo,Mohammad Sami,0,0,,,,,,,,,
1094678,2017,2017-08-09,"Queen's Park Oval, Port of Spain",1,5.2,Trinbago Knight Riders,Jamaica Tallawahs,C Munro,DM Bravo,Mohammad Sami,0,0,,,,,,,,,
1094678,2017,2017-08-09,"Queen's Park Oval, Port of Spain",1,5.3,Trinbago Knight Riders,Jamaica Tallawahs,C Munro,DM Bravo,Mohammad Sami,0,0,,,,,,,,,
1094678,2017,2017-08-09,"Queen's Park Oval, Port of Spain",1,5.4,Trinbago Knight Riders,Jamaica Tallawahs,C Munro,DM Bravo,Mohammad Sami,4,0,,,,,,,,,
1094678,2017,2017-08-09,"Queen's Park Oval, Port of Spain",1,5.5,Trinbago Knight Riders,Jamaica Tallawahs,C Munro,DM Bravo,Mohammad Sami,4,0,,,,,,,,,
1094678,2017,2017-08-09,"Queen's Park Oval, Port of Spain",1,5.6,Trinbago Knight Riders,Jamaica Tallawahs,C Munro,DM Bravo,Mohammad Sami,1,0,,,,,,,,,
1094678,2017,2017-08-09,"Queen's Park Oval, Port of Spain",1,6.1,Trinbago Knight Riders,Jamaica Tallawahs,C Munro,DM Bravo,Imad Wasim,1,0,,,,,,,,,
1094678,2017,2017-08-09,"Queen's Park Oval, Port of Spain",1,6.2,Trinbago Knight Riders,Jamaica Tallawahs,DM Bravo,C Munro,Imad Wasim,1,0,,,,,,,,,
1094678,2017,2017-08-09,"Queen's Park Oval, Port of Spain",1,6.3,Trinbago Knight Riders,Jamaica Tallawahs,C Munro,DM Bravo,Imad Wasim,1,0,,,,,,,,,
1094678,2017,2017-08-09,"Queen's Park Oval, Port of Spain",1,6.4,Trinbago Knight Riders,Jamaica Tallawahs,DM Bravo,C Munro,Imad Wasim,4,0,,,,,,,,,
1094678,2017,2017-08-09,"Queen's Park Oval, Port of Spain",1,6.5,Trinbago Knight Riders,Jamaica Tallawahs,DM Bravo,C Munro,Imad Wasim,6,0,,,,,,,,,
1094678,2017,2017-08-09,"Queen's Park Oval, Port of Spain",1,6.6,Trinbago Knight Riders,Jamaica Tallawahs,DM Bravo,C Munro,Imad Wasim,6,0,,,,,,,,,
1094678,2017,2017-08-09,"Queen's Park Oval, Port of Spain",1,7.1,Trinbago Knight Riders,Jamaica Tallawahs,C Munro,DM Bravo,Shakib Al Hasan,4,0,,,,,,,,,
1094678,2017,2017-08-09,"Queen's Park Oval, Port of Spain",1,7.2,Trinbago Knight Riders,Jamaica Tallawahs,C Munro,DM Bravo,Shakib Al Hasan,0,0,,,,,,,,,
1094678,2017,2017-08-09,"Queen's Park Oval, Port of Spain",1,7.3,Trinbago Knight Riders,Jamaica Tallawahs,C Munro,DM Bravo,Shakib Al Hasan,0,0,,,,,,,,,
1094678,2017,2017-08-09,"Queen's Park Oval, Port of Spain",1,7.4,Trinbago Knight Riders,Jamaica Tallawahs,C Munro,DM Bravo,Shakib Al Hasan,1,0,,,,,,,,,
1094678,2017,2017-08-09,"Queen's Park Oval, Port of Spain",1,7.5,Trinbago Knight Riders,Jamaica Tallawahs,DM Bravo,C Munro,Shakib Al Hasan,1,0,,,,,,,,,
1094678,2017,2017-08-09,"Queen's Park Oval, Port of Spain",1,7.6,Trinbago Knight Riders,Jamaica Tallawahs,C Munro,DM Bravo,Shakib Al Hasan,6,0,,,,,,,,,
1094678,2017,2017-08-09,"Queen's Park Oval, Port of Spain",1,8.1,Trinbago Knight Riders,Jamaica Tallawahs,DM Bravo,C Munro,OF Smith,0,0,,,,,,,,,
1094678,2017,2017-08-09,"Queen's Park Oval, Port of Spain",1,8.2,Trinbago Knight Riders,Jamaica Tallawahs,DM Bravo,C Munro,OF Smith,0,0,,,,,,,,,
1094678,2017,2017-08-09,"Queen's Park Oval, Port of Spain",1,8.3,Trinbago Knight Riders,Jamaica Tallawahs,DM Bravo,C Munro,OF Smith,0,0,,,,,,,,,
1094678,2017,2017-08-09,"Queen's Park Oval, Port of Spain",1,8.4,Trinbago Knight Riders,Jamaica Tallawahs,DM Bravo,C Munro,OF Smith,4,0,,,,,,,,,
1094678,2017,2017-08-09,"Queen's Park Oval, Port of Spain",1,8.5,Trinbago Knight Riders,Jamaica Tallawahs,DM Bravo,C Munro,OF Smith,1,0,,,,,,,,,
1094678,2017,2017-08-09,"Queen's Park Oval, Port of Spain",1,8.6,Trinbago Knight Riders,Jamaica Tallawahs,C Munro,DM Bravo,OF Smith,0,0,,,,,,,,,
1094678,2017,2017-08-09,"Queen's Park Oval, Port of Spain",1,9.1,Trinbago Knight Riders,Jamaica Tallawahs,DM Bravo,C Munro,K Santokie,1,0,,,,,,,,,
1094678,2017,2017-08-09,"Queen's Park Oval, Port of Spain",1,9.2,Trinbago Knight Riders,Jamaica Tallawahs,C Munro,DM Bravo,K Santokie,1,0,,,,,,,,,
1094678,2017,2017-08-09,"Queen's Park Oval, Port of Spain",1,9.3,Trinbago Knight Riders,Jamaica Tallawahs,DM Bravo,C Munro,K Santokie,0,0,,,,,,,,,
1094678,2017,2017-08-09,"Queen's Park Oval, Port of Spain",1,9.4,Trinbago Knight Riders,Jamaica Tallawahs,DM Bravo,C Munro,K Santokie,0,0,,,,,,,,,
1094678,2017,2017-08-09,"Queen's Park Oval, Port of Spain",1,9.5,Trinbago Knight Riders,Jamaica Tallawahs,DM Bravo,C Munro,K Santokie,1,0,,,,,,,,,
1094678,2017,2017-08-09,"Queen's Park Oval, Port of Spain",1,9.6,Trinbago Knight Riders,Jamaica Tallawahs,C Munro,DM Bravo,K Santokie,0,0,,,,,,caught,C Munro,,
1094678,2017,2017-08-09,"Queen's Park Oval, Port of Spain",1,10.1,Trinbago Knight Riders,Jamaica Tallawahs,D Ramdin,DM Bravo,OF Smith,0,1,,1,,,,,,,
1094678,2017,2017-08-09,"Queen's Park Oval, Port of Spain",1,10.2,Trinbago Knight Riders,Jamaica Tallawahs,D Ramdin,DM Bravo,OF Smith,1,0,,,,,,,,,
1094678,2017,2017-08-09,"Queen's Park Oval, Port of Spain",1,10.3,Trinbago Knight Riders,Jamaica Tallawahs,DM Bravo,D Ramdin,OF Smith,0,0,,,,,,,,,
1094678,2017,2017-08-09,"Queen's Park Oval, Port of Spain",1,10.4,Trinbago Knight Riders,Jamaica Tallawahs,DM Bravo,D Ramdin,OF Smith,1,0,,,,,,,,,
1094678,2017,2017-08-09,"Queen's Park Oval, Port of Spain",1,10.5,Trinbago Knight Riders,Jamaica Tallawahs,D Ramdin,DM Bravo,OF Smith,1,0,,,,,,,,,
1094678,2017,2017-08-09,"Queen's Park Oval, Port of Spain",1,10.6,Trinbago Knight Riders,Jamaica Tallawahs,DM Bravo,D Ramdin,OF Smith,1,0,,,,,,,,,
1094678,2017,2017-08-09,"Queen's Park Oval, Port of Spain",1,10.7,Trinbago Knight Riders,Jamaica Tallawahs,D Ramdin,DM Bravo,OF Smith,0,0,,,,,,,,,
1094678,2017,2017-08-09,"Queen's Park Oval, Port of Spain",1,11.1,Trinbago Knight Riders,Jamaica Tallawahs,DM Bravo,D Ramdin,K Santokie,0,0,,,,,,,,,
1094678,2017,2017-08-09,"Queen's Park Oval, Port of Spain",1,11.2,Trinbago Knight Riders,Jamaica Tallawahs,DM Bravo,D Ramdin,K Santokie,1,0,,,,,,,,,
1094678,2017,2017-08-09,"Queen's Park Oval, Port of Spain",1,11.3,Trinbago Knight Riders,Jamaica Tallawahs,D Ramdin,DM Bravo,K Santokie,1,0,,,,,,,,,
1094678,2017,2017-08-09,"Queen's Park Oval, Port of Spain",1,11.4,Trinbago Knight Riders,Jamaica Tallawahs,DM Bravo,D Ramdin,K Santokie,1,0,,,,,,,,,
1094678,2017,2017-08-09,"Queen's Park Oval, Port of Spain",1,11.5,Trinbago Knight Riders,Jamaica Tallawahs,D Ramdin,DM Bravo,K Santokie,1,0,,,,,,,,,
1094678,2017,2017-08-09,"Queen's Park Oval, Port of Spain",1,11.6,Trinbago Knight Riders,Jamaica Tallawahs,DM Bravo,D Ramdin,K Santokie,1,0,,,,,,,,,
1094678,2017,2017-08-09,"Queen's Park Oval, Port of Spain",1,12.1,Trinbago Knight Riders,Jamaica Tallawahs,DM Bravo,D Ramdin,OF Smith,1,0,,,,,,,,,
1094678,2017,2017-08-09,"Queen's Park Oval, Port of Spain",1,12.2,Trinbago Knight Riders,Jamaica Tallawahs,D Ramdin,DM Bravo,OF Smith,1,0,,,,,,,,,
1094678,2017,2017-08-09,"Queen's Park Oval, Port of Spain",1,12.3,Trinbago Knight Riders,Jamaica Tallawahs,DM Bravo,D Ramdin,OF Smith,1,0,,,,,,,,,
1094678,2017,2017-08-09,"Queen's Park Oval, Port of Spain",1,12.4,Trinbago Knight Riders,Jamaica Tallawahs,D Ramdin,DM Bravo,OF Smith,0,0,,,,,,caught,D Ramdin,,
1094678,2017,2017-08-09,"Queen's Park Oval, Port of Spain",1,12.5,Trinbago Knight Riders,Jamaica Tallawahs,DJ Bravo,DM Bravo,OF Smith,0,0,,,,,,,,,
1094678,2017,2017-08-09,"Queen's Park Oval, Port of Spain",1,12.6,Trinbago Knight Riders,Jamaica Tallawahs,DJ Bravo,DM Bravo,OF Smith,1,0,,,,,,,,,
1094678,2017,2017-08-09,"Queen's Park Oval, Port of Spain",1,13.1,Trinbago Knight Riders,Jamaica Tallawahs,DJ Bravo,DM Bravo,Mohammad Sami,0,0,,,,,,,,,
1094678,2017,2017-08-09,"Queen's Park Oval, Port of Spain",1,13.2,Trinbago Knight Riders,Jamaica Tallawahs,DJ Bravo,DM Bravo,Mohammad Sami,0,0,,,,,,,,,
1094678,2017,2017-08-09,"Queen's Park Oval, Port of Spain",1,13.3,Trinbago Knight Riders,Jamaica Tallawahs,DJ Bravo,DM Bravo,Mohammad Sami,0,0,,,,,,,,,
1094678,2017,2017-08-09,"Queen's Park Oval, Port of Spain",1,13.4,Trinbago Knight Riders,Jamaica Tallawahs,DJ Bravo,DM Bravo,Mohammad Sami,1,0,,,,,,,,,
1094678,2017,2017-08-09,"Queen's Park Oval, Port of Spain",1,13.5,Trinbago Knight Riders,Jamaica Tallawahs,DM Bravo,DJ Bravo,Mohammad Sami,0,0,,,,,,caught,DM Bravo,,
1094678,2017,2017-08-09,"Queen's Park Oval, Port of Spain",1,13.6,Trinbago Knight Riders,Jamaica Tallawahs,Shadab Khan,DJ Bravo,Mohammad Sami,0,0,,,,,,,,,
1094678,2017,2017-08-09,"Queen's Park Oval, Port of Spain",1,14.1,Trinbago Knight Riders,Jamaica Tallawahs,DJ Bravo,Shadab Khan,Imad Wasim,1,0,,,,,,,,,
1094678,2017,2017-08-09,"Queen's Park Oval, Port of Spain",1,14.2,Trinbago Knight Riders,Jamaica Tallawahs,Shadab Khan,DJ Bravo,Imad Wasim,0,0,,,,,,,,,
1094678,2017,2017-08-09,"Queen's Park Oval, Port of Spain",1,14.3,Trinbago Knight Riders,Jamaica Tallawahs,Shadab Khan,DJ Bravo,Imad Wasim,6,0,,,,,,,,,
1094678,2017,2017-08-09,"Queen's Park Oval, Port of Spain",1,14.4,Trinbago Knight Riders,Jamaica Tallawahs,Shadab Khan,DJ Bravo,Imad Wasim,0,0,,,,,,caught,Shadab Khan,,
1094678,2017,2017-08-09,"Queen's Park Oval, Port of Spain",1,14.5,Trinbago Knight Riders,Jamaica Tallawahs,DJ Bravo,R Frylinck,Imad Wasim,0,0,,,,,,,,,
1094678,2017,2017-08-09,"Queen's Park Oval, Port of Spain",1,14.6,Trinbago Knight Riders,Jamaica Tallawahs,DJ Bravo,R Frylinck,Imad Wasim,0,0,,,,,,,,,
1094678,2017,2017-08-09,"Queen's Park Oval, Port of Spain",1,15.1,Trinbago Knight Riders,Jamaica Tallawahs,R Frylinck,DJ Bravo,KOK Williams,0,0,,,,,,,,,
1094678,2017,2017-08-09,"Queen's Park Oval, Port of Spain",1,15.2,Trinbago Knight Riders,Jamaica Tallawahs,R Frylinck,DJ Bravo,KOK Williams,1,0,,,,,,,,,
1094678,2017,2017-08-09,"Queen's Park Oval, Port of Spain",1,15.3,Trinbago Knight Riders,Jamaica Tallawahs,DJ Bravo,R Frylinck,KOK Williams,1,0,,,,,,,,,
1094678,2017,2017-08-09,"Queen's Park Oval, Port of Spain",1,15.4,Trinbago Knight Riders,Jamaica Tallawahs,R Frylinck,DJ Bravo,KOK Williams,0,0,,,,,,,,,
1094678,2017,2017-08-09,"Queen's Park Oval, Port of Spain",1,15.5,Trinbago Knight Riders,Jamaica Tallawahs,R Frylinck,DJ Bravo,KOK Williams,0,0,,,,,,,,,
1094678,2017,2017-08-09,"Queen's Park Oval, Port of Spain",1,15.6,Trinbago Knight Riders,Jamaica Tallawahs,R Frylinck,DJ Bravo,KOK Williams,0,0,,,,,,,,,
1094678,2017,2017-08-09,"Queen's Park Oval, Port of Spain",1,16.1,Trinbago Knight Riders,Jamaica Tallawahs,DJ Bravo,R Frylinck,K Santokie,1,0,,,,,,,,,
1094678,2017,2017-08-09,"Queen's Park Oval, Port of Spain",1,16.2,Trinbago Knight Riders,Jamaica Tallawahs,R Frylinck,DJ Bravo,K Santokie,1,0,,,,,,,,,
1094678,2017,2017-08-09,"Queen's Park Oval, Port of Spain",1,16.3,Trinbago Knight Riders,Jamaica Tallawahs,DJ Bravo,R Frylinck,K Santokie,0,0,,,,,,caught,DJ Bravo,,
1094678,2017,2017-08-09,"Queen's Park Oval, Port of Spain",1,16.4,Trinbago Knight Riders,Jamaica Tallawahs,JPR Scantlebury-Searles,R Frylinck,K Santokie,0,0,,,,,,,,,
1094678,2017,2017-08-09,"Queen's Park Oval, Port of Spain",1,16.5,Trinbago Knight Riders,Jamaica Tallawahs,JPR Scantlebury-Searles,R Frylinck,K Santokie,0,0,,,,,,,,,
1094678,2017,2017-08-09,"Queen's Park Oval, Port of Spain",1,16.6,Trinbago Knight Riders,Jamaica Tallawahs,JPR Scantlebury-Searles,R Frylinck,K Santokie,0,0,,,,,,,,,
1094678,2017,2017-08-09,"Queen's Park Oval, Port of Spain",1,17.1,Trinbago Knight Riders,Jamaica Tallawahs,R Frylinck,JPR Scantlebury-Searles,Mohammad Sami,1,0,,,,,,,,,
1094678,2017,2017-08-09,"Queen's Park Oval, Port of Spain",1,17.2,Trinbago Knight Riders,Jamaica Tallawahs,JPR Scantlebury-Searles,R Frylinck,Mohammad Sami,0,0,,,,,,,,,
1094678,2017,2017-08-09,"Queen's Park Oval, Port of Spain",1,17.3,Trinbago Knight Riders,Jamaica Tallawahs,JPR Scantlebury-Searles,R Frylinck,Mohammad Sami,1,0,,,,,,,,,
1094678,2017,2017-08-09,"Queen's Park Oval, Port of Spain",1,17.4,Trinbago Knight Riders,Jamaica Tallawahs,R Frylinck,JPR Scantlebury-Searles,Mohammad Sami,1,0,,,,,,,,,
1094678,2017,2017-08-09,"Queen's Park Oval, Port of Spain",1,17.5,Trinbago Knight Riders,Jamaica Tallawahs,JPR Scantlebury-Searles,R Frylinck,Mohammad Sami,1,0,,,,,,,,,
1094678,2017,2017-08-09,"Queen's Park Oval, Port of Spain",1,17.6,Trinbago Knight Riders,Jamaica Tallawahs,R Frylinck,JPR Scantlebury-Searles,Mohammad Sami,0,0,,,,,,,,,
1094678,2017,2017-08-09,"Queen's Park Oval, Port of Spain",1,18.1,Trinbago Knight Riders,Jamaica Tallawahs,JPR Scantlebury-Searles,R Frylinck,KOK Williams,0,0,,,,,,,,,
1094678,2017,2017-08-09,"Queen's Park Oval, Port of Spain",1,18.2,Trinbago Knight Riders,Jamaica Tallawahs,JPR Scantlebury-Searles,R Frylinck,KOK Williams,0,0,,,,,,caught,JPR Scantlebury-Searles,,
1094678,2017,2017-08-09,"Queen's Park Oval, Port of Spain",1,18.3,Trinbago Knight Riders,Jamaica Tallawahs,R Frylinck,KK Cooper,KOK Williams,0,0,,,,,,,,,
1094678,2017,2017-08-09,"Queen's Park Oval, Port of Spain",1,18.4,Trinbago Knight Riders,Jamaica Tallawahs,R Frylinck,KK Cooper,KOK Williams,1,0,,,,,,,,,
1094678,2017,2017-08-09,"Queen's Park Oval, Port of Spain",1,18.5,Trinbago Knight Riders,Jamaica Tallawahs,KK Cooper,R Frylinck,KOK Williams,0,0,,,,,,,,,
1094678,2017,2017-08-09,"Queen's Park Oval, Port of Spain",1,18.6,Trinbago Knight Riders,Jamaica Tallawahs,KK Cooper,R Frylinck,KOK Williams,1,0,,,,,,,,,
1094678,2017,2017-08-09,"Queen's Park Oval, Port of Spain",1,19.1,Trinbago Knight Riders,Jamaica Tallawahs,KK Cooper,R Frylinck,OF Smith,0,1,,1,,,,,,,
1094678,2017,2017-08-09,"Queen's Park Oval, Port of Spain",1,19.2,Trinbago Knight Riders,Jamaica Tallawahs,KK Cooper,R Frylinck,OF Smith,4,0,,,,,,,,,
1094678,2017,2017-08-09,"Queen's Park Oval, Port of Spain",1,19.3,Trinbago Knight Riders,Jamaica Tallawahs,KK Cooper,R Frylinck,OF Smith,0,0,,,,,,bowled,KK Cooper,,
1094678,2017,2017-08-09,"Queen's Park Oval, Port of Spain",1,19.4,Trinbago Knight Riders,Jamaica Tallawahs,K Pierre,R Frylinck,OF Smith,1,0,,,,,,,,,
1094678,2017,2017-08-09,"Queen's Park Oval, Port of Spain",1,19.5,Trinbago Knight Riders,Jamaica Tallawahs,R Frylinck,K Pierre,OF Smith,0,0,,,,,,,,,
1094678,2017,2017-08-09,"Queen's Park Oval, Port of Spain",1,19.6,Trinbago Knight Riders,Jamaica Tallawahs,R Frylinck,K Pierre,OF Smith,0,0,,,,,,bowled,R Frylinck,,
1094678,2017,2017-08-09,"Queen's Park Oval, Port of Spain",2,0.1,Jamaica Tallawahs,Trinbago Knight Riders,KC Sangakkara,LMP Simmons,K Pierre,0,0,,,,,,,,,
1094678,2017,2017-08-09,"Queen's Park Oval, Port of Spain",2,0.2,Jamaica Tallawahs,Trinbago Knight Riders,KC Sangakkara,LMP Simmons,K Pierre,0,0,,,,,,,,,
1094678,2017,2017-08-09,"Queen's Park Oval, Port of Spain",2,0.3,Jamaica Tallawahs,Trinbago Knight Riders,KC Sangakkara,LMP Simmons,K Pierre,0,0,,,,,,,,,
1094678,2017,2017-08-09,"Queen's Park Oval, Port of Spain",2,0.4,Jamaica Tallawahs,Trinbago Knight Riders,KC Sangakkara,LMP Simmons,K Pierre,4,0,,,,,,,,,
1094678,2017,2017-08-09,"Queen's Park Oval, Port of Spain",2,0.5,Jamaica Tallawahs,Trinbago Knight Riders,KC Sangakkara,LMP Simmons,K Pierre,0,0,,,,,,,,,
1094678,2017,2017-08-09,"Queen's Park Oval, Port of Spain",2,0.6,Jamaica Tallawahs,Trinbago Knight Riders,KC Sangakkara,LMP Simmons,K Pierre,1,0,,,,,,,,,
1094678,2017,2017-08-09,"Queen's Park Oval, Port of Spain",2,1.1,Jamaica Tallawahs,Trinbago Knight Riders,KC Sangakkara,LMP Simmons,JPR Scantlebury-Searles,0,0,,,,,,,,,
1094678,2017,2017-08-09,"Queen's Park Oval, Port of Spain",2,1.2,Jamaica Tallawahs,Trinbago Knight Riders,KC Sangakkara,LMP Simmons,JPR Scantlebury-Searles,0,0,,,,,,,,,
1094678,2017,2017-08-09,"Queen's Park Oval, Port of Spain",2,1.3,Jamaica Tallawahs,Trinbago Knight Riders,KC Sangakkara,LMP Simmons,JPR Scantlebury-Searles,0,0,,,,,,,,,
1094678,2017,2017-08-09,"Queen's Park Oval, Port of Spain",2,1.4,Jamaica Tallawahs,Trinbago Knight Riders,KC Sangakkara,LMP Simmons,JPR Scantlebury-Searles,4,0,,,,,,,,,
1094678,2017,2017-08-09,"Queen's Park Oval, Port of Spain",2,1.5,Jamaica Tallawahs,Trinbago Knight Riders,KC Sangakkara,LMP Simmons,JPR Scantlebury-Searles,4,0,,,,,,,,,
1094678,2017,2017-08-09,"Queen's Park Oval, Port of Spain",2,1.6,Jamaica Tallawahs,Trinbago Knight Riders,KC Sangakkara,LMP Simmons,JPR Scantlebury-Searles,4,0,,,,,,,,,
1094678,2017,2017-08-09,"Queen's Park Oval, Port of Spain",2,2.1,Jamaica Tallawahs,Trinbago Knight Riders,LMP Simmons,KC Sangakkara,K Pierre,6,0,,,,,,,,,
1094678,2017,2017-08-09,"Queen's Park Oval, Port of Spain",2,2.2,Jamaica Tallawahs,Trinbago Knight Riders,LMP Simmons,KC Sangakkara,K Pierre,6,0,,,,,,,,,
1094678,2017,2017-08-09,"Queen's Park Oval, Port of Spain",2,2.3,Jamaica Tallawahs,Trinbago Knight Riders,LMP Simmons,KC Sangakkara,K Pierre,0,0,,,,,,,,,
1094678,2017,2017-08-09,"Queen's Park Oval, Port of Spain",2,2.4,Jamaica Tallawahs,Trinbago Knight Riders,LMP Simmons,KC Sangakkara,K Pierre,0,0,,,,,,,,,
1094678,2017,2017-08-09,"Queen's Park Oval, Port of Spain",2,2.5,Jamaica Tallawahs,Trinbago Knight Riders,LMP Simmons,KC Sangakkara,K Pierre,1,0,,,,,,,,,
1094678,2017,2017-08-09,"Queen's Park Oval, Port of Spain",2,2.6,Jamaica Tallawahs,Trinbago Knight Riders,KC Sangakkara,LMP Simmons,K Pierre,0,0,,,,,,,,,
1094678,2017,2017-08-09,"Queen's Park Oval, Port of Spain",2,3.1,Jamaica Tallawahs,Trinbago Knight Riders,LMP Simmons,KC Sangakkara,KK Cooper,0,0,,,,,,,,,
1094678,2017,2017-08-09,"Queen's Park Oval, Port of Spain",2,3.2,Jamaica Tallawahs,Trinbago Knight Riders,LMP Simmons,KC Sangakkara,KK Cooper,0,0,,,,,,,,,
1094678,2017,2017-08-09,"Queen's Park Oval, Port of Spain",2,3.3,Jamaica Tallawahs,Trinbago Knight Riders,LMP Simmons,KC Sangakkara,KK Cooper,0,0,,,,,,,,,
1094678,2017,2017-08-09,"Queen's Park Oval, Port of Spain",2,3.4,Jamaica Tallawahs,Trinbago Knight Riders,LMP Simmons,KC Sangakkara,KK Cooper,4,0,,,,,,,,,
1094678,2017,2017-08-09,"Queen's Park Oval, Port of Spain",2,3.5,Jamaica Tallawahs,Trinbago Knight Riders,LMP Simmons,KC Sangakkara,KK Cooper,0,0,,,,,,,,,
1094678,2017,2017-08-09,"Queen's Park Oval, Port of Spain",2,3.6,Jamaica Tallawahs,Trinbago Knight Riders,LMP Simmons,KC Sangakkara,KK Cooper,6,0,,,,,,,,,
1094678,2017,2017-08-09,"Queen's Park Oval, Port of Spain",2,4.1,Jamaica Tallawahs,Trinbago Knight Riders,KC Sangakkara,LMP Simmons,SP Narine,4,0,,,,,,,,,
1094678,2017,2017-08-09,"Queen's Park Oval, Port of Spain",2,4.2,Jamaica Tallawahs,Trinbago Knight Riders,KC Sangakkara,LMP Simmons,SP Narine,0,0,,,,,,,,,
1094678,2017,2017-08-09,"Queen's Park Oval, Port of Spain",2,4.3,Jamaica Tallawahs,Trinbago Knight Riders,KC Sangakkara,LMP Simmons,SP Narine,1,1,,1,,,,,,,
1094678,2017,2017-08-09,"Queen's Park Oval, Port of Spain",2,4.4,Jamaica Tallawahs,Trinbago Knight Riders,LMP Simmons,KC Sangakkara,SP Narine,4,0,,,,,,,,,
1094678,2017,2017-08-09,"Queen's Park Oval, Port of Spain",2,4.5,Jamaica Tallawahs,Trinbago Knight Riders,LMP Simmons,KC Sangakkara,SP Narine,0,0,,,,,,,,,
1094678,2017,2017-08-09,"Queen's Park Oval, Port of Spain",2,4.6,Jamaica Tallawahs,Trinbago Knight Riders,LMP Simmons,KC Sangakkara,SP Narine,2,0,,,,,,,,,
1094678,2017,2017-08-09,"Queen's Park Oval, Port of Spain",2,4.7,Jamaica Tallawahs,Trinbago Knight Riders,LMP Simmons,KC Sangakkara,SP Narine,1,0,,,,,,,,,
1094678,2017,2017-08-09,"Queen's Park Oval, Port of Spain",2,5.1,Jamaica Tallawahs,Trinbago Knight Riders,LMP Simmons,KC Sangakkara,Shadab Khan,4,0,,,,,,,,,
1094678,2017,2017-08-09,"Queen's Park Oval, Port of Spain",2,5.2,Jamaica Tallawahs,Trinbago Knight Riders,LMP Simmons,KC Sangakkara,Shadab Khan,4,0,,,,,,,,,
1094678,2017,2017-08-09,"Queen's Park Oval, Port of Spain",2,5.3,Jamaica Tallawahs,Trinbago Knight Riders,LMP Simmons,KC Sangakkara,Shadab Khan,0,0,,,,,,bowled,LMP Simmons,,
1094678,2017,2017-08-09,"Queen's Park Oval, Port of Spain",2,5.4,Jamaica Tallawahs,Trinbago Knight Riders,AM McCarthy,KC Sangakkara,Shadab Khan,0,0,,,,,,,,,
1094678,2017,2017-08-09,"Queen's Park Oval, Port of Spain",2,5.5,Jamaica Tallawahs,Trinbago Knight Riders,AM McCarthy,KC Sangakkara,Shadab Khan,3,0,,,,,,,,,
1094678,2017,2017-08-09,"Queen's Park Oval, Port of Spain",2,5.6,Jamaica Tallawahs,Trinbago Knight Riders,KC Sangakkara,AM McCarthy,Shadab Khan,0,0,,,,,,,,,
1094678,2017,2017-08-09,"Queen's Park Oval, Port of Spain",2,6.1,Jamaica Tallawahs,Trinbago Knight Riders,AM McCarthy,KC Sangakkara,SP Narine,0,0,,,,,,,,,
1094678,2017,2017-08-09,"Queen's Park Oval, Port of Spain",2,6.2,Jamaica Tallawahs,Trinbago Knight Riders,AM McCarthy,KC Sangakkara,SP Narine,0,0,,,,,,lbw,AM McCarthy,,
1094678,2017,2017-08-09,"Queen's Park Oval, Port of Spain",2,6.3,Jamaica Tallawahs,Trinbago Knight Riders,R Powell,KC Sangakkara,SP Narine,0,0,,,,,,,,,
1094678,2017,2017-08-09,"Queen's Park Oval, Port of Spain",2,6.4,Jamaica Tallawahs,Trinbago Knight Riders,R Powell,KC Sangakkara,SP Narine,0,0,,,,,,,,,
1094678,2017,2017-08-09,"Queen's Park Oval, Port of Spain",2,6.5,Jamaica Tallawahs,Trinbago Knight Riders,R Powell,KC Sangakkara,SP Narine,1,0,,,,,,,,,
1094678,2017,2017-08-09,"Queen's Park Oval, Port of Spain",2,6.6,Jamaica Tallawahs,Trinbago Knight Riders,KC Sangakkara,R Powell,SP Narine,1,0,,,,,,,,,
1094678,2017,2017-08-09,"Queen's Park Oval, Port of Spain",2,7.1,Jamaica Tallawahs,Trinbago Knight Riders,KC Sangakkara,R Powell,Shadab Khan,1,0,,,,,,,,,
1094678,2017,2017-08-09,"Queen's Park Oval, Port of Spain",2,7.2,Jamaica Tallawahs,Trinbago Knight Riders,R Powell,KC Sangakkara,Shadab Khan,0,0,,,,,,,,,
1094678,2017,2017-08-09,"Queen's Park Oval, Port of Spain",2,7.3,Jamaica Tallawahs,Trinbago Knight Riders,R Powell,KC Sangakkara,Shadab Khan,2,0,,,,,,,,,
1094678,2017,2017-08-09,"Queen's Park Oval, Port of Spain",2,7.4,Jamaica Tallawahs,Trinbago Knight Riders,R Powell,KC Sangakkara,Shadab Khan,1,0,,,,,,,,,
1094678,2017,2017-08-09,"Queen's Park Oval, Port of Spain",2,7.5,Jamaica Tallawahs,Trinbago Knight Riders,KC Sangakkara,R Powell,Shadab Khan,0,0,,,,,,,,,
1094678,2017,2017-08-09,"Queen's Park Oval, Port of Spain",2,7.6,Jamaica Tallawahs,Trinbago Knight Riders,KC Sangakkara,R Powell,Shadab Khan,1,0,,,,,,,,,
1094678,2017,2017-08-09,"Queen's Park Oval, Port of Spain",2,8.1,Jamaica Tallawahs,Trinbago Knight Riders,KC Sangakkara,R Powell,K Pierre,4,0,,,,,,,,,
1094678,2017,2017-08-09,"Queen's Park Oval, Port of Spain",2,8.2,Jamaica Tallawahs,Trinbago Knight Riders,KC Sangakkara,R Powell,K Pierre,1,0,,,,,,,,,
1094678,2017,2017-08-09,"Queen's Park Oval, Port of Spain",2,8.3,Jamaica Tallawahs,Trinbago Knight Riders,R Powell,KC Sangakkara,K Pierre,0,0,,,,,,,,,
1094678,2017,2017-08-09,"Queen's Park Oval, Port of Spain",2,8.4,Jamaica Tallawahs,Trinbago Knight Riders,R Powell,KC Sangakkara,K Pierre,2,0,,,,,,,,,
1094678,2017,2017-08-09,"Queen's Park Oval, Port of Spain",2,8.5,Jamaica Tallawahs,Trinbago Knight Riders,R Powell,KC Sangakkara,K Pierre,2,0,,,,,,,,,
1094678,2017,2017-08-09,"Queen's Park Oval, Port of Spain",2,8.6,Jamaica Tallawahs,Trinbago Knight Riders,R Powell,KC Sangakkara,K Pierre,6,0,,,,,,,,,
1094678,2017,2017-08-09,"Queen's Park Oval, Port of Spain",2,9.1,Jamaica Tallawahs,Trinbago Knight Riders,KC Sangakkara,R Powell,DJ Bravo,0,1,1,,,,,,,,
1094678,2017,2017-08-09,"Queen's Park Oval, Port of Spain",2,9.2,Jamaica Tallawahs,Trinbago Knight Riders,KC Sangakkara,R Powell,DJ Bravo,1,0,,,,,,,,,
1094678,2017,2017-08-09,"Queen's Park Oval, Port of Spain",2,9.3,Jamaica Tallawahs,Trinbago Knight Riders,R Powell,KC Sangakkara,DJ Bravo,0,0,,,,,,,,,
1094678,2017,2017-08-09,"Queen's Park Oval, Port of Spain",2,9.4,Jamaica Tallawahs,Trinbago Knight Riders,R Powell,KC Sangakkara,DJ Bravo,0,0,,,,,,,,,
1094678,2017,2017-08-09,"Queen's Park Oval, Port of Spain",2,9.5,Jamaica Tallawahs,Trinbago Knight Riders,R Powell,KC Sangakkara,DJ Bravo,1,0,,,,,,,,,
1094678,2017,2017-08-09,"Queen's Park Oval, Port of Spain",2,9.6,Jamaica Tallawahs,Trinbago Knight Riders,KC Sangakkara,R Powell,DJ Bravo,1,0,,,,,,,,,
1094678,2017,2017-08-09,"Queen's Park Oval, Port of Spain",2,9.7,Jamaica Tallawahs,Trinbago Knight Riders,R Powell,KC Sangakkara,DJ Bravo,1,0,,,,,,,,,
1094678,2017,2017-08-09,"Queen's Park Oval, Port of Spain",2,10.1,Jamaica Tallawahs,Trinbago Knight Riders,R Powell,KC Sangakkara,SP Narine,2,0,,,,,,,,,
1094678,2017,2017-08-09,"Queen's Park Oval, Port of Spain",2,10.2,Jamaica Tallawahs,Trinbago Knight Riders,R Powell,KC Sangakkara,SP Narine,0,0,,,,,,,,,
1094678,2017,2017-08-09,"Queen's Park Oval, Port of Spain",2,10.3,Jamaica Tallawahs,Trinbago Knight Riders,R Powell,KC Sangakkara,SP Narine,0,0,,,,,,lbw,R Powell,,
1094678,2017,2017-08-09,"Queen's Park Oval, Port of Spain",2,10.4,Jamaica Tallawahs,Trinbago Knight Riders,Shakib Al Hasan,KC Sangakkara,SP Narine,1,0,,,,,,,,,
1094678,2017,2017-08-09,"Queen's Park Oval, Port of Spain",2,10.5,Jamaica Tallawahs,Trinbago Knight Riders,KC Sangakkara,Shakib Al Hasan,SP Narine,0,0,,,,,,,,,
1094678,2017,2017-08-09,"Queen's Park Oval, Port of Spain",2,10.6,Jamaica Tallawahs,Trinbago Knight Riders,KC Sangakkara,Shakib Al Hasan,SP Narine,0,0,,,,,,,,,
1094678,2017,2017-08-09,"Queen's Park Oval, Port of Spain",2,11.1,Jamaica Tallawahs,Trinbago Knight Riders,Shakib Al Hasan,KC Sangakkara,DJ Bravo,1,0,,,,,,,,,
1094678,2017,2017-08-09,"Queen's Park Oval, Port of Spain",2,11.2,Jamaica Tallawahs,Trinbago Knight Riders,KC Sangakkara,Shakib Al Hasan,DJ Bravo,1,0,,,,,,,,,
1094678,2017,2017-08-09,"Queen's Park Oval, Port of Spain",2,11.3,Jamaica Tallawahs,Trinbago Knight Riders,Shakib Al Hasan,KC Sangakkara,DJ Bravo,0,0,,,,,,,,,
1094678,2017,2017-08-09,"Queen's Park Oval, Port of Spain",2,11.4,Jamaica Tallawahs,Trinbago Knight Riders,Shakib Al Hasan,KC Sangakkara,DJ Bravo,2,0,,,,,,,,,
1094678,2017,2017-08-09,"Queen's Park Oval, Port of Spain",2,11.5,Jamaica Tallawahs,Trinbago Knight Riders,Shakib Al Hasan,KC Sangakkara,DJ Bravo,0,0,,,,,,,,,
1094678,2017,2017-08-09,"Queen's Park Oval, Port of Spain",2,11.6,Jamaica Tallawahs,Trinbago Knight Riders,Shakib Al Hasan,KC Sangakkara,DJ Bravo,1,0,,,,,,,,,
1094678,2017,2017-08-09,"Queen's Park Oval, Port of Spain",2,12.1,Jamaica Tallawahs,Trinbago Knight Riders,Shakib Al Hasan,KC Sangakkara,Shadab Khan,0,0,,,,,,,,,
1094678,2017,2017-08-09,"Queen's Park Oval, Port of Spain",2,12.2,Jamaica Tallawahs,Trinbago Knight Riders,Shakib Al Hasan,KC Sangakkara,Shadab Khan,1,0,,,,,,,,,
1094678,2017,2017-08-09,"Queen's Park Oval, Port of Spain",2,12.3,Jamaica Tallawahs,Trinbago Knight Riders,KC Sangakkara,Shakib Al Hasan,Shadab Khan,1,0,,,,,,,,,
1094678,2017,2017-08-09,"Queen's Park Oval, Port of Spain",2,12.4,Jamaica Tallawahs,Trinbago Knight Riders,Shakib Al Hasan,KC Sangakkara,Shadab Khan,1,0,,,,,,,,,
1094678,2017,2017-08-09,"Queen's Park Oval, Port of Spain",2,12.5,Jamaica Tallawahs,Trinbago Knight Riders,KC Sangakkara,Shakib Al Hasan,Shadab Khan,1,0,,,,,,,,,
1094678,2017,2017-08-09,"Queen's Park Oval, Port of Spain",2,12.6,Jamaica Tallawahs,Trinbago Knight Riders,Shakib Al Hasan,KC Sangakkara,Shadab Khan,2,0,,,,,,,,,
1094678,2017,2017-08-09,"Queen's Park Oval, Port of Spain",2,13.1,Jamaica Tallawahs,Trinbago Knight Riders,KC Sangakkara,Shakib Al Hasan,SP Narine,0,0,,,,,,,,,
1094678,2017,2017-08-09,"Queen's Park Oval, Port of Spain",2,13.2,Jamaica Tallawahs,Trinbago Knight Riders,KC Sangakkara,Shakib Al Hasan,SP Narine,1,0,,,,,,,,,
1094678,2017,2017-08-09,"Queen's Park Oval, Port of Spain",2,13.3,Jamaica Tallawahs,Trinbago Knight Riders,Shakib Al Hasan,KC Sangakkara,SP Narine,0,0,,,,,,,,,
1094678,2017,2017-08-09,"Queen's Park Oval, Port of Spain",2,13.4,Jamaica Tallawahs,Trinbago Knight Riders,Shakib Al Hasan,KC Sangakkara,SP Narine,0,0,,,,,,,,,
1094678,2017,2017-08-09,"Queen's Park Oval, Port of Spain",2,13.5,Jamaica Tallawahs,Trinbago Knight Riders,Shakib Al Hasan,KC Sangakkara,SP Narine,0,0,,,,,,,,,
1094678,2017,2017-08-09,"Queen's Park Oval, Port of Spain",2,13.6,Jamaica Tallawahs,Trinbago Knight Riders,Shakib Al Hasan,KC Sangakkara,SP Narine,2,0,,,,,,,,,
1094678,2017,2017-08-09,"Queen's Park Oval, Port of Spain",2,14.1,Jamaica Tallawahs,Trinbago Knight Riders,KC Sangakkara,Shakib Al Hasan,Shadab Khan,1,0,,,,,,,,,
1094678,2017,2017-08-09,"Queen's Park Oval, Port of Spain",2,14.2,Jamaica Tallawahs,Trinbago Knight Riders,Shakib Al Hasan,KC Sangakkara,Shadab Khan,1,0,,,,,,,,,
1094678,2017,2017-08-09,"Queen's Park Oval, Port of Spain",2,14.3,Jamaica Tallawahs,Trinbago Knight Riders,KC Sangakkara,Shakib Al Hasan,Shadab Khan,0,0,,,,,,,,,
1094678,2017,2017-08-09,"Queen's Park Oval, Port of Spain",2,14.4,Jamaica Tallawahs,Trinbago Knight Riders,KC Sangakkara,Shakib Al Hasan,Shadab Khan,1,0,,,,,,,,,
1094678,2017,2017-08-09,"Queen's Park Oval, Port of Spain",2,14.5,Jamaica Tallawahs,Trinbago Knight Riders,Shakib Al Hasan,KC Sangakkara,Shadab Khan,0,0,,,,,,,,,
1094678,2017,2017-08-09,"Queen's Park Oval, Port of Spain",2,14.6,Jamaica Tallawahs,Trinbago Knight Riders,Shakib Al Hasan,KC Sangakkara,Shadab Khan,0,0,,,,,,,,,
1094678,2017,2017-08-09,"Queen's Park Oval, Port of Spain",2,15.1,Jamaica Tallawahs,Trinbago Knight Riders,KC Sangakkara,Shakib Al Hasan,KK Cooper,4,0,,,,,,,,,
1094678,2017,2017-08-09,"Queen's Park Oval, Port of Spain",2,15.2,Jamaica Tallawahs,Trinbago Knight Riders,KC Sangakkara,Shakib Al Hasan,KK Cooper,1,0,,,,,,,,,
1094678,2017,2017-08-09,"Queen's Park Oval, Port of Spain",2,15.3,Jamaica Tallawahs,Trinbago Knight Riders,Shakib Al Hasan,KC Sangakkara,KK Cooper,1,0,,,,,,,,,
1094678,2017,2017-08-09,"Queen's Park Oval, Port of Spain",2,15.4,Jamaica Tallawahs,Trinbago Knight Riders,KC Sangakkara,Shakib Al Hasan,KK Cooper,1,0,,,,,,,,,
1094678,2017,2017-08-09,"Queen's Park Oval, Port of Spain",2,15.5,Jamaica Tallawahs,Trinbago Knight Riders,Shakib Al Hasan,KC Sangakkara,KK Cooper,1,0,,,,,,,,,
1094678,2017,2017-08-09,"Queen's Park Oval, Port of Spain",2,15.6,Jamaica Tallawahs,Trinbago Knight Riders,KC Sangakkara,Shakib Al Hasan,KK Cooper,1,0,,,,,,,,,
1094678,2017,2017-08-09,"Queen's Park Oval, Port of Spain",2,16.1,Jamaica Tallawahs,Trinbago Knight Riders,KC Sangakkara,Shakib Al Hasan,DJ Bravo,2,0,,,,,,,,,
1094678,2017,2017-08-09,"Queen's Park Oval, Port of Spain",2,16.2,Jamaica Tallawahs,Trinbago Knight Riders,KC Sangakkara,Shakib Al Hasan,DJ Bravo,0,1,1,,,,,,,,
1094678,2017,2017-08-09,"Queen's Park Oval, Port of Spain",2,16.3,Jamaica Tallawahs,Trinbago Knight Riders,KC Sangakkara,Shakib Al Hasan,DJ Bravo,0,0,,,,,,caught,KC Sangakkara,,
1094678,2017,2017-08-09,"Queen's Park Oval, Port of Spain",2,16.4,Jamaica Tallawahs,Trinbago Knight Riders,Shakib Al Hasan,JA Foo,DJ Bravo,0,1,1,,,,,,,,
1094678,2017,2017-08-09,"Queen's Park Oval, Port of Spain",2,16.5,Jamaica Tallawahs,Trinbago Knight Riders,Shakib Al Hasan,JA Foo,DJ Bravo,1,0,,,,,,,,,
1094678,2017,2017-08-09,"Queen's Park Oval, Port of Spain",2,16.6,Jamaica Tallawahs,Trinbago Knight Riders,JA Foo,Shakib Al Hasan,DJ Bravo,0,1,1,,,,,,,,
1094678,2017,2017-08-09,"Queen's Park Oval, Port of Spain",2,16.7,Jamaica Tallawahs,Trinbago Knight Riders,JA Foo,Shakib Al Hasan,DJ Bravo,1,0,,,,,,,,,
1094678,2017,2017-08-09,"Queen's Park Oval, Port of Spain",2,16.8,Jamaica Tallawahs,Trinbago Knight Riders,Shakib Al Hasan,JA Foo,DJ Bravo,1,0,,,,,,,,,
1094678,2017,2017-08-09,"Queen's Park Oval, Port of Spain",2,16.9,Jamaica Tallawahs,Trinbago Knight Riders,JA Foo,Shakib Al Hasan,DJ Bravo,1,0,,,,,,,,,
1094678,2017,2017-08-09,"Queen's Park Oval, Port of Spain",2,17.1,Jamaica Tallawahs,Trinbago Knight Riders,JA Foo,Shakib Al Hasan,KK Cooper,2,0,,,,,,,,,
1094678,2017,2017-08-09,"Queen's Park Oval, Port of Spain",2,17.2,Jamaica Tallawahs,Trinbago Knight Riders,JA Foo,Shakib Al Hasan,KK Cooper,1,0,,,,,,,,,
1094678,2017,2017-08-09,"Queen's Park Oval, Port of Spain",2,17.3,Jamaica Tallawahs,Trinbago Knight Riders,Shakib Al Hasan,JA Foo,KK Cooper,0,0,,,,,,caught and bowled,Shakib Al Hasan,,
1094678,2017,2017-08-09,"Queen's Park Oval, Port of Spain",2,17.4,Jamaica Tallawahs,Trinbago Knight Riders,Imad Wasim,JA Foo,KK Cooper,0,0,,,,,,,,,
1094678,2017,2017-08-09,"Queen's Park Oval, Port of Spain",2,17.5,Jamaica Tallawahs,Trinbago Knight Riders,Imad Wasim,JA Foo,KK Cooper,1,0,,,,,,,,,
1094678,2017,2017-08-09,"Queen's Park Oval, Port of Spain",2,17.6,Jamaica Tallawahs,Trinbago Knight Riders,JA Foo,Imad Wasim,KK Cooper,1,0,,,,,,,,,
1094678,2017,2017-08-09,"Queen's Park Oval, Port of Spain",2,18.1,Jamaica Tallawahs,Trinbago Knight Riders,JA Foo,Imad Wasim,DJ Bravo,4,0,,,,,,,,,
1094678,2017,2017-08-09,"Queen's Park Oval, Port of Spain",2,18.2,Jamaica Tallawahs,Trinbago Knight Riders,JA Foo,Imad Wasim,DJ Bravo,2,0,,,,,,,,,
1094678,2017,2017-08-09,"Queen's Park Oval, Port of Spain",2,18.3,Jamaica Tallawahs,Trinbago Knight Riders,JA Foo,Imad Wasim,DJ Bravo,6,0,,,,,,,,,
1094678,2017,2017-08-09,"Queen's Park Oval, Port of Spain",2,18.4,Jamaica Tallawahs,Trinbago Knight Riders,JA Foo,Imad Wasim,DJ Bravo,0,0,,,,,,,,,
1094678,2017,2017-08-09,"Queen's Park Oval, Port of Spain",2,18.5,Jamaica Tallawahs,Trinbago Knight Riders,JA Foo,Imad Wasim,DJ Bravo,1,0,,,,,,,,,
1094678,2017,2017-08-09,"Queen's Park Oval, Port of Spain",2,18.6,Jamaica Tallawahs,Trinbago Knight Riders,Imad Wasim,JA Foo,DJ Bravo,0,0,,,,,,,,,
1094678,2017,2017-08-09,"Queen's Park Oval, Port of Spain",2,19.1,Jamaica Tallawahs,Trinbago Knight Riders,JA Foo,Imad Wasim,KK Cooper,0,0,,,,,,caught,JA Foo,,
1094678,2017,2017-08-09,"Queen's Park Oval, Port of Spain",2,19.2,Jamaica Tallawahs,Trinbago Knight Riders,Imad Wasim,K Santokie,KK Cooper,1,0,,,,,,,,,
