match_id,season,start_date,venue,innings,ball,batting_team,bowling_team,striker,non_striker,bowler,runs_off_bat,extras,wides,noballs,byes,legbyes,penalty,wicket_type,player_dismissed,other_wicket_type,other_player_dismissed
1094694,2017,2017-08-25,"Sabina Park, Kingston",1,0.1,St Lucia Stars,Jamaica Tallawahs,ADS Fletcher,RRS Cornwall,K Santokie,0,0,,,,,,,,,
1094694,2017,2017-08-25,"Sabina Park, Kingston",1,0.2,St Lucia Stars,Jamaica Tallawahs,ADS Fletcher,RRS Cornwall,K Santokie,0,0,,,,,,,,,
1094694,2017,2017-08-25,"Sabina Park, Kingston",1,0.3,St Lucia Stars,Jamaica Tallawahs,ADS Fletcher,RRS Cornwall,K Santokie,1,0,,,,,,,,,
1094694,2017,2017-08-25,"Sabina Park, Kingston",1,0.4,St Lucia Stars,Jamaica Tallawahs,RRS Cornwall,ADS Fletcher,K Santokie,0,0,,,,,,,,,
1094694,2017,2017-08-25,"Sabina Park, Kingston",1,0.5,St Lucia Stars,Jamaica Tallawahs,RRS Cornwall,ADS Fletcher,K Santokie,1,0,,,,,,,,,
1094694,2017,2017-08-25,"Sabina Park, Kingston",1,0.6,St Lucia Stars,Jamaica Tallawahs,ADS Fletcher,RRS Cornwall,K Santokie,0,0,,,,,,,,,
1094694,2017,2017-08-25,"Sabina Park, Kingston",1,1.1,St Lucia Stars,Jamaica Tallawahs,RRS Cornwall,ADS Fletcher,Mohammad Sami,4,0,,,,,,,,,
1094694,2017,2017-08-25,"Sabina Park, Kingston",1,1.2,St Lucia Stars,Jamaica Tallawahs,RRS Cornwall,ADS Fletcher,Mohammad Sami,0,0,,,,,,,,,
1094694,2017,2017-08-25,"Sabina Park, Kingston",1,1.3,St Lucia Stars,Jamaica Tallawahs,RRS Cornwall,ADS Fletcher,Mohammad Sami,2,0,,,,,,,,,
1094694,2017,2017-08-25,"Sabina Park, Kingston",1,1.4,St Lucia Stars,Jamaica Tallawahs,RRS Cornwall,ADS Fletcher,Mohammad Sami,0,0,,,,,,,,,
1094694,2017,2017-08-25,"Sabina Park, Kingston",1,1.5,St Lucia Stars,Jamaica Tallawahs,RRS Cornwall,ADS Fletcher,Mohammad Sami,0,1,,,,1,,,,,
1094694,2017,2017-08-25,"Sabina Park, Kingston",1,1.6,St Lucia Stars,Jamaica Tallawahs,ADS Fletcher,RRS Cornwall,Mohammad Sami,0,1,1,,,,,,,,
1094694,2017,2017-08-25,"Sabina Park, Kingston",1,1.7,St Lucia Stars,Jamaica Tallawahs,ADS Fletcher,RRS Cornwall,Mohammad Sami,0,0,,,,,,,,,
1094694,2017,2017-08-25,"Sabina Park, Kingston",1,2.1,St Lucia Stars,Jamaica Tallawahs,RRS Cornwall,ADS Fletcher,K Santokie,0,0,,,,,,caught,RRS Cornwall,,
1094694,2017,2017-08-25,"Sabina Park, Kingston",1,2.2,St Lucia Stars,Jamaica Tallawahs,ADS Fletcher,SR Watson,K Santokie,0,1,1,,,,,,,,
1094694,2017,2017-08-25,"Sabina Park, Kingston",1,2.3,St Lucia Stars,Jamaica Tallawahs,ADS Fletcher,SR Watson,K Santokie,0,0,,,,,,,,,
1094694,2017,2017-08-25,"Sabina Park, Kingston",1,2.4,St Lucia Stars,Jamaica Tallawahs,ADS Fletcher,SR Watson,K Santokie,4,0,,,,,,,,,
1094694,2017,2017-08-25,"Sabina Park, Kingston",1,2.5,St Lucia Stars,Jamaica Tallawahs,ADS Fletcher,SR Watson,K Santokie,0,0,,,,,,,,,
1094694,2017,2017-08-25,"Sabina Park, Kingston",1,2.6,St Lucia Stars,Jamaica Tallawahs,ADS Fletcher,SR Watson,K Santokie,6,0,,,,,,,,,
1094694,2017,2017-08-25,"Sabina Park, Kingston",1,2.7,St Lucia Stars,Jamaica Tallawahs,ADS Fletcher,SR Watson,K Santokie,0,0,,,,,,,,,
1094694,2017,2017-08-25,"Sabina Park, Kingston",1,3.1,St Lucia Stars,Jamaica Tallawahs,SR Watson,ADS Fletcher,Mohammad Sami,0,1,1,,,,,,,,
1094694,2017,2017-08-25,"Sabina Park, Kingston",1,3.2,St Lucia Stars,Jamaica Tallawahs,SR Watson,ADS Fletcher,Mohammad Sami,0,0,,,,,,,,,
1094694,2017,2017-08-25,"Sabina Park, Kingston",1,3.3,St Lucia Stars,Jamaica Tallawahs,SR Watson,ADS Fletcher,Mohammad Sami,0,0,,,,,,,,,
1094694,2017,2017-08-25,"Sabina Park, Kingston",1,3.4,St Lucia Stars,Jamaica Tallawahs,SR Watson,ADS Fletcher,Mohammad Sami,1,1,,1,,,,,,,
1094694,2017,2017-08-25,"Sabina Park, Kingston",1,3.5,St Lucia Stars,Jamaica Tallawahs,ADS Fletcher,SR Watson,Mohammad Sami,0,0,,,,,,,,,
1094694,2017,2017-08-25,"Sabina Park, Kingston",1,3.6,St Lucia Stars,Jamaica Tallawahs,ADS Fletcher,SR Watson,Mohammad Sami,0,0,,,,,,,,,
1094694,2017,2017-08-25,"Sabina Park, Kingston",1,3.7,St Lucia Stars,Jamaica Tallawahs,ADS Fletcher,SR Watson,Mohammad Sami,0,0,,,,,,,,,
1094694,2017,2017-08-25,"Sabina Park, Kingston",1,3.8,St Lucia Stars,Jamaica Tallawahs,ADS Fletcher,SR Watson,Mohammad Sami,1,0,,,,,,,,,
1094694,2017,2017-08-25,"Sabina Park, Kingston",1,4.1,St Lucia Stars,Jamaica Tallawahs,ADS Fletcher,SR Watson,KOK Williams,4,0,,,,,,,,,
1094694,2017,2017-08-25,"Sabina Park, Kingston",1,4.2,St Lucia Stars,Jamaica Tallawahs,ADS Fletcher,SR Watson,KOK Williams,0,0,,,,,,,,,
1094694,2017,2017-08-25,"Sabina Park, Kingston",1,4.3,St Lucia Stars,Jamaica Tallawahs,ADS Fletcher,SR Watson,KOK Williams,0,1,,,,1,,,,,
1094694,2017,2017-08-25,"Sabina Park, Kingston",1,4.4,St Lucia Stars,Jamaica Tallawahs,SR Watson,ADS Fletcher,KOK Williams,1,0,,,,,,,,,
1094694,2017,2017-08-25,"Sabina Park, Kingston",1,4.5,St Lucia Stars,Jamaica Tallawahs,ADS Fletcher,SR Watson,KOK Williams,4,0,,,,,,,,,
1094694,2017,2017-08-25,"Sabina Park, Kingston",1,4.6,St Lucia Stars,Jamaica Tallawahs,ADS Fletcher,SR Watson,KOK Williams,0,0,,,,,,,,,
1094694,2017,2017-08-25,"Sabina Park, Kingston",1,5.1,St Lucia Stars,Jamaica Tallawahs,SR Watson,ADS Fletcher,GE Mathurin,1,0,,,,,,,,,
1094694,2017,2017-08-25,"Sabina Park, Kingston",1,5.2,St Lucia Stars,Jamaica Tallawahs,ADS Fletcher,SR Watson,GE Mathurin,0,0,,,,,,,,,
1094694,2017,2017-08-25,"Sabina Park, Kingston",1,5.3,St Lucia Stars,Jamaica Tallawahs,ADS Fletcher,SR Watson,GE Mathurin,0,0,,,,,,caught,ADS Fletcher,,
1094694,2017,2017-08-25,"Sabina Park, Kingston",1,5.4,St Lucia Stars,Jamaica Tallawahs,SR Watson,MN Samuels,GE Mathurin,0,0,,,,,,,,,
1094694,2017,2017-08-25,"Sabina Park, Kingston",1,5.5,St Lucia Stars,Jamaica Tallawahs,SR Watson,MN Samuels,GE Mathurin,0,0,,,,,,,,,
1094694,2017,2017-08-25,"Sabina Park, Kingston",1,5.6,St Lucia Stars,Jamaica Tallawahs,SR Watson,MN Samuels,GE Mathurin,1,0,,,,,,,,,
1094694,2017,2017-08-25,"Sabina Park, Kingston",1,6.1,St Lucia Stars,Jamaica Tallawahs,SR Watson,MN Samuels,R Powell,0,0,,,,,,,,,
1094694,2017,2017-08-25,"Sabina Park, Kingston",1,6.2,St Lucia Stars,Jamaica Tallawahs,SR Watson,MN Samuels,R Powell,4,0,,,,,,,,,
1094694,2017,2017-08-25,"Sabina Park, Kingston",1,6.3,St Lucia Stars,Jamaica Tallawahs,SR Watson,MN Samuels,R Powell,1,0,,,,,,,,,
1094694,2017,2017-08-25,"Sabina Park, Kingston",1,6.4,St Lucia Stars,Jamaica Tallawahs,MN Samuels,SR Watson,R Powell,0,1,1,,,,,,,,
1094694,2017,2017-08-25,"Sabina Park, Kingston",1,6.5,St Lucia Stars,Jamaica Tallawahs,MN Samuels,SR Watson,R Powell,0,0,,,,,,,,,
1094694,2017,2017-08-25,"Sabina Park, Kingston",1,6.6,St Lucia Stars,Jamaica Tallawahs,MN Samuels,SR Watson,R Powell,0,0,,,,,,,,,
1094694,2017,2017-08-25,"Sabina Park, Kingston",1,6.7,St Lucia Stars,Jamaica Tallawahs,MN Samuels,SR Watson,R Powell,0,0,,,,,,,,,
1094694,2017,2017-08-25,"Sabina Park, Kingston",1,7.1,St Lucia Stars,Jamaica Tallawahs,SR Watson,MN Samuels,GE Mathurin,1,0,,,,,,,,,
1094694,2017,2017-08-25,"Sabina Park, Kingston",1,7.2,St Lucia Stars,Jamaica Tallawahs,MN Samuels,SR Watson,GE Mathurin,1,0,,,,,,,,,
1094694,2017,2017-08-25,"Sabina Park, Kingston",1,7.3,St Lucia Stars,Jamaica Tallawahs,SR Watson,MN Samuels,GE Mathurin,1,0,,,,,,,,,
1094694,2017,2017-08-25,"Sabina Park, Kingston",1,7.4,St Lucia Stars,Jamaica Tallawahs,MN Samuels,SR Watson,GE Mathurin,2,0,,,,,,,,,
1094694,2017,2017-08-25,"Sabina Park, Kingston",1,7.5,St Lucia Stars,Jamaica Tallawahs,MN Samuels,SR Watson,GE Mathurin,0,5,5,,,,,,,,
1094694,2017,2017-08-25,"Sabina Park, Kingston",1,7.6,St Lucia Stars,Jamaica Tallawahs,MN Samuels,SR Watson,GE Mathurin,1,0,,,,,,,,,
1094694,2017,2017-08-25,"Sabina Park, Kingston",1,7.7,St Lucia Stars,Jamaica Tallawahs,SR Watson,MN Samuels,GE Mathurin,6,0,,,,,,,,,
1094694,2017,2017-08-25,"Sabina Park, Kingston",1,8.1,St Lucia Stars,Jamaica Tallawahs,MN Samuels,SR Watson,R Powell,0,0,,,,,,bowled,MN Samuels,,
1094694,2017,2017-08-25,"Sabina Park, Kingston",1,8.2,St Lucia Stars,Jamaica Tallawahs,J Charles,SR Watson,R Powell,0,0,,,,,,,,,
1094694,2017,2017-08-25,"Sabina Park, Kingston",1,8.3,St Lucia Stars,Jamaica Tallawahs,J Charles,SR Watson,R Powell,0,0,,,,,,,,,
1094694,2017,2017-08-25,"Sabina Park, Kingston",1,8.4,St Lucia Stars,Jamaica Tallawahs,J Charles,SR Watson,R Powell,1,0,,,,,,,,,
1094694,2017,2017-08-25,"Sabina Park, Kingston",1,8.5,St Lucia Stars,Jamaica Tallawahs,SR Watson,J Charles,R Powell,1,0,,,,,,,,,
1094694,2017,2017-08-25,"Sabina Park, Kingston",1,8.6,St Lucia Stars,Jamaica Tallawahs,J Charles,SR Watson,R Powell,6,0,,,,,,,,,
1094694,2017,2017-08-25,"Sabina Park, Kingston",1,9.1,St Lucia Stars,Jamaica Tallawahs,SR Watson,J Charles,GE Mathurin,1,0,,,,,,,,,
1094694,2017,2017-08-25,"Sabina Park, Kingston",1,9.2,St Lucia Stars,Jamaica Tallawahs,J Charles,SR Watson,GE Mathurin,0,0,,,,,,,,,
1094694,2017,2017-08-25,"Sabina Park, Kingston",1,9.3,St Lucia Stars,Jamaica Tallawahs,J Charles,SR Watson,GE Mathurin,0,0,,,,,,,,,
1094694,2017,2017-08-25,"Sabina Park, Kingston",1,9.4,St Lucia Stars,Jamaica Tallawahs,J Charles,SR Watson,GE Mathurin,1,0,,,,,,,,,
1094694,2017,2017-08-25,"Sabina Park, Kingston",1,9.5,St Lucia Stars,Jamaica Tallawahs,SR Watson,J Charles,GE Mathurin,1,0,,,,,,,,,
1094694,2017,2017-08-25,"Sabina Park, Kingston",1,9.6,St Lucia Stars,Jamaica Tallawahs,J Charles,SR Watson,GE Mathurin,0,0,,,,,,,,,
1094694,2017,2017-08-25,"Sabina Park, Kingston",1,10.1,St Lucia Stars,Jamaica Tallawahs,SR Watson,J Charles,KOK Williams,2,0,,,,,,,,,
1094694,2017,2017-08-25,"Sabina Park, Kingston",1,10.2,St Lucia Stars,Jamaica Tallawahs,SR Watson,J Charles,KOK Williams,1,0,,,,,,,,,
1094694,2017,2017-08-25,"Sabina Park, Kingston",1,10.3,St Lucia Stars,Jamaica Tallawahs,J Charles,SR Watson,KOK Williams,1,0,,,,,,,,,
1094694,2017,2017-08-25,"Sabina Park, Kingston",1,10.4,St Lucia Stars,Jamaica Tallawahs,SR Watson,J Charles,KOK Williams,0,0,,,,,,,,,
1094694,2017,2017-08-25,"Sabina Park, Kingston",1,10.5,St Lucia Stars,Jamaica Tallawahs,SR Watson,J Charles,KOK Williams,6,0,,,,,,,,,
1094694,2017,2017-08-25,"Sabina Park, Kingston",1,10.6,St Lucia Stars,Jamaica Tallawahs,SR Watson,J Charles,KOK Williams,0,0,,,,,,,,,
1094694,2017,2017-08-25,"Sabina Park, Kingston",1,11.1,St Lucia Stars,Jamaica Tallawahs,J Charles,SR Watson,R Powell,1,0,,,,,,,,,
1094694,2017,2017-08-25,"Sabina Park, Kingston",1,11.2,St Lucia Stars,Jamaica Tallawahs,SR Watson,J Charles,R Powell,1,0,,,,,,,,,
1094694,2017,2017-08-25,"Sabina Park, Kingston",1,11.3,St Lucia Stars,Jamaica Tallawahs,J Charles,SR Watson,R Powell,1,0,,,,,,,,,
1094694,2017,2017-08-25,"Sabina Park, Kingston",1,11.4,St Lucia Stars,Jamaica Tallawahs,SR Watson,J Charles,R Powell,2,0,,,,,,,,,
1094694,2017,2017-08-25,"Sabina Park, Kingston",1,11.5,St Lucia Stars,Jamaica Tallawahs,SR Watson,J Charles,R Powell,6,0,,,,,,,,,
1094694,2017,2017-08-25,"Sabina Park, Kingston",1,11.6,St Lucia Stars,Jamaica Tallawahs,SR Watson,J Charles,R Powell,0,0,,,,,,,,,
1094694,2017,2017-08-25,"Sabina Park, Kingston",1,12.1,St Lucia Stars,Jamaica Tallawahs,J Charles,SR Watson,K Santokie,0,0,,,,,,,,,
1094694,2017,2017-08-25,"Sabina Park, Kingston",1,12.2,St Lucia Stars,Jamaica Tallawahs,J Charles,SR Watson,K Santokie,2,0,,,,,,,,,
1094694,2017,2017-08-25,"Sabina Park, Kingston",1,12.3,St Lucia Stars,Jamaica Tallawahs,J Charles,SR Watson,K Santokie,0,0,,,,,,,,,
1094694,2017,2017-08-25,"Sabina Park, Kingston",1,12.4,St Lucia Stars,Jamaica Tallawahs,J Charles,SR Watson,K Santokie,6,0,,,,,,,,,
1094694,2017,2017-08-25,"Sabina Park, Kingston",1,12.5,St Lucia Stars,Jamaica Tallawahs,J Charles,SR Watson,K Santokie,0,0,,,,,,,,,
1094694,2017,2017-08-25,"Sabina Park, Kingston",1,12.6,St Lucia Stars,Jamaica Tallawahs,J Charles,SR Watson,K Santokie,1,0,,,,,,,,,
1094694,2017,2017-08-25,"Sabina Park, Kingston",1,13.1,St Lucia Stars,Jamaica Tallawahs,J Charles,SR Watson,GE Mathurin,0,0,,,,,,caught,J Charles,,
1094694,2017,2017-08-25,"Sabina Park, Kingston",1,13.2,St Lucia Stars,Jamaica Tallawahs,DJG Sammy,SR Watson,GE Mathurin,0,0,,,,,,,,,
1094694,2017,2017-08-25,"Sabina Park, Kingston",1,13.3,St Lucia Stars,Jamaica Tallawahs,DJG Sammy,SR Watson,GE Mathurin,1,0,,,,,,,,,
1094694,2017,2017-08-25,"Sabina Park, Kingston",1,13.4,St Lucia Stars,Jamaica Tallawahs,SR Watson,DJG Sammy,GE Mathurin,1,0,,,,,,,,,
1094694,2017,2017-08-25,"Sabina Park, Kingston",1,13.5,St Lucia Stars,Jamaica Tallawahs,DJG Sammy,SR Watson,GE Mathurin,2,0,,,,,,,,,
1094694,2017,2017-08-25,"Sabina Park, Kingston",1,13.6,St Lucia Stars,Jamaica Tallawahs,DJG Sammy,SR Watson,GE Mathurin,0,0,,,,,,,,,
1094694,2017,2017-08-25,"Sabina Park, Kingston",1,14.1,St Lucia Stars,Jamaica Tallawahs,SR Watson,DJG Sammy,R Powell,1,0,,,,,,,,,
1094694,2017,2017-08-25,"Sabina Park, Kingston",1,14.2,St Lucia Stars,Jamaica Tallawahs,DJG Sammy,SR Watson,R Powell,1,0,,,,,,,,,
1094694,2017,2017-08-25,"Sabina Park, Kingston",1,14.3,St Lucia Stars,Jamaica Tallawahs,SR Watson,DJG Sammy,R Powell,4,0,,,,,,,,,
1094694,2017,2017-08-25,"Sabina Park, Kingston",1,14.4,St Lucia Stars,Jamaica Tallawahs,SR Watson,DJG Sammy,R Powell,0,1,1,,,,,,,,
1094694,2017,2017-08-25,"Sabina Park, Kingston",1,14.5,St Lucia Stars,Jamaica Tallawahs,SR Watson,DJG Sammy,R Powell,6,0,,,,,,,,,
1094694,2017,2017-08-25,"Sabina Park, Kingston",1,14.6,St Lucia Stars,Jamaica Tallawahs,SR Watson,DJG Sammy,R Powell,1,0,,,,,,,,,
1094694,2017,2017-08-25,"Sabina Park, Kingston",1,14.7,St Lucia Stars,Jamaica Tallawahs,DJG Sammy,SR Watson,R Powell,1,0,,,,,,,,,
1094694,2017,2017-08-25,"Sabina Park, Kingston",1,15.1,St Lucia Stars,Jamaica Tallawahs,DJG Sammy,SR Watson,KOK Williams,1,0,,,,,,,,,
1094694,2017,2017-08-25,"Sabina Park, Kingston",1,15.2,St Lucia Stars,Jamaica Tallawahs,SR Watson,DJG Sammy,KOK Williams,2,0,,,,,,,,,
1094694,2017,2017-08-25,"Sabina Park, Kingston",1,15.3,St Lucia Stars,Jamaica Tallawahs,SR Watson,DJG Sammy,KOK Williams,0,4,,,4,,,,,,
1094694,2017,2017-08-25,"Sabina Park, Kingston",1,15.4,St Lucia Stars,Jamaica Tallawahs,SR Watson,DJG Sammy,KOK Williams,1,0,,,,,,,,,
1094694,2017,2017-08-25,"Sabina Park, Kingston",1,15.5,St Lucia Stars,Jamaica Tallawahs,DJG Sammy,SR Watson,KOK Williams,1,0,,,,,,,,,
1094694,2017,2017-08-25,"Sabina Park, Kingston",1,15.6,St Lucia Stars,Jamaica Tallawahs,SR Watson,DJG Sammy,KOK Williams,1,0,,,,,,,,,
1094694,2017,2017-08-25,"Sabina Park, Kingston",1,16.1,St Lucia Stars,Jamaica Tallawahs,SR Watson,DJG Sammy,Mohammad Sami,1,0,,,,,,,,,
1094694,2017,2017-08-25,"Sabina Park, Kingston",1,16.2,St Lucia Stars,Jamaica Tallawahs,DJG Sammy,SR Watson,Mohammad Sami,1,0,,,,,,,,,
1094694,2017,2017-08-25,"Sabina Park, Kingston",1,16.3,St Lucia Stars,Jamaica Tallawahs,SR Watson,DJG Sammy,Mohammad Sami,6,0,,,,,,,,,
1094694,2017,2017-08-25,"Sabina Park, Kingston",1,16.4,St Lucia Stars,Jamaica Tallawahs,SR Watson,DJG Sammy,Mohammad Sami,6,0,,,,,,,,,
1094694,2017,2017-08-25,"Sabina Park, Kingston",1,16.5,St Lucia Stars,Jamaica Tallawahs,SR Watson,DJG Sammy,Mohammad Sami,0,0,,,,,,,,,
1094694,2017,2017-08-25,"Sabina Park, Kingston",1,16.6,St Lucia Stars,Jamaica Tallawahs,SR Watson,DJG Sammy,Mohammad Sami,0,0,,,,,,,,,
1094694,2017,2017-08-25,"Sabina Park, Kingston",1,17.1,St Lucia Stars,Jamaica Tallawahs,DJG Sammy,SR Watson,KOK Williams,0,0,,,,,,caught,DJG Sammy,,
1094694,2017,2017-08-25,"Sabina Park, Kingston",1,17.2,St Lucia Stars,Jamaica Tallawahs,KR Mayers,SR Watson,KOK Williams,0,0,,,,,,,,,
1094694,2017,2017-08-25,"Sabina Park, Kingston",1,17.3,St Lucia Stars,Jamaica Tallawahs,KR Mayers,SR Watson,KOK Williams,0,0,,,,,,,,,
1094694,2017,2017-08-25,"Sabina Park, Kingston",1,17.4,St Lucia Stars,Jamaica Tallawahs,KR Mayers,SR Watson,KOK Williams,1,0,,,,,,,,,
1094694,2017,2017-08-25,"Sabina Park, Kingston",1,17.5,St Lucia Stars,Jamaica Tallawahs,SR Watson,KR Mayers,KOK Williams,4,0,,,,,,,,,
1094694,2017,2017-08-25,"Sabina Park, Kingston",1,17.6,St Lucia Stars,Jamaica Tallawahs,SR Watson,KR Mayers,KOK Williams,1,0,,,,,,,,,
1094694,2017,2017-08-25,"Sabina Park, Kingston",1,18.1,St Lucia Stars,Jamaica Tallawahs,SR Watson,KR Mayers,Mohammad Sami,1,0,,,,,,,,,
1094694,2017,2017-08-25,"Sabina Park, Kingston",1,18.2,St Lucia Stars,Jamaica Tallawahs,KR Mayers,SR Watson,Mohammad Sami,1,0,,,,,,,,,
1094694,2017,2017-08-25,"Sabina Park, Kingston",1,18.3,St Lucia Stars,Jamaica Tallawahs,SR Watson,KR Mayers,Mohammad Sami,6,0,,,,,,,,,
1094694,2017,2017-08-25,"Sabina Park, Kingston",1,18.4,St Lucia Stars,Jamaica Tallawahs,SR Watson,KR Mayers,Mohammad Sami,0,0,,,,,,caught,SR Watson,,
1094694,2017,2017-08-25,"Sabina Park, Kingston",1,18.5,St Lucia Stars,Jamaica Tallawahs,KR Mayers,S Shillingford,Mohammad Sami,0,2,,,,2,,,,,
1094694,2017,2017-08-25,"Sabina Park, Kingston",1,18.6,St Lucia Stars,Jamaica Tallawahs,KR Mayers,S Shillingford,Mohammad Sami,1,0,,,,,,,,,
1094694,2017,2017-08-25,"Sabina Park, Kingston",1,19.1,St Lucia Stars,Jamaica Tallawahs,KR Mayers,S Shillingford,K Santokie,2,0,,,,,,,,,
1094694,2017,2017-08-25,"Sabina Park, Kingston",1,19.2,St Lucia Stars,Jamaica Tallawahs,KR Mayers,S Shillingford,K Santokie,6,0,,,,,,,,,
1094694,2017,2017-08-25,"Sabina Park, Kingston",1,19.3,St Lucia Stars,Jamaica Tallawahs,KR Mayers,S Shillingford,K Santokie,0,0,,,,,,,,,
1094694,2017,2017-08-25,"Sabina Park, Kingston",1,19.4,St Lucia Stars,Jamaica Tallawahs,KR Mayers,S Shillingford,K Santokie,0,1,1,,,,,,,,
1094694,2017,2017-08-25,"Sabina Park, Kingston",1,19.5,St Lucia Stars,Jamaica Tallawahs,KR Mayers,S Shillingford,K Santokie,1,0,,,,,,,,,
1094694,2017,2017-08-25,"Sabina Park, Kingston",1,19.6,St Lucia Stars,Jamaica Tallawahs,S Shillingford,KR Mayers,K Santokie,0,0,,,,,,caught,S Shillingford,,
1094694,2017,2017-08-25,"Sabina Park, Kingston",1,19.7,St Lucia Stars,Jamaica Tallawahs,KR Mayers,JE Taylor,K Santokie,1,0,,,,,,run out,KR Mayers,,
1094694,2017,2017-08-25,"Sabina Park, Kingston",2,0.1,Jamaica Tallawahs,St Lucia Stars,LMP Simmons,GD Phillips,JE Taylor,0,0,,,,,,,,,
1094694,2017,2017-08-25,"Sabina Park, Kingston",2,0.2,Jamaica Tallawahs,St Lucia Stars,LMP Simmons,GD Phillips,JE Taylor,0,0,,,,,,,,,
1094694,2017,2017-08-25,"Sabina Park, Kingston",2,0.3,Jamaica Tallawahs,St Lucia Stars,LMP Simmons,GD Phillips,JE Taylor,0,5,5,,,,,,,,
1094694,2017,2017-08-25,"Sabina Park, Kingston",2,0.4,Jamaica Tallawahs,St Lucia Stars,LMP Simmons,GD Phillips,JE Taylor,0,0,,,,,,,,,
1094694,2017,2017-08-25,"Sabina Park, Kingston",2,0.5,Jamaica Tallawahs,St Lucia Stars,LMP Simmons,GD Phillips,JE Taylor,1,0,,,,,,,,,
1094694,2017,2017-08-25,"Sabina Park, Kingston",2,0.6,Jamaica Tallawahs,St Lucia Stars,GD Phillips,LMP Simmons,JE Taylor,0,0,,,,,,,,,
1094694,2017,2017-08-25,"Sabina Park, Kingston",2,0.7,Jamaica Tallawahs,St Lucia Stars,GD Phillips,LMP Simmons,JE Taylor,0,0,,,,,,,,,
1094694,2017,2017-08-25,"Sabina Park, Kingston",2,1.1,Jamaica Tallawahs,St Lucia Stars,LMP Simmons,GD Phillips,OC McCoy,0,0,,,,,,,,,
1094694,2017,2017-08-25,"Sabina Park, Kingston",2,1.2,Jamaica Tallawahs,St Lucia Stars,LMP Simmons,GD Phillips,OC McCoy,0,0,,,,,,,,,
1094694,2017,2017-08-25,"Sabina Park, Kingston",2,1.3,Jamaica Tallawahs,St Lucia Stars,LMP Simmons,GD Phillips,OC McCoy,0,1,,1,,,,,,,
1094694,2017,2017-08-25,"Sabina Park, Kingston",2,1.4,Jamaica Tallawahs,St Lucia Stars,LMP Simmons,GD Phillips,OC McCoy,0,0,,,,,,,,,
1094694,2017,2017-08-25,"Sabina Park, Kingston",2,1.5,Jamaica Tallawahs,St Lucia Stars,LMP Simmons,GD Phillips,OC McCoy,0,1,1,,,,,,,,
1094694,2017,2017-08-25,"Sabina Park, Kingston",2,1.6,Jamaica Tallawahs,St Lucia Stars,LMP Simmons,GD Phillips,OC McCoy,0,0,,,,,,,,,
1094694,2017,2017-08-25,"Sabina Park, Kingston",2,1.7,Jamaica Tallawahs,St Lucia Stars,LMP Simmons,GD Phillips,OC McCoy,0,0,,,,,,,,,
1094694,2017,2017-08-25,"Sabina Park, Kingston",2,1.8,Jamaica Tallawahs,St Lucia Stars,LMP Simmons,GD Phillips,OC McCoy,0,1,1,,,,,,,,
1094694,2017,2017-08-25,"Sabina Park, Kingston",2,1.9,Jamaica Tallawahs,St Lucia Stars,LMP Simmons,GD Phillips,OC McCoy,6,0,,,,,,,,,
1094694,2017,2017-08-25,"Sabina Park, Kingston",2,2.1,Jamaica Tallawahs,St Lucia Stars,GD Phillips,LMP Simmons,JE Taylor,1,0,,,,,,,,,
1094694,2017,2017-08-25,"Sabina Park, Kingston",2,2.2,Jamaica Tallawahs,St Lucia Stars,LMP Simmons,GD Phillips,JE Taylor,0,1,1,,,,,,,,
1094694,2017,2017-08-25,"Sabina Park, Kingston",2,2.3,Jamaica Tallawahs,St Lucia Stars,LMP Simmons,GD Phillips,JE Taylor,0,0,,,,,,,,,
1094694,2017,2017-08-25,"Sabina Park, Kingston",2,2.4,Jamaica Tallawahs,St Lucia Stars,LMP Simmons,GD Phillips,JE Taylor,0,0,,,,,,,,,
1094694,2017,2017-08-25,"Sabina Park, Kingston",2,2.5,Jamaica Tallawahs,St Lucia Stars,LMP Simmons,GD Phillips,JE Taylor,0,5,5,,,,,,,,
1094694,2017,2017-08-25,"Sabina Park, Kingston",2,2.6,Jamaica Tallawahs,St Lucia Stars,LMP Simmons,GD Phillips,JE Taylor,0,1,1,,,,,,,,
1094694,2017,2017-08-25,"Sabina Park, Kingston",2,2.7,Jamaica Tallawahs,St Lucia Stars,LMP Simmons,GD Phillips,JE Taylor,4,0,,,,,,,,,
1094694,2017,2017-08-25,"Sabina Park, Kingston",2,2.8,Jamaica Tallawahs,St Lucia Stars,LMP Simmons,GD Phillips,JE Taylor,0,0,,,,,,lbw,LMP Simmons,,
1094694,2017,2017-08-25,"Sabina Park, Kingston",2,2.9,Jamaica Tallawahs,St Lucia Stars,KC Sangakkara,GD Phillips,JE Taylor,4,0,,,,,,,,,
1094694,2017,2017-08-25,"Sabina Park, Kingston",2,3.1,Jamaica Tallawahs,St Lucia Stars,GD Phillips,KC Sangakkara,MN Samuels,0,0,,,,,,,,,
1094694,2017,2017-08-25,"Sabina Park, Kingston",2,3.2,Jamaica Tallawahs,St Lucia Stars,GD Phillips,KC Sangakkara,MN Samuels,6,0,,,,,,,,,
1094694,2017,2017-08-25,"Sabina Park, Kingston",2,3.3,Jamaica Tallawahs,St Lucia Stars,GD Phillips,KC Sangakkara,MN Samuels,0,0,,,,,,,,,
1094694,2017,2017-08-25,"Sabina Park, Kingston",2,3.4,Jamaica Tallawahs,St Lucia Stars,GD Phillips,KC Sangakkara,MN Samuels,1,0,,,,,,,,,
1094694,2017,2017-08-25,"Sabina Park, Kingston",2,3.5,Jamaica Tallawahs,St Lucia Stars,KC Sangakkara,GD Phillips,MN Samuels,0,1,1,,,,,,,,
1094694,2017,2017-08-25,"Sabina Park, Kingston",2,3.6,Jamaica Tallawahs,St Lucia Stars,KC Sangakkara,GD Phillips,MN Samuels,4,0,,,,,,,,,
1094694,2017,2017-08-25,"Sabina Park, Kingston",2,3.7,Jamaica Tallawahs,St Lucia Stars,KC Sangakkara,GD Phillips,MN Samuels,0,0,,,,,,,,,
1094694,2017,2017-08-25,"Sabina Park, Kingston",2,4.1,Jamaica Tallawahs,St Lucia Stars,GD Phillips,KC Sangakkara,S Shillingford,0,0,,,,,,,,,
1094694,2017,2017-08-25,"Sabina Park, Kingston",2,4.2,Jamaica Tallawahs,St Lucia Stars,GD Phillips,KC Sangakkara,S Shillingford,6,0,,,,,,,,,
1094694,2017,2017-08-25,"Sabina Park, Kingston",2,4.3,Jamaica Tallawahs,St Lucia Stars,GD Phillips,KC Sangakkara,S Shillingford,0,0,,,,,,,,,
1094694,2017,2017-08-25,"Sabina Park, Kingston",2,4.4,Jamaica Tallawahs,St Lucia Stars,GD Phillips,KC Sangakkara,S Shillingford,0,0,,,,,,,,,
1094694,2017,2017-08-25,"Sabina Park, Kingston",2,4.5,Jamaica Tallawahs,St Lucia Stars,GD Phillips,KC Sangakkara,S Shillingford,1,0,,,,,,,,,
1094694,2017,2017-08-25,"Sabina Park, Kingston",2,4.6,Jamaica Tallawahs,St Lucia Stars,KC Sangakkara,GD Phillips,S Shillingford,0,0,,,,,,,,,
1094694,2017,2017-08-25,"Sabina Park, Kingston",2,5.1,Jamaica Tallawahs,St Lucia Stars,GD Phillips,KC Sangakkara,RRS Cornwall,0,0,,,,,,,,,
1094694,2017,2017-08-25,"Sabina Park, Kingston",2,5.2,Jamaica Tallawahs,St Lucia Stars,GD Phillips,KC Sangakkara,RRS Cornwall,0,0,,,,,,,,,
1094694,2017,2017-08-25,"Sabina Park, Kingston",2,5.3,Jamaica Tallawahs,St Lucia Stars,GD Phillips,KC Sangakkara,RRS Cornwall,1,0,,,,,,,,,
1094694,2017,2017-08-25,"Sabina Park, Kingston",2,5.4,Jamaica Tallawahs,St Lucia Stars,KC Sangakkara,GD Phillips,RRS Cornwall,0,0,,,,,,,,,
1094694,2017,2017-08-25,"Sabina Park, Kingston",2,5.5,Jamaica Tallawahs,St Lucia Stars,KC Sangakkara,GD Phillips,RRS Cornwall,0,0,,,,,,,,,
1094694,2017,2017-08-25,"Sabina Park, Kingston",2,5.6,Jamaica Tallawahs,St Lucia Stars,KC Sangakkara,GD Phillips,RRS Cornwall,1,0,,,,,,,,,
1094694,2017,2017-08-25,"Sabina Park, Kingston",2,6.1,Jamaica Tallawahs,St Lucia Stars,KC Sangakkara,GD Phillips,S Shillingford,4,0,,,,,,,,,
1094694,2017,2017-08-25,"Sabina Park, Kingston",2,6.2,Jamaica Tallawahs,St Lucia Stars,KC Sangakkara,GD Phillips,S Shillingford,1,0,,,,,,,,,
1094694,2017,2017-08-25,"Sabina Park, Kingston",2,6.3,Jamaica Tallawahs,St Lucia Stars,GD Phillips,KC Sangakkara,S Shillingford,0,0,,,,,,,,,
1094694,2017,2017-08-25,"Sabina Park, Kingston",2,6.4,Jamaica Tallawahs,St Lucia Stars,GD Phillips,KC Sangakkara,S Shillingford,0,5,5,,,,,,,,
1094694,2017,2017-08-25,"Sabina Park, Kingston",2,6.5,Jamaica Tallawahs,St Lucia Stars,GD Phillips,KC Sangakkara,S Shillingford,4,0,,,,,,,,,
1094694,2017,2017-08-25,"Sabina Park, Kingston",2,6.6,Jamaica Tallawahs,St Lucia Stars,GD Phillips,KC Sangakkara,S Shillingford,1,0,,,,,,,,,
1094694,2017,2017-08-25,"Sabina Park, Kingston",2,6.7,Jamaica Tallawahs,St Lucia Stars,KC Sangakkara,GD Phillips,S Shillingford,1,0,,,,,,,,,
1094694,2017,2017-08-25,"Sabina Park, Kingston",2,7.1,Jamaica Tallawahs,St Lucia Stars,KC Sangakkara,GD Phillips,RRS Cornwall,1,0,,,,,,,,,
1094694,2017,2017-08-25,"Sabina Park, Kingston",2,7.2,Jamaica Tallawahs,St Lucia Stars,GD Phillips,KC Sangakkara,RRS Cornwall,0,0,,,,,,bowled,GD Phillips,,
1094694,2017,2017-08-25,"Sabina Park, Kingston",2,7.3,Jamaica Tallawahs,St Lucia Stars,AM McCarthy,KC Sangakkara,RRS Cornwall,0,0,,,,,,,,,
1094694,2017,2017-08-25,"Sabina Park, Kingston",2,7.4,Jamaica Tallawahs,St Lucia Stars,AM McCarthy,KC Sangakkara,RRS Cornwall,0,0,,,,,,,,,
1094694,2017,2017-08-25,"Sabina Park, Kingston",2,7.5,Jamaica Tallawahs,St Lucia Stars,AM McCarthy,KC Sangakkara,RRS Cornwall,0,0,,,,,,,,,
1094694,2017,2017-08-25,"Sabina Park, Kingston",2,7.6,Jamaica Tallawahs,St Lucia Stars,AM McCarthy,KC Sangakkara,RRS Cornwall,0,0,,,,,,,,,
1094694,2017,2017-08-25,"Sabina Park, Kingston",2,8.1,Jamaica Tallawahs,St Lucia Stars,KC Sangakkara,AM McCarthy,MN Samuels,1,0,,,,,,,,,
1094694,2017,2017-08-25,"Sabina Park, Kingston",2,8.2,Jamaica Tallawahs,St Lucia Stars,AM McCarthy,KC Sangakkara,MN Samuels,1,0,,,,,,,,,
1094694,2017,2017-08-25,"Sabina Park, Kingston",2,8.3,Jamaica Tallawahs,St Lucia Stars,KC Sangakkara,AM McCarthy,MN Samuels,1,0,,,,,,,,,
1094694,2017,2017-08-25,"Sabina Park, Kingston",2,8.4,Jamaica Tallawahs,St Lucia Stars,AM McCarthy,KC Sangakkara,MN Samuels,4,0,,,,,,,,,
1094694,2017,2017-08-25,"Sabina Park, Kingston",2,8.5,Jamaica Tallawahs,St Lucia Stars,AM McCarthy,KC Sangakkara,MN Samuels,0,0,,,,,,,,,
1094694,2017,2017-08-25,"Sabina Park, Kingston",2,8.6,Jamaica Tallawahs,St Lucia Stars,AM McCarthy,KC Sangakkara,MN Samuels,0,0,,,,,,,,,
1094694,2017,2017-08-25,"Sabina Park, Kingston",2,9.1,Jamaica Tallawahs,St Lucia Stars,KC Sangakkara,AM McCarthy,RRS Cornwall,0,0,,,,,,,,,
1094694,2017,2017-08-25,"Sabina Park, Kingston",2,9.2,Jamaica Tallawahs,St Lucia Stars,KC Sangakkara,AM McCarthy,RRS Cornwall,1,0,,,,,,,,,
1094694,2017,2017-08-25,"Sabina Park, Kingston",2,9.3,Jamaica Tallawahs,St Lucia Stars,AM McCarthy,KC Sangakkara,RRS Cornwall,6,0,,,,,,,,,
1094694,2017,2017-08-25,"Sabina Park, Kingston",2,9.4,Jamaica Tallawahs,St Lucia Stars,AM McCarthy,KC Sangakkara,RRS Cornwall,0,0,,,,,,,,,
1094694,2017,2017-08-25,"Sabina Park, Kingston",2,9.5,Jamaica Tallawahs,St Lucia Stars,AM McCarthy,KC Sangakkara,RRS Cornwall,1,0,,,,,,,,,
1094694,2017,2017-08-25,"Sabina Park, Kingston",2,9.6,Jamaica Tallawahs,St Lucia Stars,KC Sangakkara,AM McCarthy,RRS Cornwall,0,0,,,,,,,,,
1094694,2017,2017-08-25,"Sabina Park, Kingston",2,10.1,Jamaica Tallawahs,St Lucia Stars,AM McCarthy,KC Sangakkara,SR Watson,0,1,,1,,,,,,,
1094694,2017,2017-08-25,"Sabina Park, Kingston",2,10.2,Jamaica Tallawahs,St Lucia Stars,AM McCarthy,KC Sangakkara,SR Watson,1,0,,,,,,,,,
1094694,2017,2017-08-25,"Sabina Park, Kingston",2,10.3,Jamaica Tallawahs,St Lucia Stars,KC Sangakkara,AM McCarthy,SR Watson,0,0,,,,,,,,,
1094694,2017,2017-08-25,"Sabina Park, Kingston",2,10.4,Jamaica Tallawahs,St Lucia Stars,KC Sangakkara,AM McCarthy,SR Watson,1,0,,,,,,,,,
1094694,2017,2017-08-25,"Sabina Park, Kingston",2,10.5,Jamaica Tallawahs,St Lucia Stars,AM McCarthy,KC Sangakkara,SR Watson,1,0,,,,,,,,,
1094694,2017,2017-08-25,"Sabina Park, Kingston",2,10.6,Jamaica Tallawahs,St Lucia Stars,KC Sangakkara,AM McCarthy,SR Watson,1,0,,,,,,,,,
1094694,2017,2017-08-25,"Sabina Park, Kingston",2,10.7,Jamaica Tallawahs,St Lucia Stars,AM McCarthy,KC Sangakkara,SR Watson,1,0,,,,,,,,,
1094694,2017,2017-08-25,"Sabina Park, Kingston",2,11.1,Jamaica Tallawahs,St Lucia Stars,AM McCarthy,KC Sangakkara,RRS Cornwall,0,0,,,,,,,,,
1094694,2017,2017-08-25,"Sabina Park, Kingston",2,11.2,Jamaica Tallawahs,St Lucia Stars,AM McCarthy,KC Sangakkara,RRS Cornwall,6,0,,,,,,,,,
1094694,2017,2017-08-25,"Sabina Park, Kingston",2,11.3,Jamaica Tallawahs,St Lucia Stars,AM McCarthy,KC Sangakkara,RRS Cornwall,1,0,,,,,,,,,
1094694,2017,2017-08-25,"Sabina Park, Kingston",2,11.4,Jamaica Tallawahs,St Lucia Stars,KC Sangakkara,AM McCarthy,RRS Cornwall,1,0,,,,,,,,,
1094694,2017,2017-08-25,"Sabina Park, Kingston",2,11.5,Jamaica Tallawahs,St Lucia Stars,AM McCarthy,KC Sangakkara,RRS Cornwall,1,0,,,,,,,,,
1094694,2017,2017-08-25,"Sabina Park, Kingston",2,11.6,Jamaica Tallawahs,St Lucia Stars,KC Sangakkara,AM McCarthy,RRS Cornwall,0,0,,,,,,,,,
1094694,2017,2017-08-25,"Sabina Park, Kingston",2,12.1,Jamaica Tallawahs,St Lucia Stars,AM McCarthy,KC Sangakkara,SR Watson,1,0,,,,,,,,,
1094694,2017,2017-08-25,"Sabina Park, Kingston",2,12.2,Jamaica Tallawahs,St Lucia Stars,KC Sangakkara,AM McCarthy,SR Watson,1,0,,,,,,,,,
1094694,2017,2017-08-25,"Sabina Park, Kingston",2,12.3,Jamaica Tallawahs,St Lucia Stars,AM McCarthy,KC Sangakkara,SR Watson,1,0,,,,,,,,,
1094694,2017,2017-08-25,"Sabina Park, Kingston",2,12.4,Jamaica Tallawahs,St Lucia Stars,KC Sangakkara,AM McCarthy,SR Watson,0,0,,,,,,,,,
1094694,2017,2017-08-25,"Sabina Park, Kingston",2,12.5,Jamaica Tallawahs,St Lucia Stars,KC Sangakkara,AM McCarthy,SR Watson,4,0,,,,,,,,,
1094694,2017,2017-08-25,"Sabina Park, Kingston",2,12.6,Jamaica Tallawahs,St Lucia Stars,KC Sangakkara,AM McCarthy,SR Watson,1,0,,,,,,,,,
1094694,2017,2017-08-25,"Sabina Park, Kingston",2,13.1,Jamaica Tallawahs,St Lucia Stars,KC Sangakkara,AM McCarthy,KR Mayers,4,0,,,,,,,,,
1094694,2017,2017-08-25,"Sabina Park, Kingston",2,13.2,Jamaica Tallawahs,St Lucia Stars,KC Sangakkara,AM McCarthy,KR Mayers,1,0,,,,,,,,,
1094694,2017,2017-08-25,"Sabina Park, Kingston",2,13.3,Jamaica Tallawahs,St Lucia Stars,AM McCarthy,KC Sangakkara,KR Mayers,1,0,,,,,,,,,
1094694,2017,2017-08-25,"Sabina Park, Kingston",2,13.4,Jamaica Tallawahs,St Lucia Stars,KC Sangakkara,AM McCarthy,KR Mayers,1,0,,,,,,,,,
1094694,2017,2017-08-25,"Sabina Park, Kingston",2,13.5,Jamaica Tallawahs,St Lucia Stars,AM McCarthy,KC Sangakkara,KR Mayers,0,0,,,,,,,,,
1094694,2017,2017-08-25,"Sabina Park, Kingston",2,13.6,Jamaica Tallawahs,St Lucia Stars,AM McCarthy,KC Sangakkara,KR Mayers,1,0,,,,,,,,,
1094694,2017,2017-08-25,"Sabina Park, Kingston",2,14.1,Jamaica Tallawahs,St Lucia Stars,AM McCarthy,KC Sangakkara,JE Taylor,1,0,,,,,,,,,
1094694,2017,2017-08-25,"Sabina Park, Kingston",2,14.2,Jamaica Tallawahs,St Lucia Stars,KC Sangakkara,AM McCarthy,JE Taylor,4,0,,,,,,,,,
1094694,2017,2017-08-25,"Sabina Park, Kingston",2,14.3,Jamaica Tallawahs,St Lucia Stars,KC Sangakkara,AM McCarthy,JE Taylor,1,0,,,,,,,,,
1094694,2017,2017-08-25,"Sabina Park, Kingston",2,14.4,Jamaica Tallawahs,St Lucia Stars,AM McCarthy,KC Sangakkara,JE Taylor,6,0,,,,,,,,,
1094694,2017,2017-08-25,"Sabina Park, Kingston",2,14.5,Jamaica Tallawahs,St Lucia Stars,AM McCarthy,KC Sangakkara,JE Taylor,0,0,,,,,,,,,
1094694,2017,2017-08-25,"Sabina Park, Kingston",2,14.6,Jamaica Tallawahs,St Lucia Stars,AM McCarthy,KC Sangakkara,JE Taylor,1,1,,1,,,,,,,
1094694,2017,2017-08-25,"Sabina Park, Kingston",2,14.7,Jamaica Tallawahs,St Lucia Stars,KC Sangakkara,AM McCarthy,JE Taylor,4,0,,,,,,,,,
1094694,2017,2017-08-25,"Sabina Park, Kingston",2,15.1,Jamaica Tallawahs,St Lucia Stars,AM McCarthy,KC Sangakkara,OC McCoy,0,0,,,,,,,,,
1094694,2017,2017-08-25,"Sabina Park, Kingston",2,15.2,Jamaica Tallawahs,St Lucia Stars,AM McCarthy,KC Sangakkara,OC McCoy,0,0,,,,,,,,,
1094694,2017,2017-08-25,"Sabina Park, Kingston",2,15.3,Jamaica Tallawahs,St Lucia Stars,AM McCarthy,KC Sangakkara,OC McCoy,1,0,,,,,,,,,
1094694,2017,2017-08-25,"Sabina Park, Kingston",2,15.4,Jamaica Tallawahs,St Lucia Stars,KC Sangakkara,AM McCarthy,OC McCoy,6,0,,,,,,,,,
1094694,2017,2017-08-25,"Sabina Park, Kingston",2,15.5,Jamaica Tallawahs,St Lucia Stars,KC Sangakkara,AM McCarthy,OC McCoy,0,0,,,,,,,,,
1094694,2017,2017-08-25,"Sabina Park, Kingston",2,15.6,Jamaica Tallawahs,St Lucia Stars,KC Sangakkara,AM McCarthy,OC McCoy,0,0,,,,,,,,,
1094694,2017,2017-08-25,"Sabina Park, Kingston",2,16.1,Jamaica Tallawahs,St Lucia Stars,AM McCarthy,KC Sangakkara,SR Watson,0,0,,,,,,caught,AM McCarthy,,
1094694,2017,2017-08-25,"Sabina Park, Kingston",2,16.2,Jamaica Tallawahs,St Lucia Stars,KC Sangakkara,R Powell,SR Watson,1,0,,,,,,,,,
1094694,2017,2017-08-25,"Sabina Park, Kingston",2,16.3,Jamaica Tallawahs,St Lucia Stars,R Powell,KC Sangakkara,SR Watson,1,0,,,,,,,,,
1094694,2017,2017-08-25,"Sabina Park, Kingston",2,16.4,Jamaica Tallawahs,St Lucia Stars,KC Sangakkara,R Powell,SR Watson,2,0,,,,,,,,,
1094694,2017,2017-08-25,"Sabina Park, Kingston",2,16.5,Jamaica Tallawahs,St Lucia Stars,KC Sangakkara,R Powell,SR Watson,6,0,,,,,,,,,
1094694,2017,2017-08-25,"Sabina Park, Kingston",2,16.6,Jamaica Tallawahs,St Lucia Stars,KC Sangakkara,R Powell,SR Watson,0,0,,,,,,,,,
1094694,2017,2017-08-25,"Sabina Park, Kingston",2,17.1,Jamaica Tallawahs,St Lucia Stars,R Powell,KC Sangakkara,OC McCoy,1,0,,,,,,,,,
1094694,2017,2017-08-25,"Sabina Park, Kingston",2,17.2,Jamaica Tallawahs,St Lucia Stars,KC Sangakkara,R Powell,OC McCoy,4,0,,,,,,,,,
1094694,2017,2017-08-25,"Sabina Park, Kingston",2,17.3,Jamaica Tallawahs,St Lucia Stars,KC Sangakkara,R Powell,OC McCoy,0,1,,,,1,,,,,
1094694,2017,2017-08-25,"Sabina Park, Kingston",2,17.4,Jamaica Tallawahs,St Lucia Stars,R Powell,KC Sangakkara,OC McCoy,6,0,,,,,,,,,
1094694,2017,2017-08-25,"Sabina Park, Kingston",2,17.5,Jamaica Tallawahs,St Lucia Stars,R Powell,KC Sangakkara,OC McCoy,1,0,,,,,,,,,
1094694,2017,2017-08-25,"Sabina Park, Kingston",2,17.6,Jamaica Tallawahs,St Lucia Stars,KC Sangakkara,R Powell,OC McCoy,1,0,,,,,,,,,
1094694,2017,2017-08-25,"Sabina Park, Kingston",2,18.1,Jamaica Tallawahs,St Lucia Stars,KC Sangakkara,R Powell,KR Mayers,6,0,,,,,,,,,
1094694,2017,2017-08-25,"Sabina Park, Kingston",2,18.2,Jamaica Tallawahs,St Lucia Stars,KC Sangakkara,R Powell,KR Mayers,0,0,,,,,,,,,
1094694,2017,2017-08-25,"Sabina Park, Kingston",2,18.3,Jamaica Tallawahs,St Lucia Stars,KC Sangakkara,R Powell,KR Mayers,1,0,,,,,,,,,
1094694,2017,2017-08-25,"Sabina Park, Kingston",2,18.4,Jamaica Tallawahs,St Lucia Stars,R Powell,KC Sangakkara,KR Mayers,0,0,,,,,,hit wicket,R Powell,,
1094694,2017,2017-08-25,"Sabina Park, Kingston",2,18.5,Jamaica Tallawahs,St Lucia Stars,Mahmudullah,KC Sangakkara,KR Mayers,1,0,,,,,,,,,
1094694,2017,2017-08-25,"Sabina Park, Kingston",2,18.6,Jamaica Tallawahs,St Lucia Stars,KC Sangakkara,Mahmudullah,KR Mayers,4,0,,,,,,,,,
