match_id,season,start_date,venue,innings,ball,batting_team,bowling_team,striker,non_striker,bowler,runs_off_bat,extras,wides,noballs,byes,legbyes,penalty,wicket_type,player_dismissed,other_wicket_type,other_player_dismissed
1094679,2017,2017-08-10,"Daren Sammy National Cricket Stadium, Gros Islet",1,0.1,Barbados Tridents,St Lucia Stars,DR Smith,KS Williamson,JE Taylor,0,1,,,,1,,,,,
1094679,2017,2017-08-10,"Daren Sammy National Cricket Stadium, Gros Islet",1,0.2,Barbados Tridents,St Lucia Stars,KS Williamson,DR Smith,JE Taylor,0,0,,,,,,,,,
1094679,2017,2017-08-10,"Daren Sammy National Cricket Stadium, Gros Islet",1,0.3,Barbados Tridents,St Lucia Stars,KS Williamson,DR Smith,JE Taylor,0,0,,,,,,,,,
1094679,2017,2017-08-10,"Daren Sammy National Cricket Stadium, Gros Islet",1,0.4,Barbados Tridents,St Lucia Stars,KS Williamson,DR Smith,JE Taylor,0,0,,,,,,,,,
1094679,2017,2017-08-10,"Daren Sammy National Cricket Stadium, Gros Islet",1,0.5,Barbados Tridents,St Lucia Stars,KS Williamson,DR Smith,JE Taylor,1,0,,,,,,,,,
1094679,2017,2017-08-10,"Daren Sammy National Cricket Stadium, Gros Islet",1,0.6,Barbados Tridents,St Lucia Stars,DR Smith,KS Williamson,JE Taylor,0,0,,,,,,,,,
1094679,2017,2017-08-10,"Daren Sammy National Cricket Stadium, Gros Islet",1,1.1,Barbados Tridents,St Lucia Stars,KS Williamson,DR Smith,MJ McClenaghan,1,0,,,,,,,,,
1094679,2017,2017-08-10,"Daren Sammy National Cricket Stadium, Gros Islet",1,1.2,Barbados Tridents,St Lucia Stars,DR Smith,KS Williamson,MJ McClenaghan,1,0,,,,,,,,,
1094679,2017,2017-08-10,"Daren Sammy National Cricket Stadium, Gros Islet",1,1.3,Barbados Tridents,St Lucia Stars,KS Williamson,DR Smith,MJ McClenaghan,1,0,,,,,,,,,
1094679,2017,2017-08-10,"Daren Sammy National Cricket Stadium, Gros Islet",1,1.4,Barbados Tridents,St Lucia Stars,DR Smith,KS Williamson,MJ McClenaghan,1,0,,,,,,,,,
1094679,2017,2017-08-10,"Daren Sammy National Cricket Stadium, Gros Islet",1,1.5,Barbados Tridents,St Lucia Stars,KS Williamson,DR Smith,MJ McClenaghan,4,0,,,,,,,,,
1094679,2017,2017-08-10,"Daren Sammy National Cricket Stadium, Gros Islet",1,1.6,Barbados Tridents,St Lucia Stars,KS Williamson,DR Smith,MJ McClenaghan,1,0,,,,,,,,,
1094679,2017,2017-08-10,"Daren Sammy National Cricket Stadium, Gros Islet",1,2.1,Barbados Tridents,St Lucia Stars,KS Williamson,DR Smith,JE Taylor,0,0,,,,,,,,,
1094679,2017,2017-08-10,"Daren Sammy National Cricket Stadium, Gros Islet",1,2.2,Barbados Tridents,St Lucia Stars,KS Williamson,DR Smith,JE Taylor,0,0,,,,,,,,,
1094679,2017,2017-08-10,"Daren Sammy National Cricket Stadium, Gros Islet",1,2.3,Barbados Tridents,St Lucia Stars,KS Williamson,DR Smith,JE Taylor,0,0,,,,,,,,,
1094679,2017,2017-08-10,"Daren Sammy National Cricket Stadium, Gros Islet",1,2.4,Barbados Tridents,St Lucia Stars,KS Williamson,DR Smith,JE Taylor,4,0,,,,,,,,,
1094679,2017,2017-08-10,"Daren Sammy National Cricket Stadium, Gros Islet",1,2.5,Barbados Tridents,St Lucia Stars,KS Williamson,DR Smith,JE Taylor,1,0,,,,,,,,,
1094679,2017,2017-08-10,"Daren Sammy National Cricket Stadium, Gros Islet",1,2.6,Barbados Tridents,St Lucia Stars,DR Smith,KS Williamson,JE Taylor,1,0,,,,,,,,,
1094679,2017,2017-08-10,"Daren Sammy National Cricket Stadium, Gros Islet",1,3.1,Barbados Tridents,St Lucia Stars,DR Smith,KS Williamson,KR Mayers,0,0,,,,,,,,,
1094679,2017,2017-08-10,"Daren Sammy National Cricket Stadium, Gros Islet",1,3.2,Barbados Tridents,St Lucia Stars,DR Smith,KS Williamson,KR Mayers,6,0,,,,,,,,,
1094679,2017,2017-08-10,"Daren Sammy National Cricket Stadium, Gros Islet",1,3.3,Barbados Tridents,St Lucia Stars,DR Smith,KS Williamson,KR Mayers,0,0,,,,,,,,,
1094679,2017,2017-08-10,"Daren Sammy National Cricket Stadium, Gros Islet",1,3.4,Barbados Tridents,St Lucia Stars,DR Smith,KS Williamson,KR Mayers,4,0,,,,,,,,,
1094679,2017,2017-08-10,"Daren Sammy National Cricket Stadium, Gros Islet",1,3.5,Barbados Tridents,St Lucia Stars,DR Smith,KS Williamson,KR Mayers,0,0,,,,,,,,,
1094679,2017,2017-08-10,"Daren Sammy National Cricket Stadium, Gros Islet",1,3.6,Barbados Tridents,St Lucia Stars,DR Smith,KS Williamson,KR Mayers,1,0,,,,,,,,,
1094679,2017,2017-08-10,"Daren Sammy National Cricket Stadium, Gros Islet",1,4.1,Barbados Tridents,St Lucia Stars,DR Smith,KS Williamson,MN Samuels,1,0,,,,,,,,,
1094679,2017,2017-08-10,"Daren Sammy National Cricket Stadium, Gros Islet",1,4.2,Barbados Tridents,St Lucia Stars,KS Williamson,DR Smith,MN Samuels,0,0,,,,,,,,,
1094679,2017,2017-08-10,"Daren Sammy National Cricket Stadium, Gros Islet",1,4.3,Barbados Tridents,St Lucia Stars,KS Williamson,DR Smith,MN Samuels,0,0,,,,,,,,,
1094679,2017,2017-08-10,"Daren Sammy National Cricket Stadium, Gros Islet",1,4.4,Barbados Tridents,St Lucia Stars,KS Williamson,DR Smith,MN Samuels,1,0,,,,,,,,,
1094679,2017,2017-08-10,"Daren Sammy National Cricket Stadium, Gros Islet",1,4.5,Barbados Tridents,St Lucia Stars,DR Smith,KS Williamson,MN Samuels,1,0,,,,,,,,,
1094679,2017,2017-08-10,"Daren Sammy National Cricket Stadium, Gros Islet",1,4.6,Barbados Tridents,St Lucia Stars,KS Williamson,DR Smith,MN Samuels,4,0,,,,,,,,,
1094679,2017,2017-08-10,"Daren Sammy National Cricket Stadium, Gros Islet",1,5.1,Barbados Tridents,St Lucia Stars,DR Smith,KS Williamson,MJ McClenaghan,4,0,,,,,,,,,
1094679,2017,2017-08-10,"Daren Sammy National Cricket Stadium, Gros Islet",1,5.2,Barbados Tridents,St Lucia Stars,DR Smith,KS Williamson,MJ McClenaghan,0,1,,1,,,,,,,
1094679,2017,2017-08-10,"Daren Sammy National Cricket Stadium, Gros Islet",1,5.3,Barbados Tridents,St Lucia Stars,DR Smith,KS Williamson,MJ McClenaghan,1,0,,,,,,,,,
1094679,2017,2017-08-10,"Daren Sammy National Cricket Stadium, Gros Islet",1,5.4,Barbados Tridents,St Lucia Stars,KS Williamson,DR Smith,MJ McClenaghan,1,0,,,,,,,,,
1094679,2017,2017-08-10,"Daren Sammy National Cricket Stadium, Gros Islet",1,5.5,Barbados Tridents,St Lucia Stars,DR Smith,KS Williamson,MJ McClenaghan,0,0,,,,,,,,,
1094679,2017,2017-08-10,"Daren Sammy National Cricket Stadium, Gros Islet",1,5.6,Barbados Tridents,St Lucia Stars,DR Smith,KS Williamson,MJ McClenaghan,0,0,,,,,,,,,
1094679,2017,2017-08-10,"Daren Sammy National Cricket Stadium, Gros Islet",1,5.7,Barbados Tridents,St Lucia Stars,DR Smith,KS Williamson,MJ McClenaghan,0,0,,,,,,,,,
1094679,2017,2017-08-10,"Daren Sammy National Cricket Stadium, Gros Islet",1,6.1,Barbados Tridents,St Lucia Stars,KS Williamson,DR Smith,MN Samuels,2,0,,,,,,,,,
1094679,2017,2017-08-10,"Daren Sammy National Cricket Stadium, Gros Islet",1,6.2,Barbados Tridents,St Lucia Stars,KS Williamson,DR Smith,MN Samuels,0,0,,,,,,,,,
1094679,2017,2017-08-10,"Daren Sammy National Cricket Stadium, Gros Islet",1,6.3,Barbados Tridents,St Lucia Stars,KS Williamson,DR Smith,MN Samuels,2,0,,,,,,,,,
1094679,2017,2017-08-10,"Daren Sammy National Cricket Stadium, Gros Islet",1,6.4,Barbados Tridents,St Lucia Stars,KS Williamson,DR Smith,MN Samuels,1,0,,,,,,,,,
1094679,2017,2017-08-10,"Daren Sammy National Cricket Stadium, Gros Islet",1,6.5,Barbados Tridents,St Lucia Stars,DR Smith,KS Williamson,MN Samuels,1,0,,,,,,,,,
1094679,2017,2017-08-10,"Daren Sammy National Cricket Stadium, Gros Islet",1,6.6,Barbados Tridents,St Lucia Stars,KS Williamson,DR Smith,MN Samuels,1,0,,,,,,,,,
1094679,2017,2017-08-10,"Daren Sammy National Cricket Stadium, Gros Islet",1,7.1,Barbados Tridents,St Lucia Stars,KS Williamson,DR Smith,DJG Sammy,4,0,,,,,,,,,
1094679,2017,2017-08-10,"Daren Sammy National Cricket Stadium, Gros Islet",1,7.2,Barbados Tridents,St Lucia Stars,KS Williamson,DR Smith,DJG Sammy,1,0,,,,,,,,,
1094679,2017,2017-08-10,"Daren Sammy National Cricket Stadium, Gros Islet",1,7.3,Barbados Tridents,St Lucia Stars,DR Smith,KS Williamson,DJG Sammy,6,0,,,,,,,,,
1094679,2017,2017-08-10,"Daren Sammy National Cricket Stadium, Gros Islet",1,7.4,Barbados Tridents,St Lucia Stars,DR Smith,KS Williamson,DJG Sammy,4,0,,,,,,,,,
1094679,2017,2017-08-10,"Daren Sammy National Cricket Stadium, Gros Islet",1,7.5,Barbados Tridents,St Lucia Stars,DR Smith,KS Williamson,DJG Sammy,1,0,,,,,,,,,
1094679,2017,2017-08-10,"Daren Sammy National Cricket Stadium, Gros Islet",1,7.6,Barbados Tridents,St Lucia Stars,KS Williamson,DR Smith,DJG Sammy,1,0,,,,,,,,,
1094679,2017,2017-08-10,"Daren Sammy National Cricket Stadium, Gros Islet",1,8.1,Barbados Tridents,St Lucia Stars,KS Williamson,DR Smith,MN Samuels,2,0,,,,,,,,,
1094679,2017,2017-08-10,"Daren Sammy National Cricket Stadium, Gros Islet",1,8.2,Barbados Tridents,St Lucia Stars,KS Williamson,DR Smith,MN Samuels,1,0,,,,,,,,,
1094679,2017,2017-08-10,"Daren Sammy National Cricket Stadium, Gros Islet",1,8.3,Barbados Tridents,St Lucia Stars,DR Smith,KS Williamson,MN Samuels,0,0,,,,,,,,,
1094679,2017,2017-08-10,"Daren Sammy National Cricket Stadium, Gros Islet",1,8.4,Barbados Tridents,St Lucia Stars,DR Smith,KS Williamson,MN Samuels,2,0,,,,,,,,,
1094679,2017,2017-08-10,"Daren Sammy National Cricket Stadium, Gros Islet",1,8.5,Barbados Tridents,St Lucia Stars,DR Smith,KS Williamson,MN Samuels,1,0,,,,,,,,,
1094679,2017,2017-08-10,"Daren Sammy National Cricket Stadium, Gros Islet",1,8.6,Barbados Tridents,St Lucia Stars,KS Williamson,DR Smith,MN Samuels,0,0,,,,,,,,,
1094679,2017,2017-08-10,"Daren Sammy National Cricket Stadium, Gros Islet",1,9.1,Barbados Tridents,St Lucia Stars,DR Smith,KS Williamson,KR Mayers,0,0,,,,,,caught,DR Smith,,
1094679,2017,2017-08-10,"Daren Sammy National Cricket Stadium, Gros Islet",1,9.2,Barbados Tridents,St Lucia Stars,Shoaib Malik,KS Williamson,KR Mayers,0,0,,,,,,caught,Shoaib Malik,,
1094679,2017,2017-08-10,"Daren Sammy National Cricket Stadium, Gros Islet",1,9.3,Barbados Tridents,St Lucia Stars,KA Pollard,KS Williamson,KR Mayers,0,0,,,,,,,,,
1094679,2017,2017-08-10,"Daren Sammy National Cricket Stadium, Gros Islet",1,9.4,Barbados Tridents,St Lucia Stars,KA Pollard,KS Williamson,KR Mayers,1,0,,,,,,,,,
1094679,2017,2017-08-10,"Daren Sammy National Cricket Stadium, Gros Islet",1,9.5,Barbados Tridents,St Lucia Stars,KS Williamson,KA Pollard,KR Mayers,0,0,,,,,,,,,
1094679,2017,2017-08-10,"Daren Sammy National Cricket Stadium, Gros Islet",1,9.6,Barbados Tridents,St Lucia Stars,KS Williamson,KA Pollard,KR Mayers,1,0,,,,,,,,,
1094679,2017,2017-08-10,"Daren Sammy National Cricket Stadium, Gros Islet",1,10.1,Barbados Tridents,St Lucia Stars,KS Williamson,KA Pollard,S Shillingford,1,0,,,,,,,,,
1094679,2017,2017-08-10,"Daren Sammy National Cricket Stadium, Gros Islet",1,10.2,Barbados Tridents,St Lucia Stars,KA Pollard,KS Williamson,S Shillingford,0,0,,,,,,,,,
1094679,2017,2017-08-10,"Daren Sammy National Cricket Stadium, Gros Islet",1,10.3,Barbados Tridents,St Lucia Stars,KA Pollard,KS Williamson,S Shillingford,1,0,,,,,,,,,
1094679,2017,2017-08-10,"Daren Sammy National Cricket Stadium, Gros Islet",1,10.4,Barbados Tridents,St Lucia Stars,KS Williamson,KA Pollard,S Shillingford,1,0,,,,,,,,,
1094679,2017,2017-08-10,"Daren Sammy National Cricket Stadium, Gros Islet",1,10.5,Barbados Tridents,St Lucia Stars,KA Pollard,KS Williamson,S Shillingford,0,1,,,,1,,,,,
1094679,2017,2017-08-10,"Daren Sammy National Cricket Stadium, Gros Islet",1,10.6,Barbados Tridents,St Lucia Stars,KS Williamson,KA Pollard,S Shillingford,1,0,,,,,,,,,
1094679,2017,2017-08-10,"Daren Sammy National Cricket Stadium, Gros Islet",1,11.1,Barbados Tridents,St Lucia Stars,KS Williamson,KA Pollard,KR Mayers,1,0,,,,,,,,,
1094679,2017,2017-08-10,"Daren Sammy National Cricket Stadium, Gros Islet",1,11.2,Barbados Tridents,St Lucia Stars,KA Pollard,KS Williamson,KR Mayers,2,0,,,,,,,,,
1094679,2017,2017-08-10,"Daren Sammy National Cricket Stadium, Gros Islet",1,11.3,Barbados Tridents,St Lucia Stars,KA Pollard,KS Williamson,KR Mayers,0,0,,,,,,,,,
1094679,2017,2017-08-10,"Daren Sammy National Cricket Stadium, Gros Islet",1,11.4,Barbados Tridents,St Lucia Stars,KA Pollard,KS Williamson,KR Mayers,1,0,,,,,,,,,
1094679,2017,2017-08-10,"Daren Sammy National Cricket Stadium, Gros Islet",1,11.5,Barbados Tridents,St Lucia Stars,KS Williamson,KA Pollard,KR Mayers,4,0,,,,,,,,,
1094679,2017,2017-08-10,"Daren Sammy National Cricket Stadium, Gros Islet",1,11.6,Barbados Tridents,St Lucia Stars,KS Williamson,KA Pollard,KR Mayers,0,1,1,,,,,,,,
1094679,2017,2017-08-10,"Daren Sammy National Cricket Stadium, Gros Islet",1,11.7,Barbados Tridents,St Lucia Stars,KS Williamson,KA Pollard,KR Mayers,0,0,,,,,,,,,
1094679,2017,2017-08-10,"Daren Sammy National Cricket Stadium, Gros Islet",1,12.1,Barbados Tridents,St Lucia Stars,KA Pollard,KS Williamson,S Shillingford,1,0,,,,,,,,,
1094679,2017,2017-08-10,"Daren Sammy National Cricket Stadium, Gros Islet",1,12.2,Barbados Tridents,St Lucia Stars,KS Williamson,KA Pollard,S Shillingford,2,0,,,,,,,,,
1094679,2017,2017-08-10,"Daren Sammy National Cricket Stadium, Gros Islet",1,12.3,Barbados Tridents,St Lucia Stars,KS Williamson,KA Pollard,S Shillingford,0,0,,,,,,,,,
1094679,2017,2017-08-10,"Daren Sammy National Cricket Stadium, Gros Islet",1,12.4,Barbados Tridents,St Lucia Stars,KS Williamson,KA Pollard,S Shillingford,0,0,,,,,,,,,
1094679,2017,2017-08-10,"Daren Sammy National Cricket Stadium, Gros Islet",1,12.5,Barbados Tridents,St Lucia Stars,KS Williamson,KA Pollard,S Shillingford,1,0,,,,,,,,,
1094679,2017,2017-08-10,"Daren Sammy National Cricket Stadium, Gros Islet",1,12.6,Barbados Tridents,St Lucia Stars,KA Pollard,KS Williamson,S Shillingford,0,0,,,,,,,,,
1094679,2017,2017-08-10,"Daren Sammy National Cricket Stadium, Gros Islet",1,13.1,Barbados Tridents,St Lucia Stars,KS Williamson,KA Pollard,MJ McClenaghan,0,0,,,,,,,,,
1094679,2017,2017-08-10,"Daren Sammy National Cricket Stadium, Gros Islet",1,13.2,Barbados Tridents,St Lucia Stars,KS Williamson,KA Pollard,MJ McClenaghan,0,1,,,,1,,,,,
1094679,2017,2017-08-10,"Daren Sammy National Cricket Stadium, Gros Islet",1,13.3,Barbados Tridents,St Lucia Stars,KA Pollard,KS Williamson,MJ McClenaghan,1,0,,,,,,,,,
1094679,2017,2017-08-10,"Daren Sammy National Cricket Stadium, Gros Islet",1,13.4,Barbados Tridents,St Lucia Stars,KS Williamson,KA Pollard,MJ McClenaghan,0,0,,,,,,caught,KS Williamson,,
1094679,2017,2017-08-10,"Daren Sammy National Cricket Stadium, Gros Islet",1,13.5,Barbados Tridents,St Lucia Stars,KA Pollard,N Pooran,MJ McClenaghan,1,0,,,,,,,,,
1094679,2017,2017-08-10,"Daren Sammy National Cricket Stadium, Gros Islet",1,13.6,Barbados Tridents,St Lucia Stars,N Pooran,KA Pollard,MJ McClenaghan,1,0,,,,,,,,,
1094679,2017,2017-08-10,"Daren Sammy National Cricket Stadium, Gros Islet",1,14.1,Barbados Tridents,St Lucia Stars,N Pooran,KA Pollard,S Shillingford,0,0,,,,,,,,,
1094679,2017,2017-08-10,"Daren Sammy National Cricket Stadium, Gros Islet",1,14.2,Barbados Tridents,St Lucia Stars,N Pooran,KA Pollard,S Shillingford,1,0,,,,,,,,,
1094679,2017,2017-08-10,"Daren Sammy National Cricket Stadium, Gros Islet",1,14.3,Barbados Tridents,St Lucia Stars,KA Pollard,N Pooran,S Shillingford,6,0,,,,,,,,,
1094679,2017,2017-08-10,"Daren Sammy National Cricket Stadium, Gros Islet",1,14.4,Barbados Tridents,St Lucia Stars,KA Pollard,N Pooran,S Shillingford,4,0,,,,,,,,,
1094679,2017,2017-08-10,"Daren Sammy National Cricket Stadium, Gros Islet",1,14.5,Barbados Tridents,St Lucia Stars,KA Pollard,N Pooran,S Shillingford,0,0,,,,,,,,,
1094679,2017,2017-08-10,"Daren Sammy National Cricket Stadium, Gros Islet",1,14.6,Barbados Tridents,St Lucia Stars,KA Pollard,N Pooran,S Shillingford,0,1,1,,,,,,,,
1094679,2017,2017-08-10,"Daren Sammy National Cricket Stadium, Gros Islet",1,14.7,Barbados Tridents,St Lucia Stars,KA Pollard,N Pooran,S Shillingford,2,0,,,,,,,,,
1094679,2017,2017-08-10,"Daren Sammy National Cricket Stadium, Gros Islet",1,15.1,Barbados Tridents,St Lucia Stars,N Pooran,KA Pollard,KR Mayers,0,0,,,,,,,,,
1094679,2017,2017-08-10,"Daren Sammy National Cricket Stadium, Gros Islet",1,15.2,Barbados Tridents,St Lucia Stars,N Pooran,KA Pollard,KR Mayers,1,0,,,,,,,,,
1094679,2017,2017-08-10,"Daren Sammy National Cricket Stadium, Gros Islet",1,15.3,Barbados Tridents,St Lucia Stars,KA Pollard,N Pooran,KR Mayers,4,0,,,,,,,,,
1094679,2017,2017-08-10,"Daren Sammy National Cricket Stadium, Gros Islet",1,15.4,Barbados Tridents,St Lucia Stars,KA Pollard,N Pooran,KR Mayers,1,0,,,,,,,,,
1094679,2017,2017-08-10,"Daren Sammy National Cricket Stadium, Gros Islet",1,15.5,Barbados Tridents,St Lucia Stars,N Pooran,KA Pollard,KR Mayers,1,0,,,,,,,,,
1094679,2017,2017-08-10,"Daren Sammy National Cricket Stadium, Gros Islet",1,15.6,Barbados Tridents,St Lucia Stars,KA Pollard,N Pooran,KR Mayers,1,0,,,,,,,,,
1094679,2017,2017-08-10,"Daren Sammy National Cricket Stadium, Gros Islet",1,16.1,Barbados Tridents,St Lucia Stars,KA Pollard,N Pooran,S Shillingford,6,0,,,,,,,,,
1094679,2017,2017-08-10,"Daren Sammy National Cricket Stadium, Gros Islet",1,16.2,Barbados Tridents,St Lucia Stars,KA Pollard,N Pooran,S Shillingford,6,0,,,,,,,,,
1094679,2017,2017-08-10,"Daren Sammy National Cricket Stadium, Gros Islet",1,16.3,Barbados Tridents,St Lucia Stars,KA Pollard,N Pooran,S Shillingford,1,0,,,,,,,,,
1094679,2017,2017-08-10,"Daren Sammy National Cricket Stadium, Gros Islet",1,16.4,Barbados Tridents,St Lucia Stars,N Pooran,KA Pollard,S Shillingford,1,0,,,,,,,,,
1094679,2017,2017-08-10,"Daren Sammy National Cricket Stadium, Gros Islet",1,16.5,Barbados Tridents,St Lucia Stars,KA Pollard,N Pooran,S Shillingford,1,0,,,,,,,,,
1094679,2017,2017-08-10,"Daren Sammy National Cricket Stadium, Gros Islet",1,16.6,Barbados Tridents,St Lucia Stars,N Pooran,KA Pollard,S Shillingford,1,0,,,,,,,,,
1094679,2017,2017-08-10,"Daren Sammy National Cricket Stadium, Gros Islet",1,17.1,Barbados Tridents,St Lucia Stars,N Pooran,KA Pollard,JE Taylor,0,0,,,,,,,,,
1094679,2017,2017-08-10,"Daren Sammy National Cricket Stadium, Gros Islet",1,17.2,Barbados Tridents,St Lucia Stars,N Pooran,KA Pollard,JE Taylor,6,0,,,,,,,,,
1094679,2017,2017-08-10,"Daren Sammy National Cricket Stadium, Gros Islet",1,17.3,Barbados Tridents,St Lucia Stars,N Pooran,KA Pollard,JE Taylor,6,0,,,,,,,,,
1094679,2017,2017-08-10,"Daren Sammy National Cricket Stadium, Gros Islet",1,17.4,Barbados Tridents,St Lucia Stars,N Pooran,KA Pollard,JE Taylor,0,0,,,,,,caught,N Pooran,,
1094679,2017,2017-08-10,"Daren Sammy National Cricket Stadium, Gros Islet",1,17.5,Barbados Tridents,St Lucia Stars,KA Pollard,CD Barnwell,JE Taylor,6,0,,,,,,,,,
1094679,2017,2017-08-10,"Daren Sammy National Cricket Stadium, Gros Islet",1,17.6,Barbados Tridents,St Lucia Stars,KA Pollard,CD Barnwell,JE Taylor,2,0,,,,,,,,,
1094679,2017,2017-08-10,"Daren Sammy National Cricket Stadium, Gros Islet",1,18.1,Barbados Tridents,St Lucia Stars,CD Barnwell,KA Pollard,MJ McClenaghan,0,2,2,,,,,,,,
1094679,2017,2017-08-10,"Daren Sammy National Cricket Stadium, Gros Islet",1,18.2,Barbados Tridents,St Lucia Stars,KA Pollard,CD Barnwell,MJ McClenaghan,4,0,,,,,,,,,
1094679,2017,2017-08-10,"Daren Sammy National Cricket Stadium, Gros Islet",1,18.3,Barbados Tridents,St Lucia Stars,KA Pollard,CD Barnwell,MJ McClenaghan,1,0,,,,,,,,,
1094679,2017,2017-08-10,"Daren Sammy National Cricket Stadium, Gros Islet",1,18.4,Barbados Tridents,St Lucia Stars,CD Barnwell,KA Pollard,MJ McClenaghan,1,0,,,,,,,,,
1094679,2017,2017-08-10,"Daren Sammy National Cricket Stadium, Gros Islet",1,18.5,Barbados Tridents,St Lucia Stars,KA Pollard,CD Barnwell,MJ McClenaghan,1,1,,1,,,,,,,
1094679,2017,2017-08-10,"Daren Sammy National Cricket Stadium, Gros Islet",1,18.6,Barbados Tridents,St Lucia Stars,CD Barnwell,KA Pollard,MJ McClenaghan,0,1,,,1,,,,,,
1094679,2017,2017-08-10,"Daren Sammy National Cricket Stadium, Gros Islet",1,18.7,Barbados Tridents,St Lucia Stars,KA Pollard,CD Barnwell,MJ McClenaghan,1,0,,,,,,,,,
1094679,2017,2017-08-10,"Daren Sammy National Cricket Stadium, Gros Islet",1,18.8,Barbados Tridents,St Lucia Stars,CD Barnwell,KA Pollard,MJ McClenaghan,2,0,,,,,,,,,
1094679,2017,2017-08-10,"Daren Sammy National Cricket Stadium, Gros Islet",1,19.1,Barbados Tridents,St Lucia Stars,KA Pollard,CD Barnwell,JE Taylor,4,0,,,,,,,,,
1094679,2017,2017-08-10,"Daren Sammy National Cricket Stadium, Gros Islet",1,19.2,Barbados Tridents,St Lucia Stars,KA Pollard,CD Barnwell,JE Taylor,4,0,,,,,,,,,
1094679,2017,2017-08-10,"Daren Sammy National Cricket Stadium, Gros Islet",1,19.3,Barbados Tridents,St Lucia Stars,KA Pollard,CD Barnwell,JE Taylor,6,0,,,,,,,,,
1094679,2017,2017-08-10,"Daren Sammy National Cricket Stadium, Gros Islet",1,19.4,Barbados Tridents,St Lucia Stars,KA Pollard,CD Barnwell,JE Taylor,6,0,,,,,,,,,
1094679,2017,2017-08-10,"Daren Sammy National Cricket Stadium, Gros Islet",1,19.5,Barbados Tridents,St Lucia Stars,KA Pollard,CD Barnwell,JE Taylor,2,0,,,,,,,,,
1094679,2017,2017-08-10,"Daren Sammy National Cricket Stadium, Gros Islet",1,19.6,Barbados Tridents,St Lucia Stars,KA Pollard,CD Barnwell,JE Taylor,6,0,,,,,,,,,
1094679,2017,2017-08-10,"Daren Sammy National Cricket Stadium, Gros Islet",2,0.1,St Lucia Stars,Barbados Tridents,J Charles,ADS Fletcher,AJ Hosein,0,0,,,,,,,,,
1094679,2017,2017-08-10,"Daren Sammy National Cricket Stadium, Gros Islet",2,0.2,St Lucia Stars,Barbados Tridents,J Charles,ADS Fletcher,AJ Hosein,0,0,,,,,,,,,
1094679,2017,2017-08-10,"Daren Sammy National Cricket Stadium, Gros Islet",2,0.3,St Lucia Stars,Barbados Tridents,J Charles,ADS Fletcher,AJ Hosein,2,0,,,,,,,,,
1094679,2017,2017-08-10,"Daren Sammy National Cricket Stadium, Gros Islet",2,0.4,St Lucia Stars,Barbados Tridents,J Charles,ADS Fletcher,AJ Hosein,0,0,,,,,,,,,
1094679,2017,2017-08-10,"Daren Sammy National Cricket Stadium, Gros Islet",2,0.5,St Lucia Stars,Barbados Tridents,J Charles,ADS Fletcher,AJ Hosein,0,0,,,,,,,,,
1094679,2017,2017-08-10,"Daren Sammy National Cricket Stadium, Gros Islet",2,0.6,St Lucia Stars,Barbados Tridents,J Charles,ADS Fletcher,AJ Hosein,0,0,,,,,,,,,
1094679,2017,2017-08-10,"Daren Sammy National Cricket Stadium, Gros Islet",2,1.1,St Lucia Stars,Barbados Tridents,ADS Fletcher,J Charles,R Rampaul,4,0,,,,,,,,,
1094679,2017,2017-08-10,"Daren Sammy National Cricket Stadium, Gros Islet",2,1.2,St Lucia Stars,Barbados Tridents,ADS Fletcher,J Charles,R Rampaul,4,0,,,,,,,,,
1094679,2017,2017-08-10,"Daren Sammy National Cricket Stadium, Gros Islet",2,1.3,St Lucia Stars,Barbados Tridents,ADS Fletcher,J Charles,R Rampaul,1,0,,,,,,,,,
1094679,2017,2017-08-10,"Daren Sammy National Cricket Stadium, Gros Islet",2,1.4,St Lucia Stars,Barbados Tridents,J Charles,ADS Fletcher,R Rampaul,0,0,,,,,,,,,
1094679,2017,2017-08-10,"Daren Sammy National Cricket Stadium, Gros Islet",2,1.5,St Lucia Stars,Barbados Tridents,J Charles,ADS Fletcher,R Rampaul,1,0,,,,,,,,,
1094679,2017,2017-08-10,"Daren Sammy National Cricket Stadium, Gros Islet",2,1.6,St Lucia Stars,Barbados Tridents,ADS Fletcher,J Charles,R Rampaul,4,0,,,,,,,,,
1094679,2017,2017-08-10,"Daren Sammy National Cricket Stadium, Gros Islet",2,2.1,St Lucia Stars,Barbados Tridents,J Charles,ADS Fletcher,WD Parnell,2,0,,,,,,,,,
1094679,2017,2017-08-10,"Daren Sammy National Cricket Stadium, Gros Islet",2,2.2,St Lucia Stars,Barbados Tridents,J Charles,ADS Fletcher,WD Parnell,4,0,,,,,,,,,
1094679,2017,2017-08-10,"Daren Sammy National Cricket Stadium, Gros Islet",2,2.3,St Lucia Stars,Barbados Tridents,J Charles,ADS Fletcher,WD Parnell,0,0,,,,,,,,,
1094679,2017,2017-08-10,"Daren Sammy National Cricket Stadium, Gros Islet",2,2.4,St Lucia Stars,Barbados Tridents,J Charles,ADS Fletcher,WD Parnell,1,0,,,,,,,,,
1094679,2017,2017-08-10,"Daren Sammy National Cricket Stadium, Gros Islet",2,2.5,St Lucia Stars,Barbados Tridents,ADS Fletcher,J Charles,WD Parnell,0,0,,,,,,,,,
1094679,2017,2017-08-10,"Daren Sammy National Cricket Stadium, Gros Islet",2,2.6,St Lucia Stars,Barbados Tridents,ADS Fletcher,J Charles,WD Parnell,0,0,,,,,,,,,
1094679,2017,2017-08-10,"Daren Sammy National Cricket Stadium, Gros Islet",2,3.1,St Lucia Stars,Barbados Tridents,J Charles,ADS Fletcher,I Khan (2),0,0,,,,,,,,,
1094679,2017,2017-08-10,"Daren Sammy National Cricket Stadium, Gros Islet",2,3.2,St Lucia Stars,Barbados Tridents,J Charles,ADS Fletcher,I Khan (2),6,0,,,,,,,,,
1094679,2017,2017-08-10,"Daren Sammy National Cricket Stadium, Gros Islet",2,3.3,St Lucia Stars,Barbados Tridents,J Charles,ADS Fletcher,I Khan (2),2,0,,,,,,,,,
1094679,2017,2017-08-10,"Daren Sammy National Cricket Stadium, Gros Islet",2,3.4,St Lucia Stars,Barbados Tridents,J Charles,ADS Fletcher,I Khan (2),1,0,,,,,,,,,
1094679,2017,2017-08-10,"Daren Sammy National Cricket Stadium, Gros Islet",2,3.5,St Lucia Stars,Barbados Tridents,ADS Fletcher,J Charles,I Khan (2),0,0,,,,,,,,,
1094679,2017,2017-08-10,"Daren Sammy National Cricket Stadium, Gros Islet",2,3.6,St Lucia Stars,Barbados Tridents,ADS Fletcher,J Charles,I Khan (2),4,0,,,,,,,,,
1094679,2017,2017-08-10,"Daren Sammy National Cricket Stadium, Gros Islet",2,4.1,St Lucia Stars,Barbados Tridents,J Charles,ADS Fletcher,Wahab Riaz,0,0,,,,,,caught,J Charles,,
1094679,2017,2017-08-10,"Daren Sammy National Cricket Stadium, Gros Islet",2,4.2,St Lucia Stars,Barbados Tridents,JD Ryder,ADS Fletcher,Wahab Riaz,0,0,,,,,,,,,
1094679,2017,2017-08-10,"Daren Sammy National Cricket Stadium, Gros Islet",2,4.3,St Lucia Stars,Barbados Tridents,JD Ryder,ADS Fletcher,Wahab Riaz,4,0,,,,,,,,,
1094679,2017,2017-08-10,"Daren Sammy National Cricket Stadium, Gros Islet",2,4.4,St Lucia Stars,Barbados Tridents,JD Ryder,ADS Fletcher,Wahab Riaz,0,0,,,,,,,,,
1094679,2017,2017-08-10,"Daren Sammy National Cricket Stadium, Gros Islet",2,4.5,St Lucia Stars,Barbados Tridents,JD Ryder,ADS Fletcher,Wahab Riaz,1,0,,,,,,,,,
1094679,2017,2017-08-10,"Daren Sammy National Cricket Stadium, Gros Islet",2,4.6,St Lucia Stars,Barbados Tridents,ADS Fletcher,JD Ryder,Wahab Riaz,0,0,,,,,,caught,ADS Fletcher,,
1094679,2017,2017-08-10,"Daren Sammy National Cricket Stadium, Gros Islet",2,5.1,St Lucia Stars,Barbados Tridents,JD Ryder,Kamran Akmal,I Khan (2),1,0,,,,,,,,,
1094679,2017,2017-08-10,"Daren Sammy National Cricket Stadium, Gros Islet",2,5.2,St Lucia Stars,Barbados Tridents,Kamran Akmal,JD Ryder,I Khan (2),0,0,,,,,,caught,Kamran Akmal,,
1094679,2017,2017-08-10,"Daren Sammy National Cricket Stadium, Gros Islet",2,5.3,St Lucia Stars,Barbados Tridents,MN Samuels,JD Ryder,I Khan (2),0,0,,,,,,,,,
1094679,2017,2017-08-10,"Daren Sammy National Cricket Stadium, Gros Islet",2,5.4,St Lucia Stars,Barbados Tridents,MN Samuels,JD Ryder,I Khan (2),4,0,,,,,,,,,
1094679,2017,2017-08-10,"Daren Sammy National Cricket Stadium, Gros Islet",2,5.5,St Lucia Stars,Barbados Tridents,MN Samuels,JD Ryder,I Khan (2),0,0,,,,,,,,,
1094679,2017,2017-08-10,"Daren Sammy National Cricket Stadium, Gros Islet",2,5.6,St Lucia Stars,Barbados Tridents,MN Samuels,JD Ryder,I Khan (2),0,0,,,,,,,,,
1094679,2017,2017-08-10,"Daren Sammy National Cricket Stadium, Gros Islet",2,6.1,St Lucia Stars,Barbados Tridents,JD Ryder,MN Samuels,WD Parnell,1,0,,,,,,,,,
1094679,2017,2017-08-10,"Daren Sammy National Cricket Stadium, Gros Islet",2,6.2,St Lucia Stars,Barbados Tridents,MN Samuels,JD Ryder,WD Parnell,6,0,,,,,,,,,
1094679,2017,2017-08-10,"Daren Sammy National Cricket Stadium, Gros Islet",2,6.3,St Lucia Stars,Barbados Tridents,MN Samuels,JD Ryder,WD Parnell,0,0,,,,,,caught,MN Samuels,,
1094679,2017,2017-08-10,"Daren Sammy National Cricket Stadium, Gros Islet",2,6.4,St Lucia Stars,Barbados Tridents,SR Watson,JD Ryder,WD Parnell,0,0,,,,,,caught,SR Watson,,
1094679,2017,2017-08-10,"Daren Sammy National Cricket Stadium, Gros Islet",2,6.5,St Lucia Stars,Barbados Tridents,DJG Sammy,JD Ryder,WD Parnell,1,0,,,,,,,,,
1094679,2017,2017-08-10,"Daren Sammy National Cricket Stadium, Gros Islet",2,6.6,St Lucia Stars,Barbados Tridents,JD Ryder,DJG Sammy,WD Parnell,1,0,,,,,,,,,
1094679,2017,2017-08-10,"Daren Sammy National Cricket Stadium, Gros Islet",2,7.1,St Lucia Stars,Barbados Tridents,JD Ryder,DJG Sammy,I Khan (2),0,0,,,,,,,,,
1094679,2017,2017-08-10,"Daren Sammy National Cricket Stadium, Gros Islet",2,7.2,St Lucia Stars,Barbados Tridents,JD Ryder,DJG Sammy,I Khan (2),0,0,,,,,,,,,
1094679,2017,2017-08-10,"Daren Sammy National Cricket Stadium, Gros Islet",2,7.3,St Lucia Stars,Barbados Tridents,JD Ryder,DJG Sammy,I Khan (2),0,0,,,,,,,,,
1094679,2017,2017-08-10,"Daren Sammy National Cricket Stadium, Gros Islet",2,7.4,St Lucia Stars,Barbados Tridents,JD Ryder,DJG Sammy,I Khan (2),1,0,,,,,,,,,
1094679,2017,2017-08-10,"Daren Sammy National Cricket Stadium, Gros Islet",2,7.5,St Lucia Stars,Barbados Tridents,DJG Sammy,JD Ryder,I Khan (2),0,0,,,,,,,,,
1094679,2017,2017-08-10,"Daren Sammy National Cricket Stadium, Gros Islet",2,7.6,St Lucia Stars,Barbados Tridents,DJG Sammy,JD Ryder,I Khan (2),0,0,,,,,,,,,
1094679,2017,2017-08-10,"Daren Sammy National Cricket Stadium, Gros Islet",2,8.1,St Lucia Stars,Barbados Tridents,JD Ryder,DJG Sammy,WD Parnell,1,0,,,,,,,,,
1094679,2017,2017-08-10,"Daren Sammy National Cricket Stadium, Gros Islet",2,8.2,St Lucia Stars,Barbados Tridents,DJG Sammy,JD Ryder,WD Parnell,6,0,,,,,,,,,
1094679,2017,2017-08-10,"Daren Sammy National Cricket Stadium, Gros Islet",2,8.3,St Lucia Stars,Barbados Tridents,DJG Sammy,JD Ryder,WD Parnell,0,0,,,,,,,,,
1094679,2017,2017-08-10,"Daren Sammy National Cricket Stadium, Gros Islet",2,8.4,St Lucia Stars,Barbados Tridents,DJG Sammy,JD Ryder,WD Parnell,1,0,,,,,,,,,
1094679,2017,2017-08-10,"Daren Sammy National Cricket Stadium, Gros Islet",2,8.5,St Lucia Stars,Barbados Tridents,JD Ryder,DJG Sammy,WD Parnell,0,0,,,,,,caught,JD Ryder,,
1094679,2017,2017-08-10,"Daren Sammy National Cricket Stadium, Gros Islet",2,8.6,St Lucia Stars,Barbados Tridents,DJG Sammy,KR Mayers,WD Parnell,4,0,,,,,,,,,
1094679,2017,2017-08-10,"Daren Sammy National Cricket Stadium, Gros Islet",2,9.1,St Lucia Stars,Barbados Tridents,KR Mayers,DJG Sammy,I Khan (2),0,0,,,,,,,,,
1094679,2017,2017-08-10,"Daren Sammy National Cricket Stadium, Gros Islet",2,9.2,St Lucia Stars,Barbados Tridents,KR Mayers,DJG Sammy,I Khan (2),0,0,,,,,,,,,
1094679,2017,2017-08-10,"Daren Sammy National Cricket Stadium, Gros Islet",2,9.3,St Lucia Stars,Barbados Tridents,KR Mayers,DJG Sammy,I Khan (2),1,0,,,,,,,,,
1094679,2017,2017-08-10,"Daren Sammy National Cricket Stadium, Gros Islet",2,9.4,St Lucia Stars,Barbados Tridents,DJG Sammy,KR Mayers,I Khan (2),1,0,,,,,,,,,
1094679,2017,2017-08-10,"Daren Sammy National Cricket Stadium, Gros Islet",2,9.5,St Lucia Stars,Barbados Tridents,KR Mayers,DJG Sammy,I Khan (2),0,0,,,,,,,,,
1094679,2017,2017-08-10,"Daren Sammy National Cricket Stadium, Gros Islet",2,9.6,St Lucia Stars,Barbados Tridents,KR Mayers,DJG Sammy,I Khan (2),1,0,,,,,,,,,
1094679,2017,2017-08-10,"Daren Sammy National Cricket Stadium, Gros Islet",2,10.1,St Lucia Stars,Barbados Tridents,KR Mayers,DJG Sammy,AJ Hosein,0,0,,,,,,,,,
1094679,2017,2017-08-10,"Daren Sammy National Cricket Stadium, Gros Islet",2,10.2,St Lucia Stars,Barbados Tridents,KR Mayers,DJG Sammy,AJ Hosein,0,0,,,,,,,,,
1094679,2017,2017-08-10,"Daren Sammy National Cricket Stadium, Gros Islet",2,10.3,St Lucia Stars,Barbados Tridents,KR Mayers,DJG Sammy,AJ Hosein,0,1,,,,1,,,,,
1094679,2017,2017-08-10,"Daren Sammy National Cricket Stadium, Gros Islet",2,10.4,St Lucia Stars,Barbados Tridents,DJG Sammy,KR Mayers,AJ Hosein,0,1,1,,,,,,,,
1094679,2017,2017-08-10,"Daren Sammy National Cricket Stadium, Gros Islet",2,10.5,St Lucia Stars,Barbados Tridents,DJG Sammy,KR Mayers,AJ Hosein,0,1,1,,,,,,,,
1094679,2017,2017-08-10,"Daren Sammy National Cricket Stadium, Gros Islet",2,10.6,St Lucia Stars,Barbados Tridents,DJG Sammy,KR Mayers,AJ Hosein,0,0,,,,,,,,,
1094679,2017,2017-08-10,"Daren Sammy National Cricket Stadium, Gros Islet",2,10.7,St Lucia Stars,Barbados Tridents,DJG Sammy,KR Mayers,AJ Hosein,1,0,,,,,,,,,
1094679,2017,2017-08-10,"Daren Sammy National Cricket Stadium, Gros Islet",2,10.8,St Lucia Stars,Barbados Tridents,KR Mayers,DJG Sammy,AJ Hosein,0,0,,,,,,,,,
1094679,2017,2017-08-10,"Daren Sammy National Cricket Stadium, Gros Islet",2,11.1,St Lucia Stars,Barbados Tridents,DJG Sammy,KR Mayers,R Rampaul,4,0,,,,,,,,,
1094679,2017,2017-08-10,"Daren Sammy National Cricket Stadium, Gros Islet",2,11.2,St Lucia Stars,Barbados Tridents,DJG Sammy,KR Mayers,R Rampaul,6,0,,,,,,,,,
1094679,2017,2017-08-10,"Daren Sammy National Cricket Stadium, Gros Islet",2,11.3,St Lucia Stars,Barbados Tridents,DJG Sammy,KR Mayers,R Rampaul,6,0,,,,,,,,,
1094679,2017,2017-08-10,"Daren Sammy National Cricket Stadium, Gros Islet",2,11.4,St Lucia Stars,Barbados Tridents,DJG Sammy,KR Mayers,R Rampaul,0,0,,,,,,,,,
1094679,2017,2017-08-10,"Daren Sammy National Cricket Stadium, Gros Islet",2,11.5,St Lucia Stars,Barbados Tridents,DJG Sammy,KR Mayers,R Rampaul,1,0,,,,,,,,,
1094679,2017,2017-08-10,"Daren Sammy National Cricket Stadium, Gros Islet",2,11.6,St Lucia Stars,Barbados Tridents,KR Mayers,DJG Sammy,R Rampaul,0,0,,,,,,,,,
1094679,2017,2017-08-10,"Daren Sammy National Cricket Stadium, Gros Islet",2,12.1,St Lucia Stars,Barbados Tridents,DJG Sammy,KR Mayers,Wahab Riaz,0,0,,,,,,,,,
1094679,2017,2017-08-10,"Daren Sammy National Cricket Stadium, Gros Islet",2,12.2,St Lucia Stars,Barbados Tridents,DJG Sammy,KR Mayers,Wahab Riaz,6,0,,,,,,,,,
1094679,2017,2017-08-10,"Daren Sammy National Cricket Stadium, Gros Islet",2,12.3,St Lucia Stars,Barbados Tridents,DJG Sammy,KR Mayers,Wahab Riaz,1,0,,,,,,,,,
1094679,2017,2017-08-10,"Daren Sammy National Cricket Stadium, Gros Islet",2,12.4,St Lucia Stars,Barbados Tridents,KR Mayers,DJG Sammy,Wahab Riaz,1,0,,,,,,,,,
1094679,2017,2017-08-10,"Daren Sammy National Cricket Stadium, Gros Islet",2,12.5,St Lucia Stars,Barbados Tridents,DJG Sammy,KR Mayers,Wahab Riaz,4,0,,,,,,,,,
1094679,2017,2017-08-10,"Daren Sammy National Cricket Stadium, Gros Islet",2,12.6,St Lucia Stars,Barbados Tridents,DJG Sammy,KR Mayers,Wahab Riaz,4,0,,,,,,,,,
1094679,2017,2017-08-10,"Daren Sammy National Cricket Stadium, Gros Islet",2,13.1,St Lucia Stars,Barbados Tridents,KR Mayers,DJG Sammy,R Rampaul,1,0,,,,,,,,,
1094679,2017,2017-08-10,"Daren Sammy National Cricket Stadium, Gros Islet",2,13.2,St Lucia Stars,Barbados Tridents,DJG Sammy,KR Mayers,R Rampaul,0,0,,,,,,,,,
1094679,2017,2017-08-10,"Daren Sammy National Cricket Stadium, Gros Islet",2,13.3,St Lucia Stars,Barbados Tridents,DJG Sammy,KR Mayers,R Rampaul,1,0,,,,,,,,,
1094679,2017,2017-08-10,"Daren Sammy National Cricket Stadium, Gros Islet",2,13.4,St Lucia Stars,Barbados Tridents,KR Mayers,DJG Sammy,R Rampaul,1,0,,,,,,,,,
1094679,2017,2017-08-10,"Daren Sammy National Cricket Stadium, Gros Islet",2,13.5,St Lucia Stars,Barbados Tridents,DJG Sammy,KR Mayers,R Rampaul,6,0,,,,,,,,,
1094679,2017,2017-08-10,"Daren Sammy National Cricket Stadium, Gros Islet",2,13.6,St Lucia Stars,Barbados Tridents,DJG Sammy,KR Mayers,R Rampaul,1,0,,,,,,,,,
1094679,2017,2017-08-10,"Daren Sammy National Cricket Stadium, Gros Islet",2,14.1,St Lucia Stars,Barbados Tridents,DJG Sammy,KR Mayers,AJ Hosein,0,0,,,,,,,,,
1094679,2017,2017-08-10,"Daren Sammy National Cricket Stadium, Gros Islet",2,14.2,St Lucia Stars,Barbados Tridents,DJG Sammy,KR Mayers,AJ Hosein,1,0,,,,,,,,,
1094679,2017,2017-08-10,"Daren Sammy National Cricket Stadium, Gros Islet",2,14.3,St Lucia Stars,Barbados Tridents,KR Mayers,DJG Sammy,AJ Hosein,1,0,,,,,,,,,
1094679,2017,2017-08-10,"Daren Sammy National Cricket Stadium, Gros Islet",2,14.4,St Lucia Stars,Barbados Tridents,DJG Sammy,KR Mayers,AJ Hosein,0,0,,,,,,,,,
1094679,2017,2017-08-10,"Daren Sammy National Cricket Stadium, Gros Islet",2,14.5,St Lucia Stars,Barbados Tridents,DJG Sammy,KR Mayers,AJ Hosein,0,1,1,,,,,,,,
1094679,2017,2017-08-10,"Daren Sammy National Cricket Stadium, Gros Islet",2,14.6,St Lucia Stars,Barbados Tridents,DJG Sammy,KR Mayers,AJ Hosein,1,0,,,,,,,,,
1094679,2017,2017-08-10,"Daren Sammy National Cricket Stadium, Gros Islet",2,14.7,St Lucia Stars,Barbados Tridents,KR Mayers,DJG Sammy,AJ Hosein,1,0,,,,,,,,,
1094679,2017,2017-08-10,"Daren Sammy National Cricket Stadium, Gros Islet",2,15.1,St Lucia Stars,Barbados Tridents,KR Mayers,DJG Sammy,Wahab Riaz,1,0,,,,,,,,,
1094679,2017,2017-08-10,"Daren Sammy National Cricket Stadium, Gros Islet",2,15.2,St Lucia Stars,Barbados Tridents,DJG Sammy,KR Mayers,Wahab Riaz,0,1,1,,,,,,,,
1094679,2017,2017-08-10,"Daren Sammy National Cricket Stadium, Gros Islet",2,15.3,St Lucia Stars,Barbados Tridents,DJG Sammy,KR Mayers,Wahab Riaz,4,0,,,,,,,,,
