match_id,season,start_date,venue,innings,ball,batting_team,bowling_team,striker,non_striker,bowler,runs_off_bat,extras,wides,noballs,byes,legbyes,penalty,wicket_type,player_dismissed,other_wicket_type,other_player_dismissed
1094675,2017,2017-08-06,Central Broward Regional Park Stadium Turf Ground,1,0.1,St Kitts and Nevis Patriots,Guyana Amazon Warriors,CH Gayle,E Lewis,Sohail Tanvir,0,1,1,,,,,,,,
1094675,2017,2017-08-06,Central Broward Regional Park Stadium Turf Ground,1,0.2,St Kitts and Nevis Patriots,Guyana Amazon Warriors,CH Gayle,E Lewis,Sohail Tanvir,1,0,,,,,,,,,
1094675,2017,2017-08-06,Central Broward Regional Park Stadium Turf Ground,1,0.3,St Kitts and Nevis Patriots,Guyana Amazon Warriors,E Lewis,CH Gayle,Sohail Tanvir,0,0,,,,,,,,,
1094675,2017,2017-08-06,Central Broward Regional Park Stadium Turf Ground,1,0.4,St Kitts and Nevis Patriots,Guyana Amazon Warriors,E Lewis,CH Gayle,Sohail Tanvir,1,0,,,,,,,,,
1094675,2017,2017-08-06,Central Broward Regional Park Stadium Turf Ground,1,0.5,St Kitts and Nevis Patriots,Guyana Amazon Warriors,CH Gayle,E Lewis,Sohail Tanvir,0,0,,,,,,,,,
1094675,2017,2017-08-06,Central Broward Regional Park Stadium Turf Ground,1,0.6,St Kitts and Nevis Patriots,Guyana Amazon Warriors,CH Gayle,E Lewis,Sohail Tanvir,1,0,,,,,,,,,
1094675,2017,2017-08-06,Central Broward Regional Park Stadium Turf Ground,1,0.7,St Kitts and Nevis Patriots,Guyana Amazon Warriors,E Lewis,CH Gayle,Sohail Tanvir,0,0,,,,,,,,,
1094675,2017,2017-08-06,Central Broward Regional Park Stadium Turf Ground,1,1.1,St Kitts and Nevis Patriots,Guyana Amazon Warriors,CH Gayle,E Lewis,SA Jacobs,0,0,,,,,,,,,
1094675,2017,2017-08-06,Central Broward Regional Park Stadium Turf Ground,1,1.2,St Kitts and Nevis Patriots,Guyana Amazon Warriors,CH Gayle,E Lewis,SA Jacobs,4,0,,,,,,,,,
1094675,2017,2017-08-06,Central Broward Regional Park Stadium Turf Ground,1,1.3,St Kitts and Nevis Patriots,Guyana Amazon Warriors,CH Gayle,E Lewis,SA Jacobs,0,1,1,,,,,,,,
1094675,2017,2017-08-06,Central Broward Regional Park Stadium Turf Ground,1,1.4,St Kitts and Nevis Patriots,Guyana Amazon Warriors,CH Gayle,E Lewis,SA Jacobs,0,0,,,,,,,,,
1094675,2017,2017-08-06,Central Broward Regional Park Stadium Turf Ground,1,1.5,St Kitts and Nevis Patriots,Guyana Amazon Warriors,CH Gayle,E Lewis,SA Jacobs,1,0,,,,,,,,,
1094675,2017,2017-08-06,Central Broward Regional Park Stadium Turf Ground,1,1.6,St Kitts and Nevis Patriots,Guyana Amazon Warriors,E Lewis,CH Gayle,SA Jacobs,0,0,,,,,,,,,
1094675,2017,2017-08-06,Central Broward Regional Park Stadium Turf Ground,1,1.7,St Kitts and Nevis Patriots,Guyana Amazon Warriors,E Lewis,CH Gayle,SA Jacobs,1,0,,,,,,,,,
1094675,2017,2017-08-06,Central Broward Regional Park Stadium Turf Ground,1,2.1,St Kitts and Nevis Patriots,Guyana Amazon Warriors,E Lewis,CH Gayle,Sohail Tanvir,0,0,,,,,,,,,
1094675,2017,2017-08-06,Central Broward Regional Park Stadium Turf Ground,1,2.2,St Kitts and Nevis Patriots,Guyana Amazon Warriors,E Lewis,CH Gayle,Sohail Tanvir,0,0,,,,,,,,,
1094675,2017,2017-08-06,Central Broward Regional Park Stadium Turf Ground,1,2.3,St Kitts and Nevis Patriots,Guyana Amazon Warriors,E Lewis,CH Gayle,Sohail Tanvir,1,0,,,,,,,,,
1094675,2017,2017-08-06,Central Broward Regional Park Stadium Turf Ground,1,2.4,St Kitts and Nevis Patriots,Guyana Amazon Warriors,CH Gayle,E Lewis,Sohail Tanvir,1,0,,,,,,,,,
1094675,2017,2017-08-06,Central Broward Regional Park Stadium Turf Ground,1,2.5,St Kitts and Nevis Patriots,Guyana Amazon Warriors,E Lewis,CH Gayle,Sohail Tanvir,0,0,,,,,,,,,
1094675,2017,2017-08-06,Central Broward Regional Park Stadium Turf Ground,1,2.6,St Kitts and Nevis Patriots,Guyana Amazon Warriors,E Lewis,CH Gayle,Sohail Tanvir,1,0,,,,,,,,,
1094675,2017,2017-08-06,Central Broward Regional Park Stadium Turf Ground,1,3.1,St Kitts and Nevis Patriots,Guyana Amazon Warriors,E Lewis,CH Gayle,SA Jacobs,0,0,,,,,,,,,
1094675,2017,2017-08-06,Central Broward Regional Park Stadium Turf Ground,1,3.2,St Kitts and Nevis Patriots,Guyana Amazon Warriors,E Lewis,CH Gayle,SA Jacobs,0,0,,,,,,,,,
1094675,2017,2017-08-06,Central Broward Regional Park Stadium Turf Ground,1,3.3,St Kitts and Nevis Patriots,Guyana Amazon Warriors,E Lewis,CH Gayle,SA Jacobs,0,0,,,,,,,,,
1094675,2017,2017-08-06,Central Broward Regional Park Stadium Turf Ground,1,3.4,St Kitts and Nevis Patriots,Guyana Amazon Warriors,E Lewis,CH Gayle,SA Jacobs,0,0,,,,,,,,,
1094675,2017,2017-08-06,Central Broward Regional Park Stadium Turf Ground,1,3.5,St Kitts and Nevis Patriots,Guyana Amazon Warriors,E Lewis,CH Gayle,SA Jacobs,0,0,,,,,,stumped,E Lewis,,
1094675,2017,2017-08-06,Central Broward Regional Park Stadium Turf Ground,1,3.6,St Kitts and Nevis Patriots,Guyana Amazon Warriors,Mohammad Hafeez,CH Gayle,SA Jacobs,0,0,,,,,,,,,
1094675,2017,2017-08-06,Central Broward Regional Park Stadium Turf Ground,1,4.1,St Kitts and Nevis Patriots,Guyana Amazon Warriors,CH Gayle,Mohammad Hafeez,RR Emrit,0,0,,,,,,,,,
1094675,2017,2017-08-06,Central Broward Regional Park Stadium Turf Ground,1,4.2,St Kitts and Nevis Patriots,Guyana Amazon Warriors,CH Gayle,Mohammad Hafeez,RR Emrit,1,0,,,,,,,,,
1094675,2017,2017-08-06,Central Broward Regional Park Stadium Turf Ground,1,4.3,St Kitts and Nevis Patriots,Guyana Amazon Warriors,Mohammad Hafeez,CH Gayle,RR Emrit,0,0,,,,,,,,,
1094675,2017,2017-08-06,Central Broward Regional Park Stadium Turf Ground,1,4.4,St Kitts and Nevis Patriots,Guyana Amazon Warriors,Mohammad Hafeez,CH Gayle,RR Emrit,0,0,,,,,,,,,
1094675,2017,2017-08-06,Central Broward Regional Park Stadium Turf Ground,1,4.5,St Kitts and Nevis Patriots,Guyana Amazon Warriors,Mohammad Hafeez,CH Gayle,RR Emrit,0,0,,,,,,,,,
1094675,2017,2017-08-06,Central Broward Regional Park Stadium Turf Ground,1,4.6,St Kitts and Nevis Patriots,Guyana Amazon Warriors,Mohammad Hafeez,CH Gayle,RR Emrit,1,0,,,,,,,,,
1094675,2017,2017-08-06,Central Broward Regional Park Stadium Turf Ground,1,5.1,St Kitts and Nevis Patriots,Guyana Amazon Warriors,Mohammad Hafeez,CH Gayle,SA Jacobs,0,1,1,,,,,,,,
1094675,2017,2017-08-06,Central Broward Regional Park Stadium Turf Ground,1,5.2,St Kitts and Nevis Patriots,Guyana Amazon Warriors,Mohammad Hafeez,CH Gayle,SA Jacobs,6,0,,,,,,,,,
1094675,2017,2017-08-06,Central Broward Regional Park Stadium Turf Ground,1,5.3,St Kitts and Nevis Patriots,Guyana Amazon Warriors,Mohammad Hafeez,CH Gayle,SA Jacobs,0,0,,,,,,,,,
1094675,2017,2017-08-06,Central Broward Regional Park Stadium Turf Ground,1,5.4,St Kitts and Nevis Patriots,Guyana Amazon Warriors,Mohammad Hafeez,CH Gayle,SA Jacobs,1,0,,,,,,,,,
1094675,2017,2017-08-06,Central Broward Regional Park Stadium Turf Ground,1,5.5,St Kitts and Nevis Patriots,Guyana Amazon Warriors,CH Gayle,Mohammad Hafeez,SA Jacobs,0,0,,,,,,,,,
1094675,2017,2017-08-06,Central Broward Regional Park Stadium Turf Ground,1,5.6,St Kitts and Nevis Patriots,Guyana Amazon Warriors,CH Gayle,Mohammad Hafeez,SA Jacobs,1,0,,,,,,,,,
1094675,2017,2017-08-06,Central Broward Regional Park Stadium Turf Ground,1,5.7,St Kitts and Nevis Patriots,Guyana Amazon Warriors,Mohammad Hafeez,CH Gayle,SA Jacobs,0,0,,,,,,,,,
1094675,2017,2017-08-06,Central Broward Regional Park Stadium Turf Ground,1,6.1,St Kitts and Nevis Patriots,Guyana Amazon Warriors,CH Gayle,Mohammad Hafeez,RR Emrit,1,0,,,,,,,,,
1094675,2017,2017-08-06,Central Broward Regional Park Stadium Turf Ground,1,6.2,St Kitts and Nevis Patriots,Guyana Amazon Warriors,Mohammad Hafeez,CH Gayle,RR Emrit,0,0,,,,,,,,,
1094675,2017,2017-08-06,Central Broward Regional Park Stadium Turf Ground,1,6.3,St Kitts and Nevis Patriots,Guyana Amazon Warriors,Mohammad Hafeez,CH Gayle,RR Emrit,1,0,,,,,,,,,
1094675,2017,2017-08-06,Central Broward Regional Park Stadium Turf Ground,1,6.4,St Kitts and Nevis Patriots,Guyana Amazon Warriors,CH Gayle,Mohammad Hafeez,RR Emrit,1,0,,,,,,,,,
1094675,2017,2017-08-06,Central Broward Regional Park Stadium Turf Ground,1,6.5,St Kitts and Nevis Patriots,Guyana Amazon Warriors,Mohammad Hafeez,CH Gayle,RR Emrit,1,0,,,,,,,,,
1094675,2017,2017-08-06,Central Broward Regional Park Stadium Turf Ground,1,6.6,St Kitts and Nevis Patriots,Guyana Amazon Warriors,CH Gayle,Mohammad Hafeez,RR Emrit,0,1,1,,,,,,,,
1094675,2017,2017-08-06,Central Broward Regional Park Stadium Turf Ground,1,6.7,St Kitts and Nevis Patriots,Guyana Amazon Warriors,CH Gayle,Mohammad Hafeez,RR Emrit,1,0,,,,,,,,,
1094675,2017,2017-08-06,Central Broward Regional Park Stadium Turf Ground,1,7.1,St Kitts and Nevis Patriots,Guyana Amazon Warriors,CH Gayle,Mohammad Hafeez,Rashid Khan,1,0,,,,,,,,,
1094675,2017,2017-08-06,Central Broward Regional Park Stadium Turf Ground,1,7.2,St Kitts and Nevis Patriots,Guyana Amazon Warriors,Mohammad Hafeez,CH Gayle,Rashid Khan,0,0,,,,,,,,,
1094675,2017,2017-08-06,Central Broward Regional Park Stadium Turf Ground,1,7.3,St Kitts and Nevis Patriots,Guyana Amazon Warriors,Mohammad Hafeez,CH Gayle,Rashid Khan,1,0,,,,,,run out,Mohammad Hafeez,,
1094675,2017,2017-08-06,Central Broward Regional Park Stadium Turf Ground,1,7.4,St Kitts and Nevis Patriots,Guyana Amazon Warriors,BA King,CH Gayle,Rashid Khan,1,0,,,,,,,,,
1094675,2017,2017-08-06,Central Broward Regional Park Stadium Turf Ground,1,7.5,St Kitts and Nevis Patriots,Guyana Amazon Warriors,CH Gayle,BA King,Rashid Khan,0,0,,,,,,,,,
1094675,2017,2017-08-06,Central Broward Regional Park Stadium Turf Ground,1,7.6,St Kitts and Nevis Patriots,Guyana Amazon Warriors,CH Gayle,BA King,Rashid Khan,0,0,,,,,,,,,
1094675,2017,2017-08-06,Central Broward Regional Park Stadium Turf Ground,1,8.1,St Kitts and Nevis Patriots,Guyana Amazon Warriors,BA King,CH Gayle,KMA Paul,0,0,,,,,,,,,
1094675,2017,2017-08-06,Central Broward Regional Park Stadium Turf Ground,1,8.2,St Kitts and Nevis Patriots,Guyana Amazon Warriors,BA King,CH Gayle,KMA Paul,0,0,,,,,,,,,
1094675,2017,2017-08-06,Central Broward Regional Park Stadium Turf Ground,1,8.3,St Kitts and Nevis Patriots,Guyana Amazon Warriors,BA King,CH Gayle,KMA Paul,1,0,,,,,,,,,
1094675,2017,2017-08-06,Central Broward Regional Park Stadium Turf Ground,1,8.4,St Kitts and Nevis Patriots,Guyana Amazon Warriors,CH Gayle,BA King,KMA Paul,1,0,,,,,,,,,
1094675,2017,2017-08-06,Central Broward Regional Park Stadium Turf Ground,1,8.5,St Kitts and Nevis Patriots,Guyana Amazon Warriors,BA King,CH Gayle,KMA Paul,0,1,1,,,,,,,,
1094675,2017,2017-08-06,Central Broward Regional Park Stadium Turf Ground,1,8.6,St Kitts and Nevis Patriots,Guyana Amazon Warriors,BA King,CH Gayle,KMA Paul,0,0,,,,,,,,,
1094675,2017,2017-08-06,Central Broward Regional Park Stadium Turf Ground,1,8.7,St Kitts and Nevis Patriots,Guyana Amazon Warriors,BA King,CH Gayle,KMA Paul,1,0,,,,,,,,,
1094675,2017,2017-08-06,Central Broward Regional Park Stadium Turf Ground,1,9.1,St Kitts and Nevis Patriots,Guyana Amazon Warriors,BA King,CH Gayle,SA Jacobs,0,0,,,,,,,,,
1094675,2017,2017-08-06,Central Broward Regional Park Stadium Turf Ground,1,9.2,St Kitts and Nevis Patriots,Guyana Amazon Warriors,BA King,CH Gayle,SA Jacobs,0,1,,,,1,,,,,
1094675,2017,2017-08-06,Central Broward Regional Park Stadium Turf Ground,1,9.3,St Kitts and Nevis Patriots,Guyana Amazon Warriors,CH Gayle,BA King,SA Jacobs,0,0,,,,,,,,,
1094675,2017,2017-08-06,Central Broward Regional Park Stadium Turf Ground,1,9.4,St Kitts and Nevis Patriots,Guyana Amazon Warriors,CH Gayle,BA King,SA Jacobs,1,0,,,,,,,,,
1094675,2017,2017-08-06,Central Broward Regional Park Stadium Turf Ground,1,9.5,St Kitts and Nevis Patriots,Guyana Amazon Warriors,BA King,CH Gayle,SA Jacobs,4,0,,,,,,,,,
1094675,2017,2017-08-06,Central Broward Regional Park Stadium Turf Ground,1,9.6,St Kitts and Nevis Patriots,Guyana Amazon Warriors,BA King,CH Gayle,SA Jacobs,1,0,,,,,,,,,
1094675,2017,2017-08-06,Central Broward Regional Park Stadium Turf Ground,1,10.1,St Kitts and Nevis Patriots,Guyana Amazon Warriors,BA King,CH Gayle,KMA Paul,1,0,,,,,,,,,
1094675,2017,2017-08-06,Central Broward Regional Park Stadium Turf Ground,1,10.2,St Kitts and Nevis Patriots,Guyana Amazon Warriors,CH Gayle,BA King,KMA Paul,0,0,,,,,,,,,
1094675,2017,2017-08-06,Central Broward Regional Park Stadium Turf Ground,1,10.3,St Kitts and Nevis Patriots,Guyana Amazon Warriors,CH Gayle,BA King,KMA Paul,1,0,,,,,,,,,
1094675,2017,2017-08-06,Central Broward Regional Park Stadium Turf Ground,1,10.4,St Kitts and Nevis Patriots,Guyana Amazon Warriors,BA King,CH Gayle,KMA Paul,0,0,,,,,,,,,
1094675,2017,2017-08-06,Central Broward Regional Park Stadium Turf Ground,1,10.5,St Kitts and Nevis Patriots,Guyana Amazon Warriors,BA King,CH Gayle,KMA Paul,1,0,,,,,,,,,
1094675,2017,2017-08-06,Central Broward Regional Park Stadium Turf Ground,1,10.6,St Kitts and Nevis Patriots,Guyana Amazon Warriors,CH Gayle,BA King,KMA Paul,1,0,,,,,,,,,
1094675,2017,2017-08-06,Central Broward Regional Park Stadium Turf Ground,1,11.1,St Kitts and Nevis Patriots,Guyana Amazon Warriors,CH Gayle,BA King,Rashid Khan,6,0,,,,,,,,,
1094675,2017,2017-08-06,Central Broward Regional Park Stadium Turf Ground,1,11.2,St Kitts and Nevis Patriots,Guyana Amazon Warriors,CH Gayle,BA King,Rashid Khan,1,0,,,,,,,,,
1094675,2017,2017-08-06,Central Broward Regional Park Stadium Turf Ground,1,11.3,St Kitts and Nevis Patriots,Guyana Amazon Warriors,BA King,CH Gayle,Rashid Khan,0,0,,,,,,,,,
1094675,2017,2017-08-06,Central Broward Regional Park Stadium Turf Ground,1,11.4,St Kitts and Nevis Patriots,Guyana Amazon Warriors,BA King,CH Gayle,Rashid Khan,4,0,,,,,,,,,
1094675,2017,2017-08-06,Central Broward Regional Park Stadium Turf Ground,1,11.5,St Kitts and Nevis Patriots,Guyana Amazon Warriors,BA King,CH Gayle,Rashid Khan,1,0,,,,,,,,,
1094675,2017,2017-08-06,Central Broward Regional Park Stadium Turf Ground,1,11.6,St Kitts and Nevis Patriots,Guyana Amazon Warriors,CH Gayle,BA King,Rashid Khan,1,0,,,,,,,,,
1094675,2017,2017-08-06,Central Broward Regional Park Stadium Turf Ground,1,12.1,St Kitts and Nevis Patriots,Guyana Amazon Warriors,CH Gayle,BA King,KMA Paul,1,0,,,,,,,,,
1094675,2017,2017-08-06,Central Broward Regional Park Stadium Turf Ground,1,12.2,St Kitts and Nevis Patriots,Guyana Amazon Warriors,BA King,CH Gayle,KMA Paul,0,1,1,,,,,,,,
1094675,2017,2017-08-06,Central Broward Regional Park Stadium Turf Ground,1,12.3,St Kitts and Nevis Patriots,Guyana Amazon Warriors,BA King,CH Gayle,KMA Paul,1,0,,,,,,,,,
1094675,2017,2017-08-06,Central Broward Regional Park Stadium Turf Ground,1,12.4,St Kitts and Nevis Patriots,Guyana Amazon Warriors,CH Gayle,BA King,KMA Paul,0,0,,,,,,,,,
1094675,2017,2017-08-06,Central Broward Regional Park Stadium Turf Ground,1,12.5,St Kitts and Nevis Patriots,Guyana Amazon Warriors,CH Gayle,BA King,KMA Paul,0,1,,,,1,,,,,
1094675,2017,2017-08-06,Central Broward Regional Park Stadium Turf Ground,1,12.6,St Kitts and Nevis Patriots,Guyana Amazon Warriors,BA King,CH Gayle,KMA Paul,1,0,,,,,,,,,
1094675,2017,2017-08-06,Central Broward Regional Park Stadium Turf Ground,1,12.7,St Kitts and Nevis Patriots,Guyana Amazon Warriors,CH Gayle,BA King,KMA Paul,2,0,,,,,,,,,
1094675,2017,2017-08-06,Central Broward Regional Park Stadium Turf Ground,1,13.1,St Kitts and Nevis Patriots,Guyana Amazon Warriors,BA King,CH Gayle,Rashid Khan,1,0,,,,,,,,,
1094675,2017,2017-08-06,Central Broward Regional Park Stadium Turf Ground,1,13.2,St Kitts and Nevis Patriots,Guyana Amazon Warriors,CH Gayle,BA King,Rashid Khan,0,1,1,,,,,,,,
1094675,2017,2017-08-06,Central Broward Regional Park Stadium Turf Ground,1,13.3,St Kitts and Nevis Patriots,Guyana Amazon Warriors,CH Gayle,BA King,Rashid Khan,6,0,,,,,,,,,
1094675,2017,2017-08-06,Central Broward Regional Park Stadium Turf Ground,1,13.4,St Kitts and Nevis Patriots,Guyana Amazon Warriors,CH Gayle,BA King,Rashid Khan,0,0,,,,,,,,,
1094675,2017,2017-08-06,Central Broward Regional Park Stadium Turf Ground,1,13.5,St Kitts and Nevis Patriots,Guyana Amazon Warriors,CH Gayle,BA King,Rashid Khan,1,0,,,,,,,,,
1094675,2017,2017-08-06,Central Broward Regional Park Stadium Turf Ground,1,13.6,St Kitts and Nevis Patriots,Guyana Amazon Warriors,BA King,CH Gayle,Rashid Khan,1,0,,,,,,,,,
1094675,2017,2017-08-06,Central Broward Regional Park Stadium Turf Ground,1,13.7,St Kitts and Nevis Patriots,Guyana Amazon Warriors,CH Gayle,BA King,Rashid Khan,0,0,,,,,,,,,
1094675,2017,2017-08-06,Central Broward Regional Park Stadium Turf Ground,1,14.1,St Kitts and Nevis Patriots,Guyana Amazon Warriors,BA King,CH Gayle,KMA Paul,0,0,,,,,,,,,
1094675,2017,2017-08-06,Central Broward Regional Park Stadium Turf Ground,1,14.2,St Kitts and Nevis Patriots,Guyana Amazon Warriors,BA King,CH Gayle,KMA Paul,1,0,,,,,,,,,
1094675,2017,2017-08-06,Central Broward Regional Park Stadium Turf Ground,1,14.3,St Kitts and Nevis Patriots,Guyana Amazon Warriors,CH Gayle,BA King,KMA Paul,1,0,,,,,,,,,
1094675,2017,2017-08-06,Central Broward Regional Park Stadium Turf Ground,1,14.4,St Kitts and Nevis Patriots,Guyana Amazon Warriors,BA King,CH Gayle,KMA Paul,0,0,,,,,,,,,
1094675,2017,2017-08-06,Central Broward Regional Park Stadium Turf Ground,1,14.5,St Kitts and Nevis Patriots,Guyana Amazon Warriors,BA King,CH Gayle,KMA Paul,1,0,,,,,,,,,
1094675,2017,2017-08-06,Central Broward Regional Park Stadium Turf Ground,1,14.6,St Kitts and Nevis Patriots,Guyana Amazon Warriors,CH Gayle,BA King,KMA Paul,1,0,,,,,,,,,
1094675,2017,2017-08-06,Central Broward Regional Park Stadium Turf Ground,1,15.1,St Kitts and Nevis Patriots,Guyana Amazon Warriors,CH Gayle,BA King,RR Emrit,1,0,,,,,,,,,
1094675,2017,2017-08-06,Central Broward Regional Park Stadium Turf Ground,1,15.2,St Kitts and Nevis Patriots,Guyana Amazon Warriors,BA King,CH Gayle,RR Emrit,0,0,,,,,,,,,
1094675,2017,2017-08-06,Central Broward Regional Park Stadium Turf Ground,1,15.3,St Kitts and Nevis Patriots,Guyana Amazon Warriors,BA King,CH Gayle,RR Emrit,0,0,,,,,,,,,
1094675,2017,2017-08-06,Central Broward Regional Park Stadium Turf Ground,1,15.4,St Kitts and Nevis Patriots,Guyana Amazon Warriors,BA King,CH Gayle,RR Emrit,1,0,,,,,,,,,
1094675,2017,2017-08-06,Central Broward Regional Park Stadium Turf Ground,1,15.5,St Kitts and Nevis Patriots,Guyana Amazon Warriors,CH Gayle,BA King,RR Emrit,1,0,,,,,,,,,
1094675,2017,2017-08-06,Central Broward Regional Park Stadium Turf Ground,1,15.6,St Kitts and Nevis Patriots,Guyana Amazon Warriors,BA King,CH Gayle,RR Emrit,0,1,1,,,,,,,,
1094675,2017,2017-08-06,Central Broward Regional Park Stadium Turf Ground,1,15.7,St Kitts and Nevis Patriots,Guyana Amazon Warriors,BA King,CH Gayle,RR Emrit,6,0,,,,,,,,,
1094675,2017,2017-08-06,Central Broward Regional Park Stadium Turf Ground,1,16.1,St Kitts and Nevis Patriots,Guyana Amazon Warriors,CH Gayle,BA King,Sohail Tanvir,1,0,,,,,,,,,
1094675,2017,2017-08-06,Central Broward Regional Park Stadium Turf Ground,1,16.2,St Kitts and Nevis Patriots,Guyana Amazon Warriors,BA King,CH Gayle,Sohail Tanvir,1,0,,,,,,,,,
1094675,2017,2017-08-06,Central Broward Regional Park Stadium Turf Ground,1,16.3,St Kitts and Nevis Patriots,Guyana Amazon Warriors,CH Gayle,BA King,Sohail Tanvir,4,0,,,,,,,,,
1094675,2017,2017-08-06,Central Broward Regional Park Stadium Turf Ground,1,16.4,St Kitts and Nevis Patriots,Guyana Amazon Warriors,CH Gayle,BA King,Sohail Tanvir,2,0,,,,,,,,,
1094675,2017,2017-08-06,Central Broward Regional Park Stadium Turf Ground,1,16.5,St Kitts and Nevis Patriots,Guyana Amazon Warriors,CH Gayle,BA King,Sohail Tanvir,4,0,,,,,,,,,
1094675,2017,2017-08-06,Central Broward Regional Park Stadium Turf Ground,1,16.6,St Kitts and Nevis Patriots,Guyana Amazon Warriors,CH Gayle,BA King,Sohail Tanvir,1,0,,,,,,,,,
1094675,2017,2017-08-06,Central Broward Regional Park Stadium Turf Ground,1,17.1,St Kitts and Nevis Patriots,Guyana Amazon Warriors,CH Gayle,BA King,Rashid Khan,1,0,,,,,,,,,
1094675,2017,2017-08-06,Central Broward Regional Park Stadium Turf Ground,1,17.2,St Kitts and Nevis Patriots,Guyana Amazon Warriors,BA King,CH Gayle,Rashid Khan,6,0,,,,,,,,,
1094675,2017,2017-08-06,Central Broward Regional Park Stadium Turf Ground,1,17.3,St Kitts and Nevis Patriots,Guyana Amazon Warriors,BA King,CH Gayle,Rashid Khan,0,0,,,,,,,,,
1094675,2017,2017-08-06,Central Broward Regional Park Stadium Turf Ground,1,17.4,St Kitts and Nevis Patriots,Guyana Amazon Warriors,BA King,CH Gayle,Rashid Khan,1,0,,,,,,,,,
1094675,2017,2017-08-06,Central Broward Regional Park Stadium Turf Ground,1,17.5,St Kitts and Nevis Patriots,Guyana Amazon Warriors,CH Gayle,BA King,Rashid Khan,1,0,,,,,,,,,
1094675,2017,2017-08-06,Central Broward Regional Park Stadium Turf Ground,1,17.6,St Kitts and Nevis Patriots,Guyana Amazon Warriors,BA King,CH Gayle,Rashid Khan,1,0,,,,,,,,,
1094675,2017,2017-08-06,Central Broward Regional Park Stadium Turf Ground,1,18.1,St Kitts and Nevis Patriots,Guyana Amazon Warriors,BA King,CH Gayle,Sohail Tanvir,1,0,,,,,,,,,
1094675,2017,2017-08-06,Central Broward Regional Park Stadium Turf Ground,1,18.2,St Kitts and Nevis Patriots,Guyana Amazon Warriors,CH Gayle,BA King,Sohail Tanvir,2,0,,,,,,,,,
1094675,2017,2017-08-06,Central Broward Regional Park Stadium Turf Ground,1,18.3,St Kitts and Nevis Patriots,Guyana Amazon Warriors,CH Gayle,BA King,Sohail Tanvir,4,0,,,,,,,,,
1094675,2017,2017-08-06,Central Broward Regional Park Stadium Turf Ground,1,18.4,St Kitts and Nevis Patriots,Guyana Amazon Warriors,CH Gayle,BA King,Sohail Tanvir,2,0,,,,,,,,,
1094675,2017,2017-08-06,Central Broward Regional Park Stadium Turf Ground,1,18.5,St Kitts and Nevis Patriots,Guyana Amazon Warriors,CH Gayle,BA King,Sohail Tanvir,0,0,,,,,,,,,
1094675,2017,2017-08-06,Central Broward Regional Park Stadium Turf Ground,1,18.6,St Kitts and Nevis Patriots,Guyana Amazon Warriors,CH Gayle,BA King,Sohail Tanvir,1,0,,,,,,,,,
1094675,2017,2017-08-06,Central Broward Regional Park Stadium Turf Ground,1,19.1,St Kitts and Nevis Patriots,Guyana Amazon Warriors,CH Gayle,BA King,RR Emrit,1,0,,,,,,,,,
1094675,2017,2017-08-06,Central Broward Regional Park Stadium Turf Ground,1,19.2,St Kitts and Nevis Patriots,Guyana Amazon Warriors,BA King,CH Gayle,RR Emrit,1,0,,,,,,,,,
1094675,2017,2017-08-06,Central Broward Regional Park Stadium Turf Ground,1,19.3,St Kitts and Nevis Patriots,Guyana Amazon Warriors,CH Gayle,BA King,RR Emrit,2,0,,,,,,,,,
1094675,2017,2017-08-06,Central Broward Regional Park Stadium Turf Ground,1,19.4,St Kitts and Nevis Patriots,Guyana Amazon Warriors,CH Gayle,BA King,RR Emrit,0,0,,,,,,,,,
1094675,2017,2017-08-06,Central Broward Regional Park Stadium Turf Ground,1,19.5,St Kitts and Nevis Patriots,Guyana Amazon Warriors,CH Gayle,BA King,RR Emrit,0,0,,,,,,run out,BA King,,
1094675,2017,2017-08-06,Central Broward Regional Park Stadium Turf Ground,1,19.6,St Kitts and Nevis Patriots,Guyana Amazon Warriors,CR Brathwaite,CH Gayle,RR Emrit,2,0,,,,,,,,,
1094675,2017,2017-08-06,Central Broward Regional Park Stadium Turf Ground,2,0.1,Guyana Amazon Warriors,St Kitts and Nevis Patriots,CAK Walton,Steven Ryan Taylor,SS Cottrell,0,0,,,,,,,,,
1094675,2017,2017-08-06,Central Broward Regional Park Stadium Turf Ground,2,0.2,Guyana Amazon Warriors,St Kitts and Nevis Patriots,CAK Walton,Steven Ryan Taylor,SS Cottrell,2,0,,,,,,,,,
1094675,2017,2017-08-06,Central Broward Regional Park Stadium Turf Ground,2,0.3,Guyana Amazon Warriors,St Kitts and Nevis Patriots,CAK Walton,Steven Ryan Taylor,SS Cottrell,2,0,,,,,,,,,
1094675,2017,2017-08-06,Central Broward Regional Park Stadium Turf Ground,2,0.4,Guyana Amazon Warriors,St Kitts and Nevis Patriots,CAK Walton,Steven Ryan Taylor,SS Cottrell,0,0,,,,,,,,,
1094675,2017,2017-08-06,Central Broward Regional Park Stadium Turf Ground,2,0.5,Guyana Amazon Warriors,St Kitts and Nevis Patriots,CAK Walton,Steven Ryan Taylor,SS Cottrell,0,0,,,,,,,,,
1094675,2017,2017-08-06,Central Broward Regional Park Stadium Turf Ground,2,0.6,Guyana Amazon Warriors,St Kitts and Nevis Patriots,CAK Walton,Steven Ryan Taylor,SS Cottrell,1,0,,,,,,,,,
1094675,2017,2017-08-06,Central Broward Regional Park Stadium Turf Ground,2,1.1,Guyana Amazon Warriors,St Kitts and Nevis Patriots,CAK Walton,Steven Ryan Taylor,S Badree,0,0,,,,,,,,,
1094675,2017,2017-08-06,Central Broward Regional Park Stadium Turf Ground,2,1.2,Guyana Amazon Warriors,St Kitts and Nevis Patriots,CAK Walton,Steven Ryan Taylor,S Badree,1,0,,,,,,,,,
1094675,2017,2017-08-06,Central Broward Regional Park Stadium Turf Ground,2,1.3,Guyana Amazon Warriors,St Kitts and Nevis Patriots,Steven Ryan Taylor,CAK Walton,S Badree,2,0,,,,,,,,,
1094675,2017,2017-08-06,Central Broward Regional Park Stadium Turf Ground,2,1.4,Guyana Amazon Warriors,St Kitts and Nevis Patriots,Steven Ryan Taylor,CAK Walton,S Badree,0,0,,,,,,,,,
1094675,2017,2017-08-06,Central Broward Regional Park Stadium Turf Ground,2,1.5,Guyana Amazon Warriors,St Kitts and Nevis Patriots,Steven Ryan Taylor,CAK Walton,S Badree,0,0,,,,,,,,,
1094675,2017,2017-08-06,Central Broward Regional Park Stadium Turf Ground,2,1.6,Guyana Amazon Warriors,St Kitts and Nevis Patriots,Steven Ryan Taylor,CAK Walton,S Badree,0,0,,,,,,,,,
1094675,2017,2017-08-06,Central Broward Regional Park Stadium Turf Ground,2,2.1,Guyana Amazon Warriors,St Kitts and Nevis Patriots,CAK Walton,Steven Ryan Taylor,SS Cottrell,0,0,,,,,,,,,
1094675,2017,2017-08-06,Central Broward Regional Park Stadium Turf Ground,2,2.2,Guyana Amazon Warriors,St Kitts and Nevis Patriots,CAK Walton,Steven Ryan Taylor,SS Cottrell,4,0,,,,,,,,,
1094675,2017,2017-08-06,Central Broward Regional Park Stadium Turf Ground,2,2.3,Guyana Amazon Warriors,St Kitts and Nevis Patriots,CAK Walton,Steven Ryan Taylor,SS Cottrell,0,0,,,,,,caught,CAK Walton,,
1094675,2017,2017-08-06,Central Broward Regional Park Stadium Turf Ground,2,2.4,Guyana Amazon Warriors,St Kitts and Nevis Patriots,Babar Azam,Steven Ryan Taylor,SS Cottrell,0,0,,,,,,,,,
1094675,2017,2017-08-06,Central Broward Regional Park Stadium Turf Ground,2,2.5,Guyana Amazon Warriors,St Kitts and Nevis Patriots,Babar Azam,Steven Ryan Taylor,SS Cottrell,0,0,,,,,,,,,
1094675,2017,2017-08-06,Central Broward Regional Park Stadium Turf Ground,2,2.6,Guyana Amazon Warriors,St Kitts and Nevis Patriots,Babar Azam,Steven Ryan Taylor,SS Cottrell,0,0,,,,,,,,,
1094675,2017,2017-08-06,Central Broward Regional Park Stadium Turf Ground,2,3.1,Guyana Amazon Warriors,St Kitts and Nevis Patriots,Steven Ryan Taylor,Babar Azam,S Badree,0,0,,,,,,,,,
1094675,2017,2017-08-06,Central Broward Regional Park Stadium Turf Ground,2,3.2,Guyana Amazon Warriors,St Kitts and Nevis Patriots,Steven Ryan Taylor,Babar Azam,S Badree,0,0,,,,,,,,,
1094675,2017,2017-08-06,Central Broward Regional Park Stadium Turf Ground,2,3.3,Guyana Amazon Warriors,St Kitts and Nevis Patriots,Steven Ryan Taylor,Babar Azam,S Badree,0,0,,,,,,stumped,Steven Ryan Taylor,,
1094675,2017,2017-08-06,Central Broward Regional Park Stadium Turf Ground,2,3.4,Guyana Amazon Warriors,St Kitts and Nevis Patriots,JN Mohammed,Babar Azam,S Badree,0,0,,,,,,,,,
1094675,2017,2017-08-06,Central Broward Regional Park Stadium Turf Ground,2,3.5,Guyana Amazon Warriors,St Kitts and Nevis Patriots,JN Mohammed,Babar Azam,S Badree,0,0,,,,,,,,,
1094675,2017,2017-08-06,Central Broward Regional Park Stadium Turf Ground,2,3.6,Guyana Amazon Warriors,St Kitts and Nevis Patriots,JN Mohammed,Babar Azam,S Badree,2,0,,,,,,,,,
1094675,2017,2017-08-06,Central Broward Regional Park Stadium Turf Ground,2,4.1,Guyana Amazon Warriors,St Kitts and Nevis Patriots,Babar Azam,JN Mohammed,Hasan Ali,2,0,,,,,,,,,
1094675,2017,2017-08-06,Central Broward Regional Park Stadium Turf Ground,2,4.2,Guyana Amazon Warriors,St Kitts and Nevis Patriots,Babar Azam,JN Mohammed,Hasan Ali,0,0,,,,,,,,,
1094675,2017,2017-08-06,Central Broward Regional Park Stadium Turf Ground,2,4.3,Guyana Amazon Warriors,St Kitts and Nevis Patriots,Babar Azam,JN Mohammed,Hasan Ali,1,0,,,,,,,,,
1094675,2017,2017-08-06,Central Broward Regional Park Stadium Turf Ground,2,4.4,Guyana Amazon Warriors,St Kitts and Nevis Patriots,JN Mohammed,Babar Azam,Hasan Ali,0,0,,,,,,,,,
1094675,2017,2017-08-06,Central Broward Regional Park Stadium Turf Ground,2,4.5,Guyana Amazon Warriors,St Kitts and Nevis Patriots,JN Mohammed,Babar Azam,Hasan Ali,0,0,,,,,,,,,
1094675,2017,2017-08-06,Central Broward Regional Park Stadium Turf Ground,2,4.6,Guyana Amazon Warriors,St Kitts and Nevis Patriots,JN Mohammed,Babar Azam,Hasan Ali,1,0,,,,,,,,,
1094675,2017,2017-08-06,Central Broward Regional Park Stadium Turf Ground,2,5.1,Guyana Amazon Warriors,St Kitts and Nevis Patriots,JN Mohammed,Babar Azam,S Badree,0,5,5,,,,,,,,
1094675,2017,2017-08-06,Central Broward Regional Park Stadium Turf Ground,2,5.2,Guyana Amazon Warriors,St Kitts and Nevis Patriots,JN Mohammed,Babar Azam,S Badree,0,0,,,,,,,,,
1094675,2017,2017-08-06,Central Broward Regional Park Stadium Turf Ground,2,5.3,Guyana Amazon Warriors,St Kitts and Nevis Patriots,JN Mohammed,Babar Azam,S Badree,0,0,,,,,,,,,
1094675,2017,2017-08-06,Central Broward Regional Park Stadium Turf Ground,2,5.4,Guyana Amazon Warriors,St Kitts and Nevis Patriots,JN Mohammed,Babar Azam,S Badree,4,0,,,,,,,,,
1094675,2017,2017-08-06,Central Broward Regional Park Stadium Turf Ground,2,5.5,Guyana Amazon Warriors,St Kitts and Nevis Patriots,JN Mohammed,Babar Azam,S Badree,0,0,,,,,,,,,
1094675,2017,2017-08-06,Central Broward Regional Park Stadium Turf Ground,2,5.6,Guyana Amazon Warriors,St Kitts and Nevis Patriots,JN Mohammed,Babar Azam,S Badree,1,0,,,,,,,,,
1094675,2017,2017-08-06,Central Broward Regional Park Stadium Turf Ground,2,5.7,Guyana Amazon Warriors,St Kitts and Nevis Patriots,Babar Azam,JN Mohammed,S Badree,0,0,,,,,,,,,
1094675,2017,2017-08-06,Central Broward Regional Park Stadium Turf Ground,2,6.1,Guyana Amazon Warriors,St Kitts and Nevis Patriots,JN Mohammed,Babar Azam,CR Brathwaite,1,0,,,,,,,,,
1094675,2017,2017-08-06,Central Broward Regional Park Stadium Turf Ground,2,6.2,Guyana Amazon Warriors,St Kitts and Nevis Patriots,Babar Azam,JN Mohammed,CR Brathwaite,4,0,,,,,,,,,
1094675,2017,2017-08-06,Central Broward Regional Park Stadium Turf Ground,2,6.3,Guyana Amazon Warriors,St Kitts and Nevis Patriots,Babar Azam,JN Mohammed,CR Brathwaite,1,0,,,,,,,,,
1094675,2017,2017-08-06,Central Broward Regional Park Stadium Turf Ground,2,6.4,Guyana Amazon Warriors,St Kitts and Nevis Patriots,JN Mohammed,Babar Azam,CR Brathwaite,1,0,,,,,,,,,
1094675,2017,2017-08-06,Central Broward Regional Park Stadium Turf Ground,2,6.5,Guyana Amazon Warriors,St Kitts and Nevis Patriots,Babar Azam,JN Mohammed,CR Brathwaite,1,0,,,,,,,,,
1094675,2017,2017-08-06,Central Broward Regional Park Stadium Turf Ground,2,6.6,Guyana Amazon Warriors,St Kitts and Nevis Patriots,JN Mohammed,Babar Azam,CR Brathwaite,1,0,,,,,,,,,
1094675,2017,2017-08-06,Central Broward Regional Park Stadium Turf Ground,2,7.1,Guyana Amazon Warriors,St Kitts and Nevis Patriots,JN Mohammed,Babar Azam,Mohammad Nabi,1,0,,,,,,,,,
1094675,2017,2017-08-06,Central Broward Regional Park Stadium Turf Ground,2,7.2,Guyana Amazon Warriors,St Kitts and Nevis Patriots,Babar Azam,JN Mohammed,Mohammad Nabi,1,0,,,,,,,,,
1094675,2017,2017-08-06,Central Broward Regional Park Stadium Turf Ground,2,7.3,Guyana Amazon Warriors,St Kitts and Nevis Patriots,JN Mohammed,Babar Azam,Mohammad Nabi,0,0,,,,,,,,,
1094675,2017,2017-08-06,Central Broward Regional Park Stadium Turf Ground,2,7.4,Guyana Amazon Warriors,St Kitts and Nevis Patriots,JN Mohammed,Babar Azam,Mohammad Nabi,0,0,,,,,,,,,
1094675,2017,2017-08-06,Central Broward Regional Park Stadium Turf Ground,2,7.5,Guyana Amazon Warriors,St Kitts and Nevis Patriots,JN Mohammed,Babar Azam,Mohammad Nabi,0,0,,,,,,,,,
1094675,2017,2017-08-06,Central Broward Regional Park Stadium Turf Ground,2,7.6,Guyana Amazon Warriors,St Kitts and Nevis Patriots,JN Mohammed,Babar Azam,Mohammad Nabi,0,0,,,,,,,,,
1094675,2017,2017-08-06,Central Broward Regional Park Stadium Turf Ground,2,8.1,Guyana Amazon Warriors,St Kitts and Nevis Patriots,Babar Azam,JN Mohammed,CR Brathwaite,6,0,,,,,,,,,
1094675,2017,2017-08-06,Central Broward Regional Park Stadium Turf Ground,2,8.2,Guyana Amazon Warriors,St Kitts and Nevis Patriots,Babar Azam,JN Mohammed,CR Brathwaite,1,0,,,,,,,,,
1094675,2017,2017-08-06,Central Broward Regional Park Stadium Turf Ground,2,8.3,Guyana Amazon Warriors,St Kitts and Nevis Patriots,JN Mohammed,Babar Azam,CR Brathwaite,0,0,,,,,,,,,
1094675,2017,2017-08-06,Central Broward Regional Park Stadium Turf Ground,2,8.4,Guyana Amazon Warriors,St Kitts and Nevis Patriots,JN Mohammed,Babar Azam,CR Brathwaite,2,0,,,,,,,,,
1094675,2017,2017-08-06,Central Broward Regional Park Stadium Turf Ground,2,8.5,Guyana Amazon Warriors,St Kitts and Nevis Patriots,JN Mohammed,Babar Azam,CR Brathwaite,0,1,1,,,,,,,,
1094675,2017,2017-08-06,Central Broward Regional Park Stadium Turf Ground,2,8.6,Guyana Amazon Warriors,St Kitts and Nevis Patriots,JN Mohammed,Babar Azam,CR Brathwaite,6,0,,,,,,,,,
1094675,2017,2017-08-06,Central Broward Regional Park Stadium Turf Ground,2,8.7,Guyana Amazon Warriors,St Kitts and Nevis Patriots,JN Mohammed,Babar Azam,CR Brathwaite,2,0,,,,,,,,,
1094675,2017,2017-08-06,Central Broward Regional Park Stadium Turf Ground,2,9.1,Guyana Amazon Warriors,St Kitts and Nevis Patriots,Babar Azam,JN Mohammed,Mohammad Nabi,1,0,,,,,,,,,
1094675,2017,2017-08-06,Central Broward Regional Park Stadium Turf Ground,2,9.2,Guyana Amazon Warriors,St Kitts and Nevis Patriots,JN Mohammed,Babar Azam,Mohammad Nabi,1,0,,,,,,,,,
1094675,2017,2017-08-06,Central Broward Regional Park Stadium Turf Ground,2,9.3,Guyana Amazon Warriors,St Kitts and Nevis Patriots,Babar Azam,JN Mohammed,Mohammad Nabi,1,0,,,,,,,,,
1094675,2017,2017-08-06,Central Broward Regional Park Stadium Turf Ground,2,9.4,Guyana Amazon Warriors,St Kitts and Nevis Patriots,JN Mohammed,Babar Azam,Mohammad Nabi,1,0,,,,,,,,,
1094675,2017,2017-08-06,Central Broward Regional Park Stadium Turf Ground,2,9.5,Guyana Amazon Warriors,St Kitts and Nevis Patriots,Babar Azam,JN Mohammed,Mohammad Nabi,1,0,,,,,,,,,
1094675,2017,2017-08-06,Central Broward Regional Park Stadium Turf Ground,2,9.6,Guyana Amazon Warriors,St Kitts and Nevis Patriots,JN Mohammed,Babar Azam,Mohammad Nabi,1,0,,,,,,,,,
1094675,2017,2017-08-06,Central Broward Regional Park Stadium Turf Ground,2,10.1,Guyana Amazon Warriors,St Kitts and Nevis Patriots,JN Mohammed,Babar Azam,Hasan Ali,1,0,,,,,,,,,
1094675,2017,2017-08-06,Central Broward Regional Park Stadium Turf Ground,2,10.2,Guyana Amazon Warriors,St Kitts and Nevis Patriots,Babar Azam,JN Mohammed,Hasan Ali,1,0,,,,,,,,,
1094675,2017,2017-08-06,Central Broward Regional Park Stadium Turf Ground,2,10.3,Guyana Amazon Warriors,St Kitts and Nevis Patriots,JN Mohammed,Babar Azam,Hasan Ali,0,0,,,,,,,,,
1094675,2017,2017-08-06,Central Broward Regional Park Stadium Turf Ground,2,10.4,Guyana Amazon Warriors,St Kitts and Nevis Patriots,JN Mohammed,Babar Azam,Hasan Ali,1,0,,,,,,,,,
1094675,2017,2017-08-06,Central Broward Regional Park Stadium Turf Ground,2,10.5,Guyana Amazon Warriors,St Kitts and Nevis Patriots,Babar Azam,JN Mohammed,Hasan Ali,0,0,,,,,,,,,
1094675,2017,2017-08-06,Central Broward Regional Park Stadium Turf Ground,2,10.6,Guyana Amazon Warriors,St Kitts and Nevis Patriots,Babar Azam,JN Mohammed,Hasan Ali,0,0,,,,,,,,,
1094675,2017,2017-08-06,Central Broward Regional Park Stadium Turf Ground,2,11.1,Guyana Amazon Warriors,St Kitts and Nevis Patriots,JN Mohammed,Babar Azam,Mohammad Nabi,1,0,,,,,,,,,
1094675,2017,2017-08-06,Central Broward Regional Park Stadium Turf Ground,2,11.2,Guyana Amazon Warriors,St Kitts and Nevis Patriots,Babar Azam,JN Mohammed,Mohammad Nabi,0,0,,,,,,caught,Babar Azam,,
1094675,2017,2017-08-06,Central Broward Regional Park Stadium Turf Ground,2,11.3,Guyana Amazon Warriors,St Kitts and Nevis Patriots,G Singh,JN Mohammed,Mohammad Nabi,0,0,,,,,,,,,
1094675,2017,2017-08-06,Central Broward Regional Park Stadium Turf Ground,2,11.4,Guyana Amazon Warriors,St Kitts and Nevis Patriots,G Singh,JN Mohammed,Mohammad Nabi,0,0,,,,,,,,,
1094675,2017,2017-08-06,Central Broward Regional Park Stadium Turf Ground,2,11.5,Guyana Amazon Warriors,St Kitts and Nevis Patriots,G Singh,JN Mohammed,Mohammad Nabi,0,0,,,,,,,,,
1094675,2017,2017-08-06,Central Broward Regional Park Stadium Turf Ground,2,11.6,Guyana Amazon Warriors,St Kitts and Nevis Patriots,G Singh,JN Mohammed,Mohammad Nabi,1,0,,,,,,,,,
1094675,2017,2017-08-06,Central Broward Regional Park Stadium Turf Ground,2,12.1,Guyana Amazon Warriors,St Kitts and Nevis Patriots,G Singh,JN Mohammed,SS Cottrell,1,0,,,,,,,,,
1094675,2017,2017-08-06,Central Broward Regional Park Stadium Turf Ground,2,12.2,Guyana Amazon Warriors,St Kitts and Nevis Patriots,JN Mohammed,G Singh,SS Cottrell,1,0,,,,,,,,,
1094675,2017,2017-08-06,Central Broward Regional Park Stadium Turf Ground,2,12.3,Guyana Amazon Warriors,St Kitts and Nevis Patriots,G Singh,JN Mohammed,SS Cottrell,0,0,,,,,,,,,
1094675,2017,2017-08-06,Central Broward Regional Park Stadium Turf Ground,2,12.4,Guyana Amazon Warriors,St Kitts and Nevis Patriots,G Singh,JN Mohammed,SS Cottrell,6,0,,,,,,,,,
1094675,2017,2017-08-06,Central Broward Regional Park Stadium Turf Ground,2,12.5,Guyana Amazon Warriors,St Kitts and Nevis Patriots,G Singh,JN Mohammed,SS Cottrell,1,0,,,,,,,,,
1094675,2017,2017-08-06,Central Broward Regional Park Stadium Turf Ground,2,12.6,Guyana Amazon Warriors,St Kitts and Nevis Patriots,JN Mohammed,G Singh,SS Cottrell,1,0,,,,,,,,,
1094675,2017,2017-08-06,Central Broward Regional Park Stadium Turf Ground,2,13.1,Guyana Amazon Warriors,St Kitts and Nevis Patriots,JN Mohammed,G Singh,Mohammad Nabi,1,0,,,,,,,,,
1094675,2017,2017-08-06,Central Broward Regional Park Stadium Turf Ground,2,13.2,Guyana Amazon Warriors,St Kitts and Nevis Patriots,G Singh,JN Mohammed,Mohammad Nabi,2,0,,,,,,,,,
1094675,2017,2017-08-06,Central Broward Regional Park Stadium Turf Ground,2,13.3,Guyana Amazon Warriors,St Kitts and Nevis Patriots,G Singh,JN Mohammed,Mohammad Nabi,0,0,,,,,,,,,
1094675,2017,2017-08-06,Central Broward Regional Park Stadium Turf Ground,2,13.4,Guyana Amazon Warriors,St Kitts and Nevis Patriots,G Singh,JN Mohammed,Mohammad Nabi,4,0,,,,,,,,,
1094675,2017,2017-08-06,Central Broward Regional Park Stadium Turf Ground,2,13.5,Guyana Amazon Warriors,St Kitts and Nevis Patriots,G Singh,JN Mohammed,Mohammad Nabi,1,0,,,,,,,,,
1094675,2017,2017-08-06,Central Broward Regional Park Stadium Turf Ground,2,13.6,Guyana Amazon Warriors,St Kitts and Nevis Patriots,JN Mohammed,G Singh,Mohammad Nabi,0,0,,,,,,,,,
1094675,2017,2017-08-06,Central Broward Regional Park Stadium Turf Ground,2,14.1,Guyana Amazon Warriors,St Kitts and Nevis Patriots,G Singh,JN Mohammed,CR Brathwaite,0,1,,,,1,,,,,
1094675,2017,2017-08-06,Central Broward Regional Park Stadium Turf Ground,2,14.2,Guyana Amazon Warriors,St Kitts and Nevis Patriots,JN Mohammed,G Singh,CR Brathwaite,0,1,1,,,,,,,,
1094675,2017,2017-08-06,Central Broward Regional Park Stadium Turf Ground,2,14.3,Guyana Amazon Warriors,St Kitts and Nevis Patriots,JN Mohammed,G Singh,CR Brathwaite,1,0,,,,,,,,,
1094675,2017,2017-08-06,Central Broward Regional Park Stadium Turf Ground,2,14.4,Guyana Amazon Warriors,St Kitts and Nevis Patriots,G Singh,JN Mohammed,CR Brathwaite,1,0,,,,,,,,,
1094675,2017,2017-08-06,Central Broward Regional Park Stadium Turf Ground,2,14.5,Guyana Amazon Warriors,St Kitts and Nevis Patriots,JN Mohammed,G Singh,CR Brathwaite,6,0,,,,,,,,,
1094675,2017,2017-08-06,Central Broward Regional Park Stadium Turf Ground,2,14.6,Guyana Amazon Warriors,St Kitts and Nevis Patriots,JN Mohammed,G Singh,CR Brathwaite,1,0,,,,,,,,,
1094675,2017,2017-08-06,Central Broward Regional Park Stadium Turf Ground,2,14.7,Guyana Amazon Warriors,St Kitts and Nevis Patriots,G Singh,JN Mohammed,CR Brathwaite,1,0,,,,,,,,,
1094675,2017,2017-08-06,Central Broward Regional Park Stadium Turf Ground,2,15.1,Guyana Amazon Warriors,St Kitts and Nevis Patriots,G Singh,JN Mohammed,Mohammad Hafeez,0,0,,,,,,,,,
1094675,2017,2017-08-06,Central Broward Regional Park Stadium Turf Ground,2,15.2,Guyana Amazon Warriors,St Kitts and Nevis Patriots,G Singh,JN Mohammed,Mohammad Hafeez,1,0,,,,,,,,,
1094675,2017,2017-08-06,Central Broward Regional Park Stadium Turf Ground,2,15.3,Guyana Amazon Warriors,St Kitts and Nevis Patriots,JN Mohammed,G Singh,Mohammad Hafeez,1,0,,,,,,,,,
1094675,2017,2017-08-06,Central Broward Regional Park Stadium Turf Ground,2,15.4,Guyana Amazon Warriors,St Kitts and Nevis Patriots,G Singh,JN Mohammed,Mohammad Hafeez,1,0,,,,,,,,,
1094675,2017,2017-08-06,Central Broward Regional Park Stadium Turf Ground,2,15.5,Guyana Amazon Warriors,St Kitts and Nevis Patriots,JN Mohammed,G Singh,Mohammad Hafeez,0,0,,,,,,,,,
1094675,2017,2017-08-06,Central Broward Regional Park Stadium Turf Ground,2,15.6,Guyana Amazon Warriors,St Kitts and Nevis Patriots,JN Mohammed,G Singh,Mohammad Hafeez,1,0,,,,,,,,,
1094675,2017,2017-08-06,Central Broward Regional Park Stadium Turf Ground,2,16.1,Guyana Amazon Warriors,St Kitts and Nevis Patriots,JN Mohammed,G Singh,Hasan Ali,0,0,,,,,,caught,JN Mohammed,,
1094675,2017,2017-08-06,Central Broward Regional Park Stadium Turf Ground,2,16.2,Guyana Amazon Warriors,St Kitts and Nevis Patriots,G Singh,KMA Paul,Hasan Ali,1,0,,,,,,,,,
1094675,2017,2017-08-06,Central Broward Regional Park Stadium Turf Ground,2,16.3,Guyana Amazon Warriors,St Kitts and Nevis Patriots,KMA Paul,G Singh,Hasan Ali,2,0,,,,,,,,,
1094675,2017,2017-08-06,Central Broward Regional Park Stadium Turf Ground,2,16.4,Guyana Amazon Warriors,St Kitts and Nevis Patriots,KMA Paul,G Singh,Hasan Ali,0,0,,,,,,,,,
1094675,2017,2017-08-06,Central Broward Regional Park Stadium Turf Ground,2,16.5,Guyana Amazon Warriors,St Kitts and Nevis Patriots,KMA Paul,G Singh,Hasan Ali,0,0,,,,,,,,,
1094675,2017,2017-08-06,Central Broward Regional Park Stadium Turf Ground,2,16.6,Guyana Amazon Warriors,St Kitts and Nevis Patriots,KMA Paul,G Singh,Hasan Ali,1,0,,,,,,,,,
1094675,2017,2017-08-06,Central Broward Regional Park Stadium Turf Ground,2,17.1,Guyana Amazon Warriors,St Kitts and Nevis Patriots,KMA Paul,G Singh,SS Cottrell,1,0,,,,,,,,,
1094675,2017,2017-08-06,Central Broward Regional Park Stadium Turf Ground,2,17.2,Guyana Amazon Warriors,St Kitts and Nevis Patriots,G Singh,KMA Paul,SS Cottrell,3,0,,,,,,,,,
1094675,2017,2017-08-06,Central Broward Regional Park Stadium Turf Ground,2,17.3,Guyana Amazon Warriors,St Kitts and Nevis Patriots,KMA Paul,G Singh,SS Cottrell,0,1,1,,,,,,,,
1094675,2017,2017-08-06,Central Broward Regional Park Stadium Turf Ground,2,17.4,Guyana Amazon Warriors,St Kitts and Nevis Patriots,KMA Paul,G Singh,SS Cottrell,0,0,,,,,,caught,KMA Paul,,
1094675,2017,2017-08-06,Central Broward Regional Park Stadium Turf Ground,2,17.5,Guyana Amazon Warriors,St Kitts and Nevis Patriots,RR Emrit,G Singh,SS Cottrell,1,0,,,,,,,,,
1094675,2017,2017-08-06,Central Broward Regional Park Stadium Turf Ground,2,17.6,Guyana Amazon Warriors,St Kitts and Nevis Patriots,G Singh,RR Emrit,SS Cottrell,2,0,,,,,,,,,
1094675,2017,2017-08-06,Central Broward Regional Park Stadium Turf Ground,2,17.7,Guyana Amazon Warriors,St Kitts and Nevis Patriots,G Singh,RR Emrit,SS Cottrell,1,0,,,,,,,,,
1094675,2017,2017-08-06,Central Broward Regional Park Stadium Turf Ground,2,18.1,Guyana Amazon Warriors,St Kitts and Nevis Patriots,G Singh,RR Emrit,Hasan Ali,1,0,,,,,,,,,
1094675,2017,2017-08-06,Central Broward Regional Park Stadium Turf Ground,2,18.2,Guyana Amazon Warriors,St Kitts and Nevis Patriots,RR Emrit,G Singh,Hasan Ali,2,0,,,,,,,,,
1094675,2017,2017-08-06,Central Broward Regional Park Stadium Turf Ground,2,18.3,Guyana Amazon Warriors,St Kitts and Nevis Patriots,RR Emrit,G Singh,Hasan Ali,4,0,,,,,,,,,
1094675,2017,2017-08-06,Central Broward Regional Park Stadium Turf Ground,2,18.4,Guyana Amazon Warriors,St Kitts and Nevis Patriots,RR Emrit,G Singh,Hasan Ali,0,1,,,,1,,,,,
1094675,2017,2017-08-06,Central Broward Regional Park Stadium Turf Ground,2,18.5,Guyana Amazon Warriors,St Kitts and Nevis Patriots,G Singh,RR Emrit,Hasan Ali,0,1,,,,1,,,,,
1094675,2017,2017-08-06,Central Broward Regional Park Stadium Turf Ground,2,18.6,Guyana Amazon Warriors,St Kitts and Nevis Patriots,RR Emrit,G Singh,Hasan Ali,1,0,,,,,,,,,
1094675,2017,2017-08-06,Central Broward Regional Park Stadium Turf Ground,2,19.1,Guyana Amazon Warriors,St Kitts and Nevis Patriots,RR Emrit,G Singh,CR Brathwaite,1,0,,,,,,,,,
1094675,2017,2017-08-06,Central Broward Regional Park Stadium Turf Ground,2,19.2,Guyana Amazon Warriors,St Kitts and Nevis Patriots,G Singh,RR Emrit,CR Brathwaite,0,1,1,,,,,run out,RR Emrit,,
1094675,2017,2017-08-06,Central Broward Regional Park Stadium Turf Ground,2,19.3,Guyana Amazon Warriors,St Kitts and Nevis Patriots,Sohail Tanvir,G Singh,CR Brathwaite,0,0,,,,,,,,,
1094675,2017,2017-08-06,Central Broward Regional Park Stadium Turf Ground,2,19.4,Guyana Amazon Warriors,St Kitts and Nevis Patriots,Sohail Tanvir,G Singh,CR Brathwaite,1,0,,,,,,,,,
1094675,2017,2017-08-06,Central Broward Regional Park Stadium Turf Ground,2,19.5,Guyana Amazon Warriors,St Kitts and Nevis Patriots,G Singh,Sohail Tanvir,CR Brathwaite,0,0,,,,,,bowled,G Singh,,
1094675,2017,2017-08-06,Central Broward Regional Park Stadium Turf Ground,2,19.6,Guyana Amazon Warriors,St Kitts and Nevis Patriots,V Permaul,Sohail Tanvir,CR Brathwaite,0,0,,,,,,run out,Sohail Tanvir,,
1094675,2017,2017-08-06,Central Broward Regional Park Stadium Turf Ground,2,19.7,Guyana Amazon Warriors,St Kitts and Nevis Patriots,Rashid Khan,V Permaul,CR Brathwaite,0,0,,,,,,,,,
