match_id,season,start_date,venue,innings,ball,batting_team,bowling_team,striker,non_striker,bowler,runs_off_bat,extras,wides,noballs,byes,legbyes,penalty,wicket_type,player_dismissed,other_wicket_type,other_player_dismissed
1094693,2017,2017-08-23,"Warner Park, Basseterre",1,0.1,St Kitts and Nevis Patriots,Trinbago Knight Riders,CH Gayle,E Lewis,AR Nurse,1,0,,,,,,,,,
1094693,2017,2017-08-23,"Warner Park, Basseterre",1,0.2,St Kitts and Nevis Patriots,Trinbago Knight Riders,E Lewis,CH Gayle,AR Nurse,0,0,,,,,,,,,
1094693,2017,2017-08-23,"Warner Park, Basseterre",1,0.3,St Kitts and Nevis Patriots,Trinbago Knight Riders,E Lewis,CH Gayle,AR Nurse,0,1,1,,,,,,,,
1094693,2017,2017-08-23,"Warner Park, Basseterre",1,0.4,St Kitts and Nevis Patriots,Trinbago Knight Riders,E Lewis,CH Gayle,AR Nurse,0,0,,,,,,,,,
1094693,2017,2017-08-23,"Warner Park, Basseterre",1,0.5,St Kitts and Nevis Patriots,Trinbago Knight Riders,E Lewis,CH Gayle,AR Nurse,1,0,,,,,,,,,
1094693,2017,2017-08-23,"Warner Park, Basseterre",1,0.6,St Kitts and Nevis Patriots,Trinbago Knight Riders,CH Gayle,E Lewis,AR Nurse,2,0,,,,,,,,,
1094693,2017,2017-08-23,"Warner Park, Basseterre",1,0.7,St Kitts and Nevis Patriots,Trinbago Knight Riders,CH Gayle,E Lewis,AR Nurse,0,0,,,,,,,,,
1094693,2017,2017-08-23,"Warner Park, Basseterre",1,1.1,St Kitts and Nevis Patriots,Trinbago Knight Riders,E Lewis,CH Gayle,RR Beaton,0,0,,,,,,,,,
1094693,2017,2017-08-23,"Warner Park, Basseterre",1,1.2,St Kitts and Nevis Patriots,Trinbago Knight Riders,E Lewis,CH Gayle,RR Beaton,6,0,,,,,,,,,
1094693,2017,2017-08-23,"Warner Park, Basseterre",1,1.3,St Kitts and Nevis Patriots,Trinbago Knight Riders,E Lewis,CH Gayle,RR Beaton,1,0,,,,,,,,,
1094693,2017,2017-08-23,"Warner Park, Basseterre",1,1.4,St Kitts and Nevis Patriots,Trinbago Knight Riders,CH Gayle,E Lewis,RR Beaton,0,0,,,,,,,,,
1094693,2017,2017-08-23,"Warner Park, Basseterre",1,1.5,St Kitts and Nevis Patriots,Trinbago Knight Riders,CH Gayle,E Lewis,RR Beaton,0,0,,,,,,,,,
1094693,2017,2017-08-23,"Warner Park, Basseterre",1,1.6,St Kitts and Nevis Patriots,Trinbago Knight Riders,CH Gayle,E Lewis,RR Beaton,0,0,,,,,,,,,
1094693,2017,2017-08-23,"Warner Park, Basseterre",1,2.1,St Kitts and Nevis Patriots,Trinbago Knight Riders,E Lewis,CH Gayle,SP Narine,6,0,,,,,,,,,
1094693,2017,2017-08-23,"Warner Park, Basseterre",1,2.2,St Kitts and Nevis Patriots,Trinbago Knight Riders,E Lewis,CH Gayle,SP Narine,4,0,,,,,,,,,
1094693,2017,2017-08-23,"Warner Park, Basseterre",1,2.3,St Kitts and Nevis Patriots,Trinbago Knight Riders,E Lewis,CH Gayle,SP Narine,1,0,,,,,,,,,
1094693,2017,2017-08-23,"Warner Park, Basseterre",1,2.4,St Kitts and Nevis Patriots,Trinbago Knight Riders,CH Gayle,E Lewis,SP Narine,0,0,,,,,,,,,
1094693,2017,2017-08-23,"Warner Park, Basseterre",1,2.5,St Kitts and Nevis Patriots,Trinbago Knight Riders,CH Gayle,E Lewis,SP Narine,0,0,,,,,,,,,
1094693,2017,2017-08-23,"Warner Park, Basseterre",1,2.6,St Kitts and Nevis Patriots,Trinbago Knight Riders,CH Gayle,E Lewis,SP Narine,1,0,,,,,,,,,
1094693,2017,2017-08-23,"Warner Park, Basseterre",1,3.1,St Kitts and Nevis Patriots,Trinbago Knight Riders,CH Gayle,E Lewis,RR Beaton,4,0,,,,,,,,,
1094693,2017,2017-08-23,"Warner Park, Basseterre",1,3.2,St Kitts and Nevis Patriots,Trinbago Knight Riders,CH Gayle,E Lewis,RR Beaton,0,0,,,,,,,,,
1094693,2017,2017-08-23,"Warner Park, Basseterre",1,3.3,St Kitts and Nevis Patriots,Trinbago Knight Riders,CH Gayle,E Lewis,RR Beaton,1,0,,,,,,,,,
1094693,2017,2017-08-23,"Warner Park, Basseterre",1,3.4,St Kitts and Nevis Patriots,Trinbago Knight Riders,E Lewis,CH Gayle,RR Beaton,4,0,,,,,,,,,
1094693,2017,2017-08-23,"Warner Park, Basseterre",1,3.5,St Kitts and Nevis Patriots,Trinbago Knight Riders,E Lewis,CH Gayle,RR Beaton,6,0,,,,,,,,,
1094693,2017,2017-08-23,"Warner Park, Basseterre",1,3.6,St Kitts and Nevis Patriots,Trinbago Knight Riders,E Lewis,CH Gayle,RR Beaton,4,0,,,,,,,,,
1094693,2017,2017-08-23,"Warner Park, Basseterre",1,4.1,St Kitts and Nevis Patriots,Trinbago Knight Riders,CH Gayle,E Lewis,SP Narine,4,0,,,,,,,,,
1094693,2017,2017-08-23,"Warner Park, Basseterre",1,4.2,St Kitts and Nevis Patriots,Trinbago Knight Riders,CH Gayle,E Lewis,SP Narine,4,0,,,,,,,,,
1094693,2017,2017-08-23,"Warner Park, Basseterre",1,4.3,St Kitts and Nevis Patriots,Trinbago Knight Riders,CH Gayle,E Lewis,SP Narine,1,0,,,,,,,,,
1094693,2017,2017-08-23,"Warner Park, Basseterre",1,4.4,St Kitts and Nevis Patriots,Trinbago Knight Riders,E Lewis,CH Gayle,SP Narine,6,0,,,,,,,,,
1094693,2017,2017-08-23,"Warner Park, Basseterre",1,4.5,St Kitts and Nevis Patriots,Trinbago Knight Riders,E Lewis,CH Gayle,SP Narine,0,0,,,,,,caught,E Lewis,,
1094693,2017,2017-08-23,"Warner Park, Basseterre",1,4.6,St Kitts and Nevis Patriots,Trinbago Knight Riders,SSJ Brooks,CH Gayle,SP Narine,0,0,,,,,,,,,
1094693,2017,2017-08-23,"Warner Park, Basseterre",1,5.1,St Kitts and Nevis Patriots,Trinbago Knight Riders,CH Gayle,SSJ Brooks,DJ Bravo,1,0,,,,,,,,,
1094693,2017,2017-08-23,"Warner Park, Basseterre",1,5.2,St Kitts and Nevis Patriots,Trinbago Knight Riders,SSJ Brooks,CH Gayle,DJ Bravo,0,0,,,,,,,,,
1094693,2017,2017-08-23,"Warner Park, Basseterre",1,5.3,St Kitts and Nevis Patriots,Trinbago Knight Riders,SSJ Brooks,CH Gayle,DJ Bravo,0,0,,,,,,,,,
1094693,2017,2017-08-23,"Warner Park, Basseterre",1,5.4,St Kitts and Nevis Patriots,Trinbago Knight Riders,SSJ Brooks,CH Gayle,DJ Bravo,0,0,,,,,,,,,
1094693,2017,2017-08-23,"Warner Park, Basseterre",1,5.5,St Kitts and Nevis Patriots,Trinbago Knight Riders,SSJ Brooks,CH Gayle,DJ Bravo,1,0,,,,,,,,,
1094693,2017,2017-08-23,"Warner Park, Basseterre",1,5.6,St Kitts and Nevis Patriots,Trinbago Knight Riders,CH Gayle,SSJ Brooks,DJ Bravo,1,0,,,,,,,,,
1094693,2017,2017-08-23,"Warner Park, Basseterre",1,6.1,St Kitts and Nevis Patriots,Trinbago Knight Riders,CH Gayle,SSJ Brooks,A Phillip,0,1,1,,,,,,,,
1094693,2017,2017-08-23,"Warner Park, Basseterre",1,6.2,St Kitts and Nevis Patriots,Trinbago Knight Riders,CH Gayle,SSJ Brooks,A Phillip,4,0,,,,,,,,,
1094693,2017,2017-08-23,"Warner Park, Basseterre",1,6.3,St Kitts and Nevis Patriots,Trinbago Knight Riders,CH Gayle,SSJ Brooks,A Phillip,0,0,,,,,,,,,
1094693,2017,2017-08-23,"Warner Park, Basseterre",1,6.4,St Kitts and Nevis Patriots,Trinbago Knight Riders,CH Gayle,SSJ Brooks,A Phillip,1,0,,,,,,,,,
1094693,2017,2017-08-23,"Warner Park, Basseterre",1,6.5,St Kitts and Nevis Patriots,Trinbago Knight Riders,SSJ Brooks,CH Gayle,A Phillip,1,0,,,,,,,,,
1094693,2017,2017-08-23,"Warner Park, Basseterre",1,6.6,St Kitts and Nevis Patriots,Trinbago Knight Riders,CH Gayle,SSJ Brooks,A Phillip,0,1,1,,,,,,,,
1094693,2017,2017-08-23,"Warner Park, Basseterre",1,6.7,St Kitts and Nevis Patriots,Trinbago Knight Riders,CH Gayle,SSJ Brooks,A Phillip,0,1,,,,1,,,,,
1094693,2017,2017-08-23,"Warner Park, Basseterre",1,6.8,St Kitts and Nevis Patriots,Trinbago Knight Riders,SSJ Brooks,CH Gayle,A Phillip,0,1,1,,,,,,,,
1094693,2017,2017-08-23,"Warner Park, Basseterre",1,6.9,St Kitts and Nevis Patriots,Trinbago Knight Riders,SSJ Brooks,CH Gayle,A Phillip,0,0,,,,,,,,,
1094693,2017,2017-08-23,"Warner Park, Basseterre",1,7.1,St Kitts and Nevis Patriots,Trinbago Knight Riders,CH Gayle,SSJ Brooks,AR Nurse,0,0,,,,,,,,,
1094693,2017,2017-08-23,"Warner Park, Basseterre",1,7.2,St Kitts and Nevis Patriots,Trinbago Knight Riders,CH Gayle,SSJ Brooks,AR Nurse,6,0,,,,,,,,,
1094693,2017,2017-08-23,"Warner Park, Basseterre",1,7.3,St Kitts and Nevis Patriots,Trinbago Knight Riders,CH Gayle,SSJ Brooks,AR Nurse,6,0,,,,,,,,,
1094693,2017,2017-08-23,"Warner Park, Basseterre",1,7.4,St Kitts and Nevis Patriots,Trinbago Knight Riders,CH Gayle,SSJ Brooks,AR Nurse,0,0,,,,,,,,,
1094693,2017,2017-08-23,"Warner Park, Basseterre",1,7.5,St Kitts and Nevis Patriots,Trinbago Knight Riders,CH Gayle,SSJ Brooks,AR Nurse,2,0,,,,,,,,,
1094693,2017,2017-08-23,"Warner Park, Basseterre",1,7.6,St Kitts and Nevis Patriots,Trinbago Knight Riders,CH Gayle,SSJ Brooks,AR Nurse,1,0,,,,,,,,,
1094693,2017,2017-08-23,"Warner Park, Basseterre",1,8.1,St Kitts and Nevis Patriots,Trinbago Knight Riders,CH Gayle,SSJ Brooks,SP Narine,0,0,,,,,,,,,
1094693,2017,2017-08-23,"Warner Park, Basseterre",1,8.2,St Kitts and Nevis Patriots,Trinbago Knight Riders,CH Gayle,SSJ Brooks,SP Narine,0,0,,,,,,,,,
1094693,2017,2017-08-23,"Warner Park, Basseterre",1,8.3,St Kitts and Nevis Patriots,Trinbago Knight Riders,CH Gayle,SSJ Brooks,SP Narine,0,0,,,,,,,,,
1094693,2017,2017-08-23,"Warner Park, Basseterre",1,8.4,St Kitts and Nevis Patriots,Trinbago Knight Riders,CH Gayle,SSJ Brooks,SP Narine,1,0,,,,,,,,,
1094693,2017,2017-08-23,"Warner Park, Basseterre",1,8.5,St Kitts and Nevis Patriots,Trinbago Knight Riders,SSJ Brooks,CH Gayle,SP Narine,6,0,,,,,,,,,
1094693,2017,2017-08-23,"Warner Park, Basseterre",1,8.6,St Kitts and Nevis Patriots,Trinbago Knight Riders,SSJ Brooks,CH Gayle,SP Narine,2,0,,,,,,,,,
1094693,2017,2017-08-23,"Warner Park, Basseterre",1,9.1,St Kitts and Nevis Patriots,Trinbago Knight Riders,CH Gayle,SSJ Brooks,DJ Bravo,1,0,,,,,,,,,
1094693,2017,2017-08-23,"Warner Park, Basseterre",1,9.2,St Kitts and Nevis Patriots,Trinbago Knight Riders,SSJ Brooks,CH Gayle,DJ Bravo,2,0,,,,,,,,,
1094693,2017,2017-08-23,"Warner Park, Basseterre",1,9.3,St Kitts and Nevis Patriots,Trinbago Knight Riders,SSJ Brooks,CH Gayle,DJ Bravo,1,0,,,,,,,,,
1094693,2017,2017-08-23,"Warner Park, Basseterre",1,9.4,St Kitts and Nevis Patriots,Trinbago Knight Riders,CH Gayle,SSJ Brooks,DJ Bravo,4,0,,,,,,,,,
1094693,2017,2017-08-23,"Warner Park, Basseterre",1,9.5,St Kitts and Nevis Patriots,Trinbago Knight Riders,CH Gayle,SSJ Brooks,DJ Bravo,6,0,,,,,,,,,
1094693,2017,2017-08-23,"Warner Park, Basseterre",1,9.6,St Kitts and Nevis Patriots,Trinbago Knight Riders,CH Gayle,SSJ Brooks,DJ Bravo,0,1,1,,,,,,,,
1094693,2017,2017-08-23,"Warner Park, Basseterre",1,9.7,St Kitts and Nevis Patriots,Trinbago Knight Riders,CH Gayle,SSJ Brooks,DJ Bravo,6,0,,,,,,,,,
1094693,2017,2017-08-23,"Warner Park, Basseterre",1,10.1,St Kitts and Nevis Patriots,Trinbago Knight Riders,SSJ Brooks,CH Gayle,A Phillip,0,2,,2,,,,,,,
1094693,2017,2017-08-23,"Warner Park, Basseterre",1,10.2,St Kitts and Nevis Patriots,Trinbago Knight Riders,CH Gayle,SSJ Brooks,A Phillip,6,0,,,,,,,,,
1094693,2017,2017-08-23,"Warner Park, Basseterre",1,10.3,St Kitts and Nevis Patriots,Trinbago Knight Riders,CH Gayle,SSJ Brooks,A Phillip,2,0,,,,,,,,,
1094693,2017,2017-08-23,"Warner Park, Basseterre",1,10.4,St Kitts and Nevis Patriots,Trinbago Knight Riders,CH Gayle,SSJ Brooks,A Phillip,1,0,,,,,,,,,
1094693,2017,2017-08-23,"Warner Park, Basseterre",1,10.5,St Kitts and Nevis Patriots,Trinbago Knight Riders,SSJ Brooks,CH Gayle,A Phillip,1,0,,,,,,,,,
1094693,2017,2017-08-23,"Warner Park, Basseterre",1,10.6,St Kitts and Nevis Patriots,Trinbago Knight Riders,CH Gayle,SSJ Brooks,A Phillip,2,0,,,,,,,,,
1094693,2017,2017-08-23,"Warner Park, Basseterre",1,10.7,St Kitts and Nevis Patriots,Trinbago Knight Riders,CH Gayle,SSJ Brooks,A Phillip,1,0,,,,,,,,,
1094693,2017,2017-08-23,"Warner Park, Basseterre",1,11.1,St Kitts and Nevis Patriots,Trinbago Knight Riders,CH Gayle,SSJ Brooks,DJ Bravo,2,0,,,,,,,,,
1094693,2017,2017-08-23,"Warner Park, Basseterre",1,11.2,St Kitts and Nevis Patriots,Trinbago Knight Riders,CH Gayle,SSJ Brooks,DJ Bravo,6,0,,,,,,,,,
1094693,2017,2017-08-23,"Warner Park, Basseterre",1,11.3,St Kitts and Nevis Patriots,Trinbago Knight Riders,CH Gayle,SSJ Brooks,DJ Bravo,1,0,,,,,,,,,
1094693,2017,2017-08-23,"Warner Park, Basseterre",1,11.4,St Kitts and Nevis Patriots,Trinbago Knight Riders,SSJ Brooks,CH Gayle,DJ Bravo,0,1,1,,,,,,,,
1094693,2017,2017-08-23,"Warner Park, Basseterre",1,11.5,St Kitts and Nevis Patriots,Trinbago Knight Riders,SSJ Brooks,CH Gayle,DJ Bravo,0,0,,,,,,,,,
1094693,2017,2017-08-23,"Warner Park, Basseterre",1,11.6,St Kitts and Nevis Patriots,Trinbago Knight Riders,SSJ Brooks,CH Gayle,DJ Bravo,6,0,,,,,,,,,
1094693,2017,2017-08-23,"Warner Park, Basseterre",1,11.7,St Kitts and Nevis Patriots,Trinbago Knight Riders,SSJ Brooks,CH Gayle,DJ Bravo,0,0,,,,,,,,,
1094693,2017,2017-08-23,"Warner Park, Basseterre",1,12.1,St Kitts and Nevis Patriots,Trinbago Knight Riders,CH Gayle,SSJ Brooks,RR Beaton,2,0,,,,,,,,,
1094693,2017,2017-08-23,"Warner Park, Basseterre",1,12.2,St Kitts and Nevis Patriots,Trinbago Knight Riders,CH Gayle,SSJ Brooks,RR Beaton,6,0,,,,,,,,,
1094693,2017,2017-08-23,"Warner Park, Basseterre",1,12.3,St Kitts and Nevis Patriots,Trinbago Knight Riders,CH Gayle,SSJ Brooks,RR Beaton,6,0,,,,,,,,,
1094693,2017,2017-08-23,"Warner Park, Basseterre",1,12.4,St Kitts and Nevis Patriots,Trinbago Knight Riders,CH Gayle,SSJ Brooks,RR Beaton,0,0,,,,,,caught,CH Gayle,,
1094693,2017,2017-08-23,"Warner Park, Basseterre",1,12.5,St Kitts and Nevis Patriots,Trinbago Knight Riders,CR Brathwaite,SSJ Brooks,RR Beaton,1,0,,,,,,,,,
1094693,2017,2017-08-23,"Warner Park, Basseterre",1,12.6,St Kitts and Nevis Patriots,Trinbago Knight Riders,SSJ Brooks,CR Brathwaite,RR Beaton,0,0,,,,,,run out,SSJ Brooks,,
1094693,2017,2017-08-23,"Warner Park, Basseterre",2,0.1,Trinbago Knight Riders,St Kitts and Nevis Patriots,SP Narine,BB McCullum,BW Hilfenhaus,0,2,2,,,,,,,,
1094693,2017,2017-08-23,"Warner Park, Basseterre",2,0.2,Trinbago Knight Riders,St Kitts and Nevis Patriots,BB McCullum,SP Narine,BW Hilfenhaus,1,0,,,,,,,,,
1094693,2017,2017-08-23,"Warner Park, Basseterre",2,0.3,Trinbago Knight Riders,St Kitts and Nevis Patriots,SP Narine,BB McCullum,BW Hilfenhaus,0,0,,,,,,,,,
1094693,2017,2017-08-23,"Warner Park, Basseterre",2,0.4,Trinbago Knight Riders,St Kitts and Nevis Patriots,SP Narine,BB McCullum,BW Hilfenhaus,0,1,,,,1,,,,,
1094693,2017,2017-08-23,"Warner Park, Basseterre",2,0.5,Trinbago Knight Riders,St Kitts and Nevis Patriots,BB McCullum,SP Narine,BW Hilfenhaus,0,0,,,,,,,,,
1094693,2017,2017-08-23,"Warner Park, Basseterre",2,0.6,Trinbago Knight Riders,St Kitts and Nevis Patriots,BB McCullum,SP Narine,BW Hilfenhaus,0,0,,,,,,,,,
1094693,2017,2017-08-23,"Warner Park, Basseterre",2,0.7,Trinbago Knight Riders,St Kitts and Nevis Patriots,BB McCullum,SP Narine,BW Hilfenhaus,1,0,,,,,,,,,
1094693,2017,2017-08-23,"Warner Park, Basseterre",2,1.1,Trinbago Knight Riders,St Kitts and Nevis Patriots,BB McCullum,SP Narine,CR Brathwaite,6,0,,,,,,,,,
1094693,2017,2017-08-23,"Warner Park, Basseterre",2,1.2,Trinbago Knight Riders,St Kitts and Nevis Patriots,BB McCullum,SP Narine,CR Brathwaite,0,0,,,,,,,,,
1094693,2017,2017-08-23,"Warner Park, Basseterre",2,1.3,Trinbago Knight Riders,St Kitts and Nevis Patriots,BB McCullum,SP Narine,CR Brathwaite,0,1,,,,1,,,,,
1094693,2017,2017-08-23,"Warner Park, Basseterre",2,1.4,Trinbago Knight Riders,St Kitts and Nevis Patriots,SP Narine,BB McCullum,CR Brathwaite,1,0,,,,,,,,,
1094693,2017,2017-08-23,"Warner Park, Basseterre",2,1.5,Trinbago Knight Riders,St Kitts and Nevis Patriots,BB McCullum,SP Narine,CR Brathwaite,4,0,,,,,,,,,
1094693,2017,2017-08-23,"Warner Park, Basseterre",2,1.6,Trinbago Knight Riders,St Kitts and Nevis Patriots,BB McCullum,SP Narine,CR Brathwaite,4,0,,,,,,,,,
1094693,2017,2017-08-23,"Warner Park, Basseterre",2,2.1,Trinbago Knight Riders,St Kitts and Nevis Patriots,SP Narine,BB McCullum,BW Hilfenhaus,4,0,,,,,,,,,
1094693,2017,2017-08-23,"Warner Park, Basseterre",2,2.2,Trinbago Knight Riders,St Kitts and Nevis Patriots,SP Narine,BB McCullum,BW Hilfenhaus,0,0,,,,,,,,,
1094693,2017,2017-08-23,"Warner Park, Basseterre",2,2.3,Trinbago Knight Riders,St Kitts and Nevis Patriots,SP Narine,BB McCullum,BW Hilfenhaus,0,0,,,,,,bowled,SP Narine,,
1094693,2017,2017-08-23,"Warner Park, Basseterre",2,2.4,Trinbago Knight Riders,St Kitts and Nevis Patriots,C Munro,BB McCullum,BW Hilfenhaus,1,0,,,,,,,,,
1094693,2017,2017-08-23,"Warner Park, Basseterre",2,2.5,Trinbago Knight Riders,St Kitts and Nevis Patriots,BB McCullum,C Munro,BW Hilfenhaus,4,0,,,,,,,,,
1094693,2017,2017-08-23,"Warner Park, Basseterre",2,2.6,Trinbago Knight Riders,St Kitts and Nevis Patriots,BB McCullum,C Munro,BW Hilfenhaus,4,0,,,,,,,,,
1094693,2017,2017-08-23,"Warner Park, Basseterre",2,3.1,Trinbago Knight Riders,St Kitts and Nevis Patriots,C Munro,BB McCullum,S Badree,0,0,,,,,,bowled,C Munro,,
1094693,2017,2017-08-23,"Warner Park, Basseterre",2,3.2,Trinbago Knight Riders,St Kitts and Nevis Patriots,DM Bravo,BB McCullum,S Badree,6,0,,,,,,,,,
1094693,2017,2017-08-23,"Warner Park, Basseterre",2,3.3,Trinbago Knight Riders,St Kitts and Nevis Patriots,DM Bravo,BB McCullum,S Badree,6,0,,,,,,,,,
1094693,2017,2017-08-23,"Warner Park, Basseterre",2,3.4,Trinbago Knight Riders,St Kitts and Nevis Patriots,DM Bravo,BB McCullum,S Badree,6,0,,,,,,,,,
1094693,2017,2017-08-23,"Warner Park, Basseterre",2,3.5,Trinbago Knight Riders,St Kitts and Nevis Patriots,DM Bravo,BB McCullum,S Badree,0,0,,,,,,,,,
1094693,2017,2017-08-23,"Warner Park, Basseterre",2,3.6,Trinbago Knight Riders,St Kitts and Nevis Patriots,DM Bravo,BB McCullum,S Badree,1,0,,,,,,,,,
1094693,2017,2017-08-23,"Warner Park, Basseterre",2,4.1,Trinbago Knight Riders,St Kitts and Nevis Patriots,DM Bravo,BB McCullum,Mohammad Nabi,0,0,,,,,,,,,
1094693,2017,2017-08-23,"Warner Park, Basseterre",2,4.2,Trinbago Knight Riders,St Kitts and Nevis Patriots,DM Bravo,BB McCullum,Mohammad Nabi,6,0,,,,,,,,,
1094693,2017,2017-08-23,"Warner Park, Basseterre",2,4.3,Trinbago Knight Riders,St Kitts and Nevis Patriots,DM Bravo,BB McCullum,Mohammad Nabi,1,0,,,,,,,,,
1094693,2017,2017-08-23,"Warner Park, Basseterre",2,4.4,Trinbago Knight Riders,St Kitts and Nevis Patriots,BB McCullum,DM Bravo,Mohammad Nabi,6,0,,,,,,,,,
1094693,2017,2017-08-23,"Warner Park, Basseterre",2,4.5,Trinbago Knight Riders,St Kitts and Nevis Patriots,BB McCullum,DM Bravo,Mohammad Nabi,4,0,,,,,,,,,
1094693,2017,2017-08-23,"Warner Park, Basseterre",2,4.6,Trinbago Knight Riders,St Kitts and Nevis Patriots,BB McCullum,DM Bravo,Mohammad Nabi,6,0,,,,,,,,,
1094693,2017,2017-08-23,"Warner Park, Basseterre",2,5.1,Trinbago Knight Riders,St Kitts and Nevis Patriots,DM Bravo,BB McCullum,JL Carter,6,0,,,,,,,,,
1094693,2017,2017-08-23,"Warner Park, Basseterre",2,5.2,Trinbago Knight Riders,St Kitts and Nevis Patriots,DM Bravo,BB McCullum,JL Carter,6,0,,,,,,,,,
