match_id,season,start_date,venue,innings,ball,batting_team,bowling_team,striker,non_striker,bowler,runs_off_bat,extras,wides,noballs,byes,legbyes,penalty,wicket_type,player_dismissed,other_wicket_type,other_player_dismissed
1094696,2017,2017-08-29,"Kensington Oval, Bridgetown",1,0.1,Guyana Amazon Warriors,Barbados Tridents,CAK Walton,Sohail Tanvir,WD Parnell,0,0,,,,,,,,,
1094696,2017,2017-08-29,"Kensington Oval, Bridgetown",1,0.2,Guyana Amazon Warriors,Barbados Tridents,CAK Walton,Sohail Tanvir,WD Parnell,4,0,,,,,,,,,
1094696,2017,2017-08-29,"Kensington Oval, Bridgetown",1,0.3,Guyana Amazon Warriors,Barbados Tridents,CAK Walton,Sohail Tanvir,WD Parnell,0,0,,,,,,,,,
1094696,2017,2017-08-29,"Kensington Oval, Bridgetown",1,0.4,Guyana Amazon Warriors,Barbados Tridents,CAK Walton,Sohail Tanvir,WD Parnell,0,0,,,,,,,,,
1094696,2017,2017-08-29,"Kensington Oval, Bridgetown",1,0.5,Guyana Amazon Warriors,Barbados Tridents,CAK Walton,Sohail Tanvir,WD Parnell,2,0,,,,,,,,,
1094696,2017,2017-08-29,"Kensington Oval, Bridgetown",1,0.6,Guyana Amazon Warriors,Barbados Tridents,CAK Walton,Sohail Tanvir,WD Parnell,1,0,,,,,,,,,
1094696,2017,2017-08-29,"Kensington Oval, Bridgetown",1,1.1,Guyana Amazon Warriors,Barbados Tridents,CAK Walton,Sohail Tanvir,Wahab Riaz,1,1,,1,,,,,,,
1094696,2017,2017-08-29,"Kensington Oval, Bridgetown",1,1.2,Guyana Amazon Warriors,Barbados Tridents,Sohail Tanvir,CAK Walton,Wahab Riaz,1,0,,,,,,,,,
1094696,2017,2017-08-29,"Kensington Oval, Bridgetown",1,1.3,Guyana Amazon Warriors,Barbados Tridents,CAK Walton,Sohail Tanvir,Wahab Riaz,4,0,,,,,,,,,
1094696,2017,2017-08-29,"Kensington Oval, Bridgetown",1,1.4,Guyana Amazon Warriors,Barbados Tridents,CAK Walton,Sohail Tanvir,Wahab Riaz,4,0,,,,,,,,,
1094696,2017,2017-08-29,"Kensington Oval, Bridgetown",1,1.5,Guyana Amazon Warriors,Barbados Tridents,CAK Walton,Sohail Tanvir,Wahab Riaz,0,0,,,,,,,,,
1094696,2017,2017-08-29,"Kensington Oval, Bridgetown",1,1.6,Guyana Amazon Warriors,Barbados Tridents,CAK Walton,Sohail Tanvir,Wahab Riaz,1,0,,,,,,,,,
1094696,2017,2017-08-29,"Kensington Oval, Bridgetown",1,1.7,Guyana Amazon Warriors,Barbados Tridents,Sohail Tanvir,CAK Walton,Wahab Riaz,0,1,1,,,,,,,,
1094696,2017,2017-08-29,"Kensington Oval, Bridgetown",1,1.8,Guyana Amazon Warriors,Barbados Tridents,Sohail Tanvir,CAK Walton,Wahab Riaz,0,0,,,,,,,,,
1094696,2017,2017-08-29,"Kensington Oval, Bridgetown",1,2.1,Guyana Amazon Warriors,Barbados Tridents,CAK Walton,Sohail Tanvir,WD Parnell,0,0,,,,,,,,,
1094696,2017,2017-08-29,"Kensington Oval, Bridgetown",1,2.2,Guyana Amazon Warriors,Barbados Tridents,CAK Walton,Sohail Tanvir,WD Parnell,3,0,,,,,,,,,
1094696,2017,2017-08-29,"Kensington Oval, Bridgetown",1,2.3,Guyana Amazon Warriors,Barbados Tridents,Sohail Tanvir,CAK Walton,WD Parnell,2,0,,,,,,,,,
1094696,2017,2017-08-29,"Kensington Oval, Bridgetown",1,2.4,Guyana Amazon Warriors,Barbados Tridents,Sohail Tanvir,CAK Walton,WD Parnell,4,0,,,,,,,,,
1094696,2017,2017-08-29,"Kensington Oval, Bridgetown",1,2.5,Guyana Amazon Warriors,Barbados Tridents,Sohail Tanvir,CAK Walton,WD Parnell,0,0,,,,,,caught,Sohail Tanvir,,
1094696,2017,2017-08-29,"Kensington Oval, Bridgetown",1,2.6,Guyana Amazon Warriors,Barbados Tridents,CAK Walton,L Ronchi,WD Parnell,0,0,,,,,,,,,
1094696,2017,2017-08-29,"Kensington Oval, Bridgetown",1,3.1,Guyana Amazon Warriors,Barbados Tridents,L Ronchi,CAK Walton,R Rampaul,1,0,,,,,,,,,
1094696,2017,2017-08-29,"Kensington Oval, Bridgetown",1,3.2,Guyana Amazon Warriors,Barbados Tridents,CAK Walton,L Ronchi,R Rampaul,0,0,,,,,,,,,
1094696,2017,2017-08-29,"Kensington Oval, Bridgetown",1,3.3,Guyana Amazon Warriors,Barbados Tridents,CAK Walton,L Ronchi,R Rampaul,0,0,,,,,,caught,CAK Walton,,
1094696,2017,2017-08-29,"Kensington Oval, Bridgetown",1,3.4,Guyana Amazon Warriors,Barbados Tridents,L Ronchi,JN Mohammed,R Rampaul,0,0,,,,,,,,,
1094696,2017,2017-08-29,"Kensington Oval, Bridgetown",1,3.5,Guyana Amazon Warriors,Barbados Tridents,L Ronchi,JN Mohammed,R Rampaul,4,0,,,,,,,,,
1094696,2017,2017-08-29,"Kensington Oval, Bridgetown",1,3.6,Guyana Amazon Warriors,Barbados Tridents,L Ronchi,JN Mohammed,R Rampaul,6,0,,,,,,,,,
1094696,2017,2017-08-29,"Kensington Oval, Bridgetown",1,4.1,Guyana Amazon Warriors,Barbados Tridents,JN Mohammed,L Ronchi,Wahab Riaz,0,0,,,,,,,,,
1094696,2017,2017-08-29,"Kensington Oval, Bridgetown",1,4.2,Guyana Amazon Warriors,Barbados Tridents,JN Mohammed,L Ronchi,Wahab Riaz,0,1,1,,,,,,,,
1094696,2017,2017-08-29,"Kensington Oval, Bridgetown",1,4.3,Guyana Amazon Warriors,Barbados Tridents,JN Mohammed,L Ronchi,Wahab Riaz,1,0,,,,,,,,,
1094696,2017,2017-08-29,"Kensington Oval, Bridgetown",1,4.4,Guyana Amazon Warriors,Barbados Tridents,L Ronchi,JN Mohammed,Wahab Riaz,1,0,,,,,,,,,
1094696,2017,2017-08-29,"Kensington Oval, Bridgetown",1,4.5,Guyana Amazon Warriors,Barbados Tridents,JN Mohammed,L Ronchi,Wahab Riaz,1,0,,,,,,,,,
1094696,2017,2017-08-29,"Kensington Oval, Bridgetown",1,4.6,Guyana Amazon Warriors,Barbados Tridents,L Ronchi,JN Mohammed,Wahab Riaz,4,0,,,,,,,,,
1094696,2017,2017-08-29,"Kensington Oval, Bridgetown",1,4.7,Guyana Amazon Warriors,Barbados Tridents,L Ronchi,JN Mohammed,Wahab Riaz,0,1,1,,,,,,,,
1094696,2017,2017-08-29,"Kensington Oval, Bridgetown",1,4.8,Guyana Amazon Warriors,Barbados Tridents,L Ronchi,JN Mohammed,Wahab Riaz,3,0,,,,,,,,,
1094696,2017,2017-08-29,"Kensington Oval, Bridgetown",1,5.1,Guyana Amazon Warriors,Barbados Tridents,L Ronchi,JN Mohammed,AJ Hosein,1,0,,,,,,,,,
1094696,2017,2017-08-29,"Kensington Oval, Bridgetown",1,5.2,Guyana Amazon Warriors,Barbados Tridents,JN Mohammed,L Ronchi,AJ Hosein,1,0,,,,,,,,,
1094696,2017,2017-08-29,"Kensington Oval, Bridgetown",1,5.3,Guyana Amazon Warriors,Barbados Tridents,L Ronchi,JN Mohammed,AJ Hosein,0,0,,,,,,,,,
1094696,2017,2017-08-29,"Kensington Oval, Bridgetown",1,5.4,Guyana Amazon Warriors,Barbados Tridents,L Ronchi,JN Mohammed,AJ Hosein,0,0,,,,,,,,,
1094696,2017,2017-08-29,"Kensington Oval, Bridgetown",1,5.5,Guyana Amazon Warriors,Barbados Tridents,L Ronchi,JN Mohammed,AJ Hosein,0,0,,,,,,,,,
1094696,2017,2017-08-29,"Kensington Oval, Bridgetown",1,5.6,Guyana Amazon Warriors,Barbados Tridents,L Ronchi,JN Mohammed,AJ Hosein,4,0,,,,,,,,,
1094696,2017,2017-08-29,"Kensington Oval, Bridgetown",1,6.1,Guyana Amazon Warriors,Barbados Tridents,JN Mohammed,L Ronchi,I Khan (2),1,0,,,,,,,,,
1094696,2017,2017-08-29,"Kensington Oval, Bridgetown",1,6.2,Guyana Amazon Warriors,Barbados Tridents,L Ronchi,JN Mohammed,I Khan (2),0,0,,,,,,bowled,L Ronchi,,
1094696,2017,2017-08-29,"Kensington Oval, Bridgetown",1,6.3,Guyana Amazon Warriors,Barbados Tridents,G Singh,JN Mohammed,I Khan (2),0,1,1,,,,,,,,
1094696,2017,2017-08-29,"Kensington Oval, Bridgetown",1,6.4,Guyana Amazon Warriors,Barbados Tridents,G Singh,JN Mohammed,I Khan (2),1,0,,,,,,,,,
1094696,2017,2017-08-29,"Kensington Oval, Bridgetown",1,6.5,Guyana Amazon Warriors,Barbados Tridents,JN Mohammed,G Singh,I Khan (2),0,0,,,,,,,,,
1094696,2017,2017-08-29,"Kensington Oval, Bridgetown",1,6.6,Guyana Amazon Warriors,Barbados Tridents,JN Mohammed,G Singh,I Khan (2),1,0,,,,,,,,,
1094696,2017,2017-08-29,"Kensington Oval, Bridgetown",1,6.7,Guyana Amazon Warriors,Barbados Tridents,G Singh,JN Mohammed,I Khan (2),0,0,,,,,,,,,
1094696,2017,2017-08-29,"Kensington Oval, Bridgetown",1,7.1,Guyana Amazon Warriors,Barbados Tridents,JN Mohammed,G Singh,AJ Hosein,0,0,,,,,,,,,
1094696,2017,2017-08-29,"Kensington Oval, Bridgetown",1,7.2,Guyana Amazon Warriors,Barbados Tridents,JN Mohammed,G Singh,AJ Hosein,2,0,,,,,,,,,
1094696,2017,2017-08-29,"Kensington Oval, Bridgetown",1,7.3,Guyana Amazon Warriors,Barbados Tridents,JN Mohammed,G Singh,AJ Hosein,0,0,,,,,,,,,
1094696,2017,2017-08-29,"Kensington Oval, Bridgetown",1,7.4,Guyana Amazon Warriors,Barbados Tridents,JN Mohammed,G Singh,AJ Hosein,1,0,,,,,,,,,
1094696,2017,2017-08-29,"Kensington Oval, Bridgetown",1,7.5,Guyana Amazon Warriors,Barbados Tridents,G Singh,JN Mohammed,AJ Hosein,0,0,,,,,,,,,
1094696,2017,2017-08-29,"Kensington Oval, Bridgetown",1,7.6,Guyana Amazon Warriors,Barbados Tridents,G Singh,JN Mohammed,AJ Hosein,0,0,,,,,,caught,G Singh,,
1094696,2017,2017-08-29,"Kensington Oval, Bridgetown",1,8.1,Guyana Amazon Warriors,Barbados Tridents,AB Fudadin,JN Mohammed,I Khan (2),0,0,,,,,,,,,
1094696,2017,2017-08-29,"Kensington Oval, Bridgetown",1,8.2,Guyana Amazon Warriors,Barbados Tridents,AB Fudadin,JN Mohammed,I Khan (2),0,0,,,,,,,,,
1094696,2017,2017-08-29,"Kensington Oval, Bridgetown",1,8.3,Guyana Amazon Warriors,Barbados Tridents,AB Fudadin,JN Mohammed,I Khan (2),0,0,,,,,,,,,
1094696,2017,2017-08-29,"Kensington Oval, Bridgetown",1,8.4,Guyana Amazon Warriors,Barbados Tridents,AB Fudadin,JN Mohammed,I Khan (2),0,0,,,,,,,,,
1094696,2017,2017-08-29,"Kensington Oval, Bridgetown",1,8.5,Guyana Amazon Warriors,Barbados Tridents,AB Fudadin,JN Mohammed,I Khan (2),1,0,,,,,,,,,
1094696,2017,2017-08-29,"Kensington Oval, Bridgetown",1,8.6,Guyana Amazon Warriors,Barbados Tridents,JN Mohammed,AB Fudadin,I Khan (2),0,0,,,,,,,,,
1094696,2017,2017-08-29,"Kensington Oval, Bridgetown",1,9.1,Guyana Amazon Warriors,Barbados Tridents,AB Fudadin,JN Mohammed,KA Pollard,1,0,,,,,,,,,
1094696,2017,2017-08-29,"Kensington Oval, Bridgetown",1,9.2,Guyana Amazon Warriors,Barbados Tridents,JN Mohammed,AB Fudadin,KA Pollard,1,0,,,,,,,,,
1094696,2017,2017-08-29,"Kensington Oval, Bridgetown",1,9.3,Guyana Amazon Warriors,Barbados Tridents,AB Fudadin,JN Mohammed,KA Pollard,0,0,,,,,,,,,
1094696,2017,2017-08-29,"Kensington Oval, Bridgetown",1,9.4,Guyana Amazon Warriors,Barbados Tridents,AB Fudadin,JN Mohammed,KA Pollard,0,0,,,,,,,,,
1094696,2017,2017-08-29,"Kensington Oval, Bridgetown",1,9.5,Guyana Amazon Warriors,Barbados Tridents,AB Fudadin,JN Mohammed,KA Pollard,0,0,,,,,,,,,
1094696,2017,2017-08-29,"Kensington Oval, Bridgetown",1,9.6,Guyana Amazon Warriors,Barbados Tridents,AB Fudadin,JN Mohammed,KA Pollard,1,0,,,,,,,,,
1094696,2017,2017-08-29,"Kensington Oval, Bridgetown",1,10.1,Guyana Amazon Warriors,Barbados Tridents,AB Fudadin,JN Mohammed,I Khan (2),1,0,,,,,,,,,
1094696,2017,2017-08-29,"Kensington Oval, Bridgetown",1,10.2,Guyana Amazon Warriors,Barbados Tridents,JN Mohammed,AB Fudadin,I Khan (2),1,0,,,,,,,,,
1094696,2017,2017-08-29,"Kensington Oval, Bridgetown",1,10.3,Guyana Amazon Warriors,Barbados Tridents,AB Fudadin,JN Mohammed,I Khan (2),0,0,,,,,,,,,
1094696,2017,2017-08-29,"Kensington Oval, Bridgetown",1,10.4,Guyana Amazon Warriors,Barbados Tridents,AB Fudadin,JN Mohammed,I Khan (2),2,0,,,,,,,,,
1094696,2017,2017-08-29,"Kensington Oval, Bridgetown",1,10.5,Guyana Amazon Warriors,Barbados Tridents,AB Fudadin,JN Mohammed,I Khan (2),1,0,,,,,,,,,
1094696,2017,2017-08-29,"Kensington Oval, Bridgetown",1,10.6,Guyana Amazon Warriors,Barbados Tridents,JN Mohammed,AB Fudadin,I Khan (2),4,0,,,,,,,,,
1094696,2017,2017-08-29,"Kensington Oval, Bridgetown",1,11.1,Guyana Amazon Warriors,Barbados Tridents,AB Fudadin,JN Mohammed,KA Pollard,4,0,,,,,,,,,
1094696,2017,2017-08-29,"Kensington Oval, Bridgetown",1,11.2,Guyana Amazon Warriors,Barbados Tridents,AB Fudadin,JN Mohammed,KA Pollard,2,0,,,,,,,,,
1094696,2017,2017-08-29,"Kensington Oval, Bridgetown",1,11.3,Guyana Amazon Warriors,Barbados Tridents,AB Fudadin,JN Mohammed,KA Pollard,1,0,,,,,,,,,
1094696,2017,2017-08-29,"Kensington Oval, Bridgetown",1,11.4,Guyana Amazon Warriors,Barbados Tridents,JN Mohammed,AB Fudadin,KA Pollard,1,0,,,,,,,,,
1094696,2017,2017-08-29,"Kensington Oval, Bridgetown",1,11.5,Guyana Amazon Warriors,Barbados Tridents,AB Fudadin,JN Mohammed,KA Pollard,6,0,,,,,,,,,
1094696,2017,2017-08-29,"Kensington Oval, Bridgetown",1,11.6,Guyana Amazon Warriors,Barbados Tridents,AB Fudadin,JN Mohammed,KA Pollard,1,0,,,,,,,,,
1094696,2017,2017-08-29,"Kensington Oval, Bridgetown",1,12.1,Guyana Amazon Warriors,Barbados Tridents,AB Fudadin,JN Mohammed,I Khan (2),2,0,,,,,,,,,
1094696,2017,2017-08-29,"Kensington Oval, Bridgetown",1,12.2,Guyana Amazon Warriors,Barbados Tridents,AB Fudadin,JN Mohammed,I Khan (2),1,0,,,,,,,,,
1094696,2017,2017-08-29,"Kensington Oval, Bridgetown",1,12.3,Guyana Amazon Warriors,Barbados Tridents,JN Mohammed,AB Fudadin,I Khan (2),0,0,,,,,,,,,
1094696,2017,2017-08-29,"Kensington Oval, Bridgetown",1,12.4,Guyana Amazon Warriors,Barbados Tridents,JN Mohammed,AB Fudadin,I Khan (2),1,0,,,,,,,,,
1094696,2017,2017-08-29,"Kensington Oval, Bridgetown",1,12.5,Guyana Amazon Warriors,Barbados Tridents,AB Fudadin,JN Mohammed,I Khan (2),1,0,,,,,,,,,
1094696,2017,2017-08-29,"Kensington Oval, Bridgetown",1,12.6,Guyana Amazon Warriors,Barbados Tridents,JN Mohammed,AB Fudadin,I Khan (2),0,0,,,,,,,,,
1094696,2017,2017-08-29,"Kensington Oval, Bridgetown",1,13.1,Guyana Amazon Warriors,Barbados Tridents,AB Fudadin,JN Mohammed,R Rampaul,0,0,,,,,,,,,
1094696,2017,2017-08-29,"Kensington Oval, Bridgetown",1,13.2,Guyana Amazon Warriors,Barbados Tridents,AB Fudadin,JN Mohammed,R Rampaul,0,0,,,,,,,,,
1094696,2017,2017-08-29,"Kensington Oval, Bridgetown",1,13.3,Guyana Amazon Warriors,Barbados Tridents,AB Fudadin,JN Mohammed,R Rampaul,0,0,,,,,,,,,
1094696,2017,2017-08-29,"Kensington Oval, Bridgetown",1,13.4,Guyana Amazon Warriors,Barbados Tridents,AB Fudadin,JN Mohammed,R Rampaul,1,0,,,,,,,,,
1094696,2017,2017-08-29,"Kensington Oval, Bridgetown",1,13.5,Guyana Amazon Warriors,Barbados Tridents,JN Mohammed,AB Fudadin,R Rampaul,0,0,,,,,,,,,
1094696,2017,2017-08-29,"Kensington Oval, Bridgetown",1,13.6,Guyana Amazon Warriors,Barbados Tridents,JN Mohammed,AB Fudadin,R Rampaul,6,0,,,,,,,,,
1094696,2017,2017-08-29,"Kensington Oval, Bridgetown",1,14.1,Guyana Amazon Warriors,Barbados Tridents,AB Fudadin,JN Mohammed,AJ Hosein,1,0,,,,,,,,,
1094696,2017,2017-08-29,"Kensington Oval, Bridgetown",1,14.2,Guyana Amazon Warriors,Barbados Tridents,JN Mohammed,AB Fudadin,AJ Hosein,1,0,,,,,,,,,
1094696,2017,2017-08-29,"Kensington Oval, Bridgetown",1,14.3,Guyana Amazon Warriors,Barbados Tridents,AB Fudadin,JN Mohammed,AJ Hosein,0,0,,,,,,caught,AB Fudadin,,
1094696,2017,2017-08-29,"Kensington Oval, Bridgetown",1,14.4,Guyana Amazon Warriors,Barbados Tridents,JN Mohammed,RS Primus,AJ Hosein,0,0,,,,,,,,,
1094696,2017,2017-08-29,"Kensington Oval, Bridgetown",1,14.5,Guyana Amazon Warriors,Barbados Tridents,JN Mohammed,RS Primus,AJ Hosein,1,0,,,,,,,,,
1094696,2017,2017-08-29,"Kensington Oval, Bridgetown",1,14.6,Guyana Amazon Warriors,Barbados Tridents,RS Primus,JN Mohammed,AJ Hosein,0,0,,,,,,,,,
1094696,2017,2017-08-29,"Kensington Oval, Bridgetown",1,15.1,Guyana Amazon Warriors,Barbados Tridents,JN Mohammed,RS Primus,Wahab Riaz,0,0,,,,,,,,,
1094696,2017,2017-08-29,"Kensington Oval, Bridgetown",1,15.2,Guyana Amazon Warriors,Barbados Tridents,JN Mohammed,RS Primus,Wahab Riaz,0,0,,,,,,,,,
1094696,2017,2017-08-29,"Kensington Oval, Bridgetown",1,15.3,Guyana Amazon Warriors,Barbados Tridents,JN Mohammed,RS Primus,Wahab Riaz,0,0,,,,,,,,,
1094696,2017,2017-08-29,"Kensington Oval, Bridgetown",1,15.4,Guyana Amazon Warriors,Barbados Tridents,JN Mohammed,RS Primus,Wahab Riaz,1,0,,,,,,,,,
1094696,2017,2017-08-29,"Kensington Oval, Bridgetown",1,15.5,Guyana Amazon Warriors,Barbados Tridents,RS Primus,JN Mohammed,Wahab Riaz,0,0,,,,,,,,,
1094696,2017,2017-08-29,"Kensington Oval, Bridgetown",1,15.6,Guyana Amazon Warriors,Barbados Tridents,RS Primus,JN Mohammed,Wahab Riaz,0,1,,,,1,,,,,
1094696,2017,2017-08-29,"Kensington Oval, Bridgetown",1,16.1,Guyana Amazon Warriors,Barbados Tridents,RS Primus,JN Mohammed,AJ Hosein,2,0,,,,,,,,,
1094696,2017,2017-08-29,"Kensington Oval, Bridgetown",1,16.2,Guyana Amazon Warriors,Barbados Tridents,RS Primus,JN Mohammed,AJ Hosein,0,0,,,,,,,,,
1094696,2017,2017-08-29,"Kensington Oval, Bridgetown",1,16.3,Guyana Amazon Warriors,Barbados Tridents,RS Primus,JN Mohammed,AJ Hosein,1,0,,,,,,,,,
1094696,2017,2017-08-29,"Kensington Oval, Bridgetown",1,16.4,Guyana Amazon Warriors,Barbados Tridents,JN Mohammed,RS Primus,AJ Hosein,2,0,,,,,,,,,
1094696,2017,2017-08-29,"Kensington Oval, Bridgetown",1,16.5,Guyana Amazon Warriors,Barbados Tridents,JN Mohammed,RS Primus,AJ Hosein,1,0,,,,,,,,,
1094696,2017,2017-08-29,"Kensington Oval, Bridgetown",1,16.6,Guyana Amazon Warriors,Barbados Tridents,RS Primus,JN Mohammed,AJ Hosein,0,1,1,,,,,,,,
1094696,2017,2017-08-29,"Kensington Oval, Bridgetown",1,16.7,Guyana Amazon Warriors,Barbados Tridents,RS Primus,JN Mohammed,AJ Hosein,0,0,,,,,,,,,
1094696,2017,2017-08-29,"Kensington Oval, Bridgetown",1,17.1,Guyana Amazon Warriors,Barbados Tridents,JN Mohammed,RS Primus,R Rampaul,0,0,,,,,,,,,
1094696,2017,2017-08-29,"Kensington Oval, Bridgetown",1,17.2,Guyana Amazon Warriors,Barbados Tridents,JN Mohammed,RS Primus,R Rampaul,4,0,,,,,,,,,
1094696,2017,2017-08-29,"Kensington Oval, Bridgetown",1,17.3,Guyana Amazon Warriors,Barbados Tridents,JN Mohammed,RS Primus,R Rampaul,4,0,,,,,,,,,
1094696,2017,2017-08-29,"Kensington Oval, Bridgetown",1,17.4,Guyana Amazon Warriors,Barbados Tridents,JN Mohammed,RS Primus,R Rampaul,6,0,,,,,,,,,
1094696,2017,2017-08-29,"Kensington Oval, Bridgetown",1,17.5,Guyana Amazon Warriors,Barbados Tridents,JN Mohammed,RS Primus,R Rampaul,0,0,,,,,,caught,JN Mohammed,,
1094696,2017,2017-08-29,"Kensington Oval, Bridgetown",1,17.6,Guyana Amazon Warriors,Barbados Tridents,RS Primus,KMA Paul,R Rampaul,1,0,,,,,,,,,
1094696,2017,2017-08-29,"Kensington Oval, Bridgetown",1,18.1,Guyana Amazon Warriors,Barbados Tridents,RS Primus,KMA Paul,Wahab Riaz,0,0,,,,,,,,,
1094696,2017,2017-08-29,"Kensington Oval, Bridgetown",1,18.2,Guyana Amazon Warriors,Barbados Tridents,RS Primus,KMA Paul,Wahab Riaz,6,0,,,,,,,,,
1094696,2017,2017-08-29,"Kensington Oval, Bridgetown",1,18.3,Guyana Amazon Warriors,Barbados Tridents,RS Primus,KMA Paul,Wahab Riaz,6,1,,1,,,,,,,
1094696,2017,2017-08-29,"Kensington Oval, Bridgetown",1,18.4,Guyana Amazon Warriors,Barbados Tridents,RS Primus,KMA Paul,Wahab Riaz,2,0,,,,,,,,,
1094696,2017,2017-08-29,"Kensington Oval, Bridgetown",1,18.5,Guyana Amazon Warriors,Barbados Tridents,RS Primus,KMA Paul,Wahab Riaz,2,0,,,,,,,,,
1094696,2017,2017-08-29,"Kensington Oval, Bridgetown",1,18.6,Guyana Amazon Warriors,Barbados Tridents,RS Primus,KMA Paul,Wahab Riaz,0,0,,,,,,,,,
1094696,2017,2017-08-29,"Kensington Oval, Bridgetown",1,18.7,Guyana Amazon Warriors,Barbados Tridents,RS Primus,KMA Paul,Wahab Riaz,1,0,,,,,,,,,
1094696,2017,2017-08-29,"Kensington Oval, Bridgetown",1,19.1,Guyana Amazon Warriors,Barbados Tridents,RS Primus,KMA Paul,WD Parnell,0,0,,,,,,,,,
1094696,2017,2017-08-29,"Kensington Oval, Bridgetown",1,19.2,Guyana Amazon Warriors,Barbados Tridents,RS Primus,KMA Paul,WD Parnell,0,0,,,,,,run out,RS Primus,,
1094696,2017,2017-08-29,"Kensington Oval, Bridgetown",1,19.3,Guyana Amazon Warriors,Barbados Tridents,KMA Paul,RR Emrit,WD Parnell,0,1,,,,1,,,,,
1094696,2017,2017-08-29,"Kensington Oval, Bridgetown",1,19.4,Guyana Amazon Warriors,Barbados Tridents,RR Emrit,KMA Paul,WD Parnell,2,0,,,,,,run out,KMA Paul,,
1094696,2017,2017-08-29,"Kensington Oval, Bridgetown",1,19.5,Guyana Amazon Warriors,Barbados Tridents,V Permaul,RR Emrit,WD Parnell,1,0,,,,,,,,,
1094696,2017,2017-08-29,"Kensington Oval, Bridgetown",1,19.6,Guyana Amazon Warriors,Barbados Tridents,RR Emrit,V Permaul,WD Parnell,4,0,,,,,,,,,
1094696,2017,2017-08-29,"Kensington Oval, Bridgetown",2,0.1,Barbados Tridents,Guyana Amazon Warriors,DR Smith,KS Williamson,Sohail Tanvir,0,1,,,,1,,,,,
1094696,2017,2017-08-29,"Kensington Oval, Bridgetown",2,0.2,Barbados Tridents,Guyana Amazon Warriors,KS Williamson,DR Smith,Sohail Tanvir,0,0,,,,,,,,,
1094696,2017,2017-08-29,"Kensington Oval, Bridgetown",2,0.3,Barbados Tridents,Guyana Amazon Warriors,KS Williamson,DR Smith,Sohail Tanvir,0,0,,,,,,,,,
1094696,2017,2017-08-29,"Kensington Oval, Bridgetown",2,0.4,Barbados Tridents,Guyana Amazon Warriors,KS Williamson,DR Smith,Sohail Tanvir,0,0,,,,,,,,,
1094696,2017,2017-08-29,"Kensington Oval, Bridgetown",2,0.5,Barbados Tridents,Guyana Amazon Warriors,KS Williamson,DR Smith,Sohail Tanvir,0,0,,,,,,,,,
1094696,2017,2017-08-29,"Kensington Oval, Bridgetown",2,0.6,Barbados Tridents,Guyana Amazon Warriors,KS Williamson,DR Smith,Sohail Tanvir,0,0,,,,,,caught,KS Williamson,,
1094696,2017,2017-08-29,"Kensington Oval, Bridgetown",2,1.1,Barbados Tridents,Guyana Amazon Warriors,DR Smith,AJ Hosein,RS Primus,1,0,,,,,,,,,
1094696,2017,2017-08-29,"Kensington Oval, Bridgetown",2,1.2,Barbados Tridents,Guyana Amazon Warriors,AJ Hosein,DR Smith,RS Primus,2,0,,,,,,,,,
1094696,2017,2017-08-29,"Kensington Oval, Bridgetown",2,1.3,Barbados Tridents,Guyana Amazon Warriors,AJ Hosein,DR Smith,RS Primus,0,1,,,,1,,,,,
1094696,2017,2017-08-29,"Kensington Oval, Bridgetown",2,1.4,Barbados Tridents,Guyana Amazon Warriors,DR Smith,AJ Hosein,RS Primus,0,0,,,,,,,,,
1094696,2017,2017-08-29,"Kensington Oval, Bridgetown",2,1.5,Barbados Tridents,Guyana Amazon Warriors,DR Smith,AJ Hosein,RS Primus,1,0,,,,,,,,,
1094696,2017,2017-08-29,"Kensington Oval, Bridgetown",2,1.6,Barbados Tridents,Guyana Amazon Warriors,AJ Hosein,DR Smith,RS Primus,0,0,,,,,,,,,
1094696,2017,2017-08-29,"Kensington Oval, Bridgetown",2,2.1,Barbados Tridents,Guyana Amazon Warriors,DR Smith,AJ Hosein,Sohail Tanvir,0,0,,,,,,,,,
1094696,2017,2017-08-29,"Kensington Oval, Bridgetown",2,2.2,Barbados Tridents,Guyana Amazon Warriors,DR Smith,AJ Hosein,Sohail Tanvir,0,0,,,,,,caught,DR Smith,,
1094696,2017,2017-08-29,"Kensington Oval, Bridgetown",2,2.3,Barbados Tridents,Guyana Amazon Warriors,I Khan (2),AJ Hosein,Sohail Tanvir,1,0,,,,,,,,,
1094696,2017,2017-08-29,"Kensington Oval, Bridgetown",2,2.4,Barbados Tridents,Guyana Amazon Warriors,AJ Hosein,I Khan (2),Sohail Tanvir,0,1,,,,1,,,,,
1094696,2017,2017-08-29,"Kensington Oval, Bridgetown",2,2.5,Barbados Tridents,Guyana Amazon Warriors,I Khan (2),AJ Hosein,Sohail Tanvir,0,0,,,,,,,,,
1094696,2017,2017-08-29,"Kensington Oval, Bridgetown",2,2.6,Barbados Tridents,Guyana Amazon Warriors,I Khan (2),AJ Hosein,Sohail Tanvir,0,0,,,,,,,,,
1094696,2017,2017-08-29,"Kensington Oval, Bridgetown",2,3.1,Barbados Tridents,Guyana Amazon Warriors,AJ Hosein,I Khan (2),RS Primus,4,0,,,,,,,,,
1094696,2017,2017-08-29,"Kensington Oval, Bridgetown",2,3.2,Barbados Tridents,Guyana Amazon Warriors,AJ Hosein,I Khan (2),RS Primus,1,0,,,,,,,,,
1094696,2017,2017-08-29,"Kensington Oval, Bridgetown",2,3.3,Barbados Tridents,Guyana Amazon Warriors,I Khan (2),AJ Hosein,RS Primus,0,0,,,,,,,,,
1094696,2017,2017-08-29,"Kensington Oval, Bridgetown",2,3.4,Barbados Tridents,Guyana Amazon Warriors,I Khan (2),AJ Hosein,RS Primus,0,0,,,,,,caught,I Khan (2),,
1094696,2017,2017-08-29,"Kensington Oval, Bridgetown",2,3.5,Barbados Tridents,Guyana Amazon Warriors,AJ Hosein,EJG Morgan,RS Primus,0,0,,,,,,,,,
1094696,2017,2017-08-29,"Kensington Oval, Bridgetown",2,3.6,Barbados Tridents,Guyana Amazon Warriors,AJ Hosein,EJG Morgan,RS Primus,0,0,,,,,,,,,
1094696,2017,2017-08-29,"Kensington Oval, Bridgetown",2,4.1,Barbados Tridents,Guyana Amazon Warriors,EJG Morgan,AJ Hosein,Sohail Tanvir,0,0,,,,,,lbw,EJG Morgan,,
1094696,2017,2017-08-29,"Kensington Oval, Bridgetown",2,4.2,Barbados Tridents,Guyana Amazon Warriors,KA Pollard,AJ Hosein,Sohail Tanvir,0,0,,,,,,caught,KA Pollard,,
1094696,2017,2017-08-29,"Kensington Oval, Bridgetown",2,4.3,Barbados Tridents,Guyana Amazon Warriors,N Pooran,AJ Hosein,Sohail Tanvir,0,0,,,,,,,,,
1094696,2017,2017-08-29,"Kensington Oval, Bridgetown",2,4.4,Barbados Tridents,Guyana Amazon Warriors,N Pooran,AJ Hosein,Sohail Tanvir,0,0,,,,,,,,,
1094696,2017,2017-08-29,"Kensington Oval, Bridgetown",2,4.5,Barbados Tridents,Guyana Amazon Warriors,N Pooran,AJ Hosein,Sohail Tanvir,0,1,1,,,,,,,,
1094696,2017,2017-08-29,"Kensington Oval, Bridgetown",2,4.6,Barbados Tridents,Guyana Amazon Warriors,N Pooran,AJ Hosein,Sohail Tanvir,0,0,,,,,,,,,
1094696,2017,2017-08-29,"Kensington Oval, Bridgetown",2,4.7,Barbados Tridents,Guyana Amazon Warriors,N Pooran,AJ Hosein,Sohail Tanvir,0,0,,,,,,,,,
1094696,2017,2017-08-29,"Kensington Oval, Bridgetown",2,5.1,Barbados Tridents,Guyana Amazon Warriors,AJ Hosein,N Pooran,Rashid Khan,1,0,,,,,,,,,
1094696,2017,2017-08-29,"Kensington Oval, Bridgetown",2,5.2,Barbados Tridents,Guyana Amazon Warriors,N Pooran,AJ Hosein,Rashid Khan,0,0,,,,,,,,,
1094696,2017,2017-08-29,"Kensington Oval, Bridgetown",2,5.3,Barbados Tridents,Guyana Amazon Warriors,N Pooran,AJ Hosein,Rashid Khan,0,3,,,,3,,,,,
1094696,2017,2017-08-29,"Kensington Oval, Bridgetown",2,5.4,Barbados Tridents,Guyana Amazon Warriors,AJ Hosein,N Pooran,Rashid Khan,0,0,,,,,,,,,
1094696,2017,2017-08-29,"Kensington Oval, Bridgetown",2,5.5,Barbados Tridents,Guyana Amazon Warriors,AJ Hosein,N Pooran,Rashid Khan,1,0,,,,,,,,,
1094696,2017,2017-08-29,"Kensington Oval, Bridgetown",2,5.6,Barbados Tridents,Guyana Amazon Warriors,N Pooran,AJ Hosein,Rashid Khan,0,0,,,,,,,,,
1094696,2017,2017-08-29,"Kensington Oval, Bridgetown",2,6.1,Barbados Tridents,Guyana Amazon Warriors,AJ Hosein,N Pooran,RR Emrit,0,0,,,,,,,,,
1094696,2017,2017-08-29,"Kensington Oval, Bridgetown",2,6.2,Barbados Tridents,Guyana Amazon Warriors,AJ Hosein,N Pooran,RR Emrit,1,0,,,,,,,,,
1094696,2017,2017-08-29,"Kensington Oval, Bridgetown",2,6.3,Barbados Tridents,Guyana Amazon Warriors,N Pooran,AJ Hosein,RR Emrit,6,0,,,,,,,,,
1094696,2017,2017-08-29,"Kensington Oval, Bridgetown",2,6.4,Barbados Tridents,Guyana Amazon Warriors,N Pooran,AJ Hosein,RR Emrit,0,0,,,,,,,,,
1094696,2017,2017-08-29,"Kensington Oval, Bridgetown",2,6.5,Barbados Tridents,Guyana Amazon Warriors,N Pooran,AJ Hosein,RR Emrit,0,0,,,,,,,,,
1094696,2017,2017-08-29,"Kensington Oval, Bridgetown",2,6.6,Barbados Tridents,Guyana Amazon Warriors,N Pooran,AJ Hosein,RR Emrit,1,0,,,,,,,,,
1094696,2017,2017-08-29,"Kensington Oval, Bridgetown",2,7.1,Barbados Tridents,Guyana Amazon Warriors,N Pooran,AJ Hosein,Rashid Khan,4,0,,,,,,,,,
1094696,2017,2017-08-29,"Kensington Oval, Bridgetown",2,7.2,Barbados Tridents,Guyana Amazon Warriors,N Pooran,AJ Hosein,Rashid Khan,0,0,,,,,,,,,
1094696,2017,2017-08-29,"Kensington Oval, Bridgetown",2,7.3,Barbados Tridents,Guyana Amazon Warriors,N Pooran,AJ Hosein,Rashid Khan,0,0,,,,,,caught,N Pooran,,
1094696,2017,2017-08-29,"Kensington Oval, Bridgetown",2,7.4,Barbados Tridents,Guyana Amazon Warriors,SK Springer,AJ Hosein,Rashid Khan,0,2,,,2,,,,,,
1094696,2017,2017-08-29,"Kensington Oval, Bridgetown",2,7.5,Barbados Tridents,Guyana Amazon Warriors,SK Springer,AJ Hosein,Rashid Khan,0,2,,,2,,,,,,
1094696,2017,2017-08-29,"Kensington Oval, Bridgetown",2,7.6,Barbados Tridents,Guyana Amazon Warriors,SK Springer,AJ Hosein,Rashid Khan,1,0,,,,,,,,,
1094696,2017,2017-08-29,"Kensington Oval, Bridgetown",2,8.1,Barbados Tridents,Guyana Amazon Warriors,SK Springer,AJ Hosein,RR Emrit,1,0,,,,,,,,,
1094696,2017,2017-08-29,"Kensington Oval, Bridgetown",2,8.2,Barbados Tridents,Guyana Amazon Warriors,AJ Hosein,SK Springer,RR Emrit,1,0,,,,,,,,,
1094696,2017,2017-08-29,"Kensington Oval, Bridgetown",2,8.3,Barbados Tridents,Guyana Amazon Warriors,SK Springer,AJ Hosein,RR Emrit,1,0,,,,,,,,,
1094696,2017,2017-08-29,"Kensington Oval, Bridgetown",2,8.4,Barbados Tridents,Guyana Amazon Warriors,AJ Hosein,SK Springer,RR Emrit,0,0,,,,,,,,,
1094696,2017,2017-08-29,"Kensington Oval, Bridgetown",2,8.5,Barbados Tridents,Guyana Amazon Warriors,AJ Hosein,SK Springer,RR Emrit,0,0,,,,,,,,,
1094696,2017,2017-08-29,"Kensington Oval, Bridgetown",2,8.6,Barbados Tridents,Guyana Amazon Warriors,AJ Hosein,SK Springer,RR Emrit,0,0,,,,,,,,,
1094696,2017,2017-08-29,"Kensington Oval, Bridgetown",2,9.1,Barbados Tridents,Guyana Amazon Warriors,SK Springer,AJ Hosein,V Permaul,0,1,1,,,,,,,,
1094696,2017,2017-08-29,"Kensington Oval, Bridgetown",2,9.2,Barbados Tridents,Guyana Amazon Warriors,SK Springer,AJ Hosein,V Permaul,1,0,,,,,,,,,
1094696,2017,2017-08-29,"Kensington Oval, Bridgetown",2,9.3,Barbados Tridents,Guyana Amazon Warriors,AJ Hosein,SK Springer,V Permaul,1,0,,,,,,,,,
1094696,2017,2017-08-29,"Kensington Oval, Bridgetown",2,9.4,Barbados Tridents,Guyana Amazon Warriors,SK Springer,AJ Hosein,V Permaul,1,0,,,,,,,,,
1094696,2017,2017-08-29,"Kensington Oval, Bridgetown",2,9.5,Barbados Tridents,Guyana Amazon Warriors,AJ Hosein,SK Springer,V Permaul,0,0,,,,,,,,,
1094696,2017,2017-08-29,"Kensington Oval, Bridgetown",2,9.6,Barbados Tridents,Guyana Amazon Warriors,AJ Hosein,SK Springer,V Permaul,0,0,,,,,,,,,
1094696,2017,2017-08-29,"Kensington Oval, Bridgetown",2,9.7,Barbados Tridents,Guyana Amazon Warriors,AJ Hosein,SK Springer,V Permaul,1,0,,,,,,,,,
1094696,2017,2017-08-29,"Kensington Oval, Bridgetown",2,10.1,Barbados Tridents,Guyana Amazon Warriors,AJ Hosein,SK Springer,KMA Paul,0,0,,,,,,,,,
1094696,2017,2017-08-29,"Kensington Oval, Bridgetown",2,10.2,Barbados Tridents,Guyana Amazon Warriors,AJ Hosein,SK Springer,KMA Paul,4,0,,,,,,,,,
1094696,2017,2017-08-29,"Kensington Oval, Bridgetown",2,10.3,Barbados Tridents,Guyana Amazon Warriors,AJ Hosein,SK Springer,KMA Paul,0,0,,,,,,,,,
1094696,2017,2017-08-29,"Kensington Oval, Bridgetown",2,10.4,Barbados Tridents,Guyana Amazon Warriors,AJ Hosein,SK Springer,KMA Paul,0,0,,,,,,caught,AJ Hosein,,
1094696,2017,2017-08-29,"Kensington Oval, Bridgetown",2,10.5,Barbados Tridents,Guyana Amazon Warriors,SK Springer,WD Parnell,KMA Paul,1,0,,,,,,,,,
1094696,2017,2017-08-29,"Kensington Oval, Bridgetown",2,10.6,Barbados Tridents,Guyana Amazon Warriors,WD Parnell,SK Springer,KMA Paul,1,0,,,,,,,,,
1094696,2017,2017-08-29,"Kensington Oval, Bridgetown",2,11.1,Barbados Tridents,Guyana Amazon Warriors,WD Parnell,SK Springer,Rashid Khan,1,0,,,,,,,,,
1094696,2017,2017-08-29,"Kensington Oval, Bridgetown",2,11.2,Barbados Tridents,Guyana Amazon Warriors,SK Springer,WD Parnell,Rashid Khan,0,0,,,,,,,,,
1094696,2017,2017-08-29,"Kensington Oval, Bridgetown",2,11.3,Barbados Tridents,Guyana Amazon Warriors,SK Springer,WD Parnell,Rashid Khan,1,0,,,,,,,,,
1094696,2017,2017-08-29,"Kensington Oval, Bridgetown",2,11.4,Barbados Tridents,Guyana Amazon Warriors,WD Parnell,SK Springer,Rashid Khan,0,0,,,,,,,,,
1094696,2017,2017-08-29,"Kensington Oval, Bridgetown",2,11.5,Barbados Tridents,Guyana Amazon Warriors,WD Parnell,SK Springer,Rashid Khan,0,0,,,,,,lbw,WD Parnell,,
1094696,2017,2017-08-29,"Kensington Oval, Bridgetown",2,11.6,Barbados Tridents,Guyana Amazon Warriors,Wahab Riaz,SK Springer,Rashid Khan,0,0,,,,,,,,,
1094696,2017,2017-08-29,"Kensington Oval, Bridgetown",2,12.1,Barbados Tridents,Guyana Amazon Warriors,SK Springer,Wahab Riaz,Sohail Tanvir,1,0,,,,,,,,,
1094696,2017,2017-08-29,"Kensington Oval, Bridgetown",2,12.2,Barbados Tridents,Guyana Amazon Warriors,Wahab Riaz,SK Springer,Sohail Tanvir,0,0,,,,,,,,,
1094696,2017,2017-08-29,"Kensington Oval, Bridgetown",2,12.3,Barbados Tridents,Guyana Amazon Warriors,Wahab Riaz,SK Springer,Sohail Tanvir,0,0,,,,,,,,,
1094696,2017,2017-08-29,"Kensington Oval, Bridgetown",2,12.4,Barbados Tridents,Guyana Amazon Warriors,Wahab Riaz,SK Springer,Sohail Tanvir,0,0,,,,,,,,,
1094696,2017,2017-08-29,"Kensington Oval, Bridgetown",2,12.5,Barbados Tridents,Guyana Amazon Warriors,Wahab Riaz,SK Springer,Sohail Tanvir,0,0,,,,,,,,,
1094696,2017,2017-08-29,"Kensington Oval, Bridgetown",2,12.6,Barbados Tridents,Guyana Amazon Warriors,Wahab Riaz,SK Springer,Sohail Tanvir,0,0,,,,,,bowled,Wahab Riaz,,
1094696,2017,2017-08-29,"Kensington Oval, Bridgetown",2,13.1,Barbados Tridents,Guyana Amazon Warriors,SK Springer,R Rampaul,Rashid Khan,4,0,,,,,,,,,
1094696,2017,2017-08-29,"Kensington Oval, Bridgetown",2,13.2,Barbados Tridents,Guyana Amazon Warriors,SK Springer,R Rampaul,Rashid Khan,2,0,,,,,,,,,
1094696,2017,2017-08-29,"Kensington Oval, Bridgetown",2,13.3,Barbados Tridents,Guyana Amazon Warriors,SK Springer,R Rampaul,Rashid Khan,0,0,,,,,,,,,
1094696,2017,2017-08-29,"Kensington Oval, Bridgetown",2,13.4,Barbados Tridents,Guyana Amazon Warriors,SK Springer,R Rampaul,Rashid Khan,0,0,,,,,,bowled,SK Springer,,
