match_id,season,start_date,venue,innings,ball,batting_team,bowling_team,striker,non_striker,bowler,runs_off_bat,extras,wides,noballs,byes,legbyes,penalty,wicket_type,player_dismissed,other_wicket_type,other_player_dismissed
1094692,2017,2017-08-22,Providence Stadium,1,0.1,St Lucia Stars,Guyana Amazon Warriors,J Charles,ADS Fletcher,Sohail Tanvir,0,0,,,,,,,,,
1094692,2017,2017-08-22,Providence Stadium,1,0.2,St Lucia Stars,Guyana Amazon Warriors,J Charles,ADS Fletcher,Sohail Tanvir,0,0,,,,,,,,,
1094692,2017,2017-08-22,Providence Stadium,1,0.3,St Lucia Stars,Guyana Amazon Warriors,J Charles,ADS Fletcher,Sohail Tanvir,4,0,,,,,,,,,
1094692,2017,2017-08-22,Providence Stadium,1,0.4,St Lucia Stars,Guyana Amazon Warriors,J Charles,ADS Fletcher,Sohail Tanvir,0,0,,,,,,,,,
1094692,2017,2017-08-22,Providence Stadium,1,0.5,St Lucia Stars,Guyana Amazon Warriors,J Charles,ADS Fletcher,Sohail Tanvir,0,0,,,,,,,,,
1094692,2017,2017-08-22,Providence Stadium,1,0.6,St Lucia Stars,Guyana Amazon Warriors,J Charles,ADS Fletcher,Sohail Tanvir,0,0,,,,,,,,,
1094692,2017,2017-08-22,Providence Stadium,1,1.1,St Lucia Stars,Guyana Amazon Warriors,ADS Fletcher,J Charles,V Permaul,0,0,,,,,,,,,
1094692,2017,2017-08-22,Providence Stadium,1,1.2,St Lucia Stars,Guyana Amazon Warriors,ADS Fletcher,J Charles,V Permaul,1,0,,,,,,,,,
1094692,2017,2017-08-22,Providence Stadium,1,1.3,St Lucia Stars,Guyana Amazon Warriors,J Charles,ADS Fletcher,V Permaul,0,0,,,,,,,,,
1094692,2017,2017-08-22,Providence Stadium,1,1.4,St Lucia Stars,Guyana Amazon Warriors,J Charles,ADS Fletcher,V Permaul,1,0,,,,,,,,,
1094692,2017,2017-08-22,Providence Stadium,1,1.5,St Lucia Stars,Guyana Amazon Warriors,ADS Fletcher,J Charles,V Permaul,0,0,,,,,,caught,ADS Fletcher,,
1094692,2017,2017-08-22,Providence Stadium,1,1.6,St Lucia Stars,Guyana Amazon Warriors,J Charles,SR Watson,V Permaul,0,0,,,,,,,,,
1094692,2017,2017-08-22,Providence Stadium,1,2.1,St Lucia Stars,Guyana Amazon Warriors,SR Watson,J Charles,Sohail Tanvir,0,0,,,,,,run out,SR Watson,,
1094692,2017,2017-08-22,Providence Stadium,1,2.2,St Lucia Stars,Guyana Amazon Warriors,J Charles,JD Ryder,Sohail Tanvir,2,0,,,,,,,,,
1094692,2017,2017-08-22,Providence Stadium,1,2.3,St Lucia Stars,Guyana Amazon Warriors,J Charles,JD Ryder,Sohail Tanvir,1,0,,,,,,,,,
1094692,2017,2017-08-22,Providence Stadium,1,2.4,St Lucia Stars,Guyana Amazon Warriors,JD Ryder,J Charles,Sohail Tanvir,0,0,,,,,,,,,
1094692,2017,2017-08-22,Providence Stadium,1,2.5,St Lucia Stars,Guyana Amazon Warriors,JD Ryder,J Charles,Sohail Tanvir,0,0,,,,,,,,,
1094692,2017,2017-08-22,Providence Stadium,1,2.6,St Lucia Stars,Guyana Amazon Warriors,JD Ryder,J Charles,Sohail Tanvir,0,0,,,,,,,,,
1094692,2017,2017-08-22,Providence Stadium,1,3.1,St Lucia Stars,Guyana Amazon Warriors,J Charles,JD Ryder,V Permaul,0,0,,,,,,,,,
1094692,2017,2017-08-22,Providence Stadium,1,3.2,St Lucia Stars,Guyana Amazon Warriors,J Charles,JD Ryder,V Permaul,1,0,,,,,,,,,
1094692,2017,2017-08-22,Providence Stadium,1,3.3,St Lucia Stars,Guyana Amazon Warriors,JD Ryder,J Charles,V Permaul,1,0,,,,,,,,,
1094692,2017,2017-08-22,Providence Stadium,1,3.4,St Lucia Stars,Guyana Amazon Warriors,J Charles,JD Ryder,V Permaul,0,0,,,,,,,,,
1094692,2017,2017-08-22,Providence Stadium,1,3.5,St Lucia Stars,Guyana Amazon Warriors,J Charles,JD Ryder,V Permaul,2,0,,,,,,,,,
1094692,2017,2017-08-22,Providence Stadium,1,3.6,St Lucia Stars,Guyana Amazon Warriors,J Charles,JD Ryder,V Permaul,0,0,,,,,,,,,
1094692,2017,2017-08-22,Providence Stadium,1,4.1,St Lucia Stars,Guyana Amazon Warriors,JD Ryder,J Charles,RR Emrit,2,0,,,,,,,,,
1094692,2017,2017-08-22,Providence Stadium,1,4.2,St Lucia Stars,Guyana Amazon Warriors,JD Ryder,J Charles,RR Emrit,0,0,,,,,,,,,
1094692,2017,2017-08-22,Providence Stadium,1,4.3,St Lucia Stars,Guyana Amazon Warriors,JD Ryder,J Charles,RR Emrit,0,0,,,,,,,,,
1094692,2017,2017-08-22,Providence Stadium,1,4.4,St Lucia Stars,Guyana Amazon Warriors,JD Ryder,J Charles,RR Emrit,0,0,,,,,,,,,
1094692,2017,2017-08-22,Providence Stadium,1,4.5,St Lucia Stars,Guyana Amazon Warriors,JD Ryder,J Charles,RR Emrit,1,0,,,,,,,,,
1094692,2017,2017-08-22,Providence Stadium,1,4.6,St Lucia Stars,Guyana Amazon Warriors,J Charles,JD Ryder,RR Emrit,0,0,,,,,,,,,
1094692,2017,2017-08-22,Providence Stadium,1,5.1,St Lucia Stars,Guyana Amazon Warriors,JD Ryder,J Charles,Rashid Khan,0,0,,,,,,,,,
1094692,2017,2017-08-22,Providence Stadium,1,5.2,St Lucia Stars,Guyana Amazon Warriors,JD Ryder,J Charles,Rashid Khan,0,0,,,,,,,,,
1094692,2017,2017-08-22,Providence Stadium,1,5.3,St Lucia Stars,Guyana Amazon Warriors,JD Ryder,J Charles,Rashid Khan,4,0,,,,,,,,,
1094692,2017,2017-08-22,Providence Stadium,1,5.4,St Lucia Stars,Guyana Amazon Warriors,JD Ryder,J Charles,Rashid Khan,2,0,,,,,,,,,
1094692,2017,2017-08-22,Providence Stadium,1,5.5,St Lucia Stars,Guyana Amazon Warriors,JD Ryder,J Charles,Rashid Khan,4,0,,,,,,,,,
1094692,2017,2017-08-22,Providence Stadium,1,5.6,St Lucia Stars,Guyana Amazon Warriors,JD Ryder,J Charles,Rashid Khan,0,0,,,,,,,,,
1094692,2017,2017-08-22,Providence Stadium,1,6.1,St Lucia Stars,Guyana Amazon Warriors,J Charles,JD Ryder,SA Jacobs,1,0,,,,,,,,,
1094692,2017,2017-08-22,Providence Stadium,1,6.2,St Lucia Stars,Guyana Amazon Warriors,JD Ryder,J Charles,SA Jacobs,1,0,,,,,,,,,
1094692,2017,2017-08-22,Providence Stadium,1,6.3,St Lucia Stars,Guyana Amazon Warriors,J Charles,JD Ryder,SA Jacobs,1,0,,,,,,,,,
1094692,2017,2017-08-22,Providence Stadium,1,6.4,St Lucia Stars,Guyana Amazon Warriors,JD Ryder,J Charles,SA Jacobs,1,0,,,,,,,,,
1094692,2017,2017-08-22,Providence Stadium,1,6.5,St Lucia Stars,Guyana Amazon Warriors,J Charles,JD Ryder,SA Jacobs,1,0,,,,,,,,,
1094692,2017,2017-08-22,Providence Stadium,1,6.6,St Lucia Stars,Guyana Amazon Warriors,JD Ryder,J Charles,SA Jacobs,2,0,,,,,,,,,
1094692,2017,2017-08-22,Providence Stadium,1,7.1,St Lucia Stars,Guyana Amazon Warriors,J Charles,JD Ryder,RR Emrit,1,0,,,,,,,,,
1094692,2017,2017-08-22,Providence Stadium,1,7.2,St Lucia Stars,Guyana Amazon Warriors,JD Ryder,J Charles,RR Emrit,0,0,,,,,,,,,
1094692,2017,2017-08-22,Providence Stadium,1,7.3,St Lucia Stars,Guyana Amazon Warriors,JD Ryder,J Charles,RR Emrit,1,0,,,,,,,,,
1094692,2017,2017-08-22,Providence Stadium,1,7.4,St Lucia Stars,Guyana Amazon Warriors,J Charles,JD Ryder,RR Emrit,0,0,,,,,,caught,J Charles,,
1094692,2017,2017-08-22,Providence Stadium,1,7.5,St Lucia Stars,Guyana Amazon Warriors,JD Ryder,SW Ambris,RR Emrit,1,0,,,,,,,,,
1094692,2017,2017-08-22,Providence Stadium,1,7.6,St Lucia Stars,Guyana Amazon Warriors,SW Ambris,JD Ryder,RR Emrit,0,0,,,,,,,,,
1094692,2017,2017-08-22,Providence Stadium,1,8.1,St Lucia Stars,Guyana Amazon Warriors,JD Ryder,SW Ambris,SA Jacobs,0,0,,,,,,,,,
1094692,2017,2017-08-22,Providence Stadium,1,8.2,St Lucia Stars,Guyana Amazon Warriors,JD Ryder,SW Ambris,SA Jacobs,1,0,,,,,,,,,
1094692,2017,2017-08-22,Providence Stadium,1,8.3,St Lucia Stars,Guyana Amazon Warriors,SW Ambris,JD Ryder,SA Jacobs,1,0,,,,,,,,,
1094692,2017,2017-08-22,Providence Stadium,1,8.4,St Lucia Stars,Guyana Amazon Warriors,JD Ryder,SW Ambris,SA Jacobs,0,0,,,,,,,,,
1094692,2017,2017-08-22,Providence Stadium,1,8.5,St Lucia Stars,Guyana Amazon Warriors,JD Ryder,SW Ambris,SA Jacobs,1,0,,,,,,,,,
1094692,2017,2017-08-22,Providence Stadium,1,8.6,St Lucia Stars,Guyana Amazon Warriors,SW Ambris,JD Ryder,SA Jacobs,0,0,,,,,,,,,
1094692,2017,2017-08-22,Providence Stadium,1,9.1,St Lucia Stars,Guyana Amazon Warriors,JD Ryder,SW Ambris,V Permaul,1,0,,,,,,,,,
1094692,2017,2017-08-22,Providence Stadium,1,9.2,St Lucia Stars,Guyana Amazon Warriors,SW Ambris,JD Ryder,V Permaul,0,1,,,,1,,,,,
1094692,2017,2017-08-22,Providence Stadium,1,9.3,St Lucia Stars,Guyana Amazon Warriors,JD Ryder,SW Ambris,V Permaul,0,0,,,,,,,,,
1094692,2017,2017-08-22,Providence Stadium,1,9.4,St Lucia Stars,Guyana Amazon Warriors,JD Ryder,SW Ambris,V Permaul,4,0,,,,,,,,,
1094692,2017,2017-08-22,Providence Stadium,1,9.5,St Lucia Stars,Guyana Amazon Warriors,JD Ryder,SW Ambris,V Permaul,1,0,,,,,,,,,
1094692,2017,2017-08-22,Providence Stadium,1,9.6,St Lucia Stars,Guyana Amazon Warriors,SW Ambris,JD Ryder,V Permaul,0,0,,,,,,,,,
1094692,2017,2017-08-22,Providence Stadium,1,10.1,St Lucia Stars,Guyana Amazon Warriors,JD Ryder,SW Ambris,SA Jacobs,1,0,,,,,,run out,JD Ryder,,
1094692,2017,2017-08-22,Providence Stadium,1,10.2,St Lucia Stars,Guyana Amazon Warriors,DJG Sammy,SW Ambris,SA Jacobs,2,0,,,,,,,,,
1094692,2017,2017-08-22,Providence Stadium,1,10.3,St Lucia Stars,Guyana Amazon Warriors,DJG Sammy,SW Ambris,SA Jacobs,1,0,,,,,,,,,
1094692,2017,2017-08-22,Providence Stadium,1,10.4,St Lucia Stars,Guyana Amazon Warriors,SW Ambris,DJG Sammy,SA Jacobs,1,0,,,,,,,,,
1094692,2017,2017-08-22,Providence Stadium,1,10.5,St Lucia Stars,Guyana Amazon Warriors,DJG Sammy,SW Ambris,SA Jacobs,0,0,,,,,,,,,
1094692,2017,2017-08-22,Providence Stadium,1,10.6,St Lucia Stars,Guyana Amazon Warriors,DJG Sammy,SW Ambris,SA Jacobs,0,0,,,,,,,,,
1094692,2017,2017-08-22,Providence Stadium,1,11.1,St Lucia Stars,Guyana Amazon Warriors,SW Ambris,DJG Sammy,V Permaul,1,0,,,,,,,,,
1094692,2017,2017-08-22,Providence Stadium,1,11.2,St Lucia Stars,Guyana Amazon Warriors,DJG Sammy,SW Ambris,V Permaul,0,0,,,,,,,,,
1094692,2017,2017-08-22,Providence Stadium,1,11.3,St Lucia Stars,Guyana Amazon Warriors,DJG Sammy,SW Ambris,V Permaul,0,0,,,,,,,,,
1094692,2017,2017-08-22,Providence Stadium,1,11.4,St Lucia Stars,Guyana Amazon Warriors,DJG Sammy,SW Ambris,V Permaul,2,0,,,,,,,,,
1094692,2017,2017-08-22,Providence Stadium,1,11.5,St Lucia Stars,Guyana Amazon Warriors,DJG Sammy,SW Ambris,V Permaul,0,0,,,,,,,,,
1094692,2017,2017-08-22,Providence Stadium,1,11.6,St Lucia Stars,Guyana Amazon Warriors,DJG Sammy,SW Ambris,V Permaul,1,0,,,,,,,,,
1094692,2017,2017-08-22,Providence Stadium,1,12.1,St Lucia Stars,Guyana Amazon Warriors,DJG Sammy,SW Ambris,SA Jacobs,0,0,,,,,,,,,
1094692,2017,2017-08-22,Providence Stadium,1,12.2,St Lucia Stars,Guyana Amazon Warriors,DJG Sammy,SW Ambris,SA Jacobs,0,0,,,,,,,,,
1094692,2017,2017-08-22,Providence Stadium,1,12.3,St Lucia Stars,Guyana Amazon Warriors,DJG Sammy,SW Ambris,SA Jacobs,0,0,,,,,,,,,
1094692,2017,2017-08-22,Providence Stadium,1,12.4,St Lucia Stars,Guyana Amazon Warriors,DJG Sammy,SW Ambris,SA Jacobs,0,0,,,,,,,,,
1094692,2017,2017-08-22,Providence Stadium,1,12.5,St Lucia Stars,Guyana Amazon Warriors,DJG Sammy,SW Ambris,SA Jacobs,0,0,,,,,,,,,
1094692,2017,2017-08-22,Providence Stadium,1,12.6,St Lucia Stars,Guyana Amazon Warriors,DJG Sammy,SW Ambris,SA Jacobs,1,0,,,,,,,,,
1094692,2017,2017-08-22,Providence Stadium,1,13.1,St Lucia Stars,Guyana Amazon Warriors,DJG Sammy,SW Ambris,Rashid Khan,1,0,,,,,,,,,
1094692,2017,2017-08-22,Providence Stadium,1,13.2,St Lucia Stars,Guyana Amazon Warriors,SW Ambris,DJG Sammy,Rashid Khan,0,0,,,,,,,,,
1094692,2017,2017-08-22,Providence Stadium,1,13.3,St Lucia Stars,Guyana Amazon Warriors,SW Ambris,DJG Sammy,Rashid Khan,1,0,,,,,,,,,
1094692,2017,2017-08-22,Providence Stadium,1,13.4,St Lucia Stars,Guyana Amazon Warriors,DJG Sammy,SW Ambris,Rashid Khan,2,0,,,,,,,,,
1094692,2017,2017-08-22,Providence Stadium,1,13.5,St Lucia Stars,Guyana Amazon Warriors,DJG Sammy,SW Ambris,Rashid Khan,0,0,,,,,,,,,
1094692,2017,2017-08-22,Providence Stadium,1,13.6,St Lucia Stars,Guyana Amazon Warriors,DJG Sammy,SW Ambris,Rashid Khan,1,0,,,,,,,,,
1094692,2017,2017-08-22,Providence Stadium,1,14.1,St Lucia Stars,Guyana Amazon Warriors,DJG Sammy,SW Ambris,RR Emrit,0,1,1,,,,,,,,
1094692,2017,2017-08-22,Providence Stadium,1,14.2,St Lucia Stars,Guyana Amazon Warriors,DJG Sammy,SW Ambris,RR Emrit,2,0,,,,,,,,,
1094692,2017,2017-08-22,Providence Stadium,1,14.3,St Lucia Stars,Guyana Amazon Warriors,DJG Sammy,SW Ambris,RR Emrit,1,0,,,,,,,,,
1094692,2017,2017-08-22,Providence Stadium,1,14.4,St Lucia Stars,Guyana Amazon Warriors,SW Ambris,DJG Sammy,RR Emrit,2,0,,,,,,,,,
1094692,2017,2017-08-22,Providence Stadium,1,14.5,St Lucia Stars,Guyana Amazon Warriors,SW Ambris,DJG Sammy,RR Emrit,1,0,,,,,,,,,
1094692,2017,2017-08-22,Providence Stadium,1,14.6,St Lucia Stars,Guyana Amazon Warriors,DJG Sammy,SW Ambris,RR Emrit,4,0,,,,,,,,,
1094692,2017,2017-08-22,Providence Stadium,1,14.7,St Lucia Stars,Guyana Amazon Warriors,DJG Sammy,SW Ambris,RR Emrit,1,0,,,,,,,,,
1094692,2017,2017-08-22,Providence Stadium,1,15.1,St Lucia Stars,Guyana Amazon Warriors,DJG Sammy,SW Ambris,Rashid Khan,0,0,,,,,,lbw,DJG Sammy,,
1094692,2017,2017-08-22,Providence Stadium,1,15.2,St Lucia Stars,Guyana Amazon Warriors,RRS Cornwall,SW Ambris,Rashid Khan,0,0,,,,,,,,,
1094692,2017,2017-08-22,Providence Stadium,1,15.3,St Lucia Stars,Guyana Amazon Warriors,RRS Cornwall,SW Ambris,Rashid Khan,1,0,,,,,,,,,
1094692,2017,2017-08-22,Providence Stadium,1,15.4,St Lucia Stars,Guyana Amazon Warriors,SW Ambris,RRS Cornwall,Rashid Khan,0,0,,,,,,,,,
1094692,2017,2017-08-22,Providence Stadium,1,15.5,St Lucia Stars,Guyana Amazon Warriors,SW Ambris,RRS Cornwall,Rashid Khan,0,0,,,,,,,,,
1094692,2017,2017-08-22,Providence Stadium,1,15.6,St Lucia Stars,Guyana Amazon Warriors,SW Ambris,RRS Cornwall,Rashid Khan,0,0,,,,,,,,,
1094692,2017,2017-08-22,Providence Stadium,1,16.1,St Lucia Stars,Guyana Amazon Warriors,RRS Cornwall,SW Ambris,Sohail Tanvir,1,0,,,,,,,,,
1094692,2017,2017-08-22,Providence Stadium,1,16.2,St Lucia Stars,Guyana Amazon Warriors,SW Ambris,RRS Cornwall,Sohail Tanvir,0,0,,,,,,,,,
1094692,2017,2017-08-22,Providence Stadium,1,16.3,St Lucia Stars,Guyana Amazon Warriors,SW Ambris,RRS Cornwall,Sohail Tanvir,1,0,,,,,,,,,
1094692,2017,2017-08-22,Providence Stadium,1,16.4,St Lucia Stars,Guyana Amazon Warriors,RRS Cornwall,SW Ambris,Sohail Tanvir,6,0,,,,,,,,,
1094692,2017,2017-08-22,Providence Stadium,1,16.5,St Lucia Stars,Guyana Amazon Warriors,RRS Cornwall,SW Ambris,Sohail Tanvir,1,0,,,,,,,,,
1094692,2017,2017-08-22,Providence Stadium,1,16.6,St Lucia Stars,Guyana Amazon Warriors,SW Ambris,RRS Cornwall,Sohail Tanvir,1,0,,,,,,,,,
1094692,2017,2017-08-22,Providence Stadium,1,17.1,St Lucia Stars,Guyana Amazon Warriors,SW Ambris,RRS Cornwall,Rashid Khan,1,0,,,,,,,,,
1094692,2017,2017-08-22,Providence Stadium,1,17.2,St Lucia Stars,Guyana Amazon Warriors,RRS Cornwall,SW Ambris,Rashid Khan,1,0,,,,,,,,,
1094692,2017,2017-08-22,Providence Stadium,1,17.3,St Lucia Stars,Guyana Amazon Warriors,SW Ambris,RRS Cornwall,Rashid Khan,0,0,,,,,,,,,
1094692,2017,2017-08-22,Providence Stadium,1,17.4,St Lucia Stars,Guyana Amazon Warriors,SW Ambris,RRS Cornwall,Rashid Khan,1,0,,,,,,,,,
1094692,2017,2017-08-22,Providence Stadium,1,17.5,St Lucia Stars,Guyana Amazon Warriors,RRS Cornwall,SW Ambris,Rashid Khan,0,0,,,,,,caught,RRS Cornwall,,
1094692,2017,2017-08-22,Providence Stadium,1,17.6,St Lucia Stars,Guyana Amazon Warriors,SW Ambris,S Shillingford,Rashid Khan,0,0,,,,,,,,,
1094692,2017,2017-08-22,Providence Stadium,1,18.1,St Lucia Stars,Guyana Amazon Warriors,S Shillingford,SW Ambris,Sohail Tanvir,1,0,,,,,,,,,
1094692,2017,2017-08-22,Providence Stadium,1,18.2,St Lucia Stars,Guyana Amazon Warriors,SW Ambris,S Shillingford,Sohail Tanvir,0,0,,,,,,,,,
1094692,2017,2017-08-22,Providence Stadium,1,18.3,St Lucia Stars,Guyana Amazon Warriors,SW Ambris,S Shillingford,Sohail Tanvir,1,0,,,,,,,,,
1094692,2017,2017-08-22,Providence Stadium,1,18.4,St Lucia Stars,Guyana Amazon Warriors,S Shillingford,SW Ambris,Sohail Tanvir,1,0,,,,,,,,,
1094692,2017,2017-08-22,Providence Stadium,1,18.5,St Lucia Stars,Guyana Amazon Warriors,SW Ambris,S Shillingford,Sohail Tanvir,2,0,,,,,,,,,
1094692,2017,2017-08-22,Providence Stadium,1,18.6,St Lucia Stars,Guyana Amazon Warriors,SW Ambris,S Shillingford,Sohail Tanvir,0,0,,,,,,,,,
1094692,2017,2017-08-22,Providence Stadium,1,19.1,St Lucia Stars,Guyana Amazon Warriors,S Shillingford,SW Ambris,RR Emrit,0,0,,,,,,caught,S Shillingford,,
1094692,2017,2017-08-22,Providence Stadium,1,19.2,St Lucia Stars,Guyana Amazon Warriors,JE Taylor,SW Ambris,RR Emrit,0,0,,,,,,,,,
1094692,2017,2017-08-22,Providence Stadium,1,19.3,St Lucia Stars,Guyana Amazon Warriors,JE Taylor,SW Ambris,RR Emrit,0,0,,,,,,,,,
1094692,2017,2017-08-22,Providence Stadium,1,19.4,St Lucia Stars,Guyana Amazon Warriors,JE Taylor,SW Ambris,RR Emrit,1,0,,,,,,,,,
1094692,2017,2017-08-22,Providence Stadium,1,19.5,St Lucia Stars,Guyana Amazon Warriors,SW Ambris,JE Taylor,RR Emrit,1,0,,,,,,,,,
1094692,2017,2017-08-22,Providence Stadium,1,19.6,St Lucia Stars,Guyana Amazon Warriors,JE Taylor,SW Ambris,RR Emrit,6,0,,,,,,,,,
1094692,2017,2017-08-22,Providence Stadium,2,0.1,Guyana Amazon Warriors,St Lucia Stars,CAK Walton,Sohail Tanvir,JE Taylor,0,0,,,,,,lbw,CAK Walton,,
1094692,2017,2017-08-22,Providence Stadium,2,0.2,Guyana Amazon Warriors,St Lucia Stars,MJ Guptill,Sohail Tanvir,JE Taylor,0,1,1,,,,,,,,
1094692,2017,2017-08-22,Providence Stadium,2,0.3,Guyana Amazon Warriors,St Lucia Stars,MJ Guptill,Sohail Tanvir,JE Taylor,0,0,,,,,,,,,
1094692,2017,2017-08-22,Providence Stadium,2,0.4,Guyana Amazon Warriors,St Lucia Stars,MJ Guptill,Sohail Tanvir,JE Taylor,0,0,,,,,,,,,
1094692,2017,2017-08-22,Providence Stadium,2,0.5,Guyana Amazon Warriors,St Lucia Stars,MJ Guptill,Sohail Tanvir,JE Taylor,1,0,,,,,,,,,
1094692,2017,2017-08-22,Providence Stadium,2,0.6,Guyana Amazon Warriors,St Lucia Stars,Sohail Tanvir,MJ Guptill,JE Taylor,0,0,,,,,,,,,
1094692,2017,2017-08-22,Providence Stadium,2,0.7,Guyana Amazon Warriors,St Lucia Stars,Sohail Tanvir,MJ Guptill,JE Taylor,0,0,,,,,,,,,
1094692,2017,2017-08-22,Providence Stadium,2,1.1,Guyana Amazon Warriors,St Lucia Stars,MJ Guptill,Sohail Tanvir,S Shillingford,1,0,,,,,,,,,
1094692,2017,2017-08-22,Providence Stadium,2,1.2,Guyana Amazon Warriors,St Lucia Stars,Sohail Tanvir,MJ Guptill,S Shillingford,0,0,,,,,,,,,
1094692,2017,2017-08-22,Providence Stadium,2,1.3,Guyana Amazon Warriors,St Lucia Stars,Sohail Tanvir,MJ Guptill,S Shillingford,2,0,,,,,,,,,
1094692,2017,2017-08-22,Providence Stadium,2,1.4,Guyana Amazon Warriors,St Lucia Stars,Sohail Tanvir,MJ Guptill,S Shillingford,4,0,,,,,,,,,
1094692,2017,2017-08-22,Providence Stadium,2,1.5,Guyana Amazon Warriors,St Lucia Stars,Sohail Tanvir,MJ Guptill,S Shillingford,1,0,,,,,,,,,
1094692,2017,2017-08-22,Providence Stadium,2,1.6,Guyana Amazon Warriors,St Lucia Stars,MJ Guptill,Sohail Tanvir,S Shillingford,0,0,,,,,,,,,
1094692,2017,2017-08-22,Providence Stadium,2,2.1,Guyana Amazon Warriors,St Lucia Stars,Sohail Tanvir,MJ Guptill,JE Taylor,4,0,,,,,,,,,
1094692,2017,2017-08-22,Providence Stadium,2,2.2,Guyana Amazon Warriors,St Lucia Stars,Sohail Tanvir,MJ Guptill,JE Taylor,1,0,,,,,,,,,
1094692,2017,2017-08-22,Providence Stadium,2,2.3,Guyana Amazon Warriors,St Lucia Stars,MJ Guptill,Sohail Tanvir,JE Taylor,6,0,,,,,,,,,
1094692,2017,2017-08-22,Providence Stadium,2,2.4,Guyana Amazon Warriors,St Lucia Stars,MJ Guptill,Sohail Tanvir,JE Taylor,0,0,,,,,,,,,
1094692,2017,2017-08-22,Providence Stadium,2,2.5,Guyana Amazon Warriors,St Lucia Stars,MJ Guptill,Sohail Tanvir,JE Taylor,0,0,,,,,,,,,
1094692,2017,2017-08-22,Providence Stadium,2,2.6,Guyana Amazon Warriors,St Lucia Stars,MJ Guptill,Sohail Tanvir,JE Taylor,0,1,,,,1,,,,,
1094692,2017,2017-08-22,Providence Stadium,2,3.1,Guyana Amazon Warriors,St Lucia Stars,MJ Guptill,Sohail Tanvir,RRS Cornwall,0,0,,,,,,,,,
1094692,2017,2017-08-22,Providence Stadium,2,3.2,Guyana Amazon Warriors,St Lucia Stars,MJ Guptill,Sohail Tanvir,RRS Cornwall,0,0,,,,,,stumped,MJ Guptill,,
1094692,2017,2017-08-22,Providence Stadium,2,3.3,Guyana Amazon Warriors,St Lucia Stars,JN Mohammed,Sohail Tanvir,RRS Cornwall,0,0,,,,,,,,,
1094692,2017,2017-08-22,Providence Stadium,2,3.4,Guyana Amazon Warriors,St Lucia Stars,JN Mohammed,Sohail Tanvir,RRS Cornwall,0,0,,,,,,,,,
1094692,2017,2017-08-22,Providence Stadium,2,3.5,Guyana Amazon Warriors,St Lucia Stars,JN Mohammed,Sohail Tanvir,RRS Cornwall,1,0,,,,,,,,,
1094692,2017,2017-08-22,Providence Stadium,2,3.6,Guyana Amazon Warriors,St Lucia Stars,Sohail Tanvir,JN Mohammed,RRS Cornwall,0,0,,,,,,,,,
1094692,2017,2017-08-22,Providence Stadium,2,4.1,Guyana Amazon Warriors,St Lucia Stars,JN Mohammed,Sohail Tanvir,E Leie,1,0,,,,,,,,,
1094692,2017,2017-08-22,Providence Stadium,2,4.2,Guyana Amazon Warriors,St Lucia Stars,Sohail Tanvir,JN Mohammed,E Leie,0,0,,,,,,,,,
1094692,2017,2017-08-22,Providence Stadium,2,4.3,Guyana Amazon Warriors,St Lucia Stars,Sohail Tanvir,JN Mohammed,E Leie,0,0,,,,,,,,,
1094692,2017,2017-08-22,Providence Stadium,2,4.4,Guyana Amazon Warriors,St Lucia Stars,Sohail Tanvir,JN Mohammed,E Leie,4,0,,,,,,,,,
1094692,2017,2017-08-22,Providence Stadium,2,4.5,Guyana Amazon Warriors,St Lucia Stars,Sohail Tanvir,JN Mohammed,E Leie,0,0,,,,,,,,,
1094692,2017,2017-08-22,Providence Stadium,2,4.6,Guyana Amazon Warriors,St Lucia Stars,Sohail Tanvir,JN Mohammed,E Leie,6,0,,,,,,,,,
1094692,2017,2017-08-22,Providence Stadium,2,5.1,Guyana Amazon Warriors,St Lucia Stars,JN Mohammed,Sohail Tanvir,RRS Cornwall,0,0,,,,,,,,,
1094692,2017,2017-08-22,Providence Stadium,2,5.2,Guyana Amazon Warriors,St Lucia Stars,JN Mohammed,Sohail Tanvir,RRS Cornwall,6,0,,,,,,,,,
1094692,2017,2017-08-22,Providence Stadium,2,5.3,Guyana Amazon Warriors,St Lucia Stars,JN Mohammed,Sohail Tanvir,RRS Cornwall,1,0,,,,,,,,,
1094692,2017,2017-08-22,Providence Stadium,2,5.4,Guyana Amazon Warriors,St Lucia Stars,Sohail Tanvir,JN Mohammed,RRS Cornwall,0,0,,,,,,,,,
1094692,2017,2017-08-22,Providence Stadium,2,5.5,Guyana Amazon Warriors,St Lucia Stars,Sohail Tanvir,JN Mohammed,RRS Cornwall,0,0,,,,,,,,,
1094692,2017,2017-08-22,Providence Stadium,2,5.6,Guyana Amazon Warriors,St Lucia Stars,Sohail Tanvir,JN Mohammed,RRS Cornwall,0,0,,,,,,,,,
1094692,2017,2017-08-22,Providence Stadium,2,6.1,Guyana Amazon Warriors,St Lucia Stars,JN Mohammed,Sohail Tanvir,S Shillingford,2,0,,,,,,,,,
1094692,2017,2017-08-22,Providence Stadium,2,6.2,Guyana Amazon Warriors,St Lucia Stars,JN Mohammed,Sohail Tanvir,S Shillingford,0,0,,,,,,,,,
1094692,2017,2017-08-22,Providence Stadium,2,6.3,Guyana Amazon Warriors,St Lucia Stars,JN Mohammed,Sohail Tanvir,S Shillingford,0,0,,,,,,,,,
1094692,2017,2017-08-22,Providence Stadium,2,6.4,Guyana Amazon Warriors,St Lucia Stars,JN Mohammed,Sohail Tanvir,S Shillingford,0,0,,,,,,,,,
1094692,2017,2017-08-22,Providence Stadium,2,6.5,Guyana Amazon Warriors,St Lucia Stars,JN Mohammed,Sohail Tanvir,S Shillingford,1,0,,,,,,,,,
1094692,2017,2017-08-22,Providence Stadium,2,6.6,Guyana Amazon Warriors,St Lucia Stars,Sohail Tanvir,JN Mohammed,S Shillingford,1,0,,,,,,,,,
1094692,2017,2017-08-22,Providence Stadium,2,7.1,Guyana Amazon Warriors,St Lucia Stars,Sohail Tanvir,JN Mohammed,RRS Cornwall,0,0,,,,,,,,,
1094692,2017,2017-08-22,Providence Stadium,2,7.2,Guyana Amazon Warriors,St Lucia Stars,Sohail Tanvir,JN Mohammed,RRS Cornwall,0,0,,,,,,,,,
1094692,2017,2017-08-22,Providence Stadium,2,7.3,Guyana Amazon Warriors,St Lucia Stars,Sohail Tanvir,JN Mohammed,RRS Cornwall,4,0,,,,,,,,,
1094692,2017,2017-08-22,Providence Stadium,2,7.4,Guyana Amazon Warriors,St Lucia Stars,Sohail Tanvir,JN Mohammed,RRS Cornwall,2,0,,,,,,,,,
1094692,2017,2017-08-22,Providence Stadium,2,7.5,Guyana Amazon Warriors,St Lucia Stars,Sohail Tanvir,JN Mohammed,RRS Cornwall,2,0,,,,,,,,,
1094692,2017,2017-08-22,Providence Stadium,2,7.6,Guyana Amazon Warriors,St Lucia Stars,Sohail Tanvir,JN Mohammed,RRS Cornwall,0,0,,,,,,,,,
1094692,2017,2017-08-22,Providence Stadium,2,8.1,Guyana Amazon Warriors,St Lucia Stars,JN Mohammed,Sohail Tanvir,MJ McClenaghan,0,0,,,,,,,,,
1094692,2017,2017-08-22,Providence Stadium,2,8.2,Guyana Amazon Warriors,St Lucia Stars,JN Mohammed,Sohail Tanvir,MJ McClenaghan,0,0,,,,,,,,,
1094692,2017,2017-08-22,Providence Stadium,2,8.3,Guyana Amazon Warriors,St Lucia Stars,JN Mohammed,Sohail Tanvir,MJ McClenaghan,4,0,,,,,,,,,
1094692,2017,2017-08-22,Providence Stadium,2,8.4,Guyana Amazon Warriors,St Lucia Stars,JN Mohammed,Sohail Tanvir,MJ McClenaghan,1,0,,,,,,,,,
1094692,2017,2017-08-22,Providence Stadium,2,8.5,Guyana Amazon Warriors,St Lucia Stars,Sohail Tanvir,JN Mohammed,MJ McClenaghan,4,0,,,,,,,,,
1094692,2017,2017-08-22,Providence Stadium,2,8.6,Guyana Amazon Warriors,St Lucia Stars,Sohail Tanvir,JN Mohammed,MJ McClenaghan,0,0,,,,,,,,,
1094692,2017,2017-08-22,Providence Stadium,2,9.1,Guyana Amazon Warriors,St Lucia Stars,JN Mohammed,Sohail Tanvir,RRS Cornwall,1,0,,,,,,,,,
1094692,2017,2017-08-22,Providence Stadium,2,9.2,Guyana Amazon Warriors,St Lucia Stars,Sohail Tanvir,JN Mohammed,RRS Cornwall,2,0,,,,,,,,,
1094692,2017,2017-08-22,Providence Stadium,2,9.3,Guyana Amazon Warriors,St Lucia Stars,Sohail Tanvir,JN Mohammed,RRS Cornwall,1,0,,,,,,,,,
1094692,2017,2017-08-22,Providence Stadium,2,9.4,Guyana Amazon Warriors,St Lucia Stars,JN Mohammed,Sohail Tanvir,RRS Cornwall,0,0,,,,,,,,,
1094692,2017,2017-08-22,Providence Stadium,2,9.5,Guyana Amazon Warriors,St Lucia Stars,JN Mohammed,Sohail Tanvir,RRS Cornwall,0,3,3,,,,,,,,
1094692,2017,2017-08-22,Providence Stadium,2,9.6,Guyana Amazon Warriors,St Lucia Stars,JN Mohammed,Sohail Tanvir,RRS Cornwall,0,0,,,,,,,,,
1094692,2017,2017-08-22,Providence Stadium,2,9.7,Guyana Amazon Warriors,St Lucia Stars,JN Mohammed,Sohail Tanvir,RRS Cornwall,4,0,,,,,,,,,
1094692,2017,2017-08-22,Providence Stadium,2,10.1,Guyana Amazon Warriors,St Lucia Stars,Sohail Tanvir,JN Mohammed,S Shillingford,0,0,,,,,,stumped,Sohail Tanvir,,
1094692,2017,2017-08-22,Providence Stadium,2,10.2,Guyana Amazon Warriors,St Lucia Stars,G Singh,JN Mohammed,S Shillingford,1,0,,,,,,,,,
1094692,2017,2017-08-22,Providence Stadium,2,10.3,Guyana Amazon Warriors,St Lucia Stars,JN Mohammed,G Singh,S Shillingford,1,0,,,,,,,,,
1094692,2017,2017-08-22,Providence Stadium,2,10.4,Guyana Amazon Warriors,St Lucia Stars,G Singh,JN Mohammed,S Shillingford,0,0,,,,,,,,,
1094692,2017,2017-08-22,Providence Stadium,2,10.5,Guyana Amazon Warriors,St Lucia Stars,G Singh,JN Mohammed,S Shillingford,1,0,,,,,,,,,
1094692,2017,2017-08-22,Providence Stadium,2,10.6,Guyana Amazon Warriors,St Lucia Stars,JN Mohammed,G Singh,S Shillingford,0,0,,,,,,,,,
1094692,2017,2017-08-22,Providence Stadium,2,11.1,Guyana Amazon Warriors,St Lucia Stars,G Singh,JN Mohammed,E Leie,0,0,,,,,,,,,
1094692,2017,2017-08-22,Providence Stadium,2,11.2,Guyana Amazon Warriors,St Lucia Stars,G Singh,JN Mohammed,E Leie,1,0,,,,,,,,,
1094692,2017,2017-08-22,Providence Stadium,2,11.3,Guyana Amazon Warriors,St Lucia Stars,JN Mohammed,G Singh,E Leie,0,0,,,,,,,,,
1094692,2017,2017-08-22,Providence Stadium,2,11.4,Guyana Amazon Warriors,St Lucia Stars,JN Mohammed,G Singh,E Leie,1,0,,,,,,,,,
1094692,2017,2017-08-22,Providence Stadium,2,11.5,Guyana Amazon Warriors,St Lucia Stars,G Singh,JN Mohammed,E Leie,1,0,,,,,,,,,
1094692,2017,2017-08-22,Providence Stadium,2,11.6,Guyana Amazon Warriors,St Lucia Stars,JN Mohammed,G Singh,E Leie,0,0,,,,,,,,,
1094692,2017,2017-08-22,Providence Stadium,2,12.1,Guyana Amazon Warriors,St Lucia Stars,G Singh,JN Mohammed,S Shillingford,1,0,,,,,,,,,
1094692,2017,2017-08-22,Providence Stadium,2,12.2,Guyana Amazon Warriors,St Lucia Stars,JN Mohammed,G Singh,S Shillingford,1,0,,,,,,,,,
1094692,2017,2017-08-22,Providence Stadium,2,12.3,Guyana Amazon Warriors,St Lucia Stars,G Singh,JN Mohammed,S Shillingford,0,0,,,,,,,,,
1094692,2017,2017-08-22,Providence Stadium,2,12.4,Guyana Amazon Warriors,St Lucia Stars,G Singh,JN Mohammed,S Shillingford,1,0,,,,,,,,,
1094692,2017,2017-08-22,Providence Stadium,2,12.5,Guyana Amazon Warriors,St Lucia Stars,JN Mohammed,G Singh,S Shillingford,0,0,,,,,,,,,
1094692,2017,2017-08-22,Providence Stadium,2,12.6,Guyana Amazon Warriors,St Lucia Stars,JN Mohammed,G Singh,S Shillingford,2,0,,,,,,,,,
1094692,2017,2017-08-22,Providence Stadium,2,13.1,Guyana Amazon Warriors,St Lucia Stars,G Singh,JN Mohammed,E Leie,1,0,,,,,,,,,
1094692,2017,2017-08-22,Providence Stadium,2,13.2,Guyana Amazon Warriors,St Lucia Stars,JN Mohammed,G Singh,E Leie,6,0,,,,,,,,,
1094692,2017,2017-08-22,Providence Stadium,2,13.3,Guyana Amazon Warriors,St Lucia Stars,JN Mohammed,G Singh,E Leie,2,0,,,,,,,,,
1094692,2017,2017-08-22,Providence Stadium,2,13.4,Guyana Amazon Warriors,St Lucia Stars,JN Mohammed,G Singh,E Leie,0,0,,,,,,,,,
1094692,2017,2017-08-22,Providence Stadium,2,13.5,Guyana Amazon Warriors,St Lucia Stars,JN Mohammed,G Singh,E Leie,1,0,,,,,,,,,
1094692,2017,2017-08-22,Providence Stadium,2,13.6,Guyana Amazon Warriors,St Lucia Stars,G Singh,JN Mohammed,E Leie,0,0,,,,,,,,,
1094692,2017,2017-08-22,Providence Stadium,2,14.1,Guyana Amazon Warriors,St Lucia Stars,JN Mohammed,G Singh,MJ McClenaghan,4,0,,,,,,,,,
1094692,2017,2017-08-22,Providence Stadium,2,14.2,Guyana Amazon Warriors,St Lucia Stars,JN Mohammed,G Singh,MJ McClenaghan,1,0,,,,,,,,,
1094692,2017,2017-08-22,Providence Stadium,2,14.3,Guyana Amazon Warriors,St Lucia Stars,G Singh,JN Mohammed,MJ McClenaghan,1,0,,,,,,,,,
1094692,2017,2017-08-22,Providence Stadium,2,14.4,Guyana Amazon Warriors,St Lucia Stars,JN Mohammed,G Singh,MJ McClenaghan,1,0,,,,,,,,,
