match_id,season,start_date,venue,innings,ball,batting_team,bowling_team,striker,non_striker,bowler,runs_off_bat,extras,wides,noballs,byes,legbyes,penalty,wicket_type,player_dismissed,other_wicket_type,other_player_dismissed
1148662,2018,2018-08-25,"Kensington Oval, Bridgetown",1,0.1,Barbados Tridents,St Kitts and Nevis Patriots,DR Smith,MJ Guptill,SS Cottrell,1,0,,,,,,,,,
1148662,2018,2018-08-25,"Kensington Oval, Bridgetown",1,0.2,Barbados Tridents,St Kitts and Nevis Patriots,MJ Guptill,DR Smith,SS Cottrell,0,0,,,,,,,,,
1148662,2018,2018-08-25,"Kensington Oval, Bridgetown",1,0.3,Barbados Tridents,St Kitts and Nevis Patriots,MJ Guptill,DR Smith,SS Cottrell,0,0,,,,,,,,,
1148662,2018,2018-08-25,"Kensington Oval, Bridgetown",1,0.4,Barbados Tridents,St Kitts and Nevis Patriots,MJ Guptill,DR Smith,SS Cottrell,1,0,,,,,,,,,
1148662,2018,2018-08-25,"Kensington Oval, Bridgetown",1,0.5,Barbados Tridents,St Kitts and Nevis Patriots,DR Smith,MJ Guptill,SS Cottrell,0,0,,,,,,,,,
1148662,2018,2018-08-25,"Kensington Oval, Bridgetown",1,0.6,Barbados Tridents,St Kitts and Nevis Patriots,DR Smith,MJ Guptill,SS Cottrell,1,0,,,,,,,,,
1148662,2018,2018-08-25,"Kensington Oval, Bridgetown",1,1.1,Barbados Tridents,St Kitts and Nevis Patriots,DR Smith,MJ Guptill,AP Devcich,0,0,,,,,,,,,
1148662,2018,2018-08-25,"Kensington Oval, Bridgetown",1,1.2,Barbados Tridents,St Kitts and Nevis Patriots,DR Smith,MJ Guptill,AP Devcich,1,0,,,,,,,,,
1148662,2018,2018-08-25,"Kensington Oval, Bridgetown",1,1.3,Barbados Tridents,St Kitts and Nevis Patriots,MJ Guptill,DR Smith,AP Devcich,0,0,,,,,,,,,
1148662,2018,2018-08-25,"Kensington Oval, Bridgetown",1,1.4,Barbados Tridents,St Kitts and Nevis Patriots,MJ Guptill,DR Smith,AP Devcich,0,0,,,,,,,,,
1148662,2018,2018-08-25,"Kensington Oval, Bridgetown",1,1.5,Barbados Tridents,St Kitts and Nevis Patriots,MJ Guptill,DR Smith,AP Devcich,4,0,,,,,,,,,
1148662,2018,2018-08-25,"Kensington Oval, Bridgetown",1,1.6,Barbados Tridents,St Kitts and Nevis Patriots,MJ Guptill,DR Smith,AP Devcich,0,0,,,,,,,,,
1148662,2018,2018-08-25,"Kensington Oval, Bridgetown",1,2.1,Barbados Tridents,St Kitts and Nevis Patriots,DR Smith,MJ Guptill,SS Cottrell,1,0,,,,,,,,,
1148662,2018,2018-08-25,"Kensington Oval, Bridgetown",1,2.2,Barbados Tridents,St Kitts and Nevis Patriots,MJ Guptill,DR Smith,SS Cottrell,0,0,,,,,,,,,
1148662,2018,2018-08-25,"Kensington Oval, Bridgetown",1,2.3,Barbados Tridents,St Kitts and Nevis Patriots,MJ Guptill,DR Smith,SS Cottrell,0,0,,,,,,,,,
1148662,2018,2018-08-25,"Kensington Oval, Bridgetown",1,2.4,Barbados Tridents,St Kitts and Nevis Patriots,MJ Guptill,DR Smith,SS Cottrell,2,0,,,,,,,,,
1148662,2018,2018-08-25,"Kensington Oval, Bridgetown",1,2.5,Barbados Tridents,St Kitts and Nevis Patriots,MJ Guptill,DR Smith,SS Cottrell,1,0,,,,,,,,,
1148662,2018,2018-08-25,"Kensington Oval, Bridgetown",1,2.6,Barbados Tridents,St Kitts and Nevis Patriots,DR Smith,MJ Guptill,SS Cottrell,1,0,,,,,,,,,
1148662,2018,2018-08-25,"Kensington Oval, Bridgetown",1,3.1,Barbados Tridents,St Kitts and Nevis Patriots,DR Smith,MJ Guptill,AP Devcich,0,0,,,,,,,,,
1148662,2018,2018-08-25,"Kensington Oval, Bridgetown",1,3.2,Barbados Tridents,St Kitts and Nevis Patriots,DR Smith,MJ Guptill,AP Devcich,4,0,,,,,,,,,
1148662,2018,2018-08-25,"Kensington Oval, Bridgetown",1,3.3,Barbados Tridents,St Kitts and Nevis Patriots,DR Smith,MJ Guptill,AP Devcich,0,0,,,,,,,,,
1148662,2018,2018-08-25,"Kensington Oval, Bridgetown",1,3.4,Barbados Tridents,St Kitts and Nevis Patriots,DR Smith,MJ Guptill,AP Devcich,0,0,,,,,,,,,
1148662,2018,2018-08-25,"Kensington Oval, Bridgetown",1,3.5,Barbados Tridents,St Kitts and Nevis Patriots,DR Smith,MJ Guptill,AP Devcich,1,0,,,,,,,,,
1148662,2018,2018-08-25,"Kensington Oval, Bridgetown",1,3.6,Barbados Tridents,St Kitts and Nevis Patriots,MJ Guptill,DR Smith,AP Devcich,6,0,,,,,,,,,
1148662,2018,2018-08-25,"Kensington Oval, Bridgetown",1,4.1,Barbados Tridents,St Kitts and Nevis Patriots,DR Smith,MJ Guptill,CR Brathwaite,0,0,,,,,,,,,
1148662,2018,2018-08-25,"Kensington Oval, Bridgetown",1,4.2,Barbados Tridents,St Kitts and Nevis Patriots,DR Smith,MJ Guptill,CR Brathwaite,0,0,,,,,,,,,
1148662,2018,2018-08-25,"Kensington Oval, Bridgetown",1,4.3,Barbados Tridents,St Kitts and Nevis Patriots,DR Smith,MJ Guptill,CR Brathwaite,1,0,,,,,,,,,
1148662,2018,2018-08-25,"Kensington Oval, Bridgetown",1,4.4,Barbados Tridents,St Kitts and Nevis Patriots,MJ Guptill,DR Smith,CR Brathwaite,1,0,,,,,,,,,
1148662,2018,2018-08-25,"Kensington Oval, Bridgetown",1,4.5,Barbados Tridents,St Kitts and Nevis Patriots,DR Smith,MJ Guptill,CR Brathwaite,0,0,,,,,,,,,
1148662,2018,2018-08-25,"Kensington Oval, Bridgetown",1,4.6,Barbados Tridents,St Kitts and Nevis Patriots,DR Smith,MJ Guptill,CR Brathwaite,0,0,,,,,,,,,
1148662,2018,2018-08-25,"Kensington Oval, Bridgetown",1,5.1,Barbados Tridents,St Kitts and Nevis Patriots,MJ Guptill,DR Smith,S Lamichhane,1,0,,,,,,,,,
1148662,2018,2018-08-25,"Kensington Oval, Bridgetown",1,5.2,Barbados Tridents,St Kitts and Nevis Patriots,DR Smith,MJ Guptill,S Lamichhane,1,0,,,,,,,,,
1148662,2018,2018-08-25,"Kensington Oval, Bridgetown",1,5.3,Barbados Tridents,St Kitts and Nevis Patriots,MJ Guptill,DR Smith,S Lamichhane,0,0,,,,,,,,,
1148662,2018,2018-08-25,"Kensington Oval, Bridgetown",1,5.4,Barbados Tridents,St Kitts and Nevis Patriots,MJ Guptill,DR Smith,S Lamichhane,1,0,,,,,,,,,
1148662,2018,2018-08-25,"Kensington Oval, Bridgetown",1,5.5,Barbados Tridents,St Kitts and Nevis Patriots,DR Smith,MJ Guptill,S Lamichhane,4,0,,,,,,,,,
1148662,2018,2018-08-25,"Kensington Oval, Bridgetown",1,5.6,Barbados Tridents,St Kitts and Nevis Patriots,DR Smith,MJ Guptill,S Lamichhane,1,0,,,,,,,,,
1148662,2018,2018-08-25,"Kensington Oval, Bridgetown",1,6.1,Barbados Tridents,St Kitts and Nevis Patriots,DR Smith,MJ Guptill,AP Devcich,2,0,,,,,,,,,
1148662,2018,2018-08-25,"Kensington Oval, Bridgetown",1,6.2,Barbados Tridents,St Kitts and Nevis Patriots,DR Smith,MJ Guptill,AP Devcich,0,0,,,,,,,,,
1148662,2018,2018-08-25,"Kensington Oval, Bridgetown",1,6.3,Barbados Tridents,St Kitts and Nevis Patriots,DR Smith,MJ Guptill,AP Devcich,0,0,,,,,,,,,
1148662,2018,2018-08-25,"Kensington Oval, Bridgetown",1,6.4,Barbados Tridents,St Kitts and Nevis Patriots,DR Smith,MJ Guptill,AP Devcich,1,0,,,,,,,,,
1148662,2018,2018-08-25,"Kensington Oval, Bridgetown",1,6.5,Barbados Tridents,St Kitts and Nevis Patriots,MJ Guptill,DR Smith,AP Devcich,0,0,,,,,,,,,
1148662,2018,2018-08-25,"Kensington Oval, Bridgetown",1,6.6,Barbados Tridents,St Kitts and Nevis Patriots,MJ Guptill,DR Smith,AP Devcich,1,0,,,,,,,,,
1148662,2018,2018-08-25,"Kensington Oval, Bridgetown",1,7.1,Barbados Tridents,St Kitts and Nevis Patriots,MJ Guptill,DR Smith,BCJ Cutting,1,0,,,,,,,,,
1148662,2018,2018-08-25,"Kensington Oval, Bridgetown",1,7.2,Barbados Tridents,St Kitts and Nevis Patriots,DR Smith,MJ Guptill,BCJ Cutting,0,0,,,,,,,,,
1148662,2018,2018-08-25,"Kensington Oval, Bridgetown",1,7.3,Barbados Tridents,St Kitts and Nevis Patriots,DR Smith,MJ Guptill,BCJ Cutting,0,0,,,,,,run out,MJ Guptill,,
1148662,2018,2018-08-25,"Kensington Oval, Bridgetown",1,7.4,Barbados Tridents,St Kitts and Nevis Patriots,DR Smith,JO Holder,BCJ Cutting,0,0,,,,,,caught,DR Smith,,
1148662,2018,2018-08-25,"Kensington Oval, Bridgetown",1,7.5,Barbados Tridents,St Kitts and Nevis Patriots,JO Holder,SD Hope,BCJ Cutting,4,0,,,,,,,,,
1148662,2018,2018-08-25,"Kensington Oval, Bridgetown",1,7.6,Barbados Tridents,St Kitts and Nevis Patriots,JO Holder,SD Hope,BCJ Cutting,1,0,,,,,,,,,
1148662,2018,2018-08-25,"Kensington Oval, Bridgetown",1,8.1,Barbados Tridents,St Kitts and Nevis Patriots,JO Holder,SD Hope,S Lamichhane,1,0,,,,,,,,,
1148662,2018,2018-08-25,"Kensington Oval, Bridgetown",1,8.2,Barbados Tridents,St Kitts and Nevis Patriots,SD Hope,JO Holder,S Lamichhane,0,0,,,,,,,,,
1148662,2018,2018-08-25,"Kensington Oval, Bridgetown",1,8.3,Barbados Tridents,St Kitts and Nevis Patriots,SD Hope,JO Holder,S Lamichhane,0,1,,,,1,,,,,
1148662,2018,2018-08-25,"Kensington Oval, Bridgetown",1,8.4,Barbados Tridents,St Kitts and Nevis Patriots,JO Holder,SD Hope,S Lamichhane,0,0,,,,,,,,,
1148662,2018,2018-08-25,"Kensington Oval, Bridgetown",1,8.5,Barbados Tridents,St Kitts and Nevis Patriots,JO Holder,SD Hope,S Lamichhane,0,0,,,,,,,,,
1148662,2018,2018-08-25,"Kensington Oval, Bridgetown",1,8.6,Barbados Tridents,St Kitts and Nevis Patriots,JO Holder,SD Hope,S Lamichhane,6,0,,,,,,,,,
1148662,2018,2018-08-25,"Kensington Oval, Bridgetown",1,9.1,Barbados Tridents,St Kitts and Nevis Patriots,SD Hope,JO Holder,BCJ Cutting,1,0,,,,,,,,,
1148662,2018,2018-08-25,"Kensington Oval, Bridgetown",1,9.2,Barbados Tridents,St Kitts and Nevis Patriots,JO Holder,SD Hope,BCJ Cutting,0,0,,,,,,,,,
1148662,2018,2018-08-25,"Kensington Oval, Bridgetown",1,9.3,Barbados Tridents,St Kitts and Nevis Patriots,JO Holder,SD Hope,BCJ Cutting,0,0,,,,,,,,,
1148662,2018,2018-08-25,"Kensington Oval, Bridgetown",1,9.4,Barbados Tridents,St Kitts and Nevis Patriots,JO Holder,SD Hope,BCJ Cutting,0,0,,,,,,,,,
1148662,2018,2018-08-25,"Kensington Oval, Bridgetown",1,9.5,Barbados Tridents,St Kitts and Nevis Patriots,JO Holder,SD Hope,BCJ Cutting,0,0,,,,,,,,,
1148662,2018,2018-08-25,"Kensington Oval, Bridgetown",1,9.6,Barbados Tridents,St Kitts and Nevis Patriots,JO Holder,SD Hope,BCJ Cutting,1,0,,,,,,,,,
1148662,2018,2018-08-25,"Kensington Oval, Bridgetown",1,10.1,Barbados Tridents,St Kitts and Nevis Patriots,JO Holder,SD Hope,CR Brathwaite,1,0,,,,,,,,,
1148662,2018,2018-08-25,"Kensington Oval, Bridgetown",1,10.2,Barbados Tridents,St Kitts and Nevis Patriots,SD Hope,JO Holder,CR Brathwaite,0,2,,,,2,,,,,
1148662,2018,2018-08-25,"Kensington Oval, Bridgetown",1,10.3,Barbados Tridents,St Kitts and Nevis Patriots,SD Hope,JO Holder,CR Brathwaite,0,1,,,,1,,,,,
1148662,2018,2018-08-25,"Kensington Oval, Bridgetown",1,10.4,Barbados Tridents,St Kitts and Nevis Patriots,JO Holder,SD Hope,CR Brathwaite,4,0,,,,,,,,,
1148662,2018,2018-08-25,"Kensington Oval, Bridgetown",1,10.5,Barbados Tridents,St Kitts and Nevis Patriots,JO Holder,SD Hope,CR Brathwaite,0,0,,,,,,,,,
1148662,2018,2018-08-25,"Kensington Oval, Bridgetown",1,10.6,Barbados Tridents,St Kitts and Nevis Patriots,JO Holder,SD Hope,CR Brathwaite,1,0,,,,,,,,,
1148662,2018,2018-08-25,"Kensington Oval, Bridgetown",1,11.1,Barbados Tridents,St Kitts and Nevis Patriots,JO Holder,SD Hope,S Lamichhane,4,0,,,,,,,,,
1148662,2018,2018-08-25,"Kensington Oval, Bridgetown",1,11.2,Barbados Tridents,St Kitts and Nevis Patriots,JO Holder,SD Hope,S Lamichhane,1,0,,,,,,,,,
1148662,2018,2018-08-25,"Kensington Oval, Bridgetown",1,11.3,Barbados Tridents,St Kitts and Nevis Patriots,SD Hope,JO Holder,S Lamichhane,1,0,,,,,,,,,
1148662,2018,2018-08-25,"Kensington Oval, Bridgetown",1,11.4,Barbados Tridents,St Kitts and Nevis Patriots,JO Holder,SD Hope,S Lamichhane,1,0,,,,,,,,,
1148662,2018,2018-08-25,"Kensington Oval, Bridgetown",1,11.5,Barbados Tridents,St Kitts and Nevis Patriots,SD Hope,JO Holder,S Lamichhane,4,0,,,,,,,,,
1148662,2018,2018-08-25,"Kensington Oval, Bridgetown",1,11.6,Barbados Tridents,St Kitts and Nevis Patriots,SD Hope,JO Holder,S Lamichhane,6,0,,,,,,,,,
1148662,2018,2018-08-25,"Kensington Oval, Bridgetown",1,12.1,Barbados Tridents,St Kitts and Nevis Patriots,JO Holder,SD Hope,CR Brathwaite,6,0,,,,,,,,,
1148662,2018,2018-08-25,"Kensington Oval, Bridgetown",1,12.2,Barbados Tridents,St Kitts and Nevis Patriots,JO Holder,SD Hope,CR Brathwaite,0,1,,,,1,,,,,
1148662,2018,2018-08-25,"Kensington Oval, Bridgetown",1,12.3,Barbados Tridents,St Kitts and Nevis Patriots,SD Hope,JO Holder,CR Brathwaite,0,0,,,,,,,,,
1148662,2018,2018-08-25,"Kensington Oval, Bridgetown",1,12.4,Barbados Tridents,St Kitts and Nevis Patriots,SD Hope,JO Holder,CR Brathwaite,1,0,,,,,,,,,
1148662,2018,2018-08-25,"Kensington Oval, Bridgetown",1,12.5,Barbados Tridents,St Kitts and Nevis Patriots,JO Holder,SD Hope,CR Brathwaite,4,0,,,,,,,,,
1148662,2018,2018-08-25,"Kensington Oval, Bridgetown",1,12.6,Barbados Tridents,St Kitts and Nevis Patriots,JO Holder,SD Hope,CR Brathwaite,1,0,,,,,,,,,
1148662,2018,2018-08-25,"Kensington Oval, Bridgetown",1,13.1,Barbados Tridents,St Kitts and Nevis Patriots,JO Holder,SD Hope,BCJ Cutting,0,0,,,,,,,,,
1148662,2018,2018-08-25,"Kensington Oval, Bridgetown",1,13.2,Barbados Tridents,St Kitts and Nevis Patriots,JO Holder,SD Hope,BCJ Cutting,1,0,,,,,,,,,
1148662,2018,2018-08-25,"Kensington Oval, Bridgetown",1,13.3,Barbados Tridents,St Kitts and Nevis Patriots,SD Hope,JO Holder,BCJ Cutting,0,0,,,,,,,,,
1148662,2018,2018-08-25,"Kensington Oval, Bridgetown",1,13.4,Barbados Tridents,St Kitts and Nevis Patriots,SD Hope,JO Holder,BCJ Cutting,0,0,,,,,,,,,
1148662,2018,2018-08-25,"Kensington Oval, Bridgetown",1,13.5,Barbados Tridents,St Kitts and Nevis Patriots,SD Hope,JO Holder,BCJ Cutting,1,0,,,,,,,,,
1148662,2018,2018-08-25,"Kensington Oval, Bridgetown",1,13.6,Barbados Tridents,St Kitts and Nevis Patriots,JO Holder,SD Hope,BCJ Cutting,1,0,,,,,,,,,
1148662,2018,2018-08-25,"Kensington Oval, Bridgetown",1,14.1,Barbados Tridents,St Kitts and Nevis Patriots,JO Holder,SD Hope,SS Cottrell,2,0,,,,,,,,,
1148662,2018,2018-08-25,"Kensington Oval, Bridgetown",1,14.2,Barbados Tridents,St Kitts and Nevis Patriots,JO Holder,SD Hope,SS Cottrell,0,0,,,,,,,,,
1148662,2018,2018-08-25,"Kensington Oval, Bridgetown",1,14.3,Barbados Tridents,St Kitts and Nevis Patriots,JO Holder,SD Hope,SS Cottrell,1,0,,,,,,,,,
1148662,2018,2018-08-25,"Kensington Oval, Bridgetown",1,14.4,Barbados Tridents,St Kitts and Nevis Patriots,SD Hope,JO Holder,SS Cottrell,0,0,,,,,,,,,
1148662,2018,2018-08-25,"Kensington Oval, Bridgetown",1,14.5,Barbados Tridents,St Kitts and Nevis Patriots,SD Hope,JO Holder,SS Cottrell,0,1,1,,,,,,,,
1148662,2018,2018-08-25,"Kensington Oval, Bridgetown",1,14.6,Barbados Tridents,St Kitts and Nevis Patriots,SD Hope,JO Holder,SS Cottrell,0,0,,,,,,,,,
1148662,2018,2018-08-25,"Kensington Oval, Bridgetown",1,14.7,Barbados Tridents,St Kitts and Nevis Patriots,SD Hope,JO Holder,SS Cottrell,1,0,,,,,,,,,
1148662,2018,2018-08-25,"Kensington Oval, Bridgetown",1,15.1,Barbados Tridents,St Kitts and Nevis Patriots,SD Hope,JO Holder,S Lamichhane,0,0,,,,,,,,,
1148662,2018,2018-08-25,"Kensington Oval, Bridgetown",1,15.2,Barbados Tridents,St Kitts and Nevis Patriots,SD Hope,JO Holder,S Lamichhane,1,0,,,,,,,,,
1148662,2018,2018-08-25,"Kensington Oval, Bridgetown",1,15.3,Barbados Tridents,St Kitts and Nevis Patriots,JO Holder,SD Hope,S Lamichhane,2,0,,,,,,,,,
1148662,2018,2018-08-25,"Kensington Oval, Bridgetown",1,15.4,Barbados Tridents,St Kitts and Nevis Patriots,JO Holder,SD Hope,S Lamichhane,1,0,,,,,,,,,
1148662,2018,2018-08-25,"Kensington Oval, Bridgetown",1,15.5,Barbados Tridents,St Kitts and Nevis Patriots,SD Hope,JO Holder,S Lamichhane,6,0,,,,,,,,,
1148662,2018,2018-08-25,"Kensington Oval, Bridgetown",1,15.6,Barbados Tridents,St Kitts and Nevis Patriots,SD Hope,JO Holder,S Lamichhane,1,0,,,,,,,,,
1148662,2018,2018-08-25,"Kensington Oval, Bridgetown",1,16.1,Barbados Tridents,St Kitts and Nevis Patriots,SD Hope,JO Holder,CR Brathwaite,0,1,1,,,,,,,,
1148662,2018,2018-08-25,"Kensington Oval, Bridgetown",1,16.2,Barbados Tridents,St Kitts and Nevis Patriots,SD Hope,JO Holder,CR Brathwaite,1,0,,,,,,,,,
1148662,2018,2018-08-25,"Kensington Oval, Bridgetown",1,16.3,Barbados Tridents,St Kitts and Nevis Patriots,JO Holder,SD Hope,CR Brathwaite,6,0,,,,,,,,,
1148662,2018,2018-08-25,"Kensington Oval, Bridgetown",1,16.4,Barbados Tridents,St Kitts and Nevis Patriots,JO Holder,SD Hope,CR Brathwaite,2,0,,,,,,,,,
1148662,2018,2018-08-25,"Kensington Oval, Bridgetown",1,16.5,Barbados Tridents,St Kitts and Nevis Patriots,JO Holder,SD Hope,CR Brathwaite,1,0,,,,,,,,,
1148662,2018,2018-08-25,"Kensington Oval, Bridgetown",1,16.6,Barbados Tridents,St Kitts and Nevis Patriots,SD Hope,JO Holder,CR Brathwaite,2,0,,,,,,,,,
1148662,2018,2018-08-25,"Kensington Oval, Bridgetown",1,16.7,Barbados Tridents,St Kitts and Nevis Patriots,SD Hope,JO Holder,CR Brathwaite,0,0,,,,,,,,,
1148662,2018,2018-08-25,"Kensington Oval, Bridgetown",1,17.1,Barbados Tridents,St Kitts and Nevis Patriots,JO Holder,SD Hope,AP Devcich,1,0,,,,,,,,,
1148662,2018,2018-08-25,"Kensington Oval, Bridgetown",1,17.2,Barbados Tridents,St Kitts and Nevis Patriots,SD Hope,JO Holder,AP Devcich,0,0,,,,,,caught,SD Hope,,
1148662,2018,2018-08-25,"Kensington Oval, Bridgetown",1,17.3,Barbados Tridents,St Kitts and Nevis Patriots,JO Holder,N Pooran,AP Devcich,0,0,,,,,,caught,JO Holder,,
1148662,2018,2018-08-25,"Kensington Oval, Bridgetown",1,17.4,Barbados Tridents,St Kitts and Nevis Patriots,N Pooran,SPD Smith,AP Devcich,0,1,,,,1,,,,,
1148662,2018,2018-08-25,"Kensington Oval, Bridgetown",1,17.5,Barbados Tridents,St Kitts and Nevis Patriots,SPD Smith,N Pooran,AP Devcich,4,0,,,,,,,,,
1148662,2018,2018-08-25,"Kensington Oval, Bridgetown",1,17.6,Barbados Tridents,St Kitts and Nevis Patriots,SPD Smith,N Pooran,AP Devcich,0,0,,,,,,,,,
1148662,2018,2018-08-25,"Kensington Oval, Bridgetown",1,18.1,Barbados Tridents,St Kitts and Nevis Patriots,N Pooran,SPD Smith,SS Cottrell,6,0,,,,,,,,,
1148662,2018,2018-08-25,"Kensington Oval, Bridgetown",1,18.2,Barbados Tridents,St Kitts and Nevis Patriots,N Pooran,SPD Smith,SS Cottrell,1,0,,,,,,,,,
1148662,2018,2018-08-25,"Kensington Oval, Bridgetown",1,18.3,Barbados Tridents,St Kitts and Nevis Patriots,SPD Smith,N Pooran,SS Cottrell,0,0,,,,,,caught,SPD Smith,,
1148662,2018,2018-08-25,"Kensington Oval, Bridgetown",1,18.4,Barbados Tridents,St Kitts and Nevis Patriots,N Pooran,AR Nurse,SS Cottrell,1,0,,,,,,,,,
1148662,2018,2018-08-25,"Kensington Oval, Bridgetown",1,18.5,Barbados Tridents,St Kitts and Nevis Patriots,AR Nurse,N Pooran,SS Cottrell,0,0,,,,,,,,,
1148662,2018,2018-08-25,"Kensington Oval, Bridgetown",1,18.6,Barbados Tridents,St Kitts and Nevis Patriots,AR Nurse,N Pooran,SS Cottrell,0,0,,,,,,,,,
1148662,2018,2018-08-25,"Kensington Oval, Bridgetown",1,19.1,Barbados Tridents,St Kitts and Nevis Patriots,N Pooran,AR Nurse,BCJ Cutting,0,0,,,,,,,,,
1148662,2018,2018-08-25,"Kensington Oval, Bridgetown",1,19.2,Barbados Tridents,St Kitts and Nevis Patriots,N Pooran,AR Nurse,BCJ Cutting,0,1,1,,,,,,,,
1148662,2018,2018-08-25,"Kensington Oval, Bridgetown",1,19.3,Barbados Tridents,St Kitts and Nevis Patriots,N Pooran,AR Nurse,BCJ Cutting,0,0,,,,,,caught,N Pooran,,
1148662,2018,2018-08-25,"Kensington Oval, Bridgetown",1,19.4,Barbados Tridents,St Kitts and Nevis Patriots,AR Nurse,RL Chase,BCJ Cutting,2,0,,,,,,,,,
1148662,2018,2018-08-25,"Kensington Oval, Bridgetown",1,19.5,Barbados Tridents,St Kitts and Nevis Patriots,AR Nurse,RL Chase,BCJ Cutting,0,1,1,,,,,,,,
1148662,2018,2018-08-25,"Kensington Oval, Bridgetown",1,19.6,Barbados Tridents,St Kitts and Nevis Patriots,AR Nurse,RL Chase,BCJ Cutting,0,0,,,,,,,,,
1148662,2018,2018-08-25,"Kensington Oval, Bridgetown",1,19.7,Barbados Tridents,St Kitts and Nevis Patriots,AR Nurse,RL Chase,BCJ Cutting,3,0,,,,,,,,,
1148662,2018,2018-08-25,"Kensington Oval, Bridgetown",1,19.8,Barbados Tridents,St Kitts and Nevis Patriots,RL Chase,AR Nurse,BCJ Cutting,0,1,,,,1,,,,,
1148662,2018,2018-08-25,"Kensington Oval, Bridgetown",2,0.1,St Kitts and Nevis Patriots,Barbados Tridents,CH Gayle,E Lewis,Mohammad Irfan,0,0,,,,,,caught,CH Gayle,,
1148662,2018,2018-08-25,"Kensington Oval, Bridgetown",2,0.2,St Kitts and Nevis Patriots,Barbados Tridents,BA King,E Lewis,Mohammad Irfan,0,0,,,,,,,,,
1148662,2018,2018-08-25,"Kensington Oval, Bridgetown",2,0.3,St Kitts and Nevis Patriots,Barbados Tridents,BA King,E Lewis,Mohammad Irfan,0,0,,,,,,,,,
1148662,2018,2018-08-25,"Kensington Oval, Bridgetown",2,0.4,St Kitts and Nevis Patriots,Barbados Tridents,BA King,E Lewis,Mohammad Irfan,0,0,,,,,,,,,
1148662,2018,2018-08-25,"Kensington Oval, Bridgetown",2,0.5,St Kitts and Nevis Patriots,Barbados Tridents,BA King,E Lewis,Mohammad Irfan,0,0,,,,,,,,,
1148662,2018,2018-08-25,"Kensington Oval, Bridgetown",2,0.6,St Kitts and Nevis Patriots,Barbados Tridents,BA King,E Lewis,Mohammad Irfan,0,0,,,,,,,,,
1148662,2018,2018-08-25,"Kensington Oval, Bridgetown",2,1.1,St Kitts and Nevis Patriots,Barbados Tridents,E Lewis,BA King,JO Holder,0,0,,,,,,,,,
1148662,2018,2018-08-25,"Kensington Oval, Bridgetown",2,1.2,St Kitts and Nevis Patriots,Barbados Tridents,E Lewis,BA King,JO Holder,1,0,,,,,,,,,
1148662,2018,2018-08-25,"Kensington Oval, Bridgetown",2,1.3,St Kitts and Nevis Patriots,Barbados Tridents,BA King,E Lewis,JO Holder,0,0,,,,,,,,,
1148662,2018,2018-08-25,"Kensington Oval, Bridgetown",2,1.4,St Kitts and Nevis Patriots,Barbados Tridents,BA King,E Lewis,JO Holder,0,0,,,,,,,,,
1148662,2018,2018-08-25,"Kensington Oval, Bridgetown",2,1.5,St Kitts and Nevis Patriots,Barbados Tridents,BA King,E Lewis,JO Holder,4,0,,,,,,,,,
1148662,2018,2018-08-25,"Kensington Oval, Bridgetown",2,1.6,St Kitts and Nevis Patriots,Barbados Tridents,BA King,E Lewis,JO Holder,0,0,,,,,,,,,
1148662,2018,2018-08-25,"Kensington Oval, Bridgetown",2,2.1,St Kitts and Nevis Patriots,Barbados Tridents,E Lewis,BA King,Mohammad Irfan,0,1,,,,1,,,,,
1148662,2018,2018-08-25,"Kensington Oval, Bridgetown",2,2.2,St Kitts and Nevis Patriots,Barbados Tridents,BA King,E Lewis,Mohammad Irfan,0,0,,,,,,,,,
1148662,2018,2018-08-25,"Kensington Oval, Bridgetown",2,2.3,St Kitts and Nevis Patriots,Barbados Tridents,BA King,E Lewis,Mohammad Irfan,0,1,,,1,,,,,,
1148662,2018,2018-08-25,"Kensington Oval, Bridgetown",2,2.4,St Kitts and Nevis Patriots,Barbados Tridents,E Lewis,BA King,Mohammad Irfan,0,0,,,,,,caught,E Lewis,,
1148662,2018,2018-08-25,"Kensington Oval, Bridgetown",2,2.5,St Kitts and Nevis Patriots,Barbados Tridents,DC Thomas,BA King,Mohammad Irfan,0,0,,,,,,,,,
1148662,2018,2018-08-25,"Kensington Oval, Bridgetown",2,2.6,St Kitts and Nevis Patriots,Barbados Tridents,DC Thomas,BA King,Mohammad Irfan,0,0,,,,,,,,,
1148662,2018,2018-08-25,"Kensington Oval, Bridgetown",2,3.1,St Kitts and Nevis Patriots,Barbados Tridents,BA King,DC Thomas,JO Holder,0,0,,,,,,,,,
1148662,2018,2018-08-25,"Kensington Oval, Bridgetown",2,3.2,St Kitts and Nevis Patriots,Barbados Tridents,BA King,DC Thomas,JO Holder,0,0,,,,,,,,,
1148662,2018,2018-08-25,"Kensington Oval, Bridgetown",2,3.3,St Kitts and Nevis Patriots,Barbados Tridents,BA King,DC Thomas,JO Holder,0,0,,,,,,,,,
1148662,2018,2018-08-25,"Kensington Oval, Bridgetown",2,3.4,St Kitts and Nevis Patriots,Barbados Tridents,BA King,DC Thomas,JO Holder,0,0,,,,,,,,,
1148662,2018,2018-08-25,"Kensington Oval, Bridgetown",2,3.5,St Kitts and Nevis Patriots,Barbados Tridents,BA King,DC Thomas,JO Holder,6,0,,,,,,,,,
1148662,2018,2018-08-25,"Kensington Oval, Bridgetown",2,3.6,St Kitts and Nevis Patriots,Barbados Tridents,BA King,DC Thomas,JO Holder,0,0,,,,,,,,,
1148662,2018,2018-08-25,"Kensington Oval, Bridgetown",2,4.1,St Kitts and Nevis Patriots,Barbados Tridents,DC Thomas,BA King,Mohammad Irfan,0,0,,,,,,,,,
1148662,2018,2018-08-25,"Kensington Oval, Bridgetown",2,4.2,St Kitts and Nevis Patriots,Barbados Tridents,DC Thomas,BA King,Mohammad Irfan,0,0,,,,,,,,,
1148662,2018,2018-08-25,"Kensington Oval, Bridgetown",2,4.3,St Kitts and Nevis Patriots,Barbados Tridents,DC Thomas,BA King,Mohammad Irfan,0,0,,,,,,,,,
1148662,2018,2018-08-25,"Kensington Oval, Bridgetown",2,4.4,St Kitts and Nevis Patriots,Barbados Tridents,DC Thomas,BA King,Mohammad Irfan,0,0,,,,,,,,,
1148662,2018,2018-08-25,"Kensington Oval, Bridgetown",2,4.5,St Kitts and Nevis Patriots,Barbados Tridents,DC Thomas,BA King,Mohammad Irfan,0,0,,,,,,,,,
1148662,2018,2018-08-25,"Kensington Oval, Bridgetown",2,4.6,St Kitts and Nevis Patriots,Barbados Tridents,DC Thomas,BA King,Mohammad Irfan,0,0,,,,,,,,,
1148662,2018,2018-08-25,"Kensington Oval, Bridgetown",2,5.1,St Kitts and Nevis Patriots,Barbados Tridents,BA King,DC Thomas,Wahab Riaz,0,0,,,,,,,,,
1148662,2018,2018-08-25,"Kensington Oval, Bridgetown",2,5.2,St Kitts and Nevis Patriots,Barbados Tridents,BA King,DC Thomas,Wahab Riaz,0,1,1,,,,,,,,
1148662,2018,2018-08-25,"Kensington Oval, Bridgetown",2,5.3,St Kitts and Nevis Patriots,Barbados Tridents,BA King,DC Thomas,Wahab Riaz,0,0,,,,,,,,,
1148662,2018,2018-08-25,"Kensington Oval, Bridgetown",2,5.4,St Kitts and Nevis Patriots,Barbados Tridents,BA King,DC Thomas,Wahab Riaz,2,0,,,,,,,,,
1148662,2018,2018-08-25,"Kensington Oval, Bridgetown",2,5.5,St Kitts and Nevis Patriots,Barbados Tridents,BA King,DC Thomas,Wahab Riaz,1,0,,,,,,,,,
1148662,2018,2018-08-25,"Kensington Oval, Bridgetown",2,5.6,St Kitts and Nevis Patriots,Barbados Tridents,DC Thomas,BA King,Wahab Riaz,0,0,,,,,,,,,
1148662,2018,2018-08-25,"Kensington Oval, Bridgetown",2,5.7,St Kitts and Nevis Patriots,Barbados Tridents,DC Thomas,BA King,Wahab Riaz,0,0,,,,,,,,,
1148662,2018,2018-08-25,"Kensington Oval, Bridgetown",2,6.1,St Kitts and Nevis Patriots,Barbados Tridents,BA King,DC Thomas,Mohammad Irfan,0,0,,,,,,,,,
1148662,2018,2018-08-25,"Kensington Oval, Bridgetown",2,6.2,St Kitts and Nevis Patriots,Barbados Tridents,BA King,DC Thomas,Mohammad Irfan,0,0,,,,,,,,,
1148662,2018,2018-08-25,"Kensington Oval, Bridgetown",2,6.3,St Kitts and Nevis Patriots,Barbados Tridents,BA King,DC Thomas,Mohammad Irfan,0,0,,,,,,,,,
1148662,2018,2018-08-25,"Kensington Oval, Bridgetown",2,6.4,St Kitts and Nevis Patriots,Barbados Tridents,BA King,DC Thomas,Mohammad Irfan,0,0,,,,,,,,,
1148662,2018,2018-08-25,"Kensington Oval, Bridgetown",2,6.5,St Kitts and Nevis Patriots,Barbados Tridents,BA King,DC Thomas,Mohammad Irfan,0,0,,,,,,,,,
1148662,2018,2018-08-25,"Kensington Oval, Bridgetown",2,6.6,St Kitts and Nevis Patriots,Barbados Tridents,BA King,DC Thomas,Mohammad Irfan,1,0,,,,,,,,,
1148662,2018,2018-08-25,"Kensington Oval, Bridgetown",2,7.1,St Kitts and Nevis Patriots,Barbados Tridents,BA King,DC Thomas,SPD Smith,1,0,,,,,,,,,
1148662,2018,2018-08-25,"Kensington Oval, Bridgetown",2,7.2,St Kitts and Nevis Patriots,Barbados Tridents,DC Thomas,BA King,SPD Smith,0,0,,,,,,,,,
1148662,2018,2018-08-25,"Kensington Oval, Bridgetown",2,7.3,St Kitts and Nevis Patriots,Barbados Tridents,DC Thomas,BA King,SPD Smith,0,0,,,,,,,,,
1148662,2018,2018-08-25,"Kensington Oval, Bridgetown",2,7.4,St Kitts and Nevis Patriots,Barbados Tridents,DC Thomas,BA King,SPD Smith,0,5,5,,,,,,,,
1148662,2018,2018-08-25,"Kensington Oval, Bridgetown",2,7.5,St Kitts and Nevis Patriots,Barbados Tridents,DC Thomas,BA King,SPD Smith,0,0,,,,,,,,,
1148662,2018,2018-08-25,"Kensington Oval, Bridgetown",2,7.6,St Kitts and Nevis Patriots,Barbados Tridents,DC Thomas,BA King,SPD Smith,4,0,,,,,,,,,
1148662,2018,2018-08-25,"Kensington Oval, Bridgetown",2,7.7,St Kitts and Nevis Patriots,Barbados Tridents,DC Thomas,BA King,SPD Smith,0,0,,,,,,,,,
1148662,2018,2018-08-25,"Kensington Oval, Bridgetown",2,8.1,St Kitts and Nevis Patriots,Barbados Tridents,BA King,DC Thomas,RA Reifer,0,1,1,,,,,,,,
1148662,2018,2018-08-25,"Kensington Oval, Bridgetown",2,8.2,St Kitts and Nevis Patriots,Barbados Tridents,BA King,DC Thomas,RA Reifer,0,0,,,,,,,,,
1148662,2018,2018-08-25,"Kensington Oval, Bridgetown",2,8.3,St Kitts and Nevis Patriots,Barbados Tridents,BA King,DC Thomas,RA Reifer,0,1,,,,1,,,,,
1148662,2018,2018-08-25,"Kensington Oval, Bridgetown",2,8.4,St Kitts and Nevis Patriots,Barbados Tridents,DC Thomas,BA King,RA Reifer,0,0,,,,,,,,,
1148662,2018,2018-08-25,"Kensington Oval, Bridgetown",2,8.5,St Kitts and Nevis Patriots,Barbados Tridents,DC Thomas,BA King,RA Reifer,1,0,,,,,,,,,
1148662,2018,2018-08-25,"Kensington Oval, Bridgetown",2,8.6,St Kitts and Nevis Patriots,Barbados Tridents,BA King,DC Thomas,RA Reifer,0,0,,,,,,,,,
1148662,2018,2018-08-25,"Kensington Oval, Bridgetown",2,8.7,St Kitts and Nevis Patriots,Barbados Tridents,BA King,DC Thomas,RA Reifer,0,0,,,,,,,,,
1148662,2018,2018-08-25,"Kensington Oval, Bridgetown",2,9.1,St Kitts and Nevis Patriots,Barbados Tridents,DC Thomas,BA King,SPD Smith,6,0,,,,,,,,,
1148662,2018,2018-08-25,"Kensington Oval, Bridgetown",2,9.2,St Kitts and Nevis Patriots,Barbados Tridents,DC Thomas,BA King,SPD Smith,0,2,2,,,,,,,,
1148662,2018,2018-08-25,"Kensington Oval, Bridgetown",2,9.3,St Kitts and Nevis Patriots,Barbados Tridents,BA King,DC Thomas,SPD Smith,6,0,,,,,,,,,
1148662,2018,2018-08-25,"Kensington Oval, Bridgetown",2,9.4,St Kitts and Nevis Patriots,Barbados Tridents,BA King,DC Thomas,SPD Smith,0,0,,,,,,,,,
1148662,2018,2018-08-25,"Kensington Oval, Bridgetown",2,9.5,St Kitts and Nevis Patriots,Barbados Tridents,BA King,DC Thomas,SPD Smith,6,0,,,,,,,,,
1148662,2018,2018-08-25,"Kensington Oval, Bridgetown",2,9.6,St Kitts and Nevis Patriots,Barbados Tridents,BA King,DC Thomas,SPD Smith,1,0,,,,,,,,,
1148662,2018,2018-08-25,"Kensington Oval, Bridgetown",2,9.7,St Kitts and Nevis Patriots,Barbados Tridents,DC Thomas,BA King,SPD Smith,6,0,,,,,,,,,
1148662,2018,2018-08-25,"Kensington Oval, Bridgetown",2,10.1,St Kitts and Nevis Patriots,Barbados Tridents,BA King,DC Thomas,RA Reifer,4,0,,,,,,,,,
1148662,2018,2018-08-25,"Kensington Oval, Bridgetown",2,10.2,St Kitts and Nevis Patriots,Barbados Tridents,BA King,DC Thomas,RA Reifer,2,0,,,,,,,,,
1148662,2018,2018-08-25,"Kensington Oval, Bridgetown",2,10.3,St Kitts and Nevis Patriots,Barbados Tridents,BA King,DC Thomas,RA Reifer,6,0,,,,,,,,,
1148662,2018,2018-08-25,"Kensington Oval, Bridgetown",2,10.4,St Kitts and Nevis Patriots,Barbados Tridents,BA King,DC Thomas,RA Reifer,2,0,,,,,,,,,
1148662,2018,2018-08-25,"Kensington Oval, Bridgetown",2,10.5,St Kitts and Nevis Patriots,Barbados Tridents,BA King,DC Thomas,RA Reifer,4,0,,,,,,,,,
1148662,2018,2018-08-25,"Kensington Oval, Bridgetown",2,10.6,St Kitts and Nevis Patriots,Barbados Tridents,BA King,DC Thomas,RA Reifer,4,0,,,,,,,,,
1148662,2018,2018-08-25,"Kensington Oval, Bridgetown",2,11.1,St Kitts and Nevis Patriots,Barbados Tridents,DC Thomas,BA King,JO Holder,4,0,,,,,,,,,
1148662,2018,2018-08-25,"Kensington Oval, Bridgetown",2,11.2,St Kitts and Nevis Patriots,Barbados Tridents,DC Thomas,BA King,JO Holder,6,0,,,,,,,,,
1148662,2018,2018-08-25,"Kensington Oval, Bridgetown",2,11.3,St Kitts and Nevis Patriots,Barbados Tridents,DC Thomas,BA King,JO Holder,0,0,,,,,,,,,
1148662,2018,2018-08-25,"Kensington Oval, Bridgetown",2,11.4,St Kitts and Nevis Patriots,Barbados Tridents,DC Thomas,BA King,JO Holder,0,0,,,,,,,,,
1148662,2018,2018-08-25,"Kensington Oval, Bridgetown",2,11.5,St Kitts and Nevis Patriots,Barbados Tridents,DC Thomas,BA King,JO Holder,2,0,,,,,,,,,
1148662,2018,2018-08-25,"Kensington Oval, Bridgetown",2,11.6,St Kitts and Nevis Patriots,Barbados Tridents,DC Thomas,BA King,JO Holder,1,0,,,,,,,,,
1148662,2018,2018-08-25,"Kensington Oval, Bridgetown",2,12.1,St Kitts and Nevis Patriots,Barbados Tridents,DC Thomas,BA King,Wahab Riaz,0,0,,,,,,,,,
1148662,2018,2018-08-25,"Kensington Oval, Bridgetown",2,12.2,St Kitts and Nevis Patriots,Barbados Tridents,DC Thomas,BA King,Wahab Riaz,0,0,,,,,,,,,
1148662,2018,2018-08-25,"Kensington Oval, Bridgetown",2,12.3,St Kitts and Nevis Patriots,Barbados Tridents,DC Thomas,BA King,Wahab Riaz,2,0,,,,,,,,,
1148662,2018,2018-08-25,"Kensington Oval, Bridgetown",2,12.4,St Kitts and Nevis Patriots,Barbados Tridents,DC Thomas,BA King,Wahab Riaz,0,0,,,,,,bowled,DC Thomas,,
1148662,2018,2018-08-25,"Kensington Oval, Bridgetown",2,12.5,St Kitts and Nevis Patriots,Barbados Tridents,BCJ Cutting,BA King,Wahab Riaz,1,0,,,,,,,,,
1148662,2018,2018-08-25,"Kensington Oval, Bridgetown",2,12.6,St Kitts and Nevis Patriots,Barbados Tridents,BA King,BCJ Cutting,Wahab Riaz,1,0,,,,,,,,,
1148662,2018,2018-08-25,"Kensington Oval, Bridgetown",2,13.1,St Kitts and Nevis Patriots,Barbados Tridents,BA King,BCJ Cutting,AR Nurse,1,0,,,,,,,,,
1148662,2018,2018-08-25,"Kensington Oval, Bridgetown",2,13.2,St Kitts and Nevis Patriots,Barbados Tridents,BCJ Cutting,BA King,AR Nurse,0,0,,,,,,,,,
1148662,2018,2018-08-25,"Kensington Oval, Bridgetown",2,13.3,St Kitts and Nevis Patriots,Barbados Tridents,BCJ Cutting,BA King,AR Nurse,1,0,,,,,,,,,
1148662,2018,2018-08-25,"Kensington Oval, Bridgetown",2,13.4,St Kitts and Nevis Patriots,Barbados Tridents,BA King,BCJ Cutting,AR Nurse,6,0,,,,,,,,,
1148662,2018,2018-08-25,"Kensington Oval, Bridgetown",2,13.5,St Kitts and Nevis Patriots,Barbados Tridents,BA King,BCJ Cutting,AR Nurse,1,0,,,,,,,,,
1148662,2018,2018-08-25,"Kensington Oval, Bridgetown",2,13.6,St Kitts and Nevis Patriots,Barbados Tridents,BCJ Cutting,BA King,AR Nurse,1,0,,,,,,,,,
1148662,2018,2018-08-25,"Kensington Oval, Bridgetown",2,14.1,St Kitts and Nevis Patriots,Barbados Tridents,BCJ Cutting,BA King,JO Holder,1,0,,,,,,,,,
1148662,2018,2018-08-25,"Kensington Oval, Bridgetown",2,14.2,St Kitts and Nevis Patriots,Barbados Tridents,BA King,BCJ Cutting,JO Holder,0,0,,,,,,,,,
1148662,2018,2018-08-25,"Kensington Oval, Bridgetown",2,14.3,St Kitts and Nevis Patriots,Barbados Tridents,BA King,BCJ Cutting,JO Holder,1,0,,,,,,,,,
1148662,2018,2018-08-25,"Kensington Oval, Bridgetown",2,14.4,St Kitts and Nevis Patriots,Barbados Tridents,BCJ Cutting,BA King,JO Holder,4,0,,,,,,,,,
1148662,2018,2018-08-25,"Kensington Oval, Bridgetown",2,14.5,St Kitts and Nevis Patriots,Barbados Tridents,BCJ Cutting,BA King,JO Holder,2,0,,,,,,,,,
1148662,2018,2018-08-25,"Kensington Oval, Bridgetown",2,14.6,St Kitts and Nevis Patriots,Barbados Tridents,BCJ Cutting,BA King,JO Holder,6,0,,,,,,,,,
1148662,2018,2018-08-25,"Kensington Oval, Bridgetown",2,15.1,St Kitts and Nevis Patriots,Barbados Tridents,BA King,BCJ Cutting,AR Nurse,0,0,,,,,,caught,BA King,,
1148662,2018,2018-08-25,"Kensington Oval, Bridgetown",2,15.2,St Kitts and Nevis Patriots,Barbados Tridents,BCJ Cutting,TLW Cooper,AR Nurse,0,1,1,,,,,,,,
1148662,2018,2018-08-25,"Kensington Oval, Bridgetown",2,15.3,St Kitts and Nevis Patriots,Barbados Tridents,BCJ Cutting,TLW Cooper,AR Nurse,0,0,,,,,,,,,
1148662,2018,2018-08-25,"Kensington Oval, Bridgetown",2,15.4,St Kitts and Nevis Patriots,Barbados Tridents,BCJ Cutting,TLW Cooper,AR Nurse,1,0,,,,,,,,,
1148662,2018,2018-08-25,"Kensington Oval, Bridgetown",2,15.5,St Kitts and Nevis Patriots,Barbados Tridents,TLW Cooper,BCJ Cutting,AR Nurse,1,0,,,,,,,,,
1148662,2018,2018-08-25,"Kensington Oval, Bridgetown",2,15.6,St Kitts and Nevis Patriots,Barbados Tridents,BCJ Cutting,TLW Cooper,AR Nurse,0,0,,,,,,,,,
1148662,2018,2018-08-25,"Kensington Oval, Bridgetown",2,15.7,St Kitts and Nevis Patriots,Barbados Tridents,BCJ Cutting,TLW Cooper,AR Nurse,0,0,,,,,,,,,
1148662,2018,2018-08-25,"Kensington Oval, Bridgetown",2,16.1,St Kitts and Nevis Patriots,Barbados Tridents,TLW Cooper,BCJ Cutting,Wahab Riaz,1,0,,,,,,,,,
1148662,2018,2018-08-25,"Kensington Oval, Bridgetown",2,16.2,St Kitts and Nevis Patriots,Barbados Tridents,BCJ Cutting,TLW Cooper,Wahab Riaz,1,0,,,,,,,,,
1148662,2018,2018-08-25,"Kensington Oval, Bridgetown",2,16.3,St Kitts and Nevis Patriots,Barbados Tridents,TLW Cooper,BCJ Cutting,Wahab Riaz,1,0,,,,,,,,,
1148662,2018,2018-08-25,"Kensington Oval, Bridgetown",2,16.4,St Kitts and Nevis Patriots,Barbados Tridents,BCJ Cutting,TLW Cooper,Wahab Riaz,0,0,,,,,,,,,
1148662,2018,2018-08-25,"Kensington Oval, Bridgetown",2,16.5,St Kitts and Nevis Patriots,Barbados Tridents,BCJ Cutting,TLW Cooper,Wahab Riaz,0,0,,,,,,,,,
1148662,2018,2018-08-25,"Kensington Oval, Bridgetown",2,16.6,St Kitts and Nevis Patriots,Barbados Tridents,BCJ Cutting,TLW Cooper,Wahab Riaz,0,0,,,,,,,,,
1148662,2018,2018-08-25,"Kensington Oval, Bridgetown",2,17.1,St Kitts and Nevis Patriots,Barbados Tridents,TLW Cooper,BCJ Cutting,AR Nurse,0,0,,,,,,,,,
1148662,2018,2018-08-25,"Kensington Oval, Bridgetown",2,17.2,St Kitts and Nevis Patriots,Barbados Tridents,TLW Cooper,BCJ Cutting,AR Nurse,4,0,,,,,,,,,
1148662,2018,2018-08-25,"Kensington Oval, Bridgetown",2,17.3,St Kitts and Nevis Patriots,Barbados Tridents,TLW Cooper,BCJ Cutting,AR Nurse,1,0,,,,,,,,,
1148662,2018,2018-08-25,"Kensington Oval, Bridgetown",2,17.4,St Kitts and Nevis Patriots,Barbados Tridents,BCJ Cutting,TLW Cooper,AR Nurse,0,0,,,,,,,,,
1148662,2018,2018-08-25,"Kensington Oval, Bridgetown",2,17.5,St Kitts and Nevis Patriots,Barbados Tridents,BCJ Cutting,TLW Cooper,AR Nurse,6,0,,,,,,,,,
1148662,2018,2018-08-25,"Kensington Oval, Bridgetown",2,17.6,St Kitts and Nevis Patriots,Barbados Tridents,BCJ Cutting,TLW Cooper,AR Nurse,4,0,,,,,,,,,
1148662,2018,2018-08-25,"Kensington Oval, Bridgetown",2,18.1,St Kitts and Nevis Patriots,Barbados Tridents,TLW Cooper,BCJ Cutting,Wahab Riaz,2,0,,,,,,,,,
1148662,2018,2018-08-25,"Kensington Oval, Bridgetown",2,18.2,St Kitts and Nevis Patriots,Barbados Tridents,TLW Cooper,BCJ Cutting,Wahab Riaz,2,0,,,,,,,,,
1148662,2018,2018-08-25,"Kensington Oval, Bridgetown",2,18.3,St Kitts and Nevis Patriots,Barbados Tridents,TLW Cooper,BCJ Cutting,Wahab Riaz,1,0,,,,,,,,,
1148662,2018,2018-08-25,"Kensington Oval, Bridgetown",2,18.4,St Kitts and Nevis Patriots,Barbados Tridents,BCJ Cutting,TLW Cooper,Wahab Riaz,0,0,,,,,,,,,
1148662,2018,2018-08-25,"Kensington Oval, Bridgetown",2,18.5,St Kitts and Nevis Patriots,Barbados Tridents,BCJ Cutting,TLW Cooper,Wahab Riaz,1,0,,,,,,,,,
