match_id,season,start_date,venue,innings,ball,batting_team,bowling_team,striker,non_striker,bowler,runs_off_bat,extras,wides,noballs,byes,legbyes,penalty,wicket_type,player_dismissed,other_wicket_type,other_player_dismissed
1148677,2018,2018-09-11,Providence Stadium,1,0.1,Trinbago Knight Riders,Guyana Amazon Warriors,SP Narine,BB McCullum,Sohail Tanvir,0,0,,,,,,,,,
1148677,2018,2018-09-11,Providence Stadium,1,0.2,Trinbago Knight Riders,Guyana Amazon Warriors,SP Narine,BB McCullum,Sohail Tanvir,0,0,,,,,,,,,
1148677,2018,2018-09-11,Providence Stadium,1,0.3,Trinbago Knight Riders,Guyana Amazon Warriors,SP Narine,BB McCullum,Sohail Tanvir,4,0,,,,,,,,,
1148677,2018,2018-09-11,Providence Stadium,1,0.4,Trinbago Knight Riders,Guyana Amazon Warriors,SP Narine,BB McCullum,Sohail Tanvir,1,0,,,,,,,,,
1148677,2018,2018-09-11,Providence Stadium,1,0.5,Trinbago Knight Riders,Guyana Amazon Warriors,BB McCullum,SP Narine,Sohail Tanvir,0,0,,,,,,,,,
1148677,2018,2018-09-11,Providence Stadium,1,0.6,Trinbago Knight Riders,Guyana Amazon Warriors,BB McCullum,SP Narine,Sohail Tanvir,0,0,,,,,,lbw,BB McCullum,,
1148677,2018,2018-09-11,Providence Stadium,1,1.1,Trinbago Knight Riders,Guyana Amazon Warriors,SP Narine,C Munro,CJ Green,0,0,,,,,,,,,
1148677,2018,2018-09-11,Providence Stadium,1,1.2,Trinbago Knight Riders,Guyana Amazon Warriors,SP Narine,C Munro,CJ Green,1,0,,,,,,,,,
1148677,2018,2018-09-11,Providence Stadium,1,1.3,Trinbago Knight Riders,Guyana Amazon Warriors,C Munro,SP Narine,CJ Green,0,0,,,,,,,,,
1148677,2018,2018-09-11,Providence Stadium,1,1.4,Trinbago Knight Riders,Guyana Amazon Warriors,C Munro,SP Narine,CJ Green,0,0,,,,,,,,,
1148677,2018,2018-09-11,Providence Stadium,1,1.5,Trinbago Knight Riders,Guyana Amazon Warriors,C Munro,SP Narine,CJ Green,0,0,,,,,,caught,C Munro,,
1148677,2018,2018-09-11,Providence Stadium,1,1.6,Trinbago Knight Riders,Guyana Amazon Warriors,D Ramdin,SP Narine,CJ Green,1,0,,,,,,,,,
1148677,2018,2018-09-11,Providence Stadium,1,2.1,Trinbago Knight Riders,Guyana Amazon Warriors,D Ramdin,SP Narine,Sohail Tanvir,0,0,,,,,,,,,
1148677,2018,2018-09-11,Providence Stadium,1,2.2,Trinbago Knight Riders,Guyana Amazon Warriors,D Ramdin,SP Narine,Sohail Tanvir,4,0,,,,,,,,,
1148677,2018,2018-09-11,Providence Stadium,1,2.3,Trinbago Knight Riders,Guyana Amazon Warriors,D Ramdin,SP Narine,Sohail Tanvir,4,0,,,,,,,,,
1148677,2018,2018-09-11,Providence Stadium,1,2.4,Trinbago Knight Riders,Guyana Amazon Warriors,D Ramdin,SP Narine,Sohail Tanvir,4,0,,,,,,,,,
1148677,2018,2018-09-11,Providence Stadium,1,2.5,Trinbago Knight Riders,Guyana Amazon Warriors,D Ramdin,SP Narine,Sohail Tanvir,0,0,,,,,,,,,
1148677,2018,2018-09-11,Providence Stadium,1,2.6,Trinbago Knight Riders,Guyana Amazon Warriors,D Ramdin,SP Narine,Sohail Tanvir,0,0,,,,,,,,,
1148677,2018,2018-09-11,Providence Stadium,1,3.1,Trinbago Knight Riders,Guyana Amazon Warriors,SP Narine,D Ramdin,CJ Green,0,0,,,,,,,,,
1148677,2018,2018-09-11,Providence Stadium,1,3.2,Trinbago Knight Riders,Guyana Amazon Warriors,SP Narine,D Ramdin,CJ Green,0,0,,,,,,,,,
1148677,2018,2018-09-11,Providence Stadium,1,3.3,Trinbago Knight Riders,Guyana Amazon Warriors,SP Narine,D Ramdin,CJ Green,0,0,,,,,,,,,
1148677,2018,2018-09-11,Providence Stadium,1,3.4,Trinbago Knight Riders,Guyana Amazon Warriors,SP Narine,D Ramdin,CJ Green,0,2,2,,,,,,,,
1148677,2018,2018-09-11,Providence Stadium,1,3.5,Trinbago Knight Riders,Guyana Amazon Warriors,D Ramdin,SP Narine,CJ Green,2,0,,,,,,,,,
1148677,2018,2018-09-11,Providence Stadium,1,3.6,Trinbago Knight Riders,Guyana Amazon Warriors,D Ramdin,SP Narine,CJ Green,0,0,,,,,,,,,
1148677,2018,2018-09-11,Providence Stadium,1,3.7,Trinbago Knight Riders,Guyana Amazon Warriors,D Ramdin,SP Narine,CJ Green,0,0,,,,,,,,,
1148677,2018,2018-09-11,Providence Stadium,1,4.1,Trinbago Knight Riders,Guyana Amazon Warriors,SP Narine,D Ramdin,Imran Tahir,1,0,,,,,,,,,
1148677,2018,2018-09-11,Providence Stadium,1,4.2,Trinbago Knight Riders,Guyana Amazon Warriors,D Ramdin,SP Narine,Imran Tahir,0,0,,,,,,lbw,D Ramdin,,
1148677,2018,2018-09-11,Providence Stadium,1,4.3,Trinbago Knight Riders,Guyana Amazon Warriors,CA Ingram,SP Narine,Imran Tahir,0,0,,,,,,,,,
1148677,2018,2018-09-11,Providence Stadium,1,4.4,Trinbago Knight Riders,Guyana Amazon Warriors,CA Ingram,SP Narine,Imran Tahir,1,0,,,,,,,,,
1148677,2018,2018-09-11,Providence Stadium,1,4.5,Trinbago Knight Riders,Guyana Amazon Warriors,SP Narine,CA Ingram,Imran Tahir,0,0,,,,,,,,,
1148677,2018,2018-09-11,Providence Stadium,1,4.6,Trinbago Knight Riders,Guyana Amazon Warriors,SP Narine,CA Ingram,Imran Tahir,1,0,,,,,,,,,
1148677,2018,2018-09-11,Providence Stadium,1,5.1,Trinbago Knight Riders,Guyana Amazon Warriors,SP Narine,CA Ingram,CJ Green,0,0,,,,,,,,,
1148677,2018,2018-09-11,Providence Stadium,1,5.2,Trinbago Knight Riders,Guyana Amazon Warriors,SP Narine,CA Ingram,CJ Green,0,0,,,,,,,,,
1148677,2018,2018-09-11,Providence Stadium,1,5.3,Trinbago Knight Riders,Guyana Amazon Warriors,SP Narine,CA Ingram,CJ Green,0,0,,,,,,caught,SP Narine,,
1148677,2018,2018-09-11,Providence Stadium,1,5.4,Trinbago Knight Riders,Guyana Amazon Warriors,DM Bravo,CA Ingram,CJ Green,0,0,,,,,,,,,
1148677,2018,2018-09-11,Providence Stadium,1,5.5,Trinbago Knight Riders,Guyana Amazon Warriors,DM Bravo,CA Ingram,CJ Green,0,0,,,,,,,,,
1148677,2018,2018-09-11,Providence Stadium,1,5.6,Trinbago Knight Riders,Guyana Amazon Warriors,DM Bravo,CA Ingram,CJ Green,0,0,,,,,,,,,
1148677,2018,2018-09-11,Providence Stadium,1,6.1,Trinbago Knight Riders,Guyana Amazon Warriors,CA Ingram,DM Bravo,Imran Tahir,0,0,,,,,,,,,
1148677,2018,2018-09-11,Providence Stadium,1,6.2,Trinbago Knight Riders,Guyana Amazon Warriors,CA Ingram,DM Bravo,Imran Tahir,1,0,,,,,,,,,
1148677,2018,2018-09-11,Providence Stadium,1,6.3,Trinbago Knight Riders,Guyana Amazon Warriors,DM Bravo,CA Ingram,Imran Tahir,1,0,,,,,,,,,
1148677,2018,2018-09-11,Providence Stadium,1,6.4,Trinbago Knight Riders,Guyana Amazon Warriors,CA Ingram,DM Bravo,Imran Tahir,1,0,,,,,,,,,
1148677,2018,2018-09-11,Providence Stadium,1,6.5,Trinbago Knight Riders,Guyana Amazon Warriors,DM Bravo,CA Ingram,Imran Tahir,0,0,,,,,,,,,
1148677,2018,2018-09-11,Providence Stadium,1,6.6,Trinbago Knight Riders,Guyana Amazon Warriors,DM Bravo,CA Ingram,Imran Tahir,1,0,,,,,,,,,
1148677,2018,2018-09-11,Providence Stadium,1,7.1,Trinbago Knight Riders,Guyana Amazon Warriors,DM Bravo,CA Ingram,CJ Green,1,0,,,,,,,,,
1148677,2018,2018-09-11,Providence Stadium,1,7.2,Trinbago Knight Riders,Guyana Amazon Warriors,CA Ingram,DM Bravo,CJ Green,1,0,,,,,,,,,
1148677,2018,2018-09-11,Providence Stadium,1,7.3,Trinbago Knight Riders,Guyana Amazon Warriors,DM Bravo,CA Ingram,CJ Green,0,0,,,,,,,,,
1148677,2018,2018-09-11,Providence Stadium,1,7.4,Trinbago Knight Riders,Guyana Amazon Warriors,DM Bravo,CA Ingram,CJ Green,0,0,,,,,,,,,
1148677,2018,2018-09-11,Providence Stadium,1,7.5,Trinbago Knight Riders,Guyana Amazon Warriors,DM Bravo,CA Ingram,CJ Green,0,0,,,,,,,,,
1148677,2018,2018-09-11,Providence Stadium,1,7.6,Trinbago Knight Riders,Guyana Amazon Warriors,DM Bravo,CA Ingram,CJ Green,0,0,,,,,,,,,
1148677,2018,2018-09-11,Providence Stadium,1,8.1,Trinbago Knight Riders,Guyana Amazon Warriors,CA Ingram,DM Bravo,R Shepherd,1,0,,,,,,,,,
1148677,2018,2018-09-11,Providence Stadium,1,8.2,Trinbago Knight Riders,Guyana Amazon Warriors,DM Bravo,CA Ingram,R Shepherd,1,0,,,,,,,,,
1148677,2018,2018-09-11,Providence Stadium,1,8.3,Trinbago Knight Riders,Guyana Amazon Warriors,CA Ingram,DM Bravo,R Shepherd,1,0,,,,,,,,,
1148677,2018,2018-09-11,Providence Stadium,1,8.4,Trinbago Knight Riders,Guyana Amazon Warriors,DM Bravo,CA Ingram,R Shepherd,1,0,,,,,,,,,
1148677,2018,2018-09-11,Providence Stadium,1,8.5,Trinbago Knight Riders,Guyana Amazon Warriors,CA Ingram,DM Bravo,R Shepherd,1,0,,,,,,,,,
1148677,2018,2018-09-11,Providence Stadium,1,8.6,Trinbago Knight Riders,Guyana Amazon Warriors,DM Bravo,CA Ingram,R Shepherd,0,0,,,,,,,,,
1148677,2018,2018-09-11,Providence Stadium,1,9.1,Trinbago Knight Riders,Guyana Amazon Warriors,CA Ingram,DM Bravo,RR Emrit,1,0,,,,,,,,,
1148677,2018,2018-09-11,Providence Stadium,1,9.2,Trinbago Knight Riders,Guyana Amazon Warriors,DM Bravo,CA Ingram,RR Emrit,1,0,,,,,,,,,
1148677,2018,2018-09-11,Providence Stadium,1,9.3,Trinbago Knight Riders,Guyana Amazon Warriors,CA Ingram,DM Bravo,RR Emrit,1,0,,,,,,,,,
1148677,2018,2018-09-11,Providence Stadium,1,9.4,Trinbago Knight Riders,Guyana Amazon Warriors,DM Bravo,CA Ingram,RR Emrit,2,0,,,,,,,,,
1148677,2018,2018-09-11,Providence Stadium,1,9.5,Trinbago Knight Riders,Guyana Amazon Warriors,DM Bravo,CA Ingram,RR Emrit,0,0,,,,,,,,,
1148677,2018,2018-09-11,Providence Stadium,1,9.6,Trinbago Knight Riders,Guyana Amazon Warriors,DM Bravo,CA Ingram,RR Emrit,0,0,,,,,,,,,
1148677,2018,2018-09-11,Providence Stadium,1,10.1,Trinbago Knight Riders,Guyana Amazon Warriors,CA Ingram,DM Bravo,R Shepherd,1,0,,,,,,,,,
1148677,2018,2018-09-11,Providence Stadium,1,10.2,Trinbago Knight Riders,Guyana Amazon Warriors,DM Bravo,CA Ingram,R Shepherd,1,0,,,,,,,,,
1148677,2018,2018-09-11,Providence Stadium,1,10.3,Trinbago Knight Riders,Guyana Amazon Warriors,CA Ingram,DM Bravo,R Shepherd,0,0,,,,,,,,,
1148677,2018,2018-09-11,Providence Stadium,1,10.4,Trinbago Knight Riders,Guyana Amazon Warriors,CA Ingram,DM Bravo,R Shepherd,1,0,,,,,,,,,
1148677,2018,2018-09-11,Providence Stadium,1,10.5,Trinbago Knight Riders,Guyana Amazon Warriors,DM Bravo,CA Ingram,R Shepherd,4,0,,,,,,,,,
1148677,2018,2018-09-11,Providence Stadium,1,10.6,Trinbago Knight Riders,Guyana Amazon Warriors,DM Bravo,CA Ingram,R Shepherd,0,0,,,,,,,,,
1148677,2018,2018-09-11,Providence Stadium,1,11.1,Trinbago Knight Riders,Guyana Amazon Warriors,CA Ingram,DM Bravo,RR Emrit,0,0,,,,,,,,,
1148677,2018,2018-09-11,Providence Stadium,1,11.2,Trinbago Knight Riders,Guyana Amazon Warriors,CA Ingram,DM Bravo,RR Emrit,0,1,1,,,,,,,,
1148677,2018,2018-09-11,Providence Stadium,1,11.3,Trinbago Knight Riders,Guyana Amazon Warriors,CA Ingram,DM Bravo,RR Emrit,1,0,,,,,,,,,
1148677,2018,2018-09-11,Providence Stadium,1,11.4,Trinbago Knight Riders,Guyana Amazon Warriors,DM Bravo,CA Ingram,RR Emrit,0,0,,,,,,,,,
1148677,2018,2018-09-11,Providence Stadium,1,11.5,Trinbago Knight Riders,Guyana Amazon Warriors,DM Bravo,CA Ingram,RR Emrit,0,0,,,,,,,,,
1148677,2018,2018-09-11,Providence Stadium,1,11.6,Trinbago Knight Riders,Guyana Amazon Warriors,DM Bravo,CA Ingram,RR Emrit,0,0,,,,,,,,,
1148677,2018,2018-09-11,Providence Stadium,1,11.7,Trinbago Knight Riders,Guyana Amazon Warriors,DM Bravo,CA Ingram,RR Emrit,0,0,,,,,,,,,
1148677,2018,2018-09-11,Providence Stadium,1,12.1,Trinbago Knight Riders,Guyana Amazon Warriors,CA Ingram,DM Bravo,Imran Tahir,1,0,,,,,,,,,
1148677,2018,2018-09-11,Providence Stadium,1,12.2,Trinbago Knight Riders,Guyana Amazon Warriors,DM Bravo,CA Ingram,Imran Tahir,0,0,,,,,,,,,
1148677,2018,2018-09-11,Providence Stadium,1,12.3,Trinbago Knight Riders,Guyana Amazon Warriors,DM Bravo,CA Ingram,Imran Tahir,0,1,1,,,,,,,,
1148677,2018,2018-09-11,Providence Stadium,1,12.4,Trinbago Knight Riders,Guyana Amazon Warriors,DM Bravo,CA Ingram,Imran Tahir,0,1,1,,,,,,,,
1148677,2018,2018-09-11,Providence Stadium,1,12.5,Trinbago Knight Riders,Guyana Amazon Warriors,DM Bravo,CA Ingram,Imran Tahir,0,0,,,,,,,,,
1148677,2018,2018-09-11,Providence Stadium,1,12.6,Trinbago Knight Riders,Guyana Amazon Warriors,DM Bravo,CA Ingram,Imran Tahir,4,0,,,,,,,,,
1148677,2018,2018-09-11,Providence Stadium,1,12.7,Trinbago Knight Riders,Guyana Amazon Warriors,DM Bravo,CA Ingram,Imran Tahir,1,0,,,,,,,,,
1148677,2018,2018-09-11,Providence Stadium,1,12.8,Trinbago Knight Riders,Guyana Amazon Warriors,CA Ingram,DM Bravo,Imran Tahir,1,0,,,,,,,,,
1148677,2018,2018-09-11,Providence Stadium,1,13.1,Trinbago Knight Riders,Guyana Amazon Warriors,CA Ingram,DM Bravo,R Shepherd,1,0,,,,,,,,,
1148677,2018,2018-09-11,Providence Stadium,1,13.2,Trinbago Knight Riders,Guyana Amazon Warriors,DM Bravo,CA Ingram,R Shepherd,1,0,,,,,,,,,
1148677,2018,2018-09-11,Providence Stadium,1,13.3,Trinbago Knight Riders,Guyana Amazon Warriors,CA Ingram,DM Bravo,R Shepherd,1,0,,,,,,,,,
1148677,2018,2018-09-11,Providence Stadium,1,13.4,Trinbago Knight Riders,Guyana Amazon Warriors,DM Bravo,CA Ingram,R Shepherd,0,1,1,,,,,,,,
1148677,2018,2018-09-11,Providence Stadium,1,13.5,Trinbago Knight Riders,Guyana Amazon Warriors,DM Bravo,CA Ingram,R Shepherd,0,1,1,,,,,,,,
1148677,2018,2018-09-11,Providence Stadium,1,13.6,Trinbago Knight Riders,Guyana Amazon Warriors,DM Bravo,CA Ingram,R Shepherd,1,0,,,,,,,,,
1148677,2018,2018-09-11,Providence Stadium,1,13.7,Trinbago Knight Riders,Guyana Amazon Warriors,CA Ingram,DM Bravo,R Shepherd,4,0,,,,,,,,,
1148677,2018,2018-09-11,Providence Stadium,1,13.8,Trinbago Knight Riders,Guyana Amazon Warriors,CA Ingram,DM Bravo,R Shepherd,0,0,,,,,,,,,
1148677,2018,2018-09-11,Providence Stadium,1,14.1,Trinbago Knight Riders,Guyana Amazon Warriors,DM Bravo,CA Ingram,Sohail Tanvir,4,0,,,,,,,,,
1148677,2018,2018-09-11,Providence Stadium,1,14.2,Trinbago Knight Riders,Guyana Amazon Warriors,DM Bravo,CA Ingram,Sohail Tanvir,0,0,,,,,,caught,DM Bravo,,
1148677,2018,2018-09-11,Providence Stadium,1,14.3,Trinbago Knight Riders,Guyana Amazon Warriors,DJ Bravo,CA Ingram,Sohail Tanvir,4,0,,,,,,,,,
1148677,2018,2018-09-11,Providence Stadium,1,14.4,Trinbago Knight Riders,Guyana Amazon Warriors,DJ Bravo,CA Ingram,Sohail Tanvir,0,0,,,,,,,,,
1148677,2018,2018-09-11,Providence Stadium,1,14.5,Trinbago Knight Riders,Guyana Amazon Warriors,DJ Bravo,CA Ingram,Sohail Tanvir,1,0,,,,,,,,,
1148677,2018,2018-09-11,Providence Stadium,1,14.6,Trinbago Knight Riders,Guyana Amazon Warriors,CA Ingram,DJ Bravo,Sohail Tanvir,0,0,,,,,,,,,
1148677,2018,2018-09-11,Providence Stadium,1,15.1,Trinbago Knight Riders,Guyana Amazon Warriors,DJ Bravo,CA Ingram,RR Emrit,0,0,,,,,,,,,
1148677,2018,2018-09-11,Providence Stadium,1,15.2,Trinbago Knight Riders,Guyana Amazon Warriors,DJ Bravo,CA Ingram,RR Emrit,1,0,,,,,,,,,
1148677,2018,2018-09-11,Providence Stadium,1,15.3,Trinbago Knight Riders,Guyana Amazon Warriors,CA Ingram,DJ Bravo,RR Emrit,4,0,,,,,,,,,
1148677,2018,2018-09-11,Providence Stadium,1,15.4,Trinbago Knight Riders,Guyana Amazon Warriors,CA Ingram,DJ Bravo,RR Emrit,1,0,,,,,,,,,
1148677,2018,2018-09-11,Providence Stadium,1,15.5,Trinbago Knight Riders,Guyana Amazon Warriors,DJ Bravo,CA Ingram,RR Emrit,1,0,,,,,,,,,
1148677,2018,2018-09-11,Providence Stadium,1,15.6,Trinbago Knight Riders,Guyana Amazon Warriors,CA Ingram,DJ Bravo,RR Emrit,0,0,,,,,,caught,CA Ingram,,
1148677,2018,2018-09-11,Providence Stadium,1,16.1,Trinbago Knight Riders,Guyana Amazon Warriors,KK Cooper,DJ Bravo,Imran Tahir,4,0,,,,,,,,,
1148677,2018,2018-09-11,Providence Stadium,1,16.2,Trinbago Knight Riders,Guyana Amazon Warriors,KK Cooper,DJ Bravo,Imran Tahir,2,0,,,,,,,,,
1148677,2018,2018-09-11,Providence Stadium,1,16.3,Trinbago Knight Riders,Guyana Amazon Warriors,KK Cooper,DJ Bravo,Imran Tahir,0,0,,,,,,,,,
1148677,2018,2018-09-11,Providence Stadium,1,16.4,Trinbago Knight Riders,Guyana Amazon Warriors,KK Cooper,DJ Bravo,Imran Tahir,0,0,,,,,,,,,
1148677,2018,2018-09-11,Providence Stadium,1,16.5,Trinbago Knight Riders,Guyana Amazon Warriors,KK Cooper,DJ Bravo,Imran Tahir,0,0,,,,,,,,,
1148677,2018,2018-09-11,Providence Stadium,1,16.6,Trinbago Knight Riders,Guyana Amazon Warriors,KK Cooper,DJ Bravo,Imran Tahir,0,0,,,,,,,,,
1148677,2018,2018-09-11,Providence Stadium,1,17.1,Trinbago Knight Riders,Guyana Amazon Warriors,DJ Bravo,KK Cooper,R Shepherd,2,0,,,,,,,,,
1148677,2018,2018-09-11,Providence Stadium,1,17.2,Trinbago Knight Riders,Guyana Amazon Warriors,DJ Bravo,KK Cooper,R Shepherd,1,0,,,,,,,,,
1148677,2018,2018-09-11,Providence Stadium,1,17.3,Trinbago Knight Riders,Guyana Amazon Warriors,KK Cooper,DJ Bravo,R Shepherd,0,1,1,,,,,,,,
1148677,2018,2018-09-11,Providence Stadium,1,17.4,Trinbago Knight Riders,Guyana Amazon Warriors,KK Cooper,DJ Bravo,R Shepherd,1,0,,,,,,,,,
1148677,2018,2018-09-11,Providence Stadium,1,17.5,Trinbago Knight Riders,Guyana Amazon Warriors,DJ Bravo,KK Cooper,R Shepherd,0,0,,,,,,,,,
1148677,2018,2018-09-11,Providence Stadium,1,17.6,Trinbago Knight Riders,Guyana Amazon Warriors,DJ Bravo,KK Cooper,R Shepherd,0,1,1,,,,,,,,
1148677,2018,2018-09-11,Providence Stadium,1,17.7,Trinbago Knight Riders,Guyana Amazon Warriors,DJ Bravo,KK Cooper,R Shepherd,0,0,,,,,,,,,
1148677,2018,2018-09-11,Providence Stadium,1,17.8,Trinbago Knight Riders,Guyana Amazon Warriors,DJ Bravo,KK Cooper,R Shepherd,0,3,,1,2,,,,,,
1148677,2018,2018-09-11,Providence Stadium,1,17.9,Trinbago Knight Riders,Guyana Amazon Warriors,DJ Bravo,KK Cooper,R Shepherd,1,0,,,,,,,,,
1148677,2018,2018-09-11,Providence Stadium,1,18.1,Trinbago Knight Riders,Guyana Amazon Warriors,DJ Bravo,KK Cooper,Sohail Tanvir,1,0,,,,,,,,,
1148677,2018,2018-09-11,Providence Stadium,1,18.2,Trinbago Knight Riders,Guyana Amazon Warriors,KK Cooper,DJ Bravo,Sohail Tanvir,6,0,,,,,,,,,
1148677,2018,2018-09-11,Providence Stadium,1,18.3,Trinbago Knight Riders,Guyana Amazon Warriors,KK Cooper,DJ Bravo,Sohail Tanvir,1,1,,1,,,,,,,
1148677,2018,2018-09-11,Providence Stadium,1,18.4,Trinbago Knight Riders,Guyana Amazon Warriors,DJ Bravo,KK Cooper,Sohail Tanvir,1,0,,,,,,,,,
1148677,2018,2018-09-11,Providence Stadium,1,18.5,Trinbago Knight Riders,Guyana Amazon Warriors,KK Cooper,DJ Bravo,Sohail Tanvir,1,0,,,,,,,,,
1148677,2018,2018-09-11,Providence Stadium,1,18.6,Trinbago Knight Riders,Guyana Amazon Warriors,DJ Bravo,KK Cooper,Sohail Tanvir,0,0,,,,,,,,,
1148677,2018,2018-09-11,Providence Stadium,1,18.7,Trinbago Knight Riders,Guyana Amazon Warriors,DJ Bravo,KK Cooper,Sohail Tanvir,1,0,,,,,,,,,
1148677,2018,2018-09-11,Providence Stadium,1,19.1,Trinbago Knight Riders,Guyana Amazon Warriors,DJ Bravo,KK Cooper,RR Emrit,0,0,,,,,,,,,
1148677,2018,2018-09-11,Providence Stadium,1,19.2,Trinbago Knight Riders,Guyana Amazon Warriors,DJ Bravo,KK Cooper,RR Emrit,0,0,,,,,,,,,
1148677,2018,2018-09-11,Providence Stadium,1,19.3,Trinbago Knight Riders,Guyana Amazon Warriors,DJ Bravo,KK Cooper,RR Emrit,2,0,,,,,,,,,
1148677,2018,2018-09-11,Providence Stadium,1,19.4,Trinbago Knight Riders,Guyana Amazon Warriors,DJ Bravo,KK Cooper,RR Emrit,0,0,,,,,,,,,
1148677,2018,2018-09-11,Providence Stadium,1,19.5,Trinbago Knight Riders,Guyana Amazon Warriors,DJ Bravo,KK Cooper,RR Emrit,6,0,,,,,,,,,
1148677,2018,2018-09-11,Providence Stadium,1,19.6,Trinbago Knight Riders,Guyana Amazon Warriors,DJ Bravo,KK Cooper,RR Emrit,0,0,,,,,,caught,DJ Bravo,,
1148677,2018,2018-09-11,Providence Stadium,2,0.1,Guyana Amazon Warriors,Trinbago Knight Riders,CS Delport,L Ronchi,Ali Khan,0,0,,,,,,,,,
1148677,2018,2018-09-11,Providence Stadium,2,0.2,Guyana Amazon Warriors,Trinbago Knight Riders,CS Delport,L Ronchi,Ali Khan,0,0,,,,,,,,,
1148677,2018,2018-09-11,Providence Stadium,2,0.3,Guyana Amazon Warriors,Trinbago Knight Riders,CS Delport,L Ronchi,Ali Khan,0,0,,,,,,,,,
1148677,2018,2018-09-11,Providence Stadium,2,0.4,Guyana Amazon Warriors,Trinbago Knight Riders,CS Delport,L Ronchi,Ali Khan,1,0,,,,,,,,,
1148677,2018,2018-09-11,Providence Stadium,2,0.5,Guyana Amazon Warriors,Trinbago Knight Riders,L Ronchi,CS Delport,Ali Khan,6,0,,,,,,,,,
1148677,2018,2018-09-11,Providence Stadium,2,0.6,Guyana Amazon Warriors,Trinbago Knight Riders,L Ronchi,CS Delport,Ali Khan,0,0,,,,,,,,,
1148677,2018,2018-09-11,Providence Stadium,2,1.1,Guyana Amazon Warriors,Trinbago Knight Riders,CS Delport,L Ronchi,SP Narine,0,0,,,,,,,,,
1148677,2018,2018-09-11,Providence Stadium,2,1.2,Guyana Amazon Warriors,Trinbago Knight Riders,CS Delport,L Ronchi,SP Narine,0,0,,,,,,,,,
1148677,2018,2018-09-11,Providence Stadium,2,1.3,Guyana Amazon Warriors,Trinbago Knight Riders,CS Delport,L Ronchi,SP Narine,1,0,,,,,,,,,
1148677,2018,2018-09-11,Providence Stadium,2,1.4,Guyana Amazon Warriors,Trinbago Knight Riders,L Ronchi,CS Delport,SP Narine,0,0,,,,,,,,,
1148677,2018,2018-09-11,Providence Stadium,2,1.5,Guyana Amazon Warriors,Trinbago Knight Riders,L Ronchi,CS Delport,SP Narine,0,1,,,,1,,,,,
1148677,2018,2018-09-11,Providence Stadium,2,1.6,Guyana Amazon Warriors,Trinbago Knight Riders,CS Delport,L Ronchi,SP Narine,0,0,,,,,,,,,
1148677,2018,2018-09-11,Providence Stadium,2,2.1,Guyana Amazon Warriors,Trinbago Knight Riders,L Ronchi,CS Delport,Fawad Ahmed,0,0,,,,,,,,,
1148677,2018,2018-09-11,Providence Stadium,2,2.2,Guyana Amazon Warriors,Trinbago Knight Riders,L Ronchi,CS Delport,Fawad Ahmed,1,0,,,,,,,,,
1148677,2018,2018-09-11,Providence Stadium,2,2.3,Guyana Amazon Warriors,Trinbago Knight Riders,CS Delport,L Ronchi,Fawad Ahmed,0,0,,,,,,caught,CS Delport,,
1148677,2018,2018-09-11,Providence Stadium,2,2.4,Guyana Amazon Warriors,Trinbago Knight Riders,L Ronchi,SO Hetmyer,Fawad Ahmed,0,0,,,,,,,,,
1148677,2018,2018-09-11,Providence Stadium,2,2.5,Guyana Amazon Warriors,Trinbago Knight Riders,L Ronchi,SO Hetmyer,Fawad Ahmed,0,0,,,,,,,,,
1148677,2018,2018-09-11,Providence Stadium,2,2.6,Guyana Amazon Warriors,Trinbago Knight Riders,L Ronchi,SO Hetmyer,Fawad Ahmed,0,0,,,,,,,,,
1148677,2018,2018-09-11,Providence Stadium,2,3.1,Guyana Amazon Warriors,Trinbago Knight Riders,SO Hetmyer,L Ronchi,SP Narine,0,0,,,,,,,,,
1148677,2018,2018-09-11,Providence Stadium,2,3.2,Guyana Amazon Warriors,Trinbago Knight Riders,SO Hetmyer,L Ronchi,SP Narine,0,0,,,,,,,,,
1148677,2018,2018-09-11,Providence Stadium,2,3.3,Guyana Amazon Warriors,Trinbago Knight Riders,SO Hetmyer,L Ronchi,SP Narine,0,0,,,,,,,,,
1148677,2018,2018-09-11,Providence Stadium,2,3.4,Guyana Amazon Warriors,Trinbago Knight Riders,SO Hetmyer,L Ronchi,SP Narine,0,0,,,,,,,,,
1148677,2018,2018-09-11,Providence Stadium,2,3.5,Guyana Amazon Warriors,Trinbago Knight Riders,SO Hetmyer,L Ronchi,SP Narine,2,0,,,,,,,,,
1148677,2018,2018-09-11,Providence Stadium,2,3.6,Guyana Amazon Warriors,Trinbago Knight Riders,SO Hetmyer,L Ronchi,SP Narine,0,0,,,,,,,,,
1148677,2018,2018-09-11,Providence Stadium,2,4.1,Guyana Amazon Warriors,Trinbago Knight Riders,L Ronchi,SO Hetmyer,Fawad Ahmed,0,0,,,,,,,,,
1148677,2018,2018-09-11,Providence Stadium,2,4.2,Guyana Amazon Warriors,Trinbago Knight Riders,L Ronchi,SO Hetmyer,Fawad Ahmed,0,0,,,,,,,,,
1148677,2018,2018-09-11,Providence Stadium,2,4.3,Guyana Amazon Warriors,Trinbago Knight Riders,L Ronchi,SO Hetmyer,Fawad Ahmed,4,0,,,,,,,,,
1148677,2018,2018-09-11,Providence Stadium,2,4.4,Guyana Amazon Warriors,Trinbago Knight Riders,L Ronchi,SO Hetmyer,Fawad Ahmed,1,0,,,,,,,,,
1148677,2018,2018-09-11,Providence Stadium,2,4.5,Guyana Amazon Warriors,Trinbago Knight Riders,SO Hetmyer,L Ronchi,Fawad Ahmed,4,0,,,,,,,,,
1148677,2018,2018-09-11,Providence Stadium,2,4.6,Guyana Amazon Warriors,Trinbago Knight Riders,SO Hetmyer,L Ronchi,Fawad Ahmed,0,0,,,,,,,,,
1148677,2018,2018-09-11,Providence Stadium,2,5.1,Guyana Amazon Warriors,Trinbago Knight Riders,L Ronchi,SO Hetmyer,K Pierre,1,0,,,,,,,,,
1148677,2018,2018-09-11,Providence Stadium,2,5.2,Guyana Amazon Warriors,Trinbago Knight Riders,SO Hetmyer,L Ronchi,K Pierre,1,0,,,,,,,,,
1148677,2018,2018-09-11,Providence Stadium,2,5.3,Guyana Amazon Warriors,Trinbago Knight Riders,L Ronchi,SO Hetmyer,K Pierre,0,0,,,,,,,,,
1148677,2018,2018-09-11,Providence Stadium,2,5.4,Guyana Amazon Warriors,Trinbago Knight Riders,L Ronchi,SO Hetmyer,K Pierre,0,0,,,,,,,,,
1148677,2018,2018-09-11,Providence Stadium,2,5.5,Guyana Amazon Warriors,Trinbago Knight Riders,L Ronchi,SO Hetmyer,K Pierre,0,0,,,,,,caught,L Ronchi,,
1148677,2018,2018-09-11,Providence Stadium,2,5.6,Guyana Amazon Warriors,Trinbago Knight Riders,SO Hetmyer,JN Mohammed,K Pierre,0,0,,,,,,,,,
1148677,2018,2018-09-11,Providence Stadium,2,6.1,Guyana Amazon Warriors,Trinbago Knight Riders,JN Mohammed,SO Hetmyer,Fawad Ahmed,0,0,,,,,,,,,
1148677,2018,2018-09-11,Providence Stadium,2,6.2,Guyana Amazon Warriors,Trinbago Knight Riders,JN Mohammed,SO Hetmyer,Fawad Ahmed,0,0,,,,,,,,,
1148677,2018,2018-09-11,Providence Stadium,2,6.3,Guyana Amazon Warriors,Trinbago Knight Riders,JN Mohammed,SO Hetmyer,Fawad Ahmed,0,1,,,,1,,,,,
1148677,2018,2018-09-11,Providence Stadium,2,6.4,Guyana Amazon Warriors,Trinbago Knight Riders,SO Hetmyer,JN Mohammed,Fawad Ahmed,1,0,,,,,,,,,
1148677,2018,2018-09-11,Providence Stadium,2,6.5,Guyana Amazon Warriors,Trinbago Knight Riders,JN Mohammed,SO Hetmyer,Fawad Ahmed,0,0,,,,,,,,,
1148677,2018,2018-09-11,Providence Stadium,2,6.6,Guyana Amazon Warriors,Trinbago Knight Riders,JN Mohammed,SO Hetmyer,Fawad Ahmed,1,0,,,,,,,,,
1148677,2018,2018-09-11,Providence Stadium,2,7.1,Guyana Amazon Warriors,Trinbago Knight Riders,JN Mohammed,SO Hetmyer,K Pierre,1,0,,,,,,,,,
1148677,2018,2018-09-11,Providence Stadium,2,7.2,Guyana Amazon Warriors,Trinbago Knight Riders,SO Hetmyer,JN Mohammed,K Pierre,0,0,,,,,,,,,
1148677,2018,2018-09-11,Providence Stadium,2,7.3,Guyana Amazon Warriors,Trinbago Knight Riders,SO Hetmyer,JN Mohammed,K Pierre,1,0,,,,,,,,,
1148677,2018,2018-09-11,Providence Stadium,2,7.4,Guyana Amazon Warriors,Trinbago Knight Riders,JN Mohammed,SO Hetmyer,K Pierre,0,0,,,,,,,,,
1148677,2018,2018-09-11,Providence Stadium,2,7.5,Guyana Amazon Warriors,Trinbago Knight Riders,JN Mohammed,SO Hetmyer,K Pierre,1,0,,,,,,,,,
1148677,2018,2018-09-11,Providence Stadium,2,7.6,Guyana Amazon Warriors,Trinbago Knight Riders,SO Hetmyer,JN Mohammed,K Pierre,0,0,,,,,,,,,
1148677,2018,2018-09-11,Providence Stadium,2,8.1,Guyana Amazon Warriors,Trinbago Knight Riders,JN Mohammed,SO Hetmyer,SP Narine,0,0,,,,,,,,,
1148677,2018,2018-09-11,Providence Stadium,2,8.2,Guyana Amazon Warriors,Trinbago Knight Riders,JN Mohammed,SO Hetmyer,SP Narine,0,0,,,,,,lbw,JN Mohammed,,
1148677,2018,2018-09-11,Providence Stadium,2,8.3,Guyana Amazon Warriors,Trinbago Knight Riders,CAK Walton,SO Hetmyer,SP Narine,0,0,,,,,,,,,
1148677,2018,2018-09-11,Providence Stadium,2,8.4,Guyana Amazon Warriors,Trinbago Knight Riders,CAK Walton,SO Hetmyer,SP Narine,1,0,,,,,,,,,
1148677,2018,2018-09-11,Providence Stadium,2,8.5,Guyana Amazon Warriors,Trinbago Knight Riders,SO Hetmyer,CAK Walton,SP Narine,2,0,,,,,,,,,
1148677,2018,2018-09-11,Providence Stadium,2,8.6,Guyana Amazon Warriors,Trinbago Knight Riders,SO Hetmyer,CAK Walton,SP Narine,0,0,,,,,,,,,
1148677,2018,2018-09-11,Providence Stadium,2,9.1,Guyana Amazon Warriors,Trinbago Knight Riders,CAK Walton,SO Hetmyer,K Pierre,1,0,,,,,,,,,
1148677,2018,2018-09-11,Providence Stadium,2,9.2,Guyana Amazon Warriors,Trinbago Knight Riders,SO Hetmyer,CAK Walton,K Pierre,0,0,,,,,,,,,
1148677,2018,2018-09-11,Providence Stadium,2,9.3,Guyana Amazon Warriors,Trinbago Knight Riders,SO Hetmyer,CAK Walton,K Pierre,1,0,,,,,,,,,
1148677,2018,2018-09-11,Providence Stadium,2,9.4,Guyana Amazon Warriors,Trinbago Knight Riders,CAK Walton,SO Hetmyer,K Pierre,1,0,,,,,,,,,
1148677,2018,2018-09-11,Providence Stadium,2,9.5,Guyana Amazon Warriors,Trinbago Knight Riders,SO Hetmyer,CAK Walton,K Pierre,1,0,,,,,,,,,
1148677,2018,2018-09-11,Providence Stadium,2,9.6,Guyana Amazon Warriors,Trinbago Knight Riders,CAK Walton,SO Hetmyer,K Pierre,1,0,,,,,,,,,
1148677,2018,2018-09-11,Providence Stadium,2,10.1,Guyana Amazon Warriors,Trinbago Knight Riders,CAK Walton,SO Hetmyer,Fawad Ahmed,0,0,,,,,,,,,
1148677,2018,2018-09-11,Providence Stadium,2,10.2,Guyana Amazon Warriors,Trinbago Knight Riders,CAK Walton,SO Hetmyer,Fawad Ahmed,1,0,,,,,,,,,
1148677,2018,2018-09-11,Providence Stadium,2,10.3,Guyana Amazon Warriors,Trinbago Knight Riders,SO Hetmyer,CAK Walton,Fawad Ahmed,0,0,,,,,,,,,
1148677,2018,2018-09-11,Providence Stadium,2,10.4,Guyana Amazon Warriors,Trinbago Knight Riders,SO Hetmyer,CAK Walton,Fawad Ahmed,0,0,,,,,,,,,
1148677,2018,2018-09-11,Providence Stadium,2,10.5,Guyana Amazon Warriors,Trinbago Knight Riders,SO Hetmyer,CAK Walton,Fawad Ahmed,6,0,,,,,,,,,
1148677,2018,2018-09-11,Providence Stadium,2,10.6,Guyana Amazon Warriors,Trinbago Knight Riders,SO Hetmyer,CAK Walton,Fawad Ahmed,0,0,,,,,,,,,
1148677,2018,2018-09-11,Providence Stadium,2,11.1,Guyana Amazon Warriors,Trinbago Knight Riders,CAK Walton,SO Hetmyer,K Pierre,4,0,,,,,,,,,
1148677,2018,2018-09-11,Providence Stadium,2,11.2,Guyana Amazon Warriors,Trinbago Knight Riders,CAK Walton,SO Hetmyer,K Pierre,0,0,,,,,,,,,
1148677,2018,2018-09-11,Providence Stadium,2,11.3,Guyana Amazon Warriors,Trinbago Knight Riders,CAK Walton,SO Hetmyer,K Pierre,4,0,,,,,,,,,
1148677,2018,2018-09-11,Providence Stadium,2,11.4,Guyana Amazon Warriors,Trinbago Knight Riders,CAK Walton,SO Hetmyer,K Pierre,0,0,,,,,,run out,CAK Walton,,
1148677,2018,2018-09-11,Providence Stadium,2,11.5,Guyana Amazon Warriors,Trinbago Knight Riders,CJ Green,SO Hetmyer,K Pierre,0,0,,,,,,,,,
1148677,2018,2018-09-11,Providence Stadium,2,11.6,Guyana Amazon Warriors,Trinbago Knight Riders,CJ Green,SO Hetmyer,K Pierre,0,0,,,,,,caught,CJ Green,,
1148677,2018,2018-09-11,Providence Stadium,2,12.1,Guyana Amazon Warriors,Trinbago Knight Riders,SO Hetmyer,SE Rutherford,SP Narine,0,0,,,,,,,,,
1148677,2018,2018-09-11,Providence Stadium,2,12.2,Guyana Amazon Warriors,Trinbago Knight Riders,SO Hetmyer,SE Rutherford,SP Narine,1,0,,,,,,,,,
1148677,2018,2018-09-11,Providence Stadium,2,12.3,Guyana Amazon Warriors,Trinbago Knight Riders,SE Rutherford,SO Hetmyer,SP Narine,0,0,,,,,,,,,
1148677,2018,2018-09-11,Providence Stadium,2,12.4,Guyana Amazon Warriors,Trinbago Knight Riders,SE Rutherford,SO Hetmyer,SP Narine,1,0,,,,,,,,,
1148677,2018,2018-09-11,Providence Stadium,2,12.5,Guyana Amazon Warriors,Trinbago Knight Riders,SO Hetmyer,SE Rutherford,SP Narine,0,0,,,,,,,,,
1148677,2018,2018-09-11,Providence Stadium,2,12.6,Guyana Amazon Warriors,Trinbago Knight Riders,SO Hetmyer,SE Rutherford,SP Narine,1,0,,,,,,,,,
1148677,2018,2018-09-11,Providence Stadium,2,13.1,Guyana Amazon Warriors,Trinbago Knight Riders,SO Hetmyer,SE Rutherford,DJ Bravo,2,0,,,,,,,,,
1148677,2018,2018-09-11,Providence Stadium,2,13.2,Guyana Amazon Warriors,Trinbago Knight Riders,SO Hetmyer,SE Rutherford,DJ Bravo,1,0,,,,,,,,,
1148677,2018,2018-09-11,Providence Stadium,2,13.3,Guyana Amazon Warriors,Trinbago Knight Riders,SE Rutherford,SO Hetmyer,DJ Bravo,4,0,,,,,,,,,
1148677,2018,2018-09-11,Providence Stadium,2,13.4,Guyana Amazon Warriors,Trinbago Knight Riders,SE Rutherford,SO Hetmyer,DJ Bravo,1,0,,,,,,,,,
1148677,2018,2018-09-11,Providence Stadium,2,13.5,Guyana Amazon Warriors,Trinbago Knight Riders,SO Hetmyer,SE Rutherford,DJ Bravo,1,0,,,,,,,,,
1148677,2018,2018-09-11,Providence Stadium,2,13.6,Guyana Amazon Warriors,Trinbago Knight Riders,SE Rutherford,SO Hetmyer,DJ Bravo,1,0,,,,,,,,,
1148677,2018,2018-09-11,Providence Stadium,2,14.1,Guyana Amazon Warriors,Trinbago Knight Riders,SE Rutherford,SO Hetmyer,Ali Khan,1,0,,,,,,,,,
1148677,2018,2018-09-11,Providence Stadium,2,14.2,Guyana Amazon Warriors,Trinbago Knight Riders,SO Hetmyer,SE Rutherford,Ali Khan,1,0,,,,,,,,,
1148677,2018,2018-09-11,Providence Stadium,2,14.3,Guyana Amazon Warriors,Trinbago Knight Riders,SE Rutherford,SO Hetmyer,Ali Khan,0,0,,,,,,,,,
1148677,2018,2018-09-11,Providence Stadium,2,14.4,Guyana Amazon Warriors,Trinbago Knight Riders,SE Rutherford,SO Hetmyer,Ali Khan,4,0,,,,,,,,,
1148677,2018,2018-09-11,Providence Stadium,2,14.5,Guyana Amazon Warriors,Trinbago Knight Riders,SE Rutherford,SO Hetmyer,Ali Khan,4,0,,,,,,,,,
1148677,2018,2018-09-11,Providence Stadium,2,14.6,Guyana Amazon Warriors,Trinbago Knight Riders,SE Rutherford,SO Hetmyer,Ali Khan,1,0,,,,,,,,,
1148677,2018,2018-09-11,Providence Stadium,2,15.1,Guyana Amazon Warriors,Trinbago Knight Riders,SE Rutherford,SO Hetmyer,DJ Bravo,0,0,,,,,,,,,
1148677,2018,2018-09-11,Providence Stadium,2,15.2,Guyana Amazon Warriors,Trinbago Knight Riders,SE Rutherford,SO Hetmyer,DJ Bravo,6,0,,,,,,,,,
1148677,2018,2018-09-11,Providence Stadium,2,15.3,Guyana Amazon Warriors,Trinbago Knight Riders,SE Rutherford,SO Hetmyer,DJ Bravo,1,0,,,,,,,,,
1148677,2018,2018-09-11,Providence Stadium,2,15.4,Guyana Amazon Warriors,Trinbago Knight Riders,SO Hetmyer,SE Rutherford,DJ Bravo,1,0,,,,,,,,,
1148677,2018,2018-09-11,Providence Stadium,2,15.5,Guyana Amazon Warriors,Trinbago Knight Riders,SE Rutherford,SO Hetmyer,DJ Bravo,1,0,,,,,,,,,
1148677,2018,2018-09-11,Providence Stadium,2,15.6,Guyana Amazon Warriors,Trinbago Knight Riders,SO Hetmyer,SE Rutherford,DJ Bravo,4,0,,,,,,,,,
1148677,2018,2018-09-11,Providence Stadium,2,16.1,Guyana Amazon Warriors,Trinbago Knight Riders,SE Rutherford,SO Hetmyer,KK Cooper,4,0,,,,,,,,,
1148677,2018,2018-09-11,Providence Stadium,2,16.2,Guyana Amazon Warriors,Trinbago Knight Riders,SE Rutherford,SO Hetmyer,KK Cooper,1,0,,,,,,,,,
1148677,2018,2018-09-11,Providence Stadium,2,16.3,Guyana Amazon Warriors,Trinbago Knight Riders,SO Hetmyer,SE Rutherford,KK Cooper,2,0,,,,,,,,,
1148677,2018,2018-09-11,Providence Stadium,2,16.4,Guyana Amazon Warriors,Trinbago Knight Riders,SO Hetmyer,SE Rutherford,KK Cooper,6,0,,,,,,,,,
1148677,2018,2018-09-11,Providence Stadium,2,16.5,Guyana Amazon Warriors,Trinbago Knight Riders,SO Hetmyer,SE Rutherford,KK Cooper,0,0,,,,,,run out,SO Hetmyer,,
1148677,2018,2018-09-11,Providence Stadium,2,16.6,Guyana Amazon Warriors,Trinbago Knight Riders,SE Rutherford,Sohail Tanvir,KK Cooper,0,0,,,,,,caught,SE Rutherford,,
1148677,2018,2018-09-11,Providence Stadium,2,17.1,Guyana Amazon Warriors,Trinbago Knight Riders,Sohail Tanvir,RR Emrit,DJ Bravo,0,0,,,,,,,,,
1148677,2018,2018-09-11,Providence Stadium,2,17.2,Guyana Amazon Warriors,Trinbago Knight Riders,Sohail Tanvir,RR Emrit,DJ Bravo,1,0,,,,,,,,,
1148677,2018,2018-09-11,Providence Stadium,2,17.3,Guyana Amazon Warriors,Trinbago Knight Riders,RR Emrit,Sohail Tanvir,DJ Bravo,1,0,,,,,,,,,
1148677,2018,2018-09-11,Providence Stadium,2,17.4,Guyana Amazon Warriors,Trinbago Knight Riders,Sohail Tanvir,RR Emrit,DJ Bravo,1,0,,,,,,,,,
1148677,2018,2018-09-11,Providence Stadium,2,17.5,Guyana Amazon Warriors,Trinbago Knight Riders,RR Emrit,Sohail Tanvir,DJ Bravo,0,0,,,,,,caught,RR Emrit,,
1148677,2018,2018-09-11,Providence Stadium,2,17.6,Guyana Amazon Warriors,Trinbago Knight Riders,R Shepherd,Sohail Tanvir,DJ Bravo,6,0,,,,,,,,,
1148677,2018,2018-09-11,Providence Stadium,2,18.1,Guyana Amazon Warriors,Trinbago Knight Riders,Sohail Tanvir,R Shepherd,KK Cooper,1,0,,,,,,,,,
1148677,2018,2018-09-11,Providence Stadium,2,18.2,Guyana Amazon Warriors,Trinbago Knight Riders,R Shepherd,Sohail Tanvir,KK Cooper,1,0,,,,,,,,,
1148677,2018,2018-09-11,Providence Stadium,2,18.3,Guyana Amazon Warriors,Trinbago Knight Riders,Sohail Tanvir,R Shepherd,KK Cooper,1,0,,,,,,,,,
1148677,2018,2018-09-11,Providence Stadium,2,18.4,Guyana Amazon Warriors,Trinbago Knight Riders,R Shepherd,Sohail Tanvir,KK Cooper,4,0,,,,,,,,,
1148677,2018,2018-09-11,Providence Stadium,2,18.5,Guyana Amazon Warriors,Trinbago Knight Riders,R Shepherd,Sohail Tanvir,KK Cooper,0,0,,,,,,,,,
1148677,2018,2018-09-11,Providence Stadium,2,18.6,Guyana Amazon Warriors,Trinbago Knight Riders,R Shepherd,Sohail Tanvir,KK Cooper,1,0,,,,,,,,,
1148677,2018,2018-09-11,Providence Stadium,2,19.1,Guyana Amazon Warriors,Trinbago Knight Riders,R Shepherd,Sohail Tanvir,DJ Bravo,1,0,,,,,,,,,
1148677,2018,2018-09-11,Providence Stadium,2,19.2,Guyana Amazon Warriors,Trinbago Knight Riders,Sohail Tanvir,R Shepherd,DJ Bravo,0,0,,,,,,,,,
1148677,2018,2018-09-11,Providence Stadium,2,19.3,Guyana Amazon Warriors,Trinbago Knight Riders,Sohail Tanvir,R Shepherd,DJ Bravo,0,0,,,,,,,,,
1148677,2018,2018-09-11,Providence Stadium,2,19.4,Guyana Amazon Warriors,Trinbago Knight Riders,Sohail Tanvir,R Shepherd,DJ Bravo,0,0,,,,,,,,,
1148677,2018,2018-09-11,Providence Stadium,2,19.5,Guyana Amazon Warriors,Trinbago Knight Riders,Sohail Tanvir,R Shepherd,DJ Bravo,6,0,,,,,,,,,
