version,2.1.0
info,balls_per_over,6
info,team,St Lucia Stars
info,team,Trinbago Knight Riders
info,gender,male
info,season,2018
info,date,2018/08/16
info,event,Caribbean Premier League
info,match_number,9
info,venue,"Daren Sammy National Cricket Stadium, Gros Islet"
info,city,St Lucia
info,toss_winner,Trinbago Knight Riders
info,toss_decision,field
info,player_of_match,DM Bravo
info,umpire,N Duguid
info,umpire,GO Brathwaite
info,reserve_umpire,Myron James
info,tv_umpire,L Rusere
info,match_referee,Denavon Hayles
info,winner,Trinbago Knight Riders
info,winner_wickets,5
info,player,St Lucia Stars,ADS Fletcher
info,player,St Lucia Stars,DA Warner
info,player,St Lucia Stars,RRS Cornwall
info,player,St Lucia Stars,KA Pollard
info,player,St Lucia Stars,LMP Simmons
info,player,St Lucia Stars,C Hemraj
info,player,St Lucia Stars,DJG Sammy
info,player,St Lucia Stars,KAR Hodge
info,player,St Lucia Stars,MJ McClenaghan
info,player,St Lucia Stars,Qais Ahmad
info,player,St Lucia Stars,OC McCoy
info,player,Trinbago Knight Riders,SP Narine
info,player,Trinbago Knight Riders,CA Lynn
info,player,Trinbago Knight Riders,C Munro
info,player,Trinbago Knight Riders,BB McCullum
info,player,Trinbago Knight Riders,DM Bravo
info,player,Trinbago Knight Riders,JPR Scantlebury-Searles
info,player,Trinbago Knight Riders,D Ramdin
info,player,Trinbago Knight Riders,DJ Bravo
info,player,Trinbago Knight Riders,Ali Khan
info,player,Trinbago Knight Riders,Fawad Ahmed
info,player,Trinbago Knight Riders,ST Gabriel
info,registry,people,ADS Fletcher,1bae756b
info,registry,people,Ali Khan,b0eaaac6
info,registry,people,BB McCullum,b8a55852
info,registry,people,C Hemraj,9d450c28
info,registry,people,C Munro,af2c687b
info,registry,people,CA Lynn,45eda7c8
info,registry,people,D Ramdin,d1523761
info,registry,people,DA Warner,dcce6f09
info,registry,people,DJ Bravo,87e562a9
info,registry,people,DJG Sammy,c03c6200
info,registry,people,DM Bravo,14b14cd8
info,registry,people,Denavon Hayles,5cbeeb02
info,registry,people,Fawad Ahmed,22ae3041
info,registry,people,GO Brathwaite,1ace56d4
info,registry,people,JPR Scantlebury-Searles,99ed60f8
info,registry,people,KA Pollard,a757b0d8
info,registry,people,KAR Hodge,49dc9cb4
info,registry,people,L Rusere,6a4734ae
info,registry,people,LMP Simmons,89f64c19
info,registry,people,MJ McClenaghan,51a3c5ef
info,registry,people,Myron James,41fd052c
info,registry,people,N Duguid,64495506
info,registry,people,OC McCoy,529eb9e0
info,registry,people,Qais Ahmad,8d5d991e
info,registry,people,RRS Cornwall,c4d9634c
info,registry,people,SP Narine,9d430b40
info,registry,people,ST Gabriel,d9609443
