match_id,season,start_date,venue,innings,ball,batting_team,bowling_team,striker,non_striker,bowler,runs_off_bat,extras,wides,noballs,byes,legbyes,penalty,wicket_type,player_dismissed,other_wicket_type,other_player_dismissed
1148669,2018,2018-09-01,"Warner Park, Basseterre",1,0.1,Trinbago Knight Riders,St Kitts and Nevis Patriots,CA Lynn,SP Narine,SS Cottrell,0,0,,,,,,,,,
1148669,2018,2018-09-01,"Warner Park, Basseterre",1,0.2,Trinbago Knight Riders,St Kitts and Nevis Patriots,CA Lynn,SP Narine,SS Cottrell,0,0,,,,,,,,,
1148669,2018,2018-09-01,"Warner Park, Basseterre",1,0.3,Trinbago Knight Riders,St Kitts and Nevis Patriots,CA Lynn,SP Narine,SS Cottrell,0,0,,,,,,,,,
1148669,2018,2018-09-01,"Warner Park, Basseterre",1,0.4,Trinbago Knight Riders,St Kitts and Nevis Patriots,CA Lynn,SP Narine,SS Cottrell,0,0,,,,,,,,,
1148669,2018,2018-09-01,"Warner Park, Basseterre",1,0.5,Trinbago Knight Riders,St Kitts and Nevis Patriots,CA Lynn,SP Narine,SS Cottrell,4,0,,,,,,,,,
1148669,2018,2018-09-01,"Warner Park, Basseterre",1,0.6,Trinbago Knight Riders,St Kitts and Nevis Patriots,CA Lynn,SP Narine,SS Cottrell,0,0,,,,,,,,,
1148669,2018,2018-09-01,"Warner Park, Basseterre",1,1.1,Trinbago Knight Riders,St Kitts and Nevis Patriots,SP Narine,CA Lynn,CR Brathwaite,0,0,,,,,,,,,
1148669,2018,2018-09-01,"Warner Park, Basseterre",1,1.2,Trinbago Knight Riders,St Kitts and Nevis Patriots,SP Narine,CA Lynn,CR Brathwaite,6,0,,,,,,,,,
1148669,2018,2018-09-01,"Warner Park, Basseterre",1,1.3,Trinbago Knight Riders,St Kitts and Nevis Patriots,SP Narine,CA Lynn,CR Brathwaite,0,0,,,,,,,,,
1148669,2018,2018-09-01,"Warner Park, Basseterre",1,1.4,Trinbago Knight Riders,St Kitts and Nevis Patriots,SP Narine,CA Lynn,CR Brathwaite,0,0,,,,,,caught,SP Narine,,
1148669,2018,2018-09-01,"Warner Park, Basseterre",1,1.5,Trinbago Knight Riders,St Kitts and Nevis Patriots,CA Lynn,C Munro,CR Brathwaite,1,0,,,,,,,,,
1148669,2018,2018-09-01,"Warner Park, Basseterre",1,1.6,Trinbago Knight Riders,St Kitts and Nevis Patriots,C Munro,CA Lynn,CR Brathwaite,1,0,,,,,,,,,
1148669,2018,2018-09-01,"Warner Park, Basseterre",1,2.1,Trinbago Knight Riders,St Kitts and Nevis Patriots,C Munro,CA Lynn,SS Cottrell,0,0,,,,,,,,,
1148669,2018,2018-09-01,"Warner Park, Basseterre",1,2.2,Trinbago Knight Riders,St Kitts and Nevis Patriots,C Munro,CA Lynn,SS Cottrell,0,0,,,,,,,,,
1148669,2018,2018-09-01,"Warner Park, Basseterre",1,2.3,Trinbago Knight Riders,St Kitts and Nevis Patriots,C Munro,CA Lynn,SS Cottrell,1,0,,,,,,,,,
1148669,2018,2018-09-01,"Warner Park, Basseterre",1,2.4,Trinbago Knight Riders,St Kitts and Nevis Patriots,CA Lynn,C Munro,SS Cottrell,1,0,,,,,,,,,
1148669,2018,2018-09-01,"Warner Park, Basseterre",1,2.5,Trinbago Knight Riders,St Kitts and Nevis Patriots,C Munro,CA Lynn,SS Cottrell,1,0,,,,,,,,,
1148669,2018,2018-09-01,"Warner Park, Basseterre",1,2.6,Trinbago Knight Riders,St Kitts and Nevis Patriots,CA Lynn,C Munro,SS Cottrell,1,0,,,,,,,,,
1148669,2018,2018-09-01,"Warner Park, Basseterre",1,3.1,Trinbago Knight Riders,St Kitts and Nevis Patriots,CA Lynn,C Munro,CR Brathwaite,6,0,,,,,,,,,
1148669,2018,2018-09-01,"Warner Park, Basseterre",1,3.2,Trinbago Knight Riders,St Kitts and Nevis Patriots,CA Lynn,C Munro,CR Brathwaite,0,1,1,,,,,,,,
1148669,2018,2018-09-01,"Warner Park, Basseterre",1,3.3,Trinbago Knight Riders,St Kitts and Nevis Patriots,CA Lynn,C Munro,CR Brathwaite,1,0,,,,,,,,,
1148669,2018,2018-09-01,"Warner Park, Basseterre",1,3.4,Trinbago Knight Riders,St Kitts and Nevis Patriots,C Munro,CA Lynn,CR Brathwaite,0,0,,,,,,,,,
1148669,2018,2018-09-01,"Warner Park, Basseterre",1,3.5,Trinbago Knight Riders,St Kitts and Nevis Patriots,C Munro,CA Lynn,CR Brathwaite,1,0,,,,,,,,,
1148669,2018,2018-09-01,"Warner Park, Basseterre",1,3.6,Trinbago Knight Riders,St Kitts and Nevis Patriots,CA Lynn,C Munro,CR Brathwaite,4,0,,,,,,,,,
1148669,2018,2018-09-01,"Warner Park, Basseterre",1,3.7,Trinbago Knight Riders,St Kitts and Nevis Patriots,CA Lynn,C Munro,CR Brathwaite,0,0,,,,,,,,,
1148669,2018,2018-09-01,"Warner Park, Basseterre",1,4.1,Trinbago Knight Riders,St Kitts and Nevis Patriots,C Munro,CA Lynn,AS Joseph,4,0,,,,,,,,,
1148669,2018,2018-09-01,"Warner Park, Basseterre",1,4.2,Trinbago Knight Riders,St Kitts and Nevis Patriots,C Munro,CA Lynn,AS Joseph,1,0,,,,,,,,,
1148669,2018,2018-09-01,"Warner Park, Basseterre",1,4.3,Trinbago Knight Riders,St Kitts and Nevis Patriots,CA Lynn,C Munro,AS Joseph,0,0,,,,,,bowled,CA Lynn,,
1148669,2018,2018-09-01,"Warner Park, Basseterre",1,4.4,Trinbago Knight Riders,St Kitts and Nevis Patriots,BB McCullum,C Munro,AS Joseph,0,0,,,,,,,,,
1148669,2018,2018-09-01,"Warner Park, Basseterre",1,4.5,Trinbago Knight Riders,St Kitts and Nevis Patriots,BB McCullum,C Munro,AS Joseph,0,0,,,,,,,,,
1148669,2018,2018-09-01,"Warner Park, Basseterre",1,4.6,Trinbago Knight Riders,St Kitts and Nevis Patriots,BB McCullum,C Munro,AS Joseph,0,0,,,,,,,,,
1148669,2018,2018-09-01,"Warner Park, Basseterre",1,5.1,Trinbago Knight Riders,St Kitts and Nevis Patriots,C Munro,BB McCullum,BCJ Cutting,0,0,,,,,,,,,
1148669,2018,2018-09-01,"Warner Park, Basseterre",1,5.2,Trinbago Knight Riders,St Kitts and Nevis Patriots,C Munro,BB McCullum,BCJ Cutting,0,0,,,,,,,,,
1148669,2018,2018-09-01,"Warner Park, Basseterre",1,5.3,Trinbago Knight Riders,St Kitts and Nevis Patriots,C Munro,BB McCullum,BCJ Cutting,1,0,,,,,,,,,
1148669,2018,2018-09-01,"Warner Park, Basseterre",1,5.4,Trinbago Knight Riders,St Kitts and Nevis Patriots,BB McCullum,C Munro,BCJ Cutting,1,0,,,,,,,,,
1148669,2018,2018-09-01,"Warner Park, Basseterre",1,5.5,Trinbago Knight Riders,St Kitts and Nevis Patriots,C Munro,BB McCullum,BCJ Cutting,0,0,,,,,,,,,
1148669,2018,2018-09-01,"Warner Park, Basseterre",1,5.6,Trinbago Knight Riders,St Kitts and Nevis Patriots,C Munro,BB McCullum,BCJ Cutting,4,0,,,,,,,,,
1148669,2018,2018-09-01,"Warner Park, Basseterre",1,6.1,Trinbago Knight Riders,St Kitts and Nevis Patriots,BB McCullum,C Munro,AS Joseph,0,0,,,,,,,,,
1148669,2018,2018-09-01,"Warner Park, Basseterre",1,6.2,Trinbago Knight Riders,St Kitts and Nevis Patriots,BB McCullum,C Munro,AS Joseph,1,0,,,,,,,,,
1148669,2018,2018-09-01,"Warner Park, Basseterre",1,6.3,Trinbago Knight Riders,St Kitts and Nevis Patriots,C Munro,BB McCullum,AS Joseph,0,0,,,,,,,,,
1148669,2018,2018-09-01,"Warner Park, Basseterre",1,6.4,Trinbago Knight Riders,St Kitts and Nevis Patriots,C Munro,BB McCullum,AS Joseph,1,0,,,,,,,,,
1148669,2018,2018-09-01,"Warner Park, Basseterre",1,6.5,Trinbago Knight Riders,St Kitts and Nevis Patriots,BB McCullum,C Munro,AS Joseph,0,0,,,,,,,,,
1148669,2018,2018-09-01,"Warner Park, Basseterre",1,6.6,Trinbago Knight Riders,St Kitts and Nevis Patriots,BB McCullum,C Munro,AS Joseph,4,0,,,,,,,,,
1148669,2018,2018-09-01,"Warner Park, Basseterre",1,7.1,Trinbago Knight Riders,St Kitts and Nevis Patriots,C Munro,BB McCullum,Mahmudullah,1,0,,,,,,,,,
1148669,2018,2018-09-01,"Warner Park, Basseterre",1,7.2,Trinbago Knight Riders,St Kitts and Nevis Patriots,BB McCullum,C Munro,Mahmudullah,1,0,,,,,,,,,
1148669,2018,2018-09-01,"Warner Park, Basseterre",1,7.3,Trinbago Knight Riders,St Kitts and Nevis Patriots,C Munro,BB McCullum,Mahmudullah,0,0,,,,,,,,,
1148669,2018,2018-09-01,"Warner Park, Basseterre",1,7.4,Trinbago Knight Riders,St Kitts and Nevis Patriots,C Munro,BB McCullum,Mahmudullah,1,0,,,,,,,,,
1148669,2018,2018-09-01,"Warner Park, Basseterre",1,7.5,Trinbago Knight Riders,St Kitts and Nevis Patriots,BB McCullum,C Munro,Mahmudullah,1,0,,,,,,,,,
1148669,2018,2018-09-01,"Warner Park, Basseterre",1,7.6,Trinbago Knight Riders,St Kitts and Nevis Patriots,C Munro,BB McCullum,Mahmudullah,0,0,,,,,,,,,
1148669,2018,2018-09-01,"Warner Park, Basseterre",1,8.1,Trinbago Knight Riders,St Kitts and Nevis Patriots,BB McCullum,C Munro,BCJ Cutting,1,0,,,,,,,,,
1148669,2018,2018-09-01,"Warner Park, Basseterre",1,8.2,Trinbago Knight Riders,St Kitts and Nevis Patriots,C Munro,BB McCullum,BCJ Cutting,1,0,,,,,,,,,
1148669,2018,2018-09-01,"Warner Park, Basseterre",1,8.3,Trinbago Knight Riders,St Kitts and Nevis Patriots,BB McCullum,C Munro,BCJ Cutting,0,0,,,,,,,,,
1148669,2018,2018-09-01,"Warner Park, Basseterre",1,8.4,Trinbago Knight Riders,St Kitts and Nevis Patriots,BB McCullum,C Munro,BCJ Cutting,1,0,,,,,,,,,
1148669,2018,2018-09-01,"Warner Park, Basseterre",1,8.5,Trinbago Knight Riders,St Kitts and Nevis Patriots,C Munro,BB McCullum,BCJ Cutting,1,0,,,,,,,,,
1148669,2018,2018-09-01,"Warner Park, Basseterre",1,8.6,Trinbago Knight Riders,St Kitts and Nevis Patriots,BB McCullum,C Munro,BCJ Cutting,0,0,,,,,,,,,
1148669,2018,2018-09-01,"Warner Park, Basseterre",1,9.1,Trinbago Knight Riders,St Kitts and Nevis Patriots,C Munro,BB McCullum,Mahmudullah,6,0,,,,,,,,,
1148669,2018,2018-09-01,"Warner Park, Basseterre",1,9.2,Trinbago Knight Riders,St Kitts and Nevis Patriots,C Munro,BB McCullum,Mahmudullah,1,0,,,,,,,,,
1148669,2018,2018-09-01,"Warner Park, Basseterre",1,9.3,Trinbago Knight Riders,St Kitts and Nevis Patriots,BB McCullum,C Munro,Mahmudullah,1,0,,,,,,,,,
1148669,2018,2018-09-01,"Warner Park, Basseterre",1,9.4,Trinbago Knight Riders,St Kitts and Nevis Patriots,C Munro,BB McCullum,Mahmudullah,0,0,,,,,,,,,
1148669,2018,2018-09-01,"Warner Park, Basseterre",1,9.5,Trinbago Knight Riders,St Kitts and Nevis Patriots,C Munro,BB McCullum,Mahmudullah,6,0,,,,,,,,,
1148669,2018,2018-09-01,"Warner Park, Basseterre",1,9.6,Trinbago Knight Riders,St Kitts and Nevis Patriots,C Munro,BB McCullum,Mahmudullah,1,0,,,,,,,,,
1148669,2018,2018-09-01,"Warner Park, Basseterre",1,10.1,Trinbago Knight Riders,St Kitts and Nevis Patriots,C Munro,BB McCullum,AP Devcich,1,0,,,,,,,,,
1148669,2018,2018-09-01,"Warner Park, Basseterre",1,10.2,Trinbago Knight Riders,St Kitts and Nevis Patriots,BB McCullum,C Munro,AP Devcich,6,0,,,,,,,,,
1148669,2018,2018-09-01,"Warner Park, Basseterre",1,10.3,Trinbago Knight Riders,St Kitts and Nevis Patriots,BB McCullum,C Munro,AP Devcich,0,1,1,,,,,,,,
1148669,2018,2018-09-01,"Warner Park, Basseterre",1,10.4,Trinbago Knight Riders,St Kitts and Nevis Patriots,BB McCullum,C Munro,AP Devcich,1,0,,,,,,,,,
1148669,2018,2018-09-01,"Warner Park, Basseterre",1,10.5,Trinbago Knight Riders,St Kitts and Nevis Patriots,C Munro,BB McCullum,AP Devcich,0,0,,,,,,,,,
1148669,2018,2018-09-01,"Warner Park, Basseterre",1,10.6,Trinbago Knight Riders,St Kitts and Nevis Patriots,C Munro,BB McCullum,AP Devcich,1,0,,,,,,,,,
1148669,2018,2018-09-01,"Warner Park, Basseterre",1,10.7,Trinbago Knight Riders,St Kitts and Nevis Patriots,BB McCullum,C Munro,AP Devcich,1,0,,,,,,,,,
1148669,2018,2018-09-01,"Warner Park, Basseterre",1,11.1,Trinbago Knight Riders,St Kitts and Nevis Patriots,BB McCullum,C Munro,CR Brathwaite,1,0,,,,,,,,,
1148669,2018,2018-09-01,"Warner Park, Basseterre",1,11.2,Trinbago Knight Riders,St Kitts and Nevis Patriots,C Munro,BB McCullum,CR Brathwaite,1,0,,,,,,,,,
1148669,2018,2018-09-01,"Warner Park, Basseterre",1,11.3,Trinbago Knight Riders,St Kitts and Nevis Patriots,BB McCullum,C Munro,CR Brathwaite,0,0,,,,,,,,,
1148669,2018,2018-09-01,"Warner Park, Basseterre",1,11.4,Trinbago Knight Riders,St Kitts and Nevis Patriots,BB McCullum,C Munro,CR Brathwaite,4,0,,,,,,,,,
1148669,2018,2018-09-01,"Warner Park, Basseterre",1,11.5,Trinbago Knight Riders,St Kitts and Nevis Patriots,BB McCullum,C Munro,CR Brathwaite,1,0,,,,,,,,,
1148669,2018,2018-09-01,"Warner Park, Basseterre",1,11.6,Trinbago Knight Riders,St Kitts and Nevis Patriots,C Munro,BB McCullum,CR Brathwaite,1,0,,,,,,,,,
1148669,2018,2018-09-01,"Warner Park, Basseterre",1,12.1,Trinbago Knight Riders,St Kitts and Nevis Patriots,C Munro,BB McCullum,AP Devcich,1,0,,,,,,,,,
1148669,2018,2018-09-01,"Warner Park, Basseterre",1,12.2,Trinbago Knight Riders,St Kitts and Nevis Patriots,BB McCullum,C Munro,AP Devcich,6,0,,,,,,,,,
1148669,2018,2018-09-01,"Warner Park, Basseterre",1,12.3,Trinbago Knight Riders,St Kitts and Nevis Patriots,BB McCullum,C Munro,AP Devcich,0,0,,,,,,,,,
1148669,2018,2018-09-01,"Warner Park, Basseterre",1,12.4,Trinbago Knight Riders,St Kitts and Nevis Patriots,BB McCullum,C Munro,AP Devcich,1,0,,,,,,,,,
1148669,2018,2018-09-01,"Warner Park, Basseterre",1,12.5,Trinbago Knight Riders,St Kitts and Nevis Patriots,C Munro,BB McCullum,AP Devcich,1,0,,,,,,,,,
1148669,2018,2018-09-01,"Warner Park, Basseterre",1,12.6,Trinbago Knight Riders,St Kitts and Nevis Patriots,BB McCullum,C Munro,AP Devcich,0,1,,,1,,,,,,
1148669,2018,2018-09-01,"Warner Park, Basseterre",1,13.1,Trinbago Knight Riders,St Kitts and Nevis Patriots,BB McCullum,C Munro,CR Brathwaite,0,0,,,,,,,,,
1148669,2018,2018-09-01,"Warner Park, Basseterre",1,13.2,Trinbago Knight Riders,St Kitts and Nevis Patriots,BB McCullum,C Munro,CR Brathwaite,1,0,,,,,,,,,
1148669,2018,2018-09-01,"Warner Park, Basseterre",1,13.3,Trinbago Knight Riders,St Kitts and Nevis Patriots,C Munro,BB McCullum,CR Brathwaite,0,1,1,,,,,,,,
1148669,2018,2018-09-01,"Warner Park, Basseterre",1,13.4,Trinbago Knight Riders,St Kitts and Nevis Patriots,C Munro,BB McCullum,CR Brathwaite,6,0,,,,,,,,,
1148669,2018,2018-09-01,"Warner Park, Basseterre",1,13.5,Trinbago Knight Riders,St Kitts and Nevis Patriots,C Munro,BB McCullum,CR Brathwaite,1,0,,,,,,,,,
1148669,2018,2018-09-01,"Warner Park, Basseterre",1,13.6,Trinbago Knight Riders,St Kitts and Nevis Patriots,BB McCullum,C Munro,CR Brathwaite,1,0,,,,,,,,,
1148669,2018,2018-09-01,"Warner Park, Basseterre",1,13.7,Trinbago Knight Riders,St Kitts and Nevis Patriots,C Munro,BB McCullum,CR Brathwaite,1,0,,,,,,,,,
1148669,2018,2018-09-01,"Warner Park, Basseterre",1,14.1,Trinbago Knight Riders,St Kitts and Nevis Patriots,C Munro,BB McCullum,AS Joseph,0,1,,,,1,,,,,
1148669,2018,2018-09-01,"Warner Park, Basseterre",1,14.2,Trinbago Knight Riders,St Kitts and Nevis Patriots,BB McCullum,C Munro,AS Joseph,0,0,,,,,,,,,
1148669,2018,2018-09-01,"Warner Park, Basseterre",1,14.3,Trinbago Knight Riders,St Kitts and Nevis Patriots,BB McCullum,C Munro,AS Joseph,0,0,,,,,,,,,
1148669,2018,2018-09-01,"Warner Park, Basseterre",1,14.4,Trinbago Knight Riders,St Kitts and Nevis Patriots,BB McCullum,C Munro,AS Joseph,1,0,,,,,,,,,
1148669,2018,2018-09-01,"Warner Park, Basseterre",1,14.5,Trinbago Knight Riders,St Kitts and Nevis Patriots,C Munro,BB McCullum,AS Joseph,1,0,,,,,,,,,
1148669,2018,2018-09-01,"Warner Park, Basseterre",1,14.6,Trinbago Knight Riders,St Kitts and Nevis Patriots,BB McCullum,C Munro,AS Joseph,0,0,,,,,,bowled,BB McCullum,,
1148669,2018,2018-09-01,"Warner Park, Basseterre",1,15.1,Trinbago Knight Riders,St Kitts and Nevis Patriots,C Munro,DM Bravo,BCJ Cutting,1,0,,,,,,,,,
1148669,2018,2018-09-01,"Warner Park, Basseterre",1,15.2,Trinbago Knight Riders,St Kitts and Nevis Patriots,DM Bravo,C Munro,BCJ Cutting,0,0,,,,,,,,,
1148669,2018,2018-09-01,"Warner Park, Basseterre",1,15.3,Trinbago Knight Riders,St Kitts and Nevis Patriots,DM Bravo,C Munro,BCJ Cutting,6,0,,,,,,,,,
1148669,2018,2018-09-01,"Warner Park, Basseterre",1,15.4,Trinbago Knight Riders,St Kitts and Nevis Patriots,DM Bravo,C Munro,BCJ Cutting,6,0,,,,,,,,,
1148669,2018,2018-09-01,"Warner Park, Basseterre",1,15.5,Trinbago Knight Riders,St Kitts and Nevis Patriots,DM Bravo,C Munro,BCJ Cutting,0,0,,,,,,,,,
1148669,2018,2018-09-01,"Warner Park, Basseterre",1,15.6,Trinbago Knight Riders,St Kitts and Nevis Patriots,DM Bravo,C Munro,BCJ Cutting,0,1,1,,,,,,,,
1148669,2018,2018-09-01,"Warner Park, Basseterre",1,15.7,Trinbago Knight Riders,St Kitts and Nevis Patriots,DM Bravo,C Munro,BCJ Cutting,1,0,,,,,,,,,
1148669,2018,2018-09-01,"Warner Park, Basseterre",1,16.1,Trinbago Knight Riders,St Kitts and Nevis Patriots,DM Bravo,C Munro,SS Cottrell,4,0,,,,,,,,,
1148669,2018,2018-09-01,"Warner Park, Basseterre",1,16.2,Trinbago Knight Riders,St Kitts and Nevis Patriots,DM Bravo,C Munro,SS Cottrell,1,0,,,,,,,,,
1148669,2018,2018-09-01,"Warner Park, Basseterre",1,16.3,Trinbago Knight Riders,St Kitts and Nevis Patriots,C Munro,DM Bravo,SS Cottrell,1,0,,,,,,,,,
1148669,2018,2018-09-01,"Warner Park, Basseterre",1,16.4,Trinbago Knight Riders,St Kitts and Nevis Patriots,DM Bravo,C Munro,SS Cottrell,0,0,,,,,,caught,DM Bravo,,
1148669,2018,2018-09-01,"Warner Park, Basseterre",1,16.5,Trinbago Knight Riders,St Kitts and Nevis Patriots,DJ Bravo,C Munro,SS Cottrell,1,0,,,,,,,,,
1148669,2018,2018-09-01,"Warner Park, Basseterre",1,16.6,Trinbago Knight Riders,St Kitts and Nevis Patriots,C Munro,DJ Bravo,SS Cottrell,6,0,,,,,,,,,
1148669,2018,2018-09-01,"Warner Park, Basseterre",1,17.1,Trinbago Knight Riders,St Kitts and Nevis Patriots,DJ Bravo,C Munro,BCJ Cutting,0,1,1,,,,,,,,
1148669,2018,2018-09-01,"Warner Park, Basseterre",1,17.2,Trinbago Knight Riders,St Kitts and Nevis Patriots,DJ Bravo,C Munro,BCJ Cutting,1,0,,,,,,,,,
1148669,2018,2018-09-01,"Warner Park, Basseterre",1,17.3,Trinbago Knight Riders,St Kitts and Nevis Patriots,C Munro,DJ Bravo,BCJ Cutting,1,0,,,,,,,,,
1148669,2018,2018-09-01,"Warner Park, Basseterre",1,17.4,Trinbago Knight Riders,St Kitts and Nevis Patriots,DJ Bravo,C Munro,BCJ Cutting,1,0,,,,,,,,,
1148669,2018,2018-09-01,"Warner Park, Basseterre",1,17.5,Trinbago Knight Riders,St Kitts and Nevis Patriots,C Munro,DJ Bravo,BCJ Cutting,1,0,,,,,,,,,
1148669,2018,2018-09-01,"Warner Park, Basseterre",1,17.6,Trinbago Knight Riders,St Kitts and Nevis Patriots,DJ Bravo,C Munro,BCJ Cutting,4,0,,,,,,,,,
1148669,2018,2018-09-01,"Warner Park, Basseterre",1,17.7,Trinbago Knight Riders,St Kitts and Nevis Patriots,DJ Bravo,C Munro,BCJ Cutting,0,1,1,,,,,,,,
1148669,2018,2018-09-01,"Warner Park, Basseterre",1,17.8,Trinbago Knight Riders,St Kitts and Nevis Patriots,DJ Bravo,C Munro,BCJ Cutting,0,1,,,,1,,,,,
1148669,2018,2018-09-01,"Warner Park, Basseterre",1,18.1,Trinbago Knight Riders,St Kitts and Nevis Patriots,DJ Bravo,C Munro,AS Joseph,0,0,,,,,,,,,
1148669,2018,2018-09-01,"Warner Park, Basseterre",1,18.2,Trinbago Knight Riders,St Kitts and Nevis Patriots,DJ Bravo,C Munro,AS Joseph,6,0,,,,,,,,,
1148669,2018,2018-09-01,"Warner Park, Basseterre",1,18.3,Trinbago Knight Riders,St Kitts and Nevis Patriots,DJ Bravo,C Munro,AS Joseph,6,0,,,,,,,,,
1148669,2018,2018-09-01,"Warner Park, Basseterre",1,18.4,Trinbago Knight Riders,St Kitts and Nevis Patriots,DJ Bravo,C Munro,AS Joseph,6,0,,,,,,,,,
1148669,2018,2018-09-01,"Warner Park, Basseterre",1,18.5,Trinbago Knight Riders,St Kitts and Nevis Patriots,DJ Bravo,C Munro,AS Joseph,6,0,,,,,,,,,
1148669,2018,2018-09-01,"Warner Park, Basseterre",1,18.6,Trinbago Knight Riders,St Kitts and Nevis Patriots,DJ Bravo,C Munro,AS Joseph,6,0,,,,,,,,,
1148669,2018,2018-09-01,"Warner Park, Basseterre",1,19.1,Trinbago Knight Riders,St Kitts and Nevis Patriots,C Munro,DJ Bravo,SS Cottrell,2,0,,,,,,,,,
1148669,2018,2018-09-01,"Warner Park, Basseterre",1,19.2,Trinbago Knight Riders,St Kitts and Nevis Patriots,C Munro,DJ Bravo,SS Cottrell,2,0,,,,,,,,,
1148669,2018,2018-09-01,"Warner Park, Basseterre",1,19.3,Trinbago Knight Riders,St Kitts and Nevis Patriots,C Munro,DJ Bravo,SS Cottrell,6,0,,,,,,,,,
1148669,2018,2018-09-01,"Warner Park, Basseterre",1,19.4,Trinbago Knight Riders,St Kitts and Nevis Patriots,C Munro,DJ Bravo,SS Cottrell,4,0,,,,,,,,,
1148669,2018,2018-09-01,"Warner Park, Basseterre",1,19.5,Trinbago Knight Riders,St Kitts and Nevis Patriots,C Munro,DJ Bravo,SS Cottrell,2,0,,,,,,,,,
1148669,2018,2018-09-01,"Warner Park, Basseterre",1,19.6,Trinbago Knight Riders,St Kitts and Nevis Patriots,C Munro,DJ Bravo,SS Cottrell,2,0,,,,,,,,,
1148669,2018,2018-09-01,"Warner Park, Basseterre",2,0.1,St Kitts and Nevis Patriots,Trinbago Knight Riders,CH Gayle,E Lewis,Ali Khan,0,0,,,,,,,,,
1148669,2018,2018-09-01,"Warner Park, Basseterre",2,0.2,St Kitts and Nevis Patriots,Trinbago Knight Riders,CH Gayle,E Lewis,Ali Khan,4,0,,,,,,,,,
1148669,2018,2018-09-01,"Warner Park, Basseterre",2,0.3,St Kitts and Nevis Patriots,Trinbago Knight Riders,CH Gayle,E Lewis,Ali Khan,4,0,,,,,,,,,
1148669,2018,2018-09-01,"Warner Park, Basseterre",2,0.4,St Kitts and Nevis Patriots,Trinbago Knight Riders,CH Gayle,E Lewis,Ali Khan,1,0,,,,,,,,,
1148669,2018,2018-09-01,"Warner Park, Basseterre",2,0.5,St Kitts and Nevis Patriots,Trinbago Knight Riders,E Lewis,CH Gayle,Ali Khan,1,0,,,,,,,,,
1148669,2018,2018-09-01,"Warner Park, Basseterre",2,0.6,St Kitts and Nevis Patriots,Trinbago Knight Riders,CH Gayle,E Lewis,Ali Khan,0,0,,,,,,,,,
1148669,2018,2018-09-01,"Warner Park, Basseterre",2,1.1,St Kitts and Nevis Patriots,Trinbago Knight Riders,E Lewis,CH Gayle,SP Narine,0,0,,,,,,,,,
1148669,2018,2018-09-01,"Warner Park, Basseterre",2,1.2,St Kitts and Nevis Patriots,Trinbago Knight Riders,E Lewis,CH Gayle,SP Narine,0,1,1,,,,,,,,
1148669,2018,2018-09-01,"Warner Park, Basseterre",2,1.3,St Kitts and Nevis Patriots,Trinbago Knight Riders,E Lewis,CH Gayle,SP Narine,1,0,,,,,,,,,
1148669,2018,2018-09-01,"Warner Park, Basseterre",2,1.4,St Kitts and Nevis Patriots,Trinbago Knight Riders,CH Gayle,E Lewis,SP Narine,0,0,,,,,,,,,
1148669,2018,2018-09-01,"Warner Park, Basseterre",2,1.5,St Kitts and Nevis Patriots,Trinbago Knight Riders,CH Gayle,E Lewis,SP Narine,0,0,,,,,,,,,
1148669,2018,2018-09-01,"Warner Park, Basseterre",2,1.6,St Kitts and Nevis Patriots,Trinbago Knight Riders,CH Gayle,E Lewis,SP Narine,0,0,,,,,,,,,
1148669,2018,2018-09-01,"Warner Park, Basseterre",2,1.7,St Kitts and Nevis Patriots,Trinbago Knight Riders,CH Gayle,E Lewis,SP Narine,0,0,,,,,,,,,
1148669,2018,2018-09-01,"Warner Park, Basseterre",2,2.1,St Kitts and Nevis Patriots,Trinbago Knight Riders,E Lewis,CH Gayle,Ali Khan,0,4,,,4,,,,,,
1148669,2018,2018-09-01,"Warner Park, Basseterre",2,2.2,St Kitts and Nevis Patriots,Trinbago Knight Riders,E Lewis,CH Gayle,Ali Khan,6,0,,,,,,,,,
1148669,2018,2018-09-01,"Warner Park, Basseterre",2,2.3,St Kitts and Nevis Patriots,Trinbago Knight Riders,E Lewis,CH Gayle,Ali Khan,0,0,,,,,,,,,
1148669,2018,2018-09-01,"Warner Park, Basseterre",2,2.4,St Kitts and Nevis Patriots,Trinbago Knight Riders,E Lewis,CH Gayle,Ali Khan,0,0,,,,,,,,,
1148669,2018,2018-09-01,"Warner Park, Basseterre",2,2.5,St Kitts and Nevis Patriots,Trinbago Knight Riders,E Lewis,CH Gayle,Ali Khan,0,0,,,,,,,,,
1148669,2018,2018-09-01,"Warner Park, Basseterre",2,2.6,St Kitts and Nevis Patriots,Trinbago Knight Riders,E Lewis,CH Gayle,Ali Khan,0,0,,,,,,,,,
1148669,2018,2018-09-01,"Warner Park, Basseterre",2,3.1,St Kitts and Nevis Patriots,Trinbago Knight Riders,CH Gayle,E Lewis,A Phillip,0,0,,,,,,,,,
1148669,2018,2018-09-01,"Warner Park, Basseterre",2,3.2,St Kitts and Nevis Patriots,Trinbago Knight Riders,CH Gayle,E Lewis,A Phillip,0,0,,,,,,,,,
1148669,2018,2018-09-01,"Warner Park, Basseterre",2,3.3,St Kitts and Nevis Patriots,Trinbago Knight Riders,CH Gayle,E Lewis,A Phillip,0,0,,,,,,caught,CH Gayle,,
1148669,2018,2018-09-01,"Warner Park, Basseterre",2,3.4,St Kitts and Nevis Patriots,Trinbago Knight Riders,HE van der Dussen,E Lewis,A Phillip,0,0,,,,,,,,,
1148669,2018,2018-09-01,"Warner Park, Basseterre",2,3.5,St Kitts and Nevis Patriots,Trinbago Knight Riders,HE van der Dussen,E Lewis,A Phillip,4,0,,,,,,,,,
1148669,2018,2018-09-01,"Warner Park, Basseterre",2,3.6,St Kitts and Nevis Patriots,Trinbago Knight Riders,HE van der Dussen,E Lewis,A Phillip,0,0,,,,,,,,,
1148669,2018,2018-09-01,"Warner Park, Basseterre",2,4.1,St Kitts and Nevis Patriots,Trinbago Knight Riders,E Lewis,HE van der Dussen,DJ Bravo,0,0,,,,,,,,,
1148669,2018,2018-09-01,"Warner Park, Basseterre",2,4.2,St Kitts and Nevis Patriots,Trinbago Knight Riders,E Lewis,HE van der Dussen,DJ Bravo,2,0,,,,,,,,,
1148669,2018,2018-09-01,"Warner Park, Basseterre",2,4.3,St Kitts and Nevis Patriots,Trinbago Knight Riders,E Lewis,HE van der Dussen,DJ Bravo,0,0,,,,,,,,,
1148669,2018,2018-09-01,"Warner Park, Basseterre",2,4.4,St Kitts and Nevis Patriots,Trinbago Knight Riders,E Lewis,HE van der Dussen,DJ Bravo,0,0,,,,,,,,,
1148669,2018,2018-09-01,"Warner Park, Basseterre",2,4.5,St Kitts and Nevis Patriots,Trinbago Knight Riders,E Lewis,HE van der Dussen,DJ Bravo,1,0,,,,,,,,,
1148669,2018,2018-09-01,"Warner Park, Basseterre",2,4.6,St Kitts and Nevis Patriots,Trinbago Knight Riders,HE van der Dussen,E Lewis,DJ Bravo,2,0,,,,,,,,,
1148669,2018,2018-09-01,"Warner Park, Basseterre",2,5.1,St Kitts and Nevis Patriots,Trinbago Knight Riders,E Lewis,HE van der Dussen,A Phillip,0,0,,,,,,,,,
1148669,2018,2018-09-01,"Warner Park, Basseterre",2,5.2,St Kitts and Nevis Patriots,Trinbago Knight Riders,E Lewis,HE van der Dussen,A Phillip,6,0,,,,,,,,,
1148669,2018,2018-09-01,"Warner Park, Basseterre",2,5.3,St Kitts and Nevis Patriots,Trinbago Knight Riders,E Lewis,HE van der Dussen,A Phillip,6,0,,,,,,,,,
1148669,2018,2018-09-01,"Warner Park, Basseterre",2,5.4,St Kitts and Nevis Patriots,Trinbago Knight Riders,E Lewis,HE van der Dussen,A Phillip,0,0,,,,,,,,,
1148669,2018,2018-09-01,"Warner Park, Basseterre",2,5.5,St Kitts and Nevis Patriots,Trinbago Knight Riders,E Lewis,HE van der Dussen,A Phillip,1,0,,,,,,,,,
1148669,2018,2018-09-01,"Warner Park, Basseterre",2,5.6,St Kitts and Nevis Patriots,Trinbago Knight Riders,HE van der Dussen,E Lewis,A Phillip,4,0,,,,,,,,,
1148669,2018,2018-09-01,"Warner Park, Basseterre",2,6.1,St Kitts and Nevis Patriots,Trinbago Knight Riders,E Lewis,HE van der Dussen,Fawad Ahmed,1,0,,,,,,,,,
1148669,2018,2018-09-01,"Warner Park, Basseterre",2,6.2,St Kitts and Nevis Patriots,Trinbago Knight Riders,HE van der Dussen,E Lewis,Fawad Ahmed,0,0,,,,,,,,,
1148669,2018,2018-09-01,"Warner Park, Basseterre",2,6.3,St Kitts and Nevis Patriots,Trinbago Knight Riders,HE van der Dussen,E Lewis,Fawad Ahmed,0,0,,,,,,,,,
1148669,2018,2018-09-01,"Warner Park, Basseterre",2,6.4,St Kitts and Nevis Patriots,Trinbago Knight Riders,HE van der Dussen,E Lewis,Fawad Ahmed,1,0,,,,,,,,,
1148669,2018,2018-09-01,"Warner Park, Basseterre",2,6.5,St Kitts and Nevis Patriots,Trinbago Knight Riders,E Lewis,HE van der Dussen,Fawad Ahmed,1,0,,,,,,,,,
1148669,2018,2018-09-01,"Warner Park, Basseterre",2,6.6,St Kitts and Nevis Patriots,Trinbago Knight Riders,HE van der Dussen,E Lewis,Fawad Ahmed,0,0,,,,,,bowled,HE van der Dussen,,
1148669,2018,2018-09-01,"Warner Park, Basseterre",2,7.1,St Kitts and Nevis Patriots,Trinbago Knight Riders,E Lewis,DC Thomas,SP Narine,0,0,,,,,,,,,
1148669,2018,2018-09-01,"Warner Park, Basseterre",2,7.2,St Kitts and Nevis Patriots,Trinbago Knight Riders,E Lewis,DC Thomas,SP Narine,6,0,,,,,,,,,
1148669,2018,2018-09-01,"Warner Park, Basseterre",2,7.3,St Kitts and Nevis Patriots,Trinbago Knight Riders,E Lewis,DC Thomas,SP Narine,0,0,,,,,,,,,
1148669,2018,2018-09-01,"Warner Park, Basseterre",2,7.4,St Kitts and Nevis Patriots,Trinbago Knight Riders,E Lewis,DC Thomas,SP Narine,1,0,,,,,,,,,
1148669,2018,2018-09-01,"Warner Park, Basseterre",2,7.5,St Kitts and Nevis Patriots,Trinbago Knight Riders,DC Thomas,E Lewis,SP Narine,0,0,,,,,,,,,
1148669,2018,2018-09-01,"Warner Park, Basseterre",2,7.6,St Kitts and Nevis Patriots,Trinbago Knight Riders,DC Thomas,E Lewis,SP Narine,1,0,,,,,,,,,
1148669,2018,2018-09-01,"Warner Park, Basseterre",2,8.1,St Kitts and Nevis Patriots,Trinbago Knight Riders,DC Thomas,E Lewis,Fawad Ahmed,1,0,,,,,,,,,
1148669,2018,2018-09-01,"Warner Park, Basseterre",2,8.2,St Kitts and Nevis Patriots,Trinbago Knight Riders,E Lewis,DC Thomas,Fawad Ahmed,4,0,,,,,,,,,
1148669,2018,2018-09-01,"Warner Park, Basseterre",2,8.3,St Kitts and Nevis Patriots,Trinbago Knight Riders,E Lewis,DC Thomas,Fawad Ahmed,1,0,,,,,,,,,
1148669,2018,2018-09-01,"Warner Park, Basseterre",2,8.4,St Kitts and Nevis Patriots,Trinbago Knight Riders,DC Thomas,E Lewis,Fawad Ahmed,1,0,,,,,,,,,
1148669,2018,2018-09-01,"Warner Park, Basseterre",2,8.5,St Kitts and Nevis Patriots,Trinbago Knight Riders,E Lewis,DC Thomas,Fawad Ahmed,1,0,,,,,,,,,
1148669,2018,2018-09-01,"Warner Park, Basseterre",2,8.6,St Kitts and Nevis Patriots,Trinbago Knight Riders,DC Thomas,E Lewis,Fawad Ahmed,0,0,,,,,,,,,
1148669,2018,2018-09-01,"Warner Park, Basseterre",2,9.1,St Kitts and Nevis Patriots,Trinbago Knight Riders,E Lewis,DC Thomas,DJ Bravo,4,0,,,,,,,,,
1148669,2018,2018-09-01,"Warner Park, Basseterre",2,9.2,St Kitts and Nevis Patriots,Trinbago Knight Riders,E Lewis,DC Thomas,DJ Bravo,0,1,1,,,,,,,,
1148669,2018,2018-09-01,"Warner Park, Basseterre",2,9.3,St Kitts and Nevis Patriots,Trinbago Knight Riders,E Lewis,DC Thomas,DJ Bravo,0,0,,,,,,,,,
1148669,2018,2018-09-01,"Warner Park, Basseterre",2,9.4,St Kitts and Nevis Patriots,Trinbago Knight Riders,E Lewis,DC Thomas,DJ Bravo,0,0,,,,,,,,,
1148669,2018,2018-09-01,"Warner Park, Basseterre",2,9.5,St Kitts and Nevis Patriots,Trinbago Knight Riders,E Lewis,DC Thomas,DJ Bravo,6,0,,,,,,,,,
1148669,2018,2018-09-01,"Warner Park, Basseterre",2,9.6,St Kitts and Nevis Patriots,Trinbago Knight Riders,E Lewis,DC Thomas,DJ Bravo,0,0,,,,,,,,,
1148669,2018,2018-09-01,"Warner Park, Basseterre",2,9.7,St Kitts and Nevis Patriots,Trinbago Knight Riders,E Lewis,DC Thomas,DJ Bravo,0,0,,,,,,,,,
1148669,2018,2018-09-01,"Warner Park, Basseterre",2,10.1,St Kitts and Nevis Patriots,Trinbago Knight Riders,DC Thomas,E Lewis,Fawad Ahmed,1,0,,,,,,,,,
1148669,2018,2018-09-01,"Warner Park, Basseterre",2,10.2,St Kitts and Nevis Patriots,Trinbago Knight Riders,E Lewis,DC Thomas,Fawad Ahmed,1,0,,,,,,,,,
1148669,2018,2018-09-01,"Warner Park, Basseterre",2,10.3,St Kitts and Nevis Patriots,Trinbago Knight Riders,DC Thomas,E Lewis,Fawad Ahmed,0,0,,,,,,,,,
1148669,2018,2018-09-01,"Warner Park, Basseterre",2,10.4,St Kitts and Nevis Patriots,Trinbago Knight Riders,DC Thomas,E Lewis,Fawad Ahmed,4,0,,,,,,,,,
1148669,2018,2018-09-01,"Warner Park, Basseterre",2,10.5,St Kitts and Nevis Patriots,Trinbago Knight Riders,DC Thomas,E Lewis,Fawad Ahmed,2,0,,,,,,,,,
1148669,2018,2018-09-01,"Warner Park, Basseterre",2,10.6,St Kitts and Nevis Patriots,Trinbago Knight Riders,DC Thomas,E Lewis,Fawad Ahmed,0,0,,,,,,,,,
1148669,2018,2018-09-01,"Warner Park, Basseterre",2,11.1,St Kitts and Nevis Patriots,Trinbago Knight Riders,E Lewis,DC Thomas,A Phillip,2,0,,,,,,,,,
1148669,2018,2018-09-01,"Warner Park, Basseterre",2,11.2,St Kitts and Nevis Patriots,Trinbago Knight Riders,E Lewis,DC Thomas,A Phillip,0,0,,,,,,lbw,E Lewis,,
1148669,2018,2018-09-01,"Warner Park, Basseterre",2,11.3,St Kitts and Nevis Patriots,Trinbago Knight Riders,AP Devcich,DC Thomas,A Phillip,0,0,,,,,,,,,
1148669,2018,2018-09-01,"Warner Park, Basseterre",2,11.4,St Kitts and Nevis Patriots,Trinbago Knight Riders,AP Devcich,DC Thomas,A Phillip,1,0,,,,,,,,,
1148669,2018,2018-09-01,"Warner Park, Basseterre",2,11.5,St Kitts and Nevis Patriots,Trinbago Knight Riders,DC Thomas,AP Devcich,A Phillip,1,0,,,,,,,,,
1148669,2018,2018-09-01,"Warner Park, Basseterre",2,11.6,St Kitts and Nevis Patriots,Trinbago Knight Riders,AP Devcich,DC Thomas,A Phillip,2,0,,,,,,,,,
1148669,2018,2018-09-01,"Warner Park, Basseterre",2,12.1,St Kitts and Nevis Patriots,Trinbago Knight Riders,DC Thomas,AP Devcich,Fawad Ahmed,1,0,,,,,,,,,
1148669,2018,2018-09-01,"Warner Park, Basseterre",2,12.2,St Kitts and Nevis Patriots,Trinbago Knight Riders,AP Devcich,DC Thomas,Fawad Ahmed,4,0,,,,,,,,,
1148669,2018,2018-09-01,"Warner Park, Basseterre",2,12.3,St Kitts and Nevis Patriots,Trinbago Knight Riders,AP Devcich,DC Thomas,Fawad Ahmed,0,0,,,,,,caught,AP Devcich,,
1148669,2018,2018-09-01,"Warner Park, Basseterre",2,12.4,St Kitts and Nevis Patriots,Trinbago Knight Riders,DC Thomas,BCJ Cutting,Fawad Ahmed,0,0,,,,,,,,,
1148669,2018,2018-09-01,"Warner Park, Basseterre",2,12.5,St Kitts and Nevis Patriots,Trinbago Knight Riders,DC Thomas,BCJ Cutting,Fawad Ahmed,0,0,,,,,,,,,
1148669,2018,2018-09-01,"Warner Park, Basseterre",2,12.6,St Kitts and Nevis Patriots,Trinbago Knight Riders,DC Thomas,BCJ Cutting,Fawad Ahmed,4,0,,,,,,,,,
1148669,2018,2018-09-01,"Warner Park, Basseterre",2,13.1,St Kitts and Nevis Patriots,Trinbago Knight Riders,BCJ Cutting,DC Thomas,SP Narine,0,0,,,,,,,,,
1148669,2018,2018-09-01,"Warner Park, Basseterre",2,13.2,St Kitts and Nevis Patriots,Trinbago Knight Riders,BCJ Cutting,DC Thomas,SP Narine,1,0,,,,,,,,,
1148669,2018,2018-09-01,"Warner Park, Basseterre",2,13.3,St Kitts and Nevis Patriots,Trinbago Knight Riders,DC Thomas,BCJ Cutting,SP Narine,1,0,,,,,,,,,
1148669,2018,2018-09-01,"Warner Park, Basseterre",2,13.4,St Kitts and Nevis Patriots,Trinbago Knight Riders,BCJ Cutting,DC Thomas,SP Narine,1,0,,,,,,,,,
1148669,2018,2018-09-01,"Warner Park, Basseterre",2,13.5,St Kitts and Nevis Patriots,Trinbago Knight Riders,DC Thomas,BCJ Cutting,SP Narine,0,1,1,,,,,,,,
1148669,2018,2018-09-01,"Warner Park, Basseterre",2,13.6,St Kitts and Nevis Patriots,Trinbago Knight Riders,DC Thomas,BCJ Cutting,SP Narine,2,0,,,,,,,,,
1148669,2018,2018-09-01,"Warner Park, Basseterre",2,13.7,St Kitts and Nevis Patriots,Trinbago Knight Riders,DC Thomas,BCJ Cutting,SP Narine,1,0,,,,,,,,,
1148669,2018,2018-09-01,"Warner Park, Basseterre",2,14.1,St Kitts and Nevis Patriots,Trinbago Knight Riders,DC Thomas,BCJ Cutting,Ali Khan,0,1,1,,,,,,,,
1148669,2018,2018-09-01,"Warner Park, Basseterre",2,14.2,St Kitts and Nevis Patriots,Trinbago Knight Riders,DC Thomas,BCJ Cutting,Ali Khan,1,0,,,,,,,,,
1148669,2018,2018-09-01,"Warner Park, Basseterre",2,14.3,St Kitts and Nevis Patriots,Trinbago Knight Riders,BCJ Cutting,DC Thomas,Ali Khan,1,0,,,,,,,,,
1148669,2018,2018-09-01,"Warner Park, Basseterre",2,14.4,St Kitts and Nevis Patriots,Trinbago Knight Riders,DC Thomas,BCJ Cutting,Ali Khan,1,1,,1,,,,,,,
1148669,2018,2018-09-01,"Warner Park, Basseterre",2,14.5,St Kitts and Nevis Patriots,Trinbago Knight Riders,DC Thomas,BCJ Cutting,Ali Khan,1,0,,,,,,,,,
1148669,2018,2018-09-01,"Warner Park, Basseterre",2,14.6,St Kitts and Nevis Patriots,Trinbago Knight Riders,BCJ Cutting,DC Thomas,Ali Khan,1,0,,,,,,,,,
1148669,2018,2018-09-01,"Warner Park, Basseterre",2,14.7,St Kitts and Nevis Patriots,Trinbago Knight Riders,DC Thomas,BCJ Cutting,Ali Khan,0,0,,,,,,caught,DC Thomas,,
1148669,2018,2018-09-01,"Warner Park, Basseterre",2,14.8,St Kitts and Nevis Patriots,Trinbago Knight Riders,CR Brathwaite,BCJ Cutting,Ali Khan,0,0,,,,,,,,,
1148669,2018,2018-09-01,"Warner Park, Basseterre",2,15.1,St Kitts and Nevis Patriots,Trinbago Knight Riders,BCJ Cutting,CR Brathwaite,SP Narine,2,0,,,,,,,,,
1148669,2018,2018-09-01,"Warner Park, Basseterre",2,15.2,St Kitts and Nevis Patriots,Trinbago Knight Riders,BCJ Cutting,CR Brathwaite,SP Narine,1,0,,,,,,,,,
1148669,2018,2018-09-01,"Warner Park, Basseterre",2,15.3,St Kitts and Nevis Patriots,Trinbago Knight Riders,CR Brathwaite,BCJ Cutting,SP Narine,0,0,,,,,,,,,
1148669,2018,2018-09-01,"Warner Park, Basseterre",2,15.4,St Kitts and Nevis Patriots,Trinbago Knight Riders,CR Brathwaite,BCJ Cutting,SP Narine,0,0,,,,,,,,,
1148669,2018,2018-09-01,"Warner Park, Basseterre",2,15.5,St Kitts and Nevis Patriots,Trinbago Knight Riders,CR Brathwaite,BCJ Cutting,SP Narine,1,0,,,,,,,,,
1148669,2018,2018-09-01,"Warner Park, Basseterre",2,15.6,St Kitts and Nevis Patriots,Trinbago Knight Riders,BCJ Cutting,CR Brathwaite,SP Narine,1,0,,,,,,,,,
1148669,2018,2018-09-01,"Warner Park, Basseterre",2,16.1,St Kitts and Nevis Patriots,Trinbago Knight Riders,BCJ Cutting,CR Brathwaite,Ali Khan,1,0,,,,,,run out,BCJ Cutting,,
1148669,2018,2018-09-01,"Warner Park, Basseterre",2,16.2,St Kitts and Nevis Patriots,Trinbago Knight Riders,BA King,CR Brathwaite,Ali Khan,1,0,,,,,,,,,
1148669,2018,2018-09-01,"Warner Park, Basseterre",2,16.3,St Kitts and Nevis Patriots,Trinbago Knight Riders,CR Brathwaite,BA King,Ali Khan,0,1,1,,,,,,,,
1148669,2018,2018-09-01,"Warner Park, Basseterre",2,16.4,St Kitts and Nevis Patriots,Trinbago Knight Riders,CR Brathwaite,BA King,Ali Khan,4,0,,,,,,,,,
1148669,2018,2018-09-01,"Warner Park, Basseterre",2,16.5,St Kitts and Nevis Patriots,Trinbago Knight Riders,CR Brathwaite,BA King,Ali Khan,0,0,,,,,,,,,
1148669,2018,2018-09-01,"Warner Park, Basseterre",2,16.6,St Kitts and Nevis Patriots,Trinbago Knight Riders,CR Brathwaite,BA King,Ali Khan,2,0,,,,,,,,,
1148669,2018,2018-09-01,"Warner Park, Basseterre",2,16.7,St Kitts and Nevis Patriots,Trinbago Knight Riders,CR Brathwaite,BA King,Ali Khan,0,0,,,,,,,,,
1148669,2018,2018-09-01,"Warner Park, Basseterre",2,17.1,St Kitts and Nevis Patriots,Trinbago Knight Riders,BA King,CR Brathwaite,DJ Bravo,1,0,,,,,,,,,
1148669,2018,2018-09-01,"Warner Park, Basseterre",2,17.2,St Kitts and Nevis Patriots,Trinbago Knight Riders,CR Brathwaite,BA King,DJ Bravo,1,0,,,,,,,,,
1148669,2018,2018-09-01,"Warner Park, Basseterre",2,17.3,St Kitts and Nevis Patriots,Trinbago Knight Riders,BA King,CR Brathwaite,DJ Bravo,1,0,,,,,,,,,
1148669,2018,2018-09-01,"Warner Park, Basseterre",2,17.4,St Kitts and Nevis Patriots,Trinbago Knight Riders,CR Brathwaite,BA King,DJ Bravo,1,0,,,,,,,,,
1148669,2018,2018-09-01,"Warner Park, Basseterre",2,17.5,St Kitts and Nevis Patriots,Trinbago Knight Riders,BA King,CR Brathwaite,DJ Bravo,4,0,,,,,,,,,
1148669,2018,2018-09-01,"Warner Park, Basseterre",2,17.6,St Kitts and Nevis Patriots,Trinbago Knight Riders,BA King,CR Brathwaite,DJ Bravo,0,0,,,,,,,,,
1148669,2018,2018-09-01,"Warner Park, Basseterre",2,18.1,St Kitts and Nevis Patriots,Trinbago Knight Riders,CR Brathwaite,BA King,A Phillip,1,0,,,,,,,,,
1148669,2018,2018-09-01,"Warner Park, Basseterre",2,18.2,St Kitts and Nevis Patriots,Trinbago Knight Riders,BA King,CR Brathwaite,A Phillip,0,0,,,,,,caught,BA King,,
1148669,2018,2018-09-01,"Warner Park, Basseterre",2,18.3,St Kitts and Nevis Patriots,Trinbago Knight Riders,CR Brathwaite,Mahmudullah,A Phillip,0,1,,1,,,,,,,
1148669,2018,2018-09-01,"Warner Park, Basseterre",2,18.4,St Kitts and Nevis Patriots,Trinbago Knight Riders,CR Brathwaite,Mahmudullah,A Phillip,4,0,,,,,,,,,
1148669,2018,2018-09-01,"Warner Park, Basseterre",2,18.5,St Kitts and Nevis Patriots,Trinbago Knight Riders,CR Brathwaite,Mahmudullah,A Phillip,6,0,,,,,,,,,
1148669,2018,2018-09-01,"Warner Park, Basseterre",2,18.6,St Kitts and Nevis Patriots,Trinbago Knight Riders,CR Brathwaite,Mahmudullah,A Phillip,1,0,,,,,,,,,
1148669,2018,2018-09-01,"Warner Park, Basseterre",2,18.7,St Kitts and Nevis Patriots,Trinbago Knight Riders,Mahmudullah,CR Brathwaite,A Phillip,0,0,,,,,,,,,
1148669,2018,2018-09-01,"Warner Park, Basseterre",2,19.1,St Kitts and Nevis Patriots,Trinbago Knight Riders,CR Brathwaite,Mahmudullah,DJ Bravo,0,0,,,,,,,,,
1148669,2018,2018-09-01,"Warner Park, Basseterre",2,19.2,St Kitts and Nevis Patriots,Trinbago Knight Riders,CR Brathwaite,Mahmudullah,DJ Bravo,0,0,,,,,,,,,
1148669,2018,2018-09-01,"Warner Park, Basseterre",2,19.3,St Kitts and Nevis Patriots,Trinbago Knight Riders,CR Brathwaite,Mahmudullah,DJ Bravo,0,0,,,,,,caught,CR Brathwaite,,
1148669,2018,2018-09-01,"Warner Park, Basseterre",2,19.4,St Kitts and Nevis Patriots,Trinbago Knight Riders,Mahmudullah,AS Joseph,DJ Bravo,1,0,,,,,,,,,
1148669,2018,2018-09-01,"Warner Park, Basseterre",2,19.5,St Kitts and Nevis Patriots,Trinbago Knight Riders,AS Joseph,Mahmudullah,DJ Bravo,0,1,,,,1,,,,,
1148669,2018,2018-09-01,"Warner Park, Basseterre",2,19.6,St Kitts and Nevis Patriots,Trinbago Knight Riders,Mahmudullah,AS Joseph,DJ Bravo,1,0,,,,,,,,,
