match_id,season,start_date,venue,innings,ball,batting_team,bowling_team,striker,non_striker,bowler,runs_off_bat,extras,wides,noballs,byes,legbyes,penalty,wicket_type,player_dismissed,other_wicket_type,other_player_dismissed
1148658,2018,2018-08-19,Central Broward Regional Park Stadium Turf Ground,1,0.1,Jamaica Tallawahs,Trinbago Knight Riders,K Lewis,GD Phillips,Ali Khan,0,0,,,,,,,,,
1148658,2018,2018-08-19,Central Broward Regional Park Stadium Turf Ground,1,0.2,Jamaica Tallawahs,Trinbago Knight Riders,K Lewis,GD Phillips,Ali Khan,0,0,,,,,,,,,
1148658,2018,2018-08-19,Central Broward Regional Park Stadium Turf Ground,1,0.3,Jamaica Tallawahs,Trinbago Knight Riders,K Lewis,GD Phillips,Ali Khan,1,0,,,,,,,,,
1148658,2018,2018-08-19,Central Broward Regional Park Stadium Turf Ground,1,0.4,Jamaica Tallawahs,Trinbago Knight Riders,GD Phillips,K Lewis,Ali Khan,0,1,1,,,,,,,,
1148658,2018,2018-08-19,Central Broward Regional Park Stadium Turf Ground,1,0.5,Jamaica Tallawahs,Trinbago Knight Riders,GD Phillips,K Lewis,Ali Khan,0,1,1,,,,,,,,
1148658,2018,2018-08-19,Central Broward Regional Park Stadium Turf Ground,1,0.6,Jamaica Tallawahs,Trinbago Knight Riders,GD Phillips,K Lewis,Ali Khan,0,0,,,,,,,,,
1148658,2018,2018-08-19,Central Broward Regional Park Stadium Turf Ground,1,0.7,Jamaica Tallawahs,Trinbago Knight Riders,GD Phillips,K Lewis,Ali Khan,1,0,,,,,,,,,
1148658,2018,2018-08-19,Central Broward Regional Park Stadium Turf Ground,1,0.8,Jamaica Tallawahs,Trinbago Knight Riders,K Lewis,GD Phillips,Ali Khan,0,0,,,,,,,,,
1148658,2018,2018-08-19,Central Broward Regional Park Stadium Turf Ground,1,1.1,Jamaica Tallawahs,Trinbago Knight Riders,GD Phillips,K Lewis,K Pierre,1,0,,,,,,,,,
1148658,2018,2018-08-19,Central Broward Regional Park Stadium Turf Ground,1,1.2,Jamaica Tallawahs,Trinbago Knight Riders,K Lewis,GD Phillips,K Pierre,0,0,,,,,,,,,
1148658,2018,2018-08-19,Central Broward Regional Park Stadium Turf Ground,1,1.3,Jamaica Tallawahs,Trinbago Knight Riders,K Lewis,GD Phillips,K Pierre,0,0,,,,,,lbw,K Lewis,,
1148658,2018,2018-08-19,Central Broward Regional Park Stadium Turf Ground,1,1.4,Jamaica Tallawahs,Trinbago Knight Riders,Steven Ryan Taylor,GD Phillips,K Pierre,0,0,,,,,,,,,
1148658,2018,2018-08-19,Central Broward Regional Park Stadium Turf Ground,1,1.5,Jamaica Tallawahs,Trinbago Knight Riders,Steven Ryan Taylor,GD Phillips,K Pierre,2,0,,,,,,,,,
1148658,2018,2018-08-19,Central Broward Regional Park Stadium Turf Ground,1,1.6,Jamaica Tallawahs,Trinbago Knight Riders,Steven Ryan Taylor,GD Phillips,K Pierre,1,0,,,,,,,,,
1148658,2018,2018-08-19,Central Broward Regional Park Stadium Turf Ground,1,2.1,Jamaica Tallawahs,Trinbago Knight Riders,Steven Ryan Taylor,GD Phillips,Ali Khan,0,1,1,,,,,,,,
1148658,2018,2018-08-19,Central Broward Regional Park Stadium Turf Ground,1,2.2,Jamaica Tallawahs,Trinbago Knight Riders,Steven Ryan Taylor,GD Phillips,Ali Khan,1,0,,,,,,,,,
1148658,2018,2018-08-19,Central Broward Regional Park Stadium Turf Ground,1,2.3,Jamaica Tallawahs,Trinbago Knight Riders,GD Phillips,Steven Ryan Taylor,Ali Khan,6,0,,,,,,,,,
1148658,2018,2018-08-19,Central Broward Regional Park Stadium Turf Ground,1,2.4,Jamaica Tallawahs,Trinbago Knight Riders,GD Phillips,Steven Ryan Taylor,Ali Khan,0,0,,,,,,,,,
1148658,2018,2018-08-19,Central Broward Regional Park Stadium Turf Ground,1,2.5,Jamaica Tallawahs,Trinbago Knight Riders,GD Phillips,Steven Ryan Taylor,Ali Khan,1,0,,,,,,,,,
1148658,2018,2018-08-19,Central Broward Regional Park Stadium Turf Ground,1,2.6,Jamaica Tallawahs,Trinbago Knight Riders,Steven Ryan Taylor,GD Phillips,Ali Khan,0,0,,,,,,,,,
1148658,2018,2018-08-19,Central Broward Regional Park Stadium Turf Ground,1,2.7,Jamaica Tallawahs,Trinbago Knight Riders,Steven Ryan Taylor,GD Phillips,Ali Khan,4,0,,,,,,,,,
1148658,2018,2018-08-19,Central Broward Regional Park Stadium Turf Ground,1,3.1,Jamaica Tallawahs,Trinbago Knight Riders,GD Phillips,Steven Ryan Taylor,K Pierre,4,0,,,,,,,,,
1148658,2018,2018-08-19,Central Broward Regional Park Stadium Turf Ground,1,3.2,Jamaica Tallawahs,Trinbago Knight Riders,GD Phillips,Steven Ryan Taylor,K Pierre,1,0,,,,,,,,,
1148658,2018,2018-08-19,Central Broward Regional Park Stadium Turf Ground,1,3.3,Jamaica Tallawahs,Trinbago Knight Riders,Steven Ryan Taylor,GD Phillips,K Pierre,0,0,,,,,,caught,Steven Ryan Taylor,,
1148658,2018,2018-08-19,Central Broward Regional Park Stadium Turf Ground,1,3.4,Jamaica Tallawahs,Trinbago Knight Riders,LRPL Taylor,GD Phillips,K Pierre,0,0,,,,,,,,,
1148658,2018,2018-08-19,Central Broward Regional Park Stadium Turf Ground,1,3.5,Jamaica Tallawahs,Trinbago Knight Riders,LRPL Taylor,GD Phillips,K Pierre,0,0,,,,,,,,,
1148658,2018,2018-08-19,Central Broward Regional Park Stadium Turf Ground,1,3.6,Jamaica Tallawahs,Trinbago Knight Riders,LRPL Taylor,GD Phillips,K Pierre,0,0,,,,,,,,,
1148658,2018,2018-08-19,Central Broward Regional Park Stadium Turf Ground,1,4.1,Jamaica Tallawahs,Trinbago Knight Riders,GD Phillips,LRPL Taylor,Fawad Ahmed,0,1,,,,1,,,,,
1148658,2018,2018-08-19,Central Broward Regional Park Stadium Turf Ground,1,4.2,Jamaica Tallawahs,Trinbago Knight Riders,LRPL Taylor,GD Phillips,Fawad Ahmed,1,0,,,,,,,,,
1148658,2018,2018-08-19,Central Broward Regional Park Stadium Turf Ground,1,4.3,Jamaica Tallawahs,Trinbago Knight Riders,GD Phillips,LRPL Taylor,Fawad Ahmed,0,0,,,,,,,,,
1148658,2018,2018-08-19,Central Broward Regional Park Stadium Turf Ground,1,4.4,Jamaica Tallawahs,Trinbago Knight Riders,GD Phillips,LRPL Taylor,Fawad Ahmed,0,0,,,,,,,,,
1148658,2018,2018-08-19,Central Broward Regional Park Stadium Turf Ground,1,4.5,Jamaica Tallawahs,Trinbago Knight Riders,GD Phillips,LRPL Taylor,Fawad Ahmed,4,0,,,,,,,,,
1148658,2018,2018-08-19,Central Broward Regional Park Stadium Turf Ground,1,4.6,Jamaica Tallawahs,Trinbago Knight Riders,GD Phillips,LRPL Taylor,Fawad Ahmed,0,0,,,,,,,,,
1148658,2018,2018-08-19,Central Broward Regional Park Stadium Turf Ground,1,5.1,Jamaica Tallawahs,Trinbago Knight Riders,LRPL Taylor,GD Phillips,K Pierre,1,0,,,,,,,,,
1148658,2018,2018-08-19,Central Broward Regional Park Stadium Turf Ground,1,5.2,Jamaica Tallawahs,Trinbago Knight Riders,GD Phillips,LRPL Taylor,K Pierre,0,0,,,,,,,,,
1148658,2018,2018-08-19,Central Broward Regional Park Stadium Turf Ground,1,5.3,Jamaica Tallawahs,Trinbago Knight Riders,GD Phillips,LRPL Taylor,K Pierre,1,0,,,,,,,,,
1148658,2018,2018-08-19,Central Broward Regional Park Stadium Turf Ground,1,5.4,Jamaica Tallawahs,Trinbago Knight Riders,LRPL Taylor,GD Phillips,K Pierre,1,0,,,,,,,,,
1148658,2018,2018-08-19,Central Broward Regional Park Stadium Turf Ground,1,5.5,Jamaica Tallawahs,Trinbago Knight Riders,GD Phillips,LRPL Taylor,K Pierre,1,0,,,,,,,,,
1148658,2018,2018-08-19,Central Broward Regional Park Stadium Turf Ground,1,5.6,Jamaica Tallawahs,Trinbago Knight Riders,LRPL Taylor,GD Phillips,K Pierre,0,0,,,,,,,,,
1148658,2018,2018-08-19,Central Broward Regional Park Stadium Turf Ground,1,6.1,Jamaica Tallawahs,Trinbago Knight Riders,GD Phillips,LRPL Taylor,Fawad Ahmed,1,0,,,,,,,,,
1148658,2018,2018-08-19,Central Broward Regional Park Stadium Turf Ground,1,6.2,Jamaica Tallawahs,Trinbago Knight Riders,LRPL Taylor,GD Phillips,Fawad Ahmed,0,0,,,,,,,,,
1148658,2018,2018-08-19,Central Broward Regional Park Stadium Turf Ground,1,6.3,Jamaica Tallawahs,Trinbago Knight Riders,LRPL Taylor,GD Phillips,Fawad Ahmed,1,0,,,,,,,,,
1148658,2018,2018-08-19,Central Broward Regional Park Stadium Turf Ground,1,6.4,Jamaica Tallawahs,Trinbago Knight Riders,GD Phillips,LRPL Taylor,Fawad Ahmed,1,0,,,,,,,,,
1148658,2018,2018-08-19,Central Broward Regional Park Stadium Turf Ground,1,6.5,Jamaica Tallawahs,Trinbago Knight Riders,LRPL Taylor,GD Phillips,Fawad Ahmed,0,0,,,,,,,,,
1148658,2018,2018-08-19,Central Broward Regional Park Stadium Turf Ground,1,6.6,Jamaica Tallawahs,Trinbago Knight Riders,LRPL Taylor,GD Phillips,Fawad Ahmed,1,0,,,,,,,,,
1148658,2018,2018-08-19,Central Broward Regional Park Stadium Turf Ground,1,7.1,Jamaica Tallawahs,Trinbago Knight Riders,LRPL Taylor,GD Phillips,K Pierre,1,0,,,,,,,,,
1148658,2018,2018-08-19,Central Broward Regional Park Stadium Turf Ground,1,7.2,Jamaica Tallawahs,Trinbago Knight Riders,GD Phillips,LRPL Taylor,K Pierre,1,0,,,,,,,,,
1148658,2018,2018-08-19,Central Broward Regional Park Stadium Turf Ground,1,7.3,Jamaica Tallawahs,Trinbago Knight Riders,LRPL Taylor,GD Phillips,K Pierre,1,0,,,,,,,,,
1148658,2018,2018-08-19,Central Broward Regional Park Stadium Turf Ground,1,7.4,Jamaica Tallawahs,Trinbago Knight Riders,GD Phillips,LRPL Taylor,K Pierre,0,0,,,,,,,,,
1148658,2018,2018-08-19,Central Broward Regional Park Stadium Turf Ground,1,7.5,Jamaica Tallawahs,Trinbago Knight Riders,GD Phillips,LRPL Taylor,K Pierre,2,0,,,,,,,,,
1148658,2018,2018-08-19,Central Broward Regional Park Stadium Turf Ground,1,7.6,Jamaica Tallawahs,Trinbago Knight Riders,GD Phillips,LRPL Taylor,K Pierre,1,0,,,,,,,,,
1148658,2018,2018-08-19,Central Broward Regional Park Stadium Turf Ground,1,8.1,Jamaica Tallawahs,Trinbago Knight Riders,GD Phillips,LRPL Taylor,Fawad Ahmed,1,0,,,,,,,,,
1148658,2018,2018-08-19,Central Broward Regional Park Stadium Turf Ground,1,8.2,Jamaica Tallawahs,Trinbago Knight Riders,LRPL Taylor,GD Phillips,Fawad Ahmed,0,0,,,,,,caught,LRPL Taylor,,
1148658,2018,2018-08-19,Central Broward Regional Park Stadium Turf Ground,1,8.3,Jamaica Tallawahs,Trinbago Knight Riders,GD Phillips,DA Miller,Fawad Ahmed,0,0,,,,,,,,,
1148658,2018,2018-08-19,Central Broward Regional Park Stadium Turf Ground,1,8.4,Jamaica Tallawahs,Trinbago Knight Riders,GD Phillips,DA Miller,Fawad Ahmed,1,0,,,,,,,,,
1148658,2018,2018-08-19,Central Broward Regional Park Stadium Turf Ground,1,8.5,Jamaica Tallawahs,Trinbago Knight Riders,DA Miller,GD Phillips,Fawad Ahmed,1,0,,,,,,,,,
1148658,2018,2018-08-19,Central Broward Regional Park Stadium Turf Ground,1,8.6,Jamaica Tallawahs,Trinbago Knight Riders,GD Phillips,DA Miller,Fawad Ahmed,1,0,,,,,,,,,
1148658,2018,2018-08-19,Central Broward Regional Park Stadium Turf Ground,1,9.1,Jamaica Tallawahs,Trinbago Knight Riders,GD Phillips,DA Miller,SP Narine,2,0,,,,,,,,,
1148658,2018,2018-08-19,Central Broward Regional Park Stadium Turf Ground,1,9.2,Jamaica Tallawahs,Trinbago Knight Riders,GD Phillips,DA Miller,SP Narine,2,0,,,,,,,,,
1148658,2018,2018-08-19,Central Broward Regional Park Stadium Turf Ground,1,9.3,Jamaica Tallawahs,Trinbago Knight Riders,GD Phillips,DA Miller,SP Narine,1,0,,,,,,,,,
1148658,2018,2018-08-19,Central Broward Regional Park Stadium Turf Ground,1,9.4,Jamaica Tallawahs,Trinbago Knight Riders,DA Miller,GD Phillips,SP Narine,1,0,,,,,,,,,
1148658,2018,2018-08-19,Central Broward Regional Park Stadium Turf Ground,1,9.5,Jamaica Tallawahs,Trinbago Knight Riders,GD Phillips,DA Miller,SP Narine,1,0,,,,,,,,,
1148658,2018,2018-08-19,Central Broward Regional Park Stadium Turf Ground,1,9.6,Jamaica Tallawahs,Trinbago Knight Riders,DA Miller,GD Phillips,SP Narine,1,0,,,,,,,,,
1148658,2018,2018-08-19,Central Broward Regional Park Stadium Turf Ground,1,10.1,Jamaica Tallawahs,Trinbago Knight Riders,DA Miller,GD Phillips,DJ Bravo,4,0,,,,,,,,,
1148658,2018,2018-08-19,Central Broward Regional Park Stadium Turf Ground,1,10.2,Jamaica Tallawahs,Trinbago Knight Riders,DA Miller,GD Phillips,DJ Bravo,0,0,,,,,,,,,
1148658,2018,2018-08-19,Central Broward Regional Park Stadium Turf Ground,1,10.3,Jamaica Tallawahs,Trinbago Knight Riders,DA Miller,GD Phillips,DJ Bravo,1,0,,,,,,,,,
1148658,2018,2018-08-19,Central Broward Regional Park Stadium Turf Ground,1,10.4,Jamaica Tallawahs,Trinbago Knight Riders,GD Phillips,DA Miller,DJ Bravo,1,0,,,,,,,,,
1148658,2018,2018-08-19,Central Broward Regional Park Stadium Turf Ground,1,10.5,Jamaica Tallawahs,Trinbago Knight Riders,DA Miller,GD Phillips,DJ Bravo,0,0,,,,,,,,,
1148658,2018,2018-08-19,Central Broward Regional Park Stadium Turf Ground,1,10.6,Jamaica Tallawahs,Trinbago Knight Riders,DA Miller,GD Phillips,DJ Bravo,1,0,,,,,,,,,
1148658,2018,2018-08-19,Central Broward Regional Park Stadium Turf Ground,1,11.1,Jamaica Tallawahs,Trinbago Knight Riders,DA Miller,GD Phillips,SP Narine,6,0,,,,,,,,,
1148658,2018,2018-08-19,Central Broward Regional Park Stadium Turf Ground,1,11.2,Jamaica Tallawahs,Trinbago Knight Riders,DA Miller,GD Phillips,SP Narine,1,0,,,,,,,,,
1148658,2018,2018-08-19,Central Broward Regional Park Stadium Turf Ground,1,11.3,Jamaica Tallawahs,Trinbago Knight Riders,GD Phillips,DA Miller,SP Narine,0,0,,,,,,,,,
1148658,2018,2018-08-19,Central Broward Regional Park Stadium Turf Ground,1,11.4,Jamaica Tallawahs,Trinbago Knight Riders,GD Phillips,DA Miller,SP Narine,1,0,,,,,,,,,
1148658,2018,2018-08-19,Central Broward Regional Park Stadium Turf Ground,1,11.5,Jamaica Tallawahs,Trinbago Knight Riders,DA Miller,GD Phillips,SP Narine,1,0,,,,,,,,,
1148658,2018,2018-08-19,Central Broward Regional Park Stadium Turf Ground,1,11.6,Jamaica Tallawahs,Trinbago Knight Riders,GD Phillips,DA Miller,SP Narine,0,0,,,,,,,,,
1148658,2018,2018-08-19,Central Broward Regional Park Stadium Turf Ground,1,12.1,Jamaica Tallawahs,Trinbago Knight Riders,DA Miller,GD Phillips,DJ Bravo,0,1,1,,,,,,,,
1148658,2018,2018-08-19,Central Broward Regional Park Stadium Turf Ground,1,12.2,Jamaica Tallawahs,Trinbago Knight Riders,DA Miller,GD Phillips,DJ Bravo,1,0,,,,,,,,,
1148658,2018,2018-08-19,Central Broward Regional Park Stadium Turf Ground,1,12.3,Jamaica Tallawahs,Trinbago Knight Riders,GD Phillips,DA Miller,DJ Bravo,1,0,,,,,,,,,
1148658,2018,2018-08-19,Central Broward Regional Park Stadium Turf Ground,1,12.4,Jamaica Tallawahs,Trinbago Knight Riders,DA Miller,GD Phillips,DJ Bravo,1,0,,,,,,,,,
1148658,2018,2018-08-19,Central Broward Regional Park Stadium Turf Ground,1,12.5,Jamaica Tallawahs,Trinbago Knight Riders,GD Phillips,DA Miller,DJ Bravo,2,0,,,,,,,,,
1148658,2018,2018-08-19,Central Broward Regional Park Stadium Turf Ground,1,12.6,Jamaica Tallawahs,Trinbago Knight Riders,GD Phillips,DA Miller,DJ Bravo,0,1,1,,,,,,,,
1148658,2018,2018-08-19,Central Broward Regional Park Stadium Turf Ground,1,12.7,Jamaica Tallawahs,Trinbago Knight Riders,GD Phillips,DA Miller,DJ Bravo,1,0,,,,,,,,,
1148658,2018,2018-08-19,Central Broward Regional Park Stadium Turf Ground,1,12.8,Jamaica Tallawahs,Trinbago Knight Riders,DA Miller,GD Phillips,DJ Bravo,0,0,,,,,,,,,
1148658,2018,2018-08-19,Central Broward Regional Park Stadium Turf Ground,1,13.1,Jamaica Tallawahs,Trinbago Knight Riders,GD Phillips,DA Miller,SP Narine,0,0,,,,,,,,,
1148658,2018,2018-08-19,Central Broward Regional Park Stadium Turf Ground,1,13.2,Jamaica Tallawahs,Trinbago Knight Riders,GD Phillips,DA Miller,SP Narine,2,0,,,,,,,,,
1148658,2018,2018-08-19,Central Broward Regional Park Stadium Turf Ground,1,13.3,Jamaica Tallawahs,Trinbago Knight Riders,GD Phillips,DA Miller,SP Narine,0,0,,,,,,,,,
1148658,2018,2018-08-19,Central Broward Regional Park Stadium Turf Ground,1,13.4,Jamaica Tallawahs,Trinbago Knight Riders,GD Phillips,DA Miller,SP Narine,1,0,,,,,,,,,
1148658,2018,2018-08-19,Central Broward Regional Park Stadium Turf Ground,1,13.5,Jamaica Tallawahs,Trinbago Knight Riders,DA Miller,GD Phillips,SP Narine,6,0,,,,,,,,,
1148658,2018,2018-08-19,Central Broward Regional Park Stadium Turf Ground,1,13.6,Jamaica Tallawahs,Trinbago Knight Riders,DA Miller,GD Phillips,SP Narine,0,0,,,,,,,,,
1148658,2018,2018-08-19,Central Broward Regional Park Stadium Turf Ground,1,14.1,Jamaica Tallawahs,Trinbago Knight Riders,GD Phillips,DA Miller,Fawad Ahmed,1,0,,,,,,,,,
1148658,2018,2018-08-19,Central Broward Regional Park Stadium Turf Ground,1,14.2,Jamaica Tallawahs,Trinbago Knight Riders,DA Miller,GD Phillips,Fawad Ahmed,2,0,,,,,,,,,
1148658,2018,2018-08-19,Central Broward Regional Park Stadium Turf Ground,1,14.3,Jamaica Tallawahs,Trinbago Knight Riders,DA Miller,GD Phillips,Fawad Ahmed,1,0,,,,,,,,,
1148658,2018,2018-08-19,Central Broward Regional Park Stadium Turf Ground,1,14.4,Jamaica Tallawahs,Trinbago Knight Riders,GD Phillips,DA Miller,Fawad Ahmed,2,0,,,,,,,,,
1148658,2018,2018-08-19,Central Broward Regional Park Stadium Turf Ground,1,14.5,Jamaica Tallawahs,Trinbago Knight Riders,GD Phillips,DA Miller,Fawad Ahmed,0,1,,,1,,,,,,
1148658,2018,2018-08-19,Central Broward Regional Park Stadium Turf Ground,1,14.6,Jamaica Tallawahs,Trinbago Knight Riders,DA Miller,GD Phillips,Fawad Ahmed,4,0,,,,,,,,,
1148658,2018,2018-08-19,Central Broward Regional Park Stadium Turf Ground,1,15.1,Jamaica Tallawahs,Trinbago Knight Riders,GD Phillips,DA Miller,SP Narine,1,0,,,,,,,,,
1148658,2018,2018-08-19,Central Broward Regional Park Stadium Turf Ground,1,15.2,Jamaica Tallawahs,Trinbago Knight Riders,DA Miller,GD Phillips,SP Narine,1,0,,,,,,,,,
1148658,2018,2018-08-19,Central Broward Regional Park Stadium Turf Ground,1,15.3,Jamaica Tallawahs,Trinbago Knight Riders,GD Phillips,DA Miller,SP Narine,6,0,,,,,,,,,
1148658,2018,2018-08-19,Central Broward Regional Park Stadium Turf Ground,1,15.4,Jamaica Tallawahs,Trinbago Knight Riders,GD Phillips,DA Miller,SP Narine,2,0,,,,,,,,,
1148658,2018,2018-08-19,Central Broward Regional Park Stadium Turf Ground,1,15.5,Jamaica Tallawahs,Trinbago Knight Riders,GD Phillips,DA Miller,SP Narine,6,0,,,,,,,,,
1148658,2018,2018-08-19,Central Broward Regional Park Stadium Turf Ground,1,15.6,Jamaica Tallawahs,Trinbago Knight Riders,GD Phillips,DA Miller,SP Narine,0,0,,,,,,,,,
1148658,2018,2018-08-19,Central Broward Regional Park Stadium Turf Ground,1,16.1,Jamaica Tallawahs,Trinbago Knight Riders,DA Miller,GD Phillips,DJ Bravo,1,0,,,,,,,,,
1148658,2018,2018-08-19,Central Broward Regional Park Stadium Turf Ground,1,16.2,Jamaica Tallawahs,Trinbago Knight Riders,GD Phillips,DA Miller,DJ Bravo,6,0,,,,,,,,,
1148658,2018,2018-08-19,Central Broward Regional Park Stadium Turf Ground,1,16.3,Jamaica Tallawahs,Trinbago Knight Riders,GD Phillips,DA Miller,DJ Bravo,6,0,,,,,,,,,
1148658,2018,2018-08-19,Central Broward Regional Park Stadium Turf Ground,1,16.4,Jamaica Tallawahs,Trinbago Knight Riders,GD Phillips,DA Miller,DJ Bravo,1,0,,,,,,,,,
1148658,2018,2018-08-19,Central Broward Regional Park Stadium Turf Ground,1,16.5,Jamaica Tallawahs,Trinbago Knight Riders,DA Miller,GD Phillips,DJ Bravo,2,0,,,,,,,,,
1148658,2018,2018-08-19,Central Broward Regional Park Stadium Turf Ground,1,16.6,Jamaica Tallawahs,Trinbago Knight Riders,DA Miller,GD Phillips,DJ Bravo,6,0,,,,,,,,,
1148658,2018,2018-08-19,Central Broward Regional Park Stadium Turf Ground,1,17.1,Jamaica Tallawahs,Trinbago Knight Riders,GD Phillips,DA Miller,Ali Khan,1,0,,,,,,,,,
1148658,2018,2018-08-19,Central Broward Regional Park Stadium Turf Ground,1,17.2,Jamaica Tallawahs,Trinbago Knight Riders,DA Miller,GD Phillips,Ali Khan,0,1,1,,,,,,,,
1148658,2018,2018-08-19,Central Broward Regional Park Stadium Turf Ground,1,17.3,Jamaica Tallawahs,Trinbago Knight Riders,DA Miller,GD Phillips,Ali Khan,0,0,,,,,,,,,
1148658,2018,2018-08-19,Central Broward Regional Park Stadium Turf Ground,1,17.4,Jamaica Tallawahs,Trinbago Knight Riders,DA Miller,GD Phillips,Ali Khan,4,0,,,,,,,,,
1148658,2018,2018-08-19,Central Broward Regional Park Stadium Turf Ground,1,17.5,Jamaica Tallawahs,Trinbago Knight Riders,DA Miller,GD Phillips,Ali Khan,6,0,,,,,,,,,
1148658,2018,2018-08-19,Central Broward Regional Park Stadium Turf Ground,1,17.6,Jamaica Tallawahs,Trinbago Knight Riders,DA Miller,GD Phillips,Ali Khan,0,1,1,,,,,,,,
1148658,2018,2018-08-19,Central Broward Regional Park Stadium Turf Ground,1,17.7,Jamaica Tallawahs,Trinbago Knight Riders,DA Miller,GD Phillips,Ali Khan,1,0,,,,,,,,,
1148658,2018,2018-08-19,Central Broward Regional Park Stadium Turf Ground,1,17.8,Jamaica Tallawahs,Trinbago Knight Riders,GD Phillips,DA Miller,Ali Khan,4,0,,,,,,,,,
1148658,2018,2018-08-19,Central Broward Regional Park Stadium Turf Ground,1,18.1,Jamaica Tallawahs,Trinbago Knight Riders,DA Miller,GD Phillips,DJ Bravo,1,0,,,,,,,,,
1148658,2018,2018-08-19,Central Broward Regional Park Stadium Turf Ground,1,18.2,Jamaica Tallawahs,Trinbago Knight Riders,GD Phillips,DA Miller,DJ Bravo,0,0,,,,,,caught and bowled,GD Phillips,,
1148658,2018,2018-08-19,Central Broward Regional Park Stadium Turf Ground,1,18.3,Jamaica Tallawahs,Trinbago Knight Riders,DA Miller,AD Russell,DJ Bravo,2,0,,,,,,,,,
1148658,2018,2018-08-19,Central Broward Regional Park Stadium Turf Ground,1,18.4,Jamaica Tallawahs,Trinbago Knight Riders,DA Miller,AD Russell,DJ Bravo,4,0,,,,,,,,,
1148658,2018,2018-08-19,Central Broward Regional Park Stadium Turf Ground,1,18.5,Jamaica Tallawahs,Trinbago Knight Riders,DA Miller,AD Russell,DJ Bravo,1,0,,,,,,,,,
1148658,2018,2018-08-19,Central Broward Regional Park Stadium Turf Ground,1,18.6,Jamaica Tallawahs,Trinbago Knight Riders,AD Russell,DA Miller,DJ Bravo,1,0,,,,,,,,,
1148658,2018,2018-08-19,Central Broward Regional Park Stadium Turf Ground,1,19.1,Jamaica Tallawahs,Trinbago Knight Riders,AD Russell,DA Miller,Ali Khan,1,0,,,,,,,,,
1148658,2018,2018-08-19,Central Broward Regional Park Stadium Turf Ground,1,19.2,Jamaica Tallawahs,Trinbago Knight Riders,DA Miller,AD Russell,Ali Khan,0,2,2,,,,,,,,
1148658,2018,2018-08-19,Central Broward Regional Park Stadium Turf Ground,1,19.3,Jamaica Tallawahs,Trinbago Knight Riders,AD Russell,DA Miller,Ali Khan,0,0,,,,,,caught,AD Russell,,
1148658,2018,2018-08-19,Central Broward Regional Park Stadium Turf Ground,1,19.4,Jamaica Tallawahs,Trinbago Knight Riders,DA Miller,R Powell,Ali Khan,1,0,,,,,,,,,
1148658,2018,2018-08-19,Central Broward Regional Park Stadium Turf Ground,1,19.5,Jamaica Tallawahs,Trinbago Knight Riders,R Powell,DA Miller,Ali Khan,1,0,,,,,,,,,
1148658,2018,2018-08-19,Central Broward Regional Park Stadium Turf Ground,1,19.6,Jamaica Tallawahs,Trinbago Knight Riders,DA Miller,R Powell,Ali Khan,4,0,,,,,,,,,
1148658,2018,2018-08-19,Central Broward Regional Park Stadium Turf Ground,1,19.7,Jamaica Tallawahs,Trinbago Knight Riders,DA Miller,R Powell,Ali Khan,6,0,,,,,,,,,
1148658,2018,2018-08-19,Central Broward Regional Park Stadium Turf Ground,2,0.1,Trinbago Knight Riders,Jamaica Tallawahs,SP Narine,CA Lynn,Imad Wasim,0,0,,,,,,,,,
1148658,2018,2018-08-19,Central Broward Regional Park Stadium Turf Ground,2,0.2,Trinbago Knight Riders,Jamaica Tallawahs,SP Narine,CA Lynn,Imad Wasim,0,0,,,,,,,,,
1148658,2018,2018-08-19,Central Broward Regional Park Stadium Turf Ground,2,0.3,Trinbago Knight Riders,Jamaica Tallawahs,SP Narine,CA Lynn,Imad Wasim,0,0,,,,,,caught,SP Narine,,
1148658,2018,2018-08-19,Central Broward Regional Park Stadium Turf Ground,2,0.4,Trinbago Knight Riders,Jamaica Tallawahs,CA Lynn,C Munro,Imad Wasim,1,0,,,,,,,,,
1148658,2018,2018-08-19,Central Broward Regional Park Stadium Turf Ground,2,0.5,Trinbago Knight Riders,Jamaica Tallawahs,C Munro,CA Lynn,Imad Wasim,2,0,,,,,,,,,
1148658,2018,2018-08-19,Central Broward Regional Park Stadium Turf Ground,2,0.6,Trinbago Knight Riders,Jamaica Tallawahs,C Munro,CA Lynn,Imad Wasim,1,0,,,,,,,,,
1148658,2018,2018-08-19,Central Broward Regional Park Stadium Turf Ground,2,1.1,Trinbago Knight Riders,Jamaica Tallawahs,C Munro,CA Lynn,K Santokie,0,0,,,,,,,,,
1148658,2018,2018-08-19,Central Broward Regional Park Stadium Turf Ground,2,1.2,Trinbago Knight Riders,Jamaica Tallawahs,C Munro,CA Lynn,K Santokie,0,0,,,,,,,,,
1148658,2018,2018-08-19,Central Broward Regional Park Stadium Turf Ground,2,1.3,Trinbago Knight Riders,Jamaica Tallawahs,C Munro,CA Lynn,K Santokie,4,0,,,,,,,,,
1148658,2018,2018-08-19,Central Broward Regional Park Stadium Turf Ground,2,1.4,Trinbago Knight Riders,Jamaica Tallawahs,C Munro,CA Lynn,K Santokie,1,0,,,,,,,,,
1148658,2018,2018-08-19,Central Broward Regional Park Stadium Turf Ground,2,1.5,Trinbago Knight Riders,Jamaica Tallawahs,CA Lynn,C Munro,K Santokie,0,0,,,,,,,,,
1148658,2018,2018-08-19,Central Broward Regional Park Stadium Turf Ground,2,1.6,Trinbago Knight Riders,Jamaica Tallawahs,CA Lynn,C Munro,K Santokie,1,0,,,,,,,,,
1148658,2018,2018-08-19,Central Broward Regional Park Stadium Turf Ground,2,2.1,Trinbago Knight Riders,Jamaica Tallawahs,CA Lynn,C Munro,Imad Wasim,0,0,,,,,,run out,CA Lynn,,
1148658,2018,2018-08-19,Central Broward Regional Park Stadium Turf Ground,2,2.2,Trinbago Knight Riders,Jamaica Tallawahs,BB McCullum,C Munro,Imad Wasim,0,0,,,,,,,,,
1148658,2018,2018-08-19,Central Broward Regional Park Stadium Turf Ground,2,2.3,Trinbago Knight Riders,Jamaica Tallawahs,BB McCullum,C Munro,Imad Wasim,0,0,,,,,,,,,
1148658,2018,2018-08-19,Central Broward Regional Park Stadium Turf Ground,2,2.4,Trinbago Knight Riders,Jamaica Tallawahs,BB McCullum,C Munro,Imad Wasim,1,0,,,,,,,,,
1148658,2018,2018-08-19,Central Broward Regional Park Stadium Turf Ground,2,2.5,Trinbago Knight Riders,Jamaica Tallawahs,C Munro,BB McCullum,Imad Wasim,1,0,,,,,,,,,
1148658,2018,2018-08-19,Central Broward Regional Park Stadium Turf Ground,2,2.6,Trinbago Knight Riders,Jamaica Tallawahs,BB McCullum,C Munro,Imad Wasim,4,0,,,,,,,,,
1148658,2018,2018-08-19,Central Broward Regional Park Stadium Turf Ground,2,3.1,Trinbago Knight Riders,Jamaica Tallawahs,C Munro,BB McCullum,O Thomas,1,0,,,,,,,,,
1148658,2018,2018-08-19,Central Broward Regional Park Stadium Turf Ground,2,3.2,Trinbago Knight Riders,Jamaica Tallawahs,BB McCullum,C Munro,O Thomas,0,1,,,,1,,,,,
1148658,2018,2018-08-19,Central Broward Regional Park Stadium Turf Ground,2,3.3,Trinbago Knight Riders,Jamaica Tallawahs,C Munro,BB McCullum,O Thomas,0,0,,,,,,,,,
1148658,2018,2018-08-19,Central Broward Regional Park Stadium Turf Ground,2,3.4,Trinbago Knight Riders,Jamaica Tallawahs,C Munro,BB McCullum,O Thomas,0,0,,,,,,,,,
1148658,2018,2018-08-19,Central Broward Regional Park Stadium Turf Ground,2,3.5,Trinbago Knight Riders,Jamaica Tallawahs,C Munro,BB McCullum,O Thomas,0,1,1,,,,,,,,
1148658,2018,2018-08-19,Central Broward Regional Park Stadium Turf Ground,2,3.6,Trinbago Knight Riders,Jamaica Tallawahs,C Munro,BB McCullum,O Thomas,0,0,,,,,,,,,
1148658,2018,2018-08-19,Central Broward Regional Park Stadium Turf Ground,2,3.7,Trinbago Knight Riders,Jamaica Tallawahs,C Munro,BB McCullum,O Thomas,0,0,,,,,,,,,
1148658,2018,2018-08-19,Central Broward Regional Park Stadium Turf Ground,2,4.1,Trinbago Knight Riders,Jamaica Tallawahs,BB McCullum,C Munro,Imad Wasim,1,0,,,,,,,,,
1148658,2018,2018-08-19,Central Broward Regional Park Stadium Turf Ground,2,4.2,Trinbago Knight Riders,Jamaica Tallawahs,C Munro,BB McCullum,Imad Wasim,1,0,,,,,,,,,
1148658,2018,2018-08-19,Central Broward Regional Park Stadium Turf Ground,2,4.3,Trinbago Knight Riders,Jamaica Tallawahs,BB McCullum,C Munro,Imad Wasim,0,0,,,,,,,,,
1148658,2018,2018-08-19,Central Broward Regional Park Stadium Turf Ground,2,4.4,Trinbago Knight Riders,Jamaica Tallawahs,BB McCullum,C Munro,Imad Wasim,1,0,,,,,,,,,
1148658,2018,2018-08-19,Central Broward Regional Park Stadium Turf Ground,2,4.5,Trinbago Knight Riders,Jamaica Tallawahs,C Munro,BB McCullum,Imad Wasim,0,0,,,,,,,,,
1148658,2018,2018-08-19,Central Broward Regional Park Stadium Turf Ground,2,4.6,Trinbago Knight Riders,Jamaica Tallawahs,C Munro,BB McCullum,Imad Wasim,0,0,,,,,,,,,
1148658,2018,2018-08-19,Central Broward Regional Park Stadium Turf Ground,2,5.1,Trinbago Knight Riders,Jamaica Tallawahs,BB McCullum,C Munro,O Thomas,1,0,,,,,,,,,
1148658,2018,2018-08-19,Central Broward Regional Park Stadium Turf Ground,2,5.2,Trinbago Knight Riders,Jamaica Tallawahs,C Munro,BB McCullum,O Thomas,0,0,,,,,,,,,
1148658,2018,2018-08-19,Central Broward Regional Park Stadium Turf Ground,2,5.3,Trinbago Knight Riders,Jamaica Tallawahs,C Munro,BB McCullum,O Thomas,0,0,,,,,,,,,
1148658,2018,2018-08-19,Central Broward Regional Park Stadium Turf Ground,2,5.4,Trinbago Knight Riders,Jamaica Tallawahs,C Munro,BB McCullum,O Thomas,4,0,,,,,,,,,
1148658,2018,2018-08-19,Central Broward Regional Park Stadium Turf Ground,2,5.5,Trinbago Knight Riders,Jamaica Tallawahs,C Munro,BB McCullum,O Thomas,1,0,,,,,,,,,
1148658,2018,2018-08-19,Central Broward Regional Park Stadium Turf Ground,2,5.6,Trinbago Knight Riders,Jamaica Tallawahs,BB McCullum,C Munro,O Thomas,0,0,,,,,,caught,BB McCullum,,
1148658,2018,2018-08-19,Central Broward Regional Park Stadium Turf Ground,2,6.1,Trinbago Knight Riders,Jamaica Tallawahs,DM Bravo,C Munro,Steven Ryan Taylor,0,0,,,,,,,,,
1148658,2018,2018-08-19,Central Broward Regional Park Stadium Turf Ground,2,6.2,Trinbago Knight Riders,Jamaica Tallawahs,DM Bravo,C Munro,Steven Ryan Taylor,1,0,,,,,,,,,
1148658,2018,2018-08-19,Central Broward Regional Park Stadium Turf Ground,2,6.3,Trinbago Knight Riders,Jamaica Tallawahs,C Munro,DM Bravo,Steven Ryan Taylor,1,0,,,,,,,,,
1148658,2018,2018-08-19,Central Broward Regional Park Stadium Turf Ground,2,6.4,Trinbago Knight Riders,Jamaica Tallawahs,DM Bravo,C Munro,Steven Ryan Taylor,1,0,,,,,,,,,
1148658,2018,2018-08-19,Central Broward Regional Park Stadium Turf Ground,2,6.5,Trinbago Knight Riders,Jamaica Tallawahs,C Munro,DM Bravo,Steven Ryan Taylor,0,0,,,,,,,,,
1148658,2018,2018-08-19,Central Broward Regional Park Stadium Turf Ground,2,6.6,Trinbago Knight Riders,Jamaica Tallawahs,C Munro,DM Bravo,Steven Ryan Taylor,4,0,,,,,,,,,
1148658,2018,2018-08-19,Central Broward Regional Park Stadium Turf Ground,2,7.1,Trinbago Knight Riders,Jamaica Tallawahs,DM Bravo,C Munro,AD Russell,2,0,,,,,,,,,
1148658,2018,2018-08-19,Central Broward Regional Park Stadium Turf Ground,2,7.2,Trinbago Knight Riders,Jamaica Tallawahs,DM Bravo,C Munro,AD Russell,1,0,,,,,,,,,
1148658,2018,2018-08-19,Central Broward Regional Park Stadium Turf Ground,2,7.3,Trinbago Knight Riders,Jamaica Tallawahs,C Munro,DM Bravo,AD Russell,0,0,,,,,,,,,
1148658,2018,2018-08-19,Central Broward Regional Park Stadium Turf Ground,2,7.4,Trinbago Knight Riders,Jamaica Tallawahs,C Munro,DM Bravo,AD Russell,1,0,,,,,,,,,
1148658,2018,2018-08-19,Central Broward Regional Park Stadium Turf Ground,2,7.5,Trinbago Knight Riders,Jamaica Tallawahs,DM Bravo,C Munro,AD Russell,1,0,,,,,,,,,
1148658,2018,2018-08-19,Central Broward Regional Park Stadium Turf Ground,2,7.6,Trinbago Knight Riders,Jamaica Tallawahs,C Munro,DM Bravo,AD Russell,1,0,,,,,,,,,
1148658,2018,2018-08-19,Central Broward Regional Park Stadium Turf Ground,2,8.1,Trinbago Knight Riders,Jamaica Tallawahs,C Munro,DM Bravo,Steven Ryan Taylor,0,0,,,,,,,,,
1148658,2018,2018-08-19,Central Broward Regional Park Stadium Turf Ground,2,8.2,Trinbago Knight Riders,Jamaica Tallawahs,C Munro,DM Bravo,Steven Ryan Taylor,1,0,,,,,,,,,
1148658,2018,2018-08-19,Central Broward Regional Park Stadium Turf Ground,2,8.3,Trinbago Knight Riders,Jamaica Tallawahs,DM Bravo,C Munro,Steven Ryan Taylor,1,0,,,,,,,,,
1148658,2018,2018-08-19,Central Broward Regional Park Stadium Turf Ground,2,8.4,Trinbago Knight Riders,Jamaica Tallawahs,C Munro,DM Bravo,Steven Ryan Taylor,1,0,,,,,,,,,
1148658,2018,2018-08-19,Central Broward Regional Park Stadium Turf Ground,2,8.5,Trinbago Knight Riders,Jamaica Tallawahs,DM Bravo,C Munro,Steven Ryan Taylor,6,0,,,,,,,,,
1148658,2018,2018-08-19,Central Broward Regional Park Stadium Turf Ground,2,8.6,Trinbago Knight Riders,Jamaica Tallawahs,DM Bravo,C Munro,Steven Ryan Taylor,1,0,,,,,,,,,
1148658,2018,2018-08-19,Central Broward Regional Park Stadium Turf Ground,2,9.1,Trinbago Knight Riders,Jamaica Tallawahs,DM Bravo,C Munro,AD Russell,0,0,,,,,,,,,
1148658,2018,2018-08-19,Central Broward Regional Park Stadium Turf Ground,2,9.2,Trinbago Knight Riders,Jamaica Tallawahs,DM Bravo,C Munro,AD Russell,0,0,,,,,,,,,
1148658,2018,2018-08-19,Central Broward Regional Park Stadium Turf Ground,2,9.3,Trinbago Knight Riders,Jamaica Tallawahs,DM Bravo,C Munro,AD Russell,1,0,,,,,,,,,
1148658,2018,2018-08-19,Central Broward Regional Park Stadium Turf Ground,2,9.4,Trinbago Knight Riders,Jamaica Tallawahs,C Munro,DM Bravo,AD Russell,0,1,1,,,,,,,,
1148658,2018,2018-08-19,Central Broward Regional Park Stadium Turf Ground,2,9.5,Trinbago Knight Riders,Jamaica Tallawahs,C Munro,DM Bravo,AD Russell,1,0,,,,,,,,,
1148658,2018,2018-08-19,Central Broward Regional Park Stadium Turf Ground,2,9.6,Trinbago Knight Riders,Jamaica Tallawahs,DM Bravo,C Munro,AD Russell,1,0,,,,,,,,,
1148658,2018,2018-08-19,Central Broward Regional Park Stadium Turf Ground,2,9.7,Trinbago Knight Riders,Jamaica Tallawahs,C Munro,DM Bravo,AD Russell,0,1,1,,,,,,,,
1148658,2018,2018-08-19,Central Broward Regional Park Stadium Turf Ground,2,9.8,Trinbago Knight Riders,Jamaica Tallawahs,C Munro,DM Bravo,AD Russell,6,0,,,,,,,,,
1148658,2018,2018-08-19,Central Broward Regional Park Stadium Turf Ground,2,10.1,Trinbago Knight Riders,Jamaica Tallawahs,DM Bravo,C Munro,Steven Ryan Taylor,0,0,,,,,,,,,
1148658,2018,2018-08-19,Central Broward Regional Park Stadium Turf Ground,2,10.2,Trinbago Knight Riders,Jamaica Tallawahs,DM Bravo,C Munro,Steven Ryan Taylor,1,0,,,,,,,,,
1148658,2018,2018-08-19,Central Broward Regional Park Stadium Turf Ground,2,10.3,Trinbago Knight Riders,Jamaica Tallawahs,C Munro,DM Bravo,Steven Ryan Taylor,0,0,,,,,,,,,
1148658,2018,2018-08-19,Central Broward Regional Park Stadium Turf Ground,2,10.4,Trinbago Knight Riders,Jamaica Tallawahs,C Munro,DM Bravo,Steven Ryan Taylor,0,0,,,,,,,,,
1148658,2018,2018-08-19,Central Broward Regional Park Stadium Turf Ground,2,10.5,Trinbago Knight Riders,Jamaica Tallawahs,C Munro,DM Bravo,Steven Ryan Taylor,3,0,,,,,,,,,
1148658,2018,2018-08-19,Central Broward Regional Park Stadium Turf Ground,2,10.6,Trinbago Knight Riders,Jamaica Tallawahs,DM Bravo,C Munro,Steven Ryan Taylor,1,0,,,,,,,,,
1148658,2018,2018-08-19,Central Broward Regional Park Stadium Turf Ground,2,11.1,Trinbago Knight Riders,Jamaica Tallawahs,DM Bravo,C Munro,K Santokie,1,0,,,,,,,,,
1148658,2018,2018-08-19,Central Broward Regional Park Stadium Turf Ground,2,11.2,Trinbago Knight Riders,Jamaica Tallawahs,C Munro,DM Bravo,K Santokie,1,0,,,,,,,,,
1148658,2018,2018-08-19,Central Broward Regional Park Stadium Turf Ground,2,11.3,Trinbago Knight Riders,Jamaica Tallawahs,DM Bravo,C Munro,K Santokie,0,1,1,,,,,,,,
1148658,2018,2018-08-19,Central Broward Regional Park Stadium Turf Ground,2,11.4,Trinbago Knight Riders,Jamaica Tallawahs,DM Bravo,C Munro,K Santokie,6,0,,,,,,,,,
1148658,2018,2018-08-19,Central Broward Regional Park Stadium Turf Ground,2,11.5,Trinbago Knight Riders,Jamaica Tallawahs,DM Bravo,C Munro,K Santokie,0,0,,,,,,,,,
1148658,2018,2018-08-19,Central Broward Regional Park Stadium Turf Ground,2,11.6,Trinbago Knight Riders,Jamaica Tallawahs,DM Bravo,C Munro,K Santokie,1,0,,,,,,,,,
1148658,2018,2018-08-19,Central Broward Regional Park Stadium Turf Ground,2,11.7,Trinbago Knight Riders,Jamaica Tallawahs,C Munro,DM Bravo,K Santokie,1,0,,,,,,,,,
1148658,2018,2018-08-19,Central Broward Regional Park Stadium Turf Ground,2,12.1,Trinbago Knight Riders,Jamaica Tallawahs,C Munro,DM Bravo,Steven Ryan Taylor,4,0,,,,,,,,,
1148658,2018,2018-08-19,Central Broward Regional Park Stadium Turf Ground,2,12.2,Trinbago Knight Riders,Jamaica Tallawahs,C Munro,DM Bravo,Steven Ryan Taylor,6,0,,,,,,,,,
1148658,2018,2018-08-19,Central Broward Regional Park Stadium Turf Ground,2,12.3,Trinbago Knight Riders,Jamaica Tallawahs,C Munro,DM Bravo,Steven Ryan Taylor,1,0,,,,,,,,,
1148658,2018,2018-08-19,Central Broward Regional Park Stadium Turf Ground,2,12.4,Trinbago Knight Riders,Jamaica Tallawahs,DM Bravo,C Munro,Steven Ryan Taylor,1,0,,,,,,,,,
1148658,2018,2018-08-19,Central Broward Regional Park Stadium Turf Ground,2,12.5,Trinbago Knight Riders,Jamaica Tallawahs,C Munro,DM Bravo,Steven Ryan Taylor,1,0,,,,,,,,,
1148658,2018,2018-08-19,Central Broward Regional Park Stadium Turf Ground,2,12.6,Trinbago Knight Riders,Jamaica Tallawahs,DM Bravo,C Munro,Steven Ryan Taylor,1,0,,,,,,,,,
1148658,2018,2018-08-19,Central Broward Regional Park Stadium Turf Ground,2,13.1,Trinbago Knight Riders,Jamaica Tallawahs,DM Bravo,C Munro,O Thomas,1,0,,,,,,,,,
1148658,2018,2018-08-19,Central Broward Regional Park Stadium Turf Ground,2,13.2,Trinbago Knight Riders,Jamaica Tallawahs,C Munro,DM Bravo,O Thomas,0,1,,,,1,,,,,
1148658,2018,2018-08-19,Central Broward Regional Park Stadium Turf Ground,2,13.3,Trinbago Knight Riders,Jamaica Tallawahs,DM Bravo,C Munro,O Thomas,0,2,,,,2,,,,,
1148658,2018,2018-08-19,Central Broward Regional Park Stadium Turf Ground,2,13.4,Trinbago Knight Riders,Jamaica Tallawahs,DM Bravo,C Munro,O Thomas,1,0,,,,,,,,,
1148658,2018,2018-08-19,Central Broward Regional Park Stadium Turf Ground,2,13.5,Trinbago Knight Riders,Jamaica Tallawahs,C Munro,DM Bravo,O Thomas,6,0,,,,,,,,,
1148658,2018,2018-08-19,Central Broward Regional Park Stadium Turf Ground,2,13.6,Trinbago Knight Riders,Jamaica Tallawahs,C Munro,DM Bravo,O Thomas,6,0,,,,,,,,,
1148658,2018,2018-08-19,Central Broward Regional Park Stadium Turf Ground,2,14.1,Trinbago Knight Riders,Jamaica Tallawahs,DM Bravo,C Munro,A Zampa,0,0,,,,,,,,,
1148658,2018,2018-08-19,Central Broward Regional Park Stadium Turf Ground,2,14.2,Trinbago Knight Riders,Jamaica Tallawahs,DM Bravo,C Munro,A Zampa,6,0,,,,,,,,,
1148658,2018,2018-08-19,Central Broward Regional Park Stadium Turf Ground,2,14.3,Trinbago Knight Riders,Jamaica Tallawahs,DM Bravo,C Munro,A Zampa,0,1,,,,1,,,,,
1148658,2018,2018-08-19,Central Broward Regional Park Stadium Turf Ground,2,14.4,Trinbago Knight Riders,Jamaica Tallawahs,C Munro,DM Bravo,A Zampa,0,0,,,,,,,,,
1148658,2018,2018-08-19,Central Broward Regional Park Stadium Turf Ground,2,14.5,Trinbago Knight Riders,Jamaica Tallawahs,C Munro,DM Bravo,A Zampa,1,0,,,,,,,,,
1148658,2018,2018-08-19,Central Broward Regional Park Stadium Turf Ground,2,14.6,Trinbago Knight Riders,Jamaica Tallawahs,DM Bravo,C Munro,A Zampa,6,0,,,,,,,,,
1148658,2018,2018-08-19,Central Broward Regional Park Stadium Turf Ground,2,15.1,Trinbago Knight Riders,Jamaica Tallawahs,C Munro,DM Bravo,AD Russell,1,0,,,,,,,,,
1148658,2018,2018-08-19,Central Broward Regional Park Stadium Turf Ground,2,15.2,Trinbago Knight Riders,Jamaica Tallawahs,DM Bravo,C Munro,AD Russell,6,0,,,,,,,,,
1148658,2018,2018-08-19,Central Broward Regional Park Stadium Turf Ground,2,15.3,Trinbago Knight Riders,Jamaica Tallawahs,DM Bravo,C Munro,AD Russell,0,1,1,,,,,,,,
1148658,2018,2018-08-19,Central Broward Regional Park Stadium Turf Ground,2,15.4,Trinbago Knight Riders,Jamaica Tallawahs,DM Bravo,C Munro,AD Russell,1,0,,,,,,,,,
1148658,2018,2018-08-19,Central Broward Regional Park Stadium Turf Ground,2,15.5,Trinbago Knight Riders,Jamaica Tallawahs,C Munro,DM Bravo,AD Russell,1,0,,,,,,,,,
1148658,2018,2018-08-19,Central Broward Regional Park Stadium Turf Ground,2,15.6,Trinbago Knight Riders,Jamaica Tallawahs,DM Bravo,C Munro,AD Russell,0,0,,,,,,,,,
1148658,2018,2018-08-19,Central Broward Regional Park Stadium Turf Ground,2,15.7,Trinbago Knight Riders,Jamaica Tallawahs,DM Bravo,C Munro,AD Russell,1,0,,,,,,,,,
1148658,2018,2018-08-19,Central Broward Regional Park Stadium Turf Ground,2,16.1,Trinbago Knight Riders,Jamaica Tallawahs,DM Bravo,C Munro,Imad Wasim,0,0,,,,,,,,,
1148658,2018,2018-08-19,Central Broward Regional Park Stadium Turf Ground,2,16.2,Trinbago Knight Riders,Jamaica Tallawahs,DM Bravo,C Munro,Imad Wasim,0,1,1,,,,,,,,
1148658,2018,2018-08-19,Central Broward Regional Park Stadium Turf Ground,2,16.3,Trinbago Knight Riders,Jamaica Tallawahs,DM Bravo,C Munro,Imad Wasim,0,0,,,,,,bowled,DM Bravo,,
1148658,2018,2018-08-19,Central Broward Regional Park Stadium Turf Ground,2,16.4,Trinbago Knight Riders,Jamaica Tallawahs,DJ Bravo,C Munro,Imad Wasim,1,0,,,,,,,,,
1148658,2018,2018-08-19,Central Broward Regional Park Stadium Turf Ground,2,16.5,Trinbago Knight Riders,Jamaica Tallawahs,C Munro,DJ Bravo,Imad Wasim,0,0,,,,,,,,,
1148658,2018,2018-08-19,Central Broward Regional Park Stadium Turf Ground,2,16.6,Trinbago Knight Riders,Jamaica Tallawahs,C Munro,DJ Bravo,Imad Wasim,1,0,,,,,,,,,
1148658,2018,2018-08-19,Central Broward Regional Park Stadium Turf Ground,2,16.7,Trinbago Knight Riders,Jamaica Tallawahs,DJ Bravo,C Munro,Imad Wasim,1,0,,,,,,,,,
1148658,2018,2018-08-19,Central Broward Regional Park Stadium Turf Ground,2,17.1,Trinbago Knight Riders,Jamaica Tallawahs,DJ Bravo,C Munro,K Santokie,2,0,,,,,,,,,
1148658,2018,2018-08-19,Central Broward Regional Park Stadium Turf Ground,2,17.2,Trinbago Knight Riders,Jamaica Tallawahs,DJ Bravo,C Munro,K Santokie,6,0,,,,,,,,,
1148658,2018,2018-08-19,Central Broward Regional Park Stadium Turf Ground,2,17.3,Trinbago Knight Riders,Jamaica Tallawahs,DJ Bravo,C Munro,K Santokie,6,0,,,,,,,,,
1148658,2018,2018-08-19,Central Broward Regional Park Stadium Turf Ground,2,17.4,Trinbago Knight Riders,Jamaica Tallawahs,DJ Bravo,C Munro,K Santokie,6,0,,,,,,,,,
1148658,2018,2018-08-19,Central Broward Regional Park Stadium Turf Ground,2,17.5,Trinbago Knight Riders,Jamaica Tallawahs,DJ Bravo,C Munro,K Santokie,0,1,1,,,,,,,,
1148658,2018,2018-08-19,Central Broward Regional Park Stadium Turf Ground,2,17.6,Trinbago Knight Riders,Jamaica Tallawahs,DJ Bravo,C Munro,K Santokie,1,0,,,,,,,,,
1148658,2018,2018-08-19,Central Broward Regional Park Stadium Turf Ground,2,17.7,Trinbago Knight Riders,Jamaica Tallawahs,C Munro,DJ Bravo,K Santokie,2,0,,,,,,,,,
1148658,2018,2018-08-19,Central Broward Regional Park Stadium Turf Ground,2,18.1,Trinbago Knight Riders,Jamaica Tallawahs,DJ Bravo,C Munro,AD Russell,6,0,,,,,,,,,
1148658,2018,2018-08-19,Central Broward Regional Park Stadium Turf Ground,2,18.2,Trinbago Knight Riders,Jamaica Tallawahs,DJ Bravo,C Munro,AD Russell,1,0,,,,,,,,,
1148658,2018,2018-08-19,Central Broward Regional Park Stadium Turf Ground,2,18.3,Trinbago Knight Riders,Jamaica Tallawahs,C Munro,DJ Bravo,AD Russell,0,0,,,,,,,,,
1148658,2018,2018-08-19,Central Broward Regional Park Stadium Turf Ground,2,18.4,Trinbago Knight Riders,Jamaica Tallawahs,C Munro,DJ Bravo,AD Russell,0,0,,,,,,bowled,C Munro,,
1148658,2018,2018-08-19,Central Broward Regional Park Stadium Turf Ground,2,18.5,Trinbago Knight Riders,Jamaica Tallawahs,JPR Scantlebury-Searles,DJ Bravo,AD Russell,0,1,,,1,,,,,,
1148658,2018,2018-08-19,Central Broward Regional Park Stadium Turf Ground,2,18.6,Trinbago Knight Riders,Jamaica Tallawahs,DJ Bravo,JPR Scantlebury-Searles,AD Russell,6,0,,,,,,,,,
1148658,2018,2018-08-19,Central Broward Regional Park Stadium Turf Ground,2,19.1,Trinbago Knight Riders,Jamaica Tallawahs,JPR Scantlebury-Searles,DJ Bravo,O Thomas,0,0,,,,,,,,,
1148658,2018,2018-08-19,Central Broward Regional Park Stadium Turf Ground,2,19.2,Trinbago Knight Riders,Jamaica Tallawahs,JPR Scantlebury-Searles,DJ Bravo,O Thomas,0,1,,,,1,,,,,
1148658,2018,2018-08-19,Central Broward Regional Park Stadium Turf Ground,2,19.3,Trinbago Knight Riders,Jamaica Tallawahs,DJ Bravo,JPR Scantlebury-Searles,O Thomas,0,0,,,,,,caught,DJ Bravo,,
1148658,2018,2018-08-19,Central Broward Regional Park Stadium Turf Ground,2,19.4,Trinbago Knight Riders,Jamaica Tallawahs,JPR Scantlebury-Searles,D Ramdin,O Thomas,0,0,,,,,,,,,
1148658,2018,2018-08-19,Central Broward Regional Park Stadium Turf Ground,2,19.5,Trinbago Knight Riders,Jamaica Tallawahs,JPR Scantlebury-Searles,D Ramdin,O Thomas,0,1,1,,,,,,,,
1148658,2018,2018-08-19,Central Broward Regional Park Stadium Turf Ground,2,19.6,Trinbago Knight Riders,Jamaica Tallawahs,JPR Scantlebury-Searles,D Ramdin,O Thomas,2,0,,,,,,,,,
1148658,2018,2018-08-19,Central Broward Regional Park Stadium Turf Ground,2,19.7,Trinbago Knight Riders,Jamaica Tallawahs,JPR Scantlebury-Searles,D Ramdin,O Thomas,4,0,,,,,,,,,
