match_id,season,start_date,venue,innings,ball,batting_team,bowling_team,striker,non_striker,bowler,runs_off_bat,extras,wides,noballs,byes,legbyes,penalty,wicket_type,player_dismissed,other_wicket_type,other_player_dismissed
1148680,2018,2018-09-16,"Brian Lara Stadium, Tarouba",1,0.1,Guyana Amazon Warriors,Trinbago Knight Riders,CS Delport,L Ronchi,Ali Khan,0,0,,,,,,bowled,CS Delport,,
1148680,2018,2018-09-16,"Brian Lara Stadium, Tarouba",1,0.2,Guyana Amazon Warriors,Trinbago Knight Riders,SO Hetmyer,L Ronchi,Ali Khan,0,1,,,,1,,,,,
1148680,2018,2018-09-16,"Brian Lara Stadium, Tarouba",1,0.3,Guyana Amazon Warriors,Trinbago Knight Riders,L Ronchi,SO Hetmyer,Ali Khan,0,0,,,,,,,,,
1148680,2018,2018-09-16,"Brian Lara Stadium, Tarouba",1,0.4,Guyana Amazon Warriors,Trinbago Knight Riders,L Ronchi,SO Hetmyer,Ali Khan,0,0,,,,,,,,,
1148680,2018,2018-09-16,"Brian Lara Stadium, Tarouba",1,0.5,Guyana Amazon Warriors,Trinbago Knight Riders,L Ronchi,SO Hetmyer,Ali Khan,1,0,,,,,,,,,
1148680,2018,2018-09-16,"Brian Lara Stadium, Tarouba",1,0.6,Guyana Amazon Warriors,Trinbago Knight Riders,SO Hetmyer,L Ronchi,Ali Khan,0,0,,,,,,,,,
1148680,2018,2018-09-16,"Brian Lara Stadium, Tarouba",1,1.1,Guyana Amazon Warriors,Trinbago Knight Riders,L Ronchi,SO Hetmyer,K Pierre,4,0,,,,,,,,,
1148680,2018,2018-09-16,"Brian Lara Stadium, Tarouba",1,1.2,Guyana Amazon Warriors,Trinbago Knight Riders,L Ronchi,SO Hetmyer,K Pierre,0,0,,,,,,,,,
1148680,2018,2018-09-16,"Brian Lara Stadium, Tarouba",1,1.3,Guyana Amazon Warriors,Trinbago Knight Riders,L Ronchi,SO Hetmyer,K Pierre,0,0,,,,,,,,,
1148680,2018,2018-09-16,"Brian Lara Stadium, Tarouba",1,1.4,Guyana Amazon Warriors,Trinbago Knight Riders,L Ronchi,SO Hetmyer,K Pierre,1,0,,,,,,,,,
1148680,2018,2018-09-16,"Brian Lara Stadium, Tarouba",1,1.5,Guyana Amazon Warriors,Trinbago Knight Riders,SO Hetmyer,L Ronchi,K Pierre,1,0,,,,,,,,,
1148680,2018,2018-09-16,"Brian Lara Stadium, Tarouba",1,1.6,Guyana Amazon Warriors,Trinbago Knight Riders,L Ronchi,SO Hetmyer,K Pierre,0,0,,,,,,,,,
1148680,2018,2018-09-16,"Brian Lara Stadium, Tarouba",1,2.1,Guyana Amazon Warriors,Trinbago Knight Riders,SO Hetmyer,L Ronchi,Ali Khan,4,0,,,,,,,,,
1148680,2018,2018-09-16,"Brian Lara Stadium, Tarouba",1,2.2,Guyana Amazon Warriors,Trinbago Knight Riders,SO Hetmyer,L Ronchi,Ali Khan,0,0,,,,,,,,,
1148680,2018,2018-09-16,"Brian Lara Stadium, Tarouba",1,2.3,Guyana Amazon Warriors,Trinbago Knight Riders,SO Hetmyer,L Ronchi,Ali Khan,1,0,,,,,,,,,
1148680,2018,2018-09-16,"Brian Lara Stadium, Tarouba",1,2.4,Guyana Amazon Warriors,Trinbago Knight Riders,L Ronchi,SO Hetmyer,Ali Khan,0,0,,,,,,,,,
1148680,2018,2018-09-16,"Brian Lara Stadium, Tarouba",1,2.5,Guyana Amazon Warriors,Trinbago Knight Riders,L Ronchi,SO Hetmyer,Ali Khan,4,0,,,,,,,,,
1148680,2018,2018-09-16,"Brian Lara Stadium, Tarouba",1,2.6,Guyana Amazon Warriors,Trinbago Knight Riders,L Ronchi,SO Hetmyer,Ali Khan,0,1,,,,1,,,,,
1148680,2018,2018-09-16,"Brian Lara Stadium, Tarouba",1,3.1,Guyana Amazon Warriors,Trinbago Knight Riders,L Ronchi,SO Hetmyer,K Pierre,6,0,,,,,,,,,
1148680,2018,2018-09-16,"Brian Lara Stadium, Tarouba",1,3.2,Guyana Amazon Warriors,Trinbago Knight Riders,L Ronchi,SO Hetmyer,K Pierre,4,0,,,,,,,,,
1148680,2018,2018-09-16,"Brian Lara Stadium, Tarouba",1,3.3,Guyana Amazon Warriors,Trinbago Knight Riders,L Ronchi,SO Hetmyer,K Pierre,0,0,,,,,,,,,
1148680,2018,2018-09-16,"Brian Lara Stadium, Tarouba",1,3.4,Guyana Amazon Warriors,Trinbago Knight Riders,L Ronchi,SO Hetmyer,K Pierre,1,0,,,,,,,,,
1148680,2018,2018-09-16,"Brian Lara Stadium, Tarouba",1,3.5,Guyana Amazon Warriors,Trinbago Knight Riders,SO Hetmyer,L Ronchi,K Pierre,1,0,,,,,,,,,
1148680,2018,2018-09-16,"Brian Lara Stadium, Tarouba",1,3.6,Guyana Amazon Warriors,Trinbago Knight Riders,L Ronchi,SO Hetmyer,K Pierre,3,0,,,,,,,,,
1148680,2018,2018-09-16,"Brian Lara Stadium, Tarouba",1,4.1,Guyana Amazon Warriors,Trinbago Knight Riders,L Ronchi,SO Hetmyer,Fawad Ahmed,4,0,,,,,,,,,
1148680,2018,2018-09-16,"Brian Lara Stadium, Tarouba",1,4.2,Guyana Amazon Warriors,Trinbago Knight Riders,L Ronchi,SO Hetmyer,Fawad Ahmed,0,0,,,,,,,,,
1148680,2018,2018-09-16,"Brian Lara Stadium, Tarouba",1,4.3,Guyana Amazon Warriors,Trinbago Knight Riders,L Ronchi,SO Hetmyer,Fawad Ahmed,1,0,,,,,,,,,
1148680,2018,2018-09-16,"Brian Lara Stadium, Tarouba",1,4.4,Guyana Amazon Warriors,Trinbago Knight Riders,SO Hetmyer,L Ronchi,Fawad Ahmed,1,0,,,,,,,,,
1148680,2018,2018-09-16,"Brian Lara Stadium, Tarouba",1,4.5,Guyana Amazon Warriors,Trinbago Knight Riders,L Ronchi,SO Hetmyer,Fawad Ahmed,0,0,,,,,,,,,
1148680,2018,2018-09-16,"Brian Lara Stadium, Tarouba",1,4.6,Guyana Amazon Warriors,Trinbago Knight Riders,L Ronchi,SO Hetmyer,Fawad Ahmed,1,0,,,,,,,,,
1148680,2018,2018-09-16,"Brian Lara Stadium, Tarouba",1,5.1,Guyana Amazon Warriors,Trinbago Knight Riders,L Ronchi,SO Hetmyer,DJ Bravo,0,0,,,,,,,,,
1148680,2018,2018-09-16,"Brian Lara Stadium, Tarouba",1,5.2,Guyana Amazon Warriors,Trinbago Knight Riders,L Ronchi,SO Hetmyer,DJ Bravo,1,0,,,,,,,,,
1148680,2018,2018-09-16,"Brian Lara Stadium, Tarouba",1,5.3,Guyana Amazon Warriors,Trinbago Knight Riders,SO Hetmyer,L Ronchi,DJ Bravo,1,0,,,,,,,,,
1148680,2018,2018-09-16,"Brian Lara Stadium, Tarouba",1,5.4,Guyana Amazon Warriors,Trinbago Knight Riders,L Ronchi,SO Hetmyer,DJ Bravo,4,0,,,,,,,,,
1148680,2018,2018-09-16,"Brian Lara Stadium, Tarouba",1,5.5,Guyana Amazon Warriors,Trinbago Knight Riders,L Ronchi,SO Hetmyer,DJ Bravo,0,0,,,,,,,,,
1148680,2018,2018-09-16,"Brian Lara Stadium, Tarouba",1,5.6,Guyana Amazon Warriors,Trinbago Knight Riders,L Ronchi,SO Hetmyer,DJ Bravo,0,0,,,,,,,,,
1148680,2018,2018-09-16,"Brian Lara Stadium, Tarouba",1,6.1,Guyana Amazon Warriors,Trinbago Knight Riders,SO Hetmyer,L Ronchi,Fawad Ahmed,6,0,,,,,,,,,
1148680,2018,2018-09-16,"Brian Lara Stadium, Tarouba",1,6.2,Guyana Amazon Warriors,Trinbago Knight Riders,SO Hetmyer,L Ronchi,Fawad Ahmed,0,0,,,,,,caught,SO Hetmyer,,
1148680,2018,2018-09-16,"Brian Lara Stadium, Tarouba",1,6.3,Guyana Amazon Warriors,Trinbago Knight Riders,JN Mohammed,L Ronchi,Fawad Ahmed,0,0,,,,,,,,,
1148680,2018,2018-09-16,"Brian Lara Stadium, Tarouba",1,6.4,Guyana Amazon Warriors,Trinbago Knight Riders,JN Mohammed,L Ronchi,Fawad Ahmed,0,0,,,,,,,,,
1148680,2018,2018-09-16,"Brian Lara Stadium, Tarouba",1,6.5,Guyana Amazon Warriors,Trinbago Knight Riders,JN Mohammed,L Ronchi,Fawad Ahmed,1,0,,,,,,,,,
1148680,2018,2018-09-16,"Brian Lara Stadium, Tarouba",1,6.6,Guyana Amazon Warriors,Trinbago Knight Riders,L Ronchi,JN Mohammed,Fawad Ahmed,1,0,,,,,,,,,
1148680,2018,2018-09-16,"Brian Lara Stadium, Tarouba",1,7.1,Guyana Amazon Warriors,Trinbago Knight Riders,L Ronchi,JN Mohammed,SP Narine,1,0,,,,,,,,,
1148680,2018,2018-09-16,"Brian Lara Stadium, Tarouba",1,7.2,Guyana Amazon Warriors,Trinbago Knight Riders,JN Mohammed,L Ronchi,SP Narine,1,0,,,,,,,,,
1148680,2018,2018-09-16,"Brian Lara Stadium, Tarouba",1,7.3,Guyana Amazon Warriors,Trinbago Knight Riders,L Ronchi,JN Mohammed,SP Narine,4,0,,,,,,,,,
1148680,2018,2018-09-16,"Brian Lara Stadium, Tarouba",1,7.4,Guyana Amazon Warriors,Trinbago Knight Riders,L Ronchi,JN Mohammed,SP Narine,1,0,,,,,,,,,
1148680,2018,2018-09-16,"Brian Lara Stadium, Tarouba",1,7.5,Guyana Amazon Warriors,Trinbago Knight Riders,JN Mohammed,L Ronchi,SP Narine,4,0,,,,,,,,,
1148680,2018,2018-09-16,"Brian Lara Stadium, Tarouba",1,7.6,Guyana Amazon Warriors,Trinbago Knight Riders,JN Mohammed,L Ronchi,SP Narine,0,0,,,,,,,,,
1148680,2018,2018-09-16,"Brian Lara Stadium, Tarouba",1,8.1,Guyana Amazon Warriors,Trinbago Knight Riders,L Ronchi,JN Mohammed,Fawad Ahmed,1,0,,,,,,,,,
1148680,2018,2018-09-16,"Brian Lara Stadium, Tarouba",1,8.2,Guyana Amazon Warriors,Trinbago Knight Riders,JN Mohammed,L Ronchi,Fawad Ahmed,1,0,,,,,,,,,
1148680,2018,2018-09-16,"Brian Lara Stadium, Tarouba",1,8.3,Guyana Amazon Warriors,Trinbago Knight Riders,L Ronchi,JN Mohammed,Fawad Ahmed,1,0,,,,,,,,,
1148680,2018,2018-09-16,"Brian Lara Stadium, Tarouba",1,8.4,Guyana Amazon Warriors,Trinbago Knight Riders,JN Mohammed,L Ronchi,Fawad Ahmed,0,0,,,,,,,,,
1148680,2018,2018-09-16,"Brian Lara Stadium, Tarouba",1,8.5,Guyana Amazon Warriors,Trinbago Knight Riders,JN Mohammed,L Ronchi,Fawad Ahmed,4,0,,,,,,,,,
1148680,2018,2018-09-16,"Brian Lara Stadium, Tarouba",1,8.6,Guyana Amazon Warriors,Trinbago Knight Riders,JN Mohammed,L Ronchi,Fawad Ahmed,1,0,,,,,,,,,
1148680,2018,2018-09-16,"Brian Lara Stadium, Tarouba",1,9.1,Guyana Amazon Warriors,Trinbago Knight Riders,JN Mohammed,L Ronchi,SP Narine,0,0,,,,,,,,,
1148680,2018,2018-09-16,"Brian Lara Stadium, Tarouba",1,9.2,Guyana Amazon Warriors,Trinbago Knight Riders,JN Mohammed,L Ronchi,SP Narine,0,0,,,,,,,,,
1148680,2018,2018-09-16,"Brian Lara Stadium, Tarouba",1,9.3,Guyana Amazon Warriors,Trinbago Knight Riders,JN Mohammed,L Ronchi,SP Narine,4,0,,,,,,,,,
1148680,2018,2018-09-16,"Brian Lara Stadium, Tarouba",1,9.4,Guyana Amazon Warriors,Trinbago Knight Riders,JN Mohammed,L Ronchi,SP Narine,1,0,,,,,,,,,
1148680,2018,2018-09-16,"Brian Lara Stadium, Tarouba",1,9.5,Guyana Amazon Warriors,Trinbago Knight Riders,L Ronchi,JN Mohammed,SP Narine,0,0,,,,,,,,,
1148680,2018,2018-09-16,"Brian Lara Stadium, Tarouba",1,9.6,Guyana Amazon Warriors,Trinbago Knight Riders,L Ronchi,JN Mohammed,SP Narine,0,0,,,,,,,,,
1148680,2018,2018-09-16,"Brian Lara Stadium, Tarouba",1,10.1,Guyana Amazon Warriors,Trinbago Knight Riders,JN Mohammed,L Ronchi,K Pierre,1,0,,,,,,,,,
1148680,2018,2018-09-16,"Brian Lara Stadium, Tarouba",1,10.2,Guyana Amazon Warriors,Trinbago Knight Riders,L Ronchi,JN Mohammed,K Pierre,0,0,,,,,,caught,L Ronchi,,
1148680,2018,2018-09-16,"Brian Lara Stadium, Tarouba",1,10.3,Guyana Amazon Warriors,Trinbago Knight Riders,CAK Walton,JN Mohammed,K Pierre,1,0,,,,,,,,,
1148680,2018,2018-09-16,"Brian Lara Stadium, Tarouba",1,10.4,Guyana Amazon Warriors,Trinbago Knight Riders,JN Mohammed,CAK Walton,K Pierre,1,0,,,,,,,,,
1148680,2018,2018-09-16,"Brian Lara Stadium, Tarouba",1,10.5,Guyana Amazon Warriors,Trinbago Knight Riders,CAK Walton,JN Mohammed,K Pierre,0,0,,,,,,caught,CAK Walton,,
1148680,2018,2018-09-16,"Brian Lara Stadium, Tarouba",1,10.6,Guyana Amazon Warriors,Trinbago Knight Riders,SE Rutherford,JN Mohammed,K Pierre,1,0,,,,,,,,,
1148680,2018,2018-09-16,"Brian Lara Stadium, Tarouba",1,11.1,Guyana Amazon Warriors,Trinbago Knight Riders,SE Rutherford,JN Mohammed,SP Narine,0,0,,,,,,,,,
1148680,2018,2018-09-16,"Brian Lara Stadium, Tarouba",1,11.2,Guyana Amazon Warriors,Trinbago Knight Riders,SE Rutherford,JN Mohammed,SP Narine,0,0,,,,,,,,,
1148680,2018,2018-09-16,"Brian Lara Stadium, Tarouba",1,11.3,Guyana Amazon Warriors,Trinbago Knight Riders,SE Rutherford,JN Mohammed,SP Narine,6,0,,,,,,,,,
1148680,2018,2018-09-16,"Brian Lara Stadium, Tarouba",1,11.4,Guyana Amazon Warriors,Trinbago Knight Riders,SE Rutherford,JN Mohammed,SP Narine,1,0,,,,,,,,,
1148680,2018,2018-09-16,"Brian Lara Stadium, Tarouba",1,11.5,Guyana Amazon Warriors,Trinbago Knight Riders,JN Mohammed,SE Rutherford,SP Narine,1,0,,,,,,,,,
1148680,2018,2018-09-16,"Brian Lara Stadium, Tarouba",1,11.6,Guyana Amazon Warriors,Trinbago Knight Riders,SE Rutherford,JN Mohammed,SP Narine,4,0,,,,,,,,,
1148680,2018,2018-09-16,"Brian Lara Stadium, Tarouba",1,12.1,Guyana Amazon Warriors,Trinbago Knight Riders,JN Mohammed,SE Rutherford,K Pierre,1,0,,,,,,,,,
1148680,2018,2018-09-16,"Brian Lara Stadium, Tarouba",1,12.2,Guyana Amazon Warriors,Trinbago Knight Riders,SE Rutherford,JN Mohammed,K Pierre,0,0,,,,,,caught and bowled,SE Rutherford,,
1148680,2018,2018-09-16,"Brian Lara Stadium, Tarouba",1,12.3,Guyana Amazon Warriors,Trinbago Knight Riders,Sohail Tanvir,JN Mohammed,K Pierre,0,0,,,,,,,,,
1148680,2018,2018-09-16,"Brian Lara Stadium, Tarouba",1,12.4,Guyana Amazon Warriors,Trinbago Knight Riders,Sohail Tanvir,JN Mohammed,K Pierre,1,0,,,,,,,,,
1148680,2018,2018-09-16,"Brian Lara Stadium, Tarouba",1,12.5,Guyana Amazon Warriors,Trinbago Knight Riders,JN Mohammed,Sohail Tanvir,K Pierre,1,0,,,,,,,,,
1148680,2018,2018-09-16,"Brian Lara Stadium, Tarouba",1,12.6,Guyana Amazon Warriors,Trinbago Knight Riders,Sohail Tanvir,JN Mohammed,K Pierre,1,0,,,,,,,,,
1148680,2018,2018-09-16,"Brian Lara Stadium, Tarouba",1,13.1,Guyana Amazon Warriors,Trinbago Knight Riders,Sohail Tanvir,JN Mohammed,SP Narine,0,0,,,,,,,,,
1148680,2018,2018-09-16,"Brian Lara Stadium, Tarouba",1,13.2,Guyana Amazon Warriors,Trinbago Knight Riders,Sohail Tanvir,JN Mohammed,SP Narine,1,0,,,,,,,,,
1148680,2018,2018-09-16,"Brian Lara Stadium, Tarouba",1,13.3,Guyana Amazon Warriors,Trinbago Knight Riders,JN Mohammed,Sohail Tanvir,SP Narine,0,1,1,,,,,,,,
1148680,2018,2018-09-16,"Brian Lara Stadium, Tarouba",1,13.4,Guyana Amazon Warriors,Trinbago Knight Riders,JN Mohammed,Sohail Tanvir,SP Narine,1,0,,,,,,,,,
1148680,2018,2018-09-16,"Brian Lara Stadium, Tarouba",1,13.5,Guyana Amazon Warriors,Trinbago Knight Riders,Sohail Tanvir,JN Mohammed,SP Narine,0,0,,,,,,caught,Sohail Tanvir,,
1148680,2018,2018-09-16,"Brian Lara Stadium, Tarouba",1,13.6,Guyana Amazon Warriors,Trinbago Knight Riders,CJ Green,JN Mohammed,SP Narine,0,0,,,,,,,,,
1148680,2018,2018-09-16,"Brian Lara Stadium, Tarouba",1,13.7,Guyana Amazon Warriors,Trinbago Knight Riders,CJ Green,JN Mohammed,SP Narine,0,0,,,,,,,,,
1148680,2018,2018-09-16,"Brian Lara Stadium, Tarouba",1,14.1,Guyana Amazon Warriors,Trinbago Knight Riders,JN Mohammed,CJ Green,Fawad Ahmed,1,0,,,,,,,,,
1148680,2018,2018-09-16,"Brian Lara Stadium, Tarouba",1,14.2,Guyana Amazon Warriors,Trinbago Knight Riders,CJ Green,JN Mohammed,Fawad Ahmed,4,0,,,,,,,,,
1148680,2018,2018-09-16,"Brian Lara Stadium, Tarouba",1,14.3,Guyana Amazon Warriors,Trinbago Knight Riders,CJ Green,JN Mohammed,Fawad Ahmed,0,0,,,,,,,,,
1148680,2018,2018-09-16,"Brian Lara Stadium, Tarouba",1,14.4,Guyana Amazon Warriors,Trinbago Knight Riders,CJ Green,JN Mohammed,Fawad Ahmed,1,0,,,,,,,,,
1148680,2018,2018-09-16,"Brian Lara Stadium, Tarouba",1,14.5,Guyana Amazon Warriors,Trinbago Knight Riders,JN Mohammed,CJ Green,Fawad Ahmed,0,1,,,,1,,,,,
1148680,2018,2018-09-16,"Brian Lara Stadium, Tarouba",1,14.6,Guyana Amazon Warriors,Trinbago Knight Riders,CJ Green,JN Mohammed,Fawad Ahmed,0,0,,,,,,,,,
1148680,2018,2018-09-16,"Brian Lara Stadium, Tarouba",1,15.1,Guyana Amazon Warriors,Trinbago Knight Riders,JN Mohammed,CJ Green,DJ Bravo,0,0,,,,,,caught,JN Mohammed,,
1148680,2018,2018-09-16,"Brian Lara Stadium, Tarouba",1,15.2,Guyana Amazon Warriors,Trinbago Knight Riders,R Shepherd,CJ Green,DJ Bravo,1,0,,,,,,,,,
1148680,2018,2018-09-16,"Brian Lara Stadium, Tarouba",1,15.3,Guyana Amazon Warriors,Trinbago Knight Riders,CJ Green,R Shepherd,DJ Bravo,0,0,,,,,,caught,CJ Green,,
1148680,2018,2018-09-16,"Brian Lara Stadium, Tarouba",1,15.4,Guyana Amazon Warriors,Trinbago Knight Riders,R Shepherd,RR Emrit,DJ Bravo,2,0,,,,,,,,,
1148680,2018,2018-09-16,"Brian Lara Stadium, Tarouba",1,15.5,Guyana Amazon Warriors,Trinbago Knight Riders,R Shepherd,RR Emrit,DJ Bravo,0,1,,,,1,,,,,
1148680,2018,2018-09-16,"Brian Lara Stadium, Tarouba",1,15.6,Guyana Amazon Warriors,Trinbago Knight Riders,RR Emrit,R Shepherd,DJ Bravo,1,0,,,,,,,,,
1148680,2018,2018-09-16,"Brian Lara Stadium, Tarouba",1,16.1,Guyana Amazon Warriors,Trinbago Knight Riders,RR Emrit,R Shepherd,Ali Khan,1,0,,,,,,,,,
1148680,2018,2018-09-16,"Brian Lara Stadium, Tarouba",1,16.2,Guyana Amazon Warriors,Trinbago Knight Riders,R Shepherd,RR Emrit,Ali Khan,0,0,,,,,,,,,
1148680,2018,2018-09-16,"Brian Lara Stadium, Tarouba",1,16.3,Guyana Amazon Warriors,Trinbago Knight Riders,R Shepherd,RR Emrit,Ali Khan,1,0,,,,,,,,,
1148680,2018,2018-09-16,"Brian Lara Stadium, Tarouba",1,16.4,Guyana Amazon Warriors,Trinbago Knight Riders,RR Emrit,R Shepherd,Ali Khan,1,0,,,,,,,,,
1148680,2018,2018-09-16,"Brian Lara Stadium, Tarouba",1,16.5,Guyana Amazon Warriors,Trinbago Knight Riders,R Shepherd,RR Emrit,Ali Khan,1,0,,,,,,,,,
1148680,2018,2018-09-16,"Brian Lara Stadium, Tarouba",1,16.6,Guyana Amazon Warriors,Trinbago Knight Riders,RR Emrit,R Shepherd,Ali Khan,1,0,,,,,,,,,
1148680,2018,2018-09-16,"Brian Lara Stadium, Tarouba",1,17.1,Guyana Amazon Warriors,Trinbago Knight Riders,RR Emrit,R Shepherd,DJ Bravo,1,0,,,,,,,,,
1148680,2018,2018-09-16,"Brian Lara Stadium, Tarouba",1,17.2,Guyana Amazon Warriors,Trinbago Knight Riders,R Shepherd,RR Emrit,DJ Bravo,4,0,,,,,,,,,
1148680,2018,2018-09-16,"Brian Lara Stadium, Tarouba",1,17.3,Guyana Amazon Warriors,Trinbago Knight Riders,R Shepherd,RR Emrit,DJ Bravo,1,0,,,,,,,,,
1148680,2018,2018-09-16,"Brian Lara Stadium, Tarouba",1,17.4,Guyana Amazon Warriors,Trinbago Knight Riders,RR Emrit,R Shepherd,DJ Bravo,0,0,,,,,,,,,
1148680,2018,2018-09-16,"Brian Lara Stadium, Tarouba",1,17.5,Guyana Amazon Warriors,Trinbago Knight Riders,RR Emrit,R Shepherd,DJ Bravo,2,0,,,,,,,,,
1148680,2018,2018-09-16,"Brian Lara Stadium, Tarouba",1,17.6,Guyana Amazon Warriors,Trinbago Knight Riders,RR Emrit,R Shepherd,DJ Bravo,1,0,,,,,,,,,
1148680,2018,2018-09-16,"Brian Lara Stadium, Tarouba",1,18.1,Guyana Amazon Warriors,Trinbago Knight Riders,RR Emrit,R Shepherd,Ali Khan,0,1,1,,,,,,,,
1148680,2018,2018-09-16,"Brian Lara Stadium, Tarouba",1,18.2,Guyana Amazon Warriors,Trinbago Knight Riders,RR Emrit,R Shepherd,Ali Khan,0,1,,,,1,,,,,
1148680,2018,2018-09-16,"Brian Lara Stadium, Tarouba",1,18.3,Guyana Amazon Warriors,Trinbago Knight Riders,R Shepherd,RR Emrit,Ali Khan,0,1,,,,1,,,,,
1148680,2018,2018-09-16,"Brian Lara Stadium, Tarouba",1,18.4,Guyana Amazon Warriors,Trinbago Knight Riders,RR Emrit,R Shepherd,Ali Khan,0,0,,,,,,,,,
1148680,2018,2018-09-16,"Brian Lara Stadium, Tarouba",1,18.5,Guyana Amazon Warriors,Trinbago Knight Riders,RR Emrit,R Shepherd,Ali Khan,4,0,,,,,,,,,
1148680,2018,2018-09-16,"Brian Lara Stadium, Tarouba",1,18.6,Guyana Amazon Warriors,Trinbago Knight Riders,RR Emrit,R Shepherd,Ali Khan,0,0,,,,,,run out,R Shepherd,,
1148680,2018,2018-09-16,"Brian Lara Stadium, Tarouba",1,18.7,Guyana Amazon Warriors,Trinbago Knight Riders,Imran Tahir,RR Emrit,Ali Khan,0,0,,,,,,,,,
1148680,2018,2018-09-16,"Brian Lara Stadium, Tarouba",1,19.1,Guyana Amazon Warriors,Trinbago Knight Riders,RR Emrit,Imran Tahir,DJ Bravo,0,1,1,,,,,,,,
1148680,2018,2018-09-16,"Brian Lara Stadium, Tarouba",1,19.2,Guyana Amazon Warriors,Trinbago Knight Riders,RR Emrit,Imran Tahir,DJ Bravo,1,0,,,,,,,,,
1148680,2018,2018-09-16,"Brian Lara Stadium, Tarouba",1,19.3,Guyana Amazon Warriors,Trinbago Knight Riders,Imran Tahir,RR Emrit,DJ Bravo,1,0,,,,,,,,,
1148680,2018,2018-09-16,"Brian Lara Stadium, Tarouba",1,19.4,Guyana Amazon Warriors,Trinbago Knight Riders,RR Emrit,Imran Tahir,DJ Bravo,1,0,,,,,,,,,
1148680,2018,2018-09-16,"Brian Lara Stadium, Tarouba",1,19.5,Guyana Amazon Warriors,Trinbago Knight Riders,Imran Tahir,RR Emrit,DJ Bravo,6,0,,,,,,,,,
1148680,2018,2018-09-16,"Brian Lara Stadium, Tarouba",1,19.6,Guyana Amazon Warriors,Trinbago Knight Riders,Imran Tahir,RR Emrit,DJ Bravo,1,0,,,,,,,,,
1148680,2018,2018-09-16,"Brian Lara Stadium, Tarouba",1,19.7,Guyana Amazon Warriors,Trinbago Knight Riders,RR Emrit,Imran Tahir,DJ Bravo,0,2,,,2,,,,,,
1148680,2018,2018-09-16,"Brian Lara Stadium, Tarouba",2,0.1,Trinbago Knight Riders,Guyana Amazon Warriors,D Ramdin,BB McCullum,Sohail Tanvir,1,0,,,,,,,,,
1148680,2018,2018-09-16,"Brian Lara Stadium, Tarouba",2,0.2,Trinbago Knight Riders,Guyana Amazon Warriors,BB McCullum,D Ramdin,Sohail Tanvir,0,0,,,,,,,,,
1148680,2018,2018-09-16,"Brian Lara Stadium, Tarouba",2,0.3,Trinbago Knight Riders,Guyana Amazon Warriors,BB McCullum,D Ramdin,Sohail Tanvir,0,0,,,,,,,,,
1148680,2018,2018-09-16,"Brian Lara Stadium, Tarouba",2,0.4,Trinbago Knight Riders,Guyana Amazon Warriors,BB McCullum,D Ramdin,Sohail Tanvir,0,0,,,,,,,,,
1148680,2018,2018-09-16,"Brian Lara Stadium, Tarouba",2,0.5,Trinbago Knight Riders,Guyana Amazon Warriors,BB McCullum,D Ramdin,Sohail Tanvir,0,0,,,,,,,,,
1148680,2018,2018-09-16,"Brian Lara Stadium, Tarouba",2,0.6,Trinbago Knight Riders,Guyana Amazon Warriors,BB McCullum,D Ramdin,Sohail Tanvir,4,0,,,,,,,,,
1148680,2018,2018-09-16,"Brian Lara Stadium, Tarouba",2,1.1,Trinbago Knight Riders,Guyana Amazon Warriors,D Ramdin,BB McCullum,CJ Green,1,0,,,,,,,,,
1148680,2018,2018-09-16,"Brian Lara Stadium, Tarouba",2,1.2,Trinbago Knight Riders,Guyana Amazon Warriors,BB McCullum,D Ramdin,CJ Green,4,0,,,,,,,,,
1148680,2018,2018-09-16,"Brian Lara Stadium, Tarouba",2,1.3,Trinbago Knight Riders,Guyana Amazon Warriors,BB McCullum,D Ramdin,CJ Green,4,0,,,,,,,,,
1148680,2018,2018-09-16,"Brian Lara Stadium, Tarouba",2,1.4,Trinbago Knight Riders,Guyana Amazon Warriors,BB McCullum,D Ramdin,CJ Green,0,0,,,,,,,,,
1148680,2018,2018-09-16,"Brian Lara Stadium, Tarouba",2,1.5,Trinbago Knight Riders,Guyana Amazon Warriors,BB McCullum,D Ramdin,CJ Green,1,0,,,,,,,,,
1148680,2018,2018-09-16,"Brian Lara Stadium, Tarouba",2,1.6,Trinbago Knight Riders,Guyana Amazon Warriors,D Ramdin,BB McCullum,CJ Green,1,0,,,,,,,,,
1148680,2018,2018-09-16,"Brian Lara Stadium, Tarouba",2,2.1,Trinbago Knight Riders,Guyana Amazon Warriors,D Ramdin,BB McCullum,Sohail Tanvir,0,1,,,,1,,,,,
1148680,2018,2018-09-16,"Brian Lara Stadium, Tarouba",2,2.2,Trinbago Knight Riders,Guyana Amazon Warriors,BB McCullum,D Ramdin,Sohail Tanvir,0,0,,,,,,,,,
1148680,2018,2018-09-16,"Brian Lara Stadium, Tarouba",2,2.3,Trinbago Knight Riders,Guyana Amazon Warriors,BB McCullum,D Ramdin,Sohail Tanvir,4,0,,,,,,,,,
1148680,2018,2018-09-16,"Brian Lara Stadium, Tarouba",2,2.4,Trinbago Knight Riders,Guyana Amazon Warriors,BB McCullum,D Ramdin,Sohail Tanvir,1,0,,,,,,,,,
1148680,2018,2018-09-16,"Brian Lara Stadium, Tarouba",2,2.5,Trinbago Knight Riders,Guyana Amazon Warriors,D Ramdin,BB McCullum,Sohail Tanvir,0,0,,,,,,,,,
1148680,2018,2018-09-16,"Brian Lara Stadium, Tarouba",2,2.6,Trinbago Knight Riders,Guyana Amazon Warriors,D Ramdin,BB McCullum,Sohail Tanvir,1,0,,,,,,,,,
1148680,2018,2018-09-16,"Brian Lara Stadium, Tarouba",2,3.1,Trinbago Knight Riders,Guyana Amazon Warriors,D Ramdin,BB McCullum,Imran Tahir,0,0,,,,,,,,,
1148680,2018,2018-09-16,"Brian Lara Stadium, Tarouba",2,3.2,Trinbago Knight Riders,Guyana Amazon Warriors,D Ramdin,BB McCullum,Imran Tahir,1,0,,,,,,,,,
1148680,2018,2018-09-16,"Brian Lara Stadium, Tarouba",2,3.3,Trinbago Knight Riders,Guyana Amazon Warriors,BB McCullum,D Ramdin,Imran Tahir,1,0,,,,,,,,,
1148680,2018,2018-09-16,"Brian Lara Stadium, Tarouba",2,3.4,Trinbago Knight Riders,Guyana Amazon Warriors,D Ramdin,BB McCullum,Imran Tahir,2,0,,,,,,,,,
1148680,2018,2018-09-16,"Brian Lara Stadium, Tarouba",2,3.5,Trinbago Knight Riders,Guyana Amazon Warriors,D Ramdin,BB McCullum,Imran Tahir,0,0,,,,,,,,,
1148680,2018,2018-09-16,"Brian Lara Stadium, Tarouba",2,3.6,Trinbago Knight Riders,Guyana Amazon Warriors,D Ramdin,BB McCullum,Imran Tahir,0,0,,,,,,,,,
1148680,2018,2018-09-16,"Brian Lara Stadium, Tarouba",2,4.1,Trinbago Knight Riders,Guyana Amazon Warriors,BB McCullum,D Ramdin,RR Emrit,4,0,,,,,,,,,
1148680,2018,2018-09-16,"Brian Lara Stadium, Tarouba",2,4.2,Trinbago Knight Riders,Guyana Amazon Warriors,BB McCullum,D Ramdin,RR Emrit,0,0,,,,,,,,,
1148680,2018,2018-09-16,"Brian Lara Stadium, Tarouba",2,4.3,Trinbago Knight Riders,Guyana Amazon Warriors,BB McCullum,D Ramdin,RR Emrit,1,0,,,,,,,,,
1148680,2018,2018-09-16,"Brian Lara Stadium, Tarouba",2,4.4,Trinbago Knight Riders,Guyana Amazon Warriors,D Ramdin,BB McCullum,RR Emrit,1,0,,,,,,,,,
1148680,2018,2018-09-16,"Brian Lara Stadium, Tarouba",2,4.5,Trinbago Knight Riders,Guyana Amazon Warriors,BB McCullum,D Ramdin,RR Emrit,0,0,,,,,,,,,
1148680,2018,2018-09-16,"Brian Lara Stadium, Tarouba",2,4.6,Trinbago Knight Riders,Guyana Amazon Warriors,BB McCullum,D Ramdin,RR Emrit,1,0,,,,,,,,,
1148680,2018,2018-09-16,"Brian Lara Stadium, Tarouba",2,5.1,Trinbago Knight Riders,Guyana Amazon Warriors,BB McCullum,D Ramdin,R Shepherd,1,0,,,,,,,,,
1148680,2018,2018-09-16,"Brian Lara Stadium, Tarouba",2,5.2,Trinbago Knight Riders,Guyana Amazon Warriors,D Ramdin,BB McCullum,R Shepherd,0,1,1,,,,,,,,
1148680,2018,2018-09-16,"Brian Lara Stadium, Tarouba",2,5.3,Trinbago Knight Riders,Guyana Amazon Warriors,D Ramdin,BB McCullum,R Shepherd,0,0,,,,,,,,,
1148680,2018,2018-09-16,"Brian Lara Stadium, Tarouba",2,5.4,Trinbago Knight Riders,Guyana Amazon Warriors,D Ramdin,BB McCullum,R Shepherd,1,0,,,,,,,,,
1148680,2018,2018-09-16,"Brian Lara Stadium, Tarouba",2,5.5,Trinbago Knight Riders,Guyana Amazon Warriors,BB McCullum,D Ramdin,R Shepherd,6,0,,,,,,,,,
1148680,2018,2018-09-16,"Brian Lara Stadium, Tarouba",2,5.6,Trinbago Knight Riders,Guyana Amazon Warriors,BB McCullum,D Ramdin,R Shepherd,6,0,,,,,,,,,
1148680,2018,2018-09-16,"Brian Lara Stadium, Tarouba",2,5.7,Trinbago Knight Riders,Guyana Amazon Warriors,BB McCullum,D Ramdin,R Shepherd,0,0,,,,,,,,,
1148680,2018,2018-09-16,"Brian Lara Stadium, Tarouba",2,6.1,Trinbago Knight Riders,Guyana Amazon Warriors,D Ramdin,BB McCullum,CJ Green,1,0,,,,,,,,,
1148680,2018,2018-09-16,"Brian Lara Stadium, Tarouba",2,6.2,Trinbago Knight Riders,Guyana Amazon Warriors,BB McCullum,D Ramdin,CJ Green,1,0,,,,,,,,,
1148680,2018,2018-09-16,"Brian Lara Stadium, Tarouba",2,6.3,Trinbago Knight Riders,Guyana Amazon Warriors,D Ramdin,BB McCullum,CJ Green,1,0,,,,,,,,,
1148680,2018,2018-09-16,"Brian Lara Stadium, Tarouba",2,6.4,Trinbago Knight Riders,Guyana Amazon Warriors,BB McCullum,D Ramdin,CJ Green,0,0,,,,,,caught,BB McCullum,,
1148680,2018,2018-09-16,"Brian Lara Stadium, Tarouba",2,6.5,Trinbago Knight Riders,Guyana Amazon Warriors,C Munro,D Ramdin,CJ Green,1,0,,,,,,,,,
1148680,2018,2018-09-16,"Brian Lara Stadium, Tarouba",2,6.6,Trinbago Knight Riders,Guyana Amazon Warriors,D Ramdin,C Munro,CJ Green,1,0,,,,,,,,,
1148680,2018,2018-09-16,"Brian Lara Stadium, Tarouba",2,7.1,Trinbago Knight Riders,Guyana Amazon Warriors,D Ramdin,C Munro,Imran Tahir,1,0,,,,,,,,,
1148680,2018,2018-09-16,"Brian Lara Stadium, Tarouba",2,7.2,Trinbago Knight Riders,Guyana Amazon Warriors,C Munro,D Ramdin,Imran Tahir,1,0,,,,,,,,,
1148680,2018,2018-09-16,"Brian Lara Stadium, Tarouba",2,7.3,Trinbago Knight Riders,Guyana Amazon Warriors,D Ramdin,C Munro,Imran Tahir,1,0,,,,,,,,,
1148680,2018,2018-09-16,"Brian Lara Stadium, Tarouba",2,7.4,Trinbago Knight Riders,Guyana Amazon Warriors,C Munro,D Ramdin,Imran Tahir,1,0,,,,,,,,,
1148680,2018,2018-09-16,"Brian Lara Stadium, Tarouba",2,7.5,Trinbago Knight Riders,Guyana Amazon Warriors,D Ramdin,C Munro,Imran Tahir,1,0,,,,,,,,,
1148680,2018,2018-09-16,"Brian Lara Stadium, Tarouba",2,7.6,Trinbago Knight Riders,Guyana Amazon Warriors,C Munro,D Ramdin,Imran Tahir,1,0,,,,,,,,,
1148680,2018,2018-09-16,"Brian Lara Stadium, Tarouba",2,8.1,Trinbago Knight Riders,Guyana Amazon Warriors,C Munro,D Ramdin,CJ Green,1,0,,,,,,,,,
1148680,2018,2018-09-16,"Brian Lara Stadium, Tarouba",2,8.2,Trinbago Knight Riders,Guyana Amazon Warriors,D Ramdin,C Munro,CJ Green,1,0,,,,,,,,,
1148680,2018,2018-09-16,"Brian Lara Stadium, Tarouba",2,8.3,Trinbago Knight Riders,Guyana Amazon Warriors,C Munro,D Ramdin,CJ Green,1,0,,,,,,,,,
1148680,2018,2018-09-16,"Brian Lara Stadium, Tarouba",2,8.4,Trinbago Knight Riders,Guyana Amazon Warriors,D Ramdin,C Munro,CJ Green,1,0,,,,,,,,,
1148680,2018,2018-09-16,"Brian Lara Stadium, Tarouba",2,8.5,Trinbago Knight Riders,Guyana Amazon Warriors,C Munro,D Ramdin,CJ Green,1,0,,,,,,,,,
1148680,2018,2018-09-16,"Brian Lara Stadium, Tarouba",2,8.6,Trinbago Knight Riders,Guyana Amazon Warriors,D Ramdin,C Munro,CJ Green,1,0,,,,,,,,,
1148680,2018,2018-09-16,"Brian Lara Stadium, Tarouba",2,9.1,Trinbago Knight Riders,Guyana Amazon Warriors,D Ramdin,C Munro,RR Emrit,1,0,,,,,,,,,
1148680,2018,2018-09-16,"Brian Lara Stadium, Tarouba",2,9.2,Trinbago Knight Riders,Guyana Amazon Warriors,C Munro,D Ramdin,RR Emrit,4,0,,,,,,,,,
1148680,2018,2018-09-16,"Brian Lara Stadium, Tarouba",2,9.3,Trinbago Knight Riders,Guyana Amazon Warriors,C Munro,D Ramdin,RR Emrit,1,0,,,,,,,,,
1148680,2018,2018-09-16,"Brian Lara Stadium, Tarouba",2,9.4,Trinbago Knight Riders,Guyana Amazon Warriors,D Ramdin,C Munro,RR Emrit,1,0,,,,,,,,,
1148680,2018,2018-09-16,"Brian Lara Stadium, Tarouba",2,9.5,Trinbago Knight Riders,Guyana Amazon Warriors,C Munro,D Ramdin,RR Emrit,2,0,,,,,,,,,
1148680,2018,2018-09-16,"Brian Lara Stadium, Tarouba",2,9.6,Trinbago Knight Riders,Guyana Amazon Warriors,C Munro,D Ramdin,RR Emrit,4,0,,,,,,,,,
1148680,2018,2018-09-16,"Brian Lara Stadium, Tarouba",2,10.1,Trinbago Knight Riders,Guyana Amazon Warriors,D Ramdin,C Munro,Imran Tahir,0,0,,,,,,,,,
1148680,2018,2018-09-16,"Brian Lara Stadium, Tarouba",2,10.2,Trinbago Knight Riders,Guyana Amazon Warriors,D Ramdin,C Munro,Imran Tahir,1,0,,,,,,,,,
1148680,2018,2018-09-16,"Brian Lara Stadium, Tarouba",2,10.3,Trinbago Knight Riders,Guyana Amazon Warriors,C Munro,D Ramdin,Imran Tahir,0,0,,,,,,,,,
1148680,2018,2018-09-16,"Brian Lara Stadium, Tarouba",2,10.4,Trinbago Knight Riders,Guyana Amazon Warriors,C Munro,D Ramdin,Imran Tahir,1,0,,,,,,,,,
1148680,2018,2018-09-16,"Brian Lara Stadium, Tarouba",2,10.5,Trinbago Knight Riders,Guyana Amazon Warriors,D Ramdin,C Munro,Imran Tahir,1,0,,,,,,,,,
1148680,2018,2018-09-16,"Brian Lara Stadium, Tarouba",2,10.6,Trinbago Knight Riders,Guyana Amazon Warriors,C Munro,D Ramdin,Imran Tahir,1,0,,,,,,,,,
1148680,2018,2018-09-16,"Brian Lara Stadium, Tarouba",2,11.1,Trinbago Knight Riders,Guyana Amazon Warriors,C Munro,D Ramdin,R Shepherd,0,0,,,,,,,,,
1148680,2018,2018-09-16,"Brian Lara Stadium, Tarouba",2,11.2,Trinbago Knight Riders,Guyana Amazon Warriors,C Munro,D Ramdin,R Shepherd,0,1,1,,,,,,,,
1148680,2018,2018-09-16,"Brian Lara Stadium, Tarouba",2,11.3,Trinbago Knight Riders,Guyana Amazon Warriors,C Munro,D Ramdin,R Shepherd,1,0,,,,,,,,,
1148680,2018,2018-09-16,"Brian Lara Stadium, Tarouba",2,11.4,Trinbago Knight Riders,Guyana Amazon Warriors,D Ramdin,C Munro,R Shepherd,2,0,,,,,,,,,
1148680,2018,2018-09-16,"Brian Lara Stadium, Tarouba",2,11.5,Trinbago Knight Riders,Guyana Amazon Warriors,D Ramdin,C Munro,R Shepherd,0,0,,,,,,hit wicket,D Ramdin,,
1148680,2018,2018-09-16,"Brian Lara Stadium, Tarouba",2,11.6,Trinbago Knight Riders,Guyana Amazon Warriors,DM Bravo,C Munro,R Shepherd,0,0,,,,,,,,,
1148680,2018,2018-09-16,"Brian Lara Stadium, Tarouba",2,11.7,Trinbago Knight Riders,Guyana Amazon Warriors,DM Bravo,C Munro,R Shepherd,0,1,1,,,,,,,,
1148680,2018,2018-09-16,"Brian Lara Stadium, Tarouba",2,11.8,Trinbago Knight Riders,Guyana Amazon Warriors,DM Bravo,C Munro,R Shepherd,0,0,,,,,,,,,
1148680,2018,2018-09-16,"Brian Lara Stadium, Tarouba",2,12.1,Trinbago Knight Riders,Guyana Amazon Warriors,C Munro,DM Bravo,CJ Green,1,0,,,,,,,,,
1148680,2018,2018-09-16,"Brian Lara Stadium, Tarouba",2,12.2,Trinbago Knight Riders,Guyana Amazon Warriors,DM Bravo,C Munro,CJ Green,0,0,,,,,,,,,
1148680,2018,2018-09-16,"Brian Lara Stadium, Tarouba",2,12.3,Trinbago Knight Riders,Guyana Amazon Warriors,DM Bravo,C Munro,CJ Green,1,0,,,,,,,,,
1148680,2018,2018-09-16,"Brian Lara Stadium, Tarouba",2,12.4,Trinbago Knight Riders,Guyana Amazon Warriors,C Munro,DM Bravo,CJ Green,1,0,,,,,,,,,
1148680,2018,2018-09-16,"Brian Lara Stadium, Tarouba",2,12.5,Trinbago Knight Riders,Guyana Amazon Warriors,DM Bravo,C Munro,CJ Green,1,0,,,,,,,,,
1148680,2018,2018-09-16,"Brian Lara Stadium, Tarouba",2,12.6,Trinbago Knight Riders,Guyana Amazon Warriors,C Munro,DM Bravo,CJ Green,4,0,,,,,,,,,
1148680,2018,2018-09-16,"Brian Lara Stadium, Tarouba",2,13.1,Trinbago Knight Riders,Guyana Amazon Warriors,DM Bravo,C Munro,R Shepherd,1,0,,,,,,,,,
1148680,2018,2018-09-16,"Brian Lara Stadium, Tarouba",2,13.2,Trinbago Knight Riders,Guyana Amazon Warriors,C Munro,DM Bravo,R Shepherd,0,0,,,,,,,,,
1148680,2018,2018-09-16,"Brian Lara Stadium, Tarouba",2,13.3,Trinbago Knight Riders,Guyana Amazon Warriors,C Munro,DM Bravo,R Shepherd,4,0,,,,,,,,,
1148680,2018,2018-09-16,"Brian Lara Stadium, Tarouba",2,13.4,Trinbago Knight Riders,Guyana Amazon Warriors,C Munro,DM Bravo,R Shepherd,1,0,,,,,,,,,
1148680,2018,2018-09-16,"Brian Lara Stadium, Tarouba",2,13.5,Trinbago Knight Riders,Guyana Amazon Warriors,DM Bravo,C Munro,R Shepherd,1,0,,,,,,retired hurt,DM Bravo,,
1148680,2018,2018-09-16,"Brian Lara Stadium, Tarouba",2,13.6,Trinbago Knight Riders,Guyana Amazon Warriors,C Munro,CA Ingram,R Shepherd,2,0,,,,,,,,,
1148680,2018,2018-09-16,"Brian Lara Stadium, Tarouba",2,14.1,Trinbago Knight Riders,Guyana Amazon Warriors,CA Ingram,C Munro,Sohail Tanvir,1,0,,,,,,,,,
1148680,2018,2018-09-16,"Brian Lara Stadium, Tarouba",2,14.2,Trinbago Knight Riders,Guyana Amazon Warriors,C Munro,CA Ingram,Sohail Tanvir,1,0,,,,,,,,,
1148680,2018,2018-09-16,"Brian Lara Stadium, Tarouba",2,14.3,Trinbago Knight Riders,Guyana Amazon Warriors,CA Ingram,C Munro,Sohail Tanvir,4,0,,,,,,,,,
1148680,2018,2018-09-16,"Brian Lara Stadium, Tarouba",2,14.4,Trinbago Knight Riders,Guyana Amazon Warriors,CA Ingram,C Munro,Sohail Tanvir,1,0,,,,,,,,,
1148680,2018,2018-09-16,"Brian Lara Stadium, Tarouba",2,14.5,Trinbago Knight Riders,Guyana Amazon Warriors,C Munro,CA Ingram,Sohail Tanvir,1,0,,,,,,,,,
1148680,2018,2018-09-16,"Brian Lara Stadium, Tarouba",2,14.6,Trinbago Knight Riders,Guyana Amazon Warriors,CA Ingram,C Munro,Sohail Tanvir,0,0,,,,,,,,,
1148680,2018,2018-09-16,"Brian Lara Stadium, Tarouba",2,15.1,Trinbago Knight Riders,Guyana Amazon Warriors,C Munro,CA Ingram,Imran Tahir,0,0,,,,,,,,,
1148680,2018,2018-09-16,"Brian Lara Stadium, Tarouba",2,15.2,Trinbago Knight Riders,Guyana Amazon Warriors,C Munro,CA Ingram,Imran Tahir,1,0,,,,,,,,,
1148680,2018,2018-09-16,"Brian Lara Stadium, Tarouba",2,15.3,Trinbago Knight Riders,Guyana Amazon Warriors,CA Ingram,C Munro,Imran Tahir,0,1,1,,,,,,,,
1148680,2018,2018-09-16,"Brian Lara Stadium, Tarouba",2,15.4,Trinbago Knight Riders,Guyana Amazon Warriors,CA Ingram,C Munro,Imran Tahir,1,0,,,,,,,,,
1148680,2018,2018-09-16,"Brian Lara Stadium, Tarouba",2,15.5,Trinbago Knight Riders,Guyana Amazon Warriors,C Munro,CA Ingram,Imran Tahir,0,0,,,,,,,,,
1148680,2018,2018-09-16,"Brian Lara Stadium, Tarouba",2,15.6,Trinbago Knight Riders,Guyana Amazon Warriors,C Munro,CA Ingram,Imran Tahir,0,0,,,,,,,,,
1148680,2018,2018-09-16,"Brian Lara Stadium, Tarouba",2,15.7,Trinbago Knight Riders,Guyana Amazon Warriors,C Munro,CA Ingram,Imran Tahir,0,1,,,,1,,,,,
1148680,2018,2018-09-16,"Brian Lara Stadium, Tarouba",2,16.1,Trinbago Knight Riders,Guyana Amazon Warriors,C Munro,CA Ingram,RR Emrit,4,0,,,,,,,,,
1148680,2018,2018-09-16,"Brian Lara Stadium, Tarouba",2,16.2,Trinbago Knight Riders,Guyana Amazon Warriors,C Munro,CA Ingram,RR Emrit,0,1,1,,,,,,,,
1148680,2018,2018-09-16,"Brian Lara Stadium, Tarouba",2,16.3,Trinbago Knight Riders,Guyana Amazon Warriors,C Munro,CA Ingram,RR Emrit,6,0,,,,,,,,,
1148680,2018,2018-09-16,"Brian Lara Stadium, Tarouba",2,16.4,Trinbago Knight Riders,Guyana Amazon Warriors,C Munro,CA Ingram,RR Emrit,6,0,,,,,,,,,
1148680,2018,2018-09-16,"Brian Lara Stadium, Tarouba",2,16.5,Trinbago Knight Riders,Guyana Amazon Warriors,C Munro,CA Ingram,RR Emrit,0,1,1,,,,,,,,
1148680,2018,2018-09-16,"Brian Lara Stadium, Tarouba",2,16.6,Trinbago Knight Riders,Guyana Amazon Warriors,C Munro,CA Ingram,RR Emrit,6,0,,,,,,,,,
1148680,2018,2018-09-16,"Brian Lara Stadium, Tarouba",2,16.7,Trinbago Knight Riders,Guyana Amazon Warriors,C Munro,CA Ingram,RR Emrit,2,0,,,,,,,,,
1148680,2018,2018-09-16,"Brian Lara Stadium, Tarouba",2,16.8,Trinbago Knight Riders,Guyana Amazon Warriors,C Munro,CA Ingram,RR Emrit,1,0,,,,,,,,,
1148680,2018,2018-09-16,"Brian Lara Stadium, Tarouba",2,17.1,Trinbago Knight Riders,Guyana Amazon Warriors,C Munro,CA Ingram,Sohail Tanvir,2,0,,,,,,,,,
1148680,2018,2018-09-16,"Brian Lara Stadium, Tarouba",2,17.2,Trinbago Knight Riders,Guyana Amazon Warriors,C Munro,CA Ingram,Sohail Tanvir,0,0,,,,,,,,,
1148680,2018,2018-09-16,"Brian Lara Stadium, Tarouba",2,17.3,Trinbago Knight Riders,Guyana Amazon Warriors,C Munro,CA Ingram,Sohail Tanvir,4,0,,,,,,,,,
