match_id,season,start_date,venue,innings,ball,batting_team,bowling_team,striker,non_striker,bowler,runs_off_bat,extras,wides,noballs,byes,legbyes,penalty,wicket_type,player_dismissed,other_wicket_type,other_player_dismissed
1185856,2019,2019-09-23,"Kensington Oval, Bridgetown",1,0.1,Jamaica Tallawahs,Barbados Tridents,CH Gayle,GD Phillips,RS Primus,1,0,,,,,,,,,
1185856,2019,2019-09-23,"Kensington Oval, Bridgetown",1,0.2,Jamaica Tallawahs,Barbados Tridents,GD Phillips,CH Gayle,RS Primus,0,0,,,,,,,,,
1185856,2019,2019-09-23,"Kensington Oval, Bridgetown",1,0.3,Jamaica Tallawahs,Barbados Tridents,GD Phillips,CH Gayle,RS Primus,0,0,,,,,,,,,
1185856,2019,2019-09-23,"Kensington Oval, Bridgetown",1,0.4,Jamaica Tallawahs,Barbados Tridents,GD Phillips,CH Gayle,RS Primus,4,0,,,,,,,,,
1185856,2019,2019-09-23,"Kensington Oval, Bridgetown",1,0.5,Jamaica Tallawahs,Barbados Tridents,GD Phillips,CH Gayle,RS Primus,1,0,,,,,,,,,
1185856,2019,2019-09-23,"Kensington Oval, Bridgetown",1,0.6,Jamaica Tallawahs,Barbados Tridents,CH Gayle,GD Phillips,RS Primus,0,0,,,,,,,,,
1185856,2019,2019-09-23,"Kensington Oval, Bridgetown",1,1.1,Jamaica Tallawahs,Barbados Tridents,GD Phillips,CH Gayle,JO Holder,4,0,,,,,,,,,
1185856,2019,2019-09-23,"Kensington Oval, Bridgetown",1,1.2,Jamaica Tallawahs,Barbados Tridents,GD Phillips,CH Gayle,JO Holder,0,0,,,,,,,,,
1185856,2019,2019-09-23,"Kensington Oval, Bridgetown",1,1.3,Jamaica Tallawahs,Barbados Tridents,GD Phillips,CH Gayle,JO Holder,1,0,,,,,,,,,
1185856,2019,2019-09-23,"Kensington Oval, Bridgetown",1,1.4,Jamaica Tallawahs,Barbados Tridents,CH Gayle,GD Phillips,JO Holder,0,0,,,,,,bowled,CH Gayle,,
1185856,2019,2019-09-23,"Kensington Oval, Bridgetown",1,1.5,Jamaica Tallawahs,Barbados Tridents,CAK Walton,GD Phillips,JO Holder,0,0,,,,,,,,,
1185856,2019,2019-09-23,"Kensington Oval, Bridgetown",1,1.6,Jamaica Tallawahs,Barbados Tridents,CAK Walton,GD Phillips,JO Holder,1,0,,,,,,,,,
1185856,2019,2019-09-23,"Kensington Oval, Bridgetown",1,2.1,Jamaica Tallawahs,Barbados Tridents,CAK Walton,GD Phillips,RS Primus,4,0,,,,,,,,,
1185856,2019,2019-09-23,"Kensington Oval, Bridgetown",1,2.2,Jamaica Tallawahs,Barbados Tridents,CAK Walton,GD Phillips,RS Primus,1,0,,,,,,,,,
1185856,2019,2019-09-23,"Kensington Oval, Bridgetown",1,2.3,Jamaica Tallawahs,Barbados Tridents,GD Phillips,CAK Walton,RS Primus,0,0,,,,,,,,,
1185856,2019,2019-09-23,"Kensington Oval, Bridgetown",1,2.4,Jamaica Tallawahs,Barbados Tridents,GD Phillips,CAK Walton,RS Primus,6,0,,,,,,,,,
1185856,2019,2019-09-23,"Kensington Oval, Bridgetown",1,2.5,Jamaica Tallawahs,Barbados Tridents,GD Phillips,CAK Walton,RS Primus,0,1,1,,,,,,,,
1185856,2019,2019-09-23,"Kensington Oval, Bridgetown",1,2.6,Jamaica Tallawahs,Barbados Tridents,GD Phillips,CAK Walton,RS Primus,0,0,,,,,,,,,
1185856,2019,2019-09-23,"Kensington Oval, Bridgetown",1,2.7,Jamaica Tallawahs,Barbados Tridents,GD Phillips,CAK Walton,RS Primus,1,0,,,,,,,,,
1185856,2019,2019-09-23,"Kensington Oval, Bridgetown",1,3.1,Jamaica Tallawahs,Barbados Tridents,GD Phillips,CAK Walton,JO Holder,1,0,,,,,,,,,
1185856,2019,2019-09-23,"Kensington Oval, Bridgetown",1,3.2,Jamaica Tallawahs,Barbados Tridents,CAK Walton,GD Phillips,JO Holder,6,0,,,,,,,,,
1185856,2019,2019-09-23,"Kensington Oval, Bridgetown",1,3.3,Jamaica Tallawahs,Barbados Tridents,CAK Walton,GD Phillips,JO Holder,0,0,,,,,,,,,
1185856,2019,2019-09-23,"Kensington Oval, Bridgetown",1,3.4,Jamaica Tallawahs,Barbados Tridents,CAK Walton,GD Phillips,JO Holder,1,0,,,,,,,,,
1185856,2019,2019-09-23,"Kensington Oval, Bridgetown",1,3.5,Jamaica Tallawahs,Barbados Tridents,GD Phillips,CAK Walton,JO Holder,0,0,,,,,,,,,
1185856,2019,2019-09-23,"Kensington Oval, Bridgetown",1,3.6,Jamaica Tallawahs,Barbados Tridents,GD Phillips,CAK Walton,JO Holder,1,0,,,,,,,,,
1185856,2019,2019-09-23,"Kensington Oval, Bridgetown",1,4.1,Jamaica Tallawahs,Barbados Tridents,GD Phillips,CAK Walton,S Lamichhane,1,0,,,,,,,,,
1185856,2019,2019-09-23,"Kensington Oval, Bridgetown",1,4.2,Jamaica Tallawahs,Barbados Tridents,CAK Walton,GD Phillips,S Lamichhane,0,0,,,,,,caught,CAK Walton,,
1185856,2019,2019-09-23,"Kensington Oval, Bridgetown",1,4.3,Jamaica Tallawahs,Barbados Tridents,GH Worker,GD Phillips,S Lamichhane,0,0,,,,,,,,,
1185856,2019,2019-09-23,"Kensington Oval, Bridgetown",1,4.4,Jamaica Tallawahs,Barbados Tridents,GH Worker,GD Phillips,S Lamichhane,0,0,,,,,,,,,
1185856,2019,2019-09-23,"Kensington Oval, Bridgetown",1,4.5,Jamaica Tallawahs,Barbados Tridents,GH Worker,GD Phillips,S Lamichhane,0,0,,,,,,,,,
1185856,2019,2019-09-23,"Kensington Oval, Bridgetown",1,4.6,Jamaica Tallawahs,Barbados Tridents,GH Worker,GD Phillips,S Lamichhane,2,0,,,,,,,,,
1185856,2019,2019-09-23,"Kensington Oval, Bridgetown",1,5.1,Jamaica Tallawahs,Barbados Tridents,GD Phillips,GH Worker,JO Holder,0,0,,,,,,,,,
1185856,2019,2019-09-23,"Kensington Oval, Bridgetown",1,5.2,Jamaica Tallawahs,Barbados Tridents,GD Phillips,GH Worker,JO Holder,1,0,,,,,,,,,
1185856,2019,2019-09-23,"Kensington Oval, Bridgetown",1,5.3,Jamaica Tallawahs,Barbados Tridents,GH Worker,GD Phillips,JO Holder,1,0,,,,,,,,,
1185856,2019,2019-09-23,"Kensington Oval, Bridgetown",1,5.4,Jamaica Tallawahs,Barbados Tridents,GD Phillips,GH Worker,JO Holder,0,0,,,,,,,,,
1185856,2019,2019-09-23,"Kensington Oval, Bridgetown",1,5.5,Jamaica Tallawahs,Barbados Tridents,GD Phillips,GH Worker,JO Holder,4,0,,,,,,,,,
1185856,2019,2019-09-23,"Kensington Oval, Bridgetown",1,5.6,Jamaica Tallawahs,Barbados Tridents,GD Phillips,GH Worker,JO Holder,0,0,,,,,,,,,
1185856,2019,2019-09-23,"Kensington Oval, Bridgetown",1,6.1,Jamaica Tallawahs,Barbados Tridents,GH Worker,GD Phillips,HF Gurney,0,0,,,,,,,,,
1185856,2019,2019-09-23,"Kensington Oval, Bridgetown",1,6.2,Jamaica Tallawahs,Barbados Tridents,GH Worker,GD Phillips,HF Gurney,0,1,,,,1,,,,,
1185856,2019,2019-09-23,"Kensington Oval, Bridgetown",1,6.3,Jamaica Tallawahs,Barbados Tridents,GD Phillips,GH Worker,HF Gurney,1,0,,,,,,,,,
1185856,2019,2019-09-23,"Kensington Oval, Bridgetown",1,6.4,Jamaica Tallawahs,Barbados Tridents,GH Worker,GD Phillips,HF Gurney,1,0,,,,,,,,,
1185856,2019,2019-09-23,"Kensington Oval, Bridgetown",1,6.5,Jamaica Tallawahs,Barbados Tridents,GD Phillips,GH Worker,HF Gurney,1,0,,,,,,,,,
1185856,2019,2019-09-23,"Kensington Oval, Bridgetown",1,6.6,Jamaica Tallawahs,Barbados Tridents,GH Worker,GD Phillips,HF Gurney,0,1,1,,,,,,,,
1185856,2019,2019-09-23,"Kensington Oval, Bridgetown",1,6.7,Jamaica Tallawahs,Barbados Tridents,GH Worker,GD Phillips,HF Gurney,1,0,,,,,,,,,
1185856,2019,2019-09-23,"Kensington Oval, Bridgetown",1,7.1,Jamaica Tallawahs,Barbados Tridents,GH Worker,GD Phillips,JP Duminy,1,0,,,,,,,,,
1185856,2019,2019-09-23,"Kensington Oval, Bridgetown",1,7.2,Jamaica Tallawahs,Barbados Tridents,GD Phillips,GH Worker,JP Duminy,0,0,,,,,,,,,
1185856,2019,2019-09-23,"Kensington Oval, Bridgetown",1,7.3,Jamaica Tallawahs,Barbados Tridents,GD Phillips,GH Worker,JP Duminy,1,0,,,,,,,,,
1185856,2019,2019-09-23,"Kensington Oval, Bridgetown",1,7.4,Jamaica Tallawahs,Barbados Tridents,GH Worker,GD Phillips,JP Duminy,0,0,,,,,,caught,GH Worker,,
1185856,2019,2019-09-23,"Kensington Oval, Bridgetown",1,7.5,Jamaica Tallawahs,Barbados Tridents,GD Phillips,DR Smith,JP Duminy,0,0,,,,,,,,,
1185856,2019,2019-09-23,"Kensington Oval, Bridgetown",1,7.6,Jamaica Tallawahs,Barbados Tridents,GD Phillips,DR Smith,JP Duminy,1,0,,,,,,,,,
1185856,2019,2019-09-23,"Kensington Oval, Bridgetown",1,8.1,Jamaica Tallawahs,Barbados Tridents,GD Phillips,DR Smith,S Lamichhane,1,0,,,,,,,,,
1185856,2019,2019-09-23,"Kensington Oval, Bridgetown",1,8.2,Jamaica Tallawahs,Barbados Tridents,DR Smith,GD Phillips,S Lamichhane,1,0,,,,,,,,,
1185856,2019,2019-09-23,"Kensington Oval, Bridgetown",1,8.3,Jamaica Tallawahs,Barbados Tridents,GD Phillips,DR Smith,S Lamichhane,1,0,,,,,,,,,
1185856,2019,2019-09-23,"Kensington Oval, Bridgetown",1,8.4,Jamaica Tallawahs,Barbados Tridents,DR Smith,GD Phillips,S Lamichhane,0,0,,,,,,caught,DR Smith,,
1185856,2019,2019-09-23,"Kensington Oval, Bridgetown",1,8.5,Jamaica Tallawahs,Barbados Tridents,GD Phillips,I Khan (2),S Lamichhane,1,0,,,,,,,,,
1185856,2019,2019-09-23,"Kensington Oval, Bridgetown",1,8.6,Jamaica Tallawahs,Barbados Tridents,I Khan (2),GD Phillips,S Lamichhane,1,0,,,,,,,,,
1185856,2019,2019-09-23,"Kensington Oval, Bridgetown",1,9.1,Jamaica Tallawahs,Barbados Tridents,I Khan (2),GD Phillips,JP Duminy,4,0,,,,,,,,,
1185856,2019,2019-09-23,"Kensington Oval, Bridgetown",1,9.2,Jamaica Tallawahs,Barbados Tridents,I Khan (2),GD Phillips,JP Duminy,2,0,,,,,,,,,
1185856,2019,2019-09-23,"Kensington Oval, Bridgetown",1,9.3,Jamaica Tallawahs,Barbados Tridents,I Khan (2),GD Phillips,JP Duminy,0,0,,,,,,,,,
1185856,2019,2019-09-23,"Kensington Oval, Bridgetown",1,9.4,Jamaica Tallawahs,Barbados Tridents,I Khan (2),GD Phillips,JP Duminy,1,0,,,,,,,,,
1185856,2019,2019-09-23,"Kensington Oval, Bridgetown",1,9.5,Jamaica Tallawahs,Barbados Tridents,GD Phillips,I Khan (2),JP Duminy,1,0,,,,,,,,,
1185856,2019,2019-09-23,"Kensington Oval, Bridgetown",1,9.6,Jamaica Tallawahs,Barbados Tridents,I Khan (2),GD Phillips,JP Duminy,1,0,,,,,,,,,
1185856,2019,2019-09-23,"Kensington Oval, Bridgetown",1,10.1,Jamaica Tallawahs,Barbados Tridents,I Khan (2),GD Phillips,RA Reifer,1,0,,,,,,,,,
1185856,2019,2019-09-23,"Kensington Oval, Bridgetown",1,10.2,Jamaica Tallawahs,Barbados Tridents,GD Phillips,I Khan (2),RA Reifer,0,2,,,2,,,,,,
1185856,2019,2019-09-23,"Kensington Oval, Bridgetown",1,10.3,Jamaica Tallawahs,Barbados Tridents,GD Phillips,I Khan (2),RA Reifer,4,0,,,,,,,,,
1185856,2019,2019-09-23,"Kensington Oval, Bridgetown",1,10.4,Jamaica Tallawahs,Barbados Tridents,GD Phillips,I Khan (2),RA Reifer,0,0,,,,,,,,,
1185856,2019,2019-09-23,"Kensington Oval, Bridgetown",1,10.5,Jamaica Tallawahs,Barbados Tridents,GD Phillips,I Khan (2),RA Reifer,4,0,,,,,,,,,
1185856,2019,2019-09-23,"Kensington Oval, Bridgetown",1,10.6,Jamaica Tallawahs,Barbados Tridents,GD Phillips,I Khan (2),RA Reifer,0,0,,,,,,caught,GD Phillips,,
1185856,2019,2019-09-23,"Kensington Oval, Bridgetown",1,11.1,Jamaica Tallawahs,Barbados Tridents,I Khan (2),SK Springer,JO Holder,0,0,,,,,,,,,
1185856,2019,2019-09-23,"Kensington Oval, Bridgetown",1,11.2,Jamaica Tallawahs,Barbados Tridents,I Khan (2),SK Springer,JO Holder,0,0,,,,,,,,,
1185856,2019,2019-09-23,"Kensington Oval, Bridgetown",1,11.3,Jamaica Tallawahs,Barbados Tridents,I Khan (2),SK Springer,JO Holder,0,0,,,,,,caught,I Khan (2),,
1185856,2019,2019-09-23,"Kensington Oval, Bridgetown",1,11.4,Jamaica Tallawahs,Barbados Tridents,J Glen,SK Springer,JO Holder,0,0,,,,,,,,,
1185856,2019,2019-09-23,"Kensington Oval, Bridgetown",1,11.5,Jamaica Tallawahs,Barbados Tridents,J Glen,SK Springer,JO Holder,0,0,,,,,,,,,
1185856,2019,2019-09-23,"Kensington Oval, Bridgetown",1,11.6,Jamaica Tallawahs,Barbados Tridents,J Glen,SK Springer,JO Holder,0,0,,,,,,,,,
1185856,2019,2019-09-23,"Kensington Oval, Bridgetown",1,12.1,Jamaica Tallawahs,Barbados Tridents,SK Springer,J Glen,RS Primus,0,0,,,,,,,,,
1185856,2019,2019-09-23,"Kensington Oval, Bridgetown",1,12.2,Jamaica Tallawahs,Barbados Tridents,SK Springer,J Glen,RS Primus,0,0,,,,,,,,,
1185856,2019,2019-09-23,"Kensington Oval, Bridgetown",1,12.3,Jamaica Tallawahs,Barbados Tridents,SK Springer,J Glen,RS Primus,1,0,,,,,,,,,
1185856,2019,2019-09-23,"Kensington Oval, Bridgetown",1,12.4,Jamaica Tallawahs,Barbados Tridents,J Glen,SK Springer,RS Primus,0,0,,,,,,caught,J Glen,,
1185856,2019,2019-09-23,"Kensington Oval, Bridgetown",1,12.5,Jamaica Tallawahs,Barbados Tridents,Ramaal Lewis,SK Springer,RS Primus,0,0,,,,,,,,,
1185856,2019,2019-09-23,"Kensington Oval, Bridgetown",1,12.6,Jamaica Tallawahs,Barbados Tridents,Ramaal Lewis,SK Springer,RS Primus,1,0,,,,,,,,,
1185856,2019,2019-09-23,"Kensington Oval, Bridgetown",1,13.1,Jamaica Tallawahs,Barbados Tridents,Ramaal Lewis,SK Springer,RA Reifer,1,0,,,,,,,,,
1185856,2019,2019-09-23,"Kensington Oval, Bridgetown",1,13.2,Jamaica Tallawahs,Barbados Tridents,SK Springer,Ramaal Lewis,RA Reifer,1,0,,,,,,,,,
1185856,2019,2019-09-23,"Kensington Oval, Bridgetown",1,13.3,Jamaica Tallawahs,Barbados Tridents,Ramaal Lewis,SK Springer,RA Reifer,0,0,,,,,,,,,
1185856,2019,2019-09-23,"Kensington Oval, Bridgetown",1,13.4,Jamaica Tallawahs,Barbados Tridents,Ramaal Lewis,SK Springer,RA Reifer,0,0,,,,,,,,,
1185856,2019,2019-09-23,"Kensington Oval, Bridgetown",1,13.5,Jamaica Tallawahs,Barbados Tridents,Ramaal Lewis,SK Springer,RA Reifer,0,1,1,,,,,,,,
1185856,2019,2019-09-23,"Kensington Oval, Bridgetown",1,13.6,Jamaica Tallawahs,Barbados Tridents,Ramaal Lewis,SK Springer,RA Reifer,1,0,,,,,,,,,
1185856,2019,2019-09-23,"Kensington Oval, Bridgetown",1,13.7,Jamaica Tallawahs,Barbados Tridents,SK Springer,Ramaal Lewis,RA Reifer,1,0,,,,,,,,,
1185856,2019,2019-09-23,"Kensington Oval, Bridgetown",1,14.1,Jamaica Tallawahs,Barbados Tridents,SK Springer,Ramaal Lewis,HF Gurney,0,0,,,,,,,,,
1185856,2019,2019-09-23,"Kensington Oval, Bridgetown",1,14.2,Jamaica Tallawahs,Barbados Tridents,SK Springer,Ramaal Lewis,HF Gurney,0,0,,,,,,,,,
1185856,2019,2019-09-23,"Kensington Oval, Bridgetown",1,14.3,Jamaica Tallawahs,Barbados Tridents,SK Springer,Ramaal Lewis,HF Gurney,0,0,,,,,,,,,
1185856,2019,2019-09-23,"Kensington Oval, Bridgetown",1,14.4,Jamaica Tallawahs,Barbados Tridents,SK Springer,Ramaal Lewis,HF Gurney,0,0,,,,,,,,,
1185856,2019,2019-09-23,"Kensington Oval, Bridgetown",1,14.5,Jamaica Tallawahs,Barbados Tridents,SK Springer,Ramaal Lewis,HF Gurney,1,0,,,,,,,,,
1185856,2019,2019-09-23,"Kensington Oval, Bridgetown",1,14.6,Jamaica Tallawahs,Barbados Tridents,Ramaal Lewis,SK Springer,HF Gurney,0,0,,,,,,,,,
1185856,2019,2019-09-23,"Kensington Oval, Bridgetown",1,15.1,Jamaica Tallawahs,Barbados Tridents,SK Springer,Ramaal Lewis,S Lamichhane,1,0,,,,,,,,,
1185856,2019,2019-09-23,"Kensington Oval, Bridgetown",1,15.2,Jamaica Tallawahs,Barbados Tridents,Ramaal Lewis,SK Springer,S Lamichhane,0,0,,,,,,,,,
1185856,2019,2019-09-23,"Kensington Oval, Bridgetown",1,15.3,Jamaica Tallawahs,Barbados Tridents,Ramaal Lewis,SK Springer,S Lamichhane,1,0,,,,,,,,,
1185856,2019,2019-09-23,"Kensington Oval, Bridgetown",1,15.4,Jamaica Tallawahs,Barbados Tridents,SK Springer,Ramaal Lewis,S Lamichhane,0,0,,,,,,,,,
1185856,2019,2019-09-23,"Kensington Oval, Bridgetown",1,15.5,Jamaica Tallawahs,Barbados Tridents,SK Springer,Ramaal Lewis,S Lamichhane,1,0,,,,,,,,,
1185856,2019,2019-09-23,"Kensington Oval, Bridgetown",1,15.6,Jamaica Tallawahs,Barbados Tridents,Ramaal Lewis,SK Springer,S Lamichhane,0,2,,,2,,,,,,
1185856,2019,2019-09-23,"Kensington Oval, Bridgetown",1,16.1,Jamaica Tallawahs,Barbados Tridents,SK Springer,Ramaal Lewis,HF Gurney,0,0,,,,,,,,,
1185856,2019,2019-09-23,"Kensington Oval, Bridgetown",1,16.2,Jamaica Tallawahs,Barbados Tridents,SK Springer,Ramaal Lewis,HF Gurney,1,0,,,,,,,,,
1185856,2019,2019-09-23,"Kensington Oval, Bridgetown",1,16.3,Jamaica Tallawahs,Barbados Tridents,Ramaal Lewis,SK Springer,HF Gurney,0,1,1,,,,,,,,
1185856,2019,2019-09-23,"Kensington Oval, Bridgetown",1,16.4,Jamaica Tallawahs,Barbados Tridents,Ramaal Lewis,SK Springer,HF Gurney,0,1,1,,,,,,,,
1185856,2019,2019-09-23,"Kensington Oval, Bridgetown",1,16.5,Jamaica Tallawahs,Barbados Tridents,Ramaal Lewis,SK Springer,HF Gurney,1,0,,,,,,,,,
1185856,2019,2019-09-23,"Kensington Oval, Bridgetown",1,16.6,Jamaica Tallawahs,Barbados Tridents,SK Springer,Ramaal Lewis,HF Gurney,0,0,,,,,,caught,SK Springer,,
1185856,2019,2019-09-23,"Kensington Oval, Bridgetown",1,16.7,Jamaica Tallawahs,Barbados Tridents,Ramaal Lewis,JW Dernbach,HF Gurney,1,0,,,,,,,,,
1185856,2019,2019-09-23,"Kensington Oval, Bridgetown",1,16.8,Jamaica Tallawahs,Barbados Tridents,JW Dernbach,Ramaal Lewis,HF Gurney,4,0,,,,,,,,,
1185856,2019,2019-09-23,"Kensington Oval, Bridgetown",1,17.1,Jamaica Tallawahs,Barbados Tridents,Ramaal Lewis,JW Dernbach,S Lamichhane,2,0,,,,,,,,,
1185856,2019,2019-09-23,"Kensington Oval, Bridgetown",1,17.2,Jamaica Tallawahs,Barbados Tridents,Ramaal Lewis,JW Dernbach,S Lamichhane,0,0,,,,,,,,,
1185856,2019,2019-09-23,"Kensington Oval, Bridgetown",1,17.3,Jamaica Tallawahs,Barbados Tridents,Ramaal Lewis,JW Dernbach,S Lamichhane,1,0,,,,,,,,,
1185856,2019,2019-09-23,"Kensington Oval, Bridgetown",1,17.4,Jamaica Tallawahs,Barbados Tridents,JW Dernbach,Ramaal Lewis,S Lamichhane,0,0,,,,,,,,,
1185856,2019,2019-09-23,"Kensington Oval, Bridgetown",1,17.5,Jamaica Tallawahs,Barbados Tridents,JW Dernbach,Ramaal Lewis,S Lamichhane,2,0,,,,,,,,,
1185856,2019,2019-09-23,"Kensington Oval, Bridgetown",1,17.6,Jamaica Tallawahs,Barbados Tridents,JW Dernbach,Ramaal Lewis,S Lamichhane,1,0,,,,,,,,,
1185856,2019,2019-09-23,"Kensington Oval, Bridgetown",1,18.1,Jamaica Tallawahs,Barbados Tridents,JW Dernbach,Ramaal Lewis,HF Gurney,0,0,,,,,,,,,
1185856,2019,2019-09-23,"Kensington Oval, Bridgetown",1,18.2,Jamaica Tallawahs,Barbados Tridents,JW Dernbach,Ramaal Lewis,HF Gurney,1,0,,,,,,,,,
1185856,2019,2019-09-23,"Kensington Oval, Bridgetown",1,18.3,Jamaica Tallawahs,Barbados Tridents,Ramaal Lewis,JW Dernbach,HF Gurney,0,1,1,,,,,,,,
1185856,2019,2019-09-23,"Kensington Oval, Bridgetown",1,18.4,Jamaica Tallawahs,Barbados Tridents,Ramaal Lewis,JW Dernbach,HF Gurney,1,0,,,,,,,,,
1185856,2019,2019-09-23,"Kensington Oval, Bridgetown",1,18.5,Jamaica Tallawahs,Barbados Tridents,JW Dernbach,Ramaal Lewis,HF Gurney,0,0,,,,,,,,,
1185856,2019,2019-09-23,"Kensington Oval, Bridgetown",1,18.6,Jamaica Tallawahs,Barbados Tridents,JW Dernbach,Ramaal Lewis,HF Gurney,1,0,,,,,,,,,
1185856,2019,2019-09-23,"Kensington Oval, Bridgetown",1,18.7,Jamaica Tallawahs,Barbados Tridents,Ramaal Lewis,JW Dernbach,HF Gurney,1,0,,,,,,,,,
1185856,2019,2019-09-23,"Kensington Oval, Bridgetown",1,19.1,Jamaica Tallawahs,Barbados Tridents,Ramaal Lewis,JW Dernbach,RA Reifer,0,0,,,,,,,,,
1185856,2019,2019-09-23,"Kensington Oval, Bridgetown",1,19.2,Jamaica Tallawahs,Barbados Tridents,Ramaal Lewis,JW Dernbach,RA Reifer,6,0,,,,,,,,,
1185856,2019,2019-09-23,"Kensington Oval, Bridgetown",1,19.3,Jamaica Tallawahs,Barbados Tridents,Ramaal Lewis,JW Dernbach,RA Reifer,6,0,,,,,,,,,
1185856,2019,2019-09-23,"Kensington Oval, Bridgetown",1,19.4,Jamaica Tallawahs,Barbados Tridents,Ramaal Lewis,JW Dernbach,RA Reifer,4,0,,,,,,,,,
1185856,2019,2019-09-23,"Kensington Oval, Bridgetown",1,19.5,Jamaica Tallawahs,Barbados Tridents,Ramaal Lewis,JW Dernbach,RA Reifer,0,0,,,,,,caught,Ramaal Lewis,,
1185856,2019,2019-09-23,"Kensington Oval, Bridgetown",1,19.6,Jamaica Tallawahs,Barbados Tridents,Zahir Khan,JW Dernbach,RA Reifer,1,0,,,,,,run out,Zahir Khan,,
1185856,2019,2019-09-23,"Kensington Oval, Bridgetown",2,0.1,Barbados Tridents,Jamaica Tallawahs,J Charles,AD Hales,GH Worker,1,0,,,,,,,,,
1185856,2019,2019-09-23,"Kensington Oval, Bridgetown",2,0.2,Barbados Tridents,Jamaica Tallawahs,AD Hales,J Charles,GH Worker,0,0,,,,,,,,,
1185856,2019,2019-09-23,"Kensington Oval, Bridgetown",2,0.3,Barbados Tridents,Jamaica Tallawahs,AD Hales,J Charles,GH Worker,0,0,,,,,,,,,
1185856,2019,2019-09-23,"Kensington Oval, Bridgetown",2,0.4,Barbados Tridents,Jamaica Tallawahs,AD Hales,J Charles,GH Worker,0,0,,,,,,,,,
1185856,2019,2019-09-23,"Kensington Oval, Bridgetown",2,0.5,Barbados Tridents,Jamaica Tallawahs,AD Hales,J Charles,GH Worker,4,0,,,,,,,,,
1185856,2019,2019-09-23,"Kensington Oval, Bridgetown",2,0.6,Barbados Tridents,Jamaica Tallawahs,AD Hales,J Charles,GH Worker,0,0,,,,,,,,,
1185856,2019,2019-09-23,"Kensington Oval, Bridgetown",2,1.1,Barbados Tridents,Jamaica Tallawahs,J Charles,AD Hales,Zahir Khan,0,1,1,,,,,,,,
1185856,2019,2019-09-23,"Kensington Oval, Bridgetown",2,1.2,Barbados Tridents,Jamaica Tallawahs,J Charles,AD Hales,Zahir Khan,0,0,,,,,,,,,
1185856,2019,2019-09-23,"Kensington Oval, Bridgetown",2,1.3,Barbados Tridents,Jamaica Tallawahs,J Charles,AD Hales,Zahir Khan,0,0,,,,,,,,,
1185856,2019,2019-09-23,"Kensington Oval, Bridgetown",2,1.4,Barbados Tridents,Jamaica Tallawahs,J Charles,AD Hales,Zahir Khan,1,0,,,,,,,,,
1185856,2019,2019-09-23,"Kensington Oval, Bridgetown",2,1.5,Barbados Tridents,Jamaica Tallawahs,AD Hales,J Charles,Zahir Khan,0,0,,,,,,,,,
1185856,2019,2019-09-23,"Kensington Oval, Bridgetown",2,1.6,Barbados Tridents,Jamaica Tallawahs,AD Hales,J Charles,Zahir Khan,0,0,,,,,,,,,
1185856,2019,2019-09-23,"Kensington Oval, Bridgetown",2,1.7,Barbados Tridents,Jamaica Tallawahs,AD Hales,J Charles,Zahir Khan,0,0,,,,,,,,,
1185856,2019,2019-09-23,"Kensington Oval, Bridgetown",2,2.1,Barbados Tridents,Jamaica Tallawahs,J Charles,AD Hales,GH Worker,0,0,,,,,,,,,
1185856,2019,2019-09-23,"Kensington Oval, Bridgetown",2,2.2,Barbados Tridents,Jamaica Tallawahs,J Charles,AD Hales,GH Worker,1,0,,,,,,,,,
1185856,2019,2019-09-23,"Kensington Oval, Bridgetown",2,2.3,Barbados Tridents,Jamaica Tallawahs,AD Hales,J Charles,GH Worker,6,0,,,,,,,,,
1185856,2019,2019-09-23,"Kensington Oval, Bridgetown",2,2.4,Barbados Tridents,Jamaica Tallawahs,AD Hales,J Charles,GH Worker,0,0,,,,,,,,,
1185856,2019,2019-09-23,"Kensington Oval, Bridgetown",2,2.5,Barbados Tridents,Jamaica Tallawahs,AD Hales,J Charles,GH Worker,0,0,,,,,,,,,
1185856,2019,2019-09-23,"Kensington Oval, Bridgetown",2,2.6,Barbados Tridents,Jamaica Tallawahs,AD Hales,J Charles,GH Worker,6,0,,,,,,,,,
1185856,2019,2019-09-23,"Kensington Oval, Bridgetown",2,3.1,Barbados Tridents,Jamaica Tallawahs,J Charles,AD Hales,Zahir Khan,4,0,,,,,,,,,
1185856,2019,2019-09-23,"Kensington Oval, Bridgetown",2,3.2,Barbados Tridents,Jamaica Tallawahs,J Charles,AD Hales,Zahir Khan,1,0,,,,,,,,,
1185856,2019,2019-09-23,"Kensington Oval, Bridgetown",2,3.3,Barbados Tridents,Jamaica Tallawahs,AD Hales,J Charles,Zahir Khan,0,0,,,,,,,,,
1185856,2019,2019-09-23,"Kensington Oval, Bridgetown",2,3.4,Barbados Tridents,Jamaica Tallawahs,AD Hales,J Charles,Zahir Khan,0,0,,,,,,,,,
1185856,2019,2019-09-23,"Kensington Oval, Bridgetown",2,3.5,Barbados Tridents,Jamaica Tallawahs,AD Hales,J Charles,Zahir Khan,0,0,,,,,,,,,
1185856,2019,2019-09-23,"Kensington Oval, Bridgetown",2,3.6,Barbados Tridents,Jamaica Tallawahs,AD Hales,J Charles,Zahir Khan,0,0,,,,,,caught,AD Hales,,
1185856,2019,2019-09-23,"Kensington Oval, Bridgetown",2,4.1,Barbados Tridents,Jamaica Tallawahs,J Charles,JP Greaves,JW Dernbach,0,0,,,,,,,,,
1185856,2019,2019-09-23,"Kensington Oval, Bridgetown",2,4.2,Barbados Tridents,Jamaica Tallawahs,J Charles,JP Greaves,JW Dernbach,0,0,,,,,,,,,
1185856,2019,2019-09-23,"Kensington Oval, Bridgetown",2,4.3,Barbados Tridents,Jamaica Tallawahs,J Charles,JP Greaves,JW Dernbach,1,0,,,,,,,,,
1185856,2019,2019-09-23,"Kensington Oval, Bridgetown",2,4.4,Barbados Tridents,Jamaica Tallawahs,JP Greaves,J Charles,JW Dernbach,0,0,,,,,,,,,
1185856,2019,2019-09-23,"Kensington Oval, Bridgetown",2,4.5,Barbados Tridents,Jamaica Tallawahs,JP Greaves,J Charles,JW Dernbach,1,0,,,,,,,,,
1185856,2019,2019-09-23,"Kensington Oval, Bridgetown",2,4.6,Barbados Tridents,Jamaica Tallawahs,J Charles,JP Greaves,JW Dernbach,0,0,,,,,,,,,
1185856,2019,2019-09-23,"Kensington Oval, Bridgetown",2,5.1,Barbados Tridents,Jamaica Tallawahs,JP Greaves,J Charles,I Khan (2),1,0,,,,,,,,,
1185856,2019,2019-09-23,"Kensington Oval, Bridgetown",2,5.2,Barbados Tridents,Jamaica Tallawahs,J Charles,JP Greaves,I Khan (2),0,0,,,,,,,,,
1185856,2019,2019-09-23,"Kensington Oval, Bridgetown",2,5.3,Barbados Tridents,Jamaica Tallawahs,J Charles,JP Greaves,I Khan (2),1,0,,,,,,,,,
1185856,2019,2019-09-23,"Kensington Oval, Bridgetown",2,5.4,Barbados Tridents,Jamaica Tallawahs,JP Greaves,J Charles,I Khan (2),0,0,,,,,,,,,
1185856,2019,2019-09-23,"Kensington Oval, Bridgetown",2,5.5,Barbados Tridents,Jamaica Tallawahs,JP Greaves,J Charles,I Khan (2),1,0,,,,,,,,,
1185856,2019,2019-09-23,"Kensington Oval, Bridgetown",2,5.6,Barbados Tridents,Jamaica Tallawahs,J Charles,JP Greaves,I Khan (2),2,0,,,,,,,,,
1185856,2019,2019-09-23,"Kensington Oval, Bridgetown",2,6.1,Barbados Tridents,Jamaica Tallawahs,JP Greaves,J Charles,JW Dernbach,1,0,,,,,,,,,
1185856,2019,2019-09-23,"Kensington Oval, Bridgetown",2,6.2,Barbados Tridents,Jamaica Tallawahs,J Charles,JP Greaves,JW Dernbach,0,1,1,,,,,,,,
1185856,2019,2019-09-23,"Kensington Oval, Bridgetown",2,6.3,Barbados Tridents,Jamaica Tallawahs,J Charles,JP Greaves,JW Dernbach,1,0,,,,,,,,,
1185856,2019,2019-09-23,"Kensington Oval, Bridgetown",2,6.4,Barbados Tridents,Jamaica Tallawahs,JP Greaves,J Charles,JW Dernbach,1,0,,,,,,,,,
1185856,2019,2019-09-23,"Kensington Oval, Bridgetown",2,6.5,Barbados Tridents,Jamaica Tallawahs,J Charles,JP Greaves,JW Dernbach,1,0,,,,,,,,,
1185856,2019,2019-09-23,"Kensington Oval, Bridgetown",2,6.6,Barbados Tridents,Jamaica Tallawahs,JP Greaves,J Charles,GH Worker,0,0,,,,,,,,,
1185856,2019,2019-09-23,"Kensington Oval, Bridgetown",2,6.7,Barbados Tridents,Jamaica Tallawahs,JP Greaves,J Charles,GH Worker,1,0,,,,,,,,,
1185856,2019,2019-09-23,"Kensington Oval, Bridgetown",2,7.1,Barbados Tridents,Jamaica Tallawahs,JP Greaves,J Charles,I Khan (2),0,0,,,,,,,,,
1185856,2019,2019-09-23,"Kensington Oval, Bridgetown",2,7.2,Barbados Tridents,Jamaica Tallawahs,JP Greaves,J Charles,I Khan (2),0,0,,,,,,,,,
1185856,2019,2019-09-23,"Kensington Oval, Bridgetown",2,7.3,Barbados Tridents,Jamaica Tallawahs,JP Greaves,J Charles,I Khan (2),0,0,,,,,,caught,JP Greaves,,
1185856,2019,2019-09-23,"Kensington Oval, Bridgetown",2,7.4,Barbados Tridents,Jamaica Tallawahs,JP Duminy,J Charles,I Khan (2),1,0,,,,,,,,,
1185856,2019,2019-09-23,"Kensington Oval, Bridgetown",2,7.5,Barbados Tridents,Jamaica Tallawahs,J Charles,JP Duminy,I Khan (2),1,0,,,,,,,,,
1185856,2019,2019-09-23,"Kensington Oval, Bridgetown",2,7.6,Barbados Tridents,Jamaica Tallawahs,JP Duminy,J Charles,I Khan (2),1,0,,,,,,,,,
1185856,2019,2019-09-23,"Kensington Oval, Bridgetown",2,8.1,Barbados Tridents,Jamaica Tallawahs,JP Duminy,J Charles,DR Smith,1,0,,,,,,,,,
1185856,2019,2019-09-23,"Kensington Oval, Bridgetown",2,8.2,Barbados Tridents,Jamaica Tallawahs,J Charles,JP Duminy,DR Smith,1,0,,,,,,,,,
1185856,2019,2019-09-23,"Kensington Oval, Bridgetown",2,8.3,Barbados Tridents,Jamaica Tallawahs,JP Duminy,J Charles,DR Smith,0,0,,,,,,,,,
1185856,2019,2019-09-23,"Kensington Oval, Bridgetown",2,8.4,Barbados Tridents,Jamaica Tallawahs,JP Duminy,J Charles,DR Smith,0,0,,,,,,bowled,JP Duminy,,
1185856,2019,2019-09-23,"Kensington Oval, Bridgetown",2,8.5,Barbados Tridents,Jamaica Tallawahs,JL Carter,J Charles,DR Smith,0,0,,,,,,,,,
1185856,2019,2019-09-23,"Kensington Oval, Bridgetown",2,8.6,Barbados Tridents,Jamaica Tallawahs,JL Carter,J Charles,DR Smith,0,0,,,,,,,,,
1185856,2019,2019-09-23,"Kensington Oval, Bridgetown",2,9.1,Barbados Tridents,Jamaica Tallawahs,J Charles,JL Carter,Ramaal Lewis,0,0,,,,,,,,,
1185856,2019,2019-09-23,"Kensington Oval, Bridgetown",2,9.2,Barbados Tridents,Jamaica Tallawahs,J Charles,JL Carter,Ramaal Lewis,1,0,,,,,,,,,
1185856,2019,2019-09-23,"Kensington Oval, Bridgetown",2,9.3,Barbados Tridents,Jamaica Tallawahs,JL Carter,J Charles,Ramaal Lewis,0,0,,,,,,,,,
1185856,2019,2019-09-23,"Kensington Oval, Bridgetown",2,9.4,Barbados Tridents,Jamaica Tallawahs,JL Carter,J Charles,Ramaal Lewis,1,0,,,,,,,,,
1185856,2019,2019-09-23,"Kensington Oval, Bridgetown",2,9.5,Barbados Tridents,Jamaica Tallawahs,J Charles,JL Carter,Ramaal Lewis,4,0,,,,,,,,,
1185856,2019,2019-09-23,"Kensington Oval, Bridgetown",2,9.6,Barbados Tridents,Jamaica Tallawahs,J Charles,JL Carter,Ramaal Lewis,0,0,,,,,,,,,
1185856,2019,2019-09-23,"Kensington Oval, Bridgetown",2,10.1,Barbados Tridents,Jamaica Tallawahs,JL Carter,J Charles,DR Smith,4,0,,,,,,,,,
1185856,2019,2019-09-23,"Kensington Oval, Bridgetown",2,10.2,Barbados Tridents,Jamaica Tallawahs,JL Carter,J Charles,DR Smith,0,0,,,,,,,,,
1185856,2019,2019-09-23,"Kensington Oval, Bridgetown",2,10.3,Barbados Tridents,Jamaica Tallawahs,JL Carter,J Charles,DR Smith,1,0,,,,,,,,,
1185856,2019,2019-09-23,"Kensington Oval, Bridgetown",2,10.4,Barbados Tridents,Jamaica Tallawahs,J Charles,JL Carter,DR Smith,4,0,,,,,,,,,
1185856,2019,2019-09-23,"Kensington Oval, Bridgetown",2,10.5,Barbados Tridents,Jamaica Tallawahs,J Charles,JL Carter,DR Smith,1,0,,,,,,,,,
1185856,2019,2019-09-23,"Kensington Oval, Bridgetown",2,10.6,Barbados Tridents,Jamaica Tallawahs,JL Carter,J Charles,DR Smith,1,0,,,,,,,,,
1185856,2019,2019-09-23,"Kensington Oval, Bridgetown",2,11.1,Barbados Tridents,Jamaica Tallawahs,JL Carter,J Charles,Ramaal Lewis,1,0,,,,,,,,,
1185856,2019,2019-09-23,"Kensington Oval, Bridgetown",2,11.2,Barbados Tridents,Jamaica Tallawahs,J Charles,JL Carter,Ramaal Lewis,1,0,,,,,,,,,
1185856,2019,2019-09-23,"Kensington Oval, Bridgetown",2,11.3,Barbados Tridents,Jamaica Tallawahs,JL Carter,J Charles,Ramaal Lewis,1,0,,,,,,,,,
1185856,2019,2019-09-23,"Kensington Oval, Bridgetown",2,11.4,Barbados Tridents,Jamaica Tallawahs,J Charles,JL Carter,Ramaal Lewis,0,0,,,,,,,,,
1185856,2019,2019-09-23,"Kensington Oval, Bridgetown",2,11.5,Barbados Tridents,Jamaica Tallawahs,J Charles,JL Carter,Ramaal Lewis,1,0,,,,,,,,,
1185856,2019,2019-09-23,"Kensington Oval, Bridgetown",2,11.6,Barbados Tridents,Jamaica Tallawahs,JL Carter,J Charles,Ramaal Lewis,1,0,,,,,,,,,
1185856,2019,2019-09-23,"Kensington Oval, Bridgetown",2,12.1,Barbados Tridents,Jamaica Tallawahs,JL Carter,J Charles,SK Springer,0,1,1,,,,,,,,
1185856,2019,2019-09-23,"Kensington Oval, Bridgetown",2,12.2,Barbados Tridents,Jamaica Tallawahs,JL Carter,J Charles,SK Springer,1,0,,,,,,,,,
1185856,2019,2019-09-23,"Kensington Oval, Bridgetown",2,12.3,Barbados Tridents,Jamaica Tallawahs,J Charles,JL Carter,SK Springer,1,0,,,,,,,,,
1185856,2019,2019-09-23,"Kensington Oval, Bridgetown",2,12.4,Barbados Tridents,Jamaica Tallawahs,JL Carter,J Charles,SK Springer,4,0,,,,,,,,,
1185856,2019,2019-09-23,"Kensington Oval, Bridgetown",2,12.5,Barbados Tridents,Jamaica Tallawahs,JL Carter,J Charles,SK Springer,2,0,,,,,,,,,
1185856,2019,2019-09-23,"Kensington Oval, Bridgetown",2,12.6,Barbados Tridents,Jamaica Tallawahs,JL Carter,J Charles,SK Springer,0,0,,,,,,caught,JL Carter,,
1185856,2019,2019-09-23,"Kensington Oval, Bridgetown",2,12.7,Barbados Tridents,Jamaica Tallawahs,JO Holder,J Charles,SK Springer,0,0,,,,,,,,,
1185856,2019,2019-09-23,"Kensington Oval, Bridgetown",2,13.1,Barbados Tridents,Jamaica Tallawahs,J Charles,JO Holder,Zahir Khan,0,0,,,,,,,,,
1185856,2019,2019-09-23,"Kensington Oval, Bridgetown",2,13.2,Barbados Tridents,Jamaica Tallawahs,J Charles,JO Holder,Zahir Khan,1,0,,,,,,,,,
1185856,2019,2019-09-23,"Kensington Oval, Bridgetown",2,13.3,Barbados Tridents,Jamaica Tallawahs,JO Holder,J Charles,Zahir Khan,0,0,,,,,,,,,
1185856,2019,2019-09-23,"Kensington Oval, Bridgetown",2,13.4,Barbados Tridents,Jamaica Tallawahs,JO Holder,J Charles,Zahir Khan,0,1,1,,,,,,,,
1185856,2019,2019-09-23,"Kensington Oval, Bridgetown",2,13.5,Barbados Tridents,Jamaica Tallawahs,JO Holder,J Charles,Zahir Khan,1,0,,,,,,,,,
1185856,2019,2019-09-23,"Kensington Oval, Bridgetown",2,13.6,Barbados Tridents,Jamaica Tallawahs,J Charles,JO Holder,Zahir Khan,0,0,,,,,,,,,
1185856,2019,2019-09-23,"Kensington Oval, Bridgetown",2,13.7,Barbados Tridents,Jamaica Tallawahs,J Charles,JO Holder,Zahir Khan,1,0,,,,,,,,,
1185856,2019,2019-09-23,"Kensington Oval, Bridgetown",2,14.1,Barbados Tridents,Jamaica Tallawahs,J Charles,JO Holder,SK Springer,0,0,,,,,,,,,
1185856,2019,2019-09-23,"Kensington Oval, Bridgetown",2,14.2,Barbados Tridents,Jamaica Tallawahs,J Charles,JO Holder,SK Springer,0,0,,,,,,caught,J Charles,,
1185856,2019,2019-09-23,"Kensington Oval, Bridgetown",2,14.3,Barbados Tridents,Jamaica Tallawahs,JO Holder,AR Nurse,SK Springer,0,0,,,,,,,,,
1185856,2019,2019-09-23,"Kensington Oval, Bridgetown",2,14.4,Barbados Tridents,Jamaica Tallawahs,JO Holder,AR Nurse,SK Springer,0,1,,,,1,,,,,
1185856,2019,2019-09-23,"Kensington Oval, Bridgetown",2,14.5,Barbados Tridents,Jamaica Tallawahs,AR Nurse,JO Holder,SK Springer,1,0,,,,,,,,,
1185856,2019,2019-09-23,"Kensington Oval, Bridgetown",2,14.6,Barbados Tridents,Jamaica Tallawahs,JO Holder,AR Nurse,SK Springer,1,0,,,,,,,,,
1185856,2019,2019-09-23,"Kensington Oval, Bridgetown",2,15.1,Barbados Tridents,Jamaica Tallawahs,JO Holder,AR Nurse,I Khan (2),0,0,,,,,,caught,JO Holder,,
1185856,2019,2019-09-23,"Kensington Oval, Bridgetown",2,15.2,Barbados Tridents,Jamaica Tallawahs,AR Nurse,RS Primus,I Khan (2),0,0,,,,,,,,,
1185856,2019,2019-09-23,"Kensington Oval, Bridgetown",2,15.3,Barbados Tridents,Jamaica Tallawahs,AR Nurse,RS Primus,I Khan (2),2,0,,,,,,,,,
1185856,2019,2019-09-23,"Kensington Oval, Bridgetown",2,15.4,Barbados Tridents,Jamaica Tallawahs,AR Nurse,RS Primus,I Khan (2),0,0,,,,,,,,,
1185856,2019,2019-09-23,"Kensington Oval, Bridgetown",2,15.5,Barbados Tridents,Jamaica Tallawahs,AR Nurse,RS Primus,I Khan (2),1,0,,,,,,,,,
1185856,2019,2019-09-23,"Kensington Oval, Bridgetown",2,15.6,Barbados Tridents,Jamaica Tallawahs,RS Primus,AR Nurse,I Khan (2),0,0,,,,,,,,,
1185856,2019,2019-09-23,"Kensington Oval, Bridgetown",2,16.1,Barbados Tridents,Jamaica Tallawahs,AR Nurse,RS Primus,SK Springer,0,0,,,,,,caught,AR Nurse,,
1185856,2019,2019-09-23,"Kensington Oval, Bridgetown",2,16.2,Barbados Tridents,Jamaica Tallawahs,RA Reifer,RS Primus,SK Springer,1,0,,,,,,,,,
1185856,2019,2019-09-23,"Kensington Oval, Bridgetown",2,16.3,Barbados Tridents,Jamaica Tallawahs,RS Primus,RA Reifer,SK Springer,1,0,,,,,,,,,
1185856,2019,2019-09-23,"Kensington Oval, Bridgetown",2,16.4,Barbados Tridents,Jamaica Tallawahs,RA Reifer,RS Primus,SK Springer,1,0,,,,,,,,,
1185856,2019,2019-09-23,"Kensington Oval, Bridgetown",2,16.5,Barbados Tridents,Jamaica Tallawahs,RS Primus,RA Reifer,SK Springer,1,0,,,,,,,,,
1185856,2019,2019-09-23,"Kensington Oval, Bridgetown",2,16.6,Barbados Tridents,Jamaica Tallawahs,RA Reifer,RS Primus,SK Springer,2,0,,,,,,,,,
1185856,2019,2019-09-23,"Kensington Oval, Bridgetown",2,17.1,Barbados Tridents,Jamaica Tallawahs,RS Primus,RA Reifer,I Khan (2),0,0,,,,,,stumped,RS Primus,,
1185856,2019,2019-09-23,"Kensington Oval, Bridgetown",2,17.2,Barbados Tridents,Jamaica Tallawahs,S Lamichhane,RA Reifer,I Khan (2),0,0,,,,,,,,,
1185856,2019,2019-09-23,"Kensington Oval, Bridgetown",2,17.3,Barbados Tridents,Jamaica Tallawahs,S Lamichhane,RA Reifer,I Khan (2),2,0,,,,,,,,,
1185856,2019,2019-09-23,"Kensington Oval, Bridgetown",2,17.4,Barbados Tridents,Jamaica Tallawahs,S Lamichhane,RA Reifer,I Khan (2),2,0,,,,,,,,,
1185856,2019,2019-09-23,"Kensington Oval, Bridgetown",2,17.5,Barbados Tridents,Jamaica Tallawahs,S Lamichhane,RA Reifer,I Khan (2),4,0,,,,,,,,,
1185856,2019,2019-09-23,"Kensington Oval, Bridgetown",2,17.6,Barbados Tridents,Jamaica Tallawahs,S Lamichhane,RA Reifer,I Khan (2),0,0,,,,,,,,,
1185856,2019,2019-09-23,"Kensington Oval, Bridgetown",2,18.1,Barbados Tridents,Jamaica Tallawahs,RA Reifer,S Lamichhane,SK Springer,0,0,,,,,,,,,
1185856,2019,2019-09-23,"Kensington Oval, Bridgetown",2,18.2,Barbados Tridents,Jamaica Tallawahs,RA Reifer,S Lamichhane,SK Springer,0,0,,,,,,,,,
1185856,2019,2019-09-23,"Kensington Oval, Bridgetown",2,18.3,Barbados Tridents,Jamaica Tallawahs,RA Reifer,S Lamichhane,SK Springer,6,0,,,,,,,,,
1185856,2019,2019-09-23,"Kensington Oval, Bridgetown",2,18.4,Barbados Tridents,Jamaica Tallawahs,RA Reifer,S Lamichhane,SK Springer,0,1,1,,,,,,,,
1185856,2019,2019-09-23,"Kensington Oval, Bridgetown",2,18.5,Barbados Tridents,Jamaica Tallawahs,RA Reifer,S Lamichhane,SK Springer,0,0,,,,,,,,,
1185856,2019,2019-09-23,"Kensington Oval, Bridgetown",2,18.6,Barbados Tridents,Jamaica Tallawahs,RA Reifer,S Lamichhane,SK Springer,4,0,,,,,,,,,
1185856,2019,2019-09-23,"Kensington Oval, Bridgetown",2,18.7,Barbados Tridents,Jamaica Tallawahs,RA Reifer,S Lamichhane,SK Springer,4,0,,,,,,,,,
1185856,2019,2019-09-23,"Kensington Oval, Bridgetown",2,19.1,Barbados Tridents,Jamaica Tallawahs,S Lamichhane,RA Reifer,DR Smith,1,0,,,,,,,,,
1185856,2019,2019-09-23,"Kensington Oval, Bridgetown",2,19.2,Barbados Tridents,Jamaica Tallawahs,RA Reifer,S Lamichhane,DR Smith,6,0,,,,,,,,,
1185856,2019,2019-09-23,"Kensington Oval, Bridgetown",2,19.3,Barbados Tridents,Jamaica Tallawahs,RA Reifer,S Lamichhane,DR Smith,2,0,,,,,,,,,
1185856,2019,2019-09-23,"Kensington Oval, Bridgetown",2,19.4,Barbados Tridents,Jamaica Tallawahs,RA Reifer,S Lamichhane,DR Smith,0,0,,,,,,caught,RA Reifer,,
1185856,2019,2019-09-23,"Kensington Oval, Bridgetown",2,19.5,Barbados Tridents,Jamaica Tallawahs,S Lamichhane,HF Gurney,DR Smith,0,0,,,,,,,,,
1185856,2019,2019-09-23,"Kensington Oval, Bridgetown",2,19.6,Barbados Tridents,Jamaica Tallawahs,S Lamichhane,HF Gurney,DR Smith,0,0,,,,,,,,,
