match_id,season,start_date,venue,innings,ball,batting_team,bowling_team,striker,non_striker,bowler,runs_off_bat,extras,wides,noballs,byes,legbyes,penalty,wicket_type,player_dismissed,other_wicket_type,other_player_dismissed
1185845,2019,2019-09-12,"Sabina Park, Kingston",1,0.1,Jamaica Tallawahs,St Lucia Zouks,GD Phillips,CH Gayle,OC McCoy,0,1,1,,,,,,,,
1185845,2019,2019-09-12,"Sabina Park, Kingston",1,0.2,Jamaica Tallawahs,St Lucia Zouks,GD Phillips,CH Gayle,OC McCoy,4,0,,,,,,,,,
1185845,2019,2019-09-12,"Sabina Park, Kingston",1,0.3,Jamaica Tallawahs,St Lucia Zouks,GD Phillips,CH Gayle,OC McCoy,1,0,,,,,,,,,
1185845,2019,2019-09-12,"Sabina Park, Kingston",1,0.4,Jamaica Tallawahs,St Lucia Zouks,CH Gayle,GD Phillips,OC McCoy,0,0,,,,,,caught,CH Gayle,,
1185845,2019,2019-09-12,"Sabina Park, Kingston",1,0.5,Jamaica Tallawahs,St Lucia Zouks,CAK Walton,GD Phillips,OC McCoy,0,0,,,,,,,,,
1185845,2019,2019-09-12,"Sabina Park, Kingston",1,0.6,Jamaica Tallawahs,St Lucia Zouks,CAK Walton,GD Phillips,OC McCoy,1,0,,,,,,,,,
1185845,2019,2019-09-12,"Sabina Park, Kingston",1,0.7,Jamaica Tallawahs,St Lucia Zouks,GD Phillips,CAK Walton,OC McCoy,4,0,,,,,,,,,
1185845,2019,2019-09-12,"Sabina Park, Kingston",1,1.1,Jamaica Tallawahs,St Lucia Zouks,CAK Walton,GD Phillips,KOK Williams,1,0,,,,,,,,,
1185845,2019,2019-09-12,"Sabina Park, Kingston",1,1.2,Jamaica Tallawahs,St Lucia Zouks,GD Phillips,CAK Walton,KOK Williams,1,1,,1,,,,,,,
1185845,2019,2019-09-12,"Sabina Park, Kingston",1,1.3,Jamaica Tallawahs,St Lucia Zouks,CAK Walton,GD Phillips,KOK Williams,0,0,,,,,,,,,
1185845,2019,2019-09-12,"Sabina Park, Kingston",1,1.4,Jamaica Tallawahs,St Lucia Zouks,CAK Walton,GD Phillips,KOK Williams,0,1,1,,,,,,,,
1185845,2019,2019-09-12,"Sabina Park, Kingston",1,1.5,Jamaica Tallawahs,St Lucia Zouks,CAK Walton,GD Phillips,KOK Williams,2,0,,,,,,,,,
1185845,2019,2019-09-12,"Sabina Park, Kingston",1,1.6,Jamaica Tallawahs,St Lucia Zouks,CAK Walton,GD Phillips,KOK Williams,1,0,,,,,,,,,
1185845,2019,2019-09-12,"Sabina Park, Kingston",1,1.7,Jamaica Tallawahs,St Lucia Zouks,GD Phillips,CAK Walton,KOK Williams,1,0,,,,,,,,,
1185845,2019,2019-09-12,"Sabina Park, Kingston",1,1.8,Jamaica Tallawahs,St Lucia Zouks,CAK Walton,GD Phillips,KOK Williams,0,0,,,,,,,,,
1185845,2019,2019-09-12,"Sabina Park, Kingston",1,2.1,Jamaica Tallawahs,St Lucia Zouks,GD Phillips,CAK Walton,Fawad Ahmed,0,0,,,,,,,,,
1185845,2019,2019-09-12,"Sabina Park, Kingston",1,2.2,Jamaica Tallawahs,St Lucia Zouks,GD Phillips,CAK Walton,Fawad Ahmed,1,0,,,,,,,,,
1185845,2019,2019-09-12,"Sabina Park, Kingston",1,2.3,Jamaica Tallawahs,St Lucia Zouks,CAK Walton,GD Phillips,Fawad Ahmed,0,0,,,,,,,,,
1185845,2019,2019-09-12,"Sabina Park, Kingston",1,2.4,Jamaica Tallawahs,St Lucia Zouks,CAK Walton,GD Phillips,Fawad Ahmed,0,0,,,,,,,,,
1185845,2019,2019-09-12,"Sabina Park, Kingston",1,2.5,Jamaica Tallawahs,St Lucia Zouks,CAK Walton,GD Phillips,Fawad Ahmed,1,0,,,,,,,,,
1185845,2019,2019-09-12,"Sabina Park, Kingston",1,2.6,Jamaica Tallawahs,St Lucia Zouks,GD Phillips,CAK Walton,Fawad Ahmed,2,0,,,,,,,,,
1185845,2019,2019-09-12,"Sabina Park, Kingston",1,3.1,Jamaica Tallawahs,St Lucia Zouks,CAK Walton,GD Phillips,OC McCoy,0,1,,1,,,,,,,
1185845,2019,2019-09-12,"Sabina Park, Kingston",1,3.2,Jamaica Tallawahs,St Lucia Zouks,CAK Walton,GD Phillips,OC McCoy,0,1,,1,,,,,,,
1185845,2019,2019-09-12,"Sabina Park, Kingston",1,3.3,Jamaica Tallawahs,St Lucia Zouks,CAK Walton,GD Phillips,OC McCoy,2,0,,,,,,,,,
1185845,2019,2019-09-12,"Sabina Park, Kingston",1,3.4,Jamaica Tallawahs,St Lucia Zouks,CAK Walton,GD Phillips,OC McCoy,0,0,,,,,,caught,CAK Walton,,
1185845,2019,2019-09-12,"Sabina Park, Kingston",1,3.5,Jamaica Tallawahs,St Lucia Zouks,R Powell,GD Phillips,OC McCoy,1,0,,,,,,,,,
1185845,2019,2019-09-12,"Sabina Park, Kingston",1,3.6,Jamaica Tallawahs,St Lucia Zouks,GD Phillips,R Powell,OC McCoy,1,0,,,,,,,,,
1185845,2019,2019-09-12,"Sabina Park, Kingston",1,3.7,Jamaica Tallawahs,St Lucia Zouks,R Powell,GD Phillips,OC McCoy,0,1,1,,,,,,,,
1185845,2019,2019-09-12,"Sabina Park, Kingston",1,3.8,Jamaica Tallawahs,St Lucia Zouks,R Powell,GD Phillips,OC McCoy,0,0,,,,,,,,,
1185845,2019,2019-09-12,"Sabina Park, Kingston",1,3.9,Jamaica Tallawahs,St Lucia Zouks,R Powell,GD Phillips,OC McCoy,0,0,,,,,,,,,
1185845,2019,2019-09-12,"Sabina Park, Kingston",1,4.1,Jamaica Tallawahs,St Lucia Zouks,GD Phillips,R Powell,Fawad Ahmed,1,0,,,,,,,,,
1185845,2019,2019-09-12,"Sabina Park, Kingston",1,4.2,Jamaica Tallawahs,St Lucia Zouks,R Powell,GD Phillips,Fawad Ahmed,6,0,,,,,,,,,
1185845,2019,2019-09-12,"Sabina Park, Kingston",1,4.3,Jamaica Tallawahs,St Lucia Zouks,R Powell,GD Phillips,Fawad Ahmed,1,0,,,,,,,,,
1185845,2019,2019-09-12,"Sabina Park, Kingston",1,4.4,Jamaica Tallawahs,St Lucia Zouks,GD Phillips,R Powell,Fawad Ahmed,4,0,,,,,,,,,
1185845,2019,2019-09-12,"Sabina Park, Kingston",1,4.5,Jamaica Tallawahs,St Lucia Zouks,GD Phillips,R Powell,Fawad Ahmed,0,0,,,,,,,,,
1185845,2019,2019-09-12,"Sabina Park, Kingston",1,4.6,Jamaica Tallawahs,St Lucia Zouks,GD Phillips,R Powell,Fawad Ahmed,1,0,,,,,,,,,
1185845,2019,2019-09-12,"Sabina Park, Kingston",1,5.1,Jamaica Tallawahs,St Lucia Zouks,GD Phillips,R Powell,KOK Williams,4,0,,,,,,,,,
1185845,2019,2019-09-12,"Sabina Park, Kingston",1,5.2,Jamaica Tallawahs,St Lucia Zouks,GD Phillips,R Powell,KOK Williams,1,0,,,,,,,,,
1185845,2019,2019-09-12,"Sabina Park, Kingston",1,5.3,Jamaica Tallawahs,St Lucia Zouks,R Powell,GD Phillips,KOK Williams,4,0,,,,,,,,,
1185845,2019,2019-09-12,"Sabina Park, Kingston",1,5.4,Jamaica Tallawahs,St Lucia Zouks,R Powell,GD Phillips,KOK Williams,1,0,,,,,,,,,
1185845,2019,2019-09-12,"Sabina Park, Kingston",1,5.5,Jamaica Tallawahs,St Lucia Zouks,GD Phillips,R Powell,KOK Williams,6,0,,,,,,,,,
1185845,2019,2019-09-12,"Sabina Park, Kingston",1,5.6,Jamaica Tallawahs,St Lucia Zouks,GD Phillips,R Powell,KOK Williams,0,0,,,,,,,,,
1185845,2019,2019-09-12,"Sabina Park, Kingston",1,6.1,Jamaica Tallawahs,St Lucia Zouks,R Powell,GD Phillips,GC Viljoen,1,0,,,,,,,,,
1185845,2019,2019-09-12,"Sabina Park, Kingston",1,6.2,Jamaica Tallawahs,St Lucia Zouks,GD Phillips,R Powell,GC Viljoen,4,0,,,,,,,,,
1185845,2019,2019-09-12,"Sabina Park, Kingston",1,6.3,Jamaica Tallawahs,St Lucia Zouks,GD Phillips,R Powell,GC Viljoen,0,0,,,,,,,,,
1185845,2019,2019-09-12,"Sabina Park, Kingston",1,6.4,Jamaica Tallawahs,St Lucia Zouks,GD Phillips,R Powell,GC Viljoen,2,0,,,,,,,,,
1185845,2019,2019-09-12,"Sabina Park, Kingston",1,6.5,Jamaica Tallawahs,St Lucia Zouks,GD Phillips,R Powell,GC Viljoen,4,0,,,,,,,,,
1185845,2019,2019-09-12,"Sabina Park, Kingston",1,6.6,Jamaica Tallawahs,St Lucia Zouks,GD Phillips,R Powell,GC Viljoen,1,0,,,,,,,,,
1185845,2019,2019-09-12,"Sabina Park, Kingston",1,7.1,Jamaica Tallawahs,St Lucia Zouks,GD Phillips,R Powell,C de Grandhomme,1,0,,,,,,,,,
1185845,2019,2019-09-12,"Sabina Park, Kingston",1,7.2,Jamaica Tallawahs,St Lucia Zouks,R Powell,GD Phillips,C de Grandhomme,6,0,,,,,,,,,
1185845,2019,2019-09-12,"Sabina Park, Kingston",1,7.3,Jamaica Tallawahs,St Lucia Zouks,R Powell,GD Phillips,C de Grandhomme,1,0,,,,,,,,,
1185845,2019,2019-09-12,"Sabina Park, Kingston",1,7.4,Jamaica Tallawahs,St Lucia Zouks,GD Phillips,R Powell,C de Grandhomme,4,0,,,,,,,,,
1185845,2019,2019-09-12,"Sabina Park, Kingston",1,7.5,Jamaica Tallawahs,St Lucia Zouks,GD Phillips,R Powell,C de Grandhomme,1,0,,,,,,,,,
1185845,2019,2019-09-12,"Sabina Park, Kingston",1,7.6,Jamaica Tallawahs,St Lucia Zouks,R Powell,GD Phillips,C de Grandhomme,1,0,,,,,,,,,
1185845,2019,2019-09-12,"Sabina Park, Kingston",1,8.1,Jamaica Tallawahs,St Lucia Zouks,R Powell,GD Phillips,RRS Cornwall,6,0,,,,,,,,,
1185845,2019,2019-09-12,"Sabina Park, Kingston",1,8.2,Jamaica Tallawahs,St Lucia Zouks,R Powell,GD Phillips,RRS Cornwall,0,0,,,,,,,,,
1185845,2019,2019-09-12,"Sabina Park, Kingston",1,8.3,Jamaica Tallawahs,St Lucia Zouks,R Powell,GD Phillips,RRS Cornwall,2,0,,,,,,,,,
1185845,2019,2019-09-12,"Sabina Park, Kingston",1,8.4,Jamaica Tallawahs,St Lucia Zouks,R Powell,GD Phillips,RRS Cornwall,6,0,,,,,,,,,
1185845,2019,2019-09-12,"Sabina Park, Kingston",1,8.5,Jamaica Tallawahs,St Lucia Zouks,R Powell,GD Phillips,RRS Cornwall,0,1,1,,,,,,,,
1185845,2019,2019-09-12,"Sabina Park, Kingston",1,8.6,Jamaica Tallawahs,St Lucia Zouks,R Powell,GD Phillips,RRS Cornwall,0,0,,,,,,,,,
1185845,2019,2019-09-12,"Sabina Park, Kingston",1,8.7,Jamaica Tallawahs,St Lucia Zouks,R Powell,GD Phillips,RRS Cornwall,0,0,,,,,,,,,
1185845,2019,2019-09-12,"Sabina Park, Kingston",1,9.1,Jamaica Tallawahs,St Lucia Zouks,GD Phillips,R Powell,GC Viljoen,1,0,,,,,,,,,
1185845,2019,2019-09-12,"Sabina Park, Kingston",1,9.2,Jamaica Tallawahs,St Lucia Zouks,R Powell,GD Phillips,GC Viljoen,1,0,,,,,,,,,
1185845,2019,2019-09-12,"Sabina Park, Kingston",1,9.3,Jamaica Tallawahs,St Lucia Zouks,GD Phillips,R Powell,GC Viljoen,4,0,,,,,,,,,
1185845,2019,2019-09-12,"Sabina Park, Kingston",1,9.4,Jamaica Tallawahs,St Lucia Zouks,GD Phillips,R Powell,GC Viljoen,1,0,,,,,,,,,
1185845,2019,2019-09-12,"Sabina Park, Kingston",1,9.5,Jamaica Tallawahs,St Lucia Zouks,R Powell,GD Phillips,GC Viljoen,1,0,,,,,,,,,
1185845,2019,2019-09-12,"Sabina Park, Kingston",1,9.6,Jamaica Tallawahs,St Lucia Zouks,GD Phillips,R Powell,GC Viljoen,0,0,,,,,,,,,
1185845,2019,2019-09-12,"Sabina Park, Kingston",1,10.1,Jamaica Tallawahs,St Lucia Zouks,R Powell,GD Phillips,Fawad Ahmed,0,0,,,,,,,,,
1185845,2019,2019-09-12,"Sabina Park, Kingston",1,10.2,Jamaica Tallawahs,St Lucia Zouks,R Powell,GD Phillips,Fawad Ahmed,6,0,,,,,,,,,
1185845,2019,2019-09-12,"Sabina Park, Kingston",1,10.3,Jamaica Tallawahs,St Lucia Zouks,R Powell,GD Phillips,Fawad Ahmed,0,0,,,,,,caught,R Powell,,
1185845,2019,2019-09-12,"Sabina Park, Kingston",1,10.4,Jamaica Tallawahs,St Lucia Zouks,GH Worker,GD Phillips,Fawad Ahmed,0,0,,,,,,,,,
1185845,2019,2019-09-12,"Sabina Park, Kingston",1,10.5,Jamaica Tallawahs,St Lucia Zouks,GH Worker,GD Phillips,Fawad Ahmed,0,0,,,,,,,,,
1185845,2019,2019-09-12,"Sabina Park, Kingston",1,10.6,Jamaica Tallawahs,St Lucia Zouks,GH Worker,GD Phillips,Fawad Ahmed,1,0,,,,,,,,,
1185845,2019,2019-09-12,"Sabina Park, Kingston",1,11.1,Jamaica Tallawahs,St Lucia Zouks,GH Worker,GD Phillips,OC McCoy,0,0,,,,,,,,,
1185845,2019,2019-09-12,"Sabina Park, Kingston",1,11.2,Jamaica Tallawahs,St Lucia Zouks,GH Worker,GD Phillips,OC McCoy,1,0,,,,,,,,,
1185845,2019,2019-09-12,"Sabina Park, Kingston",1,11.3,Jamaica Tallawahs,St Lucia Zouks,GD Phillips,GH Worker,OC McCoy,0,0,,,,,,,,,
1185845,2019,2019-09-12,"Sabina Park, Kingston",1,11.4,Jamaica Tallawahs,St Lucia Zouks,GD Phillips,GH Worker,OC McCoy,0,1,1,,,,,,,,
1185845,2019,2019-09-12,"Sabina Park, Kingston",1,11.5,Jamaica Tallawahs,St Lucia Zouks,GD Phillips,GH Worker,OC McCoy,1,1,,1,,,,,,,
1185845,2019,2019-09-12,"Sabina Park, Kingston",1,11.6,Jamaica Tallawahs,St Lucia Zouks,GH Worker,GD Phillips,OC McCoy,0,0,,,,,,,,,
1185845,2019,2019-09-12,"Sabina Park, Kingston",1,11.7,Jamaica Tallawahs,St Lucia Zouks,GH Worker,GD Phillips,OC McCoy,1,0,,,,,,,,,
1185845,2019,2019-09-12,"Sabina Park, Kingston",1,11.8,Jamaica Tallawahs,St Lucia Zouks,GD Phillips,GH Worker,OC McCoy,2,0,,,,,,,,,
1185845,2019,2019-09-12,"Sabina Park, Kingston",1,12.1,Jamaica Tallawahs,St Lucia Zouks,GH Worker,GD Phillips,Fawad Ahmed,2,0,,,,,,,,,
1185845,2019,2019-09-12,"Sabina Park, Kingston",1,12.2,Jamaica Tallawahs,St Lucia Zouks,GH Worker,GD Phillips,Fawad Ahmed,1,0,,,,,,,,,
1185845,2019,2019-09-12,"Sabina Park, Kingston",1,12.3,Jamaica Tallawahs,St Lucia Zouks,GD Phillips,GH Worker,Fawad Ahmed,0,0,,,,,,,,,
1185845,2019,2019-09-12,"Sabina Park, Kingston",1,12.4,Jamaica Tallawahs,St Lucia Zouks,GD Phillips,GH Worker,Fawad Ahmed,0,0,,,,,,caught,GD Phillips,,
1185845,2019,2019-09-12,"Sabina Park, Kingston",1,12.5,Jamaica Tallawahs,St Lucia Zouks,GH Worker,AD Russell,Fawad Ahmed,1,0,,,,,,,,,
1185845,2019,2019-09-12,"Sabina Park, Kingston",1,12.6,Jamaica Tallawahs,St Lucia Zouks,AD Russell,GH Worker,Fawad Ahmed,0,0,,,,,,,,,
1185845,2019,2019-09-12,"Sabina Park, Kingston",1,13.1,Jamaica Tallawahs,St Lucia Zouks,GH Worker,AD Russell,GC Viljoen,4,0,,,,,,,,,
1185845,2019,2019-09-12,"Sabina Park, Kingston",1,13.2,Jamaica Tallawahs,St Lucia Zouks,GH Worker,AD Russell,GC Viljoen,0,0,,,,,,,,,
1185845,2019,2019-09-12,"Sabina Park, Kingston",1,13.3,Jamaica Tallawahs,St Lucia Zouks,GH Worker,AD Russell,GC Viljoen,1,0,,,,,,,,,
1185845,2019,2019-09-12,"Sabina Park, Kingston",1,13.4,Jamaica Tallawahs,St Lucia Zouks,AD Russell,GH Worker,GC Viljoen,0,0,,,,,,,,,
1185845,2019,2019-09-12,"Sabina Park, Kingston",1,13.5,Jamaica Tallawahs,St Lucia Zouks,AD Russell,GH Worker,GC Viljoen,0,0,,,,,,retired hurt,AD Russell,,
1185845,2019,2019-09-12,"Sabina Park, Kingston",1,13.6,Jamaica Tallawahs,St Lucia Zouks,SK Springer,GH Worker,GC Viljoen,1,0,,,,,,,,,
1185845,2019,2019-09-12,"Sabina Park, Kingston",1,14.1,Jamaica Tallawahs,St Lucia Zouks,SK Springer,GH Worker,NLTC Perera,1,0,,,,,,,,,
1185845,2019,2019-09-12,"Sabina Park, Kingston",1,14.2,Jamaica Tallawahs,St Lucia Zouks,GH Worker,SK Springer,NLTC Perera,4,0,,,,,,,,,
1185845,2019,2019-09-12,"Sabina Park, Kingston",1,14.3,Jamaica Tallawahs,St Lucia Zouks,GH Worker,SK Springer,NLTC Perera,0,0,,,,,,bowled,GH Worker,,
1185845,2019,2019-09-12,"Sabina Park, Kingston",1,14.4,Jamaica Tallawahs,St Lucia Zouks,DC Green,SK Springer,NLTC Perera,1,0,,,,,,,,,
1185845,2019,2019-09-12,"Sabina Park, Kingston",1,14.5,Jamaica Tallawahs,St Lucia Zouks,SK Springer,DC Green,NLTC Perera,1,0,,,,,,,,,
1185845,2019,2019-09-12,"Sabina Park, Kingston",1,14.6,Jamaica Tallawahs,St Lucia Zouks,DC Green,SK Springer,NLTC Perera,0,0,,,,,,,,,
1185845,2019,2019-09-12,"Sabina Park, Kingston",1,15.1,Jamaica Tallawahs,St Lucia Zouks,SK Springer,DC Green,C de Grandhomme,0,0,,,,,,,,,
1185845,2019,2019-09-12,"Sabina Park, Kingston",1,15.2,Jamaica Tallawahs,St Lucia Zouks,SK Springer,DC Green,C de Grandhomme,0,0,,,,,,,,,
1185845,2019,2019-09-12,"Sabina Park, Kingston",1,15.3,Jamaica Tallawahs,St Lucia Zouks,SK Springer,DC Green,C de Grandhomme,2,0,,,,,,,,,
1185845,2019,2019-09-12,"Sabina Park, Kingston",1,15.4,Jamaica Tallawahs,St Lucia Zouks,SK Springer,DC Green,C de Grandhomme,0,0,,,,,,,,,
1185845,2019,2019-09-12,"Sabina Park, Kingston",1,15.5,Jamaica Tallawahs,St Lucia Zouks,SK Springer,DC Green,C de Grandhomme,0,1,1,,,,,,,,
1185845,2019,2019-09-12,"Sabina Park, Kingston",1,15.6,Jamaica Tallawahs,St Lucia Zouks,SK Springer,DC Green,C de Grandhomme,1,0,,,,,,,,,
1185845,2019,2019-09-12,"Sabina Park, Kingston",1,15.7,Jamaica Tallawahs,St Lucia Zouks,DC Green,SK Springer,C de Grandhomme,1,0,,,,,,,,,
1185845,2019,2019-09-12,"Sabina Park, Kingston",1,16.1,Jamaica Tallawahs,St Lucia Zouks,DC Green,SK Springer,KOK Williams,1,0,,,,,,,,,
1185845,2019,2019-09-12,"Sabina Park, Kingston",1,16.2,Jamaica Tallawahs,St Lucia Zouks,SK Springer,DC Green,KOK Williams,1,0,,,,,,,,,
1185845,2019,2019-09-12,"Sabina Park, Kingston",1,16.3,Jamaica Tallawahs,St Lucia Zouks,DC Green,SK Springer,KOK Williams,0,0,,,,,,,,,
1185845,2019,2019-09-12,"Sabina Park, Kingston",1,16.4,Jamaica Tallawahs,St Lucia Zouks,DC Green,SK Springer,KOK Williams,0,0,,,,,,,,,
1185845,2019,2019-09-12,"Sabina Park, Kingston",1,16.5,Jamaica Tallawahs,St Lucia Zouks,DC Green,SK Springer,KOK Williams,1,0,,,,,,,,,
1185845,2019,2019-09-12,"Sabina Park, Kingston",1,16.6,Jamaica Tallawahs,St Lucia Zouks,SK Springer,DC Green,KOK Williams,0,0,,,,,,,,,
1185845,2019,2019-09-12,"Sabina Park, Kingston",1,17.1,Jamaica Tallawahs,St Lucia Zouks,DC Green,SK Springer,GC Viljoen,1,0,,,,,,,,,
1185845,2019,2019-09-12,"Sabina Park, Kingston",1,17.2,Jamaica Tallawahs,St Lucia Zouks,SK Springer,DC Green,GC Viljoen,0,0,,,,,,,,,
1185845,2019,2019-09-12,"Sabina Park, Kingston",1,17.3,Jamaica Tallawahs,St Lucia Zouks,SK Springer,DC Green,GC Viljoen,4,0,,,,,,,,,
1185845,2019,2019-09-12,"Sabina Park, Kingston",1,17.4,Jamaica Tallawahs,St Lucia Zouks,SK Springer,DC Green,GC Viljoen,0,0,,,,,,,,,
1185845,2019,2019-09-12,"Sabina Park, Kingston",1,17.5,Jamaica Tallawahs,St Lucia Zouks,SK Springer,DC Green,GC Viljoen,1,0,,,,,,,,,
1185845,2019,2019-09-12,"Sabina Park, Kingston",1,17.6,Jamaica Tallawahs,St Lucia Zouks,DC Green,SK Springer,GC Viljoen,1,0,,,,,,,,,
1185845,2019,2019-09-12,"Sabina Park, Kingston",1,18.1,Jamaica Tallawahs,St Lucia Zouks,DC Green,SK Springer,OC McCoy,2,0,,,,,,,,,
1185845,2019,2019-09-12,"Sabina Park, Kingston",1,18.2,Jamaica Tallawahs,St Lucia Zouks,DC Green,SK Springer,OC McCoy,0,0,,,,,,,,,
1185845,2019,2019-09-12,"Sabina Park, Kingston",1,18.3,Jamaica Tallawahs,St Lucia Zouks,DC Green,SK Springer,OC McCoy,0,0,,,,,,,,,
1185845,2019,2019-09-12,"Sabina Park, Kingston",1,18.4,Jamaica Tallawahs,St Lucia Zouks,DC Green,SK Springer,OC McCoy,0,1,,1,,,,,,,
1185845,2019,2019-09-12,"Sabina Park, Kingston",1,18.5,Jamaica Tallawahs,St Lucia Zouks,DC Green,SK Springer,OC McCoy,4,0,,,,,,,,,
1185845,2019,2019-09-12,"Sabina Park, Kingston",1,18.6,Jamaica Tallawahs,St Lucia Zouks,DC Green,SK Springer,OC McCoy,0,0,,,,,,,,,
1185845,2019,2019-09-12,"Sabina Park, Kingston",1,18.7,Jamaica Tallawahs,St Lucia Zouks,DC Green,SK Springer,OC McCoy,0,0,,,,,,,,,
1185845,2019,2019-09-12,"Sabina Park, Kingston",1,19.1,Jamaica Tallawahs,St Lucia Zouks,SK Springer,DC Green,KOK Williams,1,0,,,,,,,,,
1185845,2019,2019-09-12,"Sabina Park, Kingston",1,19.2,Jamaica Tallawahs,St Lucia Zouks,DC Green,SK Springer,KOK Williams,0,0,,,,,,,,,
1185845,2019,2019-09-12,"Sabina Park, Kingston",1,19.3,Jamaica Tallawahs,St Lucia Zouks,DC Green,SK Springer,KOK Williams,4,0,,,,,,,,,
1185845,2019,2019-09-12,"Sabina Park, Kingston",1,19.4,Jamaica Tallawahs,St Lucia Zouks,DC Green,SK Springer,KOK Williams,1,0,,,,,,,,,
1185845,2019,2019-09-12,"Sabina Park, Kingston",1,19.5,Jamaica Tallawahs,St Lucia Zouks,SK Springer,DC Green,KOK Williams,1,1,,1,,,,,,,
1185845,2019,2019-09-12,"Sabina Park, Kingston",1,19.6,Jamaica Tallawahs,St Lucia Zouks,DC Green,SK Springer,KOK Williams,0,0,,,,,,,,,
1185845,2019,2019-09-12,"Sabina Park, Kingston",1,19.7,Jamaica Tallawahs,St Lucia Zouks,DC Green,SK Springer,KOK Williams,0,1,,,1,,,,,,
1185845,2019,2019-09-12,"Sabina Park, Kingston",2,0.1,St Lucia Zouks,Jamaica Tallawahs,ADS Fletcher,RRS Cornwall,JE Taylor,0,0,,,,,,,,,
1185845,2019,2019-09-12,"Sabina Park, Kingston",2,0.2,St Lucia Zouks,Jamaica Tallawahs,ADS Fletcher,RRS Cornwall,JE Taylor,6,0,,,,,,,,,
1185845,2019,2019-09-12,"Sabina Park, Kingston",2,0.3,St Lucia Zouks,Jamaica Tallawahs,ADS Fletcher,RRS Cornwall,JE Taylor,1,0,,,,,,,,,
1185845,2019,2019-09-12,"Sabina Park, Kingston",2,0.4,St Lucia Zouks,Jamaica Tallawahs,RRS Cornwall,ADS Fletcher,JE Taylor,2,0,,,,,,,,,
1185845,2019,2019-09-12,"Sabina Park, Kingston",2,0.5,St Lucia Zouks,Jamaica Tallawahs,RRS Cornwall,ADS Fletcher,JE Taylor,0,0,,,,,,,,,
1185845,2019,2019-09-12,"Sabina Park, Kingston",2,0.6,St Lucia Zouks,Jamaica Tallawahs,RRS Cornwall,ADS Fletcher,JE Taylor,0,0,,,,,,,,,
1185845,2019,2019-09-12,"Sabina Park, Kingston",2,1.1,St Lucia Zouks,Jamaica Tallawahs,ADS Fletcher,RRS Cornwall,O Thomas,0,0,,,,,,,,,
1185845,2019,2019-09-12,"Sabina Park, Kingston",2,1.2,St Lucia Zouks,Jamaica Tallawahs,ADS Fletcher,RRS Cornwall,O Thomas,0,0,,,,,,,,,
1185845,2019,2019-09-12,"Sabina Park, Kingston",2,1.3,St Lucia Zouks,Jamaica Tallawahs,ADS Fletcher,RRS Cornwall,O Thomas,0,1,,,,1,,,,,
1185845,2019,2019-09-12,"Sabina Park, Kingston",2,1.4,St Lucia Zouks,Jamaica Tallawahs,RRS Cornwall,ADS Fletcher,O Thomas,0,0,,,,,,,,,
1185845,2019,2019-09-12,"Sabina Park, Kingston",2,1.5,St Lucia Zouks,Jamaica Tallawahs,RRS Cornwall,ADS Fletcher,O Thomas,4,0,,,,,,,,,
1185845,2019,2019-09-12,"Sabina Park, Kingston",2,1.6,St Lucia Zouks,Jamaica Tallawahs,RRS Cornwall,ADS Fletcher,O Thomas,0,0,,,,,,,,,
1185845,2019,2019-09-12,"Sabina Park, Kingston",2,2.1,St Lucia Zouks,Jamaica Tallawahs,ADS Fletcher,RRS Cornwall,JE Taylor,6,0,,,,,,,,,
1185845,2019,2019-09-12,"Sabina Park, Kingston",2,2.2,St Lucia Zouks,Jamaica Tallawahs,ADS Fletcher,RRS Cornwall,JE Taylor,1,0,,,,,,,,,
1185845,2019,2019-09-12,"Sabina Park, Kingston",2,2.3,St Lucia Zouks,Jamaica Tallawahs,RRS Cornwall,ADS Fletcher,JE Taylor,0,0,,,,,,,,,
1185845,2019,2019-09-12,"Sabina Park, Kingston",2,2.4,St Lucia Zouks,Jamaica Tallawahs,RRS Cornwall,ADS Fletcher,JE Taylor,6,0,,,,,,,,,
1185845,2019,2019-09-12,"Sabina Park, Kingston",2,2.5,St Lucia Zouks,Jamaica Tallawahs,RRS Cornwall,ADS Fletcher,JE Taylor,6,0,,,,,,,,,
1185845,2019,2019-09-12,"Sabina Park, Kingston",2,2.6,St Lucia Zouks,Jamaica Tallawahs,RRS Cornwall,ADS Fletcher,JE Taylor,2,0,,,,,,,,,
1185845,2019,2019-09-12,"Sabina Park, Kingston",2,3.1,St Lucia Zouks,Jamaica Tallawahs,ADS Fletcher,RRS Cornwall,DC Green,0,0,,,,,,,,,
1185845,2019,2019-09-12,"Sabina Park, Kingston",2,3.2,St Lucia Zouks,Jamaica Tallawahs,ADS Fletcher,RRS Cornwall,DC Green,1,0,,,,,,,,,
1185845,2019,2019-09-12,"Sabina Park, Kingston",2,3.3,St Lucia Zouks,Jamaica Tallawahs,RRS Cornwall,ADS Fletcher,DC Green,0,0,,,,,,,,,
1185845,2019,2019-09-12,"Sabina Park, Kingston",2,3.4,St Lucia Zouks,Jamaica Tallawahs,RRS Cornwall,ADS Fletcher,DC Green,6,0,,,,,,,,,
1185845,2019,2019-09-12,"Sabina Park, Kingston",2,3.5,St Lucia Zouks,Jamaica Tallawahs,RRS Cornwall,ADS Fletcher,DC Green,4,0,,,,,,,,,
1185845,2019,2019-09-12,"Sabina Park, Kingston",2,3.6,St Lucia Zouks,Jamaica Tallawahs,RRS Cornwall,ADS Fletcher,DC Green,0,0,,,,,,,,,
1185845,2019,2019-09-12,"Sabina Park, Kingston",2,4.1,St Lucia Zouks,Jamaica Tallawahs,ADS Fletcher,RRS Cornwall,O Thomas,1,0,,,,,,,,,
1185845,2019,2019-09-12,"Sabina Park, Kingston",2,4.2,St Lucia Zouks,Jamaica Tallawahs,RRS Cornwall,ADS Fletcher,O Thomas,6,0,,,,,,,,,
1185845,2019,2019-09-12,"Sabina Park, Kingston",2,4.3,St Lucia Zouks,Jamaica Tallawahs,RRS Cornwall,ADS Fletcher,O Thomas,1,0,,,,,,,,,
1185845,2019,2019-09-12,"Sabina Park, Kingston",2,4.4,St Lucia Zouks,Jamaica Tallawahs,ADS Fletcher,RRS Cornwall,O Thomas,0,0,,,,,,,,,
1185845,2019,2019-09-12,"Sabina Park, Kingston",2,4.5,St Lucia Zouks,Jamaica Tallawahs,ADS Fletcher,RRS Cornwall,O Thomas,6,0,,,,,,,,,
1185845,2019,2019-09-12,"Sabina Park, Kingston",2,4.6,St Lucia Zouks,Jamaica Tallawahs,ADS Fletcher,RRS Cornwall,O Thomas,4,0,,,,,,,,,
1185845,2019,2019-09-12,"Sabina Park, Kingston",2,5.1,St Lucia Zouks,Jamaica Tallawahs,RRS Cornwall,ADS Fletcher,GH Worker,6,0,,,,,,,,,
1185845,2019,2019-09-12,"Sabina Park, Kingston",2,5.2,St Lucia Zouks,Jamaica Tallawahs,RRS Cornwall,ADS Fletcher,GH Worker,6,0,,,,,,,,,
1185845,2019,2019-09-12,"Sabina Park, Kingston",2,5.3,St Lucia Zouks,Jamaica Tallawahs,RRS Cornwall,ADS Fletcher,GH Worker,1,0,,,,,,,,,
1185845,2019,2019-09-12,"Sabina Park, Kingston",2,5.4,St Lucia Zouks,Jamaica Tallawahs,ADS Fletcher,RRS Cornwall,GH Worker,1,0,,,,,,,,,
1185845,2019,2019-09-12,"Sabina Park, Kingston",2,5.5,St Lucia Zouks,Jamaica Tallawahs,RRS Cornwall,ADS Fletcher,GH Worker,1,0,,,,,,,,,
1185845,2019,2019-09-12,"Sabina Park, Kingston",2,5.6,St Lucia Zouks,Jamaica Tallawahs,ADS Fletcher,RRS Cornwall,GH Worker,0,0,,,,,,,,,
1185845,2019,2019-09-12,"Sabina Park, Kingston",2,6.1,St Lucia Zouks,Jamaica Tallawahs,RRS Cornwall,ADS Fletcher,DC Green,4,0,,,,,,,,,
1185845,2019,2019-09-12,"Sabina Park, Kingston",2,6.2,St Lucia Zouks,Jamaica Tallawahs,RRS Cornwall,ADS Fletcher,DC Green,6,0,,,,,,,,,
1185845,2019,2019-09-12,"Sabina Park, Kingston",2,6.3,St Lucia Zouks,Jamaica Tallawahs,RRS Cornwall,ADS Fletcher,DC Green,0,0,,,,,,,,,
1185845,2019,2019-09-12,"Sabina Park, Kingston",2,6.4,St Lucia Zouks,Jamaica Tallawahs,RRS Cornwall,ADS Fletcher,DC Green,6,0,,,,,,,,,
1185845,2019,2019-09-12,"Sabina Park, Kingston",2,6.5,St Lucia Zouks,Jamaica Tallawahs,RRS Cornwall,ADS Fletcher,DC Green,1,0,,,,,,,,,
1185845,2019,2019-09-12,"Sabina Park, Kingston",2,6.6,St Lucia Zouks,Jamaica Tallawahs,ADS Fletcher,RRS Cornwall,DC Green,1,0,,,,,,,,,
1185845,2019,2019-09-12,"Sabina Park, Kingston",2,7.1,St Lucia Zouks,Jamaica Tallawahs,ADS Fletcher,RRS Cornwall,GH Worker,4,0,,,,,,,,,
1185845,2019,2019-09-12,"Sabina Park, Kingston",2,7.2,St Lucia Zouks,Jamaica Tallawahs,ADS Fletcher,RRS Cornwall,GH Worker,1,0,,,,,,,,,
1185845,2019,2019-09-12,"Sabina Park, Kingston",2,7.3,St Lucia Zouks,Jamaica Tallawahs,RRS Cornwall,ADS Fletcher,GH Worker,1,0,,,,,,,,,
1185845,2019,2019-09-12,"Sabina Park, Kingston",2,7.4,St Lucia Zouks,Jamaica Tallawahs,ADS Fletcher,RRS Cornwall,GH Worker,0,0,,,,,,,,,
1185845,2019,2019-09-12,"Sabina Park, Kingston",2,7.5,St Lucia Zouks,Jamaica Tallawahs,ADS Fletcher,RRS Cornwall,GH Worker,1,0,,,,,,,,,
1185845,2019,2019-09-12,"Sabina Park, Kingston",2,7.6,St Lucia Zouks,Jamaica Tallawahs,RRS Cornwall,ADS Fletcher,GH Worker,1,0,,,,,,,,,
1185845,2019,2019-09-12,"Sabina Park, Kingston",2,8.1,St Lucia Zouks,Jamaica Tallawahs,RRS Cornwall,ADS Fletcher,SK Springer,1,0,,,,,,,,,
1185845,2019,2019-09-12,"Sabina Park, Kingston",2,8.2,St Lucia Zouks,Jamaica Tallawahs,ADS Fletcher,RRS Cornwall,SK Springer,1,0,,,,,,,,,
1185845,2019,2019-09-12,"Sabina Park, Kingston",2,8.3,St Lucia Zouks,Jamaica Tallawahs,RRS Cornwall,ADS Fletcher,SK Springer,4,0,,,,,,,,,
1185845,2019,2019-09-12,"Sabina Park, Kingston",2,8.4,St Lucia Zouks,Jamaica Tallawahs,RRS Cornwall,ADS Fletcher,SK Springer,0,0,,,,,,bowled,RRS Cornwall,,
1185845,2019,2019-09-12,"Sabina Park, Kingston",2,8.5,St Lucia Zouks,Jamaica Tallawahs,JD Campbell,ADS Fletcher,SK Springer,0,0,,,,,,,,,
1185845,2019,2019-09-12,"Sabina Park, Kingston",2,8.6,St Lucia Zouks,Jamaica Tallawahs,JD Campbell,ADS Fletcher,SK Springer,0,0,,,,,,,,,
1185845,2019,2019-09-12,"Sabina Park, Kingston",2,9.1,St Lucia Zouks,Jamaica Tallawahs,ADS Fletcher,JD Campbell,Ramaal Lewis,1,0,,,,,,,,,
1185845,2019,2019-09-12,"Sabina Park, Kingston",2,9.2,St Lucia Zouks,Jamaica Tallawahs,JD Campbell,ADS Fletcher,Ramaal Lewis,0,0,,,,,,lbw,JD Campbell,,
1185845,2019,2019-09-12,"Sabina Park, Kingston",2,9.3,St Lucia Zouks,Jamaica Tallawahs,C de Grandhomme,ADS Fletcher,Ramaal Lewis,0,0,,,,,,,,,
1185845,2019,2019-09-12,"Sabina Park, Kingston",2,9.4,St Lucia Zouks,Jamaica Tallawahs,C de Grandhomme,ADS Fletcher,Ramaal Lewis,2,0,,,,,,,,,
1185845,2019,2019-09-12,"Sabina Park, Kingston",2,9.5,St Lucia Zouks,Jamaica Tallawahs,C de Grandhomme,ADS Fletcher,Ramaal Lewis,1,0,,,,,,,,,
1185845,2019,2019-09-12,"Sabina Park, Kingston",2,9.6,St Lucia Zouks,Jamaica Tallawahs,ADS Fletcher,C de Grandhomme,Ramaal Lewis,0,0,,,,,,,,,
1185845,2019,2019-09-12,"Sabina Park, Kingston",2,10.1,St Lucia Zouks,Jamaica Tallawahs,C de Grandhomme,ADS Fletcher,SK Springer,0,1,1,,,,,,,,
1185845,2019,2019-09-12,"Sabina Park, Kingston",2,10.2,St Lucia Zouks,Jamaica Tallawahs,C de Grandhomme,ADS Fletcher,SK Springer,0,0,,,,,,,,,
1185845,2019,2019-09-12,"Sabina Park, Kingston",2,10.3,St Lucia Zouks,Jamaica Tallawahs,C de Grandhomme,ADS Fletcher,SK Springer,1,0,,,,,,,,,
1185845,2019,2019-09-12,"Sabina Park, Kingston",2,10.4,St Lucia Zouks,Jamaica Tallawahs,ADS Fletcher,C de Grandhomme,SK Springer,0,0,,,,,,,,,
1185845,2019,2019-09-12,"Sabina Park, Kingston",2,10.5,St Lucia Zouks,Jamaica Tallawahs,ADS Fletcher,C de Grandhomme,SK Springer,1,0,,,,,,,,,
1185845,2019,2019-09-12,"Sabina Park, Kingston",2,10.6,St Lucia Zouks,Jamaica Tallawahs,C de Grandhomme,ADS Fletcher,SK Springer,0,0,,,,,,,,,
1185845,2019,2019-09-12,"Sabina Park, Kingston",2,10.7,St Lucia Zouks,Jamaica Tallawahs,C de Grandhomme,ADS Fletcher,SK Springer,2,0,,,,,,,,,
1185845,2019,2019-09-12,"Sabina Park, Kingston",2,11.1,St Lucia Zouks,Jamaica Tallawahs,ADS Fletcher,C de Grandhomme,Ramaal Lewis,0,1,1,,,,,,,,
1185845,2019,2019-09-12,"Sabina Park, Kingston",2,11.2,St Lucia Zouks,Jamaica Tallawahs,ADS Fletcher,C de Grandhomme,Ramaal Lewis,0,1,1,,,,,,,,
1185845,2019,2019-09-12,"Sabina Park, Kingston",2,11.3,St Lucia Zouks,Jamaica Tallawahs,ADS Fletcher,C de Grandhomme,Ramaal Lewis,1,0,,,,,,,,,
1185845,2019,2019-09-12,"Sabina Park, Kingston",2,11.4,St Lucia Zouks,Jamaica Tallawahs,C de Grandhomme,ADS Fletcher,Ramaal Lewis,4,0,,,,,,,,,
1185845,2019,2019-09-12,"Sabina Park, Kingston",2,11.5,St Lucia Zouks,Jamaica Tallawahs,C de Grandhomme,ADS Fletcher,Ramaal Lewis,6,0,,,,,,,,,
1185845,2019,2019-09-12,"Sabina Park, Kingston",2,11.6,St Lucia Zouks,Jamaica Tallawahs,C de Grandhomme,ADS Fletcher,Ramaal Lewis,0,0,,,,,,,,,
1185845,2019,2019-09-12,"Sabina Park, Kingston",2,11.7,St Lucia Zouks,Jamaica Tallawahs,C de Grandhomme,ADS Fletcher,Ramaal Lewis,4,0,,,,,,,,,
1185845,2019,2019-09-12,"Sabina Park, Kingston",2,11.8,St Lucia Zouks,Jamaica Tallawahs,C de Grandhomme,ADS Fletcher,Ramaal Lewis,1,0,,,,,,,,,
1185845,2019,2019-09-12,"Sabina Park, Kingston",2,12.1,St Lucia Zouks,Jamaica Tallawahs,C de Grandhomme,ADS Fletcher,SK Springer,1,0,,,,,,,,,
1185845,2019,2019-09-12,"Sabina Park, Kingston",2,12.2,St Lucia Zouks,Jamaica Tallawahs,ADS Fletcher,C de Grandhomme,SK Springer,1,0,,,,,,,,,
1185845,2019,2019-09-12,"Sabina Park, Kingston",2,12.3,St Lucia Zouks,Jamaica Tallawahs,C de Grandhomme,ADS Fletcher,SK Springer,0,0,,,,,,,,,
1185845,2019,2019-09-12,"Sabina Park, Kingston",2,12.4,St Lucia Zouks,Jamaica Tallawahs,C de Grandhomme,ADS Fletcher,SK Springer,2,0,,,,,,,,,
1185845,2019,2019-09-12,"Sabina Park, Kingston",2,12.5,St Lucia Zouks,Jamaica Tallawahs,C de Grandhomme,ADS Fletcher,SK Springer,0,1,1,,,,,,,,
1185845,2019,2019-09-12,"Sabina Park, Kingston",2,12.6,St Lucia Zouks,Jamaica Tallawahs,C de Grandhomme,ADS Fletcher,SK Springer,1,0,,,,,,,,,
1185845,2019,2019-09-12,"Sabina Park, Kingston",2,12.7,St Lucia Zouks,Jamaica Tallawahs,ADS Fletcher,C de Grandhomme,SK Springer,2,0,,,,,,,,,
1185845,2019,2019-09-12,"Sabina Park, Kingston",2,13.1,St Lucia Zouks,Jamaica Tallawahs,C de Grandhomme,ADS Fletcher,O Thomas,0,0,,,,,,,,,
1185845,2019,2019-09-12,"Sabina Park, Kingston",2,13.2,St Lucia Zouks,Jamaica Tallawahs,C de Grandhomme,ADS Fletcher,O Thomas,0,0,,,,,,,,,
1185845,2019,2019-09-12,"Sabina Park, Kingston",2,13.3,St Lucia Zouks,Jamaica Tallawahs,C de Grandhomme,ADS Fletcher,O Thomas,0,0,,,,,,,,,
1185845,2019,2019-09-12,"Sabina Park, Kingston",2,13.4,St Lucia Zouks,Jamaica Tallawahs,C de Grandhomme,ADS Fletcher,O Thomas,0,0,,,,,,caught,C de Grandhomme,,
1185845,2019,2019-09-12,"Sabina Park, Kingston",2,13.5,St Lucia Zouks,Jamaica Tallawahs,ADS Fletcher,DJG Sammy,O Thomas,0,0,,,,,,,,,
1185845,2019,2019-09-12,"Sabina Park, Kingston",2,13.6,St Lucia Zouks,Jamaica Tallawahs,ADS Fletcher,DJG Sammy,O Thomas,0,0,,,,,,,,,
1185845,2019,2019-09-12,"Sabina Park, Kingston",2,14.1,St Lucia Zouks,Jamaica Tallawahs,DJG Sammy,ADS Fletcher,SK Springer,1,0,,,,,,,,,
1185845,2019,2019-09-12,"Sabina Park, Kingston",2,14.2,St Lucia Zouks,Jamaica Tallawahs,ADS Fletcher,DJG Sammy,SK Springer,1,0,,,,,,,,,
1185845,2019,2019-09-12,"Sabina Park, Kingston",2,14.3,St Lucia Zouks,Jamaica Tallawahs,DJG Sammy,ADS Fletcher,SK Springer,1,0,,,,,,,,,
1185845,2019,2019-09-12,"Sabina Park, Kingston",2,14.4,St Lucia Zouks,Jamaica Tallawahs,ADS Fletcher,DJG Sammy,SK Springer,1,0,,,,,,,,,
1185845,2019,2019-09-12,"Sabina Park, Kingston",2,14.5,St Lucia Zouks,Jamaica Tallawahs,DJG Sammy,ADS Fletcher,SK Springer,1,0,,,,,,,,,
1185845,2019,2019-09-12,"Sabina Park, Kingston",2,14.6,St Lucia Zouks,Jamaica Tallawahs,ADS Fletcher,DJG Sammy,SK Springer,2,0,,,,,,,,,
1185845,2019,2019-09-12,"Sabina Park, Kingston",2,15.1,St Lucia Zouks,Jamaica Tallawahs,DJG Sammy,ADS Fletcher,O Thomas,2,0,,,,,,,,,
1185845,2019,2019-09-12,"Sabina Park, Kingston",2,15.2,St Lucia Zouks,Jamaica Tallawahs,DJG Sammy,ADS Fletcher,O Thomas,0,0,,,,,,caught,DJG Sammy,,
1185845,2019,2019-09-12,"Sabina Park, Kingston",2,15.3,St Lucia Zouks,Jamaica Tallawahs,RO Cato,ADS Fletcher,O Thomas,1,0,,,,,,,,,
1185845,2019,2019-09-12,"Sabina Park, Kingston",2,15.4,St Lucia Zouks,Jamaica Tallawahs,ADS Fletcher,RO Cato,O Thomas,1,0,,,,,,,,,
1185845,2019,2019-09-12,"Sabina Park, Kingston",2,15.5,St Lucia Zouks,Jamaica Tallawahs,RO Cato,ADS Fletcher,O Thomas,0,0,,,,,,,,,
1185845,2019,2019-09-12,"Sabina Park, Kingston",2,15.6,St Lucia Zouks,Jamaica Tallawahs,RO Cato,ADS Fletcher,O Thomas,0,0,,,,,,caught,RO Cato,,
1185845,2019,2019-09-12,"Sabina Park, Kingston",2,16.1,St Lucia Zouks,Jamaica Tallawahs,ADS Fletcher,NLTC Perera,JE Taylor,1,0,,,,,,,,,
1185845,2019,2019-09-12,"Sabina Park, Kingston",2,16.2,St Lucia Zouks,Jamaica Tallawahs,NLTC Perera,ADS Fletcher,JE Taylor,0,1,,1,,,,,,,
1185845,2019,2019-09-12,"Sabina Park, Kingston",2,16.3,St Lucia Zouks,Jamaica Tallawahs,NLTC Perera,ADS Fletcher,JE Taylor,0,0,,,,,,,,,
1185845,2019,2019-09-12,"Sabina Park, Kingston",2,16.4,St Lucia Zouks,Jamaica Tallawahs,NLTC Perera,ADS Fletcher,JE Taylor,6,0,,,,,,,,,
1185845,2019,2019-09-12,"Sabina Park, Kingston",2,16.5,St Lucia Zouks,Jamaica Tallawahs,NLTC Perera,ADS Fletcher,JE Taylor,4,1,,1,,,,,,,
1185845,2019,2019-09-12,"Sabina Park, Kingston",2,16.6,St Lucia Zouks,Jamaica Tallawahs,NLTC Perera,ADS Fletcher,JE Taylor,1,0,,,,,,,,,
