match_id,season,start_date,venue,innings,ball,batting_team,bowling_team,striker,non_striker,bowler,runs_off_bat,extras,wides,noballs,byes,legbyes,penalty,wicket_type,player_dismissed,other_wicket_type,other_player_dismissed
1185847,2019,2019-09-14,"Warner Park, Basseterre",1,0.1,St Kitts and Nevis Patriots,Guyana Amazon Warriors,DC Thomas,Mohammad Hafeez,C Hemraj,0,0,,,,,,,,,
1185847,2019,2019-09-14,"Warner Park, Basseterre",1,0.2,St Kitts and Nevis Patriots,Guyana Amazon Warriors,DC Thomas,Mohammad Hafeez,C Hemraj,0,0,,,,,,,,,
1185847,2019,2019-09-14,"Warner Park, Basseterre",1,0.3,St Kitts and Nevis Patriots,Guyana Amazon Warriors,DC Thomas,Mohammad Hafeez,C Hemraj,0,0,,,,,,,,,
1185847,2019,2019-09-14,"Warner Park, Basseterre",1,0.4,St Kitts and Nevis Patriots,Guyana Amazon Warriors,DC Thomas,Mohammad Hafeez,C Hemraj,0,0,,,,,,,,,
1185847,2019,2019-09-14,"Warner Park, Basseterre",1,0.5,St Kitts and Nevis Patriots,Guyana Amazon Warriors,DC Thomas,Mohammad Hafeez,C Hemraj,0,0,,,,,,,,,
1185847,2019,2019-09-14,"Warner Park, Basseterre",1,0.6,St Kitts and Nevis Patriots,Guyana Amazon Warriors,DC Thomas,Mohammad Hafeez,C Hemraj,1,0,,,,,,,,,
1185847,2019,2019-09-14,"Warner Park, Basseterre",1,1.1,St Kitts and Nevis Patriots,Guyana Amazon Warriors,DC Thomas,Mohammad Hafeez,CJ Green,0,0,,,,,,bowled,DC Thomas,,
1185847,2019,2019-09-14,"Warner Park, Basseterre",1,1.2,St Kitts and Nevis Patriots,Guyana Amazon Warriors,LJ Evans,Mohammad Hafeez,CJ Green,1,0,,,,,,,,,
1185847,2019,2019-09-14,"Warner Park, Basseterre",1,1.3,St Kitts and Nevis Patriots,Guyana Amazon Warriors,Mohammad Hafeez,LJ Evans,CJ Green,1,0,,,,,,,,,
1185847,2019,2019-09-14,"Warner Park, Basseterre",1,1.4,St Kitts and Nevis Patriots,Guyana Amazon Warriors,LJ Evans,Mohammad Hafeez,CJ Green,0,0,,,,,,,,,
1185847,2019,2019-09-14,"Warner Park, Basseterre",1,1.5,St Kitts and Nevis Patriots,Guyana Amazon Warriors,LJ Evans,Mohammad Hafeez,CJ Green,0,0,,,,,,,,,
1185847,2019,2019-09-14,"Warner Park, Basseterre",1,1.6,St Kitts and Nevis Patriots,Guyana Amazon Warriors,LJ Evans,Mohammad Hafeez,CJ Green,1,0,,,,,,,,,
1185847,2019,2019-09-14,"Warner Park, Basseterre",1,2.1,St Kitts and Nevis Patriots,Guyana Amazon Warriors,LJ Evans,Mohammad Hafeez,C Hemraj,0,0,,,,,,,,,
1185847,2019,2019-09-14,"Warner Park, Basseterre",1,2.2,St Kitts and Nevis Patriots,Guyana Amazon Warriors,LJ Evans,Mohammad Hafeez,C Hemraj,4,0,,,,,,,,,
1185847,2019,2019-09-14,"Warner Park, Basseterre",1,2.3,St Kitts and Nevis Patriots,Guyana Amazon Warriors,LJ Evans,Mohammad Hafeez,C Hemraj,0,0,,,,,,,,,
1185847,2019,2019-09-14,"Warner Park, Basseterre",1,2.4,St Kitts and Nevis Patriots,Guyana Amazon Warriors,LJ Evans,Mohammad Hafeez,C Hemraj,4,0,,,,,,,,,
1185847,2019,2019-09-14,"Warner Park, Basseterre",1,2.5,St Kitts and Nevis Patriots,Guyana Amazon Warriors,LJ Evans,Mohammad Hafeez,C Hemraj,1,0,,,,,,,,,
1185847,2019,2019-09-14,"Warner Park, Basseterre",1,2.6,St Kitts and Nevis Patriots,Guyana Amazon Warriors,Mohammad Hafeez,LJ Evans,C Hemraj,0,0,,,,,,,,,
1185847,2019,2019-09-14,"Warner Park, Basseterre",1,3.1,St Kitts and Nevis Patriots,Guyana Amazon Warriors,LJ Evans,Mohammad Hafeez,Imran Tahir,0,0,,,,,,,,,
1185847,2019,2019-09-14,"Warner Park, Basseterre",1,3.2,St Kitts and Nevis Patriots,Guyana Amazon Warriors,LJ Evans,Mohammad Hafeez,Imran Tahir,0,0,,,,,,,,,
1185847,2019,2019-09-14,"Warner Park, Basseterre",1,3.3,St Kitts and Nevis Patriots,Guyana Amazon Warriors,LJ Evans,Mohammad Hafeez,Imran Tahir,1,0,,,,,,,,,
1185847,2019,2019-09-14,"Warner Park, Basseterre",1,3.4,St Kitts and Nevis Patriots,Guyana Amazon Warriors,Mohammad Hafeez,LJ Evans,Imran Tahir,0,0,,,,,,,,,
1185847,2019,2019-09-14,"Warner Park, Basseterre",1,3.5,St Kitts and Nevis Patriots,Guyana Amazon Warriors,Mohammad Hafeez,LJ Evans,Imran Tahir,1,0,,,,,,,,,
1185847,2019,2019-09-14,"Warner Park, Basseterre",1,3.6,St Kitts and Nevis Patriots,Guyana Amazon Warriors,LJ Evans,Mohammad Hafeez,Imran Tahir,4,0,,,,,,,,,
1185847,2019,2019-09-14,"Warner Park, Basseterre",1,4.1,St Kitts and Nevis Patriots,Guyana Amazon Warriors,Mohammad Hafeez,LJ Evans,R Shepherd,1,0,,,,,,,,,
1185847,2019,2019-09-14,"Warner Park, Basseterre",1,4.2,St Kitts and Nevis Patriots,Guyana Amazon Warriors,LJ Evans,Mohammad Hafeez,R Shepherd,1,0,,,,,,,,,
1185847,2019,2019-09-14,"Warner Park, Basseterre",1,4.3,St Kitts and Nevis Patriots,Guyana Amazon Warriors,Mohammad Hafeez,LJ Evans,R Shepherd,2,0,,,,,,,,,
1185847,2019,2019-09-14,"Warner Park, Basseterre",1,4.4,St Kitts and Nevis Patriots,Guyana Amazon Warriors,Mohammad Hafeez,LJ Evans,R Shepherd,1,0,,,,,,,,,
1185847,2019,2019-09-14,"Warner Park, Basseterre",1,4.5,St Kitts and Nevis Patriots,Guyana Amazon Warriors,LJ Evans,Mohammad Hafeez,R Shepherd,0,0,,,,,,,,,
1185847,2019,2019-09-14,"Warner Park, Basseterre",1,4.6,St Kitts and Nevis Patriots,Guyana Amazon Warriors,LJ Evans,Mohammad Hafeez,R Shepherd,1,0,,,,,,,,,
1185847,2019,2019-09-14,"Warner Park, Basseterre",1,5.1,St Kitts and Nevis Patriots,Guyana Amazon Warriors,LJ Evans,Mohammad Hafeez,KMA Paul,4,0,,,,,,,,,
1185847,2019,2019-09-14,"Warner Park, Basseterre",1,5.2,St Kitts and Nevis Patriots,Guyana Amazon Warriors,LJ Evans,Mohammad Hafeez,KMA Paul,0,0,,,,,,,,,
1185847,2019,2019-09-14,"Warner Park, Basseterre",1,5.3,St Kitts and Nevis Patriots,Guyana Amazon Warriors,LJ Evans,Mohammad Hafeez,KMA Paul,0,1,1,,,,,,,,
1185847,2019,2019-09-14,"Warner Park, Basseterre",1,5.4,St Kitts and Nevis Patriots,Guyana Amazon Warriors,LJ Evans,Mohammad Hafeez,KMA Paul,1,1,,1,,,,,,,
1185847,2019,2019-09-14,"Warner Park, Basseterre",1,5.5,St Kitts and Nevis Patriots,Guyana Amazon Warriors,Mohammad Hafeez,LJ Evans,KMA Paul,1,0,,,,,,,,,
1185847,2019,2019-09-14,"Warner Park, Basseterre",1,5.6,St Kitts and Nevis Patriots,Guyana Amazon Warriors,LJ Evans,Mohammad Hafeez,KMA Paul,2,0,,,,,,,,,
1185847,2019,2019-09-14,"Warner Park, Basseterre",1,5.7,St Kitts and Nevis Patriots,Guyana Amazon Warriors,LJ Evans,Mohammad Hafeez,KMA Paul,1,0,,,,,,,,,
1185847,2019,2019-09-14,"Warner Park, Basseterre",1,5.8,St Kitts and Nevis Patriots,Guyana Amazon Warriors,Mohammad Hafeez,LJ Evans,KMA Paul,0,0,,,,,,run out,LJ Evans,,
1185847,2019,2019-09-14,"Warner Park, Basseterre",1,6.1,St Kitts and Nevis Patriots,Guyana Amazon Warriors,Mohammad Hafeez,JN Mohammed,R Shepherd,6,0,,,,,,,,,
1185847,2019,2019-09-14,"Warner Park, Basseterre",1,6.2,St Kitts and Nevis Patriots,Guyana Amazon Warriors,Mohammad Hafeez,JN Mohammed,R Shepherd,0,0,,,,,,,,,
1185847,2019,2019-09-14,"Warner Park, Basseterre",1,6.3,St Kitts and Nevis Patriots,Guyana Amazon Warriors,Mohammad Hafeez,JN Mohammed,R Shepherd,0,0,,,,,,,,,
1185847,2019,2019-09-14,"Warner Park, Basseterre",1,6.4,St Kitts and Nevis Patriots,Guyana Amazon Warriors,Mohammad Hafeez,JN Mohammed,R Shepherd,1,0,,,,,,,,,
1185847,2019,2019-09-14,"Warner Park, Basseterre",1,6.5,St Kitts and Nevis Patriots,Guyana Amazon Warriors,JN Mohammed,Mohammad Hafeez,R Shepherd,1,0,,,,,,,,,
1185847,2019,2019-09-14,"Warner Park, Basseterre",1,6.6,St Kitts and Nevis Patriots,Guyana Amazon Warriors,Mohammad Hafeez,JN Mohammed,R Shepherd,0,0,,,,,,,,,
1185847,2019,2019-09-14,"Warner Park, Basseterre",1,7.1,St Kitts and Nevis Patriots,Guyana Amazon Warriors,JN Mohammed,Mohammad Hafeez,Qais Ahmad,2,0,,,,,,,,,
1185847,2019,2019-09-14,"Warner Park, Basseterre",1,7.2,St Kitts and Nevis Patriots,Guyana Amazon Warriors,JN Mohammed,Mohammad Hafeez,Qais Ahmad,0,0,,,,,,,,,
1185847,2019,2019-09-14,"Warner Park, Basseterre",1,7.3,St Kitts and Nevis Patriots,Guyana Amazon Warriors,JN Mohammed,Mohammad Hafeez,Qais Ahmad,1,0,,,,,,,,,
1185847,2019,2019-09-14,"Warner Park, Basseterre",1,7.4,St Kitts and Nevis Patriots,Guyana Amazon Warriors,Mohammad Hafeez,JN Mohammed,Qais Ahmad,0,0,,,,,,caught,Mohammad Hafeez,,
1185847,2019,2019-09-14,"Warner Park, Basseterre",1,7.5,St Kitts and Nevis Patriots,Guyana Amazon Warriors,SSJ Brooks,JN Mohammed,Qais Ahmad,0,0,,,,,,,,,
1185847,2019,2019-09-14,"Warner Park, Basseterre",1,7.6,St Kitts and Nevis Patriots,Guyana Amazon Warriors,SSJ Brooks,JN Mohammed,Qais Ahmad,4,0,,,,,,,,,
1185847,2019,2019-09-14,"Warner Park, Basseterre",1,8.1,St Kitts and Nevis Patriots,Guyana Amazon Warriors,JN Mohammed,SSJ Brooks,Imran Tahir,0,0,,,,,,lbw,JN Mohammed,,
1185847,2019,2019-09-14,"Warner Park, Basseterre",1,8.2,St Kitts and Nevis Patriots,Guyana Amazon Warriors,DC Drakes,SSJ Brooks,Imran Tahir,0,0,,,,,,,,,
1185847,2019,2019-09-14,"Warner Park, Basseterre",1,8.3,St Kitts and Nevis Patriots,Guyana Amazon Warriors,DC Drakes,SSJ Brooks,Imran Tahir,0,0,,,,,,,,,
1185847,2019,2019-09-14,"Warner Park, Basseterre",1,8.4,St Kitts and Nevis Patriots,Guyana Amazon Warriors,DC Drakes,SSJ Brooks,Imran Tahir,2,0,,,,,,,,,
1185847,2019,2019-09-14,"Warner Park, Basseterre",1,8.5,St Kitts and Nevis Patriots,Guyana Amazon Warriors,DC Drakes,SSJ Brooks,Imran Tahir,0,0,,,,,,,,,
1185847,2019,2019-09-14,"Warner Park, Basseterre",1,8.6,St Kitts and Nevis Patriots,Guyana Amazon Warriors,DC Drakes,SSJ Brooks,Imran Tahir,0,0,,,,,,caught,DC Drakes,,
1185847,2019,2019-09-14,"Warner Park, Basseterre",1,9.1,St Kitts and Nevis Patriots,Guyana Amazon Warriors,SSJ Brooks,FA Allen,Qais Ahmad,0,0,,,,,,,,,
1185847,2019,2019-09-14,"Warner Park, Basseterre",1,9.2,St Kitts and Nevis Patriots,Guyana Amazon Warriors,SSJ Brooks,FA Allen,Qais Ahmad,1,0,,,,,,,,,
1185847,2019,2019-09-14,"Warner Park, Basseterre",1,9.3,St Kitts and Nevis Patriots,Guyana Amazon Warriors,FA Allen,SSJ Brooks,Qais Ahmad,1,0,,,,,,,,,
1185847,2019,2019-09-14,"Warner Park, Basseterre",1,9.4,St Kitts and Nevis Patriots,Guyana Amazon Warriors,SSJ Brooks,FA Allen,Qais Ahmad,2,0,,,,,,,,,
1185847,2019,2019-09-14,"Warner Park, Basseterre",1,9.5,St Kitts and Nevis Patriots,Guyana Amazon Warriors,SSJ Brooks,FA Allen,Qais Ahmad,0,0,,,,,,,,,
1185847,2019,2019-09-14,"Warner Park, Basseterre",1,9.6,St Kitts and Nevis Patriots,Guyana Amazon Warriors,SSJ Brooks,FA Allen,Qais Ahmad,0,1,1,,,,,,,,
1185847,2019,2019-09-14,"Warner Park, Basseterre",1,9.7,St Kitts and Nevis Patriots,Guyana Amazon Warriors,SSJ Brooks,FA Allen,Qais Ahmad,1,0,,,,,,,,,
1185847,2019,2019-09-14,"Warner Park, Basseterre",1,10.1,St Kitts and Nevis Patriots,Guyana Amazon Warriors,SSJ Brooks,FA Allen,Imran Tahir,1,0,,,,,,,,,
1185847,2019,2019-09-14,"Warner Park, Basseterre",1,10.2,St Kitts and Nevis Patriots,Guyana Amazon Warriors,FA Allen,SSJ Brooks,Imran Tahir,0,0,,,,,,,,,
1185847,2019,2019-09-14,"Warner Park, Basseterre",1,10.3,St Kitts and Nevis Patriots,Guyana Amazon Warriors,FA Allen,SSJ Brooks,Imran Tahir,1,0,,,,,,,,,
1185847,2019,2019-09-14,"Warner Park, Basseterre",1,10.4,St Kitts and Nevis Patriots,Guyana Amazon Warriors,SSJ Brooks,FA Allen,Imran Tahir,1,0,,,,,,,,,
1185847,2019,2019-09-14,"Warner Park, Basseterre",1,10.5,St Kitts and Nevis Patriots,Guyana Amazon Warriors,FA Allen,SSJ Brooks,Imran Tahir,0,0,,,,,,,,,
1185847,2019,2019-09-14,"Warner Park, Basseterre",1,10.6,St Kitts and Nevis Patriots,Guyana Amazon Warriors,FA Allen,SSJ Brooks,Imran Tahir,0,0,,,,,,,,,
1185847,2019,2019-09-14,"Warner Park, Basseterre",1,11.1,St Kitts and Nevis Patriots,Guyana Amazon Warriors,SSJ Brooks,FA Allen,Qais Ahmad,1,0,,,,,,,,,
1185847,2019,2019-09-14,"Warner Park, Basseterre",1,11.2,St Kitts and Nevis Patriots,Guyana Amazon Warriors,FA Allen,SSJ Brooks,Qais Ahmad,1,0,,,,,,,,,
1185847,2019,2019-09-14,"Warner Park, Basseterre",1,11.3,St Kitts and Nevis Patriots,Guyana Amazon Warriors,SSJ Brooks,FA Allen,Qais Ahmad,1,0,,,,,,,,,
1185847,2019,2019-09-14,"Warner Park, Basseterre",1,11.4,St Kitts and Nevis Patriots,Guyana Amazon Warriors,FA Allen,SSJ Brooks,Qais Ahmad,1,0,,,,,,,,,
1185847,2019,2019-09-14,"Warner Park, Basseterre",1,11.5,St Kitts and Nevis Patriots,Guyana Amazon Warriors,SSJ Brooks,FA Allen,Qais Ahmad,6,0,,,,,,,,,
1185847,2019,2019-09-14,"Warner Park, Basseterre",1,11.6,St Kitts and Nevis Patriots,Guyana Amazon Warriors,SSJ Brooks,FA Allen,Qais Ahmad,1,0,,,,,,,,,
1185847,2019,2019-09-14,"Warner Park, Basseterre",1,12.1,St Kitts and Nevis Patriots,Guyana Amazon Warriors,SSJ Brooks,FA Allen,KMA Paul,1,0,,,,,,,,,
1185847,2019,2019-09-14,"Warner Park, Basseterre",1,12.2,St Kitts and Nevis Patriots,Guyana Amazon Warriors,FA Allen,SSJ Brooks,KMA Paul,1,0,,,,,,,,,
1185847,2019,2019-09-14,"Warner Park, Basseterre",1,12.3,St Kitts and Nevis Patriots,Guyana Amazon Warriors,SSJ Brooks,FA Allen,KMA Paul,1,0,,,,,,,,,
1185847,2019,2019-09-14,"Warner Park, Basseterre",1,12.4,St Kitts and Nevis Patriots,Guyana Amazon Warriors,FA Allen,SSJ Brooks,KMA Paul,4,0,,,,,,,,,
1185847,2019,2019-09-14,"Warner Park, Basseterre",1,12.5,St Kitts and Nevis Patriots,Guyana Amazon Warriors,FA Allen,SSJ Brooks,KMA Paul,0,0,,,,,,,,,
1185847,2019,2019-09-14,"Warner Park, Basseterre",1,12.6,St Kitts and Nevis Patriots,Guyana Amazon Warriors,FA Allen,SSJ Brooks,KMA Paul,0,0,,,,,,,,,
1185847,2019,2019-09-14,"Warner Park, Basseterre",1,13.1,St Kitts and Nevis Patriots,Guyana Amazon Warriors,SSJ Brooks,FA Allen,CJ Green,4,0,,,,,,,,,
1185847,2019,2019-09-14,"Warner Park, Basseterre",1,13.2,St Kitts and Nevis Patriots,Guyana Amazon Warriors,SSJ Brooks,FA Allen,CJ Green,2,0,,,,,,,,,
1185847,2019,2019-09-14,"Warner Park, Basseterre",1,13.3,St Kitts and Nevis Patriots,Guyana Amazon Warriors,SSJ Brooks,FA Allen,CJ Green,0,1,1,,,,,,,,
1185847,2019,2019-09-14,"Warner Park, Basseterre",1,13.4,St Kitts and Nevis Patriots,Guyana Amazon Warriors,SSJ Brooks,FA Allen,CJ Green,1,0,,,,,,,,,
1185847,2019,2019-09-14,"Warner Park, Basseterre",1,13.5,St Kitts and Nevis Patriots,Guyana Amazon Warriors,FA Allen,SSJ Brooks,CJ Green,1,0,,,,,,,,,
1185847,2019,2019-09-14,"Warner Park, Basseterre",1,13.6,St Kitts and Nevis Patriots,Guyana Amazon Warriors,SSJ Brooks,FA Allen,CJ Green,1,0,,,,,,,,,
1185847,2019,2019-09-14,"Warner Park, Basseterre",1,13.7,St Kitts and Nevis Patriots,Guyana Amazon Warriors,FA Allen,SSJ Brooks,CJ Green,1,0,,,,,,,,,
1185847,2019,2019-09-14,"Warner Park, Basseterre",1,14.1,St Kitts and Nevis Patriots,Guyana Amazon Warriors,FA Allen,SSJ Brooks,Imran Tahir,1,0,,,,,,,,,
1185847,2019,2019-09-14,"Warner Park, Basseterre",1,14.2,St Kitts and Nevis Patriots,Guyana Amazon Warriors,SSJ Brooks,FA Allen,Imran Tahir,0,0,,,,,,,,,
1185847,2019,2019-09-14,"Warner Park, Basseterre",1,14.3,St Kitts and Nevis Patriots,Guyana Amazon Warriors,SSJ Brooks,FA Allen,Imran Tahir,4,0,,,,,,,,,
1185847,2019,2019-09-14,"Warner Park, Basseterre",1,14.4,St Kitts and Nevis Patriots,Guyana Amazon Warriors,SSJ Brooks,FA Allen,Imran Tahir,0,0,,,,,,,,,
1185847,2019,2019-09-14,"Warner Park, Basseterre",1,14.5,St Kitts and Nevis Patriots,Guyana Amazon Warriors,SSJ Brooks,FA Allen,Imran Tahir,0,0,,,,,,,,,
1185847,2019,2019-09-14,"Warner Park, Basseterre",1,14.6,St Kitts and Nevis Patriots,Guyana Amazon Warriors,SSJ Brooks,FA Allen,Imran Tahir,1,0,,,,,,,,,
1185847,2019,2019-09-14,"Warner Park, Basseterre",1,15.1,St Kitts and Nevis Patriots,Guyana Amazon Warriors,SSJ Brooks,FA Allen,Qais Ahmad,0,0,,,,,,caught,SSJ Brooks,,
1185847,2019,2019-09-14,"Warner Park, Basseterre",1,15.2,St Kitts and Nevis Patriots,Guyana Amazon Warriors,FA Allen,CR Brathwaite,Qais Ahmad,0,0,,,,,,,,,
1185847,2019,2019-09-14,"Warner Park, Basseterre",1,15.3,St Kitts and Nevis Patriots,Guyana Amazon Warriors,FA Allen,CR Brathwaite,Qais Ahmad,4,0,,,,,,,,,
1185847,2019,2019-09-14,"Warner Park, Basseterre",1,15.4,St Kitts and Nevis Patriots,Guyana Amazon Warriors,FA Allen,CR Brathwaite,Qais Ahmad,0,0,,,,,,caught,FA Allen,,
1185847,2019,2019-09-14,"Warner Park, Basseterre",1,15.5,St Kitts and Nevis Patriots,Guyana Amazon Warriors,CR Brathwaite,AS Joseph,Qais Ahmad,0,0,,,,,,,,,
1185847,2019,2019-09-14,"Warner Park, Basseterre",1,15.6,St Kitts and Nevis Patriots,Guyana Amazon Warriors,CR Brathwaite,AS Joseph,Qais Ahmad,0,0,,,,,,,,,
1185847,2019,2019-09-14,"Warner Park, Basseterre",1,16.1,St Kitts and Nevis Patriots,Guyana Amazon Warriors,AS Joseph,CR Brathwaite,KMA Paul,1,0,,,,,,,,,
1185847,2019,2019-09-14,"Warner Park, Basseterre",1,16.2,St Kitts and Nevis Patriots,Guyana Amazon Warriors,CR Brathwaite,AS Joseph,KMA Paul,0,0,,,,,,,,,
1185847,2019,2019-09-14,"Warner Park, Basseterre",1,16.3,St Kitts and Nevis Patriots,Guyana Amazon Warriors,CR Brathwaite,AS Joseph,KMA Paul,1,0,,,,,,,,,
1185847,2019,2019-09-14,"Warner Park, Basseterre",1,16.4,St Kitts and Nevis Patriots,Guyana Amazon Warriors,AS Joseph,CR Brathwaite,KMA Paul,0,0,,,,,,,,,
1185847,2019,2019-09-14,"Warner Park, Basseterre",1,16.5,St Kitts and Nevis Patriots,Guyana Amazon Warriors,AS Joseph,CR Brathwaite,KMA Paul,1,0,,,,,,,,,
1185847,2019,2019-09-14,"Warner Park, Basseterre",1,16.6,St Kitts and Nevis Patriots,Guyana Amazon Warriors,CR Brathwaite,AS Joseph,KMA Paul,0,0,,,,,,,,,
1185847,2019,2019-09-14,"Warner Park, Basseterre",1,17.1,St Kitts and Nevis Patriots,Guyana Amazon Warriors,AS Joseph,CR Brathwaite,CJ Green,1,0,,,,,,,,,
1185847,2019,2019-09-14,"Warner Park, Basseterre",1,17.2,St Kitts and Nevis Patriots,Guyana Amazon Warriors,CR Brathwaite,AS Joseph,CJ Green,1,0,,,,,,,,,
1185847,2019,2019-09-14,"Warner Park, Basseterre",1,17.3,St Kitts and Nevis Patriots,Guyana Amazon Warriors,AS Joseph,CR Brathwaite,CJ Green,2,0,,,,,,,,,
1185847,2019,2019-09-14,"Warner Park, Basseterre",1,17.4,St Kitts and Nevis Patriots,Guyana Amazon Warriors,AS Joseph,CR Brathwaite,CJ Green,4,0,,,,,,,,,
1185847,2019,2019-09-14,"Warner Park, Basseterre",1,17.5,St Kitts and Nevis Patriots,Guyana Amazon Warriors,AS Joseph,CR Brathwaite,CJ Green,6,0,,,,,,,,,
1185847,2019,2019-09-14,"Warner Park, Basseterre",1,17.6,St Kitts and Nevis Patriots,Guyana Amazon Warriors,AS Joseph,CR Brathwaite,CJ Green,0,0,,,,,,caught,AS Joseph,,
1185847,2019,2019-09-14,"Warner Park, Basseterre",1,18.1,St Kitts and Nevis Patriots,Guyana Amazon Warriors,CR Brathwaite,RR Emrit,KMA Paul,1,0,,,,,,,,,
1185847,2019,2019-09-14,"Warner Park, Basseterre",1,18.2,St Kitts and Nevis Patriots,Guyana Amazon Warriors,RR Emrit,CR Brathwaite,KMA Paul,1,0,,,,,,,,,
1185847,2019,2019-09-14,"Warner Park, Basseterre",1,18.3,St Kitts and Nevis Patriots,Guyana Amazon Warriors,CR Brathwaite,RR Emrit,KMA Paul,0,0,,,,,,,,,
1185847,2019,2019-09-14,"Warner Park, Basseterre",1,18.4,St Kitts and Nevis Patriots,Guyana Amazon Warriors,CR Brathwaite,RR Emrit,KMA Paul,0,0,,,,,,caught,CR Brathwaite,,
1185847,2019,2019-09-14,"Warner Park, Basseterre",1,18.5,St Kitts and Nevis Patriots,Guyana Amazon Warriors,RR Emrit,SS Cottrell,KMA Paul,1,0,,,,,,,,,
1185847,2019,2019-09-14,"Warner Park, Basseterre",1,18.6,St Kitts and Nevis Patriots,Guyana Amazon Warriors,SS Cottrell,RR Emrit,KMA Paul,0,0,,,,,,caught and bowled,SS Cottrell,,
1185847,2019,2019-09-14,"Warner Park, Basseterre",2,0.1,Guyana Amazon Warriors,St Kitts and Nevis Patriots,BA King,C Hemraj,SS Cottrell,0,0,,,,,,,,,
1185847,2019,2019-09-14,"Warner Park, Basseterre",2,0.2,Guyana Amazon Warriors,St Kitts and Nevis Patriots,BA King,C Hemraj,SS Cottrell,0,0,,,,,,,,,
1185847,2019,2019-09-14,"Warner Park, Basseterre",2,0.3,Guyana Amazon Warriors,St Kitts and Nevis Patriots,BA King,C Hemraj,SS Cottrell,0,0,,,,,,,,,
1185847,2019,2019-09-14,"Warner Park, Basseterre",2,0.4,Guyana Amazon Warriors,St Kitts and Nevis Patriots,BA King,C Hemraj,SS Cottrell,4,0,,,,,,,,,
1185847,2019,2019-09-14,"Warner Park, Basseterre",2,0.5,Guyana Amazon Warriors,St Kitts and Nevis Patriots,BA King,C Hemraj,SS Cottrell,0,0,,,,,,,,,
1185847,2019,2019-09-14,"Warner Park, Basseterre",2,0.6,Guyana Amazon Warriors,St Kitts and Nevis Patriots,BA King,C Hemraj,SS Cottrell,0,0,,,,,,,,,
1185847,2019,2019-09-14,"Warner Park, Basseterre",2,1.1,Guyana Amazon Warriors,St Kitts and Nevis Patriots,C Hemraj,BA King,AS Joseph,0,0,,,,,,,,,
1185847,2019,2019-09-14,"Warner Park, Basseterre",2,1.2,Guyana Amazon Warriors,St Kitts and Nevis Patriots,C Hemraj,BA King,AS Joseph,0,0,,,,,,,,,
1185847,2019,2019-09-14,"Warner Park, Basseterre",2,1.3,Guyana Amazon Warriors,St Kitts and Nevis Patriots,C Hemraj,BA King,AS Joseph,0,5,5,,,,,,,,
1185847,2019,2019-09-14,"Warner Park, Basseterre",2,1.4,Guyana Amazon Warriors,St Kitts and Nevis Patriots,C Hemraj,BA King,AS Joseph,0,0,,,,,,,,,
1185847,2019,2019-09-14,"Warner Park, Basseterre",2,1.5,Guyana Amazon Warriors,St Kitts and Nevis Patriots,C Hemraj,BA King,AS Joseph,4,0,,,,,,,,,
1185847,2019,2019-09-14,"Warner Park, Basseterre",2,1.6,Guyana Amazon Warriors,St Kitts and Nevis Patriots,C Hemraj,BA King,AS Joseph,4,0,,,,,,,,,
1185847,2019,2019-09-14,"Warner Park, Basseterre",2,1.7,Guyana Amazon Warriors,St Kitts and Nevis Patriots,C Hemraj,BA King,AS Joseph,0,0,,,,,,,,,
1185847,2019,2019-09-14,"Warner Park, Basseterre",2,2.1,Guyana Amazon Warriors,St Kitts and Nevis Patriots,BA King,C Hemraj,SS Cottrell,0,0,,,,,,,,,
1185847,2019,2019-09-14,"Warner Park, Basseterre",2,2.2,Guyana Amazon Warriors,St Kitts and Nevis Patriots,BA King,C Hemraj,SS Cottrell,0,0,,,,,,,,,
1185847,2019,2019-09-14,"Warner Park, Basseterre",2,2.3,Guyana Amazon Warriors,St Kitts and Nevis Patriots,BA King,C Hemraj,SS Cottrell,4,0,,,,,,,,,
1185847,2019,2019-09-14,"Warner Park, Basseterre",2,2.4,Guyana Amazon Warriors,St Kitts and Nevis Patriots,BA King,C Hemraj,SS Cottrell,6,0,,,,,,,,,
1185847,2019,2019-09-14,"Warner Park, Basseterre",2,2.5,Guyana Amazon Warriors,St Kitts and Nevis Patriots,BA King,C Hemraj,SS Cottrell,4,0,,,,,,,,,
1185847,2019,2019-09-14,"Warner Park, Basseterre",2,2.6,Guyana Amazon Warriors,St Kitts and Nevis Patriots,BA King,C Hemraj,SS Cottrell,4,0,,,,,,,,,
1185847,2019,2019-09-14,"Warner Park, Basseterre",2,3.1,Guyana Amazon Warriors,St Kitts and Nevis Patriots,C Hemraj,BA King,Mohammad Hafeez,0,0,,,,,,,,,
1185847,2019,2019-09-14,"Warner Park, Basseterre",2,3.2,Guyana Amazon Warriors,St Kitts and Nevis Patriots,C Hemraj,BA King,Mohammad Hafeez,0,0,,,,,,,,,
1185847,2019,2019-09-14,"Warner Park, Basseterre",2,3.3,Guyana Amazon Warriors,St Kitts and Nevis Patriots,C Hemraj,BA King,Mohammad Hafeez,1,0,,,,,,,,,
1185847,2019,2019-09-14,"Warner Park, Basseterre",2,3.4,Guyana Amazon Warriors,St Kitts and Nevis Patriots,BA King,C Hemraj,Mohammad Hafeez,1,0,,,,,,,,,
1185847,2019,2019-09-14,"Warner Park, Basseterre",2,3.5,Guyana Amazon Warriors,St Kitts and Nevis Patriots,C Hemraj,BA King,Mohammad Hafeez,0,0,,,,,,,,,
1185847,2019,2019-09-14,"Warner Park, Basseterre",2,3.6,Guyana Amazon Warriors,St Kitts and Nevis Patriots,C Hemraj,BA King,Mohammad Hafeez,0,0,,,,,,,,,
1185847,2019,2019-09-14,"Warner Park, Basseterre",2,4.1,Guyana Amazon Warriors,St Kitts and Nevis Patriots,BA King,C Hemraj,FA Allen,4,0,,,,,,,,,
1185847,2019,2019-09-14,"Warner Park, Basseterre",2,4.2,Guyana Amazon Warriors,St Kitts and Nevis Patriots,BA King,C Hemraj,FA Allen,0,0,,,,,,,,,
1185847,2019,2019-09-14,"Warner Park, Basseterre",2,4.3,Guyana Amazon Warriors,St Kitts and Nevis Patriots,BA King,C Hemraj,FA Allen,6,0,,,,,,,,,
1185847,2019,2019-09-14,"Warner Park, Basseterre",2,4.4,Guyana Amazon Warriors,St Kitts and Nevis Patriots,BA King,C Hemraj,FA Allen,0,0,,,,,,,,,
1185847,2019,2019-09-14,"Warner Park, Basseterre",2,4.5,Guyana Amazon Warriors,St Kitts and Nevis Patriots,BA King,C Hemraj,FA Allen,6,0,,,,,,,,,
1185847,2019,2019-09-14,"Warner Park, Basseterre",2,4.6,Guyana Amazon Warriors,St Kitts and Nevis Patriots,BA King,C Hemraj,FA Allen,0,0,,,,,,,,,
1185847,2019,2019-09-14,"Warner Park, Basseterre",2,5.1,Guyana Amazon Warriors,St Kitts and Nevis Patriots,C Hemraj,BA King,Mohammad Hafeez,1,0,,,,,,,,,
1185847,2019,2019-09-14,"Warner Park, Basseterre",2,5.2,Guyana Amazon Warriors,St Kitts and Nevis Patriots,BA King,C Hemraj,Mohammad Hafeez,2,0,,,,,,,,,
1185847,2019,2019-09-14,"Warner Park, Basseterre",2,5.3,Guyana Amazon Warriors,St Kitts and Nevis Patriots,BA King,C Hemraj,Mohammad Hafeez,4,0,,,,,,,,,
1185847,2019,2019-09-14,"Warner Park, Basseterre",2,5.4,Guyana Amazon Warriors,St Kitts and Nevis Patriots,BA King,C Hemraj,Mohammad Hafeez,4,0,,,,,,,,,
1185847,2019,2019-09-14,"Warner Park, Basseterre",2,5.5,Guyana Amazon Warriors,St Kitts and Nevis Patriots,BA King,C Hemraj,Mohammad Hafeez,0,0,,,,,,,,,
1185847,2019,2019-09-14,"Warner Park, Basseterre",2,5.6,Guyana Amazon Warriors,St Kitts and Nevis Patriots,BA King,C Hemraj,Mohammad Hafeez,0,0,,,,,,run out,BA King,,
1185847,2019,2019-09-14,"Warner Park, Basseterre",2,6.1,Guyana Amazon Warriors,St Kitts and Nevis Patriots,C Hemraj,SO Hetmyer,CR Brathwaite,0,0,,,,,,,,,
1185847,2019,2019-09-14,"Warner Park, Basseterre",2,6.2,Guyana Amazon Warriors,St Kitts and Nevis Patriots,C Hemraj,SO Hetmyer,CR Brathwaite,1,0,,,,,,,,,
1185847,2019,2019-09-14,"Warner Park, Basseterre",2,6.3,Guyana Amazon Warriors,St Kitts and Nevis Patriots,SO Hetmyer,C Hemraj,CR Brathwaite,0,0,,,,,,,,,
1185847,2019,2019-09-14,"Warner Park, Basseterre",2,6.4,Guyana Amazon Warriors,St Kitts and Nevis Patriots,SO Hetmyer,C Hemraj,CR Brathwaite,0,0,,,,,,,,,
1185847,2019,2019-09-14,"Warner Park, Basseterre",2,6.5,Guyana Amazon Warriors,St Kitts and Nevis Patriots,SO Hetmyer,C Hemraj,CR Brathwaite,1,0,,,,,,,,,
1185847,2019,2019-09-14,"Warner Park, Basseterre",2,6.6,Guyana Amazon Warriors,St Kitts and Nevis Patriots,C Hemraj,SO Hetmyer,CR Brathwaite,0,0,,,,,,,,,
1185847,2019,2019-09-14,"Warner Park, Basseterre",2,7.1,Guyana Amazon Warriors,St Kitts and Nevis Patriots,SO Hetmyer,C Hemraj,Mohammad Hafeez,0,0,,,,,,,,,
1185847,2019,2019-09-14,"Warner Park, Basseterre",2,7.2,Guyana Amazon Warriors,St Kitts and Nevis Patriots,SO Hetmyer,C Hemraj,Mohammad Hafeez,0,0,,,,,,caught,SO Hetmyer,,
1185847,2019,2019-09-14,"Warner Park, Basseterre",2,7.3,Guyana Amazon Warriors,St Kitts and Nevis Patriots,Shoaib Malik,C Hemraj,Mohammad Hafeez,1,0,,,,,,,,,
1185847,2019,2019-09-14,"Warner Park, Basseterre",2,7.4,Guyana Amazon Warriors,St Kitts and Nevis Patriots,C Hemraj,Shoaib Malik,Mohammad Hafeez,0,0,,,,,,,,,
1185847,2019,2019-09-14,"Warner Park, Basseterre",2,7.5,Guyana Amazon Warriors,St Kitts and Nevis Patriots,C Hemraj,Shoaib Malik,Mohammad Hafeez,1,0,,,,,,,,,
1185847,2019,2019-09-14,"Warner Park, Basseterre",2,7.6,Guyana Amazon Warriors,St Kitts and Nevis Patriots,Shoaib Malik,C Hemraj,Mohammad Hafeez,0,0,,,,,,,,,
1185847,2019,2019-09-14,"Warner Park, Basseterre",2,8.1,Guyana Amazon Warriors,St Kitts and Nevis Patriots,C Hemraj,Shoaib Malik,CR Brathwaite,1,0,,,,,,,,,
1185847,2019,2019-09-14,"Warner Park, Basseterre",2,8.2,Guyana Amazon Warriors,St Kitts and Nevis Patriots,Shoaib Malik,C Hemraj,CR Brathwaite,0,0,,,,,,,,,
1185847,2019,2019-09-14,"Warner Park, Basseterre",2,8.3,Guyana Amazon Warriors,St Kitts and Nevis Patriots,Shoaib Malik,C Hemraj,CR Brathwaite,1,0,,,,,,,,,
1185847,2019,2019-09-14,"Warner Park, Basseterre",2,8.4,Guyana Amazon Warriors,St Kitts and Nevis Patriots,C Hemraj,Shoaib Malik,CR Brathwaite,4,0,,,,,,,,,
1185847,2019,2019-09-14,"Warner Park, Basseterre",2,8.5,Guyana Amazon Warriors,St Kitts and Nevis Patriots,C Hemraj,Shoaib Malik,CR Brathwaite,1,0,,,,,,,,,
1185847,2019,2019-09-14,"Warner Park, Basseterre",2,8.6,Guyana Amazon Warriors,St Kitts and Nevis Patriots,Shoaib Malik,C Hemraj,CR Brathwaite,0,0,,,,,,,,,
1185847,2019,2019-09-14,"Warner Park, Basseterre",2,9.1,Guyana Amazon Warriors,St Kitts and Nevis Patriots,C Hemraj,Shoaib Malik,AS Joseph,1,0,,,,,,,,,
1185847,2019,2019-09-14,"Warner Park, Basseterre",2,9.2,Guyana Amazon Warriors,St Kitts and Nevis Patriots,Shoaib Malik,C Hemraj,AS Joseph,1,0,,,,,,,,,
1185847,2019,2019-09-14,"Warner Park, Basseterre",2,9.3,Guyana Amazon Warriors,St Kitts and Nevis Patriots,C Hemraj,Shoaib Malik,AS Joseph,1,0,,,,,,,,,
1185847,2019,2019-09-14,"Warner Park, Basseterre",2,9.4,Guyana Amazon Warriors,St Kitts and Nevis Patriots,Shoaib Malik,C Hemraj,AS Joseph,1,0,,,,,,,,,
1185847,2019,2019-09-14,"Warner Park, Basseterre",2,9.5,Guyana Amazon Warriors,St Kitts and Nevis Patriots,C Hemraj,Shoaib Malik,AS Joseph,1,0,,,,,,,,,
1185847,2019,2019-09-14,"Warner Park, Basseterre",2,9.6,Guyana Amazon Warriors,St Kitts and Nevis Patriots,Shoaib Malik,C Hemraj,AS Joseph,4,0,,,,,,,,,
1185847,2019,2019-09-14,"Warner Park, Basseterre",2,10.1,Guyana Amazon Warriors,St Kitts and Nevis Patriots,C Hemraj,Shoaib Malik,RR Emrit,1,0,,,,,,,,,
1185847,2019,2019-09-14,"Warner Park, Basseterre",2,10.2,Guyana Amazon Warriors,St Kitts and Nevis Patriots,Shoaib Malik,C Hemraj,RR Emrit,1,0,,,,,,,,,
1185847,2019,2019-09-14,"Warner Park, Basseterre",2,10.3,Guyana Amazon Warriors,St Kitts and Nevis Patriots,C Hemraj,Shoaib Malik,RR Emrit,0,0,,,,,,caught,C Hemraj,,
1185847,2019,2019-09-14,"Warner Park, Basseterre",2,10.4,Guyana Amazon Warriors,St Kitts and Nevis Patriots,N Pooran,Shoaib Malik,RR Emrit,0,0,,,,,,,,,
1185847,2019,2019-09-14,"Warner Park, Basseterre",2,10.5,Guyana Amazon Warriors,St Kitts and Nevis Patriots,N Pooran,Shoaib Malik,RR Emrit,1,0,,,,,,,,,
1185847,2019,2019-09-14,"Warner Park, Basseterre",2,10.6,Guyana Amazon Warriors,St Kitts and Nevis Patriots,Shoaib Malik,N Pooran,RR Emrit,1,0,,,,,,,,,
1185847,2019,2019-09-14,"Warner Park, Basseterre",2,11.1,Guyana Amazon Warriors,St Kitts and Nevis Patriots,Shoaib Malik,N Pooran,Mohammad Hafeez,1,0,,,,,,,,,
1185847,2019,2019-09-14,"Warner Park, Basseterre",2,11.2,Guyana Amazon Warriors,St Kitts and Nevis Patriots,N Pooran,Shoaib Malik,Mohammad Hafeez,0,0,,,,,,,,,
1185847,2019,2019-09-14,"Warner Park, Basseterre",2,11.3,Guyana Amazon Warriors,St Kitts and Nevis Patriots,N Pooran,Shoaib Malik,Mohammad Hafeez,0,0,,,,,,,,,
1185847,2019,2019-09-14,"Warner Park, Basseterre",2,11.4,Guyana Amazon Warriors,St Kitts and Nevis Patriots,N Pooran,Shoaib Malik,Mohammad Hafeez,1,0,,,,,,,,,
1185847,2019,2019-09-14,"Warner Park, Basseterre",2,11.5,Guyana Amazon Warriors,St Kitts and Nevis Patriots,Shoaib Malik,N Pooran,Mohammad Hafeez,1,0,,,,,,,,,
1185847,2019,2019-09-14,"Warner Park, Basseterre",2,11.6,Guyana Amazon Warriors,St Kitts and Nevis Patriots,N Pooran,Shoaib Malik,Mohammad Hafeez,6,0,,,,,,,,,
1185847,2019,2019-09-14,"Warner Park, Basseterre",2,12.1,Guyana Amazon Warriors,St Kitts and Nevis Patriots,Shoaib Malik,N Pooran,RR Emrit,1,0,,,,,,,,,
1185847,2019,2019-09-14,"Warner Park, Basseterre",2,12.2,Guyana Amazon Warriors,St Kitts and Nevis Patriots,N Pooran,Shoaib Malik,RR Emrit,1,0,,,,,,,,,
1185847,2019,2019-09-14,"Warner Park, Basseterre",2,12.3,Guyana Amazon Warriors,St Kitts and Nevis Patriots,Shoaib Malik,N Pooran,RR Emrit,1,0,,,,,,,,,
1185847,2019,2019-09-14,"Warner Park, Basseterre",2,12.4,Guyana Amazon Warriors,St Kitts and Nevis Patriots,N Pooran,Shoaib Malik,RR Emrit,4,0,,,,,,,,,
1185847,2019,2019-09-14,"Warner Park, Basseterre",2,12.5,Guyana Amazon Warriors,St Kitts and Nevis Patriots,N Pooran,Shoaib Malik,RR Emrit,1,0,,,,,,,,,
1185847,2019,2019-09-14,"Warner Park, Basseterre",2,12.6,Guyana Amazon Warriors,St Kitts and Nevis Patriots,Shoaib Malik,N Pooran,RR Emrit,0,1,1,,,,,,,,
1185847,2019,2019-09-14,"Warner Park, Basseterre",2,12.7,Guyana Amazon Warriors,St Kitts and Nevis Patriots,Shoaib Malik,N Pooran,RR Emrit,0,1,,1,,,,,,,
1185847,2019,2019-09-14,"Warner Park, Basseterre",2,12.8,Guyana Amazon Warriors,St Kitts and Nevis Patriots,Shoaib Malik,N Pooran,RR Emrit,1,0,,,,,,,,,
1185847,2019,2019-09-14,"Warner Park, Basseterre",2,13.1,Guyana Amazon Warriors,St Kitts and Nevis Patriots,Shoaib Malik,N Pooran,DC Drakes,1,0,,,,,,,,,
1185847,2019,2019-09-14,"Warner Park, Basseterre",2,13.2,Guyana Amazon Warriors,St Kitts and Nevis Patriots,N Pooran,Shoaib Malik,DC Drakes,0,0,,,,,,,,,
1185847,2019,2019-09-14,"Warner Park, Basseterre",2,13.3,Guyana Amazon Warriors,St Kitts and Nevis Patriots,N Pooran,Shoaib Malik,DC Drakes,0,0,,,,,,,,,
1185847,2019,2019-09-14,"Warner Park, Basseterre",2,13.4,Guyana Amazon Warriors,St Kitts and Nevis Patriots,N Pooran,Shoaib Malik,DC Drakes,1,0,,,,,,,,,
1185847,2019,2019-09-14,"Warner Park, Basseterre",2,13.5,Guyana Amazon Warriors,St Kitts and Nevis Patriots,Shoaib Malik,N Pooran,DC Drakes,1,0,,,,,,,,,
1185847,2019,2019-09-14,"Warner Park, Basseterre",2,13.6,Guyana Amazon Warriors,St Kitts and Nevis Patriots,N Pooran,Shoaib Malik,DC Drakes,0,0,,,,,,,,,
1185847,2019,2019-09-14,"Warner Park, Basseterre",2,14.1,Guyana Amazon Warriors,St Kitts and Nevis Patriots,Shoaib Malik,N Pooran,SS Cottrell,1,0,,,,,,,,,
1185847,2019,2019-09-14,"Warner Park, Basseterre",2,14.2,Guyana Amazon Warriors,St Kitts and Nevis Patriots,N Pooran,Shoaib Malik,SS Cottrell,0,0,,,,,,,,,
1185847,2019,2019-09-14,"Warner Park, Basseterre",2,14.3,Guyana Amazon Warriors,St Kitts and Nevis Patriots,N Pooran,Shoaib Malik,SS Cottrell,1,0,,,,,,,,,
1185847,2019,2019-09-14,"Warner Park, Basseterre",2,14.4,Guyana Amazon Warriors,St Kitts and Nevis Patriots,Shoaib Malik,N Pooran,SS Cottrell,1,0,,,,,,,,,
1185847,2019,2019-09-14,"Warner Park, Basseterre",2,14.5,Guyana Amazon Warriors,St Kitts and Nevis Patriots,N Pooran,Shoaib Malik,SS Cottrell,2,0,,,,,,,,,
1185847,2019,2019-09-14,"Warner Park, Basseterre",2,14.6,Guyana Amazon Warriors,St Kitts and Nevis Patriots,N Pooran,Shoaib Malik,SS Cottrell,0,0,,,,,,,,,
1185847,2019,2019-09-14,"Warner Park, Basseterre",2,15.1,Guyana Amazon Warriors,St Kitts and Nevis Patriots,Shoaib Malik,N Pooran,DC Drakes,0,0,,,,,,,,,
1185847,2019,2019-09-14,"Warner Park, Basseterre",2,15.2,Guyana Amazon Warriors,St Kitts and Nevis Patriots,Shoaib Malik,N Pooran,DC Drakes,4,0,,,,,,,,,
1185847,2019,2019-09-14,"Warner Park, Basseterre",2,15.3,Guyana Amazon Warriors,St Kitts and Nevis Patriots,Shoaib Malik,N Pooran,DC Drakes,0,0,,,,,,,,,
1185847,2019,2019-09-14,"Warner Park, Basseterre",2,15.4,Guyana Amazon Warriors,St Kitts and Nevis Patriots,Shoaib Malik,N Pooran,DC Drakes,0,0,,,,,,,,,
1185847,2019,2019-09-14,"Warner Park, Basseterre",2,15.5,Guyana Amazon Warriors,St Kitts and Nevis Patriots,Shoaib Malik,N Pooran,DC Drakes,1,0,,,,,,,,,
1185847,2019,2019-09-14,"Warner Park, Basseterre",2,15.6,Guyana Amazon Warriors,St Kitts and Nevis Patriots,N Pooran,Shoaib Malik,DC Drakes,0,1,1,,,,,,,,
