match_id,season,start_date,venue,innings,ball,batting_team,bowling_team,striker,non_striker,bowler,runs_off_bat,extras,wides,noballs,byes,legbyes,penalty,wicket_type,player_dismissed,other_wicket_type,other_player_dismissed
1185840,2019,2019-09-07,Providence Stadium,1,0.1,St Kitts and Nevis Patriots,Guyana Amazon Warriors,KY Ottley,E Lewis,CJ Green,0,0,,,,,,,,,
1185840,2019,2019-09-07,Providence Stadium,1,0.2,St Kitts and Nevis Patriots,Guyana Amazon Warriors,KY Ottley,E Lewis,CJ Green,0,0,,,,,,,,,
1185840,2019,2019-09-07,Providence Stadium,1,0.3,St Kitts and Nevis Patriots,Guyana Amazon Warriors,KY Ottley,E Lewis,CJ Green,0,0,,,,,,,,,
1185840,2019,2019-09-07,Providence Stadium,1,0.4,St Kitts and Nevis Patriots,Guyana Amazon Warriors,KY Ottley,E Lewis,CJ Green,1,0,,,,,,,,,
1185840,2019,2019-09-07,Providence Stadium,1,0.5,St Kitts and Nevis Patriots,Guyana Amazon Warriors,E Lewis,KY Ottley,CJ Green,1,0,,,,,,,,,
1185840,2019,2019-09-07,Providence Stadium,1,0.6,St Kitts and Nevis Patriots,Guyana Amazon Warriors,KY Ottley,E Lewis,CJ Green,1,0,,,,,,,,,
1185840,2019,2019-09-07,Providence Stadium,1,1.1,St Kitts and Nevis Patriots,Guyana Amazon Warriors,KY Ottley,E Lewis,KMA Paul,1,0,,,,,,,,,
1185840,2019,2019-09-07,Providence Stadium,1,1.2,St Kitts and Nevis Patriots,Guyana Amazon Warriors,E Lewis,KY Ottley,KMA Paul,1,0,,,,,,,,,
1185840,2019,2019-09-07,Providence Stadium,1,1.3,St Kitts and Nevis Patriots,Guyana Amazon Warriors,KY Ottley,E Lewis,KMA Paul,0,0,,,,,,,,,
1185840,2019,2019-09-07,Providence Stadium,1,1.4,St Kitts and Nevis Patriots,Guyana Amazon Warriors,KY Ottley,E Lewis,KMA Paul,0,0,,,,,,,,,
1185840,2019,2019-09-07,Providence Stadium,1,1.5,St Kitts and Nevis Patriots,Guyana Amazon Warriors,KY Ottley,E Lewis,KMA Paul,4,0,,,,,,,,,
1185840,2019,2019-09-07,Providence Stadium,1,1.6,St Kitts and Nevis Patriots,Guyana Amazon Warriors,KY Ottley,E Lewis,KMA Paul,0,1,,1,,,,,,,
1185840,2019,2019-09-07,Providence Stadium,1,1.7,St Kitts and Nevis Patriots,Guyana Amazon Warriors,KY Ottley,E Lewis,KMA Paul,4,1,,1,,,,,,,
1185840,2019,2019-09-07,Providence Stadium,1,1.8,St Kitts and Nevis Patriots,Guyana Amazon Warriors,KY Ottley,E Lewis,KMA Paul,4,0,,,,,,,,,
1185840,2019,2019-09-07,Providence Stadium,1,2.1,St Kitts and Nevis Patriots,Guyana Amazon Warriors,E Lewis,KY Ottley,CJ Green,0,0,,,,,,,,,
1185840,2019,2019-09-07,Providence Stadium,1,2.2,St Kitts and Nevis Patriots,Guyana Amazon Warriors,E Lewis,KY Ottley,CJ Green,0,0,,,,,,run out,KY Ottley,,
1185840,2019,2019-09-07,Providence Stadium,1,2.3,St Kitts and Nevis Patriots,Guyana Amazon Warriors,E Lewis,DC Thomas,CJ Green,0,0,,,,,,,,,
1185840,2019,2019-09-07,Providence Stadium,1,2.4,St Kitts and Nevis Patriots,Guyana Amazon Warriors,E Lewis,DC Thomas,CJ Green,1,0,,,,,,,,,
1185840,2019,2019-09-07,Providence Stadium,1,2.5,St Kitts and Nevis Patriots,Guyana Amazon Warriors,DC Thomas,E Lewis,CJ Green,1,0,,,,,,,,,
1185840,2019,2019-09-07,Providence Stadium,1,2.6,St Kitts and Nevis Patriots,Guyana Amazon Warriors,E Lewis,DC Thomas,CJ Green,0,0,,,,,,,,,
1185840,2019,2019-09-07,Providence Stadium,1,3.1,St Kitts and Nevis Patriots,Guyana Amazon Warriors,DC Thomas,E Lewis,Shadab Khan,0,0,,,,,,,,,
1185840,2019,2019-09-07,Providence Stadium,1,3.2,St Kitts and Nevis Patriots,Guyana Amazon Warriors,DC Thomas,E Lewis,Shadab Khan,0,0,,,,,,,,,
1185840,2019,2019-09-07,Providence Stadium,1,3.3,St Kitts and Nevis Patriots,Guyana Amazon Warriors,DC Thomas,E Lewis,Shadab Khan,1,0,,,,,,,,,
1185840,2019,2019-09-07,Providence Stadium,1,3.4,St Kitts and Nevis Patriots,Guyana Amazon Warriors,E Lewis,DC Thomas,Shadab Khan,0,0,,,,,,,,,
1185840,2019,2019-09-07,Providence Stadium,1,3.5,St Kitts and Nevis Patriots,Guyana Amazon Warriors,E Lewis,DC Thomas,Shadab Khan,0,0,,,,,,,,,
1185840,2019,2019-09-07,Providence Stadium,1,3.6,St Kitts and Nevis Patriots,Guyana Amazon Warriors,E Lewis,DC Thomas,Shadab Khan,0,0,,,,,,,,,
1185840,2019,2019-09-07,Providence Stadium,1,4.1,St Kitts and Nevis Patriots,Guyana Amazon Warriors,DC Thomas,E Lewis,CJ Green,0,0,,,,,,,,,
1185840,2019,2019-09-07,Providence Stadium,1,4.2,St Kitts and Nevis Patriots,Guyana Amazon Warriors,DC Thomas,E Lewis,CJ Green,0,1,1,,,,,,,,
1185840,2019,2019-09-07,Providence Stadium,1,4.3,St Kitts and Nevis Patriots,Guyana Amazon Warriors,DC Thomas,E Lewis,CJ Green,0,0,,,,,,,,,
1185840,2019,2019-09-07,Providence Stadium,1,4.4,St Kitts and Nevis Patriots,Guyana Amazon Warriors,DC Thomas,E Lewis,CJ Green,1,0,,,,,,,,,
1185840,2019,2019-09-07,Providence Stadium,1,4.5,St Kitts and Nevis Patriots,Guyana Amazon Warriors,E Lewis,DC Thomas,CJ Green,0,0,,,,,,,,,
1185840,2019,2019-09-07,Providence Stadium,1,4.6,St Kitts and Nevis Patriots,Guyana Amazon Warriors,E Lewis,DC Thomas,CJ Green,6,0,,,,,,,,,
1185840,2019,2019-09-07,Providence Stadium,1,4.7,St Kitts and Nevis Patriots,Guyana Amazon Warriors,E Lewis,DC Thomas,CJ Green,0,0,,,,,,,,,
1185840,2019,2019-09-07,Providence Stadium,1,5.1,St Kitts and Nevis Patriots,Guyana Amazon Warriors,DC Thomas,E Lewis,Shadab Khan,0,0,,,,,,,,,
1185840,2019,2019-09-07,Providence Stadium,1,5.2,St Kitts and Nevis Patriots,Guyana Amazon Warriors,DC Thomas,E Lewis,Shadab Khan,0,0,,,,,,,,,
1185840,2019,2019-09-07,Providence Stadium,1,5.3,St Kitts and Nevis Patriots,Guyana Amazon Warriors,DC Thomas,E Lewis,Shadab Khan,1,0,,,,,,,,,
1185840,2019,2019-09-07,Providence Stadium,1,5.4,St Kitts and Nevis Patriots,Guyana Amazon Warriors,E Lewis,DC Thomas,Shadab Khan,0,0,,,,,,,,,
1185840,2019,2019-09-07,Providence Stadium,1,5.5,St Kitts and Nevis Patriots,Guyana Amazon Warriors,E Lewis,DC Thomas,Shadab Khan,0,0,,,,,,caught,E Lewis,,
1185840,2019,2019-09-07,Providence Stadium,1,5.6,St Kitts and Nevis Patriots,Guyana Amazon Warriors,DC Thomas,Mohammad Hafeez,Shadab Khan,0,0,,,,,,,,,
1185840,2019,2019-09-07,Providence Stadium,1,6.1,St Kitts and Nevis Patriots,Guyana Amazon Warriors,Mohammad Hafeez,DC Thomas,R Shepherd,1,0,,,,,,,,,
1185840,2019,2019-09-07,Providence Stadium,1,6.2,St Kitts and Nevis Patriots,Guyana Amazon Warriors,DC Thomas,Mohammad Hafeez,R Shepherd,0,0,,,,,,,,,
1185840,2019,2019-09-07,Providence Stadium,1,6.3,St Kitts and Nevis Patriots,Guyana Amazon Warriors,DC Thomas,Mohammad Hafeez,R Shepherd,0,0,,,,,,,,,
1185840,2019,2019-09-07,Providence Stadium,1,6.4,St Kitts and Nevis Patriots,Guyana Amazon Warriors,DC Thomas,Mohammad Hafeez,R Shepherd,4,0,,,,,,,,,
1185840,2019,2019-09-07,Providence Stadium,1,6.5,St Kitts and Nevis Patriots,Guyana Amazon Warriors,DC Thomas,Mohammad Hafeez,R Shepherd,0,0,,,,,,,,,
1185840,2019,2019-09-07,Providence Stadium,1,6.6,St Kitts and Nevis Patriots,Guyana Amazon Warriors,DC Thomas,Mohammad Hafeez,R Shepherd,0,0,,,,,,,,,
1185840,2019,2019-09-07,Providence Stadium,1,7.1,St Kitts and Nevis Patriots,Guyana Amazon Warriors,Mohammad Hafeez,DC Thomas,B Laughlin,0,0,,,,,,,,,
1185840,2019,2019-09-07,Providence Stadium,1,7.2,St Kitts and Nevis Patriots,Guyana Amazon Warriors,Mohammad Hafeez,DC Thomas,B Laughlin,0,0,,,,,,,,,
1185840,2019,2019-09-07,Providence Stadium,1,7.3,St Kitts and Nevis Patriots,Guyana Amazon Warriors,Mohammad Hafeez,DC Thomas,B Laughlin,0,0,,,,,,,,,
1185840,2019,2019-09-07,Providence Stadium,1,7.4,St Kitts and Nevis Patriots,Guyana Amazon Warriors,Mohammad Hafeez,DC Thomas,B Laughlin,1,0,,,,,,,,,
1185840,2019,2019-09-07,Providence Stadium,1,7.5,St Kitts and Nevis Patriots,Guyana Amazon Warriors,DC Thomas,Mohammad Hafeez,B Laughlin,4,0,,,,,,,,,
1185840,2019,2019-09-07,Providence Stadium,1,7.6,St Kitts and Nevis Patriots,Guyana Amazon Warriors,DC Thomas,Mohammad Hafeez,B Laughlin,1,0,,,,,,,,,
1185840,2019,2019-09-07,Providence Stadium,1,8.1,St Kitts and Nevis Patriots,Guyana Amazon Warriors,DC Thomas,Mohammad Hafeez,R Shepherd,0,0,,,,,,,,,
1185840,2019,2019-09-07,Providence Stadium,1,8.2,St Kitts and Nevis Patriots,Guyana Amazon Warriors,DC Thomas,Mohammad Hafeez,R Shepherd,0,0,,,,,,,,,
1185840,2019,2019-09-07,Providence Stadium,1,8.3,St Kitts and Nevis Patriots,Guyana Amazon Warriors,DC Thomas,Mohammad Hafeez,R Shepherd,0,0,,,,,,,,,
1185840,2019,2019-09-07,Providence Stadium,1,8.4,St Kitts and Nevis Patriots,Guyana Amazon Warriors,DC Thomas,Mohammad Hafeez,R Shepherd,1,0,,,,,,,,,
1185840,2019,2019-09-07,Providence Stadium,1,8.5,St Kitts and Nevis Patriots,Guyana Amazon Warriors,Mohammad Hafeez,DC Thomas,R Shepherd,2,0,,,,,,,,,
1185840,2019,2019-09-07,Providence Stadium,1,8.6,St Kitts and Nevis Patriots,Guyana Amazon Warriors,Mohammad Hafeez,DC Thomas,R Shepherd,2,0,,,,,,,,,
1185840,2019,2019-09-07,Providence Stadium,1,9.1,St Kitts and Nevis Patriots,Guyana Amazon Warriors,DC Thomas,Mohammad Hafeez,KMA Paul,2,0,,,,,,,,,
1185840,2019,2019-09-07,Providence Stadium,1,9.2,St Kitts and Nevis Patriots,Guyana Amazon Warriors,DC Thomas,Mohammad Hafeez,KMA Paul,4,0,,,,,,,,,
1185840,2019,2019-09-07,Providence Stadium,1,9.3,St Kitts and Nevis Patriots,Guyana Amazon Warriors,DC Thomas,Mohammad Hafeez,KMA Paul,0,1,1,,,,,,,,
1185840,2019,2019-09-07,Providence Stadium,1,9.4,St Kitts and Nevis Patriots,Guyana Amazon Warriors,DC Thomas,Mohammad Hafeez,KMA Paul,1,0,,,,,,,,,
1185840,2019,2019-09-07,Providence Stadium,1,9.5,St Kitts and Nevis Patriots,Guyana Amazon Warriors,Mohammad Hafeez,DC Thomas,KMA Paul,1,0,,,,,,,,,
1185840,2019,2019-09-07,Providence Stadium,1,9.6,St Kitts and Nevis Patriots,Guyana Amazon Warriors,DC Thomas,Mohammad Hafeez,KMA Paul,4,0,,,,,,,,,
1185840,2019,2019-09-07,Providence Stadium,1,9.7,St Kitts and Nevis Patriots,Guyana Amazon Warriors,DC Thomas,Mohammad Hafeez,KMA Paul,1,0,,,,,,,,,
1185840,2019,2019-09-07,Providence Stadium,1,10.1,St Kitts and Nevis Patriots,Guyana Amazon Warriors,DC Thomas,Mohammad Hafeez,R Shepherd,1,0,,,,,,,,,
1185840,2019,2019-09-07,Providence Stadium,1,10.2,St Kitts and Nevis Patriots,Guyana Amazon Warriors,Mohammad Hafeez,DC Thomas,R Shepherd,0,0,,,,,,,,,
1185840,2019,2019-09-07,Providence Stadium,1,10.3,St Kitts and Nevis Patriots,Guyana Amazon Warriors,Mohammad Hafeez,DC Thomas,R Shepherd,1,0,,,,,,,,,
1185840,2019,2019-09-07,Providence Stadium,1,10.4,St Kitts and Nevis Patriots,Guyana Amazon Warriors,DC Thomas,Mohammad Hafeez,R Shepherd,1,0,,,,,,,,,
1185840,2019,2019-09-07,Providence Stadium,1,10.5,St Kitts and Nevis Patriots,Guyana Amazon Warriors,Mohammad Hafeez,DC Thomas,R Shepherd,1,0,,,,,,,,,
1185840,2019,2019-09-07,Providence Stadium,1,10.6,St Kitts and Nevis Patriots,Guyana Amazon Warriors,DC Thomas,Mohammad Hafeez,R Shepherd,1,0,,,,,,,,,
1185840,2019,2019-09-07,Providence Stadium,1,11.1,St Kitts and Nevis Patriots,Guyana Amazon Warriors,DC Thomas,Mohammad Hafeez,B Laughlin,1,0,,,,,,,,,
1185840,2019,2019-09-07,Providence Stadium,1,11.2,St Kitts and Nevis Patriots,Guyana Amazon Warriors,Mohammad Hafeez,DC Thomas,B Laughlin,1,0,,,,,,,,,
1185840,2019,2019-09-07,Providence Stadium,1,11.3,St Kitts and Nevis Patriots,Guyana Amazon Warriors,DC Thomas,Mohammad Hafeez,B Laughlin,4,0,,,,,,,,,
1185840,2019,2019-09-07,Providence Stadium,1,11.4,St Kitts and Nevis Patriots,Guyana Amazon Warriors,DC Thomas,Mohammad Hafeez,B Laughlin,1,0,,,,,,,,,
1185840,2019,2019-09-07,Providence Stadium,1,11.5,St Kitts and Nevis Patriots,Guyana Amazon Warriors,Mohammad Hafeez,DC Thomas,B Laughlin,1,0,,,,,,,,,
1185840,2019,2019-09-07,Providence Stadium,1,11.6,St Kitts and Nevis Patriots,Guyana Amazon Warriors,DC Thomas,Mohammad Hafeez,B Laughlin,0,0,,,,,,,,,
1185840,2019,2019-09-07,Providence Stadium,1,12.1,St Kitts and Nevis Patriots,Guyana Amazon Warriors,Mohammad Hafeez,DC Thomas,KMA Paul,1,0,,,,,,,,,
1185840,2019,2019-09-07,Providence Stadium,1,12.2,St Kitts and Nevis Patriots,Guyana Amazon Warriors,DC Thomas,Mohammad Hafeez,KMA Paul,4,0,,,,,,,,,
1185840,2019,2019-09-07,Providence Stadium,1,12.3,St Kitts and Nevis Patriots,Guyana Amazon Warriors,DC Thomas,Mohammad Hafeez,KMA Paul,1,0,,,,,,,,,
1185840,2019,2019-09-07,Providence Stadium,1,12.4,St Kitts and Nevis Patriots,Guyana Amazon Warriors,Mohammad Hafeez,DC Thomas,KMA Paul,0,0,,,,,,,,,
1185840,2019,2019-09-07,Providence Stadium,1,12.5,St Kitts and Nevis Patriots,Guyana Amazon Warriors,Mohammad Hafeez,DC Thomas,KMA Paul,1,0,,,,,,,,,
1185840,2019,2019-09-07,Providence Stadium,1,12.6,St Kitts and Nevis Patriots,Guyana Amazon Warriors,DC Thomas,Mohammad Hafeez,KMA Paul,1,0,,,,,,,,,
1185840,2019,2019-09-07,Providence Stadium,1,13.1,St Kitts and Nevis Patriots,Guyana Amazon Warriors,DC Thomas,Mohammad Hafeez,Shadab Khan,0,1,,,1,,,,,,
1185840,2019,2019-09-07,Providence Stadium,1,13.2,St Kitts and Nevis Patriots,Guyana Amazon Warriors,Mohammad Hafeez,DC Thomas,Shadab Khan,1,0,,,,,,,,,
1185840,2019,2019-09-07,Providence Stadium,1,13.3,St Kitts and Nevis Patriots,Guyana Amazon Warriors,DC Thomas,Mohammad Hafeez,Shadab Khan,1,0,,,,,,,,,
1185840,2019,2019-09-07,Providence Stadium,1,13.4,St Kitts and Nevis Patriots,Guyana Amazon Warriors,Mohammad Hafeez,DC Thomas,Shadab Khan,0,0,,,,,,caught,Mohammad Hafeez,,
1185840,2019,2019-09-07,Providence Stadium,1,13.5,St Kitts and Nevis Patriots,Guyana Amazon Warriors,DC Thomas,CR Brathwaite,Shadab Khan,0,0,,,,,,,,,
1185840,2019,2019-09-07,Providence Stadium,1,13.6,St Kitts and Nevis Patriots,Guyana Amazon Warriors,DC Thomas,CR Brathwaite,Shadab Khan,0,0,,,,,,,,,
1185840,2019,2019-09-07,Providence Stadium,1,14.1,St Kitts and Nevis Patriots,Guyana Amazon Warriors,CR Brathwaite,DC Thomas,KMA Paul,0,0,,,,,,,,,
1185840,2019,2019-09-07,Providence Stadium,1,14.2,St Kitts and Nevis Patriots,Guyana Amazon Warriors,CR Brathwaite,DC Thomas,KMA Paul,0,0,,,,,,caught,CR Brathwaite,,
1185840,2019,2019-09-07,Providence Stadium,1,14.3,St Kitts and Nevis Patriots,Guyana Amazon Warriors,FA Allen,DC Thomas,KMA Paul,0,0,,,,,,,,,
1185840,2019,2019-09-07,Providence Stadium,1,14.4,St Kitts and Nevis Patriots,Guyana Amazon Warriors,FA Allen,DC Thomas,KMA Paul,1,0,,,,,,,,,
1185840,2019,2019-09-07,Providence Stadium,1,14.5,St Kitts and Nevis Patriots,Guyana Amazon Warriors,DC Thomas,FA Allen,KMA Paul,1,0,,,,,,,,,
1185840,2019,2019-09-07,Providence Stadium,1,14.6,St Kitts and Nevis Patriots,Guyana Amazon Warriors,FA Allen,DC Thomas,KMA Paul,4,0,,,,,,,,,
1185840,2019,2019-09-07,Providence Stadium,1,15.1,St Kitts and Nevis Patriots,Guyana Amazon Warriors,DC Thomas,FA Allen,Shadab Khan,6,0,,,,,,,,,
1185840,2019,2019-09-07,Providence Stadium,1,15.2,St Kitts and Nevis Patriots,Guyana Amazon Warriors,DC Thomas,FA Allen,Shadab Khan,6,0,,,,,,,,,
1185840,2019,2019-09-07,Providence Stadium,1,15.3,St Kitts and Nevis Patriots,Guyana Amazon Warriors,DC Thomas,FA Allen,Shadab Khan,1,0,,,,,,,,,
1185840,2019,2019-09-07,Providence Stadium,1,15.4,St Kitts and Nevis Patriots,Guyana Amazon Warriors,FA Allen,DC Thomas,Shadab Khan,1,0,,,,,,,,,
1185840,2019,2019-09-07,Providence Stadium,1,15.5,St Kitts and Nevis Patriots,Guyana Amazon Warriors,DC Thomas,FA Allen,Shadab Khan,1,0,,,,,,,,,
1185840,2019,2019-09-07,Providence Stadium,1,15.6,St Kitts and Nevis Patriots,Guyana Amazon Warriors,FA Allen,DC Thomas,Shadab Khan,1,0,,,,,,,,,
1185840,2019,2019-09-07,Providence Stadium,1,16.1,St Kitts and Nevis Patriots,Guyana Amazon Warriors,FA Allen,DC Thomas,B Laughlin,2,0,,,,,,,,,
1185840,2019,2019-09-07,Providence Stadium,1,16.2,St Kitts and Nevis Patriots,Guyana Amazon Warriors,FA Allen,DC Thomas,B Laughlin,0,1,,,,1,,,,,
1185840,2019,2019-09-07,Providence Stadium,1,16.3,St Kitts and Nevis Patriots,Guyana Amazon Warriors,DC Thomas,FA Allen,B Laughlin,4,0,,,,,,,,,
1185840,2019,2019-09-07,Providence Stadium,1,16.4,St Kitts and Nevis Patriots,Guyana Amazon Warriors,DC Thomas,FA Allen,B Laughlin,1,0,,,,,,,,,
1185840,2019,2019-09-07,Providence Stadium,1,16.5,St Kitts and Nevis Patriots,Guyana Amazon Warriors,FA Allen,DC Thomas,B Laughlin,4,0,,,,,,,,,
1185840,2019,2019-09-07,Providence Stadium,1,16.6,St Kitts and Nevis Patriots,Guyana Amazon Warriors,FA Allen,DC Thomas,B Laughlin,1,0,,,,,,,,,
1185840,2019,2019-09-07,Providence Stadium,1,17.1,St Kitts and Nevis Patriots,Guyana Amazon Warriors,FA Allen,DC Thomas,CJ Green,2,0,,,,,,,,,
1185840,2019,2019-09-07,Providence Stadium,1,17.2,St Kitts and Nevis Patriots,Guyana Amazon Warriors,FA Allen,DC Thomas,CJ Green,0,0,,,,,,,,,
1185840,2019,2019-09-07,Providence Stadium,1,17.3,St Kitts and Nevis Patriots,Guyana Amazon Warriors,FA Allen,DC Thomas,CJ Green,1,0,,,,,,,,,
1185840,2019,2019-09-07,Providence Stadium,1,17.4,St Kitts and Nevis Patriots,Guyana Amazon Warriors,DC Thomas,FA Allen,CJ Green,0,0,,,,,,caught,DC Thomas,,
1185840,2019,2019-09-07,Providence Stadium,1,17.5,St Kitts and Nevis Patriots,Guyana Amazon Warriors,FA Allen,JN Mohammed,CJ Green,1,0,,,,,,,,,
1185840,2019,2019-09-07,Providence Stadium,1,17.6,St Kitts and Nevis Patriots,Guyana Amazon Warriors,JN Mohammed,FA Allen,CJ Green,1,0,,,,,,,,,
1185840,2019,2019-09-07,Providence Stadium,1,18.1,St Kitts and Nevis Patriots,Guyana Amazon Warriors,JN Mohammed,FA Allen,R Shepherd,1,0,,,,,,,,,
1185840,2019,2019-09-07,Providence Stadium,1,18.2,St Kitts and Nevis Patriots,Guyana Amazon Warriors,FA Allen,JN Mohammed,R Shepherd,6,0,,,,,,,,,
1185840,2019,2019-09-07,Providence Stadium,1,18.3,St Kitts and Nevis Patriots,Guyana Amazon Warriors,FA Allen,JN Mohammed,R Shepherd,1,0,,,,,,,,,
1185840,2019,2019-09-07,Providence Stadium,1,18.4,St Kitts and Nevis Patriots,Guyana Amazon Warriors,JN Mohammed,FA Allen,R Shepherd,2,0,,,,,,,,,
1185840,2019,2019-09-07,Providence Stadium,1,18.5,St Kitts and Nevis Patriots,Guyana Amazon Warriors,JN Mohammed,FA Allen,R Shepherd,0,0,,,,,,caught,JN Mohammed,,
1185840,2019,2019-09-07,Providence Stadium,1,18.6,St Kitts and Nevis Patriots,Guyana Amazon Warriors,FA Allen,Usama Mir,R Shepherd,1,0,,,,,,,,,
1185840,2019,2019-09-07,Providence Stadium,1,19.1,St Kitts and Nevis Patriots,Guyana Amazon Warriors,FA Allen,Usama Mir,B Laughlin,1,0,,,,,,,,,
1185840,2019,2019-09-07,Providence Stadium,1,19.2,St Kitts and Nevis Patriots,Guyana Amazon Warriors,Usama Mir,FA Allen,B Laughlin,0,0,,,,,,caught,Usama Mir,,
1185840,2019,2019-09-07,Providence Stadium,1,19.3,St Kitts and Nevis Patriots,Guyana Amazon Warriors,FA Allen,RR Emrit,B Laughlin,6,0,,,,,,,,,
1185840,2019,2019-09-07,Providence Stadium,1,19.4,St Kitts and Nevis Patriots,Guyana Amazon Warriors,FA Allen,RR Emrit,B Laughlin,0,0,,,,,,caught,FA Allen,,
1185840,2019,2019-09-07,Providence Stadium,1,19.5,St Kitts and Nevis Patriots,Guyana Amazon Warriors,AS Joseph,RR Emrit,B Laughlin,6,0,,,,,,,,,
1185840,2019,2019-09-07,Providence Stadium,1,19.6,St Kitts and Nevis Patriots,Guyana Amazon Warriors,AS Joseph,RR Emrit,B Laughlin,4,0,,,,,,,,,
1185840,2019,2019-09-07,Providence Stadium,2,0.1,Guyana Amazon Warriors,St Kitts and Nevis Patriots,BA King,C Hemraj,SS Cottrell,4,0,,,,,,,,,
1185840,2019,2019-09-07,Providence Stadium,2,0.2,Guyana Amazon Warriors,St Kitts and Nevis Patriots,BA King,C Hemraj,SS Cottrell,1,0,,,,,,,,,
1185840,2019,2019-09-07,Providence Stadium,2,0.3,Guyana Amazon Warriors,St Kitts and Nevis Patriots,C Hemraj,BA King,SS Cottrell,0,0,,,,,,,,,
1185840,2019,2019-09-07,Providence Stadium,2,0.4,Guyana Amazon Warriors,St Kitts and Nevis Patriots,C Hemraj,BA King,SS Cottrell,0,0,,,,,,,,,
1185840,2019,2019-09-07,Providence Stadium,2,0.5,Guyana Amazon Warriors,St Kitts and Nevis Patriots,C Hemraj,BA King,SS Cottrell,0,0,,,,,,,,,
1185840,2019,2019-09-07,Providence Stadium,2,0.6,Guyana Amazon Warriors,St Kitts and Nevis Patriots,C Hemraj,BA King,SS Cottrell,0,0,,,,,,,,,
1185840,2019,2019-09-07,Providence Stadium,2,1.1,Guyana Amazon Warriors,St Kitts and Nevis Patriots,BA King,C Hemraj,FA Allen,0,0,,,,,,,,,
1185840,2019,2019-09-07,Providence Stadium,2,1.2,Guyana Amazon Warriors,St Kitts and Nevis Patriots,BA King,C Hemraj,FA Allen,0,0,,,,,,,,,
1185840,2019,2019-09-07,Providence Stadium,2,1.3,Guyana Amazon Warriors,St Kitts and Nevis Patriots,BA King,C Hemraj,FA Allen,0,0,,,,,,,,,
1185840,2019,2019-09-07,Providence Stadium,2,1.4,Guyana Amazon Warriors,St Kitts and Nevis Patriots,BA King,C Hemraj,FA Allen,2,0,,,,,,,,,
1185840,2019,2019-09-07,Providence Stadium,2,1.5,Guyana Amazon Warriors,St Kitts and Nevis Patriots,BA King,C Hemraj,FA Allen,0,0,,,,,,,,,
1185840,2019,2019-09-07,Providence Stadium,2,1.6,Guyana Amazon Warriors,St Kitts and Nevis Patriots,BA King,C Hemraj,FA Allen,0,0,,,,,,,,,
1185840,2019,2019-09-07,Providence Stadium,2,2.1,Guyana Amazon Warriors,St Kitts and Nevis Patriots,C Hemraj,BA King,SS Cottrell,4,0,,,,,,,,,
1185840,2019,2019-09-07,Providence Stadium,2,2.2,Guyana Amazon Warriors,St Kitts and Nevis Patriots,C Hemraj,BA King,SS Cottrell,4,0,,,,,,,,,
1185840,2019,2019-09-07,Providence Stadium,2,2.3,Guyana Amazon Warriors,St Kitts and Nevis Patriots,C Hemraj,BA King,SS Cottrell,0,0,,,,,,,,,
1185840,2019,2019-09-07,Providence Stadium,2,2.4,Guyana Amazon Warriors,St Kitts and Nevis Patriots,C Hemraj,BA King,SS Cottrell,1,0,,,,,,,,,
1185840,2019,2019-09-07,Providence Stadium,2,2.5,Guyana Amazon Warriors,St Kitts and Nevis Patriots,BA King,C Hemraj,SS Cottrell,4,0,,,,,,,,,
1185840,2019,2019-09-07,Providence Stadium,2,2.6,Guyana Amazon Warriors,St Kitts and Nevis Patriots,BA King,C Hemraj,SS Cottrell,0,0,,,,,,,,,
1185840,2019,2019-09-07,Providence Stadium,2,3.1,Guyana Amazon Warriors,St Kitts and Nevis Patriots,C Hemraj,BA King,FA Allen,0,0,,,,,,,,,
1185840,2019,2019-09-07,Providence Stadium,2,3.2,Guyana Amazon Warriors,St Kitts and Nevis Patriots,C Hemraj,BA King,FA Allen,0,0,,,,,,,,,
1185840,2019,2019-09-07,Providence Stadium,2,3.3,Guyana Amazon Warriors,St Kitts and Nevis Patriots,C Hemraj,BA King,FA Allen,1,0,,,,,,,,,
1185840,2019,2019-09-07,Providence Stadium,2,3.4,Guyana Amazon Warriors,St Kitts and Nevis Patriots,BA King,C Hemraj,FA Allen,6,0,,,,,,,,,
1185840,2019,2019-09-07,Providence Stadium,2,3.5,Guyana Amazon Warriors,St Kitts and Nevis Patriots,BA King,C Hemraj,FA Allen,0,0,,,,,,,,,
1185840,2019,2019-09-07,Providence Stadium,2,3.6,Guyana Amazon Warriors,St Kitts and Nevis Patriots,BA King,C Hemraj,FA Allen,0,0,,,,,,,,,
1185840,2019,2019-09-07,Providence Stadium,2,4.1,Guyana Amazon Warriors,St Kitts and Nevis Patriots,C Hemraj,BA King,Mohammad Hafeez,1,0,,,,,,,,,
1185840,2019,2019-09-07,Providence Stadium,2,4.2,Guyana Amazon Warriors,St Kitts and Nevis Patriots,BA King,C Hemraj,Mohammad Hafeez,1,0,,,,,,,,,
1185840,2019,2019-09-07,Providence Stadium,2,4.3,Guyana Amazon Warriors,St Kitts and Nevis Patriots,C Hemraj,BA King,Mohammad Hafeez,4,0,,,,,,,,,
1185840,2019,2019-09-07,Providence Stadium,2,4.4,Guyana Amazon Warriors,St Kitts and Nevis Patriots,C Hemraj,BA King,Mohammad Hafeez,0,0,,,,,,,,,
1185840,2019,2019-09-07,Providence Stadium,2,4.5,Guyana Amazon Warriors,St Kitts and Nevis Patriots,C Hemraj,BA King,Mohammad Hafeez,4,0,,,,,,,,,
1185840,2019,2019-09-07,Providence Stadium,2,4.6,Guyana Amazon Warriors,St Kitts and Nevis Patriots,C Hemraj,BA King,Mohammad Hafeez,0,0,,,,,,,,,
1185840,2019,2019-09-07,Providence Stadium,2,5.1,Guyana Amazon Warriors,St Kitts and Nevis Patriots,BA King,C Hemraj,Usama Mir,4,0,,,,,,,,,
1185840,2019,2019-09-07,Providence Stadium,2,5.2,Guyana Amazon Warriors,St Kitts and Nevis Patriots,BA King,C Hemraj,Usama Mir,1,0,,,,,,,,,
1185840,2019,2019-09-07,Providence Stadium,2,5.3,Guyana Amazon Warriors,St Kitts and Nevis Patriots,C Hemraj,BA King,Usama Mir,6,0,,,,,,,,,
1185840,2019,2019-09-07,Providence Stadium,2,5.4,Guyana Amazon Warriors,St Kitts and Nevis Patriots,C Hemraj,BA King,Usama Mir,0,0,,,,,,,,,
1185840,2019,2019-09-07,Providence Stadium,2,5.5,Guyana Amazon Warriors,St Kitts and Nevis Patriots,C Hemraj,BA King,Usama Mir,6,0,,,,,,,,,
1185840,2019,2019-09-07,Providence Stadium,2,5.6,Guyana Amazon Warriors,St Kitts and Nevis Patriots,C Hemraj,BA King,Usama Mir,1,0,,,,,,,,,
1185840,2019,2019-09-07,Providence Stadium,2,6.1,Guyana Amazon Warriors,St Kitts and Nevis Patriots,C Hemraj,BA King,CR Brathwaite,1,0,,,,,,,,,
1185840,2019,2019-09-07,Providence Stadium,2,6.2,Guyana Amazon Warriors,St Kitts and Nevis Patriots,BA King,C Hemraj,CR Brathwaite,1,0,,,,,,,,,
1185840,2019,2019-09-07,Providence Stadium,2,6.3,Guyana Amazon Warriors,St Kitts and Nevis Patriots,C Hemraj,BA King,CR Brathwaite,4,0,,,,,,,,,
1185840,2019,2019-09-07,Providence Stadium,2,6.4,Guyana Amazon Warriors,St Kitts and Nevis Patriots,C Hemraj,BA King,CR Brathwaite,2,0,,,,,,,,,
1185840,2019,2019-09-07,Providence Stadium,2,6.5,Guyana Amazon Warriors,St Kitts and Nevis Patriots,C Hemraj,BA King,CR Brathwaite,0,0,,,,,,caught,C Hemraj,,
1185840,2019,2019-09-07,Providence Stadium,2,6.6,Guyana Amazon Warriors,St Kitts and Nevis Patriots,SO Hetmyer,BA King,CR Brathwaite,1,0,,,,,,,,,
1185840,2019,2019-09-07,Providence Stadium,2,7.1,Guyana Amazon Warriors,St Kitts and Nevis Patriots,SO Hetmyer,BA King,AS Joseph,0,0,,,,,,,,,
1185840,2019,2019-09-07,Providence Stadium,2,7.2,Guyana Amazon Warriors,St Kitts and Nevis Patriots,SO Hetmyer,BA King,AS Joseph,0,0,,,,,,,,,
1185840,2019,2019-09-07,Providence Stadium,2,7.3,Guyana Amazon Warriors,St Kitts and Nevis Patriots,SO Hetmyer,BA King,AS Joseph,4,0,,,,,,,,,
1185840,2019,2019-09-07,Providence Stadium,2,7.4,Guyana Amazon Warriors,St Kitts and Nevis Patriots,SO Hetmyer,BA King,AS Joseph,0,0,,,,,,,,,
1185840,2019,2019-09-07,Providence Stadium,2,7.5,Guyana Amazon Warriors,St Kitts and Nevis Patriots,SO Hetmyer,BA King,AS Joseph,1,0,,,,,,,,,
1185840,2019,2019-09-07,Providence Stadium,2,7.6,Guyana Amazon Warriors,St Kitts and Nevis Patriots,BA King,SO Hetmyer,AS Joseph,0,0,,,,,,,,,
1185840,2019,2019-09-07,Providence Stadium,2,8.1,Guyana Amazon Warriors,St Kitts and Nevis Patriots,SO Hetmyer,BA King,CR Brathwaite,0,0,,,,,,,,,
1185840,2019,2019-09-07,Providence Stadium,2,8.2,Guyana Amazon Warriors,St Kitts and Nevis Patriots,SO Hetmyer,BA King,CR Brathwaite,0,0,,,,,,,,,
1185840,2019,2019-09-07,Providence Stadium,2,8.3,Guyana Amazon Warriors,St Kitts and Nevis Patriots,SO Hetmyer,BA King,CR Brathwaite,2,0,,,,,,,,,
1185840,2019,2019-09-07,Providence Stadium,2,8.4,Guyana Amazon Warriors,St Kitts and Nevis Patriots,SO Hetmyer,BA King,CR Brathwaite,4,0,,,,,,,,,
1185840,2019,2019-09-07,Providence Stadium,2,8.5,Guyana Amazon Warriors,St Kitts and Nevis Patriots,SO Hetmyer,BA King,CR Brathwaite,4,0,,,,,,,,,
1185840,2019,2019-09-07,Providence Stadium,2,8.6,Guyana Amazon Warriors,St Kitts and Nevis Patriots,SO Hetmyer,BA King,CR Brathwaite,1,0,,,,,,,,,
1185840,2019,2019-09-07,Providence Stadium,2,9.1,Guyana Amazon Warriors,St Kitts and Nevis Patriots,SO Hetmyer,BA King,AS Joseph,0,0,,,,,,,,,
1185840,2019,2019-09-07,Providence Stadium,2,9.2,Guyana Amazon Warriors,St Kitts and Nevis Patriots,SO Hetmyer,BA King,AS Joseph,0,0,,,,,,,,,
1185840,2019,2019-09-07,Providence Stadium,2,9.3,Guyana Amazon Warriors,St Kitts and Nevis Patriots,SO Hetmyer,BA King,AS Joseph,0,0,,,,,,,,,
1185840,2019,2019-09-07,Providence Stadium,2,9.4,Guyana Amazon Warriors,St Kitts and Nevis Patriots,SO Hetmyer,BA King,AS Joseph,0,0,,,,,,,,,
1185840,2019,2019-09-07,Providence Stadium,2,9.5,Guyana Amazon Warriors,St Kitts and Nevis Patriots,SO Hetmyer,BA King,AS Joseph,2,0,,,,,,,,,
1185840,2019,2019-09-07,Providence Stadium,2,9.6,Guyana Amazon Warriors,St Kitts and Nevis Patriots,SO Hetmyer,BA King,AS Joseph,0,0,,,,,,,,,
1185840,2019,2019-09-07,Providence Stadium,2,10.1,Guyana Amazon Warriors,St Kitts and Nevis Patriots,BA King,SO Hetmyer,RR Emrit,1,0,,,,,,,,,
1185840,2019,2019-09-07,Providence Stadium,2,10.2,Guyana Amazon Warriors,St Kitts and Nevis Patriots,SO Hetmyer,BA King,RR Emrit,2,0,,,,,,,,,
1185840,2019,2019-09-07,Providence Stadium,2,10.3,Guyana Amazon Warriors,St Kitts and Nevis Patriots,SO Hetmyer,BA King,RR Emrit,0,0,,,,,,,,,
1185840,2019,2019-09-07,Providence Stadium,2,10.4,Guyana Amazon Warriors,St Kitts and Nevis Patriots,SO Hetmyer,BA King,RR Emrit,0,0,,,,,,,,,
1185840,2019,2019-09-07,Providence Stadium,2,10.5,Guyana Amazon Warriors,St Kitts and Nevis Patriots,SO Hetmyer,BA King,RR Emrit,4,0,,,,,,,,,
1185840,2019,2019-09-07,Providence Stadium,2,10.6,Guyana Amazon Warriors,St Kitts and Nevis Patriots,SO Hetmyer,BA King,RR Emrit,1,0,,,,,,,,,
1185840,2019,2019-09-07,Providence Stadium,2,11.1,Guyana Amazon Warriors,St Kitts and Nevis Patriots,SO Hetmyer,BA King,SS Cottrell,1,0,,,,,,,,,
1185840,2019,2019-09-07,Providence Stadium,2,11.2,Guyana Amazon Warriors,St Kitts and Nevis Patriots,BA King,SO Hetmyer,SS Cottrell,1,0,,,,,,,,,
1185840,2019,2019-09-07,Providence Stadium,2,11.3,Guyana Amazon Warriors,St Kitts and Nevis Patriots,SO Hetmyer,BA King,SS Cottrell,1,0,,,,,,,,,
1185840,2019,2019-09-07,Providence Stadium,2,11.4,Guyana Amazon Warriors,St Kitts and Nevis Patriots,BA King,SO Hetmyer,SS Cottrell,1,0,,,,,,,,,
1185840,2019,2019-09-07,Providence Stadium,2,11.5,Guyana Amazon Warriors,St Kitts and Nevis Patriots,SO Hetmyer,BA King,SS Cottrell,1,0,,,,,,,,,
1185840,2019,2019-09-07,Providence Stadium,2,11.6,Guyana Amazon Warriors,St Kitts and Nevis Patriots,BA King,SO Hetmyer,SS Cottrell,0,0,,,,,,caught,BA King,,
1185840,2019,2019-09-07,Providence Stadium,2,12.1,Guyana Amazon Warriors,St Kitts and Nevis Patriots,SO Hetmyer,Shoaib Malik,RR Emrit,4,0,,,,,,,,,
1185840,2019,2019-09-07,Providence Stadium,2,12.2,Guyana Amazon Warriors,St Kitts and Nevis Patriots,SO Hetmyer,Shoaib Malik,RR Emrit,1,0,,,,,,,,,
1185840,2019,2019-09-07,Providence Stadium,2,12.3,Guyana Amazon Warriors,St Kitts and Nevis Patriots,Shoaib Malik,SO Hetmyer,RR Emrit,0,0,,,,,,,,,
1185840,2019,2019-09-07,Providence Stadium,2,12.4,Guyana Amazon Warriors,St Kitts and Nevis Patriots,Shoaib Malik,SO Hetmyer,RR Emrit,1,0,,,,,,,,,
1185840,2019,2019-09-07,Providence Stadium,2,12.5,Guyana Amazon Warriors,St Kitts and Nevis Patriots,SO Hetmyer,Shoaib Malik,RR Emrit,0,0,,,,,,,,,
1185840,2019,2019-09-07,Providence Stadium,2,12.6,Guyana Amazon Warriors,St Kitts and Nevis Patriots,SO Hetmyer,Shoaib Malik,RR Emrit,0,0,,,,,,,,,
1185840,2019,2019-09-07,Providence Stadium,2,13.1,Guyana Amazon Warriors,St Kitts and Nevis Patriots,Shoaib Malik,SO Hetmyer,AS Joseph,1,0,,,,,,,,,
1185840,2019,2019-09-07,Providence Stadium,2,13.2,Guyana Amazon Warriors,St Kitts and Nevis Patriots,SO Hetmyer,Shoaib Malik,AS Joseph,4,0,,,,,,,,,
1185840,2019,2019-09-07,Providence Stadium,2,13.3,Guyana Amazon Warriors,St Kitts and Nevis Patriots,SO Hetmyer,Shoaib Malik,AS Joseph,4,0,,,,,,,,,
1185840,2019,2019-09-07,Providence Stadium,2,13.4,Guyana Amazon Warriors,St Kitts and Nevis Patriots,SO Hetmyer,Shoaib Malik,AS Joseph,6,0,,,,,,,,,
1185840,2019,2019-09-07,Providence Stadium,2,13.5,Guyana Amazon Warriors,St Kitts and Nevis Patriots,SO Hetmyer,Shoaib Malik,AS Joseph,1,0,,,,,,,,,
1185840,2019,2019-09-07,Providence Stadium,2,13.6,Guyana Amazon Warriors,St Kitts and Nevis Patriots,Shoaib Malik,SO Hetmyer,AS Joseph,0,0,,,,,,,,,
1185840,2019,2019-09-07,Providence Stadium,2,14.1,Guyana Amazon Warriors,St Kitts and Nevis Patriots,SO Hetmyer,Shoaib Malik,CR Brathwaite,1,0,,,,,,,,,
1185840,2019,2019-09-07,Providence Stadium,2,14.2,Guyana Amazon Warriors,St Kitts and Nevis Patriots,Shoaib Malik,SO Hetmyer,CR Brathwaite,0,0,,,,,,,,,
1185840,2019,2019-09-07,Providence Stadium,2,14.3,Guyana Amazon Warriors,St Kitts and Nevis Patriots,Shoaib Malik,SO Hetmyer,CR Brathwaite,1,0,,,,,,,,,
1185840,2019,2019-09-07,Providence Stadium,2,14.4,Guyana Amazon Warriors,St Kitts and Nevis Patriots,SO Hetmyer,Shoaib Malik,CR Brathwaite,1,0,,,,,,,,,
1185840,2019,2019-09-07,Providence Stadium,2,14.5,Guyana Amazon Warriors,St Kitts and Nevis Patriots,Shoaib Malik,SO Hetmyer,CR Brathwaite,4,0,,,,,,,,,
1185840,2019,2019-09-07,Providence Stadium,2,14.6,Guyana Amazon Warriors,St Kitts and Nevis Patriots,Shoaib Malik,SO Hetmyer,CR Brathwaite,1,0,,,,,,,,,
1185840,2019,2019-09-07,Providence Stadium,2,15.1,Guyana Amazon Warriors,St Kitts and Nevis Patriots,Shoaib Malik,SO Hetmyer,Mohammad Hafeez,0,0,,,,,,,,,
1185840,2019,2019-09-07,Providence Stadium,2,15.2,Guyana Amazon Warriors,St Kitts and Nevis Patriots,Shoaib Malik,SO Hetmyer,Mohammad Hafeez,4,0,,,,,,,,,
1185840,2019,2019-09-07,Providence Stadium,2,15.3,Guyana Amazon Warriors,St Kitts and Nevis Patriots,Shoaib Malik,SO Hetmyer,Mohammad Hafeez,1,0,,,,,,,,,
1185840,2019,2019-09-07,Providence Stadium,2,15.4,Guyana Amazon Warriors,St Kitts and Nevis Patriots,SO Hetmyer,Shoaib Malik,Mohammad Hafeez,1,0,,,,,,,,,
1185840,2019,2019-09-07,Providence Stadium,2,15.5,Guyana Amazon Warriors,St Kitts and Nevis Patriots,Shoaib Malik,SO Hetmyer,Mohammad Hafeez,1,0,,,,,,,,,
1185840,2019,2019-09-07,Providence Stadium,2,15.6,Guyana Amazon Warriors,St Kitts and Nevis Patriots,SO Hetmyer,Shoaib Malik,Mohammad Hafeez,2,0,,,,,,,,,
1185840,2019,2019-09-07,Providence Stadium,2,16.1,Guyana Amazon Warriors,St Kitts and Nevis Patriots,Shoaib Malik,SO Hetmyer,RR Emrit,1,0,,,,,,,,,
1185840,2019,2019-09-07,Providence Stadium,2,16.2,Guyana Amazon Warriors,St Kitts and Nevis Patriots,SO Hetmyer,Shoaib Malik,RR Emrit,0,0,,,,,,,,,
1185840,2019,2019-09-07,Providence Stadium,2,16.3,Guyana Amazon Warriors,St Kitts and Nevis Patriots,SO Hetmyer,Shoaib Malik,RR Emrit,0,0,,,,,,,,,
1185840,2019,2019-09-07,Providence Stadium,2,16.4,Guyana Amazon Warriors,St Kitts and Nevis Patriots,SO Hetmyer,Shoaib Malik,RR Emrit,1,0,,,,,,,,,
1185840,2019,2019-09-07,Providence Stadium,2,16.5,Guyana Amazon Warriors,St Kitts and Nevis Patriots,Shoaib Malik,SO Hetmyer,RR Emrit,1,0,,,,,,,,,
1185840,2019,2019-09-07,Providence Stadium,2,16.6,Guyana Amazon Warriors,St Kitts and Nevis Patriots,SO Hetmyer,Shoaib Malik,RR Emrit,1,0,,,,,,,,,
1185840,2019,2019-09-07,Providence Stadium,2,17.1,Guyana Amazon Warriors,St Kitts and Nevis Patriots,SO Hetmyer,Shoaib Malik,SS Cottrell,1,0,,,,,,,,,
1185840,2019,2019-09-07,Providence Stadium,2,17.2,Guyana Amazon Warriors,St Kitts and Nevis Patriots,Shoaib Malik,SO Hetmyer,SS Cottrell,0,0,,,,,,,,,
1185840,2019,2019-09-07,Providence Stadium,2,17.3,Guyana Amazon Warriors,St Kitts and Nevis Patriots,Shoaib Malik,SO Hetmyer,SS Cottrell,4,0,,,,,,,,,
1185840,2019,2019-09-07,Providence Stadium,2,17.4,Guyana Amazon Warriors,St Kitts and Nevis Patriots,Shoaib Malik,SO Hetmyer,SS Cottrell,0,0,,,,,,,,,
1185840,2019,2019-09-07,Providence Stadium,2,17.5,Guyana Amazon Warriors,St Kitts and Nevis Patriots,Shoaib Malik,SO Hetmyer,SS Cottrell,1,0,,,,,,,,,
1185840,2019,2019-09-07,Providence Stadium,2,17.6,Guyana Amazon Warriors,St Kitts and Nevis Patriots,SO Hetmyer,Shoaib Malik,SS Cottrell,6,0,,,,,,,,,
1185840,2019,2019-09-07,Providence Stadium,2,18.1,Guyana Amazon Warriors,St Kitts and Nevis Patriots,Shoaib Malik,SO Hetmyer,RR Emrit,1,0,,,,,,,,,
1185840,2019,2019-09-07,Providence Stadium,2,18.2,Guyana Amazon Warriors,St Kitts and Nevis Patriots,SO Hetmyer,Shoaib Malik,RR Emrit,0,0,,,,,,,,,
1185840,2019,2019-09-07,Providence Stadium,2,18.3,Guyana Amazon Warriors,St Kitts and Nevis Patriots,SO Hetmyer,Shoaib Malik,RR Emrit,1,0,,,,,,,,,
1185840,2019,2019-09-07,Providence Stadium,2,18.4,Guyana Amazon Warriors,St Kitts and Nevis Patriots,Shoaib Malik,SO Hetmyer,RR Emrit,1,0,,,,,,,,,
1185840,2019,2019-09-07,Providence Stadium,2,18.5,Guyana Amazon Warriors,St Kitts and Nevis Patriots,SO Hetmyer,Shoaib Malik,RR Emrit,6,0,,,,,,,,,
