match_id,season,start_date,venue,innings,ball,batting_team,bowling_team,striker,non_striker,bowler,runs_off_bat,extras,wides,noballs,byes,legbyes,penalty,wicket_type,player_dismissed,other_wicket_type,other_player_dismissed
1227875,2020,2020-08-25,"Queen's Park Oval, Port of Spain",1,0.1,Barbados Tridents,St Kitts and Nevis Patriots,J Charles,SD Hope,Sohail Tanvir,0,0,,,,,,,,,
1227875,2020,2020-08-25,"Queen's Park Oval, Port of Spain",1,0.2,Barbados Tridents,St Kitts and Nevis Patriots,J Charles,SD Hope,Sohail Tanvir,0,0,,,,,,,,,
1227875,2020,2020-08-25,"Queen's Park Oval, Port of Spain",1,0.3,Barbados Tridents,St Kitts and Nevis Patriots,J Charles,SD Hope,Sohail Tanvir,0,0,,,,,,,,,
1227875,2020,2020-08-25,"Queen's Park Oval, Port of Spain",1,0.4,Barbados Tridents,St Kitts and Nevis Patriots,J Charles,SD Hope,Sohail Tanvir,4,0,,,,,,,,,
1227875,2020,2020-08-25,"Queen's Park Oval, Port of Spain",1,0.5,Barbados Tridents,St Kitts and Nevis Patriots,J Charles,SD Hope,Sohail Tanvir,1,0,,,,,,,,,
1227875,2020,2020-08-25,"Queen's Park Oval, Port of Spain",1,0.6,Barbados Tridents,St Kitts and Nevis Patriots,SD Hope,J Charles,Sohail Tanvir,1,0,,,,,,,,,
1227875,2020,2020-08-25,"Queen's Park Oval, Port of Spain",1,1.1,Barbados Tridents,St Kitts and Nevis Patriots,SD Hope,J Charles,AS Joseph,0,0,,,,,,,,,
1227875,2020,2020-08-25,"Queen's Park Oval, Port of Spain",1,1.2,Barbados Tridents,St Kitts and Nevis Patriots,SD Hope,J Charles,AS Joseph,0,0,,,,,,,,,
1227875,2020,2020-08-25,"Queen's Park Oval, Port of Spain",1,1.3,Barbados Tridents,St Kitts and Nevis Patriots,SD Hope,J Charles,AS Joseph,2,0,,,,,,,,,
1227875,2020,2020-08-25,"Queen's Park Oval, Port of Spain",1,1.4,Barbados Tridents,St Kitts and Nevis Patriots,SD Hope,J Charles,AS Joseph,0,0,,,,,,,,,
1227875,2020,2020-08-25,"Queen's Park Oval, Port of Spain",1,1.5,Barbados Tridents,St Kitts and Nevis Patriots,SD Hope,J Charles,AS Joseph,0,0,,,,,,,,,
1227875,2020,2020-08-25,"Queen's Park Oval, Port of Spain",1,1.6,Barbados Tridents,St Kitts and Nevis Patriots,SD Hope,J Charles,AS Joseph,0,0,,,,,,,,,
1227875,2020,2020-08-25,"Queen's Park Oval, Port of Spain",1,2.1,Barbados Tridents,St Kitts and Nevis Patriots,J Charles,SD Hope,Sohail Tanvir,4,0,,,,,,,,,
1227875,2020,2020-08-25,"Queen's Park Oval, Port of Spain",1,2.2,Barbados Tridents,St Kitts and Nevis Patriots,J Charles,SD Hope,Sohail Tanvir,1,0,,,,,,,,,
1227875,2020,2020-08-25,"Queen's Park Oval, Port of Spain",1,2.3,Barbados Tridents,St Kitts and Nevis Patriots,SD Hope,J Charles,Sohail Tanvir,1,0,,,,,,,,,
1227875,2020,2020-08-25,"Queen's Park Oval, Port of Spain",1,2.4,Barbados Tridents,St Kitts and Nevis Patriots,J Charles,SD Hope,Sohail Tanvir,0,0,,,,,,,,,
1227875,2020,2020-08-25,"Queen's Park Oval, Port of Spain",1,2.5,Barbados Tridents,St Kitts and Nevis Patriots,J Charles,SD Hope,Sohail Tanvir,1,0,,,,,,,,,
1227875,2020,2020-08-25,"Queen's Park Oval, Port of Spain",1,2.6,Barbados Tridents,St Kitts and Nevis Patriots,SD Hope,J Charles,Sohail Tanvir,0,0,,,,,,,,,
1227875,2020,2020-08-25,"Queen's Park Oval, Port of Spain",1,3.1,Barbados Tridents,St Kitts and Nevis Patriots,J Charles,SD Hope,AS Joseph,4,0,,,,,,,,,
1227875,2020,2020-08-25,"Queen's Park Oval, Port of Spain",1,3.2,Barbados Tridents,St Kitts and Nevis Patriots,J Charles,SD Hope,AS Joseph,0,0,,,,,,,,,
1227875,2020,2020-08-25,"Queen's Park Oval, Port of Spain",1,3.3,Barbados Tridents,St Kitts and Nevis Patriots,J Charles,SD Hope,AS Joseph,4,0,,,,,,,,,
1227875,2020,2020-08-25,"Queen's Park Oval, Port of Spain",1,3.4,Barbados Tridents,St Kitts and Nevis Patriots,J Charles,SD Hope,AS Joseph,0,0,,,,,,,,,
1227875,2020,2020-08-25,"Queen's Park Oval, Port of Spain",1,3.5,Barbados Tridents,St Kitts and Nevis Patriots,J Charles,SD Hope,AS Joseph,0,0,,,,,,,,,
1227875,2020,2020-08-25,"Queen's Park Oval, Port of Spain",1,3.6,Barbados Tridents,St Kitts and Nevis Patriots,J Charles,SD Hope,AS Joseph,1,0,,,,,,,,,
1227875,2020,2020-08-25,"Queen's Park Oval, Port of Spain",1,4.1,Barbados Tridents,St Kitts and Nevis Patriots,J Charles,SD Hope,RR Emrit,0,0,,,,,,,,,
1227875,2020,2020-08-25,"Queen's Park Oval, Port of Spain",1,4.2,Barbados Tridents,St Kitts and Nevis Patriots,J Charles,SD Hope,RR Emrit,0,1,1,,,,,,,,
1227875,2020,2020-08-25,"Queen's Park Oval, Port of Spain",1,4.3,Barbados Tridents,St Kitts and Nevis Patriots,J Charles,SD Hope,RR Emrit,0,1,,,,1,,,,,
1227875,2020,2020-08-25,"Queen's Park Oval, Port of Spain",1,4.4,Barbados Tridents,St Kitts and Nevis Patriots,SD Hope,J Charles,RR Emrit,0,0,,,,,,,,,
1227875,2020,2020-08-25,"Queen's Park Oval, Port of Spain",1,4.5,Barbados Tridents,St Kitts and Nevis Patriots,SD Hope,J Charles,RR Emrit,0,0,,,,,,,,,
1227875,2020,2020-08-25,"Queen's Park Oval, Port of Spain",1,4.6,Barbados Tridents,St Kitts and Nevis Patriots,SD Hope,J Charles,RR Emrit,6,0,,,,,,,,,
1227875,2020,2020-08-25,"Queen's Park Oval, Port of Spain",1,4.7,Barbados Tridents,St Kitts and Nevis Patriots,SD Hope,J Charles,RR Emrit,0,0,,,,,,,,,
1227875,2020,2020-08-25,"Queen's Park Oval, Port of Spain",1,5.1,Barbados Tridents,St Kitts and Nevis Patriots,J Charles,SD Hope,JL Jaggesar,0,0,,,,,,,,,
1227875,2020,2020-08-25,"Queen's Park Oval, Port of Spain",1,5.2,Barbados Tridents,St Kitts and Nevis Patriots,J Charles,SD Hope,JL Jaggesar,1,0,,,,,,,,,
1227875,2020,2020-08-25,"Queen's Park Oval, Port of Spain",1,5.3,Barbados Tridents,St Kitts and Nevis Patriots,SD Hope,J Charles,JL Jaggesar,0,0,,,,,,,,,
1227875,2020,2020-08-25,"Queen's Park Oval, Port of Spain",1,5.4,Barbados Tridents,St Kitts and Nevis Patriots,SD Hope,J Charles,JL Jaggesar,1,0,,,,,,,,,
1227875,2020,2020-08-25,"Queen's Park Oval, Port of Spain",1,5.5,Barbados Tridents,St Kitts and Nevis Patriots,J Charles,SD Hope,JL Jaggesar,1,0,,,,,,,,,
1227875,2020,2020-08-25,"Queen's Park Oval, Port of Spain",1,5.6,Barbados Tridents,St Kitts and Nevis Patriots,SD Hope,J Charles,JL Jaggesar,4,0,,,,,,,,,
1227875,2020,2020-08-25,"Queen's Park Oval, Port of Spain",1,6.1,Barbados Tridents,St Kitts and Nevis Patriots,J Charles,SD Hope,I Khan (2),1,0,,,,,,,,,
1227875,2020,2020-08-25,"Queen's Park Oval, Port of Spain",1,6.2,Barbados Tridents,St Kitts and Nevis Patriots,SD Hope,J Charles,I Khan (2),6,0,,,,,,,,,
1227875,2020,2020-08-25,"Queen's Park Oval, Port of Spain",1,6.3,Barbados Tridents,St Kitts and Nevis Patriots,SD Hope,J Charles,I Khan (2),1,0,,,,,,,,,
1227875,2020,2020-08-25,"Queen's Park Oval, Port of Spain",1,6.4,Barbados Tridents,St Kitts and Nevis Patriots,J Charles,SD Hope,I Khan (2),1,0,,,,,,,,,
1227875,2020,2020-08-25,"Queen's Park Oval, Port of Spain",1,6.5,Barbados Tridents,St Kitts and Nevis Patriots,SD Hope,J Charles,I Khan (2),1,0,,,,,,,,,
1227875,2020,2020-08-25,"Queen's Park Oval, Port of Spain",1,6.6,Barbados Tridents,St Kitts and Nevis Patriots,J Charles,SD Hope,I Khan (2),0,0,,,,,,,,,
1227875,2020,2020-08-25,"Queen's Park Oval, Port of Spain",1,7.1,Barbados Tridents,St Kitts and Nevis Patriots,SD Hope,J Charles,JL Jaggesar,0,0,,,,,,,,,
1227875,2020,2020-08-25,"Queen's Park Oval, Port of Spain",1,7.2,Barbados Tridents,St Kitts and Nevis Patriots,SD Hope,J Charles,JL Jaggesar,1,0,,,,,,,,,
1227875,2020,2020-08-25,"Queen's Park Oval, Port of Spain",1,7.3,Barbados Tridents,St Kitts and Nevis Patriots,J Charles,SD Hope,JL Jaggesar,0,0,,,,,,lbw,J Charles,,
1227875,2020,2020-08-25,"Queen's Park Oval, Port of Spain",1,7.4,Barbados Tridents,St Kitts and Nevis Patriots,KR Mayers,SD Hope,JL Jaggesar,1,0,,,,,,,,,
1227875,2020,2020-08-25,"Queen's Park Oval, Port of Spain",1,7.5,Barbados Tridents,St Kitts and Nevis Patriots,SD Hope,KR Mayers,JL Jaggesar,1,0,,,,,,,,,
1227875,2020,2020-08-25,"Queen's Park Oval, Port of Spain",1,7.6,Barbados Tridents,St Kitts and Nevis Patriots,KR Mayers,SD Hope,JL Jaggesar,0,0,,,,,,,,,
1227875,2020,2020-08-25,"Queen's Park Oval, Port of Spain",1,8.1,Barbados Tridents,St Kitts and Nevis Patriots,SD Hope,KR Mayers,RR Emrit,1,0,,,,,,,,,
1227875,2020,2020-08-25,"Queen's Park Oval, Port of Spain",1,8.2,Barbados Tridents,St Kitts and Nevis Patriots,KR Mayers,SD Hope,RR Emrit,0,0,,,,,,,,,
1227875,2020,2020-08-25,"Queen's Park Oval, Port of Spain",1,8.3,Barbados Tridents,St Kitts and Nevis Patriots,KR Mayers,SD Hope,RR Emrit,1,0,,,,,,,,,
1227875,2020,2020-08-25,"Queen's Park Oval, Port of Spain",1,8.4,Barbados Tridents,St Kitts and Nevis Patriots,SD Hope,KR Mayers,RR Emrit,1,0,,,,,,,,,
1227875,2020,2020-08-25,"Queen's Park Oval, Port of Spain",1,8.5,Barbados Tridents,St Kitts and Nevis Patriots,KR Mayers,SD Hope,RR Emrit,1,0,,,,,,,,,
1227875,2020,2020-08-25,"Queen's Park Oval, Port of Spain",1,8.6,Barbados Tridents,St Kitts and Nevis Patriots,SD Hope,KR Mayers,RR Emrit,1,0,,,,,,,,,
1227875,2020,2020-08-25,"Queen's Park Oval, Port of Spain",1,9.1,Barbados Tridents,St Kitts and Nevis Patriots,SD Hope,KR Mayers,JL Jaggesar,1,0,,,,,,,,,
1227875,2020,2020-08-25,"Queen's Park Oval, Port of Spain",1,9.2,Barbados Tridents,St Kitts and Nevis Patriots,KR Mayers,SD Hope,JL Jaggesar,1,0,,,,,,,,,
1227875,2020,2020-08-25,"Queen's Park Oval, Port of Spain",1,9.3,Barbados Tridents,St Kitts and Nevis Patriots,SD Hope,KR Mayers,JL Jaggesar,0,0,,,,,,,,,
1227875,2020,2020-08-25,"Queen's Park Oval, Port of Spain",1,9.4,Barbados Tridents,St Kitts and Nevis Patriots,SD Hope,KR Mayers,JL Jaggesar,0,0,,,,,,,,,
1227875,2020,2020-08-25,"Queen's Park Oval, Port of Spain",1,9.5,Barbados Tridents,St Kitts and Nevis Patriots,SD Hope,KR Mayers,JL Jaggesar,0,0,,,,,,,,,
1227875,2020,2020-08-25,"Queen's Park Oval, Port of Spain",1,9.6,Barbados Tridents,St Kitts and Nevis Patriots,SD Hope,KR Mayers,JL Jaggesar,0,0,,,,,,caught,SD Hope,,
1227875,2020,2020-08-25,"Queen's Park Oval, Port of Spain",1,10.1,Barbados Tridents,St Kitts and Nevis Patriots,KR Mayers,JO Holder,I Khan (2),0,0,,,,,,,,,
1227875,2020,2020-08-25,"Queen's Park Oval, Port of Spain",1,10.2,Barbados Tridents,St Kitts and Nevis Patriots,KR Mayers,JO Holder,I Khan (2),4,0,,,,,,,,,
1227875,2020,2020-08-25,"Queen's Park Oval, Port of Spain",1,10.3,Barbados Tridents,St Kitts and Nevis Patriots,KR Mayers,JO Holder,I Khan (2),6,0,,,,,,,,,
1227875,2020,2020-08-25,"Queen's Park Oval, Port of Spain",1,10.4,Barbados Tridents,St Kitts and Nevis Patriots,KR Mayers,JO Holder,I Khan (2),0,0,,,,,,,,,
1227875,2020,2020-08-25,"Queen's Park Oval, Port of Spain",1,10.5,Barbados Tridents,St Kitts and Nevis Patriots,KR Mayers,JO Holder,I Khan (2),1,0,,,,,,,,,
1227875,2020,2020-08-25,"Queen's Park Oval, Port of Spain",1,10.6,Barbados Tridents,St Kitts and Nevis Patriots,JO Holder,KR Mayers,I Khan (2),0,0,,,,,,,,,
1227875,2020,2020-08-25,"Queen's Park Oval, Port of Spain",1,11.1,Barbados Tridents,St Kitts and Nevis Patriots,KR Mayers,JO Holder,JL Jaggesar,1,0,,,,,,,,,
1227875,2020,2020-08-25,"Queen's Park Oval, Port of Spain",1,11.2,Barbados Tridents,St Kitts and Nevis Patriots,JO Holder,KR Mayers,JL Jaggesar,1,0,,,,,,,,,
1227875,2020,2020-08-25,"Queen's Park Oval, Port of Spain",1,11.3,Barbados Tridents,St Kitts and Nevis Patriots,KR Mayers,JO Holder,JL Jaggesar,1,0,,,,,,,,,
1227875,2020,2020-08-25,"Queen's Park Oval, Port of Spain",1,11.4,Barbados Tridents,St Kitts and Nevis Patriots,JO Holder,KR Mayers,JL Jaggesar,1,0,,,,,,,,,
1227875,2020,2020-08-25,"Queen's Park Oval, Port of Spain",1,11.5,Barbados Tridents,St Kitts and Nevis Patriots,KR Mayers,JO Holder,JL Jaggesar,0,0,,,,,,,,,
1227875,2020,2020-08-25,"Queen's Park Oval, Port of Spain",1,11.6,Barbados Tridents,St Kitts and Nevis Patriots,KR Mayers,JO Holder,JL Jaggesar,1,0,,,,,,,,,
1227875,2020,2020-08-25,"Queen's Park Oval, Port of Spain",1,12.1,Barbados Tridents,St Kitts and Nevis Patriots,KR Mayers,JO Holder,Sohail Tanvir,4,0,,,,,,,,,
1227875,2020,2020-08-25,"Queen's Park Oval, Port of Spain",1,12.2,Barbados Tridents,St Kitts and Nevis Patriots,KR Mayers,JO Holder,Sohail Tanvir,0,0,,,,,,caught,KR Mayers,,
1227875,2020,2020-08-25,"Queen's Park Oval, Port of Spain",1,12.3,Barbados Tridents,St Kitts and Nevis Patriots,CJ Anderson,JO Holder,Sohail Tanvir,0,0,,,,,,,,,
1227875,2020,2020-08-25,"Queen's Park Oval, Port of Spain",1,12.4,Barbados Tridents,St Kitts and Nevis Patriots,CJ Anderson,JO Holder,Sohail Tanvir,0,0,,,,,,,,,
1227875,2020,2020-08-25,"Queen's Park Oval, Port of Spain",1,12.5,Barbados Tridents,St Kitts and Nevis Patriots,CJ Anderson,JO Holder,Sohail Tanvir,0,0,,,,,,run out,JO Holder,,
1227875,2020,2020-08-25,"Queen's Park Oval, Port of Spain",1,12.6,Barbados Tridents,St Kitts and Nevis Patriots,CJ Anderson,AR Nurse,Sohail Tanvir,2,0,,,,,,,,,
1227875,2020,2020-08-25,"Queen's Park Oval, Port of Spain",1,13.1,Barbados Tridents,St Kitts and Nevis Patriots,AR Nurse,CJ Anderson,I Khan (2),2,0,,,,,,,,,
1227875,2020,2020-08-25,"Queen's Park Oval, Port of Spain",1,13.2,Barbados Tridents,St Kitts and Nevis Patriots,AR Nurse,CJ Anderson,I Khan (2),0,0,,,,,,,,,
1227875,2020,2020-08-25,"Queen's Park Oval, Port of Spain",1,13.3,Barbados Tridents,St Kitts and Nevis Patriots,AR Nurse,CJ Anderson,I Khan (2),1,0,,,,,,,,,
1227875,2020,2020-08-25,"Queen's Park Oval, Port of Spain",1,13.4,Barbados Tridents,St Kitts and Nevis Patriots,CJ Anderson,AR Nurse,I Khan (2),0,0,,,,,,,,,
1227875,2020,2020-08-25,"Queen's Park Oval, Port of Spain",1,13.5,Barbados Tridents,St Kitts and Nevis Patriots,CJ Anderson,AR Nurse,I Khan (2),0,0,,,,,,,,,
1227875,2020,2020-08-25,"Queen's Park Oval, Port of Spain",1,13.6,Barbados Tridents,St Kitts and Nevis Patriots,CJ Anderson,AR Nurse,I Khan (2),6,0,,,,,,,,,
1227875,2020,2020-08-25,"Queen's Park Oval, Port of Spain",1,14.1,Barbados Tridents,St Kitts and Nevis Patriots,AR Nurse,CJ Anderson,RR Emrit,1,0,,,,,,,,,
1227875,2020,2020-08-25,"Queen's Park Oval, Port of Spain",1,14.2,Barbados Tridents,St Kitts and Nevis Patriots,CJ Anderson,AR Nurse,RR Emrit,0,0,,,,,,,,,
1227875,2020,2020-08-25,"Queen's Park Oval, Port of Spain",1,14.3,Barbados Tridents,St Kitts and Nevis Patriots,CJ Anderson,AR Nurse,RR Emrit,1,0,,,,,,,,,
1227875,2020,2020-08-25,"Queen's Park Oval, Port of Spain",1,14.4,Barbados Tridents,St Kitts and Nevis Patriots,AR Nurse,CJ Anderson,RR Emrit,0,0,,,,,,,,,
1227875,2020,2020-08-25,"Queen's Park Oval, Port of Spain",1,14.5,Barbados Tridents,St Kitts and Nevis Patriots,AR Nurse,CJ Anderson,RR Emrit,0,0,,,,,,,,,
1227875,2020,2020-08-25,"Queen's Park Oval, Port of Spain",1,14.6,Barbados Tridents,St Kitts and Nevis Patriots,AR Nurse,CJ Anderson,RR Emrit,1,0,,,,,,,,,
1227875,2020,2020-08-25,"Queen's Park Oval, Port of Spain",1,15.1,Barbados Tridents,St Kitts and Nevis Patriots,AR Nurse,CJ Anderson,AS Joseph,0,5,5,,,,,,,,
1227875,2020,2020-08-25,"Queen's Park Oval, Port of Spain",1,15.2,Barbados Tridents,St Kitts and Nevis Patriots,AR Nurse,CJ Anderson,AS Joseph,1,0,,,,,,,,,
1227875,2020,2020-08-25,"Queen's Park Oval, Port of Spain",1,15.3,Barbados Tridents,St Kitts and Nevis Patriots,CJ Anderson,AR Nurse,AS Joseph,1,0,,,,,,,,,
1227875,2020,2020-08-25,"Queen's Park Oval, Port of Spain",1,15.4,Barbados Tridents,St Kitts and Nevis Patriots,AR Nurse,CJ Anderson,AS Joseph,1,0,,,,,,,,,
1227875,2020,2020-08-25,"Queen's Park Oval, Port of Spain",1,15.5,Barbados Tridents,St Kitts and Nevis Patriots,CJ Anderson,AR Nurse,AS Joseph,1,0,,,,,,,,,
1227875,2020,2020-08-25,"Queen's Park Oval, Port of Spain",1,15.6,Barbados Tridents,St Kitts and Nevis Patriots,AR Nurse,CJ Anderson,AS Joseph,0,1,,,,1,,,,,
1227875,2020,2020-08-25,"Queen's Park Oval, Port of Spain",1,15.7,Barbados Tridents,St Kitts and Nevis Patriots,CJ Anderson,AR Nurse,AS Joseph,2,0,,,,,,,,,
1227875,2020,2020-08-25,"Queen's Park Oval, Port of Spain",1,16.1,Barbados Tridents,St Kitts and Nevis Patriots,AR Nurse,CJ Anderson,Sohail Tanvir,0,1,1,,,,,,,,
1227875,2020,2020-08-25,"Queen's Park Oval, Port of Spain",1,16.2,Barbados Tridents,St Kitts and Nevis Patriots,AR Nurse,CJ Anderson,Sohail Tanvir,6,0,,,,,,,,,
1227875,2020,2020-08-25,"Queen's Park Oval, Port of Spain",1,16.3,Barbados Tridents,St Kitts and Nevis Patriots,AR Nurse,CJ Anderson,Sohail Tanvir,0,1,,,,1,,,,,
1227875,2020,2020-08-25,"Queen's Park Oval, Port of Spain",1,16.4,Barbados Tridents,St Kitts and Nevis Patriots,CJ Anderson,AR Nurse,Sohail Tanvir,6,0,,,,,,,,,
1227875,2020,2020-08-25,"Queen's Park Oval, Port of Spain",1,16.5,Barbados Tridents,St Kitts and Nevis Patriots,CJ Anderson,AR Nurse,Sohail Tanvir,3,0,,,,,,,,,
1227875,2020,2020-08-25,"Queen's Park Oval, Port of Spain",1,16.6,Barbados Tridents,St Kitts and Nevis Patriots,AR Nurse,CJ Anderson,Sohail Tanvir,0,0,,,,,,,,,
1227875,2020,2020-08-25,"Queen's Park Oval, Port of Spain",1,16.7,Barbados Tridents,St Kitts and Nevis Patriots,AR Nurse,CJ Anderson,Sohail Tanvir,4,0,,,,,,,,,
1227875,2020,2020-08-25,"Queen's Park Oval, Port of Spain",1,17.1,Barbados Tridents,St Kitts and Nevis Patriots,CJ Anderson,AR Nurse,AS Joseph,1,0,,,,,,,,,
1227875,2020,2020-08-25,"Queen's Park Oval, Port of Spain",1,17.2,Barbados Tridents,St Kitts and Nevis Patriots,AR Nurse,CJ Anderson,AS Joseph,6,0,,,,,,,,,
1227875,2020,2020-08-25,"Queen's Park Oval, Port of Spain",1,17.3,Barbados Tridents,St Kitts and Nevis Patriots,AR Nurse,CJ Anderson,AS Joseph,2,0,,,,,,,,,
1227875,2020,2020-08-25,"Queen's Park Oval, Port of Spain",1,17.4,Barbados Tridents,St Kitts and Nevis Patriots,AR Nurse,CJ Anderson,AS Joseph,0,0,,,,,,caught,AR Nurse,,
1227875,2020,2020-08-25,"Queen's Park Oval, Port of Spain",1,17.5,Barbados Tridents,St Kitts and Nevis Patriots,CJ Anderson,Rashid Khan,AS Joseph,1,0,,,,,,,,,
1227875,2020,2020-08-25,"Queen's Park Oval, Port of Spain",1,17.6,Barbados Tridents,St Kitts and Nevis Patriots,Rashid Khan,CJ Anderson,AS Joseph,0,0,,,,,,,,,
1227875,2020,2020-08-25,"Queen's Park Oval, Port of Spain",1,18.1,Barbados Tridents,St Kitts and Nevis Patriots,CJ Anderson,Rashid Khan,RR Emrit,6,0,,,,,,,,,
1227875,2020,2020-08-25,"Queen's Park Oval, Port of Spain",1,18.2,Barbados Tridents,St Kitts and Nevis Patriots,CJ Anderson,Rashid Khan,RR Emrit,0,1,1,,,,,,,,
1227875,2020,2020-08-25,"Queen's Park Oval, Port of Spain",1,18.3,Barbados Tridents,St Kitts and Nevis Patriots,CJ Anderson,Rashid Khan,RR Emrit,1,0,,,,,,,,,
1227875,2020,2020-08-25,"Queen's Park Oval, Port of Spain",1,18.4,Barbados Tridents,St Kitts and Nevis Patriots,Rashid Khan,CJ Anderson,RR Emrit,0,1,,,,1,,,,,
1227875,2020,2020-08-25,"Queen's Park Oval, Port of Spain",1,18.5,Barbados Tridents,St Kitts and Nevis Patriots,CJ Anderson,Rashid Khan,RR Emrit,0,0,,,,,,caught,CJ Anderson,,
1227875,2020,2020-08-25,"Queen's Park Oval, Port of Spain",1,18.6,Barbados Tridents,St Kitts and Nevis Patriots,RA Reifer,Rashid Khan,RR Emrit,0,0,,,,,,,,,
1227875,2020,2020-08-25,"Queen's Park Oval, Port of Spain",1,18.7,Barbados Tridents,St Kitts and Nevis Patriots,RA Reifer,Rashid Khan,RR Emrit,0,0,,,,,,,,,
1227875,2020,2020-08-25,"Queen's Park Oval, Port of Spain",1,19.1,Barbados Tridents,St Kitts and Nevis Patriots,Rashid Khan,RA Reifer,I Khan (2),1,0,,,,,,,,,
1227875,2020,2020-08-25,"Queen's Park Oval, Port of Spain",1,19.2,Barbados Tridents,St Kitts and Nevis Patriots,RA Reifer,Rashid Khan,I Khan (2),0,0,,,,,,,,,
1227875,2020,2020-08-25,"Queen's Park Oval, Port of Spain",1,19.3,Barbados Tridents,St Kitts and Nevis Patriots,RA Reifer,Rashid Khan,I Khan (2),1,0,,,,,,,,,
1227875,2020,2020-08-25,"Queen's Park Oval, Port of Spain",1,19.4,Barbados Tridents,St Kitts and Nevis Patriots,Rashid Khan,RA Reifer,I Khan (2),0,0,,,,,,caught,Rashid Khan,,
1227875,2020,2020-08-25,"Queen's Park Oval, Port of Spain",1,19.5,Barbados Tridents,St Kitts and Nevis Patriots,RA Reifer,MJ Santner,I Khan (2),4,0,,,,,,,,,
1227875,2020,2020-08-25,"Queen's Park Oval, Port of Spain",1,19.6,Barbados Tridents,St Kitts and Nevis Patriots,RA Reifer,MJ Santner,I Khan (2),0,0,,,,,,,,,
1227875,2020,2020-08-25,"Queen's Park Oval, Port of Spain",2,0.1,St Kitts and Nevis Patriots,Barbados Tridents,CA Lynn,E Lewis,JO Holder,0,0,,,,,,,,,
1227875,2020,2020-08-25,"Queen's Park Oval, Port of Spain",2,0.2,St Kitts and Nevis Patriots,Barbados Tridents,CA Lynn,E Lewis,JO Holder,4,0,,,,,,,,,
1227875,2020,2020-08-25,"Queen's Park Oval, Port of Spain",2,0.3,St Kitts and Nevis Patriots,Barbados Tridents,CA Lynn,E Lewis,JO Holder,1,0,,,,,,,,,
1227875,2020,2020-08-25,"Queen's Park Oval, Port of Spain",2,0.4,St Kitts and Nevis Patriots,Barbados Tridents,E Lewis,CA Lynn,JO Holder,1,0,,,,,,,,,
1227875,2020,2020-08-25,"Queen's Park Oval, Port of Spain",2,0.5,St Kitts and Nevis Patriots,Barbados Tridents,CA Lynn,E Lewis,JO Holder,0,0,,,,,,,,,
1227875,2020,2020-08-25,"Queen's Park Oval, Port of Spain",2,0.6,St Kitts and Nevis Patriots,Barbados Tridents,CA Lynn,E Lewis,JO Holder,0,0,,,,,,,,,
1227875,2020,2020-08-25,"Queen's Park Oval, Port of Spain",2,1.1,St Kitts and Nevis Patriots,Barbados Tridents,E Lewis,CA Lynn,MJ Santner,0,0,,,,,,,,,
1227875,2020,2020-08-25,"Queen's Park Oval, Port of Spain",2,1.2,St Kitts and Nevis Patriots,Barbados Tridents,E Lewis,CA Lynn,MJ Santner,2,0,,,,,,,,,
1227875,2020,2020-08-25,"Queen's Park Oval, Port of Spain",2,1.3,St Kitts and Nevis Patriots,Barbados Tridents,E Lewis,CA Lynn,MJ Santner,1,0,,,,,,,,,
1227875,2020,2020-08-25,"Queen's Park Oval, Port of Spain",2,1.4,St Kitts and Nevis Patriots,Barbados Tridents,CA Lynn,E Lewis,MJ Santner,0,0,,,,,,,,,
1227875,2020,2020-08-25,"Queen's Park Oval, Port of Spain",2,1.5,St Kitts and Nevis Patriots,Barbados Tridents,CA Lynn,E Lewis,MJ Santner,0,0,,,,,,,,,
1227875,2020,2020-08-25,"Queen's Park Oval, Port of Spain",2,1.6,St Kitts and Nevis Patriots,Barbados Tridents,CA Lynn,E Lewis,MJ Santner,6,0,,,,,,,,,
1227875,2020,2020-08-25,"Queen's Park Oval, Port of Spain",2,2.1,St Kitts and Nevis Patriots,Barbados Tridents,E Lewis,CA Lynn,JO Holder,4,0,,,,,,,,,
1227875,2020,2020-08-25,"Queen's Park Oval, Port of Spain",2,2.2,St Kitts and Nevis Patriots,Barbados Tridents,E Lewis,CA Lynn,JO Holder,0,0,,,,,,,,,
1227875,2020,2020-08-25,"Queen's Park Oval, Port of Spain",2,2.3,St Kitts and Nevis Patriots,Barbados Tridents,E Lewis,CA Lynn,JO Holder,0,0,,,,,,,,,
1227875,2020,2020-08-25,"Queen's Park Oval, Port of Spain",2,2.4,St Kitts and Nevis Patriots,Barbados Tridents,E Lewis,CA Lynn,JO Holder,6,0,,,,,,,,,
1227875,2020,2020-08-25,"Queen's Park Oval, Port of Spain",2,2.5,St Kitts and Nevis Patriots,Barbados Tridents,E Lewis,CA Lynn,JO Holder,0,0,,,,,,,,,
1227875,2020,2020-08-25,"Queen's Park Oval, Port of Spain",2,2.6,St Kitts and Nevis Patriots,Barbados Tridents,E Lewis,CA Lynn,JO Holder,0,0,,,,,,,,,
1227875,2020,2020-08-25,"Queen's Park Oval, Port of Spain",2,3.1,St Kitts and Nevis Patriots,Barbados Tridents,CA Lynn,E Lewis,MJ Santner,4,0,,,,,,,,,
1227875,2020,2020-08-25,"Queen's Park Oval, Port of Spain",2,3.2,St Kitts and Nevis Patriots,Barbados Tridents,CA Lynn,E Lewis,MJ Santner,1,0,,,,,,,,,
1227875,2020,2020-08-25,"Queen's Park Oval, Port of Spain",2,3.3,St Kitts and Nevis Patriots,Barbados Tridents,E Lewis,CA Lynn,MJ Santner,0,0,,,,,,,,,
1227875,2020,2020-08-25,"Queen's Park Oval, Port of Spain",2,3.4,St Kitts and Nevis Patriots,Barbados Tridents,E Lewis,CA Lynn,MJ Santner,4,0,,,,,,,,,
1227875,2020,2020-08-25,"Queen's Park Oval, Port of Spain",2,3.5,St Kitts and Nevis Patriots,Barbados Tridents,E Lewis,CA Lynn,MJ Santner,0,0,,,,,,,,,
1227875,2020,2020-08-25,"Queen's Park Oval, Port of Spain",2,3.6,St Kitts and Nevis Patriots,Barbados Tridents,E Lewis,CA Lynn,MJ Santner,0,0,,,,,,,,,
1227875,2020,2020-08-25,"Queen's Park Oval, Port of Spain",2,4.1,St Kitts and Nevis Patriots,Barbados Tridents,CA Lynn,E Lewis,Rashid Khan,0,0,,,,,,lbw,CA Lynn,,
1227875,2020,2020-08-25,"Queen's Park Oval, Port of Spain",2,4.2,St Kitts and Nevis Patriots,Barbados Tridents,J Da Silva,E Lewis,Rashid Khan,1,0,,,,,,,,,
1227875,2020,2020-08-25,"Queen's Park Oval, Port of Spain",2,4.3,St Kitts and Nevis Patriots,Barbados Tridents,E Lewis,J Da Silva,Rashid Khan,0,0,,,,,,,,,
1227875,2020,2020-08-25,"Queen's Park Oval, Port of Spain",2,4.4,St Kitts and Nevis Patriots,Barbados Tridents,E Lewis,J Da Silva,Rashid Khan,0,0,,,,,,,,,
1227875,2020,2020-08-25,"Queen's Park Oval, Port of Spain",2,4.5,St Kitts and Nevis Patriots,Barbados Tridents,E Lewis,J Da Silva,Rashid Khan,6,0,,,,,,,,,
1227875,2020,2020-08-25,"Queen's Park Oval, Port of Spain",2,4.6,St Kitts and Nevis Patriots,Barbados Tridents,E Lewis,J Da Silva,Rashid Khan,0,0,,,,,,,,,
1227875,2020,2020-08-25,"Queen's Park Oval, Port of Spain",2,5.1,St Kitts and Nevis Patriots,Barbados Tridents,J Da Silva,E Lewis,JO Holder,0,0,,,,,,,,,
1227875,2020,2020-08-25,"Queen's Park Oval, Port of Spain",2,5.2,St Kitts and Nevis Patriots,Barbados Tridents,J Da Silva,E Lewis,JO Holder,0,0,,,,,,caught,J Da Silva,,
1227875,2020,2020-08-25,"Queen's Park Oval, Port of Spain",2,5.3,St Kitts and Nevis Patriots,Barbados Tridents,D Ramdin,E Lewis,JO Holder,0,0,,,,,,,,,
1227875,2020,2020-08-25,"Queen's Park Oval, Port of Spain",2,5.4,St Kitts and Nevis Patriots,Barbados Tridents,D Ramdin,E Lewis,JO Holder,0,0,,,,,,,,,
1227875,2020,2020-08-25,"Queen's Park Oval, Port of Spain",2,5.5,St Kitts and Nevis Patriots,Barbados Tridents,D Ramdin,E Lewis,JO Holder,0,0,,,,,,,,,
1227875,2020,2020-08-25,"Queen's Park Oval, Port of Spain",2,5.6,St Kitts and Nevis Patriots,Barbados Tridents,D Ramdin,E Lewis,JO Holder,0,0,,,,,,,,,
1227875,2020,2020-08-25,"Queen's Park Oval, Port of Spain",2,6.1,St Kitts and Nevis Patriots,Barbados Tridents,E Lewis,D Ramdin,HR Walsh,0,0,,,,,,,,,
1227875,2020,2020-08-25,"Queen's Park Oval, Port of Spain",2,6.2,St Kitts and Nevis Patriots,Barbados Tridents,E Lewis,D Ramdin,HR Walsh,0,0,,,,,,,,,
1227875,2020,2020-08-25,"Queen's Park Oval, Port of Spain",2,6.3,St Kitts and Nevis Patriots,Barbados Tridents,E Lewis,D Ramdin,HR Walsh,6,0,,,,,,,,,
1227875,2020,2020-08-25,"Queen's Park Oval, Port of Spain",2,6.4,St Kitts and Nevis Patriots,Barbados Tridents,E Lewis,D Ramdin,HR Walsh,0,0,,,,,,,,,
1227875,2020,2020-08-25,"Queen's Park Oval, Port of Spain",2,6.5,St Kitts and Nevis Patriots,Barbados Tridents,E Lewis,D Ramdin,HR Walsh,1,0,,,,,,,,,
1227875,2020,2020-08-25,"Queen's Park Oval, Port of Spain",2,6.6,St Kitts and Nevis Patriots,Barbados Tridents,D Ramdin,E Lewis,HR Walsh,1,0,,,,,,,,,
1227875,2020,2020-08-25,"Queen's Park Oval, Port of Spain",2,7.1,St Kitts and Nevis Patriots,Barbados Tridents,D Ramdin,E Lewis,JO Holder,1,0,,,,,,,,,
1227875,2020,2020-08-25,"Queen's Park Oval, Port of Spain",2,7.2,St Kitts and Nevis Patriots,Barbados Tridents,E Lewis,D Ramdin,JO Holder,0,0,,,,,,,,,
1227875,2020,2020-08-25,"Queen's Park Oval, Port of Spain",2,7.3,St Kitts and Nevis Patriots,Barbados Tridents,E Lewis,D Ramdin,JO Holder,1,0,,,,,,,,,
1227875,2020,2020-08-25,"Queen's Park Oval, Port of Spain",2,7.4,St Kitts and Nevis Patriots,Barbados Tridents,D Ramdin,E Lewis,JO Holder,0,0,,,,,,,,,
1227875,2020,2020-08-25,"Queen's Park Oval, Port of Spain",2,7.5,St Kitts and Nevis Patriots,Barbados Tridents,D Ramdin,E Lewis,JO Holder,0,0,,,,,,,,,
1227875,2020,2020-08-25,"Queen's Park Oval, Port of Spain",2,7.6,St Kitts and Nevis Patriots,Barbados Tridents,D Ramdin,E Lewis,JO Holder,0,0,,,,,,,,,
1227875,2020,2020-08-25,"Queen's Park Oval, Port of Spain",2,8.1,St Kitts and Nevis Patriots,Barbados Tridents,E Lewis,D Ramdin,HR Walsh,6,0,,,,,,,,,
1227875,2020,2020-08-25,"Queen's Park Oval, Port of Spain",2,8.2,St Kitts and Nevis Patriots,Barbados Tridents,E Lewis,D Ramdin,HR Walsh,6,0,,,,,,,,,
1227875,2020,2020-08-25,"Queen's Park Oval, Port of Spain",2,8.3,St Kitts and Nevis Patriots,Barbados Tridents,E Lewis,D Ramdin,HR Walsh,6,0,,,,,,,,,
1227875,2020,2020-08-25,"Queen's Park Oval, Port of Spain",2,8.4,St Kitts and Nevis Patriots,Barbados Tridents,E Lewis,D Ramdin,HR Walsh,1,0,,,,,,,,,
1227875,2020,2020-08-25,"Queen's Park Oval, Port of Spain",2,8.5,St Kitts and Nevis Patriots,Barbados Tridents,D Ramdin,E Lewis,HR Walsh,0,0,,,,,,,,,
1227875,2020,2020-08-25,"Queen's Park Oval, Port of Spain",2,8.6,St Kitts and Nevis Patriots,Barbados Tridents,D Ramdin,E Lewis,HR Walsh,1,0,,,,,,,,,
1227875,2020,2020-08-25,"Queen's Park Oval, Port of Spain",2,9.1,St Kitts and Nevis Patriots,Barbados Tridents,D Ramdin,E Lewis,Rashid Khan,1,0,,,,,,,,,
1227875,2020,2020-08-25,"Queen's Park Oval, Port of Spain",2,9.2,St Kitts and Nevis Patriots,Barbados Tridents,E Lewis,D Ramdin,Rashid Khan,1,0,,,,,,,,,
1227875,2020,2020-08-25,"Queen's Park Oval, Port of Spain",2,9.3,St Kitts and Nevis Patriots,Barbados Tridents,D Ramdin,E Lewis,Rashid Khan,0,0,,,,,,,,,
1227875,2020,2020-08-25,"Queen's Park Oval, Port of Spain",2,9.4,St Kitts and Nevis Patriots,Barbados Tridents,D Ramdin,E Lewis,Rashid Khan,1,0,,,,,,,,,
1227875,2020,2020-08-25,"Queen's Park Oval, Port of Spain",2,9.5,St Kitts and Nevis Patriots,Barbados Tridents,E Lewis,D Ramdin,Rashid Khan,0,0,,,,,,,,,
1227875,2020,2020-08-25,"Queen's Park Oval, Port of Spain",2,9.6,St Kitts and Nevis Patriots,Barbados Tridents,E Lewis,D Ramdin,Rashid Khan,0,0,,,,,,,,,
1227875,2020,2020-08-25,"Queen's Park Oval, Port of Spain",2,10.1,St Kitts and Nevis Patriots,Barbados Tridents,D Ramdin,E Lewis,RA Reifer,1,0,,,,,,,,,
1227875,2020,2020-08-25,"Queen's Park Oval, Port of Spain",2,10.2,St Kitts and Nevis Patriots,Barbados Tridents,E Lewis,D Ramdin,RA Reifer,1,0,,,,,,,,,
1227875,2020,2020-08-25,"Queen's Park Oval, Port of Spain",2,10.3,St Kitts and Nevis Patriots,Barbados Tridents,D Ramdin,E Lewis,RA Reifer,0,0,,,,,,,,,
1227875,2020,2020-08-25,"Queen's Park Oval, Port of Spain",2,10.4,St Kitts and Nevis Patriots,Barbados Tridents,D Ramdin,E Lewis,RA Reifer,1,0,,,,,,,,,
1227875,2020,2020-08-25,"Queen's Park Oval, Port of Spain",2,10.5,St Kitts and Nevis Patriots,Barbados Tridents,E Lewis,D Ramdin,RA Reifer,1,0,,,,,,,,,
1227875,2020,2020-08-25,"Queen's Park Oval, Port of Spain",2,10.6,St Kitts and Nevis Patriots,Barbados Tridents,D Ramdin,E Lewis,RA Reifer,0,0,,,,,,,,,
1227875,2020,2020-08-25,"Queen's Park Oval, Port of Spain",2,11.1,St Kitts and Nevis Patriots,Barbados Tridents,E Lewis,D Ramdin,NRJ Young,1,0,,,,,,,,,
1227875,2020,2020-08-25,"Queen's Park Oval, Port of Spain",2,11.2,St Kitts and Nevis Patriots,Barbados Tridents,D Ramdin,E Lewis,NRJ Young,0,0,,,,,,,,,
1227875,2020,2020-08-25,"Queen's Park Oval, Port of Spain",2,11.3,St Kitts and Nevis Patriots,Barbados Tridents,D Ramdin,E Lewis,NRJ Young,1,0,,,,,,,,,
1227875,2020,2020-08-25,"Queen's Park Oval, Port of Spain",2,11.4,St Kitts and Nevis Patriots,Barbados Tridents,E Lewis,D Ramdin,NRJ Young,0,0,,,,,,,,,
1227875,2020,2020-08-25,"Queen's Park Oval, Port of Spain",2,11.5,St Kitts and Nevis Patriots,Barbados Tridents,E Lewis,D Ramdin,NRJ Young,0,0,,,,,,,,,
1227875,2020,2020-08-25,"Queen's Park Oval, Port of Spain",2,11.6,St Kitts and Nevis Patriots,Barbados Tridents,E Lewis,D Ramdin,NRJ Young,1,0,,,,,,,,,
1227875,2020,2020-08-25,"Queen's Park Oval, Port of Spain",2,12.1,St Kitts and Nevis Patriots,Barbados Tridents,E Lewis,D Ramdin,RA Reifer,0,0,,,,,,,,,
1227875,2020,2020-08-25,"Queen's Park Oval, Port of Spain",2,12.2,St Kitts and Nevis Patriots,Barbados Tridents,E Lewis,D Ramdin,RA Reifer,6,0,,,,,,,,,
1227875,2020,2020-08-25,"Queen's Park Oval, Port of Spain",2,12.3,St Kitts and Nevis Patriots,Barbados Tridents,E Lewis,D Ramdin,RA Reifer,0,1,,,,1,,,,,
1227875,2020,2020-08-25,"Queen's Park Oval, Port of Spain",2,12.4,St Kitts and Nevis Patriots,Barbados Tridents,D Ramdin,E Lewis,RA Reifer,4,0,,,,,,,,,
1227875,2020,2020-08-25,"Queen's Park Oval, Port of Spain",2,12.5,St Kitts and Nevis Patriots,Barbados Tridents,D Ramdin,E Lewis,RA Reifer,2,0,,,,,,,,,
1227875,2020,2020-08-25,"Queen's Park Oval, Port of Spain",2,12.6,St Kitts and Nevis Patriots,Barbados Tridents,D Ramdin,E Lewis,RA Reifer,1,0,,,,,,,,,
1227875,2020,2020-08-25,"Queen's Park Oval, Port of Spain",2,13.1,St Kitts and Nevis Patriots,Barbados Tridents,D Ramdin,E Lewis,Rashid Khan,1,0,,,,,,,,,
1227875,2020,2020-08-25,"Queen's Park Oval, Port of Spain",2,13.2,St Kitts and Nevis Patriots,Barbados Tridents,E Lewis,D Ramdin,Rashid Khan,0,0,,,,,,,,,
1227875,2020,2020-08-25,"Queen's Park Oval, Port of Spain",2,13.3,St Kitts and Nevis Patriots,Barbados Tridents,E Lewis,D Ramdin,Rashid Khan,1,0,,,,,,,,,
1227875,2020,2020-08-25,"Queen's Park Oval, Port of Spain",2,13.4,St Kitts and Nevis Patriots,Barbados Tridents,D Ramdin,E Lewis,Rashid Khan,1,0,,,,,,,,,
1227875,2020,2020-08-25,"Queen's Park Oval, Port of Spain",2,13.5,St Kitts and Nevis Patriots,Barbados Tridents,E Lewis,D Ramdin,Rashid Khan,1,0,,,,,,,,,
1227875,2020,2020-08-25,"Queen's Park Oval, Port of Spain",2,13.6,St Kitts and Nevis Patriots,Barbados Tridents,D Ramdin,E Lewis,Rashid Khan,0,0,,,,,,,,,
1227875,2020,2020-08-25,"Queen's Park Oval, Port of Spain",2,14.1,St Kitts and Nevis Patriots,Barbados Tridents,E Lewis,D Ramdin,NRJ Young,1,0,,,,,,,,,
1227875,2020,2020-08-25,"Queen's Park Oval, Port of Spain",2,14.2,St Kitts and Nevis Patriots,Barbados Tridents,D Ramdin,E Lewis,NRJ Young,1,0,,,,,,,,,
1227875,2020,2020-08-25,"Queen's Park Oval, Port of Spain",2,14.3,St Kitts and Nevis Patriots,Barbados Tridents,E Lewis,D Ramdin,NRJ Young,2,0,,,,,,,,,
1227875,2020,2020-08-25,"Queen's Park Oval, Port of Spain",2,14.4,St Kitts and Nevis Patriots,Barbados Tridents,E Lewis,D Ramdin,NRJ Young,2,0,,,,,,,,,
1227875,2020,2020-08-25,"Queen's Park Oval, Port of Spain",2,14.5,St Kitts and Nevis Patriots,Barbados Tridents,E Lewis,D Ramdin,NRJ Young,0,0,,,,,,,,,
1227875,2020,2020-08-25,"Queen's Park Oval, Port of Spain",2,14.6,St Kitts and Nevis Patriots,Barbados Tridents,E Lewis,D Ramdin,NRJ Young,1,0,,,,,,,,,
1227875,2020,2020-08-25,"Queen's Park Oval, Port of Spain",2,15.1,St Kitts and Nevis Patriots,Barbados Tridents,E Lewis,D Ramdin,Rashid Khan,1,0,,,,,,,,,
1227875,2020,2020-08-25,"Queen's Park Oval, Port of Spain",2,15.2,St Kitts and Nevis Patriots,Barbados Tridents,D Ramdin,E Lewis,Rashid Khan,1,0,,,,,,,,,
1227875,2020,2020-08-25,"Queen's Park Oval, Port of Spain",2,15.3,St Kitts and Nevis Patriots,Barbados Tridents,E Lewis,D Ramdin,Rashid Khan,0,0,,,,,,,,,
1227875,2020,2020-08-25,"Queen's Park Oval, Port of Spain",2,15.4,St Kitts and Nevis Patriots,Barbados Tridents,E Lewis,D Ramdin,Rashid Khan,0,0,,,,,,,,,
1227875,2020,2020-08-25,"Queen's Park Oval, Port of Spain",2,15.5,St Kitts and Nevis Patriots,Barbados Tridents,E Lewis,D Ramdin,Rashid Khan,2,0,,,,,,,,,
1227875,2020,2020-08-25,"Queen's Park Oval, Port of Spain",2,15.6,St Kitts and Nevis Patriots,Barbados Tridents,E Lewis,D Ramdin,Rashid Khan,6,0,,,,,,,,,
1227875,2020,2020-08-25,"Queen's Park Oval, Port of Spain",2,16.1,St Kitts and Nevis Patriots,Barbados Tridents,D Ramdin,E Lewis,KR Mayers,0,0,,,,,,,,,
1227875,2020,2020-08-25,"Queen's Park Oval, Port of Spain",2,16.2,St Kitts and Nevis Patriots,Barbados Tridents,D Ramdin,E Lewis,KR Mayers,0,1,1,,,,,,,,
1227875,2020,2020-08-25,"Queen's Park Oval, Port of Spain",2,16.3,St Kitts and Nevis Patriots,Barbados Tridents,D Ramdin,E Lewis,KR Mayers,0,0,,,,,,,,,
1227875,2020,2020-08-25,"Queen's Park Oval, Port of Spain",2,16.4,St Kitts and Nevis Patriots,Barbados Tridents,D Ramdin,E Lewis,KR Mayers,1,0,,,,,,,,,
1227875,2020,2020-08-25,"Queen's Park Oval, Port of Spain",2,16.5,St Kitts and Nevis Patriots,Barbados Tridents,E Lewis,D Ramdin,KR Mayers,1,0,,,,,,,,,
1227875,2020,2020-08-25,"Queen's Park Oval, Port of Spain",2,16.6,St Kitts and Nevis Patriots,Barbados Tridents,D Ramdin,E Lewis,KR Mayers,0,0,,,,,,caught,D Ramdin,,
1227875,2020,2020-08-25,"Queen's Park Oval, Port of Spain",2,16.7,St Kitts and Nevis Patriots,Barbados Tridents,BR Dunk,E Lewis,KR Mayers,2,0,,,,,,,,,
1227875,2020,2020-08-25,"Queen's Park Oval, Port of Spain",2,17.1,St Kitts and Nevis Patriots,Barbados Tridents,E Lewis,BR Dunk,NRJ Young,6,0,,,,,,,,,
1227875,2020,2020-08-25,"Queen's Park Oval, Port of Spain",2,17.2,St Kitts and Nevis Patriots,Barbados Tridents,E Lewis,BR Dunk,NRJ Young,1,0,,,,,,,,,
1227875,2020,2020-08-25,"Queen's Park Oval, Port of Spain",2,17.3,St Kitts and Nevis Patriots,Barbados Tridents,BR Dunk,E Lewis,NRJ Young,0,0,,,,,,,,,
1227875,2020,2020-08-25,"Queen's Park Oval, Port of Spain",2,17.4,St Kitts and Nevis Patriots,Barbados Tridents,BR Dunk,E Lewis,NRJ Young,0,0,,,,,,,,,
1227875,2020,2020-08-25,"Queen's Park Oval, Port of Spain",2,17.5,St Kitts and Nevis Patriots,Barbados Tridents,BR Dunk,E Lewis,NRJ Young,0,1,,,,1,,,,,
1227875,2020,2020-08-25,"Queen's Park Oval, Port of Spain",2,17.6,St Kitts and Nevis Patriots,Barbados Tridents,E Lewis,BR Dunk,NRJ Young,1,0,,,,,,,,,
1227875,2020,2020-08-25,"Queen's Park Oval, Port of Spain",2,18.1,St Kitts and Nevis Patriots,Barbados Tridents,E Lewis,BR Dunk,KR Mayers,1,0,,,,,,,,,
1227875,2020,2020-08-25,"Queen's Park Oval, Port of Spain",2,18.2,St Kitts and Nevis Patriots,Barbados Tridents,BR Dunk,E Lewis,KR Mayers,1,0,,,,,,,,,
1227875,2020,2020-08-25,"Queen's Park Oval, Port of Spain",2,18.3,St Kitts and Nevis Patriots,Barbados Tridents,E Lewis,BR Dunk,KR Mayers,0,0,,,,,,caught,E Lewis,,
1227875,2020,2020-08-25,"Queen's Park Oval, Port of Spain",2,18.4,St Kitts and Nevis Patriots,Barbados Tridents,BR Dunk,Sohail Tanvir,KR Mayers,4,0,,,,,,,,,
1227875,2020,2020-08-25,"Queen's Park Oval, Port of Spain",2,18.5,St Kitts and Nevis Patriots,Barbados Tridents,BR Dunk,Sohail Tanvir,KR Mayers,2,0,,,,,,,,,
1227875,2020,2020-08-25,"Queen's Park Oval, Port of Spain",2,18.6,St Kitts and Nevis Patriots,Barbados Tridents,BR Dunk,Sohail Tanvir,KR Mayers,1,0,,,,,,,,,
1227875,2020,2020-08-25,"Queen's Park Oval, Port of Spain",2,19.1,St Kitts and Nevis Patriots,Barbados Tridents,BR Dunk,Sohail Tanvir,NRJ Young,0,1,1,,,,,,,,
1227875,2020,2020-08-25,"Queen's Park Oval, Port of Spain",2,19.2,St Kitts and Nevis Patriots,Barbados Tridents,BR Dunk,Sohail Tanvir,NRJ Young,0,0,,,,,,,,,
1227875,2020,2020-08-25,"Queen's Park Oval, Port of Spain",2,19.3,St Kitts and Nevis Patriots,Barbados Tridents,BR Dunk,Sohail Tanvir,NRJ Young,6,0,,,,,,,,,
1227875,2020,2020-08-25,"Queen's Park Oval, Port of Spain",2,19.4,St Kitts and Nevis Patriots,Barbados Tridents,BR Dunk,Sohail Tanvir,NRJ Young,6,0,,,,,,,,,
