match_id,season,start_date,venue,innings,ball,batting_team,bowling_team,striker,non_striker,bowler,runs_off_bat,extras,wides,noballs,byes,legbyes,penalty,wicket_type,player_dismissed,other_wicket_type,other_player_dismissed
1227865,2020,2020-08-18,"Brian Lara Stadium, Tarouba",1,0.1,Guyana Amazon Warriors,Trinbago Knight Riders,BA King,C Hemraj,Ali Khan,0,0,,,,,,,,,
1227865,2020,2020-08-18,"Brian Lara Stadium, Tarouba",1,0.2,Guyana Amazon Warriors,Trinbago Knight Riders,BA King,C Hemraj,Ali Khan,0,1,1,,,,,,,,
1227865,2020,2020-08-18,"Brian Lara Stadium, Tarouba",1,0.3,Guyana Amazon Warriors,Trinbago Knight Riders,BA King,C Hemraj,Ali Khan,0,0,,,,,,,,,
1227865,2020,2020-08-18,"Brian Lara Stadium, Tarouba",1,0.4,Guyana Amazon Warriors,Trinbago Knight Riders,BA King,C Hemraj,Ali Khan,0,0,,,,,,caught,BA King,,
1227865,2020,2020-08-18,"Brian Lara Stadium, Tarouba",1,0.5,Guyana Amazon Warriors,Trinbago Knight Riders,SO Hetmyer,C Hemraj,Ali Khan,0,0,,,,,,,,,
1227865,2020,2020-08-18,"Brian Lara Stadium, Tarouba",1,0.6,Guyana Amazon Warriors,Trinbago Knight Riders,SO Hetmyer,C Hemraj,Ali Khan,0,1,1,,,,,,,,
1227865,2020,2020-08-18,"Brian Lara Stadium, Tarouba",1,0.7,Guyana Amazon Warriors,Trinbago Knight Riders,SO Hetmyer,C Hemraj,Ali Khan,0,0,,,,,,,,,
1227865,2020,2020-08-18,"Brian Lara Stadium, Tarouba",1,0.8,Guyana Amazon Warriors,Trinbago Knight Riders,SO Hetmyer,C Hemraj,Ali Khan,0,1,,,,1,,,,,
1227865,2020,2020-08-18,"Brian Lara Stadium, Tarouba",1,1.1,Guyana Amazon Warriors,Trinbago Knight Riders,SO Hetmyer,C Hemraj,Sikandar Raza,2,0,,,,,,,,,
1227865,2020,2020-08-18,"Brian Lara Stadium, Tarouba",1,1.2,Guyana Amazon Warriors,Trinbago Knight Riders,SO Hetmyer,C Hemraj,Sikandar Raza,0,0,,,,,,,,,
1227865,2020,2020-08-18,"Brian Lara Stadium, Tarouba",1,1.3,Guyana Amazon Warriors,Trinbago Knight Riders,SO Hetmyer,C Hemraj,Sikandar Raza,0,0,,,,,,,,,
1227865,2020,2020-08-18,"Brian Lara Stadium, Tarouba",1,1.4,Guyana Amazon Warriors,Trinbago Knight Riders,SO Hetmyer,C Hemraj,Sikandar Raza,3,0,,,,,,,,,
1227865,2020,2020-08-18,"Brian Lara Stadium, Tarouba",1,1.5,Guyana Amazon Warriors,Trinbago Knight Riders,C Hemraj,SO Hetmyer,Sikandar Raza,1,0,,,,,,,,,
1227865,2020,2020-08-18,"Brian Lara Stadium, Tarouba",1,1.6,Guyana Amazon Warriors,Trinbago Knight Riders,SO Hetmyer,C Hemraj,Sikandar Raza,0,1,1,,,,,,,,
1227865,2020,2020-08-18,"Brian Lara Stadium, Tarouba",1,1.7,Guyana Amazon Warriors,Trinbago Knight Riders,SO Hetmyer,C Hemraj,Sikandar Raza,0,0,,,,,,,,,
1227865,2020,2020-08-18,"Brian Lara Stadium, Tarouba",1,2.1,Guyana Amazon Warriors,Trinbago Knight Riders,C Hemraj,SO Hetmyer,Ali Khan,1,0,,,,,,,,,
1227865,2020,2020-08-18,"Brian Lara Stadium, Tarouba",1,2.2,Guyana Amazon Warriors,Trinbago Knight Riders,SO Hetmyer,C Hemraj,Ali Khan,0,1,1,,,,,,,,
1227865,2020,2020-08-18,"Brian Lara Stadium, Tarouba",1,2.3,Guyana Amazon Warriors,Trinbago Knight Riders,SO Hetmyer,C Hemraj,Ali Khan,4,0,,,,,,,,,
1227865,2020,2020-08-18,"Brian Lara Stadium, Tarouba",1,2.4,Guyana Amazon Warriors,Trinbago Knight Riders,SO Hetmyer,C Hemraj,Ali Khan,3,0,,,,,,,,,
1227865,2020,2020-08-18,"Brian Lara Stadium, Tarouba",1,2.5,Guyana Amazon Warriors,Trinbago Knight Riders,C Hemraj,SO Hetmyer,Ali Khan,1,0,,,,,,,,,
1227865,2020,2020-08-18,"Brian Lara Stadium, Tarouba",1,2.6,Guyana Amazon Warriors,Trinbago Knight Riders,SO Hetmyer,C Hemraj,Ali Khan,1,0,,,,,,,,,
1227865,2020,2020-08-18,"Brian Lara Stadium, Tarouba",1,2.7,Guyana Amazon Warriors,Trinbago Knight Riders,C Hemraj,SO Hetmyer,Ali Khan,0,1,1,,,,,,,,
1227865,2020,2020-08-18,"Brian Lara Stadium, Tarouba",1,2.8,Guyana Amazon Warriors,Trinbago Knight Riders,C Hemraj,SO Hetmyer,Ali Khan,0,0,,,,,,,,,
1227865,2020,2020-08-18,"Brian Lara Stadium, Tarouba",1,3.1,Guyana Amazon Warriors,Trinbago Knight Riders,SO Hetmyer,C Hemraj,SP Narine,0,0,,,,,,,,,
1227865,2020,2020-08-18,"Brian Lara Stadium, Tarouba",1,3.2,Guyana Amazon Warriors,Trinbago Knight Riders,SO Hetmyer,C Hemraj,SP Narine,1,0,,,,,,,,,
1227865,2020,2020-08-18,"Brian Lara Stadium, Tarouba",1,3.3,Guyana Amazon Warriors,Trinbago Knight Riders,C Hemraj,SO Hetmyer,SP Narine,0,0,,,,,,,,,
1227865,2020,2020-08-18,"Brian Lara Stadium, Tarouba",1,3.4,Guyana Amazon Warriors,Trinbago Knight Riders,C Hemraj,SO Hetmyer,SP Narine,0,0,,,,,,caught and bowled,C Hemraj,,
1227865,2020,2020-08-18,"Brian Lara Stadium, Tarouba",1,3.5,Guyana Amazon Warriors,Trinbago Knight Riders,LRPL Taylor,SO Hetmyer,SP Narine,1,0,,,,,,,,,
1227865,2020,2020-08-18,"Brian Lara Stadium, Tarouba",1,3.6,Guyana Amazon Warriors,Trinbago Knight Riders,SO Hetmyer,LRPL Taylor,SP Narine,1,0,,,,,,,,,
1227865,2020,2020-08-18,"Brian Lara Stadium, Tarouba",1,4.1,Guyana Amazon Warriors,Trinbago Knight Riders,SO Hetmyer,LRPL Taylor,Fawad Ahmed,4,0,,,,,,,,,
1227865,2020,2020-08-18,"Brian Lara Stadium, Tarouba",1,4.2,Guyana Amazon Warriors,Trinbago Knight Riders,SO Hetmyer,LRPL Taylor,Fawad Ahmed,1,0,,,,,,,,,
1227865,2020,2020-08-18,"Brian Lara Stadium, Tarouba",1,4.3,Guyana Amazon Warriors,Trinbago Knight Riders,LRPL Taylor,SO Hetmyer,Fawad Ahmed,0,0,,,,,,,,,
1227865,2020,2020-08-18,"Brian Lara Stadium, Tarouba",1,4.4,Guyana Amazon Warriors,Trinbago Knight Riders,LRPL Taylor,SO Hetmyer,Fawad Ahmed,0,0,,,,,,,,,
1227865,2020,2020-08-18,"Brian Lara Stadium, Tarouba",1,4.5,Guyana Amazon Warriors,Trinbago Knight Riders,LRPL Taylor,SO Hetmyer,Fawad Ahmed,0,0,,,,,,,,,
1227865,2020,2020-08-18,"Brian Lara Stadium, Tarouba",1,4.6,Guyana Amazon Warriors,Trinbago Knight Riders,LRPL Taylor,SO Hetmyer,Fawad Ahmed,0,2,,,,2,,,,,
1227865,2020,2020-08-18,"Brian Lara Stadium, Tarouba",1,5.1,Guyana Amazon Warriors,Trinbago Knight Riders,SO Hetmyer,LRPL Taylor,SP Narine,0,0,,,,,,,,,
1227865,2020,2020-08-18,"Brian Lara Stadium, Tarouba",1,5.2,Guyana Amazon Warriors,Trinbago Knight Riders,SO Hetmyer,LRPL Taylor,SP Narine,1,0,,,,,,,,,
1227865,2020,2020-08-18,"Brian Lara Stadium, Tarouba",1,5.3,Guyana Amazon Warriors,Trinbago Knight Riders,LRPL Taylor,SO Hetmyer,SP Narine,1,0,,,,,,,,,
1227865,2020,2020-08-18,"Brian Lara Stadium, Tarouba",1,5.4,Guyana Amazon Warriors,Trinbago Knight Riders,SO Hetmyer,LRPL Taylor,SP Narine,1,0,,,,,,,,,
1227865,2020,2020-08-18,"Brian Lara Stadium, Tarouba",1,5.5,Guyana Amazon Warriors,Trinbago Knight Riders,LRPL Taylor,SO Hetmyer,SP Narine,2,0,,,,,,,,,
1227865,2020,2020-08-18,"Brian Lara Stadium, Tarouba",1,5.6,Guyana Amazon Warriors,Trinbago Knight Riders,LRPL Taylor,SO Hetmyer,SP Narine,0,0,,,,,,,,,
1227865,2020,2020-08-18,"Brian Lara Stadium, Tarouba",1,6.1,Guyana Amazon Warriors,Trinbago Knight Riders,SO Hetmyer,LRPL Taylor,Fawad Ahmed,2,0,,,,,,,,,
1227865,2020,2020-08-18,"Brian Lara Stadium, Tarouba",1,6.2,Guyana Amazon Warriors,Trinbago Knight Riders,SO Hetmyer,LRPL Taylor,Fawad Ahmed,0,0,,,,,,,,,
1227865,2020,2020-08-18,"Brian Lara Stadium, Tarouba",1,6.3,Guyana Amazon Warriors,Trinbago Knight Riders,SO Hetmyer,LRPL Taylor,Fawad Ahmed,1,0,,,,,,,,,
1227865,2020,2020-08-18,"Brian Lara Stadium, Tarouba",1,6.4,Guyana Amazon Warriors,Trinbago Knight Riders,LRPL Taylor,SO Hetmyer,Fawad Ahmed,1,0,,,,,,,,,
1227865,2020,2020-08-18,"Brian Lara Stadium, Tarouba",1,6.5,Guyana Amazon Warriors,Trinbago Knight Riders,SO Hetmyer,LRPL Taylor,Fawad Ahmed,1,0,,,,,,,,,
1227865,2020,2020-08-18,"Brian Lara Stadium, Tarouba",1,6.6,Guyana Amazon Warriors,Trinbago Knight Riders,LRPL Taylor,SO Hetmyer,Fawad Ahmed,6,0,,,,,,,,,
1227865,2020,2020-08-18,"Brian Lara Stadium, Tarouba",1,7.1,Guyana Amazon Warriors,Trinbago Knight Riders,SO Hetmyer,LRPL Taylor,JNT Seales,0,0,,,,,,,,,
1227865,2020,2020-08-18,"Brian Lara Stadium, Tarouba",1,7.2,Guyana Amazon Warriors,Trinbago Knight Riders,SO Hetmyer,LRPL Taylor,JNT Seales,1,0,,,,,,,,,
1227865,2020,2020-08-18,"Brian Lara Stadium, Tarouba",1,7.3,Guyana Amazon Warriors,Trinbago Knight Riders,LRPL Taylor,SO Hetmyer,JNT Seales,0,0,,,,,,,,,
1227865,2020,2020-08-18,"Brian Lara Stadium, Tarouba",1,7.4,Guyana Amazon Warriors,Trinbago Knight Riders,LRPL Taylor,SO Hetmyer,JNT Seales,4,0,,,,,,,,,
1227865,2020,2020-08-18,"Brian Lara Stadium, Tarouba",1,7.5,Guyana Amazon Warriors,Trinbago Knight Riders,LRPL Taylor,SO Hetmyer,JNT Seales,6,0,,,,,,,,,
1227865,2020,2020-08-18,"Brian Lara Stadium, Tarouba",1,7.6,Guyana Amazon Warriors,Trinbago Knight Riders,LRPL Taylor,SO Hetmyer,JNT Seales,1,0,,,,,,,,,
1227865,2020,2020-08-18,"Brian Lara Stadium, Tarouba",1,8.1,Guyana Amazon Warriors,Trinbago Knight Riders,LRPL Taylor,SO Hetmyer,Fawad Ahmed,1,0,,,,,,,,,
1227865,2020,2020-08-18,"Brian Lara Stadium, Tarouba",1,8.2,Guyana Amazon Warriors,Trinbago Knight Riders,SO Hetmyer,LRPL Taylor,Fawad Ahmed,1,0,,,,,,,,,
1227865,2020,2020-08-18,"Brian Lara Stadium, Tarouba",1,8.3,Guyana Amazon Warriors,Trinbago Knight Riders,LRPL Taylor,SO Hetmyer,Fawad Ahmed,2,0,,,,,,,,,
1227865,2020,2020-08-18,"Brian Lara Stadium, Tarouba",1,8.4,Guyana Amazon Warriors,Trinbago Knight Riders,LRPL Taylor,SO Hetmyer,Fawad Ahmed,2,0,,,,,,,,,
1227865,2020,2020-08-18,"Brian Lara Stadium, Tarouba",1,8.5,Guyana Amazon Warriors,Trinbago Knight Riders,LRPL Taylor,SO Hetmyer,Fawad Ahmed,4,0,,,,,,,,,
1227865,2020,2020-08-18,"Brian Lara Stadium, Tarouba",1,8.6,Guyana Amazon Warriors,Trinbago Knight Riders,LRPL Taylor,SO Hetmyer,Fawad Ahmed,0,0,,,,,,,,,
1227865,2020,2020-08-18,"Brian Lara Stadium, Tarouba",1,9.1,Guyana Amazon Warriors,Trinbago Knight Riders,SO Hetmyer,LRPL Taylor,SP Narine,1,0,,,,,,,,,
1227865,2020,2020-08-18,"Brian Lara Stadium, Tarouba",1,9.2,Guyana Amazon Warriors,Trinbago Knight Riders,LRPL Taylor,SO Hetmyer,SP Narine,2,0,,,,,,,,,
1227865,2020,2020-08-18,"Brian Lara Stadium, Tarouba",1,9.3,Guyana Amazon Warriors,Trinbago Knight Riders,LRPL Taylor,SO Hetmyer,SP Narine,0,0,,,,,,bowled,LRPL Taylor,,
1227865,2020,2020-08-18,"Brian Lara Stadium, Tarouba",1,9.4,Guyana Amazon Warriors,Trinbago Knight Riders,N Pooran,SO Hetmyer,SP Narine,4,0,,,,,,,,,
1227865,2020,2020-08-18,"Brian Lara Stadium, Tarouba",1,9.5,Guyana Amazon Warriors,Trinbago Knight Riders,N Pooran,SO Hetmyer,SP Narine,0,0,,,,,,,,,
1227865,2020,2020-08-18,"Brian Lara Stadium, Tarouba",1,9.6,Guyana Amazon Warriors,Trinbago Knight Riders,N Pooran,SO Hetmyer,SP Narine,0,0,,,,,,,,,
1227865,2020,2020-08-18,"Brian Lara Stadium, Tarouba",1,10.1,Guyana Amazon Warriors,Trinbago Knight Riders,SO Hetmyer,N Pooran,DJ Bravo,2,0,,,,,,,,,
1227865,2020,2020-08-18,"Brian Lara Stadium, Tarouba",1,10.2,Guyana Amazon Warriors,Trinbago Knight Riders,SO Hetmyer,N Pooran,DJ Bravo,2,0,,,,,,,,,
1227865,2020,2020-08-18,"Brian Lara Stadium, Tarouba",1,10.3,Guyana Amazon Warriors,Trinbago Knight Riders,SO Hetmyer,N Pooran,DJ Bravo,1,0,,,,,,,,,
1227865,2020,2020-08-18,"Brian Lara Stadium, Tarouba",1,10.4,Guyana Amazon Warriors,Trinbago Knight Riders,N Pooran,SO Hetmyer,DJ Bravo,0,0,,,,,,,,,
1227865,2020,2020-08-18,"Brian Lara Stadium, Tarouba",1,10.5,Guyana Amazon Warriors,Trinbago Knight Riders,N Pooran,SO Hetmyer,DJ Bravo,1,0,,,,,,,,,
1227865,2020,2020-08-18,"Brian Lara Stadium, Tarouba",1,10.6,Guyana Amazon Warriors,Trinbago Knight Riders,SO Hetmyer,N Pooran,DJ Bravo,2,0,,,,,,,,,
1227865,2020,2020-08-18,"Brian Lara Stadium, Tarouba",1,11.1,Guyana Amazon Warriors,Trinbago Knight Riders,N Pooran,SO Hetmyer,SP Narine,1,0,,,,,,,,,
1227865,2020,2020-08-18,"Brian Lara Stadium, Tarouba",1,11.2,Guyana Amazon Warriors,Trinbago Knight Riders,SO Hetmyer,N Pooran,SP Narine,2,0,,,,,,,,,
1227865,2020,2020-08-18,"Brian Lara Stadium, Tarouba",1,11.3,Guyana Amazon Warriors,Trinbago Knight Riders,SO Hetmyer,N Pooran,SP Narine,1,0,,,,,,,,,
1227865,2020,2020-08-18,"Brian Lara Stadium, Tarouba",1,11.4,Guyana Amazon Warriors,Trinbago Knight Riders,N Pooran,SO Hetmyer,SP Narine,0,0,,,,,,,,,
1227865,2020,2020-08-18,"Brian Lara Stadium, Tarouba",1,11.5,Guyana Amazon Warriors,Trinbago Knight Riders,N Pooran,SO Hetmyer,SP Narine,0,0,,,,,,,,,
1227865,2020,2020-08-18,"Brian Lara Stadium, Tarouba",1,11.6,Guyana Amazon Warriors,Trinbago Knight Riders,N Pooran,SO Hetmyer,SP Narine,0,0,,,,,,,,,
1227865,2020,2020-08-18,"Brian Lara Stadium, Tarouba",1,12.1,Guyana Amazon Warriors,Trinbago Knight Riders,SO Hetmyer,N Pooran,DJ Bravo,1,0,,,,,,,,,
1227865,2020,2020-08-18,"Brian Lara Stadium, Tarouba",1,12.2,Guyana Amazon Warriors,Trinbago Knight Riders,N Pooran,SO Hetmyer,DJ Bravo,6,0,,,,,,,,,
1227865,2020,2020-08-18,"Brian Lara Stadium, Tarouba",1,12.3,Guyana Amazon Warriors,Trinbago Knight Riders,N Pooran,SO Hetmyer,DJ Bravo,0,4,,,,4,,,,,
1227865,2020,2020-08-18,"Brian Lara Stadium, Tarouba",1,12.4,Guyana Amazon Warriors,Trinbago Knight Riders,N Pooran,SO Hetmyer,DJ Bravo,1,0,,,,,,,,,
1227865,2020,2020-08-18,"Brian Lara Stadium, Tarouba",1,12.5,Guyana Amazon Warriors,Trinbago Knight Riders,SO Hetmyer,N Pooran,DJ Bravo,2,0,,,,,,,,,
1227865,2020,2020-08-18,"Brian Lara Stadium, Tarouba",1,12.6,Guyana Amazon Warriors,Trinbago Knight Riders,SO Hetmyer,N Pooran,DJ Bravo,2,0,,,,,,,,,
1227865,2020,2020-08-18,"Brian Lara Stadium, Tarouba",1,13.1,Guyana Amazon Warriors,Trinbago Knight Riders,N Pooran,SO Hetmyer,JNT Seales,4,0,,,,,,,,,
1227865,2020,2020-08-18,"Brian Lara Stadium, Tarouba",1,13.2,Guyana Amazon Warriors,Trinbago Knight Riders,N Pooran,SO Hetmyer,JNT Seales,1,0,,,,,,,,,
1227865,2020,2020-08-18,"Brian Lara Stadium, Tarouba",1,13.3,Guyana Amazon Warriors,Trinbago Knight Riders,SO Hetmyer,N Pooran,JNT Seales,1,0,,,,,,,,,
1227865,2020,2020-08-18,"Brian Lara Stadium, Tarouba",1,13.4,Guyana Amazon Warriors,Trinbago Knight Riders,N Pooran,SO Hetmyer,JNT Seales,0,0,,,,,,,,,
1227865,2020,2020-08-18,"Brian Lara Stadium, Tarouba",1,13.5,Guyana Amazon Warriors,Trinbago Knight Riders,N Pooran,SO Hetmyer,JNT Seales,0,0,,,,,,caught,N Pooran,,
1227865,2020,2020-08-18,"Brian Lara Stadium, Tarouba",1,13.6,Guyana Amazon Warriors,Trinbago Knight Riders,SO Hetmyer,SE Rutherford,JNT Seales,6,0,,,,,,,,,
1227865,2020,2020-08-18,"Brian Lara Stadium, Tarouba",1,14.1,Guyana Amazon Warriors,Trinbago Knight Riders,SE Rutherford,SO Hetmyer,DJ Bravo,0,0,,,,,,,,,
1227865,2020,2020-08-18,"Brian Lara Stadium, Tarouba",1,14.2,Guyana Amazon Warriors,Trinbago Knight Riders,SE Rutherford,SO Hetmyer,DJ Bravo,0,0,,,,,,caught,SE Rutherford,,
1227865,2020,2020-08-18,"Brian Lara Stadium, Tarouba",1,14.3,Guyana Amazon Warriors,Trinbago Knight Riders,KMA Paul,SO Hetmyer,DJ Bravo,1,0,,,,,,,,,
1227865,2020,2020-08-18,"Brian Lara Stadium, Tarouba",1,14.4,Guyana Amazon Warriors,Trinbago Knight Riders,SO Hetmyer,KMA Paul,DJ Bravo,1,0,,,,,,,,,
1227865,2020,2020-08-18,"Brian Lara Stadium, Tarouba",1,14.5,Guyana Amazon Warriors,Trinbago Knight Riders,KMA Paul,SO Hetmyer,DJ Bravo,2,0,,,,,,,,,
1227865,2020,2020-08-18,"Brian Lara Stadium, Tarouba",1,14.6,Guyana Amazon Warriors,Trinbago Knight Riders,KMA Paul,SO Hetmyer,DJ Bravo,1,0,,,,,,,,,
1227865,2020,2020-08-18,"Brian Lara Stadium, Tarouba",1,15.1,Guyana Amazon Warriors,Trinbago Knight Riders,KMA Paul,SO Hetmyer,Ali Khan,1,0,,,,,,,,,
1227865,2020,2020-08-18,"Brian Lara Stadium, Tarouba",1,15.2,Guyana Amazon Warriors,Trinbago Knight Riders,SO Hetmyer,KMA Paul,Ali Khan,1,0,,,,,,,,,
1227865,2020,2020-08-18,"Brian Lara Stadium, Tarouba",1,15.3,Guyana Amazon Warriors,Trinbago Knight Riders,KMA Paul,SO Hetmyer,Ali Khan,2,0,,,,,,,,,
1227865,2020,2020-08-18,"Brian Lara Stadium, Tarouba",1,15.4,Guyana Amazon Warriors,Trinbago Knight Riders,KMA Paul,SO Hetmyer,Ali Khan,1,0,,,,,,,,,
1227865,2020,2020-08-18,"Brian Lara Stadium, Tarouba",1,15.5,Guyana Amazon Warriors,Trinbago Knight Riders,SO Hetmyer,KMA Paul,Ali Khan,1,0,,,,,,,,,
1227865,2020,2020-08-18,"Brian Lara Stadium, Tarouba",1,15.6,Guyana Amazon Warriors,Trinbago Knight Riders,KMA Paul,SO Hetmyer,Ali Khan,1,0,,,,,,,,,
1227865,2020,2020-08-18,"Brian Lara Stadium, Tarouba",1,16.1,Guyana Amazon Warriors,Trinbago Knight Riders,KMA Paul,SO Hetmyer,DJ Bravo,4,0,,,,,,,,,
1227865,2020,2020-08-18,"Brian Lara Stadium, Tarouba",1,16.2,Guyana Amazon Warriors,Trinbago Knight Riders,KMA Paul,SO Hetmyer,DJ Bravo,1,0,,,,,,,,,
1227865,2020,2020-08-18,"Brian Lara Stadium, Tarouba",1,16.3,Guyana Amazon Warriors,Trinbago Knight Riders,SO Hetmyer,KMA Paul,DJ Bravo,6,0,,,,,,,,,
1227865,2020,2020-08-18,"Brian Lara Stadium, Tarouba",1,16.4,Guyana Amazon Warriors,Trinbago Knight Riders,SO Hetmyer,KMA Paul,DJ Bravo,2,0,,,,,,,,,
1227865,2020,2020-08-18,"Brian Lara Stadium, Tarouba",1,16.5,Guyana Amazon Warriors,Trinbago Knight Riders,SO Hetmyer,KMA Paul,DJ Bravo,1,0,,,,,,,,,
1227865,2020,2020-08-18,"Brian Lara Stadium, Tarouba",1,16.6,Guyana Amazon Warriors,Trinbago Knight Riders,KMA Paul,SO Hetmyer,DJ Bravo,1,0,,,,,,,,,
1227865,2020,2020-08-18,"Brian Lara Stadium, Tarouba",2,0.1,Trinbago Knight Riders,Guyana Amazon Warriors,LMP Simmons,SP Narine,Naveen-ul-Haq,0,0,,,,,,,,,
1227865,2020,2020-08-18,"Brian Lara Stadium, Tarouba",2,0.2,Trinbago Knight Riders,Guyana Amazon Warriors,LMP Simmons,SP Narine,Naveen-ul-Haq,0,0,,,,,,,,,
1227865,2020,2020-08-18,"Brian Lara Stadium, Tarouba",2,0.3,Trinbago Knight Riders,Guyana Amazon Warriors,LMP Simmons,SP Narine,Naveen-ul-Haq,0,0,,,,,,,,,
1227865,2020,2020-08-18,"Brian Lara Stadium, Tarouba",2,0.4,Trinbago Knight Riders,Guyana Amazon Warriors,LMP Simmons,SP Narine,Naveen-ul-Haq,1,0,,,,,,,,,
1227865,2020,2020-08-18,"Brian Lara Stadium, Tarouba",2,0.5,Trinbago Knight Riders,Guyana Amazon Warriors,SP Narine,LMP Simmons,Naveen-ul-Haq,1,0,,,,,,,,,
1227865,2020,2020-08-18,"Brian Lara Stadium, Tarouba",2,0.6,Trinbago Knight Riders,Guyana Amazon Warriors,LMP Simmons,SP Narine,Naveen-ul-Haq,0,1,1,,,,,,,,
1227865,2020,2020-08-18,"Brian Lara Stadium, Tarouba",2,0.7,Trinbago Knight Riders,Guyana Amazon Warriors,LMP Simmons,SP Narine,Naveen-ul-Haq,1,0,,,,,,,,,
1227865,2020,2020-08-18,"Brian Lara Stadium, Tarouba",2,1.1,Trinbago Knight Riders,Guyana Amazon Warriors,LMP Simmons,SP Narine,CJ Green,0,0,,,,,,,,,
1227865,2020,2020-08-18,"Brian Lara Stadium, Tarouba",2,1.2,Trinbago Knight Riders,Guyana Amazon Warriors,LMP Simmons,SP Narine,CJ Green,2,0,,,,,,,,,
1227865,2020,2020-08-18,"Brian Lara Stadium, Tarouba",2,1.3,Trinbago Knight Riders,Guyana Amazon Warriors,LMP Simmons,SP Narine,CJ Green,0,0,,,,,,,,,
1227865,2020,2020-08-18,"Brian Lara Stadium, Tarouba",2,1.4,Trinbago Knight Riders,Guyana Amazon Warriors,LMP Simmons,SP Narine,CJ Green,0,0,,,,,,,,,
1227865,2020,2020-08-18,"Brian Lara Stadium, Tarouba",2,1.5,Trinbago Knight Riders,Guyana Amazon Warriors,LMP Simmons,SP Narine,CJ Green,1,0,,,,,,,,,
1227865,2020,2020-08-18,"Brian Lara Stadium, Tarouba",2,1.6,Trinbago Knight Riders,Guyana Amazon Warriors,SP Narine,LMP Simmons,CJ Green,0,0,,,,,,,,,
1227865,2020,2020-08-18,"Brian Lara Stadium, Tarouba",2,2.1,Trinbago Knight Riders,Guyana Amazon Warriors,LMP Simmons,SP Narine,R Shepherd,0,0,,,,,,,,,
1227865,2020,2020-08-18,"Brian Lara Stadium, Tarouba",2,2.2,Trinbago Knight Riders,Guyana Amazon Warriors,LMP Simmons,SP Narine,R Shepherd,0,0,,,,,,,,,
1227865,2020,2020-08-18,"Brian Lara Stadium, Tarouba",2,2.3,Trinbago Knight Riders,Guyana Amazon Warriors,LMP Simmons,SP Narine,R Shepherd,0,0,,,,,,,,,
1227865,2020,2020-08-18,"Brian Lara Stadium, Tarouba",2,2.4,Trinbago Knight Riders,Guyana Amazon Warriors,LMP Simmons,SP Narine,R Shepherd,0,0,,,,,,,,,
1227865,2020,2020-08-18,"Brian Lara Stadium, Tarouba",2,2.5,Trinbago Knight Riders,Guyana Amazon Warriors,LMP Simmons,SP Narine,R Shepherd,1,0,,,,,,,,,
1227865,2020,2020-08-18,"Brian Lara Stadium, Tarouba",2,2.6,Trinbago Knight Riders,Guyana Amazon Warriors,SP Narine,LMP Simmons,R Shepherd,0,1,1,,,,,,,,
1227865,2020,2020-08-18,"Brian Lara Stadium, Tarouba",2,2.7,Trinbago Knight Riders,Guyana Amazon Warriors,SP Narine,LMP Simmons,R Shepherd,0,0,,,,,,,,,
1227865,2020,2020-08-18,"Brian Lara Stadium, Tarouba",2,3.1,Trinbago Knight Riders,Guyana Amazon Warriors,LMP Simmons,SP Narine,CJ Green,0,0,,,,,,,,,
1227865,2020,2020-08-18,"Brian Lara Stadium, Tarouba",2,3.2,Trinbago Knight Riders,Guyana Amazon Warriors,LMP Simmons,SP Narine,CJ Green,2,0,,,,,,,,,
1227865,2020,2020-08-18,"Brian Lara Stadium, Tarouba",2,3.3,Trinbago Knight Riders,Guyana Amazon Warriors,LMP Simmons,SP Narine,CJ Green,4,0,,,,,,,,,
1227865,2020,2020-08-18,"Brian Lara Stadium, Tarouba",2,3.4,Trinbago Knight Riders,Guyana Amazon Warriors,LMP Simmons,SP Narine,CJ Green,4,0,,,,,,,,,
1227865,2020,2020-08-18,"Brian Lara Stadium, Tarouba",2,3.5,Trinbago Knight Riders,Guyana Amazon Warriors,LMP Simmons,SP Narine,CJ Green,1,0,,,,,,,,,
1227865,2020,2020-08-18,"Brian Lara Stadium, Tarouba",2,3.6,Trinbago Knight Riders,Guyana Amazon Warriors,SP Narine,LMP Simmons,CJ Green,2,0,,,,,,,,,
1227865,2020,2020-08-18,"Brian Lara Stadium, Tarouba",2,4.1,Trinbago Knight Riders,Guyana Amazon Warriors,LMP Simmons,SP Narine,Naveen-ul-Haq,0,0,,,,,,caught,LMP Simmons,,
1227865,2020,2020-08-18,"Brian Lara Stadium, Tarouba",2,4.2,Trinbago Knight Riders,Guyana Amazon Warriors,SP Narine,C Munro,Naveen-ul-Haq,4,0,,,,,,,,,
1227865,2020,2020-08-18,"Brian Lara Stadium, Tarouba",2,4.3,Trinbago Knight Riders,Guyana Amazon Warriors,SP Narine,C Munro,Naveen-ul-Haq,2,0,,,,,,,,,
1227865,2020,2020-08-18,"Brian Lara Stadium, Tarouba",2,4.4,Trinbago Knight Riders,Guyana Amazon Warriors,SP Narine,C Munro,Naveen-ul-Haq,0,0,,,,,,,,,
1227865,2020,2020-08-18,"Brian Lara Stadium, Tarouba",2,4.5,Trinbago Knight Riders,Guyana Amazon Warriors,SP Narine,C Munro,Naveen-ul-Haq,0,1,1,,,,,,,,
1227865,2020,2020-08-18,"Brian Lara Stadium, Tarouba",2,4.6,Trinbago Knight Riders,Guyana Amazon Warriors,SP Narine,C Munro,Naveen-ul-Haq,1,0,,,,,,,,,
1227865,2020,2020-08-18,"Brian Lara Stadium, Tarouba",2,4.7,Trinbago Knight Riders,Guyana Amazon Warriors,C Munro,SP Narine,Naveen-ul-Haq,0,0,,,,,,,,,
1227865,2020,2020-08-18,"Brian Lara Stadium, Tarouba",2,5.1,Trinbago Knight Riders,Guyana Amazon Warriors,SP Narine,C Munro,CJ Green,6,0,,,,,,,,,
1227865,2020,2020-08-18,"Brian Lara Stadium, Tarouba",2,5.2,Trinbago Knight Riders,Guyana Amazon Warriors,SP Narine,C Munro,CJ Green,1,0,,,,,,,,,
1227865,2020,2020-08-18,"Brian Lara Stadium, Tarouba",2,5.3,Trinbago Knight Riders,Guyana Amazon Warriors,C Munro,SP Narine,CJ Green,0,0,,,,,,,,,
1227865,2020,2020-08-18,"Brian Lara Stadium, Tarouba",2,5.4,Trinbago Knight Riders,Guyana Amazon Warriors,C Munro,SP Narine,CJ Green,1,0,,,,,,,,,
1227865,2020,2020-08-18,"Brian Lara Stadium, Tarouba",2,5.5,Trinbago Knight Riders,Guyana Amazon Warriors,SP Narine,C Munro,CJ Green,1,0,,,,,,,,,
1227865,2020,2020-08-18,"Brian Lara Stadium, Tarouba",2,5.6,Trinbago Knight Riders,Guyana Amazon Warriors,C Munro,SP Narine,CJ Green,6,0,,,,,,,,,
1227865,2020,2020-08-18,"Brian Lara Stadium, Tarouba",2,6.1,Trinbago Knight Riders,Guyana Amazon Warriors,SP Narine,C Munro,R Shepherd,1,0,,,,,,,,,
1227865,2020,2020-08-18,"Brian Lara Stadium, Tarouba",2,6.2,Trinbago Knight Riders,Guyana Amazon Warriors,C Munro,SP Narine,R Shepherd,4,0,,,,,,,,,
1227865,2020,2020-08-18,"Brian Lara Stadium, Tarouba",2,6.3,Trinbago Knight Riders,Guyana Amazon Warriors,C Munro,SP Narine,R Shepherd,6,0,,,,,,,,,
1227865,2020,2020-08-18,"Brian Lara Stadium, Tarouba",2,6.4,Trinbago Knight Riders,Guyana Amazon Warriors,C Munro,SP Narine,R Shepherd,0,0,,,,,,caught,C Munro,,
1227865,2020,2020-08-18,"Brian Lara Stadium, Tarouba",2,6.5,Trinbago Knight Riders,Guyana Amazon Warriors,DM Bravo,SP Narine,R Shepherd,1,0,,,,,,,,,
1227865,2020,2020-08-18,"Brian Lara Stadium, Tarouba",2,6.6,Trinbago Knight Riders,Guyana Amazon Warriors,SP Narine,DM Bravo,R Shepherd,1,0,,,,,,,,,
1227865,2020,2020-08-18,"Brian Lara Stadium, Tarouba",2,7.1,Trinbago Knight Riders,Guyana Amazon Warriors,SP Narine,DM Bravo,KMA Paul,0,1,1,,,,,,,,
1227865,2020,2020-08-18,"Brian Lara Stadium, Tarouba",2,7.2,Trinbago Knight Riders,Guyana Amazon Warriors,SP Narine,DM Bravo,KMA Paul,0,1,1,,,,,,,,
1227865,2020,2020-08-18,"Brian Lara Stadium, Tarouba",2,7.3,Trinbago Knight Riders,Guyana Amazon Warriors,SP Narine,DM Bravo,KMA Paul,0,0,,,,,,,,,
1227865,2020,2020-08-18,"Brian Lara Stadium, Tarouba",2,7.4,Trinbago Knight Riders,Guyana Amazon Warriors,SP Narine,DM Bravo,KMA Paul,0,0,,,,,,,,,
1227865,2020,2020-08-18,"Brian Lara Stadium, Tarouba",2,7.5,Trinbago Knight Riders,Guyana Amazon Warriors,SP Narine,DM Bravo,KMA Paul,0,0,,,,,,,,,
1227865,2020,2020-08-18,"Brian Lara Stadium, Tarouba",2,7.6,Trinbago Knight Riders,Guyana Amazon Warriors,SP Narine,DM Bravo,KMA Paul,1,0,,,,,,,,,
1227865,2020,2020-08-18,"Brian Lara Stadium, Tarouba",2,7.7,Trinbago Knight Riders,Guyana Amazon Warriors,DM Bravo,SP Narine,KMA Paul,1,0,,,,,,,,,
1227865,2020,2020-08-18,"Brian Lara Stadium, Tarouba",2,7.8,Trinbago Knight Riders,Guyana Amazon Warriors,SP Narine,DM Bravo,KMA Paul,0,1,1,,,,,,,,
1227865,2020,2020-08-18,"Brian Lara Stadium, Tarouba",2,7.9,Trinbago Knight Riders,Guyana Amazon Warriors,SP Narine,DM Bravo,KMA Paul,1,0,,,,,,,,,
1227865,2020,2020-08-18,"Brian Lara Stadium, Tarouba",2,8.1,Trinbago Knight Riders,Guyana Amazon Warriors,SP Narine,DM Bravo,Imran Tahir,1,0,,,,,,,,,
1227865,2020,2020-08-18,"Brian Lara Stadium, Tarouba",2,8.2,Trinbago Knight Riders,Guyana Amazon Warriors,DM Bravo,SP Narine,Imran Tahir,0,1,1,,,,,,,,
1227865,2020,2020-08-18,"Brian Lara Stadium, Tarouba",2,8.3,Trinbago Knight Riders,Guyana Amazon Warriors,DM Bravo,SP Narine,Imran Tahir,2,0,,,,,,,,,
1227865,2020,2020-08-18,"Brian Lara Stadium, Tarouba",2,8.4,Trinbago Knight Riders,Guyana Amazon Warriors,DM Bravo,SP Narine,Imran Tahir,1,0,,,,,,,,,
1227865,2020,2020-08-18,"Brian Lara Stadium, Tarouba",2,8.5,Trinbago Knight Riders,Guyana Amazon Warriors,SP Narine,DM Bravo,Imran Tahir,2,0,,,,,,,,,
1227865,2020,2020-08-18,"Brian Lara Stadium, Tarouba",2,8.6,Trinbago Knight Riders,Guyana Amazon Warriors,SP Narine,DM Bravo,Imran Tahir,4,0,,,,,,,,,
1227865,2020,2020-08-18,"Brian Lara Stadium, Tarouba",2,8.7,Trinbago Knight Riders,Guyana Amazon Warriors,SP Narine,DM Bravo,Imran Tahir,6,0,,,,,,,,,
1227865,2020,2020-08-18,"Brian Lara Stadium, Tarouba",2,9.1,Trinbago Knight Riders,Guyana Amazon Warriors,DM Bravo,SP Narine,R Shepherd,0,0,,,,,,,,,
1227865,2020,2020-08-18,"Brian Lara Stadium, Tarouba",2,9.2,Trinbago Knight Riders,Guyana Amazon Warriors,DM Bravo,SP Narine,R Shepherd,0,0,,,,,,,,,
1227865,2020,2020-08-18,"Brian Lara Stadium, Tarouba",2,9.3,Trinbago Knight Riders,Guyana Amazon Warriors,DM Bravo,SP Narine,R Shepherd,0,1,1,,,,,,,,
1227865,2020,2020-08-18,"Brian Lara Stadium, Tarouba",2,9.4,Trinbago Knight Riders,Guyana Amazon Warriors,DM Bravo,SP Narine,R Shepherd,1,0,,,,,,,,,
1227865,2020,2020-08-18,"Brian Lara Stadium, Tarouba",2,9.5,Trinbago Knight Riders,Guyana Amazon Warriors,SP Narine,DM Bravo,R Shepherd,6,0,,,,,,,,,
1227865,2020,2020-08-18,"Brian Lara Stadium, Tarouba",2,9.6,Trinbago Knight Riders,Guyana Amazon Warriors,SP Narine,DM Bravo,R Shepherd,6,0,,,,,,,,,
1227865,2020,2020-08-18,"Brian Lara Stadium, Tarouba",2,9.7,Trinbago Knight Riders,Guyana Amazon Warriors,SP Narine,DM Bravo,R Shepherd,1,0,,,,,,,,,
1227865,2020,2020-08-18,"Brian Lara Stadium, Tarouba",2,10.1,Trinbago Knight Riders,Guyana Amazon Warriors,SP Narine,DM Bravo,Imran Tahir,1,0,,,,,,,,,
1227865,2020,2020-08-18,"Brian Lara Stadium, Tarouba",2,10.2,Trinbago Knight Riders,Guyana Amazon Warriors,DM Bravo,SP Narine,Imran Tahir,1,0,,,,,,,,,
1227865,2020,2020-08-18,"Brian Lara Stadium, Tarouba",2,10.3,Trinbago Knight Riders,Guyana Amazon Warriors,SP Narine,DM Bravo,Imran Tahir,1,0,,,,,,,,,
1227865,2020,2020-08-18,"Brian Lara Stadium, Tarouba",2,10.4,Trinbago Knight Riders,Guyana Amazon Warriors,DM Bravo,SP Narine,Imran Tahir,1,0,,,,,,,,,
1227865,2020,2020-08-18,"Brian Lara Stadium, Tarouba",2,10.5,Trinbago Knight Riders,Guyana Amazon Warriors,SP Narine,DM Bravo,Imran Tahir,0,0,,,,,,caught,SP Narine,,
1227865,2020,2020-08-18,"Brian Lara Stadium, Tarouba",2,10.6,Trinbago Knight Riders,Guyana Amazon Warriors,DM Bravo,KA Pollard,Imran Tahir,1,0,,,,,,,,,
1227865,2020,2020-08-18,"Brian Lara Stadium, Tarouba",2,11.1,Trinbago Knight Riders,Guyana Amazon Warriors,DM Bravo,KA Pollard,KMA Paul,0,1,1,,,,,,,,
1227865,2020,2020-08-18,"Brian Lara Stadium, Tarouba",2,11.2,Trinbago Knight Riders,Guyana Amazon Warriors,DM Bravo,KA Pollard,KMA Paul,0,0,,,,,,,,,
1227865,2020,2020-08-18,"Brian Lara Stadium, Tarouba",2,11.3,Trinbago Knight Riders,Guyana Amazon Warriors,DM Bravo,KA Pollard,KMA Paul,2,0,,,,,,,,,
1227865,2020,2020-08-18,"Brian Lara Stadium, Tarouba",2,11.4,Trinbago Knight Riders,Guyana Amazon Warriors,DM Bravo,KA Pollard,KMA Paul,1,0,,,,,,,,,
1227865,2020,2020-08-18,"Brian Lara Stadium, Tarouba",2,11.5,Trinbago Knight Riders,Guyana Amazon Warriors,KA Pollard,DM Bravo,KMA Paul,0,0,,,,,,,,,
1227865,2020,2020-08-18,"Brian Lara Stadium, Tarouba",2,11.6,Trinbago Knight Riders,Guyana Amazon Warriors,KA Pollard,DM Bravo,KMA Paul,1,0,,,,,,,,,
1227865,2020,2020-08-18,"Brian Lara Stadium, Tarouba",2,11.7,Trinbago Knight Riders,Guyana Amazon Warriors,DM Bravo,KA Pollard,KMA Paul,1,0,,,,,,,,,
1227865,2020,2020-08-18,"Brian Lara Stadium, Tarouba",2,12.1,Trinbago Knight Riders,Guyana Amazon Warriors,DM Bravo,KA Pollard,Imran Tahir,1,0,,,,,,,,,
1227865,2020,2020-08-18,"Brian Lara Stadium, Tarouba",2,12.2,Trinbago Knight Riders,Guyana Amazon Warriors,KA Pollard,DM Bravo,Imran Tahir,0,0,,,,,,,,,
1227865,2020,2020-08-18,"Brian Lara Stadium, Tarouba",2,12.3,Trinbago Knight Riders,Guyana Amazon Warriors,KA Pollard,DM Bravo,Imran Tahir,0,0,,,,,,,,,
1227865,2020,2020-08-18,"Brian Lara Stadium, Tarouba",2,12.4,Trinbago Knight Riders,Guyana Amazon Warriors,KA Pollard,DM Bravo,Imran Tahir,2,0,,,,,,,,,
1227865,2020,2020-08-18,"Brian Lara Stadium, Tarouba",2,12.5,Trinbago Knight Riders,Guyana Amazon Warriors,KA Pollard,DM Bravo,Imran Tahir,6,0,,,,,,,,,
1227865,2020,2020-08-18,"Brian Lara Stadium, Tarouba",2,12.6,Trinbago Knight Riders,Guyana Amazon Warriors,KA Pollard,DM Bravo,Imran Tahir,0,0,,,,,,,,,
1227865,2020,2020-08-18,"Brian Lara Stadium, Tarouba",2,13.1,Trinbago Knight Riders,Guyana Amazon Warriors,DM Bravo,KA Pollard,Naveen-ul-Haq,0,0,,,,,,,,,
1227865,2020,2020-08-18,"Brian Lara Stadium, Tarouba",2,13.2,Trinbago Knight Riders,Guyana Amazon Warriors,DM Bravo,KA Pollard,Naveen-ul-Haq,0,4,,,,4,,,,,
1227865,2020,2020-08-18,"Brian Lara Stadium, Tarouba",2,13.3,Trinbago Knight Riders,Guyana Amazon Warriors,DM Bravo,KA Pollard,Naveen-ul-Haq,1,0,,,,,,,,,
1227865,2020,2020-08-18,"Brian Lara Stadium, Tarouba",2,13.4,Trinbago Knight Riders,Guyana Amazon Warriors,KA Pollard,DM Bravo,Naveen-ul-Haq,0,0,,,,,,,,,
1227865,2020,2020-08-18,"Brian Lara Stadium, Tarouba",2,13.5,Trinbago Knight Riders,Guyana Amazon Warriors,KA Pollard,DM Bravo,Naveen-ul-Haq,0,0,,,,,,,,,
1227865,2020,2020-08-18,"Brian Lara Stadium, Tarouba",2,13.6,Trinbago Knight Riders,Guyana Amazon Warriors,KA Pollard,DM Bravo,Naveen-ul-Haq,1,0,,,,,,,,,
1227865,2020,2020-08-18,"Brian Lara Stadium, Tarouba",2,14.1,Trinbago Knight Riders,Guyana Amazon Warriors,KA Pollard,DM Bravo,Imran Tahir,0,0,,,,,,caught,KA Pollard,,
1227865,2020,2020-08-18,"Brian Lara Stadium, Tarouba",2,14.2,Trinbago Knight Riders,Guyana Amazon Warriors,TL Seifert,DM Bravo,Imran Tahir,1,0,,,,,,,,,
1227865,2020,2020-08-18,"Brian Lara Stadium, Tarouba",2,14.3,Trinbago Knight Riders,Guyana Amazon Warriors,DM Bravo,TL Seifert,Imran Tahir,6,0,,,,,,,,,
1227865,2020,2020-08-18,"Brian Lara Stadium, Tarouba",2,14.4,Trinbago Knight Riders,Guyana Amazon Warriors,DM Bravo,TL Seifert,Imran Tahir,0,0,,,,,,,,,
1227865,2020,2020-08-18,"Brian Lara Stadium, Tarouba",2,14.5,Trinbago Knight Riders,Guyana Amazon Warriors,DM Bravo,TL Seifert,Imran Tahir,1,0,,,,,,,,,
1227865,2020,2020-08-18,"Brian Lara Stadium, Tarouba",2,14.6,Trinbago Knight Riders,Guyana Amazon Warriors,TL Seifert,DM Bravo,Imran Tahir,1,0,,,,,,,,,
1227865,2020,2020-08-18,"Brian Lara Stadium, Tarouba",2,15.1,Trinbago Knight Riders,Guyana Amazon Warriors,TL Seifert,DM Bravo,KMA Paul,0,0,,,,,,caught,TL Seifert,,
1227865,2020,2020-08-18,"Brian Lara Stadium, Tarouba",2,15.2,Trinbago Knight Riders,Guyana Amazon Warriors,DJ Bravo,DM Bravo,KMA Paul,0,1,1,,,,,,,,
1227865,2020,2020-08-18,"Brian Lara Stadium, Tarouba",2,15.3,Trinbago Knight Riders,Guyana Amazon Warriors,DJ Bravo,DM Bravo,KMA Paul,1,0,,,,,,,,,
1227865,2020,2020-08-18,"Brian Lara Stadium, Tarouba",2,15.4,Trinbago Knight Riders,Guyana Amazon Warriors,DM Bravo,DJ Bravo,KMA Paul,0,0,,,,,,,,,
1227865,2020,2020-08-18,"Brian Lara Stadium, Tarouba",2,15.5,Trinbago Knight Riders,Guyana Amazon Warriors,DM Bravo,DJ Bravo,KMA Paul,6,0,,,,,,,,,
1227865,2020,2020-08-18,"Brian Lara Stadium, Tarouba",2,15.6,Trinbago Knight Riders,Guyana Amazon Warriors,DM Bravo,DJ Bravo,KMA Paul,0,0,,,,,,,,,
1227865,2020,2020-08-18,"Brian Lara Stadium, Tarouba",2,15.7,Trinbago Knight Riders,Guyana Amazon Warriors,DM Bravo,DJ Bravo,KMA Paul,1,0,,,,,,,,,
1227865,2020,2020-08-18,"Brian Lara Stadium, Tarouba",2,16.1,Trinbago Knight Riders,Guyana Amazon Warriors,DM Bravo,DJ Bravo,Naveen-ul-Haq,1,0,,,,,,,,,
1227865,2020,2020-08-18,"Brian Lara Stadium, Tarouba",2,16.2,Trinbago Knight Riders,Guyana Amazon Warriors,DJ Bravo,DM Bravo,Naveen-ul-Haq,1,0,,,,,,,,,
1227865,2020,2020-08-18,"Brian Lara Stadium, Tarouba",2,16.3,Trinbago Knight Riders,Guyana Amazon Warriors,DM Bravo,DJ Bravo,Naveen-ul-Haq,0,0,,,,,,caught,DM Bravo,,
1227865,2020,2020-08-18,"Brian Lara Stadium, Tarouba",2,16.4,Trinbago Knight Riders,Guyana Amazon Warriors,DJ Bravo,Sikandar Raza,Naveen-ul-Haq,0,1,1,,,,,,,,
1227865,2020,2020-08-18,"Brian Lara Stadium, Tarouba",2,16.5,Trinbago Knight Riders,Guyana Amazon Warriors,DJ Bravo,Sikandar Raza,Naveen-ul-Haq,4,0,,,,,,,,,
