match_id,season,start_date,venue,innings,ball,batting_team,bowling_team,striker,non_striker,bowler,runs_off_bat,extras,wides,noballs,byes,legbyes,penalty,wicket_type,player_dismissed,other_wicket_type,other_player_dismissed
1227871,2020,2020-08-22,"Brian Lara Stadium, Tarouba",1,0.1,St Lucia Zouks,St Kitts and Nevis Patriots,ADS Fletcher,RRS Cornwall,SS Cottrell,0,0,,,,,,,,,
1227871,2020,2020-08-22,"Brian Lara Stadium, Tarouba",1,0.2,St Lucia Zouks,St Kitts and Nevis Patriots,ADS Fletcher,RRS Cornwall,SS Cottrell,1,0,,,,,,,,,
1227871,2020,2020-08-22,"Brian Lara Stadium, Tarouba",1,0.3,St Lucia Zouks,St Kitts and Nevis Patriots,RRS Cornwall,ADS Fletcher,SS Cottrell,0,0,,,,,,,,,
1227871,2020,2020-08-22,"Brian Lara Stadium, Tarouba",1,0.4,St Lucia Zouks,St Kitts and Nevis Patriots,RRS Cornwall,ADS Fletcher,SS Cottrell,2,0,,,,,,,,,
1227871,2020,2020-08-22,"Brian Lara Stadium, Tarouba",1,0.5,St Lucia Zouks,St Kitts and Nevis Patriots,RRS Cornwall,ADS Fletcher,SS Cottrell,1,0,,,,,,,,,
1227871,2020,2020-08-22,"Brian Lara Stadium, Tarouba",1,0.6,St Lucia Zouks,St Kitts and Nevis Patriots,ADS Fletcher,RRS Cornwall,SS Cottrell,4,0,,,,,,,,,
1227871,2020,2020-08-22,"Brian Lara Stadium, Tarouba",1,1.1,St Lucia Zouks,St Kitts and Nevis Patriots,RRS Cornwall,ADS Fletcher,Sohail Tanvir,0,0,,,,,,,,,
1227871,2020,2020-08-22,"Brian Lara Stadium, Tarouba",1,1.2,St Lucia Zouks,St Kitts and Nevis Patriots,RRS Cornwall,ADS Fletcher,Sohail Tanvir,1,0,,,,,,,,,
1227871,2020,2020-08-22,"Brian Lara Stadium, Tarouba",1,1.3,St Lucia Zouks,St Kitts and Nevis Patriots,ADS Fletcher,RRS Cornwall,Sohail Tanvir,0,0,,,,,,,,,
1227871,2020,2020-08-22,"Brian Lara Stadium, Tarouba",1,1.4,St Lucia Zouks,St Kitts and Nevis Patriots,ADS Fletcher,RRS Cornwall,Sohail Tanvir,2,0,,,,,,,,,
1227871,2020,2020-08-22,"Brian Lara Stadium, Tarouba",1,1.5,St Lucia Zouks,St Kitts and Nevis Patriots,ADS Fletcher,RRS Cornwall,Sohail Tanvir,4,0,,,,,,,,,
1227871,2020,2020-08-22,"Brian Lara Stadium, Tarouba",1,1.6,St Lucia Zouks,St Kitts and Nevis Patriots,ADS Fletcher,RRS Cornwall,Sohail Tanvir,1,0,,,,,,,,,
1227871,2020,2020-08-22,"Brian Lara Stadium, Tarouba",1,2.1,St Lucia Zouks,St Kitts and Nevis Patriots,ADS Fletcher,RRS Cornwall,SS Cottrell,1,0,,,,,,,,,
1227871,2020,2020-08-22,"Brian Lara Stadium, Tarouba",1,2.2,St Lucia Zouks,St Kitts and Nevis Patriots,M Deyal,ADS Fletcher,SS Cottrell,6,0,,,,,,,,,
1227871,2020,2020-08-22,"Brian Lara Stadium, Tarouba",1,2.3,St Lucia Zouks,St Kitts and Nevis Patriots,M Deyal,ADS Fletcher,SS Cottrell,1,0,,,,,,,,,
1227871,2020,2020-08-22,"Brian Lara Stadium, Tarouba",1,2.4,St Lucia Zouks,St Kitts and Nevis Patriots,ADS Fletcher,M Deyal,SS Cottrell,4,0,,,,,,,,,
1227871,2020,2020-08-22,"Brian Lara Stadium, Tarouba",1,2.5,St Lucia Zouks,St Kitts and Nevis Patriots,ADS Fletcher,M Deyal,SS Cottrell,2,0,,,,,,,,,
1227871,2020,2020-08-22,"Brian Lara Stadium, Tarouba",1,2.6,St Lucia Zouks,St Kitts and Nevis Patriots,ADS Fletcher,M Deyal,SS Cottrell,1,0,,,,,,,,,
1227871,2020,2020-08-22,"Brian Lara Stadium, Tarouba",1,3.1,St Lucia Zouks,St Kitts and Nevis Patriots,ADS Fletcher,M Deyal,JL Jaggesar,1,0,,,,,,,,,
1227871,2020,2020-08-22,"Brian Lara Stadium, Tarouba",1,3.2,St Lucia Zouks,St Kitts and Nevis Patriots,M Deyal,ADS Fletcher,JL Jaggesar,2,0,,,,,,,,,
1227871,2020,2020-08-22,"Brian Lara Stadium, Tarouba",1,3.3,St Lucia Zouks,St Kitts and Nevis Patriots,M Deyal,ADS Fletcher,JL Jaggesar,1,0,,,,,,,,,
1227871,2020,2020-08-22,"Brian Lara Stadium, Tarouba",1,3.4,St Lucia Zouks,St Kitts and Nevis Patriots,ADS Fletcher,M Deyal,JL Jaggesar,0,0,,,,,,,,,
1227871,2020,2020-08-22,"Brian Lara Stadium, Tarouba",1,3.5,St Lucia Zouks,St Kitts and Nevis Patriots,ADS Fletcher,M Deyal,JL Jaggesar,6,0,,,,,,,,,
1227871,2020,2020-08-22,"Brian Lara Stadium, Tarouba",1,3.6,St Lucia Zouks,St Kitts and Nevis Patriots,ADS Fletcher,M Deyal,JL Jaggesar,0,1,1,,,,,,,,
1227871,2020,2020-08-22,"Brian Lara Stadium, Tarouba",1,3.7,St Lucia Zouks,St Kitts and Nevis Patriots,ADS Fletcher,M Deyal,JL Jaggesar,0,0,,,,,,,,,
1227871,2020,2020-08-22,"Brian Lara Stadium, Tarouba",1,4.1,St Lucia Zouks,St Kitts and Nevis Patriots,M Deyal,ADS Fletcher,Sohail Tanvir,1,0,,,,,,,,,
1227871,2020,2020-08-22,"Brian Lara Stadium, Tarouba",1,4.2,St Lucia Zouks,St Kitts and Nevis Patriots,ADS Fletcher,M Deyal,Sohail Tanvir,1,0,,,,,,,,,
1227871,2020,2020-08-22,"Brian Lara Stadium, Tarouba",1,4.3,St Lucia Zouks,St Kitts and Nevis Patriots,M Deyal,ADS Fletcher,Sohail Tanvir,3,0,,,,,,,,,
1227871,2020,2020-08-22,"Brian Lara Stadium, Tarouba",1,4.4,St Lucia Zouks,St Kitts and Nevis Patriots,ADS Fletcher,M Deyal,Sohail Tanvir,0,0,,,,,,,,,
1227871,2020,2020-08-22,"Brian Lara Stadium, Tarouba",1,4.5,St Lucia Zouks,St Kitts and Nevis Patriots,ADS Fletcher,M Deyal,Sohail Tanvir,4,0,,,,,,,,,
1227871,2020,2020-08-22,"Brian Lara Stadium, Tarouba",1,4.6,St Lucia Zouks,St Kitts and Nevis Patriots,ADS Fletcher,M Deyal,Sohail Tanvir,4,0,,,,,,,,,
1227871,2020,2020-08-22,"Brian Lara Stadium, Tarouba",1,5.1,St Lucia Zouks,St Kitts and Nevis Patriots,M Deyal,ADS Fletcher,JL Jaggesar,0,0,,,,,,,,,
1227871,2020,2020-08-22,"Brian Lara Stadium, Tarouba",1,5.2,St Lucia Zouks,St Kitts and Nevis Patriots,M Deyal,ADS Fletcher,JL Jaggesar,6,0,,,,,,,,,
1227871,2020,2020-08-22,"Brian Lara Stadium, Tarouba",1,5.3,St Lucia Zouks,St Kitts and Nevis Patriots,M Deyal,ADS Fletcher,JL Jaggesar,0,0,,,,,,,,,
1227871,2020,2020-08-22,"Brian Lara Stadium, Tarouba",1,5.4,St Lucia Zouks,St Kitts and Nevis Patriots,M Deyal,ADS Fletcher,JL Jaggesar,2,0,,,,,,,,,
1227871,2020,2020-08-22,"Brian Lara Stadium, Tarouba",1,5.5,St Lucia Zouks,St Kitts and Nevis Patriots,M Deyal,ADS Fletcher,JL Jaggesar,0,1,,,,1,,,,,
1227871,2020,2020-08-22,"Brian Lara Stadium, Tarouba",1,5.6,St Lucia Zouks,St Kitts and Nevis Patriots,ADS Fletcher,M Deyal,JL Jaggesar,0,0,,,,,,,,,
1227871,2020,2020-08-22,"Brian Lara Stadium, Tarouba",1,6.1,St Lucia Zouks,St Kitts and Nevis Patriots,M Deyal,ADS Fletcher,IS Sodhi,0,0,,,,,,,,,
1227871,2020,2020-08-22,"Brian Lara Stadium, Tarouba",1,6.2,St Lucia Zouks,St Kitts and Nevis Patriots,M Deyal,ADS Fletcher,IS Sodhi,0,0,,,,,,,,,
1227871,2020,2020-08-22,"Brian Lara Stadium, Tarouba",1,6.3,St Lucia Zouks,St Kitts and Nevis Patriots,M Deyal,ADS Fletcher,IS Sodhi,6,0,,,,,,,,,
1227871,2020,2020-08-22,"Brian Lara Stadium, Tarouba",1,6.4,St Lucia Zouks,St Kitts and Nevis Patriots,M Deyal,ADS Fletcher,IS Sodhi,1,0,,,,,,,,,
1227871,2020,2020-08-22,"Brian Lara Stadium, Tarouba",1,6.5,St Lucia Zouks,St Kitts and Nevis Patriots,ADS Fletcher,M Deyal,IS Sodhi,1,0,,,,,,,,,
1227871,2020,2020-08-22,"Brian Lara Stadium, Tarouba",1,6.6,St Lucia Zouks,St Kitts and Nevis Patriots,M Deyal,ADS Fletcher,IS Sodhi,1,0,,,,,,,,,
1227871,2020,2020-08-22,"Brian Lara Stadium, Tarouba",1,7.1,St Lucia Zouks,St Kitts and Nevis Patriots,M Deyal,ADS Fletcher,RR Emrit,0,0,,,,,,caught,M Deyal,,
1227871,2020,2020-08-22,"Brian Lara Stadium, Tarouba",1,7.2,St Lucia Zouks,St Kitts and Nevis Patriots,Najibullah Zadran,ADS Fletcher,RR Emrit,0,0,,,,,,,,,
1227871,2020,2020-08-22,"Brian Lara Stadium, Tarouba",1,7.3,St Lucia Zouks,St Kitts and Nevis Patriots,Najibullah Zadran,ADS Fletcher,RR Emrit,0,0,,,,,,,,,
1227871,2020,2020-08-22,"Brian Lara Stadium, Tarouba",1,7.4,St Lucia Zouks,St Kitts and Nevis Patriots,Najibullah Zadran,ADS Fletcher,RR Emrit,0,0,,,,,,,,,
1227871,2020,2020-08-22,"Brian Lara Stadium, Tarouba",1,7.5,St Lucia Zouks,St Kitts and Nevis Patriots,Najibullah Zadran,ADS Fletcher,RR Emrit,0,0,,,,,,,,,
1227871,2020,2020-08-22,"Brian Lara Stadium, Tarouba",1,7.6,St Lucia Zouks,St Kitts and Nevis Patriots,Najibullah Zadran,ADS Fletcher,RR Emrit,0,0,,,,,,,,,
1227871,2020,2020-08-22,"Brian Lara Stadium, Tarouba",1,8.1,St Lucia Zouks,St Kitts and Nevis Patriots,ADS Fletcher,Najibullah Zadran,IS Sodhi,1,0,,,,,,,,,
1227871,2020,2020-08-22,"Brian Lara Stadium, Tarouba",1,8.2,St Lucia Zouks,St Kitts and Nevis Patriots,Najibullah Zadran,ADS Fletcher,IS Sodhi,4,0,,,,,,,,,
1227871,2020,2020-08-22,"Brian Lara Stadium, Tarouba",1,8.3,St Lucia Zouks,St Kitts and Nevis Patriots,Najibullah Zadran,ADS Fletcher,IS Sodhi,4,0,,,,,,,,,
1227871,2020,2020-08-22,"Brian Lara Stadium, Tarouba",1,8.4,St Lucia Zouks,St Kitts and Nevis Patriots,Najibullah Zadran,ADS Fletcher,IS Sodhi,1,0,,,,,,,,,
1227871,2020,2020-08-22,"Brian Lara Stadium, Tarouba",1,8.5,St Lucia Zouks,St Kitts and Nevis Patriots,ADS Fletcher,Najibullah Zadran,IS Sodhi,0,0,,,,,,,,,
1227871,2020,2020-08-22,"Brian Lara Stadium, Tarouba",1,8.6,St Lucia Zouks,St Kitts and Nevis Patriots,ADS Fletcher,Najibullah Zadran,IS Sodhi,0,0,,,,,,,,,
1227871,2020,2020-08-22,"Brian Lara Stadium, Tarouba",1,9.1,St Lucia Zouks,St Kitts and Nevis Patriots,Najibullah Zadran,ADS Fletcher,RR Emrit,1,0,,,,,,,,,
1227871,2020,2020-08-22,"Brian Lara Stadium, Tarouba",1,9.2,St Lucia Zouks,St Kitts and Nevis Patriots,ADS Fletcher,Najibullah Zadran,RR Emrit,0,0,,,,,,,,,
1227871,2020,2020-08-22,"Brian Lara Stadium, Tarouba",1,9.3,St Lucia Zouks,St Kitts and Nevis Patriots,ADS Fletcher,Najibullah Zadran,RR Emrit,1,0,,,,,,,,,
1227871,2020,2020-08-22,"Brian Lara Stadium, Tarouba",1,9.4,St Lucia Zouks,St Kitts and Nevis Patriots,Najibullah Zadran,ADS Fletcher,RR Emrit,4,0,,,,,,,,,
1227871,2020,2020-08-22,"Brian Lara Stadium, Tarouba",1,9.5,St Lucia Zouks,St Kitts and Nevis Patriots,Najibullah Zadran,ADS Fletcher,RR Emrit,1,0,,,,,,,,,
1227871,2020,2020-08-22,"Brian Lara Stadium, Tarouba",1,9.6,St Lucia Zouks,St Kitts and Nevis Patriots,ADS Fletcher,Najibullah Zadran,RR Emrit,1,0,,,,,,,,,
1227871,2020,2020-08-22,"Brian Lara Stadium, Tarouba",1,10.1,St Lucia Zouks,St Kitts and Nevis Patriots,ADS Fletcher,Najibullah Zadran,IS Sodhi,1,0,,,,,,,,,
1227871,2020,2020-08-22,"Brian Lara Stadium, Tarouba",1,10.2,St Lucia Zouks,St Kitts and Nevis Patriots,Najibullah Zadran,ADS Fletcher,IS Sodhi,0,2,2,,,,,,,,
1227871,2020,2020-08-22,"Brian Lara Stadium, Tarouba",1,10.3,St Lucia Zouks,St Kitts and Nevis Patriots,ADS Fletcher,Najibullah Zadran,IS Sodhi,4,0,,,,,,,,,
1227871,2020,2020-08-22,"Brian Lara Stadium, Tarouba",1,10.4,St Lucia Zouks,St Kitts and Nevis Patriots,ADS Fletcher,Najibullah Zadran,IS Sodhi,1,0,,,,,,,,,
1227871,2020,2020-08-22,"Brian Lara Stadium, Tarouba",1,10.5,St Lucia Zouks,St Kitts and Nevis Patriots,Najibullah Zadran,ADS Fletcher,IS Sodhi,0,0,,,,,,,,,
1227871,2020,2020-08-22,"Brian Lara Stadium, Tarouba",1,10.6,St Lucia Zouks,St Kitts and Nevis Patriots,Najibullah Zadran,ADS Fletcher,IS Sodhi,0,1,1,,,,,,,,
1227871,2020,2020-08-22,"Brian Lara Stadium, Tarouba",1,10.7,St Lucia Zouks,St Kitts and Nevis Patriots,Najibullah Zadran,ADS Fletcher,IS Sodhi,0,0,,,,,,,,,
1227871,2020,2020-08-22,"Brian Lara Stadium, Tarouba",1,10.8,St Lucia Zouks,St Kitts and Nevis Patriots,Najibullah Zadran,ADS Fletcher,IS Sodhi,1,0,,,,,,,,,
1227871,2020,2020-08-22,"Brian Lara Stadium, Tarouba",1,11.1,St Lucia Zouks,St Kitts and Nevis Patriots,Najibullah Zadran,ADS Fletcher,JL Jaggesar,0,0,,,,,,,,,
1227871,2020,2020-08-22,"Brian Lara Stadium, Tarouba",1,11.2,St Lucia Zouks,St Kitts and Nevis Patriots,Najibullah Zadran,ADS Fletcher,JL Jaggesar,1,0,,,,,,,,,
1227871,2020,2020-08-22,"Brian Lara Stadium, Tarouba",1,11.3,St Lucia Zouks,St Kitts and Nevis Patriots,ADS Fletcher,Najibullah Zadran,JL Jaggesar,0,0,,,,,,,,,
1227871,2020,2020-08-22,"Brian Lara Stadium, Tarouba",1,11.4,St Lucia Zouks,St Kitts and Nevis Patriots,ADS Fletcher,Najibullah Zadran,JL Jaggesar,0,0,,,,,,,,,
1227871,2020,2020-08-22,"Brian Lara Stadium, Tarouba",1,11.5,St Lucia Zouks,St Kitts and Nevis Patriots,ADS Fletcher,Najibullah Zadran,JL Jaggesar,0,0,,,,,,caught,ADS Fletcher,,
1227871,2020,2020-08-22,"Brian Lara Stadium, Tarouba",1,11.6,St Lucia Zouks,St Kitts and Nevis Patriots,Najibullah Zadran,RL Chase,JL Jaggesar,1,0,,,,,,,,,
1227871,2020,2020-08-22,"Brian Lara Stadium, Tarouba",1,12.1,St Lucia Zouks,St Kitts and Nevis Patriots,Najibullah Zadran,RL Chase,IS Sodhi,1,0,,,,,,,,,
1227871,2020,2020-08-22,"Brian Lara Stadium, Tarouba",1,12.2,St Lucia Zouks,St Kitts and Nevis Patriots,RL Chase,Najibullah Zadran,IS Sodhi,2,0,,,,,,,,,
1227871,2020,2020-08-22,"Brian Lara Stadium, Tarouba",1,12.3,St Lucia Zouks,St Kitts and Nevis Patriots,RL Chase,Najibullah Zadran,IS Sodhi,1,0,,,,,,,,,
1227871,2020,2020-08-22,"Brian Lara Stadium, Tarouba",1,12.4,St Lucia Zouks,St Kitts and Nevis Patriots,Najibullah Zadran,RL Chase,IS Sodhi,1,0,,,,,,,,,
1227871,2020,2020-08-22,"Brian Lara Stadium, Tarouba",1,12.5,St Lucia Zouks,St Kitts and Nevis Patriots,RL Chase,Najibullah Zadran,IS Sodhi,1,0,,,,,,,,,
1227871,2020,2020-08-22,"Brian Lara Stadium, Tarouba",1,12.6,St Lucia Zouks,St Kitts and Nevis Patriots,Najibullah Zadran,RL Chase,IS Sodhi,1,0,,,,,,,,,
1227871,2020,2020-08-22,"Brian Lara Stadium, Tarouba",1,13.1,St Lucia Zouks,St Kitts and Nevis Patriots,Najibullah Zadran,RL Chase,JL Jaggesar,6,0,,,,,,,,,
1227871,2020,2020-08-22,"Brian Lara Stadium, Tarouba",1,13.2,St Lucia Zouks,St Kitts and Nevis Patriots,Najibullah Zadran,RL Chase,JL Jaggesar,1,0,,,,,,,,,
1227871,2020,2020-08-22,"Brian Lara Stadium, Tarouba",1,13.3,St Lucia Zouks,St Kitts and Nevis Patriots,RL Chase,Najibullah Zadran,JL Jaggesar,0,0,,,,,,caught,RL Chase,,
1227871,2020,2020-08-22,"Brian Lara Stadium, Tarouba",1,13.4,St Lucia Zouks,St Kitts and Nevis Patriots,Mohammad Nabi,Najibullah Zadran,JL Jaggesar,0,0,,,,,,,,,
1227871,2020,2020-08-22,"Brian Lara Stadium, Tarouba",1,13.5,St Lucia Zouks,St Kitts and Nevis Patriots,Mohammad Nabi,Najibullah Zadran,JL Jaggesar,1,0,,,,,,,,,
1227871,2020,2020-08-22,"Brian Lara Stadium, Tarouba",1,13.6,St Lucia Zouks,St Kitts and Nevis Patriots,Najibullah Zadran,Mohammad Nabi,JL Jaggesar,0,0,,,,,,,,,
1227871,2020,2020-08-22,"Brian Lara Stadium, Tarouba",1,14.1,St Lucia Zouks,St Kitts and Nevis Patriots,Mohammad Nabi,Najibullah Zadran,Sohail Tanvir,1,0,,,,,,,,,
1227871,2020,2020-08-22,"Brian Lara Stadium, Tarouba",1,14.2,St Lucia Zouks,St Kitts and Nevis Patriots,Najibullah Zadran,Mohammad Nabi,Sohail Tanvir,0,0,,,,,,caught,Najibullah Zadran,,
1227871,2020,2020-08-22,"Brian Lara Stadium, Tarouba",1,14.3,St Lucia Zouks,St Kitts and Nevis Patriots,DJG Sammy,Mohammad Nabi,Sohail Tanvir,4,0,,,,,,,,,
1227871,2020,2020-08-22,"Brian Lara Stadium, Tarouba",1,14.4,St Lucia Zouks,St Kitts and Nevis Patriots,DJG Sammy,Mohammad Nabi,Sohail Tanvir,0,0,,,,,,caught,DJG Sammy,,
1227871,2020,2020-08-22,"Brian Lara Stadium, Tarouba",1,14.5,St Lucia Zouks,St Kitts and Nevis Patriots,RRS Cornwall,Mohammad Nabi,Sohail Tanvir,0,0,,,,,,,,,
1227871,2020,2020-08-22,"Brian Lara Stadium, Tarouba",1,14.6,St Lucia Zouks,St Kitts and Nevis Patriots,RRS Cornwall,Mohammad Nabi,Sohail Tanvir,0,0,,,,,,,,,
1227871,2020,2020-08-22,"Brian Lara Stadium, Tarouba",1,15.1,St Lucia Zouks,St Kitts and Nevis Patriots,Mohammad Nabi,RRS Cornwall,RR Emrit,0,0,,,,,,,,,
1227871,2020,2020-08-22,"Brian Lara Stadium, Tarouba",1,15.2,St Lucia Zouks,St Kitts and Nevis Patriots,Mohammad Nabi,RRS Cornwall,RR Emrit,1,0,,,,,,,,,
1227871,2020,2020-08-22,"Brian Lara Stadium, Tarouba",1,15.3,St Lucia Zouks,St Kitts and Nevis Patriots,RRS Cornwall,Mohammad Nabi,RR Emrit,0,0,,,,,,,,,
1227871,2020,2020-08-22,"Brian Lara Stadium, Tarouba",1,15.4,St Lucia Zouks,St Kitts and Nevis Patriots,RRS Cornwall,Mohammad Nabi,RR Emrit,1,0,,,,,,,,,
1227871,2020,2020-08-22,"Brian Lara Stadium, Tarouba",1,15.5,St Lucia Zouks,St Kitts and Nevis Patriots,Mohammad Nabi,RRS Cornwall,RR Emrit,1,0,,,,,,,,,
1227871,2020,2020-08-22,"Brian Lara Stadium, Tarouba",1,15.6,St Lucia Zouks,St Kitts and Nevis Patriots,RRS Cornwall,Mohammad Nabi,RR Emrit,1,0,,,,,,,,,
1227871,2020,2020-08-22,"Brian Lara Stadium, Tarouba",1,16.1,St Lucia Zouks,St Kitts and Nevis Patriots,RRS Cornwall,Mohammad Nabi,SS Cottrell,2,0,,,,,,,,,
1227871,2020,2020-08-22,"Brian Lara Stadium, Tarouba",1,16.2,St Lucia Zouks,St Kitts and Nevis Patriots,RRS Cornwall,Mohammad Nabi,SS Cottrell,0,0,,,,,,,,,
1227871,2020,2020-08-22,"Brian Lara Stadium, Tarouba",1,16.3,St Lucia Zouks,St Kitts and Nevis Patriots,RRS Cornwall,Mohammad Nabi,SS Cottrell,0,0,,,,,,,,,
1227871,2020,2020-08-22,"Brian Lara Stadium, Tarouba",1,16.4,St Lucia Zouks,St Kitts and Nevis Patriots,RRS Cornwall,Mohammad Nabi,SS Cottrell,6,0,,,,,,,,,
1227871,2020,2020-08-22,"Brian Lara Stadium, Tarouba",1,16.5,St Lucia Zouks,St Kitts and Nevis Patriots,RRS Cornwall,Mohammad Nabi,SS Cottrell,0,0,,,,,,,,,
1227871,2020,2020-08-22,"Brian Lara Stadium, Tarouba",1,16.6,St Lucia Zouks,St Kitts and Nevis Patriots,RRS Cornwall,Mohammad Nabi,SS Cottrell,2,0,,,,,,,,,
1227871,2020,2020-08-22,"Brian Lara Stadium, Tarouba",1,17.1,St Lucia Zouks,St Kitts and Nevis Patriots,Mohammad Nabi,RRS Cornwall,RR Emrit,0,0,,,,,,run out,RRS Cornwall,,
1227871,2020,2020-08-22,"Brian Lara Stadium, Tarouba",1,17.2,St Lucia Zouks,St Kitts and Nevis Patriots,Mohammad Nabi,Saad Bin Zafar,RR Emrit,2,0,,,,,,,,,
1227871,2020,2020-08-22,"Brian Lara Stadium, Tarouba",1,17.3,St Lucia Zouks,St Kitts and Nevis Patriots,Mohammad Nabi,Saad Bin Zafar,RR Emrit,0,0,,,,,,,,,
1227871,2020,2020-08-22,"Brian Lara Stadium, Tarouba",1,17.4,St Lucia Zouks,St Kitts and Nevis Patriots,Mohammad Nabi,Saad Bin Zafar,RR Emrit,0,0,,,,,,,,,
1227871,2020,2020-08-22,"Brian Lara Stadium, Tarouba",1,17.5,St Lucia Zouks,St Kitts and Nevis Patriots,Mohammad Nabi,Saad Bin Zafar,RR Emrit,0,1,,,,1,,,,,
1227871,2020,2020-08-22,"Brian Lara Stadium, Tarouba",1,17.6,St Lucia Zouks,St Kitts and Nevis Patriots,Saad Bin Zafar,Mohammad Nabi,RR Emrit,0,0,,,,,,,,,
1227871,2020,2020-08-22,"Brian Lara Stadium, Tarouba",1,18.1,St Lucia Zouks,St Kitts and Nevis Patriots,Mohammad Nabi,Saad Bin Zafar,Sohail Tanvir,0,1,1,,,,,,,,
1227871,2020,2020-08-22,"Brian Lara Stadium, Tarouba",1,18.2,St Lucia Zouks,St Kitts and Nevis Patriots,Mohammad Nabi,Saad Bin Zafar,Sohail Tanvir,1,0,,,,,,,,,
1227871,2020,2020-08-22,"Brian Lara Stadium, Tarouba",1,18.3,St Lucia Zouks,St Kitts and Nevis Patriots,Saad Bin Zafar,Mohammad Nabi,Sohail Tanvir,1,0,,,,,,,,,
1227871,2020,2020-08-22,"Brian Lara Stadium, Tarouba",1,18.4,St Lucia Zouks,St Kitts and Nevis Patriots,Mohammad Nabi,Saad Bin Zafar,Sohail Tanvir,6,0,,,,,,,,,
1227871,2020,2020-08-22,"Brian Lara Stadium, Tarouba",1,18.5,St Lucia Zouks,St Kitts and Nevis Patriots,Mohammad Nabi,Saad Bin Zafar,Sohail Tanvir,0,0,,,,,,,,,
1227871,2020,2020-08-22,"Brian Lara Stadium, Tarouba",1,18.6,St Lucia Zouks,St Kitts and Nevis Patriots,Mohammad Nabi,Saad Bin Zafar,Sohail Tanvir,6,0,,,,,,,,,
1227871,2020,2020-08-22,"Brian Lara Stadium, Tarouba",1,18.7,St Lucia Zouks,St Kitts and Nevis Patriots,Mohammad Nabi,Saad Bin Zafar,Sohail Tanvir,0,1,,,,1,,,,,
1227871,2020,2020-08-22,"Brian Lara Stadium, Tarouba",1,19.1,St Lucia Zouks,St Kitts and Nevis Patriots,Mohammad Nabi,Saad Bin Zafar,SS Cottrell,2,0,,,,,,,,,
1227871,2020,2020-08-22,"Brian Lara Stadium, Tarouba",1,19.2,St Lucia Zouks,St Kitts and Nevis Patriots,Mohammad Nabi,Saad Bin Zafar,SS Cottrell,2,0,,,,,,,,,
1227871,2020,2020-08-22,"Brian Lara Stadium, Tarouba",1,19.3,St Lucia Zouks,St Kitts and Nevis Patriots,Mohammad Nabi,Saad Bin Zafar,SS Cottrell,4,0,,,,,,,,,
1227871,2020,2020-08-22,"Brian Lara Stadium, Tarouba",1,19.4,St Lucia Zouks,St Kitts and Nevis Patriots,Mohammad Nabi,Saad Bin Zafar,SS Cottrell,6,0,,,,,,,,,
1227871,2020,2020-08-22,"Brian Lara Stadium, Tarouba",1,19.5,St Lucia Zouks,St Kitts and Nevis Patriots,Mohammad Nabi,Saad Bin Zafar,SS Cottrell,0,0,,,,,,,,,
1227871,2020,2020-08-22,"Brian Lara Stadium, Tarouba",1,19.6,St Lucia Zouks,St Kitts and Nevis Patriots,Mohammad Nabi,Saad Bin Zafar,SS Cottrell,2,0,,,,,,,,,
1227871,2020,2020-08-22,"Brian Lara Stadium, Tarouba",2,0.1,St Kitts and Nevis Patriots,St Lucia Zouks,CA Lynn,E Lewis,Mohammad Nabi,0,0,,,,,,,,,
1227871,2020,2020-08-22,"Brian Lara Stadium, Tarouba",2,0.2,St Kitts and Nevis Patriots,St Lucia Zouks,CA Lynn,E Lewis,Mohammad Nabi,1,0,,,,,,,,,
1227871,2020,2020-08-22,"Brian Lara Stadium, Tarouba",2,0.3,St Kitts and Nevis Patriots,St Lucia Zouks,E Lewis,CA Lynn,Mohammad Nabi,0,0,,,,,,,,,
1227871,2020,2020-08-22,"Brian Lara Stadium, Tarouba",2,0.4,St Kitts and Nevis Patriots,St Lucia Zouks,E Lewis,CA Lynn,Mohammad Nabi,0,0,,,,,,,,,
1227871,2020,2020-08-22,"Brian Lara Stadium, Tarouba",2,0.5,St Kitts and Nevis Patriots,St Lucia Zouks,E Lewis,CA Lynn,Mohammad Nabi,0,0,,,,,,,,,
1227871,2020,2020-08-22,"Brian Lara Stadium, Tarouba",2,0.6,St Kitts and Nevis Patriots,St Lucia Zouks,E Lewis,CA Lynn,Mohammad Nabi,0,0,,,,,,,,,
1227871,2020,2020-08-22,"Brian Lara Stadium, Tarouba",2,1.1,St Kitts and Nevis Patriots,St Lucia Zouks,CA Lynn,E Lewis,Saad Bin Zafar,2,0,,,,,,,,,
1227871,2020,2020-08-22,"Brian Lara Stadium, Tarouba",2,1.2,St Kitts and Nevis Patriots,St Lucia Zouks,CA Lynn,E Lewis,Saad Bin Zafar,4,0,,,,,,,,,
1227871,2020,2020-08-22,"Brian Lara Stadium, Tarouba",2,1.3,St Kitts and Nevis Patriots,St Lucia Zouks,CA Lynn,E Lewis,Saad Bin Zafar,1,0,,,,,,,,,
1227871,2020,2020-08-22,"Brian Lara Stadium, Tarouba",2,1.4,St Kitts and Nevis Patriots,St Lucia Zouks,E Lewis,CA Lynn,Saad Bin Zafar,4,0,,,,,,,,,
1227871,2020,2020-08-22,"Brian Lara Stadium, Tarouba",2,1.5,St Kitts and Nevis Patriots,St Lucia Zouks,E Lewis,CA Lynn,Saad Bin Zafar,6,0,,,,,,,,,
1227871,2020,2020-08-22,"Brian Lara Stadium, Tarouba",2,1.6,St Kitts and Nevis Patriots,St Lucia Zouks,E Lewis,CA Lynn,Saad Bin Zafar,4,0,,,,,,,,,
1227871,2020,2020-08-22,"Brian Lara Stadium, Tarouba",2,2.1,St Kitts and Nevis Patriots,St Lucia Zouks,CA Lynn,E Lewis,Mohammad Nabi,0,0,,,,,,,,,
1227871,2020,2020-08-22,"Brian Lara Stadium, Tarouba",2,2.2,St Kitts and Nevis Patriots,St Lucia Zouks,CA Lynn,E Lewis,Mohammad Nabi,4,0,,,,,,,,,
1227871,2020,2020-08-22,"Brian Lara Stadium, Tarouba",2,2.3,St Kitts and Nevis Patriots,St Lucia Zouks,CA Lynn,E Lewis,Mohammad Nabi,0,0,,,,,,,,,
1227871,2020,2020-08-22,"Brian Lara Stadium, Tarouba",2,2.4,St Kitts and Nevis Patriots,St Lucia Zouks,CA Lynn,E Lewis,Mohammad Nabi,0,0,,,,,,,,,
1227871,2020,2020-08-22,"Brian Lara Stadium, Tarouba",2,2.5,St Kitts and Nevis Patriots,St Lucia Zouks,CA Lynn,E Lewis,Mohammad Nabi,2,0,,,,,,,,,
1227871,2020,2020-08-22,"Brian Lara Stadium, Tarouba",2,2.6,St Kitts and Nevis Patriots,St Lucia Zouks,CA Lynn,E Lewis,Mohammad Nabi,0,0,,,,,,caught,CA Lynn,,
1227871,2020,2020-08-22,"Brian Lara Stadium, Tarouba",2,3.1,St Kitts and Nevis Patriots,St Lucia Zouks,E Lewis,J Da Silva,SC Kuggeleijn,0,0,,,,,,,,,
1227871,2020,2020-08-22,"Brian Lara Stadium, Tarouba",2,3.2,St Kitts and Nevis Patriots,St Lucia Zouks,E Lewis,J Da Silva,SC Kuggeleijn,0,1,,,,1,,,,,
1227871,2020,2020-08-22,"Brian Lara Stadium, Tarouba",2,3.3,St Kitts and Nevis Patriots,St Lucia Zouks,J Da Silva,E Lewis,SC Kuggeleijn,0,0,,,,,,,,,
1227871,2020,2020-08-22,"Brian Lara Stadium, Tarouba",2,3.4,St Kitts and Nevis Patriots,St Lucia Zouks,J Da Silva,E Lewis,SC Kuggeleijn,1,0,,,,,,,,,
1227871,2020,2020-08-22,"Brian Lara Stadium, Tarouba",2,3.5,St Kitts and Nevis Patriots,St Lucia Zouks,E Lewis,J Da Silva,SC Kuggeleijn,6,0,,,,,,,,,
1227871,2020,2020-08-22,"Brian Lara Stadium, Tarouba",2,3.6,St Kitts and Nevis Patriots,St Lucia Zouks,E Lewis,J Da Silva,SC Kuggeleijn,4,0,,,,,,,,,
1227871,2020,2020-08-22,"Brian Lara Stadium, Tarouba",2,4.1,St Kitts and Nevis Patriots,St Lucia Zouks,J Da Silva,E Lewis,RL Chase,0,0,,,,,,,,,
1227871,2020,2020-08-22,"Brian Lara Stadium, Tarouba",2,4.2,St Kitts and Nevis Patriots,St Lucia Zouks,J Da Silva,E Lewis,RL Chase,0,0,,,,,,caught,J Da Silva,,
1227871,2020,2020-08-22,"Brian Lara Stadium, Tarouba",2,4.3,St Kitts and Nevis Patriots,St Lucia Zouks,D Ramdin,E Lewis,RL Chase,0,0,,,,,,,,,
1227871,2020,2020-08-22,"Brian Lara Stadium, Tarouba",2,4.4,St Kitts and Nevis Patriots,St Lucia Zouks,D Ramdin,E Lewis,RL Chase,0,0,,,,,,,,,
1227871,2020,2020-08-22,"Brian Lara Stadium, Tarouba",2,4.5,St Kitts and Nevis Patriots,St Lucia Zouks,D Ramdin,E Lewis,RL Chase,1,0,,,,,,,,,
1227871,2020,2020-08-22,"Brian Lara Stadium, Tarouba",2,4.6,St Kitts and Nevis Patriots,St Lucia Zouks,E Lewis,D Ramdin,RL Chase,0,0,,,,,,,,,
1227871,2020,2020-08-22,"Brian Lara Stadium, Tarouba",2,5.1,St Kitts and Nevis Patriots,St Lucia Zouks,D Ramdin,E Lewis,KOK Williams,1,0,,,,,,,,,
1227871,2020,2020-08-22,"Brian Lara Stadium, Tarouba",2,5.2,St Kitts and Nevis Patriots,St Lucia Zouks,E Lewis,D Ramdin,KOK Williams,4,0,,,,,,,,,
1227871,2020,2020-08-22,"Brian Lara Stadium, Tarouba",2,5.3,St Kitts and Nevis Patriots,St Lucia Zouks,E Lewis,D Ramdin,KOK Williams,0,1,1,,,,,,,,
1227871,2020,2020-08-22,"Brian Lara Stadium, Tarouba",2,5.4,St Kitts and Nevis Patriots,St Lucia Zouks,E Lewis,D Ramdin,KOK Williams,0,0,,,,,,,,,
1227871,2020,2020-08-22,"Brian Lara Stadium, Tarouba",2,5.5,St Kitts and Nevis Patriots,St Lucia Zouks,E Lewis,D Ramdin,KOK Williams,0,0,,,,,,,,,
1227871,2020,2020-08-22,"Brian Lara Stadium, Tarouba",2,5.6,St Kitts and Nevis Patriots,St Lucia Zouks,E Lewis,D Ramdin,KOK Williams,0,1,,,1,,,,,,
1227871,2020,2020-08-22,"Brian Lara Stadium, Tarouba",2,5.7,St Kitts and Nevis Patriots,St Lucia Zouks,D Ramdin,E Lewis,KOK Williams,4,0,,,,,,,,,
1227871,2020,2020-08-22,"Brian Lara Stadium, Tarouba",2,6.1,St Kitts and Nevis Patriots,St Lucia Zouks,E Lewis,D Ramdin,RL Chase,0,0,,,,,,,,,
1227871,2020,2020-08-22,"Brian Lara Stadium, Tarouba",2,6.2,St Kitts and Nevis Patriots,St Lucia Zouks,E Lewis,D Ramdin,RL Chase,0,0,,,,,,,,,
1227871,2020,2020-08-22,"Brian Lara Stadium, Tarouba",2,6.3,St Kitts and Nevis Patriots,St Lucia Zouks,E Lewis,D Ramdin,RL Chase,1,0,,,,,,,,,
1227871,2020,2020-08-22,"Brian Lara Stadium, Tarouba",2,6.4,St Kitts and Nevis Patriots,St Lucia Zouks,D Ramdin,E Lewis,RL Chase,1,0,,,,,,,,,
1227871,2020,2020-08-22,"Brian Lara Stadium, Tarouba",2,6.5,St Kitts and Nevis Patriots,St Lucia Zouks,E Lewis,D Ramdin,RL Chase,0,0,,,,,,caught,E Lewis,,
1227871,2020,2020-08-22,"Brian Lara Stadium, Tarouba",2,6.6,St Kitts and Nevis Patriots,St Lucia Zouks,BR Dunk,D Ramdin,RL Chase,0,0,,,,,,,,,
1227871,2020,2020-08-22,"Brian Lara Stadium, Tarouba",2,7.1,St Kitts and Nevis Patriots,St Lucia Zouks,D Ramdin,BR Dunk,OC McCoy,1,0,,,,,,,,,
1227871,2020,2020-08-22,"Brian Lara Stadium, Tarouba",2,7.2,St Kitts and Nevis Patriots,St Lucia Zouks,BR Dunk,D Ramdin,OC McCoy,0,0,,,,,,,,,
1227871,2020,2020-08-22,"Brian Lara Stadium, Tarouba",2,7.3,St Kitts and Nevis Patriots,St Lucia Zouks,BR Dunk,D Ramdin,OC McCoy,1,0,,,,,,,,,
1227871,2020,2020-08-22,"Brian Lara Stadium, Tarouba",2,7.4,St Kitts and Nevis Patriots,St Lucia Zouks,D Ramdin,BR Dunk,OC McCoy,0,1,1,,,,,,,,
1227871,2020,2020-08-22,"Brian Lara Stadium, Tarouba",2,7.5,St Kitts and Nevis Patriots,St Lucia Zouks,D Ramdin,BR Dunk,OC McCoy,1,0,,,,,,,,,
1227871,2020,2020-08-22,"Brian Lara Stadium, Tarouba",2,7.6,St Kitts and Nevis Patriots,St Lucia Zouks,BR Dunk,D Ramdin,OC McCoy,1,0,,,,,,,,,
1227871,2020,2020-08-22,"Brian Lara Stadium, Tarouba",2,7.7,St Kitts and Nevis Patriots,St Lucia Zouks,D Ramdin,BR Dunk,OC McCoy,1,0,,,,,,,,,
1227871,2020,2020-08-22,"Brian Lara Stadium, Tarouba",2,8.1,St Kitts and Nevis Patriots,St Lucia Zouks,D Ramdin,BR Dunk,RL Chase,1,0,,,,,,,,,
1227871,2020,2020-08-22,"Brian Lara Stadium, Tarouba",2,8.2,St Kitts and Nevis Patriots,St Lucia Zouks,BR Dunk,D Ramdin,RL Chase,1,0,,,,,,,,,
1227871,2020,2020-08-22,"Brian Lara Stadium, Tarouba",2,8.3,St Kitts and Nevis Patriots,St Lucia Zouks,D Ramdin,BR Dunk,RL Chase,2,0,,,,,,,,,
1227871,2020,2020-08-22,"Brian Lara Stadium, Tarouba",2,8.4,St Kitts and Nevis Patriots,St Lucia Zouks,D Ramdin,BR Dunk,RL Chase,1,0,,,,,,,,,
1227871,2020,2020-08-22,"Brian Lara Stadium, Tarouba",2,8.5,St Kitts and Nevis Patriots,St Lucia Zouks,BR Dunk,D Ramdin,RL Chase,0,0,,,,,,,,,
1227871,2020,2020-08-22,"Brian Lara Stadium, Tarouba",2,8.6,St Kitts and Nevis Patriots,St Lucia Zouks,BR Dunk,D Ramdin,RL Chase,0,0,,,,,,,,,
1227871,2020,2020-08-22,"Brian Lara Stadium, Tarouba",2,9.1,St Kitts and Nevis Patriots,St Lucia Zouks,D Ramdin,BR Dunk,OC McCoy,0,1,1,,,,,,,,
1227871,2020,2020-08-22,"Brian Lara Stadium, Tarouba",2,9.2,St Kitts and Nevis Patriots,St Lucia Zouks,D Ramdin,BR Dunk,OC McCoy,1,0,,,,,,,,,
1227871,2020,2020-08-22,"Brian Lara Stadium, Tarouba",2,9.3,St Kitts and Nevis Patriots,St Lucia Zouks,BR Dunk,D Ramdin,OC McCoy,1,0,,,,,,,,,
1227871,2020,2020-08-22,"Brian Lara Stadium, Tarouba",2,9.4,St Kitts and Nevis Patriots,St Lucia Zouks,D Ramdin,BR Dunk,OC McCoy,1,0,,,,,,,,,
1227871,2020,2020-08-22,"Brian Lara Stadium, Tarouba",2,9.5,St Kitts and Nevis Patriots,St Lucia Zouks,BR Dunk,D Ramdin,OC McCoy,1,0,,,,,,,,,
1227871,2020,2020-08-22,"Brian Lara Stadium, Tarouba",2,9.6,St Kitts and Nevis Patriots,St Lucia Zouks,D Ramdin,BR Dunk,OC McCoy,2,0,,,,,,,,,
1227871,2020,2020-08-22,"Brian Lara Stadium, Tarouba",2,9.7,St Kitts and Nevis Patriots,St Lucia Zouks,D Ramdin,BR Dunk,OC McCoy,6,0,,,,,,,,,
1227871,2020,2020-08-22,"Brian Lara Stadium, Tarouba",2,10.1,St Kitts and Nevis Patriots,St Lucia Zouks,BR Dunk,D Ramdin,RL Chase,0,0,,,,,,,,,
1227871,2020,2020-08-22,"Brian Lara Stadium, Tarouba",2,10.2,St Kitts and Nevis Patriots,St Lucia Zouks,BR Dunk,D Ramdin,RL Chase,0,0,,,,,,bowled,BR Dunk,,
1227871,2020,2020-08-22,"Brian Lara Stadium, Tarouba",2,10.3,St Kitts and Nevis Patriots,St Lucia Zouks,KOA Powell,D Ramdin,RL Chase,1,0,,,,,,,,,
1227871,2020,2020-08-22,"Brian Lara Stadium, Tarouba",2,10.4,St Kitts and Nevis Patriots,St Lucia Zouks,D Ramdin,KOA Powell,RL Chase,2,0,,,,,,,,,
1227871,2020,2020-08-22,"Brian Lara Stadium, Tarouba",2,10.5,St Kitts and Nevis Patriots,St Lucia Zouks,D Ramdin,KOA Powell,RL Chase,1,0,,,,,,,,,
1227871,2020,2020-08-22,"Brian Lara Stadium, Tarouba",2,10.6,St Kitts and Nevis Patriots,St Lucia Zouks,KOA Powell,D Ramdin,RL Chase,0,0,,,,,,,,,
1227871,2020,2020-08-22,"Brian Lara Stadium, Tarouba",2,11.1,St Kitts and Nevis Patriots,St Lucia Zouks,D Ramdin,KOA Powell,KOK Williams,0,1,,,,1,,,,,
1227871,2020,2020-08-22,"Brian Lara Stadium, Tarouba",2,11.2,St Kitts and Nevis Patriots,St Lucia Zouks,KOA Powell,D Ramdin,KOK Williams,1,0,,,,,,,,,
1227871,2020,2020-08-22,"Brian Lara Stadium, Tarouba",2,11.3,St Kitts and Nevis Patriots,St Lucia Zouks,D Ramdin,KOA Powell,KOK Williams,1,0,,,,,,,,,
1227871,2020,2020-08-22,"Brian Lara Stadium, Tarouba",2,11.4,St Kitts and Nevis Patriots,St Lucia Zouks,KOA Powell,D Ramdin,KOK Williams,2,0,,,,,,,,,
1227871,2020,2020-08-22,"Brian Lara Stadium, Tarouba",2,11.5,St Kitts and Nevis Patriots,St Lucia Zouks,KOA Powell,D Ramdin,KOK Williams,1,0,,,,,,,,,
1227871,2020,2020-08-22,"Brian Lara Stadium, Tarouba",2,11.6,St Kitts and Nevis Patriots,St Lucia Zouks,D Ramdin,KOA Powell,KOK Williams,1,0,,,,,,,,,
1227871,2020,2020-08-22,"Brian Lara Stadium, Tarouba",2,12.1,St Kitts and Nevis Patriots,St Lucia Zouks,D Ramdin,KOA Powell,Mohammad Nabi,0,0,,,,,,,,,
1227871,2020,2020-08-22,"Brian Lara Stadium, Tarouba",2,12.2,St Kitts and Nevis Patriots,St Lucia Zouks,D Ramdin,KOA Powell,Mohammad Nabi,2,0,,,,,,,,,
1227871,2020,2020-08-22,"Brian Lara Stadium, Tarouba",2,12.3,St Kitts and Nevis Patriots,St Lucia Zouks,D Ramdin,KOA Powell,Mohammad Nabi,1,0,,,,,,,,,
1227871,2020,2020-08-22,"Brian Lara Stadium, Tarouba",2,12.4,St Kitts and Nevis Patriots,St Lucia Zouks,KOA Powell,D Ramdin,Mohammad Nabi,1,0,,,,,,,,,
1227871,2020,2020-08-22,"Brian Lara Stadium, Tarouba",2,12.5,St Kitts and Nevis Patriots,St Lucia Zouks,D Ramdin,KOA Powell,Mohammad Nabi,0,2,,,,2,,,,,
1227871,2020,2020-08-22,"Brian Lara Stadium, Tarouba",2,12.6,St Kitts and Nevis Patriots,St Lucia Zouks,D Ramdin,KOA Powell,Mohammad Nabi,0,0,,,,,,,,,
1227871,2020,2020-08-22,"Brian Lara Stadium, Tarouba",2,13.1,St Kitts and Nevis Patriots,St Lucia Zouks,KOA Powell,D Ramdin,SC Kuggeleijn,1,0,,,,,,,,,
1227871,2020,2020-08-22,"Brian Lara Stadium, Tarouba",2,13.2,St Kitts and Nevis Patriots,St Lucia Zouks,D Ramdin,KOA Powell,SC Kuggeleijn,6,0,,,,,,,,,
1227871,2020,2020-08-22,"Brian Lara Stadium, Tarouba",2,13.3,St Kitts and Nevis Patriots,St Lucia Zouks,D Ramdin,KOA Powell,SC Kuggeleijn,0,0,,,,,,,,,
1227871,2020,2020-08-22,"Brian Lara Stadium, Tarouba",2,13.4,St Kitts and Nevis Patriots,St Lucia Zouks,D Ramdin,KOA Powell,SC Kuggeleijn,1,0,,,,,,,,,
1227871,2020,2020-08-22,"Brian Lara Stadium, Tarouba",2,13.5,St Kitts and Nevis Patriots,St Lucia Zouks,KOA Powell,D Ramdin,SC Kuggeleijn,0,0,,,,,,,,,
1227871,2020,2020-08-22,"Brian Lara Stadium, Tarouba",2,13.6,St Kitts and Nevis Patriots,St Lucia Zouks,KOA Powell,D Ramdin,SC Kuggeleijn,0,0,,,,,,caught,KOA Powell,,
1227871,2020,2020-08-22,"Brian Lara Stadium, Tarouba",2,14.1,St Kitts and Nevis Patriots,St Lucia Zouks,D Ramdin,Sohail Tanvir,Mohammad Nabi,0,1,,,,1,,,,,
1227871,2020,2020-08-22,"Brian Lara Stadium, Tarouba",2,14.2,St Kitts and Nevis Patriots,St Lucia Zouks,Sohail Tanvir,D Ramdin,Mohammad Nabi,1,0,,,,,,,,,
1227871,2020,2020-08-22,"Brian Lara Stadium, Tarouba",2,14.3,St Kitts and Nevis Patriots,St Lucia Zouks,D Ramdin,Sohail Tanvir,Mohammad Nabi,1,0,,,,,,,,,
1227871,2020,2020-08-22,"Brian Lara Stadium, Tarouba",2,14.4,St Kitts and Nevis Patriots,St Lucia Zouks,Sohail Tanvir,D Ramdin,Mohammad Nabi,2,0,,,,,,,,,
1227871,2020,2020-08-22,"Brian Lara Stadium, Tarouba",2,14.5,St Kitts and Nevis Patriots,St Lucia Zouks,Sohail Tanvir,D Ramdin,Mohammad Nabi,2,0,,,,,,,,,
1227871,2020,2020-08-22,"Brian Lara Stadium, Tarouba",2,14.6,St Kitts and Nevis Patriots,St Lucia Zouks,Sohail Tanvir,D Ramdin,Mohammad Nabi,0,0,,,,,,,,,
1227871,2020,2020-08-22,"Brian Lara Stadium, Tarouba",2,15.1,St Kitts and Nevis Patriots,St Lucia Zouks,D Ramdin,Sohail Tanvir,SC Kuggeleijn,4,0,,,,,,,,,
1227871,2020,2020-08-22,"Brian Lara Stadium, Tarouba",2,15.2,St Kitts and Nevis Patriots,St Lucia Zouks,D Ramdin,Sohail Tanvir,SC Kuggeleijn,0,1,1,,,,,,,,
1227871,2020,2020-08-22,"Brian Lara Stadium, Tarouba",2,15.3,St Kitts and Nevis Patriots,St Lucia Zouks,D Ramdin,Sohail Tanvir,SC Kuggeleijn,2,0,,,,,,,,,
1227871,2020,2020-08-22,"Brian Lara Stadium, Tarouba",2,15.4,St Kitts and Nevis Patriots,St Lucia Zouks,D Ramdin,Sohail Tanvir,SC Kuggeleijn,0,0,,,,,,,,,
1227871,2020,2020-08-22,"Brian Lara Stadium, Tarouba",2,15.5,St Kitts and Nevis Patriots,St Lucia Zouks,D Ramdin,Sohail Tanvir,SC Kuggeleijn,0,0,,,,,,caught,D Ramdin,,
1227871,2020,2020-08-22,"Brian Lara Stadium, Tarouba",2,15.6,St Kitts and Nevis Patriots,St Lucia Zouks,Sohail Tanvir,RR Emrit,SC Kuggeleijn,0,0,,,,,,caught,Sohail Tanvir,,
1227871,2020,2020-08-22,"Brian Lara Stadium, Tarouba",2,15.7,St Kitts and Nevis Patriots,St Lucia Zouks,IS Sodhi,RR Emrit,SC Kuggeleijn,0,0,,,,,,,,,
1227871,2020,2020-08-22,"Brian Lara Stadium, Tarouba",2,16.1,St Kitts and Nevis Patriots,St Lucia Zouks,RR Emrit,IS Sodhi,KOK Williams,0,1,1,,,,,,,,
1227871,2020,2020-08-22,"Brian Lara Stadium, Tarouba",2,16.2,St Kitts and Nevis Patriots,St Lucia Zouks,RR Emrit,IS Sodhi,KOK Williams,1,0,,,,,,,,,
1227871,2020,2020-08-22,"Brian Lara Stadium, Tarouba",2,16.3,St Kitts and Nevis Patriots,St Lucia Zouks,IS Sodhi,RR Emrit,KOK Williams,1,0,,,,,,,,,
1227871,2020,2020-08-22,"Brian Lara Stadium, Tarouba",2,16.4,St Kitts and Nevis Patriots,St Lucia Zouks,RR Emrit,IS Sodhi,KOK Williams,0,0,,,,,,,,,
1227871,2020,2020-08-22,"Brian Lara Stadium, Tarouba",2,16.5,St Kitts and Nevis Patriots,St Lucia Zouks,RR Emrit,IS Sodhi,KOK Williams,6,0,,,,,,,,,
1227871,2020,2020-08-22,"Brian Lara Stadium, Tarouba",2,16.6,St Kitts and Nevis Patriots,St Lucia Zouks,RR Emrit,IS Sodhi,KOK Williams,2,0,,,,,,,,,
1227871,2020,2020-08-22,"Brian Lara Stadium, Tarouba",2,16.7,St Kitts and Nevis Patriots,St Lucia Zouks,RR Emrit,IS Sodhi,KOK Williams,1,0,,,,,,,,,
1227871,2020,2020-08-22,"Brian Lara Stadium, Tarouba",2,17.1,St Kitts and Nevis Patriots,St Lucia Zouks,RR Emrit,IS Sodhi,SC Kuggeleijn,0,0,,,,,,caught,RR Emrit,,
1227871,2020,2020-08-22,"Brian Lara Stadium, Tarouba",2,17.2,St Kitts and Nevis Patriots,St Lucia Zouks,IS Sodhi,SS Cottrell,SC Kuggeleijn,4,0,,,,,,,,,
1227871,2020,2020-08-22,"Brian Lara Stadium, Tarouba",2,17.3,St Kitts and Nevis Patriots,St Lucia Zouks,IS Sodhi,SS Cottrell,SC Kuggeleijn,0,0,,,,,,,,,
1227871,2020,2020-08-22,"Brian Lara Stadium, Tarouba",2,17.4,St Kitts and Nevis Patriots,St Lucia Zouks,IS Sodhi,SS Cottrell,SC Kuggeleijn,1,0,,,,,,,,,
1227871,2020,2020-08-22,"Brian Lara Stadium, Tarouba",2,17.5,St Kitts and Nevis Patriots,St Lucia Zouks,SS Cottrell,IS Sodhi,SC Kuggeleijn,1,0,,,,,,,,,
1227871,2020,2020-08-22,"Brian Lara Stadium, Tarouba",2,17.6,St Kitts and Nevis Patriots,St Lucia Zouks,IS Sodhi,SS Cottrell,SC Kuggeleijn,0,1,1,,,,,,,,
1227871,2020,2020-08-22,"Brian Lara Stadium, Tarouba",2,17.7,St Kitts and Nevis Patriots,St Lucia Zouks,IS Sodhi,SS Cottrell,SC Kuggeleijn,0,0,,,,,,,,,
1227871,2020,2020-08-22,"Brian Lara Stadium, Tarouba",2,18.1,St Kitts and Nevis Patriots,St Lucia Zouks,SS Cottrell,IS Sodhi,KOK Williams,2,0,,,,,,,,,
1227871,2020,2020-08-22,"Brian Lara Stadium, Tarouba",2,18.2,St Kitts and Nevis Patriots,St Lucia Zouks,SS Cottrell,IS Sodhi,KOK Williams,0,0,,,,,,,,,
1227871,2020,2020-08-22,"Brian Lara Stadium, Tarouba",2,18.3,St Kitts and Nevis Patriots,St Lucia Zouks,SS Cottrell,IS Sodhi,KOK Williams,6,0,,,,,,,,,
1227871,2020,2020-08-22,"Brian Lara Stadium, Tarouba",2,18.4,St Kitts and Nevis Patriots,St Lucia Zouks,SS Cottrell,IS Sodhi,KOK Williams,1,0,,,,,,,,,
1227871,2020,2020-08-22,"Brian Lara Stadium, Tarouba",2,18.5,St Kitts and Nevis Patriots,St Lucia Zouks,IS Sodhi,SS Cottrell,KOK Williams,0,0,,,,,,,,,
1227871,2020,2020-08-22,"Brian Lara Stadium, Tarouba",2,18.6,St Kitts and Nevis Patriots,St Lucia Zouks,IS Sodhi,SS Cottrell,KOK Williams,0,0,,,,,,,,,
1227871,2020,2020-08-22,"Brian Lara Stadium, Tarouba",2,19.1,St Kitts and Nevis Patriots,St Lucia Zouks,SS Cottrell,IS Sodhi,OC McCoy,0,0,,,,,,,,,
1227871,2020,2020-08-22,"Brian Lara Stadium, Tarouba",2,19.2,St Kitts and Nevis Patriots,St Lucia Zouks,SS Cottrell,IS Sodhi,OC McCoy,6,0,,,,,,,,,
1227871,2020,2020-08-22,"Brian Lara Stadium, Tarouba",2,19.3,St Kitts and Nevis Patriots,St Lucia Zouks,SS Cottrell,IS Sodhi,OC McCoy,4,0,,,,,,,,,
1227871,2020,2020-08-22,"Brian Lara Stadium, Tarouba",2,19.4,St Kitts and Nevis Patriots,St Lucia Zouks,SS Cottrell,IS Sodhi,OC McCoy,0,0,,,,,,,,,
1227871,2020,2020-08-22,"Brian Lara Stadium, Tarouba",2,19.5,St Kitts and Nevis Patriots,St Lucia Zouks,SS Cottrell,IS Sodhi,OC McCoy,0,1,1,,,,,,,,
1227871,2020,2020-08-22,"Brian Lara Stadium, Tarouba",2,19.6,St Kitts and Nevis Patriots,St Lucia Zouks,SS Cottrell,IS Sodhi,OC McCoy,6,0,,,,,,,,,
1227871,2020,2020-08-22,"Brian Lara Stadium, Tarouba",2,19.7,St Kitts and Nevis Patriots,St Lucia Zouks,SS Cottrell,IS Sodhi,OC McCoy,0,0,,,,,,,,,
