match_id,season,start_date,venue,innings,ball,batting_team,bowling_team,striker,non_striker,bowler,runs_off_bat,extras,wides,noballs,byes,legbyes,penalty,wicket_type,player_dismissed,other_wicket_type,other_player_dismissed
1227880,2020,2020-08-27,"Queen's Park Oval, Port of Spain",1,0.1,Guyana Amazon Warriors,Trinbago Knight Riders,BA King,C Hemraj,Ali Khan,0,1,1,,,,,,,,
1227880,2020,2020-08-27,"Queen's Park Oval, Port of Spain",1,0.2,Guyana Amazon Warriors,Trinbago Knight Riders,BA King,C Hemraj,Ali Khan,0,0,,,,,,,,,
1227880,2020,2020-08-27,"Queen's Park Oval, Port of Spain",1,0.3,Guyana Amazon Warriors,Trinbago Knight Riders,BA King,C Hemraj,Ali Khan,0,0,,,,,,,,,
1227880,2020,2020-08-27,"Queen's Park Oval, Port of Spain",1,0.4,Guyana Amazon Warriors,Trinbago Knight Riders,BA King,C Hemraj,Ali Khan,4,0,,,,,,,,,
1227880,2020,2020-08-27,"Queen's Park Oval, Port of Spain",1,0.5,Guyana Amazon Warriors,Trinbago Knight Riders,BA King,C Hemraj,Ali Khan,0,0,,,,,,,,,
1227880,2020,2020-08-27,"Queen's Park Oval, Port of Spain",1,0.6,Guyana Amazon Warriors,Trinbago Knight Riders,BA King,C Hemraj,Ali Khan,0,0,,,,,,,,,
1227880,2020,2020-08-27,"Queen's Park Oval, Port of Spain",1,0.7,Guyana Amazon Warriors,Trinbago Knight Riders,BA King,C Hemraj,Ali Khan,1,0,,,,,,,,,
1227880,2020,2020-08-27,"Queen's Park Oval, Port of Spain",1,1.1,Guyana Amazon Warriors,Trinbago Knight Riders,BA King,C Hemraj,Sikandar Raza,1,0,,,,,,,,,
1227880,2020,2020-08-27,"Queen's Park Oval, Port of Spain",1,1.2,Guyana Amazon Warriors,Trinbago Knight Riders,C Hemraj,BA King,Sikandar Raza,0,0,,,,,,,,,
1227880,2020,2020-08-27,"Queen's Park Oval, Port of Spain",1,1.3,Guyana Amazon Warriors,Trinbago Knight Riders,C Hemraj,BA King,Sikandar Raza,0,0,,,,,,,,,
1227880,2020,2020-08-27,"Queen's Park Oval, Port of Spain",1,1.4,Guyana Amazon Warriors,Trinbago Knight Riders,C Hemraj,BA King,Sikandar Raza,2,0,,,,,,,,,
1227880,2020,2020-08-27,"Queen's Park Oval, Port of Spain",1,1.5,Guyana Amazon Warriors,Trinbago Knight Riders,C Hemraj,BA King,Sikandar Raza,0,1,,,,1,,,,,
1227880,2020,2020-08-27,"Queen's Park Oval, Port of Spain",1,1.6,Guyana Amazon Warriors,Trinbago Knight Riders,BA King,C Hemraj,Sikandar Raza,0,0,,,,,,bowled,BA King,,
1227880,2020,2020-08-27,"Queen's Park Oval, Port of Spain",1,2.1,Guyana Amazon Warriors,Trinbago Knight Riders,C Hemraj,SO Hetmyer,K Pierre,0,0,,,,,,bowled,C Hemraj,,
1227880,2020,2020-08-27,"Queen's Park Oval, Port of Spain",1,2.2,Guyana Amazon Warriors,Trinbago Knight Riders,N Pooran,SO Hetmyer,K Pierre,1,0,,,,,,,,,
1227880,2020,2020-08-27,"Queen's Park Oval, Port of Spain",1,2.3,Guyana Amazon Warriors,Trinbago Knight Riders,SO Hetmyer,N Pooran,K Pierre,1,0,,,,,,,,,
1227880,2020,2020-08-27,"Queen's Park Oval, Port of Spain",1,2.4,Guyana Amazon Warriors,Trinbago Knight Riders,N Pooran,SO Hetmyer,K Pierre,0,0,,,,,,bowled,N Pooran,,
1227880,2020,2020-08-27,"Queen's Park Oval, Port of Spain",1,2.5,Guyana Amazon Warriors,Trinbago Knight Riders,LRPL Taylor,SO Hetmyer,K Pierre,1,0,,,,,,,,,
1227880,2020,2020-08-27,"Queen's Park Oval, Port of Spain",1,2.6,Guyana Amazon Warriors,Trinbago Knight Riders,SO Hetmyer,LRPL Taylor,K Pierre,2,0,,,,,,,,,
1227880,2020,2020-08-27,"Queen's Park Oval, Port of Spain",1,3.1,Guyana Amazon Warriors,Trinbago Knight Riders,LRPL Taylor,SO Hetmyer,Sikandar Raza,0,0,,,,,,,,,
1227880,2020,2020-08-27,"Queen's Park Oval, Port of Spain",1,3.2,Guyana Amazon Warriors,Trinbago Knight Riders,LRPL Taylor,SO Hetmyer,Sikandar Raza,0,0,,,,,,,,,
1227880,2020,2020-08-27,"Queen's Park Oval, Port of Spain",1,3.3,Guyana Amazon Warriors,Trinbago Knight Riders,LRPL Taylor,SO Hetmyer,Sikandar Raza,0,0,,,,,,,,,
1227880,2020,2020-08-27,"Queen's Park Oval, Port of Spain",1,3.4,Guyana Amazon Warriors,Trinbago Knight Riders,LRPL Taylor,SO Hetmyer,Sikandar Raza,4,0,,,,,,,,,
1227880,2020,2020-08-27,"Queen's Park Oval, Port of Spain",1,3.5,Guyana Amazon Warriors,Trinbago Knight Riders,LRPL Taylor,SO Hetmyer,Sikandar Raza,1,0,,,,,,,,,
1227880,2020,2020-08-27,"Queen's Park Oval, Port of Spain",1,3.6,Guyana Amazon Warriors,Trinbago Knight Riders,SO Hetmyer,LRPL Taylor,Sikandar Raza,0,0,,,,,,,,,
1227880,2020,2020-08-27,"Queen's Park Oval, Port of Spain",1,4.1,Guyana Amazon Warriors,Trinbago Knight Riders,LRPL Taylor,SO Hetmyer,K Pierre,0,0,,,,,,,,,
1227880,2020,2020-08-27,"Queen's Park Oval, Port of Spain",1,4.2,Guyana Amazon Warriors,Trinbago Knight Riders,LRPL Taylor,SO Hetmyer,K Pierre,0,0,,,,,,,,,
1227880,2020,2020-08-27,"Queen's Park Oval, Port of Spain",1,4.3,Guyana Amazon Warriors,Trinbago Knight Riders,LRPL Taylor,SO Hetmyer,K Pierre,0,0,,,,,,,,,
1227880,2020,2020-08-27,"Queen's Park Oval, Port of Spain",1,4.4,Guyana Amazon Warriors,Trinbago Knight Riders,LRPL Taylor,SO Hetmyer,K Pierre,2,0,,,,,,,,,
1227880,2020,2020-08-27,"Queen's Park Oval, Port of Spain",1,4.5,Guyana Amazon Warriors,Trinbago Knight Riders,LRPL Taylor,SO Hetmyer,K Pierre,0,0,,,,,,,,,
1227880,2020,2020-08-27,"Queen's Park Oval, Port of Spain",1,4.6,Guyana Amazon Warriors,Trinbago Knight Riders,LRPL Taylor,SO Hetmyer,K Pierre,0,1,1,,,,,,,,
1227880,2020,2020-08-27,"Queen's Park Oval, Port of Spain",1,4.7,Guyana Amazon Warriors,Trinbago Knight Riders,LRPL Taylor,SO Hetmyer,K Pierre,0,0,,,,,,,,,
1227880,2020,2020-08-27,"Queen's Park Oval, Port of Spain",1,5.1,Guyana Amazon Warriors,Trinbago Knight Riders,SO Hetmyer,LRPL Taylor,Sikandar Raza,1,0,,,,,,,,,
1227880,2020,2020-08-27,"Queen's Park Oval, Port of Spain",1,5.2,Guyana Amazon Warriors,Trinbago Knight Riders,LRPL Taylor,SO Hetmyer,Sikandar Raza,4,0,,,,,,,,,
1227880,2020,2020-08-27,"Queen's Park Oval, Port of Spain",1,5.3,Guyana Amazon Warriors,Trinbago Knight Riders,LRPL Taylor,SO Hetmyer,Sikandar Raza,6,0,,,,,,,,,
1227880,2020,2020-08-27,"Queen's Park Oval, Port of Spain",1,5.4,Guyana Amazon Warriors,Trinbago Knight Riders,LRPL Taylor,SO Hetmyer,Sikandar Raza,0,0,,,,,,,,,
1227880,2020,2020-08-27,"Queen's Park Oval, Port of Spain",1,5.5,Guyana Amazon Warriors,Trinbago Knight Riders,LRPL Taylor,SO Hetmyer,Sikandar Raza,4,0,,,,,,,,,
1227880,2020,2020-08-27,"Queen's Park Oval, Port of Spain",1,5.6,Guyana Amazon Warriors,Trinbago Knight Riders,LRPL Taylor,SO Hetmyer,Sikandar Raza,1,0,,,,,,,,,
1227880,2020,2020-08-27,"Queen's Park Oval, Port of Spain",1,6.1,Guyana Amazon Warriors,Trinbago Knight Riders,LRPL Taylor,SO Hetmyer,Fawad Ahmed,1,0,,,,,,,,,
1227880,2020,2020-08-27,"Queen's Park Oval, Port of Spain",1,6.2,Guyana Amazon Warriors,Trinbago Knight Riders,SO Hetmyer,LRPL Taylor,Fawad Ahmed,0,0,,,,,,,,,
1227880,2020,2020-08-27,"Queen's Park Oval, Port of Spain",1,6.3,Guyana Amazon Warriors,Trinbago Knight Riders,SO Hetmyer,LRPL Taylor,Fawad Ahmed,0,0,,,,,,,,,
1227880,2020,2020-08-27,"Queen's Park Oval, Port of Spain",1,6.4,Guyana Amazon Warriors,Trinbago Knight Riders,SO Hetmyer,LRPL Taylor,Fawad Ahmed,0,0,,,,,,,,,
1227880,2020,2020-08-27,"Queen's Park Oval, Port of Spain",1,6.5,Guyana Amazon Warriors,Trinbago Knight Riders,SO Hetmyer,LRPL Taylor,Fawad Ahmed,1,0,,,,,,,,,
1227880,2020,2020-08-27,"Queen's Park Oval, Port of Spain",1,6.6,Guyana Amazon Warriors,Trinbago Knight Riders,LRPL Taylor,SO Hetmyer,Fawad Ahmed,1,0,,,,,,,,,
1227880,2020,2020-08-27,"Queen's Park Oval, Port of Spain",1,7.1,Guyana Amazon Warriors,Trinbago Knight Riders,LRPL Taylor,SO Hetmyer,KA Pollard,1,0,,,,,,,,,
1227880,2020,2020-08-27,"Queen's Park Oval, Port of Spain",1,7.2,Guyana Amazon Warriors,Trinbago Knight Riders,SO Hetmyer,LRPL Taylor,KA Pollard,1,0,,,,,,,,,
1227880,2020,2020-08-27,"Queen's Park Oval, Port of Spain",1,7.3,Guyana Amazon Warriors,Trinbago Knight Riders,LRPL Taylor,SO Hetmyer,KA Pollard,0,0,,,,,,,,,
1227880,2020,2020-08-27,"Queen's Park Oval, Port of Spain",1,7.4,Guyana Amazon Warriors,Trinbago Knight Riders,LRPL Taylor,SO Hetmyer,KA Pollard,0,0,,,,,,,,,
1227880,2020,2020-08-27,"Queen's Park Oval, Port of Spain",1,7.5,Guyana Amazon Warriors,Trinbago Knight Riders,LRPL Taylor,SO Hetmyer,KA Pollard,0,0,,,,,,run out,LRPL Taylor,,
1227880,2020,2020-08-27,"Queen's Park Oval, Port of Spain",1,7.6,Guyana Amazon Warriors,Trinbago Knight Riders,SE Rutherford,SO Hetmyer,KA Pollard,0,0,,,,,,,,,
1227880,2020,2020-08-27,"Queen's Park Oval, Port of Spain",1,8.1,Guyana Amazon Warriors,Trinbago Knight Riders,SO Hetmyer,SE Rutherford,Fawad Ahmed,0,0,,,,,,,,,
1227880,2020,2020-08-27,"Queen's Park Oval, Port of Spain",1,8.2,Guyana Amazon Warriors,Trinbago Knight Riders,SO Hetmyer,SE Rutherford,Fawad Ahmed,1,0,,,,,,,,,
1227880,2020,2020-08-27,"Queen's Park Oval, Port of Spain",1,8.3,Guyana Amazon Warriors,Trinbago Knight Riders,SE Rutherford,SO Hetmyer,Fawad Ahmed,0,0,,,,,,,,,
1227880,2020,2020-08-27,"Queen's Park Oval, Port of Spain",1,8.4,Guyana Amazon Warriors,Trinbago Knight Riders,SE Rutherford,SO Hetmyer,Fawad Ahmed,0,0,,,,,,,,,
1227880,2020,2020-08-27,"Queen's Park Oval, Port of Spain",1,8.5,Guyana Amazon Warriors,Trinbago Knight Riders,SE Rutherford,SO Hetmyer,Fawad Ahmed,1,0,,,,,,,,,
1227880,2020,2020-08-27,"Queen's Park Oval, Port of Spain",1,8.6,Guyana Amazon Warriors,Trinbago Knight Riders,SO Hetmyer,SE Rutherford,Fawad Ahmed,1,0,,,,,,,,,
1227880,2020,2020-08-27,"Queen's Park Oval, Port of Spain",1,9.1,Guyana Amazon Warriors,Trinbago Knight Riders,SO Hetmyer,SE Rutherford,KA Pollard,0,0,,,,,,,,,
1227880,2020,2020-08-27,"Queen's Park Oval, Port of Spain",1,9.2,Guyana Amazon Warriors,Trinbago Knight Riders,SO Hetmyer,SE Rutherford,KA Pollard,1,0,,,,,,,,,
1227880,2020,2020-08-27,"Queen's Park Oval, Port of Spain",1,9.3,Guyana Amazon Warriors,Trinbago Knight Riders,SE Rutherford,SO Hetmyer,KA Pollard,0,0,,,,,,,,,
1227880,2020,2020-08-27,"Queen's Park Oval, Port of Spain",1,9.4,Guyana Amazon Warriors,Trinbago Knight Riders,SE Rutherford,SO Hetmyer,KA Pollard,1,0,,,,,,,,,
1227880,2020,2020-08-27,"Queen's Park Oval, Port of Spain",1,9.5,Guyana Amazon Warriors,Trinbago Knight Riders,SO Hetmyer,SE Rutherford,KA Pollard,1,0,,,,,,,,,
1227880,2020,2020-08-27,"Queen's Park Oval, Port of Spain",1,9.6,Guyana Amazon Warriors,Trinbago Knight Riders,SE Rutherford,SO Hetmyer,KA Pollard,1,0,,,,,,,,,
1227880,2020,2020-08-27,"Queen's Park Oval, Port of Spain",1,10.1,Guyana Amazon Warriors,Trinbago Knight Riders,SE Rutherford,SO Hetmyer,Fawad Ahmed,0,0,,,,,,,,,
1227880,2020,2020-08-27,"Queen's Park Oval, Port of Spain",1,10.2,Guyana Amazon Warriors,Trinbago Knight Riders,SE Rutherford,SO Hetmyer,Fawad Ahmed,0,0,,,,,,,,,
1227880,2020,2020-08-27,"Queen's Park Oval, Port of Spain",1,10.3,Guyana Amazon Warriors,Trinbago Knight Riders,SE Rutherford,SO Hetmyer,Fawad Ahmed,0,0,,,,,,,,,
1227880,2020,2020-08-27,"Queen's Park Oval, Port of Spain",1,10.4,Guyana Amazon Warriors,Trinbago Knight Riders,SE Rutherford,SO Hetmyer,Fawad Ahmed,1,0,,,,,,,,,
1227880,2020,2020-08-27,"Queen's Park Oval, Port of Spain",1,10.5,Guyana Amazon Warriors,Trinbago Knight Riders,SO Hetmyer,SE Rutherford,Fawad Ahmed,1,0,,,,,,,,,
1227880,2020,2020-08-27,"Queen's Park Oval, Port of Spain",1,10.6,Guyana Amazon Warriors,Trinbago Knight Riders,SE Rutherford,SO Hetmyer,Fawad Ahmed,0,0,,,,,,,,,
1227880,2020,2020-08-27,"Queen's Park Oval, Port of Spain",1,11.1,Guyana Amazon Warriors,Trinbago Knight Riders,SO Hetmyer,SE Rutherford,DJ Bravo,1,0,,,,,,,,,
1227880,2020,2020-08-27,"Queen's Park Oval, Port of Spain",1,11.2,Guyana Amazon Warriors,Trinbago Knight Riders,SE Rutherford,SO Hetmyer,DJ Bravo,1,0,,,,,,,,,
1227880,2020,2020-08-27,"Queen's Park Oval, Port of Spain",1,11.3,Guyana Amazon Warriors,Trinbago Knight Riders,SO Hetmyer,SE Rutherford,DJ Bravo,0,0,,,,,,,,,
1227880,2020,2020-08-27,"Queen's Park Oval, Port of Spain",1,11.4,Guyana Amazon Warriors,Trinbago Knight Riders,SO Hetmyer,SE Rutherford,DJ Bravo,0,0,,,,,,,,,
1227880,2020,2020-08-27,"Queen's Park Oval, Port of Spain",1,11.5,Guyana Amazon Warriors,Trinbago Knight Riders,SO Hetmyer,SE Rutherford,DJ Bravo,1,0,,,,,,,,,
1227880,2020,2020-08-27,"Queen's Park Oval, Port of Spain",1,11.6,Guyana Amazon Warriors,Trinbago Knight Riders,SE Rutherford,SO Hetmyer,DJ Bravo,1,0,,,,,,,,,
1227880,2020,2020-08-27,"Queen's Park Oval, Port of Spain",1,12.1,Guyana Amazon Warriors,Trinbago Knight Riders,SE Rutherford,SO Hetmyer,K Pierre,0,0,,,,,,caught,SE Rutherford,,
1227880,2020,2020-08-27,"Queen's Park Oval, Port of Spain",1,12.2,Guyana Amazon Warriors,Trinbago Knight Riders,SO Hetmyer,KMA Paul,K Pierre,1,0,,,,,,,,,
1227880,2020,2020-08-27,"Queen's Park Oval, Port of Spain",1,12.3,Guyana Amazon Warriors,Trinbago Knight Riders,KMA Paul,SO Hetmyer,K Pierre,0,0,,,,,,,,,
1227880,2020,2020-08-27,"Queen's Park Oval, Port of Spain",1,12.4,Guyana Amazon Warriors,Trinbago Knight Riders,KMA Paul,SO Hetmyer,K Pierre,0,0,,,,,,,,,
1227880,2020,2020-08-27,"Queen's Park Oval, Port of Spain",1,12.5,Guyana Amazon Warriors,Trinbago Knight Riders,KMA Paul,SO Hetmyer,K Pierre,0,0,,,,,,,,,
1227880,2020,2020-08-27,"Queen's Park Oval, Port of Spain",1,12.6,Guyana Amazon Warriors,Trinbago Knight Riders,KMA Paul,SO Hetmyer,K Pierre,0,0,,,,,,,,,
1227880,2020,2020-08-27,"Queen's Park Oval, Port of Spain",1,13.1,Guyana Amazon Warriors,Trinbago Knight Riders,SO Hetmyer,KMA Paul,Sikandar Raza,0,0,,,,,,,,,
1227880,2020,2020-08-27,"Queen's Park Oval, Port of Spain",1,13.2,Guyana Amazon Warriors,Trinbago Knight Riders,SO Hetmyer,KMA Paul,Sikandar Raza,0,0,,,,,,,,,
1227880,2020,2020-08-27,"Queen's Park Oval, Port of Spain",1,13.3,Guyana Amazon Warriors,Trinbago Knight Riders,SO Hetmyer,KMA Paul,Sikandar Raza,2,0,,,,,,,,,
1227880,2020,2020-08-27,"Queen's Park Oval, Port of Spain",1,13.4,Guyana Amazon Warriors,Trinbago Knight Riders,SO Hetmyer,KMA Paul,Sikandar Raza,3,0,,,,,,,,,
1227880,2020,2020-08-27,"Queen's Park Oval, Port of Spain",1,13.5,Guyana Amazon Warriors,Trinbago Knight Riders,KMA Paul,SO Hetmyer,Sikandar Raza,1,0,,,,,,,,,
1227880,2020,2020-08-27,"Queen's Park Oval, Port of Spain",1,13.6,Guyana Amazon Warriors,Trinbago Knight Riders,SO Hetmyer,KMA Paul,Sikandar Raza,0,0,,,,,,,,,
1227880,2020,2020-08-27,"Queen's Park Oval, Port of Spain",1,14.1,Guyana Amazon Warriors,Trinbago Knight Riders,KMA Paul,SO Hetmyer,K Pierre,1,0,,,,,,,,,
1227880,2020,2020-08-27,"Queen's Park Oval, Port of Spain",1,14.2,Guyana Amazon Warriors,Trinbago Knight Riders,SO Hetmyer,KMA Paul,K Pierre,6,0,,,,,,,,,
1227880,2020,2020-08-27,"Queen's Park Oval, Port of Spain",1,14.3,Guyana Amazon Warriors,Trinbago Knight Riders,SO Hetmyer,KMA Paul,K Pierre,1,0,,,,,,,,,
1227880,2020,2020-08-27,"Queen's Park Oval, Port of Spain",1,14.4,Guyana Amazon Warriors,Trinbago Knight Riders,KMA Paul,SO Hetmyer,K Pierre,0,0,,,,,,,,,
1227880,2020,2020-08-27,"Queen's Park Oval, Port of Spain",1,14.5,Guyana Amazon Warriors,Trinbago Knight Riders,KMA Paul,SO Hetmyer,K Pierre,1,0,,,,,,,,,
1227880,2020,2020-08-27,"Queen's Park Oval, Port of Spain",1,14.6,Guyana Amazon Warriors,Trinbago Knight Riders,SO Hetmyer,KMA Paul,K Pierre,0,0,,,,,,,,,
1227880,2020,2020-08-27,"Queen's Park Oval, Port of Spain",1,15.1,Guyana Amazon Warriors,Trinbago Knight Riders,KMA Paul,SO Hetmyer,DJ Bravo,1,0,,,,,,,,,
1227880,2020,2020-08-27,"Queen's Park Oval, Port of Spain",1,15.2,Guyana Amazon Warriors,Trinbago Knight Riders,SO Hetmyer,KMA Paul,DJ Bravo,0,0,,,,,,caught,SO Hetmyer,,
1227880,2020,2020-08-27,"Queen's Park Oval, Port of Spain",1,15.3,Guyana Amazon Warriors,Trinbago Knight Riders,R Shepherd,KMA Paul,DJ Bravo,1,0,,,,,,,,,
1227880,2020,2020-08-27,"Queen's Park Oval, Port of Spain",1,15.4,Guyana Amazon Warriors,Trinbago Knight Riders,KMA Paul,R Shepherd,DJ Bravo,1,0,,,,,,,,,
1227880,2020,2020-08-27,"Queen's Park Oval, Port of Spain",1,15.5,Guyana Amazon Warriors,Trinbago Knight Riders,R Shepherd,KMA Paul,DJ Bravo,1,0,,,,,,,,,
1227880,2020,2020-08-27,"Queen's Park Oval, Port of Spain",1,15.6,Guyana Amazon Warriors,Trinbago Knight Riders,KMA Paul,R Shepherd,DJ Bravo,0,0,,,,,,,,,
1227880,2020,2020-08-27,"Queen's Park Oval, Port of Spain",1,16.1,Guyana Amazon Warriors,Trinbago Knight Riders,R Shepherd,KMA Paul,Fawad Ahmed,0,0,,,,,,,,,
1227880,2020,2020-08-27,"Queen's Park Oval, Port of Spain",1,16.2,Guyana Amazon Warriors,Trinbago Knight Riders,R Shepherd,KMA Paul,Fawad Ahmed,0,0,,,,,,,,,
1227880,2020,2020-08-27,"Queen's Park Oval, Port of Spain",1,16.3,Guyana Amazon Warriors,Trinbago Knight Riders,R Shepherd,KMA Paul,Fawad Ahmed,1,0,,,,,,,,,
1227880,2020,2020-08-27,"Queen's Park Oval, Port of Spain",1,16.4,Guyana Amazon Warriors,Trinbago Knight Riders,KMA Paul,R Shepherd,Fawad Ahmed,6,0,,,,,,,,,
1227880,2020,2020-08-27,"Queen's Park Oval, Port of Spain",1,16.5,Guyana Amazon Warriors,Trinbago Knight Riders,KMA Paul,R Shepherd,Fawad Ahmed,2,0,,,,,,,,,
1227880,2020,2020-08-27,"Queen's Park Oval, Port of Spain",1,16.6,Guyana Amazon Warriors,Trinbago Knight Riders,KMA Paul,R Shepherd,Fawad Ahmed,1,0,,,,,,,,,
1227880,2020,2020-08-27,"Queen's Park Oval, Port of Spain",1,17.1,Guyana Amazon Warriors,Trinbago Knight Riders,KMA Paul,R Shepherd,DJ Bravo,1,0,,,,,,,,,
1227880,2020,2020-08-27,"Queen's Park Oval, Port of Spain",1,17.2,Guyana Amazon Warriors,Trinbago Knight Riders,R Shepherd,KMA Paul,DJ Bravo,6,0,,,,,,,,,
1227880,2020,2020-08-27,"Queen's Park Oval, Port of Spain",1,17.3,Guyana Amazon Warriors,Trinbago Knight Riders,R Shepherd,KMA Paul,DJ Bravo,1,0,,,,,,,,,
1227880,2020,2020-08-27,"Queen's Park Oval, Port of Spain",1,17.4,Guyana Amazon Warriors,Trinbago Knight Riders,KMA Paul,R Shepherd,DJ Bravo,1,0,,,,,,,,,
1227880,2020,2020-08-27,"Queen's Park Oval, Port of Spain",1,17.5,Guyana Amazon Warriors,Trinbago Knight Riders,R Shepherd,KMA Paul,DJ Bravo,1,0,,,,,,,,,
1227880,2020,2020-08-27,"Queen's Park Oval, Port of Spain",1,17.6,Guyana Amazon Warriors,Trinbago Knight Riders,KMA Paul,R Shepherd,DJ Bravo,1,0,,,,,,,,,
1227880,2020,2020-08-27,"Queen's Park Oval, Port of Spain",1,18.1,Guyana Amazon Warriors,Trinbago Knight Riders,KMA Paul,R Shepherd,KA Pollard,0,0,,,,,,,,,
1227880,2020,2020-08-27,"Queen's Park Oval, Port of Spain",1,18.2,Guyana Amazon Warriors,Trinbago Knight Riders,KMA Paul,R Shepherd,KA Pollard,1,0,,,,,,,,,
1227880,2020,2020-08-27,"Queen's Park Oval, Port of Spain",1,18.3,Guyana Amazon Warriors,Trinbago Knight Riders,R Shepherd,KMA Paul,KA Pollard,0,1,1,,,,,,,,
1227880,2020,2020-08-27,"Queen's Park Oval, Port of Spain",1,18.4,Guyana Amazon Warriors,Trinbago Knight Riders,R Shepherd,KMA Paul,KA Pollard,0,0,,,,,,,,,
1227880,2020,2020-08-27,"Queen's Park Oval, Port of Spain",1,18.5,Guyana Amazon Warriors,Trinbago Knight Riders,R Shepherd,KMA Paul,KA Pollard,0,0,,,,,,caught,R Shepherd,,
1227880,2020,2020-08-27,"Queen's Park Oval, Port of Spain",1,18.6,Guyana Amazon Warriors,Trinbago Knight Riders,KMA Paul,Naveen-ul-Haq,KA Pollard,6,0,,,,,,,,,
1227880,2020,2020-08-27,"Queen's Park Oval, Port of Spain",1,18.7,Guyana Amazon Warriors,Trinbago Knight Riders,KMA Paul,Naveen-ul-Haq,KA Pollard,1,0,,,,,,,,,
1227880,2020,2020-08-27,"Queen's Park Oval, Port of Spain",1,19.1,Guyana Amazon Warriors,Trinbago Knight Riders,KMA Paul,Naveen-ul-Haq,DJ Bravo,0,0,,,,,,,,,
1227880,2020,2020-08-27,"Queen's Park Oval, Port of Spain",1,19.2,Guyana Amazon Warriors,Trinbago Knight Riders,KMA Paul,Naveen-ul-Haq,DJ Bravo,1,0,,,,,,,,,
1227880,2020,2020-08-27,"Queen's Park Oval, Port of Spain",1,19.3,Guyana Amazon Warriors,Trinbago Knight Riders,Naveen-ul-Haq,KMA Paul,DJ Bravo,1,0,,,,,,,,,
1227880,2020,2020-08-27,"Queen's Park Oval, Port of Spain",1,19.4,Guyana Amazon Warriors,Trinbago Knight Riders,KMA Paul,Naveen-ul-Haq,DJ Bravo,2,0,,,,,,,,,
1227880,2020,2020-08-27,"Queen's Park Oval, Port of Spain",1,19.5,Guyana Amazon Warriors,Trinbago Knight Riders,KMA Paul,Naveen-ul-Haq,DJ Bravo,0,0,,,,,,,,,
1227880,2020,2020-08-27,"Queen's Park Oval, Port of Spain",1,19.6,Guyana Amazon Warriors,Trinbago Knight Riders,KMA Paul,Naveen-ul-Haq,DJ Bravo,0,1,,,,1,,,,,
1227880,2020,2020-08-27,"Queen's Park Oval, Port of Spain",2,0.1,Trinbago Knight Riders,Guyana Amazon Warriors,LMP Simmons,T Webster,C Hemraj,0,0,,,,,,,,,
1227880,2020,2020-08-27,"Queen's Park Oval, Port of Spain",2,0.2,Trinbago Knight Riders,Guyana Amazon Warriors,LMP Simmons,T Webster,C Hemraj,0,0,,,,,,,,,
1227880,2020,2020-08-27,"Queen's Park Oval, Port of Spain",2,0.3,Trinbago Knight Riders,Guyana Amazon Warriors,LMP Simmons,T Webster,C Hemraj,1,0,,,,,,,,,
1227880,2020,2020-08-27,"Queen's Park Oval, Port of Spain",2,0.4,Trinbago Knight Riders,Guyana Amazon Warriors,T Webster,LMP Simmons,C Hemraj,1,0,,,,,,,,,
1227880,2020,2020-08-27,"Queen's Park Oval, Port of Spain",2,0.5,Trinbago Knight Riders,Guyana Amazon Warriors,LMP Simmons,T Webster,C Hemraj,0,0,,,,,,,,,
1227880,2020,2020-08-27,"Queen's Park Oval, Port of Spain",2,0.6,Trinbago Knight Riders,Guyana Amazon Warriors,LMP Simmons,T Webster,C Hemraj,0,1,,,,1,,,,,
1227880,2020,2020-08-27,"Queen's Park Oval, Port of Spain",2,1.1,Trinbago Knight Riders,Guyana Amazon Warriors,LMP Simmons,T Webster,CJ Green,1,0,,,,,,,,,
1227880,2020,2020-08-27,"Queen's Park Oval, Port of Spain",2,1.2,Trinbago Knight Riders,Guyana Amazon Warriors,T Webster,LMP Simmons,CJ Green,0,0,,,,,,,,,
1227880,2020,2020-08-27,"Queen's Park Oval, Port of Spain",2,1.3,Trinbago Knight Riders,Guyana Amazon Warriors,T Webster,LMP Simmons,CJ Green,0,0,,,,,,,,,
1227880,2020,2020-08-27,"Queen's Park Oval, Port of Spain",2,1.4,Trinbago Knight Riders,Guyana Amazon Warriors,T Webster,LMP Simmons,CJ Green,1,0,,,,,,,,,
1227880,2020,2020-08-27,"Queen's Park Oval, Port of Spain",2,1.5,Trinbago Knight Riders,Guyana Amazon Warriors,LMP Simmons,T Webster,CJ Green,0,0,,,,,,,,,
1227880,2020,2020-08-27,"Queen's Park Oval, Port of Spain",2,1.6,Trinbago Knight Riders,Guyana Amazon Warriors,LMP Simmons,T Webster,CJ Green,1,0,,,,,,,,,
1227880,2020,2020-08-27,"Queen's Park Oval, Port of Spain",2,2.1,Trinbago Knight Riders,Guyana Amazon Warriors,LMP Simmons,T Webster,Imran Tahir,0,0,,,,,,,,,
1227880,2020,2020-08-27,"Queen's Park Oval, Port of Spain",2,2.2,Trinbago Knight Riders,Guyana Amazon Warriors,LMP Simmons,T Webster,Imran Tahir,6,0,,,,,,,,,
1227880,2020,2020-08-27,"Queen's Park Oval, Port of Spain",2,2.3,Trinbago Knight Riders,Guyana Amazon Warriors,LMP Simmons,T Webster,Imran Tahir,2,0,,,,,,,,,
1227880,2020,2020-08-27,"Queen's Park Oval, Port of Spain",2,2.4,Trinbago Knight Riders,Guyana Amazon Warriors,LMP Simmons,T Webster,Imran Tahir,1,0,,,,,,,,,
1227880,2020,2020-08-27,"Queen's Park Oval, Port of Spain",2,2.5,Trinbago Knight Riders,Guyana Amazon Warriors,T Webster,LMP Simmons,Imran Tahir,0,1,1,,,,,,,,
1227880,2020,2020-08-27,"Queen's Park Oval, Port of Spain",2,2.6,Trinbago Knight Riders,Guyana Amazon Warriors,T Webster,LMP Simmons,Imran Tahir,0,0,,,,,,,,,
1227880,2020,2020-08-27,"Queen's Park Oval, Port of Spain",2,2.7,Trinbago Knight Riders,Guyana Amazon Warriors,T Webster,LMP Simmons,Imran Tahir,0,0,,,,,,,,,
1227880,2020,2020-08-27,"Queen's Park Oval, Port of Spain",2,3.1,Trinbago Knight Riders,Guyana Amazon Warriors,LMP Simmons,T Webster,C Hemraj,1,0,,,,,,,,,
1227880,2020,2020-08-27,"Queen's Park Oval, Port of Spain",2,3.2,Trinbago Knight Riders,Guyana Amazon Warriors,T Webster,LMP Simmons,C Hemraj,0,0,,,,,,,,,
1227880,2020,2020-08-27,"Queen's Park Oval, Port of Spain",2,3.3,Trinbago Knight Riders,Guyana Amazon Warriors,T Webster,LMP Simmons,C Hemraj,4,0,,,,,,,,,
1227880,2020,2020-08-27,"Queen's Park Oval, Port of Spain",2,3.4,Trinbago Knight Riders,Guyana Amazon Warriors,T Webster,LMP Simmons,C Hemraj,0,0,,,,,,,,,
1227880,2020,2020-08-27,"Queen's Park Oval, Port of Spain",2,3.5,Trinbago Knight Riders,Guyana Amazon Warriors,T Webster,LMP Simmons,C Hemraj,0,0,,,,,,,,,
1227880,2020,2020-08-27,"Queen's Park Oval, Port of Spain",2,3.6,Trinbago Knight Riders,Guyana Amazon Warriors,T Webster,LMP Simmons,C Hemraj,6,0,,,,,,,,,
1227880,2020,2020-08-27,"Queen's Park Oval, Port of Spain",2,4.1,Trinbago Knight Riders,Guyana Amazon Warriors,LMP Simmons,T Webster,Naveen-ul-Haq,0,0,,,,,,,,,
1227880,2020,2020-08-27,"Queen's Park Oval, Port of Spain",2,4.2,Trinbago Knight Riders,Guyana Amazon Warriors,LMP Simmons,T Webster,Naveen-ul-Haq,0,0,,,,,,,,,
1227880,2020,2020-08-27,"Queen's Park Oval, Port of Spain",2,4.3,Trinbago Knight Riders,Guyana Amazon Warriors,LMP Simmons,T Webster,Naveen-ul-Haq,4,0,,,,,,,,,
1227880,2020,2020-08-27,"Queen's Park Oval, Port of Spain",2,4.4,Trinbago Knight Riders,Guyana Amazon Warriors,LMP Simmons,T Webster,Naveen-ul-Haq,1,0,,,,,,,,,
1227880,2020,2020-08-27,"Queen's Park Oval, Port of Spain",2,4.5,Trinbago Knight Riders,Guyana Amazon Warriors,T Webster,LMP Simmons,Naveen-ul-Haq,0,0,,,,,,,,,
1227880,2020,2020-08-27,"Queen's Park Oval, Port of Spain",2,4.6,Trinbago Knight Riders,Guyana Amazon Warriors,T Webster,LMP Simmons,Naveen-ul-Haq,0,0,,,,,,,,,
1227880,2020,2020-08-27,"Queen's Park Oval, Port of Spain",2,5.1,Trinbago Knight Riders,Guyana Amazon Warriors,LMP Simmons,T Webster,Imran Tahir,1,0,,,,,,,,,
1227880,2020,2020-08-27,"Queen's Park Oval, Port of Spain",2,5.2,Trinbago Knight Riders,Guyana Amazon Warriors,T Webster,LMP Simmons,Imran Tahir,0,0,,,,,,,,,
1227880,2020,2020-08-27,"Queen's Park Oval, Port of Spain",2,5.3,Trinbago Knight Riders,Guyana Amazon Warriors,T Webster,LMP Simmons,Imran Tahir,1,0,,,,,,,,,
1227880,2020,2020-08-27,"Queen's Park Oval, Port of Spain",2,5.4,Trinbago Knight Riders,Guyana Amazon Warriors,LMP Simmons,T Webster,Imran Tahir,0,0,,,,,,bowled,LMP Simmons,,
1227880,2020,2020-08-27,"Queen's Park Oval, Port of Spain",2,5.5,Trinbago Knight Riders,Guyana Amazon Warriors,C Munro,T Webster,Imran Tahir,0,0,,,,,,bowled,C Munro,,
1227880,2020,2020-08-27,"Queen's Park Oval, Port of Spain",2,5.6,Trinbago Knight Riders,Guyana Amazon Warriors,DM Bravo,T Webster,Imran Tahir,0,0,,,,,,,,,
1227880,2020,2020-08-27,"Queen's Park Oval, Port of Spain",2,6.1,Trinbago Knight Riders,Guyana Amazon Warriors,T Webster,DM Bravo,CJ Green,0,0,,,,,,,,,
1227880,2020,2020-08-27,"Queen's Park Oval, Port of Spain",2,6.2,Trinbago Knight Riders,Guyana Amazon Warriors,T Webster,DM Bravo,CJ Green,0,0,,,,,,,,,
1227880,2020,2020-08-27,"Queen's Park Oval, Port of Spain",2,6.3,Trinbago Knight Riders,Guyana Amazon Warriors,T Webster,DM Bravo,CJ Green,1,0,,,,,,,,,
1227880,2020,2020-08-27,"Queen's Park Oval, Port of Spain",2,6.4,Trinbago Knight Riders,Guyana Amazon Warriors,DM Bravo,T Webster,CJ Green,0,0,,,,,,,,,
1227880,2020,2020-08-27,"Queen's Park Oval, Port of Spain",2,6.5,Trinbago Knight Riders,Guyana Amazon Warriors,DM Bravo,T Webster,CJ Green,0,0,,,,,,,,,
1227880,2020,2020-08-27,"Queen's Park Oval, Port of Spain",2,6.6,Trinbago Knight Riders,Guyana Amazon Warriors,DM Bravo,T Webster,CJ Green,0,0,,,,,,,,,
1227880,2020,2020-08-27,"Queen's Park Oval, Port of Spain",2,7.1,Trinbago Knight Riders,Guyana Amazon Warriors,T Webster,DM Bravo,KMA Paul,0,0,,,,,,,,,
1227880,2020,2020-08-27,"Queen's Park Oval, Port of Spain",2,7.2,Trinbago Knight Riders,Guyana Amazon Warriors,T Webster,DM Bravo,KMA Paul,0,0,,,,,,,,,
1227880,2020,2020-08-27,"Queen's Park Oval, Port of Spain",2,7.3,Trinbago Knight Riders,Guyana Amazon Warriors,T Webster,DM Bravo,KMA Paul,1,0,,,,,,,,,
1227880,2020,2020-08-27,"Queen's Park Oval, Port of Spain",2,7.4,Trinbago Knight Riders,Guyana Amazon Warriors,DM Bravo,T Webster,KMA Paul,1,0,,,,,,,,,
1227880,2020,2020-08-27,"Queen's Park Oval, Port of Spain",2,7.5,Trinbago Knight Riders,Guyana Amazon Warriors,T Webster,DM Bravo,KMA Paul,0,0,,,,,,,,,
1227880,2020,2020-08-27,"Queen's Park Oval, Port of Spain",2,7.6,Trinbago Knight Riders,Guyana Amazon Warriors,T Webster,DM Bravo,KMA Paul,1,0,,,,,,,,,
1227880,2020,2020-08-27,"Queen's Park Oval, Port of Spain",2,8.1,Trinbago Knight Riders,Guyana Amazon Warriors,T Webster,DM Bravo,CJ Green,1,0,,,,,,,,,
1227880,2020,2020-08-27,"Queen's Park Oval, Port of Spain",2,8.2,Trinbago Knight Riders,Guyana Amazon Warriors,DM Bravo,T Webster,CJ Green,0,0,,,,,,,,,
1227880,2020,2020-08-27,"Queen's Park Oval, Port of Spain",2,8.3,Trinbago Knight Riders,Guyana Amazon Warriors,DM Bravo,T Webster,CJ Green,1,0,,,,,,,,,
1227880,2020,2020-08-27,"Queen's Park Oval, Port of Spain",2,8.4,Trinbago Knight Riders,Guyana Amazon Warriors,T Webster,DM Bravo,CJ Green,0,0,,,,,,,,,
1227880,2020,2020-08-27,"Queen's Park Oval, Port of Spain",2,8.5,Trinbago Knight Riders,Guyana Amazon Warriors,T Webster,DM Bravo,CJ Green,0,0,,,,,,,,,
1227880,2020,2020-08-27,"Queen's Park Oval, Port of Spain",2,8.6,Trinbago Knight Riders,Guyana Amazon Warriors,T Webster,DM Bravo,CJ Green,6,0,,,,,,,,,
1227880,2020,2020-08-27,"Queen's Park Oval, Port of Spain",2,9.1,Trinbago Knight Riders,Guyana Amazon Warriors,DM Bravo,T Webster,R Shepherd,0,0,,,,,,,,,
1227880,2020,2020-08-27,"Queen's Park Oval, Port of Spain",2,9.2,Trinbago Knight Riders,Guyana Amazon Warriors,DM Bravo,T Webster,R Shepherd,1,0,,,,,,,,,
1227880,2020,2020-08-27,"Queen's Park Oval, Port of Spain",2,9.3,Trinbago Knight Riders,Guyana Amazon Warriors,T Webster,DM Bravo,R Shepherd,4,0,,,,,,,,,
1227880,2020,2020-08-27,"Queen's Park Oval, Port of Spain",2,9.4,Trinbago Knight Riders,Guyana Amazon Warriors,T Webster,DM Bravo,R Shepherd,0,0,,,,,,,,,
1227880,2020,2020-08-27,"Queen's Park Oval, Port of Spain",2,9.5,Trinbago Knight Riders,Guyana Amazon Warriors,T Webster,DM Bravo,R Shepherd,0,0,,,,,,,,,
1227880,2020,2020-08-27,"Queen's Park Oval, Port of Spain",2,9.6,Trinbago Knight Riders,Guyana Amazon Warriors,T Webster,DM Bravo,R Shepherd,0,0,,,,,,,,,
1227880,2020,2020-08-27,"Queen's Park Oval, Port of Spain",2,10.1,Trinbago Knight Riders,Guyana Amazon Warriors,DM Bravo,T Webster,CJ Green,1,0,,,,,,,,,
1227880,2020,2020-08-27,"Queen's Park Oval, Port of Spain",2,10.2,Trinbago Knight Riders,Guyana Amazon Warriors,T Webster,DM Bravo,CJ Green,0,0,,,,,,caught,T Webster,,
1227880,2020,2020-08-27,"Queen's Park Oval, Port of Spain",2,10.3,Trinbago Knight Riders,Guyana Amazon Warriors,TL Seifert,DM Bravo,CJ Green,1,0,,,,,,,,,
1227880,2020,2020-08-27,"Queen's Park Oval, Port of Spain",2,10.4,Trinbago Knight Riders,Guyana Amazon Warriors,DM Bravo,TL Seifert,CJ Green,0,0,,,,,,,,,
1227880,2020,2020-08-27,"Queen's Park Oval, Port of Spain",2,10.5,Trinbago Knight Riders,Guyana Amazon Warriors,DM Bravo,TL Seifert,CJ Green,1,0,,,,,,,,,
1227880,2020,2020-08-27,"Queen's Park Oval, Port of Spain",2,10.6,Trinbago Knight Riders,Guyana Amazon Warriors,TL Seifert,DM Bravo,CJ Green,0,0,,,,,,,,,
1227880,2020,2020-08-27,"Queen's Park Oval, Port of Spain",2,11.1,Trinbago Knight Riders,Guyana Amazon Warriors,DM Bravo,TL Seifert,KMA Paul,1,0,,,,,,,,,
1227880,2020,2020-08-27,"Queen's Park Oval, Port of Spain",2,11.2,Trinbago Knight Riders,Guyana Amazon Warriors,TL Seifert,DM Bravo,KMA Paul,1,0,,,,,,,,,
1227880,2020,2020-08-27,"Queen's Park Oval, Port of Spain",2,11.3,Trinbago Knight Riders,Guyana Amazon Warriors,DM Bravo,TL Seifert,KMA Paul,1,0,,,,,,,,,
1227880,2020,2020-08-27,"Queen's Park Oval, Port of Spain",2,11.4,Trinbago Knight Riders,Guyana Amazon Warriors,TL Seifert,DM Bravo,KMA Paul,0,0,,,,,,,,,
1227880,2020,2020-08-27,"Queen's Park Oval, Port of Spain",2,11.5,Trinbago Knight Riders,Guyana Amazon Warriors,TL Seifert,DM Bravo,KMA Paul,0,0,,,,,,,,,
1227880,2020,2020-08-27,"Queen's Park Oval, Port of Spain",2,11.6,Trinbago Knight Riders,Guyana Amazon Warriors,TL Seifert,DM Bravo,KMA Paul,4,0,,,,,,,,,
1227880,2020,2020-08-27,"Queen's Park Oval, Port of Spain",2,12.1,Trinbago Knight Riders,Guyana Amazon Warriors,DM Bravo,TL Seifert,Naveen-ul-Haq,0,0,,,,,,,,,
1227880,2020,2020-08-27,"Queen's Park Oval, Port of Spain",2,12.2,Trinbago Knight Riders,Guyana Amazon Warriors,DM Bravo,TL Seifert,Naveen-ul-Haq,2,0,,,,,,,,,
1227880,2020,2020-08-27,"Queen's Park Oval, Port of Spain",2,12.3,Trinbago Knight Riders,Guyana Amazon Warriors,DM Bravo,TL Seifert,Naveen-ul-Haq,0,0,,,,,,,,,
1227880,2020,2020-08-27,"Queen's Park Oval, Port of Spain",2,12.4,Trinbago Knight Riders,Guyana Amazon Warriors,DM Bravo,TL Seifert,Naveen-ul-Haq,1,0,,,,,,,,,
1227880,2020,2020-08-27,"Queen's Park Oval, Port of Spain",2,12.5,Trinbago Knight Riders,Guyana Amazon Warriors,TL Seifert,DM Bravo,Naveen-ul-Haq,0,0,,,,,,,,,
1227880,2020,2020-08-27,"Queen's Park Oval, Port of Spain",2,12.6,Trinbago Knight Riders,Guyana Amazon Warriors,TL Seifert,DM Bravo,Naveen-ul-Haq,1,0,,,,,,,,,
1227880,2020,2020-08-27,"Queen's Park Oval, Port of Spain",2,13.1,Trinbago Knight Riders,Guyana Amazon Warriors,TL Seifert,DM Bravo,R Shepherd,2,0,,,,,,,,,
1227880,2020,2020-08-27,"Queen's Park Oval, Port of Spain",2,13.2,Trinbago Knight Riders,Guyana Amazon Warriors,TL Seifert,DM Bravo,R Shepherd,2,0,,,,,,,,,
1227880,2020,2020-08-27,"Queen's Park Oval, Port of Spain",2,13.3,Trinbago Knight Riders,Guyana Amazon Warriors,TL Seifert,DM Bravo,R Shepherd,0,0,,,,,,,,,
1227880,2020,2020-08-27,"Queen's Park Oval, Port of Spain",2,13.4,Trinbago Knight Riders,Guyana Amazon Warriors,TL Seifert,DM Bravo,R Shepherd,4,0,,,,,,,,,
1227880,2020,2020-08-27,"Queen's Park Oval, Port of Spain",2,13.5,Trinbago Knight Riders,Guyana Amazon Warriors,TL Seifert,DM Bravo,R Shepherd,0,1,,,,1,,,,,
1227880,2020,2020-08-27,"Queen's Park Oval, Port of Spain",2,13.6,Trinbago Knight Riders,Guyana Amazon Warriors,DM Bravo,TL Seifert,R Shepherd,4,0,,,,,,,,,
1227880,2020,2020-08-27,"Queen's Park Oval, Port of Spain",2,14.1,Trinbago Knight Riders,Guyana Amazon Warriors,TL Seifert,DM Bravo,Imran Tahir,0,0,,,,,,,,,
1227880,2020,2020-08-27,"Queen's Park Oval, Port of Spain",2,14.2,Trinbago Knight Riders,Guyana Amazon Warriors,TL Seifert,DM Bravo,Imran Tahir,0,0,,,,,,,,,
1227880,2020,2020-08-27,"Queen's Park Oval, Port of Spain",2,14.3,Trinbago Knight Riders,Guyana Amazon Warriors,TL Seifert,DM Bravo,Imran Tahir,1,0,,,,,,,,,
1227880,2020,2020-08-27,"Queen's Park Oval, Port of Spain",2,14.4,Trinbago Knight Riders,Guyana Amazon Warriors,DM Bravo,TL Seifert,Imran Tahir,0,0,,,,,,,,,
1227880,2020,2020-08-27,"Queen's Park Oval, Port of Spain",2,14.5,Trinbago Knight Riders,Guyana Amazon Warriors,DM Bravo,TL Seifert,Imran Tahir,1,0,,,,,,,,,
1227880,2020,2020-08-27,"Queen's Park Oval, Port of Spain",2,14.6,Trinbago Knight Riders,Guyana Amazon Warriors,TL Seifert,DM Bravo,Imran Tahir,0,0,,,,,,,,,
1227880,2020,2020-08-27,"Queen's Park Oval, Port of Spain",2,15.1,Trinbago Knight Riders,Guyana Amazon Warriors,DM Bravo,TL Seifert,KMA Paul,1,0,,,,,,,,,
1227880,2020,2020-08-27,"Queen's Park Oval, Port of Spain",2,15.2,Trinbago Knight Riders,Guyana Amazon Warriors,TL Seifert,DM Bravo,KMA Paul,0,1,1,,,,,,,,
1227880,2020,2020-08-27,"Queen's Park Oval, Port of Spain",2,15.3,Trinbago Knight Riders,Guyana Amazon Warriors,TL Seifert,DM Bravo,KMA Paul,0,0,,,,,,,,,
1227880,2020,2020-08-27,"Queen's Park Oval, Port of Spain",2,15.4,Trinbago Knight Riders,Guyana Amazon Warriors,TL Seifert,DM Bravo,KMA Paul,2,0,,,,,,,,,
1227880,2020,2020-08-27,"Queen's Park Oval, Port of Spain",2,15.5,Trinbago Knight Riders,Guyana Amazon Warriors,TL Seifert,DM Bravo,KMA Paul,0,0,,,,,,,,,
1227880,2020,2020-08-27,"Queen's Park Oval, Port of Spain",2,15.6,Trinbago Knight Riders,Guyana Amazon Warriors,TL Seifert,DM Bravo,KMA Paul,1,0,,,,,,,,,
1227880,2020,2020-08-27,"Queen's Park Oval, Port of Spain",2,15.7,Trinbago Knight Riders,Guyana Amazon Warriors,DM Bravo,TL Seifert,KMA Paul,1,0,,,,,,,,,
1227880,2020,2020-08-27,"Queen's Park Oval, Port of Spain",2,16.1,Trinbago Knight Riders,Guyana Amazon Warriors,DM Bravo,TL Seifert,Naveen-ul-Haq,1,0,,,,,,,,,
1227880,2020,2020-08-27,"Queen's Park Oval, Port of Spain",2,16.2,Trinbago Knight Riders,Guyana Amazon Warriors,TL Seifert,DM Bravo,Naveen-ul-Haq,0,0,,,,,,,,,
1227880,2020,2020-08-27,"Queen's Park Oval, Port of Spain",2,16.3,Trinbago Knight Riders,Guyana Amazon Warriors,TL Seifert,DM Bravo,Naveen-ul-Haq,1,0,,,,,,,,,
1227880,2020,2020-08-27,"Queen's Park Oval, Port of Spain",2,16.4,Trinbago Knight Riders,Guyana Amazon Warriors,DM Bravo,TL Seifert,Naveen-ul-Haq,1,0,,,,,,,,,
1227880,2020,2020-08-27,"Queen's Park Oval, Port of Spain",2,16.5,Trinbago Knight Riders,Guyana Amazon Warriors,TL Seifert,DM Bravo,Naveen-ul-Haq,1,0,,,,,,,,,
1227880,2020,2020-08-27,"Queen's Park Oval, Port of Spain",2,16.6,Trinbago Knight Riders,Guyana Amazon Warriors,DM Bravo,TL Seifert,Naveen-ul-Haq,6,0,,,,,,,,,
1227880,2020,2020-08-27,"Queen's Park Oval, Port of Spain",2,17.1,Trinbago Knight Riders,Guyana Amazon Warriors,TL Seifert,DM Bravo,Imran Tahir,6,0,,,,,,,,,
1227880,2020,2020-08-27,"Queen's Park Oval, Port of Spain",2,17.2,Trinbago Knight Riders,Guyana Amazon Warriors,TL Seifert,DM Bravo,Imran Tahir,1,0,,,,,,,,,
1227880,2020,2020-08-27,"Queen's Park Oval, Port of Spain",2,17.3,Trinbago Knight Riders,Guyana Amazon Warriors,DM Bravo,TL Seifert,Imran Tahir,0,0,,,,,,,,,
1227880,2020,2020-08-27,"Queen's Park Oval, Port of Spain",2,17.4,Trinbago Knight Riders,Guyana Amazon Warriors,DM Bravo,TL Seifert,Imran Tahir,1,0,,,,,,,,,
1227880,2020,2020-08-27,"Queen's Park Oval, Port of Spain",2,17.5,Trinbago Knight Riders,Guyana Amazon Warriors,TL Seifert,DM Bravo,Imran Tahir,2,0,,,,,,,,,
1227880,2020,2020-08-27,"Queen's Park Oval, Port of Spain",2,17.6,Trinbago Knight Riders,Guyana Amazon Warriors,TL Seifert,DM Bravo,Imran Tahir,1,0,,,,,,,,,
1227880,2020,2020-08-27,"Queen's Park Oval, Port of Spain",2,18.1,Trinbago Knight Riders,Guyana Amazon Warriors,TL Seifert,DM Bravo,KMA Paul,4,0,,,,,,,,,
1227880,2020,2020-08-27,"Queen's Park Oval, Port of Spain",2,18.2,Trinbago Knight Riders,Guyana Amazon Warriors,TL Seifert,DM Bravo,KMA Paul,4,0,,,,,,,,,
