match_id,season,start_date,venue,innings,ball,batting_team,bowling_team,striker,non_striker,bowler,runs_off_bat,extras,wides,noballs,byes,legbyes,penalty,wicket_type,player_dismissed,other_wicket_type,other_player_dismissed
1269704,2021,2021-08-28,"Warner Park, Basseterre, St Kitts",1,0.1,Guyana Amazon Warriors,St Kitts and Nevis Patriots,BA King,C Hemraj,SS Cottrell,0,0,,,,,,,,,
1269704,2021,2021-08-28,"Warner Park, Basseterre, St Kitts",1,0.2,Guyana Amazon Warriors,St Kitts and Nevis Patriots,BA King,C Hemraj,SS Cottrell,2,0,,,,,,,,,
1269704,2021,2021-08-28,"Warner Park, Basseterre, St Kitts",1,0.3,Guyana Amazon Warriors,St Kitts and Nevis Patriots,BA King,C Hemraj,SS Cottrell,0,1,1,,,,,,,,
1269704,2021,2021-08-28,"Warner Park, Basseterre, St Kitts",1,0.4,Guyana Amazon Warriors,St Kitts and Nevis Patriots,BA King,C Hemraj,SS Cottrell,0,0,,,,,,,,,
1269704,2021,2021-08-28,"Warner Park, Basseterre, St Kitts",1,0.5,Guyana Amazon Warriors,St Kitts and Nevis Patriots,BA King,C Hemraj,SS Cottrell,0,0,,,,,,,,,
1269704,2021,2021-08-28,"Warner Park, Basseterre, St Kitts",1,0.6,Guyana Amazon Warriors,St Kitts and Nevis Patriots,BA King,C Hemraj,SS Cottrell,4,0,,,,,,,,,
1269704,2021,2021-08-28,"Warner Park, Basseterre, St Kitts",1,0.7,Guyana Amazon Warriors,St Kitts and Nevis Patriots,BA King,C Hemraj,SS Cottrell,0,0,,,,,,,,,
1269704,2021,2021-08-28,"Warner Park, Basseterre, St Kitts",1,1.1,Guyana Amazon Warriors,St Kitts and Nevis Patriots,C Hemraj,BA King,PA van Meekeren,1,0,,,,,,,,,
1269704,2021,2021-08-28,"Warner Park, Basseterre, St Kitts",1,1.2,Guyana Amazon Warriors,St Kitts and Nevis Patriots,BA King,C Hemraj,PA van Meekeren,0,0,,,,,,,,,
1269704,2021,2021-08-28,"Warner Park, Basseterre, St Kitts",1,1.3,Guyana Amazon Warriors,St Kitts and Nevis Patriots,BA King,C Hemraj,PA van Meekeren,4,0,,,,,,,,,
1269704,2021,2021-08-28,"Warner Park, Basseterre, St Kitts",1,1.4,Guyana Amazon Warriors,St Kitts and Nevis Patriots,BA King,C Hemraj,PA van Meekeren,1,0,,,,,,,,,
1269704,2021,2021-08-28,"Warner Park, Basseterre, St Kitts",1,1.5,Guyana Amazon Warriors,St Kitts and Nevis Patriots,C Hemraj,BA King,PA van Meekeren,0,0,,,,,,,,,
1269704,2021,2021-08-28,"Warner Park, Basseterre, St Kitts",1,1.6,Guyana Amazon Warriors,St Kitts and Nevis Patriots,C Hemraj,BA King,PA van Meekeren,0,0,,,,,,,,,
1269704,2021,2021-08-28,"Warner Park, Basseterre, St Kitts",1,2.1,Guyana Amazon Warriors,St Kitts and Nevis Patriots,BA King,C Hemraj,SS Cottrell,0,0,,,,,,caught,BA King,,
1269704,2021,2021-08-28,"Warner Park, Basseterre, St Kitts",1,2.2,Guyana Amazon Warriors,St Kitts and Nevis Patriots,C Hemraj,OF Smith,SS Cottrell,0,0,,,,,,,,,
1269704,2021,2021-08-28,"Warner Park, Basseterre, St Kitts",1,2.3,Guyana Amazon Warriors,St Kitts and Nevis Patriots,C Hemraj,OF Smith,SS Cottrell,0,0,,,,,,,,,
1269704,2021,2021-08-28,"Warner Park, Basseterre, St Kitts",1,2.4,Guyana Amazon Warriors,St Kitts and Nevis Patriots,C Hemraj,OF Smith,SS Cottrell,1,0,,,,,,,,,
1269704,2021,2021-08-28,"Warner Park, Basseterre, St Kitts",1,2.5,Guyana Amazon Warriors,St Kitts and Nevis Patriots,OF Smith,C Hemraj,SS Cottrell,0,0,,,,,,,,,
1269704,2021,2021-08-28,"Warner Park, Basseterre, St Kitts",1,2.6,Guyana Amazon Warriors,St Kitts and Nevis Patriots,OF Smith,C Hemraj,SS Cottrell,0,0,,,,,,,,,
1269704,2021,2021-08-28,"Warner Park, Basseterre, St Kitts",1,3.1,Guyana Amazon Warriors,St Kitts and Nevis Patriots,C Hemraj,OF Smith,PA van Meekeren,2,0,,,,,,,,,
1269704,2021,2021-08-28,"Warner Park, Basseterre, St Kitts",1,3.2,Guyana Amazon Warriors,St Kitts and Nevis Patriots,C Hemraj,OF Smith,PA van Meekeren,1,0,,,,,,,,,
1269704,2021,2021-08-28,"Warner Park, Basseterre, St Kitts",1,3.3,Guyana Amazon Warriors,St Kitts and Nevis Patriots,OF Smith,C Hemraj,PA van Meekeren,0,1,1,,,,,,,,
1269704,2021,2021-08-28,"Warner Park, Basseterre, St Kitts",1,3.4,Guyana Amazon Warriors,St Kitts and Nevis Patriots,OF Smith,C Hemraj,PA van Meekeren,0,0,,,,,,,,,
1269704,2021,2021-08-28,"Warner Park, Basseterre, St Kitts",1,3.5,Guyana Amazon Warriors,St Kitts and Nevis Patriots,OF Smith,C Hemraj,PA van Meekeren,0,0,,,,,,,,,
1269704,2021,2021-08-28,"Warner Park, Basseterre, St Kitts",1,3.6,Guyana Amazon Warriors,St Kitts and Nevis Patriots,OF Smith,C Hemraj,PA van Meekeren,0,0,,,,,,,,,
1269704,2021,2021-08-28,"Warner Park, Basseterre, St Kitts",1,3.7,Guyana Amazon Warriors,St Kitts and Nevis Patriots,OF Smith,C Hemraj,PA van Meekeren,0,0,,,,,,,,,
1269704,2021,2021-08-28,"Warner Park, Basseterre, St Kitts",1,4.1,Guyana Amazon Warriors,St Kitts and Nevis Patriots,C Hemraj,OF Smith,DC Drakes,1,0,,,,,,,,,
1269704,2021,2021-08-28,"Warner Park, Basseterre, St Kitts",1,4.2,Guyana Amazon Warriors,St Kitts and Nevis Patriots,OF Smith,C Hemraj,DC Drakes,0,0,,,,,,caught,OF Smith,,
1269704,2021,2021-08-28,"Warner Park, Basseterre, St Kitts",1,4.3,Guyana Amazon Warriors,St Kitts and Nevis Patriots,Shoaib Malik,C Hemraj,DC Drakes,0,0,,,,,,,,,
1269704,2021,2021-08-28,"Warner Park, Basseterre, St Kitts",1,4.4,Guyana Amazon Warriors,St Kitts and Nevis Patriots,Shoaib Malik,C Hemraj,DC Drakes,0,0,,,,,,,,,
1269704,2021,2021-08-28,"Warner Park, Basseterre, St Kitts",1,4.5,Guyana Amazon Warriors,St Kitts and Nevis Patriots,Shoaib Malik,C Hemraj,DC Drakes,2,0,,,,,,,,,
1269704,2021,2021-08-28,"Warner Park, Basseterre, St Kitts",1,4.6,Guyana Amazon Warriors,St Kitts and Nevis Patriots,Shoaib Malik,C Hemraj,DC Drakes,1,0,,,,,,,,,
1269704,2021,2021-08-28,"Warner Park, Basseterre, St Kitts",1,5.1,Guyana Amazon Warriors,St Kitts and Nevis Patriots,Shoaib Malik,C Hemraj,PA van Meekeren,0,0,,,,,,,,,
1269704,2021,2021-08-28,"Warner Park, Basseterre, St Kitts",1,5.2,Guyana Amazon Warriors,St Kitts and Nevis Patriots,Shoaib Malik,C Hemraj,PA van Meekeren,0,0,,,,,,,,,
1269704,2021,2021-08-28,"Warner Park, Basseterre, St Kitts",1,5.3,Guyana Amazon Warriors,St Kitts and Nevis Patriots,Shoaib Malik,C Hemraj,PA van Meekeren,0,0,,,,,,,,,
1269704,2021,2021-08-28,"Warner Park, Basseterre, St Kitts",1,5.4,Guyana Amazon Warriors,St Kitts and Nevis Patriots,Shoaib Malik,C Hemraj,PA van Meekeren,1,0,,,,,,,,,
1269704,2021,2021-08-28,"Warner Park, Basseterre, St Kitts",1,5.5,Guyana Amazon Warriors,St Kitts and Nevis Patriots,C Hemraj,Shoaib Malik,PA van Meekeren,6,0,,,,,,,,,
1269704,2021,2021-08-28,"Warner Park, Basseterre, St Kitts",1,5.6,Guyana Amazon Warriors,St Kitts and Nevis Patriots,C Hemraj,Shoaib Malik,PA van Meekeren,2,0,,,,,,,,,
1269704,2021,2021-08-28,"Warner Park, Basseterre, St Kitts",1,6.1,Guyana Amazon Warriors,St Kitts and Nevis Patriots,Shoaib Malik,C Hemraj,DC Drakes,0,0,,,,,,,,,
1269704,2021,2021-08-28,"Warner Park, Basseterre, St Kitts",1,6.2,Guyana Amazon Warriors,St Kitts and Nevis Patriots,Shoaib Malik,C Hemraj,DC Drakes,0,0,,,,,,,,,
1269704,2021,2021-08-28,"Warner Park, Basseterre, St Kitts",1,6.3,Guyana Amazon Warriors,St Kitts and Nevis Patriots,Shoaib Malik,C Hemraj,DC Drakes,1,0,,,,,,,,,
1269704,2021,2021-08-28,"Warner Park, Basseterre, St Kitts",1,6.4,Guyana Amazon Warriors,St Kitts and Nevis Patriots,C Hemraj,Shoaib Malik,DC Drakes,0,1,1,,,,,,,,
1269704,2021,2021-08-28,"Warner Park, Basseterre, St Kitts",1,6.5,Guyana Amazon Warriors,St Kitts and Nevis Patriots,C Hemraj,Shoaib Malik,DC Drakes,1,0,,,,,,,,,
1269704,2021,2021-08-28,"Warner Park, Basseterre, St Kitts",1,6.6,Guyana Amazon Warriors,St Kitts and Nevis Patriots,Shoaib Malik,C Hemraj,DC Drakes,0,0,,,,,,caught,Shoaib Malik,,
1269704,2021,2021-08-28,"Warner Park, Basseterre, St Kitts",1,6.7,Guyana Amazon Warriors,St Kitts and Nevis Patriots,SO Hetmyer,C Hemraj,DC Drakes,0,0,,,,,,,,,
1269704,2021,2021-08-28,"Warner Park, Basseterre, St Kitts",1,7.1,Guyana Amazon Warriors,St Kitts and Nevis Patriots,C Hemraj,SO Hetmyer,Fawad Ahmed,0,1,1,,,,,,,,
1269704,2021,2021-08-28,"Warner Park, Basseterre, St Kitts",1,7.2,Guyana Amazon Warriors,St Kitts and Nevis Patriots,C Hemraj,SO Hetmyer,Fawad Ahmed,0,0,,,,,,,,,
1269704,2021,2021-08-28,"Warner Park, Basseterre, St Kitts",1,7.3,Guyana Amazon Warriors,St Kitts and Nevis Patriots,C Hemraj,SO Hetmyer,Fawad Ahmed,6,0,,,,,,,,,
1269704,2021,2021-08-28,"Warner Park, Basseterre, St Kitts",1,7.4,Guyana Amazon Warriors,St Kitts and Nevis Patriots,C Hemraj,SO Hetmyer,Fawad Ahmed,0,0,,,,,,,,,
1269704,2021,2021-08-28,"Warner Park, Basseterre, St Kitts",1,7.5,Guyana Amazon Warriors,St Kitts and Nevis Patriots,C Hemraj,SO Hetmyer,Fawad Ahmed,1,0,,,,,,,,,
1269704,2021,2021-08-28,"Warner Park, Basseterre, St Kitts",1,7.6,Guyana Amazon Warriors,St Kitts and Nevis Patriots,SO Hetmyer,C Hemraj,Fawad Ahmed,1,0,,,,,,,,,
1269704,2021,2021-08-28,"Warner Park, Basseterre, St Kitts",1,7.7,Guyana Amazon Warriors,St Kitts and Nevis Patriots,C Hemraj,SO Hetmyer,Fawad Ahmed,0,0,,,,,,,,,
1269704,2021,2021-08-28,"Warner Park, Basseterre, St Kitts",1,8.1,Guyana Amazon Warriors,St Kitts and Nevis Patriots,SO Hetmyer,C Hemraj,FA Allen,2,0,,,,,,,,,
1269704,2021,2021-08-28,"Warner Park, Basseterre, St Kitts",1,8.2,Guyana Amazon Warriors,St Kitts and Nevis Patriots,SO Hetmyer,C Hemraj,FA Allen,1,0,,,,,,,,,
1269704,2021,2021-08-28,"Warner Park, Basseterre, St Kitts",1,8.3,Guyana Amazon Warriors,St Kitts and Nevis Patriots,C Hemraj,SO Hetmyer,FA Allen,1,0,,,,,,,,,
1269704,2021,2021-08-28,"Warner Park, Basseterre, St Kitts",1,8.4,Guyana Amazon Warriors,St Kitts and Nevis Patriots,SO Hetmyer,C Hemraj,FA Allen,0,2,2,,,,,,,,
1269704,2021,2021-08-28,"Warner Park, Basseterre, St Kitts",1,8.5,Guyana Amazon Warriors,St Kitts and Nevis Patriots,C Hemraj,SO Hetmyer,FA Allen,4,0,,,,,,,,,
1269704,2021,2021-08-28,"Warner Park, Basseterre, St Kitts",1,8.6,Guyana Amazon Warriors,St Kitts and Nevis Patriots,C Hemraj,SO Hetmyer,FA Allen,6,0,,,,,,,,,
1269704,2021,2021-08-28,"Warner Park, Basseterre, St Kitts",1,8.7,Guyana Amazon Warriors,St Kitts and Nevis Patriots,C Hemraj,SO Hetmyer,FA Allen,0,5,5,,,,,,,,
1269704,2021,2021-08-28,"Warner Park, Basseterre, St Kitts",1,8.8,Guyana Amazon Warriors,St Kitts and Nevis Patriots,C Hemraj,SO Hetmyer,FA Allen,1,0,,,,,,,,,
1269704,2021,2021-08-28,"Warner Park, Basseterre, St Kitts",1,9.1,Guyana Amazon Warriors,St Kitts and Nevis Patriots,C Hemraj,SO Hetmyer,DJ Bravo,0,1,1,,,,,,,,
1269704,2021,2021-08-28,"Warner Park, Basseterre, St Kitts",1,9.2,Guyana Amazon Warriors,St Kitts and Nevis Patriots,C Hemraj,SO Hetmyer,DJ Bravo,0,0,,,,,,,,,
1269704,2021,2021-08-28,"Warner Park, Basseterre, St Kitts",1,9.3,Guyana Amazon Warriors,St Kitts and Nevis Patriots,C Hemraj,SO Hetmyer,DJ Bravo,1,0,,,,,,,,,
1269704,2021,2021-08-28,"Warner Park, Basseterre, St Kitts",1,9.4,Guyana Amazon Warriors,St Kitts and Nevis Patriots,SO Hetmyer,C Hemraj,DJ Bravo,0,0,,,,,,bowled,SO Hetmyer,,
1269704,2021,2021-08-28,"Warner Park, Basseterre, St Kitts",1,9.5,Guyana Amazon Warriors,St Kitts and Nevis Patriots,Mohammad Hafeez,C Hemraj,DJ Bravo,1,0,,,,,,,,,
1269704,2021,2021-08-28,"Warner Park, Basseterre, St Kitts",1,9.6,Guyana Amazon Warriors,St Kitts and Nevis Patriots,C Hemraj,Mohammad Hafeez,DJ Bravo,0,0,,,,,,,,,
1269704,2021,2021-08-28,"Warner Park, Basseterre, St Kitts",1,9.7,Guyana Amazon Warriors,St Kitts and Nevis Patriots,C Hemraj,Mohammad Hafeez,DJ Bravo,0,1,1,,,,,,,,
1269704,2021,2021-08-28,"Warner Park, Basseterre, St Kitts",1,9.8,Guyana Amazon Warriors,St Kitts and Nevis Patriots,C Hemraj,Mohammad Hafeez,DJ Bravo,1,0,,,,,,,,,
1269704,2021,2021-08-28,"Warner Park, Basseterre, St Kitts",1,10.1,Guyana Amazon Warriors,St Kitts and Nevis Patriots,C Hemraj,Mohammad Hafeez,FA Allen,1,0,,,,,,,,,
1269704,2021,2021-08-28,"Warner Park, Basseterre, St Kitts",1,10.2,Guyana Amazon Warriors,St Kitts and Nevis Patriots,Mohammad Hafeez,C Hemraj,FA Allen,0,0,,,,,,,,,
1269704,2021,2021-08-28,"Warner Park, Basseterre, St Kitts",1,10.3,Guyana Amazon Warriors,St Kitts and Nevis Patriots,Mohammad Hafeez,C Hemraj,FA Allen,1,0,,,,,,,,,
1269704,2021,2021-08-28,"Warner Park, Basseterre, St Kitts",1,10.4,Guyana Amazon Warriors,St Kitts and Nevis Patriots,C Hemraj,Mohammad Hafeez,FA Allen,0,0,,,,,,,,,
1269704,2021,2021-08-28,"Warner Park, Basseterre, St Kitts",1,10.5,Guyana Amazon Warriors,St Kitts and Nevis Patriots,C Hemraj,Mohammad Hafeez,FA Allen,1,0,,,,,,,,,
1269704,2021,2021-08-28,"Warner Park, Basseterre, St Kitts",1,10.6,Guyana Amazon Warriors,St Kitts and Nevis Patriots,Mohammad Hafeez,C Hemraj,FA Allen,0,0,,,,,,,,,
1269704,2021,2021-08-28,"Warner Park, Basseterre, St Kitts",1,11.1,Guyana Amazon Warriors,St Kitts and Nevis Patriots,C Hemraj,Mohammad Hafeez,Fawad Ahmed,1,0,,,,,,,,,
1269704,2021,2021-08-28,"Warner Park, Basseterre, St Kitts",1,11.2,Guyana Amazon Warriors,St Kitts and Nevis Patriots,Mohammad Hafeez,C Hemraj,Fawad Ahmed,0,0,,,,,,,,,
1269704,2021,2021-08-28,"Warner Park, Basseterre, St Kitts",1,11.3,Guyana Amazon Warriors,St Kitts and Nevis Patriots,Mohammad Hafeez,C Hemraj,Fawad Ahmed,1,0,,,,,,,,,
1269704,2021,2021-08-28,"Warner Park, Basseterre, St Kitts",1,11.4,Guyana Amazon Warriors,St Kitts and Nevis Patriots,C Hemraj,Mohammad Hafeez,Fawad Ahmed,0,0,,,,,,caught,C Hemraj,,
1269704,2021,2021-08-28,"Warner Park, Basseterre, St Kitts",1,11.5,Guyana Amazon Warriors,St Kitts and Nevis Patriots,Mohammad Hafeez,N Pooran,Fawad Ahmed,1,0,,,,,,,,,
1269704,2021,2021-08-28,"Warner Park, Basseterre, St Kitts",1,11.6,Guyana Amazon Warriors,St Kitts and Nevis Patriots,N Pooran,Mohammad Hafeez,Fawad Ahmed,0,0,,,,,,,,,
1269704,2021,2021-08-28,"Warner Park, Basseterre, St Kitts",1,12.1,Guyana Amazon Warriors,St Kitts and Nevis Patriots,Mohammad Hafeez,N Pooran,FA Allen,0,0,,,,,,,,,
1269704,2021,2021-08-28,"Warner Park, Basseterre, St Kitts",1,12.2,Guyana Amazon Warriors,St Kitts and Nevis Patriots,Mohammad Hafeez,N Pooran,FA Allen,1,0,,,,,,,,,
1269704,2021,2021-08-28,"Warner Park, Basseterre, St Kitts",1,12.3,Guyana Amazon Warriors,St Kitts and Nevis Patriots,N Pooran,Mohammad Hafeez,FA Allen,2,0,,,,,,,,,
1269704,2021,2021-08-28,"Warner Park, Basseterre, St Kitts",1,12.4,Guyana Amazon Warriors,St Kitts and Nevis Patriots,N Pooran,Mohammad Hafeez,FA Allen,1,0,,,,,,,,,
1269704,2021,2021-08-28,"Warner Park, Basseterre, St Kitts",1,12.5,Guyana Amazon Warriors,St Kitts and Nevis Patriots,Mohammad Hafeez,N Pooran,FA Allen,1,0,,,,,,,,,
1269704,2021,2021-08-28,"Warner Park, Basseterre, St Kitts",1,12.6,Guyana Amazon Warriors,St Kitts and Nevis Patriots,N Pooran,Mohammad Hafeez,FA Allen,1,0,,,,,,,,,
1269704,2021,2021-08-28,"Warner Park, Basseterre, St Kitts",1,13.1,Guyana Amazon Warriors,St Kitts and Nevis Patriots,N Pooran,Mohammad Hafeez,Fawad Ahmed,6,0,,,,,,,,,
1269704,2021,2021-08-28,"Warner Park, Basseterre, St Kitts",1,13.2,Guyana Amazon Warriors,St Kitts and Nevis Patriots,N Pooran,Mohammad Hafeez,Fawad Ahmed,1,0,,,,,,,,,
1269704,2021,2021-08-28,"Warner Park, Basseterre, St Kitts",1,13.3,Guyana Amazon Warriors,St Kitts and Nevis Patriots,Mohammad Hafeez,N Pooran,Fawad Ahmed,1,0,,,,,,,,,
1269704,2021,2021-08-28,"Warner Park, Basseterre, St Kitts",1,13.4,Guyana Amazon Warriors,St Kitts and Nevis Patriots,N Pooran,Mohammad Hafeez,Fawad Ahmed,0,0,,,,,,,,,
1269704,2021,2021-08-28,"Warner Park, Basseterre, St Kitts",1,13.5,Guyana Amazon Warriors,St Kitts and Nevis Patriots,N Pooran,Mohammad Hafeez,Fawad Ahmed,6,0,,,,,,,,,
1269704,2021,2021-08-28,"Warner Park, Basseterre, St Kitts",1,13.6,Guyana Amazon Warriors,St Kitts and Nevis Patriots,N Pooran,Mohammad Hafeez,Fawad Ahmed,6,0,,,,,,,,,
1269704,2021,2021-08-28,"Warner Park, Basseterre, St Kitts",1,14.1,Guyana Amazon Warriors,St Kitts and Nevis Patriots,Mohammad Hafeez,N Pooran,FA Allen,0,0,,,,,,,,,
1269704,2021,2021-08-28,"Warner Park, Basseterre, St Kitts",1,14.2,Guyana Amazon Warriors,St Kitts and Nevis Patriots,Mohammad Hafeez,N Pooran,FA Allen,1,0,,,,,,,,,
1269704,2021,2021-08-28,"Warner Park, Basseterre, St Kitts",1,14.3,Guyana Amazon Warriors,St Kitts and Nevis Patriots,N Pooran,Mohammad Hafeez,FA Allen,0,0,,,,,,caught,N Pooran,,
1269704,2021,2021-08-28,"Warner Park, Basseterre, St Kitts",1,14.4,Guyana Amazon Warriors,St Kitts and Nevis Patriots,Naveen-ul-Haq,Mohammad Hafeez,FA Allen,0,0,,,,,,,,,
1269704,2021,2021-08-28,"Warner Park, Basseterre, St Kitts",1,14.5,Guyana Amazon Warriors,St Kitts and Nevis Patriots,Naveen-ul-Haq,Mohammad Hafeez,FA Allen,2,0,,,,,,,,,
1269704,2021,2021-08-28,"Warner Park, Basseterre, St Kitts",1,14.6,Guyana Amazon Warriors,St Kitts and Nevis Patriots,Naveen-ul-Haq,Mohammad Hafeez,FA Allen,2,0,,,,,,,,,
1269704,2021,2021-08-28,"Warner Park, Basseterre, St Kitts",1,15.1,Guyana Amazon Warriors,St Kitts and Nevis Patriots,Mohammad Hafeez,Naveen-ul-Haq,Fawad Ahmed,0,0,,,,,,,,,
1269704,2021,2021-08-28,"Warner Park, Basseterre, St Kitts",1,15.2,Guyana Amazon Warriors,St Kitts and Nevis Patriots,Mohammad Hafeez,Naveen-ul-Haq,Fawad Ahmed,1,0,,,,,,,,,
1269704,2021,2021-08-28,"Warner Park, Basseterre, St Kitts",1,15.3,Guyana Amazon Warriors,St Kitts and Nevis Patriots,Naveen-ul-Haq,Mohammad Hafeez,Fawad Ahmed,0,0,,,,,,,,,
1269704,2021,2021-08-28,"Warner Park, Basseterre, St Kitts",1,15.4,Guyana Amazon Warriors,St Kitts and Nevis Patriots,Naveen-ul-Haq,Mohammad Hafeez,Fawad Ahmed,0,0,,,,,,,,,
1269704,2021,2021-08-28,"Warner Park, Basseterre, St Kitts",1,15.5,Guyana Amazon Warriors,St Kitts and Nevis Patriots,Naveen-ul-Haq,Mohammad Hafeez,Fawad Ahmed,0,0,,,,,,caught,Naveen-ul-Haq,,
1269704,2021,2021-08-28,"Warner Park, Basseterre, St Kitts",1,15.6,Guyana Amazon Warriors,St Kitts and Nevis Patriots,Imran Tahir,Mohammad Hafeez,Fawad Ahmed,0,0,,,,,,,,,
1269704,2021,2021-08-28,"Warner Park, Basseterre, St Kitts",1,16.1,Guyana Amazon Warriors,St Kitts and Nevis Patriots,Mohammad Hafeez,Imran Tahir,DC Drakes,0,0,,,,,,,,,
1269704,2021,2021-08-28,"Warner Park, Basseterre, St Kitts",1,16.2,Guyana Amazon Warriors,St Kitts and Nevis Patriots,Mohammad Hafeez,Imran Tahir,DC Drakes,1,0,,,,,,,,,
1269704,2021,2021-08-28,"Warner Park, Basseterre, St Kitts",1,16.3,Guyana Amazon Warriors,St Kitts and Nevis Patriots,Imran Tahir,Mohammad Hafeez,DC Drakes,1,0,,,,,,,,,
1269704,2021,2021-08-28,"Warner Park, Basseterre, St Kitts",1,16.4,Guyana Amazon Warriors,St Kitts and Nevis Patriots,Mohammad Hafeez,Imran Tahir,DC Drakes,0,0,,,,,,,,,
1269704,2021,2021-08-28,"Warner Park, Basseterre, St Kitts",1,16.5,Guyana Amazon Warriors,St Kitts and Nevis Patriots,Mohammad Hafeez,Imran Tahir,DC Drakes,2,0,,,,,,,,,
1269704,2021,2021-08-28,"Warner Park, Basseterre, St Kitts",1,16.6,Guyana Amazon Warriors,St Kitts and Nevis Patriots,Mohammad Hafeez,Imran Tahir,DC Drakes,1,0,,,,,,,,,
1269704,2021,2021-08-28,"Warner Park, Basseterre, St Kitts",1,17.1,Guyana Amazon Warriors,St Kitts and Nevis Patriots,Mohammad Hafeez,Imran Tahir,PA van Meekeren,0,0,,,,,,,,,
1269704,2021,2021-08-28,"Warner Park, Basseterre, St Kitts",1,17.2,Guyana Amazon Warriors,St Kitts and Nevis Patriots,Mohammad Hafeez,Imran Tahir,PA van Meekeren,0,1,,,,1,,,,,
1269704,2021,2021-08-28,"Warner Park, Basseterre, St Kitts",1,17.3,Guyana Amazon Warriors,St Kitts and Nevis Patriots,Imran Tahir,Mohammad Hafeez,PA van Meekeren,1,0,,,,,,,,,
1269704,2021,2021-08-28,"Warner Park, Basseterre, St Kitts",1,17.4,Guyana Amazon Warriors,St Kitts and Nevis Patriots,Mohammad Hafeez,Imran Tahir,PA van Meekeren,0,1,,,,1,,,,,
1269704,2021,2021-08-28,"Warner Park, Basseterre, St Kitts",1,17.5,Guyana Amazon Warriors,St Kitts and Nevis Patriots,Imran Tahir,Mohammad Hafeez,PA van Meekeren,0,1,1,,,,,,,,
1269704,2021,2021-08-28,"Warner Park, Basseterre, St Kitts",1,17.6,Guyana Amazon Warriors,St Kitts and Nevis Patriots,Imran Tahir,Mohammad Hafeez,PA van Meekeren,1,0,,,,,,,,,
1269704,2021,2021-08-28,"Warner Park, Basseterre, St Kitts",1,17.7,Guyana Amazon Warriors,St Kitts and Nevis Patriots,Mohammad Hafeez,Imran Tahir,PA van Meekeren,2,0,,,,,,,,,
1269704,2021,2021-08-28,"Warner Park, Basseterre, St Kitts",1,18.1,Guyana Amazon Warriors,St Kitts and Nevis Patriots,Imran Tahir,Mohammad Hafeez,DC Drakes,1,0,,,,,,,,,
1269704,2021,2021-08-28,"Warner Park, Basseterre, St Kitts",1,18.2,Guyana Amazon Warriors,St Kitts and Nevis Patriots,Mohammad Hafeez,Imran Tahir,DC Drakes,0,0,,,,,,,,,
1269704,2021,2021-08-28,"Warner Park, Basseterre, St Kitts",1,18.3,Guyana Amazon Warriors,St Kitts and Nevis Patriots,Mohammad Hafeez,Imran Tahir,DC Drakes,6,0,,,,,,,,,
1269704,2021,2021-08-28,"Warner Park, Basseterre, St Kitts",1,18.4,Guyana Amazon Warriors,St Kitts and Nevis Patriots,Mohammad Hafeez,Imran Tahir,DC Drakes,6,0,,,,,,,,,
1269704,2021,2021-08-28,"Warner Park, Basseterre, St Kitts",1,18.5,Guyana Amazon Warriors,St Kitts and Nevis Patriots,Mohammad Hafeez,Imran Tahir,DC Drakes,1,0,,,,,,,,,
1269704,2021,2021-08-28,"Warner Park, Basseterre, St Kitts",1,18.6,Guyana Amazon Warriors,St Kitts and Nevis Patriots,Imran Tahir,Mohammad Hafeez,DC Drakes,0,0,,,,,,caught,Imran Tahir,,
1269704,2021,2021-08-28,"Warner Park, Basseterre, St Kitts",1,19.1,Guyana Amazon Warriors,St Kitts and Nevis Patriots,AR Nedd,Mohammad Hafeez,DJ Bravo,0,1,1,,,,,,,,
1269704,2021,2021-08-28,"Warner Park, Basseterre, St Kitts",1,19.2,Guyana Amazon Warriors,St Kitts and Nevis Patriots,AR Nedd,Mohammad Hafeez,DJ Bravo,0,0,,,,,,,,,
1269704,2021,2021-08-28,"Warner Park, Basseterre, St Kitts",1,19.3,Guyana Amazon Warriors,St Kitts and Nevis Patriots,AR Nedd,Mohammad Hafeez,DJ Bravo,0,0,,,,,,,,,
1269704,2021,2021-08-28,"Warner Park, Basseterre, St Kitts",1,19.4,Guyana Amazon Warriors,St Kitts and Nevis Patriots,AR Nedd,Mohammad Hafeez,DJ Bravo,1,0,,,,,,,,,
1269704,2021,2021-08-28,"Warner Park, Basseterre, St Kitts",1,19.5,Guyana Amazon Warriors,St Kitts and Nevis Patriots,Mohammad Hafeez,AR Nedd,DJ Bravo,4,0,,,,,,,,,
1269704,2021,2021-08-28,"Warner Park, Basseterre, St Kitts",1,19.6,Guyana Amazon Warriors,St Kitts and Nevis Patriots,Mohammad Hafeez,AR Nedd,DJ Bravo,4,0,,,,,,,,,
1269704,2021,2021-08-28,"Warner Park, Basseterre, St Kitts",1,19.7,Guyana Amazon Warriors,St Kitts and Nevis Patriots,Mohammad Hafeez,AR Nedd,DJ Bravo,2,0,,,,,,,,,
1269704,2021,2021-08-28,"Warner Park, Basseterre, St Kitts",2,0.1,St Kitts and Nevis Patriots,Guyana Amazon Warriors,DC Thomas,E Lewis,Mohammad Hafeez,0,0,,,,,,,,,
1269704,2021,2021-08-28,"Warner Park, Basseterre, St Kitts",2,0.2,St Kitts and Nevis Patriots,Guyana Amazon Warriors,DC Thomas,E Lewis,Mohammad Hafeez,0,0,,,,,,,,,
1269704,2021,2021-08-28,"Warner Park, Basseterre, St Kitts",2,0.3,St Kitts and Nevis Patriots,Guyana Amazon Warriors,DC Thomas,E Lewis,Mohammad Hafeez,0,0,,,,,,,,,
1269704,2021,2021-08-28,"Warner Park, Basseterre, St Kitts",2,0.4,St Kitts and Nevis Patriots,Guyana Amazon Warriors,DC Thomas,E Lewis,Mohammad Hafeez,0,0,,,,,,,,,
1269704,2021,2021-08-28,"Warner Park, Basseterre, St Kitts",2,0.5,St Kitts and Nevis Patriots,Guyana Amazon Warriors,DC Thomas,E Lewis,Mohammad Hafeez,0,1,1,,,,,,,,
1269704,2021,2021-08-28,"Warner Park, Basseterre, St Kitts",2,0.6,St Kitts and Nevis Patriots,Guyana Amazon Warriors,DC Thomas,E Lewis,Mohammad Hafeez,0,0,,,,,,,,,
1269704,2021,2021-08-28,"Warner Park, Basseterre, St Kitts",2,0.7,St Kitts and Nevis Patriots,Guyana Amazon Warriors,DC Thomas,E Lewis,Mohammad Hafeez,0,0,,,,,,,,,
1269704,2021,2021-08-28,"Warner Park, Basseterre, St Kitts",2,1.1,St Kitts and Nevis Patriots,Guyana Amazon Warriors,E Lewis,DC Thomas,Naveen-ul-Haq,1,0,,,,,,,,,
1269704,2021,2021-08-28,"Warner Park, Basseterre, St Kitts",2,1.2,St Kitts and Nevis Patriots,Guyana Amazon Warriors,DC Thomas,E Lewis,Naveen-ul-Haq,1,0,,,,,,,,,
1269704,2021,2021-08-28,"Warner Park, Basseterre, St Kitts",2,1.3,St Kitts and Nevis Patriots,Guyana Amazon Warriors,E Lewis,DC Thomas,Naveen-ul-Haq,2,0,,,,,,,,,
1269704,2021,2021-08-28,"Warner Park, Basseterre, St Kitts",2,1.4,St Kitts and Nevis Patriots,Guyana Amazon Warriors,E Lewis,DC Thomas,Naveen-ul-Haq,0,0,,,,,,,,,
1269704,2021,2021-08-28,"Warner Park, Basseterre, St Kitts",2,1.5,St Kitts and Nevis Patriots,Guyana Amazon Warriors,E Lewis,DC Thomas,Naveen-ul-Haq,0,0,,,,,,,,,
1269704,2021,2021-08-28,"Warner Park, Basseterre, St Kitts",2,1.6,St Kitts and Nevis Patriots,Guyana Amazon Warriors,E Lewis,DC Thomas,Naveen-ul-Haq,4,0,,,,,,,,,
1269704,2021,2021-08-28,"Warner Park, Basseterre, St Kitts",2,2.1,St Kitts and Nevis Patriots,Guyana Amazon Warriors,DC Thomas,E Lewis,Mohammad Hafeez,0,0,,,,,,,,,
1269704,2021,2021-08-28,"Warner Park, Basseterre, St Kitts",2,2.2,St Kitts and Nevis Patriots,Guyana Amazon Warriors,DC Thomas,E Lewis,Mohammad Hafeez,0,0,,,,,,,,,
1269704,2021,2021-08-28,"Warner Park, Basseterre, St Kitts",2,2.3,St Kitts and Nevis Patriots,Guyana Amazon Warriors,DC Thomas,E Lewis,Mohammad Hafeez,0,1,1,,,,,,,,
1269704,2021,2021-08-28,"Warner Park, Basseterre, St Kitts",2,2.4,St Kitts and Nevis Patriots,Guyana Amazon Warriors,DC Thomas,E Lewis,Mohammad Hafeez,4,0,,,,,,,,,
1269704,2021,2021-08-28,"Warner Park, Basseterre, St Kitts",2,2.5,St Kitts and Nevis Patriots,Guyana Amazon Warriors,DC Thomas,E Lewis,Mohammad Hafeez,1,0,,,,,,,,,
1269704,2021,2021-08-28,"Warner Park, Basseterre, St Kitts",2,2.6,St Kitts and Nevis Patriots,Guyana Amazon Warriors,E Lewis,DC Thomas,Mohammad Hafeez,0,0,,,,,,,,,
1269704,2021,2021-08-28,"Warner Park, Basseterre, St Kitts",2,2.7,St Kitts and Nevis Patriots,Guyana Amazon Warriors,E Lewis,DC Thomas,Mohammad Hafeez,0,0,,,,,,,,,
1269704,2021,2021-08-28,"Warner Park, Basseterre, St Kitts",2,3.1,St Kitts and Nevis Patriots,Guyana Amazon Warriors,DC Thomas,E Lewis,Naveen-ul-Haq,0,0,,,,,,,,,
1269704,2021,2021-08-28,"Warner Park, Basseterre, St Kitts",2,3.2,St Kitts and Nevis Patriots,Guyana Amazon Warriors,DC Thomas,E Lewis,Naveen-ul-Haq,0,0,,,,,,,,,
1269704,2021,2021-08-28,"Warner Park, Basseterre, St Kitts",2,3.3,St Kitts and Nevis Patriots,Guyana Amazon Warriors,DC Thomas,E Lewis,Naveen-ul-Haq,1,0,,,,,,,,,
1269704,2021,2021-08-28,"Warner Park, Basseterre, St Kitts",2,3.4,St Kitts and Nevis Patriots,Guyana Amazon Warriors,E Lewis,DC Thomas,Naveen-ul-Haq,4,0,,,,,,,,,
1269704,2021,2021-08-28,"Warner Park, Basseterre, St Kitts",2,3.5,St Kitts and Nevis Patriots,Guyana Amazon Warriors,E Lewis,DC Thomas,Naveen-ul-Haq,1,0,,,,,,,,,
1269704,2021,2021-08-28,"Warner Park, Basseterre, St Kitts",2,3.6,St Kitts and Nevis Patriots,Guyana Amazon Warriors,DC Thomas,E Lewis,Naveen-ul-Haq,0,0,,,,,,,,,
1269704,2021,2021-08-28,"Warner Park, Basseterre, St Kitts",2,4.1,St Kitts and Nevis Patriots,Guyana Amazon Warriors,E Lewis,DC Thomas,Mohammad Hafeez,4,0,,,,,,,,,
1269704,2021,2021-08-28,"Warner Park, Basseterre, St Kitts",2,4.2,St Kitts and Nevis Patriots,Guyana Amazon Warriors,E Lewis,DC Thomas,Mohammad Hafeez,1,0,,,,,,,,,
1269704,2021,2021-08-28,"Warner Park, Basseterre, St Kitts",2,4.3,St Kitts and Nevis Patriots,Guyana Amazon Warriors,DC Thomas,E Lewis,Mohammad Hafeez,2,0,,,,,,,,,
1269704,2021,2021-08-28,"Warner Park, Basseterre, St Kitts",2,4.4,St Kitts and Nevis Patriots,Guyana Amazon Warriors,DC Thomas,E Lewis,Mohammad Hafeez,0,0,,,,,,,,,
1269704,2021,2021-08-28,"Warner Park, Basseterre, St Kitts",2,4.5,St Kitts and Nevis Patriots,Guyana Amazon Warriors,DC Thomas,E Lewis,Mohammad Hafeez,0,1,1,,,,,,,,
1269704,2021,2021-08-28,"Warner Park, Basseterre, St Kitts",2,4.6,St Kitts and Nevis Patriots,Guyana Amazon Warriors,DC Thomas,E Lewis,Mohammad Hafeez,0,0,,,,,,,,,
1269704,2021,2021-08-28,"Warner Park, Basseterre, St Kitts",2,4.7,St Kitts and Nevis Patriots,Guyana Amazon Warriors,DC Thomas,E Lewis,Mohammad Hafeez,0,0,,,,,,,,,
1269704,2021,2021-08-28,"Warner Park, Basseterre, St Kitts",2,5.1,St Kitts and Nevis Patriots,Guyana Amazon Warriors,E Lewis,DC Thomas,Imran Tahir,0,0,,,,,,,,,
1269704,2021,2021-08-28,"Warner Park, Basseterre, St Kitts",2,5.2,St Kitts and Nevis Patriots,Guyana Amazon Warriors,E Lewis,DC Thomas,Imran Tahir,0,0,,,,,,,,,
1269704,2021,2021-08-28,"Warner Park, Basseterre, St Kitts",2,5.3,St Kitts and Nevis Patriots,Guyana Amazon Warriors,E Lewis,DC Thomas,Imran Tahir,6,0,,,,,,,,,
1269704,2021,2021-08-28,"Warner Park, Basseterre, St Kitts",2,5.4,St Kitts and Nevis Patriots,Guyana Amazon Warriors,E Lewis,DC Thomas,Imran Tahir,6,0,,,,,,,,,
1269704,2021,2021-08-28,"Warner Park, Basseterre, St Kitts",2,5.5,St Kitts and Nevis Patriots,Guyana Amazon Warriors,E Lewis,DC Thomas,Imran Tahir,0,0,,,,,,,,,
1269704,2021,2021-08-28,"Warner Park, Basseterre, St Kitts",2,5.6,St Kitts and Nevis Patriots,Guyana Amazon Warriors,E Lewis,DC Thomas,Imran Tahir,1,0,,,,,,,,,
1269704,2021,2021-08-28,"Warner Park, Basseterre, St Kitts",2,6.1,St Kitts and Nevis Patriots,Guyana Amazon Warriors,E Lewis,DC Thomas,Mohammad Hafeez,0,0,,,,,,,,,
1269704,2021,2021-08-28,"Warner Park, Basseterre, St Kitts",2,6.2,St Kitts and Nevis Patriots,Guyana Amazon Warriors,E Lewis,DC Thomas,Mohammad Hafeez,1,0,,,,,,,,,
1269704,2021,2021-08-28,"Warner Park, Basseterre, St Kitts",2,6.3,St Kitts and Nevis Patriots,Guyana Amazon Warriors,DC Thomas,E Lewis,Mohammad Hafeez,0,0,,,,,,,,,
1269704,2021,2021-08-28,"Warner Park, Basseterre, St Kitts",2,6.4,St Kitts and Nevis Patriots,Guyana Amazon Warriors,DC Thomas,E Lewis,Mohammad Hafeez,0,0,,,,,,,,,
1269704,2021,2021-08-28,"Warner Park, Basseterre, St Kitts",2,6.5,St Kitts and Nevis Patriots,Guyana Amazon Warriors,DC Thomas,E Lewis,Mohammad Hafeez,0,0,,,,,,,,,
1269704,2021,2021-08-28,"Warner Park, Basseterre, St Kitts",2,6.6,St Kitts and Nevis Patriots,Guyana Amazon Warriors,DC Thomas,E Lewis,Mohammad Hafeez,0,1,1,,,,,,,,
1269704,2021,2021-08-28,"Warner Park, Basseterre, St Kitts",2,6.7,St Kitts and Nevis Patriots,Guyana Amazon Warriors,DC Thomas,E Lewis,Mohammad Hafeez,1,0,,,,,,,,,
1269704,2021,2021-08-28,"Warner Park, Basseterre, St Kitts",2,7.1,St Kitts and Nevis Patriots,Guyana Amazon Warriors,DC Thomas,E Lewis,Imran Tahir,1,0,,,,,,,,,
1269704,2021,2021-08-28,"Warner Park, Basseterre, St Kitts",2,7.2,St Kitts and Nevis Patriots,Guyana Amazon Warriors,E Lewis,DC Thomas,Imran Tahir,0,0,,,,,,,,,
1269704,2021,2021-08-28,"Warner Park, Basseterre, St Kitts",2,7.3,St Kitts and Nevis Patriots,Guyana Amazon Warriors,E Lewis,DC Thomas,Imran Tahir,4,0,,,,,,,,,
1269704,2021,2021-08-28,"Warner Park, Basseterre, St Kitts",2,7.4,St Kitts and Nevis Patriots,Guyana Amazon Warriors,E Lewis,DC Thomas,Imran Tahir,0,0,,,,,,,,,
1269704,2021,2021-08-28,"Warner Park, Basseterre, St Kitts",2,7.5,St Kitts and Nevis Patriots,Guyana Amazon Warriors,E Lewis,DC Thomas,Imran Tahir,2,0,,,,,,,,,
1269704,2021,2021-08-28,"Warner Park, Basseterre, St Kitts",2,7.6,St Kitts and Nevis Patriots,Guyana Amazon Warriors,E Lewis,DC Thomas,Imran Tahir,1,0,,,,,,,,,
1269704,2021,2021-08-28,"Warner Park, Basseterre, St Kitts",2,8.1,St Kitts and Nevis Patriots,Guyana Amazon Warriors,E Lewis,DC Thomas,OF Smith,0,1,1,,,,,,,,
1269704,2021,2021-08-28,"Warner Park, Basseterre, St Kitts",2,8.2,St Kitts and Nevis Patriots,Guyana Amazon Warriors,E Lewis,DC Thomas,OF Smith,0,1,1,,,,,,,,
1269704,2021,2021-08-28,"Warner Park, Basseterre, St Kitts",2,8.3,St Kitts and Nevis Patriots,Guyana Amazon Warriors,E Lewis,DC Thomas,OF Smith,1,0,,,,,,,,,
1269704,2021,2021-08-28,"Warner Park, Basseterre, St Kitts",2,8.4,St Kitts and Nevis Patriots,Guyana Amazon Warriors,DC Thomas,E Lewis,OF Smith,0,0,,,,,,,,,
1269704,2021,2021-08-28,"Warner Park, Basseterre, St Kitts",2,8.5,St Kitts and Nevis Patriots,Guyana Amazon Warriors,DC Thomas,E Lewis,OF Smith,0,0,,,,,,,,,
1269704,2021,2021-08-28,"Warner Park, Basseterre, St Kitts",2,8.6,St Kitts and Nevis Patriots,Guyana Amazon Warriors,DC Thomas,E Lewis,OF Smith,4,0,,,,,,,,,
1269704,2021,2021-08-28,"Warner Park, Basseterre, St Kitts",2,8.7,St Kitts and Nevis Patriots,Guyana Amazon Warriors,DC Thomas,E Lewis,OF Smith,0,0,,,,,,,,,
1269704,2021,2021-08-28,"Warner Park, Basseterre, St Kitts",2,8.8,St Kitts and Nevis Patriots,Guyana Amazon Warriors,DC Thomas,E Lewis,OF Smith,4,0,,,,,,,,,
1269704,2021,2021-08-28,"Warner Park, Basseterre, St Kitts",2,9.1,St Kitts and Nevis Patriots,Guyana Amazon Warriors,E Lewis,DC Thomas,AR Nedd,0,0,,,,,,,,,
1269704,2021,2021-08-28,"Warner Park, Basseterre, St Kitts",2,9.2,St Kitts and Nevis Patriots,Guyana Amazon Warriors,E Lewis,DC Thomas,AR Nedd,0,0,,,,,,,,,
1269704,2021,2021-08-28,"Warner Park, Basseterre, St Kitts",2,9.3,St Kitts and Nevis Patriots,Guyana Amazon Warriors,E Lewis,DC Thomas,AR Nedd,1,0,,,,,,,,,
1269704,2021,2021-08-28,"Warner Park, Basseterre, St Kitts",2,9.4,St Kitts and Nevis Patriots,Guyana Amazon Warriors,DC Thomas,E Lewis,AR Nedd,6,0,,,,,,,,,
1269704,2021,2021-08-28,"Warner Park, Basseterre, St Kitts",2,9.5,St Kitts and Nevis Patriots,Guyana Amazon Warriors,DC Thomas,E Lewis,AR Nedd,0,0,,,,,,,,,
1269704,2021,2021-08-28,"Warner Park, Basseterre, St Kitts",2,9.6,St Kitts and Nevis Patriots,Guyana Amazon Warriors,DC Thomas,E Lewis,AR Nedd,1,0,,,,,,,,,
1269704,2021,2021-08-28,"Warner Park, Basseterre, St Kitts",2,10.1,St Kitts and Nevis Patriots,Guyana Amazon Warriors,DC Thomas,E Lewis,N Smith,0,0,,,,,,,,,
1269704,2021,2021-08-28,"Warner Park, Basseterre, St Kitts",2,10.2,St Kitts and Nevis Patriots,Guyana Amazon Warriors,DC Thomas,E Lewis,N Smith,4,0,,,,,,,,,
1269704,2021,2021-08-28,"Warner Park, Basseterre, St Kitts",2,10.3,St Kitts and Nevis Patriots,Guyana Amazon Warriors,DC Thomas,E Lewis,N Smith,0,0,,,,,,,,,
1269704,2021,2021-08-28,"Warner Park, Basseterre, St Kitts",2,10.4,St Kitts and Nevis Patriots,Guyana Amazon Warriors,DC Thomas,E Lewis,N Smith,1,0,,,,,,,,,
1269704,2021,2021-08-28,"Warner Park, Basseterre, St Kitts",2,10.5,St Kitts and Nevis Patriots,Guyana Amazon Warriors,E Lewis,DC Thomas,N Smith,2,0,,,,,,,,,
1269704,2021,2021-08-28,"Warner Park, Basseterre, St Kitts",2,10.6,St Kitts and Nevis Patriots,Guyana Amazon Warriors,E Lewis,DC Thomas,N Smith,1,0,,,,,,,,,
1269704,2021,2021-08-28,"Warner Park, Basseterre, St Kitts",2,11.1,St Kitts and Nevis Patriots,Guyana Amazon Warriors,E Lewis,DC Thomas,Imran Tahir,0,0,,,,,,,,,
1269704,2021,2021-08-28,"Warner Park, Basseterre, St Kitts",2,11.2,St Kitts and Nevis Patriots,Guyana Amazon Warriors,E Lewis,DC Thomas,Imran Tahir,0,0,,,,,,,,,
1269704,2021,2021-08-28,"Warner Park, Basseterre, St Kitts",2,11.3,St Kitts and Nevis Patriots,Guyana Amazon Warriors,E Lewis,DC Thomas,Imran Tahir,0,1,,,,1,,,,,
1269704,2021,2021-08-28,"Warner Park, Basseterre, St Kitts",2,11.4,St Kitts and Nevis Patriots,Guyana Amazon Warriors,DC Thomas,E Lewis,Imran Tahir,2,0,,,,,,,,,
1269704,2021,2021-08-28,"Warner Park, Basseterre, St Kitts",2,11.5,St Kitts and Nevis Patriots,Guyana Amazon Warriors,DC Thomas,E Lewis,Imran Tahir,1,0,,,,,,,,,
1269704,2021,2021-08-28,"Warner Park, Basseterre, St Kitts",2,11.6,St Kitts and Nevis Patriots,Guyana Amazon Warriors,E Lewis,DC Thomas,Imran Tahir,6,0,,,,,,,,,
1269704,2021,2021-08-28,"Warner Park, Basseterre, St Kitts",2,12.1,St Kitts and Nevis Patriots,Guyana Amazon Warriors,DC Thomas,E Lewis,N Smith,1,0,,,,,,,,,
1269704,2021,2021-08-28,"Warner Park, Basseterre, St Kitts",2,12.2,St Kitts and Nevis Patriots,Guyana Amazon Warriors,E Lewis,DC Thomas,N Smith,6,1,,1,,,,,,,
1269704,2021,2021-08-28,"Warner Park, Basseterre, St Kitts",2,12.3,St Kitts and Nevis Patriots,Guyana Amazon Warriors,E Lewis,DC Thomas,N Smith,6,0,,,,,,,,,
1269704,2021,2021-08-28,"Warner Park, Basseterre, St Kitts",2,12.4,St Kitts and Nevis Patriots,Guyana Amazon Warriors,E Lewis,DC Thomas,N Smith,1,0,,,,,,,,,
1269704,2021,2021-08-28,"Warner Park, Basseterre, St Kitts",2,12.5,St Kitts and Nevis Patriots,Guyana Amazon Warriors,DC Thomas,E Lewis,N Smith,2,0,,,,,,,,,
1269704,2021,2021-08-28,"Warner Park, Basseterre, St Kitts",2,12.6,St Kitts and Nevis Patriots,Guyana Amazon Warriors,DC Thomas,E Lewis,N Smith,4,0,,,,,,,,,
1269704,2021,2021-08-28,"Warner Park, Basseterre, St Kitts",2,12.7,St Kitts and Nevis Patriots,Guyana Amazon Warriors,DC Thomas,E Lewis,N Smith,1,0,,,,,,,,,
1269704,2021,2021-08-28,"Warner Park, Basseterre, St Kitts",2,13.1,St Kitts and Nevis Patriots,Guyana Amazon Warriors,DC Thomas,E Lewis,Imran Tahir,0,0,,,,,,,,,
1269704,2021,2021-08-28,"Warner Park, Basseterre, St Kitts",2,13.2,St Kitts and Nevis Patriots,Guyana Amazon Warriors,DC Thomas,E Lewis,Imran Tahir,1,0,,,,,,,,,
1269704,2021,2021-08-28,"Warner Park, Basseterre, St Kitts",2,13.3,St Kitts and Nevis Patriots,Guyana Amazon Warriors,E Lewis,DC Thomas,Imran Tahir,0,0,,,,,,,,,
1269704,2021,2021-08-28,"Warner Park, Basseterre, St Kitts",2,13.4,St Kitts and Nevis Patriots,Guyana Amazon Warriors,E Lewis,DC Thomas,Imran Tahir,0,0,,,,,,stumped,E Lewis,,
1269704,2021,2021-08-28,"Warner Park, Basseterre, St Kitts",2,13.5,St Kitts and Nevis Patriots,Guyana Amazon Warriors,SE Rutherford,DC Thomas,Imran Tahir,0,0,,,,,,,,,
1269704,2021,2021-08-28,"Warner Park, Basseterre, St Kitts",2,13.6,St Kitts and Nevis Patriots,Guyana Amazon Warriors,SE Rutherford,DC Thomas,Imran Tahir,1,0,,,,,,,,,
1269704,2021,2021-08-28,"Warner Park, Basseterre, St Kitts",2,14.1,St Kitts and Nevis Patriots,Guyana Amazon Warriors,SE Rutherford,DC Thomas,OF Smith,0,0,,,,,,,,,
1269704,2021,2021-08-28,"Warner Park, Basseterre, St Kitts",2,14.2,St Kitts and Nevis Patriots,Guyana Amazon Warriors,SE Rutherford,DC Thomas,OF Smith,1,0,,,,,,,,,
1269704,2021,2021-08-28,"Warner Park, Basseterre, St Kitts",2,14.3,St Kitts and Nevis Patriots,Guyana Amazon Warriors,DC Thomas,SE Rutherford,OF Smith,0,1,,,,1,,,,,
1269704,2021,2021-08-28,"Warner Park, Basseterre, St Kitts",2,14.4,St Kitts and Nevis Patriots,Guyana Amazon Warriors,SE Rutherford,DC Thomas,OF Smith,0,0,,,,,,,,,
1269704,2021,2021-08-28,"Warner Park, Basseterre, St Kitts",2,14.5,St Kitts and Nevis Patriots,Guyana Amazon Warriors,SE Rutherford,DC Thomas,OF Smith,0,0,,,,,,,,,
1269704,2021,2021-08-28,"Warner Park, Basseterre, St Kitts",2,14.6,St Kitts and Nevis Patriots,Guyana Amazon Warriors,SE Rutherford,DC Thomas,OF Smith,0,1,1,,,,,,,,
1269704,2021,2021-08-28,"Warner Park, Basseterre, St Kitts",2,14.7,St Kitts and Nevis Patriots,Guyana Amazon Warriors,SE Rutherford,DC Thomas,OF Smith,0,0,,,,,,,,,
1269704,2021,2021-08-28,"Warner Park, Basseterre, St Kitts",2,15.1,St Kitts and Nevis Patriots,Guyana Amazon Warriors,DC Thomas,SE Rutherford,AR Nedd,0,0,,,,,,,,,
1269704,2021,2021-08-28,"Warner Park, Basseterre, St Kitts",2,15.2,St Kitts and Nevis Patriots,Guyana Amazon Warriors,DC Thomas,SE Rutherford,AR Nedd,1,0,,,,,,,,,
1269704,2021,2021-08-28,"Warner Park, Basseterre, St Kitts",2,15.3,St Kitts and Nevis Patriots,Guyana Amazon Warriors,SE Rutherford,DC Thomas,AR Nedd,0,0,,,,,,,,,
1269704,2021,2021-08-28,"Warner Park, Basseterre, St Kitts",2,15.4,St Kitts and Nevis Patriots,Guyana Amazon Warriors,SE Rutherford,DC Thomas,AR Nedd,0,1,,,,1,,,,,
1269704,2021,2021-08-28,"Warner Park, Basseterre, St Kitts",2,15.5,St Kitts and Nevis Patriots,Guyana Amazon Warriors,DC Thomas,SE Rutherford,AR Nedd,1,0,,,,,,,,,
1269704,2021,2021-08-28,"Warner Park, Basseterre, St Kitts",2,15.6,St Kitts and Nevis Patriots,Guyana Amazon Warriors,SE Rutherford,DC Thomas,AR Nedd,1,0,,,,,,,,,
1269704,2021,2021-08-28,"Warner Park, Basseterre, St Kitts",2,16.1,St Kitts and Nevis Patriots,Guyana Amazon Warriors,SE Rutherford,DC Thomas,OF Smith,1,0,,,,,,,,,
1269704,2021,2021-08-28,"Warner Park, Basseterre, St Kitts",2,16.2,St Kitts and Nevis Patriots,Guyana Amazon Warriors,DC Thomas,SE Rutherford,OF Smith,0,0,,,,,,,,,
1269704,2021,2021-08-28,"Warner Park, Basseterre, St Kitts",2,16.3,St Kitts and Nevis Patriots,Guyana Amazon Warriors,DC Thomas,SE Rutherford,OF Smith,1,0,,,,,,,,,
1269704,2021,2021-08-28,"Warner Park, Basseterre, St Kitts",2,16.4,St Kitts and Nevis Patriots,Guyana Amazon Warriors,SE Rutherford,DC Thomas,OF Smith,1,0,,,,,,,,,
1269704,2021,2021-08-28,"Warner Park, Basseterre, St Kitts",2,16.5,St Kitts and Nevis Patriots,Guyana Amazon Warriors,DC Thomas,SE Rutherford,OF Smith,1,0,,,,,,,,,
1269704,2021,2021-08-28,"Warner Park, Basseterre, St Kitts",2,16.6,St Kitts and Nevis Patriots,Guyana Amazon Warriors,SE Rutherford,DC Thomas,OF Smith,1,0,,,,,,,,,
1269704,2021,2021-08-28,"Warner Park, Basseterre, St Kitts",2,17.1,St Kitts and Nevis Patriots,Guyana Amazon Warriors,SE Rutherford,DC Thomas,Naveen-ul-Haq,4,0,,,,,,,,,
1269704,2021,2021-08-28,"Warner Park, Basseterre, St Kitts",2,17.2,St Kitts and Nevis Patriots,Guyana Amazon Warriors,SE Rutherford,DC Thomas,Naveen-ul-Haq,2,0,,,,,,,,,
1269704,2021,2021-08-28,"Warner Park, Basseterre, St Kitts",2,17.3,St Kitts and Nevis Patriots,Guyana Amazon Warriors,SE Rutherford,DC Thomas,Naveen-ul-Haq,0,1,1,,,,,,,,
1269704,2021,2021-08-28,"Warner Park, Basseterre, St Kitts",2,17.4,St Kitts and Nevis Patriots,Guyana Amazon Warriors,SE Rutherford,DC Thomas,Naveen-ul-Haq,2,0,,,,,,,,,
1269704,2021,2021-08-28,"Warner Park, Basseterre, St Kitts",2,17.5,St Kitts and Nevis Patriots,Guyana Amazon Warriors,SE Rutherford,DC Thomas,Naveen-ul-Haq,0,0,,,,,,caught and bowled,SE Rutherford,,
1269704,2021,2021-08-28,"Warner Park, Basseterre, St Kitts",2,17.6,St Kitts and Nevis Patriots,Guyana Amazon Warriors,FA Allen,DC Thomas,Naveen-ul-Haq,1,0,,,,,,,,,
1269704,2021,2021-08-28,"Warner Park, Basseterre, St Kitts",2,17.7,St Kitts and Nevis Patriots,Guyana Amazon Warriors,DC Thomas,FA Allen,Naveen-ul-Haq,4,0,,,,,,,,,
1269704,2021,2021-08-28,"Warner Park, Basseterre, St Kitts",2,18.1,St Kitts and Nevis Patriots,Guyana Amazon Warriors,FA Allen,DC Thomas,AR Nedd,0,0,,,,,,,,,
1269704,2021,2021-08-28,"Warner Park, Basseterre, St Kitts",2,18.2,St Kitts and Nevis Patriots,Guyana Amazon Warriors,FA Allen,DC Thomas,AR Nedd,2,0,,,,,,,,,
1269704,2021,2021-08-28,"Warner Park, Basseterre, St Kitts",2,18.3,St Kitts and Nevis Patriots,Guyana Amazon Warriors,FA Allen,DC Thomas,AR Nedd,1,0,,,,,,,,,
1269704,2021,2021-08-28,"Warner Park, Basseterre, St Kitts",2,18.4,St Kitts and Nevis Patriots,Guyana Amazon Warriors,DC Thomas,FA Allen,AR Nedd,0,0,,,,,,,,,
1269704,2021,2021-08-28,"Warner Park, Basseterre, St Kitts",2,18.5,St Kitts and Nevis Patriots,Guyana Amazon Warriors,DC Thomas,FA Allen,AR Nedd,4,0,,,,,,,,,
