match_id,season,start_date,venue,innings,ball,batting_team,bowling_team,striker,non_striker,bowler,runs_off_bat,extras,wides,noballs,byes,legbyes,penalty,wicket_type,player_dismissed,other_wicket_type,other_player_dismissed
1269728,2021,2021-09-12,"Warner Park, Basseterre, St Kitts",1,0.1,Guyana Amazon Warriors,Jamaica Tallawahs,BA King,C Hemraj,FH Edwards,1,0,,,,,,,,,
1269728,2021,2021-09-12,"Warner Park, Basseterre, St Kitts",1,0.2,Guyana Amazon Warriors,Jamaica Tallawahs,C Hemraj,BA King,FH Edwards,1,0,,,,,,,,,
1269728,2021,2021-09-12,"Warner Park, Basseterre, St Kitts",1,0.3,Guyana Amazon Warriors,Jamaica Tallawahs,BA King,C Hemraj,FH Edwards,0,1,1,,,,,,,,
1269728,2021,2021-09-12,"Warner Park, Basseterre, St Kitts",1,0.4,Guyana Amazon Warriors,Jamaica Tallawahs,BA King,C Hemraj,FH Edwards,6,0,,,,,,,,,
1269728,2021,2021-09-12,"Warner Park, Basseterre, St Kitts",1,0.5,Guyana Amazon Warriors,Jamaica Tallawahs,BA King,C Hemraj,FH Edwards,0,0,,,,,,,,,
1269728,2021,2021-09-12,"Warner Park, Basseterre, St Kitts",1,0.6,Guyana Amazon Warriors,Jamaica Tallawahs,BA King,C Hemraj,FH Edwards,0,1,1,,,,,,,,
1269728,2021,2021-09-12,"Warner Park, Basseterre, St Kitts",1,0.7,Guyana Amazon Warriors,Jamaica Tallawahs,BA King,C Hemraj,FH Edwards,4,0,,,,,,,,,
1269728,2021,2021-09-12,"Warner Park, Basseterre, St Kitts",1,0.8,Guyana Amazon Warriors,Jamaica Tallawahs,BA King,C Hemraj,FH Edwards,0,0,,,,,,,,,
1269728,2021,2021-09-12,"Warner Park, Basseterre, St Kitts",1,1.1,Guyana Amazon Warriors,Jamaica Tallawahs,C Hemraj,BA King,Imad Wasim,1,0,,,,,,,,,
1269728,2021,2021-09-12,"Warner Park, Basseterre, St Kitts",1,1.2,Guyana Amazon Warriors,Jamaica Tallawahs,BA King,C Hemraj,Imad Wasim,0,0,,,,,,,,,
1269728,2021,2021-09-12,"Warner Park, Basseterre, St Kitts",1,1.3,Guyana Amazon Warriors,Jamaica Tallawahs,BA King,C Hemraj,Imad Wasim,1,0,,,,,,,,,
1269728,2021,2021-09-12,"Warner Park, Basseterre, St Kitts",1,1.4,Guyana Amazon Warriors,Jamaica Tallawahs,C Hemraj,BA King,Imad Wasim,0,0,,,,,,,,,
1269728,2021,2021-09-12,"Warner Park, Basseterre, St Kitts",1,1.5,Guyana Amazon Warriors,Jamaica Tallawahs,C Hemraj,BA King,Imad Wasim,1,0,,,,,,,,,
1269728,2021,2021-09-12,"Warner Park, Basseterre, St Kitts",1,1.6,Guyana Amazon Warriors,Jamaica Tallawahs,BA King,C Hemraj,Imad Wasim,0,0,,,,,,bowled,BA King,,
1269728,2021,2021-09-12,"Warner Park, Basseterre, St Kitts",1,2.1,Guyana Amazon Warriors,Jamaica Tallawahs,C Hemraj,SO Hetmyer,CJ Green,0,0,,,,,,,,,
1269728,2021,2021-09-12,"Warner Park, Basseterre, St Kitts",1,2.2,Guyana Amazon Warriors,Jamaica Tallawahs,C Hemraj,SO Hetmyer,CJ Green,6,0,,,,,,,,,
1269728,2021,2021-09-12,"Warner Park, Basseterre, St Kitts",1,2.3,Guyana Amazon Warriors,Jamaica Tallawahs,C Hemraj,SO Hetmyer,CJ Green,2,0,,,,,,,,,
1269728,2021,2021-09-12,"Warner Park, Basseterre, St Kitts",1,2.4,Guyana Amazon Warriors,Jamaica Tallawahs,C Hemraj,SO Hetmyer,CJ Green,1,0,,,,,,,,,
1269728,2021,2021-09-12,"Warner Park, Basseterre, St Kitts",1,2.5,Guyana Amazon Warriors,Jamaica Tallawahs,SO Hetmyer,C Hemraj,CJ Green,0,0,,,,,,bowled,SO Hetmyer,,
1269728,2021,2021-09-12,"Warner Park, Basseterre, St Kitts",1,2.6,Guyana Amazon Warriors,Jamaica Tallawahs,Shoaib Malik,C Hemraj,CJ Green,0,0,,,,,,,,,
1269728,2021,2021-09-12,"Warner Park, Basseterre, St Kitts",1,3.1,Guyana Amazon Warriors,Jamaica Tallawahs,C Hemraj,Shoaib Malik,Imad Wasim,0,0,,,,,,,,,
1269728,2021,2021-09-12,"Warner Park, Basseterre, St Kitts",1,3.2,Guyana Amazon Warriors,Jamaica Tallawahs,C Hemraj,Shoaib Malik,Imad Wasim,0,0,,,,,,,,,
1269728,2021,2021-09-12,"Warner Park, Basseterre, St Kitts",1,3.3,Guyana Amazon Warriors,Jamaica Tallawahs,C Hemraj,Shoaib Malik,Imad Wasim,6,0,,,,,,,,,
1269728,2021,2021-09-12,"Warner Park, Basseterre, St Kitts",1,3.4,Guyana Amazon Warriors,Jamaica Tallawahs,C Hemraj,Shoaib Malik,Imad Wasim,0,0,,,,,,,,,
1269728,2021,2021-09-12,"Warner Park, Basseterre, St Kitts",1,3.5,Guyana Amazon Warriors,Jamaica Tallawahs,C Hemraj,Shoaib Malik,Imad Wasim,0,0,,,,,,,,,
1269728,2021,2021-09-12,"Warner Park, Basseterre, St Kitts",1,3.6,Guyana Amazon Warriors,Jamaica Tallawahs,C Hemraj,Shoaib Malik,Imad Wasim,0,0,,,,,,,,,
1269728,2021,2021-09-12,"Warner Park, Basseterre, St Kitts",1,4.1,Guyana Amazon Warriors,Jamaica Tallawahs,Shoaib Malik,C Hemraj,CJ Green,0,0,,,,,,,,,
1269728,2021,2021-09-12,"Warner Park, Basseterre, St Kitts",1,4.2,Guyana Amazon Warriors,Jamaica Tallawahs,Shoaib Malik,C Hemraj,CJ Green,0,0,,,,,,stumped,Shoaib Malik,,
1269728,2021,2021-09-12,"Warner Park, Basseterre, St Kitts",1,4.3,Guyana Amazon Warriors,Jamaica Tallawahs,A Bramble,C Hemraj,CJ Green,0,0,,,,,,,,,
1269728,2021,2021-09-12,"Warner Park, Basseterre, St Kitts",1,4.4,Guyana Amazon Warriors,Jamaica Tallawahs,A Bramble,C Hemraj,CJ Green,0,0,,,,,,,,,
1269728,2021,2021-09-12,"Warner Park, Basseterre, St Kitts",1,4.5,Guyana Amazon Warriors,Jamaica Tallawahs,A Bramble,C Hemraj,CJ Green,4,0,,,,,,,,,
1269728,2021,2021-09-12,"Warner Park, Basseterre, St Kitts",1,4.6,Guyana Amazon Warriors,Jamaica Tallawahs,A Bramble,C Hemraj,CJ Green,0,0,,,,,,,,,
1269728,2021,2021-09-12,"Warner Park, Basseterre, St Kitts",1,5.1,Guyana Amazon Warriors,Jamaica Tallawahs,C Hemraj,A Bramble,Imad Wasim,1,0,,,,,,,,,
1269728,2021,2021-09-12,"Warner Park, Basseterre, St Kitts",1,5.2,Guyana Amazon Warriors,Jamaica Tallawahs,A Bramble,C Hemraj,Imad Wasim,0,0,,,,,,,,,
1269728,2021,2021-09-12,"Warner Park, Basseterre, St Kitts",1,5.3,Guyana Amazon Warriors,Jamaica Tallawahs,A Bramble,C Hemraj,Imad Wasim,0,0,,,,,,,,,
1269728,2021,2021-09-12,"Warner Park, Basseterre, St Kitts",1,5.4,Guyana Amazon Warriors,Jamaica Tallawahs,A Bramble,C Hemraj,Imad Wasim,0,1,,,,1,,,,,
1269728,2021,2021-09-12,"Warner Park, Basseterre, St Kitts",1,5.5,Guyana Amazon Warriors,Jamaica Tallawahs,C Hemraj,A Bramble,Imad Wasim,0,0,,,,,,,,,
1269728,2021,2021-09-12,"Warner Park, Basseterre, St Kitts",1,5.6,Guyana Amazon Warriors,Jamaica Tallawahs,C Hemraj,A Bramble,Imad Wasim,0,0,,,,,,,,,
1269728,2021,2021-09-12,"Warner Park, Basseterre, St Kitts",1,6.1,Guyana Amazon Warriors,Jamaica Tallawahs,A Bramble,C Hemraj,M Pretorius,0,0,,,,,,,,,
1269728,2021,2021-09-12,"Warner Park, Basseterre, St Kitts",1,6.2,Guyana Amazon Warriors,Jamaica Tallawahs,A Bramble,C Hemraj,M Pretorius,1,0,,,,,,,,,
1269728,2021,2021-09-12,"Warner Park, Basseterre, St Kitts",1,6.3,Guyana Amazon Warriors,Jamaica Tallawahs,C Hemraj,A Bramble,M Pretorius,1,0,,,,,,,,,
1269728,2021,2021-09-12,"Warner Park, Basseterre, St Kitts",1,6.4,Guyana Amazon Warriors,Jamaica Tallawahs,A Bramble,C Hemraj,M Pretorius,0,0,,,,,,,,,
1269728,2021,2021-09-12,"Warner Park, Basseterre, St Kitts",1,6.5,Guyana Amazon Warriors,Jamaica Tallawahs,A Bramble,C Hemraj,M Pretorius,1,0,,,,,,,,,
1269728,2021,2021-09-12,"Warner Park, Basseterre, St Kitts",1,6.6,Guyana Amazon Warriors,Jamaica Tallawahs,C Hemraj,A Bramble,M Pretorius,1,0,,,,,,,,,
1269728,2021,2021-09-12,"Warner Park, Basseterre, St Kitts",1,7.1,Guyana Amazon Warriors,Jamaica Tallawahs,C Hemraj,A Bramble,AD Russell,0,0,,,,,,caught,C Hemraj,,
1269728,2021,2021-09-12,"Warner Park, Basseterre, St Kitts",1,7.2,Guyana Amazon Warriors,Jamaica Tallawahs,A Bramble,N Pooran,AD Russell,1,0,,,,,,,,,
1269728,2021,2021-09-12,"Warner Park, Basseterre, St Kitts",1,7.3,Guyana Amazon Warriors,Jamaica Tallawahs,N Pooran,A Bramble,AD Russell,1,0,,,,,,,,,
1269728,2021,2021-09-12,"Warner Park, Basseterre, St Kitts",1,7.4,Guyana Amazon Warriors,Jamaica Tallawahs,A Bramble,N Pooran,AD Russell,1,0,,,,,,,,,
1269728,2021,2021-09-12,"Warner Park, Basseterre, St Kitts",1,7.5,Guyana Amazon Warriors,Jamaica Tallawahs,N Pooran,A Bramble,AD Russell,0,0,,,,,,,,,
1269728,2021,2021-09-12,"Warner Park, Basseterre, St Kitts",1,7.6,Guyana Amazon Warriors,Jamaica Tallawahs,N Pooran,A Bramble,AD Russell,1,0,,,,,,,,,
1269728,2021,2021-09-12,"Warner Park, Basseterre, St Kitts",1,8.1,Guyana Amazon Warriors,Jamaica Tallawahs,N Pooran,A Bramble,CJ Green,0,0,,,,,,,,,
1269728,2021,2021-09-12,"Warner Park, Basseterre, St Kitts",1,8.2,Guyana Amazon Warriors,Jamaica Tallawahs,N Pooran,A Bramble,CJ Green,1,0,,,,,,,,,
1269728,2021,2021-09-12,"Warner Park, Basseterre, St Kitts",1,8.3,Guyana Amazon Warriors,Jamaica Tallawahs,A Bramble,N Pooran,CJ Green,0,0,,,,,,,,,
1269728,2021,2021-09-12,"Warner Park, Basseterre, St Kitts",1,8.4,Guyana Amazon Warriors,Jamaica Tallawahs,A Bramble,N Pooran,CJ Green,0,0,,,,,,,,,
1269728,2021,2021-09-12,"Warner Park, Basseterre, St Kitts",1,8.5,Guyana Amazon Warriors,Jamaica Tallawahs,A Bramble,N Pooran,CJ Green,0,0,,,,,,,,,
1269728,2021,2021-09-12,"Warner Park, Basseterre, St Kitts",1,8.6,Guyana Amazon Warriors,Jamaica Tallawahs,A Bramble,N Pooran,CJ Green,0,0,,,,,,,,,
1269728,2021,2021-09-12,"Warner Park, Basseterre, St Kitts",1,9.1,Guyana Amazon Warriors,Jamaica Tallawahs,N Pooran,A Bramble,AD Russell,6,0,,,,,,,,,
1269728,2021,2021-09-12,"Warner Park, Basseterre, St Kitts",1,9.2,Guyana Amazon Warriors,Jamaica Tallawahs,N Pooran,A Bramble,AD Russell,0,0,,,,,,caught,N Pooran,,
1269728,2021,2021-09-12,"Warner Park, Basseterre, St Kitts",1,9.3,Guyana Amazon Warriors,Jamaica Tallawahs,R Shepherd,A Bramble,AD Russell,4,0,,,,,,,,,
1269728,2021,2021-09-12,"Warner Park, Basseterre, St Kitts",1,9.4,Guyana Amazon Warriors,Jamaica Tallawahs,R Shepherd,A Bramble,AD Russell,0,0,,,,,,,,,
1269728,2021,2021-09-12,"Warner Park, Basseterre, St Kitts",1,9.5,Guyana Amazon Warriors,Jamaica Tallawahs,R Shepherd,A Bramble,AD Russell,4,0,,,,,,,,,
1269728,2021,2021-09-12,"Warner Park, Basseterre, St Kitts",1,9.6,Guyana Amazon Warriors,Jamaica Tallawahs,R Shepherd,A Bramble,AD Russell,4,0,,,,,,,,,
1269728,2021,2021-09-12,"Warner Park, Basseterre, St Kitts",1,10.1,Guyana Amazon Warriors,Jamaica Tallawahs,A Bramble,R Shepherd,CJ Green,1,0,,,,,,,,,
1269728,2021,2021-09-12,"Warner Park, Basseterre, St Kitts",1,10.2,Guyana Amazon Warriors,Jamaica Tallawahs,R Shepherd,A Bramble,CJ Green,0,0,,,,,,,,,
1269728,2021,2021-09-12,"Warner Park, Basseterre, St Kitts",1,10.3,Guyana Amazon Warriors,Jamaica Tallawahs,R Shepherd,A Bramble,CJ Green,2,0,,,,,,,,,
1269728,2021,2021-09-12,"Warner Park, Basseterre, St Kitts",1,10.4,Guyana Amazon Warriors,Jamaica Tallawahs,R Shepherd,A Bramble,CJ Green,0,0,,,,,,,,,
1269728,2021,2021-09-12,"Warner Park, Basseterre, St Kitts",1,10.5,Guyana Amazon Warriors,Jamaica Tallawahs,R Shepherd,A Bramble,CJ Green,1,0,,,,,,,,,
1269728,2021,2021-09-12,"Warner Park, Basseterre, St Kitts",1,10.6,Guyana Amazon Warriors,Jamaica Tallawahs,A Bramble,R Shepherd,CJ Green,1,0,,,,,,,,,
1269728,2021,2021-09-12,"Warner Park, Basseterre, St Kitts",1,11.1,Guyana Amazon Warriors,Jamaica Tallawahs,A Bramble,R Shepherd,Imad Wasim,4,0,,,,,,,,,
1269728,2021,2021-09-12,"Warner Park, Basseterre, St Kitts",1,11.2,Guyana Amazon Warriors,Jamaica Tallawahs,A Bramble,R Shepherd,Imad Wasim,0,1,1,,,,,stumped,A Bramble,,
1269728,2021,2021-09-12,"Warner Park, Basseterre, St Kitts",1,11.3,Guyana Amazon Warriors,Jamaica Tallawahs,OF Smith,R Shepherd,Imad Wasim,0,0,,,,,,lbw,OF Smith,,
1269728,2021,2021-09-12,"Warner Park, Basseterre, St Kitts",1,11.4,Guyana Amazon Warriors,Jamaica Tallawahs,G Motie,R Shepherd,Imad Wasim,0,0,,,,,,,,,
1269728,2021,2021-09-12,"Warner Park, Basseterre, St Kitts",1,11.5,Guyana Amazon Warriors,Jamaica Tallawahs,G Motie,R Shepherd,Imad Wasim,0,0,,,,,,,,,
1269728,2021,2021-09-12,"Warner Park, Basseterre, St Kitts",1,11.6,Guyana Amazon Warriors,Jamaica Tallawahs,G Motie,R Shepherd,Imad Wasim,0,0,,,,,,,,,
1269728,2021,2021-09-12,"Warner Park, Basseterre, St Kitts",1,11.7,Guyana Amazon Warriors,Jamaica Tallawahs,G Motie,R Shepherd,Imad Wasim,0,0,,,,,,,,,
1269728,2021,2021-09-12,"Warner Park, Basseterre, St Kitts",1,12.1,Guyana Amazon Warriors,Jamaica Tallawahs,R Shepherd,G Motie,M Pretorius,0,0,,,,,,,,,
1269728,2021,2021-09-12,"Warner Park, Basseterre, St Kitts",1,12.2,Guyana Amazon Warriors,Jamaica Tallawahs,R Shepherd,G Motie,M Pretorius,0,0,,,,,,,,,
1269728,2021,2021-09-12,"Warner Park, Basseterre, St Kitts",1,12.3,Guyana Amazon Warriors,Jamaica Tallawahs,R Shepherd,G Motie,M Pretorius,1,0,,,,,,,,,
1269728,2021,2021-09-12,"Warner Park, Basseterre, St Kitts",1,12.4,Guyana Amazon Warriors,Jamaica Tallawahs,G Motie,R Shepherd,M Pretorius,0,0,,,,,,,,,
1269728,2021,2021-09-12,"Warner Park, Basseterre, St Kitts",1,12.5,Guyana Amazon Warriors,Jamaica Tallawahs,G Motie,R Shepherd,M Pretorius,1,0,,,,,,,,,
1269728,2021,2021-09-12,"Warner Park, Basseterre, St Kitts",1,12.6,Guyana Amazon Warriors,Jamaica Tallawahs,R Shepherd,G Motie,M Pretorius,0,0,,,,,,,,,
1269728,2021,2021-09-12,"Warner Park, Basseterre, St Kitts",1,13.1,Guyana Amazon Warriors,Jamaica Tallawahs,G Motie,R Shepherd,FH Edwards,0,0,,,,,,,,,
1269728,2021,2021-09-12,"Warner Park, Basseterre, St Kitts",1,13.2,Guyana Amazon Warriors,Jamaica Tallawahs,G Motie,R Shepherd,FH Edwards,0,0,,,,,,,,,
1269728,2021,2021-09-12,"Warner Park, Basseterre, St Kitts",1,13.3,Guyana Amazon Warriors,Jamaica Tallawahs,G Motie,R Shepherd,FH Edwards,1,0,,,,,,,,,
1269728,2021,2021-09-12,"Warner Park, Basseterre, St Kitts",1,13.4,Guyana Amazon Warriors,Jamaica Tallawahs,R Shepherd,G Motie,FH Edwards,0,4,,,,4,,,,,
1269728,2021,2021-09-12,"Warner Park, Basseterre, St Kitts",1,13.5,Guyana Amazon Warriors,Jamaica Tallawahs,R Shepherd,G Motie,FH Edwards,6,0,,,,,,,,,
1269728,2021,2021-09-12,"Warner Park, Basseterre, St Kitts",1,13.6,Guyana Amazon Warriors,Jamaica Tallawahs,R Shepherd,G Motie,FH Edwards,6,0,,,,,,,,,
1269728,2021,2021-09-12,"Warner Park, Basseterre, St Kitts",1,14.1,Guyana Amazon Warriors,Jamaica Tallawahs,G Motie,R Shepherd,CR Brathwaite,0,0,,,,,,,,,
1269728,2021,2021-09-12,"Warner Park, Basseterre, St Kitts",1,14.2,Guyana Amazon Warriors,Jamaica Tallawahs,G Motie,R Shepherd,CR Brathwaite,0,0,,,,,,,,,
1269728,2021,2021-09-12,"Warner Park, Basseterre, St Kitts",1,14.3,Guyana Amazon Warriors,Jamaica Tallawahs,G Motie,R Shepherd,CR Brathwaite,1,0,,,,,,,,,
1269728,2021,2021-09-12,"Warner Park, Basseterre, St Kitts",1,14.4,Guyana Amazon Warriors,Jamaica Tallawahs,R Shepherd,G Motie,CR Brathwaite,6,0,,,,,,,,,
1269728,2021,2021-09-12,"Warner Park, Basseterre, St Kitts",1,14.5,Guyana Amazon Warriors,Jamaica Tallawahs,R Shepherd,G Motie,CR Brathwaite,0,0,,,,,,,,,
1269728,2021,2021-09-12,"Warner Park, Basseterre, St Kitts",1,14.6,Guyana Amazon Warriors,Jamaica Tallawahs,R Shepherd,G Motie,CR Brathwaite,0,1,1,,,,,,,,
1269728,2021,2021-09-12,"Warner Park, Basseterre, St Kitts",1,14.7,Guyana Amazon Warriors,Jamaica Tallawahs,R Shepherd,G Motie,CR Brathwaite,1,0,,,,,,,,,
1269728,2021,2021-09-12,"Warner Park, Basseterre, St Kitts",1,15.1,Guyana Amazon Warriors,Jamaica Tallawahs,R Shepherd,G Motie,AD Russell,0,0,,,,,,,,,
1269728,2021,2021-09-12,"Warner Park, Basseterre, St Kitts",1,15.2,Guyana Amazon Warriors,Jamaica Tallawahs,R Shepherd,G Motie,AD Russell,6,0,,,,,,,,,
1269728,2021,2021-09-12,"Warner Park, Basseterre, St Kitts",1,15.3,Guyana Amazon Warriors,Jamaica Tallawahs,R Shepherd,G Motie,AD Russell,4,0,,,,,,,,,
1269728,2021,2021-09-12,"Warner Park, Basseterre, St Kitts",1,15.4,Guyana Amazon Warriors,Jamaica Tallawahs,R Shepherd,G Motie,AD Russell,1,0,,,,,,,,,
1269728,2021,2021-09-12,"Warner Park, Basseterre, St Kitts",1,15.5,Guyana Amazon Warriors,Jamaica Tallawahs,G Motie,R Shepherd,AD Russell,0,0,,,,,,,,,
1269728,2021,2021-09-12,"Warner Park, Basseterre, St Kitts",1,15.6,Guyana Amazon Warriors,Jamaica Tallawahs,G Motie,R Shepherd,AD Russell,1,0,,,,,,,,,
1269728,2021,2021-09-12,"Warner Park, Basseterre, St Kitts",1,16.1,Guyana Amazon Warriors,Jamaica Tallawahs,G Motie,R Shepherd,M Pretorius,1,0,,,,,,,,,
1269728,2021,2021-09-12,"Warner Park, Basseterre, St Kitts",1,16.2,Guyana Amazon Warriors,Jamaica Tallawahs,R Shepherd,G Motie,M Pretorius,4,0,,,,,,,,,
1269728,2021,2021-09-12,"Warner Park, Basseterre, St Kitts",1,16.3,Guyana Amazon Warriors,Jamaica Tallawahs,R Shepherd,G Motie,M Pretorius,4,0,,,,,,,,,
1269728,2021,2021-09-12,"Warner Park, Basseterre, St Kitts",1,16.4,Guyana Amazon Warriors,Jamaica Tallawahs,R Shepherd,G Motie,M Pretorius,1,0,,,,,,,,,
1269728,2021,2021-09-12,"Warner Park, Basseterre, St Kitts",1,16.5,Guyana Amazon Warriors,Jamaica Tallawahs,G Motie,R Shepherd,M Pretorius,0,0,,,,,,,,,
1269728,2021,2021-09-12,"Warner Park, Basseterre, St Kitts",1,16.6,Guyana Amazon Warriors,Jamaica Tallawahs,G Motie,R Shepherd,M Pretorius,0,0,,,,,,,,,
1269728,2021,2021-09-12,"Warner Park, Basseterre, St Kitts",1,17.1,Guyana Amazon Warriors,Jamaica Tallawahs,R Shepherd,G Motie,AD Russell,0,0,,,,,,,,,
1269728,2021,2021-09-12,"Warner Park, Basseterre, St Kitts",1,17.2,Guyana Amazon Warriors,Jamaica Tallawahs,R Shepherd,G Motie,AD Russell,4,0,,,,,,,,,
1269728,2021,2021-09-12,"Warner Park, Basseterre, St Kitts",1,17.3,Guyana Amazon Warriors,Jamaica Tallawahs,R Shepherd,G Motie,AD Russell,6,0,,,,,,,,,
1269728,2021,2021-09-12,"Warner Park, Basseterre, St Kitts",1,17.4,Guyana Amazon Warriors,Jamaica Tallawahs,R Shepherd,G Motie,AD Russell,6,0,,,,,,,,,
1269728,2021,2021-09-12,"Warner Park, Basseterre, St Kitts",1,17.5,Guyana Amazon Warriors,Jamaica Tallawahs,R Shepherd,G Motie,AD Russell,0,0,,,,,,,,,
1269728,2021,2021-09-12,"Warner Park, Basseterre, St Kitts",1,17.6,Guyana Amazon Warriors,Jamaica Tallawahs,R Shepherd,G Motie,AD Russell,1,0,,,,,,,,,
1269728,2021,2021-09-12,"Warner Park, Basseterre, St Kitts",2,0.1,Jamaica Tallawahs,Guyana Amazon Warriors,CAK Walton,K Lewis,Naveen-ul-Haq,0,0,,,,,,,,,
1269728,2021,2021-09-12,"Warner Park, Basseterre, St Kitts",2,0.2,Jamaica Tallawahs,Guyana Amazon Warriors,CAK Walton,K Lewis,Naveen-ul-Haq,0,1,,,1,,,,,,
1269728,2021,2021-09-12,"Warner Park, Basseterre, St Kitts",2,0.3,Jamaica Tallawahs,Guyana Amazon Warriors,K Lewis,CAK Walton,Naveen-ul-Haq,0,0,,,,,,,,,
1269728,2021,2021-09-12,"Warner Park, Basseterre, St Kitts",2,0.4,Jamaica Tallawahs,Guyana Amazon Warriors,K Lewis,CAK Walton,Naveen-ul-Haq,2,0,,,,,,,,,
1269728,2021,2021-09-12,"Warner Park, Basseterre, St Kitts",2,0.5,Jamaica Tallawahs,Guyana Amazon Warriors,K Lewis,CAK Walton,Naveen-ul-Haq,0,0,,,,,,,,,
1269728,2021,2021-09-12,"Warner Park, Basseterre, St Kitts",2,0.6,Jamaica Tallawahs,Guyana Amazon Warriors,K Lewis,CAK Walton,Naveen-ul-Haq,1,0,,,,,,,,,
1269728,2021,2021-09-12,"Warner Park, Basseterre, St Kitts",2,1.1,Jamaica Tallawahs,Guyana Amazon Warriors,K Lewis,CAK Walton,Imran Tahir,0,0,,,,,,bowled,K Lewis,,
1269728,2021,2021-09-12,"Warner Park, Basseterre, St Kitts",2,1.2,Jamaica Tallawahs,Guyana Amazon Warriors,KSA McKenzie,CAK Walton,Imran Tahir,0,0,,,,,,,,,
1269728,2021,2021-09-12,"Warner Park, Basseterre, St Kitts",2,1.3,Jamaica Tallawahs,Guyana Amazon Warriors,KSA McKenzie,CAK Walton,Imran Tahir,0,0,,,,,,,,,
1269728,2021,2021-09-12,"Warner Park, Basseterre, St Kitts",2,1.4,Jamaica Tallawahs,Guyana Amazon Warriors,KSA McKenzie,CAK Walton,Imran Tahir,0,0,,,,,,lbw,KSA McKenzie,,
1269728,2021,2021-09-12,"Warner Park, Basseterre, St Kitts",2,1.5,Jamaica Tallawahs,Guyana Amazon Warriors,SSJ Brooks,CAK Walton,Imran Tahir,0,0,,,,,,,,,
1269728,2021,2021-09-12,"Warner Park, Basseterre, St Kitts",2,1.6,Jamaica Tallawahs,Guyana Amazon Warriors,SSJ Brooks,CAK Walton,Imran Tahir,0,0,,,,,,,,,
1269728,2021,2021-09-12,"Warner Park, Basseterre, St Kitts",2,2.1,Jamaica Tallawahs,Guyana Amazon Warriors,CAK Walton,SSJ Brooks,Naveen-ul-Haq,0,0,,,,,,,,,
1269728,2021,2021-09-12,"Warner Park, Basseterre, St Kitts",2,2.2,Jamaica Tallawahs,Guyana Amazon Warriors,CAK Walton,SSJ Brooks,Naveen-ul-Haq,1,0,,,,,,,,,
1269728,2021,2021-09-12,"Warner Park, Basseterre, St Kitts",2,2.3,Jamaica Tallawahs,Guyana Amazon Warriors,SSJ Brooks,CAK Walton,Naveen-ul-Haq,0,0,,,,,,,,,
1269728,2021,2021-09-12,"Warner Park, Basseterre, St Kitts",2,2.4,Jamaica Tallawahs,Guyana Amazon Warriors,SSJ Brooks,CAK Walton,Naveen-ul-Haq,1,0,,,,,,,,,
1269728,2021,2021-09-12,"Warner Park, Basseterre, St Kitts",2,2.5,Jamaica Tallawahs,Guyana Amazon Warriors,CAK Walton,SSJ Brooks,Naveen-ul-Haq,0,0,,,,,,,,,
1269728,2021,2021-09-12,"Warner Park, Basseterre, St Kitts",2,2.6,Jamaica Tallawahs,Guyana Amazon Warriors,CAK Walton,SSJ Brooks,Naveen-ul-Haq,0,0,,,,,,,,,
1269728,2021,2021-09-12,"Warner Park, Basseterre, St Kitts",2,3.1,Jamaica Tallawahs,Guyana Amazon Warriors,SSJ Brooks,CAK Walton,G Motie,1,0,,,,,,,,,
1269728,2021,2021-09-12,"Warner Park, Basseterre, St Kitts",2,3.2,Jamaica Tallawahs,Guyana Amazon Warriors,CAK Walton,SSJ Brooks,G Motie,1,0,,,,,,,,,
1269728,2021,2021-09-12,"Warner Park, Basseterre, St Kitts",2,3.3,Jamaica Tallawahs,Guyana Amazon Warriors,SSJ Brooks,CAK Walton,G Motie,1,0,,,,,,,,,
1269728,2021,2021-09-12,"Warner Park, Basseterre, St Kitts",2,3.4,Jamaica Tallawahs,Guyana Amazon Warriors,CAK Walton,SSJ Brooks,G Motie,6,0,,,,,,,,,
1269728,2021,2021-09-12,"Warner Park, Basseterre, St Kitts",2,3.5,Jamaica Tallawahs,Guyana Amazon Warriors,CAK Walton,SSJ Brooks,G Motie,0,0,,,,,,,,,
1269728,2021,2021-09-12,"Warner Park, Basseterre, St Kitts",2,3.6,Jamaica Tallawahs,Guyana Amazon Warriors,CAK Walton,SSJ Brooks,G Motie,1,0,,,,,,,,,
1269728,2021,2021-09-12,"Warner Park, Basseterre, St Kitts",2,4.1,Jamaica Tallawahs,Guyana Amazon Warriors,CAK Walton,SSJ Brooks,R Shepherd,0,0,,,,,,,,,
1269728,2021,2021-09-12,"Warner Park, Basseterre, St Kitts",2,4.2,Jamaica Tallawahs,Guyana Amazon Warriors,CAK Walton,SSJ Brooks,R Shepherd,0,0,,,,,,,,,
1269728,2021,2021-09-12,"Warner Park, Basseterre, St Kitts",2,4.3,Jamaica Tallawahs,Guyana Amazon Warriors,CAK Walton,SSJ Brooks,R Shepherd,1,0,,,,,,,,,
1269728,2021,2021-09-12,"Warner Park, Basseterre, St Kitts",2,4.4,Jamaica Tallawahs,Guyana Amazon Warriors,SSJ Brooks,CAK Walton,R Shepherd,0,0,,,,,,,,,
1269728,2021,2021-09-12,"Warner Park, Basseterre, St Kitts",2,4.5,Jamaica Tallawahs,Guyana Amazon Warriors,SSJ Brooks,CAK Walton,R Shepherd,0,0,,,,,,,,,
1269728,2021,2021-09-12,"Warner Park, Basseterre, St Kitts",2,4.6,Jamaica Tallawahs,Guyana Amazon Warriors,SSJ Brooks,CAK Walton,R Shepherd,4,0,,,,,,,,,
1269728,2021,2021-09-12,"Warner Park, Basseterre, St Kitts",2,5.1,Jamaica Tallawahs,Guyana Amazon Warriors,CAK Walton,SSJ Brooks,C Hemraj,6,0,,,,,,,,,
1269728,2021,2021-09-12,"Warner Park, Basseterre, St Kitts",2,5.2,Jamaica Tallawahs,Guyana Amazon Warriors,CAK Walton,SSJ Brooks,C Hemraj,4,0,,,,,,,,,
1269728,2021,2021-09-12,"Warner Park, Basseterre, St Kitts",2,5.3,Jamaica Tallawahs,Guyana Amazon Warriors,CAK Walton,SSJ Brooks,C Hemraj,0,0,,,,,,,,,
1269728,2021,2021-09-12,"Warner Park, Basseterre, St Kitts",2,5.4,Jamaica Tallawahs,Guyana Amazon Warriors,CAK Walton,SSJ Brooks,C Hemraj,0,1,1,,,,,,,,
1269728,2021,2021-09-12,"Warner Park, Basseterre, St Kitts",2,5.5,Jamaica Tallawahs,Guyana Amazon Warriors,CAK Walton,SSJ Brooks,C Hemraj,0,0,,,,,,caught,CAK Walton,,
1269728,2021,2021-09-12,"Warner Park, Basseterre, St Kitts",2,5.6,Jamaica Tallawahs,Guyana Amazon Warriors,SSJ Brooks,Imad Wasim,C Hemraj,1,0,,,,,,,,,
1269728,2021,2021-09-12,"Warner Park, Basseterre, St Kitts",2,5.7,Jamaica Tallawahs,Guyana Amazon Warriors,Imad Wasim,SSJ Brooks,C Hemraj,0,0,,,,,,,,,
1269728,2021,2021-09-12,"Warner Park, Basseterre, St Kitts",2,6.1,Jamaica Tallawahs,Guyana Amazon Warriors,SSJ Brooks,Imad Wasim,OF Smith,0,1,1,,,,,,,,
1269728,2021,2021-09-12,"Warner Park, Basseterre, St Kitts",2,6.2,Jamaica Tallawahs,Guyana Amazon Warriors,SSJ Brooks,Imad Wasim,OF Smith,0,1,1,,,,,,,,
1269728,2021,2021-09-12,"Warner Park, Basseterre, St Kitts",2,6.3,Jamaica Tallawahs,Guyana Amazon Warriors,SSJ Brooks,Imad Wasim,OF Smith,0,0,,,,,,bowled,SSJ Brooks,,
1269728,2021,2021-09-12,"Warner Park, Basseterre, St Kitts",2,6.4,Jamaica Tallawahs,Guyana Amazon Warriors,R Powell,Imad Wasim,OF Smith,1,0,,,,,,,,,
1269728,2021,2021-09-12,"Warner Park, Basseterre, St Kitts",2,6.5,Jamaica Tallawahs,Guyana Amazon Warriors,Imad Wasim,R Powell,OF Smith,1,0,,,,,,,,,
1269728,2021,2021-09-12,"Warner Park, Basseterre, St Kitts",2,6.6,Jamaica Tallawahs,Guyana Amazon Warriors,R Powell,Imad Wasim,OF Smith,2,0,,,,,,,,,
1269728,2021,2021-09-12,"Warner Park, Basseterre, St Kitts",2,6.7,Jamaica Tallawahs,Guyana Amazon Warriors,R Powell,Imad Wasim,OF Smith,0,0,,,,,,,,,
1269728,2021,2021-09-12,"Warner Park, Basseterre, St Kitts",2,6.8,Jamaica Tallawahs,Guyana Amazon Warriors,R Powell,Imad Wasim,OF Smith,0,0,,,,,,,,,
1269728,2021,2021-09-12,"Warner Park, Basseterre, St Kitts",2,7.1,Jamaica Tallawahs,Guyana Amazon Warriors,Imad Wasim,R Powell,R Shepherd,1,0,,,,,,,,,
1269728,2021,2021-09-12,"Warner Park, Basseterre, St Kitts",2,7.2,Jamaica Tallawahs,Guyana Amazon Warriors,R Powell,Imad Wasim,R Shepherd,0,0,,,,,,,,,
1269728,2021,2021-09-12,"Warner Park, Basseterre, St Kitts",2,7.3,Jamaica Tallawahs,Guyana Amazon Warriors,R Powell,Imad Wasim,R Shepherd,0,0,,,,,,caught,R Powell,,
1269728,2021,2021-09-12,"Warner Park, Basseterre, St Kitts",2,7.4,Jamaica Tallawahs,Guyana Amazon Warriors,Imad Wasim,CR Brathwaite,R Shepherd,1,0,,,,,,,,,
1269728,2021,2021-09-12,"Warner Park, Basseterre, St Kitts",2,7.5,Jamaica Tallawahs,Guyana Amazon Warriors,CR Brathwaite,Imad Wasim,R Shepherd,1,0,,,,,,,,,
1269728,2021,2021-09-12,"Warner Park, Basseterre, St Kitts",2,7.6,Jamaica Tallawahs,Guyana Amazon Warriors,Imad Wasim,CR Brathwaite,R Shepherd,0,0,,,,,,caught,Imad Wasim,,
1269728,2021,2021-09-12,"Warner Park, Basseterre, St Kitts",2,8.1,Jamaica Tallawahs,Guyana Amazon Warriors,CR Brathwaite,AD Russell,Imran Tahir,0,0,,,,,,,,,
1269728,2021,2021-09-12,"Warner Park, Basseterre, St Kitts",2,8.2,Jamaica Tallawahs,Guyana Amazon Warriors,CR Brathwaite,AD Russell,Imran Tahir,0,0,,,,,,,,,
1269728,2021,2021-09-12,"Warner Park, Basseterre, St Kitts",2,8.3,Jamaica Tallawahs,Guyana Amazon Warriors,CR Brathwaite,AD Russell,Imran Tahir,0,0,,,,,,,,,
1269728,2021,2021-09-12,"Warner Park, Basseterre, St Kitts",2,8.4,Jamaica Tallawahs,Guyana Amazon Warriors,CR Brathwaite,AD Russell,Imran Tahir,0,0,,,,,,,,,
1269728,2021,2021-09-12,"Warner Park, Basseterre, St Kitts",2,8.5,Jamaica Tallawahs,Guyana Amazon Warriors,CR Brathwaite,AD Russell,Imran Tahir,0,0,,,,,,,,,
1269728,2021,2021-09-12,"Warner Park, Basseterre, St Kitts",2,8.6,Jamaica Tallawahs,Guyana Amazon Warriors,CR Brathwaite,AD Russell,Imran Tahir,0,0,,,,,,,,,
1269728,2021,2021-09-12,"Warner Park, Basseterre, St Kitts",2,9.1,Jamaica Tallawahs,Guyana Amazon Warriors,AD Russell,CR Brathwaite,OF Smith,0,0,,,,,,,,,
1269728,2021,2021-09-12,"Warner Park, Basseterre, St Kitts",2,9.2,Jamaica Tallawahs,Guyana Amazon Warriors,AD Russell,CR Brathwaite,OF Smith,0,1,1,,,,,,,,
1269728,2021,2021-09-12,"Warner Park, Basseterre, St Kitts",2,9.3,Jamaica Tallawahs,Guyana Amazon Warriors,AD Russell,CR Brathwaite,OF Smith,4,0,,,,,,,,,
1269728,2021,2021-09-12,"Warner Park, Basseterre, St Kitts",2,9.4,Jamaica Tallawahs,Guyana Amazon Warriors,AD Russell,CR Brathwaite,OF Smith,0,0,,,,,,,,,
1269728,2021,2021-09-12,"Warner Park, Basseterre, St Kitts",2,9.5,Jamaica Tallawahs,Guyana Amazon Warriors,AD Russell,CR Brathwaite,OF Smith,1,0,,,,,,,,,
1269728,2021,2021-09-12,"Warner Park, Basseterre, St Kitts",2,9.6,Jamaica Tallawahs,Guyana Amazon Warriors,CR Brathwaite,AD Russell,OF Smith,0,0,,,,,,,,,
1269728,2021,2021-09-12,"Warner Park, Basseterre, St Kitts",2,9.7,Jamaica Tallawahs,Guyana Amazon Warriors,CR Brathwaite,AD Russell,OF Smith,0,0,,,,,,,,,
1269728,2021,2021-09-12,"Warner Park, Basseterre, St Kitts",2,10.1,Jamaica Tallawahs,Guyana Amazon Warriors,AD Russell,CR Brathwaite,R Shepherd,1,0,,,,,,,,,
1269728,2021,2021-09-12,"Warner Park, Basseterre, St Kitts",2,10.2,Jamaica Tallawahs,Guyana Amazon Warriors,CR Brathwaite,AD Russell,R Shepherd,6,0,,,,,,,,,
1269728,2021,2021-09-12,"Warner Park, Basseterre, St Kitts",2,10.3,Jamaica Tallawahs,Guyana Amazon Warriors,CR Brathwaite,AD Russell,R Shepherd,1,0,,,,,,,,,
1269728,2021,2021-09-12,"Warner Park, Basseterre, St Kitts",2,10.4,Jamaica Tallawahs,Guyana Amazon Warriors,AD Russell,CR Brathwaite,R Shepherd,0,0,,,,,,,,,
1269728,2021,2021-09-12,"Warner Park, Basseterre, St Kitts",2,10.5,Jamaica Tallawahs,Guyana Amazon Warriors,AD Russell,CR Brathwaite,R Shepherd,4,0,,,,,,,,,
1269728,2021,2021-09-12,"Warner Park, Basseterre, St Kitts",2,10.6,Jamaica Tallawahs,Guyana Amazon Warriors,AD Russell,CR Brathwaite,R Shepherd,0,0,,,,,,,,,
1269728,2021,2021-09-12,"Warner Park, Basseterre, St Kitts",2,11.1,Jamaica Tallawahs,Guyana Amazon Warriors,CR Brathwaite,AD Russell,OF Smith,1,0,,,,,,,,,
1269728,2021,2021-09-12,"Warner Park, Basseterre, St Kitts",2,11.2,Jamaica Tallawahs,Guyana Amazon Warriors,AD Russell,CR Brathwaite,OF Smith,1,0,,,,,,,,,
1269728,2021,2021-09-12,"Warner Park, Basseterre, St Kitts",2,11.3,Jamaica Tallawahs,Guyana Amazon Warriors,CR Brathwaite,AD Russell,OF Smith,0,0,,,,,,,,,
1269728,2021,2021-09-12,"Warner Park, Basseterre, St Kitts",2,11.4,Jamaica Tallawahs,Guyana Amazon Warriors,CR Brathwaite,AD Russell,OF Smith,6,0,,,,,,,,,
1269728,2021,2021-09-12,"Warner Park, Basseterre, St Kitts",2,11.5,Jamaica Tallawahs,Guyana Amazon Warriors,CR Brathwaite,AD Russell,OF Smith,0,0,,,,,,caught,CR Brathwaite,,
1269728,2021,2021-09-12,"Warner Park, Basseterre, St Kitts",2,11.6,Jamaica Tallawahs,Guyana Amazon Warriors,CJ Green,AD Russell,OF Smith,0,0,,,,,,,,,
1269728,2021,2021-09-12,"Warner Park, Basseterre, St Kitts",2,12.1,Jamaica Tallawahs,Guyana Amazon Warriors,AD Russell,CJ Green,R Shepherd,0,1,1,,,,,,,,
1269728,2021,2021-09-12,"Warner Park, Basseterre, St Kitts",2,12.2,Jamaica Tallawahs,Guyana Amazon Warriors,AD Russell,CJ Green,R Shepherd,4,0,,,,,,,,,
1269728,2021,2021-09-12,"Warner Park, Basseterre, St Kitts",2,12.3,Jamaica Tallawahs,Guyana Amazon Warriors,AD Russell,CJ Green,R Shepherd,0,0,,,,,,,,,
1269728,2021,2021-09-12,"Warner Park, Basseterre, St Kitts",2,12.4,Jamaica Tallawahs,Guyana Amazon Warriors,AD Russell,CJ Green,R Shepherd,0,1,1,,,,,,,,
1269728,2021,2021-09-12,"Warner Park, Basseterre, St Kitts",2,12.5,Jamaica Tallawahs,Guyana Amazon Warriors,AD Russell,CJ Green,R Shepherd,4,0,,,,,,,,,
1269728,2021,2021-09-12,"Warner Park, Basseterre, St Kitts",2,12.6,Jamaica Tallawahs,Guyana Amazon Warriors,AD Russell,CJ Green,R Shepherd,0,0,,,,,,caught,AD Russell,,
1269728,2021,2021-09-12,"Warner Park, Basseterre, St Kitts",2,12.7,Jamaica Tallawahs,Guyana Amazon Warriors,M Pretorius,CJ Green,R Shepherd,0,1,1,,,,,,,,
1269728,2021,2021-09-12,"Warner Park, Basseterre, St Kitts",2,12.8,Jamaica Tallawahs,Guyana Amazon Warriors,M Pretorius,CJ Green,R Shepherd,0,0,,,,,,,,,
1269728,2021,2021-09-12,"Warner Park, Basseterre, St Kitts",2,12.9,Jamaica Tallawahs,Guyana Amazon Warriors,M Pretorius,CJ Green,R Shepherd,0,0,,,,,,,,,
1269728,2021,2021-09-12,"Warner Park, Basseterre, St Kitts",2,13.1,Jamaica Tallawahs,Guyana Amazon Warriors,CJ Green,M Pretorius,G Motie,0,0,,,,,,,,,
1269728,2021,2021-09-12,"Warner Park, Basseterre, St Kitts",2,13.2,Jamaica Tallawahs,Guyana Amazon Warriors,CJ Green,M Pretorius,G Motie,2,0,,,,,,,,,
1269728,2021,2021-09-12,"Warner Park, Basseterre, St Kitts",2,13.3,Jamaica Tallawahs,Guyana Amazon Warriors,CJ Green,M Pretorius,G Motie,1,0,,,,,,,,,
1269728,2021,2021-09-12,"Warner Park, Basseterre, St Kitts",2,13.4,Jamaica Tallawahs,Guyana Amazon Warriors,M Pretorius,CJ Green,G Motie,1,0,,,,,,,,,
1269728,2021,2021-09-12,"Warner Park, Basseterre, St Kitts",2,13.5,Jamaica Tallawahs,Guyana Amazon Warriors,CJ Green,M Pretorius,G Motie,0,0,,,,,,,,,
1269728,2021,2021-09-12,"Warner Park, Basseterre, St Kitts",2,13.6,Jamaica Tallawahs,Guyana Amazon Warriors,CJ Green,M Pretorius,G Motie,0,0,,,,,,,,,
1269728,2021,2021-09-12,"Warner Park, Basseterre, St Kitts",2,14.1,Jamaica Tallawahs,Guyana Amazon Warriors,M Pretorius,CJ Green,Naveen-ul-Haq,6,0,,,,,,,,,
1269728,2021,2021-09-12,"Warner Park, Basseterre, St Kitts",2,14.2,Jamaica Tallawahs,Guyana Amazon Warriors,M Pretorius,CJ Green,Naveen-ul-Haq,0,0,,,,,,caught and bowled,M Pretorius,,
1269728,2021,2021-09-12,"Warner Park, Basseterre, St Kitts",2,14.3,Jamaica Tallawahs,Guyana Amazon Warriors,CJ Green,FH Edwards,Naveen-ul-Haq,2,0,,,,,,,,,
1269728,2021,2021-09-12,"Warner Park, Basseterre, St Kitts",2,14.4,Jamaica Tallawahs,Guyana Amazon Warriors,CJ Green,FH Edwards,Naveen-ul-Haq,0,0,,,,,,,,,
1269728,2021,2021-09-12,"Warner Park, Basseterre, St Kitts",2,14.5,Jamaica Tallawahs,Guyana Amazon Warriors,CJ Green,FH Edwards,Naveen-ul-Haq,1,0,,,,,,,,,
1269728,2021,2021-09-12,"Warner Park, Basseterre, St Kitts",2,14.6,Jamaica Tallawahs,Guyana Amazon Warriors,FH Edwards,CJ Green,Naveen-ul-Haq,4,0,,,,,,,,,
1269728,2021,2021-09-12,"Warner Park, Basseterre, St Kitts",2,15.1,Jamaica Tallawahs,Guyana Amazon Warriors,CJ Green,FH Edwards,G Motie,0,0,,,,,,,,,
1269728,2021,2021-09-12,"Warner Park, Basseterre, St Kitts",2,15.2,Jamaica Tallawahs,Guyana Amazon Warriors,CJ Green,FH Edwards,G Motie,1,0,,,,,,,,,
1269728,2021,2021-09-12,"Warner Park, Basseterre, St Kitts",2,15.3,Jamaica Tallawahs,Guyana Amazon Warriors,FH Edwards,CJ Green,G Motie,1,0,,,,,,,,,
1269728,2021,2021-09-12,"Warner Park, Basseterre, St Kitts",2,15.4,Jamaica Tallawahs,Guyana Amazon Warriors,CJ Green,FH Edwards,G Motie,6,0,,,,,,,,,
1269728,2021,2021-09-12,"Warner Park, Basseterre, St Kitts",2,15.5,Jamaica Tallawahs,Guyana Amazon Warriors,CJ Green,FH Edwards,G Motie,1,0,,,,,,,,,
1269728,2021,2021-09-12,"Warner Park, Basseterre, St Kitts",2,15.6,Jamaica Tallawahs,Guyana Amazon Warriors,FH Edwards,CJ Green,G Motie,6,0,,,,,,,,,
1269728,2021,2021-09-12,"Warner Park, Basseterre, St Kitts",2,16.1,Jamaica Tallawahs,Guyana Amazon Warriors,CJ Green,FH Edwards,Naveen-ul-Haq,0,0,,,,,,,,,
1269728,2021,2021-09-12,"Warner Park, Basseterre, St Kitts",2,16.2,Jamaica Tallawahs,Guyana Amazon Warriors,CJ Green,FH Edwards,Naveen-ul-Haq,6,0,,,,,,,,,
1269728,2021,2021-09-12,"Warner Park, Basseterre, St Kitts",2,16.3,Jamaica Tallawahs,Guyana Amazon Warriors,CJ Green,FH Edwards,Naveen-ul-Haq,4,0,,,,,,,,,
1269728,2021,2021-09-12,"Warner Park, Basseterre, St Kitts",2,16.4,Jamaica Tallawahs,Guyana Amazon Warriors,CJ Green,FH Edwards,Naveen-ul-Haq,0,0,,,,,,,,,
1269728,2021,2021-09-12,"Warner Park, Basseterre, St Kitts",2,16.5,Jamaica Tallawahs,Guyana Amazon Warriors,CJ Green,FH Edwards,Naveen-ul-Haq,6,0,,,,,,,,,
1269728,2021,2021-09-12,"Warner Park, Basseterre, St Kitts",2,16.6,Jamaica Tallawahs,Guyana Amazon Warriors,CJ Green,FH Edwards,Naveen-ul-Haq,1,0,,,,,,,,,
1269728,2021,2021-09-12,"Warner Park, Basseterre, St Kitts",2,17.1,Jamaica Tallawahs,Guyana Amazon Warriors,CJ Green,FH Edwards,OF Smith,0,0,,,,,,caught,CJ Green,,
