match_id,season,start_date,venue,innings,ball,batting_team,bowling_team,striker,non_striker,bowler,runs_off_bat,extras,wides,noballs,byes,legbyes,penalty,wicket_type,player_dismissed,other_wicket_type,other_player_dismissed
1269719,2021,2021-09-07,"Warner Park, Basseterre, St Kitts",1,0.1,Barbados Royals,Guyana Amazon Warriors,KR Mayers,J Charles,C Hemraj,0,0,,,,,,,,,
1269719,2021,2021-09-07,"Warner Park, Basseterre, St Kitts",1,0.2,Barbados Royals,Guyana Amazon Warriors,KR Mayers,J Charles,C Hemraj,0,0,,,,,,,,,
1269719,2021,2021-09-07,"Warner Park, Basseterre, St Kitts",1,0.3,Barbados Royals,Guyana Amazon Warriors,KR Mayers,J Charles,C Hemraj,4,0,,,,,,,,,
1269719,2021,2021-09-07,"Warner Park, Basseterre, St Kitts",1,0.4,Barbados Royals,Guyana Amazon Warriors,KR Mayers,J Charles,C Hemraj,0,0,,,,,,,,,
1269719,2021,2021-09-07,"Warner Park, Basseterre, St Kitts",1,0.5,Barbados Royals,Guyana Amazon Warriors,KR Mayers,J Charles,C Hemraj,1,0,,,,,,,,,
1269719,2021,2021-09-07,"Warner Park, Basseterre, St Kitts",1,0.6,Barbados Royals,Guyana Amazon Warriors,J Charles,KR Mayers,C Hemraj,0,0,,,,,,,,,
1269719,2021,2021-09-07,"Warner Park, Basseterre, St Kitts",1,1.1,Barbados Royals,Guyana Amazon Warriors,KR Mayers,J Charles,K Sinclair,0,0,,,,,,,,,
1269719,2021,2021-09-07,"Warner Park, Basseterre, St Kitts",1,1.2,Barbados Royals,Guyana Amazon Warriors,KR Mayers,J Charles,K Sinclair,0,1,1,,,,,,,,
1269719,2021,2021-09-07,"Warner Park, Basseterre, St Kitts",1,1.3,Barbados Royals,Guyana Amazon Warriors,KR Mayers,J Charles,K Sinclair,0,0,,,,,,,,,
1269719,2021,2021-09-07,"Warner Park, Basseterre, St Kitts",1,1.4,Barbados Royals,Guyana Amazon Warriors,KR Mayers,J Charles,K Sinclair,0,0,,,,,,,,,
1269719,2021,2021-09-07,"Warner Park, Basseterre, St Kitts",1,1.5,Barbados Royals,Guyana Amazon Warriors,KR Mayers,J Charles,K Sinclair,2,0,,,,,,,,,
1269719,2021,2021-09-07,"Warner Park, Basseterre, St Kitts",1,1.6,Barbados Royals,Guyana Amazon Warriors,KR Mayers,J Charles,K Sinclair,4,0,,,,,,,,,
1269719,2021,2021-09-07,"Warner Park, Basseterre, St Kitts",1,1.7,Barbados Royals,Guyana Amazon Warriors,KR Mayers,J Charles,K Sinclair,4,0,,,,,,,,,
1269719,2021,2021-09-07,"Warner Park, Basseterre, St Kitts",1,2.1,Barbados Royals,Guyana Amazon Warriors,J Charles,KR Mayers,C Hemraj,0,0,,,,,,,,,
1269719,2021,2021-09-07,"Warner Park, Basseterre, St Kitts",1,2.2,Barbados Royals,Guyana Amazon Warriors,J Charles,KR Mayers,C Hemraj,1,0,,,,,,,,,
1269719,2021,2021-09-07,"Warner Park, Basseterre, St Kitts",1,2.3,Barbados Royals,Guyana Amazon Warriors,KR Mayers,J Charles,C Hemraj,0,0,,,,,,,,,
1269719,2021,2021-09-07,"Warner Park, Basseterre, St Kitts",1,2.4,Barbados Royals,Guyana Amazon Warriors,KR Mayers,J Charles,C Hemraj,4,0,,,,,,,,,
1269719,2021,2021-09-07,"Warner Park, Basseterre, St Kitts",1,2.5,Barbados Royals,Guyana Amazon Warriors,KR Mayers,J Charles,C Hemraj,1,0,,,,,,,,,
1269719,2021,2021-09-07,"Warner Park, Basseterre, St Kitts",1,2.6,Barbados Royals,Guyana Amazon Warriors,J Charles,KR Mayers,C Hemraj,4,0,,,,,,,,,
1269719,2021,2021-09-07,"Warner Park, Basseterre, St Kitts",1,3.1,Barbados Royals,Guyana Amazon Warriors,KR Mayers,J Charles,R Shepherd,2,0,,,,,,,,,
1269719,2021,2021-09-07,"Warner Park, Basseterre, St Kitts",1,3.2,Barbados Royals,Guyana Amazon Warriors,KR Mayers,J Charles,R Shepherd,2,0,,,,,,,,,
1269719,2021,2021-09-07,"Warner Park, Basseterre, St Kitts",1,3.3,Barbados Royals,Guyana Amazon Warriors,KR Mayers,J Charles,R Shepherd,0,0,,,,,,,,,
1269719,2021,2021-09-07,"Warner Park, Basseterre, St Kitts",1,3.4,Barbados Royals,Guyana Amazon Warriors,KR Mayers,J Charles,R Shepherd,6,0,,,,,,,,,
1269719,2021,2021-09-07,"Warner Park, Basseterre, St Kitts",1,3.5,Barbados Royals,Guyana Amazon Warriors,KR Mayers,J Charles,R Shepherd,6,0,,,,,,,,,
1269719,2021,2021-09-07,"Warner Park, Basseterre, St Kitts",1,3.6,Barbados Royals,Guyana Amazon Warriors,KR Mayers,J Charles,R Shepherd,0,0,,,,,,caught,KR Mayers,,
1269719,2021,2021-09-07,"Warner Park, Basseterre, St Kitts",1,4.1,Barbados Royals,Guyana Amazon Warriors,J Charles,Azam Khan,OF Smith,0,1,1,,,,,,,,
1269719,2021,2021-09-07,"Warner Park, Basseterre, St Kitts",1,4.2,Barbados Royals,Guyana Amazon Warriors,J Charles,Azam Khan,OF Smith,4,0,,,,,,,,,
1269719,2021,2021-09-07,"Warner Park, Basseterre, St Kitts",1,4.3,Barbados Royals,Guyana Amazon Warriors,J Charles,Azam Khan,OF Smith,6,0,,,,,,,,,
1269719,2021,2021-09-07,"Warner Park, Basseterre, St Kitts",1,4.4,Barbados Royals,Guyana Amazon Warriors,J Charles,Azam Khan,OF Smith,4,0,,,,,,,,,
1269719,2021,2021-09-07,"Warner Park, Basseterre, St Kitts",1,4.5,Barbados Royals,Guyana Amazon Warriors,J Charles,Azam Khan,OF Smith,0,0,,,,,,,,,
1269719,2021,2021-09-07,"Warner Park, Basseterre, St Kitts",1,4.6,Barbados Royals,Guyana Amazon Warriors,J Charles,Azam Khan,OF Smith,0,4,,,,4,,,,,
1269719,2021,2021-09-07,"Warner Park, Basseterre, St Kitts",1,4.7,Barbados Royals,Guyana Amazon Warriors,J Charles,Azam Khan,OF Smith,1,0,,,,,,,,,
1269719,2021,2021-09-07,"Warner Park, Basseterre, St Kitts",1,5.1,Barbados Royals,Guyana Amazon Warriors,J Charles,Azam Khan,Imran Tahir,4,0,,,,,,,,,
1269719,2021,2021-09-07,"Warner Park, Basseterre, St Kitts",1,5.2,Barbados Royals,Guyana Amazon Warriors,J Charles,Azam Khan,Imran Tahir,0,0,,,,,,,,,
1269719,2021,2021-09-07,"Warner Park, Basseterre, St Kitts",1,5.3,Barbados Royals,Guyana Amazon Warriors,J Charles,Azam Khan,Imran Tahir,0,0,,,,,,,,,
1269719,2021,2021-09-07,"Warner Park, Basseterre, St Kitts",1,5.4,Barbados Royals,Guyana Amazon Warriors,J Charles,Azam Khan,Imran Tahir,0,0,,,,,,,,,
1269719,2021,2021-09-07,"Warner Park, Basseterre, St Kitts",1,5.5,Barbados Royals,Guyana Amazon Warriors,J Charles,Azam Khan,Imran Tahir,1,0,,,,,,,,,
1269719,2021,2021-09-07,"Warner Park, Basseterre, St Kitts",1,5.6,Barbados Royals,Guyana Amazon Warriors,Azam Khan,J Charles,Imran Tahir,0,0,,,,,,,,,
1269719,2021,2021-09-07,"Warner Park, Basseterre, St Kitts",1,6.1,Barbados Royals,Guyana Amazon Warriors,J Charles,Azam Khan,G Motie,0,0,,,,,,,,,
1269719,2021,2021-09-07,"Warner Park, Basseterre, St Kitts",1,6.2,Barbados Royals,Guyana Amazon Warriors,J Charles,Azam Khan,G Motie,4,0,,,,,,,,,
1269719,2021,2021-09-07,"Warner Park, Basseterre, St Kitts",1,6.3,Barbados Royals,Guyana Amazon Warriors,J Charles,Azam Khan,G Motie,6,0,,,,,,,,,
1269719,2021,2021-09-07,"Warner Park, Basseterre, St Kitts",1,6.4,Barbados Royals,Guyana Amazon Warriors,J Charles,Azam Khan,G Motie,1,0,,,,,,,,,
1269719,2021,2021-09-07,"Warner Park, Basseterre, St Kitts",1,6.5,Barbados Royals,Guyana Amazon Warriors,Azam Khan,J Charles,G Motie,1,0,,,,,,,,,
1269719,2021,2021-09-07,"Warner Park, Basseterre, St Kitts",1,6.6,Barbados Royals,Guyana Amazon Warriors,J Charles,Azam Khan,G Motie,4,0,,,,,,,,,
1269719,2021,2021-09-07,"Warner Park, Basseterre, St Kitts",1,7.1,Barbados Royals,Guyana Amazon Warriors,Azam Khan,J Charles,Mohammad Hafeez,2,0,,,,,,,,,
1269719,2021,2021-09-07,"Warner Park, Basseterre, St Kitts",1,7.2,Barbados Royals,Guyana Amazon Warriors,Azam Khan,J Charles,Mohammad Hafeez,0,0,,,,,,,,,
1269719,2021,2021-09-07,"Warner Park, Basseterre, St Kitts",1,7.3,Barbados Royals,Guyana Amazon Warriors,Azam Khan,J Charles,Mohammad Hafeez,1,0,,,,,,,,,
1269719,2021,2021-09-07,"Warner Park, Basseterre, St Kitts",1,7.4,Barbados Royals,Guyana Amazon Warriors,J Charles,Azam Khan,Mohammad Hafeez,0,0,,,,,,caught,J Charles,,
1269719,2021,2021-09-07,"Warner Park, Basseterre, St Kitts",1,7.5,Barbados Royals,Guyana Amazon Warriors,SK Patel,Azam Khan,Mohammad Hafeez,1,0,,,,,,,,,
1269719,2021,2021-09-07,"Warner Park, Basseterre, St Kitts",1,7.6,Barbados Royals,Guyana Amazon Warriors,Azam Khan,SK Patel,Mohammad Hafeez,0,0,,,,,,,,,
1269719,2021,2021-09-07,"Warner Park, Basseterre, St Kitts",1,8.1,Barbados Royals,Guyana Amazon Warriors,SK Patel,Azam Khan,Imran Tahir,1,0,,,,,,,,,
1269719,2021,2021-09-07,"Warner Park, Basseterre, St Kitts",1,8.2,Barbados Royals,Guyana Amazon Warriors,Azam Khan,SK Patel,Imran Tahir,0,0,,,,,,,,,
1269719,2021,2021-09-07,"Warner Park, Basseterre, St Kitts",1,8.3,Barbados Royals,Guyana Amazon Warriors,Azam Khan,SK Patel,Imran Tahir,0,0,,,,,,lbw,Azam Khan,,
1269719,2021,2021-09-07,"Warner Park, Basseterre, St Kitts",1,8.4,Barbados Royals,Guyana Amazon Warriors,GD Phillips,SK Patel,Imran Tahir,0,0,,,,,,,,,
1269719,2021,2021-09-07,"Warner Park, Basseterre, St Kitts",1,8.5,Barbados Royals,Guyana Amazon Warriors,GD Phillips,SK Patel,Imran Tahir,0,0,,,,,,,,,
1269719,2021,2021-09-07,"Warner Park, Basseterre, St Kitts",1,8.6,Barbados Royals,Guyana Amazon Warriors,GD Phillips,SK Patel,Imran Tahir,0,0,,,,,,,,,
1269719,2021,2021-09-07,"Warner Park, Basseterre, St Kitts",1,9.1,Barbados Royals,Guyana Amazon Warriors,SK Patel,GD Phillips,Mohammad Hafeez,1,0,,,,,,,,,
1269719,2021,2021-09-07,"Warner Park, Basseterre, St Kitts",1,9.2,Barbados Royals,Guyana Amazon Warriors,GD Phillips,SK Patel,Mohammad Hafeez,1,0,,,,,,,,,
1269719,2021,2021-09-07,"Warner Park, Basseterre, St Kitts",1,9.3,Barbados Royals,Guyana Amazon Warriors,SK Patel,GD Phillips,Mohammad Hafeez,1,0,,,,,,,,,
1269719,2021,2021-09-07,"Warner Park, Basseterre, St Kitts",1,9.4,Barbados Royals,Guyana Amazon Warriors,GD Phillips,SK Patel,Mohammad Hafeez,0,0,,,,,,,,,
1269719,2021,2021-09-07,"Warner Park, Basseterre, St Kitts",1,9.5,Barbados Royals,Guyana Amazon Warriors,GD Phillips,SK Patel,Mohammad Hafeez,0,0,,,,,,,,,
1269719,2021,2021-09-07,"Warner Park, Basseterre, St Kitts",1,9.6,Barbados Royals,Guyana Amazon Warriors,GD Phillips,SK Patel,Mohammad Hafeez,0,0,,,,,,,,,
1269719,2021,2021-09-07,"Warner Park, Basseterre, St Kitts",1,10.1,Barbados Royals,Guyana Amazon Warriors,SK Patel,GD Phillips,Imran Tahir,0,0,,,,,,,,,
1269719,2021,2021-09-07,"Warner Park, Basseterre, St Kitts",1,10.2,Barbados Royals,Guyana Amazon Warriors,SK Patel,GD Phillips,Imran Tahir,0,0,,,,,,,,,
1269719,2021,2021-09-07,"Warner Park, Basseterre, St Kitts",1,10.3,Barbados Royals,Guyana Amazon Warriors,SK Patel,GD Phillips,Imran Tahir,1,0,,,,,,,,,
1269719,2021,2021-09-07,"Warner Park, Basseterre, St Kitts",1,10.4,Barbados Royals,Guyana Amazon Warriors,GD Phillips,SK Patel,Imran Tahir,0,0,,,,,,,,,
1269719,2021,2021-09-07,"Warner Park, Basseterre, St Kitts",1,10.5,Barbados Royals,Guyana Amazon Warriors,GD Phillips,SK Patel,Imran Tahir,6,0,,,,,,,,,
1269719,2021,2021-09-07,"Warner Park, Basseterre, St Kitts",1,10.6,Barbados Royals,Guyana Amazon Warriors,GD Phillips,SK Patel,Imran Tahir,1,0,,,,,,,,,
1269719,2021,2021-09-07,"Warner Park, Basseterre, St Kitts",1,11.1,Barbados Royals,Guyana Amazon Warriors,GD Phillips,SK Patel,Mohammad Hafeez,0,0,,,,,,,,,
1269719,2021,2021-09-07,"Warner Park, Basseterre, St Kitts",1,11.2,Barbados Royals,Guyana Amazon Warriors,GD Phillips,SK Patel,Mohammad Hafeez,1,0,,,,,,,,,
1269719,2021,2021-09-07,"Warner Park, Basseterre, St Kitts",1,11.3,Barbados Royals,Guyana Amazon Warriors,SK Patel,GD Phillips,Mohammad Hafeez,1,0,,,,,,,,,
1269719,2021,2021-09-07,"Warner Park, Basseterre, St Kitts",1,11.4,Barbados Royals,Guyana Amazon Warriors,GD Phillips,SK Patel,Mohammad Hafeez,0,0,,,,,,,,,
1269719,2021,2021-09-07,"Warner Park, Basseterre, St Kitts",1,11.5,Barbados Royals,Guyana Amazon Warriors,GD Phillips,SK Patel,Mohammad Hafeez,1,0,,,,,,,,,
1269719,2021,2021-09-07,"Warner Park, Basseterre, St Kitts",1,11.6,Barbados Royals,Guyana Amazon Warriors,SK Patel,GD Phillips,Mohammad Hafeez,0,0,,,,,,,,,
1269719,2021,2021-09-07,"Warner Park, Basseterre, St Kitts",1,12.1,Barbados Royals,Guyana Amazon Warriors,GD Phillips,SK Patel,Imran Tahir,1,0,,,,,,,,,
1269719,2021,2021-09-07,"Warner Park, Basseterre, St Kitts",1,12.2,Barbados Royals,Guyana Amazon Warriors,SK Patel,GD Phillips,Imran Tahir,1,0,,,,,,,,,
1269719,2021,2021-09-07,"Warner Park, Basseterre, St Kitts",1,12.3,Barbados Royals,Guyana Amazon Warriors,GD Phillips,SK Patel,Imran Tahir,6,0,,,,,,,,,
1269719,2021,2021-09-07,"Warner Park, Basseterre, St Kitts",1,12.4,Barbados Royals,Guyana Amazon Warriors,GD Phillips,SK Patel,Imran Tahir,6,0,,,,,,,,,
1269719,2021,2021-09-07,"Warner Park, Basseterre, St Kitts",1,12.5,Barbados Royals,Guyana Amazon Warriors,GD Phillips,SK Patel,Imran Tahir,0,0,,,,,,,,,
1269719,2021,2021-09-07,"Warner Park, Basseterre, St Kitts",1,12.6,Barbados Royals,Guyana Amazon Warriors,GD Phillips,SK Patel,Imran Tahir,1,0,,,,,,,,,
1269719,2021,2021-09-07,"Warner Park, Basseterre, St Kitts",1,13.1,Barbados Royals,Guyana Amazon Warriors,GD Phillips,SK Patel,Mohammad Hafeez,0,0,,,,,,,,,
1269719,2021,2021-09-07,"Warner Park, Basseterre, St Kitts",1,13.2,Barbados Royals,Guyana Amazon Warriors,GD Phillips,SK Patel,Mohammad Hafeez,4,0,,,,,,,,,
1269719,2021,2021-09-07,"Warner Park, Basseterre, St Kitts",1,13.3,Barbados Royals,Guyana Amazon Warriors,GD Phillips,SK Patel,Mohammad Hafeez,4,0,,,,,,,,,
1269719,2021,2021-09-07,"Warner Park, Basseterre, St Kitts",1,13.4,Barbados Royals,Guyana Amazon Warriors,GD Phillips,SK Patel,Mohammad Hafeez,1,0,,,,,,,,,
1269719,2021,2021-09-07,"Warner Park, Basseterre, St Kitts",1,13.5,Barbados Royals,Guyana Amazon Warriors,SK Patel,GD Phillips,Mohammad Hafeez,0,0,,,,,,,,,
1269719,2021,2021-09-07,"Warner Park, Basseterre, St Kitts",1,13.6,Barbados Royals,Guyana Amazon Warriors,SK Patel,GD Phillips,Mohammad Hafeez,1,0,,,,,,,,,
1269719,2021,2021-09-07,"Warner Park, Basseterre, St Kitts",1,14.1,Barbados Royals,Guyana Amazon Warriors,SK Patel,GD Phillips,R Shepherd,0,0,,,,,,,,,
1269719,2021,2021-09-07,"Warner Park, Basseterre, St Kitts",1,14.2,Barbados Royals,Guyana Amazon Warriors,SK Patel,GD Phillips,R Shepherd,2,0,,,,,,,,,
1269719,2021,2021-09-07,"Warner Park, Basseterre, St Kitts",1,14.3,Barbados Royals,Guyana Amazon Warriors,SK Patel,GD Phillips,R Shepherd,4,0,,,,,,,,,
1269719,2021,2021-09-07,"Warner Park, Basseterre, St Kitts",1,14.4,Barbados Royals,Guyana Amazon Warriors,SK Patel,GD Phillips,R Shepherd,0,0,,,,,,,,,
1269719,2021,2021-09-07,"Warner Park, Basseterre, St Kitts",1,14.5,Barbados Royals,Guyana Amazon Warriors,SK Patel,GD Phillips,R Shepherd,0,0,,,,,,,,,
1269719,2021,2021-09-07,"Warner Park, Basseterre, St Kitts",1,14.6,Barbados Royals,Guyana Amazon Warriors,SK Patel,GD Phillips,R Shepherd,1,0,,,,,,,,,
1269719,2021,2021-09-07,"Warner Park, Basseterre, St Kitts",1,15.1,Barbados Royals,Guyana Amazon Warriors,SK Patel,GD Phillips,G Motie,0,0,,,,,,,,,
1269719,2021,2021-09-07,"Warner Park, Basseterre, St Kitts",1,15.2,Barbados Royals,Guyana Amazon Warriors,SK Patel,GD Phillips,G Motie,1,0,,,,,,,,,
1269719,2021,2021-09-07,"Warner Park, Basseterre, St Kitts",1,15.3,Barbados Royals,Guyana Amazon Warriors,GD Phillips,SK Patel,G Motie,1,0,,,,,,,,,
1269719,2021,2021-09-07,"Warner Park, Basseterre, St Kitts",1,15.4,Barbados Royals,Guyana Amazon Warriors,SK Patel,GD Phillips,G Motie,0,0,,,,,,caught,SK Patel,,
1269719,2021,2021-09-07,"Warner Park, Basseterre, St Kitts",1,15.5,Barbados Royals,Guyana Amazon Warriors,GD Phillips,JO Holder,G Motie,6,0,,,,,,,,,
1269719,2021,2021-09-07,"Warner Park, Basseterre, St Kitts",1,15.6,Barbados Royals,Guyana Amazon Warriors,GD Phillips,JO Holder,G Motie,1,0,,,,,,,,,
1269719,2021,2021-09-07,"Warner Park, Basseterre, St Kitts",1,16.1,Barbados Royals,Guyana Amazon Warriors,GD Phillips,JO Holder,R Shepherd,0,0,,,,,,,,,
1269719,2021,2021-09-07,"Warner Park, Basseterre, St Kitts",1,16.2,Barbados Royals,Guyana Amazon Warriors,GD Phillips,JO Holder,R Shepherd,2,0,,,,,,,,,
1269719,2021,2021-09-07,"Warner Park, Basseterre, St Kitts",1,16.3,Barbados Royals,Guyana Amazon Warriors,GD Phillips,JO Holder,R Shepherd,0,0,,,,,,,,,
1269719,2021,2021-09-07,"Warner Park, Basseterre, St Kitts",1,16.4,Barbados Royals,Guyana Amazon Warriors,GD Phillips,JO Holder,R Shepherd,1,0,,,,,,,,,
1269719,2021,2021-09-07,"Warner Park, Basseterre, St Kitts",1,16.5,Barbados Royals,Guyana Amazon Warriors,JO Holder,GD Phillips,R Shepherd,0,0,,,,,,,,,
1269719,2021,2021-09-07,"Warner Park, Basseterre, St Kitts",1,16.6,Barbados Royals,Guyana Amazon Warriors,JO Holder,GD Phillips,R Shepherd,2,0,,,,,,,,,
1269719,2021,2021-09-07,"Warner Park, Basseterre, St Kitts",1,17.1,Barbados Royals,Guyana Amazon Warriors,GD Phillips,JO Holder,OF Smith,0,1,1,,,,,,,,
1269719,2021,2021-09-07,"Warner Park, Basseterre, St Kitts",1,17.2,Barbados Royals,Guyana Amazon Warriors,GD Phillips,JO Holder,OF Smith,0,0,,,,,,bowled,GD Phillips,,
1269719,2021,2021-09-07,"Warner Park, Basseterre, St Kitts",1,17.3,Barbados Royals,Guyana Amazon Warriors,RA Reifer,JO Holder,OF Smith,1,0,,,,,,,,,
1269719,2021,2021-09-07,"Warner Park, Basseterre, St Kitts",1,17.4,Barbados Royals,Guyana Amazon Warriors,JO Holder,RA Reifer,OF Smith,6,0,,,,,,,,,
1269719,2021,2021-09-07,"Warner Park, Basseterre, St Kitts",1,17.5,Barbados Royals,Guyana Amazon Warriors,JO Holder,RA Reifer,OF Smith,4,0,,,,,,,,,
1269719,2021,2021-09-07,"Warner Park, Basseterre, St Kitts",1,17.6,Barbados Royals,Guyana Amazon Warriors,JO Holder,RA Reifer,OF Smith,6,0,,,,,,,,,
1269719,2021,2021-09-07,"Warner Park, Basseterre, St Kitts",1,17.7,Barbados Royals,Guyana Amazon Warriors,JO Holder,RA Reifer,OF Smith,4,0,,,,,,,,,
1269719,2021,2021-09-07,"Warner Park, Basseterre, St Kitts",1,18.1,Barbados Royals,Guyana Amazon Warriors,RA Reifer,JO Holder,G Motie,6,0,,,,,,,,,
1269719,2021,2021-09-07,"Warner Park, Basseterre, St Kitts",1,18.2,Barbados Royals,Guyana Amazon Warriors,RA Reifer,JO Holder,G Motie,1,0,,,,,,,,,
1269719,2021,2021-09-07,"Warner Park, Basseterre, St Kitts",1,18.3,Barbados Royals,Guyana Amazon Warriors,JO Holder,RA Reifer,G Motie,0,0,,,,,,caught,JO Holder,,
1269719,2021,2021-09-07,"Warner Park, Basseterre, St Kitts",1,18.4,Barbados Royals,Guyana Amazon Warriors,RA Reifer,AR Nurse,G Motie,0,4,,,4,,,,,,
1269719,2021,2021-09-07,"Warner Park, Basseterre, St Kitts",1,18.5,Barbados Royals,Guyana Amazon Warriors,RA Reifer,AR Nurse,G Motie,1,0,,,,,,,,,
1269719,2021,2021-09-07,"Warner Park, Basseterre, St Kitts",1,18.6,Barbados Royals,Guyana Amazon Warriors,AR Nurse,RA Reifer,G Motie,0,0,,,,,,,,,
1269719,2021,2021-09-07,"Warner Park, Basseterre, St Kitts",1,19.1,Barbados Royals,Guyana Amazon Warriors,RA Reifer,AR Nurse,R Shepherd,1,0,,,,,,,,,
1269719,2021,2021-09-07,"Warner Park, Basseterre, St Kitts",1,19.2,Barbados Royals,Guyana Amazon Warriors,AR Nurse,RA Reifer,R Shepherd,0,0,,,,,,,,,
1269719,2021,2021-09-07,"Warner Park, Basseterre, St Kitts",1,19.3,Barbados Royals,Guyana Amazon Warriors,AR Nurse,RA Reifer,R Shepherd,1,0,,,,,,,,,
1269719,2021,2021-09-07,"Warner Park, Basseterre, St Kitts",1,19.4,Barbados Royals,Guyana Amazon Warriors,RA Reifer,AR Nurse,R Shepherd,0,0,,,,,,caught,RA Reifer,,
1269719,2021,2021-09-07,"Warner Park, Basseterre, St Kitts",1,19.5,Barbados Royals,Guyana Amazon Warriors,NRJ Young,AR Nurse,R Shepherd,1,0,,,,,,,,,
1269719,2021,2021-09-07,"Warner Park, Basseterre, St Kitts",1,19.6,Barbados Royals,Guyana Amazon Warriors,AR Nurse,NRJ Young,R Shepherd,0,0,,,,,,caught,AR Nurse,,
1269719,2021,2021-09-07,"Warner Park, Basseterre, St Kitts",2,0.1,Guyana Amazon Warriors,Barbados Royals,BA King,C Hemraj,Mohammad Amir,4,0,,,,,,,,,
1269719,2021,2021-09-07,"Warner Park, Basseterre, St Kitts",2,0.2,Guyana Amazon Warriors,Barbados Royals,BA King,C Hemraj,Mohammad Amir,1,0,,,,,,,,,
1269719,2021,2021-09-07,"Warner Park, Basseterre, St Kitts",2,0.3,Guyana Amazon Warriors,Barbados Royals,C Hemraj,BA King,Mohammad Amir,1,0,,,,,,,,,
1269719,2021,2021-09-07,"Warner Park, Basseterre, St Kitts",2,0.4,Guyana Amazon Warriors,Barbados Royals,BA King,C Hemraj,Mohammad Amir,0,0,,,,,,caught,BA King,,
1269719,2021,2021-09-07,"Warner Park, Basseterre, St Kitts",2,0.5,Guyana Amazon Warriors,Barbados Royals,Mohammad Hafeez,C Hemraj,Mohammad Amir,0,0,,,,,,,,,
1269719,2021,2021-09-07,"Warner Park, Basseterre, St Kitts",2,0.6,Guyana Amazon Warriors,Barbados Royals,Mohammad Hafeez,C Hemraj,Mohammad Amir,0,0,,,,,,,,,
1269719,2021,2021-09-07,"Warner Park, Basseterre, St Kitts",2,1.1,Guyana Amazon Warriors,Barbados Royals,C Hemraj,Mohammad Hafeez,JO Holder,0,0,,,,,,,,,
1269719,2021,2021-09-07,"Warner Park, Basseterre, St Kitts",2,1.2,Guyana Amazon Warriors,Barbados Royals,C Hemraj,Mohammad Hafeez,JO Holder,0,0,,,,,,,,,
1269719,2021,2021-09-07,"Warner Park, Basseterre, St Kitts",2,1.3,Guyana Amazon Warriors,Barbados Royals,C Hemraj,Mohammad Hafeez,JO Holder,1,0,,,,,,,,,
1269719,2021,2021-09-07,"Warner Park, Basseterre, St Kitts",2,1.4,Guyana Amazon Warriors,Barbados Royals,Mohammad Hafeez,C Hemraj,JO Holder,1,0,,,,,,,,,
1269719,2021,2021-09-07,"Warner Park, Basseterre, St Kitts",2,1.5,Guyana Amazon Warriors,Barbados Royals,C Hemraj,Mohammad Hafeez,JO Holder,6,0,,,,,,,,,
1269719,2021,2021-09-07,"Warner Park, Basseterre, St Kitts",2,1.6,Guyana Amazon Warriors,Barbados Royals,C Hemraj,Mohammad Hafeez,JO Holder,0,0,,,,,,,,,
1269719,2021,2021-09-07,"Warner Park, Basseterre, St Kitts",2,2.1,Guyana Amazon Warriors,Barbados Royals,Mohammad Hafeez,C Hemraj,Mohammad Amir,1,0,,,,,,,,,
1269719,2021,2021-09-07,"Warner Park, Basseterre, St Kitts",2,2.2,Guyana Amazon Warriors,Barbados Royals,C Hemraj,Mohammad Hafeez,Mohammad Amir,1,0,,,,,,,,,
1269719,2021,2021-09-07,"Warner Park, Basseterre, St Kitts",2,2.3,Guyana Amazon Warriors,Barbados Royals,Mohammad Hafeez,C Hemraj,Mohammad Amir,4,0,,,,,,,,,
1269719,2021,2021-09-07,"Warner Park, Basseterre, St Kitts",2,2.4,Guyana Amazon Warriors,Barbados Royals,Mohammad Hafeez,C Hemraj,Mohammad Amir,1,0,,,,,,,,,
1269719,2021,2021-09-07,"Warner Park, Basseterre, St Kitts",2,2.5,Guyana Amazon Warriors,Barbados Royals,C Hemraj,Mohammad Hafeez,Mohammad Amir,1,0,,,,,,,,,
1269719,2021,2021-09-07,"Warner Park, Basseterre, St Kitts",2,2.6,Guyana Amazon Warriors,Barbados Royals,Mohammad Hafeez,C Hemraj,Mohammad Amir,0,0,,,,,,,,,
1269719,2021,2021-09-07,"Warner Park, Basseterre, St Kitts",2,3.1,Guyana Amazon Warriors,Barbados Royals,C Hemraj,Mohammad Hafeez,JO Holder,2,0,,,,,,,,,
1269719,2021,2021-09-07,"Warner Park, Basseterre, St Kitts",2,3.2,Guyana Amazon Warriors,Barbados Royals,C Hemraj,Mohammad Hafeez,JO Holder,0,0,,,,,,caught and bowled,C Hemraj,,
1269719,2021,2021-09-07,"Warner Park, Basseterre, St Kitts",2,3.3,Guyana Amazon Warriors,Barbados Royals,SO Hetmyer,Mohammad Hafeez,JO Holder,1,0,,,,,,,,,
1269719,2021,2021-09-07,"Warner Park, Basseterre, St Kitts",2,3.4,Guyana Amazon Warriors,Barbados Royals,Mohammad Hafeez,SO Hetmyer,JO Holder,4,0,,,,,,,,,
1269719,2021,2021-09-07,"Warner Park, Basseterre, St Kitts",2,3.5,Guyana Amazon Warriors,Barbados Royals,Mohammad Hafeez,SO Hetmyer,JO Holder,0,0,,,,,,,,,
1269719,2021,2021-09-07,"Warner Park, Basseterre, St Kitts",2,3.6,Guyana Amazon Warriors,Barbados Royals,Mohammad Hafeez,SO Hetmyer,JO Holder,0,0,,,,,,,,,
1269719,2021,2021-09-07,"Warner Park, Basseterre, St Kitts",2,4.1,Guyana Amazon Warriors,Barbados Royals,SO Hetmyer,Mohammad Hafeez,RA Reifer,0,0,,,,,,,,,
1269719,2021,2021-09-07,"Warner Park, Basseterre, St Kitts",2,4.2,Guyana Amazon Warriors,Barbados Royals,SO Hetmyer,Mohammad Hafeez,RA Reifer,0,0,,,,,,,,,
1269719,2021,2021-09-07,"Warner Park, Basseterre, St Kitts",2,4.3,Guyana Amazon Warriors,Barbados Royals,SO Hetmyer,Mohammad Hafeez,RA Reifer,2,0,,,,,,,,,
1269719,2021,2021-09-07,"Warner Park, Basseterre, St Kitts",2,4.4,Guyana Amazon Warriors,Barbados Royals,SO Hetmyer,Mohammad Hafeez,RA Reifer,0,0,,,,,,caught,SO Hetmyer,,
1269719,2021,2021-09-07,"Warner Park, Basseterre, St Kitts",2,4.5,Guyana Amazon Warriors,Barbados Royals,N Pooran,Mohammad Hafeez,RA Reifer,4,0,,,,,,,,,
1269719,2021,2021-09-07,"Warner Park, Basseterre, St Kitts",2,4.6,Guyana Amazon Warriors,Barbados Royals,N Pooran,Mohammad Hafeez,RA Reifer,0,0,,,,,,,,,
1269719,2021,2021-09-07,"Warner Park, Basseterre, St Kitts",2,5.1,Guyana Amazon Warriors,Barbados Royals,Mohammad Hafeez,N Pooran,JO Holder,0,0,,,,,,,,,
1269719,2021,2021-09-07,"Warner Park, Basseterre, St Kitts",2,5.2,Guyana Amazon Warriors,Barbados Royals,Mohammad Hafeez,N Pooran,JO Holder,2,0,,,,,,,,,
1269719,2021,2021-09-07,"Warner Park, Basseterre, St Kitts",2,5.3,Guyana Amazon Warriors,Barbados Royals,Mohammad Hafeez,N Pooran,JO Holder,0,0,,,,,,,,,
1269719,2021,2021-09-07,"Warner Park, Basseterre, St Kitts",2,5.4,Guyana Amazon Warriors,Barbados Royals,Mohammad Hafeez,N Pooran,JO Holder,0,0,,,,,,,,,
1269719,2021,2021-09-07,"Warner Park, Basseterre, St Kitts",2,5.5,Guyana Amazon Warriors,Barbados Royals,Mohammad Hafeez,N Pooran,JO Holder,0,2,,,,2,,,,,
1269719,2021,2021-09-07,"Warner Park, Basseterre, St Kitts",2,5.6,Guyana Amazon Warriors,Barbados Royals,Mohammad Hafeez,N Pooran,JO Holder,0,0,,,,,,,,,
1269719,2021,2021-09-07,"Warner Park, Basseterre, St Kitts",2,6.1,Guyana Amazon Warriors,Barbados Royals,N Pooran,Mohammad Hafeez,RA Reifer,0,0,,,,,,,,,
1269719,2021,2021-09-07,"Warner Park, Basseterre, St Kitts",2,6.2,Guyana Amazon Warriors,Barbados Royals,N Pooran,Mohammad Hafeez,RA Reifer,6,0,,,,,,,,,
1269719,2021,2021-09-07,"Warner Park, Basseterre, St Kitts",2,6.3,Guyana Amazon Warriors,Barbados Royals,N Pooran,Mohammad Hafeez,RA Reifer,0,0,,,,,,,,,
1269719,2021,2021-09-07,"Warner Park, Basseterre, St Kitts",2,6.4,Guyana Amazon Warriors,Barbados Royals,N Pooran,Mohammad Hafeez,RA Reifer,1,0,,,,,,,,,
1269719,2021,2021-09-07,"Warner Park, Basseterre, St Kitts",2,6.5,Guyana Amazon Warriors,Barbados Royals,Mohammad Hafeez,N Pooran,RA Reifer,0,0,,,,,,,,,
1269719,2021,2021-09-07,"Warner Park, Basseterre, St Kitts",2,6.6,Guyana Amazon Warriors,Barbados Royals,Mohammad Hafeez,N Pooran,RA Reifer,4,0,,,,,,,,,
1269719,2021,2021-09-07,"Warner Park, Basseterre, St Kitts",2,7.1,Guyana Amazon Warriors,Barbados Royals,N Pooran,Mohammad Hafeez,AR Nurse,1,0,,,,,,,,,
1269719,2021,2021-09-07,"Warner Park, Basseterre, St Kitts",2,7.2,Guyana Amazon Warriors,Barbados Royals,Mohammad Hafeez,N Pooran,AR Nurse,1,0,,,,,,,,,
1269719,2021,2021-09-07,"Warner Park, Basseterre, St Kitts",2,7.3,Guyana Amazon Warriors,Barbados Royals,N Pooran,Mohammad Hafeez,AR Nurse,1,0,,,,,,,,,
1269719,2021,2021-09-07,"Warner Park, Basseterre, St Kitts",2,7.4,Guyana Amazon Warriors,Barbados Royals,Mohammad Hafeez,N Pooran,AR Nurse,1,0,,,,,,,,,
1269719,2021,2021-09-07,"Warner Park, Basseterre, St Kitts",2,7.5,Guyana Amazon Warriors,Barbados Royals,N Pooran,Mohammad Hafeez,AR Nurse,1,0,,,,,,,,,
1269719,2021,2021-09-07,"Warner Park, Basseterre, St Kitts",2,7.6,Guyana Amazon Warriors,Barbados Royals,Mohammad Hafeez,N Pooran,AR Nurse,4,0,,,,,,,,,
1269719,2021,2021-09-07,"Warner Park, Basseterre, St Kitts",2,8.1,Guyana Amazon Warriors,Barbados Royals,N Pooran,Mohammad Hafeez,JB Lintott,0,0,,,,,,caught,N Pooran,,
1269719,2021,2021-09-07,"Warner Park, Basseterre, St Kitts",2,8.2,Guyana Amazon Warriors,Barbados Royals,Mohammad Hafeez,Shoaib Malik,JB Lintott,1,0,,,,,,,,,
1269719,2021,2021-09-07,"Warner Park, Basseterre, St Kitts",2,8.3,Guyana Amazon Warriors,Barbados Royals,Shoaib Malik,Mohammad Hafeez,JB Lintott,1,0,,,,,,,,,
1269719,2021,2021-09-07,"Warner Park, Basseterre, St Kitts",2,8.4,Guyana Amazon Warriors,Barbados Royals,Mohammad Hafeez,Shoaib Malik,JB Lintott,4,0,,,,,,,,,
1269719,2021,2021-09-07,"Warner Park, Basseterre, St Kitts",2,8.5,Guyana Amazon Warriors,Barbados Royals,Mohammad Hafeez,Shoaib Malik,JB Lintott,1,0,,,,,,,,,
1269719,2021,2021-09-07,"Warner Park, Basseterre, St Kitts",2,8.6,Guyana Amazon Warriors,Barbados Royals,Shoaib Malik,Mohammad Hafeez,JB Lintott,0,0,,,,,,,,,
1269719,2021,2021-09-07,"Warner Park, Basseterre, St Kitts",2,9.1,Guyana Amazon Warriors,Barbados Royals,Mohammad Hafeez,Shoaib Malik,AR Nurse,1,0,,,,,,,,,
1269719,2021,2021-09-07,"Warner Park, Basseterre, St Kitts",2,9.2,Guyana Amazon Warriors,Barbados Royals,Shoaib Malik,Mohammad Hafeez,AR Nurse,0,1,1,,,,,,,,
1269719,2021,2021-09-07,"Warner Park, Basseterre, St Kitts",2,9.3,Guyana Amazon Warriors,Barbados Royals,Shoaib Malik,Mohammad Hafeez,AR Nurse,1,0,,,,,,,,,
1269719,2021,2021-09-07,"Warner Park, Basseterre, St Kitts",2,9.4,Guyana Amazon Warriors,Barbados Royals,Mohammad Hafeez,Shoaib Malik,AR Nurse,0,1,1,,,,,stumped,Mohammad Hafeez,,
1269719,2021,2021-09-07,"Warner Park, Basseterre, St Kitts",2,9.5,Guyana Amazon Warriors,Barbados Royals,OF Smith,Shoaib Malik,AR Nurse,1,0,,,,,,,,,
1269719,2021,2021-09-07,"Warner Park, Basseterre, St Kitts",2,9.6,Guyana Amazon Warriors,Barbados Royals,Shoaib Malik,OF Smith,AR Nurse,0,1,1,,,,,,,,
1269719,2021,2021-09-07,"Warner Park, Basseterre, St Kitts",2,9.7,Guyana Amazon Warriors,Barbados Royals,Shoaib Malik,OF Smith,AR Nurse,0,1,1,,,,,,,,
1269719,2021,2021-09-07,"Warner Park, Basseterre, St Kitts",2,9.8,Guyana Amazon Warriors,Barbados Royals,Shoaib Malik,OF Smith,AR Nurse,1,0,,,,,,,,,
1269719,2021,2021-09-07,"Warner Park, Basseterre, St Kitts",2,9.9,Guyana Amazon Warriors,Barbados Royals,OF Smith,Shoaib Malik,AR Nurse,6,0,,,,,,,,,
1269719,2021,2021-09-07,"Warner Park, Basseterre, St Kitts",2,9.10,Guyana Amazon Warriors,Barbados Royals,OF Smith,Shoaib Malik,AR Nurse,0,0,,,,,,,,,
1269719,2021,2021-09-07,"Warner Park, Basseterre, St Kitts",2,10.1,Guyana Amazon Warriors,Barbados Royals,Shoaib Malik,OF Smith,NRJ Young,0,1,,,,1,,,,,
1269719,2021,2021-09-07,"Warner Park, Basseterre, St Kitts",2,10.2,Guyana Amazon Warriors,Barbados Royals,OF Smith,Shoaib Malik,NRJ Young,0,0,,,,,,,,,
1269719,2021,2021-09-07,"Warner Park, Basseterre, St Kitts",2,10.3,Guyana Amazon Warriors,Barbados Royals,OF Smith,Shoaib Malik,NRJ Young,1,0,,,,,,,,,
1269719,2021,2021-09-07,"Warner Park, Basseterre, St Kitts",2,10.4,Guyana Amazon Warriors,Barbados Royals,Shoaib Malik,OF Smith,NRJ Young,1,0,,,,,,,,,
1269719,2021,2021-09-07,"Warner Park, Basseterre, St Kitts",2,10.5,Guyana Amazon Warriors,Barbados Royals,OF Smith,Shoaib Malik,NRJ Young,1,0,,,,,,,,,
1269719,2021,2021-09-07,"Warner Park, Basseterre, St Kitts",2,10.6,Guyana Amazon Warriors,Barbados Royals,Shoaib Malik,OF Smith,NRJ Young,0,0,,,,,,caught,Shoaib Malik,,
1269719,2021,2021-09-07,"Warner Park, Basseterre, St Kitts",2,11.1,Guyana Amazon Warriors,Barbados Royals,OF Smith,R Shepherd,JB Lintott,1,0,,,,,,,,,
1269719,2021,2021-09-07,"Warner Park, Basseterre, St Kitts",2,11.2,Guyana Amazon Warriors,Barbados Royals,R Shepherd,OF Smith,JB Lintott,1,0,,,,,,,,,
1269719,2021,2021-09-07,"Warner Park, Basseterre, St Kitts",2,11.3,Guyana Amazon Warriors,Barbados Royals,OF Smith,R Shepherd,JB Lintott,6,0,,,,,,,,,
1269719,2021,2021-09-07,"Warner Park, Basseterre, St Kitts",2,11.4,Guyana Amazon Warriors,Barbados Royals,OF Smith,R Shepherd,JB Lintott,0,0,,,,,,,,,
1269719,2021,2021-09-07,"Warner Park, Basseterre, St Kitts",2,11.5,Guyana Amazon Warriors,Barbados Royals,OF Smith,R Shepherd,JB Lintott,1,0,,,,,,,,,
1269719,2021,2021-09-07,"Warner Park, Basseterre, St Kitts",2,11.6,Guyana Amazon Warriors,Barbados Royals,R Shepherd,OF Smith,JB Lintott,0,0,,,,,,caught,R Shepherd,,
1269719,2021,2021-09-07,"Warner Park, Basseterre, St Kitts",2,12.1,Guyana Amazon Warriors,Barbados Royals,K Sinclair,OF Smith,NRJ Young,3,0,,,,,,,,,
1269719,2021,2021-09-07,"Warner Park, Basseterre, St Kitts",2,12.2,Guyana Amazon Warriors,Barbados Royals,OF Smith,K Sinclair,NRJ Young,6,0,,,,,,,,,
1269719,2021,2021-09-07,"Warner Park, Basseterre, St Kitts",2,12.3,Guyana Amazon Warriors,Barbados Royals,OF Smith,K Sinclair,NRJ Young,1,0,,,,,,,,,
1269719,2021,2021-09-07,"Warner Park, Basseterre, St Kitts",2,12.4,Guyana Amazon Warriors,Barbados Royals,K Sinclair,OF Smith,NRJ Young,0,0,,,,,,caught,K Sinclair,,
1269719,2021,2021-09-07,"Warner Park, Basseterre, St Kitts",2,12.5,Guyana Amazon Warriors,Barbados Royals,G Motie,OF Smith,NRJ Young,4,0,,,,,,,,,
1269719,2021,2021-09-07,"Warner Park, Basseterre, St Kitts",2,12.6,Guyana Amazon Warriors,Barbados Royals,G Motie,OF Smith,NRJ Young,0,0,,,,,,,,,
1269719,2021,2021-09-07,"Warner Park, Basseterre, St Kitts",2,13.1,Guyana Amazon Warriors,Barbados Royals,OF Smith,G Motie,JO Holder,1,0,,,,,,,,,
1269719,2021,2021-09-07,"Warner Park, Basseterre, St Kitts",2,13.2,Guyana Amazon Warriors,Barbados Royals,G Motie,OF Smith,JO Holder,1,0,,,,,,,,,
1269719,2021,2021-09-07,"Warner Park, Basseterre, St Kitts",2,13.3,Guyana Amazon Warriors,Barbados Royals,OF Smith,G Motie,JO Holder,6,0,,,,,,,,,
1269719,2021,2021-09-07,"Warner Park, Basseterre, St Kitts",2,13.4,Guyana Amazon Warriors,Barbados Royals,OF Smith,G Motie,JO Holder,0,0,,,,,,,,,
1269719,2021,2021-09-07,"Warner Park, Basseterre, St Kitts",2,13.5,Guyana Amazon Warriors,Barbados Royals,OF Smith,G Motie,JO Holder,0,1,1,,,,,,,,
1269719,2021,2021-09-07,"Warner Park, Basseterre, St Kitts",2,13.6,Guyana Amazon Warriors,Barbados Royals,OF Smith,G Motie,JO Holder,0,0,,,,,,,,,
1269719,2021,2021-09-07,"Warner Park, Basseterre, St Kitts",2,13.7,Guyana Amazon Warriors,Barbados Royals,OF Smith,G Motie,JO Holder,0,1,1,,,,,,,,
1269719,2021,2021-09-07,"Warner Park, Basseterre, St Kitts",2,13.8,Guyana Amazon Warriors,Barbados Royals,OF Smith,G Motie,JO Holder,0,1,1,,,,,,,,
1269719,2021,2021-09-07,"Warner Park, Basseterre, St Kitts",2,13.9,Guyana Amazon Warriors,Barbados Royals,OF Smith,G Motie,JO Holder,0,0,,,,,,,,,
1269719,2021,2021-09-07,"Warner Park, Basseterre, St Kitts",2,14.1,Guyana Amazon Warriors,Barbados Royals,G Motie,OF Smith,Mohammad Amir,1,0,,,,,,,,,
1269719,2021,2021-09-07,"Warner Park, Basseterre, St Kitts",2,14.2,Guyana Amazon Warriors,Barbados Royals,OF Smith,G Motie,Mohammad Amir,0,1,1,,,,,,,,
1269719,2021,2021-09-07,"Warner Park, Basseterre, St Kitts",2,14.3,Guyana Amazon Warriors,Barbados Royals,OF Smith,G Motie,Mohammad Amir,0,1,1,,,,,,,,
1269719,2021,2021-09-07,"Warner Park, Basseterre, St Kitts",2,14.4,Guyana Amazon Warriors,Barbados Royals,OF Smith,G Motie,Mohammad Amir,0,0,,,,,,,,,
1269719,2021,2021-09-07,"Warner Park, Basseterre, St Kitts",2,14.5,Guyana Amazon Warriors,Barbados Royals,OF Smith,G Motie,Mohammad Amir,1,0,,,,,,,,,
1269719,2021,2021-09-07,"Warner Park, Basseterre, St Kitts",2,14.6,Guyana Amazon Warriors,Barbados Royals,G Motie,OF Smith,Mohammad Amir,0,0,,,,,,,,,
1269719,2021,2021-09-07,"Warner Park, Basseterre, St Kitts",2,14.7,Guyana Amazon Warriors,Barbados Royals,G Motie,OF Smith,Mohammad Amir,1,0,,,,,,,,,
1269719,2021,2021-09-07,"Warner Park, Basseterre, St Kitts",2,14.8,Guyana Amazon Warriors,Barbados Royals,OF Smith,G Motie,Mohammad Amir,1,0,,,,,,,,,
1269719,2021,2021-09-07,"Warner Park, Basseterre, St Kitts",2,15.1,Guyana Amazon Warriors,Barbados Royals,OF Smith,G Motie,NRJ Young,0,1,1,,,,,,,,
1269719,2021,2021-09-07,"Warner Park, Basseterre, St Kitts",2,15.2,Guyana Amazon Warriors,Barbados Royals,OF Smith,G Motie,NRJ Young,0,1,,,1,,,,,,
1269719,2021,2021-09-07,"Warner Park, Basseterre, St Kitts",2,15.3,Guyana Amazon Warriors,Barbados Royals,G Motie,OF Smith,NRJ Young,0,0,,,,,,,,,
1269719,2021,2021-09-07,"Warner Park, Basseterre, St Kitts",2,15.4,Guyana Amazon Warriors,Barbados Royals,G Motie,OF Smith,NRJ Young,1,0,,,,,,,,,
1269719,2021,2021-09-07,"Warner Park, Basseterre, St Kitts",2,15.5,Guyana Amazon Warriors,Barbados Royals,OF Smith,G Motie,NRJ Young,0,0,,,,,,,,,
1269719,2021,2021-09-07,"Warner Park, Basseterre, St Kitts",2,15.6,Guyana Amazon Warriors,Barbados Royals,OF Smith,G Motie,NRJ Young,1,0,,,,,,,,,
1269719,2021,2021-09-07,"Warner Park, Basseterre, St Kitts",2,15.7,Guyana Amazon Warriors,Barbados Royals,G Motie,OF Smith,NRJ Young,0,0,,,,,,,,,
1269719,2021,2021-09-07,"Warner Park, Basseterre, St Kitts",2,16.1,Guyana Amazon Warriors,Barbados Royals,OF Smith,G Motie,RA Reifer,0,0,,,,,,,,,
1269719,2021,2021-09-07,"Warner Park, Basseterre, St Kitts",2,16.2,Guyana Amazon Warriors,Barbados Royals,OF Smith,G Motie,RA Reifer,4,0,,,,,,,,,
1269719,2021,2021-09-07,"Warner Park, Basseterre, St Kitts",2,16.3,Guyana Amazon Warriors,Barbados Royals,OF Smith,G Motie,RA Reifer,0,1,1,,,,,,,,
1269719,2021,2021-09-07,"Warner Park, Basseterre, St Kitts",2,16.4,Guyana Amazon Warriors,Barbados Royals,OF Smith,G Motie,RA Reifer,0,0,,,,,,,,,
1269719,2021,2021-09-07,"Warner Park, Basseterre, St Kitts",2,16.5,Guyana Amazon Warriors,Barbados Royals,OF Smith,G Motie,RA Reifer,1,0,,,,,,,,,
1269719,2021,2021-09-07,"Warner Park, Basseterre, St Kitts",2,16.6,Guyana Amazon Warriors,Barbados Royals,G Motie,OF Smith,RA Reifer,2,0,,,,,,,,,
1269719,2021,2021-09-07,"Warner Park, Basseterre, St Kitts",2,16.7,Guyana Amazon Warriors,Barbados Royals,G Motie,OF Smith,RA Reifer,0,0,,,,,,bowled,G Motie,,
1269719,2021,2021-09-07,"Warner Park, Basseterre, St Kitts",2,17.1,Guyana Amazon Warriors,Barbados Royals,OF Smith,Imran Tahir,NRJ Young,4,0,,,,,,,,,
1269719,2021,2021-09-07,"Warner Park, Basseterre, St Kitts",2,17.2,Guyana Amazon Warriors,Barbados Royals,OF Smith,Imran Tahir,NRJ Young,0,0,,,,,,caught,OF Smith,,
