match_id,season,start_date,venue,innings,ball,batting_team,bowling_team,striker,non_striker,bowler,runs_off_bat,extras,wides,noballs,byes,legbyes,penalty,wicket_type,player_dismissed,other_wicket_type,other_player_dismissed
1269730,2021,2021-09-14,"Warner Park, Basseterre, St Kitts",1,0.1,St Lucia Kings,Trinbago Knight Riders,ADS Fletcher,RRS Cornwall,AJ Hosein,1,0,,,,,,,,,
1269730,2021,2021-09-14,"Warner Park, Basseterre, St Kitts",1,0.2,St Lucia Kings,Trinbago Knight Riders,RRS Cornwall,ADS Fletcher,AJ Hosein,0,0,,,,,,,,,
1269730,2021,2021-09-14,"Warner Park, Basseterre, St Kitts",1,0.3,St Lucia Kings,Trinbago Knight Riders,RRS Cornwall,ADS Fletcher,AJ Hosein,0,0,,,,,,,,,
1269730,2021,2021-09-14,"Warner Park, Basseterre, St Kitts",1,0.4,St Lucia Kings,Trinbago Knight Riders,RRS Cornwall,ADS Fletcher,AJ Hosein,0,0,,,,,,caught,RRS Cornwall,,
1269730,2021,2021-09-14,"Warner Park, Basseterre, St Kitts",1,0.5,St Lucia Kings,Trinbago Knight Riders,M Deyal,ADS Fletcher,AJ Hosein,0,0,,,,,,,,,
1269730,2021,2021-09-14,"Warner Park, Basseterre, St Kitts",1,0.6,St Lucia Kings,Trinbago Knight Riders,M Deyal,ADS Fletcher,AJ Hosein,4,0,,,,,,,,,
1269730,2021,2021-09-14,"Warner Park, Basseterre, St Kitts",1,1.1,St Lucia Kings,Trinbago Knight Riders,ADS Fletcher,M Deyal,R Rampaul,1,0,,,,,,,,,
1269730,2021,2021-09-14,"Warner Park, Basseterre, St Kitts",1,1.2,St Lucia Kings,Trinbago Knight Riders,M Deyal,ADS Fletcher,R Rampaul,6,0,,,,,,,,,
1269730,2021,2021-09-14,"Warner Park, Basseterre, St Kitts",1,1.3,St Lucia Kings,Trinbago Knight Riders,M Deyal,ADS Fletcher,R Rampaul,4,0,,,,,,,,,
1269730,2021,2021-09-14,"Warner Park, Basseterre, St Kitts",1,1.4,St Lucia Kings,Trinbago Knight Riders,M Deyal,ADS Fletcher,R Rampaul,0,0,,,,,,,,,
1269730,2021,2021-09-14,"Warner Park, Basseterre, St Kitts",1,1.5,St Lucia Kings,Trinbago Knight Riders,M Deyal,ADS Fletcher,R Rampaul,4,0,,,,,,,,,
1269730,2021,2021-09-14,"Warner Park, Basseterre, St Kitts",1,1.6,St Lucia Kings,Trinbago Knight Riders,M Deyal,ADS Fletcher,R Rampaul,1,0,,,,,,,,,
1269730,2021,2021-09-14,"Warner Park, Basseterre, St Kitts",1,2.1,St Lucia Kings,Trinbago Knight Riders,M Deyal,ADS Fletcher,AJ Hosein,0,0,,,,,,,,,
1269730,2021,2021-09-14,"Warner Park, Basseterre, St Kitts",1,2.2,St Lucia Kings,Trinbago Knight Riders,M Deyal,ADS Fletcher,AJ Hosein,0,0,,,,,,,,,
1269730,2021,2021-09-14,"Warner Park, Basseterre, St Kitts",1,2.3,St Lucia Kings,Trinbago Knight Riders,M Deyal,ADS Fletcher,AJ Hosein,0,0,,,,,,,,,
1269730,2021,2021-09-14,"Warner Park, Basseterre, St Kitts",1,2.4,St Lucia Kings,Trinbago Knight Riders,M Deyal,ADS Fletcher,AJ Hosein,0,5,5,,,,,,,,
1269730,2021,2021-09-14,"Warner Park, Basseterre, St Kitts",1,2.5,St Lucia Kings,Trinbago Knight Riders,M Deyal,ADS Fletcher,AJ Hosein,6,0,,,,,,,,,
1269730,2021,2021-09-14,"Warner Park, Basseterre, St Kitts",1,2.6,St Lucia Kings,Trinbago Knight Riders,M Deyal,ADS Fletcher,AJ Hosein,2,0,,,,,,,,,
1269730,2021,2021-09-14,"Warner Park, Basseterre, St Kitts",1,2.7,St Lucia Kings,Trinbago Knight Riders,M Deyal,ADS Fletcher,AJ Hosein,1,0,,,,,,,,,
1269730,2021,2021-09-14,"Warner Park, Basseterre, St Kitts",1,3.1,St Lucia Kings,Trinbago Knight Riders,M Deyal,ADS Fletcher,SP Narine,4,0,,,,,,,,,
1269730,2021,2021-09-14,"Warner Park, Basseterre, St Kitts",1,3.2,St Lucia Kings,Trinbago Knight Riders,M Deyal,ADS Fletcher,SP Narine,1,0,,,,,,,,,
1269730,2021,2021-09-14,"Warner Park, Basseterre, St Kitts",1,3.3,St Lucia Kings,Trinbago Knight Riders,ADS Fletcher,M Deyal,SP Narine,0,0,,,,,,,,,
1269730,2021,2021-09-14,"Warner Park, Basseterre, St Kitts",1,3.4,St Lucia Kings,Trinbago Knight Riders,ADS Fletcher,M Deyal,SP Narine,0,1,1,,,,,,,,
1269730,2021,2021-09-14,"Warner Park, Basseterre, St Kitts",1,3.5,St Lucia Kings,Trinbago Knight Riders,ADS Fletcher,M Deyal,SP Narine,0,0,,,,,,,,,
1269730,2021,2021-09-14,"Warner Park, Basseterre, St Kitts",1,3.6,St Lucia Kings,Trinbago Knight Riders,ADS Fletcher,M Deyal,SP Narine,0,0,,,,,,,,,
1269730,2021,2021-09-14,"Warner Park, Basseterre, St Kitts",1,3.7,St Lucia Kings,Trinbago Knight Riders,ADS Fletcher,M Deyal,SP Narine,0,0,,,,,,,,,
1269730,2021,2021-09-14,"Warner Park, Basseterre, St Kitts",1,4.1,St Lucia Kings,Trinbago Knight Riders,M Deyal,ADS Fletcher,Ali Khan,6,0,,,,,,,,,
1269730,2021,2021-09-14,"Warner Park, Basseterre, St Kitts",1,4.2,St Lucia Kings,Trinbago Knight Riders,M Deyal,ADS Fletcher,Ali Khan,4,0,,,,,,,,,
1269730,2021,2021-09-14,"Warner Park, Basseterre, St Kitts",1,4.3,St Lucia Kings,Trinbago Knight Riders,M Deyal,ADS Fletcher,Ali Khan,0,0,,,,,,,,,
1269730,2021,2021-09-14,"Warner Park, Basseterre, St Kitts",1,4.4,St Lucia Kings,Trinbago Knight Riders,M Deyal,ADS Fletcher,Ali Khan,0,1,1,,,,,,,,
1269730,2021,2021-09-14,"Warner Park, Basseterre, St Kitts",1,4.5,St Lucia Kings,Trinbago Knight Riders,M Deyal,ADS Fletcher,Ali Khan,0,0,,,,,,,,,
1269730,2021,2021-09-14,"Warner Park, Basseterre, St Kitts",1,4.6,St Lucia Kings,Trinbago Knight Riders,M Deyal,ADS Fletcher,Ali Khan,0,1,1,,,,,,,,
1269730,2021,2021-09-14,"Warner Park, Basseterre, St Kitts",1,4.7,St Lucia Kings,Trinbago Knight Riders,M Deyal,ADS Fletcher,Ali Khan,1,0,,,,,,,,,
1269730,2021,2021-09-14,"Warner Park, Basseterre, St Kitts",1,4.8,St Lucia Kings,Trinbago Knight Riders,ADS Fletcher,M Deyal,Ali Khan,0,1,1,,,,,,,,
1269730,2021,2021-09-14,"Warner Park, Basseterre, St Kitts",1,4.9,St Lucia Kings,Trinbago Knight Riders,ADS Fletcher,M Deyal,Ali Khan,0,0,,,,,,,,,
1269730,2021,2021-09-14,"Warner Park, Basseterre, St Kitts",1,5.1,St Lucia Kings,Trinbago Knight Riders,M Deyal,ADS Fletcher,SP Narine,1,0,,,,,,,,,
1269730,2021,2021-09-14,"Warner Park, Basseterre, St Kitts",1,5.2,St Lucia Kings,Trinbago Knight Riders,ADS Fletcher,M Deyal,SP Narine,0,0,,,,,,,,,
1269730,2021,2021-09-14,"Warner Park, Basseterre, St Kitts",1,5.3,St Lucia Kings,Trinbago Knight Riders,ADS Fletcher,M Deyal,SP Narine,0,0,,,,,,,,,
1269730,2021,2021-09-14,"Warner Park, Basseterre, St Kitts",1,5.4,St Lucia Kings,Trinbago Knight Riders,ADS Fletcher,M Deyal,SP Narine,1,0,,,,,,,,,
1269730,2021,2021-09-14,"Warner Park, Basseterre, St Kitts",1,5.5,St Lucia Kings,Trinbago Knight Riders,M Deyal,ADS Fletcher,SP Narine,1,0,,,,,,,,,
1269730,2021,2021-09-14,"Warner Park, Basseterre, St Kitts",1,5.6,St Lucia Kings,Trinbago Knight Riders,ADS Fletcher,M Deyal,SP Narine,0,0,,,,,,,,,
1269730,2021,2021-09-14,"Warner Park, Basseterre, St Kitts",1,6.1,St Lucia Kings,Trinbago Knight Riders,M Deyal,ADS Fletcher,K Pierre,6,0,,,,,,,,,
1269730,2021,2021-09-14,"Warner Park, Basseterre, St Kitts",1,6.2,St Lucia Kings,Trinbago Knight Riders,M Deyal,ADS Fletcher,K Pierre,6,0,,,,,,,,,
1269730,2021,2021-09-14,"Warner Park, Basseterre, St Kitts",1,6.3,St Lucia Kings,Trinbago Knight Riders,M Deyal,ADS Fletcher,K Pierre,1,0,,,,,,,,,
1269730,2021,2021-09-14,"Warner Park, Basseterre, St Kitts",1,6.4,St Lucia Kings,Trinbago Knight Riders,ADS Fletcher,M Deyal,K Pierre,0,0,,,,,,,,,
1269730,2021,2021-09-14,"Warner Park, Basseterre, St Kitts",1,6.5,St Lucia Kings,Trinbago Knight Riders,ADS Fletcher,M Deyal,K Pierre,1,0,,,,,,,,,
1269730,2021,2021-09-14,"Warner Park, Basseterre, St Kitts",1,6.6,St Lucia Kings,Trinbago Knight Riders,M Deyal,ADS Fletcher,K Pierre,1,0,,,,,,,,,
1269730,2021,2021-09-14,"Warner Park, Basseterre, St Kitts",1,7.1,St Lucia Kings,Trinbago Knight Riders,M Deyal,ADS Fletcher,R Rampaul,1,0,,,,,,,,,
1269730,2021,2021-09-14,"Warner Park, Basseterre, St Kitts",1,7.2,St Lucia Kings,Trinbago Knight Riders,ADS Fletcher,M Deyal,R Rampaul,0,0,,,,,,caught,ADS Fletcher,,
1269730,2021,2021-09-14,"Warner Park, Basseterre, St Kitts",1,7.3,St Lucia Kings,Trinbago Knight Riders,M Deyal,RL Chase,R Rampaul,1,0,,,,,,,,,
1269730,2021,2021-09-14,"Warner Park, Basseterre, St Kitts",1,7.4,St Lucia Kings,Trinbago Knight Riders,RL Chase,M Deyal,R Rampaul,1,0,,,,,,,,,
1269730,2021,2021-09-14,"Warner Park, Basseterre, St Kitts",1,7.5,St Lucia Kings,Trinbago Knight Riders,M Deyal,RL Chase,R Rampaul,1,0,,,,,,,,,
1269730,2021,2021-09-14,"Warner Park, Basseterre, St Kitts",1,7.6,St Lucia Kings,Trinbago Knight Riders,RL Chase,M Deyal,R Rampaul,0,1,1,,,,,,,,
1269730,2021,2021-09-14,"Warner Park, Basseterre, St Kitts",1,7.7,St Lucia Kings,Trinbago Knight Riders,RL Chase,M Deyal,R Rampaul,1,0,,,,,,,,,
1269730,2021,2021-09-14,"Warner Park, Basseterre, St Kitts",1,8.1,St Lucia Kings,Trinbago Knight Riders,RL Chase,M Deyal,AJ Hosein,1,0,,,,,,,,,
1269730,2021,2021-09-14,"Warner Park, Basseterre, St Kitts",1,8.2,St Lucia Kings,Trinbago Knight Riders,M Deyal,RL Chase,AJ Hosein,0,0,,,,,,,,,
1269730,2021,2021-09-14,"Warner Park, Basseterre, St Kitts",1,8.3,St Lucia Kings,Trinbago Knight Riders,M Deyal,RL Chase,AJ Hosein,1,0,,,,,,,,,
1269730,2021,2021-09-14,"Warner Park, Basseterre, St Kitts",1,8.4,St Lucia Kings,Trinbago Knight Riders,RL Chase,M Deyal,AJ Hosein,1,0,,,,,,,,,
1269730,2021,2021-09-14,"Warner Park, Basseterre, St Kitts",1,8.5,St Lucia Kings,Trinbago Knight Riders,M Deyal,RL Chase,AJ Hosein,1,0,,,,,,,,,
1269730,2021,2021-09-14,"Warner Park, Basseterre, St Kitts",1,8.6,St Lucia Kings,Trinbago Knight Riders,RL Chase,M Deyal,AJ Hosein,1,0,,,,,,,,,
1269730,2021,2021-09-14,"Warner Park, Basseterre, St Kitts",1,9.1,St Lucia Kings,Trinbago Knight Riders,RL Chase,M Deyal,Ali Khan,4,0,,,,,,,,,
1269730,2021,2021-09-14,"Warner Park, Basseterre, St Kitts",1,9.2,St Lucia Kings,Trinbago Knight Riders,RL Chase,M Deyal,Ali Khan,4,0,,,,,,,,,
1269730,2021,2021-09-14,"Warner Park, Basseterre, St Kitts",1,9.3,St Lucia Kings,Trinbago Knight Riders,RL Chase,M Deyal,Ali Khan,0,1,1,,,,,,,,
1269730,2021,2021-09-14,"Warner Park, Basseterre, St Kitts",1,9.4,St Lucia Kings,Trinbago Knight Riders,RL Chase,M Deyal,Ali Khan,1,0,,,,,,,,,
1269730,2021,2021-09-14,"Warner Park, Basseterre, St Kitts",1,9.5,St Lucia Kings,Trinbago Knight Riders,M Deyal,RL Chase,Ali Khan,1,0,,,,,,,,,
1269730,2021,2021-09-14,"Warner Park, Basseterre, St Kitts",1,9.6,St Lucia Kings,Trinbago Knight Riders,RL Chase,M Deyal,Ali Khan,1,0,,,,,,,,,
1269730,2021,2021-09-14,"Warner Park, Basseterre, St Kitts",1,9.7,St Lucia Kings,Trinbago Knight Riders,M Deyal,RL Chase,Ali Khan,1,0,,,,,,,,,
1269730,2021,2021-09-14,"Warner Park, Basseterre, St Kitts",1,10.1,St Lucia Kings,Trinbago Knight Riders,M Deyal,RL Chase,K Pierre,1,0,,,,,,,,,
1269730,2021,2021-09-14,"Warner Park, Basseterre, St Kitts",1,10.2,St Lucia Kings,Trinbago Knight Riders,RL Chase,M Deyal,K Pierre,1,0,,,,,,,,,
1269730,2021,2021-09-14,"Warner Park, Basseterre, St Kitts",1,10.3,St Lucia Kings,Trinbago Knight Riders,M Deyal,RL Chase,K Pierre,6,0,,,,,,,,,
1269730,2021,2021-09-14,"Warner Park, Basseterre, St Kitts",1,10.4,St Lucia Kings,Trinbago Knight Riders,M Deyal,RL Chase,K Pierre,1,0,,,,,,,,,
1269730,2021,2021-09-14,"Warner Park, Basseterre, St Kitts",1,10.5,St Lucia Kings,Trinbago Knight Riders,RL Chase,M Deyal,K Pierre,1,0,,,,,,,,,
1269730,2021,2021-09-14,"Warner Park, Basseterre, St Kitts",1,10.6,St Lucia Kings,Trinbago Knight Riders,M Deyal,RL Chase,K Pierre,0,0,,,,,,,,,
1269730,2021,2021-09-14,"Warner Park, Basseterre, St Kitts",1,11.1,St Lucia Kings,Trinbago Knight Riders,RL Chase,M Deyal,KA Pollard,1,0,,,,,,,,,
1269730,2021,2021-09-14,"Warner Park, Basseterre, St Kitts",1,11.2,St Lucia Kings,Trinbago Knight Riders,M Deyal,RL Chase,KA Pollard,1,0,,,,,,,,,
1269730,2021,2021-09-14,"Warner Park, Basseterre, St Kitts",1,11.3,St Lucia Kings,Trinbago Knight Riders,RL Chase,M Deyal,KA Pollard,1,0,,,,,,,,,
1269730,2021,2021-09-14,"Warner Park, Basseterre, St Kitts",1,11.4,St Lucia Kings,Trinbago Knight Riders,M Deyal,RL Chase,KA Pollard,1,0,,,,,,,,,
1269730,2021,2021-09-14,"Warner Park, Basseterre, St Kitts",1,11.5,St Lucia Kings,Trinbago Knight Riders,RL Chase,M Deyal,KA Pollard,6,0,,,,,,,,,
1269730,2021,2021-09-14,"Warner Park, Basseterre, St Kitts",1,11.6,St Lucia Kings,Trinbago Knight Riders,RL Chase,M Deyal,KA Pollard,6,0,,,,,,,,,
1269730,2021,2021-09-14,"Warner Park, Basseterre, St Kitts",1,12.1,St Lucia Kings,Trinbago Knight Riders,M Deyal,RL Chase,AJ Hosein,0,0,,,,,,,,,
1269730,2021,2021-09-14,"Warner Park, Basseterre, St Kitts",1,12.2,St Lucia Kings,Trinbago Knight Riders,M Deyal,RL Chase,AJ Hosein,0,1,,,,1,,,,,
1269730,2021,2021-09-14,"Warner Park, Basseterre, St Kitts",1,12.3,St Lucia Kings,Trinbago Knight Riders,RL Chase,M Deyal,AJ Hosein,0,0,,,,,,,,,
1269730,2021,2021-09-14,"Warner Park, Basseterre, St Kitts",1,12.4,St Lucia Kings,Trinbago Knight Riders,RL Chase,M Deyal,AJ Hosein,1,0,,,,,,,,,
1269730,2021,2021-09-14,"Warner Park, Basseterre, St Kitts",1,12.5,St Lucia Kings,Trinbago Knight Riders,M Deyal,RL Chase,AJ Hosein,1,0,,,,,,,,,
1269730,2021,2021-09-14,"Warner Park, Basseterre, St Kitts",1,12.6,St Lucia Kings,Trinbago Knight Riders,RL Chase,M Deyal,AJ Hosein,1,0,,,,,,,,,
1269730,2021,2021-09-14,"Warner Park, Basseterre, St Kitts",1,13.1,St Lucia Kings,Trinbago Knight Riders,RL Chase,M Deyal,SP Narine,1,0,,,,,,,,,
1269730,2021,2021-09-14,"Warner Park, Basseterre, St Kitts",1,13.2,St Lucia Kings,Trinbago Knight Riders,M Deyal,RL Chase,SP Narine,0,0,,,,,,caught,M Deyal,,
1269730,2021,2021-09-14,"Warner Park, Basseterre, St Kitts",1,13.3,St Lucia Kings,Trinbago Knight Riders,D Wiese,RL Chase,SP Narine,0,0,,,,,,,,,
1269730,2021,2021-09-14,"Warner Park, Basseterre, St Kitts",1,13.4,St Lucia Kings,Trinbago Knight Riders,D Wiese,RL Chase,SP Narine,0,0,,,,,,,,,
1269730,2021,2021-09-14,"Warner Park, Basseterre, St Kitts",1,13.5,St Lucia Kings,Trinbago Knight Riders,D Wiese,RL Chase,SP Narine,0,0,,,,,,,,,
1269730,2021,2021-09-14,"Warner Park, Basseterre, St Kitts",1,13.6,St Lucia Kings,Trinbago Knight Riders,D Wiese,RL Chase,SP Narine,0,0,,,,,,,,,
1269730,2021,2021-09-14,"Warner Park, Basseterre, St Kitts",1,14.1,St Lucia Kings,Trinbago Knight Riders,RL Chase,D Wiese,K Pierre,2,0,,,,,,,,,
1269730,2021,2021-09-14,"Warner Park, Basseterre, St Kitts",1,14.2,St Lucia Kings,Trinbago Knight Riders,RL Chase,D Wiese,K Pierre,0,0,,,,,,caught,RL Chase,,
1269730,2021,2021-09-14,"Warner Park, Basseterre, St Kitts",1,14.3,St Lucia Kings,Trinbago Knight Riders,D Wiese,TH David,K Pierre,1,0,,,,,,,,,
1269730,2021,2021-09-14,"Warner Park, Basseterre, St Kitts",1,14.4,St Lucia Kings,Trinbago Knight Riders,TH David,D Wiese,K Pierre,0,0,,,,,,,,,
1269730,2021,2021-09-14,"Warner Park, Basseterre, St Kitts",1,14.5,St Lucia Kings,Trinbago Knight Riders,TH David,D Wiese,K Pierre,1,0,,,,,,,,,
1269730,2021,2021-09-14,"Warner Park, Basseterre, St Kitts",1,14.6,St Lucia Kings,Trinbago Knight Riders,D Wiese,TH David,K Pierre,1,0,,,,,,,,,
1269730,2021,2021-09-14,"Warner Park, Basseterre, St Kitts",1,15.1,St Lucia Kings,Trinbago Knight Riders,D Wiese,TH David,SP Narine,0,0,,,,,,,,,
1269730,2021,2021-09-14,"Warner Park, Basseterre, St Kitts",1,15.2,St Lucia Kings,Trinbago Knight Riders,D Wiese,TH David,SP Narine,0,0,,,,,,,,,
1269730,2021,2021-09-14,"Warner Park, Basseterre, St Kitts",1,15.3,St Lucia Kings,Trinbago Knight Riders,D Wiese,TH David,SP Narine,0,0,,,,,,,,,
1269730,2021,2021-09-14,"Warner Park, Basseterre, St Kitts",1,15.4,St Lucia Kings,Trinbago Knight Riders,D Wiese,TH David,SP Narine,1,0,,,,,,,,,
1269730,2021,2021-09-14,"Warner Park, Basseterre, St Kitts",1,15.5,St Lucia Kings,Trinbago Knight Riders,TH David,D Wiese,SP Narine,0,0,,,,,,,,,
1269730,2021,2021-09-14,"Warner Park, Basseterre, St Kitts",1,15.6,St Lucia Kings,Trinbago Knight Riders,TH David,D Wiese,SP Narine,1,0,,,,,,,,,
1269730,2021,2021-09-14,"Warner Park, Basseterre, St Kitts",1,16.1,St Lucia Kings,Trinbago Knight Riders,TH David,D Wiese,R Rampaul,1,0,,,,,,,,,
1269730,2021,2021-09-14,"Warner Park, Basseterre, St Kitts",1,16.2,St Lucia Kings,Trinbago Knight Riders,D Wiese,TH David,R Rampaul,0,0,,,,,,,,,
1269730,2021,2021-09-14,"Warner Park, Basseterre, St Kitts",1,16.3,St Lucia Kings,Trinbago Knight Riders,D Wiese,TH David,R Rampaul,6,0,,,,,,,,,
1269730,2021,2021-09-14,"Warner Park, Basseterre, St Kitts",1,16.4,St Lucia Kings,Trinbago Knight Riders,D Wiese,TH David,R Rampaul,6,0,,,,,,,,,
1269730,2021,2021-09-14,"Warner Park, Basseterre, St Kitts",1,16.5,St Lucia Kings,Trinbago Knight Riders,D Wiese,TH David,R Rampaul,0,0,,,,,,,,,
1269730,2021,2021-09-14,"Warner Park, Basseterre, St Kitts",1,16.6,St Lucia Kings,Trinbago Knight Riders,D Wiese,TH David,R Rampaul,2,0,,,,,,,,,
1269730,2021,2021-09-14,"Warner Park, Basseterre, St Kitts",1,17.1,St Lucia Kings,Trinbago Knight Riders,TH David,D Wiese,K Pierre,6,0,,,,,,,,,
1269730,2021,2021-09-14,"Warner Park, Basseterre, St Kitts",1,17.2,St Lucia Kings,Trinbago Knight Riders,TH David,D Wiese,K Pierre,6,0,,,,,,,,,
1269730,2021,2021-09-14,"Warner Park, Basseterre, St Kitts",1,17.3,St Lucia Kings,Trinbago Knight Riders,TH David,D Wiese,K Pierre,6,0,,,,,,,,,
1269730,2021,2021-09-14,"Warner Park, Basseterre, St Kitts",1,17.4,St Lucia Kings,Trinbago Knight Riders,TH David,D Wiese,K Pierre,0,0,,,,,,,,,
1269730,2021,2021-09-14,"Warner Park, Basseterre, St Kitts",1,17.5,St Lucia Kings,Trinbago Knight Riders,TH David,D Wiese,K Pierre,2,0,,,,,,,,,
1269730,2021,2021-09-14,"Warner Park, Basseterre, St Kitts",1,17.6,St Lucia Kings,Trinbago Knight Riders,TH David,D Wiese,K Pierre,1,0,,,,,,,,,
1269730,2021,2021-09-14,"Warner Park, Basseterre, St Kitts",1,18.1,St Lucia Kings,Trinbago Knight Riders,TH David,D Wiese,R Rampaul,0,1,1,,,,,,,,
1269730,2021,2021-09-14,"Warner Park, Basseterre, St Kitts",1,18.2,St Lucia Kings,Trinbago Knight Riders,TH David,D Wiese,R Rampaul,1,0,,,,,,,,,
1269730,2021,2021-09-14,"Warner Park, Basseterre, St Kitts",1,18.3,St Lucia Kings,Trinbago Knight Riders,D Wiese,TH David,R Rampaul,4,0,,,,,,,,,
1269730,2021,2021-09-14,"Warner Park, Basseterre, St Kitts",1,18.4,St Lucia Kings,Trinbago Knight Riders,D Wiese,TH David,R Rampaul,0,0,,,,,,,,,
1269730,2021,2021-09-14,"Warner Park, Basseterre, St Kitts",1,18.5,St Lucia Kings,Trinbago Knight Riders,D Wiese,TH David,R Rampaul,6,0,,,,,,,,,
1269730,2021,2021-09-14,"Warner Park, Basseterre, St Kitts",1,18.6,St Lucia Kings,Trinbago Knight Riders,D Wiese,TH David,R Rampaul,0,1,1,,,,,,,,
1269730,2021,2021-09-14,"Warner Park, Basseterre, St Kitts",1,18.7,St Lucia Kings,Trinbago Knight Riders,D Wiese,TH David,R Rampaul,6,0,,,,,,,,,
1269730,2021,2021-09-14,"Warner Park, Basseterre, St Kitts",1,18.8,St Lucia Kings,Trinbago Knight Riders,D Wiese,TH David,R Rampaul,0,0,,,,,,,,,
1269730,2021,2021-09-14,"Warner Park, Basseterre, St Kitts",1,19.1,St Lucia Kings,Trinbago Knight Riders,TH David,D Wiese,Ali Khan,0,1,1,,,,,,,,
1269730,2021,2021-09-14,"Warner Park, Basseterre, St Kitts",1,19.2,St Lucia Kings,Trinbago Knight Riders,TH David,D Wiese,Ali Khan,1,0,,,,,,,,,
1269730,2021,2021-09-14,"Warner Park, Basseterre, St Kitts",1,19.3,St Lucia Kings,Trinbago Knight Riders,D Wiese,TH David,Ali Khan,1,0,,,,,,,,,
1269730,2021,2021-09-14,"Warner Park, Basseterre, St Kitts",1,19.4,St Lucia Kings,Trinbago Knight Riders,TH David,D Wiese,Ali Khan,2,0,,,,,,,,,
1269730,2021,2021-09-14,"Warner Park, Basseterre, St Kitts",1,19.5,St Lucia Kings,Trinbago Knight Riders,TH David,D Wiese,Ali Khan,6,0,,,,,,,,,
1269730,2021,2021-09-14,"Warner Park, Basseterre, St Kitts",1,19.6,St Lucia Kings,Trinbago Knight Riders,TH David,D Wiese,Ali Khan,4,0,,,,,,,,,
1269730,2021,2021-09-14,"Warner Park, Basseterre, St Kitts",1,19.7,St Lucia Kings,Trinbago Knight Riders,TH David,D Wiese,Ali Khan,0,0,,,,,,,,,
1269730,2021,2021-09-14,"Warner Park, Basseterre, St Kitts",2,0.1,Trinbago Knight Riders,St Lucia Kings,LMP Simmons,SP Narine,AS Joseph,4,0,,,,,,,,,
1269730,2021,2021-09-14,"Warner Park, Basseterre, St Kitts",2,0.2,Trinbago Knight Riders,St Lucia Kings,LMP Simmons,SP Narine,AS Joseph,0,0,,,,,,,,,
1269730,2021,2021-09-14,"Warner Park, Basseterre, St Kitts",2,0.3,Trinbago Knight Riders,St Lucia Kings,LMP Simmons,SP Narine,AS Joseph,0,0,,,,,,,,,
1269730,2021,2021-09-14,"Warner Park, Basseterre, St Kitts",2,0.4,Trinbago Knight Riders,St Lucia Kings,LMP Simmons,SP Narine,AS Joseph,0,0,,,,,,,,,
1269730,2021,2021-09-14,"Warner Park, Basseterre, St Kitts",2,0.5,Trinbago Knight Riders,St Lucia Kings,LMP Simmons,SP Narine,AS Joseph,0,1,1,,,,,,,,
1269730,2021,2021-09-14,"Warner Park, Basseterre, St Kitts",2,0.6,Trinbago Knight Riders,St Lucia Kings,LMP Simmons,SP Narine,AS Joseph,0,0,,,,,,,,,
1269730,2021,2021-09-14,"Warner Park, Basseterre, St Kitts",2,0.7,Trinbago Knight Riders,St Lucia Kings,LMP Simmons,SP Narine,AS Joseph,0,1,1,,,,,,,,
1269730,2021,2021-09-14,"Warner Park, Basseterre, St Kitts",2,0.8,Trinbago Knight Riders,St Lucia Kings,LMP Simmons,SP Narine,AS Joseph,0,0,,,,,,caught,LMP Simmons,,
1269730,2021,2021-09-14,"Warner Park, Basseterre, St Kitts",2,1.1,Trinbago Knight Riders,St Lucia Kings,SP Narine,C Munro,Wahab Riaz,0,4,,,,4,,,,,
1269730,2021,2021-09-14,"Warner Park, Basseterre, St Kitts",2,1.2,Trinbago Knight Riders,St Lucia Kings,SP Narine,C Munro,Wahab Riaz,2,0,,,,,,,,,
1269730,2021,2021-09-14,"Warner Park, Basseterre, St Kitts",2,1.3,Trinbago Knight Riders,St Lucia Kings,SP Narine,C Munro,Wahab Riaz,0,2,2,,,,,,,,
1269730,2021,2021-09-14,"Warner Park, Basseterre, St Kitts",2,1.4,Trinbago Knight Riders,St Lucia Kings,C Munro,SP Narine,Wahab Riaz,4,0,,,,,,,,,
1269730,2021,2021-09-14,"Warner Park, Basseterre, St Kitts",2,1.5,Trinbago Knight Riders,St Lucia Kings,C Munro,SP Narine,Wahab Riaz,0,0,,,,,,,,,
1269730,2021,2021-09-14,"Warner Park, Basseterre, St Kitts",2,1.6,Trinbago Knight Riders,St Lucia Kings,C Munro,SP Narine,Wahab Riaz,0,1,1,,,,,,,,
1269730,2021,2021-09-14,"Warner Park, Basseterre, St Kitts",2,1.7,Trinbago Knight Riders,St Lucia Kings,C Munro,SP Narine,Wahab Riaz,0,0,,,,,,,,,
1269730,2021,2021-09-14,"Warner Park, Basseterre, St Kitts",2,1.8,Trinbago Knight Riders,St Lucia Kings,C Munro,SP Narine,Wahab Riaz,6,0,,,,,,,,,
1269730,2021,2021-09-14,"Warner Park, Basseterre, St Kitts",2,2.1,Trinbago Knight Riders,St Lucia Kings,SP Narine,C Munro,AS Joseph,0,0,,,,,,,,,
1269730,2021,2021-09-14,"Warner Park, Basseterre, St Kitts",2,2.2,Trinbago Knight Riders,St Lucia Kings,SP Narine,C Munro,AS Joseph,1,0,,,,,,,,,
1269730,2021,2021-09-14,"Warner Park, Basseterre, St Kitts",2,2.3,Trinbago Knight Riders,St Lucia Kings,C Munro,SP Narine,AS Joseph,0,0,,,,,,,,,
1269730,2021,2021-09-14,"Warner Park, Basseterre, St Kitts",2,2.4,Trinbago Knight Riders,St Lucia Kings,C Munro,SP Narine,AS Joseph,4,0,,,,,,,,,
1269730,2021,2021-09-14,"Warner Park, Basseterre, St Kitts",2,2.5,Trinbago Knight Riders,St Lucia Kings,C Munro,SP Narine,AS Joseph,0,0,,,,,,,,,
1269730,2021,2021-09-14,"Warner Park, Basseterre, St Kitts",2,2.6,Trinbago Knight Riders,St Lucia Kings,C Munro,SP Narine,AS Joseph,0,0,,,,,,,,,
1269730,2021,2021-09-14,"Warner Park, Basseterre, St Kitts",2,3.1,Trinbago Knight Riders,St Lucia Kings,SP Narine,C Munro,RL Chase,2,0,,,,,,,,,
1269730,2021,2021-09-14,"Warner Park, Basseterre, St Kitts",2,3.2,Trinbago Knight Riders,St Lucia Kings,SP Narine,C Munro,RL Chase,0,0,,,,,,,,,
1269730,2021,2021-09-14,"Warner Park, Basseterre, St Kitts",2,3.3,Trinbago Knight Riders,St Lucia Kings,SP Narine,C Munro,RL Chase,4,0,,,,,,,,,
1269730,2021,2021-09-14,"Warner Park, Basseterre, St Kitts",2,3.4,Trinbago Knight Riders,St Lucia Kings,SP Narine,C Munro,RL Chase,4,0,,,,,,,,,
1269730,2021,2021-09-14,"Warner Park, Basseterre, St Kitts",2,3.5,Trinbago Knight Riders,St Lucia Kings,SP Narine,C Munro,RL Chase,0,1,1,,,,,,,,
1269730,2021,2021-09-14,"Warner Park, Basseterre, St Kitts",2,3.6,Trinbago Knight Riders,St Lucia Kings,SP Narine,C Munro,RL Chase,4,0,,,,,,,,,
1269730,2021,2021-09-14,"Warner Park, Basseterre, St Kitts",2,3.7,Trinbago Knight Riders,St Lucia Kings,SP Narine,C Munro,RL Chase,0,0,,,,,,,,,
1269730,2021,2021-09-14,"Warner Park, Basseterre, St Kitts",2,4.1,Trinbago Knight Riders,St Lucia Kings,C Munro,SP Narine,Wahab Riaz,0,0,,,,,,,,,
1269730,2021,2021-09-14,"Warner Park, Basseterre, St Kitts",2,4.2,Trinbago Knight Riders,St Lucia Kings,C Munro,SP Narine,Wahab Riaz,1,0,,,,,,,,,
1269730,2021,2021-09-14,"Warner Park, Basseterre, St Kitts",2,4.3,Trinbago Knight Riders,St Lucia Kings,SP Narine,C Munro,Wahab Riaz,6,0,,,,,,,,,
1269730,2021,2021-09-14,"Warner Park, Basseterre, St Kitts",2,4.4,Trinbago Knight Riders,St Lucia Kings,SP Narine,C Munro,Wahab Riaz,0,0,,,,,,,,,
1269730,2021,2021-09-14,"Warner Park, Basseterre, St Kitts",2,4.5,Trinbago Knight Riders,St Lucia Kings,SP Narine,C Munro,Wahab Riaz,1,0,,,,,,,,,
1269730,2021,2021-09-14,"Warner Park, Basseterre, St Kitts",2,4.6,Trinbago Knight Riders,St Lucia Kings,C Munro,SP Narine,Wahab Riaz,0,1,1,,,,,,,,
1269730,2021,2021-09-14,"Warner Park, Basseterre, St Kitts",2,4.7,Trinbago Knight Riders,St Lucia Kings,C Munro,SP Narine,Wahab Riaz,3,0,,,,,,,,,
1269730,2021,2021-09-14,"Warner Park, Basseterre, St Kitts",2,5.1,Trinbago Knight Riders,St Lucia Kings,C Munro,SP Narine,D Wiese,4,0,,,,,,,,,
1269730,2021,2021-09-14,"Warner Park, Basseterre, St Kitts",2,5.2,Trinbago Knight Riders,St Lucia Kings,C Munro,SP Narine,D Wiese,0,0,,,,,,,,,
1269730,2021,2021-09-14,"Warner Park, Basseterre, St Kitts",2,5.3,Trinbago Knight Riders,St Lucia Kings,C Munro,SP Narine,D Wiese,0,0,,,,,,,,,
1269730,2021,2021-09-14,"Warner Park, Basseterre, St Kitts",2,5.4,Trinbago Knight Riders,St Lucia Kings,C Munro,SP Narine,D Wiese,0,0,,,,,,,,,
1269730,2021,2021-09-14,"Warner Park, Basseterre, St Kitts",2,5.5,Trinbago Knight Riders,St Lucia Kings,C Munro,SP Narine,D Wiese,1,0,,,,,,,,,
1269730,2021,2021-09-14,"Warner Park, Basseterre, St Kitts",2,5.6,Trinbago Knight Riders,St Lucia Kings,SP Narine,C Munro,D Wiese,4,0,,,,,,,,,
1269730,2021,2021-09-14,"Warner Park, Basseterre, St Kitts",2,6.1,Trinbago Knight Riders,St Lucia Kings,C Munro,SP Narine,RL Chase,1,0,,,,,,,,,
1269730,2021,2021-09-14,"Warner Park, Basseterre, St Kitts",2,6.2,Trinbago Knight Riders,St Lucia Kings,SP Narine,C Munro,RL Chase,1,0,,,,,,,,,
1269730,2021,2021-09-14,"Warner Park, Basseterre, St Kitts",2,6.3,Trinbago Knight Riders,St Lucia Kings,C Munro,SP Narine,RL Chase,1,0,,,,,,,,,
1269730,2021,2021-09-14,"Warner Park, Basseterre, St Kitts",2,6.4,Trinbago Knight Riders,St Lucia Kings,SP Narine,C Munro,RL Chase,1,0,,,,,,,,,
1269730,2021,2021-09-14,"Warner Park, Basseterre, St Kitts",2,6.5,Trinbago Knight Riders,St Lucia Kings,C Munro,SP Narine,RL Chase,0,0,,,,,,,,,
1269730,2021,2021-09-14,"Warner Park, Basseterre, St Kitts",2,6.6,Trinbago Knight Riders,St Lucia Kings,C Munro,SP Narine,RL Chase,1,0,,,,,,,,,
1269730,2021,2021-09-14,"Warner Park, Basseterre, St Kitts",2,7.1,Trinbago Knight Riders,St Lucia Kings,C Munro,SP Narine,D Wiese,0,5,5,,,,,,,,
1269730,2021,2021-09-14,"Warner Park, Basseterre, St Kitts",2,7.2,Trinbago Knight Riders,St Lucia Kings,C Munro,SP Narine,D Wiese,1,0,,,,,,,,,
1269730,2021,2021-09-14,"Warner Park, Basseterre, St Kitts",2,7.3,Trinbago Knight Riders,St Lucia Kings,SP Narine,C Munro,D Wiese,0,0,,,,,,caught,SP Narine,,
1269730,2021,2021-09-14,"Warner Park, Basseterre, St Kitts",2,7.4,Trinbago Knight Riders,St Lucia Kings,C Munro,D Ramdin,D Wiese,1,0,,,,,,,,,
1269730,2021,2021-09-14,"Warner Park, Basseterre, St Kitts",2,7.5,Trinbago Knight Riders,St Lucia Kings,D Ramdin,C Munro,D Wiese,0,1,1,,,,,,,,
1269730,2021,2021-09-14,"Warner Park, Basseterre, St Kitts",2,7.6,Trinbago Knight Riders,St Lucia Kings,D Ramdin,C Munro,D Wiese,0,0,,,,,,,,,
1269730,2021,2021-09-14,"Warner Park, Basseterre, St Kitts",2,7.7,Trinbago Knight Riders,St Lucia Kings,D Ramdin,C Munro,D Wiese,1,0,,,,,,,,,
1269730,2021,2021-09-14,"Warner Park, Basseterre, St Kitts",2,7.8,Trinbago Knight Riders,St Lucia Kings,C Munro,D Ramdin,D Wiese,0,0,,,,,,bowled,C Munro,,
1269730,2021,2021-09-14,"Warner Park, Basseterre, St Kitts",2,8.1,Trinbago Knight Riders,St Lucia Kings,D Ramdin,DM Bravo,J Royal,1,0,,,,,,,,,
1269730,2021,2021-09-14,"Warner Park, Basseterre, St Kitts",2,8.2,Trinbago Knight Riders,St Lucia Kings,DM Bravo,D Ramdin,J Royal,2,0,,,,,,,,,
1269730,2021,2021-09-14,"Warner Park, Basseterre, St Kitts",2,8.3,Trinbago Knight Riders,St Lucia Kings,DM Bravo,D Ramdin,J Royal,4,0,,,,,,,,,
1269730,2021,2021-09-14,"Warner Park, Basseterre, St Kitts",2,8.4,Trinbago Knight Riders,St Lucia Kings,DM Bravo,D Ramdin,J Royal,6,0,,,,,,,,,
1269730,2021,2021-09-14,"Warner Park, Basseterre, St Kitts",2,8.5,Trinbago Knight Riders,St Lucia Kings,DM Bravo,D Ramdin,J Royal,1,0,,,,,,,,,
1269730,2021,2021-09-14,"Warner Park, Basseterre, St Kitts",2,8.6,Trinbago Knight Riders,St Lucia Kings,D Ramdin,DM Bravo,J Royal,1,0,,,,,,,,,
1269730,2021,2021-09-14,"Warner Park, Basseterre, St Kitts",2,9.1,Trinbago Knight Riders,St Lucia Kings,D Ramdin,DM Bravo,RL Chase,1,0,,,,,,,,,
1269730,2021,2021-09-14,"Warner Park, Basseterre, St Kitts",2,9.2,Trinbago Knight Riders,St Lucia Kings,DM Bravo,D Ramdin,RL Chase,1,0,,,,,,,,,
1269730,2021,2021-09-14,"Warner Park, Basseterre, St Kitts",2,9.3,Trinbago Knight Riders,St Lucia Kings,D Ramdin,DM Bravo,RL Chase,1,0,,,,,,,,,
1269730,2021,2021-09-14,"Warner Park, Basseterre, St Kitts",2,9.4,Trinbago Knight Riders,St Lucia Kings,DM Bravo,D Ramdin,RL Chase,0,0,,,,,,,,,
1269730,2021,2021-09-14,"Warner Park, Basseterre, St Kitts",2,9.5,Trinbago Knight Riders,St Lucia Kings,DM Bravo,D Ramdin,RL Chase,0,0,,,,,,,,,
1269730,2021,2021-09-14,"Warner Park, Basseterre, St Kitts",2,9.6,Trinbago Knight Riders,St Lucia Kings,DM Bravo,D Ramdin,RL Chase,1,0,,,,,,,,,
1269730,2021,2021-09-14,"Warner Park, Basseterre, St Kitts",2,10.1,Trinbago Knight Riders,St Lucia Kings,DM Bravo,D Ramdin,K Alleyne,6,0,,,,,,,,,
1269730,2021,2021-09-14,"Warner Park, Basseterre, St Kitts",2,10.2,Trinbago Knight Riders,St Lucia Kings,DM Bravo,D Ramdin,K Alleyne,1,0,,,,,,,,,
1269730,2021,2021-09-14,"Warner Park, Basseterre, St Kitts",2,10.3,Trinbago Knight Riders,St Lucia Kings,D Ramdin,DM Bravo,K Alleyne,1,0,,,,,,,,,
1269730,2021,2021-09-14,"Warner Park, Basseterre, St Kitts",2,10.4,Trinbago Knight Riders,St Lucia Kings,DM Bravo,D Ramdin,K Alleyne,1,0,,,,,,,,,
1269730,2021,2021-09-14,"Warner Park, Basseterre, St Kitts",2,10.5,Trinbago Knight Riders,St Lucia Kings,D Ramdin,DM Bravo,K Alleyne,4,0,,,,,,,,,
1269730,2021,2021-09-14,"Warner Park, Basseterre, St Kitts",2,10.6,Trinbago Knight Riders,St Lucia Kings,D Ramdin,DM Bravo,K Alleyne,0,0,,,,,,,,,
1269730,2021,2021-09-14,"Warner Park, Basseterre, St Kitts",2,11.1,Trinbago Knight Riders,St Lucia Kings,DM Bravo,D Ramdin,RL Chase,0,0,,,,,,,,,
1269730,2021,2021-09-14,"Warner Park, Basseterre, St Kitts",2,11.2,Trinbago Knight Riders,St Lucia Kings,DM Bravo,D Ramdin,RL Chase,1,0,,,,,,,,,
1269730,2021,2021-09-14,"Warner Park, Basseterre, St Kitts",2,11.3,Trinbago Knight Riders,St Lucia Kings,D Ramdin,DM Bravo,RL Chase,0,0,,,,,,,,,
1269730,2021,2021-09-14,"Warner Park, Basseterre, St Kitts",2,11.4,Trinbago Knight Riders,St Lucia Kings,D Ramdin,DM Bravo,RL Chase,6,0,,,,,,,,,
1269730,2021,2021-09-14,"Warner Park, Basseterre, St Kitts",2,11.5,Trinbago Knight Riders,St Lucia Kings,D Ramdin,DM Bravo,RL Chase,0,0,,,,,,,,,
1269730,2021,2021-09-14,"Warner Park, Basseterre, St Kitts",2,11.6,Trinbago Knight Riders,St Lucia Kings,D Ramdin,DM Bravo,RL Chase,0,0,,,,,,,,,
1269730,2021,2021-09-14,"Warner Park, Basseterre, St Kitts",2,12.1,Trinbago Knight Riders,St Lucia Kings,DM Bravo,D Ramdin,Wahab Riaz,1,0,,,,,,,,,
1269730,2021,2021-09-14,"Warner Park, Basseterre, St Kitts",2,12.2,Trinbago Knight Riders,St Lucia Kings,D Ramdin,DM Bravo,Wahab Riaz,0,0,,,,,,,,,
1269730,2021,2021-09-14,"Warner Park, Basseterre, St Kitts",2,12.3,Trinbago Knight Riders,St Lucia Kings,D Ramdin,DM Bravo,Wahab Riaz,1,0,,,,,,,,,
1269730,2021,2021-09-14,"Warner Park, Basseterre, St Kitts",2,12.4,Trinbago Knight Riders,St Lucia Kings,DM Bravo,D Ramdin,Wahab Riaz,0,0,,,,,,,,,
1269730,2021,2021-09-14,"Warner Park, Basseterre, St Kitts",2,12.5,Trinbago Knight Riders,St Lucia Kings,DM Bravo,D Ramdin,Wahab Riaz,0,0,,,,,,bowled,DM Bravo,,
1269730,2021,2021-09-14,"Warner Park, Basseterre, St Kitts",2,12.6,Trinbago Knight Riders,St Lucia Kings,KA Pollard,D Ramdin,Wahab Riaz,1,0,,,,,,,,,
1269730,2021,2021-09-14,"Warner Park, Basseterre, St Kitts",2,13.1,Trinbago Knight Riders,St Lucia Kings,KA Pollard,D Ramdin,AS Joseph,0,1,1,,,,,,,,
1269730,2021,2021-09-14,"Warner Park, Basseterre, St Kitts",2,13.2,Trinbago Knight Riders,St Lucia Kings,KA Pollard,D Ramdin,AS Joseph,1,0,,,,,,,,,
1269730,2021,2021-09-14,"Warner Park, Basseterre, St Kitts",2,13.3,Trinbago Knight Riders,St Lucia Kings,D Ramdin,KA Pollard,AS Joseph,1,0,,,,,,,,,
1269730,2021,2021-09-14,"Warner Park, Basseterre, St Kitts",2,13.4,Trinbago Knight Riders,St Lucia Kings,KA Pollard,D Ramdin,AS Joseph,0,0,,,,,,,,,
1269730,2021,2021-09-14,"Warner Park, Basseterre, St Kitts",2,13.5,Trinbago Knight Riders,St Lucia Kings,KA Pollard,D Ramdin,AS Joseph,0,0,,,,,,,,,
1269730,2021,2021-09-14,"Warner Park, Basseterre, St Kitts",2,13.6,Trinbago Knight Riders,St Lucia Kings,KA Pollard,D Ramdin,AS Joseph,1,0,,,,,,,,,
1269730,2021,2021-09-14,"Warner Park, Basseterre, St Kitts",2,13.7,Trinbago Knight Riders,St Lucia Kings,D Ramdin,KA Pollard,AS Joseph,1,0,,,,,,,,,
1269730,2021,2021-09-14,"Warner Park, Basseterre, St Kitts",2,14.1,Trinbago Knight Riders,St Lucia Kings,D Ramdin,KA Pollard,KMA Paul,4,0,,,,,,,,,
1269730,2021,2021-09-14,"Warner Park, Basseterre, St Kitts",2,14.2,Trinbago Knight Riders,St Lucia Kings,D Ramdin,KA Pollard,KMA Paul,0,1,,,,1,,,,,
1269730,2021,2021-09-14,"Warner Park, Basseterre, St Kitts",2,14.3,Trinbago Knight Riders,St Lucia Kings,KA Pollard,D Ramdin,KMA Paul,6,0,,,,,,,,,
1269730,2021,2021-09-14,"Warner Park, Basseterre, St Kitts",2,14.4,Trinbago Knight Riders,St Lucia Kings,KA Pollard,D Ramdin,KMA Paul,2,0,,,,,,,,,
1269730,2021,2021-09-14,"Warner Park, Basseterre, St Kitts",2,14.5,Trinbago Knight Riders,St Lucia Kings,KA Pollard,D Ramdin,KMA Paul,6,0,,,,,,,,,
1269730,2021,2021-09-14,"Warner Park, Basseterre, St Kitts",2,14.6,Trinbago Knight Riders,St Lucia Kings,KA Pollard,D Ramdin,KMA Paul,0,1,1,,,,,,,,
1269730,2021,2021-09-14,"Warner Park, Basseterre, St Kitts",2,14.7,Trinbago Knight Riders,St Lucia Kings,KA Pollard,D Ramdin,KMA Paul,2,0,,,,,,,,,
1269730,2021,2021-09-14,"Warner Park, Basseterre, St Kitts",2,15.1,Trinbago Knight Riders,St Lucia Kings,D Ramdin,KA Pollard,D Wiese,1,0,,,,,,,,,
1269730,2021,2021-09-14,"Warner Park, Basseterre, St Kitts",2,15.2,Trinbago Knight Riders,St Lucia Kings,KA Pollard,D Ramdin,D Wiese,0,1,1,,,,,,,,
1269730,2021,2021-09-14,"Warner Park, Basseterre, St Kitts",2,15.3,Trinbago Knight Riders,St Lucia Kings,KA Pollard,D Ramdin,D Wiese,0,0,,,,,,,,,
1269730,2021,2021-09-14,"Warner Park, Basseterre, St Kitts",2,15.4,Trinbago Knight Riders,St Lucia Kings,KA Pollard,D Ramdin,D Wiese,1,0,,,,,,,,,
1269730,2021,2021-09-14,"Warner Park, Basseterre, St Kitts",2,15.5,Trinbago Knight Riders,St Lucia Kings,D Ramdin,KA Pollard,D Wiese,1,0,,,,,,,,,
1269730,2021,2021-09-14,"Warner Park, Basseterre, St Kitts",2,15.6,Trinbago Knight Riders,St Lucia Kings,KA Pollard,D Ramdin,D Wiese,6,0,,,,,,,,,
1269730,2021,2021-09-14,"Warner Park, Basseterre, St Kitts",2,15.7,Trinbago Knight Riders,St Lucia Kings,KA Pollard,D Ramdin,D Wiese,0,0,,,,,,caught,KA Pollard,,
1269730,2021,2021-09-14,"Warner Park, Basseterre, St Kitts",2,16.1,Trinbago Knight Riders,St Lucia Kings,TL Seifert,D Ramdin,AS Joseph,0,0,,,,,,,,,
1269730,2021,2021-09-14,"Warner Park, Basseterre, St Kitts",2,16.2,Trinbago Knight Riders,St Lucia Kings,TL Seifert,D Ramdin,AS Joseph,1,0,,,,,,,,,
1269730,2021,2021-09-14,"Warner Park, Basseterre, St Kitts",2,16.3,Trinbago Knight Riders,St Lucia Kings,D Ramdin,TL Seifert,AS Joseph,1,0,,,,,,,,,
1269730,2021,2021-09-14,"Warner Park, Basseterre, St Kitts",2,16.4,Trinbago Knight Riders,St Lucia Kings,TL Seifert,D Ramdin,AS Joseph,1,0,,,,,,,,,
1269730,2021,2021-09-14,"Warner Park, Basseterre, St Kitts",2,16.5,Trinbago Knight Riders,St Lucia Kings,D Ramdin,TL Seifert,AS Joseph,1,0,,,,,,,,,
1269730,2021,2021-09-14,"Warner Park, Basseterre, St Kitts",2,16.6,Trinbago Knight Riders,St Lucia Kings,TL Seifert,D Ramdin,AS Joseph,4,0,,,,,,,,,
1269730,2021,2021-09-14,"Warner Park, Basseterre, St Kitts",2,17.1,Trinbago Knight Riders,St Lucia Kings,D Ramdin,TL Seifert,Wahab Riaz,1,0,,,,,,,,,
1269730,2021,2021-09-14,"Warner Park, Basseterre, St Kitts",2,17.2,Trinbago Knight Riders,St Lucia Kings,TL Seifert,D Ramdin,Wahab Riaz,2,0,,,,,,,,,
1269730,2021,2021-09-14,"Warner Park, Basseterre, St Kitts",2,17.3,Trinbago Knight Riders,St Lucia Kings,TL Seifert,D Ramdin,Wahab Riaz,1,0,,,,,,,,,
1269730,2021,2021-09-14,"Warner Park, Basseterre, St Kitts",2,17.4,Trinbago Knight Riders,St Lucia Kings,D Ramdin,TL Seifert,Wahab Riaz,1,0,,,,,,,,,
1269730,2021,2021-09-14,"Warner Park, Basseterre, St Kitts",2,17.5,Trinbago Knight Riders,St Lucia Kings,TL Seifert,D Ramdin,Wahab Riaz,1,0,,,,,,,,,
1269730,2021,2021-09-14,"Warner Park, Basseterre, St Kitts",2,17.6,Trinbago Knight Riders,St Lucia Kings,D Ramdin,TL Seifert,Wahab Riaz,0,0,,,,,,caught,D Ramdin,,
1269730,2021,2021-09-14,"Warner Park, Basseterre, St Kitts",2,18.1,Trinbago Knight Riders,St Lucia Kings,AJ Hosein,TL Seifert,D Wiese,0,1,1,,,,,,,,
1269730,2021,2021-09-14,"Warner Park, Basseterre, St Kitts",2,18.2,Trinbago Knight Riders,St Lucia Kings,AJ Hosein,TL Seifert,D Wiese,6,0,,,,,,,,,
1269730,2021,2021-09-14,"Warner Park, Basseterre, St Kitts",2,18.3,Trinbago Knight Riders,St Lucia Kings,AJ Hosein,TL Seifert,D Wiese,0,0,,,,,,,,,
1269730,2021,2021-09-14,"Warner Park, Basseterre, St Kitts",2,18.4,Trinbago Knight Riders,St Lucia Kings,AJ Hosein,TL Seifert,D Wiese,0,0,,,,,,caught,AJ Hosein,,
1269730,2021,2021-09-14,"Warner Park, Basseterre, St Kitts",2,18.5,Trinbago Knight Riders,St Lucia Kings,TL Seifert,K Pierre,D Wiese,0,0,,,,,,caught,TL Seifert,,
1269730,2021,2021-09-14,"Warner Park, Basseterre, St Kitts",2,18.6,Trinbago Knight Riders,St Lucia Kings,Ali Khan,K Pierre,D Wiese,0,0,,,,,,,,,
1269730,2021,2021-09-14,"Warner Park, Basseterre, St Kitts",2,18.7,Trinbago Knight Riders,St Lucia Kings,Ali Khan,K Pierre,D Wiese,4,0,,,,,,,,,
1269730,2021,2021-09-14,"Warner Park, Basseterre, St Kitts",2,19.1,Trinbago Knight Riders,St Lucia Kings,K Pierre,Ali Khan,KMA Paul,0,0,,,,,,caught,K Pierre,,
1269730,2021,2021-09-14,"Warner Park, Basseterre, St Kitts",2,19.2,Trinbago Knight Riders,St Lucia Kings,Ali Khan,R Rampaul,KMA Paul,0,0,,,,,,,,,
1269730,2021,2021-09-14,"Warner Park, Basseterre, St Kitts",2,19.3,Trinbago Knight Riders,St Lucia Kings,Ali Khan,R Rampaul,KMA Paul,0,0,,,,,,caught,Ali Khan,,
