match_id,season,start_date,venue,innings,ball,batting_team,bowling_team,striker,non_striker,bowler,runs_off_bat,extras,wides,noballs,byes,legbyes,penalty,wicket_type,player_dismissed,other_wicket_type,other_player_dismissed
1269714,2021,2021-09-04,"Warner Park, Basseterre, St Kitts",1,0.1,St Lucia Kings,St Kitts and Nevis Patriots,ADS Fletcher,F du Plessis,SS Cottrell,1,0,,,,,,,,,
1269714,2021,2021-09-04,"Warner Park, Basseterre, St Kitts",1,0.2,St Lucia Kings,St Kitts and Nevis Patriots,F du Plessis,ADS Fletcher,SS Cottrell,0,0,,,,,,,,,
1269714,2021,2021-09-04,"Warner Park, Basseterre, St Kitts",1,0.3,St Lucia Kings,St Kitts and Nevis Patriots,F du Plessis,ADS Fletcher,SS Cottrell,0,1,1,,,,,,,,
1269714,2021,2021-09-04,"Warner Park, Basseterre, St Kitts",1,0.4,St Lucia Kings,St Kitts and Nevis Patriots,F du Plessis,ADS Fletcher,SS Cottrell,2,0,,,,,,,,,
1269714,2021,2021-09-04,"Warner Park, Basseterre, St Kitts",1,0.5,St Lucia Kings,St Kitts and Nevis Patriots,F du Plessis,ADS Fletcher,SS Cottrell,4,0,,,,,,,,,
1269714,2021,2021-09-04,"Warner Park, Basseterre, St Kitts",1,0.6,St Lucia Kings,St Kitts and Nevis Patriots,F du Plessis,ADS Fletcher,SS Cottrell,1,0,,,,,,,,,
1269714,2021,2021-09-04,"Warner Park, Basseterre, St Kitts",1,0.7,St Lucia Kings,St Kitts and Nevis Patriots,ADS Fletcher,F du Plessis,SS Cottrell,0,0,,,,,,,,,
1269714,2021,2021-09-04,"Warner Park, Basseterre, St Kitts",1,1.1,St Lucia Kings,St Kitts and Nevis Patriots,F du Plessis,ADS Fletcher,Naseem Shah,0,0,,,,,,,,,
1269714,2021,2021-09-04,"Warner Park, Basseterre, St Kitts",1,1.2,St Lucia Kings,St Kitts and Nevis Patriots,F du Plessis,ADS Fletcher,Naseem Shah,0,0,,,,,,,,,
1269714,2021,2021-09-04,"Warner Park, Basseterre, St Kitts",1,1.3,St Lucia Kings,St Kitts and Nevis Patriots,F du Plessis,ADS Fletcher,Naseem Shah,0,0,,,,,,,,,
1269714,2021,2021-09-04,"Warner Park, Basseterre, St Kitts",1,1.4,St Lucia Kings,St Kitts and Nevis Patriots,F du Plessis,ADS Fletcher,Naseem Shah,6,0,,,,,,,,,
1269714,2021,2021-09-04,"Warner Park, Basseterre, St Kitts",1,1.5,St Lucia Kings,St Kitts and Nevis Patriots,F du Plessis,ADS Fletcher,Naseem Shah,4,0,,,,,,,,,
1269714,2021,2021-09-04,"Warner Park, Basseterre, St Kitts",1,1.6,St Lucia Kings,St Kitts and Nevis Patriots,F du Plessis,ADS Fletcher,Naseem Shah,4,0,,,,,,,,,
1269714,2021,2021-09-04,"Warner Park, Basseterre, St Kitts",1,2.1,St Lucia Kings,St Kitts and Nevis Patriots,ADS Fletcher,F du Plessis,SS Cottrell,1,0,,,,,,,,,
1269714,2021,2021-09-04,"Warner Park, Basseterre, St Kitts",1,2.2,St Lucia Kings,St Kitts and Nevis Patriots,F du Plessis,ADS Fletcher,SS Cottrell,1,0,,,,,,,,,
1269714,2021,2021-09-04,"Warner Park, Basseterre, St Kitts",1,2.3,St Lucia Kings,St Kitts and Nevis Patriots,ADS Fletcher,F du Plessis,SS Cottrell,1,0,,,,,,,,,
1269714,2021,2021-09-04,"Warner Park, Basseterre, St Kitts",1,2.4,St Lucia Kings,St Kitts and Nevis Patriots,F du Plessis,ADS Fletcher,SS Cottrell,0,0,,,,,,,,,
1269714,2021,2021-09-04,"Warner Park, Basseterre, St Kitts",1,2.5,St Lucia Kings,St Kitts and Nevis Patriots,F du Plessis,ADS Fletcher,SS Cottrell,4,0,,,,,,,,,
1269714,2021,2021-09-04,"Warner Park, Basseterre, St Kitts",1,2.6,St Lucia Kings,St Kitts and Nevis Patriots,F du Plessis,ADS Fletcher,SS Cottrell,4,0,,,,,,,,,
1269714,2021,2021-09-04,"Warner Park, Basseterre, St Kitts",1,3.1,St Lucia Kings,St Kitts and Nevis Patriots,ADS Fletcher,F du Plessis,FA Allen,1,0,,,,,,,,,
1269714,2021,2021-09-04,"Warner Park, Basseterre, St Kitts",1,3.2,St Lucia Kings,St Kitts and Nevis Patriots,F du Plessis,ADS Fletcher,FA Allen,1,0,,,,,,,,,
1269714,2021,2021-09-04,"Warner Park, Basseterre, St Kitts",1,3.3,St Lucia Kings,St Kitts and Nevis Patriots,ADS Fletcher,F du Plessis,FA Allen,4,0,,,,,,,,,
1269714,2021,2021-09-04,"Warner Park, Basseterre, St Kitts",1,3.4,St Lucia Kings,St Kitts and Nevis Patriots,ADS Fletcher,F du Plessis,FA Allen,1,0,,,,,,,,,
1269714,2021,2021-09-04,"Warner Park, Basseterre, St Kitts",1,3.5,St Lucia Kings,St Kitts and Nevis Patriots,F du Plessis,ADS Fletcher,FA Allen,0,0,,,,,,,,,
1269714,2021,2021-09-04,"Warner Park, Basseterre, St Kitts",1,3.6,St Lucia Kings,St Kitts and Nevis Patriots,F du Plessis,ADS Fletcher,FA Allen,2,0,,,,,,,,,
1269714,2021,2021-09-04,"Warner Park, Basseterre, St Kitts",1,4.1,St Lucia Kings,St Kitts and Nevis Patriots,ADS Fletcher,F du Plessis,DC Drakes,1,0,,,,,,,,,
1269714,2021,2021-09-04,"Warner Park, Basseterre, St Kitts",1,4.2,St Lucia Kings,St Kitts and Nevis Patriots,F du Plessis,ADS Fletcher,DC Drakes,1,0,,,,,,,,,
1269714,2021,2021-09-04,"Warner Park, Basseterre, St Kitts",1,4.3,St Lucia Kings,St Kitts and Nevis Patriots,ADS Fletcher,F du Plessis,DC Drakes,6,0,,,,,,,,,
1269714,2021,2021-09-04,"Warner Park, Basseterre, St Kitts",1,4.4,St Lucia Kings,St Kitts and Nevis Patriots,ADS Fletcher,F du Plessis,DC Drakes,1,0,,,,,,,,,
1269714,2021,2021-09-04,"Warner Park, Basseterre, St Kitts",1,4.5,St Lucia Kings,St Kitts and Nevis Patriots,F du Plessis,ADS Fletcher,DC Drakes,0,1,1,,,,,,,,
1269714,2021,2021-09-04,"Warner Park, Basseterre, St Kitts",1,4.6,St Lucia Kings,St Kitts and Nevis Patriots,F du Plessis,ADS Fletcher,DC Drakes,4,0,,,,,,,,,
1269714,2021,2021-09-04,"Warner Park, Basseterre, St Kitts",1,4.7,St Lucia Kings,St Kitts and Nevis Patriots,F du Plessis,ADS Fletcher,DC Drakes,1,0,,,,,,,,,
1269714,2021,2021-09-04,"Warner Park, Basseterre, St Kitts",1,5.1,St Lucia Kings,St Kitts and Nevis Patriots,F du Plessis,ADS Fletcher,DJ Bravo,0,1,1,,,,,,,,
1269714,2021,2021-09-04,"Warner Park, Basseterre, St Kitts",1,5.2,St Lucia Kings,St Kitts and Nevis Patriots,F du Plessis,ADS Fletcher,DJ Bravo,4,0,,,,,,,,,
1269714,2021,2021-09-04,"Warner Park, Basseterre, St Kitts",1,5.3,St Lucia Kings,St Kitts and Nevis Patriots,F du Plessis,ADS Fletcher,DJ Bravo,4,0,,,,,,,,,
1269714,2021,2021-09-04,"Warner Park, Basseterre, St Kitts",1,5.4,St Lucia Kings,St Kitts and Nevis Patriots,F du Plessis,ADS Fletcher,DJ Bravo,1,0,,,,,,,,,
1269714,2021,2021-09-04,"Warner Park, Basseterre, St Kitts",1,5.5,St Lucia Kings,St Kitts and Nevis Patriots,ADS Fletcher,F du Plessis,DJ Bravo,1,0,,,,,,,,,
1269714,2021,2021-09-04,"Warner Park, Basseterre, St Kitts",1,5.6,St Lucia Kings,St Kitts and Nevis Patriots,F du Plessis,ADS Fletcher,DJ Bravo,1,0,,,,,,,,,
1269714,2021,2021-09-04,"Warner Park, Basseterre, St Kitts",1,5.7,St Lucia Kings,St Kitts and Nevis Patriots,ADS Fletcher,F du Plessis,DJ Bravo,1,0,,,,,,,,,
1269714,2021,2021-09-04,"Warner Park, Basseterre, St Kitts",1,6.1,St Lucia Kings,St Kitts and Nevis Patriots,ADS Fletcher,F du Plessis,Fawad Ahmed,0,0,,,,,,,,,
1269714,2021,2021-09-04,"Warner Park, Basseterre, St Kitts",1,6.2,St Lucia Kings,St Kitts and Nevis Patriots,ADS Fletcher,F du Plessis,Fawad Ahmed,1,0,,,,,,,,,
1269714,2021,2021-09-04,"Warner Park, Basseterre, St Kitts",1,6.3,St Lucia Kings,St Kitts and Nevis Patriots,F du Plessis,ADS Fletcher,Fawad Ahmed,1,0,,,,,,,,,
1269714,2021,2021-09-04,"Warner Park, Basseterre, St Kitts",1,6.4,St Lucia Kings,St Kitts and Nevis Patriots,ADS Fletcher,F du Plessis,Fawad Ahmed,0,0,,,,,,,,,
1269714,2021,2021-09-04,"Warner Park, Basseterre, St Kitts",1,6.5,St Lucia Kings,St Kitts and Nevis Patriots,ADS Fletcher,F du Plessis,Fawad Ahmed,0,0,,,,,,,,,
1269714,2021,2021-09-04,"Warner Park, Basseterre, St Kitts",1,6.6,St Lucia Kings,St Kitts and Nevis Patriots,ADS Fletcher,F du Plessis,Fawad Ahmed,1,0,,,,,,,,,
1269714,2021,2021-09-04,"Warner Park, Basseterre, St Kitts",1,7.1,St Lucia Kings,St Kitts and Nevis Patriots,ADS Fletcher,F du Plessis,FA Allen,2,0,,,,,,,,,
1269714,2021,2021-09-04,"Warner Park, Basseterre, St Kitts",1,7.2,St Lucia Kings,St Kitts and Nevis Patriots,ADS Fletcher,F du Plessis,FA Allen,0,0,,,,,,caught,ADS Fletcher,,
1269714,2021,2021-09-04,"Warner Park, Basseterre, St Kitts",1,7.3,St Lucia Kings,St Kitts and Nevis Patriots,F du Plessis,KJ Cottoy,FA Allen,1,0,,,,,,,,,
1269714,2021,2021-09-04,"Warner Park, Basseterre, St Kitts",1,7.4,St Lucia Kings,St Kitts and Nevis Patriots,KJ Cottoy,F du Plessis,FA Allen,4,0,,,,,,,,,
1269714,2021,2021-09-04,"Warner Park, Basseterre, St Kitts",1,7.5,St Lucia Kings,St Kitts and Nevis Patriots,KJ Cottoy,F du Plessis,FA Allen,1,0,,,,,,,,,
1269714,2021,2021-09-04,"Warner Park, Basseterre, St Kitts",1,7.6,St Lucia Kings,St Kitts and Nevis Patriots,F du Plessis,KJ Cottoy,FA Allen,1,0,,,,,,,,,
1269714,2021,2021-09-04,"Warner Park, Basseterre, St Kitts",1,8.1,St Lucia Kings,St Kitts and Nevis Patriots,F du Plessis,KJ Cottoy,Fawad Ahmed,1,0,,,,,,,,,
1269714,2021,2021-09-04,"Warner Park, Basseterre, St Kitts",1,8.2,St Lucia Kings,St Kitts and Nevis Patriots,KJ Cottoy,F du Plessis,Fawad Ahmed,0,0,,,,,,,,,
1269714,2021,2021-09-04,"Warner Park, Basseterre, St Kitts",1,8.3,St Lucia Kings,St Kitts and Nevis Patriots,KJ Cottoy,F du Plessis,Fawad Ahmed,0,0,,,,,,,,,
1269714,2021,2021-09-04,"Warner Park, Basseterre, St Kitts",1,8.4,St Lucia Kings,St Kitts and Nevis Patriots,KJ Cottoy,F du Plessis,Fawad Ahmed,2,0,,,,,,,,,
1269714,2021,2021-09-04,"Warner Park, Basseterre, St Kitts",1,8.5,St Lucia Kings,St Kitts and Nevis Patriots,KJ Cottoy,F du Plessis,Fawad Ahmed,0,0,,,,,,,,,
1269714,2021,2021-09-04,"Warner Park, Basseterre, St Kitts",1,8.6,St Lucia Kings,St Kitts and Nevis Patriots,KJ Cottoy,F du Plessis,Fawad Ahmed,1,0,,,,,,,,,
1269714,2021,2021-09-04,"Warner Park, Basseterre, St Kitts",1,9.1,St Lucia Kings,St Kitts and Nevis Patriots,KJ Cottoy,F du Plessis,FA Allen,1,0,,,,,,,,,
1269714,2021,2021-09-04,"Warner Park, Basseterre, St Kitts",1,9.2,St Lucia Kings,St Kitts and Nevis Patriots,F du Plessis,KJ Cottoy,FA Allen,1,0,,,,,,,,,
1269714,2021,2021-09-04,"Warner Park, Basseterre, St Kitts",1,9.3,St Lucia Kings,St Kitts and Nevis Patriots,KJ Cottoy,F du Plessis,FA Allen,0,0,,,,,,,,,
1269714,2021,2021-09-04,"Warner Park, Basseterre, St Kitts",1,9.4,St Lucia Kings,St Kitts and Nevis Patriots,KJ Cottoy,F du Plessis,FA Allen,1,0,,,,,,,,,
1269714,2021,2021-09-04,"Warner Park, Basseterre, St Kitts",1,9.5,St Lucia Kings,St Kitts and Nevis Patriots,F du Plessis,KJ Cottoy,FA Allen,4,0,,,,,,,,,
1269714,2021,2021-09-04,"Warner Park, Basseterre, St Kitts",1,9.6,St Lucia Kings,St Kitts and Nevis Patriots,F du Plessis,KJ Cottoy,FA Allen,1,0,,,,,,,,,
1269714,2021,2021-09-04,"Warner Park, Basseterre, St Kitts",1,10.1,St Lucia Kings,St Kitts and Nevis Patriots,F du Plessis,KJ Cottoy,Fawad Ahmed,2,0,,,,,,,,,
1269714,2021,2021-09-04,"Warner Park, Basseterre, St Kitts",1,10.2,St Lucia Kings,St Kitts and Nevis Patriots,F du Plessis,KJ Cottoy,Fawad Ahmed,2,0,,,,,,,,,
1269714,2021,2021-09-04,"Warner Park, Basseterre, St Kitts",1,10.3,St Lucia Kings,St Kitts and Nevis Patriots,F du Plessis,KJ Cottoy,Fawad Ahmed,1,0,,,,,,,,,
1269714,2021,2021-09-04,"Warner Park, Basseterre, St Kitts",1,10.4,St Lucia Kings,St Kitts and Nevis Patriots,KJ Cottoy,F du Plessis,Fawad Ahmed,0,0,,,,,,stumped,KJ Cottoy,,
1269714,2021,2021-09-04,"Warner Park, Basseterre, St Kitts",1,10.5,St Lucia Kings,St Kitts and Nevis Patriots,RL Chase,F du Plessis,Fawad Ahmed,0,0,,,,,,,,,
1269714,2021,2021-09-04,"Warner Park, Basseterre, St Kitts",1,10.6,St Lucia Kings,St Kitts and Nevis Patriots,RL Chase,F du Plessis,Fawad Ahmed,4,0,,,,,,,,,
1269714,2021,2021-09-04,"Warner Park, Basseterre, St Kitts",1,11.1,St Lucia Kings,St Kitts and Nevis Patriots,F du Plessis,RL Chase,Naseem Shah,1,0,,,,,,,,,
1269714,2021,2021-09-04,"Warner Park, Basseterre, St Kitts",1,11.2,St Lucia Kings,St Kitts and Nevis Patriots,RL Chase,F du Plessis,Naseem Shah,0,0,,,,,,,,,
1269714,2021,2021-09-04,"Warner Park, Basseterre, St Kitts",1,11.3,St Lucia Kings,St Kitts and Nevis Patriots,RL Chase,F du Plessis,Naseem Shah,0,0,,,,,,,,,
1269714,2021,2021-09-04,"Warner Park, Basseterre, St Kitts",1,11.4,St Lucia Kings,St Kitts and Nevis Patriots,RL Chase,F du Plessis,Naseem Shah,1,0,,,,,,,,,
1269714,2021,2021-09-04,"Warner Park, Basseterre, St Kitts",1,11.5,St Lucia Kings,St Kitts and Nevis Patriots,F du Plessis,RL Chase,Naseem Shah,1,0,,,,,,,,,
1269714,2021,2021-09-04,"Warner Park, Basseterre, St Kitts",1,11.6,St Lucia Kings,St Kitts and Nevis Patriots,RL Chase,F du Plessis,Naseem Shah,1,0,,,,,,,,,
1269714,2021,2021-09-04,"Warner Park, Basseterre, St Kitts",1,12.1,St Lucia Kings,St Kitts and Nevis Patriots,RL Chase,F du Plessis,DJ Bravo,1,0,,,,,,,,,
1269714,2021,2021-09-04,"Warner Park, Basseterre, St Kitts",1,12.2,St Lucia Kings,St Kitts and Nevis Patriots,F du Plessis,RL Chase,DJ Bravo,0,0,,,,,,,,,
1269714,2021,2021-09-04,"Warner Park, Basseterre, St Kitts",1,12.3,St Lucia Kings,St Kitts and Nevis Patriots,F du Plessis,RL Chase,DJ Bravo,4,0,,,,,,,,,
1269714,2021,2021-09-04,"Warner Park, Basseterre, St Kitts",1,12.4,St Lucia Kings,St Kitts and Nevis Patriots,F du Plessis,RL Chase,DJ Bravo,1,0,,,,,,,,,
1269714,2021,2021-09-04,"Warner Park, Basseterre, St Kitts",1,12.5,St Lucia Kings,St Kitts and Nevis Patriots,RL Chase,F du Plessis,DJ Bravo,4,0,,,,,,,,,
1269714,2021,2021-09-04,"Warner Park, Basseterre, St Kitts",1,12.6,St Lucia Kings,St Kitts and Nevis Patriots,RL Chase,F du Plessis,DJ Bravo,0,1,,1,,,,,,,
1269714,2021,2021-09-04,"Warner Park, Basseterre, St Kitts",1,12.7,St Lucia Kings,St Kitts and Nevis Patriots,RL Chase,F du Plessis,DJ Bravo,4,0,,,,,,,,,
1269714,2021,2021-09-04,"Warner Park, Basseterre, St Kitts",1,13.1,St Lucia Kings,St Kitts and Nevis Patriots,F du Plessis,RL Chase,DC Drakes,1,0,,,,,,,,,
1269714,2021,2021-09-04,"Warner Park, Basseterre, St Kitts",1,13.2,St Lucia Kings,St Kitts and Nevis Patriots,RL Chase,F du Plessis,DC Drakes,1,0,,,,,,,,,
1269714,2021,2021-09-04,"Warner Park, Basseterre, St Kitts",1,13.3,St Lucia Kings,St Kitts and Nevis Patriots,F du Plessis,RL Chase,DC Drakes,0,0,,,,,,,,,
1269714,2021,2021-09-04,"Warner Park, Basseterre, St Kitts",1,13.4,St Lucia Kings,St Kitts and Nevis Patriots,F du Plessis,RL Chase,DC Drakes,6,0,,,,,,,,,
1269714,2021,2021-09-04,"Warner Park, Basseterre, St Kitts",1,13.5,St Lucia Kings,St Kitts and Nevis Patriots,F du Plessis,RL Chase,DC Drakes,1,0,,,,,,,,,
1269714,2021,2021-09-04,"Warner Park, Basseterre, St Kitts",1,13.6,St Lucia Kings,St Kitts and Nevis Patriots,RL Chase,F du Plessis,DC Drakes,2,0,,,,,,,,,
1269714,2021,2021-09-04,"Warner Park, Basseterre, St Kitts",1,14.1,St Lucia Kings,St Kitts and Nevis Patriots,F du Plessis,RL Chase,SS Cottrell,0,1,1,,,,,,,,
1269714,2021,2021-09-04,"Warner Park, Basseterre, St Kitts",1,14.2,St Lucia Kings,St Kitts and Nevis Patriots,F du Plessis,RL Chase,SS Cottrell,6,0,,,,,,,,,
1269714,2021,2021-09-04,"Warner Park, Basseterre, St Kitts",1,14.3,St Lucia Kings,St Kitts and Nevis Patriots,F du Plessis,RL Chase,SS Cottrell,6,0,,,,,,,,,
1269714,2021,2021-09-04,"Warner Park, Basseterre, St Kitts",1,14.4,St Lucia Kings,St Kitts and Nevis Patriots,F du Plessis,RL Chase,SS Cottrell,4,0,,,,,,,,,
1269714,2021,2021-09-04,"Warner Park, Basseterre, St Kitts",1,14.5,St Lucia Kings,St Kitts and Nevis Patriots,F du Plessis,RL Chase,SS Cottrell,0,0,,,,,,,,,
1269714,2021,2021-09-04,"Warner Park, Basseterre, St Kitts",1,14.6,St Lucia Kings,St Kitts and Nevis Patriots,F du Plessis,RL Chase,SS Cottrell,1,0,,,,,,,,,
1269714,2021,2021-09-04,"Warner Park, Basseterre, St Kitts",1,14.7,St Lucia Kings,St Kitts and Nevis Patriots,RL Chase,F du Plessis,SS Cottrell,1,0,,,,,,,,,
1269714,2021,2021-09-04,"Warner Park, Basseterre, St Kitts",1,15.1,St Lucia Kings,St Kitts and Nevis Patriots,RL Chase,F du Plessis,Fawad Ahmed,1,0,,,,,,,,,
1269714,2021,2021-09-04,"Warner Park, Basseterre, St Kitts",1,15.2,St Lucia Kings,St Kitts and Nevis Patriots,F du Plessis,RL Chase,Fawad Ahmed,1,0,,,,,,,,,
1269714,2021,2021-09-04,"Warner Park, Basseterre, St Kitts",1,15.3,St Lucia Kings,St Kitts and Nevis Patriots,RL Chase,F du Plessis,Fawad Ahmed,1,0,,,,,,,,,
1269714,2021,2021-09-04,"Warner Park, Basseterre, St Kitts",1,15.4,St Lucia Kings,St Kitts and Nevis Patriots,F du Plessis,RL Chase,Fawad Ahmed,2,0,,,,,,,,,
1269714,2021,2021-09-04,"Warner Park, Basseterre, St Kitts",1,15.5,St Lucia Kings,St Kitts and Nevis Patriots,F du Plessis,RL Chase,Fawad Ahmed,1,0,,,,,,,,,
1269714,2021,2021-09-04,"Warner Park, Basseterre, St Kitts",1,15.6,St Lucia Kings,St Kitts and Nevis Patriots,RL Chase,F du Plessis,Fawad Ahmed,1,0,,,,,,,,,
1269714,2021,2021-09-04,"Warner Park, Basseterre, St Kitts",1,16.1,St Lucia Kings,St Kitts and Nevis Patriots,RL Chase,F du Plessis,DJ Bravo,6,0,,,,,,,,,
1269714,2021,2021-09-04,"Warner Park, Basseterre, St Kitts",1,16.2,St Lucia Kings,St Kitts and Nevis Patriots,RL Chase,F du Plessis,DJ Bravo,0,1,1,,,,,,,,
1269714,2021,2021-09-04,"Warner Park, Basseterre, St Kitts",1,16.3,St Lucia Kings,St Kitts and Nevis Patriots,RL Chase,F du Plessis,DJ Bravo,4,0,,,,,,,,,
1269714,2021,2021-09-04,"Warner Park, Basseterre, St Kitts",1,16.4,St Lucia Kings,St Kitts and Nevis Patriots,RL Chase,F du Plessis,DJ Bravo,4,0,,,,,,,,,
1269714,2021,2021-09-04,"Warner Park, Basseterre, St Kitts",1,16.5,St Lucia Kings,St Kitts and Nevis Patriots,RL Chase,F du Plessis,DJ Bravo,1,0,,,,,,,,,
1269714,2021,2021-09-04,"Warner Park, Basseterre, St Kitts",1,16.6,St Lucia Kings,St Kitts and Nevis Patriots,F du Plessis,RL Chase,DJ Bravo,1,0,,,,,,,,,
1269714,2021,2021-09-04,"Warner Park, Basseterre, St Kitts",1,16.7,St Lucia Kings,St Kitts and Nevis Patriots,RL Chase,F du Plessis,DJ Bravo,1,0,,,,,,,,,
1269714,2021,2021-09-04,"Warner Park, Basseterre, St Kitts",1,17.1,St Lucia Kings,St Kitts and Nevis Patriots,RL Chase,F du Plessis,Naseem Shah,2,0,,,,,,,,,
1269714,2021,2021-09-04,"Warner Park, Basseterre, St Kitts",1,17.2,St Lucia Kings,St Kitts and Nevis Patriots,RL Chase,F du Plessis,Naseem Shah,1,0,,,,,,,,,
1269714,2021,2021-09-04,"Warner Park, Basseterre, St Kitts",1,17.3,St Lucia Kings,St Kitts and Nevis Patriots,F du Plessis,RL Chase,Naseem Shah,2,0,,,,,,,,,
1269714,2021,2021-09-04,"Warner Park, Basseterre, St Kitts",1,17.4,St Lucia Kings,St Kitts and Nevis Patriots,F du Plessis,RL Chase,Naseem Shah,0,1,,,1,,,,,,
1269714,2021,2021-09-04,"Warner Park, Basseterre, St Kitts",1,17.5,St Lucia Kings,St Kitts and Nevis Patriots,RL Chase,F du Plessis,Naseem Shah,1,0,,,,,,,,,
1269714,2021,2021-09-04,"Warner Park, Basseterre, St Kitts",1,17.6,St Lucia Kings,St Kitts and Nevis Patriots,F du Plessis,RL Chase,Naseem Shah,0,0,,,,,,,,,
1269714,2021,2021-09-04,"Warner Park, Basseterre, St Kitts",1,18.1,St Lucia Kings,St Kitts and Nevis Patriots,RL Chase,F du Plessis,DJ Bravo,0,0,,,,,,,,,
1269714,2021,2021-09-04,"Warner Park, Basseterre, St Kitts",1,18.2,St Lucia Kings,St Kitts and Nevis Patriots,RL Chase,F du Plessis,DJ Bravo,4,0,,,,,,,,,
1269714,2021,2021-09-04,"Warner Park, Basseterre, St Kitts",1,18.3,St Lucia Kings,St Kitts and Nevis Patriots,RL Chase,F du Plessis,DC Drakes,2,0,,,,,,,,,
1269714,2021,2021-09-04,"Warner Park, Basseterre, St Kitts",1,18.4,St Lucia Kings,St Kitts and Nevis Patriots,RL Chase,F du Plessis,DC Drakes,6,0,,,,,,,,,
1269714,2021,2021-09-04,"Warner Park, Basseterre, St Kitts",1,18.5,St Lucia Kings,St Kitts and Nevis Patriots,RL Chase,F du Plessis,DC Drakes,6,0,,,,,,,,,
1269714,2021,2021-09-04,"Warner Park, Basseterre, St Kitts",1,18.6,St Lucia Kings,St Kitts and Nevis Patriots,RL Chase,F du Plessis,DC Drakes,0,0,,,,,,,,,
1269714,2021,2021-09-04,"Warner Park, Basseterre, St Kitts",1,19.1,St Lucia Kings,St Kitts and Nevis Patriots,F du Plessis,RL Chase,Naseem Shah,4,0,,,,,,,,,
1269714,2021,2021-09-04,"Warner Park, Basseterre, St Kitts",1,19.2,St Lucia Kings,St Kitts and Nevis Patriots,F du Plessis,RL Chase,Naseem Shah,2,0,,,,,,,,,
1269714,2021,2021-09-04,"Warner Park, Basseterre, St Kitts",1,19.3,St Lucia Kings,St Kitts and Nevis Patriots,F du Plessis,RL Chase,Naseem Shah,4,0,,,,,,,,,
1269714,2021,2021-09-04,"Warner Park, Basseterre, St Kitts",1,19.4,St Lucia Kings,St Kitts and Nevis Patriots,F du Plessis,RL Chase,Naseem Shah,6,0,,,,,,,,,
1269714,2021,2021-09-04,"Warner Park, Basseterre, St Kitts",1,19.5,St Lucia Kings,St Kitts and Nevis Patriots,F du Plessis,RL Chase,Naseem Shah,1,0,,,,,,,,,
1269714,2021,2021-09-04,"Warner Park, Basseterre, St Kitts",1,19.6,St Lucia Kings,St Kitts and Nevis Patriots,RL Chase,F du Plessis,Naseem Shah,4,0,,,,,,,,,
1269714,2021,2021-09-04,"Warner Park, Basseterre, St Kitts",2,0.1,St Kitts and Nevis Patriots,St Lucia Kings,DC Thomas,E Lewis,AS Joseph,0,0,,,,,,,,,
1269714,2021,2021-09-04,"Warner Park, Basseterre, St Kitts",2,0.2,St Kitts and Nevis Patriots,St Lucia Kings,DC Thomas,E Lewis,AS Joseph,0,0,,,,,,,,,
1269714,2021,2021-09-04,"Warner Park, Basseterre, St Kitts",2,0.3,St Kitts and Nevis Patriots,St Lucia Kings,DC Thomas,E Lewis,AS Joseph,2,0,,,,,,,,,
1269714,2021,2021-09-04,"Warner Park, Basseterre, St Kitts",2,0.4,St Kitts and Nevis Patriots,St Lucia Kings,DC Thomas,E Lewis,AS Joseph,0,0,,,,,,caught,DC Thomas,,
1269714,2021,2021-09-04,"Warner Park, Basseterre, St Kitts",2,0.5,St Kitts and Nevis Patriots,St Lucia Kings,CH Gayle,E Lewis,AS Joseph,0,0,,,,,,,,,
1269714,2021,2021-09-04,"Warner Park, Basseterre, St Kitts",2,0.6,St Kitts and Nevis Patriots,St Lucia Kings,CH Gayle,E Lewis,AS Joseph,0,0,,,,,,,,,
1269714,2021,2021-09-04,"Warner Park, Basseterre, St Kitts",2,1.1,St Kitts and Nevis Patriots,St Lucia Kings,E Lewis,CH Gayle,Wahab Riaz,1,0,,,,,,,,,
1269714,2021,2021-09-04,"Warner Park, Basseterre, St Kitts",2,1.2,St Kitts and Nevis Patriots,St Lucia Kings,CH Gayle,E Lewis,Wahab Riaz,1,0,,,,,,,,,
1269714,2021,2021-09-04,"Warner Park, Basseterre, St Kitts",2,1.3,St Kitts and Nevis Patriots,St Lucia Kings,E Lewis,CH Gayle,Wahab Riaz,4,0,,,,,,,,,
1269714,2021,2021-09-04,"Warner Park, Basseterre, St Kitts",2,1.4,St Kitts and Nevis Patriots,St Lucia Kings,E Lewis,CH Gayle,Wahab Riaz,0,0,,,,,,,,,
1269714,2021,2021-09-04,"Warner Park, Basseterre, St Kitts",2,1.5,St Kitts and Nevis Patriots,St Lucia Kings,E Lewis,CH Gayle,Wahab Riaz,1,0,,,,,,,,,
1269714,2021,2021-09-04,"Warner Park, Basseterre, St Kitts",2,1.6,St Kitts and Nevis Patriots,St Lucia Kings,CH Gayle,E Lewis,Wahab Riaz,1,0,,,,,,,,,
1269714,2021,2021-09-04,"Warner Park, Basseterre, St Kitts",2,2.1,St Kitts and Nevis Patriots,St Lucia Kings,CH Gayle,E Lewis,AS Joseph,0,0,,,,,,,,,
1269714,2021,2021-09-04,"Warner Park, Basseterre, St Kitts",2,2.2,St Kitts and Nevis Patriots,St Lucia Kings,CH Gayle,E Lewis,AS Joseph,0,0,,,,,,,,,
1269714,2021,2021-09-04,"Warner Park, Basseterre, St Kitts",2,2.3,St Kitts and Nevis Patriots,St Lucia Kings,CH Gayle,E Lewis,AS Joseph,6,0,,,,,,,,,
1269714,2021,2021-09-04,"Warner Park, Basseterre, St Kitts",2,2.4,St Kitts and Nevis Patriots,St Lucia Kings,CH Gayle,E Lewis,AS Joseph,0,0,,,,,,,,,
1269714,2021,2021-09-04,"Warner Park, Basseterre, St Kitts",2,2.5,St Kitts and Nevis Patriots,St Lucia Kings,CH Gayle,E Lewis,AS Joseph,6,0,,,,,,,,,
1269714,2021,2021-09-04,"Warner Park, Basseterre, St Kitts",2,2.6,St Kitts and Nevis Patriots,St Lucia Kings,CH Gayle,E Lewis,AS Joseph,0,0,,,,,,caught,CH Gayle,,
1269714,2021,2021-09-04,"Warner Park, Basseterre, St Kitts",2,3.1,St Kitts and Nevis Patriots,St Lucia Kings,E Lewis,RS Bopara,RL Chase,0,0,,,,,,,,,
1269714,2021,2021-09-04,"Warner Park, Basseterre, St Kitts",2,3.2,St Kitts and Nevis Patriots,St Lucia Kings,E Lewis,RS Bopara,RL Chase,0,0,,,,,,,,,
1269714,2021,2021-09-04,"Warner Park, Basseterre, St Kitts",2,3.3,St Kitts and Nevis Patriots,St Lucia Kings,E Lewis,RS Bopara,RL Chase,0,0,,,,,,,,,
1269714,2021,2021-09-04,"Warner Park, Basseterre, St Kitts",2,3.4,St Kitts and Nevis Patriots,St Lucia Kings,E Lewis,RS Bopara,RL Chase,0,0,,,,,,,,,
1269714,2021,2021-09-04,"Warner Park, Basseterre, St Kitts",2,3.5,St Kitts and Nevis Patriots,St Lucia Kings,E Lewis,RS Bopara,RL Chase,0,0,,,,,,,,,
1269714,2021,2021-09-04,"Warner Park, Basseterre, St Kitts",2,3.6,St Kitts and Nevis Patriots,St Lucia Kings,E Lewis,RS Bopara,RL Chase,0,0,,,,,,,,,
1269714,2021,2021-09-04,"Warner Park, Basseterre, St Kitts",2,4.1,St Kitts and Nevis Patriots,St Lucia Kings,RS Bopara,E Lewis,KMA Paul,1,0,,,,,,,,,
1269714,2021,2021-09-04,"Warner Park, Basseterre, St Kitts",2,4.2,St Kitts and Nevis Patriots,St Lucia Kings,E Lewis,RS Bopara,KMA Paul,4,0,,,,,,,,,
1269714,2021,2021-09-04,"Warner Park, Basseterre, St Kitts",2,4.3,St Kitts and Nevis Patriots,St Lucia Kings,E Lewis,RS Bopara,KMA Paul,0,0,,,,,,,,,
1269714,2021,2021-09-04,"Warner Park, Basseterre, St Kitts",2,4.4,St Kitts and Nevis Patriots,St Lucia Kings,E Lewis,RS Bopara,KMA Paul,1,0,,,,,,,,,
1269714,2021,2021-09-04,"Warner Park, Basseterre, St Kitts",2,4.5,St Kitts and Nevis Patriots,St Lucia Kings,RS Bopara,E Lewis,KMA Paul,0,0,,,,,,,,,
1269714,2021,2021-09-04,"Warner Park, Basseterre, St Kitts",2,4.6,St Kitts and Nevis Patriots,St Lucia Kings,RS Bopara,E Lewis,KMA Paul,0,0,,,,,,,,,
1269714,2021,2021-09-04,"Warner Park, Basseterre, St Kitts",2,5.1,St Kitts and Nevis Patriots,St Lucia Kings,E Lewis,RS Bopara,RL Chase,6,0,,,,,,,,,
1269714,2021,2021-09-04,"Warner Park, Basseterre, St Kitts",2,5.2,St Kitts and Nevis Patriots,St Lucia Kings,E Lewis,RS Bopara,RL Chase,0,0,,,,,,,,,
1269714,2021,2021-09-04,"Warner Park, Basseterre, St Kitts",2,5.3,St Kitts and Nevis Patriots,St Lucia Kings,E Lewis,RS Bopara,RL Chase,6,0,,,,,,,,,
1269714,2021,2021-09-04,"Warner Park, Basseterre, St Kitts",2,5.4,St Kitts and Nevis Patriots,St Lucia Kings,E Lewis,RS Bopara,RL Chase,0,1,1,,,,,,,,
1269714,2021,2021-09-04,"Warner Park, Basseterre, St Kitts",2,5.5,St Kitts and Nevis Patriots,St Lucia Kings,E Lewis,RS Bopara,RL Chase,4,0,,,,,,,,,
1269714,2021,2021-09-04,"Warner Park, Basseterre, St Kitts",2,5.6,St Kitts and Nevis Patriots,St Lucia Kings,E Lewis,RS Bopara,RL Chase,0,0,,,,,,,,,
1269714,2021,2021-09-04,"Warner Park, Basseterre, St Kitts",2,5.7,St Kitts and Nevis Patriots,St Lucia Kings,E Lewis,RS Bopara,RL Chase,0,0,,,,,,,,,
1269714,2021,2021-09-04,"Warner Park, Basseterre, St Kitts",2,6.1,St Kitts and Nevis Patriots,St Lucia Kings,RS Bopara,E Lewis,KMA Paul,0,1,1,,,,,,,,
1269714,2021,2021-09-04,"Warner Park, Basseterre, St Kitts",2,6.2,St Kitts and Nevis Patriots,St Lucia Kings,RS Bopara,E Lewis,KMA Paul,0,0,,,,,,,,,
1269714,2021,2021-09-04,"Warner Park, Basseterre, St Kitts",2,6.3,St Kitts and Nevis Patriots,St Lucia Kings,RS Bopara,E Lewis,KMA Paul,0,1,,,,1,,,,,
1269714,2021,2021-09-04,"Warner Park, Basseterre, St Kitts",2,6.4,St Kitts and Nevis Patriots,St Lucia Kings,E Lewis,RS Bopara,KMA Paul,6,0,,,,,,,,,
1269714,2021,2021-09-04,"Warner Park, Basseterre, St Kitts",2,6.5,St Kitts and Nevis Patriots,St Lucia Kings,E Lewis,RS Bopara,KMA Paul,6,0,,,,,,,,,
1269714,2021,2021-09-04,"Warner Park, Basseterre, St Kitts",2,6.6,St Kitts and Nevis Patriots,St Lucia Kings,E Lewis,RS Bopara,KMA Paul,1,0,,,,,,,,,
1269714,2021,2021-09-04,"Warner Park, Basseterre, St Kitts",2,6.7,St Kitts and Nevis Patriots,St Lucia Kings,RS Bopara,E Lewis,KMA Paul,0,0,,,,,,,,,
1269714,2021,2021-09-04,"Warner Park, Basseterre, St Kitts",2,7.1,St Kitts and Nevis Patriots,St Lucia Kings,E Lewis,RS Bopara,KOK Williams,4,0,,,,,,,,,
1269714,2021,2021-09-04,"Warner Park, Basseterre, St Kitts",2,7.2,St Kitts and Nevis Patriots,St Lucia Kings,E Lewis,RS Bopara,KOK Williams,0,0,,,,,,,,,
1269714,2021,2021-09-04,"Warner Park, Basseterre, St Kitts",2,7.3,St Kitts and Nevis Patriots,St Lucia Kings,E Lewis,RS Bopara,KOK Williams,6,0,,,,,,,,,
1269714,2021,2021-09-04,"Warner Park, Basseterre, St Kitts",2,7.4,St Kitts and Nevis Patriots,St Lucia Kings,E Lewis,RS Bopara,KOK Williams,1,0,,,,,,,,,
1269714,2021,2021-09-04,"Warner Park, Basseterre, St Kitts",2,7.5,St Kitts and Nevis Patriots,St Lucia Kings,RS Bopara,E Lewis,KOK Williams,1,0,,,,,,,,,
1269714,2021,2021-09-04,"Warner Park, Basseterre, St Kitts",2,7.6,St Kitts and Nevis Patriots,St Lucia Kings,E Lewis,RS Bopara,KOK Williams,6,0,,,,,,,,,
1269714,2021,2021-09-04,"Warner Park, Basseterre, St Kitts",2,8.1,St Kitts and Nevis Patriots,St Lucia Kings,RS Bopara,E Lewis,Wahab Riaz,1,0,,,,,,,,,
1269714,2021,2021-09-04,"Warner Park, Basseterre, St Kitts",2,8.2,St Kitts and Nevis Patriots,St Lucia Kings,E Lewis,RS Bopara,Wahab Riaz,0,1,1,,,,,,,,
1269714,2021,2021-09-04,"Warner Park, Basseterre, St Kitts",2,8.3,St Kitts and Nevis Patriots,St Lucia Kings,E Lewis,RS Bopara,Wahab Riaz,1,0,,,,,,,,,
1269714,2021,2021-09-04,"Warner Park, Basseterre, St Kitts",2,8.4,St Kitts and Nevis Patriots,St Lucia Kings,RS Bopara,E Lewis,Wahab Riaz,0,0,,,,,,,,,
1269714,2021,2021-09-04,"Warner Park, Basseterre, St Kitts",2,8.5,St Kitts and Nevis Patriots,St Lucia Kings,RS Bopara,E Lewis,Wahab Riaz,0,0,,,,,,,,,
1269714,2021,2021-09-04,"Warner Park, Basseterre, St Kitts",2,8.6,St Kitts and Nevis Patriots,St Lucia Kings,RS Bopara,E Lewis,Wahab Riaz,0,0,,,,,,,,,
1269714,2021,2021-09-04,"Warner Park, Basseterre, St Kitts",2,8.7,St Kitts and Nevis Patriots,St Lucia Kings,RS Bopara,E Lewis,Wahab Riaz,1,0,,,,,,,,,
1269714,2021,2021-09-04,"Warner Park, Basseterre, St Kitts",2,9.1,St Kitts and Nevis Patriots,St Lucia Kings,RS Bopara,E Lewis,RL Chase,0,0,,,,,,lbw,RS Bopara,,
1269714,2021,2021-09-04,"Warner Park, Basseterre, St Kitts",2,9.2,St Kitts and Nevis Patriots,St Lucia Kings,SE Rutherford,E Lewis,RL Chase,1,0,,,,,,,,,
1269714,2021,2021-09-04,"Warner Park, Basseterre, St Kitts",2,9.3,St Kitts and Nevis Patriots,St Lucia Kings,E Lewis,SE Rutherford,RL Chase,1,0,,,,,,,,,
1269714,2021,2021-09-04,"Warner Park, Basseterre, St Kitts",2,9.4,St Kitts and Nevis Patriots,St Lucia Kings,SE Rutherford,E Lewis,RL Chase,0,0,,,,,,,,,
1269714,2021,2021-09-04,"Warner Park, Basseterre, St Kitts",2,9.5,St Kitts and Nevis Patriots,St Lucia Kings,SE Rutherford,E Lewis,RL Chase,4,0,,,,,,,,,
1269714,2021,2021-09-04,"Warner Park, Basseterre, St Kitts",2,9.6,St Kitts and Nevis Patriots,St Lucia Kings,SE Rutherford,E Lewis,RL Chase,0,1,1,,,,,,,,
1269714,2021,2021-09-04,"Warner Park, Basseterre, St Kitts",2,9.7,St Kitts and Nevis Patriots,St Lucia Kings,SE Rutherford,E Lewis,RL Chase,1,0,,,,,,,,,
1269714,2021,2021-09-04,"Warner Park, Basseterre, St Kitts",2,10.1,St Kitts and Nevis Patriots,St Lucia Kings,SE Rutherford,E Lewis,TH David,1,0,,,,,,,,,
1269714,2021,2021-09-04,"Warner Park, Basseterre, St Kitts",2,10.2,St Kitts and Nevis Patriots,St Lucia Kings,E Lewis,SE Rutherford,TH David,1,0,,,,,,,,,
1269714,2021,2021-09-04,"Warner Park, Basseterre, St Kitts",2,10.3,St Kitts and Nevis Patriots,St Lucia Kings,SE Rutherford,E Lewis,TH David,1,0,,,,,,,,,
1269714,2021,2021-09-04,"Warner Park, Basseterre, St Kitts",2,10.4,St Kitts and Nevis Patriots,St Lucia Kings,E Lewis,SE Rutherford,TH David,1,0,,,,,,,,,
1269714,2021,2021-09-04,"Warner Park, Basseterre, St Kitts",2,10.5,St Kitts and Nevis Patriots,St Lucia Kings,SE Rutherford,E Lewis,TH David,2,0,,,,,,,,,
1269714,2021,2021-09-04,"Warner Park, Basseterre, St Kitts",2,10.6,St Kitts and Nevis Patriots,St Lucia Kings,SE Rutherford,E Lewis,TH David,1,0,,,,,,,,,
1269714,2021,2021-09-04,"Warner Park, Basseterre, St Kitts",2,11.1,St Kitts and Nevis Patriots,St Lucia Kings,SE Rutherford,E Lewis,KOK Williams,0,0,,,,,,caught,SE Rutherford,,
1269714,2021,2021-09-04,"Warner Park, Basseterre, St Kitts",2,11.2,St Kitts and Nevis Patriots,St Lucia Kings,FA Allen,E Lewis,KOK Williams,1,0,,,,,,,,,
1269714,2021,2021-09-04,"Warner Park, Basseterre, St Kitts",2,11.3,St Kitts and Nevis Patriots,St Lucia Kings,E Lewis,FA Allen,KOK Williams,1,0,,,,,,,,,
1269714,2021,2021-09-04,"Warner Park, Basseterre, St Kitts",2,11.4,St Kitts and Nevis Patriots,St Lucia Kings,FA Allen,E Lewis,KOK Williams,0,0,,,,,,,,,
1269714,2021,2021-09-04,"Warner Park, Basseterre, St Kitts",2,11.5,St Kitts and Nevis Patriots,St Lucia Kings,FA Allen,E Lewis,KOK Williams,0,0,,,,,,,,,
1269714,2021,2021-09-04,"Warner Park, Basseterre, St Kitts",2,11.6,St Kitts and Nevis Patriots,St Lucia Kings,FA Allen,E Lewis,KOK Williams,1,0,,,,,,,,,
1269714,2021,2021-09-04,"Warner Park, Basseterre, St Kitts",2,12.1,St Kitts and Nevis Patriots,St Lucia Kings,FA Allen,E Lewis,AS Joseph,0,0,,,,,,,,,
1269714,2021,2021-09-04,"Warner Park, Basseterre, St Kitts",2,12.2,St Kitts and Nevis Patriots,St Lucia Kings,FA Allen,E Lewis,AS Joseph,1,0,,,,,,,,,
1269714,2021,2021-09-04,"Warner Park, Basseterre, St Kitts",2,12.3,St Kitts and Nevis Patriots,St Lucia Kings,E Lewis,FA Allen,AS Joseph,0,0,,,,,,,,,
1269714,2021,2021-09-04,"Warner Park, Basseterre, St Kitts",2,12.4,St Kitts and Nevis Patriots,St Lucia Kings,E Lewis,FA Allen,AS Joseph,2,0,,,,,,,,,
1269714,2021,2021-09-04,"Warner Park, Basseterre, St Kitts",2,12.5,St Kitts and Nevis Patriots,St Lucia Kings,E Lewis,FA Allen,AS Joseph,4,0,,,,,,,,,
1269714,2021,2021-09-04,"Warner Park, Basseterre, St Kitts",2,12.6,St Kitts and Nevis Patriots,St Lucia Kings,E Lewis,FA Allen,AS Joseph,2,0,,,,,,,,,
1269714,2021,2021-09-04,"Warner Park, Basseterre, St Kitts",2,13.1,St Kitts and Nevis Patriots,St Lucia Kings,FA Allen,E Lewis,KOK Williams,1,0,,,,,,,,,
1269714,2021,2021-09-04,"Warner Park, Basseterre, St Kitts",2,13.2,St Kitts and Nevis Patriots,St Lucia Kings,E Lewis,FA Allen,KOK Williams,0,0,,,,,,,,,
1269714,2021,2021-09-04,"Warner Park, Basseterre, St Kitts",2,13.3,St Kitts and Nevis Patriots,St Lucia Kings,E Lewis,FA Allen,KOK Williams,1,0,,,,,,,,,
1269714,2021,2021-09-04,"Warner Park, Basseterre, St Kitts",2,13.4,St Kitts and Nevis Patriots,St Lucia Kings,FA Allen,E Lewis,KOK Williams,1,0,,,,,,,,,
1269714,2021,2021-09-04,"Warner Park, Basseterre, St Kitts",2,13.5,St Kitts and Nevis Patriots,St Lucia Kings,E Lewis,FA Allen,KOK Williams,1,0,,,,,,,,,
1269714,2021,2021-09-04,"Warner Park, Basseterre, St Kitts",2,13.6,St Kitts and Nevis Patriots,St Lucia Kings,FA Allen,E Lewis,KOK Williams,0,0,,,,,,,,,
1269714,2021,2021-09-04,"Warner Park, Basseterre, St Kitts",2,14.1,St Kitts and Nevis Patriots,St Lucia Kings,E Lewis,FA Allen,Wahab Riaz,0,1,1,,,,,,,,
1269714,2021,2021-09-04,"Warner Park, Basseterre, St Kitts",2,14.2,St Kitts and Nevis Patriots,St Lucia Kings,E Lewis,FA Allen,Wahab Riaz,0,1,1,,,,,,,,
1269714,2021,2021-09-04,"Warner Park, Basseterre, St Kitts",2,14.3,St Kitts and Nevis Patriots,St Lucia Kings,E Lewis,FA Allen,Wahab Riaz,0,0,,,,,,,,,
1269714,2021,2021-09-04,"Warner Park, Basseterre, St Kitts",2,14.4,St Kitts and Nevis Patriots,St Lucia Kings,E Lewis,FA Allen,Wahab Riaz,1,0,,,,,,,,,
1269714,2021,2021-09-04,"Warner Park, Basseterre, St Kitts",2,14.5,St Kitts and Nevis Patriots,St Lucia Kings,FA Allen,E Lewis,Wahab Riaz,0,0,,,,,,caught,FA Allen,,
1269714,2021,2021-09-04,"Warner Park, Basseterre, St Kitts",2,14.6,St Kitts and Nevis Patriots,St Lucia Kings,DC Drakes,E Lewis,Wahab Riaz,0,0,,,,,,,,,
1269714,2021,2021-09-04,"Warner Park, Basseterre, St Kitts",2,14.7,St Kitts and Nevis Patriots,St Lucia Kings,DC Drakes,E Lewis,Wahab Riaz,0,0,,,,,,,,,
1269714,2021,2021-09-04,"Warner Park, Basseterre, St Kitts",2,14.8,St Kitts and Nevis Patriots,St Lucia Kings,DC Drakes,E Lewis,Wahab Riaz,1,0,,,,,,,,,
1269714,2021,2021-09-04,"Warner Park, Basseterre, St Kitts",2,15.1,St Kitts and Nevis Patriots,St Lucia Kings,DC Drakes,E Lewis,KMA Paul,1,0,,,,,,,,,
1269714,2021,2021-09-04,"Warner Park, Basseterre, St Kitts",2,15.2,St Kitts and Nevis Patriots,St Lucia Kings,E Lewis,DC Drakes,KMA Paul,0,0,,,,,,caught,E Lewis,,
1269714,2021,2021-09-04,"Warner Park, Basseterre, St Kitts",2,15.3,St Kitts and Nevis Patriots,St Lucia Kings,DC Drakes,SS Cottrell,KMA Paul,1,0,,,,,,,,,
1269714,2021,2021-09-04,"Warner Park, Basseterre, St Kitts",2,15.4,St Kitts and Nevis Patriots,St Lucia Kings,SS Cottrell,DC Drakes,KMA Paul,0,0,,,,,,caught,SS Cottrell,,
1269714,2021,2021-09-04,"Warner Park, Basseterre, St Kitts",2,15.5,St Kitts and Nevis Patriots,St Lucia Kings,Naseem Shah,DC Drakes,KMA Paul,1,0,,,,,,,,,
1269714,2021,2021-09-04,"Warner Park, Basseterre, St Kitts",2,15.6,St Kitts and Nevis Patriots,St Lucia Kings,DC Drakes,Naseem Shah,KMA Paul,0,0,,,,,,caught,DC Drakes,,
1269714,2021,2021-09-04,"Warner Park, Basseterre, St Kitts",2,16.1,St Kitts and Nevis Patriots,St Lucia Kings,Naseem Shah,Fawad Ahmed,AS Joseph,4,0,,,,,,,,,
1269714,2021,2021-09-04,"Warner Park, Basseterre, St Kitts",2,16.2,St Kitts and Nevis Patriots,St Lucia Kings,Naseem Shah,Fawad Ahmed,AS Joseph,0,0,,,,,,,,,
1269714,2021,2021-09-04,"Warner Park, Basseterre, St Kitts",2,16.3,St Kitts and Nevis Patriots,St Lucia Kings,Naseem Shah,Fawad Ahmed,AS Joseph,0,0,,,,,,,,,
1269714,2021,2021-09-04,"Warner Park, Basseterre, St Kitts",2,16.4,St Kitts and Nevis Patriots,St Lucia Kings,Naseem Shah,Fawad Ahmed,AS Joseph,0,0,,,,,,,,,
1269714,2021,2021-09-04,"Warner Park, Basseterre, St Kitts",2,16.5,St Kitts and Nevis Patriots,St Lucia Kings,Naseem Shah,Fawad Ahmed,AS Joseph,0,0,,,,,,bowled,Naseem Shah,,
