match_id,season,start_date,venue,innings,ball,batting_team,bowling_team,striker,non_striker,bowler,runs_off_bat,extras,wides,noballs,byes,legbyes,penalty,wicket_type,player_dismissed,other_wicket_type,other_player_dismissed
1269721,2021,2021-09-08,"Warner Park, Basseterre, St Kitts",1,0.1,Guyana Amazon Warriors,St Lucia Kings,BA King,C Hemraj,J Royal,0,0,,,,,,,,,
1269721,2021,2021-09-08,"Warner Park, Basseterre, St Kitts",1,0.2,Guyana Amazon Warriors,St Lucia Kings,BA King,C Hemraj,J Royal,4,0,,,,,,,,,
1269721,2021,2021-09-08,"Warner Park, Basseterre, St Kitts",1,0.3,Guyana Amazon Warriors,St Lucia Kings,BA King,C Hemraj,J Royal,0,0,,,,,,,,,
1269721,2021,2021-09-08,"Warner Park, Basseterre, St Kitts",1,0.4,Guyana Amazon Warriors,St Lucia Kings,BA King,C Hemraj,J Royal,1,0,,,,,,,,,
1269721,2021,2021-09-08,"Warner Park, Basseterre, St Kitts",1,0.5,Guyana Amazon Warriors,St Lucia Kings,C Hemraj,BA King,J Royal,0,0,,,,,,,,,
1269721,2021,2021-09-08,"Warner Park, Basseterre, St Kitts",1,0.6,Guyana Amazon Warriors,St Lucia Kings,C Hemraj,BA King,J Royal,0,0,,,,,,caught,C Hemraj,,
1269721,2021,2021-09-08,"Warner Park, Basseterre, St Kitts",1,1.1,Guyana Amazon Warriors,St Lucia Kings,SO Hetmyer,BA King,Wahab Riaz,1,0,,,,,,,,,
1269721,2021,2021-09-08,"Warner Park, Basseterre, St Kitts",1,1.2,Guyana Amazon Warriors,St Lucia Kings,BA King,SO Hetmyer,Wahab Riaz,1,0,,,,,,,,,
1269721,2021,2021-09-08,"Warner Park, Basseterre, St Kitts",1,1.3,Guyana Amazon Warriors,St Lucia Kings,SO Hetmyer,BA King,Wahab Riaz,0,0,,,,,,,,,
1269721,2021,2021-09-08,"Warner Park, Basseterre, St Kitts",1,1.4,Guyana Amazon Warriors,St Lucia Kings,SO Hetmyer,BA King,Wahab Riaz,0,0,,,,,,,,,
1269721,2021,2021-09-08,"Warner Park, Basseterre, St Kitts",1,1.5,Guyana Amazon Warriors,St Lucia Kings,SO Hetmyer,BA King,Wahab Riaz,0,0,,,,,,bowled,SO Hetmyer,,
1269721,2021,2021-09-08,"Warner Park, Basseterre, St Kitts",1,1.6,Guyana Amazon Warriors,St Lucia Kings,Shoaib Malik,BA King,Wahab Riaz,0,0,,,,,,,,,
1269721,2021,2021-09-08,"Warner Park, Basseterre, St Kitts",1,2.1,Guyana Amazon Warriors,St Lucia Kings,BA King,Shoaib Malik,J Royal,0,0,,,,,,,,,
1269721,2021,2021-09-08,"Warner Park, Basseterre, St Kitts",1,2.2,Guyana Amazon Warriors,St Lucia Kings,BA King,Shoaib Malik,J Royal,4,0,,,,,,,,,
1269721,2021,2021-09-08,"Warner Park, Basseterre, St Kitts",1,2.3,Guyana Amazon Warriors,St Lucia Kings,BA King,Shoaib Malik,J Royal,4,0,,,,,,,,,
1269721,2021,2021-09-08,"Warner Park, Basseterre, St Kitts",1,2.4,Guyana Amazon Warriors,St Lucia Kings,BA King,Shoaib Malik,J Royal,0,0,,,,,,,,,
1269721,2021,2021-09-08,"Warner Park, Basseterre, St Kitts",1,2.5,Guyana Amazon Warriors,St Lucia Kings,BA King,Shoaib Malik,J Royal,0,0,,,,,,,,,
1269721,2021,2021-09-08,"Warner Park, Basseterre, St Kitts",1,2.6,Guyana Amazon Warriors,St Lucia Kings,BA King,Shoaib Malik,J Royal,0,0,,,,,,,,,
1269721,2021,2021-09-08,"Warner Park, Basseterre, St Kitts",1,3.1,Guyana Amazon Warriors,St Lucia Kings,Shoaib Malik,BA King,Wahab Riaz,1,0,,,,,,,,,
1269721,2021,2021-09-08,"Warner Park, Basseterre, St Kitts",1,3.2,Guyana Amazon Warriors,St Lucia Kings,BA King,Shoaib Malik,Wahab Riaz,0,0,,,,,,,,,
1269721,2021,2021-09-08,"Warner Park, Basseterre, St Kitts",1,3.3,Guyana Amazon Warriors,St Lucia Kings,BA King,Shoaib Malik,Wahab Riaz,1,0,,,,,,,,,
1269721,2021,2021-09-08,"Warner Park, Basseterre, St Kitts",1,3.4,Guyana Amazon Warriors,St Lucia Kings,Shoaib Malik,BA King,Wahab Riaz,0,0,,,,,,,,,
1269721,2021,2021-09-08,"Warner Park, Basseterre, St Kitts",1,3.5,Guyana Amazon Warriors,St Lucia Kings,Shoaib Malik,BA King,Wahab Riaz,0,0,,,,,,caught,Shoaib Malik,,
1269721,2021,2021-09-08,"Warner Park, Basseterre, St Kitts",1,3.6,Guyana Amazon Warriors,St Lucia Kings,Mohammad Hafeez,BA King,Wahab Riaz,0,0,,,,,,,,,
1269721,2021,2021-09-08,"Warner Park, Basseterre, St Kitts",1,4.1,Guyana Amazon Warriors,St Lucia Kings,BA King,Mohammad Hafeez,OC McCoy,0,0,,,,,,,,,
1269721,2021,2021-09-08,"Warner Park, Basseterre, St Kitts",1,4.2,Guyana Amazon Warriors,St Lucia Kings,BA King,Mohammad Hafeez,OC McCoy,0,0,,,,,,,,,
1269721,2021,2021-09-08,"Warner Park, Basseterre, St Kitts",1,4.3,Guyana Amazon Warriors,St Lucia Kings,BA King,Mohammad Hafeez,OC McCoy,1,0,,,,,,,,,
1269721,2021,2021-09-08,"Warner Park, Basseterre, St Kitts",1,4.4,Guyana Amazon Warriors,St Lucia Kings,Mohammad Hafeez,BA King,OC McCoy,0,0,,,,,,,,,
1269721,2021,2021-09-08,"Warner Park, Basseterre, St Kitts",1,4.5,Guyana Amazon Warriors,St Lucia Kings,Mohammad Hafeez,BA King,OC McCoy,1,0,,,,,,,,,
1269721,2021,2021-09-08,"Warner Park, Basseterre, St Kitts",1,4.6,Guyana Amazon Warriors,St Lucia Kings,BA King,Mohammad Hafeez,OC McCoy,0,0,,,,,,,,,
1269721,2021,2021-09-08,"Warner Park, Basseterre, St Kitts",1,5.1,Guyana Amazon Warriors,St Lucia Kings,Mohammad Hafeez,BA King,KOK Williams,0,0,,,,,,,,,
1269721,2021,2021-09-08,"Warner Park, Basseterre, St Kitts",1,5.2,Guyana Amazon Warriors,St Lucia Kings,Mohammad Hafeez,BA King,KOK Williams,4,0,,,,,,,,,
1269721,2021,2021-09-08,"Warner Park, Basseterre, St Kitts",1,5.3,Guyana Amazon Warriors,St Lucia Kings,Mohammad Hafeez,BA King,KOK Williams,0,2,2,,,,,,,,
1269721,2021,2021-09-08,"Warner Park, Basseterre, St Kitts",1,5.4,Guyana Amazon Warriors,St Lucia Kings,BA King,Mohammad Hafeez,KOK Williams,2,0,,,,,,,,,
1269721,2021,2021-09-08,"Warner Park, Basseterre, St Kitts",1,5.5,Guyana Amazon Warriors,St Lucia Kings,BA King,Mohammad Hafeez,KOK Williams,4,0,,,,,,,,,
1269721,2021,2021-09-08,"Warner Park, Basseterre, St Kitts",1,5.6,Guyana Amazon Warriors,St Lucia Kings,BA King,Mohammad Hafeez,KOK Williams,0,0,,,,,,,,,
1269721,2021,2021-09-08,"Warner Park, Basseterre, St Kitts",1,5.7,Guyana Amazon Warriors,St Lucia Kings,BA King,Mohammad Hafeez,KOK Williams,1,0,,,,,,,,,
1269721,2021,2021-09-08,"Warner Park, Basseterre, St Kitts",1,6.1,Guyana Amazon Warriors,St Lucia Kings,BA King,Mohammad Hafeez,OC McCoy,4,0,,,,,,,,,
1269721,2021,2021-09-08,"Warner Park, Basseterre, St Kitts",1,6.2,Guyana Amazon Warriors,St Lucia Kings,BA King,Mohammad Hafeez,OC McCoy,1,0,,,,,,,,,
1269721,2021,2021-09-08,"Warner Park, Basseterre, St Kitts",1,6.3,Guyana Amazon Warriors,St Lucia Kings,Mohammad Hafeez,BA King,OC McCoy,0,0,,,,,,,,,
1269721,2021,2021-09-08,"Warner Park, Basseterre, St Kitts",1,6.4,Guyana Amazon Warriors,St Lucia Kings,Mohammad Hafeez,BA King,OC McCoy,1,0,,,,,,,,,
1269721,2021,2021-09-08,"Warner Park, Basseterre, St Kitts",1,6.5,Guyana Amazon Warriors,St Lucia Kings,BA King,Mohammad Hafeez,OC McCoy,2,0,,,,,,,,,
1269721,2021,2021-09-08,"Warner Park, Basseterre, St Kitts",1,6.6,Guyana Amazon Warriors,St Lucia Kings,BA King,Mohammad Hafeez,OC McCoy,4,0,,,,,,,,,
1269721,2021,2021-09-08,"Warner Park, Basseterre, St Kitts",1,7.1,Guyana Amazon Warriors,St Lucia Kings,Mohammad Hafeez,BA King,SR Patel,0,1,1,,,,,,,,
1269721,2021,2021-09-08,"Warner Park, Basseterre, St Kitts",1,7.2,Guyana Amazon Warriors,St Lucia Kings,Mohammad Hafeez,BA King,SR Patel,0,0,,,,,,,,,
1269721,2021,2021-09-08,"Warner Park, Basseterre, St Kitts",1,7.3,Guyana Amazon Warriors,St Lucia Kings,Mohammad Hafeez,BA King,SR Patel,1,0,,,,,,,,,
1269721,2021,2021-09-08,"Warner Park, Basseterre, St Kitts",1,7.4,Guyana Amazon Warriors,St Lucia Kings,BA King,Mohammad Hafeez,SR Patel,0,0,,,,,,,,,
1269721,2021,2021-09-08,"Warner Park, Basseterre, St Kitts",1,7.5,Guyana Amazon Warriors,St Lucia Kings,BA King,Mohammad Hafeez,SR Patel,0,1,,,,1,,,,,
1269721,2021,2021-09-08,"Warner Park, Basseterre, St Kitts",1,7.6,Guyana Amazon Warriors,St Lucia Kings,Mohammad Hafeez,BA King,SR Patel,0,0,,,,,,,,,
1269721,2021,2021-09-08,"Warner Park, Basseterre, St Kitts",1,7.7,Guyana Amazon Warriors,St Lucia Kings,Mohammad Hafeez,BA King,SR Patel,1,0,,,,,,,,,
1269721,2021,2021-09-08,"Warner Park, Basseterre, St Kitts",1,8.1,Guyana Amazon Warriors,St Lucia Kings,Mohammad Hafeez,BA King,J Royal,4,0,,,,,,,,,
1269721,2021,2021-09-08,"Warner Park, Basseterre, St Kitts",1,8.2,Guyana Amazon Warriors,St Lucia Kings,Mohammad Hafeez,BA King,J Royal,0,0,,,,,,,,,
1269721,2021,2021-09-08,"Warner Park, Basseterre, St Kitts",1,8.3,Guyana Amazon Warriors,St Lucia Kings,Mohammad Hafeez,BA King,J Royal,0,0,,,,,,caught,Mohammad Hafeez,,
1269721,2021,2021-09-08,"Warner Park, Basseterre, St Kitts",1,8.4,Guyana Amazon Warriors,St Lucia Kings,N Pooran,BA King,J Royal,0,0,,,,,,,,,
1269721,2021,2021-09-08,"Warner Park, Basseterre, St Kitts",1,8.5,Guyana Amazon Warriors,St Lucia Kings,N Pooran,BA King,J Royal,0,0,,,,,,,,,
1269721,2021,2021-09-08,"Warner Park, Basseterre, St Kitts",1,8.6,Guyana Amazon Warriors,St Lucia Kings,N Pooran,BA King,J Royal,0,0,,,,,,,,,
1269721,2021,2021-09-08,"Warner Park, Basseterre, St Kitts",1,9.1,Guyana Amazon Warriors,St Lucia Kings,BA King,N Pooran,RL Chase,1,0,,,,,,,,,
1269721,2021,2021-09-08,"Warner Park, Basseterre, St Kitts",1,9.2,Guyana Amazon Warriors,St Lucia Kings,N Pooran,BA King,RL Chase,1,0,,,,,,,,,
1269721,2021,2021-09-08,"Warner Park, Basseterre, St Kitts",1,9.3,Guyana Amazon Warriors,St Lucia Kings,BA King,N Pooran,RL Chase,0,0,,,,,,,,,
1269721,2021,2021-09-08,"Warner Park, Basseterre, St Kitts",1,9.4,Guyana Amazon Warriors,St Lucia Kings,BA King,N Pooran,RL Chase,1,0,,,,,,,,,
1269721,2021,2021-09-08,"Warner Park, Basseterre, St Kitts",1,9.5,Guyana Amazon Warriors,St Lucia Kings,N Pooran,BA King,RL Chase,1,0,,,,,,,,,
1269721,2021,2021-09-08,"Warner Park, Basseterre, St Kitts",1,9.6,Guyana Amazon Warriors,St Lucia Kings,BA King,N Pooran,RL Chase,0,0,,,,,,,,,
1269721,2021,2021-09-08,"Warner Park, Basseterre, St Kitts",1,10.1,Guyana Amazon Warriors,St Lucia Kings,N Pooran,BA King,SR Patel,0,0,,,,,,,,,
1269721,2021,2021-09-08,"Warner Park, Basseterre, St Kitts",1,10.2,Guyana Amazon Warriors,St Lucia Kings,N Pooran,BA King,SR Patel,0,0,,,,,,,,,
1269721,2021,2021-09-08,"Warner Park, Basseterre, St Kitts",1,10.3,Guyana Amazon Warriors,St Lucia Kings,N Pooran,BA King,SR Patel,1,0,,,,,,,,,
1269721,2021,2021-09-08,"Warner Park, Basseterre, St Kitts",1,10.4,Guyana Amazon Warriors,St Lucia Kings,BA King,N Pooran,SR Patel,0,0,,,,,,,,,
1269721,2021,2021-09-08,"Warner Park, Basseterre, St Kitts",1,10.5,Guyana Amazon Warriors,St Lucia Kings,BA King,N Pooran,SR Patel,1,0,,,,,,,,,
1269721,2021,2021-09-08,"Warner Park, Basseterre, St Kitts",1,10.6,Guyana Amazon Warriors,St Lucia Kings,N Pooran,BA King,SR Patel,1,0,,,,,,,,,
1269721,2021,2021-09-08,"Warner Park, Basseterre, St Kitts",1,11.1,Guyana Amazon Warriors,St Lucia Kings,N Pooran,BA King,RL Chase,6,0,,,,,,,,,
1269721,2021,2021-09-08,"Warner Park, Basseterre, St Kitts",1,11.2,Guyana Amazon Warriors,St Lucia Kings,N Pooran,BA King,RL Chase,0,0,,,,,,,,,
1269721,2021,2021-09-08,"Warner Park, Basseterre, St Kitts",1,11.3,Guyana Amazon Warriors,St Lucia Kings,N Pooran,BA King,RL Chase,0,0,,,,,,,,,
1269721,2021,2021-09-08,"Warner Park, Basseterre, St Kitts",1,11.4,Guyana Amazon Warriors,St Lucia Kings,N Pooran,BA King,RL Chase,1,0,,,,,,,,,
1269721,2021,2021-09-08,"Warner Park, Basseterre, St Kitts",1,11.5,Guyana Amazon Warriors,St Lucia Kings,BA King,N Pooran,RL Chase,1,0,,,,,,,,,
1269721,2021,2021-09-08,"Warner Park, Basseterre, St Kitts",1,11.6,Guyana Amazon Warriors,St Lucia Kings,N Pooran,BA King,RL Chase,4,0,,,,,,,,,
1269721,2021,2021-09-08,"Warner Park, Basseterre, St Kitts",1,12.1,Guyana Amazon Warriors,St Lucia Kings,BA King,N Pooran,SR Patel,0,0,,,,,,,,,
1269721,2021,2021-09-08,"Warner Park, Basseterre, St Kitts",1,12.2,Guyana Amazon Warriors,St Lucia Kings,BA King,N Pooran,SR Patel,6,0,,,,,,,,,
1269721,2021,2021-09-08,"Warner Park, Basseterre, St Kitts",1,12.3,Guyana Amazon Warriors,St Lucia Kings,BA King,N Pooran,SR Patel,0,0,,,,,,,,,
1269721,2021,2021-09-08,"Warner Park, Basseterre, St Kitts",1,12.4,Guyana Amazon Warriors,St Lucia Kings,BA King,N Pooran,SR Patel,2,0,,,,,,,,,
1269721,2021,2021-09-08,"Warner Park, Basseterre, St Kitts",1,12.5,Guyana Amazon Warriors,St Lucia Kings,BA King,N Pooran,SR Patel,0,0,,,,,,,,,
1269721,2021,2021-09-08,"Warner Park, Basseterre, St Kitts",1,12.6,Guyana Amazon Warriors,St Lucia Kings,BA King,N Pooran,SR Patel,1,0,,,,,,,,,
1269721,2021,2021-09-08,"Warner Park, Basseterre, St Kitts",1,13.1,Guyana Amazon Warriors,St Lucia Kings,BA King,N Pooran,RL Chase,0,0,,,,,,,,,
1269721,2021,2021-09-08,"Warner Park, Basseterre, St Kitts",1,13.2,Guyana Amazon Warriors,St Lucia Kings,BA King,N Pooran,RL Chase,1,0,,,,,,,,,
1269721,2021,2021-09-08,"Warner Park, Basseterre, St Kitts",1,13.3,Guyana Amazon Warriors,St Lucia Kings,N Pooran,BA King,RL Chase,0,0,,,,,,,,,
1269721,2021,2021-09-08,"Warner Park, Basseterre, St Kitts",1,13.4,Guyana Amazon Warriors,St Lucia Kings,N Pooran,BA King,RL Chase,1,0,,,,,,,,,
1269721,2021,2021-09-08,"Warner Park, Basseterre, St Kitts",1,13.5,Guyana Amazon Warriors,St Lucia Kings,BA King,N Pooran,RL Chase,0,0,,,,,,,,,
1269721,2021,2021-09-08,"Warner Park, Basseterre, St Kitts",1,13.6,Guyana Amazon Warriors,St Lucia Kings,BA King,N Pooran,RL Chase,1,0,,,,,,,,,
1269721,2021,2021-09-08,"Warner Park, Basseterre, St Kitts",1,14.1,Guyana Amazon Warriors,St Lucia Kings,BA King,N Pooran,KOK Williams,1,0,,,,,,,,,
1269721,2021,2021-09-08,"Warner Park, Basseterre, St Kitts",1,14.2,Guyana Amazon Warriors,St Lucia Kings,N Pooran,BA King,KOK Williams,1,0,,,,,,,,,
1269721,2021,2021-09-08,"Warner Park, Basseterre, St Kitts",1,14.3,Guyana Amazon Warriors,St Lucia Kings,BA King,N Pooran,KOK Williams,1,0,,,,,,,,,
1269721,2021,2021-09-08,"Warner Park, Basseterre, St Kitts",1,14.4,Guyana Amazon Warriors,St Lucia Kings,N Pooran,BA King,KOK Williams,6,0,,,,,,,,,
1269721,2021,2021-09-08,"Warner Park, Basseterre, St Kitts",1,14.5,Guyana Amazon Warriors,St Lucia Kings,N Pooran,BA King,KOK Williams,1,0,,,,,,,,,
1269721,2021,2021-09-08,"Warner Park, Basseterre, St Kitts",1,14.6,Guyana Amazon Warriors,St Lucia Kings,BA King,N Pooran,KOK Williams,1,0,,,,,,,,,
1269721,2021,2021-09-08,"Warner Park, Basseterre, St Kitts",1,15.1,Guyana Amazon Warriors,St Lucia Kings,BA King,N Pooran,RL Chase,1,0,,,,,,,,,
1269721,2021,2021-09-08,"Warner Park, Basseterre, St Kitts",1,15.2,Guyana Amazon Warriors,St Lucia Kings,N Pooran,BA King,RL Chase,1,0,,,,,,,,,
1269721,2021,2021-09-08,"Warner Park, Basseterre, St Kitts",1,15.3,Guyana Amazon Warriors,St Lucia Kings,BA King,N Pooran,RL Chase,6,0,,,,,,,,,
1269721,2021,2021-09-08,"Warner Park, Basseterre, St Kitts",1,15.4,Guyana Amazon Warriors,St Lucia Kings,BA King,N Pooran,RL Chase,1,0,,,,,,,,,
1269721,2021,2021-09-08,"Warner Park, Basseterre, St Kitts",1,15.5,Guyana Amazon Warriors,St Lucia Kings,N Pooran,BA King,RL Chase,0,0,,,,,,caught,N Pooran,,
1269721,2021,2021-09-08,"Warner Park, Basseterre, St Kitts",1,15.6,Guyana Amazon Warriors,St Lucia Kings,OF Smith,BA King,RL Chase,0,0,,,,,,,,,
1269721,2021,2021-09-08,"Warner Park, Basseterre, St Kitts",1,16.1,Guyana Amazon Warriors,St Lucia Kings,BA King,OF Smith,Wahab Riaz,1,0,,,,,,,,,
1269721,2021,2021-09-08,"Warner Park, Basseterre, St Kitts",1,16.2,Guyana Amazon Warriors,St Lucia Kings,OF Smith,BA King,Wahab Riaz,0,1,,,,1,,,,,
1269721,2021,2021-09-08,"Warner Park, Basseterre, St Kitts",1,16.3,Guyana Amazon Warriors,St Lucia Kings,BA King,OF Smith,Wahab Riaz,4,0,,,,,,,,,
1269721,2021,2021-09-08,"Warner Park, Basseterre, St Kitts",1,16.4,Guyana Amazon Warriors,St Lucia Kings,BA King,OF Smith,Wahab Riaz,4,0,,,,,,,,,
1269721,2021,2021-09-08,"Warner Park, Basseterre, St Kitts",1,16.5,Guyana Amazon Warriors,St Lucia Kings,BA King,OF Smith,Wahab Riaz,1,0,,,,,,,,,
1269721,2021,2021-09-08,"Warner Park, Basseterre, St Kitts",1,16.6,Guyana Amazon Warriors,St Lucia Kings,OF Smith,BA King,Wahab Riaz,0,0,,,,,,,,,
1269721,2021,2021-09-08,"Warner Park, Basseterre, St Kitts",1,17.1,Guyana Amazon Warriors,St Lucia Kings,BA King,OF Smith,OC McCoy,1,0,,,,,,,,,
1269721,2021,2021-09-08,"Warner Park, Basseterre, St Kitts",1,17.2,Guyana Amazon Warriors,St Lucia Kings,OF Smith,BA King,OC McCoy,0,1,1,,,,,,,,
1269721,2021,2021-09-08,"Warner Park, Basseterre, St Kitts",1,17.3,Guyana Amazon Warriors,St Lucia Kings,OF Smith,BA King,OC McCoy,0,0,,,,,,,,,
1269721,2021,2021-09-08,"Warner Park, Basseterre, St Kitts",1,17.4,Guyana Amazon Warriors,St Lucia Kings,OF Smith,BA King,OC McCoy,1,0,,,,,,,,,
1269721,2021,2021-09-08,"Warner Park, Basseterre, St Kitts",1,17.5,Guyana Amazon Warriors,St Lucia Kings,BA King,OF Smith,OC McCoy,6,0,,,,,,,,,
1269721,2021,2021-09-08,"Warner Park, Basseterre, St Kitts",1,17.6,Guyana Amazon Warriors,St Lucia Kings,BA King,OF Smith,OC McCoy,0,0,,,,,,caught,BA King,,
1269721,2021,2021-09-08,"Warner Park, Basseterre, St Kitts",1,17.7,Guyana Amazon Warriors,St Lucia Kings,OF Smith,R Shepherd,OC McCoy,0,1,1,,,,,,,,
1269721,2021,2021-09-08,"Warner Park, Basseterre, St Kitts",1,17.8,Guyana Amazon Warriors,St Lucia Kings,OF Smith,R Shepherd,OC McCoy,0,1,1,,,,,,,,
1269721,2021,2021-09-08,"Warner Park, Basseterre, St Kitts",1,17.9,Guyana Amazon Warriors,St Lucia Kings,OF Smith,R Shepherd,OC McCoy,1,0,,,,,,,,,
1269721,2021,2021-09-08,"Warner Park, Basseterre, St Kitts",1,18.1,Guyana Amazon Warriors,St Lucia Kings,OF Smith,R Shepherd,KOK Williams,0,0,,,,,,,,,
1269721,2021,2021-09-08,"Warner Park, Basseterre, St Kitts",1,18.2,Guyana Amazon Warriors,St Lucia Kings,OF Smith,R Shepherd,KOK Williams,0,1,1,,,,,,,,
1269721,2021,2021-09-08,"Warner Park, Basseterre, St Kitts",1,18.3,Guyana Amazon Warriors,St Lucia Kings,OF Smith,R Shepherd,KOK Williams,0,0,,,,,,,,,
1269721,2021,2021-09-08,"Warner Park, Basseterre, St Kitts",1,18.4,Guyana Amazon Warriors,St Lucia Kings,OF Smith,R Shepherd,KOK Williams,6,0,,,,,,,,,
1269721,2021,2021-09-08,"Warner Park, Basseterre, St Kitts",1,18.5,Guyana Amazon Warriors,St Lucia Kings,OF Smith,R Shepherd,KOK Williams,4,0,,,,,,,,,
1269721,2021,2021-09-08,"Warner Park, Basseterre, St Kitts",1,18.6,Guyana Amazon Warriors,St Lucia Kings,OF Smith,R Shepherd,KOK Williams,6,0,,,,,,,,,
1269721,2021,2021-09-08,"Warner Park, Basseterre, St Kitts",1,18.7,Guyana Amazon Warriors,St Lucia Kings,OF Smith,R Shepherd,KOK Williams,0,0,,,,,,,,,
1269721,2021,2021-09-08,"Warner Park, Basseterre, St Kitts",1,19.1,Guyana Amazon Warriors,St Lucia Kings,R Shepherd,OF Smith,Wahab Riaz,0,0,,,,,,,,,
1269721,2021,2021-09-08,"Warner Park, Basseterre, St Kitts",1,19.2,Guyana Amazon Warriors,St Lucia Kings,R Shepherd,OF Smith,Wahab Riaz,0,4,,,,4,,,,,
1269721,2021,2021-09-08,"Warner Park, Basseterre, St Kitts",1,19.3,Guyana Amazon Warriors,St Lucia Kings,R Shepherd,OF Smith,Wahab Riaz,1,0,,,,,,,,,
1269721,2021,2021-09-08,"Warner Park, Basseterre, St Kitts",1,19.4,Guyana Amazon Warriors,St Lucia Kings,OF Smith,R Shepherd,Wahab Riaz,0,1,,,1,,,,,,
1269721,2021,2021-09-08,"Warner Park, Basseterre, St Kitts",1,19.5,Guyana Amazon Warriors,St Lucia Kings,R Shepherd,OF Smith,Wahab Riaz,1,0,,,,,,,,,
1269721,2021,2021-09-08,"Warner Park, Basseterre, St Kitts",1,19.6,Guyana Amazon Warriors,St Lucia Kings,OF Smith,R Shepherd,Wahab Riaz,0,1,,,1,,,,,,
1269721,2021,2021-09-08,"Warner Park, Basseterre, St Kitts",2,0.1,St Lucia Kings,Guyana Amazon Warriors,ADS Fletcher,F du Plessis,G Motie,1,0,,,,,,,,,
1269721,2021,2021-09-08,"Warner Park, Basseterre, St Kitts",2,0.2,St Lucia Kings,Guyana Amazon Warriors,F du Plessis,ADS Fletcher,G Motie,0,0,,,,,,,,,
1269721,2021,2021-09-08,"Warner Park, Basseterre, St Kitts",2,0.3,St Lucia Kings,Guyana Amazon Warriors,F du Plessis,ADS Fletcher,G Motie,1,0,,,,,,,,,
1269721,2021,2021-09-08,"Warner Park, Basseterre, St Kitts",2,0.4,St Lucia Kings,Guyana Amazon Warriors,ADS Fletcher,F du Plessis,G Motie,1,0,,,,,,,,,
1269721,2021,2021-09-08,"Warner Park, Basseterre, St Kitts",2,0.5,St Lucia Kings,Guyana Amazon Warriors,F du Plessis,ADS Fletcher,G Motie,0,0,,,,,,,,,
1269721,2021,2021-09-08,"Warner Park, Basseterre, St Kitts",2,0.6,St Lucia Kings,Guyana Amazon Warriors,F du Plessis,ADS Fletcher,G Motie,0,0,,,,,,,,,
1269721,2021,2021-09-08,"Warner Park, Basseterre, St Kitts",2,1.1,St Lucia Kings,Guyana Amazon Warriors,ADS Fletcher,F du Plessis,Imran Tahir,0,0,,,,,,,,,
1269721,2021,2021-09-08,"Warner Park, Basseterre, St Kitts",2,1.2,St Lucia Kings,Guyana Amazon Warriors,ADS Fletcher,F du Plessis,Imran Tahir,0,0,,,,,,,,,
1269721,2021,2021-09-08,"Warner Park, Basseterre, St Kitts",2,1.3,St Lucia Kings,Guyana Amazon Warriors,ADS Fletcher,F du Plessis,Imran Tahir,1,0,,,,,,,,,
1269721,2021,2021-09-08,"Warner Park, Basseterre, St Kitts",2,1.4,St Lucia Kings,Guyana Amazon Warriors,F du Plessis,ADS Fletcher,Imran Tahir,2,0,,,,,,,,,
1269721,2021,2021-09-08,"Warner Park, Basseterre, St Kitts",2,1.5,St Lucia Kings,Guyana Amazon Warriors,F du Plessis,ADS Fletcher,Imran Tahir,6,0,,,,,,,,,
1269721,2021,2021-09-08,"Warner Park, Basseterre, St Kitts",2,1.6,St Lucia Kings,Guyana Amazon Warriors,F du Plessis,ADS Fletcher,Imran Tahir,1,0,,,,,,,,,
1269721,2021,2021-09-08,"Warner Park, Basseterre, St Kitts",2,2.1,St Lucia Kings,Guyana Amazon Warriors,F du Plessis,ADS Fletcher,G Motie,0,0,,,,,,,,,
1269721,2021,2021-09-08,"Warner Park, Basseterre, St Kitts",2,2.2,St Lucia Kings,Guyana Amazon Warriors,F du Plessis,ADS Fletcher,G Motie,1,0,,,,,,,,,
1269721,2021,2021-09-08,"Warner Park, Basseterre, St Kitts",2,2.3,St Lucia Kings,Guyana Amazon Warriors,ADS Fletcher,F du Plessis,G Motie,0,0,,,,,,,,,
1269721,2021,2021-09-08,"Warner Park, Basseterre, St Kitts",2,2.4,St Lucia Kings,Guyana Amazon Warriors,ADS Fletcher,F du Plessis,G Motie,0,0,,,,,,,,,
1269721,2021,2021-09-08,"Warner Park, Basseterre, St Kitts",2,2.5,St Lucia Kings,Guyana Amazon Warriors,ADS Fletcher,F du Plessis,G Motie,0,2,2,,,,,,,,
1269721,2021,2021-09-08,"Warner Park, Basseterre, St Kitts",2,2.6,St Lucia Kings,Guyana Amazon Warriors,F du Plessis,ADS Fletcher,G Motie,0,0,,,,,,,,,
1269721,2021,2021-09-08,"Warner Park, Basseterre, St Kitts",2,2.7,St Lucia Kings,Guyana Amazon Warriors,F du Plessis,ADS Fletcher,G Motie,1,0,,,,,,,,,
1269721,2021,2021-09-08,"Warner Park, Basseterre, St Kitts",2,3.1,St Lucia Kings,Guyana Amazon Warriors,F du Plessis,ADS Fletcher,R Shepherd,4,0,,,,,,,,,
1269721,2021,2021-09-08,"Warner Park, Basseterre, St Kitts",2,3.2,St Lucia Kings,Guyana Amazon Warriors,F du Plessis,ADS Fletcher,R Shepherd,0,0,,,,,,,,,
1269721,2021,2021-09-08,"Warner Park, Basseterre, St Kitts",2,3.3,St Lucia Kings,Guyana Amazon Warriors,F du Plessis,ADS Fletcher,R Shepherd,0,1,1,,,,,,,,
1269721,2021,2021-09-08,"Warner Park, Basseterre, St Kitts",2,3.4,St Lucia Kings,Guyana Amazon Warriors,F du Plessis,ADS Fletcher,R Shepherd,0,0,,,,,,,,,
1269721,2021,2021-09-08,"Warner Park, Basseterre, St Kitts",2,3.5,St Lucia Kings,Guyana Amazon Warriors,F du Plessis,ADS Fletcher,R Shepherd,2,0,,,,,,,,,
1269721,2021,2021-09-08,"Warner Park, Basseterre, St Kitts",2,3.6,St Lucia Kings,Guyana Amazon Warriors,F du Plessis,ADS Fletcher,R Shepherd,1,0,,,,,,,,,
1269721,2021,2021-09-08,"Warner Park, Basseterre, St Kitts",2,3.7,St Lucia Kings,Guyana Amazon Warriors,ADS Fletcher,F du Plessis,R Shepherd,4,0,,,,,,,,,
1269721,2021,2021-09-08,"Warner Park, Basseterre, St Kitts",2,4.1,St Lucia Kings,Guyana Amazon Warriors,F du Plessis,ADS Fletcher,G Motie,0,0,,,,,,caught and bowled,F du Plessis,,
1269721,2021,2021-09-08,"Warner Park, Basseterre, St Kitts",2,4.2,St Lucia Kings,Guyana Amazon Warriors,SR Patel,ADS Fletcher,G Motie,0,0,,,,,,,,,
1269721,2021,2021-09-08,"Warner Park, Basseterre, St Kitts",2,4.3,St Lucia Kings,Guyana Amazon Warriors,SR Patel,ADS Fletcher,G Motie,0,0,,,,,,,,,
1269721,2021,2021-09-08,"Warner Park, Basseterre, St Kitts",2,4.4,St Lucia Kings,Guyana Amazon Warriors,SR Patel,ADS Fletcher,G Motie,0,0,,,,,,,,,
1269721,2021,2021-09-08,"Warner Park, Basseterre, St Kitts",2,4.5,St Lucia Kings,Guyana Amazon Warriors,SR Patel,ADS Fletcher,G Motie,0,0,,,,,,,,,
1269721,2021,2021-09-08,"Warner Park, Basseterre, St Kitts",2,4.6,St Lucia Kings,Guyana Amazon Warriors,SR Patel,ADS Fletcher,G Motie,0,0,,,,,,,,,
1269721,2021,2021-09-08,"Warner Park, Basseterre, St Kitts",2,5.1,St Lucia Kings,Guyana Amazon Warriors,ADS Fletcher,SR Patel,Imran Tahir,1,0,,,,,,,,,
1269721,2021,2021-09-08,"Warner Park, Basseterre, St Kitts",2,5.2,St Lucia Kings,Guyana Amazon Warriors,SR Patel,ADS Fletcher,Imran Tahir,4,0,,,,,,,,,
1269721,2021,2021-09-08,"Warner Park, Basseterre, St Kitts",2,5.3,St Lucia Kings,Guyana Amazon Warriors,SR Patel,ADS Fletcher,Imran Tahir,1,0,,,,,,,,,
1269721,2021,2021-09-08,"Warner Park, Basseterre, St Kitts",2,5.4,St Lucia Kings,Guyana Amazon Warriors,ADS Fletcher,SR Patel,Imran Tahir,0,0,,,,,,bowled,ADS Fletcher,,
1269721,2021,2021-09-08,"Warner Park, Basseterre, St Kitts",2,5.5,St Lucia Kings,Guyana Amazon Warriors,RL Chase,SR Patel,Imran Tahir,2,0,,,,,,,,,
1269721,2021,2021-09-08,"Warner Park, Basseterre, St Kitts",2,5.6,St Lucia Kings,Guyana Amazon Warriors,RL Chase,SR Patel,Imran Tahir,1,0,,,,,,,,,
1269721,2021,2021-09-08,"Warner Park, Basseterre, St Kitts",2,6.1,St Lucia Kings,Guyana Amazon Warriors,RL Chase,SR Patel,G Motie,1,0,,,,,,,,,
1269721,2021,2021-09-08,"Warner Park, Basseterre, St Kitts",2,6.2,St Lucia Kings,Guyana Amazon Warriors,SR Patel,RL Chase,G Motie,0,0,,,,,,,,,
1269721,2021,2021-09-08,"Warner Park, Basseterre, St Kitts",2,6.3,St Lucia Kings,Guyana Amazon Warriors,SR Patel,RL Chase,G Motie,4,0,,,,,,,,,
1269721,2021,2021-09-08,"Warner Park, Basseterre, St Kitts",2,6.4,St Lucia Kings,Guyana Amazon Warriors,SR Patel,RL Chase,G Motie,0,0,,,,,,,,,
1269721,2021,2021-09-08,"Warner Park, Basseterre, St Kitts",2,6.5,St Lucia Kings,Guyana Amazon Warriors,SR Patel,RL Chase,G Motie,0,0,,,,,,bowled,SR Patel,,
1269721,2021,2021-09-08,"Warner Park, Basseterre, St Kitts",2,6.6,St Lucia Kings,Guyana Amazon Warriors,TH David,RL Chase,G Motie,0,0,,,,,,,,,
1269721,2021,2021-09-08,"Warner Park, Basseterre, St Kitts",2,7.1,St Lucia Kings,Guyana Amazon Warriors,RL Chase,TH David,Imran Tahir,0,0,,,,,,,,,
1269721,2021,2021-09-08,"Warner Park, Basseterre, St Kitts",2,7.2,St Lucia Kings,Guyana Amazon Warriors,RL Chase,TH David,Imran Tahir,0,0,,,,,,,,,
1269721,2021,2021-09-08,"Warner Park, Basseterre, St Kitts",2,7.3,St Lucia Kings,Guyana Amazon Warriors,RL Chase,TH David,Imran Tahir,1,0,,,,,,,,,
1269721,2021,2021-09-08,"Warner Park, Basseterre, St Kitts",2,7.4,St Lucia Kings,Guyana Amazon Warriors,TH David,RL Chase,Imran Tahir,1,0,,,,,,,,,
1269721,2021,2021-09-08,"Warner Park, Basseterre, St Kitts",2,7.5,St Lucia Kings,Guyana Amazon Warriors,RL Chase,TH David,Imran Tahir,1,0,,,,,,,,,
1269721,2021,2021-09-08,"Warner Park, Basseterre, St Kitts",2,7.6,St Lucia Kings,Guyana Amazon Warriors,TH David,RL Chase,Imran Tahir,0,1,1,,,,,,,,
1269721,2021,2021-09-08,"Warner Park, Basseterre, St Kitts",2,7.7,St Lucia Kings,Guyana Amazon Warriors,TH David,RL Chase,Imran Tahir,2,0,,,,,,,,,
1269721,2021,2021-09-08,"Warner Park, Basseterre, St Kitts",2,8.1,St Lucia Kings,Guyana Amazon Warriors,RL Chase,TH David,R Shepherd,1,0,,,,,,,,,
1269721,2021,2021-09-08,"Warner Park, Basseterre, St Kitts",2,8.2,St Lucia Kings,Guyana Amazon Warriors,TH David,RL Chase,R Shepherd,0,0,,,,,,,,,
1269721,2021,2021-09-08,"Warner Park, Basseterre, St Kitts",2,8.3,St Lucia Kings,Guyana Amazon Warriors,TH David,RL Chase,R Shepherd,1,0,,,,,,,,,
1269721,2021,2021-09-08,"Warner Park, Basseterre, St Kitts",2,8.4,St Lucia Kings,Guyana Amazon Warriors,RL Chase,TH David,R Shepherd,6,0,,,,,,,,,
1269721,2021,2021-09-08,"Warner Park, Basseterre, St Kitts",2,8.5,St Lucia Kings,Guyana Amazon Warriors,RL Chase,TH David,R Shepherd,2,0,,,,,,,,,
1269721,2021,2021-09-08,"Warner Park, Basseterre, St Kitts",2,8.6,St Lucia Kings,Guyana Amazon Warriors,RL Chase,TH David,R Shepherd,4,0,,,,,,,,,
1269721,2021,2021-09-08,"Warner Park, Basseterre, St Kitts",2,9.1,St Lucia Kings,Guyana Amazon Warriors,TH David,RL Chase,Shoaib Malik,6,0,,,,,,,,,
1269721,2021,2021-09-08,"Warner Park, Basseterre, St Kitts",2,9.2,St Lucia Kings,Guyana Amazon Warriors,TH David,RL Chase,Shoaib Malik,0,1,,,,1,,,,,
1269721,2021,2021-09-08,"Warner Park, Basseterre, St Kitts",2,9.3,St Lucia Kings,Guyana Amazon Warriors,RL Chase,TH David,Shoaib Malik,0,0,,,,,,,,,
1269721,2021,2021-09-08,"Warner Park, Basseterre, St Kitts",2,9.4,St Lucia Kings,Guyana Amazon Warriors,RL Chase,TH David,Shoaib Malik,1,0,,,,,,,,,
1269721,2021,2021-09-08,"Warner Park, Basseterre, St Kitts",2,9.5,St Lucia Kings,Guyana Amazon Warriors,TH David,RL Chase,Shoaib Malik,0,0,,,,,,,,,
1269721,2021,2021-09-08,"Warner Park, Basseterre, St Kitts",2,9.6,St Lucia Kings,Guyana Amazon Warriors,TH David,RL Chase,Shoaib Malik,1,0,,,,,,,,,
1269721,2021,2021-09-08,"Warner Park, Basseterre, St Kitts",2,10.1,St Lucia Kings,Guyana Amazon Warriors,TH David,RL Chase,Imran Tahir,0,0,,,,,,,,,
1269721,2021,2021-09-08,"Warner Park, Basseterre, St Kitts",2,10.2,St Lucia Kings,Guyana Amazon Warriors,TH David,RL Chase,Imran Tahir,1,0,,,,,,,,,
1269721,2021,2021-09-08,"Warner Park, Basseterre, St Kitts",2,10.3,St Lucia Kings,Guyana Amazon Warriors,RL Chase,TH David,Imran Tahir,1,0,,,,,,,,,
1269721,2021,2021-09-08,"Warner Park, Basseterre, St Kitts",2,10.4,St Lucia Kings,Guyana Amazon Warriors,TH David,RL Chase,Imran Tahir,4,0,,,,,,,,,
1269721,2021,2021-09-08,"Warner Park, Basseterre, St Kitts",2,10.5,St Lucia Kings,Guyana Amazon Warriors,TH David,RL Chase,Imran Tahir,0,0,,,,,,,,,
1269721,2021,2021-09-08,"Warner Park, Basseterre, St Kitts",2,10.6,St Lucia Kings,Guyana Amazon Warriors,TH David,RL Chase,Imran Tahir,1,0,,,,,,,,,
1269721,2021,2021-09-08,"Warner Park, Basseterre, St Kitts",2,11.1,St Lucia Kings,Guyana Amazon Warriors,TH David,RL Chase,OF Smith,0,1,1,,,,,,,,
1269721,2021,2021-09-08,"Warner Park, Basseterre, St Kitts",2,11.2,St Lucia Kings,Guyana Amazon Warriors,TH David,RL Chase,OF Smith,0,0,,,,,,,,,
1269721,2021,2021-09-08,"Warner Park, Basseterre, St Kitts",2,11.3,St Lucia Kings,Guyana Amazon Warriors,TH David,RL Chase,OF Smith,0,0,,,,,,,,,
1269721,2021,2021-09-08,"Warner Park, Basseterre, St Kitts",2,11.4,St Lucia Kings,Guyana Amazon Warriors,TH David,RL Chase,OF Smith,1,0,,,,,,,,,
1269721,2021,2021-09-08,"Warner Park, Basseterre, St Kitts",2,11.5,St Lucia Kings,Guyana Amazon Warriors,RL Chase,TH David,OF Smith,0,0,,,,,,,,,
1269721,2021,2021-09-08,"Warner Park, Basseterre, St Kitts",2,11.6,St Lucia Kings,Guyana Amazon Warriors,RL Chase,TH David,OF Smith,2,0,,,,,,,,,
1269721,2021,2021-09-08,"Warner Park, Basseterre, St Kitts",2,11.7,St Lucia Kings,Guyana Amazon Warriors,RL Chase,TH David,OF Smith,6,0,,,,,,,,,
1269721,2021,2021-09-08,"Warner Park, Basseterre, St Kitts",2,12.1,St Lucia Kings,Guyana Amazon Warriors,TH David,RL Chase,C Hemraj,0,0,,,,,,,,,
1269721,2021,2021-09-08,"Warner Park, Basseterre, St Kitts",2,12.2,St Lucia Kings,Guyana Amazon Warriors,TH David,RL Chase,C Hemraj,0,0,,,,,,,,,
1269721,2021,2021-09-08,"Warner Park, Basseterre, St Kitts",2,12.3,St Lucia Kings,Guyana Amazon Warriors,TH David,RL Chase,C Hemraj,2,0,,,,,,,,,
1269721,2021,2021-09-08,"Warner Park, Basseterre, St Kitts",2,12.4,St Lucia Kings,Guyana Amazon Warriors,TH David,RL Chase,C Hemraj,1,0,,,,,,,,,
1269721,2021,2021-09-08,"Warner Park, Basseterre, St Kitts",2,12.5,St Lucia Kings,Guyana Amazon Warriors,RL Chase,TH David,C Hemraj,2,0,,,,,,,,,
1269721,2021,2021-09-08,"Warner Park, Basseterre, St Kitts",2,12.6,St Lucia Kings,Guyana Amazon Warriors,RL Chase,TH David,C Hemraj,0,0,,,,,,,,,
1269721,2021,2021-09-08,"Warner Park, Basseterre, St Kitts",2,13.1,St Lucia Kings,Guyana Amazon Warriors,TH David,RL Chase,Naveen-ul-Haq,1,0,,,,,,,,,
1269721,2021,2021-09-08,"Warner Park, Basseterre, St Kitts",2,13.2,St Lucia Kings,Guyana Amazon Warriors,RL Chase,TH David,Naveen-ul-Haq,0,0,,,,,,,,,
1269721,2021,2021-09-08,"Warner Park, Basseterre, St Kitts",2,13.3,St Lucia Kings,Guyana Amazon Warriors,RL Chase,TH David,Naveen-ul-Haq,1,0,,,,,,,,,
1269721,2021,2021-09-08,"Warner Park, Basseterre, St Kitts",2,13.4,St Lucia Kings,Guyana Amazon Warriors,TH David,RL Chase,Naveen-ul-Haq,2,0,,,,,,,,,
1269721,2021,2021-09-08,"Warner Park, Basseterre, St Kitts",2,13.5,St Lucia Kings,Guyana Amazon Warriors,TH David,RL Chase,Naveen-ul-Haq,1,0,,,,,,,,,
1269721,2021,2021-09-08,"Warner Park, Basseterre, St Kitts",2,13.6,St Lucia Kings,Guyana Amazon Warriors,RL Chase,TH David,Naveen-ul-Haq,1,0,,,,,,,,,
1269721,2021,2021-09-08,"Warner Park, Basseterre, St Kitts",2,14.1,St Lucia Kings,Guyana Amazon Warriors,RL Chase,TH David,R Shepherd,1,0,,,,,,,,,
1269721,2021,2021-09-08,"Warner Park, Basseterre, St Kitts",2,14.2,St Lucia Kings,Guyana Amazon Warriors,TH David,RL Chase,R Shepherd,2,0,,,,,,,,,
1269721,2021,2021-09-08,"Warner Park, Basseterre, St Kitts",2,14.3,St Lucia Kings,Guyana Amazon Warriors,TH David,RL Chase,R Shepherd,1,0,,,,,,,,,
1269721,2021,2021-09-08,"Warner Park, Basseterre, St Kitts",2,14.4,St Lucia Kings,Guyana Amazon Warriors,RL Chase,TH David,R Shepherd,1,0,,,,,,,,,
1269721,2021,2021-09-08,"Warner Park, Basseterre, St Kitts",2,14.5,St Lucia Kings,Guyana Amazon Warriors,TH David,RL Chase,R Shepherd,0,0,,,,,,,,,
1269721,2021,2021-09-08,"Warner Park, Basseterre, St Kitts",2,14.6,St Lucia Kings,Guyana Amazon Warriors,TH David,RL Chase,R Shepherd,2,0,,,,,,,,,
1269721,2021,2021-09-08,"Warner Park, Basseterre, St Kitts",2,15.1,St Lucia Kings,Guyana Amazon Warriors,RL Chase,TH David,Naveen-ul-Haq,1,0,,,,,,,,,
1269721,2021,2021-09-08,"Warner Park, Basseterre, St Kitts",2,15.2,St Lucia Kings,Guyana Amazon Warriors,TH David,RL Chase,Naveen-ul-Haq,1,0,,,,,,,,,
1269721,2021,2021-09-08,"Warner Park, Basseterre, St Kitts",2,15.3,St Lucia Kings,Guyana Amazon Warriors,RL Chase,TH David,Naveen-ul-Haq,1,0,,,,,,,,,
1269721,2021,2021-09-08,"Warner Park, Basseterre, St Kitts",2,15.4,St Lucia Kings,Guyana Amazon Warriors,TH David,RL Chase,Naveen-ul-Haq,1,0,,,,,,,,,
1269721,2021,2021-09-08,"Warner Park, Basseterre, St Kitts",2,15.5,St Lucia Kings,Guyana Amazon Warriors,RL Chase,TH David,Naveen-ul-Haq,0,0,,,,,,,,,
1269721,2021,2021-09-08,"Warner Park, Basseterre, St Kitts",2,15.6,St Lucia Kings,Guyana Amazon Warriors,RL Chase,TH David,Naveen-ul-Haq,1,0,,,,,,,,,
1269721,2021,2021-09-08,"Warner Park, Basseterre, St Kitts",2,16.1,St Lucia Kings,Guyana Amazon Warriors,RL Chase,TH David,R Shepherd,1,0,,,,,,,,,
1269721,2021,2021-09-08,"Warner Park, Basseterre, St Kitts",2,16.2,St Lucia Kings,Guyana Amazon Warriors,TH David,RL Chase,R Shepherd,0,1,1,,,,,,,,
1269721,2021,2021-09-08,"Warner Park, Basseterre, St Kitts",2,16.3,St Lucia Kings,Guyana Amazon Warriors,TH David,RL Chase,R Shepherd,1,0,,,,,,,,,
1269721,2021,2021-09-08,"Warner Park, Basseterre, St Kitts",2,16.4,St Lucia Kings,Guyana Amazon Warriors,RL Chase,TH David,R Shepherd,1,0,,,,,,,,,
1269721,2021,2021-09-08,"Warner Park, Basseterre, St Kitts",2,16.5,St Lucia Kings,Guyana Amazon Warriors,TH David,RL Chase,R Shepherd,1,0,,,,,,,,,
1269721,2021,2021-09-08,"Warner Park, Basseterre, St Kitts",2,16.6,St Lucia Kings,Guyana Amazon Warriors,RL Chase,TH David,R Shepherd,0,0,,,,,,,,,
1269721,2021,2021-09-08,"Warner Park, Basseterre, St Kitts",2,16.7,St Lucia Kings,Guyana Amazon Warriors,RL Chase,TH David,R Shepherd,0,0,,,,,,,,,
1269721,2021,2021-09-08,"Warner Park, Basseterre, St Kitts",2,17.1,St Lucia Kings,Guyana Amazon Warriors,TH David,RL Chase,Naveen-ul-Haq,1,0,,,,,,,,,
1269721,2021,2021-09-08,"Warner Park, Basseterre, St Kitts",2,17.2,St Lucia Kings,Guyana Amazon Warriors,RL Chase,TH David,Naveen-ul-Haq,0,0,,,,,,caught,RL Chase,,
1269721,2021,2021-09-08,"Warner Park, Basseterre, St Kitts",2,17.3,St Lucia Kings,Guyana Amazon Warriors,KMA Paul,TH David,Naveen-ul-Haq,1,0,,,,,,,,,
1269721,2021,2021-09-08,"Warner Park, Basseterre, St Kitts",2,17.4,St Lucia Kings,Guyana Amazon Warriors,TH David,KMA Paul,Naveen-ul-Haq,2,0,,,,,,,,,
1269721,2021,2021-09-08,"Warner Park, Basseterre, St Kitts",2,17.5,St Lucia Kings,Guyana Amazon Warriors,TH David,KMA Paul,Naveen-ul-Haq,1,0,,,,,,,,,
1269721,2021,2021-09-08,"Warner Park, Basseterre, St Kitts",2,17.6,St Lucia Kings,Guyana Amazon Warriors,KMA Paul,TH David,Naveen-ul-Haq,0,0,,,,,,,,,
1269721,2021,2021-09-08,"Warner Park, Basseterre, St Kitts",2,18.1,St Lucia Kings,Guyana Amazon Warriors,TH David,KMA Paul,OF Smith,0,0,,,,,,,,,
1269721,2021,2021-09-08,"Warner Park, Basseterre, St Kitts",2,18.2,St Lucia Kings,Guyana Amazon Warriors,TH David,KMA Paul,OF Smith,0,1,,,,1,,,,,
1269721,2021,2021-09-08,"Warner Park, Basseterre, St Kitts",2,18.3,St Lucia Kings,Guyana Amazon Warriors,KMA Paul,TH David,OF Smith,0,0,,,,,,bowled,KMA Paul,,
1269721,2021,2021-09-08,"Warner Park, Basseterre, St Kitts",2,18.4,St Lucia Kings,Guyana Amazon Warriors,J Royal,TH David,OF Smith,0,0,,,,,,caught,J Royal,,
1269721,2021,2021-09-08,"Warner Park, Basseterre, St Kitts",2,18.5,St Lucia Kings,Guyana Amazon Warriors,Wahab Riaz,TH David,OF Smith,1,0,,,,,,,,,
1269721,2021,2021-09-08,"Warner Park, Basseterre, St Kitts",2,18.6,St Lucia Kings,Guyana Amazon Warriors,TH David,Wahab Riaz,OF Smith,1,0,,,,,,,,,
1269721,2021,2021-09-08,"Warner Park, Basseterre, St Kitts",2,19.1,St Lucia Kings,Guyana Amazon Warriors,TH David,Wahab Riaz,Naveen-ul-Haq,1,0,,,,,,,,,
1269721,2021,2021-09-08,"Warner Park, Basseterre, St Kitts",2,19.2,St Lucia Kings,Guyana Amazon Warriors,Wahab Riaz,TH David,Naveen-ul-Haq,1,0,,,,,,,,,
1269721,2021,2021-09-08,"Warner Park, Basseterre, St Kitts",2,19.3,St Lucia Kings,Guyana Amazon Warriors,TH David,Wahab Riaz,Naveen-ul-Haq,6,0,,,,,,,,,
1269721,2021,2021-09-08,"Warner Park, Basseterre, St Kitts",2,19.4,St Lucia Kings,Guyana Amazon Warriors,TH David,Wahab Riaz,Naveen-ul-Haq,0,0,,,,,,,,,
1269721,2021,2021-09-08,"Warner Park, Basseterre, St Kitts",2,19.5,St Lucia Kings,Guyana Amazon Warriors,TH David,Wahab Riaz,Naveen-ul-Haq,1,0,,,,,,,,,
1269721,2021,2021-09-08,"Warner Park, Basseterre, St Kitts",2,19.6,St Lucia Kings,Guyana Amazon Warriors,Wahab Riaz,TH David,Naveen-ul-Haq,0,0,,,,,,,,,
