match_id,season,start_date,venue,innings,ball,batting_team,bowling_team,striker,non_striker,bowler,runs_off_bat,extras,wides,noballs,byes,legbyes,penalty,wicket_type,player_dismissed,other_wicket_type,other_player_dismissed
1269708,2021,2021-08-31,"Warner Park, Basseterre, St Kitts",1,0.1,Trinbago Knight Riders,St Lucia Kings,LMP Simmons,SP Narine,Wahab Riaz,0,4,,,,4,,,,,
1269708,2021,2021-08-31,"Warner Park, Basseterre, St Kitts",1,0.2,Trinbago Knight Riders,St Lucia Kings,LMP Simmons,SP Narine,Wahab Riaz,0,0,,,,,,,,,
1269708,2021,2021-08-31,"Warner Park, Basseterre, St Kitts",1,0.3,Trinbago Knight Riders,St Lucia Kings,LMP Simmons,SP Narine,Wahab Riaz,0,0,,,,,,,,,
1269708,2021,2021-08-31,"Warner Park, Basseterre, St Kitts",1,0.4,Trinbago Knight Riders,St Lucia Kings,LMP Simmons,SP Narine,Wahab Riaz,1,0,,,,,,,,,
1269708,2021,2021-08-31,"Warner Park, Basseterre, St Kitts",1,0.5,Trinbago Knight Riders,St Lucia Kings,SP Narine,LMP Simmons,Wahab Riaz,0,0,,,,,,,,,
1269708,2021,2021-08-31,"Warner Park, Basseterre, St Kitts",1,0.6,Trinbago Knight Riders,St Lucia Kings,SP Narine,LMP Simmons,Wahab Riaz,1,0,,,,,,,,,
1269708,2021,2021-08-31,"Warner Park, Basseterre, St Kitts",1,1.1,Trinbago Knight Riders,St Lucia Kings,SP Narine,LMP Simmons,AS Joseph,0,1,,,1,,,,,,
1269708,2021,2021-08-31,"Warner Park, Basseterre, St Kitts",1,1.2,Trinbago Knight Riders,St Lucia Kings,LMP Simmons,SP Narine,AS Joseph,0,0,,,,,,,,,
1269708,2021,2021-08-31,"Warner Park, Basseterre, St Kitts",1,1.3,Trinbago Knight Riders,St Lucia Kings,LMP Simmons,SP Narine,AS Joseph,1,0,,,,,,,,,
1269708,2021,2021-08-31,"Warner Park, Basseterre, St Kitts",1,1.4,Trinbago Knight Riders,St Lucia Kings,SP Narine,LMP Simmons,AS Joseph,4,0,,,,,,,,,
1269708,2021,2021-08-31,"Warner Park, Basseterre, St Kitts",1,1.5,Trinbago Knight Riders,St Lucia Kings,SP Narine,LMP Simmons,AS Joseph,0,1,,,,1,,,,,
1269708,2021,2021-08-31,"Warner Park, Basseterre, St Kitts",1,1.6,Trinbago Knight Riders,St Lucia Kings,LMP Simmons,SP Narine,AS Joseph,1,0,,,,,,,,,
1269708,2021,2021-08-31,"Warner Park, Basseterre, St Kitts",1,2.1,Trinbago Knight Riders,St Lucia Kings,LMP Simmons,SP Narine,Wahab Riaz,4,0,,,,,,,,,
1269708,2021,2021-08-31,"Warner Park, Basseterre, St Kitts",1,2.2,Trinbago Knight Riders,St Lucia Kings,LMP Simmons,SP Narine,Wahab Riaz,0,0,,,,,,,,,
1269708,2021,2021-08-31,"Warner Park, Basseterre, St Kitts",1,2.3,Trinbago Knight Riders,St Lucia Kings,LMP Simmons,SP Narine,Wahab Riaz,0,1,1,,,,,,,,
1269708,2021,2021-08-31,"Warner Park, Basseterre, St Kitts",1,2.4,Trinbago Knight Riders,St Lucia Kings,LMP Simmons,SP Narine,Wahab Riaz,0,0,,,,,,,,,
1269708,2021,2021-08-31,"Warner Park, Basseterre, St Kitts",1,2.5,Trinbago Knight Riders,St Lucia Kings,LMP Simmons,SP Narine,Wahab Riaz,0,0,,,,,,,,,
1269708,2021,2021-08-31,"Warner Park, Basseterre, St Kitts",1,2.6,Trinbago Knight Riders,St Lucia Kings,LMP Simmons,SP Narine,Wahab Riaz,4,0,,,,,,,,,
1269708,2021,2021-08-31,"Warner Park, Basseterre, St Kitts",1,2.7,Trinbago Knight Riders,St Lucia Kings,LMP Simmons,SP Narine,Wahab Riaz,0,0,,,,,,lbw,LMP Simmons,,
1269708,2021,2021-08-31,"Warner Park, Basseterre, St Kitts",1,3.1,Trinbago Knight Riders,St Lucia Kings,SP Narine,T Webster,RL Chase,0,0,,,,,,,,,
1269708,2021,2021-08-31,"Warner Park, Basseterre, St Kitts",1,3.2,Trinbago Knight Riders,St Lucia Kings,SP Narine,T Webster,RL Chase,4,0,,,,,,,,,
1269708,2021,2021-08-31,"Warner Park, Basseterre, St Kitts",1,3.3,Trinbago Knight Riders,St Lucia Kings,SP Narine,T Webster,RL Chase,0,0,,,,,,,,,
1269708,2021,2021-08-31,"Warner Park, Basseterre, St Kitts",1,3.4,Trinbago Knight Riders,St Lucia Kings,SP Narine,T Webster,RL Chase,0,0,,,,,,,,,
1269708,2021,2021-08-31,"Warner Park, Basseterre, St Kitts",1,3.5,Trinbago Knight Riders,St Lucia Kings,SP Narine,T Webster,RL Chase,1,0,,,,,,,,,
1269708,2021,2021-08-31,"Warner Park, Basseterre, St Kitts",1,3.6,Trinbago Knight Riders,St Lucia Kings,T Webster,SP Narine,RL Chase,0,0,,,,,,,,,
1269708,2021,2021-08-31,"Warner Park, Basseterre, St Kitts",1,4.1,Trinbago Knight Riders,St Lucia Kings,SP Narine,T Webster,AS Joseph,0,0,,,,,,,,,
1269708,2021,2021-08-31,"Warner Park, Basseterre, St Kitts",1,4.2,Trinbago Knight Riders,St Lucia Kings,SP Narine,T Webster,AS Joseph,0,0,,,,,,,,,
1269708,2021,2021-08-31,"Warner Park, Basseterre, St Kitts",1,4.3,Trinbago Knight Riders,St Lucia Kings,SP Narine,T Webster,AS Joseph,0,0,,,,,,,,,
1269708,2021,2021-08-31,"Warner Park, Basseterre, St Kitts",1,4.4,Trinbago Knight Riders,St Lucia Kings,SP Narine,T Webster,AS Joseph,0,0,,,,,,,,,
1269708,2021,2021-08-31,"Warner Park, Basseterre, St Kitts",1,4.5,Trinbago Knight Riders,St Lucia Kings,SP Narine,T Webster,AS Joseph,0,0,,,,,,,,,
1269708,2021,2021-08-31,"Warner Park, Basseterre, St Kitts",1,4.6,Trinbago Knight Riders,St Lucia Kings,SP Narine,T Webster,AS Joseph,0,1,1,,,,,,,,
1269708,2021,2021-08-31,"Warner Park, Basseterre, St Kitts",1,4.7,Trinbago Knight Riders,St Lucia Kings,SP Narine,T Webster,AS Joseph,4,0,,,,,,,,,
1269708,2021,2021-08-31,"Warner Park, Basseterre, St Kitts",1,5.1,Trinbago Knight Riders,St Lucia Kings,T Webster,SP Narine,RL Chase,0,0,,,,,,,,,
1269708,2021,2021-08-31,"Warner Park, Basseterre, St Kitts",1,5.2,Trinbago Knight Riders,St Lucia Kings,T Webster,SP Narine,RL Chase,1,0,,,,,,,,,
1269708,2021,2021-08-31,"Warner Park, Basseterre, St Kitts",1,5.3,Trinbago Knight Riders,St Lucia Kings,SP Narine,T Webster,RL Chase,0,0,,,,,,,,,
1269708,2021,2021-08-31,"Warner Park, Basseterre, St Kitts",1,5.4,Trinbago Knight Riders,St Lucia Kings,SP Narine,T Webster,RL Chase,4,0,,,,,,,,,
1269708,2021,2021-08-31,"Warner Park, Basseterre, St Kitts",1,5.5,Trinbago Knight Riders,St Lucia Kings,SP Narine,T Webster,RL Chase,0,0,,,,,,,,,
1269708,2021,2021-08-31,"Warner Park, Basseterre, St Kitts",1,5.6,Trinbago Knight Riders,St Lucia Kings,SP Narine,T Webster,RL Chase,2,0,,,,,,,,,
1269708,2021,2021-08-31,"Warner Park, Basseterre, St Kitts",1,6.1,Trinbago Knight Riders,St Lucia Kings,T Webster,SP Narine,SR Patel,1,0,,,,,,,,,
1269708,2021,2021-08-31,"Warner Park, Basseterre, St Kitts",1,6.2,Trinbago Knight Riders,St Lucia Kings,SP Narine,T Webster,SR Patel,0,1,,,,1,,,,,
1269708,2021,2021-08-31,"Warner Park, Basseterre, St Kitts",1,6.3,Trinbago Knight Riders,St Lucia Kings,T Webster,SP Narine,SR Patel,1,0,,,,,,,,,
1269708,2021,2021-08-31,"Warner Park, Basseterre, St Kitts",1,6.4,Trinbago Knight Riders,St Lucia Kings,SP Narine,T Webster,SR Patel,1,0,,,,,,,,,
1269708,2021,2021-08-31,"Warner Park, Basseterre, St Kitts",1,6.5,Trinbago Knight Riders,St Lucia Kings,T Webster,SP Narine,SR Patel,1,0,,,,,,,,,
1269708,2021,2021-08-31,"Warner Park, Basseterre, St Kitts",1,6.6,Trinbago Knight Riders,St Lucia Kings,SP Narine,T Webster,SR Patel,0,0,,,,,,,,,
1269708,2021,2021-08-31,"Warner Park, Basseterre, St Kitts",1,7.1,Trinbago Knight Riders,St Lucia Kings,T Webster,SP Narine,M Deyal,1,0,,,,,,,,,
1269708,2021,2021-08-31,"Warner Park, Basseterre, St Kitts",1,7.2,Trinbago Knight Riders,St Lucia Kings,SP Narine,T Webster,M Deyal,0,0,,,,,,,,,
1269708,2021,2021-08-31,"Warner Park, Basseterre, St Kitts",1,7.3,Trinbago Knight Riders,St Lucia Kings,SP Narine,T Webster,M Deyal,1,0,,,,,,,,,
1269708,2021,2021-08-31,"Warner Park, Basseterre, St Kitts",1,7.4,Trinbago Knight Riders,St Lucia Kings,T Webster,SP Narine,M Deyal,4,0,,,,,,,,,
1269708,2021,2021-08-31,"Warner Park, Basseterre, St Kitts",1,7.5,Trinbago Knight Riders,St Lucia Kings,T Webster,SP Narine,M Deyal,0,0,,,,,,,,,
1269708,2021,2021-08-31,"Warner Park, Basseterre, St Kitts",1,7.6,Trinbago Knight Riders,St Lucia Kings,T Webster,SP Narine,M Deyal,0,0,,,,,,,,,
1269708,2021,2021-08-31,"Warner Park, Basseterre, St Kitts",1,8.1,Trinbago Knight Riders,St Lucia Kings,SP Narine,T Webster,KOK Williams,1,0,,,,,,,,,
1269708,2021,2021-08-31,"Warner Park, Basseterre, St Kitts",1,8.2,Trinbago Knight Riders,St Lucia Kings,T Webster,SP Narine,KOK Williams,4,0,,,,,,,,,
1269708,2021,2021-08-31,"Warner Park, Basseterre, St Kitts",1,8.3,Trinbago Knight Riders,St Lucia Kings,T Webster,SP Narine,KOK Williams,1,0,,,,,,,,,
1269708,2021,2021-08-31,"Warner Park, Basseterre, St Kitts",1,8.4,Trinbago Knight Riders,St Lucia Kings,SP Narine,T Webster,KOK Williams,0,0,,,,,,,,,
1269708,2021,2021-08-31,"Warner Park, Basseterre, St Kitts",1,8.5,Trinbago Knight Riders,St Lucia Kings,SP Narine,T Webster,KOK Williams,0,4,,,,4,,,,,
1269708,2021,2021-08-31,"Warner Park, Basseterre, St Kitts",1,8.6,Trinbago Knight Riders,St Lucia Kings,SP Narine,T Webster,KOK Williams,0,0,,,,,,,,,
1269708,2021,2021-08-31,"Warner Park, Basseterre, St Kitts",1,9.1,Trinbago Knight Riders,St Lucia Kings,T Webster,SP Narine,RL Chase,0,0,,,,,,,,,
1269708,2021,2021-08-31,"Warner Park, Basseterre, St Kitts",1,9.2,Trinbago Knight Riders,St Lucia Kings,T Webster,SP Narine,RL Chase,0,0,,,,,,caught,T Webster,,
1269708,2021,2021-08-31,"Warner Park, Basseterre, St Kitts",1,9.3,Trinbago Knight Riders,St Lucia Kings,KA Pollard,SP Narine,RL Chase,0,1,1,,,,,,,,
1269708,2021,2021-08-31,"Warner Park, Basseterre, St Kitts",1,9.4,Trinbago Knight Riders,St Lucia Kings,KA Pollard,SP Narine,RL Chase,0,1,1,,,,,,,,
1269708,2021,2021-08-31,"Warner Park, Basseterre, St Kitts",1,9.5,Trinbago Knight Riders,St Lucia Kings,KA Pollard,SP Narine,RL Chase,0,0,,,,,,,,,
1269708,2021,2021-08-31,"Warner Park, Basseterre, St Kitts",1,9.6,Trinbago Knight Riders,St Lucia Kings,KA Pollard,SP Narine,RL Chase,0,0,,,,,,,,,
1269708,2021,2021-08-31,"Warner Park, Basseterre, St Kitts",1,9.7,Trinbago Knight Riders,St Lucia Kings,KA Pollard,SP Narine,RL Chase,0,0,,,,,,,,,
1269708,2021,2021-08-31,"Warner Park, Basseterre, St Kitts",1,9.8,Trinbago Knight Riders,St Lucia Kings,KA Pollard,SP Narine,RL Chase,0,0,,,,,,,,,
1269708,2021,2021-08-31,"Warner Park, Basseterre, St Kitts",1,10.1,Trinbago Knight Riders,St Lucia Kings,SP Narine,KA Pollard,AS Joseph,0,1,1,,,,,,,,
1269708,2021,2021-08-31,"Warner Park, Basseterre, St Kitts",1,10.2,Trinbago Knight Riders,St Lucia Kings,SP Narine,KA Pollard,AS Joseph,1,0,,,,,,,,,
1269708,2021,2021-08-31,"Warner Park, Basseterre, St Kitts",1,10.3,Trinbago Knight Riders,St Lucia Kings,KA Pollard,SP Narine,AS Joseph,1,0,,,,,,,,,
1269708,2021,2021-08-31,"Warner Park, Basseterre, St Kitts",1,10.4,Trinbago Knight Riders,St Lucia Kings,SP Narine,KA Pollard,AS Joseph,0,0,,,,,,,,,
1269708,2021,2021-08-31,"Warner Park, Basseterre, St Kitts",1,10.5,Trinbago Knight Riders,St Lucia Kings,SP Narine,KA Pollard,AS Joseph,0,0,,,,,,caught,SP Narine,,
1269708,2021,2021-08-31,"Warner Park, Basseterre, St Kitts",1,10.6,Trinbago Knight Riders,St Lucia Kings,KA Pollard,C Munro,AS Joseph,0,0,,,,,,,,,
1269708,2021,2021-08-31,"Warner Park, Basseterre, St Kitts",1,10.7,Trinbago Knight Riders,St Lucia Kings,KA Pollard,C Munro,AS Joseph,0,0,,,,,,,,,
1269708,2021,2021-08-31,"Warner Park, Basseterre, St Kitts",1,11.1,Trinbago Knight Riders,St Lucia Kings,C Munro,KA Pollard,KOK Williams,1,0,,,,,,,,,
1269708,2021,2021-08-31,"Warner Park, Basseterre, St Kitts",1,11.2,Trinbago Knight Riders,St Lucia Kings,KA Pollard,C Munro,KOK Williams,1,0,,,,,,,,,
1269708,2021,2021-08-31,"Warner Park, Basseterre, St Kitts",1,11.3,Trinbago Knight Riders,St Lucia Kings,C Munro,KA Pollard,KOK Williams,0,0,,,,,,,,,
1269708,2021,2021-08-31,"Warner Park, Basseterre, St Kitts",1,11.4,Trinbago Knight Riders,St Lucia Kings,C Munro,KA Pollard,KOK Williams,0,0,,,,,,,,,
1269708,2021,2021-08-31,"Warner Park, Basseterre, St Kitts",1,11.5,Trinbago Knight Riders,St Lucia Kings,C Munro,KA Pollard,KOK Williams,0,0,,,,,,caught,C Munro,,
1269708,2021,2021-08-31,"Warner Park, Basseterre, St Kitts",1,11.6,Trinbago Knight Riders,St Lucia Kings,TL Seifert,KA Pollard,KOK Williams,0,0,,,,,,,,,
1269708,2021,2021-08-31,"Warner Park, Basseterre, St Kitts",1,12.1,Trinbago Knight Riders,St Lucia Kings,KA Pollard,TL Seifert,Wahab Riaz,0,1,,,,1,,,,,
1269708,2021,2021-08-31,"Warner Park, Basseterre, St Kitts",1,12.2,Trinbago Knight Riders,St Lucia Kings,TL Seifert,KA Pollard,Wahab Riaz,4,0,,,,,,,,,
1269708,2021,2021-08-31,"Warner Park, Basseterre, St Kitts",1,12.3,Trinbago Knight Riders,St Lucia Kings,TL Seifert,KA Pollard,Wahab Riaz,4,0,,,,,,,,,
1269708,2021,2021-08-31,"Warner Park, Basseterre, St Kitts",1,12.4,Trinbago Knight Riders,St Lucia Kings,TL Seifert,KA Pollard,Wahab Riaz,0,0,,,,,,,,,
1269708,2021,2021-08-31,"Warner Park, Basseterre, St Kitts",1,12.5,Trinbago Knight Riders,St Lucia Kings,TL Seifert,KA Pollard,Wahab Riaz,0,0,,,,,,,,,
1269708,2021,2021-08-31,"Warner Park, Basseterre, St Kitts",1,12.6,Trinbago Knight Riders,St Lucia Kings,TL Seifert,KA Pollard,Wahab Riaz,0,0,,,,,,,,,
1269708,2021,2021-08-31,"Warner Park, Basseterre, St Kitts",1,13.1,Trinbago Knight Riders,St Lucia Kings,KA Pollard,TL Seifert,KOK Williams,1,0,,,,,,,,,
1269708,2021,2021-08-31,"Warner Park, Basseterre, St Kitts",1,13.2,Trinbago Knight Riders,St Lucia Kings,TL Seifert,KA Pollard,KOK Williams,0,0,,,,,,,,,
1269708,2021,2021-08-31,"Warner Park, Basseterre, St Kitts",1,13.3,Trinbago Knight Riders,St Lucia Kings,TL Seifert,KA Pollard,KOK Williams,1,0,,,,,,,,,
1269708,2021,2021-08-31,"Warner Park, Basseterre, St Kitts",1,13.4,Trinbago Knight Riders,St Lucia Kings,KA Pollard,TL Seifert,KOK Williams,1,0,,,,,,,,,
1269708,2021,2021-08-31,"Warner Park, Basseterre, St Kitts",1,13.5,Trinbago Knight Riders,St Lucia Kings,TL Seifert,KA Pollard,KOK Williams,0,0,,,,,,,,,
1269708,2021,2021-08-31,"Warner Park, Basseterre, St Kitts",1,13.6,Trinbago Knight Riders,St Lucia Kings,TL Seifert,KA Pollard,KOK Williams,1,0,,,,,,,,,
1269708,2021,2021-08-31,"Warner Park, Basseterre, St Kitts",1,14.1,Trinbago Knight Riders,St Lucia Kings,TL Seifert,KA Pollard,KMA Paul,0,0,,,,,,,,,
1269708,2021,2021-08-31,"Warner Park, Basseterre, St Kitts",1,14.2,Trinbago Knight Riders,St Lucia Kings,TL Seifert,KA Pollard,KMA Paul,1,0,,,,,,,,,
1269708,2021,2021-08-31,"Warner Park, Basseterre, St Kitts",1,14.3,Trinbago Knight Riders,St Lucia Kings,KA Pollard,TL Seifert,KMA Paul,4,0,,,,,,,,,
1269708,2021,2021-08-31,"Warner Park, Basseterre, St Kitts",1,14.4,Trinbago Knight Riders,St Lucia Kings,KA Pollard,TL Seifert,KMA Paul,0,0,,,,,,,,,
1269708,2021,2021-08-31,"Warner Park, Basseterre, St Kitts",1,14.5,Trinbago Knight Riders,St Lucia Kings,KA Pollard,TL Seifert,KMA Paul,4,0,,,,,,,,,
1269708,2021,2021-08-31,"Warner Park, Basseterre, St Kitts",1,14.6,Trinbago Knight Riders,St Lucia Kings,KA Pollard,TL Seifert,KMA Paul,1,0,,,,,,,,,
1269708,2021,2021-08-31,"Warner Park, Basseterre, St Kitts",1,15.1,Trinbago Knight Riders,St Lucia Kings,KA Pollard,TL Seifert,RL Chase,1,0,,,,,,,,,
1269708,2021,2021-08-31,"Warner Park, Basseterre, St Kitts",1,15.2,Trinbago Knight Riders,St Lucia Kings,TL Seifert,KA Pollard,RL Chase,1,0,,,,,,,,,
1269708,2021,2021-08-31,"Warner Park, Basseterre, St Kitts",1,15.3,Trinbago Knight Riders,St Lucia Kings,KA Pollard,TL Seifert,RL Chase,1,0,,,,,,,,,
1269708,2021,2021-08-31,"Warner Park, Basseterre, St Kitts",1,15.4,Trinbago Knight Riders,St Lucia Kings,TL Seifert,KA Pollard,RL Chase,6,0,,,,,,,,,
1269708,2021,2021-08-31,"Warner Park, Basseterre, St Kitts",1,15.5,Trinbago Knight Riders,St Lucia Kings,TL Seifert,KA Pollard,RL Chase,1,0,,,,,,,,,
1269708,2021,2021-08-31,"Warner Park, Basseterre, St Kitts",1,15.6,Trinbago Knight Riders,St Lucia Kings,KA Pollard,TL Seifert,RL Chase,1,0,,,,,,,,,
1269708,2021,2021-08-31,"Warner Park, Basseterre, St Kitts",1,16.1,Trinbago Knight Riders,St Lucia Kings,KA Pollard,TL Seifert,AS Joseph,0,0,,,,,,,,,
1269708,2021,2021-08-31,"Warner Park, Basseterre, St Kitts",1,16.2,Trinbago Knight Riders,St Lucia Kings,KA Pollard,TL Seifert,AS Joseph,1,0,,,,,,,,,
1269708,2021,2021-08-31,"Warner Park, Basseterre, St Kitts",1,16.3,Trinbago Knight Riders,St Lucia Kings,TL Seifert,KA Pollard,AS Joseph,0,0,,,,,,,,,
1269708,2021,2021-08-31,"Warner Park, Basseterre, St Kitts",1,16.4,Trinbago Knight Riders,St Lucia Kings,TL Seifert,KA Pollard,AS Joseph,6,0,,,,,,,,,
1269708,2021,2021-08-31,"Warner Park, Basseterre, St Kitts",1,16.5,Trinbago Knight Riders,St Lucia Kings,TL Seifert,KA Pollard,AS Joseph,0,0,,,,,,,,,
1269708,2021,2021-08-31,"Warner Park, Basseterre, St Kitts",1,16.6,Trinbago Knight Riders,St Lucia Kings,TL Seifert,KA Pollard,AS Joseph,2,0,,,,,,,,,
1269708,2021,2021-08-31,"Warner Park, Basseterre, St Kitts",1,17.1,Trinbago Knight Riders,St Lucia Kings,KA Pollard,TL Seifert,KMA Paul,4,0,,,,,,,,,
1269708,2021,2021-08-31,"Warner Park, Basseterre, St Kitts",1,17.2,Trinbago Knight Riders,St Lucia Kings,KA Pollard,TL Seifert,KMA Paul,4,0,,,,,,,,,
1269708,2021,2021-08-31,"Warner Park, Basseterre, St Kitts",1,17.3,Trinbago Knight Riders,St Lucia Kings,KA Pollard,TL Seifert,KMA Paul,0,1,1,,,,,,,,
1269708,2021,2021-08-31,"Warner Park, Basseterre, St Kitts",1,17.4,Trinbago Knight Riders,St Lucia Kings,KA Pollard,TL Seifert,KMA Paul,0,0,,,,,,,,,
1269708,2021,2021-08-31,"Warner Park, Basseterre, St Kitts",1,17.5,Trinbago Knight Riders,St Lucia Kings,KA Pollard,TL Seifert,KMA Paul,1,0,,,,,,,,,
1269708,2021,2021-08-31,"Warner Park, Basseterre, St Kitts",1,17.6,Trinbago Knight Riders,St Lucia Kings,TL Seifert,KA Pollard,KMA Paul,4,0,,,,,,,,,
1269708,2021,2021-08-31,"Warner Park, Basseterre, St Kitts",1,17.7,Trinbago Knight Riders,St Lucia Kings,TL Seifert,KA Pollard,KMA Paul,0,0,,,,,,,,,
1269708,2021,2021-08-31,"Warner Park, Basseterre, St Kitts",1,18.1,Trinbago Knight Riders,St Lucia Kings,KA Pollard,TL Seifert,Wahab Riaz,6,0,,,,,,,,,
1269708,2021,2021-08-31,"Warner Park, Basseterre, St Kitts",1,18.2,Trinbago Knight Riders,St Lucia Kings,KA Pollard,TL Seifert,Wahab Riaz,0,1,1,,,,,,,,
1269708,2021,2021-08-31,"Warner Park, Basseterre, St Kitts",1,18.3,Trinbago Knight Riders,St Lucia Kings,KA Pollard,TL Seifert,Wahab Riaz,0,1,1,,,,,,,,
1269708,2021,2021-08-31,"Warner Park, Basseterre, St Kitts",1,18.4,Trinbago Knight Riders,St Lucia Kings,KA Pollard,TL Seifert,Wahab Riaz,0,1,1,,,,,,,,
1269708,2021,2021-08-31,"Warner Park, Basseterre, St Kitts",1,18.5,Trinbago Knight Riders,St Lucia Kings,KA Pollard,TL Seifert,Wahab Riaz,4,0,,,,,,,,,
1269708,2021,2021-08-31,"Warner Park, Basseterre, St Kitts",1,18.6,Trinbago Knight Riders,St Lucia Kings,KA Pollard,TL Seifert,Wahab Riaz,4,0,,,,,,,,,
1269708,2021,2021-08-31,"Warner Park, Basseterre, St Kitts",1,18.7,Trinbago Knight Riders,St Lucia Kings,KA Pollard,TL Seifert,Wahab Riaz,1,0,,,,,,,,,
1269708,2021,2021-08-31,"Warner Park, Basseterre, St Kitts",1,18.8,Trinbago Knight Riders,St Lucia Kings,TL Seifert,KA Pollard,Wahab Riaz,0,1,1,,,,,,,,
1269708,2021,2021-08-31,"Warner Park, Basseterre, St Kitts",1,18.9,Trinbago Knight Riders,St Lucia Kings,TL Seifert,KA Pollard,Wahab Riaz,0,0,,,,,,,,,
1269708,2021,2021-08-31,"Warner Park, Basseterre, St Kitts",1,18.10,Trinbago Knight Riders,St Lucia Kings,TL Seifert,KA Pollard,Wahab Riaz,2,0,,,,,,,,,
1269708,2021,2021-08-31,"Warner Park, Basseterre, St Kitts",1,19.1,Trinbago Knight Riders,St Lucia Kings,KA Pollard,TL Seifert,KOK Williams,0,0,,,,,,caught,KA Pollard,,
1269708,2021,2021-08-31,"Warner Park, Basseterre, St Kitts",1,19.2,Trinbago Knight Riders,St Lucia Kings,TL Seifert,AJ Hosein,KOK Williams,4,0,,,,,,,,,
1269708,2021,2021-08-31,"Warner Park, Basseterre, St Kitts",1,19.3,Trinbago Knight Riders,St Lucia Kings,TL Seifert,AJ Hosein,KOK Williams,0,0,,,,,,caught,TL Seifert,,
1269708,2021,2021-08-31,"Warner Park, Basseterre, St Kitts",1,19.4,Trinbago Knight Riders,St Lucia Kings,D Ramdin,AJ Hosein,KOK Williams,2,0,,,,,,,,,
1269708,2021,2021-08-31,"Warner Park, Basseterre, St Kitts",1,19.5,Trinbago Knight Riders,St Lucia Kings,D Ramdin,AJ Hosein,KOK Williams,6,0,,,,,,,,,
1269708,2021,2021-08-31,"Warner Park, Basseterre, St Kitts",1,19.6,Trinbago Knight Riders,St Lucia Kings,D Ramdin,AJ Hosein,KOK Williams,0,0,,,,,,lbw,D Ramdin,,
1269708,2021,2021-08-31,"Warner Park, Basseterre, St Kitts",2,0.1,St Lucia Kings,Trinbago Knight Riders,RRS Cornwall,ADS Fletcher,JNT Seales,2,0,,,,,,,,,
1269708,2021,2021-08-31,"Warner Park, Basseterre, St Kitts",2,0.2,St Lucia Kings,Trinbago Knight Riders,RRS Cornwall,ADS Fletcher,JNT Seales,1,0,,,,,,,,,
1269708,2021,2021-08-31,"Warner Park, Basseterre, St Kitts",2,0.3,St Lucia Kings,Trinbago Knight Riders,ADS Fletcher,RRS Cornwall,JNT Seales,1,0,,,,,,,,,
1269708,2021,2021-08-31,"Warner Park, Basseterre, St Kitts",2,0.4,St Lucia Kings,Trinbago Knight Riders,RRS Cornwall,ADS Fletcher,JNT Seales,0,0,,,,,,,,,
1269708,2021,2021-08-31,"Warner Park, Basseterre, St Kitts",2,0.5,St Lucia Kings,Trinbago Knight Riders,RRS Cornwall,ADS Fletcher,JNT Seales,0,0,,,,,,,,,
1269708,2021,2021-08-31,"Warner Park, Basseterre, St Kitts",2,0.6,St Lucia Kings,Trinbago Knight Riders,RRS Cornwall,ADS Fletcher,JNT Seales,0,0,,,,,,,,,
1269708,2021,2021-08-31,"Warner Park, Basseterre, St Kitts",2,1.1,St Lucia Kings,Trinbago Knight Riders,ADS Fletcher,RRS Cornwall,R Rampaul,1,0,,,,,,,,,
1269708,2021,2021-08-31,"Warner Park, Basseterre, St Kitts",2,1.2,St Lucia Kings,Trinbago Knight Riders,RRS Cornwall,ADS Fletcher,R Rampaul,4,0,,,,,,,,,
1269708,2021,2021-08-31,"Warner Park, Basseterre, St Kitts",2,1.3,St Lucia Kings,Trinbago Knight Riders,RRS Cornwall,ADS Fletcher,R Rampaul,1,0,,,,,,,,,
1269708,2021,2021-08-31,"Warner Park, Basseterre, St Kitts",2,1.4,St Lucia Kings,Trinbago Knight Riders,ADS Fletcher,RRS Cornwall,R Rampaul,0,0,,,,,,,,,
1269708,2021,2021-08-31,"Warner Park, Basseterre, St Kitts",2,1.5,St Lucia Kings,Trinbago Knight Riders,ADS Fletcher,RRS Cornwall,R Rampaul,0,0,,,,,,,,,
1269708,2021,2021-08-31,"Warner Park, Basseterre, St Kitts",2,1.6,St Lucia Kings,Trinbago Knight Riders,ADS Fletcher,RRS Cornwall,R Rampaul,4,0,,,,,,,,,
1269708,2021,2021-08-31,"Warner Park, Basseterre, St Kitts",2,2.1,St Lucia Kings,Trinbago Knight Riders,RRS Cornwall,ADS Fletcher,I Udana,0,0,,,,,,bowled,RRS Cornwall,,
1269708,2021,2021-08-31,"Warner Park, Basseterre, St Kitts",2,2.2,St Lucia Kings,Trinbago Knight Riders,F du Plessis,ADS Fletcher,I Udana,0,1,1,,,,,,,,
1269708,2021,2021-08-31,"Warner Park, Basseterre, St Kitts",2,2.3,St Lucia Kings,Trinbago Knight Riders,F du Plessis,ADS Fletcher,I Udana,0,0,,,,,,,,,
1269708,2021,2021-08-31,"Warner Park, Basseterre, St Kitts",2,2.4,St Lucia Kings,Trinbago Knight Riders,F du Plessis,ADS Fletcher,I Udana,0,0,,,,,,,,,
1269708,2021,2021-08-31,"Warner Park, Basseterre, St Kitts",2,2.5,St Lucia Kings,Trinbago Knight Riders,F du Plessis,ADS Fletcher,I Udana,2,0,,,,,,,,,
1269708,2021,2021-08-31,"Warner Park, Basseterre, St Kitts",2,2.6,St Lucia Kings,Trinbago Knight Riders,F du Plessis,ADS Fletcher,I Udana,4,0,,,,,,,,,
1269708,2021,2021-08-31,"Warner Park, Basseterre, St Kitts",2,2.7,St Lucia Kings,Trinbago Knight Riders,F du Plessis,ADS Fletcher,I Udana,0,0,,,,,,,,,
1269708,2021,2021-08-31,"Warner Park, Basseterre, St Kitts",2,3.1,St Lucia Kings,Trinbago Knight Riders,ADS Fletcher,F du Plessis,JNT Seales,2,0,,,,,,,,,
1269708,2021,2021-08-31,"Warner Park, Basseterre, St Kitts",2,3.2,St Lucia Kings,Trinbago Knight Riders,ADS Fletcher,F du Plessis,JNT Seales,0,0,,,,,,,,,
1269708,2021,2021-08-31,"Warner Park, Basseterre, St Kitts",2,3.3,St Lucia Kings,Trinbago Knight Riders,ADS Fletcher,F du Plessis,JNT Seales,0,1,1,,,,,,,,
1269708,2021,2021-08-31,"Warner Park, Basseterre, St Kitts",2,3.4,St Lucia Kings,Trinbago Knight Riders,ADS Fletcher,F du Plessis,JNT Seales,1,0,,,,,,,,,
1269708,2021,2021-08-31,"Warner Park, Basseterre, St Kitts",2,3.5,St Lucia Kings,Trinbago Knight Riders,F du Plessis,ADS Fletcher,JNT Seales,0,1,,,,1,,,,,
1269708,2021,2021-08-31,"Warner Park, Basseterre, St Kitts",2,3.6,St Lucia Kings,Trinbago Knight Riders,ADS Fletcher,F du Plessis,JNT Seales,0,0,,,,,,,,,
1269708,2021,2021-08-31,"Warner Park, Basseterre, St Kitts",2,3.7,St Lucia Kings,Trinbago Knight Riders,ADS Fletcher,F du Plessis,JNT Seales,0,1,1,,,,,,,,
1269708,2021,2021-08-31,"Warner Park, Basseterre, St Kitts",2,3.8,St Lucia Kings,Trinbago Knight Riders,ADS Fletcher,F du Plessis,JNT Seales,1,0,,,,,,,,,
1269708,2021,2021-08-31,"Warner Park, Basseterre, St Kitts",2,4.1,St Lucia Kings,Trinbago Knight Riders,ADS Fletcher,F du Plessis,I Udana,6,0,,,,,,,,,
1269708,2021,2021-08-31,"Warner Park, Basseterre, St Kitts",2,4.2,St Lucia Kings,Trinbago Knight Riders,ADS Fletcher,F du Plessis,I Udana,0,0,,,,,,,,,
1269708,2021,2021-08-31,"Warner Park, Basseterre, St Kitts",2,4.3,St Lucia Kings,Trinbago Knight Riders,ADS Fletcher,F du Plessis,I Udana,4,0,,,,,,,,,
1269708,2021,2021-08-31,"Warner Park, Basseterre, St Kitts",2,4.4,St Lucia Kings,Trinbago Knight Riders,ADS Fletcher,F du Plessis,I Udana,1,0,,,,,,,,,
1269708,2021,2021-08-31,"Warner Park, Basseterre, St Kitts",2,4.5,St Lucia Kings,Trinbago Knight Riders,F du Plessis,ADS Fletcher,I Udana,1,0,,,,,,,,,
1269708,2021,2021-08-31,"Warner Park, Basseterre, St Kitts",2,4.6,St Lucia Kings,Trinbago Knight Riders,ADS Fletcher,F du Plessis,I Udana,0,0,,,,,,,,,
1269708,2021,2021-08-31,"Warner Park, Basseterre, St Kitts",2,5.1,St Lucia Kings,Trinbago Knight Riders,F du Plessis,ADS Fletcher,SP Narine,0,0,,,,,,,,,
1269708,2021,2021-08-31,"Warner Park, Basseterre, St Kitts",2,5.2,St Lucia Kings,Trinbago Knight Riders,F du Plessis,ADS Fletcher,SP Narine,0,0,,,,,,,,,
1269708,2021,2021-08-31,"Warner Park, Basseterre, St Kitts",2,5.3,St Lucia Kings,Trinbago Knight Riders,F du Plessis,ADS Fletcher,SP Narine,1,0,,,,,,,,,
1269708,2021,2021-08-31,"Warner Park, Basseterre, St Kitts",2,5.4,St Lucia Kings,Trinbago Knight Riders,ADS Fletcher,F du Plessis,SP Narine,2,0,,,,,,,,,
1269708,2021,2021-08-31,"Warner Park, Basseterre, St Kitts",2,5.5,St Lucia Kings,Trinbago Knight Riders,ADS Fletcher,F du Plessis,SP Narine,0,0,,,,,,,,,
1269708,2021,2021-08-31,"Warner Park, Basseterre, St Kitts",2,5.6,St Lucia Kings,Trinbago Knight Riders,ADS Fletcher,F du Plessis,SP Narine,2,0,,,,,,,,,
1269708,2021,2021-08-31,"Warner Park, Basseterre, St Kitts",2,6.1,St Lucia Kings,Trinbago Knight Riders,F du Plessis,ADS Fletcher,AJ Hosein,1,0,,,,,,,,,
1269708,2021,2021-08-31,"Warner Park, Basseterre, St Kitts",2,6.2,St Lucia Kings,Trinbago Knight Riders,ADS Fletcher,F du Plessis,AJ Hosein,1,0,,,,,,,,,
1269708,2021,2021-08-31,"Warner Park, Basseterre, St Kitts",2,6.3,St Lucia Kings,Trinbago Knight Riders,F du Plessis,ADS Fletcher,AJ Hosein,0,0,,,,,,,,,
1269708,2021,2021-08-31,"Warner Park, Basseterre, St Kitts",2,6.4,St Lucia Kings,Trinbago Knight Riders,F du Plessis,ADS Fletcher,AJ Hosein,0,0,,,,,,,,,
1269708,2021,2021-08-31,"Warner Park, Basseterre, St Kitts",2,6.5,St Lucia Kings,Trinbago Knight Riders,F du Plessis,ADS Fletcher,AJ Hosein,1,0,,,,,,,,,
1269708,2021,2021-08-31,"Warner Park, Basseterre, St Kitts",2,6.6,St Lucia Kings,Trinbago Knight Riders,ADS Fletcher,F du Plessis,AJ Hosein,0,0,,,,,,,,,
1269708,2021,2021-08-31,"Warner Park, Basseterre, St Kitts",2,7.1,St Lucia Kings,Trinbago Knight Riders,F du Plessis,ADS Fletcher,SP Narine,0,0,,,,,,,,,
1269708,2021,2021-08-31,"Warner Park, Basseterre, St Kitts",2,7.2,St Lucia Kings,Trinbago Knight Riders,F du Plessis,ADS Fletcher,SP Narine,0,0,,,,,,,,,
1269708,2021,2021-08-31,"Warner Park, Basseterre, St Kitts",2,7.3,St Lucia Kings,Trinbago Knight Riders,F du Plessis,ADS Fletcher,SP Narine,1,0,,,,,,,,,
1269708,2021,2021-08-31,"Warner Park, Basseterre, St Kitts",2,7.4,St Lucia Kings,Trinbago Knight Riders,ADS Fletcher,F du Plessis,SP Narine,1,0,,,,,,,,,
1269708,2021,2021-08-31,"Warner Park, Basseterre, St Kitts",2,7.5,St Lucia Kings,Trinbago Knight Riders,F du Plessis,ADS Fletcher,SP Narine,1,0,,,,,,,,,
1269708,2021,2021-08-31,"Warner Park, Basseterre, St Kitts",2,7.6,St Lucia Kings,Trinbago Knight Riders,ADS Fletcher,F du Plessis,SP Narine,0,0,,,,,,,,,
1269708,2021,2021-08-31,"Warner Park, Basseterre, St Kitts",2,8.1,St Lucia Kings,Trinbago Knight Riders,F du Plessis,ADS Fletcher,AJ Hosein,0,0,,,,,,,,,
1269708,2021,2021-08-31,"Warner Park, Basseterre, St Kitts",2,8.2,St Lucia Kings,Trinbago Knight Riders,F du Plessis,ADS Fletcher,AJ Hosein,1,0,,,,,,,,,
1269708,2021,2021-08-31,"Warner Park, Basseterre, St Kitts",2,8.3,St Lucia Kings,Trinbago Knight Riders,ADS Fletcher,F du Plessis,AJ Hosein,0,0,,,,,,,,,
1269708,2021,2021-08-31,"Warner Park, Basseterre, St Kitts",2,8.4,St Lucia Kings,Trinbago Knight Riders,ADS Fletcher,F du Plessis,AJ Hosein,1,0,,,,,,,,,
1269708,2021,2021-08-31,"Warner Park, Basseterre, St Kitts",2,8.5,St Lucia Kings,Trinbago Knight Riders,F du Plessis,ADS Fletcher,AJ Hosein,1,0,,,,,,,,,
1269708,2021,2021-08-31,"Warner Park, Basseterre, St Kitts",2,8.6,St Lucia Kings,Trinbago Knight Riders,ADS Fletcher,F du Plessis,AJ Hosein,0,0,,,,,,,,,
1269708,2021,2021-08-31,"Warner Park, Basseterre, St Kitts",2,9.1,St Lucia Kings,Trinbago Knight Riders,F du Plessis,ADS Fletcher,SP Narine,0,0,,,,,,,,,
1269708,2021,2021-08-31,"Warner Park, Basseterre, St Kitts",2,9.2,St Lucia Kings,Trinbago Knight Riders,F du Plessis,ADS Fletcher,SP Narine,0,0,,,,,,,,,
1269708,2021,2021-08-31,"Warner Park, Basseterre, St Kitts",2,9.3,St Lucia Kings,Trinbago Knight Riders,F du Plessis,ADS Fletcher,SP Narine,0,0,,,,,,caught,F du Plessis,,
1269708,2021,2021-08-31,"Warner Park, Basseterre, St Kitts",2,9.4,St Lucia Kings,Trinbago Knight Riders,RL Chase,ADS Fletcher,SP Narine,0,0,,,,,,,,,
1269708,2021,2021-08-31,"Warner Park, Basseterre, St Kitts",2,9.5,St Lucia Kings,Trinbago Knight Riders,RL Chase,ADS Fletcher,SP Narine,0,0,,,,,,,,,
1269708,2021,2021-08-31,"Warner Park, Basseterre, St Kitts",2,9.6,St Lucia Kings,Trinbago Knight Riders,RL Chase,ADS Fletcher,SP Narine,0,0,,,,,,,,,
1269708,2021,2021-08-31,"Warner Park, Basseterre, St Kitts",2,10.1,St Lucia Kings,Trinbago Knight Riders,ADS Fletcher,RL Chase,AJ Hosein,0,0,,,,,,,,,
1269708,2021,2021-08-31,"Warner Park, Basseterre, St Kitts",2,10.2,St Lucia Kings,Trinbago Knight Riders,ADS Fletcher,RL Chase,AJ Hosein,0,0,,,,,,,,,
1269708,2021,2021-08-31,"Warner Park, Basseterre, St Kitts",2,10.3,St Lucia Kings,Trinbago Knight Riders,ADS Fletcher,RL Chase,AJ Hosein,0,0,,,,,,,,,
1269708,2021,2021-08-31,"Warner Park, Basseterre, St Kitts",2,10.4,St Lucia Kings,Trinbago Knight Riders,ADS Fletcher,RL Chase,AJ Hosein,1,0,,,,,,,,,
1269708,2021,2021-08-31,"Warner Park, Basseterre, St Kitts",2,10.5,St Lucia Kings,Trinbago Knight Riders,RL Chase,ADS Fletcher,AJ Hosein,0,0,,,,,,,,,
1269708,2021,2021-08-31,"Warner Park, Basseterre, St Kitts",2,10.6,St Lucia Kings,Trinbago Knight Riders,RL Chase,ADS Fletcher,AJ Hosein,0,0,,,,,,caught,RL Chase,,
1269708,2021,2021-08-31,"Warner Park, Basseterre, St Kitts",2,11.1,St Lucia Kings,Trinbago Knight Riders,ADS Fletcher,M Deyal,KA Pollard,2,0,,,,,,,,,
1269708,2021,2021-08-31,"Warner Park, Basseterre, St Kitts",2,11.2,St Lucia Kings,Trinbago Knight Riders,ADS Fletcher,M Deyal,KA Pollard,1,0,,,,,,,,,
1269708,2021,2021-08-31,"Warner Park, Basseterre, St Kitts",2,11.3,St Lucia Kings,Trinbago Knight Riders,M Deyal,ADS Fletcher,KA Pollard,0,0,,,,,,,,,
1269708,2021,2021-08-31,"Warner Park, Basseterre, St Kitts",2,11.4,St Lucia Kings,Trinbago Knight Riders,M Deyal,ADS Fletcher,KA Pollard,4,0,,,,,,,,,
1269708,2021,2021-08-31,"Warner Park, Basseterre, St Kitts",2,11.5,St Lucia Kings,Trinbago Knight Riders,M Deyal,ADS Fletcher,KA Pollard,1,0,,,,,,,,,
1269708,2021,2021-08-31,"Warner Park, Basseterre, St Kitts",2,11.6,St Lucia Kings,Trinbago Knight Riders,ADS Fletcher,M Deyal,KA Pollard,1,0,,,,,,,,,
1269708,2021,2021-08-31,"Warner Park, Basseterre, St Kitts",2,12.1,St Lucia Kings,Trinbago Knight Riders,ADS Fletcher,M Deyal,AJ Hosein,1,0,,,,,,,,,
1269708,2021,2021-08-31,"Warner Park, Basseterre, St Kitts",2,12.2,St Lucia Kings,Trinbago Knight Riders,M Deyal,ADS Fletcher,AJ Hosein,2,0,,,,,,,,,
1269708,2021,2021-08-31,"Warner Park, Basseterre, St Kitts",2,12.3,St Lucia Kings,Trinbago Knight Riders,M Deyal,ADS Fletcher,AJ Hosein,1,0,,,,,,,,,
1269708,2021,2021-08-31,"Warner Park, Basseterre, St Kitts",2,12.4,St Lucia Kings,Trinbago Knight Riders,ADS Fletcher,M Deyal,AJ Hosein,1,0,,,,,,,,,
1269708,2021,2021-08-31,"Warner Park, Basseterre, St Kitts",2,12.5,St Lucia Kings,Trinbago Knight Riders,M Deyal,ADS Fletcher,AJ Hosein,0,0,,,,,,,,,
1269708,2021,2021-08-31,"Warner Park, Basseterre, St Kitts",2,12.6,St Lucia Kings,Trinbago Knight Riders,M Deyal,ADS Fletcher,AJ Hosein,0,0,,,,,,,,,
1269708,2021,2021-08-31,"Warner Park, Basseterre, St Kitts",2,13.1,St Lucia Kings,Trinbago Knight Riders,ADS Fletcher,M Deyal,SP Narine,0,0,,,,,,,,,
1269708,2021,2021-08-31,"Warner Park, Basseterre, St Kitts",2,13.2,St Lucia Kings,Trinbago Knight Riders,ADS Fletcher,M Deyal,SP Narine,1,0,,,,,,,,,
1269708,2021,2021-08-31,"Warner Park, Basseterre, St Kitts",2,13.3,St Lucia Kings,Trinbago Knight Riders,M Deyal,ADS Fletcher,SP Narine,4,0,,,,,,,,,
1269708,2021,2021-08-31,"Warner Park, Basseterre, St Kitts",2,13.4,St Lucia Kings,Trinbago Knight Riders,M Deyal,ADS Fletcher,SP Narine,1,0,,,,,,,,,
1269708,2021,2021-08-31,"Warner Park, Basseterre, St Kitts",2,13.5,St Lucia Kings,Trinbago Knight Riders,ADS Fletcher,M Deyal,SP Narine,1,0,,,,,,,,,
1269708,2021,2021-08-31,"Warner Park, Basseterre, St Kitts",2,13.6,St Lucia Kings,Trinbago Knight Riders,M Deyal,ADS Fletcher,SP Narine,1,0,,,,,,,,,
1269708,2021,2021-08-31,"Warner Park, Basseterre, St Kitts",2,14.1,St Lucia Kings,Trinbago Knight Riders,M Deyal,ADS Fletcher,R Rampaul,0,0,,,,,,bowled,M Deyal,,
1269708,2021,2021-08-31,"Warner Park, Basseterre, St Kitts",2,14.2,St Lucia Kings,Trinbago Knight Riders,TH David,ADS Fletcher,R Rampaul,0,0,,,,,,caught,TH David,,
1269708,2021,2021-08-31,"Warner Park, Basseterre, St Kitts",2,14.3,St Lucia Kings,Trinbago Knight Riders,SR Patel,ADS Fletcher,R Rampaul,0,0,,,,,,,,,
1269708,2021,2021-08-31,"Warner Park, Basseterre, St Kitts",2,14.4,St Lucia Kings,Trinbago Knight Riders,SR Patel,ADS Fletcher,R Rampaul,1,0,,,,,,,,,
1269708,2021,2021-08-31,"Warner Park, Basseterre, St Kitts",2,14.5,St Lucia Kings,Trinbago Knight Riders,ADS Fletcher,SR Patel,R Rampaul,1,0,,,,,,,,,
1269708,2021,2021-08-31,"Warner Park, Basseterre, St Kitts",2,14.6,St Lucia Kings,Trinbago Knight Riders,SR Patel,ADS Fletcher,R Rampaul,1,0,,,,,,,,,
1269708,2021,2021-08-31,"Warner Park, Basseterre, St Kitts",2,15.1,St Lucia Kings,Trinbago Knight Riders,SR Patel,ADS Fletcher,JNT Seales,0,0,,,,,,,,,
1269708,2021,2021-08-31,"Warner Park, Basseterre, St Kitts",2,15.2,St Lucia Kings,Trinbago Knight Riders,SR Patel,ADS Fletcher,JNT Seales,1,0,,,,,,,,,
1269708,2021,2021-08-31,"Warner Park, Basseterre, St Kitts",2,15.3,St Lucia Kings,Trinbago Knight Riders,ADS Fletcher,SR Patel,JNT Seales,6,0,,,,,,,,,
1269708,2021,2021-08-31,"Warner Park, Basseterre, St Kitts",2,15.4,St Lucia Kings,Trinbago Knight Riders,ADS Fletcher,SR Patel,JNT Seales,4,0,,,,,,,,,
1269708,2021,2021-08-31,"Warner Park, Basseterre, St Kitts",2,15.5,St Lucia Kings,Trinbago Knight Riders,ADS Fletcher,SR Patel,JNT Seales,2,0,,,,,,,,,
1269708,2021,2021-08-31,"Warner Park, Basseterre, St Kitts",2,15.6,St Lucia Kings,Trinbago Knight Riders,ADS Fletcher,SR Patel,JNT Seales,4,0,,,,,,,,,
1269708,2021,2021-08-31,"Warner Park, Basseterre, St Kitts",2,16.1,St Lucia Kings,Trinbago Knight Riders,SR Patel,ADS Fletcher,R Rampaul,0,1,1,,,,,,,,
1269708,2021,2021-08-31,"Warner Park, Basseterre, St Kitts",2,16.2,St Lucia Kings,Trinbago Knight Riders,SR Patel,ADS Fletcher,R Rampaul,0,0,,,,,,,,,
1269708,2021,2021-08-31,"Warner Park, Basseterre, St Kitts",2,16.3,St Lucia Kings,Trinbago Knight Riders,SR Patel,ADS Fletcher,R Rampaul,0,0,,,,,,caught,SR Patel,,
1269708,2021,2021-08-31,"Warner Park, Basseterre, St Kitts",2,16.4,St Lucia Kings,Trinbago Knight Riders,ADS Fletcher,KMA Paul,R Rampaul,0,0,,,,,,,,,
1269708,2021,2021-08-31,"Warner Park, Basseterre, St Kitts",2,16.5,St Lucia Kings,Trinbago Knight Riders,ADS Fletcher,KMA Paul,R Rampaul,0,0,,,,,,,,,
1269708,2021,2021-08-31,"Warner Park, Basseterre, St Kitts",2,16.6,St Lucia Kings,Trinbago Knight Riders,ADS Fletcher,KMA Paul,R Rampaul,2,0,,,,,,,,,
1269708,2021,2021-08-31,"Warner Park, Basseterre, St Kitts",2,16.7,St Lucia Kings,Trinbago Knight Riders,ADS Fletcher,KMA Paul,R Rampaul,4,0,,,,,,,,,
1269708,2021,2021-08-31,"Warner Park, Basseterre, St Kitts",2,17.1,St Lucia Kings,Trinbago Knight Riders,KMA Paul,ADS Fletcher,I Udana,0,0,,,,,,,,,
1269708,2021,2021-08-31,"Warner Park, Basseterre, St Kitts",2,17.2,St Lucia Kings,Trinbago Knight Riders,KMA Paul,ADS Fletcher,I Udana,0,0,,,,,,,,,
1269708,2021,2021-08-31,"Warner Park, Basseterre, St Kitts",2,17.3,St Lucia Kings,Trinbago Knight Riders,KMA Paul,ADS Fletcher,I Udana,0,0,,,,,,caught,KMA Paul,,
1269708,2021,2021-08-31,"Warner Park, Basseterre, St Kitts",2,17.4,St Lucia Kings,Trinbago Knight Riders,ADS Fletcher,AS Joseph,I Udana,0,0,,,,,,,,,
1269708,2021,2021-08-31,"Warner Park, Basseterre, St Kitts",2,17.5,St Lucia Kings,Trinbago Knight Riders,ADS Fletcher,AS Joseph,I Udana,2,0,,,,,,,,,
1269708,2021,2021-08-31,"Warner Park, Basseterre, St Kitts",2,17.6,St Lucia Kings,Trinbago Knight Riders,ADS Fletcher,AS Joseph,I Udana,0,0,,,,,,,,,
1269708,2021,2021-08-31,"Warner Park, Basseterre, St Kitts",2,18.1,St Lucia Kings,Trinbago Knight Riders,AS Joseph,ADS Fletcher,R Rampaul,1,0,,,,,,,,,
1269708,2021,2021-08-31,"Warner Park, Basseterre, St Kitts",2,18.2,St Lucia Kings,Trinbago Knight Riders,ADS Fletcher,AS Joseph,R Rampaul,1,0,,,,,,,,,
1269708,2021,2021-08-31,"Warner Park, Basseterre, St Kitts",2,18.3,St Lucia Kings,Trinbago Knight Riders,AS Joseph,ADS Fletcher,R Rampaul,0,0,,,,,,,,,
1269708,2021,2021-08-31,"Warner Park, Basseterre, St Kitts",2,18.4,St Lucia Kings,Trinbago Knight Riders,AS Joseph,ADS Fletcher,R Rampaul,0,1,1,,,,,,,,
1269708,2021,2021-08-31,"Warner Park, Basseterre, St Kitts",2,18.5,St Lucia Kings,Trinbago Knight Riders,AS Joseph,ADS Fletcher,R Rampaul,1,0,,,,,,,,,
1269708,2021,2021-08-31,"Warner Park, Basseterre, St Kitts",2,18.6,St Lucia Kings,Trinbago Knight Riders,ADS Fletcher,AS Joseph,R Rampaul,6,0,,,,,,,,,
1269708,2021,2021-08-31,"Warner Park, Basseterre, St Kitts",2,18.7,St Lucia Kings,Trinbago Knight Riders,ADS Fletcher,AS Joseph,R Rampaul,4,0,,,,,,,,,
1269708,2021,2021-08-31,"Warner Park, Basseterre, St Kitts",2,19.1,St Lucia Kings,Trinbago Knight Riders,AS Joseph,ADS Fletcher,I Udana,1,0,,,,,,,,,
1269708,2021,2021-08-31,"Warner Park, Basseterre, St Kitts",2,19.2,St Lucia Kings,Trinbago Knight Riders,ADS Fletcher,AS Joseph,I Udana,1,0,,,,,,,,,
1269708,2021,2021-08-31,"Warner Park, Basseterre, St Kitts",2,19.3,St Lucia Kings,Trinbago Knight Riders,AS Joseph,ADS Fletcher,I Udana,1,0,,,,,,,,,
1269708,2021,2021-08-31,"Warner Park, Basseterre, St Kitts",2,19.4,St Lucia Kings,Trinbago Knight Riders,ADS Fletcher,AS Joseph,I Udana,1,0,,,,,,,,,
1269708,2021,2021-08-31,"Warner Park, Basseterre, St Kitts",2,19.5,St Lucia Kings,Trinbago Knight Riders,AS Joseph,ADS Fletcher,I Udana,1,0,,,,,,,,,
1269708,2021,2021-08-31,"Warner Park, Basseterre, St Kitts",2,19.6,St Lucia Kings,Trinbago Knight Riders,ADS Fletcher,AS Joseph,I Udana,6,0,,,,,,,,,
