match_id,season,start_date,venue,innings,ball,batting_team,bowling_team,striker,non_striker,bowler,runs_off_bat,extras,wides,noballs,byes,legbyes,penalty,wicket_type,player_dismissed,other_wicket_type,other_player_dismissed
1269716,2021,2021-09-05,"Warner Park, Basseterre, St Kitts",1,0.1,St Kitts and Nevis Patriots,St Lucia Kings,E Lewis,DC Thomas,J Royal,0,0,,,,,,,,,
1269716,2021,2021-09-05,"Warner Park, Basseterre, St Kitts",1,0.2,St Kitts and Nevis Patriots,St Lucia Kings,E Lewis,DC Thomas,J Royal,0,0,,,,,,,,,
1269716,2021,2021-09-05,"Warner Park, Basseterre, St Kitts",1,0.3,St Kitts and Nevis Patriots,St Lucia Kings,E Lewis,DC Thomas,J Royal,4,0,,,,,,,,,
1269716,2021,2021-09-05,"Warner Park, Basseterre, St Kitts",1,0.4,St Kitts and Nevis Patriots,St Lucia Kings,E Lewis,DC Thomas,J Royal,3,0,,,,,,,,,
1269716,2021,2021-09-05,"Warner Park, Basseterre, St Kitts",1,0.5,St Kitts and Nevis Patriots,St Lucia Kings,DC Thomas,E Lewis,J Royal,1,0,,,,,,,,,
1269716,2021,2021-09-05,"Warner Park, Basseterre, St Kitts",1,0.6,St Kitts and Nevis Patriots,St Lucia Kings,E Lewis,DC Thomas,J Royal,0,0,,,,,,lbw,E Lewis,,
1269716,2021,2021-09-05,"Warner Park, Basseterre, St Kitts",1,1.1,St Kitts and Nevis Patriots,St Lucia Kings,DC Thomas,CH Gayle,Wahab Riaz,1,0,,,,,,,,,
1269716,2021,2021-09-05,"Warner Park, Basseterre, St Kitts",1,1.2,St Kitts and Nevis Patriots,St Lucia Kings,CH Gayle,DC Thomas,Wahab Riaz,0,0,,,,,,,,,
1269716,2021,2021-09-05,"Warner Park, Basseterre, St Kitts",1,1.3,St Kitts and Nevis Patriots,St Lucia Kings,CH Gayle,DC Thomas,Wahab Riaz,0,0,,,,,,,,,
1269716,2021,2021-09-05,"Warner Park, Basseterre, St Kitts",1,1.4,St Kitts and Nevis Patriots,St Lucia Kings,CH Gayle,DC Thomas,Wahab Riaz,0,0,,,,,,,,,
1269716,2021,2021-09-05,"Warner Park, Basseterre, St Kitts",1,1.5,St Kitts and Nevis Patriots,St Lucia Kings,CH Gayle,DC Thomas,Wahab Riaz,1,0,,,,,,,,,
1269716,2021,2021-09-05,"Warner Park, Basseterre, St Kitts",1,1.6,St Kitts and Nevis Patriots,St Lucia Kings,DC Thomas,CH Gayle,Wahab Riaz,3,0,,,,,,,,,
1269716,2021,2021-09-05,"Warner Park, Basseterre, St Kitts",1,2.1,St Kitts and Nevis Patriots,St Lucia Kings,DC Thomas,CH Gayle,AS Joseph,4,0,,,,,,,,,
1269716,2021,2021-09-05,"Warner Park, Basseterre, St Kitts",1,2.2,St Kitts and Nevis Patriots,St Lucia Kings,DC Thomas,CH Gayle,AS Joseph,4,0,,,,,,,,,
1269716,2021,2021-09-05,"Warner Park, Basseterre, St Kitts",1,2.3,St Kitts and Nevis Patriots,St Lucia Kings,DC Thomas,CH Gayle,AS Joseph,0,0,,,,,,,,,
1269716,2021,2021-09-05,"Warner Park, Basseterre, St Kitts",1,2.4,St Kitts and Nevis Patriots,St Lucia Kings,DC Thomas,CH Gayle,AS Joseph,0,0,,,,,,,,,
1269716,2021,2021-09-05,"Warner Park, Basseterre, St Kitts",1,2.5,St Kitts and Nevis Patriots,St Lucia Kings,DC Thomas,CH Gayle,AS Joseph,4,0,,,,,,,,,
1269716,2021,2021-09-05,"Warner Park, Basseterre, St Kitts",1,2.6,St Kitts and Nevis Patriots,St Lucia Kings,DC Thomas,CH Gayle,AS Joseph,0,0,,,,,,,,,
1269716,2021,2021-09-05,"Warner Park, Basseterre, St Kitts",1,3.1,St Kitts and Nevis Patriots,St Lucia Kings,CH Gayle,DC Thomas,Wahab Riaz,2,0,,,,,,,,,
1269716,2021,2021-09-05,"Warner Park, Basseterre, St Kitts",1,3.2,St Kitts and Nevis Patriots,St Lucia Kings,CH Gayle,DC Thomas,Wahab Riaz,0,0,,,,,,,,,
1269716,2021,2021-09-05,"Warner Park, Basseterre, St Kitts",1,3.3,St Kitts and Nevis Patriots,St Lucia Kings,CH Gayle,DC Thomas,Wahab Riaz,0,0,,,,,,caught,CH Gayle,,
1269716,2021,2021-09-05,"Warner Park, Basseterre, St Kitts",1,3.4,St Kitts and Nevis Patriots,St Lucia Kings,AM McCarthy,DC Thomas,Wahab Riaz,0,0,,,,,,,,,
1269716,2021,2021-09-05,"Warner Park, Basseterre, St Kitts",1,3.5,St Kitts and Nevis Patriots,St Lucia Kings,AM McCarthy,DC Thomas,Wahab Riaz,0,0,,,,,,,,,
1269716,2021,2021-09-05,"Warner Park, Basseterre, St Kitts",1,3.6,St Kitts and Nevis Patriots,St Lucia Kings,AM McCarthy,DC Thomas,Wahab Riaz,0,0,,,,,,,,,
1269716,2021,2021-09-05,"Warner Park, Basseterre, St Kitts",1,4.1,St Kitts and Nevis Patriots,St Lucia Kings,DC Thomas,AM McCarthy,J Royal,1,0,,,,,,,,,
1269716,2021,2021-09-05,"Warner Park, Basseterre, St Kitts",1,4.2,St Kitts and Nevis Patriots,St Lucia Kings,AM McCarthy,DC Thomas,J Royal,0,0,,,,,,,,,
1269716,2021,2021-09-05,"Warner Park, Basseterre, St Kitts",1,4.3,St Kitts and Nevis Patriots,St Lucia Kings,AM McCarthy,DC Thomas,J Royal,0,0,,,,,,caught,AM McCarthy,,
1269716,2021,2021-09-05,"Warner Park, Basseterre, St Kitts",1,4.4,St Kitts and Nevis Patriots,St Lucia Kings,SE Rutherford,DC Thomas,J Royal,0,0,,,,,,,,,
1269716,2021,2021-09-05,"Warner Park, Basseterre, St Kitts",1,4.5,St Kitts and Nevis Patriots,St Lucia Kings,SE Rutherford,DC Thomas,J Royal,6,0,,,,,,,,,
1269716,2021,2021-09-05,"Warner Park, Basseterre, St Kitts",1,4.6,St Kitts and Nevis Patriots,St Lucia Kings,SE Rutherford,DC Thomas,J Royal,0,1,1,,,,,,,,
1269716,2021,2021-09-05,"Warner Park, Basseterre, St Kitts",1,4.7,St Kitts and Nevis Patriots,St Lucia Kings,SE Rutherford,DC Thomas,J Royal,0,0,,,,,,,,,
1269716,2021,2021-09-05,"Warner Park, Basseterre, St Kitts",1,5.1,St Kitts and Nevis Patriots,St Lucia Kings,DC Thomas,SE Rutherford,RL Chase,1,0,,,,,,,,,
1269716,2021,2021-09-05,"Warner Park, Basseterre, St Kitts",1,5.2,St Kitts and Nevis Patriots,St Lucia Kings,SE Rutherford,DC Thomas,RL Chase,0,0,,,,,,,,,
1269716,2021,2021-09-05,"Warner Park, Basseterre, St Kitts",1,5.3,St Kitts and Nevis Patriots,St Lucia Kings,SE Rutherford,DC Thomas,RL Chase,0,0,,,,,,,,,
1269716,2021,2021-09-05,"Warner Park, Basseterre, St Kitts",1,5.4,St Kitts and Nevis Patriots,St Lucia Kings,SE Rutherford,DC Thomas,RL Chase,1,0,,,,,,,,,
1269716,2021,2021-09-05,"Warner Park, Basseterre, St Kitts",1,5.5,St Kitts and Nevis Patriots,St Lucia Kings,DC Thomas,SE Rutherford,RL Chase,4,0,,,,,,,,,
1269716,2021,2021-09-05,"Warner Park, Basseterre, St Kitts",1,5.6,St Kitts and Nevis Patriots,St Lucia Kings,DC Thomas,SE Rutherford,RL Chase,1,0,,,,,,,,,
1269716,2021,2021-09-05,"Warner Park, Basseterre, St Kitts",1,6.1,St Kitts and Nevis Patriots,St Lucia Kings,DC Thomas,SE Rutherford,SR Patel,0,0,,,,,,,,,
1269716,2021,2021-09-05,"Warner Park, Basseterre, St Kitts",1,6.2,St Kitts and Nevis Patriots,St Lucia Kings,DC Thomas,SE Rutherford,SR Patel,1,0,,,,,,,,,
1269716,2021,2021-09-05,"Warner Park, Basseterre, St Kitts",1,6.3,St Kitts and Nevis Patriots,St Lucia Kings,SE Rutherford,DC Thomas,SR Patel,0,0,,,,,,,,,
1269716,2021,2021-09-05,"Warner Park, Basseterre, St Kitts",1,6.4,St Kitts and Nevis Patriots,St Lucia Kings,SE Rutherford,DC Thomas,SR Patel,2,0,,,,,,,,,
1269716,2021,2021-09-05,"Warner Park, Basseterre, St Kitts",1,6.5,St Kitts and Nevis Patriots,St Lucia Kings,SE Rutherford,DC Thomas,SR Patel,0,0,,,,,,,,,
1269716,2021,2021-09-05,"Warner Park, Basseterre, St Kitts",1,6.6,St Kitts and Nevis Patriots,St Lucia Kings,SE Rutherford,DC Thomas,SR Patel,1,0,,,,,,,,,
1269716,2021,2021-09-05,"Warner Park, Basseterre, St Kitts",1,7.1,St Kitts and Nevis Patriots,St Lucia Kings,SE Rutherford,DC Thomas,RL Chase,0,0,,,,,,,,,
1269716,2021,2021-09-05,"Warner Park, Basseterre, St Kitts",1,7.2,St Kitts and Nevis Patriots,St Lucia Kings,SE Rutherford,DC Thomas,RL Chase,1,0,,,,,,,,,
1269716,2021,2021-09-05,"Warner Park, Basseterre, St Kitts",1,7.3,St Kitts and Nevis Patriots,St Lucia Kings,DC Thomas,SE Rutherford,RL Chase,2,0,,,,,,,,,
1269716,2021,2021-09-05,"Warner Park, Basseterre, St Kitts",1,7.4,St Kitts and Nevis Patriots,St Lucia Kings,DC Thomas,SE Rutherford,RL Chase,0,0,,,,,,,,,
1269716,2021,2021-09-05,"Warner Park, Basseterre, St Kitts",1,7.5,St Kitts and Nevis Patriots,St Lucia Kings,DC Thomas,SE Rutherford,RL Chase,1,0,,,,,,,,,
1269716,2021,2021-09-05,"Warner Park, Basseterre, St Kitts",1,7.6,St Kitts and Nevis Patriots,St Lucia Kings,SE Rutherford,DC Thomas,RL Chase,1,0,,,,,,,,,
1269716,2021,2021-09-05,"Warner Park, Basseterre, St Kitts",1,8.1,St Kitts and Nevis Patriots,St Lucia Kings,SE Rutherford,DC Thomas,KOK Williams,1,0,,,,,,,,,
1269716,2021,2021-09-05,"Warner Park, Basseterre, St Kitts",1,8.2,St Kitts and Nevis Patriots,St Lucia Kings,DC Thomas,SE Rutherford,KOK Williams,0,0,,,,,,caught,DC Thomas,,
1269716,2021,2021-09-05,"Warner Park, Basseterre, St Kitts",1,8.3,St Kitts and Nevis Patriots,St Lucia Kings,Asif Ali,SE Rutherford,KOK Williams,2,0,,,,,,,,,
1269716,2021,2021-09-05,"Warner Park, Basseterre, St Kitts",1,8.4,St Kitts and Nevis Patriots,St Lucia Kings,Asif Ali,SE Rutherford,KOK Williams,2,0,,,,,,,,,
1269716,2021,2021-09-05,"Warner Park, Basseterre, St Kitts",1,8.5,St Kitts and Nevis Patriots,St Lucia Kings,Asif Ali,SE Rutherford,KOK Williams,0,0,,,,,,,,,
1269716,2021,2021-09-05,"Warner Park, Basseterre, St Kitts",1,8.6,St Kitts and Nevis Patriots,St Lucia Kings,Asif Ali,SE Rutherford,KOK Williams,2,0,,,,,,,,,
1269716,2021,2021-09-05,"Warner Park, Basseterre, St Kitts",1,9.1,St Kitts and Nevis Patriots,St Lucia Kings,SE Rutherford,Asif Ali,AS Joseph,0,0,,,,,,,,,
1269716,2021,2021-09-05,"Warner Park, Basseterre, St Kitts",1,9.2,St Kitts and Nevis Patriots,St Lucia Kings,SE Rutherford,Asif Ali,AS Joseph,1,0,,,,,,run out,SE Rutherford,,
1269716,2021,2021-09-05,"Warner Park, Basseterre, St Kitts",1,9.3,St Kitts and Nevis Patriots,St Lucia Kings,Asif Ali,FA Allen,AS Joseph,0,0,,,,,,,,,
1269716,2021,2021-09-05,"Warner Park, Basseterre, St Kitts",1,9.4,St Kitts and Nevis Patriots,St Lucia Kings,Asif Ali,FA Allen,AS Joseph,0,0,,,,,,,,,
1269716,2021,2021-09-05,"Warner Park, Basseterre, St Kitts",1,9.5,St Kitts and Nevis Patriots,St Lucia Kings,Asif Ali,FA Allen,AS Joseph,0,0,,,,,,,,,
1269716,2021,2021-09-05,"Warner Park, Basseterre, St Kitts",1,9.6,St Kitts and Nevis Patriots,St Lucia Kings,Asif Ali,FA Allen,AS Joseph,6,0,,,,,,,,,
1269716,2021,2021-09-05,"Warner Park, Basseterre, St Kitts",1,10.1,St Kitts and Nevis Patriots,St Lucia Kings,FA Allen,Asif Ali,Wahab Riaz,0,0,,,,,,,,,
1269716,2021,2021-09-05,"Warner Park, Basseterre, St Kitts",1,10.2,St Kitts and Nevis Patriots,St Lucia Kings,FA Allen,Asif Ali,Wahab Riaz,0,0,,,,,,,,,
1269716,2021,2021-09-05,"Warner Park, Basseterre, St Kitts",1,10.3,St Kitts and Nevis Patriots,St Lucia Kings,FA Allen,Asif Ali,Wahab Riaz,0,0,,,,,,,,,
1269716,2021,2021-09-05,"Warner Park, Basseterre, St Kitts",1,10.4,St Kitts and Nevis Patriots,St Lucia Kings,FA Allen,Asif Ali,Wahab Riaz,0,0,,,,,,,,,
1269716,2021,2021-09-05,"Warner Park, Basseterre, St Kitts",1,10.5,St Kitts and Nevis Patriots,St Lucia Kings,FA Allen,Asif Ali,Wahab Riaz,1,0,,,,,,,,,
1269716,2021,2021-09-05,"Warner Park, Basseterre, St Kitts",1,10.6,St Kitts and Nevis Patriots,St Lucia Kings,Asif Ali,FA Allen,Wahab Riaz,0,1,1,,,,,,,,
1269716,2021,2021-09-05,"Warner Park, Basseterre, St Kitts",1,10.7,St Kitts and Nevis Patriots,St Lucia Kings,Asif Ali,FA Allen,Wahab Riaz,1,0,,,,,,,,,
1269716,2021,2021-09-05,"Warner Park, Basseterre, St Kitts",1,11.1,St Kitts and Nevis Patriots,St Lucia Kings,Asif Ali,FA Allen,SR Patel,1,0,,,,,,,,,
1269716,2021,2021-09-05,"Warner Park, Basseterre, St Kitts",1,11.2,St Kitts and Nevis Patriots,St Lucia Kings,FA Allen,Asif Ali,SR Patel,0,0,,,,,,,,,
1269716,2021,2021-09-05,"Warner Park, Basseterre, St Kitts",1,11.3,St Kitts and Nevis Patriots,St Lucia Kings,FA Allen,Asif Ali,SR Patel,0,0,,,,,,,,,
1269716,2021,2021-09-05,"Warner Park, Basseterre, St Kitts",1,11.4,St Kitts and Nevis Patriots,St Lucia Kings,FA Allen,Asif Ali,SR Patel,1,0,,,,,,,,,
1269716,2021,2021-09-05,"Warner Park, Basseterre, St Kitts",1,11.5,St Kitts and Nevis Patriots,St Lucia Kings,Asif Ali,FA Allen,SR Patel,4,0,,,,,,,,,
1269716,2021,2021-09-05,"Warner Park, Basseterre, St Kitts",1,11.6,St Kitts and Nevis Patriots,St Lucia Kings,Asif Ali,FA Allen,SR Patel,0,0,,,,,,,,,
1269716,2021,2021-09-05,"Warner Park, Basseterre, St Kitts",1,12.1,St Kitts and Nevis Patriots,St Lucia Kings,FA Allen,Asif Ali,J Royal,0,0,,,,,,,,,
1269716,2021,2021-09-05,"Warner Park, Basseterre, St Kitts",1,12.2,St Kitts and Nevis Patriots,St Lucia Kings,FA Allen,Asif Ali,J Royal,1,0,,,,,,,,,
1269716,2021,2021-09-05,"Warner Park, Basseterre, St Kitts",1,12.3,St Kitts and Nevis Patriots,St Lucia Kings,Asif Ali,FA Allen,J Royal,0,0,,,,,,,,,
1269716,2021,2021-09-05,"Warner Park, Basseterre, St Kitts",1,12.4,St Kitts and Nevis Patriots,St Lucia Kings,Asif Ali,FA Allen,J Royal,0,0,,,,,,caught,Asif Ali,,
1269716,2021,2021-09-05,"Warner Park, Basseterre, St Kitts",1,12.5,St Kitts and Nevis Patriots,St Lucia Kings,C Archibald,FA Allen,J Royal,0,0,,,,,,,,,
1269716,2021,2021-09-05,"Warner Park, Basseterre, St Kitts",1,12.6,St Kitts and Nevis Patriots,St Lucia Kings,C Archibald,FA Allen,J Royal,1,0,,,,,,,,,
1269716,2021,2021-09-05,"Warner Park, Basseterre, St Kitts",1,13.1,St Kitts and Nevis Patriots,St Lucia Kings,C Archibald,FA Allen,SR Patel,0,0,,,,,,,,,
1269716,2021,2021-09-05,"Warner Park, Basseterre, St Kitts",1,13.2,St Kitts and Nevis Patriots,St Lucia Kings,C Archibald,FA Allen,SR Patel,0,0,,,,,,,,,
1269716,2021,2021-09-05,"Warner Park, Basseterre, St Kitts",1,13.3,St Kitts and Nevis Patriots,St Lucia Kings,C Archibald,FA Allen,SR Patel,1,0,,,,,,,,,
1269716,2021,2021-09-05,"Warner Park, Basseterre, St Kitts",1,13.4,St Kitts and Nevis Patriots,St Lucia Kings,FA Allen,C Archibald,SR Patel,1,0,,,,,,,,,
1269716,2021,2021-09-05,"Warner Park, Basseterre, St Kitts",1,13.5,St Kitts and Nevis Patriots,St Lucia Kings,C Archibald,FA Allen,SR Patel,0,0,,,,,,caught,C Archibald,,
1269716,2021,2021-09-05,"Warner Park, Basseterre, St Kitts",1,13.6,St Kitts and Nevis Patriots,St Lucia Kings,Naseem Shah,FA Allen,SR Patel,0,0,,,,,,,,,
1269716,2021,2021-09-05,"Warner Park, Basseterre, St Kitts",1,14.1,St Kitts and Nevis Patriots,St Lucia Kings,FA Allen,Naseem Shah,J Royal,0,0,,,,,,,,,
1269716,2021,2021-09-05,"Warner Park, Basseterre, St Kitts",1,14.2,St Kitts and Nevis Patriots,St Lucia Kings,FA Allen,Naseem Shah,J Royal,0,0,,,,,,,,,
1269716,2021,2021-09-05,"Warner Park, Basseterre, St Kitts",1,14.3,St Kitts and Nevis Patriots,St Lucia Kings,FA Allen,Naseem Shah,J Royal,1,0,,,,,,,,,
1269716,2021,2021-09-05,"Warner Park, Basseterre, St Kitts",1,14.4,St Kitts and Nevis Patriots,St Lucia Kings,Naseem Shah,FA Allen,J Royal,1,0,,,,,,,,,
1269716,2021,2021-09-05,"Warner Park, Basseterre, St Kitts",1,14.5,St Kitts and Nevis Patriots,St Lucia Kings,FA Allen,Naseem Shah,J Royal,0,0,,,,,,,,,
1269716,2021,2021-09-05,"Warner Park, Basseterre, St Kitts",1,14.6,St Kitts and Nevis Patriots,St Lucia Kings,FA Allen,Naseem Shah,J Royal,0,0,,,,,,,,,
1269716,2021,2021-09-05,"Warner Park, Basseterre, St Kitts",1,15.1,St Kitts and Nevis Patriots,St Lucia Kings,Naseem Shah,FA Allen,SR Patel,1,0,,,,,,,,,
1269716,2021,2021-09-05,"Warner Park, Basseterre, St Kitts",1,15.2,St Kitts and Nevis Patriots,St Lucia Kings,FA Allen,Naseem Shah,SR Patel,0,1,1,,,,,,,,
1269716,2021,2021-09-05,"Warner Park, Basseterre, St Kitts",1,15.3,St Kitts and Nevis Patriots,St Lucia Kings,FA Allen,Naseem Shah,SR Patel,0,0,,,,,,,,,
1269716,2021,2021-09-05,"Warner Park, Basseterre, St Kitts",1,15.4,St Kitts and Nevis Patriots,St Lucia Kings,FA Allen,Naseem Shah,SR Patel,1,0,,,,,,,,,
1269716,2021,2021-09-05,"Warner Park, Basseterre, St Kitts",1,15.5,St Kitts and Nevis Patriots,St Lucia Kings,Naseem Shah,FA Allen,SR Patel,0,0,,,,,,stumped,Naseem Shah,,
1269716,2021,2021-09-05,"Warner Park, Basseterre, St Kitts",1,15.6,St Kitts and Nevis Patriots,St Lucia Kings,PA van Meekeren,FA Allen,SR Patel,0,0,,,,,,,,,
1269716,2021,2021-09-05,"Warner Park, Basseterre, St Kitts",1,15.7,St Kitts and Nevis Patriots,St Lucia Kings,PA van Meekeren,FA Allen,SR Patel,0,0,,,,,,,,,
1269716,2021,2021-09-05,"Warner Park, Basseterre, St Kitts",1,16.1,St Kitts and Nevis Patriots,St Lucia Kings,FA Allen,PA van Meekeren,KOK Williams,0,0,,,,,,,,,
1269716,2021,2021-09-05,"Warner Park, Basseterre, St Kitts",1,16.2,St Kitts and Nevis Patriots,St Lucia Kings,FA Allen,PA van Meekeren,KOK Williams,4,0,,,,,,,,,
1269716,2021,2021-09-05,"Warner Park, Basseterre, St Kitts",1,16.3,St Kitts and Nevis Patriots,St Lucia Kings,FA Allen,PA van Meekeren,KOK Williams,6,0,,,,,,,,,
1269716,2021,2021-09-05,"Warner Park, Basseterre, St Kitts",1,16.4,St Kitts and Nevis Patriots,St Lucia Kings,FA Allen,PA van Meekeren,KOK Williams,1,0,,,,,,,,,
1269716,2021,2021-09-05,"Warner Park, Basseterre, St Kitts",1,16.5,St Kitts and Nevis Patriots,St Lucia Kings,PA van Meekeren,FA Allen,KOK Williams,0,0,,,,,,,,,
1269716,2021,2021-09-05,"Warner Park, Basseterre, St Kitts",1,16.6,St Kitts and Nevis Patriots,St Lucia Kings,PA van Meekeren,FA Allen,KOK Williams,0,1,1,,,,,,,,
1269716,2021,2021-09-05,"Warner Park, Basseterre, St Kitts",1,16.7,St Kitts and Nevis Patriots,St Lucia Kings,PA van Meekeren,FA Allen,KOK Williams,0,0,,,,,,,,,
1269716,2021,2021-09-05,"Warner Park, Basseterre, St Kitts",1,17.1,St Kitts and Nevis Patriots,St Lucia Kings,FA Allen,PA van Meekeren,Wahab Riaz,0,0,,,,,,,,,
1269716,2021,2021-09-05,"Warner Park, Basseterre, St Kitts",1,17.2,St Kitts and Nevis Patriots,St Lucia Kings,FA Allen,PA van Meekeren,Wahab Riaz,0,0,,,,,,,,,
1269716,2021,2021-09-05,"Warner Park, Basseterre, St Kitts",1,17.3,St Kitts and Nevis Patriots,St Lucia Kings,FA Allen,PA van Meekeren,Wahab Riaz,0,0,,,,,,,,,
1269716,2021,2021-09-05,"Warner Park, Basseterre, St Kitts",1,17.4,St Kitts and Nevis Patriots,St Lucia Kings,FA Allen,PA van Meekeren,Wahab Riaz,6,0,,,,,,,,,
1269716,2021,2021-09-05,"Warner Park, Basseterre, St Kitts",1,17.5,St Kitts and Nevis Patriots,St Lucia Kings,FA Allen,PA van Meekeren,Wahab Riaz,1,0,,,,,,,,,
1269716,2021,2021-09-05,"Warner Park, Basseterre, St Kitts",1,17.6,St Kitts and Nevis Patriots,St Lucia Kings,PA van Meekeren,FA Allen,Wahab Riaz,0,0,,,,,,,,,
1269716,2021,2021-09-05,"Warner Park, Basseterre, St Kitts",1,18.1,St Kitts and Nevis Patriots,St Lucia Kings,FA Allen,PA van Meekeren,KOK Williams,0,1,1,,,,,,,,
1269716,2021,2021-09-05,"Warner Park, Basseterre, St Kitts",1,18.2,St Kitts and Nevis Patriots,St Lucia Kings,FA Allen,PA van Meekeren,KOK Williams,0,0,,,,,,,,,
1269716,2021,2021-09-05,"Warner Park, Basseterre, St Kitts",1,18.3,St Kitts and Nevis Patriots,St Lucia Kings,FA Allen,PA van Meekeren,KOK Williams,0,1,1,,,,,,,,
1269716,2021,2021-09-05,"Warner Park, Basseterre, St Kitts",1,18.4,St Kitts and Nevis Patriots,St Lucia Kings,FA Allen,PA van Meekeren,KOK Williams,6,0,,,,,,,,,
1269716,2021,2021-09-05,"Warner Park, Basseterre, St Kitts",1,18.5,St Kitts and Nevis Patriots,St Lucia Kings,FA Allen,PA van Meekeren,KOK Williams,4,0,,,,,,,,,
1269716,2021,2021-09-05,"Warner Park, Basseterre, St Kitts",1,18.6,St Kitts and Nevis Patriots,St Lucia Kings,FA Allen,PA van Meekeren,KOK Williams,0,0,,,,,,,,,
1269716,2021,2021-09-05,"Warner Park, Basseterre, St Kitts",1,18.7,St Kitts and Nevis Patriots,St Lucia Kings,FA Allen,PA van Meekeren,KOK Williams,0,0,,,,,,caught,FA Allen,,
1269716,2021,2021-09-05,"Warner Park, Basseterre, St Kitts",1,18.8,St Kitts and Nevis Patriots,St Lucia Kings,PA van Meekeren,Fawad Ahmed,KOK Williams,1,0,,,,,,,,,
1269716,2021,2021-09-05,"Warner Park, Basseterre, St Kitts",1,19.1,St Kitts and Nevis Patriots,St Lucia Kings,PA van Meekeren,Fawad Ahmed,KMA Paul,2,0,,,,,,,,,
1269716,2021,2021-09-05,"Warner Park, Basseterre, St Kitts",1,19.2,St Kitts and Nevis Patriots,St Lucia Kings,PA van Meekeren,Fawad Ahmed,KMA Paul,0,1,,,,1,,,,,
1269716,2021,2021-09-05,"Warner Park, Basseterre, St Kitts",1,19.3,St Kitts and Nevis Patriots,St Lucia Kings,Fawad Ahmed,PA van Meekeren,KMA Paul,0,0,,,,,,caught,Fawad Ahmed,,
1269716,2021,2021-09-05,"Warner Park, Basseterre, St Kitts",2,0.1,St Lucia Kings,St Kitts and Nevis Patriots,ADS Fletcher,F du Plessis,FA Allen,0,0,,,,,,lbw,ADS Fletcher,,
1269716,2021,2021-09-05,"Warner Park, Basseterre, St Kitts",2,0.2,St Lucia Kings,St Kitts and Nevis Patriots,KJ Cottoy,F du Plessis,FA Allen,1,0,,,,,,,,,
1269716,2021,2021-09-05,"Warner Park, Basseterre, St Kitts",2,0.3,St Lucia Kings,St Kitts and Nevis Patriots,F du Plessis,KJ Cottoy,FA Allen,0,0,,,,,,,,,
1269716,2021,2021-09-05,"Warner Park, Basseterre, St Kitts",2,0.4,St Lucia Kings,St Kitts and Nevis Patriots,F du Plessis,KJ Cottoy,FA Allen,1,0,,,,,,,,,
1269716,2021,2021-09-05,"Warner Park, Basseterre, St Kitts",2,0.5,St Lucia Kings,St Kitts and Nevis Patriots,KJ Cottoy,F du Plessis,FA Allen,0,0,,,,,,,,,
1269716,2021,2021-09-05,"Warner Park, Basseterre, St Kitts",2,0.6,St Lucia Kings,St Kitts and Nevis Patriots,KJ Cottoy,F du Plessis,FA Allen,0,0,,,,,,,,,
1269716,2021,2021-09-05,"Warner Park, Basseterre, St Kitts",2,1.1,St Lucia Kings,St Kitts and Nevis Patriots,F du Plessis,KJ Cottoy,Fawad Ahmed,1,0,,,,,,,,,
1269716,2021,2021-09-05,"Warner Park, Basseterre, St Kitts",2,1.2,St Lucia Kings,St Kitts and Nevis Patriots,KJ Cottoy,F du Plessis,Fawad Ahmed,4,0,,,,,,,,,
1269716,2021,2021-09-05,"Warner Park, Basseterre, St Kitts",2,1.3,St Lucia Kings,St Kitts and Nevis Patriots,KJ Cottoy,F du Plessis,Fawad Ahmed,1,0,,,,,,,,,
1269716,2021,2021-09-05,"Warner Park, Basseterre, St Kitts",2,1.4,St Lucia Kings,St Kitts and Nevis Patriots,F du Plessis,KJ Cottoy,Fawad Ahmed,0,0,,,,,,,,,
1269716,2021,2021-09-05,"Warner Park, Basseterre, St Kitts",2,1.5,St Lucia Kings,St Kitts and Nevis Patriots,F du Plessis,KJ Cottoy,Fawad Ahmed,1,0,,,,,,,,,
1269716,2021,2021-09-05,"Warner Park, Basseterre, St Kitts",2,1.6,St Lucia Kings,St Kitts and Nevis Patriots,KJ Cottoy,F du Plessis,Fawad Ahmed,1,0,,,,,,,,,
1269716,2021,2021-09-05,"Warner Park, Basseterre, St Kitts",2,2.1,St Lucia Kings,St Kitts and Nevis Patriots,KJ Cottoy,F du Plessis,FA Allen,0,0,,,,,,,,,
1269716,2021,2021-09-05,"Warner Park, Basseterre, St Kitts",2,2.2,St Lucia Kings,St Kitts and Nevis Patriots,KJ Cottoy,F du Plessis,FA Allen,1,0,,,,,,,,,
1269716,2021,2021-09-05,"Warner Park, Basseterre, St Kitts",2,2.3,St Lucia Kings,St Kitts and Nevis Patriots,F du Plessis,KJ Cottoy,FA Allen,6,0,,,,,,,,,
1269716,2021,2021-09-05,"Warner Park, Basseterre, St Kitts",2,2.4,St Lucia Kings,St Kitts and Nevis Patriots,F du Plessis,KJ Cottoy,FA Allen,0,0,,,,,,,,,
1269716,2021,2021-09-05,"Warner Park, Basseterre, St Kitts",2,2.5,St Lucia Kings,St Kitts and Nevis Patriots,F du Plessis,KJ Cottoy,FA Allen,0,0,,,,,,,,,
1269716,2021,2021-09-05,"Warner Park, Basseterre, St Kitts",2,2.6,St Lucia Kings,St Kitts and Nevis Patriots,F du Plessis,KJ Cottoy,FA Allen,0,0,,,,,,,,,
1269716,2021,2021-09-05,"Warner Park, Basseterre, St Kitts",2,3.1,St Lucia Kings,St Kitts and Nevis Patriots,KJ Cottoy,F du Plessis,Fawad Ahmed,1,0,,,,,,,,,
1269716,2021,2021-09-05,"Warner Park, Basseterre, St Kitts",2,3.2,St Lucia Kings,St Kitts and Nevis Patriots,F du Plessis,KJ Cottoy,Fawad Ahmed,2,0,,,,,,,,,
1269716,2021,2021-09-05,"Warner Park, Basseterre, St Kitts",2,3.3,St Lucia Kings,St Kitts and Nevis Patriots,F du Plessis,KJ Cottoy,Fawad Ahmed,0,0,,,,,,,,,
1269716,2021,2021-09-05,"Warner Park, Basseterre, St Kitts",2,3.4,St Lucia Kings,St Kitts and Nevis Patriots,F du Plessis,KJ Cottoy,Fawad Ahmed,1,0,,,,,,,,,
1269716,2021,2021-09-05,"Warner Park, Basseterre, St Kitts",2,3.5,St Lucia Kings,St Kitts and Nevis Patriots,KJ Cottoy,F du Plessis,Fawad Ahmed,0,0,,,,,,,,,
1269716,2021,2021-09-05,"Warner Park, Basseterre, St Kitts",2,3.6,St Lucia Kings,St Kitts and Nevis Patriots,KJ Cottoy,F du Plessis,Fawad Ahmed,1,0,,,,,,,,,
1269716,2021,2021-09-05,"Warner Park, Basseterre, St Kitts",2,4.1,St Lucia Kings,St Kitts and Nevis Patriots,KJ Cottoy,F du Plessis,FA Allen,1,0,,,,,,,,,
1269716,2021,2021-09-05,"Warner Park, Basseterre, St Kitts",2,4.2,St Lucia Kings,St Kitts and Nevis Patriots,F du Plessis,KJ Cottoy,FA Allen,4,0,,,,,,,,,
1269716,2021,2021-09-05,"Warner Park, Basseterre, St Kitts",2,4.3,St Lucia Kings,St Kitts and Nevis Patriots,F du Plessis,KJ Cottoy,FA Allen,6,0,,,,,,,,,
1269716,2021,2021-09-05,"Warner Park, Basseterre, St Kitts",2,4.4,St Lucia Kings,St Kitts and Nevis Patriots,F du Plessis,KJ Cottoy,FA Allen,0,0,,,,,,caught,F du Plessis,,
1269716,2021,2021-09-05,"Warner Park, Basseterre, St Kitts",2,4.5,St Lucia Kings,St Kitts and Nevis Patriots,RL Chase,KJ Cottoy,FA Allen,1,0,,,,,,,,,
1269716,2021,2021-09-05,"Warner Park, Basseterre, St Kitts",2,4.6,St Lucia Kings,St Kitts and Nevis Patriots,KJ Cottoy,RL Chase,FA Allen,2,0,,,,,,,,,
1269716,2021,2021-09-05,"Warner Park, Basseterre, St Kitts",2,5.1,St Lucia Kings,St Kitts and Nevis Patriots,RL Chase,KJ Cottoy,PA van Meekeren,0,0,,,,,,,,,
1269716,2021,2021-09-05,"Warner Park, Basseterre, St Kitts",2,5.2,St Lucia Kings,St Kitts and Nevis Patriots,RL Chase,KJ Cottoy,PA van Meekeren,1,0,,,,,,,,,
1269716,2021,2021-09-05,"Warner Park, Basseterre, St Kitts",2,5.3,St Lucia Kings,St Kitts and Nevis Patriots,KJ Cottoy,RL Chase,PA van Meekeren,0,1,1,,,,,,,,
1269716,2021,2021-09-05,"Warner Park, Basseterre, St Kitts",2,5.4,St Lucia Kings,St Kitts and Nevis Patriots,KJ Cottoy,RL Chase,PA van Meekeren,0,0,,,,,,,,,
1269716,2021,2021-09-05,"Warner Park, Basseterre, St Kitts",2,5.5,St Lucia Kings,St Kitts and Nevis Patriots,KJ Cottoy,RL Chase,PA van Meekeren,0,0,,,,,,,,,
1269716,2021,2021-09-05,"Warner Park, Basseterre, St Kitts",2,5.6,St Lucia Kings,St Kitts and Nevis Patriots,KJ Cottoy,RL Chase,PA van Meekeren,1,0,,,,,,,,,
1269716,2021,2021-09-05,"Warner Park, Basseterre, St Kitts",2,5.7,St Lucia Kings,St Kitts and Nevis Patriots,RL Chase,KJ Cottoy,PA van Meekeren,4,0,,,,,,,,,
1269716,2021,2021-09-05,"Warner Park, Basseterre, St Kitts",2,6.1,St Lucia Kings,St Kitts and Nevis Patriots,KJ Cottoy,RL Chase,FA Allen,1,0,,,,,,,,,
1269716,2021,2021-09-05,"Warner Park, Basseterre, St Kitts",2,6.2,St Lucia Kings,St Kitts and Nevis Patriots,RL Chase,KJ Cottoy,FA Allen,0,0,,,,,,,,,
1269716,2021,2021-09-05,"Warner Park, Basseterre, St Kitts",2,6.3,St Lucia Kings,St Kitts and Nevis Patriots,RL Chase,KJ Cottoy,FA Allen,0,0,,,,,,,,,
1269716,2021,2021-09-05,"Warner Park, Basseterre, St Kitts",2,6.4,St Lucia Kings,St Kitts and Nevis Patriots,RL Chase,KJ Cottoy,FA Allen,2,0,,,,,,,,,
1269716,2021,2021-09-05,"Warner Park, Basseterre, St Kitts",2,6.5,St Lucia Kings,St Kitts and Nevis Patriots,RL Chase,KJ Cottoy,FA Allen,0,0,,,,,,,,,
1269716,2021,2021-09-05,"Warner Park, Basseterre, St Kitts",2,6.6,St Lucia Kings,St Kitts and Nevis Patriots,RL Chase,KJ Cottoy,FA Allen,4,0,,,,,,,,,
1269716,2021,2021-09-05,"Warner Park, Basseterre, St Kitts",2,7.1,St Lucia Kings,St Kitts and Nevis Patriots,KJ Cottoy,RL Chase,Naseem Shah,4,0,,,,,,,,,
1269716,2021,2021-09-05,"Warner Park, Basseterre, St Kitts",2,7.2,St Lucia Kings,St Kitts and Nevis Patriots,KJ Cottoy,RL Chase,Naseem Shah,0,0,,,,,,caught,KJ Cottoy,,
1269716,2021,2021-09-05,"Warner Park, Basseterre, St Kitts",2,7.3,St Lucia Kings,St Kitts and Nevis Patriots,RL Chase,SR Patel,Naseem Shah,0,0,,,,,,,,,
1269716,2021,2021-09-05,"Warner Park, Basseterre, St Kitts",2,7.4,St Lucia Kings,St Kitts and Nevis Patriots,RL Chase,SR Patel,Naseem Shah,1,0,,,,,,,,,
1269716,2021,2021-09-05,"Warner Park, Basseterre, St Kitts",2,7.5,St Lucia Kings,St Kitts and Nevis Patriots,SR Patel,RL Chase,Naseem Shah,1,0,,,,,,,,,
1269716,2021,2021-09-05,"Warner Park, Basseterre, St Kitts",2,7.6,St Lucia Kings,St Kitts and Nevis Patriots,RL Chase,SR Patel,Naseem Shah,1,0,,,,,,,,,
1269716,2021,2021-09-05,"Warner Park, Basseterre, St Kitts",2,8.1,St Lucia Kings,St Kitts and Nevis Patriots,RL Chase,SR Patel,PA van Meekeren,4,0,,,,,,,,,
1269716,2021,2021-09-05,"Warner Park, Basseterre, St Kitts",2,8.2,St Lucia Kings,St Kitts and Nevis Patriots,RL Chase,SR Patel,PA van Meekeren,1,0,,,,,,,,,
1269716,2021,2021-09-05,"Warner Park, Basseterre, St Kitts",2,8.3,St Lucia Kings,St Kitts and Nevis Patriots,SR Patel,RL Chase,PA van Meekeren,0,0,,,,,,,,,
1269716,2021,2021-09-05,"Warner Park, Basseterre, St Kitts",2,8.4,St Lucia Kings,St Kitts and Nevis Patriots,SR Patel,RL Chase,PA van Meekeren,1,0,,,,,,,,,
1269716,2021,2021-09-05,"Warner Park, Basseterre, St Kitts",2,8.5,St Lucia Kings,St Kitts and Nevis Patriots,RL Chase,SR Patel,PA van Meekeren,1,0,,,,,,,,,
1269716,2021,2021-09-05,"Warner Park, Basseterre, St Kitts",2,8.6,St Lucia Kings,St Kitts and Nevis Patriots,SR Patel,RL Chase,PA van Meekeren,0,0,,,,,,,,,
1269716,2021,2021-09-05,"Warner Park, Basseterre, St Kitts",2,9.1,St Lucia Kings,St Kitts and Nevis Patriots,RL Chase,SR Patel,Naseem Shah,1,0,,,,,,,,,
1269716,2021,2021-09-05,"Warner Park, Basseterre, St Kitts",2,9.2,St Lucia Kings,St Kitts and Nevis Patriots,SR Patel,RL Chase,Naseem Shah,1,0,,,,,,,,,
1269716,2021,2021-09-05,"Warner Park, Basseterre, St Kitts",2,9.3,St Lucia Kings,St Kitts and Nevis Patriots,RL Chase,SR Patel,Naseem Shah,1,0,,,,,,,,,
1269716,2021,2021-09-05,"Warner Park, Basseterre, St Kitts",2,9.4,St Lucia Kings,St Kitts and Nevis Patriots,SR Patel,RL Chase,Naseem Shah,0,1,,,,1,,,,,
1269716,2021,2021-09-05,"Warner Park, Basseterre, St Kitts",2,9.5,St Lucia Kings,St Kitts and Nevis Patriots,RL Chase,SR Patel,Naseem Shah,1,0,,,,,,,,,
1269716,2021,2021-09-05,"Warner Park, Basseterre, St Kitts",2,9.6,St Lucia Kings,St Kitts and Nevis Patriots,SR Patel,RL Chase,Naseem Shah,0,0,,,,,,,,,
1269716,2021,2021-09-05,"Warner Park, Basseterre, St Kitts",2,10.1,St Lucia Kings,St Kitts and Nevis Patriots,RL Chase,SR Patel,Fawad Ahmed,0,0,,,,,,,,,
1269716,2021,2021-09-05,"Warner Park, Basseterre, St Kitts",2,10.2,St Lucia Kings,St Kitts and Nevis Patriots,RL Chase,SR Patel,Fawad Ahmed,2,0,,,,,,,,,
1269716,2021,2021-09-05,"Warner Park, Basseterre, St Kitts",2,10.3,St Lucia Kings,St Kitts and Nevis Patriots,RL Chase,SR Patel,Fawad Ahmed,6,0,,,,,,,,,
1269716,2021,2021-09-05,"Warner Park, Basseterre, St Kitts",2,10.4,St Lucia Kings,St Kitts and Nevis Patriots,RL Chase,SR Patel,Fawad Ahmed,0,0,,,,,,,,,
1269716,2021,2021-09-05,"Warner Park, Basseterre, St Kitts",2,10.5,St Lucia Kings,St Kitts and Nevis Patriots,RL Chase,SR Patel,Fawad Ahmed,0,0,,,,,,,,,
1269716,2021,2021-09-05,"Warner Park, Basseterre, St Kitts",2,10.6,St Lucia Kings,St Kitts and Nevis Patriots,RL Chase,SR Patel,Fawad Ahmed,1,0,,,,,,,,,
1269716,2021,2021-09-05,"Warner Park, Basseterre, St Kitts",2,11.1,St Lucia Kings,St Kitts and Nevis Patriots,RL Chase,SR Patel,C Archibald,1,0,,,,,,,,,
1269716,2021,2021-09-05,"Warner Park, Basseterre, St Kitts",2,11.2,St Lucia Kings,St Kitts and Nevis Patriots,SR Patel,RL Chase,C Archibald,1,0,,,,,,,,,
1269716,2021,2021-09-05,"Warner Park, Basseterre, St Kitts",2,11.3,St Lucia Kings,St Kitts and Nevis Patriots,RL Chase,SR Patel,C Archibald,0,0,,,,,,,,,
1269716,2021,2021-09-05,"Warner Park, Basseterre, St Kitts",2,11.4,St Lucia Kings,St Kitts and Nevis Patriots,RL Chase,SR Patel,C Archibald,1,0,,,,,,,,,
1269716,2021,2021-09-05,"Warner Park, Basseterre, St Kitts",2,11.5,St Lucia Kings,St Kitts and Nevis Patriots,SR Patel,RL Chase,C Archibald,0,0,,,,,,,,,
1269716,2021,2021-09-05,"Warner Park, Basseterre, St Kitts",2,11.6,St Lucia Kings,St Kitts and Nevis Patriots,SR Patel,RL Chase,C Archibald,0,0,,,,,,,,,
1269716,2021,2021-09-05,"Warner Park, Basseterre, St Kitts",2,12.1,St Lucia Kings,St Kitts and Nevis Patriots,RL Chase,SR Patel,Fawad Ahmed,0,0,,,,,,,,,
1269716,2021,2021-09-05,"Warner Park, Basseterre, St Kitts",2,12.2,St Lucia Kings,St Kitts and Nevis Patriots,RL Chase,SR Patel,Fawad Ahmed,1,0,,,,,,,,,
1269716,2021,2021-09-05,"Warner Park, Basseterre, St Kitts",2,12.3,St Lucia Kings,St Kitts and Nevis Patriots,SR Patel,RL Chase,Fawad Ahmed,1,0,,,,,,,,,
1269716,2021,2021-09-05,"Warner Park, Basseterre, St Kitts",2,12.4,St Lucia Kings,St Kitts and Nevis Patriots,RL Chase,SR Patel,Fawad Ahmed,0,0,,,,,,,,,
1269716,2021,2021-09-05,"Warner Park, Basseterre, St Kitts",2,12.5,St Lucia Kings,St Kitts and Nevis Patriots,RL Chase,SR Patel,Fawad Ahmed,2,0,,,,,,,,,
1269716,2021,2021-09-05,"Warner Park, Basseterre, St Kitts",2,12.6,St Lucia Kings,St Kitts and Nevis Patriots,RL Chase,SR Patel,Fawad Ahmed,1,0,,,,,,,,,
1269716,2021,2021-09-05,"Warner Park, Basseterre, St Kitts",2,13.1,St Lucia Kings,St Kitts and Nevis Patriots,RL Chase,SR Patel,C Archibald,6,0,,,,,,,,,
1269716,2021,2021-09-05,"Warner Park, Basseterre, St Kitts",2,13.2,St Lucia Kings,St Kitts and Nevis Patriots,RL Chase,SR Patel,C Archibald,4,0,,,,,,,,,
1269716,2021,2021-09-05,"Warner Park, Basseterre, St Kitts",2,13.3,St Lucia Kings,St Kitts and Nevis Patriots,RL Chase,SR Patel,C Archibald,1,0,,,,,,,,,
1269716,2021,2021-09-05,"Warner Park, Basseterre, St Kitts",2,13.4,St Lucia Kings,St Kitts and Nevis Patriots,SR Patel,RL Chase,C Archibald,0,0,,,,,,,,,
1269716,2021,2021-09-05,"Warner Park, Basseterre, St Kitts",2,13.5,St Lucia Kings,St Kitts and Nevis Patriots,SR Patel,RL Chase,C Archibald,0,0,,,,,,,,,
1269716,2021,2021-09-05,"Warner Park, Basseterre, St Kitts",2,13.6,St Lucia Kings,St Kitts and Nevis Patriots,SR Patel,RL Chase,C Archibald,2,0,,,,,,,,,
1269716,2021,2021-09-05,"Warner Park, Basseterre, St Kitts",2,14.1,St Lucia Kings,St Kitts and Nevis Patriots,RL Chase,SR Patel,PA van Meekeren,1,0,,,,,,,,,
1269716,2021,2021-09-05,"Warner Park, Basseterre, St Kitts",2,14.2,St Lucia Kings,St Kitts and Nevis Patriots,SR Patel,RL Chase,PA van Meekeren,0,0,,,,,,caught,SR Patel,,
1269716,2021,2021-09-05,"Warner Park, Basseterre, St Kitts",2,14.3,St Lucia Kings,St Kitts and Nevis Patriots,TH David,RL Chase,PA van Meekeren,0,0,,,,,,,,,
1269716,2021,2021-09-05,"Warner Park, Basseterre, St Kitts",2,14.4,St Lucia Kings,St Kitts and Nevis Patriots,TH David,RL Chase,PA van Meekeren,4,0,,,,,,,,,
1269716,2021,2021-09-05,"Warner Park, Basseterre, St Kitts",2,14.5,St Lucia Kings,St Kitts and Nevis Patriots,TH David,RL Chase,PA van Meekeren,0,1,1,,,,,,,,
1269716,2021,2021-09-05,"Warner Park, Basseterre, St Kitts",2,14.6,St Lucia Kings,St Kitts and Nevis Patriots,TH David,RL Chase,PA van Meekeren,2,0,,,,,,,,,
1269716,2021,2021-09-05,"Warner Park, Basseterre, St Kitts",2,14.7,St Lucia Kings,St Kitts and Nevis Patriots,TH David,RL Chase,PA van Meekeren,6,0,,,,,,,,,
1269716,2021,2021-09-05,"Warner Park, Basseterre, St Kitts",2,15.1,St Lucia Kings,St Kitts and Nevis Patriots,RL Chase,TH David,C Archibald,0,0,,,,,,,,,
1269716,2021,2021-09-05,"Warner Park, Basseterre, St Kitts",2,15.2,St Lucia Kings,St Kitts and Nevis Patriots,RL Chase,TH David,C Archibald,1,0,,,,,,,,,
1269716,2021,2021-09-05,"Warner Park, Basseterre, St Kitts",2,15.3,St Lucia Kings,St Kitts and Nevis Patriots,TH David,RL Chase,C Archibald,0,0,,,,,,,,,
1269716,2021,2021-09-05,"Warner Park, Basseterre, St Kitts",2,15.4,St Lucia Kings,St Kitts and Nevis Patriots,TH David,RL Chase,C Archibald,0,1,,1,,,,,,,
1269716,2021,2021-09-05,"Warner Park, Basseterre, St Kitts",2,15.5,St Lucia Kings,St Kitts and Nevis Patriots,TH David,RL Chase,C Archibald,6,0,,,,,,,,,
