match_id,season,start_date,venue,innings,ball,batting_team,bowling_team,striker,non_striker,bowler,runs_off_bat,extras,wides,noballs,byes,legbyes,penalty,wicket_type,player_dismissed,other_wicket_type,other_player_dismissed
1269717,2021,2021-09-05,"Warner Park, Basseterre, St Kitts",1,0.1,Jamaica Tallawahs,Trinbago Knight Riders,K Lewis,KSA McKenzie,AJ Hosein,0,0,,,,,,,,,
1269717,2021,2021-09-05,"Warner Park, Basseterre, St Kitts",1,0.2,Jamaica Tallawahs,Trinbago Knight Riders,K Lewis,KSA McKenzie,AJ Hosein,0,0,,,,,,caught,K Lewis,,
1269717,2021,2021-09-05,"Warner Park, Basseterre, St Kitts",1,0.3,Jamaica Tallawahs,Trinbago Knight Riders,Haider Ali,KSA McKenzie,AJ Hosein,0,0,,,,,,,,,
1269717,2021,2021-09-05,"Warner Park, Basseterre, St Kitts",1,0.4,Jamaica Tallawahs,Trinbago Knight Riders,Haider Ali,KSA McKenzie,AJ Hosein,0,0,,,,,,,,,
1269717,2021,2021-09-05,"Warner Park, Basseterre, St Kitts",1,0.5,Jamaica Tallawahs,Trinbago Knight Riders,Haider Ali,KSA McKenzie,AJ Hosein,0,0,,,,,,,,,
1269717,2021,2021-09-05,"Warner Park, Basseterre, St Kitts",1,0.6,Jamaica Tallawahs,Trinbago Knight Riders,Haider Ali,KSA McKenzie,AJ Hosein,0,0,,,,,,,,,
1269717,2021,2021-09-05,"Warner Park, Basseterre, St Kitts",1,1.1,Jamaica Tallawahs,Trinbago Knight Riders,KSA McKenzie,Haider Ali,R Rampaul,0,0,,,,,,,,,
1269717,2021,2021-09-05,"Warner Park, Basseterre, St Kitts",1,1.2,Jamaica Tallawahs,Trinbago Knight Riders,KSA McKenzie,Haider Ali,R Rampaul,2,0,,,,,,,,,
1269717,2021,2021-09-05,"Warner Park, Basseterre, St Kitts",1,1.3,Jamaica Tallawahs,Trinbago Knight Riders,KSA McKenzie,Haider Ali,R Rampaul,1,0,,,,,,,,,
1269717,2021,2021-09-05,"Warner Park, Basseterre, St Kitts",1,1.4,Jamaica Tallawahs,Trinbago Knight Riders,Haider Ali,KSA McKenzie,R Rampaul,0,0,,,,,,,,,
1269717,2021,2021-09-05,"Warner Park, Basseterre, St Kitts",1,1.5,Jamaica Tallawahs,Trinbago Knight Riders,Haider Ali,KSA McKenzie,R Rampaul,0,1,,,,1,,,,,
1269717,2021,2021-09-05,"Warner Park, Basseterre, St Kitts",1,1.6,Jamaica Tallawahs,Trinbago Knight Riders,KSA McKenzie,Haider Ali,R Rampaul,0,0,,,,,,,,,
1269717,2021,2021-09-05,"Warner Park, Basseterre, St Kitts",1,2.1,Jamaica Tallawahs,Trinbago Knight Riders,Haider Ali,KSA McKenzie,AJ Hosein,1,0,,,,,,,,,
1269717,2021,2021-09-05,"Warner Park, Basseterre, St Kitts",1,2.2,Jamaica Tallawahs,Trinbago Knight Riders,KSA McKenzie,Haider Ali,AJ Hosein,0,0,,,,,,,,,
1269717,2021,2021-09-05,"Warner Park, Basseterre, St Kitts",1,2.3,Jamaica Tallawahs,Trinbago Knight Riders,KSA McKenzie,Haider Ali,AJ Hosein,0,0,,,,,,,,,
1269717,2021,2021-09-05,"Warner Park, Basseterre, St Kitts",1,2.4,Jamaica Tallawahs,Trinbago Knight Riders,KSA McKenzie,Haider Ali,AJ Hosein,1,0,,,,,,,,,
1269717,2021,2021-09-05,"Warner Park, Basseterre, St Kitts",1,2.5,Jamaica Tallawahs,Trinbago Knight Riders,Haider Ali,KSA McKenzie,AJ Hosein,1,0,,,,,,,,,
1269717,2021,2021-09-05,"Warner Park, Basseterre, St Kitts",1,2.6,Jamaica Tallawahs,Trinbago Knight Riders,KSA McKenzie,Haider Ali,AJ Hosein,0,0,,,,,,,,,
1269717,2021,2021-09-05,"Warner Park, Basseterre, St Kitts",1,3.1,Jamaica Tallawahs,Trinbago Knight Riders,Haider Ali,KSA McKenzie,R Rampaul,0,0,,,,,,caught,Haider Ali,,
1269717,2021,2021-09-05,"Warner Park, Basseterre, St Kitts",1,3.2,Jamaica Tallawahs,Trinbago Knight Riders,KSA McKenzie,R Powell,R Rampaul,0,0,,,,,,,,,
1269717,2021,2021-09-05,"Warner Park, Basseterre, St Kitts",1,3.3,Jamaica Tallawahs,Trinbago Knight Riders,KSA McKenzie,R Powell,R Rampaul,0,0,,,,,,caught,KSA McKenzie,,
1269717,2021,2021-09-05,"Warner Park, Basseterre, St Kitts",1,3.4,Jamaica Tallawahs,Trinbago Knight Riders,JN Mohammed,R Powell,R Rampaul,1,0,,,,,,,,,
1269717,2021,2021-09-05,"Warner Park, Basseterre, St Kitts",1,3.5,Jamaica Tallawahs,Trinbago Knight Riders,R Powell,JN Mohammed,R Rampaul,0,0,,,,,,,,,
1269717,2021,2021-09-05,"Warner Park, Basseterre, St Kitts",1,3.6,Jamaica Tallawahs,Trinbago Knight Riders,R Powell,JN Mohammed,R Rampaul,0,0,,,,,,,,,
1269717,2021,2021-09-05,"Warner Park, Basseterre, St Kitts",1,4.1,Jamaica Tallawahs,Trinbago Knight Riders,JN Mohammed,R Powell,AJ Hosein,0,0,,,,,,,,,
1269717,2021,2021-09-05,"Warner Park, Basseterre, St Kitts",1,4.2,Jamaica Tallawahs,Trinbago Knight Riders,JN Mohammed,R Powell,AJ Hosein,0,0,,,,,,,,,
1269717,2021,2021-09-05,"Warner Park, Basseterre, St Kitts",1,4.3,Jamaica Tallawahs,Trinbago Knight Riders,JN Mohammed,R Powell,AJ Hosein,4,0,,,,,,,,,
1269717,2021,2021-09-05,"Warner Park, Basseterre, St Kitts",1,4.4,Jamaica Tallawahs,Trinbago Knight Riders,JN Mohammed,R Powell,AJ Hosein,0,0,,,,,,caught,JN Mohammed,,
1269717,2021,2021-09-05,"Warner Park, Basseterre, St Kitts",1,4.5,Jamaica Tallawahs,Trinbago Knight Riders,Imad Wasim,R Powell,AJ Hosein,0,0,,,,,,,,,
1269717,2021,2021-09-05,"Warner Park, Basseterre, St Kitts",1,4.6,Jamaica Tallawahs,Trinbago Knight Riders,Imad Wasim,R Powell,AJ Hosein,0,0,,,,,,,,,
1269717,2021,2021-09-05,"Warner Park, Basseterre, St Kitts",1,5.1,Jamaica Tallawahs,Trinbago Knight Riders,R Powell,Imad Wasim,SP Narine,0,0,,,,,,,,,
1269717,2021,2021-09-05,"Warner Park, Basseterre, St Kitts",1,5.2,Jamaica Tallawahs,Trinbago Knight Riders,R Powell,Imad Wasim,SP Narine,0,0,,,,,,,,,
1269717,2021,2021-09-05,"Warner Park, Basseterre, St Kitts",1,5.3,Jamaica Tallawahs,Trinbago Knight Riders,R Powell,Imad Wasim,SP Narine,0,3,3,,,,,,,,
1269717,2021,2021-09-05,"Warner Park, Basseterre, St Kitts",1,5.4,Jamaica Tallawahs,Trinbago Knight Riders,R Powell,Imad Wasim,SP Narine,0,0,,,,,,,,,
1269717,2021,2021-09-05,"Warner Park, Basseterre, St Kitts",1,5.5,Jamaica Tallawahs,Trinbago Knight Riders,R Powell,Imad Wasim,SP Narine,0,0,,,,,,,,,
1269717,2021,2021-09-05,"Warner Park, Basseterre, St Kitts",1,5.6,Jamaica Tallawahs,Trinbago Knight Riders,R Powell,Imad Wasim,SP Narine,0,0,,,,,,,,,
1269717,2021,2021-09-05,"Warner Park, Basseterre, St Kitts",1,5.7,Jamaica Tallawahs,Trinbago Knight Riders,R Powell,Imad Wasim,SP Narine,0,0,,,,,,caught,R Powell,,
1269717,2021,2021-09-05,"Warner Park, Basseterre, St Kitts",1,6.1,Jamaica Tallawahs,Trinbago Knight Riders,Imad Wasim,CR Brathwaite,K Pierre,1,0,,,,,,,,,
1269717,2021,2021-09-05,"Warner Park, Basseterre, St Kitts",1,6.2,Jamaica Tallawahs,Trinbago Knight Riders,CR Brathwaite,Imad Wasim,K Pierre,1,0,,,,,,,,,
1269717,2021,2021-09-05,"Warner Park, Basseterre, St Kitts",1,6.3,Jamaica Tallawahs,Trinbago Knight Riders,Imad Wasim,CR Brathwaite,K Pierre,0,0,,,,,,,,,
1269717,2021,2021-09-05,"Warner Park, Basseterre, St Kitts",1,6.4,Jamaica Tallawahs,Trinbago Knight Riders,Imad Wasim,CR Brathwaite,K Pierre,1,0,,,,,,,,,
1269717,2021,2021-09-05,"Warner Park, Basseterre, St Kitts",1,6.5,Jamaica Tallawahs,Trinbago Knight Riders,CR Brathwaite,Imad Wasim,K Pierre,0,0,,,,,,,,,
1269717,2021,2021-09-05,"Warner Park, Basseterre, St Kitts",1,6.6,Jamaica Tallawahs,Trinbago Knight Riders,CR Brathwaite,Imad Wasim,K Pierre,0,0,,,,,,,,,
1269717,2021,2021-09-05,"Warner Park, Basseterre, St Kitts",1,7.1,Jamaica Tallawahs,Trinbago Knight Riders,Imad Wasim,CR Brathwaite,SP Narine,0,0,,,,,,,,,
1269717,2021,2021-09-05,"Warner Park, Basseterre, St Kitts",1,7.2,Jamaica Tallawahs,Trinbago Knight Riders,Imad Wasim,CR Brathwaite,SP Narine,0,0,,,,,,,,,
1269717,2021,2021-09-05,"Warner Park, Basseterre, St Kitts",1,7.3,Jamaica Tallawahs,Trinbago Knight Riders,Imad Wasim,CR Brathwaite,SP Narine,0,0,,,,,,,,,
1269717,2021,2021-09-05,"Warner Park, Basseterre, St Kitts",1,7.4,Jamaica Tallawahs,Trinbago Knight Riders,Imad Wasim,CR Brathwaite,SP Narine,1,0,,,,,,,,,
1269717,2021,2021-09-05,"Warner Park, Basseterre, St Kitts",1,7.5,Jamaica Tallawahs,Trinbago Knight Riders,CR Brathwaite,Imad Wasim,SP Narine,1,0,,,,,,,,,
1269717,2021,2021-09-05,"Warner Park, Basseterre, St Kitts",1,7.6,Jamaica Tallawahs,Trinbago Knight Riders,Imad Wasim,CR Brathwaite,SP Narine,1,0,,,,,,,,,
1269717,2021,2021-09-05,"Warner Park, Basseterre, St Kitts",1,8.1,Jamaica Tallawahs,Trinbago Knight Riders,Imad Wasim,CR Brathwaite,K Pierre,1,0,,,,,,,,,
1269717,2021,2021-09-05,"Warner Park, Basseterre, St Kitts",1,8.2,Jamaica Tallawahs,Trinbago Knight Riders,CR Brathwaite,Imad Wasim,K Pierre,0,0,,,,,,,,,
1269717,2021,2021-09-05,"Warner Park, Basseterre, St Kitts",1,8.3,Jamaica Tallawahs,Trinbago Knight Riders,CR Brathwaite,Imad Wasim,K Pierre,0,0,,,,,,,,,
1269717,2021,2021-09-05,"Warner Park, Basseterre, St Kitts",1,8.4,Jamaica Tallawahs,Trinbago Knight Riders,CR Brathwaite,Imad Wasim,K Pierre,1,0,,,,,,,,,
1269717,2021,2021-09-05,"Warner Park, Basseterre, St Kitts",1,8.5,Jamaica Tallawahs,Trinbago Knight Riders,Imad Wasim,CR Brathwaite,K Pierre,4,0,,,,,,,,,
1269717,2021,2021-09-05,"Warner Park, Basseterre, St Kitts",1,8.6,Jamaica Tallawahs,Trinbago Knight Riders,Imad Wasim,CR Brathwaite,K Pierre,1,0,,,,,,,,,
1269717,2021,2021-09-05,"Warner Park, Basseterre, St Kitts",1,9.1,Jamaica Tallawahs,Trinbago Knight Riders,Imad Wasim,CR Brathwaite,SP Narine,0,4,,,4,,,,,,
1269717,2021,2021-09-05,"Warner Park, Basseterre, St Kitts",1,9.2,Jamaica Tallawahs,Trinbago Knight Riders,Imad Wasim,CR Brathwaite,SP Narine,1,0,,,,,,,,,
1269717,2021,2021-09-05,"Warner Park, Basseterre, St Kitts",1,9.3,Jamaica Tallawahs,Trinbago Knight Riders,CR Brathwaite,Imad Wasim,SP Narine,0,0,,,,,,,,,
1269717,2021,2021-09-05,"Warner Park, Basseterre, St Kitts",1,9.4,Jamaica Tallawahs,Trinbago Knight Riders,CR Brathwaite,Imad Wasim,SP Narine,1,0,,,,,,,,,
1269717,2021,2021-09-05,"Warner Park, Basseterre, St Kitts",1,9.5,Jamaica Tallawahs,Trinbago Knight Riders,Imad Wasim,CR Brathwaite,SP Narine,0,0,,,,,,,,,
1269717,2021,2021-09-05,"Warner Park, Basseterre, St Kitts",1,9.6,Jamaica Tallawahs,Trinbago Knight Riders,Imad Wasim,CR Brathwaite,SP Narine,0,0,,,,,,,,,
1269717,2021,2021-09-05,"Warner Park, Basseterre, St Kitts",1,10.1,Jamaica Tallawahs,Trinbago Knight Riders,CR Brathwaite,Imad Wasim,K Pierre,0,0,,,,,,,,,
1269717,2021,2021-09-05,"Warner Park, Basseterre, St Kitts",1,10.2,Jamaica Tallawahs,Trinbago Knight Riders,CR Brathwaite,Imad Wasim,K Pierre,0,0,,,,,,,,,
1269717,2021,2021-09-05,"Warner Park, Basseterre, St Kitts",1,10.3,Jamaica Tallawahs,Trinbago Knight Riders,CR Brathwaite,Imad Wasim,K Pierre,1,0,,,,,,,,,
1269717,2021,2021-09-05,"Warner Park, Basseterre, St Kitts",1,10.4,Jamaica Tallawahs,Trinbago Knight Riders,Imad Wasim,CR Brathwaite,K Pierre,0,1,1,,,,,,,,
1269717,2021,2021-09-05,"Warner Park, Basseterre, St Kitts",1,10.5,Jamaica Tallawahs,Trinbago Knight Riders,Imad Wasim,CR Brathwaite,K Pierre,6,0,,,,,,,,,
1269717,2021,2021-09-05,"Warner Park, Basseterre, St Kitts",1,10.6,Jamaica Tallawahs,Trinbago Knight Riders,Imad Wasim,CR Brathwaite,K Pierre,0,0,,,,,,,,,
1269717,2021,2021-09-05,"Warner Park, Basseterre, St Kitts",1,10.7,Jamaica Tallawahs,Trinbago Knight Riders,Imad Wasim,CR Brathwaite,K Pierre,0,0,,,,,,,,,
1269717,2021,2021-09-05,"Warner Park, Basseterre, St Kitts",1,11.1,Jamaica Tallawahs,Trinbago Knight Riders,CR Brathwaite,Imad Wasim,KA Pollard,1,0,,,,,,,,,
1269717,2021,2021-09-05,"Warner Park, Basseterre, St Kitts",1,11.2,Jamaica Tallawahs,Trinbago Knight Riders,Imad Wasim,CR Brathwaite,KA Pollard,2,0,,,,,,,,,
1269717,2021,2021-09-05,"Warner Park, Basseterre, St Kitts",1,11.3,Jamaica Tallawahs,Trinbago Knight Riders,Imad Wasim,CR Brathwaite,KA Pollard,4,0,,,,,,,,,
1269717,2021,2021-09-05,"Warner Park, Basseterre, St Kitts",1,11.4,Jamaica Tallawahs,Trinbago Knight Riders,Imad Wasim,CR Brathwaite,KA Pollard,4,0,,,,,,,,,
1269717,2021,2021-09-05,"Warner Park, Basseterre, St Kitts",1,11.5,Jamaica Tallawahs,Trinbago Knight Riders,Imad Wasim,CR Brathwaite,KA Pollard,0,1,1,,,,,,,,
1269717,2021,2021-09-05,"Warner Park, Basseterre, St Kitts",1,11.6,Jamaica Tallawahs,Trinbago Knight Riders,Imad Wasim,CR Brathwaite,KA Pollard,0,0,,,,,,,,,
1269717,2021,2021-09-05,"Warner Park, Basseterre, St Kitts",1,11.7,Jamaica Tallawahs,Trinbago Knight Riders,Imad Wasim,CR Brathwaite,KA Pollard,0,0,,,,,,,,,
1269717,2021,2021-09-05,"Warner Park, Basseterre, St Kitts",1,12.1,Jamaica Tallawahs,Trinbago Knight Riders,CR Brathwaite,Imad Wasim,K Pierre,1,0,,,,,,,,,
1269717,2021,2021-09-05,"Warner Park, Basseterre, St Kitts",1,12.2,Jamaica Tallawahs,Trinbago Knight Riders,Imad Wasim,CR Brathwaite,K Pierre,1,0,,,,,,,,,
1269717,2021,2021-09-05,"Warner Park, Basseterre, St Kitts",1,12.3,Jamaica Tallawahs,Trinbago Knight Riders,CR Brathwaite,Imad Wasim,K Pierre,1,0,,,,,,,,,
1269717,2021,2021-09-05,"Warner Park, Basseterre, St Kitts",1,12.4,Jamaica Tallawahs,Trinbago Knight Riders,Imad Wasim,CR Brathwaite,K Pierre,2,0,,,,,,,,,
1269717,2021,2021-09-05,"Warner Park, Basseterre, St Kitts",1,12.5,Jamaica Tallawahs,Trinbago Knight Riders,Imad Wasim,CR Brathwaite,K Pierre,1,0,,,,,,,,,
1269717,2021,2021-09-05,"Warner Park, Basseterre, St Kitts",1,12.6,Jamaica Tallawahs,Trinbago Knight Riders,CR Brathwaite,Imad Wasim,K Pierre,2,0,,,,,,,,,
1269717,2021,2021-09-05,"Warner Park, Basseterre, St Kitts",1,13.1,Jamaica Tallawahs,Trinbago Knight Riders,Imad Wasim,CR Brathwaite,I Udana,1,0,,,,,,,,,
1269717,2021,2021-09-05,"Warner Park, Basseterre, St Kitts",1,13.2,Jamaica Tallawahs,Trinbago Knight Riders,CR Brathwaite,Imad Wasim,I Udana,4,0,,,,,,,,,
1269717,2021,2021-09-05,"Warner Park, Basseterre, St Kitts",1,13.3,Jamaica Tallawahs,Trinbago Knight Riders,CR Brathwaite,Imad Wasim,I Udana,4,0,,,,,,,,,
1269717,2021,2021-09-05,"Warner Park, Basseterre, St Kitts",1,13.4,Jamaica Tallawahs,Trinbago Knight Riders,CR Brathwaite,Imad Wasim,I Udana,4,0,,,,,,,,,
1269717,2021,2021-09-05,"Warner Park, Basseterre, St Kitts",1,13.5,Jamaica Tallawahs,Trinbago Knight Riders,CR Brathwaite,Imad Wasim,I Udana,1,0,,,,,,,,,
1269717,2021,2021-09-05,"Warner Park, Basseterre, St Kitts",1,13.6,Jamaica Tallawahs,Trinbago Knight Riders,Imad Wasim,CR Brathwaite,I Udana,6,0,,,,,,,,,
1269717,2021,2021-09-05,"Warner Park, Basseterre, St Kitts",1,14.1,Jamaica Tallawahs,Trinbago Knight Riders,CR Brathwaite,Imad Wasim,AJ Hosein,0,0,,,,,,,,,
1269717,2021,2021-09-05,"Warner Park, Basseterre, St Kitts",1,14.2,Jamaica Tallawahs,Trinbago Knight Riders,CR Brathwaite,Imad Wasim,AJ Hosein,1,0,,,,,,,,,
1269717,2021,2021-09-05,"Warner Park, Basseterre, St Kitts",1,14.3,Jamaica Tallawahs,Trinbago Knight Riders,Imad Wasim,CR Brathwaite,AJ Hosein,1,0,,,,,,,,,
1269717,2021,2021-09-05,"Warner Park, Basseterre, St Kitts",1,14.4,Jamaica Tallawahs,Trinbago Knight Riders,CR Brathwaite,Imad Wasim,AJ Hosein,1,0,,,,,,,,,
1269717,2021,2021-09-05,"Warner Park, Basseterre, St Kitts",1,14.5,Jamaica Tallawahs,Trinbago Knight Riders,Imad Wasim,CR Brathwaite,AJ Hosein,1,0,,,,,,,,,
1269717,2021,2021-09-05,"Warner Park, Basseterre, St Kitts",1,14.6,Jamaica Tallawahs,Trinbago Knight Riders,CR Brathwaite,Imad Wasim,AJ Hosein,1,0,,,,,,,,,
1269717,2021,2021-09-05,"Warner Park, Basseterre, St Kitts",1,15.1,Jamaica Tallawahs,Trinbago Knight Riders,CR Brathwaite,Imad Wasim,R Rampaul,6,0,,,,,,,,,
1269717,2021,2021-09-05,"Warner Park, Basseterre, St Kitts",1,15.2,Jamaica Tallawahs,Trinbago Knight Riders,CR Brathwaite,Imad Wasim,R Rampaul,0,1,,,,1,,,,,
1269717,2021,2021-09-05,"Warner Park, Basseterre, St Kitts",1,15.3,Jamaica Tallawahs,Trinbago Knight Riders,Imad Wasim,CR Brathwaite,R Rampaul,0,0,,,,,,,,,
1269717,2021,2021-09-05,"Warner Park, Basseterre, St Kitts",1,15.4,Jamaica Tallawahs,Trinbago Knight Riders,Imad Wasim,CR Brathwaite,R Rampaul,0,0,,,,,,,,,
1269717,2021,2021-09-05,"Warner Park, Basseterre, St Kitts",1,15.5,Jamaica Tallawahs,Trinbago Knight Riders,Imad Wasim,CR Brathwaite,R Rampaul,0,1,1,,,,,,,,
1269717,2021,2021-09-05,"Warner Park, Basseterre, St Kitts",1,15.6,Jamaica Tallawahs,Trinbago Knight Riders,Imad Wasim,CR Brathwaite,R Rampaul,0,0,,,,,,,,,
1269717,2021,2021-09-05,"Warner Park, Basseterre, St Kitts",1,15.7,Jamaica Tallawahs,Trinbago Knight Riders,Imad Wasim,CR Brathwaite,R Rampaul,1,0,,,,,,,,,
1269717,2021,2021-09-05,"Warner Park, Basseterre, St Kitts",1,16.1,Jamaica Tallawahs,Trinbago Knight Riders,Imad Wasim,CR Brathwaite,I Udana,1,0,,,,,,,,,
1269717,2021,2021-09-05,"Warner Park, Basseterre, St Kitts",1,16.2,Jamaica Tallawahs,Trinbago Knight Riders,CR Brathwaite,Imad Wasim,I Udana,1,0,,,,,,,,,
1269717,2021,2021-09-05,"Warner Park, Basseterre, St Kitts",1,16.3,Jamaica Tallawahs,Trinbago Knight Riders,Imad Wasim,CR Brathwaite,I Udana,0,0,,,,,,caught,Imad Wasim,,
1269717,2021,2021-09-05,"Warner Park, Basseterre, St Kitts",1,16.4,Jamaica Tallawahs,Trinbago Knight Riders,CR Brathwaite,AD Russell,I Udana,0,0,,,,,,,,,
1269717,2021,2021-09-05,"Warner Park, Basseterre, St Kitts",1,16.5,Jamaica Tallawahs,Trinbago Knight Riders,CR Brathwaite,AD Russell,I Udana,4,0,,,,,,,,,
1269717,2021,2021-09-05,"Warner Park, Basseterre, St Kitts",1,16.6,Jamaica Tallawahs,Trinbago Knight Riders,CR Brathwaite,AD Russell,I Udana,4,0,,,,,,,,,
1269717,2021,2021-09-05,"Warner Park, Basseterre, St Kitts",1,17.1,Jamaica Tallawahs,Trinbago Knight Riders,AD Russell,CR Brathwaite,SP Narine,0,0,,,,,,,,,
1269717,2021,2021-09-05,"Warner Park, Basseterre, St Kitts",1,17.2,Jamaica Tallawahs,Trinbago Knight Riders,AD Russell,CR Brathwaite,SP Narine,1,0,,,,,,,,,
1269717,2021,2021-09-05,"Warner Park, Basseterre, St Kitts",1,17.3,Jamaica Tallawahs,Trinbago Knight Riders,CR Brathwaite,AD Russell,SP Narine,0,0,,,,,,,,,
1269717,2021,2021-09-05,"Warner Park, Basseterre, St Kitts",1,17.4,Jamaica Tallawahs,Trinbago Knight Riders,CR Brathwaite,AD Russell,SP Narine,4,0,,,,,,,,,
1269717,2021,2021-09-05,"Warner Park, Basseterre, St Kitts",1,17.5,Jamaica Tallawahs,Trinbago Knight Riders,CR Brathwaite,AD Russell,SP Narine,0,0,,,,,,,,,
1269717,2021,2021-09-05,"Warner Park, Basseterre, St Kitts",1,17.6,Jamaica Tallawahs,Trinbago Knight Riders,CR Brathwaite,AD Russell,SP Narine,0,0,,,,,,,,,
1269717,2021,2021-09-05,"Warner Park, Basseterre, St Kitts",1,18.1,Jamaica Tallawahs,Trinbago Knight Riders,AD Russell,CR Brathwaite,R Rampaul,1,0,,,,,,,,,
1269717,2021,2021-09-05,"Warner Park, Basseterre, St Kitts",1,18.2,Jamaica Tallawahs,Trinbago Knight Riders,CR Brathwaite,AD Russell,R Rampaul,0,1,1,,,,,,,,
1269717,2021,2021-09-05,"Warner Park, Basseterre, St Kitts",1,18.3,Jamaica Tallawahs,Trinbago Knight Riders,CR Brathwaite,AD Russell,R Rampaul,0,0,,,,,,,,,
1269717,2021,2021-09-05,"Warner Park, Basseterre, St Kitts",1,18.4,Jamaica Tallawahs,Trinbago Knight Riders,CR Brathwaite,AD Russell,R Rampaul,6,0,,,,,,,,,
1269717,2021,2021-09-05,"Warner Park, Basseterre, St Kitts",1,18.5,Jamaica Tallawahs,Trinbago Knight Riders,CR Brathwaite,AD Russell,R Rampaul,4,0,,,,,,,,,
1269717,2021,2021-09-05,"Warner Park, Basseterre, St Kitts",1,18.6,Jamaica Tallawahs,Trinbago Knight Riders,CR Brathwaite,AD Russell,R Rampaul,1,0,,,,,,,,,
1269717,2021,2021-09-05,"Warner Park, Basseterre, St Kitts",1,18.7,Jamaica Tallawahs,Trinbago Knight Riders,AD Russell,CR Brathwaite,R Rampaul,1,0,,,,,,,,,
1269717,2021,2021-09-05,"Warner Park, Basseterre, St Kitts",1,19.1,Jamaica Tallawahs,Trinbago Knight Riders,AD Russell,CR Brathwaite,I Udana,4,0,,,,,,,,,
1269717,2021,2021-09-05,"Warner Park, Basseterre, St Kitts",1,19.2,Jamaica Tallawahs,Trinbago Knight Riders,AD Russell,CR Brathwaite,I Udana,6,0,,,,,,,,,
1269717,2021,2021-09-05,"Warner Park, Basseterre, St Kitts",1,19.3,Jamaica Tallawahs,Trinbago Knight Riders,AD Russell,CR Brathwaite,I Udana,1,0,,,,,,,,,
1269717,2021,2021-09-05,"Warner Park, Basseterre, St Kitts",1,19.4,Jamaica Tallawahs,Trinbago Knight Riders,CR Brathwaite,AD Russell,I Udana,2,0,,,,,,,,,
1269717,2021,2021-09-05,"Warner Park, Basseterre, St Kitts",1,19.5,Jamaica Tallawahs,Trinbago Knight Riders,CR Brathwaite,AD Russell,I Udana,0,0,,,,,,run out,CR Brathwaite,,
1269717,2021,2021-09-05,"Warner Park, Basseterre, St Kitts",1,19.6,Jamaica Tallawahs,Trinbago Knight Riders,AD Russell,CJ Green,I Udana,6,0,,,,,,,,,
1269717,2021,2021-09-05,"Warner Park, Basseterre, St Kitts",2,0.1,Trinbago Knight Riders,Jamaica Tallawahs,SP Narine,LMP Simmons,FH Edwards,1,0,,,,,,,,,
1269717,2021,2021-09-05,"Warner Park, Basseterre, St Kitts",2,0.2,Trinbago Knight Riders,Jamaica Tallawahs,LMP Simmons,SP Narine,FH Edwards,1,0,,,,,,,,,
1269717,2021,2021-09-05,"Warner Park, Basseterre, St Kitts",2,0.3,Trinbago Knight Riders,Jamaica Tallawahs,SP Narine,LMP Simmons,FH Edwards,0,0,,,,,,,,,
1269717,2021,2021-09-05,"Warner Park, Basseterre, St Kitts",2,0.4,Trinbago Knight Riders,Jamaica Tallawahs,SP Narine,LMP Simmons,FH Edwards,0,0,,,,,,,,,
1269717,2021,2021-09-05,"Warner Park, Basseterre, St Kitts",2,0.5,Trinbago Knight Riders,Jamaica Tallawahs,SP Narine,LMP Simmons,FH Edwards,4,0,,,,,,,,,
1269717,2021,2021-09-05,"Warner Park, Basseterre, St Kitts",2,0.6,Trinbago Knight Riders,Jamaica Tallawahs,SP Narine,LMP Simmons,FH Edwards,0,0,,,,,,,,,
1269717,2021,2021-09-05,"Warner Park, Basseterre, St Kitts",2,1.1,Trinbago Knight Riders,Jamaica Tallawahs,LMP Simmons,SP Narine,Imad Wasim,0,0,,,,,,,,,
1269717,2021,2021-09-05,"Warner Park, Basseterre, St Kitts",2,1.2,Trinbago Knight Riders,Jamaica Tallawahs,LMP Simmons,SP Narine,Imad Wasim,0,0,,,,,,,,,
1269717,2021,2021-09-05,"Warner Park, Basseterre, St Kitts",2,1.3,Trinbago Knight Riders,Jamaica Tallawahs,LMP Simmons,SP Narine,Imad Wasim,1,0,,,,,,,,,
1269717,2021,2021-09-05,"Warner Park, Basseterre, St Kitts",2,1.4,Trinbago Knight Riders,Jamaica Tallawahs,SP Narine,LMP Simmons,Imad Wasim,4,0,,,,,,,,,
1269717,2021,2021-09-05,"Warner Park, Basseterre, St Kitts",2,1.5,Trinbago Knight Riders,Jamaica Tallawahs,SP Narine,LMP Simmons,Imad Wasim,0,0,,,,,,,,,
1269717,2021,2021-09-05,"Warner Park, Basseterre, St Kitts",2,1.6,Trinbago Knight Riders,Jamaica Tallawahs,SP Narine,LMP Simmons,Imad Wasim,0,0,,,,,,lbw,SP Narine,,
1269717,2021,2021-09-05,"Warner Park, Basseterre, St Kitts",2,2.1,Trinbago Knight Riders,Jamaica Tallawahs,LMP Simmons,C Munro,CJ Green,0,0,,,,,,,,,
1269717,2021,2021-09-05,"Warner Park, Basseterre, St Kitts",2,2.2,Trinbago Knight Riders,Jamaica Tallawahs,LMP Simmons,C Munro,CJ Green,0,0,,,,,,,,,
1269717,2021,2021-09-05,"Warner Park, Basseterre, St Kitts",2,2.3,Trinbago Knight Riders,Jamaica Tallawahs,LMP Simmons,C Munro,CJ Green,1,0,,,,,,,,,
1269717,2021,2021-09-05,"Warner Park, Basseterre, St Kitts",2,2.4,Trinbago Knight Riders,Jamaica Tallawahs,C Munro,LMP Simmons,CJ Green,2,0,,,,,,,,,
1269717,2021,2021-09-05,"Warner Park, Basseterre, St Kitts",2,2.5,Trinbago Knight Riders,Jamaica Tallawahs,C Munro,LMP Simmons,CJ Green,4,0,,,,,,,,,
1269717,2021,2021-09-05,"Warner Park, Basseterre, St Kitts",2,2.6,Trinbago Knight Riders,Jamaica Tallawahs,C Munro,LMP Simmons,CJ Green,0,0,,,,,,,,,
1269717,2021,2021-09-05,"Warner Park, Basseterre, St Kitts",2,3.1,Trinbago Knight Riders,Jamaica Tallawahs,LMP Simmons,C Munro,Imad Wasim,1,0,,,,,,,,,
1269717,2021,2021-09-05,"Warner Park, Basseterre, St Kitts",2,3.2,Trinbago Knight Riders,Jamaica Tallawahs,C Munro,LMP Simmons,Imad Wasim,0,0,,,,,,,,,
1269717,2021,2021-09-05,"Warner Park, Basseterre, St Kitts",2,3.3,Trinbago Knight Riders,Jamaica Tallawahs,C Munro,LMP Simmons,Imad Wasim,1,0,,,,,,,,,
1269717,2021,2021-09-05,"Warner Park, Basseterre, St Kitts",2,3.4,Trinbago Knight Riders,Jamaica Tallawahs,LMP Simmons,C Munro,Imad Wasim,0,0,,,,,,,,,
1269717,2021,2021-09-05,"Warner Park, Basseterre, St Kitts",2,3.5,Trinbago Knight Riders,Jamaica Tallawahs,LMP Simmons,C Munro,Imad Wasim,4,0,,,,,,,,,
1269717,2021,2021-09-05,"Warner Park, Basseterre, St Kitts",2,3.6,Trinbago Knight Riders,Jamaica Tallawahs,LMP Simmons,C Munro,Imad Wasim,1,0,,,,,,,,,
1269717,2021,2021-09-05,"Warner Park, Basseterre, St Kitts",2,4.1,Trinbago Knight Riders,Jamaica Tallawahs,LMP Simmons,C Munro,CJ Green,0,0,,,,,,,,,
1269717,2021,2021-09-05,"Warner Park, Basseterre, St Kitts",2,4.2,Trinbago Knight Riders,Jamaica Tallawahs,LMP Simmons,C Munro,CJ Green,1,0,,,,,,,,,
1269717,2021,2021-09-05,"Warner Park, Basseterre, St Kitts",2,4.3,Trinbago Knight Riders,Jamaica Tallawahs,C Munro,LMP Simmons,CJ Green,0,0,,,,,,,,,
1269717,2021,2021-09-05,"Warner Park, Basseterre, St Kitts",2,4.4,Trinbago Knight Riders,Jamaica Tallawahs,C Munro,LMP Simmons,CJ Green,0,0,,,,,,,,,
1269717,2021,2021-09-05,"Warner Park, Basseterre, St Kitts",2,4.5,Trinbago Knight Riders,Jamaica Tallawahs,C Munro,LMP Simmons,CJ Green,6,0,,,,,,,,,
1269717,2021,2021-09-05,"Warner Park, Basseterre, St Kitts",2,4.6,Trinbago Knight Riders,Jamaica Tallawahs,C Munro,LMP Simmons,CJ Green,0,0,,,,,,,,,
1269717,2021,2021-09-05,"Warner Park, Basseterre, St Kitts",2,5.1,Trinbago Knight Riders,Jamaica Tallawahs,LMP Simmons,C Munro,M Pretorius,0,0,,,,,,,,,
1269717,2021,2021-09-05,"Warner Park, Basseterre, St Kitts",2,5.2,Trinbago Knight Riders,Jamaica Tallawahs,LMP Simmons,C Munro,M Pretorius,6,0,,,,,,,,,
1269717,2021,2021-09-05,"Warner Park, Basseterre, St Kitts",2,5.3,Trinbago Knight Riders,Jamaica Tallawahs,LMP Simmons,C Munro,M Pretorius,1,0,,,,,,,,,
1269717,2021,2021-09-05,"Warner Park, Basseterre, St Kitts",2,5.4,Trinbago Knight Riders,Jamaica Tallawahs,C Munro,LMP Simmons,M Pretorius,1,0,,,,,,,,,
1269717,2021,2021-09-05,"Warner Park, Basseterre, St Kitts",2,5.5,Trinbago Knight Riders,Jamaica Tallawahs,LMP Simmons,C Munro,M Pretorius,0,0,,,,,,,,,
1269717,2021,2021-09-05,"Warner Park, Basseterre, St Kitts",2,5.6,Trinbago Knight Riders,Jamaica Tallawahs,LMP Simmons,C Munro,M Pretorius,1,0,,,,,,,,,
1269717,2021,2021-09-05,"Warner Park, Basseterre, St Kitts",2,6.1,Trinbago Knight Riders,Jamaica Tallawahs,LMP Simmons,C Munro,AD Russell,1,0,,,,,,,,,
1269717,2021,2021-09-05,"Warner Park, Basseterre, St Kitts",2,6.2,Trinbago Knight Riders,Jamaica Tallawahs,C Munro,LMP Simmons,AD Russell,0,0,,,,,,,,,
1269717,2021,2021-09-05,"Warner Park, Basseterre, St Kitts",2,6.3,Trinbago Knight Riders,Jamaica Tallawahs,C Munro,LMP Simmons,AD Russell,0,0,,,,,,,,,
1269717,2021,2021-09-05,"Warner Park, Basseterre, St Kitts",2,6.4,Trinbago Knight Riders,Jamaica Tallawahs,C Munro,LMP Simmons,AD Russell,0,0,,,,,,,,,
1269717,2021,2021-09-05,"Warner Park, Basseterre, St Kitts",2,6.5,Trinbago Knight Riders,Jamaica Tallawahs,C Munro,LMP Simmons,AD Russell,1,0,,,,,,,,,
1269717,2021,2021-09-05,"Warner Park, Basseterre, St Kitts",2,6.6,Trinbago Knight Riders,Jamaica Tallawahs,LMP Simmons,C Munro,AD Russell,1,0,,,,,,,,,
1269717,2021,2021-09-05,"Warner Park, Basseterre, St Kitts",2,7.1,Trinbago Knight Riders,Jamaica Tallawahs,LMP Simmons,C Munro,M Pretorius,1,0,,,,,,,,,
1269717,2021,2021-09-05,"Warner Park, Basseterre, St Kitts",2,7.2,Trinbago Knight Riders,Jamaica Tallawahs,C Munro,LMP Simmons,M Pretorius,0,0,,,,,,,,,
1269717,2021,2021-09-05,"Warner Park, Basseterre, St Kitts",2,7.3,Trinbago Knight Riders,Jamaica Tallawahs,C Munro,LMP Simmons,M Pretorius,1,0,,,,,,,,,
1269717,2021,2021-09-05,"Warner Park, Basseterre, St Kitts",2,7.4,Trinbago Knight Riders,Jamaica Tallawahs,LMP Simmons,C Munro,M Pretorius,1,0,,,,,,,,,
1269717,2021,2021-09-05,"Warner Park, Basseterre, St Kitts",2,7.5,Trinbago Knight Riders,Jamaica Tallawahs,C Munro,LMP Simmons,M Pretorius,1,0,,,,,,,,,
1269717,2021,2021-09-05,"Warner Park, Basseterre, St Kitts",2,7.6,Trinbago Knight Riders,Jamaica Tallawahs,LMP Simmons,C Munro,M Pretorius,0,0,,,,,,,,,
1269717,2021,2021-09-05,"Warner Park, Basseterre, St Kitts",2,8.1,Trinbago Knight Riders,Jamaica Tallawahs,C Munro,LMP Simmons,AD Russell,1,0,,,,,,,,,
1269717,2021,2021-09-05,"Warner Park, Basseterre, St Kitts",2,8.2,Trinbago Knight Riders,Jamaica Tallawahs,LMP Simmons,C Munro,AD Russell,6,0,,,,,,,,,
1269717,2021,2021-09-05,"Warner Park, Basseterre, St Kitts",2,8.3,Trinbago Knight Riders,Jamaica Tallawahs,LMP Simmons,C Munro,AD Russell,1,0,,,,,,,,,
1269717,2021,2021-09-05,"Warner Park, Basseterre, St Kitts",2,8.4,Trinbago Knight Riders,Jamaica Tallawahs,C Munro,LMP Simmons,AD Russell,1,0,,,,,,,,,
1269717,2021,2021-09-05,"Warner Park, Basseterre, St Kitts",2,8.5,Trinbago Knight Riders,Jamaica Tallawahs,LMP Simmons,C Munro,AD Russell,0,0,,,,,,,,,
1269717,2021,2021-09-05,"Warner Park, Basseterre, St Kitts",2,8.6,Trinbago Knight Riders,Jamaica Tallawahs,LMP Simmons,C Munro,AD Russell,0,0,,,,,,,,,
1269717,2021,2021-09-05,"Warner Park, Basseterre, St Kitts",2,9.1,Trinbago Knight Riders,Jamaica Tallawahs,C Munro,LMP Simmons,CJ Green,1,0,,,,,,,,,
1269717,2021,2021-09-05,"Warner Park, Basseterre, St Kitts",2,9.2,Trinbago Knight Riders,Jamaica Tallawahs,LMP Simmons,C Munro,CJ Green,0,5,5,,,,,,,,
1269717,2021,2021-09-05,"Warner Park, Basseterre, St Kitts",2,9.3,Trinbago Knight Riders,Jamaica Tallawahs,LMP Simmons,C Munro,CJ Green,1,0,,,,,,,,,
1269717,2021,2021-09-05,"Warner Park, Basseterre, St Kitts",2,9.4,Trinbago Knight Riders,Jamaica Tallawahs,C Munro,LMP Simmons,CJ Green,0,0,,,,,,,,,
1269717,2021,2021-09-05,"Warner Park, Basseterre, St Kitts",2,9.5,Trinbago Knight Riders,Jamaica Tallawahs,C Munro,LMP Simmons,CJ Green,1,0,,,,,,,,,
1269717,2021,2021-09-05,"Warner Park, Basseterre, St Kitts",2,9.6,Trinbago Knight Riders,Jamaica Tallawahs,LMP Simmons,C Munro,CJ Green,1,0,,,,,,,,,
1269717,2021,2021-09-05,"Warner Park, Basseterre, St Kitts",2,9.7,Trinbago Knight Riders,Jamaica Tallawahs,C Munro,LMP Simmons,CJ Green,1,0,,,,,,,,,
1269717,2021,2021-09-05,"Warner Park, Basseterre, St Kitts",2,10.1,Trinbago Knight Riders,Jamaica Tallawahs,C Munro,LMP Simmons,FH Edwards,2,0,,,,,,,,,
1269717,2021,2021-09-05,"Warner Park, Basseterre, St Kitts",2,10.2,Trinbago Knight Riders,Jamaica Tallawahs,C Munro,LMP Simmons,FH Edwards,4,0,,,,,,,,,
1269717,2021,2021-09-05,"Warner Park, Basseterre, St Kitts",2,10.3,Trinbago Knight Riders,Jamaica Tallawahs,C Munro,LMP Simmons,FH Edwards,1,0,,,,,,,,,
1269717,2021,2021-09-05,"Warner Park, Basseterre, St Kitts",2,10.4,Trinbago Knight Riders,Jamaica Tallawahs,LMP Simmons,C Munro,FH Edwards,1,0,,,,,,,,,
1269717,2021,2021-09-05,"Warner Park, Basseterre, St Kitts",2,10.5,Trinbago Knight Riders,Jamaica Tallawahs,C Munro,LMP Simmons,FH Edwards,1,0,,,,,,,,,
1269717,2021,2021-09-05,"Warner Park, Basseterre, St Kitts",2,10.6,Trinbago Knight Riders,Jamaica Tallawahs,LMP Simmons,C Munro,FH Edwards,4,0,,,,,,,,,
1269717,2021,2021-09-05,"Warner Park, Basseterre, St Kitts",2,11.1,Trinbago Knight Riders,Jamaica Tallawahs,C Munro,LMP Simmons,CR Brathwaite,1,0,,,,,,,,,
1269717,2021,2021-09-05,"Warner Park, Basseterre, St Kitts",2,11.2,Trinbago Knight Riders,Jamaica Tallawahs,LMP Simmons,C Munro,CR Brathwaite,0,1,1,,,,,,,,
1269717,2021,2021-09-05,"Warner Park, Basseterre, St Kitts",2,11.3,Trinbago Knight Riders,Jamaica Tallawahs,LMP Simmons,C Munro,CR Brathwaite,0,0,,,,,,,,,
1269717,2021,2021-09-05,"Warner Park, Basseterre, St Kitts",2,11.4,Trinbago Knight Riders,Jamaica Tallawahs,LMP Simmons,C Munro,CR Brathwaite,4,0,,,,,,,,,
1269717,2021,2021-09-05,"Warner Park, Basseterre, St Kitts",2,11.5,Trinbago Knight Riders,Jamaica Tallawahs,LMP Simmons,C Munro,CR Brathwaite,0,0,,,,,,,,,
1269717,2021,2021-09-05,"Warner Park, Basseterre, St Kitts",2,11.6,Trinbago Knight Riders,Jamaica Tallawahs,LMP Simmons,C Munro,CR Brathwaite,1,0,,,,,,,,,
1269717,2021,2021-09-05,"Warner Park, Basseterre, St Kitts",2,11.7,Trinbago Knight Riders,Jamaica Tallawahs,C Munro,LMP Simmons,CR Brathwaite,1,0,,,,,,,,,
1269717,2021,2021-09-05,"Warner Park, Basseterre, St Kitts",2,12.1,Trinbago Knight Riders,Jamaica Tallawahs,C Munro,LMP Simmons,FH Edwards,0,0,,,,,,,,,
1269717,2021,2021-09-05,"Warner Park, Basseterre, St Kitts",2,12.2,Trinbago Knight Riders,Jamaica Tallawahs,C Munro,LMP Simmons,FH Edwards,1,0,,,,,,,,,
1269717,2021,2021-09-05,"Warner Park, Basseterre, St Kitts",2,12.3,Trinbago Knight Riders,Jamaica Tallawahs,LMP Simmons,C Munro,FH Edwards,6,0,,,,,,,,,
1269717,2021,2021-09-05,"Warner Park, Basseterre, St Kitts",2,12.4,Trinbago Knight Riders,Jamaica Tallawahs,LMP Simmons,C Munro,FH Edwards,6,0,,,,,,,,,
1269717,2021,2021-09-05,"Warner Park, Basseterre, St Kitts",2,12.5,Trinbago Knight Riders,Jamaica Tallawahs,LMP Simmons,C Munro,FH Edwards,4,0,,,,,,,,,
1269717,2021,2021-09-05,"Warner Park, Basseterre, St Kitts",2,12.6,Trinbago Knight Riders,Jamaica Tallawahs,LMP Simmons,C Munro,FH Edwards,4,0,,,,,,,,,
1269717,2021,2021-09-05,"Warner Park, Basseterre, St Kitts",2,13.1,Trinbago Knight Riders,Jamaica Tallawahs,C Munro,LMP Simmons,Imad Wasim,0,0,,,,,,,,,
1269717,2021,2021-09-05,"Warner Park, Basseterre, St Kitts",2,13.2,Trinbago Knight Riders,Jamaica Tallawahs,C Munro,LMP Simmons,Imad Wasim,1,0,,,,,,,,,
1269717,2021,2021-09-05,"Warner Park, Basseterre, St Kitts",2,13.3,Trinbago Knight Riders,Jamaica Tallawahs,LMP Simmons,C Munro,Imad Wasim,0,0,,,,,,,,,
1269717,2021,2021-09-05,"Warner Park, Basseterre, St Kitts",2,13.4,Trinbago Knight Riders,Jamaica Tallawahs,LMP Simmons,C Munro,Imad Wasim,2,0,,,,,,,,,
1269717,2021,2021-09-05,"Warner Park, Basseterre, St Kitts",2,13.5,Trinbago Knight Riders,Jamaica Tallawahs,LMP Simmons,C Munro,Imad Wasim,1,0,,,,,,,,,
1269717,2021,2021-09-05,"Warner Park, Basseterre, St Kitts",2,13.6,Trinbago Knight Riders,Jamaica Tallawahs,C Munro,LMP Simmons,Imad Wasim,0,0,,,,,,caught,C Munro,,
1269717,2021,2021-09-05,"Warner Park, Basseterre, St Kitts",2,14.1,Trinbago Knight Riders,Jamaica Tallawahs,LMP Simmons,KA Pollard,M Pretorius,0,1,1,,,,,,,,
1269717,2021,2021-09-05,"Warner Park, Basseterre, St Kitts",2,14.2,Trinbago Knight Riders,Jamaica Tallawahs,LMP Simmons,KA Pollard,M Pretorius,6,0,,,,,,,,,
1269717,2021,2021-09-05,"Warner Park, Basseterre, St Kitts",2,14.3,Trinbago Knight Riders,Jamaica Tallawahs,LMP Simmons,KA Pollard,M Pretorius,0,0,,,,,,,,,
1269717,2021,2021-09-05,"Warner Park, Basseterre, St Kitts",2,14.4,Trinbago Knight Riders,Jamaica Tallawahs,LMP Simmons,KA Pollard,M Pretorius,0,0,,,,,,bowled,LMP Simmons,,
1269717,2021,2021-09-05,"Warner Park, Basseterre, St Kitts",2,14.5,Trinbago Knight Riders,Jamaica Tallawahs,DM Bravo,KA Pollard,M Pretorius,1,0,,,,,,,,,
1269717,2021,2021-09-05,"Warner Park, Basseterre, St Kitts",2,14.6,Trinbago Knight Riders,Jamaica Tallawahs,KA Pollard,DM Bravo,M Pretorius,1,0,,,,,,,,,
1269717,2021,2021-09-05,"Warner Park, Basseterre, St Kitts",2,14.7,Trinbago Knight Riders,Jamaica Tallawahs,DM Bravo,KA Pollard,M Pretorius,0,0,,,,,,,,,
1269717,2021,2021-09-05,"Warner Park, Basseterre, St Kitts",2,15.1,Trinbago Knight Riders,Jamaica Tallawahs,KA Pollard,DM Bravo,Imad Wasim,0,1,1,,,,,,,,
1269717,2021,2021-09-05,"Warner Park, Basseterre, St Kitts",2,15.2,Trinbago Knight Riders,Jamaica Tallawahs,KA Pollard,DM Bravo,Imad Wasim,1,0,,,,,,,,,
1269717,2021,2021-09-05,"Warner Park, Basseterre, St Kitts",2,15.3,Trinbago Knight Riders,Jamaica Tallawahs,DM Bravo,KA Pollard,Imad Wasim,0,0,,,,,,,,,
1269717,2021,2021-09-05,"Warner Park, Basseterre, St Kitts",2,15.4,Trinbago Knight Riders,Jamaica Tallawahs,DM Bravo,KA Pollard,Imad Wasim,0,0,,,,,,,,,
1269717,2021,2021-09-05,"Warner Park, Basseterre, St Kitts",2,15.5,Trinbago Knight Riders,Jamaica Tallawahs,DM Bravo,KA Pollard,Imad Wasim,0,0,,,,,,,,,
1269717,2021,2021-09-05,"Warner Park, Basseterre, St Kitts",2,15.6,Trinbago Knight Riders,Jamaica Tallawahs,DM Bravo,KA Pollard,Imad Wasim,1,0,,,,,,,,,
1269717,2021,2021-09-05,"Warner Park, Basseterre, St Kitts",2,15.7,Trinbago Knight Riders,Jamaica Tallawahs,KA Pollard,DM Bravo,Imad Wasim,0,0,,,,,,,,,
1269717,2021,2021-09-05,"Warner Park, Basseterre, St Kitts",2,16.1,Trinbago Knight Riders,Jamaica Tallawahs,DM Bravo,KA Pollard,M Pretorius,4,0,,,,,,,,,
1269717,2021,2021-09-05,"Warner Park, Basseterre, St Kitts",2,16.2,Trinbago Knight Riders,Jamaica Tallawahs,DM Bravo,KA Pollard,M Pretorius,6,0,,,,,,,,,
1269717,2021,2021-09-05,"Warner Park, Basseterre, St Kitts",2,16.3,Trinbago Knight Riders,Jamaica Tallawahs,DM Bravo,KA Pollard,M Pretorius,1,0,,,,,,,,,
1269717,2021,2021-09-05,"Warner Park, Basseterre, St Kitts",2,16.4,Trinbago Knight Riders,Jamaica Tallawahs,KA Pollard,DM Bravo,M Pretorius,1,0,,,,,,,,,
1269717,2021,2021-09-05,"Warner Park, Basseterre, St Kitts",2,16.5,Trinbago Knight Riders,Jamaica Tallawahs,DM Bravo,KA Pollard,M Pretorius,1,0,,,,,,,,,
1269717,2021,2021-09-05,"Warner Park, Basseterre, St Kitts",2,16.6,Trinbago Knight Riders,Jamaica Tallawahs,KA Pollard,DM Bravo,M Pretorius,4,0,,,,,,,,,
1269717,2021,2021-09-05,"Warner Park, Basseterre, St Kitts",2,17.1,Trinbago Knight Riders,Jamaica Tallawahs,DM Bravo,KA Pollard,CJ Green,0,1,,,,1,,,,,
1269717,2021,2021-09-05,"Warner Park, Basseterre, St Kitts",2,17.2,Trinbago Knight Riders,Jamaica Tallawahs,KA Pollard,DM Bravo,CJ Green,0,1,1,,,,,,,,
1269717,2021,2021-09-05,"Warner Park, Basseterre, St Kitts",2,17.3,Trinbago Knight Riders,Jamaica Tallawahs,KA Pollard,DM Bravo,CJ Green,0,1,1,,,,,,,,
