match_id,season,start_date,venue,innings,ball,batting_team,bowling_team,striker,non_striker,bowler,runs_off_bat,extras,wides,noballs,byes,legbyes,penalty,wicket_type,player_dismissed,other_wicket_type,other_player_dismissed
1269729,2021,2021-09-12,"Warner Park, Basseterre, St Kitts",1,0.1,St Kitts and Nevis Patriots,Trinbago Knight Riders,CH Gayle,J Da Silva,I Udana,0,1,1,,,,,,,,
1269729,2021,2021-09-12,"Warner Park, Basseterre, St Kitts",1,0.2,St Kitts and Nevis Patriots,Trinbago Knight Riders,CH Gayle,J Da Silva,I Udana,0,0,,,,,,,,,
1269729,2021,2021-09-12,"Warner Park, Basseterre, St Kitts",1,0.3,St Kitts and Nevis Patriots,Trinbago Knight Riders,CH Gayle,J Da Silva,I Udana,4,0,,,,,,,,,
1269729,2021,2021-09-12,"Warner Park, Basseterre, St Kitts",1,0.4,St Kitts and Nevis Patriots,Trinbago Knight Riders,CH Gayle,J Da Silva,I Udana,0,1,1,,,,,,,,
1269729,2021,2021-09-12,"Warner Park, Basseterre, St Kitts",1,0.5,St Kitts and Nevis Patriots,Trinbago Knight Riders,CH Gayle,J Da Silva,I Udana,0,1,1,,,,,,,,
1269729,2021,2021-09-12,"Warner Park, Basseterre, St Kitts",1,0.6,St Kitts and Nevis Patriots,Trinbago Knight Riders,CH Gayle,J Da Silva,I Udana,1,0,,,,,,,,,
1269729,2021,2021-09-12,"Warner Park, Basseterre, St Kitts",1,0.7,St Kitts and Nevis Patriots,Trinbago Knight Riders,J Da Silva,CH Gayle,I Udana,0,0,,,,,,,,,
1269729,2021,2021-09-12,"Warner Park, Basseterre, St Kitts",1,0.8,St Kitts and Nevis Patriots,Trinbago Knight Riders,J Da Silva,CH Gayle,I Udana,4,0,,,,,,,,,
1269729,2021,2021-09-12,"Warner Park, Basseterre, St Kitts",1,0.9,St Kitts and Nevis Patriots,Trinbago Knight Riders,J Da Silva,CH Gayle,I Udana,1,0,,,,,,,,,
1269729,2021,2021-09-12,"Warner Park, Basseterre, St Kitts",1,1.1,St Kitts and Nevis Patriots,Trinbago Knight Riders,J Da Silva,CH Gayle,R Rampaul,4,0,,,,,,,,,
1269729,2021,2021-09-12,"Warner Park, Basseterre, St Kitts",1,1.2,St Kitts and Nevis Patriots,Trinbago Knight Riders,J Da Silva,CH Gayle,R Rampaul,0,0,,,,,,,,,
1269729,2021,2021-09-12,"Warner Park, Basseterre, St Kitts",1,1.3,St Kitts and Nevis Patriots,Trinbago Knight Riders,J Da Silva,CH Gayle,R Rampaul,0,0,,,,,,,,,
1269729,2021,2021-09-12,"Warner Park, Basseterre, St Kitts",1,1.4,St Kitts and Nevis Patriots,Trinbago Knight Riders,J Da Silva,CH Gayle,R Rampaul,1,0,,,,,,,,,
1269729,2021,2021-09-12,"Warner Park, Basseterre, St Kitts",1,1.5,St Kitts and Nevis Patriots,Trinbago Knight Riders,CH Gayle,J Da Silva,R Rampaul,0,0,,,,,,caught,CH Gayle,,
1269729,2021,2021-09-12,"Warner Park, Basseterre, St Kitts",1,1.6,St Kitts and Nevis Patriots,Trinbago Knight Riders,JL Carter,J Da Silva,R Rampaul,0,0,,,,,,,,,
1269729,2021,2021-09-12,"Warner Park, Basseterre, St Kitts",1,2.1,St Kitts and Nevis Patriots,Trinbago Knight Riders,J Da Silva,JL Carter,AJ Hosein,1,0,,,,,,,,,
1269729,2021,2021-09-12,"Warner Park, Basseterre, St Kitts",1,2.2,St Kitts and Nevis Patriots,Trinbago Knight Riders,JL Carter,J Da Silva,AJ Hosein,1,0,,,,,,,,,
1269729,2021,2021-09-12,"Warner Park, Basseterre, St Kitts",1,2.3,St Kitts and Nevis Patriots,Trinbago Knight Riders,J Da Silva,JL Carter,AJ Hosein,1,0,,,,,,,,,
1269729,2021,2021-09-12,"Warner Park, Basseterre, St Kitts",1,2.4,St Kitts and Nevis Patriots,Trinbago Knight Riders,JL Carter,J Da Silva,AJ Hosein,0,0,,,,,,,,,
1269729,2021,2021-09-12,"Warner Park, Basseterre, St Kitts",1,2.5,St Kitts and Nevis Patriots,Trinbago Knight Riders,JL Carter,J Da Silva,AJ Hosein,4,0,,,,,,,,,
1269729,2021,2021-09-12,"Warner Park, Basseterre, St Kitts",1,2.6,St Kitts and Nevis Patriots,Trinbago Knight Riders,JL Carter,J Da Silva,AJ Hosein,4,0,,,,,,,,,
1269729,2021,2021-09-12,"Warner Park, Basseterre, St Kitts",1,3.1,St Kitts and Nevis Patriots,Trinbago Knight Riders,J Da Silva,JL Carter,R Rampaul,0,0,,,,,,,,,
1269729,2021,2021-09-12,"Warner Park, Basseterre, St Kitts",1,3.2,St Kitts and Nevis Patriots,Trinbago Knight Riders,J Da Silva,JL Carter,R Rampaul,0,0,,,,,,,,,
1269729,2021,2021-09-12,"Warner Park, Basseterre, St Kitts",1,3.3,St Kitts and Nevis Patriots,Trinbago Knight Riders,J Da Silva,JL Carter,R Rampaul,1,0,,,,,,,,,
1269729,2021,2021-09-12,"Warner Park, Basseterre, St Kitts",1,3.4,St Kitts and Nevis Patriots,Trinbago Knight Riders,JL Carter,J Da Silva,R Rampaul,0,0,,,,,,,,,
1269729,2021,2021-09-12,"Warner Park, Basseterre, St Kitts",1,3.5,St Kitts and Nevis Patriots,Trinbago Knight Riders,JL Carter,J Da Silva,R Rampaul,4,0,,,,,,,,,
1269729,2021,2021-09-12,"Warner Park, Basseterre, St Kitts",1,3.6,St Kitts and Nevis Patriots,Trinbago Knight Riders,JL Carter,J Da Silva,R Rampaul,0,0,,,,,,,,,
1269729,2021,2021-09-12,"Warner Park, Basseterre, St Kitts",1,4.1,St Kitts and Nevis Patriots,Trinbago Knight Riders,J Da Silva,JL Carter,JNT Seales,4,0,,,,,,,,,
1269729,2021,2021-09-12,"Warner Park, Basseterre, St Kitts",1,4.2,St Kitts and Nevis Patriots,Trinbago Knight Riders,J Da Silva,JL Carter,JNT Seales,1,0,,,,,,,,,
1269729,2021,2021-09-12,"Warner Park, Basseterre, St Kitts",1,4.3,St Kitts and Nevis Patriots,Trinbago Knight Riders,JL Carter,J Da Silva,JNT Seales,1,0,,,,,,,,,
1269729,2021,2021-09-12,"Warner Park, Basseterre, St Kitts",1,4.4,St Kitts and Nevis Patriots,Trinbago Knight Riders,J Da Silva,JL Carter,JNT Seales,6,0,,,,,,,,,
1269729,2021,2021-09-12,"Warner Park, Basseterre, St Kitts",1,4.5,St Kitts and Nevis Patriots,Trinbago Knight Riders,J Da Silva,JL Carter,JNT Seales,0,0,,,,,,,,,
1269729,2021,2021-09-12,"Warner Park, Basseterre, St Kitts",1,4.6,St Kitts and Nevis Patriots,Trinbago Knight Riders,J Da Silva,JL Carter,JNT Seales,0,1,1,,,,,,,,
1269729,2021,2021-09-12,"Warner Park, Basseterre, St Kitts",1,4.7,St Kitts and Nevis Patriots,Trinbago Knight Riders,J Da Silva,JL Carter,JNT Seales,1,0,,,,,,,,,
1269729,2021,2021-09-12,"Warner Park, Basseterre, St Kitts",1,5.1,St Kitts and Nevis Patriots,Trinbago Knight Riders,J Da Silva,JL Carter,Ali Khan,0,0,,,,,,,,,
1269729,2021,2021-09-12,"Warner Park, Basseterre, St Kitts",1,5.2,St Kitts and Nevis Patriots,Trinbago Knight Riders,J Da Silva,JL Carter,Ali Khan,2,0,,,,,,,,,
1269729,2021,2021-09-12,"Warner Park, Basseterre, St Kitts",1,5.3,St Kitts and Nevis Patriots,Trinbago Knight Riders,J Da Silva,JL Carter,Ali Khan,0,0,,,,,,,,,
1269729,2021,2021-09-12,"Warner Park, Basseterre, St Kitts",1,5.4,St Kitts and Nevis Patriots,Trinbago Knight Riders,J Da Silva,JL Carter,Ali Khan,1,0,,,,,,,,,
1269729,2021,2021-09-12,"Warner Park, Basseterre, St Kitts",1,5.5,St Kitts and Nevis Patriots,Trinbago Knight Riders,JL Carter,J Da Silva,Ali Khan,0,0,,,,,,,,,
1269729,2021,2021-09-12,"Warner Park, Basseterre, St Kitts",1,5.6,St Kitts and Nevis Patriots,Trinbago Knight Riders,JL Carter,J Da Silva,Ali Khan,0,0,,,,,,,,,
1269729,2021,2021-09-12,"Warner Park, Basseterre, St Kitts",1,6.1,St Kitts and Nevis Patriots,Trinbago Knight Riders,J Da Silva,JL Carter,AJ Hosein,2,0,,,,,,,,,
1269729,2021,2021-09-12,"Warner Park, Basseterre, St Kitts",1,6.2,St Kitts and Nevis Patriots,Trinbago Knight Riders,J Da Silva,JL Carter,AJ Hosein,0,0,,,,,,,,,
1269729,2021,2021-09-12,"Warner Park, Basseterre, St Kitts",1,6.3,St Kitts and Nevis Patriots,Trinbago Knight Riders,J Da Silva,JL Carter,AJ Hosein,0,0,,,,,,,,,
1269729,2021,2021-09-12,"Warner Park, Basseterre, St Kitts",1,6.4,St Kitts and Nevis Patriots,Trinbago Knight Riders,J Da Silva,JL Carter,AJ Hosein,0,0,,,,,,,,,
1269729,2021,2021-09-12,"Warner Park, Basseterre, St Kitts",1,6.5,St Kitts and Nevis Patriots,Trinbago Knight Riders,J Da Silva,JL Carter,AJ Hosein,0,2,,,2,,,,,,
1269729,2021,2021-09-12,"Warner Park, Basseterre, St Kitts",1,6.6,St Kitts and Nevis Patriots,Trinbago Knight Riders,J Da Silva,JL Carter,AJ Hosein,0,0,,,,,,,,,
1269729,2021,2021-09-12,"Warner Park, Basseterre, St Kitts",1,7.1,St Kitts and Nevis Patriots,Trinbago Knight Riders,JL Carter,J Da Silva,Ali Khan,0,0,,,,,,,,,
1269729,2021,2021-09-12,"Warner Park, Basseterre, St Kitts",1,7.2,St Kitts and Nevis Patriots,Trinbago Knight Riders,JL Carter,J Da Silva,Ali Khan,0,0,,,,,,,,,
1269729,2021,2021-09-12,"Warner Park, Basseterre, St Kitts",1,7.3,St Kitts and Nevis Patriots,Trinbago Knight Riders,JL Carter,J Da Silva,Ali Khan,1,0,,,,,,,,,
1269729,2021,2021-09-12,"Warner Park, Basseterre, St Kitts",1,7.4,St Kitts and Nevis Patriots,Trinbago Knight Riders,J Da Silva,JL Carter,Ali Khan,0,0,,,,,,,,,
1269729,2021,2021-09-12,"Warner Park, Basseterre, St Kitts",1,7.5,St Kitts and Nevis Patriots,Trinbago Knight Riders,J Da Silva,JL Carter,Ali Khan,0,0,,,,,,,,,
1269729,2021,2021-09-12,"Warner Park, Basseterre, St Kitts",1,7.6,St Kitts and Nevis Patriots,Trinbago Knight Riders,J Da Silva,JL Carter,Ali Khan,4,0,,,,,,,,,
1269729,2021,2021-09-12,"Warner Park, Basseterre, St Kitts",1,8.1,St Kitts and Nevis Patriots,Trinbago Knight Riders,JL Carter,J Da Silva,AJ Hosein,1,0,,,,,,,,,
1269729,2021,2021-09-12,"Warner Park, Basseterre, St Kitts",1,8.2,St Kitts and Nevis Patriots,Trinbago Knight Riders,J Da Silva,JL Carter,AJ Hosein,0,0,,,,,,,,,
1269729,2021,2021-09-12,"Warner Park, Basseterre, St Kitts",1,8.3,St Kitts and Nevis Patriots,Trinbago Knight Riders,J Da Silva,JL Carter,AJ Hosein,1,0,,,,,,,,,
1269729,2021,2021-09-12,"Warner Park, Basseterre, St Kitts",1,8.4,St Kitts and Nevis Patriots,Trinbago Knight Riders,JL Carter,J Da Silva,AJ Hosein,0,0,,,,,,caught,JL Carter,,
1269729,2021,2021-09-12,"Warner Park, Basseterre, St Kitts",1,8.5,St Kitts and Nevis Patriots,Trinbago Knight Riders,SE Rutherford,J Da Silva,AJ Hosein,0,0,,,,,,,,,
1269729,2021,2021-09-12,"Warner Park, Basseterre, St Kitts",1,8.6,St Kitts and Nevis Patriots,Trinbago Knight Riders,SE Rutherford,J Da Silva,AJ Hosein,0,0,,,,,,,,,
1269729,2021,2021-09-12,"Warner Park, Basseterre, St Kitts",1,9.1,St Kitts and Nevis Patriots,Trinbago Knight Riders,J Da Silva,SE Rutherford,KA Pollard,1,0,,,,,,,,,
1269729,2021,2021-09-12,"Warner Park, Basseterre, St Kitts",1,9.2,St Kitts and Nevis Patriots,Trinbago Knight Riders,SE Rutherford,J Da Silva,KA Pollard,4,0,,,,,,,,,
1269729,2021,2021-09-12,"Warner Park, Basseterre, St Kitts",1,9.3,St Kitts and Nevis Patriots,Trinbago Knight Riders,SE Rutherford,J Da Silva,KA Pollard,0,1,1,,,,,,,,
1269729,2021,2021-09-12,"Warner Park, Basseterre, St Kitts",1,9.4,St Kitts and Nevis Patriots,Trinbago Knight Riders,SE Rutherford,J Da Silva,KA Pollard,0,0,,,,,,,,,
1269729,2021,2021-09-12,"Warner Park, Basseterre, St Kitts",1,9.5,St Kitts and Nevis Patriots,Trinbago Knight Riders,SE Rutherford,J Da Silva,KA Pollard,0,0,,,,,,,,,
1269729,2021,2021-09-12,"Warner Park, Basseterre, St Kitts",1,9.6,St Kitts and Nevis Patriots,Trinbago Knight Riders,SE Rutherford,J Da Silva,KA Pollard,0,1,1,,,,,,,,
1269729,2021,2021-09-12,"Warner Park, Basseterre, St Kitts",1,9.7,St Kitts and Nevis Patriots,Trinbago Knight Riders,SE Rutherford,J Da Silva,KA Pollard,1,0,,,,,,,,,
1269729,2021,2021-09-12,"Warner Park, Basseterre, St Kitts",1,9.8,St Kitts and Nevis Patriots,Trinbago Knight Riders,J Da Silva,SE Rutherford,KA Pollard,0,0,,,,,,,,,
1269729,2021,2021-09-12,"Warner Park, Basseterre, St Kitts",1,10.1,St Kitts and Nevis Patriots,Trinbago Knight Riders,SE Rutherford,J Da Silva,I Udana,1,0,,,,,,,,,
1269729,2021,2021-09-12,"Warner Park, Basseterre, St Kitts",1,10.2,St Kitts and Nevis Patriots,Trinbago Knight Riders,J Da Silva,SE Rutherford,I Udana,1,0,,,,,,,,,
1269729,2021,2021-09-12,"Warner Park, Basseterre, St Kitts",1,10.3,St Kitts and Nevis Patriots,Trinbago Knight Riders,SE Rutherford,J Da Silva,I Udana,0,0,,,,,,,,,
1269729,2021,2021-09-12,"Warner Park, Basseterre, St Kitts",1,10.4,St Kitts and Nevis Patriots,Trinbago Knight Riders,SE Rutherford,J Da Silva,I Udana,0,0,,,,,,,,,
1269729,2021,2021-09-12,"Warner Park, Basseterre, St Kitts",1,10.5,St Kitts and Nevis Patriots,Trinbago Knight Riders,SE Rutherford,J Da Silva,I Udana,1,0,,,,,,,,,
1269729,2021,2021-09-12,"Warner Park, Basseterre, St Kitts",1,10.6,St Kitts and Nevis Patriots,Trinbago Knight Riders,J Da Silva,SE Rutherford,I Udana,1,0,,,,,,,,,
1269729,2021,2021-09-12,"Warner Park, Basseterre, St Kitts",1,11.1,St Kitts and Nevis Patriots,Trinbago Knight Riders,J Da Silva,SE Rutherford,JNT Seales,3,0,,,,,,,,,
1269729,2021,2021-09-12,"Warner Park, Basseterre, St Kitts",1,11.2,St Kitts and Nevis Patriots,Trinbago Knight Riders,SE Rutherford,J Da Silva,JNT Seales,1,0,,,,,,,,,
1269729,2021,2021-09-12,"Warner Park, Basseterre, St Kitts",1,11.3,St Kitts and Nevis Patriots,Trinbago Knight Riders,J Da Silva,SE Rutherford,JNT Seales,1,0,,,,,,,,,
1269729,2021,2021-09-12,"Warner Park, Basseterre, St Kitts",1,11.4,St Kitts and Nevis Patriots,Trinbago Knight Riders,SE Rutherford,J Da Silva,JNT Seales,1,0,,,,,,,,,
1269729,2021,2021-09-12,"Warner Park, Basseterre, St Kitts",1,11.5,St Kitts and Nevis Patriots,Trinbago Knight Riders,J Da Silva,SE Rutherford,JNT Seales,1,0,,,,,,,,,
1269729,2021,2021-09-12,"Warner Park, Basseterre, St Kitts",1,11.6,St Kitts and Nevis Patriots,Trinbago Knight Riders,SE Rutherford,J Da Silva,JNT Seales,1,0,,,,,,,,,
1269729,2021,2021-09-12,"Warner Park, Basseterre, St Kitts",1,12.1,St Kitts and Nevis Patriots,Trinbago Knight Riders,SE Rutherford,J Da Silva,AJ Hosein,0,0,,,,,,,,,
1269729,2021,2021-09-12,"Warner Park, Basseterre, St Kitts",1,12.2,St Kitts and Nevis Patriots,Trinbago Knight Riders,SE Rutherford,J Da Silva,AJ Hosein,1,0,,,,,,,,,
1269729,2021,2021-09-12,"Warner Park, Basseterre, St Kitts",1,12.3,St Kitts and Nevis Patriots,Trinbago Knight Riders,J Da Silva,SE Rutherford,AJ Hosein,4,0,,,,,,,,,
1269729,2021,2021-09-12,"Warner Park, Basseterre, St Kitts",1,12.4,St Kitts and Nevis Patriots,Trinbago Knight Riders,J Da Silva,SE Rutherford,AJ Hosein,1,0,,,,,,,,,
1269729,2021,2021-09-12,"Warner Park, Basseterre, St Kitts",1,12.5,St Kitts and Nevis Patriots,Trinbago Knight Riders,SE Rutherford,J Da Silva,AJ Hosein,0,1,1,,,,,,,,
1269729,2021,2021-09-12,"Warner Park, Basseterre, St Kitts",1,12.6,St Kitts and Nevis Patriots,Trinbago Knight Riders,SE Rutherford,J Da Silva,AJ Hosein,1,0,,,,,,,,,
1269729,2021,2021-09-12,"Warner Park, Basseterre, St Kitts",1,12.7,St Kitts and Nevis Patriots,Trinbago Knight Riders,J Da Silva,SE Rutherford,AJ Hosein,1,0,,,,,,,,,
1269729,2021,2021-09-12,"Warner Park, Basseterre, St Kitts",1,13.1,St Kitts and Nevis Patriots,Trinbago Knight Riders,J Da Silva,SE Rutherford,Ali Khan,1,0,,,,,,,,,
1269729,2021,2021-09-12,"Warner Park, Basseterre, St Kitts",1,13.2,St Kitts and Nevis Patriots,Trinbago Knight Riders,SE Rutherford,J Da Silva,Ali Khan,4,0,,,,,,,,,
1269729,2021,2021-09-12,"Warner Park, Basseterre, St Kitts",1,13.3,St Kitts and Nevis Patriots,Trinbago Knight Riders,SE Rutherford,J Da Silva,Ali Khan,1,0,,,,,,,,,
1269729,2021,2021-09-12,"Warner Park, Basseterre, St Kitts",1,13.4,St Kitts and Nevis Patriots,Trinbago Knight Riders,J Da Silva,SE Rutherford,Ali Khan,0,4,,,,4,,,,,
1269729,2021,2021-09-12,"Warner Park, Basseterre, St Kitts",1,13.5,St Kitts and Nevis Patriots,Trinbago Knight Riders,J Da Silva,SE Rutherford,Ali Khan,0,0,,,,,,caught,J Da Silva,,
1269729,2021,2021-09-12,"Warner Park, Basseterre, St Kitts",1,13.6,St Kitts and Nevis Patriots,Trinbago Knight Riders,DJ Bravo,SE Rutherford,Ali Khan,2,0,,,,,,,,,
1269729,2021,2021-09-12,"Warner Park, Basseterre, St Kitts",1,14.1,St Kitts and Nevis Patriots,Trinbago Knight Riders,SE Rutherford,DJ Bravo,I Udana,0,1,,,,1,,,,,
1269729,2021,2021-09-12,"Warner Park, Basseterre, St Kitts",1,14.2,St Kitts and Nevis Patriots,Trinbago Knight Riders,DJ Bravo,SE Rutherford,I Udana,1,0,,,,,,,,,
1269729,2021,2021-09-12,"Warner Park, Basseterre, St Kitts",1,14.3,St Kitts and Nevis Patriots,Trinbago Knight Riders,SE Rutherford,DJ Bravo,I Udana,4,0,,,,,,,,,
1269729,2021,2021-09-12,"Warner Park, Basseterre, St Kitts",1,14.4,St Kitts and Nevis Patriots,Trinbago Knight Riders,SE Rutherford,DJ Bravo,I Udana,0,0,,,,,,,,,
1269729,2021,2021-09-12,"Warner Park, Basseterre, St Kitts",1,14.5,St Kitts and Nevis Patriots,Trinbago Knight Riders,SE Rutherford,DJ Bravo,I Udana,1,0,,,,,,,,,
1269729,2021,2021-09-12,"Warner Park, Basseterre, St Kitts",1,14.6,St Kitts and Nevis Patriots,Trinbago Knight Riders,DJ Bravo,SE Rutherford,I Udana,1,0,,,,,,,,,
1269729,2021,2021-09-12,"Warner Park, Basseterre, St Kitts",1,15.1,St Kitts and Nevis Patriots,Trinbago Knight Riders,DJ Bravo,SE Rutherford,JNT Seales,0,0,,,,,,,,,
1269729,2021,2021-09-12,"Warner Park, Basseterre, St Kitts",1,15.2,St Kitts and Nevis Patriots,Trinbago Knight Riders,DJ Bravo,SE Rutherford,JNT Seales,1,0,,,,,,,,,
1269729,2021,2021-09-12,"Warner Park, Basseterre, St Kitts",1,15.3,St Kitts and Nevis Patriots,Trinbago Knight Riders,SE Rutherford,DJ Bravo,JNT Seales,2,0,,,,,,,,,
1269729,2021,2021-09-12,"Warner Park, Basseterre, St Kitts",1,15.4,St Kitts and Nevis Patriots,Trinbago Knight Riders,SE Rutherford,DJ Bravo,JNT Seales,0,0,,,,,,,,,
1269729,2021,2021-09-12,"Warner Park, Basseterre, St Kitts",1,15.5,St Kitts and Nevis Patriots,Trinbago Knight Riders,SE Rutherford,DJ Bravo,JNT Seales,1,0,,,,,,,,,
1269729,2021,2021-09-12,"Warner Park, Basseterre, St Kitts",1,15.6,St Kitts and Nevis Patriots,Trinbago Knight Riders,DJ Bravo,SE Rutherford,JNT Seales,1,0,,,,,,,,,
1269729,2021,2021-09-12,"Warner Park, Basseterre, St Kitts",1,16.1,St Kitts and Nevis Patriots,Trinbago Knight Riders,DJ Bravo,SE Rutherford,R Rampaul,1,0,,,,,,,,,
1269729,2021,2021-09-12,"Warner Park, Basseterre, St Kitts",1,16.2,St Kitts and Nevis Patriots,Trinbago Knight Riders,SE Rutherford,DJ Bravo,R Rampaul,0,1,,,,1,,,,,
1269729,2021,2021-09-12,"Warner Park, Basseterre, St Kitts",1,16.3,St Kitts and Nevis Patriots,Trinbago Knight Riders,DJ Bravo,SE Rutherford,R Rampaul,6,0,,,,,,,,,
1269729,2021,2021-09-12,"Warner Park, Basseterre, St Kitts",1,16.4,St Kitts and Nevis Patriots,Trinbago Knight Riders,DJ Bravo,SE Rutherford,R Rampaul,6,0,,,,,,,,,
1269729,2021,2021-09-12,"Warner Park, Basseterre, St Kitts",1,16.5,St Kitts and Nevis Patriots,Trinbago Knight Riders,DJ Bravo,SE Rutherford,R Rampaul,1,0,,,,,,,,,
1269729,2021,2021-09-12,"Warner Park, Basseterre, St Kitts",1,16.6,St Kitts and Nevis Patriots,Trinbago Knight Riders,SE Rutherford,DJ Bravo,R Rampaul,0,0,,,,,,,,,
1269729,2021,2021-09-12,"Warner Park, Basseterre, St Kitts",1,17.1,St Kitts and Nevis Patriots,Trinbago Knight Riders,DJ Bravo,SE Rutherford,Ali Khan,1,0,,,,,,,,,
1269729,2021,2021-09-12,"Warner Park, Basseterre, St Kitts",1,17.2,St Kitts and Nevis Patriots,Trinbago Knight Riders,SE Rutherford,DJ Bravo,Ali Khan,0,0,,,,,,bowled,SE Rutherford,,
1269729,2021,2021-09-12,"Warner Park, Basseterre, St Kitts",1,17.3,St Kitts and Nevis Patriots,Trinbago Knight Riders,FA Allen,DJ Bravo,Ali Khan,0,0,,,,,,,,,
1269729,2021,2021-09-12,"Warner Park, Basseterre, St Kitts",1,17.4,St Kitts and Nevis Patriots,Trinbago Knight Riders,FA Allen,DJ Bravo,Ali Khan,0,1,1,,,,,,,,
1269729,2021,2021-09-12,"Warner Park, Basseterre, St Kitts",1,17.5,St Kitts and Nevis Patriots,Trinbago Knight Riders,FA Allen,DJ Bravo,Ali Khan,0,0,,,,,,bowled,FA Allen,,
1269729,2021,2021-09-12,"Warner Park, Basseterre, St Kitts",1,17.6,St Kitts and Nevis Patriots,Trinbago Knight Riders,DC Drakes,DJ Bravo,Ali Khan,0,0,,,,,,,,,
1269729,2021,2021-09-12,"Warner Park, Basseterre, St Kitts",1,17.7,St Kitts and Nevis Patriots,Trinbago Knight Riders,DC Drakes,DJ Bravo,Ali Khan,1,0,,,,,,,,,
1269729,2021,2021-09-12,"Warner Park, Basseterre, St Kitts",1,18.1,St Kitts and Nevis Patriots,Trinbago Knight Riders,DC Drakes,DJ Bravo,I Udana,0,0,,,,,,,,,
1269729,2021,2021-09-12,"Warner Park, Basseterre, St Kitts",1,18.2,St Kitts and Nevis Patriots,Trinbago Knight Riders,DC Drakes,DJ Bravo,I Udana,0,0,,,,,,,,,
1269729,2021,2021-09-12,"Warner Park, Basseterre, St Kitts",1,18.3,St Kitts and Nevis Patriots,Trinbago Knight Riders,DC Drakes,DJ Bravo,I Udana,0,1,,,,1,,,,,
1269729,2021,2021-09-12,"Warner Park, Basseterre, St Kitts",1,18.4,St Kitts and Nevis Patriots,Trinbago Knight Riders,DJ Bravo,DC Drakes,I Udana,4,0,,,,,,,,,
1269729,2021,2021-09-12,"Warner Park, Basseterre, St Kitts",1,18.5,St Kitts and Nevis Patriots,Trinbago Knight Riders,DJ Bravo,DC Drakes,I Udana,0,0,,,,,,caught,DJ Bravo,,
1269729,2021,2021-09-12,"Warner Park, Basseterre, St Kitts",1,18.6,St Kitts and Nevis Patriots,Trinbago Knight Riders,DC Drakes,Naseem Shah,I Udana,0,0,,,,,,caught,DC Drakes,,
1269729,2021,2021-09-12,"Warner Park, Basseterre, St Kitts",1,19.1,St Kitts and Nevis Patriots,Trinbago Knight Riders,JL Jaggesar,Naseem Shah,R Rampaul,4,0,,,,,,,,,
1269729,2021,2021-09-12,"Warner Park, Basseterre, St Kitts",1,19.2,St Kitts and Nevis Patriots,Trinbago Knight Riders,JL Jaggesar,Naseem Shah,R Rampaul,0,1,,,,1,,,,,
1269729,2021,2021-09-12,"Warner Park, Basseterre, St Kitts",1,19.3,St Kitts and Nevis Patriots,Trinbago Knight Riders,Naseem Shah,JL Jaggesar,R Rampaul,1,0,,,,,,,,,
1269729,2021,2021-09-12,"Warner Park, Basseterre, St Kitts",1,19.4,St Kitts and Nevis Patriots,Trinbago Knight Riders,JL Jaggesar,Naseem Shah,R Rampaul,1,0,,,,,,,,,
1269729,2021,2021-09-12,"Warner Park, Basseterre, St Kitts",1,19.5,St Kitts and Nevis Patriots,Trinbago Knight Riders,Naseem Shah,JL Jaggesar,R Rampaul,1,0,,,,,,,,,
1269729,2021,2021-09-12,"Warner Park, Basseterre, St Kitts",1,19.6,St Kitts and Nevis Patriots,Trinbago Knight Riders,JL Jaggesar,Naseem Shah,R Rampaul,0,0,,,,,,,,,
1269729,2021,2021-09-12,"Warner Park, Basseterre, St Kitts",2,0.1,Trinbago Knight Riders,St Kitts and Nevis Patriots,LMP Simmons,D Ramdin,Naseem Shah,0,1,1,,,,,,,,
1269729,2021,2021-09-12,"Warner Park, Basseterre, St Kitts",2,0.2,Trinbago Knight Riders,St Kitts and Nevis Patriots,LMP Simmons,D Ramdin,Naseem Shah,0,0,,,,,,,,,
1269729,2021,2021-09-12,"Warner Park, Basseterre, St Kitts",2,0.3,Trinbago Knight Riders,St Kitts and Nevis Patriots,LMP Simmons,D Ramdin,Naseem Shah,0,0,,,,,,,,,
1269729,2021,2021-09-12,"Warner Park, Basseterre, St Kitts",2,0.4,Trinbago Knight Riders,St Kitts and Nevis Patriots,LMP Simmons,D Ramdin,Naseem Shah,1,0,,,,,,,,,
1269729,2021,2021-09-12,"Warner Park, Basseterre, St Kitts",2,0.5,Trinbago Knight Riders,St Kitts and Nevis Patriots,D Ramdin,LMP Simmons,Naseem Shah,0,0,,,,,,,,,
1269729,2021,2021-09-12,"Warner Park, Basseterre, St Kitts",2,0.6,Trinbago Knight Riders,St Kitts and Nevis Patriots,D Ramdin,LMP Simmons,Naseem Shah,1,0,,,,,,,,,
1269729,2021,2021-09-12,"Warner Park, Basseterre, St Kitts",2,0.7,Trinbago Knight Riders,St Kitts and Nevis Patriots,LMP Simmons,D Ramdin,Naseem Shah,4,0,,,,,,,,,
1269729,2021,2021-09-12,"Warner Park, Basseterre, St Kitts",2,1.1,Trinbago Knight Riders,St Kitts and Nevis Patriots,D Ramdin,LMP Simmons,PA van Meekeren,0,0,,,,,,,,,
1269729,2021,2021-09-12,"Warner Park, Basseterre, St Kitts",2,1.2,Trinbago Knight Riders,St Kitts and Nevis Patriots,D Ramdin,LMP Simmons,PA van Meekeren,1,0,,,,,,,,,
1269729,2021,2021-09-12,"Warner Park, Basseterre, St Kitts",2,1.3,Trinbago Knight Riders,St Kitts and Nevis Patriots,LMP Simmons,D Ramdin,PA van Meekeren,0,0,,,,,,,,,
1269729,2021,2021-09-12,"Warner Park, Basseterre, St Kitts",2,1.4,Trinbago Knight Riders,St Kitts and Nevis Patriots,LMP Simmons,D Ramdin,PA van Meekeren,1,0,,,,,,,,,
1269729,2021,2021-09-12,"Warner Park, Basseterre, St Kitts",2,1.5,Trinbago Knight Riders,St Kitts and Nevis Patriots,D Ramdin,LMP Simmons,PA van Meekeren,0,1,1,,,,,,,,
1269729,2021,2021-09-12,"Warner Park, Basseterre, St Kitts",2,1.6,Trinbago Knight Riders,St Kitts and Nevis Patriots,D Ramdin,LMP Simmons,PA van Meekeren,0,0,,,,,,,,,
1269729,2021,2021-09-12,"Warner Park, Basseterre, St Kitts",2,1.7,Trinbago Knight Riders,St Kitts and Nevis Patriots,D Ramdin,LMP Simmons,PA van Meekeren,2,0,,,,,,,,,
1269729,2021,2021-09-12,"Warner Park, Basseterre, St Kitts",2,2.1,Trinbago Knight Riders,St Kitts and Nevis Patriots,LMP Simmons,D Ramdin,DC Drakes,0,0,,,,,,,,,
1269729,2021,2021-09-12,"Warner Park, Basseterre, St Kitts",2,2.2,Trinbago Knight Riders,St Kitts and Nevis Patriots,LMP Simmons,D Ramdin,DC Drakes,0,0,,,,,,,,,
1269729,2021,2021-09-12,"Warner Park, Basseterre, St Kitts",2,2.3,Trinbago Knight Riders,St Kitts and Nevis Patriots,LMP Simmons,D Ramdin,DC Drakes,0,0,,,,,,,,,
1269729,2021,2021-09-12,"Warner Park, Basseterre, St Kitts",2,2.4,Trinbago Knight Riders,St Kitts and Nevis Patriots,LMP Simmons,D Ramdin,DC Drakes,0,1,1,,,,,,,,
1269729,2021,2021-09-12,"Warner Park, Basseterre, St Kitts",2,2.5,Trinbago Knight Riders,St Kitts and Nevis Patriots,LMP Simmons,D Ramdin,DC Drakes,1,0,,,,,,,,,
1269729,2021,2021-09-12,"Warner Park, Basseterre, St Kitts",2,2.6,Trinbago Knight Riders,St Kitts and Nevis Patriots,D Ramdin,LMP Simmons,DC Drakes,0,0,,,,,,,,,
1269729,2021,2021-09-12,"Warner Park, Basseterre, St Kitts",2,2.7,Trinbago Knight Riders,St Kitts and Nevis Patriots,D Ramdin,LMP Simmons,DC Drakes,0,0,,,,,,,,,
1269729,2021,2021-09-12,"Warner Park, Basseterre, St Kitts",2,3.1,Trinbago Knight Riders,St Kitts and Nevis Patriots,LMP Simmons,D Ramdin,PA van Meekeren,4,0,,,,,,,,,
1269729,2021,2021-09-12,"Warner Park, Basseterre, St Kitts",2,3.2,Trinbago Knight Riders,St Kitts and Nevis Patriots,LMP Simmons,D Ramdin,PA van Meekeren,0,0,,,,,,,,,
1269729,2021,2021-09-12,"Warner Park, Basseterre, St Kitts",2,3.3,Trinbago Knight Riders,St Kitts and Nevis Patriots,LMP Simmons,D Ramdin,PA van Meekeren,4,0,,,,,,,,,
1269729,2021,2021-09-12,"Warner Park, Basseterre, St Kitts",2,3.4,Trinbago Knight Riders,St Kitts and Nevis Patriots,LMP Simmons,D Ramdin,PA van Meekeren,0,1,,,,1,,,,,
1269729,2021,2021-09-12,"Warner Park, Basseterre, St Kitts",2,3.5,Trinbago Knight Riders,St Kitts and Nevis Patriots,D Ramdin,LMP Simmons,PA van Meekeren,1,0,,,,,,,,,
1269729,2021,2021-09-12,"Warner Park, Basseterre, St Kitts",2,3.6,Trinbago Knight Riders,St Kitts and Nevis Patriots,LMP Simmons,D Ramdin,PA van Meekeren,4,0,,,,,,,,,
1269729,2021,2021-09-12,"Warner Park, Basseterre, St Kitts",2,4.1,Trinbago Knight Riders,St Kitts and Nevis Patriots,D Ramdin,LMP Simmons,DC Drakes,0,0,,,,,,,,,
1269729,2021,2021-09-12,"Warner Park, Basseterre, St Kitts",2,4.2,Trinbago Knight Riders,St Kitts and Nevis Patriots,D Ramdin,LMP Simmons,DC Drakes,1,0,,,,,,,,,
1269729,2021,2021-09-12,"Warner Park, Basseterre, St Kitts",2,4.3,Trinbago Knight Riders,St Kitts and Nevis Patriots,LMP Simmons,D Ramdin,DC Drakes,1,0,,,,,,,,,
1269729,2021,2021-09-12,"Warner Park, Basseterre, St Kitts",2,4.4,Trinbago Knight Riders,St Kitts and Nevis Patriots,D Ramdin,LMP Simmons,DC Drakes,0,0,,,,,,,,,
1269729,2021,2021-09-12,"Warner Park, Basseterre, St Kitts",2,4.5,Trinbago Knight Riders,St Kitts and Nevis Patriots,D Ramdin,LMP Simmons,DC Drakes,2,0,,,,,,,,,
1269729,2021,2021-09-12,"Warner Park, Basseterre, St Kitts",2,4.6,Trinbago Knight Riders,St Kitts and Nevis Patriots,D Ramdin,LMP Simmons,DC Drakes,0,0,,,,,,,,,
1269729,2021,2021-09-12,"Warner Park, Basseterre, St Kitts",2,5.1,Trinbago Knight Riders,St Kitts and Nevis Patriots,LMP Simmons,D Ramdin,Naseem Shah,0,0,,,,,,caught,LMP Simmons,,
1269729,2021,2021-09-12,"Warner Park, Basseterre, St Kitts",2,5.2,Trinbago Knight Riders,St Kitts and Nevis Patriots,D Ramdin,C Munro,Naseem Shah,1,0,,,,,,,,,
1269729,2021,2021-09-12,"Warner Park, Basseterre, St Kitts",2,5.3,Trinbago Knight Riders,St Kitts and Nevis Patriots,C Munro,D Ramdin,Naseem Shah,0,0,,,,,,,,,
1269729,2021,2021-09-12,"Warner Park, Basseterre, St Kitts",2,5.4,Trinbago Knight Riders,St Kitts and Nevis Patriots,C Munro,D Ramdin,Naseem Shah,0,0,,,,,,,,,
1269729,2021,2021-09-12,"Warner Park, Basseterre, St Kitts",2,5.5,Trinbago Knight Riders,St Kitts and Nevis Patriots,C Munro,D Ramdin,Naseem Shah,1,0,,,,,,,,,
1269729,2021,2021-09-12,"Warner Park, Basseterre, St Kitts",2,5.6,Trinbago Knight Riders,St Kitts and Nevis Patriots,D Ramdin,C Munro,Naseem Shah,0,0,,,,,,,,,
1269729,2021,2021-09-12,"Warner Park, Basseterre, St Kitts",2,6.1,Trinbago Knight Riders,St Kitts and Nevis Patriots,C Munro,D Ramdin,Fawad Ahmed,0,0,,,,,,,,,
1269729,2021,2021-09-12,"Warner Park, Basseterre, St Kitts",2,6.2,Trinbago Knight Riders,St Kitts and Nevis Patriots,C Munro,D Ramdin,Fawad Ahmed,0,0,,,,,,,,,
1269729,2021,2021-09-12,"Warner Park, Basseterre, St Kitts",2,6.3,Trinbago Knight Riders,St Kitts and Nevis Patriots,C Munro,D Ramdin,Fawad Ahmed,0,0,,,,,,,,,
1269729,2021,2021-09-12,"Warner Park, Basseterre, St Kitts",2,6.4,Trinbago Knight Riders,St Kitts and Nevis Patriots,C Munro,D Ramdin,Fawad Ahmed,0,0,,,,,,,,,
1269729,2021,2021-09-12,"Warner Park, Basseterre, St Kitts",2,6.5,Trinbago Knight Riders,St Kitts and Nevis Patriots,C Munro,D Ramdin,Fawad Ahmed,1,0,,,,,,,,,
1269729,2021,2021-09-12,"Warner Park, Basseterre, St Kitts",2,6.6,Trinbago Knight Riders,St Kitts and Nevis Patriots,D Ramdin,C Munro,Fawad Ahmed,1,0,,,,,,,,,
1269729,2021,2021-09-12,"Warner Park, Basseterre, St Kitts",2,7.1,Trinbago Knight Riders,St Kitts and Nevis Patriots,D Ramdin,C Munro,JL Jaggesar,1,0,,,,,,,,,
1269729,2021,2021-09-12,"Warner Park, Basseterre, St Kitts",2,7.2,Trinbago Knight Riders,St Kitts and Nevis Patriots,C Munro,D Ramdin,JL Jaggesar,1,0,,,,,,,,,
1269729,2021,2021-09-12,"Warner Park, Basseterre, St Kitts",2,7.3,Trinbago Knight Riders,St Kitts and Nevis Patriots,D Ramdin,C Munro,JL Jaggesar,1,0,,,,,,,,,
1269729,2021,2021-09-12,"Warner Park, Basseterre, St Kitts",2,7.4,Trinbago Knight Riders,St Kitts and Nevis Patriots,C Munro,D Ramdin,JL Jaggesar,4,0,,,,,,,,,
1269729,2021,2021-09-12,"Warner Park, Basseterre, St Kitts",2,7.5,Trinbago Knight Riders,St Kitts and Nevis Patriots,C Munro,D Ramdin,JL Jaggesar,1,1,,1,,,,,,,
1269729,2021,2021-09-12,"Warner Park, Basseterre, St Kitts",2,7.6,Trinbago Knight Riders,St Kitts and Nevis Patriots,D Ramdin,C Munro,JL Jaggesar,4,0,,,,,,,,,
1269729,2021,2021-09-12,"Warner Park, Basseterre, St Kitts",2,7.7,Trinbago Knight Riders,St Kitts and Nevis Patriots,D Ramdin,C Munro,JL Jaggesar,0,0,,,,,,,,,
1269729,2021,2021-09-12,"Warner Park, Basseterre, St Kitts",2,8.1,Trinbago Knight Riders,St Kitts and Nevis Patriots,C Munro,D Ramdin,Fawad Ahmed,1,0,,,,,,,,,
1269729,2021,2021-09-12,"Warner Park, Basseterre, St Kitts",2,8.2,Trinbago Knight Riders,St Kitts and Nevis Patriots,D Ramdin,C Munro,Fawad Ahmed,1,0,,,,,,,,,
1269729,2021,2021-09-12,"Warner Park, Basseterre, St Kitts",2,8.3,Trinbago Knight Riders,St Kitts and Nevis Patriots,C Munro,D Ramdin,Fawad Ahmed,0,0,,,,,,,,,
1269729,2021,2021-09-12,"Warner Park, Basseterre, St Kitts",2,8.4,Trinbago Knight Riders,St Kitts and Nevis Patriots,C Munro,D Ramdin,Fawad Ahmed,0,1,,,,1,,,,,
1269729,2021,2021-09-12,"Warner Park, Basseterre, St Kitts",2,8.5,Trinbago Knight Riders,St Kitts and Nevis Patriots,D Ramdin,C Munro,Fawad Ahmed,0,0,,,,,,lbw,D Ramdin,,
1269729,2021,2021-09-12,"Warner Park, Basseterre, St Kitts",2,8.6,Trinbago Knight Riders,St Kitts and Nevis Patriots,DM Bravo,C Munro,Fawad Ahmed,0,0,,,,,,,,,
1269729,2021,2021-09-12,"Warner Park, Basseterre, St Kitts",2,9.1,Trinbago Knight Riders,St Kitts and Nevis Patriots,C Munro,DM Bravo,JL Jaggesar,0,0,,,,,,bowled,C Munro,,
1269729,2021,2021-09-12,"Warner Park, Basseterre, St Kitts",2,9.2,Trinbago Knight Riders,St Kitts and Nevis Patriots,KA Pollard,DM Bravo,JL Jaggesar,6,0,,,,,,,,,
1269729,2021,2021-09-12,"Warner Park, Basseterre, St Kitts",2,9.3,Trinbago Knight Riders,St Kitts and Nevis Patriots,KA Pollard,DM Bravo,JL Jaggesar,6,0,,,,,,,,,
1269729,2021,2021-09-12,"Warner Park, Basseterre, St Kitts",2,9.4,Trinbago Knight Riders,St Kitts and Nevis Patriots,KA Pollard,DM Bravo,JL Jaggesar,1,0,,,,,,,,,
1269729,2021,2021-09-12,"Warner Park, Basseterre, St Kitts",2,9.5,Trinbago Knight Riders,St Kitts and Nevis Patriots,DM Bravo,KA Pollard,JL Jaggesar,0,0,,,,,,,,,
1269729,2021,2021-09-12,"Warner Park, Basseterre, St Kitts",2,9.6,Trinbago Knight Riders,St Kitts and Nevis Patriots,DM Bravo,KA Pollard,JL Jaggesar,0,0,,,,,,,,,
1269729,2021,2021-09-12,"Warner Park, Basseterre, St Kitts",2,10.1,Trinbago Knight Riders,St Kitts and Nevis Patriots,KA Pollard,DM Bravo,Fawad Ahmed,0,2,2,,,,,,,,
1269729,2021,2021-09-12,"Warner Park, Basseterre, St Kitts",2,10.2,Trinbago Knight Riders,St Kitts and Nevis Patriots,DM Bravo,KA Pollard,Fawad Ahmed,0,0,,,,,,,,,
1269729,2021,2021-09-12,"Warner Park, Basseterre, St Kitts",2,10.3,Trinbago Knight Riders,St Kitts and Nevis Patriots,DM Bravo,KA Pollard,Fawad Ahmed,1,0,,,,,,,,,
1269729,2021,2021-09-12,"Warner Park, Basseterre, St Kitts",2,10.4,Trinbago Knight Riders,St Kitts and Nevis Patriots,KA Pollard,DM Bravo,Fawad Ahmed,0,1,1,,,,,,,,
1269729,2021,2021-09-12,"Warner Park, Basseterre, St Kitts",2,10.5,Trinbago Knight Riders,St Kitts and Nevis Patriots,KA Pollard,DM Bravo,Fawad Ahmed,0,2,,,2,,,,,,
1269729,2021,2021-09-12,"Warner Park, Basseterre, St Kitts",2,10.6,Trinbago Knight Riders,St Kitts and Nevis Patriots,KA Pollard,DM Bravo,Fawad Ahmed,0,0,,,,,,,,,
1269729,2021,2021-09-12,"Warner Park, Basseterre, St Kitts",2,10.7,Trinbago Knight Riders,St Kitts and Nevis Patriots,KA Pollard,DM Bravo,Fawad Ahmed,3,0,,,,,,,,,
1269729,2021,2021-09-12,"Warner Park, Basseterre, St Kitts",2,10.8,Trinbago Knight Riders,St Kitts and Nevis Patriots,DM Bravo,KA Pollard,Fawad Ahmed,0,0,,,,,,,,,
1269729,2021,2021-09-12,"Warner Park, Basseterre, St Kitts",2,11.1,Trinbago Knight Riders,St Kitts and Nevis Patriots,KA Pollard,DM Bravo,JL Jaggesar,6,0,,,,,,,,,
1269729,2021,2021-09-12,"Warner Park, Basseterre, St Kitts",2,11.2,Trinbago Knight Riders,St Kitts and Nevis Patriots,KA Pollard,DM Bravo,JL Jaggesar,0,0,,,,,,,,,
1269729,2021,2021-09-12,"Warner Park, Basseterre, St Kitts",2,11.3,Trinbago Knight Riders,St Kitts and Nevis Patriots,KA Pollard,DM Bravo,JL Jaggesar,6,0,,,,,,,,,
1269729,2021,2021-09-12,"Warner Park, Basseterre, St Kitts",2,11.4,Trinbago Knight Riders,St Kitts and Nevis Patriots,KA Pollard,DM Bravo,JL Jaggesar,4,0,,,,,,,,,
1269729,2021,2021-09-12,"Warner Park, Basseterre, St Kitts",2,11.5,Trinbago Knight Riders,St Kitts and Nevis Patriots,KA Pollard,DM Bravo,JL Jaggesar,6,0,,,,,,,,,
1269729,2021,2021-09-12,"Warner Park, Basseterre, St Kitts",2,11.6,Trinbago Knight Riders,St Kitts and Nevis Patriots,KA Pollard,DM Bravo,JL Jaggesar,1,0,,,,,,,,,
1269729,2021,2021-09-12,"Warner Park, Basseterre, St Kitts",2,12.1,Trinbago Knight Riders,St Kitts and Nevis Patriots,KA Pollard,DM Bravo,Fawad Ahmed,4,0,,,,,,,,,
1269729,2021,2021-09-12,"Warner Park, Basseterre, St Kitts",2,12.2,Trinbago Knight Riders,St Kitts and Nevis Patriots,KA Pollard,DM Bravo,Fawad Ahmed,0,0,,,,,,,,,
1269729,2021,2021-09-12,"Warner Park, Basseterre, St Kitts",2,12.3,Trinbago Knight Riders,St Kitts and Nevis Patriots,KA Pollard,DM Bravo,Fawad Ahmed,0,0,,,,,,,,,
1269729,2021,2021-09-12,"Warner Park, Basseterre, St Kitts",2,12.4,Trinbago Knight Riders,St Kitts and Nevis Patriots,KA Pollard,DM Bravo,Fawad Ahmed,0,0,,,,,,,,,
1269729,2021,2021-09-12,"Warner Park, Basseterre, St Kitts",2,12.5,Trinbago Knight Riders,St Kitts and Nevis Patriots,KA Pollard,DM Bravo,Fawad Ahmed,1,0,,,,,,,,,
1269729,2021,2021-09-12,"Warner Park, Basseterre, St Kitts",2,12.6,Trinbago Knight Riders,St Kitts and Nevis Patriots,DM Bravo,KA Pollard,Fawad Ahmed,0,0,,,,,,caught,DM Bravo,,
1269729,2021,2021-09-12,"Warner Park, Basseterre, St Kitts",2,13.1,Trinbago Knight Riders,St Kitts and Nevis Patriots,KA Pollard,TL Seifert,PA van Meekeren,4,0,,,,,,,,,
1269729,2021,2021-09-12,"Warner Park, Basseterre, St Kitts",2,13.2,Trinbago Knight Riders,St Kitts and Nevis Patriots,KA Pollard,TL Seifert,PA van Meekeren,1,0,,,,,,,,,
1269729,2021,2021-09-12,"Warner Park, Basseterre, St Kitts",2,13.3,Trinbago Knight Riders,St Kitts and Nevis Patriots,TL Seifert,KA Pollard,PA van Meekeren,0,0,,,,,,,,,
1269729,2021,2021-09-12,"Warner Park, Basseterre, St Kitts",2,13.4,Trinbago Knight Riders,St Kitts and Nevis Patriots,TL Seifert,KA Pollard,PA van Meekeren,0,0,,,,,,,,,
1269729,2021,2021-09-12,"Warner Park, Basseterre, St Kitts",2,13.5,Trinbago Knight Riders,St Kitts and Nevis Patriots,TL Seifert,KA Pollard,PA van Meekeren,0,0,,,,,,,,,
1269729,2021,2021-09-12,"Warner Park, Basseterre, St Kitts",2,13.6,Trinbago Knight Riders,St Kitts and Nevis Patriots,TL Seifert,KA Pollard,PA van Meekeren,4,0,,,,,,,,,
1269729,2021,2021-09-12,"Warner Park, Basseterre, St Kitts",2,14.1,Trinbago Knight Riders,St Kitts and Nevis Patriots,KA Pollard,TL Seifert,DC Drakes,1,0,,,,,,,,,
1269729,2021,2021-09-12,"Warner Park, Basseterre, St Kitts",2,14.2,Trinbago Knight Riders,St Kitts and Nevis Patriots,TL Seifert,KA Pollard,DC Drakes,1,0,,,,,,,,,
1269729,2021,2021-09-12,"Warner Park, Basseterre, St Kitts",2,14.3,Trinbago Knight Riders,St Kitts and Nevis Patriots,KA Pollard,TL Seifert,DC Drakes,1,0,,,,,,,,,
1269729,2021,2021-09-12,"Warner Park, Basseterre, St Kitts",2,14.4,Trinbago Knight Riders,St Kitts and Nevis Patriots,TL Seifert,KA Pollard,DC Drakes,1,0,,,,,,,,,
1269729,2021,2021-09-12,"Warner Park, Basseterre, St Kitts",2,14.5,Trinbago Knight Riders,St Kitts and Nevis Patriots,KA Pollard,TL Seifert,DC Drakes,0,0,,,,,,caught,KA Pollard,,
1269729,2021,2021-09-12,"Warner Park, Basseterre, St Kitts",2,14.6,Trinbago Knight Riders,St Kitts and Nevis Patriots,TL Seifert,I Udana,DC Drakes,0,1,1,,,,,,,,
1269729,2021,2021-09-12,"Warner Park, Basseterre, St Kitts",2,14.7,Trinbago Knight Riders,St Kitts and Nevis Patriots,TL Seifert,I Udana,DC Drakes,1,0,,,,,,,,,
1269729,2021,2021-09-12,"Warner Park, Basseterre, St Kitts",2,15.1,Trinbago Knight Riders,St Kitts and Nevis Patriots,TL Seifert,I Udana,FA Allen,1,0,,,,,,,,,
1269729,2021,2021-09-12,"Warner Park, Basseterre, St Kitts",2,15.2,Trinbago Knight Riders,St Kitts and Nevis Patriots,I Udana,TL Seifert,FA Allen,1,0,,,,,,,,,
1269729,2021,2021-09-12,"Warner Park, Basseterre, St Kitts",2,15.3,Trinbago Knight Riders,St Kitts and Nevis Patriots,TL Seifert,I Udana,FA Allen,1,0,,,,,,,,,
1269729,2021,2021-09-12,"Warner Park, Basseterre, St Kitts",2,15.4,Trinbago Knight Riders,St Kitts and Nevis Patriots,I Udana,TL Seifert,FA Allen,1,0,,,,,,,,,
1269729,2021,2021-09-12,"Warner Park, Basseterre, St Kitts",2,15.5,Trinbago Knight Riders,St Kitts and Nevis Patriots,TL Seifert,I Udana,FA Allen,1,0,,,,,,,,,
1269729,2021,2021-09-12,"Warner Park, Basseterre, St Kitts",2,15.6,Trinbago Knight Riders,St Kitts and Nevis Patriots,I Udana,TL Seifert,FA Allen,1,0,,,,,,,,,
1269729,2021,2021-09-12,"Warner Park, Basseterre, St Kitts",2,16.1,Trinbago Knight Riders,St Kitts and Nevis Patriots,I Udana,TL Seifert,Naseem Shah,0,1,1,,,,,,,,
1269729,2021,2021-09-12,"Warner Park, Basseterre, St Kitts",2,16.2,Trinbago Knight Riders,St Kitts and Nevis Patriots,I Udana,TL Seifert,Naseem Shah,1,0,,,,,,,,,
1269729,2021,2021-09-12,"Warner Park, Basseterre, St Kitts",2,16.3,Trinbago Knight Riders,St Kitts and Nevis Patriots,TL Seifert,I Udana,Naseem Shah,1,0,,,,,,,,,
1269729,2021,2021-09-12,"Warner Park, Basseterre, St Kitts",2,16.4,Trinbago Knight Riders,St Kitts and Nevis Patriots,I Udana,TL Seifert,Naseem Shah,0,0,,,,,,,,,
1269729,2021,2021-09-12,"Warner Park, Basseterre, St Kitts",2,16.5,Trinbago Knight Riders,St Kitts and Nevis Patriots,I Udana,TL Seifert,Naseem Shah,0,0,,,,,,,,,
1269729,2021,2021-09-12,"Warner Park, Basseterre, St Kitts",2,16.6,Trinbago Knight Riders,St Kitts and Nevis Patriots,I Udana,TL Seifert,Naseem Shah,6,0,,,,,,,,,
1269729,2021,2021-09-12,"Warner Park, Basseterre, St Kitts",2,16.7,Trinbago Knight Riders,St Kitts and Nevis Patriots,I Udana,TL Seifert,Naseem Shah,0,0,,,,,,,,,
1269729,2021,2021-09-12,"Warner Park, Basseterre, St Kitts",2,17.1,Trinbago Knight Riders,St Kitts and Nevis Patriots,TL Seifert,I Udana,FA Allen,0,0,,,,,,stumped,TL Seifert,,
1269729,2021,2021-09-12,"Warner Park, Basseterre, St Kitts",2,17.2,Trinbago Knight Riders,St Kitts and Nevis Patriots,AJ Hosein,I Udana,FA Allen,1,0,,,,,,,,,
1269729,2021,2021-09-12,"Warner Park, Basseterre, St Kitts",2,17.3,Trinbago Knight Riders,St Kitts and Nevis Patriots,I Udana,AJ Hosein,FA Allen,0,0,,,,,,,,,
1269729,2021,2021-09-12,"Warner Park, Basseterre, St Kitts",2,17.4,Trinbago Knight Riders,St Kitts and Nevis Patriots,I Udana,AJ Hosein,FA Allen,0,0,,,,,,,,,
1269729,2021,2021-09-12,"Warner Park, Basseterre, St Kitts",2,17.5,Trinbago Knight Riders,St Kitts and Nevis Patriots,I Udana,AJ Hosein,FA Allen,0,0,,,,,,,,,
1269729,2021,2021-09-12,"Warner Park, Basseterre, St Kitts",2,17.6,Trinbago Knight Riders,St Kitts and Nevis Patriots,I Udana,AJ Hosein,FA Allen,2,0,,,,,,,,,
1269729,2021,2021-09-12,"Warner Park, Basseterre, St Kitts",2,18.1,Trinbago Knight Riders,St Kitts and Nevis Patriots,AJ Hosein,I Udana,JL Jaggesar,1,0,,,,,,,,,
1269729,2021,2021-09-12,"Warner Park, Basseterre, St Kitts",2,18.2,Trinbago Knight Riders,St Kitts and Nevis Patriots,I Udana,AJ Hosein,JL Jaggesar,1,0,,,,,,,,,
1269729,2021,2021-09-12,"Warner Park, Basseterre, St Kitts",2,18.3,Trinbago Knight Riders,St Kitts and Nevis Patriots,AJ Hosein,I Udana,JL Jaggesar,1,0,,,,,,,,,
1269729,2021,2021-09-12,"Warner Park, Basseterre, St Kitts",2,18.4,Trinbago Knight Riders,St Kitts and Nevis Patriots,I Udana,AJ Hosein,JL Jaggesar,6,0,,,,,,,,,
1269729,2021,2021-09-12,"Warner Park, Basseterre, St Kitts",2,18.5,Trinbago Knight Riders,St Kitts and Nevis Patriots,I Udana,AJ Hosein,JL Jaggesar,0,0,,,,,,,,,
1269729,2021,2021-09-12,"Warner Park, Basseterre, St Kitts",2,18.6,Trinbago Knight Riders,St Kitts and Nevis Patriots,I Udana,AJ Hosein,JL Jaggesar,6,0,,,,,,,,,
