match_id,season,start_date,venue,innings,ball,batting_team,bowling_team,striker,non_striker,bowler,runs_off_bat,extras,wides,noballs,byes,legbyes,penalty,wicket_type,player_dismissed,other_wicket_type,other_player_dismissed
635221,2013,2013-08-04,Providence Stadium,1,0.1,Guyana Amazon Warriors,St Lucia Zouks,LMP Simmons,MJ Guptill,JA Morkel,0,0,,,,,,,,,
635221,2013,2013-08-04,Providence Stadium,1,0.2,Guyana Amazon Warriors,St Lucia Zouks,LMP Simmons,MJ Guptill,JA Morkel,4,0,,,,,,,,,
635221,2013,2013-08-04,Providence Stadium,1,0.3,Guyana Amazon Warriors,St Lucia Zouks,LMP Simmons,MJ Guptill,JA Morkel,0,1,,,,1,,,,,
635221,2013,2013-08-04,Providence Stadium,1,0.4,Guyana Amazon Warriors,St Lucia Zouks,MJ Guptill,LMP Simmons,JA Morkel,0,0,,,,,,,,,
635221,2013,2013-08-04,Providence Stadium,1,0.5,Guyana Amazon Warriors,St Lucia Zouks,MJ Guptill,LMP Simmons,JA Morkel,1,0,,,,,,,,,
635221,2013,2013-08-04,Providence Stadium,1,0.6,Guyana Amazon Warriors,St Lucia Zouks,LMP Simmons,MJ Guptill,JA Morkel,0,0,,,,,,,,,
635221,2013,2013-08-04,Providence Stadium,1,1.1,Guyana Amazon Warriors,St Lucia Zouks,MJ Guptill,LMP Simmons,GE Mathurin,2,0,,,,,,,,,
635221,2013,2013-08-04,Providence Stadium,1,1.2,Guyana Amazon Warriors,St Lucia Zouks,MJ Guptill,LMP Simmons,GE Mathurin,1,0,,,,,,,,,
635221,2013,2013-08-04,Providence Stadium,1,1.3,Guyana Amazon Warriors,St Lucia Zouks,LMP Simmons,MJ Guptill,GE Mathurin,4,0,,,,,,,,,
635221,2013,2013-08-04,Providence Stadium,1,1.4,Guyana Amazon Warriors,St Lucia Zouks,LMP Simmons,MJ Guptill,GE Mathurin,0,0,,,,,,,,,
635221,2013,2013-08-04,Providence Stadium,1,1.5,Guyana Amazon Warriors,St Lucia Zouks,LMP Simmons,MJ Guptill,GE Mathurin,0,1,,,,1,,,,,
635221,2013,2013-08-04,Providence Stadium,1,1.6,Guyana Amazon Warriors,St Lucia Zouks,MJ Guptill,LMP Simmons,GE Mathurin,1,0,,,,,,,,,
635221,2013,2013-08-04,Providence Stadium,1,2.1,Guyana Amazon Warriors,St Lucia Zouks,MJ Guptill,LMP Simmons,DJG Sammy,1,0,,,,,,,,,
635221,2013,2013-08-04,Providence Stadium,1,2.2,Guyana Amazon Warriors,St Lucia Zouks,LMP Simmons,MJ Guptill,DJG Sammy,2,0,,,,,,,,,
635221,2013,2013-08-04,Providence Stadium,1,2.3,Guyana Amazon Warriors,St Lucia Zouks,LMP Simmons,MJ Guptill,DJG Sammy,4,0,,,,,,,,,
635221,2013,2013-08-04,Providence Stadium,1,2.4,Guyana Amazon Warriors,St Lucia Zouks,LMP Simmons,MJ Guptill,DJG Sammy,0,0,,,,,,,,,
635221,2013,2013-08-04,Providence Stadium,1,2.5,Guyana Amazon Warriors,St Lucia Zouks,LMP Simmons,MJ Guptill,DJG Sammy,0,0,,,,,,,,,
635221,2013,2013-08-04,Providence Stadium,1,2.6,Guyana Amazon Warriors,St Lucia Zouks,LMP Simmons,MJ Guptill,DJG Sammy,1,0,,,,,,,,,
635221,2013,2013-08-04,Providence Stadium,1,3.1,Guyana Amazon Warriors,St Lucia Zouks,LMP Simmons,MJ Guptill,JA Morkel,0,0,,,,,,,,,
635221,2013,2013-08-04,Providence Stadium,1,3.2,Guyana Amazon Warriors,St Lucia Zouks,LMP Simmons,MJ Guptill,JA Morkel,0,2,2,,,,,,,,
635221,2013,2013-08-04,Providence Stadium,1,3.3,Guyana Amazon Warriors,St Lucia Zouks,MJ Guptill,LMP Simmons,JA Morkel,4,0,,,,,,,,,
635221,2013,2013-08-04,Providence Stadium,1,3.4,Guyana Amazon Warriors,St Lucia Zouks,MJ Guptill,LMP Simmons,JA Morkel,1,0,,,,,,,,,
635221,2013,2013-08-04,Providence Stadium,1,3.5,Guyana Amazon Warriors,St Lucia Zouks,LMP Simmons,MJ Guptill,JA Morkel,0,0,,,,,,,,,
635221,2013,2013-08-04,Providence Stadium,1,3.6,Guyana Amazon Warriors,St Lucia Zouks,LMP Simmons,MJ Guptill,JA Morkel,2,0,,,,,,,,,
635221,2013,2013-08-04,Providence Stadium,1,3.7,Guyana Amazon Warriors,St Lucia Zouks,LMP Simmons,MJ Guptill,JA Morkel,0,0,,,,,,,,,
635221,2013,2013-08-04,Providence Stadium,1,4.1,Guyana Amazon Warriors,St Lucia Zouks,MJ Guptill,LMP Simmons,GE Mathurin,1,0,,,,,,,,,
635221,2013,2013-08-04,Providence Stadium,1,4.2,Guyana Amazon Warriors,St Lucia Zouks,LMP Simmons,MJ Guptill,GE Mathurin,0,0,,,,,,,,,
635221,2013,2013-08-04,Providence Stadium,1,4.3,Guyana Amazon Warriors,St Lucia Zouks,LMP Simmons,MJ Guptill,GE Mathurin,1,0,,,,,,,,,
635221,2013,2013-08-04,Providence Stadium,1,4.4,Guyana Amazon Warriors,St Lucia Zouks,MJ Guptill,LMP Simmons,GE Mathurin,0,0,,,,,,bowled,MJ Guptill,,
635221,2013,2013-08-04,Providence Stadium,1,4.5,Guyana Amazon Warriors,St Lucia Zouks,Mohammad Hafeez,LMP Simmons,GE Mathurin,0,0,,,,,,,,,
635221,2013,2013-08-04,Providence Stadium,1,4.6,Guyana Amazon Warriors,St Lucia Zouks,Mohammad Hafeez,LMP Simmons,GE Mathurin,0,0,,,,,,,,,
635221,2013,2013-08-04,Providence Stadium,1,5.1,Guyana Amazon Warriors,St Lucia Zouks,LMP Simmons,Mohammad Hafeez,DJG Sammy,0,0,,,,,,,,,
635221,2013,2013-08-04,Providence Stadium,1,5.2,Guyana Amazon Warriors,St Lucia Zouks,LMP Simmons,Mohammad Hafeez,DJG Sammy,0,0,,,,,,,,,
635221,2013,2013-08-04,Providence Stadium,1,5.3,Guyana Amazon Warriors,St Lucia Zouks,LMP Simmons,Mohammad Hafeez,DJG Sammy,0,0,,,,,,,,,
635221,2013,2013-08-04,Providence Stadium,1,5.4,Guyana Amazon Warriors,St Lucia Zouks,LMP Simmons,Mohammad Hafeez,DJG Sammy,1,0,,,,,,,,,
635221,2013,2013-08-04,Providence Stadium,1,5.5,Guyana Amazon Warriors,St Lucia Zouks,Mohammad Hafeez,LMP Simmons,DJG Sammy,0,0,,,,,,,,,
635221,2013,2013-08-04,Providence Stadium,1,5.6,Guyana Amazon Warriors,St Lucia Zouks,Mohammad Hafeez,LMP Simmons,DJG Sammy,1,0,,,,,,,,,
635221,2013,2013-08-04,Providence Stadium,1,6.1,Guyana Amazon Warriors,St Lucia Zouks,Mohammad Hafeez,LMP Simmons,GE Mathurin,0,0,,,,,,,,,
635221,2013,2013-08-04,Providence Stadium,1,6.2,Guyana Amazon Warriors,St Lucia Zouks,Mohammad Hafeez,LMP Simmons,GE Mathurin,0,0,,,,,,,,,
635221,2013,2013-08-04,Providence Stadium,1,6.3,Guyana Amazon Warriors,St Lucia Zouks,Mohammad Hafeez,LMP Simmons,GE Mathurin,0,0,,,,,,,,,
635221,2013,2013-08-04,Providence Stadium,1,6.4,Guyana Amazon Warriors,St Lucia Zouks,Mohammad Hafeez,LMP Simmons,GE Mathurin,1,0,,,,,,,,,
635221,2013,2013-08-04,Providence Stadium,1,6.5,Guyana Amazon Warriors,St Lucia Zouks,LMP Simmons,Mohammad Hafeez,GE Mathurin,1,0,,,,,,,,,
635221,2013,2013-08-04,Providence Stadium,1,6.6,Guyana Amazon Warriors,St Lucia Zouks,Mohammad Hafeez,LMP Simmons,GE Mathurin,1,0,,,,,,,,,
635221,2013,2013-08-04,Providence Stadium,1,7.1,Guyana Amazon Warriors,St Lucia Zouks,Mohammad Hafeez,LMP Simmons,DJG Sammy,1,0,,,,,,,,,
635221,2013,2013-08-04,Providence Stadium,1,7.2,Guyana Amazon Warriors,St Lucia Zouks,LMP Simmons,Mohammad Hafeez,DJG Sammy,0,0,,,,,,,,,
635221,2013,2013-08-04,Providence Stadium,1,7.3,Guyana Amazon Warriors,St Lucia Zouks,LMP Simmons,Mohammad Hafeez,DJG Sammy,1,0,,,,,,,,,
635221,2013,2013-08-04,Providence Stadium,1,7.4,Guyana Amazon Warriors,St Lucia Zouks,Mohammad Hafeez,LMP Simmons,DJG Sammy,0,0,,,,,,,,,
635221,2013,2013-08-04,Providence Stadium,1,7.5,Guyana Amazon Warriors,St Lucia Zouks,Mohammad Hafeez,LMP Simmons,DJG Sammy,1,0,,,,,,,,,
635221,2013,2013-08-04,Providence Stadium,1,7.6,Guyana Amazon Warriors,St Lucia Zouks,LMP Simmons,Mohammad Hafeez,DJG Sammy,1,0,,,,,,,,,
635221,2013,2013-08-04,Providence Stadium,1,8.1,Guyana Amazon Warriors,St Lucia Zouks,LMP Simmons,Mohammad Hafeez,GE Mathurin,1,0,,,,,,,,,
635221,2013,2013-08-04,Providence Stadium,1,8.2,Guyana Amazon Warriors,St Lucia Zouks,Mohammad Hafeez,LMP Simmons,GE Mathurin,1,0,,,,,,,,,
635221,2013,2013-08-04,Providence Stadium,1,8.3,Guyana Amazon Warriors,St Lucia Zouks,LMP Simmons,Mohammad Hafeez,GE Mathurin,1,0,,,,,,,,,
635221,2013,2013-08-04,Providence Stadium,1,8.4,Guyana Amazon Warriors,St Lucia Zouks,Mohammad Hafeez,LMP Simmons,GE Mathurin,0,0,,,,,,,,,
635221,2013,2013-08-04,Providence Stadium,1,8.5,Guyana Amazon Warriors,St Lucia Zouks,Mohammad Hafeez,LMP Simmons,GE Mathurin,6,0,,,,,,,,,
635221,2013,2013-08-04,Providence Stadium,1,8.6,Guyana Amazon Warriors,St Lucia Zouks,Mohammad Hafeez,LMP Simmons,GE Mathurin,1,0,,,,,,,,,
635221,2013,2013-08-04,Providence Stadium,1,9.1,Guyana Amazon Warriors,St Lucia Zouks,Mohammad Hafeez,LMP Simmons,S Shillingford,0,0,,,,,,,,,
635221,2013,2013-08-04,Providence Stadium,1,9.2,Guyana Amazon Warriors,St Lucia Zouks,Mohammad Hafeez,LMP Simmons,S Shillingford,0,0,,,,,,lbw,Mohammad Hafeez,,
635221,2013,2013-08-04,Providence Stadium,1,9.3,Guyana Amazon Warriors,St Lucia Zouks,RR Sarwan,LMP Simmons,S Shillingford,0,0,,,,,,,,,
635221,2013,2013-08-04,Providence Stadium,1,9.4,Guyana Amazon Warriors,St Lucia Zouks,RR Sarwan,LMP Simmons,S Shillingford,0,0,,,,,,,,,
635221,2013,2013-08-04,Providence Stadium,1,9.5,Guyana Amazon Warriors,St Lucia Zouks,RR Sarwan,LMP Simmons,S Shillingford,1,0,,,,,,,,,
635221,2013,2013-08-04,Providence Stadium,1,9.6,Guyana Amazon Warriors,St Lucia Zouks,LMP Simmons,RR Sarwan,S Shillingford,0,0,,,,,,,,,
635221,2013,2013-08-04,Providence Stadium,1,10.1,Guyana Amazon Warriors,St Lucia Zouks,RR Sarwan,LMP Simmons,TL Best,1,0,,,,,,,,,
635221,2013,2013-08-04,Providence Stadium,1,10.2,Guyana Amazon Warriors,St Lucia Zouks,LMP Simmons,RR Sarwan,TL Best,1,0,,,,,,,,,
635221,2013,2013-08-04,Providence Stadium,1,10.3,Guyana Amazon Warriors,St Lucia Zouks,RR Sarwan,LMP Simmons,TL Best,0,1,,,,1,,,,,
635221,2013,2013-08-04,Providence Stadium,1,10.4,Guyana Amazon Warriors,St Lucia Zouks,LMP Simmons,RR Sarwan,TL Best,1,0,,,,,,,,,
635221,2013,2013-08-04,Providence Stadium,1,10.5,Guyana Amazon Warriors,St Lucia Zouks,RR Sarwan,LMP Simmons,TL Best,0,0,,,,,,,,,
635221,2013,2013-08-04,Providence Stadium,1,10.6,Guyana Amazon Warriors,St Lucia Zouks,RR Sarwan,LMP Simmons,TL Best,0,0,,,,,,,,,
635221,2013,2013-08-04,Providence Stadium,1,11.1,Guyana Amazon Warriors,St Lucia Zouks,LMP Simmons,RR Sarwan,LAS Sebastien,0,0,,,,,,,,,
635221,2013,2013-08-04,Providence Stadium,1,11.2,Guyana Amazon Warriors,St Lucia Zouks,LMP Simmons,RR Sarwan,LAS Sebastien,4,0,,,,,,,,,
635221,2013,2013-08-04,Providence Stadium,1,11.3,Guyana Amazon Warriors,St Lucia Zouks,LMP Simmons,RR Sarwan,LAS Sebastien,0,0,,,,,,,,,
635221,2013,2013-08-04,Providence Stadium,1,11.4,Guyana Amazon Warriors,St Lucia Zouks,LMP Simmons,RR Sarwan,LAS Sebastien,0,0,,,,,,,,,
635221,2013,2013-08-04,Providence Stadium,1,11.5,Guyana Amazon Warriors,St Lucia Zouks,LMP Simmons,RR Sarwan,LAS Sebastien,1,0,,,,,,,,,
635221,2013,2013-08-04,Providence Stadium,1,11.6,Guyana Amazon Warriors,St Lucia Zouks,RR Sarwan,LMP Simmons,LAS Sebastien,0,0,,,,,,,,,
635221,2013,2013-08-04,Providence Stadium,1,12.1,Guyana Amazon Warriors,St Lucia Zouks,LMP Simmons,RR Sarwan,TL Best,0,0,,,,,,,,,
635221,2013,2013-08-04,Providence Stadium,1,12.2,Guyana Amazon Warriors,St Lucia Zouks,LMP Simmons,RR Sarwan,TL Best,1,0,,,,,,,,,
635221,2013,2013-08-04,Providence Stadium,1,12.3,Guyana Amazon Warriors,St Lucia Zouks,RR Sarwan,LMP Simmons,TL Best,1,0,,,,,,,,,
635221,2013,2013-08-04,Providence Stadium,1,12.4,Guyana Amazon Warriors,St Lucia Zouks,LMP Simmons,RR Sarwan,TL Best,0,1,1,,,,,,,,
635221,2013,2013-08-04,Providence Stadium,1,12.5,Guyana Amazon Warriors,St Lucia Zouks,LMP Simmons,RR Sarwan,TL Best,4,0,,,,,,,,,
635221,2013,2013-08-04,Providence Stadium,1,12.6,Guyana Amazon Warriors,St Lucia Zouks,LMP Simmons,RR Sarwan,TL Best,0,0,,,,,,,,,
635221,2013,2013-08-04,Providence Stadium,1,12.7,Guyana Amazon Warriors,St Lucia Zouks,LMP Simmons,RR Sarwan,TL Best,2,0,,,,,,,,,
635221,2013,2013-08-04,Providence Stadium,1,13.1,Guyana Amazon Warriors,St Lucia Zouks,RR Sarwan,LMP Simmons,S Shillingford,1,0,,,,,,,,,
635221,2013,2013-08-04,Providence Stadium,1,13.2,Guyana Amazon Warriors,St Lucia Zouks,LMP Simmons,RR Sarwan,S Shillingford,0,0,,,,,,bowled,LMP Simmons,,
635221,2013,2013-08-04,Providence Stadium,1,13.3,Guyana Amazon Warriors,St Lucia Zouks,N Deonarine,RR Sarwan,S Shillingford,0,0,,,,,,,,,
635221,2013,2013-08-04,Providence Stadium,1,13.4,Guyana Amazon Warriors,St Lucia Zouks,N Deonarine,RR Sarwan,S Shillingford,0,0,,,,,,lbw,N Deonarine,,
635221,2013,2013-08-04,Providence Stadium,1,13.5,Guyana Amazon Warriors,St Lucia Zouks,JEC Franklin,RR Sarwan,S Shillingford,0,0,,,,,,,,,
635221,2013,2013-08-04,Providence Stadium,1,13.6,Guyana Amazon Warriors,St Lucia Zouks,JEC Franklin,RR Sarwan,S Shillingford,0,0,,,,,,,,,
635221,2013,2013-08-04,Providence Stadium,1,14.1,Guyana Amazon Warriors,St Lucia Zouks,RR Sarwan,JEC Franklin,LAS Sebastien,0,0,,,,,,,,,
635221,2013,2013-08-04,Providence Stadium,1,14.2,Guyana Amazon Warriors,St Lucia Zouks,RR Sarwan,JEC Franklin,LAS Sebastien,0,0,,,,,,,,,
635221,2013,2013-08-04,Providence Stadium,1,14.3,Guyana Amazon Warriors,St Lucia Zouks,RR Sarwan,JEC Franklin,LAS Sebastien,0,0,,,,,,,,,
635221,2013,2013-08-04,Providence Stadium,1,14.4,Guyana Amazon Warriors,St Lucia Zouks,RR Sarwan,JEC Franklin,LAS Sebastien,1,0,,,,,,,,,
635221,2013,2013-08-04,Providence Stadium,1,14.5,Guyana Amazon Warriors,St Lucia Zouks,JEC Franklin,RR Sarwan,LAS Sebastien,1,0,,,,,,,,,
635221,2013,2013-08-04,Providence Stadium,1,14.6,Guyana Amazon Warriors,St Lucia Zouks,RR Sarwan,JEC Franklin,LAS Sebastien,1,0,,,,,,,,,
635221,2013,2013-08-04,Providence Stadium,1,15.1,Guyana Amazon Warriors,St Lucia Zouks,RR Sarwan,JEC Franklin,S Shillingford,0,1,1,,,,,,,,
635221,2013,2013-08-04,Providence Stadium,1,15.2,Guyana Amazon Warriors,St Lucia Zouks,RR Sarwan,JEC Franklin,S Shillingford,0,0,,,,,,,,,
635221,2013,2013-08-04,Providence Stadium,1,15.3,Guyana Amazon Warriors,St Lucia Zouks,RR Sarwan,JEC Franklin,S Shillingford,0,1,,,,1,,,,,
635221,2013,2013-08-04,Providence Stadium,1,15.4,Guyana Amazon Warriors,St Lucia Zouks,JEC Franklin,RR Sarwan,S Shillingford,0,0,,,,,,,,,
635221,2013,2013-08-04,Providence Stadium,1,15.5,Guyana Amazon Warriors,St Lucia Zouks,JEC Franklin,RR Sarwan,S Shillingford,1,0,,,,,,,,,
635221,2013,2013-08-04,Providence Stadium,1,15.6,Guyana Amazon Warriors,St Lucia Zouks,RR Sarwan,JEC Franklin,S Shillingford,2,0,,,,,,,,,
635221,2013,2013-08-04,Providence Stadium,1,15.7,Guyana Amazon Warriors,St Lucia Zouks,RR Sarwan,JEC Franklin,S Shillingford,0,0,,,,,,,,,
635221,2013,2013-08-04,Providence Stadium,1,16.1,Guyana Amazon Warriors,St Lucia Zouks,JEC Franklin,RR Sarwan,TL Best,1,0,,,,,,,,,
635221,2013,2013-08-04,Providence Stadium,1,16.2,Guyana Amazon Warriors,St Lucia Zouks,RR Sarwan,JEC Franklin,TL Best,0,0,,,,,,caught,RR Sarwan,,
635221,2013,2013-08-04,Providence Stadium,1,16.3,Guyana Amazon Warriors,St Lucia Zouks,CD Barnwell,JEC Franklin,TL Best,0,1,1,,,,,,,,
635221,2013,2013-08-04,Providence Stadium,1,16.4,Guyana Amazon Warriors,St Lucia Zouks,CD Barnwell,JEC Franklin,TL Best,0,0,,,,,,,,,
635221,2013,2013-08-04,Providence Stadium,1,16.5,Guyana Amazon Warriors,St Lucia Zouks,CD Barnwell,JEC Franklin,TL Best,1,0,,,,,,,,,
635221,2013,2013-08-04,Providence Stadium,1,16.6,Guyana Amazon Warriors,St Lucia Zouks,JEC Franklin,CD Barnwell,TL Best,0,0,,,,,,run out,JEC Franklin,,
635221,2013,2013-08-04,Providence Stadium,1,16.7,Guyana Amazon Warriors,St Lucia Zouks,CD Barnwell,D Ramdin,TL Best,1,0,,,,,,,,,
635221,2013,2013-08-04,Providence Stadium,1,17.1,Guyana Amazon Warriors,St Lucia Zouks,CD Barnwell,D Ramdin,DJG Sammy,4,0,,,,,,,,,
635221,2013,2013-08-04,Providence Stadium,1,17.2,Guyana Amazon Warriors,St Lucia Zouks,CD Barnwell,D Ramdin,DJG Sammy,1,0,,,,,,,,,
635221,2013,2013-08-04,Providence Stadium,1,17.3,Guyana Amazon Warriors,St Lucia Zouks,D Ramdin,CD Barnwell,DJG Sammy,1,0,,,,,,,,,
635221,2013,2013-08-04,Providence Stadium,1,17.4,Guyana Amazon Warriors,St Lucia Zouks,CD Barnwell,D Ramdin,DJG Sammy,1,0,,,,,,,,,
635221,2013,2013-08-04,Providence Stadium,1,17.5,Guyana Amazon Warriors,St Lucia Zouks,D Ramdin,CD Barnwell,DJG Sammy,1,0,,,,,,,,,
635221,2013,2013-08-04,Providence Stadium,1,17.6,Guyana Amazon Warriors,St Lucia Zouks,CD Barnwell,D Ramdin,DJG Sammy,4,0,,,,,,,,,
635221,2013,2013-08-04,Providence Stadium,1,18.1,Guyana Amazon Warriors,St Lucia Zouks,D Ramdin,CD Barnwell,TL Best,1,0,,,,,,,,,
635221,2013,2013-08-04,Providence Stadium,1,18.2,Guyana Amazon Warriors,St Lucia Zouks,CD Barnwell,D Ramdin,TL Best,1,1,,1,,,,,,,
635221,2013,2013-08-04,Providence Stadium,1,18.3,Guyana Amazon Warriors,St Lucia Zouks,D Ramdin,CD Barnwell,TL Best,4,0,,,,,,,,,
635221,2013,2013-08-04,Providence Stadium,1,18.4,Guyana Amazon Warriors,St Lucia Zouks,D Ramdin,CD Barnwell,TL Best,2,0,,,,,,,,,
635221,2013,2013-08-04,Providence Stadium,1,18.5,Guyana Amazon Warriors,St Lucia Zouks,D Ramdin,CD Barnwell,TL Best,2,0,,,,,,,,,
635221,2013,2013-08-04,Providence Stadium,1,18.6,Guyana Amazon Warriors,St Lucia Zouks,D Ramdin,CD Barnwell,TL Best,1,0,,,,,,,,,
635221,2013,2013-08-04,Providence Stadium,1,18.7,Guyana Amazon Warriors,St Lucia Zouks,CD Barnwell,D Ramdin,TL Best,0,0,,,,,,,,,
635221,2013,2013-08-04,Providence Stadium,1,19.1,Guyana Amazon Warriors,St Lucia Zouks,D Ramdin,CD Barnwell,S Shillingford,1,0,,,,,,,,,
635221,2013,2013-08-04,Providence Stadium,1,19.2,Guyana Amazon Warriors,St Lucia Zouks,CD Barnwell,D Ramdin,S Shillingford,6,0,,,,,,,,,
635221,2013,2013-08-04,Providence Stadium,1,19.3,Guyana Amazon Warriors,St Lucia Zouks,CD Barnwell,D Ramdin,S Shillingford,6,0,,,,,,,,,
635221,2013,2013-08-04,Providence Stadium,1,19.4,Guyana Amazon Warriors,St Lucia Zouks,CD Barnwell,D Ramdin,S Shillingford,2,0,,,,,,,,,
635221,2013,2013-08-04,Providence Stadium,1,19.5,Guyana Amazon Warriors,St Lucia Zouks,CD Barnwell,D Ramdin,S Shillingford,2,0,,,,,,,,,
635221,2013,2013-08-04,Providence Stadium,1,19.6,Guyana Amazon Warriors,St Lucia Zouks,CD Barnwell,D Ramdin,S Shillingford,0,0,,,,,,,,,
635221,2013,2013-08-04,Providence Stadium,2,0.1,St Lucia Zouks,Guyana Amazon Warriors,Tamim Iqbal,ADS Fletcher,Mohammad Hafeez,1,0,,,,,,,,,
635221,2013,2013-08-04,Providence Stadium,2,0.2,St Lucia Zouks,Guyana Amazon Warriors,ADS Fletcher,Tamim Iqbal,Mohammad Hafeez,0,0,,,,,,,,,
635221,2013,2013-08-04,Providence Stadium,2,0.3,St Lucia Zouks,Guyana Amazon Warriors,ADS Fletcher,Tamim Iqbal,Mohammad Hafeez,0,0,,,,,,,,,
635221,2013,2013-08-04,Providence Stadium,2,0.4,St Lucia Zouks,Guyana Amazon Warriors,ADS Fletcher,Tamim Iqbal,Mohammad Hafeez,1,0,,,,,,,,,
635221,2013,2013-08-04,Providence Stadium,2,0.5,St Lucia Zouks,Guyana Amazon Warriors,Tamim Iqbal,ADS Fletcher,Mohammad Hafeez,0,0,,,,,,,,,
635221,2013,2013-08-04,Providence Stadium,2,0.6,St Lucia Zouks,Guyana Amazon Warriors,Tamim Iqbal,ADS Fletcher,Mohammad Hafeez,0,0,,,,,,,,,
635221,2013,2013-08-04,Providence Stadium,2,1.1,St Lucia Zouks,Guyana Amazon Warriors,ADS Fletcher,Tamim Iqbal,K Santokie,0,0,,,,,,,,,
635221,2013,2013-08-04,Providence Stadium,2,1.2,St Lucia Zouks,Guyana Amazon Warriors,ADS Fletcher,Tamim Iqbal,K Santokie,0,0,,,,,,,,,
635221,2013,2013-08-04,Providence Stadium,2,1.3,St Lucia Zouks,Guyana Amazon Warriors,ADS Fletcher,Tamim Iqbal,K Santokie,0,0,,,,,,,,,
635221,2013,2013-08-04,Providence Stadium,2,1.4,St Lucia Zouks,Guyana Amazon Warriors,ADS Fletcher,Tamim Iqbal,K Santokie,0,0,,,,,,,,,
635221,2013,2013-08-04,Providence Stadium,2,1.5,St Lucia Zouks,Guyana Amazon Warriors,ADS Fletcher,Tamim Iqbal,K Santokie,1,0,,,,,,,,,
635221,2013,2013-08-04,Providence Stadium,2,1.6,St Lucia Zouks,Guyana Amazon Warriors,Tamim Iqbal,ADS Fletcher,K Santokie,0,0,,,,,,,,,
635221,2013,2013-08-04,Providence Stadium,2,2.1,St Lucia Zouks,Guyana Amazon Warriors,ADS Fletcher,Tamim Iqbal,Mohammad Hafeez,0,0,,,,,,,,,
635221,2013,2013-08-04,Providence Stadium,2,2.2,St Lucia Zouks,Guyana Amazon Warriors,ADS Fletcher,Tamim Iqbal,Mohammad Hafeez,0,0,,,,,,,,,
635221,2013,2013-08-04,Providence Stadium,2,2.3,St Lucia Zouks,Guyana Amazon Warriors,ADS Fletcher,Tamim Iqbal,Mohammad Hafeez,0,0,,,,,,,,,
635221,2013,2013-08-04,Providence Stadium,2,2.4,St Lucia Zouks,Guyana Amazon Warriors,ADS Fletcher,Tamim Iqbal,Mohammad Hafeez,6,0,,,,,,,,,
635221,2013,2013-08-04,Providence Stadium,2,2.5,St Lucia Zouks,Guyana Amazon Warriors,ADS Fletcher,Tamim Iqbal,Mohammad Hafeez,6,0,,,,,,,,,
635221,2013,2013-08-04,Providence Stadium,2,2.6,St Lucia Zouks,Guyana Amazon Warriors,ADS Fletcher,Tamim Iqbal,Mohammad Hafeez,1,0,,,,,,,,,
635221,2013,2013-08-04,Providence Stadium,2,3.1,St Lucia Zouks,Guyana Amazon Warriors,ADS Fletcher,Tamim Iqbal,K Santokie,1,0,,,,,,,,,
635221,2013,2013-08-04,Providence Stadium,2,3.2,St Lucia Zouks,Guyana Amazon Warriors,Tamim Iqbal,ADS Fletcher,K Santokie,4,0,,,,,,,,,
635221,2013,2013-08-04,Providence Stadium,2,3.3,St Lucia Zouks,Guyana Amazon Warriors,Tamim Iqbal,ADS Fletcher,K Santokie,0,0,,,,,,,,,
635221,2013,2013-08-04,Providence Stadium,2,3.4,St Lucia Zouks,Guyana Amazon Warriors,Tamim Iqbal,ADS Fletcher,K Santokie,1,0,,,,,,,,,
635221,2013,2013-08-04,Providence Stadium,2,3.5,St Lucia Zouks,Guyana Amazon Warriors,ADS Fletcher,Tamim Iqbal,K Santokie,0,0,,,,,,,,,
635221,2013,2013-08-04,Providence Stadium,2,3.6,St Lucia Zouks,Guyana Amazon Warriors,ADS Fletcher,Tamim Iqbal,K Santokie,0,0,,,,,,,,,
635221,2013,2013-08-04,Providence Stadium,2,4.1,St Lucia Zouks,Guyana Amazon Warriors,Tamim Iqbal,ADS Fletcher,V Permaul,0,0,,,,,,lbw,Tamim Iqbal,,
635221,2013,2013-08-04,Providence Stadium,2,4.2,St Lucia Zouks,Guyana Amazon Warriors,HH Gibbs,ADS Fletcher,V Permaul,0,0,,,,,,,,,
635221,2013,2013-08-04,Providence Stadium,2,4.3,St Lucia Zouks,Guyana Amazon Warriors,HH Gibbs,ADS Fletcher,V Permaul,0,0,,,,,,,,,
635221,2013,2013-08-04,Providence Stadium,2,4.4,St Lucia Zouks,Guyana Amazon Warriors,HH Gibbs,ADS Fletcher,V Permaul,0,0,,,,,,,,,
635221,2013,2013-08-04,Providence Stadium,2,4.5,St Lucia Zouks,Guyana Amazon Warriors,HH Gibbs,ADS Fletcher,V Permaul,1,0,,,,,,,,,
635221,2013,2013-08-04,Providence Stadium,2,4.6,St Lucia Zouks,Guyana Amazon Warriors,ADS Fletcher,HH Gibbs,V Permaul,0,0,,,,,,,,,
635221,2013,2013-08-04,Providence Stadium,2,5.1,St Lucia Zouks,Guyana Amazon Warriors,HH Gibbs,ADS Fletcher,SP Narine,1,0,,,,,,,,,
635221,2013,2013-08-04,Providence Stadium,2,5.2,St Lucia Zouks,Guyana Amazon Warriors,ADS Fletcher,HH Gibbs,SP Narine,1,0,,,,,,,,,
635221,2013,2013-08-04,Providence Stadium,2,5.3,St Lucia Zouks,Guyana Amazon Warriors,HH Gibbs,ADS Fletcher,SP Narine,4,0,,,,,,,,,
635221,2013,2013-08-04,Providence Stadium,2,5.4,St Lucia Zouks,Guyana Amazon Warriors,HH Gibbs,ADS Fletcher,SP Narine,0,0,,,,,,,,,
635221,2013,2013-08-04,Providence Stadium,2,5.5,St Lucia Zouks,Guyana Amazon Warriors,HH Gibbs,ADS Fletcher,SP Narine,0,0,,,,,,lbw,HH Gibbs,,
635221,2013,2013-08-04,Providence Stadium,2,5.6,St Lucia Zouks,Guyana Amazon Warriors,Misbah-ul-Haq,ADS Fletcher,SP Narine,1,0,,,,,,,,,
635221,2013,2013-08-04,Providence Stadium,2,6.1,St Lucia Zouks,Guyana Amazon Warriors,Misbah-ul-Haq,ADS Fletcher,V Permaul,1,0,,,,,,,,,
635221,2013,2013-08-04,Providence Stadium,2,6.2,St Lucia Zouks,Guyana Amazon Warriors,ADS Fletcher,Misbah-ul-Haq,V Permaul,1,0,,,,,,,,,
635221,2013,2013-08-04,Providence Stadium,2,6.3,St Lucia Zouks,Guyana Amazon Warriors,Misbah-ul-Haq,ADS Fletcher,V Permaul,1,0,,,,,,,,,
635221,2013,2013-08-04,Providence Stadium,2,6.4,St Lucia Zouks,Guyana Amazon Warriors,ADS Fletcher,Misbah-ul-Haq,V Permaul,0,0,,,,,,,,,
635221,2013,2013-08-04,Providence Stadium,2,6.5,St Lucia Zouks,Guyana Amazon Warriors,ADS Fletcher,Misbah-ul-Haq,V Permaul,0,0,,,,,,,,,
635221,2013,2013-08-04,Providence Stadium,2,6.6,St Lucia Zouks,Guyana Amazon Warriors,ADS Fletcher,Misbah-ul-Haq,V Permaul,0,0,,,,,,,,,
635221,2013,2013-08-04,Providence Stadium,2,7.1,St Lucia Zouks,Guyana Amazon Warriors,Misbah-ul-Haq,ADS Fletcher,N Deonarine,2,0,,,,,,,,,
635221,2013,2013-08-04,Providence Stadium,2,7.2,St Lucia Zouks,Guyana Amazon Warriors,Misbah-ul-Haq,ADS Fletcher,N Deonarine,1,0,,,,,,,,,
635221,2013,2013-08-04,Providence Stadium,2,7.3,St Lucia Zouks,Guyana Amazon Warriors,ADS Fletcher,Misbah-ul-Haq,N Deonarine,0,0,,,,,,,,,
635221,2013,2013-08-04,Providence Stadium,2,7.4,St Lucia Zouks,Guyana Amazon Warriors,ADS Fletcher,Misbah-ul-Haq,N Deonarine,0,0,,,,,,,,,
635221,2013,2013-08-04,Providence Stadium,2,7.5,St Lucia Zouks,Guyana Amazon Warriors,ADS Fletcher,Misbah-ul-Haq,N Deonarine,0,0,,,,,,,,,
635221,2013,2013-08-04,Providence Stadium,2,7.6,St Lucia Zouks,Guyana Amazon Warriors,ADS Fletcher,Misbah-ul-Haq,N Deonarine,1,0,,,,,,,,,
635221,2013,2013-08-04,Providence Stadium,2,8.1,St Lucia Zouks,Guyana Amazon Warriors,ADS Fletcher,Misbah-ul-Haq,V Permaul,1,0,,,,,,,,,
635221,2013,2013-08-04,Providence Stadium,2,8.2,St Lucia Zouks,Guyana Amazon Warriors,Misbah-ul-Haq,ADS Fletcher,V Permaul,1,0,,,,,,,,,
635221,2013,2013-08-04,Providence Stadium,2,8.3,St Lucia Zouks,Guyana Amazon Warriors,ADS Fletcher,Misbah-ul-Haq,V Permaul,0,0,,,,,,,,,
635221,2013,2013-08-04,Providence Stadium,2,8.4,St Lucia Zouks,Guyana Amazon Warriors,ADS Fletcher,Misbah-ul-Haq,V Permaul,0,0,,,,,,,,,
635221,2013,2013-08-04,Providence Stadium,2,8.5,St Lucia Zouks,Guyana Amazon Warriors,ADS Fletcher,Misbah-ul-Haq,V Permaul,0,0,,,,,,,,,
635221,2013,2013-08-04,Providence Stadium,2,8.6,St Lucia Zouks,Guyana Amazon Warriors,ADS Fletcher,Misbah-ul-Haq,V Permaul,1,0,,,,,,,,,
635221,2013,2013-08-04,Providence Stadium,2,9.1,St Lucia Zouks,Guyana Amazon Warriors,ADS Fletcher,Misbah-ul-Haq,N Deonarine,2,0,,,,,,,,,
635221,2013,2013-08-04,Providence Stadium,2,9.2,St Lucia Zouks,Guyana Amazon Warriors,ADS Fletcher,Misbah-ul-Haq,N Deonarine,0,0,,,,,,caught,ADS Fletcher,,
635221,2013,2013-08-04,Providence Stadium,2,9.3,St Lucia Zouks,Guyana Amazon Warriors,DS Smith,Misbah-ul-Haq,N Deonarine,0,0,,,,,,,,,
635221,2013,2013-08-04,Providence Stadium,2,9.4,St Lucia Zouks,Guyana Amazon Warriors,DS Smith,Misbah-ul-Haq,N Deonarine,0,0,,,,,,,,,
635221,2013,2013-08-04,Providence Stadium,2,9.5,St Lucia Zouks,Guyana Amazon Warriors,DS Smith,Misbah-ul-Haq,N Deonarine,0,0,,,,,,,,,
635221,2013,2013-08-04,Providence Stadium,2,9.6,St Lucia Zouks,Guyana Amazon Warriors,DS Smith,Misbah-ul-Haq,N Deonarine,0,0,,,,,,,,,
635221,2013,2013-08-04,Providence Stadium,2,10.1,St Lucia Zouks,Guyana Amazon Warriors,Misbah-ul-Haq,DS Smith,Mohammad Hafeez,0,0,,,,,,,,,
635221,2013,2013-08-04,Providence Stadium,2,10.2,St Lucia Zouks,Guyana Amazon Warriors,Misbah-ul-Haq,DS Smith,Mohammad Hafeez,1,0,,,,,,,,,
635221,2013,2013-08-04,Providence Stadium,2,10.3,St Lucia Zouks,Guyana Amazon Warriors,DS Smith,Misbah-ul-Haq,Mohammad Hafeez,2,0,,,,,,,,,
635221,2013,2013-08-04,Providence Stadium,2,10.4,St Lucia Zouks,Guyana Amazon Warriors,DS Smith,Misbah-ul-Haq,Mohammad Hafeez,1,0,,,,,,,,,
635221,2013,2013-08-04,Providence Stadium,2,10.5,St Lucia Zouks,Guyana Amazon Warriors,Misbah-ul-Haq,DS Smith,Mohammad Hafeez,1,0,,,,,,,,,
635221,2013,2013-08-04,Providence Stadium,2,10.6,St Lucia Zouks,Guyana Amazon Warriors,DS Smith,Misbah-ul-Haq,Mohammad Hafeez,1,0,,,,,,,,,
635221,2013,2013-08-04,Providence Stadium,2,11.1,St Lucia Zouks,Guyana Amazon Warriors,DS Smith,Misbah-ul-Haq,N Deonarine,1,0,,,,,,,,,
635221,2013,2013-08-04,Providence Stadium,2,11.2,St Lucia Zouks,Guyana Amazon Warriors,Misbah-ul-Haq,DS Smith,N Deonarine,6,0,,,,,,,,,
635221,2013,2013-08-04,Providence Stadium,2,11.3,St Lucia Zouks,Guyana Amazon Warriors,Misbah-ul-Haq,DS Smith,N Deonarine,0,0,,,,,,,,,
635221,2013,2013-08-04,Providence Stadium,2,11.4,St Lucia Zouks,Guyana Amazon Warriors,Misbah-ul-Haq,DS Smith,N Deonarine,6,0,,,,,,,,,
635221,2013,2013-08-04,Providence Stadium,2,11.5,St Lucia Zouks,Guyana Amazon Warriors,Misbah-ul-Haq,DS Smith,N Deonarine,1,0,,,,,,,,,
635221,2013,2013-08-04,Providence Stadium,2,11.6,St Lucia Zouks,Guyana Amazon Warriors,DS Smith,Misbah-ul-Haq,N Deonarine,0,0,,,,,,,,,
635221,2013,2013-08-04,Providence Stadium,2,12.1,St Lucia Zouks,Guyana Amazon Warriors,Misbah-ul-Haq,DS Smith,SP Narine,0,0,,,,,,,,,
635221,2013,2013-08-04,Providence Stadium,2,12.2,St Lucia Zouks,Guyana Amazon Warriors,Misbah-ul-Haq,DS Smith,SP Narine,1,0,,,,,,,,,
635221,2013,2013-08-04,Providence Stadium,2,12.3,St Lucia Zouks,Guyana Amazon Warriors,DS Smith,Misbah-ul-Haq,SP Narine,0,0,,,,,,,,,
635221,2013,2013-08-04,Providence Stadium,2,12.4,St Lucia Zouks,Guyana Amazon Warriors,DS Smith,Misbah-ul-Haq,SP Narine,0,0,,,,,,,,,
635221,2013,2013-08-04,Providence Stadium,2,12.5,St Lucia Zouks,Guyana Amazon Warriors,DS Smith,Misbah-ul-Haq,SP Narine,0,0,,,,,,,,,
635221,2013,2013-08-04,Providence Stadium,2,12.6,St Lucia Zouks,Guyana Amazon Warriors,DS Smith,Misbah-ul-Haq,SP Narine,0,0,,,,,,,,,
635221,2013,2013-08-04,Providence Stadium,2,13.1,St Lucia Zouks,Guyana Amazon Warriors,Misbah-ul-Haq,DS Smith,JEC Franklin,1,0,,,,,,,,,
635221,2013,2013-08-04,Providence Stadium,2,13.2,St Lucia Zouks,Guyana Amazon Warriors,DS Smith,Misbah-ul-Haq,JEC Franklin,4,0,,,,,,,,,
635221,2013,2013-08-04,Providence Stadium,2,13.3,St Lucia Zouks,Guyana Amazon Warriors,DS Smith,Misbah-ul-Haq,JEC Franklin,4,0,,,,,,,,,
635221,2013,2013-08-04,Providence Stadium,2,13.4,St Lucia Zouks,Guyana Amazon Warriors,DS Smith,Misbah-ul-Haq,JEC Franklin,4,0,,,,,,,,,
635221,2013,2013-08-04,Providence Stadium,2,13.5,St Lucia Zouks,Guyana Amazon Warriors,DS Smith,Misbah-ul-Haq,JEC Franklin,1,0,,,,,,,,,
635221,2013,2013-08-04,Providence Stadium,2,13.6,St Lucia Zouks,Guyana Amazon Warriors,Misbah-ul-Haq,DS Smith,JEC Franklin,1,0,,,,,,,,,
635221,2013,2013-08-04,Providence Stadium,2,14.1,St Lucia Zouks,Guyana Amazon Warriors,Misbah-ul-Haq,DS Smith,V Permaul,1,0,,,,,,,,,
635221,2013,2013-08-04,Providence Stadium,2,14.2,St Lucia Zouks,Guyana Amazon Warriors,DS Smith,Misbah-ul-Haq,V Permaul,0,0,,,,,,,,,
635221,2013,2013-08-04,Providence Stadium,2,14.3,St Lucia Zouks,Guyana Amazon Warriors,DS Smith,Misbah-ul-Haq,V Permaul,4,0,,,,,,,,,
635221,2013,2013-08-04,Providence Stadium,2,14.4,St Lucia Zouks,Guyana Amazon Warriors,DS Smith,Misbah-ul-Haq,V Permaul,0,0,,,,,,,,,
635221,2013,2013-08-04,Providence Stadium,2,14.5,St Lucia Zouks,Guyana Amazon Warriors,DS Smith,Misbah-ul-Haq,V Permaul,1,0,,,,,,,,,
635221,2013,2013-08-04,Providence Stadium,2,14.6,St Lucia Zouks,Guyana Amazon Warriors,Misbah-ul-Haq,DS Smith,V Permaul,0,0,,,,,,,,,
635221,2013,2013-08-04,Providence Stadium,2,15.1,St Lucia Zouks,Guyana Amazon Warriors,DS Smith,Misbah-ul-Haq,SP Narine,0,0,,,,,,,,,
635221,2013,2013-08-04,Providence Stadium,2,15.2,St Lucia Zouks,Guyana Amazon Warriors,DS Smith,Misbah-ul-Haq,SP Narine,0,0,,,,,,,,,
635221,2013,2013-08-04,Providence Stadium,2,15.3,St Lucia Zouks,Guyana Amazon Warriors,DS Smith,Misbah-ul-Haq,SP Narine,1,0,,,,,,,,,
635221,2013,2013-08-04,Providence Stadium,2,15.4,St Lucia Zouks,Guyana Amazon Warriors,Misbah-ul-Haq,DS Smith,SP Narine,2,0,,,,,,,,,
635221,2013,2013-08-04,Providence Stadium,2,15.5,St Lucia Zouks,Guyana Amazon Warriors,Misbah-ul-Haq,DS Smith,SP Narine,1,0,,,,,,,,,
635221,2013,2013-08-04,Providence Stadium,2,15.6,St Lucia Zouks,Guyana Amazon Warriors,DS Smith,Misbah-ul-Haq,SP Narine,0,0,,,,,,run out,DS Smith,,
635221,2013,2013-08-04,Providence Stadium,2,16.1,St Lucia Zouks,Guyana Amazon Warriors,Misbah-ul-Haq,JA Morkel,K Santokie,0,0,,,,,,run out,JA Morkel,,
635221,2013,2013-08-04,Providence Stadium,2,16.2,St Lucia Zouks,Guyana Amazon Warriors,Misbah-ul-Haq,DJG Sammy,K Santokie,1,0,,,,,,,,,
635221,2013,2013-08-04,Providence Stadium,2,16.3,St Lucia Zouks,Guyana Amazon Warriors,DJG Sammy,Misbah-ul-Haq,K Santokie,1,0,,,,,,,,,
635221,2013,2013-08-04,Providence Stadium,2,16.4,St Lucia Zouks,Guyana Amazon Warriors,Misbah-ul-Haq,DJG Sammy,K Santokie,1,0,,,,,,,,,
635221,2013,2013-08-04,Providence Stadium,2,16.5,St Lucia Zouks,Guyana Amazon Warriors,DJG Sammy,Misbah-ul-Haq,K Santokie,4,0,,,,,,,,,
635221,2013,2013-08-04,Providence Stadium,2,16.6,St Lucia Zouks,Guyana Amazon Warriors,DJG Sammy,Misbah-ul-Haq,K Santokie,4,0,,,,,,,,,
635221,2013,2013-08-04,Providence Stadium,2,17.1,St Lucia Zouks,Guyana Amazon Warriors,Misbah-ul-Haq,DJG Sammy,SP Narine,0,0,,,,,,,,,
635221,2013,2013-08-04,Providence Stadium,2,17.2,St Lucia Zouks,Guyana Amazon Warriors,Misbah-ul-Haq,DJG Sammy,SP Narine,1,0,,,,,,,,,
635221,2013,2013-08-04,Providence Stadium,2,17.3,St Lucia Zouks,Guyana Amazon Warriors,DJG Sammy,Misbah-ul-Haq,SP Narine,1,0,,,,,,,,,
635221,2013,2013-08-04,Providence Stadium,2,17.4,St Lucia Zouks,Guyana Amazon Warriors,Misbah-ul-Haq,DJG Sammy,SP Narine,1,0,,,,,,,,,
635221,2013,2013-08-04,Providence Stadium,2,17.5,St Lucia Zouks,Guyana Amazon Warriors,DJG Sammy,Misbah-ul-Haq,SP Narine,0,0,,,,,,,,,
635221,2013,2013-08-04,Providence Stadium,2,17.6,St Lucia Zouks,Guyana Amazon Warriors,DJG Sammy,Misbah-ul-Haq,SP Narine,3,0,,,,,,,,,
635221,2013,2013-08-04,Providence Stadium,2,18.1,St Lucia Zouks,Guyana Amazon Warriors,DJG Sammy,Misbah-ul-Haq,K Santokie,1,0,,,,,,,,,
635221,2013,2013-08-04,Providence Stadium,2,18.2,St Lucia Zouks,Guyana Amazon Warriors,Misbah-ul-Haq,DJG Sammy,K Santokie,1,0,,,,,,,,,
635221,2013,2013-08-04,Providence Stadium,2,18.3,St Lucia Zouks,Guyana Amazon Warriors,DJG Sammy,Misbah-ul-Haq,K Santokie,6,0,,,,,,,,,
635221,2013,2013-08-04,Providence Stadium,2,18.4,St Lucia Zouks,Guyana Amazon Warriors,DJG Sammy,Misbah-ul-Haq,K Santokie,1,0,,,,,,,,,
635221,2013,2013-08-04,Providence Stadium,2,18.5,St Lucia Zouks,Guyana Amazon Warriors,Misbah-ul-Haq,DJG Sammy,K Santokie,2,0,,,,,,,,,
635221,2013,2013-08-04,Providence Stadium,2,18.6,St Lucia Zouks,Guyana Amazon Warriors,Misbah-ul-Haq,DJG Sammy,K Santokie,1,0,,,,,,,,,
635221,2013,2013-08-04,Providence Stadium,2,19.1,St Lucia Zouks,Guyana Amazon Warriors,Misbah-ul-Haq,DJG Sammy,Mohammad Hafeez,0,0,,,,,,,,,
635221,2013,2013-08-04,Providence Stadium,2,19.2,St Lucia Zouks,Guyana Amazon Warriors,Misbah-ul-Haq,DJG Sammy,Mohammad Hafeez,6,0,,,,,,,,,
635221,2013,2013-08-04,Providence Stadium,2,19.3,St Lucia Zouks,Guyana Amazon Warriors,Misbah-ul-Haq,DJG Sammy,Mohammad Hafeez,6,0,,,,,,,,,
