match_id,season,start_date,venue,innings,ball,batting_team,bowling_team,striker,non_striker,bowler,runs_off_bat,extras,wides,noballs,byes,legbyes,penalty,wicket_type,player_dismissed,other_wicket_type,other_player_dismissed
635233,2013,2013-08-17,"Sir Vivian Richards Stadium, North Sound",1,0.1,Antigua Hawksbills,Guyana Amazon Warriors,J Charles,KOA Powell,K Santokie,1,0,,,,,,,,,
635233,2013,2013-08-17,"Sir Vivian Richards Stadium, North Sound",1,0.2,Antigua Hawksbills,Guyana Amazon Warriors,KOA Powell,J Charles,K Santokie,0,0,,,,,,,,,
635233,2013,2013-08-17,"Sir Vivian Richards Stadium, North Sound",1,0.3,Antigua Hawksbills,Guyana Amazon Warriors,KOA Powell,J Charles,K Santokie,0,0,,,,,,,,,
635233,2013,2013-08-17,"Sir Vivian Richards Stadium, North Sound",1,0.4,Antigua Hawksbills,Guyana Amazon Warriors,KOA Powell,J Charles,K Santokie,0,0,,,,,,,,,
635233,2013,2013-08-17,"Sir Vivian Richards Stadium, North Sound",1,0.5,Antigua Hawksbills,Guyana Amazon Warriors,KOA Powell,J Charles,K Santokie,0,0,,,,,,,,,
635233,2013,2013-08-17,"Sir Vivian Richards Stadium, North Sound",1,0.6,Antigua Hawksbills,Guyana Amazon Warriors,KOA Powell,J Charles,K Santokie,3,0,,,,,,,,,
635233,2013,2013-08-17,"Sir Vivian Richards Stadium, North Sound",1,1.1,Antigua Hawksbills,Guyana Amazon Warriors,KOA Powell,J Charles,Mohammad Hafeez,6,0,,,,,,,,,
635233,2013,2013-08-17,"Sir Vivian Richards Stadium, North Sound",1,1.2,Antigua Hawksbills,Guyana Amazon Warriors,KOA Powell,J Charles,Mohammad Hafeez,1,0,,,,,,,,,
635233,2013,2013-08-17,"Sir Vivian Richards Stadium, North Sound",1,1.3,Antigua Hawksbills,Guyana Amazon Warriors,J Charles,KOA Powell,Mohammad Hafeez,0,0,,,,,,,,,
635233,2013,2013-08-17,"Sir Vivian Richards Stadium, North Sound",1,1.4,Antigua Hawksbills,Guyana Amazon Warriors,J Charles,KOA Powell,Mohammad Hafeez,1,0,,,,,,,,,
635233,2013,2013-08-17,"Sir Vivian Richards Stadium, North Sound",1,1.5,Antigua Hawksbills,Guyana Amazon Warriors,KOA Powell,J Charles,Mohammad Hafeez,0,0,,,,,,,,,
635233,2013,2013-08-17,"Sir Vivian Richards Stadium, North Sound",1,1.6,Antigua Hawksbills,Guyana Amazon Warriors,KOA Powell,J Charles,Mohammad Hafeez,0,4,,,4,,,,,,
635233,2013,2013-08-17,"Sir Vivian Richards Stadium, North Sound",1,2.1,Antigua Hawksbills,Guyana Amazon Warriors,J Charles,KOA Powell,K Santokie,0,0,,,,,,,,,
635233,2013,2013-08-17,"Sir Vivian Richards Stadium, North Sound",1,2.2,Antigua Hawksbills,Guyana Amazon Warriors,J Charles,KOA Powell,K Santokie,4,0,,,,,,,,,
635233,2013,2013-08-17,"Sir Vivian Richards Stadium, North Sound",1,2.3,Antigua Hawksbills,Guyana Amazon Warriors,J Charles,KOA Powell,K Santokie,0,4,,,4,,,,,,
635233,2013,2013-08-17,"Sir Vivian Richards Stadium, North Sound",1,2.4,Antigua Hawksbills,Guyana Amazon Warriors,J Charles,KOA Powell,K Santokie,2,0,,,,,,,,,
635233,2013,2013-08-17,"Sir Vivian Richards Stadium, North Sound",1,2.5,Antigua Hawksbills,Guyana Amazon Warriors,J Charles,KOA Powell,K Santokie,0,0,,,,,,,,,
635233,2013,2013-08-17,"Sir Vivian Richards Stadium, North Sound",1,2.6,Antigua Hawksbills,Guyana Amazon Warriors,J Charles,KOA Powell,K Santokie,0,0,,,,,,caught,J Charles,,
635233,2013,2013-08-17,"Sir Vivian Richards Stadium, North Sound",1,3.1,Antigua Hawksbills,Guyana Amazon Warriors,KOA Powell,MN Samuels,CD Barnwell,4,0,,,,,,,,,
635233,2013,2013-08-17,"Sir Vivian Richards Stadium, North Sound",1,3.2,Antigua Hawksbills,Guyana Amazon Warriors,KOA Powell,MN Samuels,CD Barnwell,0,0,,,,,,,,,
635233,2013,2013-08-17,"Sir Vivian Richards Stadium, North Sound",1,3.3,Antigua Hawksbills,Guyana Amazon Warriors,KOA Powell,MN Samuels,CD Barnwell,1,0,,,,,,,,,
635233,2013,2013-08-17,"Sir Vivian Richards Stadium, North Sound",1,3.4,Antigua Hawksbills,Guyana Amazon Warriors,MN Samuels,KOA Powell,CD Barnwell,0,0,,,,,,,,,
635233,2013,2013-08-17,"Sir Vivian Richards Stadium, North Sound",1,3.5,Antigua Hawksbills,Guyana Amazon Warriors,MN Samuels,KOA Powell,CD Barnwell,6,0,,,,,,,,,
635233,2013,2013-08-17,"Sir Vivian Richards Stadium, North Sound",1,3.6,Antigua Hawksbills,Guyana Amazon Warriors,MN Samuels,KOA Powell,CD Barnwell,0,0,,,,,,,,,
635233,2013,2013-08-17,"Sir Vivian Richards Stadium, North Sound",1,4.1,Antigua Hawksbills,Guyana Amazon Warriors,KOA Powell,MN Samuels,Mohammad Hafeez,1,0,,,,,,,,,
635233,2013,2013-08-17,"Sir Vivian Richards Stadium, North Sound",1,4.2,Antigua Hawksbills,Guyana Amazon Warriors,MN Samuels,KOA Powell,Mohammad Hafeez,1,0,,,,,,,,,
635233,2013,2013-08-17,"Sir Vivian Richards Stadium, North Sound",1,4.3,Antigua Hawksbills,Guyana Amazon Warriors,KOA Powell,MN Samuels,Mohammad Hafeez,0,0,,,,,,,,,
635233,2013,2013-08-17,"Sir Vivian Richards Stadium, North Sound",1,4.4,Antigua Hawksbills,Guyana Amazon Warriors,KOA Powell,MN Samuels,Mohammad Hafeez,1,0,,,,,,,,,
635233,2013,2013-08-17,"Sir Vivian Richards Stadium, North Sound",1,4.5,Antigua Hawksbills,Guyana Amazon Warriors,MN Samuels,KOA Powell,Mohammad Hafeez,0,0,,,,,,,,,
635233,2013,2013-08-17,"Sir Vivian Richards Stadium, North Sound",1,4.6,Antigua Hawksbills,Guyana Amazon Warriors,MN Samuels,KOA Powell,Mohammad Hafeez,0,0,,,,,,,,,
635233,2013,2013-08-17,"Sir Vivian Richards Stadium, North Sound",1,5.1,Antigua Hawksbills,Guyana Amazon Warriors,KOA Powell,MN Samuels,SP Narine,1,0,,,,,,,,,
635233,2013,2013-08-17,"Sir Vivian Richards Stadium, North Sound",1,5.2,Antigua Hawksbills,Guyana Amazon Warriors,MN Samuels,KOA Powell,SP Narine,0,0,,,,,,,,,
635233,2013,2013-08-17,"Sir Vivian Richards Stadium, North Sound",1,5.3,Antigua Hawksbills,Guyana Amazon Warriors,MN Samuels,KOA Powell,SP Narine,1,0,,,,,,,,,
635233,2013,2013-08-17,"Sir Vivian Richards Stadium, North Sound",1,5.4,Antigua Hawksbills,Guyana Amazon Warriors,KOA Powell,MN Samuels,SP Narine,4,0,,,,,,,,,
635233,2013,2013-08-17,"Sir Vivian Richards Stadium, North Sound",1,5.5,Antigua Hawksbills,Guyana Amazon Warriors,KOA Powell,MN Samuels,SP Narine,1,0,,,,,,,,,
635233,2013,2013-08-17,"Sir Vivian Richards Stadium, North Sound",1,5.6,Antigua Hawksbills,Guyana Amazon Warriors,MN Samuels,KOA Powell,SP Narine,0,0,,,,,,,,,
635233,2013,2013-08-17,"Sir Vivian Richards Stadium, North Sound",1,6.1,Antigua Hawksbills,Guyana Amazon Warriors,KOA Powell,MN Samuels,V Permaul,0,0,,,,,,,,,
635233,2013,2013-08-17,"Sir Vivian Richards Stadium, North Sound",1,6.2,Antigua Hawksbills,Guyana Amazon Warriors,KOA Powell,MN Samuels,V Permaul,2,0,,,,,,,,,
635233,2013,2013-08-17,"Sir Vivian Richards Stadium, North Sound",1,6.3,Antigua Hawksbills,Guyana Amazon Warriors,KOA Powell,MN Samuels,V Permaul,1,0,,,,,,,,,
635233,2013,2013-08-17,"Sir Vivian Richards Stadium, North Sound",1,6.4,Antigua Hawksbills,Guyana Amazon Warriors,MN Samuels,KOA Powell,V Permaul,1,0,,,,,,,,,
635233,2013,2013-08-17,"Sir Vivian Richards Stadium, North Sound",1,6.5,Antigua Hawksbills,Guyana Amazon Warriors,KOA Powell,MN Samuels,V Permaul,1,0,,,,,,,,,
635233,2013,2013-08-17,"Sir Vivian Richards Stadium, North Sound",1,6.6,Antigua Hawksbills,Guyana Amazon Warriors,MN Samuels,KOA Powell,V Permaul,0,0,,,,,,,,,
635233,2013,2013-08-17,"Sir Vivian Richards Stadium, North Sound",1,7.1,Antigua Hawksbills,Guyana Amazon Warriors,KOA Powell,MN Samuels,Mohammad Hafeez,1,0,,,,,,,,,
635233,2013,2013-08-17,"Sir Vivian Richards Stadium, North Sound",1,7.2,Antigua Hawksbills,Guyana Amazon Warriors,MN Samuels,KOA Powell,Mohammad Hafeez,1,0,,,,,,,,,
635233,2013,2013-08-17,"Sir Vivian Richards Stadium, North Sound",1,7.3,Antigua Hawksbills,Guyana Amazon Warriors,KOA Powell,MN Samuels,Mohammad Hafeez,1,0,,,,,,,,,
635233,2013,2013-08-17,"Sir Vivian Richards Stadium, North Sound",1,7.4,Antigua Hawksbills,Guyana Amazon Warriors,MN Samuels,KOA Powell,Mohammad Hafeez,0,0,,,,,,,,,
635233,2013,2013-08-17,"Sir Vivian Richards Stadium, North Sound",1,7.5,Antigua Hawksbills,Guyana Amazon Warriors,MN Samuels,KOA Powell,Mohammad Hafeez,2,0,,,,,,,,,
635233,2013,2013-08-17,"Sir Vivian Richards Stadium, North Sound",1,7.6,Antigua Hawksbills,Guyana Amazon Warriors,MN Samuels,KOA Powell,Mohammad Hafeez,1,0,,,,,,,,,
635233,2013,2013-08-17,"Sir Vivian Richards Stadium, North Sound",1,8.1,Antigua Hawksbills,Guyana Amazon Warriors,MN Samuels,KOA Powell,V Permaul,1,0,,,,,,,,,
635233,2013,2013-08-17,"Sir Vivian Richards Stadium, North Sound",1,8.2,Antigua Hawksbills,Guyana Amazon Warriors,KOA Powell,MN Samuels,V Permaul,0,0,,,,,,,,,
635233,2013,2013-08-17,"Sir Vivian Richards Stadium, North Sound",1,8.3,Antigua Hawksbills,Guyana Amazon Warriors,KOA Powell,MN Samuels,V Permaul,1,0,,,,,,,,,
635233,2013,2013-08-17,"Sir Vivian Richards Stadium, North Sound",1,8.4,Antigua Hawksbills,Guyana Amazon Warriors,MN Samuels,KOA Powell,V Permaul,6,0,,,,,,,,,
635233,2013,2013-08-17,"Sir Vivian Richards Stadium, North Sound",1,8.5,Antigua Hawksbills,Guyana Amazon Warriors,MN Samuels,KOA Powell,V Permaul,6,0,,,,,,,,,
635233,2013,2013-08-17,"Sir Vivian Richards Stadium, North Sound",1,8.6,Antigua Hawksbills,Guyana Amazon Warriors,MN Samuels,KOA Powell,V Permaul,1,0,,,,,,,,,
635233,2013,2013-08-17,"Sir Vivian Richards Stadium, North Sound",1,9.1,Antigua Hawksbills,Guyana Amazon Warriors,MN Samuels,KOA Powell,JEC Franklin,1,0,,,,,,,,,
635233,2013,2013-08-17,"Sir Vivian Richards Stadium, North Sound",1,9.2,Antigua Hawksbills,Guyana Amazon Warriors,KOA Powell,MN Samuels,JEC Franklin,0,0,,,,,,,,,
635233,2013,2013-08-17,"Sir Vivian Richards Stadium, North Sound",1,9.3,Antigua Hawksbills,Guyana Amazon Warriors,KOA Powell,MN Samuels,JEC Franklin,0,1,1,,,,,,,,
635233,2013,2013-08-17,"Sir Vivian Richards Stadium, North Sound",1,9.4,Antigua Hawksbills,Guyana Amazon Warriors,KOA Powell,MN Samuels,JEC Franklin,1,0,,,,,,,,,
635233,2013,2013-08-17,"Sir Vivian Richards Stadium, North Sound",1,9.5,Antigua Hawksbills,Guyana Amazon Warriors,MN Samuels,KOA Powell,JEC Franklin,4,0,,,,,,,,,
635233,2013,2013-08-17,"Sir Vivian Richards Stadium, North Sound",1,9.6,Antigua Hawksbills,Guyana Amazon Warriors,MN Samuels,KOA Powell,JEC Franklin,4,0,,,,,,,,,
635233,2013,2013-08-17,"Sir Vivian Richards Stadium, North Sound",1,9.7,Antigua Hawksbills,Guyana Amazon Warriors,MN Samuels,KOA Powell,JEC Franklin,1,0,,,,,,,,,
635233,2013,2013-08-17,"Sir Vivian Richards Stadium, North Sound",1,10.1,Antigua Hawksbills,Guyana Amazon Warriors,MN Samuels,KOA Powell,Mohammad Hafeez,2,0,,,,,,,,,
635233,2013,2013-08-17,"Sir Vivian Richards Stadium, North Sound",1,10.2,Antigua Hawksbills,Guyana Amazon Warriors,MN Samuels,KOA Powell,Mohammad Hafeez,1,0,,,,,,,,,
635233,2013,2013-08-17,"Sir Vivian Richards Stadium, North Sound",1,10.3,Antigua Hawksbills,Guyana Amazon Warriors,KOA Powell,MN Samuels,Mohammad Hafeez,4,0,,,,,,,,,
635233,2013,2013-08-17,"Sir Vivian Richards Stadium, North Sound",1,10.4,Antigua Hawksbills,Guyana Amazon Warriors,KOA Powell,MN Samuels,Mohammad Hafeez,1,0,,,,,,,,,
635233,2013,2013-08-17,"Sir Vivian Richards Stadium, North Sound",1,10.5,Antigua Hawksbills,Guyana Amazon Warriors,MN Samuels,KOA Powell,Mohammad Hafeez,1,0,,,,,,,,,
635233,2013,2013-08-17,"Sir Vivian Richards Stadium, North Sound",1,10.6,Antigua Hawksbills,Guyana Amazon Warriors,KOA Powell,MN Samuels,Mohammad Hafeez,0,0,,,,,,,,,
635233,2013,2013-08-17,"Sir Vivian Richards Stadium, North Sound",1,11.1,Antigua Hawksbills,Guyana Amazon Warriors,MN Samuels,KOA Powell,SP Narine,1,0,,,,,,,,,
635233,2013,2013-08-17,"Sir Vivian Richards Stadium, North Sound",1,11.2,Antigua Hawksbills,Guyana Amazon Warriors,KOA Powell,MN Samuels,SP Narine,0,0,,,,,,,,,
635233,2013,2013-08-17,"Sir Vivian Richards Stadium, North Sound",1,11.3,Antigua Hawksbills,Guyana Amazon Warriors,KOA Powell,MN Samuels,SP Narine,0,0,,,,,,,,,
635233,2013,2013-08-17,"Sir Vivian Richards Stadium, North Sound",1,11.4,Antigua Hawksbills,Guyana Amazon Warriors,KOA Powell,MN Samuels,SP Narine,0,0,,,,,,,,,
635233,2013,2013-08-17,"Sir Vivian Richards Stadium, North Sound",1,11.5,Antigua Hawksbills,Guyana Amazon Warriors,KOA Powell,MN Samuels,SP Narine,0,0,,,,,,,,,
635233,2013,2013-08-17,"Sir Vivian Richards Stadium, North Sound",1,11.6,Antigua Hawksbills,Guyana Amazon Warriors,KOA Powell,MN Samuels,SP Narine,0,0,,,,,,,,,
635233,2013,2013-08-17,"Sir Vivian Richards Stadium, North Sound",1,12.1,Antigua Hawksbills,Guyana Amazon Warriors,MN Samuels,KOA Powell,CD Barnwell,0,0,,,,,,,,,
635233,2013,2013-08-17,"Sir Vivian Richards Stadium, North Sound",1,12.2,Antigua Hawksbills,Guyana Amazon Warriors,MN Samuels,KOA Powell,CD Barnwell,1,0,,,,,,,,,
635233,2013,2013-08-17,"Sir Vivian Richards Stadium, North Sound",1,12.3,Antigua Hawksbills,Guyana Amazon Warriors,KOA Powell,MN Samuels,CD Barnwell,0,0,,,,,,,,,
635233,2013,2013-08-17,"Sir Vivian Richards Stadium, North Sound",1,12.4,Antigua Hawksbills,Guyana Amazon Warriors,KOA Powell,MN Samuels,CD Barnwell,0,0,,,,,,,,,
635233,2013,2013-08-17,"Sir Vivian Richards Stadium, North Sound",1,12.5,Antigua Hawksbills,Guyana Amazon Warriors,KOA Powell,MN Samuels,CD Barnwell,1,0,,,,,,,,,
635233,2013,2013-08-17,"Sir Vivian Richards Stadium, North Sound",1,12.6,Antigua Hawksbills,Guyana Amazon Warriors,MN Samuels,KOA Powell,CD Barnwell,0,0,,,,,,caught,MN Samuels,,
635233,2013,2013-08-17,"Sir Vivian Richards Stadium, North Sound",1,13.1,Antigua Hawksbills,Guyana Amazon Warriors,DC Thomas,KOA Powell,SP Narine,0,0,,,,,,,,,
635233,2013,2013-08-17,"Sir Vivian Richards Stadium, North Sound",1,13.2,Antigua Hawksbills,Guyana Amazon Warriors,DC Thomas,KOA Powell,SP Narine,0,0,,,,,,,,,
635233,2013,2013-08-17,"Sir Vivian Richards Stadium, North Sound",1,13.3,Antigua Hawksbills,Guyana Amazon Warriors,DC Thomas,KOA Powell,SP Narine,1,0,,,,,,,,,
635233,2013,2013-08-17,"Sir Vivian Richards Stadium, North Sound",1,13.4,Antigua Hawksbills,Guyana Amazon Warriors,KOA Powell,DC Thomas,SP Narine,1,0,,,,,,,,,
635233,2013,2013-08-17,"Sir Vivian Richards Stadium, North Sound",1,13.5,Antigua Hawksbills,Guyana Amazon Warriors,DC Thomas,KOA Powell,SP Narine,0,0,,,,,,,,,
635233,2013,2013-08-17,"Sir Vivian Richards Stadium, North Sound",1,13.6,Antigua Hawksbills,Guyana Amazon Warriors,DC Thomas,KOA Powell,SP Narine,1,0,,,,,,,,,
635233,2013,2013-08-17,"Sir Vivian Richards Stadium, North Sound",1,14.1,Antigua Hawksbills,Guyana Amazon Warriors,DC Thomas,KOA Powell,CD Barnwell,1,0,,,,,,,,,
635233,2013,2013-08-17,"Sir Vivian Richards Stadium, North Sound",1,14.2,Antigua Hawksbills,Guyana Amazon Warriors,KOA Powell,DC Thomas,CD Barnwell,0,1,1,,,,,,,,
635233,2013,2013-08-17,"Sir Vivian Richards Stadium, North Sound",1,14.3,Antigua Hawksbills,Guyana Amazon Warriors,KOA Powell,DC Thomas,CD Barnwell,2,0,,,,,,,,,
635233,2013,2013-08-17,"Sir Vivian Richards Stadium, North Sound",1,14.4,Antigua Hawksbills,Guyana Amazon Warriors,KOA Powell,DC Thomas,CD Barnwell,1,0,,,,,,,,,
635233,2013,2013-08-17,"Sir Vivian Richards Stadium, North Sound",1,14.5,Antigua Hawksbills,Guyana Amazon Warriors,DC Thomas,KOA Powell,CD Barnwell,0,0,,,,,,,,,
635233,2013,2013-08-17,"Sir Vivian Richards Stadium, North Sound",1,14.6,Antigua Hawksbills,Guyana Amazon Warriors,DC Thomas,KOA Powell,CD Barnwell,0,1,1,,,,,,,,
635233,2013,2013-08-17,"Sir Vivian Richards Stadium, North Sound",1,14.7,Antigua Hawksbills,Guyana Amazon Warriors,DC Thomas,KOA Powell,CD Barnwell,1,0,,,,,,,,,
635233,2013,2013-08-17,"Sir Vivian Richards Stadium, North Sound",1,14.8,Antigua Hawksbills,Guyana Amazon Warriors,KOA Powell,DC Thomas,CD Barnwell,4,0,,,,,,,,,
635233,2013,2013-08-17,"Sir Vivian Richards Stadium, North Sound",1,15.1,Antigua Hawksbills,Guyana Amazon Warriors,DC Thomas,KOA Powell,K Santokie,1,0,,,,,,,,,
635233,2013,2013-08-17,"Sir Vivian Richards Stadium, North Sound",1,15.2,Antigua Hawksbills,Guyana Amazon Warriors,KOA Powell,DC Thomas,K Santokie,2,0,,,,,,,,,
635233,2013,2013-08-17,"Sir Vivian Richards Stadium, North Sound",1,15.3,Antigua Hawksbills,Guyana Amazon Warriors,KOA Powell,DC Thomas,K Santokie,0,0,,,,,,bowled,KOA Powell,,
635233,2013,2013-08-17,"Sir Vivian Richards Stadium, North Sound",1,15.4,Antigua Hawksbills,Guyana Amazon Warriors,BJ Rohrer,DC Thomas,K Santokie,1,0,,,,,,,,,
635233,2013,2013-08-17,"Sir Vivian Richards Stadium, North Sound",1,15.5,Antigua Hawksbills,Guyana Amazon Warriors,DC Thomas,BJ Rohrer,K Santokie,0,1,,,,1,,,,,
635233,2013,2013-08-17,"Sir Vivian Richards Stadium, North Sound",1,15.6,Antigua Hawksbills,Guyana Amazon Warriors,BJ Rohrer,DC Thomas,K Santokie,1,0,,,,,,,,,
635233,2013,2013-08-17,"Sir Vivian Richards Stadium, North Sound",1,16.1,Antigua Hawksbills,Guyana Amazon Warriors,BJ Rohrer,DC Thomas,V Permaul,2,0,,,,,,,,,
635233,2013,2013-08-17,"Sir Vivian Richards Stadium, North Sound",1,16.2,Antigua Hawksbills,Guyana Amazon Warriors,BJ Rohrer,DC Thomas,V Permaul,4,0,,,,,,,,,
635233,2013,2013-08-17,"Sir Vivian Richards Stadium, North Sound",1,16.3,Antigua Hawksbills,Guyana Amazon Warriors,BJ Rohrer,DC Thomas,V Permaul,4,0,,,,,,,,,
635233,2013,2013-08-17,"Sir Vivian Richards Stadium, North Sound",1,16.4,Antigua Hawksbills,Guyana Amazon Warriors,BJ Rohrer,DC Thomas,V Permaul,1,0,,,,,,,,,
635233,2013,2013-08-17,"Sir Vivian Richards Stadium, North Sound",1,16.5,Antigua Hawksbills,Guyana Amazon Warriors,DC Thomas,BJ Rohrer,V Permaul,2,0,,,,,,,,,
635233,2013,2013-08-17,"Sir Vivian Richards Stadium, North Sound",1,16.6,Antigua Hawksbills,Guyana Amazon Warriors,DC Thomas,BJ Rohrer,V Permaul,6,0,,,,,,,,,
635233,2013,2013-08-17,"Sir Vivian Richards Stadium, North Sound",1,17.1,Antigua Hawksbills,Guyana Amazon Warriors,BJ Rohrer,DC Thomas,SP Narine,0,0,,,,,,,,,
635233,2013,2013-08-17,"Sir Vivian Richards Stadium, North Sound",1,17.2,Antigua Hawksbills,Guyana Amazon Warriors,BJ Rohrer,DC Thomas,SP Narine,0,0,,,,,,,,,
635233,2013,2013-08-17,"Sir Vivian Richards Stadium, North Sound",1,17.3,Antigua Hawksbills,Guyana Amazon Warriors,BJ Rohrer,DC Thomas,SP Narine,0,0,,,,,,,,,
635233,2013,2013-08-17,"Sir Vivian Richards Stadium, North Sound",1,17.4,Antigua Hawksbills,Guyana Amazon Warriors,BJ Rohrer,DC Thomas,SP Narine,0,0,,,,,,,,,
635233,2013,2013-08-17,"Sir Vivian Richards Stadium, North Sound",1,17.5,Antigua Hawksbills,Guyana Amazon Warriors,BJ Rohrer,DC Thomas,SP Narine,1,0,,,,,,,,,
635233,2013,2013-08-17,"Sir Vivian Richards Stadium, North Sound",1,17.6,Antigua Hawksbills,Guyana Amazon Warriors,DC Thomas,BJ Rohrer,SP Narine,1,0,,,,,,,,,
635233,2013,2013-08-17,"Sir Vivian Richards Stadium, North Sound",1,18.1,Antigua Hawksbills,Guyana Amazon Warriors,DC Thomas,BJ Rohrer,CD Barnwell,1,0,,,,,,,,,
635233,2013,2013-08-17,"Sir Vivian Richards Stadium, North Sound",1,18.2,Antigua Hawksbills,Guyana Amazon Warriors,BJ Rohrer,DC Thomas,CD Barnwell,6,0,,,,,,,,,
635233,2013,2013-08-17,"Sir Vivian Richards Stadium, North Sound",1,18.3,Antigua Hawksbills,Guyana Amazon Warriors,BJ Rohrer,DC Thomas,CD Barnwell,1,0,,,,,,,,,
635233,2013,2013-08-17,"Sir Vivian Richards Stadium, North Sound",1,18.4,Antigua Hawksbills,Guyana Amazon Warriors,DC Thomas,BJ Rohrer,CD Barnwell,6,1,,1,,,,,,,
635233,2013,2013-08-17,"Sir Vivian Richards Stadium, North Sound",1,18.5,Antigua Hawksbills,Guyana Amazon Warriors,DC Thomas,BJ Rohrer,CD Barnwell,2,0,,,,,,,,,
635233,2013,2013-08-17,"Sir Vivian Richards Stadium, North Sound",1,18.6,Antigua Hawksbills,Guyana Amazon Warriors,DC Thomas,BJ Rohrer,CD Barnwell,6,0,,,,,,,,,
635233,2013,2013-08-17,"Sir Vivian Richards Stadium, North Sound",1,18.7,Antigua Hawksbills,Guyana Amazon Warriors,DC Thomas,BJ Rohrer,CD Barnwell,1,0,,,,,,,,,
635233,2013,2013-08-17,"Sir Vivian Richards Stadium, North Sound",1,19.1,Antigua Hawksbills,Guyana Amazon Warriors,DC Thomas,BJ Rohrer,K Santokie,0,0,,,,,,obstructing the field,DC Thomas,,
635233,2013,2013-08-17,"Sir Vivian Richards Stadium, North Sound",1,19.2,Antigua Hawksbills,Guyana Amazon Warriors,BJ Rohrer,KAJ Roach,K Santokie,1,0,,,,,,,,,
635233,2013,2013-08-17,"Sir Vivian Richards Stadium, North Sound",1,19.3,Antigua Hawksbills,Guyana Amazon Warriors,KAJ Roach,BJ Rohrer,K Santokie,0,0,,,,,,caught,KAJ Roach,,
635233,2013,2013-08-17,"Sir Vivian Richards Stadium, North Sound",1,19.4,Antigua Hawksbills,Guyana Amazon Warriors,BJ Rohrer,SS Cottrell,K Santokie,0,0,,,,,,,,,
635233,2013,2013-08-17,"Sir Vivian Richards Stadium, North Sound",1,19.5,Antigua Hawksbills,Guyana Amazon Warriors,BJ Rohrer,SS Cottrell,K Santokie,2,0,,,,,,,,,
635233,2013,2013-08-17,"Sir Vivian Richards Stadium, North Sound",1,19.6,Antigua Hawksbills,Guyana Amazon Warriors,BJ Rohrer,SS Cottrell,K Santokie,1,0,,,,,,run out,SS Cottrell,,
635233,2013,2013-08-17,"Sir Vivian Richards Stadium, North Sound",2,0.1,Guyana Amazon Warriors,Antigua Hawksbills,LMP Simmons,MJ Guptill,KAJ Roach,0,0,,,,,,,,,
635233,2013,2013-08-17,"Sir Vivian Richards Stadium, North Sound",2,0.2,Guyana Amazon Warriors,Antigua Hawksbills,LMP Simmons,MJ Guptill,KAJ Roach,1,0,,,,,,,,,
635233,2013,2013-08-17,"Sir Vivian Richards Stadium, North Sound",2,0.3,Guyana Amazon Warriors,Antigua Hawksbills,MJ Guptill,LMP Simmons,KAJ Roach,0,0,,,,,,,,,
635233,2013,2013-08-17,"Sir Vivian Richards Stadium, North Sound",2,0.4,Guyana Amazon Warriors,Antigua Hawksbills,MJ Guptill,LMP Simmons,KAJ Roach,4,0,,,,,,,,,
635233,2013,2013-08-17,"Sir Vivian Richards Stadium, North Sound",2,0.5,Guyana Amazon Warriors,Antigua Hawksbills,MJ Guptill,LMP Simmons,KAJ Roach,1,0,,,,,,,,,
635233,2013,2013-08-17,"Sir Vivian Richards Stadium, North Sound",2,0.6,Guyana Amazon Warriors,Antigua Hawksbills,LMP Simmons,MJ Guptill,KAJ Roach,0,0,,,,,,,,,
635233,2013,2013-08-17,"Sir Vivian Richards Stadium, North Sound",2,1.1,Guyana Amazon Warriors,Antigua Hawksbills,MJ Guptill,LMP Simmons,GC Tonge,1,0,,,,,,,,,
635233,2013,2013-08-17,"Sir Vivian Richards Stadium, North Sound",2,1.2,Guyana Amazon Warriors,Antigua Hawksbills,LMP Simmons,MJ Guptill,GC Tonge,0,0,,,,,,,,,
635233,2013,2013-08-17,"Sir Vivian Richards Stadium, North Sound",2,1.3,Guyana Amazon Warriors,Antigua Hawksbills,LMP Simmons,MJ Guptill,GC Tonge,4,0,,,,,,,,,
635233,2013,2013-08-17,"Sir Vivian Richards Stadium, North Sound",2,1.4,Guyana Amazon Warriors,Antigua Hawksbills,LMP Simmons,MJ Guptill,GC Tonge,0,0,,,,,,,,,
635233,2013,2013-08-17,"Sir Vivian Richards Stadium, North Sound",2,1.5,Guyana Amazon Warriors,Antigua Hawksbills,LMP Simmons,MJ Guptill,GC Tonge,1,0,,,,,,,,,
635233,2013,2013-08-17,"Sir Vivian Richards Stadium, North Sound",2,1.6,Guyana Amazon Warriors,Antigua Hawksbills,MJ Guptill,LMP Simmons,GC Tonge,0,0,,,,,,,,,
635233,2013,2013-08-17,"Sir Vivian Richards Stadium, North Sound",2,2.1,Guyana Amazon Warriors,Antigua Hawksbills,LMP Simmons,MJ Guptill,SS Cottrell,0,0,,,,,,,,,
635233,2013,2013-08-17,"Sir Vivian Richards Stadium, North Sound",2,2.2,Guyana Amazon Warriors,Antigua Hawksbills,LMP Simmons,MJ Guptill,SS Cottrell,1,0,,,,,,,,,
635233,2013,2013-08-17,"Sir Vivian Richards Stadium, North Sound",2,2.3,Guyana Amazon Warriors,Antigua Hawksbills,MJ Guptill,LMP Simmons,SS Cottrell,4,0,,,,,,,,,
635233,2013,2013-08-17,"Sir Vivian Richards Stadium, North Sound",2,2.4,Guyana Amazon Warriors,Antigua Hawksbills,MJ Guptill,LMP Simmons,SS Cottrell,0,0,,,,,,,,,
635233,2013,2013-08-17,"Sir Vivian Richards Stadium, North Sound",2,2.5,Guyana Amazon Warriors,Antigua Hawksbills,MJ Guptill,LMP Simmons,SS Cottrell,0,0,,,,,,,,,
635233,2013,2013-08-17,"Sir Vivian Richards Stadium, North Sound",2,2.6,Guyana Amazon Warriors,Antigua Hawksbills,MJ Guptill,LMP Simmons,SS Cottrell,0,0,,,,,,,,,
635233,2013,2013-08-17,"Sir Vivian Richards Stadium, North Sound",2,3.1,Guyana Amazon Warriors,Antigua Hawksbills,LMP Simmons,MJ Guptill,KAJ Roach,1,0,,,,,,,,,
635233,2013,2013-08-17,"Sir Vivian Richards Stadium, North Sound",2,3.2,Guyana Amazon Warriors,Antigua Hawksbills,MJ Guptill,LMP Simmons,KAJ Roach,1,0,,,,,,,,,
635233,2013,2013-08-17,"Sir Vivian Richards Stadium, North Sound",2,3.3,Guyana Amazon Warriors,Antigua Hawksbills,LMP Simmons,MJ Guptill,KAJ Roach,0,0,,,,,,,,,
635233,2013,2013-08-17,"Sir Vivian Richards Stadium, North Sound",2,3.4,Guyana Amazon Warriors,Antigua Hawksbills,LMP Simmons,MJ Guptill,KAJ Roach,0,0,,,,,,,,,
635233,2013,2013-08-17,"Sir Vivian Richards Stadium, North Sound",2,3.5,Guyana Amazon Warriors,Antigua Hawksbills,LMP Simmons,MJ Guptill,KAJ Roach,1,0,,,,,,,,,
635233,2013,2013-08-17,"Sir Vivian Richards Stadium, North Sound",2,3.6,Guyana Amazon Warriors,Antigua Hawksbills,MJ Guptill,LMP Simmons,KAJ Roach,1,0,,,,,,,,,
635233,2013,2013-08-17,"Sir Vivian Richards Stadium, North Sound",2,4.1,Guyana Amazon Warriors,Antigua Hawksbills,MJ Guptill,LMP Simmons,SS Cottrell,4,0,,,,,,,,,
635233,2013,2013-08-17,"Sir Vivian Richards Stadium, North Sound",2,4.2,Guyana Amazon Warriors,Antigua Hawksbills,MJ Guptill,LMP Simmons,SS Cottrell,0,1,1,,,,,,,,
635233,2013,2013-08-17,"Sir Vivian Richards Stadium, North Sound",2,4.3,Guyana Amazon Warriors,Antigua Hawksbills,MJ Guptill,LMP Simmons,SS Cottrell,0,0,,,,,,,,,
635233,2013,2013-08-17,"Sir Vivian Richards Stadium, North Sound",2,4.4,Guyana Amazon Warriors,Antigua Hawksbills,MJ Guptill,LMP Simmons,SS Cottrell,2,0,,,,,,,,,
635233,2013,2013-08-17,"Sir Vivian Richards Stadium, North Sound",2,4.5,Guyana Amazon Warriors,Antigua Hawksbills,MJ Guptill,LMP Simmons,SS Cottrell,0,0,,,,,,,,,
635233,2013,2013-08-17,"Sir Vivian Richards Stadium, North Sound",2,4.6,Guyana Amazon Warriors,Antigua Hawksbills,MJ Guptill,LMP Simmons,SS Cottrell,1,0,,,,,,,,,
635233,2013,2013-08-17,"Sir Vivian Richards Stadium, North Sound",2,4.7,Guyana Amazon Warriors,Antigua Hawksbills,LMP Simmons,MJ Guptill,SS Cottrell,0,0,,,,,,retired hurt,MJ Guptill,,
635233,2013,2013-08-17,"Sir Vivian Richards Stadium, North Sound",2,5.1,Guyana Amazon Warriors,Antigua Hawksbills,TA Griffith,LMP Simmons,MN Samuels,0,0,,,,,,,,,
635233,2013,2013-08-17,"Sir Vivian Richards Stadium, North Sound",2,5.2,Guyana Amazon Warriors,Antigua Hawksbills,TA Griffith,LMP Simmons,MN Samuels,0,0,,,,,,,,,
635233,2013,2013-08-17,"Sir Vivian Richards Stadium, North Sound",2,5.3,Guyana Amazon Warriors,Antigua Hawksbills,TA Griffith,LMP Simmons,MN Samuels,2,0,,,,,,,,,
635233,2013,2013-08-17,"Sir Vivian Richards Stadium, North Sound",2,5.4,Guyana Amazon Warriors,Antigua Hawksbills,TA Griffith,LMP Simmons,MN Samuels,0,0,,,,,,,,,
635233,2013,2013-08-17,"Sir Vivian Richards Stadium, North Sound",2,5.5,Guyana Amazon Warriors,Antigua Hawksbills,TA Griffith,LMP Simmons,MN Samuels,0,0,,,,,,,,,
635233,2013,2013-08-17,"Sir Vivian Richards Stadium, North Sound",2,5.6,Guyana Amazon Warriors,Antigua Hawksbills,TA Griffith,LMP Simmons,MN Samuels,1,0,,,,,,,,,
635233,2013,2013-08-17,"Sir Vivian Richards Stadium, North Sound",2,6.1,Guyana Amazon Warriors,Antigua Hawksbills,TA Griffith,LMP Simmons,KAJ Roach,1,0,,,,,,,,,
635233,2013,2013-08-17,"Sir Vivian Richards Stadium, North Sound",2,6.2,Guyana Amazon Warriors,Antigua Hawksbills,LMP Simmons,TA Griffith,KAJ Roach,1,0,,,,,,,,,
635233,2013,2013-08-17,"Sir Vivian Richards Stadium, North Sound",2,6.3,Guyana Amazon Warriors,Antigua Hawksbills,TA Griffith,LMP Simmons,KAJ Roach,1,0,,,,,,,,,
635233,2013,2013-08-17,"Sir Vivian Richards Stadium, North Sound",2,6.4,Guyana Amazon Warriors,Antigua Hawksbills,LMP Simmons,TA Griffith,KAJ Roach,0,0,,,,,,,,,
635233,2013,2013-08-17,"Sir Vivian Richards Stadium, North Sound",2,6.5,Guyana Amazon Warriors,Antigua Hawksbills,LMP Simmons,TA Griffith,KAJ Roach,6,0,,,,,,,,,
635233,2013,2013-08-17,"Sir Vivian Richards Stadium, North Sound",2,6.6,Guyana Amazon Warriors,Antigua Hawksbills,LMP Simmons,TA Griffith,KAJ Roach,1,0,,,,,,,,,
635233,2013,2013-08-17,"Sir Vivian Richards Stadium, North Sound",2,7.1,Guyana Amazon Warriors,Antigua Hawksbills,LMP Simmons,TA Griffith,MN Samuels,0,0,,,,,,,,,
635233,2013,2013-08-17,"Sir Vivian Richards Stadium, North Sound",2,7.2,Guyana Amazon Warriors,Antigua Hawksbills,LMP Simmons,TA Griffith,MN Samuels,1,0,,,,,,,,,
635233,2013,2013-08-17,"Sir Vivian Richards Stadium, North Sound",2,7.3,Guyana Amazon Warriors,Antigua Hawksbills,TA Griffith,LMP Simmons,MN Samuels,1,0,,,,,,,,,
635233,2013,2013-08-17,"Sir Vivian Richards Stadium, North Sound",2,7.4,Guyana Amazon Warriors,Antigua Hawksbills,LMP Simmons,TA Griffith,MN Samuels,1,0,,,,,,,,,
635233,2013,2013-08-17,"Sir Vivian Richards Stadium, North Sound",2,7.5,Guyana Amazon Warriors,Antigua Hawksbills,TA Griffith,LMP Simmons,MN Samuels,2,0,,,,,,,,,
635233,2013,2013-08-17,"Sir Vivian Richards Stadium, North Sound",2,7.6,Guyana Amazon Warriors,Antigua Hawksbills,TA Griffith,LMP Simmons,MN Samuels,1,0,,,,,,,,,
635233,2013,2013-08-17,"Sir Vivian Richards Stadium, North Sound",2,8.1,Guyana Amazon Warriors,Antigua Hawksbills,TA Griffith,LMP Simmons,SS Cottrell,1,0,,,,,,,,,
635233,2013,2013-08-17,"Sir Vivian Richards Stadium, North Sound",2,8.2,Guyana Amazon Warriors,Antigua Hawksbills,LMP Simmons,TA Griffith,SS Cottrell,1,0,,,,,,,,,
635233,2013,2013-08-17,"Sir Vivian Richards Stadium, North Sound",2,8.3,Guyana Amazon Warriors,Antigua Hawksbills,TA Griffith,LMP Simmons,SS Cottrell,1,0,,,,,,,,,
635233,2013,2013-08-17,"Sir Vivian Richards Stadium, North Sound",2,8.4,Guyana Amazon Warriors,Antigua Hawksbills,LMP Simmons,TA Griffith,SS Cottrell,0,0,,,,,,,,,
635233,2013,2013-08-17,"Sir Vivian Richards Stadium, North Sound",2,8.5,Guyana Amazon Warriors,Antigua Hawksbills,LMP Simmons,TA Griffith,SS Cottrell,0,0,,,,,,,,,
635233,2013,2013-08-17,"Sir Vivian Richards Stadium, North Sound",2,8.6,Guyana Amazon Warriors,Antigua Hawksbills,LMP Simmons,TA Griffith,SS Cottrell,0,0,,,,,,,,,
635233,2013,2013-08-17,"Sir Vivian Richards Stadium, North Sound",2,9.1,Guyana Amazon Warriors,Antigua Hawksbills,TA Griffith,LMP Simmons,MN Samuels,0,0,,,,,,,,,
635233,2013,2013-08-17,"Sir Vivian Richards Stadium, North Sound",2,9.2,Guyana Amazon Warriors,Antigua Hawksbills,TA Griffith,LMP Simmons,MN Samuels,1,0,,,,,,,,,
635233,2013,2013-08-17,"Sir Vivian Richards Stadium, North Sound",2,9.3,Guyana Amazon Warriors,Antigua Hawksbills,LMP Simmons,TA Griffith,MN Samuels,2,0,,,,,,,,,
635233,2013,2013-08-17,"Sir Vivian Richards Stadium, North Sound",2,9.4,Guyana Amazon Warriors,Antigua Hawksbills,LMP Simmons,TA Griffith,MN Samuels,1,0,,,,,,,,,
635233,2013,2013-08-17,"Sir Vivian Richards Stadium, North Sound",2,9.5,Guyana Amazon Warriors,Antigua Hawksbills,TA Griffith,LMP Simmons,MN Samuels,0,0,,,,,,,,,
635233,2013,2013-08-17,"Sir Vivian Richards Stadium, North Sound",2,9.6,Guyana Amazon Warriors,Antigua Hawksbills,TA Griffith,LMP Simmons,MN Samuels,1,0,,,,,,,,,
635233,2013,2013-08-17,"Sir Vivian Richards Stadium, North Sound",2,10.1,Guyana Amazon Warriors,Antigua Hawksbills,TA Griffith,LMP Simmons,GC Tonge,2,0,,,,,,,,,
635233,2013,2013-08-17,"Sir Vivian Richards Stadium, North Sound",2,10.2,Guyana Amazon Warriors,Antigua Hawksbills,TA Griffith,LMP Simmons,GC Tonge,0,0,,,,,,caught,TA Griffith,,
635233,2013,2013-08-17,"Sir Vivian Richards Stadium, North Sound",2,10.3,Guyana Amazon Warriors,Antigua Hawksbills,LMP Simmons,JEC Franklin,GC Tonge,0,0,,,,,,caught,LMP Simmons,,
635233,2013,2013-08-17,"Sir Vivian Richards Stadium, North Sound",2,10.4,Guyana Amazon Warriors,Antigua Hawksbills,JEC Franklin,Mohammad Hafeez,GC Tonge,0,0,,,,,,,,,
635233,2013,2013-08-17,"Sir Vivian Richards Stadium, North Sound",2,10.5,Guyana Amazon Warriors,Antigua Hawksbills,JEC Franklin,Mohammad Hafeez,GC Tonge,0,0,,,,,,,,,
635233,2013,2013-08-17,"Sir Vivian Richards Stadium, North Sound",2,10.6,Guyana Amazon Warriors,Antigua Hawksbills,JEC Franklin,Mohammad Hafeez,GC Tonge,1,0,,,,,,,,,
635233,2013,2013-08-17,"Sir Vivian Richards Stadium, North Sound",2,11.1,Guyana Amazon Warriors,Antigua Hawksbills,JEC Franklin,Mohammad Hafeez,RRS Cornwall,1,0,,,,,,,,,
635233,2013,2013-08-17,"Sir Vivian Richards Stadium, North Sound",2,11.2,Guyana Amazon Warriors,Antigua Hawksbills,Mohammad Hafeez,JEC Franklin,RRS Cornwall,1,0,,,,,,,,,
635233,2013,2013-08-17,"Sir Vivian Richards Stadium, North Sound",2,11.3,Guyana Amazon Warriors,Antigua Hawksbills,JEC Franklin,Mohammad Hafeez,RRS Cornwall,0,0,,,,,,,,,
635233,2013,2013-08-17,"Sir Vivian Richards Stadium, North Sound",2,11.4,Guyana Amazon Warriors,Antigua Hawksbills,JEC Franklin,Mohammad Hafeez,RRS Cornwall,2,0,,,,,,,,,
635233,2013,2013-08-17,"Sir Vivian Richards Stadium, North Sound",2,11.5,Guyana Amazon Warriors,Antigua Hawksbills,JEC Franklin,Mohammad Hafeez,RRS Cornwall,1,0,,,,,,,,,
635233,2013,2013-08-17,"Sir Vivian Richards Stadium, North Sound",2,11.6,Guyana Amazon Warriors,Antigua Hawksbills,Mohammad Hafeez,JEC Franklin,RRS Cornwall,1,0,,,,,,,,,
635233,2013,2013-08-17,"Sir Vivian Richards Stadium, North Sound",2,12.1,Guyana Amazon Warriors,Antigua Hawksbills,Mohammad Hafeez,JEC Franklin,O Peters,1,0,,,,,,,,,
635233,2013,2013-08-17,"Sir Vivian Richards Stadium, North Sound",2,12.2,Guyana Amazon Warriors,Antigua Hawksbills,JEC Franklin,Mohammad Hafeez,O Peters,0,5,5,,,,,,,,
635233,2013,2013-08-17,"Sir Vivian Richards Stadium, North Sound",2,12.3,Guyana Amazon Warriors,Antigua Hawksbills,JEC Franklin,Mohammad Hafeez,O Peters,0,1,,,,1,,,,,
635233,2013,2013-08-17,"Sir Vivian Richards Stadium, North Sound",2,12.4,Guyana Amazon Warriors,Antigua Hawksbills,Mohammad Hafeez,JEC Franklin,O Peters,1,0,,,,,,,,,
635233,2013,2013-08-17,"Sir Vivian Richards Stadium, North Sound",2,12.5,Guyana Amazon Warriors,Antigua Hawksbills,JEC Franklin,Mohammad Hafeez,O Peters,6,0,,,,,,,,,
635233,2013,2013-08-17,"Sir Vivian Richards Stadium, North Sound",2,12.6,Guyana Amazon Warriors,Antigua Hawksbills,JEC Franklin,Mohammad Hafeez,O Peters,1,0,,,,,,,,,
635233,2013,2013-08-17,"Sir Vivian Richards Stadium, North Sound",2,12.7,Guyana Amazon Warriors,Antigua Hawksbills,Mohammad Hafeez,JEC Franklin,O Peters,6,0,,,,,,,,,
635233,2013,2013-08-17,"Sir Vivian Richards Stadium, North Sound",2,13.1,Guyana Amazon Warriors,Antigua Hawksbills,JEC Franklin,Mohammad Hafeez,RRS Cornwall,4,0,,,,,,,,,
635233,2013,2013-08-17,"Sir Vivian Richards Stadium, North Sound",2,13.2,Guyana Amazon Warriors,Antigua Hawksbills,JEC Franklin,Mohammad Hafeez,RRS Cornwall,0,0,,,,,,,,,
635233,2013,2013-08-17,"Sir Vivian Richards Stadium, North Sound",2,13.3,Guyana Amazon Warriors,Antigua Hawksbills,JEC Franklin,Mohammad Hafeez,RRS Cornwall,2,0,,,,,,,,,
635233,2013,2013-08-17,"Sir Vivian Richards Stadium, North Sound",2,13.4,Guyana Amazon Warriors,Antigua Hawksbills,JEC Franklin,Mohammad Hafeez,RRS Cornwall,6,0,,,,,,,,,
635233,2013,2013-08-17,"Sir Vivian Richards Stadium, North Sound",2,13.5,Guyana Amazon Warriors,Antigua Hawksbills,JEC Franklin,Mohammad Hafeez,RRS Cornwall,0,1,1,,,,,,,,
635233,2013,2013-08-17,"Sir Vivian Richards Stadium, North Sound",2,13.6,Guyana Amazon Warriors,Antigua Hawksbills,JEC Franklin,Mohammad Hafeez,RRS Cornwall,1,0,,,,,,,,,
635233,2013,2013-08-17,"Sir Vivian Richards Stadium, North Sound",2,13.7,Guyana Amazon Warriors,Antigua Hawksbills,Mohammad Hafeez,JEC Franklin,RRS Cornwall,6,0,,,,,,,,,
635233,2013,2013-08-17,"Sir Vivian Richards Stadium, North Sound",2,14.1,Guyana Amazon Warriors,Antigua Hawksbills,JEC Franklin,Mohammad Hafeez,GC Tonge,0,0,,,,,,run out,JEC Franklin,,
635233,2013,2013-08-17,"Sir Vivian Richards Stadium, North Sound",2,14.2,Guyana Amazon Warriors,Antigua Hawksbills,CD Barnwell,Mohammad Hafeez,GC Tonge,1,0,,,,,,,,,
635233,2013,2013-08-17,"Sir Vivian Richards Stadium, North Sound",2,14.3,Guyana Amazon Warriors,Antigua Hawksbills,Mohammad Hafeez,CD Barnwell,GC Tonge,1,0,,,,,,,,,
635233,2013,2013-08-17,"Sir Vivian Richards Stadium, North Sound",2,14.4,Guyana Amazon Warriors,Antigua Hawksbills,CD Barnwell,Mohammad Hafeez,GC Tonge,4,0,,,,,,,,,
635233,2013,2013-08-17,"Sir Vivian Richards Stadium, North Sound",2,14.5,Guyana Amazon Warriors,Antigua Hawksbills,CD Barnwell,Mohammad Hafeez,GC Tonge,1,0,,,,,,,,,
635233,2013,2013-08-17,"Sir Vivian Richards Stadium, North Sound",2,14.6,Guyana Amazon Warriors,Antigua Hawksbills,Mohammad Hafeez,CD Barnwell,GC Tonge,4,0,,,,,,,,,
635233,2013,2013-08-17,"Sir Vivian Richards Stadium, North Sound",2,15.1,Guyana Amazon Warriors,Antigua Hawksbills,CD Barnwell,Mohammad Hafeez,MN Samuels,0,0,,,,,,,,,
635233,2013,2013-08-17,"Sir Vivian Richards Stadium, North Sound",2,15.2,Guyana Amazon Warriors,Antigua Hawksbills,CD Barnwell,Mohammad Hafeez,MN Samuels,4,0,,,,,,,,,
635233,2013,2013-08-17,"Sir Vivian Richards Stadium, North Sound",2,15.3,Guyana Amazon Warriors,Antigua Hawksbills,CD Barnwell,Mohammad Hafeez,MN Samuels,1,0,,,,,,,,,
635233,2013,2013-08-17,"Sir Vivian Richards Stadium, North Sound",2,15.4,Guyana Amazon Warriors,Antigua Hawksbills,Mohammad Hafeez,CD Barnwell,MN Samuels,1,0,,,,,,,,,
635233,2013,2013-08-17,"Sir Vivian Richards Stadium, North Sound",2,15.5,Guyana Amazon Warriors,Antigua Hawksbills,CD Barnwell,Mohammad Hafeez,MN Samuels,1,0,,,,,,,,,
635233,2013,2013-08-17,"Sir Vivian Richards Stadium, North Sound",2,15.6,Guyana Amazon Warriors,Antigua Hawksbills,Mohammad Hafeez,CD Barnwell,MN Samuels,1,0,,,,,,,,,
635233,2013,2013-08-17,"Sir Vivian Richards Stadium, North Sound",2,16.1,Guyana Amazon Warriors,Antigua Hawksbills,Mohammad Hafeez,CD Barnwell,KAJ Roach,0,1,1,,,,,,,,
635233,2013,2013-08-17,"Sir Vivian Richards Stadium, North Sound",2,16.2,Guyana Amazon Warriors,Antigua Hawksbills,Mohammad Hafeez,CD Barnwell,KAJ Roach,2,0,,,,,,,,,
635233,2013,2013-08-17,"Sir Vivian Richards Stadium, North Sound",2,16.3,Guyana Amazon Warriors,Antigua Hawksbills,Mohammad Hafeez,CD Barnwell,KAJ Roach,6,0,,,,,,,,,
635233,2013,2013-08-17,"Sir Vivian Richards Stadium, North Sound",2,16.4,Guyana Amazon Warriors,Antigua Hawksbills,Mohammad Hafeez,CD Barnwell,KAJ Roach,1,0,,,,,,,,,
635233,2013,2013-08-17,"Sir Vivian Richards Stadium, North Sound",2,16.5,Guyana Amazon Warriors,Antigua Hawksbills,CD Barnwell,Mohammad Hafeez,KAJ Roach,1,0,,,,,,,,,
635233,2013,2013-08-17,"Sir Vivian Richards Stadium, North Sound",2,16.6,Guyana Amazon Warriors,Antigua Hawksbills,Mohammad Hafeez,CD Barnwell,KAJ Roach,1,0,,,,,,,,,
635233,2013,2013-08-17,"Sir Vivian Richards Stadium, North Sound",2,16.7,Guyana Amazon Warriors,Antigua Hawksbills,CD Barnwell,Mohammad Hafeez,KAJ Roach,1,0,,,,,,,,,
635233,2013,2013-08-17,"Sir Vivian Richards Stadium, North Sound",2,17.1,Guyana Amazon Warriors,Antigua Hawksbills,CD Barnwell,Mohammad Hafeez,GC Tonge,0,0,,,,,,,,,
635233,2013,2013-08-17,"Sir Vivian Richards Stadium, North Sound",2,17.2,Guyana Amazon Warriors,Antigua Hawksbills,CD Barnwell,Mohammad Hafeez,GC Tonge,2,0,,,,,,,,,
635233,2013,2013-08-17,"Sir Vivian Richards Stadium, North Sound",2,17.3,Guyana Amazon Warriors,Antigua Hawksbills,CD Barnwell,Mohammad Hafeez,GC Tonge,0,0,,,,,,caught,CD Barnwell,,
635233,2013,2013-08-17,"Sir Vivian Richards Stadium, North Sound",2,17.4,Guyana Amazon Warriors,Antigua Hawksbills,Mohammad Hafeez,RR Sarwan,GC Tonge,0,0,,,,,,,,,
635233,2013,2013-08-17,"Sir Vivian Richards Stadium, North Sound",2,17.5,Guyana Amazon Warriors,Antigua Hawksbills,Mohammad Hafeez,RR Sarwan,GC Tonge,1,0,,,,,,,,,
635233,2013,2013-08-17,"Sir Vivian Richards Stadium, North Sound",2,17.6,Guyana Amazon Warriors,Antigua Hawksbills,RR Sarwan,Mohammad Hafeez,GC Tonge,1,0,,,,,,,,,
635233,2013,2013-08-17,"Sir Vivian Richards Stadium, North Sound",2,18.1,Guyana Amazon Warriors,Antigua Hawksbills,RR Sarwan,Mohammad Hafeez,SS Cottrell,2,0,,,,,,,,,
635233,2013,2013-08-17,"Sir Vivian Richards Stadium, North Sound",2,18.2,Guyana Amazon Warriors,Antigua Hawksbills,RR Sarwan,Mohammad Hafeez,SS Cottrell,1,0,,,,,,,,,
635233,2013,2013-08-17,"Sir Vivian Richards Stadium, North Sound",2,18.3,Guyana Amazon Warriors,Antigua Hawksbills,Mohammad Hafeez,RR Sarwan,SS Cottrell,1,0,,,,,,,,,
635233,2013,2013-08-17,"Sir Vivian Richards Stadium, North Sound",2,18.4,Guyana Amazon Warriors,Antigua Hawksbills,RR Sarwan,Mohammad Hafeez,SS Cottrell,0,2,2,,,,,,,,
635233,2013,2013-08-17,"Sir Vivian Richards Stadium, North Sound",2,18.5,Guyana Amazon Warriors,Antigua Hawksbills,Mohammad Hafeez,RR Sarwan,SS Cottrell,2,0,,,,,,,,,
635233,2013,2013-08-17,"Sir Vivian Richards Stadium, North Sound",2,18.6,Guyana Amazon Warriors,Antigua Hawksbills,Mohammad Hafeez,RR Sarwan,SS Cottrell,1,0,,,,,,,,,
635233,2013,2013-08-17,"Sir Vivian Richards Stadium, North Sound",2,18.7,Guyana Amazon Warriors,Antigua Hawksbills,RR Sarwan,Mohammad Hafeez,SS Cottrell,0,0,,,,,,,,,
635233,2013,2013-08-17,"Sir Vivian Richards Stadium, North Sound",2,19.1,Guyana Amazon Warriors,Antigua Hawksbills,Mohammad Hafeez,RR Sarwan,DC Thomas,1,0,,,,,,run out,RR Sarwan,,
635233,2013,2013-08-17,"Sir Vivian Richards Stadium, North Sound",2,19.2,Guyana Amazon Warriors,Antigua Hawksbills,Mohammad Hafeez,SP Narine,DC Thomas,1,0,,,,,,,,,
635233,2013,2013-08-17,"Sir Vivian Richards Stadium, North Sound",2,19.3,Guyana Amazon Warriors,Antigua Hawksbills,SP Narine,Mohammad Hafeez,DC Thomas,6,0,,,,,,,,,
635233,2013,2013-08-17,"Sir Vivian Richards Stadium, North Sound",2,19.4,Guyana Amazon Warriors,Antigua Hawksbills,SP Narine,Mohammad Hafeez,DC Thomas,1,0,,,,,,,,,
635233,2013,2013-08-17,"Sir Vivian Richards Stadium, North Sound",2,19.5,Guyana Amazon Warriors,Antigua Hawksbills,Mohammad Hafeez,SP Narine,DC Thomas,6,0,,,,,,,,,
635233,2013,2013-08-17,"Sir Vivian Richards Stadium, North Sound",2,19.6,Guyana Amazon Warriors,Antigua Hawksbills,Mohammad Hafeez,SP Narine,DC Thomas,4,0,,,,,,,,,
