match_id,season,start_date,venue,innings,ball,batting_team,bowling_team,striker,non_striker,bowler,runs_off_bat,extras,wides,noballs,byes,legbyes,penalty,wicket_type,player_dismissed,other_wicket_type,other_player_dismissed
743195,2014,2014-08-16,"Warner Park, Basseterre",1,0.1,Barbados Tridents,Guyana Amazon Warriors,DR Smith,WKD Perkins,K Santokie,0,4,,,,4,,,,,
743195,2014,2014-08-16,"Warner Park, Basseterre",1,0.2,Barbados Tridents,Guyana Amazon Warriors,DR Smith,WKD Perkins,K Santokie,0,0,,,,,,,,,
743195,2014,2014-08-16,"Warner Park, Basseterre",1,0.3,Barbados Tridents,Guyana Amazon Warriors,DR Smith,WKD Perkins,K Santokie,0,0,,,,,,,,,
743195,2014,2014-08-16,"Warner Park, Basseterre",1,0.4,Barbados Tridents,Guyana Amazon Warriors,DR Smith,WKD Perkins,K Santokie,1,0,,,,,,,,,
743195,2014,2014-08-16,"Warner Park, Basseterre",1,0.5,Barbados Tridents,Guyana Amazon Warriors,WKD Perkins,DR Smith,K Santokie,0,0,,,,,,,,,
743195,2014,2014-08-16,"Warner Park, Basseterre",1,0.6,Barbados Tridents,Guyana Amazon Warriors,WKD Perkins,DR Smith,K Santokie,0,0,,,,,,caught,WKD Perkins,,
743195,2014,2014-08-16,"Warner Park, Basseterre",1,1.1,Barbados Tridents,Guyana Amazon Warriors,DR Smith,JO Holder,V Permaul,0,0,,,,,,,,,
743195,2014,2014-08-16,"Warner Park, Basseterre",1,1.2,Barbados Tridents,Guyana Amazon Warriors,DR Smith,JO Holder,V Permaul,0,0,,,,,,,,,
743195,2014,2014-08-16,"Warner Park, Basseterre",1,1.3,Barbados Tridents,Guyana Amazon Warriors,DR Smith,JO Holder,V Permaul,0,0,,,,,,,,,
743195,2014,2014-08-16,"Warner Park, Basseterre",1,1.4,Barbados Tridents,Guyana Amazon Warriors,DR Smith,JO Holder,V Permaul,0,0,,,,,,,,,
743195,2014,2014-08-16,"Warner Park, Basseterre",1,1.5,Barbados Tridents,Guyana Amazon Warriors,DR Smith,JO Holder,V Permaul,0,0,,,,,,,,,
743195,2014,2014-08-16,"Warner Park, Basseterre",1,1.6,Barbados Tridents,Guyana Amazon Warriors,DR Smith,JO Holder,V Permaul,1,0,,,,,,,,,
743195,2014,2014-08-16,"Warner Park, Basseterre",1,2.1,Barbados Tridents,Guyana Amazon Warriors,DR Smith,JO Holder,K Santokie,0,0,,,,,,,,,
743195,2014,2014-08-16,"Warner Park, Basseterre",1,2.2,Barbados Tridents,Guyana Amazon Warriors,DR Smith,JO Holder,K Santokie,0,0,,,,,,,,,
743195,2014,2014-08-16,"Warner Park, Basseterre",1,2.3,Barbados Tridents,Guyana Amazon Warriors,DR Smith,JO Holder,K Santokie,0,1,1,,,,,,,,
743195,2014,2014-08-16,"Warner Park, Basseterre",1,2.4,Barbados Tridents,Guyana Amazon Warriors,DR Smith,JO Holder,K Santokie,0,0,,,,,,,,,
743195,2014,2014-08-16,"Warner Park, Basseterre",1,2.5,Barbados Tridents,Guyana Amazon Warriors,DR Smith,JO Holder,K Santokie,1,0,,,,,,,,,
743195,2014,2014-08-16,"Warner Park, Basseterre",1,2.6,Barbados Tridents,Guyana Amazon Warriors,JO Holder,DR Smith,K Santokie,0,0,,,,,,bowled,JO Holder,,
743195,2014,2014-08-16,"Warner Park, Basseterre",1,2.7,Barbados Tridents,Guyana Amazon Warriors,Shoaib Malik,DR Smith,K Santokie,0,0,,,,,,,,,
743195,2014,2014-08-16,"Warner Park, Basseterre",1,3.1,Barbados Tridents,Guyana Amazon Warriors,DR Smith,Shoaib Malik,V Permaul,6,0,,,,,,,,,
743195,2014,2014-08-16,"Warner Park, Basseterre",1,3.2,Barbados Tridents,Guyana Amazon Warriors,DR Smith,Shoaib Malik,V Permaul,0,0,,,,,,,,,
743195,2014,2014-08-16,"Warner Park, Basseterre",1,3.3,Barbados Tridents,Guyana Amazon Warriors,DR Smith,Shoaib Malik,V Permaul,1,0,,,,,,,,,
743195,2014,2014-08-16,"Warner Park, Basseterre",1,3.4,Barbados Tridents,Guyana Amazon Warriors,Shoaib Malik,DR Smith,V Permaul,1,0,,,,,,,,,
743195,2014,2014-08-16,"Warner Park, Basseterre",1,3.5,Barbados Tridents,Guyana Amazon Warriors,DR Smith,Shoaib Malik,V Permaul,1,0,,,,,,,,,
743195,2014,2014-08-16,"Warner Park, Basseterre",1,3.6,Barbados Tridents,Guyana Amazon Warriors,Shoaib Malik,DR Smith,V Permaul,0,0,,,,,,,,,
743195,2014,2014-08-16,"Warner Park, Basseterre",1,4.1,Barbados Tridents,Guyana Amazon Warriors,DR Smith,Shoaib Malik,RR Beaton,0,0,,,,,,,,,
743195,2014,2014-08-16,"Warner Park, Basseterre",1,4.2,Barbados Tridents,Guyana Amazon Warriors,DR Smith,Shoaib Malik,RR Beaton,6,0,,,,,,,,,
743195,2014,2014-08-16,"Warner Park, Basseterre",1,4.3,Barbados Tridents,Guyana Amazon Warriors,DR Smith,Shoaib Malik,RR Beaton,0,1,1,,,,,,,,
743195,2014,2014-08-16,"Warner Park, Basseterre",1,4.4,Barbados Tridents,Guyana Amazon Warriors,DR Smith,Shoaib Malik,RR Beaton,4,0,,,,,,,,,
743195,2014,2014-08-16,"Warner Park, Basseterre",1,4.5,Barbados Tridents,Guyana Amazon Warriors,DR Smith,Shoaib Malik,RR Beaton,0,0,,,,,,,,,
743195,2014,2014-08-16,"Warner Park, Basseterre",1,4.6,Barbados Tridents,Guyana Amazon Warriors,DR Smith,Shoaib Malik,RR Beaton,4,0,,,,,,,,,
743195,2014,2014-08-16,"Warner Park, Basseterre",1,4.7,Barbados Tridents,Guyana Amazon Warriors,DR Smith,Shoaib Malik,RR Beaton,2,0,,,,,,,,,
743195,2014,2014-08-16,"Warner Park, Basseterre",1,5.1,Barbados Tridents,Guyana Amazon Warriors,Shoaib Malik,DR Smith,V Permaul,4,0,,,,,,,,,
743195,2014,2014-08-16,"Warner Park, Basseterre",1,5.2,Barbados Tridents,Guyana Amazon Warriors,Shoaib Malik,DR Smith,V Permaul,0,0,,,,,,,,,
743195,2014,2014-08-16,"Warner Park, Basseterre",1,5.3,Barbados Tridents,Guyana Amazon Warriors,Shoaib Malik,DR Smith,V Permaul,0,0,,,,,,,,,
743195,2014,2014-08-16,"Warner Park, Basseterre",1,5.4,Barbados Tridents,Guyana Amazon Warriors,Shoaib Malik,DR Smith,V Permaul,6,0,,,,,,,,,
743195,2014,2014-08-16,"Warner Park, Basseterre",1,5.5,Barbados Tridents,Guyana Amazon Warriors,Shoaib Malik,DR Smith,V Permaul,0,0,,,,,,,,,
743195,2014,2014-08-16,"Warner Park, Basseterre",1,5.6,Barbados Tridents,Guyana Amazon Warriors,Shoaib Malik,DR Smith,V Permaul,4,0,,,,,,,,,
743195,2014,2014-08-16,"Warner Park, Basseterre",1,6.1,Barbados Tridents,Guyana Amazon Warriors,DR Smith,Shoaib Malik,SP Narine,0,1,,,,1,,,,,
743195,2014,2014-08-16,"Warner Park, Basseterre",1,6.2,Barbados Tridents,Guyana Amazon Warriors,Shoaib Malik,DR Smith,SP Narine,0,0,,,,,,,,,
743195,2014,2014-08-16,"Warner Park, Basseterre",1,6.3,Barbados Tridents,Guyana Amazon Warriors,Shoaib Malik,DR Smith,SP Narine,1,0,,,,,,,,,
743195,2014,2014-08-16,"Warner Park, Basseterre",1,6.4,Barbados Tridents,Guyana Amazon Warriors,DR Smith,Shoaib Malik,SP Narine,0,0,,,,,,,,,
743195,2014,2014-08-16,"Warner Park, Basseterre",1,6.5,Barbados Tridents,Guyana Amazon Warriors,DR Smith,Shoaib Malik,SP Narine,0,0,,,,,,,,,
743195,2014,2014-08-16,"Warner Park, Basseterre",1,6.6,Barbados Tridents,Guyana Amazon Warriors,DR Smith,Shoaib Malik,SP Narine,6,0,,,,,,,,,
743195,2014,2014-08-16,"Warner Park, Basseterre",1,7.1,Barbados Tridents,Guyana Amazon Warriors,Shoaib Malik,DR Smith,Mohammad Hafeez,1,0,,,,,,,,,
743195,2014,2014-08-16,"Warner Park, Basseterre",1,7.2,Barbados Tridents,Guyana Amazon Warriors,DR Smith,Shoaib Malik,Mohammad Hafeez,1,0,,,,,,,,,
743195,2014,2014-08-16,"Warner Park, Basseterre",1,7.3,Barbados Tridents,Guyana Amazon Warriors,Shoaib Malik,DR Smith,Mohammad Hafeez,1,0,,,,,,,,,
743195,2014,2014-08-16,"Warner Park, Basseterre",1,7.4,Barbados Tridents,Guyana Amazon Warriors,DR Smith,Shoaib Malik,Mohammad Hafeez,0,0,,,,,,,,,
743195,2014,2014-08-16,"Warner Park, Basseterre",1,7.5,Barbados Tridents,Guyana Amazon Warriors,DR Smith,Shoaib Malik,Mohammad Hafeez,0,0,,,,,,,,,
743195,2014,2014-08-16,"Warner Park, Basseterre",1,7.6,Barbados Tridents,Guyana Amazon Warriors,DR Smith,Shoaib Malik,Mohammad Hafeez,4,0,,,,,,,,,
743195,2014,2014-08-16,"Warner Park, Basseterre",1,8.1,Barbados Tridents,Guyana Amazon Warriors,Shoaib Malik,DR Smith,ND Stewart,1,0,,,,,,,,,
743195,2014,2014-08-16,"Warner Park, Basseterre",1,8.2,Barbados Tridents,Guyana Amazon Warriors,DR Smith,Shoaib Malik,ND Stewart,1,0,,,,,,,,,
743195,2014,2014-08-16,"Warner Park, Basseterre",1,8.3,Barbados Tridents,Guyana Amazon Warriors,Shoaib Malik,DR Smith,ND Stewart,1,0,,,,,,,,,
743195,2014,2014-08-16,"Warner Park, Basseterre",1,8.4,Barbados Tridents,Guyana Amazon Warriors,DR Smith,Shoaib Malik,ND Stewart,0,1,1,,,,,,,,
743195,2014,2014-08-16,"Warner Park, Basseterre",1,8.5,Barbados Tridents,Guyana Amazon Warriors,DR Smith,Shoaib Malik,ND Stewart,0,0,,,,,,,,,
743195,2014,2014-08-16,"Warner Park, Basseterre",1,8.6,Barbados Tridents,Guyana Amazon Warriors,DR Smith,Shoaib Malik,ND Stewart,4,0,,,,,,,,,
743195,2014,2014-08-16,"Warner Park, Basseterre",1,8.7,Barbados Tridents,Guyana Amazon Warriors,DR Smith,Shoaib Malik,ND Stewart,0,0,,,,,,,,,
743195,2014,2014-08-16,"Warner Park, Basseterre",1,9.1,Barbados Tridents,Guyana Amazon Warriors,Shoaib Malik,DR Smith,Mohammad Hafeez,1,0,,,,,,,,,
743195,2014,2014-08-16,"Warner Park, Basseterre",1,9.2,Barbados Tridents,Guyana Amazon Warriors,DR Smith,Shoaib Malik,Mohammad Hafeez,1,0,,,,,,,,,
743195,2014,2014-08-16,"Warner Park, Basseterre",1,9.3,Barbados Tridents,Guyana Amazon Warriors,Shoaib Malik,DR Smith,Mohammad Hafeez,1,0,,,,,,,,,
743195,2014,2014-08-16,"Warner Park, Basseterre",1,9.4,Barbados Tridents,Guyana Amazon Warriors,DR Smith,Shoaib Malik,Mohammad Hafeez,0,0,,,,,,,,,
743195,2014,2014-08-16,"Warner Park, Basseterre",1,9.5,Barbados Tridents,Guyana Amazon Warriors,DR Smith,Shoaib Malik,Mohammad Hafeez,0,0,,,,,,,,,
743195,2014,2014-08-16,"Warner Park, Basseterre",1,9.6,Barbados Tridents,Guyana Amazon Warriors,DR Smith,Shoaib Malik,Mohammad Hafeez,0,0,,,,,,,,,
743195,2014,2014-08-16,"Warner Park, Basseterre",1,10.1,Barbados Tridents,Guyana Amazon Warriors,Shoaib Malik,DR Smith,ND Stewart,4,0,,,,,,,,,
743195,2014,2014-08-16,"Warner Park, Basseterre",1,10.2,Barbados Tridents,Guyana Amazon Warriors,Shoaib Malik,DR Smith,ND Stewart,1,0,,,,,,,,,
743195,2014,2014-08-16,"Warner Park, Basseterre",1,10.3,Barbados Tridents,Guyana Amazon Warriors,DR Smith,Shoaib Malik,ND Stewart,4,0,,,,,,,,,
743195,2014,2014-08-16,"Warner Park, Basseterre",1,10.4,Barbados Tridents,Guyana Amazon Warriors,DR Smith,Shoaib Malik,ND Stewart,0,0,,,,,,,,,
743195,2014,2014-08-16,"Warner Park, Basseterre",1,10.5,Barbados Tridents,Guyana Amazon Warriors,DR Smith,Shoaib Malik,ND Stewart,1,0,,,,,,,,,
743195,2014,2014-08-16,"Warner Park, Basseterre",1,10.6,Barbados Tridents,Guyana Amazon Warriors,Shoaib Malik,DR Smith,ND Stewart,0,0,,,,,,,,,
743195,2014,2014-08-16,"Warner Park, Basseterre",1,11.1,Barbados Tridents,Guyana Amazon Warriors,DR Smith,Shoaib Malik,Mohammad Hafeez,1,0,,,,,,,,,
743195,2014,2014-08-16,"Warner Park, Basseterre",1,11.2,Barbados Tridents,Guyana Amazon Warriors,Shoaib Malik,DR Smith,Mohammad Hafeez,1,0,,,,,,,,,
743195,2014,2014-08-16,"Warner Park, Basseterre",1,11.3,Barbados Tridents,Guyana Amazon Warriors,DR Smith,Shoaib Malik,Mohammad Hafeez,4,0,,,,,,,,,
743195,2014,2014-08-16,"Warner Park, Basseterre",1,11.4,Barbados Tridents,Guyana Amazon Warriors,DR Smith,Shoaib Malik,Mohammad Hafeez,0,0,,,,,,,,,
743195,2014,2014-08-16,"Warner Park, Basseterre",1,11.5,Barbados Tridents,Guyana Amazon Warriors,DR Smith,Shoaib Malik,Mohammad Hafeez,1,0,,,,,,,,,
743195,2014,2014-08-16,"Warner Park, Basseterre",1,11.6,Barbados Tridents,Guyana Amazon Warriors,Shoaib Malik,DR Smith,Mohammad Hafeez,0,1,1,,,,,,,,
743195,2014,2014-08-16,"Warner Park, Basseterre",1,11.7,Barbados Tridents,Guyana Amazon Warriors,Shoaib Malik,DR Smith,Mohammad Hafeez,0,0,,,,,,,,,
743195,2014,2014-08-16,"Warner Park, Basseterre",1,12.1,Barbados Tridents,Guyana Amazon Warriors,DR Smith,Shoaib Malik,SP Narine,0,0,,,,,,,,,
743195,2014,2014-08-16,"Warner Park, Basseterre",1,12.2,Barbados Tridents,Guyana Amazon Warriors,DR Smith,Shoaib Malik,SP Narine,0,0,,,,,,,,,
743195,2014,2014-08-16,"Warner Park, Basseterre",1,12.3,Barbados Tridents,Guyana Amazon Warriors,DR Smith,Shoaib Malik,SP Narine,2,0,,,,,,,,,
743195,2014,2014-08-16,"Warner Park, Basseterre",1,12.4,Barbados Tridents,Guyana Amazon Warriors,DR Smith,Shoaib Malik,SP Narine,2,0,,,,,,,,,
743195,2014,2014-08-16,"Warner Park, Basseterre",1,12.5,Barbados Tridents,Guyana Amazon Warriors,DR Smith,Shoaib Malik,SP Narine,0,0,,,,,,caught,DR Smith,,
743195,2014,2014-08-16,"Warner Park, Basseterre",1,12.6,Barbados Tridents,Guyana Amazon Warriors,KA Pollard,Shoaib Malik,SP Narine,0,0,,,,,,caught and bowled,KA Pollard,,
743195,2014,2014-08-16,"Warner Park, Basseterre",1,13.1,Barbados Tridents,Guyana Amazon Warriors,Shoaib Malik,RA Reifer,Mohammad Hafeez,1,0,,,,,,,,,
743195,2014,2014-08-16,"Warner Park, Basseterre",1,13.2,Barbados Tridents,Guyana Amazon Warriors,RA Reifer,Shoaib Malik,Mohammad Hafeez,0,0,,,,,,,,,
743195,2014,2014-08-16,"Warner Park, Basseterre",1,13.3,Barbados Tridents,Guyana Amazon Warriors,RA Reifer,Shoaib Malik,Mohammad Hafeez,0,0,,,,,,,,,
743195,2014,2014-08-16,"Warner Park, Basseterre",1,13.4,Barbados Tridents,Guyana Amazon Warriors,RA Reifer,Shoaib Malik,Mohammad Hafeez,1,0,,,,,,,,,
743195,2014,2014-08-16,"Warner Park, Basseterre",1,13.5,Barbados Tridents,Guyana Amazon Warriors,Shoaib Malik,RA Reifer,Mohammad Hafeez,0,0,,,,,,,,,
743195,2014,2014-08-16,"Warner Park, Basseterre",1,13.6,Barbados Tridents,Guyana Amazon Warriors,Shoaib Malik,RA Reifer,Mohammad Hafeez,1,0,,,,,,,,,
743195,2014,2014-08-16,"Warner Park, Basseterre",1,14.1,Barbados Tridents,Guyana Amazon Warriors,Shoaib Malik,RA Reifer,V Permaul,1,0,,,,,,,,,
743195,2014,2014-08-16,"Warner Park, Basseterre",1,14.2,Barbados Tridents,Guyana Amazon Warriors,RA Reifer,Shoaib Malik,V Permaul,1,0,,,,,,,,,
743195,2014,2014-08-16,"Warner Park, Basseterre",1,14.3,Barbados Tridents,Guyana Amazon Warriors,Shoaib Malik,RA Reifer,V Permaul,1,0,,,,,,,,,
743195,2014,2014-08-16,"Warner Park, Basseterre",1,14.4,Barbados Tridents,Guyana Amazon Warriors,RA Reifer,Shoaib Malik,V Permaul,1,0,,,,,,,,,
743195,2014,2014-08-16,"Warner Park, Basseterre",1,14.5,Barbados Tridents,Guyana Amazon Warriors,Shoaib Malik,RA Reifer,V Permaul,0,1,1,,,,,,,,
743195,2014,2014-08-16,"Warner Park, Basseterre",1,14.6,Barbados Tridents,Guyana Amazon Warriors,Shoaib Malik,RA Reifer,V Permaul,1,0,,,,,,,,,
743195,2014,2014-08-16,"Warner Park, Basseterre",1,14.7,Barbados Tridents,Guyana Amazon Warriors,RA Reifer,Shoaib Malik,V Permaul,0,0,,,,,,,,,
743195,2014,2014-08-16,"Warner Park, Basseterre",1,15.1,Barbados Tridents,Guyana Amazon Warriors,Shoaib Malik,RA Reifer,SP Narine,1,0,,,,,,,,,
743195,2014,2014-08-16,"Warner Park, Basseterre",1,15.2,Barbados Tridents,Guyana Amazon Warriors,RA Reifer,Shoaib Malik,SP Narine,1,0,,,,,,,,,
743195,2014,2014-08-16,"Warner Park, Basseterre",1,15.3,Barbados Tridents,Guyana Amazon Warriors,Shoaib Malik,RA Reifer,SP Narine,1,0,,,,,,,,,
743195,2014,2014-08-16,"Warner Park, Basseterre",1,15.4,Barbados Tridents,Guyana Amazon Warriors,RA Reifer,Shoaib Malik,SP Narine,0,1,,,,1,,,,,
743195,2014,2014-08-16,"Warner Park, Basseterre",1,15.5,Barbados Tridents,Guyana Amazon Warriors,Shoaib Malik,RA Reifer,SP Narine,1,0,,,,,,,,,
743195,2014,2014-08-16,"Warner Park, Basseterre",1,15.6,Barbados Tridents,Guyana Amazon Warriors,RA Reifer,Shoaib Malik,SP Narine,1,0,,,,,,,,,
743195,2014,2014-08-16,"Warner Park, Basseterre",1,16.1,Barbados Tridents,Guyana Amazon Warriors,RA Reifer,Shoaib Malik,K Santokie,0,0,,,,,,bowled,RA Reifer,,
743195,2014,2014-08-16,"Warner Park, Basseterre",1,16.2,Barbados Tridents,Guyana Amazon Warriors,BMAJ Mendis,Shoaib Malik,K Santokie,0,0,,,,,,,,,
743195,2014,2014-08-16,"Warner Park, Basseterre",1,16.3,Barbados Tridents,Guyana Amazon Warriors,BMAJ Mendis,Shoaib Malik,K Santokie,0,0,,,,,,,,,
743195,2014,2014-08-16,"Warner Park, Basseterre",1,16.4,Barbados Tridents,Guyana Amazon Warriors,BMAJ Mendis,Shoaib Malik,K Santokie,1,0,,,,,,,,,
743195,2014,2014-08-16,"Warner Park, Basseterre",1,16.5,Barbados Tridents,Guyana Amazon Warriors,Shoaib Malik,BMAJ Mendis,K Santokie,1,0,,,,,,,,,
743195,2014,2014-08-16,"Warner Park, Basseterre",1,16.6,Barbados Tridents,Guyana Amazon Warriors,BMAJ Mendis,Shoaib Malik,K Santokie,0,4,,,4,,,,,,
743195,2014,2014-08-16,"Warner Park, Basseterre",1,17.1,Barbados Tridents,Guyana Amazon Warriors,Shoaib Malik,BMAJ Mendis,SP Narine,0,0,,,,,,,,,
743195,2014,2014-08-16,"Warner Park, Basseterre",1,17.2,Barbados Tridents,Guyana Amazon Warriors,Shoaib Malik,BMAJ Mendis,SP Narine,1,0,,,,,,,,,
743195,2014,2014-08-16,"Warner Park, Basseterre",1,17.3,Barbados Tridents,Guyana Amazon Warriors,BMAJ Mendis,Shoaib Malik,SP Narine,1,0,,,,,,,,,
743195,2014,2014-08-16,"Warner Park, Basseterre",1,17.4,Barbados Tridents,Guyana Amazon Warriors,Shoaib Malik,BMAJ Mendis,SP Narine,0,0,,,,,,,,,
743195,2014,2014-08-16,"Warner Park, Basseterre",1,17.5,Barbados Tridents,Guyana Amazon Warriors,Shoaib Malik,BMAJ Mendis,SP Narine,1,0,,,,,,,,,
743195,2014,2014-08-16,"Warner Park, Basseterre",1,17.6,Barbados Tridents,Guyana Amazon Warriors,BMAJ Mendis,Shoaib Malik,SP Narine,1,0,,,,,,,,,
743195,2014,2014-08-16,"Warner Park, Basseterre",1,18.1,Barbados Tridents,Guyana Amazon Warriors,BMAJ Mendis,Shoaib Malik,K Santokie,1,0,,,,,,,,,
743195,2014,2014-08-16,"Warner Park, Basseterre",1,18.2,Barbados Tridents,Guyana Amazon Warriors,Shoaib Malik,BMAJ Mendis,K Santokie,1,0,,,,,,,,,
743195,2014,2014-08-16,"Warner Park, Basseterre",1,18.3,Barbados Tridents,Guyana Amazon Warriors,BMAJ Mendis,Shoaib Malik,K Santokie,0,1,,,,1,,,,,
743195,2014,2014-08-16,"Warner Park, Basseterre",1,18.4,Barbados Tridents,Guyana Amazon Warriors,Shoaib Malik,BMAJ Mendis,K Santokie,6,0,,,,,,,,,
743195,2014,2014-08-16,"Warner Park, Basseterre",1,18.5,Barbados Tridents,Guyana Amazon Warriors,Shoaib Malik,BMAJ Mendis,K Santokie,2,0,,,,,,,,,
743195,2014,2014-08-16,"Warner Park, Basseterre",1,18.6,Barbados Tridents,Guyana Amazon Warriors,Shoaib Malik,BMAJ Mendis,K Santokie,4,0,,,,,,,,,
743195,2014,2014-08-16,"Warner Park, Basseterre",1,19.1,Barbados Tridents,Guyana Amazon Warriors,BMAJ Mendis,Shoaib Malik,RR Beaton,6,1,,1,,,,,,,
743195,2014,2014-08-16,"Warner Park, Basseterre",1,19.2,Barbados Tridents,Guyana Amazon Warriors,BMAJ Mendis,Shoaib Malik,RR Beaton,0,0,,,,,,,,,
743195,2014,2014-08-16,"Warner Park, Basseterre",1,19.3,Barbados Tridents,Guyana Amazon Warriors,BMAJ Mendis,Shoaib Malik,RR Beaton,1,0,,,,,,,,,
743195,2014,2014-08-16,"Warner Park, Basseterre",1,19.4,Barbados Tridents,Guyana Amazon Warriors,Shoaib Malik,BMAJ Mendis,RR Beaton,0,1,1,,,,,,,,
743195,2014,2014-08-16,"Warner Park, Basseterre",1,19.5,Barbados Tridents,Guyana Amazon Warriors,Shoaib Malik,BMAJ Mendis,RR Beaton,2,0,,,,,,,,,
743195,2014,2014-08-16,"Warner Park, Basseterre",1,19.6,Barbados Tridents,Guyana Amazon Warriors,Shoaib Malik,BMAJ Mendis,RR Beaton,1,0,,,,,,,,,
743195,2014,2014-08-16,"Warner Park, Basseterre",1,19.7,Barbados Tridents,Guyana Amazon Warriors,BMAJ Mendis,Shoaib Malik,RR Beaton,4,0,,,,,,,,,
743195,2014,2014-08-16,"Warner Park, Basseterre",1,19.8,Barbados Tridents,Guyana Amazon Warriors,BMAJ Mendis,Shoaib Malik,RR Beaton,0,0,,,,,,run out,BMAJ Mendis,,
743195,2014,2014-08-16,"Warner Park, Basseterre",2,0.1,Guyana Amazon Warriors,Barbados Tridents,LMP Simmons,MJ Guptill,KR Mayers,0,0,,,,,,,,,
743195,2014,2014-08-16,"Warner Park, Basseterre",2,0.2,Guyana Amazon Warriors,Barbados Tridents,LMP Simmons,MJ Guptill,KR Mayers,0,0,,,,,,,,,
743195,2014,2014-08-16,"Warner Park, Basseterre",2,0.3,Guyana Amazon Warriors,Barbados Tridents,LMP Simmons,MJ Guptill,KR Mayers,1,0,,,,,,,,,
743195,2014,2014-08-16,"Warner Park, Basseterre",2,0.4,Guyana Amazon Warriors,Barbados Tridents,MJ Guptill,LMP Simmons,KR Mayers,0,1,1,,,,,,,,
743195,2014,2014-08-16,"Warner Park, Basseterre",2,0.5,Guyana Amazon Warriors,Barbados Tridents,MJ Guptill,LMP Simmons,KR Mayers,0,0,,,,,,,,,
743195,2014,2014-08-16,"Warner Park, Basseterre",2,0.6,Guyana Amazon Warriors,Barbados Tridents,MJ Guptill,LMP Simmons,KR Mayers,1,0,,,,,,,,,
743195,2014,2014-08-16,"Warner Park, Basseterre",2,0.7,Guyana Amazon Warriors,Barbados Tridents,LMP Simmons,MJ Guptill,KR Mayers,0,0,,,,,,,,,
743195,2014,2014-08-16,"Warner Park, Basseterre",2,1.1,Guyana Amazon Warriors,Barbados Tridents,MJ Guptill,LMP Simmons,R Rampaul,1,0,,,,,,,,,
743195,2014,2014-08-16,"Warner Park, Basseterre",2,1.2,Guyana Amazon Warriors,Barbados Tridents,LMP Simmons,MJ Guptill,R Rampaul,0,0,,,,,,,,,
743195,2014,2014-08-16,"Warner Park, Basseterre",2,1.3,Guyana Amazon Warriors,Barbados Tridents,LMP Simmons,MJ Guptill,R Rampaul,0,0,,,,,,,,,
743195,2014,2014-08-16,"Warner Park, Basseterre",2,1.4,Guyana Amazon Warriors,Barbados Tridents,LMP Simmons,MJ Guptill,R Rampaul,1,0,,,,,,,,,
743195,2014,2014-08-16,"Warner Park, Basseterre",2,1.5,Guyana Amazon Warriors,Barbados Tridents,MJ Guptill,LMP Simmons,R Rampaul,1,0,,,,,,,,,
743195,2014,2014-08-16,"Warner Park, Basseterre",2,1.6,Guyana Amazon Warriors,Barbados Tridents,LMP Simmons,MJ Guptill,R Rampaul,2,0,,,,,,,,,
743195,2014,2014-08-16,"Warner Park, Basseterre",2,2.1,Guyana Amazon Warriors,Barbados Tridents,MJ Guptill,LMP Simmons,KR Mayers,4,0,,,,,,,,,
743195,2014,2014-08-16,"Warner Park, Basseterre",2,2.2,Guyana Amazon Warriors,Barbados Tridents,MJ Guptill,LMP Simmons,KR Mayers,0,0,,,,,,bowled,MJ Guptill,,
743195,2014,2014-08-16,"Warner Park, Basseterre",2,2.3,Guyana Amazon Warriors,Barbados Tridents,Mohammad Hafeez,LMP Simmons,KR Mayers,0,0,,,,,,,,,
743195,2014,2014-08-16,"Warner Park, Basseterre",2,2.4,Guyana Amazon Warriors,Barbados Tridents,Mohammad Hafeez,LMP Simmons,KR Mayers,2,0,,,,,,,,,
743195,2014,2014-08-16,"Warner Park, Basseterre",2,2.5,Guyana Amazon Warriors,Barbados Tridents,Mohammad Hafeez,LMP Simmons,KR Mayers,0,0,,,,,,,,,
743195,2014,2014-08-16,"Warner Park, Basseterre",2,2.6,Guyana Amazon Warriors,Barbados Tridents,Mohammad Hafeez,LMP Simmons,KR Mayers,0,0,,,,,,,,,
743195,2014,2014-08-16,"Warner Park, Basseterre",2,3.1,Guyana Amazon Warriors,Barbados Tridents,LMP Simmons,Mohammad Hafeez,R Rampaul,0,0,,,,,,,,,
743195,2014,2014-08-16,"Warner Park, Basseterre",2,3.2,Guyana Amazon Warriors,Barbados Tridents,LMP Simmons,Mohammad Hafeez,R Rampaul,4,0,,,,,,,,,
743195,2014,2014-08-16,"Warner Park, Basseterre",2,3.3,Guyana Amazon Warriors,Barbados Tridents,LMP Simmons,Mohammad Hafeez,R Rampaul,0,0,,,,,,,,,
743195,2014,2014-08-16,"Warner Park, Basseterre",2,3.4,Guyana Amazon Warriors,Barbados Tridents,LMP Simmons,Mohammad Hafeez,R Rampaul,0,0,,,,,,,,,
743195,2014,2014-08-16,"Warner Park, Basseterre",2,3.5,Guyana Amazon Warriors,Barbados Tridents,LMP Simmons,Mohammad Hafeez,R Rampaul,1,0,,,,,,,,,
743195,2014,2014-08-16,"Warner Park, Basseterre",2,3.6,Guyana Amazon Warriors,Barbados Tridents,Mohammad Hafeez,LMP Simmons,R Rampaul,0,0,,,,,,,,,
743195,2014,2014-08-16,"Warner Park, Basseterre",2,4.1,Guyana Amazon Warriors,Barbados Tridents,LMP Simmons,Mohammad Hafeez,JO Holder,1,0,,,,,,,,,
743195,2014,2014-08-16,"Warner Park, Basseterre",2,4.2,Guyana Amazon Warriors,Barbados Tridents,Mohammad Hafeez,LMP Simmons,JO Holder,0,0,,,,,,,,,
743195,2014,2014-08-16,"Warner Park, Basseterre",2,4.3,Guyana Amazon Warriors,Barbados Tridents,Mohammad Hafeez,LMP Simmons,JO Holder,0,0,,,,,,,,,
743195,2014,2014-08-16,"Warner Park, Basseterre",2,4.4,Guyana Amazon Warriors,Barbados Tridents,Mohammad Hafeez,LMP Simmons,JO Holder,6,0,,,,,,,,,
743195,2014,2014-08-16,"Warner Park, Basseterre",2,4.5,Guyana Amazon Warriors,Barbados Tridents,Mohammad Hafeez,LMP Simmons,JO Holder,0,0,,,,,,,,,
743195,2014,2014-08-16,"Warner Park, Basseterre",2,4.6,Guyana Amazon Warriors,Barbados Tridents,Mohammad Hafeez,LMP Simmons,JO Holder,1,0,,,,,,,,,
743195,2014,2014-08-16,"Warner Park, Basseterre",2,5.1,Guyana Amazon Warriors,Barbados Tridents,Mohammad Hafeez,LMP Simmons,RR Emrit,4,0,,,,,,,,,
743195,2014,2014-08-16,"Warner Park, Basseterre",2,5.2,Guyana Amazon Warriors,Barbados Tridents,Mohammad Hafeez,LMP Simmons,RR Emrit,0,0,,,,,,,,,
743195,2014,2014-08-16,"Warner Park, Basseterre",2,5.3,Guyana Amazon Warriors,Barbados Tridents,Mohammad Hafeez,LMP Simmons,RR Emrit,1,0,,,,,,,,,
743195,2014,2014-08-16,"Warner Park, Basseterre",2,5.4,Guyana Amazon Warriors,Barbados Tridents,LMP Simmons,Mohammad Hafeez,RR Emrit,1,0,,,,,,,,,
743195,2014,2014-08-16,"Warner Park, Basseterre",2,5.5,Guyana Amazon Warriors,Barbados Tridents,Mohammad Hafeez,LMP Simmons,RR Emrit,1,0,,,,,,,,,
743195,2014,2014-08-16,"Warner Park, Basseterre",2,5.6,Guyana Amazon Warriors,Barbados Tridents,LMP Simmons,Mohammad Hafeez,RR Emrit,0,0,,,,,,,,,
743195,2014,2014-08-16,"Warner Park, Basseterre",2,6.1,Guyana Amazon Warriors,Barbados Tridents,Mohammad Hafeez,LMP Simmons,JO Holder,1,0,,,,,,,,,
743195,2014,2014-08-16,"Warner Park, Basseterre",2,6.2,Guyana Amazon Warriors,Barbados Tridents,LMP Simmons,Mohammad Hafeez,JO Holder,0,0,,,,,,,,,
743195,2014,2014-08-16,"Warner Park, Basseterre",2,6.3,Guyana Amazon Warriors,Barbados Tridents,LMP Simmons,Mohammad Hafeez,JO Holder,1,0,,,,,,,,,
743195,2014,2014-08-16,"Warner Park, Basseterre",2,6.4,Guyana Amazon Warriors,Barbados Tridents,Mohammad Hafeez,LMP Simmons,JO Holder,1,0,,,,,,,,,
743195,2014,2014-08-16,"Warner Park, Basseterre",2,6.5,Guyana Amazon Warriors,Barbados Tridents,LMP Simmons,Mohammad Hafeez,JO Holder,0,0,,,,,,,,,
743195,2014,2014-08-16,"Warner Park, Basseterre",2,6.6,Guyana Amazon Warriors,Barbados Tridents,LMP Simmons,Mohammad Hafeez,JO Holder,1,0,,,,,,,,,
743195,2014,2014-08-16,"Warner Park, Basseterre",2,7.1,Guyana Amazon Warriors,Barbados Tridents,LMP Simmons,Mohammad Hafeez,BMAJ Mendis,0,0,,,,,,,,,
743195,2014,2014-08-16,"Warner Park, Basseterre",2,7.2,Guyana Amazon Warriors,Barbados Tridents,LMP Simmons,Mohammad Hafeez,BMAJ Mendis,6,0,,,,,,,,,
743195,2014,2014-08-16,"Warner Park, Basseterre",2,7.3,Guyana Amazon Warriors,Barbados Tridents,LMP Simmons,Mohammad Hafeez,BMAJ Mendis,1,0,,,,,,,,,
743195,2014,2014-08-16,"Warner Park, Basseterre",2,7.4,Guyana Amazon Warriors,Barbados Tridents,Mohammad Hafeez,LMP Simmons,BMAJ Mendis,0,0,,,,,,,,,
743195,2014,2014-08-16,"Warner Park, Basseterre",2,7.5,Guyana Amazon Warriors,Barbados Tridents,Mohammad Hafeez,LMP Simmons,BMAJ Mendis,1,0,,,,,,,,,
743195,2014,2014-08-16,"Warner Park, Basseterre",2,7.6,Guyana Amazon Warriors,Barbados Tridents,LMP Simmons,Mohammad Hafeez,BMAJ Mendis,0,0,,,,,,,,,
743195,2014,2014-08-16,"Warner Park, Basseterre",2,8.1,Guyana Amazon Warriors,Barbados Tridents,Mohammad Hafeez,LMP Simmons,RR Emrit,0,1,,,,1,,,,,
743195,2014,2014-08-16,"Warner Park, Basseterre",2,8.2,Guyana Amazon Warriors,Barbados Tridents,LMP Simmons,Mohammad Hafeez,RR Emrit,0,1,,,1,,,,,,
743195,2014,2014-08-16,"Warner Park, Basseterre",2,8.3,Guyana Amazon Warriors,Barbados Tridents,Mohammad Hafeez,LMP Simmons,RR Emrit,1,0,,,,,,,,,
743195,2014,2014-08-16,"Warner Park, Basseterre",2,8.4,Guyana Amazon Warriors,Barbados Tridents,LMP Simmons,Mohammad Hafeez,RR Emrit,0,0,,,,,,caught,LMP Simmons,,
743195,2014,2014-08-16,"Warner Park, Basseterre",2,8.5,Guyana Amazon Warriors,Barbados Tridents,JDS Neesham,Mohammad Hafeez,RR Emrit,0,0,,,,,,,,,
743195,2014,2014-08-16,"Warner Park, Basseterre",2,8.6,Guyana Amazon Warriors,Barbados Tridents,JDS Neesham,Mohammad Hafeez,RR Emrit,2,0,,,,,,,,,
743195,2014,2014-08-16,"Warner Park, Basseterre",2,9.1,Guyana Amazon Warriors,Barbados Tridents,Mohammad Hafeez,JDS Neesham,KA Pollard,0,0,,,,,,,,,
743195,2014,2014-08-16,"Warner Park, Basseterre",2,9.2,Guyana Amazon Warriors,Barbados Tridents,Mohammad Hafeez,JDS Neesham,KA Pollard,1,0,,,,,,,,,
743195,2014,2014-08-16,"Warner Park, Basseterre",2,9.3,Guyana Amazon Warriors,Barbados Tridents,JDS Neesham,Mohammad Hafeez,KA Pollard,0,0,,,,,,,,,
743195,2014,2014-08-16,"Warner Park, Basseterre",2,9.4,Guyana Amazon Warriors,Barbados Tridents,JDS Neesham,Mohammad Hafeez,KA Pollard,1,0,,,,,,,,,
743195,2014,2014-08-16,"Warner Park, Basseterre",2,9.5,Guyana Amazon Warriors,Barbados Tridents,Mohammad Hafeez,JDS Neesham,KA Pollard,1,0,,,,,,,,,
743195,2014,2014-08-16,"Warner Park, Basseterre",2,9.6,Guyana Amazon Warriors,Barbados Tridents,JDS Neesham,Mohammad Hafeez,KA Pollard,1,0,,,,,,,,,
743195,2014,2014-08-16,"Warner Park, Basseterre",2,10.1,Guyana Amazon Warriors,Barbados Tridents,JDS Neesham,Mohammad Hafeez,JO Holder,0,0,,,,,,,,,
743195,2014,2014-08-16,"Warner Park, Basseterre",2,10.2,Guyana Amazon Warriors,Barbados Tridents,JDS Neesham,Mohammad Hafeez,JO Holder,1,0,,,,,,,,,
743195,2014,2014-08-16,"Warner Park, Basseterre",2,10.3,Guyana Amazon Warriors,Barbados Tridents,Mohammad Hafeez,JDS Neesham,JO Holder,1,0,,,,,,,,,
743195,2014,2014-08-16,"Warner Park, Basseterre",2,10.4,Guyana Amazon Warriors,Barbados Tridents,JDS Neesham,Mohammad Hafeez,JO Holder,0,0,,,,,,,,,
743195,2014,2014-08-16,"Warner Park, Basseterre",2,10.5,Guyana Amazon Warriors,Barbados Tridents,JDS Neesham,Mohammad Hafeez,JO Holder,1,0,,,,,,,,,
743195,2014,2014-08-16,"Warner Park, Basseterre",2,10.6,Guyana Amazon Warriors,Barbados Tridents,Mohammad Hafeez,JDS Neesham,JO Holder,0,0,,,,,,,,,
743195,2014,2014-08-16,"Warner Park, Basseterre",2,11.1,Guyana Amazon Warriors,Barbados Tridents,JDS Neesham,Mohammad Hafeez,KA Pollard,6,0,,,,,,,,,
743195,2014,2014-08-16,"Warner Park, Basseterre",2,11.2,Guyana Amazon Warriors,Barbados Tridents,JDS Neesham,Mohammad Hafeez,KA Pollard,0,0,,,,,,,,,
743195,2014,2014-08-16,"Warner Park, Basseterre",2,11.3,Guyana Amazon Warriors,Barbados Tridents,JDS Neesham,Mohammad Hafeez,KA Pollard,0,0,,,,,,,,,
743195,2014,2014-08-16,"Warner Park, Basseterre",2,11.4,Guyana Amazon Warriors,Barbados Tridents,JDS Neesham,Mohammad Hafeez,KA Pollard,2,0,,,,,,,,,
743195,2014,2014-08-16,"Warner Park, Basseterre",2,11.5,Guyana Amazon Warriors,Barbados Tridents,JDS Neesham,Mohammad Hafeez,KA Pollard,1,0,,,,,,,,,
743195,2014,2014-08-16,"Warner Park, Basseterre",2,11.6,Guyana Amazon Warriors,Barbados Tridents,Mohammad Hafeez,JDS Neesham,KA Pollard,6,0,,,,,,,,,
743195,2014,2014-08-16,"Warner Park, Basseterre",2,12.1,Guyana Amazon Warriors,Barbados Tridents,JDS Neesham,Mohammad Hafeez,JO Holder,1,0,,,,,,,,,
743195,2014,2014-08-16,"Warner Park, Basseterre",2,12.2,Guyana Amazon Warriors,Barbados Tridents,Mohammad Hafeez,JDS Neesham,JO Holder,0,0,,,,,,caught,Mohammad Hafeez,,
743195,2014,2014-08-16,"Warner Park, Basseterre",2,12.3,Guyana Amazon Warriors,Barbados Tridents,JDS Neesham,D Ramdin,JO Holder,1,0,,,,,,,,,
743195,2014,2014-08-16,"Warner Park, Basseterre",2,12.4,Guyana Amazon Warriors,Barbados Tridents,D Ramdin,JDS Neesham,JO Holder,1,0,,,,,,,,,
743195,2014,2014-08-16,"Warner Park, Basseterre",2,12.5,Guyana Amazon Warriors,Barbados Tridents,JDS Neesham,D Ramdin,JO Holder,0,0,,,,,,caught,JDS Neesham,,
743195,2014,2014-08-16,"Warner Park, Basseterre",2,12.6,Guyana Amazon Warriors,Barbados Tridents,CD Barnwell,D Ramdin,JO Holder,0,0,,,,,,,,,
743195,2014,2014-08-16,"Warner Park, Basseterre",2,13.1,Guyana Amazon Warriors,Barbados Tridents,D Ramdin,CD Barnwell,KA Pollard,1,0,,,,,,,,,
743195,2014,2014-08-16,"Warner Park, Basseterre",2,13.2,Guyana Amazon Warriors,Barbados Tridents,CD Barnwell,D Ramdin,KA Pollard,1,0,,,,,,,,,
743195,2014,2014-08-16,"Warner Park, Basseterre",2,13.3,Guyana Amazon Warriors,Barbados Tridents,D Ramdin,CD Barnwell,KA Pollard,1,0,,,,,,,,,
743195,2014,2014-08-16,"Warner Park, Basseterre",2,13.4,Guyana Amazon Warriors,Barbados Tridents,CD Barnwell,D Ramdin,KA Pollard,1,0,,,,,,,,,
743195,2014,2014-08-16,"Warner Park, Basseterre",2,13.5,Guyana Amazon Warriors,Barbados Tridents,D Ramdin,CD Barnwell,KA Pollard,1,0,,,,,,,,,
743195,2014,2014-08-16,"Warner Park, Basseterre",2,13.6,Guyana Amazon Warriors,Barbados Tridents,CD Barnwell,D Ramdin,KA Pollard,1,0,,,,,,,,,
743195,2014,2014-08-16,"Warner Park, Basseterre",2,14.1,Guyana Amazon Warriors,Barbados Tridents,CD Barnwell,D Ramdin,RR Emrit,2,0,,,,,,,,,
743195,2014,2014-08-16,"Warner Park, Basseterre",2,14.2,Guyana Amazon Warriors,Barbados Tridents,CD Barnwell,D Ramdin,RR Emrit,6,0,,,,,,,,,
743195,2014,2014-08-16,"Warner Park, Basseterre",2,14.3,Guyana Amazon Warriors,Barbados Tridents,CD Barnwell,D Ramdin,RR Emrit,1,1,,1,,,,,,,
743195,2014,2014-08-16,"Warner Park, Basseterre",2,14.4,Guyana Amazon Warriors,Barbados Tridents,D Ramdin,CD Barnwell,RR Emrit,0,0,,,,,,,,,
743195,2014,2014-08-16,"Warner Park, Basseterre",2,14.5,Guyana Amazon Warriors,Barbados Tridents,D Ramdin,CD Barnwell,RR Emrit,1,0,,,,,,,,,
743195,2014,2014-08-16,"Warner Park, Basseterre",2,14.6,Guyana Amazon Warriors,Barbados Tridents,CD Barnwell,D Ramdin,RR Emrit,2,0,,,,,,,,,
743195,2014,2014-08-16,"Warner Park, Basseterre",2,14.7,Guyana Amazon Warriors,Barbados Tridents,CD Barnwell,D Ramdin,RR Emrit,2,0,,,,,,,,,
743195,2014,2014-08-16,"Warner Park, Basseterre",2,15.1,Guyana Amazon Warriors,Barbados Tridents,D Ramdin,CD Barnwell,RA Reifer,6,0,,,,,,,,,
743195,2014,2014-08-16,"Warner Park, Basseterre",2,15.2,Guyana Amazon Warriors,Barbados Tridents,D Ramdin,CD Barnwell,RA Reifer,1,0,,,,,,,,,
743195,2014,2014-08-16,"Warner Park, Basseterre",2,15.3,Guyana Amazon Warriors,Barbados Tridents,CD Barnwell,D Ramdin,RA Reifer,1,0,,,,,,,,,
743195,2014,2014-08-16,"Warner Park, Basseterre",2,15.4,Guyana Amazon Warriors,Barbados Tridents,D Ramdin,CD Barnwell,RA Reifer,2,0,,,,,,,,,
743195,2014,2014-08-16,"Warner Park, Basseterre",2,15.5,Guyana Amazon Warriors,Barbados Tridents,D Ramdin,CD Barnwell,RA Reifer,0,0,,,,,,,,,
