match_id,season,start_date,venue,innings,ball,batting_team,bowling_team,striker,non_striker,bowler,runs_off_bat,extras,wides,noballs,byes,legbyes,penalty,wicket_type,player_dismissed,other_wicket_type,other_player_dismissed
743167,2014,2014-07-31,"Sabina Park, Kingston",1,0.1,Antigua Hawksbills,Jamaica Tallawahs,BR Dunk,DC Thomas,DL Vettori,1,0,,,,,,,,,
743167,2014,2014-07-31,"Sabina Park, Kingston",1,0.2,Antigua Hawksbills,Jamaica Tallawahs,DC Thomas,BR Dunk,DL Vettori,0,0,,,,,,,,,
743167,2014,2014-07-31,"Sabina Park, Kingston",1,0.3,Antigua Hawksbills,Jamaica Tallawahs,DC Thomas,BR Dunk,DL Vettori,0,0,,,,,,,,,
743167,2014,2014-07-31,"Sabina Park, Kingston",1,0.4,Antigua Hawksbills,Jamaica Tallawahs,DC Thomas,BR Dunk,DL Vettori,1,0,,,,,,,,,
743167,2014,2014-07-31,"Sabina Park, Kingston",1,0.5,Antigua Hawksbills,Jamaica Tallawahs,BR Dunk,DC Thomas,DL Vettori,2,0,,,,,,,,,
743167,2014,2014-07-31,"Sabina Park, Kingston",1,0.6,Antigua Hawksbills,Jamaica Tallawahs,BR Dunk,DC Thomas,DL Vettori,1,0,,,,,,,,,
743167,2014,2014-07-31,"Sabina Park, Kingston",1,1.1,Antigua Hawksbills,Jamaica Tallawahs,BR Dunk,DC Thomas,DE Bernard,0,0,,,,,,,,,
743167,2014,2014-07-31,"Sabina Park, Kingston",1,1.2,Antigua Hawksbills,Jamaica Tallawahs,BR Dunk,DC Thomas,DE Bernard,0,1,1,,,,,,,,
743167,2014,2014-07-31,"Sabina Park, Kingston",1,1.3,Antigua Hawksbills,Jamaica Tallawahs,BR Dunk,DC Thomas,DE Bernard,4,0,,,,,,,,,
743167,2014,2014-07-31,"Sabina Park, Kingston",1,1.4,Antigua Hawksbills,Jamaica Tallawahs,BR Dunk,DC Thomas,DE Bernard,0,0,,,,,,,,,
743167,2014,2014-07-31,"Sabina Park, Kingston",1,1.5,Antigua Hawksbills,Jamaica Tallawahs,BR Dunk,DC Thomas,DE Bernard,1,0,,,,,,,,,
743167,2014,2014-07-31,"Sabina Park, Kingston",1,1.6,Antigua Hawksbills,Jamaica Tallawahs,DC Thomas,BR Dunk,DE Bernard,0,0,,,,,,,,,
743167,2014,2014-07-31,"Sabina Park, Kingston",1,1.7,Antigua Hawksbills,Jamaica Tallawahs,DC Thomas,BR Dunk,DE Bernard,0,0,,,,,,,,,
743167,2014,2014-07-31,"Sabina Park, Kingston",1,2.1,Antigua Hawksbills,Jamaica Tallawahs,BR Dunk,DC Thomas,DL Vettori,0,0,,,,,,,,,
743167,2014,2014-07-31,"Sabina Park, Kingston",1,2.2,Antigua Hawksbills,Jamaica Tallawahs,BR Dunk,DC Thomas,DL Vettori,1,0,,,,,,,,,
743167,2014,2014-07-31,"Sabina Park, Kingston",1,2.3,Antigua Hawksbills,Jamaica Tallawahs,DC Thomas,BR Dunk,DL Vettori,0,0,,,,,,,,,
743167,2014,2014-07-31,"Sabina Park, Kingston",1,2.4,Antigua Hawksbills,Jamaica Tallawahs,DC Thomas,BR Dunk,DL Vettori,1,0,,,,,,,,,
743167,2014,2014-07-31,"Sabina Park, Kingston",1,2.5,Antigua Hawksbills,Jamaica Tallawahs,BR Dunk,DC Thomas,DL Vettori,1,0,,,,,,,,,
743167,2014,2014-07-31,"Sabina Park, Kingston",1,2.6,Antigua Hawksbills,Jamaica Tallawahs,DC Thomas,BR Dunk,DL Vettori,0,0,,,,,,,,,
743167,2014,2014-07-31,"Sabina Park, Kingston",1,3.1,Antigua Hawksbills,Jamaica Tallawahs,BR Dunk,DC Thomas,JE Taylor,1,0,,,,,,,,,
743167,2014,2014-07-31,"Sabina Park, Kingston",1,3.2,Antigua Hawksbills,Jamaica Tallawahs,DC Thomas,BR Dunk,JE Taylor,1,0,,,,,,,,,
743167,2014,2014-07-31,"Sabina Park, Kingston",1,3.3,Antigua Hawksbills,Jamaica Tallawahs,BR Dunk,DC Thomas,JE Taylor,1,0,,,,,,,,,
743167,2014,2014-07-31,"Sabina Park, Kingston",1,3.4,Antigua Hawksbills,Jamaica Tallawahs,DC Thomas,BR Dunk,JE Taylor,0,0,,,,,,,,,
743167,2014,2014-07-31,"Sabina Park, Kingston",1,3.5,Antigua Hawksbills,Jamaica Tallawahs,DC Thomas,BR Dunk,JE Taylor,0,0,,,,,,,,,
743167,2014,2014-07-31,"Sabina Park, Kingston",1,3.6,Antigua Hawksbills,Jamaica Tallawahs,DC Thomas,BR Dunk,JE Taylor,0,0,,,,,,bowled,DC Thomas,,
743167,2014,2014-07-31,"Sabina Park, Kingston",1,4.1,Antigua Hawksbills,Jamaica Tallawahs,BR Dunk,MN Samuels,J Theron,4,0,,,,,,,,,
743167,2014,2014-07-31,"Sabina Park, Kingston",1,4.2,Antigua Hawksbills,Jamaica Tallawahs,BR Dunk,MN Samuels,J Theron,1,0,,,,,,,,,
743167,2014,2014-07-31,"Sabina Park, Kingston",1,4.3,Antigua Hawksbills,Jamaica Tallawahs,MN Samuels,BR Dunk,J Theron,1,0,,,,,,,,,
743167,2014,2014-07-31,"Sabina Park, Kingston",1,4.4,Antigua Hawksbills,Jamaica Tallawahs,BR Dunk,MN Samuels,J Theron,1,0,,,,,,,,,
743167,2014,2014-07-31,"Sabina Park, Kingston",1,4.5,Antigua Hawksbills,Jamaica Tallawahs,MN Samuels,BR Dunk,J Theron,0,0,,,,,,,,,
743167,2014,2014-07-31,"Sabina Park, Kingston",1,4.6,Antigua Hawksbills,Jamaica Tallawahs,MN Samuels,BR Dunk,J Theron,0,0,,,,,,,,,
743167,2014,2014-07-31,"Sabina Park, Kingston",1,5.1,Antigua Hawksbills,Jamaica Tallawahs,BR Dunk,MN Samuels,JE Taylor,2,0,,,,,,,,,
743167,2014,2014-07-31,"Sabina Park, Kingston",1,5.2,Antigua Hawksbills,Jamaica Tallawahs,BR Dunk,MN Samuels,JE Taylor,1,0,,,,,,,,,
743167,2014,2014-07-31,"Sabina Park, Kingston",1,5.3,Antigua Hawksbills,Jamaica Tallawahs,MN Samuels,BR Dunk,JE Taylor,0,5,5,,,,,,,,
743167,2014,2014-07-31,"Sabina Park, Kingston",1,5.4,Antigua Hawksbills,Jamaica Tallawahs,MN Samuels,BR Dunk,JE Taylor,1,0,,,,,,,,,
743167,2014,2014-07-31,"Sabina Park, Kingston",1,5.5,Antigua Hawksbills,Jamaica Tallawahs,BR Dunk,MN Samuels,JE Taylor,1,0,,,,,,,,,
743167,2014,2014-07-31,"Sabina Park, Kingston",1,5.6,Antigua Hawksbills,Jamaica Tallawahs,MN Samuels,BR Dunk,JE Taylor,0,0,,,,,,caught,MN Samuels,,
743167,2014,2014-07-31,"Sabina Park, Kingston",1,5.7,Antigua Hawksbills,Jamaica Tallawahs,BR Dunk,RRS Cornwall,JE Taylor,0,0,,,,,,,,,
743167,2014,2014-07-31,"Sabina Park, Kingston",1,6.1,Antigua Hawksbills,Jamaica Tallawahs,RRS Cornwall,BR Dunk,J Theron,0,0,,,,,,,,,
743167,2014,2014-07-31,"Sabina Park, Kingston",1,6.2,Antigua Hawksbills,Jamaica Tallawahs,RRS Cornwall,BR Dunk,J Theron,0,0,,,,,,,,,
743167,2014,2014-07-31,"Sabina Park, Kingston",1,6.3,Antigua Hawksbills,Jamaica Tallawahs,RRS Cornwall,BR Dunk,J Theron,1,0,,,,,,,,,
743167,2014,2014-07-31,"Sabina Park, Kingston",1,6.4,Antigua Hawksbills,Jamaica Tallawahs,BR Dunk,RRS Cornwall,J Theron,0,0,,,,,,,,,
743167,2014,2014-07-31,"Sabina Park, Kingston",1,6.5,Antigua Hawksbills,Jamaica Tallawahs,BR Dunk,RRS Cornwall,J Theron,0,0,,,,,,,,,
743167,2014,2014-07-31,"Sabina Park, Kingston",1,6.6,Antigua Hawksbills,Jamaica Tallawahs,BR Dunk,RRS Cornwall,J Theron,0,0,,,,,,,,,
743167,2014,2014-07-31,"Sabina Park, Kingston",1,7.1,Antigua Hawksbills,Jamaica Tallawahs,RRS Cornwall,BR Dunk,JE Taylor,0,0,,,,,,lbw,RRS Cornwall,,
743167,2014,2014-07-31,"Sabina Park, Kingston",1,7.2,Antigua Hawksbills,Jamaica Tallawahs,DJ Hussey,BR Dunk,JE Taylor,0,0,,,,,,,,,
743167,2014,2014-07-31,"Sabina Park, Kingston",1,7.3,Antigua Hawksbills,Jamaica Tallawahs,DJ Hussey,BR Dunk,JE Taylor,1,0,,,,,,,,,
743167,2014,2014-07-31,"Sabina Park, Kingston",1,7.4,Antigua Hawksbills,Jamaica Tallawahs,BR Dunk,DJ Hussey,JE Taylor,0,0,,,,,,caught and bowled,BR Dunk,,
743167,2014,2014-07-31,"Sabina Park, Kingston",1,7.5,Antigua Hawksbills,Jamaica Tallawahs,DP Hyatt,DJ Hussey,JE Taylor,0,0,,,,,,,,,
743167,2014,2014-07-31,"Sabina Park, Kingston",1,7.6,Antigua Hawksbills,Jamaica Tallawahs,DP Hyatt,DJ Hussey,JE Taylor,4,0,,,,,,,,,
743167,2014,2014-07-31,"Sabina Park, Kingston",1,8.1,Antigua Hawksbills,Jamaica Tallawahs,DJ Hussey,DP Hyatt,DL Vettori,1,0,,,,,,,,,
743167,2014,2014-07-31,"Sabina Park, Kingston",1,8.2,Antigua Hawksbills,Jamaica Tallawahs,DP Hyatt,DJ Hussey,DL Vettori,0,0,,,,,,,,,
743167,2014,2014-07-31,"Sabina Park, Kingston",1,8.3,Antigua Hawksbills,Jamaica Tallawahs,DP Hyatt,DJ Hussey,DL Vettori,0,0,,,,,,run out,DJ Hussey,,
743167,2014,2014-07-31,"Sabina Park, Kingston",1,8.4,Antigua Hawksbills,Jamaica Tallawahs,DP Hyatt,SE Thomas,DL Vettori,0,0,,,,,,,,,
743167,2014,2014-07-31,"Sabina Park, Kingston",1,8.5,Antigua Hawksbills,Jamaica Tallawahs,DP Hyatt,SE Thomas,DL Vettori,1,0,,,,,,,,,
743167,2014,2014-07-31,"Sabina Park, Kingston",1,8.6,Antigua Hawksbills,Jamaica Tallawahs,SE Thomas,DP Hyatt,DL Vettori,0,0,,,,,,,,,
743167,2014,2014-07-31,"Sabina Park, Kingston",1,9.1,Antigua Hawksbills,Jamaica Tallawahs,DP Hyatt,SE Thomas,NO Miller,1,0,,,,,,,,,
743167,2014,2014-07-31,"Sabina Park, Kingston",1,9.2,Antigua Hawksbills,Jamaica Tallawahs,SE Thomas,DP Hyatt,NO Miller,1,0,,,,,,,,,
743167,2014,2014-07-31,"Sabina Park, Kingston",1,9.3,Antigua Hawksbills,Jamaica Tallawahs,DP Hyatt,SE Thomas,NO Miller,0,0,,,,,,,,,
743167,2014,2014-07-31,"Sabina Park, Kingston",1,9.4,Antigua Hawksbills,Jamaica Tallawahs,DP Hyatt,SE Thomas,NO Miller,1,0,,,,,,,,,
743167,2014,2014-07-31,"Sabina Park, Kingston",1,9.5,Antigua Hawksbills,Jamaica Tallawahs,SE Thomas,DP Hyatt,NO Miller,1,0,,,,,,,,,
743167,2014,2014-07-31,"Sabina Park, Kingston",1,9.6,Antigua Hawksbills,Jamaica Tallawahs,DP Hyatt,SE Thomas,NO Miller,0,0,,,,,,,,,
743167,2014,2014-07-31,"Sabina Park, Kingston",1,10.1,Antigua Hawksbills,Jamaica Tallawahs,SE Thomas,DP Hyatt,AC Voges,0,0,,,,,,,,,
743167,2014,2014-07-31,"Sabina Park, Kingston",1,10.2,Antigua Hawksbills,Jamaica Tallawahs,SE Thomas,DP Hyatt,AC Voges,0,0,,,,,,,,,
743167,2014,2014-07-31,"Sabina Park, Kingston",1,10.3,Antigua Hawksbills,Jamaica Tallawahs,SE Thomas,DP Hyatt,AC Voges,1,0,,,,,,,,,
743167,2014,2014-07-31,"Sabina Park, Kingston",1,10.4,Antigua Hawksbills,Jamaica Tallawahs,DP Hyatt,SE Thomas,AC Voges,1,0,,,,,,,,,
743167,2014,2014-07-31,"Sabina Park, Kingston",1,10.5,Antigua Hawksbills,Jamaica Tallawahs,SE Thomas,DP Hyatt,AC Voges,0,0,,,,,,,,,
743167,2014,2014-07-31,"Sabina Park, Kingston",1,10.6,Antigua Hawksbills,Jamaica Tallawahs,SE Thomas,DP Hyatt,AC Voges,0,0,,,,,,,,,
743167,2014,2014-07-31,"Sabina Park, Kingston",1,11.1,Antigua Hawksbills,Jamaica Tallawahs,DP Hyatt,SE Thomas,NO Miller,0,0,,,,,,caught,DP Hyatt,,
743167,2014,2014-07-31,"Sabina Park, Kingston",1,11.2,Antigua Hawksbills,Jamaica Tallawahs,SE Thomas,CR Brathwaite,NO Miller,0,0,,,,,,,,,
743167,2014,2014-07-31,"Sabina Park, Kingston",1,11.3,Antigua Hawksbills,Jamaica Tallawahs,SE Thomas,CR Brathwaite,NO Miller,0,0,,,,,,,,,
743167,2014,2014-07-31,"Sabina Park, Kingston",1,11.4,Antigua Hawksbills,Jamaica Tallawahs,SE Thomas,CR Brathwaite,NO Miller,0,0,,,,,,,,,
743167,2014,2014-07-31,"Sabina Park, Kingston",1,11.5,Antigua Hawksbills,Jamaica Tallawahs,SE Thomas,CR Brathwaite,NO Miller,1,0,,,,,,,,,
743167,2014,2014-07-31,"Sabina Park, Kingston",1,11.6,Antigua Hawksbills,Jamaica Tallawahs,CR Brathwaite,SE Thomas,NO Miller,0,0,,,,,,,,,
743167,2014,2014-07-31,"Sabina Park, Kingston",1,12.1,Antigua Hawksbills,Jamaica Tallawahs,SE Thomas,CR Brathwaite,AC Voges,6,0,,,,,,,,,
743167,2014,2014-07-31,"Sabina Park, Kingston",1,12.2,Antigua Hawksbills,Jamaica Tallawahs,SE Thomas,CR Brathwaite,AC Voges,1,0,,,,,,,,,
743167,2014,2014-07-31,"Sabina Park, Kingston",1,12.3,Antigua Hawksbills,Jamaica Tallawahs,CR Brathwaite,SE Thomas,AC Voges,1,0,,,,,,,,,
743167,2014,2014-07-31,"Sabina Park, Kingston",1,12.4,Antigua Hawksbills,Jamaica Tallawahs,SE Thomas,CR Brathwaite,AC Voges,1,0,,,,,,,,,
743167,2014,2014-07-31,"Sabina Park, Kingston",1,12.5,Antigua Hawksbills,Jamaica Tallawahs,CR Brathwaite,SE Thomas,AC Voges,1,0,,,,,,,,,
743167,2014,2014-07-31,"Sabina Park, Kingston",1,12.6,Antigua Hawksbills,Jamaica Tallawahs,SE Thomas,CR Brathwaite,AC Voges,0,0,,,,,,,,,
743167,2014,2014-07-31,"Sabina Park, Kingston",1,13.1,Antigua Hawksbills,Jamaica Tallawahs,CR Brathwaite,SE Thomas,NO Miller,1,0,,,,,,,,,
743167,2014,2014-07-31,"Sabina Park, Kingston",1,13.2,Antigua Hawksbills,Jamaica Tallawahs,SE Thomas,CR Brathwaite,NO Miller,0,0,,,,,,,,,
743167,2014,2014-07-31,"Sabina Park, Kingston",1,13.3,Antigua Hawksbills,Jamaica Tallawahs,SE Thomas,CR Brathwaite,NO Miller,0,0,,,,,,,,,
743167,2014,2014-07-31,"Sabina Park, Kingston",1,13.4,Antigua Hawksbills,Jamaica Tallawahs,SE Thomas,CR Brathwaite,NO Miller,0,0,,,,,,caught,SE Thomas,,
743167,2014,2014-07-31,"Sabina Park, Kingston",1,13.5,Antigua Hawksbills,Jamaica Tallawahs,SS Cottrell,CR Brathwaite,NO Miller,0,0,,,,,,,,,
743167,2014,2014-07-31,"Sabina Park, Kingston",1,13.6,Antigua Hawksbills,Jamaica Tallawahs,SS Cottrell,CR Brathwaite,NO Miller,0,0,,,,,,bowled,SS Cottrell,,
743167,2014,2014-07-31,"Sabina Park, Kingston",1,14.1,Antigua Hawksbills,Jamaica Tallawahs,CR Brathwaite,GB Hogg,DL Vettori,0,0,,,,,,,,,
743167,2014,2014-07-31,"Sabina Park, Kingston",1,14.2,Antigua Hawksbills,Jamaica Tallawahs,CR Brathwaite,GB Hogg,DL Vettori,1,0,,,,,,,,,
743167,2014,2014-07-31,"Sabina Park, Kingston",1,14.3,Antigua Hawksbills,Jamaica Tallawahs,GB Hogg,CR Brathwaite,DL Vettori,1,0,,,,,,,,,
743167,2014,2014-07-31,"Sabina Park, Kingston",1,14.4,Antigua Hawksbills,Jamaica Tallawahs,CR Brathwaite,GB Hogg,DL Vettori,4,0,,,,,,,,,
743167,2014,2014-07-31,"Sabina Park, Kingston",1,14.5,Antigua Hawksbills,Jamaica Tallawahs,CR Brathwaite,GB Hogg,DL Vettori,1,0,,,,,,,,,
743167,2014,2014-07-31,"Sabina Park, Kingston",1,14.6,Antigua Hawksbills,Jamaica Tallawahs,GB Hogg,CR Brathwaite,DL Vettori,2,0,,,,,,,,,
743167,2014,2014-07-31,"Sabina Park, Kingston",1,15.1,Antigua Hawksbills,Jamaica Tallawahs,CR Brathwaite,GB Hogg,NO Miller,1,0,,,,,,,,,
743167,2014,2014-07-31,"Sabina Park, Kingston",1,15.2,Antigua Hawksbills,Jamaica Tallawahs,GB Hogg,CR Brathwaite,NO Miller,1,0,,,,,,,,,
743167,2014,2014-07-31,"Sabina Park, Kingston",1,15.3,Antigua Hawksbills,Jamaica Tallawahs,CR Brathwaite,GB Hogg,NO Miller,0,0,,,,,,,,,
743167,2014,2014-07-31,"Sabina Park, Kingston",1,15.4,Antigua Hawksbills,Jamaica Tallawahs,CR Brathwaite,GB Hogg,NO Miller,6,0,,,,,,,,,
743167,2014,2014-07-31,"Sabina Park, Kingston",1,15.5,Antigua Hawksbills,Jamaica Tallawahs,CR Brathwaite,GB Hogg,NO Miller,1,0,,,,,,,,,
743167,2014,2014-07-31,"Sabina Park, Kingston",1,15.6,Antigua Hawksbills,Jamaica Tallawahs,GB Hogg,CR Brathwaite,NO Miller,2,0,,,,,,,,,
743167,2014,2014-07-31,"Sabina Park, Kingston",1,16.1,Antigua Hawksbills,Jamaica Tallawahs,CR Brathwaite,GB Hogg,J Theron,1,0,,,,,,,,,
743167,2014,2014-07-31,"Sabina Park, Kingston",1,16.2,Antigua Hawksbills,Jamaica Tallawahs,GB Hogg,CR Brathwaite,J Theron,1,0,,,,,,,,,
743167,2014,2014-07-31,"Sabina Park, Kingston",1,16.3,Antigua Hawksbills,Jamaica Tallawahs,CR Brathwaite,GB Hogg,J Theron,1,0,,,,,,,,,
743167,2014,2014-07-31,"Sabina Park, Kingston",1,16.4,Antigua Hawksbills,Jamaica Tallawahs,GB Hogg,CR Brathwaite,J Theron,1,0,,,,,,,,,
743167,2014,2014-07-31,"Sabina Park, Kingston",1,16.5,Antigua Hawksbills,Jamaica Tallawahs,CR Brathwaite,GB Hogg,J Theron,4,0,,,,,,,,,
743167,2014,2014-07-31,"Sabina Park, Kingston",1,16.6,Antigua Hawksbills,Jamaica Tallawahs,CR Brathwaite,GB Hogg,J Theron,1,0,,,,,,run out,CR Brathwaite,,
743167,2014,2014-07-31,"Sabina Park, Kingston",2,0.1,Jamaica Tallawahs,Antigua Hawksbills,CAK Walton,CH Gayle,MN Samuels,4,0,,,,,,,,,
743167,2014,2014-07-31,"Sabina Park, Kingston",2,0.2,Jamaica Tallawahs,Antigua Hawksbills,CAK Walton,CH Gayle,MN Samuels,2,0,,,,,,,,,
743167,2014,2014-07-31,"Sabina Park, Kingston",2,0.3,Jamaica Tallawahs,Antigua Hawksbills,CAK Walton,CH Gayle,MN Samuels,0,0,,,,,,,,,
743167,2014,2014-07-31,"Sabina Park, Kingston",2,0.4,Jamaica Tallawahs,Antigua Hawksbills,CAK Walton,CH Gayle,MN Samuels,0,0,,,,,,,,,
743167,2014,2014-07-31,"Sabina Park, Kingston",2,0.5,Jamaica Tallawahs,Antigua Hawksbills,CAK Walton,CH Gayle,MN Samuels,0,0,,,,,,,,,
743167,2014,2014-07-31,"Sabina Park, Kingston",2,0.6,Jamaica Tallawahs,Antigua Hawksbills,CAK Walton,CH Gayle,MN Samuels,0,0,,,,,,,,,
743167,2014,2014-07-31,"Sabina Park, Kingston",2,1.1,Jamaica Tallawahs,Antigua Hawksbills,CH Gayle,CAK Walton,SS Cottrell,0,0,,,,,,,,,
743167,2014,2014-07-31,"Sabina Park, Kingston",2,1.2,Jamaica Tallawahs,Antigua Hawksbills,CH Gayle,CAK Walton,SS Cottrell,0,0,,,,,,,,,
743167,2014,2014-07-31,"Sabina Park, Kingston",2,1.3,Jamaica Tallawahs,Antigua Hawksbills,CH Gayle,CAK Walton,SS Cottrell,1,0,,,,,,,,,
743167,2014,2014-07-31,"Sabina Park, Kingston",2,1.4,Jamaica Tallawahs,Antigua Hawksbills,CAK Walton,CH Gayle,SS Cottrell,0,0,,,,,,,,,
743167,2014,2014-07-31,"Sabina Park, Kingston",2,1.5,Jamaica Tallawahs,Antigua Hawksbills,CAK Walton,CH Gayle,SS Cottrell,0,0,,,,,,,,,
743167,2014,2014-07-31,"Sabina Park, Kingston",2,1.6,Jamaica Tallawahs,Antigua Hawksbills,CAK Walton,CH Gayle,SS Cottrell,0,0,,,,,,,,,
743167,2014,2014-07-31,"Sabina Park, Kingston",2,2.1,Jamaica Tallawahs,Antigua Hawksbills,CH Gayle,CAK Walton,MN Samuels,0,0,,,,,,,,,
743167,2014,2014-07-31,"Sabina Park, Kingston",2,2.2,Jamaica Tallawahs,Antigua Hawksbills,CH Gayle,CAK Walton,MN Samuels,0,0,,,,,,,,,
743167,2014,2014-07-31,"Sabina Park, Kingston",2,2.3,Jamaica Tallawahs,Antigua Hawksbills,CH Gayle,CAK Walton,MN Samuels,0,0,,,,,,,,,
743167,2014,2014-07-31,"Sabina Park, Kingston",2,2.4,Jamaica Tallawahs,Antigua Hawksbills,CH Gayle,CAK Walton,MN Samuels,0,0,,,,,,,,,
743167,2014,2014-07-31,"Sabina Park, Kingston",2,2.5,Jamaica Tallawahs,Antigua Hawksbills,CH Gayle,CAK Walton,MN Samuels,0,0,,,,,,,,,
743167,2014,2014-07-31,"Sabina Park, Kingston",2,2.6,Jamaica Tallawahs,Antigua Hawksbills,CH Gayle,CAK Walton,MN Samuels,2,0,,,,,,,,,
743167,2014,2014-07-31,"Sabina Park, Kingston",2,3.1,Jamaica Tallawahs,Antigua Hawksbills,CAK Walton,CH Gayle,SS Cottrell,0,0,,,,,,,,,
743167,2014,2014-07-31,"Sabina Park, Kingston",2,3.2,Jamaica Tallawahs,Antigua Hawksbills,CAK Walton,CH Gayle,SS Cottrell,4,0,,,,,,,,,
743167,2014,2014-07-31,"Sabina Park, Kingston",2,3.3,Jamaica Tallawahs,Antigua Hawksbills,CAK Walton,CH Gayle,SS Cottrell,1,0,,,,,,,,,
743167,2014,2014-07-31,"Sabina Park, Kingston",2,3.4,Jamaica Tallawahs,Antigua Hawksbills,CH Gayle,CAK Walton,SS Cottrell,1,0,,,,,,,,,
743167,2014,2014-07-31,"Sabina Park, Kingston",2,3.5,Jamaica Tallawahs,Antigua Hawksbills,CAK Walton,CH Gayle,SS Cottrell,0,0,,,,,,,,,
743167,2014,2014-07-31,"Sabina Park, Kingston",2,3.6,Jamaica Tallawahs,Antigua Hawksbills,CAK Walton,CH Gayle,SS Cottrell,1,0,,,,,,,,,
743167,2014,2014-07-31,"Sabina Park, Kingston",2,4.1,Jamaica Tallawahs,Antigua Hawksbills,CAK Walton,CH Gayle,MN Samuels,1,0,,,,,,,,,
743167,2014,2014-07-31,"Sabina Park, Kingston",2,4.2,Jamaica Tallawahs,Antigua Hawksbills,CH Gayle,CAK Walton,MN Samuels,0,0,,,,,,,,,
743167,2014,2014-07-31,"Sabina Park, Kingston",2,4.3,Jamaica Tallawahs,Antigua Hawksbills,CH Gayle,CAK Walton,MN Samuels,1,0,,,,,,,,,
743167,2014,2014-07-31,"Sabina Park, Kingston",2,4.4,Jamaica Tallawahs,Antigua Hawksbills,CAK Walton,CH Gayle,MN Samuels,0,0,,,,,,,,,
743167,2014,2014-07-31,"Sabina Park, Kingston",2,4.5,Jamaica Tallawahs,Antigua Hawksbills,CAK Walton,CH Gayle,MN Samuels,0,0,,,,,,,,,
743167,2014,2014-07-31,"Sabina Park, Kingston",2,4.6,Jamaica Tallawahs,Antigua Hawksbills,CAK Walton,CH Gayle,MN Samuels,0,0,,,,,,,,,
743167,2014,2014-07-31,"Sabina Park, Kingston",2,5.1,Jamaica Tallawahs,Antigua Hawksbills,CH Gayle,CAK Walton,CR Brathwaite,0,0,,,,,,,,,
743167,2014,2014-07-31,"Sabina Park, Kingston",2,5.2,Jamaica Tallawahs,Antigua Hawksbills,CH Gayle,CAK Walton,CR Brathwaite,6,0,,,,,,,,,
743167,2014,2014-07-31,"Sabina Park, Kingston",2,5.3,Jamaica Tallawahs,Antigua Hawksbills,CH Gayle,CAK Walton,CR Brathwaite,6,0,,,,,,,,,
743167,2014,2014-07-31,"Sabina Park, Kingston",2,5.4,Jamaica Tallawahs,Antigua Hawksbills,CH Gayle,CAK Walton,CR Brathwaite,0,0,,,,,,,,,
743167,2014,2014-07-31,"Sabina Park, Kingston",2,5.5,Jamaica Tallawahs,Antigua Hawksbills,CH Gayle,CAK Walton,CR Brathwaite,4,0,,,,,,,,,
743167,2014,2014-07-31,"Sabina Park, Kingston",2,5.6,Jamaica Tallawahs,Antigua Hawksbills,CH Gayle,CAK Walton,CR Brathwaite,0,0,,,,,,,,,
743167,2014,2014-07-31,"Sabina Park, Kingston",2,6.1,Jamaica Tallawahs,Antigua Hawksbills,CAK Walton,CH Gayle,MN Samuels,0,1,1,,,,,,,,
743167,2014,2014-07-31,"Sabina Park, Kingston",2,6.2,Jamaica Tallawahs,Antigua Hawksbills,CAK Walton,CH Gayle,MN Samuels,0,0,,,,,,,,,
743167,2014,2014-07-31,"Sabina Park, Kingston",2,6.3,Jamaica Tallawahs,Antigua Hawksbills,CAK Walton,CH Gayle,MN Samuels,0,0,,,,,,,,,
743167,2014,2014-07-31,"Sabina Park, Kingston",2,6.4,Jamaica Tallawahs,Antigua Hawksbills,CAK Walton,CH Gayle,MN Samuels,1,0,,,,,,,,,
743167,2014,2014-07-31,"Sabina Park, Kingston",2,6.5,Jamaica Tallawahs,Antigua Hawksbills,CH Gayle,CAK Walton,MN Samuels,1,0,,,,,,,,,
743167,2014,2014-07-31,"Sabina Park, Kingston",2,6.6,Jamaica Tallawahs,Antigua Hawksbills,CAK Walton,CH Gayle,MN Samuels,0,0,,,,,,,,,
743167,2014,2014-07-31,"Sabina Park, Kingston",2,6.7,Jamaica Tallawahs,Antigua Hawksbills,CAK Walton,CH Gayle,MN Samuels,0,0,,,,,,,,,
743167,2014,2014-07-31,"Sabina Park, Kingston",2,7.1,Jamaica Tallawahs,Antigua Hawksbills,CH Gayle,CAK Walton,B Laughlin,0,1,1,,,,,,,,
743167,2014,2014-07-31,"Sabina Park, Kingston",2,7.2,Jamaica Tallawahs,Antigua Hawksbills,CH Gayle,CAK Walton,B Laughlin,0,1,1,,,,,,,,
743167,2014,2014-07-31,"Sabina Park, Kingston",2,7.3,Jamaica Tallawahs,Antigua Hawksbills,CH Gayle,CAK Walton,B Laughlin,0,0,,,,,,,,,
743167,2014,2014-07-31,"Sabina Park, Kingston",2,7.4,Jamaica Tallawahs,Antigua Hawksbills,CH Gayle,CAK Walton,B Laughlin,4,0,,,,,,,,,
743167,2014,2014-07-31,"Sabina Park, Kingston",2,7.5,Jamaica Tallawahs,Antigua Hawksbills,CH Gayle,CAK Walton,B Laughlin,1,0,,,,,,,,,
743167,2014,2014-07-31,"Sabina Park, Kingston",2,7.6,Jamaica Tallawahs,Antigua Hawksbills,CAK Walton,CH Gayle,B Laughlin,0,0,,,,,,lbw,CAK Walton,,
743167,2014,2014-07-31,"Sabina Park, Kingston",2,7.7,Jamaica Tallawahs,Antigua Hawksbills,J Blackwood,CH Gayle,B Laughlin,0,0,,,,,,,,,
743167,2014,2014-07-31,"Sabina Park, Kingston",2,7.8,Jamaica Tallawahs,Antigua Hawksbills,J Blackwood,CH Gayle,B Laughlin,1,0,,,,,,,,,
743167,2014,2014-07-31,"Sabina Park, Kingston",2,8.1,Jamaica Tallawahs,Antigua Hawksbills,J Blackwood,CH Gayle,RRS Cornwall,0,0,,,,,,,,,
743167,2014,2014-07-31,"Sabina Park, Kingston",2,8.2,Jamaica Tallawahs,Antigua Hawksbills,J Blackwood,CH Gayle,RRS Cornwall,0,0,,,,,,,,,
743167,2014,2014-07-31,"Sabina Park, Kingston",2,8.3,Jamaica Tallawahs,Antigua Hawksbills,J Blackwood,CH Gayle,RRS Cornwall,0,0,,,,,,,,,
743167,2014,2014-07-31,"Sabina Park, Kingston",2,8.4,Jamaica Tallawahs,Antigua Hawksbills,J Blackwood,CH Gayle,RRS Cornwall,1,0,,,,,,,,,
743167,2014,2014-07-31,"Sabina Park, Kingston",2,8.5,Jamaica Tallawahs,Antigua Hawksbills,CH Gayle,J Blackwood,RRS Cornwall,1,0,,,,,,,,,
743167,2014,2014-07-31,"Sabina Park, Kingston",2,8.6,Jamaica Tallawahs,Antigua Hawksbills,J Blackwood,CH Gayle,RRS Cornwall,1,0,,,,,,,,,
743167,2014,2014-07-31,"Sabina Park, Kingston",2,9.1,Jamaica Tallawahs,Antigua Hawksbills,J Blackwood,CH Gayle,SS Cottrell,0,0,,,,,,,,,
743167,2014,2014-07-31,"Sabina Park, Kingston",2,9.2,Jamaica Tallawahs,Antigua Hawksbills,J Blackwood,CH Gayle,SS Cottrell,0,0,,,,,,,,,
743167,2014,2014-07-31,"Sabina Park, Kingston",2,9.3,Jamaica Tallawahs,Antigua Hawksbills,J Blackwood,CH Gayle,SS Cottrell,6,0,,,,,,,,,
743167,2014,2014-07-31,"Sabina Park, Kingston",2,9.4,Jamaica Tallawahs,Antigua Hawksbills,J Blackwood,CH Gayle,SS Cottrell,1,0,,,,,,,,,
743167,2014,2014-07-31,"Sabina Park, Kingston",2,9.5,Jamaica Tallawahs,Antigua Hawksbills,CH Gayle,J Blackwood,SS Cottrell,1,0,,,,,,,,,
743167,2014,2014-07-31,"Sabina Park, Kingston",2,9.6,Jamaica Tallawahs,Antigua Hawksbills,J Blackwood,CH Gayle,SS Cottrell,1,0,,,,,,,,,
743167,2014,2014-07-31,"Sabina Park, Kingston",2,10.1,Jamaica Tallawahs,Antigua Hawksbills,J Blackwood,CH Gayle,RRS Cornwall,0,0,,,,,,,,,
743167,2014,2014-07-31,"Sabina Park, Kingston",2,10.2,Jamaica Tallawahs,Antigua Hawksbills,J Blackwood,CH Gayle,RRS Cornwall,0,0,,,,,,,,,
743167,2014,2014-07-31,"Sabina Park, Kingston",2,10.3,Jamaica Tallawahs,Antigua Hawksbills,J Blackwood,CH Gayle,RRS Cornwall,0,0,,,,,,stumped,J Blackwood,,
743167,2014,2014-07-31,"Sabina Park, Kingston",2,10.4,Jamaica Tallawahs,Antigua Hawksbills,AD Russell,CH Gayle,RRS Cornwall,0,0,,,,,,,,,
743167,2014,2014-07-31,"Sabina Park, Kingston",2,10.5,Jamaica Tallawahs,Antigua Hawksbills,AD Russell,CH Gayle,RRS Cornwall,0,0,,,,,,,,,
743167,2014,2014-07-31,"Sabina Park, Kingston",2,10.6,Jamaica Tallawahs,Antigua Hawksbills,AD Russell,CH Gayle,RRS Cornwall,1,0,,,,,,,,,
743167,2014,2014-07-31,"Sabina Park, Kingston",2,11.1,Jamaica Tallawahs,Antigua Hawksbills,AD Russell,CH Gayle,B Laughlin,0,0,,,,,,caught,AD Russell,,
743167,2014,2014-07-31,"Sabina Park, Kingston",2,11.2,Jamaica Tallawahs,Antigua Hawksbills,AC Voges,CH Gayle,B Laughlin,0,0,,,,,,,,,
743167,2014,2014-07-31,"Sabina Park, Kingston",2,11.3,Jamaica Tallawahs,Antigua Hawksbills,AC Voges,CH Gayle,B Laughlin,1,0,,,,,,,,,
743167,2014,2014-07-31,"Sabina Park, Kingston",2,11.4,Jamaica Tallawahs,Antigua Hawksbills,CH Gayle,AC Voges,B Laughlin,1,0,,,,,,,,,
743167,2014,2014-07-31,"Sabina Park, Kingston",2,11.5,Jamaica Tallawahs,Antigua Hawksbills,AC Voges,CH Gayle,B Laughlin,1,0,,,,,,,,,
743167,2014,2014-07-31,"Sabina Park, Kingston",2,11.6,Jamaica Tallawahs,Antigua Hawksbills,CH Gayle,AC Voges,B Laughlin,1,0,,,,,,,,,
743167,2014,2014-07-31,"Sabina Park, Kingston",2,12.1,Jamaica Tallawahs,Antigua Hawksbills,CH Gayle,AC Voges,RRS Cornwall,6,0,,,,,,,,,
743167,2014,2014-07-31,"Sabina Park, Kingston",2,12.2,Jamaica Tallawahs,Antigua Hawksbills,CH Gayle,AC Voges,RRS Cornwall,0,0,,,,,,,,,
743167,2014,2014-07-31,"Sabina Park, Kingston",2,12.3,Jamaica Tallawahs,Antigua Hawksbills,CH Gayle,AC Voges,RRS Cornwall,0,0,,,,,,,,,
743167,2014,2014-07-31,"Sabina Park, Kingston",2,12.4,Jamaica Tallawahs,Antigua Hawksbills,CH Gayle,AC Voges,RRS Cornwall,6,0,,,,,,,,,
743167,2014,2014-07-31,"Sabina Park, Kingston",2,12.5,Jamaica Tallawahs,Antigua Hawksbills,CH Gayle,AC Voges,RRS Cornwall,1,0,,,,,,,,,
743167,2014,2014-07-31,"Sabina Park, Kingston",2,12.6,Jamaica Tallawahs,Antigua Hawksbills,AC Voges,CH Gayle,RRS Cornwall,0,0,,,,,,,,,
743167,2014,2014-07-31,"Sabina Park, Kingston",2,13.1,Jamaica Tallawahs,Antigua Hawksbills,CH Gayle,AC Voges,B Laughlin,6,0,,,,,,,,,
743167,2014,2014-07-31,"Sabina Park, Kingston",2,13.2,Jamaica Tallawahs,Antigua Hawksbills,CH Gayle,AC Voges,B Laughlin,1,0,,,,,,,,,
743167,2014,2014-07-31,"Sabina Park, Kingston",2,13.3,Jamaica Tallawahs,Antigua Hawksbills,AC Voges,CH Gayle,B Laughlin,1,0,,,,,,,,,
743167,2014,2014-07-31,"Sabina Park, Kingston",2,13.4,Jamaica Tallawahs,Antigua Hawksbills,CH Gayle,AC Voges,B Laughlin,0,0,,,,,,,,,
743167,2014,2014-07-31,"Sabina Park, Kingston",2,13.5,Jamaica Tallawahs,Antigua Hawksbills,CH Gayle,AC Voges,B Laughlin,2,0,,,,,,,,,
743167,2014,2014-07-31,"Sabina Park, Kingston",2,13.6,Jamaica Tallawahs,Antigua Hawksbills,CH Gayle,AC Voges,B Laughlin,6,0,,,,,,,,,
