match_id,season,start_date,venue,innings,ball,batting_team,bowling_team,striker,non_striker,bowler,runs_off_bat,extras,wides,noballs,byes,legbyes,penalty,wicket_type,player_dismissed,other_wicket_type,other_player_dismissed
743175,2014,2014-08-03,"Sabina Park, Kingston",1,0.1,Jamaica Tallawahs,Barbados Tridents,CAK Walton,CH Gayle,RR Emrit,4,0,,,,,,,,,
743175,2014,2014-08-03,"Sabina Park, Kingston",1,0.2,Jamaica Tallawahs,Barbados Tridents,CAK Walton,CH Gayle,RR Emrit,1,0,,,,,,,,,
743175,2014,2014-08-03,"Sabina Park, Kingston",1,0.3,Jamaica Tallawahs,Barbados Tridents,CH Gayle,CAK Walton,RR Emrit,0,0,,,,,,,,,
743175,2014,2014-08-03,"Sabina Park, Kingston",1,0.4,Jamaica Tallawahs,Barbados Tridents,CH Gayle,CAK Walton,RR Emrit,0,0,,,,,,,,,
743175,2014,2014-08-03,"Sabina Park, Kingston",1,0.5,Jamaica Tallawahs,Barbados Tridents,CH Gayle,CAK Walton,RR Emrit,0,0,,,,,,,,,
743175,2014,2014-08-03,"Sabina Park, Kingston",1,0.6,Jamaica Tallawahs,Barbados Tridents,CH Gayle,CAK Walton,RR Emrit,0,0,,,,,,,,,
743175,2014,2014-08-03,"Sabina Park, Kingston",1,1.1,Jamaica Tallawahs,Barbados Tridents,CAK Walton,CH Gayle,Shoaib Malik,0,1,1,,,,,,,,
743175,2014,2014-08-03,"Sabina Park, Kingston",1,1.2,Jamaica Tallawahs,Barbados Tridents,CAK Walton,CH Gayle,Shoaib Malik,0,0,,,,,,,,,
743175,2014,2014-08-03,"Sabina Park, Kingston",1,1.3,Jamaica Tallawahs,Barbados Tridents,CAK Walton,CH Gayle,Shoaib Malik,0,0,,,,,,,,,
743175,2014,2014-08-03,"Sabina Park, Kingston",1,1.4,Jamaica Tallawahs,Barbados Tridents,CAK Walton,CH Gayle,Shoaib Malik,4,0,,,,,,,,,
743175,2014,2014-08-03,"Sabina Park, Kingston",1,1.5,Jamaica Tallawahs,Barbados Tridents,CAK Walton,CH Gayle,Shoaib Malik,6,0,,,,,,,,,
743175,2014,2014-08-03,"Sabina Park, Kingston",1,1.6,Jamaica Tallawahs,Barbados Tridents,CAK Walton,CH Gayle,Shoaib Malik,0,2,,,,2,,,,,
743175,2014,2014-08-03,"Sabina Park, Kingston",1,1.7,Jamaica Tallawahs,Barbados Tridents,CAK Walton,CH Gayle,Shoaib Malik,0,0,,,,,,,,,
743175,2014,2014-08-03,"Sabina Park, Kingston",1,2.1,Jamaica Tallawahs,Barbados Tridents,CH Gayle,CAK Walton,JO Holder,1,0,,,,,,,,,
743175,2014,2014-08-03,"Sabina Park, Kingston",1,2.2,Jamaica Tallawahs,Barbados Tridents,CAK Walton,CH Gayle,JO Holder,0,0,,,,,,,,,
743175,2014,2014-08-03,"Sabina Park, Kingston",1,2.3,Jamaica Tallawahs,Barbados Tridents,CAK Walton,CH Gayle,JO Holder,0,0,,,,,,,,,
743175,2014,2014-08-03,"Sabina Park, Kingston",1,2.4,Jamaica Tallawahs,Barbados Tridents,CAK Walton,CH Gayle,JO Holder,4,0,,,,,,,,,
743175,2014,2014-08-03,"Sabina Park, Kingston",1,2.5,Jamaica Tallawahs,Barbados Tridents,CAK Walton,CH Gayle,JO Holder,0,0,,,,,,,,,
743175,2014,2014-08-03,"Sabina Park, Kingston",1,2.6,Jamaica Tallawahs,Barbados Tridents,CAK Walton,CH Gayle,JO Holder,0,0,,,,,,,,,
743175,2014,2014-08-03,"Sabina Park, Kingston",1,3.1,Jamaica Tallawahs,Barbados Tridents,CH Gayle,CAK Walton,AR Nurse,4,0,,,,,,,,,
743175,2014,2014-08-03,"Sabina Park, Kingston",1,3.2,Jamaica Tallawahs,Barbados Tridents,CH Gayle,CAK Walton,AR Nurse,1,0,,,,,,,,,
743175,2014,2014-08-03,"Sabina Park, Kingston",1,3.3,Jamaica Tallawahs,Barbados Tridents,CAK Walton,CH Gayle,AR Nurse,0,1,1,,,,,,,,
743175,2014,2014-08-03,"Sabina Park, Kingston",1,3.4,Jamaica Tallawahs,Barbados Tridents,CAK Walton,CH Gayle,AR Nurse,4,0,,,,,,,,,
743175,2014,2014-08-03,"Sabina Park, Kingston",1,3.5,Jamaica Tallawahs,Barbados Tridents,CAK Walton,CH Gayle,AR Nurse,1,0,,,,,,,,,
743175,2014,2014-08-03,"Sabina Park, Kingston",1,3.6,Jamaica Tallawahs,Barbados Tridents,CH Gayle,CAK Walton,AR Nurse,0,0,,,,,,,,,
743175,2014,2014-08-03,"Sabina Park, Kingston",1,3.7,Jamaica Tallawahs,Barbados Tridents,CH Gayle,CAK Walton,AR Nurse,0,0,,,,,,,,,
743175,2014,2014-08-03,"Sabina Park, Kingston",1,4.1,Jamaica Tallawahs,Barbados Tridents,CAK Walton,CH Gayle,JO Holder,0,0,,,,,,,,,
743175,2014,2014-08-03,"Sabina Park, Kingston",1,4.2,Jamaica Tallawahs,Barbados Tridents,CAK Walton,CH Gayle,JO Holder,0,0,,,,,,,,,
743175,2014,2014-08-03,"Sabina Park, Kingston",1,4.3,Jamaica Tallawahs,Barbados Tridents,CAK Walton,CH Gayle,JO Holder,0,0,,,,,,,,,
743175,2014,2014-08-03,"Sabina Park, Kingston",1,4.4,Jamaica Tallawahs,Barbados Tridents,CAK Walton,CH Gayle,JO Holder,0,0,,,,,,,,,
743175,2014,2014-08-03,"Sabina Park, Kingston",1,4.5,Jamaica Tallawahs,Barbados Tridents,CAK Walton,CH Gayle,JO Holder,0,0,,,,,,,,,
743175,2014,2014-08-03,"Sabina Park, Kingston",1,4.6,Jamaica Tallawahs,Barbados Tridents,CAK Walton,CH Gayle,JO Holder,1,0,,,,,,,,,
743175,2014,2014-08-03,"Sabina Park, Kingston",1,5.1,Jamaica Tallawahs,Barbados Tridents,CAK Walton,CH Gayle,R Rampaul,0,0,,,,,,,,,
743175,2014,2014-08-03,"Sabina Park, Kingston",1,5.2,Jamaica Tallawahs,Barbados Tridents,CAK Walton,CH Gayle,R Rampaul,0,0,,,,,,,,,
743175,2014,2014-08-03,"Sabina Park, Kingston",1,5.3,Jamaica Tallawahs,Barbados Tridents,CAK Walton,CH Gayle,R Rampaul,0,0,,,,,,lbw,CAK Walton,,
743175,2014,2014-08-03,"Sabina Park, Kingston",1,5.4,Jamaica Tallawahs,Barbados Tridents,OA Shah,CH Gayle,R Rampaul,0,0,,,,,,,,,
743175,2014,2014-08-03,"Sabina Park, Kingston",1,5.5,Jamaica Tallawahs,Barbados Tridents,OA Shah,CH Gayle,R Rampaul,2,0,,,,,,,,,
743175,2014,2014-08-03,"Sabina Park, Kingston",1,5.6,Jamaica Tallawahs,Barbados Tridents,OA Shah,CH Gayle,R Rampaul,0,0,,,,,,,,,
743175,2014,2014-08-03,"Sabina Park, Kingston",1,6.1,Jamaica Tallawahs,Barbados Tridents,CH Gayle,OA Shah,JO Holder,0,0,,,,,,,,,
743175,2014,2014-08-03,"Sabina Park, Kingston",1,6.2,Jamaica Tallawahs,Barbados Tridents,CH Gayle,OA Shah,JO Holder,0,0,,,,,,,,,
743175,2014,2014-08-03,"Sabina Park, Kingston",1,6.3,Jamaica Tallawahs,Barbados Tridents,CH Gayle,OA Shah,JO Holder,1,0,,,,,,,,,
743175,2014,2014-08-03,"Sabina Park, Kingston",1,6.4,Jamaica Tallawahs,Barbados Tridents,OA Shah,CH Gayle,JO Holder,0,0,,,,,,,,,
743175,2014,2014-08-03,"Sabina Park, Kingston",1,6.5,Jamaica Tallawahs,Barbados Tridents,OA Shah,CH Gayle,JO Holder,0,0,,,,,,,,,
743175,2014,2014-08-03,"Sabina Park, Kingston",1,6.6,Jamaica Tallawahs,Barbados Tridents,OA Shah,CH Gayle,JO Holder,1,0,,,,,,,,,
743175,2014,2014-08-03,"Sabina Park, Kingston",1,7.1,Jamaica Tallawahs,Barbados Tridents,OA Shah,CH Gayle,AR Nurse,2,0,,,,,,,,,
743175,2014,2014-08-03,"Sabina Park, Kingston",1,7.2,Jamaica Tallawahs,Barbados Tridents,OA Shah,CH Gayle,AR Nurse,1,0,,,,,,,,,
743175,2014,2014-08-03,"Sabina Park, Kingston",1,7.3,Jamaica Tallawahs,Barbados Tridents,CH Gayle,OA Shah,AR Nurse,0,5,5,,,,,,,,
743175,2014,2014-08-03,"Sabina Park, Kingston",1,7.4,Jamaica Tallawahs,Barbados Tridents,CH Gayle,OA Shah,AR Nurse,1,0,,,,,,,,,
743175,2014,2014-08-03,"Sabina Park, Kingston",1,7.5,Jamaica Tallawahs,Barbados Tridents,OA Shah,CH Gayle,AR Nurse,0,0,,,,,,,,,
743175,2014,2014-08-03,"Sabina Park, Kingston",1,7.6,Jamaica Tallawahs,Barbados Tridents,OA Shah,CH Gayle,AR Nurse,0,0,,,,,,,,,
743175,2014,2014-08-03,"Sabina Park, Kingston",1,7.7,Jamaica Tallawahs,Barbados Tridents,OA Shah,CH Gayle,AR Nurse,1,0,,,,,,,,,
743175,2014,2014-08-03,"Sabina Park, Kingston",1,8.1,Jamaica Tallawahs,Barbados Tridents,OA Shah,CH Gayle,AJ Hosein,1,0,,,,,,,,,
743175,2014,2014-08-03,"Sabina Park, Kingston",1,8.2,Jamaica Tallawahs,Barbados Tridents,CH Gayle,OA Shah,AJ Hosein,0,1,1,,,,,,,,
743175,2014,2014-08-03,"Sabina Park, Kingston",1,8.3,Jamaica Tallawahs,Barbados Tridents,CH Gayle,OA Shah,AJ Hosein,0,0,,,,,,,,,
743175,2014,2014-08-03,"Sabina Park, Kingston",1,8.4,Jamaica Tallawahs,Barbados Tridents,CH Gayle,OA Shah,AJ Hosein,1,0,,,,,,,,,
743175,2014,2014-08-03,"Sabina Park, Kingston",1,8.5,Jamaica Tallawahs,Barbados Tridents,OA Shah,CH Gayle,AJ Hosein,0,0,,,,,,,,,
743175,2014,2014-08-03,"Sabina Park, Kingston",1,8.6,Jamaica Tallawahs,Barbados Tridents,OA Shah,CH Gayle,AJ Hosein,0,0,,,,,,,,,
743175,2014,2014-08-03,"Sabina Park, Kingston",1,8.7,Jamaica Tallawahs,Barbados Tridents,OA Shah,CH Gayle,AJ Hosein,1,0,,,,,,,,,
743175,2014,2014-08-03,"Sabina Park, Kingston",1,9.1,Jamaica Tallawahs,Barbados Tridents,OA Shah,CH Gayle,Shoaib Malik,0,0,,,,,,,,,
743175,2014,2014-08-03,"Sabina Park, Kingston",1,9.2,Jamaica Tallawahs,Barbados Tridents,OA Shah,CH Gayle,Shoaib Malik,1,0,,,,,,,,,
743175,2014,2014-08-03,"Sabina Park, Kingston",1,9.3,Jamaica Tallawahs,Barbados Tridents,CH Gayle,OA Shah,Shoaib Malik,1,0,,,,,,,,,
743175,2014,2014-08-03,"Sabina Park, Kingston",1,9.4,Jamaica Tallawahs,Barbados Tridents,OA Shah,CH Gayle,Shoaib Malik,1,0,,,,,,,,,
743175,2014,2014-08-03,"Sabina Park, Kingston",1,9.5,Jamaica Tallawahs,Barbados Tridents,CH Gayle,OA Shah,Shoaib Malik,1,0,,,,,,,,,
743175,2014,2014-08-03,"Sabina Park, Kingston",1,9.6,Jamaica Tallawahs,Barbados Tridents,OA Shah,CH Gayle,Shoaib Malik,1,0,,,,,,,,,
743175,2014,2014-08-03,"Sabina Park, Kingston",1,10.1,Jamaica Tallawahs,Barbados Tridents,OA Shah,CH Gayle,RR Emrit,4,0,,,,,,,,,
743175,2014,2014-08-03,"Sabina Park, Kingston",1,10.2,Jamaica Tallawahs,Barbados Tridents,OA Shah,CH Gayle,RR Emrit,1,0,,,,,,,,,
743175,2014,2014-08-03,"Sabina Park, Kingston",1,10.3,Jamaica Tallawahs,Barbados Tridents,CH Gayle,OA Shah,RR Emrit,6,0,,,,,,,,,
743175,2014,2014-08-03,"Sabina Park, Kingston",1,10.4,Jamaica Tallawahs,Barbados Tridents,CH Gayle,OA Shah,RR Emrit,0,0,,,,,,,,,
743175,2014,2014-08-03,"Sabina Park, Kingston",1,10.5,Jamaica Tallawahs,Barbados Tridents,CH Gayle,OA Shah,RR Emrit,0,0,,,,,,,,,
743175,2014,2014-08-03,"Sabina Park, Kingston",1,10.6,Jamaica Tallawahs,Barbados Tridents,CH Gayle,OA Shah,RR Emrit,0,1,1,,,,,,,,
743175,2014,2014-08-03,"Sabina Park, Kingston",1,10.7,Jamaica Tallawahs,Barbados Tridents,CH Gayle,OA Shah,RR Emrit,1,0,,,,,,,,,
743175,2014,2014-08-03,"Sabina Park, Kingston",1,11.1,Jamaica Tallawahs,Barbados Tridents,CH Gayle,OA Shah,Shoaib Malik,1,0,,,,,,,,,
743175,2014,2014-08-03,"Sabina Park, Kingston",1,11.2,Jamaica Tallawahs,Barbados Tridents,OA Shah,CH Gayle,Shoaib Malik,4,0,,,,,,,,,
743175,2014,2014-08-03,"Sabina Park, Kingston",1,11.3,Jamaica Tallawahs,Barbados Tridents,OA Shah,CH Gayle,Shoaib Malik,4,0,,,,,,,,,
743175,2014,2014-08-03,"Sabina Park, Kingston",1,11.4,Jamaica Tallawahs,Barbados Tridents,OA Shah,CH Gayle,Shoaib Malik,0,0,,,,,,,,,
743175,2014,2014-08-03,"Sabina Park, Kingston",1,11.5,Jamaica Tallawahs,Barbados Tridents,OA Shah,CH Gayle,Shoaib Malik,0,0,,,,,,,,,
743175,2014,2014-08-03,"Sabina Park, Kingston",1,11.6,Jamaica Tallawahs,Barbados Tridents,OA Shah,CH Gayle,Shoaib Malik,1,0,,,,,,,,,
743175,2014,2014-08-03,"Sabina Park, Kingston",1,12.1,Jamaica Tallawahs,Barbados Tridents,OA Shah,CH Gayle,R Rampaul,1,0,,,,,,,,,
743175,2014,2014-08-03,"Sabina Park, Kingston",1,12.2,Jamaica Tallawahs,Barbados Tridents,CH Gayle,OA Shah,R Rampaul,0,1,1,,,,,,,,
743175,2014,2014-08-03,"Sabina Park, Kingston",1,12.3,Jamaica Tallawahs,Barbados Tridents,CH Gayle,OA Shah,R Rampaul,1,0,,,,,,,,,
743175,2014,2014-08-03,"Sabina Park, Kingston",1,12.4,Jamaica Tallawahs,Barbados Tridents,OA Shah,CH Gayle,R Rampaul,0,1,,,,1,,,,,
743175,2014,2014-08-03,"Sabina Park, Kingston",1,12.5,Jamaica Tallawahs,Barbados Tridents,CH Gayle,OA Shah,R Rampaul,1,0,,,,,,,,,
743175,2014,2014-08-03,"Sabina Park, Kingston",1,12.6,Jamaica Tallawahs,Barbados Tridents,OA Shah,CH Gayle,R Rampaul,1,0,,,,,,,,,
743175,2014,2014-08-03,"Sabina Park, Kingston",1,12.7,Jamaica Tallawahs,Barbados Tridents,CH Gayle,OA Shah,R Rampaul,1,0,,,,,,,,,
743175,2014,2014-08-03,"Sabina Park, Kingston",1,13.1,Jamaica Tallawahs,Barbados Tridents,CH Gayle,OA Shah,AR Nurse,1,0,,,,,,,,,
743175,2014,2014-08-03,"Sabina Park, Kingston",1,13.2,Jamaica Tallawahs,Barbados Tridents,OA Shah,CH Gayle,AR Nurse,1,0,,,,,,,,,
743175,2014,2014-08-03,"Sabina Park, Kingston",1,13.3,Jamaica Tallawahs,Barbados Tridents,CH Gayle,OA Shah,AR Nurse,0,1,1,,,,,,,,
743175,2014,2014-08-03,"Sabina Park, Kingston",1,13.4,Jamaica Tallawahs,Barbados Tridents,CH Gayle,OA Shah,AR Nurse,0,0,,,,,,,,,
743175,2014,2014-08-03,"Sabina Park, Kingston",1,13.5,Jamaica Tallawahs,Barbados Tridents,CH Gayle,OA Shah,AR Nurse,0,0,,,,,,,,,
743175,2014,2014-08-03,"Sabina Park, Kingston",1,13.6,Jamaica Tallawahs,Barbados Tridents,CH Gayle,OA Shah,AR Nurse,0,0,,,,,,,,,
743175,2014,2014-08-03,"Sabina Park, Kingston",1,13.7,Jamaica Tallawahs,Barbados Tridents,CH Gayle,OA Shah,AR Nurse,2,0,,,,,,,,,
743175,2014,2014-08-03,"Sabina Park, Kingston",1,14.1,Jamaica Tallawahs,Barbados Tridents,OA Shah,CH Gayle,JO Holder,6,0,,,,,,,,,
743175,2014,2014-08-03,"Sabina Park, Kingston",1,14.2,Jamaica Tallawahs,Barbados Tridents,OA Shah,CH Gayle,JO Holder,6,0,,,,,,,,,
743175,2014,2014-08-03,"Sabina Park, Kingston",1,14.3,Jamaica Tallawahs,Barbados Tridents,OA Shah,CH Gayle,JO Holder,1,0,,,,,,,,,
743175,2014,2014-08-03,"Sabina Park, Kingston",1,14.4,Jamaica Tallawahs,Barbados Tridents,CH Gayle,OA Shah,JO Holder,0,1,,,,1,,,,,
743175,2014,2014-08-03,"Sabina Park, Kingston",1,14.5,Jamaica Tallawahs,Barbados Tridents,OA Shah,CH Gayle,JO Holder,0,0,,,,,,,,,
743175,2014,2014-08-03,"Sabina Park, Kingston",1,14.6,Jamaica Tallawahs,Barbados Tridents,OA Shah,CH Gayle,JO Holder,0,0,,,,,,,,,
743175,2014,2014-08-03,"Sabina Park, Kingston",1,15.1,Jamaica Tallawahs,Barbados Tridents,CH Gayle,OA Shah,AR Nurse,6,0,,,,,,,,,
743175,2014,2014-08-03,"Sabina Park, Kingston",1,15.2,Jamaica Tallawahs,Barbados Tridents,CH Gayle,OA Shah,AR Nurse,1,0,,,,,,,,,
743175,2014,2014-08-03,"Sabina Park, Kingston",1,15.3,Jamaica Tallawahs,Barbados Tridents,OA Shah,CH Gayle,AR Nurse,0,0,,,,,,caught,OA Shah,,
743175,2014,2014-08-03,"Sabina Park, Kingston",1,15.4,Jamaica Tallawahs,Barbados Tridents,CH Gayle,AD Russell,AR Nurse,4,0,,,,,,,,,
743175,2014,2014-08-03,"Sabina Park, Kingston",1,15.5,Jamaica Tallawahs,Barbados Tridents,CH Gayle,AD Russell,AR Nurse,1,0,,,,,,,,,
743175,2014,2014-08-03,"Sabina Park, Kingston",1,15.6,Jamaica Tallawahs,Barbados Tridents,AD Russell,CH Gayle,AR Nurse,1,0,,,,,,,,,
743175,2014,2014-08-03,"Sabina Park, Kingston",1,16.1,Jamaica Tallawahs,Barbados Tridents,AD Russell,CH Gayle,R Rampaul,0,0,,,,,,caught,AD Russell,,
743175,2014,2014-08-03,"Sabina Park, Kingston",1,16.2,Jamaica Tallawahs,Barbados Tridents,CH Gayle,AC Voges,R Rampaul,1,0,,,,,,,,,
743175,2014,2014-08-03,"Sabina Park, Kingston",1,16.3,Jamaica Tallawahs,Barbados Tridents,AC Voges,CH Gayle,R Rampaul,0,0,,,,,,lbw,AC Voges,,
743175,2014,2014-08-03,"Sabina Park, Kingston",1,16.4,Jamaica Tallawahs,Barbados Tridents,DE Bernard,CH Gayle,R Rampaul,0,0,,,,,,,,,
743175,2014,2014-08-03,"Sabina Park, Kingston",1,16.5,Jamaica Tallawahs,Barbados Tridents,DE Bernard,CH Gayle,R Rampaul,0,0,,,,,,,,,
743175,2014,2014-08-03,"Sabina Park, Kingston",1,16.6,Jamaica Tallawahs,Barbados Tridents,DE Bernard,CH Gayle,R Rampaul,0,0,,,,,,,,,
743175,2014,2014-08-03,"Sabina Park, Kingston",1,17.1,Jamaica Tallawahs,Barbados Tridents,CH Gayle,DE Bernard,RR Emrit,1,0,,,,,,,,,
743175,2014,2014-08-03,"Sabina Park, Kingston",1,17.2,Jamaica Tallawahs,Barbados Tridents,DE Bernard,CH Gayle,RR Emrit,1,0,,,,,,,,,
743175,2014,2014-08-03,"Sabina Park, Kingston",1,17.3,Jamaica Tallawahs,Barbados Tridents,CH Gayle,DE Bernard,RR Emrit,0,0,,,,,,caught,CH Gayle,,
743175,2014,2014-08-03,"Sabina Park, Kingston",1,17.4,Jamaica Tallawahs,Barbados Tridents,DE Bernard,DL Vettori,RR Emrit,4,0,,,,,,,,,
743175,2014,2014-08-03,"Sabina Park, Kingston",1,17.5,Jamaica Tallawahs,Barbados Tridents,DE Bernard,DL Vettori,RR Emrit,0,0,,,,,,caught,DE Bernard,,
743175,2014,2014-08-03,"Sabina Park, Kingston",1,17.6,Jamaica Tallawahs,Barbados Tridents,DL Vettori,J Theron,RR Emrit,0,0,,,,,,,,,
743175,2014,2014-08-03,"Sabina Park, Kingston",1,18.1,Jamaica Tallawahs,Barbados Tridents,J Theron,DL Vettori,R Rampaul,4,0,,,,,,,,,
743175,2014,2014-08-03,"Sabina Park, Kingston",1,18.2,Jamaica Tallawahs,Barbados Tridents,J Theron,DL Vettori,R Rampaul,4,0,,,,,,,,,
743175,2014,2014-08-03,"Sabina Park, Kingston",1,18.3,Jamaica Tallawahs,Barbados Tridents,J Theron,DL Vettori,R Rampaul,0,0,,,,,,,,,
743175,2014,2014-08-03,"Sabina Park, Kingston",1,18.4,Jamaica Tallawahs,Barbados Tridents,J Theron,DL Vettori,R Rampaul,0,0,,,,,,,,,
743175,2014,2014-08-03,"Sabina Park, Kingston",1,18.5,Jamaica Tallawahs,Barbados Tridents,J Theron,DL Vettori,R Rampaul,1,0,,,,,,,,,
743175,2014,2014-08-03,"Sabina Park, Kingston",1,18.6,Jamaica Tallawahs,Barbados Tridents,DL Vettori,J Theron,R Rampaul,0,0,,,,,,caught,DL Vettori,,
743175,2014,2014-08-03,"Sabina Park, Kingston",1,19.1,Jamaica Tallawahs,Barbados Tridents,J Blackwood,J Theron,RR Emrit,1,0,,,,,,,,,
743175,2014,2014-08-03,"Sabina Park, Kingston",1,19.2,Jamaica Tallawahs,Barbados Tridents,J Theron,J Blackwood,RR Emrit,0,0,,,,,,caught,J Theron,,
743175,2014,2014-08-03,"Sabina Park, Kingston",1,19.3,Jamaica Tallawahs,Barbados Tridents,JE Taylor,J Blackwood,RR Emrit,6,0,,,,,,,,,
743175,2014,2014-08-03,"Sabina Park, Kingston",1,19.4,Jamaica Tallawahs,Barbados Tridents,JE Taylor,J Blackwood,RR Emrit,1,0,,,,,,,,,
743175,2014,2014-08-03,"Sabina Park, Kingston",1,19.5,Jamaica Tallawahs,Barbados Tridents,J Blackwood,JE Taylor,RR Emrit,1,0,,,,,,,,,
743175,2014,2014-08-03,"Sabina Park, Kingston",1,19.6,Jamaica Tallawahs,Barbados Tridents,JE Taylor,J Blackwood,RR Emrit,2,0,,,,,,,,,
743175,2014,2014-08-03,"Sabina Park, Kingston",2,0.1,Barbados Tridents,Jamaica Tallawahs,DR Smith,SO Dowrich,DE Bernard,1,0,,,,,,,,,
743175,2014,2014-08-03,"Sabina Park, Kingston",2,0.2,Barbados Tridents,Jamaica Tallawahs,SO Dowrich,DR Smith,DE Bernard,0,0,,,,,,,,,
743175,2014,2014-08-03,"Sabina Park, Kingston",2,0.3,Barbados Tridents,Jamaica Tallawahs,SO Dowrich,DR Smith,DE Bernard,1,0,,,,,,,,,
743175,2014,2014-08-03,"Sabina Park, Kingston",2,0.4,Barbados Tridents,Jamaica Tallawahs,DR Smith,SO Dowrich,DE Bernard,0,0,,,,,,,,,
743175,2014,2014-08-03,"Sabina Park, Kingston",2,0.5,Barbados Tridents,Jamaica Tallawahs,DR Smith,SO Dowrich,DE Bernard,4,0,,,,,,,,,
743175,2014,2014-08-03,"Sabina Park, Kingston",2,0.6,Barbados Tridents,Jamaica Tallawahs,DR Smith,SO Dowrich,DE Bernard,0,0,,,,,,caught,DR Smith,,
743175,2014,2014-08-03,"Sabina Park, Kingston",2,1.1,Barbados Tridents,Jamaica Tallawahs,SO Dowrich,BMAJ Mendis,JE Taylor,0,0,,,,,,,,,
743175,2014,2014-08-03,"Sabina Park, Kingston",2,1.2,Barbados Tridents,Jamaica Tallawahs,SO Dowrich,BMAJ Mendis,JE Taylor,0,0,,,,,,,,,
743175,2014,2014-08-03,"Sabina Park, Kingston",2,1.3,Barbados Tridents,Jamaica Tallawahs,SO Dowrich,BMAJ Mendis,JE Taylor,0,1,,,,1,,,,,
743175,2014,2014-08-03,"Sabina Park, Kingston",2,1.4,Barbados Tridents,Jamaica Tallawahs,BMAJ Mendis,SO Dowrich,JE Taylor,0,0,,,,,,,,,
743175,2014,2014-08-03,"Sabina Park, Kingston",2,1.5,Barbados Tridents,Jamaica Tallawahs,BMAJ Mendis,SO Dowrich,JE Taylor,1,0,,,,,,,,,
743175,2014,2014-08-03,"Sabina Park, Kingston",2,1.6,Barbados Tridents,Jamaica Tallawahs,SO Dowrich,BMAJ Mendis,JE Taylor,0,1,,,,1,,,,,
743175,2014,2014-08-03,"Sabina Park, Kingston",2,2.1,Barbados Tridents,Jamaica Tallawahs,SO Dowrich,BMAJ Mendis,DE Bernard,0,0,,,,,,,,,
743175,2014,2014-08-03,"Sabina Park, Kingston",2,2.2,Barbados Tridents,Jamaica Tallawahs,SO Dowrich,BMAJ Mendis,DE Bernard,1,0,,,,,,,,,
743175,2014,2014-08-03,"Sabina Park, Kingston",2,2.3,Barbados Tridents,Jamaica Tallawahs,BMAJ Mendis,SO Dowrich,DE Bernard,1,0,,,,,,,,,
743175,2014,2014-08-03,"Sabina Park, Kingston",2,2.4,Barbados Tridents,Jamaica Tallawahs,SO Dowrich,BMAJ Mendis,DE Bernard,0,0,,,,,,,,,
743175,2014,2014-08-03,"Sabina Park, Kingston",2,2.5,Barbados Tridents,Jamaica Tallawahs,SO Dowrich,BMAJ Mendis,DE Bernard,0,0,,,,,,,,,
743175,2014,2014-08-03,"Sabina Park, Kingston",2,2.6,Barbados Tridents,Jamaica Tallawahs,SO Dowrich,BMAJ Mendis,DE Bernard,0,0,,,,,,,,,
743175,2014,2014-08-03,"Sabina Park, Kingston",2,3.1,Barbados Tridents,Jamaica Tallawahs,BMAJ Mendis,SO Dowrich,JE Taylor,0,0,,,,,,bowled,BMAJ Mendis,,
743175,2014,2014-08-03,"Sabina Park, Kingston",2,3.2,Barbados Tridents,Jamaica Tallawahs,Shoaib Malik,SO Dowrich,JE Taylor,1,0,,,,,,,,,
743175,2014,2014-08-03,"Sabina Park, Kingston",2,3.3,Barbados Tridents,Jamaica Tallawahs,SO Dowrich,Shoaib Malik,JE Taylor,0,0,,,,,,,,,
743175,2014,2014-08-03,"Sabina Park, Kingston",2,3.4,Barbados Tridents,Jamaica Tallawahs,SO Dowrich,Shoaib Malik,JE Taylor,0,0,,,,,,,,,
743175,2014,2014-08-03,"Sabina Park, Kingston",2,3.5,Barbados Tridents,Jamaica Tallawahs,SO Dowrich,Shoaib Malik,JE Taylor,0,0,,,,,,,,,
743175,2014,2014-08-03,"Sabina Park, Kingston",2,3.6,Barbados Tridents,Jamaica Tallawahs,SO Dowrich,Shoaib Malik,JE Taylor,0,0,,,,,,,,,
743175,2014,2014-08-03,"Sabina Park, Kingston",2,4.1,Barbados Tridents,Jamaica Tallawahs,Shoaib Malik,SO Dowrich,DE Bernard,1,0,,,,,,,,,
743175,2014,2014-08-03,"Sabina Park, Kingston",2,4.2,Barbados Tridents,Jamaica Tallawahs,SO Dowrich,Shoaib Malik,DE Bernard,1,0,,,,,,,,,
743175,2014,2014-08-03,"Sabina Park, Kingston",2,4.3,Barbados Tridents,Jamaica Tallawahs,Shoaib Malik,SO Dowrich,DE Bernard,0,0,,,,,,,,,
743175,2014,2014-08-03,"Sabina Park, Kingston",2,4.4,Barbados Tridents,Jamaica Tallawahs,Shoaib Malik,SO Dowrich,DE Bernard,1,0,,,,,,,,,
743175,2014,2014-08-03,"Sabina Park, Kingston",2,4.5,Barbados Tridents,Jamaica Tallawahs,SO Dowrich,Shoaib Malik,DE Bernard,1,0,,,,,,,,,
743175,2014,2014-08-03,"Sabina Park, Kingston",2,4.6,Barbados Tridents,Jamaica Tallawahs,Shoaib Malik,SO Dowrich,DE Bernard,4,0,,,,,,,,,
743175,2014,2014-08-03,"Sabina Park, Kingston",2,5.1,Barbados Tridents,Jamaica Tallawahs,SO Dowrich,Shoaib Malik,AD Russell,0,0,,,,,,,,,
743175,2014,2014-08-03,"Sabina Park, Kingston",2,5.2,Barbados Tridents,Jamaica Tallawahs,SO Dowrich,Shoaib Malik,AD Russell,1,0,,,,,,,,,
743175,2014,2014-08-03,"Sabina Park, Kingston",2,5.3,Barbados Tridents,Jamaica Tallawahs,Shoaib Malik,SO Dowrich,AD Russell,1,0,,,,,,,,,
743175,2014,2014-08-03,"Sabina Park, Kingston",2,5.4,Barbados Tridents,Jamaica Tallawahs,SO Dowrich,Shoaib Malik,AD Russell,0,0,,,,,,,,,
743175,2014,2014-08-03,"Sabina Park, Kingston",2,5.5,Barbados Tridents,Jamaica Tallawahs,SO Dowrich,Shoaib Malik,AD Russell,4,0,,,,,,,,,
743175,2014,2014-08-03,"Sabina Park, Kingston",2,5.6,Barbados Tridents,Jamaica Tallawahs,SO Dowrich,Shoaib Malik,AD Russell,0,0,,,,,,,,,
743175,2014,2014-08-03,"Sabina Park, Kingston",2,6.1,Barbados Tridents,Jamaica Tallawahs,Shoaib Malik,SO Dowrich,DE Bernard,1,0,,,,,,,,,
743175,2014,2014-08-03,"Sabina Park, Kingston",2,6.2,Barbados Tridents,Jamaica Tallawahs,SO Dowrich,Shoaib Malik,DE Bernard,0,0,,,,,,,,,
743175,2014,2014-08-03,"Sabina Park, Kingston",2,6.3,Barbados Tridents,Jamaica Tallawahs,SO Dowrich,Shoaib Malik,DE Bernard,0,0,,,,,,caught,SO Dowrich,,
743175,2014,2014-08-03,"Sabina Park, Kingston",2,6.4,Barbados Tridents,Jamaica Tallawahs,ND McKenzie,Shoaib Malik,DE Bernard,0,1,1,,,,,,,,
743175,2014,2014-08-03,"Sabina Park, Kingston",2,6.5,Barbados Tridents,Jamaica Tallawahs,ND McKenzie,Shoaib Malik,DE Bernard,1,0,,,,,,,,,
743175,2014,2014-08-03,"Sabina Park, Kingston",2,6.6,Barbados Tridents,Jamaica Tallawahs,Shoaib Malik,ND McKenzie,DE Bernard,1,0,,,,,,,,,
743175,2014,2014-08-03,"Sabina Park, Kingston",2,6.7,Barbados Tridents,Jamaica Tallawahs,ND McKenzie,Shoaib Malik,DE Bernard,0,0,,,,,,,,,
743175,2014,2014-08-03,"Sabina Park, Kingston",2,7.1,Barbados Tridents,Jamaica Tallawahs,Shoaib Malik,ND McKenzie,DL Vettori,0,0,,,,,,,,,
743175,2014,2014-08-03,"Sabina Park, Kingston",2,7.2,Barbados Tridents,Jamaica Tallawahs,Shoaib Malik,ND McKenzie,DL Vettori,1,0,,,,,,,,,
743175,2014,2014-08-03,"Sabina Park, Kingston",2,7.3,Barbados Tridents,Jamaica Tallawahs,ND McKenzie,Shoaib Malik,DL Vettori,0,0,,,,,,,,,
743175,2014,2014-08-03,"Sabina Park, Kingston",2,7.4,Barbados Tridents,Jamaica Tallawahs,ND McKenzie,Shoaib Malik,DL Vettori,0,0,,,,,,,,,
743175,2014,2014-08-03,"Sabina Park, Kingston",2,7.5,Barbados Tridents,Jamaica Tallawahs,ND McKenzie,Shoaib Malik,DL Vettori,0,0,,,,,,,,,
743175,2014,2014-08-03,"Sabina Park, Kingston",2,7.6,Barbados Tridents,Jamaica Tallawahs,ND McKenzie,Shoaib Malik,DL Vettori,0,0,,,,,,,,,
743175,2014,2014-08-03,"Sabina Park, Kingston",2,8.1,Barbados Tridents,Jamaica Tallawahs,Shoaib Malik,ND McKenzie,J Theron,1,0,,,,,,,,,
743175,2014,2014-08-03,"Sabina Park, Kingston",2,8.2,Barbados Tridents,Jamaica Tallawahs,ND McKenzie,Shoaib Malik,J Theron,0,0,,,,,,,,,
743175,2014,2014-08-03,"Sabina Park, Kingston",2,8.3,Barbados Tridents,Jamaica Tallawahs,ND McKenzie,Shoaib Malik,J Theron,0,0,,,,,,,,,
743175,2014,2014-08-03,"Sabina Park, Kingston",2,8.4,Barbados Tridents,Jamaica Tallawahs,ND McKenzie,Shoaib Malik,J Theron,0,1,1,,,,,,,,
743175,2014,2014-08-03,"Sabina Park, Kingston",2,8.5,Barbados Tridents,Jamaica Tallawahs,ND McKenzie,Shoaib Malik,J Theron,1,0,,,,,,,,,
743175,2014,2014-08-03,"Sabina Park, Kingston",2,8.6,Barbados Tridents,Jamaica Tallawahs,Shoaib Malik,ND McKenzie,J Theron,1,0,,,,,,,,,
743175,2014,2014-08-03,"Sabina Park, Kingston",2,8.7,Barbados Tridents,Jamaica Tallawahs,ND McKenzie,Shoaib Malik,J Theron,1,0,,,,,,,,,
743175,2014,2014-08-03,"Sabina Park, Kingston",2,9.1,Barbados Tridents,Jamaica Tallawahs,ND McKenzie,Shoaib Malik,DL Vettori,1,0,,,,,,,,,
743175,2014,2014-08-03,"Sabina Park, Kingston",2,9.2,Barbados Tridents,Jamaica Tallawahs,Shoaib Malik,ND McKenzie,DL Vettori,6,0,,,,,,,,,
743175,2014,2014-08-03,"Sabina Park, Kingston",2,9.3,Barbados Tridents,Jamaica Tallawahs,Shoaib Malik,ND McKenzie,DL Vettori,1,0,,,,,,,,,
743175,2014,2014-08-03,"Sabina Park, Kingston",2,9.4,Barbados Tridents,Jamaica Tallawahs,ND McKenzie,Shoaib Malik,DL Vettori,1,0,,,,,,,,,
743175,2014,2014-08-03,"Sabina Park, Kingston",2,9.5,Barbados Tridents,Jamaica Tallawahs,Shoaib Malik,ND McKenzie,DL Vettori,1,0,,,,,,,,,
743175,2014,2014-08-03,"Sabina Park, Kingston",2,9.6,Barbados Tridents,Jamaica Tallawahs,ND McKenzie,Shoaib Malik,DL Vettori,1,0,,,,,,,,,
743175,2014,2014-08-03,"Sabina Park, Kingston",2,10.1,Barbados Tridents,Jamaica Tallawahs,ND McKenzie,Shoaib Malik,J Theron,0,0,,,,,,,,,
743175,2014,2014-08-03,"Sabina Park, Kingston",2,10.2,Barbados Tridents,Jamaica Tallawahs,ND McKenzie,Shoaib Malik,J Theron,0,1,,,,1,,,,,
743175,2014,2014-08-03,"Sabina Park, Kingston",2,10.3,Barbados Tridents,Jamaica Tallawahs,Shoaib Malik,ND McKenzie,J Theron,4,0,,,,,,,,,
743175,2014,2014-08-03,"Sabina Park, Kingston",2,10.4,Barbados Tridents,Jamaica Tallawahs,Shoaib Malik,ND McKenzie,J Theron,4,0,,,,,,,,,
743175,2014,2014-08-03,"Sabina Park, Kingston",2,10.5,Barbados Tridents,Jamaica Tallawahs,Shoaib Malik,ND McKenzie,J Theron,6,0,,,,,,,,,
743175,2014,2014-08-03,"Sabina Park, Kingston",2,10.6,Barbados Tridents,Jamaica Tallawahs,Shoaib Malik,ND McKenzie,J Theron,1,0,,,,,,,,,
743175,2014,2014-08-03,"Sabina Park, Kingston",2,11.1,Barbados Tridents,Jamaica Tallawahs,Shoaib Malik,ND McKenzie,DL Vettori,1,0,,,,,,,,,
743175,2014,2014-08-03,"Sabina Park, Kingston",2,11.2,Barbados Tridents,Jamaica Tallawahs,ND McKenzie,Shoaib Malik,DL Vettori,0,0,,,,,,,,,
743175,2014,2014-08-03,"Sabina Park, Kingston",2,11.3,Barbados Tridents,Jamaica Tallawahs,ND McKenzie,Shoaib Malik,DL Vettori,0,0,,,,,,,,,
743175,2014,2014-08-03,"Sabina Park, Kingston",2,11.4,Barbados Tridents,Jamaica Tallawahs,ND McKenzie,Shoaib Malik,DL Vettori,1,0,,,,,,,,,
743175,2014,2014-08-03,"Sabina Park, Kingston",2,11.5,Barbados Tridents,Jamaica Tallawahs,Shoaib Malik,ND McKenzie,DL Vettori,1,0,,,,,,,,,
743175,2014,2014-08-03,"Sabina Park, Kingston",2,11.6,Barbados Tridents,Jamaica Tallawahs,ND McKenzie,Shoaib Malik,DL Vettori,1,0,,,,,,,,,
743175,2014,2014-08-03,"Sabina Park, Kingston",2,12.1,Barbados Tridents,Jamaica Tallawahs,ND McKenzie,Shoaib Malik,NO Miller,1,0,,,,,,,,,
743175,2014,2014-08-03,"Sabina Park, Kingston",2,12.2,Barbados Tridents,Jamaica Tallawahs,Shoaib Malik,ND McKenzie,NO Miller,1,0,,,,,,,,,
743175,2014,2014-08-03,"Sabina Park, Kingston",2,12.3,Barbados Tridents,Jamaica Tallawahs,ND McKenzie,Shoaib Malik,NO Miller,0,0,,,,,,bowled,ND McKenzie,,
743175,2014,2014-08-03,"Sabina Park, Kingston",2,12.4,Barbados Tridents,Jamaica Tallawahs,KA Pollard,Shoaib Malik,NO Miller,0,0,,,,,,,,,
743175,2014,2014-08-03,"Sabina Park, Kingston",2,12.5,Barbados Tridents,Jamaica Tallawahs,KA Pollard,Shoaib Malik,NO Miller,0,0,,,,,,,,,
743175,2014,2014-08-03,"Sabina Park, Kingston",2,12.6,Barbados Tridents,Jamaica Tallawahs,KA Pollard,Shoaib Malik,NO Miller,1,0,,,,,,,,,
743175,2014,2014-08-03,"Sabina Park, Kingston",2,13.1,Barbados Tridents,Jamaica Tallawahs,KA Pollard,Shoaib Malik,AD Russell,1,0,,,,,,,,,
743175,2014,2014-08-03,"Sabina Park, Kingston",2,13.2,Barbados Tridents,Jamaica Tallawahs,Shoaib Malik,KA Pollard,AD Russell,1,0,,,,,,,,,
743175,2014,2014-08-03,"Sabina Park, Kingston",2,13.3,Barbados Tridents,Jamaica Tallawahs,KA Pollard,Shoaib Malik,AD Russell,0,0,,,,,,,,,
743175,2014,2014-08-03,"Sabina Park, Kingston",2,13.4,Barbados Tridents,Jamaica Tallawahs,KA Pollard,Shoaib Malik,AD Russell,1,0,,,,,,,,,
743175,2014,2014-08-03,"Sabina Park, Kingston",2,13.5,Barbados Tridents,Jamaica Tallawahs,Shoaib Malik,KA Pollard,AD Russell,1,0,,,,,,,,,
743175,2014,2014-08-03,"Sabina Park, Kingston",2,13.6,Barbados Tridents,Jamaica Tallawahs,KA Pollard,Shoaib Malik,AD Russell,1,0,,,,,,,,,
743175,2014,2014-08-03,"Sabina Park, Kingston",2,14.1,Barbados Tridents,Jamaica Tallawahs,KA Pollard,Shoaib Malik,NO Miller,1,0,,,,,,,,,
743175,2014,2014-08-03,"Sabina Park, Kingston",2,14.2,Barbados Tridents,Jamaica Tallawahs,Shoaib Malik,KA Pollard,NO Miller,1,0,,,,,,,,,
743175,2014,2014-08-03,"Sabina Park, Kingston",2,14.3,Barbados Tridents,Jamaica Tallawahs,KA Pollard,Shoaib Malik,NO Miller,0,1,1,,,,,,,,
743175,2014,2014-08-03,"Sabina Park, Kingston",2,14.4,Barbados Tridents,Jamaica Tallawahs,KA Pollard,Shoaib Malik,NO Miller,0,0,,,,,,,,,
743175,2014,2014-08-03,"Sabina Park, Kingston",2,14.5,Barbados Tridents,Jamaica Tallawahs,KA Pollard,Shoaib Malik,NO Miller,0,0,,,,,,,,,
743175,2014,2014-08-03,"Sabina Park, Kingston",2,14.6,Barbados Tridents,Jamaica Tallawahs,KA Pollard,Shoaib Malik,NO Miller,1,0,,,,,,,,,
743175,2014,2014-08-03,"Sabina Park, Kingston",2,14.7,Barbados Tridents,Jamaica Tallawahs,Shoaib Malik,KA Pollard,NO Miller,0,0,,,,,,,,,
743175,2014,2014-08-03,"Sabina Park, Kingston",2,15.1,Barbados Tridents,Jamaica Tallawahs,KA Pollard,Shoaib Malik,AD Russell,0,0,,,,,,caught,KA Pollard,,
743175,2014,2014-08-03,"Sabina Park, Kingston",2,15.2,Barbados Tridents,Jamaica Tallawahs,Shoaib Malik,JO Holder,AD Russell,1,0,,,,,,,,,
743175,2014,2014-08-03,"Sabina Park, Kingston",2,15.3,Barbados Tridents,Jamaica Tallawahs,JO Holder,Shoaib Malik,AD Russell,0,0,,,,,,,,,
743175,2014,2014-08-03,"Sabina Park, Kingston",2,15.4,Barbados Tridents,Jamaica Tallawahs,JO Holder,Shoaib Malik,AD Russell,4,0,,,,,,,,,
743175,2014,2014-08-03,"Sabina Park, Kingston",2,15.5,Barbados Tridents,Jamaica Tallawahs,JO Holder,Shoaib Malik,AD Russell,0,1,1,,,,,,,,
743175,2014,2014-08-03,"Sabina Park, Kingston",2,15.6,Barbados Tridents,Jamaica Tallawahs,JO Holder,Shoaib Malik,AD Russell,1,0,,,,,,,,,
743175,2014,2014-08-03,"Sabina Park, Kingston",2,15.7,Barbados Tridents,Jamaica Tallawahs,Shoaib Malik,JO Holder,AD Russell,4,0,,,,,,,,,
743175,2014,2014-08-03,"Sabina Park, Kingston",2,16.1,Barbados Tridents,Jamaica Tallawahs,JO Holder,Shoaib Malik,J Theron,1,0,,,,,,,,,
743175,2014,2014-08-03,"Sabina Park, Kingston",2,16.2,Barbados Tridents,Jamaica Tallawahs,Shoaib Malik,JO Holder,J Theron,4,0,,,,,,,,,
743175,2014,2014-08-03,"Sabina Park, Kingston",2,16.3,Barbados Tridents,Jamaica Tallawahs,Shoaib Malik,JO Holder,J Theron,6,0,,,,,,,,,
743175,2014,2014-08-03,"Sabina Park, Kingston",2,16.4,Barbados Tridents,Jamaica Tallawahs,Shoaib Malik,JO Holder,J Theron,6,0,,,,,,,,,
743175,2014,2014-08-03,"Sabina Park, Kingston",2,16.5,Barbados Tridents,Jamaica Tallawahs,Shoaib Malik,JO Holder,J Theron,1,0,,,,,,,,,
743175,2014,2014-08-03,"Sabina Park, Kingston",2,16.6,Barbados Tridents,Jamaica Tallawahs,JO Holder,Shoaib Malik,J Theron,1,0,,,,,,,,,
743175,2014,2014-08-03,"Sabina Park, Kingston",2,17.1,Barbados Tridents,Jamaica Tallawahs,JO Holder,Shoaib Malik,JE Taylor,0,0,,,,,,caught,JO Holder,,
743175,2014,2014-08-03,"Sabina Park, Kingston",2,17.2,Barbados Tridents,Jamaica Tallawahs,Shoaib Malik,AJ Hosein,JE Taylor,1,0,,,,,,,,,
743175,2014,2014-08-03,"Sabina Park, Kingston",2,17.3,Barbados Tridents,Jamaica Tallawahs,AJ Hosein,Shoaib Malik,JE Taylor,0,0,,,,,,,,,
743175,2014,2014-08-03,"Sabina Park, Kingston",2,17.4,Barbados Tridents,Jamaica Tallawahs,AJ Hosein,Shoaib Malik,JE Taylor,0,0,,,,,,,,,
743175,2014,2014-08-03,"Sabina Park, Kingston",2,17.5,Barbados Tridents,Jamaica Tallawahs,AJ Hosein,Shoaib Malik,JE Taylor,0,0,,,,,,,,,
743175,2014,2014-08-03,"Sabina Park, Kingston",2,17.6,Barbados Tridents,Jamaica Tallawahs,AJ Hosein,Shoaib Malik,JE Taylor,0,0,,,,,,,,,
743175,2014,2014-08-03,"Sabina Park, Kingston",2,18.1,Barbados Tridents,Jamaica Tallawahs,Shoaib Malik,AJ Hosein,AD Russell,0,0,,,,,,,,,
743175,2014,2014-08-03,"Sabina Park, Kingston",2,18.2,Barbados Tridents,Jamaica Tallawahs,Shoaib Malik,AJ Hosein,AD Russell,2,0,,,,,,,,,
743175,2014,2014-08-03,"Sabina Park, Kingston",2,18.3,Barbados Tridents,Jamaica Tallawahs,Shoaib Malik,AJ Hosein,AD Russell,0,1,1,,,,,,,,
743175,2014,2014-08-03,"Sabina Park, Kingston",2,18.4,Barbados Tridents,Jamaica Tallawahs,Shoaib Malik,AJ Hosein,AD Russell,6,0,,,,,,,,,
743175,2014,2014-08-03,"Sabina Park, Kingston",2,18.5,Barbados Tridents,Jamaica Tallawahs,Shoaib Malik,AJ Hosein,AD Russell,0,0,,,,,,,,,
743175,2014,2014-08-03,"Sabina Park, Kingston",2,18.6,Barbados Tridents,Jamaica Tallawahs,Shoaib Malik,AJ Hosein,AD Russell,1,0,,,,,,,,,
743175,2014,2014-08-03,"Sabina Park, Kingston",2,18.7,Barbados Tridents,Jamaica Tallawahs,AJ Hosein,Shoaib Malik,AD Russell,0,0,,,,,,,,,
743175,2014,2014-08-03,"Sabina Park, Kingston",2,19.1,Barbados Tridents,Jamaica Tallawahs,Shoaib Malik,AJ Hosein,JE Taylor,0,0,,,,,,,,,
743175,2014,2014-08-03,"Sabina Park, Kingston",2,19.2,Barbados Tridents,Jamaica Tallawahs,Shoaib Malik,AJ Hosein,JE Taylor,1,0,,,,,,,,,
743175,2014,2014-08-03,"Sabina Park, Kingston",2,19.3,Barbados Tridents,Jamaica Tallawahs,AJ Hosein,Shoaib Malik,JE Taylor,1,0,,,,,,,,,
743175,2014,2014-08-03,"Sabina Park, Kingston",2,19.4,Barbados Tridents,Jamaica Tallawahs,Shoaib Malik,AJ Hosein,JE Taylor,0,0,,,,,,,,,
743175,2014,2014-08-03,"Sabina Park, Kingston",2,19.5,Barbados Tridents,Jamaica Tallawahs,Shoaib Malik,AJ Hosein,JE Taylor,6,0,,,,,,,,,
743175,2014,2014-08-03,"Sabina Park, Kingston",2,19.6,Barbados Tridents,Jamaica Tallawahs,Shoaib Malik,AJ Hosein,JE Taylor,0,0,,,,,,,,,
