match_id,season,start_date,venue,innings,ball,batting_team,bowling_team,striker,non_striker,bowler,runs_off_bat,extras,wides,noballs,byes,legbyes,penalty,wicket_type,player_dismissed,other_wicket_type,other_player_dismissed
743163,2014,2014-07-26,"Kensington Oval, Bridgetown",1,0.1,Guyana Amazon Warriors,Barbados Tridents,LMP Simmons,MJ Guptill,JO Holder,0,0,,,,,,,,,
743163,2014,2014-07-26,"Kensington Oval, Bridgetown",1,0.2,Guyana Amazon Warriors,Barbados Tridents,LMP Simmons,MJ Guptill,JO Holder,0,0,,,,,,,,,
743163,2014,2014-07-26,"Kensington Oval, Bridgetown",1,0.3,Guyana Amazon Warriors,Barbados Tridents,LMP Simmons,MJ Guptill,JO Holder,0,0,,,,,,,,,
743163,2014,2014-07-26,"Kensington Oval, Bridgetown",1,0.4,Guyana Amazon Warriors,Barbados Tridents,LMP Simmons,MJ Guptill,JO Holder,0,0,,,,,,,,,
743163,2014,2014-07-26,"Kensington Oval, Bridgetown",1,0.5,Guyana Amazon Warriors,Barbados Tridents,LMP Simmons,MJ Guptill,JO Holder,0,0,,,,,,,,,
743163,2014,2014-07-26,"Kensington Oval, Bridgetown",1,0.6,Guyana Amazon Warriors,Barbados Tridents,LMP Simmons,MJ Guptill,JO Holder,1,0,,,,,,,,,
743163,2014,2014-07-26,"Kensington Oval, Bridgetown",1,1.1,Guyana Amazon Warriors,Barbados Tridents,LMP Simmons,MJ Guptill,R Rampaul,0,0,,,,,,,,,
743163,2014,2014-07-26,"Kensington Oval, Bridgetown",1,1.2,Guyana Amazon Warriors,Barbados Tridents,LMP Simmons,MJ Guptill,R Rampaul,0,1,1,,,,,,,,
743163,2014,2014-07-26,"Kensington Oval, Bridgetown",1,1.3,Guyana Amazon Warriors,Barbados Tridents,LMP Simmons,MJ Guptill,R Rampaul,0,1,1,,,,,,,,
743163,2014,2014-07-26,"Kensington Oval, Bridgetown",1,1.4,Guyana Amazon Warriors,Barbados Tridents,LMP Simmons,MJ Guptill,R Rampaul,1,0,,,,,,,,,
743163,2014,2014-07-26,"Kensington Oval, Bridgetown",1,1.5,Guyana Amazon Warriors,Barbados Tridents,MJ Guptill,LMP Simmons,R Rampaul,0,0,,,,,,,,,
743163,2014,2014-07-26,"Kensington Oval, Bridgetown",1,1.6,Guyana Amazon Warriors,Barbados Tridents,MJ Guptill,LMP Simmons,R Rampaul,4,0,,,,,,,,,
743163,2014,2014-07-26,"Kensington Oval, Bridgetown",1,1.7,Guyana Amazon Warriors,Barbados Tridents,MJ Guptill,LMP Simmons,R Rampaul,0,0,,,,,,,,,
743163,2014,2014-07-26,"Kensington Oval, Bridgetown",1,1.8,Guyana Amazon Warriors,Barbados Tridents,MJ Guptill,LMP Simmons,R Rampaul,0,0,,,,,,,,,
743163,2014,2014-07-26,"Kensington Oval, Bridgetown",1,2.1,Guyana Amazon Warriors,Barbados Tridents,LMP Simmons,MJ Guptill,JO Holder,1,0,,,,,,,,,
743163,2014,2014-07-26,"Kensington Oval, Bridgetown",1,2.2,Guyana Amazon Warriors,Barbados Tridents,MJ Guptill,LMP Simmons,JO Holder,1,0,,,,,,,,,
743163,2014,2014-07-26,"Kensington Oval, Bridgetown",1,2.3,Guyana Amazon Warriors,Barbados Tridents,LMP Simmons,MJ Guptill,JO Holder,1,0,,,,,,,,,
743163,2014,2014-07-26,"Kensington Oval, Bridgetown",1,2.4,Guyana Amazon Warriors,Barbados Tridents,MJ Guptill,LMP Simmons,JO Holder,1,0,,,,,,,,,
743163,2014,2014-07-26,"Kensington Oval, Bridgetown",1,2.5,Guyana Amazon Warriors,Barbados Tridents,LMP Simmons,MJ Guptill,JO Holder,4,0,,,,,,,,,
743163,2014,2014-07-26,"Kensington Oval, Bridgetown",1,2.6,Guyana Amazon Warriors,Barbados Tridents,LMP Simmons,MJ Guptill,JO Holder,0,0,,,,,,,,,
743163,2014,2014-07-26,"Kensington Oval, Bridgetown",1,3.1,Guyana Amazon Warriors,Barbados Tridents,MJ Guptill,LMP Simmons,R Rampaul,0,0,,,,,,,,,
743163,2014,2014-07-26,"Kensington Oval, Bridgetown",1,3.2,Guyana Amazon Warriors,Barbados Tridents,MJ Guptill,LMP Simmons,R Rampaul,1,0,,,,,,,,,
743163,2014,2014-07-26,"Kensington Oval, Bridgetown",1,3.3,Guyana Amazon Warriors,Barbados Tridents,LMP Simmons,MJ Guptill,R Rampaul,1,0,,,,,,,,,
743163,2014,2014-07-26,"Kensington Oval, Bridgetown",1,3.4,Guyana Amazon Warriors,Barbados Tridents,MJ Guptill,LMP Simmons,R Rampaul,4,0,,,,,,,,,
743163,2014,2014-07-26,"Kensington Oval, Bridgetown",1,3.5,Guyana Amazon Warriors,Barbados Tridents,MJ Guptill,LMP Simmons,R Rampaul,0,0,,,,,,,,,
743163,2014,2014-07-26,"Kensington Oval, Bridgetown",1,3.6,Guyana Amazon Warriors,Barbados Tridents,MJ Guptill,LMP Simmons,R Rampaul,0,0,,,,,,,,,
743163,2014,2014-07-26,"Kensington Oval, Bridgetown",1,4.1,Guyana Amazon Warriors,Barbados Tridents,LMP Simmons,MJ Guptill,DR Smith,1,0,,,,,,,,,
743163,2014,2014-07-26,"Kensington Oval, Bridgetown",1,4.2,Guyana Amazon Warriors,Barbados Tridents,MJ Guptill,LMP Simmons,DR Smith,1,0,,,,,,,,,
743163,2014,2014-07-26,"Kensington Oval, Bridgetown",1,4.3,Guyana Amazon Warriors,Barbados Tridents,LMP Simmons,MJ Guptill,DR Smith,0,1,1,,,,,,,,
743163,2014,2014-07-26,"Kensington Oval, Bridgetown",1,4.4,Guyana Amazon Warriors,Barbados Tridents,LMP Simmons,MJ Guptill,DR Smith,1,0,,,,,,,,,
743163,2014,2014-07-26,"Kensington Oval, Bridgetown",1,4.5,Guyana Amazon Warriors,Barbados Tridents,MJ Guptill,LMP Simmons,DR Smith,1,0,,,,,,,,,
743163,2014,2014-07-26,"Kensington Oval, Bridgetown",1,4.6,Guyana Amazon Warriors,Barbados Tridents,LMP Simmons,MJ Guptill,DR Smith,6,0,,,,,,,,,
743163,2014,2014-07-26,"Kensington Oval, Bridgetown",1,4.7,Guyana Amazon Warriors,Barbados Tridents,LMP Simmons,MJ Guptill,DR Smith,4,0,,,,,,,,,
743163,2014,2014-07-26,"Kensington Oval, Bridgetown",1,5.1,Guyana Amazon Warriors,Barbados Tridents,MJ Guptill,LMP Simmons,AJ Hosein,0,0,,,,,,,,,
743163,2014,2014-07-26,"Kensington Oval, Bridgetown",1,5.2,Guyana Amazon Warriors,Barbados Tridents,MJ Guptill,LMP Simmons,AJ Hosein,1,0,,,,,,,,,
743163,2014,2014-07-26,"Kensington Oval, Bridgetown",1,5.3,Guyana Amazon Warriors,Barbados Tridents,LMP Simmons,MJ Guptill,AJ Hosein,0,0,,,,,,,,,
743163,2014,2014-07-26,"Kensington Oval, Bridgetown",1,5.4,Guyana Amazon Warriors,Barbados Tridents,LMP Simmons,MJ Guptill,AJ Hosein,1,0,,,,,,,,,
743163,2014,2014-07-26,"Kensington Oval, Bridgetown",1,5.5,Guyana Amazon Warriors,Barbados Tridents,MJ Guptill,LMP Simmons,AJ Hosein,0,0,,,,,,,,,
743163,2014,2014-07-26,"Kensington Oval, Bridgetown",1,5.6,Guyana Amazon Warriors,Barbados Tridents,MJ Guptill,LMP Simmons,AJ Hosein,1,0,,,,,,,,,
743163,2014,2014-07-26,"Kensington Oval, Bridgetown",1,6.1,Guyana Amazon Warriors,Barbados Tridents,MJ Guptill,LMP Simmons,JO Holder,1,0,,,,,,,,,
743163,2014,2014-07-26,"Kensington Oval, Bridgetown",1,6.2,Guyana Amazon Warriors,Barbados Tridents,LMP Simmons,MJ Guptill,JO Holder,4,0,,,,,,,,,
743163,2014,2014-07-26,"Kensington Oval, Bridgetown",1,6.3,Guyana Amazon Warriors,Barbados Tridents,LMP Simmons,MJ Guptill,JO Holder,6,0,,,,,,,,,
743163,2014,2014-07-26,"Kensington Oval, Bridgetown",1,6.4,Guyana Amazon Warriors,Barbados Tridents,LMP Simmons,MJ Guptill,JO Holder,1,0,,,,,,,,,
743163,2014,2014-07-26,"Kensington Oval, Bridgetown",1,6.5,Guyana Amazon Warriors,Barbados Tridents,MJ Guptill,LMP Simmons,JO Holder,4,0,,,,,,,,,
743163,2014,2014-07-26,"Kensington Oval, Bridgetown",1,6.6,Guyana Amazon Warriors,Barbados Tridents,MJ Guptill,LMP Simmons,JO Holder,0,0,,,,,,,,,
743163,2014,2014-07-26,"Kensington Oval, Bridgetown",1,7.1,Guyana Amazon Warriors,Barbados Tridents,LMP Simmons,MJ Guptill,AJ Hosein,1,0,,,,,,,,,
743163,2014,2014-07-26,"Kensington Oval, Bridgetown",1,7.2,Guyana Amazon Warriors,Barbados Tridents,MJ Guptill,LMP Simmons,AJ Hosein,0,0,,,,,,,,,
743163,2014,2014-07-26,"Kensington Oval, Bridgetown",1,7.3,Guyana Amazon Warriors,Barbados Tridents,MJ Guptill,LMP Simmons,AJ Hosein,1,0,,,,,,,,,
743163,2014,2014-07-26,"Kensington Oval, Bridgetown",1,7.4,Guyana Amazon Warriors,Barbados Tridents,LMP Simmons,MJ Guptill,AJ Hosein,0,0,,,,,,,,,
743163,2014,2014-07-26,"Kensington Oval, Bridgetown",1,7.5,Guyana Amazon Warriors,Barbados Tridents,LMP Simmons,MJ Guptill,AJ Hosein,2,0,,,,,,,,,
743163,2014,2014-07-26,"Kensington Oval, Bridgetown",1,7.6,Guyana Amazon Warriors,Barbados Tridents,LMP Simmons,MJ Guptill,AJ Hosein,1,0,,,,,,,,,
743163,2014,2014-07-26,"Kensington Oval, Bridgetown",1,8.1,Guyana Amazon Warriors,Barbados Tridents,LMP Simmons,MJ Guptill,RR Emrit,4,0,,,,,,,,,
743163,2014,2014-07-26,"Kensington Oval, Bridgetown",1,8.2,Guyana Amazon Warriors,Barbados Tridents,LMP Simmons,MJ Guptill,RR Emrit,1,0,,,,,,,,,
743163,2014,2014-07-26,"Kensington Oval, Bridgetown",1,8.3,Guyana Amazon Warriors,Barbados Tridents,MJ Guptill,LMP Simmons,RR Emrit,1,0,,,,,,,,,
743163,2014,2014-07-26,"Kensington Oval, Bridgetown",1,8.4,Guyana Amazon Warriors,Barbados Tridents,LMP Simmons,MJ Guptill,RR Emrit,1,0,,,,,,,,,
743163,2014,2014-07-26,"Kensington Oval, Bridgetown",1,8.5,Guyana Amazon Warriors,Barbados Tridents,MJ Guptill,LMP Simmons,RR Emrit,2,0,,,,,,,,,
743163,2014,2014-07-26,"Kensington Oval, Bridgetown",1,8.6,Guyana Amazon Warriors,Barbados Tridents,MJ Guptill,LMP Simmons,RR Emrit,1,0,,,,,,,,,
743163,2014,2014-07-26,"Kensington Oval, Bridgetown",1,9.1,Guyana Amazon Warriors,Barbados Tridents,MJ Guptill,LMP Simmons,AJ Hosein,6,0,,,,,,,,,
743163,2014,2014-07-26,"Kensington Oval, Bridgetown",1,9.2,Guyana Amazon Warriors,Barbados Tridents,MJ Guptill,LMP Simmons,AJ Hosein,0,0,,,,,,,,,
743163,2014,2014-07-26,"Kensington Oval, Bridgetown",1,9.3,Guyana Amazon Warriors,Barbados Tridents,MJ Guptill,LMP Simmons,AJ Hosein,1,0,,,,,,,,,
743163,2014,2014-07-26,"Kensington Oval, Bridgetown",1,9.4,Guyana Amazon Warriors,Barbados Tridents,LMP Simmons,MJ Guptill,AJ Hosein,0,0,,,,,,,,,
743163,2014,2014-07-26,"Kensington Oval, Bridgetown",1,9.5,Guyana Amazon Warriors,Barbados Tridents,LMP Simmons,MJ Guptill,AJ Hosein,1,0,,,,,,,,,
743163,2014,2014-07-26,"Kensington Oval, Bridgetown",1,9.6,Guyana Amazon Warriors,Barbados Tridents,MJ Guptill,LMP Simmons,AJ Hosein,0,1,1,,,,,,,,
743163,2014,2014-07-26,"Kensington Oval, Bridgetown",1,9.7,Guyana Amazon Warriors,Barbados Tridents,MJ Guptill,LMP Simmons,AJ Hosein,0,0,,,,,,,,,
743163,2014,2014-07-26,"Kensington Oval, Bridgetown",1,10.1,Guyana Amazon Warriors,Barbados Tridents,LMP Simmons,MJ Guptill,RR Emrit,0,0,,,,,,,,,
743163,2014,2014-07-26,"Kensington Oval, Bridgetown",1,10.2,Guyana Amazon Warriors,Barbados Tridents,LMP Simmons,MJ Guptill,RR Emrit,6,0,,,,,,,,,
743163,2014,2014-07-26,"Kensington Oval, Bridgetown",1,10.3,Guyana Amazon Warriors,Barbados Tridents,LMP Simmons,MJ Guptill,RR Emrit,4,0,,,,,,,,,
743163,2014,2014-07-26,"Kensington Oval, Bridgetown",1,10.4,Guyana Amazon Warriors,Barbados Tridents,LMP Simmons,MJ Guptill,RR Emrit,2,0,,,,,,,,,
743163,2014,2014-07-26,"Kensington Oval, Bridgetown",1,10.5,Guyana Amazon Warriors,Barbados Tridents,LMP Simmons,MJ Guptill,RR Emrit,1,0,,,,,,,,,
743163,2014,2014-07-26,"Kensington Oval, Bridgetown",1,10.6,Guyana Amazon Warriors,Barbados Tridents,MJ Guptill,LMP Simmons,RR Emrit,1,0,,,,,,,,,
743163,2014,2014-07-26,"Kensington Oval, Bridgetown",1,11.1,Guyana Amazon Warriors,Barbados Tridents,MJ Guptill,LMP Simmons,BMAJ Mendis,1,0,,,,,,,,,
743163,2014,2014-07-26,"Kensington Oval, Bridgetown",1,11.2,Guyana Amazon Warriors,Barbados Tridents,LMP Simmons,MJ Guptill,BMAJ Mendis,1,0,,,,,,,,,
743163,2014,2014-07-26,"Kensington Oval, Bridgetown",1,11.3,Guyana Amazon Warriors,Barbados Tridents,MJ Guptill,LMP Simmons,BMAJ Mendis,1,0,,,,,,,,,
743163,2014,2014-07-26,"Kensington Oval, Bridgetown",1,11.4,Guyana Amazon Warriors,Barbados Tridents,LMP Simmons,MJ Guptill,BMAJ Mendis,6,0,,,,,,,,,
743163,2014,2014-07-26,"Kensington Oval, Bridgetown",1,11.5,Guyana Amazon Warriors,Barbados Tridents,LMP Simmons,MJ Guptill,BMAJ Mendis,0,0,,,,,,,,,
743163,2014,2014-07-26,"Kensington Oval, Bridgetown",1,11.6,Guyana Amazon Warriors,Barbados Tridents,LMP Simmons,MJ Guptill,BMAJ Mendis,0,0,,,,,,caught,LMP Simmons,,
743163,2014,2014-07-26,"Kensington Oval, Bridgetown",1,12.1,Guyana Amazon Warriors,Barbados Tridents,MJ Guptill,D Ramdin,RR Emrit,0,0,,,,,,,,,
743163,2014,2014-07-26,"Kensington Oval, Bridgetown",1,12.2,Guyana Amazon Warriors,Barbados Tridents,MJ Guptill,D Ramdin,RR Emrit,1,0,,,,,,,,,
743163,2014,2014-07-26,"Kensington Oval, Bridgetown",1,12.3,Guyana Amazon Warriors,Barbados Tridents,D Ramdin,MJ Guptill,RR Emrit,0,0,,,,,,,,,
743163,2014,2014-07-26,"Kensington Oval, Bridgetown",1,12.4,Guyana Amazon Warriors,Barbados Tridents,D Ramdin,MJ Guptill,RR Emrit,0,0,,,,,,,,,
743163,2014,2014-07-26,"Kensington Oval, Bridgetown",1,12.5,Guyana Amazon Warriors,Barbados Tridents,D Ramdin,MJ Guptill,RR Emrit,0,0,,,,,,,,,
743163,2014,2014-07-26,"Kensington Oval, Bridgetown",1,12.6,Guyana Amazon Warriors,Barbados Tridents,D Ramdin,MJ Guptill,RR Emrit,1,0,,,,,,,,,
743163,2014,2014-07-26,"Kensington Oval, Bridgetown",1,13.1,Guyana Amazon Warriors,Barbados Tridents,D Ramdin,MJ Guptill,BMAJ Mendis,2,0,,,,,,,,,
743163,2014,2014-07-26,"Kensington Oval, Bridgetown",1,13.2,Guyana Amazon Warriors,Barbados Tridents,D Ramdin,MJ Guptill,BMAJ Mendis,0,0,,,,,,,,,
743163,2014,2014-07-26,"Kensington Oval, Bridgetown",1,13.3,Guyana Amazon Warriors,Barbados Tridents,D Ramdin,MJ Guptill,BMAJ Mendis,1,0,,,,,,,,,
743163,2014,2014-07-26,"Kensington Oval, Bridgetown",1,13.4,Guyana Amazon Warriors,Barbados Tridents,MJ Guptill,D Ramdin,BMAJ Mendis,1,0,,,,,,,,,
743163,2014,2014-07-26,"Kensington Oval, Bridgetown",1,13.5,Guyana Amazon Warriors,Barbados Tridents,D Ramdin,MJ Guptill,BMAJ Mendis,0,0,,,,,,caught,D Ramdin,,
743163,2014,2014-07-26,"Kensington Oval, Bridgetown",1,13.6,Guyana Amazon Warriors,Barbados Tridents,MJ Guptill,JDS Neesham,BMAJ Mendis,0,0,,,,,,,,,
743163,2014,2014-07-26,"Kensington Oval, Bridgetown",1,14.1,Guyana Amazon Warriors,Barbados Tridents,JDS Neesham,MJ Guptill,RR Emrit,1,0,,,,,,,,,
743163,2014,2014-07-26,"Kensington Oval, Bridgetown",1,14.2,Guyana Amazon Warriors,Barbados Tridents,MJ Guptill,JDS Neesham,RR Emrit,1,0,,,,,,,,,
743163,2014,2014-07-26,"Kensington Oval, Bridgetown",1,14.3,Guyana Amazon Warriors,Barbados Tridents,JDS Neesham,MJ Guptill,RR Emrit,0,1,1,,,,,,,,
743163,2014,2014-07-26,"Kensington Oval, Bridgetown",1,14.4,Guyana Amazon Warriors,Barbados Tridents,JDS Neesham,MJ Guptill,RR Emrit,1,0,,,,,,,,,
743163,2014,2014-07-26,"Kensington Oval, Bridgetown",1,14.5,Guyana Amazon Warriors,Barbados Tridents,MJ Guptill,JDS Neesham,RR Emrit,2,0,,,,,,,,,
743163,2014,2014-07-26,"Kensington Oval, Bridgetown",1,14.6,Guyana Amazon Warriors,Barbados Tridents,MJ Guptill,JDS Neesham,RR Emrit,1,0,,,,,,,,,
743163,2014,2014-07-26,"Kensington Oval, Bridgetown",1,14.7,Guyana Amazon Warriors,Barbados Tridents,JDS Neesham,MJ Guptill,RR Emrit,0,0,,,,,,caught,JDS Neesham,,
743163,2014,2014-07-26,"Kensington Oval, Bridgetown",1,15.1,Guyana Amazon Warriors,Barbados Tridents,CD Barnwell,MJ Guptill,BMAJ Mendis,1,0,,,,,,,,,
743163,2014,2014-07-26,"Kensington Oval, Bridgetown",1,15.2,Guyana Amazon Warriors,Barbados Tridents,MJ Guptill,CD Barnwell,BMAJ Mendis,1,0,,,,,,,,,
743163,2014,2014-07-26,"Kensington Oval, Bridgetown",1,15.3,Guyana Amazon Warriors,Barbados Tridents,CD Barnwell,MJ Guptill,BMAJ Mendis,1,0,,,,,,,,,
743163,2014,2014-07-26,"Kensington Oval, Bridgetown",1,15.4,Guyana Amazon Warriors,Barbados Tridents,MJ Guptill,CD Barnwell,BMAJ Mendis,1,0,,,,,,,,,
743163,2014,2014-07-26,"Kensington Oval, Bridgetown",1,15.5,Guyana Amazon Warriors,Barbados Tridents,CD Barnwell,MJ Guptill,BMAJ Mendis,0,0,,,,,,,,,
743163,2014,2014-07-26,"Kensington Oval, Bridgetown",1,15.6,Guyana Amazon Warriors,Barbados Tridents,CD Barnwell,MJ Guptill,BMAJ Mendis,1,0,,,,,,,,,
743163,2014,2014-07-26,"Kensington Oval, Bridgetown",1,16.1,Guyana Amazon Warriors,Barbados Tridents,CD Barnwell,MJ Guptill,R Rampaul,1,0,,,,,,,,,
743163,2014,2014-07-26,"Kensington Oval, Bridgetown",1,16.2,Guyana Amazon Warriors,Barbados Tridents,MJ Guptill,CD Barnwell,R Rampaul,4,0,,,,,,,,,
743163,2014,2014-07-26,"Kensington Oval, Bridgetown",1,16.3,Guyana Amazon Warriors,Barbados Tridents,MJ Guptill,CD Barnwell,R Rampaul,1,0,,,,,,,,,
743163,2014,2014-07-26,"Kensington Oval, Bridgetown",1,16.4,Guyana Amazon Warriors,Barbados Tridents,CD Barnwell,MJ Guptill,R Rampaul,0,0,,,,,,caught,CD Barnwell,,
743163,2014,2014-07-26,"Kensington Oval, Bridgetown",1,16.5,Guyana Amazon Warriors,Barbados Tridents,Mohammad Hafeez,MJ Guptill,R Rampaul,4,0,,,,,,,,,
743163,2014,2014-07-26,"Kensington Oval, Bridgetown",1,16.6,Guyana Amazon Warriors,Barbados Tridents,Mohammad Hafeez,MJ Guptill,R Rampaul,1,0,,,,,,,,,
743163,2014,2014-07-26,"Kensington Oval, Bridgetown",1,17.1,Guyana Amazon Warriors,Barbados Tridents,Mohammad Hafeez,MJ Guptill,BMAJ Mendis,1,0,,,,,,,,,
743163,2014,2014-07-26,"Kensington Oval, Bridgetown",1,17.2,Guyana Amazon Warriors,Barbados Tridents,MJ Guptill,Mohammad Hafeez,BMAJ Mendis,0,1,,,,1,,,,,
743163,2014,2014-07-26,"Kensington Oval, Bridgetown",1,17.3,Guyana Amazon Warriors,Barbados Tridents,Mohammad Hafeez,MJ Guptill,BMAJ Mendis,6,0,,,,,,,,,
743163,2014,2014-07-26,"Kensington Oval, Bridgetown",1,17.4,Guyana Amazon Warriors,Barbados Tridents,Mohammad Hafeez,MJ Guptill,BMAJ Mendis,6,0,,,,,,,,,
743163,2014,2014-07-26,"Kensington Oval, Bridgetown",1,17.5,Guyana Amazon Warriors,Barbados Tridents,Mohammad Hafeez,MJ Guptill,BMAJ Mendis,1,0,,,,,,,,,
743163,2014,2014-07-26,"Kensington Oval, Bridgetown",1,17.6,Guyana Amazon Warriors,Barbados Tridents,MJ Guptill,Mohammad Hafeez,BMAJ Mendis,1,0,,,,,,,,,
743163,2014,2014-07-26,"Kensington Oval, Bridgetown",1,18.1,Guyana Amazon Warriors,Barbados Tridents,MJ Guptill,Mohammad Hafeez,R Rampaul,1,0,,,,,,,,,
743163,2014,2014-07-26,"Kensington Oval, Bridgetown",1,18.2,Guyana Amazon Warriors,Barbados Tridents,Mohammad Hafeez,MJ Guptill,R Rampaul,6,0,,,,,,,,,
743163,2014,2014-07-26,"Kensington Oval, Bridgetown",1,18.3,Guyana Amazon Warriors,Barbados Tridents,Mohammad Hafeez,MJ Guptill,R Rampaul,1,0,,,,,,,,,
743163,2014,2014-07-26,"Kensington Oval, Bridgetown",1,18.4,Guyana Amazon Warriors,Barbados Tridents,MJ Guptill,Mohammad Hafeez,R Rampaul,2,0,,,,,,,,,
743163,2014,2014-07-26,"Kensington Oval, Bridgetown",1,18.5,Guyana Amazon Warriors,Barbados Tridents,MJ Guptill,Mohammad Hafeez,R Rampaul,1,0,,,,,,,,,
743163,2014,2014-07-26,"Kensington Oval, Bridgetown",1,18.6,Guyana Amazon Warriors,Barbados Tridents,Mohammad Hafeez,MJ Guptill,R Rampaul,4,0,,,,,,,,,
743163,2014,2014-07-26,"Kensington Oval, Bridgetown",1,19.1,Guyana Amazon Warriors,Barbados Tridents,MJ Guptill,Mohammad Hafeez,KA Pollard,1,0,,,,,,,,,
743163,2014,2014-07-26,"Kensington Oval, Bridgetown",1,19.2,Guyana Amazon Warriors,Barbados Tridents,Mohammad Hafeez,MJ Guptill,KA Pollard,0,0,,,,,,caught,Mohammad Hafeez,,
743163,2014,2014-07-26,"Kensington Oval, Bridgetown",1,19.3,Guyana Amazon Warriors,Barbados Tridents,MJ Guptill,TA Griffith,KA Pollard,1,0,,,,,,,,,
743163,2014,2014-07-26,"Kensington Oval, Bridgetown",1,19.4,Guyana Amazon Warriors,Barbados Tridents,TA Griffith,MJ Guptill,KA Pollard,0,1,,,1,,,,,,
743163,2014,2014-07-26,"Kensington Oval, Bridgetown",1,19.5,Guyana Amazon Warriors,Barbados Tridents,MJ Guptill,TA Griffith,KA Pollard,0,1,,,1,,,,,,
743163,2014,2014-07-26,"Kensington Oval, Bridgetown",1,19.6,Guyana Amazon Warriors,Barbados Tridents,TA Griffith,MJ Guptill,KA Pollard,6,0,,,,,,,,,
743163,2014,2014-07-26,"Kensington Oval, Bridgetown",2,0.1,Barbados Tridents,Guyana Amazon Warriors,DR Smith,SO Dowrich,Mohammad Hafeez,0,0,,,,,,,,,
743163,2014,2014-07-26,"Kensington Oval, Bridgetown",2,0.2,Barbados Tridents,Guyana Amazon Warriors,DR Smith,SO Dowrich,Mohammad Hafeez,0,0,,,,,,,,,
743163,2014,2014-07-26,"Kensington Oval, Bridgetown",2,0.3,Barbados Tridents,Guyana Amazon Warriors,DR Smith,SO Dowrich,Mohammad Hafeez,0,0,,,,,,,,,
743163,2014,2014-07-26,"Kensington Oval, Bridgetown",2,0.4,Barbados Tridents,Guyana Amazon Warriors,DR Smith,SO Dowrich,Mohammad Hafeez,1,0,,,,,,,,,
743163,2014,2014-07-26,"Kensington Oval, Bridgetown",2,0.5,Barbados Tridents,Guyana Amazon Warriors,SO Dowrich,DR Smith,Mohammad Hafeez,0,0,,,,,,,,,
743163,2014,2014-07-26,"Kensington Oval, Bridgetown",2,0.6,Barbados Tridents,Guyana Amazon Warriors,SO Dowrich,DR Smith,Mohammad Hafeez,1,0,,,,,,,,,
743163,2014,2014-07-26,"Kensington Oval, Bridgetown",2,1.1,Barbados Tridents,Guyana Amazon Warriors,SO Dowrich,DR Smith,K Santokie,2,0,,,,,,,,,
743163,2014,2014-07-26,"Kensington Oval, Bridgetown",2,1.2,Barbados Tridents,Guyana Amazon Warriors,SO Dowrich,DR Smith,K Santokie,0,0,,,,,,caught,SO Dowrich,,
743163,2014,2014-07-26,"Kensington Oval, Bridgetown",2,1.3,Barbados Tridents,Guyana Amazon Warriors,Shoaib Malik,DR Smith,K Santokie,0,0,,,,,,,,,
743163,2014,2014-07-26,"Kensington Oval, Bridgetown",2,1.4,Barbados Tridents,Guyana Amazon Warriors,Shoaib Malik,DR Smith,K Santokie,2,0,,,,,,,,,
743163,2014,2014-07-26,"Kensington Oval, Bridgetown",2,1.5,Barbados Tridents,Guyana Amazon Warriors,Shoaib Malik,DR Smith,K Santokie,1,0,,,,,,,,,
743163,2014,2014-07-26,"Kensington Oval, Bridgetown",2,1.6,Barbados Tridents,Guyana Amazon Warriors,DR Smith,Shoaib Malik,K Santokie,1,0,,,,,,,,,
743163,2014,2014-07-26,"Kensington Oval, Bridgetown",2,2.1,Barbados Tridents,Guyana Amazon Warriors,DR Smith,Shoaib Malik,RR Beaton,1,0,,,,,,,,,
743163,2014,2014-07-26,"Kensington Oval, Bridgetown",2,2.2,Barbados Tridents,Guyana Amazon Warriors,Shoaib Malik,DR Smith,RR Beaton,4,0,,,,,,,,,
743163,2014,2014-07-26,"Kensington Oval, Bridgetown",2,2.3,Barbados Tridents,Guyana Amazon Warriors,Shoaib Malik,DR Smith,RR Beaton,1,0,,,,,,,,,
743163,2014,2014-07-26,"Kensington Oval, Bridgetown",2,2.4,Barbados Tridents,Guyana Amazon Warriors,DR Smith,Shoaib Malik,RR Beaton,1,0,,,,,,,,,
743163,2014,2014-07-26,"Kensington Oval, Bridgetown",2,2.5,Barbados Tridents,Guyana Amazon Warriors,Shoaib Malik,DR Smith,RR Beaton,0,0,,,,,,,,,
743163,2014,2014-07-26,"Kensington Oval, Bridgetown",2,2.6,Barbados Tridents,Guyana Amazon Warriors,Shoaib Malik,DR Smith,RR Beaton,1,0,,,,,,,,,
743163,2014,2014-07-26,"Kensington Oval, Bridgetown",2,3.1,Barbados Tridents,Guyana Amazon Warriors,Shoaib Malik,DR Smith,K Santokie,1,0,,,,,,,,,
743163,2014,2014-07-26,"Kensington Oval, Bridgetown",2,3.2,Barbados Tridents,Guyana Amazon Warriors,DR Smith,Shoaib Malik,K Santokie,0,0,,,,,,,,,
743163,2014,2014-07-26,"Kensington Oval, Bridgetown",2,3.3,Barbados Tridents,Guyana Amazon Warriors,DR Smith,Shoaib Malik,K Santokie,1,0,,,,,,,,,
743163,2014,2014-07-26,"Kensington Oval, Bridgetown",2,3.4,Barbados Tridents,Guyana Amazon Warriors,Shoaib Malik,DR Smith,K Santokie,1,0,,,,,,,,,
743163,2014,2014-07-26,"Kensington Oval, Bridgetown",2,3.5,Barbados Tridents,Guyana Amazon Warriors,DR Smith,Shoaib Malik,K Santokie,2,0,,,,,,,,,
743163,2014,2014-07-26,"Kensington Oval, Bridgetown",2,3.6,Barbados Tridents,Guyana Amazon Warriors,DR Smith,Shoaib Malik,K Santokie,4,0,,,,,,,,,
743163,2014,2014-07-26,"Kensington Oval, Bridgetown",2,4.1,Barbados Tridents,Guyana Amazon Warriors,Shoaib Malik,DR Smith,RR Beaton,0,0,,,,,,,,,
743163,2014,2014-07-26,"Kensington Oval, Bridgetown",2,4.2,Barbados Tridents,Guyana Amazon Warriors,Shoaib Malik,DR Smith,RR Beaton,0,1,1,,,,,,,,
743163,2014,2014-07-26,"Kensington Oval, Bridgetown",2,4.3,Barbados Tridents,Guyana Amazon Warriors,Shoaib Malik,DR Smith,RR Beaton,0,1,1,,,,,,,,
743163,2014,2014-07-26,"Kensington Oval, Bridgetown",2,4.4,Barbados Tridents,Guyana Amazon Warriors,Shoaib Malik,DR Smith,RR Beaton,0,0,,,,,,,,,
743163,2014,2014-07-26,"Kensington Oval, Bridgetown",2,4.5,Barbados Tridents,Guyana Amazon Warriors,Shoaib Malik,DR Smith,RR Beaton,1,0,,,,,,,,,
743163,2014,2014-07-26,"Kensington Oval, Bridgetown",2,4.6,Barbados Tridents,Guyana Amazon Warriors,DR Smith,Shoaib Malik,RR Beaton,0,1,1,,,,,,,,
743163,2014,2014-07-26,"Kensington Oval, Bridgetown",2,4.7,Barbados Tridents,Guyana Amazon Warriors,DR Smith,Shoaib Malik,RR Beaton,4,0,,,,,,,,,
743163,2014,2014-07-26,"Kensington Oval, Bridgetown",2,4.8,Barbados Tridents,Guyana Amazon Warriors,DR Smith,Shoaib Malik,RR Beaton,1,0,,,,,,,,,
743163,2014,2014-07-26,"Kensington Oval, Bridgetown",2,4.9,Barbados Tridents,Guyana Amazon Warriors,Shoaib Malik,DR Smith,RR Beaton,1,0,,,,,,,,,
743163,2014,2014-07-26,"Kensington Oval, Bridgetown",2,5.1,Barbados Tridents,Guyana Amazon Warriors,Shoaib Malik,DR Smith,JDS Neesham,4,0,,,,,,,,,
743163,2014,2014-07-26,"Kensington Oval, Bridgetown",2,5.2,Barbados Tridents,Guyana Amazon Warriors,Shoaib Malik,DR Smith,JDS Neesham,4,0,,,,,,,,,
743163,2014,2014-07-26,"Kensington Oval, Bridgetown",2,5.3,Barbados Tridents,Guyana Amazon Warriors,Shoaib Malik,DR Smith,JDS Neesham,1,0,,,,,,,,,
743163,2014,2014-07-26,"Kensington Oval, Bridgetown",2,5.4,Barbados Tridents,Guyana Amazon Warriors,DR Smith,Shoaib Malik,JDS Neesham,0,0,,,,,,,,,
743163,2014,2014-07-26,"Kensington Oval, Bridgetown",2,5.5,Barbados Tridents,Guyana Amazon Warriors,DR Smith,Shoaib Malik,JDS Neesham,4,0,,,,,,,,,
743163,2014,2014-07-26,"Kensington Oval, Bridgetown",2,5.6,Barbados Tridents,Guyana Amazon Warriors,DR Smith,Shoaib Malik,JDS Neesham,2,0,,,,,,,,,
743163,2014,2014-07-26,"Kensington Oval, Bridgetown",2,6.1,Barbados Tridents,Guyana Amazon Warriors,Shoaib Malik,DR Smith,Mohammad Hafeez,1,0,,,,,,,,,
743163,2014,2014-07-26,"Kensington Oval, Bridgetown",2,6.2,Barbados Tridents,Guyana Amazon Warriors,DR Smith,Shoaib Malik,Mohammad Hafeez,0,0,,,,,,,,,
743163,2014,2014-07-26,"Kensington Oval, Bridgetown",2,6.3,Barbados Tridents,Guyana Amazon Warriors,DR Smith,Shoaib Malik,Mohammad Hafeez,1,0,,,,,,,,,
743163,2014,2014-07-26,"Kensington Oval, Bridgetown",2,6.4,Barbados Tridents,Guyana Amazon Warriors,Shoaib Malik,DR Smith,Mohammad Hafeez,1,0,,,,,,,,,
743163,2014,2014-07-26,"Kensington Oval, Bridgetown",2,6.5,Barbados Tridents,Guyana Amazon Warriors,DR Smith,Shoaib Malik,Mohammad Hafeez,0,0,,,,,,,,,
743163,2014,2014-07-26,"Kensington Oval, Bridgetown",2,6.6,Barbados Tridents,Guyana Amazon Warriors,DR Smith,Shoaib Malik,Mohammad Hafeez,4,0,,,,,,,,,
743163,2014,2014-07-26,"Kensington Oval, Bridgetown",2,7.1,Barbados Tridents,Guyana Amazon Warriors,Shoaib Malik,DR Smith,V Permaul,1,0,,,,,,,,,
743163,2014,2014-07-26,"Kensington Oval, Bridgetown",2,7.2,Barbados Tridents,Guyana Amazon Warriors,DR Smith,Shoaib Malik,V Permaul,1,0,,,,,,,,,
743163,2014,2014-07-26,"Kensington Oval, Bridgetown",2,7.3,Barbados Tridents,Guyana Amazon Warriors,Shoaib Malik,DR Smith,V Permaul,1,0,,,,,,,,,
743163,2014,2014-07-26,"Kensington Oval, Bridgetown",2,7.4,Barbados Tridents,Guyana Amazon Warriors,DR Smith,Shoaib Malik,V Permaul,0,0,,,,,,,,,
743163,2014,2014-07-26,"Kensington Oval, Bridgetown",2,7.5,Barbados Tridents,Guyana Amazon Warriors,DR Smith,Shoaib Malik,V Permaul,0,0,,,,,,,,,
743163,2014,2014-07-26,"Kensington Oval, Bridgetown",2,7.6,Barbados Tridents,Guyana Amazon Warriors,DR Smith,Shoaib Malik,V Permaul,6,0,,,,,,,,,
743163,2014,2014-07-26,"Kensington Oval, Bridgetown",2,8.1,Barbados Tridents,Guyana Amazon Warriors,Shoaib Malik,DR Smith,Mohammad Hafeez,1,0,,,,,,,,,
743163,2014,2014-07-26,"Kensington Oval, Bridgetown",2,8.2,Barbados Tridents,Guyana Amazon Warriors,DR Smith,Shoaib Malik,Mohammad Hafeez,2,0,,,,,,,,,
743163,2014,2014-07-26,"Kensington Oval, Bridgetown",2,8.3,Barbados Tridents,Guyana Amazon Warriors,DR Smith,Shoaib Malik,Mohammad Hafeez,0,0,,,,,,,,,
743163,2014,2014-07-26,"Kensington Oval, Bridgetown",2,8.4,Barbados Tridents,Guyana Amazon Warriors,DR Smith,Shoaib Malik,Mohammad Hafeez,0,0,,,,,,,,,
743163,2014,2014-07-26,"Kensington Oval, Bridgetown",2,8.5,Barbados Tridents,Guyana Amazon Warriors,DR Smith,Shoaib Malik,Mohammad Hafeez,6,0,,,,,,,,,
743163,2014,2014-07-26,"Kensington Oval, Bridgetown",2,8.6,Barbados Tridents,Guyana Amazon Warriors,DR Smith,Shoaib Malik,Mohammad Hafeez,0,0,,,,,,,,,
743163,2014,2014-07-26,"Kensington Oval, Bridgetown",2,9.1,Barbados Tridents,Guyana Amazon Warriors,Shoaib Malik,DR Smith,V Permaul,0,0,,,,,,,,,
743163,2014,2014-07-26,"Kensington Oval, Bridgetown",2,9.2,Barbados Tridents,Guyana Amazon Warriors,Shoaib Malik,DR Smith,V Permaul,1,0,,,,,,,,,
743163,2014,2014-07-26,"Kensington Oval, Bridgetown",2,9.3,Barbados Tridents,Guyana Amazon Warriors,DR Smith,Shoaib Malik,V Permaul,1,0,,,,,,,,,
743163,2014,2014-07-26,"Kensington Oval, Bridgetown",2,9.4,Barbados Tridents,Guyana Amazon Warriors,Shoaib Malik,DR Smith,V Permaul,1,0,,,,,,,,,
743163,2014,2014-07-26,"Kensington Oval, Bridgetown",2,9.5,Barbados Tridents,Guyana Amazon Warriors,DR Smith,Shoaib Malik,V Permaul,1,0,,,,,,,,,
743163,2014,2014-07-26,"Kensington Oval, Bridgetown",2,9.6,Barbados Tridents,Guyana Amazon Warriors,Shoaib Malik,DR Smith,V Permaul,1,0,,,,,,,,,
743163,2014,2014-07-26,"Kensington Oval, Bridgetown",2,10.1,Barbados Tridents,Guyana Amazon Warriors,Shoaib Malik,DR Smith,LMP Simmons,1,0,,,,,,,,,
743163,2014,2014-07-26,"Kensington Oval, Bridgetown",2,10.2,Barbados Tridents,Guyana Amazon Warriors,DR Smith,Shoaib Malik,LMP Simmons,0,0,,,,,,,,,
743163,2014,2014-07-26,"Kensington Oval, Bridgetown",2,10.3,Barbados Tridents,Guyana Amazon Warriors,DR Smith,Shoaib Malik,LMP Simmons,0,0,,,,,,,,,
743163,2014,2014-07-26,"Kensington Oval, Bridgetown",2,10.4,Barbados Tridents,Guyana Amazon Warriors,DR Smith,Shoaib Malik,LMP Simmons,6,0,,,,,,,,,
743163,2014,2014-07-26,"Kensington Oval, Bridgetown",2,10.5,Barbados Tridents,Guyana Amazon Warriors,DR Smith,Shoaib Malik,LMP Simmons,1,0,,,,,,,,,
743163,2014,2014-07-26,"Kensington Oval, Bridgetown",2,10.6,Barbados Tridents,Guyana Amazon Warriors,Shoaib Malik,DR Smith,LMP Simmons,1,0,,,,,,,,,
743163,2014,2014-07-26,"Kensington Oval, Bridgetown",2,11.1,Barbados Tridents,Guyana Amazon Warriors,Shoaib Malik,DR Smith,V Permaul,1,0,,,,,,,,,
743163,2014,2014-07-26,"Kensington Oval, Bridgetown",2,11.2,Barbados Tridents,Guyana Amazon Warriors,DR Smith,Shoaib Malik,V Permaul,0,0,,,,,,,,,
743163,2014,2014-07-26,"Kensington Oval, Bridgetown",2,11.3,Barbados Tridents,Guyana Amazon Warriors,DR Smith,Shoaib Malik,V Permaul,0,1,1,,,,,,,,
743163,2014,2014-07-26,"Kensington Oval, Bridgetown",2,11.4,Barbados Tridents,Guyana Amazon Warriors,DR Smith,Shoaib Malik,V Permaul,6,0,,,,,,,,,
743163,2014,2014-07-26,"Kensington Oval, Bridgetown",2,11.5,Barbados Tridents,Guyana Amazon Warriors,DR Smith,Shoaib Malik,V Permaul,2,0,,,,,,,,,
743163,2014,2014-07-26,"Kensington Oval, Bridgetown",2,11.6,Barbados Tridents,Guyana Amazon Warriors,DR Smith,Shoaib Malik,V Permaul,1,0,,,,,,,,,
743163,2014,2014-07-26,"Kensington Oval, Bridgetown",2,11.7,Barbados Tridents,Guyana Amazon Warriors,Shoaib Malik,DR Smith,V Permaul,1,0,,,,,,,,,
743163,2014,2014-07-26,"Kensington Oval, Bridgetown",2,12.1,Barbados Tridents,Guyana Amazon Warriors,Shoaib Malik,DR Smith,SA Jacobs,1,0,,,,,,,,,
743163,2014,2014-07-26,"Kensington Oval, Bridgetown",2,12.2,Barbados Tridents,Guyana Amazon Warriors,DR Smith,Shoaib Malik,SA Jacobs,0,0,,,,,,,,,
743163,2014,2014-07-26,"Kensington Oval, Bridgetown",2,12.3,Barbados Tridents,Guyana Amazon Warriors,DR Smith,Shoaib Malik,SA Jacobs,2,0,,,,,,,,,
743163,2014,2014-07-26,"Kensington Oval, Bridgetown",2,12.4,Barbados Tridents,Guyana Amazon Warriors,DR Smith,Shoaib Malik,SA Jacobs,0,0,,,,,,,,,
743163,2014,2014-07-26,"Kensington Oval, Bridgetown",2,12.5,Barbados Tridents,Guyana Amazon Warriors,DR Smith,Shoaib Malik,SA Jacobs,4,0,,,,,,,,,
743163,2014,2014-07-26,"Kensington Oval, Bridgetown",2,12.6,Barbados Tridents,Guyana Amazon Warriors,DR Smith,Shoaib Malik,SA Jacobs,1,0,,,,,,,,,
743163,2014,2014-07-26,"Kensington Oval, Bridgetown",2,13.1,Barbados Tridents,Guyana Amazon Warriors,DR Smith,Shoaib Malik,JDS Neesham,0,1,1,,,,,,,,
743163,2014,2014-07-26,"Kensington Oval, Bridgetown",2,13.2,Barbados Tridents,Guyana Amazon Warriors,DR Smith,Shoaib Malik,JDS Neesham,0,0,,,,,,,,,
743163,2014,2014-07-26,"Kensington Oval, Bridgetown",2,13.3,Barbados Tridents,Guyana Amazon Warriors,DR Smith,Shoaib Malik,JDS Neesham,1,0,,,,,,,,,
743163,2014,2014-07-26,"Kensington Oval, Bridgetown",2,13.4,Barbados Tridents,Guyana Amazon Warriors,Shoaib Malik,DR Smith,JDS Neesham,0,0,,,,,,,,,
743163,2014,2014-07-26,"Kensington Oval, Bridgetown",2,13.5,Barbados Tridents,Guyana Amazon Warriors,Shoaib Malik,DR Smith,JDS Neesham,4,0,,,,,,,,,
743163,2014,2014-07-26,"Kensington Oval, Bridgetown",2,13.6,Barbados Tridents,Guyana Amazon Warriors,Shoaib Malik,DR Smith,JDS Neesham,1,0,,,,,,,,,
743163,2014,2014-07-26,"Kensington Oval, Bridgetown",2,13.7,Barbados Tridents,Guyana Amazon Warriors,DR Smith,Shoaib Malik,JDS Neesham,0,0,,,,,,,,,
743163,2014,2014-07-26,"Kensington Oval, Bridgetown",2,14.1,Barbados Tridents,Guyana Amazon Warriors,Shoaib Malik,DR Smith,SA Jacobs,1,0,,,,,,,,,
743163,2014,2014-07-26,"Kensington Oval, Bridgetown",2,14.2,Barbados Tridents,Guyana Amazon Warriors,DR Smith,Shoaib Malik,SA Jacobs,6,0,,,,,,,,,
743163,2014,2014-07-26,"Kensington Oval, Bridgetown",2,14.3,Barbados Tridents,Guyana Amazon Warriors,DR Smith,Shoaib Malik,SA Jacobs,1,0,,,,,,,,,
743163,2014,2014-07-26,"Kensington Oval, Bridgetown",2,14.4,Barbados Tridents,Guyana Amazon Warriors,Shoaib Malik,DR Smith,SA Jacobs,1,0,,,,,,,,,
743163,2014,2014-07-26,"Kensington Oval, Bridgetown",2,14.5,Barbados Tridents,Guyana Amazon Warriors,DR Smith,Shoaib Malik,SA Jacobs,2,0,,,,,,,,,
743163,2014,2014-07-26,"Kensington Oval, Bridgetown",2,14.6,Barbados Tridents,Guyana Amazon Warriors,DR Smith,Shoaib Malik,SA Jacobs,4,0,,,,,,,,,
743163,2014,2014-07-26,"Kensington Oval, Bridgetown",2,15.1,Barbados Tridents,Guyana Amazon Warriors,Shoaib Malik,DR Smith,K Santokie,0,1,1,,,,,,,,
743163,2014,2014-07-26,"Kensington Oval, Bridgetown",2,15.2,Barbados Tridents,Guyana Amazon Warriors,Shoaib Malik,DR Smith,K Santokie,1,0,,,,,,,,,
743163,2014,2014-07-26,"Kensington Oval, Bridgetown",2,15.3,Barbados Tridents,Guyana Amazon Warriors,DR Smith,Shoaib Malik,K Santokie,1,0,,,,,,,,,
743163,2014,2014-07-26,"Kensington Oval, Bridgetown",2,15.4,Barbados Tridents,Guyana Amazon Warriors,Shoaib Malik,DR Smith,K Santokie,2,0,,,,,,,,,
743163,2014,2014-07-26,"Kensington Oval, Bridgetown",2,15.5,Barbados Tridents,Guyana Amazon Warriors,Shoaib Malik,DR Smith,K Santokie,4,0,,,,,,,,,
743163,2014,2014-07-26,"Kensington Oval, Bridgetown",2,15.6,Barbados Tridents,Guyana Amazon Warriors,Shoaib Malik,DR Smith,K Santokie,1,0,,,,,,,,,
743163,2014,2014-07-26,"Kensington Oval, Bridgetown",2,15.7,Barbados Tridents,Guyana Amazon Warriors,DR Smith,Shoaib Malik,K Santokie,1,0,,,,,,,,,
743163,2014,2014-07-26,"Kensington Oval, Bridgetown",2,16.1,Barbados Tridents,Guyana Amazon Warriors,DR Smith,Shoaib Malik,V Permaul,4,0,,,,,,,,,
743163,2014,2014-07-26,"Kensington Oval, Bridgetown",2,16.2,Barbados Tridents,Guyana Amazon Warriors,DR Smith,Shoaib Malik,V Permaul,6,0,,,,,,,,,
743163,2014,2014-07-26,"Kensington Oval, Bridgetown",2,16.3,Barbados Tridents,Guyana Amazon Warriors,DR Smith,Shoaib Malik,V Permaul,0,0,,,,,,,,,
743163,2014,2014-07-26,"Kensington Oval, Bridgetown",2,16.4,Barbados Tridents,Guyana Amazon Warriors,DR Smith,Shoaib Malik,V Permaul,0,0,,,,,,run out,Shoaib Malik,,
743163,2014,2014-07-26,"Kensington Oval, Bridgetown",2,16.5,Barbados Tridents,Guyana Amazon Warriors,KA Pollard,DR Smith,V Permaul,0,0,,,,,,,,,
743163,2014,2014-07-26,"Kensington Oval, Bridgetown",2,16.6,Barbados Tridents,Guyana Amazon Warriors,KA Pollard,DR Smith,V Permaul,0,0,,,,,,,,,
743163,2014,2014-07-26,"Kensington Oval, Bridgetown",2,17.1,Barbados Tridents,Guyana Amazon Warriors,DR Smith,KA Pollard,RR Beaton,4,0,,,,,,,,,
743163,2014,2014-07-26,"Kensington Oval, Bridgetown",2,17.2,Barbados Tridents,Guyana Amazon Warriors,DR Smith,KA Pollard,RR Beaton,1,0,,,,,,,,,
743163,2014,2014-07-26,"Kensington Oval, Bridgetown",2,17.3,Barbados Tridents,Guyana Amazon Warriors,KA Pollard,DR Smith,RR Beaton,0,0,,,,,,bowled,KA Pollard,,
743163,2014,2014-07-26,"Kensington Oval, Bridgetown",2,17.4,Barbados Tridents,Guyana Amazon Warriors,BMAJ Mendis,DR Smith,RR Beaton,0,0,,,,,,,,,
743163,2014,2014-07-26,"Kensington Oval, Bridgetown",2,17.5,Barbados Tridents,Guyana Amazon Warriors,BMAJ Mendis,DR Smith,RR Beaton,1,0,,,,,,,,,
743163,2014,2014-07-26,"Kensington Oval, Bridgetown",2,17.6,Barbados Tridents,Guyana Amazon Warriors,DR Smith,BMAJ Mendis,RR Beaton,0,0,,,,,,run out,BMAJ Mendis,,
743163,2014,2014-07-26,"Kensington Oval, Bridgetown",2,18.1,Barbados Tridents,Guyana Amazon Warriors,DR Smith,JL Carter,K Santokie,1,0,,,,,,,,,
743163,2014,2014-07-26,"Kensington Oval, Bridgetown",2,18.2,Barbados Tridents,Guyana Amazon Warriors,JL Carter,DR Smith,K Santokie,0,0,,,,,,,,,
743163,2014,2014-07-26,"Kensington Oval, Bridgetown",2,18.3,Barbados Tridents,Guyana Amazon Warriors,JL Carter,DR Smith,K Santokie,1,0,,,,,,,,,
743163,2014,2014-07-26,"Kensington Oval, Bridgetown",2,18.4,Barbados Tridents,Guyana Amazon Warriors,DR Smith,JL Carter,K Santokie,1,0,,,,,,,,,
743163,2014,2014-07-26,"Kensington Oval, Bridgetown",2,18.5,Barbados Tridents,Guyana Amazon Warriors,JL Carter,DR Smith,K Santokie,1,0,,,,,,,,,
743163,2014,2014-07-26,"Kensington Oval, Bridgetown",2,18.6,Barbados Tridents,Guyana Amazon Warriors,DR Smith,JL Carter,K Santokie,1,0,,,,,,,,,
743163,2014,2014-07-26,"Kensington Oval, Bridgetown",2,19.1,Barbados Tridents,Guyana Amazon Warriors,DR Smith,JL Carter,RR Beaton,0,0,,,,,,,,,
743163,2014,2014-07-26,"Kensington Oval, Bridgetown",2,19.2,Barbados Tridents,Guyana Amazon Warriors,DR Smith,JL Carter,RR Beaton,2,0,,,,,,,,,
743163,2014,2014-07-26,"Kensington Oval, Bridgetown",2,19.3,Barbados Tridents,Guyana Amazon Warriors,DR Smith,JL Carter,RR Beaton,0,0,,,,,,,,,
743163,2014,2014-07-26,"Kensington Oval, Bridgetown",2,19.4,Barbados Tridents,Guyana Amazon Warriors,DR Smith,JL Carter,RR Beaton,1,0,,,,,,,,,
743163,2014,2014-07-26,"Kensington Oval, Bridgetown",2,19.5,Barbados Tridents,Guyana Amazon Warriors,JL Carter,DR Smith,RR Beaton,0,0,,,,,,,,,
743163,2014,2014-07-26,"Kensington Oval, Bridgetown",2,19.6,Barbados Tridents,Guyana Amazon Warriors,JL Carter,DR Smith,RR Beaton,0,0,,,,,,,,,
