version,2.1.0
info,balls_per_over,6
info,team,St Lucia Zouks
info,team,Jamaica Tallawahs
info,gender,male
info,season,2015
info,date,2015/07/07
info,event,Caribbean Premier League
info,match_number,16
info,venue,"Sabina Park, Kingston"
info,city,Jamaica
info,toss_winner,Jamaica Tallawahs
info,toss_decision,field
info,player_of_match,CAK Walton
info,umpire,PA Gustard
info,umpire,JD Ward
info,reserve_umpire,CO Wright
info,tv_umpire,JS Wilson
info,match_referee,HPL Bruce
info,winner,Jamaica Tallawahs
info,winner_wickets,9
info,player,St Lucia Zouks,ADS Fletcher
info,player,St Lucia Zouks,J Charles
info,player,St Lucia Zouks,KP Pietersen
info,player,St Lucia Zouks,LRPL Taylor
info,player,St Lucia Zouks,H Davids
info,player,St Lucia Zouks,DJG Sammy
info,player,St Lucia Zouks,NL McCullum
info,player,St Lucia Zouks,KAJ Roach
info,player,St Lucia Zouks,FH Edwards
info,player,St Lucia Zouks,S Shillingford
info,player,St Lucia Zouks,ST Gabriel
info,player,Jamaica Tallawahs,CAK Walton
info,player,Jamaica Tallawahs,CH Gayle
info,player,Jamaica Tallawahs,CA Lynn
info,player,Jamaica Tallawahs,DPMD Jayawardene
info,player,Jamaica Tallawahs,AD Russell
info,player,Jamaica Tallawahs,J Blackwood
info,player,Jamaica Tallawahs,DL Vettori
info,player,Jamaica Tallawahs,J Theron
info,player,Jamaica Tallawahs,NE Bonner
info,player,Jamaica Tallawahs,JE Taylor
info,player,Jamaica Tallawahs,K Santokie
info,registry,people,AD Russell,bbd41817
info,registry,people,ADS Fletcher,1bae756b
info,registry,people,CA Lynn,45eda7c8
info,registry,people,CAK Walton,bbff906c
info,registry,people,CH Gayle,db584dad
info,registry,people,CO Wright,a541fc41
info,registry,people,DJG Sammy,c03c6200
info,registry,people,DL Vettori,d7c6af50
info,registry,people,DPMD Jayawardene,d18f9182
info,registry,people,FH Edwards,a7c226e1
info,registry,people,H Davids,9c9f8dbc
info,registry,people,HPL Bruce,e91d7d02
info,registry,people,J Blackwood,c3b93a03
info,registry,people,J Charles,09a9d073
info,registry,people,J Theron,dec8e038
info,registry,people,JD Ward,511299c1
info,registry,people,JE Taylor,4180d897
info,registry,people,JS Wilson,d7f3b72f
info,registry,people,K Santokie,531f0278
info,registry,people,KAJ Roach,78eb4223
info,registry,people,KP Pietersen,39f01cdb
info,registry,people,LRPL Taylor,b61a3e1a
info,registry,people,NE Bonner,59ddd811
info,registry,people,NL McCullum,5673a3fc
info,registry,people,PA Gustard,25bcf808
info,registry,people,S Shillingford,d76b0d2d
info,registry,people,ST Gabriel,d9609443
