match_id,season,start_date,venue,innings,ball,batting_team,bowling_team,striker,non_striker,bowler,runs_off_bat,extras,wides,noballs,byes,legbyes,penalty,wicket_type,player_dismissed,other_wicket_type,other_player_dismissed
857757,2015,2015-07-18,Providence Stadium,1,0.1,Barbados Tridents,Guyana Amazon Warriors,DR Smith,Steven Ryan Taylor,M de Lange,0,0,,,,,,,,,
857757,2015,2015-07-18,Providence Stadium,1,0.2,Barbados Tridents,Guyana Amazon Warriors,DR Smith,Steven Ryan Taylor,M de Lange,0,0,,,,,,,,,
857757,2015,2015-07-18,Providence Stadium,1,0.3,Barbados Tridents,Guyana Amazon Warriors,DR Smith,Steven Ryan Taylor,M de Lange,4,1,,1,,,,,,,
857757,2015,2015-07-18,Providence Stadium,1,0.4,Barbados Tridents,Guyana Amazon Warriors,DR Smith,Steven Ryan Taylor,M de Lange,0,0,,,,,,,,,
857757,2015,2015-07-18,Providence Stadium,1,0.5,Barbados Tridents,Guyana Amazon Warriors,DR Smith,Steven Ryan Taylor,M de Lange,0,0,,,,,,,,,
857757,2015,2015-07-18,Providence Stadium,1,0.6,Barbados Tridents,Guyana Amazon Warriors,DR Smith,Steven Ryan Taylor,M de Lange,1,0,,,,,,,,,
857757,2015,2015-07-18,Providence Stadium,1,0.7,Barbados Tridents,Guyana Amazon Warriors,Steven Ryan Taylor,DR Smith,M de Lange,0,0,,,,,,,,,
857757,2015,2015-07-18,Providence Stadium,1,1.1,Barbados Tridents,Guyana Amazon Warriors,DR Smith,Steven Ryan Taylor,V Permaul,0,0,,,,,,,,,
857757,2015,2015-07-18,Providence Stadium,1,1.2,Barbados Tridents,Guyana Amazon Warriors,DR Smith,Steven Ryan Taylor,V Permaul,0,0,,,,,,,,,
857757,2015,2015-07-18,Providence Stadium,1,1.3,Barbados Tridents,Guyana Amazon Warriors,DR Smith,Steven Ryan Taylor,V Permaul,1,0,,,,,,,,,
857757,2015,2015-07-18,Providence Stadium,1,1.4,Barbados Tridents,Guyana Amazon Warriors,Steven Ryan Taylor,DR Smith,V Permaul,2,0,,,,,,,,,
857757,2015,2015-07-18,Providence Stadium,1,1.5,Barbados Tridents,Guyana Amazon Warriors,Steven Ryan Taylor,DR Smith,V Permaul,0,0,,,,,,,,,
857757,2015,2015-07-18,Providence Stadium,1,1.6,Barbados Tridents,Guyana Amazon Warriors,Steven Ryan Taylor,DR Smith,V Permaul,0,0,,,,,,,,,
857757,2015,2015-07-18,Providence Stadium,1,2.1,Barbados Tridents,Guyana Amazon Warriors,DR Smith,Steven Ryan Taylor,M de Lange,1,0,,,,,,,,,
857757,2015,2015-07-18,Providence Stadium,1,2.2,Barbados Tridents,Guyana Amazon Warriors,Steven Ryan Taylor,DR Smith,M de Lange,0,0,,,,,,,,,
857757,2015,2015-07-18,Providence Stadium,1,2.3,Barbados Tridents,Guyana Amazon Warriors,Steven Ryan Taylor,DR Smith,M de Lange,1,0,,,,,,,,,
857757,2015,2015-07-18,Providence Stadium,1,2.4,Barbados Tridents,Guyana Amazon Warriors,DR Smith,Steven Ryan Taylor,M de Lange,1,0,,,,,,,,,
857757,2015,2015-07-18,Providence Stadium,1,2.5,Barbados Tridents,Guyana Amazon Warriors,Steven Ryan Taylor,DR Smith,M de Lange,0,2,,,,2,,,,,
857757,2015,2015-07-18,Providence Stadium,1,2.6,Barbados Tridents,Guyana Amazon Warriors,Steven Ryan Taylor,DR Smith,M de Lange,1,0,,,,,,,,,
857757,2015,2015-07-18,Providence Stadium,1,3.1,Barbados Tridents,Guyana Amazon Warriors,Steven Ryan Taylor,DR Smith,V Permaul,6,0,,,,,,,,,
857757,2015,2015-07-18,Providence Stadium,1,3.2,Barbados Tridents,Guyana Amazon Warriors,Steven Ryan Taylor,DR Smith,V Permaul,0,0,,,,,,,,,
857757,2015,2015-07-18,Providence Stadium,1,3.3,Barbados Tridents,Guyana Amazon Warriors,Steven Ryan Taylor,DR Smith,V Permaul,0,0,,,,,,,,,
857757,2015,2015-07-18,Providence Stadium,1,3.4,Barbados Tridents,Guyana Amazon Warriors,Steven Ryan Taylor,DR Smith,V Permaul,2,0,,,,,,,,,
857757,2015,2015-07-18,Providence Stadium,1,3.5,Barbados Tridents,Guyana Amazon Warriors,Steven Ryan Taylor,DR Smith,V Permaul,0,0,,,,,,,,,
857757,2015,2015-07-18,Providence Stadium,1,3.6,Barbados Tridents,Guyana Amazon Warriors,Steven Ryan Taylor,DR Smith,V Permaul,1,0,,,,,,,,,
857757,2015,2015-07-18,Providence Stadium,1,4.1,Barbados Tridents,Guyana Amazon Warriors,Steven Ryan Taylor,DR Smith,D Wiese,0,0,,,,,,caught,Steven Ryan Taylor,,
857757,2015,2015-07-18,Providence Stadium,1,4.2,Barbados Tridents,Guyana Amazon Warriors,DR Smith,Misbah-ul-Haq,D Wiese,0,0,,,,,,,,,
857757,2015,2015-07-18,Providence Stadium,1,4.3,Barbados Tridents,Guyana Amazon Warriors,DR Smith,Misbah-ul-Haq,D Wiese,0,0,,,,,,,,,
857757,2015,2015-07-18,Providence Stadium,1,4.4,Barbados Tridents,Guyana Amazon Warriors,DR Smith,Misbah-ul-Haq,D Wiese,6,0,,,,,,,,,
857757,2015,2015-07-18,Providence Stadium,1,4.5,Barbados Tridents,Guyana Amazon Warriors,DR Smith,Misbah-ul-Haq,D Wiese,0,0,,,,,,,,,
857757,2015,2015-07-18,Providence Stadium,1,4.6,Barbados Tridents,Guyana Amazon Warriors,DR Smith,Misbah-ul-Haq,D Wiese,0,0,,,,,,caught,DR Smith,,
857757,2015,2015-07-18,Providence Stadium,1,5.1,Barbados Tridents,Guyana Amazon Warriors,JL Carter,Misbah-ul-Haq,V Permaul,0,0,,,,,,,,,
857757,2015,2015-07-18,Providence Stadium,1,5.2,Barbados Tridents,Guyana Amazon Warriors,JL Carter,Misbah-ul-Haq,V Permaul,4,0,,,,,,,,,
857757,2015,2015-07-18,Providence Stadium,1,5.3,Barbados Tridents,Guyana Amazon Warriors,JL Carter,Misbah-ul-Haq,V Permaul,0,0,,,,,,,,,
857757,2015,2015-07-18,Providence Stadium,1,5.4,Barbados Tridents,Guyana Amazon Warriors,JL Carter,Misbah-ul-Haq,V Permaul,0,0,,,,,,,,,
857757,2015,2015-07-18,Providence Stadium,1,5.5,Barbados Tridents,Guyana Amazon Warriors,JL Carter,Misbah-ul-Haq,V Permaul,3,0,,,,,,,,,
857757,2015,2015-07-18,Providence Stadium,1,5.6,Barbados Tridents,Guyana Amazon Warriors,Misbah-ul-Haq,JL Carter,V Permaul,0,0,,,,,,,,,
857757,2015,2015-07-18,Providence Stadium,1,6.1,Barbados Tridents,Guyana Amazon Warriors,JL Carter,Misbah-ul-Haq,D Wiese,0,0,,,,,,caught,JL Carter,,
857757,2015,2015-07-18,Providence Stadium,1,6.2,Barbados Tridents,Guyana Amazon Warriors,RJ Peterson,Misbah-ul-Haq,D Wiese,0,0,,,,,,,,,
857757,2015,2015-07-18,Providence Stadium,1,6.3,Barbados Tridents,Guyana Amazon Warriors,RJ Peterson,Misbah-ul-Haq,D Wiese,0,0,,,,,,,,,
857757,2015,2015-07-18,Providence Stadium,1,6.4,Barbados Tridents,Guyana Amazon Warriors,RJ Peterson,Misbah-ul-Haq,D Wiese,1,0,,,,,,,,,
857757,2015,2015-07-18,Providence Stadium,1,6.5,Barbados Tridents,Guyana Amazon Warriors,Misbah-ul-Haq,RJ Peterson,D Wiese,0,0,,,,,,,,,
857757,2015,2015-07-18,Providence Stadium,1,6.6,Barbados Tridents,Guyana Amazon Warriors,Misbah-ul-Haq,RJ Peterson,D Wiese,1,0,,,,,,,,,
857757,2015,2015-07-18,Providence Stadium,1,7.1,Barbados Tridents,Guyana Amazon Warriors,Misbah-ul-Haq,RJ Peterson,D Bishoo,1,0,,,,,,,,,
857757,2015,2015-07-18,Providence Stadium,1,7.2,Barbados Tridents,Guyana Amazon Warriors,RJ Peterson,Misbah-ul-Haq,D Bishoo,1,0,,,,,,,,,
857757,2015,2015-07-18,Providence Stadium,1,7.3,Barbados Tridents,Guyana Amazon Warriors,Misbah-ul-Haq,RJ Peterson,D Bishoo,0,0,,,,,,,,,
857757,2015,2015-07-18,Providence Stadium,1,7.4,Barbados Tridents,Guyana Amazon Warriors,Misbah-ul-Haq,RJ Peterson,D Bishoo,0,0,,,,,,,,,
857757,2015,2015-07-18,Providence Stadium,1,7.5,Barbados Tridents,Guyana Amazon Warriors,Misbah-ul-Haq,RJ Peterson,D Bishoo,1,0,,,,,,,,,
857757,2015,2015-07-18,Providence Stadium,1,7.6,Barbados Tridents,Guyana Amazon Warriors,RJ Peterson,Misbah-ul-Haq,D Bishoo,0,0,,,,,,,,,
857757,2015,2015-07-18,Providence Stadium,1,8.1,Barbados Tridents,Guyana Amazon Warriors,Misbah-ul-Haq,RJ Peterson,SP Narine,1,0,,,,,,,,,
857757,2015,2015-07-18,Providence Stadium,1,8.2,Barbados Tridents,Guyana Amazon Warriors,RJ Peterson,Misbah-ul-Haq,SP Narine,1,0,,,,,,,,,
857757,2015,2015-07-18,Providence Stadium,1,8.3,Barbados Tridents,Guyana Amazon Warriors,Misbah-ul-Haq,RJ Peterson,SP Narine,1,0,,,,,,,,,
857757,2015,2015-07-18,Providence Stadium,1,8.4,Barbados Tridents,Guyana Amazon Warriors,RJ Peterson,Misbah-ul-Haq,SP Narine,0,0,,,,,,,,,
857757,2015,2015-07-18,Providence Stadium,1,8.5,Barbados Tridents,Guyana Amazon Warriors,RJ Peterson,Misbah-ul-Haq,SP Narine,0,0,,,,,,,,,
857757,2015,2015-07-18,Providence Stadium,1,8.6,Barbados Tridents,Guyana Amazon Warriors,RJ Peterson,Misbah-ul-Haq,SP Narine,0,0,,,,,,,,,
857757,2015,2015-07-18,Providence Stadium,1,9.1,Barbados Tridents,Guyana Amazon Warriors,Misbah-ul-Haq,RJ Peterson,D Bishoo,1,0,,,,,,,,,
857757,2015,2015-07-18,Providence Stadium,1,9.2,Barbados Tridents,Guyana Amazon Warriors,RJ Peterson,Misbah-ul-Haq,D Bishoo,0,0,,,,,,,,,
857757,2015,2015-07-18,Providence Stadium,1,9.3,Barbados Tridents,Guyana Amazon Warriors,RJ Peterson,Misbah-ul-Haq,D Bishoo,0,0,,,,,,,,,
857757,2015,2015-07-18,Providence Stadium,1,9.4,Barbados Tridents,Guyana Amazon Warriors,RJ Peterson,Misbah-ul-Haq,D Bishoo,0,0,,,,,,,,,
857757,2015,2015-07-18,Providence Stadium,1,9.5,Barbados Tridents,Guyana Amazon Warriors,RJ Peterson,Misbah-ul-Haq,D Bishoo,0,0,,,,,,,,,
857757,2015,2015-07-18,Providence Stadium,1,9.6,Barbados Tridents,Guyana Amazon Warriors,RJ Peterson,Misbah-ul-Haq,D Bishoo,0,0,,,,,,,,,
857757,2015,2015-07-18,Providence Stadium,1,10.1,Barbados Tridents,Guyana Amazon Warriors,Misbah-ul-Haq,RJ Peterson,SP Narine,0,0,,,,,,,,,
857757,2015,2015-07-18,Providence Stadium,1,10.2,Barbados Tridents,Guyana Amazon Warriors,Misbah-ul-Haq,RJ Peterson,SP Narine,0,0,,,,,,,,,
857757,2015,2015-07-18,Providence Stadium,1,10.3,Barbados Tridents,Guyana Amazon Warriors,Misbah-ul-Haq,RJ Peterson,SP Narine,0,0,,,,,,,,,
857757,2015,2015-07-18,Providence Stadium,1,10.4,Barbados Tridents,Guyana Amazon Warriors,Misbah-ul-Haq,RJ Peterson,SP Narine,0,0,,,,,,,,,
857757,2015,2015-07-18,Providence Stadium,1,10.5,Barbados Tridents,Guyana Amazon Warriors,Misbah-ul-Haq,RJ Peterson,SP Narine,0,0,,,,,,,,,
857757,2015,2015-07-18,Providence Stadium,1,10.6,Barbados Tridents,Guyana Amazon Warriors,Misbah-ul-Haq,RJ Peterson,SP Narine,0,0,,,,,,,,,
857757,2015,2015-07-18,Providence Stadium,1,11.1,Barbados Tridents,Guyana Amazon Warriors,RJ Peterson,Misbah-ul-Haq,D Bishoo,6,0,,,,,,,,,
857757,2015,2015-07-18,Providence Stadium,1,11.2,Barbados Tridents,Guyana Amazon Warriors,RJ Peterson,Misbah-ul-Haq,D Bishoo,4,0,,,,,,,,,
857757,2015,2015-07-18,Providence Stadium,1,11.3,Barbados Tridents,Guyana Amazon Warriors,RJ Peterson,Misbah-ul-Haq,D Bishoo,0,0,,,,,,bowled,RJ Peterson,,
857757,2015,2015-07-18,Providence Stadium,1,11.4,Barbados Tridents,Guyana Amazon Warriors,KA Pollard,Misbah-ul-Haq,D Bishoo,1,0,,,,,,,,,
857757,2015,2015-07-18,Providence Stadium,1,11.5,Barbados Tridents,Guyana Amazon Warriors,Misbah-ul-Haq,KA Pollard,D Bishoo,0,0,,,,,,caught,Misbah-ul-Haq,,
857757,2015,2015-07-18,Providence Stadium,1,11.6,Barbados Tridents,Guyana Amazon Warriors,JO Holder,KA Pollard,D Bishoo,0,0,,,,,,,,,
857757,2015,2015-07-18,Providence Stadium,1,12.1,Barbados Tridents,Guyana Amazon Warriors,KA Pollard,JO Holder,V Permaul,0,0,,,,,,,,,
857757,2015,2015-07-18,Providence Stadium,1,12.2,Barbados Tridents,Guyana Amazon Warriors,KA Pollard,JO Holder,V Permaul,1,0,,,,,,,,,
857757,2015,2015-07-18,Providence Stadium,1,12.3,Barbados Tridents,Guyana Amazon Warriors,JO Holder,KA Pollard,V Permaul,6,0,,,,,,,,,
857757,2015,2015-07-18,Providence Stadium,1,12.4,Barbados Tridents,Guyana Amazon Warriors,JO Holder,KA Pollard,V Permaul,1,0,,,,,,,,,
857757,2015,2015-07-18,Providence Stadium,1,12.5,Barbados Tridents,Guyana Amazon Warriors,KA Pollard,JO Holder,V Permaul,0,0,,,,,,,,,
857757,2015,2015-07-18,Providence Stadium,1,12.6,Barbados Tridents,Guyana Amazon Warriors,KA Pollard,JO Holder,V Permaul,0,0,,,,,,bowled,KA Pollard,,
857757,2015,2015-07-18,Providence Stadium,1,13.1,Barbados Tridents,Guyana Amazon Warriors,JO Holder,RR Emrit,D Bishoo,4,0,,,,,,,,,
857757,2015,2015-07-18,Providence Stadium,1,13.2,Barbados Tridents,Guyana Amazon Warriors,JO Holder,RR Emrit,D Bishoo,0,0,,,,,,,,,
857757,2015,2015-07-18,Providence Stadium,1,13.3,Barbados Tridents,Guyana Amazon Warriors,JO Holder,RR Emrit,D Bishoo,0,0,,,,,,,,,
857757,2015,2015-07-18,Providence Stadium,1,13.4,Barbados Tridents,Guyana Amazon Warriors,JO Holder,RR Emrit,D Bishoo,2,0,,,,,,,,,
857757,2015,2015-07-18,Providence Stadium,1,13.5,Barbados Tridents,Guyana Amazon Warriors,JO Holder,RR Emrit,D Bishoo,1,0,,,,,,,,,
857757,2015,2015-07-18,Providence Stadium,1,13.6,Barbados Tridents,Guyana Amazon Warriors,RR Emrit,JO Holder,D Bishoo,1,0,,,,,,,,,
857757,2015,2015-07-18,Providence Stadium,1,14.1,Barbados Tridents,Guyana Amazon Warriors,RR Emrit,JO Holder,SP Narine,0,0,,,,,,,,,
857757,2015,2015-07-18,Providence Stadium,1,14.2,Barbados Tridents,Guyana Amazon Warriors,RR Emrit,JO Holder,SP Narine,0,0,,,,,,,,,
857757,2015,2015-07-18,Providence Stadium,1,14.3,Barbados Tridents,Guyana Amazon Warriors,RR Emrit,JO Holder,SP Narine,2,0,,,,,,,,,
857757,2015,2015-07-18,Providence Stadium,1,14.4,Barbados Tridents,Guyana Amazon Warriors,RR Emrit,JO Holder,SP Narine,0,0,,,,,,,,,
857757,2015,2015-07-18,Providence Stadium,1,14.5,Barbados Tridents,Guyana Amazon Warriors,RR Emrit,JO Holder,SP Narine,1,0,,,,,,,,,
857757,2015,2015-07-18,Providence Stadium,1,14.6,Barbados Tridents,Guyana Amazon Warriors,JO Holder,RR Emrit,SP Narine,0,0,,,,,,,,,
857757,2015,2015-07-18,Providence Stadium,1,15.1,Barbados Tridents,Guyana Amazon Warriors,RR Emrit,JO Holder,M de Lange,1,0,,,,,,,,,
857757,2015,2015-07-18,Providence Stadium,1,15.2,Barbados Tridents,Guyana Amazon Warriors,JO Holder,RR Emrit,M de Lange,1,0,,,,,,,,,
857757,2015,2015-07-18,Providence Stadium,1,15.3,Barbados Tridents,Guyana Amazon Warriors,RR Emrit,JO Holder,M de Lange,2,0,,,,,,,,,
857757,2015,2015-07-18,Providence Stadium,1,15.4,Barbados Tridents,Guyana Amazon Warriors,RR Emrit,JO Holder,M de Lange,0,0,,,,,,,,,
857757,2015,2015-07-18,Providence Stadium,1,15.5,Barbados Tridents,Guyana Amazon Warriors,RR Emrit,JO Holder,M de Lange,0,0,,,,,,,,,
857757,2015,2015-07-18,Providence Stadium,1,15.6,Barbados Tridents,Guyana Amazon Warriors,RR Emrit,JO Holder,M de Lange,1,0,,,,,,,,,
857757,2015,2015-07-18,Providence Stadium,1,16.1,Barbados Tridents,Guyana Amazon Warriors,RR Emrit,JO Holder,D Wiese,1,0,,,,,,,,,
857757,2015,2015-07-18,Providence Stadium,1,16.2,Barbados Tridents,Guyana Amazon Warriors,JO Holder,RR Emrit,D Wiese,1,0,,,,,,,,,
857757,2015,2015-07-18,Providence Stadium,1,16.3,Barbados Tridents,Guyana Amazon Warriors,RR Emrit,JO Holder,D Wiese,0,1,,,,1,,,,,
857757,2015,2015-07-18,Providence Stadium,1,16.4,Barbados Tridents,Guyana Amazon Warriors,JO Holder,RR Emrit,D Wiese,1,0,,,,,,,,,
857757,2015,2015-07-18,Providence Stadium,1,16.5,Barbados Tridents,Guyana Amazon Warriors,RR Emrit,JO Holder,D Wiese,4,0,,,,,,,,,
857757,2015,2015-07-18,Providence Stadium,1,16.6,Barbados Tridents,Guyana Amazon Warriors,RR Emrit,JO Holder,D Wiese,1,0,,,,,,,,,
857757,2015,2015-07-18,Providence Stadium,1,17.1,Barbados Tridents,Guyana Amazon Warriors,RR Emrit,JO Holder,SP Narine,6,0,,,,,,,,,
857757,2015,2015-07-18,Providence Stadium,1,17.2,Barbados Tridents,Guyana Amazon Warriors,RR Emrit,JO Holder,SP Narine,0,0,,,,,,,,,
857757,2015,2015-07-18,Providence Stadium,1,17.3,Barbados Tridents,Guyana Amazon Warriors,RR Emrit,JO Holder,SP Narine,1,0,,,,,,,,,
857757,2015,2015-07-18,Providence Stadium,1,17.4,Barbados Tridents,Guyana Amazon Warriors,JO Holder,RR Emrit,SP Narine,1,0,,,,,,,,,
857757,2015,2015-07-18,Providence Stadium,1,17.5,Barbados Tridents,Guyana Amazon Warriors,RR Emrit,JO Holder,SP Narine,0,0,,,,,,,,,
857757,2015,2015-07-18,Providence Stadium,1,17.6,Barbados Tridents,Guyana Amazon Warriors,RR Emrit,JO Holder,SP Narine,0,0,,,,,,,,,
857757,2015,2015-07-18,Providence Stadium,1,18.1,Barbados Tridents,Guyana Amazon Warriors,JO Holder,RR Emrit,D Wiese,2,0,,,,,,,,,
857757,2015,2015-07-18,Providence Stadium,1,18.2,Barbados Tridents,Guyana Amazon Warriors,JO Holder,RR Emrit,D Wiese,6,0,,,,,,,,,
857757,2015,2015-07-18,Providence Stadium,1,18.3,Barbados Tridents,Guyana Amazon Warriors,JO Holder,RR Emrit,D Wiese,4,0,,,,,,,,,
857757,2015,2015-07-18,Providence Stadium,1,18.4,Barbados Tridents,Guyana Amazon Warriors,JO Holder,RR Emrit,D Wiese,0,0,,,,,,caught,JO Holder,,
857757,2015,2015-07-18,Providence Stadium,1,18.5,Barbados Tridents,Guyana Amazon Warriors,RR Emrit,AR Nurse,D Wiese,0,0,,,,,,caught,RR Emrit,,
857757,2015,2015-07-18,Providence Stadium,1,18.6,Barbados Tridents,Guyana Amazon Warriors,AR Nurse,R Rampaul,D Wiese,0,1,1,,,,,,,,
857757,2015,2015-07-18,Providence Stadium,1,18.7,Barbados Tridents,Guyana Amazon Warriors,AR Nurse,R Rampaul,D Wiese,1,0,,,,,,,,,
857757,2015,2015-07-18,Providence Stadium,1,19.1,Barbados Tridents,Guyana Amazon Warriors,AR Nurse,R Rampaul,M de Lange,0,1,,1,,,,,,,
857757,2015,2015-07-18,Providence Stadium,1,19.2,Barbados Tridents,Guyana Amazon Warriors,AR Nurse,R Rampaul,M de Lange,6,0,,,,,,,,,
857757,2015,2015-07-18,Providence Stadium,1,19.3,Barbados Tridents,Guyana Amazon Warriors,AR Nurse,R Rampaul,M de Lange,0,0,,,,,,caught,AR Nurse,,
857757,2015,2015-07-18,Providence Stadium,1,19.4,Barbados Tridents,Guyana Amazon Warriors,R Rampaul,I Khan (2),M de Lange,0,0,,,,,,,,,
857757,2015,2015-07-18,Providence Stadium,1,19.5,Barbados Tridents,Guyana Amazon Warriors,R Rampaul,I Khan (2),M de Lange,1,0,,,,,,,,,
857757,2015,2015-07-18,Providence Stadium,1,19.6,Barbados Tridents,Guyana Amazon Warriors,I Khan (2),R Rampaul,M de Lange,1,0,,,,,,,,,
857757,2015,2015-07-18,Providence Stadium,1,19.7,Barbados Tridents,Guyana Amazon Warriors,R Rampaul,I Khan (2),M de Lange,4,0,,,,,,,,,
857757,2015,2015-07-18,Providence Stadium,2,0.1,Guyana Amazon Warriors,Barbados Tridents,LMP Simmons,BJ Hodge,RR Emrit,0,0,,,,,,,,,
857757,2015,2015-07-18,Providence Stadium,2,0.2,Guyana Amazon Warriors,Barbados Tridents,LMP Simmons,BJ Hodge,RR Emrit,1,0,,,,,,,,,
857757,2015,2015-07-18,Providence Stadium,2,0.3,Guyana Amazon Warriors,Barbados Tridents,BJ Hodge,LMP Simmons,RR Emrit,4,0,,,,,,,,,
857757,2015,2015-07-18,Providence Stadium,2,0.4,Guyana Amazon Warriors,Barbados Tridents,BJ Hodge,LMP Simmons,RR Emrit,0,0,,,,,,,,,
857757,2015,2015-07-18,Providence Stadium,2,0.5,Guyana Amazon Warriors,Barbados Tridents,BJ Hodge,LMP Simmons,RR Emrit,0,0,,,,,,,,,
857757,2015,2015-07-18,Providence Stadium,2,0.6,Guyana Amazon Warriors,Barbados Tridents,BJ Hodge,LMP Simmons,RR Emrit,0,0,,,,,,,,,
857757,2015,2015-07-18,Providence Stadium,2,1.1,Guyana Amazon Warriors,Barbados Tridents,LMP Simmons,BJ Hodge,RJ Peterson,1,0,,,,,,,,,
857757,2015,2015-07-18,Providence Stadium,2,1.2,Guyana Amazon Warriors,Barbados Tridents,BJ Hodge,LMP Simmons,RJ Peterson,4,0,,,,,,,,,
857757,2015,2015-07-18,Providence Stadium,2,1.3,Guyana Amazon Warriors,Barbados Tridents,BJ Hodge,LMP Simmons,RJ Peterson,0,0,,,,,,,,,
857757,2015,2015-07-18,Providence Stadium,2,1.4,Guyana Amazon Warriors,Barbados Tridents,BJ Hodge,LMP Simmons,RJ Peterson,1,0,,,,,,,,,
857757,2015,2015-07-18,Providence Stadium,2,1.5,Guyana Amazon Warriors,Barbados Tridents,LMP Simmons,BJ Hodge,RJ Peterson,1,0,,,,,,,,,
857757,2015,2015-07-18,Providence Stadium,2,1.6,Guyana Amazon Warriors,Barbados Tridents,BJ Hodge,LMP Simmons,RJ Peterson,0,0,,,,,,,,,
857757,2015,2015-07-18,Providence Stadium,2,2.1,Guyana Amazon Warriors,Barbados Tridents,LMP Simmons,BJ Hodge,R Rampaul,0,0,,,,,,,,,
857757,2015,2015-07-18,Providence Stadium,2,2.2,Guyana Amazon Warriors,Barbados Tridents,LMP Simmons,BJ Hodge,R Rampaul,1,0,,,,,,,,,
857757,2015,2015-07-18,Providence Stadium,2,2.3,Guyana Amazon Warriors,Barbados Tridents,BJ Hodge,LMP Simmons,R Rampaul,4,0,,,,,,,,,
857757,2015,2015-07-18,Providence Stadium,2,2.4,Guyana Amazon Warriors,Barbados Tridents,BJ Hodge,LMP Simmons,R Rampaul,0,0,,,,,,,,,
857757,2015,2015-07-18,Providence Stadium,2,2.5,Guyana Amazon Warriors,Barbados Tridents,BJ Hodge,LMP Simmons,R Rampaul,0,0,,,,,,,,,
857757,2015,2015-07-18,Providence Stadium,2,2.6,Guyana Amazon Warriors,Barbados Tridents,BJ Hodge,LMP Simmons,R Rampaul,0,0,,,,,,,,,
857757,2015,2015-07-18,Providence Stadium,2,3.1,Guyana Amazon Warriors,Barbados Tridents,LMP Simmons,BJ Hodge,RJ Peterson,0,0,,,,,,,,,
857757,2015,2015-07-18,Providence Stadium,2,3.2,Guyana Amazon Warriors,Barbados Tridents,LMP Simmons,BJ Hodge,RJ Peterson,0,0,,,,,,,,,
857757,2015,2015-07-18,Providence Stadium,2,3.3,Guyana Amazon Warriors,Barbados Tridents,LMP Simmons,BJ Hodge,RJ Peterson,0,0,,,,,,,,,
857757,2015,2015-07-18,Providence Stadium,2,3.4,Guyana Amazon Warriors,Barbados Tridents,LMP Simmons,BJ Hodge,RJ Peterson,0,0,,,,,,,,,
857757,2015,2015-07-18,Providence Stadium,2,3.5,Guyana Amazon Warriors,Barbados Tridents,LMP Simmons,BJ Hodge,RJ Peterson,0,0,,,,,,,,,
857757,2015,2015-07-18,Providence Stadium,2,3.6,Guyana Amazon Warriors,Barbados Tridents,LMP Simmons,BJ Hodge,RJ Peterson,1,0,,,,,,,,,
857757,2015,2015-07-18,Providence Stadium,2,4.1,Guyana Amazon Warriors,Barbados Tridents,LMP Simmons,BJ Hodge,R Rampaul,0,0,,,,,,,,,
857757,2015,2015-07-18,Providence Stadium,2,4.2,Guyana Amazon Warriors,Barbados Tridents,LMP Simmons,BJ Hodge,R Rampaul,0,0,,,,,,,,,
857757,2015,2015-07-18,Providence Stadium,2,4.3,Guyana Amazon Warriors,Barbados Tridents,LMP Simmons,BJ Hodge,R Rampaul,0,0,,,,,,,,,
857757,2015,2015-07-18,Providence Stadium,2,4.4,Guyana Amazon Warriors,Barbados Tridents,LMP Simmons,BJ Hodge,R Rampaul,1,0,,,,,,,,,
857757,2015,2015-07-18,Providence Stadium,2,4.5,Guyana Amazon Warriors,Barbados Tridents,BJ Hodge,LMP Simmons,R Rampaul,1,0,,,,,,,,,
857757,2015,2015-07-18,Providence Stadium,2,4.6,Guyana Amazon Warriors,Barbados Tridents,LMP Simmons,BJ Hodge,R Rampaul,2,0,,,,,,,,,
857757,2015,2015-07-18,Providence Stadium,2,5.1,Guyana Amazon Warriors,Barbados Tridents,BJ Hodge,LMP Simmons,RR Emrit,0,0,,,,,,,,,
857757,2015,2015-07-18,Providence Stadium,2,5.2,Guyana Amazon Warriors,Barbados Tridents,BJ Hodge,LMP Simmons,RR Emrit,1,0,,,,,,,,,
857757,2015,2015-07-18,Providence Stadium,2,5.3,Guyana Amazon Warriors,Barbados Tridents,LMP Simmons,BJ Hodge,RR Emrit,0,0,,,,,,,,,
857757,2015,2015-07-18,Providence Stadium,2,5.4,Guyana Amazon Warriors,Barbados Tridents,LMP Simmons,BJ Hodge,RR Emrit,0,0,,,,,,,,,
857757,2015,2015-07-18,Providence Stadium,2,5.5,Guyana Amazon Warriors,Barbados Tridents,LMP Simmons,BJ Hodge,RR Emrit,0,0,,,,,,,,,
857757,2015,2015-07-18,Providence Stadium,2,5.6,Guyana Amazon Warriors,Barbados Tridents,LMP Simmons,BJ Hodge,RR Emrit,0,0,,,,,,,,,
857757,2015,2015-07-18,Providence Stadium,2,6.1,Guyana Amazon Warriors,Barbados Tridents,BJ Hodge,LMP Simmons,RJ Peterson,2,0,,,,,,,,,
857757,2015,2015-07-18,Providence Stadium,2,6.2,Guyana Amazon Warriors,Barbados Tridents,BJ Hodge,LMP Simmons,RJ Peterson,0,0,,,,,,,,,
857757,2015,2015-07-18,Providence Stadium,2,6.3,Guyana Amazon Warriors,Barbados Tridents,BJ Hodge,LMP Simmons,RJ Peterson,1,0,,,,,,,,,
857757,2015,2015-07-18,Providence Stadium,2,6.4,Guyana Amazon Warriors,Barbados Tridents,LMP Simmons,BJ Hodge,RJ Peterson,1,0,,,,,,,,,
857757,2015,2015-07-18,Providence Stadium,2,6.5,Guyana Amazon Warriors,Barbados Tridents,BJ Hodge,LMP Simmons,RJ Peterson,0,0,,,,,,,,,
857757,2015,2015-07-18,Providence Stadium,2,6.6,Guyana Amazon Warriors,Barbados Tridents,BJ Hodge,LMP Simmons,RJ Peterson,1,0,,,,,,,,,
857757,2015,2015-07-18,Providence Stadium,2,7.1,Guyana Amazon Warriors,Barbados Tridents,BJ Hodge,LMP Simmons,I Khan (2),4,0,,,,,,,,,
857757,2015,2015-07-18,Providence Stadium,2,7.2,Guyana Amazon Warriors,Barbados Tridents,BJ Hodge,LMP Simmons,I Khan (2),1,0,,,,,,,,,
857757,2015,2015-07-18,Providence Stadium,2,7.3,Guyana Amazon Warriors,Barbados Tridents,LMP Simmons,BJ Hodge,I Khan (2),1,0,,,,,,,,,
857757,2015,2015-07-18,Providence Stadium,2,7.4,Guyana Amazon Warriors,Barbados Tridents,BJ Hodge,LMP Simmons,I Khan (2),1,0,,,,,,,,,
857757,2015,2015-07-18,Providence Stadium,2,7.5,Guyana Amazon Warriors,Barbados Tridents,LMP Simmons,BJ Hodge,I Khan (2),0,0,,,,,,,,,
857757,2015,2015-07-18,Providence Stadium,2,7.6,Guyana Amazon Warriors,Barbados Tridents,LMP Simmons,BJ Hodge,I Khan (2),1,0,,,,,,,,,
857757,2015,2015-07-18,Providence Stadium,2,8.1,Guyana Amazon Warriors,Barbados Tridents,LMP Simmons,BJ Hodge,KA Pollard,1,0,,,,,,,,,
857757,2015,2015-07-18,Providence Stadium,2,8.2,Guyana Amazon Warriors,Barbados Tridents,BJ Hodge,LMP Simmons,KA Pollard,1,0,,,,,,,,,
857757,2015,2015-07-18,Providence Stadium,2,8.3,Guyana Amazon Warriors,Barbados Tridents,LMP Simmons,BJ Hodge,KA Pollard,0,0,,,,,,,,,
857757,2015,2015-07-18,Providence Stadium,2,8.4,Guyana Amazon Warriors,Barbados Tridents,LMP Simmons,BJ Hodge,KA Pollard,2,0,,,,,,,,,
857757,2015,2015-07-18,Providence Stadium,2,8.5,Guyana Amazon Warriors,Barbados Tridents,LMP Simmons,BJ Hodge,KA Pollard,0,2,2,,,,,,,,
857757,2015,2015-07-18,Providence Stadium,2,8.6,Guyana Amazon Warriors,Barbados Tridents,BJ Hodge,LMP Simmons,KA Pollard,0,0,,,,,,,,,
857757,2015,2015-07-18,Providence Stadium,2,8.7,Guyana Amazon Warriors,Barbados Tridents,BJ Hodge,LMP Simmons,KA Pollard,1,0,,,,,,,,,
857757,2015,2015-07-18,Providence Stadium,2,9.1,Guyana Amazon Warriors,Barbados Tridents,BJ Hodge,LMP Simmons,I Khan (2),0,0,,,,,,,,,
857757,2015,2015-07-18,Providence Stadium,2,9.2,Guyana Amazon Warriors,Barbados Tridents,BJ Hodge,LMP Simmons,I Khan (2),0,0,,,,,,bowled,BJ Hodge,,
857757,2015,2015-07-18,Providence Stadium,2,9.3,Guyana Amazon Warriors,Barbados Tridents,D Ramdin,LMP Simmons,I Khan (2),1,0,,,,,,,,,
857757,2015,2015-07-18,Providence Stadium,2,9.4,Guyana Amazon Warriors,Barbados Tridents,LMP Simmons,D Ramdin,I Khan (2),0,0,,,,,,,,,
857757,2015,2015-07-18,Providence Stadium,2,9.5,Guyana Amazon Warriors,Barbados Tridents,LMP Simmons,D Ramdin,I Khan (2),1,0,,,,,,,,,
857757,2015,2015-07-18,Providence Stadium,2,9.6,Guyana Amazon Warriors,Barbados Tridents,D Ramdin,LMP Simmons,I Khan (2),0,0,,,,,,,,,
857757,2015,2015-07-18,Providence Stadium,2,10.1,Guyana Amazon Warriors,Barbados Tridents,LMP Simmons,D Ramdin,KA Pollard,0,0,,,,,,caught,LMP Simmons,,
857757,2015,2015-07-18,Providence Stadium,2,10.2,Guyana Amazon Warriors,Barbados Tridents,Umar Akmal,D Ramdin,KA Pollard,0,0,,,,,,,,,
857757,2015,2015-07-18,Providence Stadium,2,10.3,Guyana Amazon Warriors,Barbados Tridents,Umar Akmal,D Ramdin,KA Pollard,1,0,,,,,,,,,
857757,2015,2015-07-18,Providence Stadium,2,10.4,Guyana Amazon Warriors,Barbados Tridents,D Ramdin,Umar Akmal,KA Pollard,1,0,,,,,,,,,
857757,2015,2015-07-18,Providence Stadium,2,10.5,Guyana Amazon Warriors,Barbados Tridents,Umar Akmal,D Ramdin,KA Pollard,0,0,,,,,,,,,
857757,2015,2015-07-18,Providence Stadium,2,10.6,Guyana Amazon Warriors,Barbados Tridents,Umar Akmal,D Ramdin,KA Pollard,2,0,,,,,,,,,
857757,2015,2015-07-18,Providence Stadium,2,11.1,Guyana Amazon Warriors,Barbados Tridents,D Ramdin,Umar Akmal,I Khan (2),0,0,,,,,,,,,
857757,2015,2015-07-18,Providence Stadium,2,11.2,Guyana Amazon Warriors,Barbados Tridents,D Ramdin,Umar Akmal,I Khan (2),1,0,,,,,,,,,
857757,2015,2015-07-18,Providence Stadium,2,11.3,Guyana Amazon Warriors,Barbados Tridents,Umar Akmal,D Ramdin,I Khan (2),0,0,,,,,,,,,
857757,2015,2015-07-18,Providence Stadium,2,11.4,Guyana Amazon Warriors,Barbados Tridents,Umar Akmal,D Ramdin,I Khan (2),0,0,,,,,,,,,
857757,2015,2015-07-18,Providence Stadium,2,11.5,Guyana Amazon Warriors,Barbados Tridents,Umar Akmal,D Ramdin,I Khan (2),0,0,,,,,,,,,
857757,2015,2015-07-18,Providence Stadium,2,11.6,Guyana Amazon Warriors,Barbados Tridents,Umar Akmal,D Ramdin,I Khan (2),1,0,,,,,,,,,
857757,2015,2015-07-18,Providence Stadium,2,12.1,Guyana Amazon Warriors,Barbados Tridents,Umar Akmal,D Ramdin,RJ Peterson,1,0,,,,,,,,,
857757,2015,2015-07-18,Providence Stadium,2,12.2,Guyana Amazon Warriors,Barbados Tridents,D Ramdin,Umar Akmal,RJ Peterson,1,0,,,,,,,,,
857757,2015,2015-07-18,Providence Stadium,2,12.3,Guyana Amazon Warriors,Barbados Tridents,Umar Akmal,D Ramdin,RJ Peterson,0,0,,,,,,,,,
857757,2015,2015-07-18,Providence Stadium,2,12.4,Guyana Amazon Warriors,Barbados Tridents,Umar Akmal,D Ramdin,RJ Peterson,0,0,,,,,,,,,
857757,2015,2015-07-18,Providence Stadium,2,12.5,Guyana Amazon Warriors,Barbados Tridents,Umar Akmal,D Ramdin,RJ Peterson,0,0,,,,,,,,,
857757,2015,2015-07-18,Providence Stadium,2,12.6,Guyana Amazon Warriors,Barbados Tridents,Umar Akmal,D Ramdin,RJ Peterson,1,0,,,,,,,,,
857757,2015,2015-07-18,Providence Stadium,2,13.1,Guyana Amazon Warriors,Barbados Tridents,Umar Akmal,D Ramdin,I Khan (2),6,0,,,,,,,,,
857757,2015,2015-07-18,Providence Stadium,2,13.2,Guyana Amazon Warriors,Barbados Tridents,Umar Akmal,D Ramdin,I Khan (2),0,0,,,,,,,,,
857757,2015,2015-07-18,Providence Stadium,2,13.3,Guyana Amazon Warriors,Barbados Tridents,Umar Akmal,D Ramdin,I Khan (2),4,0,,,,,,,,,
857757,2015,2015-07-18,Providence Stadium,2,13.4,Guyana Amazon Warriors,Barbados Tridents,Umar Akmal,D Ramdin,I Khan (2),0,0,,,,,,,,,
857757,2015,2015-07-18,Providence Stadium,2,13.5,Guyana Amazon Warriors,Barbados Tridents,Umar Akmal,D Ramdin,I Khan (2),0,0,,,,,,,,,
857757,2015,2015-07-18,Providence Stadium,2,13.6,Guyana Amazon Warriors,Barbados Tridents,Umar Akmal,D Ramdin,I Khan (2),0,0,,,,,,,,,
857757,2015,2015-07-18,Providence Stadium,2,14.1,Guyana Amazon Warriors,Barbados Tridents,D Ramdin,Umar Akmal,KA Pollard,4,0,,,,,,,,,
857757,2015,2015-07-18,Providence Stadium,2,14.2,Guyana Amazon Warriors,Barbados Tridents,D Ramdin,Umar Akmal,KA Pollard,1,0,,,,,,,,,
857757,2015,2015-07-18,Providence Stadium,2,14.3,Guyana Amazon Warriors,Barbados Tridents,Umar Akmal,D Ramdin,KA Pollard,4,0,,,,,,,,,
857757,2015,2015-07-18,Providence Stadium,2,14.4,Guyana Amazon Warriors,Barbados Tridents,Umar Akmal,D Ramdin,KA Pollard,0,0,,,,,,,,,
857757,2015,2015-07-18,Providence Stadium,2,14.5,Guyana Amazon Warriors,Barbados Tridents,Umar Akmal,D Ramdin,KA Pollard,0,0,,,,,,caught,Umar Akmal,,
857757,2015,2015-07-18,Providence Stadium,2,14.6,Guyana Amazon Warriors,Barbados Tridents,D Ramdin,CD Barnwell,KA Pollard,1,0,,,,,,,,,
857757,2015,2015-07-18,Providence Stadium,2,15.1,Guyana Amazon Warriors,Barbados Tridents,D Ramdin,CD Barnwell,R Rampaul,1,0,,,,,,,,,
857757,2015,2015-07-18,Providence Stadium,2,15.2,Guyana Amazon Warriors,Barbados Tridents,CD Barnwell,D Ramdin,R Rampaul,1,0,,,,,,,,,
857757,2015,2015-07-18,Providence Stadium,2,15.3,Guyana Amazon Warriors,Barbados Tridents,D Ramdin,CD Barnwell,R Rampaul,0,1,1,,,,,,,,
857757,2015,2015-07-18,Providence Stadium,2,15.4,Guyana Amazon Warriors,Barbados Tridents,D Ramdin,CD Barnwell,R Rampaul,2,0,,,,,,,,,
857757,2015,2015-07-18,Providence Stadium,2,15.5,Guyana Amazon Warriors,Barbados Tridents,D Ramdin,CD Barnwell,R Rampaul,1,0,,,,,,,,,
857757,2015,2015-07-18,Providence Stadium,2,15.6,Guyana Amazon Warriors,Barbados Tridents,CD Barnwell,D Ramdin,R Rampaul,0,0,,,,,,,,,
857757,2015,2015-07-18,Providence Stadium,2,15.7,Guyana Amazon Warriors,Barbados Tridents,CD Barnwell,D Ramdin,R Rampaul,2,0,,,,,,,,,
857757,2015,2015-07-18,Providence Stadium,2,16.1,Guyana Amazon Warriors,Barbados Tridents,D Ramdin,CD Barnwell,RR Emrit,0,0,,,,,,,,,
857757,2015,2015-07-18,Providence Stadium,2,16.2,Guyana Amazon Warriors,Barbados Tridents,D Ramdin,CD Barnwell,RR Emrit,0,0,,,,,,,,,
857757,2015,2015-07-18,Providence Stadium,2,16.3,Guyana Amazon Warriors,Barbados Tridents,D Ramdin,CD Barnwell,RR Emrit,0,0,,,,,,caught,D Ramdin,,
857757,2015,2015-07-18,Providence Stadium,2,16.4,Guyana Amazon Warriors,Barbados Tridents,D Wiese,CD Barnwell,RR Emrit,0,0,,,,,,,,,
857757,2015,2015-07-18,Providence Stadium,2,16.5,Guyana Amazon Warriors,Barbados Tridents,D Wiese,CD Barnwell,RR Emrit,0,0,,,,,,,,,
857757,2015,2015-07-18,Providence Stadium,2,16.6,Guyana Amazon Warriors,Barbados Tridents,D Wiese,CD Barnwell,RR Emrit,1,0,,,,,,,,,
857757,2015,2015-07-18,Providence Stadium,2,17.1,Guyana Amazon Warriors,Barbados Tridents,D Wiese,CD Barnwell,R Rampaul,1,0,,,,,,,,,
857757,2015,2015-07-18,Providence Stadium,2,17.2,Guyana Amazon Warriors,Barbados Tridents,CD Barnwell,D Wiese,R Rampaul,0,0,,,,,,,,,
857757,2015,2015-07-18,Providence Stadium,2,17.3,Guyana Amazon Warriors,Barbados Tridents,CD Barnwell,D Wiese,R Rampaul,1,0,,,,,,,,,
857757,2015,2015-07-18,Providence Stadium,2,17.4,Guyana Amazon Warriors,Barbados Tridents,D Wiese,CD Barnwell,R Rampaul,0,0,,,,,,,,,
857757,2015,2015-07-18,Providence Stadium,2,17.5,Guyana Amazon Warriors,Barbados Tridents,D Wiese,CD Barnwell,R Rampaul,0,0,,,,,,,,,
857757,2015,2015-07-18,Providence Stadium,2,17.6,Guyana Amazon Warriors,Barbados Tridents,D Wiese,CD Barnwell,R Rampaul,4,0,,,,,,,,,
857757,2015,2015-07-18,Providence Stadium,2,18.1,Guyana Amazon Warriors,Barbados Tridents,CD Barnwell,D Wiese,RR Emrit,1,0,,,,,,,,,
857757,2015,2015-07-18,Providence Stadium,2,18.2,Guyana Amazon Warriors,Barbados Tridents,D Wiese,CD Barnwell,RR Emrit,1,0,,,,,,,,,
857757,2015,2015-07-18,Providence Stadium,2,18.3,Guyana Amazon Warriors,Barbados Tridents,CD Barnwell,D Wiese,RR Emrit,4,0,,,,,,,,,
857757,2015,2015-07-18,Providence Stadium,2,18.4,Guyana Amazon Warriors,Barbados Tridents,CD Barnwell,D Wiese,RR Emrit,4,0,,,,,,,,,
857757,2015,2015-07-18,Providence Stadium,2,18.5,Guyana Amazon Warriors,Barbados Tridents,CD Barnwell,D Wiese,RR Emrit,2,0,,,,,,,,,
857757,2015,2015-07-18,Providence Stadium,2,18.6,Guyana Amazon Warriors,Barbados Tridents,CD Barnwell,D Wiese,RR Emrit,1,0,,,,,,,,,
857757,2015,2015-07-18,Providence Stadium,2,19.1,Guyana Amazon Warriors,Barbados Tridents,CD Barnwell,D Wiese,KA Pollard,6,0,,,,,,,,,
857757,2015,2015-07-18,Providence Stadium,2,19.2,Guyana Amazon Warriors,Barbados Tridents,CD Barnwell,D Wiese,KA Pollard,2,0,,,,,,,,,
857757,2015,2015-07-18,Providence Stadium,2,19.3,Guyana Amazon Warriors,Barbados Tridents,CD Barnwell,D Wiese,KA Pollard,0,0,,,,,,bowled,CD Barnwell,,
857757,2015,2015-07-18,Providence Stadium,2,19.4,Guyana Amazon Warriors,Barbados Tridents,SP Narine,D Wiese,KA Pollard,1,0,,,,,,,,,
857757,2015,2015-07-18,Providence Stadium,2,19.5,Guyana Amazon Warriors,Barbados Tridents,D Wiese,SP Narine,KA Pollard,0,0,,,,,,caught,D Wiese,,
857757,2015,2015-07-18,Providence Stadium,2,19.6,Guyana Amazon Warriors,Barbados Tridents,SP Narine,V Permaul,KA Pollard,0,0,,,,,,,,,
