match_id,season,start_date,venue,innings,ball,batting_team,bowling_team,striker,non_striker,bowler,runs_off_bat,extras,wides,noballs,byes,legbyes,penalty,wicket_type,player_dismissed,other_wicket_type,other_player_dismissed
857753,2015,2015-07-17,Providence Stadium,1,0.1,St Lucia Zouks,Guyana Amazon Warriors,ADS Fletcher,J Charles,V Permaul,0,0,,,,,,,,,
857753,2015,2015-07-17,Providence Stadium,1,0.2,St Lucia Zouks,Guyana Amazon Warriors,ADS Fletcher,J Charles,V Permaul,0,0,,,,,,,,,
857753,2015,2015-07-17,Providence Stadium,1,0.3,St Lucia Zouks,Guyana Amazon Warriors,ADS Fletcher,J Charles,V Permaul,0,0,,,,,,,,,
857753,2015,2015-07-17,Providence Stadium,1,0.4,St Lucia Zouks,Guyana Amazon Warriors,ADS Fletcher,J Charles,V Permaul,1,0,,,,,,,,,
857753,2015,2015-07-17,Providence Stadium,1,0.5,St Lucia Zouks,Guyana Amazon Warriors,J Charles,ADS Fletcher,V Permaul,0,0,,,,,,,,,
857753,2015,2015-07-17,Providence Stadium,1,0.6,St Lucia Zouks,Guyana Amazon Warriors,J Charles,ADS Fletcher,V Permaul,4,0,,,,,,,,,
857753,2015,2015-07-17,Providence Stadium,1,1.1,St Lucia Zouks,Guyana Amazon Warriors,ADS Fletcher,J Charles,M de Lange,4,0,,,,,,,,,
857753,2015,2015-07-17,Providence Stadium,1,1.2,St Lucia Zouks,Guyana Amazon Warriors,ADS Fletcher,J Charles,M de Lange,0,0,,,,,,,,,
857753,2015,2015-07-17,Providence Stadium,1,1.3,St Lucia Zouks,Guyana Amazon Warriors,ADS Fletcher,J Charles,M de Lange,4,0,,,,,,,,,
857753,2015,2015-07-17,Providence Stadium,1,1.4,St Lucia Zouks,Guyana Amazon Warriors,ADS Fletcher,J Charles,M de Lange,1,0,,,,,,,,,
857753,2015,2015-07-17,Providence Stadium,1,1.5,St Lucia Zouks,Guyana Amazon Warriors,J Charles,ADS Fletcher,M de Lange,1,0,,,,,,,,,
857753,2015,2015-07-17,Providence Stadium,1,1.6,St Lucia Zouks,Guyana Amazon Warriors,ADS Fletcher,J Charles,M de Lange,0,0,,,,,,,,,
857753,2015,2015-07-17,Providence Stadium,1,2.1,St Lucia Zouks,Guyana Amazon Warriors,J Charles,ADS Fletcher,V Permaul,3,0,,,,,,,,,
857753,2015,2015-07-17,Providence Stadium,1,2.2,St Lucia Zouks,Guyana Amazon Warriors,ADS Fletcher,J Charles,V Permaul,1,0,,,,,,,,,
857753,2015,2015-07-17,Providence Stadium,1,2.3,St Lucia Zouks,Guyana Amazon Warriors,J Charles,ADS Fletcher,V Permaul,2,0,,,,,,,,,
857753,2015,2015-07-17,Providence Stadium,1,2.4,St Lucia Zouks,Guyana Amazon Warriors,J Charles,ADS Fletcher,V Permaul,0,0,,,,,,,,,
857753,2015,2015-07-17,Providence Stadium,1,2.5,St Lucia Zouks,Guyana Amazon Warriors,J Charles,ADS Fletcher,V Permaul,1,0,,,,,,,,,
857753,2015,2015-07-17,Providence Stadium,1,2.6,St Lucia Zouks,Guyana Amazon Warriors,ADS Fletcher,J Charles,V Permaul,0,0,,,,,,,,,
857753,2015,2015-07-17,Providence Stadium,1,3.1,St Lucia Zouks,Guyana Amazon Warriors,J Charles,ADS Fletcher,D Wiese,0,1,,,,1,,,,,
857753,2015,2015-07-17,Providence Stadium,1,3.2,St Lucia Zouks,Guyana Amazon Warriors,ADS Fletcher,J Charles,D Wiese,0,1,,,,1,,,,,
857753,2015,2015-07-17,Providence Stadium,1,3.3,St Lucia Zouks,Guyana Amazon Warriors,J Charles,ADS Fletcher,D Wiese,0,0,,,,,,bowled,J Charles,,
857753,2015,2015-07-17,Providence Stadium,1,3.4,St Lucia Zouks,Guyana Amazon Warriors,KP Pietersen,ADS Fletcher,D Wiese,4,0,,,,,,,,,
857753,2015,2015-07-17,Providence Stadium,1,3.5,St Lucia Zouks,Guyana Amazon Warriors,KP Pietersen,ADS Fletcher,D Wiese,0,0,,,,,,,,,
857753,2015,2015-07-17,Providence Stadium,1,3.6,St Lucia Zouks,Guyana Amazon Warriors,KP Pietersen,ADS Fletcher,D Wiese,1,0,,,,,,,,,
857753,2015,2015-07-17,Providence Stadium,1,4.1,St Lucia Zouks,Guyana Amazon Warriors,KP Pietersen,ADS Fletcher,V Permaul,0,0,,,,,,,,,
857753,2015,2015-07-17,Providence Stadium,1,4.2,St Lucia Zouks,Guyana Amazon Warriors,KP Pietersen,ADS Fletcher,V Permaul,0,0,,,,,,,,,
857753,2015,2015-07-17,Providence Stadium,1,4.3,St Lucia Zouks,Guyana Amazon Warriors,KP Pietersen,ADS Fletcher,V Permaul,0,0,,,,,,,,,
857753,2015,2015-07-17,Providence Stadium,1,4.4,St Lucia Zouks,Guyana Amazon Warriors,KP Pietersen,ADS Fletcher,V Permaul,1,0,,,,,,,,,
857753,2015,2015-07-17,Providence Stadium,1,4.5,St Lucia Zouks,Guyana Amazon Warriors,ADS Fletcher,KP Pietersen,V Permaul,0,0,,,,,,,,,
857753,2015,2015-07-17,Providence Stadium,1,4.6,St Lucia Zouks,Guyana Amazon Warriors,ADS Fletcher,KP Pietersen,V Permaul,0,0,,,,,,,,,
857753,2015,2015-07-17,Providence Stadium,1,5.1,St Lucia Zouks,Guyana Amazon Warriors,KP Pietersen,ADS Fletcher,D Wiese,6,0,,,,,,,,,
857753,2015,2015-07-17,Providence Stadium,1,5.2,St Lucia Zouks,Guyana Amazon Warriors,KP Pietersen,ADS Fletcher,D Wiese,4,0,,,,,,,,,
857753,2015,2015-07-17,Providence Stadium,1,5.3,St Lucia Zouks,Guyana Amazon Warriors,KP Pietersen,ADS Fletcher,D Wiese,0,0,,,,,,,,,
857753,2015,2015-07-17,Providence Stadium,1,5.4,St Lucia Zouks,Guyana Amazon Warriors,KP Pietersen,ADS Fletcher,D Wiese,0,1,,,,1,,,,,
857753,2015,2015-07-17,Providence Stadium,1,5.5,St Lucia Zouks,Guyana Amazon Warriors,ADS Fletcher,KP Pietersen,D Wiese,1,0,,,,,,,,,
857753,2015,2015-07-17,Providence Stadium,1,5.6,St Lucia Zouks,Guyana Amazon Warriors,KP Pietersen,ADS Fletcher,D Wiese,1,0,,,,,,,,,
857753,2015,2015-07-17,Providence Stadium,1,6.1,St Lucia Zouks,Guyana Amazon Warriors,KP Pietersen,ADS Fletcher,V Permaul,1,0,,,,,,,,,
857753,2015,2015-07-17,Providence Stadium,1,6.2,St Lucia Zouks,Guyana Amazon Warriors,ADS Fletcher,KP Pietersen,V Permaul,1,0,,,,,,,,,
857753,2015,2015-07-17,Providence Stadium,1,6.3,St Lucia Zouks,Guyana Amazon Warriors,KP Pietersen,ADS Fletcher,V Permaul,1,0,,,,,,,,,
857753,2015,2015-07-17,Providence Stadium,1,6.4,St Lucia Zouks,Guyana Amazon Warriors,ADS Fletcher,KP Pietersen,V Permaul,1,0,,,,,,,,,
857753,2015,2015-07-17,Providence Stadium,1,6.5,St Lucia Zouks,Guyana Amazon Warriors,KP Pietersen,ADS Fletcher,V Permaul,1,0,,,,,,,,,
857753,2015,2015-07-17,Providence Stadium,1,6.6,St Lucia Zouks,Guyana Amazon Warriors,ADS Fletcher,KP Pietersen,V Permaul,1,0,,,,,,,,,
857753,2015,2015-07-17,Providence Stadium,1,7.1,St Lucia Zouks,Guyana Amazon Warriors,ADS Fletcher,KP Pietersen,SP Narine,0,0,,,,,,,,,
857753,2015,2015-07-17,Providence Stadium,1,7.2,St Lucia Zouks,Guyana Amazon Warriors,ADS Fletcher,KP Pietersen,SP Narine,0,0,,,,,,,,,
857753,2015,2015-07-17,Providence Stadium,1,7.3,St Lucia Zouks,Guyana Amazon Warriors,ADS Fletcher,KP Pietersen,SP Narine,0,0,,,,,,lbw,ADS Fletcher,,
857753,2015,2015-07-17,Providence Stadium,1,7.4,St Lucia Zouks,Guyana Amazon Warriors,DE Johnson,KP Pietersen,SP Narine,0,0,,,,,,caught,DE Johnson,,
857753,2015,2015-07-17,Providence Stadium,1,7.5,St Lucia Zouks,Guyana Amazon Warriors,KP Pietersen,H Davids,SP Narine,1,0,,,,,,,,,
857753,2015,2015-07-17,Providence Stadium,1,7.6,St Lucia Zouks,Guyana Amazon Warriors,H Davids,KP Pietersen,SP Narine,0,0,,,,,,,,,
857753,2015,2015-07-17,Providence Stadium,1,8.1,St Lucia Zouks,Guyana Amazon Warriors,KP Pietersen,H Davids,D Bishoo,0,0,,,,,,,,,
857753,2015,2015-07-17,Providence Stadium,1,8.2,St Lucia Zouks,Guyana Amazon Warriors,KP Pietersen,H Davids,D Bishoo,1,0,,,,,,,,,
857753,2015,2015-07-17,Providence Stadium,1,8.3,St Lucia Zouks,Guyana Amazon Warriors,H Davids,KP Pietersen,D Bishoo,1,0,,,,,,,,,
857753,2015,2015-07-17,Providence Stadium,1,8.4,St Lucia Zouks,Guyana Amazon Warriors,KP Pietersen,H Davids,D Bishoo,1,0,,,,,,,,,
857753,2015,2015-07-17,Providence Stadium,1,8.5,St Lucia Zouks,Guyana Amazon Warriors,H Davids,KP Pietersen,D Bishoo,1,0,,,,,,,,,
857753,2015,2015-07-17,Providence Stadium,1,8.6,St Lucia Zouks,Guyana Amazon Warriors,KP Pietersen,H Davids,D Bishoo,1,0,,,,,,,,,
857753,2015,2015-07-17,Providence Stadium,1,9.1,St Lucia Zouks,Guyana Amazon Warriors,KP Pietersen,H Davids,SP Narine,0,0,,,,,,lbw,KP Pietersen,,
857753,2015,2015-07-17,Providence Stadium,1,9.2,St Lucia Zouks,Guyana Amazon Warriors,KR Mayers,H Davids,SP Narine,0,0,,,,,,,,,
857753,2015,2015-07-17,Providence Stadium,1,9.3,St Lucia Zouks,Guyana Amazon Warriors,KR Mayers,H Davids,SP Narine,0,0,,,,,,,,,
857753,2015,2015-07-17,Providence Stadium,1,9.4,St Lucia Zouks,Guyana Amazon Warriors,KR Mayers,H Davids,SP Narine,0,0,,,,,,,,,
857753,2015,2015-07-17,Providence Stadium,1,9.5,St Lucia Zouks,Guyana Amazon Warriors,KR Mayers,H Davids,SP Narine,0,0,,,,,,,,,
857753,2015,2015-07-17,Providence Stadium,1,9.6,St Lucia Zouks,Guyana Amazon Warriors,KR Mayers,H Davids,SP Narine,0,0,,,,,,,,,
857753,2015,2015-07-17,Providence Stadium,1,10.1,St Lucia Zouks,Guyana Amazon Warriors,H Davids,KR Mayers,D Bishoo,1,0,,,,,,,,,
857753,2015,2015-07-17,Providence Stadium,1,10.2,St Lucia Zouks,Guyana Amazon Warriors,KR Mayers,H Davids,D Bishoo,0,0,,,,,,,,,
857753,2015,2015-07-17,Providence Stadium,1,10.3,St Lucia Zouks,Guyana Amazon Warriors,KR Mayers,H Davids,D Bishoo,0,0,,,,,,,,,
857753,2015,2015-07-17,Providence Stadium,1,10.4,St Lucia Zouks,Guyana Amazon Warriors,KR Mayers,H Davids,D Bishoo,0,0,,,,,,,,,
857753,2015,2015-07-17,Providence Stadium,1,10.5,St Lucia Zouks,Guyana Amazon Warriors,KR Mayers,H Davids,D Bishoo,0,0,,,,,,,,,
857753,2015,2015-07-17,Providence Stadium,1,10.6,St Lucia Zouks,Guyana Amazon Warriors,KR Mayers,H Davids,D Bishoo,1,0,,,,,,,,,
857753,2015,2015-07-17,Providence Stadium,1,11.1,St Lucia Zouks,Guyana Amazon Warriors,KR Mayers,H Davids,BJ Hodge,6,0,,,,,,,,,
857753,2015,2015-07-17,Providence Stadium,1,11.2,St Lucia Zouks,Guyana Amazon Warriors,KR Mayers,H Davids,BJ Hodge,0,0,,,,,,caught,KR Mayers,,
857753,2015,2015-07-17,Providence Stadium,1,11.3,St Lucia Zouks,Guyana Amazon Warriors,H Davids,LRPL Taylor,BJ Hodge,0,0,,,,,,,,,
857753,2015,2015-07-17,Providence Stadium,1,11.4,St Lucia Zouks,Guyana Amazon Warriors,H Davids,LRPL Taylor,BJ Hodge,0,1,1,,,,,,,,
857753,2015,2015-07-17,Providence Stadium,1,11.5,St Lucia Zouks,Guyana Amazon Warriors,H Davids,LRPL Taylor,BJ Hodge,0,0,,,,,,,,,
857753,2015,2015-07-17,Providence Stadium,1,11.6,St Lucia Zouks,Guyana Amazon Warriors,H Davids,LRPL Taylor,BJ Hodge,1,0,,,,,,,,,
857753,2015,2015-07-17,Providence Stadium,1,11.7,St Lucia Zouks,Guyana Amazon Warriors,LRPL Taylor,H Davids,BJ Hodge,1,0,,,,,,,,,
857753,2015,2015-07-17,Providence Stadium,1,12.1,St Lucia Zouks,Guyana Amazon Warriors,LRPL Taylor,H Davids,D Bishoo,0,0,,,,,,,,,
857753,2015,2015-07-17,Providence Stadium,1,12.2,St Lucia Zouks,Guyana Amazon Warriors,LRPL Taylor,H Davids,D Bishoo,1,0,,,,,,,,,
857753,2015,2015-07-17,Providence Stadium,1,12.3,St Lucia Zouks,Guyana Amazon Warriors,H Davids,LRPL Taylor,D Bishoo,0,0,,,,,,,,,
857753,2015,2015-07-17,Providence Stadium,1,12.4,St Lucia Zouks,Guyana Amazon Warriors,H Davids,LRPL Taylor,D Bishoo,1,0,,,,,,,,,
857753,2015,2015-07-17,Providence Stadium,1,12.5,St Lucia Zouks,Guyana Amazon Warriors,LRPL Taylor,H Davids,D Bishoo,1,0,,,,,,,,,
857753,2015,2015-07-17,Providence Stadium,1,12.6,St Lucia Zouks,Guyana Amazon Warriors,H Davids,LRPL Taylor,D Bishoo,1,0,,,,,,,,,
857753,2015,2015-07-17,Providence Stadium,1,13.1,St Lucia Zouks,Guyana Amazon Warriors,H Davids,LRPL Taylor,SP Narine,1,0,,,,,,,,,
857753,2015,2015-07-17,Providence Stadium,1,13.2,St Lucia Zouks,Guyana Amazon Warriors,LRPL Taylor,H Davids,SP Narine,0,0,,,,,,,,,
857753,2015,2015-07-17,Providence Stadium,1,13.3,St Lucia Zouks,Guyana Amazon Warriors,LRPL Taylor,H Davids,SP Narine,0,0,,,,,,,,,
857753,2015,2015-07-17,Providence Stadium,1,13.4,St Lucia Zouks,Guyana Amazon Warriors,LRPL Taylor,H Davids,SP Narine,0,0,,,,,,,,,
857753,2015,2015-07-17,Providence Stadium,1,13.5,St Lucia Zouks,Guyana Amazon Warriors,LRPL Taylor,H Davids,SP Narine,1,0,,,,,,,,,
857753,2015,2015-07-17,Providence Stadium,1,13.6,St Lucia Zouks,Guyana Amazon Warriors,H Davids,LRPL Taylor,SP Narine,0,0,,,,,,,,,
857753,2015,2015-07-17,Providence Stadium,1,14.1,St Lucia Zouks,Guyana Amazon Warriors,LRPL Taylor,H Davids,D Bishoo,1,0,,,,,,,,,
857753,2015,2015-07-17,Providence Stadium,1,14.2,St Lucia Zouks,Guyana Amazon Warriors,H Davids,LRPL Taylor,D Bishoo,0,0,,,,,,,,,
857753,2015,2015-07-17,Providence Stadium,1,14.3,St Lucia Zouks,Guyana Amazon Warriors,H Davids,LRPL Taylor,D Bishoo,4,0,,,,,,,,,
857753,2015,2015-07-17,Providence Stadium,1,14.4,St Lucia Zouks,Guyana Amazon Warriors,H Davids,LRPL Taylor,D Bishoo,1,0,,,,,,,,,
857753,2015,2015-07-17,Providence Stadium,1,14.5,St Lucia Zouks,Guyana Amazon Warriors,LRPL Taylor,H Davids,D Bishoo,1,0,,,,,,,,,
857753,2015,2015-07-17,Providence Stadium,1,14.6,St Lucia Zouks,Guyana Amazon Warriors,H Davids,LRPL Taylor,D Bishoo,1,0,,,,,,,,,
857753,2015,2015-07-17,Providence Stadium,1,15.1,St Lucia Zouks,Guyana Amazon Warriors,H Davids,LRPL Taylor,D Wiese,1,0,,,,,,,,,
857753,2015,2015-07-17,Providence Stadium,1,15.2,St Lucia Zouks,Guyana Amazon Warriors,LRPL Taylor,H Davids,D Wiese,1,0,,,,,,,,,
857753,2015,2015-07-17,Providence Stadium,1,15.3,St Lucia Zouks,Guyana Amazon Warriors,H Davids,LRPL Taylor,D Wiese,0,0,,,,,,,,,
857753,2015,2015-07-17,Providence Stadium,1,15.4,St Lucia Zouks,Guyana Amazon Warriors,H Davids,LRPL Taylor,D Wiese,1,0,,,,,,,,,
857753,2015,2015-07-17,Providence Stadium,1,15.5,St Lucia Zouks,Guyana Amazon Warriors,LRPL Taylor,H Davids,D Wiese,1,0,,,,,,,,,
857753,2015,2015-07-17,Providence Stadium,1,15.6,St Lucia Zouks,Guyana Amazon Warriors,H Davids,LRPL Taylor,D Wiese,0,1,,,,1,,,,,
857753,2015,2015-07-17,Providence Stadium,1,16.1,St Lucia Zouks,Guyana Amazon Warriors,H Davids,LRPL Taylor,M de Lange,0,0,,,,,,,,,
857753,2015,2015-07-17,Providence Stadium,1,16.2,St Lucia Zouks,Guyana Amazon Warriors,H Davids,LRPL Taylor,M de Lange,1,0,,,,,,,,,
857753,2015,2015-07-17,Providence Stadium,1,16.3,St Lucia Zouks,Guyana Amazon Warriors,LRPL Taylor,H Davids,M de Lange,4,0,,,,,,,,,
857753,2015,2015-07-17,Providence Stadium,1,16.4,St Lucia Zouks,Guyana Amazon Warriors,LRPL Taylor,H Davids,M de Lange,0,0,,,,,,,,,
857753,2015,2015-07-17,Providence Stadium,1,16.5,St Lucia Zouks,Guyana Amazon Warriors,LRPL Taylor,H Davids,M de Lange,1,0,,,,,,,,,
857753,2015,2015-07-17,Providence Stadium,1,16.6,St Lucia Zouks,Guyana Amazon Warriors,H Davids,LRPL Taylor,M de Lange,1,0,,,,,,,,,
857753,2015,2015-07-17,Providence Stadium,1,17.1,St Lucia Zouks,Guyana Amazon Warriors,H Davids,LRPL Taylor,SP Narine,0,0,,,,,,,,,
857753,2015,2015-07-17,Providence Stadium,1,17.2,St Lucia Zouks,Guyana Amazon Warriors,H Davids,LRPL Taylor,SP Narine,0,0,,,,,,,,,
857753,2015,2015-07-17,Providence Stadium,1,17.3,St Lucia Zouks,Guyana Amazon Warriors,H Davids,LRPL Taylor,SP Narine,1,0,,,,,,,,,
857753,2015,2015-07-17,Providence Stadium,1,17.4,St Lucia Zouks,Guyana Amazon Warriors,LRPL Taylor,H Davids,SP Narine,1,0,,,,,,,,,
857753,2015,2015-07-17,Providence Stadium,1,17.5,St Lucia Zouks,Guyana Amazon Warriors,H Davids,LRPL Taylor,SP Narine,0,0,,,,,,,,,
857753,2015,2015-07-17,Providence Stadium,1,17.6,St Lucia Zouks,Guyana Amazon Warriors,H Davids,LRPL Taylor,SP Narine,1,0,,,,,,,,,
857753,2015,2015-07-17,Providence Stadium,1,18.1,St Lucia Zouks,Guyana Amazon Warriors,H Davids,LRPL Taylor,M de Lange,1,0,,,,,,,,,
857753,2015,2015-07-17,Providence Stadium,1,18.2,St Lucia Zouks,Guyana Amazon Warriors,LRPL Taylor,H Davids,M de Lange,0,1,1,,,,,,,,
857753,2015,2015-07-17,Providence Stadium,1,18.3,St Lucia Zouks,Guyana Amazon Warriors,LRPL Taylor,H Davids,M de Lange,4,0,,,,,,,,,
857753,2015,2015-07-17,Providence Stadium,1,18.4,St Lucia Zouks,Guyana Amazon Warriors,LRPL Taylor,H Davids,M de Lange,1,1,,1,,,,,,,
857753,2015,2015-07-17,Providence Stadium,1,18.5,St Lucia Zouks,Guyana Amazon Warriors,H Davids,LRPL Taylor,M de Lange,1,0,,,,,,,,,
857753,2015,2015-07-17,Providence Stadium,1,18.6,St Lucia Zouks,Guyana Amazon Warriors,LRPL Taylor,H Davids,M de Lange,1,0,,,,,,,,,
857753,2015,2015-07-17,Providence Stadium,1,18.7,St Lucia Zouks,Guyana Amazon Warriors,H Davids,LRPL Taylor,M de Lange,1,0,,,,,,,,,
857753,2015,2015-07-17,Providence Stadium,1,18.8,St Lucia Zouks,Guyana Amazon Warriors,LRPL Taylor,H Davids,M de Lange,0,0,,,,,,caught,LRPL Taylor,,
857753,2015,2015-07-17,Providence Stadium,1,19.1,St Lucia Zouks,Guyana Amazon Warriors,NL McCullum,H Davids,D Wiese,1,0,,,,,,,,,
857753,2015,2015-07-17,Providence Stadium,1,19.2,St Lucia Zouks,Guyana Amazon Warriors,H Davids,NL McCullum,D Wiese,1,0,,,,,,,,,
857753,2015,2015-07-17,Providence Stadium,1,19.3,St Lucia Zouks,Guyana Amazon Warriors,NL McCullum,H Davids,D Wiese,0,0,,,,,,caught,NL McCullum,,
857753,2015,2015-07-17,Providence Stadium,1,19.4,St Lucia Zouks,Guyana Amazon Warriors,KJ Cottoy,H Davids,D Wiese,0,1,,,,1,,,,,
857753,2015,2015-07-17,Providence Stadium,1,19.5,St Lucia Zouks,Guyana Amazon Warriors,H Davids,KJ Cottoy,D Wiese,2,0,,,,,,,,,
857753,2015,2015-07-17,Providence Stadium,1,19.6,St Lucia Zouks,Guyana Amazon Warriors,H Davids,KJ Cottoy,D Wiese,0,0,,,,,,,,,
857753,2015,2015-07-17,Providence Stadium,2,0.1,Guyana Amazon Warriors,St Lucia Zouks,LMP Simmons,AB Fudadin,NL McCullum,0,0,,,,,,,,,
857753,2015,2015-07-17,Providence Stadium,2,0.2,Guyana Amazon Warriors,St Lucia Zouks,LMP Simmons,AB Fudadin,NL McCullum,0,0,,,,,,,,,
857753,2015,2015-07-17,Providence Stadium,2,0.3,Guyana Amazon Warriors,St Lucia Zouks,LMP Simmons,AB Fudadin,NL McCullum,4,0,,,,,,,,,
857753,2015,2015-07-17,Providence Stadium,2,0.4,Guyana Amazon Warriors,St Lucia Zouks,LMP Simmons,AB Fudadin,NL McCullum,1,0,,,,,,,,,
857753,2015,2015-07-17,Providence Stadium,2,0.5,Guyana Amazon Warriors,St Lucia Zouks,AB Fudadin,LMP Simmons,NL McCullum,0,0,,,,,,,,,
857753,2015,2015-07-17,Providence Stadium,2,0.6,Guyana Amazon Warriors,St Lucia Zouks,AB Fudadin,LMP Simmons,NL McCullum,4,0,,,,,,,,,
857753,2015,2015-07-17,Providence Stadium,2,1.1,Guyana Amazon Warriors,St Lucia Zouks,LMP Simmons,AB Fudadin,FH Edwards,1,0,,,,,,,,,
857753,2015,2015-07-17,Providence Stadium,2,1.2,Guyana Amazon Warriors,St Lucia Zouks,AB Fudadin,LMP Simmons,FH Edwards,1,0,,,,,,,,,
857753,2015,2015-07-17,Providence Stadium,2,1.3,Guyana Amazon Warriors,St Lucia Zouks,LMP Simmons,AB Fudadin,FH Edwards,0,0,,,,,,,,,
857753,2015,2015-07-17,Providence Stadium,2,1.4,Guyana Amazon Warriors,St Lucia Zouks,LMP Simmons,AB Fudadin,FH Edwards,4,0,,,,,,,,,
857753,2015,2015-07-17,Providence Stadium,2,1.5,Guyana Amazon Warriors,St Lucia Zouks,LMP Simmons,AB Fudadin,FH Edwards,4,0,,,,,,,,,
857753,2015,2015-07-17,Providence Stadium,2,1.6,Guyana Amazon Warriors,St Lucia Zouks,LMP Simmons,AB Fudadin,FH Edwards,0,0,,,,,,,,,
857753,2015,2015-07-17,Providence Stadium,2,2.1,Guyana Amazon Warriors,St Lucia Zouks,AB Fudadin,LMP Simmons,DE Johnson,0,0,,,,,,,,,
857753,2015,2015-07-17,Providence Stadium,2,2.2,Guyana Amazon Warriors,St Lucia Zouks,AB Fudadin,LMP Simmons,DE Johnson,0,0,,,,,,caught,AB Fudadin,,
857753,2015,2015-07-17,Providence Stadium,2,2.3,Guyana Amazon Warriors,St Lucia Zouks,LMP Simmons,D Ramdin,DE Johnson,0,0,,,,,,,,,
857753,2015,2015-07-17,Providence Stadium,2,2.4,Guyana Amazon Warriors,St Lucia Zouks,LMP Simmons,D Ramdin,DE Johnson,0,0,,,,,,,,,
857753,2015,2015-07-17,Providence Stadium,2,2.5,Guyana Amazon Warriors,St Lucia Zouks,LMP Simmons,D Ramdin,DE Johnson,0,0,,,,,,,,,
857753,2015,2015-07-17,Providence Stadium,2,2.6,Guyana Amazon Warriors,St Lucia Zouks,LMP Simmons,D Ramdin,DE Johnson,0,0,,,,,,,,,
857753,2015,2015-07-17,Providence Stadium,2,3.1,Guyana Amazon Warriors,St Lucia Zouks,D Ramdin,LMP Simmons,KR Mayers,0,0,,,,,,,,,
857753,2015,2015-07-17,Providence Stadium,2,3.2,Guyana Amazon Warriors,St Lucia Zouks,D Ramdin,LMP Simmons,KR Mayers,1,0,,,,,,,,,
857753,2015,2015-07-17,Providence Stadium,2,3.3,Guyana Amazon Warriors,St Lucia Zouks,LMP Simmons,D Ramdin,KR Mayers,0,0,,,,,,,,,
857753,2015,2015-07-17,Providence Stadium,2,3.4,Guyana Amazon Warriors,St Lucia Zouks,LMP Simmons,D Ramdin,KR Mayers,1,0,,,,,,,,,
857753,2015,2015-07-17,Providence Stadium,2,3.5,Guyana Amazon Warriors,St Lucia Zouks,D Ramdin,LMP Simmons,KR Mayers,0,1,1,,,,,,,,
857753,2015,2015-07-17,Providence Stadium,2,3.6,Guyana Amazon Warriors,St Lucia Zouks,D Ramdin,LMP Simmons,KR Mayers,4,0,,,,,,,,,
857753,2015,2015-07-17,Providence Stadium,2,3.7,Guyana Amazon Warriors,St Lucia Zouks,D Ramdin,LMP Simmons,KR Mayers,0,0,,,,,,,,,
857753,2015,2015-07-17,Providence Stadium,2,4.1,Guyana Amazon Warriors,St Lucia Zouks,LMP Simmons,D Ramdin,DE Johnson,4,0,,,,,,,,,
857753,2015,2015-07-17,Providence Stadium,2,4.2,Guyana Amazon Warriors,St Lucia Zouks,LMP Simmons,D Ramdin,DE Johnson,4,0,,,,,,,,,
857753,2015,2015-07-17,Providence Stadium,2,4.3,Guyana Amazon Warriors,St Lucia Zouks,LMP Simmons,D Ramdin,DE Johnson,1,0,,,,,,,,,
857753,2015,2015-07-17,Providence Stadium,2,4.4,Guyana Amazon Warriors,St Lucia Zouks,D Ramdin,LMP Simmons,DE Johnson,0,4,,,,4,,,,,
857753,2015,2015-07-17,Providence Stadium,2,4.5,Guyana Amazon Warriors,St Lucia Zouks,D Ramdin,LMP Simmons,DE Johnson,1,0,,,,,,,,,
857753,2015,2015-07-17,Providence Stadium,2,4.6,Guyana Amazon Warriors,St Lucia Zouks,LMP Simmons,D Ramdin,DE Johnson,0,0,,,,,,,,,
857753,2015,2015-07-17,Providence Stadium,2,5.1,Guyana Amazon Warriors,St Lucia Zouks,D Ramdin,LMP Simmons,ST Gabriel,0,0,,,,,,,,,
857753,2015,2015-07-17,Providence Stadium,2,5.2,Guyana Amazon Warriors,St Lucia Zouks,D Ramdin,LMP Simmons,ST Gabriel,1,0,,,,,,,,,
857753,2015,2015-07-17,Providence Stadium,2,5.3,Guyana Amazon Warriors,St Lucia Zouks,LMP Simmons,D Ramdin,ST Gabriel,1,0,,,,,,,,,
857753,2015,2015-07-17,Providence Stadium,2,5.4,Guyana Amazon Warriors,St Lucia Zouks,D Ramdin,LMP Simmons,ST Gabriel,0,0,,,,,,,,,
857753,2015,2015-07-17,Providence Stadium,2,5.5,Guyana Amazon Warriors,St Lucia Zouks,D Ramdin,LMP Simmons,ST Gabriel,0,5,5,,,,,,,,
857753,2015,2015-07-17,Providence Stadium,2,5.6,Guyana Amazon Warriors,St Lucia Zouks,D Ramdin,LMP Simmons,ST Gabriel,0,0,,,,,,,,,
857753,2015,2015-07-17,Providence Stadium,2,5.7,Guyana Amazon Warriors,St Lucia Zouks,D Ramdin,LMP Simmons,ST Gabriel,0,0,,,,,,,,,
857753,2015,2015-07-17,Providence Stadium,2,6.1,Guyana Amazon Warriors,St Lucia Zouks,LMP Simmons,D Ramdin,KJ Cottoy,2,0,,,,,,,,,
857753,2015,2015-07-17,Providence Stadium,2,6.2,Guyana Amazon Warriors,St Lucia Zouks,LMP Simmons,D Ramdin,KJ Cottoy,1,0,,,,,,,,,
857753,2015,2015-07-17,Providence Stadium,2,6.3,Guyana Amazon Warriors,St Lucia Zouks,D Ramdin,LMP Simmons,KJ Cottoy,1,0,,,,,,,,,
857753,2015,2015-07-17,Providence Stadium,2,6.4,Guyana Amazon Warriors,St Lucia Zouks,LMP Simmons,D Ramdin,KJ Cottoy,0,0,,,,,,,,,
857753,2015,2015-07-17,Providence Stadium,2,6.5,Guyana Amazon Warriors,St Lucia Zouks,LMP Simmons,D Ramdin,KJ Cottoy,1,0,,,,,,,,,
857753,2015,2015-07-17,Providence Stadium,2,6.6,Guyana Amazon Warriors,St Lucia Zouks,D Ramdin,LMP Simmons,KJ Cottoy,1,0,,,,,,,,,
857753,2015,2015-07-17,Providence Stadium,2,7.1,Guyana Amazon Warriors,St Lucia Zouks,D Ramdin,LMP Simmons,NL McCullum,1,0,,,,,,,,,
857753,2015,2015-07-17,Providence Stadium,2,7.2,Guyana Amazon Warriors,St Lucia Zouks,LMP Simmons,D Ramdin,NL McCullum,1,0,,,,,,,,,
857753,2015,2015-07-17,Providence Stadium,2,7.3,Guyana Amazon Warriors,St Lucia Zouks,D Ramdin,LMP Simmons,NL McCullum,0,0,,,,,,,,,
857753,2015,2015-07-17,Providence Stadium,2,7.4,Guyana Amazon Warriors,St Lucia Zouks,D Ramdin,LMP Simmons,NL McCullum,2,0,,,,,,,,,
857753,2015,2015-07-17,Providence Stadium,2,7.5,Guyana Amazon Warriors,St Lucia Zouks,D Ramdin,LMP Simmons,NL McCullum,1,0,,,,,,,,,
857753,2015,2015-07-17,Providence Stadium,2,7.6,Guyana Amazon Warriors,St Lucia Zouks,LMP Simmons,D Ramdin,NL McCullum,1,0,,,,,,,,,
857753,2015,2015-07-17,Providence Stadium,2,8.1,Guyana Amazon Warriors,St Lucia Zouks,LMP Simmons,D Ramdin,KJ Cottoy,0,0,,,,,,caught,LMP Simmons,,
857753,2015,2015-07-17,Providence Stadium,2,8.2,Guyana Amazon Warriors,St Lucia Zouks,BJ Hodge,D Ramdin,KJ Cottoy,0,0,,,,,,,,,
857753,2015,2015-07-17,Providence Stadium,2,8.3,Guyana Amazon Warriors,St Lucia Zouks,BJ Hodge,D Ramdin,KJ Cottoy,0,0,,,,,,caught and bowled,BJ Hodge,,
857753,2015,2015-07-17,Providence Stadium,2,8.4,Guyana Amazon Warriors,St Lucia Zouks,Umar Akmal,D Ramdin,KJ Cottoy,0,0,,,,,,,,,
857753,2015,2015-07-17,Providence Stadium,2,8.5,Guyana Amazon Warriors,St Lucia Zouks,Umar Akmal,D Ramdin,KJ Cottoy,0,1,1,,,,,,,,
857753,2015,2015-07-17,Providence Stadium,2,8.6,Guyana Amazon Warriors,St Lucia Zouks,Umar Akmal,D Ramdin,KJ Cottoy,0,0,,,,,,,,,
857753,2015,2015-07-17,Providence Stadium,2,8.7,Guyana Amazon Warriors,St Lucia Zouks,Umar Akmal,D Ramdin,KJ Cottoy,1,0,,,,,,,,,
857753,2015,2015-07-17,Providence Stadium,2,9.1,Guyana Amazon Warriors,St Lucia Zouks,Umar Akmal,D Ramdin,NL McCullum,1,0,,,,,,,,,
857753,2015,2015-07-17,Providence Stadium,2,9.2,Guyana Amazon Warriors,St Lucia Zouks,D Ramdin,Umar Akmal,NL McCullum,1,0,,,,,,,,,
857753,2015,2015-07-17,Providence Stadium,2,9.3,Guyana Amazon Warriors,St Lucia Zouks,Umar Akmal,D Ramdin,NL McCullum,1,0,,,,,,,,,
857753,2015,2015-07-17,Providence Stadium,2,9.4,Guyana Amazon Warriors,St Lucia Zouks,D Ramdin,Umar Akmal,NL McCullum,1,0,,,,,,,,,
857753,2015,2015-07-17,Providence Stadium,2,9.5,Guyana Amazon Warriors,St Lucia Zouks,Umar Akmal,D Ramdin,NL McCullum,0,0,,,,,,,,,
857753,2015,2015-07-17,Providence Stadium,2,9.6,Guyana Amazon Warriors,St Lucia Zouks,Umar Akmal,D Ramdin,NL McCullum,0,0,,,,,,,,,
857753,2015,2015-07-17,Providence Stadium,2,10.1,Guyana Amazon Warriors,St Lucia Zouks,D Ramdin,Umar Akmal,KJ Cottoy,0,0,,,,,,,,,
857753,2015,2015-07-17,Providence Stadium,2,10.2,Guyana Amazon Warriors,St Lucia Zouks,D Ramdin,Umar Akmal,KJ Cottoy,2,0,,,,,,,,,
857753,2015,2015-07-17,Providence Stadium,2,10.3,Guyana Amazon Warriors,St Lucia Zouks,D Ramdin,Umar Akmal,KJ Cottoy,0,0,,,,,,,,,
857753,2015,2015-07-17,Providence Stadium,2,10.4,Guyana Amazon Warriors,St Lucia Zouks,D Ramdin,Umar Akmal,KJ Cottoy,1,0,,,,,,,,,
857753,2015,2015-07-17,Providence Stadium,2,10.5,Guyana Amazon Warriors,St Lucia Zouks,Umar Akmal,D Ramdin,KJ Cottoy,4,0,,,,,,,,,
857753,2015,2015-07-17,Providence Stadium,2,10.6,Guyana Amazon Warriors,St Lucia Zouks,Umar Akmal,D Ramdin,KJ Cottoy,0,0,,,,,,lbw,Umar Akmal,,
857753,2015,2015-07-17,Providence Stadium,2,11.1,Guyana Amazon Warriors,St Lucia Zouks,D Ramdin,CD Barnwell,FH Edwards,1,0,,,,,,,,,
857753,2015,2015-07-17,Providence Stadium,2,11.2,Guyana Amazon Warriors,St Lucia Zouks,CD Barnwell,D Ramdin,FH Edwards,1,0,,,,,,,,,
857753,2015,2015-07-17,Providence Stadium,2,11.3,Guyana Amazon Warriors,St Lucia Zouks,D Ramdin,CD Barnwell,FH Edwards,1,0,,,,,,,,,
857753,2015,2015-07-17,Providence Stadium,2,11.4,Guyana Amazon Warriors,St Lucia Zouks,CD Barnwell,D Ramdin,FH Edwards,0,1,1,,,,,,,,
857753,2015,2015-07-17,Providence Stadium,2,11.5,Guyana Amazon Warriors,St Lucia Zouks,CD Barnwell,D Ramdin,FH Edwards,0,0,,,,,,,,,
857753,2015,2015-07-17,Providence Stadium,2,11.6,Guyana Amazon Warriors,St Lucia Zouks,CD Barnwell,D Ramdin,FH Edwards,0,0,,,,,,,,,
857753,2015,2015-07-17,Providence Stadium,2,11.7,Guyana Amazon Warriors,St Lucia Zouks,CD Barnwell,D Ramdin,FH Edwards,4,0,,,,,,,,,
857753,2015,2015-07-17,Providence Stadium,2,12.1,Guyana Amazon Warriors,St Lucia Zouks,D Ramdin,CD Barnwell,KJ Cottoy,1,0,,,,,,,,,
857753,2015,2015-07-17,Providence Stadium,2,12.2,Guyana Amazon Warriors,St Lucia Zouks,CD Barnwell,D Ramdin,KJ Cottoy,2,0,,,,,,,,,
857753,2015,2015-07-17,Providence Stadium,2,12.3,Guyana Amazon Warriors,St Lucia Zouks,CD Barnwell,D Ramdin,KJ Cottoy,0,0,,,,,,bowled,CD Barnwell,,
857753,2015,2015-07-17,Providence Stadium,2,12.4,Guyana Amazon Warriors,St Lucia Zouks,D Wiese,D Ramdin,KJ Cottoy,0,0,,,,,,,,,
857753,2015,2015-07-17,Providence Stadium,2,12.5,Guyana Amazon Warriors,St Lucia Zouks,D Wiese,D Ramdin,KJ Cottoy,0,0,,,,,,run out,D Wiese,,
857753,2015,2015-07-17,Providence Stadium,2,12.6,Guyana Amazon Warriors,St Lucia Zouks,D Ramdin,SP Narine,KJ Cottoy,0,0,,,,,,,,,
857753,2015,2015-07-17,Providence Stadium,2,13.1,Guyana Amazon Warriors,St Lucia Zouks,SP Narine,D Ramdin,ST Gabriel,0,0,,,,,,,,,
857753,2015,2015-07-17,Providence Stadium,2,13.2,Guyana Amazon Warriors,St Lucia Zouks,SP Narine,D Ramdin,ST Gabriel,1,0,,,,,,,,,
857753,2015,2015-07-17,Providence Stadium,2,13.3,Guyana Amazon Warriors,St Lucia Zouks,D Ramdin,SP Narine,ST Gabriel,0,0,,,,,,,,,
857753,2015,2015-07-17,Providence Stadium,2,13.4,Guyana Amazon Warriors,St Lucia Zouks,D Ramdin,SP Narine,ST Gabriel,0,0,,,,,,,,,
857753,2015,2015-07-17,Providence Stadium,2,13.5,Guyana Amazon Warriors,St Lucia Zouks,D Ramdin,SP Narine,ST Gabriel,2,0,,,,,,,,,
857753,2015,2015-07-17,Providence Stadium,2,13.6,Guyana Amazon Warriors,St Lucia Zouks,D Ramdin,SP Narine,ST Gabriel,1,0,,,,,,run out,SP Narine,,
857753,2015,2015-07-17,Providence Stadium,2,14.1,Guyana Amazon Warriors,St Lucia Zouks,D Ramdin,V Permaul,NL McCullum,1,0,,,,,,,,,
857753,2015,2015-07-17,Providence Stadium,2,14.2,Guyana Amazon Warriors,St Lucia Zouks,V Permaul,D Ramdin,NL McCullum,1,0,,,,,,,,,
857753,2015,2015-07-17,Providence Stadium,2,14.3,Guyana Amazon Warriors,St Lucia Zouks,D Ramdin,V Permaul,NL McCullum,0,0,,,,,,,,,
857753,2015,2015-07-17,Providence Stadium,2,14.4,Guyana Amazon Warriors,St Lucia Zouks,D Ramdin,V Permaul,NL McCullum,1,0,,,,,,,,,
857753,2015,2015-07-17,Providence Stadium,2,14.5,Guyana Amazon Warriors,St Lucia Zouks,V Permaul,D Ramdin,NL McCullum,0,0,,,,,,,,,
857753,2015,2015-07-17,Providence Stadium,2,14.6,Guyana Amazon Warriors,St Lucia Zouks,V Permaul,D Ramdin,NL McCullum,0,0,,,,,,,,,
857753,2015,2015-07-17,Providence Stadium,2,15.1,Guyana Amazon Warriors,St Lucia Zouks,D Ramdin,V Permaul,FH Edwards,0,1,1,,,,,,,,
857753,2015,2015-07-17,Providence Stadium,2,15.2,Guyana Amazon Warriors,St Lucia Zouks,D Ramdin,V Permaul,FH Edwards,1,0,,,,,,,,,
857753,2015,2015-07-17,Providence Stadium,2,15.3,Guyana Amazon Warriors,St Lucia Zouks,V Permaul,D Ramdin,FH Edwards,1,0,,,,,,,,,
857753,2015,2015-07-17,Providence Stadium,2,15.4,Guyana Amazon Warriors,St Lucia Zouks,D Ramdin,V Permaul,FH Edwards,0,0,,,,,,,,,
857753,2015,2015-07-17,Providence Stadium,2,15.5,Guyana Amazon Warriors,St Lucia Zouks,D Ramdin,V Permaul,FH Edwards,0,0,,,,,,,,,
857753,2015,2015-07-17,Providence Stadium,2,15.6,Guyana Amazon Warriors,St Lucia Zouks,D Ramdin,V Permaul,FH Edwards,1,0,,,,,,,,,
857753,2015,2015-07-17,Providence Stadium,2,15.7,Guyana Amazon Warriors,St Lucia Zouks,V Permaul,D Ramdin,FH Edwards,0,0,,,,,,,,,
857753,2015,2015-07-17,Providence Stadium,2,16.1,Guyana Amazon Warriors,St Lucia Zouks,D Ramdin,V Permaul,ADS Fletcher,4,0,,,,,,,,,
857753,2015,2015-07-17,Providence Stadium,2,16.2,Guyana Amazon Warriors,St Lucia Zouks,D Ramdin,V Permaul,ADS Fletcher,4,0,,,,,,,,,
857753,2015,2015-07-17,Providence Stadium,2,16.3,Guyana Amazon Warriors,St Lucia Zouks,D Ramdin,V Permaul,ADS Fletcher,0,0,,,,,,,,,
857753,2015,2015-07-17,Providence Stadium,2,16.4,Guyana Amazon Warriors,St Lucia Zouks,D Ramdin,V Permaul,ADS Fletcher,0,0,,,,,,,,,
857753,2015,2015-07-17,Providence Stadium,2,16.5,Guyana Amazon Warriors,St Lucia Zouks,D Ramdin,V Permaul,ADS Fletcher,2,0,,,,,,,,,
857753,2015,2015-07-17,Providence Stadium,2,16.6,Guyana Amazon Warriors,St Lucia Zouks,D Ramdin,V Permaul,ADS Fletcher,0,0,,,,,,,,,
857753,2015,2015-07-17,Providence Stadium,2,17.1,Guyana Amazon Warriors,St Lucia Zouks,V Permaul,D Ramdin,FH Edwards,0,0,,,,,,,,,
857753,2015,2015-07-17,Providence Stadium,2,17.2,Guyana Amazon Warriors,St Lucia Zouks,V Permaul,D Ramdin,FH Edwards,0,0,,,,,,,,,
857753,2015,2015-07-17,Providence Stadium,2,17.3,Guyana Amazon Warriors,St Lucia Zouks,V Permaul,D Ramdin,FH Edwards,0,0,,,,,,,,,
857753,2015,2015-07-17,Providence Stadium,2,17.4,Guyana Amazon Warriors,St Lucia Zouks,V Permaul,D Ramdin,FH Edwards,1,0,,,,,,,,,
857753,2015,2015-07-17,Providence Stadium,2,17.5,Guyana Amazon Warriors,St Lucia Zouks,D Ramdin,V Permaul,FH Edwards,1,0,,,,,,,,,
857753,2015,2015-07-17,Providence Stadium,2,17.6,Guyana Amazon Warriors,St Lucia Zouks,V Permaul,D Ramdin,FH Edwards,6,0,,,,,,,,,
