match_id,season,start_date,venue,innings,ball,batting_team,bowling_team,striker,non_striker,bowler,runs_off_bat,extras,wides,noballs,byes,legbyes,penalty,wicket_type,player_dismissed,other_wicket_type,other_player_dismissed
857767,2015,2015-07-26,"Queen's Park Oval, Port of Spain",1,0.1,Trinidad & Tobago Red Steel,Barbados Tridents,JH Kallis,CS Delport,RR Emrit,0,0,,,,,,,,,
857767,2015,2015-07-26,"Queen's Park Oval, Port of Spain",1,0.2,Trinidad & Tobago Red Steel,Barbados Tridents,JH Kallis,CS Delport,RR Emrit,0,0,,,,,,,,,
857767,2015,2015-07-26,"Queen's Park Oval, Port of Spain",1,0.3,Trinidad & Tobago Red Steel,Barbados Tridents,JH Kallis,CS Delport,RR Emrit,0,0,,,,,,,,,
857767,2015,2015-07-26,"Queen's Park Oval, Port of Spain",1,0.4,Trinidad & Tobago Red Steel,Barbados Tridents,JH Kallis,CS Delport,RR Emrit,2,0,,,,,,,,,
857767,2015,2015-07-26,"Queen's Park Oval, Port of Spain",1,0.5,Trinidad & Tobago Red Steel,Barbados Tridents,JH Kallis,CS Delport,RR Emrit,0,0,,,,,,,,,
857767,2015,2015-07-26,"Queen's Park Oval, Port of Spain",1,0.6,Trinidad & Tobago Red Steel,Barbados Tridents,JH Kallis,CS Delport,RR Emrit,4,0,,,,,,,,,
857767,2015,2015-07-26,"Queen's Park Oval, Port of Spain",1,1.1,Trinidad & Tobago Red Steel,Barbados Tridents,CS Delport,JH Kallis,R Rampaul,4,0,,,,,,,,,
857767,2015,2015-07-26,"Queen's Park Oval, Port of Spain",1,1.2,Trinidad & Tobago Red Steel,Barbados Tridents,CS Delport,JH Kallis,R Rampaul,4,0,,,,,,,,,
857767,2015,2015-07-26,"Queen's Park Oval, Port of Spain",1,1.3,Trinidad & Tobago Red Steel,Barbados Tridents,CS Delport,JH Kallis,R Rampaul,0,0,,,,,,,,,
857767,2015,2015-07-26,"Queen's Park Oval, Port of Spain",1,1.4,Trinidad & Tobago Red Steel,Barbados Tridents,CS Delport,JH Kallis,R Rampaul,1,0,,,,,,,,,
857767,2015,2015-07-26,"Queen's Park Oval, Port of Spain",1,1.5,Trinidad & Tobago Red Steel,Barbados Tridents,JH Kallis,CS Delport,R Rampaul,1,0,,,,,,,,,
857767,2015,2015-07-26,"Queen's Park Oval, Port of Spain",1,1.6,Trinidad & Tobago Red Steel,Barbados Tridents,CS Delport,JH Kallis,R Rampaul,0,0,,,,,,,,,
857767,2015,2015-07-26,"Queen's Park Oval, Port of Spain",1,2.1,Trinidad & Tobago Red Steel,Barbados Tridents,JH Kallis,CS Delport,RJ Peterson,1,0,,,,,,,,,
857767,2015,2015-07-26,"Queen's Park Oval, Port of Spain",1,2.2,Trinidad & Tobago Red Steel,Barbados Tridents,CS Delport,JH Kallis,RJ Peterson,0,0,,,,,,,,,
857767,2015,2015-07-26,"Queen's Park Oval, Port of Spain",1,2.3,Trinidad & Tobago Red Steel,Barbados Tridents,CS Delport,JH Kallis,RJ Peterson,1,0,,,,,,,,,
857767,2015,2015-07-26,"Queen's Park Oval, Port of Spain",1,2.4,Trinidad & Tobago Red Steel,Barbados Tridents,JH Kallis,CS Delport,RJ Peterson,0,0,,,,,,bowled,JH Kallis,,
857767,2015,2015-07-26,"Queen's Park Oval, Port of Spain",1,2.5,Trinidad & Tobago Red Steel,Barbados Tridents,Kamran Akmal,CS Delport,RJ Peterson,0,0,,,,,,,,,
857767,2015,2015-07-26,"Queen's Park Oval, Port of Spain",1,2.6,Trinidad & Tobago Red Steel,Barbados Tridents,Kamran Akmal,CS Delport,RJ Peterson,0,2,,,,2,,,,,
857767,2015,2015-07-26,"Queen's Park Oval, Port of Spain",1,3.1,Trinidad & Tobago Red Steel,Barbados Tridents,CS Delport,Kamran Akmal,KA Pollard,0,0,,,,,,,,,
857767,2015,2015-07-26,"Queen's Park Oval, Port of Spain",1,3.2,Trinidad & Tobago Red Steel,Barbados Tridents,CS Delport,Kamran Akmal,KA Pollard,0,0,,,,,,,,,
857767,2015,2015-07-26,"Queen's Park Oval, Port of Spain",1,3.3,Trinidad & Tobago Red Steel,Barbados Tridents,CS Delport,Kamran Akmal,KA Pollard,1,0,,,,,,,,,
857767,2015,2015-07-26,"Queen's Park Oval, Port of Spain",1,3.4,Trinidad & Tobago Red Steel,Barbados Tridents,Kamran Akmal,CS Delport,KA Pollard,1,0,,,,,,,,,
857767,2015,2015-07-26,"Queen's Park Oval, Port of Spain",1,3.5,Trinidad & Tobago Red Steel,Barbados Tridents,CS Delport,Kamran Akmal,KA Pollard,4,0,,,,,,,,,
857767,2015,2015-07-26,"Queen's Park Oval, Port of Spain",1,3.6,Trinidad & Tobago Red Steel,Barbados Tridents,CS Delport,Kamran Akmal,KA Pollard,4,0,,,,,,,,,
857767,2015,2015-07-26,"Queen's Park Oval, Port of Spain",1,4.1,Trinidad & Tobago Red Steel,Barbados Tridents,Kamran Akmal,CS Delport,RJ Peterson,0,0,,,,,,,,,
857767,2015,2015-07-26,"Queen's Park Oval, Port of Spain",1,4.2,Trinidad & Tobago Red Steel,Barbados Tridents,Kamran Akmal,CS Delport,RJ Peterson,0,0,,,,,,,,,
857767,2015,2015-07-26,"Queen's Park Oval, Port of Spain",1,4.3,Trinidad & Tobago Red Steel,Barbados Tridents,Kamran Akmal,CS Delport,RJ Peterson,0,0,,,,,,,,,
857767,2015,2015-07-26,"Queen's Park Oval, Port of Spain",1,4.4,Trinidad & Tobago Red Steel,Barbados Tridents,Kamran Akmal,CS Delport,RJ Peterson,0,0,,,,,,,,,
857767,2015,2015-07-26,"Queen's Park Oval, Port of Spain",1,4.5,Trinidad & Tobago Red Steel,Barbados Tridents,Kamran Akmal,CS Delport,RJ Peterson,0,0,,,,,,,,,
857767,2015,2015-07-26,"Queen's Park Oval, Port of Spain",1,4.6,Trinidad & Tobago Red Steel,Barbados Tridents,Kamran Akmal,CS Delport,RJ Peterson,0,0,,,,,,,,,
857767,2015,2015-07-26,"Queen's Park Oval, Port of Spain",1,5.1,Trinidad & Tobago Red Steel,Barbados Tridents,CS Delport,Kamran Akmal,AR Nurse,0,0,,,,,,,,,
857767,2015,2015-07-26,"Queen's Park Oval, Port of Spain",1,5.2,Trinidad & Tobago Red Steel,Barbados Tridents,CS Delport,Kamran Akmal,AR Nurse,0,0,,,,,,,,,
857767,2015,2015-07-26,"Queen's Park Oval, Port of Spain",1,5.3,Trinidad & Tobago Red Steel,Barbados Tridents,CS Delport,Kamran Akmal,AR Nurse,0,0,,,,,,,,,
857767,2015,2015-07-26,"Queen's Park Oval, Port of Spain",1,5.4,Trinidad & Tobago Red Steel,Barbados Tridents,CS Delport,Kamran Akmal,AR Nurse,1,0,,,,,,,,,
857767,2015,2015-07-26,"Queen's Park Oval, Port of Spain",1,5.5,Trinidad & Tobago Red Steel,Barbados Tridents,Kamran Akmal,CS Delport,AR Nurse,1,0,,,,,,,,,
857767,2015,2015-07-26,"Queen's Park Oval, Port of Spain",1,5.6,Trinidad & Tobago Red Steel,Barbados Tridents,CS Delport,Kamran Akmal,AR Nurse,0,0,,,,,,,,,
857767,2015,2015-07-26,"Queen's Park Oval, Port of Spain",1,6.1,Trinidad & Tobago Red Steel,Barbados Tridents,Kamran Akmal,CS Delport,RJ Peterson,1,0,,,,,,,,,
857767,2015,2015-07-26,"Queen's Park Oval, Port of Spain",1,6.2,Trinidad & Tobago Red Steel,Barbados Tridents,CS Delport,Kamran Akmal,RJ Peterson,1,0,,,,,,,,,
857767,2015,2015-07-26,"Queen's Park Oval, Port of Spain",1,6.3,Trinidad & Tobago Red Steel,Barbados Tridents,Kamran Akmal,CS Delport,RJ Peterson,0,0,,,,,,,,,
857767,2015,2015-07-26,"Queen's Park Oval, Port of Spain",1,6.4,Trinidad & Tobago Red Steel,Barbados Tridents,Kamran Akmal,CS Delport,RJ Peterson,0,0,,,,,,,,,
857767,2015,2015-07-26,"Queen's Park Oval, Port of Spain",1,6.5,Trinidad & Tobago Red Steel,Barbados Tridents,Kamran Akmal,CS Delport,RJ Peterson,4,0,,,,,,,,,
857767,2015,2015-07-26,"Queen's Park Oval, Port of Spain",1,6.6,Trinidad & Tobago Red Steel,Barbados Tridents,Kamran Akmal,CS Delport,RJ Peterson,1,0,,,,,,,,,
857767,2015,2015-07-26,"Queen's Park Oval, Port of Spain",1,7.1,Trinidad & Tobago Red Steel,Barbados Tridents,Kamran Akmal,CS Delport,AR Nurse,0,0,,,,,,,,,
857767,2015,2015-07-26,"Queen's Park Oval, Port of Spain",1,7.2,Trinidad & Tobago Red Steel,Barbados Tridents,Kamran Akmal,CS Delport,AR Nurse,2,0,,,,,,,,,
857767,2015,2015-07-26,"Queen's Park Oval, Port of Spain",1,7.3,Trinidad & Tobago Red Steel,Barbados Tridents,Kamran Akmal,CS Delport,AR Nurse,6,0,,,,,,,,,
857767,2015,2015-07-26,"Queen's Park Oval, Port of Spain",1,7.4,Trinidad & Tobago Red Steel,Barbados Tridents,Kamran Akmal,CS Delport,AR Nurse,4,0,,,,,,,,,
857767,2015,2015-07-26,"Queen's Park Oval, Port of Spain",1,7.5,Trinidad & Tobago Red Steel,Barbados Tridents,Kamran Akmal,CS Delport,AR Nurse,1,0,,,,,,,,,
857767,2015,2015-07-26,"Queen's Park Oval, Port of Spain",1,7.6,Trinidad & Tobago Red Steel,Barbados Tridents,CS Delport,Kamran Akmal,AR Nurse,0,0,,,,,,,,,
857767,2015,2015-07-26,"Queen's Park Oval, Port of Spain",1,8.1,Trinidad & Tobago Red Steel,Barbados Tridents,Kamran Akmal,CS Delport,I Khan (2),2,0,,,,,,,,,
857767,2015,2015-07-26,"Queen's Park Oval, Port of Spain",1,8.2,Trinidad & Tobago Red Steel,Barbados Tridents,Kamran Akmal,CS Delport,I Khan (2),2,0,,,,,,,,,
857767,2015,2015-07-26,"Queen's Park Oval, Port of Spain",1,8.3,Trinidad & Tobago Red Steel,Barbados Tridents,Kamran Akmal,CS Delport,I Khan (2),1,0,,,,,,,,,
857767,2015,2015-07-26,"Queen's Park Oval, Port of Spain",1,8.4,Trinidad & Tobago Red Steel,Barbados Tridents,CS Delport,Kamran Akmal,I Khan (2),1,0,,,,,,,,,
857767,2015,2015-07-26,"Queen's Park Oval, Port of Spain",1,8.5,Trinidad & Tobago Red Steel,Barbados Tridents,Kamran Akmal,CS Delport,I Khan (2),4,0,,,,,,,,,
857767,2015,2015-07-26,"Queen's Park Oval, Port of Spain",1,8.6,Trinidad & Tobago Red Steel,Barbados Tridents,Kamran Akmal,CS Delport,I Khan (2),2,0,,,,,,,,,
857767,2015,2015-07-26,"Queen's Park Oval, Port of Spain",1,9.1,Trinidad & Tobago Red Steel,Barbados Tridents,CS Delport,Kamran Akmal,KA Pollard,1,0,,,,,,,,,
857767,2015,2015-07-26,"Queen's Park Oval, Port of Spain",1,9.2,Trinidad & Tobago Red Steel,Barbados Tridents,Kamran Akmal,CS Delport,KA Pollard,0,0,,,,,,,,,
857767,2015,2015-07-26,"Queen's Park Oval, Port of Spain",1,9.3,Trinidad & Tobago Red Steel,Barbados Tridents,Kamran Akmal,CS Delport,KA Pollard,1,0,,,,,,,,,
857767,2015,2015-07-26,"Queen's Park Oval, Port of Spain",1,9.4,Trinidad & Tobago Red Steel,Barbados Tridents,CS Delport,Kamran Akmal,KA Pollard,0,0,,,,,,,,,
857767,2015,2015-07-26,"Queen's Park Oval, Port of Spain",1,9.5,Trinidad & Tobago Red Steel,Barbados Tridents,CS Delport,Kamran Akmal,KA Pollard,1,0,,,,,,,,,
857767,2015,2015-07-26,"Queen's Park Oval, Port of Spain",1,9.6,Trinidad & Tobago Red Steel,Barbados Tridents,Kamran Akmal,CS Delport,KA Pollard,1,0,,,,,,,,,
857767,2015,2015-07-26,"Queen's Park Oval, Port of Spain",1,10.1,Trinidad & Tobago Red Steel,Barbados Tridents,Kamran Akmal,CS Delport,JO Holder,0,0,,,,,,,,,
857767,2015,2015-07-26,"Queen's Park Oval, Port of Spain",1,10.2,Trinidad & Tobago Red Steel,Barbados Tridents,Kamran Akmal,CS Delport,JO Holder,2,0,,,,,,,,,
857767,2015,2015-07-26,"Queen's Park Oval, Port of Spain",1,10.3,Trinidad & Tobago Red Steel,Barbados Tridents,Kamran Akmal,CS Delport,JO Holder,0,0,,,,,,,,,
857767,2015,2015-07-26,"Queen's Park Oval, Port of Spain",1,10.4,Trinidad & Tobago Red Steel,Barbados Tridents,Kamran Akmal,CS Delport,JO Holder,4,0,,,,,,,,,
857767,2015,2015-07-26,"Queen's Park Oval, Port of Spain",1,10.5,Trinidad & Tobago Red Steel,Barbados Tridents,Kamran Akmal,CS Delport,JO Holder,1,0,,,,,,,,,
857767,2015,2015-07-26,"Queen's Park Oval, Port of Spain",1,10.6,Trinidad & Tobago Red Steel,Barbados Tridents,CS Delport,Kamran Akmal,JO Holder,4,0,,,,,,,,,
857767,2015,2015-07-26,"Queen's Park Oval, Port of Spain",1,11.1,Trinidad & Tobago Red Steel,Barbados Tridents,Kamran Akmal,CS Delport,KA Pollard,1,0,,,,,,,,,
857767,2015,2015-07-26,"Queen's Park Oval, Port of Spain",1,11.2,Trinidad & Tobago Red Steel,Barbados Tridents,CS Delport,Kamran Akmal,KA Pollard,0,0,,,,,,,,,
857767,2015,2015-07-26,"Queen's Park Oval, Port of Spain",1,11.3,Trinidad & Tobago Red Steel,Barbados Tridents,CS Delport,Kamran Akmal,KA Pollard,1,0,,,,,,,,,
857767,2015,2015-07-26,"Queen's Park Oval, Port of Spain",1,11.4,Trinidad & Tobago Red Steel,Barbados Tridents,Kamran Akmal,CS Delport,KA Pollard,2,0,,,,,,,,,
857767,2015,2015-07-26,"Queen's Park Oval, Port of Spain",1,11.5,Trinidad & Tobago Red Steel,Barbados Tridents,Kamran Akmal,CS Delport,KA Pollard,1,0,,,,,,,,,
857767,2015,2015-07-26,"Queen's Park Oval, Port of Spain",1,11.6,Trinidad & Tobago Red Steel,Barbados Tridents,CS Delport,Kamran Akmal,KA Pollard,0,0,,,,,,,,,
857767,2015,2015-07-26,"Queen's Park Oval, Port of Spain",1,12.1,Trinidad & Tobago Red Steel,Barbados Tridents,Kamran Akmal,CS Delport,RR Emrit,0,0,,,,,,,,,
857767,2015,2015-07-26,"Queen's Park Oval, Port of Spain",1,12.2,Trinidad & Tobago Red Steel,Barbados Tridents,Kamran Akmal,CS Delport,RR Emrit,0,0,,,,,,,,,
857767,2015,2015-07-26,"Queen's Park Oval, Port of Spain",1,12.3,Trinidad & Tobago Red Steel,Barbados Tridents,Kamran Akmal,CS Delport,RR Emrit,1,0,,,,,,,,,
857767,2015,2015-07-26,"Queen's Park Oval, Port of Spain",1,12.4,Trinidad & Tobago Red Steel,Barbados Tridents,CS Delport,Kamran Akmal,RR Emrit,0,0,,,,,,,,,
857767,2015,2015-07-26,"Queen's Park Oval, Port of Spain",1,12.5,Trinidad & Tobago Red Steel,Barbados Tridents,CS Delport,Kamran Akmal,RR Emrit,1,0,,,,,,,,,
857767,2015,2015-07-26,"Queen's Park Oval, Port of Spain",1,12.6,Trinidad & Tobago Red Steel,Barbados Tridents,Kamran Akmal,CS Delport,RR Emrit,1,0,,,,,,,,,
857767,2015,2015-07-26,"Queen's Park Oval, Port of Spain",1,13.1,Trinidad & Tobago Red Steel,Barbados Tridents,Kamran Akmal,CS Delport,R Rampaul,6,0,,,,,,,,,
857767,2015,2015-07-26,"Queen's Park Oval, Port of Spain",1,13.2,Trinidad & Tobago Red Steel,Barbados Tridents,Kamran Akmal,CS Delport,R Rampaul,1,0,,,,,,,,,
857767,2015,2015-07-26,"Queen's Park Oval, Port of Spain",1,13.3,Trinidad & Tobago Red Steel,Barbados Tridents,CS Delport,Kamran Akmal,R Rampaul,1,0,,,,,,,,,
857767,2015,2015-07-26,"Queen's Park Oval, Port of Spain",1,13.4,Trinidad & Tobago Red Steel,Barbados Tridents,Kamran Akmal,CS Delport,R Rampaul,1,0,,,,,,,,,
857767,2015,2015-07-26,"Queen's Park Oval, Port of Spain",1,13.5,Trinidad & Tobago Red Steel,Barbados Tridents,CS Delport,Kamran Akmal,R Rampaul,1,0,,,,,,,,,
857767,2015,2015-07-26,"Queen's Park Oval, Port of Spain",1,13.6,Trinidad & Tobago Red Steel,Barbados Tridents,Kamran Akmal,CS Delport,R Rampaul,4,0,,,,,,,,,
857767,2015,2015-07-26,"Queen's Park Oval, Port of Spain",1,14.1,Trinidad & Tobago Red Steel,Barbados Tridents,CS Delport,Kamran Akmal,RJ Peterson,0,0,,,,,,,,,
857767,2015,2015-07-26,"Queen's Park Oval, Port of Spain",1,14.2,Trinidad & Tobago Red Steel,Barbados Tridents,CS Delport,Kamran Akmal,RJ Peterson,6,0,,,,,,,,,
857767,2015,2015-07-26,"Queen's Park Oval, Port of Spain",1,14.3,Trinidad & Tobago Red Steel,Barbados Tridents,CS Delport,Kamran Akmal,RJ Peterson,6,0,,,,,,,,,
857767,2015,2015-07-26,"Queen's Park Oval, Port of Spain",1,14.4,Trinidad & Tobago Red Steel,Barbados Tridents,CS Delport,Kamran Akmal,RJ Peterson,1,0,,,,,,,,,
857767,2015,2015-07-26,"Queen's Park Oval, Port of Spain",1,14.5,Trinidad & Tobago Red Steel,Barbados Tridents,Kamran Akmal,CS Delport,RJ Peterson,1,0,,,,,,,,,
857767,2015,2015-07-26,"Queen's Park Oval, Port of Spain",1,14.6,Trinidad & Tobago Red Steel,Barbados Tridents,CS Delport,Kamran Akmal,RJ Peterson,1,0,,,,,,,,,
857767,2015,2015-07-26,"Queen's Park Oval, Port of Spain",1,15.1,Trinidad & Tobago Red Steel,Barbados Tridents,CS Delport,Kamran Akmal,KA Pollard,4,0,,,,,,,,,
857767,2015,2015-07-26,"Queen's Park Oval, Port of Spain",1,15.2,Trinidad & Tobago Red Steel,Barbados Tridents,CS Delport,Kamran Akmal,KA Pollard,0,0,,,,,,caught and bowled,CS Delport,,
857767,2015,2015-07-26,"Queen's Park Oval, Port of Spain",1,15.3,Trinidad & Tobago Red Steel,Barbados Tridents,Kamran Akmal,DM Bravo,KA Pollard,0,0,,,,,,caught,Kamran Akmal,,
857767,2015,2015-07-26,"Queen's Park Oval, Port of Spain",1,15.4,Trinidad & Tobago Red Steel,Barbados Tridents,DM Bravo,DJ Bravo,KA Pollard,1,0,,,,,,,,,
857767,2015,2015-07-26,"Queen's Park Oval, Port of Spain",1,15.5,Trinidad & Tobago Red Steel,Barbados Tridents,DJ Bravo,DM Bravo,KA Pollard,0,1,1,,,,,,,,
857767,2015,2015-07-26,"Queen's Park Oval, Port of Spain",1,15.6,Trinidad & Tobago Red Steel,Barbados Tridents,DJ Bravo,DM Bravo,KA Pollard,0,1,1,,,,,,,,
857767,2015,2015-07-26,"Queen's Park Oval, Port of Spain",1,15.7,Trinidad & Tobago Red Steel,Barbados Tridents,DJ Bravo,DM Bravo,KA Pollard,1,0,,,,,,,,,
857767,2015,2015-07-26,"Queen's Park Oval, Port of Spain",1,15.8,Trinidad & Tobago Red Steel,Barbados Tridents,DM Bravo,DJ Bravo,KA Pollard,1,0,,,,,,,,,
857767,2015,2015-07-26,"Queen's Park Oval, Port of Spain",1,16.1,Trinidad & Tobago Red Steel,Barbados Tridents,DM Bravo,DJ Bravo,RR Emrit,1,0,,,,,,,,,
857767,2015,2015-07-26,"Queen's Park Oval, Port of Spain",1,16.2,Trinidad & Tobago Red Steel,Barbados Tridents,DJ Bravo,DM Bravo,RR Emrit,0,1,1,,,,,,,,
857767,2015,2015-07-26,"Queen's Park Oval, Port of Spain",1,16.3,Trinidad & Tobago Red Steel,Barbados Tridents,DJ Bravo,DM Bravo,RR Emrit,4,0,,,,,,,,,
857767,2015,2015-07-26,"Queen's Park Oval, Port of Spain",1,16.4,Trinidad & Tobago Red Steel,Barbados Tridents,DJ Bravo,DM Bravo,RR Emrit,0,1,,,,1,,,,,
857767,2015,2015-07-26,"Queen's Park Oval, Port of Spain",1,16.5,Trinidad & Tobago Red Steel,Barbados Tridents,DM Bravo,DJ Bravo,RR Emrit,1,0,,,,,,,,,
857767,2015,2015-07-26,"Queen's Park Oval, Port of Spain",1,16.6,Trinidad & Tobago Red Steel,Barbados Tridents,DJ Bravo,DM Bravo,RR Emrit,1,0,,,,,,,,,
857767,2015,2015-07-26,"Queen's Park Oval, Port of Spain",1,16.7,Trinidad & Tobago Red Steel,Barbados Tridents,DM Bravo,DJ Bravo,RR Emrit,2,0,,,,,,,,,
857767,2015,2015-07-26,"Queen's Park Oval, Port of Spain",1,17.1,Trinidad & Tobago Red Steel,Barbados Tridents,DJ Bravo,DM Bravo,R Rampaul,2,0,,,,,,,,,
857767,2015,2015-07-26,"Queen's Park Oval, Port of Spain",1,17.2,Trinidad & Tobago Red Steel,Barbados Tridents,DJ Bravo,DM Bravo,R Rampaul,6,0,,,,,,,,,
857767,2015,2015-07-26,"Queen's Park Oval, Port of Spain",1,17.3,Trinidad & Tobago Red Steel,Barbados Tridents,DJ Bravo,DM Bravo,R Rampaul,0,5,5,,,,,,,,
857767,2015,2015-07-26,"Queen's Park Oval, Port of Spain",1,17.4,Trinidad & Tobago Red Steel,Barbados Tridents,DJ Bravo,DM Bravo,R Rampaul,4,0,,,,,,,,,
857767,2015,2015-07-26,"Queen's Park Oval, Port of Spain",1,17.5,Trinidad & Tobago Red Steel,Barbados Tridents,DJ Bravo,DM Bravo,R Rampaul,0,3,3,,,,,,,,
857767,2015,2015-07-26,"Queen's Park Oval, Port of Spain",1,17.6,Trinidad & Tobago Red Steel,Barbados Tridents,DJ Bravo,DM Bravo,R Rampaul,0,1,,,,1,,,,,
857767,2015,2015-07-26,"Queen's Park Oval, Port of Spain",1,17.7,Trinidad & Tobago Red Steel,Barbados Tridents,DM Bravo,DJ Bravo,R Rampaul,2,0,,,,,,,,,
857767,2015,2015-07-26,"Queen's Park Oval, Port of Spain",1,17.8,Trinidad & Tobago Red Steel,Barbados Tridents,DM Bravo,DJ Bravo,R Rampaul,1,0,,,,,,,,,
857767,2015,2015-07-26,"Queen's Park Oval, Port of Spain",1,18.1,Trinidad & Tobago Red Steel,Barbados Tridents,DM Bravo,DJ Bravo,RR Emrit,0,0,,,,,,caught,DM Bravo,,
857767,2015,2015-07-26,"Queen's Park Oval, Port of Spain",1,18.2,Trinidad & Tobago Red Steel,Barbados Tridents,DJ Bravo,KK Cooper,RR Emrit,1,0,,,,,,,,,
857767,2015,2015-07-26,"Queen's Park Oval, Port of Spain",1,18.3,Trinidad & Tobago Red Steel,Barbados Tridents,KK Cooper,DJ Bravo,RR Emrit,4,0,,,,,,,,,
857767,2015,2015-07-26,"Queen's Park Oval, Port of Spain",1,18.4,Trinidad & Tobago Red Steel,Barbados Tridents,KK Cooper,DJ Bravo,RR Emrit,0,0,,,,,,,,,
857767,2015,2015-07-26,"Queen's Park Oval, Port of Spain",1,18.5,Trinidad & Tobago Red Steel,Barbados Tridents,KK Cooper,DJ Bravo,RR Emrit,0,0,,,,,,caught,KK Cooper,,
857767,2015,2015-07-26,"Queen's Park Oval, Port of Spain",1,18.6,Trinidad & Tobago Red Steel,Barbados Tridents,DJ Bravo,J Botha,RR Emrit,1,0,,,,,,,,,
857767,2015,2015-07-26,"Queen's Park Oval, Port of Spain",1,19.1,Trinidad & Tobago Red Steel,Barbados Tridents,DJ Bravo,J Botha,JO Holder,1,0,,,,,,,,,
857767,2015,2015-07-26,"Queen's Park Oval, Port of Spain",1,19.2,Trinidad & Tobago Red Steel,Barbados Tridents,J Botha,DJ Bravo,JO Holder,1,0,,,,,,,,,
857767,2015,2015-07-26,"Queen's Park Oval, Port of Spain",1,19.3,Trinidad & Tobago Red Steel,Barbados Tridents,DJ Bravo,J Botha,JO Holder,0,0,,,,,,,,,
857767,2015,2015-07-26,"Queen's Park Oval, Port of Spain",1,19.4,Trinidad & Tobago Red Steel,Barbados Tridents,DJ Bravo,J Botha,JO Holder,4,0,,,,,,,,,
857767,2015,2015-07-26,"Queen's Park Oval, Port of Spain",1,19.5,Trinidad & Tobago Red Steel,Barbados Tridents,DJ Bravo,J Botha,JO Holder,4,0,,,,,,,,,
857767,2015,2015-07-26,"Queen's Park Oval, Port of Spain",1,19.6,Trinidad & Tobago Red Steel,Barbados Tridents,DJ Bravo,J Botha,JO Holder,0,2,,,2,,,,,,
857767,2015,2015-07-26,"Queen's Park Oval, Port of Spain",2,0.1,Barbados Tridents,Trinidad & Tobago Red Steel,DR Smith,Steven Ryan Taylor,S Badree,0,0,,,,,,,,,
857767,2015,2015-07-26,"Queen's Park Oval, Port of Spain",2,0.2,Barbados Tridents,Trinidad & Tobago Red Steel,DR Smith,Steven Ryan Taylor,S Badree,0,0,,,,,,,,,
857767,2015,2015-07-26,"Queen's Park Oval, Port of Spain",2,0.3,Barbados Tridents,Trinidad & Tobago Red Steel,DR Smith,Steven Ryan Taylor,S Badree,0,0,,,,,,,,,
857767,2015,2015-07-26,"Queen's Park Oval, Port of Spain",2,0.4,Barbados Tridents,Trinidad & Tobago Red Steel,DR Smith,Steven Ryan Taylor,S Badree,0,4,,,4,,,,,,
857767,2015,2015-07-26,"Queen's Park Oval, Port of Spain",2,0.5,Barbados Tridents,Trinidad & Tobago Red Steel,DR Smith,Steven Ryan Taylor,S Badree,1,0,,,,,,,,,
857767,2015,2015-07-26,"Queen's Park Oval, Port of Spain",2,0.6,Barbados Tridents,Trinidad & Tobago Red Steel,Steven Ryan Taylor,DR Smith,S Badree,6,0,,,,,,,,,
857767,2015,2015-07-26,"Queen's Park Oval, Port of Spain",2,1.1,Barbados Tridents,Trinidad & Tobago Red Steel,DR Smith,Steven Ryan Taylor,DJ Bravo,4,0,,,,,,,,,
857767,2015,2015-07-26,"Queen's Park Oval, Port of Spain",2,1.2,Barbados Tridents,Trinidad & Tobago Red Steel,DR Smith,Steven Ryan Taylor,DJ Bravo,2,0,,,,,,,,,
857767,2015,2015-07-26,"Queen's Park Oval, Port of Spain",2,1.3,Barbados Tridents,Trinidad & Tobago Red Steel,DR Smith,Steven Ryan Taylor,DJ Bravo,0,0,,,,,,,,,
857767,2015,2015-07-26,"Queen's Park Oval, Port of Spain",2,1.4,Barbados Tridents,Trinidad & Tobago Red Steel,DR Smith,Steven Ryan Taylor,DJ Bravo,1,0,,,,,,,,,
857767,2015,2015-07-26,"Queen's Park Oval, Port of Spain",2,1.5,Barbados Tridents,Trinidad & Tobago Red Steel,Steven Ryan Taylor,DR Smith,DJ Bravo,4,0,,,,,,,,,
857767,2015,2015-07-26,"Queen's Park Oval, Port of Spain",2,1.6,Barbados Tridents,Trinidad & Tobago Red Steel,Steven Ryan Taylor,DR Smith,DJ Bravo,0,1,1,,,,,,,,
857767,2015,2015-07-26,"Queen's Park Oval, Port of Spain",2,1.7,Barbados Tridents,Trinidad & Tobago Red Steel,Steven Ryan Taylor,DR Smith,DJ Bravo,0,1,1,,,,,,,,
857767,2015,2015-07-26,"Queen's Park Oval, Port of Spain",2,1.8,Barbados Tridents,Trinidad & Tobago Red Steel,Steven Ryan Taylor,DR Smith,DJ Bravo,0,0,,,,,,,,,
857767,2015,2015-07-26,"Queen's Park Oval, Port of Spain",2,2.1,Barbados Tridents,Trinidad & Tobago Red Steel,DR Smith,Steven Ryan Taylor,S Badree,6,0,,,,,,,,,
857767,2015,2015-07-26,"Queen's Park Oval, Port of Spain",2,2.2,Barbados Tridents,Trinidad & Tobago Red Steel,DR Smith,Steven Ryan Taylor,S Badree,1,0,,,,,,,,,
857767,2015,2015-07-26,"Queen's Park Oval, Port of Spain",2,2.3,Barbados Tridents,Trinidad & Tobago Red Steel,Steven Ryan Taylor,DR Smith,S Badree,1,0,,,,,,,,,
857767,2015,2015-07-26,"Queen's Park Oval, Port of Spain",2,2.4,Barbados Tridents,Trinidad & Tobago Red Steel,DR Smith,Steven Ryan Taylor,S Badree,1,0,,,,,,,,,
857767,2015,2015-07-26,"Queen's Park Oval, Port of Spain",2,2.5,Barbados Tridents,Trinidad & Tobago Red Steel,Steven Ryan Taylor,DR Smith,S Badree,4,0,,,,,,,,,
857767,2015,2015-07-26,"Queen's Park Oval, Port of Spain",2,2.6,Barbados Tridents,Trinidad & Tobago Red Steel,Steven Ryan Taylor,DR Smith,S Badree,4,0,,,,,,,,,
857767,2015,2015-07-26,"Queen's Park Oval, Port of Spain",2,3.1,Barbados Tridents,Trinidad & Tobago Red Steel,DR Smith,Steven Ryan Taylor,KK Cooper,0,0,,,,,,,,,
857767,2015,2015-07-26,"Queen's Park Oval, Port of Spain",2,3.2,Barbados Tridents,Trinidad & Tobago Red Steel,DR Smith,Steven Ryan Taylor,KK Cooper,4,0,,,,,,,,,
857767,2015,2015-07-26,"Queen's Park Oval, Port of Spain",2,3.3,Barbados Tridents,Trinidad & Tobago Red Steel,DR Smith,Steven Ryan Taylor,KK Cooper,1,0,,,,,,,,,
857767,2015,2015-07-26,"Queen's Park Oval, Port of Spain",2,3.4,Barbados Tridents,Trinidad & Tobago Red Steel,Steven Ryan Taylor,DR Smith,KK Cooper,0,0,,,,,,,,,
857767,2015,2015-07-26,"Queen's Park Oval, Port of Spain",2,3.5,Barbados Tridents,Trinidad & Tobago Red Steel,Steven Ryan Taylor,DR Smith,KK Cooper,0,0,,,,,,,,,
857767,2015,2015-07-26,"Queen's Park Oval, Port of Spain",2,3.6,Barbados Tridents,Trinidad & Tobago Red Steel,Steven Ryan Taylor,DR Smith,KK Cooper,1,0,,,,,,,,,
857767,2015,2015-07-26,"Queen's Park Oval, Port of Spain",2,4.1,Barbados Tridents,Trinidad & Tobago Red Steel,Steven Ryan Taylor,DR Smith,J Botha,0,0,,,,,,lbw,Steven Ryan Taylor,,
857767,2015,2015-07-26,"Queen's Park Oval, Port of Spain",2,4.2,Barbados Tridents,Trinidad & Tobago Red Steel,KAM Corbin,DR Smith,J Botha,1,0,,,,,,,,,
857767,2015,2015-07-26,"Queen's Park Oval, Port of Spain",2,4.3,Barbados Tridents,Trinidad & Tobago Red Steel,DR Smith,KAM Corbin,J Botha,0,0,,,,,,,,,
857767,2015,2015-07-26,"Queen's Park Oval, Port of Spain",2,4.4,Barbados Tridents,Trinidad & Tobago Red Steel,DR Smith,KAM Corbin,J Botha,0,0,,,,,,,,,
857767,2015,2015-07-26,"Queen's Park Oval, Port of Spain",2,4.5,Barbados Tridents,Trinidad & Tobago Red Steel,DR Smith,KAM Corbin,J Botha,4,0,,,,,,,,,
857767,2015,2015-07-26,"Queen's Park Oval, Port of Spain",2,4.6,Barbados Tridents,Trinidad & Tobago Red Steel,DR Smith,KAM Corbin,J Botha,6,0,,,,,,,,,
857767,2015,2015-07-26,"Queen's Park Oval, Port of Spain",2,5.1,Barbados Tridents,Trinidad & Tobago Red Steel,KAM Corbin,DR Smith,KK Cooper,0,0,,,,,,,,,
857767,2015,2015-07-26,"Queen's Park Oval, Port of Spain",2,5.2,Barbados Tridents,Trinidad & Tobago Red Steel,KAM Corbin,DR Smith,KK Cooper,0,0,,,,,,,,,
857767,2015,2015-07-26,"Queen's Park Oval, Port of Spain",2,5.3,Barbados Tridents,Trinidad & Tobago Red Steel,KAM Corbin,DR Smith,KK Cooper,1,0,,,,,,,,,
857767,2015,2015-07-26,"Queen's Park Oval, Port of Spain",2,5.4,Barbados Tridents,Trinidad & Tobago Red Steel,DR Smith,KAM Corbin,KK Cooper,1,0,,,,,,,,,
857767,2015,2015-07-26,"Queen's Park Oval, Port of Spain",2,5.5,Barbados Tridents,Trinidad & Tobago Red Steel,KAM Corbin,DR Smith,KK Cooper,0,0,,,,,,,,,
857767,2015,2015-07-26,"Queen's Park Oval, Port of Spain",2,5.6,Barbados Tridents,Trinidad & Tobago Red Steel,KAM Corbin,DR Smith,KK Cooper,1,0,,,,,,,,,
857767,2015,2015-07-26,"Queen's Park Oval, Port of Spain",2,6.1,Barbados Tridents,Trinidad & Tobago Red Steel,KAM Corbin,DR Smith,DYA Davis,0,0,,,,,,,,,
857767,2015,2015-07-26,"Queen's Park Oval, Port of Spain",2,6.2,Barbados Tridents,Trinidad & Tobago Red Steel,KAM Corbin,DR Smith,DYA Davis,1,0,,,,,,,,,
857767,2015,2015-07-26,"Queen's Park Oval, Port of Spain",2,6.3,Barbados Tridents,Trinidad & Tobago Red Steel,DR Smith,KAM Corbin,DYA Davis,1,0,,,,,,,,,
857767,2015,2015-07-26,"Queen's Park Oval, Port of Spain",2,6.4,Barbados Tridents,Trinidad & Tobago Red Steel,KAM Corbin,DR Smith,DYA Davis,1,0,,,,,,,,,
857767,2015,2015-07-26,"Queen's Park Oval, Port of Spain",2,6.5,Barbados Tridents,Trinidad & Tobago Red Steel,DR Smith,KAM Corbin,DYA Davis,6,0,,,,,,,,,
857767,2015,2015-07-26,"Queen's Park Oval, Port of Spain",2,6.6,Barbados Tridents,Trinidad & Tobago Red Steel,DR Smith,KAM Corbin,DYA Davis,1,0,,,,,,,,,
857767,2015,2015-07-26,"Queen's Park Oval, Port of Spain",2,7.1,Barbados Tridents,Trinidad & Tobago Red Steel,DR Smith,KAM Corbin,SJ Benn,1,0,,,,,,,,,
857767,2015,2015-07-26,"Queen's Park Oval, Port of Spain",2,7.2,Barbados Tridents,Trinidad & Tobago Red Steel,KAM Corbin,DR Smith,SJ Benn,0,0,,,,,,,,,
857767,2015,2015-07-26,"Queen's Park Oval, Port of Spain",2,7.3,Barbados Tridents,Trinidad & Tobago Red Steel,KAM Corbin,DR Smith,SJ Benn,1,0,,,,,,,,,
857767,2015,2015-07-26,"Queen's Park Oval, Port of Spain",2,7.4,Barbados Tridents,Trinidad & Tobago Red Steel,DR Smith,KAM Corbin,SJ Benn,1,0,,,,,,,,,
857767,2015,2015-07-26,"Queen's Park Oval, Port of Spain",2,7.5,Barbados Tridents,Trinidad & Tobago Red Steel,KAM Corbin,DR Smith,SJ Benn,0,0,,,,,,,,,
857767,2015,2015-07-26,"Queen's Park Oval, Port of Spain",2,7.6,Barbados Tridents,Trinidad & Tobago Red Steel,KAM Corbin,DR Smith,SJ Benn,0,0,,,,,,,,,
857767,2015,2015-07-26,"Queen's Park Oval, Port of Spain",2,8.1,Barbados Tridents,Trinidad & Tobago Red Steel,DR Smith,KAM Corbin,S Badree,0,0,,,,,,,,,
857767,2015,2015-07-26,"Queen's Park Oval, Port of Spain",2,8.2,Barbados Tridents,Trinidad & Tobago Red Steel,DR Smith,KAM Corbin,S Badree,2,0,,,,,,,,,
857767,2015,2015-07-26,"Queen's Park Oval, Port of Spain",2,8.3,Barbados Tridents,Trinidad & Tobago Red Steel,DR Smith,KAM Corbin,S Badree,4,0,,,,,,,,,
857767,2015,2015-07-26,"Queen's Park Oval, Port of Spain",2,8.4,Barbados Tridents,Trinidad & Tobago Red Steel,DR Smith,KAM Corbin,S Badree,1,0,,,,,,,,,
857767,2015,2015-07-26,"Queen's Park Oval, Port of Spain",2,8.5,Barbados Tridents,Trinidad & Tobago Red Steel,KAM Corbin,DR Smith,S Badree,0,0,,,,,,,,,
857767,2015,2015-07-26,"Queen's Park Oval, Port of Spain",2,8.6,Barbados Tridents,Trinidad & Tobago Red Steel,KAM Corbin,DR Smith,S Badree,1,0,,,,,,,,,
857767,2015,2015-07-26,"Queen's Park Oval, Port of Spain",2,9.1,Barbados Tridents,Trinidad & Tobago Red Steel,KAM Corbin,DR Smith,SJ Benn,2,0,,,,,,,,,
857767,2015,2015-07-26,"Queen's Park Oval, Port of Spain",2,9.2,Barbados Tridents,Trinidad & Tobago Red Steel,KAM Corbin,DR Smith,SJ Benn,1,0,,,,,,,,,
857767,2015,2015-07-26,"Queen's Park Oval, Port of Spain",2,9.3,Barbados Tridents,Trinidad & Tobago Red Steel,DR Smith,KAM Corbin,SJ Benn,0,0,,,,,,bowled,DR Smith,,
857767,2015,2015-07-26,"Queen's Park Oval, Port of Spain",2,9.4,Barbados Tridents,Trinidad & Tobago Red Steel,Misbah-ul-Haq,KAM Corbin,SJ Benn,1,0,,,,,,,,,
857767,2015,2015-07-26,"Queen's Park Oval, Port of Spain",2,9.5,Barbados Tridents,Trinidad & Tobago Red Steel,KAM Corbin,Misbah-ul-Haq,SJ Benn,1,0,,,,,,,,,
857767,2015,2015-07-26,"Queen's Park Oval, Port of Spain",2,9.6,Barbados Tridents,Trinidad & Tobago Red Steel,Misbah-ul-Haq,KAM Corbin,SJ Benn,0,0,,,,,,,,,
857767,2015,2015-07-26,"Queen's Park Oval, Port of Spain",2,10.1,Barbados Tridents,Trinidad & Tobago Red Steel,KAM Corbin,Misbah-ul-Haq,DJ Bravo,1,0,,,,,,,,,
857767,2015,2015-07-26,"Queen's Park Oval, Port of Spain",2,10.2,Barbados Tridents,Trinidad & Tobago Red Steel,Misbah-ul-Haq,KAM Corbin,DJ Bravo,1,0,,,,,,,,,
857767,2015,2015-07-26,"Queen's Park Oval, Port of Spain",2,10.3,Barbados Tridents,Trinidad & Tobago Red Steel,KAM Corbin,Misbah-ul-Haq,DJ Bravo,1,0,,,,,,,,,
857767,2015,2015-07-26,"Queen's Park Oval, Port of Spain",2,10.4,Barbados Tridents,Trinidad & Tobago Red Steel,Misbah-ul-Haq,KAM Corbin,DJ Bravo,0,1,1,,,,,,,,
857767,2015,2015-07-26,"Queen's Park Oval, Port of Spain",2,10.5,Barbados Tridents,Trinidad & Tobago Red Steel,Misbah-ul-Haq,KAM Corbin,DJ Bravo,2,0,,,,,,,,,
857767,2015,2015-07-26,"Queen's Park Oval, Port of Spain",2,10.6,Barbados Tridents,Trinidad & Tobago Red Steel,Misbah-ul-Haq,KAM Corbin,DJ Bravo,1,0,,,,,,,,,
857767,2015,2015-07-26,"Queen's Park Oval, Port of Spain",2,10.7,Barbados Tridents,Trinidad & Tobago Red Steel,KAM Corbin,Misbah-ul-Haq,DJ Bravo,0,0,,,,,,,,,
857767,2015,2015-07-26,"Queen's Park Oval, Port of Spain",2,11.1,Barbados Tridents,Trinidad & Tobago Red Steel,Misbah-ul-Haq,KAM Corbin,DYA Davis,1,0,,,,,,,,,
857767,2015,2015-07-26,"Queen's Park Oval, Port of Spain",2,11.2,Barbados Tridents,Trinidad & Tobago Red Steel,KAM Corbin,Misbah-ul-Haq,DYA Davis,1,0,,,,,,,,,
857767,2015,2015-07-26,"Queen's Park Oval, Port of Spain",2,11.3,Barbados Tridents,Trinidad & Tobago Red Steel,Misbah-ul-Haq,KAM Corbin,DYA Davis,1,0,,,,,,,,,
857767,2015,2015-07-26,"Queen's Park Oval, Port of Spain",2,11.4,Barbados Tridents,Trinidad & Tobago Red Steel,KAM Corbin,Misbah-ul-Haq,DYA Davis,1,0,,,,,,,,,
857767,2015,2015-07-26,"Queen's Park Oval, Port of Spain",2,11.5,Barbados Tridents,Trinidad & Tobago Red Steel,Misbah-ul-Haq,KAM Corbin,DYA Davis,0,0,,,,,,,,,
857767,2015,2015-07-26,"Queen's Park Oval, Port of Spain",2,11.6,Barbados Tridents,Trinidad & Tobago Red Steel,Misbah-ul-Haq,KAM Corbin,DYA Davis,1,0,,,,,,,,,
857767,2015,2015-07-26,"Queen's Park Oval, Port of Spain",2,12.1,Barbados Tridents,Trinidad & Tobago Red Steel,Misbah-ul-Haq,KAM Corbin,S Badree,1,0,,,,,,,,,
857767,2015,2015-07-26,"Queen's Park Oval, Port of Spain",2,12.2,Barbados Tridents,Trinidad & Tobago Red Steel,KAM Corbin,Misbah-ul-Haq,S Badree,1,0,,,,,,,,,
857767,2015,2015-07-26,"Queen's Park Oval, Port of Spain",2,12.3,Barbados Tridents,Trinidad & Tobago Red Steel,Misbah-ul-Haq,KAM Corbin,S Badree,1,0,,,,,,,,,
857767,2015,2015-07-26,"Queen's Park Oval, Port of Spain",2,12.4,Barbados Tridents,Trinidad & Tobago Red Steel,KAM Corbin,Misbah-ul-Haq,S Badree,2,0,,,,,,,,,
857767,2015,2015-07-26,"Queen's Park Oval, Port of Spain",2,12.5,Barbados Tridents,Trinidad & Tobago Red Steel,KAM Corbin,Misbah-ul-Haq,S Badree,1,0,,,,,,,,,
857767,2015,2015-07-26,"Queen's Park Oval, Port of Spain",2,12.6,Barbados Tridents,Trinidad & Tobago Red Steel,Misbah-ul-Haq,KAM Corbin,S Badree,1,0,,,,,,,,,
857767,2015,2015-07-26,"Queen's Park Oval, Port of Spain",2,13.1,Barbados Tridents,Trinidad & Tobago Red Steel,Misbah-ul-Haq,KAM Corbin,SJ Benn,2,0,,,,,,,,,
857767,2015,2015-07-26,"Queen's Park Oval, Port of Spain",2,13.2,Barbados Tridents,Trinidad & Tobago Red Steel,Misbah-ul-Haq,KAM Corbin,SJ Benn,6,0,,,,,,,,,
857767,2015,2015-07-26,"Queen's Park Oval, Port of Spain",2,13.3,Barbados Tridents,Trinidad & Tobago Red Steel,Misbah-ul-Haq,KAM Corbin,SJ Benn,1,0,,,,,,,,,
857767,2015,2015-07-26,"Queen's Park Oval, Port of Spain",2,13.4,Barbados Tridents,Trinidad & Tobago Red Steel,KAM Corbin,Misbah-ul-Haq,SJ Benn,1,0,,,,,,,,,
857767,2015,2015-07-26,"Queen's Park Oval, Port of Spain",2,13.5,Barbados Tridents,Trinidad & Tobago Red Steel,Misbah-ul-Haq,KAM Corbin,SJ Benn,1,0,,,,,,,,,
857767,2015,2015-07-26,"Queen's Park Oval, Port of Spain",2,13.6,Barbados Tridents,Trinidad & Tobago Red Steel,KAM Corbin,Misbah-ul-Haq,SJ Benn,0,0,,,,,,caught,KAM Corbin,,
857767,2015,2015-07-26,"Queen's Park Oval, Port of Spain",2,14.1,Barbados Tridents,Trinidad & Tobago Red Steel,KA Pollard,Misbah-ul-Haq,DYA Davis,1,0,,,,,,,,,
857767,2015,2015-07-26,"Queen's Park Oval, Port of Spain",2,14.2,Barbados Tridents,Trinidad & Tobago Red Steel,Misbah-ul-Haq,KA Pollard,DYA Davis,0,0,,,,,,,,,
857767,2015,2015-07-26,"Queen's Park Oval, Port of Spain",2,14.3,Barbados Tridents,Trinidad & Tobago Red Steel,Misbah-ul-Haq,KA Pollard,DYA Davis,0,0,,,,,,caught,Misbah-ul-Haq,,
857767,2015,2015-07-26,"Queen's Park Oval, Port of Spain",2,14.4,Barbados Tridents,Trinidad & Tobago Red Steel,KA Pollard,JO Holder,DYA Davis,0,0,,,,,,,,,
857767,2015,2015-07-26,"Queen's Park Oval, Port of Spain",2,14.5,Barbados Tridents,Trinidad & Tobago Red Steel,KA Pollard,JO Holder,DYA Davis,2,0,,,,,,,,,
857767,2015,2015-07-26,"Queen's Park Oval, Port of Spain",2,14.6,Barbados Tridents,Trinidad & Tobago Red Steel,KA Pollard,JO Holder,DYA Davis,0,0,,,,,,,,,
857767,2015,2015-07-26,"Queen's Park Oval, Port of Spain",2,15.1,Barbados Tridents,Trinidad & Tobago Red Steel,JO Holder,KA Pollard,KK Cooper,1,0,,,,,,,,,
857767,2015,2015-07-26,"Queen's Park Oval, Port of Spain",2,15.2,Barbados Tridents,Trinidad & Tobago Red Steel,KA Pollard,JO Holder,KK Cooper,0,1,,,,1,,,,,
857767,2015,2015-07-26,"Queen's Park Oval, Port of Spain",2,15.3,Barbados Tridents,Trinidad & Tobago Red Steel,JO Holder,KA Pollard,KK Cooper,0,0,,,,,,,,,
857767,2015,2015-07-26,"Queen's Park Oval, Port of Spain",2,15.4,Barbados Tridents,Trinidad & Tobago Red Steel,JO Holder,KA Pollard,KK Cooper,0,0,,,,,,,,,
857767,2015,2015-07-26,"Queen's Park Oval, Port of Spain",2,15.5,Barbados Tridents,Trinidad & Tobago Red Steel,JO Holder,KA Pollard,KK Cooper,0,0,,,,,,,,,
857767,2015,2015-07-26,"Queen's Park Oval, Port of Spain",2,15.6,Barbados Tridents,Trinidad & Tobago Red Steel,JO Holder,KA Pollard,KK Cooper,1,0,,,,,,,,,
857767,2015,2015-07-26,"Queen's Park Oval, Port of Spain",2,16.1,Barbados Tridents,Trinidad & Tobago Red Steel,JO Holder,KA Pollard,DJ Bravo,4,0,,,,,,,,,
857767,2015,2015-07-26,"Queen's Park Oval, Port of Spain",2,16.2,Barbados Tridents,Trinidad & Tobago Red Steel,JO Holder,KA Pollard,DJ Bravo,1,0,,,,,,,,,
857767,2015,2015-07-26,"Queen's Park Oval, Port of Spain",2,16.3,Barbados Tridents,Trinidad & Tobago Red Steel,KA Pollard,JO Holder,DJ Bravo,1,0,,,,,,,,,
857767,2015,2015-07-26,"Queen's Park Oval, Port of Spain",2,16.4,Barbados Tridents,Trinidad & Tobago Red Steel,JO Holder,KA Pollard,DJ Bravo,1,0,,,,,,,,,
857767,2015,2015-07-26,"Queen's Park Oval, Port of Spain",2,16.5,Barbados Tridents,Trinidad & Tobago Red Steel,KA Pollard,JO Holder,DJ Bravo,1,0,,,,,,,,,
857767,2015,2015-07-26,"Queen's Park Oval, Port of Spain",2,16.6,Barbados Tridents,Trinidad & Tobago Red Steel,JO Holder,KA Pollard,DJ Bravo,1,0,,,,,,,,,
857767,2015,2015-07-26,"Queen's Park Oval, Port of Spain",2,17.1,Barbados Tridents,Trinidad & Tobago Red Steel,JO Holder,KA Pollard,KK Cooper,0,0,,,,,,,,,
857767,2015,2015-07-26,"Queen's Park Oval, Port of Spain",2,17.2,Barbados Tridents,Trinidad & Tobago Red Steel,JO Holder,KA Pollard,KK Cooper,1,0,,,,,,,,,
857767,2015,2015-07-26,"Queen's Park Oval, Port of Spain",2,17.3,Barbados Tridents,Trinidad & Tobago Red Steel,KA Pollard,JO Holder,KK Cooper,4,0,,,,,,,,,
857767,2015,2015-07-26,"Queen's Park Oval, Port of Spain",2,17.4,Barbados Tridents,Trinidad & Tobago Red Steel,KA Pollard,JO Holder,KK Cooper,1,0,,,,,,,,,
857767,2015,2015-07-26,"Queen's Park Oval, Port of Spain",2,17.5,Barbados Tridents,Trinidad & Tobago Red Steel,JO Holder,KA Pollard,KK Cooper,4,0,,,,,,,,,
857767,2015,2015-07-26,"Queen's Park Oval, Port of Spain",2,17.6,Barbados Tridents,Trinidad & Tobago Red Steel,JO Holder,KA Pollard,KK Cooper,1,0,,,,,,,,,
857767,2015,2015-07-26,"Queen's Park Oval, Port of Spain",2,18.1,Barbados Tridents,Trinidad & Tobago Red Steel,JO Holder,KA Pollard,DJ Bravo,1,0,,,,,,,,,
857767,2015,2015-07-26,"Queen's Park Oval, Port of Spain",2,18.2,Barbados Tridents,Trinidad & Tobago Red Steel,KA Pollard,JO Holder,DJ Bravo,6,0,,,,,,,,,
857767,2015,2015-07-26,"Queen's Park Oval, Port of Spain",2,18.3,Barbados Tridents,Trinidad & Tobago Red Steel,KA Pollard,JO Holder,DJ Bravo,1,0,,,,,,,,,
857767,2015,2015-07-26,"Queen's Park Oval, Port of Spain",2,18.4,Barbados Tridents,Trinidad & Tobago Red Steel,JO Holder,KA Pollard,DJ Bravo,0,0,,,,,,,,,
857767,2015,2015-07-26,"Queen's Park Oval, Port of Spain",2,18.5,Barbados Tridents,Trinidad & Tobago Red Steel,JO Holder,KA Pollard,DJ Bravo,0,0,,,,,,,,,
857767,2015,2015-07-26,"Queen's Park Oval, Port of Spain",2,18.6,Barbados Tridents,Trinidad & Tobago Red Steel,JO Holder,KA Pollard,DJ Bravo,2,0,,,,,,,,,
857767,2015,2015-07-26,"Queen's Park Oval, Port of Spain",2,19.1,Barbados Tridents,Trinidad & Tobago Red Steel,KA Pollard,JO Holder,SJ Benn,1,0,,,,,,,,,
857767,2015,2015-07-26,"Queen's Park Oval, Port of Spain",2,19.2,Barbados Tridents,Trinidad & Tobago Red Steel,JO Holder,KA Pollard,SJ Benn,1,0,,,,,,,,,
857767,2015,2015-07-26,"Queen's Park Oval, Port of Spain",2,19.3,Barbados Tridents,Trinidad & Tobago Red Steel,KA Pollard,JO Holder,SJ Benn,1,0,,,,,,,,,
857767,2015,2015-07-26,"Queen's Park Oval, Port of Spain",2,19.4,Barbados Tridents,Trinidad & Tobago Red Steel,JO Holder,KA Pollard,SJ Benn,1,0,,,,,,,,,
857767,2015,2015-07-26,"Queen's Park Oval, Port of Spain",2,19.5,Barbados Tridents,Trinidad & Tobago Red Steel,KA Pollard,JO Holder,SJ Benn,1,0,,,,,,,,,
857767,2015,2015-07-26,"Queen's Park Oval, Port of Spain",2,19.6,Barbados Tridents,Trinidad & Tobago Red Steel,JO Holder,KA Pollard,SJ Benn,0,0,,,,,,,,,
