match_id,season,start_date,venue,innings,ball,batting_team,bowling_team,striker,non_striker,bowler,runs_off_bat,extras,wides,noballs,byes,legbyes,penalty,wicket_type,player_dismissed,other_wicket_type,other_player_dismissed
857713,2015,2015-06-26,"Daren Sammy National Cricket Stadium, Gros Islet",1,0.1,St Lucia Zouks,Guyana Amazon Warriors,ADS Fletcher,J Charles,M de Lange,0,0,,,,,,,,,
857713,2015,2015-06-26,"Daren Sammy National Cricket Stadium, Gros Islet",1,0.2,St Lucia Zouks,Guyana Amazon Warriors,ADS Fletcher,J Charles,M de Lange,4,0,,,,,,,,,
857713,2015,2015-06-26,"Daren Sammy National Cricket Stadium, Gros Islet",1,0.3,St Lucia Zouks,Guyana Amazon Warriors,ADS Fletcher,J Charles,M de Lange,4,0,,,,,,,,,
857713,2015,2015-06-26,"Daren Sammy National Cricket Stadium, Gros Islet",1,0.4,St Lucia Zouks,Guyana Amazon Warriors,ADS Fletcher,J Charles,M de Lange,0,0,,,,,,,,,
857713,2015,2015-06-26,"Daren Sammy National Cricket Stadium, Gros Islet",1,0.5,St Lucia Zouks,Guyana Amazon Warriors,ADS Fletcher,J Charles,M de Lange,0,0,,,,,,,,,
857713,2015,2015-06-26,"Daren Sammy National Cricket Stadium, Gros Islet",1,0.6,St Lucia Zouks,Guyana Amazon Warriors,ADS Fletcher,J Charles,M de Lange,0,0,,,,,,,,,
857713,2015,2015-06-26,"Daren Sammy National Cricket Stadium, Gros Islet",1,1.1,St Lucia Zouks,Guyana Amazon Warriors,J Charles,ADS Fletcher,PG Wintz,0,0,,,,,,,,,
857713,2015,2015-06-26,"Daren Sammy National Cricket Stadium, Gros Islet",1,1.2,St Lucia Zouks,Guyana Amazon Warriors,J Charles,ADS Fletcher,PG Wintz,0,0,,,,,,,,,
857713,2015,2015-06-26,"Daren Sammy National Cricket Stadium, Gros Islet",1,1.3,St Lucia Zouks,Guyana Amazon Warriors,J Charles,ADS Fletcher,PG Wintz,1,0,,,,,,,,,
857713,2015,2015-06-26,"Daren Sammy National Cricket Stadium, Gros Islet",1,1.4,St Lucia Zouks,Guyana Amazon Warriors,ADS Fletcher,J Charles,PG Wintz,1,0,,,,,,,,,
857713,2015,2015-06-26,"Daren Sammy National Cricket Stadium, Gros Islet",1,1.5,St Lucia Zouks,Guyana Amazon Warriors,J Charles,ADS Fletcher,PG Wintz,0,0,,,,,,,,,
857713,2015,2015-06-26,"Daren Sammy National Cricket Stadium, Gros Islet",1,1.6,St Lucia Zouks,Guyana Amazon Warriors,J Charles,ADS Fletcher,PG Wintz,1,0,,,,,,,,,
857713,2015,2015-06-26,"Daren Sammy National Cricket Stadium, Gros Islet",1,2.1,St Lucia Zouks,Guyana Amazon Warriors,J Charles,ADS Fletcher,M de Lange,0,0,,,,,,,,,
857713,2015,2015-06-26,"Daren Sammy National Cricket Stadium, Gros Islet",1,2.2,St Lucia Zouks,Guyana Amazon Warriors,J Charles,ADS Fletcher,M de Lange,6,0,,,,,,,,,
857713,2015,2015-06-26,"Daren Sammy National Cricket Stadium, Gros Islet",1,2.3,St Lucia Zouks,Guyana Amazon Warriors,J Charles,ADS Fletcher,M de Lange,1,0,,,,,,,,,
857713,2015,2015-06-26,"Daren Sammy National Cricket Stadium, Gros Islet",1,2.4,St Lucia Zouks,Guyana Amazon Warriors,ADS Fletcher,J Charles,M de Lange,1,0,,,,,,,,,
857713,2015,2015-06-26,"Daren Sammy National Cricket Stadium, Gros Islet",1,2.5,St Lucia Zouks,Guyana Amazon Warriors,J Charles,ADS Fletcher,M de Lange,1,0,,,,,,,,,
857713,2015,2015-06-26,"Daren Sammy National Cricket Stadium, Gros Islet",1,2.6,St Lucia Zouks,Guyana Amazon Warriors,ADS Fletcher,J Charles,M de Lange,4,0,,,,,,,,,
857713,2015,2015-06-26,"Daren Sammy National Cricket Stadium, Gros Islet",1,3.1,St Lucia Zouks,Guyana Amazon Warriors,J Charles,ADS Fletcher,PG Wintz,6,0,,,,,,,,,
857713,2015,2015-06-26,"Daren Sammy National Cricket Stadium, Gros Islet",1,3.2,St Lucia Zouks,Guyana Amazon Warriors,J Charles,ADS Fletcher,PG Wintz,0,1,,,,1,,,,,
857713,2015,2015-06-26,"Daren Sammy National Cricket Stadium, Gros Islet",1,3.3,St Lucia Zouks,Guyana Amazon Warriors,ADS Fletcher,J Charles,PG Wintz,0,1,,,,1,,,,,
857713,2015,2015-06-26,"Daren Sammy National Cricket Stadium, Gros Islet",1,3.4,St Lucia Zouks,Guyana Amazon Warriors,J Charles,ADS Fletcher,PG Wintz,1,0,,,,,,,,,
857713,2015,2015-06-26,"Daren Sammy National Cricket Stadium, Gros Islet",1,3.5,St Lucia Zouks,Guyana Amazon Warriors,ADS Fletcher,J Charles,PG Wintz,0,0,,,,,,,,,
857713,2015,2015-06-26,"Daren Sammy National Cricket Stadium, Gros Islet",1,3.6,St Lucia Zouks,Guyana Amazon Warriors,ADS Fletcher,J Charles,PG Wintz,0,1,,,,1,,,,,
857713,2015,2015-06-26,"Daren Sammy National Cricket Stadium, Gros Islet",1,4.1,St Lucia Zouks,Guyana Amazon Warriors,ADS Fletcher,J Charles,RR Beaton,6,0,,,,,,,,,
857713,2015,2015-06-26,"Daren Sammy National Cricket Stadium, Gros Islet",1,4.2,St Lucia Zouks,Guyana Amazon Warriors,ADS Fletcher,J Charles,RR Beaton,4,0,,,,,,,,,
857713,2015,2015-06-26,"Daren Sammy National Cricket Stadium, Gros Islet",1,4.3,St Lucia Zouks,Guyana Amazon Warriors,ADS Fletcher,J Charles,RR Beaton,2,0,,,,,,,,,
857713,2015,2015-06-26,"Daren Sammy National Cricket Stadium, Gros Islet",1,4.4,St Lucia Zouks,Guyana Amazon Warriors,ADS Fletcher,J Charles,RR Beaton,4,0,,,,,,,,,
857713,2015,2015-06-26,"Daren Sammy National Cricket Stadium, Gros Islet",1,4.5,St Lucia Zouks,Guyana Amazon Warriors,ADS Fletcher,J Charles,RR Beaton,0,1,1,,,,,,,,
857713,2015,2015-06-26,"Daren Sammy National Cricket Stadium, Gros Islet",1,4.6,St Lucia Zouks,Guyana Amazon Warriors,ADS Fletcher,J Charles,RR Beaton,0,1,1,,,,,,,,
857713,2015,2015-06-26,"Daren Sammy National Cricket Stadium, Gros Islet",1,4.7,St Lucia Zouks,Guyana Amazon Warriors,ADS Fletcher,J Charles,RR Beaton,1,0,,,,,,,,,
857713,2015,2015-06-26,"Daren Sammy National Cricket Stadium, Gros Islet",1,4.8,St Lucia Zouks,Guyana Amazon Warriors,J Charles,ADS Fletcher,RR Beaton,4,0,,,,,,,,,
857713,2015,2015-06-26,"Daren Sammy National Cricket Stadium, Gros Islet",1,5.1,St Lucia Zouks,Guyana Amazon Warriors,ADS Fletcher,J Charles,V Permaul,1,0,,,,,,,,,
857713,2015,2015-06-26,"Daren Sammy National Cricket Stadium, Gros Islet",1,5.2,St Lucia Zouks,Guyana Amazon Warriors,J Charles,ADS Fletcher,V Permaul,6,0,,,,,,,,,
857713,2015,2015-06-26,"Daren Sammy National Cricket Stadium, Gros Islet",1,5.3,St Lucia Zouks,Guyana Amazon Warriors,J Charles,ADS Fletcher,V Permaul,1,0,,,,,,,,,
857713,2015,2015-06-26,"Daren Sammy National Cricket Stadium, Gros Islet",1,5.4,St Lucia Zouks,Guyana Amazon Warriors,ADS Fletcher,J Charles,V Permaul,2,0,,,,,,,,,
857713,2015,2015-06-26,"Daren Sammy National Cricket Stadium, Gros Islet",1,5.5,St Lucia Zouks,Guyana Amazon Warriors,ADS Fletcher,J Charles,V Permaul,1,0,,,,,,,,,
857713,2015,2015-06-26,"Daren Sammy National Cricket Stadium, Gros Islet",1,5.6,St Lucia Zouks,Guyana Amazon Warriors,J Charles,ADS Fletcher,V Permaul,1,0,,,,,,,,,
857713,2015,2015-06-26,"Daren Sammy National Cricket Stadium, Gros Islet",1,6.1,St Lucia Zouks,Guyana Amazon Warriors,J Charles,ADS Fletcher,RR Beaton,1,0,,,,,,,,,
857713,2015,2015-06-26,"Daren Sammy National Cricket Stadium, Gros Islet",1,6.2,St Lucia Zouks,Guyana Amazon Warriors,ADS Fletcher,J Charles,RR Beaton,1,0,,,,,,,,,
857713,2015,2015-06-26,"Daren Sammy National Cricket Stadium, Gros Islet",1,6.3,St Lucia Zouks,Guyana Amazon Warriors,J Charles,ADS Fletcher,RR Beaton,4,0,,,,,,,,,
857713,2015,2015-06-26,"Daren Sammy National Cricket Stadium, Gros Islet",1,6.4,St Lucia Zouks,Guyana Amazon Warriors,J Charles,ADS Fletcher,RR Beaton,1,0,,,,,,,,,
857713,2015,2015-06-26,"Daren Sammy National Cricket Stadium, Gros Islet",1,6.5,St Lucia Zouks,Guyana Amazon Warriors,ADS Fletcher,J Charles,RR Beaton,0,1,1,,,,,,,,
857713,2015,2015-06-26,"Daren Sammy National Cricket Stadium, Gros Islet",1,6.6,St Lucia Zouks,Guyana Amazon Warriors,ADS Fletcher,J Charles,RR Beaton,0,0,,,,,,lbw,ADS Fletcher,,
857713,2015,2015-06-26,"Daren Sammy National Cricket Stadium, Gros Islet",1,6.7,St Lucia Zouks,Guyana Amazon Warriors,KR Mayers,J Charles,RR Beaton,0,5,5,,,,,,,,
857713,2015,2015-06-26,"Daren Sammy National Cricket Stadium, Gros Islet",1,6.8,St Lucia Zouks,Guyana Amazon Warriors,KR Mayers,J Charles,RR Beaton,0,0,,,,,,,,,
857713,2015,2015-06-26,"Daren Sammy National Cricket Stadium, Gros Islet",1,7.1,St Lucia Zouks,Guyana Amazon Warriors,J Charles,KR Mayers,SP Narine,2,0,,,,,,,,,
857713,2015,2015-06-26,"Daren Sammy National Cricket Stadium, Gros Islet",1,7.2,St Lucia Zouks,Guyana Amazon Warriors,J Charles,KR Mayers,SP Narine,6,0,,,,,,,,,
857713,2015,2015-06-26,"Daren Sammy National Cricket Stadium, Gros Islet",1,7.3,St Lucia Zouks,Guyana Amazon Warriors,J Charles,KR Mayers,SP Narine,1,0,,,,,,,,,
857713,2015,2015-06-26,"Daren Sammy National Cricket Stadium, Gros Islet",1,7.4,St Lucia Zouks,Guyana Amazon Warriors,KR Mayers,J Charles,SP Narine,1,0,,,,,,,,,
857713,2015,2015-06-26,"Daren Sammy National Cricket Stadium, Gros Islet",1,7.5,St Lucia Zouks,Guyana Amazon Warriors,J Charles,KR Mayers,SP Narine,1,0,,,,,,,,,
857713,2015,2015-06-26,"Daren Sammy National Cricket Stadium, Gros Islet",1,7.6,St Lucia Zouks,Guyana Amazon Warriors,KR Mayers,J Charles,SP Narine,0,0,,,,,,caught,KR Mayers,,
857713,2015,2015-06-26,"Daren Sammy National Cricket Stadium, Gros Islet",1,8.1,St Lucia Zouks,Guyana Amazon Warriors,J Charles,KP Pietersen,V Permaul,0,1,1,,,,,,,,
857713,2015,2015-06-26,"Daren Sammy National Cricket Stadium, Gros Islet",1,8.2,St Lucia Zouks,Guyana Amazon Warriors,J Charles,KP Pietersen,V Permaul,1,0,,,,,,,,,
857713,2015,2015-06-26,"Daren Sammy National Cricket Stadium, Gros Islet",1,8.3,St Lucia Zouks,Guyana Amazon Warriors,KP Pietersen,J Charles,V Permaul,0,0,,,,,,,,,
857713,2015,2015-06-26,"Daren Sammy National Cricket Stadium, Gros Islet",1,8.4,St Lucia Zouks,Guyana Amazon Warriors,KP Pietersen,J Charles,V Permaul,1,0,,,,,,,,,
857713,2015,2015-06-26,"Daren Sammy National Cricket Stadium, Gros Islet",1,8.5,St Lucia Zouks,Guyana Amazon Warriors,J Charles,KP Pietersen,V Permaul,1,0,,,,,,,,,
857713,2015,2015-06-26,"Daren Sammy National Cricket Stadium, Gros Islet",1,8.6,St Lucia Zouks,Guyana Amazon Warriors,KP Pietersen,J Charles,V Permaul,0,0,,,,,,,,,
857713,2015,2015-06-26,"Daren Sammy National Cricket Stadium, Gros Islet",1,8.7,St Lucia Zouks,Guyana Amazon Warriors,KP Pietersen,J Charles,V Permaul,1,0,,,,,,,,,
857713,2015,2015-06-26,"Daren Sammy National Cricket Stadium, Gros Islet",1,9.1,St Lucia Zouks,Guyana Amazon Warriors,KP Pietersen,J Charles,SP Narine,1,0,,,,,,,,,
857713,2015,2015-06-26,"Daren Sammy National Cricket Stadium, Gros Islet",1,9.2,St Lucia Zouks,Guyana Amazon Warriors,J Charles,KP Pietersen,SP Narine,0,0,,,,,,stumped,J Charles,,
857713,2015,2015-06-26,"Daren Sammy National Cricket Stadium, Gros Islet",1,9.3,St Lucia Zouks,Guyana Amazon Warriors,LRPL Taylor,KP Pietersen,SP Narine,2,0,,,,,,,,,
857713,2015,2015-06-26,"Daren Sammy National Cricket Stadium, Gros Islet",1,9.4,St Lucia Zouks,Guyana Amazon Warriors,LRPL Taylor,KP Pietersen,SP Narine,2,0,,,,,,,,,
857713,2015,2015-06-26,"Daren Sammy National Cricket Stadium, Gros Islet",1,9.5,St Lucia Zouks,Guyana Amazon Warriors,LRPL Taylor,KP Pietersen,SP Narine,1,0,,,,,,,,,
857713,2015,2015-06-26,"Daren Sammy National Cricket Stadium, Gros Islet",1,9.6,St Lucia Zouks,Guyana Amazon Warriors,KP Pietersen,LRPL Taylor,SP Narine,2,0,,,,,,,,,
857713,2015,2015-06-26,"Daren Sammy National Cricket Stadium, Gros Islet",1,10.1,St Lucia Zouks,Guyana Amazon Warriors,LRPL Taylor,KP Pietersen,V Permaul,0,0,,,,,,,,,
857713,2015,2015-06-26,"Daren Sammy National Cricket Stadium, Gros Islet",1,10.2,St Lucia Zouks,Guyana Amazon Warriors,LRPL Taylor,KP Pietersen,V Permaul,0,0,,,,,,,,,
857713,2015,2015-06-26,"Daren Sammy National Cricket Stadium, Gros Islet",1,10.3,St Lucia Zouks,Guyana Amazon Warriors,LRPL Taylor,KP Pietersen,V Permaul,1,0,,,,,,,,,
857713,2015,2015-06-26,"Daren Sammy National Cricket Stadium, Gros Islet",1,10.4,St Lucia Zouks,Guyana Amazon Warriors,KP Pietersen,LRPL Taylor,V Permaul,0,0,,,,,,bowled,KP Pietersen,,
857713,2015,2015-06-26,"Daren Sammy National Cricket Stadium, Gros Islet",1,10.5,St Lucia Zouks,Guyana Amazon Warriors,H Davids,LRPL Taylor,V Permaul,0,0,,,,,,,,,
857713,2015,2015-06-26,"Daren Sammy National Cricket Stadium, Gros Islet",1,10.6,St Lucia Zouks,Guyana Amazon Warriors,H Davids,LRPL Taylor,V Permaul,0,0,,,,,,,,,
857713,2015,2015-06-26,"Daren Sammy National Cricket Stadium, Gros Islet",1,11.1,St Lucia Zouks,Guyana Amazon Warriors,LRPL Taylor,H Davids,SP Narine,2,0,,,,,,,,,
857713,2015,2015-06-26,"Daren Sammy National Cricket Stadium, Gros Islet",1,11.2,St Lucia Zouks,Guyana Amazon Warriors,LRPL Taylor,H Davids,SP Narine,1,0,,,,,,,,,
857713,2015,2015-06-26,"Daren Sammy National Cricket Stadium, Gros Islet",1,11.3,St Lucia Zouks,Guyana Amazon Warriors,H Davids,LRPL Taylor,SP Narine,1,0,,,,,,,,,
857713,2015,2015-06-26,"Daren Sammy National Cricket Stadium, Gros Islet",1,11.4,St Lucia Zouks,Guyana Amazon Warriors,LRPL Taylor,H Davids,SP Narine,1,0,,,,,,,,,
857713,2015,2015-06-26,"Daren Sammy National Cricket Stadium, Gros Islet",1,11.5,St Lucia Zouks,Guyana Amazon Warriors,H Davids,LRPL Taylor,SP Narine,2,0,,,,,,,,,
857713,2015,2015-06-26,"Daren Sammy National Cricket Stadium, Gros Islet",1,11.6,St Lucia Zouks,Guyana Amazon Warriors,H Davids,LRPL Taylor,SP Narine,1,0,,,,,,,,,
857713,2015,2015-06-26,"Daren Sammy National Cricket Stadium, Gros Islet",1,12.1,St Lucia Zouks,Guyana Amazon Warriors,H Davids,LRPL Taylor,V Permaul,0,0,,,,,,,,,
857713,2015,2015-06-26,"Daren Sammy National Cricket Stadium, Gros Islet",1,12.2,St Lucia Zouks,Guyana Amazon Warriors,H Davids,LRPL Taylor,V Permaul,0,0,,,,,,,,,
857713,2015,2015-06-26,"Daren Sammy National Cricket Stadium, Gros Islet",1,12.3,St Lucia Zouks,Guyana Amazon Warriors,H Davids,LRPL Taylor,V Permaul,0,0,,,,,,lbw,H Davids,,
857713,2015,2015-06-26,"Daren Sammy National Cricket Stadium, Gros Islet",1,12.4,St Lucia Zouks,Guyana Amazon Warriors,DJG Sammy,LRPL Taylor,V Permaul,0,0,,,,,,,,,
857713,2015,2015-06-26,"Daren Sammy National Cricket Stadium, Gros Islet",1,12.5,St Lucia Zouks,Guyana Amazon Warriors,DJG Sammy,LRPL Taylor,V Permaul,4,0,,,,,,,,,
857713,2015,2015-06-26,"Daren Sammy National Cricket Stadium, Gros Islet",1,12.6,St Lucia Zouks,Guyana Amazon Warriors,DJG Sammy,LRPL Taylor,V Permaul,2,0,,,,,,,,,
857713,2015,2015-06-26,"Daren Sammy National Cricket Stadium, Gros Islet",1,13.1,St Lucia Zouks,Guyana Amazon Warriors,LRPL Taylor,DJG Sammy,PG Wintz,2,0,,,,,,,,,
857713,2015,2015-06-26,"Daren Sammy National Cricket Stadium, Gros Islet",1,13.2,St Lucia Zouks,Guyana Amazon Warriors,LRPL Taylor,DJG Sammy,PG Wintz,0,0,,,,,,,,,
857713,2015,2015-06-26,"Daren Sammy National Cricket Stadium, Gros Islet",1,13.3,St Lucia Zouks,Guyana Amazon Warriors,LRPL Taylor,DJG Sammy,PG Wintz,1,0,,,,,,,,,
857713,2015,2015-06-26,"Daren Sammy National Cricket Stadium, Gros Islet",1,13.4,St Lucia Zouks,Guyana Amazon Warriors,DJG Sammy,LRPL Taylor,PG Wintz,1,0,,,,,,,,,
857713,2015,2015-06-26,"Daren Sammy National Cricket Stadium, Gros Islet",1,13.5,St Lucia Zouks,Guyana Amazon Warriors,LRPL Taylor,DJG Sammy,PG Wintz,1,0,,,,,,,,,
857713,2015,2015-06-26,"Daren Sammy National Cricket Stadium, Gros Islet",1,13.6,St Lucia Zouks,Guyana Amazon Warriors,DJG Sammy,LRPL Taylor,PG Wintz,2,0,,,,,,,,,
857713,2015,2015-06-26,"Daren Sammy National Cricket Stadium, Gros Islet",1,14.1,St Lucia Zouks,Guyana Amazon Warriors,LRPL Taylor,DJG Sammy,M de Lange,0,0,,,,,,,,,
857713,2015,2015-06-26,"Daren Sammy National Cricket Stadium, Gros Islet",1,14.2,St Lucia Zouks,Guyana Amazon Warriors,LRPL Taylor,DJG Sammy,M de Lange,1,0,,,,,,,,,
857713,2015,2015-06-26,"Daren Sammy National Cricket Stadium, Gros Islet",1,14.3,St Lucia Zouks,Guyana Amazon Warriors,DJG Sammy,LRPL Taylor,M de Lange,0,0,,,,,,,,,
857713,2015,2015-06-26,"Daren Sammy National Cricket Stadium, Gros Islet",1,14.4,St Lucia Zouks,Guyana Amazon Warriors,DJG Sammy,LRPL Taylor,M de Lange,1,0,,,,,,,,,
857713,2015,2015-06-26,"Daren Sammy National Cricket Stadium, Gros Islet",1,14.5,St Lucia Zouks,Guyana Amazon Warriors,LRPL Taylor,DJG Sammy,M de Lange,6,0,,,,,,,,,
857713,2015,2015-06-26,"Daren Sammy National Cricket Stadium, Gros Islet",1,14.6,St Lucia Zouks,Guyana Amazon Warriors,LRPL Taylor,DJG Sammy,M de Lange,0,0,,,,,,,,,
857713,2015,2015-06-26,"Daren Sammy National Cricket Stadium, Gros Islet",1,15.1,St Lucia Zouks,Guyana Amazon Warriors,DJG Sammy,LRPL Taylor,SP Narine,1,0,,,,,,,,,
857713,2015,2015-06-26,"Daren Sammy National Cricket Stadium, Gros Islet",1,15.2,St Lucia Zouks,Guyana Amazon Warriors,LRPL Taylor,DJG Sammy,SP Narine,0,0,,,,,,,,,
857713,2015,2015-06-26,"Daren Sammy National Cricket Stadium, Gros Islet",1,15.3,St Lucia Zouks,Guyana Amazon Warriors,LRPL Taylor,DJG Sammy,SP Narine,2,0,,,,,,,,,
857713,2015,2015-06-26,"Daren Sammy National Cricket Stadium, Gros Islet",1,15.4,St Lucia Zouks,Guyana Amazon Warriors,LRPL Taylor,DJG Sammy,SP Narine,0,0,,,,,,,,,
857713,2015,2015-06-26,"Daren Sammy National Cricket Stadium, Gros Islet",1,15.5,St Lucia Zouks,Guyana Amazon Warriors,LRPL Taylor,DJG Sammy,SP Narine,1,0,,,,,,,,,
857713,2015,2015-06-26,"Daren Sammy National Cricket Stadium, Gros Islet",1,15.6,St Lucia Zouks,Guyana Amazon Warriors,DJG Sammy,LRPL Taylor,SP Narine,1,0,,,,,,,,,
857713,2015,2015-06-26,"Daren Sammy National Cricket Stadium, Gros Islet",1,16.1,St Lucia Zouks,Guyana Amazon Warriors,DJG Sammy,LRPL Taylor,M de Lange,4,0,,,,,,,,,
857713,2015,2015-06-26,"Daren Sammy National Cricket Stadium, Gros Islet",1,16.2,St Lucia Zouks,Guyana Amazon Warriors,DJG Sammy,LRPL Taylor,M de Lange,0,0,,,,,,,,,
857713,2015,2015-06-26,"Daren Sammy National Cricket Stadium, Gros Islet",1,16.3,St Lucia Zouks,Guyana Amazon Warriors,DJG Sammy,LRPL Taylor,M de Lange,0,0,,,,,,,,,
857713,2015,2015-06-26,"Daren Sammy National Cricket Stadium, Gros Islet",1,16.4,St Lucia Zouks,Guyana Amazon Warriors,DJG Sammy,LRPL Taylor,M de Lange,2,0,,,,,,,,,
857713,2015,2015-06-26,"Daren Sammy National Cricket Stadium, Gros Islet",1,16.5,St Lucia Zouks,Guyana Amazon Warriors,DJG Sammy,LRPL Taylor,M de Lange,0,1,,,,1,,,,,
857713,2015,2015-06-26,"Daren Sammy National Cricket Stadium, Gros Islet",1,16.6,St Lucia Zouks,Guyana Amazon Warriors,LRPL Taylor,DJG Sammy,M de Lange,2,0,,,,,,,,,
857713,2015,2015-06-26,"Daren Sammy National Cricket Stadium, Gros Islet",1,17.1,St Lucia Zouks,Guyana Amazon Warriors,DJG Sammy,LRPL Taylor,RR Beaton,0,1,,,,1,,,,,
857713,2015,2015-06-26,"Daren Sammy National Cricket Stadium, Gros Islet",1,17.2,St Lucia Zouks,Guyana Amazon Warriors,LRPL Taylor,DJG Sammy,RR Beaton,1,0,,,,,,,,,
857713,2015,2015-06-26,"Daren Sammy National Cricket Stadium, Gros Islet",1,17.3,St Lucia Zouks,Guyana Amazon Warriors,DJG Sammy,LRPL Taylor,RR Beaton,0,1,,,1,,,,,,
857713,2015,2015-06-26,"Daren Sammy National Cricket Stadium, Gros Islet",1,17.4,St Lucia Zouks,Guyana Amazon Warriors,LRPL Taylor,DJG Sammy,RR Beaton,1,0,,,,,,,,,
857713,2015,2015-06-26,"Daren Sammy National Cricket Stadium, Gros Islet",1,17.5,St Lucia Zouks,Guyana Amazon Warriors,DJG Sammy,LRPL Taylor,RR Beaton,0,0,,,,,,caught and bowled,DJG Sammy,,
857713,2015,2015-06-26,"Daren Sammy National Cricket Stadium, Gros Islet",1,17.6,St Lucia Zouks,Guyana Amazon Warriors,LRPL Taylor,KAJ Roach,RR Beaton,2,0,,,,,,,,,
857713,2015,2015-06-26,"Daren Sammy National Cricket Stadium, Gros Islet",2,0.1,Guyana Amazon Warriors,St Lucia Zouks,LMP Simmons,TM Dilshan,ST Gabriel,0,1,1,,,,,,,,
857713,2015,2015-06-26,"Daren Sammy National Cricket Stadium, Gros Islet",2,0.2,Guyana Amazon Warriors,St Lucia Zouks,LMP Simmons,TM Dilshan,ST Gabriel,0,0,,,,,,,,,
857713,2015,2015-06-26,"Daren Sammy National Cricket Stadium, Gros Islet",2,0.3,Guyana Amazon Warriors,St Lucia Zouks,LMP Simmons,TM Dilshan,ST Gabriel,0,0,,,,,,,,,
857713,2015,2015-06-26,"Daren Sammy National Cricket Stadium, Gros Islet",2,0.4,Guyana Amazon Warriors,St Lucia Zouks,LMP Simmons,TM Dilshan,ST Gabriel,4,0,,,,,,,,,
857713,2015,2015-06-26,"Daren Sammy National Cricket Stadium, Gros Islet",2,0.5,Guyana Amazon Warriors,St Lucia Zouks,LMP Simmons,TM Dilshan,ST Gabriel,0,0,,,,,,,,,
857713,2015,2015-06-26,"Daren Sammy National Cricket Stadium, Gros Islet",2,0.6,Guyana Amazon Warriors,St Lucia Zouks,LMP Simmons,TM Dilshan,ST Gabriel,1,0,,,,,,,,,
857713,2015,2015-06-26,"Daren Sammy National Cricket Stadium, Gros Islet",2,0.7,Guyana Amazon Warriors,St Lucia Zouks,TM Dilshan,LMP Simmons,ST Gabriel,0,0,,,,,,,,,
857713,2015,2015-06-26,"Daren Sammy National Cricket Stadium, Gros Islet",2,1.1,Guyana Amazon Warriors,St Lucia Zouks,LMP Simmons,TM Dilshan,FH Edwards,0,0,,,,,,,,,
857713,2015,2015-06-26,"Daren Sammy National Cricket Stadium, Gros Islet",2,1.2,Guyana Amazon Warriors,St Lucia Zouks,LMP Simmons,TM Dilshan,FH Edwards,1,0,,,,,,,,,
857713,2015,2015-06-26,"Daren Sammy National Cricket Stadium, Gros Islet",2,1.3,Guyana Amazon Warriors,St Lucia Zouks,TM Dilshan,LMP Simmons,FH Edwards,4,0,,,,,,,,,
857713,2015,2015-06-26,"Daren Sammy National Cricket Stadium, Gros Islet",2,1.4,Guyana Amazon Warriors,St Lucia Zouks,TM Dilshan,LMP Simmons,FH Edwards,4,0,,,,,,,,,
857713,2015,2015-06-26,"Daren Sammy National Cricket Stadium, Gros Islet",2,1.5,Guyana Amazon Warriors,St Lucia Zouks,TM Dilshan,LMP Simmons,FH Edwards,0,1,1,,,,,,,,
857713,2015,2015-06-26,"Daren Sammy National Cricket Stadium, Gros Islet",2,1.6,Guyana Amazon Warriors,St Lucia Zouks,TM Dilshan,LMP Simmons,FH Edwards,4,0,,,,,,,,,
857713,2015,2015-06-26,"Daren Sammy National Cricket Stadium, Gros Islet",2,1.7,Guyana Amazon Warriors,St Lucia Zouks,TM Dilshan,LMP Simmons,FH Edwards,0,0,,,,,,,,,
857713,2015,2015-06-26,"Daren Sammy National Cricket Stadium, Gros Islet",2,2.1,Guyana Amazon Warriors,St Lucia Zouks,LMP Simmons,TM Dilshan,ST Gabriel,4,0,,,,,,,,,
857713,2015,2015-06-26,"Daren Sammy National Cricket Stadium, Gros Islet",2,2.2,Guyana Amazon Warriors,St Lucia Zouks,LMP Simmons,TM Dilshan,ST Gabriel,0,0,,,,,,,,,
857713,2015,2015-06-26,"Daren Sammy National Cricket Stadium, Gros Islet",2,2.3,Guyana Amazon Warriors,St Lucia Zouks,LMP Simmons,TM Dilshan,ST Gabriel,0,1,1,,,,,,,,
857713,2015,2015-06-26,"Daren Sammy National Cricket Stadium, Gros Islet",2,2.4,Guyana Amazon Warriors,St Lucia Zouks,LMP Simmons,TM Dilshan,ST Gabriel,1,0,,,,,,,,,
857713,2015,2015-06-26,"Daren Sammy National Cricket Stadium, Gros Islet",2,2.5,Guyana Amazon Warriors,St Lucia Zouks,TM Dilshan,LMP Simmons,ST Gabriel,1,0,,,,,,,,,
857713,2015,2015-06-26,"Daren Sammy National Cricket Stadium, Gros Islet",2,2.6,Guyana Amazon Warriors,St Lucia Zouks,LMP Simmons,TM Dilshan,ST Gabriel,1,0,,,,,,,,,
857713,2015,2015-06-26,"Daren Sammy National Cricket Stadium, Gros Islet",2,2.7,Guyana Amazon Warriors,St Lucia Zouks,TM Dilshan,LMP Simmons,ST Gabriel,4,1,,1,,,,,,,
857713,2015,2015-06-26,"Daren Sammy National Cricket Stadium, Gros Islet",2,2.8,Guyana Amazon Warriors,St Lucia Zouks,TM Dilshan,LMP Simmons,ST Gabriel,1,0,,,,,,,,,
857713,2015,2015-06-26,"Daren Sammy National Cricket Stadium, Gros Islet",2,3.1,Guyana Amazon Warriors,St Lucia Zouks,TM Dilshan,LMP Simmons,KAJ Roach,1,0,,,,,,,,,
857713,2015,2015-06-26,"Daren Sammy National Cricket Stadium, Gros Islet",2,3.2,Guyana Amazon Warriors,St Lucia Zouks,LMP Simmons,TM Dilshan,KAJ Roach,1,0,,,,,,,,,
857713,2015,2015-06-26,"Daren Sammy National Cricket Stadium, Gros Islet",2,3.3,Guyana Amazon Warriors,St Lucia Zouks,TM Dilshan,LMP Simmons,KAJ Roach,0,0,,,,,,,,,
857713,2015,2015-06-26,"Daren Sammy National Cricket Stadium, Gros Islet",2,3.4,Guyana Amazon Warriors,St Lucia Zouks,S Chanderpaul,LMP Simmons,KAJ Roach,0,0,,,,,,,,,
857713,2015,2015-06-26,"Daren Sammy National Cricket Stadium, Gros Islet",2,3.5,Guyana Amazon Warriors,St Lucia Zouks,S Chanderpaul,LMP Simmons,KAJ Roach,0,0,,,,,,,,,
857713,2015,2015-06-26,"Daren Sammy National Cricket Stadium, Gros Islet",2,3.6,Guyana Amazon Warriors,St Lucia Zouks,S Chanderpaul,LMP Simmons,KAJ Roach,0,0,,,,,,,,,
857713,2015,2015-06-26,"Daren Sammy National Cricket Stadium, Gros Islet",2,4.1,Guyana Amazon Warriors,St Lucia Zouks,LMP Simmons,S Chanderpaul,FH Edwards,1,0,,,,,,,,,
857713,2015,2015-06-26,"Daren Sammy National Cricket Stadium, Gros Islet",2,4.2,Guyana Amazon Warriors,St Lucia Zouks,S Chanderpaul,LMP Simmons,FH Edwards,0,0,,,,,,,,,
857713,2015,2015-06-26,"Daren Sammy National Cricket Stadium, Gros Islet",2,4.3,Guyana Amazon Warriors,St Lucia Zouks,S Chanderpaul,LMP Simmons,FH Edwards,0,0,,,,,,,,,
857713,2015,2015-06-26,"Daren Sammy National Cricket Stadium, Gros Islet",2,4.4,Guyana Amazon Warriors,St Lucia Zouks,S Chanderpaul,LMP Simmons,FH Edwards,0,0,,,,,,,,,
857713,2015,2015-06-26,"Daren Sammy National Cricket Stadium, Gros Islet",2,4.5,Guyana Amazon Warriors,St Lucia Zouks,S Chanderpaul,LMP Simmons,FH Edwards,0,0,,,,,,,,,
857713,2015,2015-06-26,"Daren Sammy National Cricket Stadium, Gros Islet",2,4.6,Guyana Amazon Warriors,St Lucia Zouks,S Chanderpaul,LMP Simmons,FH Edwards,0,0,,,,,,,,,
857713,2015,2015-06-26,"Daren Sammy National Cricket Stadium, Gros Islet",2,5.1,Guyana Amazon Warriors,St Lucia Zouks,LMP Simmons,S Chanderpaul,KAJ Roach,0,0,,,,,,,,,
857713,2015,2015-06-26,"Daren Sammy National Cricket Stadium, Gros Islet",2,5.2,Guyana Amazon Warriors,St Lucia Zouks,LMP Simmons,S Chanderpaul,KAJ Roach,0,1,,,,1,,,,,
857713,2015,2015-06-26,"Daren Sammy National Cricket Stadium, Gros Islet",2,5.3,Guyana Amazon Warriors,St Lucia Zouks,S Chanderpaul,LMP Simmons,KAJ Roach,1,0,,,,,,,,,
857713,2015,2015-06-26,"Daren Sammy National Cricket Stadium, Gros Islet",2,5.4,Guyana Amazon Warriors,St Lucia Zouks,LMP Simmons,S Chanderpaul,KAJ Roach,0,0,,,,,,caught,LMP Simmons,,
857713,2015,2015-06-26,"Daren Sammy National Cricket Stadium, Gros Islet",2,5.5,Guyana Amazon Warriors,St Lucia Zouks,D Ramdin,S Chanderpaul,KAJ Roach,4,0,,,,,,,,,
857713,2015,2015-06-26,"Daren Sammy National Cricket Stadium, Gros Islet",2,5.6,Guyana Amazon Warriors,St Lucia Zouks,D Ramdin,S Chanderpaul,KAJ Roach,0,0,,,,,,,,,
857713,2015,2015-06-26,"Daren Sammy National Cricket Stadium, Gros Islet",2,6.1,Guyana Amazon Warriors,St Lucia Zouks,S Chanderpaul,D Ramdin,ST Gabriel,0,0,,,,,,,,,
857713,2015,2015-06-26,"Daren Sammy National Cricket Stadium, Gros Islet",2,6.2,Guyana Amazon Warriors,St Lucia Zouks,S Chanderpaul,D Ramdin,ST Gabriel,0,0,,,,,,,,,
857713,2015,2015-06-26,"Daren Sammy National Cricket Stadium, Gros Islet",2,6.3,Guyana Amazon Warriors,St Lucia Zouks,S Chanderpaul,D Ramdin,ST Gabriel,1,0,,,,,,,,,
857713,2015,2015-06-26,"Daren Sammy National Cricket Stadium, Gros Islet",2,6.4,Guyana Amazon Warriors,St Lucia Zouks,D Ramdin,S Chanderpaul,ST Gabriel,6,0,,,,,,,,,
857713,2015,2015-06-26,"Daren Sammy National Cricket Stadium, Gros Islet",2,6.5,Guyana Amazon Warriors,St Lucia Zouks,D Ramdin,S Chanderpaul,ST Gabriel,2,0,,,,,,,,,
857713,2015,2015-06-26,"Daren Sammy National Cricket Stadium, Gros Islet",2,6.6,Guyana Amazon Warriors,St Lucia Zouks,D Ramdin,S Chanderpaul,ST Gabriel,1,0,,,,,,,,,
857713,2015,2015-06-26,"Daren Sammy National Cricket Stadium, Gros Islet",2,7.1,Guyana Amazon Warriors,St Lucia Zouks,D Ramdin,S Chanderpaul,KAJ Roach,1,0,,,,,,,,,
857713,2015,2015-06-26,"Daren Sammy National Cricket Stadium, Gros Islet",2,7.2,Guyana Amazon Warriors,St Lucia Zouks,S Chanderpaul,D Ramdin,KAJ Roach,0,0,,,,,,,,,
857713,2015,2015-06-26,"Daren Sammy National Cricket Stadium, Gros Islet",2,7.3,Guyana Amazon Warriors,St Lucia Zouks,S Chanderpaul,D Ramdin,KAJ Roach,1,0,,,,,,,,,
857713,2015,2015-06-26,"Daren Sammy National Cricket Stadium, Gros Islet",2,7.4,Guyana Amazon Warriors,St Lucia Zouks,D Ramdin,S Chanderpaul,KAJ Roach,1,0,,,,,,,,,
857713,2015,2015-06-26,"Daren Sammy National Cricket Stadium, Gros Islet",2,7.5,Guyana Amazon Warriors,St Lucia Zouks,S Chanderpaul,D Ramdin,KAJ Roach,0,0,,,,,,,,,
857713,2015,2015-06-26,"Daren Sammy National Cricket Stadium, Gros Islet",2,7.6,Guyana Amazon Warriors,St Lucia Zouks,S Chanderpaul,D Ramdin,KAJ Roach,4,0,,,,,,,,,
857713,2015,2015-06-26,"Daren Sammy National Cricket Stadium, Gros Islet",2,8.1,Guyana Amazon Warriors,St Lucia Zouks,D Ramdin,S Chanderpaul,E Leie,6,0,,,,,,,,,
857713,2015,2015-06-26,"Daren Sammy National Cricket Stadium, Gros Islet",2,8.2,Guyana Amazon Warriors,St Lucia Zouks,D Ramdin,S Chanderpaul,E Leie,0,0,,,,,,,,,
857713,2015,2015-06-26,"Daren Sammy National Cricket Stadium, Gros Islet",2,8.3,Guyana Amazon Warriors,St Lucia Zouks,D Ramdin,S Chanderpaul,E Leie,0,0,,,,,,caught,D Ramdin,,
857713,2015,2015-06-26,"Daren Sammy National Cricket Stadium, Gros Islet",2,8.4,Guyana Amazon Warriors,St Lucia Zouks,BJ Hodge,S Chanderpaul,E Leie,0,1,,,,1,,,,,
857713,2015,2015-06-26,"Daren Sammy National Cricket Stadium, Gros Islet",2,8.5,Guyana Amazon Warriors,St Lucia Zouks,S Chanderpaul,BJ Hodge,E Leie,0,0,,,,,,stumped,S Chanderpaul,,
857713,2015,2015-06-26,"Daren Sammy National Cricket Stadium, Gros Islet",2,8.6,Guyana Amazon Warriors,St Lucia Zouks,CD Barnwell,BJ Hodge,E Leie,0,0,,,,,,,,,
857713,2015,2015-06-26,"Daren Sammy National Cricket Stadium, Gros Islet",2,9.1,Guyana Amazon Warriors,St Lucia Zouks,BJ Hodge,CD Barnwell,DJG Sammy,0,0,,,,,,,,,
857713,2015,2015-06-26,"Daren Sammy National Cricket Stadium, Gros Islet",2,9.2,Guyana Amazon Warriors,St Lucia Zouks,BJ Hodge,CD Barnwell,DJG Sammy,1,0,,,,,,,,,
857713,2015,2015-06-26,"Daren Sammy National Cricket Stadium, Gros Islet",2,9.3,Guyana Amazon Warriors,St Lucia Zouks,CD Barnwell,BJ Hodge,DJG Sammy,1,0,,,,,,,,,
857713,2015,2015-06-26,"Daren Sammy National Cricket Stadium, Gros Islet",2,9.4,Guyana Amazon Warriors,St Lucia Zouks,BJ Hodge,CD Barnwell,DJG Sammy,0,0,,,,,,,,,
857713,2015,2015-06-26,"Daren Sammy National Cricket Stadium, Gros Islet",2,9.5,Guyana Amazon Warriors,St Lucia Zouks,BJ Hodge,CD Barnwell,DJG Sammy,0,0,,,,,,,,,
857713,2015,2015-06-26,"Daren Sammy National Cricket Stadium, Gros Islet",2,9.6,Guyana Amazon Warriors,St Lucia Zouks,BJ Hodge,CD Barnwell,DJG Sammy,2,0,,,,,,,,,
857713,2015,2015-06-26,"Daren Sammy National Cricket Stadium, Gros Islet",2,10.1,Guyana Amazon Warriors,St Lucia Zouks,CD Barnwell,BJ Hodge,E Leie,1,0,,,,,,,,,
857713,2015,2015-06-26,"Daren Sammy National Cricket Stadium, Gros Islet",2,10.2,Guyana Amazon Warriors,St Lucia Zouks,BJ Hodge,CD Barnwell,E Leie,2,0,,,,,,,,,
857713,2015,2015-06-26,"Daren Sammy National Cricket Stadium, Gros Islet",2,10.3,Guyana Amazon Warriors,St Lucia Zouks,BJ Hodge,CD Barnwell,E Leie,0,0,,,,,,,,,
857713,2015,2015-06-26,"Daren Sammy National Cricket Stadium, Gros Islet",2,10.4,Guyana Amazon Warriors,St Lucia Zouks,BJ Hodge,CD Barnwell,E Leie,1,0,,,,,,,,,
857713,2015,2015-06-26,"Daren Sammy National Cricket Stadium, Gros Islet",2,10.5,Guyana Amazon Warriors,St Lucia Zouks,CD Barnwell,BJ Hodge,E Leie,0,0,,,,,,,,,
857713,2015,2015-06-26,"Daren Sammy National Cricket Stadium, Gros Islet",2,10.6,Guyana Amazon Warriors,St Lucia Zouks,CD Barnwell,BJ Hodge,E Leie,0,0,,,,,,,,,
857713,2015,2015-06-26,"Daren Sammy National Cricket Stadium, Gros Islet",2,11.1,Guyana Amazon Warriors,St Lucia Zouks,BJ Hodge,CD Barnwell,DJG Sammy,4,0,,,,,,,,,
857713,2015,2015-06-26,"Daren Sammy National Cricket Stadium, Gros Islet",2,11.2,Guyana Amazon Warriors,St Lucia Zouks,BJ Hodge,CD Barnwell,DJG Sammy,1,0,,,,,,,,,
857713,2015,2015-06-26,"Daren Sammy National Cricket Stadium, Gros Islet",2,11.3,Guyana Amazon Warriors,St Lucia Zouks,CD Barnwell,BJ Hodge,DJG Sammy,4,0,,,,,,,,,
857713,2015,2015-06-26,"Daren Sammy National Cricket Stadium, Gros Islet",2,11.4,Guyana Amazon Warriors,St Lucia Zouks,CD Barnwell,BJ Hodge,DJG Sammy,1,0,,,,,,,,,
857713,2015,2015-06-26,"Daren Sammy National Cricket Stadium, Gros Islet",2,11.5,Guyana Amazon Warriors,St Lucia Zouks,BJ Hodge,CD Barnwell,DJG Sammy,1,0,,,,,,,,,
857713,2015,2015-06-26,"Daren Sammy National Cricket Stadium, Gros Islet",2,11.6,Guyana Amazon Warriors,St Lucia Zouks,CD Barnwell,BJ Hodge,DJG Sammy,1,0,,,,,,,,,
857713,2015,2015-06-26,"Daren Sammy National Cricket Stadium, Gros Islet",2,12.1,Guyana Amazon Warriors,St Lucia Zouks,CD Barnwell,BJ Hodge,E Leie,1,0,,,,,,,,,
857713,2015,2015-06-26,"Daren Sammy National Cricket Stadium, Gros Islet",2,12.2,Guyana Amazon Warriors,St Lucia Zouks,BJ Hodge,CD Barnwell,E Leie,0,0,,,,,,,,,
857713,2015,2015-06-26,"Daren Sammy National Cricket Stadium, Gros Islet",2,12.3,Guyana Amazon Warriors,St Lucia Zouks,BJ Hodge,CD Barnwell,E Leie,6,0,,,,,,,,,
857713,2015,2015-06-26,"Daren Sammy National Cricket Stadium, Gros Islet",2,12.4,Guyana Amazon Warriors,St Lucia Zouks,BJ Hodge,CD Barnwell,E Leie,1,0,,,,,,,,,
857713,2015,2015-06-26,"Daren Sammy National Cricket Stadium, Gros Islet",2,12.5,Guyana Amazon Warriors,St Lucia Zouks,CD Barnwell,BJ Hodge,E Leie,6,0,,,,,,,,,
857713,2015,2015-06-26,"Daren Sammy National Cricket Stadium, Gros Islet",2,12.6,Guyana Amazon Warriors,St Lucia Zouks,CD Barnwell,BJ Hodge,E Leie,1,0,,,,,,,,,
857713,2015,2015-06-26,"Daren Sammy National Cricket Stadium, Gros Islet",2,13.1,Guyana Amazon Warriors,St Lucia Zouks,CD Barnwell,BJ Hodge,KR Mayers,0,0,,,,,,,,,
857713,2015,2015-06-26,"Daren Sammy National Cricket Stadium, Gros Islet",2,13.2,Guyana Amazon Warriors,St Lucia Zouks,CD Barnwell,BJ Hodge,KR Mayers,6,0,,,,,,,,,
857713,2015,2015-06-26,"Daren Sammy National Cricket Stadium, Gros Islet",2,13.3,Guyana Amazon Warriors,St Lucia Zouks,CD Barnwell,BJ Hodge,KR Mayers,1,0,,,,,,,,,
857713,2015,2015-06-26,"Daren Sammy National Cricket Stadium, Gros Islet",2,13.4,Guyana Amazon Warriors,St Lucia Zouks,BJ Hodge,CD Barnwell,KR Mayers,1,0,,,,,,,,,
857713,2015,2015-06-26,"Daren Sammy National Cricket Stadium, Gros Islet",2,13.5,Guyana Amazon Warriors,St Lucia Zouks,CD Barnwell,BJ Hodge,KR Mayers,2,0,,,,,,,,,
857713,2015,2015-06-26,"Daren Sammy National Cricket Stadium, Gros Islet",2,13.6,Guyana Amazon Warriors,St Lucia Zouks,CD Barnwell,BJ Hodge,KR Mayers,0,0,,,,,,,,,
857713,2015,2015-06-26,"Daren Sammy National Cricket Stadium, Gros Islet",2,14.1,Guyana Amazon Warriors,St Lucia Zouks,BJ Hodge,CD Barnwell,ST Gabriel,4,0,,,,,,,,,
857713,2015,2015-06-26,"Daren Sammy National Cricket Stadium, Gros Islet",2,14.2,Guyana Amazon Warriors,St Lucia Zouks,BJ Hodge,CD Barnwell,ST Gabriel,0,0,,,,,,,,,
857713,2015,2015-06-26,"Daren Sammy National Cricket Stadium, Gros Islet",2,14.3,Guyana Amazon Warriors,St Lucia Zouks,BJ Hodge,CD Barnwell,ST Gabriel,1,0,,,,,,,,,
857713,2015,2015-06-26,"Daren Sammy National Cricket Stadium, Gros Islet",2,14.4,Guyana Amazon Warriors,St Lucia Zouks,CD Barnwell,BJ Hodge,ST Gabriel,1,0,,,,,,,,,
857713,2015,2015-06-26,"Daren Sammy National Cricket Stadium, Gros Islet",2,14.5,Guyana Amazon Warriors,St Lucia Zouks,BJ Hodge,CD Barnwell,ST Gabriel,0,0,,,,,,,,,
857713,2015,2015-06-26,"Daren Sammy National Cricket Stadium, Gros Islet",2,14.6,Guyana Amazon Warriors,St Lucia Zouks,BJ Hodge,CD Barnwell,ST Gabriel,1,0,,,,,,,,,
857713,2015,2015-06-26,"Daren Sammy National Cricket Stadium, Gros Islet",2,15.1,Guyana Amazon Warriors,St Lucia Zouks,BJ Hodge,CD Barnwell,FH Edwards,1,0,,,,,,,,,
857713,2015,2015-06-26,"Daren Sammy National Cricket Stadium, Gros Islet",2,15.2,Guyana Amazon Warriors,St Lucia Zouks,CD Barnwell,BJ Hodge,FH Edwards,0,0,,,,,,caught,CD Barnwell,,
857713,2015,2015-06-26,"Daren Sammy National Cricket Stadium, Gros Islet",2,15.3,Guyana Amazon Warriors,St Lucia Zouks,BJ Hodge,TM Dilshan,FH Edwards,0,1,1,,,,,,,,
857713,2015,2015-06-26,"Daren Sammy National Cricket Stadium, Gros Islet",2,15.4,Guyana Amazon Warriors,St Lucia Zouks,BJ Hodge,TM Dilshan,FH Edwards,1,0,,,,,,,,,
857713,2015,2015-06-26,"Daren Sammy National Cricket Stadium, Gros Islet",2,15.5,Guyana Amazon Warriors,St Lucia Zouks,TM Dilshan,BJ Hodge,FH Edwards,0,0,,,,,,,,,
857713,2015,2015-06-26,"Daren Sammy National Cricket Stadium, Gros Islet",2,15.6,Guyana Amazon Warriors,St Lucia Zouks,TM Dilshan,BJ Hodge,FH Edwards,1,0,,,,,,,,,
857713,2015,2015-06-26,"Daren Sammy National Cricket Stadium, Gros Islet",2,15.7,Guyana Amazon Warriors,St Lucia Zouks,BJ Hodge,TM Dilshan,FH Edwards,6,0,,,,,,,,,
857713,2015,2015-06-26,"Daren Sammy National Cricket Stadium, Gros Islet",2,16.1,Guyana Amazon Warriors,St Lucia Zouks,TM Dilshan,BJ Hodge,KAJ Roach,4,0,,,,,,,,,
857713,2015,2015-06-26,"Daren Sammy National Cricket Stadium, Gros Islet",2,16.2,Guyana Amazon Warriors,St Lucia Zouks,TM Dilshan,BJ Hodge,KAJ Roach,4,0,,,,,,,,,
857713,2015,2015-06-26,"Daren Sammy National Cricket Stadium, Gros Islet",2,16.3,Guyana Amazon Warriors,St Lucia Zouks,TM Dilshan,BJ Hodge,KAJ Roach,1,0,,,,,,,,,
857713,2015,2015-06-26,"Daren Sammy National Cricket Stadium, Gros Islet",2,16.4,Guyana Amazon Warriors,St Lucia Zouks,BJ Hodge,TM Dilshan,KAJ Roach,0,0,,,,,,,,,
857713,2015,2015-06-26,"Daren Sammy National Cricket Stadium, Gros Islet",2,16.5,Guyana Amazon Warriors,St Lucia Zouks,BJ Hodge,TM Dilshan,KAJ Roach,4,0,,,,,,,,,
857713,2015,2015-06-26,"Daren Sammy National Cricket Stadium, Gros Islet",2,16.6,Guyana Amazon Warriors,St Lucia Zouks,BJ Hodge,TM Dilshan,KAJ Roach,1,0,,,,,,,,,
857713,2015,2015-06-26,"Daren Sammy National Cricket Stadium, Gros Islet",2,17.1,Guyana Amazon Warriors,St Lucia Zouks,BJ Hodge,TM Dilshan,FH Edwards,1,0,,,,,,,,,
857713,2015,2015-06-26,"Daren Sammy National Cricket Stadium, Gros Islet",2,17.2,Guyana Amazon Warriors,St Lucia Zouks,TM Dilshan,BJ Hodge,FH Edwards,0,0,,,,,,bowled,TM Dilshan,,
857713,2015,2015-06-26,"Daren Sammy National Cricket Stadium, Gros Islet",2,17.3,Guyana Amazon Warriors,St Lucia Zouks,SP Narine,BJ Hodge,FH Edwards,0,0,,,,,,,,,
857713,2015,2015-06-26,"Daren Sammy National Cricket Stadium, Gros Islet",2,17.4,Guyana Amazon Warriors,St Lucia Zouks,SP Narine,BJ Hodge,FH Edwards,0,2,2,,,,,,,,
857713,2015,2015-06-26,"Daren Sammy National Cricket Stadium, Gros Islet",2,17.5,Guyana Amazon Warriors,St Lucia Zouks,BJ Hodge,SP Narine,FH Edwards,4,0,,,,,,,,,
857713,2015,2015-06-26,"Daren Sammy National Cricket Stadium, Gros Islet",2,17.6,Guyana Amazon Warriors,St Lucia Zouks,BJ Hodge,SP Narine,FH Edwards,1,0,,,,,,,,,
857713,2015,2015-06-26,"Daren Sammy National Cricket Stadium, Gros Islet",2,17.7,Guyana Amazon Warriors,St Lucia Zouks,SP Narine,BJ Hodge,FH Edwards,0,1,1,,,,,,,,
857713,2015,2015-06-26,"Daren Sammy National Cricket Stadium, Gros Islet",2,17.8,Guyana Amazon Warriors,St Lucia Zouks,SP Narine,BJ Hodge,FH Edwards,2,0,,,,,,,,,
