match_id,season,start_date,venue,innings,ball,batting_team,bowling_team,striker,non_striker,bowler,runs_off_bat,extras,wides,noballs,byes,legbyes,penalty,wicket_type,player_dismissed,other_wicket_type,other_player_dismissed
857733,2015,2015-07-07,"Sabina Park, Kingston",1,0.1,St Lucia Zouks,Jamaica Tallawahs,ADS Fletcher,J Charles,K Santokie,1,0,,,,,,,,,
857733,2015,2015-07-07,"Sabina Park, Kingston",1,0.2,St Lucia Zouks,Jamaica Tallawahs,J Charles,ADS Fletcher,K Santokie,0,0,,,,,,,,,
857733,2015,2015-07-07,"Sabina Park, Kingston",1,0.3,St Lucia Zouks,Jamaica Tallawahs,J Charles,ADS Fletcher,K Santokie,0,0,,,,,,bowled,J Charles,,
857733,2015,2015-07-07,"Sabina Park, Kingston",1,0.4,St Lucia Zouks,Jamaica Tallawahs,KP Pietersen,ADS Fletcher,K Santokie,0,0,,,,,,,,,
857733,2015,2015-07-07,"Sabina Park, Kingston",1,0.5,St Lucia Zouks,Jamaica Tallawahs,KP Pietersen,ADS Fletcher,K Santokie,2,0,,,,,,,,,
857733,2015,2015-07-07,"Sabina Park, Kingston",1,0.6,St Lucia Zouks,Jamaica Tallawahs,KP Pietersen,ADS Fletcher,K Santokie,0,0,,,,,,,,,
857733,2015,2015-07-07,"Sabina Park, Kingston",1,1.1,St Lucia Zouks,Jamaica Tallawahs,ADS Fletcher,KP Pietersen,DL Vettori,2,0,,,,,,,,,
857733,2015,2015-07-07,"Sabina Park, Kingston",1,1.2,St Lucia Zouks,Jamaica Tallawahs,ADS Fletcher,KP Pietersen,DL Vettori,0,0,,,,,,,,,
857733,2015,2015-07-07,"Sabina Park, Kingston",1,1.3,St Lucia Zouks,Jamaica Tallawahs,ADS Fletcher,KP Pietersen,DL Vettori,0,0,,,,,,,,,
857733,2015,2015-07-07,"Sabina Park, Kingston",1,1.4,St Lucia Zouks,Jamaica Tallawahs,ADS Fletcher,KP Pietersen,DL Vettori,0,0,,,,,,,,,
857733,2015,2015-07-07,"Sabina Park, Kingston",1,1.5,St Lucia Zouks,Jamaica Tallawahs,ADS Fletcher,KP Pietersen,DL Vettori,0,0,,,,,,,,,
857733,2015,2015-07-07,"Sabina Park, Kingston",1,1.6,St Lucia Zouks,Jamaica Tallawahs,ADS Fletcher,KP Pietersen,DL Vettori,0,0,,,,,,,,,
857733,2015,2015-07-07,"Sabina Park, Kingston",1,2.1,St Lucia Zouks,Jamaica Tallawahs,KP Pietersen,ADS Fletcher,K Santokie,3,0,,,,,,,,,
857733,2015,2015-07-07,"Sabina Park, Kingston",1,2.2,St Lucia Zouks,Jamaica Tallawahs,ADS Fletcher,KP Pietersen,K Santokie,4,0,,,,,,,,,
857733,2015,2015-07-07,"Sabina Park, Kingston",1,2.3,St Lucia Zouks,Jamaica Tallawahs,ADS Fletcher,KP Pietersen,K Santokie,1,0,,,,,,,,,
857733,2015,2015-07-07,"Sabina Park, Kingston",1,2.4,St Lucia Zouks,Jamaica Tallawahs,KP Pietersen,ADS Fletcher,K Santokie,1,0,,,,,,,,,
857733,2015,2015-07-07,"Sabina Park, Kingston",1,2.5,St Lucia Zouks,Jamaica Tallawahs,ADS Fletcher,KP Pietersen,K Santokie,0,0,,,,,,stumped,ADS Fletcher,,
857733,2015,2015-07-07,"Sabina Park, Kingston",1,2.6,St Lucia Zouks,Jamaica Tallawahs,LRPL Taylor,KP Pietersen,K Santokie,0,0,,,,,,,,,
857733,2015,2015-07-07,"Sabina Park, Kingston",1,3.1,St Lucia Zouks,Jamaica Tallawahs,KP Pietersen,LRPL Taylor,DL Vettori,0,0,,,,,,,,,
857733,2015,2015-07-07,"Sabina Park, Kingston",1,3.2,St Lucia Zouks,Jamaica Tallawahs,KP Pietersen,LRPL Taylor,DL Vettori,1,0,,,,,,,,,
857733,2015,2015-07-07,"Sabina Park, Kingston",1,3.3,St Lucia Zouks,Jamaica Tallawahs,LRPL Taylor,KP Pietersen,DL Vettori,1,0,,,,,,,,,
857733,2015,2015-07-07,"Sabina Park, Kingston",1,3.4,St Lucia Zouks,Jamaica Tallawahs,KP Pietersen,LRPL Taylor,DL Vettori,0,0,,,,,,,,,
857733,2015,2015-07-07,"Sabina Park, Kingston",1,3.5,St Lucia Zouks,Jamaica Tallawahs,KP Pietersen,LRPL Taylor,DL Vettori,1,0,,,,,,,,,
857733,2015,2015-07-07,"Sabina Park, Kingston",1,3.6,St Lucia Zouks,Jamaica Tallawahs,LRPL Taylor,KP Pietersen,DL Vettori,0,0,,,,,,,,,
857733,2015,2015-07-07,"Sabina Park, Kingston",1,4.1,St Lucia Zouks,Jamaica Tallawahs,KP Pietersen,LRPL Taylor,K Santokie,1,0,,,,,,,,,
857733,2015,2015-07-07,"Sabina Park, Kingston",1,4.2,St Lucia Zouks,Jamaica Tallawahs,LRPL Taylor,KP Pietersen,K Santokie,1,0,,,,,,,,,
857733,2015,2015-07-07,"Sabina Park, Kingston",1,4.3,St Lucia Zouks,Jamaica Tallawahs,KP Pietersen,LRPL Taylor,K Santokie,2,0,,,,,,,,,
857733,2015,2015-07-07,"Sabina Park, Kingston",1,4.4,St Lucia Zouks,Jamaica Tallawahs,KP Pietersen,LRPL Taylor,K Santokie,4,0,,,,,,,,,
857733,2015,2015-07-07,"Sabina Park, Kingston",1,4.5,St Lucia Zouks,Jamaica Tallawahs,KP Pietersen,LRPL Taylor,K Santokie,0,1,,,,1,,,,,
857733,2015,2015-07-07,"Sabina Park, Kingston",1,4.6,St Lucia Zouks,Jamaica Tallawahs,LRPL Taylor,KP Pietersen,K Santokie,0,0,,,,,,,,,
857733,2015,2015-07-07,"Sabina Park, Kingston",1,5.1,St Lucia Zouks,Jamaica Tallawahs,KP Pietersen,LRPL Taylor,JE Taylor,1,0,,,,,,,,,
857733,2015,2015-07-07,"Sabina Park, Kingston",1,5.2,St Lucia Zouks,Jamaica Tallawahs,LRPL Taylor,KP Pietersen,JE Taylor,0,0,,,,,,caught,LRPL Taylor,,
857733,2015,2015-07-07,"Sabina Park, Kingston",1,5.3,St Lucia Zouks,Jamaica Tallawahs,H Davids,KP Pietersen,JE Taylor,0,1,1,,,,,,,,
857733,2015,2015-07-07,"Sabina Park, Kingston",1,5.4,St Lucia Zouks,Jamaica Tallawahs,H Davids,KP Pietersen,JE Taylor,0,0,,,,,,,,,
857733,2015,2015-07-07,"Sabina Park, Kingston",1,5.5,St Lucia Zouks,Jamaica Tallawahs,H Davids,KP Pietersen,JE Taylor,0,0,,,,,,,,,
857733,2015,2015-07-07,"Sabina Park, Kingston",1,5.6,St Lucia Zouks,Jamaica Tallawahs,H Davids,KP Pietersen,JE Taylor,0,1,1,,,,,,,,
857733,2015,2015-07-07,"Sabina Park, Kingston",1,5.7,St Lucia Zouks,Jamaica Tallawahs,H Davids,KP Pietersen,JE Taylor,0,0,,,,,,,,,
857733,2015,2015-07-07,"Sabina Park, Kingston",1,5.8,St Lucia Zouks,Jamaica Tallawahs,H Davids,KP Pietersen,JE Taylor,1,0,,,,,,,,,
857733,2015,2015-07-07,"Sabina Park, Kingston",1,6.1,St Lucia Zouks,Jamaica Tallawahs,H Davids,KP Pietersen,AD Russell,1,0,,,,,,,,,
857733,2015,2015-07-07,"Sabina Park, Kingston",1,6.2,St Lucia Zouks,Jamaica Tallawahs,KP Pietersen,H Davids,AD Russell,0,0,,,,,,,,,
857733,2015,2015-07-07,"Sabina Park, Kingston",1,6.3,St Lucia Zouks,Jamaica Tallawahs,KP Pietersen,H Davids,AD Russell,1,0,,,,,,,,,
857733,2015,2015-07-07,"Sabina Park, Kingston",1,6.4,St Lucia Zouks,Jamaica Tallawahs,H Davids,KP Pietersen,AD Russell,1,0,,,,,,,,,
857733,2015,2015-07-07,"Sabina Park, Kingston",1,6.5,St Lucia Zouks,Jamaica Tallawahs,KP Pietersen,H Davids,AD Russell,1,0,,,,,,,,,
857733,2015,2015-07-07,"Sabina Park, Kingston",1,6.6,St Lucia Zouks,Jamaica Tallawahs,H Davids,KP Pietersen,AD Russell,1,0,,,,,,,,,
857733,2015,2015-07-07,"Sabina Park, Kingston",1,7.1,St Lucia Zouks,Jamaica Tallawahs,H Davids,KP Pietersen,J Theron,1,0,,,,,,,,,
857733,2015,2015-07-07,"Sabina Park, Kingston",1,7.2,St Lucia Zouks,Jamaica Tallawahs,KP Pietersen,H Davids,J Theron,0,0,,,,,,,,,
857733,2015,2015-07-07,"Sabina Park, Kingston",1,7.3,St Lucia Zouks,Jamaica Tallawahs,KP Pietersen,H Davids,J Theron,1,0,,,,,,,,,
857733,2015,2015-07-07,"Sabina Park, Kingston",1,7.4,St Lucia Zouks,Jamaica Tallawahs,H Davids,KP Pietersen,J Theron,4,0,,,,,,,,,
857733,2015,2015-07-07,"Sabina Park, Kingston",1,7.5,St Lucia Zouks,Jamaica Tallawahs,H Davids,KP Pietersen,J Theron,1,0,,,,,,,,,
857733,2015,2015-07-07,"Sabina Park, Kingston",1,7.6,St Lucia Zouks,Jamaica Tallawahs,KP Pietersen,H Davids,J Theron,1,0,,,,,,,,,
857733,2015,2015-07-07,"Sabina Park, Kingston",1,8.1,St Lucia Zouks,Jamaica Tallawahs,KP Pietersen,H Davids,AD Russell,0,0,,,,,,,,,
857733,2015,2015-07-07,"Sabina Park, Kingston",1,8.2,St Lucia Zouks,Jamaica Tallawahs,KP Pietersen,H Davids,AD Russell,1,0,,,,,,,,,
857733,2015,2015-07-07,"Sabina Park, Kingston",1,8.3,St Lucia Zouks,Jamaica Tallawahs,H Davids,KP Pietersen,AD Russell,4,0,,,,,,,,,
857733,2015,2015-07-07,"Sabina Park, Kingston",1,8.4,St Lucia Zouks,Jamaica Tallawahs,H Davids,KP Pietersen,AD Russell,1,0,,,,,,,,,
857733,2015,2015-07-07,"Sabina Park, Kingston",1,8.5,St Lucia Zouks,Jamaica Tallawahs,KP Pietersen,H Davids,AD Russell,1,0,,,,,,,,,
857733,2015,2015-07-07,"Sabina Park, Kingston",1,8.6,St Lucia Zouks,Jamaica Tallawahs,H Davids,KP Pietersen,AD Russell,1,0,,,,,,,,,
857733,2015,2015-07-07,"Sabina Park, Kingston",1,9.1,St Lucia Zouks,Jamaica Tallawahs,H Davids,KP Pietersen,DL Vettori,2,0,,,,,,,,,
857733,2015,2015-07-07,"Sabina Park, Kingston",1,9.2,St Lucia Zouks,Jamaica Tallawahs,H Davids,KP Pietersen,DL Vettori,1,0,,,,,,,,,
857733,2015,2015-07-07,"Sabina Park, Kingston",1,9.3,St Lucia Zouks,Jamaica Tallawahs,KP Pietersen,H Davids,DL Vettori,1,0,,,,,,,,,
857733,2015,2015-07-07,"Sabina Park, Kingston",1,9.4,St Lucia Zouks,Jamaica Tallawahs,H Davids,KP Pietersen,DL Vettori,0,0,,,,,,,,,
857733,2015,2015-07-07,"Sabina Park, Kingston",1,9.5,St Lucia Zouks,Jamaica Tallawahs,H Davids,KP Pietersen,DL Vettori,1,0,,,,,,,,,
857733,2015,2015-07-07,"Sabina Park, Kingston",1,9.6,St Lucia Zouks,Jamaica Tallawahs,KP Pietersen,H Davids,DL Vettori,0,0,,,,,,,,,
857733,2015,2015-07-07,"Sabina Park, Kingston",1,10.1,St Lucia Zouks,Jamaica Tallawahs,H Davids,KP Pietersen,JE Taylor,1,0,,,,,,,,,
857733,2015,2015-07-07,"Sabina Park, Kingston",1,10.2,St Lucia Zouks,Jamaica Tallawahs,KP Pietersen,H Davids,JE Taylor,0,0,,,,,,,,,
857733,2015,2015-07-07,"Sabina Park, Kingston",1,10.3,St Lucia Zouks,Jamaica Tallawahs,KP Pietersen,H Davids,JE Taylor,1,0,,,,,,,,,
857733,2015,2015-07-07,"Sabina Park, Kingston",1,10.4,St Lucia Zouks,Jamaica Tallawahs,H Davids,KP Pietersen,JE Taylor,1,0,,,,,,,,,
857733,2015,2015-07-07,"Sabina Park, Kingston",1,10.5,St Lucia Zouks,Jamaica Tallawahs,KP Pietersen,H Davids,JE Taylor,0,0,,,,,,,,,
857733,2015,2015-07-07,"Sabina Park, Kingston",1,10.6,St Lucia Zouks,Jamaica Tallawahs,KP Pietersen,H Davids,JE Taylor,1,0,,,,,,,,,
857733,2015,2015-07-07,"Sabina Park, Kingston",1,11.1,St Lucia Zouks,Jamaica Tallawahs,KP Pietersen,H Davids,J Theron,1,0,,,,,,,,,
857733,2015,2015-07-07,"Sabina Park, Kingston",1,11.2,St Lucia Zouks,Jamaica Tallawahs,H Davids,KP Pietersen,J Theron,2,1,,1,,,,,,,
857733,2015,2015-07-07,"Sabina Park, Kingston",1,11.3,St Lucia Zouks,Jamaica Tallawahs,H Davids,KP Pietersen,J Theron,1,0,,,,,,,,,
857733,2015,2015-07-07,"Sabina Park, Kingston",1,11.4,St Lucia Zouks,Jamaica Tallawahs,KP Pietersen,H Davids,J Theron,6,0,,,,,,,,,
857733,2015,2015-07-07,"Sabina Park, Kingston",1,11.5,St Lucia Zouks,Jamaica Tallawahs,KP Pietersen,H Davids,J Theron,1,0,,,,,,,,,
857733,2015,2015-07-07,"Sabina Park, Kingston",1,11.6,St Lucia Zouks,Jamaica Tallawahs,H Davids,KP Pietersen,J Theron,1,0,,,,,,,,,
857733,2015,2015-07-07,"Sabina Park, Kingston",1,11.7,St Lucia Zouks,Jamaica Tallawahs,KP Pietersen,H Davids,J Theron,6,0,,,,,,,,,
857733,2015,2015-07-07,"Sabina Park, Kingston",1,12.1,St Lucia Zouks,Jamaica Tallawahs,H Davids,KP Pietersen,AD Russell,0,0,,,,,,caught,H Davids,,
857733,2015,2015-07-07,"Sabina Park, Kingston",1,12.2,St Lucia Zouks,Jamaica Tallawahs,KP Pietersen,DJG Sammy,AD Russell,1,0,,,,,,,,,
857733,2015,2015-07-07,"Sabina Park, Kingston",1,12.3,St Lucia Zouks,Jamaica Tallawahs,DJG Sammy,KP Pietersen,AD Russell,0,0,,,,,,,,,
857733,2015,2015-07-07,"Sabina Park, Kingston",1,12.4,St Lucia Zouks,Jamaica Tallawahs,DJG Sammy,KP Pietersen,AD Russell,1,0,,,,,,,,,
857733,2015,2015-07-07,"Sabina Park, Kingston",1,12.5,St Lucia Zouks,Jamaica Tallawahs,KP Pietersen,DJG Sammy,AD Russell,1,0,,,,,,,,,
857733,2015,2015-07-07,"Sabina Park, Kingston",1,12.6,St Lucia Zouks,Jamaica Tallawahs,DJG Sammy,KP Pietersen,AD Russell,0,0,,,,,,,,,
857733,2015,2015-07-07,"Sabina Park, Kingston",1,13.1,St Lucia Zouks,Jamaica Tallawahs,KP Pietersen,DJG Sammy,DL Vettori,0,0,,,,,,,,,
857733,2015,2015-07-07,"Sabina Park, Kingston",1,13.2,St Lucia Zouks,Jamaica Tallawahs,KP Pietersen,DJG Sammy,DL Vettori,1,0,,,,,,,,,
857733,2015,2015-07-07,"Sabina Park, Kingston",1,13.3,St Lucia Zouks,Jamaica Tallawahs,DJG Sammy,KP Pietersen,DL Vettori,0,0,,,,,,,,,
857733,2015,2015-07-07,"Sabina Park, Kingston",1,13.4,St Lucia Zouks,Jamaica Tallawahs,DJG Sammy,KP Pietersen,DL Vettori,0,0,,,,,,,,,
857733,2015,2015-07-07,"Sabina Park, Kingston",1,13.5,St Lucia Zouks,Jamaica Tallawahs,DJG Sammy,KP Pietersen,DL Vettori,2,0,,,,,,,,,
857733,2015,2015-07-07,"Sabina Park, Kingston",1,13.6,St Lucia Zouks,Jamaica Tallawahs,DJG Sammy,KP Pietersen,DL Vettori,0,0,,,,,,,,,
857733,2015,2015-07-07,"Sabina Park, Kingston",1,14.1,St Lucia Zouks,Jamaica Tallawahs,KP Pietersen,DJG Sammy,JE Taylor,0,0,,,,,,,,,
857733,2015,2015-07-07,"Sabina Park, Kingston",1,14.2,St Lucia Zouks,Jamaica Tallawahs,KP Pietersen,DJG Sammy,JE Taylor,4,0,,,,,,,,,
857733,2015,2015-07-07,"Sabina Park, Kingston",1,14.3,St Lucia Zouks,Jamaica Tallawahs,KP Pietersen,DJG Sammy,JE Taylor,1,0,,,,,,,,,
857733,2015,2015-07-07,"Sabina Park, Kingston",1,14.4,St Lucia Zouks,Jamaica Tallawahs,DJG Sammy,KP Pietersen,JE Taylor,6,0,,,,,,,,,
857733,2015,2015-07-07,"Sabina Park, Kingston",1,14.5,St Lucia Zouks,Jamaica Tallawahs,DJG Sammy,KP Pietersen,JE Taylor,1,0,,,,,,,,,
857733,2015,2015-07-07,"Sabina Park, Kingston",1,14.6,St Lucia Zouks,Jamaica Tallawahs,KP Pietersen,DJG Sammy,JE Taylor,2,0,,,,,,,,,
857733,2015,2015-07-07,"Sabina Park, Kingston",1,15.1,St Lucia Zouks,Jamaica Tallawahs,DJG Sammy,KP Pietersen,J Theron,0,1,1,,,,,,,,
857733,2015,2015-07-07,"Sabina Park, Kingston",1,15.2,St Lucia Zouks,Jamaica Tallawahs,DJG Sammy,KP Pietersen,J Theron,1,0,,,,,,,,,
857733,2015,2015-07-07,"Sabina Park, Kingston",1,15.3,St Lucia Zouks,Jamaica Tallawahs,KP Pietersen,DJG Sammy,J Theron,1,0,,,,,,,,,
857733,2015,2015-07-07,"Sabina Park, Kingston",1,15.4,St Lucia Zouks,Jamaica Tallawahs,DJG Sammy,KP Pietersen,J Theron,0,0,,,,,,,,,
857733,2015,2015-07-07,"Sabina Park, Kingston",1,15.5,St Lucia Zouks,Jamaica Tallawahs,DJG Sammy,KP Pietersen,J Theron,1,0,,,,,,,,,
857733,2015,2015-07-07,"Sabina Park, Kingston",1,15.6,St Lucia Zouks,Jamaica Tallawahs,KP Pietersen,DJG Sammy,J Theron,1,0,,,,,,,,,
857733,2015,2015-07-07,"Sabina Park, Kingston",1,15.7,St Lucia Zouks,Jamaica Tallawahs,DJG Sammy,KP Pietersen,J Theron,1,0,,,,,,,,,
857733,2015,2015-07-07,"Sabina Park, Kingston",1,16.1,St Lucia Zouks,Jamaica Tallawahs,DJG Sammy,KP Pietersen,K Santokie,1,0,,,,,,,,,
857733,2015,2015-07-07,"Sabina Park, Kingston",1,16.2,St Lucia Zouks,Jamaica Tallawahs,KP Pietersen,DJG Sammy,K Santokie,0,0,,,,,,,,,
857733,2015,2015-07-07,"Sabina Park, Kingston",1,16.3,St Lucia Zouks,Jamaica Tallawahs,KP Pietersen,DJG Sammy,K Santokie,0,0,,,,,,,,,
857733,2015,2015-07-07,"Sabina Park, Kingston",1,16.4,St Lucia Zouks,Jamaica Tallawahs,KP Pietersen,DJG Sammy,K Santokie,1,0,,,,,,,,,
857733,2015,2015-07-07,"Sabina Park, Kingston",1,16.5,St Lucia Zouks,Jamaica Tallawahs,DJG Sammy,KP Pietersen,K Santokie,6,0,,,,,,,,,
857733,2015,2015-07-07,"Sabina Park, Kingston",1,16.6,St Lucia Zouks,Jamaica Tallawahs,DJG Sammy,KP Pietersen,K Santokie,1,0,,,,,,,,,
857733,2015,2015-07-07,"Sabina Park, Kingston",1,17.1,St Lucia Zouks,Jamaica Tallawahs,DJG Sammy,KP Pietersen,J Theron,1,0,,,,,,,,,
857733,2015,2015-07-07,"Sabina Park, Kingston",1,17.2,St Lucia Zouks,Jamaica Tallawahs,KP Pietersen,DJG Sammy,J Theron,1,0,,,,,,,,,
857733,2015,2015-07-07,"Sabina Park, Kingston",1,17.3,St Lucia Zouks,Jamaica Tallawahs,DJG Sammy,KP Pietersen,J Theron,2,0,,,,,,,,,
857733,2015,2015-07-07,"Sabina Park, Kingston",1,17.4,St Lucia Zouks,Jamaica Tallawahs,DJG Sammy,KP Pietersen,J Theron,2,0,,,,,,,,,
857733,2015,2015-07-07,"Sabina Park, Kingston",1,17.5,St Lucia Zouks,Jamaica Tallawahs,DJG Sammy,KP Pietersen,J Theron,1,0,,,,,,,,,
857733,2015,2015-07-07,"Sabina Park, Kingston",1,17.6,St Lucia Zouks,Jamaica Tallawahs,KP Pietersen,DJG Sammy,J Theron,1,0,,,,,,,,,
857733,2015,2015-07-07,"Sabina Park, Kingston",1,18.1,St Lucia Zouks,Jamaica Tallawahs,KP Pietersen,DJG Sammy,AD Russell,0,4,,,4,,,,,,
857733,2015,2015-07-07,"Sabina Park, Kingston",1,18.2,St Lucia Zouks,Jamaica Tallawahs,KP Pietersen,DJG Sammy,AD Russell,6,0,,,,,,,,,
857733,2015,2015-07-07,"Sabina Park, Kingston",1,18.3,St Lucia Zouks,Jamaica Tallawahs,KP Pietersen,DJG Sammy,AD Russell,4,0,,,,,,,,,
857733,2015,2015-07-07,"Sabina Park, Kingston",1,18.4,St Lucia Zouks,Jamaica Tallawahs,KP Pietersen,DJG Sammy,AD Russell,4,0,,,,,,,,,
857733,2015,2015-07-07,"Sabina Park, Kingston",1,18.5,St Lucia Zouks,Jamaica Tallawahs,KP Pietersen,DJG Sammy,AD Russell,1,0,,,,,,,,,
857733,2015,2015-07-07,"Sabina Park, Kingston",1,18.6,St Lucia Zouks,Jamaica Tallawahs,DJG Sammy,KP Pietersen,AD Russell,1,0,,,,,,,,,
857733,2015,2015-07-07,"Sabina Park, Kingston",1,19.1,St Lucia Zouks,Jamaica Tallawahs,DJG Sammy,KP Pietersen,JE Taylor,0,0,,,,,,,,,
857733,2015,2015-07-07,"Sabina Park, Kingston",1,19.2,St Lucia Zouks,Jamaica Tallawahs,DJG Sammy,KP Pietersen,JE Taylor,1,0,,,,,,,,,
857733,2015,2015-07-07,"Sabina Park, Kingston",1,19.3,St Lucia Zouks,Jamaica Tallawahs,KP Pietersen,DJG Sammy,JE Taylor,6,0,,,,,,retired hurt,DJG Sammy,,
857733,2015,2015-07-07,"Sabina Park, Kingston",1,19.4,St Lucia Zouks,Jamaica Tallawahs,KP Pietersen,NL McCullum,JE Taylor,4,0,,,,,,,,,
857733,2015,2015-07-07,"Sabina Park, Kingston",1,19.5,St Lucia Zouks,Jamaica Tallawahs,KP Pietersen,NL McCullum,JE Taylor,4,0,,,,,,,,,
857733,2015,2015-07-07,"Sabina Park, Kingston",1,19.6,St Lucia Zouks,Jamaica Tallawahs,KP Pietersen,NL McCullum,JE Taylor,0,1,,,1,,,,,,
857733,2015,2015-07-07,"Sabina Park, Kingston",2,0.1,Jamaica Tallawahs,St Lucia Zouks,CAK Walton,CH Gayle,NL McCullum,4,0,,,,,,,,,
857733,2015,2015-07-07,"Sabina Park, Kingston",2,0.2,Jamaica Tallawahs,St Lucia Zouks,CAK Walton,CH Gayle,NL McCullum,1,0,,,,,,,,,
857733,2015,2015-07-07,"Sabina Park, Kingston",2,0.3,Jamaica Tallawahs,St Lucia Zouks,CH Gayle,CAK Walton,NL McCullum,4,0,,,,,,,,,
857733,2015,2015-07-07,"Sabina Park, Kingston",2,0.4,Jamaica Tallawahs,St Lucia Zouks,CH Gayle,CAK Walton,NL McCullum,0,0,,,,,,,,,
857733,2015,2015-07-07,"Sabina Park, Kingston",2,0.5,Jamaica Tallawahs,St Lucia Zouks,CH Gayle,CAK Walton,NL McCullum,2,0,,,,,,,,,
857733,2015,2015-07-07,"Sabina Park, Kingston",2,0.6,Jamaica Tallawahs,St Lucia Zouks,CH Gayle,CAK Walton,NL McCullum,0,0,,,,,,,,,
857733,2015,2015-07-07,"Sabina Park, Kingston",2,1.1,Jamaica Tallawahs,St Lucia Zouks,CAK Walton,CH Gayle,FH Edwards,0,0,,,,,,,,,
857733,2015,2015-07-07,"Sabina Park, Kingston",2,1.2,Jamaica Tallawahs,St Lucia Zouks,CAK Walton,CH Gayle,FH Edwards,0,0,,,,,,,,,
857733,2015,2015-07-07,"Sabina Park, Kingston",2,1.3,Jamaica Tallawahs,St Lucia Zouks,CAK Walton,CH Gayle,FH Edwards,1,0,,,,,,,,,
857733,2015,2015-07-07,"Sabina Park, Kingston",2,1.4,Jamaica Tallawahs,St Lucia Zouks,CH Gayle,CAK Walton,FH Edwards,0,0,,,,,,,,,
857733,2015,2015-07-07,"Sabina Park, Kingston",2,1.5,Jamaica Tallawahs,St Lucia Zouks,CH Gayle,CAK Walton,FH Edwards,0,0,,,,,,,,,
857733,2015,2015-07-07,"Sabina Park, Kingston",2,1.6,Jamaica Tallawahs,St Lucia Zouks,CH Gayle,CAK Walton,FH Edwards,0,0,,,,,,,,,
857733,2015,2015-07-07,"Sabina Park, Kingston",2,2.1,Jamaica Tallawahs,St Lucia Zouks,CAK Walton,CH Gayle,NL McCullum,6,0,,,,,,,,,
857733,2015,2015-07-07,"Sabina Park, Kingston",2,2.2,Jamaica Tallawahs,St Lucia Zouks,CAK Walton,CH Gayle,NL McCullum,6,0,,,,,,,,,
857733,2015,2015-07-07,"Sabina Park, Kingston",2,2.3,Jamaica Tallawahs,St Lucia Zouks,CAK Walton,CH Gayle,NL McCullum,0,0,,,,,,,,,
857733,2015,2015-07-07,"Sabina Park, Kingston",2,2.4,Jamaica Tallawahs,St Lucia Zouks,CAK Walton,CH Gayle,NL McCullum,1,0,,,,,,,,,
857733,2015,2015-07-07,"Sabina Park, Kingston",2,2.5,Jamaica Tallawahs,St Lucia Zouks,CH Gayle,CAK Walton,NL McCullum,0,0,,,,,,,,,
857733,2015,2015-07-07,"Sabina Park, Kingston",2,2.6,Jamaica Tallawahs,St Lucia Zouks,CH Gayle,CAK Walton,NL McCullum,0,0,,,,,,,,,
857733,2015,2015-07-07,"Sabina Park, Kingston",2,3.1,Jamaica Tallawahs,St Lucia Zouks,CAK Walton,CH Gayle,FH Edwards,4,0,,,,,,,,,
857733,2015,2015-07-07,"Sabina Park, Kingston",2,3.2,Jamaica Tallawahs,St Lucia Zouks,CAK Walton,CH Gayle,FH Edwards,0,0,,,,,,,,,
857733,2015,2015-07-07,"Sabina Park, Kingston",2,3.3,Jamaica Tallawahs,St Lucia Zouks,CAK Walton,CH Gayle,FH Edwards,1,0,,,,,,,,,
857733,2015,2015-07-07,"Sabina Park, Kingston",2,3.4,Jamaica Tallawahs,St Lucia Zouks,CH Gayle,CAK Walton,FH Edwards,0,0,,,,,,,,,
857733,2015,2015-07-07,"Sabina Park, Kingston",2,3.5,Jamaica Tallawahs,St Lucia Zouks,CH Gayle,CAK Walton,FH Edwards,1,0,,,,,,,,,
857733,2015,2015-07-07,"Sabina Park, Kingston",2,3.6,Jamaica Tallawahs,St Lucia Zouks,CAK Walton,CH Gayle,FH Edwards,1,0,,,,,,,,,
857733,2015,2015-07-07,"Sabina Park, Kingston",2,4.1,Jamaica Tallawahs,St Lucia Zouks,CAK Walton,CH Gayle,KAJ Roach,0,5,5,,,,,,,,
857733,2015,2015-07-07,"Sabina Park, Kingston",2,4.2,Jamaica Tallawahs,St Lucia Zouks,CAK Walton,CH Gayle,KAJ Roach,0,0,,,,,,,,,
857733,2015,2015-07-07,"Sabina Park, Kingston",2,4.3,Jamaica Tallawahs,St Lucia Zouks,CAK Walton,CH Gayle,KAJ Roach,4,0,,,,,,,,,
857733,2015,2015-07-07,"Sabina Park, Kingston",2,4.4,Jamaica Tallawahs,St Lucia Zouks,CAK Walton,CH Gayle,KAJ Roach,0,0,,,,,,,,,
857733,2015,2015-07-07,"Sabina Park, Kingston",2,4.5,Jamaica Tallawahs,St Lucia Zouks,CAK Walton,CH Gayle,KAJ Roach,0,1,1,,,,,,,,
857733,2015,2015-07-07,"Sabina Park, Kingston",2,4.6,Jamaica Tallawahs,St Lucia Zouks,CAK Walton,CH Gayle,KAJ Roach,0,0,,,,,,,,,
857733,2015,2015-07-07,"Sabina Park, Kingston",2,4.7,Jamaica Tallawahs,St Lucia Zouks,CAK Walton,CH Gayle,KAJ Roach,1,0,,,,,,,,,
857733,2015,2015-07-07,"Sabina Park, Kingston",2,4.8,Jamaica Tallawahs,St Lucia Zouks,CH Gayle,CAK Walton,KAJ Roach,2,0,,,,,,,,,
857733,2015,2015-07-07,"Sabina Park, Kingston",2,5.1,Jamaica Tallawahs,St Lucia Zouks,CAK Walton,CH Gayle,ST Gabriel,1,0,,,,,,,,,
857733,2015,2015-07-07,"Sabina Park, Kingston",2,5.2,Jamaica Tallawahs,St Lucia Zouks,CH Gayle,CAK Walton,ST Gabriel,0,0,,,,,,,,,
857733,2015,2015-07-07,"Sabina Park, Kingston",2,5.3,Jamaica Tallawahs,St Lucia Zouks,CH Gayle,CAK Walton,ST Gabriel,6,0,,,,,,,,,
857733,2015,2015-07-07,"Sabina Park, Kingston",2,5.4,Jamaica Tallawahs,St Lucia Zouks,CH Gayle,CAK Walton,ST Gabriel,1,0,,,,,,,,,
857733,2015,2015-07-07,"Sabina Park, Kingston",2,5.5,Jamaica Tallawahs,St Lucia Zouks,CAK Walton,CH Gayle,ST Gabriel,0,0,,,,,,,,,
857733,2015,2015-07-07,"Sabina Park, Kingston",2,5.6,Jamaica Tallawahs,St Lucia Zouks,CAK Walton,CH Gayle,ST Gabriel,1,0,,,,,,,,,
857733,2015,2015-07-07,"Sabina Park, Kingston",2,6.1,Jamaica Tallawahs,St Lucia Zouks,CAK Walton,CH Gayle,S Shillingford,1,0,,,,,,,,,
857733,2015,2015-07-07,"Sabina Park, Kingston",2,6.2,Jamaica Tallawahs,St Lucia Zouks,CH Gayle,CAK Walton,S Shillingford,0,0,,,,,,,,,
857733,2015,2015-07-07,"Sabina Park, Kingston",2,6.3,Jamaica Tallawahs,St Lucia Zouks,CH Gayle,CAK Walton,S Shillingford,2,0,,,,,,,,,
857733,2015,2015-07-07,"Sabina Park, Kingston",2,6.4,Jamaica Tallawahs,St Lucia Zouks,CH Gayle,CAK Walton,S Shillingford,0,0,,,,,,,,,
857733,2015,2015-07-07,"Sabina Park, Kingston",2,6.5,Jamaica Tallawahs,St Lucia Zouks,CH Gayle,CAK Walton,S Shillingford,1,0,,,,,,,,,
857733,2015,2015-07-07,"Sabina Park, Kingston",2,6.6,Jamaica Tallawahs,St Lucia Zouks,CAK Walton,CH Gayle,S Shillingford,1,0,,,,,,,,,
857733,2015,2015-07-07,"Sabina Park, Kingston",2,7.1,Jamaica Tallawahs,St Lucia Zouks,CAK Walton,CH Gayle,ST Gabriel,1,0,,,,,,,,,
857733,2015,2015-07-07,"Sabina Park, Kingston",2,7.2,Jamaica Tallawahs,St Lucia Zouks,CH Gayle,CAK Walton,ST Gabriel,0,0,,,,,,,,,
857733,2015,2015-07-07,"Sabina Park, Kingston",2,7.3,Jamaica Tallawahs,St Lucia Zouks,CH Gayle,CAK Walton,ST Gabriel,0,0,,,,,,,,,
857733,2015,2015-07-07,"Sabina Park, Kingston",2,7.4,Jamaica Tallawahs,St Lucia Zouks,CH Gayle,CAK Walton,ST Gabriel,1,0,,,,,,,,,
857733,2015,2015-07-07,"Sabina Park, Kingston",2,7.5,Jamaica Tallawahs,St Lucia Zouks,CAK Walton,CH Gayle,ST Gabriel,1,0,,,,,,,,,
857733,2015,2015-07-07,"Sabina Park, Kingston",2,7.6,Jamaica Tallawahs,St Lucia Zouks,CH Gayle,CAK Walton,ST Gabriel,1,0,,,,,,,,,
857733,2015,2015-07-07,"Sabina Park, Kingston",2,8.1,Jamaica Tallawahs,St Lucia Zouks,CH Gayle,CAK Walton,S Shillingford,0,0,,,,,,,,,
857733,2015,2015-07-07,"Sabina Park, Kingston",2,8.2,Jamaica Tallawahs,St Lucia Zouks,CH Gayle,CAK Walton,S Shillingford,6,0,,,,,,,,,
857733,2015,2015-07-07,"Sabina Park, Kingston",2,8.3,Jamaica Tallawahs,St Lucia Zouks,CH Gayle,CAK Walton,S Shillingford,1,0,,,,,,,,,
857733,2015,2015-07-07,"Sabina Park, Kingston",2,8.4,Jamaica Tallawahs,St Lucia Zouks,CAK Walton,CH Gayle,S Shillingford,4,0,,,,,,,,,
857733,2015,2015-07-07,"Sabina Park, Kingston",2,8.5,Jamaica Tallawahs,St Lucia Zouks,CAK Walton,CH Gayle,S Shillingford,1,0,,,,,,,,,
857733,2015,2015-07-07,"Sabina Park, Kingston",2,8.6,Jamaica Tallawahs,St Lucia Zouks,CH Gayle,CAK Walton,S Shillingford,2,0,,,,,,,,,
857733,2015,2015-07-07,"Sabina Park, Kingston",2,9.1,Jamaica Tallawahs,St Lucia Zouks,CAK Walton,CH Gayle,ST Gabriel,1,0,,,,,,,,,
857733,2015,2015-07-07,"Sabina Park, Kingston",2,9.2,Jamaica Tallawahs,St Lucia Zouks,CH Gayle,CAK Walton,ST Gabriel,1,0,,,,,,,,,
857733,2015,2015-07-07,"Sabina Park, Kingston",2,9.3,Jamaica Tallawahs,St Lucia Zouks,CAK Walton,CH Gayle,ST Gabriel,1,0,,,,,,,,,
857733,2015,2015-07-07,"Sabina Park, Kingston",2,9.4,Jamaica Tallawahs,St Lucia Zouks,CH Gayle,CAK Walton,ST Gabriel,1,0,,,,,,,,,
857733,2015,2015-07-07,"Sabina Park, Kingston",2,9.5,Jamaica Tallawahs,St Lucia Zouks,CAK Walton,CH Gayle,ST Gabriel,2,0,,,,,,,,,
857733,2015,2015-07-07,"Sabina Park, Kingston",2,9.6,Jamaica Tallawahs,St Lucia Zouks,CAK Walton,CH Gayle,ST Gabriel,0,0,,,,,,,,,
857733,2015,2015-07-07,"Sabina Park, Kingston",2,10.1,Jamaica Tallawahs,St Lucia Zouks,CH Gayle,CAK Walton,S Shillingford,1,0,,,,,,,,,
857733,2015,2015-07-07,"Sabina Park, Kingston",2,10.2,Jamaica Tallawahs,St Lucia Zouks,CAK Walton,CH Gayle,S Shillingford,4,0,,,,,,,,,
857733,2015,2015-07-07,"Sabina Park, Kingston",2,10.3,Jamaica Tallawahs,St Lucia Zouks,CAK Walton,CH Gayle,S Shillingford,1,0,,,,,,,,,
857733,2015,2015-07-07,"Sabina Park, Kingston",2,10.4,Jamaica Tallawahs,St Lucia Zouks,CH Gayle,CAK Walton,S Shillingford,0,0,,,,,,,,,
857733,2015,2015-07-07,"Sabina Park, Kingston",2,10.5,Jamaica Tallawahs,St Lucia Zouks,CH Gayle,CAK Walton,S Shillingford,1,0,,,,,,,,,
857733,2015,2015-07-07,"Sabina Park, Kingston",2,10.6,Jamaica Tallawahs,St Lucia Zouks,CAK Walton,CH Gayle,S Shillingford,0,0,,,,,,,,,
857733,2015,2015-07-07,"Sabina Park, Kingston",2,11.1,Jamaica Tallawahs,St Lucia Zouks,CH Gayle,CAK Walton,KAJ Roach,1,0,,,,,,,,,
857733,2015,2015-07-07,"Sabina Park, Kingston",2,11.2,Jamaica Tallawahs,St Lucia Zouks,CAK Walton,CH Gayle,KAJ Roach,4,0,,,,,,,,,
857733,2015,2015-07-07,"Sabina Park, Kingston",2,11.3,Jamaica Tallawahs,St Lucia Zouks,CAK Walton,CH Gayle,KAJ Roach,0,0,,,,,,,,,
857733,2015,2015-07-07,"Sabina Park, Kingston",2,11.4,Jamaica Tallawahs,St Lucia Zouks,CAK Walton,CH Gayle,KAJ Roach,0,0,,,,,,,,,
857733,2015,2015-07-07,"Sabina Park, Kingston",2,11.5,Jamaica Tallawahs,St Lucia Zouks,CAK Walton,CH Gayle,KAJ Roach,4,0,,,,,,,,,
857733,2015,2015-07-07,"Sabina Park, Kingston",2,11.6,Jamaica Tallawahs,St Lucia Zouks,CAK Walton,CH Gayle,KAJ Roach,1,0,,,,,,,,,
857733,2015,2015-07-07,"Sabina Park, Kingston",2,12.1,Jamaica Tallawahs,St Lucia Zouks,CAK Walton,CH Gayle,S Shillingford,4,0,,,,,,,,,
857733,2015,2015-07-07,"Sabina Park, Kingston",2,12.2,Jamaica Tallawahs,St Lucia Zouks,CAK Walton,CH Gayle,S Shillingford,4,0,,,,,,,,,
857733,2015,2015-07-07,"Sabina Park, Kingston",2,12.3,Jamaica Tallawahs,St Lucia Zouks,CAK Walton,CH Gayle,S Shillingford,2,0,,,,,,,,,
857733,2015,2015-07-07,"Sabina Park, Kingston",2,12.4,Jamaica Tallawahs,St Lucia Zouks,CAK Walton,CH Gayle,S Shillingford,6,0,,,,,,,,,
857733,2015,2015-07-07,"Sabina Park, Kingston",2,12.5,Jamaica Tallawahs,St Lucia Zouks,CAK Walton,CH Gayle,S Shillingford,1,0,,,,,,,,,
857733,2015,2015-07-07,"Sabina Park, Kingston",2,12.6,Jamaica Tallawahs,St Lucia Zouks,CH Gayle,CAK Walton,S Shillingford,1,0,,,,,,,,,
857733,2015,2015-07-07,"Sabina Park, Kingston",2,13.1,Jamaica Tallawahs,St Lucia Zouks,CH Gayle,CAK Walton,FH Edwards,1,0,,,,,,,,,
857733,2015,2015-07-07,"Sabina Park, Kingston",2,13.2,Jamaica Tallawahs,St Lucia Zouks,CAK Walton,CH Gayle,FH Edwards,0,0,,,,,,,,,
857733,2015,2015-07-07,"Sabina Park, Kingston",2,13.3,Jamaica Tallawahs,St Lucia Zouks,CAK Walton,CH Gayle,FH Edwards,0,0,,,,,,,,,
857733,2015,2015-07-07,"Sabina Park, Kingston",2,13.4,Jamaica Tallawahs,St Lucia Zouks,CAK Walton,CH Gayle,FH Edwards,0,0,,,,,,,,,
857733,2015,2015-07-07,"Sabina Park, Kingston",2,13.5,Jamaica Tallawahs,St Lucia Zouks,CAK Walton,CH Gayle,FH Edwards,0,0,,,,,,caught,CAK Walton,,
857733,2015,2015-07-07,"Sabina Park, Kingston",2,13.6,Jamaica Tallawahs,St Lucia Zouks,CA Lynn,CH Gayle,FH Edwards,0,0,,,,,,,,,
857733,2015,2015-07-07,"Sabina Park, Kingston",2,14.1,Jamaica Tallawahs,St Lucia Zouks,CH Gayle,CA Lynn,NL McCullum,6,0,,,,,,,,,
857733,2015,2015-07-07,"Sabina Park, Kingston",2,14.2,Jamaica Tallawahs,St Lucia Zouks,CH Gayle,CA Lynn,NL McCullum,4,0,,,,,,,,,
857733,2015,2015-07-07,"Sabina Park, Kingston",2,14.3,Jamaica Tallawahs,St Lucia Zouks,CH Gayle,CA Lynn,NL McCullum,1,0,,,,,,,,,
857733,2015,2015-07-07,"Sabina Park, Kingston",2,14.4,Jamaica Tallawahs,St Lucia Zouks,CA Lynn,CH Gayle,NL McCullum,0,0,,,,,,,,,
857733,2015,2015-07-07,"Sabina Park, Kingston",2,14.5,Jamaica Tallawahs,St Lucia Zouks,CA Lynn,CH Gayle,NL McCullum,0,0,,,,,,,,,
857733,2015,2015-07-07,"Sabina Park, Kingston",2,14.6,Jamaica Tallawahs,St Lucia Zouks,CA Lynn,CH Gayle,NL McCullum,0,0,,,,,,,,,
857733,2015,2015-07-07,"Sabina Park, Kingston",2,15.1,Jamaica Tallawahs,St Lucia Zouks,CH Gayle,CA Lynn,FH Edwards,6,0,,,,,,,,,
857733,2015,2015-07-07,"Sabina Park, Kingston",2,15.2,Jamaica Tallawahs,St Lucia Zouks,CH Gayle,CA Lynn,FH Edwards,0,1,1,,,,,,,,
857733,2015,2015-07-07,"Sabina Park, Kingston",2,15.3,Jamaica Tallawahs,St Lucia Zouks,CH Gayle,CA Lynn,FH Edwards,0,1,,,,1,,,,,
857733,2015,2015-07-07,"Sabina Park, Kingston",2,15.4,Jamaica Tallawahs,St Lucia Zouks,CA Lynn,CH Gayle,FH Edwards,6,0,,,,,,,,,
857733,2015,2015-07-07,"Sabina Park, Kingston",2,15.5,Jamaica Tallawahs,St Lucia Zouks,CA Lynn,CH Gayle,FH Edwards,1,0,,,,,,,,,
857733,2015,2015-07-07,"Sabina Park, Kingston",2,15.6,Jamaica Tallawahs,St Lucia Zouks,CH Gayle,CA Lynn,FH Edwards,6,0,,,,,,,,,
857733,2015,2015-07-07,"Sabina Park, Kingston",2,15.7,Jamaica Tallawahs,St Lucia Zouks,CH Gayle,CA Lynn,FH Edwards,4,0,,,,,,,,,
857733,2015,2015-07-07,"Sabina Park, Kingston",2,16.1,Jamaica Tallawahs,St Lucia Zouks,CA Lynn,CH Gayle,KAJ Roach,0,1,1,,,,,,,,
857733,2015,2015-07-07,"Sabina Park, Kingston",2,16.2,Jamaica Tallawahs,St Lucia Zouks,CA Lynn,CH Gayle,KAJ Roach,0,1,,1,,,,,,,
857733,2015,2015-07-07,"Sabina Park, Kingston",2,16.3,Jamaica Tallawahs,St Lucia Zouks,CA Lynn,CH Gayle,KAJ Roach,1,1,,1,,,,,,,
