match_id,season,start_date,venue,innings,ball,batting_team,bowling_team,striker,non_striker,bowler,runs_off_bat,extras,wides,noballs,byes,legbyes,penalty,wicket_type,player_dismissed,other_wicket_type,other_player_dismissed
994681,2016,2016-07-30,Central Broward Regional Park Stadium Turf Ground,1,0.1,St Lucia Zouks,Jamaica Tallawahs,ADS Fletcher,J Charles,Imad Wasim,0,0,,,,,,,,,
994681,2016,2016-07-30,Central Broward Regional Park Stadium Turf Ground,1,0.2,St Lucia Zouks,Jamaica Tallawahs,ADS Fletcher,J Charles,Imad Wasim,1,0,,,,,,,,,
994681,2016,2016-07-30,Central Broward Regional Park Stadium Turf Ground,1,0.3,St Lucia Zouks,Jamaica Tallawahs,J Charles,ADS Fletcher,Imad Wasim,0,0,,,,,,,,,
994681,2016,2016-07-30,Central Broward Regional Park Stadium Turf Ground,1,0.4,St Lucia Zouks,Jamaica Tallawahs,J Charles,ADS Fletcher,Imad Wasim,0,0,,,,,,,,,
994681,2016,2016-07-30,Central Broward Regional Park Stadium Turf Ground,1,0.5,St Lucia Zouks,Jamaica Tallawahs,J Charles,ADS Fletcher,Imad Wasim,0,0,,,,,,,,,
994681,2016,2016-07-30,Central Broward Regional Park Stadium Turf Ground,1,0.6,St Lucia Zouks,Jamaica Tallawahs,J Charles,ADS Fletcher,Imad Wasim,6,0,,,,,,,,,
994681,2016,2016-07-30,Central Broward Regional Park Stadium Turf Ground,1,1.1,St Lucia Zouks,Jamaica Tallawahs,ADS Fletcher,J Charles,KOK Williams,1,0,,,,,,,,,
994681,2016,2016-07-30,Central Broward Regional Park Stadium Turf Ground,1,1.2,St Lucia Zouks,Jamaica Tallawahs,J Charles,ADS Fletcher,KOK Williams,1,0,,,,,,,,,
994681,2016,2016-07-30,Central Broward Regional Park Stadium Turf Ground,1,1.3,St Lucia Zouks,Jamaica Tallawahs,ADS Fletcher,J Charles,KOK Williams,4,0,,,,,,,,,
994681,2016,2016-07-30,Central Broward Regional Park Stadium Turf Ground,1,1.4,St Lucia Zouks,Jamaica Tallawahs,ADS Fletcher,J Charles,KOK Williams,1,0,,,,,,,,,
994681,2016,2016-07-30,Central Broward Regional Park Stadium Turf Ground,1,1.5,St Lucia Zouks,Jamaica Tallawahs,J Charles,ADS Fletcher,KOK Williams,0,0,,,,,,,,,
994681,2016,2016-07-30,Central Broward Regional Park Stadium Turf Ground,1,1.6,St Lucia Zouks,Jamaica Tallawahs,J Charles,ADS Fletcher,KOK Williams,0,0,,,,,,,,,
994681,2016,2016-07-30,Central Broward Regional Park Stadium Turf Ground,1,2.1,St Lucia Zouks,Jamaica Tallawahs,ADS Fletcher,J Charles,AD Russell,4,0,,,,,,,,,
994681,2016,2016-07-30,Central Broward Regional Park Stadium Turf Ground,1,2.2,St Lucia Zouks,Jamaica Tallawahs,ADS Fletcher,J Charles,AD Russell,1,0,,,,,,,,,
994681,2016,2016-07-30,Central Broward Regional Park Stadium Turf Ground,1,2.3,St Lucia Zouks,Jamaica Tallawahs,J Charles,ADS Fletcher,AD Russell,4,0,,,,,,,,,
994681,2016,2016-07-30,Central Broward Regional Park Stadium Turf Ground,1,2.4,St Lucia Zouks,Jamaica Tallawahs,J Charles,ADS Fletcher,AD Russell,3,0,,,,,,,,,
994681,2016,2016-07-30,Central Broward Regional Park Stadium Turf Ground,1,2.5,St Lucia Zouks,Jamaica Tallawahs,ADS Fletcher,J Charles,AD Russell,1,0,,,,,,,,,
994681,2016,2016-07-30,Central Broward Regional Park Stadium Turf Ground,1,2.6,St Lucia Zouks,Jamaica Tallawahs,J Charles,ADS Fletcher,AD Russell,1,0,,,,,,,,,
994681,2016,2016-07-30,Central Broward Regional Park Stadium Turf Ground,1,3.1,St Lucia Zouks,Jamaica Tallawahs,J Charles,ADS Fletcher,Imad Wasim,4,0,,,,,,,,,
994681,2016,2016-07-30,Central Broward Regional Park Stadium Turf Ground,1,3.2,St Lucia Zouks,Jamaica Tallawahs,J Charles,ADS Fletcher,Imad Wasim,0,0,,,,,,,,,
994681,2016,2016-07-30,Central Broward Regional Park Stadium Turf Ground,1,3.3,St Lucia Zouks,Jamaica Tallawahs,J Charles,ADS Fletcher,Imad Wasim,4,0,,,,,,,,,
994681,2016,2016-07-30,Central Broward Regional Park Stadium Turf Ground,1,3.4,St Lucia Zouks,Jamaica Tallawahs,J Charles,ADS Fletcher,Imad Wasim,0,0,,,,,,,,,
994681,2016,2016-07-30,Central Broward Regional Park Stadium Turf Ground,1,3.5,St Lucia Zouks,Jamaica Tallawahs,J Charles,ADS Fletcher,Imad Wasim,2,0,,,,,,,,,
994681,2016,2016-07-30,Central Broward Regional Park Stadium Turf Ground,1,3.6,St Lucia Zouks,Jamaica Tallawahs,J Charles,ADS Fletcher,Imad Wasim,0,0,,,,,,,,,
994681,2016,2016-07-30,Central Broward Regional Park Stadium Turf Ground,1,4.1,St Lucia Zouks,Jamaica Tallawahs,ADS Fletcher,J Charles,KOK Williams,0,0,,,,,,,,,
994681,2016,2016-07-30,Central Broward Regional Park Stadium Turf Ground,1,4.2,St Lucia Zouks,Jamaica Tallawahs,ADS Fletcher,J Charles,KOK Williams,1,0,,,,,,,,,
994681,2016,2016-07-30,Central Broward Regional Park Stadium Turf Ground,1,4.3,St Lucia Zouks,Jamaica Tallawahs,J Charles,ADS Fletcher,KOK Williams,0,0,,,,,,,,,
994681,2016,2016-07-30,Central Broward Regional Park Stadium Turf Ground,1,4.4,St Lucia Zouks,Jamaica Tallawahs,J Charles,ADS Fletcher,KOK Williams,6,0,,,,,,,,,
994681,2016,2016-07-30,Central Broward Regional Park Stadium Turf Ground,1,4.5,St Lucia Zouks,Jamaica Tallawahs,J Charles,ADS Fletcher,KOK Williams,1,0,,,,,,,,,
994681,2016,2016-07-30,Central Broward Regional Park Stadium Turf Ground,1,4.6,St Lucia Zouks,Jamaica Tallawahs,ADS Fletcher,J Charles,KOK Williams,0,0,,,,,,,,,
994681,2016,2016-07-30,Central Broward Regional Park Stadium Turf Ground,1,5.1,St Lucia Zouks,Jamaica Tallawahs,J Charles,ADS Fletcher,Imad Wasim,4,0,,,,,,,,,
994681,2016,2016-07-30,Central Broward Regional Park Stadium Turf Ground,1,5.2,St Lucia Zouks,Jamaica Tallawahs,J Charles,ADS Fletcher,Imad Wasim,0,0,,,,,,,,,
994681,2016,2016-07-30,Central Broward Regional Park Stadium Turf Ground,1,5.3,St Lucia Zouks,Jamaica Tallawahs,J Charles,ADS Fletcher,Imad Wasim,2,0,,,,,,,,,
994681,2016,2016-07-30,Central Broward Regional Park Stadium Turf Ground,1,5.4,St Lucia Zouks,Jamaica Tallawahs,J Charles,ADS Fletcher,Imad Wasim,0,0,,,,,,,,,
994681,2016,2016-07-30,Central Broward Regional Park Stadium Turf Ground,1,5.5,St Lucia Zouks,Jamaica Tallawahs,J Charles,ADS Fletcher,Imad Wasim,4,0,,,,,,,,,
994681,2016,2016-07-30,Central Broward Regional Park Stadium Turf Ground,1,5.6,St Lucia Zouks,Jamaica Tallawahs,J Charles,ADS Fletcher,Imad Wasim,4,0,,,,,,,,,
994681,2016,2016-07-30,Central Broward Regional Park Stadium Turf Ground,1,6.1,St Lucia Zouks,Jamaica Tallawahs,ADS Fletcher,J Charles,R Powell,1,0,,,,,,,,,
994681,2016,2016-07-30,Central Broward Regional Park Stadium Turf Ground,1,6.2,St Lucia Zouks,Jamaica Tallawahs,J Charles,ADS Fletcher,R Powell,0,1,1,,,,,,,,
994681,2016,2016-07-30,Central Broward Regional Park Stadium Turf Ground,1,6.3,St Lucia Zouks,Jamaica Tallawahs,J Charles,ADS Fletcher,R Powell,1,0,,,,,,,,,
994681,2016,2016-07-30,Central Broward Regional Park Stadium Turf Ground,1,6.4,St Lucia Zouks,Jamaica Tallawahs,ADS Fletcher,J Charles,R Powell,6,0,,,,,,,,,
994681,2016,2016-07-30,Central Broward Regional Park Stadium Turf Ground,1,6.5,St Lucia Zouks,Jamaica Tallawahs,ADS Fletcher,J Charles,R Powell,1,0,,,,,,,,,
994681,2016,2016-07-30,Central Broward Regional Park Stadium Turf Ground,1,6.6,St Lucia Zouks,Jamaica Tallawahs,J Charles,ADS Fletcher,R Powell,0,1,1,,,,,,,,
994681,2016,2016-07-30,Central Broward Regional Park Stadium Turf Ground,1,6.7,St Lucia Zouks,Jamaica Tallawahs,J Charles,ADS Fletcher,R Powell,0,0,,,,,,,,,
994681,2016,2016-07-30,Central Broward Regional Park Stadium Turf Ground,1,6.8,St Lucia Zouks,Jamaica Tallawahs,J Charles,ADS Fletcher,R Powell,2,0,,,,,,,,,
994681,2016,2016-07-30,Central Broward Regional Park Stadium Turf Ground,1,7.1,St Lucia Zouks,Jamaica Tallawahs,ADS Fletcher,J Charles,Shakib Al Hasan,1,0,,,,,,,,,
994681,2016,2016-07-30,Central Broward Regional Park Stadium Turf Ground,1,7.2,St Lucia Zouks,Jamaica Tallawahs,J Charles,ADS Fletcher,Shakib Al Hasan,1,0,,,,,,,,,
994681,2016,2016-07-30,Central Broward Regional Park Stadium Turf Ground,1,7.3,St Lucia Zouks,Jamaica Tallawahs,ADS Fletcher,J Charles,Shakib Al Hasan,0,0,,,,,,,,,
994681,2016,2016-07-30,Central Broward Regional Park Stadium Turf Ground,1,7.4,St Lucia Zouks,Jamaica Tallawahs,ADS Fletcher,J Charles,Shakib Al Hasan,1,0,,,,,,,,,
994681,2016,2016-07-30,Central Broward Regional Park Stadium Turf Ground,1,7.5,St Lucia Zouks,Jamaica Tallawahs,J Charles,ADS Fletcher,Shakib Al Hasan,1,0,,,,,,,,,
994681,2016,2016-07-30,Central Broward Regional Park Stadium Turf Ground,1,7.6,St Lucia Zouks,Jamaica Tallawahs,ADS Fletcher,J Charles,Shakib Al Hasan,0,0,,,,,,,,,
994681,2016,2016-07-30,Central Broward Regional Park Stadium Turf Ground,1,8.1,St Lucia Zouks,Jamaica Tallawahs,J Charles,ADS Fletcher,R Powell,0,1,1,,,,,,,,
994681,2016,2016-07-30,Central Broward Regional Park Stadium Turf Ground,1,8.2,St Lucia Zouks,Jamaica Tallawahs,J Charles,ADS Fletcher,R Powell,4,0,,,,,,,,,
994681,2016,2016-07-30,Central Broward Regional Park Stadium Turf Ground,1,8.3,St Lucia Zouks,Jamaica Tallawahs,J Charles,ADS Fletcher,R Powell,1,0,,,,,,,,,
994681,2016,2016-07-30,Central Broward Regional Park Stadium Turf Ground,1,8.4,St Lucia Zouks,Jamaica Tallawahs,ADS Fletcher,J Charles,R Powell,1,0,,,,,,,,,
994681,2016,2016-07-30,Central Broward Regional Park Stadium Turf Ground,1,8.5,St Lucia Zouks,Jamaica Tallawahs,J Charles,ADS Fletcher,R Powell,0,0,,,,,,,,,
994681,2016,2016-07-30,Central Broward Regional Park Stadium Turf Ground,1,8.6,St Lucia Zouks,Jamaica Tallawahs,J Charles,ADS Fletcher,R Powell,1,0,,,,,,,,,
994681,2016,2016-07-30,Central Broward Regional Park Stadium Turf Ground,1,8.7,St Lucia Zouks,Jamaica Tallawahs,ADS Fletcher,J Charles,R Powell,2,0,,,,,,,,,
994681,2016,2016-07-30,Central Broward Regional Park Stadium Turf Ground,1,9.1,St Lucia Zouks,Jamaica Tallawahs,J Charles,ADS Fletcher,Shakib Al Hasan,2,0,,,,,,,,,
994681,2016,2016-07-30,Central Broward Regional Park Stadium Turf Ground,1,9.2,St Lucia Zouks,Jamaica Tallawahs,J Charles,ADS Fletcher,Shakib Al Hasan,0,0,,,,,,,,,
994681,2016,2016-07-30,Central Broward Regional Park Stadium Turf Ground,1,9.3,St Lucia Zouks,Jamaica Tallawahs,J Charles,ADS Fletcher,Shakib Al Hasan,0,0,,,,,,caught,J Charles,,
994681,2016,2016-07-30,Central Broward Regional Park Stadium Turf Ground,1,9.4,St Lucia Zouks,Jamaica Tallawahs,SR Watson,ADS Fletcher,Shakib Al Hasan,0,0,,,,,,,,,
994681,2016,2016-07-30,Central Broward Regional Park Stadium Turf Ground,1,9.5,St Lucia Zouks,Jamaica Tallawahs,SR Watson,ADS Fletcher,Shakib Al Hasan,0,0,,,,,,,,,
994681,2016,2016-07-30,Central Broward Regional Park Stadium Turf Ground,1,9.6,St Lucia Zouks,Jamaica Tallawahs,SR Watson,ADS Fletcher,Shakib Al Hasan,1,0,,,,,,,,,
994681,2016,2016-07-30,Central Broward Regional Park Stadium Turf Ground,1,10.1,St Lucia Zouks,Jamaica Tallawahs,SR Watson,ADS Fletcher,Imad Wasim,0,0,,,,,,,,,
994681,2016,2016-07-30,Central Broward Regional Park Stadium Turf Ground,1,10.2,St Lucia Zouks,Jamaica Tallawahs,SR Watson,ADS Fletcher,Imad Wasim,1,0,,,,,,,,,
994681,2016,2016-07-30,Central Broward Regional Park Stadium Turf Ground,1,10.3,St Lucia Zouks,Jamaica Tallawahs,ADS Fletcher,SR Watson,Imad Wasim,0,0,,,,,,,,,
994681,2016,2016-07-30,Central Broward Regional Park Stadium Turf Ground,1,10.4,St Lucia Zouks,Jamaica Tallawahs,ADS Fletcher,SR Watson,Imad Wasim,2,0,,,,,,,,,
994681,2016,2016-07-30,Central Broward Regional Park Stadium Turf Ground,1,10.5,St Lucia Zouks,Jamaica Tallawahs,ADS Fletcher,SR Watson,Imad Wasim,0,0,,,,,,,,,
994681,2016,2016-07-30,Central Broward Regional Park Stadium Turf Ground,1,10.6,St Lucia Zouks,Jamaica Tallawahs,ADS Fletcher,SR Watson,Imad Wasim,0,1,1,,,,,,,,
994681,2016,2016-07-30,Central Broward Regional Park Stadium Turf Ground,1,10.7,St Lucia Zouks,Jamaica Tallawahs,ADS Fletcher,SR Watson,Imad Wasim,1,0,,,,,,,,,
994681,2016,2016-07-30,Central Broward Regional Park Stadium Turf Ground,1,11.1,St Lucia Zouks,Jamaica Tallawahs,ADS Fletcher,SR Watson,Shakib Al Hasan,0,1,1,,,,,,,,
994681,2016,2016-07-30,Central Broward Regional Park Stadium Turf Ground,1,11.2,St Lucia Zouks,Jamaica Tallawahs,ADS Fletcher,SR Watson,Shakib Al Hasan,1,0,,,,,,,,,
994681,2016,2016-07-30,Central Broward Regional Park Stadium Turf Ground,1,11.3,St Lucia Zouks,Jamaica Tallawahs,SR Watson,ADS Fletcher,Shakib Al Hasan,0,0,,,,,,,,,
994681,2016,2016-07-30,Central Broward Regional Park Stadium Turf Ground,1,11.4,St Lucia Zouks,Jamaica Tallawahs,SR Watson,ADS Fletcher,Shakib Al Hasan,1,0,,,,,,,,,
994681,2016,2016-07-30,Central Broward Regional Park Stadium Turf Ground,1,11.5,St Lucia Zouks,Jamaica Tallawahs,ADS Fletcher,SR Watson,Shakib Al Hasan,0,0,,,,,,,,,
994681,2016,2016-07-30,Central Broward Regional Park Stadium Turf Ground,1,11.6,St Lucia Zouks,Jamaica Tallawahs,ADS Fletcher,SR Watson,Shakib Al Hasan,2,0,,,,,,,,,
994681,2016,2016-07-30,Central Broward Regional Park Stadium Turf Ground,1,11.7,St Lucia Zouks,Jamaica Tallawahs,ADS Fletcher,SR Watson,Shakib Al Hasan,1,0,,,,,,,,,
994681,2016,2016-07-30,Central Broward Regional Park Stadium Turf Ground,1,12.1,St Lucia Zouks,Jamaica Tallawahs,ADS Fletcher,SR Watson,AD Russell,1,0,,,,,,,,,
994681,2016,2016-07-30,Central Broward Regional Park Stadium Turf Ground,1,12.2,St Lucia Zouks,Jamaica Tallawahs,SR Watson,ADS Fletcher,AD Russell,1,0,,,,,,,,,
994681,2016,2016-07-30,Central Broward Regional Park Stadium Turf Ground,1,12.3,St Lucia Zouks,Jamaica Tallawahs,ADS Fletcher,SR Watson,AD Russell,1,0,,,,,,,,,
994681,2016,2016-07-30,Central Broward Regional Park Stadium Turf Ground,1,12.4,St Lucia Zouks,Jamaica Tallawahs,SR Watson,ADS Fletcher,AD Russell,6,0,,,,,,,,,
994681,2016,2016-07-30,Central Broward Regional Park Stadium Turf Ground,1,12.5,St Lucia Zouks,Jamaica Tallawahs,SR Watson,ADS Fletcher,AD Russell,4,0,,,,,,,,,
994681,2016,2016-07-30,Central Broward Regional Park Stadium Turf Ground,1,12.6,St Lucia Zouks,Jamaica Tallawahs,SR Watson,ADS Fletcher,AD Russell,6,0,,,,,,,,,
994681,2016,2016-07-30,Central Broward Regional Park Stadium Turf Ground,1,13.1,St Lucia Zouks,Jamaica Tallawahs,ADS Fletcher,SR Watson,Shakib Al Hasan,1,0,,,,,,,,,
994681,2016,2016-07-30,Central Broward Regional Park Stadium Turf Ground,1,13.2,St Lucia Zouks,Jamaica Tallawahs,SR Watson,ADS Fletcher,Shakib Al Hasan,0,1,1,,,,,,,,
994681,2016,2016-07-30,Central Broward Regional Park Stadium Turf Ground,1,13.3,St Lucia Zouks,Jamaica Tallawahs,SR Watson,ADS Fletcher,Shakib Al Hasan,1,0,,,,,,,,,
994681,2016,2016-07-30,Central Broward Regional Park Stadium Turf Ground,1,13.4,St Lucia Zouks,Jamaica Tallawahs,ADS Fletcher,SR Watson,Shakib Al Hasan,1,0,,,,,,,,,
994681,2016,2016-07-30,Central Broward Regional Park Stadium Turf Ground,1,13.5,St Lucia Zouks,Jamaica Tallawahs,SR Watson,ADS Fletcher,Shakib Al Hasan,0,0,,,,,,,,,
994681,2016,2016-07-30,Central Broward Regional Park Stadium Turf Ground,1,13.6,St Lucia Zouks,Jamaica Tallawahs,SR Watson,ADS Fletcher,Shakib Al Hasan,2,0,,,,,,,,,
994681,2016,2016-07-30,Central Broward Regional Park Stadium Turf Ground,1,13.7,St Lucia Zouks,Jamaica Tallawahs,SR Watson,ADS Fletcher,Shakib Al Hasan,6,0,,,,,,,,,
994681,2016,2016-07-30,Central Broward Regional Park Stadium Turf Ground,1,14.1,St Lucia Zouks,Jamaica Tallawahs,ADS Fletcher,SR Watson,R Powell,1,0,,,,,,,,,
994681,2016,2016-07-30,Central Broward Regional Park Stadium Turf Ground,1,14.2,St Lucia Zouks,Jamaica Tallawahs,SR Watson,ADS Fletcher,R Powell,6,0,,,,,,,,,
994681,2016,2016-07-30,Central Broward Regional Park Stadium Turf Ground,1,14.3,St Lucia Zouks,Jamaica Tallawahs,SR Watson,ADS Fletcher,R Powell,1,0,,,,,,,,,
994681,2016,2016-07-30,Central Broward Regional Park Stadium Turf Ground,1,14.4,St Lucia Zouks,Jamaica Tallawahs,ADS Fletcher,SR Watson,R Powell,1,0,,,,,,,,,
994681,2016,2016-07-30,Central Broward Regional Park Stadium Turf Ground,1,14.5,St Lucia Zouks,Jamaica Tallawahs,SR Watson,ADS Fletcher,R Powell,6,0,,,,,,,,,
994681,2016,2016-07-30,Central Broward Regional Park Stadium Turf Ground,1,14.6,St Lucia Zouks,Jamaica Tallawahs,SR Watson,ADS Fletcher,R Powell,1,0,,,,,,,,,
994681,2016,2016-07-30,Central Broward Regional Park Stadium Turf Ground,1,15.1,St Lucia Zouks,Jamaica Tallawahs,SR Watson,ADS Fletcher,KOK Williams,0,0,,,,,,caught,SR Watson,,
994681,2016,2016-07-30,Central Broward Regional Park Stadium Turf Ground,1,15.2,St Lucia Zouks,Jamaica Tallawahs,DA Miller,ADS Fletcher,KOK Williams,1,0,,,,,,,,,
994681,2016,2016-07-30,Central Broward Regional Park Stadium Turf Ground,1,15.3,St Lucia Zouks,Jamaica Tallawahs,ADS Fletcher,DA Miller,KOK Williams,1,0,,,,,,,,,
994681,2016,2016-07-30,Central Broward Regional Park Stadium Turf Ground,1,15.4,St Lucia Zouks,Jamaica Tallawahs,DA Miller,ADS Fletcher,KOK Williams,1,0,,,,,,,,,
994681,2016,2016-07-30,Central Broward Regional Park Stadium Turf Ground,1,15.5,St Lucia Zouks,Jamaica Tallawahs,ADS Fletcher,DA Miller,KOK Williams,2,0,,,,,,,,,
994681,2016,2016-07-30,Central Broward Regional Park Stadium Turf Ground,1,15.6,St Lucia Zouks,Jamaica Tallawahs,ADS Fletcher,DA Miller,KOK Williams,4,0,,,,,,,,,
994681,2016,2016-07-30,Central Broward Regional Park Stadium Turf Ground,1,16.1,St Lucia Zouks,Jamaica Tallawahs,DA Miller,ADS Fletcher,AD Russell,4,0,,,,,,,,,
994681,2016,2016-07-30,Central Broward Regional Park Stadium Turf Ground,1,16.2,St Lucia Zouks,Jamaica Tallawahs,DA Miller,ADS Fletcher,AD Russell,1,0,,,,,,,,,
994681,2016,2016-07-30,Central Broward Regional Park Stadium Turf Ground,1,16.3,St Lucia Zouks,Jamaica Tallawahs,ADS Fletcher,DA Miller,AD Russell,6,0,,,,,,,,,
994681,2016,2016-07-30,Central Broward Regional Park Stadium Turf Ground,1,16.4,St Lucia Zouks,Jamaica Tallawahs,ADS Fletcher,DA Miller,AD Russell,0,0,,,,,,,,,
994681,2016,2016-07-30,Central Broward Regional Park Stadium Turf Ground,1,16.5,St Lucia Zouks,Jamaica Tallawahs,ADS Fletcher,DA Miller,AD Russell,0,0,,,,,,,,,
994681,2016,2016-07-30,Central Broward Regional Park Stadium Turf Ground,1,16.6,St Lucia Zouks,Jamaica Tallawahs,ADS Fletcher,DA Miller,AD Russell,4,0,,,,,,,,,
994681,2016,2016-07-30,Central Broward Regional Park Stadium Turf Ground,1,17.1,St Lucia Zouks,Jamaica Tallawahs,DA Miller,ADS Fletcher,JL Jaggesar,1,0,,,,,,,,,
994681,2016,2016-07-30,Central Broward Regional Park Stadium Turf Ground,1,17.2,St Lucia Zouks,Jamaica Tallawahs,ADS Fletcher,DA Miller,JL Jaggesar,1,0,,,,,,,,,
994681,2016,2016-07-30,Central Broward Regional Park Stadium Turf Ground,1,17.3,St Lucia Zouks,Jamaica Tallawahs,DA Miller,ADS Fletcher,JL Jaggesar,1,0,,,,,,,,,
994681,2016,2016-07-30,Central Broward Regional Park Stadium Turf Ground,1,17.4,St Lucia Zouks,Jamaica Tallawahs,ADS Fletcher,DA Miller,JL Jaggesar,6,0,,,,,,,,,
994681,2016,2016-07-30,Central Broward Regional Park Stadium Turf Ground,1,17.5,St Lucia Zouks,Jamaica Tallawahs,ADS Fletcher,DA Miller,JL Jaggesar,1,0,,,,,,,,,
994681,2016,2016-07-30,Central Broward Regional Park Stadium Turf Ground,1,17.6,St Lucia Zouks,Jamaica Tallawahs,DA Miller,ADS Fletcher,JL Jaggesar,4,0,,,,,,,,,
994681,2016,2016-07-30,Central Broward Regional Park Stadium Turf Ground,1,18.1,St Lucia Zouks,Jamaica Tallawahs,ADS Fletcher,DA Miller,KOK Williams,1,0,,,,,,,,,
994681,2016,2016-07-30,Central Broward Regional Park Stadium Turf Ground,1,18.2,St Lucia Zouks,Jamaica Tallawahs,DA Miller,ADS Fletcher,KOK Williams,0,0,,,,,,caught,DA Miller,,
994681,2016,2016-07-30,Central Broward Regional Park Stadium Turf Ground,1,18.3,St Lucia Zouks,Jamaica Tallawahs,DJG Sammy,ADS Fletcher,KOK Williams,0,0,,,,,,,,,
994681,2016,2016-07-30,Central Broward Regional Park Stadium Turf Ground,1,18.4,St Lucia Zouks,Jamaica Tallawahs,DJG Sammy,ADS Fletcher,KOK Williams,2,0,,,,,,,,,
994681,2016,2016-07-30,Central Broward Regional Park Stadium Turf Ground,1,18.5,St Lucia Zouks,Jamaica Tallawahs,DJG Sammy,ADS Fletcher,KOK Williams,1,0,,,,,,,,,
994681,2016,2016-07-30,Central Broward Regional Park Stadium Turf Ground,1,18.6,St Lucia Zouks,Jamaica Tallawahs,ADS Fletcher,DJG Sammy,KOK Williams,0,0,,,,,,,,,
994681,2016,2016-07-30,Central Broward Regional Park Stadium Turf Ground,1,19.1,St Lucia Zouks,Jamaica Tallawahs,DJG Sammy,ADS Fletcher,AD Russell,6,0,,,,,,,,,
994681,2016,2016-07-30,Central Broward Regional Park Stadium Turf Ground,1,19.2,St Lucia Zouks,Jamaica Tallawahs,DJG Sammy,ADS Fletcher,AD Russell,1,0,,,,,,,,,
994681,2016,2016-07-30,Central Broward Regional Park Stadium Turf Ground,1,19.3,St Lucia Zouks,Jamaica Tallawahs,ADS Fletcher,DJG Sammy,AD Russell,1,0,,,,,,,,,
994681,2016,2016-07-30,Central Broward Regional Park Stadium Turf Ground,1,19.4,St Lucia Zouks,Jamaica Tallawahs,DJG Sammy,ADS Fletcher,AD Russell,1,0,,,,,,,,,
994681,2016,2016-07-30,Central Broward Regional Park Stadium Turf Ground,1,19.5,St Lucia Zouks,Jamaica Tallawahs,ADS Fletcher,DJG Sammy,AD Russell,6,0,,,,,,,,,
994681,2016,2016-07-30,Central Broward Regional Park Stadium Turf Ground,1,19.6,St Lucia Zouks,Jamaica Tallawahs,ADS Fletcher,DJG Sammy,AD Russell,1,0,,,,,,,,,
994681,2016,2016-07-30,Central Broward Regional Park Stadium Turf Ground,2,0.1,Jamaica Tallawahs,St Lucia Zouks,CAK Walton,CH Gayle,JE Taylor,0,0,,,,,,,,,
994681,2016,2016-07-30,Central Broward Regional Park Stadium Turf Ground,2,0.2,Jamaica Tallawahs,St Lucia Zouks,CAK Walton,CH Gayle,JE Taylor,4,0,,,,,,,,,
994681,2016,2016-07-30,Central Broward Regional Park Stadium Turf Ground,2,0.3,Jamaica Tallawahs,St Lucia Zouks,CAK Walton,CH Gayle,JE Taylor,0,1,,,,1,,,,,
994681,2016,2016-07-30,Central Broward Regional Park Stadium Turf Ground,2,0.4,Jamaica Tallawahs,St Lucia Zouks,CH Gayle,CAK Walton,JE Taylor,1,0,,,,,,,,,
994681,2016,2016-07-30,Central Broward Regional Park Stadium Turf Ground,2,0.5,Jamaica Tallawahs,St Lucia Zouks,CAK Walton,CH Gayle,JE Taylor,2,0,,,,,,,,,
994681,2016,2016-07-30,Central Broward Regional Park Stadium Turf Ground,2,0.6,Jamaica Tallawahs,St Lucia Zouks,CAK Walton,CH Gayle,JE Taylor,1,0,,,,,,,,,
994681,2016,2016-07-30,Central Broward Regional Park Stadium Turf Ground,2,1.1,Jamaica Tallawahs,St Lucia Zouks,CAK Walton,CH Gayle,DE Johnson,1,0,,,,,,,,,
994681,2016,2016-07-30,Central Broward Regional Park Stadium Turf Ground,2,1.2,Jamaica Tallawahs,St Lucia Zouks,CH Gayle,CAK Walton,DE Johnson,0,0,,,,,,,,,
994681,2016,2016-07-30,Central Broward Regional Park Stadium Turf Ground,2,1.3,Jamaica Tallawahs,St Lucia Zouks,CH Gayle,CAK Walton,DE Johnson,0,0,,,,,,,,,
994681,2016,2016-07-30,Central Broward Regional Park Stadium Turf Ground,2,1.4,Jamaica Tallawahs,St Lucia Zouks,CH Gayle,CAK Walton,DE Johnson,6,0,,,,,,,,,
994681,2016,2016-07-30,Central Broward Regional Park Stadium Turf Ground,2,1.5,Jamaica Tallawahs,St Lucia Zouks,CH Gayle,CAK Walton,DE Johnson,6,0,,,,,,,,,
994681,2016,2016-07-30,Central Broward Regional Park Stadium Turf Ground,2,1.6,Jamaica Tallawahs,St Lucia Zouks,CH Gayle,CAK Walton,DE Johnson,0,0,,,,,,caught,CH Gayle,,
994681,2016,2016-07-30,Central Broward Regional Park Stadium Turf Ground,2,2.1,Jamaica Tallawahs,St Lucia Zouks,CAK Walton,KC Sangakkara,JE Taylor,4,0,,,,,,,,,
994681,2016,2016-07-30,Central Broward Regional Park Stadium Turf Ground,2,2.2,Jamaica Tallawahs,St Lucia Zouks,CAK Walton,KC Sangakkara,JE Taylor,0,0,,,,,,,,,
994681,2016,2016-07-30,Central Broward Regional Park Stadium Turf Ground,2,2.3,Jamaica Tallawahs,St Lucia Zouks,CAK Walton,KC Sangakkara,JE Taylor,0,0,,,,,,,,,
994681,2016,2016-07-30,Central Broward Regional Park Stadium Turf Ground,2,2.4,Jamaica Tallawahs,St Lucia Zouks,CAK Walton,KC Sangakkara,JE Taylor,4,0,,,,,,,,,
994681,2016,2016-07-30,Central Broward Regional Park Stadium Turf Ground,2,2.5,Jamaica Tallawahs,St Lucia Zouks,CAK Walton,KC Sangakkara,JE Taylor,0,0,,,,,,,,,
994681,2016,2016-07-30,Central Broward Regional Park Stadium Turf Ground,2,2.6,Jamaica Tallawahs,St Lucia Zouks,CAK Walton,KC Sangakkara,JE Taylor,0,0,,,,,,,,,
994681,2016,2016-07-30,Central Broward Regional Park Stadium Turf Ground,2,3.1,Jamaica Tallawahs,St Lucia Zouks,KC Sangakkara,CAK Walton,DE Johnson,4,0,,,,,,,,,
994681,2016,2016-07-30,Central Broward Regional Park Stadium Turf Ground,2,3.2,Jamaica Tallawahs,St Lucia Zouks,KC Sangakkara,CAK Walton,DE Johnson,1,0,,,,,,,,,
994681,2016,2016-07-30,Central Broward Regional Park Stadium Turf Ground,2,3.3,Jamaica Tallawahs,St Lucia Zouks,CAK Walton,KC Sangakkara,DE Johnson,0,0,,,,,,,,,
994681,2016,2016-07-30,Central Broward Regional Park Stadium Turf Ground,2,3.4,Jamaica Tallawahs,St Lucia Zouks,CAK Walton,KC Sangakkara,DE Johnson,0,0,,,,,,,,,
994681,2016,2016-07-30,Central Broward Regional Park Stadium Turf Ground,2,3.5,Jamaica Tallawahs,St Lucia Zouks,CAK Walton,KC Sangakkara,DE Johnson,4,0,,,,,,,,,
994681,2016,2016-07-30,Central Broward Regional Park Stadium Turf Ground,2,3.6,Jamaica Tallawahs,St Lucia Zouks,CAK Walton,KC Sangakkara,DE Johnson,1,0,,,,,,,,,
994681,2016,2016-07-30,Central Broward Regional Park Stadium Turf Ground,2,4.1,Jamaica Tallawahs,St Lucia Zouks,CAK Walton,KC Sangakkara,SR Watson,0,0,,,,,,,,,
994681,2016,2016-07-30,Central Broward Regional Park Stadium Turf Ground,2,4.2,Jamaica Tallawahs,St Lucia Zouks,CAK Walton,KC Sangakkara,SR Watson,1,0,,,,,,,,,
994681,2016,2016-07-30,Central Broward Regional Park Stadium Turf Ground,2,4.3,Jamaica Tallawahs,St Lucia Zouks,KC Sangakkara,CAK Walton,SR Watson,0,0,,,,,,,,,
994681,2016,2016-07-30,Central Broward Regional Park Stadium Turf Ground,2,4.4,Jamaica Tallawahs,St Lucia Zouks,KC Sangakkara,CAK Walton,SR Watson,0,1,1,,,,,,,,
994681,2016,2016-07-30,Central Broward Regional Park Stadium Turf Ground,2,4.5,Jamaica Tallawahs,St Lucia Zouks,KC Sangakkara,CAK Walton,SR Watson,0,1,1,,,,,,,,
994681,2016,2016-07-30,Central Broward Regional Park Stadium Turf Ground,2,4.6,Jamaica Tallawahs,St Lucia Zouks,KC Sangakkara,CAK Walton,SR Watson,4,0,,,,,,,,,
994681,2016,2016-07-30,Central Broward Regional Park Stadium Turf Ground,2,4.7,Jamaica Tallawahs,St Lucia Zouks,KC Sangakkara,CAK Walton,SR Watson,4,0,,,,,,,,,
994681,2016,2016-07-30,Central Broward Regional Park Stadium Turf Ground,2,4.8,Jamaica Tallawahs,St Lucia Zouks,KC Sangakkara,CAK Walton,SR Watson,2,0,,,,,,,,,
994681,2016,2016-07-30,Central Broward Regional Park Stadium Turf Ground,2,5.1,Jamaica Tallawahs,St Lucia Zouks,CAK Walton,KC Sangakkara,S Shillingford,1,0,,,,,,,,,
994681,2016,2016-07-30,Central Broward Regional Park Stadium Turf Ground,2,5.2,Jamaica Tallawahs,St Lucia Zouks,KC Sangakkara,CAK Walton,S Shillingford,0,0,,,,,,,,,
994681,2016,2016-07-30,Central Broward Regional Park Stadium Turf Ground,2,5.3,Jamaica Tallawahs,St Lucia Zouks,KC Sangakkara,CAK Walton,S Shillingford,3,0,,,,,,,,,
994681,2016,2016-07-30,Central Broward Regional Park Stadium Turf Ground,2,5.4,Jamaica Tallawahs,St Lucia Zouks,CAK Walton,KC Sangakkara,S Shillingford,0,0,,,,,,run out,KC Sangakkara,,
994681,2016,2016-07-30,Central Broward Regional Park Stadium Turf Ground,2,5.5,Jamaica Tallawahs,St Lucia Zouks,CAK Walton,R Powell,S Shillingford,0,0,,,,,,,,,
994681,2016,2016-07-30,Central Broward Regional Park Stadium Turf Ground,2,5.6,Jamaica Tallawahs,St Lucia Zouks,CAK Walton,R Powell,S Shillingford,0,0,,,,,,,,,
994681,2016,2016-07-30,Central Broward Regional Park Stadium Turf Ground,2,6.1,Jamaica Tallawahs,St Lucia Zouks,R Powell,CAK Walton,SR Watson,0,0,,,,,,,,,
994681,2016,2016-07-30,Central Broward Regional Park Stadium Turf Ground,2,6.2,Jamaica Tallawahs,St Lucia Zouks,R Powell,CAK Walton,SR Watson,1,0,,,,,,,,,
994681,2016,2016-07-30,Central Broward Regional Park Stadium Turf Ground,2,6.3,Jamaica Tallawahs,St Lucia Zouks,CAK Walton,R Powell,SR Watson,2,0,,,,,,,,,
994681,2016,2016-07-30,Central Broward Regional Park Stadium Turf Ground,2,6.4,Jamaica Tallawahs,St Lucia Zouks,CAK Walton,R Powell,SR Watson,0,0,,,,,,,,,
994681,2016,2016-07-30,Central Broward Regional Park Stadium Turf Ground,2,6.5,Jamaica Tallawahs,St Lucia Zouks,CAK Walton,R Powell,SR Watson,1,0,,,,,,,,,
994681,2016,2016-07-30,Central Broward Regional Park Stadium Turf Ground,2,6.6,Jamaica Tallawahs,St Lucia Zouks,R Powell,CAK Walton,SR Watson,0,0,,,,,,,,,
994681,2016,2016-07-30,Central Broward Regional Park Stadium Turf Ground,2,7.1,Jamaica Tallawahs,St Lucia Zouks,CAK Walton,R Powell,S Shillingford,0,0,,,,,,,,,
994681,2016,2016-07-30,Central Broward Regional Park Stadium Turf Ground,2,7.2,Jamaica Tallawahs,St Lucia Zouks,CAK Walton,R Powell,S Shillingford,0,0,,,,,,,,,
994681,2016,2016-07-30,Central Broward Regional Park Stadium Turf Ground,2,7.3,Jamaica Tallawahs,St Lucia Zouks,CAK Walton,R Powell,S Shillingford,1,0,,,,,,,,,
994681,2016,2016-07-30,Central Broward Regional Park Stadium Turf Ground,2,7.4,Jamaica Tallawahs,St Lucia Zouks,R Powell,CAK Walton,S Shillingford,0,0,,,,,,,,,
994681,2016,2016-07-30,Central Broward Regional Park Stadium Turf Ground,2,7.5,Jamaica Tallawahs,St Lucia Zouks,R Powell,CAK Walton,S Shillingford,0,0,,,,,,,,,
994681,2016,2016-07-30,Central Broward Regional Park Stadium Turf Ground,2,7.6,Jamaica Tallawahs,St Lucia Zouks,R Powell,CAK Walton,S Shillingford,1,0,,,,,,,,,
994681,2016,2016-07-30,Central Broward Regional Park Stadium Turf Ground,2,8.1,Jamaica Tallawahs,St Lucia Zouks,R Powell,CAK Walton,DJG Sammy,0,0,,,,,,caught and bowled,R Powell,,
994681,2016,2016-07-30,Central Broward Regional Park Stadium Turf Ground,2,8.2,Jamaica Tallawahs,St Lucia Zouks,CAK Walton,AI Ross,DJG Sammy,2,0,,,,,,,,,
994681,2016,2016-07-30,Central Broward Regional Park Stadium Turf Ground,2,8.3,Jamaica Tallawahs,St Lucia Zouks,CAK Walton,AI Ross,DJG Sammy,0,1,1,,,,,,,,
994681,2016,2016-07-30,Central Broward Regional Park Stadium Turf Ground,2,8.4,Jamaica Tallawahs,St Lucia Zouks,CAK Walton,AI Ross,DJG Sammy,4,0,,,,,,,,,
994681,2016,2016-07-30,Central Broward Regional Park Stadium Turf Ground,2,8.5,Jamaica Tallawahs,St Lucia Zouks,CAK Walton,AI Ross,DJG Sammy,0,0,,,,,,,,,
994681,2016,2016-07-30,Central Broward Regional Park Stadium Turf Ground,2,8.6,Jamaica Tallawahs,St Lucia Zouks,CAK Walton,AI Ross,DJG Sammy,4,0,,,,,,,,,
994681,2016,2016-07-30,Central Broward Regional Park Stadium Turf Ground,2,8.7,Jamaica Tallawahs,St Lucia Zouks,CAK Walton,AI Ross,DJG Sammy,0,0,,,,,,,,,
994681,2016,2016-07-30,Central Broward Regional Park Stadium Turf Ground,2,9.1,Jamaica Tallawahs,St Lucia Zouks,AI Ross,CAK Walton,GD Pope,0,0,,,,,,,,,
994681,2016,2016-07-30,Central Broward Regional Park Stadium Turf Ground,2,9.2,Jamaica Tallawahs,St Lucia Zouks,AI Ross,CAK Walton,GD Pope,1,0,,,,,,,,,
994681,2016,2016-07-30,Central Broward Regional Park Stadium Turf Ground,2,9.3,Jamaica Tallawahs,St Lucia Zouks,CAK Walton,AI Ross,GD Pope,2,0,,,,,,,,,
994681,2016,2016-07-30,Central Broward Regional Park Stadium Turf Ground,2,9.4,Jamaica Tallawahs,St Lucia Zouks,CAK Walton,AI Ross,GD Pope,0,0,,,,,,,,,
994681,2016,2016-07-30,Central Broward Regional Park Stadium Turf Ground,2,9.5,Jamaica Tallawahs,St Lucia Zouks,CAK Walton,AI Ross,GD Pope,1,0,,,,,,,,,
994681,2016,2016-07-30,Central Broward Regional Park Stadium Turf Ground,2,9.6,Jamaica Tallawahs,St Lucia Zouks,AI Ross,CAK Walton,GD Pope,2,0,,,,,,,,,
994681,2016,2016-07-30,Central Broward Regional Park Stadium Turf Ground,2,10.1,Jamaica Tallawahs,St Lucia Zouks,CAK Walton,AI Ross,DJG Sammy,1,0,,,,,,,,,
994681,2016,2016-07-30,Central Broward Regional Park Stadium Turf Ground,2,10.2,Jamaica Tallawahs,St Lucia Zouks,AI Ross,CAK Walton,DJG Sammy,0,0,,,,,,,,,
994681,2016,2016-07-30,Central Broward Regional Park Stadium Turf Ground,2,10.3,Jamaica Tallawahs,St Lucia Zouks,AI Ross,CAK Walton,DJG Sammy,1,0,,,,,,,,,
994681,2016,2016-07-30,Central Broward Regional Park Stadium Turf Ground,2,10.4,Jamaica Tallawahs,St Lucia Zouks,CAK Walton,AI Ross,DJG Sammy,2,0,,,,,,,,,
994681,2016,2016-07-30,Central Broward Regional Park Stadium Turf Ground,2,10.5,Jamaica Tallawahs,St Lucia Zouks,CAK Walton,AI Ross,DJG Sammy,1,0,,,,,,,,,
994681,2016,2016-07-30,Central Broward Regional Park Stadium Turf Ground,2,10.6,Jamaica Tallawahs,St Lucia Zouks,AI Ross,CAK Walton,DJG Sammy,1,0,,,,,,,,,
994681,2016,2016-07-30,Central Broward Regional Park Stadium Turf Ground,2,11.1,Jamaica Tallawahs,St Lucia Zouks,AI Ross,CAK Walton,GD Pope,0,0,,,,,,,,,
994681,2016,2016-07-30,Central Broward Regional Park Stadium Turf Ground,2,11.2,Jamaica Tallawahs,St Lucia Zouks,AI Ross,CAK Walton,GD Pope,0,4,,,,4,,,,,
994681,2016,2016-07-30,Central Broward Regional Park Stadium Turf Ground,2,11.3,Jamaica Tallawahs,St Lucia Zouks,AI Ross,CAK Walton,GD Pope,0,0,,,,,,,,,
994681,2016,2016-07-30,Central Broward Regional Park Stadium Turf Ground,2,11.4,Jamaica Tallawahs,St Lucia Zouks,AI Ross,CAK Walton,GD Pope,0,0,,,,,,,,,
994681,2016,2016-07-30,Central Broward Regional Park Stadium Turf Ground,2,11.5,Jamaica Tallawahs,St Lucia Zouks,AI Ross,CAK Walton,GD Pope,2,0,,,,,,,,,
994681,2016,2016-07-30,Central Broward Regional Park Stadium Turf Ground,2,11.6,Jamaica Tallawahs,St Lucia Zouks,AI Ross,CAK Walton,GD Pope,1,0,,,,,,,,,
994681,2016,2016-07-30,Central Broward Regional Park Stadium Turf Ground,2,12.1,Jamaica Tallawahs,St Lucia Zouks,AI Ross,CAK Walton,DJG Sammy,1,0,,,,,,,,,
994681,2016,2016-07-30,Central Broward Regional Park Stadium Turf Ground,2,12.2,Jamaica Tallawahs,St Lucia Zouks,CAK Walton,AI Ross,DJG Sammy,0,0,,,,,,,,,
994681,2016,2016-07-30,Central Broward Regional Park Stadium Turf Ground,2,12.3,Jamaica Tallawahs,St Lucia Zouks,CAK Walton,AI Ross,DJG Sammy,0,0,,,,,,,,,
994681,2016,2016-07-30,Central Broward Regional Park Stadium Turf Ground,2,12.4,Jamaica Tallawahs,St Lucia Zouks,CAK Walton,AI Ross,DJG Sammy,1,0,,,,,,,,,
994681,2016,2016-07-30,Central Broward Regional Park Stadium Turf Ground,2,12.5,Jamaica Tallawahs,St Lucia Zouks,AI Ross,CAK Walton,DJG Sammy,1,0,,,,,,,,,
994681,2016,2016-07-30,Central Broward Regional Park Stadium Turf Ground,2,12.6,Jamaica Tallawahs,St Lucia Zouks,CAK Walton,AI Ross,DJG Sammy,4,0,,,,,,,,,
994681,2016,2016-07-30,Central Broward Regional Park Stadium Turf Ground,2,13.1,Jamaica Tallawahs,St Lucia Zouks,AI Ross,CAK Walton,S Shillingford,0,0,,,,,,,,,
994681,2016,2016-07-30,Central Broward Regional Park Stadium Turf Ground,2,13.2,Jamaica Tallawahs,St Lucia Zouks,AI Ross,CAK Walton,S Shillingford,0,0,,,,,,,,,
994681,2016,2016-07-30,Central Broward Regional Park Stadium Turf Ground,2,13.3,Jamaica Tallawahs,St Lucia Zouks,AI Ross,CAK Walton,S Shillingford,1,0,,,,,,,,,
994681,2016,2016-07-30,Central Broward Regional Park Stadium Turf Ground,2,13.4,Jamaica Tallawahs,St Lucia Zouks,CAK Walton,AI Ross,S Shillingford,0,0,,,,,,,,,
994681,2016,2016-07-30,Central Broward Regional Park Stadium Turf Ground,2,13.5,Jamaica Tallawahs,St Lucia Zouks,CAK Walton,AI Ross,S Shillingford,2,0,,,,,,,,,
994681,2016,2016-07-30,Central Broward Regional Park Stadium Turf Ground,2,13.6,Jamaica Tallawahs,St Lucia Zouks,CAK Walton,AI Ross,S Shillingford,0,0,,,,,,,,,
994681,2016,2016-07-30,Central Broward Regional Park Stadium Turf Ground,2,14.1,Jamaica Tallawahs,St Lucia Zouks,AI Ross,CAK Walton,DE Johnson,1,0,,,,,,,,,
994681,2016,2016-07-30,Central Broward Regional Park Stadium Turf Ground,2,14.2,Jamaica Tallawahs,St Lucia Zouks,CAK Walton,AI Ross,DE Johnson,0,0,,,,,,,,,
994681,2016,2016-07-30,Central Broward Regional Park Stadium Turf Ground,2,14.3,Jamaica Tallawahs,St Lucia Zouks,CAK Walton,AI Ross,DE Johnson,2,0,,,,,,,,,
994681,2016,2016-07-30,Central Broward Regional Park Stadium Turf Ground,2,14.4,Jamaica Tallawahs,St Lucia Zouks,CAK Walton,AI Ross,DE Johnson,1,0,,,,,,,,,
994681,2016,2016-07-30,Central Broward Regional Park Stadium Turf Ground,2,14.5,Jamaica Tallawahs,St Lucia Zouks,AI Ross,CAK Walton,DE Johnson,1,0,,,,,,,,,
994681,2016,2016-07-30,Central Broward Regional Park Stadium Turf Ground,2,14.6,Jamaica Tallawahs,St Lucia Zouks,CAK Walton,AI Ross,DE Johnson,0,0,,,,,,,,,
994681,2016,2016-07-30,Central Broward Regional Park Stadium Turf Ground,2,15.1,Jamaica Tallawahs,St Lucia Zouks,AI Ross,CAK Walton,S Shillingford,4,0,,,,,,,,,
994681,2016,2016-07-30,Central Broward Regional Park Stadium Turf Ground,2,15.2,Jamaica Tallawahs,St Lucia Zouks,AI Ross,CAK Walton,S Shillingford,0,0,,,,,,,,,
994681,2016,2016-07-30,Central Broward Regional Park Stadium Turf Ground,2,15.3,Jamaica Tallawahs,St Lucia Zouks,AI Ross,CAK Walton,S Shillingford,2,0,,,,,,,,,
994681,2016,2016-07-30,Central Broward Regional Park Stadium Turf Ground,2,15.4,Jamaica Tallawahs,St Lucia Zouks,AI Ross,CAK Walton,S Shillingford,1,0,,,,,,,,,
994681,2016,2016-07-30,Central Broward Regional Park Stadium Turf Ground,2,15.5,Jamaica Tallawahs,St Lucia Zouks,CAK Walton,AI Ross,S Shillingford,0,0,,,,,,caught,CAK Walton,,
994681,2016,2016-07-30,Central Broward Regional Park Stadium Turf Ground,2,15.6,Jamaica Tallawahs,St Lucia Zouks,AI Ross,AD Russell,S Shillingford,1,0,,,,,,,,,
994681,2016,2016-07-30,Central Broward Regional Park Stadium Turf Ground,2,16.1,Jamaica Tallawahs,St Lucia Zouks,AI Ross,AD Russell,SR Watson,1,0,,,,,,,,,
994681,2016,2016-07-30,Central Broward Regional Park Stadium Turf Ground,2,16.2,Jamaica Tallawahs,St Lucia Zouks,AD Russell,AI Ross,SR Watson,0,0,,,,,,,,,
994681,2016,2016-07-30,Central Broward Regional Park Stadium Turf Ground,2,16.3,Jamaica Tallawahs,St Lucia Zouks,AD Russell,AI Ross,SR Watson,4,0,,,,,,,,,
994681,2016,2016-07-30,Central Broward Regional Park Stadium Turf Ground,2,16.4,Jamaica Tallawahs,St Lucia Zouks,AD Russell,AI Ross,SR Watson,1,0,,,,,,,,,
994681,2016,2016-07-30,Central Broward Regional Park Stadium Turf Ground,2,16.5,Jamaica Tallawahs,St Lucia Zouks,AI Ross,AD Russell,SR Watson,0,0,,,,,,,,,
994681,2016,2016-07-30,Central Broward Regional Park Stadium Turf Ground,2,16.6,Jamaica Tallawahs,St Lucia Zouks,AI Ross,AD Russell,SR Watson,1,0,,,,,,,,,
994681,2016,2016-07-30,Central Broward Regional Park Stadium Turf Ground,2,17.1,Jamaica Tallawahs,St Lucia Zouks,AI Ross,AD Russell,JE Taylor,0,0,,,,,,caught,AI Ross,,
994681,2016,2016-07-30,Central Broward Regional Park Stadium Turf Ground,2,17.2,Jamaica Tallawahs,St Lucia Zouks,TP Allen,AD Russell,JE Taylor,2,0,,,,,,,,,
994681,2016,2016-07-30,Central Broward Regional Park Stadium Turf Ground,2,17.3,Jamaica Tallawahs,St Lucia Zouks,TP Allen,AD Russell,JE Taylor,4,0,,,,,,,,,
994681,2016,2016-07-30,Central Broward Regional Park Stadium Turf Ground,2,17.4,Jamaica Tallawahs,St Lucia Zouks,TP Allen,AD Russell,JE Taylor,0,1,1,,,,,,,,
994681,2016,2016-07-30,Central Broward Regional Park Stadium Turf Ground,2,17.5,Jamaica Tallawahs,St Lucia Zouks,TP Allen,AD Russell,JE Taylor,1,0,,,,,,,,,
994681,2016,2016-07-30,Central Broward Regional Park Stadium Turf Ground,2,17.6,Jamaica Tallawahs,St Lucia Zouks,AD Russell,TP Allen,JE Taylor,6,0,,,,,,,,,
994681,2016,2016-07-30,Central Broward Regional Park Stadium Turf Ground,2,17.7,Jamaica Tallawahs,St Lucia Zouks,AD Russell,TP Allen,JE Taylor,0,1,1,,,,,,,,
994681,2016,2016-07-30,Central Broward Regional Park Stadium Turf Ground,2,17.8,Jamaica Tallawahs,St Lucia Zouks,AD Russell,TP Allen,JE Taylor,1,0,,,,,,,,,
994681,2016,2016-07-30,Central Broward Regional Park Stadium Turf Ground,2,18.1,Jamaica Tallawahs,St Lucia Zouks,AD Russell,TP Allen,DE Johnson,0,0,,,,,,caught,AD Russell,,
994681,2016,2016-07-30,Central Broward Regional Park Stadium Turf Ground,2,18.2,Jamaica Tallawahs,St Lucia Zouks,TP Allen,Shakib Al Hasan,DE Johnson,1,0,,,,,,,,,
994681,2016,2016-07-30,Central Broward Regional Park Stadium Turf Ground,2,18.3,Jamaica Tallawahs,St Lucia Zouks,Shakib Al Hasan,TP Allen,DE Johnson,0,0,,,,,,bowled,Shakib Al Hasan,,
994681,2016,2016-07-30,Central Broward Regional Park Stadium Turf Ground,2,18.4,Jamaica Tallawahs,St Lucia Zouks,KOK Williams,TP Allen,DE Johnson,0,0,,,,,,,,,
994681,2016,2016-07-30,Central Broward Regional Park Stadium Turf Ground,2,18.5,Jamaica Tallawahs,St Lucia Zouks,KOK Williams,TP Allen,DE Johnson,0,0,,,,,,,,,
994681,2016,2016-07-30,Central Broward Regional Park Stadium Turf Ground,2,18.6,Jamaica Tallawahs,St Lucia Zouks,KOK Williams,TP Allen,DE Johnson,1,0,,,,,,,,,
994681,2016,2016-07-30,Central Broward Regional Park Stadium Turf Ground,2,19.1,Jamaica Tallawahs,St Lucia Zouks,KOK Williams,TP Allen,JE Taylor,1,0,,,,,,,,,
994681,2016,2016-07-30,Central Broward Regional Park Stadium Turf Ground,2,19.2,Jamaica Tallawahs,St Lucia Zouks,TP Allen,KOK Williams,JE Taylor,0,0,,,,,,,,,
994681,2016,2016-07-30,Central Broward Regional Park Stadium Turf Ground,2,19.3,Jamaica Tallawahs,St Lucia Zouks,TP Allen,KOK Williams,JE Taylor,0,0,,,,,,,,,
994681,2016,2016-07-30,Central Broward Regional Park Stadium Turf Ground,2,19.4,Jamaica Tallawahs,St Lucia Zouks,TP Allen,KOK Williams,JE Taylor,0,0,,,,,,caught,TP Allen,,
994681,2016,2016-07-30,Central Broward Regional Park Stadium Turf Ground,2,19.5,Jamaica Tallawahs,St Lucia Zouks,KOK Williams,JL Jaggesar,JE Taylor,1,0,,,,,,,,,
994681,2016,2016-07-30,Central Broward Regional Park Stadium Turf Ground,2,19.6,Jamaica Tallawahs,St Lucia Zouks,JL Jaggesar,KOK Williams,JE Taylor,0,0,,,,,,,,,
