match_id,season,start_date,venue,innings,ball,batting_team,bowling_team,striker,non_striker,bowler,runs_off_bat,extras,wides,noballs,byes,legbyes,penalty,wicket_type,player_dismissed,other_wicket_type,other_player_dismissed
994669,2016,2016-06-30,"Warner Park, Basseterre",1,0.1,St Kitts and Nevis Patriots,Guyana Amazon Warriors,LMP Simmons,E Lewis,Sohail Tanvir,0,0,,,,,,,,,
994669,2016,2016-06-30,"Warner Park, Basseterre",1,0.2,St Kitts and Nevis Patriots,Guyana Amazon Warriors,LMP Simmons,E Lewis,Sohail Tanvir,0,0,,,,,,,,,
994669,2016,2016-06-30,"Warner Park, Basseterre",1,0.3,St Kitts and Nevis Patriots,Guyana Amazon Warriors,LMP Simmons,E Lewis,Sohail Tanvir,0,0,,,,,,,,,
994669,2016,2016-06-30,"Warner Park, Basseterre",1,0.4,St Kitts and Nevis Patriots,Guyana Amazon Warriors,LMP Simmons,E Lewis,Sohail Tanvir,0,0,,,,,,,,,
994669,2016,2016-06-30,"Warner Park, Basseterre",1,0.5,St Kitts and Nevis Patriots,Guyana Amazon Warriors,LMP Simmons,E Lewis,Sohail Tanvir,0,0,,,,,,caught,LMP Simmons,,
994669,2016,2016-06-30,"Warner Park, Basseterre",1,0.6,St Kitts and Nevis Patriots,Guyana Amazon Warriors,F du Plessis,E Lewis,Sohail Tanvir,0,0,,,,,,,,,
994669,2016,2016-06-30,"Warner Park, Basseterre",1,1.1,St Kitts and Nevis Patriots,Guyana Amazon Warriors,E Lewis,F du Plessis,DR Smith,0,0,,,,,,,,,
994669,2016,2016-06-30,"Warner Park, Basseterre",1,1.2,St Kitts and Nevis Patriots,Guyana Amazon Warriors,E Lewis,F du Plessis,DR Smith,1,0,,,,,,,,,
994669,2016,2016-06-30,"Warner Park, Basseterre",1,1.3,St Kitts and Nevis Patriots,Guyana Amazon Warriors,F du Plessis,E Lewis,DR Smith,0,1,1,,,,,,,,
994669,2016,2016-06-30,"Warner Park, Basseterre",1,1.4,St Kitts and Nevis Patriots,Guyana Amazon Warriors,F du Plessis,E Lewis,DR Smith,0,0,,,,,,,,,
994669,2016,2016-06-30,"Warner Park, Basseterre",1,1.5,St Kitts and Nevis Patriots,Guyana Amazon Warriors,F du Plessis,E Lewis,DR Smith,4,0,,,,,,,,,
994669,2016,2016-06-30,"Warner Park, Basseterre",1,1.6,St Kitts and Nevis Patriots,Guyana Amazon Warriors,F du Plessis,E Lewis,DR Smith,0,0,,,,,,,,,
994669,2016,2016-06-30,"Warner Park, Basseterre",1,1.7,St Kitts and Nevis Patriots,Guyana Amazon Warriors,F du Plessis,E Lewis,DR Smith,0,0,,,,,,,,,
994669,2016,2016-06-30,"Warner Park, Basseterre",1,2.1,St Kitts and Nevis Patriots,Guyana Amazon Warriors,E Lewis,F du Plessis,Sohail Tanvir,0,0,,,,,,,,,
994669,2016,2016-06-30,"Warner Park, Basseterre",1,2.2,St Kitts and Nevis Patriots,Guyana Amazon Warriors,E Lewis,F du Plessis,Sohail Tanvir,0,0,,,,,,,,,
994669,2016,2016-06-30,"Warner Park, Basseterre",1,2.3,St Kitts and Nevis Patriots,Guyana Amazon Warriors,E Lewis,F du Plessis,Sohail Tanvir,1,0,,,,,,,,,
994669,2016,2016-06-30,"Warner Park, Basseterre",1,2.4,St Kitts and Nevis Patriots,Guyana Amazon Warriors,F du Plessis,E Lewis,Sohail Tanvir,0,1,1,,,,,,,,
994669,2016,2016-06-30,"Warner Park, Basseterre",1,2.5,St Kitts and Nevis Patriots,Guyana Amazon Warriors,F du Plessis,E Lewis,Sohail Tanvir,0,1,1,,,,,,,,
994669,2016,2016-06-30,"Warner Park, Basseterre",1,2.6,St Kitts and Nevis Patriots,Guyana Amazon Warriors,F du Plessis,E Lewis,Sohail Tanvir,2,0,,,,,,,,,
994669,2016,2016-06-30,"Warner Park, Basseterre",1,2.7,St Kitts and Nevis Patriots,Guyana Amazon Warriors,F du Plessis,E Lewis,Sohail Tanvir,2,0,,,,,,,,,
994669,2016,2016-06-30,"Warner Park, Basseterre",1,2.8,St Kitts and Nevis Patriots,Guyana Amazon Warriors,F du Plessis,E Lewis,Sohail Tanvir,1,0,,,,,,,,,
994669,2016,2016-06-30,"Warner Park, Basseterre",1,3.1,St Kitts and Nevis Patriots,Guyana Amazon Warriors,F du Plessis,E Lewis,DR Smith,0,0,,,,,,,,,
994669,2016,2016-06-30,"Warner Park, Basseterre",1,3.2,St Kitts and Nevis Patriots,Guyana Amazon Warriors,F du Plessis,E Lewis,DR Smith,4,0,,,,,,,,,
994669,2016,2016-06-30,"Warner Park, Basseterre",1,3.3,St Kitts and Nevis Patriots,Guyana Amazon Warriors,F du Plessis,E Lewis,DR Smith,2,0,,,,,,,,,
994669,2016,2016-06-30,"Warner Park, Basseterre",1,3.4,St Kitts and Nevis Patriots,Guyana Amazon Warriors,F du Plessis,E Lewis,DR Smith,0,0,,,,,,,,,
994669,2016,2016-06-30,"Warner Park, Basseterre",1,3.5,St Kitts and Nevis Patriots,Guyana Amazon Warriors,F du Plessis,E Lewis,DR Smith,0,0,,,,,,,,,
994669,2016,2016-06-30,"Warner Park, Basseterre",1,3.6,St Kitts and Nevis Patriots,Guyana Amazon Warriors,F du Plessis,E Lewis,DR Smith,6,0,,,,,,,,,
994669,2016,2016-06-30,"Warner Park, Basseterre",1,4.1,St Kitts and Nevis Patriots,Guyana Amazon Warriors,E Lewis,F du Plessis,V Permaul,0,0,,,,,,,,,
994669,2016,2016-06-30,"Warner Park, Basseterre",1,4.2,St Kitts and Nevis Patriots,Guyana Amazon Warriors,E Lewis,F du Plessis,V Permaul,4,0,,,,,,,,,
994669,2016,2016-06-30,"Warner Park, Basseterre",1,4.3,St Kitts and Nevis Patriots,Guyana Amazon Warriors,E Lewis,F du Plessis,V Permaul,1,0,,,,,,,,,
994669,2016,2016-06-30,"Warner Park, Basseterre",1,4.4,St Kitts and Nevis Patriots,Guyana Amazon Warriors,F du Plessis,E Lewis,V Permaul,0,1,1,,,,,,,,
994669,2016,2016-06-30,"Warner Park, Basseterre",1,4.5,St Kitts and Nevis Patriots,Guyana Amazon Warriors,F du Plessis,E Lewis,V Permaul,1,0,,,,,,,,,
994669,2016,2016-06-30,"Warner Park, Basseterre",1,4.6,St Kitts and Nevis Patriots,Guyana Amazon Warriors,E Lewis,F du Plessis,V Permaul,1,0,,,,,,,,,
994669,2016,2016-06-30,"Warner Park, Basseterre",1,4.7,St Kitts and Nevis Patriots,Guyana Amazon Warriors,F du Plessis,E Lewis,V Permaul,0,0,,,,,,,,,
994669,2016,2016-06-30,"Warner Park, Basseterre",1,5.1,St Kitts and Nevis Patriots,Guyana Amazon Warriors,E Lewis,F du Plessis,RR Emrit,0,0,,,,,,bowled,E Lewis,,
994669,2016,2016-06-30,"Warner Park, Basseterre",1,5.2,St Kitts and Nevis Patriots,Guyana Amazon Warriors,JL Carter,F du Plessis,RR Emrit,1,0,,,,,,run out,JL Carter,,
994669,2016,2016-06-30,"Warner Park, Basseterre",1,5.3,St Kitts and Nevis Patriots,Guyana Amazon Warriors,BJ Hodge,F du Plessis,RR Emrit,0,0,,,,,,,,,
994669,2016,2016-06-30,"Warner Park, Basseterre",1,5.4,St Kitts and Nevis Patriots,Guyana Amazon Warriors,BJ Hodge,F du Plessis,RR Emrit,0,0,,,,,,,,,
994669,2016,2016-06-30,"Warner Park, Basseterre",1,5.5,St Kitts and Nevis Patriots,Guyana Amazon Warriors,BJ Hodge,F du Plessis,RR Emrit,0,0,,,,,,,,,
994669,2016,2016-06-30,"Warner Park, Basseterre",1,5.6,St Kitts and Nevis Patriots,Guyana Amazon Warriors,BJ Hodge,F du Plessis,RR Emrit,4,0,,,,,,,,,
994669,2016,2016-06-30,"Warner Park, Basseterre",1,6.1,St Kitts and Nevis Patriots,Guyana Amazon Warriors,F du Plessis,BJ Hodge,V Permaul,1,0,,,,,,,,,
994669,2016,2016-06-30,"Warner Park, Basseterre",1,6.2,St Kitts and Nevis Patriots,Guyana Amazon Warriors,BJ Hodge,F du Plessis,V Permaul,0,0,,,,,,,,,
994669,2016,2016-06-30,"Warner Park, Basseterre",1,6.3,St Kitts and Nevis Patriots,Guyana Amazon Warriors,BJ Hodge,F du Plessis,V Permaul,1,0,,,,,,,,,
994669,2016,2016-06-30,"Warner Park, Basseterre",1,6.4,St Kitts and Nevis Patriots,Guyana Amazon Warriors,F du Plessis,BJ Hodge,V Permaul,1,0,,,,,,,,,
994669,2016,2016-06-30,"Warner Park, Basseterre",1,6.5,St Kitts and Nevis Patriots,Guyana Amazon Warriors,BJ Hodge,F du Plessis,V Permaul,1,0,,,,,,,,,
994669,2016,2016-06-30,"Warner Park, Basseterre",1,6.6,St Kitts and Nevis Patriots,Guyana Amazon Warriors,F du Plessis,BJ Hodge,V Permaul,1,0,,,,,,,,,
994669,2016,2016-06-30,"Warner Park, Basseterre",1,7.1,St Kitts and Nevis Patriots,Guyana Amazon Warriors,F du Plessis,BJ Hodge,A Zampa,1,0,,,,,,,,,
994669,2016,2016-06-30,"Warner Park, Basseterre",1,7.2,St Kitts and Nevis Patriots,Guyana Amazon Warriors,BJ Hodge,F du Plessis,A Zampa,0,0,,,,,,,,,
994669,2016,2016-06-30,"Warner Park, Basseterre",1,7.3,St Kitts and Nevis Patriots,Guyana Amazon Warriors,BJ Hodge,F du Plessis,A Zampa,0,2,,,,2,,,,,
994669,2016,2016-06-30,"Warner Park, Basseterre",1,7.4,St Kitts and Nevis Patriots,Guyana Amazon Warriors,BJ Hodge,F du Plessis,A Zampa,1,0,,,,,,,,,
994669,2016,2016-06-30,"Warner Park, Basseterre",1,7.5,St Kitts and Nevis Patriots,Guyana Amazon Warriors,F du Plessis,BJ Hodge,A Zampa,0,0,,,,,,,,,
994669,2016,2016-06-30,"Warner Park, Basseterre",1,7.6,St Kitts and Nevis Patriots,Guyana Amazon Warriors,F du Plessis,BJ Hodge,A Zampa,1,0,,,,,,,,,
994669,2016,2016-06-30,"Warner Park, Basseterre",1,8.1,St Kitts and Nevis Patriots,Guyana Amazon Warriors,F du Plessis,BJ Hodge,D Bishoo,0,0,,,,,,,,,
994669,2016,2016-06-30,"Warner Park, Basseterre",1,8.2,St Kitts and Nevis Patriots,Guyana Amazon Warriors,F du Plessis,BJ Hodge,D Bishoo,0,0,,,,,,,,,
994669,2016,2016-06-30,"Warner Park, Basseterre",1,8.3,St Kitts and Nevis Patriots,Guyana Amazon Warriors,F du Plessis,BJ Hodge,D Bishoo,1,0,,,,,,,,,
994669,2016,2016-06-30,"Warner Park, Basseterre",1,8.4,St Kitts and Nevis Patriots,Guyana Amazon Warriors,BJ Hodge,F du Plessis,D Bishoo,0,0,,,,,,,,,
994669,2016,2016-06-30,"Warner Park, Basseterre",1,8.5,St Kitts and Nevis Patriots,Guyana Amazon Warriors,BJ Hodge,F du Plessis,D Bishoo,1,0,,,,,,,,,
994669,2016,2016-06-30,"Warner Park, Basseterre",1,8.6,St Kitts and Nevis Patriots,Guyana Amazon Warriors,F du Plessis,BJ Hodge,D Bishoo,1,0,,,,,,,,,
994669,2016,2016-06-30,"Warner Park, Basseterre",1,9.1,St Kitts and Nevis Patriots,Guyana Amazon Warriors,F du Plessis,BJ Hodge,A Zampa,1,0,,,,,,,,,
994669,2016,2016-06-30,"Warner Park, Basseterre",1,9.2,St Kitts and Nevis Patriots,Guyana Amazon Warriors,BJ Hodge,F du Plessis,A Zampa,1,0,,,,,,,,,
994669,2016,2016-06-30,"Warner Park, Basseterre",1,9.3,St Kitts and Nevis Patriots,Guyana Amazon Warriors,F du Plessis,BJ Hodge,A Zampa,0,0,,,,,,caught,F du Plessis,,
994669,2016,2016-06-30,"Warner Park, Basseterre",1,9.4,St Kitts and Nevis Patriots,Guyana Amazon Warriors,DC Thomas,BJ Hodge,A Zampa,1,0,,,,,,,,,
994669,2016,2016-06-30,"Warner Park, Basseterre",1,9.5,St Kitts and Nevis Patriots,Guyana Amazon Warriors,BJ Hodge,DC Thomas,A Zampa,0,0,,,,,,,,,
994669,2016,2016-06-30,"Warner Park, Basseterre",1,9.6,St Kitts and Nevis Patriots,Guyana Amazon Warriors,BJ Hodge,DC Thomas,A Zampa,1,0,,,,,,,,,
994669,2016,2016-06-30,"Warner Park, Basseterre",1,10.1,St Kitts and Nevis Patriots,Guyana Amazon Warriors,BJ Hodge,DC Thomas,D Bishoo,0,0,,,,,,,,,
994669,2016,2016-06-30,"Warner Park, Basseterre",1,10.2,St Kitts and Nevis Patriots,Guyana Amazon Warriors,BJ Hodge,DC Thomas,D Bishoo,0,0,,,,,,,,,
994669,2016,2016-06-30,"Warner Park, Basseterre",1,10.3,St Kitts and Nevis Patriots,Guyana Amazon Warriors,BJ Hodge,DC Thomas,D Bishoo,1,0,,,,,,,,,
994669,2016,2016-06-30,"Warner Park, Basseterre",1,10.4,St Kitts and Nevis Patriots,Guyana Amazon Warriors,DC Thomas,BJ Hodge,D Bishoo,2,0,,,,,,,,,
994669,2016,2016-06-30,"Warner Park, Basseterre",1,10.5,St Kitts and Nevis Patriots,Guyana Amazon Warriors,DC Thomas,BJ Hodge,D Bishoo,1,0,,,,,,,,,
994669,2016,2016-06-30,"Warner Park, Basseterre",1,10.6,St Kitts and Nevis Patriots,Guyana Amazon Warriors,BJ Hodge,DC Thomas,D Bishoo,1,0,,,,,,,,,
994669,2016,2016-06-30,"Warner Park, Basseterre",1,11.1,St Kitts and Nevis Patriots,Guyana Amazon Warriors,BJ Hodge,DC Thomas,V Permaul,0,0,,,,,,,,,
994669,2016,2016-06-30,"Warner Park, Basseterre",1,11.2,St Kitts and Nevis Patriots,Guyana Amazon Warriors,BJ Hodge,DC Thomas,V Permaul,0,0,,,,,,,,,
994669,2016,2016-06-30,"Warner Park, Basseterre",1,11.3,St Kitts and Nevis Patriots,Guyana Amazon Warriors,BJ Hodge,DC Thomas,V Permaul,4,0,,,,,,,,,
994669,2016,2016-06-30,"Warner Park, Basseterre",1,11.4,St Kitts and Nevis Patriots,Guyana Amazon Warriors,BJ Hodge,DC Thomas,V Permaul,1,0,,,,,,,,,
994669,2016,2016-06-30,"Warner Park, Basseterre",1,11.5,St Kitts and Nevis Patriots,Guyana Amazon Warriors,DC Thomas,BJ Hodge,V Permaul,1,0,,,,,,,,,
994669,2016,2016-06-30,"Warner Park, Basseterre",1,11.6,St Kitts and Nevis Patriots,Guyana Amazon Warriors,BJ Hodge,DC Thomas,V Permaul,4,0,,,,,,,,,
994669,2016,2016-06-30,"Warner Park, Basseterre",1,12.1,St Kitts and Nevis Patriots,Guyana Amazon Warriors,DC Thomas,BJ Hodge,D Bishoo,1,0,,,,,,,,,
994669,2016,2016-06-30,"Warner Park, Basseterre",1,12.2,St Kitts and Nevis Patriots,Guyana Amazon Warriors,BJ Hodge,DC Thomas,D Bishoo,6,0,,,,,,,,,
994669,2016,2016-06-30,"Warner Park, Basseterre",1,12.3,St Kitts and Nevis Patriots,Guyana Amazon Warriors,BJ Hodge,DC Thomas,D Bishoo,2,0,,,,,,,,,
994669,2016,2016-06-30,"Warner Park, Basseterre",1,12.4,St Kitts and Nevis Patriots,Guyana Amazon Warriors,BJ Hodge,DC Thomas,D Bishoo,4,0,,,,,,,,,
994669,2016,2016-06-30,"Warner Park, Basseterre",1,12.5,St Kitts and Nevis Patriots,Guyana Amazon Warriors,BJ Hodge,DC Thomas,D Bishoo,1,0,,,,,,,,,
994669,2016,2016-06-30,"Warner Park, Basseterre",1,12.6,St Kitts and Nevis Patriots,Guyana Amazon Warriors,DC Thomas,BJ Hodge,D Bishoo,6,0,,,,,,,,,
994669,2016,2016-06-30,"Warner Park, Basseterre",1,13.1,St Kitts and Nevis Patriots,Guyana Amazon Warriors,BJ Hodge,DC Thomas,RR Emrit,1,0,,,,,,,,,
994669,2016,2016-06-30,"Warner Park, Basseterre",1,13.2,St Kitts and Nevis Patriots,Guyana Amazon Warriors,DC Thomas,BJ Hodge,RR Emrit,6,0,,,,,,,,,
994669,2016,2016-06-30,"Warner Park, Basseterre",1,13.3,St Kitts and Nevis Patriots,Guyana Amazon Warriors,DC Thomas,BJ Hodge,RR Emrit,0,1,,,,1,,,,,
994669,2016,2016-06-30,"Warner Park, Basseterre",1,13.4,St Kitts and Nevis Patriots,Guyana Amazon Warriors,BJ Hodge,DC Thomas,RR Emrit,3,0,,,,,,,,,
994669,2016,2016-06-30,"Warner Park, Basseterre",1,13.5,St Kitts and Nevis Patriots,Guyana Amazon Warriors,DC Thomas,BJ Hodge,RR Emrit,1,0,,,,,,,,,
994669,2016,2016-06-30,"Warner Park, Basseterre",1,13.6,St Kitts and Nevis Patriots,Guyana Amazon Warriors,BJ Hodge,DC Thomas,RR Emrit,0,0,,,,,,,,,
994669,2016,2016-06-30,"Warner Park, Basseterre",1,14.1,St Kitts and Nevis Patriots,Guyana Amazon Warriors,DC Thomas,BJ Hodge,A Zampa,0,0,,,,,,,,,
994669,2016,2016-06-30,"Warner Park, Basseterre",1,14.2,St Kitts and Nevis Patriots,Guyana Amazon Warriors,DC Thomas,BJ Hodge,A Zampa,4,0,,,,,,,,,
994669,2016,2016-06-30,"Warner Park, Basseterre",1,14.3,St Kitts and Nevis Patriots,Guyana Amazon Warriors,DC Thomas,BJ Hodge,A Zampa,6,0,,,,,,,,,
994669,2016,2016-06-30,"Warner Park, Basseterre",1,14.4,St Kitts and Nevis Patriots,Guyana Amazon Warriors,DC Thomas,BJ Hodge,A Zampa,1,0,,,,,,,,,
994669,2016,2016-06-30,"Warner Park, Basseterre",1,14.5,St Kitts and Nevis Patriots,Guyana Amazon Warriors,BJ Hodge,DC Thomas,A Zampa,0,0,,,,,,caught,BJ Hodge,,
994669,2016,2016-06-30,"Warner Park, Basseterre",1,14.6,St Kitts and Nevis Patriots,Guyana Amazon Warriors,NLTC Perera,DC Thomas,A Zampa,1,0,,,,,,,,,
994669,2016,2016-06-30,"Warner Park, Basseterre",1,15.1,St Kitts and Nevis Patriots,Guyana Amazon Warriors,NLTC Perera,DC Thomas,RR Emrit,0,1,1,,,,,,,,
994669,2016,2016-06-30,"Warner Park, Basseterre",1,15.2,St Kitts and Nevis Patriots,Guyana Amazon Warriors,NLTC Perera,DC Thomas,RR Emrit,0,1,1,,,,,,,,
994669,2016,2016-06-30,"Warner Park, Basseterre",1,15.3,St Kitts and Nevis Patriots,Guyana Amazon Warriors,NLTC Perera,DC Thomas,RR Emrit,1,0,,,,,,,,,
994669,2016,2016-06-30,"Warner Park, Basseterre",1,15.4,St Kitts and Nevis Patriots,Guyana Amazon Warriors,DC Thomas,NLTC Perera,RR Emrit,1,0,,,,,,,,,
994669,2016,2016-06-30,"Warner Park, Basseterre",1,15.5,St Kitts and Nevis Patriots,Guyana Amazon Warriors,NLTC Perera,DC Thomas,RR Emrit,0,1,,,,1,,,,,
994669,2016,2016-06-30,"Warner Park, Basseterre",1,15.6,St Kitts and Nevis Patriots,Guyana Amazon Warriors,DC Thomas,NLTC Perera,RR Emrit,1,0,,,,,,,,,
994669,2016,2016-06-30,"Warner Park, Basseterre",1,15.7,St Kitts and Nevis Patriots,Guyana Amazon Warriors,NLTC Perera,DC Thomas,RR Emrit,1,0,,,,,,,,,
994669,2016,2016-06-30,"Warner Park, Basseterre",1,15.8,St Kitts and Nevis Patriots,Guyana Amazon Warriors,DC Thomas,NLTC Perera,RR Emrit,6,0,,,,,,,,,
994669,2016,2016-06-30,"Warner Park, Basseterre",1,16.1,St Kitts and Nevis Patriots,Guyana Amazon Warriors,NLTC Perera,DC Thomas,Sohail Tanvir,0,1,1,,,,,,,,
994669,2016,2016-06-30,"Warner Park, Basseterre",1,16.2,St Kitts and Nevis Patriots,Guyana Amazon Warriors,NLTC Perera,DC Thomas,Sohail Tanvir,1,0,,,,,,,,,
994669,2016,2016-06-30,"Warner Park, Basseterre",1,16.3,St Kitts and Nevis Patriots,Guyana Amazon Warriors,DC Thomas,NLTC Perera,Sohail Tanvir,0,0,,,,,,bowled,DC Thomas,,
994669,2016,2016-06-30,"Warner Park, Basseterre",1,16.4,St Kitts and Nevis Patriots,Guyana Amazon Warriors,CR Brathwaite,NLTC Perera,Sohail Tanvir,1,0,,,,,,,,,
994669,2016,2016-06-30,"Warner Park, Basseterre",1,16.5,St Kitts and Nevis Patriots,Guyana Amazon Warriors,NLTC Perera,CR Brathwaite,Sohail Tanvir,1,0,,,,,,,,,
994669,2016,2016-06-30,"Warner Park, Basseterre",1,16.6,St Kitts and Nevis Patriots,Guyana Amazon Warriors,CR Brathwaite,NLTC Perera,Sohail Tanvir,4,0,,,,,,,,,
994669,2016,2016-06-30,"Warner Park, Basseterre",1,16.7,St Kitts and Nevis Patriots,Guyana Amazon Warriors,CR Brathwaite,NLTC Perera,Sohail Tanvir,0,0,,,,,,caught,CR Brathwaite,,
994669,2016,2016-06-30,"Warner Park, Basseterre",1,17.1,St Kitts and Nevis Patriots,Guyana Amazon Warriors,NLTC Perera,K Santokie,A Zampa,6,0,,,,,,,,,
994669,2016,2016-06-30,"Warner Park, Basseterre",1,17.2,St Kitts and Nevis Patriots,Guyana Amazon Warriors,NLTC Perera,K Santokie,A Zampa,1,0,,,,,,,,,
994669,2016,2016-06-30,"Warner Park, Basseterre",1,17.3,St Kitts and Nevis Patriots,Guyana Amazon Warriors,K Santokie,NLTC Perera,A Zampa,0,0,,,,,,lbw,K Santokie,,
994669,2016,2016-06-30,"Warner Park, Basseterre",1,17.4,St Kitts and Nevis Patriots,Guyana Amazon Warriors,S Badree,NLTC Perera,A Zampa,1,0,,,,,,,,,
994669,2016,2016-06-30,"Warner Park, Basseterre",1,17.5,St Kitts and Nevis Patriots,Guyana Amazon Warriors,NLTC Perera,S Badree,A Zampa,6,0,,,,,,,,,
994669,2016,2016-06-30,"Warner Park, Basseterre",1,17.6,St Kitts and Nevis Patriots,Guyana Amazon Warriors,NLTC Perera,S Badree,A Zampa,1,0,,,,,,,,,
994669,2016,2016-06-30,"Warner Park, Basseterre",1,18.1,St Kitts and Nevis Patriots,Guyana Amazon Warriors,NLTC Perera,S Badree,Sohail Tanvir,1,0,,,,,,,,,
994669,2016,2016-06-30,"Warner Park, Basseterre",1,18.2,St Kitts and Nevis Patriots,Guyana Amazon Warriors,S Badree,NLTC Perera,Sohail Tanvir,1,0,,,,,,,,,
994669,2016,2016-06-30,"Warner Park, Basseterre",1,18.3,St Kitts and Nevis Patriots,Guyana Amazon Warriors,NLTC Perera,S Badree,Sohail Tanvir,0,0,,,,,,caught,NLTC Perera,,
994669,2016,2016-06-30,"Warner Park, Basseterre",1,18.4,St Kitts and Nevis Patriots,Guyana Amazon Warriors,T Shamsi,S Badree,Sohail Tanvir,1,0,,,,,,,,,
994669,2016,2016-06-30,"Warner Park, Basseterre",1,18.5,St Kitts and Nevis Patriots,Guyana Amazon Warriors,S Badree,T Shamsi,Sohail Tanvir,1,0,,,,,,,,,
994669,2016,2016-06-30,"Warner Park, Basseterre",1,18.6,St Kitts and Nevis Patriots,Guyana Amazon Warriors,T Shamsi,S Badree,Sohail Tanvir,0,0,,,,,,,,,
994669,2016,2016-06-30,"Warner Park, Basseterre",1,19.1,St Kitts and Nevis Patriots,Guyana Amazon Warriors,S Badree,T Shamsi,RR Emrit,1,0,,,,,,,,,
994669,2016,2016-06-30,"Warner Park, Basseterre",1,19.2,St Kitts and Nevis Patriots,Guyana Amazon Warriors,T Shamsi,S Badree,RR Emrit,0,1,1,,,,,,,,
994669,2016,2016-06-30,"Warner Park, Basseterre",1,19.3,St Kitts and Nevis Patriots,Guyana Amazon Warriors,T Shamsi,S Badree,RR Emrit,2,0,,,,,,,,,
994669,2016,2016-06-30,"Warner Park, Basseterre",1,19.4,St Kitts and Nevis Patriots,Guyana Amazon Warriors,T Shamsi,S Badree,RR Emrit,1,0,,,,,,,,,
994669,2016,2016-06-30,"Warner Park, Basseterre",1,19.5,St Kitts and Nevis Patriots,Guyana Amazon Warriors,S Badree,T Shamsi,RR Emrit,1,0,,,,,,,,,
994669,2016,2016-06-30,"Warner Park, Basseterre",1,19.6,St Kitts and Nevis Patriots,Guyana Amazon Warriors,T Shamsi,S Badree,RR Emrit,1,0,,,,,,,,,
994669,2016,2016-06-30,"Warner Park, Basseterre",1,19.7,St Kitts and Nevis Patriots,Guyana Amazon Warriors,S Badree,T Shamsi,RR Emrit,2,0,,,,,,,,,
994669,2016,2016-06-30,"Warner Park, Basseterre",2,0.1,Guyana Amazon Warriors,St Kitts and Nevis Patriots,DR Smith,MJ Guptill,K Santokie,3,0,,,,,,,,,
994669,2016,2016-06-30,"Warner Park, Basseterre",2,0.2,Guyana Amazon Warriors,St Kitts and Nevis Patriots,MJ Guptill,DR Smith,K Santokie,1,0,,,,,,,,,
994669,2016,2016-06-30,"Warner Park, Basseterre",2,0.3,Guyana Amazon Warriors,St Kitts and Nevis Patriots,DR Smith,MJ Guptill,K Santokie,1,0,,,,,,,,,
994669,2016,2016-06-30,"Warner Park, Basseterre",2,0.4,Guyana Amazon Warriors,St Kitts and Nevis Patriots,MJ Guptill,DR Smith,K Santokie,0,0,,,,,,,,,
994669,2016,2016-06-30,"Warner Park, Basseterre",2,0.5,Guyana Amazon Warriors,St Kitts and Nevis Patriots,MJ Guptill,DR Smith,K Santokie,1,0,,,,,,,,,
994669,2016,2016-06-30,"Warner Park, Basseterre",2,0.6,Guyana Amazon Warriors,St Kitts and Nevis Patriots,DR Smith,MJ Guptill,K Santokie,0,0,,,,,,,,,
994669,2016,2016-06-30,"Warner Park, Basseterre",2,1.1,Guyana Amazon Warriors,St Kitts and Nevis Patriots,MJ Guptill,DR Smith,S Badree,4,0,,,,,,,,,
994669,2016,2016-06-30,"Warner Park, Basseterre",2,1.2,Guyana Amazon Warriors,St Kitts and Nevis Patriots,MJ Guptill,DR Smith,S Badree,1,0,,,,,,,,,
994669,2016,2016-06-30,"Warner Park, Basseterre",2,1.3,Guyana Amazon Warriors,St Kitts and Nevis Patriots,DR Smith,MJ Guptill,S Badree,0,0,,,,,,,,,
994669,2016,2016-06-30,"Warner Park, Basseterre",2,1.4,Guyana Amazon Warriors,St Kitts and Nevis Patriots,DR Smith,MJ Guptill,S Badree,4,0,,,,,,,,,
994669,2016,2016-06-30,"Warner Park, Basseterre",2,1.5,Guyana Amazon Warriors,St Kitts and Nevis Patriots,DR Smith,MJ Guptill,S Badree,6,0,,,,,,,,,
994669,2016,2016-06-30,"Warner Park, Basseterre",2,1.6,Guyana Amazon Warriors,St Kitts and Nevis Patriots,DR Smith,MJ Guptill,S Badree,0,0,,,,,,,,,
994669,2016,2016-06-30,"Warner Park, Basseterre",2,2.1,Guyana Amazon Warriors,St Kitts and Nevis Patriots,MJ Guptill,DR Smith,NLTC Perera,4,0,,,,,,,,,
994669,2016,2016-06-30,"Warner Park, Basseterre",2,2.2,Guyana Amazon Warriors,St Kitts and Nevis Patriots,MJ Guptill,DR Smith,NLTC Perera,0,0,,,,,,,,,
994669,2016,2016-06-30,"Warner Park, Basseterre",2,2.3,Guyana Amazon Warriors,St Kitts and Nevis Patriots,MJ Guptill,DR Smith,NLTC Perera,1,0,,,,,,,,,
994669,2016,2016-06-30,"Warner Park, Basseterre",2,2.4,Guyana Amazon Warriors,St Kitts and Nevis Patriots,DR Smith,MJ Guptill,NLTC Perera,0,0,,,,,,,,,
994669,2016,2016-06-30,"Warner Park, Basseterre",2,2.5,Guyana Amazon Warriors,St Kitts and Nevis Patriots,DR Smith,MJ Guptill,NLTC Perera,1,0,,,,,,,,,
994669,2016,2016-06-30,"Warner Park, Basseterre",2,2.6,Guyana Amazon Warriors,St Kitts and Nevis Patriots,MJ Guptill,DR Smith,NLTC Perera,3,0,,,,,,,,,
994669,2016,2016-06-30,"Warner Park, Basseterre",2,3.1,Guyana Amazon Warriors,St Kitts and Nevis Patriots,MJ Guptill,DR Smith,CR Brathwaite,0,0,,,,,,,,,
994669,2016,2016-06-30,"Warner Park, Basseterre",2,3.2,Guyana Amazon Warriors,St Kitts and Nevis Patriots,MJ Guptill,DR Smith,CR Brathwaite,1,0,,,,,,,,,
994669,2016,2016-06-30,"Warner Park, Basseterre",2,3.3,Guyana Amazon Warriors,St Kitts and Nevis Patriots,DR Smith,MJ Guptill,CR Brathwaite,4,0,,,,,,,,,
994669,2016,2016-06-30,"Warner Park, Basseterre",2,3.4,Guyana Amazon Warriors,St Kitts and Nevis Patriots,DR Smith,MJ Guptill,CR Brathwaite,2,0,,,,,,,,,
994669,2016,2016-06-30,"Warner Park, Basseterre",2,3.5,Guyana Amazon Warriors,St Kitts and Nevis Patriots,DR Smith,MJ Guptill,CR Brathwaite,0,0,,,,,,,,,
994669,2016,2016-06-30,"Warner Park, Basseterre",2,3.6,Guyana Amazon Warriors,St Kitts and Nevis Patriots,DR Smith,MJ Guptill,CR Brathwaite,1,0,,,,,,,,,
994669,2016,2016-06-30,"Warner Park, Basseterre",2,4.1,Guyana Amazon Warriors,St Kitts and Nevis Patriots,DR Smith,MJ Guptill,NLTC Perera,0,0,,,,,,,,,
994669,2016,2016-06-30,"Warner Park, Basseterre",2,4.2,Guyana Amazon Warriors,St Kitts and Nevis Patriots,DR Smith,MJ Guptill,NLTC Perera,6,0,,,,,,,,,
994669,2016,2016-06-30,"Warner Park, Basseterre",2,4.3,Guyana Amazon Warriors,St Kitts and Nevis Patriots,DR Smith,MJ Guptill,NLTC Perera,1,0,,,,,,,,,
994669,2016,2016-06-30,"Warner Park, Basseterre",2,4.4,Guyana Amazon Warriors,St Kitts and Nevis Patriots,MJ Guptill,DR Smith,NLTC Perera,0,0,,,,,,,,,
994669,2016,2016-06-30,"Warner Park, Basseterre",2,4.5,Guyana Amazon Warriors,St Kitts and Nevis Patriots,MJ Guptill,DR Smith,NLTC Perera,0,0,,,,,,,,,
994669,2016,2016-06-30,"Warner Park, Basseterre",2,4.6,Guyana Amazon Warriors,St Kitts and Nevis Patriots,MJ Guptill,DR Smith,NLTC Perera,6,0,,,,,,,,,
994669,2016,2016-06-30,"Warner Park, Basseterre",2,5.1,Guyana Amazon Warriors,St Kitts and Nevis Patriots,DR Smith,MJ Guptill,CR Brathwaite,0,0,,,,,,,,,
994669,2016,2016-06-30,"Warner Park, Basseterre",2,5.2,Guyana Amazon Warriors,St Kitts and Nevis Patriots,DR Smith,MJ Guptill,CR Brathwaite,6,0,,,,,,,,,
994669,2016,2016-06-30,"Warner Park, Basseterre",2,5.3,Guyana Amazon Warriors,St Kitts and Nevis Patriots,DR Smith,MJ Guptill,CR Brathwaite,4,0,,,,,,,,,
994669,2016,2016-06-30,"Warner Park, Basseterre",2,5.4,Guyana Amazon Warriors,St Kitts and Nevis Patriots,DR Smith,MJ Guptill,CR Brathwaite,1,0,,,,,,,,,
994669,2016,2016-06-30,"Warner Park, Basseterre",2,5.5,Guyana Amazon Warriors,St Kitts and Nevis Patriots,MJ Guptill,DR Smith,CR Brathwaite,0,0,,,,,,,,,
994669,2016,2016-06-30,"Warner Park, Basseterre",2,5.6,Guyana Amazon Warriors,St Kitts and Nevis Patriots,MJ Guptill,DR Smith,CR Brathwaite,0,0,,,,,,caught,MJ Guptill,,
994669,2016,2016-06-30,"Warner Park, Basseterre",2,6.1,Guyana Amazon Warriors,St Kitts and Nevis Patriots,DR Smith,CA Lynn,T Shamsi,0,0,,,,,,,,,
994669,2016,2016-06-30,"Warner Park, Basseterre",2,6.2,Guyana Amazon Warriors,St Kitts and Nevis Patriots,DR Smith,CA Lynn,T Shamsi,0,0,,,,,,,,,
994669,2016,2016-06-30,"Warner Park, Basseterre",2,6.3,Guyana Amazon Warriors,St Kitts and Nevis Patriots,DR Smith,CA Lynn,T Shamsi,2,0,,,,,,,,,
994669,2016,2016-06-30,"Warner Park, Basseterre",2,6.4,Guyana Amazon Warriors,St Kitts and Nevis Patriots,DR Smith,CA Lynn,T Shamsi,0,0,,,,,,,,,
994669,2016,2016-06-30,"Warner Park, Basseterre",2,6.5,Guyana Amazon Warriors,St Kitts and Nevis Patriots,DR Smith,CA Lynn,T Shamsi,2,0,,,,,,,,,
994669,2016,2016-06-30,"Warner Park, Basseterre",2,6.6,Guyana Amazon Warriors,St Kitts and Nevis Patriots,DR Smith,CA Lynn,T Shamsi,0,0,,,,,,,,,
994669,2016,2016-06-30,"Warner Park, Basseterre",2,7.1,Guyana Amazon Warriors,St Kitts and Nevis Patriots,CA Lynn,DR Smith,S Badree,0,0,,,,,,,,,
994669,2016,2016-06-30,"Warner Park, Basseterre",2,7.2,Guyana Amazon Warriors,St Kitts and Nevis Patriots,CA Lynn,DR Smith,S Badree,1,0,,,,,,,,,
994669,2016,2016-06-30,"Warner Park, Basseterre",2,7.3,Guyana Amazon Warriors,St Kitts and Nevis Patriots,DR Smith,CA Lynn,S Badree,1,0,,,,,,,,,
994669,2016,2016-06-30,"Warner Park, Basseterre",2,7.4,Guyana Amazon Warriors,St Kitts and Nevis Patriots,CA Lynn,DR Smith,S Badree,1,0,,,,,,,,,
994669,2016,2016-06-30,"Warner Park, Basseterre",2,7.5,Guyana Amazon Warriors,St Kitts and Nevis Patriots,DR Smith,CA Lynn,S Badree,1,0,,,,,,,,,
994669,2016,2016-06-30,"Warner Park, Basseterre",2,7.6,Guyana Amazon Warriors,St Kitts and Nevis Patriots,CA Lynn,DR Smith,S Badree,2,0,,,,,,,,,
994669,2016,2016-06-30,"Warner Park, Basseterre",2,8.1,Guyana Amazon Warriors,St Kitts and Nevis Patriots,DR Smith,CA Lynn,T Shamsi,1,0,,,,,,,,,
994669,2016,2016-06-30,"Warner Park, Basseterre",2,8.2,Guyana Amazon Warriors,St Kitts and Nevis Patriots,CA Lynn,DR Smith,T Shamsi,0,0,,,,,,,,,
994669,2016,2016-06-30,"Warner Park, Basseterre",2,8.3,Guyana Amazon Warriors,St Kitts and Nevis Patriots,CA Lynn,DR Smith,T Shamsi,1,0,,,,,,,,,
994669,2016,2016-06-30,"Warner Park, Basseterre",2,8.4,Guyana Amazon Warriors,St Kitts and Nevis Patriots,DR Smith,CA Lynn,T Shamsi,0,0,,,,,,,,,
994669,2016,2016-06-30,"Warner Park, Basseterre",2,8.5,Guyana Amazon Warriors,St Kitts and Nevis Patriots,DR Smith,CA Lynn,T Shamsi,1,0,,,,,,,,,
994669,2016,2016-06-30,"Warner Park, Basseterre",2,8.6,Guyana Amazon Warriors,St Kitts and Nevis Patriots,CA Lynn,DR Smith,T Shamsi,0,0,,,,,,,,,
994669,2016,2016-06-30,"Warner Park, Basseterre",2,9.1,Guyana Amazon Warriors,St Kitts and Nevis Patriots,DR Smith,CA Lynn,S Badree,6,0,,,,,,,,,
994669,2016,2016-06-30,"Warner Park, Basseterre",2,9.2,Guyana Amazon Warriors,St Kitts and Nevis Patriots,DR Smith,CA Lynn,S Badree,1,0,,,,,,,,,
994669,2016,2016-06-30,"Warner Park, Basseterre",2,9.3,Guyana Amazon Warriors,St Kitts and Nevis Patriots,CA Lynn,DR Smith,S Badree,0,0,,,,,,,,,
994669,2016,2016-06-30,"Warner Park, Basseterre",2,9.4,Guyana Amazon Warriors,St Kitts and Nevis Patriots,CA Lynn,DR Smith,S Badree,1,0,,,,,,,,,
994669,2016,2016-06-30,"Warner Park, Basseterre",2,9.5,Guyana Amazon Warriors,St Kitts and Nevis Patriots,DR Smith,CA Lynn,S Badree,6,0,,,,,,,,,
994669,2016,2016-06-30,"Warner Park, Basseterre",2,9.6,Guyana Amazon Warriors,St Kitts and Nevis Patriots,DR Smith,CA Lynn,S Badree,1,0,,,,,,,,,
994669,2016,2016-06-30,"Warner Park, Basseterre",2,10.1,Guyana Amazon Warriors,St Kitts and Nevis Patriots,DR Smith,CA Lynn,K Santokie,0,1,1,,,,,,,,
994669,2016,2016-06-30,"Warner Park, Basseterre",2,10.2,Guyana Amazon Warriors,St Kitts and Nevis Patriots,DR Smith,CA Lynn,K Santokie,0,0,,,,,,caught,DR Smith,,
994669,2016,2016-06-30,"Warner Park, Basseterre",2,10.3,Guyana Amazon Warriors,St Kitts and Nevis Patriots,JN Mohammed,CA Lynn,K Santokie,0,0,,,,,,,,,
994669,2016,2016-06-30,"Warner Park, Basseterre",2,10.4,Guyana Amazon Warriors,St Kitts and Nevis Patriots,JN Mohammed,CA Lynn,K Santokie,0,0,,,,,,run out,CA Lynn,,
994669,2016,2016-06-30,"Warner Park, Basseterre",2,10.5,Guyana Amazon Warriors,St Kitts and Nevis Patriots,CD Barnwell,JN Mohammed,K Santokie,0,0,,,,,,,,,
994669,2016,2016-06-30,"Warner Park, Basseterre",2,10.6,Guyana Amazon Warriors,St Kitts and Nevis Patriots,CD Barnwell,JN Mohammed,K Santokie,2,0,,,,,,,,,
994669,2016,2016-06-30,"Warner Park, Basseterre",2,10.7,Guyana Amazon Warriors,St Kitts and Nevis Patriots,CD Barnwell,JN Mohammed,K Santokie,0,0,,,,,,,,,
994669,2016,2016-06-30,"Warner Park, Basseterre",2,11.1,Guyana Amazon Warriors,St Kitts and Nevis Patriots,JN Mohammed,CD Barnwell,S Badree,0,0,,,,,,,,,
994669,2016,2016-06-30,"Warner Park, Basseterre",2,11.2,Guyana Amazon Warriors,St Kitts and Nevis Patriots,JN Mohammed,CD Barnwell,S Badree,0,0,,,,,,,,,
994669,2016,2016-06-30,"Warner Park, Basseterre",2,11.3,Guyana Amazon Warriors,St Kitts and Nevis Patriots,JN Mohammed,CD Barnwell,S Badree,0,0,,,,,,,,,
994669,2016,2016-06-30,"Warner Park, Basseterre",2,11.4,Guyana Amazon Warriors,St Kitts and Nevis Patriots,JN Mohammed,CD Barnwell,S Badree,1,0,,,,,,,,,
994669,2016,2016-06-30,"Warner Park, Basseterre",2,11.5,Guyana Amazon Warriors,St Kitts and Nevis Patriots,CD Barnwell,JN Mohammed,S Badree,0,0,,,,,,,,,
994669,2016,2016-06-30,"Warner Park, Basseterre",2,11.6,Guyana Amazon Warriors,St Kitts and Nevis Patriots,CD Barnwell,JN Mohammed,S Badree,0,0,,,,,,,,,
994669,2016,2016-06-30,"Warner Park, Basseterre",2,12.1,Guyana Amazon Warriors,St Kitts and Nevis Patriots,JN Mohammed,CD Barnwell,T Shamsi,1,0,,,,,,,,,
994669,2016,2016-06-30,"Warner Park, Basseterre",2,12.2,Guyana Amazon Warriors,St Kitts and Nevis Patriots,CD Barnwell,JN Mohammed,T Shamsi,0,0,,,,,,,,,
994669,2016,2016-06-30,"Warner Park, Basseterre",2,12.3,Guyana Amazon Warriors,St Kitts and Nevis Patriots,CD Barnwell,JN Mohammed,T Shamsi,1,0,,,,,,,,,
994669,2016,2016-06-30,"Warner Park, Basseterre",2,12.4,Guyana Amazon Warriors,St Kitts and Nevis Patriots,JN Mohammed,CD Barnwell,T Shamsi,0,0,,,,,,,,,
994669,2016,2016-06-30,"Warner Park, Basseterre",2,12.5,Guyana Amazon Warriors,St Kitts and Nevis Patriots,JN Mohammed,CD Barnwell,T Shamsi,1,0,,,,,,,,,
994669,2016,2016-06-30,"Warner Park, Basseterre",2,12.6,Guyana Amazon Warriors,St Kitts and Nevis Patriots,CD Barnwell,JN Mohammed,T Shamsi,1,0,,,,,,,,,
994669,2016,2016-06-30,"Warner Park, Basseterre",2,13.1,Guyana Amazon Warriors,St Kitts and Nevis Patriots,CD Barnwell,JN Mohammed,CR Brathwaite,1,0,,,,,,,,,
994669,2016,2016-06-30,"Warner Park, Basseterre",2,13.2,Guyana Amazon Warriors,St Kitts and Nevis Patriots,JN Mohammed,CD Barnwell,CR Brathwaite,1,0,,,,,,,,,
994669,2016,2016-06-30,"Warner Park, Basseterre",2,13.3,Guyana Amazon Warriors,St Kitts and Nevis Patriots,CD Barnwell,JN Mohammed,CR Brathwaite,0,0,,,,,,,,,
994669,2016,2016-06-30,"Warner Park, Basseterre",2,13.4,Guyana Amazon Warriors,St Kitts and Nevis Patriots,CD Barnwell,JN Mohammed,CR Brathwaite,0,0,,,,,,caught,CD Barnwell,,
994669,2016,2016-06-30,"Warner Park, Basseterre",2,13.5,Guyana Amazon Warriors,St Kitts and Nevis Patriots,A Bramble,JN Mohammed,CR Brathwaite,1,0,,,,,,,,,
994669,2016,2016-06-30,"Warner Park, Basseterre",2,13.6,Guyana Amazon Warriors,St Kitts and Nevis Patriots,JN Mohammed,A Bramble,CR Brathwaite,1,0,,,,,,,,,
994669,2016,2016-06-30,"Warner Park, Basseterre",2,14.1,Guyana Amazon Warriors,St Kitts and Nevis Patriots,JN Mohammed,A Bramble,NLTC Perera,4,0,,,,,,,,,
994669,2016,2016-06-30,"Warner Park, Basseterre",2,14.2,Guyana Amazon Warriors,St Kitts and Nevis Patriots,JN Mohammed,A Bramble,NLTC Perera,1,0,,,,,,,,,
994669,2016,2016-06-30,"Warner Park, Basseterre",2,14.3,Guyana Amazon Warriors,St Kitts and Nevis Patriots,A Bramble,JN Mohammed,NLTC Perera,4,0,,,,,,,,,
994669,2016,2016-06-30,"Warner Park, Basseterre",2,14.4,Guyana Amazon Warriors,St Kitts and Nevis Patriots,A Bramble,JN Mohammed,NLTC Perera,0,1,1,,,,,,,,
994669,2016,2016-06-30,"Warner Park, Basseterre",2,14.5,Guyana Amazon Warriors,St Kitts and Nevis Patriots,A Bramble,JN Mohammed,NLTC Perera,1,0,,,,,,,,,
994669,2016,2016-06-30,"Warner Park, Basseterre",2,14.6,Guyana Amazon Warriors,St Kitts and Nevis Patriots,JN Mohammed,A Bramble,NLTC Perera,0,1,1,,,,,,,,
994669,2016,2016-06-30,"Warner Park, Basseterre",2,14.7,Guyana Amazon Warriors,St Kitts and Nevis Patriots,JN Mohammed,A Bramble,NLTC Perera,4,0,,,,,,,,,
994669,2016,2016-06-30,"Warner Park, Basseterre",2,14.8,Guyana Amazon Warriors,St Kitts and Nevis Patriots,JN Mohammed,A Bramble,NLTC Perera,0,0,,,,,,,,,
994669,2016,2016-06-30,"Warner Park, Basseterre",2,15.1,Guyana Amazon Warriors,St Kitts and Nevis Patriots,A Bramble,JN Mohammed,CR Brathwaite,2,0,,,,,,,,,
994669,2016,2016-06-30,"Warner Park, Basseterre",2,15.2,Guyana Amazon Warriors,St Kitts and Nevis Patriots,A Bramble,JN Mohammed,CR Brathwaite,1,0,,,,,,,,,
994669,2016,2016-06-30,"Warner Park, Basseterre",2,15.3,Guyana Amazon Warriors,St Kitts and Nevis Patriots,JN Mohammed,A Bramble,CR Brathwaite,0,1,1,,,,,,,,
994669,2016,2016-06-30,"Warner Park, Basseterre",2,15.4,Guyana Amazon Warriors,St Kitts and Nevis Patriots,JN Mohammed,A Bramble,CR Brathwaite,2,0,,,,,,,,,
994669,2016,2016-06-30,"Warner Park, Basseterre",2,15.5,Guyana Amazon Warriors,St Kitts and Nevis Patriots,JN Mohammed,A Bramble,CR Brathwaite,1,0,,,,,,,,,
994669,2016,2016-06-30,"Warner Park, Basseterre",2,15.6,Guyana Amazon Warriors,St Kitts and Nevis Patriots,A Bramble,JN Mohammed,CR Brathwaite,1,0,,,,,,,,,
994669,2016,2016-06-30,"Warner Park, Basseterre",2,15.7,Guyana Amazon Warriors,St Kitts and Nevis Patriots,JN Mohammed,A Bramble,CR Brathwaite,4,0,,,,,,,,,
994669,2016,2016-06-30,"Warner Park, Basseterre",2,16.1,Guyana Amazon Warriors,St Kitts and Nevis Patriots,A Bramble,JN Mohammed,T Shamsi,0,0,,,,,,,,,
994669,2016,2016-06-30,"Warner Park, Basseterre",2,16.2,Guyana Amazon Warriors,St Kitts and Nevis Patriots,A Bramble,JN Mohammed,T Shamsi,4,0,,,,,,,,,
994669,2016,2016-06-30,"Warner Park, Basseterre",2,16.3,Guyana Amazon Warriors,St Kitts and Nevis Patriots,A Bramble,JN Mohammed,T Shamsi,0,0,,,,,,,,,
994669,2016,2016-06-30,"Warner Park, Basseterre",2,16.4,Guyana Amazon Warriors,St Kitts and Nevis Patriots,A Bramble,JN Mohammed,T Shamsi,0,0,,,,,,caught,A Bramble,,
994669,2016,2016-06-30,"Warner Park, Basseterre",2,16.5,Guyana Amazon Warriors,St Kitts and Nevis Patriots,Sohail Tanvir,JN Mohammed,T Shamsi,0,0,,,,,,,,,
994669,2016,2016-06-30,"Warner Park, Basseterre",2,16.6,Guyana Amazon Warriors,St Kitts and Nevis Patriots,Sohail Tanvir,JN Mohammed,T Shamsi,1,0,,,,,,,,,
994669,2016,2016-06-30,"Warner Park, Basseterre",2,17.1,Guyana Amazon Warriors,St Kitts and Nevis Patriots,Sohail Tanvir,JN Mohammed,K Santokie,1,0,,,,,,,,,
994669,2016,2016-06-30,"Warner Park, Basseterre",2,17.2,Guyana Amazon Warriors,St Kitts and Nevis Patriots,JN Mohammed,Sohail Tanvir,K Santokie,2,0,,,,,,,,,
994669,2016,2016-06-30,"Warner Park, Basseterre",2,17.3,Guyana Amazon Warriors,St Kitts and Nevis Patriots,JN Mohammed,Sohail Tanvir,K Santokie,1,0,,,,,,,,,
994669,2016,2016-06-30,"Warner Park, Basseterre",2,17.4,Guyana Amazon Warriors,St Kitts and Nevis Patriots,Sohail Tanvir,JN Mohammed,K Santokie,0,1,,,,1,,,,,
994669,2016,2016-06-30,"Warner Park, Basseterre",2,17.5,Guyana Amazon Warriors,St Kitts and Nevis Patriots,JN Mohammed,Sohail Tanvir,K Santokie,4,0,,,,,,,,,
994669,2016,2016-06-30,"Warner Park, Basseterre",2,17.6,Guyana Amazon Warriors,St Kitts and Nevis Patriots,JN Mohammed,Sohail Tanvir,K Santokie,1,0,,,,,,,,,
994669,2016,2016-06-30,"Warner Park, Basseterre",2,18.1,Guyana Amazon Warriors,St Kitts and Nevis Patriots,JN Mohammed,Sohail Tanvir,NLTC Perera,2,0,,,,,,,,,
994669,2016,2016-06-30,"Warner Park, Basseterre",2,18.2,Guyana Amazon Warriors,St Kitts and Nevis Patriots,JN Mohammed,Sohail Tanvir,NLTC Perera,4,0,,,,,,,,,
994669,2016,2016-06-30,"Warner Park, Basseterre",2,18.3,Guyana Amazon Warriors,St Kitts and Nevis Patriots,JN Mohammed,Sohail Tanvir,NLTC Perera,0,0,,,,,,,,,
994669,2016,2016-06-30,"Warner Park, Basseterre",2,18.4,Guyana Amazon Warriors,St Kitts and Nevis Patriots,JN Mohammed,Sohail Tanvir,NLTC Perera,1,0,,,,,,,,,
994669,2016,2016-06-30,"Warner Park, Basseterre",2,18.5,Guyana Amazon Warriors,St Kitts and Nevis Patriots,Sohail Tanvir,JN Mohammed,NLTC Perera,0,1,1,,,,,,,,
994669,2016,2016-06-30,"Warner Park, Basseterre",2,18.6,Guyana Amazon Warriors,St Kitts and Nevis Patriots,Sohail Tanvir,JN Mohammed,NLTC Perera,4,0,,,,,,,,,
994669,2016,2016-06-30,"Warner Park, Basseterre",2,18.7,Guyana Amazon Warriors,St Kitts and Nevis Patriots,Sohail Tanvir,JN Mohammed,NLTC Perera,1,0,,,,,,,,,
994669,2016,2016-06-30,"Warner Park, Basseterre",2,19.1,Guyana Amazon Warriors,St Kitts and Nevis Patriots,Sohail Tanvir,JN Mohammed,K Santokie,0,0,,,,,,,,,
994669,2016,2016-06-30,"Warner Park, Basseterre",2,19.2,Guyana Amazon Warriors,St Kitts and Nevis Patriots,Sohail Tanvir,JN Mohammed,K Santokie,1,0,,,,,,,,,
994669,2016,2016-06-30,"Warner Park, Basseterre",2,19.3,Guyana Amazon Warriors,St Kitts and Nevis Patriots,JN Mohammed,Sohail Tanvir,K Santokie,0,0,,,,,,run out,Sohail Tanvir,,
994669,2016,2016-06-30,"Warner Park, Basseterre",2,19.4,Guyana Amazon Warriors,St Kitts and Nevis Patriots,JN Mohammed,V Permaul,K Santokie,4,0,,,,,,,,,
994669,2016,2016-06-30,"Warner Park, Basseterre",2,19.5,Guyana Amazon Warriors,St Kitts and Nevis Patriots,JN Mohammed,V Permaul,K Santokie,2,0,,,,,,,,,
