version,2.1.0
info,balls_per_over,6
info,team,South Africa
info,team,New Zealand
info,gender,male
info,season,2005/06
info,date,2005/10/21
info,venue,New Wanderers Stadium
info,city,Johannesburg
info,toss_winner,New Zealand
info,toss_decision,field
info,player_of_match,JS Patel
info,umpire,IL Howell
info,umpire,BG Jerling
info,tv_umpire,KH Hurter
info,match_referee,BC Broad
info,winner,New Zealand
info,winner_wickets,5
info,player,New Zealand,SP Fleming
info,player,New Zealand,NJ Astle
info,player,New Zealand,HJH Marshall
info,player,New Zealand,CD McMillan
info,player,New Zealand,SB Styris
info,player,New Zealand,JDP Oram
info,player,New Zealand,BB McCullum
info,player,New Zealand,KD Mills
info,player,New Zealand,AR Adams
info,player,New Zealand,SE Bond
info,player,New Zealand,JAH Marshall
info,player,New Zealand,JS Patel
info,player,South Africa,GC Smith
info,player,South Africa,JH Kallis
info,player,South Africa,HH Gibbs
info,player,South Africa,JM Kemp
info,player,South Africa,MV Boucher
info,player,South Africa,SM Pollock
info,player,South Africa,AG Prince
info,player,South Africa,JA Morkel
info,player,South Africa,CK Langeveldt
info,player,South Africa,M Ntini
info,player,South Africa,A Nel
info,player,South Africa,N Boje
info,registry,people,A Nel,2503e881
info,registry,people,AG Prince,035cb925
info,registry,people,AR Adams,525c3f54
info,registry,people,BB McCullum,b8a55852
info,registry,people,BC Broad,d6a7dd38
info,registry,people,BG Jerling,26457e41
info,registry,people,CD McMillan,f5390243
info,registry,people,CK Langeveldt,d1c94b25
info,registry,people,GC Smith,72861603
info,registry,people,HH Gibbs,e1d1b294
info,registry,people,HJH Marshall,70542bef
info,registry,people,IL Howell,c1cd91c3
info,registry,people,JA Morkel,c3d35165
info,registry,people,JAH Marshall,fdac5295
info,registry,people,JDP Oram,3eac9d95
info,registry,people,JH Kallis,86dc8f2e
info,registry,people,JM Kemp,6581d753
info,registry,people,JS Patel,f5821615
info,registry,people,KD Mills,7fb32e5b
info,registry,people,KH Hurter,bda8cca8
info,registry,people,M Ntini,20a941bb
info,registry,people,MV Boucher,f3cb53a1
info,registry,people,N Boje,6a0537aa
info,registry,people,NJ Astle,99639abf
info,registry,people,SB Styris,57efa3be
info,registry,people,SE Bond,4f629497
info,registry,people,SM Pollock,88fccd6c
info,registry,people,SP Fleming,eea6b7f1
