version,2.1.0
info,balls_per_over,6
info,team,New Zealand
info,team,South Africa
info,gender,male
info,season,2009
info,date,2009/06/09
info,event,ICC World Twenty20
info,match_number,10
info,venue,Lord's
info,city,London
info,toss_winner,New Zealand
info,toss_decision,field
info,player_of_match,RE van der Merwe
info,umpire,Asad Rauf
info,umpire,DJ Harper
info,reserve_umpire,BR Doctrove
info,tv_umpire,AM Saheba
info,match_referee,AG Hurst
info,winner,South Africa
info,winner_runs,1
info,player,New Zealand,BB McCullum
info,player,New Zealand,MJ Guptill
info,player,New Zealand,NT Broom
info,player,New Zealand,LRPL Taylor
info,player,New Zealand,JDP Oram
info,player,New Zealand,SB Styris
info,player,New Zealand,PD McGlashan
info,player,New Zealand,NL McCullum
info,player,New Zealand,IG Butler
info,player,New Zealand,KD Mills
info,player,New Zealand,BJ Diamanti
info,player,South Africa,JH Kallis
info,player,South Africa,GC Smith
info,player,South Africa,HH Gibbs
info,player,South Africa,RE van der Merwe
info,player,South Africa,JP Duminy
info,player,South Africa,AB de Villiers
info,player,South Africa,MV Boucher
info,player,South Africa,JA Morkel
info,player,South Africa,J Botha
info,player,South Africa,DW Steyn
info,player,South Africa,WD Parnell
info,registry,people,AB de Villiers,c4487b84
info,registry,people,AG Hurst,ad7945c6
info,registry,people,AM Saheba,883e3818
info,registry,people,Asad Rauf,861606b7
info,registry,people,BB McCullum,b8a55852
info,registry,people,BJ Diamanti,549aefcd
info,registry,people,BR Doctrove,cbebf805
info,registry,people,DJ Harper,0ec08b27
info,registry,people,DW Steyn,8fd1a8f5
info,registry,people,GC Smith,72861603
info,registry,people,HH Gibbs,e1d1b294
info,registry,people,IG Butler,b68a30f0
info,registry,people,J Botha,7c503806
info,registry,people,JA Morkel,c3d35165
info,registry,people,JDP Oram,3eac9d95
info,registry,people,JH Kallis,86dc8f2e
info,registry,people,JP Duminy,2e8994e7
info,registry,people,KD Mills,7fb32e5b
info,registry,people,LRPL Taylor,b61a3e1a
info,registry,people,MJ Guptill,2be41edb
info,registry,people,MV Boucher,f3cb53a1
info,registry,people,NL McCullum,5673a3fc
info,registry,people,NT Broom,a354c917
info,registry,people,PD McGlashan,024fe464
info,registry,people,RE van der Merwe,05c2ca46
info,registry,people,SB Styris,57efa3be
info,registry,people,WD Parnell,3a60e0b5
