version,2.1.0
info,balls_per_over,6
info,team,Sri Lanka
info,team,West Indies
info,gender,male
info,season,2009
info,date,2009/06/19
info,event,ICC World Twenty20
info,venue,Kennington Oval
info,city,London
info,toss_winner,West Indies
info,toss_decision,field
info,player_of_match,TM Dilshan
info,umpire,Aleem Dar
info,umpire,RE Koertzen
info,reserve_umpire,AM Saheba
info,tv_umpire,DJ Harper
info,match_referee,AG Hurst
info,winner,Sri Lanka
info,winner_runs,57
info,player,Sri Lanka,TM Dilshan
info,player,Sri Lanka,ST Jayasuriya
info,player,Sri Lanka,KC Sangakkara
info,player,Sri Lanka,DPMD Jayawardene
info,player,Sri Lanka,LPC Silva
info,player,Sri Lanka,J Mubarak
info,player,Sri Lanka,AD Mathews
info,player,Sri Lanka,I Udana
info,player,Sri Lanka,SL Malinga
info,player,Sri Lanka,M Muralitharan
info,player,Sri Lanka,BAW Mendis
info,player,West Indies,CH Gayle
info,player,West Indies,XM Marshall
info,player,West Indies,LMP Simmons
info,player,West Indies,DJ Bravo
info,player,West Indies,S Chanderpaul
info,player,West Indies,RR Sarwan
info,player,West Indies,KA Pollard
info,player,West Indies,D Ramdin
info,player,West Indies,JE Taylor
info,player,West Indies,DJG Sammy
info,player,West Indies,SJ Benn
info,registry,people,AD Mathews,896d78ad
info,registry,people,AG Hurst,ad7945c6
info,registry,people,AM Saheba,883e3818
info,registry,people,Aleem Dar,f02778d1
info,registry,people,BAW Mendis,ea0cdc12
info,registry,people,CH Gayle,db584dad
info,registry,people,D Ramdin,d1523761
info,registry,people,DJ Bravo,87e562a9
info,registry,people,DJ Harper,0ec08b27
info,registry,people,DJG Sammy,c03c6200
info,registry,people,DPMD Jayawardene,d18f9182
info,registry,people,I Udana,ac5ae4af
info,registry,people,J Mubarak,a9520ac2
info,registry,people,JE Taylor,4180d897
info,registry,people,KA Pollard,a757b0d8
info,registry,people,KC Sangakkara,6b71e6cf
info,registry,people,KMDN Kulasekara,469ea22b
info,registry,people,LMP Simmons,89f64c19
info,registry,people,LPC Silva,1be70c88
info,registry,people,M Muralitharan,4ba44e19
info,registry,people,RE Koertzen,0265fab2
info,registry,people,RR Sarwan,36d33dd0
info,registry,people,S Chanderpaul,881a9bdd
info,registry,people,SJ Benn,364ee2cf
info,registry,people,SL Malinga,a12e1d51
info,registry,people,ST Jayasuriya,f233bbb4
info,registry,people,TM Dilshan,5bdcdb72
info,registry,people,XM Marshall,ffb504b1
