version,2.1.0
info,balls_per_over,6
info,team,Australia
info,team,India
info,gender,male
info,season,2010
info,date,2010/05/07
info,event,ICC World Twenty20
info,match_number,15
info,venue,"Kensington Oval, Bridgetown"
info,city,Barbados
info,toss_winner,India
info,toss_decision,field
info,player_of_match,DA Warner
info,umpire,BF Bowden
info,umpire,BR Doctrove
info,reserve_umpire,RE Koertzen
info,tv_umpire,IJ Gould
info,match_referee,RS Madugalle
info,winner,Australia
info,winner_runs,49
info,player,Australia,SR Watson
info,player,Australia,DA Warner
info,player,Australia,DJ Hussey
info,player,Australia,BJ Haddin
info,player,Australia,CL White
info,player,Australia,MEK Hussey
info,player,Australia,SPD Smith
info,player,Australia,MJ Clarke
info,player,Australia,MG Johnson
info,player,Australia,SW Tait
info,player,Australia,DP Nannes
info,player,India,M Vijay
info,player,India,G Gambhir
info,player,India,SK Raina
info,player,India,RG Sharma
info,player,India,Yuvraj Singh
info,player,India,MS Dhoni
info,player,India,YK Pathan
info,player,India,RA Jadeja
info,player,India,Harbhajan Singh
info,player,India,Z Khan
info,player,India,A Nehra
info,registry,people,A Nehra,96fd40ae
info,registry,people,BF Bowden,efc0a862
info,registry,people,BJ Haddin,b0c772ee
info,registry,people,BR Doctrove,cbebf805
info,registry,people,CL White,d0513f63
info,registry,people,DA Warner,dcce6f09
info,registry,people,DJ Hussey,fd835ab3
info,registry,people,DP Nannes,c404f58a
info,registry,people,G Gambhir,bb345e0b
info,registry,people,Harbhajan Singh,8b5b6769
info,registry,people,IJ Gould,a9dfdf6c
info,registry,people,M Vijay,4b57e452
info,registry,people,MEK Hussey,48fd7349
info,registry,people,MG Johnson,f5180fe6
info,registry,people,MJ Clarke,f842c2cf
info,registry,people,MS Dhoni,4a8a2e3b
info,registry,people,RA Jadeja,fe93fd9d
info,registry,people,RE Koertzen,0265fab2
info,registry,people,RG Sharma,740742ef
info,registry,people,RS Madugalle,766b5798
info,registry,people,SK Raina,1dc12ab9
info,registry,people,SPD Smith,30a45b23
info,registry,people,SR Watson,4329fbb5
info,registry,people,SW Tait,addfb70e
info,registry,people,YK Pathan,3c6ffae8
info,registry,people,Yuvraj Singh,1c914163
info,registry,people,Z Khan,91a4a398
