version,2.1.0
info,balls_per_over,6
info,team,Afghanistan
info,team,India
info,gender,male
info,season,2012/13
info,date,2012/09/19
info,event,ICC World Twenty20
info,match_number,3
info,venue,R Premadasa Stadium
info,city,Colombo
info,toss_winner,Afghanistan
info,toss_decision,field
info,player_of_match,V Kohli
info,umpire,Asad Rauf
info,umpire,SJA Taufel
info,reserve_umpire,HDPK Dharmasena
info,tv_umpire,Aleem Dar
info,match_referee,RS Madugalle
info,winner,India
info,winner_runs,23
info,player,Afghanistan,Mohammad Shahzad
info,player,Afghanistan,Nawroz Mangal
info,player,Afghanistan,Karim Sadiq
info,player,Afghanistan,Asghar Stanikzai
info,player,Afghanistan,Mohammad Nabi
info,player,Afghanistan,Samiullah Shenwari
info,player,Afghanistan,Shafiqullah
info,player,Afghanistan,Gulbadin Naib
info,player,Afghanistan,Najibullah Zadran
info,player,Afghanistan,Dawlat Zadran
info,player,Afghanistan,Shapoor Zadran
info,player,India,G Gambhir
info,player,India,V Sehwag
info,player,India,V Kohli
info,player,India,Yuvraj Singh
info,player,India,SK Raina
info,player,India,MS Dhoni
info,player,India,RG Sharma
info,player,India,IK Pathan
info,player,India,R Ashwin
info,player,India,Z Khan
info,player,India,L Balaji
info,registry,people,Aleem Dar,f02778d1
info,registry,people,Asad Rauf,861606b7
info,registry,people,Asghar Stanikzai,88679525
info,registry,people,Dawlat Zadran,1fba2ae3
info,registry,people,G Gambhir,bb345e0b
info,registry,people,Gulbadin Naib,9f77963a
info,registry,people,HDPK Dharmasena,323e4c16
info,registry,people,IK Pathan,5fa06777
info,registry,people,Karim Sadiq,13e5908b
info,registry,people,L Balaji,b2b50355
info,registry,people,MS Dhoni,4a8a2e3b
info,registry,people,Mohammad Nabi,62af8546
info,registry,people,Mohammad Shahzad,d6dcb0c9
info,registry,people,Najibullah Zadran,1212cbec
info,registry,people,Nawroz Mangal,0503ae22
info,registry,people,R Ashwin,495d42a5
info,registry,people,RG Sharma,740742ef
info,registry,people,RS Madugalle,766b5798
info,registry,people,SJA Taufel,4b43d5ac
info,registry,people,SK Raina,1dc12ab9
info,registry,people,Samiullah Shenwari,61646132
info,registry,people,Shafiqullah,ba4d600a
info,registry,people,Shapoor Zadran,fccebff9
info,registry,people,V Kohli,ba607b88
info,registry,people,V Sehwag,8ba8195d
info,registry,people,Yuvraj Singh,1c914163
info,registry,people,Z Khan,91a4a398
