match_id,season,start_date,venue,innings,ball,batting_team,bowling_team,striker,non_striker,bowler,runs_off_bat,extras,wides,noballs,byes,legbyes,penalty,wicket_type,player_dismissed,other_wicket_type,other_player_dismissed
1252697,2021,2021-08-18,"Sophia Gardens, Cardiff",1,0.1,London Spirit,Welsh Fire,AM Rossington,JP Inglis,JJ Cobb,1,0,,,,,,,,,
1252697,2021,2021-08-18,"Sophia Gardens, Cardiff",1,0.2,London Spirit,Welsh Fire,JP Inglis,AM Rossington,JJ Cobb,0,0,,,,,,,,,
1252697,2021,2021-08-18,"Sophia Gardens, Cardiff",1,0.3,London Spirit,Welsh Fire,JP Inglis,AM Rossington,JJ Cobb,1,0,,,,,,,,,
1252697,2021,2021-08-18,"Sophia Gardens, Cardiff",1,0.4,London Spirit,Welsh Fire,AM Rossington,JP Inglis,JJ Cobb,1,0,,,,,,,,,
1252697,2021,2021-08-18,"Sophia Gardens, Cardiff",1,0.5,London Spirit,Welsh Fire,JP Inglis,AM Rossington,JJ Cobb,0,0,,,,,,,,,
1252697,2021,2021-08-18,"Sophia Gardens, Cardiff",1,1.1,London Spirit,Welsh Fire,JP Inglis,AM Rossington,LJ Fletcher,0,0,,,,,,,,,
1252697,2021,2021-08-18,"Sophia Gardens, Cardiff",1,1.2,London Spirit,Welsh Fire,JP Inglis,AM Rossington,LJ Fletcher,0,0,,,,,,,,,
1252697,2021,2021-08-18,"Sophia Gardens, Cardiff",1,1.3,London Spirit,Welsh Fire,JP Inglis,AM Rossington,LJ Fletcher,1,0,,,,,,,,,
1252697,2021,2021-08-18,"Sophia Gardens, Cardiff",1,1.4,London Spirit,Welsh Fire,AM Rossington,JP Inglis,LJ Fletcher,1,0,,,,,,,,,
1252697,2021,2021-08-18,"Sophia Gardens, Cardiff",1,1.5,London Spirit,Welsh Fire,JP Inglis,AM Rossington,LJ Fletcher,1,0,,,,,,,,,
1252697,2021,2021-08-18,"Sophia Gardens, Cardiff",1,2.1,London Spirit,Welsh Fire,JP Inglis,AM Rossington,ME Milnes,1,0,,,,,,,,,
1252697,2021,2021-08-18,"Sophia Gardens, Cardiff",1,2.2,London Spirit,Welsh Fire,AM Rossington,JP Inglis,ME Milnes,1,0,,,,,,,,,
1252697,2021,2021-08-18,"Sophia Gardens, Cardiff",1,2.3,London Spirit,Welsh Fire,JP Inglis,AM Rossington,ME Milnes,6,0,,,,,,,,,
1252697,2021,2021-08-18,"Sophia Gardens, Cardiff",1,2.4,London Spirit,Welsh Fire,JP Inglis,AM Rossington,ME Milnes,1,0,,,,,,,,,
1252697,2021,2021-08-18,"Sophia Gardens, Cardiff",1,2.5,London Spirit,Welsh Fire,AM Rossington,JP Inglis,ME Milnes,4,0,,,,,,,,,
1252697,2021,2021-08-18,"Sophia Gardens, Cardiff",1,3.1,London Spirit,Welsh Fire,AM Rossington,JP Inglis,LJ Fletcher,0,0,,,,,,,,,
1252697,2021,2021-08-18,"Sophia Gardens, Cardiff",1,3.2,London Spirit,Welsh Fire,AM Rossington,JP Inglis,LJ Fletcher,4,0,,,,,,,,,
1252697,2021,2021-08-18,"Sophia Gardens, Cardiff",1,3.3,London Spirit,Welsh Fire,AM Rossington,JP Inglis,LJ Fletcher,0,0,,,,,,,,,
1252697,2021,2021-08-18,"Sophia Gardens, Cardiff",1,3.4,London Spirit,Welsh Fire,AM Rossington,JP Inglis,LJ Fletcher,1,0,,,,,,,,,
1252697,2021,2021-08-18,"Sophia Gardens, Cardiff",1,3.5,London Spirit,Welsh Fire,JP Inglis,AM Rossington,LJ Fletcher,4,0,,,,,,,,,
1252697,2021,2021-08-18,"Sophia Gardens, Cardiff",1,4.1,London Spirit,Welsh Fire,AM Rossington,JP Inglis,ME Milnes,1,0,,,,,,,,,
1252697,2021,2021-08-18,"Sophia Gardens, Cardiff",1,4.2,London Spirit,Welsh Fire,JP Inglis,AM Rossington,ME Milnes,1,0,,,,,,,,,
1252697,2021,2021-08-18,"Sophia Gardens, Cardiff",1,4.3,London Spirit,Welsh Fire,AM Rossington,JP Inglis,ME Milnes,1,0,,,,,,,,,
1252697,2021,2021-08-18,"Sophia Gardens, Cardiff",1,4.4,London Spirit,Welsh Fire,JP Inglis,AM Rossington,ME Milnes,6,0,,,,,,,,,
1252697,2021,2021-08-18,"Sophia Gardens, Cardiff",1,4.5,London Spirit,Welsh Fire,JP Inglis,AM Rossington,ME Milnes,1,0,,,,,,,,,
1252697,2021,2021-08-18,"Sophia Gardens, Cardiff",1,5.1,London Spirit,Welsh Fire,AM Rossington,JP Inglis,MJJ Critchley,1,0,,,,,,,,,
1252697,2021,2021-08-18,"Sophia Gardens, Cardiff",1,5.2,London Spirit,Welsh Fire,JP Inglis,AM Rossington,MJJ Critchley,0,0,,,,,,,,,
1252697,2021,2021-08-18,"Sophia Gardens, Cardiff",1,5.3,London Spirit,Welsh Fire,JP Inglis,AM Rossington,MJJ Critchley,1,0,,,,,,,,,
1252697,2021,2021-08-18,"Sophia Gardens, Cardiff",1,5.4,London Spirit,Welsh Fire,AM Rossington,JP Inglis,MJJ Critchley,0,0,,,,,,caught,AM Rossington,,
1252697,2021,2021-08-18,"Sophia Gardens, Cardiff",1,5.5,London Spirit,Welsh Fire,JB Cracknell,JP Inglis,MJJ Critchley,1,0,,,,,,,,,
1252697,2021,2021-08-18,"Sophia Gardens, Cardiff",1,6.1,London Spirit,Welsh Fire,JB Cracknell,JP Inglis,Qais Ahmad,1,0,,,,,,,,,
1252697,2021,2021-08-18,"Sophia Gardens, Cardiff",1,6.2,London Spirit,Welsh Fire,JP Inglis,JB Cracknell,Qais Ahmad,1,0,,,,,,,,,
1252697,2021,2021-08-18,"Sophia Gardens, Cardiff",1,6.3,London Spirit,Welsh Fire,JB Cracknell,JP Inglis,Qais Ahmad,1,0,,,,,,,,,
1252697,2021,2021-08-18,"Sophia Gardens, Cardiff",1,6.4,London Spirit,Welsh Fire,JP Inglis,JB Cracknell,Qais Ahmad,1,0,,,,,,,,,
1252697,2021,2021-08-18,"Sophia Gardens, Cardiff",1,6.5,London Spirit,Welsh Fire,JB Cracknell,JP Inglis,Qais Ahmad,1,0,,,,,,,,,
1252697,2021,2021-08-18,"Sophia Gardens, Cardiff",1,7.1,London Spirit,Welsh Fire,JP Inglis,JB Cracknell,MJJ Critchley,1,0,,,,,,,,,
1252697,2021,2021-08-18,"Sophia Gardens, Cardiff",1,7.2,London Spirit,Welsh Fire,JB Cracknell,JP Inglis,MJJ Critchley,0,0,,,,,,,,,
1252697,2021,2021-08-18,"Sophia Gardens, Cardiff",1,7.3,London Spirit,Welsh Fire,JB Cracknell,JP Inglis,MJJ Critchley,1,0,,,,,,,,,
1252697,2021,2021-08-18,"Sophia Gardens, Cardiff",1,7.4,London Spirit,Welsh Fire,JP Inglis,JB Cracknell,MJJ Critchley,4,0,,,,,,,,,
1252697,2021,2021-08-18,"Sophia Gardens, Cardiff",1,7.5,London Spirit,Welsh Fire,JP Inglis,JB Cracknell,MJJ Critchley,1,0,,,,,,,,,
1252697,2021,2021-08-18,"Sophia Gardens, Cardiff",1,8.1,London Spirit,Welsh Fire,JP Inglis,JB Cracknell,JJ Cobb,4,0,,,,,,,,,
1252697,2021,2021-08-18,"Sophia Gardens, Cardiff",1,8.2,London Spirit,Welsh Fire,JP Inglis,JB Cracknell,JJ Cobb,1,0,,,,,,,,,
1252697,2021,2021-08-18,"Sophia Gardens, Cardiff",1,8.3,London Spirit,Welsh Fire,JB Cracknell,JP Inglis,JJ Cobb,0,0,,,,,,,,,
1252697,2021,2021-08-18,"Sophia Gardens, Cardiff",1,8.4,London Spirit,Welsh Fire,JB Cracknell,JP Inglis,JJ Cobb,0,0,,,,,,,,,
1252697,2021,2021-08-18,"Sophia Gardens, Cardiff",1,8.5,London Spirit,Welsh Fire,JB Cracknell,JP Inglis,JJ Cobb,1,0,,,,,,,,,
1252697,2021,2021-08-18,"Sophia Gardens, Cardiff",1,9.1,London Spirit,Welsh Fire,JP Inglis,JB Cracknell,RF Higgins,0,0,,,,,,,,,
1252697,2021,2021-08-18,"Sophia Gardens, Cardiff",1,9.2,London Spirit,Welsh Fire,JP Inglis,JB Cracknell,RF Higgins,1,0,,,,,,,,,
1252697,2021,2021-08-18,"Sophia Gardens, Cardiff",1,9.3,London Spirit,Welsh Fire,JB Cracknell,JP Inglis,RF Higgins,2,0,,,,,,,,,
1252697,2021,2021-08-18,"Sophia Gardens, Cardiff",1,9.4,London Spirit,Welsh Fire,JB Cracknell,JP Inglis,RF Higgins,1,0,,,,,,,,,
1252697,2021,2021-08-18,"Sophia Gardens, Cardiff",1,9.5,London Spirit,Welsh Fire,JP Inglis,JB Cracknell,RF Higgins,2,0,,,,,,,,,
1252697,2021,2021-08-18,"Sophia Gardens, Cardiff",1,10.1,London Spirit,Welsh Fire,JB Cracknell,JP Inglis,Qais Ahmad,6,0,,,,,,,,,
1252697,2021,2021-08-18,"Sophia Gardens, Cardiff",1,10.2,London Spirit,Welsh Fire,JB Cracknell,JP Inglis,Qais Ahmad,4,0,,,,,,,,,
1252697,2021,2021-08-18,"Sophia Gardens, Cardiff",1,10.3,London Spirit,Welsh Fire,JB Cracknell,JP Inglis,Qais Ahmad,0,0,,,,,,,,,
1252697,2021,2021-08-18,"Sophia Gardens, Cardiff",1,10.4,London Spirit,Welsh Fire,JB Cracknell,JP Inglis,Qais Ahmad,1,0,,,,,,,,,
1252697,2021,2021-08-18,"Sophia Gardens, Cardiff",1,10.5,London Spirit,Welsh Fire,JP Inglis,JB Cracknell,Qais Ahmad,1,0,,,,,,,,,
1252697,2021,2021-08-18,"Sophia Gardens, Cardiff",1,11.1,London Spirit,Welsh Fire,JB Cracknell,JP Inglis,ME Milnes,4,0,,,,,,,,,
1252697,2021,2021-08-18,"Sophia Gardens, Cardiff",1,11.2,London Spirit,Welsh Fire,JB Cracknell,JP Inglis,ME Milnes,1,0,,,,,,,,,
1252697,2021,2021-08-18,"Sophia Gardens, Cardiff",1,11.3,London Spirit,Welsh Fire,JP Inglis,JB Cracknell,ME Milnes,1,0,,,,,,,,,
1252697,2021,2021-08-18,"Sophia Gardens, Cardiff",1,11.4,London Spirit,Welsh Fire,JB Cracknell,JP Inglis,ME Milnes,6,0,,,,,,,,,
1252697,2021,2021-08-18,"Sophia Gardens, Cardiff",1,11.5,London Spirit,Welsh Fire,JB Cracknell,JP Inglis,ME Milnes,1,0,,,,,,,,,
1252697,2021,2021-08-18,"Sophia Gardens, Cardiff",1,12.1,London Spirit,Welsh Fire,JB Cracknell,JP Inglis,MJJ Critchley,1,0,,,,,,,,,
1252697,2021,2021-08-18,"Sophia Gardens, Cardiff",1,12.2,London Spirit,Welsh Fire,JP Inglis,JB Cracknell,MJJ Critchley,6,0,,,,,,,,,
1252697,2021,2021-08-18,"Sophia Gardens, Cardiff",1,12.3,London Spirit,Welsh Fire,JP Inglis,JB Cracknell,MJJ Critchley,1,0,,,,,,,,,
1252697,2021,2021-08-18,"Sophia Gardens, Cardiff",1,12.4,London Spirit,Welsh Fire,JB Cracknell,JP Inglis,MJJ Critchley,1,0,,,,,,,,,
1252697,2021,2021-08-18,"Sophia Gardens, Cardiff",1,12.5,London Spirit,Welsh Fire,JP Inglis,JB Cracknell,MJJ Critchley,1,0,,,,,,,,,
1252697,2021,2021-08-18,"Sophia Gardens, Cardiff",1,13.1,London Spirit,Welsh Fire,JB Cracknell,JP Inglis,JJ Cobb,1,0,,,,,,,,,
1252697,2021,2021-08-18,"Sophia Gardens, Cardiff",1,13.2,London Spirit,Welsh Fire,JP Inglis,JB Cracknell,JJ Cobb,0,0,,,,,,,,,
1252697,2021,2021-08-18,"Sophia Gardens, Cardiff",1,13.3,London Spirit,Welsh Fire,JP Inglis,JB Cracknell,JJ Cobb,4,0,,,,,,,,,
1252697,2021,2021-08-18,"Sophia Gardens, Cardiff",1,13.4,London Spirit,Welsh Fire,JP Inglis,JB Cracknell,JJ Cobb,4,0,,,,,,,,,
1252697,2021,2021-08-18,"Sophia Gardens, Cardiff",1,13.5,London Spirit,Welsh Fire,JP Inglis,JB Cracknell,JJ Cobb,4,0,,,,,,,,,
1252697,2021,2021-08-18,"Sophia Gardens, Cardiff",1,14.1,London Spirit,Welsh Fire,JB Cracknell,JP Inglis,RF Higgins,0,0,,,,,,,,,
1252697,2021,2021-08-18,"Sophia Gardens, Cardiff",1,14.2,London Spirit,Welsh Fire,JB Cracknell,JP Inglis,RF Higgins,0,0,,,,,,caught,JB Cracknell,,
1252697,2021,2021-08-18,"Sophia Gardens, Cardiff",1,14.3,London Spirit,Welsh Fire,EJG Morgan,JP Inglis,RF Higgins,1,0,,,,,,,,,
1252697,2021,2021-08-18,"Sophia Gardens, Cardiff",1,14.4,London Spirit,Welsh Fire,JP Inglis,EJG Morgan,RF Higgins,1,0,,,,,,,,,
1252697,2021,2021-08-18,"Sophia Gardens, Cardiff",1,14.5,London Spirit,Welsh Fire,EJG Morgan,JP Inglis,RF Higgins,1,0,,,,,,,,,
1252697,2021,2021-08-18,"Sophia Gardens, Cardiff",1,15.1,London Spirit,Welsh Fire,JP Inglis,EJG Morgan,Qais Ahmad,1,0,,,,,,,,,
1252697,2021,2021-08-18,"Sophia Gardens, Cardiff",1,15.2,London Spirit,Welsh Fire,EJG Morgan,JP Inglis,Qais Ahmad,1,0,,,,,,,,,
1252697,2021,2021-08-18,"Sophia Gardens, Cardiff",1,15.3,London Spirit,Welsh Fire,JP Inglis,EJG Morgan,Qais Ahmad,4,0,,,,,,,,,
1252697,2021,2021-08-18,"Sophia Gardens, Cardiff",1,15.4,London Spirit,Welsh Fire,JP Inglis,EJG Morgan,Qais Ahmad,1,0,,,,,,,,,
1252697,2021,2021-08-18,"Sophia Gardens, Cardiff",1,15.5,London Spirit,Welsh Fire,EJG Morgan,JP Inglis,Qais Ahmad,1,0,,,,,,,,,
1252697,2021,2021-08-18,"Sophia Gardens, Cardiff",1,16.1,London Spirit,Welsh Fire,EJG Morgan,JP Inglis,LJ Fletcher,6,0,,,,,,,,,
1252697,2021,2021-08-18,"Sophia Gardens, Cardiff",1,16.2,London Spirit,Welsh Fire,EJG Morgan,JP Inglis,LJ Fletcher,1,0,,,,,,,,,
1252697,2021,2021-08-18,"Sophia Gardens, Cardiff",1,16.3,London Spirit,Welsh Fire,JP Inglis,EJG Morgan,LJ Fletcher,1,0,,,,,,,,,
1252697,2021,2021-08-18,"Sophia Gardens, Cardiff",1,16.4,London Spirit,Welsh Fire,EJG Morgan,JP Inglis,LJ Fletcher,4,0,,,,,,,,,
1252697,2021,2021-08-18,"Sophia Gardens, Cardiff",1,16.5,London Spirit,Welsh Fire,EJG Morgan,JP Inglis,LJ Fletcher,6,0,,,,,,,,,
1252697,2021,2021-08-18,"Sophia Gardens, Cardiff",1,17.1,London Spirit,Welsh Fire,EJG Morgan,JP Inglis,RF Higgins,2,0,,,,,,,,,
1252697,2021,2021-08-18,"Sophia Gardens, Cardiff",1,17.2,London Spirit,Welsh Fire,EJG Morgan,JP Inglis,RF Higgins,0,1,1,,,,,,,,
1252697,2021,2021-08-18,"Sophia Gardens, Cardiff",1,17.3,London Spirit,Welsh Fire,EJG Morgan,JP Inglis,RF Higgins,1,0,,,,,,,,,
1252697,2021,2021-08-18,"Sophia Gardens, Cardiff",1,17.4,London Spirit,Welsh Fire,JP Inglis,EJG Morgan,RF Higgins,0,1,,,,1,,,,,
1252697,2021,2021-08-18,"Sophia Gardens, Cardiff",1,17.5,London Spirit,Welsh Fire,EJG Morgan,JP Inglis,RF Higgins,1,0,,,,,,,,,
1252697,2021,2021-08-18,"Sophia Gardens, Cardiff",1,17.6,London Spirit,Welsh Fire,JP Inglis,EJG Morgan,RF Higgins,0,1,,,,1,,,,,
1252697,2021,2021-08-18,"Sophia Gardens, Cardiff",1,18.1,London Spirit,Welsh Fire,JP Inglis,EJG Morgan,LJ Fletcher,1,0,,,,,,,,,
1252697,2021,2021-08-18,"Sophia Gardens, Cardiff",1,18.2,London Spirit,Welsh Fire,EJG Morgan,JP Inglis,LJ Fletcher,0,0,,,,,,lbw,EJG Morgan,,
1252697,2021,2021-08-18,"Sophia Gardens, Cardiff",1,18.3,London Spirit,Welsh Fire,RS Bopara,JP Inglis,LJ Fletcher,1,0,,,,,,,,,
1252697,2021,2021-08-18,"Sophia Gardens, Cardiff",1,18.4,London Spirit,Welsh Fire,JP Inglis,RS Bopara,LJ Fletcher,1,0,,,,,,,,,
1252697,2021,2021-08-18,"Sophia Gardens, Cardiff",1,18.5,London Spirit,Welsh Fire,RS Bopara,JP Inglis,LJ Fletcher,4,0,,,,,,,,,
1252697,2021,2021-08-18,"Sophia Gardens, Cardiff",1,19.1,London Spirit,Welsh Fire,RS Bopara,JP Inglis,RF Higgins,4,0,,,,,,,,,
1252697,2021,2021-08-18,"Sophia Gardens, Cardiff",1,19.2,London Spirit,Welsh Fire,RS Bopara,JP Inglis,RF Higgins,0,0,,,,,,caught,RS Bopara,,
1252697,2021,2021-08-18,"Sophia Gardens, Cardiff",1,19.3,London Spirit,Welsh Fire,D Wiese,JP Inglis,RF Higgins,1,0,,,,,,,,,
1252697,2021,2021-08-18,"Sophia Gardens, Cardiff",1,19.4,London Spirit,Welsh Fire,JP Inglis,D Wiese,RF Higgins,0,0,,,,,,caught,JP Inglis,,
1252697,2021,2021-08-18,"Sophia Gardens, Cardiff",1,19.5,London Spirit,Welsh Fire,RE van der Merwe,D Wiese,RF Higgins,2,0,,,,,,,,,
1252697,2021,2021-08-18,"Sophia Gardens, Cardiff",2,0.1,Welsh Fire,London Spirit,T Banton,DL Lloyd,BC Cullen,0,0,,,,,,,,,
1252697,2021,2021-08-18,"Sophia Gardens, Cardiff",2,0.2,Welsh Fire,London Spirit,T Banton,DL Lloyd,BC Cullen,0,1,1,,,,,,,,
1252697,2021,2021-08-18,"Sophia Gardens, Cardiff",2,0.3,Welsh Fire,London Spirit,T Banton,DL Lloyd,BC Cullen,0,0,,,,,,lbw,T Banton,,
1252697,2021,2021-08-18,"Sophia Gardens, Cardiff",2,0.4,Welsh Fire,London Spirit,BM Duckett,DL Lloyd,BC Cullen,0,1,,,,1,,,,,
1252697,2021,2021-08-18,"Sophia Gardens, Cardiff",2,0.5,Welsh Fire,London Spirit,DL Lloyd,BM Duckett,BC Cullen,0,0,,,,,,,,,
1252697,2021,2021-08-18,"Sophia Gardens, Cardiff",2,0.6,Welsh Fire,London Spirit,DL Lloyd,BM Duckett,BC Cullen,0,0,,,,,,caught,DL Lloyd,,
1252697,2021,2021-08-18,"Sophia Gardens, Cardiff",2,1.1,Welsh Fire,London Spirit,GD Phillips,BM Duckett,JW Dernbach,0,0,,,,,,,,,
1252697,2021,2021-08-18,"Sophia Gardens, Cardiff",2,1.2,Welsh Fire,London Spirit,GD Phillips,BM Duckett,JW Dernbach,1,0,,,,,,,,,
1252697,2021,2021-08-18,"Sophia Gardens, Cardiff",2,1.3,Welsh Fire,London Spirit,BM Duckett,GD Phillips,JW Dernbach,2,0,,,,,,,,,
1252697,2021,2021-08-18,"Sophia Gardens, Cardiff",2,1.4,Welsh Fire,London Spirit,BM Duckett,GD Phillips,JW Dernbach,4,0,,,,,,,,,
1252697,2021,2021-08-18,"Sophia Gardens, Cardiff",2,1.5,Welsh Fire,London Spirit,BM Duckett,GD Phillips,JW Dernbach,0,0,,,,,,,,,
1252697,2021,2021-08-18,"Sophia Gardens, Cardiff",2,2.1,Welsh Fire,London Spirit,GD Phillips,BM Duckett,BTJ Wheal,0,0,,,,,,,,,
1252697,2021,2021-08-18,"Sophia Gardens, Cardiff",2,2.2,Welsh Fire,London Spirit,GD Phillips,BM Duckett,BTJ Wheal,4,0,,,,,,,,,
1252697,2021,2021-08-18,"Sophia Gardens, Cardiff",2,2.3,Welsh Fire,London Spirit,GD Phillips,BM Duckett,BTJ Wheal,6,0,,,,,,,,,
1252697,2021,2021-08-18,"Sophia Gardens, Cardiff",2,2.4,Welsh Fire,London Spirit,GD Phillips,BM Duckett,BTJ Wheal,1,0,,,,,,,,,
1252697,2021,2021-08-18,"Sophia Gardens, Cardiff",2,2.5,Welsh Fire,London Spirit,BM Duckett,GD Phillips,BTJ Wheal,0,0,,,,,,bowled,BM Duckett,,
1252697,2021,2021-08-18,"Sophia Gardens, Cardiff",2,3.1,Welsh Fire,London Spirit,JL du Plooy,GD Phillips,BC Cullen,4,0,,,,,,,,,
1252697,2021,2021-08-18,"Sophia Gardens, Cardiff",2,3.2,Welsh Fire,London Spirit,JL du Plooy,GD Phillips,BC Cullen,1,0,,,,,,,,,
1252697,2021,2021-08-18,"Sophia Gardens, Cardiff",2,3.3,Welsh Fire,London Spirit,GD Phillips,JL du Plooy,BC Cullen,4,0,,,,,,,,,
1252697,2021,2021-08-18,"Sophia Gardens, Cardiff",2,3.4,Welsh Fire,London Spirit,GD Phillips,JL du Plooy,BC Cullen,0,0,,,,,,,,,
1252697,2021,2021-08-18,"Sophia Gardens, Cardiff",2,3.5,Welsh Fire,London Spirit,GD Phillips,JL du Plooy,BC Cullen,6,0,,,,,,,,,
1252697,2021,2021-08-18,"Sophia Gardens, Cardiff",2,4.1,Welsh Fire,London Spirit,JL du Plooy,GD Phillips,JW Dernbach,1,0,,,,,,,,,
1252697,2021,2021-08-18,"Sophia Gardens, Cardiff",2,4.2,Welsh Fire,London Spirit,GD Phillips,JL du Plooy,JW Dernbach,1,0,,,,,,,,,
1252697,2021,2021-08-18,"Sophia Gardens, Cardiff",2,4.3,Welsh Fire,London Spirit,JL du Plooy,GD Phillips,JW Dernbach,0,0,,,,,,,,,
1252697,2021,2021-08-18,"Sophia Gardens, Cardiff",2,4.4,Welsh Fire,London Spirit,JL du Plooy,GD Phillips,JW Dernbach,1,0,,,,,,,,,
1252697,2021,2021-08-18,"Sophia Gardens, Cardiff",2,4.5,Welsh Fire,London Spirit,GD Phillips,JL du Plooy,JW Dernbach,2,0,,,,,,,,,
1252697,2021,2021-08-18,"Sophia Gardens, Cardiff",2,5.1,Welsh Fire,London Spirit,GD Phillips,JL du Plooy,D Wiese,6,0,,,,,,,,,
1252697,2021,2021-08-18,"Sophia Gardens, Cardiff",2,5.2,Welsh Fire,London Spirit,GD Phillips,JL du Plooy,D Wiese,2,0,,,,,,,,,
1252697,2021,2021-08-18,"Sophia Gardens, Cardiff",2,5.3,Welsh Fire,London Spirit,GD Phillips,JL du Plooy,D Wiese,1,0,,,,,,,,,
1252697,2021,2021-08-18,"Sophia Gardens, Cardiff",2,5.4,Welsh Fire,London Spirit,JL du Plooy,GD Phillips,D Wiese,0,0,,,,,,,,,
1252697,2021,2021-08-18,"Sophia Gardens, Cardiff",2,5.5,Welsh Fire,London Spirit,JL du Plooy,GD Phillips,D Wiese,0,0,,,,,,,,,
1252697,2021,2021-08-18,"Sophia Gardens, Cardiff",2,6.1,Welsh Fire,London Spirit,GD Phillips,JL du Plooy,MS Crane,6,0,,,,,,,,,
1252697,2021,2021-08-18,"Sophia Gardens, Cardiff",2,6.2,Welsh Fire,London Spirit,GD Phillips,JL du Plooy,MS Crane,1,0,,,,,,,,,
1252697,2021,2021-08-18,"Sophia Gardens, Cardiff",2,6.3,Welsh Fire,London Spirit,JL du Plooy,GD Phillips,MS Crane,4,0,,,,,,,,,
1252697,2021,2021-08-18,"Sophia Gardens, Cardiff",2,6.4,Welsh Fire,London Spirit,JL du Plooy,GD Phillips,MS Crane,1,0,,,,,,,,,
1252697,2021,2021-08-18,"Sophia Gardens, Cardiff",2,6.5,Welsh Fire,London Spirit,GD Phillips,JL du Plooy,MS Crane,0,0,,,,,,,,,
1252697,2021,2021-08-18,"Sophia Gardens, Cardiff",2,7.1,Welsh Fire,London Spirit,GD Phillips,JL du Plooy,RE van der Merwe,4,0,,,,,,,,,
1252697,2021,2021-08-18,"Sophia Gardens, Cardiff",2,7.2,Welsh Fire,London Spirit,GD Phillips,JL du Plooy,RE van der Merwe,1,0,,,,,,,,,
1252697,2021,2021-08-18,"Sophia Gardens, Cardiff",2,7.3,Welsh Fire,London Spirit,JL du Plooy,GD Phillips,RE van der Merwe,1,0,,,,,,,,,
1252697,2021,2021-08-18,"Sophia Gardens, Cardiff",2,7.4,Welsh Fire,London Spirit,GD Phillips,JL du Plooy,RE van der Merwe,1,0,,,,,,,,,
1252697,2021,2021-08-18,"Sophia Gardens, Cardiff",2,7.5,Welsh Fire,London Spirit,JL du Plooy,GD Phillips,RE van der Merwe,0,0,,,,,,,,,
1252697,2021,2021-08-18,"Sophia Gardens, Cardiff",2,8.1,Welsh Fire,London Spirit,GD Phillips,JL du Plooy,BC Cullen,6,0,,,,,,,,,
1252697,2021,2021-08-18,"Sophia Gardens, Cardiff",2,8.2,Welsh Fire,London Spirit,GD Phillips,JL du Plooy,BC Cullen,2,0,,,,,,,,,
1252697,2021,2021-08-18,"Sophia Gardens, Cardiff",2,8.3,Welsh Fire,London Spirit,GD Phillips,JL du Plooy,BC Cullen,4,0,,,,,,,,,
1252697,2021,2021-08-18,"Sophia Gardens, Cardiff",2,8.4,Welsh Fire,London Spirit,GD Phillips,JL du Plooy,BC Cullen,4,0,,,,,,,,,
1252697,2021,2021-08-18,"Sophia Gardens, Cardiff",2,8.5,Welsh Fire,London Spirit,GD Phillips,JL du Plooy,BC Cullen,1,0,,,,,,,,,
1252697,2021,2021-08-18,"Sophia Gardens, Cardiff",2,9.1,Welsh Fire,London Spirit,JL du Plooy,GD Phillips,RS Bopara,1,0,,,,,,,,,
1252697,2021,2021-08-18,"Sophia Gardens, Cardiff",2,9.2,Welsh Fire,London Spirit,GD Phillips,JL du Plooy,RS Bopara,6,0,,,,,,,,,
1252697,2021,2021-08-18,"Sophia Gardens, Cardiff",2,9.3,Welsh Fire,London Spirit,GD Phillips,JL du Plooy,RS Bopara,1,0,,,,,,,,,
1252697,2021,2021-08-18,"Sophia Gardens, Cardiff",2,9.4,Welsh Fire,London Spirit,JL du Plooy,GD Phillips,RS Bopara,0,0,,,,,,,,,
1252697,2021,2021-08-18,"Sophia Gardens, Cardiff",2,9.5,Welsh Fire,London Spirit,JL du Plooy,GD Phillips,RS Bopara,0,0,,,,,,,,,
1252697,2021,2021-08-18,"Sophia Gardens, Cardiff",2,10.1,Welsh Fire,London Spirit,GD Phillips,JL du Plooy,MS Crane,0,1,1,,,,,,,,
1252697,2021,2021-08-18,"Sophia Gardens, Cardiff",2,10.2,Welsh Fire,London Spirit,GD Phillips,JL du Plooy,MS Crane,0,0,,,,,,,,,
1252697,2021,2021-08-18,"Sophia Gardens, Cardiff",2,10.3,Welsh Fire,London Spirit,GD Phillips,JL du Plooy,MS Crane,0,0,,,,,,,,,
1252697,2021,2021-08-18,"Sophia Gardens, Cardiff",2,10.4,Welsh Fire,London Spirit,GD Phillips,JL du Plooy,MS Crane,0,0,,,,,,,,,
1252697,2021,2021-08-18,"Sophia Gardens, Cardiff",2,10.5,Welsh Fire,London Spirit,GD Phillips,JL du Plooy,MS Crane,1,0,,,,,,,,,
1252697,2021,2021-08-18,"Sophia Gardens, Cardiff",2,10.6,Welsh Fire,London Spirit,JL du Plooy,GD Phillips,MS Crane,2,0,,,,,,,,,
1252697,2021,2021-08-18,"Sophia Gardens, Cardiff",2,11.1,Welsh Fire,London Spirit,JL du Plooy,GD Phillips,MS Crane,4,0,,,,,,,,,
1252697,2021,2021-08-18,"Sophia Gardens, Cardiff",2,11.2,Welsh Fire,London Spirit,JL du Plooy,GD Phillips,MS Crane,2,0,,,,,,,,,
1252697,2021,2021-08-18,"Sophia Gardens, Cardiff",2,11.3,Welsh Fire,London Spirit,JL du Plooy,GD Phillips,MS Crane,1,0,,,,,,,,,
1252697,2021,2021-08-18,"Sophia Gardens, Cardiff",2,11.4,Welsh Fire,London Spirit,GD Phillips,JL du Plooy,MS Crane,6,0,,,,,,,,,
1252697,2021,2021-08-18,"Sophia Gardens, Cardiff",2,11.5,Welsh Fire,London Spirit,GD Phillips,JL du Plooy,MS Crane,1,0,,,,,,,,,
1252697,2021,2021-08-18,"Sophia Gardens, Cardiff",2,12.1,Welsh Fire,London Spirit,GD Phillips,JL du Plooy,BTJ Wheal,1,0,,,,,,,,,
1252697,2021,2021-08-18,"Sophia Gardens, Cardiff",2,12.2,Welsh Fire,London Spirit,JL du Plooy,GD Phillips,BTJ Wheal,1,0,,,,,,,,,
1252697,2021,2021-08-18,"Sophia Gardens, Cardiff",2,12.3,Welsh Fire,London Spirit,GD Phillips,JL du Plooy,BTJ Wheal,0,0,,,,,,caught,GD Phillips,,
1252697,2021,2021-08-18,"Sophia Gardens, Cardiff",2,12.4,Welsh Fire,London Spirit,JJ Cobb,JL du Plooy,BTJ Wheal,0,0,,,,,,,,,
1252697,2021,2021-08-18,"Sophia Gardens, Cardiff",2,12.5,Welsh Fire,London Spirit,JJ Cobb,JL du Plooy,BTJ Wheal,2,0,,,,,,,,,
1252697,2021,2021-08-18,"Sophia Gardens, Cardiff",2,13.1,Welsh Fire,London Spirit,JJ Cobb,JL du Plooy,D Wiese,0,0,,,,,,,,,
1252697,2021,2021-08-18,"Sophia Gardens, Cardiff",2,13.2,Welsh Fire,London Spirit,JJ Cobb,JL du Plooy,D Wiese,0,0,,,,,,,,,
1252697,2021,2021-08-18,"Sophia Gardens, Cardiff",2,13.3,Welsh Fire,London Spirit,JJ Cobb,JL du Plooy,D Wiese,4,0,,,,,,,,,
1252697,2021,2021-08-18,"Sophia Gardens, Cardiff",2,13.4,Welsh Fire,London Spirit,JJ Cobb,JL du Plooy,D Wiese,1,0,,,,,,,,,
1252697,2021,2021-08-18,"Sophia Gardens, Cardiff",2,13.5,Welsh Fire,London Spirit,JL du Plooy,JJ Cobb,D Wiese,1,0,,,,,,,,,
1252697,2021,2021-08-18,"Sophia Gardens, Cardiff",2,14.1,Welsh Fire,London Spirit,JL du Plooy,JJ Cobb,MS Crane,1,0,,,,,,,,,
1252697,2021,2021-08-18,"Sophia Gardens, Cardiff",2,14.2,Welsh Fire,London Spirit,JJ Cobb,JL du Plooy,MS Crane,1,0,,,,,,,,,
1252697,2021,2021-08-18,"Sophia Gardens, Cardiff",2,14.3,Welsh Fire,London Spirit,JL du Plooy,JJ Cobb,MS Crane,0,0,,,,,,,,,
1252697,2021,2021-08-18,"Sophia Gardens, Cardiff",2,14.4,Welsh Fire,London Spirit,JL du Plooy,JJ Cobb,MS Crane,0,0,,,,,,lbw,JL du Plooy,,
1252697,2021,2021-08-18,"Sophia Gardens, Cardiff",2,14.5,Welsh Fire,London Spirit,RF Higgins,JJ Cobb,MS Crane,0,0,,,,,,,,,
1252697,2021,2021-08-18,"Sophia Gardens, Cardiff",2,15.1,Welsh Fire,London Spirit,RF Higgins,JJ Cobb,RE van der Merwe,2,0,,,,,,,,,
1252697,2021,2021-08-18,"Sophia Gardens, Cardiff",2,15.2,Welsh Fire,London Spirit,RF Higgins,JJ Cobb,RE van der Merwe,1,0,,,,,,,,,
1252697,2021,2021-08-18,"Sophia Gardens, Cardiff",2,15.3,Welsh Fire,London Spirit,JJ Cobb,RF Higgins,RE van der Merwe,1,0,,,,,,,,,
1252697,2021,2021-08-18,"Sophia Gardens, Cardiff",2,15.4,Welsh Fire,London Spirit,RF Higgins,JJ Cobb,RE van der Merwe,1,0,,,,,,,,,
1252697,2021,2021-08-18,"Sophia Gardens, Cardiff",2,15.5,Welsh Fire,London Spirit,JJ Cobb,RF Higgins,RE van der Merwe,6,0,,,,,,,,,
1252697,2021,2021-08-18,"Sophia Gardens, Cardiff",2,16.1,Welsh Fire,London Spirit,RF Higgins,JJ Cobb,BC Cullen,0,0,,,,,,,,,
1252697,2021,2021-08-18,"Sophia Gardens, Cardiff",2,16.2,Welsh Fire,London Spirit,RF Higgins,JJ Cobb,BC Cullen,4,0,,,,,,,,,
1252697,2021,2021-08-18,"Sophia Gardens, Cardiff",2,16.3,Welsh Fire,London Spirit,RF Higgins,JJ Cobb,BC Cullen,0,0,,,,,,caught,RF Higgins,,
1252697,2021,2021-08-18,"Sophia Gardens, Cardiff",2,16.4,Welsh Fire,London Spirit,MJJ Critchley,JJ Cobb,BC Cullen,0,0,,,,,,,,,
1252697,2021,2021-08-18,"Sophia Gardens, Cardiff",2,16.5,Welsh Fire,London Spirit,MJJ Critchley,JJ Cobb,BC Cullen,0,1,,,1,,,,,,
1252697,2021,2021-08-18,"Sophia Gardens, Cardiff",2,17.1,Welsh Fire,London Spirit,JJ Cobb,MJJ Critchley,BTJ Wheal,4,0,,,,,,,,,
1252697,2021,2021-08-18,"Sophia Gardens, Cardiff",2,17.2,Welsh Fire,London Spirit,JJ Cobb,MJJ Critchley,BTJ Wheal,2,0,,,,,,,,,
1252697,2021,2021-08-18,"Sophia Gardens, Cardiff",2,17.3,Welsh Fire,London Spirit,JJ Cobb,MJJ Critchley,BTJ Wheal,1,0,,,,,,,,,
1252697,2021,2021-08-18,"Sophia Gardens, Cardiff",2,17.4,Welsh Fire,London Spirit,MJJ Critchley,JJ Cobb,BTJ Wheal,0,0,,,,,,caught,MJJ Critchley,,
1252697,2021,2021-08-18,"Sophia Gardens, Cardiff",2,17.5,Welsh Fire,London Spirit,Qais Ahmad,JJ Cobb,BTJ Wheal,0,0,,,,,,,,,
1252697,2021,2021-08-18,"Sophia Gardens, Cardiff",2,18.1,Welsh Fire,London Spirit,JJ Cobb,Qais Ahmad,JW Dernbach,1,0,,,,,,,,,
1252697,2021,2021-08-18,"Sophia Gardens, Cardiff",2,18.2,Welsh Fire,London Spirit,Qais Ahmad,JJ Cobb,JW Dernbach,4,0,,,,,,,,,
1252697,2021,2021-08-18,"Sophia Gardens, Cardiff",2,18.3,Welsh Fire,London Spirit,Qais Ahmad,JJ Cobb,JW Dernbach,1,0,,,,,,,,,
1252697,2021,2021-08-18,"Sophia Gardens, Cardiff",2,18.4,Welsh Fire,London Spirit,JJ Cobb,Qais Ahmad,JW Dernbach,4,0,,,,,,,,,
1252697,2021,2021-08-18,"Sophia Gardens, Cardiff",2,18.5,Welsh Fire,London Spirit,JJ Cobb,Qais Ahmad,JW Dernbach,1,0,,,,,,,,,
1252697,2021,2021-08-18,"Sophia Gardens, Cardiff",2,19.1,Welsh Fire,London Spirit,Qais Ahmad,JJ Cobb,BTJ Wheal,0,0,,,,,,,,,
1252697,2021,2021-08-18,"Sophia Gardens, Cardiff",2,19.2,Welsh Fire,London Spirit,Qais Ahmad,JJ Cobb,BTJ Wheal,4,0,,,,,,,,,
1252697,2021,2021-08-18,"Sophia Gardens, Cardiff",2,19.3,Welsh Fire,London Spirit,Qais Ahmad,JJ Cobb,BTJ Wheal,4,0,,,,,,,,,
