match_id,season,start_date,venue,innings,ball,batting_team,bowling_team,striker,non_striker,bowler,runs_off_bat,extras,wides,noballs,byes,legbyes,penalty,wicket_type,player_dismissed,other_wicket_type,other_player_dismissed
1252686,2021,2021-08-07,"The Rose Bowl, Southampton",1,0.1,Northern Superchargers,Southern Brave,A Lyth,CA Lynn,GHS Garton,0,0,,,,,,bowled,A Lyth,,
1252686,2021,2021-08-07,"The Rose Bowl, Southampton",1,0.2,Northern Superchargers,Southern Brave,DJ Willey,CA Lynn,GHS Garton,0,0,,,,,,,,,
1252686,2021,2021-08-07,"The Rose Bowl, Southampton",1,0.3,Northern Superchargers,Southern Brave,DJ Willey,CA Lynn,GHS Garton,0,1,1,,,,,,,,
1252686,2021,2021-08-07,"The Rose Bowl, Southampton",1,0.4,Northern Superchargers,Southern Brave,DJ Willey,CA Lynn,GHS Garton,0,0,,,,,,,,,
1252686,2021,2021-08-07,"The Rose Bowl, Southampton",1,0.5,Northern Superchargers,Southern Brave,DJ Willey,CA Lynn,GHS Garton,1,0,,,,,,,,,
1252686,2021,2021-08-07,"The Rose Bowl, Southampton",1,0.6,Northern Superchargers,Southern Brave,CA Lynn,DJ Willey,GHS Garton,0,0,,,,,,,,,
1252686,2021,2021-08-07,"The Rose Bowl, Southampton",1,1.1,Northern Superchargers,Southern Brave,CA Lynn,DJ Willey,GHS Garton,4,0,,,,,,,,,
1252686,2021,2021-08-07,"The Rose Bowl, Southampton",1,1.2,Northern Superchargers,Southern Brave,CA Lynn,DJ Willey,GHS Garton,0,0,,,,,,,,,
1252686,2021,2021-08-07,"The Rose Bowl, Southampton",1,1.3,Northern Superchargers,Southern Brave,CA Lynn,DJ Willey,GHS Garton,4,0,,,,,,,,,
1252686,2021,2021-08-07,"The Rose Bowl, Southampton",1,1.4,Northern Superchargers,Southern Brave,CA Lynn,DJ Willey,GHS Garton,1,0,,,,,,,,,
1252686,2021,2021-08-07,"The Rose Bowl, Southampton",1,1.5,Northern Superchargers,Southern Brave,DJ Willey,CA Lynn,GHS Garton,0,0,,,,,,,,,
1252686,2021,2021-08-07,"The Rose Bowl, Southampton",1,2.1,Northern Superchargers,Southern Brave,CA Lynn,DJ Willey,PR Stirling,0,0,,,,,,,,,
1252686,2021,2021-08-07,"The Rose Bowl, Southampton",1,2.2,Northern Superchargers,Southern Brave,CA Lynn,DJ Willey,PR Stirling,0,0,,,,,,,,,
1252686,2021,2021-08-07,"The Rose Bowl, Southampton",1,2.3,Northern Superchargers,Southern Brave,CA Lynn,DJ Willey,PR Stirling,4,0,,,,,,,,,
1252686,2021,2021-08-07,"The Rose Bowl, Southampton",1,2.4,Northern Superchargers,Southern Brave,CA Lynn,DJ Willey,PR Stirling,1,0,,,,,,,,,
1252686,2021,2021-08-07,"The Rose Bowl, Southampton",1,2.5,Northern Superchargers,Southern Brave,DJ Willey,CA Lynn,PR Stirling,1,0,,,,,,,,,
1252686,2021,2021-08-07,"The Rose Bowl, Southampton",1,3.1,Northern Superchargers,Southern Brave,CA Lynn,DJ Willey,DR Briggs,1,0,,,,,,,,,
1252686,2021,2021-08-07,"The Rose Bowl, Southampton",1,3.2,Northern Superchargers,Southern Brave,DJ Willey,CA Lynn,DR Briggs,4,0,,,,,,,,,
1252686,2021,2021-08-07,"The Rose Bowl, Southampton",1,3.3,Northern Superchargers,Southern Brave,DJ Willey,CA Lynn,DR Briggs,1,0,,,,,,,,,
1252686,2021,2021-08-07,"The Rose Bowl, Southampton",1,3.4,Northern Superchargers,Southern Brave,CA Lynn,DJ Willey,DR Briggs,0,0,,,,,,,,,
1252686,2021,2021-08-07,"The Rose Bowl, Southampton",1,3.5,Northern Superchargers,Southern Brave,CA Lynn,DJ Willey,DR Briggs,1,0,,,,,,,,,
1252686,2021,2021-08-07,"The Rose Bowl, Southampton",1,4.1,Northern Superchargers,Southern Brave,CA Lynn,DJ Willey,PR Stirling,2,0,,,,,,,,,
1252686,2021,2021-08-07,"The Rose Bowl, Southampton",1,4.2,Northern Superchargers,Southern Brave,CA Lynn,DJ Willey,PR Stirling,1,0,,,,,,,,,
1252686,2021,2021-08-07,"The Rose Bowl, Southampton",1,4.3,Northern Superchargers,Southern Brave,DJ Willey,CA Lynn,PR Stirling,1,0,,,,,,,,,
1252686,2021,2021-08-07,"The Rose Bowl, Southampton",1,4.4,Northern Superchargers,Southern Brave,CA Lynn,DJ Willey,PR Stirling,4,0,,,,,,,,,
1252686,2021,2021-08-07,"The Rose Bowl, Southampton",1,4.5,Northern Superchargers,Southern Brave,CA Lynn,DJ Willey,PR Stirling,1,0,,,,,,,,,
1252686,2021,2021-08-07,"The Rose Bowl, Southampton",1,5.1,Northern Superchargers,Southern Brave,DJ Willey,CA Lynn,TS Mills,1,0,,,,,,,,,
1252686,2021,2021-08-07,"The Rose Bowl, Southampton",1,5.2,Northern Superchargers,Southern Brave,CA Lynn,DJ Willey,TS Mills,0,0,,,,,,,,,
1252686,2021,2021-08-07,"The Rose Bowl, Southampton",1,5.3,Northern Superchargers,Southern Brave,CA Lynn,DJ Willey,TS Mills,0,0,,,,,,,,,
1252686,2021,2021-08-07,"The Rose Bowl, Southampton",1,5.4,Northern Superchargers,Southern Brave,CA Lynn,DJ Willey,TS Mills,0,0,,,,,,,,,
1252686,2021,2021-08-07,"The Rose Bowl, Southampton",1,5.5,Northern Superchargers,Southern Brave,CA Lynn,DJ Willey,TS Mills,1,0,,,,,,,,,
1252686,2021,2021-08-07,"The Rose Bowl, Southampton",1,6.1,Northern Superchargers,Southern Brave,CA Lynn,DJ Willey,JB Lintott,1,0,,,,,,,,,
1252686,2021,2021-08-07,"The Rose Bowl, Southampton",1,6.2,Northern Superchargers,Southern Brave,DJ Willey,CA Lynn,JB Lintott,4,0,,,,,,,,,
1252686,2021,2021-08-07,"The Rose Bowl, Southampton",1,6.3,Northern Superchargers,Southern Brave,DJ Willey,CA Lynn,JB Lintott,6,0,,,,,,,,,
1252686,2021,2021-08-07,"The Rose Bowl, Southampton",1,6.4,Northern Superchargers,Southern Brave,DJ Willey,CA Lynn,JB Lintott,0,0,,,,,,,,,
1252686,2021,2021-08-07,"The Rose Bowl, Southampton",1,6.5,Northern Superchargers,Southern Brave,DJ Willey,CA Lynn,JB Lintott,1,0,,,,,,,,,
1252686,2021,2021-08-07,"The Rose Bowl, Southampton",1,7.1,Northern Superchargers,Southern Brave,CA Lynn,DJ Willey,CJ Jordan,0,0,,,,,,caught,CA Lynn,,
1252686,2021,2021-08-07,"The Rose Bowl, Southampton",1,7.2,Northern Superchargers,Southern Brave,HC Brook,DJ Willey,CJ Jordan,1,0,,,,,,,,,
1252686,2021,2021-08-07,"The Rose Bowl, Southampton",1,7.3,Northern Superchargers,Southern Brave,DJ Willey,HC Brook,CJ Jordan,1,0,,,,,,,,,
1252686,2021,2021-08-07,"The Rose Bowl, Southampton",1,7.4,Northern Superchargers,Southern Brave,HC Brook,DJ Willey,CJ Jordan,1,0,,,,,,,,,
1252686,2021,2021-08-07,"The Rose Bowl, Southampton",1,7.5,Northern Superchargers,Southern Brave,DJ Willey,HC Brook,CJ Jordan,1,0,,,,,,,,,
1252686,2021,2021-08-07,"The Rose Bowl, Southampton",1,8.1,Northern Superchargers,Southern Brave,DJ Willey,HC Brook,JB Lintott,1,0,,,,,,,,,
1252686,2021,2021-08-07,"The Rose Bowl, Southampton",1,8.2,Northern Superchargers,Southern Brave,HC Brook,DJ Willey,JB Lintott,1,0,,,,,,,,,
1252686,2021,2021-08-07,"The Rose Bowl, Southampton",1,8.3,Northern Superchargers,Southern Brave,DJ Willey,HC Brook,JB Lintott,1,0,,,,,,,,,
1252686,2021,2021-08-07,"The Rose Bowl, Southampton",1,8.4,Northern Superchargers,Southern Brave,HC Brook,DJ Willey,JB Lintott,4,0,,,,,,,,,
1252686,2021,2021-08-07,"The Rose Bowl, Southampton",1,8.5,Northern Superchargers,Southern Brave,HC Brook,DJ Willey,JB Lintott,2,0,,,,,,,,,
1252686,2021,2021-08-07,"The Rose Bowl, Southampton",1,9.1,Northern Superchargers,Southern Brave,HC Brook,DJ Willey,DR Briggs,4,0,,,,,,,,,
1252686,2021,2021-08-07,"The Rose Bowl, Southampton",1,9.2,Northern Superchargers,Southern Brave,HC Brook,DJ Willey,DR Briggs,1,0,,,,,,,,,
1252686,2021,2021-08-07,"The Rose Bowl, Southampton",1,9.3,Northern Superchargers,Southern Brave,DJ Willey,HC Brook,DR Briggs,0,0,,,,,,bowled,DJ Willey,,
1252686,2021,2021-08-07,"The Rose Bowl, Southampton",1,9.4,Northern Superchargers,Southern Brave,DJ Vilas,HC Brook,DR Briggs,2,0,,,,,,,,,
1252686,2021,2021-08-07,"The Rose Bowl, Southampton",1,9.5,Northern Superchargers,Southern Brave,DJ Vilas,HC Brook,DR Briggs,2,0,,,,,,,,,
1252686,2021,2021-08-07,"The Rose Bowl, Southampton",1,10.1,Northern Superchargers,Southern Brave,HC Brook,DJ Vilas,JB Lintott,0,0,,,,,,caught,HC Brook,,
1252686,2021,2021-08-07,"The Rose Bowl, Southampton",1,10.2,Northern Superchargers,Southern Brave,JA Simpson,DJ Vilas,JB Lintott,0,0,,,,,,,,,
1252686,2021,2021-08-07,"The Rose Bowl, Southampton",1,10.3,Northern Superchargers,Southern Brave,JA Simpson,DJ Vilas,JB Lintott,1,0,,,,,,,,,
1252686,2021,2021-08-07,"The Rose Bowl, Southampton",1,10.4,Northern Superchargers,Southern Brave,DJ Vilas,JA Simpson,JB Lintott,1,0,,,,,,,,,
1252686,2021,2021-08-07,"The Rose Bowl, Southampton",1,10.5,Northern Superchargers,Southern Brave,JA Simpson,DJ Vilas,JB Lintott,0,0,,,,,,,,,
1252686,2021,2021-08-07,"The Rose Bowl, Southampton",1,11.1,Northern Superchargers,Southern Brave,JA Simpson,DJ Vilas,JB Lintott,0,0,,,,,,,,,
1252686,2021,2021-08-07,"The Rose Bowl, Southampton",1,11.2,Northern Superchargers,Southern Brave,JA Simpson,DJ Vilas,JB Lintott,1,0,,,,,,,,,
1252686,2021,2021-08-07,"The Rose Bowl, Southampton",1,11.3,Northern Superchargers,Southern Brave,DJ Vilas,JA Simpson,JB Lintott,1,0,,,,,,,,,
1252686,2021,2021-08-07,"The Rose Bowl, Southampton",1,11.4,Northern Superchargers,Southern Brave,JA Simpson,DJ Vilas,JB Lintott,1,0,,,,,,,,,
1252686,2021,2021-08-07,"The Rose Bowl, Southampton",1,11.5,Northern Superchargers,Southern Brave,DJ Vilas,JA Simpson,JB Lintott,1,0,,,,,,,,,
1252686,2021,2021-08-07,"The Rose Bowl, Southampton",1,12.1,Northern Superchargers,Southern Brave,DJ Vilas,JA Simpson,DR Briggs,0,0,,,,,,,,,
1252686,2021,2021-08-07,"The Rose Bowl, Southampton",1,12.2,Northern Superchargers,Southern Brave,DJ Vilas,JA Simpson,DR Briggs,1,0,,,,,,,,,
1252686,2021,2021-08-07,"The Rose Bowl, Southampton",1,12.3,Northern Superchargers,Southern Brave,JA Simpson,DJ Vilas,DR Briggs,0,0,,,,,,,,,
1252686,2021,2021-08-07,"The Rose Bowl, Southampton",1,12.4,Northern Superchargers,Southern Brave,JA Simpson,DJ Vilas,DR Briggs,0,0,,,,,,caught,JA Simpson,,
1252686,2021,2021-08-07,"The Rose Bowl, Southampton",1,12.5,Northern Superchargers,Southern Brave,BA Raine,DJ Vilas,DR Briggs,1,0,,,,,,,,,
1252686,2021,2021-08-07,"The Rose Bowl, Southampton",1,13.1,Northern Superchargers,Southern Brave,DJ Vilas,BA Raine,TS Mills,1,0,,,,,,,,,
1252686,2021,2021-08-07,"The Rose Bowl, Southampton",1,13.2,Northern Superchargers,Southern Brave,BA Raine,DJ Vilas,TS Mills,0,0,,,,,,,,,
1252686,2021,2021-08-07,"The Rose Bowl, Southampton",1,13.3,Northern Superchargers,Southern Brave,BA Raine,DJ Vilas,TS Mills,0,0,,,,,,,,,
1252686,2021,2021-08-07,"The Rose Bowl, Southampton",1,13.4,Northern Superchargers,Southern Brave,BA Raine,DJ Vilas,TS Mills,1,0,,,,,,,,,
1252686,2021,2021-08-07,"The Rose Bowl, Southampton",1,13.5,Northern Superchargers,Southern Brave,DJ Vilas,BA Raine,TS Mills,1,0,,,,,,,,,
1252686,2021,2021-08-07,"The Rose Bowl, Southampton",1,14.1,Northern Superchargers,Southern Brave,DJ Vilas,BA Raine,GHS Garton,1,0,,,,,,,,,
1252686,2021,2021-08-07,"The Rose Bowl, Southampton",1,14.2,Northern Superchargers,Southern Brave,BA Raine,DJ Vilas,GHS Garton,0,1,,,,1,,,,,
1252686,2021,2021-08-07,"The Rose Bowl, Southampton",1,14.3,Northern Superchargers,Southern Brave,DJ Vilas,BA Raine,GHS Garton,1,0,,,,,,,,,
1252686,2021,2021-08-07,"The Rose Bowl, Southampton",1,14.4,Northern Superchargers,Southern Brave,BA Raine,DJ Vilas,GHS Garton,4,0,,,,,,,,,
1252686,2021,2021-08-07,"The Rose Bowl, Southampton",1,14.5,Northern Superchargers,Southern Brave,BA Raine,DJ Vilas,GHS Garton,4,0,,,,,,,,,
1252686,2021,2021-08-07,"The Rose Bowl, Southampton",1,15.1,Northern Superchargers,Southern Brave,BA Raine,DJ Vilas,CJ Jordan,2,0,,,,,,,,,
1252686,2021,2021-08-07,"The Rose Bowl, Southampton",1,15.2,Northern Superchargers,Southern Brave,BA Raine,DJ Vilas,CJ Jordan,1,0,,,,,,,,,
1252686,2021,2021-08-07,"The Rose Bowl, Southampton",1,15.3,Northern Superchargers,Southern Brave,DJ Vilas,BA Raine,CJ Jordan,4,0,,,,,,,,,
1252686,2021,2021-08-07,"The Rose Bowl, Southampton",1,15.4,Northern Superchargers,Southern Brave,DJ Vilas,BA Raine,CJ Jordan,1,0,,,,,,,,,
1252686,2021,2021-08-07,"The Rose Bowl, Southampton",1,15.5,Northern Superchargers,Southern Brave,BA Raine,DJ Vilas,CJ Jordan,0,0,,,,,,,,,
1252686,2021,2021-08-07,"The Rose Bowl, Southampton",1,16.1,Northern Superchargers,Southern Brave,DJ Vilas,BA Raine,DR Briggs,6,0,,,,,,,,,
1252686,2021,2021-08-07,"The Rose Bowl, Southampton",1,16.2,Northern Superchargers,Southern Brave,DJ Vilas,BA Raine,DR Briggs,0,0,,,,,,,,,
1252686,2021,2021-08-07,"The Rose Bowl, Southampton",1,16.3,Northern Superchargers,Southern Brave,DJ Vilas,BA Raine,DR Briggs,1,0,,,,,,,,,
1252686,2021,2021-08-07,"The Rose Bowl, Southampton",1,16.4,Northern Superchargers,Southern Brave,BA Raine,DJ Vilas,DR Briggs,1,0,,,,,,,,,
1252686,2021,2021-08-07,"The Rose Bowl, Southampton",1,16.5,Northern Superchargers,Southern Brave,DJ Vilas,BA Raine,DR Briggs,2,0,,,,,,,,,
1252686,2021,2021-08-07,"The Rose Bowl, Southampton",1,17.1,Northern Superchargers,Southern Brave,DJ Vilas,BA Raine,TS Mills,1,0,,,,,,,,,
1252686,2021,2021-08-07,"The Rose Bowl, Southampton",1,17.2,Northern Superchargers,Southern Brave,BA Raine,DJ Vilas,TS Mills,4,0,,,,,,,,,
1252686,2021,2021-08-07,"The Rose Bowl, Southampton",1,17.3,Northern Superchargers,Southern Brave,BA Raine,DJ Vilas,TS Mills,0,0,,,,,,caught,BA Raine,,
1252686,2021,2021-08-07,"The Rose Bowl, Southampton",1,17.4,Northern Superchargers,Southern Brave,BA Carse,DJ Vilas,TS Mills,1,0,,,,,,,,,
1252686,2021,2021-08-07,"The Rose Bowl, Southampton",1,17.5,Northern Superchargers,Southern Brave,DJ Vilas,BA Carse,TS Mills,1,0,,,,,,,,,
1252686,2021,2021-08-07,"The Rose Bowl, Southampton",1,18.1,Northern Superchargers,Southern Brave,DJ Vilas,BA Carse,CJ Jordan,1,0,,,,,,,,,
1252686,2021,2021-08-07,"The Rose Bowl, Southampton",1,18.2,Northern Superchargers,Southern Brave,BA Carse,DJ Vilas,CJ Jordan,1,0,,,,,,,,,
1252686,2021,2021-08-07,"The Rose Bowl, Southampton",1,18.3,Northern Superchargers,Southern Brave,DJ Vilas,BA Carse,CJ Jordan,2,0,,,,,,,,,
1252686,2021,2021-08-07,"The Rose Bowl, Southampton",1,18.4,Northern Superchargers,Southern Brave,DJ Vilas,BA Carse,CJ Jordan,2,0,,,,,,,,,
1252686,2021,2021-08-07,"The Rose Bowl, Southampton",1,18.5,Northern Superchargers,Southern Brave,DJ Vilas,BA Carse,CJ Jordan,1,0,,,,,,,,,
1252686,2021,2021-08-07,"The Rose Bowl, Southampton",1,19.1,Northern Superchargers,Southern Brave,BA Carse,DJ Vilas,TS Mills,1,0,,,,,,,,,
1252686,2021,2021-08-07,"The Rose Bowl, Southampton",1,19.2,Northern Superchargers,Southern Brave,DJ Vilas,BA Carse,TS Mills,1,0,,,,,,,,,
1252686,2021,2021-08-07,"The Rose Bowl, Southampton",1,19.3,Northern Superchargers,Southern Brave,BA Carse,DJ Vilas,TS Mills,0,0,,,,,,,,,
1252686,2021,2021-08-07,"The Rose Bowl, Southampton",1,19.4,Northern Superchargers,Southern Brave,BA Carse,DJ Vilas,TS Mills,2,0,,,,,,,,,
1252686,2021,2021-08-07,"The Rose Bowl, Southampton",1,19.5,Northern Superchargers,Southern Brave,BA Carse,DJ Vilas,TS Mills,1,0,,,,,,,,,
1252686,2021,2021-08-07,"The Rose Bowl, Southampton",2,0.1,Southern Brave,Northern Superchargers,Q de Kock,PR Stirling,DJ Willey,0,0,,,,,,,,,
1252686,2021,2021-08-07,"The Rose Bowl, Southampton",2,0.2,Southern Brave,Northern Superchargers,Q de Kock,PR Stirling,DJ Willey,1,0,,,,,,,,,
1252686,2021,2021-08-07,"The Rose Bowl, Southampton",2,0.3,Southern Brave,Northern Superchargers,PR Stirling,Q de Kock,DJ Willey,3,0,,,,,,,,,
1252686,2021,2021-08-07,"The Rose Bowl, Southampton",2,0.4,Southern Brave,Northern Superchargers,Q de Kock,PR Stirling,DJ Willey,1,0,,,,,,,,,
1252686,2021,2021-08-07,"The Rose Bowl, Southampton",2,0.5,Southern Brave,Northern Superchargers,PR Stirling,Q de Kock,DJ Willey,4,0,,,,,,,,,
1252686,2021,2021-08-07,"The Rose Bowl, Southampton",2,1.1,Southern Brave,Northern Superchargers,PR Stirling,Q de Kock,MJ Potts,0,0,,,,,,,,,
1252686,2021,2021-08-07,"The Rose Bowl, Southampton",2,1.2,Southern Brave,Northern Superchargers,PR Stirling,Q de Kock,MJ Potts,1,0,,,,,,,,,
1252686,2021,2021-08-07,"The Rose Bowl, Southampton",2,1.3,Southern Brave,Northern Superchargers,Q de Kock,PR Stirling,MJ Potts,4,0,,,,,,,,,
1252686,2021,2021-08-07,"The Rose Bowl, Southampton",2,1.4,Southern Brave,Northern Superchargers,Q de Kock,PR Stirling,MJ Potts,0,0,,,,,,,,,
1252686,2021,2021-08-07,"The Rose Bowl, Southampton",2,1.5,Southern Brave,Northern Superchargers,Q de Kock,PR Stirling,MJ Potts,0,0,,,,,,,,,
1252686,2021,2021-08-07,"The Rose Bowl, Southampton",2,2.1,Southern Brave,Northern Superchargers,PR Stirling,Q de Kock,Mujeeb Ur Rahman,1,0,,,,,,,,,
1252686,2021,2021-08-07,"The Rose Bowl, Southampton",2,2.2,Southern Brave,Northern Superchargers,Q de Kock,PR Stirling,Mujeeb Ur Rahman,4,0,,,,,,,,,
1252686,2021,2021-08-07,"The Rose Bowl, Southampton",2,2.3,Southern Brave,Northern Superchargers,Q de Kock,PR Stirling,Mujeeb Ur Rahman,4,0,,,,,,,,,
1252686,2021,2021-08-07,"The Rose Bowl, Southampton",2,2.4,Southern Brave,Northern Superchargers,Q de Kock,PR Stirling,Mujeeb Ur Rahman,1,0,,,,,,,,,
1252686,2021,2021-08-07,"The Rose Bowl, Southampton",2,2.5,Southern Brave,Northern Superchargers,PR Stirling,Q de Kock,Mujeeb Ur Rahman,0,0,,,,,,,,,
1252686,2021,2021-08-07,"The Rose Bowl, Southampton",2,3.1,Southern Brave,Northern Superchargers,PR Stirling,Q de Kock,MJ Potts,0,0,,,,,,,,,
1252686,2021,2021-08-07,"The Rose Bowl, Southampton",2,3.2,Southern Brave,Northern Superchargers,PR Stirling,Q de Kock,MJ Potts,6,0,,,,,,,,,
1252686,2021,2021-08-07,"The Rose Bowl, Southampton",2,3.3,Southern Brave,Northern Superchargers,PR Stirling,Q de Kock,MJ Potts,0,1,1,,,,,,,,
1252686,2021,2021-08-07,"The Rose Bowl, Southampton",2,3.4,Southern Brave,Northern Superchargers,PR Stirling,Q de Kock,MJ Potts,4,0,,,,,,,,,
1252686,2021,2021-08-07,"The Rose Bowl, Southampton",2,3.5,Southern Brave,Northern Superchargers,PR Stirling,Q de Kock,MJ Potts,0,0,,,,,,,,,
1252686,2021,2021-08-07,"The Rose Bowl, Southampton",2,3.6,Southern Brave,Northern Superchargers,PR Stirling,Q de Kock,MJ Potts,1,0,,,,,,,,,
1252686,2021,2021-08-07,"The Rose Bowl, Southampton",2,4.1,Southern Brave,Northern Superchargers,PR Stirling,Q de Kock,BA Carse,0,0,,,,,,caught and bowled,PR Stirling,,
1252686,2021,2021-08-07,"The Rose Bowl, Southampton",2,4.2,Southern Brave,Northern Superchargers,JM Vince,Q de Kock,BA Carse,0,0,,,,,,,,,
1252686,2021,2021-08-07,"The Rose Bowl, Southampton",2,4.3,Southern Brave,Northern Superchargers,JM Vince,Q de Kock,BA Carse,2,0,,,,,,,,,
1252686,2021,2021-08-07,"The Rose Bowl, Southampton",2,4.4,Southern Brave,Northern Superchargers,JM Vince,Q de Kock,BA Carse,0,0,,,,,,,,,
1252686,2021,2021-08-07,"The Rose Bowl, Southampton",2,4.5,Southern Brave,Northern Superchargers,JM Vince,Q de Kock,BA Carse,1,0,,,,,,,,,
1252686,2021,2021-08-07,"The Rose Bowl, Southampton",2,5.1,Southern Brave,Northern Superchargers,Q de Kock,JM Vince,AU Rashid,1,0,,,,,,,,,
1252686,2021,2021-08-07,"The Rose Bowl, Southampton",2,5.2,Southern Brave,Northern Superchargers,JM Vince,Q de Kock,AU Rashid,4,0,,,,,,,,,
1252686,2021,2021-08-07,"The Rose Bowl, Southampton",2,5.3,Southern Brave,Northern Superchargers,JM Vince,Q de Kock,AU Rashid,0,0,,,,,,,,,
1252686,2021,2021-08-07,"The Rose Bowl, Southampton",2,5.4,Southern Brave,Northern Superchargers,JM Vince,Q de Kock,AU Rashid,0,0,,,,,,,,,
1252686,2021,2021-08-07,"The Rose Bowl, Southampton",2,5.5,Southern Brave,Northern Superchargers,JM Vince,Q de Kock,AU Rashid,0,0,,,,,,,,,
1252686,2021,2021-08-07,"The Rose Bowl, Southampton",2,6.1,Southern Brave,Northern Superchargers,Q de Kock,JM Vince,Mujeeb Ur Rahman,1,0,,,,,,,,,
1252686,2021,2021-08-07,"The Rose Bowl, Southampton",2,6.2,Southern Brave,Northern Superchargers,JM Vince,Q de Kock,Mujeeb Ur Rahman,1,0,,,,,,,,,
1252686,2021,2021-08-07,"The Rose Bowl, Southampton",2,6.3,Southern Brave,Northern Superchargers,Q de Kock,JM Vince,Mujeeb Ur Rahman,4,0,,,,,,,,,
1252686,2021,2021-08-07,"The Rose Bowl, Southampton",2,6.4,Southern Brave,Northern Superchargers,Q de Kock,JM Vince,Mujeeb Ur Rahman,2,0,,,,,,,,,
1252686,2021,2021-08-07,"The Rose Bowl, Southampton",2,6.5,Southern Brave,Northern Superchargers,Q de Kock,JM Vince,Mujeeb Ur Rahman,1,0,,,,,,,,,
1252686,2021,2021-08-07,"The Rose Bowl, Southampton",2,7.1,Southern Brave,Northern Superchargers,JM Vince,Q de Kock,AU Rashid,0,0,,,,,,,,,
1252686,2021,2021-08-07,"The Rose Bowl, Southampton",2,7.2,Southern Brave,Northern Superchargers,JM Vince,Q de Kock,AU Rashid,0,0,,,,,,,,,
1252686,2021,2021-08-07,"The Rose Bowl, Southampton",2,7.3,Southern Brave,Northern Superchargers,JM Vince,Q de Kock,AU Rashid,0,0,,,,,,bowled,JM Vince,,
1252686,2021,2021-08-07,"The Rose Bowl, Southampton",2,7.4,Southern Brave,Northern Superchargers,AL Davies,Q de Kock,AU Rashid,0,0,,,,,,,,,
1252686,2021,2021-08-07,"The Rose Bowl, Southampton",2,7.5,Southern Brave,Northern Superchargers,AL Davies,Q de Kock,AU Rashid,1,0,,,,,,,,,
1252686,2021,2021-08-07,"The Rose Bowl, Southampton",2,8.1,Southern Brave,Northern Superchargers,AL Davies,Q de Kock,Mujeeb Ur Rahman,0,0,,,,,,,,,
1252686,2021,2021-08-07,"The Rose Bowl, Southampton",2,8.2,Southern Brave,Northern Superchargers,AL Davies,Q de Kock,Mujeeb Ur Rahman,1,0,,,,,,,,,
1252686,2021,2021-08-07,"The Rose Bowl, Southampton",2,8.3,Southern Brave,Northern Superchargers,Q de Kock,AL Davies,Mujeeb Ur Rahman,1,0,,,,,,,,,
1252686,2021,2021-08-07,"The Rose Bowl, Southampton",2,8.4,Southern Brave,Northern Superchargers,AL Davies,Q de Kock,Mujeeb Ur Rahman,1,0,,,,,,,,,
1252686,2021,2021-08-07,"The Rose Bowl, Southampton",2,8.5,Southern Brave,Northern Superchargers,Q de Kock,AL Davies,Mujeeb Ur Rahman,2,0,,,,,,,,,
1252686,2021,2021-08-07,"The Rose Bowl, Southampton",2,9.1,Southern Brave,Northern Superchargers,Q de Kock,AL Davies,AU Rashid,1,0,,,,,,,,,
1252686,2021,2021-08-07,"The Rose Bowl, Southampton",2,9.2,Southern Brave,Northern Superchargers,AL Davies,Q de Kock,AU Rashid,4,0,,,,,,,,,
1252686,2021,2021-08-07,"The Rose Bowl, Southampton",2,9.3,Southern Brave,Northern Superchargers,AL Davies,Q de Kock,AU Rashid,1,0,,,,,,,,,
1252686,2021,2021-08-07,"The Rose Bowl, Southampton",2,9.4,Southern Brave,Northern Superchargers,Q de Kock,AL Davies,AU Rashid,1,0,,,,,,,,,
1252686,2021,2021-08-07,"The Rose Bowl, Southampton",2,9.5,Southern Brave,Northern Superchargers,AL Davies,Q de Kock,AU Rashid,0,0,,,,,,,,,
1252686,2021,2021-08-07,"The Rose Bowl, Southampton",2,10.1,Southern Brave,Northern Superchargers,Q de Kock,AL Davies,A Lyth,2,0,,,,,,,,,
1252686,2021,2021-08-07,"The Rose Bowl, Southampton",2,10.2,Southern Brave,Northern Superchargers,Q de Kock,AL Davies,A Lyth,0,0,,,,,,,,,
1252686,2021,2021-08-07,"The Rose Bowl, Southampton",2,10.3,Southern Brave,Northern Superchargers,Q de Kock,AL Davies,A Lyth,1,0,,,,,,,,,
1252686,2021,2021-08-07,"The Rose Bowl, Southampton",2,10.4,Southern Brave,Northern Superchargers,AL Davies,Q de Kock,A Lyth,1,0,,,,,,,,,
1252686,2021,2021-08-07,"The Rose Bowl, Southampton",2,10.5,Southern Brave,Northern Superchargers,Q de Kock,AL Davies,A Lyth,4,0,,,,,,,,,
1252686,2021,2021-08-07,"The Rose Bowl, Southampton",2,11.1,Southern Brave,Northern Superchargers,Q de Kock,AL Davies,BA Raine,2,0,,,,,,,,,
1252686,2021,2021-08-07,"The Rose Bowl, Southampton",2,11.2,Southern Brave,Northern Superchargers,Q de Kock,AL Davies,BA Raine,1,0,,,,,,,,,
1252686,2021,2021-08-07,"The Rose Bowl, Southampton",2,11.3,Southern Brave,Northern Superchargers,AL Davies,Q de Kock,BA Raine,1,0,,,,,,,,,
1252686,2021,2021-08-07,"The Rose Bowl, Southampton",2,11.4,Southern Brave,Northern Superchargers,Q de Kock,AL Davies,BA Raine,0,0,,,,,,,,,
1252686,2021,2021-08-07,"The Rose Bowl, Southampton",2,11.5,Southern Brave,Northern Superchargers,Q de Kock,AL Davies,BA Raine,1,0,,,,,,,,,
1252686,2021,2021-08-07,"The Rose Bowl, Southampton",2,12.1,Southern Brave,Northern Superchargers,Q de Kock,AL Davies,Mujeeb Ur Rahman,4,0,,,,,,,,,
1252686,2021,2021-08-07,"The Rose Bowl, Southampton",2,12.2,Southern Brave,Northern Superchargers,Q de Kock,AL Davies,Mujeeb Ur Rahman,1,0,,,,,,,,,
1252686,2021,2021-08-07,"The Rose Bowl, Southampton",2,12.3,Southern Brave,Northern Superchargers,AL Davies,Q de Kock,Mujeeb Ur Rahman,2,0,,,,,,,,,
1252686,2021,2021-08-07,"The Rose Bowl, Southampton",2,12.4,Southern Brave,Northern Superchargers,AL Davies,Q de Kock,Mujeeb Ur Rahman,1,0,,,,,,,,,
1252686,2021,2021-08-07,"The Rose Bowl, Southampton",2,12.5,Southern Brave,Northern Superchargers,Q de Kock,AL Davies,Mujeeb Ur Rahman,2,0,,,,,,,,,
1252686,2021,2021-08-07,"The Rose Bowl, Southampton",2,13.1,Southern Brave,Northern Superchargers,Q de Kock,AL Davies,BA Carse,0,2,,2,,,,,,,
1252686,2021,2021-08-07,"The Rose Bowl, Southampton",2,13.2,Southern Brave,Northern Superchargers,Q de Kock,AL Davies,BA Carse,4,0,,,,,,,,,
1252686,2021,2021-08-07,"The Rose Bowl, Southampton",2,13.3,Southern Brave,Northern Superchargers,Q de Kock,AL Davies,BA Carse,0,0,,,,,,,,,
1252686,2021,2021-08-07,"The Rose Bowl, Southampton",2,13.4,Southern Brave,Northern Superchargers,Q de Kock,AL Davies,BA Carse,4,0,,,,,,,,,
1252686,2021,2021-08-07,"The Rose Bowl, Southampton",2,13.5,Southern Brave,Northern Superchargers,Q de Kock,AL Davies,BA Carse,1,0,,,,,,,,,
1252686,2021,2021-08-07,"The Rose Bowl, Southampton",2,13.6,Southern Brave,Northern Superchargers,AL Davies,Q de Kock,BA Carse,1,0,,,,,,,,,
1252686,2021,2021-08-07,"The Rose Bowl, Southampton",2,14.1,Southern Brave,Northern Superchargers,AL Davies,Q de Kock,AU Rashid,0,0,,,,,,stumped,AL Davies,,
1252686,2021,2021-08-07,"The Rose Bowl, Southampton",2,14.2,Southern Brave,Northern Superchargers,RA Whiteley,Q de Kock,AU Rashid,0,0,,,,,,,,,
1252686,2021,2021-08-07,"The Rose Bowl, Southampton",2,14.3,Southern Brave,Northern Superchargers,RA Whiteley,Q de Kock,AU Rashid,1,0,,,,,,,,,
1252686,2021,2021-08-07,"The Rose Bowl, Southampton",2,14.4,Southern Brave,Northern Superchargers,Q de Kock,RA Whiteley,AU Rashid,4,0,,,,,,,,,
1252686,2021,2021-08-07,"The Rose Bowl, Southampton",2,14.5,Southern Brave,Northern Superchargers,Q de Kock,RA Whiteley,AU Rashid,1,0,,,,,,,,,
1252686,2021,2021-08-07,"The Rose Bowl, Southampton",2,15.1,Southern Brave,Northern Superchargers,RA Whiteley,Q de Kock,A Lyth,0,0,,,,,,,,,
1252686,2021,2021-08-07,"The Rose Bowl, Southampton",2,15.2,Southern Brave,Northern Superchargers,RA Whiteley,Q de Kock,A Lyth,0,0,,,,,,bowled,RA Whiteley,,
1252686,2021,2021-08-07,"The Rose Bowl, Southampton",2,15.3,Southern Brave,Northern Superchargers,C de Grandhomme,Q de Kock,A Lyth,2,0,,,,,,,,,
1252686,2021,2021-08-07,"The Rose Bowl, Southampton",2,15.4,Southern Brave,Northern Superchargers,C de Grandhomme,Q de Kock,A Lyth,0,0,,,,,,bowled,C de Grandhomme,,
1252686,2021,2021-08-07,"The Rose Bowl, Southampton",2,15.5,Southern Brave,Northern Superchargers,CJ Jordan,Q de Kock,A Lyth,0,0,,,,,,,,,
1252686,2021,2021-08-07,"The Rose Bowl, Southampton",2,16.1,Southern Brave,Northern Superchargers,Q de Kock,CJ Jordan,A Lyth,0,0,,,,,,,,,
1252686,2021,2021-08-07,"The Rose Bowl, Southampton",2,16.2,Southern Brave,Northern Superchargers,Q de Kock,CJ Jordan,A Lyth,2,0,,,,,,,,,
1252686,2021,2021-08-07,"The Rose Bowl, Southampton",2,16.3,Southern Brave,Northern Superchargers,Q de Kock,CJ Jordan,A Lyth,0,1,,,,1,,,,,
1252686,2021,2021-08-07,"The Rose Bowl, Southampton",2,16.4,Southern Brave,Northern Superchargers,CJ Jordan,Q de Kock,A Lyth,0,0,,,,,,,,,
1252686,2021,2021-08-07,"The Rose Bowl, Southampton",2,16.5,Southern Brave,Northern Superchargers,CJ Jordan,Q de Kock,A Lyth,1,0,,,,,,,,,
1252686,2021,2021-08-07,"The Rose Bowl, Southampton",2,17.1,Southern Brave,Northern Superchargers,Q de Kock,CJ Jordan,BA Raine,2,0,,,,,,,,,
1252686,2021,2021-08-07,"The Rose Bowl, Southampton",2,17.2,Southern Brave,Northern Superchargers,Q de Kock,CJ Jordan,BA Raine,0,0,,,,,,,,,
1252686,2021,2021-08-07,"The Rose Bowl, Southampton",2,17.3,Southern Brave,Northern Superchargers,Q de Kock,CJ Jordan,BA Raine,0,0,,,,,,,,,
1252686,2021,2021-08-07,"The Rose Bowl, Southampton",2,17.4,Southern Brave,Northern Superchargers,Q de Kock,CJ Jordan,BA Raine,0,0,,,,,,,,,
1252686,2021,2021-08-07,"The Rose Bowl, Southampton",2,17.5,Southern Brave,Northern Superchargers,Q de Kock,CJ Jordan,BA Raine,6,0,,,,,,,,,
1252686,2021,2021-08-07,"The Rose Bowl, Southampton",2,18.1,Southern Brave,Northern Superchargers,CJ Jordan,Q de Kock,A Lyth,2,0,,,,,,,,,
1252686,2021,2021-08-07,"The Rose Bowl, Southampton",2,18.2,Southern Brave,Northern Superchargers,CJ Jordan,Q de Kock,A Lyth,0,0,,,,,,,,,
1252686,2021,2021-08-07,"The Rose Bowl, Southampton",2,18.3,Southern Brave,Northern Superchargers,CJ Jordan,Q de Kock,A Lyth,1,0,,,,,,,,,
1252686,2021,2021-08-07,"The Rose Bowl, Southampton",2,18.4,Southern Brave,Northern Superchargers,Q de Kock,CJ Jordan,A Lyth,1,0,,,,,,,,,
1252686,2021,2021-08-07,"The Rose Bowl, Southampton",2,18.5,Southern Brave,Northern Superchargers,CJ Jordan,Q de Kock,A Lyth,6,0,,,,,,,,,
