match_id,season,start_date,venue,innings,ball,batting_team,bowling_team,striker,non_striker,bowler,runs_off_bat,extras,wides,noballs,byes,legbyes,penalty,wicket_type,player_dismissed,other_wicket_type,other_player_dismissed
1252694,2021,2021-08-15,"Trent Bridge, Nottingham",1,0.1,Manchester Originals,Trent Rockets,PD Salt,JM Clarke,SR Patel,1,0,,,,,,,,,
1252694,2021,2021-08-15,"Trent Bridge, Nottingham",1,0.2,Manchester Originals,Trent Rockets,JM Clarke,PD Salt,SR Patel,0,0,,,,,,,,,
1252694,2021,2021-08-15,"Trent Bridge, Nottingham",1,0.3,Manchester Originals,Trent Rockets,JM Clarke,PD Salt,SR Patel,0,0,,,,,,,,,
1252694,2021,2021-08-15,"Trent Bridge, Nottingham",1,0.4,Manchester Originals,Trent Rockets,JM Clarke,PD Salt,SR Patel,4,0,,,,,,,,,
1252694,2021,2021-08-15,"Trent Bridge, Nottingham",1,0.5,Manchester Originals,Trent Rockets,JM Clarke,PD Salt,SR Patel,0,0,,,,,,,,,
1252694,2021,2021-08-15,"Trent Bridge, Nottingham",1,1.1,Manchester Originals,Trent Rockets,JM Clarke,PD Salt,SJ Cook,0,0,,,,,,,,,
1252694,2021,2021-08-15,"Trent Bridge, Nottingham",1,1.2,Manchester Originals,Trent Rockets,JM Clarke,PD Salt,SJ Cook,1,0,,,,,,,,,
1252694,2021,2021-08-15,"Trent Bridge, Nottingham",1,1.3,Manchester Originals,Trent Rockets,PD Salt,JM Clarke,SJ Cook,0,0,,,,,,,,,
1252694,2021,2021-08-15,"Trent Bridge, Nottingham",1,1.4,Manchester Originals,Trent Rockets,PD Salt,JM Clarke,SJ Cook,1,0,,,,,,,,,
1252694,2021,2021-08-15,"Trent Bridge, Nottingham",1,1.5,Manchester Originals,Trent Rockets,JM Clarke,PD Salt,SJ Cook,4,0,,,,,,,,,
1252694,2021,2021-08-15,"Trent Bridge, Nottingham",1,2.1,Manchester Originals,Trent Rockets,PD Salt,JM Clarke,M Carter,1,0,,,,,,,,,
1252694,2021,2021-08-15,"Trent Bridge, Nottingham",1,2.2,Manchester Originals,Trent Rockets,JM Clarke,PD Salt,M Carter,0,0,,,,,,,,,
1252694,2021,2021-08-15,"Trent Bridge, Nottingham",1,2.3,Manchester Originals,Trent Rockets,JM Clarke,PD Salt,M Carter,2,0,,,,,,,,,
1252694,2021,2021-08-15,"Trent Bridge, Nottingham",1,2.4,Manchester Originals,Trent Rockets,JM Clarke,PD Salt,M Carter,4,0,,,,,,,,,
1252694,2021,2021-08-15,"Trent Bridge, Nottingham",1,2.5,Manchester Originals,Trent Rockets,JM Clarke,PD Salt,M Carter,2,0,,,,,,,,,
1252694,2021,2021-08-15,"Trent Bridge, Nottingham",1,3.1,Manchester Originals,Trent Rockets,JM Clarke,PD Salt,SJ Cook,1,0,,,,,,,,,
1252694,2021,2021-08-15,"Trent Bridge, Nottingham",1,3.2,Manchester Originals,Trent Rockets,PD Salt,JM Clarke,SJ Cook,1,0,,,,,,,,,
1252694,2021,2021-08-15,"Trent Bridge, Nottingham",1,3.3,Manchester Originals,Trent Rockets,JM Clarke,PD Salt,SJ Cook,4,0,,,,,,,,,
1252694,2021,2021-08-15,"Trent Bridge, Nottingham",1,3.4,Manchester Originals,Trent Rockets,JM Clarke,PD Salt,SJ Cook,1,0,,,,,,,,,
1252694,2021,2021-08-15,"Trent Bridge, Nottingham",1,3.5,Manchester Originals,Trent Rockets,PD Salt,JM Clarke,SJ Cook,2,0,,,,,,,,,
1252694,2021,2021-08-15,"Trent Bridge, Nottingham",1,4.1,Manchester Originals,Trent Rockets,JM Clarke,PD Salt,SR Patel,0,0,,,,,,,,,
1252694,2021,2021-08-15,"Trent Bridge, Nottingham",1,4.2,Manchester Originals,Trent Rockets,JM Clarke,PD Salt,SR Patel,4,0,,,,,,,,,
1252694,2021,2021-08-15,"Trent Bridge, Nottingham",1,4.3,Manchester Originals,Trent Rockets,JM Clarke,PD Salt,SR Patel,0,0,,,,,,bowled,JM Clarke,,
1252694,2021,2021-08-15,"Trent Bridge, Nottingham",1,4.4,Manchester Originals,Trent Rockets,C Munro,PD Salt,SR Patel,6,0,,,,,,,,,
1252694,2021,2021-08-15,"Trent Bridge, Nottingham",1,4.5,Manchester Originals,Trent Rockets,C Munro,PD Salt,SR Patel,4,0,,,,,,,,,
1252694,2021,2021-08-15,"Trent Bridge, Nottingham",1,5.1,Manchester Originals,Trent Rockets,C Munro,PD Salt,SJ Mullaney,0,0,,,,,,,,,
1252694,2021,2021-08-15,"Trent Bridge, Nottingham",1,5.2,Manchester Originals,Trent Rockets,C Munro,PD Salt,SJ Mullaney,1,0,,,,,,,,,
1252694,2021,2021-08-15,"Trent Bridge, Nottingham",1,5.3,Manchester Originals,Trent Rockets,PD Salt,C Munro,SJ Mullaney,4,0,,,,,,,,,
1252694,2021,2021-08-15,"Trent Bridge, Nottingham",1,5.4,Manchester Originals,Trent Rockets,PD Salt,C Munro,SJ Mullaney,1,0,,,,,,,,,
1252694,2021,2021-08-15,"Trent Bridge, Nottingham",1,5.5,Manchester Originals,Trent Rockets,C Munro,PD Salt,SJ Mullaney,0,0,,,,,,,,,
1252694,2021,2021-08-15,"Trent Bridge, Nottingham",1,6.1,Manchester Originals,Trent Rockets,PD Salt,C Munro,M de Lange,1,0,,,,,,,,,
1252694,2021,2021-08-15,"Trent Bridge, Nottingham",1,6.2,Manchester Originals,Trent Rockets,C Munro,PD Salt,M de Lange,0,1,,,1,,,,,,
1252694,2021,2021-08-15,"Trent Bridge, Nottingham",1,6.3,Manchester Originals,Trent Rockets,PD Salt,C Munro,M de Lange,1,0,,,,,,,,,
1252694,2021,2021-08-15,"Trent Bridge, Nottingham",1,6.4,Manchester Originals,Trent Rockets,C Munro,PD Salt,M de Lange,4,0,,,,,,,,,
1252694,2021,2021-08-15,"Trent Bridge, Nottingham",1,6.5,Manchester Originals,Trent Rockets,C Munro,PD Salt,M de Lange,0,0,,,,,,,,,
1252694,2021,2021-08-15,"Trent Bridge, Nottingham",1,7.1,Manchester Originals,Trent Rockets,C Munro,PD Salt,M Carter,1,0,,,,,,,,,
1252694,2021,2021-08-15,"Trent Bridge, Nottingham",1,7.2,Manchester Originals,Trent Rockets,PD Salt,C Munro,M Carter,1,0,,,,,,,,,
1252694,2021,2021-08-15,"Trent Bridge, Nottingham",1,7.3,Manchester Originals,Trent Rockets,C Munro,PD Salt,M Carter,6,2,,2,,,,,,,
1252694,2021,2021-08-15,"Trent Bridge, Nottingham",1,7.4,Manchester Originals,Trent Rockets,C Munro,PD Salt,M Carter,2,0,,,,,,,,,
1252694,2021,2021-08-15,"Trent Bridge, Nottingham",1,7.5,Manchester Originals,Trent Rockets,C Munro,PD Salt,M Carter,1,0,,,,,,,,,
1252694,2021,2021-08-15,"Trent Bridge, Nottingham",1,7.6,Manchester Originals,Trent Rockets,PD Salt,C Munro,M Carter,1,0,,,,,,,,,
1252694,2021,2021-08-15,"Trent Bridge, Nottingham",1,8.1,Manchester Originals,Trent Rockets,PD Salt,C Munro,Rashid Khan,0,0,,,,,,caught,PD Salt,,
1252694,2021,2021-08-15,"Trent Bridge, Nottingham",1,8.2,Manchester Originals,Trent Rockets,CN Ackermann,C Munro,Rashid Khan,0,0,,,,,,,,,
1252694,2021,2021-08-15,"Trent Bridge, Nottingham",1,8.3,Manchester Originals,Trent Rockets,CN Ackermann,C Munro,Rashid Khan,0,0,,,,,,lbw,CN Ackermann,,
1252694,2021,2021-08-15,"Trent Bridge, Nottingham",1,8.4,Manchester Originals,Trent Rockets,TA Lammonby,C Munro,Rashid Khan,1,0,,,,,,,,,
1252694,2021,2021-08-15,"Trent Bridge, Nottingham",1,8.5,Manchester Originals,Trent Rockets,C Munro,TA Lammonby,Rashid Khan,1,0,,,,,,,,,
1252694,2021,2021-08-15,"Trent Bridge, Nottingham",1,9.1,Manchester Originals,Trent Rockets,TA Lammonby,C Munro,SJ Mullaney,0,0,,,,,,,,,
1252694,2021,2021-08-15,"Trent Bridge, Nottingham",1,9.2,Manchester Originals,Trent Rockets,TA Lammonby,C Munro,SJ Mullaney,2,0,,,,,,,,,
1252694,2021,2021-08-15,"Trent Bridge, Nottingham",1,9.3,Manchester Originals,Trent Rockets,TA Lammonby,C Munro,SJ Mullaney,0,0,,,,,,,,,
1252694,2021,2021-08-15,"Trent Bridge, Nottingham",1,9.4,Manchester Originals,Trent Rockets,TA Lammonby,C Munro,SJ Mullaney,0,0,,,,,,caught,TA Lammonby,,
1252694,2021,2021-08-15,"Trent Bridge, Nottingham",1,9.5,Manchester Originals,Trent Rockets,CR Brathwaite,C Munro,SJ Mullaney,1,0,,,,,,,,,
1252694,2021,2021-08-15,"Trent Bridge, Nottingham",1,10.1,Manchester Originals,Trent Rockets,CR Brathwaite,C Munro,Rashid Khan,0,0,,,,,,bowled,CR Brathwaite,,
1252694,2021,2021-08-15,"Trent Bridge, Nottingham",1,10.2,Manchester Originals,Trent Rockets,DA Douthwaite,C Munro,Rashid Khan,0,0,,,,,,,,,
1252694,2021,2021-08-15,"Trent Bridge, Nottingham",1,10.3,Manchester Originals,Trent Rockets,DA Douthwaite,C Munro,Rashid Khan,0,0,,,,,,,,,
1252694,2021,2021-08-15,"Trent Bridge, Nottingham",1,10.4,Manchester Originals,Trent Rockets,DA Douthwaite,C Munro,Rashid Khan,0,0,,,,,,,,,
1252694,2021,2021-08-15,"Trent Bridge, Nottingham",1,10.5,Manchester Originals,Trent Rockets,DA Douthwaite,C Munro,Rashid Khan,0,0,,,,,,,,,
1252694,2021,2021-08-15,"Trent Bridge, Nottingham",1,11.1,Manchester Originals,Trent Rockets,DA Douthwaite,C Munro,Rashid Khan,0,0,,,,,,,,,
1252694,2021,2021-08-15,"Trent Bridge, Nottingham",1,11.2,Manchester Originals,Trent Rockets,DA Douthwaite,C Munro,Rashid Khan,1,0,,,,,,,,,
1252694,2021,2021-08-15,"Trent Bridge, Nottingham",1,11.3,Manchester Originals,Trent Rockets,C Munro,DA Douthwaite,Rashid Khan,1,0,,,,,,,,,
1252694,2021,2021-08-15,"Trent Bridge, Nottingham",1,11.4,Manchester Originals,Trent Rockets,DA Douthwaite,C Munro,Rashid Khan,2,0,,,,,,,,,
1252694,2021,2021-08-15,"Trent Bridge, Nottingham",1,11.5,Manchester Originals,Trent Rockets,DA Douthwaite,C Munro,Rashid Khan,0,0,,,,,,,,,
1252694,2021,2021-08-15,"Trent Bridge, Nottingham",1,12.1,Manchester Originals,Trent Rockets,C Munro,DA Douthwaite,SR Patel,4,0,,,,,,,,,
1252694,2021,2021-08-15,"Trent Bridge, Nottingham",1,12.2,Manchester Originals,Trent Rockets,C Munro,DA Douthwaite,SR Patel,0,0,,,,,,,,,
1252694,2021,2021-08-15,"Trent Bridge, Nottingham",1,12.3,Manchester Originals,Trent Rockets,C Munro,DA Douthwaite,SR Patel,1,0,,,,,,,,,
1252694,2021,2021-08-15,"Trent Bridge, Nottingham",1,12.4,Manchester Originals,Trent Rockets,DA Douthwaite,C Munro,SR Patel,1,0,,,,,,,,,
1252694,2021,2021-08-15,"Trent Bridge, Nottingham",1,12.5,Manchester Originals,Trent Rockets,C Munro,DA Douthwaite,SR Patel,2,0,,,,,,,,,
1252694,2021,2021-08-15,"Trent Bridge, Nottingham",1,13.1,Manchester Originals,Trent Rockets,C Munro,DA Douthwaite,M de Lange,4,0,,,,,,,,,
1252694,2021,2021-08-15,"Trent Bridge, Nottingham",1,13.2,Manchester Originals,Trent Rockets,C Munro,DA Douthwaite,M de Lange,1,0,,,,,,,,,
1252694,2021,2021-08-15,"Trent Bridge, Nottingham",1,13.3,Manchester Originals,Trent Rockets,DA Douthwaite,C Munro,M de Lange,0,0,,,,,,run out,DA Douthwaite,,
1252694,2021,2021-08-15,"Trent Bridge, Nottingham",1,13.4,Manchester Originals,Trent Rockets,C Munro,TW Hartley,M de Lange,6,0,,,,,,,,,
1252694,2021,2021-08-15,"Trent Bridge, Nottingham",1,13.5,Manchester Originals,Trent Rockets,C Munro,TW Hartley,M de Lange,0,0,,,,,,bowled,C Munro,,
1252694,2021,2021-08-15,"Trent Bridge, Nottingham",1,14.1,Manchester Originals,Trent Rockets,TW Hartley,LH Ferguson,Rashid Khan,4,0,,,,,,,,,
1252694,2021,2021-08-15,"Trent Bridge, Nottingham",1,14.2,Manchester Originals,Trent Rockets,TW Hartley,LH Ferguson,Rashid Khan,1,0,,,,,,,,,
1252694,2021,2021-08-15,"Trent Bridge, Nottingham",1,14.3,Manchester Originals,Trent Rockets,LH Ferguson,TW Hartley,Rashid Khan,1,0,,,,,,,,,
1252694,2021,2021-08-15,"Trent Bridge, Nottingham",1,14.4,Manchester Originals,Trent Rockets,TW Hartley,LH Ferguson,Rashid Khan,4,0,,,,,,,,,
1252694,2021,2021-08-15,"Trent Bridge, Nottingham",1,14.5,Manchester Originals,Trent Rockets,TW Hartley,LH Ferguson,Rashid Khan,0,0,,,,,,,,,
1252694,2021,2021-08-15,"Trent Bridge, Nottingham",1,15.1,Manchester Originals,Trent Rockets,TW Hartley,LH Ferguson,M de Lange,1,0,,,,,,,,,
1252694,2021,2021-08-15,"Trent Bridge, Nottingham",1,15.2,Manchester Originals,Trent Rockets,LH Ferguson,TW Hartley,M de Lange,1,0,,,,,,,,,
1252694,2021,2021-08-15,"Trent Bridge, Nottingham",1,15.3,Manchester Originals,Trent Rockets,TW Hartley,LH Ferguson,M de Lange,0,0,,,,,,,,,
1252694,2021,2021-08-15,"Trent Bridge, Nottingham",1,15.4,Manchester Originals,Trent Rockets,TW Hartley,LH Ferguson,M de Lange,1,0,,,,,,,,,
1252694,2021,2021-08-15,"Trent Bridge, Nottingham",1,15.5,Manchester Originals,Trent Rockets,LH Ferguson,TW Hartley,M de Lange,1,0,,,,,,,,,
1252694,2021,2021-08-15,"Trent Bridge, Nottingham",1,16.1,Manchester Originals,Trent Rockets,LH Ferguson,TW Hartley,SR Patel,1,0,,,,,,,,,
1252694,2021,2021-08-15,"Trent Bridge, Nottingham",1,16.2,Manchester Originals,Trent Rockets,TW Hartley,LH Ferguson,SR Patel,1,0,,,,,,,,,
1252694,2021,2021-08-15,"Trent Bridge, Nottingham",1,16.3,Manchester Originals,Trent Rockets,LH Ferguson,TW Hartley,SR Patel,2,0,,,,,,,,,
1252694,2021,2021-08-15,"Trent Bridge, Nottingham",1,16.4,Manchester Originals,Trent Rockets,LH Ferguson,TW Hartley,SR Patel,0,0,,,,,,,,,
1252694,2021,2021-08-15,"Trent Bridge, Nottingham",1,16.5,Manchester Originals,Trent Rockets,LH Ferguson,TW Hartley,SR Patel,1,0,,,,,,,,,
1252694,2021,2021-08-15,"Trent Bridge, Nottingham",1,17.1,Manchester Originals,Trent Rockets,TW Hartley,LH Ferguson,SJ Cook,0,1,,,,1,,,,,
1252694,2021,2021-08-15,"Trent Bridge, Nottingham",1,17.2,Manchester Originals,Trent Rockets,LH Ferguson,TW Hartley,SJ Cook,0,0,,,,,,,,,
1252694,2021,2021-08-15,"Trent Bridge, Nottingham",1,17.3,Manchester Originals,Trent Rockets,LH Ferguson,TW Hartley,SJ Cook,0,0,,,,,,,,,
1252694,2021,2021-08-15,"Trent Bridge, Nottingham",1,17.4,Manchester Originals,Trent Rockets,LH Ferguson,TW Hartley,SJ Cook,6,0,,,,,,,,,
1252694,2021,2021-08-15,"Trent Bridge, Nottingham",1,17.5,Manchester Originals,Trent Rockets,LH Ferguson,TW Hartley,SJ Cook,0,0,,,,,,caught,LH Ferguson,,
1252694,2021,2021-08-15,"Trent Bridge, Nottingham",1,18.1,Manchester Originals,Trent Rockets,TW Hartley,FJ Klaassen,M de Lange,0,0,,,,,,,,,
1252694,2021,2021-08-15,"Trent Bridge, Nottingham",1,18.2,Manchester Originals,Trent Rockets,TW Hartley,FJ Klaassen,M de Lange,2,0,,,,,,,,,
1252694,2021,2021-08-15,"Trent Bridge, Nottingham",1,18.3,Manchester Originals,Trent Rockets,TW Hartley,FJ Klaassen,M de Lange,0,0,,,,,,,,,
1252694,2021,2021-08-15,"Trent Bridge, Nottingham",1,18.4,Manchester Originals,Trent Rockets,TW Hartley,FJ Klaassen,M de Lange,1,0,,,,,,,,,
1252694,2021,2021-08-15,"Trent Bridge, Nottingham",1,18.5,Manchester Originals,Trent Rockets,FJ Klaassen,TW Hartley,M de Lange,0,0,,,,,,,,,
1252694,2021,2021-08-15,"Trent Bridge, Nottingham",1,19.1,Manchester Originals,Trent Rockets,FJ Klaassen,TW Hartley,SJ Cook,1,0,,,,,,,,,
1252694,2021,2021-08-15,"Trent Bridge, Nottingham",1,19.2,Manchester Originals,Trent Rockets,TW Hartley,FJ Klaassen,SJ Cook,0,1,,,,1,,,,,
1252694,2021,2021-08-15,"Trent Bridge, Nottingham",1,19.3,Manchester Originals,Trent Rockets,FJ Klaassen,TW Hartley,SJ Cook,4,0,,,,,,,,,
1252694,2021,2021-08-15,"Trent Bridge, Nottingham",1,19.4,Manchester Originals,Trent Rockets,FJ Klaassen,TW Hartley,SJ Cook,1,0,,,,,,,,,
1252694,2021,2021-08-15,"Trent Bridge, Nottingham",1,19.5,Manchester Originals,Trent Rockets,TW Hartley,FJ Klaassen,SJ Cook,1,0,,,,,,,,,
1252694,2021,2021-08-15,"Trent Bridge, Nottingham",2,0.1,Trent Rockets,Manchester Originals,AD Hales,DJ Malan,FJ Klaassen,0,0,,,,,,,,,
1252694,2021,2021-08-15,"Trent Bridge, Nottingham",2,0.2,Trent Rockets,Manchester Originals,AD Hales,DJ Malan,FJ Klaassen,1,0,,,,,,,,,
1252694,2021,2021-08-15,"Trent Bridge, Nottingham",2,0.3,Trent Rockets,Manchester Originals,DJ Malan,AD Hales,FJ Klaassen,0,0,,,,,,,,,
1252694,2021,2021-08-15,"Trent Bridge, Nottingham",2,0.4,Trent Rockets,Manchester Originals,DJ Malan,AD Hales,FJ Klaassen,2,0,,,,,,,,,
1252694,2021,2021-08-15,"Trent Bridge, Nottingham",2,0.5,Trent Rockets,Manchester Originals,DJ Malan,AD Hales,FJ Klaassen,4,0,,,,,,,,,
1252694,2021,2021-08-15,"Trent Bridge, Nottingham",2,1.1,Trent Rockets,Manchester Originals,DJ Malan,AD Hales,FJ Klaassen,0,1,1,,,,,,,,
1252694,2021,2021-08-15,"Trent Bridge, Nottingham",2,1.2,Trent Rockets,Manchester Originals,DJ Malan,AD Hales,FJ Klaassen,1,0,,,,,,,,,
1252694,2021,2021-08-15,"Trent Bridge, Nottingham",2,1.3,Trent Rockets,Manchester Originals,AD Hales,DJ Malan,FJ Klaassen,0,0,,,,,,,,,
1252694,2021,2021-08-15,"Trent Bridge, Nottingham",2,1.4,Trent Rockets,Manchester Originals,AD Hales,DJ Malan,FJ Klaassen,4,0,,,,,,,,,
1252694,2021,2021-08-15,"Trent Bridge, Nottingham",2,1.5,Trent Rockets,Manchester Originals,AD Hales,DJ Malan,FJ Klaassen,4,0,,,,,,,,,
1252694,2021,2021-08-15,"Trent Bridge, Nottingham",2,1.6,Trent Rockets,Manchester Originals,AD Hales,DJ Malan,FJ Klaassen,0,0,,,,,,,,,
1252694,2021,2021-08-15,"Trent Bridge, Nottingham",2,2.1,Trent Rockets,Manchester Originals,DJ Malan,AD Hales,TW Hartley,4,0,,,,,,,,,
1252694,2021,2021-08-15,"Trent Bridge, Nottingham",2,2.2,Trent Rockets,Manchester Originals,DJ Malan,AD Hales,TW Hartley,0,0,,,,,,,,,
1252694,2021,2021-08-15,"Trent Bridge, Nottingham",2,2.3,Trent Rockets,Manchester Originals,DJ Malan,AD Hales,TW Hartley,1,0,,,,,,,,,
1252694,2021,2021-08-15,"Trent Bridge, Nottingham",2,2.4,Trent Rockets,Manchester Originals,AD Hales,DJ Malan,TW Hartley,2,0,,,,,,,,,
1252694,2021,2021-08-15,"Trent Bridge, Nottingham",2,2.5,Trent Rockets,Manchester Originals,AD Hales,DJ Malan,TW Hartley,0,0,,,,,,,,,
1252694,2021,2021-08-15,"Trent Bridge, Nottingham",2,3.1,Trent Rockets,Manchester Originals,AD Hales,DJ Malan,LH Ferguson,1,0,,,,,,,,,
1252694,2021,2021-08-15,"Trent Bridge, Nottingham",2,3.2,Trent Rockets,Manchester Originals,DJ Malan,AD Hales,LH Ferguson,0,0,,,,,,,,,
1252694,2021,2021-08-15,"Trent Bridge, Nottingham",2,3.3,Trent Rockets,Manchester Originals,DJ Malan,AD Hales,LH Ferguson,1,0,,,,,,,,,
1252694,2021,2021-08-15,"Trent Bridge, Nottingham",2,3.4,Trent Rockets,Manchester Originals,AD Hales,DJ Malan,LH Ferguson,1,0,,,,,,,,,
1252694,2021,2021-08-15,"Trent Bridge, Nottingham",2,3.5,Trent Rockets,Manchester Originals,DJ Malan,AD Hales,LH Ferguson,1,0,,,,,,,,,
1252694,2021,2021-08-15,"Trent Bridge, Nottingham",2,4.1,Trent Rockets,Manchester Originals,DJ Malan,AD Hales,CR Brathwaite,0,0,,,,,,,,,
1252694,2021,2021-08-15,"Trent Bridge, Nottingham",2,4.2,Trent Rockets,Manchester Originals,DJ Malan,AD Hales,CR Brathwaite,4,0,,,,,,,,,
1252694,2021,2021-08-15,"Trent Bridge, Nottingham",2,4.3,Trent Rockets,Manchester Originals,DJ Malan,AD Hales,CR Brathwaite,0,0,,,,,,,,,
1252694,2021,2021-08-15,"Trent Bridge, Nottingham",2,4.4,Trent Rockets,Manchester Originals,DJ Malan,AD Hales,CR Brathwaite,1,0,,,,,,,,,
1252694,2021,2021-08-15,"Trent Bridge, Nottingham",2,4.5,Trent Rockets,Manchester Originals,AD Hales,DJ Malan,CR Brathwaite,0,0,,,,,,,,,
1252694,2021,2021-08-15,"Trent Bridge, Nottingham",2,5.1,Trent Rockets,Manchester Originals,AD Hales,DJ Malan,CN Ackermann,0,0,,,,,,,,,
1252694,2021,2021-08-15,"Trent Bridge, Nottingham",2,5.2,Trent Rockets,Manchester Originals,AD Hales,DJ Malan,CN Ackermann,1,0,,,,,,,,,
1252694,2021,2021-08-15,"Trent Bridge, Nottingham",2,5.3,Trent Rockets,Manchester Originals,DJ Malan,AD Hales,CN Ackermann,0,0,,,,,,,,,
1252694,2021,2021-08-15,"Trent Bridge, Nottingham",2,5.4,Trent Rockets,Manchester Originals,DJ Malan,AD Hales,CN Ackermann,4,0,,,,,,,,,
1252694,2021,2021-08-15,"Trent Bridge, Nottingham",2,5.5,Trent Rockets,Manchester Originals,DJ Malan,AD Hales,CN Ackermann,1,0,,,,,,,,,
1252694,2021,2021-08-15,"Trent Bridge, Nottingham",2,6.1,Trent Rockets,Manchester Originals,DJ Malan,AD Hales,LH Ferguson,0,4,,,4,,,,,,
1252694,2021,2021-08-15,"Trent Bridge, Nottingham",2,6.2,Trent Rockets,Manchester Originals,DJ Malan,AD Hales,LH Ferguson,1,0,,,,,,,,,
1252694,2021,2021-08-15,"Trent Bridge, Nottingham",2,6.3,Trent Rockets,Manchester Originals,AD Hales,DJ Malan,LH Ferguson,1,0,,,,,,,,,
1252694,2021,2021-08-15,"Trent Bridge, Nottingham",2,6.4,Trent Rockets,Manchester Originals,DJ Malan,AD Hales,LH Ferguson,0,0,,,,,,,,,
1252694,2021,2021-08-15,"Trent Bridge, Nottingham",2,6.5,Trent Rockets,Manchester Originals,DJ Malan,AD Hales,LH Ferguson,1,0,,,,,,,,,
1252694,2021,2021-08-15,"Trent Bridge, Nottingham",2,7.1,Trent Rockets,Manchester Originals,AD Hales,DJ Malan,MW Parkinson,4,0,,,,,,,,,
1252694,2021,2021-08-15,"Trent Bridge, Nottingham",2,7.2,Trent Rockets,Manchester Originals,AD Hales,DJ Malan,MW Parkinson,0,0,,,,,,caught,AD Hales,,
1252694,2021,2021-08-15,"Trent Bridge, Nottingham",2,7.3,Trent Rockets,Manchester Originals,SJ Mullaney,DJ Malan,MW Parkinson,1,0,,,,,,,,,
1252694,2021,2021-08-15,"Trent Bridge, Nottingham",2,7.4,Trent Rockets,Manchester Originals,DJ Malan,SJ Mullaney,MW Parkinson,1,0,,,,,,,,,
1252694,2021,2021-08-15,"Trent Bridge, Nottingham",2,7.5,Trent Rockets,Manchester Originals,SJ Mullaney,DJ Malan,MW Parkinson,1,0,,,,,,,,,
1252694,2021,2021-08-15,"Trent Bridge, Nottingham",2,8.1,Trent Rockets,Manchester Originals,SJ Mullaney,DJ Malan,CN Ackermann,4,0,,,,,,,,,
1252694,2021,2021-08-15,"Trent Bridge, Nottingham",2,8.2,Trent Rockets,Manchester Originals,SJ Mullaney,DJ Malan,CN Ackermann,4,0,,,,,,,,,
1252694,2021,2021-08-15,"Trent Bridge, Nottingham",2,8.3,Trent Rockets,Manchester Originals,SJ Mullaney,DJ Malan,CN Ackermann,0,0,,,,,,,,,
1252694,2021,2021-08-15,"Trent Bridge, Nottingham",2,8.4,Trent Rockets,Manchester Originals,SJ Mullaney,DJ Malan,CN Ackermann,1,0,,,,,,,,,
1252694,2021,2021-08-15,"Trent Bridge, Nottingham",2,8.5,Trent Rockets,Manchester Originals,DJ Malan,SJ Mullaney,CN Ackermann,4,0,,,,,,,,,
1252694,2021,2021-08-15,"Trent Bridge, Nottingham",2,9.1,Trent Rockets,Manchester Originals,DJ Malan,SJ Mullaney,CR Brathwaite,1,0,,,,,,,,,
1252694,2021,2021-08-15,"Trent Bridge, Nottingham",2,9.2,Trent Rockets,Manchester Originals,SJ Mullaney,DJ Malan,CR Brathwaite,4,0,,,,,,,,,
1252694,2021,2021-08-15,"Trent Bridge, Nottingham",2,9.3,Trent Rockets,Manchester Originals,SJ Mullaney,DJ Malan,CR Brathwaite,1,0,,,,,,,,,
1252694,2021,2021-08-15,"Trent Bridge, Nottingham",2,9.4,Trent Rockets,Manchester Originals,DJ Malan,SJ Mullaney,CR Brathwaite,1,0,,,,,,,,,
1252694,2021,2021-08-15,"Trent Bridge, Nottingham",2,9.5,Trent Rockets,Manchester Originals,SJ Mullaney,DJ Malan,CR Brathwaite,1,0,,,,,,,,,
1252694,2021,2021-08-15,"Trent Bridge, Nottingham",2,10.1,Trent Rockets,Manchester Originals,SJ Mullaney,DJ Malan,MW Parkinson,0,0,,,,,,caught,SJ Mullaney,,
1252694,2021,2021-08-15,"Trent Bridge, Nottingham",2,10.2,Trent Rockets,Manchester Originals,SR Patel,DJ Malan,MW Parkinson,1,0,,,,,,,,,
1252694,2021,2021-08-15,"Trent Bridge, Nottingham",2,10.3,Trent Rockets,Manchester Originals,DJ Malan,SR Patel,MW Parkinson,1,0,,,,,,,,,
1252694,2021,2021-08-15,"Trent Bridge, Nottingham",2,10.4,Trent Rockets,Manchester Originals,SR Patel,DJ Malan,MW Parkinson,1,0,,,,,,,,,
1252694,2021,2021-08-15,"Trent Bridge, Nottingham",2,10.5,Trent Rockets,Manchester Originals,DJ Malan,SR Patel,MW Parkinson,0,0,,,,,,,,,
1252694,2021,2021-08-15,"Trent Bridge, Nottingham",2,11.1,Trent Rockets,Manchester Originals,DJ Malan,SR Patel,MW Parkinson,1,0,,,,,,,,,
1252694,2021,2021-08-15,"Trent Bridge, Nottingham",2,11.2,Trent Rockets,Manchester Originals,SR Patel,DJ Malan,MW Parkinson,1,0,,,,,,,,,
1252694,2021,2021-08-15,"Trent Bridge, Nottingham",2,11.3,Trent Rockets,Manchester Originals,DJ Malan,SR Patel,MW Parkinson,0,0,,,,,,,,,
1252694,2021,2021-08-15,"Trent Bridge, Nottingham",2,11.4,Trent Rockets,Manchester Originals,DJ Malan,SR Patel,MW Parkinson,2,0,,,,,,,,,
1252694,2021,2021-08-15,"Trent Bridge, Nottingham",2,11.5,Trent Rockets,Manchester Originals,DJ Malan,SR Patel,MW Parkinson,1,0,,,,,,,,,
1252694,2021,2021-08-15,"Trent Bridge, Nottingham",2,12.1,Trent Rockets,Manchester Originals,DJ Malan,SR Patel,LH Ferguson,4,0,,,,,,,,,
1252694,2021,2021-08-15,"Trent Bridge, Nottingham",2,12.2,Trent Rockets,Manchester Originals,DJ Malan,SR Patel,LH Ferguson,1,0,,,,,,,,,
1252694,2021,2021-08-15,"Trent Bridge, Nottingham",2,12.3,Trent Rockets,Manchester Originals,SR Patel,DJ Malan,LH Ferguson,4,0,,,,,,,,,
1252694,2021,2021-08-15,"Trent Bridge, Nottingham",2,12.4,Trent Rockets,Manchester Originals,SR Patel,DJ Malan,LH Ferguson,1,0,,,,,,,,,
1252694,2021,2021-08-15,"Trent Bridge, Nottingham",2,12.5,Trent Rockets,Manchester Originals,DJ Malan,SR Patel,LH Ferguson,1,0,,,,,,,,,
1252694,2021,2021-08-15,"Trent Bridge, Nottingham",2,13.1,Trent Rockets,Manchester Originals,SR Patel,DJ Malan,CR Brathwaite,1,0,,,,,,,,,
1252694,2021,2021-08-15,"Trent Bridge, Nottingham",2,13.2,Trent Rockets,Manchester Originals,DJ Malan,SR Patel,CR Brathwaite,1,0,,,,,,,,,
1252694,2021,2021-08-15,"Trent Bridge, Nottingham",2,13.3,Trent Rockets,Manchester Originals,SR Patel,DJ Malan,CR Brathwaite,4,0,,,,,,,,,
1252694,2021,2021-08-15,"Trent Bridge, Nottingham",2,13.4,Trent Rockets,Manchester Originals,SR Patel,DJ Malan,CR Brathwaite,0,2,,2,,,,,,,
1252694,2021,2021-08-15,"Trent Bridge, Nottingham",2,13.5,Trent Rockets,Manchester Originals,SR Patel,DJ Malan,CR Brathwaite,1,0,,,,,,,,,
1252694,2021,2021-08-15,"Trent Bridge, Nottingham",2,13.6,Trent Rockets,Manchester Originals,DJ Malan,SR Patel,CR Brathwaite,0,0,,,,,,,,,
1252694,2021,2021-08-15,"Trent Bridge, Nottingham",2,14.1,Trent Rockets,Manchester Originals,SR Patel,DJ Malan,TW Hartley,2,0,,,,,,,,,
1252694,2021,2021-08-15,"Trent Bridge, Nottingham",2,14.2,Trent Rockets,Manchester Originals,SR Patel,DJ Malan,TW Hartley,1,0,,,,,,,,,
1252694,2021,2021-08-15,"Trent Bridge, Nottingham",2,14.3,Trent Rockets,Manchester Originals,DJ Malan,SR Patel,TW Hartley,0,0,,,,,,,,,
1252694,2021,2021-08-15,"Trent Bridge, Nottingham",2,14.4,Trent Rockets,Manchester Originals,DJ Malan,SR Patel,TW Hartley,0,1,,,,1,,,,,
1252694,2021,2021-08-15,"Trent Bridge, Nottingham",2,14.5,Trent Rockets,Manchester Originals,SR Patel,DJ Malan,TW Hartley,0,0,,,,,,,,,
1252694,2021,2021-08-15,"Trent Bridge, Nottingham",2,15.1,Trent Rockets,Manchester Originals,SR Patel,DJ Malan,MW Parkinson,0,0,,,,,,,,,
1252694,2021,2021-08-15,"Trent Bridge, Nottingham",2,15.2,Trent Rockets,Manchester Originals,SR Patel,DJ Malan,MW Parkinson,1,0,,,,,,,,,
1252694,2021,2021-08-15,"Trent Bridge, Nottingham",2,15.3,Trent Rockets,Manchester Originals,DJ Malan,SR Patel,MW Parkinson,0,0,,,,,,,,,
1252694,2021,2021-08-15,"Trent Bridge, Nottingham",2,15.4,Trent Rockets,Manchester Originals,DJ Malan,SR Patel,MW Parkinson,4,0,,,,,,,,,
1252694,2021,2021-08-15,"Trent Bridge, Nottingham",2,15.5,Trent Rockets,Manchester Originals,DJ Malan,SR Patel,MW Parkinson,1,0,,,,,,,,,
1252694,2021,2021-08-15,"Trent Bridge, Nottingham",2,16.1,Trent Rockets,Manchester Originals,DJ Malan,SR Patel,LH Ferguson,0,0,,,,,,,,,
1252694,2021,2021-08-15,"Trent Bridge, Nottingham",2,16.2,Trent Rockets,Manchester Originals,DJ Malan,SR Patel,LH Ferguson,0,0,,,,,,,,,
1252694,2021,2021-08-15,"Trent Bridge, Nottingham",2,16.3,Trent Rockets,Manchester Originals,DJ Malan,SR Patel,LH Ferguson,1,0,,,,,,,,,
1252694,2021,2021-08-15,"Trent Bridge, Nottingham",2,16.4,Trent Rockets,Manchester Originals,SR Patel,DJ Malan,LH Ferguson,1,0,,,,,,,,,
1252694,2021,2021-08-15,"Trent Bridge, Nottingham",2,16.5,Trent Rockets,Manchester Originals,DJ Malan,SR Patel,LH Ferguson,1,0,,,,,,,,,
1252694,2021,2021-08-15,"Trent Bridge, Nottingham",2,17.1,Trent Rockets,Manchester Originals,SR Patel,DJ Malan,FJ Klaassen,2,0,,,,,,,,,
1252694,2021,2021-08-15,"Trent Bridge, Nottingham",2,17.2,Trent Rockets,Manchester Originals,SR Patel,DJ Malan,FJ Klaassen,6,0,,,,,,,,,
1252694,2021,2021-08-15,"Trent Bridge, Nottingham",2,17.3,Trent Rockets,Manchester Originals,SR Patel,DJ Malan,FJ Klaassen,0,0,,,,,,,,,
1252694,2021,2021-08-15,"Trent Bridge, Nottingham",2,17.4,Trent Rockets,Manchester Originals,SR Patel,DJ Malan,FJ Klaassen,1,0,,,,,,,,,
1252694,2021,2021-08-15,"Trent Bridge, Nottingham",2,17.5,Trent Rockets,Manchester Originals,DJ Malan,SR Patel,FJ Klaassen,0,0,,,,,,caught,DJ Malan,,
1252694,2021,2021-08-15,"Trent Bridge, Nottingham",2,18.1,Trent Rockets,Manchester Originals,SR Patel,DJM Short,TW Hartley,0,0,,,,,,,,,
1252694,2021,2021-08-15,"Trent Bridge, Nottingham",2,18.2,Trent Rockets,Manchester Originals,SR Patel,DJM Short,TW Hartley,6,0,,,,,,,,,
1252694,2021,2021-08-15,"Trent Bridge, Nottingham",2,18.3,Trent Rockets,Manchester Originals,SR Patel,DJM Short,TW Hartley,0,0,,,,,,,,,
1252694,2021,2021-08-15,"Trent Bridge, Nottingham",2,18.4,Trent Rockets,Manchester Originals,SR Patel,DJM Short,TW Hartley,0,1,1,,,,,,,,
1252694,2021,2021-08-15,"Trent Bridge, Nottingham",2,18.5,Trent Rockets,Manchester Originals,SR Patel,DJM Short,TW Hartley,1,0,,,,,,,,,
1252694,2021,2021-08-15,"Trent Bridge, Nottingham",2,18.6,Trent Rockets,Manchester Originals,DJM Short,SR Patel,TW Hartley,4,0,,,,,,,,,
