match_id,season,start_date,venue,innings,ball,batting_team,bowling_team,striker,non_striker,bowler,runs_off_bat,extras,wides,noballs,byes,legbyes,penalty,wicket_type,player_dismissed,other_wicket_type,other_player_dismissed
1252687,2021,2021-08-08,"Kennington Oval, London",1,0.1,Oval Invincibles,Trent Rockets,JJ Roy,WG Jacks,SR Patel,2,0,,,,,,,,,
1252687,2021,2021-08-08,"Kennington Oval, London",1,0.2,Oval Invincibles,Trent Rockets,JJ Roy,WG Jacks,SR Patel,1,0,,,,,,,,,
1252687,2021,2021-08-08,"Kennington Oval, London",1,0.3,Oval Invincibles,Trent Rockets,WG Jacks,JJ Roy,SR Patel,1,0,,,,,,,,,
1252687,2021,2021-08-08,"Kennington Oval, London",1,0.4,Oval Invincibles,Trent Rockets,JJ Roy,WG Jacks,SR Patel,2,0,,,,,,,,,
1252687,2021,2021-08-08,"Kennington Oval, London",1,0.5,Oval Invincibles,Trent Rockets,JJ Roy,WG Jacks,SR Patel,0,5,5,,,,,,,,
1252687,2021,2021-08-08,"Kennington Oval, London",1,0.6,Oval Invincibles,Trent Rockets,JJ Roy,WG Jacks,SR Patel,0,0,,,,,,,,,
1252687,2021,2021-08-08,"Kennington Oval, London",1,1.1,Oval Invincibles,Trent Rockets,JJ Roy,WG Jacks,Rashid Khan,6,0,,,,,,,,,
1252687,2021,2021-08-08,"Kennington Oval, London",1,1.2,Oval Invincibles,Trent Rockets,JJ Roy,WG Jacks,Rashid Khan,1,0,,,,,,,,,
1252687,2021,2021-08-08,"Kennington Oval, London",1,1.3,Oval Invincibles,Trent Rockets,WG Jacks,JJ Roy,Rashid Khan,6,0,,,,,,,,,
1252687,2021,2021-08-08,"Kennington Oval, London",1,1.4,Oval Invincibles,Trent Rockets,WG Jacks,JJ Roy,Rashid Khan,0,1,,,,1,,,,,
1252687,2021,2021-08-08,"Kennington Oval, London",1,1.5,Oval Invincibles,Trent Rockets,JJ Roy,WG Jacks,Rashid Khan,0,0,,,,,,,,,
1252687,2021,2021-08-08,"Kennington Oval, London",1,2.1,Oval Invincibles,Trent Rockets,WG Jacks,JJ Roy,SJ Cook,0,0,,,,,,,,,
1252687,2021,2021-08-08,"Kennington Oval, London",1,2.2,Oval Invincibles,Trent Rockets,WG Jacks,JJ Roy,SJ Cook,4,0,,,,,,,,,
1252687,2021,2021-08-08,"Kennington Oval, London",1,2.3,Oval Invincibles,Trent Rockets,WG Jacks,JJ Roy,SJ Cook,2,0,,,,,,,,,
1252687,2021,2021-08-08,"Kennington Oval, London",1,2.4,Oval Invincibles,Trent Rockets,WG Jacks,JJ Roy,SJ Cook,0,0,,,,,,,,,
1252687,2021,2021-08-08,"Kennington Oval, London",1,2.5,Oval Invincibles,Trent Rockets,WG Jacks,JJ Roy,SJ Cook,0,1,,,,1,,,,,
1252687,2021,2021-08-08,"Kennington Oval, London",1,3.1,Oval Invincibles,Trent Rockets,JJ Roy,WG Jacks,T van der Gugten,6,0,,,,,,,,,
1252687,2021,2021-08-08,"Kennington Oval, London",1,3.2,Oval Invincibles,Trent Rockets,JJ Roy,WG Jacks,T van der Gugten,1,0,,,,,,,,,
1252687,2021,2021-08-08,"Kennington Oval, London",1,3.3,Oval Invincibles,Trent Rockets,WG Jacks,JJ Roy,T van der Gugten,0,0,,,,,,caught,WG Jacks,,
1252687,2021,2021-08-08,"Kennington Oval, London",1,3.4,Oval Invincibles,Trent Rockets,SP Narine,JJ Roy,T van der Gugten,0,1,1,,,,,,,,
1252687,2021,2021-08-08,"Kennington Oval, London",1,3.5,Oval Invincibles,Trent Rockets,SP Narine,JJ Roy,T van der Gugten,1,0,,,,,,,,,
1252687,2021,2021-08-08,"Kennington Oval, London",1,3.6,Oval Invincibles,Trent Rockets,JJ Roy,SP Narine,T van der Gugten,4,0,,,,,,,,,
1252687,2021,2021-08-08,"Kennington Oval, London",1,4.1,Oval Invincibles,Trent Rockets,SP Narine,JJ Roy,M Carter,0,0,,,,,,,,,
1252687,2021,2021-08-08,"Kennington Oval, London",1,4.2,Oval Invincibles,Trent Rockets,SP Narine,JJ Roy,M Carter,0,0,,,,,,caught and bowled,SP Narine,,
1252687,2021,2021-08-08,"Kennington Oval, London",1,4.3,Oval Invincibles,Trent Rockets,CA Ingram,JJ Roy,M Carter,1,0,,,,,,,,,
1252687,2021,2021-08-08,"Kennington Oval, London",1,4.4,Oval Invincibles,Trent Rockets,JJ Roy,CA Ingram,M Carter,4,0,,,,,,,,,
1252687,2021,2021-08-08,"Kennington Oval, London",1,4.5,Oval Invincibles,Trent Rockets,JJ Roy,CA Ingram,M Carter,2,0,,,,,,,,,
1252687,2021,2021-08-08,"Kennington Oval, London",1,5.1,Oval Invincibles,Trent Rockets,JJ Roy,CA Ingram,SR Patel,1,0,,,,,,,,,
1252687,2021,2021-08-08,"Kennington Oval, London",1,5.2,Oval Invincibles,Trent Rockets,CA Ingram,JJ Roy,SR Patel,2,0,,,,,,,,,
1252687,2021,2021-08-08,"Kennington Oval, London",1,5.3,Oval Invincibles,Trent Rockets,CA Ingram,JJ Roy,SR Patel,6,0,,,,,,,,,
1252687,2021,2021-08-08,"Kennington Oval, London",1,5.4,Oval Invincibles,Trent Rockets,CA Ingram,JJ Roy,SR Patel,0,0,,,,,,caught,CA Ingram,,
1252687,2021,2021-08-08,"Kennington Oval, London",1,5.5,Oval Invincibles,Trent Rockets,SW Billings,JJ Roy,SR Patel,0,0,,,,,,,,,
1252687,2021,2021-08-08,"Kennington Oval, London",1,6.1,Oval Invincibles,Trent Rockets,JJ Roy,SW Billings,Rashid Khan,0,0,,,,,,,,,
1252687,2021,2021-08-08,"Kennington Oval, London",1,6.2,Oval Invincibles,Trent Rockets,JJ Roy,SW Billings,Rashid Khan,0,0,,,,,,,,,
1252687,2021,2021-08-08,"Kennington Oval, London",1,6.3,Oval Invincibles,Trent Rockets,JJ Roy,SW Billings,Rashid Khan,0,1,,,,1,,,,,
1252687,2021,2021-08-08,"Kennington Oval, London",1,6.4,Oval Invincibles,Trent Rockets,SW Billings,JJ Roy,Rashid Khan,4,0,,,,,,,,,
1252687,2021,2021-08-08,"Kennington Oval, London",1,6.5,Oval Invincibles,Trent Rockets,SW Billings,JJ Roy,Rashid Khan,2,0,,,,,,,,,
1252687,2021,2021-08-08,"Kennington Oval, London",1,7.1,Oval Invincibles,Trent Rockets,SW Billings,JJ Roy,SR Patel,0,0,,,,,,stumped,SW Billings,,
1252687,2021,2021-08-08,"Kennington Oval, London",1,7.2,Oval Invincibles,Trent Rockets,AJ Blake,JJ Roy,SR Patel,0,0,,,,,,,,,
1252687,2021,2021-08-08,"Kennington Oval, London",1,7.3,Oval Invincibles,Trent Rockets,AJ Blake,JJ Roy,SR Patel,0,0,,,,,,,,,
1252687,2021,2021-08-08,"Kennington Oval, London",1,7.4,Oval Invincibles,Trent Rockets,AJ Blake,JJ Roy,SR Patel,1,0,,,,,,,,,
1252687,2021,2021-08-08,"Kennington Oval, London",1,7.5,Oval Invincibles,Trent Rockets,JJ Roy,AJ Blake,SR Patel,0,0,,,,,,,,,
1252687,2021,2021-08-08,"Kennington Oval, London",1,8.1,Oval Invincibles,Trent Rockets,AJ Blake,JJ Roy,M Carter,1,0,,,,,,,,,
1252687,2021,2021-08-08,"Kennington Oval, London",1,8.2,Oval Invincibles,Trent Rockets,JJ Roy,AJ Blake,M Carter,1,0,,,,,,,,,
1252687,2021,2021-08-08,"Kennington Oval, London",1,8.3,Oval Invincibles,Trent Rockets,AJ Blake,JJ Roy,M Carter,6,0,,,,,,,,,
1252687,2021,2021-08-08,"Kennington Oval, London",1,8.4,Oval Invincibles,Trent Rockets,AJ Blake,JJ Roy,M Carter,0,0,,,,,,,,,
1252687,2021,2021-08-08,"Kennington Oval, London",1,8.5,Oval Invincibles,Trent Rockets,AJ Blake,JJ Roy,M Carter,0,0,,,,,,,,,
1252687,2021,2021-08-08,"Kennington Oval, London",1,9.1,Oval Invincibles,Trent Rockets,AJ Blake,JJ Roy,M Carter,1,0,,,,,,,,,
1252687,2021,2021-08-08,"Kennington Oval, London",1,9.2,Oval Invincibles,Trent Rockets,JJ Roy,AJ Blake,M Carter,6,0,,,,,,,,,
1252687,2021,2021-08-08,"Kennington Oval, London",1,9.3,Oval Invincibles,Trent Rockets,JJ Roy,AJ Blake,M Carter,0,4,,,4,,,,,,
1252687,2021,2021-08-08,"Kennington Oval, London",1,9.4,Oval Invincibles,Trent Rockets,JJ Roy,AJ Blake,M Carter,6,0,,,,,,,,,
1252687,2021,2021-08-08,"Kennington Oval, London",1,9.5,Oval Invincibles,Trent Rockets,JJ Roy,AJ Blake,M Carter,1,0,,,,,,,,,
1252687,2021,2021-08-08,"Kennington Oval, London",1,10.1,Oval Invincibles,Trent Rockets,JJ Roy,AJ Blake,Rashid Khan,1,0,,,,,,,,,
1252687,2021,2021-08-08,"Kennington Oval, London",1,10.2,Oval Invincibles,Trent Rockets,AJ Blake,JJ Roy,Rashid Khan,0,0,,,,,,bowled,AJ Blake,,
1252687,2021,2021-08-08,"Kennington Oval, London",1,10.3,Oval Invincibles,Trent Rockets,TK Curran,JJ Roy,Rashid Khan,6,0,,,,,,,,,
1252687,2021,2021-08-08,"Kennington Oval, London",1,10.4,Oval Invincibles,Trent Rockets,TK Curran,JJ Roy,Rashid Khan,1,0,,,,,,,,,
1252687,2021,2021-08-08,"Kennington Oval, London",1,10.5,Oval Invincibles,Trent Rockets,JJ Roy,TK Curran,Rashid Khan,1,0,,,,,,,,,
1252687,2021,2021-08-08,"Kennington Oval, London",1,11.1,Oval Invincibles,Trent Rockets,TK Curran,JJ Roy,SJ Cook,1,0,,,,,,,,,
1252687,2021,2021-08-08,"Kennington Oval, London",1,11.2,Oval Invincibles,Trent Rockets,JJ Roy,TK Curran,SJ Cook,1,0,,,,,,,,,
1252687,2021,2021-08-08,"Kennington Oval, London",1,11.3,Oval Invincibles,Trent Rockets,TK Curran,JJ Roy,SJ Cook,0,0,,,,,,caught,TK Curran,,
1252687,2021,2021-08-08,"Kennington Oval, London",1,11.4,Oval Invincibles,Trent Rockets,LJ Evans,JJ Roy,SJ Cook,1,0,,,,,,,,,
1252687,2021,2021-08-08,"Kennington Oval, London",1,11.5,Oval Invincibles,Trent Rockets,JJ Roy,LJ Evans,SJ Cook,1,0,,,,,,,,,
1252687,2021,2021-08-08,"Kennington Oval, London",1,12.1,Oval Invincibles,Trent Rockets,JJ Roy,LJ Evans,T van der Gugten,4,0,,,,,,,,,
1252687,2021,2021-08-08,"Kennington Oval, London",1,12.2,Oval Invincibles,Trent Rockets,JJ Roy,LJ Evans,T van der Gugten,4,0,,,,,,,,,
1252687,2021,2021-08-08,"Kennington Oval, London",1,12.3,Oval Invincibles,Trent Rockets,JJ Roy,LJ Evans,T van der Gugten,0,1,,,,1,,,,,
1252687,2021,2021-08-08,"Kennington Oval, London",1,12.4,Oval Invincibles,Trent Rockets,LJ Evans,JJ Roy,T van der Gugten,2,0,,,,,,,,,
1252687,2021,2021-08-08,"Kennington Oval, London",1,12.5,Oval Invincibles,Trent Rockets,LJ Evans,JJ Roy,T van der Gugten,6,0,,,,,,,,,
1252687,2021,2021-08-08,"Kennington Oval, London",2,0.1,Trent Rockets,Oval Invincibles,DJM Short,AD Hales,SP Narine,0,0,,,,,,,,,
1252687,2021,2021-08-08,"Kennington Oval, London",2,0.2,Trent Rockets,Oval Invincibles,DJM Short,AD Hales,SP Narine,0,0,,,,,,,,,
1252687,2021,2021-08-08,"Kennington Oval, London",2,0.3,Trent Rockets,Oval Invincibles,DJM Short,AD Hales,SP Narine,0,0,,,,,,caught,DJM Short,,
1252687,2021,2021-08-08,"Kennington Oval, London",2,0.4,Trent Rockets,Oval Invincibles,DJ Malan,AD Hales,SP Narine,4,0,,,,,,,,,
1252687,2021,2021-08-08,"Kennington Oval, London",2,0.5,Trent Rockets,Oval Invincibles,DJ Malan,AD Hales,SP Narine,0,4,,,4,,,,,,
1252687,2021,2021-08-08,"Kennington Oval, London",2,1.1,Trent Rockets,Oval Invincibles,DJ Malan,AD Hales,S Mahmood,0,0,,,,,,,,,
1252687,2021,2021-08-08,"Kennington Oval, London",2,1.2,Trent Rockets,Oval Invincibles,DJ Malan,AD Hales,S Mahmood,1,0,,,,,,,,,
1252687,2021,2021-08-08,"Kennington Oval, London",2,1.3,Trent Rockets,Oval Invincibles,AD Hales,DJ Malan,S Mahmood,0,4,,,,4,,,,,
1252687,2021,2021-08-08,"Kennington Oval, London",2,1.4,Trent Rockets,Oval Invincibles,AD Hales,DJ Malan,S Mahmood,4,0,,,,,,,,,
1252687,2021,2021-08-08,"Kennington Oval, London",2,1.5,Trent Rockets,Oval Invincibles,AD Hales,DJ Malan,S Mahmood,0,1,,,,1,,,,,
1252687,2021,2021-08-08,"Kennington Oval, London",2,2.1,Trent Rockets,Oval Invincibles,AD Hales,DJ Malan,RJW Topley,4,0,,,,,,,,,
1252687,2021,2021-08-08,"Kennington Oval, London",2,2.2,Trent Rockets,Oval Invincibles,AD Hales,DJ Malan,RJW Topley,2,0,,,,,,,,,
1252687,2021,2021-08-08,"Kennington Oval, London",2,2.3,Trent Rockets,Oval Invincibles,AD Hales,DJ Malan,RJW Topley,0,0,,,,,,,,,
1252687,2021,2021-08-08,"Kennington Oval, London",2,2.4,Trent Rockets,Oval Invincibles,AD Hales,DJ Malan,RJW Topley,0,0,,,,,,,,,
1252687,2021,2021-08-08,"Kennington Oval, London",2,2.5,Trent Rockets,Oval Invincibles,AD Hales,DJ Malan,RJW Topley,1,0,,,,,,,,,
1252687,2021,2021-08-08,"Kennington Oval, London",2,3.1,Trent Rockets,Oval Invincibles,DJ Malan,AD Hales,TK Curran,1,0,,,,,,,,,
1252687,2021,2021-08-08,"Kennington Oval, London",2,3.2,Trent Rockets,Oval Invincibles,AD Hales,DJ Malan,TK Curran,1,0,,,,,,,,,
1252687,2021,2021-08-08,"Kennington Oval, London",2,3.3,Trent Rockets,Oval Invincibles,DJ Malan,AD Hales,TK Curran,0,0,,,,,,,,,
1252687,2021,2021-08-08,"Kennington Oval, London",2,3.4,Trent Rockets,Oval Invincibles,DJ Malan,AD Hales,TK Curran,0,0,,,,,,caught,DJ Malan,,
1252687,2021,2021-08-08,"Kennington Oval, London",2,3.5,Trent Rockets,Oval Invincibles,TJ Moores,AD Hales,TK Curran,0,0,,,,,,,,,
1252687,2021,2021-08-08,"Kennington Oval, London",2,4.1,Trent Rockets,Oval Invincibles,AD Hales,TJ Moores,T Shamsi,1,0,,,,,,,,,
1252687,2021,2021-08-08,"Kennington Oval, London",2,4.2,Trent Rockets,Oval Invincibles,TJ Moores,AD Hales,T Shamsi,0,0,,,,,,,,,
1252687,2021,2021-08-08,"Kennington Oval, London",2,4.3,Trent Rockets,Oval Invincibles,TJ Moores,AD Hales,T Shamsi,1,0,,,,,,,,,
1252687,2021,2021-08-08,"Kennington Oval, London",2,4.4,Trent Rockets,Oval Invincibles,AD Hales,TJ Moores,T Shamsi,0,0,,,,,,,,,
1252687,2021,2021-08-08,"Kennington Oval, London",2,4.5,Trent Rockets,Oval Invincibles,AD Hales,TJ Moores,T Shamsi,6,0,,,,,,,,,
1252687,2021,2021-08-08,"Kennington Oval, London",2,5.1,Trent Rockets,Oval Invincibles,AD Hales,TJ Moores,SP Narine,2,0,,,,,,,,,
1252687,2021,2021-08-08,"Kennington Oval, London",2,5.2,Trent Rockets,Oval Invincibles,AD Hales,TJ Moores,SP Narine,4,0,,,,,,,,,
1252687,2021,2021-08-08,"Kennington Oval, London",2,5.3,Trent Rockets,Oval Invincibles,AD Hales,TJ Moores,SP Narine,0,0,,,,,,bowled,AD Hales,,
1252687,2021,2021-08-08,"Kennington Oval, London",2,5.4,Trent Rockets,Oval Invincibles,SR Patel,TJ Moores,SP Narine,1,0,,,,,,,,,
1252687,2021,2021-08-08,"Kennington Oval, London",2,5.5,Trent Rockets,Oval Invincibles,TJ Moores,SR Patel,SP Narine,0,0,,,,,,caught,TJ Moores,,
1252687,2021,2021-08-08,"Kennington Oval, London",2,6.1,Trent Rockets,Oval Invincibles,SR Patel,SJ Mullaney,S Mahmood,4,0,,,,,,,,,
1252687,2021,2021-08-08,"Kennington Oval, London",2,6.2,Trent Rockets,Oval Invincibles,SR Patel,SJ Mullaney,S Mahmood,4,0,,,,,,,,,
1252687,2021,2021-08-08,"Kennington Oval, London",2,6.3,Trent Rockets,Oval Invincibles,SR Patel,SJ Mullaney,S Mahmood,1,0,,,,,,,,,
1252687,2021,2021-08-08,"Kennington Oval, London",2,6.4,Trent Rockets,Oval Invincibles,SJ Mullaney,SR Patel,S Mahmood,0,0,,,,,,,,,
1252687,2021,2021-08-08,"Kennington Oval, London",2,6.5,Trent Rockets,Oval Invincibles,SJ Mullaney,SR Patel,S Mahmood,0,0,,,,,,,,,
1252687,2021,2021-08-08,"Kennington Oval, London",2,7.1,Trent Rockets,Oval Invincibles,SJ Mullaney,SR Patel,RJW Topley,4,0,,,,,,,,,
1252687,2021,2021-08-08,"Kennington Oval, London",2,7.2,Trent Rockets,Oval Invincibles,SJ Mullaney,SR Patel,RJW Topley,1,0,,,,,,,,,
1252687,2021,2021-08-08,"Kennington Oval, London",2,7.3,Trent Rockets,Oval Invincibles,SR Patel,SJ Mullaney,RJW Topley,4,0,,,,,,,,,
1252687,2021,2021-08-08,"Kennington Oval, London",2,7.4,Trent Rockets,Oval Invincibles,SR Patel,SJ Mullaney,RJW Topley,1,0,,,,,,,,,
1252687,2021,2021-08-08,"Kennington Oval, London",2,7.5,Trent Rockets,Oval Invincibles,SJ Mullaney,SR Patel,RJW Topley,4,0,,,,,,,,,
1252687,2021,2021-08-08,"Kennington Oval, London",2,8.1,Trent Rockets,Oval Invincibles,SR Patel,SJ Mullaney,T Shamsi,0,0,,,,,,caught,SR Patel,,
1252687,2021,2021-08-08,"Kennington Oval, London",2,8.2,Trent Rockets,Oval Invincibles,L Gregory,SJ Mullaney,T Shamsi,4,0,,,,,,,,,
1252687,2021,2021-08-08,"Kennington Oval, London",2,8.3,Trent Rockets,Oval Invincibles,L Gregory,SJ Mullaney,T Shamsi,1,0,,,,,,,,,
1252687,2021,2021-08-08,"Kennington Oval, London",2,8.4,Trent Rockets,Oval Invincibles,SJ Mullaney,L Gregory,T Shamsi,0,0,,,,,,,,,
1252687,2021,2021-08-08,"Kennington Oval, London",2,8.5,Trent Rockets,Oval Invincibles,SJ Mullaney,L Gregory,T Shamsi,0,0,,,,,,,,,
1252687,2021,2021-08-08,"Kennington Oval, London",2,9.1,Trent Rockets,Oval Invincibles,SJ Mullaney,L Gregory,T Shamsi,1,0,,,,,,,,,
1252687,2021,2021-08-08,"Kennington Oval, London",2,9.2,Trent Rockets,Oval Invincibles,L Gregory,SJ Mullaney,T Shamsi,6,0,,,,,,,,,
1252687,2021,2021-08-08,"Kennington Oval, London",2,9.3,Trent Rockets,Oval Invincibles,L Gregory,SJ Mullaney,T Shamsi,2,0,,,,,,,,,
1252687,2021,2021-08-08,"Kennington Oval, London",2,9.4,Trent Rockets,Oval Invincibles,L Gregory,SJ Mullaney,T Shamsi,1,0,,,,,,,,,
1252687,2021,2021-08-08,"Kennington Oval, London",2,9.5,Trent Rockets,Oval Invincibles,SJ Mullaney,L Gregory,T Shamsi,0,0,,,,,,caught,SJ Mullaney,,
1252687,2021,2021-08-08,"Kennington Oval, London",2,10.1,Trent Rockets,Oval Invincibles,L Gregory,Rashid Khan,TK Curran,1,0,,,,,,,,,
1252687,2021,2021-08-08,"Kennington Oval, London",2,10.2,Trent Rockets,Oval Invincibles,Rashid Khan,L Gregory,TK Curran,6,0,,,,,,,,,
1252687,2021,2021-08-08,"Kennington Oval, London",2,10.3,Trent Rockets,Oval Invincibles,Rashid Khan,L Gregory,TK Curran,2,0,,,,,,,,,
1252687,2021,2021-08-08,"Kennington Oval, London",2,10.4,Trent Rockets,Oval Invincibles,Rashid Khan,L Gregory,TK Curran,1,0,,,,,,,,,
1252687,2021,2021-08-08,"Kennington Oval, London",2,10.5,Trent Rockets,Oval Invincibles,L Gregory,Rashid Khan,TK Curran,0,1,1,,,,,,,,
1252687,2021,2021-08-08,"Kennington Oval, London",2,10.6,Trent Rockets,Oval Invincibles,L Gregory,Rashid Khan,TK Curran,0,1,1,,,,,,,,
1252687,2021,2021-08-08,"Kennington Oval, London",2,10.7,Trent Rockets,Oval Invincibles,L Gregory,Rashid Khan,TK Curran,0,0,,,,,,,,,
1252687,2021,2021-08-08,"Kennington Oval, London",2,11.1,Trent Rockets,Oval Invincibles,L Gregory,Rashid Khan,S Mahmood,0,1,,,1,,,,,,
1252687,2021,2021-08-08,"Kennington Oval, London",2,11.2,Trent Rockets,Oval Invincibles,Rashid Khan,L Gregory,S Mahmood,0,1,1,,,,,,,,
1252687,2021,2021-08-08,"Kennington Oval, London",2,11.3,Trent Rockets,Oval Invincibles,Rashid Khan,L Gregory,S Mahmood,6,0,,,,,,,,,
1252687,2021,2021-08-08,"Kennington Oval, London",2,11.4,Trent Rockets,Oval Invincibles,Rashid Khan,L Gregory,S Mahmood,1,0,,,,,,,,,
1252687,2021,2021-08-08,"Kennington Oval, London",2,11.5,Trent Rockets,Oval Invincibles,L Gregory,Rashid Khan,S Mahmood,4,0,,,,,,,,,
1252687,2021,2021-08-08,"Kennington Oval, London",2,11.6,Trent Rockets,Oval Invincibles,L Gregory,Rashid Khan,S Mahmood,4,0,,,,,,,,,
1252687,2021,2021-08-08,"Kennington Oval, London",2,12.1,Trent Rockets,Oval Invincibles,Rashid Khan,L Gregory,TK Curran,0,0,,,,,,caught,Rashid Khan,,
1252687,2021,2021-08-08,"Kennington Oval, London",2,12.2,Trent Rockets,Oval Invincibles,M Carter,L Gregory,TK Curran,1,0,,,,,,,,,
1252687,2021,2021-08-08,"Kennington Oval, London",2,12.3,Trent Rockets,Oval Invincibles,L Gregory,M Carter,TK Curran,1,0,,,,,,run out,M Carter,,
1252687,2021,2021-08-08,"Kennington Oval, London",2,12.4,Trent Rockets,Oval Invincibles,T van der Gugten,L Gregory,TK Curran,1,0,,,,,,,,,
1252687,2021,2021-08-08,"Kennington Oval, London",2,12.5,Trent Rockets,Oval Invincibles,L Gregory,T van der Gugten,TK Curran,4,0,,,,,,,,,
