version,2.2.0
info,balls_per_over,5
info,team,Northern Superchargers
info,team,Birmingham Phoenix
info,gender,male
info,season,2021
info,date,2021/08/17
info,event,The Hundred Men's Competition
info,match_number,31
info,venue,"Headingley, Leeds"
info,city,Leeds
info,toss_winner,Birmingham Phoenix
info,toss_decision,field
info,player_of_match,LS Livingstone
info,umpire,NA Mallender
info,umpire,RJ Warren
info,reserve_umpire,SJ O'Shaughnessy
info,tv_umpire,RT Robinson
info,match_referee,S Cummings
info,winner,Birmingham Phoenix
info,winner_wickets,8
info,player,Northern Superchargers,CA Lynn
info,player,Northern Superchargers,T Kohler-Cadmore
info,player,Northern Superchargers,DJ Willey
info,player,Northern Superchargers,JA Thompson
info,player,Northern Superchargers,DJ Vilas
info,player,Northern Superchargers,JA Simpson
info,player,Northern Superchargers,BA Raine
info,player,Northern Superchargers,MD Fisher
info,player,Northern Superchargers,AU Rashid
info,player,Northern Superchargers,Mujeeb Ur Rahman
info,player,Northern Superchargers,CF Parkinson
info,player,Birmingham Phoenix,FH Allen
info,player,Birmingham Phoenix,WCF Smeed
info,player,Birmingham Phoenix,LS Livingstone
info,player,Birmingham Phoenix,TB Abell
info,player,Birmingham Phoenix,Miles Hammond
info,player,Birmingham Phoenix,CG Benjamin
info,player,Birmingham Phoenix,BAC Howell
info,player,Birmingham Phoenix,DY Pennington
info,player,Birmingham Phoenix,AF Milne
info,player,Birmingham Phoenix,PR Brown
info,player,Birmingham Phoenix,Imran Tahir
info,registry,people,AF Milne,350bb1b1
info,registry,people,AU Rashid,249d60c9
info,registry,people,BA Raine,4c0f3806
info,registry,people,BAC Howell,0bec3a6c
info,registry,people,CA Lynn,45eda7c8
info,registry,people,CF Parkinson,aa1210d8
info,registry,people,CG Benjamin,95a15317
info,registry,people,DJ Vilas,087210b1
info,registry,people,DJ Willey,7f048519
info,registry,people,DY Pennington,219cc59e
info,registry,people,FH Allen,bf74b130
info,registry,people,Imran Tahir,acee4cc4
info,registry,people,JA Simpson,f05fe9b1
info,registry,people,JA Thompson,1d2f290a
info,registry,people,LS Livingstone,50c6bc2b
info,registry,people,MD Fisher,8f2dfebf
info,registry,people,Miles Hammond,c88bc84a
info,registry,people,Mujeeb Ur Rahman,7d92277a
info,registry,people,NA Mallender,3b5dfcd4
info,registry,people,PR Brown,1efd12d1
info,registry,people,RJ Warren,9d1c62d7
info,registry,people,RT Robinson,b143c87d
info,registry,people,S Cummings,d7eea52f
info,registry,people,SJ O'Shaughnessy,4d4fdf4a
info,registry,people,T Kohler-Cadmore,f836b33d
info,registry,people,TB Abell,ba9258a7
info,registry,people,WCF Smeed,4e18e961
