match_id,season,start_date,venue,innings,ball,batting_team,bowling_team,striker,non_striker,bowler,runs_off_bat,extras,wides,noballs,byes,legbyes,penalty,wicket_type,player_dismissed,other_wicket_type,other_player_dismissed
1252677,2021,2021-07-31,"Sophia Gardens, Cardiff",1,0.1,Welsh Fire,Manchester Originals,T Banton,JJ Cobb,ST Finn,1,0,,,,,,,,,
1252677,2021,2021-07-31,"Sophia Gardens, Cardiff",1,0.2,Welsh Fire,Manchester Originals,JJ Cobb,T Banton,ST Finn,0,0,,,,,,,,,
1252677,2021,2021-07-31,"Sophia Gardens, Cardiff",1,0.3,Welsh Fire,Manchester Originals,JJ Cobb,T Banton,ST Finn,0,0,,,,,,,,,
1252677,2021,2021-07-31,"Sophia Gardens, Cardiff",1,0.4,Welsh Fire,Manchester Originals,JJ Cobb,T Banton,ST Finn,1,0,,,,,,,,,
1252677,2021,2021-07-31,"Sophia Gardens, Cardiff",1,0.5,Welsh Fire,Manchester Originals,T Banton,JJ Cobb,ST Finn,4,0,,,,,,,,,
1252677,2021,2021-07-31,"Sophia Gardens, Cardiff",1,1.1,Welsh Fire,Manchester Originals,T Banton,JJ Cobb,CR Brathwaite,0,0,,,,,,,,,
1252677,2021,2021-07-31,"Sophia Gardens, Cardiff",1,1.2,Welsh Fire,Manchester Originals,T Banton,JJ Cobb,CR Brathwaite,0,0,,,,,,,,,
1252677,2021,2021-07-31,"Sophia Gardens, Cardiff",1,1.3,Welsh Fire,Manchester Originals,T Banton,JJ Cobb,CR Brathwaite,1,0,,,,,,,,,
1252677,2021,2021-07-31,"Sophia Gardens, Cardiff",1,1.4,Welsh Fire,Manchester Originals,JJ Cobb,T Banton,CR Brathwaite,1,0,,,,,,,,,
1252677,2021,2021-07-31,"Sophia Gardens, Cardiff",1,1.5,Welsh Fire,Manchester Originals,T Banton,JJ Cobb,CR Brathwaite,4,0,,,,,,,,,
1252677,2021,2021-07-31,"Sophia Gardens, Cardiff",1,2.1,Welsh Fire,Manchester Originals,JJ Cobb,T Banton,TW Hartley,0,0,,,,,,,,,
1252677,2021,2021-07-31,"Sophia Gardens, Cardiff",1,2.2,Welsh Fire,Manchester Originals,JJ Cobb,T Banton,TW Hartley,0,0,,,,,,,,,
1252677,2021,2021-07-31,"Sophia Gardens, Cardiff",1,2.3,Welsh Fire,Manchester Originals,JJ Cobb,T Banton,TW Hartley,0,0,,,,,,caught and bowled,JJ Cobb,,
1252677,2021,2021-07-31,"Sophia Gardens, Cardiff",1,2.4,Welsh Fire,Manchester Originals,BM Duckett,T Banton,TW Hartley,1,0,,,,,,,,,
1252677,2021,2021-07-31,"Sophia Gardens, Cardiff",1,2.5,Welsh Fire,Manchester Originals,T Banton,BM Duckett,TW Hartley,0,0,,,,,,,,,
1252677,2021,2021-07-31,"Sophia Gardens, Cardiff",1,3.1,Welsh Fire,Manchester Originals,T Banton,BM Duckett,TW Hartley,1,0,,,,,,,,,
1252677,2021,2021-07-31,"Sophia Gardens, Cardiff",1,3.2,Welsh Fire,Manchester Originals,BM Duckett,T Banton,TW Hartley,2,0,,,,,,,,,
1252677,2021,2021-07-31,"Sophia Gardens, Cardiff",1,3.3,Welsh Fire,Manchester Originals,BM Duckett,T Banton,TW Hartley,1,0,,,,,,,,,
1252677,2021,2021-07-31,"Sophia Gardens, Cardiff",1,3.4,Welsh Fire,Manchester Originals,T Banton,BM Duckett,TW Hartley,4,0,,,,,,,,,
1252677,2021,2021-07-31,"Sophia Gardens, Cardiff",1,3.5,Welsh Fire,Manchester Originals,T Banton,BM Duckett,TW Hartley,0,0,,,,,,caught,T Banton,,
1252677,2021,2021-07-31,"Sophia Gardens, Cardiff",1,4.1,Welsh Fire,Manchester Originals,BM Duckett,GD Phillips,LH Ferguson,0,0,,,,,,,,,
1252677,2021,2021-07-31,"Sophia Gardens, Cardiff",1,4.2,Welsh Fire,Manchester Originals,BM Duckett,GD Phillips,LH Ferguson,1,0,,,,,,,,,
1252677,2021,2021-07-31,"Sophia Gardens, Cardiff",1,4.3,Welsh Fire,Manchester Originals,GD Phillips,BM Duckett,LH Ferguson,0,0,,,,,,,,,
1252677,2021,2021-07-31,"Sophia Gardens, Cardiff",1,4.4,Welsh Fire,Manchester Originals,GD Phillips,BM Duckett,LH Ferguson,0,0,,,,,,,,,
1252677,2021,2021-07-31,"Sophia Gardens, Cardiff",1,4.5,Welsh Fire,Manchester Originals,GD Phillips,BM Duckett,LH Ferguson,1,0,,,,,,,,,
1252677,2021,2021-07-31,"Sophia Gardens, Cardiff",1,5.1,Welsh Fire,Manchester Originals,BM Duckett,GD Phillips,CG Harrison,1,0,,,,,,,,,
1252677,2021,2021-07-31,"Sophia Gardens, Cardiff",1,5.2,Welsh Fire,Manchester Originals,GD Phillips,BM Duckett,CG Harrison,1,0,,,,,,,,,
1252677,2021,2021-07-31,"Sophia Gardens, Cardiff",1,5.3,Welsh Fire,Manchester Originals,BM Duckett,GD Phillips,CG Harrison,1,0,,,,,,,,,
1252677,2021,2021-07-31,"Sophia Gardens, Cardiff",1,5.4,Welsh Fire,Manchester Originals,GD Phillips,BM Duckett,CG Harrison,1,0,,,,,,,,,
1252677,2021,2021-07-31,"Sophia Gardens, Cardiff",1,5.5,Welsh Fire,Manchester Originals,BM Duckett,GD Phillips,CG Harrison,4,0,,,,,,,,,
1252677,2021,2021-07-31,"Sophia Gardens, Cardiff",1,6.1,Welsh Fire,Manchester Originals,GD Phillips,BM Duckett,MW Parkinson,4,0,,,,,,,,,
1252677,2021,2021-07-31,"Sophia Gardens, Cardiff",1,6.2,Welsh Fire,Manchester Originals,GD Phillips,BM Duckett,MW Parkinson,0,0,,,,,,,,,
1252677,2021,2021-07-31,"Sophia Gardens, Cardiff",1,6.3,Welsh Fire,Manchester Originals,GD Phillips,BM Duckett,MW Parkinson,0,1,1,,,,,,,,
1252677,2021,2021-07-31,"Sophia Gardens, Cardiff",1,6.4,Welsh Fire,Manchester Originals,GD Phillips,BM Duckett,MW Parkinson,1,0,,,,,,,,,
1252677,2021,2021-07-31,"Sophia Gardens, Cardiff",1,6.5,Welsh Fire,Manchester Originals,BM Duckett,GD Phillips,MW Parkinson,4,0,,,,,,,,,
1252677,2021,2021-07-31,"Sophia Gardens, Cardiff",1,6.6,Welsh Fire,Manchester Originals,BM Duckett,GD Phillips,MW Parkinson,1,0,,,,,,,,,
1252677,2021,2021-07-31,"Sophia Gardens, Cardiff",1,7.1,Welsh Fire,Manchester Originals,GD Phillips,BM Duckett,TW Hartley,0,0,,,,,,,,,
1252677,2021,2021-07-31,"Sophia Gardens, Cardiff",1,7.2,Welsh Fire,Manchester Originals,GD Phillips,BM Duckett,TW Hartley,1,0,,,,,,,,,
1252677,2021,2021-07-31,"Sophia Gardens, Cardiff",1,7.3,Welsh Fire,Manchester Originals,BM Duckett,GD Phillips,TW Hartley,0,0,,,,,,,,,
1252677,2021,2021-07-31,"Sophia Gardens, Cardiff",1,7.4,Welsh Fire,Manchester Originals,BM Duckett,GD Phillips,TW Hartley,1,0,,,,,,,,,
1252677,2021,2021-07-31,"Sophia Gardens, Cardiff",1,7.5,Welsh Fire,Manchester Originals,GD Phillips,BM Duckett,TW Hartley,0,0,,,,,,,,,
1252677,2021,2021-07-31,"Sophia Gardens, Cardiff",1,8.1,Welsh Fire,Manchester Originals,BM Duckett,GD Phillips,LH Ferguson,4,0,,,,,,,,,
1252677,2021,2021-07-31,"Sophia Gardens, Cardiff",1,8.2,Welsh Fire,Manchester Originals,BM Duckett,GD Phillips,LH Ferguson,1,0,,,,,,,,,
1252677,2021,2021-07-31,"Sophia Gardens, Cardiff",1,8.3,Welsh Fire,Manchester Originals,GD Phillips,BM Duckett,LH Ferguson,0,0,,,,,,,,,
1252677,2021,2021-07-31,"Sophia Gardens, Cardiff",1,8.4,Welsh Fire,Manchester Originals,GD Phillips,BM Duckett,LH Ferguson,0,0,,,,,,,,,
1252677,2021,2021-07-31,"Sophia Gardens, Cardiff",1,8.5,Welsh Fire,Manchester Originals,GD Phillips,BM Duckett,LH Ferguson,1,0,,,,,,,,,
1252677,2021,2021-07-31,"Sophia Gardens, Cardiff",1,9.1,Welsh Fire,Manchester Originals,BM Duckett,GD Phillips,ST Finn,4,0,,,,,,,,,
1252677,2021,2021-07-31,"Sophia Gardens, Cardiff",1,9.2,Welsh Fire,Manchester Originals,BM Duckett,GD Phillips,ST Finn,2,0,,,,,,,,,
1252677,2021,2021-07-31,"Sophia Gardens, Cardiff",1,9.3,Welsh Fire,Manchester Originals,BM Duckett,GD Phillips,ST Finn,1,0,,,,,,,,,
1252677,2021,2021-07-31,"Sophia Gardens, Cardiff",1,9.4,Welsh Fire,Manchester Originals,GD Phillips,BM Duckett,ST Finn,1,0,,,,,,,,,
1252677,2021,2021-07-31,"Sophia Gardens, Cardiff",1,9.5,Welsh Fire,Manchester Originals,BM Duckett,GD Phillips,ST Finn,1,0,,,,,,,,,
1252677,2021,2021-07-31,"Sophia Gardens, Cardiff",1,10.1,Welsh Fire,Manchester Originals,BM Duckett,GD Phillips,CR Brathwaite,1,0,,,,,,,,,
1252677,2021,2021-07-31,"Sophia Gardens, Cardiff",1,10.2,Welsh Fire,Manchester Originals,GD Phillips,BM Duckett,CR Brathwaite,1,0,,,,,,,,,
1252677,2021,2021-07-31,"Sophia Gardens, Cardiff",1,10.3,Welsh Fire,Manchester Originals,BM Duckett,GD Phillips,CR Brathwaite,1,0,,,,,,,,,
1252677,2021,2021-07-31,"Sophia Gardens, Cardiff",1,10.4,Welsh Fire,Manchester Originals,GD Phillips,BM Duckett,CR Brathwaite,0,0,,,,,,caught,GD Phillips,,
1252677,2021,2021-07-31,"Sophia Gardens, Cardiff",1,10.5,Welsh Fire,Manchester Originals,JL du Plooy,BM Duckett,CR Brathwaite,0,0,,,,,,,,,
1252677,2021,2021-07-31,"Sophia Gardens, Cardiff",1,11.1,Welsh Fire,Manchester Originals,JL du Plooy,BM Duckett,CN Ackermann,1,0,,,,,,,,,
1252677,2021,2021-07-31,"Sophia Gardens, Cardiff",1,11.2,Welsh Fire,Manchester Originals,BM Duckett,JL du Plooy,CN Ackermann,0,5,5,,,,,,,,
1252677,2021,2021-07-31,"Sophia Gardens, Cardiff",1,11.3,Welsh Fire,Manchester Originals,BM Duckett,JL du Plooy,CN Ackermann,0,0,,,,,,run out,BM Duckett,,
1252677,2021,2021-07-31,"Sophia Gardens, Cardiff",1,11.4,Welsh Fire,Manchester Originals,JL du Plooy,MJJ Critchley,CN Ackermann,1,0,,,,,,,,,
1252677,2021,2021-07-31,"Sophia Gardens, Cardiff",1,11.5,Welsh Fire,Manchester Originals,MJJ Critchley,JL du Plooy,CN Ackermann,1,0,,,,,,,,,
1252677,2021,2021-07-31,"Sophia Gardens, Cardiff",1,11.6,Welsh Fire,Manchester Originals,JL du Plooy,MJJ Critchley,CN Ackermann,1,0,,,,,,,,,
1252677,2021,2021-07-31,"Sophia Gardens, Cardiff",1,12.1,Welsh Fire,Manchester Originals,JL du Plooy,MJJ Critchley,MW Parkinson,1,0,,,,,,,,,
1252677,2021,2021-07-31,"Sophia Gardens, Cardiff",1,12.2,Welsh Fire,Manchester Originals,MJJ Critchley,JL du Plooy,MW Parkinson,1,0,,,,,,,,,
1252677,2021,2021-07-31,"Sophia Gardens, Cardiff",1,12.3,Welsh Fire,Manchester Originals,JL du Plooy,MJJ Critchley,MW Parkinson,6,0,,,,,,,,,
1252677,2021,2021-07-31,"Sophia Gardens, Cardiff",1,12.4,Welsh Fire,Manchester Originals,JL du Plooy,MJJ Critchley,MW Parkinson,1,0,,,,,,,,,
1252677,2021,2021-07-31,"Sophia Gardens, Cardiff",1,12.5,Welsh Fire,Manchester Originals,MJJ Critchley,JL du Plooy,MW Parkinson,0,0,,,,,,,,,
1252677,2021,2021-07-31,"Sophia Gardens, Cardiff",1,13.1,Welsh Fire,Manchester Originals,MJJ Critchley,JL du Plooy,MW Parkinson,1,0,,,,,,,,,
1252677,2021,2021-07-31,"Sophia Gardens, Cardiff",1,13.2,Welsh Fire,Manchester Originals,JL du Plooy,MJJ Critchley,MW Parkinson,6,0,,,,,,,,,
1252677,2021,2021-07-31,"Sophia Gardens, Cardiff",1,13.3,Welsh Fire,Manchester Originals,JL du Plooy,MJJ Critchley,MW Parkinson,2,0,,,,,,,,,
1252677,2021,2021-07-31,"Sophia Gardens, Cardiff",1,13.4,Welsh Fire,Manchester Originals,JL du Plooy,MJJ Critchley,MW Parkinson,1,0,,,,,,,,,
1252677,2021,2021-07-31,"Sophia Gardens, Cardiff",1,13.5,Welsh Fire,Manchester Originals,MJJ Critchley,JL du Plooy,MW Parkinson,0,0,,,,,,,,,
1252677,2021,2021-07-31,"Sophia Gardens, Cardiff",1,14.1,Welsh Fire,Manchester Originals,JL du Plooy,MJJ Critchley,ST Finn,2,0,,,,,,,,,
1252677,2021,2021-07-31,"Sophia Gardens, Cardiff",1,14.2,Welsh Fire,Manchester Originals,JL du Plooy,MJJ Critchley,ST Finn,2,0,,,,,,,,,
1252677,2021,2021-07-31,"Sophia Gardens, Cardiff",1,14.3,Welsh Fire,Manchester Originals,JL du Plooy,MJJ Critchley,ST Finn,1,0,,,,,,,,,
1252677,2021,2021-07-31,"Sophia Gardens, Cardiff",1,14.4,Welsh Fire,Manchester Originals,MJJ Critchley,JL du Plooy,ST Finn,1,0,,,,,,,,,
1252677,2021,2021-07-31,"Sophia Gardens, Cardiff",1,14.5,Welsh Fire,Manchester Originals,JL du Plooy,MJJ Critchley,ST Finn,1,0,,,,,,,,,
1252677,2021,2021-07-31,"Sophia Gardens, Cardiff",1,15.1,Welsh Fire,Manchester Originals,MJJ Critchley,JL du Plooy,LH Ferguson,0,1,1,,,,,,,,
1252677,2021,2021-07-31,"Sophia Gardens, Cardiff",1,15.2,Welsh Fire,Manchester Originals,MJJ Critchley,JL du Plooy,LH Ferguson,1,0,,,,,,,,,
1252677,2021,2021-07-31,"Sophia Gardens, Cardiff",1,15.3,Welsh Fire,Manchester Originals,JL du Plooy,MJJ Critchley,LH Ferguson,6,0,,,,,,,,,
1252677,2021,2021-07-31,"Sophia Gardens, Cardiff",1,15.4,Welsh Fire,Manchester Originals,JL du Plooy,MJJ Critchley,LH Ferguson,1,0,,,,,,,,,
1252677,2021,2021-07-31,"Sophia Gardens, Cardiff",1,15.5,Welsh Fire,Manchester Originals,MJJ Critchley,JL du Plooy,LH Ferguson,1,0,,,,,,,,,
1252677,2021,2021-07-31,"Sophia Gardens, Cardiff",1,15.6,Welsh Fire,Manchester Originals,JL du Plooy,MJJ Critchley,LH Ferguson,1,0,,,,,,,,,
1252677,2021,2021-07-31,"Sophia Gardens, Cardiff",1,16.1,Welsh Fire,Manchester Originals,JL du Plooy,MJJ Critchley,CR Brathwaite,1,0,,,,,,,,,
1252677,2021,2021-07-31,"Sophia Gardens, Cardiff",1,16.2,Welsh Fire,Manchester Originals,MJJ Critchley,JL du Plooy,CR Brathwaite,2,0,,,,,,,,,
1252677,2021,2021-07-31,"Sophia Gardens, Cardiff",1,16.3,Welsh Fire,Manchester Originals,MJJ Critchley,JL du Plooy,CR Brathwaite,4,0,,,,,,,,,
1252677,2021,2021-07-31,"Sophia Gardens, Cardiff",1,16.4,Welsh Fire,Manchester Originals,MJJ Critchley,JL du Plooy,CR Brathwaite,4,0,,,,,,,,,
1252677,2021,2021-07-31,"Sophia Gardens, Cardiff",1,16.5,Welsh Fire,Manchester Originals,MJJ Critchley,JL du Plooy,CR Brathwaite,1,0,,,,,,,,,
1252677,2021,2021-07-31,"Sophia Gardens, Cardiff",1,17.1,Welsh Fire,Manchester Originals,JL du Plooy,MJJ Critchley,ST Finn,6,0,,,,,,,,,
1252677,2021,2021-07-31,"Sophia Gardens, Cardiff",1,17.2,Welsh Fire,Manchester Originals,JL du Plooy,MJJ Critchley,ST Finn,2,0,,,,,,,,,
1252677,2021,2021-07-31,"Sophia Gardens, Cardiff",1,17.3,Welsh Fire,Manchester Originals,JL du Plooy,MJJ Critchley,ST Finn,0,0,,,,,,,,,
1252677,2021,2021-07-31,"Sophia Gardens, Cardiff",1,17.4,Welsh Fire,Manchester Originals,JL du Plooy,MJJ Critchley,ST Finn,0,0,,,,,,caught,JL du Plooy,,
1252677,2021,2021-07-31,"Sophia Gardens, Cardiff",1,17.5,Welsh Fire,Manchester Originals,JDS Neesham,MJJ Critchley,ST Finn,0,1,1,,,,,,,,
1252677,2021,2021-07-31,"Sophia Gardens, Cardiff",1,17.6,Welsh Fire,Manchester Originals,JDS Neesham,MJJ Critchley,ST Finn,1,0,,,,,,,,,
1252677,2021,2021-07-31,"Sophia Gardens, Cardiff",1,18.1,Welsh Fire,Manchester Originals,JDS Neesham,MJJ Critchley,CR Brathwaite,4,0,,,,,,,,,
1252677,2021,2021-07-31,"Sophia Gardens, Cardiff",1,18.2,Welsh Fire,Manchester Originals,JDS Neesham,MJJ Critchley,CR Brathwaite,0,0,,,,,,,,,
1252677,2021,2021-07-31,"Sophia Gardens, Cardiff",1,18.3,Welsh Fire,Manchester Originals,JDS Neesham,MJJ Critchley,CR Brathwaite,1,0,,,,,,,,,
1252677,2021,2021-07-31,"Sophia Gardens, Cardiff",1,18.4,Welsh Fire,Manchester Originals,MJJ Critchley,JDS Neesham,CR Brathwaite,4,0,,,,,,,,,
1252677,2021,2021-07-31,"Sophia Gardens, Cardiff",1,18.5,Welsh Fire,Manchester Originals,MJJ Critchley,JDS Neesham,CR Brathwaite,4,0,,,,,,,,,
1252677,2021,2021-07-31,"Sophia Gardens, Cardiff",1,19.1,Welsh Fire,Manchester Originals,MJJ Critchley,JDS Neesham,LH Ferguson,1,0,,,,,,,,,
1252677,2021,2021-07-31,"Sophia Gardens, Cardiff",1,19.2,Welsh Fire,Manchester Originals,JDS Neesham,MJJ Critchley,LH Ferguson,0,0,,,,,,caught,JDS Neesham,,
1252677,2021,2021-07-31,"Sophia Gardens, Cardiff",1,19.3,Welsh Fire,Manchester Originals,RF Higgins,MJJ Critchley,LH Ferguson,1,0,,,,,,,,,
1252677,2021,2021-07-31,"Sophia Gardens, Cardiff",1,19.4,Welsh Fire,Manchester Originals,MJJ Critchley,RF Higgins,LH Ferguson,4,0,,,,,,,,,
1252677,2021,2021-07-31,"Sophia Gardens, Cardiff",1,19.5,Welsh Fire,Manchester Originals,MJJ Critchley,RF Higgins,LH Ferguson,0,1,,,,1,,,,,
1252677,2021,2021-07-31,"Sophia Gardens, Cardiff",2,0.1,Manchester Originals,Welsh Fire,PD Salt,JM Clarke,DA Payne,1,0,,,,,,,,,
1252677,2021,2021-07-31,"Sophia Gardens, Cardiff",2,0.2,Manchester Originals,Welsh Fire,JM Clarke,PD Salt,DA Payne,0,0,,,,,,,,,
1252677,2021,2021-07-31,"Sophia Gardens, Cardiff",2,0.3,Manchester Originals,Welsh Fire,JM Clarke,PD Salt,DA Payne,0,0,,,,,,,,,
1252677,2021,2021-07-31,"Sophia Gardens, Cardiff",2,0.4,Manchester Originals,Welsh Fire,JM Clarke,PD Salt,DA Payne,0,1,1,,,,,,,,
1252677,2021,2021-07-31,"Sophia Gardens, Cardiff",2,0.5,Manchester Originals,Welsh Fire,JM Clarke,PD Salt,DA Payne,1,0,,,,,,,,,
1252677,2021,2021-07-31,"Sophia Gardens, Cardiff",2,0.6,Manchester Originals,Welsh Fire,PD Salt,JM Clarke,DA Payne,0,0,,,,,,,,,
1252677,2021,2021-07-31,"Sophia Gardens, Cardiff",2,1.1,Manchester Originals,Welsh Fire,PD Salt,JM Clarke,JT Ball,4,2,,2,,,,,,,
1252677,2021,2021-07-31,"Sophia Gardens, Cardiff",2,1.2,Manchester Originals,Welsh Fire,PD Salt,JM Clarke,JT Ball,2,0,,,,,,,,,
1252677,2021,2021-07-31,"Sophia Gardens, Cardiff",2,1.3,Manchester Originals,Welsh Fire,PD Salt,JM Clarke,JT Ball,4,0,,,,,,,,,
1252677,2021,2021-07-31,"Sophia Gardens, Cardiff",2,1.4,Manchester Originals,Welsh Fire,PD Salt,JM Clarke,JT Ball,1,0,,,,,,,,,
1252677,2021,2021-07-31,"Sophia Gardens, Cardiff",2,1.5,Manchester Originals,Welsh Fire,JM Clarke,PD Salt,JT Ball,0,0,,,,,,,,,
1252677,2021,2021-07-31,"Sophia Gardens, Cardiff",2,1.6,Manchester Originals,Welsh Fire,JM Clarke,PD Salt,JT Ball,1,0,,,,,,,,,
1252677,2021,2021-07-31,"Sophia Gardens, Cardiff",2,2.1,Manchester Originals,Welsh Fire,JM Clarke,PD Salt,DA Payne,1,0,,,,,,,,,
1252677,2021,2021-07-31,"Sophia Gardens, Cardiff",2,2.2,Manchester Originals,Welsh Fire,PD Salt,JM Clarke,DA Payne,1,0,,,,,,,,,
1252677,2021,2021-07-31,"Sophia Gardens, Cardiff",2,2.3,Manchester Originals,Welsh Fire,JM Clarke,PD Salt,DA Payne,1,0,,,,,,,,,
1252677,2021,2021-07-31,"Sophia Gardens, Cardiff",2,2.4,Manchester Originals,Welsh Fire,PD Salt,JM Clarke,DA Payne,1,0,,,,,,,,,
1252677,2021,2021-07-31,"Sophia Gardens, Cardiff",2,2.5,Manchester Originals,Welsh Fire,JM Clarke,PD Salt,DA Payne,6,0,,,,,,,,,
1252677,2021,2021-07-31,"Sophia Gardens, Cardiff",2,3.1,Manchester Originals,Welsh Fire,JM Clarke,PD Salt,JT Ball,1,0,,,,,,,,,
1252677,2021,2021-07-31,"Sophia Gardens, Cardiff",2,3.2,Manchester Originals,Welsh Fire,PD Salt,JM Clarke,JT Ball,1,0,,,,,,,,,
1252677,2021,2021-07-31,"Sophia Gardens, Cardiff",2,3.3,Manchester Originals,Welsh Fire,JM Clarke,PD Salt,JT Ball,4,0,,,,,,,,,
1252677,2021,2021-07-31,"Sophia Gardens, Cardiff",2,3.4,Manchester Originals,Welsh Fire,JM Clarke,PD Salt,JT Ball,4,0,,,,,,,,,
1252677,2021,2021-07-31,"Sophia Gardens, Cardiff",2,3.5,Manchester Originals,Welsh Fire,JM Clarke,PD Salt,JT Ball,1,0,,,,,,,,,
1252677,2021,2021-07-31,"Sophia Gardens, Cardiff",2,4.1,Manchester Originals,Welsh Fire,JM Clarke,PD Salt,MJJ Critchley,0,0,,,,,,,,,
1252677,2021,2021-07-31,"Sophia Gardens, Cardiff",2,4.2,Manchester Originals,Welsh Fire,JM Clarke,PD Salt,MJJ Critchley,1,0,,,,,,,,,
1252677,2021,2021-07-31,"Sophia Gardens, Cardiff",2,4.3,Manchester Originals,Welsh Fire,PD Salt,JM Clarke,MJJ Critchley,0,0,,,,,,,,,
1252677,2021,2021-07-31,"Sophia Gardens, Cardiff",2,4.4,Manchester Originals,Welsh Fire,PD Salt,JM Clarke,MJJ Critchley,0,0,,,,,,,,,
1252677,2021,2021-07-31,"Sophia Gardens, Cardiff",2,4.5,Manchester Originals,Welsh Fire,PD Salt,JM Clarke,MJJ Critchley,1,0,,,,,,,,,
1252677,2021,2021-07-31,"Sophia Gardens, Cardiff",2,5.1,Manchester Originals,Welsh Fire,JM Clarke,PD Salt,Qais Ahmad,0,1,1,,,,,,,,
1252677,2021,2021-07-31,"Sophia Gardens, Cardiff",2,5.2,Manchester Originals,Welsh Fire,JM Clarke,PD Salt,Qais Ahmad,0,0,,,,,,,,,
1252677,2021,2021-07-31,"Sophia Gardens, Cardiff",2,5.3,Manchester Originals,Welsh Fire,JM Clarke,PD Salt,Qais Ahmad,2,0,,,,,,,,,
1252677,2021,2021-07-31,"Sophia Gardens, Cardiff",2,5.4,Manchester Originals,Welsh Fire,JM Clarke,PD Salt,Qais Ahmad,1,0,,,,,,,,,
1252677,2021,2021-07-31,"Sophia Gardens, Cardiff",2,5.5,Manchester Originals,Welsh Fire,PD Salt,JM Clarke,Qais Ahmad,1,0,,,,,,,,,
1252677,2021,2021-07-31,"Sophia Gardens, Cardiff",2,5.6,Manchester Originals,Welsh Fire,JM Clarke,PD Salt,Qais Ahmad,6,0,,,,,,,,,
1252677,2021,2021-07-31,"Sophia Gardens, Cardiff",2,6.1,Manchester Originals,Welsh Fire,PD Salt,JM Clarke,MJJ Critchley,1,0,,,,,,,,,
1252677,2021,2021-07-31,"Sophia Gardens, Cardiff",2,6.2,Manchester Originals,Welsh Fire,JM Clarke,PD Salt,MJJ Critchley,2,0,,,,,,,,,
1252677,2021,2021-07-31,"Sophia Gardens, Cardiff",2,6.3,Manchester Originals,Welsh Fire,JM Clarke,PD Salt,MJJ Critchley,0,0,,,,,,,,,
1252677,2021,2021-07-31,"Sophia Gardens, Cardiff",2,6.4,Manchester Originals,Welsh Fire,JM Clarke,PD Salt,MJJ Critchley,6,0,,,,,,,,,
1252677,2021,2021-07-31,"Sophia Gardens, Cardiff",2,6.5,Manchester Originals,Welsh Fire,JM Clarke,PD Salt,MJJ Critchley,4,2,,2,,,,,,,
1252677,2021,2021-07-31,"Sophia Gardens, Cardiff",2,6.6,Manchester Originals,Welsh Fire,JM Clarke,PD Salt,MJJ Critchley,6,0,,,,,,,,,
1252677,2021,2021-07-31,"Sophia Gardens, Cardiff",2,7.1,Manchester Originals,Welsh Fire,JM Clarke,PD Salt,JDS Neesham,1,0,,,,,,,,,
1252677,2021,2021-07-31,"Sophia Gardens, Cardiff",2,7.2,Manchester Originals,Welsh Fire,PD Salt,JM Clarke,JDS Neesham,4,0,,,,,,,,,
1252677,2021,2021-07-31,"Sophia Gardens, Cardiff",2,7.3,Manchester Originals,Welsh Fire,PD Salt,JM Clarke,JDS Neesham,1,0,,,,,,,,,
1252677,2021,2021-07-31,"Sophia Gardens, Cardiff",2,7.4,Manchester Originals,Welsh Fire,JM Clarke,PD Salt,JDS Neesham,4,0,,,,,,,,,
1252677,2021,2021-07-31,"Sophia Gardens, Cardiff",2,7.5,Manchester Originals,Welsh Fire,JM Clarke,PD Salt,JDS Neesham,1,0,,,,,,,,,
1252677,2021,2021-07-31,"Sophia Gardens, Cardiff",2,8.1,Manchester Originals,Welsh Fire,JM Clarke,PD Salt,Qais Ahmad,1,0,,,,,,,,,
1252677,2021,2021-07-31,"Sophia Gardens, Cardiff",2,8.2,Manchester Originals,Welsh Fire,PD Salt,JM Clarke,Qais Ahmad,1,0,,,,,,,,,
1252677,2021,2021-07-31,"Sophia Gardens, Cardiff",2,8.3,Manchester Originals,Welsh Fire,JM Clarke,PD Salt,Qais Ahmad,2,0,,,,,,,,,
1252677,2021,2021-07-31,"Sophia Gardens, Cardiff",2,8.4,Manchester Originals,Welsh Fire,JM Clarke,PD Salt,Qais Ahmad,0,2,,,2,,,,,,
1252677,2021,2021-07-31,"Sophia Gardens, Cardiff",2,8.5,Manchester Originals,Welsh Fire,JM Clarke,PD Salt,Qais Ahmad,1,0,,,,,,,,,
1252677,2021,2021-07-31,"Sophia Gardens, Cardiff",2,9.1,Manchester Originals,Welsh Fire,PD Salt,JM Clarke,RF Higgins,2,0,,,,,,,,,
1252677,2021,2021-07-31,"Sophia Gardens, Cardiff",2,9.2,Manchester Originals,Welsh Fire,PD Salt,JM Clarke,RF Higgins,0,1,1,,,,,,,,
1252677,2021,2021-07-31,"Sophia Gardens, Cardiff",2,9.3,Manchester Originals,Welsh Fire,PD Salt,JM Clarke,RF Higgins,1,0,,,,,,,,,
1252677,2021,2021-07-31,"Sophia Gardens, Cardiff",2,9.4,Manchester Originals,Welsh Fire,JM Clarke,PD Salt,RF Higgins,0,0,,,,,,caught,JM Clarke,,
1252677,2021,2021-07-31,"Sophia Gardens, Cardiff",2,9.5,Manchester Originals,Welsh Fire,C Munro,PD Salt,RF Higgins,1,0,,,,,,,,,
1252677,2021,2021-07-31,"Sophia Gardens, Cardiff",2,9.6,Manchester Originals,Welsh Fire,PD Salt,C Munro,RF Higgins,1,0,,,,,,,,,
1252677,2021,2021-07-31,"Sophia Gardens, Cardiff",2,10.1,Manchester Originals,Welsh Fire,PD Salt,C Munro,Qais Ahmad,1,0,,,,,,,,,
1252677,2021,2021-07-31,"Sophia Gardens, Cardiff",2,10.2,Manchester Originals,Welsh Fire,C Munro,PD Salt,Qais Ahmad,0,0,,,,,,,,,
1252677,2021,2021-07-31,"Sophia Gardens, Cardiff",2,10.3,Manchester Originals,Welsh Fire,C Munro,PD Salt,Qais Ahmad,0,0,,,,,,,,,
1252677,2021,2021-07-31,"Sophia Gardens, Cardiff",2,10.4,Manchester Originals,Welsh Fire,C Munro,PD Salt,Qais Ahmad,0,0,,,,,,,,,
1252677,2021,2021-07-31,"Sophia Gardens, Cardiff",2,10.5,Manchester Originals,Welsh Fire,C Munro,PD Salt,Qais Ahmad,0,0,,,,,,,,,
1252677,2021,2021-07-31,"Sophia Gardens, Cardiff",2,11.1,Manchester Originals,Welsh Fire,C Munro,PD Salt,JDS Neesham,4,0,,,,,,,,,
1252677,2021,2021-07-31,"Sophia Gardens, Cardiff",2,11.2,Manchester Originals,Welsh Fire,C Munro,PD Salt,JDS Neesham,0,0,,,,,,,,,
1252677,2021,2021-07-31,"Sophia Gardens, Cardiff",2,11.3,Manchester Originals,Welsh Fire,C Munro,PD Salt,JDS Neesham,1,0,,,,,,,,,
1252677,2021,2021-07-31,"Sophia Gardens, Cardiff",2,11.4,Manchester Originals,Welsh Fire,PD Salt,C Munro,JDS Neesham,1,0,,,,,,,,,
1252677,2021,2021-07-31,"Sophia Gardens, Cardiff",2,11.5,Manchester Originals,Welsh Fire,C Munro,PD Salt,JDS Neesham,4,0,,,,,,,,,
1252677,2021,2021-07-31,"Sophia Gardens, Cardiff",2,12.1,Manchester Originals,Welsh Fire,PD Salt,C Munro,DA Payne,0,0,,,,,,,,,
1252677,2021,2021-07-31,"Sophia Gardens, Cardiff",2,12.2,Manchester Originals,Welsh Fire,PD Salt,C Munro,DA Payne,0,1,,,,1,,,,,
1252677,2021,2021-07-31,"Sophia Gardens, Cardiff",2,12.3,Manchester Originals,Welsh Fire,C Munro,PD Salt,DA Payne,0,0,,,,,,,,,
1252677,2021,2021-07-31,"Sophia Gardens, Cardiff",2,12.4,Manchester Originals,Welsh Fire,C Munro,PD Salt,DA Payne,0,0,,,,,,,,,
1252677,2021,2021-07-31,"Sophia Gardens, Cardiff",2,12.5,Manchester Originals,Welsh Fire,C Munro,PD Salt,DA Payne,0,0,,,,,,,,,
1252677,2021,2021-07-31,"Sophia Gardens, Cardiff",2,13.1,Manchester Originals,Welsh Fire,C Munro,PD Salt,MJJ Critchley,1,0,,,,,,,,,
1252677,2021,2021-07-31,"Sophia Gardens, Cardiff",2,13.2,Manchester Originals,Welsh Fire,PD Salt,C Munro,MJJ Critchley,0,0,,,,,,,,,
1252677,2021,2021-07-31,"Sophia Gardens, Cardiff",2,13.3,Manchester Originals,Welsh Fire,PD Salt,C Munro,MJJ Critchley,0,0,,,,,,caught,PD Salt,,
1252677,2021,2021-07-31,"Sophia Gardens, Cardiff",2,13.4,Manchester Originals,Welsh Fire,CN Ackermann,C Munro,MJJ Critchley,1,0,,,,,,,,,
1252677,2021,2021-07-31,"Sophia Gardens, Cardiff",2,13.5,Manchester Originals,Welsh Fire,C Munro,CN Ackermann,MJJ Critchley,1,0,,,,,,,,,
1252677,2021,2021-07-31,"Sophia Gardens, Cardiff",2,14.1,Manchester Originals,Welsh Fire,C Munro,CN Ackermann,Qais Ahmad,1,0,,,,,,,,,
1252677,2021,2021-07-31,"Sophia Gardens, Cardiff",2,14.2,Manchester Originals,Welsh Fire,CN Ackermann,C Munro,Qais Ahmad,1,0,,,,,,,,,
1252677,2021,2021-07-31,"Sophia Gardens, Cardiff",2,14.3,Manchester Originals,Welsh Fire,C Munro,CN Ackermann,Qais Ahmad,1,0,,,,,,,,,
1252677,2021,2021-07-31,"Sophia Gardens, Cardiff",2,14.4,Manchester Originals,Welsh Fire,CN Ackermann,C Munro,Qais Ahmad,1,0,,,,,,,,,
1252677,2021,2021-07-31,"Sophia Gardens, Cardiff",2,14.5,Manchester Originals,Welsh Fire,C Munro,CN Ackermann,Qais Ahmad,1,0,,,,,,,,,
1252677,2021,2021-07-31,"Sophia Gardens, Cardiff",2,15.1,Manchester Originals,Welsh Fire,CN Ackermann,C Munro,RF Higgins,1,0,,,,,,,,,
1252677,2021,2021-07-31,"Sophia Gardens, Cardiff",2,15.2,Manchester Originals,Welsh Fire,C Munro,CN Ackermann,RF Higgins,0,1,,,,1,,,,,
1252677,2021,2021-07-31,"Sophia Gardens, Cardiff",2,15.3,Manchester Originals,Welsh Fire,CN Ackermann,C Munro,RF Higgins,1,0,,,,,,,,,
1252677,2021,2021-07-31,"Sophia Gardens, Cardiff",2,15.4,Manchester Originals,Welsh Fire,C Munro,CN Ackermann,RF Higgins,1,0,,,,,,,,,
1252677,2021,2021-07-31,"Sophia Gardens, Cardiff",2,15.5,Manchester Originals,Welsh Fire,CN Ackermann,C Munro,RF Higgins,0,1,,,,1,,,,,
1252677,2021,2021-07-31,"Sophia Gardens, Cardiff",2,16.1,Manchester Originals,Welsh Fire,CN Ackermann,C Munro,MJJ Critchley,0,0,,,,,,,,,
1252677,2021,2021-07-31,"Sophia Gardens, Cardiff",2,16.2,Manchester Originals,Welsh Fire,CN Ackermann,C Munro,MJJ Critchley,4,0,,,,,,,,,
1252677,2021,2021-07-31,"Sophia Gardens, Cardiff",2,16.3,Manchester Originals,Welsh Fire,CN Ackermann,C Munro,MJJ Critchley,4,0,,,,,,,,,
1252677,2021,2021-07-31,"Sophia Gardens, Cardiff",2,16.4,Manchester Originals,Welsh Fire,CN Ackermann,C Munro,MJJ Critchley,1,0,,,,,,,,,
1252677,2021,2021-07-31,"Sophia Gardens, Cardiff",2,16.5,Manchester Originals,Welsh Fire,C Munro,CN Ackermann,MJJ Critchley,1,0,,,,,,,,,
1252677,2021,2021-07-31,"Sophia Gardens, Cardiff",2,17.1,Manchester Originals,Welsh Fire,CN Ackermann,C Munro,JDS Neesham,1,0,,,,,,,,,
1252677,2021,2021-07-31,"Sophia Gardens, Cardiff",2,17.2,Manchester Originals,Welsh Fire,C Munro,CN Ackermann,JDS Neesham,6,0,,,,,,,,,
1252677,2021,2021-07-31,"Sophia Gardens, Cardiff",2,17.3,Manchester Originals,Welsh Fire,C Munro,CN Ackermann,JDS Neesham,1,0,,,,,,,,,
1252677,2021,2021-07-31,"Sophia Gardens, Cardiff",2,17.4,Manchester Originals,Welsh Fire,CN Ackermann,C Munro,JDS Neesham,2,0,,,,,,,,,
1252677,2021,2021-07-31,"Sophia Gardens, Cardiff",2,17.5,Manchester Originals,Welsh Fire,CN Ackermann,C Munro,JDS Neesham,0,0,,,,,,bowled,CN Ackermann,,
1252677,2021,2021-07-31,"Sophia Gardens, Cardiff",2,18.1,Manchester Originals,Welsh Fire,C Munro,CR Brathwaite,DA Payne,0,0,,,,,,,,,
1252677,2021,2021-07-31,"Sophia Gardens, Cardiff",2,18.2,Manchester Originals,Welsh Fire,C Munro,CR Brathwaite,DA Payne,0,2,,2,,,,,,,
1252677,2021,2021-07-31,"Sophia Gardens, Cardiff",2,18.3,Manchester Originals,Welsh Fire,C Munro,CR Brathwaite,DA Payne,1,0,,,,,,,,,
1252677,2021,2021-07-31,"Sophia Gardens, Cardiff",2,18.4,Manchester Originals,Welsh Fire,CR Brathwaite,C Munro,DA Payne,1,0,,,,,,,,,
1252677,2021,2021-07-31,"Sophia Gardens, Cardiff",2,18.5,Manchester Originals,Welsh Fire,C Munro,CR Brathwaite,DA Payne,4,0,,,,,,,,,
1252677,2021,2021-07-31,"Sophia Gardens, Cardiff",2,18.6,Manchester Originals,Welsh Fire,C Munro,CR Brathwaite,DA Payne,4,0,,,,,,,,,
