match_id,season,start_date,venue,innings,ball,batting_team,bowling_team,striker,non_striker,bowler,runs_off_bat,extras,wides,noballs,byes,legbyes,penalty,wicket_type,player_dismissed,other_wicket_type,other_player_dismissed
1252671,2021,2021-07-25,"Old Trafford, Manchester",1,0.1,Birmingham Phoenix,Manchester Originals,Miles Hammond,FH Allen,TW Hartley,0,0,,,,,,,,,
1252671,2021,2021-07-25,"Old Trafford, Manchester",1,0.2,Birmingham Phoenix,Manchester Originals,Miles Hammond,FH Allen,TW Hartley,4,0,,,,,,,,,
1252671,2021,2021-07-25,"Old Trafford, Manchester",1,0.3,Birmingham Phoenix,Manchester Originals,Miles Hammond,FH Allen,TW Hartley,1,0,,,,,,,,,
1252671,2021,2021-07-25,"Old Trafford, Manchester",1,0.4,Birmingham Phoenix,Manchester Originals,FH Allen,Miles Hammond,TW Hartley,1,0,,,,,,,,,
1252671,2021,2021-07-25,"Old Trafford, Manchester",1,0.5,Birmingham Phoenix,Manchester Originals,Miles Hammond,FH Allen,TW Hartley,0,0,,,,,,,,,
1252671,2021,2021-07-25,"Old Trafford, Manchester",1,1.1,Birmingham Phoenix,Manchester Originals,Miles Hammond,FH Allen,FJ Klaassen,0,1,1,,,,,,,,
1252671,2021,2021-07-25,"Old Trafford, Manchester",1,1.2,Birmingham Phoenix,Manchester Originals,Miles Hammond,FH Allen,FJ Klaassen,1,0,,,,,,,,,
1252671,2021,2021-07-25,"Old Trafford, Manchester",1,1.3,Birmingham Phoenix,Manchester Originals,FH Allen,Miles Hammond,FJ Klaassen,0,1,1,,,,,,,,
1252671,2021,2021-07-25,"Old Trafford, Manchester",1,1.4,Birmingham Phoenix,Manchester Originals,FH Allen,Miles Hammond,FJ Klaassen,0,0,,,,,,caught,FH Allen,,
1252671,2021,2021-07-25,"Old Trafford, Manchester",1,1.5,Birmingham Phoenix,Manchester Originals,LS Livingstone,Miles Hammond,FJ Klaassen,0,0,,,,,,,,,
1252671,2021,2021-07-25,"Old Trafford, Manchester",1,1.6,Birmingham Phoenix,Manchester Originals,LS Livingstone,Miles Hammond,FJ Klaassen,0,0,,,,,,,,,
1252671,2021,2021-07-25,"Old Trafford, Manchester",1,1.7,Birmingham Phoenix,Manchester Originals,LS Livingstone,Miles Hammond,FJ Klaassen,4,0,,,,,,,,,
1252671,2021,2021-07-25,"Old Trafford, Manchester",1,2.1,Birmingham Phoenix,Manchester Originals,Miles Hammond,LS Livingstone,TW Hartley,0,0,,,,,,,,,
1252671,2021,2021-07-25,"Old Trafford, Manchester",1,2.2,Birmingham Phoenix,Manchester Originals,Miles Hammond,LS Livingstone,TW Hartley,4,0,,,,,,,,,
1252671,2021,2021-07-25,"Old Trafford, Manchester",1,2.3,Birmingham Phoenix,Manchester Originals,Miles Hammond,LS Livingstone,TW Hartley,1,0,,,,,,,,,
1252671,2021,2021-07-25,"Old Trafford, Manchester",1,2.4,Birmingham Phoenix,Manchester Originals,LS Livingstone,Miles Hammond,TW Hartley,0,0,,,,,,,,,
1252671,2021,2021-07-25,"Old Trafford, Manchester",1,2.5,Birmingham Phoenix,Manchester Originals,LS Livingstone,Miles Hammond,TW Hartley,1,0,,,,,,,,,
1252671,2021,2021-07-25,"Old Trafford, Manchester",1,3.1,Birmingham Phoenix,Manchester Originals,Miles Hammond,LS Livingstone,ST Finn,2,0,,,,,,,,,
1252671,2021,2021-07-25,"Old Trafford, Manchester",1,3.2,Birmingham Phoenix,Manchester Originals,Miles Hammond,LS Livingstone,ST Finn,0,0,,,,,,caught,Miles Hammond,,
1252671,2021,2021-07-25,"Old Trafford, Manchester",1,3.3,Birmingham Phoenix,Manchester Originals,DJ Bell-Drummond,LS Livingstone,ST Finn,0,0,,,,,,,,,
1252671,2021,2021-07-25,"Old Trafford, Manchester",1,3.4,Birmingham Phoenix,Manchester Originals,DJ Bell-Drummond,LS Livingstone,ST Finn,0,0,,,,,,,,,
1252671,2021,2021-07-25,"Old Trafford, Manchester",1,3.5,Birmingham Phoenix,Manchester Originals,DJ Bell-Drummond,LS Livingstone,ST Finn,4,0,,,,,,,,,
1252671,2021,2021-07-25,"Old Trafford, Manchester",1,4.1,Birmingham Phoenix,Manchester Originals,LS Livingstone,DJ Bell-Drummond,FJ Klaassen,2,0,,,,,,,,,
1252671,2021,2021-07-25,"Old Trafford, Manchester",1,4.2,Birmingham Phoenix,Manchester Originals,LS Livingstone,DJ Bell-Drummond,FJ Klaassen,1,0,,,,,,,,,
1252671,2021,2021-07-25,"Old Trafford, Manchester",1,4.3,Birmingham Phoenix,Manchester Originals,DJ Bell-Drummond,LS Livingstone,FJ Klaassen,1,0,,,,,,,,,
1252671,2021,2021-07-25,"Old Trafford, Manchester",1,4.4,Birmingham Phoenix,Manchester Originals,LS Livingstone,DJ Bell-Drummond,FJ Klaassen,0,0,,,,,,,,,
1252671,2021,2021-07-25,"Old Trafford, Manchester",1,4.5,Birmingham Phoenix,Manchester Originals,LS Livingstone,DJ Bell-Drummond,FJ Klaassen,4,0,,,,,,,,,
1252671,2021,2021-07-25,"Old Trafford, Manchester",1,5.1,Birmingham Phoenix,Manchester Originals,LS Livingstone,DJ Bell-Drummond,MW Parkinson,0,0,,,,,,caught,LS Livingstone,,
1252671,2021,2021-07-25,"Old Trafford, Manchester",1,5.2,Birmingham Phoenix,Manchester Originals,MM Ali,DJ Bell-Drummond,MW Parkinson,1,0,,,,,,,,,
1252671,2021,2021-07-25,"Old Trafford, Manchester",1,5.3,Birmingham Phoenix,Manchester Originals,DJ Bell-Drummond,MM Ali,MW Parkinson,1,0,,,,,,,,,
1252671,2021,2021-07-25,"Old Trafford, Manchester",1,5.4,Birmingham Phoenix,Manchester Originals,MM Ali,DJ Bell-Drummond,MW Parkinson,0,0,,,,,,,,,
1252671,2021,2021-07-25,"Old Trafford, Manchester",1,5.5,Birmingham Phoenix,Manchester Originals,MM Ali,DJ Bell-Drummond,MW Parkinson,0,0,,,,,,,,,
1252671,2021,2021-07-25,"Old Trafford, Manchester",1,6.1,Birmingham Phoenix,Manchester Originals,DJ Bell-Drummond,MM Ali,CG Harrison,1,0,,,,,,,,,
1252671,2021,2021-07-25,"Old Trafford, Manchester",1,6.2,Birmingham Phoenix,Manchester Originals,MM Ali,DJ Bell-Drummond,CG Harrison,1,0,,,,,,,,,
1252671,2021,2021-07-25,"Old Trafford, Manchester",1,6.3,Birmingham Phoenix,Manchester Originals,DJ Bell-Drummond,MM Ali,CG Harrison,1,0,,,,,,,,,
1252671,2021,2021-07-25,"Old Trafford, Manchester",1,6.4,Birmingham Phoenix,Manchester Originals,MM Ali,DJ Bell-Drummond,CG Harrison,1,0,,,,,,,,,
1252671,2021,2021-07-25,"Old Trafford, Manchester",1,6.5,Birmingham Phoenix,Manchester Originals,DJ Bell-Drummond,MM Ali,CG Harrison,0,0,,,,,,,,,
1252671,2021,2021-07-25,"Old Trafford, Manchester",1,7.1,Birmingham Phoenix,Manchester Originals,DJ Bell-Drummond,MM Ali,TW Hartley,1,0,,,,,,,,,
1252671,2021,2021-07-25,"Old Trafford, Manchester",1,7.2,Birmingham Phoenix,Manchester Originals,MM Ali,DJ Bell-Drummond,TW Hartley,0,1,,,,1,,,,,
1252671,2021,2021-07-25,"Old Trafford, Manchester",1,7.3,Birmingham Phoenix,Manchester Originals,DJ Bell-Drummond,MM Ali,TW Hartley,1,0,,,,,,,,,
1252671,2021,2021-07-25,"Old Trafford, Manchester",1,7.4,Birmingham Phoenix,Manchester Originals,MM Ali,DJ Bell-Drummond,TW Hartley,1,0,,,,,,,,,
1252671,2021,2021-07-25,"Old Trafford, Manchester",1,7.5,Birmingham Phoenix,Manchester Originals,DJ Bell-Drummond,MM Ali,TW Hartley,0,0,,,,,,,,,
1252671,2021,2021-07-25,"Old Trafford, Manchester",1,8.1,Birmingham Phoenix,Manchester Originals,MM Ali,DJ Bell-Drummond,MW Parkinson,4,0,,,,,,,,,
1252671,2021,2021-07-25,"Old Trafford, Manchester",1,8.2,Birmingham Phoenix,Manchester Originals,MM Ali,DJ Bell-Drummond,MW Parkinson,0,0,,,,,,,,,
1252671,2021,2021-07-25,"Old Trafford, Manchester",1,8.3,Birmingham Phoenix,Manchester Originals,MM Ali,DJ Bell-Drummond,MW Parkinson,1,0,,,,,,,,,
1252671,2021,2021-07-25,"Old Trafford, Manchester",1,8.4,Birmingham Phoenix,Manchester Originals,DJ Bell-Drummond,MM Ali,MW Parkinson,0,2,,,2,,,,,,
1252671,2021,2021-07-25,"Old Trafford, Manchester",1,8.5,Birmingham Phoenix,Manchester Originals,DJ Bell-Drummond,MM Ali,MW Parkinson,1,0,,,,,,,,,
1252671,2021,2021-07-25,"Old Trafford, Manchester",1,9.1,Birmingham Phoenix,Manchester Originals,MM Ali,DJ Bell-Drummond,CG Harrison,2,0,,,,,,,,,
1252671,2021,2021-07-25,"Old Trafford, Manchester",1,9.2,Birmingham Phoenix,Manchester Originals,MM Ali,DJ Bell-Drummond,CG Harrison,0,0,,,,,,,,,
1252671,2021,2021-07-25,"Old Trafford, Manchester",1,9.3,Birmingham Phoenix,Manchester Originals,MM Ali,DJ Bell-Drummond,CG Harrison,0,0,,,,,,,,,
1252671,2021,2021-07-25,"Old Trafford, Manchester",1,9.4,Birmingham Phoenix,Manchester Originals,MM Ali,DJ Bell-Drummond,CG Harrison,2,0,,,,,,,,,
1252671,2021,2021-07-25,"Old Trafford, Manchester",1,9.5,Birmingham Phoenix,Manchester Originals,MM Ali,DJ Bell-Drummond,CG Harrison,1,0,,,,,,,,,
1252671,2021,2021-07-25,"Old Trafford, Manchester",1,10.1,Birmingham Phoenix,Manchester Originals,MM Ali,DJ Bell-Drummond,CR Brathwaite,1,0,,,,,,,,,
1252671,2021,2021-07-25,"Old Trafford, Manchester",1,10.2,Birmingham Phoenix,Manchester Originals,DJ Bell-Drummond,MM Ali,CR Brathwaite,1,0,,,,,,,,,
1252671,2021,2021-07-25,"Old Trafford, Manchester",1,10.3,Birmingham Phoenix,Manchester Originals,MM Ali,DJ Bell-Drummond,CR Brathwaite,0,0,,,,,,,,,
1252671,2021,2021-07-25,"Old Trafford, Manchester",1,10.4,Birmingham Phoenix,Manchester Originals,MM Ali,DJ Bell-Drummond,CR Brathwaite,0,0,,,,,,caught,MM Ali,,
1252671,2021,2021-07-25,"Old Trafford, Manchester",1,10.5,Birmingham Phoenix,Manchester Originals,CG Benjamin,DJ Bell-Drummond,CR Brathwaite,4,0,,,,,,,,,
1252671,2021,2021-07-25,"Old Trafford, Manchester",1,11.1,Birmingham Phoenix,Manchester Originals,CG Benjamin,DJ Bell-Drummond,CG Harrison,2,0,,,,,,,,,
1252671,2021,2021-07-25,"Old Trafford, Manchester",1,11.2,Birmingham Phoenix,Manchester Originals,CG Benjamin,DJ Bell-Drummond,CG Harrison,0,2,,2,,,,,,,
1252671,2021,2021-07-25,"Old Trafford, Manchester",1,11.3,Birmingham Phoenix,Manchester Originals,CG Benjamin,DJ Bell-Drummond,CG Harrison,1,0,,,,,,,,,
1252671,2021,2021-07-25,"Old Trafford, Manchester",1,11.4,Birmingham Phoenix,Manchester Originals,DJ Bell-Drummond,CG Benjamin,CG Harrison,0,0,,,,,,caught and bowled,DJ Bell-Drummond,,
1252671,2021,2021-07-25,"Old Trafford, Manchester",1,11.5,Birmingham Phoenix,Manchester Originals,CB Cooke,CG Benjamin,CG Harrison,0,0,,,,,,,,,
1252671,2021,2021-07-25,"Old Trafford, Manchester",1,11.6,Birmingham Phoenix,Manchester Originals,CB Cooke,CG Benjamin,CG Harrison,1,0,,,,,,,,,
1252671,2021,2021-07-25,"Old Trafford, Manchester",1,12.1,Birmingham Phoenix,Manchester Originals,CB Cooke,CG Benjamin,MW Parkinson,1,0,,,,,,,,,
1252671,2021,2021-07-25,"Old Trafford, Manchester",1,12.2,Birmingham Phoenix,Manchester Originals,CG Benjamin,CB Cooke,MW Parkinson,0,0,,,,,,,,,
1252671,2021,2021-07-25,"Old Trafford, Manchester",1,12.3,Birmingham Phoenix,Manchester Originals,CG Benjamin,CB Cooke,MW Parkinson,0,0,,,,,,,,,
1252671,2021,2021-07-25,"Old Trafford, Manchester",1,12.4,Birmingham Phoenix,Manchester Originals,CG Benjamin,CB Cooke,MW Parkinson,0,0,,,,,,,,,
1252671,2021,2021-07-25,"Old Trafford, Manchester",1,12.5,Birmingham Phoenix,Manchester Originals,CG Benjamin,CB Cooke,MW Parkinson,0,0,,,,,,,,,
1252671,2021,2021-07-25,"Old Trafford, Manchester",1,13.1,Birmingham Phoenix,Manchester Originals,CG Benjamin,CB Cooke,TW Hartley,1,0,,,,,,,,,
1252671,2021,2021-07-25,"Old Trafford, Manchester",1,13.2,Birmingham Phoenix,Manchester Originals,CB Cooke,CG Benjamin,TW Hartley,2,0,,,,,,,,,
1252671,2021,2021-07-25,"Old Trafford, Manchester",1,13.3,Birmingham Phoenix,Manchester Originals,CB Cooke,CG Benjamin,TW Hartley,2,0,,,,,,,,,
1252671,2021,2021-07-25,"Old Trafford, Manchester",1,13.4,Birmingham Phoenix,Manchester Originals,CB Cooke,CG Benjamin,TW Hartley,2,0,,,,,,,,,
1252671,2021,2021-07-25,"Old Trafford, Manchester",1,13.5,Birmingham Phoenix,Manchester Originals,CB Cooke,CG Benjamin,TW Hartley,0,0,,,,,,,,,
1252671,2021,2021-07-25,"Old Trafford, Manchester",1,14.1,Birmingham Phoenix,Manchester Originals,CG Benjamin,CB Cooke,CG Harrison,1,0,,,,,,,,,
1252671,2021,2021-07-25,"Old Trafford, Manchester",1,14.2,Birmingham Phoenix,Manchester Originals,CB Cooke,CG Benjamin,CG Harrison,2,0,,,,,,,,,
1252671,2021,2021-07-25,"Old Trafford, Manchester",1,14.3,Birmingham Phoenix,Manchester Originals,CB Cooke,CG Benjamin,CG Harrison,0,1,,,,1,,,,,
1252671,2021,2021-07-25,"Old Trafford, Manchester",1,14.4,Birmingham Phoenix,Manchester Originals,CG Benjamin,CB Cooke,CG Harrison,0,0,,,,,,caught,CG Benjamin,,
1252671,2021,2021-07-25,"Old Trafford, Manchester",1,14.5,Birmingham Phoenix,Manchester Originals,BAC Howell,CB Cooke,CG Harrison,0,0,,,,,,,,,
1252671,2021,2021-07-25,"Old Trafford, Manchester",1,15.1,Birmingham Phoenix,Manchester Originals,BAC Howell,CB Cooke,CR Brathwaite,0,0,,,,,,caught,BAC Howell,,
1252671,2021,2021-07-25,"Old Trafford, Manchester",1,15.2,Birmingham Phoenix,Manchester Originals,AF Milne,CB Cooke,CR Brathwaite,1,0,,,,,,,,,
1252671,2021,2021-07-25,"Old Trafford, Manchester",1,15.3,Birmingham Phoenix,Manchester Originals,CB Cooke,AF Milne,CR Brathwaite,0,0,,,,,,,,,
1252671,2021,2021-07-25,"Old Trafford, Manchester",1,15.4,Birmingham Phoenix,Manchester Originals,CB Cooke,AF Milne,CR Brathwaite,1,0,,,,,,,,,
1252671,2021,2021-07-25,"Old Trafford, Manchester",1,15.5,Birmingham Phoenix,Manchester Originals,AF Milne,CB Cooke,CR Brathwaite,0,1,1,,,,,,,,
1252671,2021,2021-07-25,"Old Trafford, Manchester",1,15.6,Birmingham Phoenix,Manchester Originals,AF Milne,CB Cooke,CR Brathwaite,4,0,,,,,,,,,
1252671,2021,2021-07-25,"Old Trafford, Manchester",1,16.1,Birmingham Phoenix,Manchester Originals,CB Cooke,AF Milne,MW Parkinson,0,0,,,,,,bowled,CB Cooke,,
1252671,2021,2021-07-25,"Old Trafford, Manchester",1,16.2,Birmingham Phoenix,Manchester Originals,TG Helm,AF Milne,MW Parkinson,0,0,,,,,,,,,
1252671,2021,2021-07-25,"Old Trafford, Manchester",1,16.3,Birmingham Phoenix,Manchester Originals,TG Helm,AF Milne,MW Parkinson,0,0,,,,,,caught,TG Helm,,
1252671,2021,2021-07-25,"Old Trafford, Manchester",1,16.4,Birmingham Phoenix,Manchester Originals,Imran Tahir,AF Milne,MW Parkinson,0,0,,,,,,lbw,Imran Tahir,,
1252671,2021,2021-07-25,"Old Trafford, Manchester",2,0.1,Manchester Originals,Birmingham Phoenix,PD Salt,JC Buttler,Imran Tahir,0,0,,,,,,,,,
1252671,2021,2021-07-25,"Old Trafford, Manchester",2,0.2,Manchester Originals,Birmingham Phoenix,PD Salt,JC Buttler,Imran Tahir,4,0,,,,,,,,,
1252671,2021,2021-07-25,"Old Trafford, Manchester",2,0.3,Manchester Originals,Birmingham Phoenix,PD Salt,JC Buttler,Imran Tahir,1,0,,,,,,,,,
1252671,2021,2021-07-25,"Old Trafford, Manchester",2,0.4,Manchester Originals,Birmingham Phoenix,JC Buttler,PD Salt,Imran Tahir,0,0,,,,,,,,,
1252671,2021,2021-07-25,"Old Trafford, Manchester",2,0.5,Manchester Originals,Birmingham Phoenix,JC Buttler,PD Salt,Imran Tahir,2,0,,,,,,,,,
1252671,2021,2021-07-25,"Old Trafford, Manchester",2,1.1,Manchester Originals,Birmingham Phoenix,JC Buttler,PD Salt,AF Milne,0,0,,,,,,,,,
1252671,2021,2021-07-25,"Old Trafford, Manchester",2,1.2,Manchester Originals,Birmingham Phoenix,JC Buttler,PD Salt,AF Milne,0,0,,,,,,,,,
1252671,2021,2021-07-25,"Old Trafford, Manchester",2,1.3,Manchester Originals,Birmingham Phoenix,JC Buttler,PD Salt,AF Milne,0,1,,,,1,,,,,
1252671,2021,2021-07-25,"Old Trafford, Manchester",2,1.4,Manchester Originals,Birmingham Phoenix,PD Salt,JC Buttler,AF Milne,1,0,,,,,,,,,
1252671,2021,2021-07-25,"Old Trafford, Manchester",2,1.5,Manchester Originals,Birmingham Phoenix,JC Buttler,PD Salt,AF Milne,4,0,,,,,,,,,
1252671,2021,2021-07-25,"Old Trafford, Manchester",2,2.1,Manchester Originals,Birmingham Phoenix,PD Salt,JC Buttler,MM Ali,4,0,,,,,,,,,
1252671,2021,2021-07-25,"Old Trafford, Manchester",2,2.2,Manchester Originals,Birmingham Phoenix,PD Salt,JC Buttler,MM Ali,1,0,,,,,,,,,
1252671,2021,2021-07-25,"Old Trafford, Manchester",2,2.3,Manchester Originals,Birmingham Phoenix,JC Buttler,PD Salt,MM Ali,0,2,2,,,,,,,,
1252671,2021,2021-07-25,"Old Trafford, Manchester",2,2.4,Manchester Originals,Birmingham Phoenix,PD Salt,JC Buttler,MM Ali,2,0,,,,,,,,,
1252671,2021,2021-07-25,"Old Trafford, Manchester",2,2.5,Manchester Originals,Birmingham Phoenix,PD Salt,JC Buttler,MM Ali,1,0,,,,,,,,,
1252671,2021,2021-07-25,"Old Trafford, Manchester",2,2.6,Manchester Originals,Birmingham Phoenix,JC Buttler,PD Salt,MM Ali,0,1,,,,1,,,,,
1252671,2021,2021-07-25,"Old Trafford, Manchester",2,3.1,Manchester Originals,Birmingham Phoenix,PD Salt,JC Buttler,Imran Tahir,4,0,,,,,,,,,
1252671,2021,2021-07-25,"Old Trafford, Manchester",2,3.2,Manchester Originals,Birmingham Phoenix,PD Salt,JC Buttler,Imran Tahir,4,0,,,,,,,,,
1252671,2021,2021-07-25,"Old Trafford, Manchester",2,3.3,Manchester Originals,Birmingham Phoenix,PD Salt,JC Buttler,Imran Tahir,0,0,,,,,,bowled,PD Salt,,
1252671,2021,2021-07-25,"Old Trafford, Manchester",2,3.4,Manchester Originals,Birmingham Phoenix,JM Clarke,JC Buttler,Imran Tahir,0,0,,,,,,,,,
1252671,2021,2021-07-25,"Old Trafford, Manchester",2,3.5,Manchester Originals,Birmingham Phoenix,JM Clarke,JC Buttler,Imran Tahir,0,0,,,,,,,,,
1252671,2021,2021-07-25,"Old Trafford, Manchester",2,4.1,Manchester Originals,Birmingham Phoenix,JC Buttler,JM Clarke,Imran Tahir,0,0,,,,,,,,,
1252671,2021,2021-07-25,"Old Trafford, Manchester",2,4.2,Manchester Originals,Birmingham Phoenix,JC Buttler,JM Clarke,Imran Tahir,4,0,,,,,,,,,
1252671,2021,2021-07-25,"Old Trafford, Manchester",2,4.3,Manchester Originals,Birmingham Phoenix,JC Buttler,JM Clarke,Imran Tahir,1,0,,,,,,,,,
1252671,2021,2021-07-25,"Old Trafford, Manchester",2,4.4,Manchester Originals,Birmingham Phoenix,JM Clarke,JC Buttler,Imran Tahir,4,0,,,,,,,,,
1252671,2021,2021-07-25,"Old Trafford, Manchester",2,4.5,Manchester Originals,Birmingham Phoenix,JM Clarke,JC Buttler,Imran Tahir,1,0,,,,,,,,,
1252671,2021,2021-07-25,"Old Trafford, Manchester",2,5.1,Manchester Originals,Birmingham Phoenix,JC Buttler,JM Clarke,LS Livingstone,0,0,,,,,,,,,
1252671,2021,2021-07-25,"Old Trafford, Manchester",2,5.2,Manchester Originals,Birmingham Phoenix,JC Buttler,JM Clarke,LS Livingstone,0,0,,,,,,,,,
1252671,2021,2021-07-25,"Old Trafford, Manchester",2,5.3,Manchester Originals,Birmingham Phoenix,JC Buttler,JM Clarke,LS Livingstone,4,0,,,,,,,,,
1252671,2021,2021-07-25,"Old Trafford, Manchester",2,5.4,Manchester Originals,Birmingham Phoenix,JC Buttler,JM Clarke,LS Livingstone,1,0,,,,,,,,,
1252671,2021,2021-07-25,"Old Trafford, Manchester",2,5.5,Manchester Originals,Birmingham Phoenix,JM Clarke,JC Buttler,LS Livingstone,1,0,,,,,,,,,
1252671,2021,2021-07-25,"Old Trafford, Manchester",2,6.1,Manchester Originals,Birmingham Phoenix,JM Clarke,JC Buttler,BAC Howell,0,0,,,,,,,,,
1252671,2021,2021-07-25,"Old Trafford, Manchester",2,6.2,Manchester Originals,Birmingham Phoenix,JM Clarke,JC Buttler,BAC Howell,0,0,,,,,,,,,
1252671,2021,2021-07-25,"Old Trafford, Manchester",2,6.3,Manchester Originals,Birmingham Phoenix,JM Clarke,JC Buttler,BAC Howell,0,0,,,,,,bowled,JM Clarke,,
1252671,2021,2021-07-25,"Old Trafford, Manchester",2,6.4,Manchester Originals,Birmingham Phoenix,C Munro,JC Buttler,BAC Howell,4,0,,,,,,,,,
1252671,2021,2021-07-25,"Old Trafford, Manchester",2,6.5,Manchester Originals,Birmingham Phoenix,C Munro,JC Buttler,BAC Howell,1,0,,,,,,,,,
1252671,2021,2021-07-25,"Old Trafford, Manchester",2,7.1,Manchester Originals,Birmingham Phoenix,JC Buttler,C Munro,BAC Howell,0,0,,,,,,,,,
1252671,2021,2021-07-25,"Old Trafford, Manchester",2,7.2,Manchester Originals,Birmingham Phoenix,JC Buttler,C Munro,BAC Howell,1,0,,,,,,,,,
1252671,2021,2021-07-25,"Old Trafford, Manchester",2,7.3,Manchester Originals,Birmingham Phoenix,C Munro,JC Buttler,BAC Howell,1,0,,,,,,,,,
1252671,2021,2021-07-25,"Old Trafford, Manchester",2,7.4,Manchester Originals,Birmingham Phoenix,JC Buttler,C Munro,BAC Howell,1,0,,,,,,,,,
1252671,2021,2021-07-25,"Old Trafford, Manchester",2,7.5,Manchester Originals,Birmingham Phoenix,C Munro,JC Buttler,BAC Howell,1,0,,,,,,,,,
1252671,2021,2021-07-25,"Old Trafford, Manchester",2,8.1,Manchester Originals,Birmingham Phoenix,C Munro,JC Buttler,MM Ali,0,0,,,,,,,,,
1252671,2021,2021-07-25,"Old Trafford, Manchester",2,8.2,Manchester Originals,Birmingham Phoenix,C Munro,JC Buttler,MM Ali,0,0,,,,,,stumped,C Munro,,
1252671,2021,2021-07-25,"Old Trafford, Manchester",2,8.3,Manchester Originals,Birmingham Phoenix,TA Lammonby,JC Buttler,MM Ali,0,0,,,,,,,,,
1252671,2021,2021-07-25,"Old Trafford, Manchester",2,8.4,Manchester Originals,Birmingham Phoenix,TA Lammonby,JC Buttler,MM Ali,0,0,,,,,,,,,
1252671,2021,2021-07-25,"Old Trafford, Manchester",2,8.5,Manchester Originals,Birmingham Phoenix,TA Lammonby,JC Buttler,MM Ali,0,0,,,,,,,,,
1252671,2021,2021-07-25,"Old Trafford, Manchester",2,9.1,Manchester Originals,Birmingham Phoenix,TA Lammonby,JC Buttler,MM Ali,0,0,,,,,,,,,
1252671,2021,2021-07-25,"Old Trafford, Manchester",2,9.2,Manchester Originals,Birmingham Phoenix,TA Lammonby,JC Buttler,MM Ali,0,0,,,,,,,,,
1252671,2021,2021-07-25,"Old Trafford, Manchester",2,9.3,Manchester Originals,Birmingham Phoenix,TA Lammonby,JC Buttler,MM Ali,1,0,,,,,,,,,
1252671,2021,2021-07-25,"Old Trafford, Manchester",2,9.4,Manchester Originals,Birmingham Phoenix,JC Buttler,TA Lammonby,MM Ali,1,0,,,,,,,,,
1252671,2021,2021-07-25,"Old Trafford, Manchester",2,9.5,Manchester Originals,Birmingham Phoenix,TA Lammonby,JC Buttler,MM Ali,1,0,,,,,,,,,
1252671,2021,2021-07-25,"Old Trafford, Manchester",2,10.1,Manchester Originals,Birmingham Phoenix,TA Lammonby,JC Buttler,LS Livingstone,1,0,,,,,,,,,
1252671,2021,2021-07-25,"Old Trafford, Manchester",2,10.2,Manchester Originals,Birmingham Phoenix,JC Buttler,TA Lammonby,LS Livingstone,4,0,,,,,,,,,
1252671,2021,2021-07-25,"Old Trafford, Manchester",2,10.3,Manchester Originals,Birmingham Phoenix,JC Buttler,TA Lammonby,LS Livingstone,1,0,,,,,,,,,
1252671,2021,2021-07-25,"Old Trafford, Manchester",2,10.4,Manchester Originals,Birmingham Phoenix,TA Lammonby,JC Buttler,LS Livingstone,4,0,,,,,,,,,
1252671,2021,2021-07-25,"Old Trafford, Manchester",2,10.5,Manchester Originals,Birmingham Phoenix,TA Lammonby,JC Buttler,LS Livingstone,0,0,,,,,,,,,
1252671,2021,2021-07-25,"Old Trafford, Manchester",2,11.1,Manchester Originals,Birmingham Phoenix,TA Lammonby,JC Buttler,Imran Tahir,1,0,,,,,,,,,
1252671,2021,2021-07-25,"Old Trafford, Manchester",2,11.2,Manchester Originals,Birmingham Phoenix,JC Buttler,TA Lammonby,Imran Tahir,2,0,,,,,,,,,
1252671,2021,2021-07-25,"Old Trafford, Manchester",2,11.3,Manchester Originals,Birmingham Phoenix,JC Buttler,TA Lammonby,Imran Tahir,1,0,,,,,,,,,
1252671,2021,2021-07-25,"Old Trafford, Manchester",2,11.4,Manchester Originals,Birmingham Phoenix,TA Lammonby,JC Buttler,Imran Tahir,1,0,,,,,,,,,
1252671,2021,2021-07-25,"Old Trafford, Manchester",2,11.5,Manchester Originals,Birmingham Phoenix,JC Buttler,TA Lammonby,Imran Tahir,1,0,,,,,,,,,
1252671,2021,2021-07-25,"Old Trafford, Manchester",2,12.1,Manchester Originals,Birmingham Phoenix,JC Buttler,TA Lammonby,MM Ali,1,0,,,,,,,,,
1252671,2021,2021-07-25,"Old Trafford, Manchester",2,12.2,Manchester Originals,Birmingham Phoenix,TA Lammonby,JC Buttler,MM Ali,1,0,,,,,,,,,
1252671,2021,2021-07-25,"Old Trafford, Manchester",2,12.3,Manchester Originals,Birmingham Phoenix,JC Buttler,TA Lammonby,MM Ali,0,0,,,,,,,,,
1252671,2021,2021-07-25,"Old Trafford, Manchester",2,12.4,Manchester Originals,Birmingham Phoenix,JC Buttler,TA Lammonby,MM Ali,0,0,,,,,,,,,
1252671,2021,2021-07-25,"Old Trafford, Manchester",2,12.5,Manchester Originals,Birmingham Phoenix,JC Buttler,TA Lammonby,MM Ali,0,0,,,,,,,,,
1252671,2021,2021-07-25,"Old Trafford, Manchester",2,13.1,Manchester Originals,Birmingham Phoenix,JC Buttler,TA Lammonby,BAC Howell,0,0,,,,,,,,,
1252671,2021,2021-07-25,"Old Trafford, Manchester",2,13.2,Manchester Originals,Birmingham Phoenix,JC Buttler,TA Lammonby,BAC Howell,0,0,,,,,,,,,
1252671,2021,2021-07-25,"Old Trafford, Manchester",2,13.3,Manchester Originals,Birmingham Phoenix,JC Buttler,TA Lammonby,BAC Howell,1,0,,,,,,,,,
1252671,2021,2021-07-25,"Old Trafford, Manchester",2,13.4,Manchester Originals,Birmingham Phoenix,TA Lammonby,JC Buttler,BAC Howell,4,0,,,,,,,,,
1252671,2021,2021-07-25,"Old Trafford, Manchester",2,13.5,Manchester Originals,Birmingham Phoenix,TA Lammonby,JC Buttler,BAC Howell,2,0,,,,,,,,,
1252671,2021,2021-07-25,"Old Trafford, Manchester",2,14.1,Manchester Originals,Birmingham Phoenix,JC Buttler,TA Lammonby,LS Livingstone,0,0,,,,,,bowled,JC Buttler,,
1252671,2021,2021-07-25,"Old Trafford, Manchester",2,14.2,Manchester Originals,Birmingham Phoenix,CR Brathwaite,TA Lammonby,LS Livingstone,0,0,,,,,,,,,
1252671,2021,2021-07-25,"Old Trafford, Manchester",2,14.3,Manchester Originals,Birmingham Phoenix,CR Brathwaite,TA Lammonby,LS Livingstone,4,0,,,,,,,,,
