match_id,season,start_date,venue,innings,ball,batting_team,bowling_team,striker,non_striker,bowler,runs_off_bat,extras,wides,noballs,byes,legbyes,penalty,wicket_type,player_dismissed,other_wicket_type,other_player_dismissed
1252685,2021,2021-08-06,"Sophia Gardens, Cardiff",1,0.1,Welsh Fire,Trent Rockets,T Banton,IA Cockbain,L Wood,0,0,,,,,,,,,
1252685,2021,2021-08-06,"Sophia Gardens, Cardiff",1,0.2,Welsh Fire,Trent Rockets,T Banton,IA Cockbain,L Wood,0,0,,,,,,,,,
1252685,2021,2021-08-06,"Sophia Gardens, Cardiff",1,0.3,Welsh Fire,Trent Rockets,T Banton,IA Cockbain,L Wood,1,0,,,,,,,,,
1252685,2021,2021-08-06,"Sophia Gardens, Cardiff",1,0.4,Welsh Fire,Trent Rockets,IA Cockbain,T Banton,L Wood,0,0,,,,,,,,,
1252685,2021,2021-08-06,"Sophia Gardens, Cardiff",1,0.5,Welsh Fire,Trent Rockets,IA Cockbain,T Banton,L Wood,0,0,,,,,,,,,
1252685,2021,2021-08-06,"Sophia Gardens, Cardiff",1,1.1,Welsh Fire,Trent Rockets,IA Cockbain,T Banton,M Carter,4,0,,,,,,,,,
1252685,2021,2021-08-06,"Sophia Gardens, Cardiff",1,1.2,Welsh Fire,Trent Rockets,IA Cockbain,T Banton,M Carter,0,0,,,,,,,,,
1252685,2021,2021-08-06,"Sophia Gardens, Cardiff",1,1.3,Welsh Fire,Trent Rockets,IA Cockbain,T Banton,M Carter,2,0,,,,,,,,,
1252685,2021,2021-08-06,"Sophia Gardens, Cardiff",1,1.4,Welsh Fire,Trent Rockets,IA Cockbain,T Banton,M Carter,1,0,,,,,,,,,
1252685,2021,2021-08-06,"Sophia Gardens, Cardiff",1,1.5,Welsh Fire,Trent Rockets,T Banton,IA Cockbain,M Carter,0,0,,,,,,,,,
1252685,2021,2021-08-06,"Sophia Gardens, Cardiff",1,2.1,Welsh Fire,Trent Rockets,IA Cockbain,T Banton,Wahab Riaz,1,0,,,,,,,,,
1252685,2021,2021-08-06,"Sophia Gardens, Cardiff",1,2.2,Welsh Fire,Trent Rockets,T Banton,IA Cockbain,Wahab Riaz,4,0,,,,,,,,,
1252685,2021,2021-08-06,"Sophia Gardens, Cardiff",1,2.3,Welsh Fire,Trent Rockets,T Banton,IA Cockbain,Wahab Riaz,0,0,,,,,,caught,T Banton,,
1252685,2021,2021-08-06,"Sophia Gardens, Cardiff",1,2.4,Welsh Fire,Trent Rockets,BM Duckett,IA Cockbain,Wahab Riaz,1,0,,,,,,,,,
1252685,2021,2021-08-06,"Sophia Gardens, Cardiff",1,2.5,Welsh Fire,Trent Rockets,IA Cockbain,BM Duckett,Wahab Riaz,2,0,,,,,,,,,
1252685,2021,2021-08-06,"Sophia Gardens, Cardiff",1,3.1,Welsh Fire,Trent Rockets,IA Cockbain,BM Duckett,L Wood,2,0,,,,,,,,,
1252685,2021,2021-08-06,"Sophia Gardens, Cardiff",1,3.2,Welsh Fire,Trent Rockets,IA Cockbain,BM Duckett,L Wood,0,6,,2,4,,,,,,
1252685,2021,2021-08-06,"Sophia Gardens, Cardiff",1,3.3,Welsh Fire,Trent Rockets,IA Cockbain,BM Duckett,L Wood,0,0,,,,,,,,,
1252685,2021,2021-08-06,"Sophia Gardens, Cardiff",1,3.4,Welsh Fire,Trent Rockets,IA Cockbain,BM Duckett,L Wood,4,0,,,,,,,,,
1252685,2021,2021-08-06,"Sophia Gardens, Cardiff",1,3.5,Welsh Fire,Trent Rockets,IA Cockbain,BM Duckett,L Wood,0,0,,,,,,bowled,IA Cockbain,,
1252685,2021,2021-08-06,"Sophia Gardens, Cardiff",1,3.6,Welsh Fire,Trent Rockets,GD Phillips,BM Duckett,L Wood,0,0,,,,,,,,,
1252685,2021,2021-08-06,"Sophia Gardens, Cardiff",1,4.1,Welsh Fire,Trent Rockets,BM Duckett,GD Phillips,M Carter,1,0,,,,,,,,,
1252685,2021,2021-08-06,"Sophia Gardens, Cardiff",1,4.2,Welsh Fire,Trent Rockets,GD Phillips,BM Duckett,M Carter,0,0,,,,,,,,,
1252685,2021,2021-08-06,"Sophia Gardens, Cardiff",1,4.3,Welsh Fire,Trent Rockets,GD Phillips,BM Duckett,M Carter,1,0,,,,,,,,,
1252685,2021,2021-08-06,"Sophia Gardens, Cardiff",1,4.4,Welsh Fire,Trent Rockets,BM Duckett,GD Phillips,M Carter,0,0,,,,,,,,,
1252685,2021,2021-08-06,"Sophia Gardens, Cardiff",1,4.5,Welsh Fire,Trent Rockets,BM Duckett,GD Phillips,M Carter,1,0,,,,,,,,,
1252685,2021,2021-08-06,"Sophia Gardens, Cardiff",1,5.1,Welsh Fire,Trent Rockets,GD Phillips,BM Duckett,SJ Mullaney,0,0,,,,,,,,,
1252685,2021,2021-08-06,"Sophia Gardens, Cardiff",1,5.2,Welsh Fire,Trent Rockets,GD Phillips,BM Duckett,SJ Mullaney,1,0,,,,,,,,,
1252685,2021,2021-08-06,"Sophia Gardens, Cardiff",1,5.3,Welsh Fire,Trent Rockets,BM Duckett,GD Phillips,SJ Mullaney,1,0,,,,,,,,,
1252685,2021,2021-08-06,"Sophia Gardens, Cardiff",1,5.4,Welsh Fire,Trent Rockets,GD Phillips,BM Duckett,SJ Mullaney,1,0,,,,,,,,,
1252685,2021,2021-08-06,"Sophia Gardens, Cardiff",1,5.5,Welsh Fire,Trent Rockets,BM Duckett,GD Phillips,SJ Mullaney,1,0,,,,,,,,,
1252685,2021,2021-08-06,"Sophia Gardens, Cardiff",1,6.1,Welsh Fire,Trent Rockets,BM Duckett,GD Phillips,Rashid Khan,2,0,,,,,,,,,
1252685,2021,2021-08-06,"Sophia Gardens, Cardiff",1,6.2,Welsh Fire,Trent Rockets,BM Duckett,GD Phillips,Rashid Khan,0,0,,,,,,,,,
1252685,2021,2021-08-06,"Sophia Gardens, Cardiff",1,6.3,Welsh Fire,Trent Rockets,BM Duckett,GD Phillips,Rashid Khan,1,0,,,,,,,,,
1252685,2021,2021-08-06,"Sophia Gardens, Cardiff",1,6.4,Welsh Fire,Trent Rockets,GD Phillips,BM Duckett,Rashid Khan,1,0,,,,,,,,,
1252685,2021,2021-08-06,"Sophia Gardens, Cardiff",1,6.5,Welsh Fire,Trent Rockets,BM Duckett,GD Phillips,Rashid Khan,0,5,5,,,,,,,,
1252685,2021,2021-08-06,"Sophia Gardens, Cardiff",1,6.6,Welsh Fire,Trent Rockets,BM Duckett,GD Phillips,Rashid Khan,2,0,,,,,,,,,
1252685,2021,2021-08-06,"Sophia Gardens, Cardiff",1,7.1,Welsh Fire,Trent Rockets,BM Duckett,GD Phillips,SR Patel,1,0,,,,,,,,,
1252685,2021,2021-08-06,"Sophia Gardens, Cardiff",1,7.2,Welsh Fire,Trent Rockets,GD Phillips,BM Duckett,SR Patel,0,0,,,,,,,,,
1252685,2021,2021-08-06,"Sophia Gardens, Cardiff",1,7.3,Welsh Fire,Trent Rockets,GD Phillips,BM Duckett,SR Patel,4,0,,,,,,,,,
1252685,2021,2021-08-06,"Sophia Gardens, Cardiff",1,7.4,Welsh Fire,Trent Rockets,GD Phillips,BM Duckett,SR Patel,1,0,,,,,,,,,
1252685,2021,2021-08-06,"Sophia Gardens, Cardiff",1,7.5,Welsh Fire,Trent Rockets,BM Duckett,GD Phillips,SR Patel,1,0,,,,,,,,,
1252685,2021,2021-08-06,"Sophia Gardens, Cardiff",1,8.1,Welsh Fire,Trent Rockets,BM Duckett,GD Phillips,SJ Mullaney,0,0,,,,,,caught,BM Duckett,,
1252685,2021,2021-08-06,"Sophia Gardens, Cardiff",1,8.2,Welsh Fire,Trent Rockets,JL du Plooy,GD Phillips,SJ Mullaney,2,0,,,,,,,,,
1252685,2021,2021-08-06,"Sophia Gardens, Cardiff",1,8.3,Welsh Fire,Trent Rockets,JL du Plooy,GD Phillips,SJ Mullaney,1,0,,,,,,,,,
1252685,2021,2021-08-06,"Sophia Gardens, Cardiff",1,8.4,Welsh Fire,Trent Rockets,GD Phillips,JL du Plooy,SJ Mullaney,2,0,,,,,,,,,
1252685,2021,2021-08-06,"Sophia Gardens, Cardiff",1,8.5,Welsh Fire,Trent Rockets,GD Phillips,JL du Plooy,SJ Mullaney,0,0,,,,,,,,,
1252685,2021,2021-08-06,"Sophia Gardens, Cardiff",1,9.1,Welsh Fire,Trent Rockets,GD Phillips,JL du Plooy,SR Patel,1,0,,,,,,,,,
1252685,2021,2021-08-06,"Sophia Gardens, Cardiff",1,9.2,Welsh Fire,Trent Rockets,JL du Plooy,GD Phillips,SR Patel,1,0,,,,,,,,,
1252685,2021,2021-08-06,"Sophia Gardens, Cardiff",1,9.3,Welsh Fire,Trent Rockets,GD Phillips,JL du Plooy,SR Patel,0,1,1,,,,,,,,
1252685,2021,2021-08-06,"Sophia Gardens, Cardiff",1,9.4,Welsh Fire,Trent Rockets,GD Phillips,JL du Plooy,SR Patel,0,1,,,,1,,,,,
1252685,2021,2021-08-06,"Sophia Gardens, Cardiff",1,9.5,Welsh Fire,Trent Rockets,JL du Plooy,GD Phillips,SR Patel,1,0,,,,,,,,,
1252685,2021,2021-08-06,"Sophia Gardens, Cardiff",1,9.6,Welsh Fire,Trent Rockets,GD Phillips,JL du Plooy,SR Patel,0,0,,,,,,,,,
1252685,2021,2021-08-06,"Sophia Gardens, Cardiff",1,10.1,Welsh Fire,Trent Rockets,JL du Plooy,GD Phillips,Wahab Riaz,0,0,,,,,,,,,
1252685,2021,2021-08-06,"Sophia Gardens, Cardiff",1,10.2,Welsh Fire,Trent Rockets,JL du Plooy,GD Phillips,Wahab Riaz,6,0,,,,,,,,,
1252685,2021,2021-08-06,"Sophia Gardens, Cardiff",1,10.3,Welsh Fire,Trent Rockets,JL du Plooy,GD Phillips,Wahab Riaz,1,0,,,,,,,,,
1252685,2021,2021-08-06,"Sophia Gardens, Cardiff",1,10.4,Welsh Fire,Trent Rockets,GD Phillips,JL du Plooy,Wahab Riaz,0,0,,,,,,,,,
1252685,2021,2021-08-06,"Sophia Gardens, Cardiff",1,10.5,Welsh Fire,Trent Rockets,GD Phillips,JL du Plooy,Wahab Riaz,4,0,,,,,,,,,
1252685,2021,2021-08-06,"Sophia Gardens, Cardiff",1,11.1,Welsh Fire,Trent Rockets,GD Phillips,JL du Plooy,Rashid Khan,1,0,,,,,,,,,
1252685,2021,2021-08-06,"Sophia Gardens, Cardiff",1,11.2,Welsh Fire,Trent Rockets,JL du Plooy,GD Phillips,Rashid Khan,1,0,,,,,,,,,
1252685,2021,2021-08-06,"Sophia Gardens, Cardiff",1,11.3,Welsh Fire,Trent Rockets,GD Phillips,JL du Plooy,Rashid Khan,0,0,,,,,,,,,
1252685,2021,2021-08-06,"Sophia Gardens, Cardiff",1,11.4,Welsh Fire,Trent Rockets,GD Phillips,JL du Plooy,Rashid Khan,1,0,,,,,,,,,
1252685,2021,2021-08-06,"Sophia Gardens, Cardiff",1,11.5,Welsh Fire,Trent Rockets,JL du Plooy,GD Phillips,Rashid Khan,1,0,,,,,,,,,
1252685,2021,2021-08-06,"Sophia Gardens, Cardiff",1,12.1,Welsh Fire,Trent Rockets,JL du Plooy,GD Phillips,M Carter,2,0,,,,,,,,,
1252685,2021,2021-08-06,"Sophia Gardens, Cardiff",1,12.2,Welsh Fire,Trent Rockets,JL du Plooy,GD Phillips,M Carter,1,0,,,,,,,,,
1252685,2021,2021-08-06,"Sophia Gardens, Cardiff",1,12.3,Welsh Fire,Trent Rockets,GD Phillips,JL du Plooy,M Carter,4,0,,,,,,,,,
1252685,2021,2021-08-06,"Sophia Gardens, Cardiff",1,12.4,Welsh Fire,Trent Rockets,GD Phillips,JL du Plooy,M Carter,1,0,,,,,,,,,
1252685,2021,2021-08-06,"Sophia Gardens, Cardiff",1,12.5,Welsh Fire,Trent Rockets,JL du Plooy,GD Phillips,M Carter,1,0,,,,,,,,,
1252685,2021,2021-08-06,"Sophia Gardens, Cardiff",1,13.1,Welsh Fire,Trent Rockets,GD Phillips,JL du Plooy,SJ Mullaney,6,0,,,,,,,,,
1252685,2021,2021-08-06,"Sophia Gardens, Cardiff",1,13.2,Welsh Fire,Trent Rockets,GD Phillips,JL du Plooy,SJ Mullaney,4,0,,,,,,,,,
1252685,2021,2021-08-06,"Sophia Gardens, Cardiff",1,13.3,Welsh Fire,Trent Rockets,GD Phillips,JL du Plooy,SJ Mullaney,1,0,,,,,,,,,
1252685,2021,2021-08-06,"Sophia Gardens, Cardiff",1,13.4,Welsh Fire,Trent Rockets,JL du Plooy,GD Phillips,SJ Mullaney,0,0,,,,,,,,,
1252685,2021,2021-08-06,"Sophia Gardens, Cardiff",1,13.5,Welsh Fire,Trent Rockets,JL du Plooy,GD Phillips,SJ Mullaney,2,0,,,,,,,,,
1252685,2021,2021-08-06,"Sophia Gardens, Cardiff",1,14.1,Welsh Fire,Trent Rockets,GD Phillips,JL du Plooy,Rashid Khan,2,0,,,,,,,,,
1252685,2021,2021-08-06,"Sophia Gardens, Cardiff",1,14.2,Welsh Fire,Trent Rockets,GD Phillips,JL du Plooy,Rashid Khan,1,0,,,,,,,,,
1252685,2021,2021-08-06,"Sophia Gardens, Cardiff",1,14.3,Welsh Fire,Trent Rockets,JL du Plooy,GD Phillips,Rashid Khan,1,0,,,,,,,,,
1252685,2021,2021-08-06,"Sophia Gardens, Cardiff",1,14.4,Welsh Fire,Trent Rockets,GD Phillips,JL du Plooy,Rashid Khan,2,0,,,,,,,,,
1252685,2021,2021-08-06,"Sophia Gardens, Cardiff",1,14.5,Welsh Fire,Trent Rockets,GD Phillips,JL du Plooy,Rashid Khan,2,0,,,,,,,,,
1252685,2021,2021-08-06,"Sophia Gardens, Cardiff",1,15.1,Welsh Fire,Trent Rockets,GD Phillips,JL du Plooy,L Wood,1,0,,,,,,,,,
1252685,2021,2021-08-06,"Sophia Gardens, Cardiff",1,15.2,Welsh Fire,Trent Rockets,JL du Plooy,GD Phillips,L Wood,1,0,,,,,,,,,
1252685,2021,2021-08-06,"Sophia Gardens, Cardiff",1,15.3,Welsh Fire,Trent Rockets,GD Phillips,JL du Plooy,L Wood,1,0,,,,,,,,,
1252685,2021,2021-08-06,"Sophia Gardens, Cardiff",1,15.4,Welsh Fire,Trent Rockets,JL du Plooy,GD Phillips,L Wood,1,0,,,,,,,,,
1252685,2021,2021-08-06,"Sophia Gardens, Cardiff",1,15.5,Welsh Fire,Trent Rockets,GD Phillips,JL du Plooy,L Wood,6,0,,,,,,,,,
1252685,2021,2021-08-06,"Sophia Gardens, Cardiff",1,16.1,Welsh Fire,Trent Rockets,JL du Plooy,GD Phillips,Rashid Khan,4,0,,,,,,,,,
1252685,2021,2021-08-06,"Sophia Gardens, Cardiff",1,16.2,Welsh Fire,Trent Rockets,JL du Plooy,GD Phillips,Rashid Khan,0,0,,,,,,,,,
1252685,2021,2021-08-06,"Sophia Gardens, Cardiff",1,16.3,Welsh Fire,Trent Rockets,JL du Plooy,GD Phillips,Rashid Khan,1,0,,,,,,,,,
1252685,2021,2021-08-06,"Sophia Gardens, Cardiff",1,16.4,Welsh Fire,Trent Rockets,GD Phillips,JL du Plooy,Rashid Khan,0,0,,,,,,,,,
1252685,2021,2021-08-06,"Sophia Gardens, Cardiff",1,16.5,Welsh Fire,Trent Rockets,GD Phillips,JL du Plooy,Rashid Khan,1,0,,,,,,,,,
1252685,2021,2021-08-06,"Sophia Gardens, Cardiff",1,17.1,Welsh Fire,Trent Rockets,JL du Plooy,GD Phillips,M Carter,1,0,,,,,,,,,
1252685,2021,2021-08-06,"Sophia Gardens, Cardiff",1,17.2,Welsh Fire,Trent Rockets,GD Phillips,JL du Plooy,M Carter,0,0,,,,,,caught,GD Phillips,,
1252685,2021,2021-08-06,"Sophia Gardens, Cardiff",1,17.3,Welsh Fire,Trent Rockets,JDS Neesham,JL du Plooy,M Carter,1,0,,,,,,,,,
1252685,2021,2021-08-06,"Sophia Gardens, Cardiff",1,17.4,Welsh Fire,Trent Rockets,JL du Plooy,JDS Neesham,M Carter,1,0,,,,,,,,,
1252685,2021,2021-08-06,"Sophia Gardens, Cardiff",1,17.5,Welsh Fire,Trent Rockets,JDS Neesham,JL du Plooy,M Carter,1,0,,,,,,,,,
1252685,2021,2021-08-06,"Sophia Gardens, Cardiff",1,18.1,Welsh Fire,Trent Rockets,JDS Neesham,JL du Plooy,Wahab Riaz,2,0,,,,,,,,,
1252685,2021,2021-08-06,"Sophia Gardens, Cardiff",1,18.2,Welsh Fire,Trent Rockets,JDS Neesham,JL du Plooy,Wahab Riaz,0,0,,,,,,bowled,JDS Neesham,,
1252685,2021,2021-08-06,"Sophia Gardens, Cardiff",1,18.3,Welsh Fire,Trent Rockets,GG White,JL du Plooy,Wahab Riaz,0,0,,,,,,,,,
1252685,2021,2021-08-06,"Sophia Gardens, Cardiff",1,18.4,Welsh Fire,Trent Rockets,GG White,JL du Plooy,Wahab Riaz,2,0,,,,,,run out,JL du Plooy,,
1252685,2021,2021-08-06,"Sophia Gardens, Cardiff",1,18.5,Welsh Fire,Trent Rockets,Qais Ahmad,GG White,Wahab Riaz,1,0,,,,,,,,,
1252685,2021,2021-08-06,"Sophia Gardens, Cardiff",1,19.1,Welsh Fire,Trent Rockets,GG White,Qais Ahmad,Wahab Riaz,1,0,,,,,,,,,
1252685,2021,2021-08-06,"Sophia Gardens, Cardiff",1,19.2,Welsh Fire,Trent Rockets,Qais Ahmad,GG White,Wahab Riaz,0,0,,,,,,caught,Qais Ahmad,,
1252685,2021,2021-08-06,"Sophia Gardens, Cardiff",1,19.3,Welsh Fire,Trent Rockets,LJ Fletcher,GG White,Wahab Riaz,4,0,,,,,,,,,
1252685,2021,2021-08-06,"Sophia Gardens, Cardiff",1,19.4,Welsh Fire,Trent Rockets,LJ Fletcher,GG White,Wahab Riaz,0,0,,,,,,bowled,LJ Fletcher,,
1252685,2021,2021-08-06,"Sophia Gardens, Cardiff",1,19.5,Welsh Fire,Trent Rockets,ME Milnes,GG White,Wahab Riaz,1,0,,,,,,,,,
1252685,2021,2021-08-06,"Sophia Gardens, Cardiff",2,0.1,Trent Rockets,Welsh Fire,DJM Short,AD Hales,LJ Fletcher,0,0,,,,,,,,,
1252685,2021,2021-08-06,"Sophia Gardens, Cardiff",2,0.2,Trent Rockets,Welsh Fire,DJM Short,AD Hales,LJ Fletcher,4,0,,,,,,,,,
1252685,2021,2021-08-06,"Sophia Gardens, Cardiff",2,0.3,Trent Rockets,Welsh Fire,DJM Short,AD Hales,LJ Fletcher,1,0,,,,,,,,,
1252685,2021,2021-08-06,"Sophia Gardens, Cardiff",2,0.4,Trent Rockets,Welsh Fire,AD Hales,DJM Short,LJ Fletcher,0,0,,,,,,,,,
1252685,2021,2021-08-06,"Sophia Gardens, Cardiff",2,0.5,Trent Rockets,Welsh Fire,AD Hales,DJM Short,LJ Fletcher,1,0,,,,,,,,,
1252685,2021,2021-08-06,"Sophia Gardens, Cardiff",2,1.1,Trent Rockets,Welsh Fire,DJM Short,AD Hales,DA Payne,0,0,,,,,,,,,
1252685,2021,2021-08-06,"Sophia Gardens, Cardiff",2,1.2,Trent Rockets,Welsh Fire,DJM Short,AD Hales,DA Payne,0,0,,,,,,,,,
1252685,2021,2021-08-06,"Sophia Gardens, Cardiff",2,1.3,Trent Rockets,Welsh Fire,DJM Short,AD Hales,DA Payne,1,0,,,,,,,,,
1252685,2021,2021-08-06,"Sophia Gardens, Cardiff",2,1.4,Trent Rockets,Welsh Fire,AD Hales,DJM Short,DA Payne,4,0,,,,,,,,,
1252685,2021,2021-08-06,"Sophia Gardens, Cardiff",2,1.5,Trent Rockets,Welsh Fire,AD Hales,DJM Short,DA Payne,4,0,,,,,,,,,
1252685,2021,2021-08-06,"Sophia Gardens, Cardiff",2,2.1,Trent Rockets,Welsh Fire,DJM Short,AD Hales,ME Milnes,0,0,,,,,,,,,
1252685,2021,2021-08-06,"Sophia Gardens, Cardiff",2,2.2,Trent Rockets,Welsh Fire,DJM Short,AD Hales,ME Milnes,1,0,,,,,,,,,
1252685,2021,2021-08-06,"Sophia Gardens, Cardiff",2,2.3,Trent Rockets,Welsh Fire,AD Hales,DJM Short,ME Milnes,0,0,,,,,,,,,
1252685,2021,2021-08-06,"Sophia Gardens, Cardiff",2,2.4,Trent Rockets,Welsh Fire,AD Hales,DJM Short,ME Milnes,1,0,,,,,,,,,
1252685,2021,2021-08-06,"Sophia Gardens, Cardiff",2,2.5,Trent Rockets,Welsh Fire,DJM Short,AD Hales,ME Milnes,0,0,,,,,,caught,DJM Short,,
1252685,2021,2021-08-06,"Sophia Gardens, Cardiff",2,3.1,Trent Rockets,Welsh Fire,DJ Malan,AD Hales,LJ Fletcher,4,0,,,,,,,,,
1252685,2021,2021-08-06,"Sophia Gardens, Cardiff",2,3.2,Trent Rockets,Welsh Fire,DJ Malan,AD Hales,LJ Fletcher,1,0,,,,,,,,,
1252685,2021,2021-08-06,"Sophia Gardens, Cardiff",2,3.3,Trent Rockets,Welsh Fire,AD Hales,DJ Malan,LJ Fletcher,2,0,,,,,,,,,
1252685,2021,2021-08-06,"Sophia Gardens, Cardiff",2,3.4,Trent Rockets,Welsh Fire,AD Hales,DJ Malan,LJ Fletcher,1,0,,,,,,,,,
1252685,2021,2021-08-06,"Sophia Gardens, Cardiff",2,3.5,Trent Rockets,Welsh Fire,DJ Malan,AD Hales,LJ Fletcher,0,0,,,,,,,,,
1252685,2021,2021-08-06,"Sophia Gardens, Cardiff",2,4.1,Trent Rockets,Welsh Fire,AD Hales,DJ Malan,ME Milnes,0,0,,,,,,,,,
1252685,2021,2021-08-06,"Sophia Gardens, Cardiff",2,4.2,Trent Rockets,Welsh Fire,AD Hales,DJ Malan,ME Milnes,1,0,,,,,,,,,
1252685,2021,2021-08-06,"Sophia Gardens, Cardiff",2,4.3,Trent Rockets,Welsh Fire,DJ Malan,AD Hales,ME Milnes,0,0,,,,,,,,,
1252685,2021,2021-08-06,"Sophia Gardens, Cardiff",2,4.4,Trent Rockets,Welsh Fire,DJ Malan,AD Hales,ME Milnes,2,0,,,,,,,,,
1252685,2021,2021-08-06,"Sophia Gardens, Cardiff",2,4.5,Trent Rockets,Welsh Fire,DJ Malan,AD Hales,ME Milnes,2,0,,,,,,,,,
1252685,2021,2021-08-06,"Sophia Gardens, Cardiff",2,5.1,Trent Rockets,Welsh Fire,DJ Malan,AD Hales,Qais Ahmad,0,1,1,,,,,,,,
1252685,2021,2021-08-06,"Sophia Gardens, Cardiff",2,5.2,Trent Rockets,Welsh Fire,DJ Malan,AD Hales,Qais Ahmad,4,0,,,,,,,,,
1252685,2021,2021-08-06,"Sophia Gardens, Cardiff",2,5.3,Trent Rockets,Welsh Fire,DJ Malan,AD Hales,Qais Ahmad,4,0,,,,,,,,,
1252685,2021,2021-08-06,"Sophia Gardens, Cardiff",2,5.4,Trent Rockets,Welsh Fire,DJ Malan,AD Hales,Qais Ahmad,1,0,,,,,,,,,
1252685,2021,2021-08-06,"Sophia Gardens, Cardiff",2,5.5,Trent Rockets,Welsh Fire,AD Hales,DJ Malan,Qais Ahmad,0,0,,,,,,,,,
1252685,2021,2021-08-06,"Sophia Gardens, Cardiff",2,5.6,Trent Rockets,Welsh Fire,AD Hales,DJ Malan,Qais Ahmad,1,0,,,,,,,,,
1252685,2021,2021-08-06,"Sophia Gardens, Cardiff",2,6.1,Trent Rockets,Welsh Fire,AD Hales,DJ Malan,GG White,1,0,,,,,,,,,
1252685,2021,2021-08-06,"Sophia Gardens, Cardiff",2,6.2,Trent Rockets,Welsh Fire,DJ Malan,AD Hales,GG White,1,0,,,,,,,,,
1252685,2021,2021-08-06,"Sophia Gardens, Cardiff",2,6.3,Trent Rockets,Welsh Fire,AD Hales,DJ Malan,GG White,1,0,,,,,,,,,
1252685,2021,2021-08-06,"Sophia Gardens, Cardiff",2,6.4,Trent Rockets,Welsh Fire,DJ Malan,AD Hales,GG White,1,0,,,,,,,,,
1252685,2021,2021-08-06,"Sophia Gardens, Cardiff",2,6.5,Trent Rockets,Welsh Fire,AD Hales,DJ Malan,GG White,0,0,,,,,,,,,
1252685,2021,2021-08-06,"Sophia Gardens, Cardiff",2,7.1,Trent Rockets,Welsh Fire,AD Hales,DJ Malan,Qais Ahmad,4,0,,,,,,,,,
1252685,2021,2021-08-06,"Sophia Gardens, Cardiff",2,7.2,Trent Rockets,Welsh Fire,AD Hales,DJ Malan,Qais Ahmad,1,0,,,,,,,,,
1252685,2021,2021-08-06,"Sophia Gardens, Cardiff",2,7.3,Trent Rockets,Welsh Fire,DJ Malan,AD Hales,Qais Ahmad,0,0,,,,,,caught,DJ Malan,,
1252685,2021,2021-08-06,"Sophia Gardens, Cardiff",2,7.4,Trent Rockets,Welsh Fire,SJ Mullaney,AD Hales,Qais Ahmad,0,0,,,,,,,,,
1252685,2021,2021-08-06,"Sophia Gardens, Cardiff",2,7.5,Trent Rockets,Welsh Fire,SJ Mullaney,AD Hales,Qais Ahmad,1,0,,,,,,,,,
1252685,2021,2021-08-06,"Sophia Gardens, Cardiff",2,8.1,Trent Rockets,Welsh Fire,SJ Mullaney,AD Hales,GG White,1,0,,,,,,,,,
1252685,2021,2021-08-06,"Sophia Gardens, Cardiff",2,8.2,Trent Rockets,Welsh Fire,AD Hales,SJ Mullaney,GG White,1,0,,,,,,,,,
1252685,2021,2021-08-06,"Sophia Gardens, Cardiff",2,8.3,Trent Rockets,Welsh Fire,SJ Mullaney,AD Hales,GG White,2,0,,,,,,,,,
1252685,2021,2021-08-06,"Sophia Gardens, Cardiff",2,8.4,Trent Rockets,Welsh Fire,SJ Mullaney,AD Hales,GG White,6,0,,,,,,,,,
1252685,2021,2021-08-06,"Sophia Gardens, Cardiff",2,8.5,Trent Rockets,Welsh Fire,SJ Mullaney,AD Hales,GG White,1,0,,,,,,,,,
1252685,2021,2021-08-06,"Sophia Gardens, Cardiff",2,9.1,Trent Rockets,Welsh Fire,AD Hales,SJ Mullaney,DA Payne,0,0,,,,,,,,,
1252685,2021,2021-08-06,"Sophia Gardens, Cardiff",2,9.2,Trent Rockets,Welsh Fire,AD Hales,SJ Mullaney,DA Payne,1,0,,,,,,,,,
1252685,2021,2021-08-06,"Sophia Gardens, Cardiff",2,9.3,Trent Rockets,Welsh Fire,SJ Mullaney,AD Hales,DA Payne,0,0,,,,,,,,,
1252685,2021,2021-08-06,"Sophia Gardens, Cardiff",2,9.4,Trent Rockets,Welsh Fire,SJ Mullaney,AD Hales,DA Payne,0,0,,,,,,caught,SJ Mullaney,,
1252685,2021,2021-08-06,"Sophia Gardens, Cardiff",2,9.5,Trent Rockets,Welsh Fire,SR Patel,AD Hales,DA Payne,3,0,,,,,,,,,
1252685,2021,2021-08-06,"Sophia Gardens, Cardiff",2,10.1,Trent Rockets,Welsh Fire,SR Patel,AD Hales,GG White,1,0,,,,,,,,,
1252685,2021,2021-08-06,"Sophia Gardens, Cardiff",2,10.2,Trent Rockets,Welsh Fire,AD Hales,SR Patel,GG White,0,0,,,,,,,,,
1252685,2021,2021-08-06,"Sophia Gardens, Cardiff",2,10.3,Trent Rockets,Welsh Fire,AD Hales,SR Patel,GG White,1,0,,,,,,,,,
1252685,2021,2021-08-06,"Sophia Gardens, Cardiff",2,10.4,Trent Rockets,Welsh Fire,SR Patel,AD Hales,GG White,1,0,,,,,,,,,
1252685,2021,2021-08-06,"Sophia Gardens, Cardiff",2,10.5,Trent Rockets,Welsh Fire,AD Hales,SR Patel,GG White,0,0,,,,,,,,,
1252685,2021,2021-08-06,"Sophia Gardens, Cardiff",2,11.1,Trent Rockets,Welsh Fire,AD Hales,SR Patel,Qais Ahmad,1,0,,,,,,,,,
1252685,2021,2021-08-06,"Sophia Gardens, Cardiff",2,11.2,Trent Rockets,Welsh Fire,SR Patel,AD Hales,Qais Ahmad,1,0,,,,,,,,,
1252685,2021,2021-08-06,"Sophia Gardens, Cardiff",2,11.3,Trent Rockets,Welsh Fire,AD Hales,SR Patel,Qais Ahmad,0,0,,,,,,caught,AD Hales,,
1252685,2021,2021-08-06,"Sophia Gardens, Cardiff",2,11.4,Trent Rockets,Welsh Fire,L Gregory,SR Patel,Qais Ahmad,0,0,,,,,,,,,
1252685,2021,2021-08-06,"Sophia Gardens, Cardiff",2,11.5,Trent Rockets,Welsh Fire,L Gregory,SR Patel,Qais Ahmad,0,0,,,,,,,,,
1252685,2021,2021-08-06,"Sophia Gardens, Cardiff",2,12.1,Trent Rockets,Welsh Fire,SR Patel,L Gregory,GG White,0,1,,,,1,,,,,
1252685,2021,2021-08-06,"Sophia Gardens, Cardiff",2,12.2,Trent Rockets,Welsh Fire,L Gregory,SR Patel,GG White,0,0,,,,,,,,,
1252685,2021,2021-08-06,"Sophia Gardens, Cardiff",2,12.3,Trent Rockets,Welsh Fire,L Gregory,SR Patel,GG White,1,0,,,,,,,,,
1252685,2021,2021-08-06,"Sophia Gardens, Cardiff",2,12.4,Trent Rockets,Welsh Fire,SR Patel,L Gregory,GG White,0,1,1,,,,,,,,
1252685,2021,2021-08-06,"Sophia Gardens, Cardiff",2,12.5,Trent Rockets,Welsh Fire,SR Patel,L Gregory,GG White,6,0,,,,,,,,,
1252685,2021,2021-08-06,"Sophia Gardens, Cardiff",2,12.6,Trent Rockets,Welsh Fire,SR Patel,L Gregory,GG White,2,0,,,,,,,,,
1252685,2021,2021-08-06,"Sophia Gardens, Cardiff",2,13.1,Trent Rockets,Welsh Fire,SR Patel,L Gregory,JDS Neesham,4,0,,,,,,,,,
1252685,2021,2021-08-06,"Sophia Gardens, Cardiff",2,13.2,Trent Rockets,Welsh Fire,SR Patel,L Gregory,JDS Neesham,0,0,,,,,,,,,
1252685,2021,2021-08-06,"Sophia Gardens, Cardiff",2,13.3,Trent Rockets,Welsh Fire,SR Patel,L Gregory,JDS Neesham,6,0,,,,,,,,,
1252685,2021,2021-08-06,"Sophia Gardens, Cardiff",2,13.4,Trent Rockets,Welsh Fire,SR Patel,L Gregory,JDS Neesham,6,0,,,,,,,,,
1252685,2021,2021-08-06,"Sophia Gardens, Cardiff",2,13.5,Trent Rockets,Welsh Fire,SR Patel,L Gregory,JDS Neesham,1,0,,,,,,,,,
1252685,2021,2021-08-06,"Sophia Gardens, Cardiff",2,14.1,Trent Rockets,Welsh Fire,SR Patel,L Gregory,Qais Ahmad,1,0,,,,,,,,,
1252685,2021,2021-08-06,"Sophia Gardens, Cardiff",2,14.2,Trent Rockets,Welsh Fire,L Gregory,SR Patel,Qais Ahmad,0,0,,,,,,,,,
1252685,2021,2021-08-06,"Sophia Gardens, Cardiff",2,14.3,Trent Rockets,Welsh Fire,L Gregory,SR Patel,Qais Ahmad,2,0,,,,,,,,,
1252685,2021,2021-08-06,"Sophia Gardens, Cardiff",2,14.4,Trent Rockets,Welsh Fire,L Gregory,SR Patel,Qais Ahmad,1,0,,,,,,,,,
1252685,2021,2021-08-06,"Sophia Gardens, Cardiff",2,14.5,Trent Rockets,Welsh Fire,SR Patel,L Gregory,Qais Ahmad,0,0,,,,,,,,,
1252685,2021,2021-08-06,"Sophia Gardens, Cardiff",2,15.1,Trent Rockets,Welsh Fire,SR Patel,L Gregory,ME Milnes,1,0,,,,,,,,,
1252685,2021,2021-08-06,"Sophia Gardens, Cardiff",2,15.2,Trent Rockets,Welsh Fire,L Gregory,SR Patel,ME Milnes,1,0,,,,,,,,,
1252685,2021,2021-08-06,"Sophia Gardens, Cardiff",2,15.3,Trent Rockets,Welsh Fire,SR Patel,L Gregory,ME Milnes,0,1,,,1,,,,,,
1252685,2021,2021-08-06,"Sophia Gardens, Cardiff",2,15.4,Trent Rockets,Welsh Fire,L Gregory,SR Patel,ME Milnes,0,0,,,,,,,,,
1252685,2021,2021-08-06,"Sophia Gardens, Cardiff",2,15.5,Trent Rockets,Welsh Fire,L Gregory,SR Patel,ME Milnes,1,0,,,,,,,,,
1252685,2021,2021-08-06,"Sophia Gardens, Cardiff",2,16.1,Trent Rockets,Welsh Fire,L Gregory,SR Patel,DA Payne,1,0,,,,,,,,,
1252685,2021,2021-08-06,"Sophia Gardens, Cardiff",2,16.2,Trent Rockets,Welsh Fire,SR Patel,L Gregory,DA Payne,0,0,,,,,,,,,
1252685,2021,2021-08-06,"Sophia Gardens, Cardiff",2,16.3,Trent Rockets,Welsh Fire,SR Patel,L Gregory,DA Payne,6,0,,,,,,,,,
1252685,2021,2021-08-06,"Sophia Gardens, Cardiff",2,16.4,Trent Rockets,Welsh Fire,SR Patel,L Gregory,DA Payne,1,0,,,,,,,,,
1252685,2021,2021-08-06,"Sophia Gardens, Cardiff",2,16.5,Trent Rockets,Welsh Fire,L Gregory,SR Patel,DA Payne,0,2,,2,,,,,,,
1252685,2021,2021-08-06,"Sophia Gardens, Cardiff",2,16.6,Trent Rockets,Welsh Fire,L Gregory,SR Patel,DA Payne,2,0,,,,,,,,,
1252685,2021,2021-08-06,"Sophia Gardens, Cardiff",2,17.1,Trent Rockets,Welsh Fire,L Gregory,SR Patel,ME Milnes,2,0,,,,,,,,,
1252685,2021,2021-08-06,"Sophia Gardens, Cardiff",2,17.2,Trent Rockets,Welsh Fire,L Gregory,SR Patel,ME Milnes,6,0,,,,,,,,,
1252685,2021,2021-08-06,"Sophia Gardens, Cardiff",2,17.3,Trent Rockets,Welsh Fire,L Gregory,SR Patel,ME Milnes,4,0,,,,,,,,,
1252685,2021,2021-08-06,"Sophia Gardens, Cardiff",2,17.4,Trent Rockets,Welsh Fire,L Gregory,SR Patel,ME Milnes,0,1,1,,,,,,,,
1252685,2021,2021-08-06,"Sophia Gardens, Cardiff",2,17.5,Trent Rockets,Welsh Fire,L Gregory,SR Patel,ME Milnes,0,1,1,,,,,,,,
1252685,2021,2021-08-06,"Sophia Gardens, Cardiff",2,17.6,Trent Rockets,Welsh Fire,L Gregory,SR Patel,ME Milnes,1,0,,,,,,,,,
1252685,2021,2021-08-06,"Sophia Gardens, Cardiff",2,17.7,Trent Rockets,Welsh Fire,SR Patel,L Gregory,ME Milnes,6,0,,,,,,,,,
