match_id,season,start_date,venue,innings,ball,batting_team,bowling_team,striker,non_striker,bowler,runs_off_bat,extras,wides,noballs,byes,legbyes,penalty,wicket_type,player_dismissed,other_wicket_type,other_player_dismissed
1252691,2021,2021-08-12,"Headingley, Leeds",1,0.1,Northern Superchargers,Manchester Originals,T Kohler-Cadmore,CA Lynn,TW Hartley,0,0,,,,,,,,,
1252691,2021,2021-08-12,"Headingley, Leeds",1,0.2,Northern Superchargers,Manchester Originals,T Kohler-Cadmore,CA Lynn,TW Hartley,1,0,,,,,,,,,
1252691,2021,2021-08-12,"Headingley, Leeds",1,0.3,Northern Superchargers,Manchester Originals,CA Lynn,T Kohler-Cadmore,TW Hartley,1,0,,,,,,,,,
1252691,2021,2021-08-12,"Headingley, Leeds",1,0.4,Northern Superchargers,Manchester Originals,T Kohler-Cadmore,CA Lynn,TW Hartley,0,5,5,,,,,,,,
1252691,2021,2021-08-12,"Headingley, Leeds",1,0.5,Northern Superchargers,Manchester Originals,T Kohler-Cadmore,CA Lynn,TW Hartley,1,0,,,,,,,,,
1252691,2021,2021-08-12,"Headingley, Leeds",1,0.6,Northern Superchargers,Manchester Originals,CA Lynn,T Kohler-Cadmore,TW Hartley,0,1,1,,,,,,,,
1252691,2021,2021-08-12,"Headingley, Leeds",1,0.7,Northern Superchargers,Manchester Originals,CA Lynn,T Kohler-Cadmore,TW Hartley,1,0,,,,,,,,,
1252691,2021,2021-08-12,"Headingley, Leeds",1,1.1,Northern Superchargers,Manchester Originals,T Kohler-Cadmore,CA Lynn,CG Harrison,4,0,,,,,,,,,
1252691,2021,2021-08-12,"Headingley, Leeds",1,1.2,Northern Superchargers,Manchester Originals,T Kohler-Cadmore,CA Lynn,CG Harrison,1,0,,,,,,,,,
1252691,2021,2021-08-12,"Headingley, Leeds",1,1.3,Northern Superchargers,Manchester Originals,CA Lynn,T Kohler-Cadmore,CG Harrison,1,0,,,,,,,,,
1252691,2021,2021-08-12,"Headingley, Leeds",1,1.4,Northern Superchargers,Manchester Originals,T Kohler-Cadmore,CA Lynn,CG Harrison,0,0,,,,,,,,,
1252691,2021,2021-08-12,"Headingley, Leeds",1,1.5,Northern Superchargers,Manchester Originals,T Kohler-Cadmore,CA Lynn,CG Harrison,4,0,,,,,,,,,
1252691,2021,2021-08-12,"Headingley, Leeds",1,2.1,Northern Superchargers,Manchester Originals,CA Lynn,T Kohler-Cadmore,ST Finn,0,0,,,,,,,,,
1252691,2021,2021-08-12,"Headingley, Leeds",1,2.2,Northern Superchargers,Manchester Originals,CA Lynn,T Kohler-Cadmore,ST Finn,6,0,,,,,,,,,
1252691,2021,2021-08-12,"Headingley, Leeds",1,2.3,Northern Superchargers,Manchester Originals,CA Lynn,T Kohler-Cadmore,ST Finn,6,0,,,,,,,,,
1252691,2021,2021-08-12,"Headingley, Leeds",1,2.4,Northern Superchargers,Manchester Originals,CA Lynn,T Kohler-Cadmore,ST Finn,0,0,,,,,,caught,CA Lynn,,
1252691,2021,2021-08-12,"Headingley, Leeds",1,2.5,Northern Superchargers,Manchester Originals,DJ Willey,T Kohler-Cadmore,ST Finn,0,1,1,,,,,,,,
1252691,2021,2021-08-12,"Headingley, Leeds",1,2.6,Northern Superchargers,Manchester Originals,DJ Willey,T Kohler-Cadmore,ST Finn,1,0,,,,,,,,,
1252691,2021,2021-08-12,"Headingley, Leeds",1,3.1,Northern Superchargers,Manchester Originals,T Kohler-Cadmore,DJ Willey,CR Brathwaite,0,0,,,,,,,,,
1252691,2021,2021-08-12,"Headingley, Leeds",1,3.2,Northern Superchargers,Manchester Originals,T Kohler-Cadmore,DJ Willey,CR Brathwaite,4,0,,,,,,,,,
1252691,2021,2021-08-12,"Headingley, Leeds",1,3.3,Northern Superchargers,Manchester Originals,T Kohler-Cadmore,DJ Willey,CR Brathwaite,1,0,,,,,,,,,
1252691,2021,2021-08-12,"Headingley, Leeds",1,3.4,Northern Superchargers,Manchester Originals,DJ Willey,T Kohler-Cadmore,CR Brathwaite,4,0,,,,,,,,,
1252691,2021,2021-08-12,"Headingley, Leeds",1,3.5,Northern Superchargers,Manchester Originals,DJ Willey,T Kohler-Cadmore,CR Brathwaite,0,0,,,,,,,,,
1252691,2021,2021-08-12,"Headingley, Leeds",1,4.1,Northern Superchargers,Manchester Originals,T Kohler-Cadmore,DJ Willey,LH Ferguson,0,0,,,,,,caught,T Kohler-Cadmore,,
1252691,2021,2021-08-12,"Headingley, Leeds",1,4.2,Northern Superchargers,Manchester Originals,DJ Vilas,DJ Willey,LH Ferguson,0,0,,,,,,,,,
1252691,2021,2021-08-12,"Headingley, Leeds",1,4.3,Northern Superchargers,Manchester Originals,DJ Vilas,DJ Willey,LH Ferguson,0,0,,,,,,,,,
1252691,2021,2021-08-12,"Headingley, Leeds",1,4.4,Northern Superchargers,Manchester Originals,DJ Vilas,DJ Willey,LH Ferguson,0,0,,,,,,,,,
1252691,2021,2021-08-12,"Headingley, Leeds",1,4.5,Northern Superchargers,Manchester Originals,DJ Vilas,DJ Willey,LH Ferguson,1,0,,,,,,,,,
1252691,2021,2021-08-12,"Headingley, Leeds",1,5.1,Northern Superchargers,Manchester Originals,DJ Willey,DJ Vilas,CN Ackermann,1,0,,,,,,,,,
1252691,2021,2021-08-12,"Headingley, Leeds",1,5.2,Northern Superchargers,Manchester Originals,DJ Vilas,DJ Willey,CN Ackermann,1,0,,,,,,,,,
1252691,2021,2021-08-12,"Headingley, Leeds",1,5.3,Northern Superchargers,Manchester Originals,DJ Willey,DJ Vilas,CN Ackermann,0,0,,,,,,,,,
1252691,2021,2021-08-12,"Headingley, Leeds",1,5.4,Northern Superchargers,Manchester Originals,DJ Willey,DJ Vilas,CN Ackermann,0,0,,,,,,,,,
1252691,2021,2021-08-12,"Headingley, Leeds",1,5.5,Northern Superchargers,Manchester Originals,DJ Willey,DJ Vilas,CN Ackermann,2,0,,,,,,,,,
1252691,2021,2021-08-12,"Headingley, Leeds",1,6.1,Northern Superchargers,Manchester Originals,DJ Vilas,DJ Willey,ST Finn,1,0,,,,,,,,,
1252691,2021,2021-08-12,"Headingley, Leeds",1,6.2,Northern Superchargers,Manchester Originals,DJ Willey,DJ Vilas,ST Finn,0,0,,,,,,,,,
1252691,2021,2021-08-12,"Headingley, Leeds",1,6.3,Northern Superchargers,Manchester Originals,DJ Willey,DJ Vilas,ST Finn,6,0,,,,,,,,,
1252691,2021,2021-08-12,"Headingley, Leeds",1,6.4,Northern Superchargers,Manchester Originals,DJ Willey,DJ Vilas,ST Finn,0,0,,,,,,caught,DJ Willey,,
1252691,2021,2021-08-12,"Headingley, Leeds",1,6.5,Northern Superchargers,Manchester Originals,JA Thompson,DJ Vilas,ST Finn,1,0,,,,,,,,,
1252691,2021,2021-08-12,"Headingley, Leeds",1,7.1,Northern Superchargers,Manchester Originals,DJ Vilas,JA Thompson,MW Parkinson,2,0,,,,,,,,,
1252691,2021,2021-08-12,"Headingley, Leeds",1,7.2,Northern Superchargers,Manchester Originals,DJ Vilas,JA Thompson,MW Parkinson,1,0,,,,,,,,,
1252691,2021,2021-08-12,"Headingley, Leeds",1,7.3,Northern Superchargers,Manchester Originals,JA Thompson,DJ Vilas,MW Parkinson,1,0,,,,,,,,,
1252691,2021,2021-08-12,"Headingley, Leeds",1,7.4,Northern Superchargers,Manchester Originals,DJ Vilas,JA Thompson,MW Parkinson,1,0,,,,,,,,,
1252691,2021,2021-08-12,"Headingley, Leeds",1,7.5,Northern Superchargers,Manchester Originals,JA Thompson,DJ Vilas,MW Parkinson,0,0,,,,,,,,,
1252691,2021,2021-08-12,"Headingley, Leeds",1,8.1,Northern Superchargers,Manchester Originals,DJ Vilas,JA Thompson,CN Ackermann,1,0,,,,,,,,,
1252691,2021,2021-08-12,"Headingley, Leeds",1,8.2,Northern Superchargers,Manchester Originals,JA Thompson,DJ Vilas,CN Ackermann,1,0,,,,,,,,,
1252691,2021,2021-08-12,"Headingley, Leeds",1,8.3,Northern Superchargers,Manchester Originals,DJ Vilas,JA Thompson,CN Ackermann,2,0,,,,,,,,,
1252691,2021,2021-08-12,"Headingley, Leeds",1,8.4,Northern Superchargers,Manchester Originals,DJ Vilas,JA Thompson,CN Ackermann,0,1,,,1,,,,,,
1252691,2021,2021-08-12,"Headingley, Leeds",1,8.5,Northern Superchargers,Manchester Originals,JA Thompson,DJ Vilas,CN Ackermann,1,0,,,,,,,,,
1252691,2021,2021-08-12,"Headingley, Leeds",1,9.1,Northern Superchargers,Manchester Originals,DJ Vilas,JA Thompson,CR Brathwaite,4,0,,,,,,,,,
1252691,2021,2021-08-12,"Headingley, Leeds",1,9.2,Northern Superchargers,Manchester Originals,DJ Vilas,JA Thompson,CR Brathwaite,0,0,,,,,,,,,
1252691,2021,2021-08-12,"Headingley, Leeds",1,9.3,Northern Superchargers,Manchester Originals,DJ Vilas,JA Thompson,CR Brathwaite,2,0,,,,,,,,,
1252691,2021,2021-08-12,"Headingley, Leeds",1,9.4,Northern Superchargers,Manchester Originals,DJ Vilas,JA Thompson,CR Brathwaite,1,0,,,,,,,,,
1252691,2021,2021-08-12,"Headingley, Leeds",1,9.5,Northern Superchargers,Manchester Originals,JA Thompson,DJ Vilas,CR Brathwaite,6,0,,,,,,,,,
1252691,2021,2021-08-12,"Headingley, Leeds",1,10.1,Northern Superchargers,Manchester Originals,DJ Vilas,JA Thompson,MW Parkinson,0,0,,,,,,,,,
1252691,2021,2021-08-12,"Headingley, Leeds",1,10.2,Northern Superchargers,Manchester Originals,DJ Vilas,JA Thompson,MW Parkinson,4,0,,,,,,,,,
1252691,2021,2021-08-12,"Headingley, Leeds",1,10.3,Northern Superchargers,Manchester Originals,DJ Vilas,JA Thompson,MW Parkinson,0,0,,,,,,,,,
1252691,2021,2021-08-12,"Headingley, Leeds",1,10.4,Northern Superchargers,Manchester Originals,DJ Vilas,JA Thompson,MW Parkinson,2,0,,,,,,,,,
1252691,2021,2021-08-12,"Headingley, Leeds",1,10.5,Northern Superchargers,Manchester Originals,DJ Vilas,JA Thompson,MW Parkinson,1,0,,,,,,,,,
1252691,2021,2021-08-12,"Headingley, Leeds",1,11.1,Northern Superchargers,Manchester Originals,JA Thompson,DJ Vilas,LH Ferguson,6,0,,,,,,,,,
1252691,2021,2021-08-12,"Headingley, Leeds",1,11.2,Northern Superchargers,Manchester Originals,JA Thompson,DJ Vilas,LH Ferguson,0,0,,,,,,,,,
1252691,2021,2021-08-12,"Headingley, Leeds",1,11.3,Northern Superchargers,Manchester Originals,JA Thompson,DJ Vilas,LH Ferguson,4,0,,,,,,,,,
1252691,2021,2021-08-12,"Headingley, Leeds",1,11.4,Northern Superchargers,Manchester Originals,JA Thompson,DJ Vilas,LH Ferguson,0,0,,,,,,,,,
1252691,2021,2021-08-12,"Headingley, Leeds",1,11.5,Northern Superchargers,Manchester Originals,JA Thompson,DJ Vilas,LH Ferguson,6,0,,,,,,,,,
1252691,2021,2021-08-12,"Headingley, Leeds",1,12.1,Northern Superchargers,Manchester Originals,DJ Vilas,JA Thompson,CN Ackermann,1,0,,,,,,,,,
1252691,2021,2021-08-12,"Headingley, Leeds",1,12.2,Northern Superchargers,Manchester Originals,JA Thompson,DJ Vilas,CN Ackermann,0,0,,,,,,,,,
1252691,2021,2021-08-12,"Headingley, Leeds",1,12.3,Northern Superchargers,Manchester Originals,JA Thompson,DJ Vilas,CN Ackermann,1,0,,,,,,,,,
1252691,2021,2021-08-12,"Headingley, Leeds",1,12.4,Northern Superchargers,Manchester Originals,DJ Vilas,JA Thompson,CN Ackermann,0,1,,,,1,,,,,
1252691,2021,2021-08-12,"Headingley, Leeds",1,12.5,Northern Superchargers,Manchester Originals,JA Thompson,DJ Vilas,CN Ackermann,0,0,,,,,,caught,JA Thompson,,
1252691,2021,2021-08-12,"Headingley, Leeds",1,13.1,Northern Superchargers,Manchester Originals,JA Simpson,DJ Vilas,CN Ackermann,0,0,,,,,,,,,
1252691,2021,2021-08-12,"Headingley, Leeds",1,13.2,Northern Superchargers,Manchester Originals,JA Simpson,DJ Vilas,CN Ackermann,4,0,,,,,,,,,
1252691,2021,2021-08-12,"Headingley, Leeds",1,13.3,Northern Superchargers,Manchester Originals,JA Simpson,DJ Vilas,CN Ackermann,1,0,,,,,,,,,
1252691,2021,2021-08-12,"Headingley, Leeds",1,13.4,Northern Superchargers,Manchester Originals,DJ Vilas,JA Simpson,CN Ackermann,1,0,,,,,,,,,
1252691,2021,2021-08-12,"Headingley, Leeds",1,13.5,Northern Superchargers,Manchester Originals,JA Simpson,DJ Vilas,CN Ackermann,0,0,,,,,,,,,
1252691,2021,2021-08-12,"Headingley, Leeds",1,14.1,Northern Superchargers,Manchester Originals,DJ Vilas,JA Simpson,MW Parkinson,0,0,,,,,,,,,
1252691,2021,2021-08-12,"Headingley, Leeds",1,14.2,Northern Superchargers,Manchester Originals,DJ Vilas,JA Simpson,MW Parkinson,4,0,,,,,,,,,
1252691,2021,2021-08-12,"Headingley, Leeds",1,14.3,Northern Superchargers,Manchester Originals,DJ Vilas,JA Simpson,MW Parkinson,0,1,1,,,,,,,,
1252691,2021,2021-08-12,"Headingley, Leeds",1,14.4,Northern Superchargers,Manchester Originals,DJ Vilas,JA Simpson,MW Parkinson,1,0,,,,,,,,,
1252691,2021,2021-08-12,"Headingley, Leeds",1,14.5,Northern Superchargers,Manchester Originals,JA Simpson,DJ Vilas,MW Parkinson,4,0,,,,,,,,,
1252691,2021,2021-08-12,"Headingley, Leeds",1,14.6,Northern Superchargers,Manchester Originals,JA Simpson,DJ Vilas,MW Parkinson,0,0,,,,,,,,,
1252691,2021,2021-08-12,"Headingley, Leeds",1,15.1,Northern Superchargers,Manchester Originals,JA Simpson,DJ Vilas,TW Hartley,6,0,,,,,,,,,
1252691,2021,2021-08-12,"Headingley, Leeds",1,15.2,Northern Superchargers,Manchester Originals,JA Simpson,DJ Vilas,TW Hartley,4,0,,,,,,,,,
1252691,2021,2021-08-12,"Headingley, Leeds",1,15.3,Northern Superchargers,Manchester Originals,JA Simpson,DJ Vilas,TW Hartley,2,0,,,,,,,,,
1252691,2021,2021-08-12,"Headingley, Leeds",1,15.4,Northern Superchargers,Manchester Originals,JA Simpson,DJ Vilas,TW Hartley,2,0,,,,,,,,,
1252691,2021,2021-08-12,"Headingley, Leeds",1,15.5,Northern Superchargers,Manchester Originals,JA Simpson,DJ Vilas,TW Hartley,0,1,,,,1,,,,,
1252691,2021,2021-08-12,"Headingley, Leeds",1,16.1,Northern Superchargers,Manchester Originals,JA Simpson,DJ Vilas,CR Brathwaite,1,0,,,,,,,,,
1252691,2021,2021-08-12,"Headingley, Leeds",1,16.2,Northern Superchargers,Manchester Originals,DJ Vilas,JA Simpson,CR Brathwaite,4,0,,,,,,,,,
1252691,2021,2021-08-12,"Headingley, Leeds",1,16.3,Northern Superchargers,Manchester Originals,DJ Vilas,JA Simpson,CR Brathwaite,1,0,,,,,,,,,
1252691,2021,2021-08-12,"Headingley, Leeds",1,16.4,Northern Superchargers,Manchester Originals,JA Simpson,DJ Vilas,CR Brathwaite,1,0,,,,,,,,,
1252691,2021,2021-08-12,"Headingley, Leeds",1,16.5,Northern Superchargers,Manchester Originals,DJ Vilas,JA Simpson,CR Brathwaite,0,3,,2,1,,,,,,
1252691,2021,2021-08-12,"Headingley, Leeds",1,16.6,Northern Superchargers,Manchester Originals,JA Simpson,DJ Vilas,CR Brathwaite,4,0,,,,,,,,,
1252691,2021,2021-08-12,"Headingley, Leeds",1,17.1,Northern Superchargers,Manchester Originals,JA Simpson,DJ Vilas,LH Ferguson,2,0,,,,,,,,,
1252691,2021,2021-08-12,"Headingley, Leeds",1,17.2,Northern Superchargers,Manchester Originals,JA Simpson,DJ Vilas,LH Ferguson,4,0,,,,,,,,,
1252691,2021,2021-08-12,"Headingley, Leeds",1,17.3,Northern Superchargers,Manchester Originals,JA Simpson,DJ Vilas,LH Ferguson,0,0,,,,,,,,,
1252691,2021,2021-08-12,"Headingley, Leeds",1,17.4,Northern Superchargers,Manchester Originals,JA Simpson,DJ Vilas,LH Ferguson,4,0,,,,,,,,,
1252691,2021,2021-08-12,"Headingley, Leeds",1,17.5,Northern Superchargers,Manchester Originals,JA Simpson,DJ Vilas,LH Ferguson,1,0,,,,,,,,,
1252691,2021,2021-08-12,"Headingley, Leeds",1,18.1,Northern Superchargers,Manchester Originals,JA Simpson,DJ Vilas,ST Finn,6,0,,,,,,,,,
1252691,2021,2021-08-12,"Headingley, Leeds",1,18.2,Northern Superchargers,Manchester Originals,JA Simpson,DJ Vilas,ST Finn,4,0,,,,,,,,,
1252691,2021,2021-08-12,"Headingley, Leeds",1,18.3,Northern Superchargers,Manchester Originals,JA Simpson,DJ Vilas,ST Finn,4,0,,,,,,,,,
1252691,2021,2021-08-12,"Headingley, Leeds",1,18.4,Northern Superchargers,Manchester Originals,JA Simpson,DJ Vilas,ST Finn,4,2,,2,,,,,,,
1252691,2021,2021-08-12,"Headingley, Leeds",1,18.5,Northern Superchargers,Manchester Originals,JA Simpson,DJ Vilas,ST Finn,4,0,,,,,,,,,
1252691,2021,2021-08-12,"Headingley, Leeds",1,18.6,Northern Superchargers,Manchester Originals,JA Simpson,DJ Vilas,ST Finn,0,1,1,,,,,,,,
1252691,2021,2021-08-12,"Headingley, Leeds",1,18.7,Northern Superchargers,Manchester Originals,JA Simpson,DJ Vilas,ST Finn,4,0,,,,,,,,,
1252691,2021,2021-08-12,"Headingley, Leeds",1,19.1,Northern Superchargers,Manchester Originals,JA Simpson,DJ Vilas,LH Ferguson,2,0,,,,,,,,,
1252691,2021,2021-08-12,"Headingley, Leeds",1,19.2,Northern Superchargers,Manchester Originals,JA Simpson,DJ Vilas,LH Ferguson,2,0,,,,,,,,,
1252691,2021,2021-08-12,"Headingley, Leeds",1,19.3,Northern Superchargers,Manchester Originals,JA Simpson,DJ Vilas,LH Ferguson,1,0,,,,,,,,,
1252691,2021,2021-08-12,"Headingley, Leeds",1,19.4,Northern Superchargers,Manchester Originals,DJ Vilas,JA Simpson,LH Ferguson,0,0,,,,,,bowled,DJ Vilas,,
1252691,2021,2021-08-12,"Headingley, Leeds",1,19.5,Northern Superchargers,Manchester Originals,BA Carse,JA Simpson,LH Ferguson,4,0,,,,,,,,,
1252691,2021,2021-08-12,"Headingley, Leeds",2,0.1,Manchester Originals,Northern Superchargers,PD Salt,JM Clarke,DJ Willey,1,0,,,,,,,,,
1252691,2021,2021-08-12,"Headingley, Leeds",2,0.2,Manchester Originals,Northern Superchargers,JM Clarke,PD Salt,DJ Willey,0,0,,,,,,,,,
1252691,2021,2021-08-12,"Headingley, Leeds",2,0.3,Manchester Originals,Northern Superchargers,JM Clarke,PD Salt,DJ Willey,0,0,,,,,,,,,
1252691,2021,2021-08-12,"Headingley, Leeds",2,0.4,Manchester Originals,Northern Superchargers,JM Clarke,PD Salt,DJ Willey,1,0,,,,,,,,,
1252691,2021,2021-08-12,"Headingley, Leeds",2,0.5,Manchester Originals,Northern Superchargers,PD Salt,JM Clarke,DJ Willey,0,0,,,,,,,,,
1252691,2021,2021-08-12,"Headingley, Leeds",2,1.1,Manchester Originals,Northern Superchargers,PD Salt,JM Clarke,MJ Potts,1,0,,,,,,,,,
1252691,2021,2021-08-12,"Headingley, Leeds",2,1.2,Manchester Originals,Northern Superchargers,JM Clarke,PD Salt,MJ Potts,6,0,,,,,,,,,
1252691,2021,2021-08-12,"Headingley, Leeds",2,1.3,Manchester Originals,Northern Superchargers,JM Clarke,PD Salt,MJ Potts,0,0,,,,,,,,,
1252691,2021,2021-08-12,"Headingley, Leeds",2,1.4,Manchester Originals,Northern Superchargers,JM Clarke,PD Salt,MJ Potts,0,1,,,1,,,,,,
1252691,2021,2021-08-12,"Headingley, Leeds",2,1.5,Manchester Originals,Northern Superchargers,PD Salt,JM Clarke,MJ Potts,4,0,,,,,,,,,
1252691,2021,2021-08-12,"Headingley, Leeds",2,2.1,Manchester Originals,Northern Superchargers,JM Clarke,PD Salt,BA Carse,4,0,,,,,,,,,
1252691,2021,2021-08-12,"Headingley, Leeds",2,2.2,Manchester Originals,Northern Superchargers,JM Clarke,PD Salt,BA Carse,0,0,,,,,,,,,
1252691,2021,2021-08-12,"Headingley, Leeds",2,2.3,Manchester Originals,Northern Superchargers,JM Clarke,PD Salt,BA Carse,0,1,,,,1,,,,,
1252691,2021,2021-08-12,"Headingley, Leeds",2,2.4,Manchester Originals,Northern Superchargers,PD Salt,JM Clarke,BA Carse,0,0,,,,,,,,,
1252691,2021,2021-08-12,"Headingley, Leeds",2,2.5,Manchester Originals,Northern Superchargers,PD Salt,JM Clarke,BA Carse,4,0,,,,,,,,,
1252691,2021,2021-08-12,"Headingley, Leeds",2,3.1,Manchester Originals,Northern Superchargers,PD Salt,JM Clarke,MJ Potts,2,0,,,,,,,,,
1252691,2021,2021-08-12,"Headingley, Leeds",2,3.2,Manchester Originals,Northern Superchargers,PD Salt,JM Clarke,MJ Potts,6,0,,,,,,,,,
1252691,2021,2021-08-12,"Headingley, Leeds",2,3.3,Manchester Originals,Northern Superchargers,PD Salt,JM Clarke,MJ Potts,0,0,,,,,,bowled,PD Salt,,
1252691,2021,2021-08-12,"Headingley, Leeds",2,3.4,Manchester Originals,Northern Superchargers,C Munro,JM Clarke,MJ Potts,0,0,,,,,,,,,
1252691,2021,2021-08-12,"Headingley, Leeds",2,3.5,Manchester Originals,Northern Superchargers,C Munro,JM Clarke,MJ Potts,0,0,,,,,,,,,
1252691,2021,2021-08-12,"Headingley, Leeds",2,4.1,Manchester Originals,Northern Superchargers,JM Clarke,C Munro,DJ Willey,0,0,,,,,,caught,JM Clarke,,
1252691,2021,2021-08-12,"Headingley, Leeds",2,4.2,Manchester Originals,Northern Superchargers,CN Ackermann,C Munro,DJ Willey,0,0,,,,,,,,,
1252691,2021,2021-08-12,"Headingley, Leeds",2,4.3,Manchester Originals,Northern Superchargers,CN Ackermann,C Munro,DJ Willey,0,0,,,,,,,,,
1252691,2021,2021-08-12,"Headingley, Leeds",2,4.4,Manchester Originals,Northern Superchargers,CN Ackermann,C Munro,DJ Willey,1,0,,,,,,,,,
1252691,2021,2021-08-12,"Headingley, Leeds",2,4.5,Manchester Originals,Northern Superchargers,C Munro,CN Ackermann,DJ Willey,4,0,,,,,,,,,
1252691,2021,2021-08-12,"Headingley, Leeds",2,5.1,Manchester Originals,Northern Superchargers,C Munro,CN Ackermann,BA Carse,0,0,,,,,,,,,
1252691,2021,2021-08-12,"Headingley, Leeds",2,5.2,Manchester Originals,Northern Superchargers,C Munro,CN Ackermann,BA Carse,1,0,,,,,,,,,
1252691,2021,2021-08-12,"Headingley, Leeds",2,5.3,Manchester Originals,Northern Superchargers,CN Ackermann,C Munro,BA Carse,1,0,,,,,,,,,
1252691,2021,2021-08-12,"Headingley, Leeds",2,5.4,Manchester Originals,Northern Superchargers,C Munro,CN Ackermann,BA Carse,1,0,,,,,,,,,
1252691,2021,2021-08-12,"Headingley, Leeds",2,5.5,Manchester Originals,Northern Superchargers,CN Ackermann,C Munro,BA Carse,1,0,,,,,,,,,
1252691,2021,2021-08-12,"Headingley, Leeds",2,6.1,Manchester Originals,Northern Superchargers,CN Ackermann,C Munro,Mujeeb Ur Rahman,0,0,,,,,,,,,
1252691,2021,2021-08-12,"Headingley, Leeds",2,6.2,Manchester Originals,Northern Superchargers,CN Ackermann,C Munro,Mujeeb Ur Rahman,1,0,,,,,,,,,
1252691,2021,2021-08-12,"Headingley, Leeds",2,6.3,Manchester Originals,Northern Superchargers,C Munro,CN Ackermann,Mujeeb Ur Rahman,0,0,,,,,,,,,
1252691,2021,2021-08-12,"Headingley, Leeds",2,6.4,Manchester Originals,Northern Superchargers,C Munro,CN Ackermann,Mujeeb Ur Rahman,0,0,,,,,,,,,
1252691,2021,2021-08-12,"Headingley, Leeds",2,6.5,Manchester Originals,Northern Superchargers,C Munro,CN Ackermann,Mujeeb Ur Rahman,1,0,,,,,,,,,
1252691,2021,2021-08-12,"Headingley, Leeds",2,7.1,Manchester Originals,Northern Superchargers,CN Ackermann,C Munro,Mujeeb Ur Rahman,1,0,,,,,,,,,
1252691,2021,2021-08-12,"Headingley, Leeds",2,7.2,Manchester Originals,Northern Superchargers,C Munro,CN Ackermann,Mujeeb Ur Rahman,0,0,,,,,,caught,C Munro,,
1252691,2021,2021-08-12,"Headingley, Leeds",2,7.3,Manchester Originals,Northern Superchargers,TA Lammonby,CN Ackermann,Mujeeb Ur Rahman,0,0,,,,,,,,,
1252691,2021,2021-08-12,"Headingley, Leeds",2,7.4,Manchester Originals,Northern Superchargers,TA Lammonby,CN Ackermann,Mujeeb Ur Rahman,0,0,,,,,,,,,
1252691,2021,2021-08-12,"Headingley, Leeds",2,7.5,Manchester Originals,Northern Superchargers,TA Lammonby,CN Ackermann,Mujeeb Ur Rahman,0,0,,,,,,,,,
1252691,2021,2021-08-12,"Headingley, Leeds",2,8.1,Manchester Originals,Northern Superchargers,CN Ackermann,TA Lammonby,BA Raine,2,0,,,,,,,,,
1252691,2021,2021-08-12,"Headingley, Leeds",2,8.2,Manchester Originals,Northern Superchargers,CN Ackermann,TA Lammonby,BA Raine,0,0,,,,,,caught,CN Ackermann,,
1252691,2021,2021-08-12,"Headingley, Leeds",2,8.3,Manchester Originals,Northern Superchargers,CR Brathwaite,TA Lammonby,BA Raine,0,0,,,,,,,,,
1252691,2021,2021-08-12,"Headingley, Leeds",2,8.4,Manchester Originals,Northern Superchargers,CR Brathwaite,TA Lammonby,BA Raine,0,0,,,,,,,,,
1252691,2021,2021-08-12,"Headingley, Leeds",2,8.5,Manchester Originals,Northern Superchargers,CR Brathwaite,TA Lammonby,BA Raine,1,0,,,,,,,,,
1252691,2021,2021-08-12,"Headingley, Leeds",2,9.1,Manchester Originals,Northern Superchargers,TA Lammonby,CR Brathwaite,AU Rashid,1,0,,,,,,,,,
1252691,2021,2021-08-12,"Headingley, Leeds",2,9.2,Manchester Originals,Northern Superchargers,CR Brathwaite,TA Lammonby,AU Rashid,0,0,,,,,,,,,
1252691,2021,2021-08-12,"Headingley, Leeds",2,9.3,Manchester Originals,Northern Superchargers,CR Brathwaite,TA Lammonby,AU Rashid,1,0,,,,,,,,,
1252691,2021,2021-08-12,"Headingley, Leeds",2,9.4,Manchester Originals,Northern Superchargers,TA Lammonby,CR Brathwaite,AU Rashid,1,0,,,,,,,,,
1252691,2021,2021-08-12,"Headingley, Leeds",2,9.5,Manchester Originals,Northern Superchargers,CR Brathwaite,TA Lammonby,AU Rashid,0,0,,,,,,,,,
1252691,2021,2021-08-12,"Headingley, Leeds",2,10.1,Manchester Originals,Northern Superchargers,TA Lammonby,CR Brathwaite,AU Rashid,4,0,,,,,,,,,
1252691,2021,2021-08-12,"Headingley, Leeds",2,10.2,Manchester Originals,Northern Superchargers,TA Lammonby,CR Brathwaite,AU Rashid,0,0,,,,,,,,,
1252691,2021,2021-08-12,"Headingley, Leeds",2,10.3,Manchester Originals,Northern Superchargers,TA Lammonby,CR Brathwaite,AU Rashid,6,0,,,,,,,,,
1252691,2021,2021-08-12,"Headingley, Leeds",2,10.4,Manchester Originals,Northern Superchargers,TA Lammonby,CR Brathwaite,AU Rashid,0,0,,,,,,,,,
1252691,2021,2021-08-12,"Headingley, Leeds",2,10.5,Manchester Originals,Northern Superchargers,TA Lammonby,CR Brathwaite,AU Rashid,0,0,,,,,,caught,TA Lammonby,,
1252691,2021,2021-08-12,"Headingley, Leeds",2,11.1,Manchester Originals,Northern Superchargers,CG Harrison,CR Brathwaite,BA Raine,1,0,,,,,,,,,
1252691,2021,2021-08-12,"Headingley, Leeds",2,11.2,Manchester Originals,Northern Superchargers,CR Brathwaite,CG Harrison,BA Raine,0,0,,,,,,,,,
1252691,2021,2021-08-12,"Headingley, Leeds",2,11.3,Manchester Originals,Northern Superchargers,CR Brathwaite,CG Harrison,BA Raine,1,0,,,,,,,,,
1252691,2021,2021-08-12,"Headingley, Leeds",2,11.4,Manchester Originals,Northern Superchargers,CG Harrison,CR Brathwaite,BA Raine,0,1,1,,,,,,,,
1252691,2021,2021-08-12,"Headingley, Leeds",2,11.5,Manchester Originals,Northern Superchargers,CG Harrison,CR Brathwaite,BA Raine,1,0,,,,,,,,,
1252691,2021,2021-08-12,"Headingley, Leeds",2,11.6,Manchester Originals,Northern Superchargers,CR Brathwaite,CG Harrison,BA Raine,6,0,,,,,,,,,
1252691,2021,2021-08-12,"Headingley, Leeds",2,12.1,Manchester Originals,Northern Superchargers,CG Harrison,CR Brathwaite,Mujeeb Ur Rahman,1,0,,,,,,,,,
1252691,2021,2021-08-12,"Headingley, Leeds",2,12.2,Manchester Originals,Northern Superchargers,CR Brathwaite,CG Harrison,Mujeeb Ur Rahman,6,0,,,,,,,,,
1252691,2021,2021-08-12,"Headingley, Leeds",2,12.3,Manchester Originals,Northern Superchargers,CR Brathwaite,CG Harrison,Mujeeb Ur Rahman,0,0,,,,,,,,,
1252691,2021,2021-08-12,"Headingley, Leeds",2,12.4,Manchester Originals,Northern Superchargers,CR Brathwaite,CG Harrison,Mujeeb Ur Rahman,0,0,,,,,,,,,
1252691,2021,2021-08-12,"Headingley, Leeds",2,12.5,Manchester Originals,Northern Superchargers,CR Brathwaite,CG Harrison,Mujeeb Ur Rahman,6,0,,,,,,,,,
1252691,2021,2021-08-12,"Headingley, Leeds",2,13.1,Manchester Originals,Northern Superchargers,CR Brathwaite,CG Harrison,AU Rashid,0,1,1,,,,,,,,
1252691,2021,2021-08-12,"Headingley, Leeds",2,13.2,Manchester Originals,Northern Superchargers,CR Brathwaite,CG Harrison,AU Rashid,0,0,,,,,,caught,CR Brathwaite,,
1252691,2021,2021-08-12,"Headingley, Leeds",2,13.3,Manchester Originals,Northern Superchargers,TW Hartley,CG Harrison,AU Rashid,0,1,1,,,,,,,,
1252691,2021,2021-08-12,"Headingley, Leeds",2,13.4,Manchester Originals,Northern Superchargers,TW Hartley,CG Harrison,AU Rashid,2,0,,,,,,,,,
1252691,2021,2021-08-12,"Headingley, Leeds",2,13.5,Manchester Originals,Northern Superchargers,TW Hartley,CG Harrison,AU Rashid,1,0,,,,,,,,,
1252691,2021,2021-08-12,"Headingley, Leeds",2,13.6,Manchester Originals,Northern Superchargers,CG Harrison,TW Hartley,AU Rashid,1,0,,,,,,,,,
1252691,2021,2021-08-12,"Headingley, Leeds",2,13.7,Manchester Originals,Northern Superchargers,TW Hartley,CG Harrison,AU Rashid,0,4,,,4,,,,,,
1252691,2021,2021-08-12,"Headingley, Leeds",2,14.1,Manchester Originals,Northern Superchargers,CG Harrison,TW Hartley,AU Rashid,0,0,,,,,,,,,
1252691,2021,2021-08-12,"Headingley, Leeds",2,14.2,Manchester Originals,Northern Superchargers,CG Harrison,TW Hartley,AU Rashid,0,0,,,,,,,,,
1252691,2021,2021-08-12,"Headingley, Leeds",2,14.3,Manchester Originals,Northern Superchargers,CG Harrison,TW Hartley,AU Rashid,4,0,,,,,,,,,
1252691,2021,2021-08-12,"Headingley, Leeds",2,14.4,Manchester Originals,Northern Superchargers,CG Harrison,TW Hartley,AU Rashid,4,0,,,,,,,,,
1252691,2021,2021-08-12,"Headingley, Leeds",2,14.5,Manchester Originals,Northern Superchargers,CG Harrison,TW Hartley,AU Rashid,1,0,,,,,,,,,
1252691,2021,2021-08-12,"Headingley, Leeds",2,15.1,Manchester Originals,Northern Superchargers,TW Hartley,CG Harrison,Mujeeb Ur Rahman,1,0,,,,,,,,,
1252691,2021,2021-08-12,"Headingley, Leeds",2,15.2,Manchester Originals,Northern Superchargers,CG Harrison,TW Hartley,Mujeeb Ur Rahman,0,0,,,,,,,,,
1252691,2021,2021-08-12,"Headingley, Leeds",2,15.3,Manchester Originals,Northern Superchargers,CG Harrison,TW Hartley,Mujeeb Ur Rahman,0,1,,,,1,,,,,
1252691,2021,2021-08-12,"Headingley, Leeds",2,15.4,Manchester Originals,Northern Superchargers,TW Hartley,CG Harrison,Mujeeb Ur Rahman,0,0,,,,,,,,,
1252691,2021,2021-08-12,"Headingley, Leeds",2,15.5,Manchester Originals,Northern Superchargers,TW Hartley,CG Harrison,Mujeeb Ur Rahman,0,0,,,,,,run out,TW Hartley,,
1252691,2021,2021-08-12,"Headingley, Leeds",2,16.1,Manchester Originals,Northern Superchargers,LH Ferguson,CG Harrison,DJ Willey,1,0,,,,,,,,,
1252691,2021,2021-08-12,"Headingley, Leeds",2,16.2,Manchester Originals,Northern Superchargers,CG Harrison,LH Ferguson,DJ Willey,0,0,,,,,,caught,CG Harrison,,
1252691,2021,2021-08-12,"Headingley, Leeds",2,16.3,Manchester Originals,Northern Superchargers,ST Finn,LH Ferguson,DJ Willey,4,0,,,,,,,,,
1252691,2021,2021-08-12,"Headingley, Leeds",2,16.4,Manchester Originals,Northern Superchargers,ST Finn,LH Ferguson,DJ Willey,1,0,,,,,,,,,
1252691,2021,2021-08-12,"Headingley, Leeds",2,16.5,Manchester Originals,Northern Superchargers,LH Ferguson,ST Finn,DJ Willey,0,1,,,,1,,,,,
1252691,2021,2021-08-12,"Headingley, Leeds",2,17.1,Manchester Originals,Northern Superchargers,ST Finn,LH Ferguson,MJ Potts,0,0,,,,,,,,,
1252691,2021,2021-08-12,"Headingley, Leeds",2,17.2,Manchester Originals,Northern Superchargers,ST Finn,LH Ferguson,MJ Potts,0,0,,,,,,,,,
1252691,2021,2021-08-12,"Headingley, Leeds",2,17.3,Manchester Originals,Northern Superchargers,ST Finn,LH Ferguson,MJ Potts,0,1,1,,,,,,,,
1252691,2021,2021-08-12,"Headingley, Leeds",2,17.4,Manchester Originals,Northern Superchargers,ST Finn,LH Ferguson,MJ Potts,4,0,,,,,,,,,
1252691,2021,2021-08-12,"Headingley, Leeds",2,17.5,Manchester Originals,Northern Superchargers,ST Finn,LH Ferguson,MJ Potts,0,0,,,,,,,,,
1252691,2021,2021-08-12,"Headingley, Leeds",2,17.6,Manchester Originals,Northern Superchargers,ST Finn,LH Ferguson,MJ Potts,2,0,,,,,,,,,
1252691,2021,2021-08-12,"Headingley, Leeds",2,18.1,Manchester Originals,Northern Superchargers,LH Ferguson,ST Finn,DJ Willey,0,0,,,,,,,,,
1252691,2021,2021-08-12,"Headingley, Leeds",2,18.2,Manchester Originals,Northern Superchargers,LH Ferguson,ST Finn,DJ Willey,6,0,,,,,,,,,
1252691,2021,2021-08-12,"Headingley, Leeds",2,18.3,Manchester Originals,Northern Superchargers,LH Ferguson,ST Finn,DJ Willey,6,0,,,,,,,,,
1252691,2021,2021-08-12,"Headingley, Leeds",2,18.4,Manchester Originals,Northern Superchargers,LH Ferguson,ST Finn,DJ Willey,0,0,,,,,,,,,
1252691,2021,2021-08-12,"Headingley, Leeds",2,18.5,Manchester Originals,Northern Superchargers,LH Ferguson,ST Finn,DJ Willey,0,0,,,,,,,,,
1252691,2021,2021-08-12,"Headingley, Leeds",2,19.1,Manchester Originals,Northern Superchargers,LH Ferguson,ST Finn,BA Raine,0,0,,,,,,caught,LH Ferguson,,
1252691,2021,2021-08-12,"Headingley, Leeds",2,19.2,Manchester Originals,Northern Superchargers,MW Parkinson,ST Finn,BA Raine,0,0,,,,,,,,,
1252691,2021,2021-08-12,"Headingley, Leeds",2,19.3,Manchester Originals,Northern Superchargers,MW Parkinson,ST Finn,BA Raine,2,0,,,,,,,,,
1252691,2021,2021-08-12,"Headingley, Leeds",2,19.4,Manchester Originals,Northern Superchargers,MW Parkinson,ST Finn,BA Raine,0,0,,,,,,caught,MW Parkinson,,
