match_id,season,start_date,venue,innings,ball,batting_team,bowling_team,striker,non_striker,bowler,runs_off_bat,extras,wides,noballs,byes,legbyes,penalty,wicket_type,player_dismissed,other_wicket_type,other_player_dismissed
1252684,2021,2021-08-05,"Old Trafford, Manchester",1,0.1,Manchester Originals,Southern Brave,PD Salt,JM Clarke,LA Dawson,0,0,,,,,,,,,
1252684,2021,2021-08-05,"Old Trafford, Manchester",1,0.2,Manchester Originals,Southern Brave,PD Salt,JM Clarke,LA Dawson,1,0,,,,,,,,,
1252684,2021,2021-08-05,"Old Trafford, Manchester",1,0.3,Manchester Originals,Southern Brave,JM Clarke,PD Salt,LA Dawson,1,0,,,,,,,,,
1252684,2021,2021-08-05,"Old Trafford, Manchester",1,0.4,Manchester Originals,Southern Brave,PD Salt,JM Clarke,LA Dawson,0,0,,,,,,,,,
1252684,2021,2021-08-05,"Old Trafford, Manchester",1,0.5,Manchester Originals,Southern Brave,PD Salt,JM Clarke,LA Dawson,0,0,,,,,,,,,
1252684,2021,2021-08-05,"Old Trafford, Manchester",1,1.1,Manchester Originals,Southern Brave,PD Salt,JM Clarke,GHS Garton,4,0,,,,,,,,,
1252684,2021,2021-08-05,"Old Trafford, Manchester",1,1.2,Manchester Originals,Southern Brave,PD Salt,JM Clarke,GHS Garton,0,1,,,,1,,,,,
1252684,2021,2021-08-05,"Old Trafford, Manchester",1,1.3,Manchester Originals,Southern Brave,JM Clarke,PD Salt,GHS Garton,4,0,,,,,,,,,
1252684,2021,2021-08-05,"Old Trafford, Manchester",1,1.4,Manchester Originals,Southern Brave,JM Clarke,PD Salt,GHS Garton,5,0,,,,,,,,,
1252684,2021,2021-08-05,"Old Trafford, Manchester",1,1.5,Manchester Originals,Southern Brave,PD Salt,JM Clarke,GHS Garton,0,1,,,,1,,,,,
1252684,2021,2021-08-05,"Old Trafford, Manchester",1,2.1,Manchester Originals,Southern Brave,PD Salt,JM Clarke,LA Dawson,0,0,,,,,,,,,
1252684,2021,2021-08-05,"Old Trafford, Manchester",1,2.2,Manchester Originals,Southern Brave,PD Salt,JM Clarke,LA Dawson,1,0,,,,,,,,,
1252684,2021,2021-08-05,"Old Trafford, Manchester",1,2.3,Manchester Originals,Southern Brave,JM Clarke,PD Salt,PR Stirling,0,0,,,,,,,,,
1252684,2021,2021-08-05,"Old Trafford, Manchester",1,2.4,Manchester Originals,Southern Brave,JM Clarke,PD Salt,PR Stirling,0,0,,,,,,,,,
1252684,2021,2021-08-05,"Old Trafford, Manchester",1,2.5,Manchester Originals,Southern Brave,JM Clarke,PD Salt,PR Stirling,0,0,,,,,,,,,
1252684,2021,2021-08-05,"Old Trafford, Manchester",1,3.1,Manchester Originals,Southern Brave,JM Clarke,PD Salt,TS Mills,0,0,,,,,,bowled,JM Clarke,,
1252684,2021,2021-08-05,"Old Trafford, Manchester",1,3.2,Manchester Originals,Southern Brave,C Munro,PD Salt,TS Mills,0,0,,,,,,,,,
1252684,2021,2021-08-05,"Old Trafford, Manchester",1,3.3,Manchester Originals,Southern Brave,C Munro,PD Salt,TS Mills,1,0,,,,,,,,,
1252684,2021,2021-08-05,"Old Trafford, Manchester",1,3.4,Manchester Originals,Southern Brave,PD Salt,C Munro,TS Mills,1,0,,,,,,,,,
1252684,2021,2021-08-05,"Old Trafford, Manchester",1,3.5,Manchester Originals,Southern Brave,C Munro,PD Salt,TS Mills,4,0,,,,,,,,,
1252684,2021,2021-08-05,"Old Trafford, Manchester",1,4.1,Manchester Originals,Southern Brave,PD Salt,C Munro,CJ Jordan,4,0,,,,,,,,,
1252684,2021,2021-08-05,"Old Trafford, Manchester",1,4.2,Manchester Originals,Southern Brave,PD Salt,C Munro,CJ Jordan,4,0,,,,,,,,,
1252684,2021,2021-08-05,"Old Trafford, Manchester",1,4.3,Manchester Originals,Southern Brave,PD Salt,C Munro,CJ Jordan,4,0,,,,,,,,,
1252684,2021,2021-08-05,"Old Trafford, Manchester",1,4.4,Manchester Originals,Southern Brave,PD Salt,C Munro,CJ Jordan,0,0,,,,,,caught,PD Salt,,
1252684,2021,2021-08-05,"Old Trafford, Manchester",1,4.5,Manchester Originals,Southern Brave,CN Ackermann,C Munro,CJ Jordan,0,0,,,,,,,,,
1252684,2021,2021-08-05,"Old Trafford, Manchester",1,5.1,Manchester Originals,Southern Brave,CN Ackermann,C Munro,JB Lintott,1,0,,,,,,,,,
1252684,2021,2021-08-05,"Old Trafford, Manchester",1,5.2,Manchester Originals,Southern Brave,C Munro,CN Ackermann,JB Lintott,0,0,,,,,,,,,
1252684,2021,2021-08-05,"Old Trafford, Manchester",1,5.3,Manchester Originals,Southern Brave,C Munro,CN Ackermann,JB Lintott,0,0,,,,,,,,,
1252684,2021,2021-08-05,"Old Trafford, Manchester",1,5.4,Manchester Originals,Southern Brave,C Munro,CN Ackermann,JB Lintott,1,0,,,,,,,,,
1252684,2021,2021-08-05,"Old Trafford, Manchester",1,5.5,Manchester Originals,Southern Brave,CN Ackermann,C Munro,JB Lintott,1,0,,,,,,,,,
1252684,2021,2021-08-05,"Old Trafford, Manchester",1,6.1,Manchester Originals,Southern Brave,CN Ackermann,C Munro,PR Stirling,4,0,,,,,,,,,
1252684,2021,2021-08-05,"Old Trafford, Manchester",1,6.2,Manchester Originals,Southern Brave,CN Ackermann,C Munro,PR Stirling,1,0,,,,,,,,,
1252684,2021,2021-08-05,"Old Trafford, Manchester",1,6.3,Manchester Originals,Southern Brave,C Munro,CN Ackermann,PR Stirling,0,0,,,,,,,,,
1252684,2021,2021-08-05,"Old Trafford, Manchester",1,6.4,Manchester Originals,Southern Brave,C Munro,CN Ackermann,PR Stirling,0,0,,,,,,,,,
1252684,2021,2021-08-05,"Old Trafford, Manchester",1,6.5,Manchester Originals,Southern Brave,C Munro,CN Ackermann,PR Stirling,4,0,,,,,,,,,
1252684,2021,2021-08-05,"Old Trafford, Manchester",1,7.1,Manchester Originals,Southern Brave,C Munro,CN Ackermann,GHS Garton,1,0,,,,,,,,,
1252684,2021,2021-08-05,"Old Trafford, Manchester",1,7.2,Manchester Originals,Southern Brave,CN Ackermann,C Munro,GHS Garton,0,0,,,,,,,,,
1252684,2021,2021-08-05,"Old Trafford, Manchester",1,7.3,Manchester Originals,Southern Brave,CN Ackermann,C Munro,GHS Garton,2,0,,,,,,,,,
1252684,2021,2021-08-05,"Old Trafford, Manchester",1,7.4,Manchester Originals,Southern Brave,CN Ackermann,C Munro,GHS Garton,2,0,,,,,,,,,
1252684,2021,2021-08-05,"Old Trafford, Manchester",1,7.5,Manchester Originals,Southern Brave,CN Ackermann,C Munro,GHS Garton,0,0,,,,,,,,,
1252684,2021,2021-08-05,"Old Trafford, Manchester",1,8.1,Manchester Originals,Southern Brave,C Munro,CN Ackermann,JB Lintott,1,0,,,,,,,,,
1252684,2021,2021-08-05,"Old Trafford, Manchester",1,8.2,Manchester Originals,Southern Brave,CN Ackermann,C Munro,JB Lintott,0,0,,,,,,caught,CN Ackermann,,
1252684,2021,2021-08-05,"Old Trafford, Manchester",1,8.3,Manchester Originals,Southern Brave,SR Hain,C Munro,JB Lintott,1,0,,,,,,,,,
1252684,2021,2021-08-05,"Old Trafford, Manchester",1,8.4,Manchester Originals,Southern Brave,C Munro,SR Hain,JB Lintott,0,0,,,,,,,,,
1252684,2021,2021-08-05,"Old Trafford, Manchester",1,8.5,Manchester Originals,Southern Brave,C Munro,SR Hain,JB Lintott,1,0,,,,,,,,,
1252684,2021,2021-08-05,"Old Trafford, Manchester",1,9.1,Manchester Originals,Southern Brave,SR Hain,C Munro,JB Lintott,1,0,,,,,,,,,
1252684,2021,2021-08-05,"Old Trafford, Manchester",1,9.2,Manchester Originals,Southern Brave,C Munro,SR Hain,JB Lintott,4,0,,,,,,,,,
1252684,2021,2021-08-05,"Old Trafford, Manchester",1,9.3,Manchester Originals,Southern Brave,C Munro,SR Hain,JB Lintott,2,0,,,,,,,,,
1252684,2021,2021-08-05,"Old Trafford, Manchester",1,9.4,Manchester Originals,Southern Brave,C Munro,SR Hain,JB Lintott,1,0,,,,,,,,,
1252684,2021,2021-08-05,"Old Trafford, Manchester",1,9.5,Manchester Originals,Southern Brave,SR Hain,C Munro,JB Lintott,1,0,,,,,,,,,
1252684,2021,2021-08-05,"Old Trafford, Manchester",1,10.1,Manchester Originals,Southern Brave,SR Hain,C Munro,TS Mills,0,0,,,,,,,,,
1252684,2021,2021-08-05,"Old Trafford, Manchester",1,10.2,Manchester Originals,Southern Brave,SR Hain,C Munro,TS Mills,0,0,,,,,,,,,
1252684,2021,2021-08-05,"Old Trafford, Manchester",1,10.3,Manchester Originals,Southern Brave,SR Hain,C Munro,TS Mills,0,1,,,,1,,,,,
1252684,2021,2021-08-05,"Old Trafford, Manchester",1,10.4,Manchester Originals,Southern Brave,C Munro,SR Hain,TS Mills,1,0,,,,,,,,,
1252684,2021,2021-08-05,"Old Trafford, Manchester",1,10.5,Manchester Originals,Southern Brave,SR Hain,C Munro,TS Mills,1,0,,,,,,,,,
1252684,2021,2021-08-05,"Old Trafford, Manchester",1,11.1,Manchester Originals,Southern Brave,C Munro,SR Hain,CJ Jordan,6,0,,,,,,,,,
1252684,2021,2021-08-05,"Old Trafford, Manchester",1,11.2,Manchester Originals,Southern Brave,C Munro,SR Hain,CJ Jordan,1,0,,,,,,,,,
1252684,2021,2021-08-05,"Old Trafford, Manchester",1,11.3,Manchester Originals,Southern Brave,SR Hain,C Munro,CJ Jordan,0,1,,,,1,,,,,
1252684,2021,2021-08-05,"Old Trafford, Manchester",1,11.4,Manchester Originals,Southern Brave,C Munro,SR Hain,CJ Jordan,2,0,,,,,,,,,
1252684,2021,2021-08-05,"Old Trafford, Manchester",1,11.5,Manchester Originals,Southern Brave,C Munro,SR Hain,CJ Jordan,4,0,,,,,,,,,
1252684,2021,2021-08-05,"Old Trafford, Manchester",1,12.1,Manchester Originals,Southern Brave,SR Hain,C Munro,GHS Garton,0,1,1,,,,,,,,
1252684,2021,2021-08-05,"Old Trafford, Manchester",1,12.2,Manchester Originals,Southern Brave,SR Hain,C Munro,GHS Garton,2,0,,,,,,,,,
1252684,2021,2021-08-05,"Old Trafford, Manchester",1,12.3,Manchester Originals,Southern Brave,SR Hain,C Munro,GHS Garton,1,0,,,,,,,,,
1252684,2021,2021-08-05,"Old Trafford, Manchester",1,12.4,Manchester Originals,Southern Brave,C Munro,SR Hain,GHS Garton,0,0,,,,,,,,,
1252684,2021,2021-08-05,"Old Trafford, Manchester",1,12.5,Manchester Originals,Southern Brave,C Munro,SR Hain,GHS Garton,0,0,,,,,,,,,
1252684,2021,2021-08-05,"Old Trafford, Manchester",1,12.6,Manchester Originals,Southern Brave,C Munro,SR Hain,GHS Garton,2,0,,,,,,,,,
1252684,2021,2021-08-05,"Old Trafford, Manchester",1,13.1,Manchester Originals,Southern Brave,C Munro,SR Hain,CJ Jordan,1,0,,,,,,,,,
1252684,2021,2021-08-05,"Old Trafford, Manchester",1,13.2,Manchester Originals,Southern Brave,SR Hain,C Munro,CJ Jordan,4,0,,,,,,,,,
1252684,2021,2021-08-05,"Old Trafford, Manchester",1,13.3,Manchester Originals,Southern Brave,SR Hain,C Munro,CJ Jordan,1,0,,,,,,,,,
1252684,2021,2021-08-05,"Old Trafford, Manchester",1,13.4,Manchester Originals,Southern Brave,C Munro,SR Hain,CJ Jordan,2,0,,,,,,,,,
1252684,2021,2021-08-05,"Old Trafford, Manchester",1,13.5,Manchester Originals,Southern Brave,C Munro,SR Hain,CJ Jordan,1,0,,,,,,,,,
1252684,2021,2021-08-05,"Old Trafford, Manchester",1,14.1,Manchester Originals,Southern Brave,C Munro,SR Hain,TS Mills,1,0,,,,,,,,,
