match_id,season,start_date,venue,innings,ball,batting_team,bowling_team,striker,non_striker,bowler,runs_off_bat,extras,wides,noballs,byes,legbyes,penalty,wicket_type,player_dismissed,other_wicket_type,other_player_dismissed
1252666,2021,2021-07-22,"Kennington Oval, London",1,0.1,Oval Invincibles,Manchester Originals,JJ Roy,SM Curran,TW Hartley,0,0,,,,,,,,,
1252666,2021,2021-07-22,"Kennington Oval, London",1,0.2,Oval Invincibles,Manchester Originals,JJ Roy,SM Curran,TW Hartley,1,0,,,,,,,,,
1252666,2021,2021-07-22,"Kennington Oval, London",1,0.3,Oval Invincibles,Manchester Originals,SM Curran,JJ Roy,TW Hartley,0,0,,,,,,,,,
1252666,2021,2021-07-22,"Kennington Oval, London",1,0.4,Oval Invincibles,Manchester Originals,SM Curran,JJ Roy,TW Hartley,6,0,,,,,,,,,
1252666,2021,2021-07-22,"Kennington Oval, London",1,0.5,Oval Invincibles,Manchester Originals,SM Curran,JJ Roy,TW Hartley,0,0,,,,,,bowled,SM Curran,,
1252666,2021,2021-07-22,"Kennington Oval, London",1,1.1,Oval Invincibles,Manchester Originals,SP Narine,JJ Roy,TW Hartley,0,0,,,,,,,,,
1252666,2021,2021-07-22,"Kennington Oval, London",1,1.2,Oval Invincibles,Manchester Originals,SP Narine,JJ Roy,TW Hartley,0,1,,,,1,,,,,
1252666,2021,2021-07-22,"Kennington Oval, London",1,1.3,Oval Invincibles,Manchester Originals,JJ Roy,SP Narine,TW Hartley,0,0,,,,,,,,,
1252666,2021,2021-07-22,"Kennington Oval, London",1,1.4,Oval Invincibles,Manchester Originals,JJ Roy,SP Narine,TW Hartley,1,0,,,,,,,,,
1252666,2021,2021-07-22,"Kennington Oval, London",1,1.5,Oval Invincibles,Manchester Originals,SP Narine,JJ Roy,TW Hartley,1,0,,,,,,,,,
1252666,2021,2021-07-22,"Kennington Oval, London",1,2.1,Oval Invincibles,Manchester Originals,SP Narine,JJ Roy,FJ Klaassen,1,0,,,,,,,,,
1252666,2021,2021-07-22,"Kennington Oval, London",1,2.2,Oval Invincibles,Manchester Originals,JJ Roy,SP Narine,FJ Klaassen,4,0,,,,,,,,,
1252666,2021,2021-07-22,"Kennington Oval, London",1,2.3,Oval Invincibles,Manchester Originals,JJ Roy,SP Narine,FJ Klaassen,1,0,,,,,,,,,
1252666,2021,2021-07-22,"Kennington Oval, London",1,2.4,Oval Invincibles,Manchester Originals,SP Narine,JJ Roy,FJ Klaassen,0,0,,,,,,lbw,SP Narine,,
1252666,2021,2021-07-22,"Kennington Oval, London",1,2.5,Oval Invincibles,Manchester Originals,WG Jacks,JJ Roy,FJ Klaassen,1,0,,,,,,,,,
1252666,2021,2021-07-22,"Kennington Oval, London",1,3.1,Oval Invincibles,Manchester Originals,JJ Roy,WG Jacks,ST Finn,4,0,,,,,,,,,
1252666,2021,2021-07-22,"Kennington Oval, London",1,3.2,Oval Invincibles,Manchester Originals,JJ Roy,WG Jacks,ST Finn,4,0,,,,,,,,,
1252666,2021,2021-07-22,"Kennington Oval, London",1,3.3,Oval Invincibles,Manchester Originals,JJ Roy,WG Jacks,ST Finn,1,0,,,,,,,,,
1252666,2021,2021-07-22,"Kennington Oval, London",1,3.4,Oval Invincibles,Manchester Originals,WG Jacks,JJ Roy,ST Finn,1,0,,,,,,,,,
1252666,2021,2021-07-22,"Kennington Oval, London",1,3.5,Oval Invincibles,Manchester Originals,JJ Roy,WG Jacks,ST Finn,0,0,,,,,,,,,
1252666,2021,2021-07-22,"Kennington Oval, London",1,4.1,Oval Invincibles,Manchester Originals,WG Jacks,JJ Roy,TW Hartley,1,0,,,,,,,,,
1252666,2021,2021-07-22,"Kennington Oval, London",1,4.2,Oval Invincibles,Manchester Originals,JJ Roy,WG Jacks,TW Hartley,4,0,,,,,,,,,
1252666,2021,2021-07-22,"Kennington Oval, London",1,4.3,Oval Invincibles,Manchester Originals,JJ Roy,WG Jacks,TW Hartley,0,0,,,,,,caught,JJ Roy,,
1252666,2021,2021-07-22,"Kennington Oval, London",1,4.4,Oval Invincibles,Manchester Originals,SW Billings,WG Jacks,TW Hartley,1,0,,,,,,,,,
1252666,2021,2021-07-22,"Kennington Oval, London",1,4.5,Oval Invincibles,Manchester Originals,WG Jacks,SW Billings,TW Hartley,1,0,,,,,,,,,
1252666,2021,2021-07-22,"Kennington Oval, London",1,5.1,Oval Invincibles,Manchester Originals,SW Billings,WG Jacks,CR Brathwaite,0,0,,,,,,,,,
1252666,2021,2021-07-22,"Kennington Oval, London",1,5.2,Oval Invincibles,Manchester Originals,SW Billings,WG Jacks,CR Brathwaite,1,0,,,,,,,,,
1252666,2021,2021-07-22,"Kennington Oval, London",1,5.3,Oval Invincibles,Manchester Originals,WG Jacks,SW Billings,CR Brathwaite,4,0,,,,,,,,,
1252666,2021,2021-07-22,"Kennington Oval, London",1,5.4,Oval Invincibles,Manchester Originals,WG Jacks,SW Billings,CR Brathwaite,1,0,,,,,,,,,
1252666,2021,2021-07-22,"Kennington Oval, London",1,5.5,Oval Invincibles,Manchester Originals,SW Billings,WG Jacks,CR Brathwaite,1,0,,,,,,,,,
1252666,2021,2021-07-22,"Kennington Oval, London",1,6.1,Oval Invincibles,Manchester Originals,SW Billings,WG Jacks,MW Parkinson,1,0,,,,,,,,,
1252666,2021,2021-07-22,"Kennington Oval, London",1,6.2,Oval Invincibles,Manchester Originals,WG Jacks,SW Billings,MW Parkinson,6,0,,,,,,,,,
1252666,2021,2021-07-22,"Kennington Oval, London",1,6.3,Oval Invincibles,Manchester Originals,WG Jacks,SW Billings,MW Parkinson,0,0,,,,,,,,,
1252666,2021,2021-07-22,"Kennington Oval, London",1,6.4,Oval Invincibles,Manchester Originals,WG Jacks,SW Billings,MW Parkinson,0,0,,,,,,caught,WG Jacks,,
1252666,2021,2021-07-22,"Kennington Oval, London",1,6.5,Oval Invincibles,Manchester Originals,CA Ingram,SW Billings,MW Parkinson,1,0,,,,,,,,,
1252666,2021,2021-07-22,"Kennington Oval, London",1,7.1,Oval Invincibles,Manchester Originals,SW Billings,CA Ingram,CG Harrison,1,0,,,,,,,,,
1252666,2021,2021-07-22,"Kennington Oval, London",1,7.2,Oval Invincibles,Manchester Originals,CA Ingram,SW Billings,CG Harrison,1,0,,,,,,,,,
1252666,2021,2021-07-22,"Kennington Oval, London",1,7.3,Oval Invincibles,Manchester Originals,SW Billings,CA Ingram,CG Harrison,1,0,,,,,,,,,
1252666,2021,2021-07-22,"Kennington Oval, London",1,7.4,Oval Invincibles,Manchester Originals,CA Ingram,SW Billings,CG Harrison,1,0,,,,,,,,,
1252666,2021,2021-07-22,"Kennington Oval, London",1,7.5,Oval Invincibles,Manchester Originals,SW Billings,CA Ingram,CG Harrison,2,0,,,,,,,,,
1252666,2021,2021-07-22,"Kennington Oval, London",1,8.1,Oval Invincibles,Manchester Originals,CA Ingram,SW Billings,ST Finn,1,0,,,,,,,,,
1252666,2021,2021-07-22,"Kennington Oval, London",1,8.2,Oval Invincibles,Manchester Originals,SW Billings,CA Ingram,ST Finn,1,0,,,,,,,,,
1252666,2021,2021-07-22,"Kennington Oval, London",1,8.3,Oval Invincibles,Manchester Originals,CA Ingram,SW Billings,ST Finn,0,0,,,,,,,,,
1252666,2021,2021-07-22,"Kennington Oval, London",1,8.4,Oval Invincibles,Manchester Originals,CA Ingram,SW Billings,ST Finn,0,1,1,,,,,,,,
1252666,2021,2021-07-22,"Kennington Oval, London",1,8.5,Oval Invincibles,Manchester Originals,CA Ingram,SW Billings,ST Finn,1,0,,,,,,,,,
1252666,2021,2021-07-22,"Kennington Oval, London",1,8.6,Oval Invincibles,Manchester Originals,SW Billings,CA Ingram,ST Finn,0,0,,,,,,,,,
1252666,2021,2021-07-22,"Kennington Oval, London",1,9.1,Oval Invincibles,Manchester Originals,SW Billings,CA Ingram,MW Parkinson,0,0,,,,,,,,,
1252666,2021,2021-07-22,"Kennington Oval, London",1,9.2,Oval Invincibles,Manchester Originals,SW Billings,CA Ingram,MW Parkinson,1,0,,,,,,,,,
1252666,2021,2021-07-22,"Kennington Oval, London",1,9.3,Oval Invincibles,Manchester Originals,CA Ingram,SW Billings,MW Parkinson,1,0,,,,,,,,,
1252666,2021,2021-07-22,"Kennington Oval, London",1,9.4,Oval Invincibles,Manchester Originals,SW Billings,CA Ingram,MW Parkinson,6,0,,,,,,,,,
1252666,2021,2021-07-22,"Kennington Oval, London",1,9.5,Oval Invincibles,Manchester Originals,SW Billings,CA Ingram,MW Parkinson,2,0,,,,,,,,,
1252666,2021,2021-07-22,"Kennington Oval, London",1,10.1,Oval Invincibles,Manchester Originals,CA Ingram,SW Billings,CR Brathwaite,4,0,,,,,,,,,
1252666,2021,2021-07-22,"Kennington Oval, London",1,10.2,Oval Invincibles,Manchester Originals,CA Ingram,SW Billings,CR Brathwaite,1,0,,,,,,,,,
1252666,2021,2021-07-22,"Kennington Oval, London",1,10.3,Oval Invincibles,Manchester Originals,SW Billings,CA Ingram,CR Brathwaite,4,0,,,,,,,,,
1252666,2021,2021-07-22,"Kennington Oval, London",1,10.4,Oval Invincibles,Manchester Originals,SW Billings,CA Ingram,CR Brathwaite,1,0,,,,,,,,,
1252666,2021,2021-07-22,"Kennington Oval, London",1,10.5,Oval Invincibles,Manchester Originals,CA Ingram,SW Billings,CR Brathwaite,1,0,,,,,,,,,
1252666,2021,2021-07-22,"Kennington Oval, London",1,11.1,Oval Invincibles,Manchester Originals,SW Billings,CA Ingram,FJ Klaassen,1,0,,,,,,,,,
1252666,2021,2021-07-22,"Kennington Oval, London",1,11.2,Oval Invincibles,Manchester Originals,CA Ingram,SW Billings,FJ Klaassen,0,0,,,,,,,,,
1252666,2021,2021-07-22,"Kennington Oval, London",1,11.3,Oval Invincibles,Manchester Originals,CA Ingram,SW Billings,FJ Klaassen,1,0,,,,,,,,,
1252666,2021,2021-07-22,"Kennington Oval, London",1,11.4,Oval Invincibles,Manchester Originals,SW Billings,CA Ingram,FJ Klaassen,4,0,,,,,,,,,
1252666,2021,2021-07-22,"Kennington Oval, London",1,11.5,Oval Invincibles,Manchester Originals,SW Billings,CA Ingram,FJ Klaassen,2,0,,,,,,,,,
1252666,2021,2021-07-22,"Kennington Oval, London",1,12.1,Oval Invincibles,Manchester Originals,CA Ingram,SW Billings,CG Harrison,1,0,,,,,,,,,
1252666,2021,2021-07-22,"Kennington Oval, London",1,12.2,Oval Invincibles,Manchester Originals,SW Billings,CA Ingram,CG Harrison,1,0,,,,,,,,,
1252666,2021,2021-07-22,"Kennington Oval, London",1,12.3,Oval Invincibles,Manchester Originals,CA Ingram,SW Billings,CG Harrison,1,0,,,,,,,,,
1252666,2021,2021-07-22,"Kennington Oval, London",1,12.4,Oval Invincibles,Manchester Originals,SW Billings,CA Ingram,CG Harrison,1,0,,,,,,,,,
1252666,2021,2021-07-22,"Kennington Oval, London",1,12.5,Oval Invincibles,Manchester Originals,CA Ingram,SW Billings,CG Harrison,1,0,,,,,,,,,
1252666,2021,2021-07-22,"Kennington Oval, London",1,13.1,Oval Invincibles,Manchester Originals,SW Billings,CA Ingram,CG Harrison,1,0,,,,,,,,,
1252666,2021,2021-07-22,"Kennington Oval, London",1,13.2,Oval Invincibles,Manchester Originals,CA Ingram,SW Billings,CG Harrison,1,0,,,,,,,,,
1252666,2021,2021-07-22,"Kennington Oval, London",1,13.3,Oval Invincibles,Manchester Originals,SW Billings,CA Ingram,CG Harrison,0,0,,,,,,,,,
1252666,2021,2021-07-22,"Kennington Oval, London",1,13.4,Oval Invincibles,Manchester Originals,SW Billings,CA Ingram,CG Harrison,6,0,,,,,,,,,
1252666,2021,2021-07-22,"Kennington Oval, London",1,13.5,Oval Invincibles,Manchester Originals,SW Billings,CA Ingram,CG Harrison,4,0,,,,,,,,,
1252666,2021,2021-07-22,"Kennington Oval, London",1,14.1,Oval Invincibles,Manchester Originals,CA Ingram,SW Billings,ST Finn,0,0,,,,,,caught,CA Ingram,,
1252666,2021,2021-07-22,"Kennington Oval, London",1,14.2,Oval Invincibles,Manchester Originals,LJ Evans,SW Billings,ST Finn,0,0,,,,,,,,,
1252666,2021,2021-07-22,"Kennington Oval, London",1,14.3,Oval Invincibles,Manchester Originals,LJ Evans,SW Billings,ST Finn,0,0,,,,,,caught,LJ Evans,,
1252666,2021,2021-07-22,"Kennington Oval, London",1,14.4,Oval Invincibles,Manchester Originals,TK Curran,SW Billings,ST Finn,4,0,,,,,,,,,
1252666,2021,2021-07-22,"Kennington Oval, London",1,14.5,Oval Invincibles,Manchester Originals,TK Curran,SW Billings,ST Finn,4,0,,,,,,,,,
1252666,2021,2021-07-22,"Kennington Oval, London",1,15.1,Oval Invincibles,Manchester Originals,TK Curran,SW Billings,MW Parkinson,1,0,,,,,,,,,
1252666,2021,2021-07-22,"Kennington Oval, London",1,15.2,Oval Invincibles,Manchester Originals,SW Billings,TK Curran,MW Parkinson,0,0,,,,,,,,,
1252666,2021,2021-07-22,"Kennington Oval, London",1,15.3,Oval Invincibles,Manchester Originals,SW Billings,TK Curran,MW Parkinson,1,0,,,,,,,,,
1252666,2021,2021-07-22,"Kennington Oval, London",1,15.4,Oval Invincibles,Manchester Originals,TK Curran,SW Billings,MW Parkinson,0,0,,,,,,,,,
1252666,2021,2021-07-22,"Kennington Oval, London",1,15.5,Oval Invincibles,Manchester Originals,TK Curran,SW Billings,MW Parkinson,1,0,,,,,,,,,
1252666,2021,2021-07-22,"Kennington Oval, London",1,16.1,Oval Invincibles,Manchester Originals,TK Curran,SW Billings,CR Brathwaite,4,0,,,,,,,,,
1252666,2021,2021-07-22,"Kennington Oval, London",1,16.2,Oval Invincibles,Manchester Originals,TK Curran,SW Billings,CR Brathwaite,1,0,,,,,,,,,
1252666,2021,2021-07-22,"Kennington Oval, London",1,16.3,Oval Invincibles,Manchester Originals,SW Billings,TK Curran,CR Brathwaite,1,0,,,,,,,,,
1252666,2021,2021-07-22,"Kennington Oval, London",1,16.4,Oval Invincibles,Manchester Originals,TK Curran,SW Billings,CR Brathwaite,0,0,,,,,,,,,
1252666,2021,2021-07-22,"Kennington Oval, London",1,16.5,Oval Invincibles,Manchester Originals,TK Curran,SW Billings,CR Brathwaite,1,0,,,,,,,,,
1252666,2021,2021-07-22,"Kennington Oval, London",1,17.1,Oval Invincibles,Manchester Originals,SW Billings,TK Curran,FJ Klaassen,4,0,,,,,,,,,
1252666,2021,2021-07-22,"Kennington Oval, London",1,17.2,Oval Invincibles,Manchester Originals,SW Billings,TK Curran,FJ Klaassen,0,0,,,,,,caught,SW Billings,,
1252666,2021,2021-07-22,"Kennington Oval, London",1,17.3,Oval Invincibles,Manchester Originals,NA Sowter,TK Curran,FJ Klaassen,4,0,,,,,,,,,
1252666,2021,2021-07-22,"Kennington Oval, London",1,17.4,Oval Invincibles,Manchester Originals,NA Sowter,TK Curran,FJ Klaassen,0,0,,,,,,bowled,NA Sowter,,
1252666,2021,2021-07-22,"Kennington Oval, London",1,17.5,Oval Invincibles,Manchester Originals,S Mahmood,TK Curran,FJ Klaassen,0,0,,,,,,,,,
1252666,2021,2021-07-22,"Kennington Oval, London",1,18.1,Oval Invincibles,Manchester Originals,TK Curran,S Mahmood,MW Parkinson,2,0,,,,,,,,,
1252666,2021,2021-07-22,"Kennington Oval, London",1,18.2,Oval Invincibles,Manchester Originals,TK Curran,S Mahmood,MW Parkinson,2,0,,,,,,,,,
1252666,2021,2021-07-22,"Kennington Oval, London",1,18.3,Oval Invincibles,Manchester Originals,TK Curran,S Mahmood,MW Parkinson,0,0,,,,,,,,,
1252666,2021,2021-07-22,"Kennington Oval, London",1,18.4,Oval Invincibles,Manchester Originals,TK Curran,S Mahmood,MW Parkinson,1,0,,,,,,,,,
1252666,2021,2021-07-22,"Kennington Oval, London",1,18.5,Oval Invincibles,Manchester Originals,S Mahmood,TK Curran,MW Parkinson,1,0,,,,,,,,,
1252666,2021,2021-07-22,"Kennington Oval, London",1,19.1,Oval Invincibles,Manchester Originals,TK Curran,S Mahmood,TW Hartley,2,0,,,,,,,,,
1252666,2021,2021-07-22,"Kennington Oval, London",1,19.2,Oval Invincibles,Manchester Originals,TK Curran,S Mahmood,TW Hartley,0,0,,,,,,,,,
1252666,2021,2021-07-22,"Kennington Oval, London",1,19.3,Oval Invincibles,Manchester Originals,TK Curran,S Mahmood,TW Hartley,0,0,,,,,,,,,
1252666,2021,2021-07-22,"Kennington Oval, London",1,19.4,Oval Invincibles,Manchester Originals,TK Curran,S Mahmood,TW Hartley,6,0,,,,,,,,,
1252666,2021,2021-07-22,"Kennington Oval, London",1,19.5,Oval Invincibles,Manchester Originals,TK Curran,S Mahmood,TW Hartley,0,0,,,,,,,,,
1252666,2021,2021-07-22,"Kennington Oval, London",2,0.1,Manchester Originals,Oval Invincibles,PD Salt,JC Buttler,SM Curran,0,0,,,,,,,,,
1252666,2021,2021-07-22,"Kennington Oval, London",2,0.2,Manchester Originals,Oval Invincibles,PD Salt,JC Buttler,SM Curran,4,0,,,,,,,,,
1252666,2021,2021-07-22,"Kennington Oval, London",2,0.3,Manchester Originals,Oval Invincibles,PD Salt,JC Buttler,SM Curran,0,0,,,,,,,,,
1252666,2021,2021-07-22,"Kennington Oval, London",2,0.4,Manchester Originals,Oval Invincibles,PD Salt,JC Buttler,SM Curran,0,0,,,,,,,,,
1252666,2021,2021-07-22,"Kennington Oval, London",2,0.5,Manchester Originals,Oval Invincibles,PD Salt,JC Buttler,SM Curran,0,0,,,,,,caught,PD Salt,,
1252666,2021,2021-07-22,"Kennington Oval, London",2,1.1,Manchester Originals,Oval Invincibles,JM Clarke,JC Buttler,SM Curran,4,0,,,,,,,,,
1252666,2021,2021-07-22,"Kennington Oval, London",2,1.2,Manchester Originals,Oval Invincibles,JM Clarke,JC Buttler,SM Curran,1,0,,,,,,,,,
1252666,2021,2021-07-22,"Kennington Oval, London",2,1.3,Manchester Originals,Oval Invincibles,JC Buttler,JM Clarke,SM Curran,0,0,,,,,,,,,
1252666,2021,2021-07-22,"Kennington Oval, London",2,1.4,Manchester Originals,Oval Invincibles,JC Buttler,JM Clarke,SM Curran,1,0,,,,,,,,,
1252666,2021,2021-07-22,"Kennington Oval, London",2,1.5,Manchester Originals,Oval Invincibles,JM Clarke,JC Buttler,SM Curran,1,0,,,,,,,,,
1252666,2021,2021-07-22,"Kennington Oval, London",2,2.1,Manchester Originals,Oval Invincibles,JM Clarke,JC Buttler,S Mahmood,0,0,,,,,,,,,
1252666,2021,2021-07-22,"Kennington Oval, London",2,2.2,Manchester Originals,Oval Invincibles,JM Clarke,JC Buttler,S Mahmood,2,0,,,,,,,,,
1252666,2021,2021-07-22,"Kennington Oval, London",2,2.3,Manchester Originals,Oval Invincibles,JM Clarke,JC Buttler,S Mahmood,4,0,,,,,,,,,
1252666,2021,2021-07-22,"Kennington Oval, London",2,2.4,Manchester Originals,Oval Invincibles,JM Clarke,JC Buttler,S Mahmood,0,0,,,,,,,,,
1252666,2021,2021-07-22,"Kennington Oval, London",2,2.5,Manchester Originals,Oval Invincibles,JM Clarke,JC Buttler,S Mahmood,0,1,,,,1,,,,,
1252666,2021,2021-07-22,"Kennington Oval, London",2,3.1,Manchester Originals,Oval Invincibles,JC Buttler,JM Clarke,SP Narine,0,0,,,,,,,,,
1252666,2021,2021-07-22,"Kennington Oval, London",2,3.2,Manchester Originals,Oval Invincibles,JC Buttler,JM Clarke,SP Narine,1,0,,,,,,,,,
1252666,2021,2021-07-22,"Kennington Oval, London",2,3.3,Manchester Originals,Oval Invincibles,JM Clarke,JC Buttler,SP Narine,3,0,,,,,,,,,
1252666,2021,2021-07-22,"Kennington Oval, London",2,3.4,Manchester Originals,Oval Invincibles,JC Buttler,JM Clarke,SP Narine,0,0,,,,,,,,,
1252666,2021,2021-07-22,"Kennington Oval, London",2,3.5,Manchester Originals,Oval Invincibles,JC Buttler,JM Clarke,SP Narine,2,0,,,,,,,,,
1252666,2021,2021-07-22,"Kennington Oval, London",2,4.1,Manchester Originals,Oval Invincibles,JM Clarke,JC Buttler,RJW Topley,0,0,,,,,,caught,JM Clarke,,
1252666,2021,2021-07-22,"Kennington Oval, London",2,4.2,Manchester Originals,Oval Invincibles,C Munro,JC Buttler,RJW Topley,0,0,,,,,,,,,
1252666,2021,2021-07-22,"Kennington Oval, London",2,4.3,Manchester Originals,Oval Invincibles,C Munro,JC Buttler,RJW Topley,0,0,,,,,,,,,
1252666,2021,2021-07-22,"Kennington Oval, London",2,4.4,Manchester Originals,Oval Invincibles,C Munro,JC Buttler,RJW Topley,0,0,,,,,,,,,
1252666,2021,2021-07-22,"Kennington Oval, London",2,4.5,Manchester Originals,Oval Invincibles,C Munro,JC Buttler,RJW Topley,4,0,,,,,,,,,
1252666,2021,2021-07-22,"Kennington Oval, London",2,5.1,Manchester Originals,Oval Invincibles,C Munro,JC Buttler,RJW Topley,4,0,,,,,,,,,
1252666,2021,2021-07-22,"Kennington Oval, London",2,5.2,Manchester Originals,Oval Invincibles,C Munro,JC Buttler,RJW Topley,1,0,,,,,,,,,
1252666,2021,2021-07-22,"Kennington Oval, London",2,5.3,Manchester Originals,Oval Invincibles,JC Buttler,C Munro,RJW Topley,0,1,,,,1,,,,,
1252666,2021,2021-07-22,"Kennington Oval, London",2,5.4,Manchester Originals,Oval Invincibles,C Munro,JC Buttler,RJW Topley,1,0,,,,,,,,,
1252666,2021,2021-07-22,"Kennington Oval, London",2,5.5,Manchester Originals,Oval Invincibles,JC Buttler,C Munro,RJW Topley,0,0,,,,,,,,,
1252666,2021,2021-07-22,"Kennington Oval, London",2,6.1,Manchester Originals,Oval Invincibles,C Munro,JC Buttler,SP Narine,0,0,,,,,,,,,
1252666,2021,2021-07-22,"Kennington Oval, London",2,6.2,Manchester Originals,Oval Invincibles,C Munro,JC Buttler,SP Narine,0,1,1,,,,,,,,
1252666,2021,2021-07-22,"Kennington Oval, London",2,6.3,Manchester Originals,Oval Invincibles,C Munro,JC Buttler,SP Narine,1,0,,,,,,,,,
1252666,2021,2021-07-22,"Kennington Oval, London",2,6.4,Manchester Originals,Oval Invincibles,JC Buttler,C Munro,SP Narine,4,0,,,,,,,,,
1252666,2021,2021-07-22,"Kennington Oval, London",2,6.5,Manchester Originals,Oval Invincibles,JC Buttler,C Munro,SP Narine,0,0,,,,,,caught,JC Buttler,,
1252666,2021,2021-07-22,"Kennington Oval, London",2,6.6,Manchester Originals,Oval Invincibles,TA Lammonby,C Munro,SP Narine,1,0,,,,,,,,,
1252666,2021,2021-07-22,"Kennington Oval, London",2,7.1,Manchester Originals,Oval Invincibles,C Munro,TA Lammonby,WG Jacks,0,0,,,,,,,,,
1252666,2021,2021-07-22,"Kennington Oval, London",2,7.2,Manchester Originals,Oval Invincibles,C Munro,TA Lammonby,WG Jacks,0,0,,,,,,,,,
1252666,2021,2021-07-22,"Kennington Oval, London",2,7.3,Manchester Originals,Oval Invincibles,C Munro,TA Lammonby,WG Jacks,1,0,,,,,,,,,
1252666,2021,2021-07-22,"Kennington Oval, London",2,7.4,Manchester Originals,Oval Invincibles,TA Lammonby,C Munro,WG Jacks,1,0,,,,,,,,,
1252666,2021,2021-07-22,"Kennington Oval, London",2,7.5,Manchester Originals,Oval Invincibles,C Munro,TA Lammonby,WG Jacks,6,0,,,,,,,,,
1252666,2021,2021-07-22,"Kennington Oval, London",2,8.1,Manchester Originals,Oval Invincibles,TA Lammonby,C Munro,NA Sowter,0,0,,,,,,caught,TA Lammonby,,
1252666,2021,2021-07-22,"Kennington Oval, London",2,8.2,Manchester Originals,Oval Invincibles,CR Brathwaite,C Munro,NA Sowter,0,1,1,,,,,,,,
1252666,2021,2021-07-22,"Kennington Oval, London",2,8.3,Manchester Originals,Oval Invincibles,CR Brathwaite,C Munro,NA Sowter,0,2,2,,,,,,,,
1252666,2021,2021-07-22,"Kennington Oval, London",2,8.4,Manchester Originals,Oval Invincibles,C Munro,CR Brathwaite,NA Sowter,1,0,,,,,,,,,
1252666,2021,2021-07-22,"Kennington Oval, London",2,8.5,Manchester Originals,Oval Invincibles,CR Brathwaite,C Munro,NA Sowter,1,0,,,,,,,,,
1252666,2021,2021-07-22,"Kennington Oval, London",2,8.6,Manchester Originals,Oval Invincibles,C Munro,CR Brathwaite,NA Sowter,1,0,,,,,,,,,
1252666,2021,2021-07-22,"Kennington Oval, London",2,8.7,Manchester Originals,Oval Invincibles,CR Brathwaite,C Munro,NA Sowter,1,0,,,,,,,,,
1252666,2021,2021-07-22,"Kennington Oval, London",2,9.1,Manchester Originals,Oval Invincibles,C Munro,CR Brathwaite,TK Curran,0,0,,,,,,,,,
1252666,2021,2021-07-22,"Kennington Oval, London",2,9.2,Manchester Originals,Oval Invincibles,C Munro,CR Brathwaite,TK Curran,1,0,,,,,,,,,
1252666,2021,2021-07-22,"Kennington Oval, London",2,9.3,Manchester Originals,Oval Invincibles,CR Brathwaite,C Munro,TK Curran,0,0,,,,,,,,,
1252666,2021,2021-07-22,"Kennington Oval, London",2,9.4,Manchester Originals,Oval Invincibles,CR Brathwaite,C Munro,TK Curran,0,0,,,,,,,,,
1252666,2021,2021-07-22,"Kennington Oval, London",2,9.5,Manchester Originals,Oval Invincibles,CR Brathwaite,C Munro,TK Curran,0,0,,,,,,,,,
1252666,2021,2021-07-22,"Kennington Oval, London",2,10.1,Manchester Originals,Oval Invincibles,C Munro,CR Brathwaite,SP Narine,0,1,,,,1,,,,,
1252666,2021,2021-07-22,"Kennington Oval, London",2,10.2,Manchester Originals,Oval Invincibles,CR Brathwaite,C Munro,SP Narine,0,1,1,,,,,,,,
1252666,2021,2021-07-22,"Kennington Oval, London",2,10.3,Manchester Originals,Oval Invincibles,CR Brathwaite,C Munro,SP Narine,1,0,,,,,,,,,
1252666,2021,2021-07-22,"Kennington Oval, London",2,10.4,Manchester Originals,Oval Invincibles,C Munro,CR Brathwaite,SP Narine,1,0,,,,,,,,,
1252666,2021,2021-07-22,"Kennington Oval, London",2,10.5,Manchester Originals,Oval Invincibles,CR Brathwaite,C Munro,SP Narine,0,0,,,,,,,,,
1252666,2021,2021-07-22,"Kennington Oval, London",2,10.6,Manchester Originals,Oval Invincibles,CR Brathwaite,C Munro,SP Narine,0,0,,,,,,,,,
1252666,2021,2021-07-22,"Kennington Oval, London",2,11.1,Manchester Originals,Oval Invincibles,CR Brathwaite,C Munro,NA Sowter,2,0,,,,,,,,,
1252666,2021,2021-07-22,"Kennington Oval, London",2,11.2,Manchester Originals,Oval Invincibles,CR Brathwaite,C Munro,NA Sowter,1,0,,,,,,,,,
1252666,2021,2021-07-22,"Kennington Oval, London",2,11.3,Manchester Originals,Oval Invincibles,C Munro,CR Brathwaite,NA Sowter,4,0,,,,,,,,,
1252666,2021,2021-07-22,"Kennington Oval, London",2,11.4,Manchester Originals,Oval Invincibles,C Munro,CR Brathwaite,NA Sowter,0,0,,,,,,,,,
1252666,2021,2021-07-22,"Kennington Oval, London",2,11.5,Manchester Originals,Oval Invincibles,C Munro,CR Brathwaite,NA Sowter,0,0,,,,,,caught,C Munro,,
1252666,2021,2021-07-22,"Kennington Oval, London",2,12.1,Manchester Originals,Oval Invincibles,CR Brathwaite,CG Harrison,TK Curran,1,0,,,,,,,,,
1252666,2021,2021-07-22,"Kennington Oval, London",2,12.2,Manchester Originals,Oval Invincibles,CG Harrison,CR Brathwaite,TK Curran,1,0,,,,,,,,,
1252666,2021,2021-07-22,"Kennington Oval, London",2,12.3,Manchester Originals,Oval Invincibles,CR Brathwaite,CG Harrison,TK Curran,1,0,,,,,,,,,
1252666,2021,2021-07-22,"Kennington Oval, London",2,12.4,Manchester Originals,Oval Invincibles,CG Harrison,CR Brathwaite,TK Curran,1,0,,,,,,,,,
1252666,2021,2021-07-22,"Kennington Oval, London",2,12.5,Manchester Originals,Oval Invincibles,CR Brathwaite,CG Harrison,TK Curran,0,0,,,,,,,,,
1252666,2021,2021-07-22,"Kennington Oval, London",2,13.1,Manchester Originals,Oval Invincibles,CR Brathwaite,CG Harrison,RJW Topley,1,0,,,,,,,,,
1252666,2021,2021-07-22,"Kennington Oval, London",2,13.2,Manchester Originals,Oval Invincibles,CG Harrison,CR Brathwaite,RJW Topley,4,0,,,,,,,,,
1252666,2021,2021-07-22,"Kennington Oval, London",2,13.3,Manchester Originals,Oval Invincibles,CG Harrison,CR Brathwaite,RJW Topley,0,1,1,,,,,,,,
1252666,2021,2021-07-22,"Kennington Oval, London",2,13.4,Manchester Originals,Oval Invincibles,CG Harrison,CR Brathwaite,RJW Topley,1,0,,,,,,,,,
1252666,2021,2021-07-22,"Kennington Oval, London",2,13.5,Manchester Originals,Oval Invincibles,CR Brathwaite,CG Harrison,RJW Topley,4,0,,,,,,,,,
1252666,2021,2021-07-22,"Kennington Oval, London",2,13.6,Manchester Originals,Oval Invincibles,CR Brathwaite,CG Harrison,RJW Topley,4,0,,,,,,,,,
1252666,2021,2021-07-22,"Kennington Oval, London",2,14.1,Manchester Originals,Oval Invincibles,CG Harrison,CR Brathwaite,NA Sowter,0,1,,,,1,,,,,
1252666,2021,2021-07-22,"Kennington Oval, London",2,14.2,Manchester Originals,Oval Invincibles,CR Brathwaite,CG Harrison,NA Sowter,1,0,,,,,,,,,
1252666,2021,2021-07-22,"Kennington Oval, London",2,14.3,Manchester Originals,Oval Invincibles,CG Harrison,CR Brathwaite,NA Sowter,1,0,,,,,,,,,
1252666,2021,2021-07-22,"Kennington Oval, London",2,14.4,Manchester Originals,Oval Invincibles,CR Brathwaite,CG Harrison,NA Sowter,1,0,,,,,,,,,
1252666,2021,2021-07-22,"Kennington Oval, London",2,14.5,Manchester Originals,Oval Invincibles,CG Harrison,CR Brathwaite,NA Sowter,1,0,,,,,,,,,
1252666,2021,2021-07-22,"Kennington Oval, London",2,15.1,Manchester Originals,Oval Invincibles,CR Brathwaite,CG Harrison,SP Narine,0,0,,,,,,,,,
1252666,2021,2021-07-22,"Kennington Oval, London",2,15.2,Manchester Originals,Oval Invincibles,CR Brathwaite,CG Harrison,SP Narine,2,0,,,,,,,,,
1252666,2021,2021-07-22,"Kennington Oval, London",2,15.3,Manchester Originals,Oval Invincibles,CR Brathwaite,CG Harrison,SP Narine,2,0,,,,,,,,,
1252666,2021,2021-07-22,"Kennington Oval, London",2,15.4,Manchester Originals,Oval Invincibles,CR Brathwaite,CG Harrison,SP Narine,1,0,,,,,,,,,
1252666,2021,2021-07-22,"Kennington Oval, London",2,15.5,Manchester Originals,Oval Invincibles,CG Harrison,CR Brathwaite,SP Narine,1,0,,,,,,,,,
1252666,2021,2021-07-22,"Kennington Oval, London",2,16.1,Manchester Originals,Oval Invincibles,CG Harrison,CR Brathwaite,TK Curran,1,0,,,,,,,,,
1252666,2021,2021-07-22,"Kennington Oval, London",2,16.2,Manchester Originals,Oval Invincibles,CR Brathwaite,CG Harrison,TK Curran,6,0,,,,,,,,,
1252666,2021,2021-07-22,"Kennington Oval, London",2,16.3,Manchester Originals,Oval Invincibles,CR Brathwaite,CG Harrison,TK Curran,1,0,,,,,,,,,
1252666,2021,2021-07-22,"Kennington Oval, London",2,16.4,Manchester Originals,Oval Invincibles,CG Harrison,CR Brathwaite,TK Curran,4,0,,,,,,,,,
1252666,2021,2021-07-22,"Kennington Oval, London",2,16.5,Manchester Originals,Oval Invincibles,CG Harrison,CR Brathwaite,TK Curran,1,0,,,,,,,,,
1252666,2021,2021-07-22,"Kennington Oval, London",2,17.1,Manchester Originals,Oval Invincibles,CR Brathwaite,CG Harrison,SM Curran,1,0,,,,,,,,,
1252666,2021,2021-07-22,"Kennington Oval, London",2,17.2,Manchester Originals,Oval Invincibles,CG Harrison,CR Brathwaite,SM Curran,1,0,,,,,,,,,
1252666,2021,2021-07-22,"Kennington Oval, London",2,17.3,Manchester Originals,Oval Invincibles,CR Brathwaite,CG Harrison,SM Curran,1,0,,,,,,,,,
1252666,2021,2021-07-22,"Kennington Oval, London",2,17.4,Manchester Originals,Oval Invincibles,CG Harrison,CR Brathwaite,SM Curran,4,0,,,,,,,,,
1252666,2021,2021-07-22,"Kennington Oval, London",2,17.5,Manchester Originals,Oval Invincibles,CG Harrison,CR Brathwaite,SM Curran,0,1,,,,1,,,,,
1252666,2021,2021-07-22,"Kennington Oval, London",2,18.1,Manchester Originals,Oval Invincibles,CG Harrison,CR Brathwaite,TK Curran,2,0,,,,,,,,,
1252666,2021,2021-07-22,"Kennington Oval, London",2,18.2,Manchester Originals,Oval Invincibles,CG Harrison,CR Brathwaite,TK Curran,0,0,,,,,,caught,CG Harrison,,
1252666,2021,2021-07-22,"Kennington Oval, London",2,18.3,Manchester Originals,Oval Invincibles,TW Hartley,CR Brathwaite,TK Curran,1,0,,,,,,,,,
1252666,2021,2021-07-22,"Kennington Oval, London",2,18.4,Manchester Originals,Oval Invincibles,CR Brathwaite,TW Hartley,TK Curran,2,0,,,,,,,,,
1252666,2021,2021-07-22,"Kennington Oval, London",2,18.5,Manchester Originals,Oval Invincibles,CR Brathwaite,TW Hartley,TK Curran,2,0,,,,,,,,,
1252666,2021,2021-07-22,"Kennington Oval, London",2,19.1,Manchester Originals,Oval Invincibles,CR Brathwaite,TW Hartley,SM Curran,0,0,,,,,,caught,CR Brathwaite,,
1252666,2021,2021-07-22,"Kennington Oval, London",2,19.2,Manchester Originals,Oval Invincibles,FJ Klaassen,TW Hartley,SM Curran,2,0,,,,,,,,,
1252666,2021,2021-07-22,"Kennington Oval, London",2,19.3,Manchester Originals,Oval Invincibles,FJ Klaassen,TW Hartley,SM Curran,0,2,,2,,,,,,,
1252666,2021,2021-07-22,"Kennington Oval, London",2,19.4,Manchester Originals,Oval Invincibles,FJ Klaassen,TW Hartley,SM Curran,1,0,,,,,,,,,
1252666,2021,2021-07-22,"Kennington Oval, London",2,19.5,Manchester Originals,Oval Invincibles,TW Hartley,FJ Klaassen,SM Curran,2,0,,,,,,,,,
1252666,2021,2021-07-22,"Kennington Oval, London",2,19.6,Manchester Originals,Oval Invincibles,TW Hartley,FJ Klaassen,SM Curran,2,0,,,,,,,,,
