match_id,season,start_date,venue,innings,ball,batting_team,bowling_team,striker,non_striker,bowler,runs_off_bat,extras,wides,noballs,byes,legbyes,penalty,wicket_type,player_dismissed,other_wicket_type,other_player_dismissed
1252681,2021,2021-08-02,"Kennington Oval, London",1,0.1,Welsh Fire,Oval Invincibles,T Banton,JJ Cobb,RJW Topley,1,0,,,,,,,,,
1252681,2021,2021-08-02,"Kennington Oval, London",1,0.2,Welsh Fire,Oval Invincibles,JJ Cobb,T Banton,RJW Topley,0,0,,,,,,,,,
1252681,2021,2021-08-02,"Kennington Oval, London",1,0.3,Welsh Fire,Oval Invincibles,JJ Cobb,T Banton,RJW Topley,0,0,,,,,,,,,
1252681,2021,2021-08-02,"Kennington Oval, London",1,0.4,Welsh Fire,Oval Invincibles,JJ Cobb,T Banton,RJW Topley,6,0,,,,,,,,,
1252681,2021,2021-08-02,"Kennington Oval, London",1,0.5,Welsh Fire,Oval Invincibles,JJ Cobb,T Banton,RJW Topley,4,0,,,,,,,,,
1252681,2021,2021-08-02,"Kennington Oval, London",1,1.1,Welsh Fire,Oval Invincibles,JJ Cobb,T Banton,S Mahmood,0,0,,,,,,,,,
1252681,2021,2021-08-02,"Kennington Oval, London",1,1.2,Welsh Fire,Oval Invincibles,JJ Cobb,T Banton,S Mahmood,0,1,,,,1,,,,,
1252681,2021,2021-08-02,"Kennington Oval, London",1,1.3,Welsh Fire,Oval Invincibles,T Banton,JJ Cobb,S Mahmood,0,4,,,4,,,,,,
1252681,2021,2021-08-02,"Kennington Oval, London",1,1.4,Welsh Fire,Oval Invincibles,T Banton,JJ Cobb,S Mahmood,1,0,,,,,,,,,
1252681,2021,2021-08-02,"Kennington Oval, London",1,1.5,Welsh Fire,Oval Invincibles,JJ Cobb,T Banton,S Mahmood,2,0,,,,,,,,,
1252681,2021,2021-08-02,"Kennington Oval, London",1,2.1,Welsh Fire,Oval Invincibles,T Banton,JJ Cobb,RJW Topley,0,0,,,,,,caught,T Banton,,
1252681,2021,2021-08-02,"Kennington Oval, London",1,2.2,Welsh Fire,Oval Invincibles,BM Duckett,JJ Cobb,RJW Topley,0,0,,,,,,run out,JJ Cobb,,
1252681,2021,2021-08-02,"Kennington Oval, London",1,2.3,Welsh Fire,Oval Invincibles,BM Duckett,GD Phillips,RJW Topley,1,0,,,,,,,,,
1252681,2021,2021-08-02,"Kennington Oval, London",1,2.4,Welsh Fire,Oval Invincibles,GD Phillips,BM Duckett,RJW Topley,0,0,,,,,,,,,
1252681,2021,2021-08-02,"Kennington Oval, London",1,2.5,Welsh Fire,Oval Invincibles,GD Phillips,BM Duckett,RJW Topley,1,0,,,,,,,,,
1252681,2021,2021-08-02,"Kennington Oval, London",1,3.1,Welsh Fire,Oval Invincibles,BM Duckett,GD Phillips,TK Curran,0,0,,,,,,,,,
1252681,2021,2021-08-02,"Kennington Oval, London",1,3.2,Welsh Fire,Oval Invincibles,BM Duckett,GD Phillips,TK Curran,4,0,,,,,,,,,
1252681,2021,2021-08-02,"Kennington Oval, London",1,3.3,Welsh Fire,Oval Invincibles,BM Duckett,GD Phillips,TK Curran,2,0,,,,,,,,,
1252681,2021,2021-08-02,"Kennington Oval, London",1,3.4,Welsh Fire,Oval Invincibles,BM Duckett,GD Phillips,TK Curran,0,0,,,,,,,,,
1252681,2021,2021-08-02,"Kennington Oval, London",1,3.5,Welsh Fire,Oval Invincibles,BM Duckett,GD Phillips,TK Curran,1,0,,,,,,,,,
1252681,2021,2021-08-02,"Kennington Oval, London",1,4.1,Welsh Fire,Oval Invincibles,BM Duckett,GD Phillips,S Mahmood,0,0,,,,,,,,,
1252681,2021,2021-08-02,"Kennington Oval, London",1,4.2,Welsh Fire,Oval Invincibles,BM Duckett,GD Phillips,S Mahmood,4,0,,,,,,,,,
1252681,2021,2021-08-02,"Kennington Oval, London",1,4.3,Welsh Fire,Oval Invincibles,BM Duckett,GD Phillips,S Mahmood,0,0,,,,,,,,,
1252681,2021,2021-08-02,"Kennington Oval, London",1,4.4,Welsh Fire,Oval Invincibles,BM Duckett,GD Phillips,S Mahmood,1,0,,,,,,,,,
1252681,2021,2021-08-02,"Kennington Oval, London",1,4.5,Welsh Fire,Oval Invincibles,GD Phillips,BM Duckett,S Mahmood,0,0,,,,,,,,,
1252681,2021,2021-08-02,"Kennington Oval, London",1,5.1,Welsh Fire,Oval Invincibles,GD Phillips,BM Duckett,T Shamsi,1,0,,,,,,,,,
1252681,2021,2021-08-02,"Kennington Oval, London",1,5.2,Welsh Fire,Oval Invincibles,BM Duckett,GD Phillips,T Shamsi,1,0,,,,,,,,,
1252681,2021,2021-08-02,"Kennington Oval, London",1,5.3,Welsh Fire,Oval Invincibles,GD Phillips,BM Duckett,T Shamsi,2,0,,,,,,,,,
1252681,2021,2021-08-02,"Kennington Oval, London",1,5.4,Welsh Fire,Oval Invincibles,GD Phillips,BM Duckett,T Shamsi,1,0,,,,,,,,,
1252681,2021,2021-08-02,"Kennington Oval, London",1,5.5,Welsh Fire,Oval Invincibles,BM Duckett,GD Phillips,T Shamsi,1,0,,,,,,,,,
1252681,2021,2021-08-02,"Kennington Oval, London",1,6.1,Welsh Fire,Oval Invincibles,BM Duckett,GD Phillips,SP Narine,2,0,,,,,,,,,
1252681,2021,2021-08-02,"Kennington Oval, London",1,6.2,Welsh Fire,Oval Invincibles,BM Duckett,GD Phillips,SP Narine,1,0,,,,,,,,,
1252681,2021,2021-08-02,"Kennington Oval, London",1,6.3,Welsh Fire,Oval Invincibles,GD Phillips,BM Duckett,SP Narine,0,0,,,,,,,,,
1252681,2021,2021-08-02,"Kennington Oval, London",1,6.4,Welsh Fire,Oval Invincibles,GD Phillips,BM Duckett,SP Narine,1,0,,,,,,,,,
1252681,2021,2021-08-02,"Kennington Oval, London",1,6.5,Welsh Fire,Oval Invincibles,BM Duckett,GD Phillips,SP Narine,0,0,,,,,,,,,
1252681,2021,2021-08-02,"Kennington Oval, London",1,7.1,Welsh Fire,Oval Invincibles,BM Duckett,GD Phillips,SP Narine,1,0,,,,,,,,,
1252681,2021,2021-08-02,"Kennington Oval, London",1,7.2,Welsh Fire,Oval Invincibles,GD Phillips,BM Duckett,SP Narine,1,0,,,,,,,,,
1252681,2021,2021-08-02,"Kennington Oval, London",1,7.3,Welsh Fire,Oval Invincibles,BM Duckett,GD Phillips,SP Narine,0,0,,,,,,,,,
1252681,2021,2021-08-02,"Kennington Oval, London",1,7.4,Welsh Fire,Oval Invincibles,BM Duckett,GD Phillips,SP Narine,2,0,,,,,,,,,
1252681,2021,2021-08-02,"Kennington Oval, London",1,7.5,Welsh Fire,Oval Invincibles,BM Duckett,GD Phillips,SP Narine,4,0,,,,,,,,,
1252681,2021,2021-08-02,"Kennington Oval, London",1,8.1,Welsh Fire,Oval Invincibles,GD Phillips,BM Duckett,T Shamsi,1,0,,,,,,,,,
1252681,2021,2021-08-02,"Kennington Oval, London",1,8.2,Welsh Fire,Oval Invincibles,BM Duckett,GD Phillips,T Shamsi,1,0,,,,,,,,,
1252681,2021,2021-08-02,"Kennington Oval, London",1,8.3,Welsh Fire,Oval Invincibles,GD Phillips,BM Duckett,T Shamsi,0,0,,,,,,bowled,GD Phillips,,
1252681,2021,2021-08-02,"Kennington Oval, London",1,8.4,Welsh Fire,Oval Invincibles,JL du Plooy,BM Duckett,T Shamsi,0,1,,,1,,,,,,
1252681,2021,2021-08-02,"Kennington Oval, London",1,8.5,Welsh Fire,Oval Invincibles,BM Duckett,JL du Plooy,T Shamsi,1,0,,,,,,,,,
1252681,2021,2021-08-02,"Kennington Oval, London",1,9.1,Welsh Fire,Oval Invincibles,JL du Plooy,BM Duckett,T Shamsi,1,0,,,,,,,,,
1252681,2021,2021-08-02,"Kennington Oval, London",1,9.2,Welsh Fire,Oval Invincibles,BM Duckett,JL du Plooy,T Shamsi,0,0,,,,,,,,,
1252681,2021,2021-08-02,"Kennington Oval, London",1,9.3,Welsh Fire,Oval Invincibles,BM Duckett,JL du Plooy,T Shamsi,0,0,,,,,,,,,
1252681,2021,2021-08-02,"Kennington Oval, London",1,9.4,Welsh Fire,Oval Invincibles,BM Duckett,JL du Plooy,T Shamsi,1,0,,,,,,,,,
1252681,2021,2021-08-02,"Kennington Oval, London",1,9.5,Welsh Fire,Oval Invincibles,JL du Plooy,BM Duckett,T Shamsi,4,0,,,,,,,,,
1252681,2021,2021-08-02,"Kennington Oval, London",1,10.1,Welsh Fire,Oval Invincibles,BM Duckett,JL du Plooy,WG Jacks,4,0,,,,,,,,,
1252681,2021,2021-08-02,"Kennington Oval, London",1,10.2,Welsh Fire,Oval Invincibles,BM Duckett,JL du Plooy,WG Jacks,1,0,,,,,,,,,
1252681,2021,2021-08-02,"Kennington Oval, London",1,10.3,Welsh Fire,Oval Invincibles,JL du Plooy,BM Duckett,WG Jacks,1,0,,,,,,,,,
1252681,2021,2021-08-02,"Kennington Oval, London",1,10.4,Welsh Fire,Oval Invincibles,BM Duckett,JL du Plooy,WG Jacks,0,0,,,,,,,,,
1252681,2021,2021-08-02,"Kennington Oval, London",1,10.5,Welsh Fire,Oval Invincibles,BM Duckett,JL du Plooy,WG Jacks,1,0,,,,,,,,,
1252681,2021,2021-08-02,"Kennington Oval, London",1,11.1,Welsh Fire,Oval Invincibles,JL du Plooy,BM Duckett,SP Narine,1,0,,,,,,,,,
1252681,2021,2021-08-02,"Kennington Oval, London",1,11.2,Welsh Fire,Oval Invincibles,BM Duckett,JL du Plooy,SP Narine,1,0,,,,,,,,,
1252681,2021,2021-08-02,"Kennington Oval, London",1,11.3,Welsh Fire,Oval Invincibles,JL du Plooy,BM Duckett,SP Narine,1,0,,,,,,,,,
1252681,2021,2021-08-02,"Kennington Oval, London",1,11.4,Welsh Fire,Oval Invincibles,BM Duckett,JL du Plooy,SP Narine,0,0,,,,,,,,,
1252681,2021,2021-08-02,"Kennington Oval, London",1,11.5,Welsh Fire,Oval Invincibles,BM Duckett,JL du Plooy,SP Narine,2,0,,,,,,,,,
1252681,2021,2021-08-02,"Kennington Oval, London",1,12.1,Welsh Fire,Oval Invincibles,JL du Plooy,BM Duckett,S Mahmood,2,0,,,,,,,,,
1252681,2021,2021-08-02,"Kennington Oval, London",1,12.2,Welsh Fire,Oval Invincibles,JL du Plooy,BM Duckett,S Mahmood,1,0,,,,,,,,,
1252681,2021,2021-08-02,"Kennington Oval, London",1,12.3,Welsh Fire,Oval Invincibles,BM Duckett,JL du Plooy,S Mahmood,4,0,,,,,,,,,
1252681,2021,2021-08-02,"Kennington Oval, London",1,12.4,Welsh Fire,Oval Invincibles,BM Duckett,JL du Plooy,S Mahmood,4,0,,,,,,,,,
1252681,2021,2021-08-02,"Kennington Oval, London",1,12.5,Welsh Fire,Oval Invincibles,BM Duckett,JL du Plooy,S Mahmood,1,0,,,,,,,,,
1252681,2021,2021-08-02,"Kennington Oval, London",1,13.1,Welsh Fire,Oval Invincibles,JL du Plooy,BM Duckett,T Shamsi,1,0,,,,,,,,,
1252681,2021,2021-08-02,"Kennington Oval, London",1,13.2,Welsh Fire,Oval Invincibles,BM Duckett,JL du Plooy,T Shamsi,0,0,,,,,,,,,
1252681,2021,2021-08-02,"Kennington Oval, London",1,13.3,Welsh Fire,Oval Invincibles,BM Duckett,JL du Plooy,T Shamsi,1,0,,,,,,,,,
1252681,2021,2021-08-02,"Kennington Oval, London",1,13.4,Welsh Fire,Oval Invincibles,JL du Plooy,BM Duckett,T Shamsi,4,0,,,,,,,,,
1252681,2021,2021-08-02,"Kennington Oval, London",1,13.5,Welsh Fire,Oval Invincibles,JL du Plooy,BM Duckett,T Shamsi,1,0,,,,,,,,,
1252681,2021,2021-08-02,"Kennington Oval, London",1,14.1,Welsh Fire,Oval Invincibles,JL du Plooy,BM Duckett,TK Curran,0,0,,,,,,caught,JL du Plooy,,
1252681,2021,2021-08-02,"Kennington Oval, London",1,14.2,Welsh Fire,Oval Invincibles,JDS Neesham,BM Duckett,TK Curran,0,0,,,,,,caught,JDS Neesham,,
1252681,2021,2021-08-02,"Kennington Oval, London",1,14.3,Welsh Fire,Oval Invincibles,MJJ Critchley,BM Duckett,TK Curran,0,0,,,,,,,,,
1252681,2021,2021-08-02,"Kennington Oval, London",1,14.4,Welsh Fire,Oval Invincibles,MJJ Critchley,BM Duckett,TK Curran,0,2,,2,,,,,,,
1252681,2021,2021-08-02,"Kennington Oval, London",1,14.5,Welsh Fire,Oval Invincibles,MJJ Critchley,BM Duckett,TK Curran,1,0,,,,,,,,,
1252681,2021,2021-08-02,"Kennington Oval, London",1,14.6,Welsh Fire,Oval Invincibles,BM Duckett,MJJ Critchley,TK Curran,0,0,,,,,,,,,
1252681,2021,2021-08-02,"Kennington Oval, London",1,15.1,Welsh Fire,Oval Invincibles,BM Duckett,MJJ Critchley,RJW Topley,0,0,,,,,,,,,
1252681,2021,2021-08-02,"Kennington Oval, London",1,15.2,Welsh Fire,Oval Invincibles,BM Duckett,MJJ Critchley,RJW Topley,0,1,,,,1,,,,,
1252681,2021,2021-08-02,"Kennington Oval, London",1,15.3,Welsh Fire,Oval Invincibles,MJJ Critchley,BM Duckett,RJW Topley,0,0,,,,,,,,,
1252681,2021,2021-08-02,"Kennington Oval, London",1,15.4,Welsh Fire,Oval Invincibles,MJJ Critchley,BM Duckett,RJW Topley,0,0,,,,,,,,,
1252681,2021,2021-08-02,"Kennington Oval, London",1,15.5,Welsh Fire,Oval Invincibles,MJJ Critchley,BM Duckett,RJW Topley,1,0,,,,,,,,,
1252681,2021,2021-08-02,"Kennington Oval, London",1,16.1,Welsh Fire,Oval Invincibles,MJJ Critchley,BM Duckett,SP Narine,0,0,,,,,,,,,
1252681,2021,2021-08-02,"Kennington Oval, London",1,16.2,Welsh Fire,Oval Invincibles,MJJ Critchley,BM Duckett,SP Narine,0,0,,,,,,,,,
1252681,2021,2021-08-02,"Kennington Oval, London",1,16.3,Welsh Fire,Oval Invincibles,MJJ Critchley,BM Duckett,SP Narine,0,0,,,,,,,,,
1252681,2021,2021-08-02,"Kennington Oval, London",1,16.4,Welsh Fire,Oval Invincibles,MJJ Critchley,BM Duckett,SP Narine,1,0,,,,,,,,,
1252681,2021,2021-08-02,"Kennington Oval, London",1,16.5,Welsh Fire,Oval Invincibles,BM Duckett,MJJ Critchley,SP Narine,1,0,,,,,,,,,
1252681,2021,2021-08-02,"Kennington Oval, London",1,17.1,Welsh Fire,Oval Invincibles,MJJ Critchley,BM Duckett,S Mahmood,0,0,,,,,,,,,
1252681,2021,2021-08-02,"Kennington Oval, London",1,17.2,Welsh Fire,Oval Invincibles,MJJ Critchley,BM Duckett,S Mahmood,0,0,,,,,,caught,MJJ Critchley,,
1252681,2021,2021-08-02,"Kennington Oval, London",1,17.3,Welsh Fire,Oval Invincibles,RF Higgins,BM Duckett,S Mahmood,1,0,,,,,,,,,
1252681,2021,2021-08-02,"Kennington Oval, London",1,17.4,Welsh Fire,Oval Invincibles,BM Duckett,RF Higgins,S Mahmood,1,0,,,,,,,,,
1252681,2021,2021-08-02,"Kennington Oval, London",1,17.5,Welsh Fire,Oval Invincibles,RF Higgins,BM Duckett,S Mahmood,1,0,,,,,,,,,
1252681,2021,2021-08-02,"Kennington Oval, London",1,18.1,Welsh Fire,Oval Invincibles,RF Higgins,BM Duckett,TK Curran,1,0,,,,,,,,,
1252681,2021,2021-08-02,"Kennington Oval, London",1,18.2,Welsh Fire,Oval Invincibles,BM Duckett,RF Higgins,TK Curran,0,0,,,,,,,,,
1252681,2021,2021-08-02,"Kennington Oval, London",1,18.3,Welsh Fire,Oval Invincibles,BM Duckett,RF Higgins,TK Curran,2,0,,,,,,,,,
1252681,2021,2021-08-02,"Kennington Oval, London",1,18.4,Welsh Fire,Oval Invincibles,BM Duckett,RF Higgins,TK Curran,0,0,,,,,,,,,
1252681,2021,2021-08-02,"Kennington Oval, London",1,18.5,Welsh Fire,Oval Invincibles,BM Duckett,RF Higgins,TK Curran,0,0,,,,,,,,,
1252681,2021,2021-08-02,"Kennington Oval, London",1,19.1,Welsh Fire,Oval Invincibles,BM Duckett,RF Higgins,TK Curran,6,0,,,,,,,,,
1252681,2021,2021-08-02,"Kennington Oval, London",1,19.2,Welsh Fire,Oval Invincibles,BM Duckett,RF Higgins,TK Curran,0,2,,2,,,,,,,
1252681,2021,2021-08-02,"Kennington Oval, London",1,19.3,Welsh Fire,Oval Invincibles,BM Duckett,RF Higgins,TK Curran,4,0,,,,,,,,,
1252681,2021,2021-08-02,"Kennington Oval, London",1,19.4,Welsh Fire,Oval Invincibles,BM Duckett,RF Higgins,TK Curran,2,0,,,,,,,,,
1252681,2021,2021-08-02,"Kennington Oval, London",1,19.5,Welsh Fire,Oval Invincibles,BM Duckett,RF Higgins,TK Curran,2,0,,,,,,,,,
1252681,2021,2021-08-02,"Kennington Oval, London",1,19.6,Welsh Fire,Oval Invincibles,BM Duckett,RF Higgins,TK Curran,0,0,,,,,,caught,BM Duckett,,
1252681,2021,2021-08-02,"Kennington Oval, London",2,0.1,Oval Invincibles,Welsh Fire,JJ Roy,WG Jacks,DA Payne,0,0,,,,,,,,,
1252681,2021,2021-08-02,"Kennington Oval, London",2,0.2,Oval Invincibles,Welsh Fire,JJ Roy,WG Jacks,DA Payne,0,0,,,,,,,,,
1252681,2021,2021-08-02,"Kennington Oval, London",2,0.3,Oval Invincibles,Welsh Fire,JJ Roy,WG Jacks,DA Payne,4,0,,,,,,,,,
1252681,2021,2021-08-02,"Kennington Oval, London",2,0.4,Oval Invincibles,Welsh Fire,JJ Roy,WG Jacks,DA Payne,0,0,,,,,,,,,
1252681,2021,2021-08-02,"Kennington Oval, London",2,0.5,Oval Invincibles,Welsh Fire,JJ Roy,WG Jacks,DA Payne,4,0,,,,,,,,,
1252681,2021,2021-08-02,"Kennington Oval, London",2,1.1,Oval Invincibles,Welsh Fire,JJ Roy,WG Jacks,ME Milnes,0,0,,,,,,caught,JJ Roy,,
1252681,2021,2021-08-02,"Kennington Oval, London",2,1.2,Oval Invincibles,Welsh Fire,SP Narine,WG Jacks,ME Milnes,0,0,,,,,,,,,
1252681,2021,2021-08-02,"Kennington Oval, London",2,1.3,Oval Invincibles,Welsh Fire,SP Narine,WG Jacks,ME Milnes,0,0,,,,,,,,,
1252681,2021,2021-08-02,"Kennington Oval, London",2,1.4,Oval Invincibles,Welsh Fire,SP Narine,WG Jacks,ME Milnes,0,0,,,,,,,,,
1252681,2021,2021-08-02,"Kennington Oval, London",2,1.5,Oval Invincibles,Welsh Fire,SP Narine,WG Jacks,ME Milnes,4,0,,,,,,,,,
1252681,2021,2021-08-02,"Kennington Oval, London",2,2.1,Oval Invincibles,Welsh Fire,WG Jacks,SP Narine,DA Payne,4,0,,,,,,,,,
1252681,2021,2021-08-02,"Kennington Oval, London",2,2.2,Oval Invincibles,Welsh Fire,WG Jacks,SP Narine,DA Payne,1,0,,,,,,,,,
1252681,2021,2021-08-02,"Kennington Oval, London",2,2.3,Oval Invincibles,Welsh Fire,SP Narine,WG Jacks,DA Payne,6,0,,,,,,,,,
1252681,2021,2021-08-02,"Kennington Oval, London",2,2.4,Oval Invincibles,Welsh Fire,SP Narine,WG Jacks,DA Payne,0,0,,,,,,,,,
1252681,2021,2021-08-02,"Kennington Oval, London",2,2.5,Oval Invincibles,Welsh Fire,SP Narine,WG Jacks,DA Payne,2,0,,,,,,,,,
1252681,2021,2021-08-02,"Kennington Oval, London",2,3.1,Oval Invincibles,Welsh Fire,SP Narine,WG Jacks,ME Milnes,1,0,,,,,,,,,
1252681,2021,2021-08-02,"Kennington Oval, London",2,3.2,Oval Invincibles,Welsh Fire,WG Jacks,SP Narine,ME Milnes,0,0,,,,,,,,,
1252681,2021,2021-08-02,"Kennington Oval, London",2,3.3,Oval Invincibles,Welsh Fire,WG Jacks,SP Narine,ME Milnes,4,0,,,,,,,,,
1252681,2021,2021-08-02,"Kennington Oval, London",2,3.4,Oval Invincibles,Welsh Fire,WG Jacks,SP Narine,ME Milnes,1,0,,,,,,,,,
1252681,2021,2021-08-02,"Kennington Oval, London",2,3.5,Oval Invincibles,Welsh Fire,SP Narine,WG Jacks,ME Milnes,6,0,,,,,,,,,
1252681,2021,2021-08-02,"Kennington Oval, London",2,4.1,Oval Invincibles,Welsh Fire,WG Jacks,SP Narine,JDS Neesham,0,0,,,,,,,,,
1252681,2021,2021-08-02,"Kennington Oval, London",2,4.2,Oval Invincibles,Welsh Fire,WG Jacks,SP Narine,JDS Neesham,6,0,,,,,,,,,
1252681,2021,2021-08-02,"Kennington Oval, London",2,4.3,Oval Invincibles,Welsh Fire,WG Jacks,SP Narine,JDS Neesham,4,0,,,,,,,,,
1252681,2021,2021-08-02,"Kennington Oval, London",2,4.4,Oval Invincibles,Welsh Fire,WG Jacks,SP Narine,JDS Neesham,0,0,,,,,,caught,WG Jacks,,
1252681,2021,2021-08-02,"Kennington Oval, London",2,4.5,Oval Invincibles,Welsh Fire,SW Billings,SP Narine,JDS Neesham,0,0,,,,,,,,,
1252681,2021,2021-08-02,"Kennington Oval, London",2,5.1,Oval Invincibles,Welsh Fire,SW Billings,SP Narine,JDS Neesham,1,0,,,,,,,,,
1252681,2021,2021-08-02,"Kennington Oval, London",2,5.2,Oval Invincibles,Welsh Fire,SP Narine,SW Billings,JDS Neesham,0,0,,,,,,,,,
1252681,2021,2021-08-02,"Kennington Oval, London",2,5.3,Oval Invincibles,Welsh Fire,SP Narine,SW Billings,JDS Neesham,0,0,,,,,,caught,SP Narine,,
1252681,2021,2021-08-02,"Kennington Oval, London",2,5.4,Oval Invincibles,Welsh Fire,CA Ingram,SW Billings,JDS Neesham,0,0,,,,,,,,,
1252681,2021,2021-08-02,"Kennington Oval, London",2,5.5,Oval Invincibles,Welsh Fire,CA Ingram,SW Billings,JDS Neesham,1,0,,,,,,,,,
1252681,2021,2021-08-02,"Kennington Oval, London",2,6.1,Oval Invincibles,Welsh Fire,CA Ingram,SW Billings,Qais Ahmad,0,0,,,,,,,,,
1252681,2021,2021-08-02,"Kennington Oval, London",2,6.2,Oval Invincibles,Welsh Fire,CA Ingram,SW Billings,Qais Ahmad,0,0,,,,,,,,,
1252681,2021,2021-08-02,"Kennington Oval, London",2,6.3,Oval Invincibles,Welsh Fire,CA Ingram,SW Billings,Qais Ahmad,1,0,,,,,,,,,
1252681,2021,2021-08-02,"Kennington Oval, London",2,6.4,Oval Invincibles,Welsh Fire,SW Billings,CA Ingram,Qais Ahmad,0,0,,,,,,,,,
1252681,2021,2021-08-02,"Kennington Oval, London",2,6.5,Oval Invincibles,Welsh Fire,SW Billings,CA Ingram,Qais Ahmad,1,0,,,,,,,,,
1252681,2021,2021-08-02,"Kennington Oval, London",2,7.1,Oval Invincibles,Welsh Fire,CA Ingram,SW Billings,Qais Ahmad,1,0,,,,,,,,,
1252681,2021,2021-08-02,"Kennington Oval, London",2,7.2,Oval Invincibles,Welsh Fire,SW Billings,CA Ingram,Qais Ahmad,1,0,,,,,,,,,
1252681,2021,2021-08-02,"Kennington Oval, London",2,7.3,Oval Invincibles,Welsh Fire,CA Ingram,SW Billings,Qais Ahmad,0,0,,,,,,,,,
1252681,2021,2021-08-02,"Kennington Oval, London",2,7.4,Oval Invincibles,Welsh Fire,CA Ingram,SW Billings,Qais Ahmad,0,0,,,,,,,,,
1252681,2021,2021-08-02,"Kennington Oval, London",2,7.5,Oval Invincibles,Welsh Fire,CA Ingram,SW Billings,Qais Ahmad,2,0,,,,,,,,,
1252681,2021,2021-08-02,"Kennington Oval, London",2,8.1,Oval Invincibles,Welsh Fire,SW Billings,CA Ingram,ME Milnes,4,0,,,,,,,,,
1252681,2021,2021-08-02,"Kennington Oval, London",2,8.2,Oval Invincibles,Welsh Fire,SW Billings,CA Ingram,ME Milnes,1,0,,,,,,,,,
1252681,2021,2021-08-02,"Kennington Oval, London",2,8.3,Oval Invincibles,Welsh Fire,CA Ingram,SW Billings,ME Milnes,0,0,,,,,,,,,
1252681,2021,2021-08-02,"Kennington Oval, London",2,8.4,Oval Invincibles,Welsh Fire,CA Ingram,SW Billings,ME Milnes,1,0,,,,,,,,,
1252681,2021,2021-08-02,"Kennington Oval, London",2,8.5,Oval Invincibles,Welsh Fire,SW Billings,CA Ingram,ME Milnes,0,0,,,,,,,,,
1252681,2021,2021-08-02,"Kennington Oval, London",2,9.1,Oval Invincibles,Welsh Fire,SW Billings,CA Ingram,MJJ Critchley,6,0,,,,,,,,,
1252681,2021,2021-08-02,"Kennington Oval, London",2,9.2,Oval Invincibles,Welsh Fire,SW Billings,CA Ingram,MJJ Critchley,1,0,,,,,,,,,
1252681,2021,2021-08-02,"Kennington Oval, London",2,9.3,Oval Invincibles,Welsh Fire,CA Ingram,SW Billings,MJJ Critchley,1,0,,,,,,,,,
1252681,2021,2021-08-02,"Kennington Oval, London",2,9.4,Oval Invincibles,Welsh Fire,SW Billings,CA Ingram,MJJ Critchley,1,0,,,,,,,,,
1252681,2021,2021-08-02,"Kennington Oval, London",2,9.5,Oval Invincibles,Welsh Fire,CA Ingram,SW Billings,MJJ Critchley,1,0,,,,,,,,,
1252681,2021,2021-08-02,"Kennington Oval, London",2,10.1,Oval Invincibles,Welsh Fire,CA Ingram,SW Billings,Qais Ahmad,0,0,,,,,,,,,
1252681,2021,2021-08-02,"Kennington Oval, London",2,10.2,Oval Invincibles,Welsh Fire,CA Ingram,SW Billings,Qais Ahmad,1,0,,,,,,,,,
1252681,2021,2021-08-02,"Kennington Oval, London",2,10.3,Oval Invincibles,Welsh Fire,SW Billings,CA Ingram,Qais Ahmad,1,0,,,,,,,,,
1252681,2021,2021-08-02,"Kennington Oval, London",2,10.4,Oval Invincibles,Welsh Fire,CA Ingram,SW Billings,Qais Ahmad,0,0,,,,,,lbw,CA Ingram,,
1252681,2021,2021-08-02,"Kennington Oval, London",2,10.5,Oval Invincibles,Welsh Fire,LJ Evans,SW Billings,Qais Ahmad,0,0,,,,,,,,,
1252681,2021,2021-08-02,"Kennington Oval, London",2,11.1,Oval Invincibles,Welsh Fire,LJ Evans,SW Billings,Qais Ahmad,1,0,,,,,,,,,
1252681,2021,2021-08-02,"Kennington Oval, London",2,11.2,Oval Invincibles,Welsh Fire,SW Billings,LJ Evans,Qais Ahmad,0,0,,,,,,,,,
1252681,2021,2021-08-02,"Kennington Oval, London",2,11.3,Oval Invincibles,Welsh Fire,SW Billings,LJ Evans,Qais Ahmad,2,0,,,,,,,,,
1252681,2021,2021-08-02,"Kennington Oval, London",2,11.4,Oval Invincibles,Welsh Fire,SW Billings,LJ Evans,Qais Ahmad,0,0,,,,,,,,,
1252681,2021,2021-08-02,"Kennington Oval, London",2,11.5,Oval Invincibles,Welsh Fire,SW Billings,LJ Evans,Qais Ahmad,1,0,,,,,,,,,
1252681,2021,2021-08-02,"Kennington Oval, London",2,12.1,Oval Invincibles,Welsh Fire,SW Billings,LJ Evans,JDS Neesham,1,0,,,,,,,,,
1252681,2021,2021-08-02,"Kennington Oval, London",2,12.2,Oval Invincibles,Welsh Fire,LJ Evans,SW Billings,JDS Neesham,0,1,,,,1,,,,,
1252681,2021,2021-08-02,"Kennington Oval, London",2,12.3,Oval Invincibles,Welsh Fire,SW Billings,LJ Evans,JDS Neesham,0,0,,,,,,,,,
1252681,2021,2021-08-02,"Kennington Oval, London",2,12.4,Oval Invincibles,Welsh Fire,SW Billings,LJ Evans,JDS Neesham,1,0,,,,,,,,,
1252681,2021,2021-08-02,"Kennington Oval, London",2,12.5,Oval Invincibles,Welsh Fire,LJ Evans,SW Billings,JDS Neesham,1,0,,,,,,,,,
1252681,2021,2021-08-02,"Kennington Oval, London",2,13.1,Oval Invincibles,Welsh Fire,SW Billings,LJ Evans,DA Payne,1,0,,,,,,,,,
1252681,2021,2021-08-02,"Kennington Oval, London",2,13.2,Oval Invincibles,Welsh Fire,LJ Evans,SW Billings,DA Payne,1,0,,,,,,,,,
1252681,2021,2021-08-02,"Kennington Oval, London",2,13.3,Oval Invincibles,Welsh Fire,SW Billings,LJ Evans,DA Payne,0,0,,,,,,,,,
1252681,2021,2021-08-02,"Kennington Oval, London",2,13.4,Oval Invincibles,Welsh Fire,SW Billings,LJ Evans,DA Payne,0,0,,,,,,,,,
1252681,2021,2021-08-02,"Kennington Oval, London",2,13.5,Oval Invincibles,Welsh Fire,SW Billings,LJ Evans,DA Payne,0,0,,,,,,,,,
1252681,2021,2021-08-02,"Kennington Oval, London",2,14.1,Oval Invincibles,Welsh Fire,LJ Evans,SW Billings,MJJ Critchley,1,0,,,,,,,,,
1252681,2021,2021-08-02,"Kennington Oval, London",2,14.2,Oval Invincibles,Welsh Fire,SW Billings,LJ Evans,MJJ Critchley,1,0,,,,,,,,,
1252681,2021,2021-08-02,"Kennington Oval, London",2,14.3,Oval Invincibles,Welsh Fire,LJ Evans,SW Billings,MJJ Critchley,0,0,,,,,,,,,
1252681,2021,2021-08-02,"Kennington Oval, London",2,14.4,Oval Invincibles,Welsh Fire,LJ Evans,SW Billings,MJJ Critchley,1,0,,,,,,,,,
1252681,2021,2021-08-02,"Kennington Oval, London",2,14.5,Oval Invincibles,Welsh Fire,SW Billings,LJ Evans,MJJ Critchley,2,0,,,,,,,,,
1252681,2021,2021-08-02,"Kennington Oval, London",2,15.1,Oval Invincibles,Welsh Fire,SW Billings,LJ Evans,JDS Neesham,1,0,,,,,,,,,
1252681,2021,2021-08-02,"Kennington Oval, London",2,15.2,Oval Invincibles,Welsh Fire,LJ Evans,SW Billings,JDS Neesham,1,0,,,,,,,,,
1252681,2021,2021-08-02,"Kennington Oval, London",2,15.3,Oval Invincibles,Welsh Fire,SW Billings,LJ Evans,JDS Neesham,4,0,,,,,,,,,
1252681,2021,2021-08-02,"Kennington Oval, London",2,15.4,Oval Invincibles,Welsh Fire,SW Billings,LJ Evans,JDS Neesham,1,0,,,,,,,,,
1252681,2021,2021-08-02,"Kennington Oval, London",2,15.5,Oval Invincibles,Welsh Fire,LJ Evans,SW Billings,JDS Neesham,1,0,,,,,,,,,
1252681,2021,2021-08-02,"Kennington Oval, London",2,16.1,Oval Invincibles,Welsh Fire,LJ Evans,SW Billings,RF Higgins,1,0,,,,,,,,,
1252681,2021,2021-08-02,"Kennington Oval, London",2,16.2,Oval Invincibles,Welsh Fire,SW Billings,LJ Evans,RF Higgins,2,0,,,,,,,,,
1252681,2021,2021-08-02,"Kennington Oval, London",2,16.3,Oval Invincibles,Welsh Fire,SW Billings,LJ Evans,RF Higgins,1,0,,,,,,,,,
1252681,2021,2021-08-02,"Kennington Oval, London",2,16.4,Oval Invincibles,Welsh Fire,LJ Evans,SW Billings,RF Higgins,2,0,,,,,,,,,
1252681,2021,2021-08-02,"Kennington Oval, London",2,16.5,Oval Invincibles,Welsh Fire,LJ Evans,SW Billings,RF Higgins,1,0,,,,,,,,,
1252681,2021,2021-08-02,"Kennington Oval, London",2,17.1,Oval Invincibles,Welsh Fire,SW Billings,LJ Evans,ME Milnes,2,0,,,,,,,,,
1252681,2021,2021-08-02,"Kennington Oval, London",2,17.2,Oval Invincibles,Welsh Fire,SW Billings,LJ Evans,ME Milnes,0,0,,,,,,,,,
1252681,2021,2021-08-02,"Kennington Oval, London",2,17.3,Oval Invincibles,Welsh Fire,SW Billings,LJ Evans,ME Milnes,2,0,,,,,,,,,
1252681,2021,2021-08-02,"Kennington Oval, London",2,17.4,Oval Invincibles,Welsh Fire,SW Billings,LJ Evans,ME Milnes,1,0,,,,,,,,,
1252681,2021,2021-08-02,"Kennington Oval, London",2,17.5,Oval Invincibles,Welsh Fire,LJ Evans,SW Billings,ME Milnes,1,0,,,,,,,,,
1252681,2021,2021-08-02,"Kennington Oval, London",2,18.1,Oval Invincibles,Welsh Fire,LJ Evans,SW Billings,DA Payne,4,0,,,,,,,,,
1252681,2021,2021-08-02,"Kennington Oval, London",2,18.2,Oval Invincibles,Welsh Fire,LJ Evans,SW Billings,DA Payne,6,0,,,,,,,,,
1252681,2021,2021-08-02,"Kennington Oval, London",2,18.3,Oval Invincibles,Welsh Fire,LJ Evans,SW Billings,DA Payne,6,0,,,,,,,,,
