match_id,season,start_date,venue,innings,ball,batting_team,bowling_team,striker,non_striker,bowler,runs_off_bat,extras,wides,noballs,byes,legbyes,penalty,wicket_type,player_dismissed,other_wicket_type,other_player_dismissed
1252675,2021,2021-07-29,"Lord's, London",1,0.1,Trent Rockets,London Spirit,DJM Short,AD Hales,Mohammad Amir,0,0,,,,,,,,,
1252675,2021,2021-07-29,"Lord's, London",1,0.2,Trent Rockets,London Spirit,DJM Short,AD Hales,Mohammad Amir,1,0,,,,,,,,,
1252675,2021,2021-07-29,"Lord's, London",1,0.3,Trent Rockets,London Spirit,AD Hales,DJM Short,Mohammad Amir,0,0,,,,,,,,,
1252675,2021,2021-07-29,"Lord's, London",1,0.4,Trent Rockets,London Spirit,AD Hales,DJM Short,Mohammad Amir,0,0,,,,,,,,,
1252675,2021,2021-07-29,"Lord's, London",1,0.5,Trent Rockets,London Spirit,AD Hales,DJM Short,Mohammad Amir,0,0,,,,,,,,,
1252675,2021,2021-07-29,"Lord's, London",1,1.1,Trent Rockets,London Spirit,AD Hales,DJM Short,Mohammad Nabi,1,0,,,,,,,,,
1252675,2021,2021-07-29,"Lord's, London",1,1.2,Trent Rockets,London Spirit,DJM Short,AD Hales,Mohammad Nabi,0,0,,,,,,,,,
1252675,2021,2021-07-29,"Lord's, London",1,1.3,Trent Rockets,London Spirit,DJM Short,AD Hales,Mohammad Nabi,0,0,,,,,,,,,
1252675,2021,2021-07-29,"Lord's, London",1,1.4,Trent Rockets,London Spirit,DJM Short,AD Hales,Mohammad Nabi,1,0,,,,,,,,,
1252675,2021,2021-07-29,"Lord's, London",1,1.5,Trent Rockets,London Spirit,AD Hales,DJM Short,Mohammad Nabi,2,0,,,,,,,,,
1252675,2021,2021-07-29,"Lord's, London",1,2.1,Trent Rockets,London Spirit,DJM Short,AD Hales,RE van der Merwe,0,0,,,,,,,,,
1252675,2021,2021-07-29,"Lord's, London",1,2.2,Trent Rockets,London Spirit,DJM Short,AD Hales,RE van der Merwe,4,0,,,,,,,,,
1252675,2021,2021-07-29,"Lord's, London",1,2.3,Trent Rockets,London Spirit,DJM Short,AD Hales,RE van der Merwe,1,0,,,,,,,,,
1252675,2021,2021-07-29,"Lord's, London",1,2.4,Trent Rockets,London Spirit,AD Hales,DJM Short,RE van der Merwe,0,0,,,,,,,,,
1252675,2021,2021-07-29,"Lord's, London",1,2.5,Trent Rockets,London Spirit,AD Hales,DJM Short,RE van der Merwe,1,0,,,,,,,,,
1252675,2021,2021-07-29,"Lord's, London",1,3.1,Trent Rockets,London Spirit,DJM Short,AD Hales,RE van der Merwe,4,0,,,,,,,,,
1252675,2021,2021-07-29,"Lord's, London",1,3.2,Trent Rockets,London Spirit,DJM Short,AD Hales,RE van der Merwe,3,0,,,,,,,,,
1252675,2021,2021-07-29,"Lord's, London",1,3.3,Trent Rockets,London Spirit,AD Hales,DJM Short,RE van der Merwe,6,0,,,,,,,,,
1252675,2021,2021-07-29,"Lord's, London",1,3.4,Trent Rockets,London Spirit,AD Hales,DJM Short,RE van der Merwe,2,0,,,,,,,,,
1252675,2021,2021-07-29,"Lord's, London",1,3.5,Trent Rockets,London Spirit,AD Hales,DJM Short,RE van der Merwe,0,0,,,,,,,,,
1252675,2021,2021-07-29,"Lord's, London",1,4.1,Trent Rockets,London Spirit,DJM Short,AD Hales,Mohammad Nabi,1,0,,,,,,,,,
1252675,2021,2021-07-29,"Lord's, London",1,4.2,Trent Rockets,London Spirit,AD Hales,DJM Short,Mohammad Nabi,1,0,,,,,,,,,
1252675,2021,2021-07-29,"Lord's, London",1,4.3,Trent Rockets,London Spirit,DJM Short,AD Hales,Mohammad Nabi,1,0,,,,,,,,,
1252675,2021,2021-07-29,"Lord's, London",1,4.4,Trent Rockets,London Spirit,AD Hales,DJM Short,Mohammad Nabi,4,0,,,,,,,,,
1252675,2021,2021-07-29,"Lord's, London",1,4.5,Trent Rockets,London Spirit,AD Hales,DJM Short,Mohammad Nabi,4,0,,,,,,,,,
1252675,2021,2021-07-29,"Lord's, London",1,5.1,Trent Rockets,London Spirit,AD Hales,DJM Short,Mohammad Nabi,0,0,,,,,,stumped,AD Hales,,
1252675,2021,2021-07-29,"Lord's, London",1,5.2,Trent Rockets,London Spirit,DJ Malan,DJM Short,Mohammad Nabi,0,0,,,,,,,,,
1252675,2021,2021-07-29,"Lord's, London",1,5.3,Trent Rockets,London Spirit,DJ Malan,DJM Short,Mohammad Nabi,0,0,,,,,,,,,
1252675,2021,2021-07-29,"Lord's, London",1,5.4,Trent Rockets,London Spirit,DJ Malan,DJM Short,Mohammad Nabi,1,0,,,,,,,,,
1252675,2021,2021-07-29,"Lord's, London",1,5.5,Trent Rockets,London Spirit,DJM Short,DJ Malan,Mohammad Nabi,0,0,,,,,,,,,
1252675,2021,2021-07-29,"Lord's, London",1,6.1,Trent Rockets,London Spirit,DJ Malan,DJM Short,MS Crane,1,0,,,,,,,,,
1252675,2021,2021-07-29,"Lord's, London",1,6.2,Trent Rockets,London Spirit,DJM Short,DJ Malan,MS Crane,1,0,,,,,,,,,
1252675,2021,2021-07-29,"Lord's, London",1,6.3,Trent Rockets,London Spirit,DJ Malan,DJM Short,MS Crane,1,0,,,,,,,,,
1252675,2021,2021-07-29,"Lord's, London",1,6.4,Trent Rockets,London Spirit,DJM Short,DJ Malan,MS Crane,1,0,,,,,,,,,
1252675,2021,2021-07-29,"Lord's, London",1,6.5,Trent Rockets,London Spirit,DJ Malan,DJM Short,MS Crane,0,0,,,,,,,,,
1252675,2021,2021-07-29,"Lord's, London",1,7.1,Trent Rockets,London Spirit,DJ Malan,DJM Short,MS Crane,0,0,,,,,,,,,
1252675,2021,2021-07-29,"Lord's, London",1,7.2,Trent Rockets,London Spirit,DJ Malan,DJM Short,MS Crane,0,0,,,,,,,,,
1252675,2021,2021-07-29,"Lord's, London",1,7.3,Trent Rockets,London Spirit,DJ Malan,DJM Short,MS Crane,0,0,,,,,,,,,
1252675,2021,2021-07-29,"Lord's, London",1,7.4,Trent Rockets,London Spirit,DJ Malan,DJM Short,MS Crane,4,0,,,,,,,,,
1252675,2021,2021-07-29,"Lord's, London",1,7.5,Trent Rockets,London Spirit,DJ Malan,DJM Short,MS Crane,0,0,,,,,,,,,
1252675,2021,2021-07-29,"Lord's, London",1,8.1,Trent Rockets,London Spirit,DJM Short,DJ Malan,Mohammad Nabi,1,0,,,,,,,,,
1252675,2021,2021-07-29,"Lord's, London",1,8.2,Trent Rockets,London Spirit,DJ Malan,DJM Short,Mohammad Nabi,2,0,,,,,,,,,
1252675,2021,2021-07-29,"Lord's, London",1,8.3,Trent Rockets,London Spirit,DJ Malan,DJM Short,Mohammad Nabi,0,0,,,,,,caught and bowled,DJ Malan,,
1252675,2021,2021-07-29,"Lord's, London",1,8.4,Trent Rockets,London Spirit,SR Patel,DJM Short,Mohammad Nabi,0,0,,,,,,,,,
1252675,2021,2021-07-29,"Lord's, London",1,8.5,Trent Rockets,London Spirit,SR Patel,DJM Short,Mohammad Nabi,1,0,,,,,,,,,
1252675,2021,2021-07-29,"Lord's, London",1,9.1,Trent Rockets,London Spirit,DJM Short,SR Patel,CP Wood,0,0,,,,,,,,,
1252675,2021,2021-07-29,"Lord's, London",1,9.2,Trent Rockets,London Spirit,DJM Short,SR Patel,CP Wood,4,0,,,,,,,,,
1252675,2021,2021-07-29,"Lord's, London",1,9.3,Trent Rockets,London Spirit,DJM Short,SR Patel,CP Wood,1,0,,,,,,,,,
1252675,2021,2021-07-29,"Lord's, London",1,9.4,Trent Rockets,London Spirit,SR Patel,DJM Short,CP Wood,0,0,,,,,,,,,
1252675,2021,2021-07-29,"Lord's, London",1,9.5,Trent Rockets,London Spirit,SR Patel,DJM Short,CP Wood,0,1,1,,,,,,,,
1252675,2021,2021-07-29,"Lord's, London",1,9.6,Trent Rockets,London Spirit,SR Patel,DJM Short,CP Wood,0,0,,,,,,,,,
1252675,2021,2021-07-29,"Lord's, London",1,10.1,Trent Rockets,London Spirit,DJM Short,SR Patel,MS Crane,4,0,,,,,,,,,
1252675,2021,2021-07-29,"Lord's, London",1,10.2,Trent Rockets,London Spirit,DJM Short,SR Patel,MS Crane,1,0,,,,,,,,,
1252675,2021,2021-07-29,"Lord's, London",1,10.3,Trent Rockets,London Spirit,SR Patel,DJM Short,MS Crane,1,0,,,,,,,,,
1252675,2021,2021-07-29,"Lord's, London",1,10.4,Trent Rockets,London Spirit,DJM Short,SR Patel,MS Crane,0,0,,,,,,,,,
1252675,2021,2021-07-29,"Lord's, London",1,10.5,Trent Rockets,London Spirit,DJM Short,SR Patel,MS Crane,0,0,,,,,,,,,
1252675,2021,2021-07-29,"Lord's, London",1,11.1,Trent Rockets,London Spirit,DJM Short,SR Patel,MS Crane,0,1,,,,1,,,,,
1252675,2021,2021-07-29,"Lord's, London",1,11.2,Trent Rockets,London Spirit,SR Patel,DJM Short,MS Crane,1,0,,,,,,,,,
1252675,2021,2021-07-29,"Lord's, London",1,11.3,Trent Rockets,London Spirit,DJM Short,SR Patel,MS Crane,1,0,,,,,,,,,
1252675,2021,2021-07-29,"Lord's, London",1,11.4,Trent Rockets,London Spirit,SR Patel,DJM Short,MS Crane,0,0,,,,,,caught,SR Patel,,
1252675,2021,2021-07-29,"Lord's, London",1,11.5,Trent Rockets,London Spirit,L Gregory,DJM Short,MS Crane,0,0,,,,,,,,,
1252675,2021,2021-07-29,"Lord's, London",1,12.1,Trent Rockets,London Spirit,DJM Short,L Gregory,CP Wood,0,0,,,,,,,,,
1252675,2021,2021-07-29,"Lord's, London",1,12.2,Trent Rockets,London Spirit,DJM Short,L Gregory,CP Wood,0,0,,,,,,,,,
1252675,2021,2021-07-29,"Lord's, London",1,12.3,Trent Rockets,London Spirit,DJM Short,L Gregory,CP Wood,0,0,,,,,,,,,
1252675,2021,2021-07-29,"Lord's, London",1,12.4,Trent Rockets,London Spirit,DJM Short,L Gregory,CP Wood,1,0,,,,,,,,,
1252675,2021,2021-07-29,"Lord's, London",1,12.5,Trent Rockets,London Spirit,L Gregory,DJM Short,CP Wood,1,0,,,,,,,,,
1252675,2021,2021-07-29,"Lord's, London",1,13.1,Trent Rockets,London Spirit,DJM Short,L Gregory,Mohammad Amir,1,0,,,,,,,,,
1252675,2021,2021-07-29,"Lord's, London",1,13.2,Trent Rockets,London Spirit,L Gregory,DJM Short,Mohammad Amir,1,0,,,,,,,,,
1252675,2021,2021-07-29,"Lord's, London",1,13.3,Trent Rockets,London Spirit,DJM Short,L Gregory,Mohammad Amir,4,0,,,,,,,,,
1252675,2021,2021-07-29,"Lord's, London",1,13.4,Trent Rockets,London Spirit,DJM Short,L Gregory,Mohammad Amir,1,0,,,,,,,,,
1252675,2021,2021-07-29,"Lord's, London",1,13.5,Trent Rockets,London Spirit,L Gregory,DJM Short,Mohammad Amir,1,0,,,,,,,,,
1252675,2021,2021-07-29,"Lord's, London",1,14.1,Trent Rockets,London Spirit,L Gregory,DJM Short,RE van der Merwe,1,0,,,,,,,,,
1252675,2021,2021-07-29,"Lord's, London",1,14.2,Trent Rockets,London Spirit,DJM Short,L Gregory,RE van der Merwe,2,0,,,,,,,,,
1252675,2021,2021-07-29,"Lord's, London",1,14.3,Trent Rockets,London Spirit,DJM Short,L Gregory,RE van der Merwe,1,0,,,,,,,,,
1252675,2021,2021-07-29,"Lord's, London",1,14.4,Trent Rockets,London Spirit,L Gregory,DJM Short,RE van der Merwe,0,0,,,,,,,,,
1252675,2021,2021-07-29,"Lord's, London",1,14.5,Trent Rockets,London Spirit,L Gregory,DJM Short,RE van der Merwe,0,0,,,,,,caught,L Gregory,,
1252675,2021,2021-07-29,"Lord's, London",1,15.1,Trent Rockets,London Spirit,TJ Moores,DJM Short,RE van der Merwe,1,0,,,,,,,,,
1252675,2021,2021-07-29,"Lord's, London",1,15.2,Trent Rockets,London Spirit,DJM Short,TJ Moores,RE van der Merwe,1,0,,,,,,,,,
1252675,2021,2021-07-29,"Lord's, London",1,15.3,Trent Rockets,London Spirit,TJ Moores,DJM Short,RE van der Merwe,0,0,,,,,,,,,
1252675,2021,2021-07-29,"Lord's, London",1,15.4,Trent Rockets,London Spirit,TJ Moores,DJM Short,RE van der Merwe,1,0,,,,,,,,,
1252675,2021,2021-07-29,"Lord's, London",1,15.5,Trent Rockets,London Spirit,DJM Short,TJ Moores,RE van der Merwe,1,0,,,,,,,,,
1252675,2021,2021-07-29,"Lord's, London",1,16.1,Trent Rockets,London Spirit,DJM Short,TJ Moores,Mohammad Amir,0,1,1,,,,,,,,
1252675,2021,2021-07-29,"Lord's, London",1,16.2,Trent Rockets,London Spirit,DJM Short,TJ Moores,Mohammad Amir,1,0,,,,,,,,,
1252675,2021,2021-07-29,"Lord's, London",1,16.3,Trent Rockets,London Spirit,TJ Moores,DJM Short,Mohammad Amir,6,0,,,,,,,,,
1252675,2021,2021-07-29,"Lord's, London",1,16.4,Trent Rockets,London Spirit,TJ Moores,DJM Short,Mohammad Amir,0,0,,,,,,,,,
1252675,2021,2021-07-29,"Lord's, London",1,16.5,Trent Rockets,London Spirit,TJ Moores,DJM Short,Mohammad Amir,1,0,,,,,,,,,
1252675,2021,2021-07-29,"Lord's, London",1,16.6,Trent Rockets,London Spirit,DJM Short,TJ Moores,Mohammad Amir,1,0,,,,,,,,,
1252675,2021,2021-07-29,"Lord's, London",1,17.1,Trent Rockets,London Spirit,TJ Moores,DJM Short,CP Wood,1,0,,,,,,,,,
1252675,2021,2021-07-29,"Lord's, London",1,17.2,Trent Rockets,London Spirit,DJM Short,TJ Moores,CP Wood,1,0,,,,,,,,,
1252675,2021,2021-07-29,"Lord's, London",1,17.3,Trent Rockets,London Spirit,TJ Moores,DJM Short,CP Wood,0,0,,,,,,,,,
1252675,2021,2021-07-29,"Lord's, London",1,17.4,Trent Rockets,London Spirit,TJ Moores,DJM Short,CP Wood,0,0,,,,,,,,,
1252675,2021,2021-07-29,"Lord's, London",1,17.5,Trent Rockets,London Spirit,TJ Moores,DJM Short,CP Wood,1,0,,,,,,,,,
1252675,2021,2021-07-29,"Lord's, London",1,18.1,Trent Rockets,London Spirit,TJ Moores,DJM Short,Mohammad Amir,1,0,,,,,,,,,
1252675,2021,2021-07-29,"Lord's, London",1,18.2,Trent Rockets,London Spirit,DJM Short,TJ Moores,Mohammad Amir,0,1,,,,1,,,,,
1252675,2021,2021-07-29,"Lord's, London",1,18.3,Trent Rockets,London Spirit,TJ Moores,DJM Short,Mohammad Amir,1,0,,,,,,,,,
1252675,2021,2021-07-29,"Lord's, London",1,18.4,Trent Rockets,London Spirit,DJM Short,TJ Moores,Mohammad Amir,4,0,,,,,,,,,
1252675,2021,2021-07-29,"Lord's, London",1,18.5,Trent Rockets,London Spirit,DJM Short,TJ Moores,Mohammad Amir,2,0,,,,,,,,,
1252675,2021,2021-07-29,"Lord's, London",1,19.1,Trent Rockets,London Spirit,DJM Short,TJ Moores,CP Wood,4,0,,,,,,,,,
1252675,2021,2021-07-29,"Lord's, London",1,19.2,Trent Rockets,London Spirit,DJM Short,TJ Moores,CP Wood,4,0,,,,,,,,,
1252675,2021,2021-07-29,"Lord's, London",1,19.3,Trent Rockets,London Spirit,DJM Short,TJ Moores,CP Wood,4,0,,,,,,,,,
1252675,2021,2021-07-29,"Lord's, London",1,19.4,Trent Rockets,London Spirit,DJM Short,TJ Moores,CP Wood,2,0,,,,,,,,,
1252675,2021,2021-07-29,"Lord's, London",1,19.5,Trent Rockets,London Spirit,DJM Short,TJ Moores,CP Wood,4,0,,,,,,,,,
1252675,2021,2021-07-29,"Lord's, London",2,0.1,London Spirit,Trent Rockets,AM Rossington,JP Inglis,L Wood,1,0,,,,,,,,,
1252675,2021,2021-07-29,"Lord's, London",2,0.2,London Spirit,Trent Rockets,JP Inglis,AM Rossington,L Wood,0,0,,,,,,,,,
1252675,2021,2021-07-29,"Lord's, London",2,0.3,London Spirit,Trent Rockets,JP Inglis,AM Rossington,L Wood,4,0,,,,,,,,,
1252675,2021,2021-07-29,"Lord's, London",2,0.4,London Spirit,Trent Rockets,JP Inglis,AM Rossington,L Wood,4,0,,,,,,,,,
1252675,2021,2021-07-29,"Lord's, London",2,0.5,London Spirit,Trent Rockets,JP Inglis,AM Rossington,L Wood,0,0,,,,,,,,,
1252675,2021,2021-07-29,"Lord's, London",2,1.1,London Spirit,Trent Rockets,JP Inglis,AM Rossington,SR Patel,3,0,,,,,,,,,
1252675,2021,2021-07-29,"Lord's, London",2,1.2,London Spirit,Trent Rockets,AM Rossington,JP Inglis,SR Patel,0,0,,,,,,,,,
1252675,2021,2021-07-29,"Lord's, London",2,1.3,London Spirit,Trent Rockets,AM Rossington,JP Inglis,SR Patel,0,0,,,,,,,,,
1252675,2021,2021-07-29,"Lord's, London",2,1.4,London Spirit,Trent Rockets,AM Rossington,JP Inglis,SR Patel,2,0,,,,,,,,,
1252675,2021,2021-07-29,"Lord's, London",2,1.5,London Spirit,Trent Rockets,AM Rossington,JP Inglis,SR Patel,1,0,,,,,,,,,
1252675,2021,2021-07-29,"Lord's, London",2,2.1,London Spirit,Trent Rockets,AM Rossington,JP Inglis,M Carter,0,0,,,,,,caught,AM Rossington,,
1252675,2021,2021-07-29,"Lord's, London",2,2.2,London Spirit,Trent Rockets,Mohammad Nabi,JP Inglis,M Carter,0,0,,,,,,,,,
1252675,2021,2021-07-29,"Lord's, London",2,2.3,London Spirit,Trent Rockets,Mohammad Nabi,JP Inglis,M Carter,0,0,,,,,,,,,
1252675,2021,2021-07-29,"Lord's, London",2,2.4,London Spirit,Trent Rockets,Mohammad Nabi,JP Inglis,M Carter,2,0,,,,,,,,,
1252675,2021,2021-07-29,"Lord's, London",2,2.5,London Spirit,Trent Rockets,Mohammad Nabi,JP Inglis,M Carter,2,0,,,,,,,,,
1252675,2021,2021-07-29,"Lord's, London",2,3.1,London Spirit,Trent Rockets,Mohammad Nabi,JP Inglis,M Carter,0,0,,,,,,,,,
1252675,2021,2021-07-29,"Lord's, London",2,3.2,London Spirit,Trent Rockets,Mohammad Nabi,JP Inglis,M Carter,0,0,,,,,,,,,
1252675,2021,2021-07-29,"Lord's, London",2,3.3,London Spirit,Trent Rockets,Mohammad Nabi,JP Inglis,M Carter,6,0,,,,,,,,,
1252675,2021,2021-07-29,"Lord's, London",2,3.4,London Spirit,Trent Rockets,Mohammad Nabi,JP Inglis,M Carter,0,0,,,,,,caught,Mohammad Nabi,,
1252675,2021,2021-07-29,"Lord's, London",2,3.5,London Spirit,Trent Rockets,JL Denly,JP Inglis,M Carter,1,0,,,,,,,,,
1252675,2021,2021-07-29,"Lord's, London",2,4.1,London Spirit,Trent Rockets,JL Denly,JP Inglis,SR Patel,1,0,,,,,,,,,
1252675,2021,2021-07-29,"Lord's, London",2,4.2,London Spirit,Trent Rockets,JP Inglis,JL Denly,SR Patel,2,0,,,,,,,,,
1252675,2021,2021-07-29,"Lord's, London",2,4.3,London Spirit,Trent Rockets,JP Inglis,JL Denly,SR Patel,0,0,,,,,,caught,JP Inglis,,
1252675,2021,2021-07-29,"Lord's, London",2,4.4,London Spirit,Trent Rockets,EJG Morgan,JL Denly,SR Patel,1,0,,,,,,,,,
1252675,2021,2021-07-29,"Lord's, London",2,4.5,London Spirit,Trent Rockets,JL Denly,EJG Morgan,SR Patel,0,0,,,,,,,,,
1252675,2021,2021-07-29,"Lord's, London",2,5.1,London Spirit,Trent Rockets,JL Denly,EJG Morgan,Rashid Khan,0,1,,,,1,,,,,
1252675,2021,2021-07-29,"Lord's, London",2,5.2,London Spirit,Trent Rockets,EJG Morgan,JL Denly,Rashid Khan,0,0,,,,,,,,,
1252675,2021,2021-07-29,"Lord's, London",2,5.3,London Spirit,Trent Rockets,EJG Morgan,JL Denly,Rashid Khan,1,0,,,,,,,,,
1252675,2021,2021-07-29,"Lord's, London",2,5.4,London Spirit,Trent Rockets,JL Denly,EJG Morgan,Rashid Khan,1,0,,,,,,,,,
1252675,2021,2021-07-29,"Lord's, London",2,5.5,London Spirit,Trent Rockets,EJG Morgan,JL Denly,Rashid Khan,0,0,,,,,,,,,
1252675,2021,2021-07-29,"Lord's, London",2,6.1,London Spirit,Trent Rockets,JL Denly,EJG Morgan,M Carter,0,0,,,,,,,,,
1252675,2021,2021-07-29,"Lord's, London",2,6.2,London Spirit,Trent Rockets,JL Denly,EJG Morgan,M Carter,0,0,,,,,,lbw,JL Denly,,
1252675,2021,2021-07-29,"Lord's, London",2,6.3,London Spirit,Trent Rockets,RS Bopara,EJG Morgan,M Carter,1,0,,,,,,,,,
1252675,2021,2021-07-29,"Lord's, London",2,6.4,London Spirit,Trent Rockets,EJG Morgan,RS Bopara,M Carter,0,0,,,,,,,,,
1252675,2021,2021-07-29,"Lord's, London",2,6.5,London Spirit,Trent Rockets,EJG Morgan,RS Bopara,M Carter,0,0,,,,,,,,,
1252675,2021,2021-07-29,"Lord's, London",2,7.1,London Spirit,Trent Rockets,EJG Morgan,RS Bopara,DJM Short,1,0,,,,,,,,,
1252675,2021,2021-07-29,"Lord's, London",2,7.2,London Spirit,Trent Rockets,RS Bopara,EJG Morgan,DJM Short,0,0,,,,,,,,,
1252675,2021,2021-07-29,"Lord's, London",2,7.3,London Spirit,Trent Rockets,RS Bopara,EJG Morgan,DJM Short,0,0,,,,,,,,,
1252675,2021,2021-07-29,"Lord's, London",2,7.4,London Spirit,Trent Rockets,RS Bopara,EJG Morgan,DJM Short,1,0,,,,,,,,,
1252675,2021,2021-07-29,"Lord's, London",2,7.5,London Spirit,Trent Rockets,EJG Morgan,RS Bopara,DJM Short,2,0,,,,,,,,,
1252675,2021,2021-07-29,"Lord's, London",2,8.1,London Spirit,Trent Rockets,RS Bopara,EJG Morgan,M de Lange,2,0,,,,,,,,,
1252675,2021,2021-07-29,"Lord's, London",2,8.2,London Spirit,Trent Rockets,RS Bopara,EJG Morgan,M de Lange,1,0,,,,,,,,,
1252675,2021,2021-07-29,"Lord's, London",2,8.3,London Spirit,Trent Rockets,EJG Morgan,RS Bopara,M de Lange,2,0,,,,,,,,,
1252675,2021,2021-07-29,"Lord's, London",2,8.4,London Spirit,Trent Rockets,EJG Morgan,RS Bopara,M de Lange,1,0,,,,,,,,,
1252675,2021,2021-07-29,"Lord's, London",2,8.5,London Spirit,Trent Rockets,RS Bopara,EJG Morgan,M de Lange,1,0,,,,,,,,,
1252675,2021,2021-07-29,"Lord's, London",2,9.1,London Spirit,Trent Rockets,EJG Morgan,RS Bopara,Rashid Khan,1,0,,,,,,,,,
1252675,2021,2021-07-29,"Lord's, London",2,9.2,London Spirit,Trent Rockets,RS Bopara,EJG Morgan,Rashid Khan,1,0,,,,,,,,,
1252675,2021,2021-07-29,"Lord's, London",2,9.3,London Spirit,Trent Rockets,EJG Morgan,RS Bopara,Rashid Khan,0,0,,,,,,,,,
1252675,2021,2021-07-29,"Lord's, London",2,9.4,London Spirit,Trent Rockets,EJG Morgan,RS Bopara,Rashid Khan,1,0,,,,,,,,,
1252675,2021,2021-07-29,"Lord's, London",2,9.5,London Spirit,Trent Rockets,RS Bopara,EJG Morgan,Rashid Khan,0,0,,,,,,caught,RS Bopara,,
1252675,2021,2021-07-29,"Lord's, London",2,10.1,London Spirit,Trent Rockets,EJG Morgan,RE van der Merwe,DJM Short,1,0,,,,,,,,,
1252675,2021,2021-07-29,"Lord's, London",2,10.2,London Spirit,Trent Rockets,RE van der Merwe,EJG Morgan,DJM Short,0,0,,,,,,,,,
1252675,2021,2021-07-29,"Lord's, London",2,10.3,London Spirit,Trent Rockets,RE van der Merwe,EJG Morgan,DJM Short,1,0,,,,,,,,,
1252675,2021,2021-07-29,"Lord's, London",2,10.4,London Spirit,Trent Rockets,EJG Morgan,RE van der Merwe,DJM Short,0,0,,,,,,,,,
1252675,2021,2021-07-29,"Lord's, London",2,10.5,London Spirit,Trent Rockets,EJG Morgan,RE van der Merwe,DJM Short,2,0,,,,,,,,,
1252675,2021,2021-07-29,"Lord's, London",2,11.1,London Spirit,Trent Rockets,EJG Morgan,RE van der Merwe,DJM Short,0,0,,,,,,,,,
1252675,2021,2021-07-29,"Lord's, London",2,11.2,London Spirit,Trent Rockets,EJG Morgan,RE van der Merwe,DJM Short,4,0,,,,,,,,,
1252675,2021,2021-07-29,"Lord's, London",2,11.3,London Spirit,Trent Rockets,EJG Morgan,RE van der Merwe,DJM Short,1,0,,,,,,,,,
1252675,2021,2021-07-29,"Lord's, London",2,11.4,London Spirit,Trent Rockets,RE van der Merwe,EJG Morgan,DJM Short,4,2,,2,,,,,,,
1252675,2021,2021-07-29,"Lord's, London",2,11.5,London Spirit,Trent Rockets,RE van der Merwe,EJG Morgan,DJM Short,0,0,,,,,,,,,
1252675,2021,2021-07-29,"Lord's, London",2,11.6,London Spirit,Trent Rockets,RE van der Merwe,EJG Morgan,DJM Short,1,0,,,,,,,,,
1252675,2021,2021-07-29,"Lord's, London",2,12.1,London Spirit,Trent Rockets,RE van der Merwe,EJG Morgan,SR Patel,1,0,,,,,,,,,
1252675,2021,2021-07-29,"Lord's, London",2,12.2,London Spirit,Trent Rockets,EJG Morgan,RE van der Merwe,SR Patel,0,0,,,,,,caught,EJG Morgan,,
1252675,2021,2021-07-29,"Lord's, London",2,12.3,London Spirit,Trent Rockets,CP Wood,RE van der Merwe,SR Patel,0,0,,,,,,caught,CP Wood,,
1252675,2021,2021-07-29,"Lord's, London",2,12.4,London Spirit,Trent Rockets,Mohammad Amir,RE van der Merwe,SR Patel,0,0,,,,,,,,,
1252675,2021,2021-07-29,"Lord's, London",2,12.5,London Spirit,Trent Rockets,Mohammad Amir,RE van der Merwe,SR Patel,4,0,,,,,,,,,
1252675,2021,2021-07-29,"Lord's, London",2,13.1,London Spirit,Trent Rockets,Mohammad Amir,RE van der Merwe,Rashid Khan,0,0,,,,,,,,,
1252675,2021,2021-07-29,"Lord's, London",2,13.2,London Spirit,Trent Rockets,Mohammad Amir,RE van der Merwe,Rashid Khan,0,0,,,,,,,,,
1252675,2021,2021-07-29,"Lord's, London",2,13.3,London Spirit,Trent Rockets,Mohammad Amir,RE van der Merwe,Rashid Khan,2,0,,,,,,,,,
1252675,2021,2021-07-29,"Lord's, London",2,13.4,London Spirit,Trent Rockets,Mohammad Amir,RE van der Merwe,Rashid Khan,2,0,,,,,,,,,
1252675,2021,2021-07-29,"Lord's, London",2,13.5,London Spirit,Trent Rockets,Mohammad Amir,RE van der Merwe,Rashid Khan,0,1,,,,1,,,,,
1252675,2021,2021-07-29,"Lord's, London",2,14.1,London Spirit,Trent Rockets,Mohammad Amir,RE van der Merwe,M Carter,2,0,,,,,,,,,
1252675,2021,2021-07-29,"Lord's, London",2,14.2,London Spirit,Trent Rockets,Mohammad Amir,RE van der Merwe,M Carter,0,0,,,,,,,,,
1252675,2021,2021-07-29,"Lord's, London",2,14.3,London Spirit,Trent Rockets,Mohammad Amir,RE van der Merwe,M Carter,1,0,,,,,,,,,
1252675,2021,2021-07-29,"Lord's, London",2,14.4,London Spirit,Trent Rockets,RE van der Merwe,Mohammad Amir,M Carter,1,0,,,,,,,,,
1252675,2021,2021-07-29,"Lord's, London",2,14.5,London Spirit,Trent Rockets,Mohammad Amir,RE van der Merwe,M Carter,1,0,,,,,,,,,
1252675,2021,2021-07-29,"Lord's, London",2,15.1,London Spirit,Trent Rockets,RE van der Merwe,Mohammad Amir,M de Lange,1,0,,,,,,,,,
1252675,2021,2021-07-29,"Lord's, London",2,15.2,London Spirit,Trent Rockets,Mohammad Amir,RE van der Merwe,M de Lange,1,0,,,,,,,,,
1252675,2021,2021-07-29,"Lord's, London",2,15.3,London Spirit,Trent Rockets,RE van der Merwe,Mohammad Amir,M de Lange,6,0,,,,,,,,,
1252675,2021,2021-07-29,"Lord's, London",2,15.4,London Spirit,Trent Rockets,RE van der Merwe,Mohammad Amir,M de Lange,1,0,,,,,,,,,
1252675,2021,2021-07-29,"Lord's, London",2,15.5,London Spirit,Trent Rockets,Mohammad Amir,RE van der Merwe,M de Lange,1,0,,,,,,,,,
1252675,2021,2021-07-29,"Lord's, London",2,16.1,London Spirit,Trent Rockets,Mohammad Amir,RE van der Merwe,Rashid Khan,1,0,,,,,,,,,
1252675,2021,2021-07-29,"Lord's, London",2,16.2,London Spirit,Trent Rockets,RE van der Merwe,Mohammad Amir,Rashid Khan,1,0,,,,,,,,,
1252675,2021,2021-07-29,"Lord's, London",2,16.3,London Spirit,Trent Rockets,Mohammad Amir,RE van der Merwe,Rashid Khan,1,0,,,,,,,,,
1252675,2021,2021-07-29,"Lord's, London",2,16.4,London Spirit,Trent Rockets,RE van der Merwe,Mohammad Amir,Rashid Khan,1,0,,,,,,,,,
1252675,2021,2021-07-29,"Lord's, London",2,16.5,London Spirit,Trent Rockets,Mohammad Amir,RE van der Merwe,Rashid Khan,0,0,,,,,,stumped,Mohammad Amir,,
1252675,2021,2021-07-29,"Lord's, London",2,17.1,London Spirit,Trent Rockets,BC Cullen,RE van der Merwe,SR Patel,1,0,,,,,,,,,
1252675,2021,2021-07-29,"Lord's, London",2,17.2,London Spirit,Trent Rockets,RE van der Merwe,BC Cullen,SR Patel,1,0,,,,,,,,,
1252675,2021,2021-07-29,"Lord's, London",2,17.3,London Spirit,Trent Rockets,BC Cullen,RE van der Merwe,SR Patel,2,0,,,,,,,,,
1252675,2021,2021-07-29,"Lord's, London",2,17.4,London Spirit,Trent Rockets,BC Cullen,RE van der Merwe,SR Patel,1,0,,,,,,,,,
1252675,2021,2021-07-29,"Lord's, London",2,17.5,London Spirit,Trent Rockets,RE van der Merwe,BC Cullen,SR Patel,0,0,,,,,,,,,
1252675,2021,2021-07-29,"Lord's, London",2,18.1,London Spirit,Trent Rockets,BC Cullen,RE van der Merwe,M de Lange,1,0,,,,,,,,,
1252675,2021,2021-07-29,"Lord's, London",2,18.2,London Spirit,Trent Rockets,RE van der Merwe,BC Cullen,M de Lange,4,0,,,,,,,,,
1252675,2021,2021-07-29,"Lord's, London",2,18.3,London Spirit,Trent Rockets,RE van der Merwe,BC Cullen,M de Lange,0,0,,,,,,,,,
1252675,2021,2021-07-29,"Lord's, London",2,18.4,London Spirit,Trent Rockets,RE van der Merwe,BC Cullen,M de Lange,1,0,,,,,,,,,
1252675,2021,2021-07-29,"Lord's, London",2,18.5,London Spirit,Trent Rockets,BC Cullen,RE van der Merwe,M de Lange,6,0,,,,,,,,,
1252675,2021,2021-07-29,"Lord's, London",2,19.1,London Spirit,Trent Rockets,BC Cullen,RE van der Merwe,M de Lange,4,0,,,,,,,,,
1252675,2021,2021-07-29,"Lord's, London",2,19.2,London Spirit,Trent Rockets,BC Cullen,RE van der Merwe,M de Lange,0,1,,,1,,,,,,
1252675,2021,2021-07-29,"Lord's, London",2,19.3,London Spirit,Trent Rockets,RE van der Merwe,BC Cullen,M de Lange,1,0,,,,,,,,,
1252675,2021,2021-07-29,"Lord's, London",2,19.4,London Spirit,Trent Rockets,BC Cullen,RE van der Merwe,M de Lange,0,0,,,,,,,,,
1252675,2021,2021-07-29,"Lord's, London",2,19.5,London Spirit,Trent Rockets,BC Cullen,RE van der Merwe,M de Lange,0,0,,,,,,,,,
