match_id,season,start_date,venue,innings,ball,batting_team,bowling_team,striker,non_striker,bowler,runs_off_bat,extras,wides,noballs,byes,legbyes,penalty,wicket_type,player_dismissed,other_wicket_type,other_player_dismissed
1252698,2021,2021-08-20,"Kennington Oval, London",1,0.1,Trent Rockets,Southern Brave,DJ Malan,AD Hales,GHS Garton,1,0,,,,,,,,,
1252698,2021,2021-08-20,"Kennington Oval, London",1,0.2,Trent Rockets,Southern Brave,AD Hales,DJ Malan,GHS Garton,0,0,,,,,,,,,
1252698,2021,2021-08-20,"Kennington Oval, London",1,0.3,Trent Rockets,Southern Brave,AD Hales,DJ Malan,GHS Garton,1,0,,,,,,,,,
1252698,2021,2021-08-20,"Kennington Oval, London",1,0.4,Trent Rockets,Southern Brave,DJ Malan,AD Hales,GHS Garton,0,0,,,,,,,,,
1252698,2021,2021-08-20,"Kennington Oval, London",1,0.5,Trent Rockets,Southern Brave,DJ Malan,AD Hales,GHS Garton,4,0,,,,,,,,,
1252698,2021,2021-08-20,"Kennington Oval, London",1,1.1,Trent Rockets,Southern Brave,DJ Malan,AD Hales,C Overton,4,0,,,,,,,,,
1252698,2021,2021-08-20,"Kennington Oval, London",1,1.2,Trent Rockets,Southern Brave,DJ Malan,AD Hales,C Overton,4,0,,,,,,,,,
1252698,2021,2021-08-20,"Kennington Oval, London",1,1.3,Trent Rockets,Southern Brave,DJ Malan,AD Hales,C Overton,0,0,,,,,,,,,
1252698,2021,2021-08-20,"Kennington Oval, London",1,1.4,Trent Rockets,Southern Brave,DJ Malan,AD Hales,C Overton,1,0,,,,,,,,,
1252698,2021,2021-08-20,"Kennington Oval, London",1,1.5,Trent Rockets,Southern Brave,AD Hales,DJ Malan,C Overton,0,0,,,,,,,,,
1252698,2021,2021-08-20,"Kennington Oval, London",1,2.1,Trent Rockets,Southern Brave,DJ Malan,AD Hales,GHS Garton,0,0,,,,,,caught,DJ Malan,,
1252698,2021,2021-08-20,"Kennington Oval, London",1,2.2,Trent Rockets,Southern Brave,DJM Short,AD Hales,GHS Garton,0,1,,,,1,,,,,
1252698,2021,2021-08-20,"Kennington Oval, London",1,2.3,Trent Rockets,Southern Brave,AD Hales,DJM Short,GHS Garton,2,0,,,,,,,,,
1252698,2021,2021-08-20,"Kennington Oval, London",1,2.4,Trent Rockets,Southern Brave,AD Hales,DJM Short,GHS Garton,0,0,,,,,,,,,
1252698,2021,2021-08-20,"Kennington Oval, London",1,2.5,Trent Rockets,Southern Brave,AD Hales,DJM Short,GHS Garton,0,0,,,,,,caught,AD Hales,,
1252698,2021,2021-08-20,"Kennington Oval, London",1,3.1,Trent Rockets,Southern Brave,SJ Mullaney,DJM Short,C Overton,0,0,,,,,,,,,
1252698,2021,2021-08-20,"Kennington Oval, London",1,3.2,Trent Rockets,Southern Brave,SJ Mullaney,DJM Short,C Overton,4,0,,,,,,,,,
1252698,2021,2021-08-20,"Kennington Oval, London",1,3.3,Trent Rockets,Southern Brave,SJ Mullaney,DJM Short,C Overton,1,0,,,,,,,,,
1252698,2021,2021-08-20,"Kennington Oval, London",1,3.4,Trent Rockets,Southern Brave,DJM Short,SJ Mullaney,C Overton,1,0,,,,,,,,,
1252698,2021,2021-08-20,"Kennington Oval, London",1,3.5,Trent Rockets,Southern Brave,SJ Mullaney,DJM Short,C Overton,0,0,,,,,,bowled,SJ Mullaney,,
1252698,2021,2021-08-20,"Kennington Oval, London",1,4.1,Trent Rockets,Southern Brave,DJM Short,SR Patel,GHS Garton,0,1,1,,,,,,,,
1252698,2021,2021-08-20,"Kennington Oval, London",1,4.2,Trent Rockets,Southern Brave,DJM Short,SR Patel,GHS Garton,0,0,,,,,,,,,
1252698,2021,2021-08-20,"Kennington Oval, London",1,4.3,Trent Rockets,Southern Brave,DJM Short,SR Patel,GHS Garton,1,0,,,,,,,,,
1252698,2021,2021-08-20,"Kennington Oval, London",1,4.4,Trent Rockets,Southern Brave,SR Patel,DJM Short,GHS Garton,1,0,,,,,,,,,
1252698,2021,2021-08-20,"Kennington Oval, London",1,4.5,Trent Rockets,Southern Brave,DJM Short,SR Patel,GHS Garton,4,0,,,,,,,,,
1252698,2021,2021-08-20,"Kennington Oval, London",1,4.6,Trent Rockets,Southern Brave,DJM Short,SR Patel,GHS Garton,0,0,,,,,,caught,DJM Short,,
1252698,2021,2021-08-20,"Kennington Oval, London",1,5.1,Trent Rockets,Southern Brave,L Gregory,SR Patel,C Overton,0,4,,,4,,,,,,
1252698,2021,2021-08-20,"Kennington Oval, London",1,5.2,Trent Rockets,Southern Brave,L Gregory,SR Patel,C Overton,0,0,,,,,,,,,
1252698,2021,2021-08-20,"Kennington Oval, London",1,5.3,Trent Rockets,Southern Brave,L Gregory,SR Patel,C Overton,0,0,,,,,,,,,
1252698,2021,2021-08-20,"Kennington Oval, London",1,5.4,Trent Rockets,Southern Brave,L Gregory,SR Patel,C Overton,1,0,,,,,,,,,
1252698,2021,2021-08-20,"Kennington Oval, London",1,5.5,Trent Rockets,Southern Brave,SR Patel,L Gregory,C Overton,0,0,,,,,,,,,
1252698,2021,2021-08-20,"Kennington Oval, London",1,6.1,Trent Rockets,Southern Brave,L Gregory,SR Patel,TS Mills,0,0,,,,,,,,,
1252698,2021,2021-08-20,"Kennington Oval, London",1,6.2,Trent Rockets,Southern Brave,L Gregory,SR Patel,TS Mills,1,0,,,,,,,,,
1252698,2021,2021-08-20,"Kennington Oval, London",1,6.3,Trent Rockets,Southern Brave,SR Patel,L Gregory,TS Mills,0,0,,,,,,,,,
1252698,2021,2021-08-20,"Kennington Oval, London",1,6.4,Trent Rockets,Southern Brave,SR Patel,L Gregory,TS Mills,1,0,,,,,,,,,
1252698,2021,2021-08-20,"Kennington Oval, London",1,6.5,Trent Rockets,Southern Brave,L Gregory,SR Patel,TS Mills,1,0,,,,,,,,,
1252698,2021,2021-08-20,"Kennington Oval, London",1,7.1,Trent Rockets,Southern Brave,SR Patel,L Gregory,CJ Jordan,0,0,,,,,,,,,
1252698,2021,2021-08-20,"Kennington Oval, London",1,7.2,Trent Rockets,Southern Brave,SR Patel,L Gregory,CJ Jordan,1,0,,,,,,,,,
1252698,2021,2021-08-20,"Kennington Oval, London",1,7.3,Trent Rockets,Southern Brave,L Gregory,SR Patel,CJ Jordan,1,0,,,,,,,,,
1252698,2021,2021-08-20,"Kennington Oval, London",1,7.4,Trent Rockets,Southern Brave,SR Patel,L Gregory,CJ Jordan,1,0,,,,,,,,,
1252698,2021,2021-08-20,"Kennington Oval, London",1,7.5,Trent Rockets,Southern Brave,L Gregory,SR Patel,CJ Jordan,0,0,,,,,,,,,
1252698,2021,2021-08-20,"Kennington Oval, London",1,8.1,Trent Rockets,Southern Brave,SR Patel,L Gregory,JB Lintott,0,0,,,,,,,,,
1252698,2021,2021-08-20,"Kennington Oval, London",1,8.2,Trent Rockets,Southern Brave,SR Patel,L Gregory,JB Lintott,0,0,,,,,,,,,
1252698,2021,2021-08-20,"Kennington Oval, London",1,8.3,Trent Rockets,Southern Brave,SR Patel,L Gregory,JB Lintott,4,0,,,,,,,,,
1252698,2021,2021-08-20,"Kennington Oval, London",1,8.4,Trent Rockets,Southern Brave,SR Patel,L Gregory,JB Lintott,0,0,,,,,,,,,
1252698,2021,2021-08-20,"Kennington Oval, London",1,8.5,Trent Rockets,Southern Brave,SR Patel,L Gregory,JB Lintott,6,0,,,,,,,,,
1252698,2021,2021-08-20,"Kennington Oval, London",1,9.1,Trent Rockets,Southern Brave,SR Patel,L Gregory,JB Lintott,1,0,,,,,,,,,
1252698,2021,2021-08-20,"Kennington Oval, London",1,9.2,Trent Rockets,Southern Brave,L Gregory,SR Patel,JB Lintott,4,0,,,,,,,,,
1252698,2021,2021-08-20,"Kennington Oval, London",1,9.3,Trent Rockets,Southern Brave,L Gregory,SR Patel,JB Lintott,0,0,,,,,,,,,
1252698,2021,2021-08-20,"Kennington Oval, London",1,9.4,Trent Rockets,Southern Brave,L Gregory,SR Patel,JB Lintott,0,0,,,,,,,,,
1252698,2021,2021-08-20,"Kennington Oval, London",1,9.5,Trent Rockets,Southern Brave,L Gregory,SR Patel,JB Lintott,0,0,,,,,,,,,
1252698,2021,2021-08-20,"Kennington Oval, London",1,10.1,Trent Rockets,Southern Brave,SR Patel,L Gregory,GHS Garton,0,0,,,,,,,,,
1252698,2021,2021-08-20,"Kennington Oval, London",1,10.2,Trent Rockets,Southern Brave,SR Patel,L Gregory,GHS Garton,1,0,,,,,,,,,
1252698,2021,2021-08-20,"Kennington Oval, London",1,10.3,Trent Rockets,Southern Brave,L Gregory,SR Patel,GHS Garton,0,0,,,,,,,,,
1252698,2021,2021-08-20,"Kennington Oval, London",1,10.4,Trent Rockets,Southern Brave,L Gregory,SR Patel,GHS Garton,1,0,,,,,,,,,
1252698,2021,2021-08-20,"Kennington Oval, London",1,10.5,Trent Rockets,Southern Brave,SR Patel,L Gregory,GHS Garton,1,0,,,,,,,,,
1252698,2021,2021-08-20,"Kennington Oval, London",1,11.1,Trent Rockets,Southern Brave,L Gregory,SR Patel,TS Mills,2,0,,,,,,,,,
1252698,2021,2021-08-20,"Kennington Oval, London",1,11.2,Trent Rockets,Southern Brave,L Gregory,SR Patel,TS Mills,0,0,,,,,,caught,L Gregory,,
1252698,2021,2021-08-20,"Kennington Oval, London",1,11.3,Trent Rockets,Southern Brave,TJ Moores,SR Patel,TS Mills,1,0,,,,,,,,,
1252698,2021,2021-08-20,"Kennington Oval, London",1,11.4,Trent Rockets,Southern Brave,SR Patel,TJ Moores,TS Mills,1,0,,,,,,,,,
1252698,2021,2021-08-20,"Kennington Oval, London",1,11.5,Trent Rockets,Southern Brave,TJ Moores,SR Patel,TS Mills,0,0,,,,,,,,,
1252698,2021,2021-08-20,"Kennington Oval, London",1,12.1,Trent Rockets,Southern Brave,SR Patel,TJ Moores,JB Lintott,1,0,,,,,,,,,
1252698,2021,2021-08-20,"Kennington Oval, London",1,12.2,Trent Rockets,Southern Brave,TJ Moores,SR Patel,JB Lintott,1,0,,,,,,,,,
1252698,2021,2021-08-20,"Kennington Oval, London",1,12.3,Trent Rockets,Southern Brave,SR Patel,TJ Moores,JB Lintott,1,0,,,,,,,,,
1252698,2021,2021-08-20,"Kennington Oval, London",1,12.4,Trent Rockets,Southern Brave,TJ Moores,SR Patel,JB Lintott,0,0,,,,,,,,,
1252698,2021,2021-08-20,"Kennington Oval, London",1,12.5,Trent Rockets,Southern Brave,TJ Moores,SR Patel,JB Lintott,6,0,,,,,,,,,
1252698,2021,2021-08-20,"Kennington Oval, London",1,13.1,Trent Rockets,Southern Brave,TJ Moores,SR Patel,C Overton,6,0,,,,,,,,,
1252698,2021,2021-08-20,"Kennington Oval, London",1,13.2,Trent Rockets,Southern Brave,TJ Moores,SR Patel,C Overton,2,0,,,,,,,,,
1252698,2021,2021-08-20,"Kennington Oval, London",1,13.3,Trent Rockets,Southern Brave,TJ Moores,SR Patel,C Overton,1,0,,,,,,,,,
1252698,2021,2021-08-20,"Kennington Oval, London",1,13.4,Trent Rockets,Southern Brave,SR Patel,TJ Moores,C Overton,0,0,,,,,,,,,
1252698,2021,2021-08-20,"Kennington Oval, London",1,13.5,Trent Rockets,Southern Brave,SR Patel,TJ Moores,C Overton,0,0,,,,,,caught,SR Patel,,
1252698,2021,2021-08-20,"Kennington Oval, London",1,14.1,Trent Rockets,Southern Brave,TJ Moores,Rashid Khan,JB Lintott,0,0,,,,,,,,,
1252698,2021,2021-08-20,"Kennington Oval, London",1,14.2,Trent Rockets,Southern Brave,TJ Moores,Rashid Khan,JB Lintott,1,0,,,,,,,,,
1252698,2021,2021-08-20,"Kennington Oval, London",1,14.3,Trent Rockets,Southern Brave,Rashid Khan,TJ Moores,JB Lintott,0,0,,,,,,,,,
1252698,2021,2021-08-20,"Kennington Oval, London",1,14.4,Trent Rockets,Southern Brave,Rashid Khan,TJ Moores,JB Lintott,0,0,,,,,,,,,
1252698,2021,2021-08-20,"Kennington Oval, London",1,14.5,Trent Rockets,Southern Brave,Rashid Khan,TJ Moores,JB Lintott,0,0,,,,,,,,,
1252698,2021,2021-08-20,"Kennington Oval, London",1,15.1,Trent Rockets,Southern Brave,Rashid Khan,TJ Moores,CJ Jordan,0,1,1,,,,,,,,
1252698,2021,2021-08-20,"Kennington Oval, London",1,15.2,Trent Rockets,Southern Brave,Rashid Khan,TJ Moores,CJ Jordan,1,0,,,,,,,,,
1252698,2021,2021-08-20,"Kennington Oval, London",1,15.3,Trent Rockets,Southern Brave,TJ Moores,Rashid Khan,CJ Jordan,1,0,,,,,,,,,
1252698,2021,2021-08-20,"Kennington Oval, London",1,15.4,Trent Rockets,Southern Brave,Rashid Khan,TJ Moores,CJ Jordan,1,0,,,,,,,,,
1252698,2021,2021-08-20,"Kennington Oval, London",1,15.5,Trent Rockets,Southern Brave,TJ Moores,Rashid Khan,CJ Jordan,0,0,,,,,,caught,TJ Moores,,
1252698,2021,2021-08-20,"Kennington Oval, London",1,15.6,Trent Rockets,Southern Brave,M Carter,Rashid Khan,CJ Jordan,0,0,,,,,,,,,
1252698,2021,2021-08-20,"Kennington Oval, London",1,16.1,Trent Rockets,Southern Brave,Rashid Khan,M Carter,TS Mills,0,0,,,,,,,,,
1252698,2021,2021-08-20,"Kennington Oval, London",1,16.2,Trent Rockets,Southern Brave,Rashid Khan,M Carter,TS Mills,0,1,1,,,,,,,,
1252698,2021,2021-08-20,"Kennington Oval, London",1,16.3,Trent Rockets,Southern Brave,Rashid Khan,M Carter,TS Mills,0,0,,,,,,,,,
1252698,2021,2021-08-20,"Kennington Oval, London",1,16.4,Trent Rockets,Southern Brave,Rashid Khan,M Carter,TS Mills,0,0,,,,,,,,,
1252698,2021,2021-08-20,"Kennington Oval, London",1,16.5,Trent Rockets,Southern Brave,Rashid Khan,M Carter,TS Mills,0,0,,,,,,caught,Rashid Khan,,
1252698,2021,2021-08-20,"Kennington Oval, London",1,16.6,Trent Rockets,Southern Brave,M de Lange,M Carter,TS Mills,0,0,,,,,,,,,
1252698,2021,2021-08-20,"Kennington Oval, London",1,17.1,Trent Rockets,Southern Brave,M de Lange,M Carter,CJ Jordan,0,0,,,,,,,,,
1252698,2021,2021-08-20,"Kennington Oval, London",1,17.2,Trent Rockets,Southern Brave,M de Lange,M Carter,CJ Jordan,0,0,,,,,,,,,
1252698,2021,2021-08-20,"Kennington Oval, London",1,17.3,Trent Rockets,Southern Brave,M de Lange,M Carter,CJ Jordan,0,1,1,,,,,,,,
1252698,2021,2021-08-20,"Kennington Oval, London",1,17.4,Trent Rockets,Southern Brave,M de Lange,M Carter,CJ Jordan,6,0,,,,,,,,,
1252698,2021,2021-08-20,"Kennington Oval, London",1,17.5,Trent Rockets,Southern Brave,M de Lange,M Carter,CJ Jordan,1,0,,,,,,,,,
1252698,2021,2021-08-20,"Kennington Oval, London",1,17.6,Trent Rockets,Southern Brave,M Carter,M de Lange,CJ Jordan,0,0,,,,,,caught,M Carter,,
1252698,2021,2021-08-20,"Kennington Oval, London",1,18.1,Trent Rockets,Southern Brave,M de Lange,SJ Cook,TS Mills,0,0,,,,,,caught,M de Lange,,
1252698,2021,2021-08-20,"Kennington Oval, London",2,0.1,Southern Brave,Trent Rockets,PR Stirling,Q de Kock,M Carter,4,0,,,,,,,,,
1252698,2021,2021-08-20,"Kennington Oval, London",2,0.2,Southern Brave,Trent Rockets,PR Stirling,Q de Kock,M Carter,0,0,,,,,,,,,
1252698,2021,2021-08-20,"Kennington Oval, London",2,0.3,Southern Brave,Trent Rockets,PR Stirling,Q de Kock,M Carter,1,0,,,,,,,,,
1252698,2021,2021-08-20,"Kennington Oval, London",2,0.4,Southern Brave,Trent Rockets,Q de Kock,PR Stirling,M Carter,1,0,,,,,,,,,
1252698,2021,2021-08-20,"Kennington Oval, London",2,0.5,Southern Brave,Trent Rockets,PR Stirling,Q de Kock,M Carter,6,0,,,,,,,,,
1252698,2021,2021-08-20,"Kennington Oval, London",2,1.1,Southern Brave,Trent Rockets,PR Stirling,Q de Kock,SJ Cook,0,0,,,,,,,,,
1252698,2021,2021-08-20,"Kennington Oval, London",2,1.2,Southern Brave,Trent Rockets,PR Stirling,Q de Kock,SJ Cook,4,0,,,,,,,,,
1252698,2021,2021-08-20,"Kennington Oval, London",2,1.3,Southern Brave,Trent Rockets,PR Stirling,Q de Kock,SJ Cook,1,0,,,,,,,,,
1252698,2021,2021-08-20,"Kennington Oval, London",2,1.4,Southern Brave,Trent Rockets,Q de Kock,PR Stirling,SJ Cook,1,0,,,,,,,,,
1252698,2021,2021-08-20,"Kennington Oval, London",2,1.5,Southern Brave,Trent Rockets,PR Stirling,Q de Kock,SJ Cook,0,0,,,,,,,,,
1252698,2021,2021-08-20,"Kennington Oval, London",2,2.1,Southern Brave,Trent Rockets,Q de Kock,PR Stirling,M de Lange,4,0,,,,,,,,,
1252698,2021,2021-08-20,"Kennington Oval, London",2,2.2,Southern Brave,Trent Rockets,Q de Kock,PR Stirling,M de Lange,0,0,,,,,,caught,Q de Kock,,
1252698,2021,2021-08-20,"Kennington Oval, London",2,2.3,Southern Brave,Trent Rockets,JM Vince,PR Stirling,M de Lange,4,0,,,,,,,,,
1252698,2021,2021-08-20,"Kennington Oval, London",2,2.4,Southern Brave,Trent Rockets,JM Vince,PR Stirling,M de Lange,0,0,,,,,,,,,
1252698,2021,2021-08-20,"Kennington Oval, London",2,2.5,Southern Brave,Trent Rockets,JM Vince,PR Stirling,M de Lange,2,0,,,,,,,,,
1252698,2021,2021-08-20,"Kennington Oval, London",2,3.1,Southern Brave,Trent Rockets,JM Vince,PR Stirling,Rashid Khan,4,0,,,,,,,,,
1252698,2021,2021-08-20,"Kennington Oval, London",2,3.2,Southern Brave,Trent Rockets,JM Vince,PR Stirling,Rashid Khan,0,0,,,,,,,,,
1252698,2021,2021-08-20,"Kennington Oval, London",2,3.3,Southern Brave,Trent Rockets,JM Vince,PR Stirling,Rashid Khan,6,0,,,,,,,,,
1252698,2021,2021-08-20,"Kennington Oval, London",2,3.4,Southern Brave,Trent Rockets,JM Vince,PR Stirling,Rashid Khan,4,0,,,,,,,,,
1252698,2021,2021-08-20,"Kennington Oval, London",2,3.5,Southern Brave,Trent Rockets,JM Vince,PR Stirling,Rashid Khan,0,0,,,,,,,,,
1252698,2021,2021-08-20,"Kennington Oval, London",2,4.1,Southern Brave,Trent Rockets,PR Stirling,JM Vince,SJ Cook,1,0,,,,,,,,,
1252698,2021,2021-08-20,"Kennington Oval, London",2,4.2,Southern Brave,Trent Rockets,JM Vince,PR Stirling,SJ Cook,1,0,,,,,,,,,
1252698,2021,2021-08-20,"Kennington Oval, London",2,4.3,Southern Brave,Trent Rockets,PR Stirling,JM Vince,SJ Cook,0,0,,,,,,,,,
1252698,2021,2021-08-20,"Kennington Oval, London",2,4.4,Southern Brave,Trent Rockets,PR Stirling,JM Vince,SJ Cook,6,0,,,,,,,,,
1252698,2021,2021-08-20,"Kennington Oval, London",2,4.5,Southern Brave,Trent Rockets,PR Stirling,JM Vince,SJ Cook,0,0,,,,,,,,,
1252698,2021,2021-08-20,"Kennington Oval, London",2,5.1,Southern Brave,Trent Rockets,PR Stirling,JM Vince,SR Patel,1,0,,,,,,,,,
1252698,2021,2021-08-20,"Kennington Oval, London",2,5.2,Southern Brave,Trent Rockets,JM Vince,PR Stirling,SR Patel,0,0,,,,,,,,,
1252698,2021,2021-08-20,"Kennington Oval, London",2,5.3,Southern Brave,Trent Rockets,JM Vince,PR Stirling,SR Patel,1,0,,,,,,,,,
1252698,2021,2021-08-20,"Kennington Oval, London",2,5.4,Southern Brave,Trent Rockets,PR Stirling,JM Vince,SR Patel,1,0,,,,,,,,,
1252698,2021,2021-08-20,"Kennington Oval, London",2,5.5,Southern Brave,Trent Rockets,JM Vince,PR Stirling,SR Patel,4,0,,,,,,,,,
1252698,2021,2021-08-20,"Kennington Oval, London",2,6.1,Southern Brave,Trent Rockets,PR Stirling,JM Vince,M de Lange,1,0,,,,,,,,,
1252698,2021,2021-08-20,"Kennington Oval, London",2,6.2,Southern Brave,Trent Rockets,JM Vince,PR Stirling,M de Lange,0,1,,,,1,,,,,
1252698,2021,2021-08-20,"Kennington Oval, London",2,6.3,Southern Brave,Trent Rockets,PR Stirling,JM Vince,M de Lange,1,0,,,,,,,,,
1252698,2021,2021-08-20,"Kennington Oval, London",2,6.4,Southern Brave,Trent Rockets,JM Vince,PR Stirling,M de Lange,0,0,,,,,,,,,
1252698,2021,2021-08-20,"Kennington Oval, London",2,6.5,Southern Brave,Trent Rockets,JM Vince,PR Stirling,M de Lange,0,0,,,,,,,,,
1252698,2021,2021-08-20,"Kennington Oval, London",2,7.1,Southern Brave,Trent Rockets,JM Vince,PR Stirling,M Carter,0,0,,,,,,,,,
1252698,2021,2021-08-20,"Kennington Oval, London",2,7.2,Southern Brave,Trent Rockets,JM Vince,PR Stirling,M Carter,1,0,,,,,,,,,
1252698,2021,2021-08-20,"Kennington Oval, London",2,7.3,Southern Brave,Trent Rockets,PR Stirling,JM Vince,M Carter,0,4,,,4,,,,,,
1252698,2021,2021-08-20,"Kennington Oval, London",2,7.4,Southern Brave,Trent Rockets,PR Stirling,JM Vince,M Carter,4,0,,,,,,,,,
1252698,2021,2021-08-20,"Kennington Oval, London",2,7.5,Southern Brave,Trent Rockets,PR Stirling,JM Vince,M Carter,0,0,,,,,,caught,PR Stirling,,
1252698,2021,2021-08-20,"Kennington Oval, London",2,8.1,Southern Brave,Trent Rockets,JM Vince,AL Davies,Rashid Khan,1,0,,,,,,,,,
1252698,2021,2021-08-20,"Kennington Oval, London",2,8.2,Southern Brave,Trent Rockets,AL Davies,JM Vince,Rashid Khan,0,0,,,,,,,,,
1252698,2021,2021-08-20,"Kennington Oval, London",2,8.3,Southern Brave,Trent Rockets,AL Davies,JM Vince,Rashid Khan,0,0,,,,,,,,,
1252698,2021,2021-08-20,"Kennington Oval, London",2,8.4,Southern Brave,Trent Rockets,AL Davies,JM Vince,Rashid Khan,0,0,,,,,,,,,
1252698,2021,2021-08-20,"Kennington Oval, London",2,8.5,Southern Brave,Trent Rockets,AL Davies,JM Vince,Rashid Khan,1,0,,,,,,,,,
1252698,2021,2021-08-20,"Kennington Oval, London",2,9.1,Southern Brave,Trent Rockets,JM Vince,AL Davies,Rashid Khan,0,0,,,,,,,,,
1252698,2021,2021-08-20,"Kennington Oval, London",2,9.2,Southern Brave,Trent Rockets,JM Vince,AL Davies,Rashid Khan,6,0,,,,,,,,,
1252698,2021,2021-08-20,"Kennington Oval, London",2,9.3,Southern Brave,Trent Rockets,JM Vince,AL Davies,Rashid Khan,0,0,,,,,,,,,
1252698,2021,2021-08-20,"Kennington Oval, London",2,9.4,Southern Brave,Trent Rockets,JM Vince,AL Davies,Rashid Khan,0,0,,,,,,,,,
1252698,2021,2021-08-20,"Kennington Oval, London",2,9.5,Southern Brave,Trent Rockets,JM Vince,AL Davies,Rashid Khan,4,0,,,,,,,,,
1252698,2021,2021-08-20,"Kennington Oval, London",2,10.1,Southern Brave,Trent Rockets,AL Davies,JM Vince,M de Lange,2,0,,,,,,,,,
1252698,2021,2021-08-20,"Kennington Oval, London",2,10.2,Southern Brave,Trent Rockets,AL Davies,JM Vince,M de Lange,0,0,,,,,,caught,AL Davies,,
1252698,2021,2021-08-20,"Kennington Oval, London",2,10.3,Southern Brave,Trent Rockets,RA Whiteley,JM Vince,M de Lange,0,0,,,,,,,,,
1252698,2021,2021-08-20,"Kennington Oval, London",2,10.4,Southern Brave,Trent Rockets,RA Whiteley,JM Vince,M de Lange,1,0,,,,,,,,,
1252698,2021,2021-08-20,"Kennington Oval, London",2,10.5,Southern Brave,Trent Rockets,JM Vince,RA Whiteley,M de Lange,1,0,,,,,,,,,
1252698,2021,2021-08-20,"Kennington Oval, London",2,11.1,Southern Brave,Trent Rockets,RA Whiteley,JM Vince,M de Lange,0,0,,,,,,,,,
1252698,2021,2021-08-20,"Kennington Oval, London",2,11.2,Southern Brave,Trent Rockets,RA Whiteley,JM Vince,M de Lange,0,0,,,,,,,,,
1252698,2021,2021-08-20,"Kennington Oval, London",2,11.3,Southern Brave,Trent Rockets,RA Whiteley,JM Vince,M de Lange,0,0,,,,,,,,,
1252698,2021,2021-08-20,"Kennington Oval, London",2,11.4,Southern Brave,Trent Rockets,RA Whiteley,JM Vince,M de Lange,0,0,,,,,,,,,
1252698,2021,2021-08-20,"Kennington Oval, London",2,11.5,Southern Brave,Trent Rockets,RA Whiteley,JM Vince,M de Lange,0,0,,,,,,,,,
1252698,2021,2021-08-20,"Kennington Oval, London",2,12.1,Southern Brave,Trent Rockets,JM Vince,RA Whiteley,SJ Cook,1,0,,,,,,,,,
1252698,2021,2021-08-20,"Kennington Oval, London",2,12.2,Southern Brave,Trent Rockets,RA Whiteley,JM Vince,SJ Cook,1,0,,,,,,,,,
1252698,2021,2021-08-20,"Kennington Oval, London",2,12.3,Southern Brave,Trent Rockets,JM Vince,RA Whiteley,SJ Cook,1,0,,,,,,,,,
1252698,2021,2021-08-20,"Kennington Oval, London",2,12.4,Southern Brave,Trent Rockets,RA Whiteley,JM Vince,SJ Cook,0,0,,,,,,,,,
1252698,2021,2021-08-20,"Kennington Oval, London",2,12.5,Southern Brave,Trent Rockets,RA Whiteley,JM Vince,SJ Cook,0,0,,,,,,,,,
1252698,2021,2021-08-20,"Kennington Oval, London",2,13.1,Southern Brave,Trent Rockets,RA Whiteley,JM Vince,SJ Cook,4,0,,,,,,,,,
1252698,2021,2021-08-20,"Kennington Oval, London",2,13.2,Southern Brave,Trent Rockets,RA Whiteley,JM Vince,SJ Cook,1,0,,,,,,,,,
1252698,2021,2021-08-20,"Kennington Oval, London",2,13.3,Southern Brave,Trent Rockets,JM Vince,RA Whiteley,SJ Cook,4,0,,,,,,,,,
