match_id,season,start_date,venue,innings,ball,batting_team,bowling_team,striker,non_striker,bowler,runs_off_bat,extras,wides,noballs,byes,legbyes,penalty,wicket_type,player_dismissed,other_wicket_type,other_player_dismissed
1299176,2022,2022-08-08,"Lord's, London",1,0.1,London Spirit,Manchester Originals,Z Crawley,AM Rossington,FJ Klaassen,0,0,,,,,,,,,
1299176,2022,2022-08-08,"Lord's, London",1,0.2,London Spirit,Manchester Originals,Z Crawley,AM Rossington,FJ Klaassen,0,0,,,,,,,,,
1299176,2022,2022-08-08,"Lord's, London",1,0.3,London Spirit,Manchester Originals,Z Crawley,AM Rossington,FJ Klaassen,4,0,,,,,,,,,
1299176,2022,2022-08-08,"Lord's, London",1,0.4,London Spirit,Manchester Originals,Z Crawley,AM Rossington,FJ Klaassen,4,0,,,,,,,,,
1299176,2022,2022-08-08,"Lord's, London",1,0.5,London Spirit,Manchester Originals,Z Crawley,AM Rossington,FJ Klaassen,0,0,,,,,,,,,
1299176,2022,2022-08-08,"Lord's, London",1,1.1,London Spirit,Manchester Originals,Z Crawley,AM Rossington,SA Abbott,1,0,,,,,,,,,
1299176,2022,2022-08-08,"Lord's, London",1,1.2,London Spirit,Manchester Originals,AM Rossington,Z Crawley,SA Abbott,0,0,,,,,,lbw,AM Rossington,,
1299176,2022,2022-08-08,"Lord's, London",1,1.3,London Spirit,Manchester Originals,GJ Maxwell,Z Crawley,SA Abbott,0,0,,,,,,,,,
1299176,2022,2022-08-08,"Lord's, London",1,1.4,London Spirit,Manchester Originals,GJ Maxwell,Z Crawley,SA Abbott,1,0,,,,,,,,,
1299176,2022,2022-08-08,"Lord's, London",1,1.5,London Spirit,Manchester Originals,Z Crawley,GJ Maxwell,SA Abbott,0,1,,,,1,,,,,
1299176,2022,2022-08-08,"Lord's, London",1,2.1,London Spirit,Manchester Originals,Z Crawley,GJ Maxwell,FJ Klaassen,0,1,1,,,,,,,,
1299176,2022,2022-08-08,"Lord's, London",1,2.2,London Spirit,Manchester Originals,Z Crawley,GJ Maxwell,FJ Klaassen,0,1,,,,1,,,,,
1299176,2022,2022-08-08,"Lord's, London",1,2.3,London Spirit,Manchester Originals,GJ Maxwell,Z Crawley,FJ Klaassen,0,1,1,,,,,,,,
1299176,2022,2022-08-08,"Lord's, London",1,2.4,London Spirit,Manchester Originals,GJ Maxwell,Z Crawley,FJ Klaassen,0,0,,,,,,,,,
1299176,2022,2022-08-08,"Lord's, London",1,2.5,London Spirit,Manchester Originals,GJ Maxwell,Z Crawley,FJ Klaassen,1,0,,,,,,,,,
1299176,2022,2022-08-08,"Lord's, London",1,2.6,London Spirit,Manchester Originals,Z Crawley,GJ Maxwell,FJ Klaassen,4,0,,,,,,,,,
1299176,2022,2022-08-08,"Lord's, London",1,2.7,London Spirit,Manchester Originals,Z Crawley,GJ Maxwell,FJ Klaassen,0,0,,,,,,,,,
1299176,2022,2022-08-08,"Lord's, London",1,3.1,London Spirit,Manchester Originals,Z Crawley,GJ Maxwell,AD Russell,0,2,,,,2,,,,,
1299176,2022,2022-08-08,"Lord's, London",1,3.2,London Spirit,Manchester Originals,Z Crawley,GJ Maxwell,AD Russell,0,0,,,,,,,,,
1299176,2022,2022-08-08,"Lord's, London",1,3.3,London Spirit,Manchester Originals,Z Crawley,GJ Maxwell,AD Russell,1,0,,,,,,,,,
1299176,2022,2022-08-08,"Lord's, London",1,3.4,London Spirit,Manchester Originals,GJ Maxwell,Z Crawley,AD Russell,0,0,,,,,,,,,
1299176,2022,2022-08-08,"Lord's, London",1,3.5,London Spirit,Manchester Originals,GJ Maxwell,Z Crawley,AD Russell,0,1,1,,,,,,,,
1299176,2022,2022-08-08,"Lord's, London",1,3.6,London Spirit,Manchester Originals,GJ Maxwell,Z Crawley,AD Russell,4,0,,,,,,,,,
1299176,2022,2022-08-08,"Lord's, London",1,4.1,London Spirit,Manchester Originals,Z Crawley,GJ Maxwell,SA Abbott,1,0,,,,,,,,,
1299176,2022,2022-08-08,"Lord's, London",1,4.2,London Spirit,Manchester Originals,GJ Maxwell,Z Crawley,SA Abbott,4,0,,,,,,,,,
1299176,2022,2022-08-08,"Lord's, London",1,4.3,London Spirit,Manchester Originals,GJ Maxwell,Z Crawley,SA Abbott,6,0,,,,,,,,,
1299176,2022,2022-08-08,"Lord's, London",1,4.4,London Spirit,Manchester Originals,GJ Maxwell,Z Crawley,SA Abbott,1,0,,,,,,,,,
1299176,2022,2022-08-08,"Lord's, London",1,4.5,London Spirit,Manchester Originals,Z Crawley,GJ Maxwell,SA Abbott,1,0,,,,,,,,,
1299176,2022,2022-08-08,"Lord's, London",1,5.1,London Spirit,Manchester Originals,GJ Maxwell,Z Crawley,MW Parkinson,1,0,,,,,,,,,
1299176,2022,2022-08-08,"Lord's, London",1,5.2,London Spirit,Manchester Originals,Z Crawley,GJ Maxwell,MW Parkinson,6,0,,,,,,,,,
1299176,2022,2022-08-08,"Lord's, London",1,5.3,London Spirit,Manchester Originals,Z Crawley,GJ Maxwell,MW Parkinson,0,0,,,,,,,,,
1299176,2022,2022-08-08,"Lord's, London",1,5.4,London Spirit,Manchester Originals,Z Crawley,GJ Maxwell,MW Parkinson,0,0,,,,,,,,,
1299176,2022,2022-08-08,"Lord's, London",1,5.5,London Spirit,Manchester Originals,Z Crawley,GJ Maxwell,MW Parkinson,0,0,,,,,,,,,
1299176,2022,2022-08-08,"Lord's, London",1,6.1,London Spirit,Manchester Originals,GJ Maxwell,Z Crawley,PI Walter,0,0,,,,,,,,,
1299176,2022,2022-08-08,"Lord's, London",1,6.2,London Spirit,Manchester Originals,GJ Maxwell,Z Crawley,PI Walter,1,0,,,,,,,,,
1299176,2022,2022-08-08,"Lord's, London",1,6.3,London Spirit,Manchester Originals,Z Crawley,GJ Maxwell,PI Walter,0,0,,,,,,,,,
1299176,2022,2022-08-08,"Lord's, London",1,6.4,London Spirit,Manchester Originals,Z Crawley,GJ Maxwell,PI Walter,1,0,,,,,,,,,
1299176,2022,2022-08-08,"Lord's, London",1,6.5,London Spirit,Manchester Originals,GJ Maxwell,Z Crawley,PI Walter,0,0,,,,,,,,,
1299176,2022,2022-08-08,"Lord's, London",1,7.1,London Spirit,Manchester Originals,GJ Maxwell,Z Crawley,TW Hartley,2,0,,,,,,,,,
1299176,2022,2022-08-08,"Lord's, London",1,7.2,London Spirit,Manchester Originals,GJ Maxwell,Z Crawley,TW Hartley,0,0,,,,,,bowled,GJ Maxwell,,
1299176,2022,2022-08-08,"Lord's, London",1,7.3,London Spirit,Manchester Originals,EJG Morgan,Z Crawley,TW Hartley,0,0,,,,,,,,,
1299176,2022,2022-08-08,"Lord's, London",1,7.4,London Spirit,Manchester Originals,EJG Morgan,Z Crawley,TW Hartley,6,0,,,,,,,,,
1299176,2022,2022-08-08,"Lord's, London",1,7.5,London Spirit,Manchester Originals,EJG Morgan,Z Crawley,TW Hartley,2,0,,,,,,,,,
1299176,2022,2022-08-08,"Lord's, London",1,8.1,London Spirit,Manchester Originals,Z Crawley,EJG Morgan,AD Russell,2,0,,,,,,,,,
1299176,2022,2022-08-08,"Lord's, London",1,8.2,London Spirit,Manchester Originals,Z Crawley,EJG Morgan,AD Russell,1,0,,,,,,,,,
1299176,2022,2022-08-08,"Lord's, London",1,8.3,London Spirit,Manchester Originals,EJG Morgan,Z Crawley,AD Russell,1,0,,,,,,,,,
1299176,2022,2022-08-08,"Lord's, London",1,8.4,London Spirit,Manchester Originals,Z Crawley,EJG Morgan,AD Russell,1,0,,,,,,,,,
1299176,2022,2022-08-08,"Lord's, London",1,8.5,London Spirit,Manchester Originals,EJG Morgan,Z Crawley,AD Russell,0,0,,,,,,,,,
1299176,2022,2022-08-08,"Lord's, London",1,9.1,London Spirit,Manchester Originals,EJG Morgan,Z Crawley,MW Parkinson,6,0,,,,,,,,,
1299176,2022,2022-08-08,"Lord's, London",1,9.2,London Spirit,Manchester Originals,EJG Morgan,Z Crawley,MW Parkinson,0,0,,,,,,,,,
1299176,2022,2022-08-08,"Lord's, London",1,9.3,London Spirit,Manchester Originals,EJG Morgan,Z Crawley,MW Parkinson,1,0,,,,,,,,,
1299176,2022,2022-08-08,"Lord's, London",1,9.4,London Spirit,Manchester Originals,Z Crawley,EJG Morgan,MW Parkinson,1,0,,,,,,,,,
1299176,2022,2022-08-08,"Lord's, London",1,9.5,London Spirit,Manchester Originals,EJG Morgan,Z Crawley,MW Parkinson,1,0,,,,,,,,,
1299176,2022,2022-08-08,"Lord's, London",1,10.1,London Spirit,Manchester Originals,EJG Morgan,Z Crawley,T Stubbs,2,0,,,,,,,,,
1299176,2022,2022-08-08,"Lord's, London",1,10.2,London Spirit,Manchester Originals,EJG Morgan,Z Crawley,T Stubbs,0,0,,,,,,,,,
1299176,2022,2022-08-08,"Lord's, London",1,10.3,London Spirit,Manchester Originals,EJG Morgan,Z Crawley,T Stubbs,0,1,,,,1,,,,,
1299176,2022,2022-08-08,"Lord's, London",1,10.4,London Spirit,Manchester Originals,Z Crawley,EJG Morgan,T Stubbs,1,0,,,,,,,,,
1299176,2022,2022-08-08,"Lord's, London",1,10.5,London Spirit,Manchester Originals,EJG Morgan,Z Crawley,T Stubbs,0,0,,,,,,,,,
1299176,2022,2022-08-08,"Lord's, London",1,11.1,London Spirit,Manchester Originals,EJG Morgan,Z Crawley,T Stubbs,1,0,,,,,,,,,
1299176,2022,2022-08-08,"Lord's, London",1,11.2,London Spirit,Manchester Originals,Z Crawley,EJG Morgan,T Stubbs,2,0,,,,,,,,,
1299176,2022,2022-08-08,"Lord's, London",1,11.3,London Spirit,Manchester Originals,Z Crawley,EJG Morgan,T Stubbs,2,0,,,,,,,,,
1299176,2022,2022-08-08,"Lord's, London",1,11.4,London Spirit,Manchester Originals,Z Crawley,EJG Morgan,T Stubbs,0,0,,,,,,,,,
1299176,2022,2022-08-08,"Lord's, London",1,11.5,London Spirit,Manchester Originals,Z Crawley,EJG Morgan,T Stubbs,0,0,,,,,,,,,
1299176,2022,2022-08-08,"Lord's, London",1,12.1,London Spirit,Manchester Originals,EJG Morgan,Z Crawley,SA Abbott,6,0,,,,,,,,,
1299176,2022,2022-08-08,"Lord's, London",1,12.2,London Spirit,Manchester Originals,EJG Morgan,Z Crawley,SA Abbott,4,0,,,,,,,,,
1299176,2022,2022-08-08,"Lord's, London",1,12.3,London Spirit,Manchester Originals,EJG Morgan,Z Crawley,SA Abbott,1,0,,,,,,,,,
1299176,2022,2022-08-08,"Lord's, London",1,12.4,London Spirit,Manchester Originals,Z Crawley,EJG Morgan,SA Abbott,1,0,,,,,,,,,
1299176,2022,2022-08-08,"Lord's, London",1,12.5,London Spirit,Manchester Originals,EJG Morgan,Z Crawley,SA Abbott,1,0,,,,,,,,,
1299176,2022,2022-08-08,"Lord's, London",1,13.1,London Spirit,Manchester Originals,Z Crawley,EJG Morgan,MW Parkinson,6,0,,,,,,,,,
1299176,2022,2022-08-08,"Lord's, London",1,13.2,London Spirit,Manchester Originals,Z Crawley,EJG Morgan,MW Parkinson,1,0,,,,,,,,,
1299176,2022,2022-08-08,"Lord's, London",1,13.3,London Spirit,Manchester Originals,EJG Morgan,Z Crawley,MW Parkinson,2,0,,,,,,,,,
1299176,2022,2022-08-08,"Lord's, London",1,13.4,London Spirit,Manchester Originals,EJG Morgan,Z Crawley,MW Parkinson,1,0,,,,,,,,,
1299176,2022,2022-08-08,"Lord's, London",1,13.5,London Spirit,Manchester Originals,Z Crawley,EJG Morgan,MW Parkinson,0,0,,,,,,caught,Z Crawley,,
1299176,2022,2022-08-08,"Lord's, London",1,14.1,London Spirit,Manchester Originals,EJG Morgan,KA Pollard,PI Walter,1,0,,,,,,,,,
1299176,2022,2022-08-08,"Lord's, London",1,14.2,London Spirit,Manchester Originals,KA Pollard,EJG Morgan,PI Walter,1,0,,,,,,,,,
1299176,2022,2022-08-08,"Lord's, London",1,14.3,London Spirit,Manchester Originals,EJG Morgan,KA Pollard,PI Walter,0,0,,,,,,,,,
1299176,2022,2022-08-08,"Lord's, London",1,14.4,London Spirit,Manchester Originals,EJG Morgan,KA Pollard,PI Walter,0,0,,,,,,,,,
1299176,2022,2022-08-08,"Lord's, London",1,14.5,London Spirit,Manchester Originals,EJG Morgan,KA Pollard,PI Walter,0,0,,,,,,,,,
1299176,2022,2022-08-08,"Lord's, London",1,15.1,London Spirit,Manchester Originals,EJG Morgan,KA Pollard,PI Walter,1,0,,,,,,,,,
1299176,2022,2022-08-08,"Lord's, London",1,15.2,London Spirit,Manchester Originals,KA Pollard,EJG Morgan,PI Walter,2,0,,,,,,,,,
1299176,2022,2022-08-08,"Lord's, London",1,15.3,London Spirit,Manchester Originals,KA Pollard,EJG Morgan,PI Walter,1,0,,,,,,,,,
1299176,2022,2022-08-08,"Lord's, London",1,15.4,London Spirit,Manchester Originals,EJG Morgan,KA Pollard,PI Walter,0,0,,,,,,caught,EJG Morgan,,
1299176,2022,2022-08-08,"Lord's, London",1,15.5,London Spirit,Manchester Originals,JA Thompson,KA Pollard,PI Walter,1,0,,,,,,,,,
1299176,2022,2022-08-08,"Lord's, London",1,16.1,London Spirit,Manchester Originals,JA Thompson,KA Pollard,FJ Klaassen,1,0,,,,,,,,,
1299176,2022,2022-08-08,"Lord's, London",1,16.2,London Spirit,Manchester Originals,KA Pollard,JA Thompson,FJ Klaassen,6,0,,,,,,,,,
1299176,2022,2022-08-08,"Lord's, London",1,16.3,London Spirit,Manchester Originals,KA Pollard,JA Thompson,FJ Klaassen,1,0,,,,,,,,,
1299176,2022,2022-08-08,"Lord's, London",1,16.4,London Spirit,Manchester Originals,JA Thompson,KA Pollard,FJ Klaassen,0,0,,,,,,caught,JA Thompson,,
1299176,2022,2022-08-08,"Lord's, London",1,16.5,London Spirit,Manchester Originals,RS Bopara,KA Pollard,FJ Klaassen,0,0,,,,,,,,,
1299176,2022,2022-08-08,"Lord's, London",1,17.1,London Spirit,Manchester Originals,RS Bopara,KA Pollard,AD Russell,4,0,,,,,,,,,
1299176,2022,2022-08-08,"Lord's, London",1,17.2,London Spirit,Manchester Originals,RS Bopara,KA Pollard,AD Russell,4,0,,,,,,,,,
1299176,2022,2022-08-08,"Lord's, London",1,17.3,London Spirit,Manchester Originals,RS Bopara,KA Pollard,AD Russell,0,0,,,,,,,,,
1299176,2022,2022-08-08,"Lord's, London",1,17.4,London Spirit,Manchester Originals,RS Bopara,KA Pollard,AD Russell,0,1,1,,,,,,,,
1299176,2022,2022-08-08,"Lord's, London",1,17.5,London Spirit,Manchester Originals,RS Bopara,KA Pollard,AD Russell,1,0,,,,,,,,,
1299176,2022,2022-08-08,"Lord's, London",1,17.6,London Spirit,Manchester Originals,KA Pollard,RS Bopara,AD Russell,6,0,,,,,,,,,
1299176,2022,2022-08-08,"Lord's, London",1,18.1,London Spirit,Manchester Originals,RS Bopara,KA Pollard,PI Walter,0,0,,,,,,caught,RS Bopara,,
1299176,2022,2022-08-08,"Lord's, London",1,18.2,London Spirit,Manchester Originals,LA Dawson,KA Pollard,PI Walter,2,0,,,,,,,,,
1299176,2022,2022-08-08,"Lord's, London",1,18.3,London Spirit,Manchester Originals,LA Dawson,KA Pollard,PI Walter,1,0,,,,,,,,,
1299176,2022,2022-08-08,"Lord's, London",1,18.4,London Spirit,Manchester Originals,KA Pollard,LA Dawson,PI Walter,0,1,1,,,,,,,,
1299176,2022,2022-08-08,"Lord's, London",1,18.5,London Spirit,Manchester Originals,KA Pollard,LA Dawson,PI Walter,4,0,,,,,,,,,
1299176,2022,2022-08-08,"Lord's, London",1,18.6,London Spirit,Manchester Originals,KA Pollard,LA Dawson,PI Walter,1,0,,,,,,,,,
1299176,2022,2022-08-08,"Lord's, London",1,19.1,London Spirit,Manchester Originals,LA Dawson,KA Pollard,FJ Klaassen,0,1,,,,1,,,,,
1299176,2022,2022-08-08,"Lord's, London",1,19.2,London Spirit,Manchester Originals,KA Pollard,LA Dawson,FJ Klaassen,6,0,,,,,,,,,
1299176,2022,2022-08-08,"Lord's, London",1,19.3,London Spirit,Manchester Originals,KA Pollard,LA Dawson,FJ Klaassen,0,1,,,,1,,,,,
1299176,2022,2022-08-08,"Lord's, London",1,19.4,London Spirit,Manchester Originals,LA Dawson,KA Pollard,FJ Klaassen,0,1,,,1,,,,,,
1299176,2022,2022-08-08,"Lord's, London",1,19.5,London Spirit,Manchester Originals,KA Pollard,LA Dawson,FJ Klaassen,6,0,,,,,,,,,
1299176,2022,2022-08-08,"Lord's, London",2,0.1,Manchester Originals,London Spirit,JC Buttler,PD Salt,CP Wood,0,0,,,,,,,,,
1299176,2022,2022-08-08,"Lord's, London",2,0.2,Manchester Originals,London Spirit,JC Buttler,PD Salt,CP Wood,0,0,,,,,,,,,
1299176,2022,2022-08-08,"Lord's, London",2,0.3,Manchester Originals,London Spirit,JC Buttler,PD Salt,CP Wood,0,0,,,,,,,,,
1299176,2022,2022-08-08,"Lord's, London",2,0.4,Manchester Originals,London Spirit,JC Buttler,PD Salt,CP Wood,0,0,,,,,,,,,
1299176,2022,2022-08-08,"Lord's, London",2,0.5,Manchester Originals,London Spirit,JC Buttler,PD Salt,CP Wood,0,1,1,,,,,,,,
1299176,2022,2022-08-08,"Lord's, London",2,0.6,Manchester Originals,London Spirit,JC Buttler,PD Salt,CP Wood,1,0,,,,,,,,,
1299176,2022,2022-08-08,"Lord's, London",2,1.1,Manchester Originals,London Spirit,PD Salt,JC Buttler,LA Dawson,1,0,,,,,,,,,
1299176,2022,2022-08-08,"Lord's, London",2,1.2,Manchester Originals,London Spirit,JC Buttler,PD Salt,LA Dawson,0,0,,,,,,,,,
1299176,2022,2022-08-08,"Lord's, London",2,1.3,Manchester Originals,London Spirit,JC Buttler,PD Salt,LA Dawson,2,0,,,,,,,,,
1299176,2022,2022-08-08,"Lord's, London",2,1.4,Manchester Originals,London Spirit,JC Buttler,PD Salt,LA Dawson,1,0,,,,,,,,,
1299176,2022,2022-08-08,"Lord's, London",2,1.5,Manchester Originals,London Spirit,PD Salt,JC Buttler,LA Dawson,4,0,,,,,,,,,
1299176,2022,2022-08-08,"Lord's, London",2,2.1,Manchester Originals,London Spirit,JC Buttler,PD Salt,JA Thompson,2,0,,,,,,,,,
1299176,2022,2022-08-08,"Lord's, London",2,2.2,Manchester Originals,London Spirit,JC Buttler,PD Salt,JA Thompson,0,0,,,,,,,,,
1299176,2022,2022-08-08,"Lord's, London",2,2.3,Manchester Originals,London Spirit,JC Buttler,PD Salt,JA Thompson,0,0,,,,,,caught,JC Buttler,,
1299176,2022,2022-08-08,"Lord's, London",2,2.4,Manchester Originals,London Spirit,WL Madsen,PD Salt,JA Thompson,1,0,,,,,,,,,
1299176,2022,2022-08-08,"Lord's, London",2,2.5,Manchester Originals,London Spirit,PD Salt,WL Madsen,JA Thompson,0,0,,,,,,,,,
1299176,2022,2022-08-08,"Lord's, London",2,3.1,Manchester Originals,London Spirit,PD Salt,WL Madsen,NT Ellis,4,0,,,,,,,,,
1299176,2022,2022-08-08,"Lord's, London",2,3.2,Manchester Originals,London Spirit,PD Salt,WL Madsen,NT Ellis,0,0,,,,,,,,,
1299176,2022,2022-08-08,"Lord's, London",2,3.3,Manchester Originals,London Spirit,PD Salt,WL Madsen,NT Ellis,0,0,,,,,,,,,
1299176,2022,2022-08-08,"Lord's, London",2,3.4,Manchester Originals,London Spirit,PD Salt,WL Madsen,NT Ellis,1,0,,,,,,,,,
1299176,2022,2022-08-08,"Lord's, London",2,3.5,Manchester Originals,London Spirit,WL Madsen,PD Salt,NT Ellis,0,0,,,,,,,,,
1299176,2022,2022-08-08,"Lord's, London",2,4.1,Manchester Originals,London Spirit,PD Salt,WL Madsen,CP Wood,0,0,,,,,,,,,
1299176,2022,2022-08-08,"Lord's, London",2,4.2,Manchester Originals,London Spirit,PD Salt,WL Madsen,CP Wood,0,0,,,,,,,,,
1299176,2022,2022-08-08,"Lord's, London",2,4.3,Manchester Originals,London Spirit,PD Salt,WL Madsen,CP Wood,0,0,,,,,,,,,
1299176,2022,2022-08-08,"Lord's, London",2,4.4,Manchester Originals,London Spirit,PD Salt,WL Madsen,CP Wood,0,0,,,,,,,,,
1299176,2022,2022-08-08,"Lord's, London",2,4.5,Manchester Originals,London Spirit,PD Salt,WL Madsen,CP Wood,4,0,,,,,,,,,
1299176,2022,2022-08-08,"Lord's, London",2,5.1,Manchester Originals,London Spirit,PD Salt,WL Madsen,LA Dawson,0,0,,,,,,,,,
1299176,2022,2022-08-08,"Lord's, London",2,5.2,Manchester Originals,London Spirit,PD Salt,WL Madsen,LA Dawson,2,0,,,,,,,,,
1299176,2022,2022-08-08,"Lord's, London",2,5.3,Manchester Originals,London Spirit,PD Salt,WL Madsen,LA Dawson,1,0,,,,,,,,,
1299176,2022,2022-08-08,"Lord's, London",2,5.4,Manchester Originals,London Spirit,WL Madsen,PD Salt,LA Dawson,1,0,,,,,,,,,
1299176,2022,2022-08-08,"Lord's, London",2,5.5,Manchester Originals,London Spirit,PD Salt,WL Madsen,LA Dawson,1,0,,,,,,,,,
1299176,2022,2022-08-08,"Lord's, London",2,6.1,Manchester Originals,London Spirit,PD Salt,WL Madsen,NT Ellis,1,0,,,,,,,,,
1299176,2022,2022-08-08,"Lord's, London",2,6.2,Manchester Originals,London Spirit,WL Madsen,PD Salt,NT Ellis,1,0,,,,,,,,,
1299176,2022,2022-08-08,"Lord's, London",2,6.3,Manchester Originals,London Spirit,PD Salt,WL Madsen,NT Ellis,2,0,,,,,,,,,
1299176,2022,2022-08-08,"Lord's, London",2,6.4,Manchester Originals,London Spirit,PD Salt,WL Madsen,NT Ellis,0,0,,,,,,,,,
1299176,2022,2022-08-08,"Lord's, London",2,6.5,Manchester Originals,London Spirit,PD Salt,WL Madsen,NT Ellis,1,0,,,,,,,,,
1299176,2022,2022-08-08,"Lord's, London",2,7.1,Manchester Originals,London Spirit,WL Madsen,PD Salt,JA Thompson,2,0,,,,,,,,,
1299176,2022,2022-08-08,"Lord's, London",2,7.2,Manchester Originals,London Spirit,WL Madsen,PD Salt,JA Thompson,0,0,,,,,,,,,
1299176,2022,2022-08-08,"Lord's, London",2,7.3,Manchester Originals,London Spirit,WL Madsen,PD Salt,JA Thompson,4,0,,,,,,,,,
1299176,2022,2022-08-08,"Lord's, London",2,7.4,Manchester Originals,London Spirit,WL Madsen,PD Salt,JA Thompson,0,1,1,,,,,,,,
1299176,2022,2022-08-08,"Lord's, London",2,7.5,Manchester Originals,London Spirit,WL Madsen,PD Salt,JA Thompson,0,0,,,,,,bowled,WL Madsen,,
1299176,2022,2022-08-08,"Lord's, London",2,7.6,Manchester Originals,London Spirit,LJ Evans,PD Salt,JA Thompson,0,0,,,,,,,,,
1299176,2022,2022-08-08,"Lord's, London",2,8.1,Manchester Originals,London Spirit,PD Salt,LJ Evans,MS Crane,0,0,,,,,,,,,
1299176,2022,2022-08-08,"Lord's, London",2,8.2,Manchester Originals,London Spirit,PD Salt,LJ Evans,MS Crane,1,0,,,,,,,,,
1299176,2022,2022-08-08,"Lord's, London",2,8.3,Manchester Originals,London Spirit,LJ Evans,PD Salt,MS Crane,2,0,,,,,,,,,
1299176,2022,2022-08-08,"Lord's, London",2,8.4,Manchester Originals,London Spirit,LJ Evans,PD Salt,MS Crane,1,0,,,,,,,,,
1299176,2022,2022-08-08,"Lord's, London",2,8.5,Manchester Originals,London Spirit,PD Salt,LJ Evans,MS Crane,1,0,,,,,,,,,
1299176,2022,2022-08-08,"Lord's, London",2,9.1,Manchester Originals,London Spirit,LJ Evans,PD Salt,MS Crane,0,0,,,,,,,,,
1299176,2022,2022-08-08,"Lord's, London",2,9.2,Manchester Originals,London Spirit,LJ Evans,PD Salt,MS Crane,0,0,,,,,,caught,LJ Evans,,
1299176,2022,2022-08-08,"Lord's, London",2,9.3,Manchester Originals,London Spirit,PI Walter,PD Salt,MS Crane,0,0,,,,,,,,,
1299176,2022,2022-08-08,"Lord's, London",2,9.4,Manchester Originals,London Spirit,PI Walter,PD Salt,MS Crane,1,0,,,,,,,,,
1299176,2022,2022-08-08,"Lord's, London",2,9.5,Manchester Originals,London Spirit,PD Salt,PI Walter,MS Crane,0,0,,,,,,,,,
1299176,2022,2022-08-08,"Lord's, London",2,10.1,Manchester Originals,London Spirit,PI Walter,PD Salt,JA Thompson,2,0,,,,,,,,,
1299176,2022,2022-08-08,"Lord's, London",2,10.2,Manchester Originals,London Spirit,PI Walter,PD Salt,JA Thompson,0,0,,,,,,caught,PI Walter,,
1299176,2022,2022-08-08,"Lord's, London",2,10.3,Manchester Originals,London Spirit,AD Russell,PD Salt,JA Thompson,1,0,,,,,,,,,
1299176,2022,2022-08-08,"Lord's, London",2,10.4,Manchester Originals,London Spirit,PD Salt,AD Russell,JA Thompson,0,0,,,,,,,,,
1299176,2022,2022-08-08,"Lord's, London",2,10.5,Manchester Originals,London Spirit,PD Salt,AD Russell,JA Thompson,1,0,,,,,,,,,
1299176,2022,2022-08-08,"Lord's, London",2,11.1,Manchester Originals,London Spirit,AD Russell,PD Salt,NT Ellis,0,0,,,,,,,,,
1299176,2022,2022-08-08,"Lord's, London",2,11.2,Manchester Originals,London Spirit,AD Russell,PD Salt,NT Ellis,4,0,,,,,,,,,
1299176,2022,2022-08-08,"Lord's, London",2,11.3,Manchester Originals,London Spirit,AD Russell,PD Salt,NT Ellis,0,0,,,,,,,,,
1299176,2022,2022-08-08,"Lord's, London",2,11.4,Manchester Originals,London Spirit,AD Russell,PD Salt,NT Ellis,0,0,,,,,,run out,AD Russell,,
1299176,2022,2022-08-08,"Lord's, London",2,11.5,Manchester Originals,London Spirit,PD Salt,T Stubbs,NT Ellis,1,0,,,,,,,,,
1299176,2022,2022-08-08,"Lord's, London",2,12.1,Manchester Originals,London Spirit,PD Salt,T Stubbs,MS Crane,4,0,,,,,,,,,
1299176,2022,2022-08-08,"Lord's, London",2,12.2,Manchester Originals,London Spirit,PD Salt,T Stubbs,MS Crane,2,0,,,,,,,,,
1299176,2022,2022-08-08,"Lord's, London",2,12.3,Manchester Originals,London Spirit,PD Salt,T Stubbs,MS Crane,1,0,,,,,,,,,
1299176,2022,2022-08-08,"Lord's, London",2,12.4,Manchester Originals,London Spirit,T Stubbs,PD Salt,MS Crane,1,0,,,,,,,,,
1299176,2022,2022-08-08,"Lord's, London",2,12.5,Manchester Originals,London Spirit,PD Salt,T Stubbs,MS Crane,1,0,,,,,,,,,
1299176,2022,2022-08-08,"Lord's, London",2,13.1,Manchester Originals,London Spirit,T Stubbs,PD Salt,LA Dawson,0,0,,,,,,caught,T Stubbs,,
1299176,2022,2022-08-08,"Lord's, London",2,13.2,Manchester Originals,London Spirit,SA Abbott,PD Salt,LA Dawson,1,0,,,,,,,,,
1299176,2022,2022-08-08,"Lord's, London",2,13.3,Manchester Originals,London Spirit,PD Salt,SA Abbott,LA Dawson,2,0,,,,,,,,,
1299176,2022,2022-08-08,"Lord's, London",2,13.4,Manchester Originals,London Spirit,PD Salt,SA Abbott,LA Dawson,0,1,1,,,,,,,,
1299176,2022,2022-08-08,"Lord's, London",2,13.5,Manchester Originals,London Spirit,PD Salt,SA Abbott,LA Dawson,0,0,,,,,,,,,
1299176,2022,2022-08-08,"Lord's, London",2,13.6,Manchester Originals,London Spirit,PD Salt,SA Abbott,LA Dawson,0,0,,,,,,bowled,PD Salt,,
1299176,2022,2022-08-08,"Lord's, London",2,14.1,Manchester Originals,London Spirit,SA Abbott,TW Hartley,CP Wood,0,0,,,,,,,,,
1299176,2022,2022-08-08,"Lord's, London",2,14.2,Manchester Originals,London Spirit,SA Abbott,TW Hartley,CP Wood,2,0,,,,,,,,,
1299176,2022,2022-08-08,"Lord's, London",2,14.3,Manchester Originals,London Spirit,SA Abbott,TW Hartley,CP Wood,0,0,,,,,,,,,
1299176,2022,2022-08-08,"Lord's, London",2,14.4,Manchester Originals,London Spirit,SA Abbott,TW Hartley,CP Wood,6,0,,,,,,,,,
1299176,2022,2022-08-08,"Lord's, London",2,14.5,Manchester Originals,London Spirit,SA Abbott,TW Hartley,CP Wood,1,0,,,,,,,,,
1299176,2022,2022-08-08,"Lord's, London",2,15.1,Manchester Originals,London Spirit,TW Hartley,SA Abbott,JA Thompson,1,0,,,,,,,,,
1299176,2022,2022-08-08,"Lord's, London",2,15.2,Manchester Originals,London Spirit,SA Abbott,TW Hartley,JA Thompson,0,0,,,,,,caught,SA Abbott,,
1299176,2022,2022-08-08,"Lord's, London",2,15.3,Manchester Originals,London Spirit,FJ Klaassen,TW Hartley,JA Thompson,0,1,1,,,,,,,,
1299176,2022,2022-08-08,"Lord's, London",2,15.4,Manchester Originals,London Spirit,FJ Klaassen,TW Hartley,JA Thompson,1,0,,,,,,,,,
1299176,2022,2022-08-08,"Lord's, London",2,15.5,Manchester Originals,London Spirit,TW Hartley,FJ Klaassen,JA Thompson,0,1,1,,,,,,,,
1299176,2022,2022-08-08,"Lord's, London",2,15.6,Manchester Originals,London Spirit,TW Hartley,FJ Klaassen,JA Thompson,2,0,,,,,,,,,
1299176,2022,2022-08-08,"Lord's, London",2,15.7,Manchester Originals,London Spirit,TW Hartley,FJ Klaassen,JA Thompson,1,0,,,,,,,,,
1299176,2022,2022-08-08,"Lord's, London",2,16.1,Manchester Originals,London Spirit,TW Hartley,FJ Klaassen,LA Dawson,1,0,,,,,,,,,
1299176,2022,2022-08-08,"Lord's, London",2,16.2,Manchester Originals,London Spirit,FJ Klaassen,TW Hartley,LA Dawson,1,0,,,,,,,,,
1299176,2022,2022-08-08,"Lord's, London",2,16.3,Manchester Originals,London Spirit,TW Hartley,FJ Klaassen,LA Dawson,0,0,,,,,,,,,
1299176,2022,2022-08-08,"Lord's, London",2,16.4,Manchester Originals,London Spirit,TW Hartley,FJ Klaassen,LA Dawson,2,0,,,,,,,,,
1299176,2022,2022-08-08,"Lord's, London",2,16.5,Manchester Originals,London Spirit,TW Hartley,FJ Klaassen,LA Dawson,6,0,,,,,,,,,
1299176,2022,2022-08-08,"Lord's, London",2,17.1,Manchester Originals,London Spirit,TW Hartley,FJ Klaassen,NT Ellis,0,4,,,,4,,,,,
1299176,2022,2022-08-08,"Lord's, London",2,17.2,Manchester Originals,London Spirit,TW Hartley,FJ Klaassen,NT Ellis,0,0,,,,,,,,,
1299176,2022,2022-08-08,"Lord's, London",2,17.3,Manchester Originals,London Spirit,TW Hartley,FJ Klaassen,NT Ellis,1,0,,,,,,,,,
1299176,2022,2022-08-08,"Lord's, London",2,17.4,Manchester Originals,London Spirit,FJ Klaassen,TW Hartley,NT Ellis,0,0,,,,,,,,,
1299176,2022,2022-08-08,"Lord's, London",2,17.5,Manchester Originals,London Spirit,FJ Klaassen,TW Hartley,NT Ellis,0,0,,,,,,,,,
1299176,2022,2022-08-08,"Lord's, London",2,18.1,Manchester Originals,London Spirit,TW Hartley,FJ Klaassen,CP Wood,2,0,,,,,,,,,
1299176,2022,2022-08-08,"Lord's, London",2,18.2,Manchester Originals,London Spirit,TW Hartley,FJ Klaassen,CP Wood,0,0,,,,,,,,,
1299176,2022,2022-08-08,"Lord's, London",2,18.3,Manchester Originals,London Spirit,TW Hartley,FJ Klaassen,CP Wood,0,1,1,,,,,,,,
1299176,2022,2022-08-08,"Lord's, London",2,18.4,Manchester Originals,London Spirit,TW Hartley,FJ Klaassen,CP Wood,0,0,,,,,,,,,
1299176,2022,2022-08-08,"Lord's, London",2,18.5,Manchester Originals,London Spirit,TW Hartley,FJ Klaassen,CP Wood,1,0,,,,,,,,,
1299176,2022,2022-08-08,"Lord's, London",2,18.6,Manchester Originals,London Spirit,FJ Klaassen,TW Hartley,CP Wood,0,0,,,,,,caught,FJ Klaassen,,
1299176,2022,2022-08-08,"Lord's, London",2,19.1,Manchester Originals,London Spirit,MW Parkinson,TW Hartley,MS Crane,6,0,,,,,,,,,
1299176,2022,2022-08-08,"Lord's, London",2,19.2,Manchester Originals,London Spirit,MW Parkinson,TW Hartley,MS Crane,0,0,,,,,,,,,
1299176,2022,2022-08-08,"Lord's, London",2,19.3,Manchester Originals,London Spirit,MW Parkinson,TW Hartley,MS Crane,0,0,,,,,,caught,MW Parkinson,,
