match_id,season,start_date,venue,innings,ball,batting_team,bowling_team,striker,non_striker,bowler,runs_off_bat,extras,wides,noballs,byes,legbyes,penalty,wicket_type,player_dismissed,other_wicket_type,other_player_dismissed
1299186,2022,2022-08-16,"Old Trafford, Manchester",1,0.1,Manchester Originals,Welsh Fire,JC Buttler,PD Salt,DA Payne,0,0,,,,,,,,,
1299186,2022,2022-08-16,"Old Trafford, Manchester",1,0.2,Manchester Originals,Welsh Fire,JC Buttler,PD Salt,DA Payne,1,0,,,,,,,,,
1299186,2022,2022-08-16,"Old Trafford, Manchester",1,0.3,Manchester Originals,Welsh Fire,PD Salt,JC Buttler,DA Payne,0,0,,,,,,,,,
1299186,2022,2022-08-16,"Old Trafford, Manchester",1,0.4,Manchester Originals,Welsh Fire,PD Salt,JC Buttler,DA Payne,0,0,,,,,,,,,
1299186,2022,2022-08-16,"Old Trafford, Manchester",1,0.5,Manchester Originals,Welsh Fire,PD Salt,JC Buttler,DA Payne,0,0,,,,,,,,,
1299186,2022,2022-08-16,"Old Trafford, Manchester",1,1.1,Manchester Originals,Welsh Fire,PD Salt,JC Buttler,JT Ball,0,0,,,,,,,,,
1299186,2022,2022-08-16,"Old Trafford, Manchester",1,1.2,Manchester Originals,Welsh Fire,PD Salt,JC Buttler,JT Ball,6,0,,,,,,,,,
1299186,2022,2022-08-16,"Old Trafford, Manchester",1,1.3,Manchester Originals,Welsh Fire,PD Salt,JC Buttler,JT Ball,6,0,,,,,,,,,
1299186,2022,2022-08-16,"Old Trafford, Manchester",1,1.4,Manchester Originals,Welsh Fire,PD Salt,JC Buttler,JT Ball,6,0,,,,,,,,,
1299186,2022,2022-08-16,"Old Trafford, Manchester",1,1.5,Manchester Originals,Welsh Fire,PD Salt,JC Buttler,JT Ball,1,0,,,,,,,,,
1299186,2022,2022-08-16,"Old Trafford, Manchester",1,2.1,Manchester Originals,Welsh Fire,PD Salt,JC Buttler,A Zampa,0,0,,,,,,,,,
1299186,2022,2022-08-16,"Old Trafford, Manchester",1,2.2,Manchester Originals,Welsh Fire,PD Salt,JC Buttler,A Zampa,1,0,,,,,,,,,
1299186,2022,2022-08-16,"Old Trafford, Manchester",1,2.3,Manchester Originals,Welsh Fire,JC Buttler,PD Salt,A Zampa,4,0,,,,,,,,,
1299186,2022,2022-08-16,"Old Trafford, Manchester",1,2.4,Manchester Originals,Welsh Fire,JC Buttler,PD Salt,A Zampa,2,0,,,,,,,,,
1299186,2022,2022-08-16,"Old Trafford, Manchester",1,2.5,Manchester Originals,Welsh Fire,JC Buttler,PD Salt,A Zampa,0,0,,,,,,,,,
1299186,2022,2022-08-16,"Old Trafford, Manchester",1,3.1,Manchester Originals,Welsh Fire,JC Buttler,PD Salt,D Pretorius,1,0,,,,,,,,,
1299186,2022,2022-08-16,"Old Trafford, Manchester",1,3.2,Manchester Originals,Welsh Fire,PD Salt,JC Buttler,D Pretorius,0,0,,,,,,,,,
1299186,2022,2022-08-16,"Old Trafford, Manchester",1,3.3,Manchester Originals,Welsh Fire,PD Salt,JC Buttler,D Pretorius,4,0,,,,,,,,,
1299186,2022,2022-08-16,"Old Trafford, Manchester",1,3.4,Manchester Originals,Welsh Fire,PD Salt,JC Buttler,D Pretorius,6,0,,,,,,,,,
1299186,2022,2022-08-16,"Old Trafford, Manchester",1,3.5,Manchester Originals,Welsh Fire,PD Salt,JC Buttler,D Pretorius,0,0,,,,,,,,,
1299186,2022,2022-08-16,"Old Trafford, Manchester",1,4.1,Manchester Originals,Welsh Fire,JC Buttler,PD Salt,DA Payne,4,0,,,,,,,,,
1299186,2022,2022-08-16,"Old Trafford, Manchester",1,4.2,Manchester Originals,Welsh Fire,JC Buttler,PD Salt,DA Payne,4,0,,,,,,,,,
1299186,2022,2022-08-16,"Old Trafford, Manchester",1,4.3,Manchester Originals,Welsh Fire,JC Buttler,PD Salt,DA Payne,4,0,,,,,,,,,
1299186,2022,2022-08-16,"Old Trafford, Manchester",1,4.4,Manchester Originals,Welsh Fire,JC Buttler,PD Salt,DA Payne,1,0,,,,,,,,,
1299186,2022,2022-08-16,"Old Trafford, Manchester",1,4.5,Manchester Originals,Welsh Fire,PD Salt,JC Buttler,DA Payne,0,0,,,,,,,,,
1299186,2022,2022-08-16,"Old Trafford, Manchester",1,5.1,Manchester Originals,Welsh Fire,PD Salt,JC Buttler,D Pretorius,2,0,,,,,,,,,
1299186,2022,2022-08-16,"Old Trafford, Manchester",1,5.2,Manchester Originals,Welsh Fire,PD Salt,JC Buttler,D Pretorius,4,0,,,,,,,,,
1299186,2022,2022-08-16,"Old Trafford, Manchester",1,5.3,Manchester Originals,Welsh Fire,PD Salt,JC Buttler,D Pretorius,1,0,,,,,,,,,
1299186,2022,2022-08-16,"Old Trafford, Manchester",1,5.4,Manchester Originals,Welsh Fire,JC Buttler,PD Salt,D Pretorius,0,0,,,,,,,,,
1299186,2022,2022-08-16,"Old Trafford, Manchester",1,5.5,Manchester Originals,Welsh Fire,JC Buttler,PD Salt,D Pretorius,4,0,,,,,,,,,
1299186,2022,2022-08-16,"Old Trafford, Manchester",1,6.1,Manchester Originals,Welsh Fire,PD Salt,JC Buttler,A Zampa,0,0,,,,,,,,,
1299186,2022,2022-08-16,"Old Trafford, Manchester",1,6.2,Manchester Originals,Welsh Fire,PD Salt,JC Buttler,A Zampa,0,2,,,,2,,,,,
1299186,2022,2022-08-16,"Old Trafford, Manchester",1,6.3,Manchester Originals,Welsh Fire,PD Salt,JC Buttler,A Zampa,1,0,,,,,,,,,
1299186,2022,2022-08-16,"Old Trafford, Manchester",1,6.4,Manchester Originals,Welsh Fire,JC Buttler,PD Salt,A Zampa,1,0,,,,,,,,,
1299186,2022,2022-08-16,"Old Trafford, Manchester",1,6.5,Manchester Originals,Welsh Fire,PD Salt,JC Buttler,A Zampa,0,0,,,,,,bowled,PD Salt,,
1299186,2022,2022-08-16,"Old Trafford, Manchester",1,7.1,Manchester Originals,Welsh Fire,WL Madsen,JC Buttler,MJJ Critchley,2,0,,,,,,,,,
1299186,2022,2022-08-16,"Old Trafford, Manchester",1,7.2,Manchester Originals,Welsh Fire,WL Madsen,JC Buttler,MJJ Critchley,2,0,,,,,,,,,
1299186,2022,2022-08-16,"Old Trafford, Manchester",1,7.3,Manchester Originals,Welsh Fire,WL Madsen,JC Buttler,MJJ Critchley,0,4,,,4,,,,,,
1299186,2022,2022-08-16,"Old Trafford, Manchester",1,7.4,Manchester Originals,Welsh Fire,WL Madsen,JC Buttler,MJJ Critchley,4,0,,,,,,,,,
1299186,2022,2022-08-16,"Old Trafford, Manchester",1,7.5,Manchester Originals,Welsh Fire,WL Madsen,JC Buttler,MJJ Critchley,1,0,,,,,,,,,
1299186,2022,2022-08-16,"Old Trafford, Manchester",1,8.1,Manchester Originals,Welsh Fire,WL Madsen,JC Buttler,JT Ball,1,0,,,,,,,,,
1299186,2022,2022-08-16,"Old Trafford, Manchester",1,8.2,Manchester Originals,Welsh Fire,JC Buttler,WL Madsen,JT Ball,1,0,,,,,,,,,
1299186,2022,2022-08-16,"Old Trafford, Manchester",1,8.3,Manchester Originals,Welsh Fire,WL Madsen,JC Buttler,JT Ball,0,0,,,,,,caught,WL Madsen,,
1299186,2022,2022-08-16,"Old Trafford, Manchester",1,8.4,Manchester Originals,Welsh Fire,AD Russell,JC Buttler,JT Ball,1,0,,,,,,,,,
1299186,2022,2022-08-16,"Old Trafford, Manchester",1,8.5,Manchester Originals,Welsh Fire,JC Buttler,AD Russell,JT Ball,1,0,,,,,,,,,
1299186,2022,2022-08-16,"Old Trafford, Manchester",1,9.1,Manchester Originals,Welsh Fire,AD Russell,JC Buttler,A Zampa,0,0,,,,,,,,,
1299186,2022,2022-08-16,"Old Trafford, Manchester",1,9.2,Manchester Originals,Welsh Fire,AD Russell,JC Buttler,A Zampa,1,0,,,,,,,,,
1299186,2022,2022-08-16,"Old Trafford, Manchester",1,9.3,Manchester Originals,Welsh Fire,JC Buttler,AD Russell,A Zampa,1,0,,,,,,,,,
1299186,2022,2022-08-16,"Old Trafford, Manchester",1,9.4,Manchester Originals,Welsh Fire,AD Russell,JC Buttler,A Zampa,1,0,,,,,,,,,
1299186,2022,2022-08-16,"Old Trafford, Manchester",1,9.5,Manchester Originals,Welsh Fire,JC Buttler,AD Russell,A Zampa,0,0,,,,,,bowled,JC Buttler,,
1299186,2022,2022-08-16,"Old Trafford, Manchester",1,10.1,Manchester Originals,Welsh Fire,AD Russell,LJ Evans,MJJ Critchley,1,0,,,,,,,,,
1299186,2022,2022-08-16,"Old Trafford, Manchester",1,10.2,Manchester Originals,Welsh Fire,LJ Evans,AD Russell,MJJ Critchley,0,0,,,,,,bowled,LJ Evans,,
1299186,2022,2022-08-16,"Old Trafford, Manchester",1,10.3,Manchester Originals,Welsh Fire,T Stubbs,AD Russell,MJJ Critchley,0,0,,,,,,,,,
1299186,2022,2022-08-16,"Old Trafford, Manchester",1,10.4,Manchester Originals,Welsh Fire,T Stubbs,AD Russell,MJJ Critchley,0,0,,,,,,,,,
1299186,2022,2022-08-16,"Old Trafford, Manchester",1,10.5,Manchester Originals,Welsh Fire,T Stubbs,AD Russell,MJJ Critchley,1,0,,,,,,,,,
1299186,2022,2022-08-16,"Old Trafford, Manchester",1,11.1,Manchester Originals,Welsh Fire,AD Russell,T Stubbs,MJJ Critchley,1,0,,,,,,,,,
1299186,2022,2022-08-16,"Old Trafford, Manchester",1,11.2,Manchester Originals,Welsh Fire,T Stubbs,AD Russell,MJJ Critchley,4,0,,,,,,,,,
1299186,2022,2022-08-16,"Old Trafford, Manchester",1,11.3,Manchester Originals,Welsh Fire,T Stubbs,AD Russell,MJJ Critchley,1,0,,,,,,,,,
1299186,2022,2022-08-16,"Old Trafford, Manchester",1,11.4,Manchester Originals,Welsh Fire,AD Russell,T Stubbs,MJJ Critchley,6,0,,,,,,,,,
1299186,2022,2022-08-16,"Old Trafford, Manchester",1,11.5,Manchester Originals,Welsh Fire,AD Russell,T Stubbs,MJJ Critchley,0,0,,,,,,,,,
1299186,2022,2022-08-16,"Old Trafford, Manchester",1,12.1,Manchester Originals,Welsh Fire,T Stubbs,AD Russell,DA Payne,0,1,1,,,,,,,,
1299186,2022,2022-08-16,"Old Trafford, Manchester",1,12.2,Manchester Originals,Welsh Fire,T Stubbs,AD Russell,DA Payne,1,0,,,,,,,,,
1299186,2022,2022-08-16,"Old Trafford, Manchester",1,12.3,Manchester Originals,Welsh Fire,AD Russell,T Stubbs,DA Payne,4,0,,,,,,,,,
1299186,2022,2022-08-16,"Old Trafford, Manchester",1,12.4,Manchester Originals,Welsh Fire,AD Russell,T Stubbs,DA Payne,2,0,,,,,,,,,
1299186,2022,2022-08-16,"Old Trafford, Manchester",1,12.5,Manchester Originals,Welsh Fire,AD Russell,T Stubbs,DA Payne,0,0,,,,,,,,,
1299186,2022,2022-08-16,"Old Trafford, Manchester",1,12.6,Manchester Originals,Welsh Fire,AD Russell,T Stubbs,DA Payne,0,0,,,,,,,,,
1299186,2022,2022-08-16,"Old Trafford, Manchester",1,13.1,Manchester Originals,Welsh Fire,AD Russell,T Stubbs,D Pretorius,0,0,,,,,,caught,AD Russell,,
1299186,2022,2022-08-16,"Old Trafford, Manchester",1,13.2,Manchester Originals,Welsh Fire,PI Walter,T Stubbs,D Pretorius,1,0,,,,,,,,,
1299186,2022,2022-08-16,"Old Trafford, Manchester",1,13.3,Manchester Originals,Welsh Fire,T Stubbs,PI Walter,D Pretorius,2,0,,,,,,,,,
1299186,2022,2022-08-16,"Old Trafford, Manchester",1,13.4,Manchester Originals,Welsh Fire,T Stubbs,PI Walter,D Pretorius,1,0,,,,,,,,,
1299186,2022,2022-08-16,"Old Trafford, Manchester",1,13.5,Manchester Originals,Welsh Fire,PI Walter,T Stubbs,D Pretorius,1,0,,,,,,,,,
1299186,2022,2022-08-16,"Old Trafford, Manchester",1,14.1,Manchester Originals,Welsh Fire,PI Walter,T Stubbs,MJJ Critchley,2,0,,,,,,,,,
1299186,2022,2022-08-16,"Old Trafford, Manchester",1,14.2,Manchester Originals,Welsh Fire,PI Walter,T Stubbs,MJJ Critchley,4,0,,,,,,,,,
1299186,2022,2022-08-16,"Old Trafford, Manchester",1,14.3,Manchester Originals,Welsh Fire,PI Walter,T Stubbs,MJJ Critchley,1,0,,,,,,,,,
1299186,2022,2022-08-16,"Old Trafford, Manchester",1,14.4,Manchester Originals,Welsh Fire,T Stubbs,PI Walter,MJJ Critchley,0,4,,,4,,,,,,
1299186,2022,2022-08-16,"Old Trafford, Manchester",1,14.5,Manchester Originals,Welsh Fire,T Stubbs,PI Walter,MJJ Critchley,1,0,,,,,,,,,
1299186,2022,2022-08-16,"Old Trafford, Manchester",1,15.1,Manchester Originals,Welsh Fire,PI Walter,T Stubbs,A Zampa,1,0,,,,,,,,,
1299186,2022,2022-08-16,"Old Trafford, Manchester",1,15.2,Manchester Originals,Welsh Fire,T Stubbs,PI Walter,A Zampa,1,0,,,,,,,,,
1299186,2022,2022-08-16,"Old Trafford, Manchester",1,15.3,Manchester Originals,Welsh Fire,PI Walter,T Stubbs,A Zampa,0,0,,,,,,,,,
1299186,2022,2022-08-16,"Old Trafford, Manchester",1,15.4,Manchester Originals,Welsh Fire,PI Walter,T Stubbs,A Zampa,2,0,,,,,,,,,
1299186,2022,2022-08-16,"Old Trafford, Manchester",1,15.5,Manchester Originals,Welsh Fire,PI Walter,T Stubbs,A Zampa,1,0,,,,,,,,,
1299186,2022,2022-08-16,"Old Trafford, Manchester",1,16.1,Manchester Originals,Welsh Fire,PI Walter,T Stubbs,JT Ball,0,0,,,,,,caught,PI Walter,,
1299186,2022,2022-08-16,"Old Trafford, Manchester",1,16.2,Manchester Originals,Welsh Fire,TW Hartley,T Stubbs,JT Ball,1,0,,,,,,,,,
1299186,2022,2022-08-16,"Old Trafford, Manchester",1,16.3,Manchester Originals,Welsh Fire,T Stubbs,TW Hartley,JT Ball,0,0,,,,,,,,,
1299186,2022,2022-08-16,"Old Trafford, Manchester",1,16.4,Manchester Originals,Welsh Fire,T Stubbs,TW Hartley,JT Ball,1,0,,,,,,,,,
1299186,2022,2022-08-16,"Old Trafford, Manchester",1,16.5,Manchester Originals,Welsh Fire,TW Hartley,T Stubbs,JT Ball,2,0,,,,,,,,,
1299186,2022,2022-08-16,"Old Trafford, Manchester",1,17.1,Manchester Originals,Welsh Fire,TW Hartley,T Stubbs,D Pretorius,1,0,,,,,,,,,
1299186,2022,2022-08-16,"Old Trafford, Manchester",1,17.2,Manchester Originals,Welsh Fire,T Stubbs,TW Hartley,D Pretorius,0,0,,,,,,caught and bowled,T Stubbs,,
1299186,2022,2022-08-16,"Old Trafford, Manchester",1,17.3,Manchester Originals,Welsh Fire,SA Abbott,TW Hartley,D Pretorius,1,0,,,,,,,,,
1299186,2022,2022-08-16,"Old Trafford, Manchester",1,17.4,Manchester Originals,Welsh Fire,TW Hartley,SA Abbott,D Pretorius,1,0,,,,,,,,,
1299186,2022,2022-08-16,"Old Trafford, Manchester",1,17.5,Manchester Originals,Welsh Fire,SA Abbott,TW Hartley,D Pretorius,0,0,,,,,,,,,
1299186,2022,2022-08-16,"Old Trafford, Manchester",1,18.1,Manchester Originals,Welsh Fire,TW Hartley,SA Abbott,DA Payne,0,1,1,,,,,,,,
1299186,2022,2022-08-16,"Old Trafford, Manchester",1,18.2,Manchester Originals,Welsh Fire,TW Hartley,SA Abbott,DA Payne,4,0,,,,,,,,,
1299186,2022,2022-08-16,"Old Trafford, Manchester",1,18.3,Manchester Originals,Welsh Fire,TW Hartley,SA Abbott,DA Payne,2,0,,,,,,,,,
1299186,2022,2022-08-16,"Old Trafford, Manchester",1,18.4,Manchester Originals,Welsh Fire,TW Hartley,SA Abbott,DA Payne,2,0,,,,,,,,,
1299186,2022,2022-08-16,"Old Trafford, Manchester",1,18.5,Manchester Originals,Welsh Fire,TW Hartley,SA Abbott,DA Payne,1,0,,,,,,,,,
1299186,2022,2022-08-16,"Old Trafford, Manchester",1,18.6,Manchester Originals,Welsh Fire,SA Abbott,TW Hartley,DA Payne,0,0,,,,,,,,,
1299186,2022,2022-08-16,"Old Trafford, Manchester",1,19.1,Manchester Originals,Welsh Fire,SA Abbott,TW Hartley,JT Ball,0,0,,,,,,bowled,SA Abbott,,
1299186,2022,2022-08-16,"Old Trafford, Manchester",1,19.2,Manchester Originals,Welsh Fire,MW Parkinson,TW Hartley,JT Ball,1,0,,,,,,,,,
1299186,2022,2022-08-16,"Old Trafford, Manchester",1,19.3,Manchester Originals,Welsh Fire,TW Hartley,MW Parkinson,JT Ball,0,0,,,,,,,,,
1299186,2022,2022-08-16,"Old Trafford, Manchester",1,19.4,Manchester Originals,Welsh Fire,TW Hartley,MW Parkinson,JT Ball,1,0,,,,,,,,,
1299186,2022,2022-08-16,"Old Trafford, Manchester",1,19.5,Manchester Originals,Welsh Fire,MW Parkinson,TW Hartley,JT Ball,0,0,,,,,,caught,MW Parkinson,,
1299186,2022,2022-08-16,"Old Trafford, Manchester",2,0.1,Welsh Fire,Manchester Originals,JM Clarke,T Banton,MT Stanley,2,0,,,,,,,,,
1299186,2022,2022-08-16,"Old Trafford, Manchester",2,0.2,Welsh Fire,Manchester Originals,JM Clarke,T Banton,MT Stanley,0,0,,,,,,,,,
1299186,2022,2022-08-16,"Old Trafford, Manchester",2,0.3,Welsh Fire,Manchester Originals,JM Clarke,T Banton,MT Stanley,2,0,,,,,,,,,
1299186,2022,2022-08-16,"Old Trafford, Manchester",2,0.4,Welsh Fire,Manchester Originals,JM Clarke,T Banton,MT Stanley,0,0,,,,,,,,,
1299186,2022,2022-08-16,"Old Trafford, Manchester",2,0.5,Welsh Fire,Manchester Originals,JM Clarke,T Banton,MT Stanley,4,0,,,,,,,,,
1299186,2022,2022-08-16,"Old Trafford, Manchester",2,1.1,Welsh Fire,Manchester Originals,JM Clarke,T Banton,TW Hartley,0,0,,,,,,,,,
1299186,2022,2022-08-16,"Old Trafford, Manchester",2,1.2,Welsh Fire,Manchester Originals,JM Clarke,T Banton,TW Hartley,1,0,,,,,,,,,
1299186,2022,2022-08-16,"Old Trafford, Manchester",2,1.3,Welsh Fire,Manchester Originals,T Banton,JM Clarke,TW Hartley,2,0,,,,,,,,,
1299186,2022,2022-08-16,"Old Trafford, Manchester",2,1.4,Welsh Fire,Manchester Originals,T Banton,JM Clarke,TW Hartley,1,0,,,,,,,,,
1299186,2022,2022-08-16,"Old Trafford, Manchester",2,1.5,Welsh Fire,Manchester Originals,JM Clarke,T Banton,TW Hartley,1,0,,,,,,,,,
1299186,2022,2022-08-16,"Old Trafford, Manchester",2,2.1,Welsh Fire,Manchester Originals,JM Clarke,T Banton,MT Stanley,0,0,,,,,,,,,
1299186,2022,2022-08-16,"Old Trafford, Manchester",2,2.2,Welsh Fire,Manchester Originals,JM Clarke,T Banton,MT Stanley,0,0,,,,,,,,,
1299186,2022,2022-08-16,"Old Trafford, Manchester",2,2.3,Welsh Fire,Manchester Originals,JM Clarke,T Banton,MT Stanley,0,0,,,,,,caught,JM Clarke,,
1299186,2022,2022-08-16,"Old Trafford, Manchester",2,2.4,Welsh Fire,Manchester Originals,SR Hain,T Banton,MT Stanley,0,0,,,,,,,,,
1299186,2022,2022-08-16,"Old Trafford, Manchester",2,2.5,Welsh Fire,Manchester Originals,SR Hain,T Banton,MT Stanley,0,0,,,,,,,,,
1299186,2022,2022-08-16,"Old Trafford, Manchester",2,3.1,Welsh Fire,Manchester Originals,SR Hain,T Banton,SA Abbott,0,0,,,,,,,,,
1299186,2022,2022-08-16,"Old Trafford, Manchester",2,3.2,Welsh Fire,Manchester Originals,SR Hain,T Banton,SA Abbott,0,0,,,,,,,,,
1299186,2022,2022-08-16,"Old Trafford, Manchester",2,3.3,Welsh Fire,Manchester Originals,SR Hain,T Banton,SA Abbott,0,1,,,,1,,,,,
1299186,2022,2022-08-16,"Old Trafford, Manchester",2,3.4,Welsh Fire,Manchester Originals,T Banton,SR Hain,SA Abbott,0,0,,,,,,caught and bowled,T Banton,,
1299186,2022,2022-08-16,"Old Trafford, Manchester",2,3.5,Welsh Fire,Manchester Originals,BM Duckett,SR Hain,SA Abbott,0,0,,,,,,,,,
1299186,2022,2022-08-16,"Old Trafford, Manchester",2,4.1,Welsh Fire,Manchester Originals,SR Hain,BM Duckett,MT Stanley,1,0,,,,,,,,,
1299186,2022,2022-08-16,"Old Trafford, Manchester",2,4.2,Welsh Fire,Manchester Originals,BM Duckett,SR Hain,MT Stanley,6,0,,,,,,,,,
1299186,2022,2022-08-16,"Old Trafford, Manchester",2,4.3,Welsh Fire,Manchester Originals,BM Duckett,SR Hain,MT Stanley,0,0,,,,,,,,,
1299186,2022,2022-08-16,"Old Trafford, Manchester",2,4.4,Welsh Fire,Manchester Originals,BM Duckett,SR Hain,MT Stanley,4,0,,,,,,,,,
1299186,2022,2022-08-16,"Old Trafford, Manchester",2,4.5,Welsh Fire,Manchester Originals,BM Duckett,SR Hain,MT Stanley,4,0,,,,,,,,,
1299186,2022,2022-08-16,"Old Trafford, Manchester",2,5.1,Welsh Fire,Manchester Originals,BM Duckett,SR Hain,PI Walter,1,0,,,,,,,,,
1299186,2022,2022-08-16,"Old Trafford, Manchester",2,5.2,Welsh Fire,Manchester Originals,SR Hain,BM Duckett,PI Walter,1,0,,,,,,,,,
1299186,2022,2022-08-16,"Old Trafford, Manchester",2,5.3,Welsh Fire,Manchester Originals,BM Duckett,SR Hain,PI Walter,0,0,,,,,,,,,
1299186,2022,2022-08-16,"Old Trafford, Manchester",2,5.4,Welsh Fire,Manchester Originals,BM Duckett,SR Hain,PI Walter,1,0,,,,,,,,,
1299186,2022,2022-08-16,"Old Trafford, Manchester",2,5.5,Welsh Fire,Manchester Originals,SR Hain,BM Duckett,PI Walter,1,0,,,,,,,,,
1299186,2022,2022-08-16,"Old Trafford, Manchester",2,6.1,Welsh Fire,Manchester Originals,SR Hain,BM Duckett,MW Parkinson,1,0,,,,,,,,,
1299186,2022,2022-08-16,"Old Trafford, Manchester",2,6.2,Welsh Fire,Manchester Originals,BM Duckett,SR Hain,MW Parkinson,1,0,,,,,,,,,
1299186,2022,2022-08-16,"Old Trafford, Manchester",2,6.3,Welsh Fire,Manchester Originals,SR Hain,BM Duckett,MW Parkinson,1,0,,,,,,,,,
1299186,2022,2022-08-16,"Old Trafford, Manchester",2,6.4,Welsh Fire,Manchester Originals,BM Duckett,SR Hain,MW Parkinson,2,0,,,,,,,,,
1299186,2022,2022-08-16,"Old Trafford, Manchester",2,6.5,Welsh Fire,Manchester Originals,BM Duckett,SR Hain,MW Parkinson,4,0,,,,,,,,,
1299186,2022,2022-08-16,"Old Trafford, Manchester",2,7.1,Welsh Fire,Manchester Originals,BM Duckett,SR Hain,TW Hartley,0,0,,,,,,,,,
1299186,2022,2022-08-16,"Old Trafford, Manchester",2,7.2,Welsh Fire,Manchester Originals,BM Duckett,SR Hain,TW Hartley,1,0,,,,,,,,,
1299186,2022,2022-08-16,"Old Trafford, Manchester",2,7.3,Welsh Fire,Manchester Originals,SR Hain,BM Duckett,TW Hartley,0,0,,,,,,,,,
1299186,2022,2022-08-16,"Old Trafford, Manchester",2,7.4,Welsh Fire,Manchester Originals,SR Hain,BM Duckett,TW Hartley,0,0,,,,,,caught,SR Hain,,
1299186,2022,2022-08-16,"Old Trafford, Manchester",2,7.5,Welsh Fire,Manchester Originals,DA Miller,BM Duckett,TW Hartley,1,0,,,,,,,,,
1299186,2022,2022-08-16,"Old Trafford, Manchester",2,8.1,Welsh Fire,Manchester Originals,DA Miller,BM Duckett,T Stubbs,1,0,,,,,,,,,
1299186,2022,2022-08-16,"Old Trafford, Manchester",2,8.2,Welsh Fire,Manchester Originals,BM Duckett,DA Miller,T Stubbs,1,0,,,,,,,,,
1299186,2022,2022-08-16,"Old Trafford, Manchester",2,8.3,Welsh Fire,Manchester Originals,DA Miller,BM Duckett,T Stubbs,0,0,,,,,,,,,
1299186,2022,2022-08-16,"Old Trafford, Manchester",2,8.4,Welsh Fire,Manchester Originals,DA Miller,BM Duckett,T Stubbs,1,0,,,,,,,,,
1299186,2022,2022-08-16,"Old Trafford, Manchester",2,8.5,Welsh Fire,Manchester Originals,BM Duckett,DA Miller,T Stubbs,0,0,,,,,,caught,BM Duckett,,
1299186,2022,2022-08-16,"Old Trafford, Manchester",2,9.1,Welsh Fire,Manchester Originals,JJ Cobb,DA Miller,T Stubbs,0,1,1,,,,,,,,
1299186,2022,2022-08-16,"Old Trafford, Manchester",2,9.2,Welsh Fire,Manchester Originals,JJ Cobb,DA Miller,T Stubbs,0,0,,,,,,caught,JJ Cobb,,
1299186,2022,2022-08-16,"Old Trafford, Manchester",2,9.3,Welsh Fire,Manchester Originals,MJJ Critchley,DA Miller,T Stubbs,1,0,,,,,,,,,
1299186,2022,2022-08-16,"Old Trafford, Manchester",2,9.4,Welsh Fire,Manchester Originals,DA Miller,MJJ Critchley,T Stubbs,1,0,,,,,,,,,
1299186,2022,2022-08-16,"Old Trafford, Manchester",2,9.5,Welsh Fire,Manchester Originals,MJJ Critchley,DA Miller,T Stubbs,0,0,,,,,,,,,
1299186,2022,2022-08-16,"Old Trafford, Manchester",2,9.6,Welsh Fire,Manchester Originals,MJJ Critchley,DA Miller,T Stubbs,0,0,,,,,,,,,
1299186,2022,2022-08-16,"Old Trafford, Manchester",2,10.1,Welsh Fire,Manchester Originals,DA Miller,MJJ Critchley,AD Russell,1,0,,,,,,,,,
1299186,2022,2022-08-16,"Old Trafford, Manchester",2,10.2,Welsh Fire,Manchester Originals,MJJ Critchley,DA Miller,AD Russell,1,0,,,,,,,,,
1299186,2022,2022-08-16,"Old Trafford, Manchester",2,10.3,Welsh Fire,Manchester Originals,DA Miller,MJJ Critchley,AD Russell,2,0,,,,,,,,,
1299186,2022,2022-08-16,"Old Trafford, Manchester",2,10.4,Welsh Fire,Manchester Originals,DA Miller,MJJ Critchley,AD Russell,0,0,,,,,,caught,DA Miller,,
1299186,2022,2022-08-16,"Old Trafford, Manchester",2,10.5,Welsh Fire,Manchester Originals,D Pretorius,MJJ Critchley,AD Russell,0,0,,,,,,,,,
1299186,2022,2022-08-16,"Old Trafford, Manchester",2,11.1,Welsh Fire,Manchester Originals,D Pretorius,MJJ Critchley,TW Hartley,0,1,1,,,,,,,,
1299186,2022,2022-08-16,"Old Trafford, Manchester",2,11.2,Welsh Fire,Manchester Originals,D Pretorius,MJJ Critchley,TW Hartley,4,0,,,,,,,,,
1299186,2022,2022-08-16,"Old Trafford, Manchester",2,11.3,Welsh Fire,Manchester Originals,D Pretorius,MJJ Critchley,TW Hartley,1,0,,,,,,,,,
1299186,2022,2022-08-16,"Old Trafford, Manchester",2,11.4,Welsh Fire,Manchester Originals,MJJ Critchley,D Pretorius,TW Hartley,1,0,,,,,,,,,
1299186,2022,2022-08-16,"Old Trafford, Manchester",2,11.5,Welsh Fire,Manchester Originals,D Pretorius,MJJ Critchley,TW Hartley,1,0,,,,,,,,,
1299186,2022,2022-08-16,"Old Trafford, Manchester",2,11.6,Welsh Fire,Manchester Originals,MJJ Critchley,D Pretorius,TW Hartley,1,0,,,,,,,,,
1299186,2022,2022-08-16,"Old Trafford, Manchester",2,12.1,Welsh Fire,Manchester Originals,MJJ Critchley,D Pretorius,MW Parkinson,0,0,,,,,,,,,
1299186,2022,2022-08-16,"Old Trafford, Manchester",2,12.2,Welsh Fire,Manchester Originals,MJJ Critchley,D Pretorius,MW Parkinson,1,0,,,,,,,,,
1299186,2022,2022-08-16,"Old Trafford, Manchester",2,12.3,Welsh Fire,Manchester Originals,D Pretorius,MJJ Critchley,MW Parkinson,1,0,,,,,,,,,
1299186,2022,2022-08-16,"Old Trafford, Manchester",2,12.4,Welsh Fire,Manchester Originals,MJJ Critchley,D Pretorius,MW Parkinson,1,0,,,,,,,,,
1299186,2022,2022-08-16,"Old Trafford, Manchester",2,12.5,Welsh Fire,Manchester Originals,D Pretorius,MJJ Critchley,MW Parkinson,4,0,,,,,,,,,
1299186,2022,2022-08-16,"Old Trafford, Manchester",2,13.1,Welsh Fire,Manchester Originals,D Pretorius,MJJ Critchley,PI Walter,6,0,,,,,,,,,
1299186,2022,2022-08-16,"Old Trafford, Manchester",2,13.2,Welsh Fire,Manchester Originals,D Pretorius,MJJ Critchley,PI Walter,0,2,,,,2,,,,,
1299186,2022,2022-08-16,"Old Trafford, Manchester",2,13.3,Welsh Fire,Manchester Originals,D Pretorius,MJJ Critchley,PI Walter,1,0,,,,,,,,,
1299186,2022,2022-08-16,"Old Trafford, Manchester",2,13.4,Welsh Fire,Manchester Originals,MJJ Critchley,D Pretorius,PI Walter,1,0,,,,,,,,,
1299186,2022,2022-08-16,"Old Trafford, Manchester",2,13.5,Welsh Fire,Manchester Originals,D Pretorius,MJJ Critchley,PI Walter,0,0,,,,,,,,,
1299186,2022,2022-08-16,"Old Trafford, Manchester",2,14.1,Welsh Fire,Manchester Originals,MJJ Critchley,D Pretorius,SA Abbott,0,0,,,,,,bowled,MJJ Critchley,,
1299186,2022,2022-08-16,"Old Trafford, Manchester",2,14.2,Welsh Fire,Manchester Originals,A Zampa,D Pretorius,SA Abbott,2,0,,,,,,,,,
1299186,2022,2022-08-16,"Old Trafford, Manchester",2,14.3,Welsh Fire,Manchester Originals,A Zampa,D Pretorius,SA Abbott,0,0,,,,,,caught,A Zampa,,
1299186,2022,2022-08-16,"Old Trafford, Manchester",2,14.4,Welsh Fire,Manchester Originals,DA Payne,D Pretorius,SA Abbott,6,0,,,,,,,,,
1299186,2022,2022-08-16,"Old Trafford, Manchester",2,14.5,Welsh Fire,Manchester Originals,DA Payne,D Pretorius,SA Abbott,0,0,,,,,,,,,
1299186,2022,2022-08-16,"Old Trafford, Manchester",2,15.1,Welsh Fire,Manchester Originals,DA Payne,D Pretorius,AD Russell,1,0,,,,,,,,,
1299186,2022,2022-08-16,"Old Trafford, Manchester",2,15.2,Welsh Fire,Manchester Originals,D Pretorius,DA Payne,AD Russell,6,0,,,,,,,,,
1299186,2022,2022-08-16,"Old Trafford, Manchester",2,15.3,Welsh Fire,Manchester Originals,D Pretorius,DA Payne,AD Russell,1,0,,,,,,,,,
1299186,2022,2022-08-16,"Old Trafford, Manchester",2,15.4,Welsh Fire,Manchester Originals,DA Payne,D Pretorius,AD Russell,0,0,,,,,,,,,
1299186,2022,2022-08-16,"Old Trafford, Manchester",2,15.5,Welsh Fire,Manchester Originals,DA Payne,D Pretorius,AD Russell,1,0,,,,,,,,,
1299186,2022,2022-08-16,"Old Trafford, Manchester",2,16.1,Welsh Fire,Manchester Originals,DA Payne,D Pretorius,SA Abbott,0,0,,,,,,stumped,DA Payne,,
1299186,2022,2022-08-16,"Old Trafford, Manchester",2,16.2,Welsh Fire,Manchester Originals,JT Ball,D Pretorius,SA Abbott,0,0,,,,,,,,,
1299186,2022,2022-08-16,"Old Trafford, Manchester",2,16.3,Welsh Fire,Manchester Originals,JT Ball,D Pretorius,SA Abbott,0,0,,,,,,,,,
1299186,2022,2022-08-16,"Old Trafford, Manchester",2,16.4,Welsh Fire,Manchester Originals,JT Ball,D Pretorius,SA Abbott,0,0,,,,,,,,,
1299186,2022,2022-08-16,"Old Trafford, Manchester",2,16.5,Welsh Fire,Manchester Originals,JT Ball,D Pretorius,SA Abbott,0,0,,,,,,,,,
1299186,2022,2022-08-16,"Old Trafford, Manchester",2,17.1,Welsh Fire,Manchester Originals,JT Ball,D Pretorius,MW Parkinson,0,0,,,,,,,,,
1299186,2022,2022-08-16,"Old Trafford, Manchester",2,17.2,Welsh Fire,Manchester Originals,JT Ball,D Pretorius,MW Parkinson,1,0,,,,,,,,,
1299186,2022,2022-08-16,"Old Trafford, Manchester",2,17.3,Welsh Fire,Manchester Originals,D Pretorius,JT Ball,MW Parkinson,4,0,,,,,,,,,
1299186,2022,2022-08-16,"Old Trafford, Manchester",2,17.4,Welsh Fire,Manchester Originals,D Pretorius,JT Ball,MW Parkinson,0,0,,,,,,caught,D Pretorius,,
