match_id,season,start_date,venue,innings,ball,batting_team,bowling_team,striker,non_striker,bowler,runs_off_bat,extras,wides,noballs,byes,legbyes,penalty,wicket_type,player_dismissed,other_wicket_type,other_player_dismissed
1299183,2022,2022-08-14,"Headingley, Leeds",1,0.1,Northern Superchargers,London Spirit,F du Plessis,A Lyth,GJ Maxwell,0,0,,,,,,,,,
1299183,2022,2022-08-14,"Headingley, Leeds",1,0.2,Northern Superchargers,London Spirit,F du Plessis,A Lyth,GJ Maxwell,0,0,,,,,,,,,
1299183,2022,2022-08-14,"Headingley, Leeds",1,0.3,Northern Superchargers,London Spirit,F du Plessis,A Lyth,GJ Maxwell,1,0,,,,,,,,,
1299183,2022,2022-08-14,"Headingley, Leeds",1,0.4,Northern Superchargers,London Spirit,A Lyth,F du Plessis,GJ Maxwell,0,0,,,,,,,,,
1299183,2022,2022-08-14,"Headingley, Leeds",1,0.5,Northern Superchargers,London Spirit,A Lyth,F du Plessis,GJ Maxwell,0,0,,,,,,caught,A Lyth,,
1299183,2022,2022-08-14,"Headingley, Leeds",1,1.1,Northern Superchargers,London Spirit,DJ Willey,F du Plessis,GJ Maxwell,0,0,,,,,,,,,
1299183,2022,2022-08-14,"Headingley, Leeds",1,1.2,Northern Superchargers,London Spirit,DJ Willey,F du Plessis,GJ Maxwell,0,0,,,,,,,,,
1299183,2022,2022-08-14,"Headingley, Leeds",1,1.3,Northern Superchargers,London Spirit,DJ Willey,F du Plessis,GJ Maxwell,0,0,,,,,,,,,
1299183,2022,2022-08-14,"Headingley, Leeds",1,1.4,Northern Superchargers,London Spirit,DJ Willey,F du Plessis,GJ Maxwell,0,0,,,,,,,,,
1299183,2022,2022-08-14,"Headingley, Leeds",1,1.5,Northern Superchargers,London Spirit,DJ Willey,F du Plessis,GJ Maxwell,1,0,,,,,,,,,
1299183,2022,2022-08-14,"Headingley, Leeds",1,2.1,Northern Superchargers,London Spirit,DJ Willey,F du Plessis,NT Ellis,0,0,,,,,,,,,
1299183,2022,2022-08-14,"Headingley, Leeds",1,2.2,Northern Superchargers,London Spirit,DJ Willey,F du Plessis,NT Ellis,0,0,,,,,,,,,
1299183,2022,2022-08-14,"Headingley, Leeds",1,2.3,Northern Superchargers,London Spirit,DJ Willey,F du Plessis,NT Ellis,0,3,,2,,1,,,,,
1299183,2022,2022-08-14,"Headingley, Leeds",1,2.4,Northern Superchargers,London Spirit,F du Plessis,DJ Willey,NT Ellis,0,0,,,,,,,,,
1299183,2022,2022-08-14,"Headingley, Leeds",1,2.5,Northern Superchargers,London Spirit,F du Plessis,DJ Willey,NT Ellis,0,0,,,,,,,,,
1299183,2022,2022-08-14,"Headingley, Leeds",1,2.6,Northern Superchargers,London Spirit,F du Plessis,DJ Willey,NT Ellis,1,0,,,,,,,,,
1299183,2022,2022-08-14,"Headingley, Leeds",1,3.1,Northern Superchargers,London Spirit,DJ Willey,F du Plessis,JA Thompson,1,0,,,,,,,,,
1299183,2022,2022-08-14,"Headingley, Leeds",1,3.2,Northern Superchargers,London Spirit,F du Plessis,DJ Willey,JA Thompson,4,0,,,,,,,,,
1299183,2022,2022-08-14,"Headingley, Leeds",1,3.3,Northern Superchargers,London Spirit,F du Plessis,DJ Willey,JA Thompson,1,0,,,,,,,,,
1299183,2022,2022-08-14,"Headingley, Leeds",1,3.4,Northern Superchargers,London Spirit,DJ Willey,F du Plessis,JA Thompson,1,0,,,,,,,,,
1299183,2022,2022-08-14,"Headingley, Leeds",1,3.5,Northern Superchargers,London Spirit,F du Plessis,DJ Willey,JA Thompson,4,0,,,,,,,,,
1299183,2022,2022-08-14,"Headingley, Leeds",1,4.1,Northern Superchargers,London Spirit,DJ Willey,F du Plessis,NT Ellis,4,0,,,,,,,,,
1299183,2022,2022-08-14,"Headingley, Leeds",1,4.2,Northern Superchargers,London Spirit,DJ Willey,F du Plessis,NT Ellis,1,0,,,,,,,,,
1299183,2022,2022-08-14,"Headingley, Leeds",1,4.3,Northern Superchargers,London Spirit,F du Plessis,DJ Willey,NT Ellis,0,1,,,,1,,,,,
1299183,2022,2022-08-14,"Headingley, Leeds",1,4.4,Northern Superchargers,London Spirit,DJ Willey,F du Plessis,NT Ellis,0,0,,,,,,,,,
1299183,2022,2022-08-14,"Headingley, Leeds",1,4.5,Northern Superchargers,London Spirit,DJ Willey,F du Plessis,NT Ellis,0,0,,,,,,,,,
1299183,2022,2022-08-14,"Headingley, Leeds",1,5.1,Northern Superchargers,London Spirit,DJ Willey,F du Plessis,GJ Maxwell,2,0,,,,,,,,,
1299183,2022,2022-08-14,"Headingley, Leeds",1,5.2,Northern Superchargers,London Spirit,DJ Willey,F du Plessis,GJ Maxwell,1,0,,,,,,,,,
1299183,2022,2022-08-14,"Headingley, Leeds",1,5.3,Northern Superchargers,London Spirit,F du Plessis,DJ Willey,GJ Maxwell,1,0,,,,,,,,,
1299183,2022,2022-08-14,"Headingley, Leeds",1,5.4,Northern Superchargers,London Spirit,DJ Willey,F du Plessis,GJ Maxwell,0,0,,,,,,,,,
1299183,2022,2022-08-14,"Headingley, Leeds",1,5.5,Northern Superchargers,London Spirit,DJ Willey,F du Plessis,GJ Maxwell,0,0,,,,,,,,,
1299183,2022,2022-08-14,"Headingley, Leeds",1,6.1,Northern Superchargers,London Spirit,F du Plessis,DJ Willey,BTJ Wheal,0,0,,,,,,,,,
1299183,2022,2022-08-14,"Headingley, Leeds",1,6.2,Northern Superchargers,London Spirit,F du Plessis,DJ Willey,BTJ Wheal,1,0,,,,,,,,,
1299183,2022,2022-08-14,"Headingley, Leeds",1,6.3,Northern Superchargers,London Spirit,DJ Willey,F du Plessis,BTJ Wheal,2,0,,,,,,,,,
1299183,2022,2022-08-14,"Headingley, Leeds",1,6.4,Northern Superchargers,London Spirit,DJ Willey,F du Plessis,BTJ Wheal,0,0,,,,,,,,,
1299183,2022,2022-08-14,"Headingley, Leeds",1,6.5,Northern Superchargers,London Spirit,DJ Willey,F du Plessis,BTJ Wheal,2,0,,,,,,,,,
1299183,2022,2022-08-14,"Headingley, Leeds",1,7.1,Northern Superchargers,London Spirit,DJ Willey,F du Plessis,MS Crane,1,0,,,,,,,,,
1299183,2022,2022-08-14,"Headingley, Leeds",1,7.2,Northern Superchargers,London Spirit,F du Plessis,DJ Willey,MS Crane,4,0,,,,,,,,,
1299183,2022,2022-08-14,"Headingley, Leeds",1,7.3,Northern Superchargers,London Spirit,F du Plessis,DJ Willey,MS Crane,1,0,,,,,,,,,
1299183,2022,2022-08-14,"Headingley, Leeds",1,7.4,Northern Superchargers,London Spirit,DJ Willey,F du Plessis,MS Crane,0,0,,,,,,stumped,DJ Willey,,
1299183,2022,2022-08-14,"Headingley, Leeds",1,7.5,Northern Superchargers,London Spirit,HC Brook,F du Plessis,MS Crane,1,0,,,,,,,,,
1299183,2022,2022-08-14,"Headingley, Leeds",1,8.1,Northern Superchargers,London Spirit,HC Brook,F du Plessis,LA Dawson,0,0,,,,,,,,,
1299183,2022,2022-08-14,"Headingley, Leeds",1,8.2,Northern Superchargers,London Spirit,HC Brook,F du Plessis,LA Dawson,6,0,,,,,,,,,
1299183,2022,2022-08-14,"Headingley, Leeds",1,8.3,Northern Superchargers,London Spirit,HC Brook,F du Plessis,LA Dawson,1,0,,,,,,,,,
1299183,2022,2022-08-14,"Headingley, Leeds",1,8.4,Northern Superchargers,London Spirit,F du Plessis,HC Brook,LA Dawson,1,0,,,,,,,,,
1299183,2022,2022-08-14,"Headingley, Leeds",1,8.5,Northern Superchargers,London Spirit,HC Brook,F du Plessis,LA Dawson,1,0,,,,,,,,,
1299183,2022,2022-08-14,"Headingley, Leeds",1,9.1,Northern Superchargers,London Spirit,F du Plessis,HC Brook,LA Dawson,1,0,,,,,,,,,
1299183,2022,2022-08-14,"Headingley, Leeds",1,9.2,Northern Superchargers,London Spirit,HC Brook,F du Plessis,LA Dawson,1,0,,,,,,,,,
1299183,2022,2022-08-14,"Headingley, Leeds",1,9.3,Northern Superchargers,London Spirit,F du Plessis,HC Brook,LA Dawson,6,0,,,,,,,,,
1299183,2022,2022-08-14,"Headingley, Leeds",1,9.4,Northern Superchargers,London Spirit,F du Plessis,HC Brook,LA Dawson,1,0,,,,,,,,,
1299183,2022,2022-08-14,"Headingley, Leeds",1,9.5,Northern Superchargers,London Spirit,HC Brook,F du Plessis,LA Dawson,1,0,,,,,,,,,
1299183,2022,2022-08-14,"Headingley, Leeds",1,10.1,Northern Superchargers,London Spirit,HC Brook,F du Plessis,MS Crane,1,0,,,,,,,,,
1299183,2022,2022-08-14,"Headingley, Leeds",1,10.2,Northern Superchargers,London Spirit,F du Plessis,HC Brook,MS Crane,1,0,,,,,,,,,
1299183,2022,2022-08-14,"Headingley, Leeds",1,10.3,Northern Superchargers,London Spirit,HC Brook,F du Plessis,MS Crane,0,0,,,,,,caught,HC Brook,,
1299183,2022,2022-08-14,"Headingley, Leeds",1,10.4,Northern Superchargers,London Spirit,MS Pepper,F du Plessis,MS Crane,0,0,,,,,,,,,
1299183,2022,2022-08-14,"Headingley, Leeds",1,10.5,Northern Superchargers,London Spirit,MS Pepper,F du Plessis,MS Crane,0,0,,,,,,,,,
1299183,2022,2022-08-14,"Headingley, Leeds",1,11.1,Northern Superchargers,London Spirit,MS Pepper,F du Plessis,MS Crane,1,0,,,,,,,,,
1299183,2022,2022-08-14,"Headingley, Leeds",1,11.2,Northern Superchargers,London Spirit,F du Plessis,MS Pepper,MS Crane,1,0,,,,,,,,,
1299183,2022,2022-08-14,"Headingley, Leeds",1,11.3,Northern Superchargers,London Spirit,MS Pepper,F du Plessis,MS Crane,1,0,,,,,,,,,
1299183,2022,2022-08-14,"Headingley, Leeds",1,11.4,Northern Superchargers,London Spirit,F du Plessis,MS Pepper,MS Crane,1,0,,,,,,,,,
1299183,2022,2022-08-14,"Headingley, Leeds",1,11.5,Northern Superchargers,London Spirit,MS Pepper,F du Plessis,MS Crane,0,0,,,,,,,,,
1299183,2022,2022-08-14,"Headingley, Leeds",1,12.1,Northern Superchargers,London Spirit,F du Plessis,MS Pepper,JA Thompson,4,0,,,,,,,,,
1299183,2022,2022-08-14,"Headingley, Leeds",1,12.2,Northern Superchargers,London Spirit,F du Plessis,MS Pepper,JA Thompson,2,0,,,,,,,,,
1299183,2022,2022-08-14,"Headingley, Leeds",1,12.3,Northern Superchargers,London Spirit,F du Plessis,MS Pepper,JA Thompson,2,0,,,,,,,,,
1299183,2022,2022-08-14,"Headingley, Leeds",1,12.4,Northern Superchargers,London Spirit,F du Plessis,MS Pepper,JA Thompson,1,0,,,,,,,,,
1299183,2022,2022-08-14,"Headingley, Leeds",1,12.5,Northern Superchargers,London Spirit,MS Pepper,F du Plessis,JA Thompson,1,0,,,,,,,,,
1299183,2022,2022-08-14,"Headingley, Leeds",1,13.1,Northern Superchargers,London Spirit,F du Plessis,MS Pepper,BTJ Wheal,0,0,,,,,,,,,
1299183,2022,2022-08-14,"Headingley, Leeds",1,13.2,Northern Superchargers,London Spirit,F du Plessis,MS Pepper,BTJ Wheal,1,0,,,,,,,,,
1299183,2022,2022-08-14,"Headingley, Leeds",1,13.3,Northern Superchargers,London Spirit,MS Pepper,F du Plessis,BTJ Wheal,0,0,,,,,,,,,
1299183,2022,2022-08-14,"Headingley, Leeds",1,13.4,Northern Superchargers,London Spirit,MS Pepper,F du Plessis,BTJ Wheal,4,0,,,,,,,,,
1299183,2022,2022-08-14,"Headingley, Leeds",1,13.5,Northern Superchargers,London Spirit,MS Pepper,F du Plessis,BTJ Wheal,4,0,,,,,,,,,
1299183,2022,2022-08-14,"Headingley, Leeds",1,14.1,Northern Superchargers,London Spirit,F du Plessis,MS Pepper,MS Crane,1,0,,,,,,,,,
1299183,2022,2022-08-14,"Headingley, Leeds",1,14.2,Northern Superchargers,London Spirit,MS Pepper,F du Plessis,MS Crane,0,0,,,,,,,,,
1299183,2022,2022-08-14,"Headingley, Leeds",1,14.3,Northern Superchargers,London Spirit,MS Pepper,F du Plessis,MS Crane,2,0,,,,,,,,,
1299183,2022,2022-08-14,"Headingley, Leeds",1,14.4,Northern Superchargers,London Spirit,MS Pepper,F du Plessis,MS Crane,1,0,,,,,,,,,
1299183,2022,2022-08-14,"Headingley, Leeds",1,14.5,Northern Superchargers,London Spirit,F du Plessis,MS Pepper,MS Crane,6,0,,,,,,,,,
1299183,2022,2022-08-14,"Headingley, Leeds",1,15.1,Northern Superchargers,London Spirit,F du Plessis,MS Pepper,NT Ellis,0,0,,,,,,,,,
1299183,2022,2022-08-14,"Headingley, Leeds",1,15.2,Northern Superchargers,London Spirit,F du Plessis,MS Pepper,NT Ellis,4,0,,,,,,,,,
1299183,2022,2022-08-14,"Headingley, Leeds",1,15.3,Northern Superchargers,London Spirit,F du Plessis,MS Pepper,NT Ellis,4,0,,,,,,,,,
1299183,2022,2022-08-14,"Headingley, Leeds",1,15.4,Northern Superchargers,London Spirit,F du Plessis,MS Pepper,NT Ellis,1,0,,,,,,,,,
1299183,2022,2022-08-14,"Headingley, Leeds",1,15.5,Northern Superchargers,London Spirit,MS Pepper,F du Plessis,NT Ellis,1,0,,,,,,,,,
1299183,2022,2022-08-14,"Headingley, Leeds",1,16.1,Northern Superchargers,London Spirit,MS Pepper,F du Plessis,JA Thompson,2,0,,,,,,,,,
1299183,2022,2022-08-14,"Headingley, Leeds",1,16.2,Northern Superchargers,London Spirit,MS Pepper,F du Plessis,JA Thompson,0,1,,,,1,,,,,
1299183,2022,2022-08-14,"Headingley, Leeds",1,16.3,Northern Superchargers,London Spirit,F du Plessis,MS Pepper,JA Thompson,0,1,1,,,,,,,,
1299183,2022,2022-08-14,"Headingley, Leeds",1,16.4,Northern Superchargers,London Spirit,F du Plessis,MS Pepper,JA Thompson,0,1,1,,,,,,,,
1299183,2022,2022-08-14,"Headingley, Leeds",1,16.5,Northern Superchargers,London Spirit,F du Plessis,MS Pepper,JA Thompson,0,0,,,,,,bowled,F du Plessis,,
1299183,2022,2022-08-14,"Headingley, Leeds",1,16.6,Northern Superchargers,London Spirit,AJ Hose,MS Pepper,JA Thompson,4,0,,,,,,,,,
1299183,2022,2022-08-14,"Headingley, Leeds",1,16.7,Northern Superchargers,London Spirit,AJ Hose,MS Pepper,JA Thompson,4,0,,,,,,,,,
1299183,2022,2022-08-14,"Headingley, Leeds",1,17.1,Northern Superchargers,London Spirit,AJ Hose,MS Pepper,BTJ Wheal,6,0,,,,,,,,,
1299183,2022,2022-08-14,"Headingley, Leeds",1,17.2,Northern Superchargers,London Spirit,AJ Hose,MS Pepper,BTJ Wheal,1,0,,,,,,,,,
1299183,2022,2022-08-14,"Headingley, Leeds",1,17.3,Northern Superchargers,London Spirit,MS Pepper,AJ Hose,BTJ Wheal,1,0,,,,,,,,,
1299183,2022,2022-08-14,"Headingley, Leeds",1,17.4,Northern Superchargers,London Spirit,AJ Hose,MS Pepper,BTJ Wheal,1,0,,,,,,,,,
1299183,2022,2022-08-14,"Headingley, Leeds",1,17.5,Northern Superchargers,London Spirit,MS Pepper,AJ Hose,BTJ Wheal,2,0,,,,,,,,,
1299183,2022,2022-08-14,"Headingley, Leeds",1,18.1,Northern Superchargers,London Spirit,AJ Hose,MS Pepper,NT Ellis,0,1,1,,,,,,,,
1299183,2022,2022-08-14,"Headingley, Leeds",1,18.2,Northern Superchargers,London Spirit,AJ Hose,MS Pepper,NT Ellis,0,0,,,,,,,,,
1299183,2022,2022-08-14,"Headingley, Leeds",1,18.3,Northern Superchargers,London Spirit,AJ Hose,MS Pepper,NT Ellis,4,0,,,,,,,,,
1299183,2022,2022-08-14,"Headingley, Leeds",1,18.4,Northern Superchargers,London Spirit,AJ Hose,MS Pepper,NT Ellis,4,0,,,,,,,,,
1299183,2022,2022-08-14,"Headingley, Leeds",1,18.5,Northern Superchargers,London Spirit,AJ Hose,MS Pepper,NT Ellis,0,0,,,,,,,,,
1299183,2022,2022-08-14,"Headingley, Leeds",1,18.6,Northern Superchargers,London Spirit,AJ Hose,MS Pepper,NT Ellis,0,0,,,,,,,,,
1299183,2022,2022-08-14,"Headingley, Leeds",1,19.1,Northern Superchargers,London Spirit,AJ Hose,MS Pepper,JA Thompson,0,0,,,,,,,,,
1299183,2022,2022-08-14,"Headingley, Leeds",1,19.2,Northern Superchargers,London Spirit,AJ Hose,MS Pepper,JA Thompson,4,0,,,,,,,,,
1299183,2022,2022-08-14,"Headingley, Leeds",1,19.3,Northern Superchargers,London Spirit,AJ Hose,MS Pepper,JA Thompson,1,0,,,,,,,,,
1299183,2022,2022-08-14,"Headingley, Leeds",1,19.4,Northern Superchargers,London Spirit,MS Pepper,AJ Hose,JA Thompson,1,0,,,,,,,,,
1299183,2022,2022-08-14,"Headingley, Leeds",1,19.5,Northern Superchargers,London Spirit,AJ Hose,MS Pepper,JA Thompson,1,0,,,,,,run out,AJ Hose,,
1299183,2022,2022-08-14,"Headingley, Leeds",2,0.1,London Spirit,Northern Superchargers,AM Rossington,DJ Bell-Drummond,DJ Willey,0,0,,,,,,,,,
1299183,2022,2022-08-14,"Headingley, Leeds",2,0.2,London Spirit,Northern Superchargers,AM Rossington,DJ Bell-Drummond,DJ Willey,3,0,,,,,,,,,
1299183,2022,2022-08-14,"Headingley, Leeds",2,0.3,London Spirit,Northern Superchargers,DJ Bell-Drummond,AM Rossington,DJ Willey,1,0,,,,,,,,,
1299183,2022,2022-08-14,"Headingley, Leeds",2,0.4,London Spirit,Northern Superchargers,AM Rossington,DJ Bell-Drummond,DJ Willey,4,0,,,,,,,,,
1299183,2022,2022-08-14,"Headingley, Leeds",2,0.5,London Spirit,Northern Superchargers,AM Rossington,DJ Bell-Drummond,DJ Willey,4,0,,,,,,,,,
1299183,2022,2022-08-14,"Headingley, Leeds",2,1.1,London Spirit,Northern Superchargers,AM Rossington,DJ Bell-Drummond,RE van der Merwe,0,0,,,,,,,,,
1299183,2022,2022-08-14,"Headingley, Leeds",2,1.2,London Spirit,Northern Superchargers,AM Rossington,DJ Bell-Drummond,RE van der Merwe,4,0,,,,,,,,,
1299183,2022,2022-08-14,"Headingley, Leeds",2,1.3,London Spirit,Northern Superchargers,AM Rossington,DJ Bell-Drummond,RE van der Merwe,6,0,,,,,,,,,
1299183,2022,2022-08-14,"Headingley, Leeds",2,1.4,London Spirit,Northern Superchargers,AM Rossington,DJ Bell-Drummond,RE van der Merwe,6,0,,,,,,,,,
1299183,2022,2022-08-14,"Headingley, Leeds",2,1.5,London Spirit,Northern Superchargers,AM Rossington,DJ Bell-Drummond,RE van der Merwe,6,0,,,,,,,,,
1299183,2022,2022-08-14,"Headingley, Leeds",2,2.1,London Spirit,Northern Superchargers,DJ Bell-Drummond,AM Rossington,Wahab Riaz,0,0,,,,,,,,,
1299183,2022,2022-08-14,"Headingley, Leeds",2,2.2,London Spirit,Northern Superchargers,DJ Bell-Drummond,AM Rossington,Wahab Riaz,0,0,,,,,,,,,
1299183,2022,2022-08-14,"Headingley, Leeds",2,2.3,London Spirit,Northern Superchargers,DJ Bell-Drummond,AM Rossington,Wahab Riaz,1,0,,,,,,,,,
1299183,2022,2022-08-14,"Headingley, Leeds",2,2.4,London Spirit,Northern Superchargers,AM Rossington,DJ Bell-Drummond,Wahab Riaz,6,0,,,,,,,,,
1299183,2022,2022-08-14,"Headingley, Leeds",2,2.5,London Spirit,Northern Superchargers,AM Rossington,DJ Bell-Drummond,Wahab Riaz,0,0,,,,,,,,,
1299183,2022,2022-08-14,"Headingley, Leeds",2,3.1,London Spirit,Northern Superchargers,AM Rossington,DJ Bell-Drummond,DJ Bravo,6,0,,,,,,,,,
1299183,2022,2022-08-14,"Headingley, Leeds",2,3.2,London Spirit,Northern Superchargers,AM Rossington,DJ Bell-Drummond,DJ Bravo,1,0,,,,,,,,,
1299183,2022,2022-08-14,"Headingley, Leeds",2,3.3,London Spirit,Northern Superchargers,DJ Bell-Drummond,AM Rossington,DJ Bravo,4,0,,,,,,,,,
1299183,2022,2022-08-14,"Headingley, Leeds",2,3.4,London Spirit,Northern Superchargers,DJ Bell-Drummond,AM Rossington,DJ Bravo,1,0,,,,,,,,,
1299183,2022,2022-08-14,"Headingley, Leeds",2,3.5,London Spirit,Northern Superchargers,AM Rossington,DJ Bell-Drummond,DJ Bravo,1,0,,,,,,,,,
1299183,2022,2022-08-14,"Headingley, Leeds",2,4.1,London Spirit,Northern Superchargers,AM Rossington,DJ Bell-Drummond,CN Miles,6,0,,,,,,,,,
1299183,2022,2022-08-14,"Headingley, Leeds",2,4.2,London Spirit,Northern Superchargers,AM Rossington,DJ Bell-Drummond,CN Miles,1,0,,,,,,,,,
1299183,2022,2022-08-14,"Headingley, Leeds",2,4.3,London Spirit,Northern Superchargers,DJ Bell-Drummond,AM Rossington,CN Miles,2,0,,,,,,,,,
1299183,2022,2022-08-14,"Headingley, Leeds",2,4.4,London Spirit,Northern Superchargers,DJ Bell-Drummond,AM Rossington,CN Miles,0,0,,,,,,,,,
1299183,2022,2022-08-14,"Headingley, Leeds",2,4.5,London Spirit,Northern Superchargers,DJ Bell-Drummond,AM Rossington,CN Miles,0,0,,,,,,,,,
1299183,2022,2022-08-14,"Headingley, Leeds",2,5.1,London Spirit,Northern Superchargers,DJ Bell-Drummond,AM Rossington,AU Rashid,4,0,,,,,,,,,
1299183,2022,2022-08-14,"Headingley, Leeds",2,5.2,London Spirit,Northern Superchargers,DJ Bell-Drummond,AM Rossington,AU Rashid,2,0,,,,,,,,,
1299183,2022,2022-08-14,"Headingley, Leeds",2,5.3,London Spirit,Northern Superchargers,DJ Bell-Drummond,AM Rossington,AU Rashid,0,0,,,,,,bowled,DJ Bell-Drummond,,
1299183,2022,2022-08-14,"Headingley, Leeds",2,5.4,London Spirit,Northern Superchargers,GJ Maxwell,AM Rossington,AU Rashid,0,0,,,,,,,,,
1299183,2022,2022-08-14,"Headingley, Leeds",2,5.5,London Spirit,Northern Superchargers,GJ Maxwell,AM Rossington,AU Rashid,4,0,,,,,,,,,
1299183,2022,2022-08-14,"Headingley, Leeds",2,6.1,London Spirit,Northern Superchargers,AM Rossington,GJ Maxwell,AU Rashid,1,0,,,,,,,,,
1299183,2022,2022-08-14,"Headingley, Leeds",2,6.2,London Spirit,Northern Superchargers,GJ Maxwell,AM Rossington,AU Rashid,0,0,,,,,,,,,
1299183,2022,2022-08-14,"Headingley, Leeds",2,6.3,London Spirit,Northern Superchargers,GJ Maxwell,AM Rossington,AU Rashid,4,0,,,,,,,,,
1299183,2022,2022-08-14,"Headingley, Leeds",2,6.4,London Spirit,Northern Superchargers,GJ Maxwell,AM Rossington,AU Rashid,1,0,,,,,,,,,
1299183,2022,2022-08-14,"Headingley, Leeds",2,6.5,London Spirit,Northern Superchargers,AM Rossington,GJ Maxwell,AU Rashid,1,0,,,,,,,,,
1299183,2022,2022-08-14,"Headingley, Leeds",2,7.1,London Spirit,Northern Superchargers,GJ Maxwell,AM Rossington,Wahab Riaz,1,0,,,,,,,,,
1299183,2022,2022-08-14,"Headingley, Leeds",2,7.2,London Spirit,Northern Superchargers,AM Rossington,GJ Maxwell,Wahab Riaz,1,0,,,,,,,,,
1299183,2022,2022-08-14,"Headingley, Leeds",2,7.3,London Spirit,Northern Superchargers,GJ Maxwell,AM Rossington,Wahab Riaz,1,0,,,,,,,,,
1299183,2022,2022-08-14,"Headingley, Leeds",2,7.4,London Spirit,Northern Superchargers,AM Rossington,GJ Maxwell,Wahab Riaz,1,0,,,,,,,,,
1299183,2022,2022-08-14,"Headingley, Leeds",2,7.5,London Spirit,Northern Superchargers,GJ Maxwell,AM Rossington,Wahab Riaz,4,0,,,,,,,,,
1299183,2022,2022-08-14,"Headingley, Leeds",2,8.1,London Spirit,Northern Superchargers,AM Rossington,GJ Maxwell,CN Miles,1,0,,,,,,,,,
1299183,2022,2022-08-14,"Headingley, Leeds",2,8.2,London Spirit,Northern Superchargers,GJ Maxwell,AM Rossington,CN Miles,4,0,,,,,,,,,
1299183,2022,2022-08-14,"Headingley, Leeds",2,8.3,London Spirit,Northern Superchargers,GJ Maxwell,AM Rossington,CN Miles,0,0,,,,,,,,,
1299183,2022,2022-08-14,"Headingley, Leeds",2,8.4,London Spirit,Northern Superchargers,GJ Maxwell,AM Rossington,CN Miles,0,0,,,,,,,,,
1299183,2022,2022-08-14,"Headingley, Leeds",2,8.5,London Spirit,Northern Superchargers,GJ Maxwell,AM Rossington,CN Miles,6,0,,,,,,,,,
1299183,2022,2022-08-14,"Headingley, Leeds",2,9.1,London Spirit,Northern Superchargers,GJ Maxwell,AM Rossington,DJ Bravo,4,0,,,,,,,,,
1299183,2022,2022-08-14,"Headingley, Leeds",2,9.2,London Spirit,Northern Superchargers,GJ Maxwell,AM Rossington,DJ Bravo,2,0,,,,,,,,,
1299183,2022,2022-08-14,"Headingley, Leeds",2,9.3,London Spirit,Northern Superchargers,GJ Maxwell,AM Rossington,DJ Bravo,1,0,,,,,,,,,
1299183,2022,2022-08-14,"Headingley, Leeds",2,9.4,London Spirit,Northern Superchargers,AM Rossington,GJ Maxwell,DJ Bravo,0,0,,,,,,,,,
1299183,2022,2022-08-14,"Headingley, Leeds",2,9.5,London Spirit,Northern Superchargers,AM Rossington,GJ Maxwell,DJ Bravo,1,0,,,,,,,,,
1299183,2022,2022-08-14,"Headingley, Leeds",2,10.1,London Spirit,Northern Superchargers,AM Rossington,GJ Maxwell,RE van der Merwe,6,0,,,,,,,,,
1299183,2022,2022-08-14,"Headingley, Leeds",2,10.2,London Spirit,Northern Superchargers,AM Rossington,GJ Maxwell,RE van der Merwe,0,0,,,,,,caught,AM Rossington,,
1299183,2022,2022-08-14,"Headingley, Leeds",2,10.3,London Spirit,Northern Superchargers,DW Lawrence,GJ Maxwell,RE van der Merwe,0,0,,,,,,,,,
1299183,2022,2022-08-14,"Headingley, Leeds",2,10.4,London Spirit,Northern Superchargers,DW Lawrence,GJ Maxwell,RE van der Merwe,1,0,,,,,,,,,
1299183,2022,2022-08-14,"Headingley, Leeds",2,10.5,London Spirit,Northern Superchargers,GJ Maxwell,DW Lawrence,RE van der Merwe,1,0,,,,,,,,,
1299183,2022,2022-08-14,"Headingley, Leeds",2,11.1,London Spirit,Northern Superchargers,DW Lawrence,GJ Maxwell,RE van der Merwe,0,0,,,,,,,,,
1299183,2022,2022-08-14,"Headingley, Leeds",2,11.2,London Spirit,Northern Superchargers,DW Lawrence,GJ Maxwell,RE van der Merwe,1,0,,,,,,,,,
1299183,2022,2022-08-14,"Headingley, Leeds",2,11.3,London Spirit,Northern Superchargers,GJ Maxwell,DW Lawrence,RE van der Merwe,0,0,,,,,,,,,
1299183,2022,2022-08-14,"Headingley, Leeds",2,11.4,London Spirit,Northern Superchargers,GJ Maxwell,DW Lawrence,RE van der Merwe,1,0,,,,,,,,,
1299183,2022,2022-08-14,"Headingley, Leeds",2,11.5,London Spirit,Northern Superchargers,DW Lawrence,GJ Maxwell,RE van der Merwe,0,0,,,,,,,,,
1299183,2022,2022-08-14,"Headingley, Leeds",2,12.1,London Spirit,Northern Superchargers,GJ Maxwell,DW Lawrence,AU Rashid,1,0,,,,,,,,,
1299183,2022,2022-08-14,"Headingley, Leeds",2,12.2,London Spirit,Northern Superchargers,DW Lawrence,GJ Maxwell,AU Rashid,6,0,,,,,,,,,
1299183,2022,2022-08-14,"Headingley, Leeds",2,12.3,London Spirit,Northern Superchargers,DW Lawrence,GJ Maxwell,AU Rashid,0,0,,,,,,,,,
1299183,2022,2022-08-14,"Headingley, Leeds",2,12.4,London Spirit,Northern Superchargers,DW Lawrence,GJ Maxwell,AU Rashid,4,0,,,,,,,,,
1299183,2022,2022-08-14,"Headingley, Leeds",2,12.5,London Spirit,Northern Superchargers,DW Lawrence,GJ Maxwell,AU Rashid,1,0,,,,,,,,,
1299183,2022,2022-08-14,"Headingley, Leeds",2,13.1,London Spirit,Northern Superchargers,GJ Maxwell,DW Lawrence,DJ Willey,1,0,,,,,,,,,
1299183,2022,2022-08-14,"Headingley, Leeds",2,13.2,London Spirit,Northern Superchargers,DW Lawrence,GJ Maxwell,DJ Willey,1,0,,,,,,,,,
1299183,2022,2022-08-14,"Headingley, Leeds",2,13.3,London Spirit,Northern Superchargers,GJ Maxwell,DW Lawrence,DJ Willey,1,0,,,,,,,,,
1299183,2022,2022-08-14,"Headingley, Leeds",2,13.4,London Spirit,Northern Superchargers,DW Lawrence,GJ Maxwell,DJ Willey,0,0,,,,,,,,,
1299183,2022,2022-08-14,"Headingley, Leeds",2,13.5,London Spirit,Northern Superchargers,DW Lawrence,GJ Maxwell,DJ Willey,1,0,,,,,,,,,
1299183,2022,2022-08-14,"Headingley, Leeds",2,14.1,London Spirit,Northern Superchargers,DW Lawrence,GJ Maxwell,DJ Bravo,1,0,,,,,,,,,
1299183,2022,2022-08-14,"Headingley, Leeds",2,14.2,London Spirit,Northern Superchargers,GJ Maxwell,DW Lawrence,DJ Bravo,0,0,,,,,,,,,
1299183,2022,2022-08-14,"Headingley, Leeds",2,14.3,London Spirit,Northern Superchargers,GJ Maxwell,DW Lawrence,DJ Bravo,1,0,,,,,,,,,
1299183,2022,2022-08-14,"Headingley, Leeds",2,14.4,London Spirit,Northern Superchargers,DW Lawrence,GJ Maxwell,DJ Bravo,2,0,,,,,,,,,
1299183,2022,2022-08-14,"Headingley, Leeds",2,14.5,London Spirit,Northern Superchargers,DW Lawrence,GJ Maxwell,DJ Bravo,0,0,,,,,,,,,
1299183,2022,2022-08-14,"Headingley, Leeds",2,15.1,London Spirit,Northern Superchargers,DW Lawrence,GJ Maxwell,DJ Bravo,0,0,,,,,,caught,DW Lawrence,,
1299183,2022,2022-08-14,"Headingley, Leeds",2,15.2,London Spirit,Northern Superchargers,EJG Morgan,GJ Maxwell,DJ Bravo,1,0,,,,,,,,,
1299183,2022,2022-08-14,"Headingley, Leeds",2,15.3,London Spirit,Northern Superchargers,GJ Maxwell,EJG Morgan,DJ Bravo,1,0,,,,,,,,,
1299183,2022,2022-08-14,"Headingley, Leeds",2,15.4,London Spirit,Northern Superchargers,EJG Morgan,GJ Maxwell,DJ Bravo,2,0,,,,,,,,,
1299183,2022,2022-08-14,"Headingley, Leeds",2,15.5,London Spirit,Northern Superchargers,EJG Morgan,GJ Maxwell,DJ Bravo,1,0,,,,,,,,,
1299183,2022,2022-08-14,"Headingley, Leeds",2,16.1,London Spirit,Northern Superchargers,EJG Morgan,GJ Maxwell,CN Miles,1,0,,,,,,,,,
1299183,2022,2022-08-14,"Headingley, Leeds",2,16.2,London Spirit,Northern Superchargers,GJ Maxwell,EJG Morgan,CN Miles,4,0,,,,,,,,,
