match_id,season,start_date,venue,innings,ball,batting_team,bowling_team,striker,non_striker,bowler,runs_off_bat,extras,wides,noballs,byes,legbyes,penalty,wicket_type,player_dismissed,other_wicket_type,other_player_dismissed
1299195,2022,2022-08-25,"The Rose Bowl, Southampton",1,0.1,Trent Rockets,Southern Brave,AD Hales,DJ Malan,MG Hogan,1,0,,,,,,,,,
1299195,2022,2022-08-25,"The Rose Bowl, Southampton",1,0.2,Trent Rockets,Southern Brave,DJ Malan,AD Hales,MG Hogan,1,0,,,,,,,,,
1299195,2022,2022-08-25,"The Rose Bowl, Southampton",1,0.3,Trent Rockets,Southern Brave,AD Hales,DJ Malan,MG Hogan,0,0,,,,,,,,,
1299195,2022,2022-08-25,"The Rose Bowl, Southampton",1,0.4,Trent Rockets,Southern Brave,AD Hales,DJ Malan,MG Hogan,4,0,,,,,,,,,
1299195,2022,2022-08-25,"The Rose Bowl, Southampton",1,0.5,Trent Rockets,Southern Brave,AD Hales,DJ Malan,MG Hogan,0,0,,,,,,,,,
1299195,2022,2022-08-25,"The Rose Bowl, Southampton",1,1.1,Trent Rockets,Southern Brave,AD Hales,DJ Malan,S Baker,1,0,,,,,,,,,
1299195,2022,2022-08-25,"The Rose Bowl, Southampton",1,1.2,Trent Rockets,Southern Brave,DJ Malan,AD Hales,S Baker,0,0,,,,,,,,,
1299195,2022,2022-08-25,"The Rose Bowl, Southampton",1,1.3,Trent Rockets,Southern Brave,DJ Malan,AD Hales,S Baker,4,0,,,,,,,,,
1299195,2022,2022-08-25,"The Rose Bowl, Southampton",1,1.4,Trent Rockets,Southern Brave,DJ Malan,AD Hales,S Baker,4,0,,,,,,,,,
1299195,2022,2022-08-25,"The Rose Bowl, Southampton",1,1.5,Trent Rockets,Southern Brave,DJ Malan,AD Hales,S Baker,0,0,,,,,,,,,
1299195,2022,2022-08-25,"The Rose Bowl, Southampton",1,2.1,Trent Rockets,Southern Brave,AD Hales,DJ Malan,PR Stirling,2,0,,,,,,,,,
1299195,2022,2022-08-25,"The Rose Bowl, Southampton",1,2.2,Trent Rockets,Southern Brave,AD Hales,DJ Malan,PR Stirling,0,0,,,,,,caught,AD Hales,,
1299195,2022,2022-08-25,"The Rose Bowl, Southampton",1,2.3,Trent Rockets,Southern Brave,T Kohler-Cadmore,DJ Malan,PR Stirling,0,0,,,,,,,,,
1299195,2022,2022-08-25,"The Rose Bowl, Southampton",1,2.4,Trent Rockets,Southern Brave,T Kohler-Cadmore,DJ Malan,PR Stirling,0,0,,,,,,,,,
1299195,2022,2022-08-25,"The Rose Bowl, Southampton",1,2.5,Trent Rockets,Southern Brave,T Kohler-Cadmore,DJ Malan,PR Stirling,1,0,,,,,,,,,
1299195,2022,2022-08-25,"The Rose Bowl, Southampton",1,3.1,Trent Rockets,Southern Brave,DJ Malan,T Kohler-Cadmore,PR Stirling,0,0,,,,,,,,,
1299195,2022,2022-08-25,"The Rose Bowl, Southampton",1,3.2,Trent Rockets,Southern Brave,DJ Malan,T Kohler-Cadmore,PR Stirling,1,0,,,,,,,,,
1299195,2022,2022-08-25,"The Rose Bowl, Southampton",1,3.3,Trent Rockets,Southern Brave,T Kohler-Cadmore,DJ Malan,PR Stirling,1,0,,,,,,,,,
1299195,2022,2022-08-25,"The Rose Bowl, Southampton",1,3.4,Trent Rockets,Southern Brave,DJ Malan,T Kohler-Cadmore,PR Stirling,0,0,,,,,,,,,
1299195,2022,2022-08-25,"The Rose Bowl, Southampton",1,3.5,Trent Rockets,Southern Brave,DJ Malan,T Kohler-Cadmore,PR Stirling,1,0,,,,,,,,,
1299195,2022,2022-08-25,"The Rose Bowl, Southampton",1,4.1,Trent Rockets,Southern Brave,DJ Malan,T Kohler-Cadmore,Rehan Ahmed,1,0,,,,,,,,,
1299195,2022,2022-08-25,"The Rose Bowl, Southampton",1,4.2,Trent Rockets,Southern Brave,T Kohler-Cadmore,DJ Malan,Rehan Ahmed,0,0,,,,,,,,,
1299195,2022,2022-08-25,"The Rose Bowl, Southampton",1,4.3,Trent Rockets,Southern Brave,T Kohler-Cadmore,DJ Malan,Rehan Ahmed,4,0,,,,,,,,,
1299195,2022,2022-08-25,"The Rose Bowl, Southampton",1,4.4,Trent Rockets,Southern Brave,T Kohler-Cadmore,DJ Malan,Rehan Ahmed,0,0,,,,,,,,,
1299195,2022,2022-08-25,"The Rose Bowl, Southampton",1,4.5,Trent Rockets,Southern Brave,T Kohler-Cadmore,DJ Malan,Rehan Ahmed,1,0,,,,,,,,,
1299195,2022,2022-08-25,"The Rose Bowl, Southampton",1,5.1,Trent Rockets,Southern Brave,DJ Malan,T Kohler-Cadmore,JK Fuller,1,0,,,,,,,,,
1299195,2022,2022-08-25,"The Rose Bowl, Southampton",1,5.2,Trent Rockets,Southern Brave,T Kohler-Cadmore,DJ Malan,JK Fuller,0,0,,,,,,,,,
1299195,2022,2022-08-25,"The Rose Bowl, Southampton",1,5.3,Trent Rockets,Southern Brave,T Kohler-Cadmore,DJ Malan,JK Fuller,0,0,,,,,,,,,
1299195,2022,2022-08-25,"The Rose Bowl, Southampton",1,5.4,Trent Rockets,Southern Brave,T Kohler-Cadmore,DJ Malan,JK Fuller,1,0,,,,,,,,,
1299195,2022,2022-08-25,"The Rose Bowl, Southampton",1,5.5,Trent Rockets,Southern Brave,DJ Malan,T Kohler-Cadmore,JK Fuller,1,0,,,,,,,,,
1299195,2022,2022-08-25,"The Rose Bowl, Southampton",1,6.1,Trent Rockets,Southern Brave,DJ Malan,T Kohler-Cadmore,JB Lintott,2,0,,,,,,,,,
1299195,2022,2022-08-25,"The Rose Bowl, Southampton",1,6.2,Trent Rockets,Southern Brave,DJ Malan,T Kohler-Cadmore,JB Lintott,6,0,,,,,,,,,
1299195,2022,2022-08-25,"The Rose Bowl, Southampton",1,6.3,Trent Rockets,Southern Brave,DJ Malan,T Kohler-Cadmore,JB Lintott,1,0,,,,,,,,,
1299195,2022,2022-08-25,"The Rose Bowl, Southampton",1,6.4,Trent Rockets,Southern Brave,T Kohler-Cadmore,DJ Malan,JB Lintott,0,0,,,,,,caught,T Kohler-Cadmore,,
1299195,2022,2022-08-25,"The Rose Bowl, Southampton",1,6.5,Trent Rockets,Southern Brave,SR Patel,DJ Malan,JB Lintott,1,0,,,,,,,,,
1299195,2022,2022-08-25,"The Rose Bowl, Southampton",1,7.1,Trent Rockets,Southern Brave,DJ Malan,SR Patel,PR Stirling,1,0,,,,,,,,,
1299195,2022,2022-08-25,"The Rose Bowl, Southampton",1,7.2,Trent Rockets,Southern Brave,SR Patel,DJ Malan,PR Stirling,1,0,,,,,,,,,
1299195,2022,2022-08-25,"The Rose Bowl, Southampton",1,7.3,Trent Rockets,Southern Brave,DJ Malan,SR Patel,PR Stirling,2,0,,,,,,,,,
1299195,2022,2022-08-25,"The Rose Bowl, Southampton",1,7.4,Trent Rockets,Southern Brave,DJ Malan,SR Patel,PR Stirling,0,0,,,,,,,,,
1299195,2022,2022-08-25,"The Rose Bowl, Southampton",1,7.5,Trent Rockets,Southern Brave,DJ Malan,SR Patel,PR Stirling,0,0,,,,,,,,,
1299195,2022,2022-08-25,"The Rose Bowl, Southampton",1,8.1,Trent Rockets,Southern Brave,SR Patel,DJ Malan,Rehan Ahmed,1,0,,,,,,,,,
1299195,2022,2022-08-25,"The Rose Bowl, Southampton",1,8.2,Trent Rockets,Southern Brave,DJ Malan,SR Patel,Rehan Ahmed,4,0,,,,,,,,,
1299195,2022,2022-08-25,"The Rose Bowl, Southampton",1,8.3,Trent Rockets,Southern Brave,DJ Malan,SR Patel,Rehan Ahmed,1,0,,,,,,,,,
1299195,2022,2022-08-25,"The Rose Bowl, Southampton",1,8.4,Trent Rockets,Southern Brave,SR Patel,DJ Malan,Rehan Ahmed,1,0,,,,,,,,,
1299195,2022,2022-08-25,"The Rose Bowl, Southampton",1,8.5,Trent Rockets,Southern Brave,DJ Malan,SR Patel,Rehan Ahmed,2,0,,,,,,,,,
1299195,2022,2022-08-25,"The Rose Bowl, Southampton",1,9.1,Trent Rockets,Southern Brave,DJ Malan,SR Patel,JK Fuller,2,0,,,,,,,,,
1299195,2022,2022-08-25,"The Rose Bowl, Southampton",1,9.2,Trent Rockets,Southern Brave,DJ Malan,SR Patel,JK Fuller,2,0,,,,,,,,,
1299195,2022,2022-08-25,"The Rose Bowl, Southampton",1,9.3,Trent Rockets,Southern Brave,DJ Malan,SR Patel,JK Fuller,0,1,,,,1,,,,,
1299195,2022,2022-08-25,"The Rose Bowl, Southampton",1,9.4,Trent Rockets,Southern Brave,SR Patel,DJ Malan,JK Fuller,1,0,,,,,,,,,
1299195,2022,2022-08-25,"The Rose Bowl, Southampton",1,9.5,Trent Rockets,Southern Brave,DJ Malan,SR Patel,JK Fuller,0,0,,,,,,,,,
1299195,2022,2022-08-25,"The Rose Bowl, Southampton",1,10.1,Trent Rockets,Southern Brave,SR Patel,DJ Malan,JB Lintott,6,0,,,,,,,,,
1299195,2022,2022-08-25,"The Rose Bowl, Southampton",1,10.2,Trent Rockets,Southern Brave,SR Patel,DJ Malan,JB Lintott,6,0,,,,,,,,,
1299195,2022,2022-08-25,"The Rose Bowl, Southampton",1,10.3,Trent Rockets,Southern Brave,SR Patel,DJ Malan,JB Lintott,1,0,,,,,,,,,
1299195,2022,2022-08-25,"The Rose Bowl, Southampton",1,10.4,Trent Rockets,Southern Brave,DJ Malan,SR Patel,JB Lintott,0,0,,,,,,,,,
1299195,2022,2022-08-25,"The Rose Bowl, Southampton",1,10.5,Trent Rockets,Southern Brave,DJ Malan,SR Patel,JB Lintott,0,0,,,,,,,,,
1299195,2022,2022-08-25,"The Rose Bowl, Southampton",1,11.1,Trent Rockets,Southern Brave,DJ Malan,SR Patel,S Baker,0,1,1,,,,,,,,
1299195,2022,2022-08-25,"The Rose Bowl, Southampton",1,11.2,Trent Rockets,Southern Brave,DJ Malan,SR Patel,S Baker,1,0,,,,,,,,,
1299195,2022,2022-08-25,"The Rose Bowl, Southampton",1,11.3,Trent Rockets,Southern Brave,SR Patel,DJ Malan,S Baker,1,0,,,,,,,,,
1299195,2022,2022-08-25,"The Rose Bowl, Southampton",1,11.4,Trent Rockets,Southern Brave,DJ Malan,SR Patel,S Baker,1,0,,,,,,,,,
1299195,2022,2022-08-25,"The Rose Bowl, Southampton",1,11.5,Trent Rockets,Southern Brave,SR Patel,DJ Malan,S Baker,0,2,,2,,,,,,,
1299195,2022,2022-08-25,"The Rose Bowl, Southampton",1,11.6,Trent Rockets,Southern Brave,SR Patel,DJ Malan,S Baker,1,0,,,,,,,,,
1299195,2022,2022-08-25,"The Rose Bowl, Southampton",1,11.7,Trent Rockets,Southern Brave,DJ Malan,SR Patel,S Baker,1,0,,,,,,,,,
1299195,2022,2022-08-25,"The Rose Bowl, Southampton",1,12.1,Trent Rockets,Southern Brave,DJ Malan,SR Patel,Rehan Ahmed,2,0,,,,,,,,,
1299195,2022,2022-08-25,"The Rose Bowl, Southampton",1,12.2,Trent Rockets,Southern Brave,DJ Malan,SR Patel,Rehan Ahmed,1,0,,,,,,,,,
1299195,2022,2022-08-25,"The Rose Bowl, Southampton",1,12.3,Trent Rockets,Southern Brave,SR Patel,DJ Malan,Rehan Ahmed,0,0,,,,,,,,,
1299195,2022,2022-08-25,"The Rose Bowl, Southampton",1,12.4,Trent Rockets,Southern Brave,SR Patel,DJ Malan,Rehan Ahmed,0,0,,,,,,,,,
1299195,2022,2022-08-25,"The Rose Bowl, Southampton",1,12.5,Trent Rockets,Southern Brave,SR Patel,DJ Malan,Rehan Ahmed,1,0,,,,,,,,,
1299195,2022,2022-08-25,"The Rose Bowl, Southampton",1,13.1,Trent Rockets,Southern Brave,DJ Malan,SR Patel,JK Fuller,4,0,,,,,,,,,
1299195,2022,2022-08-25,"The Rose Bowl, Southampton",1,13.2,Trent Rockets,Southern Brave,DJ Malan,SR Patel,JK Fuller,0,1,1,,,,,,,,
1299195,2022,2022-08-25,"The Rose Bowl, Southampton",1,13.3,Trent Rockets,Southern Brave,DJ Malan,SR Patel,JK Fuller,1,0,,,,,,,,,
1299195,2022,2022-08-25,"The Rose Bowl, Southampton",1,13.4,Trent Rockets,Southern Brave,SR Patel,DJ Malan,JK Fuller,0,0,,,,,,bowled,SR Patel,,
1299195,2022,2022-08-25,"The Rose Bowl, Southampton",1,13.5,Trent Rockets,Southern Brave,L Gregory,DJ Malan,JK Fuller,1,0,,,,,,,,,
1299195,2022,2022-08-25,"The Rose Bowl, Southampton",1,13.6,Trent Rockets,Southern Brave,DJ Malan,L Gregory,JK Fuller,0,0,,,,,,,,,
1299195,2022,2022-08-25,"The Rose Bowl, Southampton",1,14.1,Trent Rockets,Southern Brave,L Gregory,DJ Malan,JB Lintott,2,0,,,,,,,,,
1299195,2022,2022-08-25,"The Rose Bowl, Southampton",1,14.2,Trent Rockets,Southern Brave,L Gregory,DJ Malan,JB Lintott,1,0,,,,,,,,,
1299195,2022,2022-08-25,"The Rose Bowl, Southampton",1,14.3,Trent Rockets,Southern Brave,DJ Malan,L Gregory,JB Lintott,1,0,,,,,,,,,
1299195,2022,2022-08-25,"The Rose Bowl, Southampton",1,14.4,Trent Rockets,Southern Brave,L Gregory,DJ Malan,JB Lintott,1,0,,,,,,,,,
1299195,2022,2022-08-25,"The Rose Bowl, Southampton",1,14.5,Trent Rockets,Southern Brave,DJ Malan,L Gregory,JB Lintott,2,0,,,,,,,,,
1299195,2022,2022-08-25,"The Rose Bowl, Southampton",1,15.1,Trent Rockets,Southern Brave,DJ Malan,L Gregory,MG Hogan,6,0,,,,,,,,,
1299195,2022,2022-08-25,"The Rose Bowl, Southampton",1,15.2,Trent Rockets,Southern Brave,DJ Malan,L Gregory,MG Hogan,2,0,,,,,,,,,
1299195,2022,2022-08-25,"The Rose Bowl, Southampton",1,15.3,Trent Rockets,Southern Brave,DJ Malan,L Gregory,MG Hogan,0,0,,,,,,bowled,DJ Malan,,
1299195,2022,2022-08-25,"The Rose Bowl, Southampton",1,15.4,Trent Rockets,Southern Brave,C Munro,L Gregory,MG Hogan,1,0,,,,,,,,,
1299195,2022,2022-08-25,"The Rose Bowl, Southampton",1,15.5,Trent Rockets,Southern Brave,L Gregory,C Munro,MG Hogan,2,0,,,,,,,,,
1299195,2022,2022-08-25,"The Rose Bowl, Southampton",1,16.1,Trent Rockets,Southern Brave,C Munro,L Gregory,Rehan Ahmed,1,0,,,,,,,,,
1299195,2022,2022-08-25,"The Rose Bowl, Southampton",1,16.2,Trent Rockets,Southern Brave,L Gregory,C Munro,Rehan Ahmed,0,0,,,,,,,,,
1299195,2022,2022-08-25,"The Rose Bowl, Southampton",1,16.3,Trent Rockets,Southern Brave,L Gregory,C Munro,Rehan Ahmed,0,0,,,,,,,,,
1299195,2022,2022-08-25,"The Rose Bowl, Southampton",1,16.4,Trent Rockets,Southern Brave,L Gregory,C Munro,Rehan Ahmed,1,0,,,,,,,,,
1299195,2022,2022-08-25,"The Rose Bowl, Southampton",1,16.5,Trent Rockets,Southern Brave,C Munro,L Gregory,Rehan Ahmed,2,0,,,,,,,,,
1299195,2022,2022-08-25,"The Rose Bowl, Southampton",1,17.1,Trent Rockets,Southern Brave,C Munro,L Gregory,JB Lintott,0,0,,,,,,,,,
1299195,2022,2022-08-25,"The Rose Bowl, Southampton",1,17.2,Trent Rockets,Southern Brave,C Munro,L Gregory,JB Lintott,0,5,5,,,,,,,,
1299195,2022,2022-08-25,"The Rose Bowl, Southampton",1,17.3,Trent Rockets,Southern Brave,C Munro,L Gregory,JB Lintott,1,0,,,,,,,,,
1299195,2022,2022-08-25,"The Rose Bowl, Southampton",1,17.4,Trent Rockets,Southern Brave,L Gregory,C Munro,JB Lintott,1,0,,,,,,,,,
1299195,2022,2022-08-25,"The Rose Bowl, Southampton",1,17.5,Trent Rockets,Southern Brave,C Munro,L Gregory,JB Lintott,6,0,,,,,,,,,
1299195,2022,2022-08-25,"The Rose Bowl, Southampton",1,17.6,Trent Rockets,Southern Brave,C Munro,L Gregory,JB Lintott,0,1,1,,,,,,,,
1299195,2022,2022-08-25,"The Rose Bowl, Southampton",1,17.7,Trent Rockets,Southern Brave,C Munro,L Gregory,JB Lintott,4,0,,,,,,,,,
1299195,2022,2022-08-25,"The Rose Bowl, Southampton",1,18.1,Trent Rockets,Southern Brave,L Gregory,C Munro,JK Fuller,1,0,,,,,,,,,
1299195,2022,2022-08-25,"The Rose Bowl, Southampton",1,18.2,Trent Rockets,Southern Brave,C Munro,L Gregory,JK Fuller,0,0,,,,,,,,,
1299195,2022,2022-08-25,"The Rose Bowl, Southampton",1,18.3,Trent Rockets,Southern Brave,C Munro,L Gregory,JK Fuller,1,0,,,,,,,,,
1299195,2022,2022-08-25,"The Rose Bowl, Southampton",1,18.4,Trent Rockets,Southern Brave,L Gregory,C Munro,JK Fuller,0,1,1,,,,,,,,
1299195,2022,2022-08-25,"The Rose Bowl, Southampton",1,18.5,Trent Rockets,Southern Brave,L Gregory,C Munro,JK Fuller,0,1,,,,1,,,,,
1299195,2022,2022-08-25,"The Rose Bowl, Southampton",1,18.6,Trent Rockets,Southern Brave,C Munro,L Gregory,JK Fuller,0,0,,,,,,caught,C Munro,,
1299195,2022,2022-08-25,"The Rose Bowl, Southampton",1,19.1,Trent Rockets,Southern Brave,DR Sams,L Gregory,MG Hogan,0,0,,,,,,,,,
1299195,2022,2022-08-25,"The Rose Bowl, Southampton",1,19.2,Trent Rockets,Southern Brave,DR Sams,L Gregory,MG Hogan,2,0,,,,,,,,,
1299195,2022,2022-08-25,"The Rose Bowl, Southampton",1,19.3,Trent Rockets,Southern Brave,DR Sams,L Gregory,MG Hogan,1,0,,,,,,,,,
1299195,2022,2022-08-25,"The Rose Bowl, Southampton",1,19.4,Trent Rockets,Southern Brave,L Gregory,DR Sams,MG Hogan,0,0,,,,,,,,,
1299195,2022,2022-08-25,"The Rose Bowl, Southampton",1,19.5,Trent Rockets,Southern Brave,L Gregory,DR Sams,MG Hogan,0,0,,,,,,lbw,L Gregory,,
1299195,2022,2022-08-25,"The Rose Bowl, Southampton",2,0.1,Southern Brave,Trent Rockets,PR Stirling,Q de Kock,L Wood,0,0,,,,,,,,,
1299195,2022,2022-08-25,"The Rose Bowl, Southampton",2,0.2,Southern Brave,Trent Rockets,PR Stirling,Q de Kock,L Wood,0,0,,,,,,,,,
1299195,2022,2022-08-25,"The Rose Bowl, Southampton",2,0.3,Southern Brave,Trent Rockets,PR Stirling,Q de Kock,L Wood,0,1,,,,1,,,,,
1299195,2022,2022-08-25,"The Rose Bowl, Southampton",2,0.4,Southern Brave,Trent Rockets,Q de Kock,PR Stirling,L Wood,4,0,,,,,,,,,
1299195,2022,2022-08-25,"The Rose Bowl, Southampton",2,0.5,Southern Brave,Trent Rockets,Q de Kock,PR Stirling,L Wood,0,0,,,,,,,,,
1299195,2022,2022-08-25,"The Rose Bowl, Southampton",2,1.1,Southern Brave,Trent Rockets,Q de Kock,PR Stirling,SJ Cook,0,0,,,,,,,,,
1299195,2022,2022-08-25,"The Rose Bowl, Southampton",2,1.2,Southern Brave,Trent Rockets,Q de Kock,PR Stirling,SJ Cook,2,0,,,,,,,,,
1299195,2022,2022-08-25,"The Rose Bowl, Southampton",2,1.3,Southern Brave,Trent Rockets,Q de Kock,PR Stirling,SJ Cook,0,1,,,,1,,,,,
1299195,2022,2022-08-25,"The Rose Bowl, Southampton",2,1.4,Southern Brave,Trent Rockets,PR Stirling,Q de Kock,SJ Cook,0,0,,,,,,,,,
1299195,2022,2022-08-25,"The Rose Bowl, Southampton",2,1.5,Southern Brave,Trent Rockets,PR Stirling,Q de Kock,SJ Cook,0,0,,,,,,bowled,PR Stirling,,
1299195,2022,2022-08-25,"The Rose Bowl, Southampton",2,2.1,Southern Brave,Trent Rockets,Q de Kock,JM Vince,L Wood,0,0,,,,,,,,,
1299195,2022,2022-08-25,"The Rose Bowl, Southampton",2,2.2,Southern Brave,Trent Rockets,Q de Kock,JM Vince,L Wood,0,0,,,,,,,,,
1299195,2022,2022-08-25,"The Rose Bowl, Southampton",2,2.3,Southern Brave,Trent Rockets,Q de Kock,JM Vince,L Wood,1,0,,,,,,,,,
1299195,2022,2022-08-25,"The Rose Bowl, Southampton",2,2.4,Southern Brave,Trent Rockets,JM Vince,Q de Kock,L Wood,0,0,,,,,,bowled,JM Vince,,
1299195,2022,2022-08-25,"The Rose Bowl, Southampton",2,2.5,Southern Brave,Trent Rockets,AL Davies,Q de Kock,L Wood,0,0,,,,,,,,,
1299195,2022,2022-08-25,"The Rose Bowl, Southampton",2,3.1,Southern Brave,Trent Rockets,AL Davies,Q de Kock,SJ Cook,1,0,,,,,,,,,
1299195,2022,2022-08-25,"The Rose Bowl, Southampton",2,3.2,Southern Brave,Trent Rockets,Q de Kock,AL Davies,SJ Cook,1,0,,,,,,,,,
1299195,2022,2022-08-25,"The Rose Bowl, Southampton",2,3.3,Southern Brave,Trent Rockets,AL Davies,Q de Kock,SJ Cook,0,0,,,,,,,,,
1299195,2022,2022-08-25,"The Rose Bowl, Southampton",2,3.4,Southern Brave,Trent Rockets,AL Davies,Q de Kock,SJ Cook,0,0,,,,,,,,,
1299195,2022,2022-08-25,"The Rose Bowl, Southampton",2,3.5,Southern Brave,Trent Rockets,AL Davies,Q de Kock,SJ Cook,0,1,1,,,,,,,,
1299195,2022,2022-08-25,"The Rose Bowl, Southampton",2,3.6,Southern Brave,Trent Rockets,AL Davies,Q de Kock,SJ Cook,1,0,,,,,,,,,
1299195,2022,2022-08-25,"The Rose Bowl, Southampton",2,4.1,Southern Brave,Trent Rockets,AL Davies,Q de Kock,DR Sams,0,0,,,,,,,,,
1299195,2022,2022-08-25,"The Rose Bowl, Southampton",2,4.2,Southern Brave,Trent Rockets,AL Davies,Q de Kock,DR Sams,1,0,,,,,,,,,
1299195,2022,2022-08-25,"The Rose Bowl, Southampton",2,4.3,Southern Brave,Trent Rockets,Q de Kock,AL Davies,DR Sams,0,0,,,,,,,,,
1299195,2022,2022-08-25,"The Rose Bowl, Southampton",2,4.4,Southern Brave,Trent Rockets,Q de Kock,AL Davies,DR Sams,0,0,,,,,,,,,
1299195,2022,2022-08-25,"The Rose Bowl, Southampton",2,4.5,Southern Brave,Trent Rockets,Q de Kock,AL Davies,DR Sams,1,0,,,,,,,,,
1299195,2022,2022-08-25,"The Rose Bowl, Southampton",2,5.1,Southern Brave,Trent Rockets,AL Davies,Q de Kock,L Gregory,1,0,,,,,,,,,
1299195,2022,2022-08-25,"The Rose Bowl, Southampton",2,5.2,Southern Brave,Trent Rockets,Q de Kock,AL Davies,L Gregory,1,0,,,,,,,,,
1299195,2022,2022-08-25,"The Rose Bowl, Southampton",2,5.3,Southern Brave,Trent Rockets,AL Davies,Q de Kock,L Gregory,1,0,,,,,,,,,
1299195,2022,2022-08-25,"The Rose Bowl, Southampton",2,5.4,Southern Brave,Trent Rockets,Q de Kock,AL Davies,L Gregory,0,2,,2,,,,,,,
1299195,2022,2022-08-25,"The Rose Bowl, Southampton",2,5.5,Southern Brave,Trent Rockets,Q de Kock,AL Davies,L Gregory,1,0,,,,,,,,,
1299195,2022,2022-08-25,"The Rose Bowl, Southampton",2,5.6,Southern Brave,Trent Rockets,AL Davies,Q de Kock,L Gregory,1,0,,,,,,,,,
1299195,2022,2022-08-25,"The Rose Bowl, Southampton",2,6.1,Southern Brave,Trent Rockets,AL Davies,Q de Kock,T Shamsi,2,0,,,,,,,,,
1299195,2022,2022-08-25,"The Rose Bowl, Southampton",2,6.2,Southern Brave,Trent Rockets,AL Davies,Q de Kock,T Shamsi,2,0,,,,,,,,,
1299195,2022,2022-08-25,"The Rose Bowl, Southampton",2,6.3,Southern Brave,Trent Rockets,AL Davies,Q de Kock,T Shamsi,1,0,,,,,,,,,
1299195,2022,2022-08-25,"The Rose Bowl, Southampton",2,6.4,Southern Brave,Trent Rockets,Q de Kock,AL Davies,T Shamsi,1,0,,,,,,,,,
1299195,2022,2022-08-25,"The Rose Bowl, Southampton",2,6.5,Southern Brave,Trent Rockets,AL Davies,Q de Kock,T Shamsi,0,3,3,,,,,,,,
1299195,2022,2022-08-25,"The Rose Bowl, Southampton",2,6.6,Southern Brave,Trent Rockets,AL Davies,Q de Kock,T Shamsi,2,0,,,,,,,,,
1299195,2022,2022-08-25,"The Rose Bowl, Southampton",2,7.1,Southern Brave,Trent Rockets,AL Davies,Q de Kock,SR Patel,1,0,,,,,,,,,
1299195,2022,2022-08-25,"The Rose Bowl, Southampton",2,7.2,Southern Brave,Trent Rockets,Q de Kock,AL Davies,SR Patel,1,0,,,,,,,,,
1299195,2022,2022-08-25,"The Rose Bowl, Southampton",2,7.3,Southern Brave,Trent Rockets,AL Davies,Q de Kock,SR Patel,1,0,,,,,,,,,
1299195,2022,2022-08-25,"The Rose Bowl, Southampton",2,7.4,Southern Brave,Trent Rockets,Q de Kock,AL Davies,SR Patel,6,0,,,,,,,,,
1299195,2022,2022-08-25,"The Rose Bowl, Southampton",2,7.5,Southern Brave,Trent Rockets,Q de Kock,AL Davies,SR Patel,0,0,,,,,,,,,
1299195,2022,2022-08-25,"The Rose Bowl, Southampton",2,8.1,Southern Brave,Trent Rockets,AL Davies,Q de Kock,DR Sams,1,0,,,,,,,,,
1299195,2022,2022-08-25,"The Rose Bowl, Southampton",2,8.2,Southern Brave,Trent Rockets,Q de Kock,AL Davies,DR Sams,0,0,,,,,,,,,
1299195,2022,2022-08-25,"The Rose Bowl, Southampton",2,8.3,Southern Brave,Trent Rockets,Q de Kock,AL Davies,DR Sams,4,0,,,,,,,,,
1299195,2022,2022-08-25,"The Rose Bowl, Southampton",2,8.4,Southern Brave,Trent Rockets,Q de Kock,AL Davies,DR Sams,1,0,,,,,,,,,
1299195,2022,2022-08-25,"The Rose Bowl, Southampton",2,8.5,Southern Brave,Trent Rockets,AL Davies,Q de Kock,DR Sams,2,0,,,,,,,,,
1299195,2022,2022-08-25,"The Rose Bowl, Southampton",2,9.1,Southern Brave,Trent Rockets,AL Davies,Q de Kock,T Shamsi,0,0,,,,,,,,,
1299195,2022,2022-08-25,"The Rose Bowl, Southampton",2,9.2,Southern Brave,Trent Rockets,AL Davies,Q de Kock,T Shamsi,2,0,,,,,,,,,
1299195,2022,2022-08-25,"The Rose Bowl, Southampton",2,9.3,Southern Brave,Trent Rockets,AL Davies,Q de Kock,T Shamsi,0,0,,,,,,,,,
1299195,2022,2022-08-25,"The Rose Bowl, Southampton",2,9.4,Southern Brave,Trent Rockets,AL Davies,Q de Kock,T Shamsi,0,0,,,,,,,,,
1299195,2022,2022-08-25,"The Rose Bowl, Southampton",2,9.5,Southern Brave,Trent Rockets,AL Davies,Q de Kock,T Shamsi,0,0,,,,,,,,,
1299195,2022,2022-08-25,"The Rose Bowl, Southampton",2,10.1,Southern Brave,Trent Rockets,Q de Kock,AL Davies,L Gregory,0,0,,,,,,caught,Q de Kock,,
1299195,2022,2022-08-25,"The Rose Bowl, Southampton",2,10.2,Southern Brave,Trent Rockets,RA Whiteley,AL Davies,L Gregory,0,1,,,,1,,,,,
1299195,2022,2022-08-25,"The Rose Bowl, Southampton",2,10.3,Southern Brave,Trent Rockets,AL Davies,RA Whiteley,L Gregory,0,0,,,,,,,,,
1299195,2022,2022-08-25,"The Rose Bowl, Southampton",2,10.4,Southern Brave,Trent Rockets,AL Davies,RA Whiteley,L Gregory,1,0,,,,,,,,,
1299195,2022,2022-08-25,"The Rose Bowl, Southampton",2,10.5,Southern Brave,Trent Rockets,RA Whiteley,AL Davies,L Gregory,2,0,,,,,,,,,
1299195,2022,2022-08-25,"The Rose Bowl, Southampton",2,11.1,Southern Brave,Trent Rockets,RA Whiteley,AL Davies,T Shamsi,1,0,,,,,,,,,
1299195,2022,2022-08-25,"The Rose Bowl, Southampton",2,11.2,Southern Brave,Trent Rockets,AL Davies,RA Whiteley,T Shamsi,1,0,,,,,,,,,
1299195,2022,2022-08-25,"The Rose Bowl, Southampton",2,11.3,Southern Brave,Trent Rockets,RA Whiteley,AL Davies,T Shamsi,0,0,,,,,,,,,
1299195,2022,2022-08-25,"The Rose Bowl, Southampton",2,11.4,Southern Brave,Trent Rockets,RA Whiteley,AL Davies,T Shamsi,1,0,,,,,,,,,
1299195,2022,2022-08-25,"The Rose Bowl, Southampton",2,11.5,Southern Brave,Trent Rockets,AL Davies,RA Whiteley,T Shamsi,1,0,,,,,,,,,
1299195,2022,2022-08-25,"The Rose Bowl, Southampton",2,12.1,Southern Brave,Trent Rockets,AL Davies,RA Whiteley,L Wood,1,0,,,,,,,,,
1299195,2022,2022-08-25,"The Rose Bowl, Southampton",2,12.2,Southern Brave,Trent Rockets,RA Whiteley,AL Davies,L Wood,1,0,,,,,,,,,
1299195,2022,2022-08-25,"The Rose Bowl, Southampton",2,12.3,Southern Brave,Trent Rockets,AL Davies,RA Whiteley,L Wood,1,0,,,,,,,,,
1299195,2022,2022-08-25,"The Rose Bowl, Southampton",2,12.4,Southern Brave,Trent Rockets,RA Whiteley,AL Davies,L Wood,1,0,,,,,,,,,
1299195,2022,2022-08-25,"The Rose Bowl, Southampton",2,12.5,Southern Brave,Trent Rockets,AL Davies,RA Whiteley,L Wood,4,0,,,,,,,,,
1299195,2022,2022-08-25,"The Rose Bowl, Southampton",2,13.1,Southern Brave,Trent Rockets,AL Davies,RA Whiteley,L Gregory,1,0,,,,,,,,,
1299195,2022,2022-08-25,"The Rose Bowl, Southampton",2,13.2,Southern Brave,Trent Rockets,RA Whiteley,AL Davies,L Gregory,0,1,,,,1,,,,,
1299195,2022,2022-08-25,"The Rose Bowl, Southampton",2,13.3,Southern Brave,Trent Rockets,AL Davies,RA Whiteley,L Gregory,1,0,,,,,,,,,
1299195,2022,2022-08-25,"The Rose Bowl, Southampton",2,13.4,Southern Brave,Trent Rockets,RA Whiteley,AL Davies,L Gregory,1,0,,,,,,,,,
1299195,2022,2022-08-25,"The Rose Bowl, Southampton",2,13.5,Southern Brave,Trent Rockets,AL Davies,RA Whiteley,L Gregory,1,0,,,,,,,,,
1299195,2022,2022-08-25,"The Rose Bowl, Southampton",2,14.1,Southern Brave,Trent Rockets,AL Davies,RA Whiteley,SJ Cook,1,0,,,,,,,,,
1299195,2022,2022-08-25,"The Rose Bowl, Southampton",2,14.2,Southern Brave,Trent Rockets,RA Whiteley,AL Davies,SJ Cook,1,0,,,,,,,,,
1299195,2022,2022-08-25,"The Rose Bowl, Southampton",2,14.3,Southern Brave,Trent Rockets,AL Davies,RA Whiteley,SJ Cook,2,2,,2,,,,,,,
1299195,2022,2022-08-25,"The Rose Bowl, Southampton",2,14.4,Southern Brave,Trent Rockets,AL Davies,RA Whiteley,SJ Cook,1,0,,,,,,,,,
1299195,2022,2022-08-25,"The Rose Bowl, Southampton",2,14.5,Southern Brave,Trent Rockets,RA Whiteley,AL Davies,SJ Cook,0,0,,,,,,,,,
1299195,2022,2022-08-25,"The Rose Bowl, Southampton",2,14.6,Southern Brave,Trent Rockets,RA Whiteley,AL Davies,SJ Cook,4,0,,,,,,,,,
1299195,2022,2022-08-25,"The Rose Bowl, Southampton",2,15.1,Southern Brave,Trent Rockets,RA Whiteley,AL Davies,DR Sams,2,0,,,,,,,,,
1299195,2022,2022-08-25,"The Rose Bowl, Southampton",2,15.2,Southern Brave,Trent Rockets,RA Whiteley,AL Davies,DR Sams,0,2,,2,,,,,,,
1299195,2022,2022-08-25,"The Rose Bowl, Southampton",2,15.3,Southern Brave,Trent Rockets,RA Whiteley,AL Davies,DR Sams,6,0,,,,,,,,,
1299195,2022,2022-08-25,"The Rose Bowl, Southampton",2,15.4,Southern Brave,Trent Rockets,RA Whiteley,AL Davies,DR Sams,0,1,1,,,,,,,,
1299195,2022,2022-08-25,"The Rose Bowl, Southampton",2,15.5,Southern Brave,Trent Rockets,RA Whiteley,AL Davies,DR Sams,1,0,,,,,,,,,
1299195,2022,2022-08-25,"The Rose Bowl, Southampton",2,15.6,Southern Brave,Trent Rockets,AL Davies,RA Whiteley,DR Sams,2,0,,,,,,,,,
1299195,2022,2022-08-25,"The Rose Bowl, Southampton",2,15.7,Southern Brave,Trent Rockets,AL Davies,RA Whiteley,DR Sams,2,2,,2,,,,,,,
1299195,2022,2022-08-25,"The Rose Bowl, Southampton",2,15.8,Southern Brave,Trent Rockets,AL Davies,RA Whiteley,DR Sams,1,0,,,,,,,,,
1299195,2022,2022-08-25,"The Rose Bowl, Southampton",2,16.1,Southern Brave,Trent Rockets,AL Davies,RA Whiteley,T Shamsi,6,0,,,,,,,,,
1299195,2022,2022-08-25,"The Rose Bowl, Southampton",2,16.2,Southern Brave,Trent Rockets,AL Davies,RA Whiteley,T Shamsi,1,0,,,,,,,,,
1299195,2022,2022-08-25,"The Rose Bowl, Southampton",2,16.3,Southern Brave,Trent Rockets,RA Whiteley,AL Davies,T Shamsi,0,1,1,,,,,,,,
1299195,2022,2022-08-25,"The Rose Bowl, Southampton",2,16.4,Southern Brave,Trent Rockets,RA Whiteley,AL Davies,T Shamsi,2,0,,,,,,,,,
1299195,2022,2022-08-25,"The Rose Bowl, Southampton",2,16.5,Southern Brave,Trent Rockets,RA Whiteley,AL Davies,T Shamsi,1,0,,,,,,,,,
1299195,2022,2022-08-25,"The Rose Bowl, Southampton",2,16.6,Southern Brave,Trent Rockets,AL Davies,RA Whiteley,T Shamsi,2,0,,,,,,,,,
1299195,2022,2022-08-25,"The Rose Bowl, Southampton",2,17.1,Southern Brave,Trent Rockets,AL Davies,RA Whiteley,SJ Cook,1,0,,,,,,,,,
1299195,2022,2022-08-25,"The Rose Bowl, Southampton",2,17.2,Southern Brave,Trent Rockets,RA Whiteley,AL Davies,SJ Cook,4,0,,,,,,,,,
1299195,2022,2022-08-25,"The Rose Bowl, Southampton",2,17.3,Southern Brave,Trent Rockets,RA Whiteley,AL Davies,SJ Cook,2,0,,,,,,,,,
1299195,2022,2022-08-25,"The Rose Bowl, Southampton",2,17.4,Southern Brave,Trent Rockets,RA Whiteley,AL Davies,SJ Cook,0,0,,,,,,caught,RA Whiteley,,
1299195,2022,2022-08-25,"The Rose Bowl, Southampton",2,17.5,Southern Brave,Trent Rockets,TH David,AL Davies,SJ Cook,1,0,,,,,,,,,
1299195,2022,2022-08-25,"The Rose Bowl, Southampton",2,18.1,Southern Brave,Trent Rockets,TH David,AL Davies,L Wood,0,0,,,,,,,,,
1299195,2022,2022-08-25,"The Rose Bowl, Southampton",2,18.2,Southern Brave,Trent Rockets,TH David,AL Davies,L Wood,6,0,,,,,,,,,
1299195,2022,2022-08-25,"The Rose Bowl, Southampton",2,18.3,Southern Brave,Trent Rockets,TH David,AL Davies,L Wood,6,0,,,,,,,,,
1299195,2022,2022-08-25,"The Rose Bowl, Southampton",2,18.4,Southern Brave,Trent Rockets,TH David,AL Davies,L Wood,2,0,,,,,,,,,
1299195,2022,2022-08-25,"The Rose Bowl, Southampton",2,18.5,Southern Brave,Trent Rockets,TH David,AL Davies,L Wood,4,0,,,,,,,,,
