match_id,season,start_date,venue,innings,ball,batting_team,bowling_team,striker,non_striker,bowler,runs_off_bat,extras,wides,noballs,byes,legbyes,penalty,wicket_type,player_dismissed,other_wicket_type,other_player_dismissed
1299184,2022,2022-08-14,"Kennington Oval, London",1,0.1,Southern Brave,Oval Invincibles,Q de Kock,JM Vince,RJW Topley,0,1,1,,,,,,,,
1299184,2022,2022-08-14,"Kennington Oval, London",1,0.2,Southern Brave,Oval Invincibles,Q de Kock,JM Vince,RJW Topley,0,0,,,,,,,,,
1299184,2022,2022-08-14,"Kennington Oval, London",1,0.3,Southern Brave,Oval Invincibles,Q de Kock,JM Vince,RJW Topley,0,0,,,,,,,,,
1299184,2022,2022-08-14,"Kennington Oval, London",1,0.4,Southern Brave,Oval Invincibles,Q de Kock,JM Vince,RJW Topley,0,0,,,,,,,,,
1299184,2022,2022-08-14,"Kennington Oval, London",1,0.5,Southern Brave,Oval Invincibles,Q de Kock,JM Vince,RJW Topley,0,0,,,,,,,,,
1299184,2022,2022-08-14,"Kennington Oval, London",1,0.6,Southern Brave,Oval Invincibles,Q de Kock,JM Vince,RJW Topley,4,0,,,,,,,,,
1299184,2022,2022-08-14,"Kennington Oval, London",1,1.1,Southern Brave,Oval Invincibles,Q de Kock,JM Vince,RJW Topley,0,0,,,,,,,,,
1299184,2022,2022-08-14,"Kennington Oval, London",1,1.2,Southern Brave,Oval Invincibles,Q de Kock,JM Vince,RJW Topley,0,0,,,,,,,,,
1299184,2022,2022-08-14,"Kennington Oval, London",1,1.3,Southern Brave,Oval Invincibles,Q de Kock,JM Vince,RJW Topley,4,0,,,,,,,,,
1299184,2022,2022-08-14,"Kennington Oval, London",1,1.4,Southern Brave,Oval Invincibles,Q de Kock,JM Vince,RJW Topley,0,0,,,,,,caught,Q de Kock,,
1299184,2022,2022-08-14,"Kennington Oval, London",1,1.5,Southern Brave,Oval Invincibles,AL Davies,JM Vince,RJW Topley,0,0,,,,,,,,,
1299184,2022,2022-08-14,"Kennington Oval, London",1,2.1,Southern Brave,Oval Invincibles,JM Vince,AL Davies,SM Curran,0,0,,,,,,,,,
1299184,2022,2022-08-14,"Kennington Oval, London",1,2.2,Southern Brave,Oval Invincibles,JM Vince,AL Davies,SM Curran,0,0,,,,,,,,,
1299184,2022,2022-08-14,"Kennington Oval, London",1,2.3,Southern Brave,Oval Invincibles,JM Vince,AL Davies,SM Curran,0,0,,,,,,,,,
1299184,2022,2022-08-14,"Kennington Oval, London",1,2.4,Southern Brave,Oval Invincibles,JM Vince,AL Davies,SM Curran,1,0,,,,,,,,,
1299184,2022,2022-08-14,"Kennington Oval, London",1,2.5,Southern Brave,Oval Invincibles,AL Davies,JM Vince,SM Curran,0,0,,,,,,,,,
1299184,2022,2022-08-14,"Kennington Oval, London",1,3.1,Southern Brave,Oval Invincibles,AL Davies,JM Vince,RJW Topley,0,0,,,,,,,,,
1299184,2022,2022-08-14,"Kennington Oval, London",1,3.2,Southern Brave,Oval Invincibles,AL Davies,JM Vince,RJW Topley,4,0,,,,,,,,,
1299184,2022,2022-08-14,"Kennington Oval, London",1,3.3,Southern Brave,Oval Invincibles,AL Davies,JM Vince,RJW Topley,0,0,,,,,,bowled,AL Davies,,
1299184,2022,2022-08-14,"Kennington Oval, London",1,3.4,Southern Brave,Oval Invincibles,MP Stoinis,JM Vince,RJW Topley,2,0,,,,,,,,,
1299184,2022,2022-08-14,"Kennington Oval, London",1,3.5,Southern Brave,Oval Invincibles,MP Stoinis,JM Vince,RJW Topley,2,0,,,,,,,,,
1299184,2022,2022-08-14,"Kennington Oval, London",1,4.1,Southern Brave,Oval Invincibles,JM Vince,MP Stoinis,TK Curran,0,1,,,,1,,,,,
1299184,2022,2022-08-14,"Kennington Oval, London",1,4.2,Southern Brave,Oval Invincibles,MP Stoinis,JM Vince,TK Curran,0,0,,,,,,,,,
1299184,2022,2022-08-14,"Kennington Oval, London",1,4.3,Southern Brave,Oval Invincibles,MP Stoinis,JM Vince,TK Curran,0,0,,,,,,,,,
1299184,2022,2022-08-14,"Kennington Oval, London",1,4.4,Southern Brave,Oval Invincibles,MP Stoinis,JM Vince,TK Curran,1,0,,,,,,,,,
1299184,2022,2022-08-14,"Kennington Oval, London",1,4.5,Southern Brave,Oval Invincibles,JM Vince,MP Stoinis,TK Curran,0,2,,2,,,,,,,
1299184,2022,2022-08-14,"Kennington Oval, London",1,4.6,Southern Brave,Oval Invincibles,JM Vince,MP Stoinis,TK Curran,0,0,,,,,,,,,
1299184,2022,2022-08-14,"Kennington Oval, London",1,5.1,Southern Brave,Oval Invincibles,JM Vince,MP Stoinis,Mohammad Hasnain,4,0,,,,,,,,,
1299184,2022,2022-08-14,"Kennington Oval, London",1,5.2,Southern Brave,Oval Invincibles,JM Vince,MP Stoinis,Mohammad Hasnain,1,0,,,,,,,,,
1299184,2022,2022-08-14,"Kennington Oval, London",1,5.3,Southern Brave,Oval Invincibles,MP Stoinis,JM Vince,Mohammad Hasnain,0,0,,,,,,,,,
1299184,2022,2022-08-14,"Kennington Oval, London",1,5.4,Southern Brave,Oval Invincibles,MP Stoinis,JM Vince,Mohammad Hasnain,1,0,,,,,,,,,
1299184,2022,2022-08-14,"Kennington Oval, London",1,5.5,Southern Brave,Oval Invincibles,JM Vince,MP Stoinis,Mohammad Hasnain,1,0,,,,,,,,,
1299184,2022,2022-08-14,"Kennington Oval, London",1,6.1,Southern Brave,Oval Invincibles,JM Vince,MP Stoinis,SP Narine,1,0,,,,,,,,,
1299184,2022,2022-08-14,"Kennington Oval, London",1,6.2,Southern Brave,Oval Invincibles,MP Stoinis,JM Vince,SP Narine,0,0,,,,,,,,,
1299184,2022,2022-08-14,"Kennington Oval, London",1,6.3,Southern Brave,Oval Invincibles,MP Stoinis,JM Vince,SP Narine,2,0,,,,,,,,,
1299184,2022,2022-08-14,"Kennington Oval, London",1,6.4,Southern Brave,Oval Invincibles,MP Stoinis,JM Vince,SP Narine,1,0,,,,,,,,,
1299184,2022,2022-08-14,"Kennington Oval, London",1,6.5,Southern Brave,Oval Invincibles,JM Vince,MP Stoinis,SP Narine,0,1,,,,1,,,,,
1299184,2022,2022-08-14,"Kennington Oval, London",1,7.1,Southern Brave,Oval Invincibles,MP Stoinis,JM Vince,DR Briggs,4,0,,,,,,,,,
1299184,2022,2022-08-14,"Kennington Oval, London",1,7.2,Southern Brave,Oval Invincibles,MP Stoinis,JM Vince,DR Briggs,1,0,,,,,,,,,
1299184,2022,2022-08-14,"Kennington Oval, London",1,7.3,Southern Brave,Oval Invincibles,JM Vince,MP Stoinis,DR Briggs,1,0,,,,,,,,,
1299184,2022,2022-08-14,"Kennington Oval, London",1,7.4,Southern Brave,Oval Invincibles,MP Stoinis,JM Vince,DR Briggs,4,0,,,,,,,,,
1299184,2022,2022-08-14,"Kennington Oval, London",1,7.5,Southern Brave,Oval Invincibles,MP Stoinis,JM Vince,DR Briggs,1,0,,,,,,,,,
1299184,2022,2022-08-14,"Kennington Oval, London",1,8.1,Southern Brave,Oval Invincibles,MP Stoinis,JM Vince,SM Curran,6,0,,,,,,,,,
1299184,2022,2022-08-14,"Kennington Oval, London",1,8.2,Southern Brave,Oval Invincibles,MP Stoinis,JM Vince,SM Curran,0,0,,,,,,,,,
1299184,2022,2022-08-14,"Kennington Oval, London",1,8.3,Southern Brave,Oval Invincibles,MP Stoinis,JM Vince,SM Curran,1,0,,,,,,,,,
1299184,2022,2022-08-14,"Kennington Oval, London",1,8.4,Southern Brave,Oval Invincibles,JM Vince,MP Stoinis,SM Curran,1,0,,,,,,,,,
1299184,2022,2022-08-14,"Kennington Oval, London",1,8.5,Southern Brave,Oval Invincibles,MP Stoinis,JM Vince,SM Curran,6,0,,,,,,,,,
1299184,2022,2022-08-14,"Kennington Oval, London",1,9.1,Southern Brave,Oval Invincibles,MP Stoinis,JM Vince,TK Curran,0,0,,,,,,,,,
1299184,2022,2022-08-14,"Kennington Oval, London",1,9.2,Southern Brave,Oval Invincibles,MP Stoinis,JM Vince,TK Curran,1,0,,,,,,,,,
1299184,2022,2022-08-14,"Kennington Oval, London",1,9.3,Southern Brave,Oval Invincibles,JM Vince,MP Stoinis,TK Curran,1,0,,,,,,,,,
1299184,2022,2022-08-14,"Kennington Oval, London",1,9.4,Southern Brave,Oval Invincibles,MP Stoinis,JM Vince,TK Curran,1,0,,,,,,,,,
1299184,2022,2022-08-14,"Kennington Oval, London",1,9.5,Southern Brave,Oval Invincibles,JM Vince,MP Stoinis,TK Curran,1,0,,,,,,,,,
1299184,2022,2022-08-14,"Kennington Oval, London",1,10.1,Southern Brave,Oval Invincibles,JM Vince,MP Stoinis,SP Narine,1,0,,,,,,,,,
1299184,2022,2022-08-14,"Kennington Oval, London",1,10.2,Southern Brave,Oval Invincibles,MP Stoinis,JM Vince,SP Narine,1,0,,,,,,,,,
1299184,2022,2022-08-14,"Kennington Oval, London",1,10.3,Southern Brave,Oval Invincibles,JM Vince,MP Stoinis,SP Narine,1,0,,,,,,,,,
1299184,2022,2022-08-14,"Kennington Oval, London",1,10.4,Southern Brave,Oval Invincibles,MP Stoinis,JM Vince,SP Narine,0,0,,,,,,,,,
1299184,2022,2022-08-14,"Kennington Oval, London",1,10.5,Southern Brave,Oval Invincibles,MP Stoinis,JM Vince,SP Narine,0,0,,,,,,,,,
1299184,2022,2022-08-14,"Kennington Oval, London",1,11.1,Southern Brave,Oval Invincibles,MP Stoinis,JM Vince,SP Narine,1,0,,,,,,,,,
1299184,2022,2022-08-14,"Kennington Oval, London",1,11.2,Southern Brave,Oval Invincibles,JM Vince,MP Stoinis,SP Narine,0,0,,,,,,,,,
1299184,2022,2022-08-14,"Kennington Oval, London",1,11.3,Southern Brave,Oval Invincibles,JM Vince,MP Stoinis,SP Narine,0,0,,,,,,,,,
1299184,2022,2022-08-14,"Kennington Oval, London",1,11.4,Southern Brave,Oval Invincibles,JM Vince,MP Stoinis,SP Narine,1,0,,,,,,,,,
1299184,2022,2022-08-14,"Kennington Oval, London",1,11.5,Southern Brave,Oval Invincibles,MP Stoinis,JM Vince,SP Narine,1,0,,,,,,,,,
1299184,2022,2022-08-14,"Kennington Oval, London",1,12.1,Southern Brave,Oval Invincibles,MP Stoinis,JM Vince,Mohammad Hasnain,0,0,,,,,,caught,MP Stoinis,,
1299184,2022,2022-08-14,"Kennington Oval, London",1,12.2,Southern Brave,Oval Invincibles,TH David,JM Vince,Mohammad Hasnain,0,2,,2,,,,,,,
1299184,2022,2022-08-14,"Kennington Oval, London",1,12.3,Southern Brave,Oval Invincibles,TH David,JM Vince,Mohammad Hasnain,0,0,,,,,,,,,
1299184,2022,2022-08-14,"Kennington Oval, London",1,12.4,Southern Brave,Oval Invincibles,TH David,JM Vince,Mohammad Hasnain,2,0,,,,,,,,,
1299184,2022,2022-08-14,"Kennington Oval, London",1,12.5,Southern Brave,Oval Invincibles,TH David,JM Vince,Mohammad Hasnain,4,0,,,,,,,,,
1299184,2022,2022-08-14,"Kennington Oval, London",1,12.6,Southern Brave,Oval Invincibles,TH David,JM Vince,Mohammad Hasnain,4,0,,,,,,,,,
1299184,2022,2022-08-14,"Kennington Oval, London",1,13.1,Southern Brave,Oval Invincibles,TH David,JM Vince,SM Curran,1,0,,,,,,,,,
1299184,2022,2022-08-14,"Kennington Oval, London",1,13.2,Southern Brave,Oval Invincibles,JM Vince,TH David,SM Curran,0,0,,,,,,caught,JM Vince,,
1299184,2022,2022-08-14,"Kennington Oval, London",1,13.3,Southern Brave,Oval Invincibles,RA Whiteley,TH David,SM Curran,0,6,,2,4,,,,,,
1299184,2022,2022-08-14,"Kennington Oval, London",1,13.4,Southern Brave,Oval Invincibles,RA Whiteley,TH David,SM Curran,0,0,,,,,,,,,
1299184,2022,2022-08-14,"Kennington Oval, London",1,13.5,Southern Brave,Oval Invincibles,RA Whiteley,TH David,SM Curran,0,2,,,,2,,,,,
1299184,2022,2022-08-14,"Kennington Oval, London",1,13.6,Southern Brave,Oval Invincibles,RA Whiteley,TH David,SM Curran,0,0,,,,,,,,,
1299184,2022,2022-08-14,"Kennington Oval, London",1,14.1,Southern Brave,Oval Invincibles,TH David,RA Whiteley,SP Narine,0,0,,,,,,,,,
1299184,2022,2022-08-14,"Kennington Oval, London",1,14.2,Southern Brave,Oval Invincibles,TH David,RA Whiteley,SP Narine,0,0,,,,,,,,,
1299184,2022,2022-08-14,"Kennington Oval, London",1,14.3,Southern Brave,Oval Invincibles,TH David,RA Whiteley,SP Narine,1,0,,,,,,,,,
1299184,2022,2022-08-14,"Kennington Oval, London",1,14.4,Southern Brave,Oval Invincibles,RA Whiteley,TH David,SP Narine,4,0,,,,,,,,,
1299184,2022,2022-08-14,"Kennington Oval, London",1,14.5,Southern Brave,Oval Invincibles,RA Whiteley,TH David,SP Narine,4,0,,,,,,,,,
1299184,2022,2022-08-14,"Kennington Oval, London",1,15.1,Southern Brave,Oval Invincibles,RA Whiteley,TH David,Mohammad Hasnain,1,0,,,,,,,,,
1299184,2022,2022-08-14,"Kennington Oval, London",1,15.2,Southern Brave,Oval Invincibles,TH David,RA Whiteley,Mohammad Hasnain,2,0,,,,,,,,,
1299184,2022,2022-08-14,"Kennington Oval, London",1,15.3,Southern Brave,Oval Invincibles,TH David,RA Whiteley,Mohammad Hasnain,0,0,,,,,,,,,
1299184,2022,2022-08-14,"Kennington Oval, London",1,15.4,Southern Brave,Oval Invincibles,TH David,RA Whiteley,Mohammad Hasnain,4,0,,,,,,,,,
1299184,2022,2022-08-14,"Kennington Oval, London",1,15.5,Southern Brave,Oval Invincibles,TH David,RA Whiteley,Mohammad Hasnain,1,0,,,,,,,,,
1299184,2022,2022-08-14,"Kennington Oval, London",1,16.1,Southern Brave,Oval Invincibles,TH David,RA Whiteley,TK Curran,1,0,,,,,,,,,
1299184,2022,2022-08-14,"Kennington Oval, London",1,16.2,Southern Brave,Oval Invincibles,RA Whiteley,TH David,TK Curran,1,0,,,,,,,,,
1299184,2022,2022-08-14,"Kennington Oval, London",1,16.3,Southern Brave,Oval Invincibles,TH David,RA Whiteley,TK Curran,1,0,,,,,,,,,
1299184,2022,2022-08-14,"Kennington Oval, London",1,16.4,Southern Brave,Oval Invincibles,RA Whiteley,TH David,TK Curran,0,0,,,,,,,,,
1299184,2022,2022-08-14,"Kennington Oval, London",1,16.5,Southern Brave,Oval Invincibles,RA Whiteley,TH David,TK Curran,2,0,,,,,,,,,
1299184,2022,2022-08-14,"Kennington Oval, London",1,17.1,Southern Brave,Oval Invincibles,RA Whiteley,TH David,RJW Topley,2,0,,,,,,,,,
1299184,2022,2022-08-14,"Kennington Oval, London",1,17.2,Southern Brave,Oval Invincibles,RA Whiteley,TH David,RJW Topley,0,1,,,,1,,,,,
1299184,2022,2022-08-14,"Kennington Oval, London",1,17.3,Southern Brave,Oval Invincibles,TH David,RA Whiteley,RJW Topley,1,0,,,,,,,,,
1299184,2022,2022-08-14,"Kennington Oval, London",1,17.4,Southern Brave,Oval Invincibles,RA Whiteley,TH David,RJW Topley,0,1,1,,,,,,,,
1299184,2022,2022-08-14,"Kennington Oval, London",1,17.5,Southern Brave,Oval Invincibles,RA Whiteley,TH David,RJW Topley,0,2,,2,,,,,,,
1299184,2022,2022-08-14,"Kennington Oval, London",1,17.6,Southern Brave,Oval Invincibles,RA Whiteley,TH David,RJW Topley,1,0,,,,,,,,,
1299184,2022,2022-08-14,"Kennington Oval, London",1,17.7,Southern Brave,Oval Invincibles,TH David,RA Whiteley,RJW Topley,0,0,,,,,,caught,TH David,,
1299184,2022,2022-08-14,"Kennington Oval, London",1,18.1,Southern Brave,Oval Invincibles,RA Whiteley,JK Fuller,SM Curran,1,0,,,,,,,,,
1299184,2022,2022-08-14,"Kennington Oval, London",1,18.2,Southern Brave,Oval Invincibles,JK Fuller,RA Whiteley,SM Curran,0,1,,,,1,,,,,
1299184,2022,2022-08-14,"Kennington Oval, London",1,18.3,Southern Brave,Oval Invincibles,RA Whiteley,JK Fuller,SM Curran,1,0,,,,,,,,,
1299184,2022,2022-08-14,"Kennington Oval, London",1,18.4,Southern Brave,Oval Invincibles,JK Fuller,RA Whiteley,SM Curran,4,0,,,,,,,,,
1299184,2022,2022-08-14,"Kennington Oval, London",1,18.5,Southern Brave,Oval Invincibles,JK Fuller,RA Whiteley,SM Curran,4,0,,,,,,,,,
1299184,2022,2022-08-14,"Kennington Oval, London",1,19.1,Southern Brave,Oval Invincibles,JK Fuller,RA Whiteley,TK Curran,2,0,,,,,,,,,
1299184,2022,2022-08-14,"Kennington Oval, London",1,19.2,Southern Brave,Oval Invincibles,JK Fuller,RA Whiteley,TK Curran,1,0,,,,,,,,,
1299184,2022,2022-08-14,"Kennington Oval, London",1,19.3,Southern Brave,Oval Invincibles,RA Whiteley,JK Fuller,TK Curran,1,0,,,,,,,,,
1299184,2022,2022-08-14,"Kennington Oval, London",1,19.4,Southern Brave,Oval Invincibles,JK Fuller,RA Whiteley,TK Curran,0,0,,,,,,run out,RA Whiteley,,
1299184,2022,2022-08-14,"Kennington Oval, London",1,19.5,Southern Brave,Oval Invincibles,GHS Garton,JK Fuller,TK Curran,0,2,,,2,,,,,,
1299184,2022,2022-08-14,"Kennington Oval, London",2,0.1,Oval Invincibles,Southern Brave,JJ Roy,WG Jacks,GHS Garton,0,1,1,,,,,,,,
1299184,2022,2022-08-14,"Kennington Oval, London",2,0.2,Oval Invincibles,Southern Brave,JJ Roy,WG Jacks,GHS Garton,0,0,,,,,,,,,
1299184,2022,2022-08-14,"Kennington Oval, London",2,0.3,Oval Invincibles,Southern Brave,JJ Roy,WG Jacks,GHS Garton,0,0,,,,,,bowled,JJ Roy,,
1299184,2022,2022-08-14,"Kennington Oval, London",2,0.4,Oval Invincibles,Southern Brave,RR Rossouw,WG Jacks,GHS Garton,1,0,,,,,,,,,
1299184,2022,2022-08-14,"Kennington Oval, London",2,0.5,Oval Invincibles,Southern Brave,WG Jacks,RR Rossouw,GHS Garton,4,0,,,,,,,,,
1299184,2022,2022-08-14,"Kennington Oval, London",2,0.6,Oval Invincibles,Southern Brave,WG Jacks,RR Rossouw,GHS Garton,0,0,,,,,,,,,
1299184,2022,2022-08-14,"Kennington Oval, London",2,1.1,Oval Invincibles,Southern Brave,WG Jacks,RR Rossouw,MG Hogan,1,0,,,,,,,,,
1299184,2022,2022-08-14,"Kennington Oval, London",2,1.2,Oval Invincibles,Southern Brave,RR Rossouw,WG Jacks,MG Hogan,0,0,,,,,,,,,
1299184,2022,2022-08-14,"Kennington Oval, London",2,1.3,Oval Invincibles,Southern Brave,RR Rossouw,WG Jacks,MG Hogan,0,0,,,,,,,,,
1299184,2022,2022-08-14,"Kennington Oval, London",2,1.4,Oval Invincibles,Southern Brave,RR Rossouw,WG Jacks,MG Hogan,0,0,,,,,,,,,
1299184,2022,2022-08-14,"Kennington Oval, London",2,1.5,Oval Invincibles,Southern Brave,RR Rossouw,WG Jacks,MG Hogan,6,0,,,,,,,,,
1299184,2022,2022-08-14,"Kennington Oval, London",2,2.1,Oval Invincibles,Southern Brave,WG Jacks,RR Rossouw,GHS Garton,0,0,,,,,,,,,
1299184,2022,2022-08-14,"Kennington Oval, London",2,2.2,Oval Invincibles,Southern Brave,WG Jacks,RR Rossouw,GHS Garton,0,0,,,,,,,,,
1299184,2022,2022-08-14,"Kennington Oval, London",2,2.3,Oval Invincibles,Southern Brave,WG Jacks,RR Rossouw,GHS Garton,0,1,1,,,,,,,,
1299184,2022,2022-08-14,"Kennington Oval, London",2,2.4,Oval Invincibles,Southern Brave,WG Jacks,RR Rossouw,GHS Garton,4,0,,,,,,,,,
1299184,2022,2022-08-14,"Kennington Oval, London",2,2.5,Oval Invincibles,Southern Brave,WG Jacks,RR Rossouw,GHS Garton,6,0,,,,,,,,,
1299184,2022,2022-08-14,"Kennington Oval, London",2,2.6,Oval Invincibles,Southern Brave,WG Jacks,RR Rossouw,GHS Garton,0,0,,,,,,,,,
1299184,2022,2022-08-14,"Kennington Oval, London",2,3.1,Oval Invincibles,Southern Brave,WG Jacks,RR Rossouw,MP Stoinis,0,0,,,,,,,,,
1299184,2022,2022-08-14,"Kennington Oval, London",2,3.2,Oval Invincibles,Southern Brave,WG Jacks,RR Rossouw,MP Stoinis,0,0,,,,,,,,,
1299184,2022,2022-08-14,"Kennington Oval, London",2,3.3,Oval Invincibles,Southern Brave,WG Jacks,RR Rossouw,MP Stoinis,1,0,,,,,,,,,
1299184,2022,2022-08-14,"Kennington Oval, London",2,3.4,Oval Invincibles,Southern Brave,RR Rossouw,WG Jacks,MP Stoinis,0,0,,,,,,,,,
1299184,2022,2022-08-14,"Kennington Oval, London",2,3.5,Oval Invincibles,Southern Brave,RR Rossouw,WG Jacks,MP Stoinis,0,0,,,,,,,,,
1299184,2022,2022-08-14,"Kennington Oval, London",2,4.1,Oval Invincibles,Southern Brave,WG Jacks,RR Rossouw,MG Hogan,0,0,,,,,,,,,
1299184,2022,2022-08-14,"Kennington Oval, London",2,4.2,Oval Invincibles,Southern Brave,WG Jacks,RR Rossouw,MG Hogan,4,0,,,,,,,,,
1299184,2022,2022-08-14,"Kennington Oval, London",2,4.3,Oval Invincibles,Southern Brave,WG Jacks,RR Rossouw,MG Hogan,6,0,,,,,,,,,
1299184,2022,2022-08-14,"Kennington Oval, London",2,4.4,Oval Invincibles,Southern Brave,WG Jacks,RR Rossouw,MG Hogan,0,0,,,,,,,,,
1299184,2022,2022-08-14,"Kennington Oval, London",2,4.5,Oval Invincibles,Southern Brave,WG Jacks,RR Rossouw,MG Hogan,1,0,,,,,,,,,
1299184,2022,2022-08-14,"Kennington Oval, London",2,5.1,Oval Invincibles,Southern Brave,RR Rossouw,WG Jacks,JK Fuller,1,0,,,,,,,,,
1299184,2022,2022-08-14,"Kennington Oval, London",2,5.2,Oval Invincibles,Southern Brave,WG Jacks,RR Rossouw,JK Fuller,0,0,,,,,,,,,
1299184,2022,2022-08-14,"Kennington Oval, London",2,5.3,Oval Invincibles,Southern Brave,WG Jacks,RR Rossouw,JK Fuller,1,0,,,,,,,,,
1299184,2022,2022-08-14,"Kennington Oval, London",2,5.4,Oval Invincibles,Southern Brave,RR Rossouw,WG Jacks,JK Fuller,1,0,,,,,,,,,
1299184,2022,2022-08-14,"Kennington Oval, London",2,5.5,Oval Invincibles,Southern Brave,WG Jacks,RR Rossouw,JK Fuller,4,0,,,,,,,,,
1299184,2022,2022-08-14,"Kennington Oval, London",2,6.1,Oval Invincibles,Southern Brave,RR Rossouw,WG Jacks,MP Stoinis,0,0,,,,,,,,,
1299184,2022,2022-08-14,"Kennington Oval, London",2,6.2,Oval Invincibles,Southern Brave,RR Rossouw,WG Jacks,MP Stoinis,0,1,,,,1,,,,,
1299184,2022,2022-08-14,"Kennington Oval, London",2,6.3,Oval Invincibles,Southern Brave,WG Jacks,RR Rossouw,MP Stoinis,4,0,,,,,,,,,
1299184,2022,2022-08-14,"Kennington Oval, London",2,6.4,Oval Invincibles,Southern Brave,WG Jacks,RR Rossouw,MP Stoinis,2,0,,,,,,,,,
1299184,2022,2022-08-14,"Kennington Oval, London",2,6.5,Oval Invincibles,Southern Brave,WG Jacks,RR Rossouw,MP Stoinis,1,0,,,,,,,,,
1299184,2022,2022-08-14,"Kennington Oval, London",2,7.1,Oval Invincibles,Southern Brave,RR Rossouw,WG Jacks,JK Fuller,1,0,,,,,,,,,
1299184,2022,2022-08-14,"Kennington Oval, London",2,7.2,Oval Invincibles,Southern Brave,WG Jacks,RR Rossouw,JK Fuller,4,0,,,,,,,,,
1299184,2022,2022-08-14,"Kennington Oval, London",2,7.3,Oval Invincibles,Southern Brave,WG Jacks,RR Rossouw,JK Fuller,1,0,,,,,,,,,
1299184,2022,2022-08-14,"Kennington Oval, London",2,7.4,Oval Invincibles,Southern Brave,RR Rossouw,WG Jacks,JK Fuller,0,0,,,,,,run out,RR Rossouw,,
1299184,2022,2022-08-14,"Kennington Oval, London",2,7.5,Oval Invincibles,Southern Brave,WG Jacks,SW Billings,JK Fuller,1,0,,,,,,,,,
1299184,2022,2022-08-14,"Kennington Oval, London",2,8.1,Oval Invincibles,Southern Brave,WG Jacks,SW Billings,Rehan Ahmed,1,0,,,,,,,,,
1299184,2022,2022-08-14,"Kennington Oval, London",2,8.2,Oval Invincibles,Southern Brave,SW Billings,WG Jacks,Rehan Ahmed,1,0,,,,,,,,,
1299184,2022,2022-08-14,"Kennington Oval, London",2,8.3,Oval Invincibles,Southern Brave,WG Jacks,SW Billings,Rehan Ahmed,4,0,,,,,,,,,
1299184,2022,2022-08-14,"Kennington Oval, London",2,8.4,Oval Invincibles,Southern Brave,WG Jacks,SW Billings,Rehan Ahmed,1,0,,,,,,,,,
1299184,2022,2022-08-14,"Kennington Oval, London",2,8.5,Oval Invincibles,Southern Brave,SW Billings,WG Jacks,Rehan Ahmed,1,0,,,,,,,,,
1299184,2022,2022-08-14,"Kennington Oval, London",2,9.1,Oval Invincibles,Southern Brave,WG Jacks,SW Billings,JB Lintott,1,0,,,,,,,,,
1299184,2022,2022-08-14,"Kennington Oval, London",2,9.2,Oval Invincibles,Southern Brave,SW Billings,WG Jacks,JB Lintott,0,0,,,,,,,,,
1299184,2022,2022-08-14,"Kennington Oval, London",2,9.3,Oval Invincibles,Southern Brave,SW Billings,WG Jacks,JB Lintott,4,0,,,,,,,,,
1299184,2022,2022-08-14,"Kennington Oval, London",2,9.4,Oval Invincibles,Southern Brave,SW Billings,WG Jacks,JB Lintott,1,0,,,,,,,,,
1299184,2022,2022-08-14,"Kennington Oval, London",2,9.5,Oval Invincibles,Southern Brave,WG Jacks,SW Billings,JB Lintott,0,0,,,,,,,,,
1299184,2022,2022-08-14,"Kennington Oval, London",2,10.1,Oval Invincibles,Southern Brave,SW Billings,WG Jacks,JK Fuller,1,0,,,,,,,,,
1299184,2022,2022-08-14,"Kennington Oval, London",2,10.2,Oval Invincibles,Southern Brave,WG Jacks,SW Billings,JK Fuller,0,0,,,,,,,,,
1299184,2022,2022-08-14,"Kennington Oval, London",2,10.3,Oval Invincibles,Southern Brave,WG Jacks,SW Billings,JK Fuller,1,0,,,,,,,,,
1299184,2022,2022-08-14,"Kennington Oval, London",2,10.4,Oval Invincibles,Southern Brave,SW Billings,WG Jacks,JK Fuller,0,0,,,,,,,,,
1299184,2022,2022-08-14,"Kennington Oval, London",2,10.5,Oval Invincibles,Southern Brave,SW Billings,WG Jacks,JK Fuller,0,0,,,,,,caught,SW Billings,,
1299184,2022,2022-08-14,"Kennington Oval, London",2,11.1,Oval Invincibles,Southern Brave,SM Curran,WG Jacks,MP Stoinis,1,0,,,,,,,,,
1299184,2022,2022-08-14,"Kennington Oval, London",2,11.2,Oval Invincibles,Southern Brave,WG Jacks,SM Curran,MP Stoinis,4,0,,,,,,,,,
1299184,2022,2022-08-14,"Kennington Oval, London",2,11.3,Oval Invincibles,Southern Brave,WG Jacks,SM Curran,MP Stoinis,2,0,,,,,,,,,
1299184,2022,2022-08-14,"Kennington Oval, London",2,11.4,Oval Invincibles,Southern Brave,WG Jacks,SM Curran,MP Stoinis,6,0,,,,,,,,,
1299184,2022,2022-08-14,"Kennington Oval, London",2,11.5,Oval Invincibles,Southern Brave,WG Jacks,SM Curran,MP Stoinis,6,0,,,,,,,,,
1299184,2022,2022-08-14,"Kennington Oval, London",2,12.1,Oval Invincibles,Southern Brave,SM Curran,WG Jacks,JB Lintott,1,0,,,,,,,,,
1299184,2022,2022-08-14,"Kennington Oval, London",2,12.2,Oval Invincibles,Southern Brave,WG Jacks,SM Curran,JB Lintott,6,0,,,,,,,,,
1299184,2022,2022-08-14,"Kennington Oval, London",2,12.3,Oval Invincibles,Southern Brave,WG Jacks,SM Curran,JB Lintott,4,0,,,,,,,,,
1299184,2022,2022-08-14,"Kennington Oval, London",2,12.4,Oval Invincibles,Southern Brave,WG Jacks,SM Curran,JB Lintott,4,0,,,,,,,,,
1299184,2022,2022-08-14,"Kennington Oval, London",2,12.5,Oval Invincibles,Southern Brave,WG Jacks,SM Curran,JB Lintott,1,0,,,,,,,,,
1299184,2022,2022-08-14,"Kennington Oval, London",2,13.1,Oval Invincibles,Southern Brave,SM Curran,WG Jacks,JK Fuller,0,0,,,,,,,,,
1299184,2022,2022-08-14,"Kennington Oval, London",2,13.2,Oval Invincibles,Southern Brave,SM Curran,WG Jacks,JK Fuller,6,0,,,,,,,,,
1299184,2022,2022-08-14,"Kennington Oval, London",2,13.3,Oval Invincibles,Southern Brave,SM Curran,WG Jacks,JK Fuller,0,0,,,,,,,,,
1299184,2022,2022-08-14,"Kennington Oval, London",2,13.4,Oval Invincibles,Southern Brave,SM Curran,WG Jacks,JK Fuller,0,0,,,,,,,,,
1299184,2022,2022-08-14,"Kennington Oval, London",2,13.5,Oval Invincibles,Southern Brave,SM Curran,WG Jacks,JK Fuller,0,0,,,,,,,,,
1299184,2022,2022-08-14,"Kennington Oval, London",2,14.1,Oval Invincibles,Southern Brave,WG Jacks,SM Curran,GHS Garton,0,0,,,,,,,,,
1299184,2022,2022-08-14,"Kennington Oval, London",2,14.2,Oval Invincibles,Southern Brave,WG Jacks,SM Curran,GHS Garton,6,0,,,,,,,,,
1299184,2022,2022-08-14,"Kennington Oval, London",2,14.3,Oval Invincibles,Southern Brave,WG Jacks,SM Curran,GHS Garton,1,0,,,,,,,,,
1299184,2022,2022-08-14,"Kennington Oval, London",2,14.4,Oval Invincibles,Southern Brave,SM Curran,WG Jacks,GHS Garton,1,0,,,,,,,,,
1299184,2022,2022-08-14,"Kennington Oval, London",2,14.5,Oval Invincibles,Southern Brave,WG Jacks,SM Curran,GHS Garton,1,0,,,,,,,,,
1299184,2022,2022-08-14,"Kennington Oval, London",2,15.1,Oval Invincibles,Southern Brave,SM Curran,WG Jacks,MG Hogan,0,0,,,,,,,,,
1299184,2022,2022-08-14,"Kennington Oval, London",2,15.2,Oval Invincibles,Southern Brave,SM Curran,WG Jacks,MG Hogan,1,0,,,,,,,,,
1299184,2022,2022-08-14,"Kennington Oval, London",2,15.3,Oval Invincibles,Southern Brave,WG Jacks,SM Curran,MG Hogan,1,0,,,,,,,,,
1299184,2022,2022-08-14,"Kennington Oval, London",2,15.4,Oval Invincibles,Southern Brave,SM Curran,WG Jacks,MG Hogan,0,2,,2,,,,,,,
1299184,2022,2022-08-14,"Kennington Oval, London",2,15.5,Oval Invincibles,Southern Brave,SM Curran,WG Jacks,MG Hogan,1,0,,,,,,,,,
1299184,2022,2022-08-14,"Kennington Oval, London",2,15.6,Oval Invincibles,Southern Brave,WG Jacks,SM Curran,MG Hogan,1,0,,,,,,,,,
1299184,2022,2022-08-14,"Kennington Oval, London",2,16.1,Oval Invincibles,Southern Brave,WG Jacks,SM Curran,Rehan Ahmed,6,0,,,,,,,,,
1299184,2022,2022-08-14,"Kennington Oval, London",2,16.2,Oval Invincibles,Southern Brave,WG Jacks,SM Curran,Rehan Ahmed,6,0,,,,,,,,,
