match_id,season,start_date,venue,innings,ball,batting_team,bowling_team,striker,non_striker,bowler,runs_off_bat,extras,wides,noballs,byes,legbyes,penalty,wicket_type,player_dismissed,other_wicket_type,other_player_dismissed
1299178,2022,2022-08-10,"Edgbaston, Birmingham",1,0.1,Birmingham Phoenix,Southern Brave,WCF Smeed,CG Benjamin,GHS Garton,4,0,,,,,,,,,
1299178,2022,2022-08-10,"Edgbaston, Birmingham",1,0.2,Birmingham Phoenix,Southern Brave,WCF Smeed,CG Benjamin,GHS Garton,0,0,,,,,,,,,
1299178,2022,2022-08-10,"Edgbaston, Birmingham",1,0.3,Birmingham Phoenix,Southern Brave,WCF Smeed,CG Benjamin,GHS Garton,2,0,,,,,,,,,
1299178,2022,2022-08-10,"Edgbaston, Birmingham",1,0.4,Birmingham Phoenix,Southern Brave,WCF Smeed,CG Benjamin,GHS Garton,1,0,,,,,,,,,
1299178,2022,2022-08-10,"Edgbaston, Birmingham",1,0.5,Birmingham Phoenix,Southern Brave,CG Benjamin,WCF Smeed,GHS Garton,4,0,,,,,,,,,
1299178,2022,2022-08-10,"Edgbaston, Birmingham",1,1.1,Birmingham Phoenix,Southern Brave,CG Benjamin,WCF Smeed,MP Stoinis,0,0,,,,,,,,,
1299178,2022,2022-08-10,"Edgbaston, Birmingham",1,1.2,Birmingham Phoenix,Southern Brave,CG Benjamin,WCF Smeed,MP Stoinis,1,0,,,,,,,,,
1299178,2022,2022-08-10,"Edgbaston, Birmingham",1,1.3,Birmingham Phoenix,Southern Brave,WCF Smeed,CG Benjamin,MP Stoinis,1,0,,,,,,,,,
1299178,2022,2022-08-10,"Edgbaston, Birmingham",1,1.4,Birmingham Phoenix,Southern Brave,CG Benjamin,WCF Smeed,MP Stoinis,0,0,,,,,,,,,
1299178,2022,2022-08-10,"Edgbaston, Birmingham",1,1.5,Birmingham Phoenix,Southern Brave,CG Benjamin,WCF Smeed,MP Stoinis,1,0,,,,,,,,,
1299178,2022,2022-08-10,"Edgbaston, Birmingham",1,2.1,Birmingham Phoenix,Southern Brave,CG Benjamin,WCF Smeed,TS Mills,0,0,,,,,,,,,
1299178,2022,2022-08-10,"Edgbaston, Birmingham",1,2.2,Birmingham Phoenix,Southern Brave,CG Benjamin,WCF Smeed,TS Mills,2,0,,,,,,,,,
1299178,2022,2022-08-10,"Edgbaston, Birmingham",1,2.3,Birmingham Phoenix,Southern Brave,CG Benjamin,WCF Smeed,TS Mills,4,0,,,,,,,,,
1299178,2022,2022-08-10,"Edgbaston, Birmingham",1,2.4,Birmingham Phoenix,Southern Brave,CG Benjamin,WCF Smeed,TS Mills,1,0,,,,,,,,,
1299178,2022,2022-08-10,"Edgbaston, Birmingham",1,2.5,Birmingham Phoenix,Southern Brave,WCF Smeed,CG Benjamin,TS Mills,1,0,,,,,,,,,
1299178,2022,2022-08-10,"Edgbaston, Birmingham",1,3.1,Birmingham Phoenix,Southern Brave,CG Benjamin,WCF Smeed,MP Stoinis,4,0,,,,,,,,,
1299178,2022,2022-08-10,"Edgbaston, Birmingham",1,3.2,Birmingham Phoenix,Southern Brave,CG Benjamin,WCF Smeed,MP Stoinis,0,0,,,,,,,,,
1299178,2022,2022-08-10,"Edgbaston, Birmingham",1,3.3,Birmingham Phoenix,Southern Brave,CG Benjamin,WCF Smeed,MP Stoinis,0,5,5,,,,,,,,
1299178,2022,2022-08-10,"Edgbaston, Birmingham",1,3.4,Birmingham Phoenix,Southern Brave,CG Benjamin,WCF Smeed,MP Stoinis,0,0,,,,,,caught,CG Benjamin,,
1299178,2022,2022-08-10,"Edgbaston, Birmingham",1,3.5,Birmingham Phoenix,Southern Brave,MM Ali,WCF Smeed,MP Stoinis,0,0,,,,,,,,,
1299178,2022,2022-08-10,"Edgbaston, Birmingham",1,3.6,Birmingham Phoenix,Southern Brave,MM Ali,WCF Smeed,MP Stoinis,0,0,,,,,,,,,
1299178,2022,2022-08-10,"Edgbaston, Birmingham",1,4.1,Birmingham Phoenix,Southern Brave,WCF Smeed,MM Ali,GHS Garton,1,0,,,,,,,,,
1299178,2022,2022-08-10,"Edgbaston, Birmingham",1,4.2,Birmingham Phoenix,Southern Brave,MM Ali,WCF Smeed,GHS Garton,4,0,,,,,,,,,
1299178,2022,2022-08-10,"Edgbaston, Birmingham",1,4.3,Birmingham Phoenix,Southern Brave,MM Ali,WCF Smeed,GHS Garton,6,0,,,,,,,,,
1299178,2022,2022-08-10,"Edgbaston, Birmingham",1,4.4,Birmingham Phoenix,Southern Brave,MM Ali,WCF Smeed,GHS Garton,0,0,,,,,,,,,
1299178,2022,2022-08-10,"Edgbaston, Birmingham",1,4.5,Birmingham Phoenix,Southern Brave,MM Ali,WCF Smeed,GHS Garton,4,0,,,,,,,,,
1299178,2022,2022-08-10,"Edgbaston, Birmingham",1,5.1,Birmingham Phoenix,Southern Brave,MM Ali,WCF Smeed,CJ Jordan,1,0,,,,,,,,,
1299178,2022,2022-08-10,"Edgbaston, Birmingham",1,5.2,Birmingham Phoenix,Southern Brave,WCF Smeed,MM Ali,CJ Jordan,1,0,,,,,,,,,
1299178,2022,2022-08-10,"Edgbaston, Birmingham",1,5.3,Birmingham Phoenix,Southern Brave,MM Ali,WCF Smeed,CJ Jordan,0,0,,,,,,,,,
1299178,2022,2022-08-10,"Edgbaston, Birmingham",1,5.4,Birmingham Phoenix,Southern Brave,MM Ali,WCF Smeed,CJ Jordan,1,0,,,,,,,,,
1299178,2022,2022-08-10,"Edgbaston, Birmingham",1,5.5,Birmingham Phoenix,Southern Brave,WCF Smeed,MM Ali,CJ Jordan,4,0,,,,,,,,,
1299178,2022,2022-08-10,"Edgbaston, Birmingham",1,6.1,Birmingham Phoenix,Southern Brave,MM Ali,WCF Smeed,JB Lintott,0,0,,,,,,,,,
1299178,2022,2022-08-10,"Edgbaston, Birmingham",1,6.2,Birmingham Phoenix,Southern Brave,MM Ali,WCF Smeed,JB Lintott,1,0,,,,,,,,,
1299178,2022,2022-08-10,"Edgbaston, Birmingham",1,6.3,Birmingham Phoenix,Southern Brave,WCF Smeed,MM Ali,JB Lintott,2,0,,,,,,,,,
1299178,2022,2022-08-10,"Edgbaston, Birmingham",1,6.4,Birmingham Phoenix,Southern Brave,WCF Smeed,MM Ali,JB Lintott,0,0,,,,,,,,,
1299178,2022,2022-08-10,"Edgbaston, Birmingham",1,6.5,Birmingham Phoenix,Southern Brave,WCF Smeed,MM Ali,JB Lintott,1,0,,,,,,,,,
1299178,2022,2022-08-10,"Edgbaston, Birmingham",1,7.1,Birmingham Phoenix,Southern Brave,MM Ali,WCF Smeed,JK Fuller,0,0,,,,,,bowled,MM Ali,,
1299178,2022,2022-08-10,"Edgbaston, Birmingham",1,7.2,Birmingham Phoenix,Southern Brave,LS Livingstone,WCF Smeed,JK Fuller,1,0,,,,,,,,,
1299178,2022,2022-08-10,"Edgbaston, Birmingham",1,7.3,Birmingham Phoenix,Southern Brave,WCF Smeed,LS Livingstone,JK Fuller,0,0,,,,,,,,,
1299178,2022,2022-08-10,"Edgbaston, Birmingham",1,7.4,Birmingham Phoenix,Southern Brave,WCF Smeed,LS Livingstone,JK Fuller,4,0,,,,,,,,,
1299178,2022,2022-08-10,"Edgbaston, Birmingham",1,7.5,Birmingham Phoenix,Southern Brave,WCF Smeed,LS Livingstone,JK Fuller,4,0,,,,,,,,,
1299178,2022,2022-08-10,"Edgbaston, Birmingham",1,8.1,Birmingham Phoenix,Southern Brave,LS Livingstone,WCF Smeed,TS Mills,0,0,,,,,,,,,
1299178,2022,2022-08-10,"Edgbaston, Birmingham",1,8.2,Birmingham Phoenix,Southern Brave,LS Livingstone,WCF Smeed,TS Mills,0,0,,,,,,,,,
1299178,2022,2022-08-10,"Edgbaston, Birmingham",1,8.3,Birmingham Phoenix,Southern Brave,LS Livingstone,WCF Smeed,TS Mills,0,0,,,,,,,,,
1299178,2022,2022-08-10,"Edgbaston, Birmingham",1,8.4,Birmingham Phoenix,Southern Brave,LS Livingstone,WCF Smeed,TS Mills,0,1,1,,,,,,,,
1299178,2022,2022-08-10,"Edgbaston, Birmingham",1,8.5,Birmingham Phoenix,Southern Brave,LS Livingstone,WCF Smeed,TS Mills,1,0,,,,,,,,,
1299178,2022,2022-08-10,"Edgbaston, Birmingham",1,8.6,Birmingham Phoenix,Southern Brave,WCF Smeed,LS Livingstone,TS Mills,2,0,,,,,,,,,
1299178,2022,2022-08-10,"Edgbaston, Birmingham",1,9.1,Birmingham Phoenix,Southern Brave,WCF Smeed,LS Livingstone,GHS Garton,2,0,,,,,,,,,
1299178,2022,2022-08-10,"Edgbaston, Birmingham",1,9.2,Birmingham Phoenix,Southern Brave,WCF Smeed,LS Livingstone,GHS Garton,6,0,,,,,,,,,
1299178,2022,2022-08-10,"Edgbaston, Birmingham",1,9.3,Birmingham Phoenix,Southern Brave,WCF Smeed,LS Livingstone,GHS Garton,0,2,,2,,,,,,,
1299178,2022,2022-08-10,"Edgbaston, Birmingham",1,9.4,Birmingham Phoenix,Southern Brave,WCF Smeed,LS Livingstone,GHS Garton,6,0,,,,,,,,,
1299178,2022,2022-08-10,"Edgbaston, Birmingham",1,9.5,Birmingham Phoenix,Southern Brave,WCF Smeed,LS Livingstone,GHS Garton,1,0,,,,,,,,,
1299178,2022,2022-08-10,"Edgbaston, Birmingham",1,9.6,Birmingham Phoenix,Southern Brave,LS Livingstone,WCF Smeed,GHS Garton,0,0,,,,,,,,,
1299178,2022,2022-08-10,"Edgbaston, Birmingham",1,10.1,Birmingham Phoenix,Southern Brave,WCF Smeed,LS Livingstone,JB Lintott,0,0,,,,,,,,,
1299178,2022,2022-08-10,"Edgbaston, Birmingham",1,10.2,Birmingham Phoenix,Southern Brave,WCF Smeed,LS Livingstone,JB Lintott,4,0,,,,,,,,,
1299178,2022,2022-08-10,"Edgbaston, Birmingham",1,10.3,Birmingham Phoenix,Southern Brave,WCF Smeed,LS Livingstone,JB Lintott,1,0,,,,,,,,,
1299178,2022,2022-08-10,"Edgbaston, Birmingham",1,10.4,Birmingham Phoenix,Southern Brave,LS Livingstone,WCF Smeed,JB Lintott,0,0,,,,,,,,,
1299178,2022,2022-08-10,"Edgbaston, Birmingham",1,10.5,Birmingham Phoenix,Southern Brave,LS Livingstone,WCF Smeed,JB Lintott,6,0,,,,,,,,,
1299178,2022,2022-08-10,"Edgbaston, Birmingham",1,11.1,Birmingham Phoenix,Southern Brave,LS Livingstone,WCF Smeed,JB Lintott,0,0,,,,,,,,,
1299178,2022,2022-08-10,"Edgbaston, Birmingham",1,11.2,Birmingham Phoenix,Southern Brave,LS Livingstone,WCF Smeed,JB Lintott,2,0,,,,,,,,,
1299178,2022,2022-08-10,"Edgbaston, Birmingham",1,11.3,Birmingham Phoenix,Southern Brave,LS Livingstone,WCF Smeed,JB Lintott,1,0,,,,,,,,,
1299178,2022,2022-08-10,"Edgbaston, Birmingham",1,11.4,Birmingham Phoenix,Southern Brave,WCF Smeed,LS Livingstone,JB Lintott,6,0,,,,,,,,,
1299178,2022,2022-08-10,"Edgbaston, Birmingham",1,11.5,Birmingham Phoenix,Southern Brave,WCF Smeed,LS Livingstone,JB Lintott,1,0,,,,,,,,,
1299178,2022,2022-08-10,"Edgbaston, Birmingham",1,12.1,Birmingham Phoenix,Southern Brave,WCF Smeed,LS Livingstone,JK Fuller,0,0,,,,,,,,,
1299178,2022,2022-08-10,"Edgbaston, Birmingham",1,12.2,Birmingham Phoenix,Southern Brave,WCF Smeed,LS Livingstone,JK Fuller,1,0,,,,,,,,,
1299178,2022,2022-08-10,"Edgbaston, Birmingham",1,12.3,Birmingham Phoenix,Southern Brave,LS Livingstone,WCF Smeed,JK Fuller,2,0,,,,,,,,,
1299178,2022,2022-08-10,"Edgbaston, Birmingham",1,12.4,Birmingham Phoenix,Southern Brave,LS Livingstone,WCF Smeed,JK Fuller,4,0,,,,,,,,,
1299178,2022,2022-08-10,"Edgbaston, Birmingham",1,12.5,Birmingham Phoenix,Southern Brave,LS Livingstone,WCF Smeed,JK Fuller,0,0,,,,,,,,,
1299178,2022,2022-08-10,"Edgbaston, Birmingham",1,13.1,Birmingham Phoenix,Southern Brave,LS Livingstone,WCF Smeed,CJ Jordan,2,0,,,,,,,,,
1299178,2022,2022-08-10,"Edgbaston, Birmingham",1,13.2,Birmingham Phoenix,Southern Brave,LS Livingstone,WCF Smeed,CJ Jordan,0,0,,,,,,,,,
1299178,2022,2022-08-10,"Edgbaston, Birmingham",1,13.3,Birmingham Phoenix,Southern Brave,LS Livingstone,WCF Smeed,CJ Jordan,1,0,,,,,,,,,
1299178,2022,2022-08-10,"Edgbaston, Birmingham",1,13.4,Birmingham Phoenix,Southern Brave,WCF Smeed,LS Livingstone,CJ Jordan,0,0,,,,,,,,,
1299178,2022,2022-08-10,"Edgbaston, Birmingham",1,13.5,Birmingham Phoenix,Southern Brave,WCF Smeed,LS Livingstone,CJ Jordan,1,0,,,,,,,,,
1299178,2022,2022-08-10,"Edgbaston, Birmingham",1,14.1,Birmingham Phoenix,Southern Brave,WCF Smeed,LS Livingstone,JK Fuller,0,0,,,,,,,,,
1299178,2022,2022-08-10,"Edgbaston, Birmingham",1,14.2,Birmingham Phoenix,Southern Brave,WCF Smeed,LS Livingstone,JK Fuller,0,1,1,,,,,,,,
1299178,2022,2022-08-10,"Edgbaston, Birmingham",1,14.3,Birmingham Phoenix,Southern Brave,WCF Smeed,LS Livingstone,JK Fuller,0,0,,,,,,,,,
1299178,2022,2022-08-10,"Edgbaston, Birmingham",1,14.4,Birmingham Phoenix,Southern Brave,WCF Smeed,LS Livingstone,JK Fuller,2,0,,,,,,,,,
1299178,2022,2022-08-10,"Edgbaston, Birmingham",1,14.5,Birmingham Phoenix,Southern Brave,WCF Smeed,LS Livingstone,JK Fuller,6,0,,,,,,,,,
1299178,2022,2022-08-10,"Edgbaston, Birmingham",1,14.6,Birmingham Phoenix,Southern Brave,WCF Smeed,LS Livingstone,JK Fuller,1,0,,,,,,,,,
1299178,2022,2022-08-10,"Edgbaston, Birmingham",1,15.1,Birmingham Phoenix,Southern Brave,LS Livingstone,WCF Smeed,JB Lintott,1,0,,,,,,,,,
1299178,2022,2022-08-10,"Edgbaston, Birmingham",1,15.2,Birmingham Phoenix,Southern Brave,WCF Smeed,LS Livingstone,JB Lintott,6,0,,,,,,,,,
1299178,2022,2022-08-10,"Edgbaston, Birmingham",1,15.3,Birmingham Phoenix,Southern Brave,WCF Smeed,LS Livingstone,JB Lintott,1,0,,,,,,,,,
1299178,2022,2022-08-10,"Edgbaston, Birmingham",1,15.4,Birmingham Phoenix,Southern Brave,LS Livingstone,WCF Smeed,JB Lintott,0,0,,,,,,,,,
1299178,2022,2022-08-10,"Edgbaston, Birmingham",1,15.5,Birmingham Phoenix,Southern Brave,LS Livingstone,WCF Smeed,JB Lintott,0,0,,,,,,caught,LS Livingstone,,
1299178,2022,2022-08-10,"Edgbaston, Birmingham",1,16.1,Birmingham Phoenix,Southern Brave,WCF Smeed,MS Wade,TS Mills,4,0,,,,,,,,,
1299178,2022,2022-08-10,"Edgbaston, Birmingham",1,16.2,Birmingham Phoenix,Southern Brave,WCF Smeed,MS Wade,TS Mills,1,0,,,,,,,,,
1299178,2022,2022-08-10,"Edgbaston, Birmingham",1,16.3,Birmingham Phoenix,Southern Brave,MS Wade,WCF Smeed,TS Mills,1,0,,,,,,,,,
1299178,2022,2022-08-10,"Edgbaston, Birmingham",1,16.4,Birmingham Phoenix,Southern Brave,WCF Smeed,MS Wade,TS Mills,1,0,,,,,,,,,
1299178,2022,2022-08-10,"Edgbaston, Birmingham",1,16.5,Birmingham Phoenix,Southern Brave,MS Wade,WCF Smeed,TS Mills,1,0,,,,,,,,,
1299178,2022,2022-08-10,"Edgbaston, Birmingham",1,17.1,Birmingham Phoenix,Southern Brave,WCF Smeed,MS Wade,CJ Jordan,1,0,,,,,,,,,
1299178,2022,2022-08-10,"Edgbaston, Birmingham",1,17.2,Birmingham Phoenix,Southern Brave,MS Wade,WCF Smeed,CJ Jordan,6,0,,,,,,,,,
1299178,2022,2022-08-10,"Edgbaston, Birmingham",1,17.3,Birmingham Phoenix,Southern Brave,MS Wade,WCF Smeed,CJ Jordan,1,0,,,,,,,,,
1299178,2022,2022-08-10,"Edgbaston, Birmingham",1,17.4,Birmingham Phoenix,Southern Brave,WCF Smeed,MS Wade,CJ Jordan,2,0,,,,,,,,,
1299178,2022,2022-08-10,"Edgbaston, Birmingham",1,17.5,Birmingham Phoenix,Southern Brave,WCF Smeed,MS Wade,CJ Jordan,1,0,,,,,,,,,
1299178,2022,2022-08-10,"Edgbaston, Birmingham",1,18.1,Birmingham Phoenix,Southern Brave,WCF Smeed,MS Wade,TS Mills,1,0,,,,,,,,,
1299178,2022,2022-08-10,"Edgbaston, Birmingham",1,18.2,Birmingham Phoenix,Southern Brave,MS Wade,WCF Smeed,TS Mills,1,0,,,,,,,,,
1299178,2022,2022-08-10,"Edgbaston, Birmingham",1,18.3,Birmingham Phoenix,Southern Brave,WCF Smeed,MS Wade,TS Mills,4,0,,,,,,,,,
1299178,2022,2022-08-10,"Edgbaston, Birmingham",1,18.4,Birmingham Phoenix,Southern Brave,WCF Smeed,MS Wade,TS Mills,6,0,,,,,,,,,
1299178,2022,2022-08-10,"Edgbaston, Birmingham",1,18.5,Birmingham Phoenix,Southern Brave,WCF Smeed,MS Wade,TS Mills,1,0,,,,,,,,,
1299178,2022,2022-08-10,"Edgbaston, Birmingham",1,19.1,Birmingham Phoenix,Southern Brave,MS Wade,WCF Smeed,CJ Jordan,0,0,,,,,,caught,MS Wade,,
1299178,2022,2022-08-10,"Edgbaston, Birmingham",1,19.2,Birmingham Phoenix,Southern Brave,Miles Hammond,WCF Smeed,CJ Jordan,1,0,,,,,,,,,
1299178,2022,2022-08-10,"Edgbaston, Birmingham",1,19.3,Birmingham Phoenix,Southern Brave,WCF Smeed,Miles Hammond,CJ Jordan,4,0,,,,,,,,,
1299178,2022,2022-08-10,"Edgbaston, Birmingham",1,19.4,Birmingham Phoenix,Southern Brave,WCF Smeed,Miles Hammond,CJ Jordan,2,0,,,,,,,,,
1299178,2022,2022-08-10,"Edgbaston, Birmingham",1,19.5,Birmingham Phoenix,Southern Brave,WCF Smeed,Miles Hammond,CJ Jordan,0,0,,,,,,,,,
1299178,2022,2022-08-10,"Edgbaston, Birmingham",2,0.1,Southern Brave,Birmingham Phoenix,JM Vince,Q de Kock,MM Ali,1,0,,,,,,,,,
1299178,2022,2022-08-10,"Edgbaston, Birmingham",2,0.2,Southern Brave,Birmingham Phoenix,Q de Kock,JM Vince,MM Ali,1,0,,,,,,,,,
1299178,2022,2022-08-10,"Edgbaston, Birmingham",2,0.3,Southern Brave,Birmingham Phoenix,JM Vince,Q de Kock,MM Ali,6,0,,,,,,,,,
1299178,2022,2022-08-10,"Edgbaston, Birmingham",2,0.4,Southern Brave,Birmingham Phoenix,JM Vince,Q de Kock,MM Ali,6,0,,,,,,,,,
1299178,2022,2022-08-10,"Edgbaston, Birmingham",2,0.5,Southern Brave,Birmingham Phoenix,JM Vince,Q de Kock,MM Ali,4,0,,,,,,,,,
1299178,2022,2022-08-10,"Edgbaston, Birmingham",2,1.1,Southern Brave,Birmingham Phoenix,JM Vince,Q de Kock,KW Richardson,0,0,,,,,,bowled,JM Vince,,
1299178,2022,2022-08-10,"Edgbaston, Birmingham",2,1.2,Southern Brave,Birmingham Phoenix,MP Stoinis,Q de Kock,KW Richardson,0,0,,,,,,,,,
1299178,2022,2022-08-10,"Edgbaston, Birmingham",2,1.3,Southern Brave,Birmingham Phoenix,MP Stoinis,Q de Kock,KW Richardson,0,0,,,,,,,,,
1299178,2022,2022-08-10,"Edgbaston, Birmingham",2,1.4,Southern Brave,Birmingham Phoenix,MP Stoinis,Q de Kock,KW Richardson,1,0,,,,,,,,,
1299178,2022,2022-08-10,"Edgbaston, Birmingham",2,1.5,Southern Brave,Birmingham Phoenix,Q de Kock,MP Stoinis,KW Richardson,0,0,,,,,,,,,
1299178,2022,2022-08-10,"Edgbaston, Birmingham",2,2.1,Southern Brave,Birmingham Phoenix,MP Stoinis,Q de Kock,TG Helm,0,1,,,,1,,,,,
1299178,2022,2022-08-10,"Edgbaston, Birmingham",2,2.2,Southern Brave,Birmingham Phoenix,Q de Kock,MP Stoinis,TG Helm,1,0,,,,,,,,,
1299178,2022,2022-08-10,"Edgbaston, Birmingham",2,2.3,Southern Brave,Birmingham Phoenix,MP Stoinis,Q de Kock,TG Helm,0,0,,,,,,caught,MP Stoinis,,
1299178,2022,2022-08-10,"Edgbaston, Birmingham",2,2.4,Southern Brave,Birmingham Phoenix,AL Davies,Q de Kock,TG Helm,0,0,,,,,,,,,
1299178,2022,2022-08-10,"Edgbaston, Birmingham",2,2.5,Southern Brave,Birmingham Phoenix,AL Davies,Q de Kock,TG Helm,1,0,,,,,,,,,
1299178,2022,2022-08-10,"Edgbaston, Birmingham",2,3.1,Southern Brave,Birmingham Phoenix,Q de Kock,AL Davies,MM Ali,1,0,,,,,,,,,
1299178,2022,2022-08-10,"Edgbaston, Birmingham",2,3.2,Southern Brave,Birmingham Phoenix,AL Davies,Q de Kock,MM Ali,0,0,,,,,,,,,
1299178,2022,2022-08-10,"Edgbaston, Birmingham",2,3.3,Southern Brave,Birmingham Phoenix,AL Davies,Q de Kock,MM Ali,0,0,,,,,,,,,
1299178,2022,2022-08-10,"Edgbaston, Birmingham",2,3.4,Southern Brave,Birmingham Phoenix,AL Davies,Q de Kock,MM Ali,4,0,,,,,,,,,
1299178,2022,2022-08-10,"Edgbaston, Birmingham",2,3.5,Southern Brave,Birmingham Phoenix,AL Davies,Q de Kock,MM Ali,4,0,,,,,,,,,
1299178,2022,2022-08-10,"Edgbaston, Birmingham",2,4.1,Southern Brave,Birmingham Phoenix,Q de Kock,AL Davies,KW Richardson,1,0,,,,,,,,,
1299178,2022,2022-08-10,"Edgbaston, Birmingham",2,4.2,Southern Brave,Birmingham Phoenix,AL Davies,Q de Kock,KW Richardson,1,0,,,,,,,,,
1299178,2022,2022-08-10,"Edgbaston, Birmingham",2,4.3,Southern Brave,Birmingham Phoenix,Q de Kock,AL Davies,KW Richardson,6,0,,,,,,,,,
1299178,2022,2022-08-10,"Edgbaston, Birmingham",2,4.4,Southern Brave,Birmingham Phoenix,Q de Kock,AL Davies,KW Richardson,4,0,,,,,,,,,
1299178,2022,2022-08-10,"Edgbaston, Birmingham",2,4.5,Southern Brave,Birmingham Phoenix,Q de Kock,AL Davies,KW Richardson,1,0,,,,,,,,,
1299178,2022,2022-08-10,"Edgbaston, Birmingham",2,5.1,Southern Brave,Birmingham Phoenix,AL Davies,Q de Kock,HJH Brookes,1,0,,,,,,,,,
1299178,2022,2022-08-10,"Edgbaston, Birmingham",2,5.2,Southern Brave,Birmingham Phoenix,Q de Kock,AL Davies,HJH Brookes,0,0,,,,,,caught and bowled,Q de Kock,,
1299178,2022,2022-08-10,"Edgbaston, Birmingham",2,5.3,Southern Brave,Birmingham Phoenix,TH David,AL Davies,HJH Brookes,0,0,,,,,,,,,
1299178,2022,2022-08-10,"Edgbaston, Birmingham",2,5.4,Southern Brave,Birmingham Phoenix,TH David,AL Davies,HJH Brookes,0,0,,,,,,,,,
1299178,2022,2022-08-10,"Edgbaston, Birmingham",2,5.5,Southern Brave,Birmingham Phoenix,TH David,AL Davies,HJH Brookes,1,0,,,,,,,,,
1299178,2022,2022-08-10,"Edgbaston, Birmingham",2,6.1,Southern Brave,Birmingham Phoenix,TH David,AL Davies,BAC Howell,0,0,,,,,,,,,
1299178,2022,2022-08-10,"Edgbaston, Birmingham",2,6.2,Southern Brave,Birmingham Phoenix,TH David,AL Davies,BAC Howell,1,0,,,,,,,,,
1299178,2022,2022-08-10,"Edgbaston, Birmingham",2,6.3,Southern Brave,Birmingham Phoenix,AL Davies,TH David,BAC Howell,1,0,,,,,,,,,
1299178,2022,2022-08-10,"Edgbaston, Birmingham",2,6.4,Southern Brave,Birmingham Phoenix,TH David,AL Davies,BAC Howell,2,0,,,,,,,,,
1299178,2022,2022-08-10,"Edgbaston, Birmingham",2,6.5,Southern Brave,Birmingham Phoenix,TH David,AL Davies,BAC Howell,1,0,,,,,,,,,
1299178,2022,2022-08-10,"Edgbaston, Birmingham",2,7.1,Southern Brave,Birmingham Phoenix,AL Davies,TH David,Imran Tahir,1,0,,,,,,,,,
1299178,2022,2022-08-10,"Edgbaston, Birmingham",2,7.2,Southern Brave,Birmingham Phoenix,TH David,AL Davies,Imran Tahir,1,0,,,,,,,,,
1299178,2022,2022-08-10,"Edgbaston, Birmingham",2,7.3,Southern Brave,Birmingham Phoenix,AL Davies,TH David,Imran Tahir,2,0,,,,,,,,,
1299178,2022,2022-08-10,"Edgbaston, Birmingham",2,7.4,Southern Brave,Birmingham Phoenix,AL Davies,TH David,Imran Tahir,6,0,,,,,,,,,
1299178,2022,2022-08-10,"Edgbaston, Birmingham",2,7.5,Southern Brave,Birmingham Phoenix,AL Davies,TH David,Imran Tahir,1,0,,,,,,,,,
1299178,2022,2022-08-10,"Edgbaston, Birmingham",2,8.1,Southern Brave,Birmingham Phoenix,AL Davies,TH David,HJH Brookes,0,1,1,,,,,,,,
1299178,2022,2022-08-10,"Edgbaston, Birmingham",2,8.2,Southern Brave,Birmingham Phoenix,AL Davies,TH David,HJH Brookes,1,0,,,,,,,,,
1299178,2022,2022-08-10,"Edgbaston, Birmingham",2,8.3,Southern Brave,Birmingham Phoenix,TH David,AL Davies,HJH Brookes,4,0,,,,,,,,,
1299178,2022,2022-08-10,"Edgbaston, Birmingham",2,8.4,Southern Brave,Birmingham Phoenix,TH David,AL Davies,HJH Brookes,1,0,,,,,,,,,
1299178,2022,2022-08-10,"Edgbaston, Birmingham",2,8.5,Southern Brave,Birmingham Phoenix,AL Davies,TH David,HJH Brookes,0,1,1,,,,,,,,
1299178,2022,2022-08-10,"Edgbaston, Birmingham",2,8.6,Southern Brave,Birmingham Phoenix,AL Davies,TH David,HJH Brookes,1,0,,,,,,,,,
1299178,2022,2022-08-10,"Edgbaston, Birmingham",2,8.7,Southern Brave,Birmingham Phoenix,TH David,AL Davies,HJH Brookes,0,0,,,,,,caught,TH David,,
1299178,2022,2022-08-10,"Edgbaston, Birmingham",2,9.1,Southern Brave,Birmingham Phoenix,RA Whiteley,AL Davies,TG Helm,0,0,,,,,,,,,
1299178,2022,2022-08-10,"Edgbaston, Birmingham",2,9.2,Southern Brave,Birmingham Phoenix,RA Whiteley,AL Davies,TG Helm,2,0,,,,,,,,,
1299178,2022,2022-08-10,"Edgbaston, Birmingham",2,9.3,Southern Brave,Birmingham Phoenix,RA Whiteley,AL Davies,TG Helm,1,0,,,,,,,,,
1299178,2022,2022-08-10,"Edgbaston, Birmingham",2,9.4,Southern Brave,Birmingham Phoenix,AL Davies,RA Whiteley,TG Helm,2,0,,,,,,,,,
1299178,2022,2022-08-10,"Edgbaston, Birmingham",2,9.5,Southern Brave,Birmingham Phoenix,AL Davies,RA Whiteley,TG Helm,1,0,,,,,,,,,
1299178,2022,2022-08-10,"Edgbaston, Birmingham",2,10.1,Southern Brave,Birmingham Phoenix,AL Davies,RA Whiteley,BAC Howell,1,0,,,,,,,,,
1299178,2022,2022-08-10,"Edgbaston, Birmingham",2,10.2,Southern Brave,Birmingham Phoenix,RA Whiteley,AL Davies,BAC Howell,1,0,,,,,,,,,
1299178,2022,2022-08-10,"Edgbaston, Birmingham",2,10.3,Southern Brave,Birmingham Phoenix,AL Davies,RA Whiteley,BAC Howell,1,0,,,,,,,,,
1299178,2022,2022-08-10,"Edgbaston, Birmingham",2,10.4,Southern Brave,Birmingham Phoenix,RA Whiteley,AL Davies,BAC Howell,1,0,,,,,,,,,
1299178,2022,2022-08-10,"Edgbaston, Birmingham",2,10.5,Southern Brave,Birmingham Phoenix,AL Davies,RA Whiteley,BAC Howell,1,0,,,,,,,,,
1299178,2022,2022-08-10,"Edgbaston, Birmingham",2,11.1,Southern Brave,Birmingham Phoenix,RA Whiteley,AL Davies,Imran Tahir,1,0,,,,,,,,,
1299178,2022,2022-08-10,"Edgbaston, Birmingham",2,11.2,Southern Brave,Birmingham Phoenix,AL Davies,RA Whiteley,Imran Tahir,1,0,,,,,,,,,
1299178,2022,2022-08-10,"Edgbaston, Birmingham",2,11.3,Southern Brave,Birmingham Phoenix,RA Whiteley,AL Davies,Imran Tahir,4,0,,,,,,,,,
1299178,2022,2022-08-10,"Edgbaston, Birmingham",2,11.4,Southern Brave,Birmingham Phoenix,RA Whiteley,AL Davies,Imran Tahir,1,0,,,,,,,,,
1299178,2022,2022-08-10,"Edgbaston, Birmingham",2,11.5,Southern Brave,Birmingham Phoenix,AL Davies,RA Whiteley,Imran Tahir,1,0,,,,,,,,,
1299178,2022,2022-08-10,"Edgbaston, Birmingham",2,12.1,Southern Brave,Birmingham Phoenix,AL Davies,RA Whiteley,HJH Brookes,1,0,,,,,,,,,
1299178,2022,2022-08-10,"Edgbaston, Birmingham",2,12.2,Southern Brave,Birmingham Phoenix,RA Whiteley,AL Davies,HJH Brookes,0,1,1,,,,,,,,
1299178,2022,2022-08-10,"Edgbaston, Birmingham",2,12.3,Southern Brave,Birmingham Phoenix,RA Whiteley,AL Davies,HJH Brookes,1,0,,,,,,,,,
1299178,2022,2022-08-10,"Edgbaston, Birmingham",2,12.4,Southern Brave,Birmingham Phoenix,AL Davies,RA Whiteley,HJH Brookes,0,0,,,,,,bowled,AL Davies,,
1299178,2022,2022-08-10,"Edgbaston, Birmingham",2,12.5,Southern Brave,Birmingham Phoenix,JK Fuller,RA Whiteley,HJH Brookes,0,0,,,,,,,,,
1299178,2022,2022-08-10,"Edgbaston, Birmingham",2,12.6,Southern Brave,Birmingham Phoenix,JK Fuller,RA Whiteley,HJH Brookes,0,0,,,,,,lbw,JK Fuller,,
1299178,2022,2022-08-10,"Edgbaston, Birmingham",2,13.1,Southern Brave,Birmingham Phoenix,GHS Garton,RA Whiteley,HJH Brookes,4,0,,,,,,,,,
1299178,2022,2022-08-10,"Edgbaston, Birmingham",2,13.2,Southern Brave,Birmingham Phoenix,GHS Garton,RA Whiteley,HJH Brookes,0,0,,,,,,lbw,GHS Garton,,
1299178,2022,2022-08-10,"Edgbaston, Birmingham",2,13.3,Southern Brave,Birmingham Phoenix,CJ Jordan,RA Whiteley,HJH Brookes,1,0,,,,,,,,,
1299178,2022,2022-08-10,"Edgbaston, Birmingham",2,13.4,Southern Brave,Birmingham Phoenix,RA Whiteley,CJ Jordan,HJH Brookes,0,0,,,,,,,,,
1299178,2022,2022-08-10,"Edgbaston, Birmingham",2,13.5,Southern Brave,Birmingham Phoenix,RA Whiteley,CJ Jordan,HJH Brookes,6,0,,,,,,,,,
1299178,2022,2022-08-10,"Edgbaston, Birmingham",2,14.1,Southern Brave,Birmingham Phoenix,CJ Jordan,RA Whiteley,BAC Howell,1,0,,,,,,,,,
1299178,2022,2022-08-10,"Edgbaston, Birmingham",2,14.2,Southern Brave,Birmingham Phoenix,RA Whiteley,CJ Jordan,BAC Howell,0,0,,,,,,caught,RA Whiteley,,
1299178,2022,2022-08-10,"Edgbaston, Birmingham",2,14.3,Southern Brave,Birmingham Phoenix,JB Lintott,CJ Jordan,BAC Howell,1,0,,,,,,,,,
1299178,2022,2022-08-10,"Edgbaston, Birmingham",2,14.4,Southern Brave,Birmingham Phoenix,CJ Jordan,JB Lintott,BAC Howell,1,0,,,,,,,,,
1299178,2022,2022-08-10,"Edgbaston, Birmingham",2,14.5,Southern Brave,Birmingham Phoenix,JB Lintott,CJ Jordan,BAC Howell,1,0,,,,,,,,,
1299178,2022,2022-08-10,"Edgbaston, Birmingham",2,15.1,Southern Brave,Birmingham Phoenix,CJ Jordan,JB Lintott,BAC Howell,6,0,,,,,,,,,
1299178,2022,2022-08-10,"Edgbaston, Birmingham",2,15.2,Southern Brave,Birmingham Phoenix,CJ Jordan,JB Lintott,BAC Howell,1,0,,,,,,,,,
1299178,2022,2022-08-10,"Edgbaston, Birmingham",2,15.3,Southern Brave,Birmingham Phoenix,JB Lintott,CJ Jordan,BAC Howell,1,0,,,,,,,,,
1299178,2022,2022-08-10,"Edgbaston, Birmingham",2,15.4,Southern Brave,Birmingham Phoenix,CJ Jordan,JB Lintott,BAC Howell,1,0,,,,,,,,,
1299178,2022,2022-08-10,"Edgbaston, Birmingham",2,15.5,Southern Brave,Birmingham Phoenix,JB Lintott,CJ Jordan,BAC Howell,1,0,,,,,,,,,
1299178,2022,2022-08-10,"Edgbaston, Birmingham",2,16.1,Southern Brave,Birmingham Phoenix,JB Lintott,CJ Jordan,KW Richardson,1,0,,,,,,,,,
1299178,2022,2022-08-10,"Edgbaston, Birmingham",2,16.2,Southern Brave,Birmingham Phoenix,CJ Jordan,JB Lintott,KW Richardson,4,0,,,,,,,,,
1299178,2022,2022-08-10,"Edgbaston, Birmingham",2,16.3,Southern Brave,Birmingham Phoenix,CJ Jordan,JB Lintott,KW Richardson,0,0,,,,,,bowled,CJ Jordan,,
1299178,2022,2022-08-10,"Edgbaston, Birmingham",2,16.4,Southern Brave,Birmingham Phoenix,TS Mills,JB Lintott,KW Richardson,0,0,,,,,,,,,
1299178,2022,2022-08-10,"Edgbaston, Birmingham",2,16.5,Southern Brave,Birmingham Phoenix,TS Mills,JB Lintott,KW Richardson,0,0,,,,,,bowled,TS Mills,,
