match_id,season,start_date,venue,innings,ball,batting_team,bowling_team,striker,non_striker,bowler,runs_off_bat,extras,wides,noballs,byes,legbyes,penalty,wicket_type,player_dismissed,other_wicket_type,other_player_dismissed
1299189,2022,2022-08-19,"Edgbaston, Birmingham",1,0.1,Northern Superchargers,Birmingham Phoenix,F du Plessis,A Lyth,MM Ali,1,0,,,,,,,,,
1299189,2022,2022-08-19,"Edgbaston, Birmingham",1,0.2,Northern Superchargers,Birmingham Phoenix,A Lyth,F du Plessis,MM Ali,1,0,,,,,,,,,
1299189,2022,2022-08-19,"Edgbaston, Birmingham",1,0.3,Northern Superchargers,Birmingham Phoenix,F du Plessis,A Lyth,MM Ali,1,0,,,,,,,,,
1299189,2022,2022-08-19,"Edgbaston, Birmingham",1,0.4,Northern Superchargers,Birmingham Phoenix,A Lyth,F du Plessis,MM Ali,0,0,,,,,,,,,
1299189,2022,2022-08-19,"Edgbaston, Birmingham",1,0.5,Northern Superchargers,Birmingham Phoenix,A Lyth,F du Plessis,MM Ali,0,0,,,,,,,,,
1299189,2022,2022-08-19,"Edgbaston, Birmingham",1,1.1,Northern Superchargers,Birmingham Phoenix,A Lyth,F du Plessis,KW Richardson,0,0,,,,,,,,,
1299189,2022,2022-08-19,"Edgbaston, Birmingham",1,1.2,Northern Superchargers,Birmingham Phoenix,A Lyth,F du Plessis,KW Richardson,6,0,,,,,,,,,
1299189,2022,2022-08-19,"Edgbaston, Birmingham",1,1.3,Northern Superchargers,Birmingham Phoenix,A Lyth,F du Plessis,KW Richardson,6,0,,,,,,,,,
1299189,2022,2022-08-19,"Edgbaston, Birmingham",1,1.4,Northern Superchargers,Birmingham Phoenix,A Lyth,F du Plessis,KW Richardson,4,0,,,,,,,,,
1299189,2022,2022-08-19,"Edgbaston, Birmingham",1,1.5,Northern Superchargers,Birmingham Phoenix,A Lyth,F du Plessis,KW Richardson,2,0,,,,,,,,,
1299189,2022,2022-08-19,"Edgbaston, Birmingham",1,2.1,Northern Superchargers,Birmingham Phoenix,F du Plessis,A Lyth,Imran Tahir,2,0,,,,,,,,,
1299189,2022,2022-08-19,"Edgbaston, Birmingham",1,2.2,Northern Superchargers,Birmingham Phoenix,F du Plessis,A Lyth,Imran Tahir,4,0,,,,,,,,,
1299189,2022,2022-08-19,"Edgbaston, Birmingham",1,2.3,Northern Superchargers,Birmingham Phoenix,F du Plessis,A Lyth,Imran Tahir,1,0,,,,,,,,,
1299189,2022,2022-08-19,"Edgbaston, Birmingham",1,2.4,Northern Superchargers,Birmingham Phoenix,A Lyth,F du Plessis,Imran Tahir,0,0,,,,,,,,,
1299189,2022,2022-08-19,"Edgbaston, Birmingham",1,2.5,Northern Superchargers,Birmingham Phoenix,A Lyth,F du Plessis,Imran Tahir,0,0,,,,,,,,,
1299189,2022,2022-08-19,"Edgbaston, Birmingham",1,3.1,Northern Superchargers,Birmingham Phoenix,A Lyth,F du Plessis,TG Helm,0,0,,,,,,,,,
1299189,2022,2022-08-19,"Edgbaston, Birmingham",1,3.2,Northern Superchargers,Birmingham Phoenix,A Lyth,F du Plessis,TG Helm,0,0,,,,,,,,,
1299189,2022,2022-08-19,"Edgbaston, Birmingham",1,3.3,Northern Superchargers,Birmingham Phoenix,A Lyth,F du Plessis,TG Helm,6,0,,,,,,,,,
1299189,2022,2022-08-19,"Edgbaston, Birmingham",1,3.4,Northern Superchargers,Birmingham Phoenix,A Lyth,F du Plessis,TG Helm,0,1,1,,,,,,,,
1299189,2022,2022-08-19,"Edgbaston, Birmingham",1,3.5,Northern Superchargers,Birmingham Phoenix,A Lyth,F du Plessis,TG Helm,0,1,1,,,,,,,,
1299189,2022,2022-08-19,"Edgbaston, Birmingham",1,3.6,Northern Superchargers,Birmingham Phoenix,A Lyth,F du Plessis,TG Helm,0,1,,,,1,,,,,
1299189,2022,2022-08-19,"Edgbaston, Birmingham",1,3.7,Northern Superchargers,Birmingham Phoenix,F du Plessis,A Lyth,TG Helm,0,0,,,,,,bowled,F du Plessis,,
1299189,2022,2022-08-19,"Edgbaston, Birmingham",1,4.1,Northern Superchargers,Birmingham Phoenix,A Lyth,AJ Hose,LS Livingstone,4,0,,,,,,,,,
1299189,2022,2022-08-19,"Edgbaston, Birmingham",1,4.2,Northern Superchargers,Birmingham Phoenix,A Lyth,AJ Hose,LS Livingstone,4,0,,,,,,,,,
1299189,2022,2022-08-19,"Edgbaston, Birmingham",1,4.3,Northern Superchargers,Birmingham Phoenix,A Lyth,AJ Hose,LS Livingstone,0,0,,,,,,,,,
1299189,2022,2022-08-19,"Edgbaston, Birmingham",1,4.4,Northern Superchargers,Birmingham Phoenix,A Lyth,AJ Hose,LS Livingstone,1,0,,,,,,,,,
1299189,2022,2022-08-19,"Edgbaston, Birmingham",1,4.5,Northern Superchargers,Birmingham Phoenix,AJ Hose,A Lyth,LS Livingstone,1,0,,,,,,,,,
1299189,2022,2022-08-19,"Edgbaston, Birmingham",1,5.1,Northern Superchargers,Birmingham Phoenix,A Lyth,AJ Hose,HJH Brookes,1,0,,,,,,,,,
1299189,2022,2022-08-19,"Edgbaston, Birmingham",1,5.2,Northern Superchargers,Birmingham Phoenix,AJ Hose,A Lyth,HJH Brookes,1,0,,,,,,,,,
1299189,2022,2022-08-19,"Edgbaston, Birmingham",1,5.3,Northern Superchargers,Birmingham Phoenix,A Lyth,AJ Hose,HJH Brookes,6,0,,,,,,,,,
1299189,2022,2022-08-19,"Edgbaston, Birmingham",1,5.4,Northern Superchargers,Birmingham Phoenix,A Lyth,AJ Hose,HJH Brookes,6,0,,,,,,,,,
1299189,2022,2022-08-19,"Edgbaston, Birmingham",1,5.5,Northern Superchargers,Birmingham Phoenix,A Lyth,AJ Hose,HJH Brookes,2,0,,,,,,,,,
1299189,2022,2022-08-19,"Edgbaston, Birmingham",1,6.1,Northern Superchargers,Birmingham Phoenix,AJ Hose,A Lyth,BAC Howell,2,0,,,,,,,,,
1299189,2022,2022-08-19,"Edgbaston, Birmingham",1,6.2,Northern Superchargers,Birmingham Phoenix,AJ Hose,A Lyth,BAC Howell,1,0,,,,,,,,,
1299189,2022,2022-08-19,"Edgbaston, Birmingham",1,6.3,Northern Superchargers,Birmingham Phoenix,A Lyth,AJ Hose,BAC Howell,6,0,,,,,,,,,
1299189,2022,2022-08-19,"Edgbaston, Birmingham",1,6.4,Northern Superchargers,Birmingham Phoenix,A Lyth,AJ Hose,BAC Howell,0,0,,,,,,,,,
1299189,2022,2022-08-19,"Edgbaston, Birmingham",1,6.5,Northern Superchargers,Birmingham Phoenix,A Lyth,AJ Hose,BAC Howell,1,0,,,,,,,,,
1299189,2022,2022-08-19,"Edgbaston, Birmingham",1,7.1,Northern Superchargers,Birmingham Phoenix,AJ Hose,A Lyth,MM Ali,0,0,,,,,,,,,
1299189,2022,2022-08-19,"Edgbaston, Birmingham",1,7.2,Northern Superchargers,Birmingham Phoenix,AJ Hose,A Lyth,MM Ali,1,0,,,,,,,,,
1299189,2022,2022-08-19,"Edgbaston, Birmingham",1,7.3,Northern Superchargers,Birmingham Phoenix,A Lyth,AJ Hose,MM Ali,0,0,,,,,,bowled,A Lyth,,
1299189,2022,2022-08-19,"Edgbaston, Birmingham",1,7.4,Northern Superchargers,Birmingham Phoenix,HC Brook,AJ Hose,MM Ali,1,0,,,,,,,,,
1299189,2022,2022-08-19,"Edgbaston, Birmingham",1,7.5,Northern Superchargers,Birmingham Phoenix,AJ Hose,HC Brook,MM Ali,1,0,,,,,,,,,
1299189,2022,2022-08-19,"Edgbaston, Birmingham",1,8.1,Northern Superchargers,Birmingham Phoenix,AJ Hose,HC Brook,Imran Tahir,1,0,,,,,,,,,
1299189,2022,2022-08-19,"Edgbaston, Birmingham",1,8.2,Northern Superchargers,Birmingham Phoenix,HC Brook,AJ Hose,Imran Tahir,1,0,,,,,,,,,
1299189,2022,2022-08-19,"Edgbaston, Birmingham",1,8.3,Northern Superchargers,Birmingham Phoenix,AJ Hose,HC Brook,Imran Tahir,4,0,,,,,,,,,
1299189,2022,2022-08-19,"Edgbaston, Birmingham",1,8.4,Northern Superchargers,Birmingham Phoenix,AJ Hose,HC Brook,Imran Tahir,1,0,,,,,,,,,
1299189,2022,2022-08-19,"Edgbaston, Birmingham",1,8.5,Northern Superchargers,Birmingham Phoenix,HC Brook,AJ Hose,Imran Tahir,1,0,,,,,,,,,
1299189,2022,2022-08-19,"Edgbaston, Birmingham",1,9.1,Northern Superchargers,Birmingham Phoenix,AJ Hose,HC Brook,KW Richardson,1,0,,,,,,,,,
1299189,2022,2022-08-19,"Edgbaston, Birmingham",1,9.2,Northern Superchargers,Birmingham Phoenix,HC Brook,AJ Hose,KW Richardson,0,0,,,,,,caught,HC Brook,,
1299189,2022,2022-08-19,"Edgbaston, Birmingham",1,9.3,Northern Superchargers,Birmingham Phoenix,DJ Willey,AJ Hose,KW Richardson,1,0,,,,,,,,,
1299189,2022,2022-08-19,"Edgbaston, Birmingham",1,9.4,Northern Superchargers,Birmingham Phoenix,AJ Hose,DJ Willey,KW Richardson,0,0,,,,,,,,,
1299189,2022,2022-08-19,"Edgbaston, Birmingham",1,9.5,Northern Superchargers,Birmingham Phoenix,AJ Hose,DJ Willey,KW Richardson,1,0,,,,,,,,,
1299189,2022,2022-08-19,"Edgbaston, Birmingham",1,10.1,Northern Superchargers,Birmingham Phoenix,AJ Hose,DJ Willey,MM Ali,4,0,,,,,,,,,
1299189,2022,2022-08-19,"Edgbaston, Birmingham",1,10.2,Northern Superchargers,Birmingham Phoenix,AJ Hose,DJ Willey,MM Ali,1,0,,,,,,,,,
1299189,2022,2022-08-19,"Edgbaston, Birmingham",1,10.3,Northern Superchargers,Birmingham Phoenix,DJ Willey,AJ Hose,MM Ali,0,0,,,,,,bowled,DJ Willey,,
1299189,2022,2022-08-19,"Edgbaston, Birmingham",1,10.4,Northern Superchargers,Birmingham Phoenix,JA Simpson,AJ Hose,MM Ali,1,0,,,,,,,,,
1299189,2022,2022-08-19,"Edgbaston, Birmingham",1,10.5,Northern Superchargers,Birmingham Phoenix,AJ Hose,JA Simpson,MM Ali,1,0,,,,,,,,,
1299189,2022,2022-08-19,"Edgbaston, Birmingham",1,11.1,Northern Superchargers,Birmingham Phoenix,JA Simpson,AJ Hose,BAC Howell,0,0,,,,,,,,,
1299189,2022,2022-08-19,"Edgbaston, Birmingham",1,11.2,Northern Superchargers,Birmingham Phoenix,JA Simpson,AJ Hose,BAC Howell,0,0,,,,,,,,,
1299189,2022,2022-08-19,"Edgbaston, Birmingham",1,11.3,Northern Superchargers,Birmingham Phoenix,JA Simpson,AJ Hose,BAC Howell,0,0,,,,,,,,,
1299189,2022,2022-08-19,"Edgbaston, Birmingham",1,11.4,Northern Superchargers,Birmingham Phoenix,JA Simpson,AJ Hose,BAC Howell,1,0,,,,,,,,,
1299189,2022,2022-08-19,"Edgbaston, Birmingham",1,11.5,Northern Superchargers,Birmingham Phoenix,AJ Hose,JA Simpson,BAC Howell,1,0,,,,,,,,,
1299189,2022,2022-08-19,"Edgbaston, Birmingham",1,12.1,Northern Superchargers,Birmingham Phoenix,AJ Hose,JA Simpson,Imran Tahir,1,0,,,,,,,,,
1299189,2022,2022-08-19,"Edgbaston, Birmingham",1,12.2,Northern Superchargers,Birmingham Phoenix,JA Simpson,AJ Hose,Imran Tahir,1,0,,,,,,,,,
1299189,2022,2022-08-19,"Edgbaston, Birmingham",1,12.3,Northern Superchargers,Birmingham Phoenix,AJ Hose,JA Simpson,Imran Tahir,1,0,,,,,,,,,
1299189,2022,2022-08-19,"Edgbaston, Birmingham",1,12.4,Northern Superchargers,Birmingham Phoenix,JA Simpson,AJ Hose,Imran Tahir,0,0,,,,,,caught,JA Simpson,,
1299189,2022,2022-08-19,"Edgbaston, Birmingham",1,12.5,Northern Superchargers,Birmingham Phoenix,D Wiese,AJ Hose,Imran Tahir,1,0,,,,,,,,,
1299189,2022,2022-08-19,"Edgbaston, Birmingham",1,13.1,Northern Superchargers,Birmingham Phoenix,AJ Hose,D Wiese,TG Helm,2,0,,,,,,,,,
1299189,2022,2022-08-19,"Edgbaston, Birmingham",1,13.2,Northern Superchargers,Birmingham Phoenix,AJ Hose,D Wiese,TG Helm,1,0,,,,,,,,,
1299189,2022,2022-08-19,"Edgbaston, Birmingham",1,13.3,Northern Superchargers,Birmingham Phoenix,D Wiese,AJ Hose,TG Helm,1,0,,,,,,,,,
1299189,2022,2022-08-19,"Edgbaston, Birmingham",1,13.4,Northern Superchargers,Birmingham Phoenix,AJ Hose,D Wiese,TG Helm,4,0,,,,,,,,,
1299189,2022,2022-08-19,"Edgbaston, Birmingham",1,13.5,Northern Superchargers,Birmingham Phoenix,AJ Hose,D Wiese,TG Helm,0,0,,,,,,,,,
1299189,2022,2022-08-19,"Edgbaston, Birmingham",1,14.1,Northern Superchargers,Birmingham Phoenix,D Wiese,AJ Hose,Imran Tahir,1,0,,,,,,,,,
1299189,2022,2022-08-19,"Edgbaston, Birmingham",1,14.2,Northern Superchargers,Birmingham Phoenix,AJ Hose,D Wiese,Imran Tahir,0,0,,,,,,,,,
1299189,2022,2022-08-19,"Edgbaston, Birmingham",1,14.3,Northern Superchargers,Birmingham Phoenix,AJ Hose,D Wiese,Imran Tahir,2,0,,,,,,,,,
1299189,2022,2022-08-19,"Edgbaston, Birmingham",1,14.4,Northern Superchargers,Birmingham Phoenix,AJ Hose,D Wiese,Imran Tahir,1,0,,,,,,,,,
1299189,2022,2022-08-19,"Edgbaston, Birmingham",1,14.5,Northern Superchargers,Birmingham Phoenix,D Wiese,AJ Hose,Imran Tahir,1,0,,,,,,,,,
1299189,2022,2022-08-19,"Edgbaston, Birmingham",1,15.1,Northern Superchargers,Birmingham Phoenix,AJ Hose,D Wiese,BAC Howell,1,0,,,,,,,,,
1299189,2022,2022-08-19,"Edgbaston, Birmingham",1,15.2,Northern Superchargers,Birmingham Phoenix,D Wiese,AJ Hose,BAC Howell,6,0,,,,,,,,,
1299189,2022,2022-08-19,"Edgbaston, Birmingham",1,15.3,Northern Superchargers,Birmingham Phoenix,D Wiese,AJ Hose,BAC Howell,0,0,,,,,,,,,
1299189,2022,2022-08-19,"Edgbaston, Birmingham",1,15.4,Northern Superchargers,Birmingham Phoenix,D Wiese,AJ Hose,BAC Howell,6,0,,,,,,,,,
1299189,2022,2022-08-19,"Edgbaston, Birmingham",1,15.5,Northern Superchargers,Birmingham Phoenix,D Wiese,AJ Hose,BAC Howell,0,0,,,,,,,,,
1299189,2022,2022-08-19,"Edgbaston, Birmingham",1,16.1,Northern Superchargers,Birmingham Phoenix,AJ Hose,D Wiese,TG Helm,0,0,,,,,,,,,
1299189,2022,2022-08-19,"Edgbaston, Birmingham",1,16.2,Northern Superchargers,Birmingham Phoenix,AJ Hose,D Wiese,TG Helm,1,0,,,,,,,,,
1299189,2022,2022-08-19,"Edgbaston, Birmingham",1,16.3,Northern Superchargers,Birmingham Phoenix,D Wiese,AJ Hose,TG Helm,4,0,,,,,,,,,
1299189,2022,2022-08-19,"Edgbaston, Birmingham",1,16.4,Northern Superchargers,Birmingham Phoenix,D Wiese,AJ Hose,TG Helm,6,0,,,,,,,,,
1299189,2022,2022-08-19,"Edgbaston, Birmingham",1,16.5,Northern Superchargers,Birmingham Phoenix,D Wiese,AJ Hose,TG Helm,6,0,,,,,,,,,
1299189,2022,2022-08-19,"Edgbaston, Birmingham",1,17.1,Northern Superchargers,Birmingham Phoenix,D Wiese,AJ Hose,KW Richardson,0,1,1,,,,,,,,
1299189,2022,2022-08-19,"Edgbaston, Birmingham",1,17.2,Northern Superchargers,Birmingham Phoenix,D Wiese,AJ Hose,KW Richardson,2,0,,,,,,,,,
1299189,2022,2022-08-19,"Edgbaston, Birmingham",1,17.3,Northern Superchargers,Birmingham Phoenix,D Wiese,AJ Hose,KW Richardson,0,0,,,,,,,,,
1299189,2022,2022-08-19,"Edgbaston, Birmingham",1,17.4,Northern Superchargers,Birmingham Phoenix,D Wiese,AJ Hose,KW Richardson,0,0,,,,,,caught,D Wiese,,
1299189,2022,2022-08-19,"Edgbaston, Birmingham",1,17.5,Northern Superchargers,Birmingham Phoenix,DJ Bravo,AJ Hose,KW Richardson,0,0,,,,,,,,,
1299189,2022,2022-08-19,"Edgbaston, Birmingham",1,17.6,Northern Superchargers,Birmingham Phoenix,DJ Bravo,AJ Hose,KW Richardson,1,0,,,,,,,,,
1299189,2022,2022-08-19,"Edgbaston, Birmingham",1,18.1,Northern Superchargers,Birmingham Phoenix,DJ Bravo,AJ Hose,TG Helm,0,0,,,,,,,,,
1299189,2022,2022-08-19,"Edgbaston, Birmingham",1,18.2,Northern Superchargers,Birmingham Phoenix,DJ Bravo,AJ Hose,TG Helm,1,0,,,,,,,,,
1299189,2022,2022-08-19,"Edgbaston, Birmingham",1,18.3,Northern Superchargers,Birmingham Phoenix,AJ Hose,DJ Bravo,TG Helm,6,0,,,,,,,,,
1299189,2022,2022-08-19,"Edgbaston, Birmingham",1,18.4,Northern Superchargers,Birmingham Phoenix,AJ Hose,DJ Bravo,TG Helm,1,0,,,,,,,,,
1299189,2022,2022-08-19,"Edgbaston, Birmingham",1,18.5,Northern Superchargers,Birmingham Phoenix,DJ Bravo,AJ Hose,TG Helm,2,0,,,,,,,,,
1299189,2022,2022-08-19,"Edgbaston, Birmingham",1,19.1,Northern Superchargers,Birmingham Phoenix,DJ Bravo,AJ Hose,KW Richardson,1,0,,,,,,,,,
1299189,2022,2022-08-19,"Edgbaston, Birmingham",1,19.2,Northern Superchargers,Birmingham Phoenix,AJ Hose,DJ Bravo,KW Richardson,0,0,,,,,,,,,
1299189,2022,2022-08-19,"Edgbaston, Birmingham",1,19.3,Northern Superchargers,Birmingham Phoenix,AJ Hose,DJ Bravo,KW Richardson,4,0,,,,,,,,,
1299189,2022,2022-08-19,"Edgbaston, Birmingham",1,19.4,Northern Superchargers,Birmingham Phoenix,AJ Hose,DJ Bravo,KW Richardson,6,0,,,,,,,,,
1299189,2022,2022-08-19,"Edgbaston, Birmingham",1,19.5,Northern Superchargers,Birmingham Phoenix,AJ Hose,DJ Bravo,KW Richardson,0,1,,,,1,,,,,
1299189,2022,2022-08-19,"Edgbaston, Birmingham",2,0.1,Birmingham Phoenix,Northern Superchargers,WCF Smeed,Miles Hammond,DJ Willey,4,0,,,,,,,,,
1299189,2022,2022-08-19,"Edgbaston, Birmingham",2,0.2,Birmingham Phoenix,Northern Superchargers,WCF Smeed,Miles Hammond,DJ Willey,1,0,,,,,,,,,
1299189,2022,2022-08-19,"Edgbaston, Birmingham",2,0.3,Birmingham Phoenix,Northern Superchargers,Miles Hammond,WCF Smeed,DJ Willey,0,0,,,,,,,,,
1299189,2022,2022-08-19,"Edgbaston, Birmingham",2,0.4,Birmingham Phoenix,Northern Superchargers,Miles Hammond,WCF Smeed,DJ Willey,6,0,,,,,,,,,
1299189,2022,2022-08-19,"Edgbaston, Birmingham",2,0.5,Birmingham Phoenix,Northern Superchargers,Miles Hammond,WCF Smeed,DJ Willey,1,0,,,,,,,,,
1299189,2022,2022-08-19,"Edgbaston, Birmingham",2,1.1,Birmingham Phoenix,Northern Superchargers,WCF Smeed,Miles Hammond,CN Miles,0,0,,,,,,,,,
1299189,2022,2022-08-19,"Edgbaston, Birmingham",2,1.2,Birmingham Phoenix,Northern Superchargers,WCF Smeed,Miles Hammond,CN Miles,0,3,3,,,,,,,,
1299189,2022,2022-08-19,"Edgbaston, Birmingham",2,1.3,Birmingham Phoenix,Northern Superchargers,WCF Smeed,Miles Hammond,CN Miles,6,0,,,,,,,,,
1299189,2022,2022-08-19,"Edgbaston, Birmingham",2,1.4,Birmingham Phoenix,Northern Superchargers,WCF Smeed,Miles Hammond,CN Miles,0,0,,,,,,,,,
1299189,2022,2022-08-19,"Edgbaston, Birmingham",2,1.5,Birmingham Phoenix,Northern Superchargers,WCF Smeed,Miles Hammond,CN Miles,0,0,,,,,,,,,
1299189,2022,2022-08-19,"Edgbaston, Birmingham",2,1.6,Birmingham Phoenix,Northern Superchargers,WCF Smeed,Miles Hammond,CN Miles,4,0,,,,,,,,,
1299189,2022,2022-08-19,"Edgbaston, Birmingham",2,2.1,Birmingham Phoenix,Northern Superchargers,Miles Hammond,WCF Smeed,BA Raine,0,1,1,,,,,,,,
1299189,2022,2022-08-19,"Edgbaston, Birmingham",2,2.2,Birmingham Phoenix,Northern Superchargers,Miles Hammond,WCF Smeed,BA Raine,4,0,,,,,,,,,
1299189,2022,2022-08-19,"Edgbaston, Birmingham",2,2.3,Birmingham Phoenix,Northern Superchargers,Miles Hammond,WCF Smeed,BA Raine,0,0,,,,,,,,,
1299189,2022,2022-08-19,"Edgbaston, Birmingham",2,2.4,Birmingham Phoenix,Northern Superchargers,Miles Hammond,WCF Smeed,BA Raine,0,0,,,,,,,,,
1299189,2022,2022-08-19,"Edgbaston, Birmingham",2,2.5,Birmingham Phoenix,Northern Superchargers,Miles Hammond,WCF Smeed,BA Raine,4,0,,,,,,,,,
1299189,2022,2022-08-19,"Edgbaston, Birmingham",2,2.6,Birmingham Phoenix,Northern Superchargers,Miles Hammond,WCF Smeed,BA Raine,0,1,1,,,,,,,,
1299189,2022,2022-08-19,"Edgbaston, Birmingham",2,2.7,Birmingham Phoenix,Northern Superchargers,Miles Hammond,WCF Smeed,BA Raine,4,0,,,,,,,,,
1299189,2022,2022-08-19,"Edgbaston, Birmingham",2,3.1,Birmingham Phoenix,Northern Superchargers,Miles Hammond,WCF Smeed,DJ Bravo,0,0,,,,,,,,,
1299189,2022,2022-08-19,"Edgbaston, Birmingham",2,3.2,Birmingham Phoenix,Northern Superchargers,Miles Hammond,WCF Smeed,DJ Bravo,0,0,,,,,,,,,
1299189,2022,2022-08-19,"Edgbaston, Birmingham",2,3.3,Birmingham Phoenix,Northern Superchargers,Miles Hammond,WCF Smeed,DJ Bravo,0,0,,,,,,,,,
1299189,2022,2022-08-19,"Edgbaston, Birmingham",2,3.4,Birmingham Phoenix,Northern Superchargers,Miles Hammond,WCF Smeed,DJ Bravo,4,0,,,,,,,,,
1299189,2022,2022-08-19,"Edgbaston, Birmingham",2,3.5,Birmingham Phoenix,Northern Superchargers,Miles Hammond,WCF Smeed,DJ Bravo,1,0,,,,,,,,,
1299189,2022,2022-08-19,"Edgbaston, Birmingham",2,4.1,Birmingham Phoenix,Northern Superchargers,Miles Hammond,WCF Smeed,DJ Willey,0,0,,,,,,,,,
1299189,2022,2022-08-19,"Edgbaston, Birmingham",2,4.2,Birmingham Phoenix,Northern Superchargers,Miles Hammond,WCF Smeed,DJ Willey,0,0,,,,,,,,,
1299189,2022,2022-08-19,"Edgbaston, Birmingham",2,4.3,Birmingham Phoenix,Northern Superchargers,Miles Hammond,WCF Smeed,DJ Willey,1,0,,,,,,,,,
1299189,2022,2022-08-19,"Edgbaston, Birmingham",2,4.4,Birmingham Phoenix,Northern Superchargers,WCF Smeed,Miles Hammond,DJ Willey,0,0,,,,,,caught,WCF Smeed,,
1299189,2022,2022-08-19,"Edgbaston, Birmingham",2,4.5,Birmingham Phoenix,Northern Superchargers,LS Livingstone,Miles Hammond,DJ Willey,1,0,,,,,,,,,
1299189,2022,2022-08-19,"Edgbaston, Birmingham",2,5.1,Birmingham Phoenix,Northern Superchargers,Miles Hammond,LS Livingstone,DJ Willey,3,0,,,,,,,,,
1299189,2022,2022-08-19,"Edgbaston, Birmingham",2,5.2,Birmingham Phoenix,Northern Superchargers,LS Livingstone,Miles Hammond,DJ Willey,4,0,,,,,,,,,
1299189,2022,2022-08-19,"Edgbaston, Birmingham",2,5.3,Birmingham Phoenix,Northern Superchargers,LS Livingstone,Miles Hammond,DJ Willey,0,0,,,,,,,,,
1299189,2022,2022-08-19,"Edgbaston, Birmingham",2,5.4,Birmingham Phoenix,Northern Superchargers,LS Livingstone,Miles Hammond,DJ Willey,0,0,,,,,,caught,LS Livingstone,,
1299189,2022,2022-08-19,"Edgbaston, Birmingham",2,5.5,Birmingham Phoenix,Northern Superchargers,MM Ali,Miles Hammond,DJ Willey,1,0,,,,,,,,,
1299189,2022,2022-08-19,"Edgbaston, Birmingham",2,6.1,Birmingham Phoenix,Northern Superchargers,MM Ali,Miles Hammond,CN Miles,0,1,1,,,,,,,,
1299189,2022,2022-08-19,"Edgbaston, Birmingham",2,6.2,Birmingham Phoenix,Northern Superchargers,MM Ali,Miles Hammond,CN Miles,0,0,,,,,,,,,
1299189,2022,2022-08-19,"Edgbaston, Birmingham",2,6.3,Birmingham Phoenix,Northern Superchargers,MM Ali,Miles Hammond,CN Miles,0,1,1,,,,,,,,
1299189,2022,2022-08-19,"Edgbaston, Birmingham",2,6.4,Birmingham Phoenix,Northern Superchargers,MM Ali,Miles Hammond,CN Miles,0,1,1,,,,,,,,
1299189,2022,2022-08-19,"Edgbaston, Birmingham",2,6.5,Birmingham Phoenix,Northern Superchargers,MM Ali,Miles Hammond,CN Miles,0,0,,,,,,,,,
1299189,2022,2022-08-19,"Edgbaston, Birmingham",2,6.6,Birmingham Phoenix,Northern Superchargers,MM Ali,Miles Hammond,CN Miles,0,0,,,,,,,,,
1299189,2022,2022-08-19,"Edgbaston, Birmingham",2,6.7,Birmingham Phoenix,Northern Superchargers,MM Ali,Miles Hammond,CN Miles,0,0,,,,,,caught,MM Ali,,
1299189,2022,2022-08-19,"Edgbaston, Birmingham",2,6.8,Birmingham Phoenix,Northern Superchargers,MS Wade,Miles Hammond,CN Miles,1,0,,,,,,,,,
1299189,2022,2022-08-19,"Edgbaston, Birmingham",2,7.1,Birmingham Phoenix,Northern Superchargers,Miles Hammond,MS Wade,D Wiese,0,0,,,,,,,,,
1299189,2022,2022-08-19,"Edgbaston, Birmingham",2,7.2,Birmingham Phoenix,Northern Superchargers,Miles Hammond,MS Wade,D Wiese,0,0,,,,,,,,,
1299189,2022,2022-08-19,"Edgbaston, Birmingham",2,7.3,Birmingham Phoenix,Northern Superchargers,Miles Hammond,MS Wade,D Wiese,1,0,,,,,,,,,
1299189,2022,2022-08-19,"Edgbaston, Birmingham",2,7.4,Birmingham Phoenix,Northern Superchargers,MS Wade,Miles Hammond,D Wiese,1,0,,,,,,,,,
1299189,2022,2022-08-19,"Edgbaston, Birmingham",2,7.5,Birmingham Phoenix,Northern Superchargers,Miles Hammond,MS Wade,D Wiese,0,0,,,,,,,,,
1299189,2022,2022-08-19,"Edgbaston, Birmingham",2,8.1,Birmingham Phoenix,Northern Superchargers,MS Wade,Miles Hammond,AU Rashid,0,0,,,,,,,,,
1299189,2022,2022-08-19,"Edgbaston, Birmingham",2,8.2,Birmingham Phoenix,Northern Superchargers,MS Wade,Miles Hammond,AU Rashid,1,0,,,,,,,,,
1299189,2022,2022-08-19,"Edgbaston, Birmingham",2,8.3,Birmingham Phoenix,Northern Superchargers,Miles Hammond,MS Wade,AU Rashid,1,0,,,,,,,,,
1299189,2022,2022-08-19,"Edgbaston, Birmingham",2,8.4,Birmingham Phoenix,Northern Superchargers,MS Wade,Miles Hammond,AU Rashid,0,0,,,,,,caught,MS Wade,,
1299189,2022,2022-08-19,"Edgbaston, Birmingham",2,8.5,Birmingham Phoenix,Northern Superchargers,CG Benjamin,Miles Hammond,AU Rashid,0,1,1,,,,,,,,
1299189,2022,2022-08-19,"Edgbaston, Birmingham",2,8.6,Birmingham Phoenix,Northern Superchargers,CG Benjamin,Miles Hammond,AU Rashid,0,0,,,,,,,,,
1299189,2022,2022-08-19,"Edgbaston, Birmingham",2,9.1,Birmingham Phoenix,Northern Superchargers,CG Benjamin,Miles Hammond,AU Rashid,0,0,,,,,,,,,
1299189,2022,2022-08-19,"Edgbaston, Birmingham",2,9.2,Birmingham Phoenix,Northern Superchargers,CG Benjamin,Miles Hammond,AU Rashid,1,0,,,,,,,,,
1299189,2022,2022-08-19,"Edgbaston, Birmingham",2,9.3,Birmingham Phoenix,Northern Superchargers,Miles Hammond,CG Benjamin,AU Rashid,0,0,,,,,,,,,
1299189,2022,2022-08-19,"Edgbaston, Birmingham",2,9.4,Birmingham Phoenix,Northern Superchargers,Miles Hammond,CG Benjamin,AU Rashid,1,0,,,,,,,,,
1299189,2022,2022-08-19,"Edgbaston, Birmingham",2,9.5,Birmingham Phoenix,Northern Superchargers,CG Benjamin,Miles Hammond,AU Rashid,0,1,1,,,,,,,,
1299189,2022,2022-08-19,"Edgbaston, Birmingham",2,9.6,Birmingham Phoenix,Northern Superchargers,CG Benjamin,Miles Hammond,AU Rashid,2,0,,,,,,,,,
1299189,2022,2022-08-19,"Edgbaston, Birmingham",2,10.1,Birmingham Phoenix,Northern Superchargers,Miles Hammond,CG Benjamin,D Wiese,0,0,,,,,,,,,
1299189,2022,2022-08-19,"Edgbaston, Birmingham",2,10.2,Birmingham Phoenix,Northern Superchargers,Miles Hammond,CG Benjamin,D Wiese,0,0,,,,,,,,,
1299189,2022,2022-08-19,"Edgbaston, Birmingham",2,10.3,Birmingham Phoenix,Northern Superchargers,Miles Hammond,CG Benjamin,D Wiese,0,0,,,,,,caught,Miles Hammond,,
1299189,2022,2022-08-19,"Edgbaston, Birmingham",2,10.4,Birmingham Phoenix,Northern Superchargers,BAC Howell,CG Benjamin,D Wiese,1,0,,,,,,,,,
1299189,2022,2022-08-19,"Edgbaston, Birmingham",2,10.5,Birmingham Phoenix,Northern Superchargers,CG Benjamin,BAC Howell,D Wiese,1,0,,,,,,,,,
1299189,2022,2022-08-19,"Edgbaston, Birmingham",2,11.1,Birmingham Phoenix,Northern Superchargers,BAC Howell,CG Benjamin,AU Rashid,4,0,,,,,,,,,
1299189,2022,2022-08-19,"Edgbaston, Birmingham",2,11.2,Birmingham Phoenix,Northern Superchargers,BAC Howell,CG Benjamin,AU Rashid,1,0,,,,,,,,,
1299189,2022,2022-08-19,"Edgbaston, Birmingham",2,11.3,Birmingham Phoenix,Northern Superchargers,CG Benjamin,BAC Howell,AU Rashid,1,0,,,,,,,,,
1299189,2022,2022-08-19,"Edgbaston, Birmingham",2,11.4,Birmingham Phoenix,Northern Superchargers,BAC Howell,CG Benjamin,AU Rashid,0,0,,,,,,,,,
1299189,2022,2022-08-19,"Edgbaston, Birmingham",2,11.5,Birmingham Phoenix,Northern Superchargers,BAC Howell,CG Benjamin,AU Rashid,2,0,,,,,,,,,
1299189,2022,2022-08-19,"Edgbaston, Birmingham",2,12.1,Birmingham Phoenix,Northern Superchargers,CG Benjamin,BAC Howell,BA Raine,6,0,,,,,,,,,
1299189,2022,2022-08-19,"Edgbaston, Birmingham",2,12.2,Birmingham Phoenix,Northern Superchargers,CG Benjamin,BAC Howell,BA Raine,1,0,,,,,,,,,
1299189,2022,2022-08-19,"Edgbaston, Birmingham",2,12.3,Birmingham Phoenix,Northern Superchargers,BAC Howell,CG Benjamin,BA Raine,4,0,,,,,,,,,
1299189,2022,2022-08-19,"Edgbaston, Birmingham",2,12.4,Birmingham Phoenix,Northern Superchargers,BAC Howell,CG Benjamin,BA Raine,1,0,,,,,,,,,
1299189,2022,2022-08-19,"Edgbaston, Birmingham",2,12.5,Birmingham Phoenix,Northern Superchargers,CG Benjamin,BAC Howell,BA Raine,0,1,1,,,,,,,,
1299189,2022,2022-08-19,"Edgbaston, Birmingham",2,12.6,Birmingham Phoenix,Northern Superchargers,CG Benjamin,BAC Howell,BA Raine,0,0,,,,,,,,,
1299189,2022,2022-08-19,"Edgbaston, Birmingham",2,13.1,Birmingham Phoenix,Northern Superchargers,CG Benjamin,BAC Howell,DJ Bravo,0,0,,,,,,,,,
1299189,2022,2022-08-19,"Edgbaston, Birmingham",2,13.2,Birmingham Phoenix,Northern Superchargers,CG Benjamin,BAC Howell,DJ Bravo,0,0,,,,,,caught,CG Benjamin,,
1299189,2022,2022-08-19,"Edgbaston, Birmingham",2,13.3,Birmingham Phoenix,Northern Superchargers,TG Helm,BAC Howell,DJ Bravo,0,1,1,,,,,,,,
1299189,2022,2022-08-19,"Edgbaston, Birmingham",2,13.4,Birmingham Phoenix,Northern Superchargers,TG Helm,BAC Howell,DJ Bravo,0,0,,,,,,,,,
1299189,2022,2022-08-19,"Edgbaston, Birmingham",2,13.5,Birmingham Phoenix,Northern Superchargers,TG Helm,BAC Howell,DJ Bravo,1,0,,,,,,,,,
1299189,2022,2022-08-19,"Edgbaston, Birmingham",2,13.6,Birmingham Phoenix,Northern Superchargers,BAC Howell,TG Helm,DJ Bravo,1,0,,,,,,,,,
1299189,2022,2022-08-19,"Edgbaston, Birmingham",2,14.1,Birmingham Phoenix,Northern Superchargers,BAC Howell,TG Helm,AU Rashid,1,0,,,,,,,,,
1299189,2022,2022-08-19,"Edgbaston, Birmingham",2,14.2,Birmingham Phoenix,Northern Superchargers,TG Helm,BAC Howell,AU Rashid,0,0,,,,,,,,,
1299189,2022,2022-08-19,"Edgbaston, Birmingham",2,14.3,Birmingham Phoenix,Northern Superchargers,TG Helm,BAC Howell,AU Rashid,0,0,,,,,,,,,
1299189,2022,2022-08-19,"Edgbaston, Birmingham",2,14.4,Birmingham Phoenix,Northern Superchargers,TG Helm,BAC Howell,AU Rashid,0,0,,,,,,,,,
1299189,2022,2022-08-19,"Edgbaston, Birmingham",2,14.5,Birmingham Phoenix,Northern Superchargers,TG Helm,BAC Howell,AU Rashid,1,0,,,,,,,,,
1299189,2022,2022-08-19,"Edgbaston, Birmingham",2,15.1,Birmingham Phoenix,Northern Superchargers,BAC Howell,TG Helm,D Wiese,0,0,,,,,,,,,
1299189,2022,2022-08-19,"Edgbaston, Birmingham",2,15.2,Birmingham Phoenix,Northern Superchargers,BAC Howell,TG Helm,D Wiese,1,0,,,,,,,,,
1299189,2022,2022-08-19,"Edgbaston, Birmingham",2,15.3,Birmingham Phoenix,Northern Superchargers,TG Helm,BAC Howell,D Wiese,1,0,,,,,,,,,
1299189,2022,2022-08-19,"Edgbaston, Birmingham",2,15.4,Birmingham Phoenix,Northern Superchargers,BAC Howell,TG Helm,D Wiese,0,0,,,,,,,,,
1299189,2022,2022-08-19,"Edgbaston, Birmingham",2,15.5,Birmingham Phoenix,Northern Superchargers,BAC Howell,TG Helm,D Wiese,3,0,,,,,,,,,
1299189,2022,2022-08-19,"Edgbaston, Birmingham",2,16.1,Birmingham Phoenix,Northern Superchargers,BAC Howell,TG Helm,DJ Bravo,0,1,1,,,,,,,,
1299189,2022,2022-08-19,"Edgbaston, Birmingham",2,16.2,Birmingham Phoenix,Northern Superchargers,BAC Howell,TG Helm,DJ Bravo,0,0,,,,,,,,,
1299189,2022,2022-08-19,"Edgbaston, Birmingham",2,16.3,Birmingham Phoenix,Northern Superchargers,BAC Howell,TG Helm,DJ Bravo,1,0,,,,,,,,,
1299189,2022,2022-08-19,"Edgbaston, Birmingham",2,16.4,Birmingham Phoenix,Northern Superchargers,TG Helm,BAC Howell,DJ Bravo,2,0,,,,,,,,,
1299189,2022,2022-08-19,"Edgbaston, Birmingham",2,16.5,Birmingham Phoenix,Northern Superchargers,TG Helm,BAC Howell,DJ Bravo,4,0,,,,,,,,,
1299189,2022,2022-08-19,"Edgbaston, Birmingham",2,16.6,Birmingham Phoenix,Northern Superchargers,TG Helm,BAC Howell,DJ Bravo,0,0,,,,,,,,,
1299189,2022,2022-08-19,"Edgbaston, Birmingham",2,17.1,Birmingham Phoenix,Northern Superchargers,TG Helm,BAC Howell,DJ Bravo,1,0,,,,,,,,,
1299189,2022,2022-08-19,"Edgbaston, Birmingham",2,17.2,Birmingham Phoenix,Northern Superchargers,BAC Howell,TG Helm,DJ Bravo,0,1,1,,,,,,,,
1299189,2022,2022-08-19,"Edgbaston, Birmingham",2,17.3,Birmingham Phoenix,Northern Superchargers,BAC Howell,TG Helm,DJ Bravo,1,0,,,,,,,,,
1299189,2022,2022-08-19,"Edgbaston, Birmingham",2,17.4,Birmingham Phoenix,Northern Superchargers,TG Helm,BAC Howell,DJ Bravo,1,0,,,,,,,,,
1299189,2022,2022-08-19,"Edgbaston, Birmingham",2,17.5,Birmingham Phoenix,Northern Superchargers,BAC Howell,TG Helm,DJ Bravo,1,0,,,,,,,,,
1299189,2022,2022-08-19,"Edgbaston, Birmingham",2,17.6,Birmingham Phoenix,Northern Superchargers,TG Helm,BAC Howell,DJ Bravo,0,0,,,,,,,,,
1299189,2022,2022-08-19,"Edgbaston, Birmingham",2,18.1,Birmingham Phoenix,Northern Superchargers,BAC Howell,TG Helm,D Wiese,0,0,,,,,,caught,BAC Howell,,
1299189,2022,2022-08-19,"Edgbaston, Birmingham",2,18.2,Birmingham Phoenix,Northern Superchargers,HJH Brookes,TG Helm,D Wiese,0,0,,,,,,bowled,HJH Brookes,,
1299189,2022,2022-08-19,"Edgbaston, Birmingham",2,18.3,Birmingham Phoenix,Northern Superchargers,KW Richardson,TG Helm,D Wiese,2,0,,,,,,,,,
1299189,2022,2022-08-19,"Edgbaston, Birmingham",2,18.4,Birmingham Phoenix,Northern Superchargers,KW Richardson,TG Helm,D Wiese,4,0,,,,,,,,,
1299189,2022,2022-08-19,"Edgbaston, Birmingham",2,18.5,Birmingham Phoenix,Northern Superchargers,KW Richardson,TG Helm,D Wiese,0,0,,,,,,,,,
1299189,2022,2022-08-19,"Edgbaston, Birmingham",2,19.1,Birmingham Phoenix,Northern Superchargers,KW Richardson,TG Helm,BA Raine,2,0,,,,,,,,,
1299189,2022,2022-08-19,"Edgbaston, Birmingham",2,19.2,Birmingham Phoenix,Northern Superchargers,KW Richardson,TG Helm,BA Raine,1,0,,,,,,,,,
1299189,2022,2022-08-19,"Edgbaston, Birmingham",2,19.3,Birmingham Phoenix,Northern Superchargers,TG Helm,KW Richardson,BA Raine,4,2,,2,,,,,,,
1299189,2022,2022-08-19,"Edgbaston, Birmingham",2,19.4,Birmingham Phoenix,Northern Superchargers,TG Helm,KW Richardson,BA Raine,2,0,,,,,,,,,
1299189,2022,2022-08-19,"Edgbaston, Birmingham",2,19.5,Birmingham Phoenix,Northern Superchargers,TG Helm,KW Richardson,BA Raine,0,0,,,,,,bowled,TG Helm,,
1299189,2022,2022-08-19,"Edgbaston, Birmingham",2,19.6,Birmingham Phoenix,Northern Superchargers,Imran Tahir,KW Richardson,BA Raine,6,0,,,,,,,,,
