match_id,season,start_date,venue,innings,ball,batting_team,bowling_team,striker,non_striker,bowler,runs_off_bat,extras,wides,noballs,byes,legbyes,penalty,wicket_type,player_dismissed,other_wicket_type,other_player_dismissed
1299201,2022,2022-08-31,"Headingley, Leeds",1,0.1,Northern Superchargers,Southern Brave,F du Plessis,A Lyth,PR Stirling,1,0,,,,,,,,,
1299201,2022,2022-08-31,"Headingley, Leeds",1,0.2,Northern Superchargers,Southern Brave,A Lyth,F du Plessis,PR Stirling,0,0,,,,,,,,,
1299201,2022,2022-08-31,"Headingley, Leeds",1,0.3,Northern Superchargers,Southern Brave,A Lyth,F du Plessis,PR Stirling,1,0,,,,,,,,,
1299201,2022,2022-08-31,"Headingley, Leeds",1,0.4,Northern Superchargers,Southern Brave,F du Plessis,A Lyth,PR Stirling,4,0,,,,,,,,,
1299201,2022,2022-08-31,"Headingley, Leeds",1,0.5,Northern Superchargers,Southern Brave,F du Plessis,A Lyth,PR Stirling,1,0,,,,,,,,,
1299201,2022,2022-08-31,"Headingley, Leeds",1,1.1,Northern Superchargers,Southern Brave,A Lyth,F du Plessis,MG Hogan,2,0,,,,,,,,,
1299201,2022,2022-08-31,"Headingley, Leeds",1,1.2,Northern Superchargers,Southern Brave,A Lyth,F du Plessis,MG Hogan,6,0,,,,,,,,,
1299201,2022,2022-08-31,"Headingley, Leeds",1,1.3,Northern Superchargers,Southern Brave,A Lyth,F du Plessis,MG Hogan,1,0,,,,,,,,,
1299201,2022,2022-08-31,"Headingley, Leeds",1,1.4,Northern Superchargers,Southern Brave,F du Plessis,A Lyth,MG Hogan,1,0,,,,,,,,,
1299201,2022,2022-08-31,"Headingley, Leeds",1,1.5,Northern Superchargers,Southern Brave,A Lyth,F du Plessis,MG Hogan,0,0,,,,,,,,,
1299201,2022,2022-08-31,"Headingley, Leeds",1,2.1,Northern Superchargers,Southern Brave,F du Plessis,A Lyth,Rehan Ahmed,0,0,,,,,,caught,F du Plessis,,
1299201,2022,2022-08-31,"Headingley, Leeds",1,2.2,Northern Superchargers,Southern Brave,DJ Willey,A Lyth,Rehan Ahmed,0,0,,,,,,,,,
1299201,2022,2022-08-31,"Headingley, Leeds",1,2.3,Northern Superchargers,Southern Brave,DJ Willey,A Lyth,Rehan Ahmed,0,0,,,,,,,,,
1299201,2022,2022-08-31,"Headingley, Leeds",1,2.4,Northern Superchargers,Southern Brave,DJ Willey,A Lyth,Rehan Ahmed,0,0,,,,,,,,,
1299201,2022,2022-08-31,"Headingley, Leeds",1,2.5,Northern Superchargers,Southern Brave,DJ Willey,A Lyth,Rehan Ahmed,0,0,,,,,,,,,
1299201,2022,2022-08-31,"Headingley, Leeds",1,3.1,Northern Superchargers,Southern Brave,DJ Willey,A Lyth,PR Stirling,4,0,,,,,,,,,
1299201,2022,2022-08-31,"Headingley, Leeds",1,3.2,Northern Superchargers,Southern Brave,DJ Willey,A Lyth,PR Stirling,4,0,,,,,,,,,
1299201,2022,2022-08-31,"Headingley, Leeds",1,3.3,Northern Superchargers,Southern Brave,DJ Willey,A Lyth,PR Stirling,0,0,,,,,,,,,
1299201,2022,2022-08-31,"Headingley, Leeds",1,3.4,Northern Superchargers,Southern Brave,DJ Willey,A Lyth,PR Stirling,0,0,,,,,,,,,
1299201,2022,2022-08-31,"Headingley, Leeds",1,3.5,Northern Superchargers,Southern Brave,DJ Willey,A Lyth,PR Stirling,0,0,,,,,,,,,
1299201,2022,2022-08-31,"Headingley, Leeds",1,4.1,Northern Superchargers,Southern Brave,A Lyth,DJ Willey,Rehan Ahmed,1,0,,,,,,,,,
1299201,2022,2022-08-31,"Headingley, Leeds",1,4.2,Northern Superchargers,Southern Brave,DJ Willey,A Lyth,Rehan Ahmed,4,0,,,,,,,,,
1299201,2022,2022-08-31,"Headingley, Leeds",1,4.3,Northern Superchargers,Southern Brave,DJ Willey,A Lyth,Rehan Ahmed,1,0,,,,,,,,,
1299201,2022,2022-08-31,"Headingley, Leeds",1,4.4,Northern Superchargers,Southern Brave,A Lyth,DJ Willey,Rehan Ahmed,1,0,,,,,,,,,
1299201,2022,2022-08-31,"Headingley, Leeds",1,4.5,Northern Superchargers,Southern Brave,DJ Willey,A Lyth,Rehan Ahmed,1,0,,,,,,,,,
1299201,2022,2022-08-31,"Headingley, Leeds",1,5.1,Northern Superchargers,Southern Brave,A Lyth,DJ Willey,JB Lintott,1,0,,,,,,,,,
1299201,2022,2022-08-31,"Headingley, Leeds",1,5.2,Northern Superchargers,Southern Brave,DJ Willey,A Lyth,JB Lintott,1,0,,,,,,,,,
1299201,2022,2022-08-31,"Headingley, Leeds",1,5.3,Northern Superchargers,Southern Brave,A Lyth,DJ Willey,JB Lintott,1,0,,,,,,,,,
1299201,2022,2022-08-31,"Headingley, Leeds",1,5.4,Northern Superchargers,Southern Brave,DJ Willey,A Lyth,JB Lintott,4,0,,,,,,,,,
1299201,2022,2022-08-31,"Headingley, Leeds",1,5.5,Northern Superchargers,Southern Brave,DJ Willey,A Lyth,JB Lintott,1,0,,,,,,,,,
1299201,2022,2022-08-31,"Headingley, Leeds",1,6.1,Northern Superchargers,Southern Brave,DJ Willey,A Lyth,JK Fuller,1,0,,,,,,,,,
1299201,2022,2022-08-31,"Headingley, Leeds",1,6.2,Northern Superchargers,Southern Brave,A Lyth,DJ Willey,JK Fuller,1,0,,,,,,,,,
1299201,2022,2022-08-31,"Headingley, Leeds",1,6.3,Northern Superchargers,Southern Brave,DJ Willey,A Lyth,JK Fuller,1,0,,,,,,,,,
1299201,2022,2022-08-31,"Headingley, Leeds",1,6.4,Northern Superchargers,Southern Brave,A Lyth,DJ Willey,JK Fuller,0,1,1,,,,,,,,
1299201,2022,2022-08-31,"Headingley, Leeds",1,6.5,Northern Superchargers,Southern Brave,A Lyth,DJ Willey,JK Fuller,2,0,,,,,,,,,
1299201,2022,2022-08-31,"Headingley, Leeds",1,6.6,Northern Superchargers,Southern Brave,A Lyth,DJ Willey,JK Fuller,0,1,,,,1,,,,,
1299201,2022,2022-08-31,"Headingley, Leeds",1,7.1,Northern Superchargers,Southern Brave,DJ Willey,A Lyth,PR Stirling,0,0,,,,,,caught,DJ Willey,,
1299201,2022,2022-08-31,"Headingley, Leeds",1,7.2,Northern Superchargers,Southern Brave,HC Brook,A Lyth,PR Stirling,1,0,,,,,,,,,
1299201,2022,2022-08-31,"Headingley, Leeds",1,7.3,Northern Superchargers,Southern Brave,A Lyth,HC Brook,PR Stirling,0,0,,,,,,,,,
1299201,2022,2022-08-31,"Headingley, Leeds",1,7.4,Northern Superchargers,Southern Brave,A Lyth,HC Brook,PR Stirling,0,1,1,,,,,,,,
1299201,2022,2022-08-31,"Headingley, Leeds",1,7.5,Northern Superchargers,Southern Brave,A Lyth,HC Brook,PR Stirling,0,0,,,,,,,,,
1299201,2022,2022-08-31,"Headingley, Leeds",1,7.6,Northern Superchargers,Southern Brave,A Lyth,HC Brook,PR Stirling,1,0,,,,,,,,,
1299201,2022,2022-08-31,"Headingley, Leeds",1,8.1,Northern Superchargers,Southern Brave,A Lyth,HC Brook,JB Lintott,1,0,,,,,,,,,
1299201,2022,2022-08-31,"Headingley, Leeds",1,8.2,Northern Superchargers,Southern Brave,HC Brook,A Lyth,JB Lintott,4,0,,,,,,,,,
1299201,2022,2022-08-31,"Headingley, Leeds",1,8.3,Northern Superchargers,Southern Brave,HC Brook,A Lyth,JB Lintott,1,0,,,,,,,,,
1299201,2022,2022-08-31,"Headingley, Leeds",1,8.4,Northern Superchargers,Southern Brave,A Lyth,HC Brook,JB Lintott,1,0,,,,,,,,,
1299201,2022,2022-08-31,"Headingley, Leeds",1,8.5,Northern Superchargers,Southern Brave,HC Brook,A Lyth,JB Lintott,4,0,,,,,,,,,
1299201,2022,2022-08-31,"Headingley, Leeds",1,9.1,Northern Superchargers,Southern Brave,HC Brook,A Lyth,S Baker,2,0,,,,,,,,,
1299201,2022,2022-08-31,"Headingley, Leeds",1,9.2,Northern Superchargers,Southern Brave,HC Brook,A Lyth,S Baker,1,0,,,,,,,,,
1299201,2022,2022-08-31,"Headingley, Leeds",1,9.3,Northern Superchargers,Southern Brave,A Lyth,HC Brook,S Baker,0,0,,,,,,,,,
1299201,2022,2022-08-31,"Headingley, Leeds",1,9.4,Northern Superchargers,Southern Brave,A Lyth,HC Brook,S Baker,0,0,,,,,,caught,A Lyth,,
1299201,2022,2022-08-31,"Headingley, Leeds",1,9.5,Northern Superchargers,Southern Brave,AJ Hose,HC Brook,S Baker,1,0,,,,,,,,,
1299201,2022,2022-08-31,"Headingley, Leeds",1,10.1,Northern Superchargers,Southern Brave,AJ Hose,HC Brook,Rehan Ahmed,0,0,,,,,,,,,
1299201,2022,2022-08-31,"Headingley, Leeds",1,10.2,Northern Superchargers,Southern Brave,AJ Hose,HC Brook,Rehan Ahmed,1,0,,,,,,,,,
1299201,2022,2022-08-31,"Headingley, Leeds",1,10.3,Northern Superchargers,Southern Brave,HC Brook,AJ Hose,Rehan Ahmed,1,0,,,,,,,,,
1299201,2022,2022-08-31,"Headingley, Leeds",1,10.4,Northern Superchargers,Southern Brave,AJ Hose,HC Brook,Rehan Ahmed,1,0,,,,,,,,,
1299201,2022,2022-08-31,"Headingley, Leeds",1,10.5,Northern Superchargers,Southern Brave,HC Brook,AJ Hose,Rehan Ahmed,2,0,,,,,,,,,
1299201,2022,2022-08-31,"Headingley, Leeds",1,11.1,Northern Superchargers,Southern Brave,HC Brook,AJ Hose,JK Fuller,0,2,,2,,,,,,,
1299201,2022,2022-08-31,"Headingley, Leeds",1,11.2,Northern Superchargers,Southern Brave,HC Brook,AJ Hose,JK Fuller,1,0,,,,,,,,,
1299201,2022,2022-08-31,"Headingley, Leeds",1,11.3,Northern Superchargers,Southern Brave,AJ Hose,HC Brook,JK Fuller,1,0,,,,,,,,,
1299201,2022,2022-08-31,"Headingley, Leeds",1,11.4,Northern Superchargers,Southern Brave,HC Brook,AJ Hose,JK Fuller,4,0,,,,,,,,,
1299201,2022,2022-08-31,"Headingley, Leeds",1,11.5,Northern Superchargers,Southern Brave,HC Brook,AJ Hose,JK Fuller,0,0,,,,,,,,,
1299201,2022,2022-08-31,"Headingley, Leeds",1,11.6,Northern Superchargers,Southern Brave,HC Brook,AJ Hose,JK Fuller,0,0,,,,,,,,,
1299201,2022,2022-08-31,"Headingley, Leeds",1,12.1,Northern Superchargers,Southern Brave,AJ Hose,HC Brook,JB Lintott,1,0,,,,,,,,,
1299201,2022,2022-08-31,"Headingley, Leeds",1,12.2,Northern Superchargers,Southern Brave,HC Brook,AJ Hose,JB Lintott,1,0,,,,,,,,,
1299201,2022,2022-08-31,"Headingley, Leeds",1,12.3,Northern Superchargers,Southern Brave,AJ Hose,HC Brook,JB Lintott,1,0,,,,,,,,,
1299201,2022,2022-08-31,"Headingley, Leeds",1,12.4,Northern Superchargers,Southern Brave,HC Brook,AJ Hose,JB Lintott,1,0,,,,,,,,,
1299201,2022,2022-08-31,"Headingley, Leeds",1,12.5,Northern Superchargers,Southern Brave,AJ Hose,HC Brook,JB Lintott,1,0,,,,,,,,,
1299201,2022,2022-08-31,"Headingley, Leeds",1,13.1,Northern Superchargers,Southern Brave,HC Brook,AJ Hose,S Baker,6,0,,,,,,,,,
1299201,2022,2022-08-31,"Headingley, Leeds",1,13.2,Northern Superchargers,Southern Brave,HC Brook,AJ Hose,S Baker,0,1,1,,,,,,,,
1299201,2022,2022-08-31,"Headingley, Leeds",1,13.3,Northern Superchargers,Southern Brave,HC Brook,AJ Hose,S Baker,0,0,,,,,,caught,HC Brook,,
1299201,2022,2022-08-31,"Headingley, Leeds",1,13.4,Northern Superchargers,Southern Brave,MS Pepper,AJ Hose,S Baker,1,0,,,,,,,,,
1299201,2022,2022-08-31,"Headingley, Leeds",1,13.5,Northern Superchargers,Southern Brave,AJ Hose,MS Pepper,S Baker,1,0,,,,,,,,,
1299201,2022,2022-08-31,"Headingley, Leeds",1,13.6,Northern Superchargers,Southern Brave,MS Pepper,AJ Hose,S Baker,4,0,,,,,,,,,
1299201,2022,2022-08-31,"Headingley, Leeds",1,14.1,Northern Superchargers,Southern Brave,AJ Hose,MS Pepper,Rehan Ahmed,1,0,,,,,,,,,
1299201,2022,2022-08-31,"Headingley, Leeds",1,14.2,Northern Superchargers,Southern Brave,MS Pepper,AJ Hose,Rehan Ahmed,1,0,,,,,,,,,
1299201,2022,2022-08-31,"Headingley, Leeds",1,14.3,Northern Superchargers,Southern Brave,AJ Hose,MS Pepper,Rehan Ahmed,0,0,,,,,,caught,AJ Hose,,
1299201,2022,2022-08-31,"Headingley, Leeds",1,14.4,Northern Superchargers,Southern Brave,D Wiese,MS Pepper,Rehan Ahmed,1,0,,,,,,,,,
1299201,2022,2022-08-31,"Headingley, Leeds",1,14.5,Northern Superchargers,Southern Brave,MS Pepper,D Wiese,Rehan Ahmed,4,0,,,,,,,,,
1299201,2022,2022-08-31,"Headingley, Leeds",1,15.1,Northern Superchargers,Southern Brave,MS Pepper,D Wiese,JK Fuller,0,0,,,,,,,,,
1299201,2022,2022-08-31,"Headingley, Leeds",1,15.2,Northern Superchargers,Southern Brave,MS Pepper,D Wiese,JK Fuller,1,0,,,,,,,,,
1299201,2022,2022-08-31,"Headingley, Leeds",1,15.3,Northern Superchargers,Southern Brave,D Wiese,MS Pepper,JK Fuller,0,0,,,,,,,,,
1299201,2022,2022-08-31,"Headingley, Leeds",1,15.4,Northern Superchargers,Southern Brave,D Wiese,MS Pepper,JK Fuller,4,0,,,,,,,,,
1299201,2022,2022-08-31,"Headingley, Leeds",1,15.5,Northern Superchargers,Southern Brave,D Wiese,MS Pepper,JK Fuller,0,0,,,,,,,,,
1299201,2022,2022-08-31,"Headingley, Leeds",1,16.1,Northern Superchargers,Southern Brave,MS Pepper,D Wiese,JB Lintott,2,0,,,,,,,,,
1299201,2022,2022-08-31,"Headingley, Leeds",1,16.2,Northern Superchargers,Southern Brave,MS Pepper,D Wiese,JB Lintott,0,0,,,,,,caught,MS Pepper,,
1299201,2022,2022-08-31,"Headingley, Leeds",1,16.3,Northern Superchargers,Southern Brave,WD Parnell,D Wiese,JB Lintott,0,0,,,,,,,,,
1299201,2022,2022-08-31,"Headingley, Leeds",1,16.4,Northern Superchargers,Southern Brave,WD Parnell,D Wiese,JB Lintott,0,0,,,,,,,,,
1299201,2022,2022-08-31,"Headingley, Leeds",1,16.5,Northern Superchargers,Southern Brave,WD Parnell,D Wiese,JB Lintott,1,0,,,,,,,,,
1299201,2022,2022-08-31,"Headingley, Leeds",1,17.1,Northern Superchargers,Southern Brave,D Wiese,WD Parnell,S Baker,1,0,,,,,,,,,
1299201,2022,2022-08-31,"Headingley, Leeds",1,17.2,Northern Superchargers,Southern Brave,WD Parnell,D Wiese,S Baker,1,0,,,,,,,,,
1299201,2022,2022-08-31,"Headingley, Leeds",1,17.3,Northern Superchargers,Southern Brave,D Wiese,WD Parnell,S Baker,1,0,,,,,,,,,
1299201,2022,2022-08-31,"Headingley, Leeds",1,17.4,Northern Superchargers,Southern Brave,WD Parnell,D Wiese,S Baker,0,1,1,,,,,,,,
1299201,2022,2022-08-31,"Headingley, Leeds",1,17.5,Northern Superchargers,Southern Brave,WD Parnell,D Wiese,S Baker,1,0,,,,,,,,,
1299201,2022,2022-08-31,"Headingley, Leeds",1,17.6,Northern Superchargers,Southern Brave,D Wiese,WD Parnell,S Baker,6,0,,,,,,,,,
1299201,2022,2022-08-31,"Headingley, Leeds",1,18.1,Northern Superchargers,Southern Brave,WD Parnell,D Wiese,JK Fuller,1,0,,,,,,,,,
1299201,2022,2022-08-31,"Headingley, Leeds",1,18.2,Northern Superchargers,Southern Brave,D Wiese,WD Parnell,JK Fuller,0,0,,,,,,caught,D Wiese,,
1299201,2022,2022-08-31,"Headingley, Leeds",1,18.3,Northern Superchargers,Southern Brave,AU Rashid,WD Parnell,JK Fuller,0,0,,,,,,,,,
1299201,2022,2022-08-31,"Headingley, Leeds",1,18.4,Northern Superchargers,Southern Brave,AU Rashid,WD Parnell,JK Fuller,0,0,,,,,,caught,AU Rashid,,
1299201,2022,2022-08-31,"Headingley, Leeds",1,18.5,Northern Superchargers,Southern Brave,CN Miles,WD Parnell,JK Fuller,0,0,,,,,,,,,
1299201,2022,2022-08-31,"Headingley, Leeds",1,19.1,Northern Superchargers,Southern Brave,CN Miles,WD Parnell,MG Hogan,1,0,,,,,,,,,
1299201,2022,2022-08-31,"Headingley, Leeds",1,19.2,Northern Superchargers,Southern Brave,WD Parnell,CN Miles,MG Hogan,4,0,,,,,,,,,
1299201,2022,2022-08-31,"Headingley, Leeds",1,19.3,Northern Superchargers,Southern Brave,WD Parnell,CN Miles,MG Hogan,2,0,,,,,,,,,
1299201,2022,2022-08-31,"Headingley, Leeds",1,19.4,Northern Superchargers,Southern Brave,WD Parnell,CN Miles,MG Hogan,2,0,,,,,,,,,
1299201,2022,2022-08-31,"Headingley, Leeds",1,19.5,Northern Superchargers,Southern Brave,WD Parnell,CN Miles,MG Hogan,2,0,,,,,,,,,
1299201,2022,2022-08-31,"Headingley, Leeds",2,0.1,Southern Brave,Northern Superchargers,PR Stirling,Q de Kock,DJ Willey,0,0,,,,,,,,,
1299201,2022,2022-08-31,"Headingley, Leeds",2,0.2,Southern Brave,Northern Superchargers,PR Stirling,Q de Kock,DJ Willey,4,0,,,,,,,,,
1299201,2022,2022-08-31,"Headingley, Leeds",2,0.3,Southern Brave,Northern Superchargers,PR Stirling,Q de Kock,DJ Willey,1,0,,,,,,,,,
1299201,2022,2022-08-31,"Headingley, Leeds",2,0.4,Southern Brave,Northern Superchargers,Q de Kock,PR Stirling,DJ Willey,0,0,,,,,,,,,
1299201,2022,2022-08-31,"Headingley, Leeds",2,0.5,Southern Brave,Northern Superchargers,Q de Kock,PR Stirling,DJ Willey,0,0,,,,,,,,,
1299201,2022,2022-08-31,"Headingley, Leeds",2,1.1,Southern Brave,Northern Superchargers,Q de Kock,PR Stirling,CF Parkinson,0,0,,,,,,,,,
1299201,2022,2022-08-31,"Headingley, Leeds",2,1.2,Southern Brave,Northern Superchargers,Q de Kock,PR Stirling,CF Parkinson,4,0,,,,,,,,,
1299201,2022,2022-08-31,"Headingley, Leeds",2,1.3,Southern Brave,Northern Superchargers,Q de Kock,PR Stirling,CF Parkinson,0,1,1,,,,,,,,
1299201,2022,2022-08-31,"Headingley, Leeds",2,1.4,Southern Brave,Northern Superchargers,Q de Kock,PR Stirling,CF Parkinson,4,0,,,,,,,,,
1299201,2022,2022-08-31,"Headingley, Leeds",2,1.5,Southern Brave,Northern Superchargers,Q de Kock,PR Stirling,CF Parkinson,0,0,,,,,,run out,Q de Kock,,
1299201,2022,2022-08-31,"Headingley, Leeds",2,1.6,Southern Brave,Northern Superchargers,JM Vince,PR Stirling,CF Parkinson,1,0,,,,,,,,,
1299201,2022,2022-08-31,"Headingley, Leeds",2,2.1,Southern Brave,Northern Superchargers,JM Vince,PR Stirling,WD Parnell,0,0,,,,,,,,,
1299201,2022,2022-08-31,"Headingley, Leeds",2,2.2,Southern Brave,Northern Superchargers,JM Vince,PR Stirling,WD Parnell,1,0,,,,,,,,,
1299201,2022,2022-08-31,"Headingley, Leeds",2,2.3,Southern Brave,Northern Superchargers,PR Stirling,JM Vince,WD Parnell,0,0,,,,,,,,,
1299201,2022,2022-08-31,"Headingley, Leeds",2,2.4,Southern Brave,Northern Superchargers,PR Stirling,JM Vince,WD Parnell,0,0,,,,,,caught,PR Stirling,,
1299201,2022,2022-08-31,"Headingley, Leeds",2,2.5,Southern Brave,Northern Superchargers,AL Davies,JM Vince,WD Parnell,1,0,,,,,,,,,
1299201,2022,2022-08-31,"Headingley, Leeds",2,3.1,Southern Brave,Northern Superchargers,JM Vince,AL Davies,DJ Willey,0,0,,,,,,,,,
1299201,2022,2022-08-31,"Headingley, Leeds",2,3.2,Southern Brave,Northern Superchargers,JM Vince,AL Davies,DJ Willey,2,0,,,,,,,,,
1299201,2022,2022-08-31,"Headingley, Leeds",2,3.3,Southern Brave,Northern Superchargers,JM Vince,AL Davies,DJ Willey,6,0,,,,,,,,,
1299201,2022,2022-08-31,"Headingley, Leeds",2,3.4,Southern Brave,Northern Superchargers,JM Vince,AL Davies,DJ Willey,3,0,,,,,,,,,
1299201,2022,2022-08-31,"Headingley, Leeds",2,3.5,Southern Brave,Northern Superchargers,AL Davies,JM Vince,DJ Willey,1,0,,,,,,,,,
1299201,2022,2022-08-31,"Headingley, Leeds",2,4.1,Southern Brave,Northern Superchargers,AL Davies,JM Vince,WD Parnell,0,0,,,,,,caught,AL Davies,,
1299201,2022,2022-08-31,"Headingley, Leeds",2,4.2,Southern Brave,Northern Superchargers,Rehan Ahmed,JM Vince,WD Parnell,0,0,,,,,,,,,
1299201,2022,2022-08-31,"Headingley, Leeds",2,4.3,Southern Brave,Northern Superchargers,Rehan Ahmed,JM Vince,WD Parnell,4,0,,,,,,,,,
1299201,2022,2022-08-31,"Headingley, Leeds",2,4.4,Southern Brave,Northern Superchargers,Rehan Ahmed,JM Vince,WD Parnell,1,0,,,,,,,,,
1299201,2022,2022-08-31,"Headingley, Leeds",2,4.5,Southern Brave,Northern Superchargers,JM Vince,Rehan Ahmed,WD Parnell,0,0,,,,,,,,,
1299201,2022,2022-08-31,"Headingley, Leeds",2,5.1,Southern Brave,Northern Superchargers,JM Vince,Rehan Ahmed,CF Parkinson,0,0,,,,,,bowled,JM Vince,,
1299201,2022,2022-08-31,"Headingley, Leeds",2,5.2,Southern Brave,Northern Superchargers,RA Whiteley,Rehan Ahmed,CF Parkinson,2,0,,,,,,,,,
1299201,2022,2022-08-31,"Headingley, Leeds",2,5.3,Southern Brave,Northern Superchargers,RA Whiteley,Rehan Ahmed,CF Parkinson,1,0,,,,,,,,,
1299201,2022,2022-08-31,"Headingley, Leeds",2,5.4,Southern Brave,Northern Superchargers,Rehan Ahmed,RA Whiteley,CF Parkinson,1,0,,,,,,,,,
1299201,2022,2022-08-31,"Headingley, Leeds",2,5.5,Southern Brave,Northern Superchargers,RA Whiteley,Rehan Ahmed,CF Parkinson,0,0,,,,,,,,,
1299201,2022,2022-08-31,"Headingley, Leeds",2,6.1,Southern Brave,Northern Superchargers,Rehan Ahmed,RA Whiteley,AU Rashid,1,0,,,,,,,,,
1299201,2022,2022-08-31,"Headingley, Leeds",2,6.2,Southern Brave,Northern Superchargers,RA Whiteley,Rehan Ahmed,AU Rashid,1,0,,,,,,,,,
1299201,2022,2022-08-31,"Headingley, Leeds",2,6.3,Southern Brave,Northern Superchargers,Rehan Ahmed,RA Whiteley,AU Rashid,1,0,,,,,,,,,
1299201,2022,2022-08-31,"Headingley, Leeds",2,6.4,Southern Brave,Northern Superchargers,RA Whiteley,Rehan Ahmed,AU Rashid,1,0,,,,,,,,,
1299201,2022,2022-08-31,"Headingley, Leeds",2,6.5,Southern Brave,Northern Superchargers,Rehan Ahmed,RA Whiteley,AU Rashid,0,0,,,,,,,,,
1299201,2022,2022-08-31,"Headingley, Leeds",2,7.1,Southern Brave,Northern Superchargers,Rehan Ahmed,RA Whiteley,CN Miles,0,0,,,,,,,,,
1299201,2022,2022-08-31,"Headingley, Leeds",2,7.2,Southern Brave,Northern Superchargers,Rehan Ahmed,RA Whiteley,CN Miles,0,1,1,,,,,,,,
1299201,2022,2022-08-31,"Headingley, Leeds",2,7.3,Southern Brave,Northern Superchargers,Rehan Ahmed,RA Whiteley,CN Miles,4,0,,,,,,,,,
1299201,2022,2022-08-31,"Headingley, Leeds",2,7.4,Southern Brave,Northern Superchargers,Rehan Ahmed,RA Whiteley,CN Miles,2,0,,,,,,,,,
1299201,2022,2022-08-31,"Headingley, Leeds",2,7.5,Southern Brave,Northern Superchargers,Rehan Ahmed,RA Whiteley,CN Miles,0,0,,,,,,,,,
1299201,2022,2022-08-31,"Headingley, Leeds",2,7.6,Southern Brave,Northern Superchargers,Rehan Ahmed,RA Whiteley,CN Miles,0,2,,2,,,,,,,
1299201,2022,2022-08-31,"Headingley, Leeds",2,7.7,Southern Brave,Northern Superchargers,Rehan Ahmed,RA Whiteley,CN Miles,1,0,,,,,,,,,
1299201,2022,2022-08-31,"Headingley, Leeds",2,8.1,Southern Brave,Northern Superchargers,Rehan Ahmed,RA Whiteley,CF Parkinson,0,0,,,,,,,,,
1299201,2022,2022-08-31,"Headingley, Leeds",2,8.2,Southern Brave,Northern Superchargers,Rehan Ahmed,RA Whiteley,CF Parkinson,1,0,,,,,,,,,
1299201,2022,2022-08-31,"Headingley, Leeds",2,8.3,Southern Brave,Northern Superchargers,RA Whiteley,Rehan Ahmed,CF Parkinson,2,0,,,,,,,,,
1299201,2022,2022-08-31,"Headingley, Leeds",2,8.4,Southern Brave,Northern Superchargers,RA Whiteley,Rehan Ahmed,CF Parkinson,2,0,,,,,,,,,
1299201,2022,2022-08-31,"Headingley, Leeds",2,8.5,Southern Brave,Northern Superchargers,RA Whiteley,Rehan Ahmed,CF Parkinson,1,0,,,,,,,,,
1299201,2022,2022-08-31,"Headingley, Leeds",2,9.1,Southern Brave,Northern Superchargers,Rehan Ahmed,RA Whiteley,AU Rashid,1,0,,,,,,,,,
1299201,2022,2022-08-31,"Headingley, Leeds",2,9.2,Southern Brave,Northern Superchargers,RA Whiteley,Rehan Ahmed,AU Rashid,1,0,,,,,,,,,
1299201,2022,2022-08-31,"Headingley, Leeds",2,9.3,Southern Brave,Northern Superchargers,Rehan Ahmed,RA Whiteley,AU Rashid,1,0,,,,,,,,,
1299201,2022,2022-08-31,"Headingley, Leeds",2,9.4,Southern Brave,Northern Superchargers,RA Whiteley,Rehan Ahmed,AU Rashid,0,0,,,,,,caught,RA Whiteley,,
1299201,2022,2022-08-31,"Headingley, Leeds",2,9.5,Southern Brave,Northern Superchargers,TH David,Rehan Ahmed,AU Rashid,0,0,,,,,,,,,
1299201,2022,2022-08-31,"Headingley, Leeds",2,10.1,Southern Brave,Northern Superchargers,Rehan Ahmed,TH David,AU Rashid,4,0,,,,,,,,,
1299201,2022,2022-08-31,"Headingley, Leeds",2,10.2,Southern Brave,Northern Superchargers,Rehan Ahmed,TH David,AU Rashid,1,0,,,,,,,,,
1299201,2022,2022-08-31,"Headingley, Leeds",2,10.3,Southern Brave,Northern Superchargers,TH David,Rehan Ahmed,AU Rashid,4,0,,,,,,,,,
1299201,2022,2022-08-31,"Headingley, Leeds",2,10.4,Southern Brave,Northern Superchargers,TH David,Rehan Ahmed,AU Rashid,1,0,,,,,,,,,
1299201,2022,2022-08-31,"Headingley, Leeds",2,10.5,Southern Brave,Northern Superchargers,Rehan Ahmed,TH David,AU Rashid,1,0,,,,,,,,,
1299201,2022,2022-08-31,"Headingley, Leeds",2,11.1,Southern Brave,Northern Superchargers,TH David,Rehan Ahmed,D Wiese,4,0,,,,,,,,,
1299201,2022,2022-08-31,"Headingley, Leeds",2,11.2,Southern Brave,Northern Superchargers,TH David,Rehan Ahmed,D Wiese,0,0,,,,,,caught,TH David,,
1299201,2022,2022-08-31,"Headingley, Leeds",2,11.3,Southern Brave,Northern Superchargers,JK Fuller,Rehan Ahmed,D Wiese,0,0,,,,,,,,,
1299201,2022,2022-08-31,"Headingley, Leeds",2,11.4,Southern Brave,Northern Superchargers,JK Fuller,Rehan Ahmed,D Wiese,0,0,,,,,,,,,
1299201,2022,2022-08-31,"Headingley, Leeds",2,11.5,Southern Brave,Northern Superchargers,JK Fuller,Rehan Ahmed,D Wiese,1,0,,,,,,,,,
1299201,2022,2022-08-31,"Headingley, Leeds",2,12.1,Southern Brave,Northern Superchargers,JK Fuller,Rehan Ahmed,CF Parkinson,0,0,,,,,,,,,
1299201,2022,2022-08-31,"Headingley, Leeds",2,12.2,Southern Brave,Northern Superchargers,JK Fuller,Rehan Ahmed,CF Parkinson,0,0,,,,,,,,,
1299201,2022,2022-08-31,"Headingley, Leeds",2,12.3,Southern Brave,Northern Superchargers,JK Fuller,Rehan Ahmed,CF Parkinson,1,0,,,,,,,,,
1299201,2022,2022-08-31,"Headingley, Leeds",2,12.4,Southern Brave,Northern Superchargers,Rehan Ahmed,JK Fuller,CF Parkinson,0,0,,,,,,,,,
1299201,2022,2022-08-31,"Headingley, Leeds",2,12.5,Southern Brave,Northern Superchargers,Rehan Ahmed,JK Fuller,CF Parkinson,1,0,,,,,,,,,
1299201,2022,2022-08-31,"Headingley, Leeds",2,13.1,Southern Brave,Northern Superchargers,JK Fuller,Rehan Ahmed,DJ Willey,2,0,,,,,,,,,
1299201,2022,2022-08-31,"Headingley, Leeds",2,13.2,Southern Brave,Northern Superchargers,JK Fuller,Rehan Ahmed,DJ Willey,4,0,,,,,,,,,
1299201,2022,2022-08-31,"Headingley, Leeds",2,13.3,Southern Brave,Northern Superchargers,JK Fuller,Rehan Ahmed,DJ Willey,1,0,,,,,,,,,
1299201,2022,2022-08-31,"Headingley, Leeds",2,13.4,Southern Brave,Northern Superchargers,Rehan Ahmed,JK Fuller,DJ Willey,4,0,,,,,,,,,
1299201,2022,2022-08-31,"Headingley, Leeds",2,13.5,Southern Brave,Northern Superchargers,Rehan Ahmed,JK Fuller,DJ Willey,0,0,,,,,,,,,
1299201,2022,2022-08-31,"Headingley, Leeds",2,14.1,Southern Brave,Northern Superchargers,JK Fuller,Rehan Ahmed,AU Rashid,0,0,,,,,,,,,
1299201,2022,2022-08-31,"Headingley, Leeds",2,14.2,Southern Brave,Northern Superchargers,JK Fuller,Rehan Ahmed,AU Rashid,1,0,,,,,,,,,
1299201,2022,2022-08-31,"Headingley, Leeds",2,14.3,Southern Brave,Northern Superchargers,Rehan Ahmed,JK Fuller,AU Rashid,1,0,,,,,,,,,
1299201,2022,2022-08-31,"Headingley, Leeds",2,14.4,Southern Brave,Northern Superchargers,JK Fuller,Rehan Ahmed,AU Rashid,0,0,,,,,,,,,
1299201,2022,2022-08-31,"Headingley, Leeds",2,14.5,Southern Brave,Northern Superchargers,JK Fuller,Rehan Ahmed,AU Rashid,0,0,,,,,,,,,
1299201,2022,2022-08-31,"Headingley, Leeds",2,15.1,Southern Brave,Northern Superchargers,JK Fuller,Rehan Ahmed,D Wiese,4,0,,,,,,,,,
1299201,2022,2022-08-31,"Headingley, Leeds",2,15.2,Southern Brave,Northern Superchargers,JK Fuller,Rehan Ahmed,D Wiese,1,0,,,,,,,,,
1299201,2022,2022-08-31,"Headingley, Leeds",2,15.3,Southern Brave,Northern Superchargers,Rehan Ahmed,JK Fuller,D Wiese,1,0,,,,,,,,,
1299201,2022,2022-08-31,"Headingley, Leeds",2,15.4,Southern Brave,Northern Superchargers,JK Fuller,Rehan Ahmed,D Wiese,2,0,,,,,,,,,
1299201,2022,2022-08-31,"Headingley, Leeds",2,15.5,Southern Brave,Northern Superchargers,JK Fuller,Rehan Ahmed,D Wiese,2,0,,,,,,,,,
1299201,2022,2022-08-31,"Headingley, Leeds",2,16.1,Southern Brave,Northern Superchargers,Rehan Ahmed,JK Fuller,WD Parnell,2,0,,,,,,,,,
1299201,2022,2022-08-31,"Headingley, Leeds",2,16.2,Southern Brave,Northern Superchargers,Rehan Ahmed,JK Fuller,WD Parnell,0,0,,,,,,,,,
1299201,2022,2022-08-31,"Headingley, Leeds",2,16.3,Southern Brave,Northern Superchargers,Rehan Ahmed,JK Fuller,WD Parnell,0,0,,,,,,caught,Rehan Ahmed,,
1299201,2022,2022-08-31,"Headingley, Leeds",2,16.4,Southern Brave,Northern Superchargers,JB Lintott,JK Fuller,WD Parnell,2,0,,,,,,,,,
1299201,2022,2022-08-31,"Headingley, Leeds",2,16.5,Southern Brave,Northern Superchargers,JB Lintott,JK Fuller,WD Parnell,1,0,,,,,,,,,
1299201,2022,2022-08-31,"Headingley, Leeds",2,17.1,Southern Brave,Northern Superchargers,JK Fuller,JB Lintott,D Wiese,1,0,,,,,,,,,
1299201,2022,2022-08-31,"Headingley, Leeds",2,17.2,Southern Brave,Northern Superchargers,JB Lintott,JK Fuller,D Wiese,1,0,,,,,,,,,
1299201,2022,2022-08-31,"Headingley, Leeds",2,17.3,Southern Brave,Northern Superchargers,JK Fuller,JB Lintott,D Wiese,1,0,,,,,,,,,
1299201,2022,2022-08-31,"Headingley, Leeds",2,17.4,Southern Brave,Northern Superchargers,JB Lintott,JK Fuller,D Wiese,0,0,,,,,,,,,
1299201,2022,2022-08-31,"Headingley, Leeds",2,17.5,Southern Brave,Northern Superchargers,JB Lintott,JK Fuller,D Wiese,0,0,,,,,,,,,
1299201,2022,2022-08-31,"Headingley, Leeds",2,18.1,Southern Brave,Northern Superchargers,JK Fuller,JB Lintott,WD Parnell,0,0,,,,,,,,,
1299201,2022,2022-08-31,"Headingley, Leeds",2,18.2,Southern Brave,Northern Superchargers,JK Fuller,JB Lintott,WD Parnell,0,0,,,,,,,,,
1299201,2022,2022-08-31,"Headingley, Leeds",2,18.3,Southern Brave,Northern Superchargers,JK Fuller,JB Lintott,WD Parnell,4,0,,,,,,,,,
1299201,2022,2022-08-31,"Headingley, Leeds",2,18.4,Southern Brave,Northern Superchargers,JK Fuller,JB Lintott,WD Parnell,0,0,,,,,,bowled,JK Fuller,,
1299201,2022,2022-08-31,"Headingley, Leeds",2,18.5,Southern Brave,Northern Superchargers,S Baker,JB Lintott,WD Parnell,0,1,,,,1,,,,,
1299201,2022,2022-08-31,"Headingley, Leeds",2,19.1,Southern Brave,Northern Superchargers,JB Lintott,S Baker,DJ Willey,1,0,,,,,,,,,
1299201,2022,2022-08-31,"Headingley, Leeds",2,19.2,Southern Brave,Northern Superchargers,S Baker,JB Lintott,DJ Willey,0,0,,,,,,bowled,S Baker,,
1299201,2022,2022-08-31,"Headingley, Leeds",2,19.3,Southern Brave,Northern Superchargers,MG Hogan,JB Lintott,DJ Willey,1,0,,,,,,,,,
1299201,2022,2022-08-31,"Headingley, Leeds",2,19.4,Southern Brave,Northern Superchargers,JB Lintott,MG Hogan,DJ Willey,1,0,,,,,,,,,
1299201,2022,2022-08-31,"Headingley, Leeds",2,19.5,Southern Brave,Northern Superchargers,MG Hogan,JB Lintott,DJ Willey,1,0,,,,,,,,,
