match_id,season,start_date,venue,innings,ball,batting_team,bowling_team,striker,non_striker,bowler,runs_off_bat,extras,wides,noballs,byes,legbyes,penalty,wicket_type,player_dismissed,other_wicket_type,other_player_dismissed
1299199,2022,2022-08-29,"Trent Bridge, Nottingham",1,0.1,Trent Rockets,Welsh Fire,DJ Malan,AD Hales,MJJ Critchley,4,0,,,,,,,,,
1299199,2022,2022-08-29,"Trent Bridge, Nottingham",1,0.2,Trent Rockets,Welsh Fire,DJ Malan,AD Hales,MJJ Critchley,4,0,,,,,,,,,
1299199,2022,2022-08-29,"Trent Bridge, Nottingham",1,0.3,Trent Rockets,Welsh Fire,DJ Malan,AD Hales,MJJ Critchley,1,0,,,,,,,,,
1299199,2022,2022-08-29,"Trent Bridge, Nottingham",1,0.4,Trent Rockets,Welsh Fire,AD Hales,DJ Malan,MJJ Critchley,2,0,,,,,,,,,
1299199,2022,2022-08-29,"Trent Bridge, Nottingham",1,0.5,Trent Rockets,Welsh Fire,AD Hales,DJ Malan,MJJ Critchley,0,0,,,,,,,,,
1299199,2022,2022-08-29,"Trent Bridge, Nottingham",1,1.1,Trent Rockets,Welsh Fire,AD Hales,DJ Malan,IS Sodhi,2,0,,,,,,,,,
1299199,2022,2022-08-29,"Trent Bridge, Nottingham",1,1.2,Trent Rockets,Welsh Fire,AD Hales,DJ Malan,IS Sodhi,4,0,,,,,,,,,
1299199,2022,2022-08-29,"Trent Bridge, Nottingham",1,1.3,Trent Rockets,Welsh Fire,AD Hales,DJ Malan,IS Sodhi,0,0,,,,,,,,,
1299199,2022,2022-08-29,"Trent Bridge, Nottingham",1,1.4,Trent Rockets,Welsh Fire,AD Hales,DJ Malan,IS Sodhi,0,0,,,,,,,,,
1299199,2022,2022-08-29,"Trent Bridge, Nottingham",1,1.5,Trent Rockets,Welsh Fire,AD Hales,DJ Malan,IS Sodhi,0,1,1,,,,,,,,
1299199,2022,2022-08-29,"Trent Bridge, Nottingham",1,1.6,Trent Rockets,Welsh Fire,AD Hales,DJ Malan,IS Sodhi,0,0,,,,,,,,,
1299199,2022,2022-08-29,"Trent Bridge, Nottingham",1,2.1,Trent Rockets,Welsh Fire,DJ Malan,AD Hales,DA Payne,1,0,,,,,,,,,
1299199,2022,2022-08-29,"Trent Bridge, Nottingham",1,2.2,Trent Rockets,Welsh Fire,AD Hales,DJ Malan,DA Payne,1,0,,,,,,,,,
1299199,2022,2022-08-29,"Trent Bridge, Nottingham",1,2.3,Trent Rockets,Welsh Fire,DJ Malan,AD Hales,DA Payne,4,0,,,,,,,,,
1299199,2022,2022-08-29,"Trent Bridge, Nottingham",1,2.4,Trent Rockets,Welsh Fire,DJ Malan,AD Hales,DA Payne,0,0,,,,,,,,,
1299199,2022,2022-08-29,"Trent Bridge, Nottingham",1,2.5,Trent Rockets,Welsh Fire,DJ Malan,AD Hales,DA Payne,1,0,,,,,,,,,
1299199,2022,2022-08-29,"Trent Bridge, Nottingham",1,3.1,Trent Rockets,Welsh Fire,AD Hales,DJ Malan,JT Ball,1,0,,,,,,,,,
1299199,2022,2022-08-29,"Trent Bridge, Nottingham",1,3.2,Trent Rockets,Welsh Fire,DJ Malan,AD Hales,JT Ball,1,0,,,,,,,,,
1299199,2022,2022-08-29,"Trent Bridge, Nottingham",1,3.3,Trent Rockets,Welsh Fire,AD Hales,DJ Malan,JT Ball,0,0,,,,,,,,,
1299199,2022,2022-08-29,"Trent Bridge, Nottingham",1,3.4,Trent Rockets,Welsh Fire,AD Hales,DJ Malan,JT Ball,1,0,,,,,,,,,
1299199,2022,2022-08-29,"Trent Bridge, Nottingham",1,3.5,Trent Rockets,Welsh Fire,DJ Malan,AD Hales,JT Ball,1,0,,,,,,,,,
1299199,2022,2022-08-29,"Trent Bridge, Nottingham",1,4.1,Trent Rockets,Welsh Fire,DJ Malan,AD Hales,GLS Scrimshaw,6,0,,,,,,,,,
1299199,2022,2022-08-29,"Trent Bridge, Nottingham",1,4.2,Trent Rockets,Welsh Fire,DJ Malan,AD Hales,GLS Scrimshaw,0,0,,,,,,,,,
1299199,2022,2022-08-29,"Trent Bridge, Nottingham",1,4.3,Trent Rockets,Welsh Fire,DJ Malan,AD Hales,GLS Scrimshaw,3,0,,,,,,,,,
1299199,2022,2022-08-29,"Trent Bridge, Nottingham",1,4.4,Trent Rockets,Welsh Fire,AD Hales,DJ Malan,GLS Scrimshaw,0,0,,,,,,,,,
1299199,2022,2022-08-29,"Trent Bridge, Nottingham",1,4.5,Trent Rockets,Welsh Fire,AD Hales,DJ Malan,GLS Scrimshaw,4,0,,,,,,,,,
1299199,2022,2022-08-29,"Trent Bridge, Nottingham",1,5.1,Trent Rockets,Welsh Fire,AD Hales,DJ Malan,DA Payne,0,0,,,,,,,,,
1299199,2022,2022-08-29,"Trent Bridge, Nottingham",1,5.2,Trent Rockets,Welsh Fire,AD Hales,DJ Malan,DA Payne,4,0,,,,,,,,,
1299199,2022,2022-08-29,"Trent Bridge, Nottingham",1,5.3,Trent Rockets,Welsh Fire,AD Hales,DJ Malan,DA Payne,1,0,,,,,,,,,
1299199,2022,2022-08-29,"Trent Bridge, Nottingham",1,5.4,Trent Rockets,Welsh Fire,DJ Malan,AD Hales,DA Payne,0,0,,,,,,,,,
1299199,2022,2022-08-29,"Trent Bridge, Nottingham",1,5.5,Trent Rockets,Welsh Fire,DJ Malan,AD Hales,DA Payne,1,0,,,,,,,,,
1299199,2022,2022-08-29,"Trent Bridge, Nottingham",1,6.1,Trent Rockets,Welsh Fire,DJ Malan,AD Hales,IS Sodhi,1,0,,,,,,,,,
1299199,2022,2022-08-29,"Trent Bridge, Nottingham",1,6.2,Trent Rockets,Welsh Fire,AD Hales,DJ Malan,IS Sodhi,1,0,,,,,,,,,
1299199,2022,2022-08-29,"Trent Bridge, Nottingham",1,6.3,Trent Rockets,Welsh Fire,DJ Malan,AD Hales,IS Sodhi,0,4,,,4,,,,,,
1299199,2022,2022-08-29,"Trent Bridge, Nottingham",1,6.4,Trent Rockets,Welsh Fire,DJ Malan,AD Hales,IS Sodhi,2,0,,,,,,,,,
1299199,2022,2022-08-29,"Trent Bridge, Nottingham",1,6.5,Trent Rockets,Welsh Fire,DJ Malan,AD Hales,IS Sodhi,1,0,,,,,,,,,
1299199,2022,2022-08-29,"Trent Bridge, Nottingham",1,7.1,Trent Rockets,Welsh Fire,AD Hales,DJ Malan,JT Ball,1,0,,,,,,,,,
1299199,2022,2022-08-29,"Trent Bridge, Nottingham",1,7.2,Trent Rockets,Welsh Fire,DJ Malan,AD Hales,JT Ball,1,0,,,,,,,,,
1299199,2022,2022-08-29,"Trent Bridge, Nottingham",1,7.3,Trent Rockets,Welsh Fire,AD Hales,DJ Malan,JT Ball,4,0,,,,,,,,,
1299199,2022,2022-08-29,"Trent Bridge, Nottingham",1,7.4,Trent Rockets,Welsh Fire,AD Hales,DJ Malan,JT Ball,0,0,,,,,,,,,
1299199,2022,2022-08-29,"Trent Bridge, Nottingham",1,7.5,Trent Rockets,Welsh Fire,AD Hales,DJ Malan,JT Ball,1,0,,,,,,,,,
1299199,2022,2022-08-29,"Trent Bridge, Nottingham",1,8.1,Trent Rockets,Welsh Fire,AD Hales,DJ Malan,MJJ Critchley,1,0,,,,,,,,,
1299199,2022,2022-08-29,"Trent Bridge, Nottingham",1,8.2,Trent Rockets,Welsh Fire,DJ Malan,AD Hales,MJJ Critchley,0,0,,,,,,,,,
1299199,2022,2022-08-29,"Trent Bridge, Nottingham",1,8.3,Trent Rockets,Welsh Fire,DJ Malan,AD Hales,MJJ Critchley,1,0,,,,,,,,,
1299199,2022,2022-08-29,"Trent Bridge, Nottingham",1,8.4,Trent Rockets,Welsh Fire,AD Hales,DJ Malan,MJJ Critchley,1,0,,,,,,,,,
1299199,2022,2022-08-29,"Trent Bridge, Nottingham",1,8.5,Trent Rockets,Welsh Fire,DJ Malan,AD Hales,MJJ Critchley,6,0,,,,,,,,,
1299199,2022,2022-08-29,"Trent Bridge, Nottingham",1,9.1,Trent Rockets,Welsh Fire,DJ Malan,AD Hales,GLS Scrimshaw,1,0,,,,,,,,,
1299199,2022,2022-08-29,"Trent Bridge, Nottingham",1,9.2,Trent Rockets,Welsh Fire,AD Hales,DJ Malan,GLS Scrimshaw,0,1,,,,1,,,,,
1299199,2022,2022-08-29,"Trent Bridge, Nottingham",1,9.3,Trent Rockets,Welsh Fire,DJ Malan,AD Hales,GLS Scrimshaw,1,0,,,,,,,,,
1299199,2022,2022-08-29,"Trent Bridge, Nottingham",1,9.4,Trent Rockets,Welsh Fire,AD Hales,DJ Malan,GLS Scrimshaw,1,0,,,,,,,,,
1299199,2022,2022-08-29,"Trent Bridge, Nottingham",1,9.5,Trent Rockets,Welsh Fire,DJ Malan,AD Hales,GLS Scrimshaw,1,0,,,,,,,,,
1299199,2022,2022-08-29,"Trent Bridge, Nottingham",1,10.1,Trent Rockets,Welsh Fire,DJ Malan,AD Hales,IS Sodhi,0,0,,,,,,,,,
1299199,2022,2022-08-29,"Trent Bridge, Nottingham",1,10.2,Trent Rockets,Welsh Fire,DJ Malan,AD Hales,IS Sodhi,1,0,,,,,,,,,
1299199,2022,2022-08-29,"Trent Bridge, Nottingham",1,10.3,Trent Rockets,Welsh Fire,AD Hales,DJ Malan,IS Sodhi,1,0,,,,,,,,,
1299199,2022,2022-08-29,"Trent Bridge, Nottingham",1,10.4,Trent Rockets,Welsh Fire,DJ Malan,AD Hales,IS Sodhi,1,0,,,,,,,,,
1299199,2022,2022-08-29,"Trent Bridge, Nottingham",1,10.5,Trent Rockets,Welsh Fire,AD Hales,DJ Malan,IS Sodhi,6,0,,,,,,,,,
1299199,2022,2022-08-29,"Trent Bridge, Nottingham",1,11.1,Trent Rockets,Welsh Fire,AD Hales,DJ Malan,DA Payne,1,0,,,,,,,,,
1299199,2022,2022-08-29,"Trent Bridge, Nottingham",1,11.2,Trent Rockets,Welsh Fire,DJ Malan,AD Hales,DA Payne,1,0,,,,,,,,,
1299199,2022,2022-08-29,"Trent Bridge, Nottingham",1,11.3,Trent Rockets,Welsh Fire,AD Hales,DJ Malan,DA Payne,0,0,,,,,,caught,AD Hales,,
1299199,2022,2022-08-29,"Trent Bridge, Nottingham",1,11.4,Trent Rockets,Welsh Fire,T Kohler-Cadmore,DJ Malan,DA Payne,0,0,,,,,,,,,
1299199,2022,2022-08-29,"Trent Bridge, Nottingham",1,11.5,Trent Rockets,Welsh Fire,T Kohler-Cadmore,DJ Malan,DA Payne,1,0,,,,,,,,,
1299199,2022,2022-08-29,"Trent Bridge, Nottingham",1,12.1,Trent Rockets,Welsh Fire,T Kohler-Cadmore,DJ Malan,MJJ Critchley,1,0,,,,,,,,,
1299199,2022,2022-08-29,"Trent Bridge, Nottingham",1,12.2,Trent Rockets,Welsh Fire,DJ Malan,T Kohler-Cadmore,MJJ Critchley,2,0,,,,,,,,,
1299199,2022,2022-08-29,"Trent Bridge, Nottingham",1,12.3,Trent Rockets,Welsh Fire,DJ Malan,T Kohler-Cadmore,MJJ Critchley,0,0,,,,,,,,,
1299199,2022,2022-08-29,"Trent Bridge, Nottingham",1,12.4,Trent Rockets,Welsh Fire,DJ Malan,T Kohler-Cadmore,MJJ Critchley,1,0,,,,,,,,,
1299199,2022,2022-08-29,"Trent Bridge, Nottingham",1,12.5,Trent Rockets,Welsh Fire,T Kohler-Cadmore,DJ Malan,MJJ Critchley,1,0,,,,,,,,,
1299199,2022,2022-08-29,"Trent Bridge, Nottingham",1,13.1,Trent Rockets,Welsh Fire,DJ Malan,T Kohler-Cadmore,IS Sodhi,0,1,1,,,,,,,,
1299199,2022,2022-08-29,"Trent Bridge, Nottingham",1,13.2,Trent Rockets,Welsh Fire,DJ Malan,T Kohler-Cadmore,IS Sodhi,2,0,,,,,,,,,
1299199,2022,2022-08-29,"Trent Bridge, Nottingham",1,13.3,Trent Rockets,Welsh Fire,DJ Malan,T Kohler-Cadmore,IS Sodhi,6,0,,,,,,,,,
1299199,2022,2022-08-29,"Trent Bridge, Nottingham",1,13.4,Trent Rockets,Welsh Fire,DJ Malan,T Kohler-Cadmore,IS Sodhi,1,0,,,,,,,,,
1299199,2022,2022-08-29,"Trent Bridge, Nottingham",1,13.5,Trent Rockets,Welsh Fire,T Kohler-Cadmore,DJ Malan,IS Sodhi,6,0,,,,,,,,,
1299199,2022,2022-08-29,"Trent Bridge, Nottingham",1,13.6,Trent Rockets,Welsh Fire,T Kohler-Cadmore,DJ Malan,IS Sodhi,1,0,,,,,,,,,
1299199,2022,2022-08-29,"Trent Bridge, Nottingham",1,14.1,Trent Rockets,Welsh Fire,T Kohler-Cadmore,DJ Malan,GLS Scrimshaw,0,0,,,,,,caught,T Kohler-Cadmore,,
1299199,2022,2022-08-29,"Trent Bridge, Nottingham",1,14.2,Trent Rockets,Welsh Fire,DR Sams,DJ Malan,GLS Scrimshaw,0,1,,,,1,,,,,
1299199,2022,2022-08-29,"Trent Bridge, Nottingham",1,14.3,Trent Rockets,Welsh Fire,DJ Malan,DR Sams,GLS Scrimshaw,1,0,,,,,,,,,
1299199,2022,2022-08-29,"Trent Bridge, Nottingham",1,14.4,Trent Rockets,Welsh Fire,DR Sams,DJ Malan,GLS Scrimshaw,6,0,,,,,,,,,
1299199,2022,2022-08-29,"Trent Bridge, Nottingham",1,14.5,Trent Rockets,Welsh Fire,DR Sams,DJ Malan,GLS Scrimshaw,6,0,,,,,,,,,
1299199,2022,2022-08-29,"Trent Bridge, Nottingham",1,15.1,Trent Rockets,Welsh Fire,DR Sams,DJ Malan,MJJ Critchley,0,0,,,,,,,,,
1299199,2022,2022-08-29,"Trent Bridge, Nottingham",1,15.2,Trent Rockets,Welsh Fire,DR Sams,DJ Malan,MJJ Critchley,4,0,,,,,,,,,
1299199,2022,2022-08-29,"Trent Bridge, Nottingham",1,15.3,Trent Rockets,Welsh Fire,DR Sams,DJ Malan,MJJ Critchley,1,0,,,,,,,,,
1299199,2022,2022-08-29,"Trent Bridge, Nottingham",1,15.4,Trent Rockets,Welsh Fire,DJ Malan,DR Sams,MJJ Critchley,0,0,,,,,,caught,DJ Malan,,
1299199,2022,2022-08-29,"Trent Bridge, Nottingham",1,15.5,Trent Rockets,Welsh Fire,C Munro,DR Sams,MJJ Critchley,1,0,,,,,,,,,
1299199,2022,2022-08-29,"Trent Bridge, Nottingham",1,16.1,Trent Rockets,Welsh Fire,C Munro,DR Sams,GLS Scrimshaw,0,0,,,,,,,,,
1299199,2022,2022-08-29,"Trent Bridge, Nottingham",1,16.2,Trent Rockets,Welsh Fire,C Munro,DR Sams,GLS Scrimshaw,2,0,,,,,,,,,
1299199,2022,2022-08-29,"Trent Bridge, Nottingham",1,16.3,Trent Rockets,Welsh Fire,C Munro,DR Sams,GLS Scrimshaw,2,0,,,,,,,,,
1299199,2022,2022-08-29,"Trent Bridge, Nottingham",1,16.4,Trent Rockets,Welsh Fire,C Munro,DR Sams,GLS Scrimshaw,0,1,,,,1,,,,,
1299199,2022,2022-08-29,"Trent Bridge, Nottingham",1,16.5,Trent Rockets,Welsh Fire,DR Sams,C Munro,GLS Scrimshaw,4,0,,,,,,,,,
1299199,2022,2022-08-29,"Trent Bridge, Nottingham",1,17.1,Trent Rockets,Welsh Fire,DR Sams,C Munro,JT Ball,0,0,,,,,,,,,
1299199,2022,2022-08-29,"Trent Bridge, Nottingham",1,17.2,Trent Rockets,Welsh Fire,DR Sams,C Munro,JT Ball,6,0,,,,,,,,,
1299199,2022,2022-08-29,"Trent Bridge, Nottingham",1,17.3,Trent Rockets,Welsh Fire,DR Sams,C Munro,JT Ball,0,1,1,,,,,,,,
1299199,2022,2022-08-29,"Trent Bridge, Nottingham",1,17.4,Trent Rockets,Welsh Fire,DR Sams,C Munro,JT Ball,1,0,,,,,,,,,
1299199,2022,2022-08-29,"Trent Bridge, Nottingham",1,17.5,Trent Rockets,Welsh Fire,C Munro,DR Sams,JT Ball,1,0,,,,,,,,,
1299199,2022,2022-08-29,"Trent Bridge, Nottingham",1,17.6,Trent Rockets,Welsh Fire,DR Sams,C Munro,JT Ball,0,0,,,,,,,,,
1299199,2022,2022-08-29,"Trent Bridge, Nottingham",1,18.1,Trent Rockets,Welsh Fire,C Munro,DR Sams,DA Payne,6,0,,,,,,,,,
1299199,2022,2022-08-29,"Trent Bridge, Nottingham",1,18.2,Trent Rockets,Welsh Fire,C Munro,DR Sams,DA Payne,4,0,,,,,,,,,
1299199,2022,2022-08-29,"Trent Bridge, Nottingham",1,18.3,Trent Rockets,Welsh Fire,C Munro,DR Sams,DA Payne,4,0,,,,,,,,,
1299199,2022,2022-08-29,"Trent Bridge, Nottingham",1,18.4,Trent Rockets,Welsh Fire,C Munro,DR Sams,DA Payne,1,0,,,,,,,,,
1299199,2022,2022-08-29,"Trent Bridge, Nottingham",1,18.5,Trent Rockets,Welsh Fire,DR Sams,C Munro,DA Payne,2,0,,,,,,,,,
1299199,2022,2022-08-29,"Trent Bridge, Nottingham",1,19.1,Trent Rockets,Welsh Fire,DR Sams,C Munro,JT Ball,1,0,,,,,,,,,
1299199,2022,2022-08-29,"Trent Bridge, Nottingham",1,19.2,Trent Rockets,Welsh Fire,C Munro,DR Sams,JT Ball,1,0,,,,,,,,,
1299199,2022,2022-08-29,"Trent Bridge, Nottingham",1,19.3,Trent Rockets,Welsh Fire,DR Sams,C Munro,JT Ball,0,0,,,,,,caught,DR Sams,,
1299199,2022,2022-08-29,"Trent Bridge, Nottingham",1,19.4,Trent Rockets,Welsh Fire,L Gregory,C Munro,JT Ball,0,1,1,,,,,,,,
1299199,2022,2022-08-29,"Trent Bridge, Nottingham",1,19.5,Trent Rockets,Welsh Fire,L Gregory,C Munro,JT Ball,0,0,,,,,,,,,
1299199,2022,2022-08-29,"Trent Bridge, Nottingham",1,19.6,Trent Rockets,Welsh Fire,L Gregory,C Munro,JT Ball,2,0,,,,,,,,,
1299199,2022,2022-08-29,"Trent Bridge, Nottingham",2,0.1,Welsh Fire,Trent Rockets,JM Clarke,T Banton,L Wood,1,0,,,,,,,,,
1299199,2022,2022-08-29,"Trent Bridge, Nottingham",2,0.2,Welsh Fire,Trent Rockets,T Banton,JM Clarke,L Wood,0,0,,,,,,,,,
1299199,2022,2022-08-29,"Trent Bridge, Nottingham",2,0.3,Welsh Fire,Trent Rockets,T Banton,JM Clarke,L Wood,1,0,,,,,,,,,
1299199,2022,2022-08-29,"Trent Bridge, Nottingham",2,0.4,Welsh Fire,Trent Rockets,JM Clarke,T Banton,L Wood,1,0,,,,,,,,,
1299199,2022,2022-08-29,"Trent Bridge, Nottingham",2,0.5,Welsh Fire,Trent Rockets,T Banton,JM Clarke,L Wood,0,0,,,,,,,,,
1299199,2022,2022-08-29,"Trent Bridge, Nottingham",2,1.1,Welsh Fire,Trent Rockets,T Banton,JM Clarke,SJ Cook,0,0,,,,,,,,,
1299199,2022,2022-08-29,"Trent Bridge, Nottingham",2,1.2,Welsh Fire,Trent Rockets,T Banton,JM Clarke,SJ Cook,4,0,,,,,,,,,
1299199,2022,2022-08-29,"Trent Bridge, Nottingham",2,1.3,Welsh Fire,Trent Rockets,T Banton,JM Clarke,SJ Cook,4,0,,,,,,,,,
1299199,2022,2022-08-29,"Trent Bridge, Nottingham",2,1.4,Welsh Fire,Trent Rockets,T Banton,JM Clarke,SJ Cook,0,0,,,,,,lbw,T Banton,,
1299199,2022,2022-08-29,"Trent Bridge, Nottingham",2,1.5,Welsh Fire,Trent Rockets,BM Duckett,JM Clarke,SJ Cook,0,0,,,,,,,,,
1299199,2022,2022-08-29,"Trent Bridge, Nottingham",2,2.1,Welsh Fire,Trent Rockets,JM Clarke,BM Duckett,L Wood,0,0,,,,,,,,,
1299199,2022,2022-08-29,"Trent Bridge, Nottingham",2,2.2,Welsh Fire,Trent Rockets,JM Clarke,BM Duckett,L Wood,1,0,,,,,,,,,
1299199,2022,2022-08-29,"Trent Bridge, Nottingham",2,2.3,Welsh Fire,Trent Rockets,BM Duckett,JM Clarke,L Wood,1,0,,,,,,,,,
1299199,2022,2022-08-29,"Trent Bridge, Nottingham",2,2.4,Welsh Fire,Trent Rockets,JM Clarke,BM Duckett,L Wood,0,0,,,,,,,,,
1299199,2022,2022-08-29,"Trent Bridge, Nottingham",2,2.5,Welsh Fire,Trent Rockets,JM Clarke,BM Duckett,L Wood,2,0,,,,,,,,,
1299199,2022,2022-08-29,"Trent Bridge, Nottingham",2,3.1,Welsh Fire,Trent Rockets,JM Clarke,BM Duckett,SJ Cook,1,0,,,,,,,,,
1299199,2022,2022-08-29,"Trent Bridge, Nottingham",2,3.2,Welsh Fire,Trent Rockets,BM Duckett,JM Clarke,SJ Cook,0,0,,,,,,,,,
1299199,2022,2022-08-29,"Trent Bridge, Nottingham",2,3.3,Welsh Fire,Trent Rockets,BM Duckett,JM Clarke,SJ Cook,0,0,,,,,,,,,
1299199,2022,2022-08-29,"Trent Bridge, Nottingham",2,3.4,Welsh Fire,Trent Rockets,BM Duckett,JM Clarke,SJ Cook,4,0,,,,,,,,,
1299199,2022,2022-08-29,"Trent Bridge, Nottingham",2,3.5,Welsh Fire,Trent Rockets,BM Duckett,JM Clarke,SJ Cook,2,0,,,,,,,,,
1299199,2022,2022-08-29,"Trent Bridge, Nottingham",2,4.1,Welsh Fire,Trent Rockets,JM Clarke,BM Duckett,DR Sams,0,0,,,,,,,,,
1299199,2022,2022-08-29,"Trent Bridge, Nottingham",2,4.2,Welsh Fire,Trent Rockets,JM Clarke,BM Duckett,DR Sams,6,0,,,,,,,,,
1299199,2022,2022-08-29,"Trent Bridge, Nottingham",2,4.3,Welsh Fire,Trent Rockets,JM Clarke,BM Duckett,DR Sams,1,0,,,,,,,,,
1299199,2022,2022-08-29,"Trent Bridge, Nottingham",2,4.4,Welsh Fire,Trent Rockets,BM Duckett,JM Clarke,DR Sams,3,0,,,,,,,,,
1299199,2022,2022-08-29,"Trent Bridge, Nottingham",2,4.5,Welsh Fire,Trent Rockets,JM Clarke,BM Duckett,DR Sams,0,1,1,,,,,,,,
1299199,2022,2022-08-29,"Trent Bridge, Nottingham",2,4.6,Welsh Fire,Trent Rockets,JM Clarke,BM Duckett,DR Sams,0,0,,,,,,,,,
1299199,2022,2022-08-29,"Trent Bridge, Nottingham",2,5.1,Welsh Fire,Trent Rockets,JM Clarke,BM Duckett,SR Patel,1,0,,,,,,,,,
1299199,2022,2022-08-29,"Trent Bridge, Nottingham",2,5.2,Welsh Fire,Trent Rockets,BM Duckett,JM Clarke,SR Patel,1,0,,,,,,,,,
1299199,2022,2022-08-29,"Trent Bridge, Nottingham",2,5.3,Welsh Fire,Trent Rockets,JM Clarke,BM Duckett,SR Patel,1,0,,,,,,,,,
1299199,2022,2022-08-29,"Trent Bridge, Nottingham",2,5.4,Welsh Fire,Trent Rockets,BM Duckett,JM Clarke,SR Patel,1,0,,,,,,,,,
1299199,2022,2022-08-29,"Trent Bridge, Nottingham",2,5.5,Welsh Fire,Trent Rockets,JM Clarke,BM Duckett,SR Patel,0,1,1,,,,,,,,
1299199,2022,2022-08-29,"Trent Bridge, Nottingham",2,5.6,Welsh Fire,Trent Rockets,JM Clarke,BM Duckett,SR Patel,0,0,,,,,,stumped,JM Clarke,,
1299199,2022,2022-08-29,"Trent Bridge, Nottingham",2,6.1,Welsh Fire,Trent Rockets,BM Duckett,MJJ Critchley,L Gregory,2,0,,,,,,,,,
1299199,2022,2022-08-29,"Trent Bridge, Nottingham",2,6.2,Welsh Fire,Trent Rockets,BM Duckett,MJJ Critchley,L Gregory,1,0,,,,,,,,,
1299199,2022,2022-08-29,"Trent Bridge, Nottingham",2,6.3,Welsh Fire,Trent Rockets,MJJ Critchley,BM Duckett,L Gregory,1,0,,,,,,,,,
1299199,2022,2022-08-29,"Trent Bridge, Nottingham",2,6.4,Welsh Fire,Trent Rockets,BM Duckett,MJJ Critchley,L Gregory,1,0,,,,,,,,,
1299199,2022,2022-08-29,"Trent Bridge, Nottingham",2,6.5,Welsh Fire,Trent Rockets,MJJ Critchley,BM Duckett,L Gregory,1,0,,,,,,,,,
1299199,2022,2022-08-29,"Trent Bridge, Nottingham",2,7.1,Welsh Fire,Trent Rockets,BM Duckett,MJJ Critchley,T Shamsi,1,0,,,,,,,,,
1299199,2022,2022-08-29,"Trent Bridge, Nottingham",2,7.2,Welsh Fire,Trent Rockets,MJJ Critchley,BM Duckett,T Shamsi,0,0,,,,,,,,,
1299199,2022,2022-08-29,"Trent Bridge, Nottingham",2,7.3,Welsh Fire,Trent Rockets,MJJ Critchley,BM Duckett,T Shamsi,1,0,,,,,,,,,
1299199,2022,2022-08-29,"Trent Bridge, Nottingham",2,7.4,Welsh Fire,Trent Rockets,BM Duckett,MJJ Critchley,T Shamsi,0,0,,,,,,,,,
1299199,2022,2022-08-29,"Trent Bridge, Nottingham",2,7.5,Welsh Fire,Trent Rockets,BM Duckett,MJJ Critchley,T Shamsi,0,4,,,4,,,,,,
1299199,2022,2022-08-29,"Trent Bridge, Nottingham",2,8.1,Welsh Fire,Trent Rockets,MJJ Critchley,BM Duckett,SR Patel,2,0,,,,,,,,,
1299199,2022,2022-08-29,"Trent Bridge, Nottingham",2,8.2,Welsh Fire,Trent Rockets,MJJ Critchley,BM Duckett,SR Patel,6,0,,,,,,,,,
1299199,2022,2022-08-29,"Trent Bridge, Nottingham",2,8.3,Welsh Fire,Trent Rockets,MJJ Critchley,BM Duckett,SR Patel,0,0,,,,,,,,,
1299199,2022,2022-08-29,"Trent Bridge, Nottingham",2,8.4,Welsh Fire,Trent Rockets,MJJ Critchley,BM Duckett,SR Patel,1,0,,,,,,,,,
1299199,2022,2022-08-29,"Trent Bridge, Nottingham",2,8.5,Welsh Fire,Trent Rockets,BM Duckett,MJJ Critchley,SR Patel,0,0,,,,,,,,,
1299199,2022,2022-08-29,"Trent Bridge, Nottingham",2,9.1,Welsh Fire,Trent Rockets,BM Duckett,MJJ Critchley,DR Sams,1,0,,,,,,,,,
1299199,2022,2022-08-29,"Trent Bridge, Nottingham",2,9.2,Welsh Fire,Trent Rockets,MJJ Critchley,BM Duckett,DR Sams,1,2,,2,,,,,,,
1299199,2022,2022-08-29,"Trent Bridge, Nottingham",2,9.3,Welsh Fire,Trent Rockets,BM Duckett,MJJ Critchley,DR Sams,6,0,,,,,,,,,
1299199,2022,2022-08-29,"Trent Bridge, Nottingham",2,9.4,Welsh Fire,Trent Rockets,BM Duckett,MJJ Critchley,DR Sams,0,0,,,,,,,,,
1299199,2022,2022-08-29,"Trent Bridge, Nottingham",2,9.5,Welsh Fire,Trent Rockets,BM Duckett,MJJ Critchley,DR Sams,1,0,,,,,,,,,
1299199,2022,2022-08-29,"Trent Bridge, Nottingham",2,9.6,Welsh Fire,Trent Rockets,MJJ Critchley,BM Duckett,DR Sams,1,0,,,,,,,,,
1299199,2022,2022-08-29,"Trent Bridge, Nottingham",2,10.1,Welsh Fire,Trent Rockets,MJJ Critchley,BM Duckett,T Shamsi,0,0,,,,,,,,,
1299199,2022,2022-08-29,"Trent Bridge, Nottingham",2,10.2,Welsh Fire,Trent Rockets,MJJ Critchley,BM Duckett,T Shamsi,0,0,,,,,,,,,
1299199,2022,2022-08-29,"Trent Bridge, Nottingham",2,10.3,Welsh Fire,Trent Rockets,MJJ Critchley,BM Duckett,T Shamsi,1,0,,,,,,,,,
1299199,2022,2022-08-29,"Trent Bridge, Nottingham",2,10.4,Welsh Fire,Trent Rockets,BM Duckett,MJJ Critchley,T Shamsi,0,0,,,,,,caught,BM Duckett,,
1299199,2022,2022-08-29,"Trent Bridge, Nottingham",2,10.5,Welsh Fire,Trent Rockets,DA Miller,MJJ Critchley,T Shamsi,1,0,,,,,,,,,
1299199,2022,2022-08-29,"Trent Bridge, Nottingham",2,11.1,Welsh Fire,Trent Rockets,MJJ Critchley,DA Miller,T Shamsi,1,0,,,,,,,,,
1299199,2022,2022-08-29,"Trent Bridge, Nottingham",2,11.2,Welsh Fire,Trent Rockets,DA Miller,MJJ Critchley,T Shamsi,4,0,,,,,,,,,
1299199,2022,2022-08-29,"Trent Bridge, Nottingham",2,11.3,Welsh Fire,Trent Rockets,DA Miller,MJJ Critchley,T Shamsi,0,0,,,,,,caught,DA Miller,,
1299199,2022,2022-08-29,"Trent Bridge, Nottingham",2,11.4,Welsh Fire,Trent Rockets,JL du Plooy,MJJ Critchley,T Shamsi,0,0,,,,,,,,,
1299199,2022,2022-08-29,"Trent Bridge, Nottingham",2,11.5,Welsh Fire,Trent Rockets,JL du Plooy,MJJ Critchley,T Shamsi,1,0,,,,,,,,,
1299199,2022,2022-08-29,"Trent Bridge, Nottingham",2,12.1,Welsh Fire,Trent Rockets,JL du Plooy,MJJ Critchley,SR Patel,1,0,,,,,,,,,
1299199,2022,2022-08-29,"Trent Bridge, Nottingham",2,12.2,Welsh Fire,Trent Rockets,MJJ Critchley,JL du Plooy,SR Patel,1,0,,,,,,,,,
1299199,2022,2022-08-29,"Trent Bridge, Nottingham",2,12.3,Welsh Fire,Trent Rockets,JL du Plooy,MJJ Critchley,SR Patel,0,0,,,,,,bowled,JL du Plooy,,
1299199,2022,2022-08-29,"Trent Bridge, Nottingham",2,12.4,Welsh Fire,Trent Rockets,JJ Cobb,MJJ Critchley,SR Patel,0,0,,,,,,,,,
1299199,2022,2022-08-29,"Trent Bridge, Nottingham",2,12.5,Welsh Fire,Trent Rockets,JJ Cobb,MJJ Critchley,SR Patel,0,0,,,,,,,,,
1299199,2022,2022-08-29,"Trent Bridge, Nottingham",2,13.1,Welsh Fire,Trent Rockets,JJ Cobb,MJJ Critchley,SR Patel,1,0,,,,,,,,,
1299199,2022,2022-08-29,"Trent Bridge, Nottingham",2,13.2,Welsh Fire,Trent Rockets,MJJ Critchley,JJ Cobb,SR Patel,4,0,,,,,,,,,
1299199,2022,2022-08-29,"Trent Bridge, Nottingham",2,13.3,Welsh Fire,Trent Rockets,MJJ Critchley,JJ Cobb,SR Patel,2,0,,,,,,,,,
1299199,2022,2022-08-29,"Trent Bridge, Nottingham",2,13.4,Welsh Fire,Trent Rockets,MJJ Critchley,JJ Cobb,SR Patel,0,0,,,,,,,,,
1299199,2022,2022-08-29,"Trent Bridge, Nottingham",2,13.5,Welsh Fire,Trent Rockets,MJJ Critchley,JJ Cobb,SR Patel,0,0,,,,,,,,,
1299199,2022,2022-08-29,"Trent Bridge, Nottingham",2,14.1,Welsh Fire,Trent Rockets,JJ Cobb,MJJ Critchley,T Shamsi,0,0,,,,,,,,,
1299199,2022,2022-08-29,"Trent Bridge, Nottingham",2,14.2,Welsh Fire,Trent Rockets,JJ Cobb,MJJ Critchley,T Shamsi,0,0,,,,,,,,,
1299199,2022,2022-08-29,"Trent Bridge, Nottingham",2,14.3,Welsh Fire,Trent Rockets,JJ Cobb,MJJ Critchley,T Shamsi,0,0,,,,,,,,,
1299199,2022,2022-08-29,"Trent Bridge, Nottingham",2,14.4,Welsh Fire,Trent Rockets,JJ Cobb,MJJ Critchley,T Shamsi,1,0,,,,,,,,,
1299199,2022,2022-08-29,"Trent Bridge, Nottingham",2,14.5,Welsh Fire,Trent Rockets,MJJ Critchley,JJ Cobb,T Shamsi,1,0,,,,,,,,,
1299199,2022,2022-08-29,"Trent Bridge, Nottingham",2,15.1,Welsh Fire,Trent Rockets,JJ Cobb,MJJ Critchley,SJ Cook,4,0,,,,,,,,,
1299199,2022,2022-08-29,"Trent Bridge, Nottingham",2,15.2,Welsh Fire,Trent Rockets,JJ Cobb,MJJ Critchley,SJ Cook,1,0,,,,,,,,,
1299199,2022,2022-08-29,"Trent Bridge, Nottingham",2,15.3,Welsh Fire,Trent Rockets,MJJ Critchley,JJ Cobb,SJ Cook,2,0,,,,,,,,,
1299199,2022,2022-08-29,"Trent Bridge, Nottingham",2,15.4,Welsh Fire,Trent Rockets,MJJ Critchley,JJ Cobb,SJ Cook,0,0,,,,,,,,,
1299199,2022,2022-08-29,"Trent Bridge, Nottingham",2,15.5,Welsh Fire,Trent Rockets,MJJ Critchley,JJ Cobb,SJ Cook,6,0,,,,,,,,,
1299199,2022,2022-08-29,"Trent Bridge, Nottingham",2,16.1,Welsh Fire,Trent Rockets,JJ Cobb,MJJ Critchley,L Wood,1,0,,,,,,,,,
1299199,2022,2022-08-29,"Trent Bridge, Nottingham",2,16.2,Welsh Fire,Trent Rockets,MJJ Critchley,JJ Cobb,L Wood,4,0,,,,,,,,,
1299199,2022,2022-08-29,"Trent Bridge, Nottingham",2,16.3,Welsh Fire,Trent Rockets,MJJ Critchley,JJ Cobb,L Wood,0,1,,,,1,,,,,
1299199,2022,2022-08-29,"Trent Bridge, Nottingham",2,16.4,Welsh Fire,Trent Rockets,JJ Cobb,MJJ Critchley,L Wood,1,0,,,,,,,,,
1299199,2022,2022-08-29,"Trent Bridge, Nottingham",2,16.5,Welsh Fire,Trent Rockets,MJJ Critchley,JJ Cobb,L Wood,0,0,,,,,,,,,
1299199,2022,2022-08-29,"Trent Bridge, Nottingham",2,17.1,Welsh Fire,Trent Rockets,MJJ Critchley,JJ Cobb,DR Sams,2,0,,,,,,,,,
1299199,2022,2022-08-29,"Trent Bridge, Nottingham",2,17.2,Welsh Fire,Trent Rockets,MJJ Critchley,JJ Cobb,DR Sams,1,0,,,,,,,,,
1299199,2022,2022-08-29,"Trent Bridge, Nottingham",2,17.3,Welsh Fire,Trent Rockets,JJ Cobb,MJJ Critchley,DR Sams,1,0,,,,,,,,,
1299199,2022,2022-08-29,"Trent Bridge, Nottingham",2,17.4,Welsh Fire,Trent Rockets,MJJ Critchley,JJ Cobb,DR Sams,4,0,,,,,,,,,
1299199,2022,2022-08-29,"Trent Bridge, Nottingham",2,17.5,Welsh Fire,Trent Rockets,MJJ Critchley,JJ Cobb,DR Sams,0,1,1,,,,,,,,
1299199,2022,2022-08-29,"Trent Bridge, Nottingham",2,17.6,Welsh Fire,Trent Rockets,MJJ Critchley,JJ Cobb,DR Sams,2,0,,,,,,,,,
1299199,2022,2022-08-29,"Trent Bridge, Nottingham",2,18.1,Welsh Fire,Trent Rockets,JJ Cobb,MJJ Critchley,L Wood,0,2,,2,,,,,,,
1299199,2022,2022-08-29,"Trent Bridge, Nottingham",2,18.2,Welsh Fire,Trent Rockets,JJ Cobb,MJJ Critchley,L Wood,0,0,,,,,,,,,
1299199,2022,2022-08-29,"Trent Bridge, Nottingham",2,18.3,Welsh Fire,Trent Rockets,JJ Cobb,MJJ Critchley,L Wood,1,0,,,,,,,,,
1299199,2022,2022-08-29,"Trent Bridge, Nottingham",2,18.4,Welsh Fire,Trent Rockets,MJJ Critchley,JJ Cobb,L Wood,4,0,,,,,,,,,
1299199,2022,2022-08-29,"Trent Bridge, Nottingham",2,18.5,Welsh Fire,Trent Rockets,MJJ Critchley,JJ Cobb,L Wood,4,2,,2,,,,,,,
1299199,2022,2022-08-29,"Trent Bridge, Nottingham",2,18.6,Welsh Fire,Trent Rockets,MJJ Critchley,JJ Cobb,DR Sams,0,0,,,,,,,,,
1299199,2022,2022-08-29,"Trent Bridge, Nottingham",2,18.7,Welsh Fire,Trent Rockets,MJJ Critchley,JJ Cobb,DR Sams,1,0,,,,,,,,,
1299199,2022,2022-08-29,"Trent Bridge, Nottingham",2,19.1,Welsh Fire,Trent Rockets,JJ Cobb,MJJ Critchley,SJ Cook,6,0,,,,,,,,,
1299199,2022,2022-08-29,"Trent Bridge, Nottingham",2,19.2,Welsh Fire,Trent Rockets,JJ Cobb,MJJ Critchley,SJ Cook,0,0,,,,,,caught,JJ Cobb,,
1299199,2022,2022-08-29,"Trent Bridge, Nottingham",2,19.3,Welsh Fire,Trent Rockets,IS Sodhi,MJJ Critchley,SJ Cook,0,0,,,,,,,,,
1299199,2022,2022-08-29,"Trent Bridge, Nottingham",2,19.4,Welsh Fire,Trent Rockets,IS Sodhi,MJJ Critchley,SJ Cook,1,0,,,,,,,,,
1299199,2022,2022-08-29,"Trent Bridge, Nottingham",2,19.5,Welsh Fire,Trent Rockets,MJJ Critchley,IS Sodhi,SJ Cook,1,0,,,,,,,,,
