match_id,season,start_date,venue,innings,ball,batting_team,bowling_team,striker,non_striker,bowler,runs_off_bat,extras,wides,noballs,byes,legbyes,penalty,wicket_type,player_dismissed,other_wicket_type,other_player_dismissed
1299179,2022,2022-08-11,"Kennington Oval, London",1,0.1,Northern Superchargers,Oval Invincibles,A Lyth,F du Plessis,RJW Topley,0,0,,,,,,,,,
1299179,2022,2022-08-11,"Kennington Oval, London",1,0.2,Northern Superchargers,Oval Invincibles,A Lyth,F du Plessis,RJW Topley,1,0,,,,,,,,,
1299179,2022,2022-08-11,"Kennington Oval, London",1,0.3,Northern Superchargers,Oval Invincibles,F du Plessis,A Lyth,RJW Topley,0,0,,,,,,,,,
1299179,2022,2022-08-11,"Kennington Oval, London",1,0.4,Northern Superchargers,Oval Invincibles,F du Plessis,A Lyth,RJW Topley,0,0,,,,,,,,,
1299179,2022,2022-08-11,"Kennington Oval, London",1,0.5,Northern Superchargers,Oval Invincibles,F du Plessis,A Lyth,RJW Topley,0,0,,,,,,,,,
1299179,2022,2022-08-11,"Kennington Oval, London",1,1.1,Northern Superchargers,Oval Invincibles,F du Plessis,A Lyth,DR Briggs,1,0,,,,,,,,,
1299179,2022,2022-08-11,"Kennington Oval, London",1,1.2,Northern Superchargers,Oval Invincibles,A Lyth,F du Plessis,DR Briggs,2,0,,,,,,,,,
1299179,2022,2022-08-11,"Kennington Oval, London",1,1.3,Northern Superchargers,Oval Invincibles,A Lyth,F du Plessis,DR Briggs,1,0,,,,,,,,,
1299179,2022,2022-08-11,"Kennington Oval, London",1,1.4,Northern Superchargers,Oval Invincibles,F du Plessis,A Lyth,DR Briggs,0,0,,,,,,,,,
1299179,2022,2022-08-11,"Kennington Oval, London",1,1.5,Northern Superchargers,Oval Invincibles,F du Plessis,A Lyth,DR Briggs,6,0,,,,,,,,,
1299179,2022,2022-08-11,"Kennington Oval, London",1,2.1,Northern Superchargers,Oval Invincibles,A Lyth,F du Plessis,RJW Topley,6,0,,,,,,,,,
1299179,2022,2022-08-11,"Kennington Oval, London",1,2.2,Northern Superchargers,Oval Invincibles,A Lyth,F du Plessis,RJW Topley,6,0,,,,,,,,,
1299179,2022,2022-08-11,"Kennington Oval, London",1,2.3,Northern Superchargers,Oval Invincibles,A Lyth,F du Plessis,RJW Topley,6,0,,,,,,,,,
1299179,2022,2022-08-11,"Kennington Oval, London",1,2.4,Northern Superchargers,Oval Invincibles,A Lyth,F du Plessis,RJW Topley,6,0,,,,,,,,,
1299179,2022,2022-08-11,"Kennington Oval, London",1,2.5,Northern Superchargers,Oval Invincibles,A Lyth,F du Plessis,RJW Topley,1,0,,,,,,,,,
1299179,2022,2022-08-11,"Kennington Oval, London",1,3.1,Northern Superchargers,Oval Invincibles,F du Plessis,A Lyth,TK Curran,1,0,,,,,,,,,
1299179,2022,2022-08-11,"Kennington Oval, London",1,3.2,Northern Superchargers,Oval Invincibles,A Lyth,F du Plessis,TK Curran,1,0,,,,,,,,,
1299179,2022,2022-08-11,"Kennington Oval, London",1,3.3,Northern Superchargers,Oval Invincibles,F du Plessis,A Lyth,TK Curran,0,0,,,,,,,,,
1299179,2022,2022-08-11,"Kennington Oval, London",1,3.4,Northern Superchargers,Oval Invincibles,F du Plessis,A Lyth,TK Curran,1,0,,,,,,,,,
1299179,2022,2022-08-11,"Kennington Oval, London",1,3.5,Northern Superchargers,Oval Invincibles,A Lyth,F du Plessis,TK Curran,6,0,,,,,,,,,
1299179,2022,2022-08-11,"Kennington Oval, London",1,4.1,Northern Superchargers,Oval Invincibles,F du Plessis,A Lyth,SM Curran,0,0,,,,,,caught,F du Plessis,,
1299179,2022,2022-08-11,"Kennington Oval, London",1,4.2,Northern Superchargers,Oval Invincibles,MS Pepper,A Lyth,SM Curran,0,0,,,,,,,,,
1299179,2022,2022-08-11,"Kennington Oval, London",1,4.3,Northern Superchargers,Oval Invincibles,MS Pepper,A Lyth,SM Curran,0,0,,,,,,,,,
1299179,2022,2022-08-11,"Kennington Oval, London",1,4.4,Northern Superchargers,Oval Invincibles,MS Pepper,A Lyth,SM Curran,1,0,,,,,,,,,
1299179,2022,2022-08-11,"Kennington Oval, London",1,4.5,Northern Superchargers,Oval Invincibles,A Lyth,MS Pepper,SM Curran,1,0,,,,,,,,,
1299179,2022,2022-08-11,"Kennington Oval, London",1,5.1,Northern Superchargers,Oval Invincibles,MS Pepper,A Lyth,SP Narine,0,0,,,,,,,,,
1299179,2022,2022-08-11,"Kennington Oval, London",1,5.2,Northern Superchargers,Oval Invincibles,MS Pepper,A Lyth,SP Narine,0,0,,,,,,,,,
1299179,2022,2022-08-11,"Kennington Oval, London",1,5.3,Northern Superchargers,Oval Invincibles,MS Pepper,A Lyth,SP Narine,4,0,,,,,,,,,
1299179,2022,2022-08-11,"Kennington Oval, London",1,5.4,Northern Superchargers,Oval Invincibles,MS Pepper,A Lyth,SP Narine,0,0,,,,,,,,,
1299179,2022,2022-08-11,"Kennington Oval, London",1,5.5,Northern Superchargers,Oval Invincibles,MS Pepper,A Lyth,SP Narine,1,0,,,,,,,,,
1299179,2022,2022-08-11,"Kennington Oval, London",1,6.1,Northern Superchargers,Oval Invincibles,MS Pepper,A Lyth,ME Milnes,1,0,,,,,,,,,
1299179,2022,2022-08-11,"Kennington Oval, London",1,6.2,Northern Superchargers,Oval Invincibles,A Lyth,MS Pepper,ME Milnes,6,0,,,,,,,,,
1299179,2022,2022-08-11,"Kennington Oval, London",1,6.3,Northern Superchargers,Oval Invincibles,A Lyth,MS Pepper,ME Milnes,1,0,,,,,,,,,
1299179,2022,2022-08-11,"Kennington Oval, London",1,6.4,Northern Superchargers,Oval Invincibles,MS Pepper,A Lyth,ME Milnes,0,0,,,,,,,,,
1299179,2022,2022-08-11,"Kennington Oval, London",1,6.5,Northern Superchargers,Oval Invincibles,MS Pepper,A Lyth,ME Milnes,2,0,,,,,,,,,
1299179,2022,2022-08-11,"Kennington Oval, London",1,7.1,Northern Superchargers,Oval Invincibles,MS Pepper,A Lyth,TK Curran,1,0,,,,,,,,,
1299179,2022,2022-08-11,"Kennington Oval, London",1,7.2,Northern Superchargers,Oval Invincibles,A Lyth,MS Pepper,TK Curran,4,0,,,,,,,,,
1299179,2022,2022-08-11,"Kennington Oval, London",1,7.3,Northern Superchargers,Oval Invincibles,A Lyth,MS Pepper,TK Curran,1,0,,,,,,,,,
1299179,2022,2022-08-11,"Kennington Oval, London",1,7.4,Northern Superchargers,Oval Invincibles,MS Pepper,A Lyth,TK Curran,0,0,,,,,,,,,
1299179,2022,2022-08-11,"Kennington Oval, London",1,7.5,Northern Superchargers,Oval Invincibles,MS Pepper,A Lyth,TK Curran,4,0,,,,,,,,,
1299179,2022,2022-08-11,"Kennington Oval, London",1,8.1,Northern Superchargers,Oval Invincibles,A Lyth,MS Pepper,SM Curran,4,0,,,,,,,,,
1299179,2022,2022-08-11,"Kennington Oval, London",1,8.2,Northern Superchargers,Oval Invincibles,A Lyth,MS Pepper,SM Curran,1,0,,,,,,,,,
1299179,2022,2022-08-11,"Kennington Oval, London",1,8.3,Northern Superchargers,Oval Invincibles,MS Pepper,A Lyth,SM Curran,0,1,,,,1,,,,,
1299179,2022,2022-08-11,"Kennington Oval, London",1,8.4,Northern Superchargers,Oval Invincibles,A Lyth,MS Pepper,SM Curran,0,0,,,,,,,,,
1299179,2022,2022-08-11,"Kennington Oval, London",1,8.5,Northern Superchargers,Oval Invincibles,A Lyth,MS Pepper,SM Curran,1,0,,,,,,,,,
1299179,2022,2022-08-11,"Kennington Oval, London",1,9.1,Northern Superchargers,Oval Invincibles,MS Pepper,A Lyth,RJW Topley,0,0,,,,,,,,,
1299179,2022,2022-08-11,"Kennington Oval, London",1,9.2,Northern Superchargers,Oval Invincibles,MS Pepper,A Lyth,RJW Topley,1,0,,,,,,,,,
1299179,2022,2022-08-11,"Kennington Oval, London",1,9.3,Northern Superchargers,Oval Invincibles,A Lyth,MS Pepper,RJW Topley,4,0,,,,,,,,,
1299179,2022,2022-08-11,"Kennington Oval, London",1,9.4,Northern Superchargers,Oval Invincibles,A Lyth,MS Pepper,RJW Topley,1,0,,,,,,,,,
1299179,2022,2022-08-11,"Kennington Oval, London",1,9.5,Northern Superchargers,Oval Invincibles,MS Pepper,A Lyth,RJW Topley,1,0,,,,,,,,,
1299179,2022,2022-08-11,"Kennington Oval, London",1,10.1,Northern Superchargers,Oval Invincibles,MS Pepper,A Lyth,SP Narine,0,0,,,,,,caught,MS Pepper,,
1299179,2022,2022-08-11,"Kennington Oval, London",1,10.2,Northern Superchargers,Oval Invincibles,AJ Hose,A Lyth,SP Narine,1,0,,,,,,,,,
1299179,2022,2022-08-11,"Kennington Oval, London",1,10.3,Northern Superchargers,Oval Invincibles,A Lyth,AJ Hose,SP Narine,0,0,,,,,,,,,
1299179,2022,2022-08-11,"Kennington Oval, London",1,10.4,Northern Superchargers,Oval Invincibles,A Lyth,AJ Hose,SP Narine,0,0,,,,,,,,,
1299179,2022,2022-08-11,"Kennington Oval, London",1,10.5,Northern Superchargers,Oval Invincibles,A Lyth,AJ Hose,SP Narine,1,0,,,,,,,,,
1299179,2022,2022-08-11,"Kennington Oval, London",1,11.1,Northern Superchargers,Oval Invincibles,AJ Hose,A Lyth,SP Narine,0,0,,,,,,,,,
1299179,2022,2022-08-11,"Kennington Oval, London",1,11.2,Northern Superchargers,Oval Invincibles,AJ Hose,A Lyth,SP Narine,1,0,,,,,,,,,
1299179,2022,2022-08-11,"Kennington Oval, London",1,11.3,Northern Superchargers,Oval Invincibles,A Lyth,AJ Hose,SP Narine,1,0,,,,,,,,,
1299179,2022,2022-08-11,"Kennington Oval, London",1,11.4,Northern Superchargers,Oval Invincibles,AJ Hose,A Lyth,SP Narine,0,0,,,,,,,,,
1299179,2022,2022-08-11,"Kennington Oval, London",1,11.5,Northern Superchargers,Oval Invincibles,AJ Hose,A Lyth,SP Narine,0,1,,,,1,,,,,
1299179,2022,2022-08-11,"Kennington Oval, London",1,12.1,Northern Superchargers,Oval Invincibles,AJ Hose,A Lyth,ME Milnes,1,0,,,,,,,,,
1299179,2022,2022-08-11,"Kennington Oval, London",1,12.2,Northern Superchargers,Oval Invincibles,A Lyth,AJ Hose,ME Milnes,1,0,,,,,,,,,
1299179,2022,2022-08-11,"Kennington Oval, London",1,12.3,Northern Superchargers,Oval Invincibles,AJ Hose,A Lyth,ME Milnes,0,0,,,,,,,,,
1299179,2022,2022-08-11,"Kennington Oval, London",1,12.4,Northern Superchargers,Oval Invincibles,AJ Hose,A Lyth,ME Milnes,1,0,,,,,,,,,
1299179,2022,2022-08-11,"Kennington Oval, London",1,12.5,Northern Superchargers,Oval Invincibles,A Lyth,AJ Hose,ME Milnes,1,0,,,,,,,,,
1299179,2022,2022-08-11,"Kennington Oval, London",1,13.1,Northern Superchargers,Oval Invincibles,AJ Hose,A Lyth,TK Curran,6,0,,,,,,,,,
1299179,2022,2022-08-11,"Kennington Oval, London",1,13.2,Northern Superchargers,Oval Invincibles,AJ Hose,A Lyth,TK Curran,1,0,,,,,,,,,
1299179,2022,2022-08-11,"Kennington Oval, London",1,13.3,Northern Superchargers,Oval Invincibles,A Lyth,AJ Hose,TK Curran,2,0,,,,,,,,,
1299179,2022,2022-08-11,"Kennington Oval, London",1,13.4,Northern Superchargers,Oval Invincibles,A Lyth,AJ Hose,TK Curran,6,0,,,,,,,,,
1299179,2022,2022-08-11,"Kennington Oval, London",1,13.5,Northern Superchargers,Oval Invincibles,A Lyth,AJ Hose,TK Curran,1,0,,,,,,,,,
1299179,2022,2022-08-11,"Kennington Oval, London",1,14.1,Northern Superchargers,Oval Invincibles,A Lyth,AJ Hose,ME Milnes,6,0,,,,,,,,,
1299179,2022,2022-08-11,"Kennington Oval, London",1,14.2,Northern Superchargers,Oval Invincibles,A Lyth,AJ Hose,ME Milnes,0,0,,,,,,caught,A Lyth,,
1299179,2022,2022-08-11,"Kennington Oval, London",1,14.3,Northern Superchargers,Oval Invincibles,JA Simpson,AJ Hose,ME Milnes,1,0,,,,,,,,,
1299179,2022,2022-08-11,"Kennington Oval, London",1,14.4,Northern Superchargers,Oval Invincibles,AJ Hose,JA Simpson,ME Milnes,1,0,,,,,,,,,
1299179,2022,2022-08-11,"Kennington Oval, London",1,14.5,Northern Superchargers,Oval Invincibles,JA Simpson,AJ Hose,ME Milnes,4,0,,,,,,,,,
1299179,2022,2022-08-11,"Kennington Oval, London",1,15.1,Northern Superchargers,Oval Invincibles,JA Simpson,AJ Hose,SM Curran,2,0,,,,,,,,,
1299179,2022,2022-08-11,"Kennington Oval, London",1,15.2,Northern Superchargers,Oval Invincibles,JA Simpson,AJ Hose,SM Curran,2,0,,,,,,,,,
1299179,2022,2022-08-11,"Kennington Oval, London",1,15.3,Northern Superchargers,Oval Invincibles,JA Simpson,AJ Hose,SM Curran,1,0,,,,,,,,,
1299179,2022,2022-08-11,"Kennington Oval, London",1,15.4,Northern Superchargers,Oval Invincibles,AJ Hose,JA Simpson,SM Curran,1,0,,,,,,,,,
1299179,2022,2022-08-11,"Kennington Oval, London",1,15.5,Northern Superchargers,Oval Invincibles,JA Simpson,AJ Hose,SM Curran,0,0,,,,,,,,,
1299179,2022,2022-08-11,"Kennington Oval, London",1,16.1,Northern Superchargers,Oval Invincibles,AJ Hose,JA Simpson,SP Narine,0,0,,,,,,caught,AJ Hose,,
1299179,2022,2022-08-11,"Kennington Oval, London",1,16.2,Northern Superchargers,Oval Invincibles,D Wiese,JA Simpson,SP Narine,0,0,,,,,,lbw,D Wiese,,
1299179,2022,2022-08-11,"Kennington Oval, London",1,16.3,Northern Superchargers,Oval Invincibles,RE van der Merwe,JA Simpson,SP Narine,1,0,,,,,,,,,
1299179,2022,2022-08-11,"Kennington Oval, London",1,16.4,Northern Superchargers,Oval Invincibles,JA Simpson,RE van der Merwe,SP Narine,1,0,,,,,,,,,
1299179,2022,2022-08-11,"Kennington Oval, London",1,16.5,Northern Superchargers,Oval Invincibles,RE van der Merwe,JA Simpson,SP Narine,0,0,,,,,,,,,
1299179,2022,2022-08-11,"Kennington Oval, London",1,17.1,Northern Superchargers,Oval Invincibles,RE van der Merwe,JA Simpson,RJW Topley,1,0,,,,,,,,,
1299179,2022,2022-08-11,"Kennington Oval, London",1,17.2,Northern Superchargers,Oval Invincibles,JA Simpson,RE van der Merwe,RJW Topley,1,0,,,,,,,,,
1299179,2022,2022-08-11,"Kennington Oval, London",1,17.3,Northern Superchargers,Oval Invincibles,RE van der Merwe,JA Simpson,RJW Topley,1,0,,,,,,,,,
1299179,2022,2022-08-11,"Kennington Oval, London",1,17.4,Northern Superchargers,Oval Invincibles,JA Simpson,RE van der Merwe,RJW Topley,2,0,,,,,,,,,
1299179,2022,2022-08-11,"Kennington Oval, London",1,17.5,Northern Superchargers,Oval Invincibles,JA Simpson,RE van der Merwe,RJW Topley,0,0,,,,,,caught,JA Simpson,,
1299179,2022,2022-08-11,"Kennington Oval, London",1,18.1,Northern Superchargers,Oval Invincibles,RE van der Merwe,DJ Bravo,TK Curran,1,0,,,,,,,,,
1299179,2022,2022-08-11,"Kennington Oval, London",1,18.2,Northern Superchargers,Oval Invincibles,DJ Bravo,RE van der Merwe,TK Curran,0,1,1,,,,,,,,
1299179,2022,2022-08-11,"Kennington Oval, London",1,18.3,Northern Superchargers,Oval Invincibles,DJ Bravo,RE van der Merwe,TK Curran,0,0,,,,,,caught,DJ Bravo,,
1299179,2022,2022-08-11,"Kennington Oval, London",1,18.4,Northern Superchargers,Oval Invincibles,BA Raine,RE van der Merwe,TK Curran,0,1,,,,1,,,,,
1299179,2022,2022-08-11,"Kennington Oval, London",1,18.5,Northern Superchargers,Oval Invincibles,RE van der Merwe,BA Raine,TK Curran,4,0,,,,,,,,,
1299179,2022,2022-08-11,"Kennington Oval, London",1,18.6,Northern Superchargers,Oval Invincibles,RE van der Merwe,BA Raine,TK Curran,1,0,,,,,,,,,
1299179,2022,2022-08-11,"Kennington Oval, London",1,19.1,Northern Superchargers,Oval Invincibles,BA Raine,RE van der Merwe,SM Curran,1,0,,,,,,,,,
1299179,2022,2022-08-11,"Kennington Oval, London",1,19.2,Northern Superchargers,Oval Invincibles,RE van der Merwe,BA Raine,SM Curran,0,1,,,,1,,,,,
1299179,2022,2022-08-11,"Kennington Oval, London",1,19.3,Northern Superchargers,Oval Invincibles,BA Raine,RE van der Merwe,SM Curran,4,0,,,,,,,,,
1299179,2022,2022-08-11,"Kennington Oval, London",1,19.4,Northern Superchargers,Oval Invincibles,BA Raine,RE van der Merwe,SM Curran,1,0,,,,,,,,,
1299179,2022,2022-08-11,"Kennington Oval, London",1,19.5,Northern Superchargers,Oval Invincibles,RE van der Merwe,BA Raine,SM Curran,6,0,,,,,,,,,
1299179,2022,2022-08-11,"Kennington Oval, London",2,0.1,Oval Invincibles,Northern Superchargers,JJ Roy,SP Narine,BA Raine,0,0,,,,,,,,,
1299179,2022,2022-08-11,"Kennington Oval, London",2,0.2,Oval Invincibles,Northern Superchargers,JJ Roy,SP Narine,BA Raine,0,0,,,,,,caught,JJ Roy,,
1299179,2022,2022-08-11,"Kennington Oval, London",2,0.3,Oval Invincibles,Northern Superchargers,RR Rossouw,SP Narine,BA Raine,0,0,,,,,,,,,
1299179,2022,2022-08-11,"Kennington Oval, London",2,0.4,Oval Invincibles,Northern Superchargers,RR Rossouw,SP Narine,BA Raine,0,1,,,,1,,,,,
1299179,2022,2022-08-11,"Kennington Oval, London",2,0.5,Oval Invincibles,Northern Superchargers,SP Narine,RR Rossouw,BA Raine,4,0,,,,,,,,,
1299179,2022,2022-08-11,"Kennington Oval, London",2,1.1,Oval Invincibles,Northern Superchargers,SP Narine,RR Rossouw,CN Miles,0,0,,,,,,,,,
1299179,2022,2022-08-11,"Kennington Oval, London",2,1.2,Oval Invincibles,Northern Superchargers,SP Narine,RR Rossouw,CN Miles,0,0,,,,,,caught,SP Narine,,
1299179,2022,2022-08-11,"Kennington Oval, London",2,1.3,Oval Invincibles,Northern Superchargers,JM Cox,RR Rossouw,CN Miles,0,1,,,,1,,,,,
1299179,2022,2022-08-11,"Kennington Oval, London",2,1.4,Oval Invincibles,Northern Superchargers,RR Rossouw,JM Cox,CN Miles,1,0,,,,,,,,,
1299179,2022,2022-08-11,"Kennington Oval, London",2,1.5,Oval Invincibles,Northern Superchargers,JM Cox,RR Rossouw,CN Miles,0,0,,,,,,,,,
1299179,2022,2022-08-11,"Kennington Oval, London",2,2.1,Oval Invincibles,Northern Superchargers,RR Rossouw,JM Cox,BA Raine,2,0,,,,,,,,,
1299179,2022,2022-08-11,"Kennington Oval, London",2,2.2,Oval Invincibles,Northern Superchargers,RR Rossouw,JM Cox,BA Raine,4,0,,,,,,,,,
1299179,2022,2022-08-11,"Kennington Oval, London",2,2.3,Oval Invincibles,Northern Superchargers,RR Rossouw,JM Cox,BA Raine,1,0,,,,,,,,,
1299179,2022,2022-08-11,"Kennington Oval, London",2,2.4,Oval Invincibles,Northern Superchargers,JM Cox,RR Rossouw,BA Raine,1,0,,,,,,,,,
1299179,2022,2022-08-11,"Kennington Oval, London",2,2.5,Oval Invincibles,Northern Superchargers,RR Rossouw,JM Cox,BA Raine,1,0,,,,,,,,,
1299179,2022,2022-08-11,"Kennington Oval, London",2,3.1,Oval Invincibles,Northern Superchargers,JM Cox,RR Rossouw,DJ Bravo,0,0,,,,,,,,,
1299179,2022,2022-08-11,"Kennington Oval, London",2,3.2,Oval Invincibles,Northern Superchargers,JM Cox,RR Rossouw,DJ Bravo,0,0,,,,,,,,,
1299179,2022,2022-08-11,"Kennington Oval, London",2,3.3,Oval Invincibles,Northern Superchargers,JM Cox,RR Rossouw,DJ Bravo,4,0,,,,,,,,,
1299179,2022,2022-08-11,"Kennington Oval, London",2,3.4,Oval Invincibles,Northern Superchargers,JM Cox,RR Rossouw,DJ Bravo,1,0,,,,,,,,,
1299179,2022,2022-08-11,"Kennington Oval, London",2,3.5,Oval Invincibles,Northern Superchargers,RR Rossouw,JM Cox,DJ Bravo,0,0,,,,,,lbw,RR Rossouw,,
1299179,2022,2022-08-11,"Kennington Oval, London",2,4.1,Oval Invincibles,Northern Superchargers,JM Cox,SM Curran,CN Miles,1,0,,,,,,,,,
1299179,2022,2022-08-11,"Kennington Oval, London",2,4.2,Oval Invincibles,Northern Superchargers,SM Curran,JM Cox,CN Miles,0,0,,,,,,,,,
1299179,2022,2022-08-11,"Kennington Oval, London",2,4.3,Oval Invincibles,Northern Superchargers,SM Curran,JM Cox,CN Miles,0,0,,,,,,,,,
1299179,2022,2022-08-11,"Kennington Oval, London",2,4.4,Oval Invincibles,Northern Superchargers,SM Curran,JM Cox,CN Miles,1,0,,,,,,,,,
1299179,2022,2022-08-11,"Kennington Oval, London",2,4.5,Oval Invincibles,Northern Superchargers,JM Cox,SM Curran,CN Miles,0,0,,,,,,,,,
1299179,2022,2022-08-11,"Kennington Oval, London",2,5.1,Oval Invincibles,Northern Superchargers,JM Cox,SM Curran,BA Raine,1,0,,,,,,,,,
1299179,2022,2022-08-11,"Kennington Oval, London",2,5.2,Oval Invincibles,Northern Superchargers,SM Curran,JM Cox,BA Raine,0,0,,,,,,,,,
1299179,2022,2022-08-11,"Kennington Oval, London",2,5.3,Oval Invincibles,Northern Superchargers,SM Curran,JM Cox,BA Raine,1,0,,,,,,,,,
1299179,2022,2022-08-11,"Kennington Oval, London",2,5.4,Oval Invincibles,Northern Superchargers,JM Cox,SM Curran,BA Raine,4,0,,,,,,,,,
1299179,2022,2022-08-11,"Kennington Oval, London",2,5.5,Oval Invincibles,Northern Superchargers,JM Cox,SM Curran,BA Raine,4,0,,,,,,,,,
1299179,2022,2022-08-11,"Kennington Oval, London",2,6.1,Oval Invincibles,Northern Superchargers,SM Curran,JM Cox,D Wiese,1,0,,,,,,,,,
1299179,2022,2022-08-11,"Kennington Oval, London",2,6.2,Oval Invincibles,Northern Superchargers,JM Cox,SM Curran,D Wiese,4,0,,,,,,,,,
1299179,2022,2022-08-11,"Kennington Oval, London",2,6.3,Oval Invincibles,Northern Superchargers,JM Cox,SM Curran,D Wiese,1,0,,,,,,,,,
1299179,2022,2022-08-11,"Kennington Oval, London",2,6.4,Oval Invincibles,Northern Superchargers,SM Curran,JM Cox,D Wiese,1,0,,,,,,,,,
1299179,2022,2022-08-11,"Kennington Oval, London",2,6.5,Oval Invincibles,Northern Superchargers,JM Cox,SM Curran,D Wiese,2,0,,,,,,,,,
1299179,2022,2022-08-11,"Kennington Oval, London",2,7.1,Oval Invincibles,Northern Superchargers,JM Cox,SM Curran,BA Raine,1,0,,,,,,,,,
1299179,2022,2022-08-11,"Kennington Oval, London",2,7.2,Oval Invincibles,Northern Superchargers,SM Curran,JM Cox,BA Raine,0,0,,,,,,,,,
1299179,2022,2022-08-11,"Kennington Oval, London",2,7.3,Oval Invincibles,Northern Superchargers,SM Curran,JM Cox,BA Raine,4,0,,,,,,,,,
1299179,2022,2022-08-11,"Kennington Oval, London",2,7.4,Oval Invincibles,Northern Superchargers,SM Curran,JM Cox,BA Raine,0,1,1,,,,,,,,
1299179,2022,2022-08-11,"Kennington Oval, London",2,7.5,Oval Invincibles,Northern Superchargers,SM Curran,JM Cox,BA Raine,0,0,,,,,,,,,
1299179,2022,2022-08-11,"Kennington Oval, London",2,7.6,Oval Invincibles,Northern Superchargers,SM Curran,JM Cox,BA Raine,0,0,,,,,,,,,
1299179,2022,2022-08-11,"Kennington Oval, London",2,8.1,Oval Invincibles,Northern Superchargers,JM Cox,SM Curran,AU Rashid,0,1,1,,,,,,,,
1299179,2022,2022-08-11,"Kennington Oval, London",2,8.2,Oval Invincibles,Northern Superchargers,JM Cox,SM Curran,AU Rashid,4,0,,,,,,,,,
1299179,2022,2022-08-11,"Kennington Oval, London",2,8.3,Oval Invincibles,Northern Superchargers,JM Cox,SM Curran,AU Rashid,0,0,,,,,,,,,
1299179,2022,2022-08-11,"Kennington Oval, London",2,8.4,Oval Invincibles,Northern Superchargers,JM Cox,SM Curran,AU Rashid,1,0,,,,,,,,,
1299179,2022,2022-08-11,"Kennington Oval, London",2,8.5,Oval Invincibles,Northern Superchargers,SM Curran,JM Cox,AU Rashid,2,0,,,,,,,,,
1299179,2022,2022-08-11,"Kennington Oval, London",2,8.6,Oval Invincibles,Northern Superchargers,SM Curran,JM Cox,AU Rashid,1,0,,,,,,,,,
1299179,2022,2022-08-11,"Kennington Oval, London",2,9.1,Oval Invincibles,Northern Superchargers,JM Cox,SM Curran,AU Rashid,1,0,,,,,,,,,
1299179,2022,2022-08-11,"Kennington Oval, London",2,9.2,Oval Invincibles,Northern Superchargers,SM Curran,JM Cox,AU Rashid,1,0,,,,,,,,,
1299179,2022,2022-08-11,"Kennington Oval, London",2,9.3,Oval Invincibles,Northern Superchargers,JM Cox,SM Curran,AU Rashid,1,0,,,,,,,,,
1299179,2022,2022-08-11,"Kennington Oval, London",2,9.4,Oval Invincibles,Northern Superchargers,SM Curran,JM Cox,AU Rashid,1,0,,,,,,,,,
1299179,2022,2022-08-11,"Kennington Oval, London",2,9.5,Oval Invincibles,Northern Superchargers,JM Cox,SM Curran,AU Rashid,4,0,,,,,,,,,
1299179,2022,2022-08-11,"Kennington Oval, London",2,10.1,Oval Invincibles,Northern Superchargers,SM Curran,JM Cox,CN Miles,6,0,,,,,,,,,
1299179,2022,2022-08-11,"Kennington Oval, London",2,10.2,Oval Invincibles,Northern Superchargers,SM Curran,JM Cox,CN Miles,1,0,,,,,,,,,
1299179,2022,2022-08-11,"Kennington Oval, London",2,10.3,Oval Invincibles,Northern Superchargers,JM Cox,SM Curran,CN Miles,4,0,,,,,,,,,
1299179,2022,2022-08-11,"Kennington Oval, London",2,10.4,Oval Invincibles,Northern Superchargers,JM Cox,SM Curran,CN Miles,1,0,,,,,,,,,
1299179,2022,2022-08-11,"Kennington Oval, London",2,10.5,Oval Invincibles,Northern Superchargers,SM Curran,JM Cox,CN Miles,1,0,,,,,,,,,
1299179,2022,2022-08-11,"Kennington Oval, London",2,11.1,Oval Invincibles,Northern Superchargers,JM Cox,SM Curran,D Wiese,0,1,1,,,,,,,,
1299179,2022,2022-08-11,"Kennington Oval, London",2,11.2,Oval Invincibles,Northern Superchargers,JM Cox,SM Curran,D Wiese,2,0,,,,,,,,,
1299179,2022,2022-08-11,"Kennington Oval, London",2,11.3,Oval Invincibles,Northern Superchargers,JM Cox,SM Curran,D Wiese,1,0,,,,,,,,,
1299179,2022,2022-08-11,"Kennington Oval, London",2,11.4,Oval Invincibles,Northern Superchargers,SM Curran,JM Cox,D Wiese,1,0,,,,,,,,,
1299179,2022,2022-08-11,"Kennington Oval, London",2,11.5,Oval Invincibles,Northern Superchargers,JM Cox,SM Curran,D Wiese,4,0,,,,,,,,,
1299179,2022,2022-08-11,"Kennington Oval, London",2,11.6,Oval Invincibles,Northern Superchargers,JM Cox,SM Curran,D Wiese,1,0,,,,,,,,,
1299179,2022,2022-08-11,"Kennington Oval, London",2,12.1,Oval Invincibles,Northern Superchargers,JM Cox,SM Curran,DJ Bravo,0,0,,,,,,run out,JM Cox,,
1299179,2022,2022-08-11,"Kennington Oval, London",2,12.2,Oval Invincibles,Northern Superchargers,HWR Cartwright,SM Curran,DJ Bravo,0,0,,,,,,,,,
1299179,2022,2022-08-11,"Kennington Oval, London",2,12.3,Oval Invincibles,Northern Superchargers,HWR Cartwright,SM Curran,DJ Bravo,1,0,,,,,,,,,
1299179,2022,2022-08-11,"Kennington Oval, London",2,12.4,Oval Invincibles,Northern Superchargers,SM Curran,HWR Cartwright,DJ Bravo,1,0,,,,,,,,,
1299179,2022,2022-08-11,"Kennington Oval, London",2,12.5,Oval Invincibles,Northern Superchargers,HWR Cartwright,SM Curran,DJ Bravo,1,0,,,,,,,,,
1299179,2022,2022-08-11,"Kennington Oval, London",2,13.1,Oval Invincibles,Northern Superchargers,SM Curran,HWR Cartwright,AU Rashid,1,0,,,,,,,,,
1299179,2022,2022-08-11,"Kennington Oval, London",2,13.2,Oval Invincibles,Northern Superchargers,HWR Cartwright,SM Curran,AU Rashid,1,0,,,,,,,,,
1299179,2022,2022-08-11,"Kennington Oval, London",2,13.3,Oval Invincibles,Northern Superchargers,SM Curran,HWR Cartwright,AU Rashid,6,0,,,,,,,,,
1299179,2022,2022-08-11,"Kennington Oval, London",2,13.4,Oval Invincibles,Northern Superchargers,SM Curran,HWR Cartwright,AU Rashid,0,0,,,,,,,,,
1299179,2022,2022-08-11,"Kennington Oval, London",2,13.5,Oval Invincibles,Northern Superchargers,SM Curran,HWR Cartwright,AU Rashid,1,0,,,,,,,,,
1299179,2022,2022-08-11,"Kennington Oval, London",2,14.1,Oval Invincibles,Northern Superchargers,SM Curran,HWR Cartwright,D Wiese,0,1,1,,,,,,,,
1299179,2022,2022-08-11,"Kennington Oval, London",2,14.2,Oval Invincibles,Northern Superchargers,SM Curran,HWR Cartwright,D Wiese,6,0,,,,,,,,,
1299179,2022,2022-08-11,"Kennington Oval, London",2,14.3,Oval Invincibles,Northern Superchargers,SM Curran,HWR Cartwright,D Wiese,0,2,,2,,,,,,,
1299179,2022,2022-08-11,"Kennington Oval, London",2,14.4,Oval Invincibles,Northern Superchargers,SM Curran,HWR Cartwright,D Wiese,0,0,,,,,,,,,
1299179,2022,2022-08-11,"Kennington Oval, London",2,14.5,Oval Invincibles,Northern Superchargers,SM Curran,HWR Cartwright,D Wiese,1,0,,,,,,,,,
1299179,2022,2022-08-11,"Kennington Oval, London",2,14.6,Oval Invincibles,Northern Superchargers,HWR Cartwright,SM Curran,D Wiese,1,0,,,,,,,,,
1299179,2022,2022-08-11,"Kennington Oval, London",2,14.7,Oval Invincibles,Northern Superchargers,SM Curran,HWR Cartwright,D Wiese,0,0,,,,,,,,,
1299179,2022,2022-08-11,"Kennington Oval, London",2,15.1,Oval Invincibles,Northern Superchargers,SM Curran,HWR Cartwright,DJ Bravo,6,0,,,,,,,,,
1299179,2022,2022-08-11,"Kennington Oval, London",2,15.2,Oval Invincibles,Northern Superchargers,SM Curran,HWR Cartwright,DJ Bravo,2,0,,,,,,,,,
1299179,2022,2022-08-11,"Kennington Oval, London",2,15.3,Oval Invincibles,Northern Superchargers,SM Curran,HWR Cartwright,DJ Bravo,6,0,,,,,,,,,
1299179,2022,2022-08-11,"Kennington Oval, London",2,15.4,Oval Invincibles,Northern Superchargers,SM Curran,HWR Cartwright,DJ Bravo,0,0,,,,,,,,,
1299179,2022,2022-08-11,"Kennington Oval, London",2,15.5,Oval Invincibles,Northern Superchargers,SM Curran,HWR Cartwright,DJ Bravo,0,1,1,,,,,,,,
1299179,2022,2022-08-11,"Kennington Oval, London",2,15.6,Oval Invincibles,Northern Superchargers,SM Curran,HWR Cartwright,DJ Bravo,2,0,,,,,,,,,
1299179,2022,2022-08-11,"Kennington Oval, London",2,16.1,Oval Invincibles,Northern Superchargers,HWR Cartwright,SM Curran,AU Rashid,1,0,,,,,,,,,
1299179,2022,2022-08-11,"Kennington Oval, London",2,16.2,Oval Invincibles,Northern Superchargers,SM Curran,HWR Cartwright,AU Rashid,1,0,,,,,,,,,
1299179,2022,2022-08-11,"Kennington Oval, London",2,16.3,Oval Invincibles,Northern Superchargers,HWR Cartwright,SM Curran,AU Rashid,0,0,,,,,,caught,HWR Cartwright,,
1299179,2022,2022-08-11,"Kennington Oval, London",2,16.4,Oval Invincibles,Northern Superchargers,TK Curran,SM Curran,AU Rashid,1,0,,,,,,,,,
1299179,2022,2022-08-11,"Kennington Oval, London",2,16.5,Oval Invincibles,Northern Superchargers,SM Curran,TK Curran,AU Rashid,4,0,,,,,,,,,
1299179,2022,2022-08-11,"Kennington Oval, London",2,17.1,Oval Invincibles,Northern Superchargers,SM Curran,TK Curran,DJ Bravo,1,0,,,,,,,,,
1299179,2022,2022-08-11,"Kennington Oval, London",2,17.2,Oval Invincibles,Northern Superchargers,TK Curran,SM Curran,DJ Bravo,1,0,,,,,,,,,
1299179,2022,2022-08-11,"Kennington Oval, London",2,17.3,Oval Invincibles,Northern Superchargers,SM Curran,TK Curran,DJ Bravo,0,0,,,,,,,,,
1299179,2022,2022-08-11,"Kennington Oval, London",2,17.4,Oval Invincibles,Northern Superchargers,SM Curran,TK Curran,DJ Bravo,0,0,,,,,,bowled,SM Curran,,
1299179,2022,2022-08-11,"Kennington Oval, London",2,17.5,Oval Invincibles,Northern Superchargers,JA Haynes,TK Curran,DJ Bravo,2,0,,,,,,,,,
1299179,2022,2022-08-11,"Kennington Oval, London",2,18.1,Oval Invincibles,Northern Superchargers,TK Curran,JA Haynes,D Wiese,6,0,,,,,,,,,
1299179,2022,2022-08-11,"Kennington Oval, London",2,18.2,Oval Invincibles,Northern Superchargers,TK Curran,JA Haynes,D Wiese,6,0,,,,,,,,,
1299179,2022,2022-08-11,"Kennington Oval, London",2,18.3,Oval Invincibles,Northern Superchargers,TK Curran,JA Haynes,D Wiese,1,0,,,,,,,,,
1299179,2022,2022-08-11,"Kennington Oval, London",2,18.4,Oval Invincibles,Northern Superchargers,JA Haynes,TK Curran,D Wiese,0,0,,,,,,caught,JA Haynes,,
1299179,2022,2022-08-11,"Kennington Oval, London",2,18.5,Oval Invincibles,Northern Superchargers,DR Briggs,TK Curran,D Wiese,1,0,,,,,,,,,
1299179,2022,2022-08-11,"Kennington Oval, London",2,19.1,Oval Invincibles,Northern Superchargers,TK Curran,DR Briggs,CN Miles,1,0,,,,,,,,,
1299179,2022,2022-08-11,"Kennington Oval, London",2,19.2,Oval Invincibles,Northern Superchargers,DR Briggs,TK Curran,CN Miles,0,2,2,,,,,,,,
1299179,2022,2022-08-11,"Kennington Oval, London",2,19.3,Oval Invincibles,Northern Superchargers,TK Curran,DR Briggs,CN Miles,2,0,,,,,,,,,
