match_id,season,start_date,venue,innings,ball,batting_team,bowling_team,striker,non_striker,bowler,runs_off_bat,extras,wides,noballs,byes,legbyes,penalty,wicket_type,player_dismissed,other_wicket_type,other_player_dismissed
1355634,2023,2023-08-21,"Kennington Oval, London",1,0.1,Trent Rockets,Oval Invincibles,JE Root,AD Hales,SH Johnson,0,0,,,,,,,,,
1355634,2023,2023-08-21,"Kennington Oval, London",1,0.2,Trent Rockets,Oval Invincibles,JE Root,AD Hales,SH Johnson,0,4,,,,4,,,,,
1355634,2023,2023-08-21,"Kennington Oval, London",1,0.3,Trent Rockets,Oval Invincibles,JE Root,AD Hales,SH Johnson,1,0,,,,,,,,,
1355634,2023,2023-08-21,"Kennington Oval, London",1,0.4,Trent Rockets,Oval Invincibles,AD Hales,JE Root,SH Johnson,0,0,,,,,,,,,
1355634,2023,2023-08-21,"Kennington Oval, London",1,0.5,Trent Rockets,Oval Invincibles,AD Hales,JE Root,SH Johnson,0,0,,,,,,,,,
1355634,2023,2023-08-21,"Kennington Oval, London",1,1.1,Trent Rockets,Oval Invincibles,AD Hales,JE Root,AAP Atkinson,0,0,,,,,,,,,
1355634,2023,2023-08-21,"Kennington Oval, London",1,1.2,Trent Rockets,Oval Invincibles,AD Hales,JE Root,AAP Atkinson,0,0,,,,,,,,,
1355634,2023,2023-08-21,"Kennington Oval, London",1,1.3,Trent Rockets,Oval Invincibles,AD Hales,JE Root,AAP Atkinson,4,0,,,,,,,,,
1355634,2023,2023-08-21,"Kennington Oval, London",1,1.4,Trent Rockets,Oval Invincibles,AD Hales,JE Root,AAP Atkinson,0,0,,,,,,caught,AD Hales,,
1355634,2023,2023-08-21,"Kennington Oval, London",1,1.5,Trent Rockets,Oval Invincibles,T Kohler-Cadmore,JE Root,AAP Atkinson,0,0,,,,,,,,,
1355634,2023,2023-08-21,"Kennington Oval, London",1,2.1,Trent Rockets,Oval Invincibles,JE Root,T Kohler-Cadmore,SH Johnson,2,0,,,,,,,,,
1355634,2023,2023-08-21,"Kennington Oval, London",1,2.2,Trent Rockets,Oval Invincibles,JE Root,T Kohler-Cadmore,SH Johnson,0,0,,,,,,,,,
1355634,2023,2023-08-21,"Kennington Oval, London",1,2.3,Trent Rockets,Oval Invincibles,JE Root,T Kohler-Cadmore,SH Johnson,6,0,,,,,,,,,
1355634,2023,2023-08-21,"Kennington Oval, London",1,2.4,Trent Rockets,Oval Invincibles,JE Root,T Kohler-Cadmore,SH Johnson,0,2,,2,,,,,,,
1355634,2023,2023-08-21,"Kennington Oval, London",1,2.5,Trent Rockets,Oval Invincibles,JE Root,T Kohler-Cadmore,SH Johnson,0,0,,,,,,bowled,JE Root,,
1355634,2023,2023-08-21,"Kennington Oval, London",1,2.6,Trent Rockets,Oval Invincibles,SR Hain,T Kohler-Cadmore,SH Johnson,1,0,,,,,,,,,
1355634,2023,2023-08-21,"Kennington Oval, London",1,3.1,Trent Rockets,Oval Invincibles,T Kohler-Cadmore,SR Hain,AAP Atkinson,1,0,,,,,,,,,
1355634,2023,2023-08-21,"Kennington Oval, London",1,3.2,Trent Rockets,Oval Invincibles,SR Hain,T Kohler-Cadmore,AAP Atkinson,0,1,,,,1,,,,,
1355634,2023,2023-08-21,"Kennington Oval, London",1,3.3,Trent Rockets,Oval Invincibles,T Kohler-Cadmore,SR Hain,AAP Atkinson,1,0,,,,,,,,,
1355634,2023,2023-08-21,"Kennington Oval, London",1,3.4,Trent Rockets,Oval Invincibles,SR Hain,T Kohler-Cadmore,AAP Atkinson,4,0,,,,,,,,,
1355634,2023,2023-08-21,"Kennington Oval, London",1,3.5,Trent Rockets,Oval Invincibles,SR Hain,T Kohler-Cadmore,AAP Atkinson,4,0,,,,,,,,,
1355634,2023,2023-08-21,"Kennington Oval, London",1,4.1,Trent Rockets,Oval Invincibles,T Kohler-Cadmore,SR Hain,TK Curran,0,0,,,,,,,,,
1355634,2023,2023-08-21,"Kennington Oval, London",1,4.2,Trent Rockets,Oval Invincibles,T Kohler-Cadmore,SR Hain,TK Curran,1,0,,,,,,,,,
1355634,2023,2023-08-21,"Kennington Oval, London",1,4.3,Trent Rockets,Oval Invincibles,SR Hain,T Kohler-Cadmore,TK Curran,1,0,,,,,,,,,
1355634,2023,2023-08-21,"Kennington Oval, London",1,4.4,Trent Rockets,Oval Invincibles,T Kohler-Cadmore,SR Hain,TK Curran,1,2,,2,,,,,,,
1355634,2023,2023-08-21,"Kennington Oval, London",1,4.5,Trent Rockets,Oval Invincibles,SR Hain,T Kohler-Cadmore,TK Curran,4,0,,,,,,,,,
1355634,2023,2023-08-21,"Kennington Oval, London",1,4.6,Trent Rockets,Oval Invincibles,SR Hain,T Kohler-Cadmore,TK Curran,1,0,,,,,,,,,
1355634,2023,2023-08-21,"Kennington Oval, London",1,5.1,Trent Rockets,Oval Invincibles,T Kohler-Cadmore,SR Hain,A Zampa,1,0,,,,,,,,,
1355634,2023,2023-08-21,"Kennington Oval, London",1,5.2,Trent Rockets,Oval Invincibles,SR Hain,T Kohler-Cadmore,A Zampa,0,0,,,,,,,,,
1355634,2023,2023-08-21,"Kennington Oval, London",1,5.3,Trent Rockets,Oval Invincibles,SR Hain,T Kohler-Cadmore,A Zampa,1,0,,,,,,,,,
1355634,2023,2023-08-21,"Kennington Oval, London",1,5.4,Trent Rockets,Oval Invincibles,T Kohler-Cadmore,SR Hain,A Zampa,1,0,,,,,,,,,
1355634,2023,2023-08-21,"Kennington Oval, London",1,5.5,Trent Rockets,Oval Invincibles,SR Hain,T Kohler-Cadmore,A Zampa,0,0,,,,,,caught and bowled,SR Hain,,
1355634,2023,2023-08-21,"Kennington Oval, London",1,6.1,Trent Rockets,Oval Invincibles,T Kohler-Cadmore,C Munro,WG Jacks,0,0,,,,,,,,,
1355634,2023,2023-08-21,"Kennington Oval, London",1,6.2,Trent Rockets,Oval Invincibles,T Kohler-Cadmore,C Munro,WG Jacks,0,0,,,,,,,,,
1355634,2023,2023-08-21,"Kennington Oval, London",1,6.3,Trent Rockets,Oval Invincibles,T Kohler-Cadmore,C Munro,WG Jacks,1,0,,,,,,,,,
1355634,2023,2023-08-21,"Kennington Oval, London",1,6.4,Trent Rockets,Oval Invincibles,C Munro,T Kohler-Cadmore,WG Jacks,1,0,,,,,,,,,
1355634,2023,2023-08-21,"Kennington Oval, London",1,6.5,Trent Rockets,Oval Invincibles,T Kohler-Cadmore,C Munro,WG Jacks,6,0,,,,,,,,,
1355634,2023,2023-08-21,"Kennington Oval, London",1,7.1,Trent Rockets,Oval Invincibles,T Kohler-Cadmore,C Munro,NA Sowter,1,0,,,,,,,,,
1355634,2023,2023-08-21,"Kennington Oval, London",1,7.2,Trent Rockets,Oval Invincibles,C Munro,T Kohler-Cadmore,NA Sowter,1,0,,,,,,,,,
1355634,2023,2023-08-21,"Kennington Oval, London",1,7.3,Trent Rockets,Oval Invincibles,T Kohler-Cadmore,C Munro,NA Sowter,0,0,,,,,,caught,T Kohler-Cadmore,,
1355634,2023,2023-08-21,"Kennington Oval, London",1,7.4,Trent Rockets,Oval Invincibles,L Gregory,C Munro,NA Sowter,1,0,,,,,,,,,
1355634,2023,2023-08-21,"Kennington Oval, London",1,7.5,Trent Rockets,Oval Invincibles,C Munro,L Gregory,NA Sowter,1,0,,,,,,,,,
1355634,2023,2023-08-21,"Kennington Oval, London",1,8.1,Trent Rockets,Oval Invincibles,C Munro,L Gregory,A Zampa,0,0,,,,,,,,,
1355634,2023,2023-08-21,"Kennington Oval, London",1,8.2,Trent Rockets,Oval Invincibles,C Munro,L Gregory,A Zampa,1,0,,,,,,,,,
1355634,2023,2023-08-21,"Kennington Oval, London",1,8.3,Trent Rockets,Oval Invincibles,L Gregory,C Munro,A Zampa,1,0,,,,,,,,,
1355634,2023,2023-08-21,"Kennington Oval, London",1,8.4,Trent Rockets,Oval Invincibles,C Munro,L Gregory,A Zampa,2,0,,,,,,,,,
1355634,2023,2023-08-21,"Kennington Oval, London",1,8.5,Trent Rockets,Oval Invincibles,C Munro,L Gregory,A Zampa,0,0,,,,,,,,,
1355634,2023,2023-08-21,"Kennington Oval, London",1,9.1,Trent Rockets,Oval Invincibles,C Munro,L Gregory,NA Sowter,0,0,,,,,,,,,
1355634,2023,2023-08-21,"Kennington Oval, London",1,9.2,Trent Rockets,Oval Invincibles,C Munro,L Gregory,NA Sowter,6,0,,,,,,,,,
1355634,2023,2023-08-21,"Kennington Oval, London",1,9.3,Trent Rockets,Oval Invincibles,C Munro,L Gregory,NA Sowter,6,0,,,,,,,,,
1355634,2023,2023-08-21,"Kennington Oval, London",1,9.4,Trent Rockets,Oval Invincibles,C Munro,L Gregory,NA Sowter,1,0,,,,,,,,,
1355634,2023,2023-08-21,"Kennington Oval, London",1,9.5,Trent Rockets,Oval Invincibles,L Gregory,C Munro,NA Sowter,1,0,,,,,,,,,
1355634,2023,2023-08-21,"Kennington Oval, London",1,10.1,Trent Rockets,Oval Invincibles,L Gregory,C Munro,AAP Atkinson,0,0,,,,,,,,,
1355634,2023,2023-08-21,"Kennington Oval, London",1,10.2,Trent Rockets,Oval Invincibles,L Gregory,C Munro,AAP Atkinson,2,0,,,,,,,,,
1355634,2023,2023-08-21,"Kennington Oval, London",1,10.3,Trent Rockets,Oval Invincibles,L Gregory,C Munro,AAP Atkinson,1,0,,,,,,,,,
1355634,2023,2023-08-21,"Kennington Oval, London",1,10.4,Trent Rockets,Oval Invincibles,C Munro,L Gregory,AAP Atkinson,0,0,,,,,,,,,
1355634,2023,2023-08-21,"Kennington Oval, London",1,10.5,Trent Rockets,Oval Invincibles,C Munro,L Gregory,AAP Atkinson,1,0,,,,,,,,,
1355634,2023,2023-08-21,"Kennington Oval, London",1,11.1,Trent Rockets,Oval Invincibles,L Gregory,C Munro,SM Curran,1,0,,,,,,,,,
1355634,2023,2023-08-21,"Kennington Oval, London",1,11.2,Trent Rockets,Oval Invincibles,C Munro,L Gregory,SM Curran,1,0,,,,,,,,,
1355634,2023,2023-08-21,"Kennington Oval, London",1,11.3,Trent Rockets,Oval Invincibles,L Gregory,C Munro,SM Curran,2,0,,,,,,,,,
1355634,2023,2023-08-21,"Kennington Oval, London",1,11.4,Trent Rockets,Oval Invincibles,L Gregory,C Munro,SM Curran,2,0,,,,,,,,,
1355634,2023,2023-08-21,"Kennington Oval, London",1,11.5,Trent Rockets,Oval Invincibles,L Gregory,C Munro,SM Curran,0,0,,,,,,,,,
1355634,2023,2023-08-21,"Kennington Oval, London",1,12.1,Trent Rockets,Oval Invincibles,C Munro,L Gregory,A Zampa,6,0,,,,,,,,,
1355634,2023,2023-08-21,"Kennington Oval, London",1,12.2,Trent Rockets,Oval Invincibles,C Munro,L Gregory,A Zampa,1,0,,,,,,,,,
1355634,2023,2023-08-21,"Kennington Oval, London",1,12.3,Trent Rockets,Oval Invincibles,L Gregory,C Munro,A Zampa,0,0,,,,,,,,,
1355634,2023,2023-08-21,"Kennington Oval, London",1,12.4,Trent Rockets,Oval Invincibles,L Gregory,C Munro,A Zampa,4,0,,,,,,,,,
1355634,2023,2023-08-21,"Kennington Oval, London",1,12.5,Trent Rockets,Oval Invincibles,L Gregory,C Munro,A Zampa,0,0,,,,,,,,,
1355634,2023,2023-08-21,"Kennington Oval, London",1,13.1,Trent Rockets,Oval Invincibles,L Gregory,C Munro,TK Curran,4,0,,,,,,,,,
1355634,2023,2023-08-21,"Kennington Oval, London",1,13.2,Trent Rockets,Oval Invincibles,L Gregory,C Munro,TK Curran,1,0,,,,,,,,,
1355634,2023,2023-08-21,"Kennington Oval, London",1,13.3,Trent Rockets,Oval Invincibles,C Munro,L Gregory,TK Curran,1,0,,,,,,,,,
1355634,2023,2023-08-21,"Kennington Oval, London",1,13.4,Trent Rockets,Oval Invincibles,L Gregory,C Munro,TK Curran,1,0,,,,,,,,,
1355634,2023,2023-08-21,"Kennington Oval, London",1,13.5,Trent Rockets,Oval Invincibles,C Munro,L Gregory,TK Curran,1,0,,,,,,,,,
1355634,2023,2023-08-21,"Kennington Oval, London",1,14.1,Trent Rockets,Oval Invincibles,C Munro,L Gregory,AAP Atkinson,4,0,,,,,,,,,
1355634,2023,2023-08-21,"Kennington Oval, London",1,14.2,Trent Rockets,Oval Invincibles,C Munro,L Gregory,AAP Atkinson,0,0,,,,,,,,,
1355634,2023,2023-08-21,"Kennington Oval, London",1,14.3,Trent Rockets,Oval Invincibles,C Munro,L Gregory,AAP Atkinson,1,0,,,,,,,,,
1355634,2023,2023-08-21,"Kennington Oval, London",1,14.4,Trent Rockets,Oval Invincibles,L Gregory,C Munro,AAP Atkinson,4,0,,,,,,,,,
1355634,2023,2023-08-21,"Kennington Oval, London",1,14.5,Trent Rockets,Oval Invincibles,L Gregory,C Munro,AAP Atkinson,1,0,,,,,,,,,
1355634,2023,2023-08-21,"Kennington Oval, London",1,15.1,Trent Rockets,Oval Invincibles,C Munro,L Gregory,SM Curran,0,0,,,,,,,,,
1355634,2023,2023-08-21,"Kennington Oval, London",1,15.2,Trent Rockets,Oval Invincibles,C Munro,L Gregory,SM Curran,1,0,,,,,,,,,
1355634,2023,2023-08-21,"Kennington Oval, London",1,15.3,Trent Rockets,Oval Invincibles,L Gregory,C Munro,SM Curran,4,0,,,,,,,,,
1355634,2023,2023-08-21,"Kennington Oval, London",1,15.4,Trent Rockets,Oval Invincibles,L Gregory,C Munro,SM Curran,2,0,,,,,,,,,
1355634,2023,2023-08-21,"Kennington Oval, London",1,15.5,Trent Rockets,Oval Invincibles,L Gregory,C Munro,SM Curran,1,0,,,,,,,,,
1355634,2023,2023-08-21,"Kennington Oval, London",1,16.1,Trent Rockets,Oval Invincibles,L Gregory,C Munro,A Zampa,1,0,,,,,,,,,
1355634,2023,2023-08-21,"Kennington Oval, London",1,16.2,Trent Rockets,Oval Invincibles,C Munro,L Gregory,A Zampa,0,1,,,,1,,,,,
1355634,2023,2023-08-21,"Kennington Oval, London",1,16.3,Trent Rockets,Oval Invincibles,L Gregory,C Munro,A Zampa,1,0,,,,,,,,,
1355634,2023,2023-08-21,"Kennington Oval, London",1,16.4,Trent Rockets,Oval Invincibles,C Munro,L Gregory,A Zampa,0,0,,,,,,caught,C Munro,,
1355634,2023,2023-08-21,"Kennington Oval, London",1,16.5,Trent Rockets,Oval Invincibles,DR Sams,L Gregory,A Zampa,0,0,,,,,,,,,
1355634,2023,2023-08-21,"Kennington Oval, London",1,17.1,Trent Rockets,Oval Invincibles,DR Sams,L Gregory,TK Curran,0,0,,,,,,,,,
1355634,2023,2023-08-21,"Kennington Oval, London",1,17.2,Trent Rockets,Oval Invincibles,DR Sams,L Gregory,TK Curran,2,0,,,,,,,,,
1355634,2023,2023-08-21,"Kennington Oval, London",1,17.3,Trent Rockets,Oval Invincibles,DR Sams,L Gregory,TK Curran,1,0,,,,,,,,,
1355634,2023,2023-08-21,"Kennington Oval, London",1,17.4,Trent Rockets,Oval Invincibles,L Gregory,DR Sams,TK Curran,0,0,,,,,,caught,L Gregory,,
1355634,2023,2023-08-21,"Kennington Oval, London",1,17.5,Trent Rockets,Oval Invincibles,L Wood,DR Sams,TK Curran,1,0,,,,,,,,,
1355634,2023,2023-08-21,"Kennington Oval, London",1,18.1,Trent Rockets,Oval Invincibles,L Wood,DR Sams,SM Curran,0,0,,,,,,,,,
1355634,2023,2023-08-21,"Kennington Oval, London",1,18.2,Trent Rockets,Oval Invincibles,L Wood,DR Sams,SM Curran,0,0,,,,,,,,,
1355634,2023,2023-08-21,"Kennington Oval, London",1,18.3,Trent Rockets,Oval Invincibles,L Wood,DR Sams,SM Curran,1,0,,,,,,,,,
1355634,2023,2023-08-21,"Kennington Oval, London",1,18.4,Trent Rockets,Oval Invincibles,DR Sams,L Wood,SM Curran,4,0,,,,,,,,,
1355634,2023,2023-08-21,"Kennington Oval, London",1,18.5,Trent Rockets,Oval Invincibles,DR Sams,L Wood,SM Curran,6,0,,,,,,,,,
1355634,2023,2023-08-21,"Kennington Oval, London",1,19.1,Trent Rockets,Oval Invincibles,DR Sams,L Wood,TK Curran,0,0,,,,,,,,,
1355634,2023,2023-08-21,"Kennington Oval, London",1,19.2,Trent Rockets,Oval Invincibles,DR Sams,L Wood,TK Curran,6,0,,,,,,,,,
1355634,2023,2023-08-21,"Kennington Oval, London",1,19.3,Trent Rockets,Oval Invincibles,DR Sams,L Wood,TK Curran,0,0,,,,,,caught,DR Sams,,
1355634,2023,2023-08-21,"Kennington Oval, London",1,19.4,Trent Rockets,Oval Invincibles,M Carter,L Wood,TK Curran,1,0,,,,,,,,,
1355634,2023,2023-08-21,"Kennington Oval, London",1,19.5,Trent Rockets,Oval Invincibles,L Wood,M Carter,TK Curran,2,0,,,,,,,,,
1355634,2023,2023-08-21,"Kennington Oval, London",2,0.1,Oval Invincibles,Trent Rockets,JJ Roy,WG Jacks,L Wood,0,0,,,,,,,,,
1355634,2023,2023-08-21,"Kennington Oval, London",2,0.2,Oval Invincibles,Trent Rockets,JJ Roy,WG Jacks,L Wood,0,0,,,,,,,,,
1355634,2023,2023-08-21,"Kennington Oval, London",2,0.3,Oval Invincibles,Trent Rockets,JJ Roy,WG Jacks,L Wood,1,0,,,,,,,,,
1355634,2023,2023-08-21,"Kennington Oval, London",2,0.4,Oval Invincibles,Trent Rockets,WG Jacks,JJ Roy,L Wood,1,0,,,,,,,,,
1355634,2023,2023-08-21,"Kennington Oval, London",2,0.5,Oval Invincibles,Trent Rockets,JJ Roy,WG Jacks,L Wood,0,0,,,,,,,,,
1355634,2023,2023-08-21,"Kennington Oval, London",2,1.1,Oval Invincibles,Trent Rockets,JJ Roy,WG Jacks,SJ Cook,0,0,,,,,,,,,
1355634,2023,2023-08-21,"Kennington Oval, London",2,1.2,Oval Invincibles,Trent Rockets,JJ Roy,WG Jacks,SJ Cook,4,0,,,,,,,,,
1355634,2023,2023-08-21,"Kennington Oval, London",2,1.3,Oval Invincibles,Trent Rockets,JJ Roy,WG Jacks,SJ Cook,6,0,,,,,,,,,
1355634,2023,2023-08-21,"Kennington Oval, London",2,1.4,Oval Invincibles,Trent Rockets,JJ Roy,WG Jacks,SJ Cook,4,0,,,,,,,,,
1355634,2023,2023-08-21,"Kennington Oval, London",2,1.5,Oval Invincibles,Trent Rockets,JJ Roy,WG Jacks,SJ Cook,0,0,,,,,,,,,
1355634,2023,2023-08-21,"Kennington Oval, London",2,2.1,Oval Invincibles,Trent Rockets,WG Jacks,JJ Roy,L Wood,0,1,,,,1,,,,,
1355634,2023,2023-08-21,"Kennington Oval, London",2,2.2,Oval Invincibles,Trent Rockets,JJ Roy,WG Jacks,L Wood,0,0,,,,,,,,,
1355634,2023,2023-08-21,"Kennington Oval, London",2,2.3,Oval Invincibles,Trent Rockets,JJ Roy,WG Jacks,L Wood,4,0,,,,,,,,,
1355634,2023,2023-08-21,"Kennington Oval, London",2,2.4,Oval Invincibles,Trent Rockets,JJ Roy,WG Jacks,L Wood,0,0,,,,,,,,,
1355634,2023,2023-08-21,"Kennington Oval, London",2,2.5,Oval Invincibles,Trent Rockets,JJ Roy,WG Jacks,L Wood,0,0,,,,,,caught,JJ Roy,,
1355634,2023,2023-08-21,"Kennington Oval, London",2,3.1,Oval Invincibles,Trent Rockets,TS Muyeye,WG Jacks,DR Sams,0,0,,,,,,caught,TS Muyeye,,
1355634,2023,2023-08-21,"Kennington Oval, London",2,3.2,Oval Invincibles,Trent Rockets,SM Curran,WG Jacks,DR Sams,0,0,,,,,,bowled,SM Curran,,
1355634,2023,2023-08-21,"Kennington Oval, London",2,3.3,Oval Invincibles,Trent Rockets,SW Billings,WG Jacks,DR Sams,0,0,,,,,,,,,
1355634,2023,2023-08-21,"Kennington Oval, London",2,3.4,Oval Invincibles,Trent Rockets,SW Billings,WG Jacks,DR Sams,1,0,,,,,,,,,
1355634,2023,2023-08-21,"Kennington Oval, London",2,3.5,Oval Invincibles,Trent Rockets,WG Jacks,SW Billings,DR Sams,1,0,,,,,,,,,
1355634,2023,2023-08-21,"Kennington Oval, London",2,4.1,Oval Invincibles,Trent Rockets,WG Jacks,SW Billings,L Wood,6,0,,,,,,,,,
1355634,2023,2023-08-21,"Kennington Oval, London",2,4.2,Oval Invincibles,Trent Rockets,WG Jacks,SW Billings,L Wood,0,0,,,,,,,,,
1355634,2023,2023-08-21,"Kennington Oval, London",2,4.3,Oval Invincibles,Trent Rockets,WG Jacks,SW Billings,L Wood,1,0,,,,,,,,,
1355634,2023,2023-08-21,"Kennington Oval, London",2,4.4,Oval Invincibles,Trent Rockets,SW Billings,WG Jacks,L Wood,1,0,,,,,,,,,
1355634,2023,2023-08-21,"Kennington Oval, London",2,4.5,Oval Invincibles,Trent Rockets,WG Jacks,SW Billings,L Wood,6,0,,,,,,,,,
1355634,2023,2023-08-21,"Kennington Oval, London",2,5.1,Oval Invincibles,Trent Rockets,WG Jacks,SW Billings,L Gregory,1,0,,,,,,,,,
1355634,2023,2023-08-21,"Kennington Oval, London",2,5.2,Oval Invincibles,Trent Rockets,SW Billings,WG Jacks,L Gregory,1,0,,,,,,,,,
1355634,2023,2023-08-21,"Kennington Oval, London",2,5.3,Oval Invincibles,Trent Rockets,WG Jacks,SW Billings,L Gregory,0,0,,,,,,,,,
1355634,2023,2023-08-21,"Kennington Oval, London",2,5.4,Oval Invincibles,Trent Rockets,WG Jacks,SW Billings,L Gregory,0,0,,,,,,,,,
1355634,2023,2023-08-21,"Kennington Oval, London",2,5.5,Oval Invincibles,Trent Rockets,WG Jacks,SW Billings,L Gregory,1,0,,,,,,,,,
1355634,2023,2023-08-21,"Kennington Oval, London",2,6.1,Oval Invincibles,Trent Rockets,WG Jacks,SW Billings,IS Sodhi,0,1,,,,1,,,,,
1355634,2023,2023-08-21,"Kennington Oval, London",2,6.2,Oval Invincibles,Trent Rockets,SW Billings,WG Jacks,IS Sodhi,0,0,,,,,,,,,
1355634,2023,2023-08-21,"Kennington Oval, London",2,6.3,Oval Invincibles,Trent Rockets,SW Billings,WG Jacks,IS Sodhi,1,0,,,,,,,,,
1355634,2023,2023-08-21,"Kennington Oval, London",2,6.4,Oval Invincibles,Trent Rockets,WG Jacks,SW Billings,IS Sodhi,1,0,,,,,,,,,
1355634,2023,2023-08-21,"Kennington Oval, London",2,6.5,Oval Invincibles,Trent Rockets,SW Billings,WG Jacks,IS Sodhi,1,0,,,,,,,,,
1355634,2023,2023-08-21,"Kennington Oval, London",2,7.1,Oval Invincibles,Trent Rockets,WG Jacks,SW Billings,IS Sodhi,1,0,,,,,,,,,
1355634,2023,2023-08-21,"Kennington Oval, London",2,7.2,Oval Invincibles,Trent Rockets,SW Billings,WG Jacks,IS Sodhi,2,0,,,,,,,,,
1355634,2023,2023-08-21,"Kennington Oval, London",2,7.3,Oval Invincibles,Trent Rockets,SW Billings,WG Jacks,IS Sodhi,6,0,,,,,,,,,
1355634,2023,2023-08-21,"Kennington Oval, London",2,7.4,Oval Invincibles,Trent Rockets,SW Billings,WG Jacks,IS Sodhi,6,0,,,,,,,,,
1355634,2023,2023-08-21,"Kennington Oval, London",2,7.5,Oval Invincibles,Trent Rockets,SW Billings,WG Jacks,IS Sodhi,1,0,,,,,,,,,
1355634,2023,2023-08-21,"Kennington Oval, London",2,8.1,Oval Invincibles,Trent Rockets,SW Billings,WG Jacks,M Carter,1,0,,,,,,,,,
1355634,2023,2023-08-21,"Kennington Oval, London",2,8.2,Oval Invincibles,Trent Rockets,WG Jacks,SW Billings,M Carter,1,0,,,,,,,,,
1355634,2023,2023-08-21,"Kennington Oval, London",2,8.3,Oval Invincibles,Trent Rockets,SW Billings,WG Jacks,M Carter,0,0,,,,,,,,,
1355634,2023,2023-08-21,"Kennington Oval, London",2,8.4,Oval Invincibles,Trent Rockets,SW Billings,WG Jacks,M Carter,4,0,,,,,,,,,
1355634,2023,2023-08-21,"Kennington Oval, London",2,8.5,Oval Invincibles,Trent Rockets,SW Billings,WG Jacks,M Carter,4,0,,,,,,,,,
1355634,2023,2023-08-21,"Kennington Oval, London",2,9.1,Oval Invincibles,Trent Rockets,SW Billings,WG Jacks,L Gregory,1,0,,,,,,,,,
1355634,2023,2023-08-21,"Kennington Oval, London",2,9.2,Oval Invincibles,Trent Rockets,WG Jacks,SW Billings,L Gregory,0,0,,,,,,,,,
1355634,2023,2023-08-21,"Kennington Oval, London",2,9.3,Oval Invincibles,Trent Rockets,WG Jacks,SW Billings,L Gregory,1,0,,,,,,,,,
1355634,2023,2023-08-21,"Kennington Oval, London",2,9.4,Oval Invincibles,Trent Rockets,SW Billings,WG Jacks,L Gregory,6,0,,,,,,,,,
1355634,2023,2023-08-21,"Kennington Oval, London",2,9.5,Oval Invincibles,Trent Rockets,SW Billings,WG Jacks,L Gregory,0,1,,,,1,,,,,
1355634,2023,2023-08-21,"Kennington Oval, London",2,10.1,Oval Invincibles,Trent Rockets,SW Billings,WG Jacks,DR Sams,4,0,,,,,,,,,
1355634,2023,2023-08-21,"Kennington Oval, London",2,10.2,Oval Invincibles,Trent Rockets,SW Billings,WG Jacks,DR Sams,1,0,,,,,,,,,
1355634,2023,2023-08-21,"Kennington Oval, London",2,10.3,Oval Invincibles,Trent Rockets,WG Jacks,SW Billings,DR Sams,4,0,,,,,,,,,
1355634,2023,2023-08-21,"Kennington Oval, London",2,10.4,Oval Invincibles,Trent Rockets,WG Jacks,SW Billings,DR Sams,0,0,,,,,,,,,
1355634,2023,2023-08-21,"Kennington Oval, London",2,10.5,Oval Invincibles,Trent Rockets,WG Jacks,SW Billings,DR Sams,6,0,,,,,,,,,
1355634,2023,2023-08-21,"Kennington Oval, London",2,11.1,Oval Invincibles,Trent Rockets,WG Jacks,SW Billings,SJ Cook,0,0,,,,,,,,,
1355634,2023,2023-08-21,"Kennington Oval, London",2,11.2,Oval Invincibles,Trent Rockets,WG Jacks,SW Billings,SJ Cook,0,0,,,,,,bowled,WG Jacks,,
1355634,2023,2023-08-21,"Kennington Oval, London",2,11.3,Oval Invincibles,Trent Rockets,JDS Neesham,SW Billings,SJ Cook,1,0,,,,,,,,,
1355634,2023,2023-08-21,"Kennington Oval, London",2,11.4,Oval Invincibles,Trent Rockets,SW Billings,JDS Neesham,SJ Cook,1,0,,,,,,,,,
1355634,2023,2023-08-21,"Kennington Oval, London",2,11.5,Oval Invincibles,Trent Rockets,JDS Neesham,SW Billings,SJ Cook,2,0,,,,,,,,,
1355634,2023,2023-08-21,"Kennington Oval, London",2,12.1,Oval Invincibles,Trent Rockets,SW Billings,JDS Neesham,M Carter,1,0,,,,,,,,,
1355634,2023,2023-08-21,"Kennington Oval, London",2,12.2,Oval Invincibles,Trent Rockets,JDS Neesham,SW Billings,M Carter,0,0,,,,,,,,,
1355634,2023,2023-08-21,"Kennington Oval, London",2,12.3,Oval Invincibles,Trent Rockets,JDS Neesham,SW Billings,M Carter,1,0,,,,,,,,,
1355634,2023,2023-08-21,"Kennington Oval, London",2,12.4,Oval Invincibles,Trent Rockets,SW Billings,JDS Neesham,M Carter,1,0,,,,,,,,,
1355634,2023,2023-08-21,"Kennington Oval, London",2,12.5,Oval Invincibles,Trent Rockets,JDS Neesham,SW Billings,M Carter,0,0,,,,,,lbw,JDS Neesham,,
1355634,2023,2023-08-21,"Kennington Oval, London",2,13.1,Oval Invincibles,Trent Rockets,TK Curran,SW Billings,M Carter,4,0,,,,,,,,,
1355634,2023,2023-08-21,"Kennington Oval, London",2,13.2,Oval Invincibles,Trent Rockets,TK Curran,SW Billings,M Carter,1,0,,,,,,,,,
1355634,2023,2023-08-21,"Kennington Oval, London",2,13.3,Oval Invincibles,Trent Rockets,SW Billings,TK Curran,M Carter,1,0,,,,,,,,,
1355634,2023,2023-08-21,"Kennington Oval, London",2,13.4,Oval Invincibles,Trent Rockets,TK Curran,SW Billings,M Carter,1,0,,,,,,,,,
1355634,2023,2023-08-21,"Kennington Oval, London",2,13.5,Oval Invincibles,Trent Rockets,SW Billings,TK Curran,M Carter,1,0,,,,,,,,,
1355634,2023,2023-08-21,"Kennington Oval, London",2,14.1,Oval Invincibles,Trent Rockets,SW Billings,TK Curran,DR Sams,0,0,,,,,,,,,
1355634,2023,2023-08-21,"Kennington Oval, London",2,14.2,Oval Invincibles,Trent Rockets,SW Billings,TK Curran,DR Sams,4,0,,,,,,,,,
1355634,2023,2023-08-21,"Kennington Oval, London",2,14.3,Oval Invincibles,Trent Rockets,SW Billings,TK Curran,DR Sams,2,0,,,,,,,,,
1355634,2023,2023-08-21,"Kennington Oval, London",2,14.4,Oval Invincibles,Trent Rockets,SW Billings,TK Curran,DR Sams,6,0,,,,,,,,,
1355634,2023,2023-08-21,"Kennington Oval, London",2,14.5,Oval Invincibles,Trent Rockets,SW Billings,TK Curran,DR Sams,0,0,,,,,,,,,
1355634,2023,2023-08-21,"Kennington Oval, London",2,15.1,Oval Invincibles,Trent Rockets,SW Billings,TK Curran,SJ Cook,2,0,,,,,,,,,
1355634,2023,2023-08-21,"Kennington Oval, London",2,15.2,Oval Invincibles,Trent Rockets,SW Billings,TK Curran,SJ Cook,0,0,,,,,,,,,
1355634,2023,2023-08-21,"Kennington Oval, London",2,15.3,Oval Invincibles,Trent Rockets,SW Billings,TK Curran,SJ Cook,1,0,,,,,,,,,
1355634,2023,2023-08-21,"Kennington Oval, London",2,15.4,Oval Invincibles,Trent Rockets,TK Curran,SW Billings,SJ Cook,1,0,,,,,,,,,
1355634,2023,2023-08-21,"Kennington Oval, London",2,15.5,Oval Invincibles,Trent Rockets,SW Billings,TK Curran,SJ Cook,0,0,,,,,,,,,
1355634,2023,2023-08-21,"Kennington Oval, London",2,16.1,Oval Invincibles,Trent Rockets,TK Curran,SW Billings,L Gregory,4,0,,,,,,,,,
1355634,2023,2023-08-21,"Kennington Oval, London",2,16.2,Oval Invincibles,Trent Rockets,TK Curran,SW Billings,L Gregory,4,0,,,,,,,,,
1355634,2023,2023-08-21,"Kennington Oval, London",2,16.3,Oval Invincibles,Trent Rockets,TK Curran,SW Billings,L Gregory,0,0,,,,,,,,,
1355634,2023,2023-08-21,"Kennington Oval, London",2,16.4,Oval Invincibles,Trent Rockets,TK Curran,SW Billings,L Gregory,1,0,,,,,,,,,
1355634,2023,2023-08-21,"Kennington Oval, London",2,16.5,Oval Invincibles,Trent Rockets,SW Billings,TK Curran,L Gregory,1,0,,,,,,,,,
1355634,2023,2023-08-21,"Kennington Oval, London",2,17.1,Oval Invincibles,Trent Rockets,TK Curran,SW Billings,DR Sams,1,0,,,,,,,,,
1355634,2023,2023-08-21,"Kennington Oval, London",2,17.2,Oval Invincibles,Trent Rockets,SW Billings,TK Curran,DR Sams,4,0,,,,,,,,,
1355634,2023,2023-08-21,"Kennington Oval, London",2,17.3,Oval Invincibles,Trent Rockets,SW Billings,TK Curran,DR Sams,2,0,,,,,,,,,
1355634,2023,2023-08-21,"Kennington Oval, London",2,17.4,Oval Invincibles,Trent Rockets,SW Billings,TK Curran,DR Sams,2,0,,,,,,,,,
1355634,2023,2023-08-21,"Kennington Oval, London",2,17.5,Oval Invincibles,Trent Rockets,SW Billings,TK Curran,DR Sams,0,0,,,,,,,,,
1355634,2023,2023-08-21,"Kennington Oval, London",2,18.1,Oval Invincibles,Trent Rockets,TK Curran,SW Billings,IS Sodhi,1,0,,,,,,,,,
1355634,2023,2023-08-21,"Kennington Oval, London",2,18.2,Oval Invincibles,Trent Rockets,SW Billings,TK Curran,IS Sodhi,6,0,,,,,,,,,
