match_id,season,start_date,venue,innings,ball,batting_team,bowling_team,striker,non_striker,bowler,runs_off_bat,extras,wides,noballs,byes,legbyes,penalty,wicket_type,player_dismissed,other_wicket_type,other_player_dismissed
1355620,2023,2023-08-11,"Headingley, Leeds",1,0.1,Oval Invincibles,Northern Superchargers,JJ Roy,WG Jacks,RJW Topley,0,0,,,,,,caught,JJ Roy,,
1355620,2023,2023-08-11,"Headingley, Leeds",1,0.2,Oval Invincibles,Northern Superchargers,JM Cox,WG Jacks,RJW Topley,1,0,,,,,,,,,
1355620,2023,2023-08-11,"Headingley, Leeds",1,0.3,Oval Invincibles,Northern Superchargers,WG Jacks,JM Cox,RJW Topley,4,0,,,,,,,,,
1355620,2023,2023-08-11,"Headingley, Leeds",1,0.4,Oval Invincibles,Northern Superchargers,WG Jacks,JM Cox,RJW Topley,4,0,,,,,,,,,
1355620,2023,2023-08-11,"Headingley, Leeds",1,0.5,Oval Invincibles,Northern Superchargers,WG Jacks,JM Cox,RJW Topley,0,0,,,,,,,,,
1355620,2023,2023-08-11,"Headingley, Leeds",1,1.1,Oval Invincibles,Northern Superchargers,WG Jacks,JM Cox,CF Parkinson,0,0,,,,,,,,,
1355620,2023,2023-08-11,"Headingley, Leeds",1,1.2,Oval Invincibles,Northern Superchargers,WG Jacks,JM Cox,CF Parkinson,0,0,,,,,,,,,
1355620,2023,2023-08-11,"Headingley, Leeds",1,1.3,Oval Invincibles,Northern Superchargers,WG Jacks,JM Cox,CF Parkinson,0,0,,,,,,,,,
1355620,2023,2023-08-11,"Headingley, Leeds",1,1.4,Oval Invincibles,Northern Superchargers,WG Jacks,JM Cox,CF Parkinson,4,0,,,,,,,,,
1355620,2023,2023-08-11,"Headingley, Leeds",1,1.5,Oval Invincibles,Northern Superchargers,WG Jacks,JM Cox,CF Parkinson,2,0,,,,,,,,,
1355620,2023,2023-08-11,"Headingley, Leeds",1,2.1,Oval Invincibles,Northern Superchargers,JM Cox,WG Jacks,CF Parkinson,4,0,,,,,,,,,
1355620,2023,2023-08-11,"Headingley, Leeds",1,2.2,Oval Invincibles,Northern Superchargers,JM Cox,WG Jacks,CF Parkinson,4,0,,,,,,,,,
1355620,2023,2023-08-11,"Headingley, Leeds",1,2.3,Oval Invincibles,Northern Superchargers,JM Cox,WG Jacks,CF Parkinson,1,0,,,,,,,,,
1355620,2023,2023-08-11,"Headingley, Leeds",1,2.4,Oval Invincibles,Northern Superchargers,WG Jacks,JM Cox,CF Parkinson,0,0,,,,,,,,,
1355620,2023,2023-08-11,"Headingley, Leeds",1,2.5,Oval Invincibles,Northern Superchargers,WG Jacks,JM Cox,CF Parkinson,1,0,,,,,,,,,
1355620,2023,2023-08-11,"Headingley, Leeds",1,3.1,Oval Invincibles,Northern Superchargers,JM Cox,WG Jacks,WD Parnell,1,0,,,,,,,,,
1355620,2023,2023-08-11,"Headingley, Leeds",1,3.2,Oval Invincibles,Northern Superchargers,WG Jacks,JM Cox,WD Parnell,1,0,,,,,,,,,
1355620,2023,2023-08-11,"Headingley, Leeds",1,3.3,Oval Invincibles,Northern Superchargers,JM Cox,WG Jacks,WD Parnell,1,0,,,,,,,,,
1355620,2023,2023-08-11,"Headingley, Leeds",1,3.4,Oval Invincibles,Northern Superchargers,WG Jacks,JM Cox,WD Parnell,4,0,,,,,,,,,
1355620,2023,2023-08-11,"Headingley, Leeds",1,3.5,Oval Invincibles,Northern Superchargers,WG Jacks,JM Cox,WD Parnell,1,0,,,,,,,,,
1355620,2023,2023-08-11,"Headingley, Leeds",1,4.1,Oval Invincibles,Northern Superchargers,WG Jacks,JM Cox,RJW Topley,4,0,,,,,,,,,
1355620,2023,2023-08-11,"Headingley, Leeds",1,4.2,Oval Invincibles,Northern Superchargers,WG Jacks,JM Cox,RJW Topley,0,0,,,,,,,,,
1355620,2023,2023-08-11,"Headingley, Leeds",1,4.3,Oval Invincibles,Northern Superchargers,WG Jacks,JM Cox,RJW Topley,1,0,,,,,,,,,
1355620,2023,2023-08-11,"Headingley, Leeds",1,4.4,Oval Invincibles,Northern Superchargers,JM Cox,WG Jacks,RJW Topley,4,0,,,,,,,,,
1355620,2023,2023-08-11,"Headingley, Leeds",1,4.5,Oval Invincibles,Northern Superchargers,JM Cox,WG Jacks,RJW Topley,0,0,,,,,,,,,
1355620,2023,2023-08-11,"Headingley, Leeds",1,5.1,Oval Invincibles,Northern Superchargers,JM Cox,WG Jacks,D Wiese,4,0,,,,,,,,,
1355620,2023,2023-08-11,"Headingley, Leeds",1,5.2,Oval Invincibles,Northern Superchargers,JM Cox,WG Jacks,D Wiese,2,0,,,,,,,,,
1355620,2023,2023-08-11,"Headingley, Leeds",1,5.3,Oval Invincibles,Northern Superchargers,JM Cox,WG Jacks,D Wiese,1,0,,,,,,,,,
1355620,2023,2023-08-11,"Headingley, Leeds",1,5.4,Oval Invincibles,Northern Superchargers,WG Jacks,JM Cox,D Wiese,1,0,,,,,,,,,
1355620,2023,2023-08-11,"Headingley, Leeds",1,5.5,Oval Invincibles,Northern Superchargers,JM Cox,WG Jacks,D Wiese,1,0,,,,,,,,,
1355620,2023,2023-08-11,"Headingley, Leeds",1,6.1,Oval Invincibles,Northern Superchargers,JM Cox,WG Jacks,AU Rashid,1,0,,,,,,,,,
1355620,2023,2023-08-11,"Headingley, Leeds",1,6.2,Oval Invincibles,Northern Superchargers,WG Jacks,JM Cox,AU Rashid,0,0,,,,,,,,,
1355620,2023,2023-08-11,"Headingley, Leeds",1,6.3,Oval Invincibles,Northern Superchargers,WG Jacks,JM Cox,AU Rashid,0,0,,,,,,,,,
1355620,2023,2023-08-11,"Headingley, Leeds",1,6.4,Oval Invincibles,Northern Superchargers,WG Jacks,JM Cox,AU Rashid,1,0,,,,,,,,,
1355620,2023,2023-08-11,"Headingley, Leeds",1,6.5,Oval Invincibles,Northern Superchargers,JM Cox,WG Jacks,AU Rashid,0,0,,,,,,,,,
1355620,2023,2023-08-11,"Headingley, Leeds",1,7.1,Oval Invincibles,Northern Superchargers,JM Cox,WG Jacks,BA Carse,1,0,,,,,,,,,
1355620,2023,2023-08-11,"Headingley, Leeds",1,7.2,Oval Invincibles,Northern Superchargers,WG Jacks,JM Cox,BA Carse,0,0,,,,,,,,,
1355620,2023,2023-08-11,"Headingley, Leeds",1,7.3,Oval Invincibles,Northern Superchargers,WG Jacks,JM Cox,BA Carse,0,0,,,,,,,,,
1355620,2023,2023-08-11,"Headingley, Leeds",1,7.4,Oval Invincibles,Northern Superchargers,WG Jacks,JM Cox,BA Carse,6,0,,,,,,,,,
1355620,2023,2023-08-11,"Headingley, Leeds",1,7.5,Oval Invincibles,Northern Superchargers,WG Jacks,JM Cox,BA Carse,6,0,,,,,,,,,
1355620,2023,2023-08-11,"Headingley, Leeds",1,8.1,Oval Invincibles,Northern Superchargers,JM Cox,WG Jacks,CF Parkinson,2,0,,,,,,,,,
1355620,2023,2023-08-11,"Headingley, Leeds",1,8.2,Oval Invincibles,Northern Superchargers,JM Cox,WG Jacks,CF Parkinson,0,0,,,,,,,,,
1355620,2023,2023-08-11,"Headingley, Leeds",1,8.3,Oval Invincibles,Northern Superchargers,JM Cox,WG Jacks,CF Parkinson,1,0,,,,,,,,,
1355620,2023,2023-08-11,"Headingley, Leeds",1,8.4,Oval Invincibles,Northern Superchargers,WG Jacks,JM Cox,CF Parkinson,0,0,,,,,,caught,WG Jacks,,
1355620,2023,2023-08-11,"Headingley, Leeds",1,8.5,Oval Invincibles,Northern Superchargers,H Klaasen,JM Cox,CF Parkinson,0,0,,,,,,,,,
1355620,2023,2023-08-11,"Headingley, Leeds",1,9.1,Oval Invincibles,Northern Superchargers,H Klaasen,JM Cox,AU Rashid,1,0,,,,,,,,,
1355620,2023,2023-08-11,"Headingley, Leeds",1,9.2,Oval Invincibles,Northern Superchargers,JM Cox,H Klaasen,AU Rashid,0,0,,,,,,,,,
1355620,2023,2023-08-11,"Headingley, Leeds",1,9.3,Oval Invincibles,Northern Superchargers,JM Cox,H Klaasen,AU Rashid,1,0,,,,,,,,,
1355620,2023,2023-08-11,"Headingley, Leeds",1,9.4,Oval Invincibles,Northern Superchargers,H Klaasen,JM Cox,AU Rashid,6,0,,,,,,,,,
1355620,2023,2023-08-11,"Headingley, Leeds",1,9.5,Oval Invincibles,Northern Superchargers,H Klaasen,JM Cox,AU Rashid,1,0,,,,,,,,,
1355620,2023,2023-08-11,"Headingley, Leeds",1,10.1,Oval Invincibles,Northern Superchargers,H Klaasen,JM Cox,BA Carse,0,0,,,,,,,,,
1355620,2023,2023-08-11,"Headingley, Leeds",1,10.2,Oval Invincibles,Northern Superchargers,H Klaasen,JM Cox,BA Carse,1,0,,,,,,,,,
1355620,2023,2023-08-11,"Headingley, Leeds",1,10.3,Oval Invincibles,Northern Superchargers,JM Cox,H Klaasen,BA Carse,1,0,,,,,,,,,
1355620,2023,2023-08-11,"Headingley, Leeds",1,10.4,Oval Invincibles,Northern Superchargers,H Klaasen,JM Cox,BA Carse,0,0,,,,,,,,,
1355620,2023,2023-08-11,"Headingley, Leeds",1,10.5,Oval Invincibles,Northern Superchargers,H Klaasen,JM Cox,BA Carse,2,0,,,,,,,,,
1355620,2023,2023-08-11,"Headingley, Leeds",1,11.1,Oval Invincibles,Northern Superchargers,H Klaasen,JM Cox,WD Parnell,1,0,,,,,,,,,
1355620,2023,2023-08-11,"Headingley, Leeds",1,11.2,Oval Invincibles,Northern Superchargers,JM Cox,H Klaasen,WD Parnell,1,0,,,,,,,,,
1355620,2023,2023-08-11,"Headingley, Leeds",1,11.3,Oval Invincibles,Northern Superchargers,H Klaasen,JM Cox,WD Parnell,0,0,,,,,,,,,
1355620,2023,2023-08-11,"Headingley, Leeds",1,11.4,Oval Invincibles,Northern Superchargers,H Klaasen,JM Cox,WD Parnell,1,0,,,,,,,,,
1355620,2023,2023-08-11,"Headingley, Leeds",1,11.5,Oval Invincibles,Northern Superchargers,JM Cox,H Klaasen,WD Parnell,0,0,,,,,,,,,
1355620,2023,2023-08-11,"Headingley, Leeds",1,12.1,Oval Invincibles,Northern Superchargers,H Klaasen,JM Cox,BA Carse,6,0,,,,,,,,,
1355620,2023,2023-08-11,"Headingley, Leeds",1,12.2,Oval Invincibles,Northern Superchargers,H Klaasen,JM Cox,BA Carse,0,0,,,,,,,,,
1355620,2023,2023-08-11,"Headingley, Leeds",1,12.3,Oval Invincibles,Northern Superchargers,H Klaasen,JM Cox,BA Carse,6,0,,,,,,,,,
1355620,2023,2023-08-11,"Headingley, Leeds",1,12.4,Oval Invincibles,Northern Superchargers,H Klaasen,JM Cox,BA Carse,6,0,,,,,,,,,
1355620,2023,2023-08-11,"Headingley, Leeds",1,12.5,Oval Invincibles,Northern Superchargers,H Klaasen,JM Cox,BA Carse,1,0,,,,,,,,,
1355620,2023,2023-08-11,"Headingley, Leeds",1,13.1,Oval Invincibles,Northern Superchargers,JM Cox,H Klaasen,RJW Topley,4,0,,,,,,,,,
1355620,2023,2023-08-11,"Headingley, Leeds",1,13.2,Oval Invincibles,Northern Superchargers,JM Cox,H Klaasen,RJW Topley,1,0,,,,,,,,,
1355620,2023,2023-08-11,"Headingley, Leeds",1,13.3,Oval Invincibles,Northern Superchargers,H Klaasen,JM Cox,RJW Topley,1,0,,,,,,,,,
1355620,2023,2023-08-11,"Headingley, Leeds",1,13.4,Oval Invincibles,Northern Superchargers,JM Cox,H Klaasen,RJW Topley,1,0,,,,,,,,,
1355620,2023,2023-08-11,"Headingley, Leeds",1,13.5,Oval Invincibles,Northern Superchargers,H Klaasen,JM Cox,RJW Topley,1,0,,,,,,,,,
1355620,2023,2023-08-11,"Headingley, Leeds",1,14.1,Oval Invincibles,Northern Superchargers,H Klaasen,JM Cox,AU Rashid,6,0,,,,,,,,,
1355620,2023,2023-08-11,"Headingley, Leeds",1,14.2,Oval Invincibles,Northern Superchargers,H Klaasen,JM Cox,AU Rashid,0,0,,,,,,,,,
1355620,2023,2023-08-11,"Headingley, Leeds",1,14.3,Oval Invincibles,Northern Superchargers,H Klaasen,JM Cox,AU Rashid,6,0,,,,,,,,,
1355620,2023,2023-08-11,"Headingley, Leeds",1,14.4,Oval Invincibles,Northern Superchargers,H Klaasen,JM Cox,AU Rashid,0,0,,,,,,caught,H Klaasen,,
1355620,2023,2023-08-11,"Headingley, Leeds",1,14.5,Oval Invincibles,Northern Superchargers,SM Curran,JM Cox,AU Rashid,1,0,,,,,,,,,
1355620,2023,2023-08-11,"Headingley, Leeds",1,15.1,Oval Invincibles,Northern Superchargers,JM Cox,SM Curran,AU Rashid,6,0,,,,,,,,,
1355620,2023,2023-08-11,"Headingley, Leeds",1,15.2,Oval Invincibles,Northern Superchargers,JM Cox,SM Curran,AU Rashid,4,0,,,,,,,,,
1355620,2023,2023-08-11,"Headingley, Leeds",1,15.3,Oval Invincibles,Northern Superchargers,JM Cox,SM Curran,AU Rashid,1,0,,,,,,,,,
1355620,2023,2023-08-11,"Headingley, Leeds",1,15.4,Oval Invincibles,Northern Superchargers,SM Curran,JM Cox,AU Rashid,2,0,,,,,,,,,
1355620,2023,2023-08-11,"Headingley, Leeds",1,15.5,Oval Invincibles,Northern Superchargers,SM Curran,JM Cox,AU Rashid,1,0,,,,,,,,,
1355620,2023,2023-08-11,"Headingley, Leeds",1,16.1,Oval Invincibles,Northern Superchargers,SM Curran,JM Cox,WD Parnell,4,0,,,,,,,,,
1355620,2023,2023-08-11,"Headingley, Leeds",1,16.2,Oval Invincibles,Northern Superchargers,SM Curran,JM Cox,WD Parnell,0,0,,,,,,,,,
1355620,2023,2023-08-11,"Headingley, Leeds",1,16.3,Oval Invincibles,Northern Superchargers,SM Curran,JM Cox,WD Parnell,1,0,,,,,,,,,
1355620,2023,2023-08-11,"Headingley, Leeds",1,16.4,Oval Invincibles,Northern Superchargers,JM Cox,SM Curran,WD Parnell,2,0,,,,,,,,,
1355620,2023,2023-08-11,"Headingley, Leeds",1,16.5,Oval Invincibles,Northern Superchargers,JM Cox,SM Curran,WD Parnell,6,0,,,,,,,,,
1355620,2023,2023-08-11,"Headingley, Leeds",1,17.1,Oval Invincibles,Northern Superchargers,JM Cox,SM Curran,RJW Topley,1,0,,,,,,,,,
1355620,2023,2023-08-11,"Headingley, Leeds",1,17.2,Oval Invincibles,Northern Superchargers,SM Curran,JM Cox,RJW Topley,2,0,,,,,,,,,
1355620,2023,2023-08-11,"Headingley, Leeds",1,17.3,Oval Invincibles,Northern Superchargers,SM Curran,JM Cox,RJW Topley,4,0,,,,,,,,,
1355620,2023,2023-08-11,"Headingley, Leeds",1,17.4,Oval Invincibles,Northern Superchargers,SM Curran,JM Cox,RJW Topley,6,0,,,,,,,,,
1355620,2023,2023-08-11,"Headingley, Leeds",1,17.5,Oval Invincibles,Northern Superchargers,SM Curran,JM Cox,RJW Topley,2,0,,,,,,,,,
1355620,2023,2023-08-11,"Headingley, Leeds",1,18.1,Oval Invincibles,Northern Superchargers,JM Cox,SM Curran,D Wiese,4,0,,,,,,,,,
1355620,2023,2023-08-11,"Headingley, Leeds",1,18.2,Oval Invincibles,Northern Superchargers,JM Cox,SM Curran,D Wiese,6,0,,,,,,,,,
1355620,2023,2023-08-11,"Headingley, Leeds",1,18.3,Oval Invincibles,Northern Superchargers,JM Cox,SM Curran,D Wiese,0,0,,,,,,,,,
1355620,2023,2023-08-11,"Headingley, Leeds",1,18.4,Oval Invincibles,Northern Superchargers,JM Cox,SM Curran,D Wiese,0,1,,,,1,,,,,
1355620,2023,2023-08-11,"Headingley, Leeds",1,18.5,Oval Invincibles,Northern Superchargers,SM Curran,JM Cox,D Wiese,1,0,,,,,,,,,
1355620,2023,2023-08-11,"Headingley, Leeds",1,19.1,Oval Invincibles,Northern Superchargers,JM Cox,SM Curran,WD Parnell,1,0,,,,,,,,,
1355620,2023,2023-08-11,"Headingley, Leeds",1,19.2,Oval Invincibles,Northern Superchargers,SM Curran,JM Cox,WD Parnell,0,0,,,,,,caught,SM Curran,,
1355620,2023,2023-08-11,"Headingley, Leeds",1,19.3,Oval Invincibles,Northern Superchargers,RA Whiteley,JM Cox,WD Parnell,0,0,,,,,,lbw,RA Whiteley,,
1355620,2023,2023-08-11,"Headingley, Leeds",1,19.4,Oval Invincibles,Northern Superchargers,SW Billings,JM Cox,WD Parnell,0,1,,,1,,,,,,
1355620,2023,2023-08-11,"Headingley, Leeds",1,19.5,Oval Invincibles,Northern Superchargers,JM Cox,SW Billings,WD Parnell,4,0,,,,,,,,,
1355620,2023,2023-08-11,"Headingley, Leeds",2,0.1,Northern Superchargers,Oval Invincibles,T Banton,MW Short,SH Johnson,0,1,1,,,,,,,,
1355620,2023,2023-08-11,"Headingley, Leeds",2,0.2,Northern Superchargers,Oval Invincibles,T Banton,MW Short,SH Johnson,4,0,,,,,,,,,
1355620,2023,2023-08-11,"Headingley, Leeds",2,0.3,Northern Superchargers,Oval Invincibles,T Banton,MW Short,SH Johnson,2,0,,,,,,,,,
1355620,2023,2023-08-11,"Headingley, Leeds",2,0.4,Northern Superchargers,Oval Invincibles,T Banton,MW Short,SH Johnson,1,0,,,,,,,,,
1355620,2023,2023-08-11,"Headingley, Leeds",2,0.5,Northern Superchargers,Oval Invincibles,MW Short,T Banton,SH Johnson,0,0,,,,,,,,,
1355620,2023,2023-08-11,"Headingley, Leeds",2,0.6,Northern Superchargers,Oval Invincibles,MW Short,T Banton,SH Johnson,0,0,,,,,,,,,
1355620,2023,2023-08-11,"Headingley, Leeds",2,1.1,Northern Superchargers,Oval Invincibles,MW Short,T Banton,AAP Atkinson,0,1,,,,1,,,,,
1355620,2023,2023-08-11,"Headingley, Leeds",2,1.2,Northern Superchargers,Oval Invincibles,T Banton,MW Short,AAP Atkinson,4,0,,,,,,,,,
1355620,2023,2023-08-11,"Headingley, Leeds",2,1.3,Northern Superchargers,Oval Invincibles,T Banton,MW Short,AAP Atkinson,0,0,,,,,,,,,
1355620,2023,2023-08-11,"Headingley, Leeds",2,1.4,Northern Superchargers,Oval Invincibles,T Banton,MW Short,AAP Atkinson,0,0,,,,,,,,,
1355620,2023,2023-08-11,"Headingley, Leeds",2,1.5,Northern Superchargers,Oval Invincibles,T Banton,MW Short,AAP Atkinson,1,0,,,,,,,,,
1355620,2023,2023-08-11,"Headingley, Leeds",2,2.1,Northern Superchargers,Oval Invincibles,T Banton,MW Short,SH Johnson,0,0,,,,,,,,,
1355620,2023,2023-08-11,"Headingley, Leeds",2,2.2,Northern Superchargers,Oval Invincibles,T Banton,MW Short,SH Johnson,4,0,,,,,,,,,
1355620,2023,2023-08-11,"Headingley, Leeds",2,2.3,Northern Superchargers,Oval Invincibles,T Banton,MW Short,SH Johnson,0,0,,,,,,,,,
1355620,2023,2023-08-11,"Headingley, Leeds",2,2.4,Northern Superchargers,Oval Invincibles,T Banton,MW Short,SH Johnson,4,0,,,,,,,,,
1355620,2023,2023-08-11,"Headingley, Leeds",2,2.5,Northern Superchargers,Oval Invincibles,T Banton,MW Short,SH Johnson,0,0,,,,,,,,,
1355620,2023,2023-08-11,"Headingley, Leeds",2,3.1,Northern Superchargers,Oval Invincibles,T Banton,MW Short,AAP Atkinson,1,0,,,,,,,,,
1355620,2023,2023-08-11,"Headingley, Leeds",2,3.2,Northern Superchargers,Oval Invincibles,MW Short,T Banton,AAP Atkinson,0,0,,,,,,caught,MW Short,,
1355620,2023,2023-08-11,"Headingley, Leeds",2,3.3,Northern Superchargers,Oval Invincibles,HC Brook,T Banton,AAP Atkinson,0,0,,,,,,,,,
1355620,2023,2023-08-11,"Headingley, Leeds",2,3.4,Northern Superchargers,Oval Invincibles,HC Brook,T Banton,AAP Atkinson,0,0,,,,,,,,,
1355620,2023,2023-08-11,"Headingley, Leeds",2,3.5,Northern Superchargers,Oval Invincibles,HC Brook,T Banton,AAP Atkinson,0,0,,,,,,,,,
1355620,2023,2023-08-11,"Headingley, Leeds",2,4.1,Northern Superchargers,Oval Invincibles,T Banton,HC Brook,SM Curran,1,0,,,,,,,,,
1355620,2023,2023-08-11,"Headingley, Leeds",2,4.2,Northern Superchargers,Oval Invincibles,HC Brook,T Banton,SM Curran,4,0,,,,,,,,,
1355620,2023,2023-08-11,"Headingley, Leeds",2,4.3,Northern Superchargers,Oval Invincibles,HC Brook,T Banton,SM Curran,0,0,,,,,,caught,HC Brook,,
1355620,2023,2023-08-11,"Headingley, Leeds",2,4.4,Northern Superchargers,Oval Invincibles,AJ Hose,T Banton,SM Curran,1,0,,,,,,,,,
1355620,2023,2023-08-11,"Headingley, Leeds",2,4.5,Northern Superchargers,Oval Invincibles,T Banton,AJ Hose,SM Curran,1,0,,,,,,,,,
1355620,2023,2023-08-11,"Headingley, Leeds",2,5.1,Northern Superchargers,Oval Invincibles,AJ Hose,T Banton,SP Narine,4,0,,,,,,,,,
1355620,2023,2023-08-11,"Headingley, Leeds",2,5.2,Northern Superchargers,Oval Invincibles,AJ Hose,T Banton,SP Narine,1,0,,,,,,,,,
1355620,2023,2023-08-11,"Headingley, Leeds",2,5.3,Northern Superchargers,Oval Invincibles,T Banton,AJ Hose,SP Narine,1,0,,,,,,,,,
1355620,2023,2023-08-11,"Headingley, Leeds",2,5.4,Northern Superchargers,Oval Invincibles,AJ Hose,T Banton,SP Narine,0,0,,,,,,,,,
1355620,2023,2023-08-11,"Headingley, Leeds",2,5.5,Northern Superchargers,Oval Invincibles,AJ Hose,T Banton,SP Narine,1,0,,,,,,,,,
1355620,2023,2023-08-11,"Headingley, Leeds",2,6.1,Northern Superchargers,Oval Invincibles,AJ Hose,T Banton,NA Sowter,4,0,,,,,,,,,
1355620,2023,2023-08-11,"Headingley, Leeds",2,6.2,Northern Superchargers,Oval Invincibles,AJ Hose,T Banton,NA Sowter,2,0,,,,,,,,,
1355620,2023,2023-08-11,"Headingley, Leeds",2,6.3,Northern Superchargers,Oval Invincibles,AJ Hose,T Banton,NA Sowter,1,0,,,,,,,,,
1355620,2023,2023-08-11,"Headingley, Leeds",2,6.4,Northern Superchargers,Oval Invincibles,T Banton,AJ Hose,NA Sowter,0,0,,,,,,,,,
1355620,2023,2023-08-11,"Headingley, Leeds",2,6.5,Northern Superchargers,Oval Invincibles,T Banton,AJ Hose,NA Sowter,0,0,,,,,,,,,
1355620,2023,2023-08-11,"Headingley, Leeds",2,7.1,Northern Superchargers,Oval Invincibles,T Banton,AJ Hose,SM Curran,2,0,,,,,,,,,
1355620,2023,2023-08-11,"Headingley, Leeds",2,7.2,Northern Superchargers,Oval Invincibles,T Banton,AJ Hose,SM Curran,6,0,,,,,,,,,
1355620,2023,2023-08-11,"Headingley, Leeds",2,7.3,Northern Superchargers,Oval Invincibles,T Banton,AJ Hose,SM Curran,1,0,,,,,,,,,
1355620,2023,2023-08-11,"Headingley, Leeds",2,7.4,Northern Superchargers,Oval Invincibles,AJ Hose,T Banton,SM Curran,0,0,,,,,,,,,
1355620,2023,2023-08-11,"Headingley, Leeds",2,7.5,Northern Superchargers,Oval Invincibles,AJ Hose,T Banton,SM Curran,4,0,,,,,,,,,
1355620,2023,2023-08-11,"Headingley, Leeds",2,8.1,Northern Superchargers,Oval Invincibles,T Banton,AJ Hose,SP Narine,1,0,,,,,,,,,
1355620,2023,2023-08-11,"Headingley, Leeds",2,8.2,Northern Superchargers,Oval Invincibles,AJ Hose,T Banton,SP Narine,2,0,,,,,,,,,
1355620,2023,2023-08-11,"Headingley, Leeds",2,8.3,Northern Superchargers,Oval Invincibles,AJ Hose,T Banton,SP Narine,1,0,,,,,,,,,
1355620,2023,2023-08-11,"Headingley, Leeds",2,8.4,Northern Superchargers,Oval Invincibles,T Banton,AJ Hose,SP Narine,1,0,,,,,,,,,
1355620,2023,2023-08-11,"Headingley, Leeds",2,8.5,Northern Superchargers,Oval Invincibles,AJ Hose,T Banton,SP Narine,6,0,,,,,,,,,
1355620,2023,2023-08-11,"Headingley, Leeds",2,9.1,Northern Superchargers,Oval Invincibles,AJ Hose,T Banton,SH Johnson,6,0,,,,,,,,,
1355620,2023,2023-08-11,"Headingley, Leeds",2,9.2,Northern Superchargers,Oval Invincibles,AJ Hose,T Banton,SH Johnson,2,0,,,,,,,,,
1355620,2023,2023-08-11,"Headingley, Leeds",2,9.3,Northern Superchargers,Oval Invincibles,AJ Hose,T Banton,SH Johnson,0,0,,,,,,,,,
1355620,2023,2023-08-11,"Headingley, Leeds",2,9.4,Northern Superchargers,Oval Invincibles,AJ Hose,T Banton,SH Johnson,6,0,,,,,,,,,
1355620,2023,2023-08-11,"Headingley, Leeds",2,9.5,Northern Superchargers,Oval Invincibles,AJ Hose,T Banton,SH Johnson,0,0,,,,,,,,,
1355620,2023,2023-08-11,"Headingley, Leeds",2,10.1,Northern Superchargers,Oval Invincibles,T Banton,AJ Hose,NA Sowter,2,0,,,,,,,,,
1355620,2023,2023-08-11,"Headingley, Leeds",2,10.2,Northern Superchargers,Oval Invincibles,T Banton,AJ Hose,NA Sowter,1,0,,,,,,,,,
1355620,2023,2023-08-11,"Headingley, Leeds",2,10.3,Northern Superchargers,Oval Invincibles,AJ Hose,T Banton,NA Sowter,0,0,,,,,,caught,AJ Hose,,
1355620,2023,2023-08-11,"Headingley, Leeds",2,10.4,Northern Superchargers,Oval Invincibles,SA Zaib,T Banton,NA Sowter,1,0,,,,,,,,,
1355620,2023,2023-08-11,"Headingley, Leeds",2,10.5,Northern Superchargers,Oval Invincibles,T Banton,SA Zaib,NA Sowter,6,0,,,,,,,,,
1355620,2023,2023-08-11,"Headingley, Leeds",2,11.1,Northern Superchargers,Oval Invincibles,T Banton,SA Zaib,AAP Atkinson,1,0,,,,,,,,,
1355620,2023,2023-08-11,"Headingley, Leeds",2,11.2,Northern Superchargers,Oval Invincibles,SA Zaib,T Banton,AAP Atkinson,1,0,,,,,,,,,
1355620,2023,2023-08-11,"Headingley, Leeds",2,11.3,Northern Superchargers,Oval Invincibles,T Banton,SA Zaib,AAP Atkinson,0,3,,2,1,,,,,,
1355620,2023,2023-08-11,"Headingley, Leeds",2,11.4,Northern Superchargers,Oval Invincibles,SA Zaib,T Banton,AAP Atkinson,4,0,,,,,,,,,
1355620,2023,2023-08-11,"Headingley, Leeds",2,11.5,Northern Superchargers,Oval Invincibles,SA Zaib,T Banton,AAP Atkinson,0,0,,,,,,,,,
1355620,2023,2023-08-11,"Headingley, Leeds",2,11.6,Northern Superchargers,Oval Invincibles,SA Zaib,T Banton,AAP Atkinson,1,0,,,,,,,,,
1355620,2023,2023-08-11,"Headingley, Leeds",2,12.1,Northern Superchargers,Oval Invincibles,SA Zaib,T Banton,NA Sowter,1,0,,,,,,,,,
1355620,2023,2023-08-11,"Headingley, Leeds",2,12.2,Northern Superchargers,Oval Invincibles,T Banton,SA Zaib,NA Sowter,1,0,,,,,,,,,
1355620,2023,2023-08-11,"Headingley, Leeds",2,12.3,Northern Superchargers,Oval Invincibles,SA Zaib,T Banton,NA Sowter,1,0,,,,,,,,,
1355620,2023,2023-08-11,"Headingley, Leeds",2,12.4,Northern Superchargers,Oval Invincibles,T Banton,SA Zaib,NA Sowter,4,0,,,,,,,,,
1355620,2023,2023-08-11,"Headingley, Leeds",2,12.5,Northern Superchargers,Oval Invincibles,T Banton,SA Zaib,NA Sowter,6,0,,,,,,,,,
1355620,2023,2023-08-11,"Headingley, Leeds",2,13.1,Northern Superchargers,Oval Invincibles,T Banton,SA Zaib,SP Narine,1,0,,,,,,,,,
1355620,2023,2023-08-11,"Headingley, Leeds",2,13.2,Northern Superchargers,Oval Invincibles,SA Zaib,T Banton,SP Narine,6,0,,,,,,,,,
1355620,2023,2023-08-11,"Headingley, Leeds",2,13.3,Northern Superchargers,Oval Invincibles,SA Zaib,T Banton,SP Narine,1,0,,,,,,,,,
1355620,2023,2023-08-11,"Headingley, Leeds",2,13.4,Northern Superchargers,Oval Invincibles,T Banton,SA Zaib,SP Narine,4,0,,,,,,,,,
1355620,2023,2023-08-11,"Headingley, Leeds",2,13.5,Northern Superchargers,Oval Invincibles,T Banton,SA Zaib,SP Narine,1,0,,,,,,,,,
1355620,2023,2023-08-11,"Headingley, Leeds",2,14.1,Northern Superchargers,Oval Invincibles,T Banton,SA Zaib,NA Sowter,1,0,,,,,,,,,
1355620,2023,2023-08-11,"Headingley, Leeds",2,14.2,Northern Superchargers,Oval Invincibles,SA Zaib,T Banton,NA Sowter,1,0,,,,,,,,,
1355620,2023,2023-08-11,"Headingley, Leeds",2,14.3,Northern Superchargers,Oval Invincibles,T Banton,SA Zaib,NA Sowter,6,0,,,,,,,,,
1355620,2023,2023-08-11,"Headingley, Leeds",2,14.4,Northern Superchargers,Oval Invincibles,T Banton,SA Zaib,NA Sowter,6,0,,,,,,,,,
1355620,2023,2023-08-11,"Headingley, Leeds",2,14.5,Northern Superchargers,Oval Invincibles,T Banton,SA Zaib,NA Sowter,4,0,,,,,,,,,
1355620,2023,2023-08-11,"Headingley, Leeds",2,15.1,Northern Superchargers,Oval Invincibles,T Banton,SA Zaib,SH Johnson,0,0,,,,,,,,,
1355620,2023,2023-08-11,"Headingley, Leeds",2,15.2,Northern Superchargers,Oval Invincibles,T Banton,SA Zaib,SH Johnson,1,0,,,,,,,,,
1355620,2023,2023-08-11,"Headingley, Leeds",2,15.3,Northern Superchargers,Oval Invincibles,SA Zaib,T Banton,SH Johnson,0,0,,,,,,caught,SA Zaib,,
1355620,2023,2023-08-11,"Headingley, Leeds",2,15.4,Northern Superchargers,Oval Invincibles,D Wiese,T Banton,SH Johnson,4,0,,,,,,,,,
1355620,2023,2023-08-11,"Headingley, Leeds",2,15.5,Northern Superchargers,Oval Invincibles,D Wiese,T Banton,SH Johnson,1,0,,,,,,,,,
1355620,2023,2023-08-11,"Headingley, Leeds",2,16.1,Northern Superchargers,Oval Invincibles,D Wiese,T Banton,SM Curran,1,0,,,,,,,,,
1355620,2023,2023-08-11,"Headingley, Leeds",2,16.2,Northern Superchargers,Oval Invincibles,T Banton,D Wiese,SM Curran,1,0,,,,,,,,,
1355620,2023,2023-08-11,"Headingley, Leeds",2,16.3,Northern Superchargers,Oval Invincibles,D Wiese,T Banton,SM Curran,1,0,,,,,,,,,
1355620,2023,2023-08-11,"Headingley, Leeds",2,16.4,Northern Superchargers,Oval Invincibles,T Banton,D Wiese,SM Curran,0,0,,,,,,,,,
1355620,2023,2023-08-11,"Headingley, Leeds",2,16.5,Northern Superchargers,Oval Invincibles,T Banton,D Wiese,SM Curran,0,0,,,,,,caught,T Banton,,
1355620,2023,2023-08-11,"Headingley, Leeds",2,17.1,Northern Superchargers,Oval Invincibles,BA Carse,D Wiese,SP Narine,1,0,,,,,,,,,
1355620,2023,2023-08-11,"Headingley, Leeds",2,17.2,Northern Superchargers,Oval Invincibles,D Wiese,BA Carse,SP Narine,2,0,,,,,,,,,
1355620,2023,2023-08-11,"Headingley, Leeds",2,17.3,Northern Superchargers,Oval Invincibles,D Wiese,BA Carse,SP Narine,0,0,,,,,,caught,D Wiese,,
1355620,2023,2023-08-11,"Headingley, Leeds",2,17.4,Northern Superchargers,Oval Invincibles,WD Parnell,BA Carse,SP Narine,0,0,,,,,,,,,
1355620,2023,2023-08-11,"Headingley, Leeds",2,17.5,Northern Superchargers,Oval Invincibles,WD Parnell,BA Carse,SP Narine,1,0,,,,,,,,,
1355620,2023,2023-08-11,"Headingley, Leeds",2,18.1,Northern Superchargers,Oval Invincibles,WD Parnell,BA Carse,SM Curran,1,0,,,,,,,,,
1355620,2023,2023-08-11,"Headingley, Leeds",2,18.2,Northern Superchargers,Oval Invincibles,BA Carse,WD Parnell,SM Curran,4,0,,,,,,,,,
1355620,2023,2023-08-11,"Headingley, Leeds",2,18.3,Northern Superchargers,Oval Invincibles,BA Carse,WD Parnell,SM Curran,0,1,1,,,,,,,,
1355620,2023,2023-08-11,"Headingley, Leeds",2,18.4,Northern Superchargers,Oval Invincibles,BA Carse,WD Parnell,SM Curran,1,0,,,,,,,,,
1355620,2023,2023-08-11,"Headingley, Leeds",2,18.5,Northern Superchargers,Oval Invincibles,WD Parnell,BA Carse,SM Curran,0,0,,,,,,,,,
1355620,2023,2023-08-11,"Headingley, Leeds",2,18.6,Northern Superchargers,Oval Invincibles,WD Parnell,BA Carse,SM Curran,1,0,,,,,,,,,
1355620,2023,2023-08-11,"Headingley, Leeds",2,19.1,Northern Superchargers,Oval Invincibles,BA Carse,WD Parnell,AAP Atkinson,2,0,,,,,,,,,
1355620,2023,2023-08-11,"Headingley, Leeds",2,19.2,Northern Superchargers,Oval Invincibles,BA Carse,WD Parnell,AAP Atkinson,4,0,,,,,,,,,
1355620,2023,2023-08-11,"Headingley, Leeds",2,19.3,Northern Superchargers,Oval Invincibles,BA Carse,WD Parnell,AAP Atkinson,0,0,,,,,,caught,BA Carse,,
1355620,2023,2023-08-11,"Headingley, Leeds",2,19.4,Northern Superchargers,Oval Invincibles,AU Rashid,WD Parnell,AAP Atkinson,0,1,1,,,,,,,,
1355620,2023,2023-08-11,"Headingley, Leeds",2,19.5,Northern Superchargers,Oval Invincibles,AU Rashid,WD Parnell,AAP Atkinson,0,0,,,,,,caught,AU Rashid,,
1355620,2023,2023-08-11,"Headingley, Leeds",2,19.6,Northern Superchargers,Oval Invincibles,CF Parkinson,WD Parnell,AAP Atkinson,0,2,,2,,,,,,,
1355620,2023,2023-08-11,"Headingley, Leeds",2,19.7,Northern Superchargers,Oval Invincibles,CF Parkinson,WD Parnell,AAP Atkinson,0,0,,,,,,,,,
