version,2.2.0
info,balls_per_over,5
info,team,Southern Brave
info,team,London Spirit
info,gender,male
info,season,2023
info,date,2023/08/08
info,event,The Hundred Men's Competition
info,match_number,11
info,venue,"Lord's, London"
info,city,London
info,toss_winner,London Spirit
info,toss_decision,field
info,umpire,LB Gcuma
info,umpire,PR Pollard
info,reserve_umpire,JC Tredwell
info,tv_umpire,NL Bainton
info,match_referee,Phil Whitticase
info,outcome,no result
info,player,Southern Brave,FH Allen
info,player,Southern Brave,DP Conway
info,player,Southern Brave,JM Vince
info,player,Southern Brave,TH David
info,player,Southern Brave,JJ Weatherley
info,player,Southern Brave,JL du Plooy
info,player,Southern Brave,JK Fuller
info,player,Southern Brave,Rehan Ahmed
info,player,Southern Brave,C Overton
info,player,Southern Brave,MD Fisher
info,player,Southern Brave,TS Mills
info,player,London Spirit,DW Lawrence
info,player,London Spirit,AM Rossington
info,player,London Spirit,Z Crawley
info,player,London Spirit,MS Wade
info,player,London Spirit,DJ Mitchell
info,player,London Spirit,RS Bopara
info,player,London Spirit,MJJ Critchley
info,player,London Spirit,JA Thompson
info,player,London Spirit,LA Dawson
info,player,London Spirit,NT Ellis
info,player,London Spirit,DJ Worrall
info,registry,people,AM Rossington,7bcde3fe
info,registry,people,C Overton,e9987a94
info,registry,people,DJ Mitchell,eade4650
info,registry,people,DJ Worrall,208f22ea
info,registry,people,DP Conway,df5a6881
info,registry,people,DW Lawrence,4b685e2d
info,registry,people,FH Allen,bf74b130
info,registry,people,JA Thompson,1d2f290a
info,registry,people,JC Tredwell,49b6c09f
info,registry,people,JJ Weatherley,a05d0552
info,registry,people,JK Fuller,dda5aae5
info,registry,people,JL du Plooy,6e6fb538
info,registry,people,JM Vince,a15618fe
info,registry,people,LA Dawson,4a461c24
info,registry,people,LB Gcuma,02ba88e3
info,registry,people,MD Fisher,8f2dfebf
info,registry,people,MJJ Critchley,c5cc48bc
info,registry,people,MS Wade,afa7e784
info,registry,people,NL Bainton,cd219cb3
info,registry,people,NT Ellis,9eb1455b
info,registry,people,PR Pollard,85d884bb
info,registry,people,Phil Whitticase,99d5f6fa
info,registry,people,RS Bopara,7ca5e05d
info,registry,people,Rehan Ahmed,0ecb4de6
info,registry,people,TH David,f1f99156
info,registry,people,TS Mills,245c97cb
info,registry,people,Z Crawley,922e1b19
