match_id,season,start_date,venue,innings,ball,batting_team,bowling_team,striker,non_striker,bowler,runs_off_bat,extras,wides,noballs,byes,legbyes,penalty,wicket_type,player_dismissed,other_wicket_type,other_player_dismissed
1417799,2024,2024-08-01,"Lord's, London",1,0.1,Welsh Fire,London Spirit,T Kohler-Cadmore,JM Bairstow,DJ Worrall,0,0,,,,,,,,,
1417799,2024,2024-08-01,"Lord's, London",1,0.2,Welsh Fire,London Spirit,T Kohler-Cadmore,JM Bairstow,DJ Worrall,0,0,,,,,,,,,
1417799,2024,2024-08-01,"Lord's, London",1,0.3,Welsh Fire,London Spirit,T Kohler-Cadmore,JM Bairstow,DJ Worrall,0,0,,,,,,,,,
1417799,2024,2024-08-01,"Lord's, London",1,0.4,Welsh Fire,London Spirit,T Kohler-Cadmore,JM Bairstow,DJ Worrall,0,0,,,,,,,,,
1417799,2024,2024-08-01,"Lord's, London",1,0.5,Welsh Fire,London Spirit,T Kohler-Cadmore,JM Bairstow,DJ Worrall,0,0,,,,,,,,,
1417799,2024,2024-08-01,"Lord's, London",1,1.1,Welsh Fire,London Spirit,T Kohler-Cadmore,JM Bairstow,DJ Worrall,0,0,,,,,,,,,
1417799,2024,2024-08-01,"Lord's, London",1,1.2,Welsh Fire,London Spirit,T Kohler-Cadmore,JM Bairstow,DJ Worrall,0,0,,,,,,,,,
1417799,2024,2024-08-01,"Lord's, London",1,1.3,Welsh Fire,London Spirit,T Kohler-Cadmore,JM Bairstow,DJ Worrall,0,0,,,,,,,,,
1417799,2024,2024-08-01,"Lord's, London",1,1.4,Welsh Fire,London Spirit,T Kohler-Cadmore,JM Bairstow,DJ Worrall,0,0,,,,,,,,,
1417799,2024,2024-08-01,"Lord's, London",1,1.5,Welsh Fire,London Spirit,T Kohler-Cadmore,JM Bairstow,DJ Worrall,0,0,,,,,,,,,
1417799,2024,2024-08-01,"Lord's, London",1,2.1,Welsh Fire,London Spirit,JM Bairstow,T Kohler-Cadmore,OP Stone,0,0,,,,,,,,,
1417799,2024,2024-08-01,"Lord's, London",1,2.2,Welsh Fire,London Spirit,JM Bairstow,T Kohler-Cadmore,OP Stone,1,0,,,,,,,,,
1417799,2024,2024-08-01,"Lord's, London",1,2.3,Welsh Fire,London Spirit,T Kohler-Cadmore,JM Bairstow,OP Stone,0,0,,,,,,,,,
1417799,2024,2024-08-01,"Lord's, London",1,2.4,Welsh Fire,London Spirit,T Kohler-Cadmore,JM Bairstow,OP Stone,4,0,,,,,,,,,
1417799,2024,2024-08-01,"Lord's, London",1,2.5,Welsh Fire,London Spirit,T Kohler-Cadmore,JM Bairstow,OP Stone,0,0,,,,,,caught,T Kohler-Cadmore,,
1417799,2024,2024-08-01,"Lord's, London",1,3.1,Welsh Fire,London Spirit,LWP Wells,JM Bairstow,AD Russell,2,0,,,,,,,,,
1417799,2024,2024-08-01,"Lord's, London",1,3.2,Welsh Fire,London Spirit,LWP Wells,JM Bairstow,AD Russell,6,0,,,,,,,,,
1417799,2024,2024-08-01,"Lord's, London",1,3.3,Welsh Fire,London Spirit,LWP Wells,JM Bairstow,AD Russell,0,1,1,,,,,,,,
1417799,2024,2024-08-01,"Lord's, London",1,3.4,Welsh Fire,London Spirit,LWP Wells,JM Bairstow,AD Russell,6,0,,,,,,,,,
1417799,2024,2024-08-01,"Lord's, London",1,3.5,Welsh Fire,London Spirit,LWP Wells,JM Bairstow,AD Russell,0,0,,,,,,,,,
1417799,2024,2024-08-01,"Lord's, London",1,3.6,Welsh Fire,London Spirit,LWP Wells,JM Bairstow,AD Russell,1,0,,,,,,,,,
1417799,2024,2024-08-01,"Lord's, London",1,4.1,Welsh Fire,London Spirit,LWP Wells,JM Bairstow,DJ Worrall,4,0,,,,,,,,,
1417799,2024,2024-08-01,"Lord's, London",1,4.2,Welsh Fire,London Spirit,LWP Wells,JM Bairstow,DJ Worrall,4,0,,,,,,,,,
1417799,2024,2024-08-01,"Lord's, London",1,4.3,Welsh Fire,London Spirit,LWP Wells,JM Bairstow,DJ Worrall,0,1,1,,,,,,,,
1417799,2024,2024-08-01,"Lord's, London",1,4.4,Welsh Fire,London Spirit,LWP Wells,JM Bairstow,DJ Worrall,0,0,,,,,,caught,LWP Wells,,
1417799,2024,2024-08-01,"Lord's, London",1,4.5,Welsh Fire,London Spirit,JM Clarke,JM Bairstow,DJ Worrall,0,0,,,,,,,,,
1417799,2024,2024-08-01,"Lord's, London",1,4.6,Welsh Fire,London Spirit,JM Clarke,JM Bairstow,DJ Worrall,0,0,,,,,,,,,
1417799,2024,2024-08-01,"Lord's, London",1,5.1,Welsh Fire,London Spirit,JM Clarke,JM Bairstow,DJ Worrall,0,2,,2,,,,,,,
1417799,2024,2024-08-01,"Lord's, London",1,5.2,Welsh Fire,London Spirit,JM Clarke,JM Bairstow,DJ Worrall,0,0,,,,,,,,,
1417799,2024,2024-08-01,"Lord's, London",1,5.3,Welsh Fire,London Spirit,JM Clarke,JM Bairstow,DJ Worrall,4,0,,,,,,,,,
1417799,2024,2024-08-01,"Lord's, London",1,5.4,Welsh Fire,London Spirit,JM Clarke,JM Bairstow,DJ Worrall,0,0,,,,,,,,,
1417799,2024,2024-08-01,"Lord's, London",1,5.5,Welsh Fire,London Spirit,JM Clarke,JM Bairstow,DJ Worrall,0,0,,,,,,,,,
1417799,2024,2024-08-01,"Lord's, London",1,5.6,Welsh Fire,London Spirit,JM Clarke,JM Bairstow,DJ Worrall,1,0,,,,,,,,,
1417799,2024,2024-08-01,"Lord's, London",1,6.1,Welsh Fire,London Spirit,JM Clarke,JM Bairstow,LA Dawson,0,0,,,,,,,,,
1417799,2024,2024-08-01,"Lord's, London",1,6.2,Welsh Fire,London Spirit,JM Clarke,JM Bairstow,LA Dawson,0,0,,,,,,,,,
1417799,2024,2024-08-01,"Lord's, London",1,6.3,Welsh Fire,London Spirit,JM Clarke,JM Bairstow,LA Dawson,0,0,,,,,,bowled,JM Clarke,,
1417799,2024,2024-08-01,"Lord's, London",1,6.4,Welsh Fire,London Spirit,TB Abell,JM Bairstow,LA Dawson,0,0,,,,,,,,,
1417799,2024,2024-08-01,"Lord's, London",1,6.5,Welsh Fire,London Spirit,TB Abell,JM Bairstow,LA Dawson,1,0,,,,,,,,,
1417799,2024,2024-08-01,"Lord's, London",1,7.1,Welsh Fire,London Spirit,JM Bairstow,TB Abell,DW Lawrence,0,0,,,,,,,,,
1417799,2024,2024-08-01,"Lord's, London",1,7.2,Welsh Fire,London Spirit,JM Bairstow,TB Abell,DW Lawrence,4,0,,,,,,,,,
1417799,2024,2024-08-01,"Lord's, London",1,7.3,Welsh Fire,London Spirit,JM Bairstow,TB Abell,DW Lawrence,1,0,,,,,,,,,
1417799,2024,2024-08-01,"Lord's, London",1,7.4,Welsh Fire,London Spirit,TB Abell,JM Bairstow,DW Lawrence,1,0,,,,,,,,,
1417799,2024,2024-08-01,"Lord's, London",1,7.5,Welsh Fire,London Spirit,JM Bairstow,TB Abell,DW Lawrence,1,0,,,,,,,,,
1417799,2024,2024-08-01,"Lord's, London",1,8.1,Welsh Fire,London Spirit,JM Bairstow,TB Abell,LA Dawson,0,0,,,,,,,,,
1417799,2024,2024-08-01,"Lord's, London",1,8.2,Welsh Fire,London Spirit,JM Bairstow,TB Abell,LA Dawson,1,0,,,,,,,,,
1417799,2024,2024-08-01,"Lord's, London",1,8.3,Welsh Fire,London Spirit,TB Abell,JM Bairstow,LA Dawson,1,0,,,,,,,,,
1417799,2024,2024-08-01,"Lord's, London",1,8.4,Welsh Fire,London Spirit,JM Bairstow,TB Abell,LA Dawson,0,0,,,,,,,,,
1417799,2024,2024-08-01,"Lord's, London",1,8.5,Welsh Fire,London Spirit,JM Bairstow,TB Abell,LA Dawson,4,0,,,,,,,,,
1417799,2024,2024-08-01,"Lord's, London",1,9.1,Welsh Fire,London Spirit,JM Bairstow,TB Abell,NT Ellis,0,0,,,,,,bowled,JM Bairstow,,
1417799,2024,2024-08-01,"Lord's, London",1,9.2,Welsh Fire,London Spirit,GD Phillips,TB Abell,NT Ellis,1,0,,,,,,,,,
1417799,2024,2024-08-01,"Lord's, London",1,9.3,Welsh Fire,London Spirit,TB Abell,GD Phillips,NT Ellis,1,0,,,,,,,,,
1417799,2024,2024-08-01,"Lord's, London",1,9.4,Welsh Fire,London Spirit,GD Phillips,TB Abell,NT Ellis,1,0,,,,,,,,,
1417799,2024,2024-08-01,"Lord's, London",1,9.5,Welsh Fire,London Spirit,TB Abell,GD Phillips,NT Ellis,0,0,,,,,,,,,
1417799,2024,2024-08-01,"Lord's, London",1,10.1,Welsh Fire,London Spirit,GD Phillips,TB Abell,OP Stone,0,0,,,,,,,,,
1417799,2024,2024-08-01,"Lord's, London",1,10.2,Welsh Fire,London Spirit,GD Phillips,TB Abell,OP Stone,1,0,,,,,,,,,
1417799,2024,2024-08-01,"Lord's, London",1,10.3,Welsh Fire,London Spirit,TB Abell,GD Phillips,OP Stone,0,0,,,,,,,,,
1417799,2024,2024-08-01,"Lord's, London",1,10.4,Welsh Fire,London Spirit,TB Abell,GD Phillips,OP Stone,0,0,,,,,,,,,
1417799,2024,2024-08-01,"Lord's, London",1,10.5,Welsh Fire,London Spirit,TB Abell,GD Phillips,OP Stone,0,0,,,,,,,,,
1417799,2024,2024-08-01,"Lord's, London",1,11.1,Welsh Fire,London Spirit,TB Abell,GD Phillips,RS Bopara,4,0,,,,,,,,,
1417799,2024,2024-08-01,"Lord's, London",1,11.2,Welsh Fire,London Spirit,TB Abell,GD Phillips,RS Bopara,1,0,,,,,,,,,
1417799,2024,2024-08-01,"Lord's, London",1,11.3,Welsh Fire,London Spirit,GD Phillips,TB Abell,RS Bopara,4,0,,,,,,,,,
1417799,2024,2024-08-01,"Lord's, London",1,11.4,Welsh Fire,London Spirit,GD Phillips,TB Abell,RS Bopara,1,0,,,,,,,,,
1417799,2024,2024-08-01,"Lord's, London",1,11.5,Welsh Fire,London Spirit,TB Abell,GD Phillips,RS Bopara,1,0,,,,,,,,,
1417799,2024,2024-08-01,"Lord's, London",1,12.1,Welsh Fire,London Spirit,TB Abell,GD Phillips,NT Ellis,0,0,,,,,,,,,
1417799,2024,2024-08-01,"Lord's, London",1,12.2,Welsh Fire,London Spirit,TB Abell,GD Phillips,NT Ellis,1,0,,,,,,,,,
1417799,2024,2024-08-01,"Lord's, London",1,12.3,Welsh Fire,London Spirit,GD Phillips,TB Abell,NT Ellis,1,0,,,,,,,,,
1417799,2024,2024-08-01,"Lord's, London",1,12.4,Welsh Fire,London Spirit,TB Abell,GD Phillips,NT Ellis,1,0,,,,,,,,,
1417799,2024,2024-08-01,"Lord's, London",1,12.5,Welsh Fire,London Spirit,GD Phillips,TB Abell,NT Ellis,0,0,,,,,,,,,
1417799,2024,2024-08-01,"Lord's, London",1,13.1,Welsh Fire,London Spirit,GD Phillips,TB Abell,LA Dawson,0,0,,,,,,,,,
1417799,2024,2024-08-01,"Lord's, London",1,13.2,Welsh Fire,London Spirit,GD Phillips,TB Abell,LA Dawson,1,0,,,,,,,,,
1417799,2024,2024-08-01,"Lord's, London",1,13.3,Welsh Fire,London Spirit,TB Abell,GD Phillips,LA Dawson,0,0,,,,,,bowled,TB Abell,,
1417799,2024,2024-08-01,"Lord's, London",1,13.4,Welsh Fire,London Spirit,DJ Willey,GD Phillips,LA Dawson,0,0,,,,,,,,,
1417799,2024,2024-08-01,"Lord's, London",1,13.5,Welsh Fire,London Spirit,DJ Willey,GD Phillips,LA Dawson,1,0,,,,,,,,,
1417799,2024,2024-08-01,"Lord's, London",1,14.1,Welsh Fire,London Spirit,DJ Willey,GD Phillips,OP Stone,1,0,,,,,,,,,
1417799,2024,2024-08-01,"Lord's, London",1,14.2,Welsh Fire,London Spirit,GD Phillips,DJ Willey,OP Stone,0,0,,,,,,,,,
1417799,2024,2024-08-01,"Lord's, London",1,14.3,Welsh Fire,London Spirit,GD Phillips,DJ Willey,OP Stone,0,0,,,,,,,,,
1417799,2024,2024-08-01,"Lord's, London",1,14.4,Welsh Fire,London Spirit,GD Phillips,DJ Willey,OP Stone,1,0,,,,,,,,,
1417799,2024,2024-08-01,"Lord's, London",1,14.5,Welsh Fire,London Spirit,DJ Willey,GD Phillips,OP Stone,0,0,,,,,,,,,
1417799,2024,2024-08-01,"Lord's, London",1,15.1,Welsh Fire,London Spirit,DJ Willey,GD Phillips,AD Russell,4,0,,,,,,,,,
1417799,2024,2024-08-01,"Lord's, London",1,15.2,Welsh Fire,London Spirit,DJ Willey,GD Phillips,AD Russell,1,0,,,,,,,,,
1417799,2024,2024-08-01,"Lord's, London",1,15.3,Welsh Fire,London Spirit,GD Phillips,DJ Willey,AD Russell,0,0,,,,,,caught,GD Phillips,,
1417799,2024,2024-08-01,"Lord's, London",1,15.4,Welsh Fire,London Spirit,DA Payne,DJ Willey,AD Russell,0,0,,,,,,,,,
1417799,2024,2024-08-01,"Lord's, London",1,15.5,Welsh Fire,London Spirit,DA Payne,DJ Willey,AD Russell,1,0,,,,,,,,,
1417799,2024,2024-08-01,"Lord's, London",1,16.1,Welsh Fire,London Spirit,DA Payne,DJ Willey,LA Dawson,0,0,,,,,,bowled,DA Payne,,
1417799,2024,2024-08-01,"Lord's, London",1,16.2,Welsh Fire,London Spirit,MJ Henry,DJ Willey,LA Dawson,1,0,,,,,,,,,
1417799,2024,2024-08-01,"Lord's, London",1,16.3,Welsh Fire,London Spirit,DJ Willey,MJ Henry,LA Dawson,0,0,,,,,,,,,
1417799,2024,2024-08-01,"Lord's, London",1,16.4,Welsh Fire,London Spirit,DJ Willey,MJ Henry,LA Dawson,0,0,,,,,,,,,
1417799,2024,2024-08-01,"Lord's, London",1,16.5,Welsh Fire,London Spirit,DJ Willey,MJ Henry,LA Dawson,0,0,,,,,,,,,
1417799,2024,2024-08-01,"Lord's, London",1,17.1,Welsh Fire,London Spirit,DJ Willey,MJ Henry,NT Ellis,0,0,,,,,,,,,
1417799,2024,2024-08-01,"Lord's, London",1,17.2,Welsh Fire,London Spirit,DJ Willey,MJ Henry,NT Ellis,1,0,,,,,,,,,
1417799,2024,2024-08-01,"Lord's, London",1,17.3,Welsh Fire,London Spirit,MJ Henry,DJ Willey,NT Ellis,0,0,,,,,,,,,
1417799,2024,2024-08-01,"Lord's, London",1,17.4,Welsh Fire,London Spirit,MJ Henry,DJ Willey,NT Ellis,1,0,,,,,,,,,
1417799,2024,2024-08-01,"Lord's, London",1,17.5,Welsh Fire,London Spirit,DJ Willey,MJ Henry,NT Ellis,4,0,,,,,,,,,
1417799,2024,2024-08-01,"Lord's, London",1,18.1,Welsh Fire,London Spirit,MJ Henry,DJ Willey,OP Stone,1,0,,,,,,,,,
1417799,2024,2024-08-01,"Lord's, London",1,18.2,Welsh Fire,London Spirit,DJ Willey,MJ Henry,OP Stone,0,0,,,,,,,,,
1417799,2024,2024-08-01,"Lord's, London",1,18.3,Welsh Fire,London Spirit,DJ Willey,MJ Henry,OP Stone,1,0,,,,,,,,,
1417799,2024,2024-08-01,"Lord's, London",1,18.4,Welsh Fire,London Spirit,MJ Henry,DJ Willey,OP Stone,0,0,,,,,,,,,
1417799,2024,2024-08-01,"Lord's, London",1,18.5,Welsh Fire,London Spirit,MJ Henry,DJ Willey,OP Stone,0,0,,,,,,,,,
1417799,2024,2024-08-01,"Lord's, London",1,19.1,Welsh Fire,London Spirit,MJ Henry,DJ Willey,NT Ellis,0,0,,,,,,caught,MJ Henry,,
1417799,2024,2024-08-01,"Lord's, London",1,19.2,Welsh Fire,London Spirit,MS Crane,DJ Willey,NT Ellis,4,0,,,,,,,,,
1417799,2024,2024-08-01,"Lord's, London",1,19.3,Welsh Fire,London Spirit,MS Crane,DJ Willey,NT Ellis,0,1,,,1,,,,,,
1417799,2024,2024-08-01,"Lord's, London",1,19.4,Welsh Fire,London Spirit,DJ Willey,MS Crane,NT Ellis,0,0,,,,,,caught,DJ Willey,,
1417799,2024,2024-08-01,"Lord's, London",1,19.5,Welsh Fire,London Spirit,Haris Rauf,MS Crane,NT Ellis,0,1,,,1,,,,,,
1417799,2024,2024-08-01,"Lord's, London",2,0.1,London Spirit,Welsh Fire,MS Pepper,AM Rossington,DJ Willey,0,0,,,,,,,,,
1417799,2024,2024-08-01,"Lord's, London",2,0.2,London Spirit,Welsh Fire,MS Pepper,AM Rossington,DJ Willey,0,0,,,,,,,,,
1417799,2024,2024-08-01,"Lord's, London",2,0.3,London Spirit,Welsh Fire,MS Pepper,AM Rossington,DJ Willey,2,0,,,,,,,,,
1417799,2024,2024-08-01,"Lord's, London",2,0.4,London Spirit,Welsh Fire,MS Pepper,AM Rossington,DJ Willey,0,0,,,,,,,,,
1417799,2024,2024-08-01,"Lord's, London",2,0.5,London Spirit,Welsh Fire,MS Pepper,AM Rossington,DJ Willey,0,0,,,,,,,,,
1417799,2024,2024-08-01,"Lord's, London",2,1.1,London Spirit,Welsh Fire,MS Pepper,AM Rossington,MJ Henry,1,0,,,,,,,,,
1417799,2024,2024-08-01,"Lord's, London",2,1.2,London Spirit,Welsh Fire,AM Rossington,MS Pepper,MJ Henry,1,0,,,,,,,,,
1417799,2024,2024-08-01,"Lord's, London",2,1.3,London Spirit,Welsh Fire,MS Pepper,AM Rossington,MJ Henry,0,0,,,,,,caught,MS Pepper,,
1417799,2024,2024-08-01,"Lord's, London",2,1.4,London Spirit,Welsh Fire,OJ Pope,AM Rossington,MJ Henry,0,0,,,,,,,,,
1417799,2024,2024-08-01,"Lord's, London",2,1.5,London Spirit,Welsh Fire,OJ Pope,AM Rossington,MJ Henry,1,0,,,,,,,,,
1417799,2024,2024-08-01,"Lord's, London",2,2.1,London Spirit,Welsh Fire,OJ Pope,AM Rossington,DJ Willey,4,0,,,,,,,,,
1417799,2024,2024-08-01,"Lord's, London",2,2.2,London Spirit,Welsh Fire,OJ Pope,AM Rossington,DJ Willey,0,0,,,,,,,,,
1417799,2024,2024-08-01,"Lord's, London",2,2.3,London Spirit,Welsh Fire,OJ Pope,AM Rossington,DJ Willey,0,0,,,,,,,,,
1417799,2024,2024-08-01,"Lord's, London",2,2.4,London Spirit,Welsh Fire,OJ Pope,AM Rossington,DJ Willey,1,0,,,,,,,,,
1417799,2024,2024-08-01,"Lord's, London",2,2.5,London Spirit,Welsh Fire,AM Rossington,OJ Pope,DJ Willey,1,0,,,,,,,,,
1417799,2024,2024-08-01,"Lord's, London",2,3.1,London Spirit,Welsh Fire,OJ Pope,AM Rossington,MJ Henry,6,0,,,,,,,,,
1417799,2024,2024-08-01,"Lord's, London",2,3.2,London Spirit,Welsh Fire,OJ Pope,AM Rossington,MJ Henry,0,0,,,,,,,,,
1417799,2024,2024-08-01,"Lord's, London",2,3.3,London Spirit,Welsh Fire,OJ Pope,AM Rossington,MJ Henry,0,0,,,,,,caught,OJ Pope,,
1417799,2024,2024-08-01,"Lord's, London",2,3.4,London Spirit,Welsh Fire,DW Lawrence,AM Rossington,MJ Henry,0,0,,,,,,,,,
1417799,2024,2024-08-01,"Lord's, London",2,3.5,London Spirit,Welsh Fire,DW Lawrence,AM Rossington,MJ Henry,0,0,,,,,,,,,
1417799,2024,2024-08-01,"Lord's, London",2,4.1,London Spirit,Welsh Fire,AM Rossington,DW Lawrence,DJ Willey,0,0,,,,,,,,,
1417799,2024,2024-08-01,"Lord's, London",2,4.2,London Spirit,Welsh Fire,AM Rossington,DW Lawrence,DJ Willey,0,0,,,,,,,,,
1417799,2024,2024-08-01,"Lord's, London",2,4.3,London Spirit,Welsh Fire,AM Rossington,DW Lawrence,DJ Willey,0,0,,,,,,,,,
1417799,2024,2024-08-01,"Lord's, London",2,4.4,London Spirit,Welsh Fire,AM Rossington,DW Lawrence,DJ Willey,0,0,,,,,,,,,
1417799,2024,2024-08-01,"Lord's, London",2,4.5,London Spirit,Welsh Fire,AM Rossington,DW Lawrence,DJ Willey,1,0,,,,,,,,,
1417799,2024,2024-08-01,"Lord's, London",2,5.1,London Spirit,Welsh Fire,DW Lawrence,AM Rossington,MJ Henry,1,0,,,,,,,,,
1417799,2024,2024-08-01,"Lord's, London",2,5.2,London Spirit,Welsh Fire,AM Rossington,DW Lawrence,MJ Henry,6,0,,,,,,,,,
1417799,2024,2024-08-01,"Lord's, London",2,5.3,London Spirit,Welsh Fire,AM Rossington,DW Lawrence,MJ Henry,0,0,,,,,,caught,AM Rossington,,
1417799,2024,2024-08-01,"Lord's, London",2,5.4,London Spirit,Welsh Fire,RS Bopara,DW Lawrence,MJ Henry,0,0,,,,,,,,,
1417799,2024,2024-08-01,"Lord's, London",2,5.5,London Spirit,Welsh Fire,RS Bopara,DW Lawrence,MJ Henry,0,0,,,,,,,,,
1417799,2024,2024-08-01,"Lord's, London",2,6.1,London Spirit,Welsh Fire,DW Lawrence,RS Bopara,DJ Willey,0,0,,,,,,,,,
1417799,2024,2024-08-01,"Lord's, London",2,6.2,London Spirit,Welsh Fire,DW Lawrence,RS Bopara,DJ Willey,0,1,1,,,,,,,,
1417799,2024,2024-08-01,"Lord's, London",2,6.3,London Spirit,Welsh Fire,DW Lawrence,RS Bopara,DJ Willey,2,0,,,,,,,,,
1417799,2024,2024-08-01,"Lord's, London",2,6.4,London Spirit,Welsh Fire,DW Lawrence,RS Bopara,DJ Willey,0,0,,,,,,,,,
1417799,2024,2024-08-01,"Lord's, London",2,6.5,London Spirit,Welsh Fire,DW Lawrence,RS Bopara,DJ Willey,4,0,,,,,,,,,
1417799,2024,2024-08-01,"Lord's, London",2,6.6,London Spirit,Welsh Fire,DW Lawrence,RS Bopara,DJ Willey,0,0,,,,,,,,,
1417799,2024,2024-08-01,"Lord's, London",2,7.1,London Spirit,Welsh Fire,DW Lawrence,RS Bopara,MJ Henry,1,0,,,,,,,,,
1417799,2024,2024-08-01,"Lord's, London",2,7.2,London Spirit,Welsh Fire,RS Bopara,DW Lawrence,MJ Henry,1,0,,,,,,,,,
1417799,2024,2024-08-01,"Lord's, London",2,7.3,London Spirit,Welsh Fire,DW Lawrence,RS Bopara,MJ Henry,1,0,,,,,,,,,
1417799,2024,2024-08-01,"Lord's, London",2,7.4,London Spirit,Welsh Fire,RS Bopara,DW Lawrence,MJ Henry,0,1,,,,1,,,,,
1417799,2024,2024-08-01,"Lord's, London",2,7.5,London Spirit,Welsh Fire,DW Lawrence,RS Bopara,MJ Henry,0,0,,,,,,,,,
1417799,2024,2024-08-01,"Lord's, London",2,8.1,London Spirit,Welsh Fire,RS Bopara,DW Lawrence,Haris Rauf,1,0,,,,,,,,,
1417799,2024,2024-08-01,"Lord's, London",2,8.2,London Spirit,Welsh Fire,DW Lawrence,RS Bopara,Haris Rauf,1,0,,,,,,,,,
1417799,2024,2024-08-01,"Lord's, London",2,8.3,London Spirit,Welsh Fire,RS Bopara,DW Lawrence,Haris Rauf,0,0,,,,,,,,,
1417799,2024,2024-08-01,"Lord's, London",2,8.4,London Spirit,Welsh Fire,RS Bopara,DW Lawrence,Haris Rauf,0,0,,,,,,caught,RS Bopara,,
1417799,2024,2024-08-01,"Lord's, London",2,8.5,London Spirit,Welsh Fire,SO Hetmyer,DW Lawrence,Haris Rauf,0,1,,,,1,,,,,
1417799,2024,2024-08-01,"Lord's, London",2,9.1,London Spirit,Welsh Fire,DW Lawrence,SO Hetmyer,DA Payne,0,0,,,,,,,,,
1417799,2024,2024-08-01,"Lord's, London",2,9.2,London Spirit,Welsh Fire,DW Lawrence,SO Hetmyer,DA Payne,1,0,,,,,,,,,
1417799,2024,2024-08-01,"Lord's, London",2,9.3,London Spirit,Welsh Fire,SO Hetmyer,DW Lawrence,DA Payne,0,0,,,,,,,,,
1417799,2024,2024-08-01,"Lord's, London",2,9.4,London Spirit,Welsh Fire,SO Hetmyer,DW Lawrence,DA Payne,2,0,,,,,,,,,
1417799,2024,2024-08-01,"Lord's, London",2,9.5,London Spirit,Welsh Fire,SO Hetmyer,DW Lawrence,DA Payne,0,0,,,,,,,,,
1417799,2024,2024-08-01,"Lord's, London",2,10.1,London Spirit,Welsh Fire,DW Lawrence,SO Hetmyer,Haris Rauf,0,0,,,,,,,,,
1417799,2024,2024-08-01,"Lord's, London",2,10.2,London Spirit,Welsh Fire,DW Lawrence,SO Hetmyer,Haris Rauf,4,0,,,,,,,,,
1417799,2024,2024-08-01,"Lord's, London",2,10.3,London Spirit,Welsh Fire,DW Lawrence,SO Hetmyer,Haris Rauf,0,2,,2,,,,,,,
1417799,2024,2024-08-01,"Lord's, London",2,10.4,London Spirit,Welsh Fire,DW Lawrence,SO Hetmyer,Haris Rauf,1,0,,,,,,,,,
1417799,2024,2024-08-01,"Lord's, London",2,10.5,London Spirit,Welsh Fire,SO Hetmyer,DW Lawrence,Haris Rauf,1,0,,,,,,,,,
1417799,2024,2024-08-01,"Lord's, London",2,10.6,London Spirit,Welsh Fire,DW Lawrence,SO Hetmyer,Haris Rauf,0,0,,,,,,,,,
1417799,2024,2024-08-01,"Lord's, London",2,11.1,London Spirit,Welsh Fire,DW Lawrence,SO Hetmyer,GD Phillips,1,0,,,,,,,,,
1417799,2024,2024-08-01,"Lord's, London",2,11.2,London Spirit,Welsh Fire,SO Hetmyer,DW Lawrence,GD Phillips,1,0,,,,,,,,,
1417799,2024,2024-08-01,"Lord's, London",2,11.3,London Spirit,Welsh Fire,DW Lawrence,SO Hetmyer,GD Phillips,1,0,,,,,,,,,
1417799,2024,2024-08-01,"Lord's, London",2,11.4,London Spirit,Welsh Fire,SO Hetmyer,DW Lawrence,GD Phillips,0,0,,,,,,,,,
1417799,2024,2024-08-01,"Lord's, London",2,11.5,London Spirit,Welsh Fire,SO Hetmyer,DW Lawrence,GD Phillips,1,0,,,,,,,,,
1417799,2024,2024-08-01,"Lord's, London",2,12.1,London Spirit,Welsh Fire,SO Hetmyer,DW Lawrence,MS Crane,1,0,,,,,,,,,
1417799,2024,2024-08-01,"Lord's, London",2,12.2,London Spirit,Welsh Fire,DW Lawrence,SO Hetmyer,MS Crane,1,0,,,,,,,,,
1417799,2024,2024-08-01,"Lord's, London",2,12.3,London Spirit,Welsh Fire,SO Hetmyer,DW Lawrence,MS Crane,1,0,,,,,,,,,
1417799,2024,2024-08-01,"Lord's, London",2,12.4,London Spirit,Welsh Fire,DW Lawrence,SO Hetmyer,MS Crane,1,0,,,,,,,,,
1417799,2024,2024-08-01,"Lord's, London",2,12.5,London Spirit,Welsh Fire,SO Hetmyer,DW Lawrence,MS Crane,0,0,,,,,,,,,
1417799,2024,2024-08-01,"Lord's, London",2,13.1,London Spirit,Welsh Fire,SO Hetmyer,DW Lawrence,MS Crane,0,0,,,,,,,,,
1417799,2024,2024-08-01,"Lord's, London",2,13.2,London Spirit,Welsh Fire,SO Hetmyer,DW Lawrence,MS Crane,4,0,,,,,,,,,
1417799,2024,2024-08-01,"Lord's, London",2,13.3,London Spirit,Welsh Fire,SO Hetmyer,DW Lawrence,MS Crane,1,0,,,,,,,,,
1417799,2024,2024-08-01,"Lord's, London",2,13.4,London Spirit,Welsh Fire,DW Lawrence,SO Hetmyer,MS Crane,2,0,,,,,,,,,
1417799,2024,2024-08-01,"Lord's, London",2,13.5,London Spirit,Welsh Fire,DW Lawrence,SO Hetmyer,MS Crane,6,0,,,,,,,,,
1417799,2024,2024-08-01,"Lord's, London",2,14.1,London Spirit,Welsh Fire,SO Hetmyer,DW Lawrence,DA Payne,4,0,,,,,,,,,
1417799,2024,2024-08-01,"Lord's, London",2,14.2,London Spirit,Welsh Fire,SO Hetmyer,DW Lawrence,DA Payne,1,0,,,,,,,,,
1417799,2024,2024-08-01,"Lord's, London",2,14.3,London Spirit,Welsh Fire,DW Lawrence,SO Hetmyer,DA Payne,1,0,,,,,,,,,
1417799,2024,2024-08-01,"Lord's, London",2,14.4,London Spirit,Welsh Fire,SO Hetmyer,DW Lawrence,DA Payne,6,0,,,,,,,,,
1417799,2024,2024-08-01,"Lord's, London",2,14.5,London Spirit,Welsh Fire,SO Hetmyer,DW Lawrence,DA Payne,1,0,,,,,,,,,
1417799,2024,2024-08-01,"Lord's, London",2,15.1,London Spirit,Welsh Fire,DW Lawrence,SO Hetmyer,Haris Rauf,0,0,,,,,,caught,DW Lawrence,,
1417799,2024,2024-08-01,"Lord's, London",2,15.2,London Spirit,Welsh Fire,AD Russell,SO Hetmyer,Haris Rauf,0,0,,,,,,bowled,AD Russell,,
1417799,2024,2024-08-01,"Lord's, London",2,15.3,London Spirit,Welsh Fire,LA Dawson,SO Hetmyer,Haris Rauf,0,0,,,,,,,,,
1417799,2024,2024-08-01,"Lord's, London",2,15.4,London Spirit,Welsh Fire,LA Dawson,SO Hetmyer,Haris Rauf,4,0,,,,,,,,,
1417799,2024,2024-08-01,"Lord's, London",2,15.5,London Spirit,Welsh Fire,LA Dawson,SO Hetmyer,Haris Rauf,0,0,,,,,,,,,
1417799,2024,2024-08-01,"Lord's, London",2,16.1,London Spirit,Welsh Fire,SO Hetmyer,LA Dawson,MS Crane,0,1,,,1,,,,,,
1417799,2024,2024-08-01,"Lord's, London",2,16.2,London Spirit,Welsh Fire,LA Dawson,SO Hetmyer,MS Crane,0,0,,,,,,,,,
1417799,2024,2024-08-01,"Lord's, London",2,16.3,London Spirit,Welsh Fire,LA Dawson,SO Hetmyer,MS Crane,0,0,,,,,,caught,LA Dawson,,
1417799,2024,2024-08-01,"Lord's, London",2,16.4,London Spirit,Welsh Fire,OP Stone,SO Hetmyer,MS Crane,0,0,,,,,,,,,
1417799,2024,2024-08-01,"Lord's, London",2,16.5,London Spirit,Welsh Fire,OP Stone,SO Hetmyer,MS Crane,1,0,,,,,,,,,
1417799,2024,2024-08-01,"Lord's, London",2,17.1,London Spirit,Welsh Fire,SO Hetmyer,OP Stone,Haris Rauf,0,0,,,,,,,,,
1417799,2024,2024-08-01,"Lord's, London",2,17.2,London Spirit,Welsh Fire,SO Hetmyer,OP Stone,Haris Rauf,6,0,,,,,,,,,
