match_id,season,start_date,venue,innings,ball,batting_team,bowling_team,striker,non_striker,bowler,runs_off_bat,extras,wides,noballs,byes,legbyes,penalty,wicket_type,player_dismissed,other_wicket_type,other_player_dismissed
1417798,2024,2024-07-31,"Trent Bridge, Nottingham",1,0.1,Birmingham Phoenix,Trent Rockets,AHT Donald,BM Duckett,L Wood,1,0,,,,,,,,,
1417798,2024,2024-07-31,"Trent Bridge, Nottingham",1,0.2,Birmingham Phoenix,Trent Rockets,BM Duckett,AHT Donald,L Wood,0,0,,,,,,,,,
1417798,2024,2024-07-31,"Trent Bridge, Nottingham",1,0.3,Birmingham Phoenix,Trent Rockets,BM Duckett,AHT Donald,L Wood,0,0,,,,,,,,,
1417798,2024,2024-07-31,"Trent Bridge, Nottingham",1,0.4,Birmingham Phoenix,Trent Rockets,BM Duckett,AHT Donald,L Wood,0,0,,,,,,,,,
1417798,2024,2024-07-31,"Trent Bridge, Nottingham",1,0.5,Birmingham Phoenix,Trent Rockets,BM Duckett,AHT Donald,L Wood,1,0,,,,,,,,,
1417798,2024,2024-07-31,"Trent Bridge, Nottingham",1,1.1,Birmingham Phoenix,Trent Rockets,AHT Donald,BM Duckett,Imad Wasim,6,0,,,,,,,,,
1417798,2024,2024-07-31,"Trent Bridge, Nottingham",1,1.2,Birmingham Phoenix,Trent Rockets,AHT Donald,BM Duckett,Imad Wasim,0,0,,,,,,caught,AHT Donald,,
1417798,2024,2024-07-31,"Trent Bridge, Nottingham",1,1.3,Birmingham Phoenix,Trent Rockets,LS Livingstone,BM Duckett,Imad Wasim,0,0,,,,,,,,,
1417798,2024,2024-07-31,"Trent Bridge, Nottingham",1,1.4,Birmingham Phoenix,Trent Rockets,LS Livingstone,BM Duckett,Imad Wasim,0,0,,,,,,,,,
1417798,2024,2024-07-31,"Trent Bridge, Nottingham",1,1.5,Birmingham Phoenix,Trent Rockets,LS Livingstone,BM Duckett,Imad Wasim,1,0,,,,,,,,,
1417798,2024,2024-07-31,"Trent Bridge, Nottingham",1,2.1,Birmingham Phoenix,Trent Rockets,LS Livingstone,BM Duckett,L Wood,1,0,,,,,,,,,
1417798,2024,2024-07-31,"Trent Bridge, Nottingham",1,2.2,Birmingham Phoenix,Trent Rockets,BM Duckett,LS Livingstone,L Wood,0,0,,,,,,,,,
1417798,2024,2024-07-31,"Trent Bridge, Nottingham",1,2.3,Birmingham Phoenix,Trent Rockets,BM Duckett,LS Livingstone,L Wood,6,0,,,,,,,,,
1417798,2024,2024-07-31,"Trent Bridge, Nottingham",1,2.4,Birmingham Phoenix,Trent Rockets,BM Duckett,LS Livingstone,L Wood,0,0,,,,,,,,,
1417798,2024,2024-07-31,"Trent Bridge, Nottingham",1,2.5,Birmingham Phoenix,Trent Rockets,BM Duckett,LS Livingstone,L Wood,1,0,,,,,,,,,
1417798,2024,2024-07-31,"Trent Bridge, Nottingham",1,3.1,Birmingham Phoenix,Trent Rockets,LS Livingstone,BM Duckett,SJ Cook,6,0,,,,,,,,,
1417798,2024,2024-07-31,"Trent Bridge, Nottingham",1,3.2,Birmingham Phoenix,Trent Rockets,LS Livingstone,BM Duckett,SJ Cook,4,0,,,,,,,,,
1417798,2024,2024-07-31,"Trent Bridge, Nottingham",1,3.3,Birmingham Phoenix,Trent Rockets,LS Livingstone,BM Duckett,SJ Cook,1,0,,,,,,,,,
1417798,2024,2024-07-31,"Trent Bridge, Nottingham",1,3.4,Birmingham Phoenix,Trent Rockets,BM Duckett,LS Livingstone,SJ Cook,4,0,,,,,,,,,
1417798,2024,2024-07-31,"Trent Bridge, Nottingham",1,3.5,Birmingham Phoenix,Trent Rockets,BM Duckett,LS Livingstone,SJ Cook,1,0,,,,,,,,,
1417798,2024,2024-07-31,"Trent Bridge, Nottingham",1,4.1,Birmingham Phoenix,Trent Rockets,BM Duckett,LS Livingstone,Imad Wasim,4,0,,,,,,,,,
1417798,2024,2024-07-31,"Trent Bridge, Nottingham",1,4.2,Birmingham Phoenix,Trent Rockets,BM Duckett,LS Livingstone,Imad Wasim,1,0,,,,,,,,,
1417798,2024,2024-07-31,"Trent Bridge, Nottingham",1,4.3,Birmingham Phoenix,Trent Rockets,LS Livingstone,BM Duckett,Imad Wasim,0,0,,,,,,,,,
1417798,2024,2024-07-31,"Trent Bridge, Nottingham",1,4.4,Birmingham Phoenix,Trent Rockets,LS Livingstone,BM Duckett,Imad Wasim,1,0,,,,,,,,,
1417798,2024,2024-07-31,"Trent Bridge, Nottingham",1,4.5,Birmingham Phoenix,Trent Rockets,BM Duckett,LS Livingstone,Imad Wasim,0,0,,,,,,,,,
1417798,2024,2024-07-31,"Trent Bridge, Nottingham",1,5.1,Birmingham Phoenix,Trent Rockets,BM Duckett,LS Livingstone,Rashid Khan,1,0,,,,,,,,,
1417798,2024,2024-07-31,"Trent Bridge, Nottingham",1,5.2,Birmingham Phoenix,Trent Rockets,LS Livingstone,BM Duckett,Rashid Khan,6,0,,,,,,,,,
1417798,2024,2024-07-31,"Trent Bridge, Nottingham",1,5.3,Birmingham Phoenix,Trent Rockets,LS Livingstone,BM Duckett,Rashid Khan,1,0,,,,,,,,,
1417798,2024,2024-07-31,"Trent Bridge, Nottingham",1,5.4,Birmingham Phoenix,Trent Rockets,BM Duckett,LS Livingstone,Rashid Khan,1,0,,,,,,,,,
1417798,2024,2024-07-31,"Trent Bridge, Nottingham",1,5.5,Birmingham Phoenix,Trent Rockets,LS Livingstone,BM Duckett,Rashid Khan,0,1,,,,1,,,,,
1417798,2024,2024-07-31,"Trent Bridge, Nottingham",1,6.1,Birmingham Phoenix,Trent Rockets,LS Livingstone,BM Duckett,JA Thompson,0,0,,,,,,,,,
1417798,2024,2024-07-31,"Trent Bridge, Nottingham",1,6.2,Birmingham Phoenix,Trent Rockets,LS Livingstone,BM Duckett,JA Thompson,1,0,,,,,,,,,
1417798,2024,2024-07-31,"Trent Bridge, Nottingham",1,6.3,Birmingham Phoenix,Trent Rockets,BM Duckett,LS Livingstone,JA Thompson,1,0,,,,,,,,,
1417798,2024,2024-07-31,"Trent Bridge, Nottingham",1,6.4,Birmingham Phoenix,Trent Rockets,LS Livingstone,BM Duckett,JA Thompson,0,0,,,,,,,,,
1417798,2024,2024-07-31,"Trent Bridge, Nottingham",1,6.5,Birmingham Phoenix,Trent Rockets,LS Livingstone,BM Duckett,JA Thompson,4,0,,,,,,,,,
1417798,2024,2024-07-31,"Trent Bridge, Nottingham",1,7.1,Birmingham Phoenix,Trent Rockets,LS Livingstone,BM Duckett,Rashid Khan,1,0,,,,,,,,,
1417798,2024,2024-07-31,"Trent Bridge, Nottingham",1,7.2,Birmingham Phoenix,Trent Rockets,BM Duckett,LS Livingstone,Rashid Khan,0,0,,,,,,lbw,BM Duckett,,
1417798,2024,2024-07-31,"Trent Bridge, Nottingham",1,7.3,Birmingham Phoenix,Trent Rockets,MM Ali,LS Livingstone,Rashid Khan,0,0,,,,,,,,,
1417798,2024,2024-07-31,"Trent Bridge, Nottingham",1,7.4,Birmingham Phoenix,Trent Rockets,MM Ali,LS Livingstone,Rashid Khan,0,1,1,,,,,,,,
1417798,2024,2024-07-31,"Trent Bridge, Nottingham",1,7.5,Birmingham Phoenix,Trent Rockets,MM Ali,LS Livingstone,Rashid Khan,1,0,,,,,,,,,
1417798,2024,2024-07-31,"Trent Bridge, Nottingham",1,7.6,Birmingham Phoenix,Trent Rockets,LS Livingstone,MM Ali,Rashid Khan,1,0,,,,,,,,,
1417798,2024,2024-07-31,"Trent Bridge, Nottingham",1,8.1,Birmingham Phoenix,Trent Rockets,LS Livingstone,MM Ali,L Gregory,2,0,,,,,,,,,
1417798,2024,2024-07-31,"Trent Bridge, Nottingham",1,8.2,Birmingham Phoenix,Trent Rockets,LS Livingstone,MM Ali,L Gregory,0,0,,,,,,caught,LS Livingstone,,
1417798,2024,2024-07-31,"Trent Bridge, Nottingham",1,8.3,Birmingham Phoenix,Trent Rockets,DR Mousley,MM Ali,L Gregory,1,0,,,,,,,,,
1417798,2024,2024-07-31,"Trent Bridge, Nottingham",1,8.4,Birmingham Phoenix,Trent Rockets,MM Ali,DR Mousley,L Gregory,1,0,,,,,,,,,
1417798,2024,2024-07-31,"Trent Bridge, Nottingham",1,8.5,Birmingham Phoenix,Trent Rockets,DR Mousley,MM Ali,L Gregory,1,0,,,,,,,,,
1417798,2024,2024-07-31,"Trent Bridge, Nottingham",1,9.1,Birmingham Phoenix,Trent Rockets,MM Ali,DR Mousley,JE Root,2,0,,,,,,,,,
1417798,2024,2024-07-31,"Trent Bridge, Nottingham",1,9.2,Birmingham Phoenix,Trent Rockets,MM Ali,DR Mousley,JE Root,0,0,,,,,,,,,
1417798,2024,2024-07-31,"Trent Bridge, Nottingham",1,9.3,Birmingham Phoenix,Trent Rockets,MM Ali,DR Mousley,JE Root,0,0,,,,,,caught,MM Ali,,
1417798,2024,2024-07-31,"Trent Bridge, Nottingham",1,9.4,Birmingham Phoenix,Trent Rockets,JG Bethell,DR Mousley,JE Root,1,0,,,,,,,,,
1417798,2024,2024-07-31,"Trent Bridge, Nottingham",1,9.5,Birmingham Phoenix,Trent Rockets,DR Mousley,JG Bethell,JE Root,1,0,,,,,,,,,
1417798,2024,2024-07-31,"Trent Bridge, Nottingham",1,10.1,Birmingham Phoenix,Trent Rockets,DR Mousley,JG Bethell,JA Thompson,1,0,,,,,,,,,
1417798,2024,2024-07-31,"Trent Bridge, Nottingham",1,10.2,Birmingham Phoenix,Trent Rockets,JG Bethell,DR Mousley,JA Thompson,1,0,,,,,,,,,
1417798,2024,2024-07-31,"Trent Bridge, Nottingham",1,10.3,Birmingham Phoenix,Trent Rockets,DR Mousley,JG Bethell,JA Thompson,1,0,,,,,,,,,
1417798,2024,2024-07-31,"Trent Bridge, Nottingham",1,10.4,Birmingham Phoenix,Trent Rockets,JG Bethell,DR Mousley,JA Thompson,0,0,,,,,,,,,
1417798,2024,2024-07-31,"Trent Bridge, Nottingham",1,10.5,Birmingham Phoenix,Trent Rockets,JG Bethell,DR Mousley,JA Thompson,1,0,,,,,,,,,
1417798,2024,2024-07-31,"Trent Bridge, Nottingham",1,11.1,Birmingham Phoenix,Trent Rockets,DR Mousley,JG Bethell,L Wood,0,0,,,,,,,,,
1417798,2024,2024-07-31,"Trent Bridge, Nottingham",1,11.2,Birmingham Phoenix,Trent Rockets,DR Mousley,JG Bethell,L Wood,0,0,,,,,,,,,
1417798,2024,2024-07-31,"Trent Bridge, Nottingham",1,11.3,Birmingham Phoenix,Trent Rockets,DR Mousley,JG Bethell,L Wood,1,0,,,,,,,,,
1417798,2024,2024-07-31,"Trent Bridge, Nottingham",1,11.4,Birmingham Phoenix,Trent Rockets,JG Bethell,DR Mousley,L Wood,2,0,,,,,,,,,
1417798,2024,2024-07-31,"Trent Bridge, Nottingham",1,11.5,Birmingham Phoenix,Trent Rockets,JG Bethell,DR Mousley,L Wood,1,0,,,,,,,,,
1417798,2024,2024-07-31,"Trent Bridge, Nottingham",1,12.1,Birmingham Phoenix,Trent Rockets,JG Bethell,DR Mousley,JE Root,1,0,,,,,,,,,
1417798,2024,2024-07-31,"Trent Bridge, Nottingham",1,12.2,Birmingham Phoenix,Trent Rockets,DR Mousley,JG Bethell,JE Root,4,0,,,,,,,,,
1417798,2024,2024-07-31,"Trent Bridge, Nottingham",1,12.3,Birmingham Phoenix,Trent Rockets,DR Mousley,JG Bethell,JE Root,1,0,,,,,,,,,
1417798,2024,2024-07-31,"Trent Bridge, Nottingham",1,12.4,Birmingham Phoenix,Trent Rockets,JG Bethell,DR Mousley,JE Root,1,0,,,,,,,,,
1417798,2024,2024-07-31,"Trent Bridge, Nottingham",1,12.5,Birmingham Phoenix,Trent Rockets,DR Mousley,JG Bethell,JE Root,0,0,,,,,,,,,
1417798,2024,2024-07-31,"Trent Bridge, Nottingham",1,13.1,Birmingham Phoenix,Trent Rockets,DR Mousley,JG Bethell,Rashid Khan,0,0,,,,,,caught,DR Mousley,,
1417798,2024,2024-07-31,"Trent Bridge, Nottingham",1,13.2,Birmingham Phoenix,Trent Rockets,BAC Howell,JG Bethell,Rashid Khan,1,0,,,,,,,,,
1417798,2024,2024-07-31,"Trent Bridge, Nottingham",1,13.3,Birmingham Phoenix,Trent Rockets,JG Bethell,BAC Howell,Rashid Khan,0,0,,,,,,,,,
1417798,2024,2024-07-31,"Trent Bridge, Nottingham",1,13.4,Birmingham Phoenix,Trent Rockets,JG Bethell,BAC Howell,Rashid Khan,1,0,,,,,,,,,
1417798,2024,2024-07-31,"Trent Bridge, Nottingham",1,13.5,Birmingham Phoenix,Trent Rockets,BAC Howell,JG Bethell,Rashid Khan,2,0,,,,,,,,,
1417798,2024,2024-07-31,"Trent Bridge, Nottingham",1,14.1,Birmingham Phoenix,Trent Rockets,JG Bethell,BAC Howell,SJ Cook,4,0,,,,,,,,,
1417798,2024,2024-07-31,"Trent Bridge, Nottingham",1,14.2,Birmingham Phoenix,Trent Rockets,JG Bethell,BAC Howell,SJ Cook,1,0,,,,,,,,,
1417798,2024,2024-07-31,"Trent Bridge, Nottingham",1,14.3,Birmingham Phoenix,Trent Rockets,BAC Howell,JG Bethell,SJ Cook,1,0,,,,,,,,,
1417798,2024,2024-07-31,"Trent Bridge, Nottingham",1,14.4,Birmingham Phoenix,Trent Rockets,JG Bethell,BAC Howell,SJ Cook,1,0,,,,,,,,,
1417798,2024,2024-07-31,"Trent Bridge, Nottingham",1,14.5,Birmingham Phoenix,Trent Rockets,BAC Howell,JG Bethell,SJ Cook,0,0,,,,,,bowled,BAC Howell,,
1417798,2024,2024-07-31,"Trent Bridge, Nottingham",1,15.1,Birmingham Phoenix,Trent Rockets,LPJ Kimber,JG Bethell,Rashid Khan,1,0,,,,,,,,,
1417798,2024,2024-07-31,"Trent Bridge, Nottingham",1,15.2,Birmingham Phoenix,Trent Rockets,JG Bethell,LPJ Kimber,Rashid Khan,1,0,,,,,,,,,
1417798,2024,2024-07-31,"Trent Bridge, Nottingham",1,15.3,Birmingham Phoenix,Trent Rockets,LPJ Kimber,JG Bethell,Rashid Khan,4,0,,,,,,,,,
1417798,2024,2024-07-31,"Trent Bridge, Nottingham",1,15.4,Birmingham Phoenix,Trent Rockets,LPJ Kimber,JG Bethell,Rashid Khan,0,0,,,,,,,,,
1417798,2024,2024-07-31,"Trent Bridge, Nottingham",1,15.5,Birmingham Phoenix,Trent Rockets,LPJ Kimber,JG Bethell,Rashid Khan,0,0,,,,,,,,,
1417798,2024,2024-07-31,"Trent Bridge, Nottingham",1,16.1,Birmingham Phoenix,Trent Rockets,JG Bethell,LPJ Kimber,Imad Wasim,2,0,,,,,,,,,
1417798,2024,2024-07-31,"Trent Bridge, Nottingham",1,16.2,Birmingham Phoenix,Trent Rockets,JG Bethell,LPJ Kimber,Imad Wasim,1,0,,,,,,,,,
1417798,2024,2024-07-31,"Trent Bridge, Nottingham",1,16.3,Birmingham Phoenix,Trent Rockets,LPJ Kimber,JG Bethell,Imad Wasim,1,0,,,,,,,,,
1417798,2024,2024-07-31,"Trent Bridge, Nottingham",1,16.4,Birmingham Phoenix,Trent Rockets,JG Bethell,LPJ Kimber,Imad Wasim,2,0,,,,,,,,,
1417798,2024,2024-07-31,"Trent Bridge, Nottingham",1,16.5,Birmingham Phoenix,Trent Rockets,JG Bethell,LPJ Kimber,Imad Wasim,0,0,,,,,,,,,
1417798,2024,2024-07-31,"Trent Bridge, Nottingham",1,17.1,Birmingham Phoenix,Trent Rockets,JG Bethell,LPJ Kimber,L Wood,0,0,,,,,,,,,
1417798,2024,2024-07-31,"Trent Bridge, Nottingham",1,17.2,Birmingham Phoenix,Trent Rockets,JG Bethell,LPJ Kimber,L Wood,1,0,,,,,,,,,
1417798,2024,2024-07-31,"Trent Bridge, Nottingham",1,17.3,Birmingham Phoenix,Trent Rockets,LPJ Kimber,JG Bethell,L Wood,1,0,,,,,,,,,
1417798,2024,2024-07-31,"Trent Bridge, Nottingham",1,17.4,Birmingham Phoenix,Trent Rockets,JG Bethell,LPJ Kimber,L Wood,6,0,,,,,,,,,
1417798,2024,2024-07-31,"Trent Bridge, Nottingham",1,17.5,Birmingham Phoenix,Trent Rockets,JG Bethell,LPJ Kimber,L Wood,1,0,,,,,,,,,
1417798,2024,2024-07-31,"Trent Bridge, Nottingham",1,18.1,Birmingham Phoenix,Trent Rockets,JG Bethell,LPJ Kimber,JA Thompson,2,0,,,,,,,,,
1417798,2024,2024-07-31,"Trent Bridge, Nottingham",1,18.2,Birmingham Phoenix,Trent Rockets,JG Bethell,LPJ Kimber,JA Thompson,0,0,,,,,,,,,
1417798,2024,2024-07-31,"Trent Bridge, Nottingham",1,18.3,Birmingham Phoenix,Trent Rockets,JG Bethell,LPJ Kimber,JA Thompson,6,0,,,,,,,,,
1417798,2024,2024-07-31,"Trent Bridge, Nottingham",1,18.4,Birmingham Phoenix,Trent Rockets,JG Bethell,LPJ Kimber,JA Thompson,4,0,,,,,,,,,
1417798,2024,2024-07-31,"Trent Bridge, Nottingham",1,18.5,Birmingham Phoenix,Trent Rockets,JG Bethell,LPJ Kimber,JA Thompson,1,0,,,,,,,,,
1417798,2024,2024-07-31,"Trent Bridge, Nottingham",1,19.1,Birmingham Phoenix,Trent Rockets,LPJ Kimber,JG Bethell,SJ Cook,0,0,,,,,,,,,
1417798,2024,2024-07-31,"Trent Bridge, Nottingham",1,19.2,Birmingham Phoenix,Trent Rockets,LPJ Kimber,JG Bethell,SJ Cook,1,0,,,,,,,,,
1417798,2024,2024-07-31,"Trent Bridge, Nottingham",1,19.3,Birmingham Phoenix,Trent Rockets,JG Bethell,LPJ Kimber,SJ Cook,4,0,,,,,,,,,
1417798,2024,2024-07-31,"Trent Bridge, Nottingham",1,19.4,Birmingham Phoenix,Trent Rockets,JG Bethell,LPJ Kimber,SJ Cook,0,1,,,,1,,,,,
1417798,2024,2024-07-31,"Trent Bridge, Nottingham",1,19.5,Birmingham Phoenix,Trent Rockets,LPJ Kimber,JG Bethell,SJ Cook,4,0,,,,,,,,,
1417798,2024,2024-07-31,"Trent Bridge, Nottingham",2,0.1,Trent Rockets,Birmingham Phoenix,T Banton,AD Hales,AF Milne,0,0,,,,,,,,,
1417798,2024,2024-07-31,"Trent Bridge, Nottingham",2,0.2,Trent Rockets,Birmingham Phoenix,T Banton,AD Hales,AF Milne,1,0,,,,,,,,,
1417798,2024,2024-07-31,"Trent Bridge, Nottingham",2,0.3,Trent Rockets,Birmingham Phoenix,AD Hales,T Banton,AF Milne,0,0,,,,,,,,,
1417798,2024,2024-07-31,"Trent Bridge, Nottingham",2,0.4,Trent Rockets,Birmingham Phoenix,AD Hales,T Banton,AF Milne,1,0,,,,,,,,,
1417798,2024,2024-07-31,"Trent Bridge, Nottingham",2,0.5,Trent Rockets,Birmingham Phoenix,T Banton,AD Hales,AF Milne,4,0,,,,,,,,,
1417798,2024,2024-07-31,"Trent Bridge, Nottingham",2,1.1,Trent Rockets,Birmingham Phoenix,T Banton,AD Hales,TG Southee,0,0,,,,,,,,,
1417798,2024,2024-07-31,"Trent Bridge, Nottingham",2,1.2,Trent Rockets,Birmingham Phoenix,T Banton,AD Hales,TG Southee,0,0,,,,,,,,,
1417798,2024,2024-07-31,"Trent Bridge, Nottingham",2,1.3,Trent Rockets,Birmingham Phoenix,T Banton,AD Hales,TG Southee,1,0,,,,,,,,,
1417798,2024,2024-07-31,"Trent Bridge, Nottingham",2,1.4,Trent Rockets,Birmingham Phoenix,AD Hales,T Banton,TG Southee,0,1,,,,1,,,,,
1417798,2024,2024-07-31,"Trent Bridge, Nottingham",2,1.5,Trent Rockets,Birmingham Phoenix,T Banton,AD Hales,TG Southee,1,0,,,,,,,,,
1417798,2024,2024-07-31,"Trent Bridge, Nottingham",2,2.1,Trent Rockets,Birmingham Phoenix,T Banton,AD Hales,AF Milne,0,1,,,,1,,,,,
1417798,2024,2024-07-31,"Trent Bridge, Nottingham",2,2.2,Trent Rockets,Birmingham Phoenix,AD Hales,T Banton,AF Milne,1,2,,2,,,,,,,
1417798,2024,2024-07-31,"Trent Bridge, Nottingham",2,2.3,Trent Rockets,Birmingham Phoenix,T Banton,AD Hales,AF Milne,0,0,,,,,,,,,
1417798,2024,2024-07-31,"Trent Bridge, Nottingham",2,2.4,Trent Rockets,Birmingham Phoenix,T Banton,AD Hales,AF Milne,0,0,,,,,,caught,T Banton,,
1417798,2024,2024-07-31,"Trent Bridge, Nottingham",2,2.5,Trent Rockets,Birmingham Phoenix,JE Root,AD Hales,AF Milne,0,0,,,,,,,,,
1417798,2024,2024-07-31,"Trent Bridge, Nottingham",2,2.6,Trent Rockets,Birmingham Phoenix,JE Root,AD Hales,AF Milne,0,0,,,,,,,,,
1417798,2024,2024-07-31,"Trent Bridge, Nottingham",2,3.1,Trent Rockets,Birmingham Phoenix,JE Root,AD Hales,TG Southee,1,0,,,,,,,,,
1417798,2024,2024-07-31,"Trent Bridge, Nottingham",2,3.2,Trent Rockets,Birmingham Phoenix,AD Hales,JE Root,TG Southee,4,0,,,,,,,,,
1417798,2024,2024-07-31,"Trent Bridge, Nottingham",2,3.3,Trent Rockets,Birmingham Phoenix,AD Hales,JE Root,TG Southee,0,0,,,,,,,,,
1417798,2024,2024-07-31,"Trent Bridge, Nottingham",2,3.4,Trent Rockets,Birmingham Phoenix,AD Hales,JE Root,TG Southee,0,0,,,,,,,,,
1417798,2024,2024-07-31,"Trent Bridge, Nottingham",2,3.5,Trent Rockets,Birmingham Phoenix,AD Hales,JE Root,TG Southee,2,0,,,,,,,,,
1417798,2024,2024-07-31,"Trent Bridge, Nottingham",2,4.1,Trent Rockets,Birmingham Phoenix,JE Root,AD Hales,SA Abbott,6,0,,,,,,,,,
1417798,2024,2024-07-31,"Trent Bridge, Nottingham",2,4.2,Trent Rockets,Birmingham Phoenix,JE Root,AD Hales,SA Abbott,4,2,,2,,,,,,,
1417798,2024,2024-07-31,"Trent Bridge, Nottingham",2,4.3,Trent Rockets,Birmingham Phoenix,JE Root,AD Hales,SA Abbott,6,0,,,,,,,,,
1417798,2024,2024-07-31,"Trent Bridge, Nottingham",2,4.4,Trent Rockets,Birmingham Phoenix,JE Root,AD Hales,SA Abbott,0,0,,,,,,,,,
1417798,2024,2024-07-31,"Trent Bridge, Nottingham",2,4.5,Trent Rockets,Birmingham Phoenix,JE Root,AD Hales,SA Abbott,0,0,,,,,,,,,
1417798,2024,2024-07-31,"Trent Bridge, Nottingham",2,4.6,Trent Rockets,Birmingham Phoenix,JE Root,AD Hales,SA Abbott,2,0,,,,,,,,,
1417798,2024,2024-07-31,"Trent Bridge, Nottingham",2,5.1,Trent Rockets,Birmingham Phoenix,JE Root,AD Hales,BAC Howell,1,0,,,,,,,,,
1417798,2024,2024-07-31,"Trent Bridge, Nottingham",2,5.2,Trent Rockets,Birmingham Phoenix,AD Hales,JE Root,BAC Howell,1,0,,,,,,,,,
1417798,2024,2024-07-31,"Trent Bridge, Nottingham",2,5.3,Trent Rockets,Birmingham Phoenix,JE Root,AD Hales,BAC Howell,1,0,,,,,,,,,
1417798,2024,2024-07-31,"Trent Bridge, Nottingham",2,5.4,Trent Rockets,Birmingham Phoenix,AD Hales,JE Root,BAC Howell,0,0,,,,,,,,,
1417798,2024,2024-07-31,"Trent Bridge, Nottingham",2,5.5,Trent Rockets,Birmingham Phoenix,AD Hales,JE Root,BAC Howell,0,0,,,,,,,,,
1417798,2024,2024-07-31,"Trent Bridge, Nottingham",2,6.1,Trent Rockets,Birmingham Phoenix,JE Root,AD Hales,LS Livingstone,1,0,,,,,,,,,
1417798,2024,2024-07-31,"Trent Bridge, Nottingham",2,6.2,Trent Rockets,Birmingham Phoenix,AD Hales,JE Root,LS Livingstone,1,0,,,,,,,,,
1417798,2024,2024-07-31,"Trent Bridge, Nottingham",2,6.3,Trent Rockets,Birmingham Phoenix,JE Root,AD Hales,LS Livingstone,1,0,,,,,,,,,
1417798,2024,2024-07-31,"Trent Bridge, Nottingham",2,6.4,Trent Rockets,Birmingham Phoenix,AD Hales,JE Root,LS Livingstone,6,0,,,,,,,,,
1417798,2024,2024-07-31,"Trent Bridge, Nottingham",2,6.5,Trent Rockets,Birmingham Phoenix,AD Hales,JE Root,LS Livingstone,4,0,,,,,,,,,
1417798,2024,2024-07-31,"Trent Bridge, Nottingham",2,7.1,Trent Rockets,Birmingham Phoenix,AD Hales,JE Root,SA Abbott,1,0,,,,,,,,,
1417798,2024,2024-07-31,"Trent Bridge, Nottingham",2,7.2,Trent Rockets,Birmingham Phoenix,JE Root,AD Hales,SA Abbott,1,0,,,,,,,,,
1417798,2024,2024-07-31,"Trent Bridge, Nottingham",2,7.3,Trent Rockets,Birmingham Phoenix,AD Hales,JE Root,SA Abbott,1,0,,,,,,,,,
1417798,2024,2024-07-31,"Trent Bridge, Nottingham",2,7.4,Trent Rockets,Birmingham Phoenix,JE Root,AD Hales,SA Abbott,6,0,,,,,,,,,
1417798,2024,2024-07-31,"Trent Bridge, Nottingham",2,7.5,Trent Rockets,Birmingham Phoenix,JE Root,AD Hales,SA Abbott,1,0,,,,,,,,,
1417798,2024,2024-07-31,"Trent Bridge, Nottingham",2,8.1,Trent Rockets,Birmingham Phoenix,JE Root,AD Hales,BAC Howell,1,0,,,,,,,,,
1417798,2024,2024-07-31,"Trent Bridge, Nottingham",2,8.2,Trent Rockets,Birmingham Phoenix,AD Hales,JE Root,BAC Howell,4,0,,,,,,,,,
1417798,2024,2024-07-31,"Trent Bridge, Nottingham",2,8.3,Trent Rockets,Birmingham Phoenix,AD Hales,JE Root,BAC Howell,0,0,,,,,,,,,
1417798,2024,2024-07-31,"Trent Bridge, Nottingham",2,8.4,Trent Rockets,Birmingham Phoenix,AD Hales,JE Root,BAC Howell,1,0,,,,,,,,,
1417798,2024,2024-07-31,"Trent Bridge, Nottingham",2,8.5,Trent Rockets,Birmingham Phoenix,JE Root,AD Hales,BAC Howell,1,0,,,,,,,,,
1417798,2024,2024-07-31,"Trent Bridge, Nottingham",2,9.1,Trent Rockets,Birmingham Phoenix,AD Hales,JE Root,BAC Howell,1,0,,,,,,,,,
1417798,2024,2024-07-31,"Trent Bridge, Nottingham",2,9.2,Trent Rockets,Birmingham Phoenix,JE Root,AD Hales,BAC Howell,0,0,,,,,,caught,JE Root,,
1417798,2024,2024-07-31,"Trent Bridge, Nottingham",2,9.3,Trent Rockets,Birmingham Phoenix,SR Hain,AD Hales,BAC Howell,1,0,,,,,,,,,
1417798,2024,2024-07-31,"Trent Bridge, Nottingham",2,9.4,Trent Rockets,Birmingham Phoenix,AD Hales,SR Hain,BAC Howell,2,0,,,,,,,,,
1417798,2024,2024-07-31,"Trent Bridge, Nottingham",2,9.5,Trent Rockets,Birmingham Phoenix,AD Hales,SR Hain,BAC Howell,1,0,,,,,,,,,
1417798,2024,2024-07-31,"Trent Bridge, Nottingham",2,10.1,Trent Rockets,Birmingham Phoenix,AD Hales,SR Hain,MM Ali,2,0,,,,,,,,,
1417798,2024,2024-07-31,"Trent Bridge, Nottingham",2,10.2,Trent Rockets,Birmingham Phoenix,AD Hales,SR Hain,MM Ali,0,0,,,,,,,,,
1417798,2024,2024-07-31,"Trent Bridge, Nottingham",2,10.3,Trent Rockets,Birmingham Phoenix,AD Hales,SR Hain,MM Ali,1,0,,,,,,,,,
1417798,2024,2024-07-31,"Trent Bridge, Nottingham",2,10.4,Trent Rockets,Birmingham Phoenix,SR Hain,AD Hales,MM Ali,2,0,,,,,,,,,
1417798,2024,2024-07-31,"Trent Bridge, Nottingham",2,10.5,Trent Rockets,Birmingham Phoenix,SR Hain,AD Hales,MM Ali,0,0,,,,,,,,,
1417798,2024,2024-07-31,"Trent Bridge, Nottingham",2,11.1,Trent Rockets,Birmingham Phoenix,SR Hain,AD Hales,DR Mousley,1,0,,,,,,,,,
1417798,2024,2024-07-31,"Trent Bridge, Nottingham",2,11.2,Trent Rockets,Birmingham Phoenix,AD Hales,SR Hain,DR Mousley,1,0,,,,,,,,,
1417798,2024,2024-07-31,"Trent Bridge, Nottingham",2,11.3,Trent Rockets,Birmingham Phoenix,SR Hain,AD Hales,DR Mousley,1,0,,,,,,,,,
1417798,2024,2024-07-31,"Trent Bridge, Nottingham",2,11.4,Trent Rockets,Birmingham Phoenix,AD Hales,SR Hain,DR Mousley,2,0,,,,,,,,,
1417798,2024,2024-07-31,"Trent Bridge, Nottingham",2,11.5,Trent Rockets,Birmingham Phoenix,AD Hales,SR Hain,DR Mousley,1,0,,,,,,,,,
1417798,2024,2024-07-31,"Trent Bridge, Nottingham",2,12.1,Trent Rockets,Birmingham Phoenix,AD Hales,SR Hain,AF Milne,0,0,,,,,,,,,
1417798,2024,2024-07-31,"Trent Bridge, Nottingham",2,12.2,Trent Rockets,Birmingham Phoenix,AD Hales,SR Hain,AF Milne,0,0,,,,,,bowled,AD Hales,,
1417798,2024,2024-07-31,"Trent Bridge, Nottingham",2,12.3,Trent Rockets,Birmingham Phoenix,R Powell,SR Hain,AF Milne,1,0,,,,,,,,,
1417798,2024,2024-07-31,"Trent Bridge, Nottingham",2,12.4,Trent Rockets,Birmingham Phoenix,SR Hain,R Powell,AF Milne,0,0,,,,,,,,,
1417798,2024,2024-07-31,"Trent Bridge, Nottingham",2,12.5,Trent Rockets,Birmingham Phoenix,SR Hain,R Powell,AF Milne,0,0,,,,,,,,,
1417798,2024,2024-07-31,"Trent Bridge, Nottingham",2,13.1,Trent Rockets,Birmingham Phoenix,SR Hain,R Powell,SA Abbott,0,0,,,,,,,,,
1417798,2024,2024-07-31,"Trent Bridge, Nottingham",2,13.2,Trent Rockets,Birmingham Phoenix,SR Hain,R Powell,SA Abbott,0,0,,,,,,,,,
1417798,2024,2024-07-31,"Trent Bridge, Nottingham",2,13.3,Trent Rockets,Birmingham Phoenix,SR Hain,R Powell,SA Abbott,0,1,,,,1,,,,,
1417798,2024,2024-07-31,"Trent Bridge, Nottingham",2,13.4,Trent Rockets,Birmingham Phoenix,R Powell,SR Hain,SA Abbott,4,0,,,,,,,,,
1417798,2024,2024-07-31,"Trent Bridge, Nottingham",2,13.5,Trent Rockets,Birmingham Phoenix,R Powell,SR Hain,SA Abbott,1,0,,,,,,,,,
1417798,2024,2024-07-31,"Trent Bridge, Nottingham",2,14.1,Trent Rockets,Birmingham Phoenix,R Powell,SR Hain,BAC Howell,0,0,,,,,,,,,
1417798,2024,2024-07-31,"Trent Bridge, Nottingham",2,14.2,Trent Rockets,Birmingham Phoenix,R Powell,SR Hain,BAC Howell,1,0,,,,,,,,,
1417798,2024,2024-07-31,"Trent Bridge, Nottingham",2,14.3,Trent Rockets,Birmingham Phoenix,SR Hain,R Powell,BAC Howell,1,0,,,,,,,,,
1417798,2024,2024-07-31,"Trent Bridge, Nottingham",2,14.4,Trent Rockets,Birmingham Phoenix,R Powell,SR Hain,BAC Howell,1,0,,,,,,,,,
1417798,2024,2024-07-31,"Trent Bridge, Nottingham",2,14.5,Trent Rockets,Birmingham Phoenix,SR Hain,R Powell,BAC Howell,1,0,,,,,,,,,
1417798,2024,2024-07-31,"Trent Bridge, Nottingham",2,15.1,Trent Rockets,Birmingham Phoenix,R Powell,SR Hain,TG Southee,1,0,,,,,,,,,
1417798,2024,2024-07-31,"Trent Bridge, Nottingham",2,15.2,Trent Rockets,Birmingham Phoenix,SR Hain,R Powell,TG Southee,1,0,,,,,,,,,
1417798,2024,2024-07-31,"Trent Bridge, Nottingham",2,15.3,Trent Rockets,Birmingham Phoenix,R Powell,SR Hain,TG Southee,1,0,,,,,,,,,
1417798,2024,2024-07-31,"Trent Bridge, Nottingham",2,15.4,Trent Rockets,Birmingham Phoenix,SR Hain,R Powell,TG Southee,1,0,,,,,,,,,
1417798,2024,2024-07-31,"Trent Bridge, Nottingham",2,15.5,Trent Rockets,Birmingham Phoenix,R Powell,SR Hain,TG Southee,0,4,,,,4,,,,,
1417798,2024,2024-07-31,"Trent Bridge, Nottingham",2,16.1,Trent Rockets,Birmingham Phoenix,SR Hain,R Powell,AF Milne,1,0,,,,,,,,,
1417798,2024,2024-07-31,"Trent Bridge, Nottingham",2,16.2,Trent Rockets,Birmingham Phoenix,R Powell,SR Hain,AF Milne,4,0,,,,,,,,,
1417798,2024,2024-07-31,"Trent Bridge, Nottingham",2,16.3,Trent Rockets,Birmingham Phoenix,R Powell,SR Hain,AF Milne,1,0,,,,,,,,,
1417798,2024,2024-07-31,"Trent Bridge, Nottingham",2,16.4,Trent Rockets,Birmingham Phoenix,SR Hain,R Powell,AF Milne,4,0,,,,,,,,,
1417798,2024,2024-07-31,"Trent Bridge, Nottingham",2,16.5,Trent Rockets,Birmingham Phoenix,SR Hain,R Powell,AF Milne,0,0,,,,,,,,,
1417798,2024,2024-07-31,"Trent Bridge, Nottingham",2,17.1,Trent Rockets,Birmingham Phoenix,SR Hain,R Powell,TG Southee,1,0,,,,,,,,,
1417798,2024,2024-07-31,"Trent Bridge, Nottingham",2,17.2,Trent Rockets,Birmingham Phoenix,R Powell,SR Hain,TG Southee,6,0,,,,,,,,,
1417798,2024,2024-07-31,"Trent Bridge, Nottingham",2,17.3,Trent Rockets,Birmingham Phoenix,R Powell,SR Hain,TG Southee,0,0,,,,,,caught,R Powell,,
1417798,2024,2024-07-31,"Trent Bridge, Nottingham",2,17.4,Trent Rockets,Birmingham Phoenix,L Gregory,SR Hain,TG Southee,0,0,,,,,,run out,SR Hain,,
1417798,2024,2024-07-31,"Trent Bridge, Nottingham",2,17.5,Trent Rockets,Birmingham Phoenix,Rashid Khan,L Gregory,TG Southee,4,0,,,,,,,,,
1417798,2024,2024-07-31,"Trent Bridge, Nottingham",2,18.1,Trent Rockets,Birmingham Phoenix,L Gregory,Rashid Khan,DR Mousley,0,0,,,,,,,,,
1417798,2024,2024-07-31,"Trent Bridge, Nottingham",2,18.2,Trent Rockets,Birmingham Phoenix,L Gregory,Rashid Khan,DR Mousley,0,0,,,,,,,,,
1417798,2024,2024-07-31,"Trent Bridge, Nottingham",2,18.3,Trent Rockets,Birmingham Phoenix,L Gregory,Rashid Khan,DR Mousley,0,0,,,,,,bowled,L Gregory,,
1417798,2024,2024-07-31,"Trent Bridge, Nottingham",2,18.4,Trent Rockets,Birmingham Phoenix,Imad Wasim,Rashid Khan,DR Mousley,1,0,,,,,,,,,
1417798,2024,2024-07-31,"Trent Bridge, Nottingham",2,18.5,Trent Rockets,Birmingham Phoenix,Rashid Khan,Imad Wasim,DR Mousley,1,0,,,,,,,,,
1417798,2024,2024-07-31,"Trent Bridge, Nottingham",2,19.1,Trent Rockets,Birmingham Phoenix,Imad Wasim,Rashid Khan,DR Mousley,0,0,,,,,,,,,
1417798,2024,2024-07-31,"Trent Bridge, Nottingham",2,19.2,Trent Rockets,Birmingham Phoenix,Imad Wasim,Rashid Khan,DR Mousley,1,0,,,,,,,,,
1417798,2024,2024-07-31,"Trent Bridge, Nottingham",2,19.3,Trent Rockets,Birmingham Phoenix,Rashid Khan,Imad Wasim,DR Mousley,0,0,,,,,,bowled,Rashid Khan,,
1417798,2024,2024-07-31,"Trent Bridge, Nottingham",2,19.4,Trent Rockets,Birmingham Phoenix,JA Thompson,Imad Wasim,DR Mousley,0,0,,,,,,caught,JA Thompson,,
1417798,2024,2024-07-31,"Trent Bridge, Nottingham",2,19.5,Trent Rockets,Birmingham Phoenix,L Wood,Imad Wasim,DR Mousley,0,0,,,,,,,,,
