match_id,season,start_date,venue,innings,ball,batting_team,bowling_team,striker,non_striker,bowler,runs_off_bat,extras,wides,noballs,byes,legbyes,penalty,wicket_type,player_dismissed,other_wicket_type,other_player_dismissed
1417790,2024,2024-07-23,"Kennington Oval, London",1,0.1,Birmingham Phoenix,Oval Invincibles,RK Patel,AHT Donald,Mohammad Amir,0,1,,,,1,,,,,
1417790,2024,2024-07-23,"Kennington Oval, London",1,0.2,Birmingham Phoenix,Oval Invincibles,AHT Donald,RK Patel,Mohammad Amir,1,0,,,,,,,,,
1417790,2024,2024-07-23,"Kennington Oval, London",1,0.3,Birmingham Phoenix,Oval Invincibles,RK Patel,AHT Donald,Mohammad Amir,0,0,,,,,,,,,
1417790,2024,2024-07-23,"Kennington Oval, London",1,0.4,Birmingham Phoenix,Oval Invincibles,RK Patel,AHT Donald,Mohammad Amir,2,0,,,,,,,,,
1417790,2024,2024-07-23,"Kennington Oval, London",1,0.5,Birmingham Phoenix,Oval Invincibles,RK Patel,AHT Donald,Mohammad Amir,1,0,,,,,,,,,
1417790,2024,2024-07-23,"Kennington Oval, London",1,1.1,Birmingham Phoenix,Oval Invincibles,AHT Donald,RK Patel,S Mahmood,0,0,,,,,,caught,AHT Donald,,
1417790,2024,2024-07-23,"Kennington Oval, London",1,1.2,Birmingham Phoenix,Oval Invincibles,LS Livingstone,RK Patel,S Mahmood,0,0,,,,,,,,,
1417790,2024,2024-07-23,"Kennington Oval, London",1,1.3,Birmingham Phoenix,Oval Invincibles,LS Livingstone,RK Patel,S Mahmood,0,0,,,,,,caught,LS Livingstone,,
1417790,2024,2024-07-23,"Kennington Oval, London",1,1.4,Birmingham Phoenix,Oval Invincibles,DR Mousley,RK Patel,S Mahmood,1,0,,,,,,,,,
1417790,2024,2024-07-23,"Kennington Oval, London",1,1.5,Birmingham Phoenix,Oval Invincibles,RK Patel,DR Mousley,S Mahmood,0,2,,2,,,,,,,
1417790,2024,2024-07-23,"Kennington Oval, London",1,1.6,Birmingham Phoenix,Oval Invincibles,RK Patel,DR Mousley,S Mahmood,0,0,,,,,,,,,
1417790,2024,2024-07-23,"Kennington Oval, London",1,2.1,Birmingham Phoenix,Oval Invincibles,DR Mousley,RK Patel,Mohammad Amir,0,0,,,,,,,,,
1417790,2024,2024-07-23,"Kennington Oval, London",1,2.2,Birmingham Phoenix,Oval Invincibles,DR Mousley,RK Patel,Mohammad Amir,0,0,,,,,,caught,DR Mousley,,
1417790,2024,2024-07-23,"Kennington Oval, London",1,2.3,Birmingham Phoenix,Oval Invincibles,MM Ali,RK Patel,Mohammad Amir,1,0,,,,,,,,,
1417790,2024,2024-07-23,"Kennington Oval, London",1,2.4,Birmingham Phoenix,Oval Invincibles,RK Patel,MM Ali,Mohammad Amir,0,1,,,,1,,,,,
1417790,2024,2024-07-23,"Kennington Oval, London",1,2.5,Birmingham Phoenix,Oval Invincibles,MM Ali,RK Patel,Mohammad Amir,0,0,,,,,,,,,
1417790,2024,2024-07-23,"Kennington Oval, London",1,3.1,Birmingham Phoenix,Oval Invincibles,MM Ali,RK Patel,Mohammad Amir,0,0,,,,,,,,,
1417790,2024,2024-07-23,"Kennington Oval, London",1,3.2,Birmingham Phoenix,Oval Invincibles,MM Ali,RK Patel,Mohammad Amir,0,0,,,,,,caught,MM Ali,,
1417790,2024,2024-07-23,"Kennington Oval, London",1,3.3,Birmingham Phoenix,Oval Invincibles,JG Bethell,RK Patel,Mohammad Amir,0,1,1,,,,,,,,
1417790,2024,2024-07-23,"Kennington Oval, London",1,3.4,Birmingham Phoenix,Oval Invincibles,JG Bethell,RK Patel,Mohammad Amir,0,0,,,,,,,,,
1417790,2024,2024-07-23,"Kennington Oval, London",1,3.5,Birmingham Phoenix,Oval Invincibles,JG Bethell,RK Patel,Mohammad Amir,1,0,,,,,,,,,
1417790,2024,2024-07-23,"Kennington Oval, London",1,3.6,Birmingham Phoenix,Oval Invincibles,RK Patel,JG Bethell,Mohammad Amir,0,0,,,,,,,,,
1417790,2024,2024-07-23,"Kennington Oval, London",1,4.1,Birmingham Phoenix,Oval Invincibles,JG Bethell,RK Patel,S Mahmood,0,0,,,,,,,,,
1417790,2024,2024-07-23,"Kennington Oval, London",1,4.2,Birmingham Phoenix,Oval Invincibles,JG Bethell,RK Patel,S Mahmood,0,0,,,,,,,,,
1417790,2024,2024-07-23,"Kennington Oval, London",1,4.3,Birmingham Phoenix,Oval Invincibles,JG Bethell,RK Patel,S Mahmood,0,0,,,,,,,,,
1417790,2024,2024-07-23,"Kennington Oval, London",1,4.4,Birmingham Phoenix,Oval Invincibles,JG Bethell,RK Patel,S Mahmood,0,1,1,,,,,,,,
1417790,2024,2024-07-23,"Kennington Oval, London",1,4.5,Birmingham Phoenix,Oval Invincibles,JG Bethell,RK Patel,S Mahmood,0,1,1,,,,,,,,
1417790,2024,2024-07-23,"Kennington Oval, London",1,4.6,Birmingham Phoenix,Oval Invincibles,JG Bethell,RK Patel,S Mahmood,4,0,,,,,,,,,
1417790,2024,2024-07-23,"Kennington Oval, London",1,4.7,Birmingham Phoenix,Oval Invincibles,JG Bethell,RK Patel,S Mahmood,0,0,,,,,,,,,
1417790,2024,2024-07-23,"Kennington Oval, London",1,5.1,Birmingham Phoenix,Oval Invincibles,JG Bethell,RK Patel,SM Curran,1,0,,,,,,,,,
1417790,2024,2024-07-23,"Kennington Oval, London",1,5.2,Birmingham Phoenix,Oval Invincibles,RK Patel,JG Bethell,SM Curran,1,0,,,,,,,,,
1417790,2024,2024-07-23,"Kennington Oval, London",1,5.3,Birmingham Phoenix,Oval Invincibles,JG Bethell,RK Patel,SM Curran,6,0,,,,,,,,,
1417790,2024,2024-07-23,"Kennington Oval, London",1,5.4,Birmingham Phoenix,Oval Invincibles,JG Bethell,RK Patel,SM Curran,0,0,,,,,,,,,
1417790,2024,2024-07-23,"Kennington Oval, London",1,5.5,Birmingham Phoenix,Oval Invincibles,JG Bethell,RK Patel,SM Curran,6,0,,,,,,,,,
1417790,2024,2024-07-23,"Kennington Oval, London",1,6.1,Birmingham Phoenix,Oval Invincibles,RK Patel,JG Bethell,A Zampa,0,0,,,,,,,,,
1417790,2024,2024-07-23,"Kennington Oval, London",1,6.2,Birmingham Phoenix,Oval Invincibles,RK Patel,JG Bethell,A Zampa,1,0,,,,,,,,,
1417790,2024,2024-07-23,"Kennington Oval, London",1,6.3,Birmingham Phoenix,Oval Invincibles,JG Bethell,RK Patel,A Zampa,0,0,,,,,,,,,
1417790,2024,2024-07-23,"Kennington Oval, London",1,6.4,Birmingham Phoenix,Oval Invincibles,JG Bethell,RK Patel,A Zampa,0,0,,,,,,,,,
1417790,2024,2024-07-23,"Kennington Oval, London",1,6.5,Birmingham Phoenix,Oval Invincibles,JG Bethell,RK Patel,A Zampa,1,0,,,,,,,,,
1417790,2024,2024-07-23,"Kennington Oval, London",1,7.1,Birmingham Phoenix,Oval Invincibles,RK Patel,JG Bethell,NA Sowter,1,0,,,,,,,,,
1417790,2024,2024-07-23,"Kennington Oval, London",1,7.2,Birmingham Phoenix,Oval Invincibles,JG Bethell,RK Patel,NA Sowter,1,0,,,,,,,,,
1417790,2024,2024-07-23,"Kennington Oval, London",1,7.3,Birmingham Phoenix,Oval Invincibles,RK Patel,JG Bethell,NA Sowter,6,0,,,,,,,,,
1417790,2024,2024-07-23,"Kennington Oval, London",1,7.4,Birmingham Phoenix,Oval Invincibles,RK Patel,JG Bethell,NA Sowter,1,0,,,,,,,,,
1417790,2024,2024-07-23,"Kennington Oval, London",1,7.5,Birmingham Phoenix,Oval Invincibles,JG Bethell,RK Patel,NA Sowter,1,0,,,,,,,,,
1417790,2024,2024-07-23,"Kennington Oval, London",1,8.1,Birmingham Phoenix,Oval Invincibles,JG Bethell,RK Patel,WG Jacks,0,0,,,,,,,,,
1417790,2024,2024-07-23,"Kennington Oval, London",1,8.2,Birmingham Phoenix,Oval Invincibles,JG Bethell,RK Patel,WG Jacks,1,0,,,,,,,,,
1417790,2024,2024-07-23,"Kennington Oval, London",1,8.3,Birmingham Phoenix,Oval Invincibles,RK Patel,JG Bethell,WG Jacks,1,0,,,,,,,,,
1417790,2024,2024-07-23,"Kennington Oval, London",1,8.4,Birmingham Phoenix,Oval Invincibles,JG Bethell,RK Patel,WG Jacks,0,1,1,,,,,,,,
1417790,2024,2024-07-23,"Kennington Oval, London",1,8.5,Birmingham Phoenix,Oval Invincibles,JG Bethell,RK Patel,WG Jacks,0,0,,,,,,,,,
1417790,2024,2024-07-23,"Kennington Oval, London",1,8.6,Birmingham Phoenix,Oval Invincibles,JG Bethell,RK Patel,WG Jacks,0,0,,,,,,caught,JG Bethell,,
1417790,2024,2024-07-23,"Kennington Oval, London",1,9.1,Birmingham Phoenix,Oval Invincibles,BAC Howell,RK Patel,A Zampa,1,0,,,,,,,,,
1417790,2024,2024-07-23,"Kennington Oval, London",1,9.2,Birmingham Phoenix,Oval Invincibles,RK Patel,BAC Howell,A Zampa,0,0,,,,,,,,,
1417790,2024,2024-07-23,"Kennington Oval, London",1,9.3,Birmingham Phoenix,Oval Invincibles,RK Patel,BAC Howell,A Zampa,1,0,,,,,,,,,
1417790,2024,2024-07-23,"Kennington Oval, London",1,9.4,Birmingham Phoenix,Oval Invincibles,BAC Howell,RK Patel,A Zampa,1,0,,,,,,,,,
1417790,2024,2024-07-23,"Kennington Oval, London",1,9.5,Birmingham Phoenix,Oval Invincibles,RK Patel,BAC Howell,A Zampa,2,0,,,,,,,,,
1417790,2024,2024-07-23,"Kennington Oval, London",1,10.1,Birmingham Phoenix,Oval Invincibles,BAC Howell,RK Patel,S Mahmood,0,0,,,,,,,,,
1417790,2024,2024-07-23,"Kennington Oval, London",1,10.2,Birmingham Phoenix,Oval Invincibles,BAC Howell,RK Patel,S Mahmood,6,0,,,,,,,,,
1417790,2024,2024-07-23,"Kennington Oval, London",1,10.3,Birmingham Phoenix,Oval Invincibles,BAC Howell,RK Patel,S Mahmood,4,0,,,,,,,,,
1417790,2024,2024-07-23,"Kennington Oval, London",1,10.4,Birmingham Phoenix,Oval Invincibles,BAC Howell,RK Patel,S Mahmood,0,0,,,,,,,,,
1417790,2024,2024-07-23,"Kennington Oval, London",1,10.5,Birmingham Phoenix,Oval Invincibles,BAC Howell,RK Patel,S Mahmood,6,0,,,,,,,,,
1417790,2024,2024-07-23,"Kennington Oval, London",1,11.1,Birmingham Phoenix,Oval Invincibles,BAC Howell,RK Patel,NA Sowter,0,0,,,,,,,,,
1417790,2024,2024-07-23,"Kennington Oval, London",1,11.2,Birmingham Phoenix,Oval Invincibles,BAC Howell,RK Patel,NA Sowter,1,0,,,,,,,,,
1417790,2024,2024-07-23,"Kennington Oval, London",1,11.3,Birmingham Phoenix,Oval Invincibles,RK Patel,BAC Howell,NA Sowter,1,0,,,,,,,,,
1417790,2024,2024-07-23,"Kennington Oval, London",1,11.4,Birmingham Phoenix,Oval Invincibles,BAC Howell,RK Patel,NA Sowter,1,0,,,,,,,,,
1417790,2024,2024-07-23,"Kennington Oval, London",1,11.5,Birmingham Phoenix,Oval Invincibles,RK Patel,BAC Howell,NA Sowter,1,0,,,,,,,,,
1417790,2024,2024-07-23,"Kennington Oval, London",1,12.1,Birmingham Phoenix,Oval Invincibles,RK Patel,BAC Howell,WG Jacks,1,0,,,,,,,,,
1417790,2024,2024-07-23,"Kennington Oval, London",1,12.2,Birmingham Phoenix,Oval Invincibles,BAC Howell,RK Patel,WG Jacks,0,0,,,,,,,,,
1417790,2024,2024-07-23,"Kennington Oval, London",1,12.3,Birmingham Phoenix,Oval Invincibles,BAC Howell,RK Patel,WG Jacks,4,0,,,,,,,,,
1417790,2024,2024-07-23,"Kennington Oval, London",1,12.4,Birmingham Phoenix,Oval Invincibles,BAC Howell,RK Patel,WG Jacks,0,0,,,,,,caught,BAC Howell,,
1417790,2024,2024-07-23,"Kennington Oval, London",1,12.5,Birmingham Phoenix,Oval Invincibles,SA Abbott,RK Patel,WG Jacks,0,0,,,,,,,,,
1417790,2024,2024-07-23,"Kennington Oval, London",1,13.1,Birmingham Phoenix,Oval Invincibles,SA Abbott,RK Patel,NA Sowter,0,0,,,,,,,,,
1417790,2024,2024-07-23,"Kennington Oval, London",1,13.2,Birmingham Phoenix,Oval Invincibles,SA Abbott,RK Patel,NA Sowter,1,0,,,,,,,,,
1417790,2024,2024-07-23,"Kennington Oval, London",1,13.3,Birmingham Phoenix,Oval Invincibles,RK Patel,SA Abbott,NA Sowter,1,0,,,,,,,,,
1417790,2024,2024-07-23,"Kennington Oval, London",1,13.4,Birmingham Phoenix,Oval Invincibles,SA Abbott,RK Patel,NA Sowter,1,0,,,,,,,,,
1417790,2024,2024-07-23,"Kennington Oval, London",1,13.5,Birmingham Phoenix,Oval Invincibles,RK Patel,SA Abbott,NA Sowter,4,0,,,,,,,,,
1417790,2024,2024-07-23,"Kennington Oval, London",1,14.1,Birmingham Phoenix,Oval Invincibles,SA Abbott,RK Patel,A Zampa,0,1,,,,1,,,,,
1417790,2024,2024-07-23,"Kennington Oval, London",1,14.2,Birmingham Phoenix,Oval Invincibles,RK Patel,SA Abbott,A Zampa,0,0,,,,,,stumped,RK Patel,,
1417790,2024,2024-07-23,"Kennington Oval, London",1,14.3,Birmingham Phoenix,Oval Invincibles,AF Milne,SA Abbott,A Zampa,0,0,,,,,,lbw,AF Milne,,
1417790,2024,2024-07-23,"Kennington Oval, London",1,14.4,Birmingham Phoenix,Oval Invincibles,TG Helm,SA Abbott,A Zampa,0,0,,,,,,,,,
1417790,2024,2024-07-23,"Kennington Oval, London",1,14.5,Birmingham Phoenix,Oval Invincibles,TG Helm,SA Abbott,A Zampa,1,0,,,,,,,,,
1417790,2024,2024-07-23,"Kennington Oval, London",1,15.1,Birmingham Phoenix,Oval Invincibles,SA Abbott,TG Helm,A Zampa,1,0,,,,,,,,,
1417790,2024,2024-07-23,"Kennington Oval, London",1,15.2,Birmingham Phoenix,Oval Invincibles,TG Helm,SA Abbott,A Zampa,0,0,,,,,,,,,
1417790,2024,2024-07-23,"Kennington Oval, London",1,15.3,Birmingham Phoenix,Oval Invincibles,TG Helm,SA Abbott,A Zampa,0,0,,,,,,lbw,TG Helm,,
1417790,2024,2024-07-23,"Kennington Oval, London",1,15.4,Birmingham Phoenix,Oval Invincibles,TG Southee,SA Abbott,A Zampa,1,0,,,,,,,,,
1417790,2024,2024-07-23,"Kennington Oval, London",1,15.5,Birmingham Phoenix,Oval Invincibles,SA Abbott,TG Southee,A Zampa,1,0,,,,,,,,,
1417790,2024,2024-07-23,"Kennington Oval, London",1,16.1,Birmingham Phoenix,Oval Invincibles,SA Abbott,TG Southee,NA Sowter,0,0,,,,,,bowled,SA Abbott,,
1417790,2024,2024-07-23,"Kennington Oval, London",2,0.1,Oval Invincibles,Birmingham Phoenix,WG Jacks,DJ Malan,AF Milne,2,0,,,,,,,,,
1417790,2024,2024-07-23,"Kennington Oval, London",2,0.2,Oval Invincibles,Birmingham Phoenix,WG Jacks,DJ Malan,AF Milne,0,0,,,,,,,,,
1417790,2024,2024-07-23,"Kennington Oval, London",2,0.3,Oval Invincibles,Birmingham Phoenix,WG Jacks,DJ Malan,AF Milne,0,0,,,,,,,,,
1417790,2024,2024-07-23,"Kennington Oval, London",2,0.4,Oval Invincibles,Birmingham Phoenix,WG Jacks,DJ Malan,AF Milne,4,0,,,,,,,,,
1417790,2024,2024-07-23,"Kennington Oval, London",2,0.5,Oval Invincibles,Birmingham Phoenix,WG Jacks,DJ Malan,AF Milne,0,0,,,,,,,,,
1417790,2024,2024-07-23,"Kennington Oval, London",2,1.1,Oval Invincibles,Birmingham Phoenix,WG Jacks,DJ Malan,TG Southee,0,0,,,,,,,,,
1417790,2024,2024-07-23,"Kennington Oval, London",2,1.2,Oval Invincibles,Birmingham Phoenix,WG Jacks,DJ Malan,TG Southee,0,0,,,,,,caught,WG Jacks,,
1417790,2024,2024-07-23,"Kennington Oval, London",2,1.3,Oval Invincibles,Birmingham Phoenix,TS Muyeye,DJ Malan,TG Southee,0,0,,,,,,,,,
1417790,2024,2024-07-23,"Kennington Oval, London",2,1.4,Oval Invincibles,Birmingham Phoenix,TS Muyeye,DJ Malan,TG Southee,4,0,,,,,,,,,
1417790,2024,2024-07-23,"Kennington Oval, London",2,1.5,Oval Invincibles,Birmingham Phoenix,TS Muyeye,DJ Malan,TG Southee,3,0,,,,,,,,,
1417790,2024,2024-07-23,"Kennington Oval, London",2,2.1,Oval Invincibles,Birmingham Phoenix,TS Muyeye,DJ Malan,AF Milne,0,2,,2,,,,,,,
1417790,2024,2024-07-23,"Kennington Oval, London",2,2.2,Oval Invincibles,Birmingham Phoenix,TS Muyeye,DJ Malan,AF Milne,4,0,,,,,,,,,
1417790,2024,2024-07-23,"Kennington Oval, London",2,2.3,Oval Invincibles,Birmingham Phoenix,TS Muyeye,DJ Malan,AF Milne,0,0,,,,,,,,,
1417790,2024,2024-07-23,"Kennington Oval, London",2,2.4,Oval Invincibles,Birmingham Phoenix,TS Muyeye,DJ Malan,AF Milne,4,0,,,,,,,,,
1417790,2024,2024-07-23,"Kennington Oval, London",2,2.5,Oval Invincibles,Birmingham Phoenix,TS Muyeye,DJ Malan,AF Milne,0,0,,,,,,,,,
1417790,2024,2024-07-23,"Kennington Oval, London",2,2.6,Oval Invincibles,Birmingham Phoenix,TS Muyeye,DJ Malan,AF Milne,4,0,,,,,,,,,
1417790,2024,2024-07-23,"Kennington Oval, London",2,3.1,Oval Invincibles,Birmingham Phoenix,TS Muyeye,DJ Malan,TG Southee,0,0,,,,,,,,,
1417790,2024,2024-07-23,"Kennington Oval, London",2,3.2,Oval Invincibles,Birmingham Phoenix,TS Muyeye,DJ Malan,TG Southee,2,0,,,,,,,,,
1417790,2024,2024-07-23,"Kennington Oval, London",2,3.3,Oval Invincibles,Birmingham Phoenix,TS Muyeye,DJ Malan,TG Southee,2,0,,,,,,,,,
1417790,2024,2024-07-23,"Kennington Oval, London",2,3.4,Oval Invincibles,Birmingham Phoenix,TS Muyeye,DJ Malan,TG Southee,0,0,,,,,,,,,
1417790,2024,2024-07-23,"Kennington Oval, London",2,3.5,Oval Invincibles,Birmingham Phoenix,TS Muyeye,DJ Malan,TG Southee,0,0,,,,,,caught,TS Muyeye,,
1417790,2024,2024-07-23,"Kennington Oval, London",2,4.1,Oval Invincibles,Birmingham Phoenix,DJ Malan,SW Billings,TG Southee,0,0,,,,,,,,,
1417790,2024,2024-07-23,"Kennington Oval, London",2,4.2,Oval Invincibles,Birmingham Phoenix,DJ Malan,SW Billings,TG Southee,0,0,,,,,,,,,
1417790,2024,2024-07-23,"Kennington Oval, London",2,4.3,Oval Invincibles,Birmingham Phoenix,DJ Malan,SW Billings,TG Southee,0,0,,,,,,,,,
1417790,2024,2024-07-23,"Kennington Oval, London",2,4.4,Oval Invincibles,Birmingham Phoenix,DJ Malan,SW Billings,TG Southee,4,0,,,,,,,,,
1417790,2024,2024-07-23,"Kennington Oval, London",2,4.5,Oval Invincibles,Birmingham Phoenix,DJ Malan,SW Billings,TG Southee,1,0,,,,,,,,,
1417790,2024,2024-07-23,"Kennington Oval, London",2,5.1,Oval Invincibles,Birmingham Phoenix,SW Billings,DJ Malan,TG Helm,0,0,,,,,,,,,
1417790,2024,2024-07-23,"Kennington Oval, London",2,5.2,Oval Invincibles,Birmingham Phoenix,SW Billings,DJ Malan,TG Helm,0,0,,,,,,,,,
1417790,2024,2024-07-23,"Kennington Oval, London",2,5.3,Oval Invincibles,Birmingham Phoenix,SW Billings,DJ Malan,TG Helm,0,0,,,,,,,,,
1417790,2024,2024-07-23,"Kennington Oval, London",2,5.4,Oval Invincibles,Birmingham Phoenix,SW Billings,DJ Malan,TG Helm,1,0,,,,,,,,,
1417790,2024,2024-07-23,"Kennington Oval, London",2,5.5,Oval Invincibles,Birmingham Phoenix,DJ Malan,SW Billings,TG Helm,1,0,,,,,,,,,
1417790,2024,2024-07-23,"Kennington Oval, London",2,6.1,Oval Invincibles,Birmingham Phoenix,DJ Malan,SW Billings,SA Abbott,0,0,,,,,,,,,
1417790,2024,2024-07-23,"Kennington Oval, London",2,6.2,Oval Invincibles,Birmingham Phoenix,DJ Malan,SW Billings,SA Abbott,0,0,,,,,,,,,
1417790,2024,2024-07-23,"Kennington Oval, London",2,6.3,Oval Invincibles,Birmingham Phoenix,DJ Malan,SW Billings,SA Abbott,1,0,,,,,,,,,
1417790,2024,2024-07-23,"Kennington Oval, London",2,6.4,Oval Invincibles,Birmingham Phoenix,SW Billings,DJ Malan,SA Abbott,0,1,,,,1,,,,,
1417790,2024,2024-07-23,"Kennington Oval, London",2,6.5,Oval Invincibles,Birmingham Phoenix,DJ Malan,SW Billings,SA Abbott,0,0,,,,,,,,,
1417790,2024,2024-07-23,"Kennington Oval, London",2,7.1,Oval Invincibles,Birmingham Phoenix,DJ Malan,SW Billings,SA Abbott,4,2,,2,,,,,,,
1417790,2024,2024-07-23,"Kennington Oval, London",2,7.2,Oval Invincibles,Birmingham Phoenix,DJ Malan,SW Billings,SA Abbott,0,1,,,,1,,,,,
1417790,2024,2024-07-23,"Kennington Oval, London",2,7.3,Oval Invincibles,Birmingham Phoenix,SW Billings,DJ Malan,SA Abbott,0,0,,,,,,,,,
1417790,2024,2024-07-23,"Kennington Oval, London",2,7.4,Oval Invincibles,Birmingham Phoenix,SW Billings,DJ Malan,SA Abbott,0,0,,,,,,,,,
1417790,2024,2024-07-23,"Kennington Oval, London",2,7.5,Oval Invincibles,Birmingham Phoenix,SW Billings,DJ Malan,SA Abbott,0,2,,,2,,,,,,
1417790,2024,2024-07-23,"Kennington Oval, London",2,7.6,Oval Invincibles,Birmingham Phoenix,SW Billings,DJ Malan,SA Abbott,1,0,,,,,,,,,
1417790,2024,2024-07-23,"Kennington Oval, London",2,8.1,Oval Invincibles,Birmingham Phoenix,SW Billings,DJ Malan,TG Helm,0,0,,,,,,,,,
1417790,2024,2024-07-23,"Kennington Oval, London",2,8.2,Oval Invincibles,Birmingham Phoenix,SW Billings,DJ Malan,TG Helm,4,0,,,,,,,,,
1417790,2024,2024-07-23,"Kennington Oval, London",2,8.3,Oval Invincibles,Birmingham Phoenix,SW Billings,DJ Malan,TG Helm,0,0,,,,,,,,,
1417790,2024,2024-07-23,"Kennington Oval, London",2,8.4,Oval Invincibles,Birmingham Phoenix,SW Billings,DJ Malan,TG Helm,0,0,,,,,,,,,
1417790,2024,2024-07-23,"Kennington Oval, London",2,8.5,Oval Invincibles,Birmingham Phoenix,SW Billings,DJ Malan,TG Helm,1,0,,,,,,,,,
1417790,2024,2024-07-23,"Kennington Oval, London",2,9.1,Oval Invincibles,Birmingham Phoenix,DJ Malan,SW Billings,AF Milne,0,0,,,,,,,,,
1417790,2024,2024-07-23,"Kennington Oval, London",2,9.2,Oval Invincibles,Birmingham Phoenix,DJ Malan,SW Billings,AF Milne,4,0,,,,,,,,,
1417790,2024,2024-07-23,"Kennington Oval, London",2,9.3,Oval Invincibles,Birmingham Phoenix,DJ Malan,SW Billings,AF Milne,4,0,,,,,,,,,
1417790,2024,2024-07-23,"Kennington Oval, London",2,9.4,Oval Invincibles,Birmingham Phoenix,DJ Malan,SW Billings,AF Milne,0,0,,,,,,,,,
1417790,2024,2024-07-23,"Kennington Oval, London",2,9.5,Oval Invincibles,Birmingham Phoenix,DJ Malan,SW Billings,AF Milne,1,0,,,,,,,,,
1417790,2024,2024-07-23,"Kennington Oval, London",2,10.1,Oval Invincibles,Birmingham Phoenix,DJ Malan,SW Billings,SA Abbott,0,0,,,,,,,,,
1417790,2024,2024-07-23,"Kennington Oval, London",2,10.2,Oval Invincibles,Birmingham Phoenix,DJ Malan,SW Billings,SA Abbott,1,0,,,,,,,,,
1417790,2024,2024-07-23,"Kennington Oval, London",2,10.3,Oval Invincibles,Birmingham Phoenix,SW Billings,DJ Malan,SA Abbott,0,0,,,,,,,,,
1417790,2024,2024-07-23,"Kennington Oval, London",2,10.4,Oval Invincibles,Birmingham Phoenix,SW Billings,DJ Malan,SA Abbott,1,0,,,,,,,,,
1417790,2024,2024-07-23,"Kennington Oval, London",2,10.5,Oval Invincibles,Birmingham Phoenix,DJ Malan,SW Billings,SA Abbott,1,0,,,,,,,,,
1417790,2024,2024-07-23,"Kennington Oval, London",2,11.1,Oval Invincibles,Birmingham Phoenix,SW Billings,DJ Malan,TG Helm,0,0,,,,,,,,,
1417790,2024,2024-07-23,"Kennington Oval, London",2,11.2,Oval Invincibles,Birmingham Phoenix,SW Billings,DJ Malan,TG Helm,4,0,,,,,,,,,
1417790,2024,2024-07-23,"Kennington Oval, London",2,11.3,Oval Invincibles,Birmingham Phoenix,SW Billings,DJ Malan,TG Helm,6,0,,,,,,,,,
1417790,2024,2024-07-23,"Kennington Oval, London",2,11.4,Oval Invincibles,Birmingham Phoenix,SW Billings,DJ Malan,TG Helm,4,0,,,,,,,,,
1417790,2024,2024-07-23,"Kennington Oval, London",2,11.5,Oval Invincibles,Birmingham Phoenix,SW Billings,DJ Malan,TG Helm,1,0,,,,,,,,,
1417790,2024,2024-07-23,"Kennington Oval, London",2,12.1,Oval Invincibles,Birmingham Phoenix,SW Billings,DJ Malan,TG Southee,2,0,,,,,,,,,
1417790,2024,2024-07-23,"Kennington Oval, London",2,12.2,Oval Invincibles,Birmingham Phoenix,SW Billings,DJ Malan,TG Southee,0,0,,,,,,,,,
1417790,2024,2024-07-23,"Kennington Oval, London",2,12.3,Oval Invincibles,Birmingham Phoenix,SW Billings,DJ Malan,TG Southee,0,0,,,,,,,,,
1417790,2024,2024-07-23,"Kennington Oval, London",2,12.4,Oval Invincibles,Birmingham Phoenix,SW Billings,DJ Malan,TG Southee,1,0,,,,,,,,,
1417790,2024,2024-07-23,"Kennington Oval, London",2,12.5,Oval Invincibles,Birmingham Phoenix,DJ Malan,SW Billings,TG Southee,1,0,,,,,,,,,
1417790,2024,2024-07-23,"Kennington Oval, London",2,13.1,Oval Invincibles,Birmingham Phoenix,SW Billings,DJ Malan,DR Mousley,1,0,,,,,,,,,
1417790,2024,2024-07-23,"Kennington Oval, London",2,13.2,Oval Invincibles,Birmingham Phoenix,DJ Malan,SW Billings,DR Mousley,0,1,1,,,,,,,,
1417790,2024,2024-07-23,"Kennington Oval, London",2,13.3,Oval Invincibles,Birmingham Phoenix,DJ Malan,SW Billings,DR Mousley,1,0,,,,,,,,,
1417790,2024,2024-07-23,"Kennington Oval, London",2,13.4,Oval Invincibles,Birmingham Phoenix,SW Billings,DJ Malan,DR Mousley,0,0,,,,,,,,,
1417790,2024,2024-07-23,"Kennington Oval, London",2,13.5,Oval Invincibles,Birmingham Phoenix,SW Billings,DJ Malan,DR Mousley,4,0,,,,,,,,,
